Num_Acc,date,an,mois,jour,hrmn,dep,com,lat,long,agg,int,col,lum,atm,catr,circ,nbv,prof,plan,lartpc,larrout,surf,infra,situ,grav,sexe,age,trajet,secuexist,equipement,obs,obsm,choc,manv,vehiculeid,typevehicules,manoeuvehicules,numVehicules
200500005766,2005-01-18,2005,janvier,mardi,16:45,92,92026,0,0,2,1,3,1,1,2,3,04,1,2,000,150,1,0,1,4,1,49,1,1,2,09,2,8,2,200500005766B01,18,2,1
200500005773,2005-01-18,2005,janvier,mardi,91:0,92,92036,0,0,2,3,6,2,2,3,3,04,1,1,040,180,2,0,1,4,2,35,1,1,2,00,0,4,15,200500005773B01,7,1,1
200500005797,2005-01-30,2005,janvier,dimanche,11:30,92,92048,0,0,2,6,2,1,2,4,-1,02,1,2,000,136,1,0,1,4,1,33,0,1,9,00,0,0,2,200500005797B01,7,9,1
200500005883,2005-01-19,2005,janvier,mercredi,74:0,93,93005,0,0,2,9,3,5,1,3,2,00,1,1,000,000,2,0,1,3,1,25,1,1,9,16,2,8,19,200500005883B01,7,15,1
200500005908,2005-01-24,2005,janvier,lundi,10:35,93,93029,0,0,2,3,6,1,1,4,2,02,1,1,000,120,1,0,1,4,2,40,1,1,9,00,2,1,1,200500005908B01,7,15,1
200500006013,2005-01-28,2005,janvier,vendredi,71:0,93,93070,0,0,2,1,3,2,2,3,2,02,1,1,000,000,1,0,1,3,1,32,1,1,9,00,2,1,21,200500006013B01,7,16,1
200500006074,2005-01-06,2005,janvier,jeudi,81:0,94,94028,0,0,2,2,3,5,1,2,2,02,1,1,000,120,1,0,1,4,1,28,5,1,9,00,2,1,16,200500006074B01,7,16,1
200500006082,2005-01-22,2005,janvier,samedi,18:45,94,94028,0,0,2,1,3,5,1,3,2,02,1,1,000,060,1,0,4,4,1,19,0,1,2,00,0,2,1,200500006082B01,7,0,1
200500006086,2005-01-02,2005,janvier,dimanche,12:30,94,94043,0,0,2,1,2,1,1,2,-1,02,-1,-1,000,080,-1,0,1,4,2,27,0,1,9,00,2,1,2,200500006086B01,7,2,1
200500006109,2005-01-11,2005,janvier,mardi,12:20,94,94034,0,0,2,1,3,1,1,4,2,02,-1,-1,000,000,1,0,1,4,1,17,0,1,9,00,0,0,1,200500006109B01,7,24,1
200500006133,2005-01-09,2005,janvier,dimanche,13:05,94,94068,0,0,2,1,6,1,1,4,1,01,2,1,000,060,1,0,1,3,2,74,5,1,2,00,2,1,2,200500006133B01,7,22,1
200500006139,2005-01-21,2005,janvier,vendredi,75:0,94,94068,0,0,2,1,1,5,1,4,2,02,2,1,000,061,2,0,1,3,1,17,2,1,2,00,2,1,1,200500006139B01,7,15,1
200500006228,2005-01-31,2005,janvier,lundi,18:40,95,95313,0,0,2,4,1,5,1,4,2,02,1,-1,000,060,1,0,1,4,1,19,5,1,9,00,2,1,15,200500006228A01,7,15,1
200500006233,2005-01-13,2005,janvier,jeudi,75:0,95,95051,0,0,2,2,3,2,1,4,1,01,1,1,000,050,1,0,1,4,2,23,2,1,2,00,2,8,1,200500006233B01,7,1,1
200500006511,2005-01-12,2005,janvier,mercredi,14:50,69,69123,0,0,2,2,7,1,1,4,2,02,1,1,000,160,1,0,1,1,1,52,5,1,9,00,0,0,1,200500006511B01,5,21,1
200500006599,2005-01-07,2005,janvier,vendredi,20:20,69,69387,0,0,2,1,6,5,1,4,1,02,1,1,000,060,1,4,4,4,1,38,0,1,2,00,2,1,1,200500006599B01,4,14,1
200500006718,2005-01-11,2005,janvier,mardi,16:10,92,92026,0,0,2,1,3,1,8,3,3,05,1,1,000,260,2,0,1,1,1,47,0,1,4,00,2,3,15,200500006718A01,2,1,1
200500006745,2005-01-04,2005,janvier,mardi,17:05,69,69383,0,0,2,1,3,2,1,4,2,04,1,1,000,000,1,0,1,4,2,20,5,1,9,00,2,1,1,200500006745B01,7,15,1
200500006747,2005-01-10,2005,janvier,lundi,23:05,69,69386,0,0,2,1,6,5,1,4,1,01,1,1,000,000,1,0,1,4,1,34,5,1,9,01,1,1,5,200500006747A01,7,15,1
200500006797,2005-02-22,2005,février,mardi,20:28,03,03310,0,0,2,3,3,5,1,4,2,02,1,1,000,000,5,0,1,4,2,59,0,1,9,00,2,0,0,200500006797B01,7,0,1
200500006820,2005-02-02,2005,février,mercredi,84:5,06,06123,0,0,2,1,2,1,1,2,3,04,1,1,000,000,1,0,1,3,1,23,1,1,2,00,2,8,1,200500006820B01,4,14,1
200500006827,2005-02-10,2005,février,jeudi,14:20,06,06027,0,0,2,1,2,1,1,2,2,04,1,1,000,000,1,0,1,3,2,43,1,1,9,00,2,4,13,200500006827B01,7,17,1
200500006886,2005-02-21,2005,février,lundi,63:0,06,06083,0,0,2,1,6,1,1,2,2,02,1,1,000,000,1,0,1,3,1,28,5,1,9,00,2,2,1,200500006886B01,7,4,1
200500006920,2005-02-12,2005,février,samedi,82:0,06,06088,0,0,2,4,1,1,1,2,3,07,1,1,030,100,1,0,1,3,1,69,5,1,9,00,2,1,15,200500006920A01,7,16,1
200500006965,2005-02-25,2005,février,vendredi,20:00,06,06088,0,0,2,1,3,5,1,4,3,04,1,-1,032,102,1,0,1,4,1,30,5,1,9,00,2,4,1,200500006965B01,4,1,1
200500006987,2005-02-22,2005,février,mardi,13:10,10,10081,0,0,2,1,3,1,1,4,2,03,1,1,000,117,1,0,1,3,1,48,5,1,9,00,0,1,1,200500006987B01,7,15,1
200500006998,2005-02-01,2005,février,mardi,22:05,13,13001,0,0,2,1,3,5,2,4,2,00,1,1,000,020,2,0,1,4,1,50,1,1,9,00,0,0,0,200500006998B01,7,17,1
200500007120,2005-02-11,2005,février,vendredi,10:00,13,13055,0,0,2,1,6,1,1,4,1,01,1,1,000,032,1,0,1,4,1,2005,0,0,0,14,0,0,0,200500007120A01,99,23,1
200500007157,2005-02-24,2005,février,jeudi,12:30,13,13055,0,0,2,4,3,1,1,4,1,03,2,1,000,070,1,2,1,3,1,2005,0,0,0,00,0,0,12,200500007157B01,7,0,1
200500007303,2005-02-08,2005,février,mardi,14:00,17,17300,0,0,2,1,2,1,1,4,2,02,1,1,000,070,1,0,1,4,2,18,5,1,4,00,2,4,1,200500007303B01,7,1,1
200500007305,2005-02-11,2005,février,vendredi,73:5,17,17300,0,0,2,3,3,2,2,4,2,02,1,1,000,060,2,5,1,4,1,21,0,1,9,00,2,7,1,200500007305B01,7,9,1
200500007308,2005-02-16,2005,février,mercredi,15:10,17,17300,0,0,2,1,2,1,1,4,2,02,1,1,000,060,1,0,1,4,1,56,5,1,2,00,2,4,1,200500007308B01,7,1,1
200500007311,2005-02-16,2005,février,mercredi,95:9,17,17300,0,0,2,1,6,1,1,4,2,04,1,1,020,140,1,5,4,4,1,66,9,1,2,08,0,1,1,200500007311A01,,,
200500007313,2005-02-18,2005,février,vendredi,17:20,17,17291,0,0,2,1,3,2,1,6,-1,00,1,1,000,030,1,0,1,4,1,16,5,1,9,00,2,1,1,200500007313B01,7,1,1
200500007318,2005-02-28,2005,février,lundi,14:45,17,17300,0,0,2,2,3,1,1,4,1,01,1,1,000,050,1,0,1,3,1,34,5,1,2,00,2,1,1,200500007318B01,7,19,1
200500007338,2005-02-22,2005,février,mardi,93:0,18,18050,0,0,2,3,3,1,8,4,2,02,1,1,000,060,2,0,1,3,2,34,4,1,9,00,2,1,1,200500007338B01,7,9,1
200500007350,2005-02-25,2005,février,vendredi,15:30,19,19031,0,0,2,1,6,1,1,4,2,02,1,1,000,118,1,0,1,4,1,75,0,1,9,01,0,1,1,200500007350B01,7,22,1
200500007353,2005-02-10,2005,février,jeudi,75:0,21,21054,0,0,2,1,6,1,1,2,2,02,1,1,000,080,1,0,1,3,1,39,1,1,2,01,0,1,2,200500007353B01,7,22,1
200500007371,2005-02-23,2005,février,mercredi,85:2,21,21166,0,0,2,2,3,1,1,3,3,06,1,1,090,130,1,5,1,4,1,35,1,1,9,00,2,4,11,200500007371A01,7,1,1
200500007439,2005-02-16,2005,février,mercredi,14:10,26,26281,0,0,2,3,3,1,1,4,1,01,1,1,000,030,1,0,1,4,1,25,5,1,2,00,2,1,5,200500007439A01,7,23,1
200500007445,2005-02-03,2005,février,jeudi,17:05,26,26058,0,0,2,2,3,1,1,4,2,02,2,1,000,112,1,0,1,3,1,68,5,1,9,00,2,1,2,200500007445B01,7,15,1
200500007470,2005-02-20,2005,février,dimanche,17:50,27,27528,0,0,2,2,3,5,2,2,2,02,1,1,000,055,2,0,1,3,1,13,5,1,2,00,2,3,1,200500007470B01,7,2,1
200500007502,2005-02-11,2005,février,vendredi,83:5,29,29019,0,0,2,1,6,2,2,9,1,00,1,1,000,000,2,0,1,4,1,12,0,1,9,00,2,1,9,200500007502A01,7,1,1
200500007517,2005-02-10,2005,février,jeudi,18:05,30,30032,0,0,2,2,3,5,1,4,1,01,1,1,000,040,1,0,1,3,1,14,5,1,4,00,2,1,19,200500007517B01,7,19,1
200500007524,2005-02-04,2005,février,vendredi,93:1,30,30189,0,0,2,3,3,1,1,4,2,00,1,1,000,000,1,0,1,4,1,36,5,1,2,00,2,1,2,200500007524B01,7,15,1
200500007555,2005-02-26,2005,février,samedi,17:27,30,30189,0,0,2,3,1,1,1,4,3,02,1,1,000,070,1,0,1,4,2,16,0,1,2,00,2,1,2,200500007555A01,7,2,1
200500007594,2005-02-11,2005,février,vendredi,10:10,31,31555,0,0,2,1,7,1,1,4,2,01,1,1,060,070,1,0,5,4,1,61,5,1,9,00,0,0,1,200500007594A01,,,
200500007604,2005-02-15,2005,février,mardi,15:32,31,31555,0,0,2,3,3,1,4,4,2,04,1,1,000,110,2,0,1,4,1,47,5,1,9,00,2,1,1,200500007604A01,7,15,1
200500007630,2005-02-28,2005,février,lundi,15:45,31,31555,0,0,2,1,3,1,1,4,2,03,1,1,000,080,1,0,1,4,1,22,2,1,9,00,2,1,1,200500007630B01,7,5,1
200500007643,2005-02-21,2005,février,lundi,17:32,33,33009,0,0,2,1,6,1,1,4,1,01,1,3,000,035,1,0,1,1,2,13,5,1,9,00,1,1,2,200500007643A01,,,
200500007645,2005-02-01,2005,février,mardi,21:40,33,33063,0,0,2,1,3,5,2,4,1,10,1,1,000,030,2,0,1,4,2,45,0,1,2,01,0,0,0,200500007645B01,3,23,1
200500007677,2005-02-12,2005,février,samedi,16:10,33,33063,0,0,2,2,5,1,3,4,2,02,1,1,000,000,2,0,1,4,1,63,5,1,2,00,2,1,1,200500007677B01,7,1,1
200500007677,2005-02-12,2005,février,samedi,16:10,33,33063,0,0,2,2,5,1,3,4,2,02,1,1,000,000,2,0,1,1,1,34,9,1,2,00,2,1,1,200500007677C01,7,1,1
200500007680,2005-02-15,2005,février,mardi,17:00,33,33063,0,0,2,1,3,1,1,4,3,02,1,1,000,000,1,0,1,4,1,27,0,1,2,00,2,1,19,200500007680A01,7,1,1
200500007682,2005-02-15,2005,février,mardi,20:00,33,33063,0,0,2,2,3,5,2,4,1,02,1,1,000,065,2,0,1,4,2,49,0,1,2,00,2,2,1,200500007682A01,10,16,1
200500007724,2005-02-09,2005,février,mercredi,75:4,34,34172,0,0,2,2,3,1,1,4,2,03,1,1,000,102,1,0,1,4,2,22,2,1,9,00,2,1,1,200500007724B01,7,15,1
200500007743,2005-02-18,2005,février,vendredi,12:20,34,34172,0,0,2,1,6,1,1,4,1,03,1,1,000,100,1,0,1,4,1,15,5,1,9,00,2,7,19,200500007743A01,7,1,1
200500007802,2005-02-08,2005,février,mardi,17:20,35,35288,0,0,2,1,3,1,1,4,2,02,1,1,000,000,1,0,1,4,2,55,0,1,9,00,2,8,2,200500007802B01,7,15,1
200500007821,2005-02-04,2005,février,vendredi,18:55,37,37261,0,0,2,3,1,5,1,4,1,02,1,1,000,040,1,0,0,3,1,14,5,1,9,00,2,1,1,200500007821B01,7,15,1
200500007837,2005-02-10,2005,février,jeudi,10:50,38,38516,0,0,2,1,3,1,1,4,2,02,1,2,000,080,1,0,5,4,2,48,5,1,9,00,2,1,1,200500007837B01,7,16,1
200500007846,2005-02-18,2005,février,vendredi,17:30,38,38185,0,0,2,1,3,1,1,4,2,03,1,1,000,084,1,0,1,3,1,29,5,1,9,00,2,3,15,200500007846A01,7,1,1
200500007879,2005-02-05,2005,février,samedi,17:15,42,42099,0,0,2,3,3,2,1,4,2,00,1,1,000,058,2,0,1,4,1,15,5,1,2,01,0,1,0,200500007879A01,7,0,1
200500007924,2005-02-26,2005,février,samedi,15:15,42,42218,0,0,2,1,6,1,1,3,2,02,2,2,000,060,1,0,1,4,1,65,5,1,2,00,2,3,1,200500007924C01,7,17/1,2
200500007937,2005-02-01,2005,février,mardi,12:00,44,44109,0,0,2,4,6,1,2,4,2,02,1,1,000,083,2,0,1,3,1,41,9,1,9,00,2,0,15,200500007937A01,7,15,1
200500007951,2005-02-08,2005,février,mardi,14:54,44,44109,0,0,2,1,3,1,1,4,1,02,1,-1,000,030,1,0,1,3,2,22,1,1,9,01,0,1,1,200500007951B01,7,22,1
200500007954,2005-02-11,2005,février,vendredi,71:5,44,44109,0,0,2,2,6,2,3,4,2,02,1,1,000,640,2,0,1,3,1,20,1,1,9,00,2,1,15,200500007954B01,2,1,1
200500008006,2005-02-19,2005,février,samedi,16:40,45,45234,0,0,2,2,3,1,1,4,-1,02,1,1,000,060,1,0,1,4,1,10,5,1,9,00,2,1,12,200500008006A01,7,1,1
200500008030,2005-02-01,2005,février,mardi,14:08,49,49007,0,0,2,1,7,1,8,4,1,01,1,1,000,043,1,0,4,4,1,17,5,1,9,09,0,0,1,200500008030A01,,,
200500008040,2005-02-08,2005,février,mardi,15:05,49,49007,0,0,2,2,3,1,1,4,1,02,1,1,000,070,1,0,1,4,1,57,5,1,9,00,1,1,17,200500008040B01,7,1,1
200500008045,2005-02-10,2005,février,jeudi,16:21,49,49007,0,0,2,1,3,1,1,4,1,01,1,1,000,055,1,0,1,4,1,14,5,1,9,00,2,7,1,200500008045B01,7,1,1
200500008050,2005-02-17,2005,février,jeudi,12:01,49,49007,0,0,2,1,7,1,1,4,2,02,1,1,000,077,1,0,1,4,1,17,5,1,9,00,0,0,1,200500008050A01,,,
200500008082,2005-02-03,2005,février,jeudi,13:55,50,50129,0,0,2,1,7,1,1,4,1,01,1,1,000,000,1,0,1,1,1,13,2,1,2,00,1,0,1,200500008082A01,,,
200500008088,2005-02-12,2005,février,samedi,22:35,50,50602,0,0,2,1,2,5,1,4,2,02,1,1,000,068,1,0,1,4,1,22,5,1,2,00,2,4,13,200500008088A01,2,17,1
200500008118,2005-02-08,2005,février,mardi,13:05,52,52534,0,0,2,3,3,1,1,4,2,02,1,2,000,000,1,0,1,4,2,68,5,1,9,00,2,7,9,200500008118B01,14,15,1
200500008126,2005-02-03,2005,février,jeudi,14:20,54,54273,0,0,2,2,3,1,1,2,2,02,1,1,000,950,1,0,1,3,1,37,5,1,2,00,0,3,21,200500008126B01,7,15,1
200500008136,2005-02-06,2005,février,dimanche,13:15,54,54395,0,0,2,2,2,1,1,4,1,02,1,1,000,000,1,0,1,3,1,29,5,1,9,00,2,1,2,200500008136A01,7,23,1
200500008197,2005-02-23,2005,février,mercredi,17:02,56,56083,0,0,2,1,3,1,1,9,2,02,1,1,000,118,1,0,1,4,1,45,9,1,9,00,2,1,1,200500008197B01,7,15,1
200500008246,2005-02-10,2005,février,jeudi,16:35,58,58194,0,0,2,1,7,1,1,4,1,02,1,1,000,000,1,0,1,3,1,2005,5,1,9,00,0,0,2,200500008246A01,,,
200500008249,2005-02-18,2005,février,vendredi,22:35,58,58194,0,0,2,1,1,5,1,4,1,01,1,3,000,003,1,0,1,4,1,29,5,1,9,00,2,1,5,200500008249A01,7,1,1
200500008254,2005-02-28,2005,février,lundi,11:50,58,58194,0,0,2,3,3,1,1,4,1,01,2,1,000,054,1,0,1,4,1,48,5,1,2,00,2,1,1,200500008254B01,7,1,1
200500008267,2005-02-10,2005,février,jeudi,11:55,59,59248,0,0,2,1,3,1,8,4,1,01,1,1,000,050,2,0,1,3,1,7,5,0,0,00,2,1,19,200500008267A01,7,16,1
200500008307,2005-02-15,2005,février,mardi,80:5,59,59648,0,0,2,1,6,1,8,4,2,00,1,1,000,054,2,0,1,3,1,29,5,1,9,00,2,8,2,200500008307B01,7,17,1
200500008311,2005-02-16,2005,février,mercredi,80:0,59,59009,0,0,2,2,6,1,1,4,2,02,1,1,000,061,1,0,1,3,2,26,1,1,4,00,2,1,1,200500008311B01,7,1,1
200500008316,2005-02-18,2005,février,vendredi,20:25,59,59585,0,0,2,1,6,5,2,4,1,02,1,3,000,720,2,5,1,3,1,25,5,1,9,00,2,1,19,200500008316A01,7,1,1
200500008320,2005-02-21,2005,février,lundi,18:00,59,59350,0,0,2,3,2,1,1,4,1,03,1,3,000,120,1,0,1,3,1,39,5,0,0,00,2,4,1,200500008320B01,7,1,1
200500008334,2005-02-03,2005,février,jeudi,80:0,59,59512,0,0,2,1,3,1,1,4,2,02,1,1,000,090,-1,0,1,4,1,19,0,1,9,00,2,0,2,200500008334B01,7,15,1
200500008356,2005-02-21,2005,février,lundi,17:00,59,59508,0,0,2,1,2,1,2,2,2,01,1,1,030,104,2,0,1,3,1,17,9,1,2,00,2,1,21,200500008356B01,18,23,1
200500008367,2005-02-28,2005,février,lundi,94:0,59,59160,0,0,2,3,3,1,1,4,2,02,1,1,000,082,1,0,1,3,2,23,4,1,9,00,2,7,1,200500008367B01,17,16,1
200500008385,2005-02-01,2005,février,mardi,16:50,62,62570,0,0,2,1,3,1,1,4,2,02,2,1,000,065,2,5,1,4,2,69,5,1,4,00,0,0,2,200500008385B01,7,16,1
200500008388,2005-02-23,2005,février,mercredi,12:10,62,62108,0,0,2,1,3,1,1,4,2,02,1,1,000,079,1,0,1,3,2,14,0,1,9,00,2,1,13,200500008388B01,18,17,1
200500008391,2005-02-12,2005,février,samedi,62:0,62,62836,0,0,2,1,2,5,3,2,3,02,-1,1,015,107,2,0,1,3,1,43,5,1,4,00,2,4,2,200500008391B01,7,2,1
200500008433,2005-02-07,2005,février,lundi,81:5,63,63113,0,0,2,1,5,1,1,4,2,02,1,1,000,112,1,0,1,4,1,44,1,1,9,00,2,2,1,200500008433B01,7,24/23,2
200500008441,2005-02-14,2005,février,lundi,13:50,63,63113,0,0,2,3,6,1,1,4,2,02,1,1,000,070,2,0,4,4,2,19,2,1,9,00,2,1,1,200500008441A01,7,1,1
200500008458,2005-02-28,2005,février,lundi,83:5,63,63113,0,0,2,3,3,1,1,4,2,04,4,1,000,130,1,0,1,4,1,32,9,1,9,00,2,8,1,200500008458B01,7,15,1
200500008480,2005-02-24,2005,février,jeudi,17:27,64,64024,0,0,2,6,6,1,1,3,1,01,1,2,000,063,1,0,1,3,1,71,5,1,2,00,2,0,1,200500008480B01,7,16,1
200500008495,2005-02-02,2005,février,mercredi,90:0,64,64129,0,0,2,1,6,1,1,4,2,02,1,1,000,102,1,0,1,4,2,49,1,1,2,00,2,7,1,200500008495B01,7,22,1
200500008506,2005-02-23,2005,février,mercredi,16:55,64,64445,0,0,2,1,3,1,1,4,2,02,1,1,000,065,1,0,1,3,1,77,5,1,9,00,2,1,1,200500008506B01,7,9,1
200500008538,2005-02-18,2005,février,vendredi,91:5,67,67462,0,0,2,1,2,1,1,9,3,01,1,1,020,077,1,0,1,3,2,55,3,1,2,00,2,4,2,200500008538B01,7,2,1
200500008541,2005-02-01,2005,février,mardi,14:05,67,67482,0,0,2,1,6,1,1,6,1,02,1,1,000,100,1,0,4,1,1,23,5,1,9,00,1,1,2,200500008541A01,,,
200500008559,2005-02-10,2005,février,jeudi,17:55,67,67482,0,0,2,1,5,5,2,4,2,02,-1,-1,000,100,2,0,1,4,2,32,1,1,9,00,2,3,19,200500008559B01,7,1/23,2
200500008567,2005-02-16,2005,février,mercredi,18:50,67,67482,0,0,2,3,3,5,2,4,2,04,1,1,000,152,2,5,1,4,2,54,1,1,4,00,2,3,19,200500008567A01,7,15,1
200500008583,2005-02-20,2005,février,dimanche,20:30,68,68224,0,0,2,1,3,5,4,4,2,02,1,1,000,090,5,0,1,3,1,43,5,1,9,00,2,1,1,200500008583B01,7,13,1
200500008598,2005-02-06,2005,février,dimanche,15:10,69,69266,0,0,2,3,3,1,1,4,1,01,1,1,000,046,1,0,1,4,1,8,5,1,9,00,2,1,19,200500008598B01,7,1,1
200500008640,2005-02-03,2005,février,jeudi,18:45,72,72181,0,0,2,1,6,5,1,3,2,04,1,1,030,120,1,0,4,4,1,37,5,1,9,14,0,1,1,200500008640A01,,,
200500008644,2005-02-08,2005,février,mardi,70:0,72,72181,0,0,2,1,3,5,1,9,1,01,1,1,000,070,1,0,1,4,1,25,1,1,9,00,0,7,1,200500008644B01,7,1,1
200500008655,2005-02-23,2005,février,mercredi,81:5,72,72181,0,0,2,3,3,1,1,9,2,02,1,1,015,070,1,0,1,4,1,53,9,1,9,00,2,7,1,200500008655A01,7,15,1
200500008663,2005-02-04,2005,février,vendredi,91:5,74,74093,0,0,2,3,3,1,1,4,2,02,1,1,000,100,1,0,5,4,1,86,3,1,9,00,0,1,2,200500008663B01,7,9,1
200500008664,2005-02-08,2005,février,mardi,80:0,74,74010,0,0,2,2,3,1,1,4,3,02,1,1,090,020,1,0,0,4,1,45,1,1,9,00,0,1,2,200500008664B01,7,13,1
200500008675,2005-02-21,2005,février,lundi,64:5,74,74281,0,0,2,2,3,2,1,2,2,02,2,1,000,100,1,0,1,3,1,34,1,1,4,00,2,1,1,200500008675B01,7,15,1
200500008678,2005-02-01,2005,février,mardi,11:45,75,75016,0,0,2,1,7,1,1,4,1,01,1,1,000,030,1,0,1,3,1,67,5,0,0,00,0,0,1,200500008678A01,,,
200500008679,2005-02-01,2005,février,mardi,16:35,75,75017,0,0,2,1,3,1,1,4,2,02,1,1,000,060,1,0,1,4,1,28,4,1,2,00,2,1,17,200500008679B01,7,9,1
200500008693,2005-02-01,2005,février,mardi,21:22,75,75014,0,0,2,3,5,5,1,4,2,02,1,1,000,060,1,0,1,4,1,47,5,0,0,00,2,3,11,200500008693A01,10/ 7,1,2
200500008719,2005-02-01,2005,février,mardi,65:2,75,75012,0,0,2,2,3,5,2,4,2,04,1,1,000,120,2,0,1,4,2,30,4,1,2,00,1,1,1,200500008719B01,18,15,1
200500008765,2005-02-05,2005,février,samedi,11:20,75,75012,0,0,2,1,1,1,1,4,1,01,1,1,000,030,1,0,1,4,1,27,5,0,0,00,2,1,5,200500008765A01,7,9,1
200500008794,2005-02-07,2005,février,lundi,16:45,75,75014,0,0,2,5,3,1,1,4,1,03,1,1,000,090,1,0,1,4,1,30,5,0,0,00,2,2,16,200500008794A01,7,1,1
200500008797,2005-02-12,2005,février,samedi,10:10,75,75012,0,0,2,2,5,1,1,4,2,02,1,1,000,060,1,0,1,3,1,52,5,0,0,00,2,1,1,200500008797C01,7,15/16,2
200500008799,2005-02-08,2005,février,mardi,15:10,75,75012,0,0,2,3,3,1,1,4,2,02,1,1,000,060,1,0,1,4,1,39,1,0,0,00,2,1,1,200500008799B01,10,16,1
200500008817,2005-02-07,2005,février,lundi,95:0,75,75001,0,0,2,3,3,1,1,4,1,02,1,1,000,060,1,0,1,4,2,28,4,1,2,00,2,1,1,200500008817B01,5,1,1
200500008835,2005-02-05,2005,février,samedi,18:55,75,75005,0,0,2,3,3,5,1,4,2,04,1,1,000,120,1,0,1,4,1,34,5,1,2,00,2,1,1,200500008835B01,7,15,1
200500008875,2005-02-10,2005,février,jeudi,15:00,75,75016,0,0,2,1,2,1,1,4,2,04,1,1,000,120,1,0,1,4,1,64,5,1,2,00,2,1,1,200500008875A01,1,1,1
200500008875,2005-02-10,2005,février,jeudi,15:00,75,75016,0,0,2,1,2,1,1,4,2,04,1,1,000,120,1,0,1,4,1,54,5,0,0,00,2,4,1,200500008875B01,1,1,1
200500008935,2005-02-13,2005,février,dimanche,37:,75,75018,0,0,2,2,3,5,6,4,2,04,1,1,000,120,1,0,1,4,1,33,1,1,2,00,2,3,7,200500008935B01,7,16,1
200500008941,2005-02-14,2005,février,lundi,15:05,75,75007,0,0,2,1,3,1,1,4,2,04,1,1,000,120,1,0,1,4,2,22,5,1,2,00,2,2,1,200500008941A01,7,9,1
200500008961,2005-02-11,2005,février,vendredi,12:20,75,75005,0,0,2,3,3,1,1,4,1,02,1,1,000,060,2,0,1,4,2,28,9,1,2,00,2,3,1,200500008961A01,4,1,1
200500009093,2005-02-28,2005,février,lundi,19:15,75,75003,0,0,2,2,6,5,1,4,1,02,1,1,000,060,1,0,1,4,2,33,1,0,0,00,2,2,15,200500009093B01,7,0,1
200500009123,2005-02-24,2005,février,jeudi,18:40,75,75004,0,0,2,2,6,5,2,4,1,03,1,1,000,090,2,0,1,4,1,56,5,1,2,00,1,1,7,200500009123A01,,,
200500009130,2005-02-25,2005,février,vendredi,23:20,75,75002,0,0,2,3,3,5,1,4,1,02,1,1,000,060,1,0,1,4,2,36,5,0,0,00,2,6,1,200500009130B01,7,1,1
200500009132,2005-02-25,2005,février,vendredi,85:0,75,75011,0,0,2,1,3,1,1,4,2,04,1,1,000,120,1,0,1,4,1,34,4,1,2,00,2,2,1,200500009132B01,10,9,1
200500009161,2005-02-28,2005,février,lundi,17:15,75,75011,0,0,2,7,2,1,1,4,1,03,1,1,000,090,1,0,1,4,2,40,5,0,0,00,2,4,1,200500009161B01,7,15,1
200500009212,2005-02-07,2005,février,lundi,71:0,77,77268,0,0,2,1,2,3,8,3,2,01,1,1,000,060,1,0,1,4,1,50,1,1,9,00,2,8,2,200500009212B01,7,2,1
200500009264,2005-02-07,2005,février,lundi,19:05,77,77337,0,0,2,2,1,5,1,4,2,03,1,1,000,120,1,5,1,3,1,16,5,1,9,00,2,1,19,200500009264B01,7,15,1
200500009307,2005-02-12,2005,février,samedi,18:30,78,78238,0,0,2,2,3,2,1,3,2,02,1,1,000,070,1,0,1,4,1,12,5,1,2,00,2,1,19,200500009307A01,7,1,1
200500009333,2005-02-16,2005,février,mercredi,82:5,78,78481,0,0,2,1,3,2,1,4,2,02,1,1,000,060,1,0,1,4,1,25,0,1,2,00,2,1,17,200500009333B01,7,10,1
200500009339,2005-02-24,2005,février,jeudi,17:00,78,78586,0,0,2,1,3,1,4,4,2,02,1,1,000,080,5,0,1,3,1,64,5,1,9,00,2,1,1,200500009339B01,7,15,1
200500009362,2005-02-12,2005,février,samedi,16:45,80,80021,0,0,2,1,1,1,6,4,2,02,2,1,000,078,1,0,1,4,1,40,5,1,4,00,2,3,1,200500009362B01,7,1,1
200500009377,2005-02-09,2005,février,mercredi,14:10,81,81065,0,0,2,6,3,1,1,4,1,01,1,2,000,090,1,0,1,3,1,69,5,1,2,00,2,7,16,200500009377B01,7,16,1
200500009431,2005-02-16,2005,février,mercredi,14:00,83,83090,0,0,2,3,2,1,1,2,2,02,2,1,000,070,1,0,1,3,1,44,5,1,2,00,2,1,1,200500009431B01,7,15,1
200500009448,2005-02-03,2005,février,jeudi,75:0,84,84007,0,0,2,1,3,1,6,2,2,05,1,1,000,120,1,0,5,4,1,19,1,1,9,00,2,1,1,200500009448B01,7,15,1
200500009451,2005-02-09,2005,février,mercredi,80:5,84,84007,0,0,2,5,3,2,1,3,2,04,1,1,025,140,1,5,1,4,1,44,1,1,9,00,2,7,1,200500009451B01,7,1,1
200500009469,2005-02-28,2005,février,lundi,15:00,85,85194,0,0,2,1,2,1,1,4,2,00,1,1,000,000,1,0,1,4,2,58,5,1,9,00,2,1,1,200500009469A01,7,1,1
200500009517,2005-02-24,2005,février,jeudi,18:45,87,87085,0,0,2,2,3,2,1,4,2,02,1,1,000,059,1,0,1,4,1,20,5,1,9,07,2,7,1,200500009517B01,7,1,1