Num_Acc,date,an,mois,jour,hrmn,dep,com,lat,long,agg,int,col,lum,atm,catr,circ,nbv,prof,plan,lartpc,larrout,surf,infra,situ,grav,sexe,age,trajet,secuexist,equipement,obs,obsm,choc,manv,vehiculeid,typevehicules,manoeuvehicules,numVehicules
200500009536,2005-02-23,2005,février,mercredi,14:05,89,89387,0,0,2,2,3,1,1,4,2,02,1,1,000,091,1,0,1,3,1,55,0,1,9,00,2,1,1,200500009536B01,7,1,1
200500009546,2005-02-24,2005,février,jeudi,16:35,90,90010,0,0,2,2,2,1,1,4,2,03,1,1,000,000,1,0,1,4,1,26,5,1,9,00,2,1,1,200500009546B01,7,16,1
200500009568,2005-02-18,2005,février,vendredi,74:0,91,91201,0,0,2,3,1,2,1,4,2,00,1,1,000,000,1,0,1,1,1,44,1,1,9,00,2,0,15,200500009568B01,7,2,1
200500009568,2005-02-18,2005,février,vendredi,74:0,91,91201,0,0,2,3,1,2,1,4,2,00,1,1,000,000,1,0,1,4,2,15,0,1,2,00,2,0,15,200500009568B01,7,2,1
200500009587,2005-02-07,2005,février,lundi,17:30,91,91421,0,0,2,2,3,1,1,3,2,02,1,1,000,060,1,0,1,4,1,17,2,1,9,00,0,7,1,200500009587B01,7,1,1
200500009634,2005-02-17,2005,février,jeudi,85:5,92,92012,0,0,2,1,3,1,1,3,2,02,1,1,041,097,1,0,1,4,2,49,0,1,9,00,2,1,17,200500009634B01,7,9,1
200500009646,2005-02-21,2005,février,lundi,92:5,92,92060,0,0,2,2,3,1,1,3,2,02,1,1,000,060,2,0,5,3,1,20,1,1,4,00,2,4,1,200500009646B01,7,1,1
200500009670,2005-02-21,2005,février,lundi,90:0,92,92026,0,0,2,1,2,1,8,9,2,04,2,1,097,110,1,0,1,4,2,36,1,1,9,00,2,1,1,200500009670A01,7,1,1
200500009721,2005-02-03,2005,février,jeudi,17:13,92,92050,0,0,2,1,3,1,2,4,2,01,2,1,000,070,2,0,1,4,1,45,5,1,9,00,2,1,1,200500009721B01,7,1,1
200500009781,2005-02-16,2005,février,mercredi,12:25,93,93005,0,0,2,1,3,1,1,4,1,01,1,1,000,060,1,0,1,3,1,60,0,1,9,00,0,7,5,200500009781A01,7,5,1
200500009837,2005-02-10,2005,février,jeudi,13:10,93,93050,0,0,2,3,3,1,1,2,3,04,1,1,020,120,1,0,1,4,1,37,1,1,4,00,2,3,2,200500009837B01,7,17,1
200500009838,2005-02-13,2005,février,dimanche,12:35,93,93050,0,0,2,1,3,1,3,2,3,05,1,1,010,184,2,0,1,4,1,31,5,1,2,00,2,1,21,200500009838A01,7,16,1
200500009859,2005-02-05,2005,février,samedi,11:15,93,93014,0,0,2,1,2,1,1,4,1,01,2,1,000,050,1,0,1,4,2,15,2,1,2,00,2,1,2,200500009859B01,7,23,1
200500009899,2005-02-03,2005,février,jeudi,12:20,94,94002,0,0,2,3,1,1,8,4,2,02,1,1,000,040,2,0,1,4,1,16,9,1,2,00,2,1,16,200500009899B01,7,15,1
200500009903,2005-02-27,2005,février,dimanche,20:40,94,94002,0,0,2,1,1,5,1,4,2,02,1,1,000,060,1,0,1,4,1,14,0,1,9,00,0,1,19,200500009903A01,7,1,1
200500009911,2005-02-12,2005,février,samedi,18:25,94,94071,0,0,2,3,3,2,1,3,2,02,1,1,000,107,1,0,1,3,1,40,5,1,2,00,2,7,15,200500009911A01,7,7,1
200500009932,2005-02-10,2005,février,jeudi,15:40,94,94011,0,0,2,1,6,1,1,4,2,02,1,1,000,060,1,0,1,4,1,65,5,1,2,00,0,8,1,200500009932B01,7,15,1
200500009962,2005-02-16,2005,février,mercredi,20:15,94,94065,0,0,2,2,3,5,1,4,-1,01,-1,-1,000,000,1,0,1,4,1,20,0,1,9,00,2,1,1,200500009962B01,7,1,1
200500009966,2005-02-15,2005,février,mardi,11:00,94,94041,0,0,2,1,7,1,1,4,-1,00,1,1,023,065,1,6,4,4,1,20,9,1,9,00,1,1,13,200500009966A01,,,
200500010017,2005-02-07,2005,février,lundi,14:25,95,95018,0,0,2,1,7,1,1,4,3,02,1,1,005,620,1,0,1,4,1,30,5,1,4,12,0,0,1,200500010017A01,,,
200500010023,2005-02-12,2005,février,samedi,17:40,95,95582,0,0,2,1,7,1,8,4,1,00,1,2,000,050,1,0,5,4,1,33,5,1,9,16,0,1,9,200500010023A01,,,
200500010054,2005-02-18,2005,février,vendredi,94:0,95,95203,0,0,2,1,6,1,1,4,2,02,1,-1,000,000,1,0,1,4,2,69,5,1,9,00,0,1,1,200500010054B01,7,1,1
200500010073,2005-02-18,2005,février,vendredi,73:0,95,95060,0,0,2,1,1,2,1,3,2,02,1,1,000,090,1,0,1,4,1,23,1,1,2,00,2,1,1,200500010073B01,7,15,1
200500010274,2005-02-26,2005,février,samedi,11:50,69,69123,0,0,2,2,6,1,1,4,2,01,1,1,000,115,1,6,1,1,1,70,5,1,9,00,1,1,1,200500010274A01,,,
200500010332,2005-02-16,2005,février,mercredi,10:30,69,69383,0,0,2,1,6,1,1,4,2,02,1,1,000,000,1,0,1,2,1,66,5,1,9,00,2,1,1,200500010332B01,17,16,1
200500010384,2005-02-25,2005,février,vendredi,82:0,69,69387,0,0,2,2,5,1,1,4,1,01,1,1,000,057,1,0,1,4,2,27,5,1,2,00,2,1,19,200500010384B01,7,19,2
200500010466,2005-02-16,2005,février,mercredi,18:45,59,59238,50.517,3.498,2,1,1,3,1,4,2,00,1,2,000,037,1,0,1,4,1,15,0,0,0,00,2,0,1,200500010466B02,2,13,1
200500010479,2005-02-16,2005,février,mercredi,10:15,62,62338,50.646,2.82,1,2,1,1,1,3,-1,02,1,2,000,066,1,0,1,3,1,16,5,0,0,00,2,1,1,200500010479A01,7,19,1
200500010483,2005-02-11,2005,février,vendredi,15:00,62,62329,50.827,1.783,2,1,3,1,2,4,2,00,3,2,000,000,2,5,1,4,1,14,5,0,0,00,2,1,13,200500010483A01,7,0,1
200500010546,2005-02-27,2005,février,dimanche,16:00,02,02770,49.361,3.294,2,1,1,1,1,9,2,01,1,4,054,054,1,0,1,3,2,6,5,1,2,00,2,4,11,200500010546A01,7,1,1
200500010588,2005-02-23,2005,février,mercredi,16:30,76,76594,49.487,1.015,1,6,6,1,1,3,1,02,1,2,000,090,1,5,1,4,1,51,5,1,2,00,2,8,1,200500010588B02,,,
200500010650,2005-02-08,2005,février,mardi,14:15,35,35228,0,0,1,1,1,1,1,3,2,00,1,1,000,070,1,0,1,3,1,69,0,0,0,00,2,0,1,200500010650B02,7,1,1
200500010680,2005-02-08,2005,février,mardi,16:00,29,29149,0,0,1,1,1,1,1,3,2,02,-1,2,065,000,1,0,1,3,1,32,5,0,0,00,2,1,1,200500010680B02,7,13,1
200500010688,2005-02-18,2005,février,vendredi,17:45,56,56157,47.78,-2.71,1,1,1,1,1,3,-1,02,1,3,000,055,1,0,1,3,1,48,5,0,0,00,2,1,1,200500010688B02,7,13,1
200500010748,2005-02-01,2005,février,mardi,13:45,61,61298,48.771,-0.053,1,1,2,1,1,2,2,02,3,1,000,073,1,0,1,2,1,71,5,0,0,00,2,4,1,200500010748A01,7,1,1
200500010770,2005-02-24,2005,février,jeudi,10:30,44,44108,47.132,-1.308,1,1,2,1,1,3,2,02,1,1,056,000,1,0,1,4,1,49,5,1,2,01,0,1,1,200500010770B02,7,0,1
200500010804,2005-02-06,2005,février,dimanche,11:00,49,49347,47.627,-0.459,1,1,5,1,1,3,2,02,1,1,000,000,1,0,1,3,1,32,5,0,0,00,0,0,0,200500010804B02,7,17,1
200500010804,2005-02-06,2005,février,dimanche,11:00,49,49347,47.627,-0.459,1,1,5,1,1,3,2,02,1,1,000,000,1,0,1,3,1,48,5,0,0,00,0,0,0,200500010804C03,7,17,1
200500010804,2005-02-06,2005,février,dimanche,11:00,49,49347,47.627,-0.459,1,1,5,1,1,3,2,02,1,1,000,000,1,0,1,4,1,50,5,0,0,00,0,0,0,200500010804D04,7,17,1
200500010804,2005-02-06,2005,février,dimanche,11:00,49,49347,47.627,-0.459,1,1,5,1,1,3,2,02,1,1,000,000,1,0,1,4,1,36,5,0,0,00,0,0,0,200500010804E05,7,17,1
200500010805,2005-02-19,2005,février,samedi,10:00,53,53064,0,0,1,1,3,1,1,3,2,02,2,1,000,070,1,0,1,3,1,44,5,0,0,00,2,1,1,200500010805B02,7,15,1
200500010830,2005-02-09,2005,février,mercredi,17:15,85,85248,46.596,-0.98,2,1,6,1,1,4,2,00,2,1,000,060,1,0,3,3,1,14,5,0,0,06,0,1,1,200500010830A01,,,
200500010870,2005-02-24,2005,février,jeudi,17:45,24,24167,0,0,1,1,1,1,7,3,2,02,1,1,000,062,1,0,1,4,1,47,5,0,0,00,0,8,1,200500010870B02,7,2,1
200500010871,2005-02-27,2005,février,dimanche,10:45,24,24523,0,0,1,1,6,1,8,4,2,02,1,1,000,000,1,0,1,3,1,49,5,0,0,00,5,1,1,200500010871A01,,,
200500010957,2005-02-09,2005,février,mercredi,12:15,17,17179,0,0,1,1,3,1,1,3,2,00,1,1,000,057,1,0,1,3,1,14,5,1,2,00,2,8,15,200500010957B02,7,1,1
200500010983,2005-02-23,2005,février,mercredi,13:45,19,19146,45.348,1.756,1,1,1,1,1,4,2,00,1,2,000,053,1,0,1,4,1,14,5,0,0,00,2,1,13,200500010983A01,7,1,1
200500010998,2005-02-06,2005,février,dimanche,80:0,31,31079,0,0,2,1,1,1,1,3,2,02,1,1,000,072,1,0,1,4,1,55,0,0,0,00,2,1,1,200500010998B02,7,15,1
200500011001,2005-02-06,2005,février,dimanche,12:00,31,31273,43.723,1.507,1,2,3,1,1,3,2,01,1,1,000,060,1,0,1,3,1,42,5,1,2,00,2,8,1,200500011001A01,7,19,1
200500011003,2005-02-20,2005,février,dimanche,15:45,31,31334,0,0,2,1,1,1,4,3,2,02,1,1,000,000,2,5,1,4,1,56,5,0,0,00,2,1,1,200500011003B02,7,15,1
200500011079,2005-02-07,2005,février,lundi,84:5,69,69236,0,0,1,3,2,1,5,3,2,02,3,1,000,000,1,5,1,3,1,63,5,0,0,00,2,4,1,200500011079B02,7,16,1
200500011098,2005-02-20,2005,février,dimanche,13:45,01,01364,46.396,5.04,1,2,1,1,1,3,2,02,3,1,000,058,1,5,1,4,1,80,5,0,0,00,2,5,19,200500011098A01,7,1,1
200500011121,2005-02-06,2005,février,dimanche,83:0,01,01052,0,0,1,3,3,1,5,3,2,02,1,1,060,000,2,0,1,4,1,57,5,1,4,00,2,7,1,200500011121A01,7,19,1
200500011146,2005-02-09,2005,février,mercredi,14:45,38,38150,0,0,1,1,6,1,1,3,2,02,1,1,000,060,1,0,1,3,1,72,5,0,0,00,1,1,21,200500011146A01,,,
200500011181,2005-02-04,2005,février,vendredi,13:30,73,73300,45.681,5.895,1,1,2,1,1,2,4,03,1,1,000,102,1,0,5,2,1,51,5,1,2,00,2,4,1,200500011181B02,7,1,1
200500011183,2005-02-18,2005,février,vendredi,16:30,73,73300,0,0,1,1,2,1,1,2,2,02,-1,1,000,102,1,0,5,3,1,67,5,1,2,01,0,1,2,200500011183B02,10,23,1
200500011297,2005-02-01,2005,février,mardi,64:5,55,55551,0,0,1,1,3,1,1,3,2,00,1,1,000,067,1,0,1,3,1,19,1,1,9,00,2,1,1,200500011297B02,7,17,1
200500011298,2005-02-01,2005,février,mardi,11:30,55,55502,0,0,2,1,2,1,1,4,2,02,1,1,000,072,1,0,1,3,1,87,5,0,0,00,2,1,15,200500011298B02,7,4,1
200500011299,2005-02-16,2005,février,mercredi,18:45,55,55119,0,0,1,1,1,3,1,3,2,02,1,1,000,059,1,0,1,2,1,80,5,1,4,00,0,4,1,200500011299B02,7,1,1
200500011333,2005-02-24,2005,février,jeudi,17:45,67,67253,48.646,7.528,2,1,1,5,1,3,2,02,1,1,060,000,1,0,1,4,1,17,5,1,2,00,0,7,15,200500011333A01,7,1,1
200500011333,2005-02-24,2005,février,jeudi,17:45,67,67253,48.646,7.528,2,1,1,5,1,3,2,02,1,1,060,000,1,0,1,4,1,18,0,1,2,00,0,7,15,200500011333A01,7,1,1
200500011429,2005-02-13,2005,février,dimanche,94:5,58,58086,0,0,2,1,1,1,8,3,2,00,1,1,000,069,1,0,1,3,1,83,3,0,0,00,2,1,13,200500011429B02,7,1,1
200500011551,2005-02-02,2005,février,mercredi,17:15,83,83071,0,0,2,1,2,1,1,4,2,02,1,1,000,090,1,0,1,4,1,17,5,0,0,00,2,4,2,200500011551B02,7,2,1
200500011566,2005-02-21,2005,février,lundi,73:0,84,84029,0,0,2,1,1,1,1,4,2,02,1,3,000,000,1,0,1,3,1,43,1,0,0,00,0,0,1,200500011566B02,7,15,1
200500011725,2005-02-04,2005,février,vendredi,19:45,45,45173,47.871,2.123,2,1,3,5,1,4,2,00,1,1,000,000,1,0,1,4,1,37,1,1,2,00,0,3,1,200500011725B02,7,15,1
200500011740,2005-02-04,2005,février,vendredi,14:45,18,18023,47.085,2.732,2,1,1,1,1,3,2,02,1,1,060,000,1,5,1,4,2,65,5,0,0,00,2,1,1,200500011740B02,7,15,1
200500011755,2005-02-16,2005,février,mercredi,17:00,18,18223,47.115,2.587,1,1,2,1,1,2,2,02,1,1,000,062,1,0,1,2,1,36,5,0,0,00,2,4,1,200500011755B02,7,1,1
200500011770,2005-02-07,2005,février,lundi,15:30,28,28001,48.801,1.403,1,1,1,1,1,3,2,02,1,1,000,072,1,0,1,4,1,70,0,1,2,00,0,4,0,200500011770B02,7,2,1
200500011786,2005-02-13,2005,février,dimanche,10:30,36,36141,0,0,1,1,7,1,1,3,2,01,1,-1,000,000,1,0,1,3,1,72,5,1,2,00,0,0,0,200500011786A01,,,
200500011805,2005-02-04,2005,février,vendredi,17:45,41,41164,0,0,2,1,1,1,1,9,2,02,1,1,000,045,1,0,1,4,2,12,5,0,0,00,2,3,13,200500011805A01,7,1,1
200500011873,2005-02-21,2005,février,lundi,17:00,30,30047,43.799,4.423,1,1,3,1,1,2,4,02,-1,1,043,170,1,5,1,4,1,36,5,1,2,00,2,3,2,200500011873B02,7,19,1
200500011937,2005-02-18,2005,février,vendredi,19:00,33,33122,0,0,2,2,3,5,8,9,2,02,1,3,000,068,2,5,1,4,1,16,5,0,0,00,2,5,1,200500011937B02,7,1,1
200500012016,2005-02-23,2005,février,mercredi,83:0,67,67291,0,0,2,1,2,1,4,4,2,02,1,1,000,073,5,0,1,4,1,73,3,0,0,00,2,4,19,200500012016A01,7,1,1
200500012033,2005-01-12,2005,janvier,mercredi,95:5,35,35288,0,0,2,1,1,1,1,4,2,00,-1,-1,000,000,1,0,1,4,1,44,0,1,9,00,2,1,2,200500012033B01,7,15,1
200500012037,2005-02-07,2005,février,lundi,20:25,59,59392,0,0,2,3,3,5,1,3,1,02,1,1,000,040,1,0,1,3,2,33,5,1,4,00,0,7,1,200500012037B01,7,1,1
200500012093,2005-03-28,2005,mars,lundi,17:30,59,59449,50.485,3.246,2,1,3,1,1,3,4,02,2,1,000,065,1,0,5,3,1,65,5,0,0,00,2,8,1,200500012093A01,7,23,1
200500012100,2005-03-11,2005,mars,vendredi,14:00,62,62548,0,0,1,1,2,1,1,3,2,00,-1,1,000,000,1,0,1,4,1,12,5,0,0,00,0,5,2,200500012100B02,7,2,1
200500012121,2005-03-16,2005,mars,mercredi,19:00,80,80760,0,0,2,1,1,1,1,4,2,01,1,1,000,049,9,0,1,3,1,10,5,1,2,00,2,1,19,200500012121B02,7,0,1
200500012204,2005-03-04,2005,mars,vendredi,84:5,76,76051,0,0,2,1,3,1,1,3,2,00,1,1,000,040,1,0,1,4,2,17,3,0,0,00,2,1,19,200500012204A01,7,1,1
200500012235,2005-03-20,2005,mars,dimanche,12:30,27,27448,49.018,1.387,2,6,1,1,1,3,-1,00,-1,-1,045,071,1,5,1,4,1,23,5,1,2,00,2,7,0,200500012235B02,7,9,1
200500012244,2005-03-01,2005,mars,mardi,17:00,27,27207,49.118,0.457,1,3,3,1,1,3,2,02,1,1,000,040,2,0,1,2,1,77,5,0,0,00,2,2,19,200500012244B02,7,1,1
200500012312,2005-03-31,2005,mars,jeudi,18:00,29,29057,47.909,-3.981,2,1,1,1,1,9,2,02,2,1,000,000,1,0,1,4,1,13,5,0,0,00,2,6,9,200500012312B02,7,1,1
200500012337,2005-03-16,2005,mars,mercredi,15:30,56,56007,0,0,2,1,1,1,1,3,2,02,-1,3,000,070,1,5,1,3,1,26,1,0,0,00,2,1,1,200500012337B02,7,15,1
200500012373,2005-03-10,2005,mars,jeudi,14:00,50,50600,0,0,2,3,3,1,1,4,2,02,-1,1,000,040,1,0,1,3,2,14,5,0,0,00,2,1,19,200500012373B02,7,1,1
200500012377,2005-03-19,2005,mars,samedi,18:00,50,50648,49.494,-1.503,2,1,1,1,7,3,2,02,1,1,000,060,1,5,1,3,1,85,5,0,0,00,2,1,1,200500012377B02,7,1,1
200500012385,2005-03-20,2005,mars,dimanche,10:15,61,61238,0,0,1,1,1,1,1,3,2,00,1,1,000,054,1,0,1,4,1,79,5,1,2,00,2,3,2,200500012385B02,7,17,1
200500012416,2005-03-31,2005,mars,jeudi,16:00,44,44069,47.334,-2.438,2,1,1,1,1,4,2,00,1,1,000,065,1,0,1,3,2,13,5,0,0,00,0,8,19,200500012416A01,7,1,1
200500012462,2005-03-16,2005,mars,mercredi,13:30,72,72090,0,0,2,1,1,1,1,9,2,00,1,1,000,000,1,0,1,3,2,43,1,0,0,00,2,1,1,200500012462B02,7,15,1
200500012464,2005-03-26,2005,mars,samedi,17:00,72,72289,48.14,0.17,2,9,3,1,1,4,2,00,1,-1,000,060,1,0,1,4,2,68,3,0,0,00,2,8,15,200500012464B02,7,1,1
200500012502,2005-03-23,2005,mars,mercredi,17:15,33,33449,0,0,2,2,5,1,1,4,2,02,1,1,000,050,1,0,1,4,1,9,5,0,0,00,2,8,1,200500012502B02,7,1,1
200500012502,2005-03-23,2005,mars,mercredi,17:15,33,33449,0,0,2,2,5,1,1,4,2,02,1,1,000,050,1,0,1,3,1,9,5,0,0,00,2,8,1,200500012502C03,7,1,1
200500012530,2005-03-17,2005,mars,jeudi,10:30,33,33125,0,0,2,1,2,1,1,3,2,00,1,1,000,062,1,0,1,4,1,50,9,0,0,00,0,4,1,200500012530B02,7,1,1
200500012539,2005-03-20,2005,mars,dimanche,11:00,33,33437,0,0,1,1,1,1,1,3,2,02,1,1,000,058,1,0,1,2,1,76,5,1,2,00,2,1,13,200500012539B02,7,1,1
200500012570,2005-03-06,2005,mars,dimanche,12:15,40,40283,43.742,-1.005,2,3,3,1,1,3,2,02,2,1,000,060,1,0,1,4,1,79,5,0,0,00,0,1,19,200500012570B02,7,1,1
200500012632,2005-03-27,2005,mars,dimanche,12:00,86,86298,0,0,1,1,3,1,1,3,2,02,-1,1,000,050,1,0,1,3,1,11,5,0,0,00,2,3,10,200500012632A01,7,17,1
200500012679,2005-03-16,2005,mars,mercredi,12:45,79,79100,46.33,-0.58,1,1,1,1,1,3,2,00,-1,1,000,060,1,0,0,3,1,13,2,1,2,00,2,1,19,200500012679A01,7,1,1
200500012711,2005-03-16,2005,mars,mercredi,14:45,19,19036,45.587,1.722,2,1,1,1,1,3,2,02,4,3,000,066,1,0,1,4,1,63,5,0,0,00,2,1,13,200500012711B02,7,1,1
200500012727,2005-03-02,2005,mars,mercredi,15:30,31,31583,0,0,1,1,1,1,1,3,2,02,1,1,000,050,1,0,1,2,2,75,5,0,0,00,2,8,15,200500012727B02,7,17,1
200500012738,2005-03-26,2005,mars,samedi,16:15,31,31526,0,0,2,1,2,1,1,3,2,00,1,1,000,060,1,0,1,4,1,14,5,0,0,00,2,4,15,200500012738B02,7,1,1
200500012751,2005-03-30,2005,mars,mercredi,17:45,31,31224,43.073,0.577,2,1,3,1,1,4,2,02,-1,1,000,040,1,0,1,3,1,22,5,0,0,00,2,1,16,200500012751A01,21,1,1
200500012809,2005-03-19,2005,mars,samedi,11:45,65,65460,43.389,0.051,2,1,1,1,1,3,1,00,1,2,047,000,-1,5,1,4,1,82,3,0,0,00,2,1,1,200500012809B02,7,9,1
200500012810,2005-03-23,2005,mars,mercredi,14:30,65,65460,43.419,0.053,1,1,1,1,1,3,2,02,1,1,000,068,1,0,1,2,2,78,5,1,2,00,0,0,1,200500012810B02,15,17,1
200500012826,2005-03-21,2005,mars,lundi,12:45,81,81002,43.509,2.352,2,1,1,1,1,4,2,01,1,1,000,046,1,0,1,4,1,11,5,0,0,00,2,1,19,200500012826B02,7,2,1
200500012849,2005-03-21,2005,mars,lundi,18:30,69,69271,45.744,4.955,2,6,3,1,1,3,2,02,1,-1,013,075,1,5,1,4,1,42,1,0,0,12,2,4,19,200500012849B02,7,0,1
200500012903,2005-03-28,2005,mars,lundi,12:45,07,07027,44.826,4.81,1,1,2,1,1,2,2,02,1,1,000,104,1,0,3,3,1,74,5,1,2,00,0,4,0,200500012903B02,7,2,1
200500012922,2005-03-14,2005,mars,lundi,14:45,26,26085,44.517,4.708,1,1,6,1,1,3,2,02,1,1,000,060,1,0,1,3,2,78,5,0,0,00,2,8,19,200500012922B02,,,
200500012935,2005-03-25,2005,mars,vendredi,14:15,38,38524,0,0,2,1,3,1,1,3,2,00,1,1,000,065,1,6,1,4,1,12,5,0,0,00,2,8,19,200500012935B02,7,1,1
200500012935,2005-03-25,2005,mars,vendredi,14:15,38,38524,0,0,2,1,3,1,1,3,2,00,1,1,000,065,1,6,1,2,2,12,0,0,0,00,2,8,19,200500012935B02,7,1,1
200500012990,2005-03-31,2005,mars,jeudi,13:45,42,42176,0,0,1,1,1,1,1,3,2,02,1,1,000,070,1,0,1,4,1,36,5,1,2,00,0,0,2,200500012990B02,7,2,1
200500012990,2005-03-31,2005,mars,jeudi,13:45,42,42176,0,0,1,1,1,1,1,3,2,02,1,1,000,070,1,0,1,4,1,45,0,0,0,00,0,0,2,200500012990B02,7,2,1
200500012996,2005-03-19,2005,mars,samedi,16:30,73,73226,0,0,1,1,1,1,1,3,2,02,2,1,000,000,1,0,1,4,1,44,5,1,2,00,0,1,1,200500012996B02,7,5,1
200500013012,2005-03-28,2005,mars,lundi,13:15,73,73258,0,0,1,3,1,1,1,3,2,00,2,2,000,050,1,5,1,3,1,69,5,0,0,00,0,0,1,200500013012A01,2,19,1
200500013029,2005-03-21,2005,mars,lundi,41:5,74,74043,46.277,6.348,1,1,1,3,1,3,2,02,-1,3,000,080,1,0,1,3,1,45,1,1,9,00,2,1,1,200500013029A01,7,1,1
200500013039,2005-03-19,2005,mars,samedi,15:45,63,63227,45.698,3.223,1,1,1,1,1,4,2,00,1,1,000,035,1,0,1,4,1,62,5,0,0,00,2,1,1,200500013039B02,4,17,1
200500013105,2005-03-29,2005,mars,mardi,14:30,54,54561,48.451,6.468,1,3,1,1,1,3,2,02,1,1,000,000,1,0,1,2,1,77,5,0,0,00,2,1,19,200500013105A01,15,1,1
200500013119,2005-03-29,2005,mars,mardi,94:5,55,55573,0,0,1,6,1,1,1,3,1,00,1,-1,000,075,1,3,1,3,2,75,5,0,0,00,2,6,1,200500013119B02,14,17,1
200500013124,2005-03-17,2005,mars,jeudi,10:00,88,88103,0,0,2,1,7,1,1,3,2,02,2,2,000,060,1,0,1,4,1,42,5,0,0,00,0,8,1,200500013124A01,,,
200500013234,2005-03-18,2005,mars,vendredi,17:00,52,52083,47.78,5.53,1,1,7,1,1,3,2,02,2,3,000,052,1,0,1,4,1,14,5,1,2,00,0,8,1,200500013234A01,,,
200500013242,2005-03-07,2005,mars,lundi,13:15,21,21485,47.344,4.974,2,1,6,1,1,2,2,02,1,1,015,090,5,5,1,3,1,18,2,0,0,00,2,1,1,200500013242A01,,,
200500013278,2005-03-14,2005,mars,lundi,10:15,71,71176,46.48,3.98,2,1,1,1,1,2,2,02,4,1,070,000,1,0,1,4,1,37,0,1,2,00,2,1,15,200500013278B02,7,1,1
200500013309,2005-03-14,2005,mars,lundi,20:45,39,39210,0,0,1,1,1,3,8,3,2,00,-1,2,000,065,2,5,1,3,2,22,1,0,0,00,2,0,1,200500013309B02,7,13,1
200500013325,2005-03-25,2005,mars,vendredi,16:15,90,90023,47.719,6.844,2,1,1,1,1,3,2,02,1,2,000,070,1,0,1,3,1,13,9,0,0,00,2,1,19,200500013325B02,7,1,1
200500013356,2005-03-09,2005,mars,mercredi,14:15,13,13089,0,0,1,1,1,1,6,3,2,02,1,1,000,000,1,0,1,3,1,10,5,0,0,00,0,4,15,200500013356B02,7,1,1
200500013373,2005-03-20,2005,mars,dimanche,91:5,05,05040,44.54,6.3,1,1,3,1,1,2,2,02,1,1,000,070,1,0,1,3,1,52,5,1,2,00,2,8,1,200500013373B02,7,17,1
200500013380,2005-03-25,2005,mars,vendredi,16:45,06,06103,44.015,7.31,2,1,1,1,1,4,1,00,2,3,000,000,1,0,1,3,1,13,5,0,0,00,2,2,19,200500013380B02,7,1,1
200500013387,2005-03-19,2005,mars,samedi,17:00,06,06122,0,0,1,1,3,1,1,3,2,00,1,1,000,000,1,0,1,3,1,32,0,1,2,00,2,8,1,200500013387B02,7,17,1
200500013432,2005-03-15,2005,mars,mardi,16:45,84,84148,0,0,1,1,1,1,1,3,2,00,2,2,000,058,1,0,1,4,1,52,5,1,2,00,2,1,1,200500013432B02,7,1,1
200500013441,2005-03-04,2005,mars,vendredi,80:0,34,34145,0,0,2,1,3,1,1,4,2,00,1,1,000,072,1,0,1,2,2,78,5,0,0,00,2,8,19,200500013441B02,7,2,1
200500013491,2005-03-31,2005,mars,jeudi,80:0,30,30006,0,0,1,1,2,1,7,2,2,02,1,1,070,000,1,0,1,4,1,85,5,0,0,00,0,4,1,200500013491B02,2,1,1
200500013550,2005-03-05,2005,mars,samedi,10:45,2B,2B303,42.29,9.55,1,1,4,1,1,2,2,02,1,1,000,062,1,2,1,1,1,48,5,0,0,00,2,6,1,200500013550B02,7,2,1
200500013550,2005-03-05,2005,mars,samedi,10:45,2B,2B303,42.29,9.55,1,1,4,1,1,2,2,02,1,1,000,062,1,2,1,2,1,49,5,0,0,00,2,4,1,200500013550C03,7,2,1
200500013550,2005-03-05,2005,mars,samedi,10:45,2B,2B303,42.29,9.55,1,1,4,1,1,2,2,02,1,1,000,062,1,2,1,1,1,31,5,0,0,00,2,6,1,200500013550D04,7,2,1
200500013612,2005-03-11,2005,mars,vendredi,16:15,77,77148,0,0,2,1,3,1,1,9,2,00,1,1,000,052,1,0,1,3,1,14,5,0,0,00,2,1,15,200500013612B02,7,1,1
200500013651,2005-03-11,2005,mars,vendredi,84:5,28,28136,48.721,1.413,1,2,1,1,1,3,2,02,1,1,000,067,1,0,1,4,1,60,5,0,0,00,0,1,1,200500013651A01,7,19,1
200500013717,2005-03-25,2005,mars,vendredi,14:15,47,47195,44.112,0.354,1,3,3,1,1,3,2,00,1,-1,000,080,1,0,1,4,1,57,5,0,0,00,2,1,1,200500013717A01,7,19,1
200500013756,2005-03-12,2005,mars,samedi,14:15,21,21408,47.398,5.028,1,1,1,1,4,3,2,00,1,-1,000,560,2,5,5,3,1,47,5,1,9,00,2,7,1,200500013756B02,7,1,1
200500013763,2005-03-18,2005,mars,vendredi,18:45,31,31022,43.67,1.41,2,1,3,1,1,3,2,00,1,1,054,000,1,0,1,4,1,12,5,0,0,00,2,7,19,200500013763A01,7,1,1
200500013794,2005-03-22,2005,mars,mardi,84:5,31,31254,43.552,1.503,1,1,1,1,1,3,1,03,1,1,000,085,1,0,1,4,2,33,1,0,0,00,2,4,11,200500013794B02,5,1,1
200500013839,2005-03-17,2005,mars,jeudi,15:30,38,38249,0,0,1,1,2,1,1,3,2,00,-1,3,000,035,1,0,1,3,1,72,5,0,0,00,2,6,13,200500013839B02,7,1,1