Num_Acc,date,an,mois,jour,hrmn,dep,com,lat,long,agg,int,col,lum,atm,catr,circ,nbv,prof,plan,lartpc,larrout,surf,infra,situ,grav,sexe,age,trajet,secuexist,equipement,obs,obsm,choc,manv,vehiculeid,typevehicules,manoeuvehicules,numVehicules
200500013873,2005-03-31,2005,mars,jeudi,71:5,29,29019,0,0,2,6,3,2,1,5,4,00,1,1,000,090,1,5,1,3,1,30,1,1,2,00,0,2,1,200500013873A01,7,19,1
200500013897,2005-03-17,2005,mars,jeudi,13:15,14,14430,49.331,-0.565,2,1,6,1,1,3,2,00,1,1,000,060,1,0,4,4,1,47,5,0,0,06,0,0,1,200500013897A01,,,
200500013967,2005-03-29,2005,mars,mardi,17:20,01,01053,0,0,2,1,1,1,1,4,2,02,1,1,000,000,1,0,1,4,1,61,5,1,9,00,2,1,2,200500013967B01,4,17,1
200500013982,2005-03-20,2005,mars,dimanche,15:45,03,03321,0,0,2,1,7,1,1,3,2,02,1,1,000,062,1,0,3,2,1,58,5,1,2,13,0,7,14,200500013982A01,,,
200500014002,2005-03-27,2005,mars,dimanche,11:55,03,03023,0,0,2,1,3,1,8,3,2,02,1,1,000,073,2,0,1,4,1,79,5,1,9,00,2,1,1,200500014002B01,7,15,1
200500014012,2005-03-14,2005,mars,lundi,16:09,05,05061,0,0,2,3,2,1,1,4,2,02,1,1,000,071,1,0,1,4,1,40,5,1,9,00,2,1,1,200500014012A01,7,1,1
200500014027,2005-03-30,2005,mars,mercredi,14:40,06,06004,0,0,2,1,3,1,1,3,2,00,1,1,000,056,1,0,1,3,1,9,5,1,9,00,2,6,13,200500014027B01,7,17,1
200500014031,2005-03-09,2005,mars,mercredi,14:15,06,06027,0,0,2,3,3,1,1,2,3,06,1,1,000,000,1,0,1,4,1,73,5,1,2,00,2,7,15,200500014031B01,7,1,1
200500014032,2005-03-10,2005,mars,jeudi,14:30,06,06027,0,0,2,9,3,1,1,4,2,02,1,1,000,000,1,0,1,4,1,13,0,1,2,00,2,1,0,200500014032A01,7,1,1
200500014133,2005-03-10,2005,mars,jeudi,94:5,06,06088,0,0,2,1,3,1,1,4,2,05,2,2,000,125,1,0,1,4,1,56,5,1,9,00,2,8,11,200500014133A01,7,21,1
200500014191,2005-03-23,2005,mars,mercredi,16:10,06,06088,0,0,2,1,1,1,1,2,2,02,1,1,000,000,1,0,4,4,1,26,5,1,9,00,2,1,13,200500014191A01,1,21,1
200500014191,2005-03-23,2005,mars,mercredi,16:10,06,06088,0,0,2,1,1,1,1,2,2,02,1,1,000,000,1,0,4,1,1,18,5,1,9,00,2,1,21,200500014191B01,1,13,1
200500014205,2005-03-26,2005,mars,samedi,16:50,06,06088,0,0,2,2,3,1,1,4,1,01,1,1,000,000,-1,0,1,4,1,14,9,1,9,00,2,1,21,200500014205A01,7,1,1
200500014213,2005-03-29,2005,mars,mardi,11:15,06,06088,0,0,2,1,6,1,1,4,1,01,1,1,000,076,1,0,1,4,2,30,4,1,2,00,2,1,1,200500014213B01,9,1,1
200500014214,2005-03-29,2005,mars,mardi,14:15,06,06088,0,0,2,1,3,1,1,4,2,03,1,1,000,120,1,0,1,4,1,15,5,1,9,00,2,8,1,200500014214B01,7,1,1
200500014238,2005-03-15,2005,mars,mardi,73:5,08,08105,0,0,2,1,3,1,1,4,2,02,1,1,005,048,-1,0,1,3,2,24,1,1,4,00,2,7,17,200500014238B01,10,1,1
200500014240,2005-03-23,2005,mars,mercredi,43:0,08,08105,0,0,2,6,3,5,1,4,1,01,1,2,000,060,1,5,1,3,1,51,1,1,9,00,2,7,1,200500014240B01,7,18,1
200500014267,2005-03-12,2005,mars,samedi,14:20,13,13001,0,0,2,1,3,1,1,3,4,02,1,1,000,056,1,0,1,3,1,72,5,1,2,00,2,4,15,200500014267B01,7,17,1
200500014273,2005-03-17,2005,mars,jeudi,80:0,13,13001,0,0,2,1,3,1,1,4,3,00,1,1,020,060,1,0,1,4,2,48,1,1,9,00,2,3,9,200500014273A01,7,1,1
200500014401,2005-03-17,2005,mars,jeudi,19:30,13,13055,0,0,2,3,3,5,1,4,2,03,1,1,000,131,1,0,1,3,1,33,9,1,4,00,2,5,2,200500014401B01,10,16,1
200500014429,2005-03-12,2005,mars,samedi,15:20,13,13055,0,0,2,1,2,1,1,4,-1,02,1,1,000,058,1,0,1,4,1,44,5,1,2,00,2,6,0,200500014429A01,7,0,1
200500014463,2005-03-23,2005,mars,mercredi,14:05,13,13055,0,0,2,3,3,1,1,4,2,05,1,1,000,140,1,0,1,4,1,57,4,1,2,00,2,0,1,200500014463A01,7,15,1
200500014561,2005-03-27,2005,mars,dimanche,17:40,13,13039,0,0,2,1,6,1,1,4,2,02,1,1,000,060,1,0,1,4,2,54,5,1,2,01,0,1,2,200500014561B01,7,23,1
200500014588,2005-03-09,2005,mars,mercredi,14:50,14,14118,0,0,2,1,3,1,8,4,2,02,1,1,000,080,1,0,1,4,2,50,1,1,9,00,2,1,19,200500014588A01,7,1,1
200500014590,2005-03-13,2005,mars,dimanche,11:15,14,14118,0,0,2,1,3,1,1,4,-1,04,1,1,010,150,1,0,1,4,2,49,0,1,9,00,2,4,14,200500014590A01,7,1,1
200500014594,2005-03-17,2005,mars,jeudi,16:15,14,14118,0,0,2,1,2,1,1,4,1,01,1,1,000,035,1,0,1,4,1,40,5,1,9,01,0,4,2,200500014594A01,7,23,1
200500014612,2005-03-23,2005,mars,mercredi,11:10,17,17299,0,0,2,6,3,1,1,4,1,01,1,2,000,061,1,5,5,4,1,76,5,1,9,00,2,8,2,200500014612B01,7,16,1
200500014613,2005-03-02,2005,mars,mercredi,91:0,17,17300,0,0,2,1,3,1,1,4,1,02,1,1,000,060,1,0,5,4,1,59,0,1,9,00,2,1,1,200500014613B01,7,16,1
200500014626,2005-03-16,2005,mars,mercredi,15:45,17,17291,0,0,2,2,3,1,1,4,2,00,1,-1,000,600,1,0,1,4,1,70,5,1,9,00,2,1,1,200500014626A01,7,1,1
200500014643,2005-03-30,2005,mars,mercredi,15:55,17,17306,0,0,2,2,3,2,1,4,2,02,1,-1,000,081,1,0,1,3,2,64,5,1,2,00,2,1,1,200500014643A01,7,15,1
200500014643,2005-03-30,2005,mars,mercredi,15:55,17,17306,0,0,2,2,3,2,1,4,2,02,1,-1,000,081,1,0,1,1,1,70,5,0,0,00,2,1,1,200500014643A01,7,15,1
200500014668,2005-03-01,2005,mars,mardi,12:20,19,19031,0,0,2,1,3,1,1,4,2,02,1,1,000,000,1,0,1,3,1,31,1,1,9,00,2,1,1,200500014668B01,7,15,1
200500014678,2005-03-10,2005,mars,jeudi,12:15,19,19031,0,0,2,1,3,1,1,4,2,02,1,1,000,070,1,0,4,4,1,21,9,1,9,00,2,1,1,200500014678A01,7,0,1
200500014703,2005-03-11,2005,mars,vendredi,12:12,21,21231,0,0,2,4,3,1,1,3,2,02,2,1,026,082,1,5,3,4,1,20,2,1,2,01,0,1,18,200500014703A01,7,16,1
200500014712,2005-03-18,2005,mars,vendredi,22:35,21,21355,0,0,2,1,1,5,1,3,2,02,1,1,000,080,1,0,1,3,1,16,5,1,2,00,2,1,5,200500014712B01,7,1,1
200500014741,2005-03-02,2005,mars,mercredi,82:0,25,25056,0,0,2,1,1,1,1,4,1,01,2,1,000,035,5,0,1,4,1,52,5,1,9,00,2,1,1,200500014741A01,7,1,1
200500014748,2005-03-20,2005,mars,dimanche,16:05,25,25056,0,0,2,1,3,1,1,4,1,01,1,1,000,030,1,0,1,4,1,8,5,1,2,00,2,1,19,200500014748A01,7,1,1
200500014760,2005-03-11,2005,mars,vendredi,83:5,25,25614,0,0,2,1,3,1,1,4,2,02,1,2,000,046,9,0,1,3,1,77,3,1,9,00,2,1,1,200500014760B01,7,15,1
200500014773,2005-03-11,2005,mars,vendredi,74:0,26,26281,0,0,2,3,2,1,1,4,1,01,1,1,000,050,1,0,1,3,1,70,5,1,2,00,2,4,1,200500014773B01,7,15,1
200500014812,2005-03-04,2005,mars,vendredi,18:55,28,28085,0,0,2,1,3,5,4,4,2,02,1,1,000,067,5,0,1,4,1,40,9,1,4,00,2,1,15,200500014812A01,7,1,1
200500014813,2005-03-07,2005,mars,lundi,17:30,28,28085,0,0,2,1,3,1,8,4,2,02,1,1,000,050,1,0,1,4,2,15,9,1,4,00,2,6,1,200500014813B01,7,19,1
200500014821,2005-03-22,2005,mars,mardi,18:30,28,28218,0,0,2,1,3,1,1,4,2,02,1,1,000,070,1,0,1,4,2,37,1,1,4,00,2,1,1,200500014821B01,7,15,1
200500014829,2005-03-29,2005,mars,mardi,12:40,28,28134,0,0,2,6,2,1,1,4,1,02,1,-1,000,000,1,0,1,4,1,28,1,1,4,00,2,4,0,200500014829B01,7,9,1
200500014831,2005-03-02,2005,mars,mercredi,18:05,29,29019,0,0,2,1,3,1,1,9,2,02,1,1,000,070,1,0,4,4,1,6,5,1,2,00,2,1,1,200500014831A01,14,23,1
200500014846,2005-03-25,2005,mars,vendredi,11:00,29,29019,0,0,2,1,3,1,1,6,-1,01,1,1,000,000,1,0,0,4,1,65,3,1,9,00,2,2,1,200500014846B01,7,9,1
200500014852,2005-03-21,2005,mars,lundi,20:40,29,29151,0,0,1,1,2,2,1,3,2,02,1,1,000,006,1,0,1,4,1,14,5,1,9,00,0,4,1,200500014852B01,7,1,1
200500014852,2005-03-21,2005,mars,lundi,20:40,29,29151,0,0,1,1,2,2,1,3,2,02,1,1,000,006,1,0,1,3,1,12,0,1,9,00,0,4,1,200500014852B01,7,1,1
200500014884,2005-03-21,2005,mars,lundi,11:45,30,30189,0,0,2,2,3,1,1,2,2,04,-1,1,000,000,1,0,1,4,1,35,9,1,9,00,2,5,2,200500014884B01,7,9,1
200500014901,2005-03-31,2005,mars,jeudi,75:5,31,31069,0,0,2,6,3,1,1,4,2,02,1,2,000,079,1,0,1,3,2,59,1,1,4,00,0,8,16,200500014901B01,7,2,1
200500014937,2005-03-10,2005,mars,jeudi,95:0,31,31555,0,0,2,3,3,1,1,4,2,02,1,1,000,058,1,0,1,4,2,71,5,1,2,00,2,1,1,200500014937A01,7,15,1
200500014938,2005-03-10,2005,mars,jeudi,10:20,31,31555,0,0,2,3,6,1,1,4,2,03,1,1,000,090,1,0,1,3,1,47,5,1,2,00,0,7,1,200500014938B01,7,15,1
200500014940,2005-03-10,2005,mars,jeudi,19:05,31,31555,0,0,2,1,3,5,1,4,2,03,1,1,000,075,1,0,1,3,2,22,0,1,2,00,2,7,15,200500014940B01,5,1,1
200500014954,2005-03-16,2005,mars,mercredi,17:30,31,31555,0,0,2,3,3,1,1,4,2,02,1,1,000,058,1,0,1,3,1,13,0,1,2,00,2,1,19,200500014954A01,7,1,1
200500014974,2005-03-22,2005,mars,mardi,11:10,31,31555,0,0,2,1,3,1,1,4,1,02,1,1,000,055,1,0,1,3,1,14,5,1,2,00,2,4,1,200500014974B01,7,17,1
200500014979,2005-03-23,2005,mars,mercredi,19:05,31,31555,0,0,2,1,3,1,1,4,2,03,1,1,000,092,1,0,1,3,1,38,5,1,2,00,2,4,2,200500014979A01,18,2,1
200500015003,2005-03-31,2005,mars,jeudi,82:5,31,31555,0,0,2,1,6,1,1,4,2,02,1,1,000,070,1,0,1,3,1,33,9,1,2,00,1,1,1,200500015003A01,,,
200500015010,2005-03-31,2005,mars,jeudi,75:5,32,32013,0,0,2,2,3,1,1,4,2,02,2,1,000,073,1,0,1,4,1,28,1,1,9,00,2,1,2,200500015010B01,7,2,1
200500015027,2005-03-03,2005,mars,jeudi,15:00,33,33318,0,0,2,3,3,1,1,4,1,01,1,2,000,058,1,6,1,3,1,53,9,1,2,00,2,1,19,200500015027B01,7,16,1
200500015041,2005-03-11,2005,mars,vendredi,18:45,33,33063,0,0,2,2,3,1,1,4,1,01,1,1,000,080,1,0,1,4,2,22,1,1,9,00,2,1,5,200500015041A01,10,16,1
200500015062,2005-03-20,2005,mars,dimanche,14:10,33,33063,0,0,2,2,3,1,1,4,1,01,1,1,000,033,1,0,1,3,1,39,5,1,9,00,2,3,1,200500015062B01,7,1,1
200500015064,2005-03-15,2005,mars,mardi,19:30,33,33522,0,0,2,2,3,1,1,4,3,02,1,1,065,061,1,4,1,4,2,25,5,1,9,00,2,1,1,200500015064A01,7,15,1
200500015067,2005-03-18,2005,mars,vendredi,17:45,33,33281,0,0,2,2,3,1,1,4,2,02,1,-1,000,062,1,0,1,3,1,14,1,1,9,00,2,4,1,200500015067A01,7,1,1
200500015074,2005-03-23,2005,mars,mercredi,14:15,33,33063,0,0,2,1,3,1,1,4,3,04,1,1,010,137,1,0,1,3,1,28,0,1,9,14,0,1,1,200500015074B01,10,22,1
200500015075,2005-03-23,2005,mars,mercredi,15:35,33,33063,0,0,2,1,3,1,1,4,2,03,1,1,000,090,1,0,1,4,2,16,5,1,9,00,2,8,19,200500015075A01,7,1,1
200500015081,2005-03-25,2005,mars,vendredi,19:53,33,33063,0,0,2,1,3,5,1,4,2,03,1,1,000,115,1,0,1,4,1,14,0,1,9,01,0,1,1,200500015081B01,7,22,1
200500015090,2005-03-31,2005,mars,jeudi,75:0,33,33063,0,0,2,1,3,1,1,4,3,02,1,1,000,000,1,0,1,4,1,17,0,1,9,01,0,0,1,200500015090B01,7,22,1
200500015091,2005-03-31,2005,mars,jeudi,85:0,33,33063,0,0,2,1,5,1,1,4,1,05,1,1,000,069,1,0,1,4,2,46,5,1,2,00,2,0,1,200500015091B01,7,22/1,2
200500015092,2005-03-31,2005,mars,jeudi,16:50,33,33063,0,0,2,2,1,1,1,4,2,04,1,1,000,066,1,0,5,3,1,79,0,1,2,00,2,1,23,200500015092B01,7,19,1
200500015096,2005-03-30,2005,mars,mercredi,72:0,33,33281,0,0,2,6,3,2,2,4,2,02,1,1,010,080,1,0,1,4,1,46,0,1,2,00,2,7,1,200500015096B01,7,1,1
200500015100,2005-03-31,2005,mars,jeudi,17:25,33,33522,0,0,2,3,3,1,1,4,2,02,1,1,000,031,1,0,1,3,1,17,0,1,2,00,2,1,16,200500015100A01,7,1,1
200500015147,2005-03-23,2005,mars,mercredi,13:30,34,34172,0,0,2,1,2,1,1,4,2,02,1,1,000,030,1,5,1,3,1,10,5,1,4,00,2,1,2,200500015147B01,14,4,1
200500015170,2005-03-01,2005,mars,mardi,75:0,35,35238,0,0,2,2,3,2,1,4,2,02,1,1,000,000,1,0,1,4,1,47,0,1,2,00,2,7,1,200500015170B01,14,0,1
200500015185,2005-03-19,2005,mars,samedi,14:20,35,35238,0,0,2,1,7,1,1,4,-1,00,-1,-1,000,000,-1,0,0,4,1,23,0,1,9,00,0,0,1,200500015185A01,,,
200500015227,2005-03-20,2005,mars,dimanche,21:45,37,37261,0,0,2,2,1,5,1,4,2,02,1,1,000,085,1,0,1,4,1,19,5,1,9,00,2,1,1,200500015227B01,7,15,1
200500015228,2005-03-23,2005,mars,mercredi,16:45,37,37233,0,0,2,3,2,1,1,4,2,02,1,1,000,089,1,0,1,3,2,81,5,1,9,00,2,4,15,200500015228B01,7,17,1
200500015238,2005-03-02,2005,mars,mercredi,84:0,38,38151,0,0,2,1,3,1,1,4,2,04,1,2,000,140,1,0,1,4,2,42,0,1,4,00,2,1,1,200500015238B01,7,15,1
200500015251,2005-03-17,2005,mars,jeudi,81:5,38,38169,0,0,2,3,3,1,1,4,-1,02,-1,-1,000,097,1,0,0,4,1,,1,1,9,00,2,1,15,200500015251B01,7,15,1
200500015253,2005-03-17,2005,mars,jeudi,84:0,38,38151,0,0,2,3,3,1,1,4,-1,02,-1,-1,000,060,1,0,1,4,1,22,9,1,9,00,0,1,1,200500015253B01,7,15,1
200500015257,2005-03-21,2005,mars,lundi,73:0,38,38179,0,0,2,9,6,1,1,4,-1,02,-1,-1,000,060,1,0,1,4,1,53,0,1,9,00,2,1,1,200500015257A01,14,15,1
200500015267,2005-03-30,2005,mars,mercredi,17:35,38,38185,0,0,2,1,3,1,1,4,2,02,1,1,000,060,1,0,5,4,1,39,5,1,4,00,2,1,1,200500015267B01,7,16,1
200500015268,2005-03-30,2005,mars,mercredi,18:30,38,38185,0,0,2,1,3,1,1,4,2,02,1,1,000,088,1,0,1,4,2,11,5,1,2,00,2,2,1,200500015268A01,1,1,1
200500015268,2005-03-30,2005,mars,mercredi,18:30,38,38185,0,0,2,1,3,1,1,4,2,02,1,1,000,088,1,0,1,4,1,12,5,1,2,00,2,3,1,200500015268B01,1,1,1
200500015269,2005-03-30,2005,mars,mercredi,10:00,38,38185,0,0,2,1,6,1,1,4,2,04,1,1,000,103,1,0,5,4,1,27,9,1,9,00,2,1,1,200500015269B01,7,13,1
200500015283,2005-03-21,2005,mars,lundi,80:0,40,40279,0,0,2,1,3,1,1,3,2,04,1,1,000,100,1,0,5,3,2,35,1,1,2,00,2,4,1,200500015283B01,7,9,1
200500015307,2005-03-21,2005,mars,lundi,95:0,41,41269,0,0,2,2,3,1,1,3,2,02,1,1,000,098,1,5,1,4,2,30,4,1,9,00,2,9,1,200500015307B01,14,16,1
200500015320,2005-03-11,2005,mars,vendredi,11:15,42,42187,0,0,2,2,3,1,1,9,2,02,1,1,000,060,1,0,1,4,2,56,9,1,9,00,2,1,1,200500015320A01,7,1,1
200500015326,2005-03-18,2005,mars,vendredi,84:0,42,42187,0,0,2,2,6,1,1,9,2,02,1,2,000,100,1,2,1,4,1,44,9,1,9,00,0,1,1,200500015326A01,7,1,1
200500015370,2005-03-25,2005,mars,vendredi,14:30,44,44135,0,0,2,1,2,1,1,4,2,03,4,1,000,070,9,2,1,4,1,75,5,1,9,00,9,7,14,200500015370B01,2,1,1
200500015376,2005-03-04,2005,mars,vendredi,19:40,44,44109,0,0,2,1,3,5,1,4,2,02,1,1,000,000,2,0,4,4,2,53,0,1,9,01,0,1,1,200500015376B01,7,24,1
200500015382,2005-03-02,2005,mars,mercredi,11:00,44,44109,0,0,2,1,6,1,1,4,-1,00,-1,-1,000,000,-1,0,1,4,1,13,0,1,9,00,0,0,2,200500015382B01,7,1,1
200500015393,2005-03-15,2005,mars,mardi,11:15,44,44215,0,0,2,1,3,1,1,3,2,01,1,1,000,036,1,0,1,3,1,90,5,1,9,00,2,5,1,200500015393B01,7,16,1
200500015413,2005-03-23,2005,mars,mercredi,17:45,44,44109,0,0,2,9,6,1,1,4,-1,00,2,1,000,000,1,0,0,3,1,26,0,1,9,00,2,0,1,200500015413B01,7,1/0,2
200500015423,2005-03-29,2005,mars,mardi,10:30,44,44109,0,0,2,3,3,1,1,4,2,02,2,1,000,095,1,0,1,4,2,16,5,1,2,00,2,2,8,200500015423A01,7,16,1
200500015429,2005-03-31,2005,mars,jeudi,13:50,44,44109,0,0,2,1,6,1,1,4,3,03,1,3,020,690,1,0,1,3,2,54,1,1,9,00,2,8,19,200500015429B01,7,1,1
200500015435,2005-03-12,2005,mars,samedi,10:40,44,44184,0,0,2,1,2,1,1,4,1,00,1,1,000,000,1,0,1,4,1,15,9,1,9,00,2,1,19,200500015435A01,7,1,1
200500015442,2005-03-02,2005,mars,mercredi,84:0,45,45234,0,0,2,3,3,1,1,4,2,01,1,1,005,059,1,0,1,4,2,25,9,1,9,00,2,1,15,200500015442B01,7,1,1
200500015454,2005-03-26,2005,mars,samedi,12:45,46,46042,0,0,2,9,6,1,1,4,2,02,1,1,000,063,1,0,1,4,1,34,9,1,9,00,1,1,1,200500015454A01,,,
200500015461,2005-03-03,2005,mars,jeudi,11:30,47,47157,0,0,2,1,1,1,1,9,2,02,1,3,000,070,1,0,1,4,1,68,3,1,4,00,2,1,2,200500015461B01,7,2,1
200500015471,2005-03-08,2005,mars,mardi,18:31,49,49007,0,0,2,2,3,1,1,4,2,04,1,1,000,220,1,0,1,4,1,13,5,1,9,00,2,1,1,200500015471A01,7,1,1
200500015487,2005-03-21,2005,mars,lundi,13:58,49,49007,0,0,2,6,3,1,1,4,2,01,2,1,000,102,2,0,1,4,1,56,5,1,9,00,2,1,1,200500015487B01,7,15,1
200500015498,2005-03-29,2005,mars,mardi,84:1,49,49007,0,0,2,2,3,1,1,4,2,04,2,1,000,140,2,0,1,4,2,19,0,1,9,00,2,1,1,200500015498B01,18,16,1
200500015510,2005-03-04,2005,mars,vendredi,17:00,49,49328,0,0,2,1,5,1,1,4,2,02,1,1,000,085,1,0,5,4,1,33,5,1,9,01,2,1,1,200500015510B01,7,24/1,2
200500015516,2005-03-11,2005,mars,vendredi,23:30,50,50602,0,0,2,1,6,5,1,4,-1,00,1,1,000,000,-1,0,0,4,1,62,5,1,2,01,0,0,13,200500015516A01,,,
200500015517,2005-03-17,2005,mars,jeudi,11:35,50,50602,0,0,2,1,6,1,1,2,1,01,1,2,000,089,1,0,1,4,1,64,5,1,9,00,2,8,1,200500015517B01,15,17,1
200500015522,2005-03-23,2005,mars,mercredi,91:0,50,50602,0,0,2,2,7,1,1,3,2,02,1,1,000,150,1,5,5,3,2,76,5,1,2,00,2,0,1,200500015522B01,7,15,1
200500015523,2005-03-23,2005,mars,mercredi,14:50,50,50602,0,0,2,1,3,1,1,4,2,02,-1,1,000,052,1,0,1,3,1,10,5,1,2,00,2,1,19,200500015523A01,7,1,1
200500015525,2005-03-24,2005,mars,jeudi,17:05,50,50129,0,0,2,2,3,1,1,4,2,06,1,1,000,000,1,5,1,4,1,17,1,1,2,00,2,1,1,200500015525B01,7,15,1
200500015532,2005-03-31,2005,mars,jeudi,15:25,50,50416,0,0,2,2,2,1,1,3,2,02,1,1,000,000,1,5,0,4,1,14,5,1,2,00,2,1,1,200500015532A01,7,23,1
200500015539,2005-03-23,2005,mars,mercredi,16:00,51,51242,0,0,2,2,3,1,1,3,2,02,4,1,000,000,1,0,1,3,1,73,5,1,4,00,2,3,1,200500015539B01,7,1,1
200500015543,2005-03-04,2005,mars,vendredi,12:20,51,51454,0,0,2,9,1,1,8,4,3,03,1,1,020,150,1,0,1,3,2,25,1,1,2,00,2,8,2,200500015543B01,7,15,1
200500015545,2005-03-10,2005,mars,jeudi,12:35,51,51454,0,0,2,1,3,1,1,4,-1,02,1,1,000,000,1,0,5,3,1,17,1,1,2,00,2,1,5,200500015545B01,7,2,1
200500015570,2005-03-19,2005,mars,samedi,18:30,53,53130,0,0,2,1,2,1,7,4,2,02,1,1,000,060,1,0,1,3,2,76,5,1,2,00,2,4,2,200500015570B01,7,1,1
200500015611,2005-03-25,2005,mars,vendredi,12:20,54,54395,0,0,2,3,3,1,1,4,1,02,1,1,000,000,1,0,5,4,2,45,5,1,9,00,2,1,1,200500015611B01,7,16,1
200500015649,2005-03-23,2005,mars,mercredi,17:46,56,56121,0,0,2,1,7,1,1,9,2,02,1,1,000,000,1,0,1,4,1,21,0,1,9,00,0,0,1,200500015649A01,,,
200500015661,2005-03-17,2005,mars,jeudi,15:50,56,56260,0,0,2,6,3,1,8,4,-1,02,1,2,000,090,1,0,1,3,1,70,5,1,2,00,2,1,16,200500015661A01,7,1,1
200500015662,2005-03-23,2005,mars,mercredi,75:1,56,56260,0,0,2,2,3,1,1,4,2,02,1,1,000,090,1,0,1,3,1,19,2,1,2,00,2,3,0,200500015662B01,18,16,1
200500015666,2005-03-02,2005,mars,mercredi,17:10,56,56260,0,0,2,3,3,1,1,4,2,03,1,1,000,000,1,0,1,4,1,75,5,1,2,00,2,2,21,200500015666B01,7,15,1
200500015669,2005-03-10,2005,mars,jeudi,14:00,56,56260,0,0,2,1,6,1,1,4,2,02,1,1,000,000,1,0,1,4,1,25,0,1,9,01,0,1,1,200500015669B01,7,24,1
200500015712,2005-03-07,2005,mars,lundi,17:05,58,58194,0,0,2,6,3,1,2,4,1,01,4,3,000,000,2,5,1,4,1,19,5,1,9,00,2,1,9,200500015712A01,7,16,1
200500015718,2005-03-17,2005,mars,jeudi,15:25,58,58194,0,0,2,1,3,1,1,4,3,02,1,1,000,000,1,0,1,4,1,19,5,1,9,00,2,7,19,200500015718B01,2,1,1
200500015721,2005-03-26,2005,mars,samedi,17:45,58,58194,0,0,2,6,2,1,1,4,1,01,1,1,000,000,1,0,1,4,1,18,5,1,9,00,2,4,13,200500015721A01,7,19,1
200500015742,2005-03-15,2005,mars,mardi,17:10,59,59271,0,0,2,1,3,1,1,4,2,02,1,1,000,094,1,0,1,3,1,16,2,1,2,02,2,2,9,200500015742A01,10,1,1
200500015746,2005-03-29,2005,mars,mardi,11:25,59,59183,0,0,2,1,3,1,1,4,2,03,1,3,000,150,1,2,1,2,1,65,5,1,9,00,2,1,19,200500015746A01,9,16,1
200500015756,2005-03-04,2005,mars,vendredi,82:0,59,59350,0,0,2,1,3,1,1,4,2,00,1,1,000,120,-1,0,1,4,1,56,1,1,9,00,2,1,1,200500015756B01,7,15,1
200500015775,2005-03-16,2005,mars,mercredi,10:05,59,59368,0,0,2,1,6,1,1,4,3,06,1,1,040,099,1,0,1,4,2,55,5,1,9,00,2,3,11,200500015775A01,7,1,1
200500015789,2005-03-19,2005,mars,samedi,13:45,59,59343,0,0,2,3,3,1,1,4,2,02,1,1,000,058,1,0,1,3,1,63,1,1,9,00,2,1,2,200500015789B01,7,15,1
200500015795,2005-03-23,2005,mars,mercredi,73:5,59,59009,0,0,2,9,3,2,1,4,2,00,1,1,000,095,1,0,1,4,1,59,5,1,9,00,2,1,1,200500015795B01,7,15,1
200500015805,2005-03-30,2005,mars,mercredi,13:20,59,59350,0,0,2,3,6,1,1,4,1,00,1,1,000,040,1,0,1,4,1,14,9,1,9,00,2,1,2,200500015805B01,7,23,1
200500015811,2005-03-16,2005,mars,mercredi,18:53,59,59514,0,0,2,4,7,1,1,4,2,02,2,3,000,068,1,0,1,4,1,46,5,1,2,00,1,0,1,200500015811A01,,,
200500015850,2005-03-17,2005,mars,jeudi,75:0,59,59574,0,0,2,2,3,1,1,3,2,02,1,1,000,082,1,0,1,3,1,45,5,1,4,00,2,7,1,200500015850B01,7,1,1
200500015862,2005-03-21,2005,mars,lundi,17:55,59,59352,0,0,2,9,1,1,1,6,1,01,1,1,000,038,1,0,1,3,1,13,2,1,9,00,2,1,21,200500015862B01,7,14,1
200500015886,2005-03-31,2005,mars,jeudi,18:10,62,62048,0,0,2,3,3,1,1,4,2,02,1,1,000,060,1,5,1,4,1,11,5,1,9,00,2,1,16,200500015886A01,7,1,1
200500015888,2005-03-21,2005,mars,lundi,13:25,62,62065,0,0,2,2,3,1,1,4,2,02,1,1,000,050,1,5,1,3,1,35,5,1,9,00,2,1,1,200500015888A01,7,19,1
200500015898,2005-03-22,2005,mars,mardi,13:50,62,62193,0,0,2,2,6,1,1,4,2,02,1,1,000,000,1,0,1,3,1,16,5,1,9,00,2,0,1,200500015898A01,,,
200500015920,2005-03-09,2005,mars,mercredi,15:31,62,62563,0,0,2,3,6,1,1,4,2,02,1,1,000,040,1,0,4,4,1,9,5,1,9,00,2,8,23,200500015920B01,7,15,1
200500015920,2005-03-09,2005,mars,mercredi,15:31,62,62563,0,0,2,3,6,1,1,4,2,02,1,1,000,040,1,0,4,3,2,11,5,1,9,00,2,8,23,200500015920C01,7,15,1
200500015927,2005-03-24,2005,mars,jeudi,21:00,62,62510,0,0,2,1,1,5,2,4,2,02,2,1,000,066,2,0,1,4,1,13,5,1,9,00,2,8,1,200500015927B01,99,13,1
200500015953,2005-03-16,2005,mars,mercredi,15:50,63,63113,0,0,2,1,6,1,1,4,2,00,2,1,000,000,1,0,1,1,1,27,9,1,9,00,1,1,1,200500015953A01,,,
200500015995,2005-03-20,2005,mars,dimanche,15:40,64,64140,0,0,2,2,5,1,1,3,2,03,1,1,000,080,1,5,1,4,1,27,5,1,2,00,2,1,17,200500015995B01,7,15,1
200500015995,2005-03-20,2005,mars,dimanche,15:40,64,64140,0,0,2,2,5,1,1,3,2,03,1,1,000,080,1,5,1,3,1,62,5,1,2,00,2,1,17,200500015995C01,7,15,1
200500016019,2005-03-05,2005,mars,samedi,11:20,64,64284,0,0,2,2,6,1,2,2,2,03,1,1,000,140,2,0,1,4,1,50,5,1,2,00,2,1,1,200500016019B01,7,15,1
200500016033,2005-03-28,2005,mars,lundi,15:25,64,64445,0,0,2,1,6,1,1,4,2,02,1,1,000,115,1,0,1,4,1,45,5,1,9,01,0,1,1,200500016033A01,,,
200500016067,2005-03-23,2005,mars,mercredi,75:0,65,65440,0,0,2,3,3,1,1,3,2,02,1,1,000,090,1,0,1,3,1,18,2,1,9,00,2,1,15,200500016067A01,7,1,1