Num_Acc,date,an,mois,jour,hrmn,dep,com,lat,long,agg,int,col,lum,atm,catr,circ,nbv,prof,plan,lartpc,larrout,surf,infra,situ,grav,sexe,age,trajet,secuexist,equipement,obs,obsm,choc,manv,vehiculeid,typevehicules,manoeuvehicules,numVehicules
200500016071,2005-03-28,2005,mars,lundi,23:55,65,65226,0,0,2,6,7,3,1,2,2,02,1,1,000,070,1,0,0,4,2,19,5,1,9,00,0,7,1,200500016071A01,,,
200500016083,2005-03-29,2005,mars,mardi,16:30,67,67462,0,0,2,1,2,1,1,2,2,02,1,1,000,080,1,0,0,3,1,80,0,1,9,00,2,7,0,200500016083B01,7,4,1
200500016093,2005-03-11,2005,mars,vendredi,14:55,67,67482,0,0,2,3,4,1,1,4,1,02,1,1,000,080,1,0,1,1,1,25,5,1,9,00,0,0,19,200500016093C01,14/ 7,1/23,2
200500016101,2005-03-16,2005,mars,mercredi,74:5,67,67482,0,0,2,5,3,1,7,4,1,01,1,1,000,033,1,5,1,3,1,33,1,1,4,00,2,8,1,200500016101B01,7,15,1
200500016103,2005-03-17,2005,mars,jeudi,90:0,67,67482,0,0,2,1,6,1,1,4,2,03,1,1,000,112,1,0,1,4,1,46,1,1,9,00,2,1,9,200500016103B01,20,1,1
200500016104,2005-03-17,2005,mars,jeudi,10:15,67,67482,0,0,2,1,1,1,1,4,1,01,1,1,000,170,1,0,1,1,1,20,5,1,9,00,2,1,1,200500016104A01,1,1,1
200500016104,2005-03-17,2005,mars,jeudi,10:15,67,67482,0,0,2,1,1,1,1,4,1,01,1,1,000,170,1,0,1,4,2,22,5,1,9,00,2,1,1,200500016104B01,1,1,1
200500016108,2005-03-19,2005,mars,samedi,11:20,67,67482,0,0,2,3,3,1,1,4,2,02,1,1,000,090,1,0,1,4,2,59,0,1,9,00,2,1,1,200500016108B01,7,15,1
200500016110,2005-03-20,2005,mars,dimanche,17:00,67,67482,0,0,2,1,6,1,1,4,-1,01,1,1,000,042,1,0,0,4,1,6,5,1,9,00,2,8,1,200500016110B01,7,1,1
200500016111,2005-03-22,2005,mars,mardi,84:0,67,67482,0,0,2,1,6,1,1,4,3,04,2,1,019,091,1,2,1,4,1,39,1,1,9,00,2,2,1,200500016111B01,7,1,1
200500016112,2005-03-22,2005,mars,mardi,11:20,67,67482,0,0,2,3,6,1,1,4,1,01,1,1,000,126,1,0,1,1,1,31,5,1,9,00,1,1,1,200500016112A01,,,
200500016115,2005-03-23,2005,mars,mercredi,84:5,67,67482,0,0,2,3,3,1,1,4,2,02,1,1,023,109,1,0,1,4,2,58,9,1,9,00,2,1,1,200500016115B01,7,16,1
200500016120,2005-03-26,2005,mars,samedi,15:40,67,67482,0,0,2,2,3,1,1,4,2,05,1,1,107,155,1,0,1,4,2,65,5,1,9,00,2,4,19,200500016120B01,7,15,1
200500016125,2005-03-31,2005,mars,jeudi,55:0,67,67482,0,0,2,3,3,5,9,4,2,02,1,1,000,110,1,0,1,4,1,20,1,1,9,00,2,1,1,200500016125B01,7,15,1
200500016130,2005-03-04,2005,mars,vendredi,11:25,68,68066,0,0,2,1,3,1,1,4,2,02,1,1,000,094,1,0,1,3,1,18,1,1,9,00,2,8,19,200500016130A01,7,1,1
200500016134,2005-03-15,2005,mars,mardi,14:00,68,68066,0,0,2,3,1,1,1,4,2,02,1,3,000,072,1,0,1,4,1,70,5,1,2,00,2,1,16,200500016134B01,1,13,1
200500016134,2005-03-15,2005,mars,mardi,14:00,68,68066,0,0,2,3,1,1,1,4,2,02,1,3,000,072,1,0,1,3,1,16,2,1,2,00,2,1,13,200500016134A01,1,16,1
200500016136,2005-03-19,2005,mars,samedi,11:39,68,68066,0,0,2,1,3,1,1,3,3,02,1,1,020,070,1,0,1,4,2,29,4,1,4,00,2,3,13,200500016136A01,7,1,1
200500016147,2005-03-22,2005,mars,mardi,14:40,68,68256,0,0,2,6,3,1,1,4,2,02,-1,-1,000,060,1,0,1,3,2,70,0,1,9,00,2,3,2,200500016147B01,7,2,1
200500016148,2005-03-18,2005,mars,vendredi,14:40,68,68224,0,0,2,1,6,1,1,4,2,02,1,1,020,074,1,0,1,3,1,21,5,1,9,14,0,0,21,200500016148B01,7,23,1
200500016160,2005-03-13,2005,mars,dimanche,15:00,69,69259,0,0,2,1,6,1,1,5,-1,00,-1,-1,000,000,-1,0,1,1,1,9,5,1,9,00,1,1,1,200500016160A01,,,
200500016173,2005-03-18,2005,mars,vendredi,16:25,69,69266,0,0,2,1,6,1,1,4,2,02,1,1,000,100,1,0,1,4,1,23,2,1,9,00,1,1,1,200500016173A01,,,
200500016205,2005-03-18,2005,mars,vendredi,13:20,71,71270,0,0,2,1,3,1,1,4,2,00,1,1,000,060,1,0,1,4,1,9,5,1,9,00,2,8,19,200500016205B01,7,1,1
200500016209,2005-03-02,2005,mars,mercredi,74:5,71,71306,0,0,2,2,2,1,1,3,3,04,1,1,039,121,1,0,1,2,1,20,1,1,9,00,0,4,1,200500016209B01,14,17,1
200500016241,2005-03-24,2005,mars,jeudi,17:20,72,72181,0,0,2,1,1,1,1,9,2,01,2,1,000,090,1,0,1,3,1,14,5,1,9,00,2,1,1,200500016241A01,7,1,1
200500016247,2005-03-30,2005,mars,mercredi,16:50,72,72181,0,0,2,1,6,1,1,9,1,01,2,1,000,036,1,0,1,1,1,21,5,1,9,00,1,1,1,200500016247A01,,,
200500016267,2005-03-16,2005,mars,mercredi,84:0,74,74008,0,0,2,3,3,1,1,4,2,02,1,1,000,060,1,0,1,3,2,82,5,1,9,00,2,1,1,200500016267B01,7,15,1
200500016294,2005-03-06,2005,mars,dimanche,20:35,75,75006,0,0,2,2,6,5,1,4,2,04,1,1,000,120,1,0,1,4,2,16,5,0,0,00,1,6,1,200500016294A01,,,
200500016302,2005-03-05,2005,mars,samedi,74:5,75,75015,0,0,2,2,3,1,1,4,1,01,1,1,000,030,2,0,1,4,2,45,4,0,0,00,2,5,1,200500016302A01,7,1,1
200500016308,2005-03-01,2005,mars,mardi,14:20,75,75012,0,0,2,1,2,1,1,4,2,02,1,1,000,060,1,0,1,4,1,18,5,0,0,00,2,1,1,200500016308A01,2,1,1
200500016325,2005-03-02,2005,mars,mercredi,14:40,75,75010,0,0,2,1,6,1,4,4,1,02,1,1,000,060,5,0,1,4,1,41,5,0,0,01,0,1,7,200500016325A01,,,
200500016348,2005-03-03,2005,mars,jeudi,11:35,75,75005,0,0,2,1,4,1,8,4,2,03,1,1,000,090,1,0,1,4,2,23,5,0,0,00,2,1,7,200500016348B01,10/ 18,22/7,2
200500016387,2005-03-05,2005,mars,samedi,15:25,75,75006,0,0,2,1,6,1,8,4,1,01,1,1,000,030,1,0,1,1,1,28,5,0,0,00,1,1,1,200500016387A01,,,
200500016435,2005-03-11,2005,mars,vendredi,94:0,75,75017,0,0,2,4,2,1,1,4,2,04,1,1,000,120,1,0,1,4,1,31,4,0,0,00,2,1,1,200500016435A01,7,1,1
200500016458,2005-03-13,2005,mars,dimanche,16:40,75,75005,0,0,2,2,3,1,1,4,1,02,1,1,000,060,1,0,1,4,1,39,1,0,0,00,2,1,16,200500016458B01,7,16,1
200500016460,2005-03-14,2005,mars,lundi,17:25,75,75001,0,0,2,1,6,1,1,4,1,04,1,1,000,120,1,0,1,4,2,26,5,0,0,12,0,1,7,200500016460A01,,,
200500016467,2005-03-15,2005,mars,mardi,11:25,75,75013,0,0,2,1,3,1,1,4,2,04,1,1,000,120,1,0,1,4,1,23,5,0,0,00,2,3,1,200500016467B01,7,16,1
200500016468,2005-03-18,2005,mars,vendredi,16:55,75,75007,0,0,2,1,3,1,1,4,1,01,1,1,000,030,1,0,1,4,2,51,4,1,2,00,2,3,18,200500016468B01,7,22,1
200500016473,2005-03-12,2005,mars,samedi,18:10,75,75015,0,0,2,1,3,2,1,4,2,02,1,1,000,060,1,0,1,4,2,65,5,0,0,00,2,6,1,200500016473B01,7,17,1
200500016474,2005-03-13,2005,mars,dimanche,19:25,75,75015,0,0,2,2,3,5,1,4,2,04,1,1,000,120,1,0,1,4,1,76,5,0,0,00,2,2,15,200500016474A01,7,1,1
200500016475,2005-03-13,2005,mars,dimanche,12:50,75,75017,0,0,2,2,6,1,1,4,2,02,1,1,000,060,1,0,1,1,1,24,5,0,0,00,1,1,1,200500016475A01,,,
200500016520,2005-03-17,2005,mars,jeudi,15:05,75,75004,0,0,2,4,2,1,1,4,2,04,1,1,000,120,1,0,1,3,2,54,5,1,2,00,2,4,1,200500016520B01,7,1,1
200500016521,2005-03-17,2005,mars,jeudi,92:0,75,75008,0,0,2,2,3,1,1,4,2,04,1,1,000,120,1,0,1,4,2,42,4,0,0,00,2,3,1,200500016521B01,7,16,1
200500016535,2005-03-18,2005,mars,vendredi,13:55,75,75008,0,0,2,1,3,1,1,4,2,06,1,1,000,180,1,0,1,4,1,39,5,0,0,00,2,2,1,200500016535B01,7,22,1
200500016556,2005-03-20,2005,mars,dimanche,17:10,75,75016,0,0,2,1,6,1,1,4,2,04,1,1,000,120,1,0,1,3,1,62,5,0,0,00,2,3,1,200500016556B01,1,0,1
200500016571,2005-03-18,2005,mars,vendredi,85:5,75,75017,0,0,2,1,6,1,1,4,1,01,1,1,000,030,1,0,1,4,1,30,4,1,2,00,1,1,1,200500016571A01,,,
200500016581,2005-03-20,2005,mars,dimanche,10:00,75,75016,0,0,2,1,7,1,1,4,1,02,1,2,000,060,1,0,1,4,1,57,5,1,2,00,0,1,1,200500016581A01,,,
200500016621,2005-03-24,2005,mars,jeudi,13:00,75,75010,0,0,2,2,3,1,1,4,2,04,1,1,000,120,2,0,1,4,1,23,5,0,0,00,2,1,7,200500016621B01,7,15,1
200500016633,2005-03-23,2005,mars,mercredi,95:0,75,75007,0,0,2,3,7,1,1,4,2,02,1,1,000,060,1,0,1,4,2,45,1,0,0,00,0,2,21,200500016633A01,,,
200500016646,2005-03-22,2005,mars,mardi,15:10,75,75005,0,0,2,4,3,1,1,4,2,02,1,1,000,060,2,0,1,4,2,36,5,1,2,00,2,1,18,200500016646B01,7,22,1
200500016685,2005-03-28,2005,mars,lundi,13:55,75,75012,0,0,2,1,3,1,1,4,1,02,1,1,000,060,1,0,1,4,2,59,5,1,2,00,2,3,1,200500016685A01,7,17,1
200500016700,2005-03-24,2005,mars,jeudi,19:00,75,75005,0,0,2,2,3,5,2,4,1,01,1,1,000,030,2,0,1,4,1,42,1,0,0,00,2,1,7,200500016700B01,7,1,1
200500016726,2005-03-29,2005,mars,mardi,19:35,75,75018,0,0,2,1,3,2,2,4,1,01,1,1,000,030,2,0,1,4,1,42,5,0,0,00,2,2,18,200500016726B01,7,22,1
200500016735,2005-03-30,2005,mars,mercredi,14:00,75,75016,0,0,2,1,7,1,1,4,2,04,1,1,000,120,1,0,1,3,1,52,5,0,0,00,0,2,1,200500016735A01,,,
200500016786,2005-03-29,2005,mars,mardi,54:6,75,75012,0,0,2,1,2,5,1,4,2,04,1,1,000,120,1,0,1,4,1,50,4,0,0,00,2,4,11,200500016786B01,7,1,1
200500016816,2005-03-16,2005,mars,mercredi,13:10,75,75019,0,0,2,2,2,1,1,4,2,02,1,1,000,060,1,0,1,4,1,35,5,1,2,00,2,1,1,200500016816A01,7,23,1
200500016868,2005-03-17,2005,mars,jeudi,20:20,77,77143,0,0,2,1,2,5,1,4,2,02,1,1,000,070,1,0,0,4,1,19,5,1,4,00,2,4,1,200500016868B01,7,2,1
200500016878,2005-03-16,2005,mars,mercredi,16:35,77,77528,0,0,2,1,3,1,1,9,2,02,1,3,000,059,1,0,0,3,2,6,5,1,9,00,2,0,14,200500016878B01,7,10,1
200500016952,2005-03-10,2005,mars,jeudi,20:54,78,78517,0,0,2,1,7,5,1,4,1,02,1,1,000,040,1,0,4,1,1,25,5,1,2,00,1,1,5,200500016952A01,,,
200500016995,2005-03-25,2005,mars,vendredi,17:35,78,78343,0,0,2,2,3,1,7,4,1,01,1,1,000,030,1,0,1,4,1,24,5,1,9,00,2,3,1,200500016995A01,7,1,1
200500017064,2005-03-23,2005,mars,mercredi,16:00,82,82121,0,0,2,1,6,1,1,4,2,02,1,1,000,000,1,0,0,1,1,38,4,1,2,00,1,1,1,200500017064A01,,,
200500017076,2005-03-17,2005,mars,jeudi,19:15,83,83061,0,0,2,1,2,5,1,2,2,03,1,1,000,097,1,0,1,3,1,49,5,1,9,00,2,4,2,200500017076B01,7,1,1
200500017170,2005-03-21,2005,mars,lundi,15:50,84,84035,0,0,2,1,6,1,1,4,-1,01,1,1,000,040,1,0,1,1,1,26,0,1,9,00,1,1,1,200500017170A01,,,
200500017170,2005-03-21,2005,mars,lundi,15:50,84,84035,0,0,2,1,6,1,1,4,-1,01,1,1,000,040,1,0,1,4,1,45,0,0,0,00,1,1,1,200500017170A01,,,
200500017188,2005-03-25,2005,mars,vendredi,17:55,85,85194,0,0,2,3,3,1,1,4,2,00,1,1,000,000,1,0,1,4,1,16,3,1,9,00,2,1,2,200500017188A01,7,1,1
200500017190,2005-03-30,2005,mars,mercredi,13:40,85,85194,0,0,2,1,2,1,2,4,2,00,1,1,000,000,2,0,1,4,1,14,5,1,9,00,2,1,1,200500017190A01,7,1,1
200500017191,2005-03-03,2005,mars,jeudi,80:0,85,85194,0,0,2,1,2,1,1,4,2,00,1,1,000,000,1,0,1,4,1,19,2,1,9,00,2,1,1,200500017191A01,7,1,1
200500017247,2005-03-15,2005,mars,mardi,13:45,87,87065,0,0,2,1,2,1,1,3,2,02,1,1,000,070,1,0,1,3,1,31,5,1,2,00,2,4,1,200500017247B01,10,17,1
200500017261,2005-03-27,2005,mars,dimanche,15:00,87,87085,0,0,2,1,6,1,2,4,2,02,-1,-1,000,060,2,0,1,4,1,5,5,1,9,00,0,0,0,200500017261A01,,,
200500017290,2005-03-13,2005,mars,dimanche,20:00,90,90010,0,0,2,1,6,5,1,4,2,02,1,1,000,101,1,0,1,3,1,32,0,1,9,00,0,1,0,200500017290A01,,,
200500017295,2005-03-19,2005,mars,samedi,16:25,90,90010,0,0,2,1,3,1,1,4,-1,02,1,1,000,062,1,0,4,4,1,28,5,1,9,00,2,1,1,200500017295A01,7,23,1
200500017296,2005-03-21,2005,mars,lundi,15:20,90,90010,0,0,2,1,3,1,1,6,2,01,2,1,000,000,1,0,0,3,1,65,5,1,9,00,2,3,1,200500017296B01,7,15,1
200500017345,2005-03-19,2005,mars,samedi,18:25,91,91691,0,0,2,2,3,1,1,4,2,02,4,1,000,070,1,0,1,4,1,18,5,1,9,00,2,1,19,200500017345B01,7,15,1
200500017360,2005-03-25,2005,mars,vendredi,17:00,91,91692,0,0,2,3,3,1,1,4,2,02,1,1,000,000,1,0,1,4,1,30,0,1,2,00,2,1,1,200500017360A01,7,15,1
200500017369,2005-03-30,2005,mars,mercredi,81:5,91,91549,0,0,2,2,6,1,1,4,2,02,1,1,000,000,1,0,1,4,1,13,2,1,9,00,2,1,15,200500017369A01,7,1,1
200500017404,2005-03-24,2005,mars,jeudi,18:40,92,92012,0,0,2,1,3,5,3,3,2,04,1,1,100,110,2,0,1,4,1,11,5,0,0,01,2,1,2,200500017404B01,7,24,1
200500017416,2005-03-24,2005,mars,jeudi,19:20,92,92032,0,0,2,3,3,2,2,2,3,04,2,1,020,140,2,5,1,4,1,15,5,1,2,00,2,1,19,200500017416B01,7,1,1
200500017434,2005-03-14,2005,mars,lundi,17:05,92,92025,0,0,2,2,6,1,1,4,1,01,1,1,000,700,1,0,1,4,1,14,5,1,9,00,2,1,1,200500017434B01,7,1,1
200500017439,2005-03-17,2005,mars,jeudi,17:15,92,92026,0,0,2,1,1,1,1,9,2,02,1,1,000,000,1,0,1,4,1,24,1,1,9,00,2,1,1,200500017439B01,7,15,1
200500017454,2005-03-07,2005,mars,lundi,11:25,92,92044,0,0,2,1,6,1,1,4,2,02,1,1,000,000,1,0,1,1,1,62,9,1,9,00,1,0,2,200500017454A01,,,
200500017457,2005-03-15,2005,mars,mardi,13:20,92,92044,0,0,2,3,3,1,1,4,2,02,1,1,000,000,1,0,0,4,1,35,1,0,0,00,2,4,16,200500017457B01,2,17,1
200500017467,2005-03-30,2005,mars,mercredi,16:15,92,92048,0,0,2,1,3,1,1,3,2,02,1,1,000,059,1,0,1,3,2,9,9,1,9,00,2,3,2,200500017467B01,7,2,1
200500017514,2005-03-19,2005,mars,samedi,12:18,92,92073,0,0,2,1,6,1,1,3,3,04,2,1,000,000,1,0,1,4,1,62,5,1,9,00,2,4,1,200500017514B01,7,17,1
200500017551,2005-03-26,2005,mars,samedi,12:45,93,93007,0,0,2,2,3,1,1,4,1,01,1,1,000,045,1,0,1,4,1,75,3,1,9,00,2,3,5,200500017551A01,2,2,1
200500017689,2005-03-25,2005,mars,vendredi,17:45,93,93073,0,0,2,2,7,1,1,4,2,01,1,-1,000,060,1,0,1,3,1,14,0,1,9,00,0,0,0,200500017689A01,,,
200500017733,2005-03-16,2005,mars,mercredi,17:00,94,94028,0,0,2,1,7,1,1,2,3,06,1,1,020,180,1,0,1,4,1,15,5,1,9,00,0,0,1,200500017733A01,,,
200500017818,2005-03-31,2005,mars,jeudi,15:45,95,95582,0,0,2,1,7,1,1,4,1,01,1,1,000,000,1,0,5,3,1,76,3,1,9,12,9,1,1,200500017818A01,,,
200500017823,2005-03-30,2005,mars,mercredi,16:10,95,95063,0,0,2,1,6,1,1,2,2,02,1,1,000,110,1,6,1,4,1,19,9,1,9,00,1,2,1,200500017823A01,,,
200500017835,2005-03-18,2005,mars,vendredi,18:45,95,95574,0,0,2,1,3,1,1,4,2,01,1,1,000,000,1,0,1,4,1,20,0,1,9,00,2,1,1,200500017835A01,7,1,1
200500017877,2005-03-23,2005,mars,mercredi,80:0,2A,2A004,0,0,2,1,2,1,1,4,1,04,1,1,000,120,1,0,1,4,1,24,0,1,9,00,2,1,2,200500017877A01,7,2,1
200500018108,2005-03-10,2005,mars,jeudi,16:15,69,69383,0,0,2,2,6,1,1,4,2,04,1,1,000,000,1,0,1,1,1,24,0,1,2,00,1,1,1,200500018108A01,,,
200500018111,2005-03-13,2005,mars,dimanche,11:50,69,69386,0,0,2,1,1,1,1,4,2,00,1,1,000,000,-1,0,1,1,1,45,0,1,9,00,0,0,0,200500018111A01,1,0,1
200500018111,2005-03-13,2005,mars,dimanche,11:50,69,69386,0,0,2,1,1,1,1,4,2,00,1,1,000,000,-1,0,1,4,2,8,0,1,9,00,0,0,0,200500018111B01,1,0,1
200500018169,2005-03-12,2005,mars,samedi,16:50,69,69387,0,0,2,1,3,2,1,4,2,02,1,1,000,000,1,0,5,4,2,7,5,1,2,00,2,0,19,200500018169B01,10,15,1
200500018338,2005-03-07,2005,mars,lundi,13:30,92,92009,0,0,2,1,1,1,1,3,1,01,1,1,000,050,1,0,1,4,2,33,9,1,9,01,0,1,21,200500018338B01,7,22,1
200500018347,2005-03-19,2005,mars,samedi,11:55,93,93029,0,0,2,3,6,1,1,4,2,02,1,-1,000,060,1,0,1,4,1,12,5,1,9,00,0,1,19,200500018347B01,7,21,1
200500018398,2005-04-27,2005,avril,mercredi,17:05,01,01053,0,0,2,3,3,1,1,3,2,02,1,1,000,150,1,0,1,3,1,82,5,1,9,00,1,0,23,200500018398B01,10,15,1
200500018399,2005-04-29,2005,avril,vendredi,14:25,01,01451,0,0,2,1,5,1,1,4,2,02,1,1,000,100,1,0,1,4,1,14,5,1,2,00,0,1,2,200500018399B01,2,1,1
200500018399,2005-04-29,2005,avril,vendredi,14:25,01,01451,0,0,2,1,5,1,1,4,2,02,1,1,000,100,1,0,1,4,1,14,0,1,2,00,0,1,2,200500018399C01,2,1,1
200500018406,2005-04-20,2005,avril,mercredi,17:15,03,03185,0,0,2,1,3,1,1,4,2,02,2,1,000,620,1,0,5,3,2,37,1,1,9,00,2,1,21,200500018406B01,7,16,1
200500018412,2005-04-02,2005,avril,samedi,16:50,03,03095,0,0,2,1,5,1,1,3,2,02,1,1,000,080,1,0,1,4,1,43,5,1,9,00,2,1,13,200500018412A01,1,1,2
200500018412,2005-04-02,2005,avril,samedi,16:50,03,03095,0,0,2,1,5,1,1,3,2,02,1,1,000,080,1,0,1,4,1,51,5,1,9,00,2,7,1,200500018412B01,1,13/1,2
200500018412,2005-04-02,2005,avril,samedi,16:50,03,03095,0,0,2,1,5,1,1,3,2,02,1,1,000,080,1,0,1,4,1,41,9,1,9,00,2,1,1,200500018412C01,1,13/1,2
200500018465,2005-04-07,2005,avril,jeudi,12:30,06,06029,0,0,2,1,3,1,1,2,2,02,1,1,000,081,1,0,1,1,1,62,5,1,2,00,2,8,13,200500018465A01,4,17,1
200500018490,2005-04-22,2005,avril,vendredi,80:5,06,06029,0,0,2,3,3,1,1,4,2,02,1,1,000,070,1,0,1,4,1,30,5,1,9,00,2,1,16,200500018490A01,10,1,1
200500018493,2005-04-22,2005,avril,vendredi,18:27,06,06029,0,0,2,1,3,1,1,2,2,02,1,-1,000,080,-1,0,1,4,2,36,5,1,9,00,2,8,13,200500018493A01,7,1,1
200500018496,2005-04-25,2005,avril,lundi,74:8,06,06029,0,0,2,6,3,1,1,4,2,04,1,3,000,140,1,0,1,4,1,39,1,1,4,00,2,1,1,200500018496B01,7,1,1
200500018571,2005-04-12,2005,avril,mardi,94:5,06,06088,0,0,2,1,2,1,1,4,-1,02,1,1,000,120,-1,0,1,4,1,84,5,1,2,00,2,4,15,200500018571B01,7,15,1
200500018573,2005-04-13,2005,avril,mercredi,73:0,06,06088,0,0,2,3,6,1,1,2,-1,03,1,2,000,112,1,0,1,1,2,19,0,1,9,00,2,0,0,200500018573B01,2,0,1
200500018592,2005-04-18,2005,avril,lundi,15:00,06,06088,0,0,2,3,3,1,1,2,3,04,1,1,000,108,2,0,1,4,1,56,9,1,9,00,2,1,21,200500018592A01,7,23,1
200500018691,2005-04-13,2005,avril,mercredi,11:25,13,13004,0,0,2,1,3,1,1,4,3,01,1,1,020,035,1,0,1,3,1,16,5,1,9,00,2,1,19,200500018691B01,7,1,1
200500018704,2005-04-02,2005,avril,samedi,12:15,13,13102,0,0,2,1,3,1,1,4,2,02,1,2,000,040,1,0,1,4,1,40,5,1,2,00,2,3,1,200500018704B01,7,16,1
200500018742,2005-04-03,2005,avril,dimanche,17:00,13,13055,0,0,2,9,3,1,1,9,-1,00,1,-1,000,000,1,0,0,4,1,24,5,0,0,00,0,0,0,200500018742B01,7,0,1
200500018817,2005-04-25,2005,avril,lundi,16:35,13,13055,0,0,2,1,1,1,1,4,2,02,1,1,000,060,1,0,1,3,1,22,0,1,9,00,2,1,17,200500018817A01,7,0,1
200500018841,2005-04-24,2005,avril,dimanche,12:30,13,13055,0,0,2,1,6,1,1,4,2,02,1,1,000,060,1,0,1,3,1,23,0,1,9,00,0,0,0,200500018841A01,7,10,1
200500018852,2005-04-01,2005,avril,vendredi,15:16,13,13055,0,0,2,2,3,1,1,3,-1,06,1,1,000,188,1,0,1,3,1,34,0,1,9,00,0,0,15,200500018852B01,5,1,1
200500018884,2005-04-30,2005,avril,samedi,14:00,13,13055,0,0,2,6,2,1,1,2,-1,00,1,-1,000,076,1,5,0,3,1,71,5,0,0,00,2,0,0,200500018884B01,7,9,1
200500018924,2005-04-26,2005,avril,mardi,16:55,13,13055,0,0,2,1,1,1,1,4,2,02,1,1,000,000,1,0,1,4,1,9,5,1,9,00,0,0,0,200500018924B01,7,2,1
200500018932,2005-04-24,2005,avril,dimanche,11:50,13,13055,0,0,2,1,7,1,1,3,2,02,1,1,000,030,9,5,1,3,1,53,5,1,9,14,0,1,1,200500018932A01,,,
200500018978,2005-04-21,2005,avril,jeudi,71:5,13,13055,0,0,2,1,6,1,1,9,-1,00,1,1,000,000,1,0,4,1,2,26,0,1,9,00,1,1,1,200500018978A01,,,
200500019000,2005-04-04,2005,avril,lundi,15:15,13,13055,0,0,2,2,3,1,1,4,2,04,2,1,020,144,1,0,1,4,1,33,5,0,0,00,2,1,15,200500019000A01,7,1,1
200500019035,2005-04-29,2005,avril,vendredi,15:16,14,14118,0,0,2,1,7,1,1,4,2,03,2,2,000,090,1,0,4,4,1,13,5,1,2,00,2,0,21,200500019035B01,7,20,1
200500019051,2005-04-21,2005,avril,jeudi,22:58,17,17449,0,0,2,4,1,3,1,4,2,02,1,1,000,105,1,0,1,3,1,34,5,1,9,00,2,1,13,200500019051A01,7,1,1
200500019053,2005-04-06,2005,avril,mercredi,18:07,17,17200,0,0,2,1,2,1,1,4,2,02,1,1,000,050,1,0,0,4,2,49,4,1,9,00,2,4,1,200500019053B01,7,1,1
200500019064,2005-04-20,2005,avril,mercredi,18:30,17,17291,0,0,2,3,3,1,1,4,2,02,1,4,000,046,1,0,1,4,1,83,5,1,9,00,2,1,15,200500019064B01,7,1,1
200500019095,2005-04-22,2005,avril,vendredi,17:12,18,18033,0,0,2,9,2,1,1,4,2,02,1,3,000,060,1,0,1,4,1,54,1,1,4,00,0,4,23,200500019095B01,7,2,1
200500019098,2005-04-25,2005,avril,lundi,14:55,18,18033,0,0,2,2,3,1,2,4,2,02,2,1,000,000,2,5,1,3,1,27,0,1,9,00,2,2,1,200500019098A01,7,1,1
200500019116,2005-04-21,2005,avril,jeudi,17:25,21,21054,0,0,2,3,3,1,1,3,2,04,1,1,000,270,1,0,1,4,1,39,1,1,2,00,2,1,2,200500019116B01,7,19,1
200500019120,2005-04-01,2005,avril,vendredi,19:33,21,21166,0,0,2,6,3,1,1,4,1,02,1,2,000,090,1,5,1,3,1,52,5,1,2,00,2,1,1,200500019120B01,7,16,1
200500019133,2005-04-19,2005,avril,mardi,17:00,21,21231,0,0,2,5,3,1,1,4,2,04,1,1,000,076,1,5,1,4,1,30,1,1,2,00,2,1,1,200500019133A01,7,1,1
200500019143,2005-04-28,2005,avril,jeudi,18:00,21,21231,0,0,2,1,6,1,1,4,2,02,1,1,000,067,1,0,1,3,1,17,0,1,2,01,0,1,1,200500019143B01,7,22,1
200500019146,2005-04-30,2005,avril,samedi,12:29,21,21278,0,0,2,6,3,1,1,4,2,02,1,1,000,106,1,5,1,4,1,36,5,1,2,00,2,1,1,200500019146B01,7,1,1
200500019151,2005-04-16,2005,avril,samedi,90:0,22,22278,0,0,2,6,6,1,1,4,1,01,1,2,000,080,1,5,1,4,1,46,4,1,4,00,2,1,9,200500019151B01,7,9,1
200500019157,2005-04-15,2005,avril,vendredi,16:30,24,24037,0,0,2,1,6,1,1,4,2,01,1,1,000,098,1,0,1,2,1,83,5,1,9,00,2,8,17,200500019157A01,17,13,1
200500019165,2005-04-09,2005,avril,samedi,14:53,24,24322,0,0,2,6,6,2,1,2,2,02,1,1,000,067,1,0,1,4,2,24,0,1,9,00,2,4,16,200500019165B01,7,1,1
200500019187,2005-04-14,2005,avril,jeudi,19:55,25,25031,0,0,2,1,3,2,1,3,2,02,1,1,000,000,1,0,1,3,2,79,5,0,0,00,2,8,1,200500019187B01,7,17,1
200500019196,2005-04-12,2005,avril,mardi,80:5,26,26281,0,0,2,2,3,1,1,4,2,02,1,1,000,080,1,0,1,3,1,26,1,1,2,00,2,4,9,200500019196A01,7,1,1
200500019198,2005-04-20,2005,avril,mercredi,72:5,26,26057,0,0,2,3,6,1,8,1,-1,50,1,1,000,600,2,0,0,4,1,29,1,1,2,00,0,6,15,200500019198B01,5,17,1
200500019199,2005-04-26,2005,avril,mardi,13:00,26,26281,0,0,2,1,6,1,1,4,3,02,1,1,070,160,1,0,1,4,1,75,5,1,2,01,0,1,1,200500019199B01,7,22,1
200500019201,2005-04-29,2005,avril,vendredi,16:55,26,26281,0,0,2,3,6,1,1,4,2,02,1,1,000,062,1,0,1,4,1,16,5,1,2,00,2,8,15,200500019201A01,2,17,1
200500019210,2005-04-27,2005,avril,mercredi,18:40,26,26362,0,0,2,1,3,1,1,4,1,01,1,1,000,030,1,0,1,3,1,9,5,1,9,00,2,1,9,200500019210B01,7,1,1
200500019212,2005-04-01,2005,avril,vendredi,17:40,27,27229,0,0,2,1,6,1,1,4,-1,02,1,-1,000,080,-1,0,1,4,1,29,9,1,2,00,2,0,0,200500019212B01,7,0,1
200500019219,2005-04-02,2005,avril,samedi,14:05,27,27375,0,0,2,1,1,1,1,4,2,02,1,4,000,060,1,0,1,4,1,9,5,1,9,00,2,1,13,200500019219A01,7,1,1