Num_Acc,date,an,mois,jour,hrmn,dep,com,lat,long,agg,int,col,lum,atm,catr,circ,nbv,prof,plan,lartpc,larrout,surf,infra,situ,grav,sexe,age,trajet,secuexist,equipement,obs,obsm,choc,manv,vehiculeid,typevehicules,manoeuvehicules,numVehicules
200500019276,2005-04-01,2005,avril,vendredi,82:6,30,30189,0,0,2,1,3,1,1,4,2,02,1,1,000,000,1,0,1,4,1,13,5,1,2,00,2,0,1,200500019276B01,7,15,1
200500019328,2005-04-01,2005,avril,vendredi,14:15,31,31555,0,0,2,2,3,1,1,4,2,02,1,1,000,056,1,0,1,4,1,15,9,1,9,00,2,1,1,200500019328A01,7,1,1
200500019329,2005-04-01,2005,avril,vendredi,17:00,31,31555,0,0,2,1,1,1,1,4,1,01,1,1,000,030,1,0,1,3,1,25,9,1,2,00,2,1,5,200500019329A01,7,15,1
200500019337,2005-04-03,2005,avril,dimanche,12:20,31,31555,0,0,2,1,3,1,1,4,2,03,1,1,000,090,1,0,1,4,1,45,5,1,9,00,0,1,1,200500019337B01,7,16,1
200500019383,2005-04-17,2005,avril,dimanche,16:30,31,31555,0,0,2,1,1,1,1,4,2,02,4,2,000,050,1,0,1,3,1,15,0,1,9,00,2,1,5,200500019383A01,7,5,1
200500019419,2005-04-01,2005,avril,vendredi,80:5,33,33063,0,0,2,1,3,1,1,4,1,01,1,1,000,060,1,0,1,4,2,14,0,1,2,01,2,1,18,200500019419B01,7,22,1
200500019428,2005-04-03,2005,avril,dimanche,13:35,33,33318,0,0,2,1,3,1,1,4,2,02,1,1,000,080,1,0,1,4,1,19,0,1,2,00,2,0,13,200500019428A01,7,1,1
200500019431,2005-04-06,2005,avril,mercredi,85:0,33,33063,0,0,2,1,3,2,1,4,2,02,1,1,000,080,1,0,1,4,1,34,0,1,2,00,2,0,17,200500019431B01,7,1,1
200500019436,2005-04-09,2005,avril,samedi,42:5,33,33063,0,0,2,1,3,5,1,4,3,04,1,1,020,120,1,0,1,3,2,28,0,1,2,00,2,7,19,200500019436A01,5,1,1
200500019442,2005-04-09,2005,avril,samedi,11:25,33,33063,0,0,2,1,2,1,1,4,3,02,1,2,000,060,1,4,1,4,1,17,0,1,9,00,2,4,1,200500019442B01,7,1,1
200500019443,2005-04-09,2005,avril,samedi,19:28,33,33063,0,0,2,1,2,1,1,4,1,01,1,1,000,028,1,4,1,4,1,30,0,1,9,00,2,1,1,200500019443B01,7,4,1
200500019445,2005-04-12,2005,avril,mardi,82:0,33,33063,0,0,2,1,5,1,1,4,2,06,1,1,000,000,1,0,1,4,1,26,0,0,0,00,1,1,2,200500019445B01,10/ 7,22/2,2
200500019454,2005-04-12,2005,avril,mardi,92:0,33,33550,0,0,2,2,3,1,1,4,3,05,1,1,008,157,1,0,1,3,1,25,5,1,9,00,2,1,1,200500019454B01,10,15,1
200500019455,2005-04-15,2005,avril,vendredi,75:0,33,33063,0,0,2,2,3,1,1,4,2,02,1,1,000,130,1,0,1,4,2,50,0,1,2,00,2,2,2,200500019455B01,10,16,1
200500019466,2005-04-20,2005,avril,mercredi,18:20,33,33063,0,0,2,1,3,1,1,4,1,01,1,1,000,032,1,0,1,4,1,48,9,1,9,14,0,1,1,200500019466B01,7,23,1
200500019467,2005-04-20,2005,avril,mercredi,84:0,33,33063,0,0,2,3,3,1,2,4,1,01,1,1,000,037,2,0,1,4,1,24,1,1,9,00,2,7,15,200500019467A01,7,1,1
200500019468,2005-04-19,2005,avril,mardi,15:25,33,33063,0,0,2,2,3,1,1,4,1,01,1,1,000,057,1,0,1,3,1,38,9,1,9,00,2,8,1,200500019468A01,7,1,1
200500019490,2005-04-28,2005,avril,jeudi,17:30,33,33063,0,0,2,1,3,1,1,4,2,02,1,1,000,072,1,0,1,3,1,54,0,1,9,01,0,1,1,200500019490B01,7,22,1
200500019507,2005-04-30,2005,avril,samedi,16:58,34,34336,0,0,2,3,1,1,1,4,2,02,-1,3,000,046,1,0,1,4,1,7,5,1,4,12,2,3,19,200500019507B01,7,2,1
200500019552,2005-04-06,2005,avril,mercredi,80:0,35,35238,0,0,2,6,3,2,1,4,2,02,1,1,000,060,1,5,1,4,1,33,1,1,9,00,2,7,1,200500019552B01,7,9,1
200500019557,2005-04-07,2005,avril,jeudi,17:26,35,35238,0,0,2,6,3,1,3,4,4,02,1,1,000,090,2,5,1,4,2,55,0,1,2,00,2,0,1,200500019557B01,7,9,1
200500019577,2005-04-29,2005,avril,vendredi,91:5,35,35238,0,0,2,6,3,1,1,4,3,02,1,-1,000,060,1,5,1,4,2,21,0,1,2,00,2,4,0,200500019577B01,7,16,1
200500019578,2005-04-29,2005,avril,vendredi,12:30,35,35238,0,0,2,2,3,1,1,4,2,03,2,-1,000,090,1,0,1,4,1,34,0,1,2,00,2,0,1,200500019578B01,10,16,1
200500019614,2005-04-02,2005,avril,samedi,14:50,38,38185,0,0,2,2,3,1,1,4,2,02,1,1,000,070,1,0,1,4,1,61,5,1,4,00,2,2,1,200500019614B01,7,1,1
200500019624,2005-04-07,2005,avril,jeudi,10:00,38,38185,0,0,2,1,6,1,1,4,-1,01,1,1,000,030,1,0,5,4,2,23,2,1,9,00,2,1,1,200500019624B01,7,9,1
200500019635,2005-04-15,2005,avril,vendredi,15:50,38,38421,0,0,2,2,3,1,1,4,2,02,1,1,000,160,1,0,1,3,1,76,5,1,4,00,2,1,1,200500019635B01,7,16,1
200500019641,2005-04-19,2005,avril,mardi,20:00,38,38185,0,0,2,1,3,5,1,4,1,01,1,1,000,064,2,0,5,4,2,25,1,1,9,00,2,1,1,200500019641B01,7,15,1
200500019645,2005-04-21,2005,avril,jeudi,16:30,38,38185,0,0,2,1,3,1,1,4,2,02,1,1,000,070,1,0,1,4,1,13,5,1,4,00,2,1,19,200500019645A01,7,1,1
200500019648,2005-04-27,2005,avril,mercredi,23:35,38,38185,0,0,2,2,3,5,1,4,2,02,1,1,000,070,1,0,1,4,1,21,5,1,4,00,2,7,1,200500019648B01,7,15,1
200500019654,2005-04-25,2005,avril,lundi,13:35,39,39362,0,0,2,9,3,1,1,4,2,04,1,1,000,127,1,0,1,3,1,24,5,1,9,00,2,5,1,200500019654B01,7,16,1
200500019690,2005-04-26,2005,avril,mardi,17:55,42,42183,0,0,2,1,1,1,1,3,1,01,1,1,000,000,1,0,1,4,1,14,5,1,9,00,2,0,19,200500019690A01,5,1,1
200500019692,2005-04-06,2005,avril,mercredi,13:05,42,42316,0,0,2,1,3,1,1,4,-1,01,1,1,000,075,1,0,1,3,1,13,5,1,9,00,2,2,0,200500019692A01,7,0,1
200500019692,2005-04-06,2005,avril,mercredi,13:05,42,42316,0,0,2,1,3,1,1,4,-1,01,1,1,000,075,1,0,1,4,1,12,0,1,2,00,2,2,0,200500019692A01,7,0,1
200500019754,2005-04-01,2005,avril,vendredi,18:20,44,44109,0,0,2,1,2,1,1,4,2,02,2,1,000,058,1,0,1,3,2,18,0,1,9,00,2,1,1,200500019754A01,7,1,1
200500019812,2005-04-04,2005,avril,lundi,17:15,45,45147,0,0,2,3,3,1,1,4,2,02,1,1,000,070,1,0,1,4,2,45,5,0,0,00,2,1,2,200500019812B01,7,15,1
200500019821,2005-04-07,2005,avril,jeudi,17:15,45,45147,0,0,2,1,3,1,1,4,2,01,1,1,000,050,1,0,1,4,2,12,9,0,0,00,2,0,0,200500019821B01,7,0,1
200500019850,2005-04-30,2005,avril,samedi,20:30,46,46042,0,0,2,1,7,2,1,4,2,02,1,1,000,055,1,0,1,4,1,22,5,1,9,06,0,0,13,200500019850A01,,,
200500019875,2005-04-10,2005,avril,dimanche,22:00,49,49007,0,0,2,1,2,5,1,4,2,02,1,1,000,000,1,0,1,1,1,35,0,1,9,00,0,0,1,200500019875A01,1,1,1
200500019875,2005-04-10,2005,avril,dimanche,22:00,49,49007,0,0,2,1,2,5,1,4,2,02,1,1,000,000,1,0,1,4,1,29,0,1,9,00,0,0,1,200500019875B01,1,1,1
200500019884,2005-04-18,2005,avril,lundi,10:21,49,49246,0,0,2,1,2,1,1,4,2,02,1,1,000,000,1,0,1,4,2,20,5,1,9,00,2,1,1,200500019884A01,1,1,1
200500019884,2005-04-18,2005,avril,lundi,10:21,49,49246,0,0,2,1,2,1,1,4,2,02,1,1,000,000,1,0,1,1,1,14,5,1,9,00,2,4,1,200500019884B01,1,1,1
200500019885,2005-04-21,2005,avril,jeudi,74:6,49,49007,0,0,2,3,3,1,1,4,2,02,1,1,000,060,1,0,1,4,1,45,1,1,2,00,2,7,15,200500019885A01,6,18,1
200500019886,2005-04-21,2005,avril,jeudi,95:1,49,49007,0,0,2,2,3,1,1,4,2,04,1,1,000,140,1,0,1,4,2,25,5,1,9,00,2,1,1,200500019886B01,7,15,1
200500019896,2005-04-27,2005,avril,mercredi,15:50,49,49007,0,0,2,1,7,1,1,4,1,02,1,1,000,060,1,0,4,4,1,14,5,1,9,00,0,0,1,200500019896A01,,,
200500019910,2005-04-10,2005,avril,dimanche,15:15,50,50203,0,0,2,1,3,1,1,4,2,01,1,3,000,060,1,0,1,4,1,8,5,1,2,00,2,1,9,200500019910A01,7,1,1
200500019912,2005-04-12,2005,avril,mardi,14:00,50,50129,0,0,2,1,3,1,1,3,3,04,1,1,000,070,1,0,1,4,1,54,5,1,2,00,2,1,18,200500019912B01,7,22,1
200500019949,2005-04-27,2005,avril,mercredi,75:0,52,52534,0,0,2,1,6,1,1,4,2,03,2,3,000,000,1,0,1,4,1,55,0,1,9,00,2,3,7,200500019949B01,7,17,1
200500019974,2005-04-06,2005,avril,mercredi,15:45,54,54526,0,0,2,1,2,1,1,4,3,00,1,1,000,000,1,5,1,4,1,51,0,1,9,00,2,1,1,200500019974B01,7,15,1
200500019987,2005-04-13,2005,avril,mercredi,90:0,54,54395,0,0,2,1,6,1,1,9,-1,00,-1,-1,000,000,1,0,5,4,1,29,1,1,9,01,0,2,1,200500019987B01,,,
200500019992,2005-04-16,2005,avril,samedi,81:0,54,54395,0,0,2,2,6,1,1,4,2,00,2,1,000,000,2,0,0,4,1,12,9,1,9,00,2,1,19,200500019992B01,7,16,1
200500019997,2005-04-22,2005,avril,vendredi,16:50,54,54184,0,0,2,1,6,1,1,4,2,00,1,1,000,000,1,0,1,4,1,20,5,1,9,01,2,1,1,200500019997C01,7,24/1,2
200500020003,2005-04-28,2005,avril,jeudi,18:45,54,54395,0,0,2,1,6,1,1,4,1,00,1,3,000,000,1,0,1,4,1,35,1,0,0,00,1,1,1,200500020003A01,,,
200500020004,2005-04-29,2005,avril,vendredi,15:20,54,54578,0,0,2,1,7,1,1,4,2,04,1,1,000,148,1,0,1,3,1,12,5,1,2,00,2,1,0,200500020004B01,7,1,1
200500020025,2005-04-12,2005,avril,mardi,95:0,55,55545,0,0,2,2,3,1,1,4,2,02,1,1,000,070,1,0,1,4,2,35,4,1,9,00,2,8,21,200500020025B01,7,15,1
200500020029,2005-04-01,2005,avril,vendredi,19:20,56,56121,0,0,2,1,6,1,1,9,1,01,2,3,000,000,1,0,1,4,1,23,9,1,9,00,0,1,2,200500020029B01,7,22,1
200500020034,2005-04-07,2005,avril,jeudi,12:21,56,56162,0,0,2,2,3,1,1,9,-1,02,1,1,000,000,1,0,1,4,2,32,0,1,4,00,2,3,1,200500020034A01,7,1,1
200500020038,2005-04-11,2005,avril,lundi,12:56,56,56098,0,0,2,3,3,1,1,9,2,02,1,1,000,000,1,0,1,4,1,32,9,1,9,00,2,3,15,200500020038A01,5,1,1
200500020041,2005-04-09,2005,avril,samedi,95:2,56,56121,0,0,2,1,7,1,8,9,3,00,1,1,000,000,2,0,1,4,2,52,4,1,9,00,2,1,1,200500020041B01,7,22,1
200500020063,2005-04-29,2005,avril,vendredi,16:16,56,56121,0,0,2,2,3,1,1,9,2,02,2,1,000,000,1,5,1,4,1,60,9,1,4,00,2,1,16,200500020063A01,7,23,1
200500020064,2005-04-06,2005,avril,mercredi,12:10,56,56260,0,0,2,3,2,1,1,4,2,02,1,1,000,000,1,0,1,4,2,17,2,1,2,00,2,0,23,200500020064A01,7,2,1
200500020071,2005-04-16,2005,avril,samedi,14:10,56,56260,0,0,2,2,3,1,1,4,1,01,1,1,000,000,1,0,1,4,1,23,5,1,2,00,2,1,1,200500020071A01,7,1,1
200500020073,2005-04-26,2005,avril,mardi,15:55,56,56260,0,0,2,9,6,1,1,3,1,02,1,2,000,000,1,0,1,4,1,40,0,1,2,00,2,1,1,200500020073B01,7,13,1
200500020117,2005-04-01,2005,avril,vendredi,15:15,57,57221,0,0,2,1,3,1,1,2,2,02,1,1,000,070,1,1,1,4,1,71,5,1,4,00,2,8,1,200500020117B01,7,14,1
200500020125,2005-04-06,2005,avril,mercredi,16:00,58,58194,0,0,2,1,2,1,1,4,2,02,1,1,000,061,1,0,4,4,1,12,5,1,2,12,0,7,14,200500020125A01,1,14,1
200500020125,2005-04-06,2005,avril,mercredi,16:00,58,58194,0,0,2,1,2,1,1,4,2,02,1,1,000,061,1,0,4,4,1,21,5,1,2,12,0,7,14,200500020125B01,1,14,1
200500020136,2005-04-28,2005,avril,jeudi,14:55,59,59317,0,0,2,1,6,1,1,3,2,01,1,1,000,050,1,0,3,4,2,39,1,1,9,00,2,8,14,200500020136A01,,,
200500020147,2005-04-09,2005,avril,samedi,14:37,59,59327,0,0,2,1,3,1,1,4,1,01,1,1,000,000,1,0,5,3,1,10,5,1,9,00,2,8,1,200500020147B01,7,4,1
200500020151,2005-04-12,2005,avril,mardi,19:05,59,59588,0,0,2,1,2,1,1,4,2,02,1,1,000,072,1,0,1,4,1,16,5,1,2,00,2,1,1,200500020151B01,7,1,1
200500020163,2005-04-30,2005,avril,samedi,17:45,59,59104,0,0,2,1,3,1,1,4,2,02,2,3,000,065,1,0,1,3,1,10,5,1,2,00,2,1,19,200500020163A01,7,1,1
200500020179,2005-04-08,2005,avril,vendredi,16:10,59,59350,0,0,2,1,6,1,1,4,2,04,1,1,010,052,1,0,1,4,2,13,5,1,9,00,2,1,11,200500020179A01,7,2,1
200500020185,2005-04-12,2005,avril,mardi,17:10,59,59356,0,0,2,1,2,1,1,4,2,00,1,1,000,122,1,0,1,3,1,41,1,1,2,00,2,0,1,200500020185B01,10,1,1
200500020188,2005-04-18,2005,avril,lundi,73:0,59,59350,0,0,2,6,6,2,2,4,1,00,1,2,000,000,2,5,1,4,2,51,1,1,9,00,2,1,9,200500020188A01,14,2,1
200500020202,2005-04-26,2005,avril,mardi,16:20,59,59350,0,0,2,1,6,1,1,4,2,02,1,1,000,061,1,0,1,4,1,27,5,1,9,00,2,1,13,200500020202A01,7,17,1
200500020206,2005-04-28,2005,avril,jeudi,11:45,59,59196,0,0,2,1,3,1,1,2,3,00,1,1,012,064,1,0,0,4,1,68,5,1,9,00,2,1,10,200500020206A01,7,1,1
200500020210,2005-04-27,2005,avril,mercredi,12:25,59,59009,0,0,2,4,3,1,1,4,2,02,1,2,000,095,1,0,1,4,1,27,5,1,9,00,2,1,2,200500020210A01,7,1,1
200500020214,2005-04-01,2005,avril,vendredi,10:55,59,59365,0,0,2,2,3,1,1,3,4,04,1,1,000,153,1,0,1,3,1,35,9,1,4,00,0,7,1,200500020214A01,7,1,1
200500020219,2005-04-20,2005,avril,mercredi,17:15,59,59392,0,0,2,2,3,1,1,3,2,02,1,1,000,090,1,0,1,3,1,29,5,1,4,00,2,1,19,200500020219A01,7,1,1
200500020228,2005-04-11,2005,avril,lundi,17:00,59,59512,0,0,2,1,6,1,1,2,2,00,1,1,000,000,1,4,0,3,2,8,5,1,9,00,4,1,6,200500020228A01,,,
200500020240,2005-04-15,2005,avril,vendredi,10:20,59,59646,0,0,2,1,3,1,2,4,1,01,1,1,000,000,2,0,4,3,1,81,5,1,9,00,2,0,0,200500020240B01,7,0,1
200500020249,2005-04-05,2005,avril,mardi,16:00,59,59508,0,0,2,1,1,1,1,4,2,02,1,1,000,032,1,0,1,3,1,14,5,1,2,00,2,3,21,200500020249B01,7,23,1
200500020269,2005-04-22,2005,avril,vendredi,11:15,59,59491,0,0,2,3,6,1,1,3,2,02,1,1,000,650,1,0,1,3,1,76,9,1,2,00,2,2,1,200500020269A01,7,1,1
200500020286,2005-04-11,2005,avril,lundi,17:40,61,61169,0,0,2,2,3,1,7,4,2,02,1,-1,000,060,1,5,0,3,1,51,1,1,9,00,2,1,21,200500020286B01,7,15,1
200500020307,2005-04-03,2005,avril,dimanche,13:30,62,62193,0,0,2,2,3,1,1,4,2,01,1,1,000,065,1,0,1,3,2,9,5,1,9,00,2,1,1,200500020307A01,7,1,1
200500020337,2005-04-29,2005,avril,vendredi,18:35,62,62510,0,0,2,1,6,1,1,4,2,02,1,1,000,062,1,0,1,1,1,15,5,1,9,00,1,1,1,200500020337A01,,,
200500020369,2005-04-15,2005,avril,vendredi,32:0,63,63113,0,0,2,2,6,1,2,4,2,02,1,1,000,000,2,0,1,4,1,21,5,1,9,00,2,1,1,200500020369A01,7,1,1
200500020381,2005-04-28,2005,avril,jeudi,93:0,63,63113,0,0,2,1,6,1,1,4,1,01,1,1,000,072,1,0,1,4,1,30,1,1,9,01,0,1,1,200500020381B01,7,24,1
200500020385,2005-04-30,2005,avril,samedi,14:50,63,63113,0,0,2,1,3,1,1,4,3,04,1,1,030,140,1,0,1,4,1,51,5,1,2,00,2,8,11,200500020385A01,7,1,1
200500020410,2005-04-06,2005,avril,mercredi,19:00,64,64122,0,0,2,1,6,1,1,2,-1,02,-1,2,000,080,1,0,1,4,2,19,0,1,4,00,2,4,2,200500020410B01,7,2,1
200500020428,2005-04-26,2005,avril,mardi,18:40,64,64348,0,0,2,1,2,1,1,3,2,00,1,1,000,110,1,0,1,4,2,18,5,1,9,00,2,1,1,200500020428B01,7,4,1
200500020429,2005-04-28,2005,avril,jeudi,90:5,64,64445,0,0,2,2,1,1,1,4,2,02,1,1,000,086,1,0,1,4,2,53,5,1,9,00,2,1,1,200500020429A01,7,16,1
200500020430,2005-04-28,2005,avril,jeudi,20:00,64,64445,0,0,2,1,6,1,1,4,2,02,1,1,000,090,1,0,1,4,2,71,5,1,9,00,2,8,1,200500020430A01,7,17,1
200500020431,2005-04-28,2005,avril,jeudi,21:10,64,64445,0,0,2,1,3,2,1,2,2,03,1,-1,025,128,1,0,1,4,2,19,5,1,9,00,2,1,19,200500020431B01,7,1,1
200500020444,2005-04-06,2005,avril,mercredi,17:15,65,65440,0,0,2,2,3,1,1,4,2,03,2,1,000,117,1,0,1,4,1,60,5,1,9,00,2,1,1,200500020444B01,7,15,1
200500020454,2005-04-26,2005,avril,mardi,10:15,65,65047,0,0,2,1,3,1,1,3,3,01,1,1,004,031,1,0,1,4,1,90,3,1,9,00,2,8,2,200500020454B01,14,17,1
200500020461,2005-04-01,2005,avril,vendredi,15:27,67,67462,0,0,2,1,1,1,1,2,2,02,1,1,000,079,1,0,5,3,1,76,5,1,9,00,2,1,5,200500020461B01,7,9,1
200500020472,2005-04-07,2005,avril,jeudi,17:00,67,67218,0,0,2,1,3,1,2,4,2,02,1,1,000,093,2,0,1,4,1,38,5,1,2,01,0,1,1,200500020472B01,7,24,1
200500020474,2005-04-08,2005,avril,vendredi,90:0,67,67482,0,0,2,3,1,1,3,4,3,02,1,1,120,280,2,5,1,4,1,46,5,1,9,00,2,8,19,200500020474A01,7,1,1
200500020477,2005-04-09,2005,avril,samedi,10:10,67,67482,0,0,2,1,1,1,3,4,2,03,1,1,000,090,2,0,1,4,1,39,4,1,9,00,2,1,1,200500020477B01,7,22,1
200500020478,2005-04-11,2005,avril,lundi,22:35,67,67482,0,0,2,5,3,5,1,4,1,01,1,1,000,045,1,5,1,4,1,55,5,1,4,00,2,8,1,200500020478B01,7,15,1
200500020486,2005-04-16,2005,avril,samedi,12:20,67,67482,0,0,2,3,6,1,1,4,1,01,1,1,000,080,1,0,1,1,1,38,1,1,9,00,9,1,1,200500020486A01,,,
200500020487,2005-04-18,2005,avril,lundi,15:10,67,67447,0,0,2,2,3,1,1,4,1,01,1,1,000,060,1,0,1,4,1,39,9,1,9,00,2,1,1,200500020487B01,7,15,1
200500020490,2005-04-21,2005,avril,jeudi,85:5,67,67482,0,0,2,3,3,1,1,4,2,02,1,1,000,128,1,5,5,4,2,24,4,1,4,00,2,8,19,200500020490B01,7,16,1
200500020493,2005-04-22,2005,avril,vendredi,15:40,67,67482,0,0,2,3,3,1,1,4,1,02,1,1,010,089,1,5,1,4,1,9,5,1,9,00,2,7,19,200500020493B01,7,1,1
200500020507,2005-04-29,2005,avril,vendredi,11:35,67,67482,0,0,2,1,3,1,1,4,3,04,1,1,026,105,1,0,5,4,1,22,2,1,4,00,2,1,1,200500020507A01,7,16,1
200500020508,2005-04-29,2005,avril,vendredi,13:15,67,67482,0,0,2,3,6,1,1,4,2,02,1,1,000,110,1,0,1,4,2,21,1,1,9,00,2,8,19,200500020508B01,5,17,1
200500020509,2005-04-29,2005,avril,vendredi,16:30,67,67482,0,0,2,3,2,1,1,2,2,02,1,2,000,093,1,5,1,4,1,34,5,1,4,00,2,4,2,200500020509B01,7,2,1
200500020510,2005-04-29,2005,avril,vendredi,18:05,67,67043,0,0,2,1,3,1,1,4,2,02,1,1,000,080,1,0,1,4,1,5,5,1,9,00,2,1,19,200500020510A01,7,1,1
200500020523,2005-04-07,2005,avril,jeudi,13:55,68,68224,0,0,2,3,3,1,1,4,2,03,1,1,000,084,1,0,1,3,1,41,1,1,9,00,2,8,19,200500020523B01,7,13,1
200500020528,2005-04-12,2005,avril,mardi,16:15,68,68271,0,0,2,3,6,2,1,4,2,02,2,1,000,107,1,0,1,4,1,61,0,1,9,00,0,7,1,200500020528B01,7,9,1
200500020538,2005-04-09,2005,avril,samedi,92:0,69,69029,0,0,2,1,3,1,1,4,1,02,1,1,000,072,2,0,1,3,2,66,9,1,9,00,0,0,19,200500020538B01,7,1,1
200500020539,2005-04-25,2005,avril,lundi,92:0,69,69029,0,0,2,1,3,1,1,4,1,02,1,1,000,072,2,0,1,3,2,66,9,1,9,00,0,0,19,200500020539B01,7,1,1
200500020545,2005-04-07,2005,avril,jeudi,12:10,69,69259,0,0,2,1,6,1,8,4,2,00,4,1,000,116,2,0,1,4,1,21,5,1,9,00,1,1,2,200500020545A01,,,
200500020545,2005-04-07,2005,avril,jeudi,12:10,69,69259,0,0,2,1,6,1,8,4,2,00,4,1,000,116,2,0,1,4,2,47,1,0,0,00,1,1,2,200500020545A01,,,
200500020555,2005-04-08,2005,avril,vendredi,63:0,69,69266,0,0,2,1,2,4,3,4,2,02,1,1,000,075,2,0,1,4,2,50,1,1,9,00,2,4,1,200500020555B01,7,15,1
200500020568,2005-04-28,2005,avril,jeudi,16:50,69,69290,0,0,2,3,3,1,1,4,2,02,1,1,000,098,1,0,5,3,2,54,5,1,2,00,2,2,1,200500020568B01,7,15,1
200500020576,2005-04-14,2005,avril,jeudi,13:30,71,71059,0,0,2,1,6,1,1,3,2,02,1,1,000,070,1,0,1,4,1,16,5,1,9,00,2,4,1,200500020576B01,7,1,1
200500020605,2005-04-16,2005,avril,samedi,15:40,72,72181,0,0,2,1,2,1,1,9,1,01,2,1,000,070,1,0,1,4,2,58,5,1,9,00,0,4,9,200500020605A01,2,1,1
200500020609,2005-04-19,2005,avril,mardi,16:40,72,72181,0,0,2,1,3,1,2,9,1,01,2,1,000,070,2,0,1,4,1,65,5,1,9,00,2,0,1,200500020609B01,7,16,1
200500020624,2005-04-29,2005,avril,vendredi,12:45,73,73065,0,0,2,1,2,1,1,4,2,02,1,1,000,092,1,0,1,4,1,58,5,1,2,01,0,0,0,200500020624B01,7,24,1
200500020647,2005-04-21,2005,avril,jeudi,10:45,74,74218,0,0,2,1,2,1,1,2,2,02,2,2,000,066,1,0,1,3,2,52,5,1,4,00,0,4,1,200500020647B01,7,1,1
200500020669,2005-04-01,2005,avril,vendredi,14:20,75,75012,0,0,2,1,6,1,1,4,2,04,1,1,000,120,1,0,4,1,1,34,5,1,2,00,1,1,1,200500020669A01,,,
200500020683,2005-04-07,2005,avril,jeudi,23:10,75,75012,0,0,2,2,3,5,1,4,2,02,1,1,000,060,2,0,1,4,2,50,5,0,0,00,2,1,1,200500020683A01,7,1,1
200500020720,2005-04-12,2005,avril,mardi,16:30,75,75012,0,0,2,1,3,1,1,4,1,01,1,1,000,030,1,0,1,3,2,54,5,0,0,00,2,4,23,200500020720B01,7,1,1
200500020723,2005-04-02,2005,avril,samedi,20:00,75,75015,0,0,2,2,3,1,1,4,1,02,1,1,000,060,1,0,1,4,1,33,5,0,0,00,2,3,1,200500020723B01,14,16,1
200500020724,2005-04-02,2005,avril,samedi,18:40,75,75017,0,0,2,1,3,1,1,4,1,02,1,1,000,060,1,0,1,4,2,23,5,0,0,00,2,2,1,200500020724B01,7,22,1
200500020739,2005-04-06,2005,avril,mercredi,85:6,75,75010,0,0,2,1,1,1,1,4,1,01,1,1,000,030,1,0,1,4,2,28,5,0,0,00,2,1,5,200500020739A01,7,1,1
200500020740,2005-04-06,2005,avril,mercredi,17:55,75,75010,0,0,2,1,3,1,1,4,2,04,1,1,000,120,1,0,1,4,1,19,4,0,0,00,2,3,9,200500020740A01,5,7,1
200500020741,2005-04-06,2005,avril,mercredi,14:5,75,75010,0,0,2,1,3,5,1,4,1,02,1,1,000,060,1,0,1,4,1,30,5,0,0,00,2,3,10,200500020741A01,7,1,1
200500020744,2005-04-02,2005,avril,samedi,14:00,75,75015,0,0,2,3,6,1,1,4,1,02,1,1,000,060,1,0,1,1,2,18,5,1,2,00,1,1,1,200500020744A01,,,
200500020778,2005-04-08,2005,avril,vendredi,16:50,75,75004,0,0,2,1,3,1,2,4,1,02,1,1,000,060,2,0,1,4,2,25,5,0,0,00,2,2,1,200500020778B01,7,22,1
200500020789,2005-04-08,2005,avril,vendredi,90:0,75,75015,0,0,2,2,3,1,1,4,2,02,1,1,000,060,1,0,1,4,1,24,4,0,0,00,2,2,15,200500020789A01,5,1,1
200500020800,2005-04-11,2005,avril,lundi,75:5,75,75020,0,0,2,3,3,1,1,4,1,01,1,1,000,030,1,0,1,4,1,42,4,0,0,00,2,1,1,200500020800B01,7,1,1
200500020843,2005-04-12,2005,avril,mardi,21:10,75,75003,0,0,2,2,3,5,1,4,1,01,1,1,000,030,1,0,1,4,1,39,5,1,2,00,2,3,1,200500020843A01,7,1,1
200500020844,2005-04-12,2005,avril,mardi,95:0,75,75004,0,0,2,2,3,1,1,4,2,02,1,1,000,060,1,0,1,4,2,39,4,0,0,00,2,3,1,200500020844B01,5,1,1
200500020853,2005-04-12,2005,avril,mardi,16:45,75,75016,0,0,2,1,3,1,1,4,2,02,1,1,000,060,1,0,1,1,1,67,5,0,0,00,2,2,17,200500020853A01,1,1,1
200500020853,2005-04-12,2005,avril,mardi,16:45,75,75016,0,0,2,1,3,1,1,4,2,02,1,1,000,060,1,0,1,4,1,70,5,0,0,00,2,3,1,200500020853B01,1,17,1
200500020857,2005-04-11,2005,avril,lundi,15:10,75,75016,0,0,2,1,3,1,1,4,1,01,1,1,000,030,1,0,1,4,2,65,5,0,0,00,2,2,1,200500020857B01,7,22,1
200500020870,2005-04-12,2005,avril,mardi,19:25,75,75012,0,0,2,1,2,1,1,4,1,01,1,1,000,030,1,0,1,4,2,52,5,0,0,00,2,4,1,200500020870B01,7,1,1
200500020893,2005-04-14,2005,avril,jeudi,18:10,75,75013,0,0,2,3,3,1,2,4,2,04,1,1,000,120,2,0,1,4,1,32,5,1,2,00,2,1,1,200500020893B01,7,15,1
200500020924,2005-04-16,2005,avril,samedi,18:25,75,75010,0,0,2,2,2,1,1,4,1,02,1,1,000,060,1,0,1,4,2,33,5,0,0,00,2,4,1,200500020924B01,2,1,1
200500020931,2005-04-19,2005,avril,mardi,19:37,75,75011,0,0,2,1,7,1,1,4,3,02,1,1,010,060,1,0,1,4,1,28,5,0,0,00,0,3,1,200500020931A01,,,
200500020948,2005-04-15,2005,avril,vendredi,19:43,75,75005,0,0,2,2,6,1,1,4,2,04,1,1,000,120,1,0,1,1,1,23,5,0,0,00,1,1,1,200500020948A01,,,
200500020951,2005-04-15,2005,avril,vendredi,18:25,75,75007,0,0,2,1,3,1,1,4,1,01,1,1,000,030,1,0,1,4,1,58,5,0,0,00,2,1,1,200500020951B01,7,22,1