Num_Acc,date,an,mois,jour,hrmn,dep,com,lat,long,agg,int,col,lum,atm,catr,circ,nbv,prof,plan,lartpc,larrout,surf,infra,situ,grav,sexe,age,trajet,secuexist,equipement,obs,obsm,choc,manv,vehiculeid,typevehicules,manoeuvehicules,numVehicules
200500020966,2005-04-18,2005,avril,lundi,16:20,75,75015,0,0,2,3,3,1,1,4,2,04,1,1,000,120,1,0,1,4,2,22,5,1,2,00,2,2,17,200500020966B01,7,22,1
200500020982,2005-04-20,2005,avril,mercredi,81:0,75,75010,0,0,2,3,2,1,1,4,1,01,1,1,000,030,1,0,1,4,2,33,5,0,0,00,2,1,15,200500020982B01,10,4,1
200500021000,2005-04-19,2005,avril,mardi,14:54,75,75007,0,0,2,1,6,1,2,4,2,04,1,1,000,120,1,0,1,1,1,39,4,1,2,00,1,2,19,200500021000A01,,,
200500021014,2005-04-20,2005,avril,mercredi,10:10,75,75006,0,0,2,4,3,1,1,4,2,04,1,1,000,120,1,0,1,4,1,39,5,0,0,00,2,3,21,200500021014A01,18,7,1
200500021023,2005-04-20,2005,avril,mercredi,14:20,75,75013,0,0,2,1,6,1,1,4,1,03,1,2,000,090,1,0,1,4,1,49,5,0,0,00,2,2,1,200500021023B01,7,0,1
200500021031,2005-04-21,2005,avril,jeudi,81:0,75,75013,0,0,2,1,3,1,1,4,2,04,1,1,000,120,1,0,1,4,2,18,5,0,0,00,2,3,1,200500021031B01,7,17,1
200500021045,2005-04-22,2005,avril,vendredi,12:15,75,75016,0,0,2,1,7,1,1,4,2,02,1,1,000,060,1,0,1,4,1,33,5,0,0,00,0,2,1,200500021045A01,,,
200500021065,2005-04-20,2005,avril,mercredi,15:15,75,75005,0,0,2,1,6,1,2,4,2,02,1,1,000,060,2,0,1,1,1,39,5,0,0,00,1,1,1,200500021065A01,,,
200500021069,2005-04-20,2005,avril,mercredi,94:5,75,75020,0,0,2,1,6,1,1,4,2,02,1,1,000,060,1,0,1,1,2,45,9,0,0,00,1,1,1,200500021069A01,,,
200500021080,2005-04-22,2005,avril,vendredi,16:50,75,75006,0,0,2,3,3,1,1,4,1,02,1,1,000,060,1,0,1,4,2,64,5,0,0,00,2,1,1,200500021080B01,18,1,1
200500021102,2005-04-24,2005,avril,dimanche,35:5,75,75009,0,0,2,2,3,5,1,4,2,02,1,1,000,060,1,0,1,4,1,34,5,0,0,00,2,3,10,200500021102A01,7,1,1
200500021124,2005-04-26,2005,avril,mardi,11:15,75,75008,0,0,2,5,6,1,1,4,1,02,1,1,000,060,1,0,1,4,2,58,4,0,0,00,2,1,1,200500021124B01,7,0,1
200500021131,2005-04-26,2005,avril,mardi,18:10,75,75012,0,0,2,1,3,1,3,4,3,02,1,1,010,060,2,0,1,4,2,22,5,0,0,00,2,3,1,200500021131B01,7,16,1
200500021162,2005-04-27,2005,avril,mercredi,20:05,75,75017,0,0,2,1,3,1,1,4,3,01,1,1,000,030,1,0,4,4,1,27,5,0,0,00,2,3,5,200500021162A01,7,9,1
200500021262,2005-04-19,2005,avril,mardi,17:20,76,76351,0,0,2,1,1,1,1,4,1,01,1,1,000,052,1,0,1,3,1,9,5,1,2,00,2,7,19,200500021262A01,7,1,1
200500021320,2005-04-21,2005,avril,jeudi,18:30,77,77186,0,0,2,1,2,1,1,3,2,02,1,1,000,000,1,0,3,3,1,16,5,1,9,00,0,1,2,200500021320B01,7,14,1
200500021363,2005-04-28,2005,avril,jeudi,18:00,77,77337,0,0,2,1,6,1,1,4,1,01,2,2,000,100,1,0,1,3,2,47,0,1,4,00,2,8,2,200500021363B01,7,17,1
200500021381,2005-04-01,2005,avril,vendredi,17:00,78,78382,0,0,2,1,7,1,1,4,2,02,1,1,000,055,1,0,4,4,1,15,9,1,2,06,0,1,13,200500021381A01,,,
200500021412,2005-04-07,2005,avril,jeudi,13:40,78,78498,0,0,2,3,1,1,1,4,2,02,1,3,000,078,1,5,1,3,1,22,5,1,9,00,2,9,19,200500021412A01,15,1,1
200500021428,2005-04-11,2005,avril,lundi,73:5,78,78481,0,0,2,1,3,1,1,3,2,02,1,1,000,060,1,0,1,4,1,16,2,1,2,00,2,8,15,200500021428A01,7,17,1
200500021439,2005-04-24,2005,avril,dimanche,10:00,78,78586,0,0,2,6,3,1,2,4,1,01,1,2,000,060,2,0,1,4,1,32,5,1,9,00,2,8,1,200500021439B01,7,1,1
200500021458,2005-04-18,2005,avril,lundi,90:0,78,78646,0,0,2,3,3,1,2,4,1,01,1,1,000,030,2,0,1,4,1,14,2,1,2,00,2,8,19,200500021458B01,7,15,1
200500021459,2005-04-18,2005,avril,lundi,19:00,78,78646,0,0,2,2,3,2,7,3,3,06,1,1,200,245,1,0,1,4,1,34,5,1,2,00,2,8,19,200500021459A01,18,15,1
200500021482,2005-04-09,2005,avril,samedi,13:10,80,80021,0,0,2,1,6,1,1,2,2,02,1,1,000,060,1,0,1,1,1,62,5,1,9,00,1,1,1,200500021482A01,,,
200500021520,2005-04-07,2005,avril,jeudi,72:0,82,82121,0,0,2,6,3,1,1,4,1,02,1,2,000,000,1,0,0,4,2,29,1,1,4,00,2,0,1,200500021520B01,10,0,1
200500021544,2005-04-10,2005,avril,dimanche,13:30,83,83126,0,0,2,1,3,1,2,3,1,02,1,2,000,060,2,0,1,4,1,39,5,1,9,00,2,3,1,200500021544B01,7,16,1
200500021574,2005-04-02,2005,avril,samedi,14:35,84,84007,0,0,2,1,6,1,1,4,2,02,1,1,000,080,1,0,1,4,2,64,5,1,9,00,2,8,18,200500021574B01,7,1,1
200500021594,2005-04-30,2005,avril,samedi,12:40,84,84007,0,0,2,1,3,1,1,4,1,01,1,1,000,040,1,0,1,4,1,69,5,1,9,00,2,8,11,200500021594A01,7,1,1
200500021595,2005-04-01,2005,avril,vendredi,10:02,84,84035,0,0,2,1,6,1,1,4,-1,02,1,1,000,071,1,0,2,3,1,81,0,1,9,00,0,4,1,200500021595B01,7,1,1
200500021614,2005-04-11,2005,avril,lundi,16:05,85,85191,0,0,2,3,3,1,1,4,2,02,1,1,000,070,1,0,1,4,2,36,4,1,9,00,2,1,19,200500021614B01,7,2,1
200500021619,2005-04-11,2005,avril,lundi,15:30,85,85194,0,0,2,1,2,1,1,4,2,00,1,1,000,000,1,0,1,4,1,31,5,1,9,00,2,1,1,200500021619A01,2,1,1
200500021626,2005-04-17,2005,avril,dimanche,52:0,85,85194,0,0,2,1,7,5,1,4,2,00,1,1,000,000,1,0,1,4,1,22,5,1,9,00,0,0,1,200500021626A01,,,
200500021714,2005-04-30,2005,avril,samedi,14:44,90,90076,0,0,2,3,3,1,1,3,2,02,1,1,000,080,1,0,1,3,1,25,5,1,2,00,2,1,1,200500021714B01,7,15,1
200500021736,2005-04-18,2005,avril,lundi,17:10,91,91174,0,0,2,2,3,1,1,4,2,02,1,1,000,060,1,0,1,4,1,32,5,1,2,00,2,1,2,200500021736B01,7,15,1
200500021751,2005-04-25,2005,avril,lundi,18:50,91,91657,0,0,2,1,6,1,1,4,-1,00,1,1,000,000,1,0,1,1,1,31,5,1,2,00,1,0,1,200500021751A01,,,
200500021753,2005-04-27,2005,avril,mercredi,73:5,91,91201,0,0,2,3,3,1,1,4,2,02,1,1,000,000,1,0,1,4,1,55,1,1,2,00,2,1,1,200500021753A01,7,15,1
200500021795,2005-04-21,2005,avril,jeudi,15:20,91,91692,0,0,2,1,2,1,1,3,3,03,1,1,000,102,1,0,1,3,1,41,5,1,2,00,2,4,1,200500021795B01,7,9,1
200500021796,2005-04-04,2005,avril,lundi,74:5,91,91549,0,0,2,7,6,1,1,4,1,01,1,2,000,025,1,0,1,4,2,39,0,1,9,00,2,1,5,200500021796A01,7,1,1
200500021803,2005-04-01,2005,avril,vendredi,11:35,92,92014,0,0,2,1,6,1,1,2,1,03,4,1,000,138,1,5,1,4,1,53,5,1,2,00,2,6,23,200500021803B01,7,14,1
200500021810,2005-04-22,2005,avril,vendredi,17:55,92,92002,0,0,2,4,1,1,1,4,1,01,1,1,000,050,1,0,1,4,2,10,5,1,4,00,2,1,15,200500021810B01,7,1,1
200500021823,2005-04-12,2005,avril,mardi,14:05,92,92004,0,0,2,1,6,1,1,3,1,00,1,1,000,000,-1,0,1,4,1,63,0,1,9,00,2,0,21,200500021823B01,7,9,1
200500021831,2005-04-02,2005,avril,samedi,15:35,92,92012,0,0,2,1,3,1,1,2,1,04,1,1,050,052,1,3,1,4,1,40,5,1,9,00,2,1,2,200500021831B01,7,14,1
200500021904,2005-04-06,2005,avril,mercredi,17:45,92,92044,0,0,2,2,3,1,1,4,2,00,1,1,000,000,1,0,1,4,1,15,9,1,9,00,2,2,2,200500021904A01,7,2,1
200500021911,2005-04-22,2005,avril,vendredi,17:00,92,92048,0,0,2,3,2,1,1,4,2,02,1,-1,000,000,-1,0,0,4,1,22,0,1,2,00,2,1,2,200500021911A01,7,2,1
200500021915,2005-04-06,2005,avril,mercredi,14:00,92,92049,0,0,2,1,3,1,1,9,2,05,1,1,000,000,1,0,1,3,2,58,5,1,9,00,2,8,15,200500021915A01,7,2,1
200500021938,2005-04-12,2005,avril,mardi,17:38,92,92051,0,0,2,2,3,1,1,4,2,02,1,1,000,120,1,0,0,4,1,82,5,1,9,00,2,1,1,200500021938B01,7,15,1
200500021957,2005-04-30,2005,avril,samedi,17:00,92,92063,0,0,2,1,6,1,1,4,3,02,2,1,000,000,1,0,0,4,1,16,9,1,9,00,2,1,19,200500021957A01,7,1,1
200500021979,2005-04-14,2005,avril,jeudi,14:50,92,92073,0,0,2,1,7,1,2,3,2,00,2,2,000,000,2,0,1,3,1,12,0,1,9,00,0,0,0,200500021979A01,,,
200500021998,2005-04-19,2005,avril,mardi,14:35,93,93001,0,0,2,3,3,1,1,9,-1,01,-1,-1,000,000,1,0,1,3,1,2005,0,0,0,00,2,0,0,200500021998A01,7,0,1
200500022015,2005-04-15,2005,avril,vendredi,17:05,93,93057,0,0,2,1,3,1,1,4,2,02,1,1,002,006,1,0,1,3,1,12,0,1,9,00,0,8,19,200500022015B01,2,2,1
200500022055,2005-04-13,2005,avril,mercredi,12:45,93,93015,0,0,2,9,1,1,1,3,1,01,1,-1,000,003,1,0,1,4,1,44,5,1,9,00,2,4,1,200500022055B01,7,1,1
200500022062,2005-04-01,2005,avril,vendredi,18:15,93,93048,0,0,2,3,2,1,1,4,2,02,1,1,000,000,1,5,1,3,1,22,5,1,9,00,2,1,2,200500022062A01,7,23,1
200500022156,2005-04-11,2005,avril,lundi,19:20,94,94002,0,0,2,1,2,2,1,4,2,02,1,1,000,000,1,0,1,4,1,24,0,1,9,00,2,1,2,200500022156A01,7,2,1
200500022159,2005-04-18,2005,avril,lundi,18:30,94,94002,0,0,2,9,3,1,1,4,2,02,1,1,000,000,1,0,1,4,1,37,0,1,9,00,2,7,19,200500022159B01,7,1,1
200500022165,2005-04-29,2005,avril,vendredi,17:30,94,94044,0,0,2,6,6,1,1,4,2,02,1,-1,000,000,1,0,1,4,1,58,0,1,9,01,0,4,16,200500022165B01,,,
200500022201,2005-04-18,2005,avril,lundi,71:5,94,94011,0,0,2,1,3,2,1,2,2,02,1,1,000,060,1,0,1,4,1,43,1,1,9,00,2,0,11,200500022201B01,7,1,1
200500022216,2005-04-13,2005,avril,mercredi,16:20,94,94034,0,0,2,3,3,1,1,4,2,02,-1,1,000,000,1,0,1,4,1,68,0,1,2,00,2,1,1,200500022216C01,7,15,1
200500022219,2005-04-22,2005,avril,vendredi,19:20,94,94073,0,0,2,3,6,1,1,4,2,02,-1,1,000,000,1,0,4,4,1,41,0,1,2,00,1,1,1,200500022219A01,,,
200500022222,2005-04-06,2005,avril,mercredi,12:20,94,94041,0,0,2,1,7,1,1,4,-1,02,3,-1,000,080,1,2,1,4,1,14,9,1,9,00,0,0,16,200500022222A01,,,
200500022238,2005-04-20,2005,avril,mercredi,15:00,94,94015,0,0,2,9,1,1,1,9,2,02,1,1,000,051,1,0,1,4,1,42,0,1,9,00,2,1,16,200500022238B01,7,15,1
200500022263,2005-04-02,2005,avril,samedi,11:55,95,95018,0,0,2,1,7,1,1,3,2,02,1,1,000,108,1,0,1,4,1,80,3,1,4,01,0,0,1,200500022263B01,7,24,1
200500022269,2005-04-15,2005,avril,vendredi,12:45,95,95018,0,0,2,1,7,1,1,4,1,01,2,-1,000,530,1,0,0,3,1,16,5,1,2,16,0,0,13,200500022269A01,,,
200500022298,2005-04-02,2005,avril,samedi,16:30,95,95203,0,0,2,3,1,1,1,4,2,01,1,1,000,000,1,0,5,1,2,15,0,1,9,00,9,1,5,200500022298A01,1,1,1
200500022298,2005-04-02,2005,avril,samedi,16:30,95,95203,0,0,2,3,1,1,1,4,2,01,1,1,000,000,1,0,5,4,1,66,5,1,9,00,9,1,1,200500022298B01,1,5,1
200500022303,2005-04-09,2005,avril,samedi,17:10,95,95219,0,0,2,1,3,1,1,3,2,02,1,-1,000,000,1,0,1,4,2,12,9,1,9,00,2,1,1,200500022303A01,7,15,1
200500022303,2005-04-09,2005,avril,samedi,17:10,95,95219,0,0,2,1,3,1,1,3,2,02,1,-1,000,000,1,0,1,4,2,10,0,1,9,00,2,1,1,200500022303A01,7,15,1
200500022312,2005-04-03,2005,avril,dimanche,10:30,95,95424,0,0,2,6,3,1,1,4,2,02,1,1,000,060,1,5,1,4,1,69,5,1,2,00,2,7,2,200500022312B01,7,9,1
200500022332,2005-04-23,2005,avril,samedi,18:25,2A,2A004,0,0,2,9,6,1,1,4,2,02,2,1,000,047,1,0,1,4,1,10,5,1,2,00,2,1,19,200500022332B01,7,19,1
200500022337,2005-04-01,2005,avril,vendredi,84:5,2A,2A004,0,0,2,1,2,1,1,4,2,02,1,1,000,104,1,0,1,4,1,61,0,1,2,00,2,4,2,200500022337B01,7,2,1
200500022526,2005-04-07,2005,avril,jeudi,12:13,69,69123,0,0,2,1,3,1,2,4,2,05,1,1,000,163,2,0,1,4,1,22,5,1,9,00,0,8,19,200500022526A01,7,1,1
200500022562,2005-04-05,2005,avril,mardi,10:45,69,69383,0,0,2,1,6,1,1,4,2,04,1,1,000,000,1,0,1,1,1,30,4,1,9,00,1,1,1,200500022562A01,,,
200500022576,2005-04-12,2005,avril,mardi,13:50,69,69386,0,0,2,1,2,1,1,4,1,04,1,1,000,000,1,0,1,3,2,29,1,1,9,00,2,7,1,200500022576A01,4,1,1
200500022685,2005-04-06,2005,avril,mercredi,17:35,83,83137,0,0,1,9,3,1,1,1,3,04,1,1,030,140,1,5,1,4,1,18,2,1,2,00,0,5,19,200500022685B01,7,2,1
200500022735,2005-04-21,2005,avril,jeudi,71:5,59,59260,0,0,1,1,5,1,1,3,2,02,1,1,000,115,1,0,5,3,1,31,5,1,2,01,0,1,2,200500022735B02,17,23,2
200500022760,2005-04-25,2005,avril,lundi,13:15,62,62746,50.671,1.601,2,1,1,1,1,4,2,00,1,3,000,058,1,0,1,3,1,10,5,1,2,00,2,1,19,200500022760B02,7,1,1
200500022765,2005-04-03,2005,avril,dimanche,14:00,62,62721,50.666,2.328,2,1,1,1,1,4,2,00,1,1,000,052,-1,0,0,4,1,25,5,0,0,00,2,8,16,200500022765B02,7,1,1
200500022787,2005-04-20,2005,avril,mercredi,11:30,80,80360,50.097,1.558,2,9,1,1,8,3,2,00,1,1,000,081,1,0,1,4,1,11,3,0,0,00,0,8,15,200500022787B02,7,17,1
200500022804,2005-04-11,2005,avril,lundi,20:30,80,80186,0,0,2,1,7,1,1,3,2,00,1,3,000,090,1,0,1,4,1,80,5,0,0,00,0,0,1,200500022804A01,,,
200500022851,2005-04-10,2005,avril,dimanche,12:00,60,60115,0,0,1,1,2,1,1,3,2,00,1,1,000,046,1,0,1,2,1,62,0,1,2,00,2,4,1,200500022851B02,7,17,1
200500022990,2005-04-11,2005,avril,lundi,16:45,22,22049,48.54,-2.21,2,1,2,1,1,3,2,00,2,1,000,062,1,0,1,3,1,38,5,1,2,00,0,4,1,200500022990B02,7,1,1
200500023006,2005-04-10,2005,avril,dimanche,20:0,29,29160,0,0,2,1,3,5,1,3,2,02,-1,1,000,080,1,0,1,3,1,17,5,0,0,00,2,1,1,200500023006B02,7,1,1
200500023016,2005-04-08,2005,avril,vendredi,21:30,29,29042,0,0,1,1,2,3,1,3,2,02,4,1,000,070,1,0,1,3,1,26,9,1,4,00,0,4,1,200500023016B02,7,1,1
200500023020,2005-04-20,2005,avril,mercredi,15:45,29,29030,48.663,-4.133,1,1,1,1,1,3,2,00,1,1,000,000,1,0,1,2,1,53,5,1,2,00,2,4,2,200500023020B02,7,2,1
200500023040,2005-04-13,2005,avril,mercredi,14:45,14,14554,0,0,2,1,1,1,1,3,2,02,1,1,000,054,1,0,1,4,1,63,5,1,2,00,2,1,13,200500023040B02,7,1,1
200500023041,2005-04-15,2005,avril,vendredi,17:30,14,14310,0,0,2,1,3,1,1,3,2,02,1,3,000,052,1,5,1,2,1,84,3,0,0,00,2,3,0,200500023041B02,7,16,1
200500023053,2005-04-03,2005,avril,dimanche,16:00,14,14035,49.188,-0.848,1,1,1,1,1,3,2,00,4,1,000,068,1,5,1,2,2,16,5,1,2,00,0,8,15,200500023053A01,7,1,1
200500023076,2005-04-16,2005,avril,samedi,20:00,50,50571,0,0,1,1,2,1,7,3,2,02,1,1,000,055,1,0,1,3,1,38,5,0,0,00,0,4,1,200500023076B02,7,1,1
200500023082,2005-04-01,2005,avril,vendredi,10:45,50,50058,49.072,-1.575,1,2,3,1,1,3,2,02,2,1,000,000,1,0,1,3,1,61,5,1,2,00,2,4,1,200500023082B02,7,19,1
200500023139,2005-04-15,2005,avril,vendredi,17:30,49,49160,47.412,-0.931,2,2,3,1,1,3,2,02,1,1,000,065,1,0,1,3,1,10,5,0,0,00,2,8,19,200500023139B02,7,1,1
200500023156,2005-04-01,2005,avril,vendredi,83:0,53,53151,0,0,1,1,1,1,1,3,2,00,2,1,000,064,-1,0,1,3,2,62,5,0,0,00,0,0,0,200500023156B02,7,2,1
200500023185,2005-04-17,2005,avril,dimanche,11:45,85,85242,0,0,2,9,3,1,1,4,2,00,2,1,000,050,1,0,1,4,1,51,5,0,0,00,2,1,1,200500023185B02,7,15,1
200500023209,2005-04-30,2005,avril,samedi,11:00,33,33551,45.094,-0.638,1,1,3,1,1,3,2,00,-1,1,000,000,1,0,1,3,2,54,5,1,2,00,2,8,1,200500023209A01,7,15,1
200500023276,2005-04-11,2005,avril,lundi,17:15,47,47031,0,0,2,1,6,1,1,9,2,02,1,2,000,062,1,0,1,4,2,17,5,0,0,16,0,8,13,200500023276A01,,,
200500023289,2005-04-20,2005,avril,mercredi,19:45,47,47237,44.37,0.638,1,1,6,1,1,3,2,02,2,4,000,060,1,0,1,4,1,19,9,1,2,00,5,1,0,200500023289A01,,,
200500023335,2005-04-18,2005,avril,lundi,15:30,17,17240,45.289,-0.404,2,1,1,1,1,3,2,02,1,1,000,071,1,0,1,3,1,18,5,0,0,00,2,1,13,200500023335B02,7,1,1
200500023339,2005-04-29,2005,avril,vendredi,90:0,17,17385,45.921,-1.329,2,2,1,1,1,4,-1,00,-1,-1,000,030,1,0,1,4,1,80,5,0,0,00,0,0,0,200500023339B02,7,16,1
200500023343,2005-04-03,2005,avril,dimanche,11:45,17,17063,0,0,2,3,3,1,1,3,2,02,1,2,000,055,1,0,1,4,1,7,5,0,0,00,0,1,14,200500023343B02,7,1,1
200500023368,2005-04-23,2005,avril,samedi,19:45,79,79296,0,0,2,1,1,1,1,4,2,02,1,1,000,000,1,0,1,3,2,5,5,1,2,00,2,1,13,200500023368B02,7,15,1
200500023375,2005-04-02,2005,avril,samedi,19:00,87,87002,45.96,1.39,2,1,3,1,1,9,2,00,2,1,000,067,-1,0,1,4,2,10,5,0,0,00,2,8,15,200500023375B02,7,1,1
200500023377,2005-04-21,2005,avril,jeudi,16:30,87,87049,0,0,1,1,1,1,1,4,2,02,3,1,000,038,1,0,1,3,2,7,5,0,0,00,2,1,1,200500023377B02,7,1,1
200500023395,2005-04-14,2005,avril,jeudi,19:15,23,23076,46.186,2.506,1,1,7,1,1,3,2,00,2,2,000,070,1,0,1,3,1,58,5,0,0,00,0,0,1,200500023395A01,,,
200500023414,2005-04-17,2005,avril,dimanche,11:30,31,31332,43.36,1.54,1,1,6,1,1,3,2,02,2,1,000,035,1,0,1,3,1,55,5,1,2,00,5,1,1,200500023414A01,,,
200500023416,2005-04-28,2005,avril,jeudi,16:45,31,31100,43.274,1.637,1,1,7,1,1,3,2,00,1,1,000,060,1,0,1,4,2,59,5,1,2,00,0,0,1,200500023416A01,,,
200500023430,2005-04-03,2005,avril,dimanche,11:45,12,12043,44.29,2.519,1,1,2,1,1,3,2,00,1,1,037,097,1,5,1,3,1,63,5,1,2,00,2,4,11,200500023430B02,7,1,1
200500023463,2005-04-17,2005,avril,dimanche,12:00,32,32285,43.575,0.322,1,1,2,1,1,3,2,02,1,1,000,060,1,0,1,4,1,44,5,0,0,00,2,8,2,200500023463B02,7,17,1
200500023519,2005-04-03,2005,avril,dimanche,18:30,69,69094,45.744,4.692,1,1,3,1,1,3,2,00,-1,1,000,070,1,5,1,3,1,56,5,1,2,00,2,8,1,200500023519B02,7,15,1
200500023541,2005-04-22,2005,avril,vendredi,18:00,01,01004,0,0,2,1,6,1,1,9,-1,00,-1,2,000,000,1,0,4,4,2,24,1,0,0,00,1,1,5,200500023541A01,,,
200500023566,2005-04-27,2005,avril,mercredi,13:15,07,07217,0,0,1,1,5,1,1,3,2,02,2,3,000,000,1,0,1,3,1,13,5,0,0,00,2,1,1,200500023566A01,7,1,2
200500023567,2005-04-04,2005,avril,lundi,19:45,07,07129,0,0,2,1,7,1,1,9,2,00,2,2,060,000,1,0,0,4,1,17,5,0,0,06,0,1,14,200500023567A01,,,
200500023570,2005-04-05,2005,avril,mardi,15:00,26,26064,44.918,5.02,1,6,3,1,1,3,4,00,1,3,000,000,1,5,1,3,1,62,5,0,0,00,2,3,9,200500023570A01,7,12,1
200500023579,2005-04-26,2005,avril,mardi,13:45,26,26345,44.291,4.821,1,1,2,1,1,3,2,00,1,2,000,076,1,0,1,4,1,32,5,0,0,00,0,4,1,200500023579B02,7,1,1
200500023607,2005-04-21,2005,avril,jeudi,15:15,38,38182,45.402,5.425,2,1,1,1,1,3,2,02,-1,1,000,050,1,0,0,3,1,53,5,1,2,00,2,1,1,200500023607B02,10,15,1
200500023640,2005-04-22,2005,avril,vendredi,17:00,42,42020,0,0,2,1,3,1,1,3,2,00,1,1,000,070,1,0,1,4,1,64,5,0,0,00,2,1,1,200500023640B02,7,15,1
200500023647,2005-04-26,2005,avril,mardi,15:15,73,73316,45.494,6.15,1,1,2,1,1,3,2,00,-1,1,043,103,1,5,5,4,1,21,0,1,2,00,2,1,1,200500023647B02,7,16,1
200500023647,2005-04-26,2005,avril,mardi,15:15,73,73316,45.494,6.15,1,1,2,1,1,3,2,00,-1,1,043,103,1,5,5,4,1,20,0,1,2,00,2,1,1,200500023647B02,7,16,1
200500023661,2005-04-29,2005,avril,vendredi,15:15,74,74045,0,0,2,1,6,1,1,3,2,02,-1,4,000,060,1,0,3,2,1,49,5,1,2,08,0,1,14,200500023661A01,,,
200500023675,2005-04-30,2005,avril,samedi,14:15,74,74309,0,0,1,1,7,1,1,3,2,01,4,1,000,040,1,0,1,3,2,32,5,1,2,00,0,0,1,200500023675A01,,,
200500023679,2005-04-14,2005,avril,jeudi,14:45,74,74001,46.299,6.786,2,1,1,1,1,3,2,00,-1,1,062,000,1,0,1,4,1,49,5,0,0,00,2,1,1,200500023679B02,7,15,1
200500023692,2005-04-11,2005,avril,lundi,19:00,63,63026,45.699,2.997,1,1,3,1,1,2,2,02,1,1,000,100,1,5,1,4,1,44,5,1,2,00,0,8,0,200500023692B02,7,15,1
200500023696,2005-04-13,2005,avril,mercredi,21:15,63,63178,45.544,3.248,2,1,1,5,1,9,2,02,1,1,000,083,1,0,1,4,1,19,5,0,0,00,0,7,19,200500023696A01,5,1,1
200500023700,2005-04-29,2005,avril,vendredi,18:45,63,63116,45.98,3.1,2,1,3,1,1,3,2,02,2,1,000,060,1,0,1,3,2,16,1,0,0,00,2,6,15,200500023700B02,9,17,1
200500023711,2005-04-12,2005,avril,mardi,15:00,63,63196,0,0,2,1,1,1,1,3,2,02,1,1,000,060,1,0,1,4,1,50,5,1,2,00,4,3,1,200500023711A01,1,0,1
200500023711,2005-04-12,2005,avril,mardi,15:00,63,63196,0,0,2,1,1,1,1,3,2,02,1,1,000,060,1,0,1,1,1,30,5,1,2,00,5,0,0,200500023711B02,1,1,1
200500023757,2005-04-30,2005,avril,samedi,20:30,57,57483,48.929,6.642,2,1,1,1,1,3,1,01,1,1,000,060,1,0,1,4,1,11,5,0,0,00,2,8,19,200500023757B02,7,1,1
200500023808,2005-04-28,2005,avril,jeudi,18:15,88,88383,47.98,6.64,2,1,7,1,1,4,2,01,2,1,000,043,1,0,1,1,1,13,5,0,0,13,0,0,0,200500023808A01,,,
200500023808,2005-04-28,2005,avril,jeudi,18:15,88,88383,47.98,6.64,2,1,7,1,1,4,2,01,2,1,000,043,1,0,1,3,1,13,0,0,0,13,0,0,0,200500023808A01,,,
200500023818,2005-04-30,2005,avril,samedi,12:15,67,67046,48.773,7.861,2,3,3,1,1,4,2,00,1,1,000,000,1,0,1,4,2,32,4,0,0,00,2,1,16,200500023818B02,7,1,1
200500023828,2005-04-06,2005,avril,mercredi,17:00,67,67202,0,0,1,1,6,1,1,9,-1,00,1,1,000,025,1,0,5,1,1,16,5,0,0,00,1,1,17,200500023828A01,,,
200500023828,2005-04-06,2005,avril,mercredi,17:00,67,67202,0,0,1,1,6,1,1,9,-1,00,1,1,000,025,1,0,5,4,2,56,5,0,0,00,1,1,17,200500023828A01,,,
200500023831,2005-04-12,2005,avril,mardi,21:00,67,67097,0,0,1,1,3,3,1,3,2,02,-1,1,000,085,1,0,1,4,1,21,9,1,2,00,2,1,15,200500023831B02,7,1,1
200500023845,2005-04-07,2005,avril,jeudi,11:45,68,68155,48.094,7.32,2,1,3,1,1,3,2,02,1,1,000,089,1,0,1,4,2,16,0,0,0,00,2,4,19,200500023845B02,7,1,1
200500023849,2005-04-04,2005,avril,lundi,17:00,68,68041,47.883,7.529,1,1,5,1,1,3,2,02,1,1,000,062,1,0,1,3,1,26,5,1,2,00,2,1,1,200500023849B02,3,13,1
200500023849,2005-04-04,2005,avril,lundi,17:00,68,68041,47.883,7.529,1,1,5,1,1,3,2,02,1,1,000,062,1,0,1,4,1,16,5,1,2,00,2,1,1,200500023849C03,3,13,1
200500023852,2005-04-30,2005,avril,samedi,12:30,68,68082,47.87,7.351,2,1,3,1,1,9,2,00,1,1,000,060,1,0,1,4,1,6,5,0,0,00,2,7,15,200500023852A01,7,1,1
200500023868,2005-04-20,2005,avril,mercredi,50:0,51,51380,48.864,3.557,1,1,1,3,1,3,2,00,2,4,000,073,1,0,1,2,1,62,5,0,0,00,2,1,1,200500023868B02,7,13,1
200500023883,2005-04-24,2005,avril,dimanche,16:00,08,08103,49.502,4.6,1,1,1,1,1,3,2,02,1,1,000,042,1,0,1,3,1,57,5,1,2,00,5,2,17,200500023883A01,99,13,1
200500023914,2005-04-29,2005,avril,vendredi,16:45,21,21555,47.406,5.149,2,1,1,1,7,4,2,02,1,2,000,000,1,0,0,4,1,48,5,1,2,00,2,1,1,200500023914B02,7,15,1
200500023918,2005-04-28,2005,avril,jeudi,18:45,21,21610,47.433,5.75,2,1,7,1,1,3,2,00,2,1,000,000,1,0,1,3,2,61,3,0,0,00,0,0,0,200500023918A01,,,
200500023994,2005-04-22,2005,avril,vendredi,13:30,25,25047,47.352,6.358,2,1,3,1,1,4,2,02,1,1,000,065,1,0,1,3,1,57,0,1,2,00,2,0,15,200500023994B02,5,17,1
200500024021,2005-04-27,2005,avril,mercredi,14:00,70,70282,47.41,5.82,1,1,1,1,1,3,2,00,1,1,000,000,1,0,1,3,1,15,5,0,0,00,0,0,13,200500024021B02,7,17,1