Num_Acc,date,an,mois,jour,hrmn,dep,com,lat,long,agg,int,col,lum,atm,catr,circ,nbv,prof,plan,lartpc,larrout,surf,infra,situ,grav,sexe,age,trajet,secuexist,equipement,obs,obsm,choc,manv,vehiculeid,typevehicules,manoeuvehicules,numVehicules
200500024022,2005-04-08,2005,avril,vendredi,15:00,90,90023,47.719,6.844,2,1,1,1,1,3,2,02,1,2,000,070,1,0,1,3,1,13,9,0,0,00,2,1,19,200500024022B02,7,1,1
200500024044,2005-04-21,2005,avril,jeudi,91:5,13,13030,0,0,1,1,5,1,1,2,2,02,1,1,000,000,1,0,1,4,1,24,9,1,2,00,2,1,1,200500024044B02,7,19,1
200500024044,2005-04-21,2005,avril,jeudi,91:5,13,13030,0,0,1,1,5,1,1,2,2,02,1,1,000,000,1,0,1,4,1,46,9,1,2,00,2,1,1,200500024044C03,7,19,1
200500024049,2005-04-22,2005,avril,vendredi,73:0,04,04001,44.051,6.139,1,1,1,1,1,2,2,02,1,1,034,143,1,0,1,3,1,66,5,0,0,01,0,1,14,200500024049A01,7,24,1
200500024110,2005-04-08,2005,avril,vendredi,10:45,83,83049,43.24,6.07,2,1,1,1,1,2,2,00,-1,-1,000,074,1,0,0,4,1,50,0,0,0,00,0,4,0,200500024110B02,7,1,1
200500024129,2005-04-12,2005,avril,mardi,17:15,84,84026,0,0,1,1,2,1,1,3,2,02,1,1,000,060,1,0,1,4,1,72,5,1,2,00,2,4,2,200500024129B02,7,2,1
200500024144,2005-04-25,2005,avril,lundi,14:00,34,34327,43.665,3.976,2,1,1,1,1,4,2,02,1,1,000,055,1,0,1,3,1,12,5,1,2,00,2,3,19,200500024144B02,7,1,1
200500024171,2005-04-06,2005,avril,mercredi,16:00,34,34209,43.28,3.36,2,1,1,1,1,3,3,00,1,1,041,101,1,0,1,3,1,13,5,0,0,00,2,7,6,200500024171B02,7,1,1
200500024180,2005-04-24,2005,avril,dimanche,14:45,34,34215,0,0,1,1,1,1,2,3,2,02,1,1,000,060,2,5,1,4,1,11,5,1,2,00,2,3,5,200500024180B02,7,21,1
200500024181,2005-04-17,2005,avril,dimanche,63:0,34,34332,0,0,1,1,2,2,1,2,2,03,-1,1,000,000,1,3,1,4,1,23,5,1,2,00,0,4,1,200500024181B02,7,1,1
200500024183,2005-04-29,2005,avril,vendredi,17:30,34,34101,43.39,3.46,2,2,1,1,1,3,2,00,1,1,000,058,1,0,1,4,1,11,5,0,0,00,2,8,19,200500024183B02,7,1,1
200500024205,2005-04-18,2005,avril,lundi,16:00,30,30133,43.52,4.14,2,1,1,1,1,4,3,02,1,1,020,070,1,6,1,4,2,11,5,0,0,00,2,7,19,200500024205B02,7,1,1
200500024218,2005-04-20,2005,avril,mercredi,16:00,30,30051,0,0,2,1,6,1,1,3,2,02,-1,2,000,000,1,0,3,4,1,12,5,0,0,01,0,1,0,200500024218A01,,,
200500024253,2005-04-07,2005,avril,jeudi,14:15,66,66002,42.644,2.982,2,1,3,1,1,4,2,02,-1,1,000,054,1,0,1,3,1,12,5,0,0,00,0,8,1,200500024253B02,7,1,1
200500024272,2005-04-28,2005,avril,jeudi,91:5,2B,2B030,42.88,9.34,1,1,1,1,1,3,2,02,1,3,000,039,1,0,1,3,1,53,5,1,9,00,2,7,1,200500024272A01,7,1,1
200500024289,2005-04-10,2005,avril,dimanche,91:5,78,78497,48.697,1.771,1,1,6,1,8,3,2,00,1,1,000,043,1,0,1,4,1,27,9,1,2,00,2,1,13,200500024289A01,,,
200500024300,2005-04-24,2005,avril,dimanche,18:30,78,78062,48.85,1.89,2,1,3,1,1,3,2,02,2,1,025,110,-1,5,1,4,1,43,5,1,2,00,2,1,1,200500024300B02,7,15,1
200500024335,2005-04-11,2005,avril,lundi,18:30,77,77078,0,0,1,1,1,1,1,3,2,02,1,1,057,000,1,0,1,4,1,19,5,0,0,00,0,7,14,200500024335A01,5,2,1
200500024353,2005-04-13,2005,avril,mercredi,14:45,45,45175,0,0,1,1,1,1,1,3,2,00,1,1,000,057,1,0,1,4,1,66,5,0,0,00,0,3,2,200500024353B02,7,17,1
200500024405,2005-04-04,2005,avril,lundi,13:30,37,37231,47.596,0.501,2,1,2,1,1,3,2,02,3,1,000,051,1,0,1,3,2,74,5,0,0,00,2,4,2,200500024405B02,7,2,1
200500024427,2005-04-13,2005,avril,mercredi,15:45,33,33199,0,0,2,1,3,1,1,4,2,02,1,1,000,093,1,0,5,3,1,16,5,1,2,00,2,1,1,200500024427B02,7,15,1
200500024514,2005-04-10,2005,avril,dimanche,11:45,31,31445,0,0,1,1,1,1,1,3,2,00,1,1,000,053,-1,0,1,3,1,34,5,0,0,00,2,1,13,200500024514A01,7,1,1
200500024520,2005-04-03,2005,avril,dimanche,12:00,91,91105,48.575,2.166,2,1,1,1,1,3,3,02,1,1,006,050,1,0,1,3,1,66,5,1,2,00,0,0,2,200500024520B02,7,2,1
200500024578,2005-04-15,2005,avril,vendredi,16:15,31,31157,43.54,1.35,2,1,1,1,1,4,2,00,1,1,000,065,1,0,1,3,1,12,2,0,0,00,0,8,19,200500024578B02,7,1,1
200500024604,2005-04-14,2005,avril,jeudi,17:00,67,67152,48.541,7.684,1,6,2,1,1,3,2,02,1,1,040,084,1,0,1,4,1,13,5,1,2,00,2,1,2,200500024604B02,7,23,1
200500024639,2005-04-05,2005,avril,mardi,11:15,78,78143,48.73,2.1,2,1,1,1,1,3,2,00,-1,3,000,090,1,0,1,4,1,36,5,0,0,00,2,2,1,200500024639B02,7,19,1
200500024656,2005-04-26,2005,avril,mardi,19:45,31,31351,0,0,2,1,3,1,1,4,2,00,-1,-1,000,040,1,0,1,4,1,16,5,0,0,00,2,1,15,200500024656B02,7,1,1
200500024670,2005-05-02,2005,mai,lundi,17:15,59,59581,50.703,2.778,2,1,3,1,1,4,2,02,1,1,000,040,1,0,1,4,1,9,5,1,2,00,2,1,19,200500024670A01,7,1,1
200500024699,2005-05-19,2005,mai,jeudi,11:00,62,62261,50.505,1.627,2,2,1,1,1,9,2,00,-1,1,000,060,1,5,1,4,2,76,3,0,0,00,2,8,15,200500024699B02,7,1,1
200500024714,2005-05-25,2005,mai,mercredi,15:30,80,80052,49.997,2.521,2,1,1,1,1,4,2,02,1,1,000,050,1,0,1,4,1,38,5,0,0,00,9,4,1,200500024714B02,4,1,1
200500024758,2005-05-28,2005,mai,samedi,10:00,02,02820,0,0,1,1,3,1,1,3,2,02,1,1,000,065,1,0,1,3,1,82,5,0,0,00,0,8,1,200500024758B02,7,17,1
200500024759,2005-05-16,2005,mai,lundi,17:30,02,02661,49.516,3.525,2,9,1,1,1,3,2,02,-1,1,000,054,1,0,1,3,1,14,5,0,0,00,2,8,19,200500024759B02,7,1,1
200500024828,2005-05-27,2005,mai,vendredi,14:45,76,76475,49.403,1.173,1,1,1,1,7,3,2,00,1,1,000,070,1,0,1,3,1,63,5,1,2,00,2,4,1,200500024828B02,7,2,1
200500024850,2005-05-07,2005,mai,samedi,14:00,76,76743,49.543,0.928,2,1,1,1,1,3,2,00,1,-1,000,060,1,0,1,4,1,7,3,0,0,00,2,1,19,200500024850A01,7,1,1
200500024873,2005-05-20,2005,mai,vendredi,80:0,27,27187,0,0,1,1,1,1,1,4,2,00,1,2,000,000,1,0,1,4,1,25,9,0,0,00,0,1,23,200500024873B02,7,4,1
200500024886,2005-05-27,2005,mai,vendredi,19:00,35,35297,48.161,-2.213,1,1,1,1,1,3,2,02,1,1,000,070,1,0,1,2,2,60,5,0,0,00,2,3,2,200500024886B02,7,2,1
200500024895,2005-05-19,2005,mai,jeudi,16:30,35,35267,48.407,-1.329,2,1,1,1,1,3,2,00,2,-1,000,000,1,0,1,4,1,14,5,0,0,00,2,1,19,200500024895B02,7,1,1
200500024955,2005-05-16,2005,mai,lundi,93:0,29,29192,0,0,1,1,1,1,1,3,2,02,-1,-1,000,000,1,0,1,3,1,56,5,1,2,00,2,4,2,200500024955B02,7,2,1
200500024975,2005-05-07,2005,mai,samedi,16:00,14,14562,0,0,2,6,3,1,1,3,2,00,1,-1,000,080,1,5,1,4,2,23,5,0,0,00,2,1,1,200500024975B02,7,1,1
200500024987,2005-05-08,2005,mai,dimanche,94:5,14,14140,49.208,-0.793,1,1,6,1,1,3,2,00,4,4,000,049,1,0,0,1,1,40,5,1,2,00,0,1,17,200500024987A01,,,
200500024987,2005-05-08,2005,mai,dimanche,94:5,14,14140,49.208,-0.793,1,1,6,1,1,3,2,00,4,4,000,049,1,0,0,2,1,69,0,1,2,00,0,1,17,200500024987A01,,,
200500025023,2005-05-02,2005,mai,lundi,91:5,50,50231,0,0,2,3,3,1,1,3,2,02,1,1,000,050,1,0,1,4,1,10,5,0,0,00,2,1,13,200500025023B02,7,1,1
200500025048,2005-05-27,2005,mai,vendredi,21:45,44,44215,0,0,2,1,3,1,1,3,2,00,1,3,000,000,1,0,1,3,1,16,5,0,0,00,2,8,19,200500025048B02,7,1,1
200500025055,2005-05-05,2005,mai,jeudi,94:5,44,44007,0,0,1,1,7,1,7,4,-1,02,1,1,000,000,1,0,1,3,1,72,5,0,0,00,9,1,1,200500025055A01,,,
200500025058,2005-05-08,2005,mai,dimanche,11:30,44,44149,47.454,-1.643,2,9,3,1,1,4,-1,01,-1,-1,000,000,1,0,1,4,2,81,3,0,0,00,2,0,14,200500025058B02,7,1,1
200500025063,2005-05-24,2005,mai,mardi,15:00,44,44130,47.128,-1.599,1,1,1,1,1,3,2,00,1,1,000,063,1,0,1,3,1,48,5,0,0,00,9,0,1,200500025063A01,20,0,1
200500025070,2005-05-28,2005,mai,samedi,15:45,44,44131,0,0,2,6,3,1,1,4,2,00,1,1,000,050,1,0,1,3,1,33,5,0,0,00,2,1,1,200500025070B02,7,16,1
200500025092,2005-05-16,2005,mai,lundi,15:15,49,49318,47.382,-0.441,1,1,1,1,1,3,2,02,1,-1,000,042,9,0,1,2,1,66,5,1,2,00,0,1,1,200500025092B02,2,13,1
200500025097,2005-05-24,2005,mai,mardi,18:30,49,49306,47.428,-0.698,2,1,3,1,1,4,2,00,1,1,000,051,1,0,1,3,2,6,5,0,0,00,0,8,19,200500025097B02,7,1,1
200500025107,2005-05-22,2005,mai,dimanche,17:30,49,49027,47.142,-0.917,1,1,2,1,1,3,2,02,1,1,000,060,1,0,1,4,1,13,5,0,0,00,0,4,13,200500025107B02,2,17,1
200500025111,2005-05-22,2005,mai,dimanche,11:30,49,49221,47.472,0.016,2,1,1,1,1,3,2,00,1,-1,000,000,1,0,1,4,2,56,5,0,0,01,0,0,21,200500025111A01,7,22,1
200500025118,2005-05-25,2005,mai,mercredi,16:00,49,49215,47.134,-0.156,2,9,5,1,1,4,2,02,2,2,000,000,1,0,1,4,2,20,3,0,0,00,2,1,2,200500025118B02,5,5,1
200500025118,2005-05-25,2005,mai,mercredi,16:00,49,49215,47.134,-0.156,2,9,5,1,1,4,2,02,2,2,000,000,1,0,1,4,2,7,0,0,0,00,2,1,0,200500025118C03,5,5,1
200500025118,2005-05-25,2005,mai,mercredi,16:00,49,49215,47.134,-0.156,2,9,5,1,1,4,2,02,2,2,000,000,1,0,1,4,2,9,3,0,0,00,2,1,2,200500025118D04,5,5,1
200500025130,2005-05-17,2005,mai,mardi,10:15,53,53018,47.914,-1.066,1,1,7,1,1,4,2,02,-1,3,000,034,1,0,0,2,1,61,5,0,0,00,0,0,0,200500025130A01,,,
200500025174,2005-05-27,2005,mai,vendredi,18:00,85,85211,0,0,1,1,2,1,1,3,2,02,1,1,000,060,1,0,1,4,2,68,5,0,0,00,2,4,13,200500025174B02,7,1,1
200500025198,2005-05-17,2005,mai,mardi,18:00,33,33355,0,0,2,1,1,1,1,3,2,02,1,1,027,055,1,5,1,4,1,53,5,1,2,00,2,3,1,200500025198A01,7,15,1
200500025199,2005-05-19,2005,mai,jeudi,18:00,33,33463,0,0,2,9,1,1,1,9,-1,01,1,2,000,000,1,0,1,4,1,8,5,0,0,00,2,1,13,200500025199A01,7,1,1
200500025202,2005-05-01,2005,mai,dimanche,16:45,33,33037,44.711,-0.457,2,1,1,1,1,3,2,00,1,-1,000,060,1,0,1,3,1,11,5,0,0,00,0,0,0,200500025202B02,7,1,1
200500025216,2005-05-03,2005,mai,mardi,93:0,33,33514,0,0,2,2,3,1,1,3,2,02,1,1,000,068,1,0,1,4,2,70,5,0,0,00,2,8,19,200500025216A01,7,1,1
200500025219,2005-05-24,2005,mai,mardi,20:15,33,33207,44.929,-0.385,2,1,1,1,1,4,2,00,-1,1,000,050,1,0,1,3,1,10,5,0,0,00,2,7,19,200500025219B02,7,1,1
200500025242,2005-05-07,2005,mai,samedi,13:30,24,24108,0,0,2,1,3,1,1,3,2,02,2,1,000,050,1,0,1,4,2,8,5,1,4,00,2,8,19,200500025242B02,7,1,1
200500025253,2005-05-18,2005,mai,mercredi,16:15,40,40145,43.771,-0.423,2,1,1,1,1,3,2,02,1,1,000,064,1,0,1,4,1,77,5,1,2,00,2,8,1,200500025253B02,7,17,1
200500025267,2005-05-27,2005,mai,vendredi,14:45,40,40046,0,0,2,1,3,1,1,3,3,00,1,1,000,040,1,5,1,3,2,46,1,0,0,00,2,8,17,200500025267B02,7,15,1
200500025279,2005-05-21,2005,mai,samedi,17:00,47,47276,44.349,0.478,1,1,1,1,1,3,2,02,-1,-1,000,047,1,0,1,4,1,14,5,0,0,00,9,1,13,200500025279A01,2,17,1
200500025286,2005-05-28,2005,mai,samedi,18:45,47,47165,44.501,0.061,1,3,1,1,1,4,-1,02,-1,1,000,060,1,0,1,4,2,57,5,0,0,00,2,1,15,200500025286B02,7,1,1
200500025349,2005-05-25,2005,mai,mercredi,91:5,16,16140,0,0,1,1,7,1,1,3,2,01,2,1,061,000,1,0,1,2,1,73,3,1,2,00,0,0,1,200500025349A01,,,
200500025370,2005-05-09,2005,mai,lundi,15:00,17,17168,45.983,-1.082,2,1,7,1,1,4,3,02,1,1,000,000,9,0,1,3,1,61,5,1,2,00,9,0,1,200500025370A01,,,
200500025399,2005-05-22,2005,mai,dimanche,11:30,79,79332,46.69,-0.476,2,1,3,1,1,3,-1,02,2,1,000,050,1,0,1,4,2,7,5,0,0,00,2,1,19,200500025399B02,9,1,1
200500025404,2005-05-16,2005,mai,lundi,19:30,87,87161,45.852,1.448,1,2,1,1,1,3,2,00,1,1,000,072,1,0,1,3,1,16,5,0,0,00,2,1,19,200500025404B02,7,1,1
200500025414,2005-05-18,2005,mai,mercredi,13:45,19,19148,0,0,2,1,3,1,1,4,2,02,-1,1,000,065,1,0,1,4,1,12,5,0,0,00,2,1,1,200500025414B02,7,1,1
200500025430,2005-05-10,2005,mai,mardi,18:15,31,31433,43.525,1.407,2,2,1,1,1,4,2,02,-1,1,000,060,1,5,1,3,1,9,5,1,2,00,0,1,1,200500025430B02,7,15,1
200500025436,2005-05-03,2005,mai,mardi,11:00,31,31361,0,0,1,1,1,1,1,3,2,02,2,1,000,070,1,0,1,4,1,36,5,0,0,00,2,1,1,200500025436B02,7,15,1
200500025443,2005-05-29,2005,mai,dimanche,17:30,31,31302,43.172,0.681,1,1,3,1,1,3,2,02,1,1,000,040,-1,0,1,4,1,14,5,0,0,00,2,1,15,200500025443B02,7,1,1
200500025446,2005-05-18,2005,mai,mercredi,83:0,31,31080,43.291,0.649,2,1,3,1,1,3,2,02,2,1,000,100,1,0,1,3,1,77,3,0,0,00,2,2,19,200500025446B02,7,1,1
200500025464,2005-05-01,2005,mai,dimanche,17:30,09,09257,43.131,1.174,2,9,3,1,1,3,2,02,1,1,000,053,1,0,1,4,1,8,5,0,0,00,2,8,19,200500025464B02,7,19,1
200500025485,2005-05-11,2005,mai,mercredi,14:00,32,32459,0,0,2,1,7,1,1,3,2,02,2,1,000,063,1,0,1,3,1,14,5,1,2,00,0,1,1,200500025485A01,,,
200500025502,2005-05-23,2005,mai,lundi,18:45,32,32027,43.707,-0.236,2,1,1,1,1,2,1,01,1,1,000,065,1,0,1,4,1,9,5,0,0,00,2,3,9,200500025502B02,7,1,1
200500025506,2005-05-02,2005,mai,lundi,16:15,46,46061,0,0,1,1,5,1,1,3,2,02,1,3,000,075,1,0,1,2,1,61,5,1,2,00,2,1,1,200500025506B02,15,1,1
200500025506,2005-05-02,2005,mai,lundi,16:15,46,46061,0,0,1,1,5,1,1,3,2,02,1,3,000,075,1,0,1,2,1,63,5,1,2,00,2,1,1,200500025506C03,15,1,1
200500025517,2005-05-03,2005,mai,mardi,10:30,65,65123,0,0,1,1,6,1,1,3,2,02,1,1,000,069,1,0,1,3,2,62,5,1,2,00,5,1,1,200500025517A01,,,
200500025551,2005-05-15,2005,mai,dimanche,91:5,69,69100,0,0,2,1,7,1,1,4,1,01,2,1,000,000,1,0,1,3,1,63,5,0,0,12,0,8,1,200500025551A01,,,
200500025557,2005-05-18,2005,mai,mercredi,16:15,69,69236,0,0,1,3,3,1,1,3,2,02,1,1,000,067,1,0,1,4,1,16,5,0,0,00,0,1,16,200500025557B02,7,1,1
200500025568,2005-05-24,2005,mai,mardi,15:00,69,69121,0,0,2,1,2,1,1,3,2,02,1,1,000,088,1,5,1,3,1,56,5,1,2,00,2,1,1,200500025568B02,7,23,1
200500025576,2005-05-16,2005,mai,lundi,80:0,69,69019,0,0,2,1,1,1,8,3,2,02,1,3,000,000,2,6,1,4,1,13,2,0,0,00,2,7,19,200500025576B02,18,1,1
200500025591,2005-05-18,2005,mai,mercredi,19:00,01,01163,46.381,5.18,2,1,3,1,1,3,2,00,1,1,000,064,1,5,1,3,1,11,5,0,0,00,2,7,19,200500025591A01,7,1,1
200500025597,2005-05-27,2005,mai,vendredi,18:15,01,01231,0,0,2,3,3,1,1,4,2,02,1,1,000,050,1,0,1,4,1,9,5,0,0,00,2,0,19,200500025597B02,7,1,1
200500025598,2005-05-15,2005,mai,dimanche,12:00,01,01098,0,0,1,1,5,1,1,2,2,02,1,1,000,080,1,0,1,2,1,55,5,0,0,00,0,6,0,200500025598B02,7,2,1
200500025598,2005-05-15,2005,mai,dimanche,12:00,01,01098,0,0,1,1,5,1,1,2,2,02,1,1,000,080,1,0,1,3,2,48,0,0,0,00,0,4,2,200500025598C03,7,2,1
200500025654,2005-05-31,2005,mai,mardi,74:5,26,26323,0,0,1,6,2,1,1,4,2,02,-1,2,000,060,1,0,1,3,1,45,1,0,0,00,2,4,1,200500025654B02,7,2,1
200500025674,2005-05-15,2005,mai,dimanche,15:00,38,38212,45.088,5.899,1,1,1,1,1,2,2,00,1,1,000,070,1,0,1,3,1,28,5,1,2,00,2,1,1,200500025674B02,5,13,1
200500025701,2005-05-29,2005,mai,dimanche,84:5,38,38049,45.419,5.15,1,2,3,1,1,3,2,02,-1,1,000,060,1,0,1,4,1,39,5,1,2,00,2,2,1,200500025701B02,7,1,1
200500025712,2005-05-09,2005,mai,lundi,11:00,42,42323,0,0,2,1,1,1,1,3,2,02,1,1,000,080,1,0,1,2,1,77,5,0,0,00,2,7,1,200500025712B02,7,19,1
200500025713,2005-05-05,2005,mai,jeudi,10:45,42,42323,0,0,2,1,3,1,1,4,2,00,1,-1,000,000,1,0,1,4,1,77,3,0,0,00,2,4,1,200500025713B02,14,0,1
200500025718,2005-05-24,2005,mai,mardi,16:00,42,42132,45.389,4.726,2,1,1,1,1,3,2,00,1,1,041,000,1,0,1,4,2,28,4,1,9,00,2,6,23,200500025718B02,7,21,1
200500025726,2005-05-17,2005,mai,mardi,14:15,42,42231,46.099,3.941,1,1,3,1,1,3,2,02,-1,1,000,064,1,0,1,3,1,71,5,0,0,00,2,8,19,200500025726A01,7,1,1
200500025755,2005-05-26,2005,mai,jeudi,74:5,73,73223,0,0,2,7,1,1,1,3,2,02,1,1,000,060,1,0,1,3,1,5,2,1,2,01,2,8,19,200500025755A01,7,1,1
200500025793,2005-05-05,2005,mai,jeudi,10:00,74,74295,0,0,1,1,1,1,2,3,2,02,2,4,000,065,8,0,1,4,1,36,5,1,2,00,0,8,1,200500025793B02,7,13,1
200500025795,2005-05-08,2005,mai,dimanche,18:45,63,63042,45.833,3.082,2,1,3,1,1,4,2,02,1,1,000,050,1,0,1,4,2,9,5,0,0,00,2,1,19,200500025795B02,7,1,1
200500025815,2005-05-26,2005,mai,jeudi,14:15,63,63470,45.874,2.996,1,1,1,1,1,3,2,00,-1,1,000,050,1,0,1,4,1,58,5,1,2,00,2,0,1,200500025815B02,7,9,1
200500025881,2005-05-04,2005,mai,mercredi,17:00,57,57014,49.034,6.822,2,1,3,1,1,3,2,00,2,1,000,055,1,0,1,3,1,12,5,0,0,00,2,8,19,200500025881B02,7,21,1
200500025912,2005-05-16,2005,mai,lundi,14:15,54,54076,0,0,2,1,3,1,1,9,2,02,1,1,000,080,1,0,1,4,1,15,0,0,0,00,2,1,1,200500025912B02,7,1,1
200500025914,2005-05-01,2005,mai,dimanche,21:45,54,54562,0,0,2,1,1,3,1,4,2,00,2,3,000,035,1,0,1,3,1,17,5,0,0,00,2,1,13,200500025914B02,7,1,1
200500025922,2005-05-15,2005,mai,dimanche,13:45,55,55571,49.338,5.246,1,1,1,1,1,3,2,02,4,1,000,060,1,5,1,2,1,61,5,0,0,00,2,8,19,200500025922B02,7,1,1
200500025931,2005-05-01,2005,mai,dimanche,93:0,88,88497,48.308,6.41,1,1,6,1,7,3,2,01,1,3,060,060,1,0,3,4,1,46,5,0,0,00,1,1,1,200500025931A01,,,
200500025931,2005-05-01,2005,mai,dimanche,93:0,88,88497,48.308,6.41,1,1,6,1,7,3,2,01,1,3,060,060,1,0,3,4,1,60,5,0,0,00,1,1,1,200500025931A01,,,
200500025951,2005-05-27,2005,mai,vendredi,73:0,67,67137,48.494,7.678,2,1,1,1,1,3,2,01,1,2,000,000,1,0,1,4,1,13,2,1,2,00,2,3,17,200500025951B02,7,1,1
200500025984,2005-05-26,2005,mai,jeudi,14:30,67,67416,49.04,7.9,1,1,1,1,1,3,2,00,2,1,000,060,1,0,1,3,1,72,5,1,2,00,2,8,1,200500025984B02,7,21,1
200500025990,2005-05-27,2005,mai,vendredi,11:15,67,67511,48.89,7.78,2,1,7,1,1,4,2,01,-1,-1,000,035,1,0,1,2,1,69,5,1,2,00,0,2,1,200500025990A01,,,
200500025992,2005-05-05,2005,mai,jeudi,14:00,68,68311,0,0,1,9,7,1,2,3,2,00,2,4,000,000,2,0,1,3,1,43,5,1,2,00,0,0,0,200500025992A01,,,
200500026005,2005-05-31,2005,mai,mardi,14:15,68,68287,47.963,7.301,2,1,6,1,1,4,2,02,1,1,000,055,1,0,1,3,2,32,2,0,0,00,0,2,1,200500026005A01,,,
200500026015,2005-05-06,2005,mai,vendredi,13:45,68,68040,47.822,7.06,1,1,1,1,1,3,2,02,2,3,000,071,1,0,1,4,1,39,5,1,2,00,2,1,13,200500026015B02,7,1,1
200500026036,2005-05-22,2005,mai,dimanche,20:30,51,51343,48.567,3.705,1,1,3,1,1,3,2,00,2,1,000,064,1,0,1,1,1,21,0,1,2,00,2,5,1,200500026036B02,7,1,1
200500026043,2005-05-28,2005,mai,samedi,16:30,51,51423,48.78,4.879,1,1,2,1,1,3,2,02,3,1,000,056,1,0,1,3,1,56,5,1,2,00,0,4,1,200500026043B02,7,2,1
200500026068,2005-05-19,2005,mai,jeudi,18:00,10,10323,48.491,3.674,2,1,3,1,1,3,2,02,1,1,080,000,1,5,1,3,1,7,0,1,2,00,0,1,1,200500026068B02,7,1,1
200500026121,2005-05-17,2005,mai,mardi,80:0,71,71543,46.569,4.908,2,1,2,1,1,2,2,00,1,1,000,090,1,0,3,4,1,15,2,0,0,01,0,1,1,200500026121B02,7,22,1
200500026127,2005-05-26,2005,mai,jeudi,14:30,71,71277,0,0,1,1,7,1,1,3,2,02,4,3,000,066,1,0,0,3,1,78,5,1,2,03,0,1,1,200500026127A01,,,
200500026167,2005-05-22,2005,mai,dimanche,16:30,89,89348,0,0,1,1,4,1,1,3,2,02,1,1,057,057,1,0,1,4,2,16,5,0,0,00,0,4,13,200500026167A01,7,17,3
200500026167,2005-05-22,2005,mai,dimanche,16:30,89,89348,0,0,1,1,4,1,1,3,2,02,1,1,057,057,1,0,1,4,1,16,5,0,0,00,0,4,1,200500026167B02,7,17,3
200500026167,2005-05-22,2005,mai,dimanche,16:30,89,89348,0,0,1,1,4,1,1,3,2,02,1,1,057,057,1,0,1,1,2,14,5,0,0,00,0,0,1,200500026167C03,7,17,3
200500026173,2005-05-15,2005,mai,dimanche,19:15,25,25350,0,0,2,1,1,1,1,3,2,00,2,3,000,056,1,0,1,4,1,68,0,0,0,00,2,1,2,200500026173B02,7,23,1
200500026189,2005-05-27,2005,mai,vendredi,18:30,25,25405,46.84,6.346,2,1,2,1,1,4,2,00,4,1,000,060,1,0,1,4,1,15,5,0,0,00,2,1,2,200500026189A01,1,2,1
200500026189,2005-05-27,2005,mai,vendredi,18:30,25,25405,46.84,6.346,2,1,2,1,1,4,2,00,4,1,000,060,1,0,1,1,1,13,5,0,0,00,2,4,2,200500026189B02,1,2,1
200500026195,2005-05-13,2005,mai,vendredi,18:30,39,39370,46.976,5.797,2,1,1,1,1,3,2,02,-1,-1,000,065,1,0,1,3,1,55,5,0,0,00,2,0,2,200500026195B02,7,2,1
200500026201,2005-05-30,2005,mai,lundi,18:15,39,39302,47.2,5.719,2,1,3,1,1,3,2,02,1,2,000,045,1,5,1,4,2,11,5,0,0,00,2,1,19,200500026201B02,7,1,1
200500026230,2005-05-14,2005,mai,samedi,83:0,13,13019,0,0,2,6,1,1,3,3,-1,00,1,-1,000,035,2,5,1,4,2,31,5,1,2,00,2,7,21,200500026230B02,7,1,1
200500026234,2005-05-05,2005,mai,jeudi,14:15,13,13110,43.449,5.689,2,3,3,1,1,4,1,00,3,1,000,000,1,0,1,4,1,12,5,0,0,00,2,1,5,200500026234B02,7,1,1
200500026247,2005-05-04,2005,mai,mercredi,17:30,13,13022,0,0,1,1,7,1,1,3,2,02,1,1,000,073,1,0,5,4,1,8,5,1,2,00,0,8,1,200500026247A01,,,
200500026272,2005-05-27,2005,mai,vendredi,10:00,05,05151,44.868,6.597,1,1,1,1,1,2,2,00,2,1,000,000,1,5,1,4,2,57,5,1,2,00,2,8,0,200500026272B02,7,19,1
200500026277,2005-05-29,2005,mai,dimanche,91:5,05,05040,44.549,6.28,2,1,1,1,1,2,2,02,1,1,000,077,1,0,1,3,1,30,5,1,2,00,2,1,0,200500026277B02,7,15,1
200500026292,2005-05-15,2005,mai,dimanche,11:30,06,06122,0,0,1,1,1,1,1,3,2,00,-1,2,000,000,1,0,1,3,1,39,5,0,0,00,2,3,0,200500026292B02,7,0,1
200500026293,2005-05-21,2005,mai,samedi,12:15,06,06157,0,0,1,1,1,1,1,3,2,00,2,2,000,060,1,0,1,3,1,57,5,1,2,00,0,3,11,200500026293B02,7,1,1
200500026301,2005-05-15,2005,mai,dimanche,14:30,06,06106,43.881,6.995,1,1,6,1,1,3,2,02,2,1,000,055,1,0,1,2,1,76,5,1,2,00,5,8,1,200500026301A01,,,
200500026307,2005-05-18,2005,mai,mercredi,16:45,83,83072,0,0,2,2,3,1,7,3,2,00,4,1,000,000,1,5,1,4,2,40,5,1,2,00,2,7,1,200500026307A01,7,16,1
200500026315,2005-05-23,2005,mai,lundi,54:5,83,83100,43.285,6.128,1,1,3,1,1,3,2,02,1,1,000,080,1,5,1,4,1,71,5,1,2,00,2,8,15,200500026315A01,5,1,1
200500026344,2005-05-30,2005,mai,lundi,93:0,83,83035,43.214,5.772,2,1,1,1,1,4,1,00,2,3,000,000,1,0,1,4,1,70,5,0,0,01,0,1,21,200500026344B02,7,22,1
200500026347,2005-05-20,2005,mai,vendredi,93:0,83,83019,0,0,1,1,1,1,1,2,2,03,2,2,000,101,1,5,1,3,1,67,5,1,2,00,2,8,19,200500026347B02,7,2,1
200500026356,2005-05-27,2005,mai,vendredi,17:30,84,84071,0,0,2,1,1,1,1,2,2,02,1,1,000,065,1,0,1,4,1,7,2,0,0,00,2,7,19,200500026356B02,7,1,1
200500026375,2005-05-21,2005,mai,samedi,23:15,34,34244,43.68,4.024,1,1,2,3,1,3,2,00,3,1,000,067,1,0,1,2,1,16,0,0,0,00,0,4,1,200500026375B02,10,1,1