Num_Acc,date,an,mois,jour,hrmn,dep,com,lat,long,agg,int,col,lum,atm,catr,circ,nbv,prof,plan,lartpc,larrout,surf,infra,situ,grav,sexe,age,trajet,secuexist,equipement,obs,obsm,choc,manv,vehiculeid,typevehicules,manoeuvehicules,numVehicules
200500026379,2005-05-27,2005,mai,vendredi,11:45,34,34151,0,0,1,1,6,1,1,3,2,02,1,1,000,075,1,0,1,3,1,57,5,0,0,00,2,4,2,200500026379B02,2,0,1
200500026408,2005-05-16,2005,mai,lundi,17:00,34,34016,0,0,1,1,3,1,1,3,2,00,3,3,000,040,1,0,1,4,1,59,5,0,0,00,2,8,1,200500026408B02,7,13,1
200500026413,2005-05-30,2005,mai,lundi,12:30,34,34039,43.45,3.64,1,1,5,1,1,2,2,03,1,1,000,120,1,0,1,3,1,52,5,1,2,00,0,6,1,200500026413A01,7/ 10,2/1/4,3
200500026447,2005-05-21,2005,mai,samedi,83:0,30,30227,0,0,1,1,1,1,1,3,2,00,1,3,000,074,1,0,1,3,1,50,5,1,2,16,0,7,1,200500026447B02,7,1,1
200500026447,2005-05-21,2005,mai,samedi,83:0,30,30227,0,0,1,1,1,1,1,3,2,00,1,3,000,074,1,0,1,4,1,58,0,1,2,16,0,7,1,200500026447B02,7,1,1
200500026447,2005-05-21,2005,mai,samedi,83:0,30,30227,0,0,1,1,1,1,1,3,2,00,1,3,000,074,1,0,1,4,1,53,0,1,2,16,0,7,1,200500026447B02,7,1,1
200500026447,2005-05-21,2005,mai,samedi,83:0,30,30227,0,0,1,1,1,1,1,3,2,00,1,3,000,074,1,0,1,4,1,52,0,1,2,16,0,7,1,200500026447B02,7,1,1
200500026447,2005-05-21,2005,mai,samedi,83:0,30,30227,0,0,1,1,1,1,1,3,2,00,1,3,000,074,1,0,1,4,1,45,0,1,2,16,0,7,1,200500026447B02,7,1,1
200500026479,2005-05-31,2005,mai,mardi,10:30,48,48173,44.248,3.908,1,1,3,1,1,3,2,00,2,2,000,052,1,0,1,4,1,59,5,0,0,00,2,3,1,200500026479B02,7,13,1
200500026494,2005-05-10,2005,mai,mardi,15:15,2A,2A212,42.25,8.74,1,1,2,1,1,3,2,02,2,1,000,044,1,0,1,2,1,51,5,1,2,00,2,1,2,200500026494B02,7,2,1
200500026498,2005-05-13,2005,mai,vendredi,17:00,2A,2A247,0,0,2,1,3,1,1,3,2,02,1,1,000,073,1,0,3,4,1,65,5,0,0,00,2,3,1,200500026498A01,7,15,1
200500026527,2005-05-18,2005,mai,mercredi,64:5,78,78565,0,0,1,1,2,1,7,3,2,02,1,1,000,062,1,0,3,3,1,47,1,1,2,00,2,4,1,200500026527B02,7,1,1
200500026545,2005-05-25,2005,mai,mercredi,15:30,91,91386,0,0,2,1,1,1,1,9,2,00,-1,-1,000,000,-1,0,0,4,1,6,0,0,0,00,0,1,0,200500026545B02,7,0,1
200500026624,2005-05-12,2005,mai,jeudi,16:00,45,45155,0,0,2,1,1,1,1,3,2,00,1,2,080,000,1,0,1,3,2,77,3,0,0,00,2,2,19,200500026624A01,7,1,1
200500026629,2005-05-25,2005,mai,mercredi,14:15,45,45315,47.77,2.37,2,1,3,1,1,3,2,02,1,1,000,060,1,0,1,4,2,13,3,0,0,00,2,7,15,200500026629A01,5,1,1
200500026647,2005-05-09,2005,mai,lundi,11:00,18,18276,0,0,1,1,1,1,1,3,2,02,1,1,000,078,1,0,1,3,1,56,5,0,0,00,2,1,17,200500026647B02,7,21,1
200500026648,2005-05-24,2005,mai,mardi,13:30,18,18172,46.732,2.479,2,1,1,1,1,4,2,00,2,3,028,000,1,0,1,3,1,36,1,0,0,00,2,1,13,200500026648B02,7,1,1
200500026682,2005-05-27,2005,mai,vendredi,81:5,36,36005,0,0,2,3,3,1,1,3,2,02,1,1,000,061,1,0,1,4,2,12,2,0,0,00,2,1,1,200500026682A01,7,15,1
200500026744,2005-05-12,2005,mai,jeudi,11:30,21,21605,47.297,5.102,2,1,3,1,1,3,2,00,-1,-1,000,000,1,5,1,4,2,37,1,0,0,00,2,1,1,200500026744B02,7,15,1
200500026746,2005-05-20,2005,mai,vendredi,17:45,21,21515,47.31,5.118,2,6,3,1,1,3,1,01,1,2,000,050,1,5,1,4,1,34,5,0,0,00,2,2,17,200500026746A01,7,1,1
200500026754,2005-05-12,2005,mai,jeudi,15:30,57,57586,0,0,1,1,3,1,1,3,2,02,-1,3,000,054,1,0,1,4,1,19,5,1,2,00,2,8,1,200500026754B02,7,17,1
200500026757,2005-05-04,2005,mai,mercredi,19:15,34,34270,0,0,1,1,1,1,1,2,2,02,2,3,000,050,1,0,1,1,1,16,5,0,0,00,1,1,1,200500026757A01,1,1,1
200500026757,2005-05-04,2005,mai,mercredi,19:15,34,34270,0,0,1,1,1,1,1,2,2,02,2,3,000,050,1,0,1,3,1,8,0,0,0,00,1,1,1,200500026757A01,1,1,1
200500026757,2005-05-04,2005,mai,mercredi,19:15,34,34270,0,0,1,1,1,1,1,2,2,02,2,3,000,050,1,0,1,1,1,10,5,0,0,00,0,0,1,200500026757B02,1,1,1
200500026757,2005-05-04,2005,mai,mercredi,19:15,34,34270,0,0,1,1,1,1,1,2,2,02,2,3,000,050,1,0,1,1,1,10,0,0,0,00,0,0,1,200500026757B02,1,1,1
200500026760,2005-05-24,2005,mai,mardi,10:00,34,34259,0,0,1,3,3,1,1,3,2,02,4,1,000,000,1,5,1,4,1,36,9,1,2,00,2,1,1,200500026760A01,10,19,1
200500026793,2005-05-05,2005,mai,jeudi,15:45,60,60155,0,0,1,1,1,1,1,3,2,00,1,3,000,000,1,0,1,4,1,20,9,1,2,00,2,1,5,200500026793A01,7,1,1
200500026840,2005-05-05,2005,mai,jeudi,93:0,13,13065,0,0,2,2,1,1,1,4,2,02,-1,-1,000,050,1,5,1,3,1,45,5,0,0,00,2,8,19,200500026840B02,7,1,1
200500026846,2005-05-18,2005,mai,mercredi,10:00,91,91494,0,0,1,1,3,1,1,4,-1,02,1,1,000,081,1,0,1,4,1,19,2,0,0,00,2,1,19,200500026846B02,7,1,1
200500026860,2005-05-24,2005,mai,mardi,14:00,38,38285,45.034,5.975,1,1,3,1,1,3,-1,02,2,1,000,000,1,0,1,4,1,49,5,0,0,01,0,8,2,200500026860B02,7,2,1
200500026881,2005-05-27,2005,mai,vendredi,16:45,59,59037,0,0,2,1,1,1,1,3,2,02,-1,1,000,060,1,0,1,4,1,16,2,0,0,00,2,8,15,200500026881A01,4,1,1
200500026909,2005-05-11,2005,mai,mercredi,17:30,38,38229,45.213,5.776,2,1,1,1,1,4,2,02,1,-1,000,065,1,0,1,4,2,64,5,0,0,00,2,1,19,200500026909B02,7,16,1
200500026950,2005-05-28,2005,mai,samedi,15:00,56,56240,47.543,-2.738,1,1,3,1,1,3,3,00,1,1,000,000,-1,0,1,3,2,49,1,0,0,00,2,0,1,200500026950B02,13,17,1
200500026972,2005-05-12,2005,mai,jeudi,12:15,13,13113,43.6,5.48,2,1,1,1,8,2,2,00,1,1,000,070,1,0,1,4,1,58,5,1,2,00,2,1,1,200500026972B02,7,15,1
200500027015,2005-05-25,2005,mai,mercredi,17:00,30,30060,0,0,1,1,1,1,1,3,2,00,2,1,000,080,1,0,1,3,1,34,1,1,2,00,2,1,1,200500027015A01,7,15,1
200500027020,2005-05-11,2005,mai,mercredi,14:15,13,13083,43.916,4.808,1,1,3,1,1,2,1,00,1,2,000,067,1,0,1,3,1,79,5,1,2,00,2,1,1,200500027020A01,7,1,1
200500027027,2005-05-30,2005,mai,lundi,18:00,76,76581,0,0,1,1,3,1,1,3,2,00,-1,2,000,042,1,0,1,3,1,8,0,0,0,00,2,4,19,200500027027B02,7,1,1
200500027065,2005-04-26,2005,avril,mardi,15:55,69,69264,0,0,2,1,3,1,1,4,2,02,1,1,000,048,1,0,1,4,2,6,5,1,9,00,2,1,19,200500027065B01,7,1,1
200500027090,2005-05-04,2005,mai,mercredi,14:00,01,01053,0,0,2,3,3,1,1,2,2,04,1,1,000,135,1,0,1,4,1,14,9,1,9,00,2,8,5,200500027090A01,7,1,1
200500027095,2005-05-15,2005,mai,dimanche,10:40,01,01053,0,0,2,1,2,1,1,2,3,03,1,1,018,150,1,0,1,4,1,49,9,1,9,00,2,4,13,200500027095A01,7,1,1
200500027156,2005-05-05,2005,mai,jeudi,11:15,06,06004,0,0,2,1,5,1,1,2,2,02,1,1,000,061,1,0,1,4,1,19,5,1,2,00,0,0,0,200500027156B01,5,0,1
200500027156,2005-05-05,2005,mai,jeudi,11:15,06,06004,0,0,2,1,5,1,1,2,2,02,1,1,000,061,1,0,1,1,1,17,5,1,2,00,0,0,0,200500027156C01,5,0,1
200500027156,2005-05-05,2005,mai,jeudi,11:15,06,06004,0,0,2,1,5,1,1,2,2,02,1,1,000,061,1,0,1,1,1,18,5,1,2,00,0,0,0,200500027156D01,5,0,1
200500027156,2005-05-05,2005,mai,jeudi,11:15,06,06004,0,0,2,1,5,1,1,2,2,02,1,1,000,061,1,0,1,4,1,21,0,1,2,00,0,0,0,200500027156E01,5,0,1
200500027233,2005-05-23,2005,mai,lundi,13:40,06,06029,0,0,2,1,3,1,1,4,1,02,1,1,000,080,1,0,1,3,1,76,0,1,9,00,0,1,12,200500027233B01,7,1,1
200500027248,2005-05-30,2005,mai,lundi,17:47,06,06029,0,0,2,1,7,1,1,4,2,02,1,1,000,100,1,0,1,4,1,34,0,1,2,00,0,0,2,200500027248A01,,,
200500027261,2005-05-26,2005,mai,jeudi,95:0,06,06069,0,0,1,1,3,1,1,3,2,02,1,1,000,000,1,0,1,4,1,31,9,1,2,00,0,1,1,200500027261B01,7,10,1
200500027315,2005-05-12,2005,mai,jeudi,81:0,06,06088,0,0,2,1,7,1,1,4,2,04,-1,1,000,120,1,0,1,4,2,50,1,1,9,00,0,0,1,200500027315B01,7,1,1
200500027336,2005-05-15,2005,mai,dimanche,82:5,06,06088,0,0,2,1,6,1,1,4,2,02,1,1,000,000,1,0,1,4,1,56,5,1,2,01,0,0,0,200500027336B01,7,24,1
200500027346,2005-05-18,2005,mai,mercredi,21:45,06,06088,0,0,2,2,3,5,1,4,1,02,1,1,000,094,1,0,1,4,1,16,5,1,9,00,2,0,19,200500027346A01,7,19,1
200500027354,2005-05-19,2005,mai,jeudi,22:20,06,06088,0,0,2,1,3,5,1,4,3,03,1,1,030,075,1,0,1,4,1,28,9,0,0,00,2,1,1,200500027354B01,7,15,1
200500027369,2005-05-23,2005,mai,lundi,19:05,06,06088,0,0,2,1,3,1,1,4,3,03,1,1,030,080,1,0,1,4,2,25,9,1,9,00,2,1,7,200500027369B01,7,15,1
200500027418,2005-05-04,2005,mai,mercredi,14:05,07,07281,0,0,2,4,3,1,1,2,4,02,-1,1,000,040,1,5,1,4,1,13,5,1,4,00,2,0,21,200500027418A01,17,2,1
200500027456,2005-05-10,2005,mai,mardi,18:00,13,13001,0,0,2,1,3,1,1,4,1,01,2,-1,000,050,1,0,1,3,1,46,5,1,2,00,2,7,19,200500027456B01,7,1,1
200500027471,2005-05-26,2005,mai,jeudi,74:0,13,13001,0,0,2,1,2,1,1,4,2,03,1,1,000,100,1,0,1,4,1,46,0,1,9,00,2,4,1,200500027471B01,7,1,1
200500027517,2005-05-05,2005,mai,jeudi,19:45,13,13055,0,0,2,3,3,1,1,4,2,02,1,3,000,085,1,2,1,4,1,48,5,1,9,00,2,3,16,200500027517A01,7,1,1
200500027578,2005-05-15,2005,mai,dimanche,85:0,13,13055,0,0,2,1,1,1,1,3,2,00,2,1,000,000,1,0,1,3,1,59,5,1,9,00,2,1,0,200500027578B01,7,13,1
200500027581,2005-05-09,2005,mai,lundi,17:50,13,13055,0,0,2,1,3,1,1,4,2,02,1,1,000,000,1,0,1,4,1,52,0,0,0,00,0,7,19,200500027581B01,7,2,1
200500027615,2005-05-21,2005,mai,samedi,92:5,13,13055,0,0,2,1,3,1,1,4,2,00,1,1,000,060,1,0,1,4,2,75,5,1,9,00,2,8,18,200500027615B01,7,2,1
200500027659,2005-05-28,2005,mai,samedi,12:00,13,13055,0,0,2,1,2,1,1,4,2,07,1,1,000,160,1,0,1,3,1,69,0,1,2,01,0,1,1,200500027659A01,18,23,1
200500027665,2005-05-21,2005,mai,samedi,18:45,13,13055,0,0,2,6,7,1,1,4,4,02,1,-1,000,000,1,0,1,4,1,30,0,1,9,00,0,0,9,200500027665A01,,,
200500027679,2005-05-21,2005,mai,samedi,12:30,13,13002,0,0,2,1,6,1,1,3,2,02,1,1,000,097,1,0,1,4,1,31,5,1,9,00,2,3,18,200500027679A01,1,1,1
200500027679,2005-05-21,2005,mai,samedi,12:30,13,13002,0,0,2,1,6,1,1,3,2,02,1,1,000,097,1,0,1,4,2,30,5,1,9,00,2,2,1,200500027679B01,1,18,1
200500027753,2005-05-25,2005,mai,mercredi,13:20,13,13055,0,0,2,3,3,1,1,4,2,02,1,1,000,072,1,0,1,3,1,32,5,1,9,00,2,1,0,200500027753A01,7,15,1
200500027800,2005-05-24,2005,mai,mardi,15:20,13,13055,0,0,2,3,3,1,1,4,-1,01,1,1,000,000,1,0,5,3,1,58,5,1,2,00,0,0,0,200500027800A01,7,1,1
200500027818,2005-05-14,2005,mai,samedi,16:10,13,13103,0,0,2,1,3,1,1,3,2,03,1,3,000,068,1,0,1,4,1,37,5,1,2,00,2,6,0,200500027818B01,7,17,1
200500027840,2005-05-17,2005,mai,mardi,12:15,14,14111,0,0,2,6,3,1,1,3,1,02,1,2,015,060,1,0,5,3,2,61,5,1,9,00,0,7,19,200500027840B01,7,1,1
200500027855,2005-05-25,2005,mai,mercredi,16:55,14,14366,0,0,2,1,1,1,1,4,2,02,1,2,000,060,1,0,1,3,1,9,5,1,2,00,2,1,5,200500027855A01,7,1,1
200500027874,2005-05-11,2005,mai,mercredi,22:25,17,17299,0,0,2,2,3,5,1,4,2,02,1,1,000,141,1,5,1,3,2,25,5,1,4,00,2,1,5,200500027874A01,7,1,1
200500027879,2005-05-04,2005,mai,mercredi,84:5,17,17200,0,0,2,1,6,1,1,4,2,02,1,1,000,050,1,0,5,3,2,26,1,1,9,14,0,1,1,200500027879A01,,,
200500027883,2005-05-09,2005,mai,lundi,17:15,17,17300,0,0,2,1,3,1,1,4,2,00,1,2,000,000,1,0,5,3,2,14,2,1,2,00,2,8,1,200500027883B01,4,16,1
200500027887,2005-05-13,2005,mai,vendredi,10:30,17,17300,0,0,2,3,1,1,1,4,2,02,1,1,000,080,1,5,1,4,1,45,9,1,2,00,2,1,1,200500027887A01,7,23,1
200500027890,2005-05-17,2005,mai,mardi,73:5,17,17200,0,0,2,1,6,1,1,4,2,20,1,1,000,700,1,0,1,4,2,13,2,1,9,01,0,1,1,200500027890A01,,,
200500027895,2005-05-20,2005,mai,vendredi,22:50,17,17200,0,0,2,2,3,5,1,4,1,02,2,1,000,052,1,0,1,4,1,21,5,1,9,00,2,1,1,200500027895A01,7,1,1
200500027900,2005-05-28,2005,mai,samedi,14:50,17,17200,0,0,2,2,3,1,1,4,2,02,1,1,000,070,1,5,1,4,1,16,5,1,2,00,2,4,19,200500027900A01,18,1,1
200500027903,2005-05-31,2005,mai,mardi,83:0,17,17200,0,0,2,2,3,1,1,4,1,01,1,1,000,300,1,0,1,4,2,24,0,1,9,00,2,8,1,200500027903B01,7,1,1
200500027921,2005-05-27,2005,mai,vendredi,13:22,18,18033,0,0,2,1,3,1,1,4,2,02,1,1,000,070,1,0,1,3,1,27,5,1,9,00,2,0,0,200500027921A01,7,1,1
200500027928,2005-05-03,2005,mai,mardi,11:30,19,19031,0,0,2,2,3,1,1,4,1,02,1,2,000,152,1,0,1,4,2,25,5,1,2,00,2,0,1,200500027928B01,7,17,1
200500027954,2005-05-09,2005,mai,lundi,17:00,21,21231,0,0,2,1,2,1,1,4,2,02,2,1,040,130,1,0,1,4,1,42,5,1,2,00,2,1,1,200500027954A01,7,1,1
200500027961,2005-05-16,2005,mai,lundi,16:25,21,21231,0,0,2,7,2,1,1,4,2,02,1,3,000,130,1,0,1,4,1,31,5,1,2,00,2,1,18,200500027961A01,7,24,1
200500027973,2005-05-27,2005,mai,vendredi,16:10,21,21166,0,0,2,4,7,1,1,4,2,02,1,1,010,088,1,0,1,4,1,44,5,1,2,00,0,0,1,200500027973B01,7,1,1
200500028009,2005-05-02,2005,mai,lundi,19:37,25,25056,0,0,2,2,3,1,1,4,1,01,3,2,000,030,1,0,1,4,2,44,5,1,2,00,0,4,1,200500028009B01,7,9,1
200500028023,2005-05-17,2005,mai,mardi,17:10,25,25056,0,0,2,4,1,1,1,4,1,02,1,1,003,102,1,0,1,3,1,42,1,1,2,00,2,1,5,200500028023A01,7,9,1
200500028044,2005-05-02,2005,mai,lundi,10:15,26,26281,0,0,2,6,6,1,1,3,-1,02,3,1,000,044,1,0,1,4,2,78,3,1,9,00,2,6,19,200500028044A01,7,1,1
200500028045,2005-05-03,2005,mai,mardi,13:45,26,26281,0,0,2,6,6,1,8,3,-1,02,2,1,000,060,1,0,1,4,1,13,2,1,9,00,2,1,0,200500028045A01,7,1,1
200500028059,2005-05-27,2005,mai,vendredi,18:35,26,26362,0,0,2,1,3,1,1,4,2,02,1,1,000,060,1,0,1,3,1,11,5,1,9,00,2,1,19,200500028059A01,7,1,1
200500028074,2005-05-08,2005,mai,dimanche,18:20,27,27681,0,0,2,1,6,1,1,4,2,01,1,1,000,025,1,0,5,4,2,13,5,1,9,00,2,7,1,200500028074A01,1,1,1
200500028074,2005-05-08,2005,mai,dimanche,18:20,27,27681,0,0,2,1,6,1,1,4,2,01,1,1,000,025,1,0,5,1,2,15,5,1,9,00,2,8,1,200500028074B01,1,1,1
200500028083,2005-05-16,2005,mai,lundi,18:05,28,28070,0,0,2,1,3,1,1,4,2,02,1,2,000,075,1,0,1,4,1,57,5,1,4,00,2,1,1,200500028083B01,7,15,1
200500028095,2005-05-10,2005,mai,mardi,16:55,28,28134,0,0,2,1,3,1,1,4,1,02,1,1,000,080,1,0,1,4,1,25,5,1,9,00,2,1,2,200500028095B01,7,1,1
200500028108,2005-05-03,2005,mai,mardi,18:00,29,29019,0,0,2,1,6,1,1,9,3,04,1,1,000,066,1,0,1,4,1,12,5,1,2,00,2,1,1,200500028108B01,7,6,1
200500028136,2005-05-04,2005,mai,mercredi,19:05,29,29232,0,0,2,1,6,1,1,4,2,02,1,1,000,080,1,0,1,3,1,20,9,1,9,01,0,1,1,200500028136B01,7,24/1,2
200500028142,2005-05-31,2005,mai,mardi,19:26,30,30007,0,0,2,1,3,1,1,4,1,02,1,1,000,053,1,0,1,3,1,14,5,1,9,00,2,1,0,200500028142B01,7,2,1
200500028197,2005-05-09,2005,mai,lundi,81:0,31,31069,0,0,2,4,3,1,1,4,2,02,1,1,000,077,1,0,1,4,2,59,1,1,4,00,2,1,15,200500028197B01,10,19,1
200500028247,2005-05-18,2005,mai,mercredi,13:50,31,31555,0,0,2,1,6,1,1,4,1,02,4,1,000,050,1,0,5,4,2,40,9,1,2,00,1,1,21,200500028247A01,,,
200500028265,2005-05-25,2005,mai,mercredi,19:00,31,31555,0,0,2,6,3,1,1,4,2,02,1,1,000,100,1,0,1,4,2,45,5,1,2,00,2,1,15,200500028265B01,7,9,1
200500028273,2005-05-27,2005,mai,vendredi,13:20,31,31555,0,0,2,3,3,1,1,4,1,02,1,1,000,063,1,0,1,4,2,20,9,1,9,00,2,1,1,200500028273A01,7,1,1
200500028281,2005-05-30,2005,mai,lundi,12:50,31,31555,0,0,2,1,3,1,2,4,2,02,1,1,000,065,2,0,1,4,1,16,0,1,2,00,2,0,15,200500028281A01,2,1,1
200500028284,2005-05-30,2005,mai,lundi,15:05,31,31555,0,0,2,2,1,1,1,4,1,03,1,1,000,105,1,2,1,4,1,28,1,1,2,00,0,1,1,200500028284B01,7,15,1
200500028296,2005-05-18,2005,mai,mercredi,20:45,32,32013,0,0,2,3,1,2,1,4,1,01,2,3,000,052,1,0,1,4,2,18,5,1,9,00,2,4,5,200500028296A01,7,15,1
200500028297,2005-05-19,2005,mai,jeudi,18:55,32,32013,0,0,2,3,3,1,1,4,2,02,2,1,000,050,1,0,1,3,1,47,5,1,2,00,2,1,5,200500028297B01,7,15,1
200500028298,2005-05-19,2005,mai,jeudi,21:25,32,32013,0,0,2,3,2,5,1,4,2,02,2,1,000,068,1,0,1,4,1,47,5,1,2,00,2,1,2,200500028298A01,7,15,1
200500028303,2005-05-06,2005,mai,vendredi,18:00,33,33009,0,0,2,6,3,1,1,4,3,02,1,1,029,035,1,0,1,4,2,44,5,1,9,00,2,1,1,200500028303B01,7,1,1
200500028308,2005-05-02,2005,mai,lundi,22:20,33,33063,0,0,2,2,3,5,2,4,2,20,1,1,000,128,2,0,0,4,1,34,0,1,2,00,2,0,1,200500028308A01,7,15,1
200500028311,2005-05-05,2005,mai,jeudi,19:22,33,33075,0,0,1,1,6,1,1,4,2,02,-1,-1,000,000,1,0,5,4,2,8,0,1,9,00,2,0,0,200500028311B01,2,0,1
200500028320,2005-05-09,2005,mai,lundi,90:0,33,33063,0,0,2,3,6,1,1,4,2,02,1,1,000,090,1,0,1,1,1,20,5,0,0,00,1,1,1,200500028320A01,,,
200500028328,2005-05-11,2005,mai,mercredi,85:0,33,33167,0,0,2,1,3,1,1,4,2,05,1,1,000,145,1,0,1,3,1,58,0,1,9,00,2,8,1,200500028328B01,15,17,1
200500028332,2005-05-12,2005,mai,jeudi,13:20,33,33063,0,0,2,2,3,1,2,4,1,01,1,1,000,095,2,0,1,3,2,30,0,1,9,00,2,7,19,200500028332A01,7,2,1
200500028341,2005-05-12,2005,mai,jeudi,13:00,33,33318,0,0,2,1,1,1,2,4,2,02,1,1,000,067,2,0,5,4,1,21,0,1,9,00,2,2,1,200500028341A01,7,1,1
200500028348,2005-05-14,2005,mai,samedi,19:35,33,33318,0,0,2,3,3,1,1,4,2,02,1,1,000,063,1,0,1,4,1,11,0,1,9,00,2,1,1,200500028348A01,7,1,1
200500028351,2005-05-16,2005,mai,lundi,93:0,33,33318,0,0,2,2,1,1,1,4,2,03,1,1,000,100,1,0,1,4,2,21,0,1,9,00,2,1,1,200500028351A01,7,1,1
200500028369,2005-05-19,2005,mai,jeudi,17:30,33,33063,0,0,2,1,2,1,1,4,2,02,1,1,000,092,1,0,1,4,2,22,0,1,9,00,2,4,2,200500028369B01,7,1,1
200500028371,2005-05-20,2005,mai,vendredi,81:0,33,33063,0,0,2,3,3,1,1,4,2,02,1,1,000,065,1,0,1,1,1,29,1,1,9,00,2,4,16,200500028371A01,1,1,1
200500028371,2005-05-20,2005,mai,vendredi,81:0,33,33063,0,0,2,3,3,1,1,4,2,02,1,1,000,065,1,0,1,3,1,41,1,1,9,00,2,1,1,200500028371B01,1,16,1
200500028376,2005-05-16,2005,mai,lundi,13:58,33,33249,0,0,2,1,3,1,1,4,2,02,1,1,000,079,1,0,1,4,1,16,0,1,2,00,2,8,16,200500028376A01,7,14,1
200500028377,2005-05-16,2005,mai,lundi,16:50,33,33039,0,0,2,2,3,1,2,4,2,02,1,1,000,099,2,0,1,4,1,73,0,1,2,00,2,1,14,200500028377B01,7,1,1
200500028379,2005-05-23,2005,mai,lundi,13:45,33,33063,0,0,2,1,2,1,1,4,2,04,1,1,000,116,1,0,1,4,2,25,1,0,0,00,2,1,1,200500028379A01,7,1,1
200500028384,2005-05-24,2005,mai,mardi,20:10,33,33063,0,0,2,2,3,1,1,4,3,02,1,1,000,113,1,0,1,3,1,29,9,1,9,00,2,8,1,200500028384A01,18,1,1
200500028395,2005-05-25,2005,mai,mercredi,10:10,33,33063,0,0,2,2,3,1,1,4,1,03,1,1,000,000,1,0,1,4,2,54,0,1,2,00,2,0,1,200500028395B01,7,1,1
200500028434,2005-05-04,2005,mai,mercredi,17:38,34,34172,0,0,1,2,3,1,1,4,2,02,1,1,000,079,1,5,1,3,1,14,5,1,2,00,2,8,1,200500028434A01,7,1,1
200500028461,2005-05-24,2005,mai,mardi,17:30,34,34172,0,0,1,1,6,1,1,9,2,04,1,1,015,150,1,1,1,4,1,11,5,1,4,00,2,2,0,200500028461A01,7,1,1
200500028494,2005-05-07,2005,mai,samedi,16:25,35,35350,0,0,2,1,6,1,1,9,-1,01,-1,-1,000,030,1,0,1,3,1,16,0,1,2,00,0,0,0,200500028494A01,,,
200500028518,2005-05-23,2005,mai,lundi,19:35,35,35238,0,0,2,3,3,1,1,4,2,02,3,1,000,060,1,0,1,4,2,14,5,1,2,00,2,8,1,200500028518B01,7,15,1
200500028520,2005-05-24,2005,mai,mardi,18:20,35,35238,0,0,2,3,3,1,1,4,2,03,2,1,000,090,1,0,1,3,2,16,0,1,2,00,2,1,0,200500028520B01,7,15,1
200500028524,2005-05-29,2005,mai,dimanche,21:0,35,35238,0,0,2,1,6,5,1,4,3,02,2,1,011,120,1,6,1,1,1,20,0,1,2,00,2,0,0,200500028524A01,7,21,1
200500028544,2005-05-26,2005,mai,jeudi,17:20,36,36044,0,0,2,1,3,1,1,4,2,04,1,-1,000,120,1,0,1,4,1,50,3,1,4,00,2,1,1,200500028544A01,7,15,1
200500028548,2005-05-24,2005,mai,mardi,16:10,37,37122,0,0,2,6,3,1,1,4,2,01,1,1,000,070,1,0,1,3,2,71,3,1,9,00,2,7,1,200500028548B01,7,16,1
200500028562,2005-05-30,2005,mai,lundi,18:50,37,37261,0,0,2,1,6,1,1,4,3,04,1,1,118,128,1,0,1,3,2,54,1,1,9,01,0,1,1,200500028562B01,7,24,1
200500028565,2005-05-28,2005,mai,samedi,16:00,37,37261,0,0,2,1,6,1,1,4,2,02,1,1,000,050,1,0,1,3,2,69,5,1,9,00,0,0,15,200500028565B01,5,18,1
200500028569,2005-05-02,2005,mai,lundi,84:5,38,38421,0,0,2,3,3,1,1,4,2,02,1,1,000,075,1,0,1,4,1,28,1,1,4,00,2,8,15,200500028569B01,7,16,1
200500028580,2005-05-09,2005,mai,lundi,43:0,38,38179,0,0,2,2,3,5,1,4,2,02,1,1,000,057,1,5,1,4,1,32,1,1,4,00,2,1,1,200500028580B01,7,1,1
200500028581,2005-05-09,2005,mai,lundi,11:25,38,38185,0,0,2,1,3,1,1,4,2,02,1,1,000,070,1,0,1,4,1,38,4,1,4,00,2,3,1,200500028581A01,7,16,1
200500028583,2005-05-11,2005,mai,mercredi,14:58,38,38423,0,0,2,1,2,1,1,4,2,02,1,1,000,085,1,0,5,2,1,84,5,1,2,00,2,1,16,200500028583A01,18,20,1
200500028585,2005-05-14,2005,mai,samedi,14:20,38,38185,0,0,2,1,3,1,1,4,1,01,1,1,000,033,2,0,1,4,1,28,5,1,4,00,2,2,19,200500028585B01,7,1,1
200500028594,2005-05-25,2005,mai,mercredi,84:5,38,38185,0,0,2,1,6,1,1,4,2,02,1,1,000,114,1,0,5,4,1,41,1,1,9,01,0,1,1,200500028594B01,7,22,1
200500028614,2005-05-27,2005,mai,vendredi,17:15,40,40192,0,0,2,9,3,1,1,4,2,02,1,1,000,060,1,0,1,3,1,13,5,1,9,00,2,7,10,200500028614A01,7,1,1
200500028625,2005-05-26,2005,mai,jeudi,82:6,41,41018,0,0,2,3,3,1,1,4,2,02,1,1,000,000,1,0,1,4,2,54,1,1,9,00,2,1,1,200500028625B01,7,15,1
200500028630,2005-05-15,2005,mai,dimanche,94:5,41,41194,0,0,2,1,6,1,1,4,2,02,1,1,000,055,1,0,1,3,2,75,3,1,9,00,2,1,23,200500028630B01,7,4,1
200500028638,2005-05-13,2005,mai,vendredi,14:10,42,42270,0,0,1,1,6,1,1,4,2,02,1,2,000,000,1,0,1,4,2,58,5,1,2,00,2,8,1,200500028638B01,7,17,1
200500028721,2005-05-12,2005,mai,jeudi,12:00,44,44109,0,0,2,6,7,1,2,4,1,01,1,2,000,040,2,0,1,4,2,47,9,1,9,00,0,0,15,200500028721B01,7,9,1
200500028729,2005-05-18,2005,mai,mercredi,90:0,44,44109,0,0,2,7,2,1,1,4,2,02,1,2,000,090,1,0,1,4,1,16,2,1,9,00,2,4,15,200500028729B01,7,15,1
200500028744,2005-05-24,2005,mai,mardi,17:15,44,44109,0,0,2,2,6,1,1,4,-1,00,2,1,000,000,1,0,1,3,1,19,0,1,9,00,2,0,1,200500028744B01,7,0,1
200500028747,2005-05-26,2005,mai,jeudi,74:0,44,44109,0,0,2,1,6,1,9,4,2,02,1,3,000,000,1,0,0,3,2,44,1,1,2,00,2,1,2,200500028747B01,99,2,1
200500028753,2005-05-28,2005,mai,samedi,19:25,44,44215,0,0,2,1,3,1,1,4,1,02,1,1,017,055,1,0,1,4,2,21,0,1,9,00,2,8,19,200500028753B01,7,1,1