Num_Acc,date,an,mois,jour,hrmn,dep,com,lat,long,agg,int,col,lum,atm,catr,circ,nbv,prof,plan,lartpc,larrout,surf,infra,situ,grav,sexe,age,trajet,secuexist,equipement,obs,obsm,choc,manv,vehiculeid,typevehicules,manoeuvehicules,numVehicules
200500028755,2005-05-27,2005,mai,vendredi,16:20,44,44143,0,0,2,1,3,1,1,4,2,02,2,1,000,080,1,0,1,1,1,13,5,1,9,00,2,8,19,200500028755A01,5,7,1
200500028780,2005-05-03,2005,mai,mardi,10:45,45,45234,0,0,2,1,6,1,1,4,2,02,1,1,000,068,1,0,1,2,1,64,5,0,0,00,0,1,1,200500028780A01,,,
200500028789,2005-05-11,2005,mai,mercredi,20:10,45,45234,0,0,2,2,3,1,1,4,2,02,-1,-1,000,064,1,0,0,4,1,22,5,1,9,00,2,1,19,200500028789A01,7,2,1
200500028791,2005-05-12,2005,mai,jeudi,16:15,45,45302,0,0,2,6,3,1,1,2,3,02,1,2,000,090,1,0,1,4,2,54,9,1,9,00,0,1,1,200500028791B01,7,16,1
200500028802,2005-05-26,2005,mai,jeudi,11:30,45,45302,0,0,2,1,6,1,1,3,2,02,1,1,000,060,1,0,1,3,1,86,5,1,2,00,2,8,1,200500028802B01,7,17,1
200500028812,2005-05-02,2005,mai,lundi,13:23,47,47001,0,0,2,1,2,1,1,2,2,02,1,1,000,063,1,0,1,3,2,60,5,1,9,00,2,4,2,200500028812B01,7,2,1
200500028822,2005-05-30,2005,mai,lundi,17:05,47,47157,0,0,2,3,3,1,1,2,3,04,1,1,015,116,1,5,0,3,2,20,2,1,9,00,2,8,16,200500028822B01,7,16,1
200500028826,2005-05-09,2005,mai,lundi,13:30,49,49015,0,0,2,1,3,1,1,4,2,02,1,1,000,050,1,0,1,4,1,13,5,1,9,00,2,8,19,200500028826B01,7,1,1
200500028839,2005-05-10,2005,mai,mardi,11:25,49,49007,0,0,2,1,7,1,1,4,2,02,1,1,000,070,1,0,1,4,2,24,5,1,9,00,0,0,1,200500028839A01,,,
200500028840,2005-05-10,2005,mai,mardi,11:37,49,49007,0,0,2,1,7,1,1,4,2,02,1,1,000,040,1,0,5,4,1,32,9,1,9,14,0,0,1,200500028840A01,,,
200500028847,2005-05-12,2005,mai,jeudi,17:29,49,49353,0,0,2,1,3,1,1,4,1,01,1,1,000,035,1,0,1,4,2,20,5,1,9,00,2,1,0,200500028847B01,7,1,1
200500028859,2005-05-20,2005,mai,vendredi,18:08,49,49007,0,0,2,1,3,1,1,4,2,02,1,1,000,070,1,0,1,4,1,34,1,1,9,00,2,3,1,200500028859B01,7,16,1
200500028868,2005-05-25,2005,mai,mercredi,16:00,49,49007,0,0,2,1,7,1,1,4,2,02,1,1,000,070,1,0,1,4,1,93,5,1,9,00,0,0,1,200500028868A01,,,
200500028898,2005-05-03,2005,mai,mardi,74:0,50,50129,0,0,2,1,6,1,1,2,2,02,1,1,000,120,1,0,5,4,1,61,5,1,2,00,1,1,1,200500028898A01,,,
200500028911,2005-05-21,2005,mai,samedi,18:50,50,50129,0,0,2,1,3,1,1,4,2,02,2,1,000,060,1,0,1,4,1,9,5,1,2,00,2,1,19,200500028911A01,7,0,1
200500028927,2005-05-19,2005,mai,jeudi,73:0,51,51431,0,0,2,2,3,1,1,4,2,02,1,1,000,050,1,0,1,4,1,16,2,1,9,00,2,1,1,200500028927A01,7,1,1
200500028957,2005-05-30,2005,mai,lundi,18:05,52,52121,0,0,2,1,6,1,1,4,2,02,1,1,000,073,1,0,1,4,1,18,5,1,9,00,2,8,15,200500028957A01,7,21,1
200500028983,2005-05-01,2005,mai,dimanche,90:5,54,54274,0,0,2,2,6,1,1,4,2,00,4,1,000,000,1,0,1,4,1,39,0,1,9,12,1,1,15,200500028983A01,,,
200500028997,2005-05-10,2005,mai,mardi,90:0,54,54395,0,0,2,1,6,1,1,4,1,00,2,1,000,000,1,0,4,4,2,15,9,1,9,00,2,1,0,200500028997A01,7,0,1
200500029014,2005-05-20,2005,mai,vendredi,19:30,54,54395,0,0,2,3,6,1,2,4,2,02,1,1,000,065,1,0,1,3,1,11,5,1,9,00,2,1,1,200500029014A01,7,1,1
200500029030,2005-05-31,2005,mai,mardi,18:45,54,54498,0,0,2,1,1,1,1,4,2,02,1,-1,000,000,1,0,5,4,1,16,5,1,2,00,2,1,1,200500029030A01,1,1,1
200500029030,2005-05-31,2005,mai,mardi,18:45,54,54498,0,0,2,1,1,1,1,4,2,02,1,-1,000,000,1,0,5,4,1,11,5,1,2,00,2,1,1,200500029030B01,1,1,1
200500029033,2005-05-13,2005,mai,vendredi,18:05,54,54167,0,0,2,2,6,1,1,4,1,01,1,1,000,055,1,0,1,4,2,12,5,1,2,00,2,1,1,200500029033A01,7,7,1
200500029044,2005-05-02,2005,mai,lundi,19:38,56,56121,0,0,2,2,3,1,1,9,2,02,1,1,000,000,1,0,1,4,1,78,9,1,9,00,2,2,15,200500029044A01,7,1,1
200500029047,2005-05-07,2005,mai,samedi,16:21,56,56121,0,0,2,1,3,1,1,9,2,02,2,1,000,000,1,0,1,4,1,46,9,1,9,00,2,1,1,200500029047B01,7,16,1
200500029055,2005-05-16,2005,mai,lundi,15:25,56,56162,0,0,1,2,3,1,1,3,2,02,1,1,000,077,1,0,1,2,1,16,9,1,2,00,2,3,1,200500029055A01,7,1,1
200500029128,2005-05-10,2005,mai,mardi,83:5,57,57666,0,0,2,9,6,1,1,3,3,01,1,1,000,100,1,0,1,4,1,17,1,1,9,00,2,4,21,200500029128A01,5,1,1
200500029129,2005-05-18,2005,mai,mercredi,14:40,57,57672,0,0,2,1,3,1,1,3,1,02,1,3,000,000,1,0,1,4,1,23,9,1,4,00,2,8,19,200500029129B01,7,16,1
200500029136,2005-05-21,2005,mai,samedi,14:27,57,57306,0,0,2,1,1,1,1,4,1,01,2,3,000,058,1,0,1,3,2,7,5,1,9,00,2,1,1,200500029136A01,7,1,1
200500029146,2005-05-26,2005,mai,jeudi,14:00,57,57221,0,0,2,1,3,1,1,2,2,02,1,1,000,070,1,0,1,4,1,69,5,1,9,00,2,3,1,200500029146B01,7,14,1
200500029149,2005-05-09,2005,mai,lundi,19:15,58,58194,0,0,2,1,7,1,1,4,3,02,1,1,000,000,1,0,1,4,1,42,5,1,9,00,0,1,1,200500029149A01,,,
200500029170,2005-05-23,2005,mai,lundi,17:05,59,59616,0,0,2,3,1,1,1,4,2,02,1,1,000,070,1,0,1,3,1,46,1,1,9,00,2,1,1,200500029170A01,1,14,1
200500029170,2005-05-23,2005,mai,lundi,17:05,59,59616,0,0,2,3,1,1,1,4,2,02,1,1,000,070,1,0,1,4,1,13,5,1,9,00,2,1,14,200500029170B01,1,1,1
200500029180,2005-05-12,2005,mai,jeudi,72:6,59,59486,0,0,2,3,3,1,1,3,2,02,1,2,000,098,1,0,1,3,1,46,1,1,2,00,2,1,17,200500029180B01,7,15,1
200500029198,2005-05-01,2005,mai,dimanche,12:45,59,59368,0,0,2,1,6,1,1,4,1,02,1,1,000,073,1,0,0,4,1,7,5,1,9,00,2,1,19,200500029198A01,7,2,1
200500029202,2005-05-01,2005,mai,dimanche,18:00,59,59350,0,0,2,4,6,1,1,4,2,00,1,3,039,098,1,5,1,4,1,19,9,1,9,00,2,4,2,200500029202B01,7,15,1
200500029209,2005-05-07,2005,mai,samedi,15:10,59,59350,0,0,2,1,2,1,1,4,2,02,1,2,000,103,1,0,1,3,2,28,5,1,9,00,0,4,1,200500029209B01,18,1,1
200500029212,2005-05-10,2005,mai,mardi,17:10,59,59350,0,0,2,1,6,1,1,4,2,02,1,1,000,078,1,0,1,4,1,18,5,1,9,00,2,3,21,200500029212A01,7,1,1
200500029214,2005-05-10,2005,mai,mardi,10:10,59,59350,0,0,2,1,6,1,1,4,2,03,1,1,000,080,1,0,5,1,1,28,5,1,9,00,1,1,1,200500029214B01,,,
200500029222,2005-05-13,2005,mai,vendredi,15:45,59,59350,0,0,2,1,6,1,2,4,2,02,1,1,000,093,2,0,5,1,1,16,5,1,9,00,1,1,1,200500029222A01,,,
200500029228,2005-05-16,2005,mai,lundi,11:55,59,59350,0,0,2,7,3,1,1,4,3,04,1,1,065,073,1,0,1,4,1,22,5,1,9,00,2,2,19,200500029228B01,7,2,1
200500029245,2005-05-23,2005,mai,lundi,18:00,59,59350,0,0,2,1,6,1,1,4,1,02,1,1,000,060,1,0,1,4,2,33,1,1,9,00,2,4,13,200500029245B01,7,13,1
200500029254,2005-05-25,2005,mai,mercredi,17:10,59,59009,0,0,2,1,3,1,1,4,2,02,1,1,000,129,1,0,1,3,2,12,5,1,9,00,2,8,19,200500029254B01,14,21,1
200500029268,2005-05-31,2005,mai,mardi,14:05,59,59356,0,0,2,2,6,1,1,4,2,03,1,1,000,098,1,0,1,4,2,36,9,1,9,00,2,1,2,200500029268B01,7,15,1
200500029271,2005-05-23,2005,mai,lundi,80:0,59,59378,0,0,2,3,6,1,1,4,2,02,1,1,000,070,1,0,1,4,1,49,1,1,9,00,2,1,15,200500029271B01,7,2,1
200500029278,2005-05-17,2005,mai,mardi,14:20,59,59365,0,0,2,3,3,1,1,2,2,02,1,1,000,140,1,0,1,4,1,49,5,1,4,00,0,7,1,200500029278B01,7,15,1
200500029279,2005-05-22,2005,mai,dimanche,16:20,59,59392,0,0,2,3,3,1,1,4,2,02,4,1,000,054,1,0,0,3,1,10,5,1,4,00,2,1,9,200500029279A01,7,17,1
200500029296,2005-05-03,2005,mai,mardi,20:05,59,59526,0,0,2,1,3,1,1,4,2,02,1,1,000,062,1,0,1,3,1,18,5,1,4,00,2,8,19,200500029296A01,7,1,1
200500029301,2005-05-02,2005,mai,lundi,13:25,59,59508,0,0,2,1,3,1,1,3,2,02,1,1,000,000,1,0,1,2,1,45,1,0,0,00,0,8,19,200500029301B01,7,21,1
200500029308,2005-05-03,2005,mai,mardi,13:40,59,59606,0,0,2,1,6,1,1,4,2,02,1,1,080,150,1,0,1,3,2,14,2,1,2,00,2,4,19,200500029308B01,17,1,1
200500029308,2005-05-03,2005,mai,mardi,13:40,59,59606,0,0,2,1,6,1,1,4,2,02,1,1,080,150,1,0,1,3,2,13,0,1,2,00,2,4,19,200500029308B01,17,1,1
200500029313,2005-05-05,2005,mai,jeudi,11:05,59,59606,0,0,2,6,6,1,1,4,2,04,1,1,015,080,1,5,1,4,1,68,9,1,2,00,2,1,1,200500029313B01,7,16,1
200500029327,2005-05-17,2005,mai,mardi,19:10,60,60414,0,0,2,1,3,1,1,4,2,02,1,1,000,074,1,0,1,3,2,10,5,1,9,00,2,8,19,200500029327B01,7,2,1
200500029372,2005-05-26,2005,mai,jeudi,16:40,62,62215,0,0,2,3,6,1,1,4,2,02,1,1,000,070,1,0,1,4,1,58,5,1,9,00,2,4,15,200500029372B01,7,4,1
200500029393,2005-05-13,2005,mai,vendredi,11:51,62,62498,0,0,2,1,6,1,1,4,2,04,1,1,000,154,1,0,1,3,2,33,5,1,9,01,0,1,1,200500029393B01,7,24,1
200500029396,2005-05-27,2005,mai,vendredi,14:15,62,62771,0,0,2,3,6,1,7,2,2,02,1,1,000,060,1,0,1,3,1,18,5,1,9,00,0,3,1,200500029396A01,7,1,1
200500029399,2005-05-06,2005,mai,vendredi,73:5,62,62386,0,0,2,6,2,2,1,4,1,02,1,2,150,072,1,5,1,3,1,42,5,1,9,00,2,1,1,200500029399B01,7,9,1
200500029404,2005-05-29,2005,mai,dimanche,16:40,62,62510,0,0,2,9,3,1,1,4,-1,02,1,1,000,056,1,0,1,3,1,15,5,1,9,00,2,1,15,200500029404A01,7,1,1
200500029423,2005-05-06,2005,mai,vendredi,19:40,63,63113,0,0,2,3,3,1,1,4,1,01,1,1,000,000,1,0,1,3,1,11,5,1,9,00,2,1,1,200500029423A01,7,1,1
200500029425,2005-05-07,2005,mai,samedi,17:45,63,63032,0,0,2,1,6,1,1,4,2,03,1,2,000,100,1,0,1,4,1,26,5,1,9,00,2,1,1,200500029425B01,7,15,1
200500029428,2005-05-10,2005,mai,mardi,16:10,63,63113,0,0,1,1,3,1,1,4,3,04,1,1,000,140,1,5,0,4,1,60,5,1,2,00,0,8,1,200500029428B01,14,1,1
200500029456,2005-05-30,2005,mai,lundi,12:45,63,63113,0,0,2,1,6,1,1,4,2,02,2,1,000,070,1,0,1,4,1,22,0,1,2,00,2,1,19,200500029456A01,7,1,1
200500029457,2005-05-31,2005,mai,mardi,19:10,63,63113,0,0,2,1,7,1,1,4,2,02,1,1,000,070,1,0,1,4,1,63,5,1,9,12,0,7,1,200500029457A01,,,
200500029464,2005-05-29,2005,mai,dimanche,18:10,63,63164,0,0,2,1,3,1,1,3,2,02,1,1,000,073,1,0,1,4,1,37,5,1,9,00,2,1,0,200500029464A01,7,1,1
200500029465,2005-05-30,2005,mai,lundi,10:10,63,63103,0,0,2,6,3,1,8,3,2,02,1,2,000,075,2,5,1,2,1,77,5,1,2,00,2,7,1,200500029465B01,7,15,1
200500029515,2005-05-13,2005,mai,vendredi,12:35,64,64445,0,0,2,3,6,1,1,2,2,02,1,1,000,068,1,0,1,4,1,47,5,1,9,00,2,1,1,200500029515A01,7,1/15,2
200500029518,2005-05-17,2005,mai,mardi,12:15,64,64445,0,0,2,3,3,1,1,4,2,02,1,1,000,080,1,0,1,3,2,44,4,1,9,00,2,1,1,200500029518B01,7,15,1
200500029540,2005-05-25,2005,mai,mercredi,12:10,64,64545,0,0,2,6,3,1,1,4,2,02,2,1,000,090,1,5,1,4,1,11,5,1,9,00,2,1,16,200500029540B01,7,1,1
200500029549,2005-05-09,2005,mai,lundi,15:45,65,65440,0,0,2,1,6,1,1,4,1,01,1,1,022,044,1,0,1,4,1,78,5,1,9,01,0,1,5,200500029549A01,,,
200500029553,2005-05-20,2005,mai,vendredi,16:00,65,65440,0,0,2,1,3,1,1,2,3,02,1,1,013,077,1,0,1,3,1,25,5,1,2,00,2,8,1,200500029553B01,7,17,1
200500029555,2005-05-23,2005,mai,lundi,15:45,65,65440,0,0,2,2,3,1,1,3,2,02,1,1,012,113,1,0,1,4,2,51,3,1,9,00,2,3,2,200500029555B01,7,16,1
200500029557,2005-05-24,2005,mai,mardi,17:20,65,65440,0,0,2,6,3,1,1,3,2,02,1,1,014,070,1,0,1,4,1,18,2,1,9,00,2,7,1,200500029557B01,7,1,1
200500029558,2005-05-24,2005,mai,mardi,18:20,65,65440,0,0,2,1,3,1,1,3,2,02,1,1,000,100,1,0,1,4,1,16,2,1,9,00,2,1,1,200500029558B01,7,9,1
200500029559,2005-05-24,2005,mai,mardi,20:30,65,65047,0,0,2,3,3,1,1,2,2,03,1,1,000,135,1,0,1,1,1,7,5,1,9,00,2,1,15,200500029559B01,2,1,1
200500029569,2005-05-11,2005,mai,mercredi,12:49,66,66136,0,0,2,3,3,1,1,4,2,03,1,1,020,148,1,0,1,3,1,48,1,1,9,00,2,5,19,200500029569A01,7,18,1
200500029579,2005-05-30,2005,mai,lundi,81:7,67,67462,0,0,1,3,3,1,1,3,2,02,1,1,000,000,1,0,0,3,1,74,5,1,9,00,2,8,1,200500029579B01,7,16,1
200500029580,2005-05-02,2005,mai,lundi,85:0,67,67482,0,0,2,2,3,1,1,4,2,02,1,1,000,090,1,0,1,4,2,55,1,1,9,00,2,8,1,200500029580B01,7,15,1
200500029584,2005-05-04,2005,mai,mercredi,95:0,67,67482,0,0,2,2,3,1,1,4,2,00,1,1,000,060,1,0,5,1,1,37,5,1,9,00,2,2,1,200500029584B01,7,1,1
200500029584,2005-05-04,2005,mai,mercredi,95:0,67,67482,0,0,2,2,3,1,1,4,2,00,1,1,000,060,1,0,5,4,2,4,0,1,2,00,2,2,1,200500029584B01,7,1,1
200500029598,2005-05-11,2005,mai,mercredi,17:50,67,67482,0,0,2,2,3,1,1,4,-1,02,1,1,084,124,1,0,1,3,1,60,1,1,9,00,2,1,1,200500029598B01,7,15,1
200500029600,2005-05-12,2005,mai,jeudi,17:15,67,67482,0,0,2,2,3,1,1,4,2,02,1,1,000,083,1,0,1,4,1,14,2,1,9,00,2,1,19,200500029600A01,7,1,1
200500029609,2005-05-18,2005,mai,mercredi,18:55,67,67204,0,0,2,3,3,1,1,4,2,02,1,1,000,065,1,0,1,4,1,18,5,1,9,00,2,1,15,200500029609B01,7,1,1
200500029610,2005-05-19,2005,mai,jeudi,91:5,67,67365,0,0,2,2,3,1,1,4,2,02,1,1,000,145,1,0,5,4,2,40,5,1,9,00,2,7,19,200500029610B01,7,1,1
200500029612,2005-05-19,2005,mai,jeudi,13:25,67,67482,0,0,2,1,1,1,1,4,2,02,1,3,000,016,1,0,5,3,1,45,1,1,9,00,2,1,1,200500029612A01,1,1,1
200500029612,2005-05-19,2005,mai,jeudi,13:25,67,67482,0,0,2,1,1,1,1,4,2,02,1,3,000,016,1,0,5,4,1,21,5,1,9,00,2,1,1,200500029612B01,1,1,1
200500029615,2005-05-20,2005,mai,vendredi,16:18,67,67482,0,0,2,1,3,1,1,4,2,02,1,1,010,138,1,4,1,3,1,25,5,1,9,00,4,3,15,200500029615A01,19,1,1
200500029623,2005-05-24,2005,mai,mardi,16:30,67,67482,0,0,2,2,2,1,1,4,2,05,1,1,000,120,1,4,1,4,2,67,5,1,9,00,2,4,15,200500029623B01,7,1,1
200500029624,2005-05-25,2005,mai,mercredi,14:10,67,67482,0,0,2,1,3,1,1,4,2,02,1,1,000,091,1,0,1,4,2,19,0,0,0,00,2,1,19,200500029624A01,7,1,1
200500029631,2005-05-27,2005,mai,vendredi,12:00,67,67482,0,0,2,1,3,1,1,4,2,02,1,1,000,096,1,0,1,4,1,15,2,1,9,01,0,1,1,200500029631B01,7,22,1
200500029641,2005-05-09,2005,mai,lundi,12:05,68,68066,0,0,2,3,3,1,1,3,2,03,1,1,000,088,1,0,5,4,1,46,3,1,9,00,2,7,1,200500029641B01,7,23,1
200500029644,2005-05-24,2005,mai,mardi,18:15,68,68066,0,0,2,4,2,1,1,4,2,02,1,1,000,086,-1,0,1,3,2,62,1,1,2,00,2,5,1,200500029644B01,7,16,1
200500029645,2005-05-25,2005,mai,mercredi,17:50,68,68066,0,0,2,2,3,1,1,2,3,02,1,1,030,070,1,2,1,4,1,21,5,1,2,00,2,1,1,200500029645B01,7,15,1
200500029646,2005-05-28,2005,mai,samedi,19:30,68,68066,0,0,2,2,3,1,1,3,2,02,1,1,000,106,1,0,5,4,1,34,5,1,2,00,2,3,1,200500029646B01,7,15,1
200500029653,2005-05-13,2005,mai,vendredi,17:05,68,68224,0,0,2,2,3,1,1,2,1,02,1,1,000,072,1,5,1,3,1,50,0,1,9,00,2,8,19,200500029653A01,2,1,1
200500029661,2005-05-27,2005,mai,vendredi,18:40,68,68224,0,0,2,1,3,1,1,4,-1,01,1,1,000,060,1,0,1,4,1,12,5,1,9,00,2,1,19,200500029661A01,7,1,1
200500029663,2005-05-24,2005,mai,mardi,17:10,68,68166,0,0,2,1,3,1,1,4,2,02,1,1,000,000,1,0,1,3,1,11,5,1,9,00,0,0,9,200500029663B01,10,1,1
200500029677,2005-05-01,2005,mai,dimanche,19:30,69,69259,0,0,2,1,3,1,1,4,2,02,3,1,000,117,1,0,1,4,1,5,5,1,9,00,2,1,19,200500029677A01,2,1,1
200500029683,2005-05-20,2005,mai,vendredi,22:30,69,69259,0,0,2,1,3,3,1,5,-1,00,-1,-1,000,000,1,0,3,4,1,19,0,1,9,00,2,1,9,200500029683B01,2,1,1
200500029686,2005-05-30,2005,mai,lundi,19:30,69,69199,0,0,2,1,6,1,1,4,2,02,1,1,000,064,1,0,1,1,1,36,1,1,9,00,1,1,1,200500029686A01,,,
200500029688,2005-05-29,2005,mai,dimanche,17:45,69,69259,0,0,2,1,2,1,1,4,3,04,1,1,012,150,1,0,1,4,2,52,5,1,9,00,2,4,1,200500029688B01,2,1,1
200500029704,2005-05-25,2005,mai,mercredi,74:5,69,69266,0,0,2,3,6,1,1,4,2,00,1,1,000,190,1,0,1,4,2,18,2,1,9,00,2,1,1,200500029704B01,7,15,1
200500029706,2005-05-25,2005,mai,mercredi,18:20,69,69266,0,0,2,2,6,1,1,4,2,02,1,1,000,045,1,0,1,4,2,39,4,1,9,00,2,2,1,200500029706A01,7,1,1
200500029713,2005-05-11,2005,mai,mercredi,17:25,69,69282,0,0,2,2,3,1,1,4,2,02,1,1,000,056,1,0,1,3,1,10,5,1,9,00,2,1,19,200500029713B01,7,1,1
200500029716,2005-05-03,2005,mai,mardi,21:35,69,69290,0,0,2,1,2,3,2,4,2,01,1,1,000,075,2,0,1,3,1,57,0,1,9,00,0,6,14,200500029716B01,7,14,1
200500029719,2005-05-19,2005,mai,jeudi,18:15,69,69256,0,0,2,2,5,1,1,4,3,01,-1,1,020,070,1,0,0,1,1,53,5,1,9,00,2,0,1,200500029719B01,7,14,1
200500029719,2005-05-19,2005,mai,jeudi,18:15,69,69256,0,0,2,2,5,1,1,4,3,01,-1,1,020,070,1,0,0,4,2,43,5,1,9,00,2,0,1,200500029719C01,7,14,1
200500029720,2005-05-17,2005,mai,mardi,13:40,69,69256,0,0,2,2,3,1,1,4,2,02,1,1,000,160,1,0,1,3,1,41,5,0,0,00,2,0,2,200500029720B01,7,15,1
200500029721,2005-05-17,2005,mai,mardi,19:10,69,69256,0,0,2,2,6,1,1,3,2,02,1,1,000,000,1,0,1,3,1,19,5,1,9,00,2,1,1,200500029721B01,7,1,1
200500029772,2005-05-15,2005,mai,dimanche,11:20,72,72181,0,0,2,1,3,1,1,9,2,02,1,1,000,080,1,0,1,4,1,26,5,1,2,00,0,1,1,200500029772B01,7,15,1
200500029785,2005-05-19,2005,mai,jeudi,15:40,72,72181,0,0,2,2,3,1,1,3,3,04,1,1,000,080,1,0,1,2,1,32,9,1,2,00,2,0,18,200500029785B01,15,16,1
200500029788,2005-05-20,2005,mai,vendredi,18:10,72,72181,0,0,2,3,1,1,1,9,2,04,1,1,025,140,9,0,1,4,1,15,5,1,2,00,2,1,16,200500029788A01,7,1,1
200500029805,2005-05-28,2005,mai,samedi,19:30,72,72181,0,0,2,1,3,1,1,9,2,02,1,1,000,061,1,0,1,4,1,11,3,1,2,00,2,1,1,200500029805A01,7,1,1
200500029808,2005-05-28,2005,mai,samedi,20:40,72,72181,0,0,2,1,1,5,1,9,2,01,2,1,000,056,1,0,1,4,1,17,5,1,2,00,0,1,1,200500029808B01,7,1,1
200500029814,2005-05-02,2005,mai,lundi,20:20,73,73011,0,0,2,1,6,2,1,9,2,02,1,2,000,108,1,0,1,4,1,26,5,1,9,00,1,1,1,200500029814A01,,,
200500029820,2005-05-14,2005,mai,samedi,10:50,73,73031,0,0,1,6,3,1,3,4,1,02,1,2,000,000,2,5,1,3,1,75,0,0,0,00,2,1,0,200500029820B01,7,2,1
200500029825,2005-05-13,2005,mai,vendredi,84:5,74,74010,0,0,2,1,6,1,1,4,2,02,1,-1,000,075,1,0,1,3,1,83,0,1,9,00,0,0,2,200500029825B01,7,22,1
200500029831,2005-05-28,2005,mai,samedi,14:55,74,74010,0,0,2,1,3,1,1,4,2,02,1,1,019,080,1,0,1,4,1,22,4,1,9,00,0,7,2,200500029831B01,2,18,1
200500029841,2005-05-27,2005,mai,vendredi,91:0,74,74281,0,0,2,6,3,1,1,2,2,02,1,3,000,060,1,5,1,3,2,67,3,1,4,00,2,1,12,200500029841B01,7,17,1
200500029854,2005-05-09,2005,mai,lundi,16:15,75,75014,0,0,2,1,3,1,1,4,2,04,1,1,000,120,1,0,1,4,2,26,4,1,2,00,2,2,19,200500029854A01,7,1,1
200500029858,2005-05-01,2005,mai,dimanche,13:25,75,75010,0,0,2,1,3,1,1,4,2,04,1,1,000,120,1,0,1,4,1,28,5,0,0,00,2,3,1,200500029858B01,7,22,1
200500029876,2005-05-02,2005,mai,lundi,15:45,75,75018,0,0,2,1,3,1,1,4,2,04,1,1,000,120,1,0,1,4,1,39,4,0,0,00,2,1,7,200500029876B01,7,10,1
200500029879,2005-05-02,2005,mai,lundi,13:30,75,75006,0,0,2,1,3,1,1,4,1,04,1,1,000,120,1,0,1,4,2,21,5,0,0,00,2,3,16,200500029879A01,7,7,1
200500029884,2005-05-03,2005,mai,mardi,14:05,75,75016,0,0,2,3,6,1,1,4,2,04,1,1,000,120,1,0,1,4,1,14,5,0,0,00,2,6,1,200500029884B01,7,0,1
200500029888,2005-05-03,2005,mai,mardi,16:05,75,75007,0,0,2,1,3,1,3,4,1,01,1,1,000,030,2,0,1,4,1,54,5,0,0,00,2,1,1,200500029888B01,7,22,1
200500029924,2005-05-16,2005,mai,lundi,10:00,75,75011,0,0,2,1,7,1,1,4,1,01,1,1,000,030,1,0,1,3,2,44,1,0,0,00,0,2,1,200500029924A01,,,
200500029930,2005-05-03,2005,mai,mardi,10:00,75,75008,0,0,2,1,3,1,1,4,2,04,1,1,000,120,1,0,1,4,2,44,4,0,0,00,2,1,1,200500029930B01,7,22,1
200500029953,2005-05-07,2005,mai,samedi,17:45,75,75011,0,0,2,2,3,1,1,4,2,04,1,1,000,120,1,0,1,4,2,22,5,0,0,00,2,2,1,200500029953B01,7,10,1
200500029968,2005-05-09,2005,mai,lundi,18:30,75,75013,0,0,2,2,3,1,1,4,2,02,1,1,000,060,1,0,1,4,1,15,5,0,0,00,2,1,1,200500029968A01,10,23,1
200500029972,2005-05-09,2005,mai,lundi,17:35,75,75018,0,0,2,2,2,1,1,4,1,01,1,1,000,030,1,0,1,4,1,34,5,0,0,00,2,4,1,200500029972B01,7,1,1
200500030005,2005-05-10,2005,mai,mardi,11:35,75,75006,0,0,2,4,5,1,1,4,2,03,1,1,000,090,1,0,1,4,2,17,5,0,0,00,2,1,7,200500030005C01,7/ 5,13/1,2
200500030017,2005-05-10,2005,mai,mardi,16:30,75,75020,0,0,1,3,3,1,1,4,2,02,1,1,000,060,1,0,1,4,2,36,5,0,0,00,2,1,1,200500030017B01,7,15,1
200500030025,2005-05-11,2005,mai,mercredi,18:30,75,75002,0,0,2,1,6,1,1,4,1,01,1,1,000,030,1,0,1,1,1,29,5,0,0,00,1,1,5,200500030025A01,,,
200500030037,2005-05-11,2005,mai,mercredi,14:55,75,75008,0,0,2,2,3,1,1,4,2,04,1,1,000,120,1,0,1,4,1,43,5,0,0,00,2,6,1,200500030037B01,7,21,1
200500030063,2005-05-15,2005,mai,dimanche,60:5,75,75009,0,0,2,3,2,1,1,4,3,02,1,1,010,060,1,0,1,4,1,34,5,0,0,00,2,1,1,200500030063A01,7,23,1
200500030074,2005-05-22,2005,mai,dimanche,10:10,75,75012,0,0,2,2,3,1,1,4,2,04,1,1,000,120,1,0,1,4,1,84,5,1,2,00,2,1,1,200500030074B01,7,15,1
200500030090,2005-05-19,2005,mai,jeudi,20:,75,75019,0,0,2,1,3,5,1,4,1,02,1,1,000,060,1,0,4,4,1,25,5,1,2,00,2,1,5,200500030090A01,7,9,1
200500030094,2005-05-18,2005,mai,mercredi,15:10,75,75008,0,0,2,1,2,1,7,4,1,04,1,1,000,120,1,0,1,4,1,72,5,0,0,00,2,4,1,200500030094B01,7,1,1
200500030099,2005-05-18,2005,mai,mercredi,23:30,75,75018,0,0,2,3,7,5,1,4,2,02,1,1,000,060,1,0,1,3,1,37,5,0,0,00,0,2,1,200500030099A01,,,
200500030101,2005-05-18,2005,mai,mercredi,17:03,75,75019,0,0,2,1,6,1,1,4,1,01,1,1,000,030,1,6,0,1,1,34,4,1,2,00,2,1,1,200500030101B01,5,0,1
200500030104,2005-05-17,2005,mai,mardi,15:10,75,75004,0,0,2,1,3,1,1,4,1,01,1,1,000,030,1,0,1,4,2,24,5,0,0,00,2,2,1,200500030104B01,10,22,1
200500030113,2005-05-17,2005,mai,mardi,12:50,75,75012,0,0,2,1,3,1,1,4,2,03,1,1,000,090,1,0,1,4,2,52,4,0,0,00,2,3,11,200500030113A01,5,1,1
200500030114,2005-05-17,2005,mai,mardi,95:7,75,75017,0,0,2,1,3,1,1,4,2,04,1,1,000,120,1,0,1,4,2,31,5,0,0,00,2,3,1,200500030114B01,7,17,1
200500030119,2005-05-16,2005,mai,lundi,13:15,75,75001,0,0,2,1,6,1,1,4,1,03,1,1,000,090,1,0,1,1,1,19,5,0,0,00,1,1,7,200500030119A01,,,
200500030127,2005-05-26,2005,mai,jeudi,16:53,75,75019,0,0,2,1,6,1,1,4,2,02,1,1,000,060,1,0,1,1,1,42,1,1,2,00,1,1,1,200500030127A01,,,
200500030131,2005-05-16,2005,mai,lundi,55:0,75,75013,0,0,2,2,3,2,1,4,2,04,1,1,000,120,1,0,1,4,1,40,1,1,2,00,2,1,1,200500030131B01,7,15,1