Num_Acc,date,an,mois,jour,hrmn,dep,com,lat,long,agg,int,col,lum,atm,catr,circ,nbv,prof,plan,lartpc,larrout,surf,infra,situ,grav,sexe,age,trajet,secuexist,equipement,obs,obsm,choc,manv,vehiculeid,typevehicules,manoeuvehicules,numVehicules
200500030140,2005-05-16,2005,mai,lundi,16:30,75,75015,0,0,2,3,2,1,2,4,1,03,1,1,000,090,2,0,1,4,1,20,5,0,0,00,2,1,7,200500030140A01,7,23,1
200500030168,2005-05-19,2005,mai,jeudi,13:20,75,75010,0,0,2,1,6,1,1,4,2,04,1,1,000,120,1,0,1,4,1,27,4,1,2,00,1,1,1,200500030168A01,,,
200500030220,2005-05-11,2005,mai,mercredi,20:03,75,75017,0,0,2,1,3,1,1,4,1,02,1,1,000,060,1,0,1,4,2,76,5,0,0,00,2,1,1,200500030220B01,7,22,1
200500030231,2005-05-30,2005,mai,lundi,15:45,75,75005,0,0,2,3,6,1,1,4,1,04,1,1,000,120,1,0,1,4,1,30,9,0,0,00,1,1,1,200500030231A01,,,
200500030243,2005-05-30,2005,mai,lundi,16:25,75,75016,0,0,2,1,6,1,1,4,2,04,1,1,000,120,1,0,1,3,1,32,4,0,0,12,2,3,1,200500030243B01,18,0,1
200500030253,2005-05-31,2005,mai,mardi,17:35,75,75008,0,0,2,1,6,1,1,4,1,01,1,1,000,030,1,0,4,1,1,13,5,0,0,00,1,1,1,200500030253A01,,,
200500030268,2005-05-25,2005,mai,mercredi,18:50,75,75006,0,0,2,2,6,1,1,4,2,04,1,1,000,120,1,0,4,1,2,22,5,0,0,00,2,4,7,200500030268B01,18,7,1
200500030269,2005-05-25,2005,mai,mercredi,12:55,75,75008,0,0,2,4,6,1,1,4,1,01,1,1,000,030,1,0,1,4,2,47,5,0,0,00,2,2,1,200500030269B01,7,22,1
200500030284,2005-05-25,2005,mai,mercredi,18:07,75,75016,0,0,2,1,1,1,1,4,2,02,1,1,000,060,1,0,1,4,1,46,5,1,2,00,2,1,1,200500030284B01,5,17,1
200500030300,2005-05-18,2005,mai,mercredi,94:5,75,75006,0,0,2,1,3,1,1,4,2,04,1,1,000,120,1,0,1,4,1,50,4,1,2,00,2,3,11,200500030300A01,7,1,1
200500030302,2005-05-21,2005,mai,samedi,18:15,75,75003,0,0,2,3,3,1,1,4,1,04,1,1,000,120,1,0,1,4,1,33,5,0,0,00,2,3,7,200500030302B01,7,16,1
200500030351,2005-05-20,2005,mai,vendredi,19:25,75,75019,0,0,2,1,3,1,1,4,2,02,1,1,000,060,1,0,1,1,1,17,5,0,0,00,2,2,19,200500030351A01,5,1,1
200500030368,2005-05-22,2005,mai,dimanche,19:55,75,75020,0,0,2,1,6,1,1,4,2,04,1,1,000,120,1,0,1,4,1,18,5,0,0,00,1,1,1,200500030368A01,,,
200500030369,2005-05-23,2005,mai,lundi,14:50,75,75004,0,0,2,2,2,1,1,4,1,04,1,1,000,120,1,0,1,4,2,26,5,0,0,00,2,1,1,200500030369B01,7,4,1
200500030383,2005-05-24,2005,mai,mardi,11:00,75,75001,0,0,2,3,3,1,1,4,1,02,1,1,000,060,1,0,1,4,1,38,5,0,0,00,2,6,16,200500030383B01,18,16,1
200500030385,2005-05-24,2005,mai,mardi,17:45,75,75008,0,0,2,1,6,1,1,4,1,01,1,1,000,030,1,0,1,4,1,32,5,0,0,12,0,2,18,200500030385A01,,,
200500030392,2005-05-24,2005,mai,mardi,18:00,75,75017,0,0,2,1,3,1,1,4,2,02,1,1,000,060,1,0,1,4,1,12,5,0,0,00,2,1,19,200500030392A01,7,1,1
200500030396,2005-05-26,2005,mai,jeudi,18:30,75,75007,0,0,2,3,3,1,1,4,2,04,1,1,000,120,1,0,1,4,2,71,5,0,0,00,2,3,15,200500030396A01,7,1,1
200500030401,2005-05-26,2005,mai,jeudi,20:45,75,75011,0,0,2,1,6,1,1,4,2,04,1,1,000,120,1,0,1,4,2,17,5,0,0,00,2,3,1,200500030401B01,7,0,1
200500030403,2005-05-26,2005,mai,jeudi,17:00,75,75012,0,0,2,2,7,1,1,4,2,02,1,1,000,060,1,0,1,4,1,39,4,0,0,00,0,2,21,200500030403A01,,,
200500030411,2005-05-27,2005,mai,vendredi,19:35,75,75003,0,0,2,5,3,1,1,4,1,03,1,1,000,090,1,0,1,4,1,38,9,0,0,00,2,3,7,200500030411B01,14,16,1
200500030412,2005-05-27,2005,mai,vendredi,14:45,75,75003,0,0,2,1,3,1,1,4,1,02,1,1,000,060,1,0,1,4,1,46,4,0,0,00,2,2,1,200500030412B01,7,22,1
200500030421,2005-05-27,2005,mai,vendredi,10:45,75,75012,0,0,2,1,7,1,1,4,2,02,1,1,000,060,9,0,1,4,1,49,5,0,0,00,0,2,1,200500030421A01,,,
200500030423,2005-05-27,2005,mai,vendredi,10:20,75,75015,0,0,2,4,3,1,1,4,2,02,1,1,000,060,1,0,1,4,1,53,9,1,2,00,2,2,17,200500030423A01,7,15,1
200500030427,2005-05-27,2005,mai,vendredi,16:50,75,75018,0,0,2,1,3,1,1,4,1,01,1,1,000,030,1,0,1,4,1,27,5,0,0,00,2,2,1,200500030427B01,7,22,1
200500030433,2005-05-28,2005,mai,samedi,21:00,75,75007,0,0,2,1,3,2,1,4,2,02,1,1,000,060,1,0,1,4,2,39,5,0,0,00,2,3,18,200500030433A01,18,1,1
200500030437,2005-05-28,2005,mai,samedi,17:15,75,75011,0,0,2,1,3,1,1,4,2,04,1,1,000,120,1,0,1,4,1,30,5,0,0,00,2,2,1,200500030437B01,7,22,1
200500030441,2005-05-28,2005,mai,samedi,17:45,75,75018,0,0,2,3,3,1,1,4,2,03,1,1,000,090,1,0,1,4,1,48,5,1,2,00,2,3,15,200500030441A01,5,1,1
200500030455,2005-05-29,2005,mai,dimanche,15:05,75,75014,0,0,2,1,6,1,8,4,1,01,1,1,000,030,1,0,4,1,1,13,5,0,0,00,1,1,1,200500030455A01,,,
200500030466,2005-05-31,2005,mai,mardi,18:04,75,75017,0,0,2,1,6,1,1,4,1,03,1,1,000,090,1,0,1,4,1,34,5,0,0,00,2,3,1,200500030466B01,7,0,1
200500030485,2005-05-04,2005,mai,mercredi,17:00,75,75020,0,0,2,2,3,1,1,4,2,02,1,1,000,060,1,0,1,4,1,37,5,0,0,00,2,1,1,200500030485B01,7,15,1
200500030561,2005-05-27,2005,mai,vendredi,16:15,76,76474,0,0,2,1,3,1,1,4,2,02,2,3,000,050,1,0,1,4,1,60,5,1,9,01,0,1,13,200500030561B01,7,22,1
200500030571,2005-05-29,2005,mai,dimanche,13:20,77,77108,0,0,2,3,6,1,1,4,1,01,1,1,000,040,1,0,1,3,1,10,5,1,9,00,2,7,19,200500030571B01,7,21,1
200500030617,2005-05-10,2005,mai,mardi,17:05,77,77053,0,0,2,1,3,1,1,3,2,02,1,1,000,100,1,0,1,3,1,12,5,1,4,00,9,2,19,200500030617A01,7,19,1
200500030641,2005-05-07,2005,mai,samedi,17:40,78,78382,0,0,2,1,1,1,1,4,1,01,2,1,000,046,1,0,1,4,1,15,5,1,2,00,2,1,5,200500030641A01,7,1,1
200500030647,2005-05-19,2005,mai,jeudi,17:00,78,78172,0,0,2,1,3,1,1,3,2,02,1,1,000,060,1,0,4,4,2,14,0,1,2,00,2,1,1,200500030647B01,10,16,1
200500030678,2005-05-15,2005,mai,dimanche,14:05,78,78440,0,0,2,2,3,1,1,4,2,02,1,1,000,050,1,0,1,4,2,18,5,1,9,00,2,1,1,200500030678B01,7,1,1
200500030701,2005-05-12,2005,mai,jeudi,17:10,78,78517,0,0,2,3,3,1,1,4,2,02,1,1,100,068,1,0,1,3,1,14,5,1,2,00,2,1,16,200500030701A01,7,1,1
200500030725,2005-05-25,2005,mai,mercredi,12:35,78,78621,0,0,2,2,3,1,1,4,3,04,1,1,055,135,1,0,1,3,1,33,1,1,2,00,2,6,13,200500030725B01,7,2,1
200500030740,2005-05-13,2005,mai,vendredi,18:20,78,78117,0,0,2,3,3,1,1,5,2,02,1,1,000,040,-1,0,1,4,1,5,5,1,9,00,2,6,1,200500030740B01,7,1,1
200500030752,2005-05-27,2005,mai,vendredi,19:05,78,78343,0,0,1,1,2,1,7,3,2,04,1,1,000,130,1,0,1,4,1,29,5,1,2,00,2,1,1,200500030752A01,7,1,1
200500030760,2005-05-18,2005,mai,mercredi,19:15,78,78650,0,0,2,3,3,1,1,4,2,02,1,1,000,067,1,0,1,4,1,16,5,1,4,00,0,1,1,200500030760B01,7,15,1
200500030777,2005-05-22,2005,mai,dimanche,18:42,80,80021,0,0,2,2,3,1,1,4,2,02,1,-1,000,050,1,0,1,4,2,20,5,1,9,00,2,1,1,200500030777A01,7,1,1
200500030783,2005-05-28,2005,mai,samedi,19:20,80,80021,0,0,2,2,3,1,1,4,2,03,1,1,000,060,1,0,1,4,2,20,5,1,9,00,2,1,1,200500030783A01,7,15,1
200500030785,2005-05-31,2005,mai,mardi,18:55,80,80021,0,0,2,3,3,1,1,4,2,02,1,1,000,070,1,0,1,3,2,10,5,1,9,00,2,1,19,200500030785A01,7,1,1
200500030786,2005-05-30,2005,mai,lundi,20:05,80,80021,0,0,2,2,3,1,1,4,2,02,1,1,000,090,1,0,1,4,1,16,5,1,9,00,2,1,19,200500030786A01,7,1,1
200500030811,2005-05-02,2005,mai,lundi,85:0,82,82121,0,0,2,2,3,1,1,2,2,02,1,1,000,000,1,0,0,3,1,22,1,1,9,00,2,1,15,200500030811A01,10,1,1
200500030818,2005-05-20,2005,mai,vendredi,20:10,82,82121,0,0,2,2,3,1,1,4,2,02,1,1,000,000,1,0,1,4,1,21,1,1,9,00,2,1,19,200500030818B01,2,19,1
200500030840,2005-05-28,2005,mai,samedi,18:25,83,83009,0,0,2,9,6,1,1,3,1,02,1,2,000,082,1,5,1,4,2,43,5,1,9,00,0,0,0,200500030840A01,,,
200500030859,2005-05-04,2005,mai,mercredi,74:5,83,83090,0,0,1,1,2,1,7,4,2,01,3,1,000,050,1,0,1,3,2,36,1,1,2,00,0,4,1,200500030859B01,7,1,1
200500030862,2005-05-08,2005,mai,dimanche,18:10,83,83090,0,0,1,1,6,1,1,2,2,01,-1,-1,000,050,1,0,1,3,1,54,5,1,9,00,2,7,2,200500030862B01,7,2,1
200500030877,2005-05-23,2005,mai,lundi,72:5,83,83137,0,0,2,1,3,1,1,4,2,02,1,1,000,060,1,0,1,3,1,44,1,1,2,00,2,0,1,200500030877B01,7,15,1
200500030901,2005-05-09,2005,mai,lundi,82:0,84,84007,0,0,2,1,2,1,1,2,2,02,1,1,000,080,1,0,5,4,1,24,1,1,9,00,2,1,1,200500030901B01,10,23,1
200500030912,2005-05-20,2005,mai,vendredi,12:15,84,84007,0,0,2,1,3,1,1,4,1,00,1,1,000,040,1,0,1,4,2,12,2,1,2,00,2,8,19,200500030912B01,7,1,1
200500030914,2005-05-21,2005,mai,samedi,11:30,84,84007,0,0,2,6,3,1,1,4,2,02,1,1,000,100,1,0,1,4,2,15,5,1,2,00,2,1,19,200500030914B01,7,1,1
200500030917,2005-05-26,2005,mai,jeudi,93:0,84,84007,0,0,2,1,3,1,1,2,2,02,1,1,000,000,1,0,5,4,1,70,3,1,9,00,2,4,1,200500030917B01,2,18,1
200500030928,2005-05-26,2005,mai,jeudi,11:10,84,84035,0,0,2,1,1,1,1,4,2,00,-1,-1,000,077,1,0,1,4,1,18,0,1,9,00,2,0,1,200500030928B01,7,1,1
200500030935,2005-05-17,2005,mai,mardi,14:20,85,85191,0,0,2,1,3,1,1,4,2,02,1,1,000,070,1,0,1,4,2,51,1,1,9,01,0,1,2,200500030935B01,7,22,1
200500030937,2005-05-10,2005,mai,mardi,11:50,85,85191,0,0,2,1,7,1,1,4,2,02,1,3,000,050,1,0,1,3,1,49,5,1,2,00,0,1,2,200500030937A01,,,
200500030938,2005-05-28,2005,mai,samedi,18:55,85,85191,0,0,2,2,3,1,1,4,2,02,1,1,000,098,1,0,1,4,1,45,0,1,2,00,2,1,2,200500030938B01,7,15,1
200500030940,2005-05-01,2005,mai,dimanche,16:10,85,85194,0,0,2,1,7,1,1,4,2,00,1,1,000,000,2,0,1,4,1,78,5,1,9,00,0,0,1,200500030940A01,,,
200500030941,2005-05-08,2005,mai,dimanche,17:00,85,85194,0,0,2,1,2,1,1,4,2,00,1,1,000,000,1,0,1,4,2,19,5,1,2,00,2,4,1,200500030941B01,7,1,1
200500030945,2005-05-28,2005,mai,samedi,21:30,85,85194,0,0,2,1,2,5,1,4,2,00,1,1,000,000,1,0,1,4,1,16,5,1,2,00,2,1,1,200500030945A01,7,1,1
200500030952,2005-05-04,2005,mai,mercredi,17:30,86,86194,0,0,1,1,6,1,1,6,-1,00,1,1,000,000,1,6,0,1,1,31,5,1,9,00,1,2,14,200500030952A01,,,
200500030960,2005-05-20,2005,mai,vendredi,15:35,86,86041,0,0,2,6,2,1,1,4,2,02,1,1,000,060,1,0,1,4,2,32,0,1,9,00,2,4,1,200500030960B01,7,2,1
200500031032,2005-05-11,2005,mai,mercredi,13:57,90,90001,0,0,2,3,3,1,1,3,2,02,1,-1,000,060,-1,0,0,4,1,43,5,1,9,00,2,7,1,200500031032B01,7,13,1
200500031033,2005-05-12,2005,mai,jeudi,13:25,90,90010,0,0,2,2,1,1,1,3,2,02,1,1,000,000,1,5,1,3,1,36,3,1,2,00,0,1,1,200500031033B01,7,1,1
200500031044,2005-05-30,2005,mai,lundi,17:45,90,90010,0,0,2,7,3,1,1,6,1,01,1,1,000,044,2,0,1,4,1,17,5,1,9,00,2,1,19,200500031044B01,7,2,1
200500031047,2005-05-08,2005,mai,dimanche,90:0,91,91457,0,0,2,1,3,1,1,4,1,01,1,1,000,000,1,0,1,4,2,43,0,1,9,00,2,1,1,200500031047B01,7,22,1
200500031055,2005-05-27,2005,mai,vendredi,13:00,91,91103,0,0,2,1,6,1,1,4,-1,02,1,-1,000,000,1,0,1,4,1,37,0,1,9,00,2,1,15,200500031055A01,7,1,1
200500031078,2005-05-12,2005,mai,jeudi,12:50,91,91433,0,0,1,1,2,1,1,3,2,02,1,1,000,720,1,0,1,4,1,44,1,1,2,01,0,1,2,200500031078A01,10,23,1
200500031087,2005-05-11,2005,mai,mercredi,13:45,91,91228,0,0,2,1,3,1,1,4,2,00,1,1,000,060,1,0,1,4,1,13,5,1,2,00,2,8,1,200500031087B01,7,0,1
200500031093,2005-05-16,2005,mai,lundi,15:20,91,91228,0,0,2,2,3,1,1,4,2,02,1,1,000,000,1,5,1,4,1,41,5,1,9,00,2,1,1,200500031093A01,7,1,1
200500031094,2005-05-18,2005,mai,mercredi,15:33,91,91228,0,0,2,1,3,1,1,2,1,01,1,1,000,030,1,0,1,4,1,52,4,1,9,00,2,1,9,200500031094A01,7,1,1
200500031099,2005-05-31,2005,mai,mardi,19:55,91,91228,0,0,2,1,3,1,1,9,2,02,1,1,000,075,1,0,1,4,1,15,5,1,2,00,2,1,19,200500031099B01,18,1,1
200500031109,2005-05-22,2005,mai,dimanche,17:30,91,91191,0,0,2,1,3,1,1,4,2,02,1,1,000,070,1,0,2,3,1,6,5,1,9,00,2,1,1,200500031109B01,7,1,1
200500031112,2005-05-31,2005,mai,mardi,16:05,91,91421,0,0,2,1,3,1,1,4,2,02,1,1,000,070,1,0,1,4,1,38,5,1,2,00,0,1,1,200500031112B01,10,10,1
200500031113,2005-05-01,2005,mai,dimanche,20:20,91,91477,0,0,2,1,3,2,1,3,2,02,1,1,000,000,1,0,1,4,1,60,5,1,2,00,2,1,18,200500031113B01,7,20,1
200500031117,2005-05-25,2005,mai,mercredi,11:25,91,91645,0,0,2,1,3,1,1,4,2,02,1,1,000,000,1,0,1,4,1,65,5,1,2,01,0,7,1,200500031117B01,7,24,1
200500031119,2005-05-10,2005,mai,mardi,14:15,91,91064,0,0,2,1,2,1,1,4,2,02,1,3,000,000,1,0,1,4,1,47,5,1,2,00,2,4,1,200500031119B01,7,16,1
200500031122,2005-05-31,2005,mai,mardi,19:25,91,91477,0,0,2,2,2,1,1,3,2,03,1,1,000,087,1,5,1,3,1,30,5,1,2,00,2,1,2,200500031122A01,7,23,1
200500031129,2005-05-07,2005,mai,samedi,17:30,92,92014,0,0,2,1,3,1,1,2,3,03,1,1,021,110,1,0,1,4,1,10,5,1,2,00,2,1,9,200500031129B01,7,2,1
200500031140,2005-05-21,2005,mai,samedi,19:15,92,92009,0,0,2,3,6,2,1,3,1,00,1,1,000,060,1,0,1,4,1,17,5,1,9,00,2,1,21,200500031140A01,7,21,1
200500031157,2005-05-27,2005,mai,vendredi,52:5,92,92012,0,0,2,1,6,2,1,3,2,00,1,1,040,120,1,0,1,4,1,36,9,1,9,00,2,1,2,200500031157B01,7,13,1
200500031201,2005-05-19,2005,mai,jeudi,13:20,92,92025,0,0,2,3,3,1,1,3,2,07,-1,-1,000,270,1,0,1,3,1,15,2,1,9,00,2,2,5,200500031201A01,7,1,1
200500031220,2005-05-28,2005,mai,samedi,12:05,92,92040,0,0,2,1,6,1,1,3,2,04,2,3,000,110,1,0,1,4,2,79,5,0,0,00,1,1,2,200500031220A01,,,
200500031232,2005-05-01,2005,mai,dimanche,16:20,92,92048,0,0,2,1,7,1,1,3,2,00,2,4,000,040,1,0,1,4,1,61,5,1,9,00,0,0,2,200500031232A01,,,
200500031244,2005-05-19,2005,mai,jeudi,10:10,92,92020,0,0,2,1,6,1,1,3,1,01,2,1,000,000,1,0,5,4,2,41,0,1,9,00,1,0,2,200500031244A01,,,
200500031259,2005-05-09,2005,mai,lundi,18:40,92,92050,0,0,2,1,7,1,1,4,1,01,1,1,000,030,1,0,1,4,1,9,5,1,2,00,0,0,1,200500031259A01,,,
200500031261,2005-05-11,2005,mai,mercredi,10:45,92,92050,0,0,2,2,3,1,1,4,1,01,1,1,000,040,1,0,1,4,1,45,9,1,2,00,2,8,5,200500031261A01,7,1,1
200500031332,2005-05-23,2005,mai,lundi,12:40,93,93001,0,0,2,2,3,1,1,4,2,02,1,1,000,000,1,0,1,3,1,36,5,1,9,00,2,1,0,200500031332A01,10,19,1
200500031408,2005-05-28,2005,mai,samedi,20:15,93,93046,0,0,2,2,2,1,1,4,2,02,1,1,000,080,1,0,1,3,1,61,5,1,9,00,0,4,2,200500031408B01,7,2,1
200500031409,2005-05-01,2005,mai,dimanche,15:55,93,93048,0,0,2,4,3,1,1,4,-1,02,-1,-1,100,100,1,0,1,3,1,42,0,1,9,00,0,0,0,200500031409B01,7,0,1
200500031414,2005-05-21,2005,mai,samedi,15:40,93,93048,0,0,2,1,6,1,1,4,1,00,1,1,000,000,1,0,1,3,1,41,0,0,0,01,0,7,22,200500031414B01,7,22,1
200500031416,2005-05-24,2005,mai,mardi,14:00,93,93048,0,0,2,1,6,1,1,4,1,01,1,1,000,080,1,0,1,3,1,34,0,1,2,00,2,4,2,200500031416B01,13,2,1
200500031424,2005-05-12,2005,mai,jeudi,19:30,93,93049,0,0,2,1,3,1,1,4,2,02,1,1,000,100,1,0,4,4,1,16,5,1,9,00,2,1,5,200500031424A01,7,23,1
200500031438,2005-05-18,2005,mai,mercredi,17:55,93,93053,0,0,2,1,6,1,1,4,2,01,2,4,000,015,1,0,5,4,1,52,0,1,2,00,2,0,1,200500031438A01,,,
200500031441,2005-05-18,2005,mai,mercredi,17:45,93,93053,0,0,2,1,6,1,1,4,2,01,2,2,010,060,1,0,1,4,1,52,0,1,2,00,2,0,2,200500031441A01,,,
200500031448,2005-05-28,2005,mai,samedi,24:5,93,93055,0,0,2,1,1,5,1,3,2,02,1,1,000,050,1,0,1,4,1,14,0,1,4,00,2,1,1,200500031448B01,7,13,1
200500031466,2005-05-05,2005,mai,jeudi,23:00,93,93066,0,0,2,2,3,5,1,4,2,04,1,1,080,080,1,5,1,3,1,16,5,1,9,00,9,3,19,200500031466B01,4,19,1
200500031467,2005-05-06,2005,mai,vendredi,19:50,93,93066,0,0,2,1,6,1,1,9,-1,01,1,-1,040,040,1,0,3,3,2,28,0,0,0,00,0,0,21,200500031467A01,,,
200500031478,2005-05-28,2005,mai,samedi,13:21,93,93070,0,0,2,1,6,1,1,4,2,00,1,1,000,000,1,0,1,3,1,24,0,1,9,01,0,1,1,200500031478A01,,,
200500031484,2005-05-24,2005,mai,mardi,17:50,93,93071,0,0,2,9,3,1,1,4,2,00,1,-1,000,050,1,0,1,4,1,6,5,1,9,01,2,1,0,200500031484B01,7,1,1
200500031538,2005-05-07,2005,mai,samedi,16:25,94,94055,0,0,2,1,3,1,1,9,-1,01,1,1,000,060,1,0,0,4,1,15,0,1,2,00,2,1,19,200500031538A01,7,2,1
200500031540,2005-05-08,2005,mai,dimanche,18:25,94,94079,0,0,2,3,3,1,1,5,-1,01,1,1,000,040,1,0,0,3,1,9,5,1,9,00,2,1,1,200500031540B01,7,0,1
200500031572,2005-05-27,2005,mai,vendredi,15:25,94,94011,0,0,2,2,3,1,1,2,2,04,1,1,000,120,1,0,1,4,1,73,5,1,9,00,2,0,2,200500031572B01,7,19,1
200500031595,2005-05-23,2005,mai,lundi,17:45,94,94046,0,0,2,1,6,1,1,2,2,04,-1,1,000,000,1,0,0,4,1,47,1,1,9,00,2,1,18,200500031595B01,7,23,1
200500031614,2005-05-11,2005,mai,mercredi,14:45,94,94081,0,0,2,3,3,1,1,3,2,04,1,2,000,055,1,0,1,4,1,74,0,1,2,00,2,0,1,200500031614B01,7,16,1
200500031616,2005-05-17,2005,mai,mardi,74:5,94,94081,0,0,2,3,6,1,1,4,-1,02,2,1,000,045,1,0,1,4,1,44,1,1,2,00,2,1,1,200500031616B01,7,1,1
200500031620,2005-05-24,2005,mai,mardi,75:5,94,94081,0,0,2,1,2,1,1,3,2,00,-1,1,000,065,1,0,1,4,1,36,1,1,2,00,2,1,1,200500031620B01,7,10,1
200500031637,2005-05-13,2005,mai,vendredi,19:20,95,95176,0,0,2,2,7,1,1,3,2,02,1,1,000,065,1,0,1,3,2,64,1,1,4,16,0,7,16,200500031637A01,,,
200500031645,2005-05-24,2005,mai,mardi,15:40,95,95018,0,0,2,2,2,1,1,3,2,04,1,1,000,110,1,5,1,4,1,31,5,1,4,00,2,4,16,200500031645B01,7,1,1
200500031646,2005-05-24,2005,mai,mardi,16:45,95,95018,0,0,2,1,3,1,1,4,2,04,1,1,000,120,1,0,1,4,1,40,5,1,9,00,2,1,1,200500031646B01,7,22,1
200500031676,2005-05-22,2005,mai,dimanche,92:5,95,95219,0,0,2,1,3,1,1,4,1,01,1,2,000,035,1,0,1,4,1,66,0,1,9,00,0,5,1,200500031676B01,7,1,1
200500031684,2005-05-16,2005,mai,lundi,14:45,95,95280,0,0,2,1,3,1,8,4,2,02,1,1,000,060,1,0,1,4,2,65,0,0,0,00,2,7,1,200500031684B01,7,24,1
200500031690,2005-05-08,2005,mai,dimanche,13:15,95,95306,0,0,2,1,7,1,1,4,2,01,1,1,000,050,1,0,1,4,1,38,5,1,2,00,0,2,2,200500031690A01,,,
200500031692,2005-05-20,2005,mai,vendredi,16:40,95,95306,0,0,2,1,7,1,1,9,-1,01,2,4,000,030,1,0,1,4,1,15,5,1,9,00,0,7,2,200500031692A01,,,
200500031874,2005-05-16,2005,mai,lundi,17:00,91,91136,0,0,1,1,2,1,2,2,3,04,3,3,015,140,2,0,1,4,1,50,0,1,2,00,2,4,1,200500031874B01,7,2,1
200500031930,2005-05-22,2005,mai,dimanche,16:15,69,69123,0,0,2,1,6,1,1,4,1,02,1,1,000,088,1,0,1,1,1,14,5,1,9,00,1,1,1,200500031930A01,,,
200500031976,2005-05-16,2005,mai,lundi,13:05,69,69386,0,0,2,1,1,1,1,4,1,00,1,1,000,000,1,0,1,3,1,37,5,1,9,00,2,1,1,200500031976A01,7,1,1
200500031977,2005-05-20,2005,mai,vendredi,14:40,69,69383,0,0,2,2,3,1,1,4,1,01,1,1,000,000,1,0,1,4,1,54,5,1,9,00,2,7,1,200500031977B01,7,1,1
200500031984,2005-05-27,2005,mai,vendredi,19:40,69,69383,0,0,2,1,3,1,1,4,2,04,1,1,000,000,1,0,1,4,2,24,4,1,9,00,2,1,1,200500031984B01,7,15,1
200500032017,2005-05-23,2005,mai,lundi,17:15,69,69385,0,0,2,1,3,1,1,3,3,02,1,1,028,030,1,0,1,3,1,10,5,1,9,00,2,1,19,200500032017B01,7,1,1
200500032044,2005-05-25,2005,mai,mercredi,18:00,69,69388,0,0,2,2,6,1,1,4,2,02,1,1,000,000,1,0,1,4,1,13,5,1,9,00,2,1,19,200500032044B01,7,2,1
200500032045,2005-05-31,2005,mai,mardi,14:33,69,69383,0,0,2,1,3,1,1,4,2,02,1,1,000,000,1,0,0,4,1,19,0,0,0,00,2,1,19,200500032045B01,7,2,1
200500032141,2005-04-04,2005,avril,lundi,18:00,69,69299,0,0,1,1,1,1,1,3,2,02,1,-1,000,000,1,0,1,2,1,14,5,0,0,00,0,7,10,200500032141B02,7,17,1
200500032187,2005-03-29,2005,mars,mardi,12:20,69,69387,0,0,2,1,6,1,1,4,2,03,1,1,000,178,1,0,1,4,1,39,1,1,9,01,2,1,19,200500032187B01,7,22,1
200500032191,2005-06-26,2005,juin,dimanche,14:15,01,01053,0,0,1,1,6,1,1,4,2,00,1,1,000,050,1,0,1,3,1,5,5,1,2,00,2,1,1,200500032191A01,7,1,1
200500032196,2005-06-25,2005,juin,samedi,15:17,01,01289,0,0,1,3,3,1,1,4,2,02,4,2,000,060,1,0,1,4,1,43,5,1,2,00,1,1,1,200500032196B01,7,15,1
200500032221,2005-06-22,2005,juin,mercredi,19:05,03,03310,0,0,2,1,2,1,1,4,2,02,1,1,000,090,1,0,1,4,1,12,5,1,2,14,0,1,2,200500032221A01,7,23,1
200500032229,2005-06-17,2005,juin,vendredi,90:0,05,05023,0,0,2,2,7,1,1,3,2,02,2,1,000,076,1,0,1,4,1,16,5,1,2,00,0,0,1,200500032229B01,7,15,1
200500032236,2005-06-14,2005,juin,mardi,63:5,05,05061,0,0,2,3,3,1,1,4,1,02,1,1,000,080,2,0,1,3,1,60,1,1,4,00,2,1,15,200500032236B01,10,1,1
200500032242,2005-06-10,2005,juin,vendredi,10:00,06,06004,0,0,2,1,2,1,1,3,2,00,1,1,000,070,1,0,1,3,2,60,5,0,0,00,0,0,0,200500032242B01,5,1,1
200500032275,2005-06-22,2005,juin,mercredi,11:30,06,06027,0,0,2,4,2,1,1,4,2,02,1,-1,000,056,1,0,1,4,1,74,0,1,2,00,2,1,1,200500032275A01,7,1,1
200500032283,2005-06-02,2005,juin,jeudi,85:5,06,06029,0,0,2,1,3,1,1,6,1,01,1,1,010,050,1,0,1,3,1,26,2,1,9,00,0,0,5,200500032283B01,7,1,1
200500032299,2005-06-09,2005,juin,jeudi,18:10,06,06029,0,0,2,6,3,1,2,4,2,02,1,1,000,100,2,0,1,4,1,51,0,1,9,00,2,1,9,200500032299B01,7,9,1
200500032310,2005-06-15,2005,juin,mercredi,20:23,06,06030,0,0,2,1,3,1,1,4,2,02,1,1,000,071,1,0,1,3,1,16,5,1,9,00,2,1,1,200500032310B01,7,9,1
200500032313,2005-06-17,2005,juin,vendredi,16:16,06,06029,0,0,2,1,7,1,1,2,2,02,1,1,000,080,1,0,1,1,1,13,5,1,9,00,0,0,13,200500032313B01,4,1,1
200500032322,2005-06-24,2005,juin,vendredi,95:3,06,06029,0,0,2,1,3,1,1,2,2,00,1,1,000,098,1,0,1,4,1,54,5,1,9,00,2,7,2,200500032322B01,3,14,1
200500032331,2005-06-27,2005,juin,lundi,11:13,06,06029,0,0,2,1,3,1,1,2,2,02,1,1,000,092,1,0,1,4,1,36,5,1,9,00,2,2,1,200500032331B01,7,22,1
200500032336,2005-06-30,2005,juin,jeudi,19:10,06,06029,0,0,2,1,3,1,1,2,2,04,1,1,000,138,1,0,1,4,2,21,5,1,9,00,2,2,1,200500032336B01,7,22,1
200500032339,2005-06-03,2005,juin,vendredi,15:40,06,06069,0,0,2,1,2,1,1,3,2,02,1,3,000,078,1,0,1,4,2,13,5,1,9,00,0,4,16,200500032339B01,7,1,1
200500032396,2005-06-07,2005,juin,mardi,81:5,06,06088,0,0,2,1,3,1,1,4,1,03,1,1,000,000,1,0,1,4,1,15,2,1,9,00,2,8,19,200500032396A01,7,1,1
200500032398,2005-06-07,2005,juin,mardi,17:00,06,06088,0,0,2,1,3,1,1,4,3,04,1,1,050,120,1,0,1,4,1,33,5,1,9,00,2,4,21,200500032398B01,7,12,1
200500032411,2005-06-10,2005,juin,vendredi,13:20,06,06088,0,0,2,1,3,1,1,4,1,03,1,1,000,064,1,0,0,4,2,59,1,1,2,00,2,1,1,200500032411B01,7,0,1