Num_Acc,date,an,mois,jour,hrmn,dep,com,lat,long,agg,int,col,lum,atm,catr,circ,nbv,prof,plan,lartpc,larrout,surf,infra,situ,grav,sexe,age,trajet,secuexist,equipement,obs,obsm,choc,manv,vehiculeid,typevehicules,manoeuvehicules,numVehicules
200500032439,2005-06-16,2005,juin,jeudi,17:50,06,06088,0,0,2,1,3,1,1,2,2,03,2,1,000,080,1,0,1,4,1,30,9,1,9,00,2,1,1,200500032439B01,7,16,1
200500032445,2005-06-17,2005,juin,vendredi,14:00,06,06088,0,0,2,1,6,1,1,4,1,02,1,1,000,065,1,0,1,4,1,21,5,1,9,01,0,1,1,200500032445B01,7,22,1
200500032503,2005-06-28,2005,juin,mardi,64:5,06,06088,0,0,2,2,3,2,1,4,3,03,1,1,050,080,1,0,1,4,2,23,5,1,9,00,2,8,19,200500032503A01,5,1,1
200500032509,2005-06-28,2005,juin,mardi,20:00,06,06088,0,0,2,1,3,1,1,4,3,02,1,1,000,000,1,0,4,4,2,45,9,1,9,00,2,1,1,200500032509A01,7,9,1
200500032512,2005-06-29,2005,juin,mercredi,18:05,06,06088,0,0,2,1,6,1,1,4,1,01,1,1,000,067,1,0,1,4,1,11,5,1,9,00,2,1,19,200500032512A01,5,15,1
200500032519,2005-06-29,2005,juin,mercredi,23:30,06,06088,0,0,2,1,2,5,1,2,3,03,1,1,000,100,1,0,1,4,1,26,5,1,2,00,2,4,14,200500032519B01,5,1,1
200500032532,2005-06-03,2005,juin,vendredi,17:30,07,07281,0,0,2,3,3,1,1,4,2,02,1,1,000,059,1,0,1,4,2,9,2,1,2,00,2,1,9,200500032532A01,7,2,1
200500032542,2005-06-08,2005,juin,mercredi,14:50,09,09122,0,0,1,1,6,1,1,4,2,02,1,1,000,150,1,0,0,4,1,50,5,1,9,00,2,1,1,200500032542B01,7,16,1
200500032548,2005-06-15,2005,juin,mercredi,20:00,09,09225,0,0,1,1,7,1,1,3,2,02,1,1,000,060,1,0,1,3,2,15,5,1,2,00,9,0,13,200500032548B01,2,14,1
200500032597,2005-06-02,2005,juin,jeudi,80:0,13,13047,0,0,2,6,3,1,1,4,1,02,1,1,000,700,1,0,1,4,1,57,1,1,9,00,0,8,9,200500032597A01,7,2,1
200500032599,2005-06-27,2005,juin,lundi,13:55,13,13047,0,0,1,1,1,1,1,4,2,02,2,2,000,055,1,0,1,3,1,17,5,1,2,00,2,1,5,200500032599A01,7,1,1
200500032604,2005-06-06,2005,juin,lundi,19:20,13,13054,0,0,2,1,6,1,1,4,2,02,1,1,000,052,1,0,1,3,1,8,5,1,9,00,2,8,19,200500032604A01,7,1,1
200500032615,2005-06-26,2005,juin,dimanche,19:30,13,13054,0,0,2,1,3,1,1,4,2,02,-1,-1,000,050,2,0,1,4,1,15,5,1,9,00,0,0,15,200500032615B01,7,2,1
200500032644,2005-06-04,2005,juin,samedi,12:45,13,13055,0,0,2,1,1,1,1,4,2,02,2,1,000,080,1,0,1,3,1,6,5,1,9,00,2,8,13,200500032644B01,7,0,1
200500032647,2005-06-07,2005,juin,mardi,15:00,13,13055,0,0,1,1,6,1,1,3,2,02,2,1,000,100,1,0,5,4,1,37,5,1,9,00,1,1,1,200500032647A01,,,
200500032725,2005-06-22,2005,juin,mercredi,19:15,13,13055,0,0,2,2,6,1,1,4,1,01,1,1,000,000,1,0,1,3,1,28,0,0,0,00,2,1,0,200500032725B01,7,1,1
200500032757,2005-06-22,2005,juin,mercredi,13:05,13,13055,0,0,2,6,6,1,1,4,-1,01,1,-1,000,000,1,5,1,3,1,35,1,1,9,15,0,0,16,200500032757A01,,,
200500032801,2005-06-05,2005,juin,dimanche,17:40,13,13055,0,0,2,9,1,1,1,9,2,01,2,1,000,000,1,0,1,3,1,10,5,0,0,00,0,0,0,200500032801B01,7,0,1
200500032829,2005-06-27,2005,juin,lundi,19:50,13,13055,0,0,2,3,3,5,1,4,2,00,1,1,000,110,1,0,1,4,1,9,5,1,9,00,0,0,0,200500032829B01,7,0,1
200500032830,2005-06-13,2005,juin,lundi,18:30,13,13055,0,0,2,6,3,1,1,2,3,02,-1,3,000,000,1,0,1,4,1,32,0,1,9,00,2,3,9,200500032830B01,7,1,1
200500032846,2005-06-18,2005,juin,samedi,17:00,13,13055,0,0,2,1,1,1,1,4,2,01,2,3,000,000,1,0,1,4,1,14,0,1,9,00,2,1,1,200500032846B01,7,1,1
200500032877,2005-06-29,2005,juin,mercredi,14:10,13,13039,0,0,2,1,3,1,1,4,2,00,1,1,000,000,1,0,1,2,1,12,5,1,2,00,0,6,2,200500032877B01,7,2,1
200500032883,2005-06-05,2005,juin,dimanche,11:00,13,13103,0,0,2,1,1,1,1,3,2,02,2,-1,000,050,1,0,1,3,1,49,5,1,2,00,2,1,1,200500032883B01,7,15,1
200500032901,2005-06-14,2005,juin,mardi,18:51,13,13071,0,0,2,3,3,1,1,2,2,00,1,1,000,000,1,0,1,3,1,13,5,1,2,00,2,1,17,200500032901A01,7,1,1
200500032928,2005-06-21,2005,juin,mardi,14:00,14,14118,0,0,1,1,3,1,1,4,3,02,1,3,025,060,1,0,5,3,1,36,1,1,2,00,0,4,9,200500032928B01,14,9,1
200500032941,2005-06-15,2005,juin,mercredi,12:50,15,15014,0,0,2,6,2,1,1,2,1,02,1,2,200,100,1,5,1,2,1,73,5,1,2,00,2,7,12,200500032941A01,7,21,1
200500032942,2005-06-02,2005,juin,jeudi,18:35,16,16291,0,0,1,1,6,1,1,4,2,02,1,1,000,060,1,0,1,3,1,28,5,1,2,00,2,4,1,200500032942B01,7,1,1
200500032959,2005-06-05,2005,juin,dimanche,18:25,17,17200,0,0,2,2,3,1,1,4,2,02,1,1,000,052,1,0,1,4,2,12,5,1,9,00,2,1,5,200500032959B01,7,1,1
200500032960,2005-06-07,2005,juin,mardi,16:15,17,17200,0,0,2,1,2,1,1,4,2,02,1,1,000,048,1,2,5,3,1,26,1,1,2,00,2,4,1,200500032960B01,18,14,1
200500032963,2005-06-09,2005,juin,jeudi,18:10,17,17200,0,0,2,2,2,1,1,4,1,02,1,1,000,052,1,0,1,4,2,54,5,1,2,00,2,1,1,200500032963B01,7,16,1
200500032973,2005-06-15,2005,juin,mercredi,16:50,17,17200,0,0,2,3,2,1,2,2,1,02,3,3,000,054,2,3,0,4,2,57,5,1,9,00,2,4,1,200500032973B01,7,16,1
200500032975,2005-06-17,2005,juin,vendredi,12:20,17,17300,0,0,2,6,3,1,1,4,2,02,1,1,000,060,1,5,1,4,1,30,5,1,9,00,2,7,1,200500032975B01,7,1,1
200500032992,2005-06-14,2005,juin,mardi,94:0,17,17415,0,0,2,1,2,1,1,4,2,02,2,1,000,080,1,0,1,4,1,22,5,1,2,00,2,1,2,200500032992B01,5,1,1
200500032999,2005-06-05,2005,juin,dimanche,20:20,18,18033,0,0,2,2,3,1,2,4,2,04,1,1,000,180,2,0,1,3,1,18,5,1,9,00,2,1,19,200500032999A01,7,1,1
200500033003,2005-06-23,2005,juin,jeudi,10:30,18,18033,0,0,2,2,3,1,1,4,2,04,1,2,000,120,4,0,1,3,1,53,5,1,9,00,0,8,1,200500033003B01,7,16,1
200500033013,2005-06-11,2005,juin,samedi,12:15,18,18279,0,0,2,1,3,1,1,2,2,02,1,1,000,070,1,0,1,4,1,67,5,1,2,00,2,4,13,200500033013B01,2,17,1
200500033028,2005-06-19,2005,juin,dimanche,17:35,19,19031,0,0,2,1,2,1,1,4,2,02,1,1,000,065,1,0,1,3,1,75,5,1,9,00,2,1,2,200500033028B01,7,1,1
200500033041,2005-06-13,2005,juin,lundi,13:45,21,21054,0,0,2,2,3,1,1,4,2,02,-1,1,000,000,1,0,1,4,1,78,5,1,2,00,2,1,2,200500033041B01,7,9,1
200500033042,2005-06-16,2005,juin,jeudi,73:5,21,21054,0,0,2,1,6,1,1,2,2,02,1,1,000,060,1,0,1,1,1,16,2,1,2,00,1,1,2,200500033042A01,,,
200500033044,2005-06-30,2005,juin,jeudi,55:0,21,21054,0,0,2,1,1,2,1,4,1,01,1,1,000,000,1,0,1,3,1,22,1,1,2,00,2,1,5,200500033044A01,7,2,1
200500033052,2005-06-03,2005,juin,vendredi,13:40,21,21231,0,0,2,3,3,1,1,4,3,02,4,1,000,070,1,0,1,4,1,18,2,1,2,00,2,1,9,200500033052A01,7,16,1
200500033057,2005-06-10,2005,juin,vendredi,16:25,21,21231,0,0,2,6,2,1,1,4,1,01,1,1,000,068,1,0,1,4,1,13,2,1,2,00,2,3,19,200500033057B01,2,1,1
200500033065,2005-06-16,2005,juin,jeudi,19:05,21,21231,0,0,2,2,3,1,1,4,1,01,1,1,000,050,1,5,1,4,1,47,1,1,2,00,2,1,1,200500033065B01,7,1,1
200500033076,2005-06-29,2005,juin,mercredi,18:42,21,21231,0,0,2,3,3,1,1,4,1,01,1,1,000,035,1,5,1,4,1,24,5,1,2,00,2,2,1,200500033076B01,7,16,1
200500033083,2005-06-10,2005,juin,vendredi,15:50,22,22278,0,0,2,1,2,1,1,4,2,02,1,1,000,106,1,0,5,3,1,66,5,1,2,00,2,4,1,200500033083B01,2,18,1
200500033114,2005-06-09,2005,juin,jeudi,81:5,25,25056,0,0,2,1,2,1,1,4,2,02,1,-1,000,000,-1,0,1,4,1,23,3,1,9,00,2,1,1,200500033114A01,7,1,1
200500033116,2005-06-10,2005,juin,vendredi,14:41,25,25056,0,0,2,1,6,1,1,4,2,03,1,1,000,193,1,0,5,3,1,67,5,1,2,01,0,1,1,200500033116B01,7,22,1
200500033122,2005-06-16,2005,juin,jeudi,17:51,25,25056,0,0,2,1,2,1,1,4,-1,02,2,1,000,101,1,0,1,4,1,48,5,1,9,01,0,1,2,200500033122A01,7,23,1
200500033130,2005-06-25,2005,juin,samedi,19:18,25,25056,0,0,2,1,6,1,1,4,1,01,1,1,000,050,1,0,1,4,1,24,0,1,2,00,2,3,2,200500033130B01,7,17,1
200500033134,2005-06-03,2005,juin,vendredi,11:00,25,25539,0,0,2,1,3,1,1,4,2,02,1,1,000,000,1,0,1,4,1,74,5,1,2,00,2,1,19,200500033134A01,7,1,1
200500033135,2005-06-09,2005,juin,jeudi,10:35,25,25580,0,0,2,1,6,1,1,4,2,02,1,1,000,075,1,0,5,4,2,40,5,1,2,01,0,1,1,200500033135B01,10,22,1
200500033136,2005-06-07,2005,juin,mardi,16:20,25,25230,0,0,2,1,1,1,1,9,2,01,1,3,000,045,1,0,5,4,2,43,5,1,9,00,2,1,17,200500033136B01,2,1,1
200500033140,2005-06-21,2005,juin,mardi,20:30,25,25580,0,0,2,2,1,1,1,4,2,01,1,1,000,040,1,0,1,3,1,17,5,1,9,00,2,7,5,200500033140B01,7,19,1
200500033155,2005-06-10,2005,juin,vendredi,13:55,26,26362,0,0,2,1,1,1,1,4,2,02,1,1,000,064,1,0,1,3,1,17,9,1,9,00,2,1,19,200500033155A01,18,23,1
200500033166,2005-06-27,2005,juin,lundi,18:10,26,26362,0,0,2,1,3,1,1,4,2,02,1,1,000,080,1,0,5,3,2,51,9,1,9,00,2,3,1,200500033166B01,99,0,1
200500033169,2005-06-08,2005,juin,mercredi,17:55,27,27229,0,0,2,1,3,1,1,4,2,04,1,1,000,090,1,0,0,3,1,6,5,1,2,00,2,8,19,200500033169B01,7,1,1
200500033171,2005-06-20,2005,juin,lundi,17:45,27,27229,0,0,2,1,2,1,1,4,2,02,1,1,000,000,1,0,1,3,2,55,5,1,2,00,2,4,23,200500033171B01,5,1,1
200500033183,2005-06-23,2005,juin,jeudi,11:40,27,27681,0,0,2,9,6,1,1,4,2,02,1,1,000,050,1,0,1,4,2,58,5,1,9,00,2,1,1,200500033183B01,7,16,1
200500033192,2005-06-23,2005,juin,jeudi,10:55,28,28218,0,0,2,9,3,1,1,4,2,02,1,1,000,075,1,0,1,4,1,76,5,1,4,00,2,2,1,200500033192B01,7,9,1
200500033195,2005-06-27,2005,juin,lundi,72:5,28,28085,0,0,2,2,5,1,1,4,2,02,1,1,000,089,1,0,1,3,1,29,1,1,4,00,2,8,24,200500033195C01,7,19,2
200500033202,2005-06-24,2005,juin,vendredi,64:8,28,28404,0,0,1,6,1,2,1,3,1,02,1,2,000,000,1,5,1,4,1,36,1,1,9,00,2,4,2,200500033202B01,7,2,1
200500033252,2005-06-02,2005,juin,jeudi,18:10,30,30028,0,0,2,1,3,1,1,2,2,02,1,1,000,070,1,0,1,4,1,36,5,1,9,00,2,1,7,200500033252B01,7,7,1
200500033267,2005-06-02,2005,juin,jeudi,12:20,30,30189,0,0,2,1,3,1,1,4,2,02,1,1,000,070,1,0,1,4,1,38,1,1,9,00,2,0,15,200500033267A01,7,2,1
200500033284,2005-06-15,2005,juin,mercredi,17:48,30,30189,0,0,2,1,6,1,1,4,-1,01,1,-1,000,030,1,0,0,1,1,23,0,1,9,00,1,1,0,200500033284A01,,,
200500033284,2005-06-15,2005,juin,mercredi,17:48,30,30189,0,0,2,1,6,1,1,4,-1,01,1,-1,000,030,1,0,0,4,1,6,0,0,0,00,1,1,0,200500033284A01,,,
200500033327,2005-06-01,2005,juin,mercredi,13:55,31,31555,0,0,2,1,2,1,1,4,2,02,4,1,000,070,1,0,1,4,1,13,5,1,9,00,2,1,1,200500033327A01,7,23,1
200500033332,2005-06-02,2005,juin,jeudi,71:0,31,31555,0,0,2,3,3,2,1,4,1,01,1,1,000,063,1,0,1,3,2,68,0,1,2,00,0,1,1,200500033332B01,7,15,1
200500033374,2005-06-13,2005,juin,lundi,12:20,31,31555,0,0,2,1,2,1,1,4,2,04,1,1,000,100,1,0,1,4,1,23,1,1,2,00,2,0,2,200500033374A01,18,2,1
200500033383,2005-06-16,2005,juin,jeudi,18:15,31,31555,0,0,2,2,3,1,1,4,2,01,3,1,000,034,1,0,1,3,1,35,9,1,2,00,2,1,1,200500033383B01,2,1,1
200500033401,2005-06-21,2005,juin,mardi,22:10,31,31555,0,0,2,1,3,5,1,4,2,02,1,1,000,060,1,0,1,4,1,22,9,1,2,00,2,8,9,200500033401A01,4,1,1
200500033406,2005-06-22,2005,juin,mercredi,11:31,31,31555,0,0,2,3,3,1,1,4,2,02,1,1,000,042,1,0,1,4,1,29,1,1,9,00,2,1,15,200500033406A01,7,16,1
200500033412,2005-06-23,2005,juin,jeudi,17:00,31,31555,0,0,2,1,3,1,1,4,2,03,1,1,000,090,1,0,1,4,1,35,1,1,9,00,2,1,1,200500033412B01,7,22,1
200500033425,2005-06-28,2005,juin,mardi,16:45,31,31555,0,0,2,1,3,1,1,4,2,02,1,1,000,066,1,0,1,4,2,53,0,1,1,00,2,1,1,200500033425B01,7,1,1
200500033442,2005-06-23,2005,juin,jeudi,15:50,32,32013,0,0,2,1,3,1,1,4,1,01,1,1,000,055,1,0,4,4,1,14,9,1,2,00,2,1,5,200500033442A01,7,9,1
200500033443,2005-06-27,2005,juin,lundi,16:40,32,32013,0,0,2,3,3,1,1,3,2,02,1,1,000,095,1,0,1,4,1,45,5,1,2,00,2,1,5,200500033443B01,7,15,1
200500033447,2005-06-02,2005,juin,jeudi,91:5,33,33063,0,0,2,1,6,1,7,4,1,02,1,1,000,090,1,0,1,1,1,24,1,1,2,00,1,1,1,200500033447A01,,,
200500033456,2005-06-06,2005,juin,lundi,14:55,33,33063,0,0,1,1,3,1,1,4,2,02,1,1,000,052,1,0,1,4,2,21,9,1,9,00,2,8,13,200500033456A01,7,17,1
200500033460,2005-06-01,2005,juin,mercredi,16:10,33,33522,0,0,1,2,3,1,1,4,2,02,1,-1,000,105,1,0,1,3,1,12,0,1,9,00,2,0,1,200500033460B01,7,1,1
200500033464,2005-06-08,2005,juin,mercredi,83:0,33,33063,0,0,2,3,3,1,1,4,2,02,1,1,000,000,1,0,1,4,1,45,0,1,2,00,2,1,13,200500033464B01,7,15,1
200500033472,2005-06-11,2005,juin,samedi,75:5,33,33063,0,0,2,3,1,1,1,4,2,02,1,1,000,138,1,0,1,4,2,22,0,1,9,00,2,1,15,200500033472A01,7,16,1
200500033473,2005-06-11,2005,juin,samedi,15:00,33,33063,0,0,2,1,3,1,1,4,1,02,1,1,000,072,1,0,1,4,2,17,0,1,9,01,0,7,13,200500033473B01,7,22,1
200500033477,2005-06-13,2005,juin,lundi,18:35,33,33063,0,0,2,1,2,1,1,4,3,04,1,1,005,050,1,0,1,4,2,34,0,1,9,00,2,4,23,200500033477B01,5,1,1
200500033483,2005-06-15,2005,juin,mercredi,16:15,33,33063,0,0,2,3,1,1,1,4,2,04,1,1,000,125,1,0,1,4,1,52,0,1,9,00,2,1,1,200500033483B01,10,15,1
200500033491,2005-06-17,2005,juin,vendredi,21:50,33,33063,0,0,2,2,3,5,1,4,2,02,1,1,000,148,1,0,1,4,1,15,0,1,9,00,2,1,1,200500033491B01,7,1,1
200500033499,2005-06-16,2005,juin,jeudi,18:20,33,33119,0,0,2,7,3,1,1,4,-1,02,1,1,000,610,1,0,1,4,1,17,0,1,9,00,2,0,16,200500033499B01,7,1,1
200500033501,2005-06-20,2005,juin,lundi,17:08,33,33063,0,0,2,3,3,1,1,4,1,02,1,1,000,110,1,0,5,4,1,14,5,1,9,00,2,1,5,200500033501A01,7,16,1
200500033512,2005-06-21,2005,juin,mardi,17:35,33,33063,0,0,2,1,6,1,1,4,2,04,1,1,000,000,1,0,1,4,1,40,1,1,2,00,1,1,1,200500033512A01,,,
200500033517,2005-06-16,2005,juin,jeudi,12:55,33,33192,0,0,2,2,3,1,1,4,1,02,1,1,000,052,1,0,1,3,1,75,0,1,9,00,2,7,15,200500033517B01,7,17,1
200500033523,2005-06-24,2005,juin,vendredi,10:00,33,33063,0,0,2,3,3,1,1,4,1,02,1,1,000,000,1,0,1,3,1,21,0,1,2,00,2,1,1,200500033523A01,7,1,1
200500033535,2005-06-28,2005,juin,mardi,16:35,33,33063,0,0,2,1,2,1,2,4,1,03,1,1,000,000,1,0,1,4,2,32,1,1,2,00,2,1,1,200500033535A01,7,0,1
200500033538,2005-06-24,2005,juin,vendredi,21:30,33,33550,0,0,2,1,1,2,1,4,2,02,1,1,000,063,1,0,1,4,1,7,0,1,4,00,2,1,1,200500033538B01,2,1,1
200500033540,2005-06-29,2005,juin,mercredi,18:15,33,33063,0,0,2,3,1,1,1,4,2,02,1,1,000,128,1,0,1,3,2,60,0,1,9,00,2,1,1,200500033540B01,7,15,1
200500033542,2005-06-30,2005,juin,jeudi,12:10,33,33063,0,0,2,3,3,1,1,4,1,03,1,1,000,000,1,0,1,4,1,18,9,1,9,00,2,1,1,200500033542A01,7,1,1
200500033553,2005-06-30,2005,juin,jeudi,17:30,34,34003,0,0,2,1,6,1,1,4,3,03,1,1,000,100,1,0,1,2,1,65,5,1,9,00,2,4,1,200500033553B01,7,1,1
200500033565,2005-06-15,2005,juin,mercredi,11:40,34,34032,0,0,2,2,1,1,1,4,2,02,1,1,000,125,1,5,1,4,1,15,5,1,9,00,2,8,19,200500033565A01,7,1,1
200500033577,2005-06-28,2005,juin,mardi,15:00,34,34032,0,0,2,1,6,1,1,4,2,00,1,-1,000,000,1,0,1,1,1,25,9,1,9,00,1,0,0,200500033577A01,,,
200500033586,2005-06-04,2005,juin,samedi,15:30,34,34172,0,0,1,1,1,1,1,4,2,02,1,1,000,053,1,0,1,3,1,14,5,1,9,00,0,0,0,200500033586B01,99,0,1
200500033615,2005-06-21,2005,juin,mardi,23:45,34,34172,0,0,1,1,3,3,1,4,2,02,1,1,000,061,1,0,1,4,1,16,5,1,9,00,2,8,19,200500033615B01,7,1,1
200500033616,2005-06-23,2005,juin,jeudi,10:,34,34129,0,0,2,9,6,3,1,3,1,01,1,1,000,034,1,0,1,2,1,68,0,0,0,00,2,1,0,200500033616B01,7,1,1
200500033625,2005-06-29,2005,juin,mercredi,15:05,34,34172,0,0,2,3,3,1,1,4,2,02,1,1,000,070,1,0,1,4,1,21,2,1,9,00,2,1,1,200500033625B01,7,16,1
200500033630,2005-06-23,2005,juin,jeudi,23:30,34,34301,0,0,2,1,3,5,1,4,2,02,1,1,000,073,1,3,1,3,1,15,5,1,9,00,2,8,19,200500033630A01,7,1,1
200500033644,2005-06-08,2005,juin,mercredi,91:5,35,35238,0,0,2,1,3,1,1,4,3,03,1,1,000,090,1,0,1,3,2,23,0,1,2,00,2,1,13,200500033644A01,4,1,1
200500033647,2005-06-10,2005,juin,vendredi,83:0,35,35238,0,0,2,1,6,1,1,4,3,02,-1,-1,000,070,1,0,1,4,2,34,1,1,2,12,0,0,0,200500033647A01,,,
200500033650,2005-06-18,2005,juin,samedi,11:50,35,35238,0,0,2,1,6,1,1,4,2,02,-1,-1,000,060,1,0,1,4,1,27,5,1,2,00,0,0,0,200500033650A01,,,
200500033659,2005-06-24,2005,juin,vendredi,13:50,35,35055,0,0,2,1,3,1,1,4,3,01,1,-1,000,000,1,5,1,4,2,31,0,1,2,00,2,0,9,200500033659B01,7,9,1
200500033664,2005-06-24,2005,juin,vendredi,18:05,35,35238,0,0,2,1,6,1,1,4,2,02,-1,-1,000,060,1,0,1,3,1,13,0,1,2,00,2,0,19,200500033664A01,,,
200500033667,2005-06-24,2005,juin,vendredi,21:45,35,35238,0,0,2,3,6,1,1,4,2,02,-1,-1,000,060,1,0,1,4,1,45,0,1,2,11,0,4,16,200500033667A01,,,
200500033672,2005-06-29,2005,juin,mercredi,60:0,35,35238,0,0,2,1,6,2,1,4,2,02,1,1,000,060,1,0,1,4,1,42,0,1,2,01,2,1,0,200500033672B01,7,0,1
200500033681,2005-06-20,2005,juin,lundi,17:00,35,35288,0,0,2,3,3,1,1,4,2,02,1,1,000,000,1,0,1,3,1,12,0,1,9,00,2,1,1,200500033681A01,7,1,1
200500033688,2005-06-27,2005,juin,lundi,21:30,36,36044,0,0,2,1,6,1,1,4,2,02,1,3,000,000,1,0,1,3,1,7,5,1,2,00,2,1,5,200500033688B01,,,
200500033695,2005-06-02,2005,juin,jeudi,91:0,37,37122,0,0,2,1,1,1,1,4,1,01,1,1,000,000,1,0,1,3,1,19,1,1,9,00,2,1,5,200500033695A01,7,1,1
200500033700,2005-06-10,2005,juin,vendredi,15:50,37,37261,0,0,2,3,3,1,1,4,1,01,1,1,000,066,1,0,1,4,1,13,2,1,2,00,2,1,15,200500033700A01,7,1,1
200500033711,2005-06-30,2005,juin,jeudi,16:40,37,37261,0,0,2,2,5,1,2,4,2,02,1,1,000,071,2,0,1,3,2,14,2,1,9,00,2,0,1,200500033711C01,7,1,2
200500033715,2005-06-08,2005,juin,mercredi,74:5,37,37261,0,0,2,1,6,1,1,4,2,02,1,1,000,098,1,0,1,3,1,27,0,1,9,00,1,7,1,200500033715A01,,,
200500033715,2005-06-08,2005,juin,mercredi,74:5,37,37261,0,0,2,1,6,1,1,4,2,02,1,1,000,098,1,0,1,1,1,48,0,0,0,00,1,7,1,200500033715A01,,,
200500033718,2005-06-28,2005,juin,mardi,81:5,37,37261,0,0,2,1,2,1,1,4,1,01,1,1,000,043,1,0,1,3,2,54,0,1,9,00,2,1,1,200500033718A01,2,15,1
200500033720,2005-06-01,2005,juin,mercredi,11:45,38,38185,0,0,2,1,3,1,1,4,2,04,1,1,000,150,1,0,1,4,2,24,4,1,4,00,2,1,19,200500033720A01,18,1,1
200500033727,2005-06-06,2005,juin,lundi,16:30,38,38185,0,0,2,2,3,1,1,4,2,02,1,1,000,070,1,0,1,4,1,16,5,1,4,00,2,1,1,200500033727B01,7,1,1
200500033730,2005-06-10,2005,juin,vendredi,81:0,38,38185,0,0,2,1,6,1,1,4,1,00,1,1,000,140,1,0,4,4,2,20,2,1,9,00,2,1,1,200500033730A01,7,1,1
200500033731,2005-06-10,2005,juin,vendredi,15:50,38,38185,0,0,2,1,2,1,1,4,2,04,1,1,000,136,1,0,1,4,2,44,1,1,4,00,2,4,11,200500033731A01,7,1,1
200500033741,2005-06-15,2005,juin,mercredi,16:32,38,38185,0,0,2,1,6,1,1,4,2,00,1,1,000,100,1,0,1,4,1,25,1,1,9,01,0,1,1,200500033741B01,7/ 2,22/1,2
200500033747,2005-06-21,2005,juin,mardi,12:05,38,38185,0,0,2,1,3,1,1,4,2,02,1,1,000,072,1,0,1,4,1,60,5,1,9,00,2,3,1,200500033747B01,7,1,1
200500033749,2005-06-22,2005,juin,mercredi,14:00,38,38185,0,0,2,9,6,1,1,4,1,01,1,1,000,070,1,0,1,4,1,31,9,1,9,00,2,1,1,200500033749B01,7,9,1
200500033754,2005-06-26,2005,juin,dimanche,18:15,38,38421,0,0,2,3,3,1,1,4,2,02,1,1,000,070,1,5,1,4,1,16,9,1,9,00,2,1,1,200500033754A01,7,1,1
200500033756,2005-06-28,2005,juin,mardi,85:0,38,38185,0,0,2,2,3,1,1,4,1,01,1,2,000,050,1,0,1,4,2,27,0,1,4,00,2,1,1,200500033756A01,7,15,1
200500033791,2005-06-01,2005,juin,mercredi,75:0,41,41269,0,0,2,3,3,1,1,4,2,02,1,1,000,073,1,0,1,4,2,14,2,1,9,00,2,8,15,200500033791B01,7,17,1
200500033804,2005-06-25,2005,juin,samedi,16:55,42,42095,0,0,2,3,3,1,1,4,1,01,1,1,000,000,1,0,1,4,1,14,5,1,2,00,2,1,0,200500033804B01,7,0,1
200500033805,2005-06-23,2005,juin,jeudi,18:00,42,42316,0,0,2,1,2,1,1,3,2,01,1,1,000,114,1,0,1,4,1,74,5,1,2,00,2,4,2,200500033805B01,7,2,1
200500033811,2005-06-03,2005,juin,vendredi,13:40,42,42187,0,0,2,1,6,1,1,9,2,02,1,1,000,050,1,0,1,4,1,17,9,1,9,00,2,4,15,200500033811A01,7,1,1
200500033812,2005-06-04,2005,juin,samedi,19:00,42,42071,0,0,2,1,3,1,1,4,2,02,1,1,000,075,1,0,1,4,1,52,5,1,9,00,2,8,1,200500033812B01,7,17,1
200500033827,2005-06-25,2005,juin,samedi,15:00,42,42071,0,0,2,1,4,1,1,3,2,04,-1,1,000,128,1,0,1,4,1,24,5,1,9,00,2,7,1,200500033827B01,7,11,1
200500033827,2005-06-25,2005,juin,samedi,15:00,42,42071,0,0,2,1,4,1,1,3,2,04,-1,1,000,128,1,0,1,1,1,23,5,1,9,00,2,7,1,200500033827C01,7,11,1
200500033828,2005-06-29,2005,juin,mercredi,11:55,42,42187,0,0,2,2,6,1,2,9,2,00,1,1,000,067,2,0,1,3,1,57,9,1,9,00,0,0,16,200500033828B01,7,1,1
200500033868,2005-06-21,2005,juin,mardi,14:10,43,43041,0,0,2,1,3,1,1,4,2,02,1,1,000,060,1,0,1,3,2,12,5,1,9,00,2,1,19,200500033868B01,7,1,1
200500033874,2005-06-29,2005,juin,mercredi,14:30,44,44135,0,0,2,2,3,1,1,4,2,02,1,1,000,060,1,0,1,4,1,17,5,1,9,00,2,1,1,200500033874A01,7,1,1
200500033875,2005-06-01,2005,juin,mercredi,14:30,44,44109,0,0,2,2,3,1,1,4,2,02,1,-1,000,000,1,0,1,3,1,15,9,1,9,00,2,8,1,200500033875B01,7,1,1
200500033876,2005-06-02,2005,juin,jeudi,13:50,44,44109,0,0,2,3,3,1,1,4,-1,02,1,1,000,000,1,0,1,3,1,45,9,1,9,00,2,1,1,200500033876A01,7,13,1
200500033880,2005-06-05,2005,juin,dimanche,19:30,44,44109,0,0,2,1,7,1,2,4,2,00,1,1,000,000,1,0,1,3,2,44,0,1,9,00,0,0,2,200500033880A01,,,
200500033882,2005-06-02,2005,juin,jeudi,92:3,44,44109,0,0,2,2,6,1,1,4,3,06,1,3,060,300,1,5,1,3,1,34,5,1,9,00,2,8,1,200500033882B01,18,1,1
200500033884,2005-06-03,2005,juin,vendredi,19:55,44,44204,0,0,2,1,3,1,1,4,1,01,1,1,013,060,1,0,5,1,1,14,9,1,2,00,2,1,1,200500033884B01,2,1,1
200500033896,2005-06-12,2005,juin,dimanche,16:50,44,44114,0,0,2,1,7,1,1,4,2,02,2,1,000,028,1,0,5,4,2,29,5,1,9,00,0,0,1,200500033896A01,,,
200500033913,2005-06-21,2005,juin,mardi,17:25,44,44204,0,0,2,1,6,1,1,3,2,02,3,3,000,000,1,0,5,3,1,22,9,1,9,00,2,1,1,200500033913B01,2,13,1
200500033919,2005-06-22,2005,juin,mercredi,90:5,44,44114,0,0,2,1,3,1,1,2,3,00,1,1,000,000,1,0,1,3,1,76,5,1,9,00,2,8,1,200500033919B01,20,1,1