Num_Acc,date,an,mois,jour,hrmn,dep,com,lat,long,agg,int,col,lum,atm,catr,circ,nbv,prof,plan,lartpc,larrout,surf,infra,situ,grav,sexe,age,trajet,secuexist,equipement,obs,obsm,choc,manv,vehiculeid,typevehicules,manoeuvehicules,numVehicules
200500033929,2005-06-28,2005,juin,mardi,13:05,44,44109,0,0,2,1,3,1,1,4,2,02,1,1,000,000,1,0,1,4,1,47,2,1,9,00,2,1,1,200500033929A01,7,1,1
200500033952,2005-06-01,2005,juin,mercredi,21:10,45,45302,0,0,2,6,3,2,1,4,1,02,1,3,000,062,1,0,1,4,2,15,9,1,4,00,2,1,1,200500033952A01,7,1,1
200500033958,2005-06-08,2005,juin,mercredi,19:10,45,45147,0,0,2,2,3,1,1,4,2,02,1,1,000,070,1,0,1,4,1,4,5,1,2,00,2,2,1,200500033958A01,7,1,1
200500033959,2005-06-08,2005,juin,mercredi,16:50,45,45234,0,0,2,3,3,1,1,4,3,04,1,1,060,120,1,0,1,4,2,51,5,1,9,00,2,8,1,200500033959B01,7,1,1
200500033978,2005-06-24,2005,juin,vendredi,17:30,45,45234,0,0,2,1,2,1,1,4,2,02,1,1,000,050,1,0,0,4,1,45,0,1,9,00,2,4,0,200500033978B01,7,0,1
200500033987,2005-06-29,2005,juin,mercredi,84:0,45,45234,0,0,2,1,3,1,1,4,2,02,1,1,023,032,1,0,1,4,1,22,0,1,9,00,2,0,1,200500033987B01,18,16,1
200500033988,2005-06-02,2005,juin,jeudi,10:00,46,46042,0,0,2,1,3,1,1,4,2,02,1,1,000,082,1,0,1,4,1,36,1,1,9,00,2,7,19,200500033988B01,7,1,1
200500033998,2005-06-27,2005,juin,lundi,16:24,47,47001,0,0,2,1,3,1,1,2,2,20,1,1,000,078,1,1,5,4,1,12,5,1,2,00,0,0,0,200500033998B01,7,0,1
200500034002,2005-06-17,2005,juin,vendredi,10:05,47,47157,0,0,2,1,6,1,1,2,3,04,1,3,050,160,1,5,1,4,2,26,1,1,9,00,0,8,9,200500034002B01,15,14,1
200500034006,2005-06-01,2005,juin,mercredi,75:0,49,49246,0,0,2,1,3,1,1,4,2,02,1,1,000,061,1,0,1,4,2,74,5,1,9,00,2,1,1,200500034006A01,1,16,1
200500034006,2005-06-01,2005,juin,mercredi,75:0,49,49246,0,0,2,1,3,1,1,4,2,02,1,1,000,061,1,0,1,1,1,14,2,1,9,00,2,7,16,200500034006B01,1,1,1
200500034018,2005-06-09,2005,juin,jeudi,11:00,49,49007,0,0,2,3,3,1,1,4,3,06,1,1,000,000,1,5,5,3,2,65,5,1,9,00,2,1,2,200500034018B01,17,16,1
200500034022,2005-06-13,2005,juin,lundi,17:08,49,49246,0,0,2,1,6,1,1,4,2,02,1,1,000,096,1,0,1,4,1,19,0,1,9,01,0,1,1,200500034022A01,,,
200500034031,2005-06-12,2005,juin,dimanche,16:36,49,49007,0,0,2,1,7,1,1,4,2,02,1,1,000,070,1,0,1,4,2,33,5,1,9,00,0,0,1,200500034031A01,,,
200500034034,2005-06-14,2005,juin,mardi,17:45,49,49007,0,0,2,4,3,1,1,4,1,01,1,1,000,079,1,0,1,4,2,20,5,1,9,00,2,4,1,200500034034B01,7,1,1
200500034046,2005-06-25,2005,juin,samedi,14:16,49,49246,0,0,2,1,3,1,1,4,2,02,1,1,000,070,1,0,1,4,1,49,5,1,9,00,2,1,1,200500034046B01,1,9,1
200500034049,2005-06-28,2005,juin,mardi,11:25,49,49007,0,0,2,1,3,1,1,4,2,04,1,1,000,100,1,0,1,4,1,21,5,1,9,00,2,1,1,200500034049B01,7,16,1
200500034051,2005-06-29,2005,juin,mercredi,10:59,49,49007,0,0,2,3,3,1,1,2,1,01,2,1,000,055,1,0,1,4,1,15,5,1,9,00,2,1,18,200500034051B01,7,14,1
200500034053,2005-06-29,2005,juin,mercredi,17:35,49,49007,0,0,2,6,3,1,1,4,1,01,1,2,000,050,1,0,1,4,1,42,1,1,9,00,2,1,1,200500034053B01,7,16,1
200500034069,2005-06-21,2005,juin,mardi,20:00,49,49328,0,0,2,9,3,1,1,9,1,00,1,1,000,000,1,0,1,4,1,16,5,1,9,00,2,1,1,200500034069B01,7,1,1
200500034078,2005-06-15,2005,juin,mercredi,74:5,50,50416,0,0,2,3,3,1,2,4,-1,02,1,1,000,050,2,0,1,4,1,15,2,1,2,00,2,3,19,200500034078A01,7,1,1
200500034079,2005-06-15,2005,juin,mercredi,13:15,50,50602,0,0,2,1,3,1,1,2,3,04,1,2,042,130,1,0,1,4,1,16,1,1,9,00,2,7,19,200500034079A01,7,1,1
200500034085,2005-06-21,2005,juin,mardi,18:00,50,50129,0,0,2,1,2,1,1,3,2,03,1,1,000,090,1,0,1,4,2,68,5,1,2,00,2,4,1,200500034085B01,7,1,1
200500034094,2005-06-14,2005,juin,mardi,16:05,50,50647,0,0,2,1,4,1,1,3,2,02,2,1,000,059,1,0,1,3,1,47,5,1,2,00,2,4,0,200500034094B01,7,17,1
200500034094,2005-06-14,2005,juin,mardi,16:05,50,50647,0,0,2,1,4,1,1,3,2,02,2,1,000,059,1,0,1,1,1,53,5,1,2,00,0,4,0,200500034094C01,7,17,1
200500034118,2005-06-25,2005,juin,samedi,16:00,51,51172,0,0,2,1,1,1,1,4,2,02,4,2,000,100,1,5,5,4,1,14,5,1,9,00,2,1,5,200500034118A01,1,1,1
200500034118,2005-06-25,2005,juin,samedi,16:00,51,51172,0,0,2,1,1,1,1,4,2,02,4,2,000,100,1,5,5,4,1,31,1,1,9,00,2,1,1,200500034118B01,1,5,1
200500034120,2005-06-29,2005,juin,mercredi,20:20,51,51454,0,0,2,1,6,1,3,4,2,02,1,1,060,090,2,0,1,3,1,5,0,1,9,00,2,0,2,200500034120B01,7,2,1
200500034133,2005-06-16,2005,juin,jeudi,20:00,53,53130,0,0,2,2,3,1,1,2,3,04,1,1,000,000,1,5,1,4,1,40,5,1,2,00,2,3,15,200500034133B01,7,15,1
200500034182,2005-06-24,2005,juin,vendredi,70:5,54,54395,0,0,2,1,3,1,1,4,1,00,1,1,000,029,1,0,5,4,2,66,5,1,9,00,2,8,1,200500034182A01,7,15,1
200500034212,2005-06-28,2005,juin,mardi,85:5,55,55029,0,0,2,1,6,1,1,3,2,02,1,1,000,070,1,0,1,4,2,56,5,1,9,00,2,8,1,200500034212B01,7,16,1
200500034223,2005-06-03,2005,juin,vendredi,17:04,56,56121,0,0,2,1,2,1,1,9,2,02,1,1,000,000,1,0,1,4,2,18,0,1,9,00,2,1,1,200500034223B01,7,4,1
200500034229,2005-06-07,2005,juin,mardi,19:25,56,56121,0,0,2,1,3,1,1,9,2,02,2,1,000,000,1,0,1,4,1,47,9,1,2,00,2,1,18,200500034229A01,7,20,1
200500034230,2005-06-14,2005,juin,mardi,14:01,56,56121,0,0,2,1,3,1,1,9,2,04,1,1,000,000,1,2,1,4,1,54,0,0,0,00,2,8,1,200500034230A01,7,1,1
200500034231,2005-06-10,2005,juin,vendredi,17:30,56,56121,0,0,2,2,3,1,1,9,2,00,2,1,000,000,1,0,1,4,2,28,9,1,2,00,0,8,1,200500034231B01,7,1,1
200500034235,2005-06-12,2005,juin,dimanche,94:0,56,56083,0,0,2,4,3,1,1,9,2,03,2,3,000,000,1,0,1,3,1,47,5,1,2,00,2,1,1,200500034235A01,7,15,1
200500034241,2005-06-18,2005,juin,samedi,20:00,56,56107,0,0,2,1,1,1,1,4,2,02,2,1,000,000,1,0,1,4,1,58,0,1,9,00,2,1,0,200500034241B01,2,15,1
200500034254,2005-06-02,2005,juin,jeudi,16:45,56,56260,0,0,2,1,6,1,1,4,2,02,1,4,000,083,1,0,1,4,2,50,0,1,9,00,2,8,1,200500034254B01,7,14,1
200500034255,2005-06-19,2005,juin,dimanche,11:45,56,56260,0,0,2,6,3,1,1,4,2,02,1,2,000,073,1,0,1,4,1,60,5,1,2,00,2,8,1,200500034255B01,2,1,1
200500034267,2005-06-17,2005,juin,vendredi,17:30,57,57537,0,0,2,1,3,1,7,2,2,02,2,1,000,059,1,0,1,4,1,10,5,1,9,00,2,1,9,200500034267B01,7,1,1
200500034274,2005-06-01,2005,juin,mercredi,18:15,57,57487,0,0,2,1,6,1,1,4,2,03,1,1,000,102,1,0,1,4,1,10,5,1,4,00,2,1,19,200500034274A01,7,1,1
200500034288,2005-06-19,2005,juin,dimanche,16:40,57,57487,0,0,1,1,2,1,1,3,3,02,1,1,000,110,1,2,1,3,1,53,5,1,9,00,0,4,1,200500034288B01,7,1,1
200500034294,2005-06-25,2005,juin,samedi,11:10,57,57463,0,0,2,1,3,1,1,4,1,02,1,1,000,075,1,2,1,4,1,46,5,1,4,00,2,4,1,200500034294B01,99,0,1
200500034299,2005-06-02,2005,juin,jeudi,11:05,57,57757,0,0,2,2,6,1,1,2,2,02,1,1,000,100,1,0,1,4,2,77,5,1,4,00,2,8,15,200500034299B01,14,16,1
200500034306,2005-06-09,2005,juin,jeudi,72:5,57,57672,0,0,2,1,3,1,1,4,2,00,1,1,000,105,1,0,4,4,1,43,5,1,4,00,0,7,1,200500034306A01,7,1,1
200500034311,2005-06-17,2005,juin,vendredi,19:10,57,57306,0,0,2,2,6,1,1,4,2,02,2,1,000,000,1,0,1,4,1,13,5,1,9,00,2,1,15,200500034311A01,7,1,1
200500034328,2005-06-22,2005,juin,mercredi,14:05,58,58194,0,0,2,1,7,1,1,4,3,03,1,1,000,000,1,0,1,4,1,14,5,1,9,12,9,0,1,200500034328A01,,,
200500034338,2005-06-06,2005,juin,lundi,13:15,59,59253,0,0,2,6,3,1,1,4,1,02,1,-1,000,059,1,5,1,4,1,36,5,1,9,00,2,8,16,200500034338A01,7,1,1
200500034345,2005-06-11,2005,juin,samedi,11:25,59,59588,0,0,1,1,2,1,1,4,2,02,1,1,000,063,1,0,5,3,1,71,5,1,9,01,0,1,1,200500034345B01,7,24,1
200500034349,2005-06-14,2005,juin,mardi,12:15,59,59183,0,0,2,1,6,1,1,4,1,03,1,1,000,120,1,0,1,4,2,29,1,1,9,00,2,8,1,200500034349A01,7,1,1
200500034353,2005-06-18,2005,juin,samedi,21:40,59,59324,0,0,2,1,6,1,1,4,2,02,1,1,000,050,1,0,1,1,1,11,5,1,9,00,1,1,1,200500034353A01,,,
200500034357,2005-06-02,2005,juin,jeudi,12:15,59,59378,0,0,2,1,2,1,1,4,2,04,1,1,065,090,1,0,1,3,1,13,5,1,9,00,2,1,11,200500034357A01,7,23,1
200500034359,2005-06-02,2005,juin,jeudi,12:00,59,59368,0,0,2,1,6,1,1,4,2,02,1,1,000,048,1,0,1,4,1,13,9,1,9,00,2,1,19,200500034359A01,7,2,1
200500034366,2005-06-05,2005,juin,dimanche,11:10,59,59350,0,0,2,2,3,1,1,4,2,02,1,1,000,060,1,0,1,3,2,19,5,1,2,00,0,3,1,200500034366B01,7,15,1
200500034371,2005-06-10,2005,juin,vendredi,17:10,59,59378,0,0,2,1,6,1,1,4,2,02,1,1,000,115,1,0,1,3,1,8,2,1,2,00,2,1,11,200500034371A01,7,1,1
200500034384,2005-06-18,2005,juin,samedi,17:45,59,59286,0,0,2,1,6,1,1,4,2,02,1,1,000,032,1,0,1,4,1,38,5,1,9,00,2,1,0,200500034384A01,7,0,1
200500034396,2005-06-23,2005,juin,jeudi,16:20,59,59350,0,0,2,2,3,1,7,4,1,02,1,1,000,060,1,0,5,3,1,56,4,1,9,00,2,0,1,200500034396B01,10,15,1
200500034400,2005-06-24,2005,juin,vendredi,18:40,59,59350,0,0,2,3,6,1,1,4,1,01,1,1,000,060,1,0,1,4,1,46,9,1,9,00,2,1,19,200500034400A01,7,2,1
200500034405,2005-06-25,2005,juin,samedi,13:00,59,59009,0,0,2,1,6,1,1,4,1,02,1,2,000,086,-1,5,1,4,1,17,9,1,2,00,2,0,1,200500034405B01,7,1,1
200500034407,2005-06-26,2005,juin,dimanche,17:10,59,59378,0,0,2,1,6,1,1,4,2,00,1,1,000,000,1,0,5,4,2,47,9,1,9,00,2,1,2,200500034407B01,2,13,1
200500034416,2005-06-30,2005,juin,jeudi,74:0,59,59009,0,0,2,3,3,1,1,4,3,04,1,1,020,120,1,0,1,4,1,36,1,1,4,00,2,1,1,200500034416B01,7,16,1
200500034422,2005-06-08,2005,juin,mercredi,95:6,59,59392,0,0,2,2,3,1,1,4,2,02,2,1,000,060,1,0,1,2,1,60,5,1,2,00,2,1,1,200500034422B01,7,15,1
200500034427,2005-06-16,2005,juin,jeudi,14:05,59,59291,0,0,2,1,3,1,1,3,2,02,1,2,000,080,1,0,1,4,1,13,5,1,2,00,0,8,1,200500034427B01,7,17,1
200500034450,2005-06-15,2005,juin,mercredi,17:30,59,59512,0,0,2,1,6,1,1,4,2,02,1,1,000,000,1,0,1,3,1,16,5,1,2,01,0,1,1,200500034450B01,7,22,1
200500034460,2005-06-21,2005,juin,mardi,11:50,59,59163,0,0,2,1,6,1,1,4,-1,00,1,1,000,000,1,0,1,3,1,19,5,1,2,01,0,1,1,200500034460B01,7,22,1
200500034466,2005-06-14,2005,juin,mardi,74:5,59,59512,0,0,2,1,6,1,1,4,2,02,1,1,000,000,1,0,1,3,1,20,5,1,2,01,0,1,1,200500034466B01,7,22,1
200500034468,2005-06-13,2005,juin,lundi,17:10,59,59526,0,0,2,1,3,1,1,4,2,02,1,1,000,088,1,0,1,3,2,61,5,1,9,00,0,0,1,200500034468B01,18,17,1
200500034474,2005-06-14,2005,juin,mardi,18:45,59,59599,0,0,2,2,3,1,1,2,1,09,1,-1,000,050,1,5,1,3,2,11,9,1,9,00,2,7,19,200500034474A01,7,1,1
200500034490,2005-06-23,2005,juin,jeudi,91:5,59,59484,0,0,2,2,6,1,1,2,2,03,1,1,000,100,1,0,1,3,2,58,5,1,2,00,2,9,1,200500034490B01,17,16,1
200500034492,2005-06-30,2005,juin,jeudi,71:5,59,59544,0,0,1,1,6,1,1,3,2,03,1,1,006,146,1,0,1,3,1,57,1,1,2,00,2,0,1,200500034492B01,7,17,1
200500034495,2005-06-24,2005,juin,vendredi,16:00,59,59014,0,0,2,2,3,1,1,4,2,02,1,1,000,049,1,0,1,4,1,19,9,1,9,00,2,1,1,200500034495A01,7,1,1
200500034501,2005-06-08,2005,juin,mercredi,84:5,61,61001,0,0,2,6,3,1,1,4,-1,02,1,1,000,060,1,5,1,4,1,69,5,1,9,00,9,5,2,200500034501A01,7,9,1
200500034502,2005-06-24,2005,juin,vendredi,11:40,61,61001,0,0,2,6,3,1,1,4,-1,02,1,1,000,060,1,0,5,3,1,52,5,1,9,00,2,3,1,200500034502A01,7,1,1
200500034512,2005-06-03,2005,juin,vendredi,10:40,62,62277,0,0,2,1,1,1,1,3,2,02,1,1,000,078,1,0,1,3,1,53,5,1,2,00,2,1,1,200500034512B01,7,15,1
200500034517,2005-06-24,2005,juin,vendredi,17:00,62,62724,0,0,2,2,3,1,1,4,2,02,1,1,000,060,1,0,1,3,2,66,3,1,4,00,2,1,15,200500034517B01,7,17,1
200500034533,2005-06-10,2005,juin,vendredi,15:55,62,62193,0,0,2,1,6,1,1,4,2,02,1,-1,000,070,1,0,1,4,1,39,1,1,2,00,2,1,1,200500034533B01,17,4,1
200500034539,2005-06-29,2005,juin,mercredi,55:0,62,62193,0,0,2,2,6,1,1,4,-1,02,1,1,000,046,1,0,1,4,1,21,1,1,4,00,2,5,1,200500034539B01,,,
200500034545,2005-06-17,2005,juin,vendredi,20:1,62,62907,0,0,2,1,2,3,1,3,2,02,2,1,000,071,1,0,1,4,1,31,5,1,9,00,2,4,2,200500034545B01,7,2,1
200500034577,2005-06-12,2005,juin,dimanche,13:50,62,62040,0,0,2,4,3,1,1,2,4,02,1,1,000,109,1,5,1,3,2,29,5,1,9,00,9,1,19,200500034577B01,5,1,1
200500034580,2005-06-19,2005,juin,dimanche,18:15,62,62826,0,0,2,3,3,1,1,2,2,02,1,2,000,086,1,0,1,3,2,42,5,1,9,00,9,8,19,200500034580B01,2,17,1
200500034583,2005-06-01,2005,juin,mercredi,90:0,63,63075,0,0,2,1,7,1,1,4,-1,01,1,1,000,070,1,0,0,3,1,52,0,1,2,16,0,8,15,200500034583A01,,,
200500034584,2005-06-01,2005,juin,mercredi,12:25,63,63113,0,0,2,1,6,1,1,4,2,02,1,1,000,070,1,0,5,4,2,28,4,1,9,00,2,8,1,200500034584B01,7,15,1
200500034608,2005-06-14,2005,juin,mardi,16:10,63,63113,0,0,2,1,3,1,1,4,2,02,2,1,000,070,1,0,1,4,2,19,0,1,2,01,0,2,1,200500034608B01,7,24,1
200500034610,2005-06-16,2005,juin,jeudi,10:50,63,63113,0,0,2,1,6,1,1,4,1,02,1,1,000,000,1,0,1,3,1,66,5,1,2,01,0,1,1,200500034610B01,7,24,1
200500034619,2005-06-24,2005,juin,vendredi,81:5,63,63113,0,0,2,1,6,1,1,4,2,02,1,1,000,000,1,0,1,4,1,49,4,1,9,00,2,1,1,200500034619A01,7,1,1
200500034640,2005-06-06,2005,juin,lundi,18:30,63,63300,0,0,2,2,1,1,1,4,2,02,1,2,000,040,1,5,1,4,1,12,2,1,4,00,2,1,5,200500034640A01,7,1,1
200500034643,2005-06-25,2005,juin,samedi,13:40,63,63245,0,0,1,2,3,1,1,3,2,02,1,1,000,072,1,0,1,4,1,10,5,1,9,00,2,0,1,200500034643A01,7,1,1
200500034658,2005-06-25,2005,juin,samedi,11:10,64,64102,0,0,2,1,3,1,1,4,2,02,1,1,000,116,1,0,1,4,1,35,5,1,2,00,2,8,2,200500034658B01,7,17,1
200500034677,2005-06-02,2005,juin,jeudi,10:28,64,64445,0,0,2,3,3,1,1,4,2,02,1,1,000,091,1,0,1,3,1,64,5,1,9,00,2,1,1,200500034677B01,7,15,1
200500034679,2005-06-03,2005,juin,vendredi,19:15,64,64445,0,0,2,1,1,2,2,4,2,02,1,1,000,086,2,0,1,4,1,15,5,1,9,00,2,1,19,200500034679A01,7,1,1
200500034706,2005-06-24,2005,juin,vendredi,15:45,64,64260,0,0,2,1,3,1,1,4,2,02,1,1,000,090,1,0,1,4,1,48,5,1,9,00,2,3,1,200500034706B01,7,12,1
200500034722,2005-06-02,2005,juin,jeudi,15:30,65,65433,0,0,2,3,3,1,1,3,2,02,1,2,000,070,1,0,1,4,2,52,5,1,9,00,2,5,1,200500034722B01,7,15,1
200500034738,2005-06-17,2005,juin,vendredi,94:0,65,65433,0,0,1,2,3,1,1,3,2,02,1,1,000,070,1,0,1,4,1,88,5,1,9,00,2,1,2,200500034738A01,7,2,1
200500034739,2005-06-16,2005,juin,jeudi,12:00,65,65440,0,0,2,1,3,1,1,4,2,02,-1,1,000,070,1,0,1,4,2,13,2,1,9,01,0,1,1,200500034739B01,7,22,1
200500034745,2005-06-22,2005,juin,mercredi,12:10,65,65440,0,0,2,2,3,1,1,4,1,01,1,1,000,070,1,0,1,4,2,40,1,1,9,00,2,1,13,200500034745A01,7,17,1
200500034746,2005-06-22,2005,juin,mercredi,19:40,65,65440,0,0,2,1,6,1,1,4,2,02,1,1,000,069,1,0,1,4,1,36,5,1,9,01,0,1,1,200500034746A01,,,
200500034773,2005-06-03,2005,juin,vendredi,16:05,67,67482,0,0,2,1,1,1,1,4,2,04,2,2,000,139,1,0,1,4,1,37,1,1,2,00,2,1,14,200500034773A01,7,1,1
200500034776,2005-06-04,2005,juin,samedi,11:31,67,67482,0,0,2,3,6,1,1,4,2,02,1,1,000,058,1,0,1,4,1,12,5,1,9,00,2,1,15,200500034776B01,7,1,1
200500034781,2005-06-07,2005,juin,mardi,14:20,67,67482,0,0,2,2,3,1,1,4,2,02,1,1,000,134,1,5,5,4,2,84,5,1,9,00,2,1,1,200500034781B01,7,1,1
200500034782,2005-06-08,2005,juin,mercredi,83:0,67,67482,0,0,2,1,3,1,1,9,2,00,1,3,000,000,1,0,1,4,1,56,1,1,9,00,2,1,1,200500034782A01,1,17,1
200500034782,2005-06-08,2005,juin,mercredi,83:0,67,67482,0,0,2,1,3,1,1,9,2,00,1,3,000,000,1,0,1,1,2,30,9,1,9,00,2,1,17,200500034782B01,1,1,1
200500034783,2005-06-09,2005,juin,jeudi,14:00,67,67482,0,0,2,3,3,1,1,3,2,02,1,1,000,060,1,0,0,4,2,19,2,1,9,00,2,1,1,200500034783B01,18,1,1
200500034791,2005-06-11,2005,juin,samedi,16:15,67,67482,0,0,2,1,3,1,1,4,2,02,1,1,000,053,1,0,1,4,1,8,5,1,9,00,2,7,1,200500034791B01,7,1,1
200500034797,2005-06-15,2005,juin,mercredi,14:20,67,67482,0,0,2,2,3,1,1,4,2,02,1,1,015,150,1,2,1,4,2,50,1,1,4,00,2,3,1,200500034797B01,7,16,1
200500034807,2005-06-19,2005,juin,dimanche,11:45,67,67482,0,0,1,1,5,1,1,9,2,02,1,3,000,000,1,0,5,4,1,35,9,1,9,00,2,1,1,200500034807B01,5,1,1
200500034807,2005-06-19,2005,juin,dimanche,11:45,67,67482,0,0,1,1,5,1,1,9,2,02,1,3,000,000,1,0,5,4,2,5,0,1,9,00,2,1,1,200500034807B01,5,1,1
200500034807,2005-06-19,2005,juin,dimanche,11:45,67,67482,0,0,1,1,5,1,1,9,2,02,1,3,000,000,1,0,5,4,1,9,9,1,9,00,2,1,1,200500034807C01,5,1,1
200500034808,2005-06-20,2005,juin,lundi,16:00,67,67482,0,0,2,1,3,1,1,4,2,02,1,4,000,022,1,0,5,1,1,61,5,1,9,00,2,8,1,200500034808A01,1,1,1
200500034808,2005-06-20,2005,juin,lundi,16:00,67,67482,0,0,2,1,3,1,1,4,2,02,1,4,000,022,1,0,5,4,2,57,0,1,2,00,2,8,1,200500034808B01,1,1,1
200500034810,2005-06-21,2005,juin,mardi,13:30,67,67482,0,0,2,2,3,1,1,4,2,02,1,1,000,032,1,0,1,4,1,23,5,1,9,00,2,1,1,200500034810B01,7,16,1
200500034813,2005-06-22,2005,juin,mercredi,18:35,67,67482,0,0,2,1,6,1,1,4,2,02,1,1,000,090,1,0,0,3,2,53,5,0,0,00,0,0,0,200500034813A01,,,
200500034820,2005-06-26,2005,juin,dimanche,18:45,67,67043,0,0,2,3,3,1,1,4,3,02,1,1,080,046,1,0,5,4,1,29,5,1,9,00,2,1,1,200500034820B01,7,16,1
200500034823,2005-06-28,2005,juin,mardi,75:0,67,67482,0,0,2,2,3,1,1,4,2,02,1,1,000,120,1,0,5,4,2,19,5,1,9,00,2,1,1,200500034823B01,7,15,1
200500034826,2005-06-28,2005,juin,mardi,18:10,67,67482,0,0,2,1,1,1,1,4,2,02,1,1,000,087,1,0,5,4,1,19,1,1,9,00,2,1,17,200500034826A01,1,1,1
200500034826,2005-06-28,2005,juin,mardi,18:10,67,67482,0,0,2,1,1,1,1,4,2,02,1,1,000,087,1,0,5,4,1,31,1,1,9,00,2,1,1,200500034826B01,1,17,1
200500034828,2005-06-29,2005,juin,mercredi,11:25,67,67482,0,0,2,3,3,1,1,4,2,02,1,1,000,086,1,0,1,4,2,41,5,1,9,00,2,7,1,200500034828B01,7,4,1
200500034830,2005-06-30,2005,juin,jeudi,85:5,67,67482,0,0,2,3,3,1,1,4,2,02,1,1,000,130,1,0,1,4,1,40,5,1,9,00,2,1,19,200500034830B01,7,15,1
200500034838,2005-06-17,2005,juin,vendredi,16:10,68,68066,0,0,2,1,6,1,1,4,2,02,1,1,000,108,1,0,1,1,1,30,5,1,9,00,1,1,17,200500034838A01,18,17/24,2
200500034838,2005-06-17,2005,juin,vendredi,16:10,68,68066,0,0,2,1,6,1,1,4,2,02,1,1,000,108,1,0,1,4,2,51,5,0,0,00,1,1,17,200500034838A01,18,17/24,2
200500034839,2005-06-20,2005,juin,lundi,13:12,68,68066,0,0,2,6,3,1,1,3,2,02,1,2,000,130,1,5,5,4,1,20,1,1,2,00,2,1,15,200500034839B01,7,16,1
200500034841,2005-06-22,2005,juin,mercredi,73:5,68,68066,0,0,2,2,3,1,1,3,2,02,1,1,000,120,1,0,5,4,1,57,1,1,2,00,2,1,1,200500034841B01,10,16,1
200500034846,2005-06-03,2005,juin,vendredi,15:40,68,68224,0,0,2,4,1,1,1,4,3,02,1,1,021,133,1,0,1,3,1,50,0,1,9,00,2,1,0,200500034846B01,7,1,1
200500034848,2005-06-06,2005,juin,lundi,12:05,68,68224,0,0,2,1,6,1,1,4,2,04,1,1,000,148,1,0,1,4,2,43,1,1,9,01,0,7,1,200500034848B01,7,22,1
200500034857,2005-06-22,2005,juin,mercredi,18:10,68,68224,0,0,2,3,3,1,1,4,2,02,1,1,000,079,1,0,1,4,1,15,5,1,9,00,2,1,15,200500034857A01,7,2,1
200500034861,2005-06-23,2005,juin,jeudi,11:40,68,68224,0,0,2,1,3,1,1,4,2,02,1,1,000,076,1,0,1,4,1,35,2,1,9,00,2,2,5,200500034861B01,2,5,1
200500034864,2005-06-08,2005,juin,mercredi,15:20,68,68297,0,0,2,3,3,1,1,2,2,02,1,-1,000,119,1,0,5,3,2,87,5,0,0,00,0,0,2,200500034864B01,15,16,1
200500034872,2005-06-14,2005,juin,mardi,19:30,69,69256,0,0,2,1,6,1,2,4,2,02,1,1,000,070,2,0,1,4,2,14,9,1,9,00,2,1,19,200500034872B01,7,1,1
200500034878,2005-06-15,2005,juin,mercredi,20:15,69,69259,0,0,2,2,3,1,1,4,2,02,1,1,000,123,1,0,1,3,1,34,5,1,9,00,2,1,2,200500034878B01,7,15,1
200500034881,2005-06-22,2005,juin,mercredi,21:00,69,69259,0,0,2,1,6,2,1,6,2,01,3,1,000,000,1,0,1,4,1,10,5,1,9,00,2,5,0,200500034881B01,7,20,1
200500034883,2005-06-26,2005,juin,dimanche,94:0,69,69264,0,0,2,6,6,1,1,4,2,01,1,2,000,087,1,0,1,4,1,29,5,1,9,00,2,7,15,200500034883B01,7,9,1
200500034887,2005-06-09,2005,juin,jeudi,13:47,69,69266,0,0,2,1,6,1,1,4,1,03,1,1,000,100,1,0,4,4,1,24,1,1,9,00,2,1,1,200500034887A01,,,
200500034895,2005-06-28,2005,juin,mardi,18:00,69,69282,0,0,2,2,3,1,3,4,2,02,-1,-1,000,000,2,0,1,4,2,17,5,1,9,00,2,0,19,200500034895A01,7,19,1
200500034923,2005-06-27,2005,juin,lundi,18:30,71,71270,0,0,2,1,1,1,1,4,2,02,1,1,000,000,1,0,1,4,1,7,5,1,9,00,2,1,0,200500034923B01,7,1,1
200500034947,2005-06-09,2005,juin,jeudi,16:16,72,72181,0,0,2,1,6,1,1,9,2,02,1,1,000,070,1,0,1,3,1,16,5,1,2,12,0,7,1,200500034947A01,,,
200500034958,2005-06-17,2005,juin,vendredi,16:30,72,72003,0,0,2,1,3,1,1,9,2,02,1,1,000,070,1,0,1,4,1,14,2,1,2,00,0,8,19,200500034958B01,7,1,1
200500034976,2005-06-29,2005,juin,mercredi,17:45,72,72003,0,0,2,1,1,1,2,9,2,01,1,1,000,053,1,0,1,3,1,14,5,1,2,00,0,1,1,200500034976B01,7,1,1
200500034982,2005-06-13,2005,juin,lundi,15:35,73,73008,0,0,2,1,6,1,1,5,2,02,1,1,000,100,1,0,0,1,1,16,9,1,2,00,1,1,2,200500034982A01,,,
200500034982,2005-06-13,2005,juin,lundi,15:35,73,73008,0,0,2,1,6,1,1,5,2,02,1,1,000,100,1,0,0,4,2,61,5,0,0,00,1,1,2,200500034982A01,,,
200500034997,2005-06-22,2005,juin,mercredi,13:55,74,74010,0,0,2,2,3,1,1,4,1,01,1,1,000,062,1,0,1,4,2,25,5,1,2,00,0,1,2,200500034997B01,7,2,1
200500035014,2005-06-16,2005,juin,jeudi,20:15,74,74119,0,0,2,1,3,2,1,4,2,02,1,1,000,066,1,0,1,4,1,15,5,1,4,00,0,7,19,200500035014A01,7,1,1
200500035019,2005-06-01,2005,juin,mercredi,35:,75,75001,0,0,2,1,6,5,1,4,2,02,1,1,000,000,1,0,4,2,1,29,5,0,0,00,0,1,1,200500035019A01,,,
200500035021,2005-06-01,2005,juin,mercredi,20:40,75,75007,0,0,2,1,2,1,1,4,2,06,1,1,000,180,1,0,1,3,2,30,9,0,0,00,2,4,1,200500035021B01,7,1,1
200500035024,2005-06-03,2005,juin,vendredi,18:30,75,75014,0,0,2,1,3,1,1,4,2,04,1,1,000,120,1,0,1,3,2,44,9,0,0,00,2,4,7,200500035024B01,18,7,1
200500035046,2005-06-01,2005,juin,mercredi,95:8,75,75007,0,0,2,4,7,1,1,4,2,04,1,1,000,120,1,0,1,4,1,41,5,0,0,00,0,1,21,200500035046A01,,,