Num_Acc,date,an,mois,jour,hrmn,dep,com,lat,long,agg,int,col,lum,atm,catr,circ,nbv,prof,plan,lartpc,larrout,surf,infra,situ,grav,sexe,age,trajet,secuexist,equipement,obs,obsm,choc,manv,vehiculeid,typevehicules,manoeuvehicules,numVehicules
200500035057,2005-06-01,2005,juin,mercredi,18:20,75,75015,0,0,2,2,3,1,1,4,2,02,1,1,000,060,1,0,1,4,1,15,5,0,0,00,2,1,1,200500035057B01,7,15,1
200500035067,2005-06-05,2005,juin,dimanche,51:7,75,75010,0,0,2,3,3,5,1,4,2,04,1,1,000,120,1,0,1,4,2,19,5,0,0,00,2,1,1,200500035067B01,7,16,1
200500035108,2005-06-03,2005,juin,vendredi,94:5,75,75016,0,0,2,1,3,1,1,4,1,02,1,1,000,060,1,0,1,4,1,61,5,0,0,00,2,1,5,200500035108A01,10,16,1
200500035109,2005-06-03,2005,juin,vendredi,85:0,75,75016,0,0,2,3,3,1,1,4,2,02,1,1,000,060,1,0,1,4,1,43,4,0,0,00,2,3,1,200500035109B01,7,16,1
200500035110,2005-06-03,2005,juin,vendredi,94:0,75,75019,0,0,2,3,3,1,1,4,1,02,1,1,000,060,1,0,1,4,1,66,5,1,2,00,2,5,12,200500035110A01,5,1,1
200500035114,2005-06-03,2005,juin,vendredi,22:00,75,75019,0,0,2,2,3,2,1,4,2,02,1,1,000,060,1,0,1,4,1,13,5,0,0,00,2,3,15,200500035114B01,7,1,1
200500035137,2005-06-05,2005,juin,dimanche,16:50,75,75007,0,0,2,1,7,1,1,4,2,04,1,1,000,120,1,0,1,4,2,11,5,1,2,00,0,1,1,200500035137A01,,,
200500035148,2005-06-06,2005,juin,lundi,17:35,75,75009,0,0,2,3,3,1,1,4,1,01,1,1,000,030,2,0,1,4,1,55,5,0,0,00,2,1,5,200500035148A01,7,7,1
200500035183,2005-06-07,2005,juin,mardi,10:38,75,75003,0,0,2,2,2,1,1,4,1,03,1,1,000,090,1,0,1,4,1,46,5,0,0,00,2,1,7,200500035183A01,7,7,1
200500035184,2005-06-07,2005,juin,mardi,12:00,75,75004,0,0,2,1,6,1,1,4,1,03,1,1,000,090,1,0,1,1,1,28,4,0,0,00,1,1,7,200500035184A01,,,
200500035208,2005-06-08,2005,juin,mercredi,12:20,75,75011,0,0,2,1,3,1,1,4,2,02,1,1,000,060,1,0,1,4,1,19,5,0,0,00,2,2,15,200500035208A01,10,16,1
200500035215,2005-06-08,2005,juin,mercredi,17:46,75,75016,0,0,2,1,3,1,1,4,2,04,1,1,000,120,1,0,1,4,1,25,5,0,0,00,2,1,1,200500035215B01,7,23,1
200500035226,2005-06-09,2005,juin,jeudi,81:5,75,75006,0,0,2,1,6,1,1,4,1,03,1,1,000,090,1,0,1,3,1,27,4,0,0,12,0,1,1,200500035226A01,,,
200500035258,2005-06-10,2005,juin,vendredi,10:00,75,75015,0,0,2,2,3,1,1,4,2,02,1,1,000,060,1,0,1,4,2,39,5,0,0,00,2,1,1,200500035258B01,7,15,1
200500035275,2005-06-11,2005,juin,samedi,22:55,75,75012,0,0,2,1,6,5,1,4,2,05,1,1,000,150,1,0,1,4,2,25,5,0,0,01,0,1,21,200500035275A01,,,
200500035286,2005-06-13,2005,juin,lundi,93:0,75,75001,0,0,2,4,3,1,1,4,2,04,1,1,000,120,1,0,1,4,2,24,5,0,0,00,2,1,7,200500035286A01,7,15,1
200500035302,2005-06-13,2005,juin,lundi,19:15,75,75016,0,0,2,1,3,1,1,4,2,02,1,1,000,060,1,0,1,4,1,30,4,0,0,00,2,2,1,200500035302B01,7,22,1
200500035308,2005-06-14,2005,juin,mardi,19:10,75,75007,0,0,2,3,7,1,1,4,2,04,1,1,000,120,1,0,1,3,1,40,5,0,0,00,0,1,1,200500035308A01,,,
200500035315,2005-06-14,2005,juin,mardi,19:25,75,75016,0,0,2,1,7,1,1,4,2,02,1,1,000,060,1,0,1,4,1,47,5,0,0,00,0,1,1,200500035315A01,,,
200500035316,2005-06-14,2005,juin,mardi,13:00,75,75016,0,0,2,1,3,1,1,4,2,02,1,1,000,060,1,0,1,4,1,26,5,0,0,00,2,2,1,200500035316B01,7,22,1
200500035323,2005-06-15,2005,juin,mercredi,16:20,75,75011,0,0,2,1,7,1,2,4,3,02,1,1,010,060,2,0,1,4,2,42,4,0,0,00,0,2,21,200500035323A01,,,
200500035349,2005-06-17,2005,juin,vendredi,18:30,75,75011,0,0,2,1,3,1,1,4,1,01,1,1,000,030,1,0,1,4,2,8,5,0,0,00,2,3,1,200500035349B01,7,17,1
200500035367,2005-06-23,2005,juin,jeudi,65:7,75,75010,0,0,2,2,6,1,1,4,2,02,1,1,000,060,1,0,1,4,1,53,4,0,0,00,2,1,1,200500035367B01,7,0,1
200500035368,2005-06-22,2005,juin,mercredi,17:05,75,75010,0,0,2,1,2,1,1,4,1,02,1,1,000,060,1,0,1,4,1,43,5,1,2,00,2,4,7,200500035368B01,2,7,1
200500035375,2005-06-23,2005,juin,jeudi,19:17,75,75020,0,0,2,2,4,1,2,4,2,02,1,1,000,060,2,0,1,4,1,27,5,0,0,00,2,2,1,200500035375A01,7,16,1
200500035375,2005-06-23,2005,juin,jeudi,19:17,75,75020,0,0,2,2,4,1,2,4,2,02,1,1,000,060,2,0,1,4,1,27,5,0,0,00,2,2,1,200500035375B01,7,16,1
200500035376,2005-06-23,2005,juin,jeudi,19:00,75,75020,0,0,2,1,3,1,2,4,2,02,1,1,000,060,2,0,1,4,1,24,5,0,0,00,2,3,19,200500035376A01,7,1,1
200500035381,2005-06-24,2005,juin,vendredi,19:55,75,75014,0,0,2,1,6,1,1,4,1,01,1,1,000,030,1,0,1,4,1,25,5,0,0,00,2,2,1,200500035381B01,7,22,1
200500035386,2005-06-24,2005,juin,vendredi,19:15,75,75001,0,0,2,1,6,1,1,4,1,03,1,1,000,090,1,0,1,4,1,35,5,0,0,00,1,1,1,200500035386A01,,,
200500035407,2005-06-09,2005,juin,jeudi,13:50,75,75017,0,0,2,2,3,1,1,4,2,02,1,1,000,060,1,0,1,4,2,63,5,0,0,00,2,1,1,200500035407B01,4,15,1
200500035410,2005-06-12,2005,juin,dimanche,15:30,75,75020,0,0,2,1,3,1,1,4,2,03,1,1,000,090,1,0,1,4,1,25,5,0,0,00,2,1,1,200500035410B01,7,16,1
200500035423,2005-06-14,2005,juin,mardi,11:45,75,75010,0,0,2,1,3,1,1,4,1,01,1,1,000,030,1,0,1,4,2,36,5,0,0,00,2,2,1,200500035423B01,7,22,1
200500035428,2005-06-16,2005,juin,jeudi,22:46,75,75020,0,0,2,2,3,5,1,4,1,02,1,1,000,060,1,0,1,4,2,38,5,0,0,00,2,1,1,200500035428A01,7,1,1
200500035439,2005-06-18,2005,juin,samedi,20:30,75,75001,0,0,2,3,3,1,1,4,1,03,1,1,000,090,1,0,1,4,1,32,5,1,2,00,2,3,7,200500035439B01,7,16,1
200500035452,2005-06-19,2005,juin,dimanche,10:15,75,75015,0,0,2,2,3,1,1,4,1,01,1,1,000,030,1,0,1,4,1,36,5,0,0,00,2,3,1,200500035452B01,7,16,1
200500035459,2005-06-20,2005,juin,lundi,14:45,75,75003,0,0,2,2,3,1,1,4,1,02,1,1,000,060,1,0,1,4,1,21,9,0,0,00,2,3,1,200500035459B01,7,16,1
200500035463,2005-06-20,2005,juin,lundi,17:20,75,75012,0,0,2,2,6,1,1,4,2,04,1,1,000,120,1,0,1,4,2,21,5,0,0,00,2,3,1,200500035463B01,2,0,1
200500035476,2005-06-21,2005,juin,mardi,18:15,75,75010,0,0,2,1,6,1,1,4,1,01,1,1,000,030,1,0,1,1,1,31,4,1,2,00,1,1,1,200500035476A01,,,
200500035479,2005-06-21,2005,juin,mardi,18:25,75,75013,0,0,2,1,3,1,1,4,2,04,1,1,000,120,1,0,1,4,1,53,5,0,0,00,2,3,18,200500035479A01,10,1,1
200500035486,2005-06-21,2005,juin,mardi,19:45,75,75016,0,0,2,1,7,1,1,4,2,03,1,1,000,090,1,0,1,4,1,50,5,0,0,00,0,1,1,200500035486A01,,,
200500035524,2005-06-22,2005,juin,mercredi,18:40,75,75020,0,0,2,4,3,1,1,4,2,02,1,1,000,060,1,0,1,4,1,29,5,0,0,00,2,1,1,200500035524B01,7,15,1
200500035533,2005-06-17,2005,juin,vendredi,19:15,75,75012,0,0,2,1,2,1,1,4,2,03,1,1,000,090,1,0,1,4,1,23,5,0,0,00,2,1,21,200500035533A01,18,1,1
200500035543,2005-06-23,2005,juin,jeudi,13:30,75,75013,0,0,2,1,3,1,1,4,2,04,1,1,000,120,1,0,1,4,1,37,5,0,0,00,2,1,18,200500035543A01,7,23,1
200500035550,2005-06-24,2005,juin,vendredi,11:20,75,75009,0,0,2,1,3,1,1,4,1,02,1,1,000,060,1,0,1,4,2,30,5,0,0,00,2,2,1,200500035550B01,7,22,1
200500035560,2005-06-25,2005,juin,samedi,17:00,75,75006,0,0,2,2,6,1,1,4,1,01,1,1,000,030,1,0,1,4,1,26,5,0,0,00,1,1,1,200500035560A01,,,
200500035562,2005-06-25,2005,juin,samedi,16:10,75,75008,0,0,2,2,3,1,1,4,1,01,1,1,000,030,1,0,1,4,1,54,5,0,0,00,2,1,1,200500035562B01,7,1,1
200500035581,2005-06-26,2005,juin,dimanche,19:10,75,75017,0,0,2,1,3,1,1,4,1,01,1,1,000,030,1,0,1,4,1,42,5,0,0,00,2,1,1,200500035581B01,7,22,1
200500035595,2005-06-27,2005,juin,lundi,18:30,75,75011,0,0,2,1,3,1,1,4,1,01,1,1,000,030,1,0,1,4,1,48,5,0,0,00,2,1,1,200500035595B01,7,22,1
200500035598,2005-06-27,2005,juin,lundi,16:45,75,75016,0,0,2,1,7,1,1,4,2,02,1,1,000,060,1,0,1,4,1,57,5,0,0,00,0,1,1,200500035598A01,,,
200500035599,2005-06-27,2005,juin,lundi,18:25,75,75018,0,0,2,3,3,1,1,4,1,01,1,1,000,030,1,0,1,4,1,13,5,0,0,00,2,1,16,200500035599A01,7,1,1
200500035600,2005-06-27,2005,juin,lundi,20:20,75,75018,0,0,2,1,1,1,1,4,1,01,1,1,000,030,1,0,1,4,1,25,5,0,0,00,2,1,1,200500035600B01,1,0,1
200500035613,2005-06-28,2005,juin,mardi,20:40,75,75011,0,0,2,1,3,1,2,4,1,01,1,1,000,030,2,0,1,4,1,11,5,0,0,00,2,1,1,200500035613B01,7,0,1
200500035617,2005-06-28,2005,juin,mardi,83:0,75,75012,0,0,2,3,1,1,1,4,1,03,1,1,000,090,1,0,1,4,2,45,1,0,0,00,2,1,1,200500035617B01,7,15,1
200500035633,2005-06-30,2005,juin,jeudi,84:5,75,75003,0,0,2,2,3,1,1,4,1,02,1,1,000,060,1,0,1,4,2,55,1,0,0,00,2,3,1,200500035633B01,2,1,1
200500035646,2005-06-30,2005,juin,jeudi,14:10,75,75013,0,0,2,1,3,1,8,4,2,02,1,1,000,060,2,0,1,4,1,12,5,0,0,00,2,6,15,200500035646A01,7,1,1
200500035657,2005-06-30,2005,juin,jeudi,10:15,75,75018,0,0,2,1,3,1,1,4,2,02,1,1,000,060,1,0,1,4,1,30,1,0,0,00,2,1,1,200500035657B01,14,22,1
200500035658,2005-06-29,2005,juin,mercredi,91:5,75,75019,0,0,2,1,3,1,1,4,1,01,1,1,000,030,1,0,1,4,2,24,1,1,2,00,2,1,1,200500035658B01,7,16,1
200500035672,2005-06-30,2005,juin,jeudi,13:45,75,75011,0,0,2,1,3,1,2,4,2,02,1,1,000,060,2,0,1,4,2,42,4,0,0,00,2,1,1,200500035672B01,7,22,1
200500035757,2005-06-10,2005,juin,vendredi,12:45,76,76447,0,0,2,2,3,1,1,4,2,02,2,1,000,055,1,0,1,3,1,13,5,1,2,00,2,7,1,200500035757A01,7,1,1
200500035759,2005-06-11,2005,juin,samedi,23:55,76,76447,0,0,1,1,2,5,1,3,2,02,1,2,000,090,1,0,5,3,1,41,5,1,4,00,0,4,9,200500035759B01,99,14,1
200500035772,2005-06-02,2005,juin,jeudi,17:00,76,76540,0,0,2,1,2,1,1,4,3,03,1,2,000,090,1,0,1,3,1,13,5,1,2,00,0,4,1,200500035772B01,7,1,1
200500035777,2005-06-06,2005,juin,lundi,21:05,76,76322,0,0,2,1,3,1,1,4,2,02,1,3,000,060,1,0,1,4,1,35,4,1,9,00,2,1,9,200500035777A01,7,15,1
200500035790,2005-06-16,2005,juin,jeudi,18:15,76,76108,0,0,2,1,3,1,1,3,3,02,1,1,000,054,1,0,1,4,2,25,5,1,9,00,2,2,1,200500035790B01,7,16,1
200500035801,2005-06-27,2005,juin,lundi,21:10,76,76484,0,0,2,1,1,1,1,4,2,02,1,2,000,060,1,5,1,4,1,19,5,1,9,00,2,1,5,200500035801A01,7,1,1
200500035823,2005-06-27,2005,juin,lundi,22:45,77,77407,0,0,2,1,3,2,1,4,2,02,1,1,000,051,1,0,1,3,2,13,5,1,9,00,0,6,13,200500035823B01,7,17,1
200500035833,2005-06-02,2005,juin,jeudi,22:00,77,77143,0,0,2,1,7,2,1,2,2,02,2,1,000,060,1,0,1,4,2,48,5,1,2,00,0,1,2,200500035833A01,,,
200500035836,2005-06-06,2005,juin,lundi,12:30,77,77284,0,0,2,3,3,1,3,4,2,02,1,1,000,070,2,5,1,4,1,21,9,1,2,00,2,1,2,200500035836A01,7,2,1
200500035860,2005-06-27,2005,juin,lundi,18:20,77,77445,0,0,2,1,3,1,1,4,2,02,1,1,000,049,1,0,1,3,1,5,5,1,9,00,2,8,19,200500035860B01,4,0,1
200500035862,2005-06-05,2005,juin,dimanche,18:45,77,77294,0,0,2,2,6,1,1,4,-1,01,1,1,000,040,1,0,1,3,1,12,5,1,9,00,9,0,19,200500035862A01,7,0,2
200500035895,2005-06-01,2005,juin,mercredi,20:15,78,78138,0,0,2,1,3,1,1,4,2,02,1,1,000,038,1,0,1,3,1,7,5,1,2,00,2,0,19,200500035895B01,7,1,1
200500035895,2005-06-01,2005,juin,mercredi,20:15,78,78138,0,0,2,1,3,1,1,4,2,02,1,1,000,038,1,0,1,4,1,7,0,1,2,00,2,0,19,200500035895B01,7,1,1
200500035902,2005-06-12,2005,juin,dimanche,11:25,78,78382,0,0,2,1,7,1,1,3,2,02,1,1,000,058,1,0,1,4,1,50,0,1,2,00,1,1,1,200500035902A01,,,
200500035906,2005-06-20,2005,juin,lundi,11:30,78,78172,0,0,2,1,7,1,1,4,2,02,1,1,000,060,1,0,1,4,1,61,5,1,2,14,0,0,1,200500035906A01,,,
200500035907,2005-06-23,2005,juin,jeudi,90:0,78,78015,0,0,2,6,3,1,1,4,1,01,1,2,000,060,1,5,1,4,1,23,4,1,2,00,2,7,1,200500035907B01,7,0,1
200500035947,2005-06-27,2005,juin,lundi,83:0,78,78299,0,0,2,1,6,1,1,4,1,01,1,1,000,050,1,0,1,3,1,9,2,1,2,00,0,0,1,200500035947B01,7,1,1
200500035956,2005-06-22,2005,juin,mercredi,10:15,78,78642,0,0,2,9,3,1,1,4,1,01,1,2,000,000,1,0,1,4,1,58,5,1,9,00,2,0,1,200500035956B01,7,16,1
200500035960,2005-06-30,2005,juin,jeudi,10:50,78,78672,0,0,2,1,6,1,2,4,2,02,1,1,000,070,2,0,5,3,1,70,5,1,2,00,0,9,0,200500035960A01,,,
200500035989,2005-06-21,2005,juin,mardi,18:47,78,78640,0,0,2,1,3,1,1,3,1,02,1,1,000,069,1,3,1,3,1,56,5,1,9,00,2,4,0,200500035989B01,18,12,1
200500035993,2005-06-02,2005,juin,jeudi,19:30,78,78117,0,0,2,1,3,1,1,4,2,02,2,1,000,040,1,0,1,4,1,18,5,1,2,00,2,5,19,200500035993B01,7,1,1
200500035999,2005-06-12,2005,juin,dimanche,93:0,78,78646,0,0,2,1,6,1,1,4,2,00,1,1,000,000,1,0,1,4,1,45,5,1,9,00,2,1,1,200500035999B01,7,11,1
200500036006,2005-06-26,2005,juin,dimanche,10:00,78,78646,0,0,2,1,3,1,1,4,2,02,1,1,000,160,1,0,1,4,1,30,4,1,9,00,2,8,19,200500036006B01,7,1,1
200500036027,2005-06-08,2005,juin,mercredi,17:00,80,80021,0,0,2,1,2,1,1,4,2,02,1,1,000,080,1,0,1,4,1,33,5,1,9,00,2,1,1,200500036027A01,7,15,1
200500036030,2005-06-09,2005,juin,jeudi,16:15,80,80021,0,0,2,1,3,1,1,4,2,02,1,1,000,600,1,0,1,4,1,58,5,1,9,00,2,1,1,200500036030B01,7,22,1
200500036032,2005-06-13,2005,juin,lundi,17:40,80,80021,0,0,2,1,3,1,1,4,1,01,1,1,000,070,1,0,1,4,1,18,5,1,9,00,2,8,19,200500036032A01,7,1,1
200500036040,2005-06-21,2005,juin,mardi,14:00,80,80021,0,0,2,4,3,1,1,4,2,02,1,1,000,000,1,0,1,4,1,48,1,1,9,00,2,0,1,200500036040B01,7,1,1
200500036046,2005-06-24,2005,juin,vendredi,15:55,80,80021,0,0,2,2,3,1,1,4,2,03,1,1,000,110,1,0,1,4,1,29,5,1,9,00,2,1,1,200500036046A01,7,16,1
200500036112,2005-06-01,2005,juin,mercredi,73:5,83,83137,0,0,2,1,3,1,1,4,2,02,2,1,000,130,1,0,1,3,2,48,1,1,2,00,2,1,1,200500036112B01,7,15,1
200500036114,2005-06-01,2005,juin,mercredi,16:43,83,83137,0,0,2,7,3,1,1,4,2,01,1,1,000,120,1,0,1,3,1,34,1,1,9,00,2,1,1,200500036114B01,7,16,1
200500036135,2005-06-30,2005,juin,jeudi,14:20,83,83137,0,0,2,1,2,1,1,4,2,00,1,1,000,070,1,0,1,3,1,17,5,1,2,00,2,1,2,200500036135A01,7,2,1
200500036149,2005-06-08,2005,juin,mercredi,10:45,84,84007,0,0,2,1,6,1,1,4,1,01,1,1,000,030,1,0,1,1,1,16,5,1,9,00,0,1,1,200500036149A01,,,
200500036169,2005-06-15,2005,juin,mercredi,90:0,84,84035,0,0,2,1,1,1,1,4,2,02,1,-1,000,074,1,0,1,4,2,62,0,1,9,00,2,6,1,200500036169B01,7,1,1
200500036170,2005-06-17,2005,juin,vendredi,12:05,84,84035,0,0,2,1,1,1,1,4,2,02,1,1,000,075,1,0,1,4,2,18,0,1,9,00,2,6,1,200500036170B01,15,1,1
200500036194,2005-06-01,2005,juin,mercredi,15:40,86,86194,0,0,2,2,3,1,1,4,2,02,1,1,000,065,1,0,1,4,2,64,5,1,9,00,2,1,1,200500036194B01,7,9,1
200500036252,2005-06-25,2005,juin,samedi,14:55,87,87085,0,0,2,1,7,1,1,4,-1,20,-1,-1,000,060,1,0,1,3,1,15,5,1,2,00,0,2,1,200500036252A01,,,
200500036254,2005-06-26,2005,juin,dimanche,13:48,87,87085,0,0,2,1,3,1,1,4,2,02,-1,1,000,060,1,0,1,4,1,10,5,1,2,00,2,1,19,200500036254A01,7,1,1
200500036293,2005-06-13,2005,juin,lundi,15:30,90,90010,0,0,2,6,3,1,1,4,1,01,1,2,000,070,-1,5,1,4,1,39,5,1,9,00,2,1,2,200500036293B01,7,16,1
200500036294,2005-06-17,2005,juin,vendredi,18:30,90,90010,0,0,2,1,6,1,1,9,2,02,1,1,000,032,1,0,5,4,1,30,5,1,2,00,1,1,1,200500036294A01,,,
200500036294,2005-06-17,2005,juin,vendredi,18:30,90,90010,0,0,2,1,6,1,1,9,2,02,1,1,000,032,1,0,5,4,1,9,5,0,0,00,1,1,1,200500036294A01,,,
200500036312,2005-06-29,2005,juin,mercredi,15:30,91,91103,0,0,1,2,6,1,1,9,1,01,1,1,000,045,1,0,1,3,1,18,0,1,9,03,2,1,0,200500036312B01,7,1,1
200500036313,2005-06-30,2005,juin,jeudi,13:30,91,91103,0,0,2,1,1,1,1,9,2,02,1,1,000,000,1,0,1,4,1,9,5,1,9,00,2,1,9,200500036313A01,7,1,1
200500036339,2005-06-03,2005,juin,vendredi,11:00,91,91223,0,0,2,1,3,1,1,4,2,02,1,1,000,630,1,0,5,4,2,14,5,1,9,00,2,1,0,200500036339B01,7,1,1
200500036341,2005-06-20,2005,juin,lundi,17:32,91,91223,0,0,2,1,3,1,1,4,1,02,1,2,000,072,1,0,1,4,1,48,5,1,2,00,2,8,13,200500036341B01,7,17,1
200500036350,2005-06-14,2005,juin,mardi,18:30,91,91228,0,0,2,1,3,1,1,9,2,02,1,1,000,070,1,0,1,4,1,26,5,1,2,00,2,8,1,200500036350B01,2,13,1
200500036358,2005-06-07,2005,juin,mardi,15:45,91,91434,0,0,2,1,6,1,1,4,2,02,1,1,000,056,1,0,1,2,1,17,5,1,2,00,2,1,21,200500036358A01,7,13,1
200500036362,2005-06-17,2005,juin,vendredi,19:00,91,91434,0,0,1,1,6,1,1,9,-1,00,-1,1,000,000,1,0,0,1,1,18,0,1,9,00,1,0,5,200500036362A01,,,
200500036367,2005-06-09,2005,juin,jeudi,14:20,91,91421,0,0,2,1,3,1,1,4,2,02,2,1,000,070,1,0,1,4,1,29,5,1,9,00,0,2,1,200500036367B01,7,13,1
200500036384,2005-06-08,2005,juin,mercredi,17:30,91,91064,0,0,2,1,1,1,1,4,2,02,1,4,000,000,1,0,5,4,1,65,5,1,2,00,2,1,1,200500036384B01,2,1,1
200500036389,2005-06-23,2005,juin,jeudi,83:5,91,91645,0,0,2,2,3,1,1,4,3,02,1,1,000,000,1,0,1,4,1,14,5,1,2,00,2,7,19,200500036389A01,7,1,1
200500036395,2005-06-23,2005,juin,jeudi,12:35,91,91471,0,0,2,6,1,1,1,3,1,02,1,4,000,070,1,5,1,4,1,74,5,1,2,00,2,1,1,200500036395B01,7,9,1
200500036396,2005-06-24,2005,juin,vendredi,19:15,91,91692,0,0,2,1,1,1,1,4,1,02,1,1,000,071,1,0,1,4,2,12,5,1,2,00,2,7,19,200500036396B01,7,1,1
200500036426,2005-06-22,2005,juin,mercredi,12:15,92,92004,0,0,2,2,6,1,1,4,2,04,1,1,000,110,1,0,1,4,1,29,0,1,9,00,2,1,21,200500036426A01,7,21,1
200500036428,2005-06-29,2005,juin,mercredi,17:50,92,92004,0,0,2,9,6,1,1,3,-1,00,1,1,000,069,1,0,1,4,1,15,5,1,9,00,2,3,15,200500036428B01,7,9,1
200500036429,2005-06-30,2005,juin,jeudi,17:05,92,92004,0,0,2,3,6,1,1,4,1,00,1,1,000,060,1,0,1,4,1,13,9,1,9,14,0,1,21,200500036429B01,7,23,1
200500036433,2005-06-21,2005,juin,mardi,19:45,92,92007,0,0,2,6,3,1,1,3,2,02,2,1,010,092,1,5,1,4,1,14,5,1,9,00,2,6,1,200500036433B01,7,1,1
200500036444,2005-06-13,2005,juin,lundi,21:35,92,92012,0,0,2,1,6,2,1,3,2,01,1,1,040,120,1,0,1,4,2,53,5,1,9,01,0,1,2,200500036444B01,7,22,1
200500036480,2005-06-24,2005,juin,vendredi,11:30,92,92024,0,0,2,1,2,1,1,3,1,03,1,1,000,105,1,0,1,4,1,25,9,1,9,00,0,4,11,200500036480B01,7,1,1
200500036487,2005-06-15,2005,juin,mercredi,13:45,92,92025,0,0,2,3,6,1,2,3,2,03,1,-1,000,100,2,0,1,4,1,13,2,1,9,00,0,1,9,200500036487B01,7,1,1
200500036513,2005-06-27,2005,juin,lundi,75:5,92,92036,0,0,2,1,3,1,1,3,2,02,1,1,000,070,1,2,1,3,1,26,1,1,9,00,2,1,19,200500036513A01,18,1,1
200500036527,2005-06-14,2005,juin,mardi,12:40,92,92044,0,0,2,7,3,1,1,4,1,00,1,1,000,000,1,0,1,4,1,51,1,1,9,00,2,1,2,200500036527B01,7,2,1
200500036528,2005-06-14,2005,juin,mardi,18:25,92,92044,0,0,2,2,1,1,1,3,1,02,1,1,000,000,1,0,0,4,2,36,1,1,9,00,2,1,0,200500036528B01,7,7,1
200500036540,2005-06-06,2005,juin,lundi,17:20,92,92020,0,0,2,6,3,1,9,3,2,02,2,1,000,000,-1,0,1,3,1,15,1,1,9,00,2,1,2,200500036540A01,7,15,1
200500036540,2005-06-06,2005,juin,lundi,17:20,92,92020,0,0,2,6,3,1,9,3,2,02,2,1,000,000,-1,0,1,3,1,16,0,1,9,00,2,1,2,200500036540A01,7,15,1
200500036546,2005-06-22,2005,juin,mercredi,84:0,92,92049,0,0,2,2,3,1,9,3,2,00,1,1,028,135,-1,0,1,4,1,39,1,1,9,00,2,1,2,200500036546A01,7,15,1
200500036577,2005-06-15,2005,juin,mercredi,19:00,92,92063,0,0,2,1,3,1,1,3,1,00,1,1,000,000,1,0,0,4,1,7,9,1,9,00,2,3,0,200500036577A01,7,2,1
200500036577,2005-06-15,2005,juin,mercredi,19:00,92,92063,0,0,2,1,3,1,1,3,1,00,1,1,000,000,1,0,0,4,1,14,0,1,9,00,2,3,0,200500036577A01,7,2,1
200500036588,2005-06-03,2005,juin,vendredi,91:0,92,92072,0,0,2,1,3,1,1,3,2,00,1,1,000,117,1,0,1,4,1,29,1,1,2,00,2,1,1,200500036588B01,7,11,1
200500036604,2005-06-14,2005,juin,mardi,10:00,92,92073,0,0,2,4,7,1,1,4,1,01,4,-1,000,000,1,5,1,4,1,16,0,1,9,00,0,0,1,200500036604A01,,,
200500036630,2005-06-26,2005,juin,dimanche,19:30,93,93005,0,0,2,3,3,1,1,4,2,02,1,1,000,050,1,0,1,4,1,12,0,1,9,00,2,1,9,200500036630A01,7,2,1
200500036671,2005-06-08,2005,juin,mercredi,11:0,93,93006,0,0,2,1,2,5,1,4,2,02,2,1,000,100,1,0,5,2,2,24,0,1,9,00,2,4,2,200500036671A01,7,18,1
200500036681,2005-06-07,2005,juin,mardi,17:40,93,93046,0,0,2,1,3,1,1,4,2,02,1,1,000,080,1,0,1,4,1,17,0,1,9,00,2,3,19,200500036681B01,7,1,1
200500036705,2005-06-12,2005,juin,dimanche,11:30,93,93049,0,0,2,1,2,1,1,2,1,03,1,1,000,102,1,0,1,4,1,74,5,1,9,00,2,4,13,200500036705B01,7,21,1
200500036709,2005-06-01,2005,juin,mercredi,14:00,93,93051,0,0,2,3,3,1,1,4,-1,02,1,1,000,060,1,0,1,3,1,28,5,1,9,00,2,1,15,200500036709A01,7,21,1
200500036811,2005-06-11,2005,juin,samedi,20:45,93,93073,0,0,2,1,5,1,1,4,-1,02,1,1,000,050,1,0,1,4,1,8,5,1,9,01,0,8,24,200500036811B01,5/ 7,21/24,2
200500036839,2005-06-02,2005,juin,jeudi,80:0,94,94017,0,0,2,1,3,1,1,2,2,04,1,1,010,128,1,0,1,4,2,13,4,1,2,00,0,2,19,200500036839B01,7,1,1
200500036860,2005-06-09,2005,juin,jeudi,16:15,94,94018,0,0,2,1,2,1,1,9,1,04,1,1,000,120,1,2,1,1,1,54,1,1,9,00,2,6,11,200500036860B01,5,1,1
200500036864,2005-06-14,2005,juin,mardi,17:25,94,94053,0,0,2,2,1,1,1,4,2,00,1,1,000,000,1,0,1,4,1,45,0,0,0,00,2,1,2,200500036864B01,7,15,1
200500036884,2005-06-10,2005,juin,vendredi,74:0,94,94028,0,0,2,1,2,1,1,2,3,04,1,1,010,120,1,5,1,4,1,35,1,1,2,00,2,1,2,200500036884A01,7,14,1
200500036889,2005-06-17,2005,juin,vendredi,18:00,94,94028,0,0,2,1,2,1,1,4,2,02,1,1,000,060,1,0,1,4,1,13,5,1,9,00,0,4,11,200500036889B01,7,1,1
200500036890,2005-06-19,2005,juin,dimanche,10:50,94,94028,0,0,2,1,3,1,1,4,2,02,1,1,000,000,1,0,1,4,1,13,5,1,9,00,2,1,2,200500036890B01,7,1,1
200500036938,2005-06-18,2005,juin,samedi,16:40,94,94042,0,0,2,1,3,1,1,4,2,02,1,-1,000,050,1,0,1,4,1,34,5,1,9,00,2,0,1,200500036938B01,7,18,1
200500036948,2005-06-13,2005,juin,lundi,13:53,94,94068,0,0,2,1,3,1,1,3,2,02,1,1,000,068,1,0,1,3,1,12,2,1,2,00,2,6,19,200500036948A01,7,1,1
200500036950,2005-06-19,2005,juin,dimanche,10:55,94,94068,0,0,2,1,6,1,1,4,2,02,1,1,000,059,1,0,1,4,1,5,5,1,2,00,2,8,13,200500036950B01,7,17,1
200500036952,2005-06-22,2005,juin,mercredi,15:00,94,94074,0,0,2,2,6,1,1,3,2,00,1,1,000,000,1,5,1,4,1,15,5,1,2,00,2,2,15,200500036952A01,10,2,1