Num_Acc,date,an,mois,jour,hrmn,dep,com,lat,long,agg,int,col,lum,atm,catr,circ,nbv,prof,plan,lartpc,larrout,surf,infra,situ,grav,sexe,age,trajet,secuexist,equipement,obs,obsm,choc,manv,vehiculeid,typevehicules,manoeuvehicules,numVehicules
200500036968,2005-06-11,2005,juin,samedi,30:,94,94081,0,0,2,2,3,5,1,3,3,05,1,3,000,000,1,5,1,4,1,23,9,1,2,00,2,1,0,200500036968A01,7,0,1
200500036969,2005-06-13,2005,juin,lundi,80:5,94,94081,0,0,2,3,6,1,1,3,2,02,3,1,000,033,1,0,1,4,1,42,1,1,2,00,2,1,1,200500036969B01,7,15,1
200500036978,2005-06-02,2005,juin,jeudi,11:34,95,95582,0,0,2,1,6,1,1,4,1,01,1,1,000,035,1,0,5,4,2,55,3,1,4,11,0,8,1,200500036978A01,,,
200500036980,2005-06-05,2005,juin,dimanche,13:05,95,95018,0,0,1,1,6,1,1,4,2,02,1,1,000,068,1,0,1,4,1,23,5,1,4,01,0,1,1,200500036980A01,,,
200500037001,2005-06-30,2005,juin,jeudi,74:0,95,95018,0,0,2,6,3,1,1,4,2,02,1,3,000,080,1,5,1,3,1,78,5,1,9,00,2,4,1,200500037001B01,7,1,1
200500037035,2005-06-18,2005,juin,samedi,15:50,95,95219,0,0,2,6,2,1,1,4,2,02,1,1,000,000,1,5,1,4,2,40,5,1,2,00,2,1,1,200500037035B01,7,4,1
200500037046,2005-06-26,2005,juin,dimanche,21:25,95,95280,0,0,2,1,6,1,1,4,2,02,1,1,000,053,1,0,1,3,1,7,5,1,9,00,2,1,1,200500037046B01,7,1,1
200500037051,2005-06-19,2005,juin,dimanche,12:55,95,95306,0,0,2,3,6,1,1,4,2,01,1,1,000,062,1,0,1,4,1,16,5,1,9,00,0,8,2,200500037051B01,10,2,1
200500037055,2005-06-29,2005,juin,mercredi,16:45,95,95306,0,0,2,1,2,1,1,3,3,06,1,1,010,220,2,2,1,4,1,61,5,1,2,00,0,4,1,200500037055A01,7,2,1
200500037074,2005-06-15,2005,juin,mercredi,18:21,2A,2A004,0,0,2,6,2,1,1,2,3,04,1,2,065,216,1,0,1,3,1,47,5,1,2,00,0,4,1,200500037074B01,7,2,1
200500037414,2005-06-08,2005,juin,mercredi,85:0,69,69386,0,0,2,1,3,1,1,4,2,06,1,1,000,000,1,0,1,4,1,38,4,1,9,00,2,8,1,200500037414A01,7,1,1
200500037416,2005-06-09,2005,juin,jeudi,17:30,69,69383,0,0,2,1,3,1,1,4,1,01,1,1,000,000,1,0,1,4,1,12,5,1,9,00,2,1,1,200500037416A01,7,1,1
200500037419,2005-06-13,2005,juin,lundi,11:40,69,69386,0,0,2,2,3,1,1,4,1,03,1,1,000,000,1,0,1,4,2,27,5,1,9,00,2,7,5,200500037419A01,7,1,1
200500037434,2005-06-28,2005,juin,mardi,83:0,69,69383,0,0,2,1,1,1,1,4,2,03,1,1,000,000,1,0,1,1,1,33,4,1,9,00,2,1,9,200500037434A01,7,1,1
200500037434,2005-06-28,2005,juin,mardi,83:0,69,69383,0,0,2,1,1,1,1,4,2,03,1,1,000,000,1,0,1,3,1,5,0,1,2,00,2,1,9,200500037434A01,7,1,1
200500037461,2005-06-25,2005,juin,samedi,42:0,69,69385,0,0,2,2,3,2,1,3,1,02,2,2,000,000,1,0,1,3,1,16,1,1,4,00,2,0,1,200500037461B01,7,15,1
200500037475,2005-06-08,2005,juin,mercredi,83:0,69,69387,0,0,2,1,3,1,1,4,2,04,1,1,000,150,1,0,4,4,1,13,2,1,9,00,2,1,1,200500037475B01,7,1,1
200500037581,2005-06-16,2005,juin,jeudi,15:15,59,59011,50.535,2.939,2,1,3,1,1,3,2,02,1,1,000,062,1,0,1,2,1,50,5,0,0,00,2,0,1,200500037581B02,14,17,1
200500037590,2005-06-21,2005,juin,mardi,19:00,59,59553,0,0,2,1,1,1,1,3,2,00,-1,1,000,073,1,6,1,4,2,42,5,0,0,00,2,1,19,200500037590B02,7,1,1
200500037593,2005-06-06,2005,juin,lundi,18:00,59,59266,0,0,2,1,1,1,1,3,2,00,-1,2,000,000,1,0,1,4,1,13,5,0,0,00,0,2,9,200500037593B02,7,1,1
200500037594,2005-06-10,2005,juin,vendredi,15:15,59,59266,0,0,2,1,1,1,1,3,2,02,1,1,000,060,1,0,1,4,1,12,2,1,4,00,2,1,19,200500037594A01,7,1,1
200500037602,2005-06-17,2005,juin,vendredi,16:30,59,59338,50.87,2.42,1,1,5,1,1,3,2,00,1,1,000,068,1,0,1,4,1,65,5,0,0,00,2,1,23,200500037602C03,7,19/1,2
200500037602,2005-06-17,2005,juin,vendredi,16:30,59,59338,50.87,2.42,1,1,5,1,1,3,2,00,1,1,000,068,1,0,1,4,2,64,5,0,0,00,2,1,23,200500037602D04,7,19/1,2
200500037619,2005-06-26,2005,juin,dimanche,91:5,59,59222,0,0,1,1,1,1,1,3,2,02,1,3,000,074,1,0,5,2,1,34,5,1,2,00,2,1,0,200500037619B02,7,19,1
200500037657,2005-06-02,2005,juin,jeudi,19:15,80,80024,0,0,1,1,1,1,1,3,2,00,1,1,000,057,1,0,1,3,1,18,5,0,0,00,2,4,13,200500037657A01,7,17,1
200500037688,2005-06-01,2005,juin,mercredi,15:30,80,80238,49.984,2.623,2,1,1,1,1,3,2,02,1,1,000,067,1,5,1,4,2,83,9,1,2,00,0,6,19,200500037688B02,7,1,1
200500037732,2005-06-27,2005,juin,lundi,16:45,60,60143,0,0,2,1,3,1,1,3,2,00,1,1,070,000,1,0,1,4,1,3,5,0,0,00,2,0,0,200500037732A01,18,0,1
200500037747,2005-06-02,2005,juin,jeudi,20:30,60,60368,0,0,2,1,3,1,1,2,2,04,1,1,012,146,1,5,1,3,2,12,5,0,0,00,2,7,19,200500037747A01,7,1,1
200500037766,2005-06-14,2005,juin,mardi,18:00,60,60346,49.158,2.448,2,1,3,1,1,4,2,02,1,1,000,032,1,0,1,4,1,12,5,0,0,00,2,3,9,200500037766B02,7,1,1
200500037790,2005-06-11,2005,juin,samedi,14:45,76,76436,49.45,0.85,1,1,2,1,1,3,2,02,1,1,000,091,1,0,1,4,1,38,5,0,0,01,0,1,2,200500037790B02,7,1,1
200500037794,2005-06-12,2005,juin,dimanche,11:45,76,76750,49.463,0.831,1,4,3,1,1,3,2,02,1,1,015,075,1,5,1,3,1,77,5,1,2,00,2,4,15,200500037794B02,7,19,1
200500037798,2005-06-30,2005,juin,jeudi,10:00,76,76741,49.662,0.245,1,6,3,1,2,3,2,02,1,1,000,056,2,5,1,3,2,22,1,0,0,00,2,7,9,200500037798B02,7,9,1
200500037800,2005-06-11,2005,juin,samedi,17:00,76,76477,0,0,1,1,5,1,1,4,2,00,1,4,000,057,1,1,1,2,1,68,5,0,0,00,2,1,1,200500037800C03,21/ 99,1,2
200500037812,2005-06-24,2005,juin,vendredi,11:30,76,76057,49.55,0.96,2,1,1,1,1,3,2,02,2,1,000,073,1,0,1,3,1,23,5,1,2,00,2,1,1,200500037812B02,7,15,1
200500037818,2005-06-01,2005,juin,mercredi,16:30,27,27118,0,0,2,1,2,1,1,3,2,02,1,1,000,058,1,0,1,3,2,14,5,0,0,00,2,8,13,200500037818A01,7,1,1
200500037825,2005-06-29,2005,juin,mercredi,19:30,27,27423,48.786,1.313,1,2,3,1,1,3,2,02,1,1,000,043,1,0,1,4,1,22,9,0,0,00,2,0,16,200500037825B02,7,1,1
200500037846,2005-06-13,2005,juin,lundi,17:15,27,27022,0,0,1,1,3,1,1,4,2,00,1,1,000,059,1,0,1,4,1,13,5,0,0,00,2,3,19,200500037846A01,7,1,1
200500037856,2005-06-24,2005,juin,vendredi,16:45,27,27485,0,0,2,1,3,1,2,3,2,00,1,1,000,070,2,0,1,3,1,15,5,0,0,00,0,8,1,200500037856A01,7,1,1
200500037857,2005-06-29,2005,juin,mercredi,20:30,27,27065,0,0,2,1,1,1,1,3,2,02,1,1,000,070,1,0,1,4,1,13,5,0,0,00,2,8,15,200500037857B02,5,1,1
200500037877,2005-06-07,2005,juin,mardi,18:15,35,35122,48.613,-1.9,1,3,3,1,1,3,2,00,1,2,000,208,1,5,1,3,1,14,5,0,0,00,2,1,16,200500037877B02,7,0,1
200500037883,2005-06-20,2005,juin,lundi,10:15,35,35246,48.539,-1.807,1,1,1,1,1,3,2,00,1,1,000,070,1,0,1,3,1,41,5,0,0,00,2,1,1,200500037883B02,7,19,1
200500037896,2005-06-18,2005,juin,samedi,10:30,22,22237,48.53,-2.259,1,1,1,1,1,3,2,00,1,1,060,000,1,0,1,3,1,57,5,1,2,00,2,1,1,200500037896B02,3,13,1
200500037917,2005-06-03,2005,juin,vendredi,18:45,29,29030,48.642,-4.131,1,1,1,1,1,4,2,01,1,1,000,050,1,0,1,3,1,11,5,0,0,00,2,1,15,200500037917B02,7,1,1
200500037953,2005-06-20,2005,juin,lundi,13:45,14,14092,49.126,-0.296,2,6,3,1,1,3,2,00,-1,-1,000,000,1,5,1,3,1,72,0,0,0,00,2,1,1,200500037953B02,7,1,1
200500037962,2005-06-07,2005,juin,mardi,15:30,14,14047,0,0,2,1,3,1,1,3,2,02,1,1,000,075,1,5,1,4,1,59,0,0,0,00,2,1,1,200500037962B02,7,15,1
200500037967,2005-06-29,2005,juin,mercredi,14:15,14,14386,0,0,1,2,3,1,1,3,2,02,1,1,035,076,1,5,1,3,1,7,5,1,2,00,0,8,1,200500037967A01,7,1,1
200500038014,2005-06-26,2005,juin,dimanche,11:30,61,61507,0,0,1,1,5,1,3,2,2,02,1,1,000,080,2,0,1,4,2,47,5,0,0,00,2,4,1,200500038014B02,7,1,1
200500038014,2005-06-26,2005,juin,dimanche,11:30,61,61507,0,0,1,1,5,1,3,2,2,02,1,1,000,080,2,0,1,4,1,53,5,0,0,00,2,4,1,200500038014C03,7,1,1
200500038039,2005-06-01,2005,juin,mercredi,20:15,44,44138,47.533,-1.636,1,1,3,1,1,4,2,00,1,1,000,042,1,2,1,3,1,38,5,0,0,00,2,1,15,200500038039B02,9,1,1
200500038053,2005-06-13,2005,juin,lundi,23:45,44,44010,0,0,1,1,1,3,1,4,2,02,1,1,000,045,1,0,1,2,2,73,5,0,0,00,2,1,1,200500038053B02,7,1,1
200500038060,2005-06-07,2005,juin,mardi,83:0,44,44217,0,0,1,1,3,1,1,3,2,00,1,1,000,097,1,0,1,3,1,66,0,1,2,00,2,7,15,200500038060A01,7,1,1
200500038062,2005-06-21,2005,juin,mardi,19:00,44,44194,0,0,2,3,3,1,1,3,2,00,-1,1,000,075,1,0,1,3,1,50,5,0,0,00,2,1,1,200500038062B02,7,15,1
200500038076,2005-06-12,2005,juin,dimanche,12:45,49,49244,47.36,-0.857,2,1,1,1,1,3,2,02,-1,1,000,056,1,0,1,3,1,15,0,0,0,00,2,0,1,200500038076B02,7,1,1
200500038079,2005-06-04,2005,juin,samedi,19:00,49,49092,47.224,-0.727,2,1,2,1,1,2,2,02,-1,1,000,056,1,0,1,1,2,14,9,0,0,00,0,4,13,200500038079B02,5,17,1
200500038093,2005-06-11,2005,juin,samedi,18:30,49,49336,47.038,-0.61,2,1,6,1,1,5,-1,00,1,1,000,000,1,6,0,4,2,7,0,0,0,00,1,1,1,200500038093A01,,,
200500038093,2005-06-11,2005,juin,samedi,18:30,49,49336,47.038,-0.61,2,1,6,1,1,5,-1,00,1,1,000,000,1,6,0,3,2,73,5,0,0,00,1,1,1,200500038093A01,,,
200500038105,2005-06-08,2005,juin,mercredi,11:45,53,53065,48.151,-0.415,1,1,5,1,1,3,2,00,-1,1,000,072,1,0,1,3,2,19,5,0,0,00,2,1,1,200500038105C03,7,1/15,2
200500038128,2005-06-24,2005,juin,vendredi,18:15,72,72289,0,0,2,1,1,1,1,4,2,02,-1,1,000,081,1,0,1,3,1,16,1,0,0,00,2,1,15,200500038128B02,7,1,1
200500038159,2005-06-23,2005,juin,jeudi,16:30,85,85276,46.742,-1.083,2,1,3,1,1,2,2,02,1,1,022,077,1,0,1,3,1,9,9,0,0,00,2,8,19,200500038159B02,14,1,1
200500038168,2005-06-04,2005,juin,samedi,17:00,85,85078,46.31,-0.73,2,7,7,1,1,9,-1,00,-1,-1,000,000,1,0,0,3,1,14,5,0,0,14,0,1,1,200500038168A01,,,
200500038170,2005-06-10,2005,juin,vendredi,17:15,85,85031,46.773,-0.93,1,2,2,1,1,3,2,02,2,4,000,072,1,0,1,2,2,20,5,0,0,00,2,5,15,200500038170B02,5,1,1
200500038172,2005-06-01,2005,juin,mercredi,80:0,85,85163,0,0,2,1,3,1,1,4,-1,00,1,1,000,052,1,0,1,3,1,14,2,0,0,00,2,8,2,200500038172B02,2,2,1
200500038193,2005-06-16,2005,juin,jeudi,18:15,33,33327,44.655,-0.358,2,1,1,1,1,9,2,02,1,-1,000,040,1,0,1,3,1,13,5,0,0,00,2,1,15,200500038193B02,7,1,1
200500038199,2005-06-18,2005,juin,samedi,10:30,33,33289,44.649,0.084,1,1,1,1,1,3,2,00,-1,1,000,055,1,0,1,4,1,70,5,1,2,00,0,4,1,200500038199A01,7,17,1
200500038220,2005-06-27,2005,juin,lundi,23:30,33,33437,44.847,-0.082,1,1,7,3,1,3,2,00,-1,4,000,060,1,0,1,3,1,48,5,1,2,00,0,0,1,200500038220A01,,,
200500038221,2005-06-28,2005,juin,mardi,10:15,33,33108,0,0,1,1,6,1,1,4,2,00,1,3,000,040,2,0,1,3,1,48,9,0,0,00,0,0,1,200500038221A01,,,
200500038279,2005-06-20,2005,juin,lundi,11:15,47,47015,0,0,1,1,1,1,1,3,2,02,1,1,000,091,1,0,1,4,2,65,3,1,4,00,2,1,1,200500038279B02,7,15,1
200500038280,2005-06-23,2005,juin,jeudi,11:15,47,47238,0,0,1,1,6,1,1,3,2,02,2,1,000,091,1,0,1,4,1,72,5,0,0,00,1,1,1,200500038280A01,,,
200500038347,2005-06-04,2005,juin,samedi,10:45,16,16368,0,0,1,1,2,1,1,3,2,02,1,3,000,040,1,0,1,3,1,50,5,1,2,00,0,4,2,200500038347B02,9,2,1
200500038350,2005-06-05,2005,juin,dimanche,11:30,17,17396,46.207,-0.872,1,1,3,1,1,3,2,02,1,1,000,061,1,0,1,3,1,40,5,0,0,00,0,8,1,200500038350A01,7,17,1
200500038381,2005-06-16,2005,juin,jeudi,21:00,79,79013,46.989,-0.449,2,1,6,2,1,3,2,02,2,1,000,077,1,0,1,3,1,13,5,0,0,00,0,0,0,200500038381A01,7,1,1
200500038405,2005-06-17,2005,juin,vendredi,17:00,19,19073,0,0,1,1,3,1,1,2,2,03,2,1,000,000,1,5,1,4,1,16,5,1,2,00,2,5,19,200500038405A01,7,1,1
200500038409,2005-06-02,2005,juin,jeudi,16:45,19,19202,45.227,1.586,1,2,2,1,1,3,2,02,-1,1,000,073,1,0,1,3,1,48,5,0,0,00,2,4,1,200500038409A01,7,1,1
200500038434,2005-06-29,2005,juin,mercredi,10:15,31,31433,43.537,1.402,2,1,3,1,1,4,2,02,1,1,000,070,1,0,1,4,1,15,5,0,0,00,2,2,15,200500038434A01,7,1,1
200500038456,2005-06-21,2005,juin,mardi,16:00,31,31582,43.401,1.706,1,1,3,1,1,3,3,00,1,1,000,350,1,5,1,4,1,66,5,1,2,00,2,1,1,200500038456B02,7,15,1
200500038473,2005-06-29,2005,juin,mercredi,71:5,09,09040,0,0,2,1,1,1,1,3,2,02,2,2,052,052,1,0,1,3,1,76,5,1,2,00,2,1,1,200500038473A01,7,15,1
200500038477,2005-06-25,2005,juin,samedi,10:45,09,09181,0,0,1,1,7,1,1,3,2,01,2,3,000,060,1,1,1,3,1,81,5,0,0,12,0,7,1,200500038477A01,,,
200500038478,2005-06-10,2005,juin,vendredi,13:00,09,09161,43.004,1.947,1,1,1,1,1,4,2,00,2,2,000,040,1,0,1,3,1,59,5,1,2,00,2,1,13,200500038478A01,7,1,1
200500038490,2005-06-21,2005,juin,mardi,10:45,12,12082,0,0,1,1,1,1,1,4,2,02,1,1,000,030,1,5,1,3,1,49,5,0,0,00,2,1,19,200500038490A01,7,1,1
200500038500,2005-06-23,2005,juin,jeudi,94:5,12,12021,44.339,2.105,1,1,3,1,1,3,2,02,1,1,000,070,1,0,1,3,1,72,5,0,0,00,2,8,15,200500038500A01,7,17,1
200500038521,2005-06-02,2005,juin,jeudi,19:45,32,32132,43.85,0.65,2,1,1,1,1,4,2,01,1,1,000,055,1,0,1,4,1,17,5,0,0,00,2,1,19,200500038521A01,7,1,1
200500038546,2005-06-16,2005,juin,jeudi,10:30,65,65256,0,0,1,1,6,1,1,3,2,02,2,4,000,033,1,0,3,2,2,58,5,1,2,02,0,1,1,200500038546A01,,,
200500038562,2005-06-28,2005,juin,mardi,14:00,69,69205,0,0,2,1,1,1,7,4,2,02,2,1,000,000,1,0,1,2,1,17,5,0,0,00,2,7,15,200500038562B02,7,1,1
200500038643,2005-06-16,2005,juin,jeudi,18:00,01,01320,0,0,2,7,1,2,7,3,2,00,-1,1,000,040,1,0,1,4,1,41,5,1,2,00,2,1,1,200500038643B02,7,15,1
200500038671,2005-06-28,2005,juin,mardi,10:45,01,01354,0,0,1,1,3,1,1,3,2,02,1,1,000,065,1,0,1,4,1,58,5,1,2,00,2,3,11,200500038671B02,7,11,1
200500038683,2005-06-16,2005,juin,jeudi,20:15,01,01351,0,0,1,1,7,1,1,4,2,00,4,4,000,000,1,0,1,4,1,20,5,0,0,00,0,0,0,200500038683A01,,,
200500038687,2005-06-04,2005,juin,samedi,91:5,07,07346,0,0,1,1,6,1,1,3,2,01,2,2,000,065,1,0,1,3,1,43,5,1,2,00,0,1,2,200500038687A01,,,
200500038687,2005-06-04,2005,juin,samedi,91:5,07,07346,0,0,1,1,6,1,1,3,2,01,2,2,000,065,1,0,1,4,1,37,0,1,2,00,0,1,2,200500038687A01,,,
200500038688,2005-06-04,2005,juin,samedi,23:30,07,07346,44.477,4.688,1,1,1,3,1,2,2,01,1,1,000,060,1,0,1,4,1,49,5,1,2,00,0,4,2,200500038688B02,7,2,1
200500038704,2005-06-01,2005,juin,mercredi,17:00,07,07086,0,0,2,1,1,1,1,3,2,00,2,1,000,060,1,0,1,3,2,8,5,0,0,00,0,8,19,200500038704B02,7,1,1
200500038728,2005-06-30,2005,juin,jeudi,19:30,26,26139,0,0,2,1,1,1,1,4,2,00,2,-1,000,000,1,0,1,3,1,9,9,0,0,00,2,1,19,200500038728B02,7,1,1
200500038743,2005-06-13,2005,juin,lundi,15:00,38,38518,44.903,5.903,2,1,6,1,1,3,2,00,1,1,000,054,1,0,1,2,1,47,5,0,0,00,2,1,1,200500038743B02,7,0,1
200500038755,2005-06-05,2005,juin,dimanche,18:15,38,38218,45.343,5.183,2,3,1,1,1,3,2,02,1,1,000,060,1,0,1,3,1,9,5,1,2,00,2,7,15,200500038755B02,7,1,1
200500038756,2005-06-02,2005,juin,jeudi,19:00,38,38523,45.224,5.347,1,1,1,1,1,3,2,02,1,1,000,065,1,0,1,4,1,14,5,1,2,00,2,8,13,200500038756B02,7,1,1
200500038765,2005-06-12,2005,juin,dimanche,19:15,38,38012,45.592,5.611,2,1,1,1,1,3,2,02,1,1,000,060,1,0,1,4,1,12,5,0,0,00,2,7,19,200500038765B02,7,1,1
200500038785,2005-06-05,2005,juin,dimanche,12:30,38,38097,45.77,5.197,1,6,1,1,1,3,2,00,1,4,000,070,1,0,5,4,1,51,5,0,0,00,2,1,1,200500038785B02,7,2,1
200500038793,2005-06-22,2005,juin,mercredi,18:45,42,42087,45.607,4.062,1,1,6,1,1,3,2,02,2,1,000,070,1,6,1,3,1,38,5,0,0,00,2,1,1,200500038793A01,7,15,1
200500038794,2005-06-28,2005,juin,mardi,90:0,42,42290,0,0,1,1,1,1,1,3,2,02,-1,1,000,060,1,0,1,3,1,69,5,0,0,00,0,4,1,200500038794B02,7,1,1
200500038794,2005-06-28,2005,juin,mardi,90:0,42,42290,0,0,1,1,1,1,1,3,2,02,-1,1,000,060,1,0,1,1,1,14,0,0,0,00,0,4,1,200500038794B02,7,1,1
200500038794,2005-06-28,2005,juin,mardi,90:0,42,42290,0,0,1,1,1,1,1,3,2,02,-1,1,000,060,1,0,1,4,1,64,0,0,0,00,0,4,1,200500038794B02,7,1,1
200500038800,2005-06-01,2005,juin,mercredi,17:15,42,42043,0,0,2,1,6,1,1,3,2,02,2,3,000,000,1,0,1,4,2,29,5,0,0,00,2,4,13,200500038800B02,7,0,1
200500038802,2005-06-17,2005,juin,vendredi,17:00,42,42222,0,0,1,1,1,1,1,3,2,02,1,1,000,000,1,0,1,4,1,52,5,0,0,00,2,4,2,200500038802B02,7,2,1
200500038803,2005-06-24,2005,juin,vendredi,12:10,42,42059,0,0,2,2,3,1,1,3,2,02,1,1,000,000,1,5,1,4,1,17,1,1,9,00,2,1,1,200500038803A01,7,1,1
200500038805,2005-06-15,2005,juin,mercredi,84:5,42,42064,45.463,4.688,1,1,1,1,1,3,2,01,2,3,000,060,1,0,1,3,1,24,5,1,2,00,2,8,13,200500038805A01,7,1,1
200500038816,2005-06-28,2005,juin,mardi,91:5,73,73004,45.597,6.059,1,1,2,1,1,3,2,00,2,1,000,049,1,0,1,4,1,65,5,1,2,00,0,4,0,200500038816B02,7,21,1
200500038835,2005-06-21,2005,juin,mardi,22:10,74,74267,0,0,2,1,3,5,1,2,2,00,-1,1,075,070,1,0,1,4,2,21,5,0,0,00,2,8,15,200500038835B02,5,17,1
200500038849,2005-06-21,2005,juin,mardi,19:00,74,74229,0,0,2,1,1,1,1,4,-1,00,2,1,000,057,1,0,1,3,1,13,4,0,0,00,2,1,19,200500038849B02,7,1,1
200500038866,2005-06-22,2005,juin,mercredi,17:30,74,74150,46.3,6.317,1,1,1,1,1,3,2,00,2,1,000,000,1,0,1,4,1,44,0,0,0,00,2,0,1,200500038866B02,7,15,1
200500038878,2005-06-04,2005,juin,samedi,16:00,63,63273,0,0,1,1,1,1,1,3,2,00,-1,1,000,043,-1,0,0,4,1,30,0,1,2,00,2,7,15,200500038878B02,7,16,1
200500038882,2005-06-29,2005,juin,mercredi,10:45,63,63200,0,0,1,2,3,1,2,3,2,02,1,1,000,073,2,0,1,3,1,55,5,1,2,00,2,1,1,200500038882B02,13,19,1
200500038906,2005-06-28,2005,juin,mardi,16:15,63,63195,45.859,3.393,1,2,1,1,1,3,2,00,1,1,000,058,1,0,1,4,1,32,0,0,0,00,2,1,1,200500038906A01,7,19,1
200500038965,2005-06-20,2005,juin,lundi,19:30,57,57352,0,0,2,1,1,1,1,3,2,02,2,-1,000,000,1,0,1,4,1,32,5,1,9,00,2,1,1,200500038965B02,7,15,1
200500038968,2005-06-26,2005,juin,dimanche,10:45,57,57211,49.184,6.071,1,1,3,1,1,3,2,02,-1,1,000,060,1,0,1,3,1,57,5,1,2,00,2,1,1,200500038968B02,7,15,1
200500038978,2005-06-26,2005,juin,dimanche,12:30,57,57460,49.254,6.669,1,1,3,1,1,3,-1,02,1,1,000,070,1,0,1,4,2,60,5,0,0,00,2,8,1,200500038978B02,7,17,1
200500038992,2005-06-16,2005,juin,jeudi,17:15,57,57370,0,0,1,1,3,1,1,2,2,00,1,1,000,125,1,0,1,3,1,37,5,1,2,00,2,1,1,200500038992B02,7,11,1
200500038994,2005-06-21,2005,juin,mardi,16:45,57,57426,0,0,1,1,1,1,1,3,2,00,-1,2,000,056,1,0,1,3,1,14,5,0,0,00,2,1,13,200500038994A01,7,1,1
200500039006,2005-06-14,2005,juin,mardi,22:00,54,54430,0,0,2,1,1,5,1,2,2,00,-1,1,060,000,1,0,1,3,1,21,5,0,0,00,2,1,13,200500039006B02,8,1,1
200500039060,2005-06-27,2005,juin,lundi,18:15,88,88355,48.35,6.344,2,1,3,1,1,9,2,02,-1,-1,000,070,1,5,1,4,1,12,5,0,0,00,0,1,1,200500039060B02,7,1,1
200500039065,2005-06-28,2005,juin,mardi,90:0,88,88389,0,0,2,1,1,1,1,3,2,02,1,3,000,000,1,0,1,4,1,59,5,0,0,00,2,1,13,200500039065B02,7,1,1
200500039065,2005-06-28,2005,juin,mardi,90:0,88,88389,0,0,2,1,1,1,1,3,2,02,1,3,000,000,1,0,1,3,2,58,0,0,0,00,2,1,13,200500039065B02,7,1,1
200500039102,2005-06-16,2005,juin,jeudi,10:30,67,67302,48.762,7.395,2,1,3,1,1,4,2,00,1,4,000,060,1,0,1,3,2,69,3,0,0,00,0,1,1,200500039102B02,7,1,1
200500039124,2005-06-06,2005,juin,lundi,74:0,67,67281,0,0,1,1,3,1,1,3,2,02,1,1,000,064,1,0,1,4,1,41,1,1,2,00,2,1,2,200500039124B02,20,1,1
200500039126,2005-06-12,2005,juin,dimanche,14:30,67,67351,0,0,1,1,1,1,1,3,2,02,1,1,000,065,1,0,1,2,1,68,0,1,2,00,2,8,13,200500039126B02,7,17,1
200500039131,2005-06-08,2005,juin,mercredi,13:30,67,67353,49.047,7.714,1,1,1,1,1,3,2,02,2,3,000,053,1,0,1,4,1,55,5,0,0,00,2,1,13,200500039131A01,1,1,1
200500039131,2005-06-08,2005,juin,mercredi,13:30,67,67353,49.047,7.714,1,1,1,1,1,3,2,02,2,3,000,053,1,0,1,4,1,17,0,0,0,00,2,1,1,200500039131B02,1,13,1
200500039139,2005-06-19,2005,juin,dimanche,10:30,68,68296,48.23,7.388,1,2,1,1,1,3,2,02,1,1,000,000,1,0,1,2,1,59,5,1,9,00,2,7,19,200500039139A01,7,1,1
200500039142,2005-06-08,2005,juin,mercredi,14:45,68,68315,47.902,7.222,2,1,1,1,1,3,-1,02,1,1,000,100,1,0,5,4,1,17,5,0,0,00,2,8,5,200500039142B02,7,16,1
200500039145,2005-06-18,2005,juin,samedi,16:00,68,68154,0,0,2,1,1,1,1,4,2,02,1,1,000,050,1,0,1,3,2,84,3,0,0,00,0,2,0,200500039145B02,7,15,1
200500039202,2005-06-13,2005,juin,lundi,80:0,52,52524,0,0,1,1,3,1,1,2,2,02,-1,1,000,073,1,5,1,3,1,57,5,1,2,00,2,1,15,200500039202A01,7,1,1
200500039202,2005-06-13,2005,juin,lundi,80:0,52,52524,0,0,1,1,3,1,1,2,2,02,-1,1,000,073,1,5,1,3,1,56,0,1,2,00,2,1,15,200500039202A01,7,1,1
200500039218,2005-06-10,2005,juin,vendredi,22:00,52,52250,48.447,5.139,2,1,2,2,1,3,2,02,2,1,000,070,1,0,1,3,1,18,5,0,0,00,0,4,13,200500039218B02,7,17,1
200500039227,2005-06-22,2005,juin,mercredi,83:0,21,21038,47.198,5.395,2,1,3,1,1,3,2,00,1,1,000,075,1,5,1,3,2,30,1,0,0,00,2,3,1,200500039227B02,7,15,1
200500039231,2005-06-23,2005,juin,jeudi,17:30,21,21532,47.24,5.171,1,1,2,1,1,3,2,02,1,1,000,000,1,0,1,4,1,40,1,0,0,00,2,8,1,200500039231B02,7,1,1
200500039260,2005-06-25,2005,juin,samedi,12:00,58,58141,47.116,3.995,1,1,1,1,1,3,2,02,2,2,000,063,1,0,1,3,1,42,5,1,2,00,2,6,1,200500039260B02,7,13,1
200500039267,2005-06-02,2005,juin,jeudi,21:30,71,71090,46.229,4.787,2,1,2,2,1,4,2,02,1,2,000,000,1,0,1,3,1,16,5,0,0,00,2,4,1,200500039267B02,7,15,1
200500039292,2005-06-08,2005,juin,mercredi,16:15,71,71480,46.923,4.607,1,1,5,1,1,3,2,02,-1,1,000,000,1,0,0,4,1,55,5,1,2,00,0,4,2,200500039292B02,7,2,1
200500039292,2005-06-08,2005,juin,mercredi,16:15,71,71480,46.923,4.607,1,1,5,1,1,3,2,02,-1,1,000,000,1,0,0,4,1,55,5,1,9,00,0,4,2,200500039292C03,7,2,1
200500039292,2005-06-08,2005,juin,mercredi,16:15,71,71480,46.923,4.607,1,1,5,1,1,3,2,02,-1,1,000,000,1,0,0,4,1,61,5,1,9,00,0,4,2,200500039292D04,7,2,1
200500039292,2005-06-08,2005,juin,mercredi,16:15,71,71480,46.923,4.607,1,1,5,1,1,3,2,02,-1,1,000,000,1,0,0,4,1,55,5,1,9,00,0,4,2,200500039292E05,7,2,1
200500039297,2005-06-16,2005,juin,jeudi,19:00,71,71064,0,0,2,1,7,1,1,3,2,00,-1,-1,000,050,-1,0,0,3,2,15,5,0,0,00,0,0,0,200500039297A01,,,