Num_Acc,date,an,mois,jour,hrmn,dep,com,lat,long,agg,int,col,lum,atm,catr,circ,nbv,prof,plan,lartpc,larrout,surf,infra,situ,grav,sexe,age,trajet,secuexist,equipement,obs,obsm,choc,manv,vehiculeid,typevehicules,manoeuvehicules,numVehicules
200500039301,2005-06-22,2005,juin,mercredi,11:45,89,89083,0,0,2,1,6,1,1,3,2,02,-1,1,000,065,1,0,1,3,1,75,5,0,0,00,1,1,1,200500039301A01,,,
200500039304,2005-06-02,2005,juin,jeudi,13:45,89,89081,47.831,3.787,1,1,2,1,1,3,2,02,1,1,000,000,1,0,1,4,1,66,5,1,2,00,2,4,2,200500039304B02,7,2,1
200500039314,2005-06-11,2005,juin,samedi,19:15,89,89399,48.255,3.325,2,1,1,1,1,4,1,00,1,-1,000,035,1,0,1,3,1,10,5,0,0,00,2,1,19,200500039314A01,7,0,1
200500039349,2005-06-27,2005,juin,lundi,13:30,25,25453,47.221,6.542,2,1,2,1,1,4,2,02,1,-1,060,000,1,0,1,4,1,17,1,0,0,00,2,1,1,200500039349B02,7,4,1
200500039381,2005-06-16,2005,juin,jeudi,18:30,90,90065,0,0,1,1,1,1,1,3,2,00,2,2,000,074,1,0,1,4,1,40,5,0,0,00,2,1,1,200500039381B02,5,1,1
200500039391,2005-06-01,2005,juin,mercredi,19:30,13,13019,43.445,5.362,1,1,1,1,1,3,2,01,1,1,000,050,1,0,1,3,1,57,5,0,0,00,2,1,1,200500039391B02,7,16,1
200500039402,2005-06-24,2005,juin,vendredi,16:15,13,13027,43.896,4.832,1,1,3,1,1,3,2,02,1,1,000,000,1,0,1,4,1,15,5,1,4,00,2,8,13,200500039402A01,15,17,1
200500039410,2005-06-17,2005,juin,vendredi,74:5,13,13119,43.264,5.573,2,1,2,2,1,3,2,00,1,1,000,000,1,0,1,3,1,51,1,1,2,00,2,7,1,200500039410B02,7,9,1
200500039442,2005-06-07,2005,juin,mardi,16:45,05,05162,44.43,6.02,1,3,2,1,1,2,2,00,1,1,045,082,1,5,1,4,1,63,5,0,0,00,2,4,15,200500039442B02,7,1,1
200500039447,2005-06-07,2005,juin,mardi,13:45,05,05109,44.896,6.62,1,1,1,1,1,3,2,00,2,3,000,059,1,0,1,3,1,17,1,0,0,00,2,1,1,200500039447B02,13,1,1
200500039454,2005-06-24,2005,juin,vendredi,93:0,06,06043,0,0,1,1,1,1,1,3,2,00,2,3,000,060,1,0,1,4,1,54,5,1,2,00,0,1,16,200500039454B02,7,15,1
200500039455,2005-06-12,2005,juin,dimanche,84:5,06,06006,0,0,1,1,6,1,1,3,2,02,1,3,000,000,1,0,1,2,1,26,5,0,0,00,0,1,5,200500039455B02,7,1,1
200500039461,2005-06-13,2005,juin,lundi,16:15,06,06079,0,0,2,6,1,1,1,2,-1,02,-1,-1,000,080,1,0,1,4,1,46,5,0,0,00,2,1,0,200500039461B02,7,12,1
200500039466,2005-06-19,2005,juin,dimanche,95:0,06,06122,0,0,2,1,1,1,1,3,2,02,1,1,000,000,1,0,1,4,2,55,5,0,0,01,0,1,1,200500039466A01,7,22,1
200500039494,2005-06-12,2005,juin,dimanche,14:00,83,83116,43.434,5.854,1,1,3,1,1,3,2,02,1,1,000,000,1,0,1,4,1,14,0,1,2,00,2,9,19,200500039494B02,7,1,1
200500039545,2005-06-24,2005,juin,vendredi,80:0,84,84142,43.957,5.045,1,1,2,1,1,3,2,02,1,1,000,065,1,0,1,2,1,56,5,1,2,00,2,4,2,200500039545B02,7,2,1
200500039549,2005-06-15,2005,juin,mercredi,21:00,84,84137,44.256,5.061,2,1,1,2,1,3,2,00,-1,3,000,000,1,0,1,3,1,23,5,0,0,00,2,1,5,200500039549A01,5,1,1
200500039556,2005-06-15,2005,juin,mercredi,18:15,34,34058,43.686,3.978,2,1,1,1,1,4,2,00,3,1,000,035,1,0,1,4,1,72,5,1,2,00,2,8,2,200500039556B02,7,2,1
200500039578,2005-06-11,2005,juin,samedi,15:15,34,34324,43.249,3.292,2,1,6,1,1,4,1,00,1,1,000,060,1,0,1,4,2,19,1,0,0,00,2,8,1,200500039578A01,,,
200500039599,2005-06-19,2005,juin,dimanche,16:10,11,11005,0,0,1,1,1,1,1,3,2,02,2,3,000,066,1,0,1,3,1,36,5,1,2,00,2,1,13,200500039599B02,7,1,1
200500039606,2005-06-18,2005,juin,samedi,93:0,11,11262,0,0,1,1,2,2,1,3,2,00,-1,1,000,068,1,0,1,3,1,37,5,1,2,00,2,4,1,200500039606B02,7,1,1
200500039612,2005-06-18,2005,juin,samedi,11:00,30,30133,0,0,2,6,3,1,1,3,3,00,1,2,000,100,1,5,1,4,1,51,5,0,0,00,2,4,1,200500039612B02,7,14,1
200500039617,2005-06-13,2005,juin,lundi,16:00,30,30082,0,0,1,1,5,1,1,3,2,02,-1,3,000,048,1,0,1,4,1,19,9,0,0,00,2,8,1,200500039617C03,7/ 18,21/13,2
200500039623,2005-06-25,2005,juin,samedi,19:30,30,30341,0,0,2,1,3,1,7,9,2,02,2,1,000,000,1,0,1,3,1,10,5,0,0,00,2,3,16,200500039623B02,7,1,1
200500039637,2005-06-19,2005,juin,dimanche,11:00,30,30271,0,0,2,1,6,1,1,3,2,02,1,1,053,000,1,0,1,4,1,50,5,1,2,00,1,1,1,200500039637A01,,,
200500039664,2005-06-16,2005,juin,jeudi,13:00,66,66021,0,0,2,3,3,1,1,3,2,02,1,1,000,079,1,5,1,2,1,31,5,0,0,00,2,1,19,200500039664B02,7,1,1
200500039673,2005-06-13,2005,juin,lundi,11:30,66,66008,0,0,1,1,2,1,1,3,2,02,1,2,000,000,1,0,1,3,1,77,0,1,2,00,0,4,2,200500039673B02,7,2,1
200500039683,2005-06-14,2005,juin,mardi,74:5,66,66088,42.67,2.62,2,3,5,1,1,3,2,00,1,4,000,052,1,0,1,4,1,55,1,0,0,00,2,1,1,200500039683B02,7,15/23,2
200500039685,2005-06-16,2005,juin,jeudi,90:0,2A,2A017,42.021,8.732,1,1,1,1,1,3,2,02,-1,-1,000,070,1,0,0,3,1,65,9,0,0,00,2,1,1,200500039685B02,7,17,1
200500039720,2005-06-01,2005,juin,mercredi,18:00,78,78321,48.805,1.905,2,3,1,1,1,3,2,02,2,1,000,090,1,0,1,4,1,11,3,1,2,00,2,1,1,200500039720A01,7,1,1
200500039721,2005-06-03,2005,juin,vendredi,15:15,78,78062,48.852,1.881,2,2,1,1,1,4,2,02,-1,1,070,000,1,0,1,3,1,63,5,0,0,00,2,4,1,200500039721B02,7,17,1
200500039733,2005-06-19,2005,juin,dimanche,18:45,91,91315,0,0,1,1,6,1,7,4,2,00,1,1,000,052,1,0,1,4,2,52,5,0,0,00,0,0,0,200500039733B02,7,1,1
200500039759,2005-06-10,2005,juin,vendredi,18:30,95,95351,49.052,2.497,2,1,3,1,1,4,2,02,1,1,000,050,1,0,1,4,1,52,1,0,0,00,0,8,15,200500039759B02,7,1,1
200500039800,2005-06-28,2005,juin,mardi,10:0,45,45269,47.868,1.765,2,1,2,5,1,2,2,02,1,1,000,070,1,0,1,2,1,27,5,1,4,00,2,4,1,200500039800B02,10,1,1
200500039805,2005-06-13,2005,juin,lundi,12:15,45,45254,0,0,1,1,2,1,1,3,2,02,1,1,002,052,1,0,1,3,1,16,1,0,0,00,0,4,15,200500039805B02,7,2,1
200500039844,2005-06-18,2005,juin,samedi,70:0,28,28088,48.084,1.344,2,1,1,1,7,4,2,02,1,3,000,070,1,0,1,3,1,68,5,0,0,00,2,1,16,200500039844B02,7,16,1
200500039863,2005-06-01,2005,juin,mercredi,13:45,36,36018,46.643,1.058,2,3,3,1,1,4,2,02,1,1,000,060,1,0,1,3,1,14,5,0,0,00,2,8,15,200500039863B02,7,1,1
200500039871,2005-06-19,2005,juin,dimanche,20:00,36,36021,0,0,2,1,1,1,1,3,2,02,1,1,000,050,1,0,1,2,1,42,5,0,0,00,2,1,1,200500039871B02,7,15,1
200500039878,2005-06-08,2005,juin,mercredi,17:45,37,37072,47.164,0.397,1,1,1,1,1,4,-1,00,2,2,000,052,1,0,1,3,2,20,5,0,0,00,2,1,13,200500039878A01,7,1,1
200500039916,2005-06-03,2005,juin,vendredi,11:30,33,33199,44.608,-1.103,1,1,3,1,1,3,2,00,1,1,000,066,1,0,1,4,1,46,9,1,2,00,2,3,11,200500039916A01,17,1,1
200500039921,2005-06-14,2005,juin,mardi,14:30,33,33065,0,0,1,1,7,1,1,4,2,00,4,-1,000,000,1,0,1,3,1,42,5,1,2,14,0,1,1,200500039921A01,,,
200500039936,2005-06-15,2005,juin,mercredi,15:00,34,34202,43.585,3.772,1,1,2,1,1,3,3,02,1,1,025,050,1,5,4,4,1,56,5,0,0,00,2,8,1,200500039936B02,7,1,1
200500039980,2005-06-10,2005,juin,vendredi,17:00,60,60584,0,0,2,3,3,1,1,4,2,02,1,1,000,064,1,0,1,3,1,13,5,0,0,00,2,1,19,200500039980B02,7,1,1
200500040081,2005-06-10,2005,juin,vendredi,18:15,2A,2A090,0,0,1,1,3,1,1,3,2,00,1,2,000,065,1,0,1,4,2,53,5,1,2,00,2,1,1,200500040081B02,7,14,1
200500040083,2005-06-17,2005,juin,vendredi,83:0,38,38471,45.264,5.777,2,7,3,1,1,3,2,00,2,3,000,065,1,0,0,4,1,61,5,0,0,00,2,1,1,200500040083B02,7,15,1
200500040247,2005-03-23,2005,mars,mercredi,16:00,33,33009,0,0,2,3,3,1,1,4,2,02,1,1,015,074,1,0,1,3,1,80,5,1,2,00,2,1,19,200500040247A01,7,1,1
200500040260,2005-03-20,2005,mars,dimanche,11:30,38,38563,0,0,2,1,3,1,1,4,2,02,4,-1,000,000,1,0,1,3,1,43,5,1,2,00,2,7,21,200500040260B01,7,15,1
200500040305,2005-04-28,2005,avril,jeudi,11:10,93,93013,0,0,2,6,3,1,1,2,3,00,-1,1,000,000,1,0,1,4,1,59,5,0,0,00,2,8,1,200500040305A01,10,1,1
200500040333,2005-05-26,2005,mai,jeudi,19:30,93,93066,0,0,2,1,3,1,1,4,2,02,2,1,000,080,1,0,1,3,1,60,0,1,9,00,2,1,18,200500040333B01,7,23,1
200500040369,2005-05-18,2005,mai,mercredi,13:35,94,94037,0,0,2,1,4,1,1,3,1,01,-1,-1,000,050,-1,0,1,4,1,54,0,1,4,00,2,4,21,200500040369B01,18/ 7,21/22,2
200500040370,2005-05-20,2005,mai,vendredi,16:40,94,94016,0,0,2,2,6,1,1,4,-1,01,-1,-1,000,045,1,0,1,4,1,33,9,0,0,00,2,0,9,200500040370B01,,,
200500040377,2005-05-02,2005,mai,lundi,17:30,94,94016,0,0,2,1,3,1,1,4,-1,01,-1,-1,000,045,1,0,1,3,1,34,9,1,9,00,2,0,9,200500040377B01,7,9,1
200500040383,2005-06-07,2005,juin,mardi,20:30,94,94037,0,0,2,1,6,1,1,4,1,01,1,1,000,040,1,5,1,3,1,24,5,1,9,00,2,1,7,200500040383B01,2,8,1
200500040399,2005-04-04,2005,avril,lundi,95:5,94,94067,0,0,2,2,1,1,1,3,2,04,1,1,000,100,1,0,1,4,1,14,5,1,9,00,0,7,15,200500040399A01,7,1,1
200500040416,2005-06-13,2005,juin,lundi,12:00,94,94080,0,0,2,2,1,1,1,4,1,02,1,1,000,040,1,0,1,4,1,59,5,1,2,00,2,1,1,200500040416A01,7,1,1
200500040578,2005-07-17,2005,juillet,dimanche,19:45,80,80062,0,0,1,1,1,1,1,3,-1,02,1,1,000,050,1,0,0,4,1,56,5,0,0,00,2,8,15,200500040578B02,5,17,1
200500040590,2005-07-15,2005,juillet,vendredi,20:15,80,80649,0,0,2,2,3,1,1,3,-1,00,1,1,000,050,1,5,5,3,2,20,5,0,0,00,2,7,19,200500040590A01,7,1,1
200500040605,2005-07-20,2005,juillet,mercredi,20:30,80,80141,0,0,1,3,1,1,1,2,2,02,1,1,000,070,1,0,1,3,1,17,5,1,2,00,2,1,15,200500040605B02,7,1,1
200500040612,2005-07-31,2005,juillet,dimanche,12:15,80,80693,0,0,2,1,1,1,1,3,-1,00,1,1,000,065,1,0,1,3,1,16,5,0,0,00,2,1,13,200500040612B02,10,1,1
200500040614,2005-07-15,2005,juillet,vendredi,15:40,02,02621,0,0,2,1,1,1,1,3,2,02,1,1,063,000,1,0,1,3,1,10,5,0,0,00,2,8,15,200500040614B02,7,17,1
200500040634,2005-07-13,2005,juillet,mercredi,10:15,02,02756,49.769,3.337,1,1,1,1,1,2,1,02,1,1,050,070,1,0,3,3,1,40,5,0,0,00,9,4,2,200500040634B02,10,2,1
200500040641,2005-07-17,2005,juillet,dimanche,10:30,02,02558,50.021,3.785,1,1,1,1,1,3,2,02,1,1,000,052,1,0,1,2,1,60,5,0,0,00,2,1,1,200500040641B02,7,13,1
200500040660,2005-07-22,2005,juillet,vendredi,15:00,60,60039,49.633,2.38,1,1,2,1,1,3,2,02,2,3,000,067,1,0,1,3,1,45,5,0,0,00,0,4,2,200500040660A01,7,2,1
200500040677,2005-07-10,2005,juillet,dimanche,14:15,60,60430,49.303,2.921,2,1,7,1,1,3,2,02,4,1,007,056,1,0,1,4,1,50,5,0,0,11,0,7,2,200500040677A01,,,
200500040691,2005-07-19,2005,juillet,mardi,18:15,76,76625,49.522,0.745,1,1,1,1,1,3,2,04,1,1,000,000,1,7,1,3,2,69,5,0,0,00,0,8,19,200500040691A01,7,1,1
200500040743,2005-07-29,2005,juillet,vendredi,13:15,27,27425,0,0,2,2,1,1,1,3,2,02,1,1,000,077,1,5,1,3,1,54,5,1,2,00,2,8,15,200500040743B02,7,1,1
200500040746,2005-07-31,2005,juillet,dimanche,83:0,27,27519,49.169,1.32,1,1,2,3,8,2,2,02,4,1,000,000,1,0,1,3,1,18,5,0,0,00,2,4,2,200500040746B02,7,2,1
200500040771,2005-07-17,2005,juillet,dimanche,10:30,35,35019,0,0,1,1,2,1,1,3,2,00,1,1,070,000,1,0,1,3,1,42,5,0,0,00,0,4,1,200500040771B02,14,2,1
200500040791,2005-07-24,2005,juillet,dimanche,12:00,22,22242,0,0,1,1,1,1,1,3,2,00,1,1,000,000,1,0,1,3,1,70,5,1,2,00,2,0,1,200500040791B02,7,15,1
200500040792,2005-07-09,2005,juillet,samedi,12:20,22,22339,0,0,1,1,4,1,1,3,2,02,4,1,000,075,1,0,1,3,1,17,5,1,2,00,2,4,2,200500040792B02,7,2,1
200500040792,2005-07-09,2005,juillet,samedi,12:20,22,22339,0,0,1,1,4,1,1,3,2,02,4,1,000,075,1,0,1,1,1,19,5,1,2,00,2,4,2,200500040792C03,7,2,1
200500040803,2005-07-17,2005,juillet,dimanche,19:30,22,22067,48.56,-3.184,2,1,6,1,7,4,2,02,1,2,000,055,1,0,1,1,1,65,5,0,0,00,1,1,1,200500040803A01,,,
200500040809,2005-07-08,2005,juillet,vendredi,19:45,22,22226,48.683,-3.526,2,1,1,1,1,3,2,02,1,1,000,055,1,0,1,3,1,58,5,0,0,00,0,7,19,200500040809B02,7,21,1
200500040817,2005-07-28,2005,juillet,jeudi,12:30,29,29057,47.923,-3.963,1,1,1,1,1,3,2,00,1,1,000,090,1,5,1,3,1,65,5,0,0,00,2,1,1,200500040817B02,7,15,1
200500040918,2005-07-25,2005,juillet,lundi,18:00,50,50082,49.479,-1.624,2,1,3,1,1,3,2,02,1,1,000,061,1,0,1,3,1,13,5,0,0,00,2,1,19,200500040918A01,7,1,1
200500040918,2005-07-25,2005,juillet,lundi,18:00,50,50082,49.479,-1.624,2,1,3,1,1,3,2,02,1,1,000,061,1,0,1,1,1,10,0,0,0,00,2,1,19,200500040918A01,7,1,1
200500040939,2005-07-01,2005,juillet,vendredi,18:30,50,50644,48.595,-1.156,1,2,1,1,2,2,2,02,1,1,000,045,2,0,1,3,2,14,5,0,0,00,2,1,19,200500040939A01,7,21,1
200500040958,2005-07-04,2005,juillet,lundi,14:45,61,61465,0,0,2,1,1,1,1,3,2,00,1,1,000,060,1,0,1,4,1,11,5,0,0,00,2,7,15,200500040958B02,7,1,1
200500040960,2005-07-27,2005,juillet,mercredi,15:15,61,61287,48.802,-0.553,1,1,3,1,1,3,2,02,1,1,000,094,1,0,0,3,1,60,5,1,2,00,2,1,1,200500040960B02,7,5,1
200500040983,2005-07-25,2005,juillet,lundi,11:30,44,44130,0,0,2,1,1,1,1,4,2,01,2,1,000,060,1,0,1,3,1,9,5,0,0,00,2,8,19,200500040983B02,7,1,1
200500040987,2005-07-14,2005,juillet,jeudi,10:50,44,44131,0,0,2,1,1,1,1,4,2,00,2,1,000,000,1,0,1,4,1,35,5,1,2,00,2,1,1,200500040987B02,7,15,1
200500041000,2005-07-22,2005,juillet,vendredi,18:15,44,44069,0,0,1,1,1,1,1,3,2,02,2,3,000,079,1,0,1,3,1,67,5,0,0,00,2,4,1,200500041000B02,7,2,1
200500041012,2005-07-06,2005,juillet,mercredi,1:,49,49289,47.463,-0.655,1,1,3,3,1,2,3,02,1,1,015,070,1,5,1,4,1,61,5,1,9,00,2,7,19,200500041012B02,7,1,1
200500041013,2005-07-10,2005,juillet,dimanche,10:30,49,49028,47.381,-0.649,1,1,5,1,1,3,2,02,1,1,000,060,1,0,1,4,2,51,5,1,2,00,2,1,1,200500041013C03,7,15/16,2
200500041023,2005-07-14,2005,juillet,jeudi,17:15,49,49190,0,0,2,1,6,1,1,4,2,00,-1,2,000,040,1,0,1,3,1,56,5,0,0,00,0,0,1,200500041023A01,,,
200500041028,2005-07-12,2005,juillet,mardi,11:30,49,49018,0,0,2,1,5,1,1,9,2,00,1,1,000,000,1,0,1,3,1,12,0,1,2,00,0,0,0,200500041028A01,1,0,2
200500041028,2005-07-12,2005,juillet,mardi,11:30,49,49018,0,0,2,1,5,1,1,9,2,00,1,1,000,000,1,0,1,4,1,12,0,1,2,00,0,0,0,200500041028B02,1,0,2
200500041028,2005-07-12,2005,juillet,mardi,11:30,49,49018,0,0,2,1,5,1,1,9,2,00,1,1,000,000,1,0,1,4,1,11,0,1,2,00,0,0,0,200500041028C03,1,0,2
200500041040,2005-07-07,2005,juillet,jeudi,11:00,49,49362,47.227,-0.061,2,1,3,1,1,3,2,00,1,1,000,090,1,0,1,3,2,43,1,0,0,00,2,8,1,200500041040B02,7,14,1
200500041059,2005-07-20,2005,juillet,mercredi,21:45,53,53199,48.456,-0.831,1,2,1,1,1,3,2,02,2,1,000,042,1,0,1,1,1,55,5,1,2,00,2,1,1,200500041059A01,2,15,1
200500041072,2005-07-23,2005,juillet,samedi,10:30,72,72249,48.066,0.033,1,1,3,1,1,3,2,00,-1,1,000,000,1,0,1,3,1,51,5,1,2,00,2,1,1,200500041072B02,7,15,1
200500041102,2005-07-25,2005,juillet,lundi,20:00,85,85128,46.46,-1.16,2,1,6,1,1,3,2,00,1,1,000,060,1,0,1,3,2,79,0,0,0,00,2,3,1,200500041102B02,,,
200500041104,2005-07-30,2005,juillet,samedi,17:45,85,85111,46.33,-0.94,2,1,1,1,1,4,-1,02,1,1,000,060,-1,0,1,3,1,10,0,0,0,00,2,8,1,200500041104B02,7,1,1
200500041117,2005-07-14,2005,juillet,jeudi,11:5,85,85222,0,0,2,1,1,5,1,3,2,02,1,2,000,045,1,0,1,3,1,19,1,0,0,00,2,1,1,200500041117B02,7,0,1
200500041161,2005-07-30,2005,juillet,samedi,81:5,33,33517,45.06,-0.698,2,9,6,1,1,3,2,02,-1,1,000,000,-1,0,1,3,1,37,5,0,0,00,5,1,1,200500041161A01,,,
200500041227,2005-07-16,2005,juillet,samedi,10:15,40,40284,0,0,1,2,1,1,1,2,2,02,1,1,000,060,1,0,1,2,1,69,0,0,0,00,2,8,2,200500041227B02,7,17,1
200500041228,2005-07-20,2005,juillet,mercredi,19:15,40,40065,43.645,-1.427,2,1,5,1,1,4,2,02,1,1,000,050,1,0,5,2,1,38,5,0,0,00,2,1,1,200500041228B02,7,1,1
200500041228,2005-07-20,2005,juillet,mercredi,19:15,40,40065,43.645,-1.427,2,1,5,1,1,4,2,02,1,1,000,050,1,0,5,4,1,10,5,0,0,00,2,1,1,200500041228C03,7,1,1
200500041234,2005-07-08,2005,juillet,vendredi,18:45,40,40046,0,0,1,1,1,1,1,3,2,02,1,1,000,055,1,0,1,3,2,9,5,0,0,00,2,8,1,200500041234B02,7,1,1
200500041268,2005-07-02,2005,juillet,samedi,18:30,64,64358,43.231,-0.189,1,1,1,1,7,3,2,00,-1,3,000,062,1,0,1,3,1,62,5,1,2,14,2,1,1,200500041268A01,7,19,1
200500041281,2005-07-26,2005,juillet,mardi,80:0,64,64422,43.197,-0.606,2,1,1,1,1,3,2,02,1,-1,000,000,1,0,1,3,1,76,5,1,2,00,2,1,1,200500041281B02,7,15,1
200500041296,2005-07-22,2005,juillet,vendredi,16:00,86,86221,0,0,1,1,1,1,1,3,2,02,1,1,000,058,1,0,1,2,1,18,5,0,0,00,2,1,10,200500041296B02,7,1,1
200500041303,2005-07-03,2005,juillet,dimanche,17:15,86,86070,46.58,0.65,1,1,1,1,1,3,2,02,1,3,000,063,1,5,1,4,2,50,5,0,0,00,2,1,1,200500041303B02,7,13,1
200500041320,2005-07-10,2005,juillet,dimanche,84:5,16,16128,0,0,1,1,7,1,1,3,2,02,4,1,000,052,1,0,1,2,1,81,5,0,0,00,0,1,1,200500041320A01,,,
200500041325,2005-07-02,2005,juillet,samedi,17:15,16,16055,45.629,0.34,1,1,1,1,1,3,-1,02,1,-1,000,075,-1,0,0,3,1,53,5,1,2,00,0,6,1,200500041325B02,7,1,1
200500041325,2005-07-02,2005,juillet,samedi,17:15,16,16055,45.629,0.34,1,1,1,1,1,3,-1,02,1,-1,000,075,-1,0,0,4,1,51,0,1,2,00,0,6,1,200500041325B02,7,1,1
200500041338,2005-07-05,2005,juillet,mardi,19:30,17,17372,0,0,1,1,1,1,1,3,2,02,-1,1,000,046,1,0,1,3,1,45,5,1,2,00,2,1,1,200500041338B02,7,1,1
200500041358,2005-07-27,2005,juillet,mercredi,17:45,17,17003,0,0,2,6,1,1,1,4,2,00,1,-1,000,000,1,5,1,3,1,20,1,0,0,00,2,4,1,200500041358B02,7,1,1
200500041362,2005-07-19,2005,juillet,mardi,10:30,17,17255,0,0,1,1,2,1,1,3,2,02,1,1,000,063,1,0,1,3,1,71,5,0,0,00,0,4,19,200500041362B02,7,1,1
200500041363,2005-07-01,2005,juillet,vendredi,94:5,17,17069,0,0,2,1,3,1,1,3,2,02,-1,3,000,070,1,0,1,3,1,66,5,0,0,00,2,1,1,200500041363B02,7,15,1
200500041423,2005-07-20,2005,juillet,mercredi,17:00,23,23001,46.091,2.048,2,3,3,1,1,3,2,00,-1,1,000,000,1,0,1,3,2,17,5,0,0,00,2,3,19,200500041423B02,7,1,1
200500041439,2005-07-26,2005,juillet,mardi,10:30,31,31291,0,0,1,1,3,1,1,3,2,02,1,1,000,060,1,0,1,2,1,51,5,0,0,00,2,8,9,200500041439B02,14,1,1
200500041454,2005-07-08,2005,juillet,vendredi,11:45,31,31395,43.461,1.266,1,1,1,1,1,4,2,00,-1,2,000,030,1,0,1,3,1,75,5,0,0,00,0,0,1,200500041454B02,7,1,1
200500041460,2005-07-03,2005,juillet,dimanche,11:45,31,31008,43.354,0.828,1,1,7,1,1,3,2,00,2,1,000,060,1,0,1,3,1,62,5,0,0,00,0,0,1,200500041460A01,,,
200500041464,2005-07-03,2005,juillet,dimanche,10:15,31,31026,0,0,1,1,1,1,1,4,2,02,2,4,000,000,1,0,1,3,1,23,5,0,0,00,2,1,13,200500041464B02,14,1,1
200500041492,2005-07-20,2005,juillet,mercredi,20:45,12,12154,43.855,2.838,1,1,1,2,1,4,2,01,1,2,000,029,1,0,1,3,1,75,5,1,2,00,2,3,1,200500041492B02,7,1,1
200500041533,2005-07-17,2005,juillet,dimanche,18:30,65,65388,42.835,0.31,1,1,1,1,1,4,-1,02,2,1,000,063,1,0,1,4,1,21,5,0,0,00,2,1,18,200500041533B02,7,1,1
200500041539,2005-07-19,2005,juillet,mardi,11:45,81,81182,43.716,2.357,1,1,2,1,1,3,2,00,2,2,000,059,1,0,1,3,1,47,5,0,0,00,2,4,2,200500041539B02,7,2,1
200500041558,2005-07-01,2005,juillet,vendredi,81:5,82,82075,0,0,2,2,3,1,1,4,2,00,3,1,000,000,1,0,1,4,2,65,5,0,0,00,2,8,15,200500041558A01,7,16,1
200500041565,2005-07-27,2005,juillet,mercredi,74:5,82,82101,0,0,1,4,3,1,1,3,2,02,2,2,000,048,1,0,1,3,1,83,5,0,0,00,2,1,0,200500041565B02,7,1,1
200500041569,2005-07-26,2005,juillet,mardi,13:15,82,82052,0,0,2,1,2,1,1,2,2,02,-1,-1,000,065,1,0,1,3,1,72,5,1,2,00,2,6,2,200500041569B02,8,2,1
200500041592,2005-07-05,2005,juillet,mardi,18:00,69,69005,0,0,2,4,1,1,1,4,2,02,1,1,000,060,1,0,1,4,1,8,5,1,2,00,2,1,19,200500041592B02,7,1,1
200500041601,2005-07-09,2005,juillet,samedi,15:30,69,69243,0,0,1,1,1,1,1,3,2,00,1,1,000,075,1,0,1,2,1,49,5,1,2,00,2,1,1,200500041601B02,7,13,1
200500041633,2005-07-31,2005,juillet,dimanche,16:20,01,01089,0,0,1,1,3,1,1,3,2,00,-1,1,000,070,1,0,1,3,1,26,4,1,2,00,2,8,15,200500041633B02,5,17,1
200500041637,2005-07-21,2005,juillet,jeudi,18:00,01,01313,46.266,6.097,2,1,6,1,1,3,2,00,2,1,000,000,1,0,1,2,1,47,5,1,2,14,0,1,1,200500041637A01,,,
200500041650,2005-07-21,2005,juillet,jeudi,19:30,07,07093,0,0,1,1,1,1,1,3,-1,02,2,3,000,000,1,0,1,3,2,45,5,1,2,00,2,1,1,200500041650B02,13,5,1
200500041662,2005-07-14,2005,juillet,jeudi,14:00,07,07224,44.765,4.15,1,1,3,1,1,3,2,00,1,1,000,045,1,0,1,3,2,60,5,1,2,00,2,8,1,200500041662A01,2,17,1
200500041668,2005-07-18,2005,juillet,lundi,14:15,07,07267,0,0,1,1,7,1,1,3,2,02,2,1,000,062,1,0,1,3,1,49,5,0,0,00,0,8,1,200500041668A01,,,
200500041687,2005-07-05,2005,juillet,mardi,11:45,26,26304,0,0,1,1,7,1,1,3,2,00,2,3,000,050,1,0,1,2,1,71,5,1,2,00,0,1,1,200500041687A01,,,
200500041730,2005-07-05,2005,juillet,mardi,15:30,38,38392,45.682,5.296,1,1,5,1,1,3,2,00,1,1,051,000,1,0,1,3,1,49,5,0,0,00,2,8,1,200500041730C03,7,17/1,2
200500041760,2005-07-07,2005,juillet,jeudi,83:0,42,42329,45.328,4.524,1,1,2,1,1,2,2,02,2,2,000,078,1,0,1,3,1,44,5,0,0,00,2,4,1,200500041760B02,7,17,1
200500041763,2005-07-12,2005,juillet,mardi,94:5,42,42234,45.535,4.376,2,3,3,1,1,3,2,02,-1,2,000,070,1,0,1,3,1,62,5,1,2,00,2,7,1,200500041763A01,7,19,1
200500041770,2005-07-01,2005,juillet,vendredi,93:0,42,42059,45.64,4.384,2,1,1,1,1,3,2,02,2,-1,000,000,1,0,1,3,1,62,5,0,0,00,2,1,1,200500041770B02,7,4,1
200500041774,2005-07-19,2005,juillet,mardi,11:00,42,42239,0,0,1,1,3,1,1,3,2,02,1,1,000,035,1,0,1,3,1,66,5,0,0,00,2,1,1,200500041774B02,7,15,1
200500041787,2005-07-01,2005,juillet,vendredi,16:00,73,73225,0,0,1,1,3,1,1,3,2,02,1,1,000,054,1,0,1,3,2,15,5,0,0,00,2,8,15,200500041787B02,7,17,1
200500041790,2005-07-03,2005,juillet,dimanche,10:30,73,73205,45.511,6.253,1,1,1,1,1,3,2,00,-1,4,000,000,1,0,1,3,1,54,5,1,2,00,2,1,0,200500041790B02,7,17,1
200500041802,2005-07-18,2005,juillet,lundi,12:00,73,73124,45.654,6.359,1,2,3,1,1,3,2,00,1,1,000,070,1,0,1,3,1,61,1,0,0,00,2,1,1,200500041802A01,13,15,1