Num_Acc,date,an,mois,jour,hrmn,dep,com,lat,long,agg,int,col,lum,atm,catr,circ,nbv,prof,plan,lartpc,larrout,surf,infra,situ,grav,sexe,age,trajet,secuexist,equipement,obs,obsm,choc,manv,vehiculeid,typevehicules,manoeuvehicules,numVehicules
200500041807,2005-07-17,2005,juillet,dimanche,10:15,73,73054,0,0,2,1,3,1,1,2,2,00,2,1,000,080,1,0,5,3,1,43,3,1,2,00,2,1,1,200500041807B02,7,16,1
200500041809,2005-07-12,2005,juillet,mardi,10:15,73,73253,0,0,1,1,7,1,1,2,3,04,2,1,020,080,1,2,1,4,2,22,5,1,2,00,0,7,1,200500041809A01,,,
200500041812,2005-07-17,2005,juillet,dimanche,19:45,73,73280,0,0,2,1,3,1,1,3,2,02,2,2,000,083,1,0,1,3,1,47,5,0,0,00,2,1,1,200500041812A01,7,15,1
200500041828,2005-07-02,2005,juillet,samedi,18:30,74,74080,0,0,1,1,3,1,1,3,2,02,2,1,000,070,1,0,1,3,1,50,5,1,2,00,2,1,1,200500041828B02,7,15,1
200500041839,2005-07-23,2005,juillet,samedi,15:15,74,74256,0,0,1,6,1,1,1,3,2,00,-1,1,000,070,1,5,1,4,1,53,5,1,2,00,2,4,1,200500041839B02,7,1,1
200500041841,2005-07-12,2005,juillet,mardi,91:5,74,74273,0,0,1,1,2,1,1,3,2,02,1,1,000,061,1,0,1,3,1,64,5,0,0,00,0,4,2,200500041841B02,7,2,1
200500041843,2005-07-23,2005,juillet,samedi,11:15,74,74134,0,0,1,1,3,1,1,3,2,02,1,1,000,070,1,0,1,3,2,55,5,0,0,00,0,4,1,200500041843B02,5,17,1
200500041858,2005-07-12,2005,juillet,mardi,20:30,74,74063,46.26,6.84,1,1,1,2,1,3,2,00,2,3,000,062,1,0,1,3,1,27,5,1,2,00,2,4,5,200500041858B02,7,1,1
200500041873,2005-07-21,2005,juillet,jeudi,18:15,63,63003,45.52,3.75,1,1,3,1,1,3,2,02,-1,1,000,069,1,5,1,4,1,54,5,1,2,00,2,7,9,200500041873A01,7,1,1
200500041876,2005-07-24,2005,juillet,dimanche,91:5,63,63057,0,0,2,1,1,1,1,3,2,00,2,3,000,049,1,0,1,3,1,26,0,1,2,00,2,1,1,200500041876B02,7,15,1
200500041878,2005-07-21,2005,juillet,jeudi,11:15,63,63230,45.56,3.66,1,1,7,1,1,3,2,01,1,1,000,069,1,0,1,4,1,49,0,1,2,00,0,0,0,200500041878A01,,,
200500041882,2005-07-15,2005,juillet,vendredi,10:30,63,63190,45.534,2.557,1,1,1,1,1,3,2,02,1,1,000,058,1,0,1,3,1,8,5,1,2,00,2,8,19,200500041882B02,9,1,1
200500041889,2005-07-15,2005,juillet,vendredi,17:45,63,63186,0,0,1,1,4,1,1,3,2,02,-1,-1,000,055,1,0,1,4,2,16,5,0,0,00,0,4,1,200500041889B02,9,1,1
200500041889,2005-07-15,2005,juillet,vendredi,17:45,63,63186,0,0,1,1,4,1,1,3,2,02,-1,-1,000,055,1,0,1,4,2,16,5,0,0,00,0,4,1,200500041889C03,9,1,1
200500041911,2005-07-22,2005,juillet,vendredi,20:15,03,03220,46.15,3.141,2,1,3,1,1,4,2,00,2,1,000,050,1,0,1,4,1,12,5,0,0,00,2,1,15,200500041911B02,21,1,1
200500041960,2005-07-13,2005,juillet,mercredi,91:5,57,57043,0,0,1,1,2,1,1,3,2,00,1,1,000,075,1,2,1,4,1,35,5,0,0,00,0,8,1,200500041960B02,18,17,1
200500041964,2005-07-16,2005,juillet,samedi,15:00,57,57762,0,0,1,1,3,1,1,2,2,03,2,1,000,112,1,0,1,2,1,71,3,1,2,00,2,3,1,200500041964B02,7,13,1
200500041989,2005-07-05,2005,juillet,mardi,14:30,54,54295,0,0,1,1,1,1,1,2,2,00,4,1,000,066,1,0,1,2,1,55,5,1,2,00,2,8,1,200500041989B02,7,1,1
200500041989,2005-07-05,2005,juillet,mardi,14:30,54,54295,0,0,1,1,1,1,1,2,2,00,4,1,000,066,1,0,1,3,1,59,0,1,2,00,2,8,1,200500041989B02,7,1,1
200500041993,2005-07-01,2005,juillet,vendredi,16:30,54,54260,0,0,1,1,1,1,1,4,2,01,1,2,000,050,1,0,1,4,1,46,5,1,2,00,2,1,13,200500041993A01,7,0,1
200500042021,2005-07-26,2005,juillet,mardi,10:30,88,88224,0,0,1,1,7,1,1,3,2,00,2,2,000,052,1,0,1,2,1,74,5,0,0,00,0,2,0,200500042021A01,,,
200500042031,2005-07-11,2005,juillet,lundi,10:00,88,88075,0,0,1,9,1,1,1,3,-1,02,2,3,000,068,1,0,1,3,1,46,5,1,2,00,0,1,1,200500042031B02,7,15,1
200500042035,2005-07-24,2005,juillet,dimanche,91:5,88,88115,48.176,6.866,2,1,1,1,8,3,2,00,1,-1,000,000,2,5,1,3,2,58,3,0,0,00,2,1,19,200500042035B02,7,19,1
200500042037,2005-07-16,2005,juillet,samedi,11:00,88,88196,0,0,1,1,1,1,2,4,2,01,2,3,000,000,2,0,1,3,1,13,5,1,2,00,2,1,5,200500042037B02,7,1,1
200500042044,2005-07-19,2005,juillet,mardi,73:0,67,67137,0,0,2,1,3,1,1,3,2,02,-1,2,000,045,1,5,1,4,1,50,5,0,0,00,0,5,1,200500042044B02,7,16,1
200500042057,2005-07-13,2005,juillet,mercredi,18:15,67,67437,48.744,7.369,2,1,1,1,1,4,2,03,4,1,000,000,1,5,1,3,2,20,5,1,2,00,2,3,1,200500042057B02,7,15,1
200500042079,2005-07-10,2005,juillet,dimanche,13:30,68,68044,48.179,7.113,2,1,3,1,1,3,2,02,1,1,000,060,1,0,1,3,1,10,5,0,0,00,2,6,15,200500042079B02,7,1,1
200500042090,2005-07-31,2005,juillet,dimanche,17:00,68,68333,0,0,2,1,5,1,1,3,2,02,1,2,000,073,1,0,1,4,2,53,5,1,2,00,2,7,15,200500042090B02,7,1,2
200500042099,2005-07-13,2005,juillet,mercredi,10:00,68,68116,0,0,2,1,7,1,1,3,2,00,1,1,000,070,8,0,1,3,1,52,5,1,2,12,0,0,14,200500042099A01,,,
200500042100,2005-07-15,2005,juillet,vendredi,11:15,68,68088,47.851,7.279,1,1,3,1,1,3,2,00,1,1,000,075,1,0,1,4,1,42,5,1,2,00,2,1,1,200500042100B02,17,16,1
200500042101,2005-07-28,2005,juillet,jeudi,20:15,68,68043,47.864,7.26,2,1,1,1,1,3,2,00,-1,3,000,065,1,5,5,3,1,73,5,0,0,00,2,8,1,200500042101B02,7,15,1
200500042103,2005-07-12,2005,juillet,mardi,80:0,68,68154,47.777,7.39,1,1,1,1,1,3,3,00,1,1,080,000,1,0,1,4,1,66,9,0,0,00,2,1,1,200500042103B02,7,16,1
200500042104,2005-07-12,2005,juillet,mardi,53:0,68,68154,47.785,7.343,2,2,1,1,1,3,2,02,4,1,070,000,1,0,1,4,1,36,1,0,0,00,0,0,1,200500042104A01,7,1,1
200500042135,2005-07-29,2005,juillet,vendredi,10:30,51,51046,0,0,1,1,5,1,1,3,2,02,-1,1,000,073,1,0,1,2,1,63,5,0,0,00,2,4,1,200500042135B02,7,1,1
200500042135,2005-07-29,2005,juillet,vendredi,10:30,51,51046,0,0,1,1,5,1,1,3,2,02,-1,1,000,073,1,0,1,3,2,62,0,0,0,00,2,4,1,200500042135C03,7,1,1
200500042135,2005-07-29,2005,juillet,vendredi,10:30,51,51046,0,0,1,1,5,1,1,3,2,02,-1,1,000,073,1,0,1,3,2,63,5,0,0,00,2,4,1,200500042135D04,7,1,1
200500042146,2005-07-19,2005,juillet,mardi,22:00,08,08352,0,0,1,1,3,2,1,3,2,02,1,1,000,070,1,0,1,3,1,20,5,0,0,00,0,8,15,200500042146B02,5,13,1
200500042149,2005-07-17,2005,juillet,dimanche,18:15,08,08069,49.777,4.236,2,1,7,1,1,3,2,01,4,1,000,000,1,0,1,3,1,33,9,0,0,00,0,0,1,200500042149A01,,,
200500042151,2005-07-09,2005,juillet,samedi,15:45,08,08053,49.677,4.983,2,1,1,1,1,3,2,02,-1,1,000,000,1,0,1,4,2,9,5,0,0,00,0,1,19,200500042151B02,7,1,1
200500042165,2005-07-22,2005,juillet,vendredi,17:15,10,10084,48.41,4.17,2,1,3,1,1,3,2,02,1,1,000,060,1,0,1,4,1,10,0,0,0,00,2,1,0,200500042165B02,7,1,1
200500042179,2005-07-18,2005,juillet,lundi,18:00,10,10153,0,0,1,1,1,1,1,3,2,02,2,1,000,054,1,0,1,2,2,8,5,0,0,00,0,4,2,200500042179B02,7,1,1
200500042221,2005-07-25,2005,juillet,lundi,18:45,21,21024,47.45,4.496,2,2,3,1,1,4,1,02,2,1,000,050,1,0,1,4,1,11,5,0,0,00,2,1,16,200500042221A01,7,1,1
200500042235,2005-07-19,2005,juillet,mardi,20:00,58,58086,0,0,1,1,1,1,1,3,2,02,1,2,000,050,1,0,1,3,1,14,5,0,0,00,2,6,13,200500042235B02,7,17,1
200500042295,2005-07-01,2005,juillet,vendredi,18:00,89,89281,0,0,2,1,3,1,1,3,2,02,1,-1,000,043,1,0,1,3,1,13,0,0,0,00,2,1,10,200500042295B02,7,2,1
200500042300,2005-07-18,2005,juillet,lundi,1:,89,89195,48.169,3.267,2,6,1,5,1,3,-1,00,-1,-1,000,000,-1,5,0,3,1,38,5,0,0,00,2,1,5,200500042300A01,7,2,1
200500042339,2005-07-29,2005,juillet,vendredi,13:45,39,39251,0,0,2,1,3,1,1,4,-1,02,1,1,000,080,1,5,1,3,1,14,0,0,0,00,2,7,0,200500042339B02,7,0,1
200500042343,2005-07-22,2005,juillet,vendredi,21:15,39,39120,46.679,5.915,2,1,7,1,1,3,2,02,4,3,000,061,1,0,1,2,2,41,5,0,0,00,0,0,16,200500042343A01,,,
200500042369,2005-07-03,2005,juillet,dimanche,16:30,70,70120,47.708,6.685,2,1,1,1,1,3,2,02,1,2,000,080,1,0,1,3,1,73,5,0,0,00,2,7,1,200500042369B02,7,15,1
200500042381,2005-07-19,2005,juillet,mardi,18:15,90,90022,47.558,6.848,2,1,6,1,1,9,2,02,-1,2,000,000,1,0,1,2,1,14,5,0,0,15,0,1,1,200500042381A01,,,
200500042404,2005-07-03,2005,juillet,dimanche,61:5,13,13097,0,0,1,1,3,1,7,4,2,02,1,1,000,050,1,0,1,3,1,80,5,1,2,00,2,7,19,200500042404A01,7,1,1
200500042448,2005-07-30,2005,juillet,samedi,93:0,06,06048,0,0,1,1,5,1,1,3,2,00,-1,1,000,000,1,0,1,4,1,69,5,1,2,00,2,1,1,200500042448B02,7,19,1
200500042448,2005-07-30,2005,juillet,samedi,93:0,06,06048,0,0,1,1,5,1,1,3,2,00,-1,1,000,000,1,0,1,4,1,71,5,1,2,00,2,0,1,200500042448C03,7,19,1
200500042461,2005-07-20,2005,juillet,mercredi,10:35,06,06157,0,0,2,1,3,1,1,3,2,02,2,1,000,078,1,0,1,3,1,54,5,0,0,00,0,1,1,200500042461B02,7,15,1
200500042487,2005-07-15,2005,juillet,vendredi,81:5,83,83116,0,0,1,1,1,1,1,3,2,02,-1,1,000,073,1,0,1,2,1,55,5,1,2,00,2,1,1,200500042487B02,7,17,1
200500042534,2005-07-29,2005,juillet,vendredi,13:45,84,84122,0,0,2,1,5,1,1,3,2,00,1,1,000,080,1,0,5,3,1,43,5,1,4,00,0,4,1,200500042534B02,7,1,1
200500042534,2005-07-29,2005,juillet,vendredi,13:45,84,84122,0,0,2,1,5,1,1,3,2,00,1,1,000,080,1,0,5,3,2,41,5,1,4,00,0,4,1,200500042534C03,7,1,1
200500042534,2005-07-29,2005,juillet,vendredi,13:45,84,84122,0,0,2,1,5,1,1,3,2,00,1,1,000,080,1,0,5,3,1,1,0,1,3,00,0,4,1,200500042534C03,7,1,1
200500042534,2005-07-29,2005,juillet,vendredi,13:45,84,84122,0,0,2,1,5,1,1,3,2,00,1,1,000,080,1,0,5,3,2,4,0,1,3,00,0,4,1,200500042534C03,7,1,1
200500042540,2005-07-25,2005,juillet,lundi,12:00,84,84017,0,0,1,1,1,1,1,3,2,02,2,2,000,051,1,0,1,3,1,14,5,1,2,00,2,1,16,200500042540A01,7,15,1
200500042544,2005-07-16,2005,juillet,samedi,91:5,84,84078,0,0,2,1,1,1,1,2,3,00,1,1,020,160,1,5,1,4,1,68,5,1,2,00,2,3,1,200500042544B02,7,15,1
200500042585,2005-07-10,2005,juillet,dimanche,10:30,34,34150,43.342,3.534,2,1,3,1,1,4,2,02,1,1,000,075,1,0,1,3,2,15,5,0,0,00,2,3,15,200500042585B02,7,17,1
200500042592,2005-07-14,2005,juillet,jeudi,11:10,34,34213,0,0,1,1,2,1,1,2,2,04,-1,1,000,000,1,0,1,3,1,70,5,1,2,00,0,4,2,200500042592B02,2,2,1
200500042607,2005-07-18,2005,juillet,lundi,20:15,11,11336,0,0,2,1,1,1,1,4,2,00,2,3,000,000,1,0,1,3,1,57,5,0,0,01,0,1,13,200500042607B02,7,1,1
200500042621,2005-07-04,2005,juillet,lundi,17:15,30,30133,0,0,1,1,5,1,1,3,2,00,-1,1,000,090,1,5,1,3,1,16,5,0,0,00,2,1,19,200500042621A01,7,1/15,2
200500042627,2005-07-27,2005,juillet,mercredi,91:5,30,30003,0,0,2,1,7,1,1,3,2,02,2,3,000,086,1,0,1,2,1,62,5,0,0,00,0,8,0,200500042627A01,,,
200500042686,2005-07-13,2005,juillet,mercredi,15:05,66,66008,0,0,2,1,1,1,1,4,2,02,1,1,000,082,1,0,1,2,1,74,5,0,0,00,2,8,19,200500042686B02,7,1,1
200500042701,2005-07-23,2005,juillet,samedi,81:5,2A,2A163,41.501,8.954,1,1,3,1,1,2,2,00,2,4,000,063,1,0,1,3,1,55,5,1,2,00,2,3,1,200500042701B02,7,13,1
200500042702,2005-07-08,2005,juillet,vendredi,18:45,2A,2A247,0,0,2,1,3,1,1,3,2,02,1,1,060,000,1,0,1,2,1,16,5,0,0,00,2,8,19,200500042702A01,7,1,1
200500042739,2005-07-13,2005,juillet,mercredi,14:15,78,78653,48.816,1.851,1,1,5,1,1,3,2,02,1,1,000,064,1,0,1,2,1,80,5,1,2,00,0,4,1,200500042739B02,7,1,1
200500042739,2005-07-13,2005,juillet,mercredi,14:15,78,78653,48.816,1.851,1,1,5,1,1,3,2,02,1,1,000,064,1,0,1,3,1,74,5,1,2,00,0,4,1,200500042739C03,7,1,1
200500042765,2005-07-20,2005,juillet,mercredi,18:15,95,95094,0,0,1,1,1,1,1,3,2,00,4,1,000,000,1,5,1,4,1,73,5,0,0,00,2,8,19,200500042765B02,7,15,1
200500042773,2005-07-31,2005,juillet,dimanche,20:00,77,77002,0,0,2,1,7,1,1,4,2,00,-1,-1,050,000,-1,0,0,4,1,43,5,1,2,00,5,0,0,200500042773A01,,,
200500042800,2005-07-27,2005,juillet,mercredi,15:00,45,45093,0,0,1,1,2,1,1,2,2,02,1,1,005,080,1,0,1,2,1,67,5,0,0,00,0,4,11,200500042800A01,7,1,1
200500042801,2005-07-01,2005,juillet,vendredi,15:00,45,45182,47.699,1.773,2,1,1,1,1,3,2,00,1,1,000,073,1,0,1,3,1,37,5,1,2,00,2,1,1,200500042801B02,7,19,1
200500042813,2005-07-28,2005,juillet,jeudi,16:00,45,45271,0,0,2,1,3,1,2,4,2,00,-1,-1,000,000,2,0,1,4,1,15,5,0,0,00,2,1,15,200500042813A01,7,1,1
200500042866,2005-07-01,2005,juillet,vendredi,15:45,36,36018,0,0,1,1,6,1,1,3,2,02,-1,1,000,000,2,0,1,2,1,75,5,0,0,00,2,7,14,200500042866B02,7,0,1
200500042879,2005-07-18,2005,juillet,lundi,11:15,37,37224,47.591,0.777,2,1,1,1,1,3,2,02,1,1,000,074,1,0,1,3,1,19,5,1,2,00,2,0,1,200500042879B02,14,20,1
200500042894,2005-07-18,2005,juillet,lundi,95:0,37,37108,0,0,1,1,3,1,1,3,2,02,1,1,000,067,1,0,1,2,1,78,5,1,2,00,2,3,15,200500042894A01,17,17,1
200500042922,2005-07-15,2005,juillet,vendredi,19:00,29,29293,0,0,2,2,1,1,1,4,2,02,1,1,000,080,1,0,1,3,2,6,5,0,0,00,2,3,19,200500042922B02,2,1,1
200500042935,2005-07-08,2005,juillet,vendredi,13:05,87,87203,45.624,1.433,1,1,2,1,1,3,2,00,-1,1,000,073,1,0,1,2,1,57,5,0,0,00,2,4,1,200500042935B02,7,2,1
200500042979,2005-07-14,2005,juillet,jeudi,10:15,60,60584,0,0,1,1,6,1,1,3,2,00,1,1,000,080,1,0,1,2,1,64,9,0,0,00,0,4,1,200500042979A01,,,
200500042984,2005-07-24,2005,juillet,dimanche,10:45,60,60686,0,0,1,1,1,1,2,3,2,02,1,-1,000,050,2,0,1,4,1,47,5,1,2,00,0,1,0,200500042984B02,7,23,1
200500042998,2005-07-07,2005,juillet,jeudi,80:5,68,68278,0,0,2,1,6,1,1,3,2,00,-1,-1,000,000,1,5,1,4,1,2005,5,1,2,00,2,1,15,200500042998A01,,,
200500043027,2005-07-24,2005,juillet,dimanche,10:45,13,13032,43.567,5.354,2,6,1,1,1,3,2,02,1,1,000,082,1,0,1,4,1,33,5,0,0,00,2,8,2,200500043027B02,7,14,1
200500043128,2005-07-26,2005,juillet,mardi,17:30,38,38229,0,0,2,9,1,1,1,9,2,01,4,2,000,000,1,1,5,1,1,24,4,1,2,00,0,8,1,200500043128A01,1,13,1
200500043128,2005-07-26,2005,juillet,mardi,17:30,38,38229,0,0,2,9,1,1,1,9,2,01,4,2,000,000,1,1,5,3,2,53,4,0,0,00,0,8,13,200500043128B02,1,1,1
200500043132,2005-07-04,2005,juillet,lundi,18:45,33,33122,44.742,-0.657,2,1,1,1,1,2,4,00,-1,-1,000,000,1,5,1,3,1,18,5,0,0,00,0,1,15,200500043132B02,5,17,1
200500043173,2005-07-18,2005,juillet,lundi,11:15,56,56214,47.505,-2.839,2,1,1,1,1,4,2,02,4,1,000,059,1,0,1,4,1,51,5,0,0,00,2,1,1,200500043173B02,7,15,1
200500043183,2005-07-02,2005,juillet,samedi,93:0,34,34337,0,0,1,1,2,1,1,3,2,02,1,1,000,066,1,0,1,4,1,73,5,1,2,00,2,4,1,200500043183B02,7,19,1
200500043190,2005-07-31,2005,juillet,dimanche,41:5,34,34159,0,0,1,1,2,3,1,2,2,02,3,1,045,135,1,0,1,4,1,60,9,0,0,00,2,4,1,200500043190A01,7,1,1
200500043200,2005-07-18,2005,juillet,lundi,73:0,67,67309,48.645,7.709,2,1,3,1,1,4,2,02,1,1,000,060,1,0,1,3,1,52,0,1,2,00,2,1,1,200500043200B02,7,20,1
200500043275,2005-07-04,2005,juillet,lundi,10:00,30,30047,0,0,2,2,3,1,1,4,1,01,1,1,000,050,1,0,1,3,2,66,5,1,2,00,2,1,1,200500043275B02,7,1,1
200500043297,2005-07-09,2005,juillet,samedi,13:30,25,25186,47.344,5.938,2,1,1,1,1,4,2,00,1,2,000,045,1,0,1,3,1,17,5,0,0,00,2,1,5,200500043297B02,7,1,1
200500043306,2005-07-03,2005,juillet,dimanche,45:,01,01451,0,0,1,1,6,3,1,4,2,02,1,1,000,100,1,0,1,3,1,18,4,1,2,00,2,2,1,200500043306A01,,,
200500043307,2005-07-20,2005,juillet,mercredi,50:0,01,01289,0,0,2,1,6,5,1,2,2,02,1,1,000,000,1,0,1,4,1,43,1,1,4,00,2,8,1,200500043307B01,7,1,1
200500043357,2005-07-02,2005,juillet,samedi,12:40,05,05061,0,0,2,1,3,1,1,2,2,02,1,1,000,091,1,0,1,4,1,48,5,1,9,00,2,1,1,200500043357B01,7,15,1
200500043384,2005-07-05,2005,juillet,mardi,10:20,06,06027,0,0,2,1,6,1,1,4,2,02,1,1,000,000,1,0,1,4,1,64,0,1,2,00,0,0,1,200500043384B01,7,22,1
200500043419,2005-07-08,2005,juillet,vendredi,18:28,06,06030,0,0,2,1,3,1,1,3,2,04,1,1,000,128,1,0,1,4,2,80,5,1,9,00,2,4,17,200500043419A01,2,2,1
200500043444,2005-07-22,2005,juillet,vendredi,17:30,06,06029,0,0,2,1,3,1,1,4,3,02,1,1,000,064,1,0,1,4,1,60,5,1,9,00,2,8,11,200500043444B01,4,17,1
200500043448,2005-07-25,2005,juillet,lundi,22:10,06,06029,0,0,1,1,1,5,1,4,2,02,1,1,000,071,1,0,1,4,2,69,5,1,9,00,2,7,19,200500043448B01,2,1,1
200500043450,2005-07-27,2005,juillet,mercredi,12:50,06,06029,0,0,2,1,3,1,1,4,2,02,1,1,010,068,1,0,1,4,1,19,5,1,9,01,0,1,1,200500043450B01,7,22,1
200500043456,2005-07-29,2005,juillet,vendredi,95:0,06,06029,0,0,1,1,3,1,1,4,1,01,1,1,000,060,1,0,1,4,1,25,1,1,9,01,2,2,1,200500043456B01,7,22,1
200500043496,2005-07-02,2005,juillet,samedi,17:05,06,06088,0,0,2,2,3,1,1,4,1,01,1,1,000,063,1,0,1,4,2,35,5,1,2,00,2,8,0,200500043496B01,7,1,1
200500043499,2005-07-04,2005,juillet,lundi,18:35,06,06088,0,0,2,2,3,1,1,4,1,03,1,1,000,051,1,0,1,4,2,31,5,1,2,00,2,1,0,200500043499A01,2,1,1
200500043510,2005-07-06,2005,juillet,mercredi,17:30,06,06088,0,0,2,3,6,1,1,4,1,01,1,1,000,076,1,0,1,1,1,38,4,1,9,00,1,1,1,200500043510A01,,,
200500043517,2005-07-08,2005,juillet,vendredi,93:0,06,06088,0,0,2,2,6,1,1,4,1,01,1,1,000,100,1,0,1,1,1,25,9,1,9,00,1,1,0,200500043517A01,,,
200500043538,2005-07-11,2005,juillet,lundi,14:30,06,06088,0,0,2,1,3,1,1,4,1,01,1,2,000,120,1,0,1,4,2,14,5,1,2,01,0,1,1,200500043538B01,7,24,1
200500043553,2005-07-15,2005,juillet,vendredi,14:15,06,06088,0,0,2,1,6,1,1,2,-1,01,1,1,000,000,1,0,5,4,1,31,4,1,2,00,2,0,0,200500043553B01,2,0,1
200500043555,2005-07-15,2005,juillet,vendredi,18:25,06,06088,0,0,2,2,3,1,1,4,1,02,1,1,000,100,1,0,1,4,1,29,9,1,9,00,2,6,1,200500043555B01,2,1,1
200500043559,2005-07-16,2005,juillet,samedi,19:45,06,06088,0,0,2,2,3,1,1,4,-1,01,1,1,000,079,1,0,1,4,1,48,9,1,9,00,2,0,1,200500043559B01,7,15,1
200500043581,2005-07-21,2005,juillet,jeudi,22:50,06,06088,0,0,2,1,2,5,1,4,3,04,2,2,029,077,1,0,1,4,2,44,5,1,4,00,2,0,1,200500043581B01,7,1,1
200500043589,2005-07-23,2005,juillet,samedi,11:20,06,06088,0,0,1,1,6,1,1,4,1,00,1,1,000,000,1,0,0,1,2,23,9,1,2,00,1,1,1,200500043589A01,,,
200500043589,2005-07-23,2005,juillet,samedi,11:20,06,06088,0,0,1,1,6,1,1,4,1,00,1,1,000,000,1,0,0,4,1,75,5,0,0,00,1,1,1,200500043589A01,,,
200500043592,2005-07-25,2005,juillet,lundi,10:15,06,06088,0,0,2,1,6,1,1,4,2,02,1,1,000,050,1,0,1,1,1,32,5,1,2,00,1,1,1,200500043592A01,,,
200500043634,2005-07-10,2005,juillet,dimanche,17:45,08,08497,0,0,1,1,2,1,1,3,2,02,1,1,000,054,1,0,1,2,2,46,5,1,4,00,2,4,2,200500043634B01,7,2,1
200500043635,2005-07-14,2005,juillet,jeudi,21:30,08,08480,0,0,2,3,3,2,1,2,2,02,1,3,000,090,1,0,1,4,1,10,5,1,4,00,2,1,10,200500043635A01,5,1,1
200500043641,2005-07-28,2005,juillet,jeudi,18:35,08,08105,0,0,2,1,1,1,1,4,2,02,1,1,000,057,1,0,1,3,1,22,5,1,9,00,2,1,13,200500043641A01,7,1,1
200500043653,2005-07-05,2005,juillet,mardi,15:20,10,10297,0,0,2,1,1,1,1,4,2,02,1,1,000,080,1,0,1,3,1,15,5,1,9,00,2,1,13,200500043653A01,7,1,1
200500043671,2005-07-06,2005,juillet,mercredi,10:10,13,13001,0,0,2,1,1,1,1,3,1,02,1,2,000,072,1,2,1,4,1,46,5,1,2,00,2,1,1,200500043671B01,7,5,1
200500043819,2005-07-19,2005,juillet,mardi,18:10,13,13055,0,0,2,9,3,1,1,4,2,01,1,1,072,071,1,0,1,4,1,29,5,1,9,00,2,8,1,200500043819A01,7,1,1
200500043839,2005-07-19,2005,juillet,mardi,13:35,13,13055,0,0,2,1,3,1,1,4,2,00,2,1,000,080,1,0,1,4,1,39,5,1,9,00,2,2,2,200500043839A01,7,2,1
200500044024,2005-07-16,2005,juillet,samedi,17:50,14,14341,0,0,2,3,1,1,1,4,2,02,1,1,000,070,-1,0,5,3,1,64,5,1,2,00,2,1,1,200500044024B01,2,15,1
200500044037,2005-07-28,2005,juillet,jeudi,17:00,14,14327,0,0,2,1,3,1,1,4,2,02,1,1,000,059,1,0,1,4,1,11,5,1,2,00,2,1,1,200500044037A01,7,1,1
200500044037,2005-07-28,2005,juillet,jeudi,17:00,14,14327,0,0,2,1,3,1,1,4,2,02,1,1,000,059,1,0,1,3,2,8,0,1,2,00,2,1,1,200500044037A01,7,1,1
200500044051,2005-07-17,2005,juillet,dimanche,19:35,14,14366,0,0,2,2,3,1,1,4,1,01,1,1,000,070,1,0,1,3,2,33,5,1,2,00,0,8,1,200500044051B01,7,1,1
200500044073,2005-07-28,2005,juillet,jeudi,11:20,17,17299,0,0,2,2,3,1,1,3,2,02,1,1,000,073,1,0,1,3,1,45,5,1,9,00,2,2,19,200500044073A01,7,1,1
200500044082,2005-07-10,2005,juillet,dimanche,17:50,17,17300,0,0,2,1,3,1,1,4,1,02,1,1,000,120,1,0,1,3,1,15,5,1,2,00,2,3,1,200500044082B01,18,17,1
200500044083,2005-07-11,2005,juillet,lundi,17:50,17,17300,0,0,2,1,2,1,1,4,2,02,1,1,000,068,1,0,1,4,2,16,5,1,9,00,2,4,13,200500044083A01,7,1,1
200500044093,2005-07-21,2005,juillet,jeudi,17:55,17,17300,0,0,2,1,6,1,1,4,2,02,1,1,000,070,1,0,1,4,2,39,0,1,9,14,0,1,1,200500044093B01,7,22,1
200500044101,2005-07-28,2005,juillet,jeudi,19:20,17,17300,0,0,2,2,3,1,1,4,1,01,1,1,000,060,1,5,5,4,2,20,9,1,2,00,2,7,1,200500044101B01,7,1,1
200500044108,2005-07-14,2005,juillet,jeudi,10:0,17,17306,0,0,2,6,6,5,1,3,2,02,-1,2,000,000,1,0,1,4,2,18,9,1,9,00,2,0,0,200500044108B01,7,0,1
200500044134,2005-07-21,2005,juillet,jeudi,83:0,18,18205,0,0,1,1,6,1,1,2,2,02,3,3,000,000,1,0,1,3,2,26,5,1,9,00,2,0,2,200500044134B01,,,
200500044149,2005-07-12,2005,juillet,mardi,18:10,19,19031,0,0,2,3,3,1,1,4,2,02,1,1,000,000,1,0,1,4,1,20,1,1,2,00,2,1,1,200500044149B01,7,15,1
200500044203,2005-07-21,2005,juillet,jeudi,19:51,24,24322,0,0,2,1,6,1,1,3,2,02,-1,1,000,075,1,0,1,4,1,32,0,1,9,00,2,1,19,200500044203A01,7,1,1
200500044221,2005-07-26,2005,juillet,mardi,85:0,25,25056,0,0,1,1,3,1,1,4,1,01,1,1,000,030,1,0,1,4,2,26,0,1,9,01,0,1,1,200500044221B01,7,22,1
200500044226,2005-07-29,2005,juillet,vendredi,12:10,25,25056,0,0,2,1,2,1,1,4,2,02,2,1,000,080,1,0,1,3,1,58,5,1,9,00,2,4,1,200500044226B01,7,1,1
200500044229,2005-07-11,2005,juillet,lundi,15:20,25,25580,0,0,2,3,1,1,1,4,-1,02,1,1,000,000,1,0,1,4,1,8,5,1,2,00,2,1,1,200500044229B01,7,16,1
200500044230,2005-07-27,2005,juillet,mercredi,12:46,25,25388,0,0,2,1,3,1,1,9,-1,02,-1,1,000,060,-1,0,1,4,1,9,5,1,9,00,2,8,0,200500044230B01,7,1,1
200500044241,2005-07-27,2005,juillet,mercredi,19:30,26,26198,0,0,2,1,6,1,1,4,2,02,1,1,000,148,1,0,1,3,1,49,5,1,9,00,2,8,15,200500044241A01,7,1,1