Num_Acc,date,an,mois,jour,hrmn,dep,com,lat,long,agg,int,col,lum,atm,catr,circ,nbv,prof,plan,lartpc,larrout,surf,infra,situ,grav,sexe,age,trajet,secuexist,equipement,obs,obsm,choc,manv,vehiculeid,typevehicules,manoeuvehicules,numVehicules
200500044257,2005-07-25,2005,juillet,lundi,17:20,26,26362,0,0,2,1,3,1,1,4,2,02,1,1,000,100,1,0,4,3,1,19,1,1,9,00,2,1,1,200500044257A01,7,23,1
200500044315,2005-07-04,2005,juillet,lundi,72:9,29,29232,0,0,1,6,6,1,1,4,1,00,1,2,000,800,1,0,1,4,1,68,0,1,9,00,2,1,1,200500044315B01,7,9,1
200500044346,2005-07-07,2005,juillet,jeudi,17:05,30,30189,0,0,2,1,3,1,1,3,3,06,1,1,000,190,1,0,1,4,2,22,1,1,2,00,2,1,1,200500044346B01,7,16,1
200500044407,2005-07-09,2005,juillet,samedi,15:35,31,31555,0,0,2,1,7,1,1,4,1,02,1,1,000,028,1,0,1,4,1,52,5,1,2,00,0,1,1,200500044407A01,,,
200500044435,2005-07-20,2005,juillet,mercredi,11:45,31,31555,0,0,2,2,3,1,1,4,2,03,1,1,000,084,1,0,1,1,2,23,9,1,2,00,2,4,19,200500044435A01,2,1,1
200500044457,2005-07-29,2005,juillet,vendredi,13:05,31,31555,0,0,2,1,2,1,1,4,2,04,1,1,000,121,1,0,1,4,2,42,1,1,2,00,2,4,2,200500044457B01,7,2,1
200500044470,2005-07-28,2005,juillet,jeudi,10:45,33,33009,0,0,2,1,6,1,1,4,2,02,1,1,000,032,1,0,5,3,1,53,5,1,9,14,1,2,1,200500044470A01,,,
200500044472,2005-07-01,2005,juillet,vendredi,18:30,33,33063,0,0,2,1,6,1,1,4,2,03,1,1,000,120,1,0,1,3,1,34,0,1,9,00,1,1,1,200500044472A01,,,
200500044482,2005-07-06,2005,juillet,mercredi,16:30,33,33063,0,0,2,2,3,1,1,4,3,04,1,1,010,060,1,0,1,4,1,38,1,1,2,00,2,1,19,200500044482B01,7,1,1
200500044486,2005-07-07,2005,juillet,jeudi,22:30,33,33063,0,0,1,1,2,5,1,4,2,02,1,1,000,000,1,0,1,4,1,37,0,1,9,14,0,1,1,200500044486B01,7,23,1
200500044490,2005-07-10,2005,juillet,dimanche,2:,33,33063,0,0,2,1,6,5,1,4,1,01,1,1,000,000,1,4,1,4,1,21,0,1,2,00,4,0,0,200500044490A01,19,0,1
200500044504,2005-07-06,2005,juillet,mercredi,17:50,33,33075,0,0,2,3,1,1,1,4,2,02,1,1,000,068,1,0,1,1,1,28,9,1,9,00,2,1,1,200500044504A01,1,1,1
200500044504,2005-07-06,2005,juillet,mercredi,17:50,33,33075,0,0,2,3,1,1,1,4,2,02,1,1,000,068,1,0,1,4,2,94,9,1,9,00,2,1,1,200500044504B01,1,1,1
200500044505,2005-07-08,2005,juillet,vendredi,15:45,33,33063,0,0,2,2,6,1,1,4,2,02,1,1,000,000,1,0,1,1,1,18,0,1,9,00,1,1,1,200500044505A01,,,
200500044518,2005-07-18,2005,juillet,lundi,81:0,33,33063,0,0,2,2,3,1,1,4,2,04,1,1,000,000,1,0,1,4,1,50,1,1,9,00,2,1,7,200500044518B01,7,16,1
200500044522,2005-07-12,2005,juillet,mardi,80:0,33,33522,0,0,2,1,3,1,1,4,2,02,1,1,000,069,1,0,1,4,1,22,0,1,2,00,2,2,16,200500044522A01,7,1,1
200500044528,2005-07-20,2005,juillet,mercredi,81:5,33,33318,0,0,2,2,1,1,1,4,2,02,1,1,000,082,1,0,1,4,2,40,1,1,2,00,2,1,15,200500044528B01,7,1,1
200500044534,2005-07-25,2005,juillet,lundi,20:15,33,33063,0,0,2,1,3,1,1,4,2,04,1,1,000,000,1,0,1,4,2,23,1,1,9,00,2,8,1,200500044534B01,10,1,1
200500044544,2005-07-28,2005,juillet,jeudi,13:30,33,33063,0,0,2,1,3,1,1,4,1,01,1,1,000,000,1,0,1,4,2,30,1,1,9,00,2,1,12,200500044544A01,7,1,1
200500044551,2005-07-26,2005,juillet,mardi,11:45,33,33039,0,0,2,2,3,1,1,4,3,04,1,1,015,060,1,0,1,3,1,35,0,1,2,00,2,1,1,200500044551B01,7,15,1
200500044561,2005-07-15,2005,juillet,vendredi,10:30,34,34003,0,0,2,1,3,1,1,5,-1,00,1,1,000,053,1,0,1,4,1,9,5,1,9,00,2,1,1,200500044561B01,7,1,1
200500044565,2005-07-22,2005,juillet,vendredi,15:50,34,34003,0,0,2,9,2,1,1,2,3,04,2,1,010,060,1,0,1,3,1,47,5,1,9,00,0,4,12,200500044565B01,7,1,1
200500044567,2005-07-22,2005,juillet,vendredi,10:42,34,34003,0,0,2,1,6,1,1,3,2,02,1,1,000,072,1,0,1,3,1,30,5,1,2,01,0,1,21,200500044567B01,7,22,1
200500044583,2005-07-13,2005,juillet,mercredi,10:40,34,34073,0,0,2,2,3,1,1,4,1,02,1,1,000,070,1,5,1,4,1,81,5,1,9,00,2,8,1,200500044583B01,7,1,1
200500044609,2005-07-03,2005,juillet,dimanche,12:00,34,34172,0,0,2,1,3,1,1,4,2,04,1,1,000,120,1,0,1,4,1,25,5,1,9,00,2,3,19,200500044609A01,7,1,1
200500044642,2005-07-26,2005,juillet,mardi,16:00,34,34172,0,0,2,2,3,1,1,4,1,01,1,1,000,050,1,0,1,3,1,7,5,1,9,00,2,1,5,200500044642A01,4,1,1
200500044646,2005-07-30,2005,juillet,samedi,20:00,34,34172,0,0,2,4,3,2,1,4,2,02,4,2,030,070,1,0,1,4,2,59,0,1,2,00,2,1,1,200500044646B01,7,1,1
200500044661,2005-07-05,2005,juillet,mardi,15:20,35,35238,0,0,1,1,3,1,3,4,2,02,4,3,000,060,2,5,1,4,1,64,0,1,2,00,2,4,1,200500044661B01,7,9,1
200500044664,2005-07-06,2005,juillet,mercredi,14:40,35,35238,0,0,2,1,3,1,1,4,2,02,1,1,000,060,1,6,1,4,1,55,1,0,0,00,2,0,1,200500044664B01,7,23,1
200500044673,2005-07-11,2005,juillet,lundi,23:04,35,35238,0,0,2,2,3,5,1,4,1,01,1,1,000,030,1,6,1,3,1,30,0,1,2,00,2,8,0,200500044673B01,7,13,1
200500044674,2005-07-13,2005,juillet,mercredi,14:55,35,35238,0,0,2,2,6,1,1,4,2,02,3,1,000,060,9,0,1,1,1,21,0,1,2,00,1,1,1,200500044674A01,,,
200500044680,2005-07-20,2005,juillet,mercredi,10:00,35,35238,0,0,2,2,3,1,1,4,1,03,2,1,000,000,1,0,1,3,1,71,5,1,2,00,2,0,1,200500044680A01,7,0,1
200500044687,2005-07-27,2005,juillet,mercredi,12:40,35,35238,0,0,2,6,3,1,3,4,2,01,2,1,000,000,2,0,1,4,1,50,1,1,9,00,2,7,0,200500044687B01,7,9,1
200500044713,2005-07-07,2005,juillet,jeudi,12:00,37,37261,0,0,2,3,3,1,1,4,2,02,1,1,000,064,1,0,1,1,1,41,0,1,9,00,0,0,0,200500044713A01,1,0,1
200500044713,2005-07-07,2005,juillet,jeudi,12:00,37,37261,0,0,2,3,3,1,1,4,2,02,1,1,000,064,1,0,1,3,2,68,0,1,9,00,0,0,0,200500044713B01,1,0,1
200500044730,2005-07-01,2005,juillet,vendredi,13:24,38,38185,0,0,2,1,3,1,1,4,1,01,1,1,000,057,1,0,1,4,2,53,5,1,4,00,2,3,1,200500044730B01,7,16,1
200500044735,2005-07-04,2005,juillet,lundi,18:45,38,38185,0,0,2,1,3,1,2,4,2,04,1,1,000,119,2,0,1,4,1,29,0,1,4,00,2,3,1,200500044735B01,7,15,1
200500044738,2005-07-05,2005,juillet,mardi,19:45,38,38185,0,0,2,1,3,1,1,4,1,02,1,1,000,067,1,0,1,1,1,18,5,1,4,00,2,1,19,200500044738A01,7,1,1
200500044738,2005-07-05,2005,juillet,mardi,19:45,38,38185,0,0,2,1,3,1,1,4,1,02,1,1,000,067,1,0,1,4,2,17,0,1,4,00,2,1,19,200500044738A01,7,1,1
200500044740,2005-07-08,2005,juillet,vendredi,13:30,38,38185,0,0,2,1,3,1,1,4,1,01,1,1,000,033,1,0,1,4,1,45,4,1,4,00,2,7,1,200500044740B01,7,15,1
200500044743,2005-07-11,2005,juillet,lundi,15:20,38,38185,0,0,2,1,3,1,1,4,2,04,1,3,000,120,1,0,5,4,2,53,5,1,4,00,2,1,1,200500044743B01,7,16,1
200500044748,2005-07-13,2005,juillet,mercredi,13:30,38,38516,0,0,2,2,3,1,1,4,2,02,1,1,000,070,1,0,1,4,1,18,5,1,4,00,2,2,1,200500044748A01,7,1,1
200500044756,2005-07-25,2005,juillet,lundi,18:30,38,38185,0,0,2,2,3,1,1,4,2,02,1,1,000,070,1,0,1,4,2,30,0,1,4,00,2,1,13,200500044756B01,7,15,1
200500044759,2005-07-28,2005,juillet,jeudi,19:15,38,38185,0,0,2,9,6,1,1,4,2,04,1,1,000,120,1,5,1,4,2,61,0,1,9,00,2,7,15,200500044759A01,7,1,1
200500044787,2005-07-08,2005,juillet,vendredi,15:25,41,41018,0,0,2,3,6,1,1,4,2,02,1,1,000,000,1,0,1,4,1,13,5,1,9,00,2,1,5,200500044787B01,7,1,1
200500044806,2005-07-22,2005,juillet,vendredi,17:15,42,42099,0,0,2,1,1,1,1,4,1,01,2,2,015,065,1,0,1,3,1,16,5,1,2,00,2,1,5,200500044806A01,7,1,1
200500044806,2005-07-22,2005,juillet,vendredi,17:15,42,42099,0,0,2,1,1,1,1,4,1,01,2,2,015,065,1,0,1,3,1,13,0,1,9,00,2,1,5,200500044806A01,7,1,1
200500044809,2005-07-28,2005,juillet,jeudi,14:30,42,42095,0,0,2,1,2,1,1,3,1,01,1,2,000,080,1,0,1,3,1,20,5,0,0,00,2,1,1,200500044809A01,7,1,1
200500044827,2005-07-25,2005,juillet,lundi,17:00,42,42127,0,0,2,1,6,1,1,9,2,02,1,2,000,065,1,0,1,4,1,80,5,1,9,14,0,1,1,200500044827A01,,,
200500044838,2005-07-04,2005,juillet,lundi,18:20,42,42305,0,0,2,2,3,1,1,4,2,03,1,1,000,089,1,5,1,3,1,21,1,1,2,00,2,1,0,200500044838B01,7,15,1
200500044840,2005-07-06,2005,juillet,mercredi,83:0,42,42218,0,0,1,1,6,1,1,4,1,00,1,1,000,060,1,0,1,4,1,71,5,1,2,01,0,1,1,200500044840B01,7,22,1
200500044843,2005-07-12,2005,juillet,mardi,14:39,42,42218,0,0,2,1,1,1,1,4,2,02,2,3,000,080,1,0,1,3,1,13,5,1,9,00,2,1,13,200500044843A01,7,1,1
200500044850,2005-07-21,2005,juillet,jeudi,20:24,42,42218,0,0,2,1,6,2,1,4,1,01,1,1,000,035,1,0,1,4,2,26,5,1,2,01,0,1,1,200500044850B01,7,22,1
200500044855,2005-07-27,2005,juillet,mercredi,20:02,42,42218,0,0,2,3,3,1,1,4,1,01,2,1,000,046,1,0,1,4,1,12,5,1,2,00,2,1,21,200500044855B01,7,9,1
200500044860,2005-07-08,2005,juillet,vendredi,22:30,44,44055,0,0,2,1,6,5,1,4,-1,00,1,1,000,000,1,0,4,1,1,30,5,1,9,00,1,1,0,200500044860A01,,,
200500044872,2005-07-04,2005,juillet,lundi,12:30,44,44109,0,0,2,1,6,2,1,4,-1,00,2,1,000,000,1,0,1,3,1,51,0,1,9,00,9,1,1,200500044872B01,7,15,1
200500044881,2005-07-08,2005,juillet,vendredi,19:05,44,44109,0,0,2,3,5,1,1,4,1,01,3,1,000,060,1,0,1,3,1,20,0,0,0,00,2,1,5,200500044881A01,7,1,2
200500044883,2005-07-06,2005,juillet,mercredi,16:30,44,44109,0,0,2,1,6,1,1,4,1,01,-1,1,000,000,1,0,3,3,1,30,2,1,9,00,2,1,1,200500044883B01,7,5,1
200500044887,2005-07-13,2005,juillet,mercredi,10:02,44,44109,0,0,2,1,3,1,1,4,2,00,1,1,000,000,1,0,1,4,1,26,0,1,2,00,2,0,2,200500044887B01,17,2,1
200500044889,2005-07-12,2005,juillet,mardi,73:0,44,44109,0,0,2,1,2,1,1,4,2,02,1,1,000,060,1,0,1,3,1,43,1,1,2,00,2,3,1,200500044889B01,7,2,1
200500044890,2005-07-11,2005,juillet,lundi,12:36,44,44215,0,0,2,1,6,1,1,4,2,02,1,3,000,000,1,0,1,4,2,48,9,1,9,01,0,1,1,200500044890B01,7,22,1
200500044891,2005-07-13,2005,juillet,mercredi,10:00,44,44109,0,0,2,1,2,1,1,4,2,02,1,1,300,350,1,0,5,3,1,26,0,1,9,00,0,0,2,200500044891B01,13,2,1
200500044892,2005-07-15,2005,juillet,vendredi,18:50,44,44109,0,0,2,3,6,1,1,4,2,02,1,3,000,060,1,0,1,4,1,15,5,1,9,00,2,1,1,200500044892A01,7,1,1
200500044902,2005-07-20,2005,juillet,mercredi,14:40,44,44109,0,0,2,1,3,1,1,4,2,02,1,1,000,100,1,0,1,4,1,16,0,1,9,00,2,2,1,200500044902B01,7,15,1
200500044921,2005-07-10,2005,juillet,dimanche,11:55,44,44184,0,0,2,1,6,1,1,4,-1,02,1,1,000,074,1,0,1,1,1,39,9,1,2,00,1,1,1,200500044921A01,,,
200500044925,2005-07-17,2005,juillet,dimanche,10:00,44,44184,0,0,2,1,3,1,1,4,2,02,1,3,000,040,9,0,1,4,1,67,5,1,2,00,2,3,2,200500044925A01,7,2,1
200500044937,2005-07-18,2005,juillet,lundi,10:50,45,45147,0,0,2,1,3,1,1,2,2,02,1,1,000,050,1,0,1,4,1,34,9,1,9,01,0,1,1,200500044937B01,7,22,1
200500044946,2005-07-22,2005,juillet,vendredi,11:40,45,45234,0,0,2,2,3,1,1,2,2,02,1,1,000,070,1,0,0,3,1,22,4,1,9,00,2,1,1,200500044946B01,7,9,1
200500044948,2005-07-22,2005,juillet,vendredi,19:55,45,45232,0,0,2,3,3,1,1,4,2,02,1,-1,000,050,1,0,0,4,1,66,0,1,9,00,2,0,0,200500044948B01,7,1,1
200500044952,2005-07-22,2005,juillet,vendredi,12:00,45,45232,0,0,2,1,6,1,1,4,2,02,1,1,000,057,1,0,0,4,1,53,5,1,2,01,2,4,1,200500044952B01,7,17,1
200500044966,2005-07-22,2005,juillet,vendredi,20:30,47,47157,0,0,2,2,3,1,1,9,2,02,1,1,000,700,1,5,1,4,1,20,5,1,9,00,0,1,19,200500044966B01,7,15,1
200500044973,2005-07-02,2005,juillet,samedi,15:18,49,49007,0,0,2,1,7,1,1,4,-1,01,-1,1,000,070,9,0,1,2,1,13,5,1,9,00,0,0,14,200500044973A01,,,
200500044975,2005-07-03,2005,juillet,dimanche,18:00,49,49246,0,0,2,1,6,1,1,4,2,02,1,1,000,091,1,0,1,4,1,48,5,1,9,01,0,1,1,200500044975A01,,,
200500044999,2005-07-17,2005,juillet,dimanche,90:0,49,49007,0,0,2,1,6,1,1,4,2,03,1,1,000,100,1,0,1,4,2,51,0,1,9,01,0,1,1,200500044999B01,7,22,1
200500045040,2005-07-14,2005,juillet,jeudi,21:45,50,50173,0,0,2,1,3,1,1,4,2,02,2,1,000,031,1,0,5,3,1,21,5,1,9,00,2,1,1,200500045040B01,7,10,1
200500045044,2005-07-22,2005,juillet,vendredi,11:40,50,50602,0,0,2,1,3,1,1,3,2,02,1,1,000,060,1,0,1,4,2,31,1,1,9,00,2,4,15,200500045044B01,7,17,1
200500045045,2005-07-23,2005,juillet,samedi,17:10,50,50173,0,0,2,1,3,1,8,4,2,02,2,3,000,087,1,0,1,3,1,19,5,1,2,00,2,1,13,200500045045A01,7,1,1
200500045049,2005-07-28,2005,juillet,jeudi,16:10,50,50129,0,0,2,1,3,1,1,4,2,02,1,1,000,000,1,0,1,4,1,33,5,1,2,00,2,1,1,200500045049B01,7,1,1
200500045060,2005-07-01,2005,juillet,vendredi,16:55,51,51454,0,0,2,1,6,1,1,4,1,01,1,1,000,068,1,0,5,4,1,35,5,1,2,00,1,1,5,200500045060A01,,,
200500045060,2005-07-01,2005,juillet,vendredi,16:55,51,51454,0,0,2,1,6,1,1,4,1,01,1,1,000,068,1,0,5,1,2,15,5,0,0,00,1,1,5,200500045060A01,,,
200500045061,2005-07-01,2005,juillet,vendredi,16:50,51,51454,0,0,2,3,1,1,1,4,2,04,4,1,000,108,1,0,1,2,1,37,9,1,9,00,2,1,15,200500045061A01,18,1,1
200500045072,2005-07-27,2005,juillet,mercredi,74:0,51,51454,0,0,2,2,3,1,1,4,2,02,1,1,000,060,1,0,0,3,1,60,5,1,9,00,2,8,2,200500045072B01,7,1,1
200500045081,2005-07-16,2005,juillet,samedi,55:5,52,52121,0,0,1,1,6,2,1,3,2,02,2,3,000,070,1,0,1,4,1,24,1,1,9,00,2,8,1,200500045081A01,99,0,1
200500045083,2005-07-03,2005,juillet,dimanche,13:30,52,52534,0,0,2,9,6,1,1,6,1,01,1,1,000,000,1,0,1,3,1,6,5,1,9,00,2,3,9,200500045083B01,7,21,1
200500045094,2005-07-26,2005,juillet,mardi,13:05,53,53130,0,0,2,1,3,1,2,4,2,02,2,1,000,070,2,0,1,3,1,17,1,1,2,00,2,1,19,200500045094B01,7,1,1
200500045096,2005-07-10,2005,juillet,dimanche,13:55,54,54263,0,0,2,1,3,1,1,3,2,02,2,1,000,032,1,0,1,4,1,17,5,1,2,00,2,8,13,200500045096B01,7,17,1
200500045111,2005-07-12,2005,juillet,mardi,18:00,54,54395,0,0,2,1,6,1,1,4,1,01,1,1,000,047,1,0,1,4,1,63,5,1,2,00,1,1,1,200500045111A01,,,
200500045137,2005-07-03,2005,juillet,dimanche,21:10,56,56083,0,0,2,1,3,5,1,9,2,02,2,1,000,000,1,0,1,3,1,15,9,1,4,00,0,3,1,200500045137B01,7,1,1
200500045171,2005-07-28,2005,juillet,jeudi,19:20,56,56107,0,0,2,6,2,1,1,9,2,02,1,1,000,000,1,0,1,4,2,22,9,1,9,00,2,4,1,200500045171A01,7,1,1
200500045195,2005-07-01,2005,juillet,vendredi,16:30,57,57143,0,0,2,1,7,1,1,4,2,02,1,1,000,090,9,0,1,3,1,18,5,1,9,14,0,0,1,200500045195A01,,,
200500045200,2005-07-06,2005,juillet,mercredi,22:45,57,57253,0,0,2,1,6,1,1,3,2,02,1,1,000,000,1,0,1,4,2,58,5,1,9,01,0,1,1,200500045200B01,7,22,1
200500045207,2005-07-03,2005,juillet,dimanche,20:05,57,57412,0,0,2,1,6,1,1,4,2,02,1,1,000,075,1,0,1,4,1,27,9,1,9,01,0,1,1,200500045207B01,7,24,1
200500045208,2005-07-06,2005,juillet,mercredi,11:10,57,57463,0,0,2,1,6,1,1,4,1,01,1,2,000,092,1,0,1,4,1,71,0,1,9,00,2,1,1,200500045208B01,7,14,1
200500045213,2005-07-17,2005,juillet,dimanche,18:00,57,57487,0,0,1,1,1,1,1,4,2,02,2,4,000,040,1,0,1,3,1,16,9,1,9,00,2,1,1,200500045213A01,7,1,1
200500045215,2005-07-21,2005,juillet,jeudi,13:10,57,57463,0,0,2,1,6,1,1,4,2,02,1,1,000,006,1,0,1,4,2,15,9,1,9,00,2,0,19,200500045215B01,7,1,1
200500045217,2005-07-24,2005,juillet,dimanche,10:45,57,57616,0,0,2,1,6,1,1,3,2,02,2,1,000,100,1,0,1,4,1,31,5,1,9,00,2,0,2,200500045217A01,99,2,1
200500045220,2005-07-27,2005,juillet,mercredi,14:50,57,57463,0,0,2,1,2,1,1,4,2,02,1,1,000,075,1,0,1,4,1,14,5,1,9,00,0,4,1,200500045220B01,7,2,1
200500045236,2005-07-03,2005,juillet,dimanche,20:25,58,58194,0,0,2,1,7,1,1,4,3,02,1,1,000,051,1,0,1,4,1,45,5,1,9,00,0,0,1,200500045236A01,,,
200500045237,2005-07-03,2005,juillet,dimanche,11:30,58,58194,0,0,2,1,3,1,1,4,4,02,1,2,000,000,1,0,1,4,2,23,5,1,9,00,2,1,1,200500045237B01,7,9,1
200500045256,2005-07-05,2005,juillet,mardi,13:30,59,59156,0,0,2,1,6,1,1,4,2,02,1,1,000,055,-1,5,1,3,1,54,5,1,2,00,0,0,5,200500045256B01,20,0,1
200500045257,2005-07-05,2005,juillet,mardi,16:00,59,59178,0,0,2,6,2,1,1,4,1,00,1,-1,000,000,1,3,0,3,1,20,5,1,9,00,2,1,19,200500045257B01,14,16,1
200500045264,2005-07-09,2005,juillet,samedi,15:30,59,59183,0,0,2,9,3,1,1,4,2,02,1,1,000,048,1,0,1,4,2,26,5,1,9,00,2,8,1,200500045264B01,7,0,1
200500045264,2005-07-09,2005,juillet,samedi,15:30,59,59183,0,0,2,9,3,1,1,4,2,02,1,1,000,048,1,0,1,3,2,3,0,1,9,00,2,8,1,200500045264B01,7,0,1
200500045281,2005-07-28,2005,juillet,jeudi,15:55,59,59272,0,0,2,2,3,1,1,4,2,02,1,1,000,058,1,0,1,3,1,14,5,1,9,00,0,1,1,200500045281A01,7,1,1
200500045282,2005-07-10,2005,juillet,dimanche,16:30,59,59295,0,0,2,1,6,1,1,4,1,01,1,3,000,000,1,5,4,1,1,23,9,1,2,00,1,1,13,200500045282A01,,,
200500045288,2005-07-03,2005,juillet,dimanche,18:00,59,59350,0,0,2,3,6,1,1,4,2,02,1,1,000,039,1,0,1,4,1,9,9,1,9,00,2,1,0,200500045288B01,7,2,1
200500045289,2005-07-04,2005,juillet,lundi,14:10,59,59350,0,0,2,6,6,1,1,4,1,03,1,2,000,120,1,5,1,4,1,62,5,1,9,00,2,7,1,200500045289B01,7,9,1
200500045292,2005-07-06,2005,juillet,mercredi,74:5,59,59328,0,0,2,7,3,1,1,4,1,01,1,1,000,035,1,0,1,4,1,43,1,1,9,00,2,6,2,200500045292B01,7,15,1
200500045294,2005-07-07,2005,juillet,jeudi,17:40,59,59350,0,0,2,3,3,1,1,4,2,04,1,1,030,159,1,0,1,4,1,14,5,1,9,00,2,5,15,200500045294A01,7,1,1
200500045304,2005-07-13,2005,juillet,mercredi,16:05,59,59328,0,0,2,1,5,1,1,4,3,02,1,1,030,090,1,0,1,4,1,18,5,1,9,00,2,1,19,200500045304B01,7,10,1
200500045304,2005-07-13,2005,juillet,mercredi,16:05,59,59328,0,0,2,1,5,1,1,4,3,02,1,1,030,090,1,0,1,4,1,17,5,1,9,01,2,1,19,200500045304C01,7,10,1
200500045305,2005-07-04,2005,juillet,lundi,21:50,59,59286,0,0,2,1,2,2,1,4,2,02,1,1,000,059,1,0,1,4,2,21,9,1,4,00,2,4,0,200500045305B01,7,0,1
200500045308,2005-07-17,2005,juillet,dimanche,14:45,59,59009,0,0,2,2,6,1,1,4,2,03,1,1,000,180,1,0,1,4,1,30,9,1,9,00,2,1,16,200500045308B01,7,15,1
200500045311,2005-07-19,2005,juillet,mardi,73:5,59,59378,0,0,2,1,3,1,1,4,1,01,1,1,000,051,1,0,1,3,2,20,5,1,2,00,2,1,1,200500045311B01,7,14,1
200500045314,2005-07-21,2005,juillet,jeudi,1:,59,59350,0,0,2,1,2,5,1,4,1,01,1,1,000,500,1,0,5,4,1,25,1,1,4,00,2,4,1,200500045314B01,7,0,1
200500045343,2005-07-10,2005,juillet,dimanche,19:00,59,59512,0,0,2,3,6,1,1,4,2,00,1,1,000,000,1,5,1,3,1,15,5,1,9,00,2,8,0,200500045343B01,7,1,1
200500045351,2005-07-19,2005,juillet,mardi,15:05,59,59650,0,0,2,2,3,1,1,4,2,02,1,1,000,000,1,0,1,3,1,85,5,1,9,00,2,3,1,200500045351B01,7,1,1
200500045360,2005-07-22,2005,juillet,vendredi,19:45,59,59299,0,0,2,1,2,1,1,4,4,02,1,1,000,000,1,0,1,3,2,9,0,1,2,00,2,1,1,200500045360B01,7,4,1
200500045362,2005-07-23,2005,juillet,samedi,10:50,59,59650,0,0,2,1,6,1,1,4,-1,00,1,1,000,000,1,0,1,4,1,16,4,1,2,00,1,0,1,200500045362A01,,,
200500045399,2005-07-21,2005,juillet,jeudi,18:55,62,62193,0,0,2,1,2,1,1,4,2,02,1,3,000,100,1,0,1,1,1,19,5,1,4,00,2,4,13,200500045399A01,5,2,1
200500045404,2005-07-04,2005,juillet,lundi,19:00,62,62907,0,0,2,3,3,1,1,4,3,02,1,1,000,100,1,5,1,4,2,73,5,1,9,00,2,1,1,200500045404B01,7,0,1
200500045410,2005-07-03,2005,juillet,dimanche,91:5,62,62624,0,0,2,9,2,1,1,2,2,02,1,1,000,062,1,0,1,4,2,48,5,1,9,00,2,1,15,200500045410A01,7,4,1
200500045421,2005-07-31,2005,juillet,dimanche,19:30,62,62498,0,0,2,1,6,1,1,4,2,02,1,1,000,060,1,0,1,3,1,6,5,1,9,00,0,0,19,200500045421A01,,,
200500045431,2005-07-18,2005,juillet,lundi,16:47,62,62225,0,0,2,9,6,1,1,3,2,01,1,1,000,055,1,0,0,3,1,31,5,1,9,00,0,4,1,200500045431B01,7,2,1
200500045446,2005-07-10,2005,juillet,dimanche,14:30,63,63113,0,0,2,1,6,1,1,4,2,02,1,1,000,000,1,0,1,4,1,10,5,1,9,00,2,1,15,200500045446A01,7,1,1
200500045488,2005-07-10,2005,juillet,dimanche,13:55,63,63164,0,0,1,5,3,1,1,3,-1,02,1,2,000,080,1,5,1,3,1,80,5,1,9,00,2,1,9,200500045488B01,7,0,1
200500045536,2005-07-01,2005,juillet,vendredi,15:15,64,64445,0,0,2,1,6,1,1,4,2,02,1,1,000,000,1,0,1,4,1,50,5,1,9,00,2,8,2,200500045536B01,18,2,1
200500045543,2005-07-18,2005,juillet,lundi,17:30,64,64445,0,0,2,1,3,1,1,2,2,02,1,1,000,000,1,0,1,3,1,17,9,1,9,00,2,1,19,200500045543A01,7,1,1
200500045572,2005-07-19,2005,juillet,mardi,55:0,64,64249,0,0,1,1,2,2,2,2,2,02,3,1,000,090,2,0,1,2,1,45,5,1,2,00,2,4,1,200500045572B01,7,2,1
200500045586,2005-07-01,2005,juillet,vendredi,74:5,65,65047,0,0,2,3,3,1,1,3,2,02,1,1,000,071,1,0,1,4,2,70,5,1,9,00,2,1,1,200500045586A01,7,16,1
200500045596,2005-07-17,2005,juillet,dimanche,11:05,65,65440,0,0,2,2,2,1,1,4,2,03,1,1,000,110,1,0,1,4,2,81,3,1,9,00,2,4,16,200500045596A01,7,2,1
200500045599,2005-07-25,2005,juillet,lundi,95:0,65,65440,0,0,2,6,3,1,1,3,1,02,1,2,000,068,1,0,1,4,2,21,1,1,4,00,0,8,1,200500045599B01,7,16,1
200500045600,2005-07-26,2005,juillet,mardi,80:5,65,65440,0,0,2,6,3,1,1,2,3,02,1,3,010,095,1,0,1,4,2,51,1,1,9,00,2,1,1,200500045600B01,7,16,1
200500045606,2005-07-09,2005,juillet,samedi,64:0,66,66136,0,0,1,1,3,1,1,4,1,02,1,2,160,080,1,5,0,4,2,68,5,1,4,00,2,5,1,200500045606B01,7,1,1
200500045617,2005-07-01,2005,juillet,vendredi,17:40,67,67482,0,0,2,1,3,1,1,4,2,04,1,1,000,132,1,0,4,4,1,12,5,1,9,00,2,1,1,200500045617A01,5,9,1
200500045619,2005-07-03,2005,juillet,dimanche,20:15,67,67482,0,0,2,1,3,1,1,4,2,02,1,1,000,086,1,0,1,4,1,18,5,1,9,00,2,8,19,200500045619B01,7,1,1
200500045621,2005-07-04,2005,juillet,lundi,92:5,67,67447,0,0,2,2,3,1,1,4,2,02,1,1,000,090,1,0,1,4,1,37,1,1,9,00,2,6,15,200500045621A01,10,17,1
200500045624,2005-07-05,2005,juillet,mardi,14:35,67,67482,0,0,2,6,1,1,1,4,1,02,1,2,000,070,1,5,1,4,2,25,1,1,9,00,2,6,19,200500045624B01,7,1,1
200500045632,2005-07-08,2005,juillet,vendredi,82:0,67,67482,0,0,2,3,3,1,1,4,2,02,1,2,000,157,1,5,1,4,1,14,5,1,4,00,2,7,1,200500045632B01,10,15,1
200500045634,2005-07-08,2005,juillet,vendredi,14:00,67,67482,0,0,2,1,3,1,1,4,2,02,1,1,000,070,1,0,5,4,1,22,5,1,2,01,0,1,1,200500045634B01,7,22,1