Num_Acc,date,an,mois,jour,hrmn,dep,com,lat,long,agg,int,col,lum,atm,catr,circ,nbv,prof,plan,lartpc,larrout,surf,infra,situ,grav,sexe,age,trajet,secuexist,equipement,obs,obsm,choc,manv,vehiculeid,typevehicules,manoeuvehicules,numVehicules
200500045640,2005-07-11,2005,juillet,lundi,11:55,67,67482,0,0,2,1,3,1,1,4,2,02,1,1,000,067,1,0,1,4,1,10,5,1,9,00,2,3,9,200500045640A01,7,1,1
200500045641,2005-07-11,2005,juillet,lundi,19:43,67,67482,0,0,2,4,6,2,1,4,1,00,1,3,000,050,1,5,4,4,1,15,5,1,9,01,0,1,16,200500045641A01,,,
200500045647,2005-07-12,2005,juillet,mardi,16:40,67,67482,0,0,2,2,3,1,1,4,2,04,1,1,000,153,1,0,1,4,1,17,5,1,9,00,2,1,19,200500045647A01,7,1,1
200500045653,2005-07-19,2005,juillet,mardi,84:5,67,67482,0,0,2,1,3,1,1,4,1,04,1,1,000,170,1,0,1,4,2,20,5,1,9,00,2,7,1,200500045653B01,7,13,1
200500045660,2005-07-27,2005,juillet,mercredi,12:30,67,67482,0,0,2,1,6,1,1,4,1,02,1,1,000,000,1,6,4,4,2,82,5,0,0,00,1,1,0,200500045660A01,,,
200500045664,2005-07-02,2005,juillet,samedi,10:05,68,68066,0,0,2,3,3,1,1,3,2,02,1,3,024,094,1,0,5,4,2,90,5,1,2,00,2,1,1,200500045664B01,7,16,1
200500045665,2005-07-05,2005,juillet,mardi,11:35,68,68066,0,0,2,2,3,1,1,4,2,02,1,1,000,063,1,0,1,4,1,16,5,0,0,00,2,1,1,200500045665A01,7,1,1
200500045667,2005-07-19,2005,juillet,mardi,10:06,68,68066,0,0,2,6,3,1,1,3,1,01,1,2,000,080,1,5,5,3,1,66,5,1,2,00,2,1,1,200500045667B01,10,16,1
200500045668,2005-07-20,2005,juillet,mercredi,94:5,68,68066,0,0,2,2,2,1,1,4,2,04,1,1,000,108,1,0,1,4,2,20,5,1,2,00,2,4,1,200500045668B01,7,1,1
200500045669,2005-07-26,2005,juillet,mardi,11:20,68,68066,0,0,2,4,3,1,1,4,1,01,1,3,000,138,1,0,5,1,1,18,3,1,2,00,2,3,15,200500045669A01,1,1,1
200500045669,2005-07-26,2005,juillet,mardi,11:20,68,68066,0,0,2,4,3,1,1,4,1,01,1,3,000,138,1,0,5,4,2,72,3,1,2,00,2,2,1,200500045669B01,1,15,1
200500045691,2005-07-25,2005,juillet,lundi,74:5,68,68224,0,0,2,1,3,1,1,3,1,02,1,1,000,074,1,0,4,4,1,36,1,1,2,00,2,1,1,200500045691A01,7,9,1
200500045693,2005-07-27,2005,juillet,mercredi,19:45,68,68149,0,0,1,6,3,1,1,3,1,01,1,2,000,100,1,5,1,4,1,33,3,1,9,00,2,1,1,200500045693B01,13,16,1
200500045695,2005-07-02,2005,juillet,samedi,22:30,69,69034,0,0,2,3,6,5,1,3,2,02,1,1,000,060,1,0,1,4,1,39,5,1,2,00,2,4,19,200500045695B01,7,1,1
200500045704,2005-07-13,2005,juillet,mercredi,84:5,69,69256,0,0,2,6,6,1,1,4,1,02,1,2,000,120,1,5,1,4,2,51,9,1,9,00,2,0,1,200500045704B01,7,16,1
200500045705,2005-07-04,2005,juillet,lundi,17:30,69,69259,0,0,2,1,6,1,1,6,2,02,1,1,000,085,1,0,1,3,1,49,5,1,9,00,1,0,1,200500045705A01,,,
200500045707,2005-07-08,2005,juillet,vendredi,74:5,69,69259,0,0,2,2,3,1,1,4,2,02,1,1,000,000,1,0,1,4,1,23,1,1,9,01,2,4,1,200500045707B01,7,1,1
200500045717,2005-07-15,2005,juillet,vendredi,45:,69,69259,0,0,2,2,3,5,1,4,2,02,1,1,000,110,1,0,1,4,1,49,5,1,2,00,2,1,15,200500045717A01,7,2,1
200500045721,2005-07-28,2005,juillet,jeudi,17:05,69,69199,0,0,2,1,2,1,1,4,2,02,1,1,000,000,1,0,1,4,1,24,5,1,9,00,2,4,13,200500045721B01,5,1,1
200500045728,2005-07-11,2005,juillet,lundi,11:45,69,69266,0,0,2,3,6,1,1,4,1,04,2,2,015,115,1,0,1,4,1,22,1,1,9,00,2,1,1,200500045728A01,7,16,1
200500045730,2005-07-14,2005,juillet,jeudi,17:00,69,69266,0,0,2,2,3,1,1,4,1,02,1,1,000,130,1,0,1,4,1,33,0,1,2,00,2,1,1,200500045730B01,7,1,1
200500045739,2005-07-27,2005,juillet,mercredi,11:10,69,69266,0,0,2,3,3,1,1,4,2,01,1,1,000,120,1,0,1,4,1,8,5,1,9,00,2,0,1,200500045739B01,7,1,1
200500045740,2005-07-27,2005,juillet,mercredi,22:35,69,69275,0,0,2,3,3,5,1,3,2,02,2,1,000,060,1,0,5,4,1,23,5,1,9,00,2,1,1,200500045740B01,7,16,1
200500045751,2005-07-25,2005,juillet,lundi,15:48,69,69290,0,0,1,1,2,1,1,4,3,02,1,1,000,060,1,0,1,3,1,67,5,1,9,00,2,4,2,200500045751B01,7,2,1
200500045753,2005-07-07,2005,juillet,jeudi,17:40,70,70550,0,0,2,2,3,1,1,4,2,02,3,1,000,059,1,5,1,3,2,39,5,1,9,00,2,8,16,200500045753B01,17,16,1
200500045778,2005-07-03,2005,juillet,dimanche,11:00,72,72181,0,0,2,1,2,1,1,9,1,01,1,1,000,071,1,0,1,4,2,74,3,1,2,00,0,4,1,200500045778B01,7,21,1
200500045781,2005-07-05,2005,juillet,mardi,15:20,72,72181,0,0,2,1,6,1,1,9,2,04,1,1,000,120,1,0,1,4,1,56,3,1,2,01,0,4,1,200500045781B01,5,1,1
200500045802,2005-07-25,2005,juillet,lundi,16:50,72,72181,0,0,2,1,2,1,1,9,2,02,1,1,000,080,1,0,1,3,1,70,3,1,2,00,0,4,1,200500045802B01,7,1,1
200500045808,2005-07-19,2005,juillet,mardi,18:54,73,73008,0,0,2,1,3,1,1,4,1,02,1,-1,290,480,1,5,1,3,2,70,3,1,9,00,0,8,1,200500045808B01,7,16,1
200500045815,2005-07-04,2005,juillet,lundi,12:30,74,74010,0,0,2,3,6,1,1,4,3,03,1,1,000,105,1,0,1,4,2,25,5,1,9,00,0,4,7,200500045815B01,7,7,1
200500045825,2005-07-23,2005,juillet,samedi,15:23,74,74133,0,0,2,2,3,1,1,4,2,02,1,1,000,070,1,0,1,3,1,27,5,1,9,00,2,1,1,200500045825B01,7,15,1
200500045838,2005-07-02,2005,juillet,samedi,12:45,75,75020,0,0,2,1,7,1,1,4,2,02,2,1,000,060,1,0,1,3,1,29,1,0,0,00,0,0,1,200500045838A01,,,
200500045841,2005-07-04,2005,juillet,lundi,17:40,75,75017,0,0,2,1,3,1,1,4,2,02,1,1,000,060,1,0,1,3,2,30,5,0,0,00,2,3,1,200500045841B01,7,5,1
200500045858,2005-07-18,2005,juillet,lundi,14:05,75,75009,0,0,2,2,3,1,1,4,1,01,1,1,000,030,1,0,1,4,1,21,5,1,2,00,2,3,18,200500045858A01,14,16,1
200500045864,2005-07-01,2005,juillet,vendredi,15:30,75,75006,0,0,2,1,3,1,1,4,2,02,1,1,000,060,1,0,1,4,1,65,5,0,0,00,2,1,1,200500045864B01,7,22,1
200500045876,2005-07-02,2005,juillet,samedi,19:25,75,75006,0,0,2,3,3,1,1,4,1,03,1,1,000,090,1,0,1,4,1,25,1,0,0,00,2,3,19,200500045876A01,7,1,1
200500045882,2005-07-02,2005,juillet,samedi,17:25,75,75012,0,0,2,3,6,1,1,4,1,06,1,1,000,180,1,0,1,1,1,22,5,0,0,00,1,1,1,200500045882A01,,,
200500045903,2005-07-03,2005,juillet,dimanche,18:20,75,75018,0,0,2,1,6,1,1,4,3,02,1,1,010,060,1,0,1,4,2,55,5,0,0,00,2,3,1,200500045903B01,7,0,1
200500045925,2005-07-05,2005,juillet,mardi,84:0,75,75018,0,0,2,2,3,1,1,4,3,02,1,1,010,060,1,0,1,4,1,48,5,0,0,00,2,1,7,200500045925A01,18,1,1
200500045926,2005-07-05,2005,juillet,mardi,83:0,75,75018,0,0,2,1,3,1,1,4,2,02,1,1,000,060,1,0,1,4,2,54,1,0,0,00,2,1,1,200500045926B01,7,22,1
200500045937,2005-07-08,2005,juillet,vendredi,80:0,75,75013,0,0,2,1,2,1,1,4,2,02,1,1,000,060,1,0,1,4,2,41,4,0,0,00,2,1,1,200500045937A01,7,1,1
200500045940,2005-07-21,2005,juillet,jeudi,20:25,75,75017,0,0,2,2,3,1,1,4,2,04,1,1,000,120,1,0,1,2,2,39,1,0,0,00,2,8,19,200500045940B01,16,16,1
200500045943,2005-07-22,2005,juillet,vendredi,15:35,75,75003,0,0,2,2,3,1,1,4,1,01,1,1,000,030,1,0,1,4,1,23,9,0,0,00,2,1,5,200500045943A01,7,1,1
200500045949,2005-07-02,2005,juillet,samedi,11:20,75,75008,0,0,2,3,6,1,1,4,1,03,1,1,000,090,1,0,1,4,2,30,5,0,0,00,1,1,1,200500045949A01,,,
200500045951,2005-07-03,2005,juillet,dimanche,12:11,75,75012,0,0,2,1,3,1,1,4,2,02,1,1,000,060,1,0,1,3,1,41,5,0,0,00,2,3,18,200500045951A01,7,1,1
200500045961,2005-07-05,2005,juillet,mardi,18:00,75,75019,0,0,2,2,1,1,1,4,1,02,1,1,000,060,1,0,4,4,1,11,5,0,0,00,2,1,1,200500045961B01,2,0,1
200500045985,2005-07-07,2005,juillet,jeudi,84:0,75,75017,0,0,2,1,6,1,1,4,2,04,1,1,000,120,1,0,1,1,1,33,5,0,0,00,1,1,1,200500045985A01,,,
200500046017,2005-07-10,2005,juillet,dimanche,14:20,75,75004,0,0,2,2,6,1,1,4,1,02,1,1,000,060,1,0,1,1,1,30,5,0,0,00,1,1,1,200500046017A01,,,
200500046022,2005-07-10,2005,juillet,dimanche,10:00,75,75011,0,0,2,1,6,1,1,4,1,02,1,1,000,060,1,0,4,1,2,7,5,0,0,00,1,1,1,200500046022A01,,,
200500046024,2005-07-10,2005,juillet,dimanche,13:10,75,75013,0,0,2,1,2,1,1,4,2,03,1,1,000,090,1,0,1,4,1,37,5,0,0,00,2,1,1,200500046024B01,7,24,1
200500046035,2005-07-11,2005,juillet,lundi,10:40,75,75010,0,0,2,4,3,1,1,4,2,04,1,1,000,120,1,0,1,4,1,33,5,0,0,00,2,1,5,200500046035A01,7,15,1
200500046037,2005-07-11,2005,juillet,lundi,22:55,75,75011,0,0,2,3,1,5,1,4,1,01,1,1,000,030,1,0,1,4,1,15,5,0,0,00,2,1,16,200500046037A01,10,1,1
200500046041,2005-07-11,2005,juillet,lundi,91:5,75,75015,0,0,2,1,3,1,1,4,2,02,1,1,000,060,1,0,4,4,2,49,9,0,0,00,2,2,1,200500046041A01,7,9,1
200500046062,2005-07-12,2005,juillet,mardi,19:20,75,75012,0,0,2,2,3,1,1,4,2,02,1,1,000,060,1,0,1,4,2,36,5,0,0,00,2,3,1,200500046062A01,5,1,1
200500046065,2005-07-12,2005,juillet,mardi,19:30,75,75015,0,0,2,3,3,1,1,4,1,02,1,1,000,060,1,0,1,4,1,46,5,0,0,00,2,3,1,200500046065B01,7,17,1
200500046086,2005-07-13,2005,juillet,mercredi,93:0,75,75018,0,0,2,1,6,1,1,4,2,03,1,1,010,090,1,0,1,1,1,31,5,0,0,00,1,1,1,200500046086A01,,,
200500046104,2005-07-15,2005,juillet,vendredi,16:15,75,75010,0,0,2,1,6,1,1,4,1,02,1,1,000,060,1,0,1,1,1,60,5,0,0,00,1,1,1,200500046104A01,,,
200500046108,2005-07-15,2005,juillet,vendredi,12:41,75,75020,0,0,2,2,3,1,1,4,2,02,1,1,000,060,1,0,1,4,1,51,4,1,2,00,2,3,1,200500046108B01,5,0,1
200500046111,2005-07-15,2005,juillet,vendredi,13:40,75,75012,0,0,2,1,6,1,1,4,2,02,1,1,000,060,1,0,1,3,2,62,5,0,0,00,1,1,1,200500046111A01,,,
200500046117,2005-07-16,2005,juillet,samedi,15:30,75,75002,0,0,2,3,6,1,1,4,1,01,1,1,000,030,1,0,1,1,1,49,1,0,0,00,1,3,1,200500046117A01,,,
200500046121,2005-07-16,2005,juillet,samedi,22:30,75,75013,0,0,2,1,6,5,1,4,2,04,1,1,000,120,1,0,1,4,1,32,5,0,0,01,0,2,1,200500046121A01,,,
200500046144,2005-07-19,2005,juillet,mardi,31:5,75,75011,0,0,2,1,6,5,1,4,2,02,1,1,000,060,1,0,1,4,1,33,0,0,0,01,0,2,1,200500046144A01,,,
200500046147,2005-07-20,2005,juillet,mercredi,12:25,75,75004,0,0,2,3,3,1,1,4,1,02,1,1,000,060,1,0,1,4,2,57,5,0,0,00,2,1,5,200500046147A01,4,15,1
200500046154,2005-07-14,2005,juillet,jeudi,13:10,75,75018,0,0,2,1,3,1,1,4,2,02,1,1,000,060,1,0,1,4,1,24,5,0,0,00,2,1,1,200500046154A01,7,23,1
200500046179,2005-07-19,2005,juillet,mardi,16:10,75,75015,0,0,2,2,3,1,1,4,2,04,1,1,000,120,1,0,1,4,2,59,5,0,0,00,2,2,1,200500046179B01,7,13,1
200500046184,2005-07-20,2005,juillet,mercredi,13:50,75,75002,0,0,2,1,3,1,1,4,1,02,1,1,000,060,1,0,1,4,1,36,5,0,0,00,2,3,19,200500046184A01,7,1,1
200500046199,2005-07-21,2005,juillet,jeudi,20:15,75,75013,0,0,2,5,1,1,1,4,2,02,1,1,000,060,1,0,1,4,1,9,5,0,0,00,2,1,5,200500046199A01,7,1,1
200500046203,2005-07-21,2005,juillet,jeudi,71:5,75,75016,0,0,2,4,3,1,1,4,1,03,1,1,000,090,1,0,1,4,1,42,4,1,2,00,2,2,1,200500046203A01,14,1,1
200500046221,2005-07-23,2005,juillet,samedi,11:15,75,75010,0,0,2,1,3,1,1,4,1,03,1,1,000,090,1,0,1,4,1,24,5,0,0,00,2,3,18,200500046221A01,7,1,1
200500046229,2005-07-23,2005,juillet,samedi,45:,75,75016,0,0,2,5,3,5,1,4,2,02,1,1,000,060,1,0,1,4,2,36,5,0,0,00,2,1,1,200500046229A01,7,1,1
200500046268,2005-07-27,2005,juillet,mercredi,23:00,75,75012,0,0,2,1,6,5,1,4,2,04,1,1,000,120,1,0,1,4,2,31,5,0,0,01,0,1,1,200500046268A01,,,
200500046280,2005-07-27,2005,juillet,mercredi,12:10,75,75020,0,0,2,1,6,1,1,4,1,01,1,1,000,030,1,0,1,1,1,34,5,0,0,00,1,1,5,200500046280A01,,,
200500046283,2005-07-28,2005,juillet,jeudi,94:5,75,75008,0,0,2,3,1,1,1,4,2,02,1,1,000,060,1,0,1,4,1,35,5,1,2,00,2,1,5,200500046283A01,7,16,1
200500046310,2005-07-29,2005,juillet,vendredi,11:35,75,75018,0,0,2,1,1,1,1,4,2,04,1,1,000,120,1,0,1,4,1,29,5,0,0,00,2,1,5,200500046310A01,1,7,1
200500046310,2005-07-29,2005,juillet,vendredi,11:35,75,75018,0,0,2,1,1,1,1,4,2,04,1,1,000,120,1,0,1,4,1,34,4,0,0,00,2,1,7,200500046310B01,1,5,1
200500046316,2005-07-30,2005,juillet,samedi,22:05,75,75007,0,0,2,2,3,2,1,4,2,04,1,1,000,120,1,0,1,4,2,25,5,0,0,00,2,3,1,200500046316B01,14,16,1
200500046328,2005-07-30,2005,juillet,samedi,5:,75,75018,0,0,2,1,6,5,1,4,3,02,1,1,010,060,1,0,1,1,1,29,9,0,0,14,2,2,1,200500046328B01,2,18,1
200500046340,2005-07-29,2005,juillet,vendredi,11:55,75,75005,0,0,2,1,3,1,1,4,2,03,1,1,000,090,1,0,1,4,2,33,5,0,0,00,2,1,7,200500046340B01,10,22,1
200500046346,2005-07-31,2005,juillet,dimanche,19:20,75,75016,0,0,2,1,3,1,1,4,2,02,1,1,000,060,1,0,1,4,1,29,5,0,0,00,2,2,1,200500046346B01,7,22,1
200500046386,2005-07-03,2005,juillet,dimanche,16:15,76,76178,0,0,2,1,2,1,1,4,2,02,1,1,000,070,1,0,1,3,1,14,5,1,9,00,0,4,2,200500046386B01,7,17,1
200500046389,2005-07-18,2005,juillet,lundi,21:00,76,76561,0,0,2,2,1,1,1,3,2,02,1,1,000,060,1,0,1,3,1,48,5,1,9,00,2,1,1,200500046389B01,7,15,1
200500046394,2005-07-11,2005,juillet,lundi,12:00,76,76351,0,0,2,1,1,1,1,4,2,02,1,1,000,118,1,0,1,3,1,20,9,1,9,00,2,7,1,200500046394B01,14,16,1
200500046434,2005-07-22,2005,juillet,vendredi,17:10,77,77131,0,0,2,2,3,1,1,3,2,02,1,1,000,023,1,0,1,4,1,10,5,1,2,00,9,8,1,200500046434B01,7,1,1
200500046454,2005-07-22,2005,juillet,vendredi,17:30,77,77143,0,0,2,2,3,1,1,3,2,02,1,1,000,060,1,4,1,4,2,7,5,1,2,00,2,2,2,200500046454A01,7,2,1
200500046470,2005-07-07,2005,juillet,jeudi,19:15,77,77054,0,0,2,9,6,1,1,4,2,02,1,3,000,058,1,0,1,3,1,9,5,1,9,00,2,8,1,200500046470A01,7,1,1
200500046472,2005-07-08,2005,juillet,vendredi,12:30,77,77333,0,0,2,1,2,1,1,4,-1,02,1,-1,320,069,1,0,1,3,1,11,0,1,9,00,2,0,19,200500046472B01,7,4,1
200500046484,2005-07-03,2005,juillet,dimanche,16:20,77,77118,0,0,2,6,3,1,1,4,4,02,2,1,010,020,1,5,1,4,1,39,5,1,4,00,2,1,6,200500046484B01,7,2,1
200500046526,2005-07-06,2005,juillet,mercredi,14:15,78,78440,0,0,2,1,2,1,1,3,2,04,1,1,000,140,1,0,0,4,2,75,5,1,9,00,0,4,1,200500046526B01,99,0,1
200500046551,2005-07-27,2005,juillet,mercredi,10:10,78,78586,0,0,2,1,6,1,1,4,2,02,1,1,000,580,1,0,5,4,1,35,9,1,9,01,0,1,1,200500046551A01,,,
200500046591,2005-07-23,2005,juillet,samedi,18:30,80,80131,0,0,2,1,1,1,1,4,2,02,1,2,000,070,1,0,1,4,1,5,5,1,9,00,2,1,13,200500046591A01,2,1,1
200500046595,2005-07-27,2005,juillet,mercredi,17:20,80,80021,0,0,2,1,6,1,3,4,-1,01,1,1,000,060,2,6,4,1,1,21,5,1,9,00,1,1,1,200500046595A01,,,
200500046599,2005-07-29,2005,juillet,vendredi,11:35,80,80021,0,0,2,1,2,1,1,4,1,03,1,1,000,090,1,0,1,4,1,37,5,1,9,00,2,1,1,200500046599B01,7,4,1
200500046600,2005-07-29,2005,juillet,vendredi,17:25,80,80021,0,0,2,1,6,1,1,4,1,02,1,1,000,075,1,0,1,4,2,22,5,1,9,00,2,1,1,200500046600B01,7,24,1
200500046610,2005-07-08,2005,juillet,vendredi,13:55,81,81065,0,0,2,6,3,1,1,2,2,02,4,3,125,265,1,0,1,2,1,24,1,1,9,00,2,9,17,200500046610B01,14,16,1
200500046616,2005-07-22,2005,juillet,vendredi,19:15,81,81065,0,0,1,2,3,1,7,4,2,01,1,4,000,026,-1,0,1,2,1,16,5,1,9,00,2,1,1,200500046616B01,7,1,1
200500046617,2005-07-23,2005,juillet,samedi,14:00,81,81065,0,0,2,3,2,1,1,4,2,02,1,1,000,000,1,0,1,3,1,66,5,1,2,00,2,1,1,200500046617B01,7,19,1
200500046626,2005-07-21,2005,juillet,jeudi,14:15,82,82121,0,0,2,2,2,1,1,4,2,02,1,1,000,000,1,0,1,4,1,37,5,1,9,00,2,4,15,200500046626B01,99,0,1
200500046659,2005-07-14,2005,juillet,jeudi,19:10,83,83123,0,0,2,1,3,1,1,4,2,02,1,1,000,067,1,0,1,3,2,48,5,1,9,00,2,8,2,200500046659B01,7,17,1
200500046677,2005-07-29,2005,juillet,vendredi,12:05,83,83126,0,0,2,6,3,1,1,3,1,02,1,2,000,000,1,5,1,3,1,38,5,1,9,00,2,8,1,200500046677B01,7,2,1
200500046692,2005-07-10,2005,juillet,dimanche,16:30,83,83062,0,0,2,1,3,1,1,4,2,02,1,1,090,066,1,0,1,3,1,9,5,1,9,00,2,6,2,200500046692B01,4,2,1
200500046715,2005-07-08,2005,juillet,vendredi,17:15,84,84007,0,0,2,1,3,1,2,2,2,02,1,1,000,090,1,0,5,4,1,43,1,1,9,00,2,7,1,200500046715B01,2,17,1
200500046727,2005-07-21,2005,juillet,jeudi,18:00,84,84007,0,0,2,1,1,1,1,4,2,02,1,1,000,080,1,0,1,4,1,23,1,1,9,00,2,1,13,200500046727A01,7,1,1
200500046740,2005-07-18,2005,juillet,lundi,17:40,84,84035,0,0,2,1,3,1,1,4,2,02,-1,-1,000,072,1,0,1,4,1,22,0,1,9,00,2,0,1,200500046740B01,7,1,1
200500046752,2005-07-03,2005,juillet,dimanche,10:20,85,85191,0,0,2,1,6,1,1,4,2,02,2,1,000,092,1,0,1,1,1,50,5,1,9,00,1,1,2,200500046752A01,,,
200500046763,2005-07-27,2005,juillet,mercredi,19:55,85,85194,0,0,2,3,6,1,2,4,2,00,1,1,000,000,1,0,1,3,2,83,9,1,9,00,2,8,15,200500046763B01,2,1,1
200500046779,2005-07-26,2005,juillet,mardi,20:55,86,86194,0,0,2,1,1,1,1,4,2,00,1,1,000,000,1,0,0,4,1,33,9,1,9,00,2,1,1,200500046779B01,5,1,1
200500046797,2005-07-13,2005,juillet,mercredi,15:40,87,87065,0,0,1,1,7,1,1,4,2,02,2,1,000,070,1,0,3,4,1,36,5,1,2,16,0,8,1,200500046797A01,,,
200500046804,2005-07-19,2005,juillet,mardi,94:9,87,87085,0,0,2,1,7,1,1,4,2,02,2,4,000,080,1,0,1,4,1,15,5,1,2,16,0,8,1,200500046804A01,,,
200500046814,2005-07-26,2005,juillet,mardi,74:0,87,87065,0,0,1,1,2,1,1,3,2,02,4,2,000,069,1,0,1,4,1,44,1,1,2,00,2,6,1,200500046814B01,15,17,1
200500046827,2005-07-03,2005,juillet,dimanche,21:05,88,88424,0,0,2,1,6,1,1,5,-1,02,1,1,000,030,1,0,0,3,1,41,5,1,9,00,2,1,1,200500046827B01,7,1,1
200500046830,2005-07-28,2005,juillet,jeudi,13:45,88,88428,0,0,2,1,1,1,1,4,2,02,2,3,000,052,1,0,1,3,1,15,5,1,9,00,2,1,13,200500046830A01,7,1,1
200500046849,2005-07-14,2005,juillet,jeudi,15:30,91,91103,0,0,1,1,6,1,1,4,2,02,1,-1,000,048,1,0,1,3,1,15,5,1,9,00,2,1,13,200500046849B01,7,1,1
200500046868,2005-07-02,2005,juillet,samedi,15:20,91,91228,0,0,2,1,3,1,1,3,3,05,1,1,010,160,1,0,1,3,1,17,5,1,2,00,2,7,19,200500046868A01,7,1,1
200500046873,2005-07-12,2005,juillet,mardi,19:50,91,91228,0,0,2,1,3,1,1,4,2,02,1,1,000,070,1,0,1,4,2,9,5,1,2,00,2,1,19,200500046873B01,7,1,1
200500046878,2005-07-17,2005,juillet,dimanche,15:30,91,91286,0,0,2,1,1,1,1,2,3,02,1,1,060,064,1,0,1,2,1,69,5,1,2,00,2,8,11,200500046878B01,7,17,1
200500046879,2005-07-22,2005,juillet,vendredi,70:5,91,91326,0,0,2,1,3,1,1,4,3,02,1,1,000,000,1,0,1,4,1,36,0,1,2,00,0,7,0,200500046879B01,7,0,1
200500046899,2005-07-10,2005,juillet,dimanche,19:32,91,91064,0,0,2,1,3,1,1,3,2,02,2,1,000,060,1,0,1,3,1,57,5,1,2,00,2,1,1,200500046899B01,7,1,1
200500046911,2005-07-11,2005,juillet,lundi,11:30,92,92002,0,0,2,1,3,1,1,2,3,02,2,1,013,064,1,0,1,3,1,68,5,1,9,00,0,8,2,200500046911B01,14,2,1
200500046930,2005-07-14,2005,juillet,jeudi,18:50,92,92007,0,0,2,2,6,1,1,3,2,02,1,1,000,120,1,0,1,4,1,18,5,1,9,00,2,8,15,200500046930B01,7,17,1
200500046934,2005-07-04,2005,juillet,lundi,71:0,92,92012,0,0,2,1,3,1,3,3,2,02,1,1,041,098,2,0,1,4,2,24,1,1,9,00,2,1,2,200500046934B01,7,15,1
200500046943,2005-07-16,2005,juillet,samedi,15:45,92,92012,0,0,2,1,6,1,1,2,3,04,1,1,500,600,1,0,1,4,1,28,5,1,9,00,2,7,19,200500046943B01,20,2,1
200500046964,2005-07-11,2005,juillet,lundi,19:00,92,92024,0,0,2,2,2,1,1,4,2,02,1,1,000,000,1,5,1,4,2,37,1,1,2,00,0,4,15,200500046964B01,7,15,1
200500046979,2005-07-08,2005,juillet,vendredi,90:5,92,92026,0,0,2,1,3,1,1,3,2,04,1,1,000,150,1,0,1,4,2,31,4,1,9,00,2,1,1,200500046979B01,7,24,1
200500046999,2005-07-19,2005,juillet,mardi,18:05,92,92048,0,0,2,1,3,1,1,4,2,02,1,1,000,070,1,0,1,4,2,9,5,1,2,00,2,2,19,200500046999B01,7,1,1
200500047006,2005-07-06,2005,juillet,mercredi,16:25,92,92020,0,0,2,1,3,1,1,4,2,01,1,1,000,061,-1,0,1,4,1,18,5,1,9,00,2,7,19,200500047006A01,7,2,1
200500047041,2005-07-09,2005,juillet,samedi,17:55,92,92064,0,0,2,3,7,1,1,3,2,02,2,1,000,088,1,0,1,4,1,40,0,1,2,01,0,1,2,200500047041B01,7,2,1
200500047056,2005-07-29,2005,juillet,vendredi,10:15,92,92072,0,0,2,1,7,1,1,4,2,01,2,3,000,000,1,0,1,3,1,12,5,1,9,11,0,0,1,200500047056A01,,,
200500047062,2005-07-01,2005,juillet,vendredi,11:05,92,92075,0,0,2,9,3,1,1,3,2,02,1,3,000,000,1,0,1,4,2,59,1,1,9,15,2,3,15,200500047062B01,14,14,1
200500047072,2005-07-30,2005,juillet,samedi,22:15,92,92078,0,0,2,3,3,5,1,3,3,01,1,1,000,025,1,0,1,4,1,25,0,0,0,00,2,7,14,200500047072A01,7,2,1
200500047104,2005-07-03,2005,juillet,dimanche,15:35,93,93008,0,0,2,6,3,1,1,2,1,02,1,3,000,050,1,5,1,3,1,68,5,1,9,00,2,1,19,200500047104B01,7,9,1
200500047111,2005-07-08,2005,juillet,vendredi,19:15,93,93027,0,0,2,1,6,1,1,9,2,01,1,-1,000,000,1,0,1,3,1,11,0,1,9,00,0,0,0,200500047111B01,7,0,1
200500047140,2005-07-09,2005,juillet,samedi,14:25,93,93046,0,0,2,1,3,1,1,4,2,02,1,1,000,080,1,0,1,4,2,11,5,1,9,00,2,1,15,200500047140B01,7,1,1
200500047151,2005-07-15,2005,juillet,vendredi,17:15,93,93048,0,0,2,2,5,1,1,4,2,02,2,1,000,060,1,5,1,3,1,16,5,1,2,00,2,8,19,200500047151A01,18/ 7,19,2
200500047155,2005-07-23,2005,juillet,samedi,14:20,93,93048,0,0,2,2,3,1,8,4,2,02,1,1,100,100,1,5,1,3,1,23,0,0,0,00,2,1,1,200500047155A01,7,1,1
200500047174,2005-07-19,2005,juillet,mardi,14:35,93,93055,0,0,2,2,1,1,1,4,-1,02,2,-1,000,060,1,5,1,3,1,12,0,1,9,00,2,4,1,200500047174B01,7,1,1
200500047193,2005-07-21,2005,juillet,jeudi,83:5,93,93066,0,0,2,2,3,1,1,3,2,04,1,1,040,040,1,5,1,3,1,54,1,1,4,00,2,2,0,200500047193B01,7,0,1
200500047201,2005-07-30,2005,juillet,samedi,20:15,93,93066,0,0,2,3,1,1,1,4,1,02,2,1,000,050,1,0,1,3,1,56,0,1,9,00,2,3,9,200500047201B01,7,1,1
200500047202,2005-07-30,2005,juillet,samedi,22:40,93,93066,0,0,2,3,3,5,1,4,1,01,1,1,000,030,1,0,1,4,1,26,5,1,9,00,2,1,19,200500047202A01,7,9,1
200500047219,2005-07-01,2005,juillet,vendredi,18:25,93,93078,0,0,2,1,3,1,8,3,2,01,1,1,000,080,1,0,1,4,1,39,0,1,9,00,0,0,0,200500047219B01,7,2,1
200500047223,2005-07-12,2005,juillet,mardi,15:10,93,93073,0,0,2,1,3,1,1,4,2,01,-1,-1,000,090,1,0,1,4,1,15,5,1,9,00,2,7,19,200500047223A01,7,2,1
200500047228,2005-07-22,2005,juillet,vendredi,14:40,93,93078,0,0,2,1,3,1,1,4,2,02,-1,-1,000,060,1,0,1,4,1,71,0,1,9,00,2,0,1,200500047228B01,7,16,1