Num_Acc,date,an,mois,jour,hrmn,dep,com,lat,long,agg,int,col,lum,atm,catr,circ,nbv,prof,plan,lartpc,larrout,surf,infra,situ,grav,sexe,age,trajet,secuexist,equipement,obs,obsm,choc,manv,vehiculeid,typevehicules,manoeuvehicules,numVehicules
200500047275,2005-07-04,2005,juillet,lundi,19:30,94,94011,0,0,2,1,3,1,1,6,-1,01,-1,-1,000,030,1,0,1,4,1,19,0,1,2,00,0,7,1,200500047275B01,7,4,1
200500047280,2005-07-13,2005,juillet,mercredi,13:15,94,94028,0,0,2,1,3,1,1,2,3,04,1,1,000,120,1,0,1,4,1,14,0,1,2,00,2,1,0,200500047280A01,7,1,1
200500047282,2005-07-23,2005,juillet,samedi,23:05,94,94028,0,0,2,1,3,5,1,4,2,02,1,1,000,060,1,0,1,4,1,21,5,1,9,00,2,7,19,200500047282A01,7,2,1
200500047291,2005-07-30,2005,juillet,samedi,83:5,94,94028,0,0,2,1,3,1,2,4,1,02,-1,-1,020,060,-1,0,0,4,1,31,0,1,9,01,2,0,2,200500047291A01,7,2,1
200500047315,2005-07-27,2005,juillet,mercredi,19:40,94,94021,0,0,2,1,3,2,1,4,2,00,1,-1,000,000,1,0,1,3,1,64,0,1,9,00,2,0,1,200500047315B01,7,15,1
200500047327,2005-07-20,2005,juillet,mercredi,81:0,94,94046,0,0,2,1,3,1,1,4,2,02,1,1,000,066,1,0,1,4,1,39,1,1,9,00,2,1,19,200500047327A01,7,16,1
200500047370,2005-07-26,2005,juillet,mardi,20:00,95,95018,0,0,2,2,3,1,1,4,2,02,2,1,000,120,1,0,1,4,1,24,5,1,2,00,2,1,1,200500047370A01,7,1,1
200500047395,2005-07-28,2005,juillet,jeudi,15:55,95,95219,0,0,2,1,6,1,1,4,2,02,1,1,000,060,1,0,1,3,2,38,0,1,2,01,0,1,3,200500047395B01,7,22,1
200500047396,2005-07-01,2005,juillet,vendredi,11:8,95,95268,0,0,2,1,1,5,1,4,2,02,1,1,000,080,1,0,1,3,1,38,9,1,9,00,2,1,5,200500047396A01,7,1,1
200500047407,2005-07-02,2005,juillet,samedi,17:30,95,95313,0,0,2,1,3,1,1,4,-1,01,1,1,000,041,1,0,5,4,1,59,5,1,2,00,2,1,1,200500047407B01,7,1,1
200500047631,2005-07-10,2005,juillet,dimanche,12:46,2B,2B033,0,0,2,1,1,1,1,4,1,01,1,1,000,037,1,0,1,4,1,14,5,1,9,00,9,0,1,200500047631A01,2,1,1
200500047648,2005-07-21,2005,juillet,jeudi,13:00,69,69382,0,0,2,2,3,1,1,4,1,05,1,1,000,140,1,0,1,4,1,45,9,1,2,00,2,1,1,200500047648A01,7,1,1
200500047692,2005-07-18,2005,juillet,lundi,95:5,69,69383,0,0,2,2,1,1,1,4,2,04,1,1,000,000,1,0,1,4,1,19,1,1,2,00,2,1,8,200500047692B01,7,15,1
200500047699,2005-07-25,2005,juillet,lundi,19:40,69,69383,0,0,2,2,3,1,1,4,1,01,1,1,000,000,1,0,1,4,1,50,0,1,9,00,2,1,1,200500047699B01,7,1,1
200500047701,2005-07-28,2005,juillet,jeudi,18:40,69,69386,0,0,2,1,3,1,1,4,2,04,1,1,000,000,1,0,1,4,1,30,1,1,9,00,2,8,1,200500047701A01,7,15,1
200500047702,2005-07-29,2005,juillet,vendredi,18:00,69,69386,0,0,2,1,3,1,8,4,2,03,1,1,000,000,1,0,1,4,1,28,5,1,9,00,2,8,1,200500047702B01,7,1,1
200500047708,2005-07-22,2005,juillet,vendredi,19:10,69,69384,0,0,2,3,3,1,1,4,2,02,1,1,000,055,1,0,1,3,1,20,0,1,9,00,2,1,1,200500047708B01,7,15,1
200500047743,2005-07-01,2005,juillet,vendredi,13:50,69,69387,0,0,2,1,3,1,1,4,3,04,1,1,050,120,1,0,1,3,2,57,1,1,9,00,2,1,1,200500047743B01,14,15,1
200500047745,2005-07-05,2005,juillet,mardi,18:40,69,69387,0,0,2,1,3,1,1,4,1,03,1,1,000,070,1,0,4,1,1,16,5,1,2,00,2,1,19,200500047745A01,1,1,1
200500047745,2005-07-05,2005,juillet,mardi,18:40,69,69387,0,0,2,1,3,1,1,4,1,03,1,1,000,070,1,0,4,4,2,28,1,1,2,00,2,1,1,200500047745B01,1,19,1
200500047756,2005-07-22,2005,juillet,vendredi,23:55,69,69387,0,0,2,1,2,5,1,4,2,05,1,1,000,155,1,2,1,3,1,49,1,1,4,00,2,4,1,200500047756B01,7,1,1
200500047845,2005-07-21,2005,juillet,jeudi,13:00,13,13055,0,0,1,1,5,1,1,1,1,01,2,2,000,055,1,0,1,3,1,26,1,1,2,01,0,8,2,200500047845C01,7,1/2,3
200500047898,2005-08-11,2005,août,jeudi,91:5,62,62810,50.36,2.79,2,1,1,1,1,2,2,00,1,1,000,075,1,0,1,3,1,67,5,0,0,00,2,1,1,200500047898B02,7,15,1
200500047901,2005-08-01,2005,août,lundi,16:00,62,62025,50.815,1.61,2,1,1,1,1,3,-1,00,-1,1,000,041,1,0,1,3,2,59,5,0,0,00,2,1,0,200500047901B02,7,15,1
200500047912,2005-08-24,2005,août,mercredi,10:45,62,62014,0,0,2,1,1,1,1,3,2,02,1,3,000,100,1,5,1,3,2,66,5,0,0,00,0,3,1,200500047912B02,7,16,1
200500047924,2005-08-18,2005,août,jeudi,11:15,80,80612,0,0,2,1,3,1,1,3,2,02,1,1,000,063,1,0,1,3,1,10,5,0,0,00,2,8,13,200500047924A01,7,17,1
200500047934,2005-08-17,2005,août,mercredi,17:15,80,80688,50.307,1.644,1,1,1,1,1,3,3,00,-1,1,055,073,1,0,1,4,2,46,5,1,4,00,2,8,1,200500047934B02,7,17,1
200500047947,2005-08-17,2005,août,mercredi,14:45,02,02058,0,0,2,9,1,1,1,4,2,02,2,1,000,050,1,0,1,3,1,7,5,0,0,00,2,8,19,200500047947B02,7,1,1
200500047948,2005-08-31,2005,août,mercredi,23:30,02,02555,0,0,1,1,2,3,1,3,2,00,2,1,000,000,1,0,0,3,1,26,5,1,2,00,0,4,1,200500047948B02,7,1,1
200500047968,2005-08-04,2005,août,jeudi,15:00,60,60616,49.364,1.768,2,1,3,1,1,4,2,00,1,1,000,062,1,0,1,3,2,16,5,0,0,00,2,1,15,200500047968B02,2,21,1
200500047979,2005-08-29,2005,août,lundi,73:0,60,60120,49.32,2.39,1,1,3,2,1,3,2,02,1,1,000,075,1,0,1,3,1,45,5,0,0,00,2,8,2,200500047979B02,7,2,1
200500047996,2005-08-03,2005,août,mercredi,10:30,60,60141,49.188,2.49,1,1,3,1,1,3,2,02,1,1,000,060,1,0,1,4,1,80,5,1,2,00,2,8,19,200500047996A01,7,1,1
200500048045,2005-08-19,2005,août,vendredi,16:00,27,27151,49.397,1.386,1,3,3,1,1,4,2,02,2,1,000,034,1,0,1,4,1,15,5,0,0,00,2,1,15,200500048045B02,7,1,1
200500048056,2005-08-22,2005,août,lundi,14:45,27,27184,49.212,1.084,2,1,5,1,1,3,2,02,1,3,000,056,1,0,1,3,1,48,5,0,0,00,2,1,5,200500048056B02,2,5,1
200500048056,2005-08-22,2005,août,lundi,14:45,27,27184,49.212,1.084,2,1,5,1,1,3,2,02,1,3,000,056,1,0,1,3,1,38,5,0,0,00,2,1,0,200500048056C03,2,5,1
200500048091,2005-08-28,2005,août,dimanche,10:45,35,35078,48.606,-1.711,1,1,3,1,1,3,2,02,1,1,000,060,1,0,1,3,1,69,5,1,2,00,2,1,1,200500048091B02,7,19,1
200500048101,2005-08-03,2005,août,mercredi,12:00,22,22222,0,0,1,2,3,1,1,3,2,02,2,1,000,053,1,0,1,3,1,28,5,0,0,00,2,8,19,200500048101A01,7,1,1
200500048103,2005-08-06,2005,août,samedi,15:15,22,22093,48.458,-2.513,1,1,3,1,1,3,2,00,1,1,000,072,1,0,1,3,1,63,5,0,0,00,2,8,1,200500048103B02,7,18,1
200500048131,2005-08-26,2005,août,vendredi,18:15,22,22264,0,0,2,1,3,1,1,4,2,00,1,1,000,049,1,0,1,4,1,12,5,0,0,00,2,1,15,200500048131B02,7,1,1
200500048133,2005-08-10,2005,août,mercredi,14:30,29,29159,47.932,-4.326,1,1,1,1,1,3,2,02,1,1,000,070,1,0,3,2,1,16,0,1,2,00,2,1,1,200500048133B02,7,13,1
200500048136,2005-08-25,2005,août,jeudi,16:15,29,29057,47.913,-3.977,2,1,2,1,1,9,-1,00,1,1,000,000,9,6,0,1,1,14,5,0,0,00,2,6,2,200500048136B02,4,1,1
200500048141,2005-08-18,2005,août,jeudi,10:45,29,29158,47.818,-4.348,1,9,1,1,1,3,2,01,1,1,000,065,1,0,1,3,2,79,3,0,0,00,2,1,13,200500048141A01,7,21,1
200500048143,2005-08-09,2005,août,mardi,11:00,29,29178,0,0,2,1,2,1,1,4,2,00,1,1,000,000,1,0,1,3,1,60,5,1,2,01,0,1,2,200500048143B02,7,22,1
200500048180,2005-08-04,2005,août,jeudi,17:00,14,14020,49.149,-0.146,1,1,2,1,1,3,2,02,1,1,000,051,1,0,1,4,1,20,5,0,0,00,2,4,15,200500048180B02,7,2,1
200500048184,2005-08-31,2005,août,mercredi,16:45,14,14076,49.239,-0.306,1,1,5,1,1,3,2,02,1,1,000,000,1,0,1,3,1,12,5,0,0,00,0,6,1,200500048184C03,7/ 2,1,2
200500048212,2005-08-08,2005,août,lundi,11:45,50,50312,48.718,-1.059,1,1,3,1,1,3,2,02,1,1,000,063,1,0,1,3,1,70,5,1,2,00,2,8,15,200500048212B02,7,1,1
200500048216,2005-08-29,2005,août,lundi,11:00,50,50149,49.557,-1.67,2,1,1,1,1,3,2,02,1,1,000,056,1,0,1,3,2,13,5,0,0,00,2,1,15,200500048216B02,7,1,1
200500048258,2005-08-18,2005,août,jeudi,11:30,44,44032,0,0,1,1,7,1,1,4,2,00,1,1,000,000,1,0,1,1,1,48,5,0,0,00,0,0,0,200500048258A01,,,
200500048258,2005-08-18,2005,août,jeudi,11:30,44,44032,0,0,1,1,7,1,1,4,2,00,1,1,000,000,1,0,1,2,2,44,0,0,0,00,0,0,0,200500048258A01,,,
200500048288,2005-08-09,2005,août,mardi,17:00,44,44010,0,0,2,1,5,1,1,3,2,00,-1,3,000,063,1,0,1,3,1,48,5,0,0,00,2,1,17,200500048288A01,7,1,1
200500048288,2005-08-09,2005,août,mardi,17:00,44,44010,0,0,2,1,5,1,1,3,2,00,-1,3,000,063,1,0,1,3,2,46,5,0,0,00,2,8,1,200500048288B02,7,1,1
200500048293,2005-08-05,2005,août,vendredi,70:0,44,44098,47.492,-2.151,1,1,2,1,1,3,2,02,1,1,000,061,1,0,1,2,1,56,1,0,0,00,2,6,2,200500048293B02,7,2,1
200500048301,2005-08-02,2005,août,mardi,18:45,49,49022,47.317,-0.586,2,2,3,1,1,4,2,02,1,1,000,038,1,0,1,4,1,16,5,0,0,00,2,1,1,200500048301B02,7,1,1
200500048372,2005-08-09,2005,août,mardi,18:45,72,72132,0,0,2,1,1,1,1,9,2,00,1,1,000,000,1,0,1,3,1,5,5,0,0,00,2,8,13,200500048372A01,7,17,1
200500048375,2005-08-13,2005,août,samedi,18:30,85,85039,0,0,1,1,1,1,1,4,2,02,-1,2,000,000,1,0,1,3,1,14,5,1,2,00,2,1,5,200500048375B02,7,1,1
200500048376,2005-08-30,2005,août,mardi,94:5,85,85119,0,0,1,1,3,1,1,3,2,02,1,1,000,060,1,0,1,3,1,71,5,0,0,00,2,0,1,200500048376B02,10,17,1
200500048387,2005-08-24,2005,août,mercredi,10:45,85,85042,0,0,1,1,1,1,1,2,2,02,1,3,000,070,1,0,1,3,1,56,5,0,0,00,2,1,19,200500048387A01,7,1,1
200500048390,2005-08-04,2005,août,jeudi,19:45,85,85047,46.848,-1.876,2,6,3,1,1,9,-1,00,-1,-1,000,071,1,5,1,3,2,56,9,0,0,00,2,7,0,200500048390B02,7,1,1
200500048395,2005-08-10,2005,août,mercredi,13:00,85,85152,0,0,2,1,3,1,1,2,2,02,1,1,025,060,1,0,1,3,1,10,5,0,0,00,2,8,2,200500048395A01,5,2,1
200500048409,2005-08-08,2005,août,lundi,16:00,85,85114,0,0,2,1,3,1,1,9,2,01,-1,1,000,000,1,0,1,3,1,79,5,1,2,00,0,7,15,200500048409B02,2,17,1
200500048480,2005-08-17,2005,août,mercredi,11:00,40,40266,0,0,1,1,2,1,1,3,2,00,1,1,000,050,1,0,1,3,2,51,1,0,0,00,2,4,0,200500048480B02,7,1,1
200500048490,2005-08-05,2005,août,vendredi,91:5,40,40046,0,0,2,1,1,1,1,4,2,02,1,-1,000,060,1,0,1,4,1,70,5,0,0,00,2,1,16,200500048490A01,7,15,1
200500048506,2005-08-14,2005,août,dimanche,94:5,47,47004,44.309,0.342,1,1,1,1,1,2,2,01,1,2,000,046,1,0,1,2,1,41,5,0,0,00,2,1,19,200500048506B02,8,1,1
200500048511,2005-08-02,2005,août,mardi,16:30,47,47233,44.529,0.097,1,1,1,1,1,4,2,00,1,-1,000,045,1,0,1,3,2,57,5,1,2,00,2,1,15,200500048511B02,7,1,1
200500048584,2005-08-07,2005,août,dimanche,12:15,17,17207,0,0,2,1,6,1,1,3,1,01,1,-1,000,000,1,0,1,1,1,16,0,0,0,00,2,0,5,200500048584A01,,,
200500048584,2005-08-07,2005,août,dimanche,12:15,17,17207,0,0,2,1,6,1,1,3,1,01,1,-1,000,000,1,0,1,3,2,79,0,0,0,00,2,0,5,200500048584A01,,,
200500048585,2005-08-28,2005,août,dimanche,15:50,17,17121,0,0,2,6,3,1,1,3,1,02,1,2,000,080,1,5,1,3,2,63,5,0,0,00,2,3,1,200500048585B02,7,16,1
200500048633,2005-08-28,2005,août,dimanche,11:20,79,79016,0,0,1,1,1,1,1,4,2,02,2,1,000,031,1,0,1,2,1,46,5,1,2,00,0,1,1,200500048633B02,7,13,1
200500048650,2005-08-30,2005,août,mardi,90:0,19,19123,45.174,1.563,2,1,3,1,1,2,3,02,1,1,030,047,1,0,1,3,1,88,5,0,0,00,2,0,0,200500048650B02,7,1,1
200500048654,2005-08-16,2005,août,mardi,80:0,23,23044,0,0,1,1,2,1,1,3,2,02,1,1,000,061,1,0,1,2,1,53,5,0,0,00,2,4,2,200500048654B02,7,1,1
200500048717,2005-08-11,2005,août,jeudi,18:45,32,32127,43.87,-0.102,2,4,3,1,1,3,2,02,3,1,000,071,1,0,0,4,1,15,5,0,0,00,2,8,19,200500048717A01,7,1,1
200500048760,2005-08-12,2005,août,vendredi,15:30,81,81052,0,0,1,1,3,1,1,3,2,02,2,2,000,110,1,0,1,2,2,19,1,0,0,00,2,8,15,200500048760A01,17,17,1
200500048797,2005-08-27,2005,août,samedi,11:45,69,69178,45.696,4.44,1,1,3,1,1,2,2,02,1,1,000,075,1,0,1,3,2,74,3,0,0,00,0,0,0,200500048797A01,7,17,1
200500048809,2005-08-23,2005,août,mardi,19:00,69,69209,46.237,4.488,1,1,2,1,1,3,2,00,1,1,000,051,1,0,1,4,2,62,5,0,0,00,0,4,2,200500048809B02,7,2,1
200500048832,2005-08-19,2005,août,vendredi,19:00,01,01015,0,0,1,1,7,1,1,3,2,02,2,2,000,048,1,0,3,3,2,15,5,1,2,16,0,1,1,200500048832A01,,,
200500048834,2005-08-05,2005,août,vendredi,17:30,01,01208,45.815,5.778,1,1,1,1,1,3,2,02,1,1,000,065,1,0,1,2,1,26,5,0,0,00,0,4,2,200500048834B02,7,2,1
200500048835,2005-08-09,2005,août,mardi,13:15,01,01010,0,0,1,1,6,1,1,3,2,02,2,1,000,060,1,0,1,1,1,15,4,0,0,00,1,1,1,200500048835A01,,,
200500048845,2005-08-30,2005,août,mardi,18:15,01,01354,0,0,2,1,1,1,1,3,2,02,1,1,000,120,1,0,1,4,1,30,1,0,0,12,2,7,1,200500048845A01,7,16,1
200500048855,2005-08-27,2005,août,samedi,84:5,07,07346,44.479,4.689,1,1,1,1,1,2,2,01,1,1,000,064,1,0,3,4,1,55,5,1,2,00,2,8,2,200500048855B02,7,2,1
200500048856,2005-08-09,2005,août,mardi,94:5,07,07348,44.554,4.411,1,1,3,1,1,3,2,02,2,1,000,107,1,0,1,3,1,41,5,1,2,00,2,1,1,200500048856B02,7,15,1
200500048868,2005-08-17,2005,août,mercredi,13:00,07,07334,44.409,4.13,1,1,6,1,1,3,2,02,2,4,000,071,9,0,3,3,1,44,5,0,0,06,0,1,15,200500048868A01,,,
200500048904,2005-08-30,2005,août,mardi,73:0,38,38317,0,0,2,6,1,1,1,9,2,02,1,-1,000,000,1,5,5,3,1,56,1,1,2,00,2,3,1,200500048904A01,7,14,1
200500048925,2005-08-13,2005,août,samedi,16:45,38,38554,45.725,5.241,2,1,3,1,1,4,2,01,1,1,000,000,1,0,1,3,1,64,5,0,0,00,2,1,1,200500048925B02,7,13,1
200500048933,2005-08-29,2005,août,lundi,15:45,38,38300,45.394,5.184,2,1,1,1,1,3,2,02,1,1,000,050,1,0,1,4,2,57,5,0,0,00,2,1,15,200500048933B02,7,1,1
200500048948,2005-08-13,2005,août,samedi,12:15,42,42005,0,0,2,1,3,1,1,2,3,00,1,1,000,060,1,0,1,3,1,74,5,0,0,00,0,8,1,200500048948A01,2,1,1
200500048955,2005-08-14,2005,août,dimanche,94:5,42,42312,45.419,4.072,1,1,1,1,1,3,2,00,2,2,000,068,1,0,1,3,1,46,5,0,0,00,2,1,1,200500048955B02,7,13,1
200500048967,2005-08-13,2005,août,samedi,17:40,42,42300,0,0,1,1,1,1,1,3,2,00,2,3,000,000,1,0,1,3,1,10,5,0,0,00,2,1,1,200500048967A01,3,1,1
200500048973,2005-08-18,2005,août,jeudi,17:50,42,42230,0,0,2,1,3,1,7,3,2,02,2,3,000,090,1,5,1,3,1,36,5,1,2,00,2,1,1,200500048973B02,7,15,1
200500048979,2005-08-13,2005,août,samedi,11:30,73,73106,45.654,6.171,2,1,3,1,1,3,2,00,1,1,000,050,1,0,1,4,2,7,5,1,2,00,2,1,13,200500048979B02,7,23,1
200500049002,2005-08-16,2005,août,mardi,10:30,74,74123,0,0,1,1,3,1,1,2,2,00,1,1,000,060,1,0,1,3,1,72,5,1,2,00,2,7,11,200500049002B02,7,18,1
200500049003,2005-08-26,2005,août,vendredi,12:30,74,74275,0,0,1,1,1,1,1,3,2,02,1,3,000,053,1,0,1,4,1,46,5,0,0,00,2,1,1,200500049003B02,5,13,1
200500049033,2005-08-16,2005,août,mardi,15:00,74,74249,0,0,1,2,3,1,1,3,2,02,-1,1,000,081,1,0,1,4,1,78,5,0,0,00,2,1,1,200500049033B02,2,1,1
200500049038,2005-08-25,2005,août,jeudi,19:13,63,63204,0,0,1,1,1,1,1,3,2,02,1,1,000,077,1,0,1,3,1,38,5,0,0,00,2,1,1,200500049038B02,7,13,1
200500049054,2005-08-19,2005,août,vendredi,94:0,63,63165,0,0,1,1,1,1,8,3,2,02,-1,2,000,065,1,0,1,1,1,38,5,0,0,00,2,4,2,200500049054B02,7,17,1
200500049054,2005-08-19,2005,août,vendredi,94:0,63,63165,0,0,1,1,1,1,8,3,2,02,-1,2,000,065,1,0,1,4,1,42,0,0,0,00,2,4,2,200500049054B02,7,17,1
200500049106,2005-08-12,2005,août,vendredi,19:00,43,43268,45.114,4.11,1,1,3,1,1,4,2,02,2,3,000,040,1,0,1,3,1,28,5,0,0,00,2,8,1,200500049106A01,7,1,1
200500049115,2005-08-04,2005,août,jeudi,11:00,57,57385,0,0,1,1,1,1,1,3,2,02,2,1,000,000,1,0,1,3,2,52,5,1,2,00,2,4,1,200500049115B02,7,17,1
200500049140,2005-08-10,2005,août,mercredi,17:30,54,54508,0,0,2,2,3,1,1,3,2,02,-1,-1,000,060,1,0,1,4,1,10,5,1,2,00,2,1,15,200500049140A01,7,1,1
200500049143,2005-08-22,2005,août,lundi,14:00,54,54150,0,0,2,6,3,1,1,3,2,02,1,1,000,114,1,5,1,3,1,74,0,0,0,00,2,7,1,200500049143B02,7,1,1
200500049144,2005-08-06,2005,août,samedi,16:00,54,54459,0,0,1,1,7,1,1,3,-1,00,-1,2,200,050,1,0,1,3,2,14,5,1,2,00,0,0,0,200500049144A01,,,
200500049154,2005-08-05,2005,août,vendredi,10:45,54,54449,0,0,2,1,1,1,1,4,2,00,-1,1,000,053,1,0,1,3,1,60,5,0,0,00,2,4,2,200500049154B02,3,17,1
200500049170,2005-08-23,2005,août,mardi,19:45,55,55549,49.253,5.068,2,1,1,1,1,4,2,02,2,2,000,076,1,0,1,3,1,14,0,1,2,00,2,1,13,200500049170B02,7,1,1
200500049207,2005-08-20,2005,août,samedi,11:45,67,67101,48.531,7.5,1,1,1,1,1,3,2,02,1,1,050,090,1,5,1,3,1,56,5,1,2,00,2,1,17,200500049207B02,7,13,1
200500049220,2005-08-09,2005,août,mardi,17:30,67,67539,0,0,2,1,3,1,1,4,2,00,-1,2,000,000,1,0,1,4,1,10,5,0,0,06,0,8,19,200500049220B02,5,1,1
200500049246,2005-08-12,2005,août,vendredi,13:30,68,68154,0,0,2,9,3,1,1,4,2,02,1,3,070,000,1,0,1,4,1,36,5,1,2,00,2,1,1,200500049246B02,7,1,1
200500049246,2005-08-12,2005,août,vendredi,13:30,68,68154,0,0,2,9,3,1,1,4,2,02,1,3,070,000,1,0,1,1,1,15,0,1,2,00,2,1,1,200500049246B02,7,1,1
200500049250,2005-08-18,2005,août,jeudi,13:00,68,68263,47.583,7.474,1,1,5,1,1,3,2,02,3,3,000,075,1,0,1,3,1,73,5,0,0,00,0,9,1,200500049250B02,7,1,1
200500049250,2005-08-18,2005,août,jeudi,13:00,68,68263,47.583,7.474,1,1,5,1,1,3,2,02,3,3,000,075,1,0,1,1,1,45,5,0,0,00,0,1,1,200500049250C03,7,1,1
200500049252,2005-08-10,2005,août,mercredi,12:15,68,68163,0,0,1,1,2,1,1,3,2,02,1,1,000,062,1,0,1,3,1,28,0,0,0,00,2,4,2,200500049252B02,7,2,1
200500049286,2005-08-09,2005,août,mardi,12:00,08,08115,49.594,4.87,1,1,1,1,1,3,2,02,3,1,000,000,1,0,1,2,2,20,5,0,0,00,0,3,2,200500049286A01,21,2,1
200500049294,2005-08-31,2005,août,mercredi,12:00,10,10185,0,0,2,1,1,1,1,3,-1,02,1,1,000,057,1,0,1,3,1,16,5,0,0,00,2,1,15,200500049294A01,7,1,1
200500049296,2005-08-28,2005,août,dimanche,12:00,10,10002,0,0,2,1,1,1,1,4,-1,00,2,-1,045,024,9,0,1,3,1,38,5,1,2,00,2,1,1,200500049296B02,7,15,1
200500049302,2005-08-09,2005,août,mardi,11:15,10,10233,48.515,3.889,2,1,1,1,1,3,-1,02,1,1,000,068,1,0,1,3,1,72,5,0,0,00,2,1,1,200500049302B02,7,15,1
200500049308,2005-08-30,2005,août,mardi,13:15,52,52353,0,0,2,2,1,1,1,4,2,02,1,1,000,070,1,0,1,3,1,51,1,0,0,00,2,7,1,200500049308A01,7,1,1
200500049327,2005-08-23,2005,août,mardi,14:30,21,21383,47.525,5.119,2,1,1,1,1,4,2,00,1,-1,000,000,1,5,1,3,1,13,5,0,0,00,2,1,19,200500049327B02,7,1,1
200500049358,2005-08-05,2005,août,vendredi,14:35,58,58053,0,0,1,1,3,1,1,3,2,02,-1,1,000,070,1,0,1,3,1,47,5,0,0,00,2,8,15,200500049358B02,7,17,1
200500049359,2005-08-16,2005,août,mardi,18:30,58,58209,0,0,1,1,2,1,7,3,2,02,2,1,000,055,1,0,1,2,2,8,5,0,0,00,0,4,1,200500049359B02,7,1,1
200500049372,2005-08-17,2005,août,mercredi,18:30,71,71225,0,0,1,2,3,1,1,4,2,02,1,1,000,020,1,0,1,4,1,51,5,1,2,00,2,5,1,200500049372B02,10,1,1
200500049428,2005-08-03,2005,août,mercredi,17:30,25,25014,0,0,2,1,7,1,1,4,2,02,2,1,000,050,1,0,1,3,1,27,5,0,0,14,0,1,1,200500049428A01,,,
200500049441,2005-08-23,2005,août,mardi,18:30,39,39019,46.95,5.78,1,1,3,1,1,2,2,03,1,1,000,090,1,5,1,2,1,14,5,0,0,00,2,6,19,200500049441B02,10,1,1
200500049452,2005-08-04,2005,août,jeudi,94:5,70,70451,47.704,6.628,2,1,3,1,1,2,2,00,1,1,000,104,1,0,1,3,2,82,3,0,0,00,0,3,9,200500049452B02,15,21,1
200500049477,2005-08-14,2005,août,dimanche,93:0,13,13096,0,0,2,6,1,1,1,3,2,02,1,2,000,000,1,5,1,3,1,62,5,1,2,00,0,0,2,200500049477A01,7,2,1
200500049478,2005-08-12,2005,août,vendredi,83:0,13,13097,43.641,4.795,1,1,1,1,1,2,2,01,1,1,000,070,1,0,3,3,1,74,5,1,4,00,2,8,1,200500049478B02,7,1,1
200500049493,2005-08-12,2005,août,vendredi,63:0,13,13067,0,0,1,1,3,2,1,2,2,02,-1,3,000,000,-1,0,1,4,1,25,1,0,0,00,2,7,14,200500049493B02,17,1,1
200500049512,2005-08-19,2005,août,vendredi,18:00,04,04192,43.915,5.715,2,1,7,1,1,4,2,00,2,1,000,030,1,0,1,3,1,58,5,1,2,14,0,9,1,200500049512A01,,,
200500049528,2005-08-01,2005,août,lundi,10:15,05,05006,0,0,1,1,1,1,1,2,2,02,1,1,070,000,1,0,1,4,1,55,5,1,2,00,2,8,0,200500049528B02,7,2,1
200500049550,2005-08-27,2005,août,samedi,74:5,06,06138,0,0,1,1,1,1,1,2,2,02,2,1,000,073,1,0,1,4,1,16,5,0,0,00,0,1,13,200500049550B02,7,0,1
200500049551,2005-08-05,2005,août,vendredi,18:10,06,06118,0,0,1,1,2,2,1,3,2,02,-1,1,000,070,1,0,1,3,1,51,5,1,2,00,0,4,2,200500049551B02,7,2,1
200500049552,2005-08-12,2005,août,vendredi,14:00,06,06033,0,0,2,1,1,1,1,3,2,02,1,2,000,088,1,0,1,3,1,40,5,1,2,00,2,1,1,200500049552B02,7,19,1
200500049556,2005-08-08,2005,août,lundi,12:15,06,06119,44.29,6.9,1,1,3,1,1,3,2,02,2,4,000,046,1,0,1,4,1,43,5,0,0,00,2,8,1,200500049556A01,7,1,1
200500049588,2005-08-20,2005,août,samedi,94:5,83,83107,0,0,1,1,1,1,1,3,2,02,2,3,000,062,1,0,1,2,1,49,5,1,2,00,2,3,13,200500049588A01,7,1,1
200500049593,2005-08-12,2005,août,vendredi,18:00,83,83063,0,0,1,1,1,1,1,4,2,01,2,3,000,030,1,0,1,3,1,56,5,1,2,00,2,1,13,200500049593A01,7,1,1
200500049617,2005-08-23,2005,août,mardi,92:0,83,83131,0,0,2,1,1,1,1,3,2,02,-1,1,065,000,1,0,1,3,1,39,5,1,2,00,2,1,1,200500049617A01,7,15,1
200500049627,2005-08-13,2005,août,samedi,18:15,84,84066,0,0,2,1,1,1,1,3,2,02,2,3,000,047,1,0,1,3,1,27,5,1,2,00,2,1,1,200500049627A01,7,1,1
200500049633,2005-08-13,2005,août,samedi,14:30,84,84029,0,0,1,6,1,1,1,3,2,00,1,1,000,000,1,5,1,3,1,71,5,0,0,00,2,1,1,200500049633B02,7,1,1
200500049649,2005-08-25,2005,août,jeudi,11:00,34,34145,0,0,1,6,1,1,1,2,1,00,1,2,000,080,-1,5,1,3,1,83,5,1,2,00,2,1,1,200500049649B02,7,16,1
200500049653,2005-08-24,2005,août,mercredi,14:30,34,34264,0,0,1,9,7,1,1,3,2,00,2,-1,000,070,1,0,1,3,1,70,5,1,2,00,0,0,0,200500049653A01,,,
200500049662,2005-08-01,2005,août,lundi,10:00,34,34324,0,0,2,1,3,1,1,4,2,02,-1,1,000,070,1,0,1,4,1,67,5,0,0,00,2,3,19,200500049662B02,7,1,1
200500049673,2005-08-12,2005,août,vendredi,15:15,34,34207,43.393,3.501,2,1,3,1,1,4,2,00,1,2,000,074,-1,0,1,3,1,30,5,0,0,00,2,8,1,200500049673B02,7,17,1
200500049696,2005-08-07,2005,août,dimanche,10:00,11,11091,0,0,2,1,1,1,1,4,2,00,2,-1,000,071,1,0,1,3,1,55,5,1,2,00,2,0,1,200500049696B02,7,15,1