Num_Acc,date,an,mois,jour,hrmn,dep,com,lat,long,agg,int,col,lum,atm,catr,circ,nbv,prof,plan,lartpc,larrout,surf,infra,situ,grav,sexe,age,trajet,secuexist,equipement,obs,obsm,choc,manv,vehiculeid,typevehicules,manoeuvehicules,numVehicules
200500058263,2005-09-30,2005,septembre,vendredi,13:40,33,33522,0,0,2,3,3,1,1,4,2,02,1,1,068,063,1,3,1,4,2,46,0,1,9,00,2,1,1,200500058263B01,7,16,1
200500058283,2005-09-02,2005,septembre,vendredi,80:5,34,34172,0,0,2,1,7,1,1,4,2,02,2,2,000,085,1,5,3,3,1,32,1,1,9,12,0,1,1,200500058283A01,,,
200500058285,2005-09-02,2005,septembre,vendredi,16:20,34,34129,0,0,1,4,3,1,1,3,2,02,2,1,000,060,1,3,1,3,1,46,5,1,2,00,2,7,1,200500058285B01,7,9,1
200500058290,2005-09-09,2005,septembre,vendredi,19:30,34,34172,0,0,2,1,6,1,1,4,2,02,2,1,000,130,1,0,1,4,2,26,5,1,2,01,0,1,21,200500058290A01,,,
200500058296,2005-09-13,2005,septembre,mardi,15:00,34,34172,0,0,2,1,2,1,1,3,3,05,1,1,010,120,1,0,1,4,1,54,0,1,9,00,2,1,2,200500058296A01,7,1,1
200500058323,2005-09-02,2005,septembre,vendredi,16:50,35,35238,0,0,2,1,3,1,1,4,2,02,1,-1,000,060,1,0,1,4,2,56,1,1,2,00,2,0,15,200500058323B01,7,15,1
200500058335,2005-09-09,2005,septembre,vendredi,82:0,35,35238,0,0,2,1,3,1,1,4,2,02,1,1,000,060,1,0,1,4,1,44,0,1,2,00,2,1,1,200500058335A01,14,16,1
200500058337,2005-09-09,2005,septembre,vendredi,11:50,35,35238,0,0,2,2,3,1,1,4,3,02,1,1,000,000,1,0,4,4,1,37,5,1,9,00,2,1,0,200500058337B01,7,1,1
200500058342,2005-09-14,2005,septembre,mercredi,84:5,35,35238,0,0,2,1,3,1,1,4,2,02,-1,-1,000,060,1,0,1,4,1,36,1,1,2,00,2,5,1,200500058342B01,14,0,1
200500058343,2005-09-14,2005,septembre,mercredi,16:15,35,35238,0,0,2,2,3,1,1,4,1,01,2,-1,000,030,1,0,1,4,1,19,0,1,2,00,2,1,1,200500058343B01,7,23,1
200500058345,2005-09-15,2005,septembre,jeudi,16:15,35,35238,0,0,2,7,6,1,1,4,2,02,1,1,000,060,1,0,1,4,1,46,1,1,2,00,1,1,1,200500058345A01,,,
200500058348,2005-09-17,2005,septembre,samedi,14:00,35,35238,0,0,2,1,6,1,1,4,2,02,3,1,000,060,1,0,1,1,1,15,0,1,2,00,1,1,0,200500058348A01,,,
200500058348,2005-09-17,2005,septembre,samedi,14:00,35,35238,0,0,2,1,6,1,1,4,2,02,3,1,000,060,1,0,1,4,2,56,0,0,0,00,1,1,0,200500058348A01,,,
200500058351,2005-09-19,2005,septembre,lundi,81:0,35,35238,0,0,2,6,2,1,1,4,1,02,1,3,000,060,1,0,1,3,1,56,0,1,2,00,2,0,21,200500058351B01,7,16,1
200500058352,2005-09-19,2005,septembre,lundi,84:0,35,35238,0,0,2,1,3,1,1,4,2,02,1,1,000,060,1,0,1,4,1,41,0,1,2,00,2,1,0,200500058352B01,7,16,1
200500058353,2005-09-19,2005,septembre,lundi,17:55,35,35281,0,0,2,1,3,1,1,3,1,01,1,1,000,000,1,0,1,3,1,44,1,1,9,00,2,7,1,200500058353B01,7,17,1
200500058355,2005-09-20,2005,septembre,mardi,75:6,35,35238,0,0,2,1,6,1,1,4,2,02,1,1,000,060,1,0,1,4,1,53,0,1,2,00,0,0,0,200500058355A01,,,
200500058369,2005-09-24,2005,septembre,samedi,18:20,35,35238,0,0,2,1,6,1,1,4,-1,01,-1,1,000,030,1,0,0,3,2,4,5,0,0,00,0,0,0,200500058369A01,,,
200500058376,2005-09-30,2005,septembre,vendredi,11:30,35,35238,0,0,2,2,3,1,1,4,1,02,1,1,000,060,1,0,1,4,1,48,0,1,2,00,2,0,1,200500058376B01,7,16,1
200500058396,2005-09-29,2005,septembre,jeudi,13:50,36,36044,0,0,2,1,2,1,8,4,2,02,1,1,000,050,1,0,1,4,1,21,2,1,9,00,2,1,2,200500058396A01,7,2,1
200500058397,2005-09-11,2005,septembre,dimanche,18:30,37,37122,0,0,2,2,3,1,1,3,1,02,4,1,000,055,1,3,1,4,1,35,5,1,2,00,2,8,1,200500058397B01,7,1,1
200500058408,2005-09-21,2005,septembre,mercredi,14:00,37,37261,0,0,2,6,3,1,1,9,1,02,1,2,000,094,1,0,1,3,2,23,4,0,0,00,2,3,15,200500058408A01,17,16,1
200500058409,2005-09-19,2005,septembre,lundi,11:30,37,37261,0,0,2,2,3,1,1,4,2,02,1,1,000,140,1,5,1,3,2,35,1,1,9,00,2,1,1,200500058409B01,7,15,1
200500058414,2005-09-03,2005,septembre,samedi,12:35,38,38185,0,0,2,1,6,1,1,4,2,06,1,1,000,180,1,0,1,4,1,19,5,1,2,00,2,8,1,200500058414A01,7,1,1
200500058425,2005-09-11,2005,septembre,dimanche,30:0,38,38185,0,0,2,2,2,5,2,4,2,03,1,1,000,105,2,0,2,4,1,28,5,0,0,00,2,1,1,200500058425B01,7,15,1
200500058430,2005-09-13,2005,septembre,mardi,21:25,38,38185,0,0,2,2,4,5,1,4,2,02,1,1,000,070,1,0,1,4,1,21,5,1,4,00,0,1,0,200500058430A01,7,1,1
200500058430,2005-09-13,2005,septembre,mardi,21:25,38,38185,0,0,2,2,4,5,1,4,2,02,1,1,000,070,1,0,1,4,2,20,5,1,4,00,2,1,1,200500058430B01,7,1,1
200500058437,2005-09-15,2005,septembre,jeudi,18:00,38,38169,0,0,1,2,3,1,1,2,2,02,1,1,000,070,1,0,1,4,1,17,0,1,2,00,2,1,19,200500058437B01,7,1,1
200500058438,2005-09-15,2005,septembre,jeudi,18:30,38,38185,0,0,2,1,3,1,1,4,1,02,2,1,000,070,1,0,1,4,1,21,0,1,4,00,2,1,1,200500058438B01,7,15,1
200500058439,2005-09-16,2005,septembre,vendredi,13:00,38,38151,0,0,2,1,3,1,1,4,2,02,1,2,000,076,1,0,1,4,1,20,0,1,4,00,2,1,1,200500058439B01,7,20,1
200500058442,2005-09-17,2005,septembre,samedi,10:50,38,38185,0,0,2,2,3,1,1,4,2,02,1,1,000,070,1,0,1,4,2,33,0,1,4,00,2,1,19,200500058442B01,7,1,1
200500058452,2005-09-22,2005,septembre,jeudi,16:10,38,38179,0,0,2,2,3,1,1,4,2,02,1,1,000,072,1,0,1,3,1,61,5,1,2,00,2,1,1,200500058452A01,7,1,1
200500058453,2005-09-22,2005,septembre,jeudi,17:10,38,38185,0,0,2,1,6,1,1,4,2,02,1,1,000,075,1,0,1,4,1,18,9,1,9,00,2,1,15,200500058453A01,7,1,1
200500058456,2005-09-26,2005,septembre,lundi,84:5,38,38185,0,0,2,1,3,1,1,4,2,02,1,1,000,088,1,0,5,4,1,47,0,1,4,01,2,1,1,200500058456B01,7,22,1
200500058461,2005-09-27,2005,septembre,mardi,17:00,38,38185,0,0,2,1,3,1,1,4,2,02,1,1,000,081,1,0,1,4,1,53,5,1,4,00,0,1,1,200500058461B01,7,22,1
200500058464,2005-09-28,2005,septembre,mercredi,19:25,38,38185,0,0,2,1,4,1,1,4,2,02,1,1,000,080,1,0,1,4,1,55,5,1,4,00,2,1,17,200500058464A01,7,1,2
200500058492,2005-09-21,2005,septembre,mercredi,95:0,41,41018,0,0,2,1,6,1,1,4,2,02,3,3,000,000,1,0,1,3,1,43,9,1,4,00,1,1,1,200500058492A01,,,
200500058496,2005-09-14,2005,septembre,mercredi,18:20,41,41194,0,0,2,2,3,1,1,3,2,02,1,1,000,078,1,0,1,4,1,71,5,1,2,00,2,1,1,200500058496B01,7,15,1
200500058498,2005-09-20,2005,septembre,mardi,19:15,41,41269,0,0,2,2,2,1,7,3,2,02,1,1,000,990,1,5,1,4,1,43,1,1,9,00,0,4,1,200500058498B01,7,1,1
200500058512,2005-09-20,2005,septembre,mardi,11:05,42,42147,0,0,2,6,3,1,1,3,1,01,1,2,100,070,1,0,1,3,1,63,5,1,9,00,0,7,1,200500058512B01,7,0,1
200500058529,2005-09-23,2005,septembre,vendredi,17:59,42,42187,0,0,2,2,6,1,1,9,2,02,2,1,000,090,1,0,1,3,1,9,9,1,9,00,2,1,15,200500058529B01,7,1,1
200500058548,2005-09-12,2005,septembre,lundi,18:35,42,42218,0,0,2,1,6,1,1,4,-1,00,1,1,000,000,1,0,4,1,1,13,5,1,9,00,1,1,1,200500058548A01,,,
200500058557,2005-09-20,2005,septembre,mardi,12:10,42,42218,0,0,2,2,1,1,8,4,2,02,1,1,000,080,1,0,1,3,1,60,5,1,2,00,0,1,1,200500058557B01,7,15,1
200500058559,2005-09-21,2005,septembre,mercredi,15:54,42,42189,0,0,2,1,1,1,1,4,2,01,1,1,000,058,1,0,1,3,1,14,5,1,2,00,2,1,13,200500058559A01,7,23,1
200500058582,2005-09-05,2005,septembre,lundi,11:15,44,44109,0,0,2,2,6,1,1,4,2,02,1,1,010,096,1,2,1,3,1,52,5,1,2,00,2,1,1,200500058582B01,7,1,1
200500058589,2005-09-09,2005,septembre,vendredi,10:50,44,44109,0,0,2,1,3,1,1,4,2,02,1,1,000,064,1,0,1,4,2,19,9,1,9,00,2,3,1,200500058589B01,7,17,1
200500058590,2005-09-09,2005,septembre,vendredi,12:45,44,44109,0,0,2,1,3,1,1,4,1,00,1,1,000,000,1,0,1,4,2,26,9,1,2,00,2,1,1,200500058590B01,7,20,1
200500058592,2005-09-08,2005,septembre,jeudi,17:45,44,44109,0,0,2,3,6,1,1,4,2,02,1,-1,000,000,1,0,1,4,2,51,1,1,9,00,0,0,1,200500058592B01,7,0,1
200500058600,2005-09-09,2005,septembre,vendredi,80:0,44,44162,0,0,2,6,2,2,1,4,-1,01,-1,-1,000,000,-1,5,1,4,2,24,9,1,9,00,2,4,0,200500058600A01,2,0,1
200500058607,2005-09-17,2005,septembre,samedi,16:40,44,44109,0,0,2,6,3,1,1,4,3,02,1,3,000,029,1,0,1,4,1,14,9,1,9,00,2,7,1,200500058607B01,7,1,1
200500058609,2005-09-19,2005,septembre,lundi,10:55,44,44109,0,0,2,1,2,1,1,4,3,00,1,1,000,000,1,4,1,3,2,22,0,1,2,14,2,4,1,200500058609B01,7,1,1
200500058614,2005-09-21,2005,septembre,mercredi,16:05,44,44109,0,0,2,2,3,1,1,4,2,20,1,1,000,000,1,0,1,4,1,42,0,1,2,00,2,1,1,200500058614B01,7,15,1
200500058625,2005-09-27,2005,septembre,mardi,75:0,44,44109,0,0,2,5,6,1,1,4,2,02,1,2,000,064,1,0,1,3,2,19,2,0,0,00,2,1,1,200500058625B01,7,1,1
200500058655,2005-09-19,2005,septembre,lundi,84:5,45,45234,0,0,2,3,3,1,1,4,1,01,1,1,000,049,1,0,0,4,1,33,1,1,9,00,2,0,16,200500058655B01,7,0,1
200500058661,2005-09-27,2005,septembre,mardi,15:00,45,45234,0,0,2,1,2,1,1,4,2,02,1,1,000,080,1,0,0,3,1,45,0,1,9,00,2,4,0,200500058661B01,7,0,1
200500058670,2005-09-21,2005,septembre,mercredi,14:23,47,47001,0,0,2,1,3,1,1,3,2,02,1,1,000,085,1,0,1,3,1,83,5,1,9,00,2,3,11,200500058670A01,7,1,1
200500058684,2005-09-04,2005,septembre,dimanche,17:06,49,49246,0,0,2,1,7,1,1,4,2,01,1,1,000,030,1,0,1,4,2,44,5,1,9,00,0,0,1,200500058684A01,,,
200500058688,2005-09-07,2005,septembre,mercredi,12:33,49,49007,0,0,2,1,1,1,1,9,1,04,1,1,000,100,1,2,5,3,1,53,0,1,9,00,2,1,1,200500058688B01,1,1,1
200500058690,2005-09-08,2005,septembre,jeudi,80:2,49,49007,0,0,2,6,3,1,1,4,1,01,1,2,000,089,1,0,1,4,2,33,1,1,9,00,2,1,1,200500058690B01,7,16,1
200500058691,2005-09-09,2005,septembre,vendredi,16:05,49,49007,0,0,2,1,3,1,1,4,2,01,1,1,000,049,1,0,1,4,1,22,5,1,9,00,2,1,19,200500058691A01,7,1,1
200500058695,2005-09-11,2005,septembre,dimanche,19:06,49,49015,0,0,2,1,3,2,1,4,2,03,1,1,000,095,1,0,1,4,2,9,5,1,9,00,2,1,15,200500058695A01,7,11,1
200500058697,2005-09-13,2005,septembre,mardi,14:35,49,49007,0,0,2,3,3,1,1,4,2,02,1,1,000,070,1,0,1,4,1,19,5,1,9,00,2,1,1,200500058697A01,7,1,1
200500058703,2005-09-17,2005,septembre,samedi,16:46,49,49007,0,0,2,1,3,1,1,4,2,01,1,1,000,052,1,0,1,3,1,13,5,1,9,00,2,1,1,200500058703B01,7,1,1
200500058711,2005-09-20,2005,septembre,mardi,12:10,49,49007,0,0,2,1,3,1,1,4,3,04,1,1,000,119,1,0,1,4,2,32,1,1,9,00,2,0,18,200500058711A01,7,23,1
200500058737,2005-09-01,2005,septembre,jeudi,18:05,50,50173,0,0,2,1,3,1,1,3,2,02,1,1,000,080,1,0,1,4,1,15,5,1,2,00,2,1,1,200500058737B01,7,22,1
200500058746,2005-09-11,2005,septembre,dimanche,93:0,50,50602,0,0,2,1,2,1,1,3,2,02,1,1,000,060,1,0,1,3,1,22,5,0,0,00,2,3,1,200500058746A01,7,17,1
200500058749,2005-09-15,2005,septembre,jeudi,15:10,50,50129,0,0,2,1,3,1,6,3,2,04,1,1,000,140,1,0,4,4,1,25,5,1,2,00,2,1,1,200500058749A01,7,9,1
200500058755,2005-09-23,2005,septembre,vendredi,10:55,50,50129,0,0,2,3,3,1,1,2,3,04,1,1,030,120,1,5,0,3,1,60,5,1,2,00,2,8,19,200500058755A01,7,1,1
200500058766,2005-09-27,2005,septembre,mardi,17:40,50,50218,0,0,2,1,1,1,1,4,2,02,2,3,000,060,1,0,1,4,1,27,1,1,9,00,2,1,13,200500058766A01,7,1,1
200500058772,2005-09-05,2005,septembre,lundi,43:5,51,51454,0,0,2,1,3,5,1,4,2,02,1,1,000,000,1,0,1,4,1,23,1,1,9,00,2,1,1,200500058772B01,7,9,1
200500058786,2005-09-27,2005,septembre,mardi,12:30,51,51454,0,0,2,6,2,1,1,4,4,03,1,-1,025,115,1,5,1,4,2,41,0,1,9,00,2,4,18,200500058786B01,10,16,1
200500058788,2005-09-08,2005,septembre,jeudi,18:35,52,52121,0,0,2,1,6,1,1,4,1,03,1,1,015,063,1,0,1,1,1,25,5,1,9,00,1,7,1,200500058788A01,,,
200500058803,2005-09-11,2005,septembre,dimanche,14:50,53,53054,0,0,2,2,3,1,1,4,2,02,1,3,000,000,1,0,1,3,1,15,5,1,2,00,2,1,1,200500058803B01,7,16,1
200500058804,2005-09-21,2005,septembre,mercredi,18:04,53,53130,0,0,2,2,3,1,1,2,3,05,2,1,018,148,1,5,1,3,2,68,5,1,2,00,2,1,1,200500058804A01,7,1,1
200500058810,2005-09-01,2005,septembre,jeudi,75:5,54,54578,0,0,2,3,6,1,1,4,2,05,1,1,000,142,1,0,1,4,1,55,1,1,9,00,2,8,1,200500058810B01,7,14,1
200500058812,2005-09-01,2005,septembre,jeudi,18:00,54,54328,0,0,2,1,6,1,1,4,2,02,2,3,000,053,1,0,3,4,1,36,5,1,9,08,0,1,13,200500058812A01,,,
200500058814,2005-09-02,2005,septembre,vendredi,81:5,54,54395,0,0,2,2,3,1,1,4,2,00,1,1,000,000,1,5,1,4,2,30,1,1,9,00,1,3,15,200500058814B01,7,1,1
200500058828,2005-09-10,2005,septembre,samedi,21:40,54,54395,0,0,2,3,3,5,2,4,1,00,1,1,000,000,2,0,1,4,1,27,9,1,9,00,2,1,1,200500058828A01,1,1,1
200500058828,2005-09-10,2005,septembre,samedi,21:40,54,54395,0,0,2,3,3,5,2,4,1,00,1,1,000,000,2,0,1,1,1,17,9,1,9,00,0,1,1,200500058828B01,1,1,1
200500058848,2005-09-20,2005,septembre,mardi,18:15,54,54547,0,0,2,3,3,1,1,4,2,02,1,1,000,000,1,0,1,4,1,19,5,1,9,00,2,1,7,200500058848A01,7,16,1
200500058852,2005-09-25,2005,septembre,dimanche,13:40,54,54395,0,0,2,1,3,1,1,4,1,02,1,3,000,000,1,0,1,4,1,41,5,1,2,00,2,1,1,200500058852B01,7,20,1
200500058853,2005-09-26,2005,septembre,lundi,10:20,54,54439,0,0,2,1,3,1,8,4,2,02,1,1,000,000,1,0,4,4,1,12,2,1,9,00,2,1,0,200500058853B01,10,9,1
200500058861,2005-09-09,2005,septembre,vendredi,80:0,54,54079,0,0,2,1,3,1,2,2,4,02,1,1,000,070,2,0,1,3,1,67,5,1,2,00,2,8,13,200500058861A01,8,1,1
200500058862,2005-09-05,2005,septembre,lundi,18:15,54,54431,0,0,2,9,3,1,1,5,2,02,1,1,000,060,1,0,0,3,1,5,5,1,9,00,2,8,1,200500058862A01,10,1,1
200500058872,2005-09-14,2005,septembre,mercredi,11:40,55,55545,0,0,2,2,7,1,1,4,2,02,1,1,000,070,1,0,1,3,1,9,5,1,2,00,2,1,15,200500058872B01,7,1,1
200500058885,2005-09-17,2005,septembre,samedi,21:35,56,56098,0,0,2,1,6,5,1,9,2,02,1,1,000,000,1,0,1,3,1,46,9,1,4,01,0,1,1,200500058885A01,,,
200500058886,2005-09-19,2005,septembre,lundi,16:52,56,56107,0,0,2,1,7,1,1,9,2,02,1,1,000,000,1,0,1,4,1,10,0,1,4,00,0,0,1,200500058886A01,,,
200500058888,2005-09-19,2005,septembre,lundi,18:50,56,56121,0,0,2,1,7,1,1,9,2,02,1,1,000,000,1,0,1,4,2,24,9,1,4,00,0,3,1,200500058888A01,,,
200500058889,2005-09-21,2005,septembre,mercredi,12:21,56,56162,0,0,1,2,3,1,1,9,2,02,1,1,000,000,1,0,1,4,2,52,9,1,4,00,2,8,1,200500058889B01,7,1,1
200500058899,2005-09-25,2005,septembre,dimanche,17:40,56,56098,0,0,2,1,7,1,1,9,2,02,1,1,000,000,1,0,1,4,1,18,9,1,9,00,0,0,1,200500058899A01,,,
200500058911,2005-09-28,2005,septembre,mercredi,85:0,56,56260,0,0,2,1,6,1,1,4,2,01,1,1,000,040,1,0,5,4,1,22,5,1,2,01,0,1,17,200500058911B01,7,24,1
200500058939,2005-09-22,2005,septembre,jeudi,90:0,57,57412,0,0,2,1,3,1,1,3,2,02,1,1,000,070,1,0,1,3,2,22,5,1,9,00,2,1,1,200500058939B01,7,15,1
200500058982,2005-09-30,2005,septembre,vendredi,18:15,58,58194,0,0,2,1,3,1,1,4,1,01,1,1,000,048,1,0,1,4,1,11,0,1,9,00,2,1,9,200500058982A01,7,1,1
200500058986,2005-09-27,2005,septembre,mardi,12:05,59,59143,0,0,2,1,3,1,1,3,2,00,1,1,000,060,1,0,0,4,1,57,1,1,9,00,2,0,1,200500058986A01,7,17,1
200500058990,2005-09-27,2005,septembre,mardi,14:15,59,59253,0,0,1,1,7,1,2,3,2,02,1,1,000,075,2,0,1,3,1,25,1,1,9,00,2,3,15,200500058990A01,7,1,1
200500058998,2005-09-13,2005,septembre,mardi,18:00,59,59183,0,0,2,3,3,1,1,4,1,01,2,1,000,060,1,0,1,4,1,31,5,1,2,00,2,1,1,200500058998B01,7,15,1
200500059010,2005-09-26,2005,septembre,lundi,73:0,59,59183,0,0,2,1,5,2,1,4,2,02,1,1,000,120,1,0,1,3,1,15,2,1,4,00,2,4,1,200500059010C01,7,22/21,2
200500059013,2005-09-18,2005,septembre,dimanche,15:38,59,59271,0,0,2,1,3,1,1,4,2,02,1,1,000,086,1,0,1,3,1,12,5,1,9,00,2,1,19,200500059013A01,7,16,1
200500059015,2005-09-14,2005,septembre,mercredi,15:00,59,59272,0,0,2,3,3,1,1,4,-1,02,1,-1,000,085,1,0,1,4,1,15,5,1,9,00,2,0,1,200500059015B01,7,1,1
200500059018,2005-09-01,2005,septembre,jeudi,19:00,59,59368,0,0,2,5,3,1,1,4,1,04,1,1,018,167,1,0,1,3,1,64,5,1,9,00,2,1,15,200500059018A01,7,12,1
200500059025,2005-09-01,2005,septembre,jeudi,16:40,59,59286,0,0,2,1,6,1,1,4,1,01,1,1,000,057,1,0,4,1,1,11,5,1,9,00,1,1,1,200500059025A01,,,
200500059051,2005-09-17,2005,septembre,samedi,17:35,59,59009,0,0,2,2,3,1,1,4,2,04,1,1,000,097,1,0,1,3,2,54,5,1,2,00,2,1,1,200500059051B01,7,16,1
200500059057,2005-09-20,2005,septembre,mardi,17:25,59,59009,0,0,2,1,6,1,1,3,2,02,1,1,000,069,1,0,1,4,2,19,5,1,9,00,2,6,1,200500059057B01,5,1,1
200500059062,2005-09-22,2005,septembre,jeudi,17:15,59,59350,0,0,2,1,6,1,1,4,2,02,1,1,000,060,1,0,1,4,1,31,5,1,9,00,2,1,1,200500059062B01,,,
200500059064,2005-09-24,2005,septembre,samedi,12:00,59,59350,0,0,2,2,6,1,1,4,1,01,1,1,000,060,1,0,1,4,1,12,5,1,9,00,2,1,1,200500059064A01,7,1,1
200500059067,2005-09-24,2005,septembre,samedi,17:20,59,59378,0,0,2,9,2,1,1,4,-1,02,1,3,000,085,1,5,1,4,1,24,4,1,9,00,2,1,16,200500059067B01,7,16,1
200500059068,2005-09-24,2005,septembre,samedi,19:00,59,59386,0,0,2,2,6,1,1,4,2,02,1,1,000,109,1,0,1,4,2,47,5,1,9,00,2,8,1,200500059068B01,7,15,1
200500059075,2005-09-28,2005,septembre,mercredi,18:25,59,59009,0,0,2,3,6,1,1,4,2,02,1,1,000,063,1,0,1,2,1,9,5,1,9,12,2,0,13,200500059075A01,7,1,1
200500059077,2005-09-29,2005,septembre,jeudi,91:5,59,59350,0,0,1,1,6,1,1,4,2,02,1,1,010,067,1,0,1,4,2,54,1,1,9,00,2,8,13,200500059077A01,7,1,1
200500059078,2005-09-30,2005,septembre,vendredi,17:15,59,59350,0,0,2,1,6,1,2,4,1,01,1,1,000,060,2,0,1,4,1,13,5,1,9,00,2,8,13,200500059078A01,7,1,1
200500059093,2005-09-03,2005,septembre,samedi,19:40,59,59512,0,0,2,1,6,1,1,4,1,00,1,1,000,000,1,0,1,4,1,13,5,1,9,00,0,1,19,200500059093B01,7,1,1
200500059095,2005-09-16,2005,septembre,vendredi,13:45,59,59512,0,0,2,2,2,1,1,4,3,00,1,1,000,000,1,0,1,3,1,9,5,1,2,00,2,4,1,200500059095B01,7,1,1
200500059117,2005-09-26,2005,septembre,lundi,19:50,59,59299,0,0,1,1,6,5,1,4,2,02,1,1,000,000,1,0,4,3,2,39,5,1,9,00,2,7,23,200500059117B01,7,0,1
200500059118,2005-09-20,2005,septembre,mardi,17:15,59,59512,0,0,2,1,3,1,1,4,2,02,1,1,000,000,1,0,1,3,1,8,5,1,9,00,2,1,1,200500059118B01,7,1,1
200500059174,2005-09-07,2005,septembre,mercredi,17:50,62,62048,0,0,2,1,3,1,1,3,2,02,1,1,000,000,1,0,1,3,2,68,3,1,4,00,9,1,5,200500059174B01,2,2,1
200500059179,2005-09-08,2005,septembre,jeudi,15:25,62,62570,0,0,2,4,3,1,1,4,2,02,1,1,000,090,1,0,1,3,1,25,5,1,4,00,2,8,1,200500059179B01,7,12,1
200500059183,2005-09-19,2005,septembre,lundi,18:35,62,62724,0,0,2,6,2,1,7,3,2,02,1,1,000,060,1,0,1,4,1,47,5,1,9,00,2,4,2,200500059183B01,7,9,1
200500059196,2005-09-22,2005,septembre,jeudi,18:35,62,62160,0,0,2,4,3,1,1,4,2,02,2,3,000,070,1,0,1,3,1,25,5,1,9,00,2,1,16,200500059196B01,7,1,1
200500059209,2005-09-18,2005,septembre,dimanche,18:55,62,62250,0,0,2,3,3,1,2,4,2,00,1,1,000,080,1,0,1,4,1,11,5,0,0,00,2,8,19,200500059209A01,7,1,1
200500059213,2005-09-28,2005,septembre,mercredi,14:40,62,62637,0,0,2,1,6,1,1,4,2,02,1,1,000,087,1,6,4,1,2,17,5,1,9,00,1,1,1,200500059213A01,,,
200500059223,2005-09-05,2005,septembre,lundi,20:00,62,62186,0,0,2,1,1,2,1,4,2,02,1,2,000,102,1,0,1,4,1,11,5,1,9,00,2,1,10,200500059223B01,7,15,1
200500059226,2005-09-25,2005,septembre,dimanche,18:15,62,62563,0,0,2,1,5,1,1,4,2,02,1,3,000,060,1,0,1,3,1,33,5,1,9,00,2,3,1,200500059226B01,5/ 7,13/1,2
200500059233,2005-09-01,2005,septembre,jeudi,20:10,63,63113,0,0,2,1,2,2,1,4,2,03,1,1,000,100,1,0,1,4,1,53,9,1,4,00,2,1,1,200500059233A01,7,1,1
200500059245,2005-09-06,2005,septembre,mardi,17:40,63,63113,0,0,2,1,6,1,1,4,2,02,1,4,000,070,2,0,1,4,1,37,9,1,9,00,2,8,1,200500059245B01,18,1,1
200500059247,2005-09-07,2005,septembre,mercredi,80:0,63,63113,0,0,2,2,7,1,8,4,1,02,1,1,000,062,2,5,1,4,1,27,1,1,9,00,0,7,1,200500059247B01,7,1,1
200500059256,2005-09-13,2005,septembre,mardi,19:05,63,63113,0,0,2,2,6,1,1,4,2,02,1,1,000,070,1,0,1,4,1,11,9,1,2,00,2,1,1,200500059256A01,7,1,1
200500059264,2005-09-16,2005,septembre,vendredi,17:50,63,63113,0,0,2,1,3,1,1,4,1,02,1,-1,000,070,1,5,1,4,1,19,0,1,2,00,2,1,19,200500059264A01,7,1,1
200500059313,2005-09-26,2005,septembre,lundi,15:06,64,64024,0,0,2,1,3,1,1,4,2,02,2,1,000,055,1,0,1,4,2,54,5,1,2,01,0,3,1,200500059313B01,7,24,1
200500059342,2005-09-07,2005,septembre,mercredi,17:25,64,64445,0,0,2,6,3,1,1,2,1,03,1,2,000,075,1,0,5,4,2,51,1,1,9,00,2,0,5,200500059342A01,7,1,1
200500059349,2005-09-15,2005,septembre,jeudi,12:10,64,64445,0,0,2,1,6,1,1,2,2,02,1,1,000,062,1,0,1,4,2,31,5,1,2,00,2,8,1,200500059349B01,7,1,1
200500059353,2005-09-24,2005,septembre,samedi,17:40,64,64348,0,0,2,6,3,1,1,2,2,02,1,2,000,060,1,0,1,2,2,69,5,1,9,00,2,1,1,200500059353B01,7,12,1
200500059356,2005-09-29,2005,septembre,jeudi,12:15,64,64269,0,0,1,6,3,1,1,3,2,02,1,3,000,080,1,0,1,3,1,57,5,1,9,00,2,1,14,200500059356A01,7,16,1
200500059374,2005-09-27,2005,septembre,mardi,18:15,64,64260,0,0,2,1,3,1,1,3,2,02,4,1,000,090,1,0,1,4,1,41,5,1,2,00,2,1,1,200500059374B01,7,15,1
200500059393,2005-09-28,2005,septembre,mercredi,19:55,65,65440,0,0,2,6,3,5,1,2,1,02,1,2,000,070,1,0,1,4,1,16,5,1,9,00,2,1,1,200500059393B01,10,1,1
200500059394,2005-09-29,2005,septembre,jeudi,74:0,65,65440,0,0,2,6,3,5,1,2,1,02,1,2,000,070,1,0,1,4,2,42,1,1,9,00,0,4,1,200500059394B01,7,1,1
200500059409,2005-09-05,2005,septembre,lundi,19:00,67,67180,0,0,2,3,6,1,1,4,1,01,1,1,000,120,1,0,5,4,2,37,5,1,4,00,2,1,1,200500059409A01,,,
200500059416,2005-09-02,2005,septembre,vendredi,12:00,67,67482,0,0,2,1,6,1,1,4,1,01,1,1,000,074,1,0,1,4,1,43,4,1,4,00,2,1,21,200500059416A01,7/ 10,21/24,2
200500059420,2005-09-04,2005,septembre,dimanche,15:00,67,67267,0,0,2,3,1,1,1,4,1,01,1,1,000,092,1,0,1,4,2,16,5,1,9,00,2,1,5,200500059420B01,7,16,1
200500059426,2005-09-06,2005,septembre,mardi,19:10,67,67482,0,0,1,1,6,1,1,4,2,02,1,1,000,080,1,0,1,4,1,48,5,1,9,00,2,1,1,200500059426B01,7,16,1