Num_Acc,date,an,mois,jour,hrmn,dep,com,lat,long,agg,int,col,lum,atm,catr,circ,nbv,prof,plan,lartpc,larrout,surf,infra,situ,grav,sexe,age,trajet,secuexist,equipement,obs,obsm,choc,manv,vehiculeid,typevehicules,manoeuvehicules,numVehicules
200500059431,2005-09-08,2005,septembre,jeudi,84:0,67,67447,0,0,2,3,6,1,1,4,2,02,1,1,000,064,1,0,1,4,2,24,1,1,4,00,2,1,1,200500059431B01,10,16,1
200500059432,2005-09-08,2005,septembre,jeudi,20:15,67,67482,0,0,2,1,6,2,1,4,1,04,1,2,000,143,1,5,1,4,1,19,5,1,4,00,2,0,9,200500059432B01,7,21,1
200500059433,2005-09-09,2005,septembre,vendredi,18:01,67,67482,0,0,2,3,3,1,1,4,1,01,1,1,150,065,1,5,1,4,1,20,5,1,9,00,2,1,5,200500059433A01,7,1,1
200500059449,2005-09-19,2005,septembre,lundi,75:5,67,67482,0,0,1,3,3,1,1,4,1,01,-1,1,000,056,-1,0,1,4,2,35,1,1,9,00,2,1,1,200500059449A01,7,1,1
200500059458,2005-09-22,2005,septembre,jeudi,16:00,67,67482,0,0,2,1,6,1,1,4,1,01,1,1,000,016,1,0,5,1,1,17,5,1,9,00,1,1,5,200500059458A01,,,
200500059461,2005-09-23,2005,septembre,vendredi,16:30,67,67218,0,0,1,1,3,1,1,4,2,02,1,3,000,080,1,2,1,4,1,75,5,1,9,00,2,7,15,200500059461A01,5,1,1
200500059467,2005-09-26,2005,septembre,lundi,17:45,67,67482,0,0,2,1,6,1,1,4,1,02,1,1,000,080,1,0,1,4,1,17,5,1,9,00,2,1,1,200500059467B01,7,24,1
200500059468,2005-09-28,2005,septembre,mercredi,50:5,67,67043,0,0,2,1,3,5,8,4,2,02,1,1,000,068,1,0,1,3,2,45,1,1,9,00,2,1,1,200500059468B01,7,13,1
200500059470,2005-09-28,2005,septembre,mercredi,19:45,67,67482,0,0,2,5,3,5,1,4,2,01,1,1,000,074,1,0,1,4,2,41,5,1,9,00,2,8,1,200500059470A01,7,1,1
200500059473,2005-09-29,2005,septembre,jeudi,14:15,67,67218,0,0,2,1,6,1,1,4,1,02,1,1,000,065,1,0,1,4,1,41,9,1,9,00,2,1,1,200500059473B01,7,22,1
200500059475,2005-09-29,2005,septembre,jeudi,20:20,67,67447,0,0,2,3,3,5,1,4,2,02,1,1,000,076,1,0,1,4,1,51,9,0,0,00,2,2,1,200500059475B01,7,15,1
200500059482,2005-09-09,2005,septembre,vendredi,17:10,68,68066,0,0,2,2,3,2,1,3,2,02,1,1,040,158,2,5,5,4,2,14,2,1,2,00,2,8,1,200500059482B01,7,1,1
200500059490,2005-09-08,2005,septembre,jeudi,19:30,68,68224,0,0,2,1,3,1,1,3,2,01,1,1,000,071,1,0,1,3,2,56,5,1,9,00,2,8,2,200500059490B01,7,13,1
200500059497,2005-09-21,2005,septembre,mercredi,10:10,68,68224,0,0,2,1,6,1,1,4,2,02,1,1,000,114,1,0,4,1,1,15,0,1,9,00,1,1,0,200500059497A01,,,
200500059502,2005-09-23,2005,septembre,vendredi,12:33,68,68224,0,0,2,1,2,1,1,4,2,02,1,1,000,066,1,0,1,4,2,22,0,1,9,01,0,1,1,200500059502B01,7,22,1
200500059538,2005-09-19,2005,septembre,lundi,20:30,69,69266,0,0,2,1,2,5,1,4,2,02,1,1,000,095,1,0,1,4,1,23,5,1,9,00,2,1,1,200500059538B01,7,1,1
200500059540,2005-09-29,2005,septembre,jeudi,20:20,69,69266,0,0,2,1,6,5,1,4,2,02,1,1,000,060,1,0,1,4,1,25,0,1,9,00,2,1,1,200500059540B01,7,22,1
200500059543,2005-09-30,2005,septembre,vendredi,12:10,69,69266,0,0,2,2,3,1,1,4,2,02,1,1,000,050,1,0,1,4,1,25,2,1,9,00,2,3,19,200500059543B01,7,15,1
200500059547,2005-09-26,2005,septembre,lundi,16:50,69,69275,0,0,2,3,3,1,1,4,2,02,2,1,000,000,1,0,1,4,1,36,9,1,9,00,2,1,1,200500059547B01,7,15,1
200500059568,2005-09-22,2005,septembre,jeudi,12:15,71,71153,0,0,2,1,6,1,1,3,2,02,1,1,000,090,1,0,1,4,1,21,5,1,9,01,0,2,1,200500059568A01,,,
200500059573,2005-09-09,2005,septembre,vendredi,13:40,71,71270,0,0,2,1,6,1,1,4,1,01,1,1,000,040,1,0,4,4,1,32,5,1,9,00,2,1,1,200500059573A01,,,
200500059586,2005-09-02,2005,septembre,vendredi,83:0,72,72181,0,0,2,1,3,1,1,9,2,04,1,1,000,140,1,0,1,4,1,43,1,1,2,00,0,3,1,200500059586B01,7,16,1
200500059598,2005-09-09,2005,septembre,vendredi,18:45,72,72181,0,0,2,1,3,1,1,9,2,02,1,1,013,053,1,0,1,1,1,39,9,1,2,00,2,2,1,200500059598B01,7,9,1
200500059598,2005-09-09,2005,septembre,vendredi,18:45,72,72181,0,0,2,1,3,1,1,9,2,02,1,1,013,053,1,0,1,4,2,13,0,1,2,00,2,2,1,200500059598B01,7,9,1
200500059635,2005-09-10,2005,septembre,samedi,18:30,73,73065,0,0,2,1,7,1,2,4,-1,00,1,1,000,000,2,0,4,1,1,18,5,1,2,00,1,1,9,200500059635A01,,,
200500059635,2005-09-10,2005,septembre,samedi,18:30,73,73065,0,0,2,1,7,1,2,4,-1,00,1,1,000,000,2,0,4,1,2,15,0,1,2,00,1,1,9,200500059635A01,,,
200500059648,2005-09-22,2005,septembre,jeudi,14:35,74,74010,0,0,2,1,6,1,1,4,2,02,-1,-1,000,000,-1,0,1,4,2,12,2,1,9,00,0,8,1,200500059648B01,7,17,1
200500059660,2005-09-24,2005,septembre,samedi,15:55,74,74200,0,0,2,2,3,1,1,3,2,02,2,1,000,060,1,0,1,3,1,54,5,1,2,00,2,1,1,200500059660B01,7,15,1
200500059679,2005-09-01,2005,septembre,jeudi,12:40,75,75003,0,0,2,3,3,1,1,4,1,02,1,1,000,060,1,0,1,4,2,26,5,0,0,00,2,3,1,200500059679B01,7,16,1
200500059685,2005-09-01,2005,septembre,jeudi,75:0,75,75012,0,0,2,3,6,1,8,4,2,02,1,1,000,060,1,0,1,4,1,60,5,0,0,00,2,6,19,200500059685B01,7,0,1
200500059688,2005-09-01,2005,septembre,jeudi,15:40,75,75015,0,0,2,1,7,1,1,4,1,01,1,1,000,030,1,0,1,4,1,9,5,0,0,00,0,1,19,200500059688A01,,,
200500059691,2005-09-01,2005,septembre,jeudi,73:0,75,75015,0,0,2,2,3,1,2,4,1,02,1,1,000,060,2,0,1,4,1,36,1,1,2,00,2,1,1,200500059691B01,7,15,1
200500059694,2005-09-01,2005,septembre,jeudi,10:,75,75019,0,0,2,1,3,5,1,4,2,04,1,1,000,120,1,0,1,4,1,28,5,0,0,00,2,6,19,200500059694A01,5,1,1
200500059695,2005-09-01,2005,septembre,jeudi,91:5,75,75019,0,0,2,1,3,1,1,4,2,04,1,1,000,120,1,0,1,4,1,15,5,0,0,00,2,2,19,200500059695A01,7,7,1
200500059724,2005-09-03,2005,septembre,samedi,16:50,75,75020,0,0,2,1,3,1,1,4,2,02,1,1,000,060,1,0,1,4,1,30,5,0,0,00,2,1,1,200500059724B01,7,22,1
200500059740,2005-09-04,2005,septembre,dimanche,11:30,75,75016,0,0,2,1,4,1,1,4,2,02,1,1,000,060,1,0,1,4,1,48,5,1,2,00,2,1,1,200500059740A01,1,1,4
200500059740,2005-09-04,2005,septembre,dimanche,11:30,75,75016,0,0,2,1,4,1,1,4,2,02,1,1,000,060,1,0,1,4,1,32,5,1,2,00,2,4,1,200500059740B01,1,1,4
200500059740,2005-09-04,2005,septembre,dimanche,11:30,75,75016,0,0,2,1,4,1,1,4,2,02,1,1,000,060,1,0,1,4,1,37,5,1,2,00,2,4,1,200500059740C01,1,1,4
200500059740,2005-09-04,2005,septembre,dimanche,11:30,75,75016,0,0,2,1,4,1,1,4,2,02,1,1,000,060,1,0,1,4,1,66,5,1,2,00,2,4,1,200500059740D01,1,1,4
200500059740,2005-09-04,2005,septembre,dimanche,11:30,75,75016,0,0,2,1,4,1,1,4,2,02,1,1,000,060,1,0,1,4,1,56,5,1,2,00,2,4,1,200500059740E01,1,1,4
200500059758,2005-09-20,2005,septembre,mardi,12:35,75,75004,0,0,2,2,3,1,1,4,1,03,1,1,000,090,1,0,1,3,1,26,4,1,2,00,2,5,1,200500059758A01,10,16,1
200500059764,2005-09-05,2005,septembre,lundi,19:50,75,75017,0,0,2,3,6,1,1,4,1,01,1,1,000,030,1,0,1,1,1,31,5,0,0,00,1,1,1,200500059764A01,,,
200500059780,2005-09-07,2005,septembre,mercredi,13:16,75,75006,0,0,2,2,3,1,1,4,2,02,1,1,000,060,1,0,1,4,1,36,5,0,0,00,2,6,11,200500059780A01,2,1,1
200500059783,2005-09-21,2005,septembre,mercredi,14:40,75,75019,0,0,2,1,3,1,1,4,1,01,1,1,000,030,1,0,1,4,2,30,5,0,0,00,2,1,1,200500059783B01,7,24,1
200500059794,2005-09-07,2005,septembre,mercredi,19:35,75,75019,0,0,2,1,6,1,1,4,1,01,1,1,000,030,1,0,1,4,1,8,5,1,2,00,2,3,19,200500059794B01,2,1,1
200500059796,2005-09-08,2005,septembre,jeudi,10:00,75,75001,0,0,2,1,2,1,1,4,1,04,1,1,000,120,9,0,1,4,2,33,4,1,2,00,2,4,21,200500059796A01,10,2,1
200500059803,2005-09-08,2005,septembre,jeudi,21:05,75,75008,0,0,2,1,3,5,1,4,2,02,1,1,000,060,1,0,1,4,2,26,5,1,2,00,2,1,1,200500059803B01,7,22,1
200500059804,2005-09-22,2005,septembre,jeudi,18:50,75,75020,0,0,2,1,5,1,1,4,2,04,1,1,000,120,1,0,1,4,1,32,5,0,0,00,2,1,17,200500059804A01,4/ 7,1,2
200500059817,2005-09-08,2005,septembre,jeudi,18:50,75,75014,0,0,2,5,3,1,1,4,1,02,1,1,000,060,1,0,1,4,2,47,4,0,0,00,2,1,1,200500059817A01,18,1,1
200500059831,2005-09-27,2005,septembre,mardi,95:0,75,75007,0,0,2,2,3,1,1,4,2,02,1,1,000,060,1,0,1,4,2,25,4,1,2,00,2,1,1,200500059831B01,7,15,1
200500059847,2005-09-10,2005,septembre,samedi,84:4,75,75003,0,0,2,2,3,1,1,4,1,01,1,1,000,030,1,0,1,4,2,32,4,0,0,00,2,1,7,200500059847B01,7,1,1
200500059849,2005-09-10,2005,septembre,samedi,11:20,75,75008,0,0,2,3,2,1,2,4,2,02,1,1,000,060,2,0,1,4,1,18,9,0,0,00,2,1,1,200500059849A01,7,1,1
200500059857,2005-09-10,2005,septembre,samedi,12:40,75,75020,0,0,2,3,3,1,2,4,1,02,1,1,000,060,2,0,1,4,1,58,5,0,0,00,2,2,1,200500059857A01,7,1,1
200500059858,2005-09-10,2005,septembre,samedi,19:15,75,75020,0,0,2,1,3,1,1,4,1,02,1,1,000,060,1,0,1,4,1,29,5,0,0,00,2,3,1,200500059858B01,7,22,1
200500059864,2005-09-11,2005,septembre,dimanche,10:35,75,75012,0,0,2,1,7,1,1,4,2,02,1,1,000,060,1,0,5,4,1,35,5,0,0,00,0,2,21,200500059864A01,,,
200500059865,2005-09-11,2005,septembre,dimanche,12:35,75,75013,0,0,2,1,3,1,1,4,2,04,1,1,000,120,1,0,1,4,2,45,5,0,0,00,2,1,1,200500059865B01,7,22,1
200500059866,2005-09-11,2005,septembre,dimanche,17:20,75,75016,0,0,2,3,3,1,1,4,2,02,1,1,000,060,1,0,1,4,1,33,5,0,0,00,2,2,19,200500059866B01,4,1,1
200500059897,2005-09-13,2005,septembre,mardi,11:15,75,75006,0,0,2,1,4,1,1,4,1,02,1,1,000,060,1,0,1,4,1,29,5,0,0,00,2,2,1,200500059897B01,7/ 4,22/1,2
200500059898,2005-09-13,2005,septembre,mardi,15:20,75,75007,0,0,2,3,7,1,1,4,2,04,1,1,000,120,8,0,1,3,2,73,5,0,0,00,0,2,15,200500059898A01,,,
200500059918,2005-09-14,2005,septembre,mercredi,16:40,75,75010,0,0,2,2,3,1,1,4,1,01,1,1,000,030,1,0,1,4,1,58,5,0,0,00,2,3,1,200500059918B01,10,22,1
200500059925,2005-09-14,2005,septembre,mercredi,17:15,75,75017,0,0,2,1,2,1,1,4,2,02,1,1,000,060,1,0,1,3,1,35,9,0,0,00,2,1,1,200500059925B01,7,24,1
200500059933,2005-09-15,2005,septembre,jeudi,16:55,75,75012,0,0,2,1,3,1,1,4,2,04,1,1,000,120,1,0,1,4,1,55,5,1,2,00,2,3,1,200500059933B01,7,16,1
200500059970,2005-09-17,2005,septembre,samedi,13:20,75,75016,0,0,2,1,3,1,1,4,2,04,1,1,000,120,1,0,1,4,1,36,9,0,0,00,2,1,1,200500059970B01,7,15,1
200500059982,2005-09-18,2005,septembre,dimanche,16:55,75,75004,0,0,2,3,6,1,1,4,1,01,1,1,000,030,1,0,1,4,1,73,5,0,0,00,2,3,1,200500059982B01,7,0,1
200500059983,2005-09-18,2005,septembre,dimanche,16:47,75,75016,0,0,2,2,2,1,1,4,2,02,1,1,000,060,1,0,1,1,1,47,5,0,0,00,2,1,1,200500059983A01,1,1,1
200500059983,2005-09-18,2005,septembre,dimanche,16:47,75,75016,0,0,2,2,2,1,1,4,2,02,1,1,000,060,1,0,1,4,1,41,5,0,0,00,2,4,1,200500059983B01,1,1,1
200500059985,2005-09-18,2005,septembre,dimanche,12:25,75,75014,0,0,2,1,2,1,1,4,2,04,1,1,000,120,1,0,1,4,1,40,5,0,0,00,2,4,1,200500059985B01,7,1,1
200500059988,2005-09-18,2005,septembre,dimanche,14:50,75,75003,0,0,2,3,3,1,1,4,1,04,1,1,000,120,1,0,1,3,1,74,5,0,0,00,2,1,1,200500059988A01,7,16,1
200500059995,2005-09-19,2005,septembre,lundi,19:25,75,75009,0,0,2,2,3,1,1,4,1,01,1,1,000,030,1,0,1,4,1,28,5,0,0,00,2,3,19,200500059995A01,7,15,1
200500060009,2005-09-07,2005,septembre,mercredi,12:05,75,75012,0,0,2,3,6,1,1,4,1,01,1,1,000,030,1,0,1,4,1,56,5,0,0,14,0,1,1,200500060009A01,,,
200500060011,2005-09-12,2005,septembre,lundi,94:0,75,75012,0,0,2,1,3,1,2,4,2,02,1,1,000,060,2,0,1,4,1,27,5,0,0,00,2,3,10,200500060011A01,4,1,1
200500060014,2005-09-14,2005,septembre,mercredi,17:00,75,75019,0,0,2,4,6,2,1,4,2,02,1,1,000,060,1,0,1,4,1,8,9,1,2,00,2,3,19,200500060014A01,7,1,1
200500060037,2005-09-21,2005,septembre,mercredi,74:5,75,75005,0,0,2,3,3,1,1,4,1,02,1,1,000,060,1,0,1,4,1,18,5,0,0,00,2,2,15,200500060037A01,18,8,1
200500060043,2005-09-20,2005,septembre,mardi,15:55,75,75011,0,0,2,3,3,1,1,4,2,04,1,1,000,120,1,0,1,4,2,20,5,0,0,00,2,1,7,200500060043B01,7,22,1
200500060045,2005-09-20,2005,septembre,mardi,15:25,75,75012,0,0,2,3,3,1,1,4,2,02,1,1,000,060,1,0,1,4,1,34,1,0,0,00,2,3,1,200500060045B01,7,16,1
200500060058,2005-09-21,2005,septembre,mercredi,13:08,75,75004,0,0,2,2,3,1,1,4,1,02,1,1,000,060,1,0,1,1,1,17,5,0,0,00,2,1,1,200500060058A01,2,1,1
200500060060,2005-09-21,2005,septembre,mercredi,81:5,75,75005,0,0,2,3,3,1,1,4,1,02,1,1,000,060,1,0,1,4,1,28,1,1,2,00,2,1,1,200500060060B01,7,15,1
200500060063,2005-09-21,2005,septembre,mercredi,16:10,75,75019,0,0,2,2,6,1,1,4,2,04,1,1,000,120,1,0,1,1,1,27,5,0,0,00,2,3,19,200500060063A01,5,1,1
200500060066,2005-09-22,2005,septembre,jeudi,18:05,75,75004,0,0,2,1,3,1,1,4,1,02,1,1,000,060,1,0,1,4,2,17,5,0,0,00,2,5,1,200500060066B01,14,17,1
200500060073,2005-09-22,2005,septembre,jeudi,91:5,75,75011,0,0,2,2,2,1,1,4,1,01,1,1,000,030,1,0,1,4,2,29,4,0,0,00,2,1,1,200500060073A01,7,1,1
200500060086,2005-09-23,2005,septembre,vendredi,14:49,75,75007,0,0,2,1,2,1,1,4,2,04,1,1,000,120,1,0,1,4,2,55,5,1,2,00,2,4,1,200500060086B01,7,17,1
200500060125,2005-09-27,2005,septembre,mardi,92:5,75,75003,0,0,2,1,2,1,1,4,1,01,1,1,000,030,1,0,1,4,1,35,4,0,0,00,2,1,1,200500060125A01,7,1,1
200500060156,2005-09-24,2005,septembre,samedi,21:00,75,75020,0,0,2,3,6,2,1,4,2,02,1,1,000,060,1,0,1,4,1,44,5,0,0,01,2,3,9,200500060156A01,7,1,1
200500060159,2005-09-25,2005,septembre,dimanche,13:54,75,75020,0,0,2,3,1,1,1,4,1,01,1,1,000,030,1,0,1,3,1,32,5,0,0,00,2,1,15,200500060159B01,1,1,1
200500060159,2005-09-25,2005,septembre,dimanche,13:54,75,75020,0,0,2,3,1,1,1,4,1,01,1,1,000,030,1,0,1,1,1,30,5,0,0,00,2,1,1,200500060159A01,1,15,1
200500060164,2005-09-26,2005,septembre,lundi,17:00,75,75014,0,0,2,1,3,1,1,4,2,04,1,1,000,120,1,0,1,4,1,30,1,0,0,00,2,1,1,200500060164B01,7,22,1
200500060172,2005-09-27,2005,septembre,mardi,21:40,75,75007,0,0,2,2,2,5,2,4,2,02,1,1,000,060,2,0,1,4,1,28,9,0,0,00,2,4,1,200500060172B01,7,1,1
200500060180,2005-09-27,2005,septembre,mardi,19:55,75,75005,0,0,2,1,6,5,2,4,1,01,1,1,000,030,2,0,1,4,1,39,5,0,0,12,0,1,21,200500060180A01,,,
200500060191,2005-09-28,2005,septembre,mercredi,14:00,75,75018,0,0,2,2,3,1,1,4,2,04,1,1,000,120,1,0,1,1,2,39,5,0,0,00,2,3,1,200500060191B01,2,1,1
200500060231,2005-09-29,2005,septembre,jeudi,17:10,75,75010,0,0,2,3,6,1,1,4,1,01,1,1,000,030,1,0,1,4,2,39,9,1,2,00,2,1,1,200500060231B01,7,22/1,2
200500060263,2005-09-30,2005,septembre,vendredi,17:50,75,75011,0,0,2,2,3,1,2,4,1,01,1,1,000,030,2,0,1,4,1,46,5,0,0,00,2,3,16,200500060263B01,2,1,1
200500060300,2005-09-23,2005,septembre,vendredi,16:50,75,75014,0,0,2,1,2,1,1,4,1,01,1,1,000,030,1,0,1,4,2,48,5,0,0,00,2,4,1,200500060300B01,7,1,1
200500060308,2005-09-26,2005,septembre,lundi,93:7,75,75001,0,0,2,1,3,1,1,4,2,04,1,-1,000,120,1,0,1,4,2,38,1,0,0,00,2,3,13,200500060308A01,4,1,1
200500060351,2005-09-16,2005,septembre,vendredi,12:20,76,76561,0,0,2,1,3,1,2,3,3,02,1,1,020,030,2,0,1,4,1,14,2,1,9,00,2,8,19,200500060351A01,7,1,1
200500060352,2005-09-05,2005,septembre,lundi,17:20,76,76351,0,0,2,2,1,1,1,2,3,05,1,1,000,000,1,5,1,3,1,38,5,1,2,00,2,1,9,200500060352A01,18,1,1
200500060362,2005-09-26,2005,septembre,lundi,17:05,76,76351,0,0,2,5,3,1,1,3,2,02,2,1,000,120,1,0,1,3,1,13,5,1,2,00,2,7,15,200500060362A01,7,1,1
200500060414,2005-09-26,2005,septembre,lundi,15:23,77,77268,0,0,1,1,2,1,1,4,2,01,1,1,000,000,1,0,1,3,1,58,5,1,2,00,2,6,2,200500060414B01,7,2,1
200500060420,2005-09-21,2005,septembre,mercredi,17:25,77,77042,0,0,2,2,3,1,1,9,2,02,1,1,000,060,1,0,1,4,1,11,0,1,9,00,2,3,15,200500060420B01,7,0,1
200500060421,2005-09-22,2005,septembre,jeudi,19:17,77,77131,0,0,2,1,1,1,1,4,-1,02,2,2,000,070,1,0,1,3,1,15,5,1,9,00,0,1,13,200500060421A01,99,0,1
200500060441,2005-09-23,2005,septembre,vendredi,16:00,77,77243,0,0,2,2,3,1,1,4,2,02,2,-1,000,052,1,5,1,3,1,12,2,1,2,00,2,7,1,200500060441A01,7,1,1
200500060455,2005-09-29,2005,septembre,jeudi,15:45,77,77475,0,0,2,1,2,1,1,2,2,03,1,1,000,090,1,0,1,3,1,42,5,1,2,00,0,4,1,200500060455B01,7,17,1
200500060457,2005-09-09,2005,septembre,vendredi,16:30,77,77445,0,0,2,2,3,1,1,4,2,01,1,1,000,061,1,0,1,3,1,11,5,1,9,00,2,8,19,200500060457B01,7,21,1
200500060474,2005-09-17,2005,septembre,samedi,93:0,77,77296,0,0,1,2,3,1,1,3,2,01,1,2,000,000,1,0,1,3,1,60,5,1,2,00,2,1,19,200500060474A01,7,13,1
200500060476,2005-09-21,2005,septembre,mercredi,18:35,77,77296,0,0,2,3,3,1,1,4,2,02,1,1,000,000,1,0,1,4,2,9,5,1,9,00,2,8,19,200500060476B01,7,15,1
200500060486,2005-09-19,2005,septembre,lundi,20:35,77,77083,0,0,2,1,6,5,1,4,2,00,1,1,000,000,1,0,1,3,1,57,5,0,0,00,0,4,2,200500060486B01,7,2,1
200500060497,2005-09-27,2005,septembre,mardi,13:25,77,77373,0,0,2,3,3,1,1,4,2,00,1,-1,000,060,1,0,1,3,1,13,2,1,9,00,0,8,1,200500060497B01,7,16,1
200500060507,2005-09-12,2005,septembre,lundi,13:30,78,78005,0,0,2,6,6,1,8,4,1,01,1,2,000,060,1,0,1,3,1,32,0,1,2,00,0,8,15,200500060507B01,7,9,1
200500060509,2005-09-15,2005,septembre,jeudi,17:10,78,78172,0,0,2,1,7,1,9,4,1,00,1,1,000,000,-1,0,1,4,1,15,0,1,2,00,0,0,0,200500060509A01,,,
200500060510,2005-09-15,2005,septembre,jeudi,18:25,78,78015,0,0,2,1,6,1,1,4,2,01,1,1,000,072,1,0,1,4,1,56,0,1,2,00,1,0,1,200500060510A01,,,
200500060515,2005-09-07,2005,septembre,mercredi,12:00,78,78168,0,0,2,6,3,1,1,3,3,04,1,1,020,110,1,5,1,4,1,27,3,1,2,00,2,1,19,200500060515B01,7,1,1
200500060518,2005-09-29,2005,septembre,jeudi,81:8,78,78208,0,0,2,1,7,1,1,4,2,00,1,1,000,076,1,0,1,3,2,11,2,1,9,00,0,0,0,200500060518B01,7,1,1
200500060520,2005-09-04,2005,septembre,dimanche,21:30,78,78297,0,0,2,1,3,5,1,4,3,02,-1,-1,000,000,1,0,1,3,1,24,9,1,9,00,2,4,19,200500060520A01,7,2,1
200500060522,2005-09-13,2005,septembre,mardi,71:0,78,78297,0,0,2,6,6,5,9,4,3,02,1,1,000,000,-1,0,1,3,1,56,1,1,9,00,2,8,2,200500060522B01,15,17,1
200500060542,2005-09-14,2005,septembre,mercredi,94:5,78,78498,0,0,1,1,2,1,1,3,2,00,1,1,015,100,1,0,1,4,1,62,5,1,9,00,2,4,1,200500060542B01,10,1,1
200500060549,2005-09-01,2005,septembre,jeudi,13:00,78,78498,0,0,2,3,1,1,1,3,2,02,1,1,000,106,1,0,1,3,1,44,5,1,2,00,2,1,1,200500060549B01,10,15,1
200500060581,2005-09-28,2005,septembre,mercredi,72:0,78,78586,0,0,2,2,3,2,1,4,-1,02,1,1,000,060,1,0,1,4,2,35,1,1,9,00,2,1,1,200500060581B01,7,15,1
200500060593,2005-09-10,2005,septembre,samedi,12:00,78,78646,0,0,2,5,6,1,3,3,2,04,1,1,000,120,2,0,1,4,2,17,5,1,2,00,2,1,1,200500060593B01,7,1,1
200500060596,2005-09-14,2005,septembre,mercredi,61:5,78,78158,0,0,2,2,3,5,1,4,2,02,1,1,000,000,1,0,0,3,1,23,4,1,2,00,2,1,1,200500060596A01,7,1,1
200500060598,2005-09-17,2005,septembre,samedi,10:05,78,78646,0,0,2,2,3,1,1,3,1,01,1,1,000,040,1,0,1,4,2,24,0,1,2,00,2,1,1,200500060598B01,7,1,1
200500060608,2005-09-03,2005,septembre,samedi,16:45,78,78146,0,0,2,3,3,1,1,4,2,02,2,1,000,061,1,0,1,3,2,47,5,1,2,00,0,1,1,200500060608B01,7,16,1
200500060618,2005-09-02,2005,septembre,vendredi,19:00,80,80021,0,0,2,3,3,1,1,4,1,01,1,1,000,080,1,0,1,4,1,16,5,1,9,00,2,2,1,200500060618A01,7,15,1
200500060618,2005-09-02,2005,septembre,vendredi,19:00,80,80021,0,0,2,3,3,1,1,4,1,01,1,1,000,080,1,0,1,1,2,16,0,1,9,00,2,2,1,200500060618A01,7,15,1
200500060622,2005-09-05,2005,septembre,lundi,18:15,80,80021,0,0,2,1,3,1,1,4,2,02,1,1,000,059,1,0,1,4,1,23,5,1,9,00,2,1,1,200500060622B01,7,22,1
200500060624,2005-09-06,2005,septembre,mardi,11:25,80,80021,0,0,2,6,3,1,1,4,3,24,1,1,000,120,1,0,1,4,1,58,5,1,9,00,2,4,1,200500060624B01,7,15,1
200500060625,2005-09-07,2005,septembre,mercredi,16:25,80,80021,0,0,2,1,3,1,1,4,2,02,1,1,000,100,1,0,1,4,1,13,5,1,9,00,2,1,1,200500060625B01,7,20,1
200500060629,2005-09-12,2005,septembre,lundi,23:50,80,80021,0,0,2,1,1,5,1,4,1,01,1,1,000,060,1,0,1,4,1,25,5,1,9,00,2,1,5,200500060629A01,2,1,1
200500060641,2005-09-20,2005,septembre,mardi,13:35,80,80021,0,0,2,1,2,1,1,3,2,04,1,1,000,150,1,0,1,3,1,55,1,1,9,00,2,4,1,200500060641A01,7,1,1
200500060647,2005-09-24,2005,septembre,samedi,17:05,80,80674,0,0,2,1,3,1,1,3,2,02,1,1,000,090,1,0,1,4,1,20,5,1,9,00,2,1,1,200500060647B01,7,15,1
200500060670,2005-09-26,2005,septembre,lundi,16:45,82,82033,0,0,2,1,3,1,1,4,2,02,1,1,000,048,1,0,1,3,1,11,2,1,9,00,2,1,19,200500060670A01,7,2,1
200500060717,2005-09-04,2005,septembre,dimanche,14:00,83,83137,0,0,1,3,1,1,1,4,2,01,1,1,000,062,1,0,1,3,1,6,5,1,9,00,2,1,16,200500060717B01,7,1,1
200500060733,2005-09-19,2005,septembre,lundi,14:25,83,83137,0,0,2,1,1,1,1,4,1,02,1,1,000,000,1,0,1,3,1,38,0,1,2,00,2,1,5,200500060733B01,5,1,1
200500060738,2005-09-23,2005,septembre,vendredi,16:30,83,83137,0,0,2,3,3,1,1,4,2,02,2,2,000,105,1,0,1,3,1,45,1,1,9,00,2,1,17,200500060738B01,7,15,1
200500060740,2005-09-18,2005,septembre,dimanche,18:00,83,83137,0,0,2,6,3,1,3,4,-1,02,-1,-1,000,064,2,0,1,4,1,17,5,1,9,00,2,1,1,200500060740B01,7,9,1
200500060751,2005-09-02,2005,septembre,vendredi,16:55,84,84007,0,0,2,1,3,1,1,4,1,01,1,1,000,040,1,0,1,4,1,16,9,1,2,00,2,1,5,200500060751A01,7,15,1
200500060776,2005-09-29,2005,septembre,jeudi,15:50,84,84007,0,0,2,9,3,1,1,2,2,04,1,1,000,120,1,0,1,4,1,75,5,1,9,00,2,1,1,200500060776B01,7,15,1
200500060805,2005-09-12,2005,septembre,lundi,14:30,85,85194,0,0,2,1,6,1,1,4,2,00,1,1,000,000,1,0,1,3,2,65,5,1,9,00,2,1,1,200500060805B01,7,9,1
200500060811,2005-09-01,2005,septembre,jeudi,13:55,86,86066,0,0,1,1,4,1,1,3,3,04,1,1,038,183,1,0,1,3,1,42,5,1,9,00,9,4,2,200500060811B01,7,2,1
200500060811,2005-09-01,2005,septembre,jeudi,13:55,86,86066,0,0,1,1,4,1,1,3,3,04,1,1,038,183,1,0,1,4,2,13,5,1,9,00,0,4,2,200500060811C01,7,2,1
200500060812,2005-09-25,2005,septembre,dimanche,13:15,86,86066,0,0,1,3,3,1,1,3,2,02,1,1,000,600,1,0,1,3,1,70,5,1,9,00,2,5,15,200500060812A01,7,1,1