Num_Acc,date,an,mois,jour,hrmn,dep,com,lat,long,agg,int,col,lum,atm,catr,circ,nbv,prof,plan,lartpc,larrout,surf,infra,situ,grav,sexe,age,trajet,secuexist,equipement,obs,obsm,choc,manv,vehiculeid,typevehicules,manoeuvehicules,numVehicules
200500060826,2005-09-08,2005,septembre,jeudi,11:25,86,86194,0,0,2,3,3,1,1,4,2,02,1,1,000,070,1,0,1,4,1,32,9,1,9,00,2,1,1,200500060826B01,7,15,1
200500060831,2005-09-13,2005,septembre,mardi,17:40,86,86194,0,0,2,6,3,1,1,4,1,01,1,2,065,062,1,5,1,4,1,73,9,1,2,00,2,1,2,200500060831B01,7,2,1
200500060833,2005-09-15,2005,septembre,jeudi,14:40,86,86194,0,0,2,2,6,1,1,3,3,04,1,1,070,210,1,0,1,4,1,48,9,1,9,00,2,1,1,200500060833B01,10,16,1
200500060838,2005-09-16,2005,septembre,vendredi,17:05,86,86194,0,0,2,1,6,1,3,4,2,04,1,1,000,140,2,0,1,4,1,80,9,1,9,00,2,8,1,200500060838B01,7,17,1
200500060844,2005-09-22,2005,septembre,jeudi,18:25,86,86194,0,0,2,6,3,1,1,3,2,02,1,1,000,000,1,0,0,4,1,45,1,1,9,00,2,8,1,200500060844B01,7,16,1
200500060885,2005-09-21,2005,septembre,mercredi,10:02,87,87085,0,0,2,1,6,1,1,4,2,02,1,1,000,060,1,0,1,4,2,22,5,1,9,00,0,0,15,200500060885A01,,,
200500060916,2005-09-08,2005,septembre,jeudi,10:40,89,89387,0,0,2,2,3,1,1,4,1,01,1,1,000,053,1,0,1,4,2,55,5,1,9,00,2,4,1,200500060916B01,7,15,1
200500060917,2005-09-10,2005,septembre,samedi,17:15,89,89387,0,0,2,1,6,1,1,4,2,03,1,1,000,097,1,0,1,4,1,9,5,1,4,00,2,1,11,200500060917A01,7,17,1
200500060920,2005-09-02,2005,septembre,vendredi,17:05,90,90010,0,0,2,1,3,1,1,3,3,02,1,1,000,070,1,0,1,4,2,20,1,1,2,12,0,4,2,200500060920B01,18,2,1
200500060925,2005-09-10,2005,septembre,samedi,13:45,90,90010,0,0,2,1,2,1,1,2,1,03,1,1,000,000,1,0,1,4,1,24,5,1,2,00,2,1,2,200500060925A01,7,23,1
200500060926,2005-09-13,2005,septembre,mardi,22:10,90,90010,0,0,2,1,6,5,1,4,2,02,1,1,000,074,1,0,1,4,1,15,0,1,2,00,2,1,14,200500060926B01,7,20,1
200500060931,2005-09-27,2005,septembre,mardi,81:5,90,90010,0,0,2,1,6,1,1,4,2,02,1,1,000,070,1,0,1,3,1,59,5,1,9,00,2,3,15,200500060931B01,10,17,1
200500060968,2005-09-30,2005,septembre,vendredi,11:30,91,91223,0,0,1,1,6,1,1,4,1,02,2,1,000,880,1,0,1,4,1,14,5,1,2,00,0,0,1,200500060968A01,,,
200500060968,2005-09-30,2005,septembre,vendredi,11:30,91,91223,0,0,1,1,6,1,1,4,1,02,2,1,000,880,1,0,1,4,1,13,0,1,2,00,0,0,1,200500060968A01,,,
200500060970,2005-09-02,2005,septembre,vendredi,13:05,91,91182,0,0,2,1,3,1,1,4,2,02,1,1,000,070,1,0,1,3,1,33,5,1,2,00,2,1,15,200500060970B01,7,1,1
200500060982,2005-09-28,2005,septembre,mercredi,22:25,91,91228,0,0,2,9,6,5,1,3,2,05,1,1,035,174,1,5,1,4,1,24,1,1,2,00,2,2,19,200500060982B01,7,1,1
200500061005,2005-09-20,2005,septembre,mardi,12:30,91,91122,0,0,2,1,3,1,1,3,2,02,2,1,000,000,1,0,1,4,1,14,2,1,2,00,2,0,19,200500061005A01,7,1,1
200500061006,2005-09-22,2005,septembre,jeudi,17:40,91,91692,0,0,2,6,2,1,1,4,1,02,1,2,000,000,1,5,1,4,2,36,1,1,2,00,2,4,1,200500061006B01,7,9,1
200500061036,2005-09-01,2005,septembre,jeudi,18:45,92,92012,0,0,2,1,6,1,1,3,-1,02,1,1,000,160,1,0,4,4,1,12,5,1,2,00,2,1,1,200500061036A01,7,16,1
200500061047,2005-09-23,2005,septembre,vendredi,12:30,92,92012,0,0,2,1,6,1,1,3,2,02,1,1,024,072,1,0,1,4,2,64,5,1,9,00,2,8,2,200500061047B01,7,17,1
200500061066,2005-09-12,2005,septembre,lundi,81:5,92,92060,0,0,2,3,5,1,2,4,2,02,1,1,000,075,2,0,1,3,2,30,1,1,2,00,2,8,1,200500061066C01,7/ 2,1,2
200500061080,2005-09-12,2005,septembre,lundi,91:2,92,92025,0,0,2,1,3,1,1,3,2,02,1,1,000,100,1,0,1,4,1,18,2,1,9,00,9,8,19,200500061080B01,5,1,1
200500061129,2005-09-04,2005,septembre,dimanche,12:55,92,92049,0,0,2,3,3,1,1,3,3,02,1,1,000,000,-1,0,1,4,1,31,5,1,9,00,2,4,2,200500061129B01,7,15,1
200500061134,2005-09-16,2005,septembre,vendredi,21:31,92,92020,0,0,2,2,3,2,1,4,1,01,1,1,000,047,1,0,1,4,1,17,5,1,9,00,2,1,15,200500061134A01,7,2,1
200500061148,2005-09-28,2005,septembre,mercredi,17:00,92,92050,0,0,2,1,3,1,1,4,2,02,4,1,000,070,1,0,0,4,1,16,5,1,9,00,2,0,1,200500061148A01,5,1,1
200500061160,2005-09-21,2005,septembre,mercredi,16:10,92,92051,0,0,2,1,6,1,1,4,1,01,1,-1,000,000,1,0,1,3,1,13,0,1,9,00,2,1,1,200500061160B01,7,20,1
200500061164,2005-09-26,2005,septembre,lundi,90:5,92,92051,0,0,2,1,6,1,1,4,2,02,1,1,000,000,1,0,1,4,2,26,0,1,9,01,0,2,0,200500061164B01,7,22,1
200500061203,2005-09-14,2005,septembre,mercredi,17:25,92,92075,0,0,2,1,7,1,1,4,2,02,1,1,000,080,1,0,1,4,1,20,0,1,9,08,0,3,18,200500061203B01,7,1,1
200500061237,2005-09-08,2005,septembre,jeudi,62:0,93,93005,0,0,2,2,2,5,1,4,-1,02,1,-1,080,080,1,0,1,4,1,52,1,1,9,00,2,8,0,200500061237B01,7,4,1
200500061270,2005-09-09,2005,septembre,vendredi,11:30,93,93029,0,0,2,1,6,1,1,3,2,04,1,1,000,250,1,0,1,4,1,87,5,1,9,00,2,1,12,200500061270A01,7,1,1
200500061272,2005-09-20,2005,septembre,mardi,12:10,93,93029,0,0,2,3,6,1,1,3,2,02,1,1,000,200,1,0,1,4,1,33,5,1,9,01,0,1,1,200500061272B01,7,22,1
200500061279,2005-09-08,2005,septembre,jeudi,18:50,93,93031,0,0,2,9,3,1,1,2,-1,03,1,1,020,090,1,0,1,3,2,43,9,1,9,01,9,1,0,200500061279B01,7,0,1
200500061357,2005-09-24,2005,septembre,samedi,17:55,93,93055,0,0,2,2,1,1,1,4,1,02,1,1,000,050,1,0,1,3,1,33,0,1,2,00,2,1,5,200500061357B01,7,0,1
200500061375,2005-09-05,2005,septembre,lundi,11:45,93,93066,0,0,2,1,2,1,1,4,-1,00,1,1,000,000,1,0,0,3,1,40,0,1,2,00,0,4,0,200500061375B01,7,0,1
200500061377,2005-09-06,2005,septembre,mardi,18:50,93,93066,0,0,2,3,3,1,1,4,2,02,-1,1,000,000,1,0,1,3,1,10,5,1,9,00,2,1,19,200500061377A01,7,16,1
200500061378,2005-09-05,2005,septembre,lundi,21:40,93,93066,0,0,2,3,3,5,1,4,2,02,1,1,000,120,1,0,1,3,1,29,5,1,9,00,2,6,1,200500061378B01,7,1,1
200500061386,2005-09-14,2005,septembre,mercredi,13:15,93,93066,0,0,2,1,3,1,1,4,2,02,1,1,040,040,1,0,1,3,1,37,1,1,4,00,2,3,2,200500061386B01,7,15,1
200500061392,2005-09-25,2005,septembre,dimanche,10:50,93,93066,0,0,2,9,6,1,1,9,2,02,1,1,000,070,1,0,1,3,2,59,0,1,9,01,0,1,0,200500061392B01,7,0,1
200500061454,2005-09-19,2005,septembre,lundi,16:40,94,94017,0,0,2,2,3,1,1,4,1,01,1,1,000,050,1,0,1,4,1,28,5,1,2,00,0,6,1,200500061454B01,7,2,1
200500061471,2005-09-21,2005,septembre,mercredi,90:0,94,94059,0,0,2,1,2,1,1,4,2,02,1,1,000,064,1,0,1,4,2,54,0,1,9,00,9,4,2,200500061471B01,5,2,1
200500061538,2005-09-04,2005,septembre,dimanche,20:30,94,94041,0,0,2,1,3,2,1,2,2,04,1,1,000,115,1,0,1,4,1,41,0,1,2,00,2,3,1,200500061538B01,7,20,1
200500061544,2005-09-16,2005,septembre,vendredi,17:20,94,94046,0,0,2,3,3,1,1,2,3,04,1,1,020,150,1,0,1,4,1,27,5,1,2,00,2,2,19,200500061544B01,7,16,1
200500061548,2005-09-28,2005,septembre,mercredi,17:10,94,94046,0,0,2,1,1,1,1,4,1,01,1,1,000,070,1,0,1,4,1,11,5,1,9,00,2,0,5,200500061548A01,7,21,1
200500061553,2005-09-25,2005,septembre,dimanche,11:00,94,94052,0,0,2,1,2,1,1,9,1,01,1,1,000,068,2,0,1,4,2,22,1,1,2,00,2,1,1,200500061553B01,7,1,1
200500061569,2005-09-27,2005,septembre,mardi,18:20,94,94080,0,0,2,1,1,1,2,4,2,02,1,1,000,075,2,0,1,4,1,57,9,1,2,00,2,7,1,200500061569B01,7,10,1
200500061591,2005-09-15,2005,septembre,jeudi,13:00,95,95018,0,0,2,1,6,1,1,4,2,02,1,1,000,080,1,0,1,4,1,18,5,1,2,01,0,7,1,200500061591A01,,,
200500061615,2005-09-26,2005,septembre,lundi,90:5,95,95210,0,0,2,1,3,1,1,3,2,01,-1,1,200,200,1,0,1,3,1,12,2,1,9,00,2,7,11,200500061615B01,7,12,1
200500061619,2005-09-06,2005,septembre,mardi,10:55,95,95252,0,0,2,1,3,1,2,4,2,02,1,3,000,060,2,0,1,4,1,45,5,1,2,00,2,7,16,200500061619B01,7,12,1
200500061626,2005-09-23,2005,septembre,vendredi,17:10,95,95491,0,0,2,1,2,1,1,4,2,02,1,1,000,065,1,0,1,4,1,54,5,1,2,00,2,1,1,200500061626B01,7,4,1
200500061630,2005-09-27,2005,septembre,mardi,18:35,95,95219,0,0,2,1,3,1,2,4,3,04,1,1,060,000,2,5,1,4,1,58,3,1,2,00,2,1,12,200500061630B01,7,12,1
200500061649,2005-09-09,2005,septembre,vendredi,18:10,95,95585,0,0,2,1,3,1,3,4,2,03,1,1,000,070,2,0,1,4,1,32,5,1,2,00,2,1,2,200500061649B01,7,13,1
200500061650,2005-09-22,2005,septembre,jeudi,14:05,95,95585,0,0,2,1,1,1,1,4,2,02,1,1,000,060,1,0,1,4,1,19,1,1,2,00,2,1,1,200500061650B01,7,15,1
200500061885,2005-09-08,2005,septembre,jeudi,19:10,69,69382,0,0,2,3,3,1,1,4,1,01,1,1,000,040,1,0,1,4,1,27,0,1,9,00,2,1,1,200500061885A01,7,16,1
200500061892,2005-09-15,2005,septembre,jeudi,14:52,69,69382,0,0,2,1,3,1,1,4,1,02,-1,1,000,055,1,0,4,4,1,19,4,1,9,00,2,0,1,200500061892B01,10,0,1
200500061894,2005-09-27,2005,septembre,mardi,18:10,69,69382,0,0,2,3,3,1,1,4,1,04,1,1,000,000,1,0,1,4,1,22,9,1,2,00,0,8,1,200500061894B01,7,16,1
200500061955,2005-09-17,2005,septembre,samedi,50:,69,69383,0,0,2,1,3,5,1,4,1,01,1,1,000,000,1,0,1,4,1,28,5,1,9,00,2,2,0,200500061955B01,7,1,1
200500061961,2005-09-24,2005,septembre,samedi,14:55,69,69386,0,0,2,1,3,1,1,4,1,04,1,1,000,000,1,0,1,4,2,39,5,1,9,00,2,1,16,200500061961A01,7,16,1
200500061970,2005-09-07,2005,septembre,mercredi,15:00,69,69384,0,0,2,2,3,1,1,4,2,04,1,1,000,110,1,0,1,4,2,44,5,1,2,00,2,8,19,200500061970B01,7,15,1
200500062030,2005-09-16,2005,septembre,vendredi,15:45,69,69387,0,0,2,1,6,1,1,4,2,00,1,1,000,050,1,0,1,4,1,20,5,1,9,00,2,1,18,200500062030B01,7,23,1
200500062038,2005-09-02,2005,septembre,vendredi,21:00,69,69388,0,0,2,1,6,5,1,4,2,02,1,1,000,185,1,0,1,4,1,25,5,1,9,01,0,1,1,200500062038B01,7,24,1
200500062043,2005-09-26,2005,septembre,lundi,13:20,69,69388,0,0,2,1,3,1,1,2,2,02,1,1,000,100,1,0,1,4,1,42,5,1,2,00,2,3,3,200500062043B01,7,1,1
200500062145,2005-08-02,2005,août,mardi,14:20,30,30351,0,0,1,1,7,1,6,2,3,04,2,1,000,070,1,0,1,3,1,29,5,1,9,00,0,0,1,200500062145A01,,,
200500062154,2005-07-13,2005,juillet,mercredi,15:10,34,34003,0,0,1,1,6,1,1,2,2,00,1,-1,000,000,1,0,1,4,1,43,5,1,9,00,0,0,0,200500062154B01,7,0,1
200500062156,2005-05-26,2005,mai,jeudi,12:25,35,35288,0,0,2,3,3,1,1,4,2,02,1,1,000,000,1,0,1,4,1,14,0,1,2,00,2,1,1,200500062156A01,2,1,1
200500062156,2005-05-26,2005,mai,jeudi,12:25,35,35288,0,0,2,3,3,1,1,4,2,02,1,1,000,000,1,0,1,4,2,13,0,1,2,00,2,1,1,200500062156A01,2,1,1
200500062159,2005-08-11,2005,août,jeudi,18:30,35,35288,0,0,2,2,3,1,1,4,2,02,1,1,000,000,1,0,1,3,1,88,0,1,2,00,2,1,1,200500062159B01,7,23,1
200500062166,2005-09-22,2005,septembre,jeudi,83:0,38,38185,0,0,2,1,6,1,1,4,2,02,1,1,000,125,1,0,1,4,2,35,5,0,0,00,2,4,2,200500062166B01,14,2,1
200500062177,2005-08-22,2005,août,lundi,16:30,45,45232,0,0,2,2,6,1,1,2,2,04,1,1,010,120,1,0,1,4,1,49,5,1,2,00,2,9,2,200500062177B01,7,0,1
200500062184,2005-09-09,2005,septembre,vendredi,17:45,45,45147,0,0,2,1,1,1,1,9,-1,01,1,2,000,050,1,0,0,4,1,8,5,1,2,00,2,1,0,200500062184A01,7,20,1
200500062191,2005-09-24,2005,septembre,samedi,93:0,45,45234,0,0,2,2,3,1,1,4,1,01,1,1,000,054,1,0,1,4,2,40,5,1,9,00,2,4,1,200500062191B01,7,1,1
200500062192,2005-09-23,2005,septembre,vendredi,17:20,45,45234,0,0,2,6,6,1,1,4,2,02,1,1,000,045,1,0,1,4,2,21,5,1,9,00,2,0,1,200500062192B01,,,
200500062200,2005-09-24,2005,septembre,samedi,17:35,57,57227,0,0,2,2,6,1,1,4,2,02,2,1,000,060,1,0,1,4,1,10,0,1,2,00,2,0,9,200500062200B01,7,1,1
200500062258,2005-06-18,2005,juin,samedi,20:40,93,93010,0,0,2,1,2,1,2,4,-1,00,-1,-1,000,000,-1,0,4,3,2,7,0,1,9,00,2,4,0,200500062258A01,5,0,1
200500062259,2005-06-28,2005,juin,mardi,16:30,93,93057,0,0,2,1,3,1,1,4,1,01,1,2,000,060,1,0,1,3,1,15,5,1,9,00,2,1,5,200500062259B01,7,23,1
200500062279,2005-09-20,2005,septembre,mardi,19:00,93,93078,0,0,2,3,3,1,1,4,-1,01,1,1,000,060,1,0,1,4,1,33,9,1,9,00,2,1,15,200500062279A01,7,2,1
200500062434,2005-10-18,2005,octobre,mardi,71:5,59,59094,0,0,1,1,2,3,1,3,2,02,1,1,000,058,1,0,1,2,1,73,3,0,0,00,2,4,2,200500062434B02,7,2,1
200500062436,2005-10-30,2005,octobre,dimanche,20:45,59,59404,51.044,2.538,1,1,2,3,1,3,2,02,1,1,000,065,1,0,1,2,1,29,5,1,2,00,0,4,2,200500062436B02,7,2,1
200500062443,2005-10-16,2005,octobre,dimanche,94:5,59,59202,0,0,1,1,6,1,1,3,2,02,1,1,000,060,1,0,1,3,2,49,5,0,0,00,2,3,1,200500062443A01,,,
200500062446,2005-10-03,2005,octobre,lundi,13:15,59,59434,50.474,3.465,2,1,3,1,1,4,1,01,1,1,000,040,1,0,1,3,2,26,2,0,0,00,0,6,19,200500062446B02,7,1,1
200500062490,2005-10-17,2005,octobre,lundi,22:15,80,80486,50.043,1.98,2,1,1,5,1,3,2,02,2,1,000,060,1,0,1,3,2,19,5,0,0,00,2,1,1,200500062490A01,7,15,1
200500062492,2005-10-29,2005,octobre,samedi,19:30,80,80260,0,0,1,1,2,3,1,4,-1,02,-1,1,000,048,1,0,1,1,1,71,5,0,0,00,0,0,0,200500062492B02,7,1,1
200500062497,2005-10-15,2005,octobre,samedi,17:30,80,80070,50.09,2.39,2,2,3,1,1,4,2,00,1,1,000,068,1,0,1,3,2,14,5,0,0,00,2,2,0,200500062497B02,7,1,1
200500062523,2005-10-04,2005,octobre,mardi,12:45,02,02131,0,0,2,1,3,1,1,4,2,02,1,1,000,072,1,0,1,3,1,15,1,0,0,00,2,1,1,200500062523A01,7,1,1
200500062551,2005-10-09,2005,octobre,dimanche,18:45,60,60406,49.321,2.549,2,3,3,1,1,4,2,00,4,1,000,070,1,0,1,4,1,16,5,0,0,00,2,1,19,200500062551B02,7,1,1
200500062577,2005-10-18,2005,octobre,mardi,16:30,60,60141,49.197,2.464,2,6,3,1,1,9,2,00,1,-1,000,000,1,6,0,4,2,62,5,0,0,00,2,7,1,200500062577B02,7,1,1
200500062578,2005-10-31,2005,octobre,lundi,14:00,60,60176,49.237,2.886,2,1,1,1,1,2,2,00,1,1,000,000,1,5,1,2,2,80,3,0,0,00,0,0,2,200500062578B02,15,2,1
200500062588,2005-10-15,2005,octobre,samedi,20:45,76,76050,0,0,1,1,2,3,1,3,2,02,4,1,000,066,1,0,1,2,1,18,5,0,0,00,0,4,1,200500062588B02,7,1,1
200500062615,2005-10-27,2005,octobre,jeudi,16:30,76,76294,0,0,2,1,5,1,7,3,2,02,-1,1,000,046,1,0,1,2,1,68,5,1,2,00,2,8,1,200500062615B02,18,19,1
200500062615,2005-10-27,2005,octobre,jeudi,16:30,76,76294,0,0,2,1,5,1,7,3,2,02,-1,1,000,046,1,0,1,3,1,65,5,1,2,00,2,1,1,200500062615C03,18,19,1
200500062624,2005-10-06,2005,octobre,jeudi,11:15,27,27159,48.779,0.91,1,1,1,1,1,4,2,01,1,1,000,028,1,0,1,3,1,15,9,1,2,00,2,1,21,200500062624B02,10,1,1
200500062639,2005-10-25,2005,octobre,mardi,21:00,27,27667,49.121,0.624,1,1,1,3,1,2,2,02,1,1,000,054,1,0,1,3,2,39,9,1,4,00,0,4,0,200500062639B02,7,1,1
200500062649,2005-10-23,2005,octobre,dimanche,15:45,27,27243,0,0,1,3,3,1,1,9,2,02,2,1,000,043,1,0,1,3,2,58,5,0,0,00,2,1,1,200500062649B02,7,1,1
200500062652,2005-10-27,2005,octobre,jeudi,12:15,27,27218,49.282,0.443,2,1,1,1,1,9,2,02,-1,1,000,060,1,5,4,3,2,71,5,1,2,00,0,4,23,200500062652B02,7,15,1
200500062660,2005-10-02,2005,octobre,dimanche,11:25,35,35196,0,0,2,1,6,1,1,3,2,02,-1,1,000,065,2,0,1,3,1,44,5,0,0,00,1,1,21,200500062660A01,,,
200500062683,2005-10-09,2005,octobre,dimanche,12:00,22,22389,48.489,-2.656,1,1,1,1,1,3,2,02,2,1,000,085,1,0,1,3,1,13,5,0,0,00,2,6,13,200500062683B02,7,21,1
200500062692,2005-10-04,2005,octobre,mardi,18:30,22,22333,48.253,-2.45,1,1,3,1,1,3,2,02,2,1,000,076,1,0,1,2,1,71,5,0,0,00,2,8,15,200500062692B02,7,1,1
200500062731,2005-10-19,2005,octobre,mercredi,94:5,56,56186,47.49,-3.119,2,1,2,1,1,3,2,02,1,1,000,078,1,0,0,3,1,83,3,0,0,00,2,4,2,200500062731B02,7,2,1
200500062752,2005-10-11,2005,octobre,mardi,19:45,14,14520,0,0,1,1,2,3,1,2,3,00,1,1,040,140,1,0,1,4,1,17,9,0,0,00,0,4,2,200500062752A01,7,2,1
200500062761,2005-10-23,2005,octobre,dimanche,84:5,14,14723,0,0,1,1,2,1,7,3,2,02,1,1,000,050,1,0,1,3,1,60,5,0,0,00,0,4,1,200500062761B02,7,1,1
200500062784,2005-10-29,2005,octobre,samedi,19:45,50,50097,0,0,1,1,3,3,1,3,2,00,1,1,000,060,1,0,1,3,1,52,5,1,4,00,2,8,1,200500062784B02,7,1,1
200500062815,2005-10-07,2005,octobre,vendredi,16:30,44,44007,47.65,-1.908,1,1,6,1,1,4,2,02,2,2,000,040,1,0,3,2,1,72,5,0,0,08,0,1,1,200500062815A01,,,
200500062825,2005-10-04,2005,octobre,mardi,90:0,44,44211,0,0,2,6,1,1,1,3,-1,00,-1,-1,000,000,1,5,1,4,2,49,3,0,0,00,0,7,1,200500062825B02,7,9,1
200500062834,2005-10-01,2005,octobre,samedi,10:30,44,44158,47.278,-1.778,2,6,3,1,1,3,-1,00,-1,-1,000,050,1,5,0,3,2,57,3,0,0,00,0,4,0,200500062834B02,7,1,1
200500062848,2005-10-30,2005,octobre,dimanche,11:15,49,49212,47.397,-0.876,1,3,3,1,1,3,2,02,1,1,000,060,1,0,1,3,2,43,5,1,2,00,2,2,1,200500062848B02,7,9,1
200500062858,2005-10-04,2005,octobre,mardi,16:45,49,49269,0,0,1,1,3,1,7,4,2,00,-1,-1,000,000,-1,0,0,3,1,24,0,0,0,00,0,1,0,200500062858B02,7,0,1
200500062860,2005-10-03,2005,octobre,lundi,12:15,49,49145,0,0,2,1,1,1,1,3,2,02,2,1,000,056,1,0,1,3,1,8,2,0,0,00,2,1,1,200500062860B02,7,1,1
200500062912,2005-10-28,2005,octobre,vendredi,17:15,85,85178,0,0,2,1,1,1,2,3,2,02,1,1,000,070,2,5,1,3,1,56,5,0,0,00,2,7,1,200500062912B02,7,15,1
200500062930,2005-10-27,2005,octobre,jeudi,93:0,85,85243,46.6,-1.82,2,1,6,1,1,4,2,02,2,1,000,050,1,0,1,3,2,58,5,0,0,00,1,1,1,200500062930A01,,,
200500062938,2005-10-10,2005,octobre,lundi,20:30,33,33498,44.511,-0.877,1,1,6,3,1,3,2,02,1,1,000,060,1,0,1,2,1,36,9,0,0,00,2,4,1,200500062938B02,7,0,1
200500062955,2005-10-16,2005,octobre,dimanche,11:00,33,33496,44.845,-0.404,1,1,7,1,1,3,2,02,-1,1,000,060,1,0,1,3,1,70,5,1,2,00,0,1,1,200500062955A01,,,
200500062979,2005-10-11,2005,octobre,mardi,90:0,33,33394,44.899,-0.201,1,1,3,1,1,3,2,00,1,1,000,060,2,0,1,3,2,51,5,1,2,00,2,8,1,200500062979B02,7,1,1
200500063026,2005-10-12,2005,octobre,mercredi,73:0,40,40217,0,0,2,1,6,3,1,9,-1,00,-1,1,000,000,1,0,5,4,1,47,1,1,4,00,0,1,0,200500063026A01,,,
200500063026,2005-10-12,2005,octobre,mercredi,73:0,40,40217,0,0,2,1,6,3,1,9,-1,00,-1,1,000,000,1,0,5,3,1,82,5,0,0,00,0,1,0,200500063026A01,,,
200500063066,2005-10-11,2005,octobre,mardi,18:00,47,47029,0,0,2,3,5,1,1,4,2,02,1,1,000,035,1,0,1,3,1,8,5,0,0,00,2,3,15,200500063066B02,7,1,2
200500063075,2005-10-10,2005,octobre,lundi,16:50,64,64495,0,0,1,1,5,1,1,3,2,02,1,2,000,068,1,0,1,3,1,71,5,0,0,00,2,1,3,200500063075C03,14/ 7,1/2,2
200500063079,2005-10-20,2005,octobre,jeudi,18:30,64,64301,43.409,-0.686,1,1,5,1,1,9,2,02,2,-1,000,032,1,0,3,3,2,49,5,0,0,00,2,1,1,200500063079B02,7,13,1
200500063079,2005-10-20,2005,octobre,jeudi,18:30,64,64301,43.409,-0.686,1,1,5,1,1,9,2,02,2,-1,000,032,1,0,3,4,2,46,5,0,0,00,2,1,1,200500063079C03,7,13,1
200500063079,2005-10-20,2005,octobre,jeudi,18:30,64,64301,43.409,-0.686,1,1,5,1,1,9,2,02,2,-1,000,032,1,0,3,4,2,45,5,0,0,00,2,1,0,200500063079D04,7,13,1
200500063169,2005-10-11,2005,octobre,mardi,18:00,79,79202,0,0,2,1,3,1,1,9,2,00,1,1,000,070,1,0,1,3,1,7,5,1,2,00,2,1,15,200500063169A01,7,1,1
200500063173,2005-10-08,2005,octobre,samedi,10:45,79,79005,0,0,1,1,2,1,1,3,2,02,-1,1,000,060,1,0,1,3,1,79,5,0,0,00,2,4,2,200500063173B02,7,2,1
200500063177,2005-10-23,2005,octobre,dimanche,10:15,87,87024,0,0,1,1,7,1,2,4,2,00,2,-1,000,055,2,0,1,3,1,59,5,1,2,16,0,0,13,200500063177A01,,,
200500063191,2005-10-14,2005,octobre,vendredi,13:30,19,19123,45.167,1.564,2,1,3,1,1,4,2,01,1,1,000,060,1,0,1,3,2,14,5,1,2,00,2,4,13,200500063191B02,7,1,1
200500063209,2005-10-10,2005,octobre,lundi,61:5,31,31297,0,0,1,1,2,3,1,3,2,00,1,1,000,000,1,0,1,2,1,53,9,0,0,12,2,4,1,200500063209B02,7,1,1
200500063277,2005-10-30,2005,octobre,dimanche,95:0,65,65123,42.987,0.231,2,1,3,1,1,3,2,00,-1,1,064,000,-1,0,1,4,1,12,5,0,0,00,2,1,15,200500063277B02,7,1,1
200500063338,2005-10-27,2005,octobre,jeudi,18:45,69,69065,0,0,1,1,1,3,1,3,2,02,-1,1,000,053,1,0,1,4,1,59,1,0,0,00,0,1,1,200500063338B02,7,15,1
200500063385,2005-10-27,2005,octobre,jeudi,84:5,01,01443,0,0,2,1,2,1,1,9,2,02,1,1,000,055,1,0,1,4,1,80,3,0,0,00,2,8,1,200500063385B02,10,1,1
200500063428,2005-10-08,2005,octobre,samedi,10:00,26,26333,45.177,4.818,2,1,1,1,1,4,2,00,1,1,000,045,1,0,1,3,2,74,3,0,0,00,5,0,1,200500063428B02,7,1,1
200500063470,2005-10-27,2005,octobre,jeudi,13:15,38,38336,0,0,1,1,7,1,6,3,2,02,2,2,000,000,1,0,3,3,1,14,5,0,0,08,0,1,1,200500063470A01,,,
200500063491,2005-10-19,2005,octobre,mercredi,13:30,42,42151,0,0,1,1,1,1,1,3,2,02,1,1,000,050,1,0,1,3,1,56,0,0,0,00,2,8,1,200500063491B02,21,17,1
200500063498,2005-10-15,2005,octobre,samedi,16:30,42,42338,0,0,1,1,1,1,1,3,2,02,1,-1,000,052,1,0,0,3,1,61,0,0,0,00,0,3,1,200500063498A01,7,2,1
200500063512,2005-10-17,2005,octobre,lundi,16:30,73,73085,45.801,5.86,1,1,2,1,1,3,2,02,4,1,000,071,1,0,5,4,1,52,5,1,2,00,2,1,1,200500063512B02,7,4,1
200500063531,2005-10-09,2005,octobre,dimanche,17:45,74,74224,46.064,6.311,2,9,3,1,1,4,2,02,2,-1,060,000,1,0,1,3,1,29,5,0,0,00,2,1,16,200500063531B02,7,15,1
200500063535,2005-10-05,2005,octobre,mercredi,12:15,74,74256,0,0,2,1,2,1,1,9,2,00,-1,1,000,076,1,0,1,3,2,12,2,0,0,00,2,4,1,200500063535A01,2,1,1
200500063588,2005-10-20,2005,octobre,jeudi,74:5,03,03118,0,0,1,1,2,1,1,2,2,02,1,1,000,075,1,0,1,3,2,56,1,0,0,00,2,4,2,200500063588A01,2,2,1
200500063595,2005-10-26,2005,octobre,mercredi,10:50,15,15231,0,0,1,1,2,1,1,3,2,02,-1,1,000,000,1,0,1,3,2,33,5,1,2,00,2,4,1,200500063595B02,7,1,1
200500063618,2005-10-16,2005,octobre,dimanche,16:45,57,57204,0,0,1,1,5,1,1,3,2,02,2,3,000,049,1,0,1,3,1,14,5,0,0,00,2,1,13,200500063618B02,7,1,1
200500063618,2005-10-16,2005,octobre,dimanche,16:45,57,57204,0,0,1,1,5,1,1,3,2,02,2,3,000,049,1,0,1,1,1,13,5,0,0,00,0,0,1,200500063618C03,7,1,1
200500063624,2005-10-31,2005,octobre,lundi,16:45,57,57413,0,0,2,1,1,1,8,4,2,02,-1,1,000,048,1,0,1,3,1,16,0,0,0,00,2,1,13,200500063624B02,7,1,1