Num_Acc,date,an,mois,jour,hrmn,dep,com,lat,long,agg,int,col,lum,atm,catr,circ,nbv,prof,plan,lartpc,larrout,surf,infra,situ,grav,sexe,age,trajet,secuexist,equipement,obs,obsm,choc,manv,vehiculeid,typevehicules,manoeuvehicules,numVehicules
200500063643,2005-10-07,2005,octobre,vendredi,16:15,54,54115,0,0,1,1,2,1,1,3,2,02,1,1,000,065,1,0,1,3,1,57,0,1,2,00,2,5,2,200500063643A01,7,23,1
200500063670,2005-10-30,2005,octobre,dimanche,91:5,55,55291,0,0,2,9,3,1,1,9,2,03,1,1,000,061,1,5,1,3,1,55,5,0,0,00,2,1,1,200500063670B02,7,15,1
200500063677,2005-10-26,2005,octobre,mercredi,15:45,88,88266,48.177,6.669,2,1,6,1,1,3,2,02,2,3,000,070,1,0,1,3,2,62,5,1,2,00,0,4,1,200500063677A01,,,
200500063696,2005-10-17,2005,octobre,lundi,20:30,88,88034,0,0,1,1,3,3,1,2,2,00,1,1,000,088,1,0,1,4,1,20,5,0,0,00,2,1,19,200500063696A01,5,0,1
200500063704,2005-10-21,2005,octobre,vendredi,18:15,67,67914,0,0,2,1,3,2,2,3,2,02,1,1,000,060,2,0,1,3,2,54,5,0,0,00,2,1,19,200500063704B02,7,1,1
200500063728,2005-10-04,2005,octobre,mardi,14:30,67,67295,0,0,1,3,6,1,1,3,2,00,1,1,000,000,1,5,0,3,1,68,5,1,2,00,2,1,2,200500063728A01,7,16,1
200500063730,2005-10-24,2005,octobre,lundi,16:00,67,67544,0,0,1,1,1,1,1,3,2,02,-1,1,000,090,1,0,1,3,1,78,5,0,0,00,0,1,13,200500063730B02,7,1,1
200500063735,2005-10-19,2005,octobre,mercredi,21:00,68,68007,48.07,7.4,1,1,1,3,1,2,2,02,2,3,000,080,1,0,1,3,1,19,9,0,0,00,2,1,1,200500063735B02,7,17,1
200500063737,2005-10-08,2005,octobre,samedi,18:30,68,68173,48.123,7.184,1,1,1,2,1,4,2,01,2,3,000,026,9,0,1,4,1,17,5,0,0,00,2,1,1,200500063737B02,7,1,1
200500063747,2005-10-20,2005,octobre,jeudi,16:00,68,68004,47.636,7.237,2,1,3,1,1,3,2,00,1,1,000,070,1,0,1,3,1,64,5,1,2,00,2,8,1,200500063747B02,14,17,1
200500063748,2005-10-26,2005,octobre,mercredi,18:00,68,68075,0,0,2,1,1,1,1,3,2,02,1,1,064,000,1,0,1,2,1,79,5,1,2,00,0,0,16,200500063748B02,7,1,1
200500063757,2005-10-21,2005,octobre,vendredi,10:00,68,68043,0,0,2,6,3,1,1,3,-1,00,-1,-1,000,000,-1,0,0,3,2,80,3,0,0,00,0,1,0,200500063757C03,7,0,1
200500063807,2005-10-12,2005,octobre,mercredi,14:40,10,10211,0,0,2,1,3,1,1,3,2,00,1,1,000,055,1,0,1,3,2,11,5,0,0,00,2,1,19,200500063807B02,7,1,1
200500063809,2005-10-29,2005,octobre,samedi,17:15,10,10270,0,0,2,1,3,1,1,3,2,00,1,1,000,038,1,0,1,1,1,7,5,0,0,00,2,3,19,200500063809A01,5,1,1
200500063815,2005-10-27,2005,octobre,jeudi,93:0,10,10323,48.515,3.722,2,1,3,1,7,2,2,02,1,1,000,082,1,0,1,3,1,86,0,0,0,00,2,8,16,200500063815B02,7,1,1
200500063839,2005-10-13,2005,octobre,jeudi,16:15,21,21038,47.188,5.4,2,1,3,1,1,2,2,02,1,1,000,000,1,0,1,3,1,11,2,0,0,00,2,4,13,200500063839A01,7,1,1
200500063935,2005-10-26,2005,octobre,mercredi,16:30,25,25287,47.202,5.904,2,1,1,1,7,4,2,02,-1,1,000,040,1,0,1,4,1,42,5,0,0,00,2,8,15,200500063935B02,7,1,1
200500063958,2005-10-11,2005,octobre,mardi,19:30,39,39367,46.547,6.021,2,6,3,5,1,4,2,02,2,1,000,000,1,5,1,3,1,46,5,1,2,00,2,1,1,200500063958B02,7,16,1
200500063966,2005-10-14,2005,octobre,vendredi,14:30,70,70561,47.587,6.432,1,1,1,1,1,3,2,02,2,1,000,066,1,0,1,2,2,50,5,0,0,00,0,4,2,200500063966A01,7,2,1
200500064053,2005-10-30,2005,octobre,dimanche,15:45,83,83064,0,0,2,1,3,1,1,4,2,00,1,1,000,050,1,0,1,3,1,10,5,0,0,00,2,1,15,200500064053B02,7,1,1
200500064056,2005-10-25,2005,octobre,mardi,16:30,83,83116,0,0,1,1,7,1,1,2,2,02,1,1,080,000,1,0,3,2,1,70,5,0,0,00,2,0,2,200500064056A01,,,
200500064060,2005-10-09,2005,octobre,dimanche,12:15,83,83068,43.287,6.495,1,1,1,1,1,3,-1,00,2,3,000,045,1,0,1,3,1,33,0,1,9,00,2,0,0,200500064060A01,7,0,1
200500064073,2005-10-28,2005,octobre,vendredi,17:15,83,83019,43.136,6.352,2,1,1,1,7,3,2,02,4,3,000,060,1,0,1,3,2,39,5,0,0,00,0,1,1,200500064073B02,7,15,1
200500064078,2005-10-25,2005,octobre,mardi,80:0,83,83054,43.177,6.028,2,6,1,1,1,4,2,02,-1,-1,000,070,-1,5,0,3,1,35,1,0,0,00,0,7,0,200500064078B02,7,16,1
200500064089,2005-10-13,2005,octobre,jeudi,15:00,84,84136,44.156,4.972,1,1,1,1,1,4,2,00,1,-1,034,000,1,0,1,3,1,65,5,0,0,00,2,8,19,200500064089B02,7,1,1
200500064103,2005-10-07,2005,octobre,vendredi,64:5,34,34327,0,0,1,1,3,3,1,2,3,01,1,1,008,070,1,0,1,3,1,40,1,1,4,00,0,3,21,200500064103A01,17,1,1
200500064148,2005-10-06,2005,octobre,jeudi,16:30,30,30082,0,0,1,1,3,1,1,3,2,02,1,1,000,070,1,5,1,3,1,51,1,0,0,00,2,7,16,200500064148B02,7,1,1
200500064162,2005-10-28,2005,octobre,vendredi,14:15,30,30223,0,0,2,3,3,1,1,3,2,01,4,1,000,060,1,5,1,3,1,29,5,0,0,00,2,1,1,200500064162A01,7,15,1
200500064175,2005-10-25,2005,octobre,mardi,17:30,30,30336,0,0,2,1,3,1,1,4,2,02,1,1,000,062,1,0,1,3,1,9,5,0,0,00,2,3,15,200500064175B02,7,1,1
200500064233,2005-10-16,2005,octobre,dimanche,10:45,78,78623,48.796,1.884,1,1,5,1,1,3,2,02,1,1,000,062,1,0,1,4,1,71,5,1,2,00,2,1,1,200500064233B02,7,17,1
200500064233,2005-10-16,2005,octobre,dimanche,10:45,78,78623,48.796,1.884,1,1,5,1,1,3,2,02,1,1,000,062,1,0,1,3,1,50,5,1,2,00,2,1,1,200500064233C03,7,17,1
200500064247,2005-10-31,2005,octobre,lundi,90:0,91,91069,0,0,1,1,1,1,1,4,2,00,2,-1,000,030,1,0,1,4,1,45,5,1,2,00,2,1,5,200500064247B02,7,13,1
200500064257,2005-10-07,2005,octobre,vendredi,21:00,91,91494,0,0,1,1,1,3,1,3,2,02,1,1,000,000,8,0,1,3,1,16,5,1,2,00,0,4,2,200500064257B02,7,2,1
200500064294,2005-10-18,2005,octobre,mardi,93:0,77,77483,0,0,1,1,1,1,1,3,2,00,3,1,000,062,1,0,1,3,1,51,5,1,2,00,2,8,1,200500064294B02,7,1,1
200500064295,2005-10-01,2005,octobre,samedi,14:15,77,77430,49.081,2.783,2,1,3,1,1,4,2,02,1,1,000,044,1,5,1,3,1,76,3,0,0,00,2,1,9,200500064295A01,7,1,1
200500064307,2005-10-10,2005,octobre,lundi,11:00,45,45082,0,0,2,1,3,1,1,4,2,00,1,-1,000,000,1,0,1,3,2,77,5,0,0,00,2,8,15,200500064307B02,7,19,1
200500064379,2005-10-27,2005,octobre,jeudi,15:15,36,36034,0,0,1,1,3,1,1,3,2,02,-1,3,000,000,1,5,1,4,1,67,5,0,0,00,2,1,1,200500064379B02,7,15,1
200500064409,2005-10-24,2005,octobre,lundi,17:30,41,41276,0,0,2,6,2,1,1,3,3,00,1,-1,000,000,-1,0,1,4,1,16,0,0,0,00,2,1,19,200500064409A01,17,0,1
200500064414,2005-10-27,2005,octobre,jeudi,12:15,41,41267,0,0,1,1,2,1,1,3,2,02,3,1,000,051,1,0,1,2,2,58,5,0,0,00,0,4,1,200500064414B02,7,17,1
200500064436,2005-10-22,2005,octobre,samedi,13:40,67,67283,48.701,7.377,2,1,3,1,8,3,2,02,2,1,000,090,2,5,1,3,1,16,5,0,0,00,0,1,1,200500064436B02,7,15,1
200500064439,2005-10-08,2005,octobre,samedi,18:45,21,21515,47.335,5.082,2,1,3,1,7,3,3,00,1,1,000,000,1,0,1,3,1,12,5,0,0,00,0,8,19,200500064439B02,7,1,1
200500064635,2005-10-08,2005,octobre,samedi,64:5,14,14318,49.345,-0.496,1,1,2,3,1,3,2,02,1,1,000,060,1,0,1,3,1,70,0,0,0,00,0,4,2,200500064635B02,7,2,1
200500064687,2005-10-16,2005,octobre,dimanche,12:00,30,30047,0,0,1,6,3,1,1,3,2,00,-1,-1,100,000,1,5,0,3,1,57,5,1,2,00,0,1,1,200500064687B02,7,16,1
200500064704,2005-10-23,2005,octobre,dimanche,10:45,31,31150,43,1,1,1,2,1,1,3,2,00,1,1,000,060,1,0,1,3,2,8,5,0,0,00,2,4,13,200500064704B02,7,17,1
200500064721,2005-10-27,2005,octobre,jeudi,13:00,69,69100,0,0,2,1,7,1,1,4,2,02,1,1,000,040,1,0,1,3,2,10,5,0,0,00,0,0,1,200500064721A01,,,
200500064726,2005-10-25,2005,octobre,mardi,15:45,01,01053,0,0,2,3,3,1,1,4,-1,02,1,1,000,076,1,0,5,3,2,67,5,1,9,00,2,2,1,200500064726B01,7,15,1
200500064730,2005-10-02,2005,octobre,dimanche,93:0,02,02691,0,0,2,9,3,1,1,4,1,01,1,3,000,059,1,0,1,4,1,14,5,1,9,00,2,7,1,200500064730B01,7,1,1
200500064766,2005-10-05,2005,octobre,mercredi,18:02,05,05023,0,0,2,9,3,1,1,6,2,02,1,1,000,030,1,0,0,4,1,15,5,1,9,00,2,1,19,200500064766B01,7,1,1
200500064777,2005-10-16,2005,octobre,dimanche,92:4,06,06004,0,0,2,1,3,1,1,4,2,02,1,1,000,062,1,0,1,4,1,59,9,1,2,00,2,8,1,200500064777B01,7,15,1
200500064782,2005-10-20,2005,octobre,jeudi,17:40,06,06004,0,0,2,1,6,2,1,9,-1,01,-1,-1,000,065,-1,0,1,1,1,21,5,1,2,00,1,1,0,200500064782A01,,,
200500064782,2005-10-20,2005,octobre,jeudi,17:40,06,06004,0,0,2,1,6,2,1,9,-1,01,-1,-1,000,065,-1,0,1,4,2,60,5,0,0,00,1,1,0,200500064782A01,,,
200500064789,2005-10-31,2005,octobre,lundi,14:20,06,06004,0,0,2,1,6,1,8,4,2,02,1,1,000,028,1,0,1,3,1,42,5,1,2,00,1,7,0,200500064789A01,,,
200500064789,2005-10-31,2005,octobre,lundi,14:20,06,06004,0,0,2,1,6,1,8,4,2,02,1,1,000,028,1,0,1,3,1,12,9,0,0,00,1,7,0,200500064789A01,,,
200500064812,2005-10-29,2005,octobre,samedi,80:5,06,06027,0,0,2,1,1,1,1,4,2,02,1,1,000,000,2,0,1,3,1,61,5,1,9,00,2,0,1,200500064812B01,7,15,1
200500064817,2005-10-04,2005,octobre,mardi,72:3,06,06029,0,0,1,1,3,2,2,3,2,05,1,1,011,118,2,5,1,4,1,20,1,1,9,00,2,8,1,200500064817A01,7,15,1
200500064826,2005-10-07,2005,octobre,vendredi,12:03,06,06029,0,0,2,1,2,1,1,2,3,04,1,1,000,130,1,0,1,4,1,71,0,1,9,00,2,1,13,200500064826B01,7,1,1
200500064831,2005-10-09,2005,octobre,dimanche,17:30,06,06029,0,0,2,1,7,1,1,2,2,02,1,1,000,071,1,0,1,1,2,62,5,1,9,00,1,1,1,200500064831A01,,,
200500064839,2005-10-12,2005,octobre,mercredi,11:20,06,06030,0,0,2,1,7,1,1,2,2,04,1,1,011,123,1,5,1,3,1,58,5,1,2,00,0,2,16,200500064839A01,,,
200500064842,2005-10-17,2005,octobre,lundi,12:40,06,06029,0,0,2,1,3,1,1,4,2,02,1,1,000,064,1,0,1,4,1,13,5,1,9,00,2,7,15,200500064842A01,4,1,1
200500064883,2005-10-29,2005,octobre,samedi,10:00,06,06083,0,0,2,1,6,1,1,3,2,02,1,1,000,067,1,0,1,1,1,35,5,1,2,00,1,1,1,200500064883A01,,,
200500064923,2005-10-09,2005,octobre,dimanche,12:30,06,06088,0,0,2,1,3,1,1,4,2,02,1,1,000,141,1,0,1,4,1,54,5,1,2,01,0,1,1,200500064923B01,7,24,1
200500064924,2005-10-09,2005,octobre,dimanche,16:00,06,06088,0,0,2,3,3,1,1,4,2,02,1,1,000,060,1,0,1,3,1,10,5,1,9,00,2,1,19,200500064924B01,7,1,1
200500064925,2005-10-09,2005,octobre,dimanche,16:20,06,06088,0,0,2,1,3,1,1,4,1,02,1,1,000,103,1,0,1,4,2,17,5,1,2,00,1,1,12,200500064925A01,10,1,1
200500064930,2005-10-10,2005,octobre,lundi,12:50,06,06088,0,0,2,1,7,1,1,4,2,02,2,1,000,076,1,0,1,4,1,56,0,1,2,00,0,1,1,200500064930A01,,,
200500064966,2005-10-16,2005,octobre,dimanche,12:00,06,06088,0,0,2,1,3,1,1,4,3,04,1,1,030,100,1,0,1,4,1,54,9,1,2,00,2,4,1,200500064966A01,7,0,1
200500064972,2005-10-17,2005,octobre,lundi,92:0,06,06088,0,0,2,1,3,1,1,4,2,02,2,1,000,073,1,0,1,4,1,39,0,1,2,00,2,1,17,200500064972B01,7,15,1
200500064998,2005-10-21,2005,octobre,vendredi,16:35,06,06088,0,0,2,3,2,1,1,4,1,03,1,1,000,100,1,0,1,4,1,45,1,1,2,00,2,1,2,200500064998A01,7,1,1
200500065005,2005-10-23,2005,octobre,dimanche,16:50,06,06088,0,0,2,1,3,1,1,4,2,03,1,1,000,000,1,0,1,4,1,10,0,1,2,00,2,0,0,200500065005A01,7,1,1
200500065012,2005-10-25,2005,octobre,mardi,13:40,06,06088,0,0,2,1,6,1,1,4,3,06,1,1,048,208,1,0,1,1,1,43,5,1,9,00,2,5,19,200500065012A01,2,1,1
200500065031,2005-10-30,2005,octobre,dimanche,11:40,06,06088,0,0,2,1,2,1,1,2,3,04,1,1,030,120,1,0,1,4,1,40,5,1,2,00,2,1,1,200500065031A01,7,1,1
200500065048,2005-10-07,2005,octobre,vendredi,14:30,08,08105,0,0,2,2,3,1,1,4,1,01,1,1,000,050,1,0,1,3,1,53,5,1,4,00,2,8,1,200500065048B01,7,1,1
200500065050,2005-10-10,2005,octobre,lundi,10:00,08,08105,0,0,2,5,3,1,1,3,2,02,1,3,000,065,1,0,1,3,1,66,5,1,4,00,2,1,1,200500065050B01,7,15,1
200500065059,2005-10-07,2005,octobre,vendredi,15:20,09,09225,0,0,2,1,3,1,1,4,2,02,1,1,000,070,1,0,1,2,1,84,5,1,9,00,2,7,15,200500065059A01,7,1,1
200500065067,2005-10-10,2005,octobre,lundi,18:15,10,10387,0,0,2,6,2,1,1,4,3,02,1,1,040,120,1,0,1,3,2,54,5,1,9,00,0,4,1,200500065067B01,7,1,1
200500065074,2005-10-23,2005,octobre,dimanche,17:30,10,10343,0,0,2,1,3,2,1,4,2,02,1,1,000,055,-1,0,1,4,1,12,0,1,4,00,2,8,19,200500065074A01,4,1,1
200500065089,2005-10-07,2005,octobre,vendredi,73:5,12,12145,0,0,2,1,3,2,1,4,2,02,1,1,000,088,1,0,1,1,1,23,1,1,4,00,2,7,5,200500065089A01,5,1,1
200500065091,2005-10-05,2005,octobre,mercredi,14:00,12,12145,0,0,2,1,2,1,1,4,-1,01,2,1,021,054,1,0,1,3,1,17,5,1,9,00,2,1,1,200500065091B01,7,20,1
200500065107,2005-10-02,2005,octobre,dimanche,82:5,13,13004,0,0,2,6,2,1,7,2,1,01,1,2,000,855,1,0,1,3,1,73,0,1,2,00,2,4,2,200500065107B01,7,2,1
200500065113,2005-10-18,2005,octobre,mardi,19:50,13,13004,0,0,2,3,5,5,2,4,1,00,1,1,000,640,1,0,1,4,2,47,5,1,9,00,2,1,1,200500065113C01,7,17/15,2
200500065115,2005-10-24,2005,octobre,lundi,14:20,13,13004,0,0,2,1,3,1,1,2,2,00,1,1,000,068,1,0,1,4,1,69,5,1,9,01,0,2,1,200500065115B01,7,22,1
200500065142,2005-10-01,2005,octobre,samedi,18:10,13,13055,0,0,2,1,2,1,1,4,1,03,1,1,005,093,1,0,1,4,1,67,5,1,2,00,0,4,1,200500065142B01,5,2,1
200500065187,2005-10-06,2005,octobre,jeudi,17:45,13,13055,0,0,2,1,3,1,8,4,2,02,1,1,000,000,1,0,1,3,1,43,5,1,9,00,2,3,0,200500065187A01,7,16,1
200500065213,2005-10-08,2005,octobre,samedi,10:06,13,13055,0,0,2,2,3,1,1,4,3,07,1,1,000,000,1,5,1,3,1,46,5,0,0,00,2,1,1,200500065213A01,7,1,1
200500065214,2005-10-12,2005,octobre,mercredi,19:15,13,13055,0,0,2,4,2,5,1,4,2,02,1,1,000,070,1,0,1,4,1,17,5,0,0,00,2,4,2,200500065214B01,2,1,1
200500065238,2005-10-17,2005,octobre,lundi,15:40,13,13002,0,0,1,1,7,1,1,3,2,02,2,3,000,077,1,0,1,3,1,63,5,1,9,16,0,0,1,200500065238A01,,,
200500065242,2005-10-19,2005,octobre,mercredi,20:30,13,13055,0,0,2,1,6,2,1,4,2,00,2,-1,000,000,1,0,1,3,1,38,0,1,9,00,0,0,0,200500065242A01,,,
200500065302,2005-10-12,2005,octobre,mercredi,19:05,13,13055,0,0,2,3,7,2,1,4,2,02,2,1,000,080,1,0,1,4,1,37,1,1,2,00,0,0,1,200500065302A01,7,15,1
200500065313,2005-10-11,2005,octobre,mardi,17:50,13,13055,0,0,2,1,2,1,1,3,2,02,4,1,000,000,1,0,1,4,1,47,5,1,2,00,2,4,2,200500065313B01,7,2,1
200500065359,2005-10-27,2005,octobre,jeudi,17:30,13,13055,0,0,2,6,1,1,1,2,1,02,1,2,000,080,1,0,1,3,1,22,5,1,9,00,2,1,5,200500065359A01,7,2,1
200500065364,2005-10-05,2005,octobre,mercredi,15:15,13,13055,0,0,2,1,3,1,1,4,2,02,1,1,000,120,1,0,1,4,1,17,0,0,0,00,2,1,19,200500065364A01,4,1,1
200500065418,2005-10-28,2005,octobre,vendredi,15:15,13,13055,0,0,2,2,3,1,1,4,1,01,1,1,000,069,1,0,1,4,1,30,5,1,9,00,2,1,1,200500065418B01,7,1,1
200500065419,2005-10-22,2005,octobre,samedi,20:15,13,13055,0,0,2,1,3,5,1,4,1,01,1,1,000,050,1,0,1,4,2,24,0,0,0,00,0,0,23,200500065419B01,7,15,1
200500065441,2005-10-21,2005,octobre,vendredi,12:40,13,13077,0,0,2,3,3,1,1,4,2,02,1,1,000,000,1,0,1,4,1,13,5,0,0,00,2,1,1,200500065441B01,7,1,1
200500065488,2005-10-03,2005,octobre,lundi,81:0,17,17300,0,0,2,1,3,1,1,4,2,04,1,1,000,120,1,0,5,4,2,18,2,1,9,00,2,3,19,200500065488B01,7,1,1
200500065489,2005-10-10,2005,octobre,lundi,14:05,17,17300,0,0,2,1,3,1,1,9,2,00,1,1,000,040,1,0,5,4,1,40,5,1,9,00,2,1,1,200500065489A01,1,1,1
200500065489,2005-10-10,2005,octobre,lundi,14:05,17,17300,0,0,2,1,3,1,1,9,2,00,1,1,000,040,1,0,5,4,2,35,9,1,9,00,2,1,1,200500065489B01,1,1,1
200500065496,2005-10-08,2005,octobre,samedi,18:15,17,17300,0,0,2,1,6,1,1,4,2,04,2,1,020,120,1,0,1,4,1,63,5,1,9,01,0,1,18,200500065496A01,7,24/1,2
200500065499,2005-10-10,2005,octobre,lundi,85:0,17,17300,0,0,2,1,3,1,1,4,2,02,1,1,000,050,1,0,5,3,2,51,1,1,2,00,2,3,1,200500065499B01,7,15,1
200500065501,2005-10-10,2005,octobre,lundi,17:13,17,17300,0,0,2,1,3,1,1,4,2,02,1,1,000,060,1,0,1,4,2,16,5,1,9,00,2,2,15,200500065501B01,2,1,1
200500065504,2005-10-12,2005,octobre,mercredi,11:00,17,17300,0,0,2,2,3,1,1,4,1,02,1,1,000,100,1,5,1,4,2,18,5,1,2,00,2,1,5,200500065504A01,7,1,1
200500065514,2005-10-25,2005,octobre,mardi,19:10,17,17300,0,0,2,9,3,5,1,4,2,00,1,-1,000,036,1,0,1,4,1,12,5,1,4,00,2,1,0,200500065514B01,7,1,1
200500065531,2005-10-01,2005,octobre,samedi,93:0,17,17415,0,0,2,1,3,1,1,4,1,01,1,1,000,020,1,0,5,4,1,84,5,1,9,00,2,7,1,200500065531B01,7,9,1
200500065568,2005-10-17,2005,octobre,lundi,74:5,19,19031,0,0,2,3,2,1,1,4,2,02,1,1,000,051,1,0,1,4,2,43,1,1,2,00,2,1,2,200500065568A01,7,16,1
200500065598,2005-10-03,2005,octobre,lundi,84:3,21,21231,0,0,2,3,3,1,2,2,2,03,1,1,000,120,2,5,1,4,1,66,5,1,2,00,2,1,19,200500065598A01,2,1,1
200500065606,2005-10-06,2005,octobre,jeudi,81:0,21,21231,0,0,2,3,3,1,1,4,2,02,1,1,000,100,1,5,1,4,1,12,2,1,2,00,2,1,19,200500065606A01,7,23,1
200500065622,2005-10-12,2005,octobre,mercredi,14:40,21,21231,0,0,2,3,2,1,1,4,2,02,1,1,000,057,1,0,1,3,1,61,5,1,2,00,2,3,15,200500065622B01,7,1,1
200500065623,2005-10-12,2005,octobre,mercredi,17:25,21,21231,0,0,2,6,3,1,1,2,3,06,1,1,000,220,1,5,1,4,1,85,5,1,2,00,2,1,1,200500065623B01,7,9,1
200500065631,2005-10-15,2005,octobre,samedi,18:30,21,21278,0,0,2,3,3,1,1,4,2,02,2,1,000,060,1,0,1,3,1,25,5,1,2,00,2,8,16,200500065631B01,7,15,1
200500065633,2005-10-15,2005,octobre,samedi,23:35,21,21231,0,0,2,3,3,5,1,4,2,02,1,1,000,070,1,0,1,4,1,42,5,1,2,00,2,1,1,200500065633B01,7,1,1
200500065634,2005-10-16,2005,octobre,dimanche,20:21,21,21231,0,0,2,1,6,5,1,4,1,03,1,1,000,105,1,0,1,1,1,31,1,1,2,00,1,1,1,200500065634A01,,,
200500065691,2005-10-04,2005,octobre,mardi,15:50,25,25056,0,0,2,1,6,1,3,4,2,00,-1,-1,000,000,2,0,1,4,2,27,2,1,4,01,0,1,1,200500065691A01,,,
200500065695,2005-10-03,2005,octobre,lundi,18:47,25,25056,0,0,2,1,1,2,2,6,-1,00,1,1,000,000,2,0,1,4,1,10,0,1,9,00,2,1,1,200500065695A01,7,1,1
200500065703,2005-10-14,2005,octobre,vendredi,15:40,25,25056,0,0,2,4,3,1,1,4,2,02,1,1,000,000,1,0,1,4,2,25,5,1,9,00,2,1,1,200500065703B01,7,1,1
200500065706,2005-10-17,2005,octobre,lundi,83:0,25,25056,0,0,2,3,1,1,1,4,2,02,1,1,000,000,1,0,1,4,1,45,1,1,9,00,2,8,2,200500065706B01,7,16,1
200500065708,2005-10-13,2005,octobre,jeudi,16:57,25,25056,0,0,2,1,3,1,1,4,2,02,1,1,025,084,1,0,5,3,1,18,0,1,2,00,0,1,1,200500065708B01,7,22,1
200500065721,2005-10-28,2005,octobre,vendredi,53:0,25,25388,0,0,2,1,2,5,5,4,2,02,2,1,000,000,2,0,1,3,1,29,1,1,4,00,0,0,2,200500065721B01,7,0,1
200500065723,2005-10-20,2005,octobre,jeudi,15:45,25,25204,0,0,1,1,3,1,1,3,-1,02,1,4,025,071,1,5,1,3,1,81,5,1,2,00,2,7,19,200500065723B01,7,1,1
200500065728,2005-10-11,2005,octobre,mardi,17:20,26,26281,0,0,2,2,6,1,1,4,2,02,1,1,000,070,1,0,1,4,1,,5,1,2,00,2,1,1,200500065728B01,7,15,1
200500065734,2005-10-08,2005,octobre,samedi,18:15,26,26362,0,0,2,1,2,1,1,4,3,02,1,1,027,070,1,0,5,3,2,59,5,1,9,00,2,3,1,200500065734B01,2,17,1
200500065742,2005-10-20,2005,octobre,jeudi,12:15,26,26058,0,0,2,2,1,1,1,4,2,02,1,1,000,075,1,5,1,3,1,29,9,1,9,00,2,1,16,200500065742A01,18,16,1
200500065820,2005-10-08,2005,octobre,samedi,15:10,29,29051,0,0,1,1,3,1,1,4,2,00,2,1,000,050,1,0,1,3,2,18,5,1,2,00,2,1,15,200500065820A01,7,1,1
200500065822,2005-10-24,2005,octobre,lundi,70:0,29,29232,0,0,2,3,6,5,1,3,2,02,1,1,000,070,1,0,1,4,1,32,0,1,9,00,2,8,1,200500065822B01,7,15,1
200500065850,2005-10-08,2005,octobre,samedi,14:22,30,30189,0,0,2,1,1,1,1,4,2,01,2,3,000,096,1,0,1,4,1,18,5,1,2,00,2,1,5,200500065850A01,7,5,1
200500065853,2005-10-10,2005,octobre,lundi,90:3,30,30189,0,0,1,6,3,1,1,4,1,02,1,2,000,000,1,0,1,3,2,24,5,1,9,00,2,1,1,200500065853B01,7,2,1
200500065858,2005-10-13,2005,octobre,jeudi,13:59,30,30189,0,0,2,2,3,1,1,4,2,02,1,1,000,000,1,0,1,4,1,18,9,1,2,00,2,1,0,200500065858A01,7,23,1
200500065872,2005-10-26,2005,octobre,mercredi,83:5,30,30189,0,0,1,1,1,1,1,4,3,02,1,3,000,040,1,0,1,4,1,18,2,1,9,00,2,1,13,200500065872A01,7,1,1
200500065881,2005-10-01,2005,octobre,samedi,19:20,30,30011,0,0,2,2,3,5,1,4,2,02,1,1,000,040,1,0,1,3,1,14,5,1,9,00,2,1,1,200500065881A01,7,1,1
200500065887,2005-10-17,2005,octobre,lundi,19:30,31,31149,0,0,2,1,3,1,1,4,3,02,2,1,012,036,1,0,1,3,1,14,5,1,9,00,2,8,13,200500065887B01,7,13,1
200500065899,2005-10-05,2005,octobre,mercredi,16:35,31,31555,0,0,2,1,3,1,1,4,2,02,1,1,000,062,1,0,1,4,2,24,9,1,2,00,2,0,1,200500065899B01,7,16,1
200500065959,2005-10-19,2005,octobre,mercredi,75:0,31,31555,0,0,2,1,6,2,1,4,2,02,1,1,000,107,1,0,1,1,1,15,9,1,2,00,2,0,7,200500065959A01,,,
200500065959,2005-10-19,2005,octobre,mercredi,75:0,31,31555,0,0,2,1,6,2,1,4,2,02,1,1,000,107,1,0,1,4,2,47,1,0,0,00,2,0,7,200500065959A01,,,
200500065960,2005-10-18,2005,octobre,mardi,74:0,31,31555,0,0,2,1,3,2,1,4,2,03,1,1,000,115,1,0,1,4,1,20,9,1,2,00,2,1,1,200500065960B01,7,15,1
200500065981,2005-10-25,2005,octobre,mardi,16:50,31,31555,0,0,2,1,3,1,1,4,1,03,1,1,000,122,1,0,1,3,1,55,9,1,2,00,2,1,5,200500065981A01,7,16,1
200500065988,2005-10-27,2005,octobre,jeudi,93:5,31,31555,0,0,2,2,3,1,1,4,2,02,1,1,000,063,1,0,1,4,1,62,5,1,2,00,0,1,1,200500065988B01,7,15,1
200500065990,2005-10-27,2005,octobre,jeudi,16:50,31,31555,0,0,2,1,6,1,1,4,3,02,1,1,000,031,1,0,5,4,2,50,1,1,2,00,0,0,2,200500065990B01,2,2,1
200500066009,2005-10-07,2005,octobre,vendredi,15:15,32,32013,0,0,2,2,3,1,1,4,2,02,1,1,000,060,1,0,1,4,1,74,5,1,2,00,2,8,1,200500066009B01,7,16,1
200500066022,2005-10-03,2005,octobre,lundi,23:45,33,33063,0,0,2,1,2,5,1,4,3,04,1,-1,014,130,1,0,1,4,2,30,5,1,9,00,2,4,0,200500066022B01,7,2,1
200500066027,2005-10-04,2005,octobre,mardi,11:52,33,33063,0,0,2,1,3,1,1,4,1,02,1,1,000,105,-1,0,1,3,2,24,9,1,9,00,2,0,1,200500066027B01,7,0,1
200500066035,2005-10-03,2005,octobre,lundi,13:40,33,33075,0,0,2,2,3,1,1,4,1,02,1,1,000,100,1,0,1,4,2,43,4,1,9,00,2,7,1,200500066035B01,7,1,1