Num_Acc,date,an,mois,jour,hrmn,dep,com,lat,long,agg,int,col,lum,atm,catr,circ,nbv,prof,plan,lartpc,larrout,surf,infra,situ,grav,sexe,age,trajet,secuexist,equipement,obs,obsm,choc,manv,vehiculeid,typevehicules,manoeuvehicules,numVehicules
200500066036,2005-10-08,2005,octobre,samedi,14:20,33,33063,0,0,2,2,3,1,1,4,1,01,1,1,000,030,1,0,1,4,2,52,5,1,9,00,2,5,1,200500066036B01,2,5,1
200500066037,2005-10-07,2005,octobre,vendredi,16:00,33,33063,0,0,2,2,6,1,1,4,3,04,1,1,000,000,1,0,1,4,1,18,0,1,9,00,2,1,16,200500066037A01,7,15,1
200500066048,2005-10-10,2005,octobre,lundi,13:40,33,33063,0,0,2,1,2,1,1,4,2,02,1,1,000,060,1,0,1,1,1,72,0,1,9,00,2,4,2,200500066048B01,2,2,1
200500066049,2005-10-10,2005,octobre,lundi,16:50,33,33063,0,0,2,3,3,1,1,4,1,01,1,2,000,000,1,0,1,4,2,34,4,1,9,00,2,1,1,200500066049B01,7,16,1
200500066052,2005-10-05,2005,octobre,mercredi,15:56,33,33281,0,0,2,2,3,1,1,4,2,02,1,1,000,075,1,0,1,4,1,61,5,1,9,00,2,1,1,200500066052B01,7,15,1
200500066060,2005-10-09,2005,octobre,dimanche,16:30,33,33281,0,0,2,1,4,1,1,4,2,02,1,1,000,060,1,0,1,4,2,24,0,0,0,00,2,1,1,200500066060B01,2,1,1
200500066060,2005-10-09,2005,octobre,dimanche,16:30,33,33281,0,0,2,1,4,1,1,4,2,02,1,1,000,060,1,0,1,4,1,27,0,0,0,00,2,0,1,200500066060C01,2,1,1
200500066067,2005-10-09,2005,octobre,dimanche,10:00,33,33063,0,0,2,3,3,1,5,4,2,02,1,1,000,060,1,0,1,4,2,41,0,1,9,00,2,1,1,200500066067B01,7,16,1
200500066069,2005-10-11,2005,octobre,mardi,94:0,33,33281,0,0,2,3,3,1,1,4,2,03,1,1,000,092,1,0,1,4,1,24,1,1,9,00,2,1,1,200500066069A01,10,1,1
200500066072,2005-10-12,2005,octobre,mercredi,80:0,33,33075,0,0,1,4,1,2,1,4,2,02,1,1,000,000,1,0,5,3,1,47,1,1,9,00,2,1,1,200500066072A01,1,1,1
200500066072,2005-10-12,2005,octobre,mercredi,80:0,33,33075,0,0,1,4,1,2,1,4,2,02,1,1,000,000,1,0,5,3,1,39,1,1,9,00,2,1,1,200500066072B01,1,1,1
200500066089,2005-10-12,2005,octobre,mercredi,72:0,33,33192,0,0,2,6,3,1,1,4,2,02,1,1,000,100,1,0,1,4,2,18,1,1,4,00,2,7,1,200500066089B01,7,16,1
200500066107,2005-10-25,2005,octobre,mardi,31:0,33,33063,0,0,2,5,6,5,1,4,2,02,1,1,000,072,1,0,1,3,1,26,0,1,2,00,2,0,0,200500066107B01,2,0,1
200500066109,2005-10-25,2005,octobre,mardi,12:45,33,33063,0,0,2,2,3,1,1,4,1,01,1,2,000,056,1,0,1,4,1,43,0,1,2,00,2,0,1,200500066109B01,7,16,1
200500066135,2005-10-27,2005,octobre,jeudi,10:48,33,33075,0,0,2,3,1,1,1,4,2,02,1,1,030,040,1,0,1,4,1,15,5,1,9,00,2,1,1,200500066135B01,7,15,1
200500066143,2005-10-24,2005,octobre,lundi,85:7,34,34003,0,0,2,9,3,1,1,4,1,02,1,2,000,000,1,5,1,4,1,52,5,1,4,00,2,4,2,200500066143B01,7,2,1
200500066166,2005-10-26,2005,octobre,mercredi,17:20,34,34032,0,0,2,3,2,1,1,4,2,02,1,1,000,070,1,0,1,4,1,12,9,1,4,00,2,1,1,200500066166B01,7,1,1
200500066170,2005-10-01,2005,octobre,samedi,13:30,34,34129,0,0,2,1,3,1,1,6,2,02,1,2,000,070,1,0,1,3,1,46,5,1,9,00,2,1,0,200500066170B01,7,13,1
200500066172,2005-10-02,2005,octobre,dimanche,23:5,34,34172,0,0,2,1,2,5,1,4,3,05,1,1,010,055,1,0,1,4,1,21,0,1,9,00,2,4,0,200500066172B01,7,0,1
200500066204,2005-10-18,2005,octobre,mardi,15:05,34,34172,0,0,2,1,6,1,3,4,2,02,2,1,000,047,2,0,1,4,1,22,5,0,0,00,1,1,1,200500066204A01,,,
200500066217,2005-10-25,2005,octobre,mardi,15:00,34,34172,0,0,2,1,3,1,1,4,2,04,3,1,000,000,1,2,1,3,1,76,5,1,9,00,0,1,1,200500066217B01,7,0,1
200500066254,2005-10-08,2005,octobre,samedi,17:20,35,35238,0,0,2,1,6,1,1,4,2,02,1,1,000,060,1,0,1,1,1,14,0,1,2,00,1,1,0,200500066254A01,,,
200500066259,2005-10-10,2005,octobre,lundi,15:00,35,35238,0,0,2,1,3,1,1,4,2,02,1,-1,000,000,1,0,1,4,2,20,0,1,2,00,2,4,0,200500066259B01,7,22,1
200500066261,2005-10-11,2005,octobre,mardi,20:00,35,35238,0,0,2,1,3,1,1,4,1,02,1,1,000,060,1,0,1,4,2,30,0,1,2,00,2,1,1,200500066261B01,7,24,1
200500066279,2005-10-18,2005,octobre,mardi,17:40,35,35238,0,0,2,2,3,1,3,4,1,01,1,1,000,030,2,0,1,4,1,13,2,1,9,00,2,2,1,200500066279A01,7,1,1
200500066282,2005-10-19,2005,octobre,mercredi,15:20,35,35238,0,0,2,2,2,1,1,4,1,02,3,-1,000,000,2,0,1,4,1,44,0,1,2,00,2,9,0,200500066282B01,5,0,1
200500066284,2005-10-20,2005,octobre,jeudi,13:40,35,35238,0,0,2,2,3,1,1,4,2,01,2,1,000,000,1,0,1,4,2,62,5,1,2,00,2,7,15,200500066284B01,7,1,1
200500066286,2005-10-22,2005,octobre,samedi,13:30,35,35238,0,0,2,1,6,1,1,4,2,02,-1,-1,000,060,2,0,4,4,1,8,0,1,2,01,0,0,0,200500066286A01,,,
200500066291,2005-10-26,2005,octobre,mercredi,17:20,35,35238,0,0,2,2,6,1,1,4,2,02,-1,-1,000,060,1,0,1,3,1,7,0,1,2,00,2,0,0,200500066291B01,,,
200500066293,2005-10-27,2005,octobre,jeudi,74:0,35,35238,0,0,2,6,2,2,1,4,2,02,2,3,000,060,1,5,1,4,1,35,1,1,2,00,2,1,2,200500066293A01,7,23,1
200500066305,2005-10-09,2005,octobre,dimanche,15:30,35,35288,0,0,2,1,3,1,1,4,-1,00,1,1,000,000,1,0,1,4,1,6,5,1,9,00,2,1,1,200500066305A01,7,1,1
200500066307,2005-10-19,2005,octobre,mercredi,12:15,35,35288,0,0,2,1,3,1,1,4,2,00,1,1,000,000,1,0,1,3,1,16,1,1,9,00,2,1,9,200500066307A01,7,1,1
200500066308,2005-10-19,2005,octobre,mercredi,12:03,35,35352,0,0,2,6,3,1,1,3,1,00,1,1,000,000,1,0,1,3,1,63,5,1,9,00,2,7,1,200500066308B01,7,9,1
200500066311,2005-10-25,2005,octobre,mardi,91:0,35,35288,0,0,2,6,3,1,1,4,1,01,1,2,000,000,2,0,1,4,1,67,0,1,2,00,0,2,1,200500066311B01,7,9,1
200500066337,2005-10-03,2005,octobre,lundi,20:03,37,37261,0,0,2,3,3,1,1,4,2,02,1,1,000,070,1,5,1,3,1,35,1,1,9,00,2,7,1,200500066337B01,7,16,1
200500066340,2005-10-14,2005,octobre,vendredi,16:35,37,37261,0,0,2,3,3,1,1,9,1,02,1,-1,000,064,1,0,1,3,2,21,4,1,9,00,2,1,5,200500066340A01,7,15,1
200500066352,2005-10-31,2005,octobre,lundi,12:40,37,37261,0,0,2,1,3,1,1,9,3,04,1,1,043,140,2,0,1,3,1,56,1,1,9,00,2,3,19,200500066352A01,7,1,1
200500066361,2005-10-05,2005,octobre,mercredi,18:50,38,38185,0,0,2,1,6,2,1,4,2,03,1,1,000,000,1,0,1,4,1,29,9,1,2,00,2,1,1,200500066361B01,7,15,1
200500066362,2005-10-06,2005,octobre,jeudi,75:0,38,38185,0,0,2,2,3,1,1,4,2,02,1,1,000,098,1,0,1,4,1,52,0,1,4,00,2,3,1,200500066362B01,7,1,1
200500066366,2005-10-07,2005,octobre,vendredi,12:40,38,38185,0,0,2,1,3,1,1,4,2,04,1,1,000,094,1,0,1,4,2,31,1,1,2,00,2,1,2,200500066366B01,7,15,1
200500066367,2005-10-07,2005,octobre,vendredi,85:0,38,38151,0,0,2,1,3,1,1,4,2,05,1,1,000,160,1,0,1,4,2,32,9,1,2,00,2,1,1,200500066367B01,7,16,1
200500066367,2005-10-07,2005,octobre,vendredi,85:0,38,38151,0,0,2,1,3,1,1,4,2,05,1,1,000,160,1,0,1,4,1,4,0,0,0,00,2,1,1,200500066367B01,7,16,1
200500066369,2005-10-09,2005,octobre,dimanche,11:25,38,38185,0,0,2,2,3,1,1,4,2,02,1,1,000,070,1,0,1,4,1,21,0,1,2,00,2,1,1,200500066369B01,7,15,1
200500066371,2005-10-11,2005,octobre,mardi,12:50,38,38421,0,0,2,1,1,1,1,4,1,01,1,2,000,060,1,0,5,3,1,22,0,1,4,00,2,1,21,200500066371A01,1,1,1
200500066371,2005-10-11,2005,octobre,mardi,12:50,38,38421,0,0,2,1,1,1,1,4,1,01,1,2,000,060,1,0,5,4,1,44,4,1,4,00,2,1,1,200500066371B01,1,21,1
200500066372,2005-10-13,2005,octobre,jeudi,80:0,38,38185,0,0,2,1,3,1,1,4,2,02,1,-1,000,043,1,0,1,4,1,51,0,1,4,00,2,1,17,200500066372B01,7,23,1
200500066383,2005-10-21,2005,octobre,vendredi,11:00,38,38151,0,0,2,2,3,1,1,1,3,04,1,1,000,000,1,3,1,4,1,37,9,1,2,00,2,0,1,200500066383A01,7,1,1
200500066398,2005-10-08,2005,octobre,samedi,16:50,38,38563,0,0,2,2,3,1,1,4,1,02,1,1,000,000,1,0,1,3,1,42,0,1,4,00,2,1,19,200500066398A01,7,16,1
200500066404,2005-10-12,2005,octobre,mercredi,21:55,40,40192,0,0,2,1,6,5,3,9,2,00,1,1,000,060,2,0,5,1,1,31,5,1,9,00,1,1,1,200500066404A01,,,
200500066404,2005-10-12,2005,octobre,mercredi,21:55,40,40192,0,0,2,1,6,5,3,9,2,00,1,1,000,060,2,0,5,3,1,55,5,0,0,00,1,1,1,200500066404A01,,,
200500066413,2005-10-20,2005,octobre,jeudi,17:06,41,41018,0,0,2,1,6,1,1,4,2,00,1,1,000,000,1,0,1,4,1,12,2,1,9,00,2,1,0,200500066413A01,7,1,1
200500066434,2005-10-06,2005,octobre,jeudi,17:10,42,42127,0,0,1,1,6,1,1,9,1,01,1,1,000,062,1,0,1,4,2,18,9,1,2,00,2,3,1,200500066434B01,2,1,1
200500066448,2005-10-29,2005,octobre,samedi,13:10,42,42187,0,0,2,6,2,1,1,9,2,02,1,3,000,060,1,0,1,4,1,26,4,1,9,00,2,1,1,200500066448B01,7,9,1
200500066484,2005-10-20,2005,octobre,jeudi,16:20,42,42223,0,0,1,1,6,1,1,3,2,00,1,1,000,000,1,0,1,4,1,43,5,0,0,04,2,8,1,200500066484B01,10,1,1
200500066494,2005-10-28,2005,octobre,vendredi,10:00,42,42218,0,0,2,1,3,1,1,4,2,03,1,1,000,072,1,0,1,4,2,70,5,1,2,00,2,7,15,200500066494A01,7,21,1
200500066500,2005-10-30,2005,octobre,dimanche,16:10,42,42218,0,0,2,1,1,1,1,4,2,02,1,1,000,060,1,0,1,3,1,7,5,1,2,00,0,1,15,200500066500A01,7,1,1
200500066501,2005-10-31,2005,octobre,lundi,11:34,42,42218,0,0,2,1,2,1,1,4,2,02,1,1,000,060,1,0,1,3,1,55,5,1,2,00,0,1,2,200500066501A01,7,2,1
200500066506,2005-10-28,2005,octobre,vendredi,10:15,43,43251,0,0,2,1,2,1,7,4,1,01,1,2,000,078,1,0,1,3,1,81,3,1,9,00,2,4,15,200500066506B01,7,15,1
200500066512,2005-10-03,2005,octobre,lundi,80:0,44,44109,0,0,2,7,6,1,1,4,1,01,2,2,000,000,1,0,1,4,1,32,4,1,2,00,2,1,1,200500066512B01,7,1,1
200500066520,2005-10-06,2005,octobre,jeudi,16:50,44,44109,0,0,2,2,6,1,1,4,2,02,2,1,000,000,1,0,1,4,1,12,0,1,4,00,2,1,15,200500066520B01,7,15,1
200500066521,2005-10-06,2005,octobre,jeudi,18:25,44,44109,0,0,2,2,1,1,1,4,-1,00,2,1,000,000,1,0,1,3,1,16,0,1,9,00,2,1,19,200500066521A01,7,1,1
200500066529,2005-10-09,2005,octobre,dimanche,18:05,44,44162,0,0,2,3,2,1,1,4,1,00,1,-1,000,000,1,4,1,4,1,15,5,1,9,00,2,1,15,200500066529A01,7,16,1
200500066569,2005-10-31,2005,octobre,lundi,14:35,44,44162,0,0,2,1,3,1,1,4,2,02,1,1,000,060,1,0,1,4,1,8,5,1,9,00,2,1,19,200500066569A01,7,1,1
200500066582,2005-10-16,2005,octobre,dimanche,82:5,44,44184,0,0,2,1,1,1,1,4,2,02,1,2,000,060,2,0,1,4,1,47,5,1,2,00,2,1,1,200500066582B01,7,13,1
200500066587,2005-10-11,2005,octobre,mardi,17:25,45,45208,0,0,2,1,3,1,1,4,2,02,1,1,000,070,1,0,1,3,1,8,5,1,9,00,2,1,19,200500066587A01,7,2,1
200500066599,2005-10-08,2005,octobre,samedi,16:25,45,45302,0,0,2,1,6,1,1,4,2,02,2,2,000,060,1,0,1,4,2,70,5,1,9,00,2,0,0,200500066599B01,5,17,1
200500066606,2005-10-18,2005,octobre,mardi,13:00,45,45286,0,0,2,1,3,1,1,4,2,02,1,1,000,053,1,0,1,3,2,72,9,1,9,00,2,0,0,200500066606A01,18,0,1
200500066627,2005-10-08,2005,octobre,samedi,14:35,47,47157,0,0,2,9,3,1,1,4,2,02,1,1,000,058,1,5,1,3,1,76,5,1,9,00,9,1,2,200500066627B01,2,16,1
200500066634,2005-10-01,2005,octobre,samedi,17:19,49,49015,0,0,1,3,5,1,1,3,2,02,1,1,000,072,1,0,1,4,1,29,5,1,9,00,2,1,1,200500066634B01,7,15/23,2
200500066637,2005-10-04,2005,octobre,mardi,16:48,49,49007,0,0,2,1,3,1,1,4,1,01,1,1,000,013,1,0,5,4,1,30,1,1,9,00,2,7,1,200500066637A01,1,1,1
200500066637,2005-10-04,2005,octobre,mardi,16:48,49,49007,0,0,2,1,3,1,1,4,1,01,1,1,000,013,1,0,5,1,1,37,1,1,9,00,2,8,1,200500066637B01,1,1,1
200500066638,2005-10-05,2005,octobre,mercredi,73:3,49,49007,0,0,2,2,3,2,1,4,1,03,1,1,000,102,1,0,1,4,2,19,5,0,0,00,2,0,1,200500066638A01,5,1,1
200500066642,2005-10-06,2005,octobre,jeudi,90:0,49,49007,0,0,2,1,3,1,1,4,2,02,1,1,000,070,1,0,1,4,2,18,2,1,9,00,2,1,1,200500066642B01,7,1,1
200500066660,2005-10-18,2005,octobre,mardi,19:01,49,49007,0,0,2,1,7,5,2,4,2,02,1,1,000,070,2,0,1,4,1,17,5,1,9,00,0,0,1,200500066660A01,,,
200500066703,2005-10-15,2005,octobre,samedi,14:50,50,50203,0,0,2,1,3,1,1,4,2,02,1,1,000,073,1,0,1,4,1,10,5,0,0,00,2,8,9,200500066703A01,7,1,1
200500066722,2005-10-12,2005,octobre,mercredi,14:00,50,50502,0,0,2,1,6,1,2,9,2,02,2,1,000,103,2,0,1,4,1,18,1,1,9,00,1,1,1,200500066722A01,,,
200500066726,2005-10-10,2005,octobre,lundi,16:45,51,51108,0,0,2,1,2,1,1,4,1,01,1,1,000,079,1,0,1,3,1,14,2,1,9,00,2,4,1,200500066726B01,7,0,1
200500066737,2005-10-03,2005,octobre,lundi,17:15,51,51454,0,0,2,1,2,1,1,4,2,02,1,1,000,000,1,0,1,4,2,15,2,1,9,00,2,1,2,200500066737B01,7,2,1
200500066740,2005-10-06,2005,octobre,jeudi,17:45,51,51454,0,0,2,1,6,1,1,2,1,01,2,1,000,080,1,3,1,3,1,12,0,1,9,00,2,0,5,200500066740A01,10,23,1
200500066743,2005-10-10,2005,octobre,lundi,14:10,51,51454,0,0,2,5,1,1,1,4,2,03,1,1,000,095,1,5,1,3,1,76,9,1,4,00,2,1,1,200500066743B01,7,15,1
200500066758,2005-10-25,2005,octobre,mardi,83:0,52,52121,0,0,2,3,3,1,1,2,2,02,1,1,000,103,1,0,1,4,1,21,1,1,9,00,2,8,19,200500066758A01,7,1,1
200500066766,2005-10-30,2005,octobre,dimanche,17:25,52,52448,0,0,2,1,6,1,1,4,2,02,1,1,000,000,1,0,1,4,2,47,5,1,2,00,2,1,2,200500066766B01,7,17,1
200500066772,2005-10-27,2005,octobre,jeudi,17:20,53,53130,0,0,2,6,3,1,1,2,3,04,1,1,030,170,1,5,1,4,1,15,5,1,9,00,2,1,19,200500066772A01,7,1,1
200500066814,2005-10-19,2005,octobre,mercredi,84:5,54,54395,0,0,2,2,3,1,2,4,1,01,1,1,000,000,2,0,1,4,2,18,2,1,9,00,2,1,7,200500066814A01,7,1,1
200500066815,2005-10-19,2005,octobre,mercredi,15:45,54,54395,0,0,2,1,2,1,1,4,2,02,1,1,000,000,1,0,1,4,1,16,5,1,9,00,2,1,1,200500066815B01,7,15,1
200500066816,2005-10-20,2005,octobre,jeudi,10:30,54,54265,0,0,2,3,6,1,1,4,2,02,2,1,000,000,1,0,5,4,1,52,1,1,4,00,2,1,1,200500066816B01,10,15,1
200500066828,2005-10-30,2005,octobre,dimanche,10:20,54,54526,0,0,2,2,6,1,1,4,2,00,1,-1,000,000,-1,0,1,4,1,49,5,1,9,00,2,0,1,200500066828B01,7,15,1
200500066834,2005-10-05,2005,octobre,mercredi,35:5,54,54079,0,0,2,2,3,5,1,2,2,02,1,1,000,085,2,5,1,3,1,57,0,1,9,00,2,8,1,200500066834B01,7,19,1
200500066846,2005-10-28,2005,octobre,vendredi,14:00,55,55545,0,0,2,1,7,1,1,4,2,02,-1,1,000,060,1,0,1,3,1,8,5,1,9,01,2,1,9,200500066846B01,7,1,1
200500066848,2005-10-04,2005,octobre,mardi,15:16,56,56121,0,0,2,1,6,1,1,9,2,02,1,1,000,000,1,0,1,4,1,59,0,1,2,00,2,1,1,200500066848B01,7,24,1
200500066851,2005-10-05,2005,octobre,mercredi,18:45,56,56121,0,0,2,1,3,1,1,9,2,02,1,1,000,000,1,0,1,4,1,53,1,1,9,00,2,1,1,200500066851B01,7,1,1
200500066856,2005-10-10,2005,octobre,lundi,11:45,56,56121,0,0,2,1,3,1,1,4,1,02,1,2,000,000,1,0,1,4,2,19,0,0,0,00,2,8,1,200500066856B01,7,16,1
200500066859,2005-10-11,2005,octobre,mardi,20:35,56,56121,0,0,2,6,3,5,1,4,1,02,1,2,000,000,1,0,1,4,1,55,0,1,9,00,2,5,1,200500066859B01,7,1,1
200500066864,2005-10-15,2005,octobre,samedi,18:35,56,56162,0,0,2,1,7,1,2,4,2,02,1,1,000,000,2,0,1,3,1,11,5,1,9,00,0,0,0,200500066864A01,,,
200500066867,2005-10-20,2005,octobre,jeudi,16:10,56,56098,0,0,2,1,7,1,1,4,2,02,1,1,000,000,1,0,1,4,1,12,5,1,9,00,0,0,0,200500066867A01,,,
200500066873,2005-10-22,2005,octobre,samedi,13:34,56,56098,0,0,2,1,6,1,1,4,2,02,1,1,000,000,1,0,1,4,2,71,0,1,2,01,0,2,1,200500066873B01,7,22,1
200500066887,2005-10-07,2005,octobre,vendredi,74:9,56,56260,0,0,2,1,2,2,1,4,2,02,1,1,000,059,1,0,1,4,1,39,1,1,2,00,2,4,1,200500066887B01,7,17,1
200500066891,2005-10-18,2005,octobre,mardi,17:50,56,56260,0,0,2,3,3,1,1,4,2,02,1,1,000,000,1,0,1,4,1,14,5,1,2,00,2,8,19,200500066891A01,7,1,1
200500066905,2005-10-02,2005,octobre,dimanche,16:00,57,57019,0,0,2,3,3,1,2,3,2,02,1,1,000,077,2,0,1,1,1,12,5,1,4,00,2,3,11,200500066905A01,5,12,1
200500066908,2005-10-01,2005,octobre,samedi,85:0,57,57463,0,0,2,3,3,1,2,3,2,02,1,2,000,080,2,0,1,4,2,50,1,1,9,00,2,1,1,200500066908B01,7,15,1
200500066966,2005-10-12,2005,octobre,mercredi,17:15,58,58194,0,0,2,1,6,1,1,6,-1,00,1,1,000,000,1,0,1,3,2,34,0,1,2,00,1,0,1,200500066966A01,,,
200500066968,2005-10-16,2005,octobre,dimanche,12:00,58,58194,0,0,2,1,6,1,1,4,1,01,1,1,000,000,1,0,5,4,1,58,0,1,9,01,0,1,1,200500066968B01,,,
200500066973,2005-10-10,2005,octobre,lundi,71:5,58,58194,0,0,2,6,3,2,1,4,2,02,1,1,000,000,1,5,1,3,1,58,4,1,4,00,2,2,15,200500066973B01,7,16,1
200500066986,2005-10-10,2005,octobre,lundi,16:55,59,59153,0,0,2,1,2,1,1,4,2,02,1,1,000,072,1,0,1,2,1,71,5,1,9,00,0,4,1,200500066986B01,21,1,1
200500066990,2005-10-11,2005,octobre,mardi,18:00,59,59153,0,0,2,1,7,5,1,4,2,20,1,1,000,061,1,0,1,1,1,15,5,1,9,00,0,0,1,200500066990B01,2,1,1
200500066990,2005-10-11,2005,octobre,mardi,18:00,59,59153,0,0,2,1,7,5,1,4,2,20,1,1,000,061,1,0,1,3,1,13,5,1,9,00,0,1,1,200500066990C01,2,1,1
200500066993,2005-10-10,2005,octobre,lundi,17:20,59,59632,0,0,1,1,2,1,1,3,2,02,1,1,000,061,1,0,1,4,1,5,5,1,2,00,0,4,1,200500066993B01,2,1,1
200500066995,2005-10-19,2005,octobre,mercredi,11:50,59,59178,0,0,2,9,1,1,1,4,2,00,1,1,000,000,1,0,1,3,2,39,1,1,9,00,2,1,11,200500066995A01,7,1,1
200500067016,2005-10-04,2005,octobre,mardi,16:00,59,59273,0,0,2,1,2,1,1,4,2,02,1,1,000,089,1,0,1,4,1,11,5,1,4,00,2,0,2,200500067016B01,7,0,1
200500067019,2005-10-15,2005,octobre,samedi,14:40,59,59295,0,0,2,1,2,1,1,3,2,02,1,1,000,000,1,0,1,4,1,15,5,1,9,00,0,4,15,200500067019A01,2,17,1
200500067039,2005-10-09,2005,octobre,dimanche,20:30,59,59560,0,0,2,2,6,4,1,4,2,03,1,1,054,120,1,5,1,2,1,17,5,1,9,00,2,3,1,200500067039A01,7,1,1
200500067050,2005-10-14,2005,octobre,vendredi,17:15,59,59410,0,0,2,2,3,1,1,4,2,02,1,1,000,060,1,0,1,4,2,14,5,1,9,00,2,1,1,200500067050A01,7,1,1
200500067056,2005-10-18,2005,octobre,mardi,84:5,59,59286,0,0,2,2,6,1,1,4,2,02,1,1,000,060,1,0,1,4,1,39,4,1,9,00,2,1,1,200500067056B01,7,9,1
200500067067,2005-10-23,2005,octobre,dimanche,15:50,59,59350,0,0,2,1,3,1,1,4,-1,04,1,1,000,120,1,0,0,3,1,14,5,1,9,00,2,4,19,200500067067A01,7,1,1
200500067100,2005-10-03,2005,octobre,lundi,16:45,59,59512,0,0,2,2,3,1,1,4,1,02,1,1,000,000,-1,0,1,4,2,45,4,0,0,00,2,0,1,200500067100B01,7,15,1
200500067108,2005-10-04,2005,octobre,mardi,13:40,59,59512,0,0,2,1,3,1,1,4,-1,01,1,1,000,000,1,0,1,4,1,10,5,1,9,01,2,0,9,200500067108B01,7,1,1
200500067109,2005-10-07,2005,octobre,vendredi,19:45,59,59650,0,0,2,2,1,5,1,4,1,02,1,1,000,000,1,0,1,3,2,17,5,1,9,00,2,0,15,200500067109B01,7,1,1
200500067114,2005-10-07,2005,octobre,vendredi,85:0,59,59512,0,0,2,2,3,1,2,4,2,02,1,1,000,000,2,0,1,4,1,16,2,1,2,00,2,0,1,200500067114B01,7,1,1
200500067120,2005-10-05,2005,octobre,mercredi,19:00,59,59650,0,0,2,1,3,2,1,4,2,02,1,1,000,000,1,0,5,3,1,13,4,1,2,00,2,0,18,200500067120B01,15,1,1
200500067123,2005-10-28,2005,octobre,vendredi,15:50,59,59512,0,0,2,2,2,1,1,4,2,02,1,1,000,000,1,0,1,3,1,17,5,1,2,00,2,1,1,200500067123A01,7,1,1
200500067133,2005-10-18,2005,octobre,mardi,75:5,59,59599,0,0,2,2,3,1,1,2,1,02,1,3,000,000,1,5,1,2,1,16,2,1,2,00,2,8,19,200500067133B01,7,1,1
200500067152,2005-10-23,2005,octobre,dimanche,10:50,59,59491,0,0,2,1,6,1,1,4,2,02,1,1,000,061,1,0,0,4,1,9,5,1,2,00,2,1,15,200500067152A01,7,1,1
200500067163,2005-10-19,2005,octobre,mercredi,13:55,61,61001,0,0,2,3,3,1,1,4,-1,02,1,1,020,070,1,0,1,3,2,24,1,1,9,00,2,5,1,200500067163A01,7,1,1
200500067176,2005-10-28,2005,octobre,vendredi,14:00,62,62041,0,0,2,3,3,1,1,4,2,02,1,1,000,050,1,0,1,3,2,11,5,0,0,00,2,1,15,200500067176A01,7,0,1
200500067190,2005-10-26,2005,octobre,mercredi,20:25,62,62126,0,0,2,2,6,3,1,2,2,03,1,1,000,160,1,5,1,3,1,20,0,1,9,00,2,1,19,200500067190A01,7,1,1
200500067205,2005-10-06,2005,octobre,jeudi,12:05,62,62193,0,0,2,1,7,1,1,4,4,03,1,1,000,120,1,0,1,4,1,25,1,1,9,13,0,1,21,200500067205B01,13,5,1
200500067206,2005-10-15,2005,octobre,samedi,10:30,62,62193,0,0,2,1,2,1,1,4,3,02,1,1,020,026,1,0,5,3,1,69,5,1,2,00,2,1,1,200500067206B01,10,16,1
200500067223,2005-10-20,2005,octobre,jeudi,13:30,62,62497,0,0,2,3,3,1,1,4,2,02,1,1,000,041,1,0,1,3,2,12,2,1,4,00,2,7,15,200500067223A01,7,1,1
200500067225,2005-10-20,2005,octobre,jeudi,17:50,62,62427,0,0,2,3,3,1,1,3,2,02,1,1,000,000,1,0,1,4,2,16,5,1,4,00,2,3,15,200500067225A01,7,1,1
200500067229,2005-10-30,2005,octobre,dimanche,11:01,62,62218,0,0,2,1,6,1,1,4,1,02,1,1,000,063,1,0,1,4,1,20,5,1,9,00,2,3,1,200500067229B01,7,16,1
200500067238,2005-10-23,2005,octobre,dimanche,10:20,62,62386,0,0,2,1,1,1,1,4,2,02,1,1,000,070,1,0,1,3,2,75,5,1,9,00,2,1,1,200500067238B01,3,15,1
200500067271,2005-10-12,2005,octobre,mercredi,18:00,63,63032,0,0,2,5,6,1,1,4,2,03,2,1,000,118,1,0,1,4,2,30,5,1,9,00,2,1,1,200500067271B01,7,15,1
200500067278,2005-10-17,2005,octobre,lundi,95:0,63,63113,0,0,2,9,6,1,1,4,2,02,-1,-1,000,000,-1,0,0,4,1,23,0,1,2,00,0,0,0,200500067278A01,,,
200500067313,2005-10-26,2005,octobre,mercredi,75:0,63,63063,0,0,1,6,1,1,1,2,-1,02,-1,-1,000,000,1,5,1,4,1,44,1,1,4,00,2,5,1,200500067313B01,7,9,1
200500067338,2005-10-19,2005,octobre,mercredi,13:55,64,64024,0,0,2,6,3,1,1,3,2,04,1,1,000,120,1,0,1,4,1,54,1,1,9,00,2,3,1,200500067338B01,7,17,1
200500067339,2005-10-19,2005,octobre,mercredi,16:11,64,64024,0,0,2,4,2,1,1,3,2,02,1,1,000,084,1,0,1,4,1,19,5,1,2,00,2,4,17,200500067339B01,2,17,1
200500067372,2005-10-24,2005,octobre,lundi,21:20,64,64445,0,0,2,2,3,5,1,2,1,01,4,1,000,100,1,0,1,3,1,24,5,1,9,00,2,8,1,200500067372A01,7,1,1
200500067375,2005-10-28,2005,octobre,vendredi,17:25,64,64284,0,0,2,1,2,1,1,4,2,03,1,1,000,149,1,2,1,3,1,19,1,1,9,00,2,1,2,200500067375A01,7,1,1
200500067389,2005-10-07,2005,octobre,vendredi,12:35,65,65433,0,0,2,3,3,1,1,3,2,02,1,1,000,071,1,0,1,3,1,67,5,1,9,00,2,1,1,200500067389A01,7,15,1
200500067394,2005-10-16,2005,octobre,dimanche,94:0,65,65440,0,0,2,6,2,1,1,2,2,02,1,1,000,110,1,0,1,4,1,60,5,1,9,00,0,5,1,200500067394B01,7,1,1
200500067402,2005-10-21,2005,octobre,vendredi,16:15,65,65440,0,0,2,4,3,1,1,4,1,02,1,1,000,070,1,0,4,4,2,12,2,1,9,00,2,1,5,200500067402A01,10,9,1