Num_Acc,date,an,mois,jour,hrmn,dep,com,lat,long,agg,int,col,lum,atm,catr,circ,nbv,prof,plan,lartpc,larrout,surf,infra,situ,grav,sexe,age,trajet,secuexist,equipement,obs,obsm,choc,manv,vehiculeid,typevehicules,manoeuvehicules,numVehicules
200500067404,2005-10-26,2005,octobre,mercredi,13:20,65,65440,0,0,2,9,3,1,1,4,2,03,1,1,000,110,1,0,1,4,1,55,1,1,9,00,0,5,1,200500067404B01,10,16,1
200500067405,2005-10-27,2005,octobre,jeudi,18:30,65,65417,0,0,2,2,3,1,1,2,2,02,1,2,000,082,1,0,1,4,1,44,3,1,9,00,2,7,1,200500067405B01,7,15,1
200500067422,2005-10-03,2005,octobre,lundi,11:40,67,67267,0,0,2,6,1,1,2,4,1,01,1,2,000,100,2,5,1,4,2,27,4,1,9,00,2,5,5,200500067422B01,7,16,1
200500067429,2005-10-07,2005,octobre,vendredi,81:5,67,67482,0,0,2,2,3,1,8,4,2,04,1,1,000,143,1,0,1,4,2,25,1,1,9,00,2,5,19,200500067429A01,2,1,1
200500067434,2005-10-11,2005,octobre,mardi,11:25,67,67204,0,0,2,3,3,1,1,4,2,02,1,1,000,058,1,0,1,4,1,48,5,1,9,00,2,1,16,200500067434A01,7,23,1
200500067435,2005-10-11,2005,octobre,mardi,16:00,67,67482,0,0,2,2,3,1,1,4,1,01,1,1,000,078,1,0,1,4,2,26,9,1,9,00,2,1,1,200500067435B01,7,15,1
200500067443,2005-10-14,2005,octobre,vendredi,14:55,67,67482,0,0,2,3,3,1,1,4,4,04,1,2,000,147,1,0,1,4,1,23,5,1,9,00,2,1,19,200500067443B01,7,16,1
200500067444,2005-10-14,2005,octobre,vendredi,16:20,67,67482,0,0,2,1,6,1,1,4,2,03,1,1,000,090,1,0,1,4,2,38,4,1,9,00,2,8,11,200500067444B01,5,2,1
200500067454,2005-10-18,2005,octobre,mardi,10:55,67,67482,0,0,2,1,6,1,1,4,2,02,2,3,000,114,1,0,4,4,1,76,5,1,9,00,2,1,5,200500067454B01,7,9,1
200500067457,2005-10-18,2005,octobre,mardi,17:30,67,67267,0,0,2,1,2,1,1,4,2,02,1,1,000,072,1,0,1,4,1,72,5,1,9,00,2,4,15,200500067457B01,7,1,1
200500067458,2005-10-18,2005,octobre,mardi,17:10,67,67482,0,0,2,3,3,1,1,4,2,02,1,2,000,070,1,5,1,3,2,39,5,1,4,00,2,8,2,200500067458B01,18,17,1
200500067462,2005-10-19,2005,octobre,mercredi,18:00,67,67482,0,0,2,5,3,2,1,4,1,01,1,1,000,100,1,0,1,4,2,66,9,1,9,00,2,2,1,200500067462A01,7,16,1
200500067464,2005-10-20,2005,octobre,jeudi,17:30,67,67482,0,0,2,1,6,1,1,4,3,02,1,1,060,080,1,0,5,4,2,39,1,1,9,01,0,1,1,200500067464B01,7,22,1
200500067465,2005-10-20,2005,octobre,jeudi,17:31,67,67482,0,0,2,2,3,1,1,4,1,02,1,1,000,081,1,5,5,4,2,37,5,1,2,00,2,1,1,200500067465A01,2,5,1
200500067465,2005-10-20,2005,octobre,jeudi,17:31,67,67482,0,0,2,2,3,1,1,4,1,02,1,1,000,081,1,5,5,4,2,4,0,1,2,00,2,1,1,200500067465A01,2,5,1
200500067470,2005-10-24,2005,octobre,lundi,14:55,67,67482,0,0,2,1,3,1,1,4,1,01,1,1,060,035,1,0,1,4,1,28,5,1,9,00,2,4,19,200500067470A01,7,23,1
200500067471,2005-10-25,2005,octobre,mardi,75:5,67,67482,0,0,2,2,3,2,1,4,2,02,1,1,000,072,1,0,1,4,2,20,2,1,9,00,2,1,19,200500067471B01,7,15,1
200500067473,2005-10-26,2005,octobre,mercredi,45:,67,67482,0,0,2,1,3,5,1,4,2,04,1,1,000,147,1,0,1,3,1,70,4,1,9,00,2,1,1,200500067473B01,7,1,1
200500067477,2005-10-27,2005,octobre,jeudi,16:30,67,67482,0,0,2,1,3,1,1,4,1,01,1,3,000,027,1,0,3,4,1,7,5,1,2,00,2,1,9,200500067477B01,7,14,1
200500067479,2005-10-28,2005,octobre,vendredi,35:5,67,67447,0,0,2,3,6,5,1,4,2,02,1,1,000,060,1,0,1,4,2,23,0,1,9,00,2,1,5,200500067479B01,7,16,1
200500067487,2005-10-07,2005,octobre,vendredi,17:00,68,68066,0,0,2,1,6,1,1,3,2,00,1,1,000,000,1,0,5,4,2,28,1,1,2,01,0,7,1,200500067487B01,10,24,1
200500067488,2005-10-14,2005,octobre,vendredi,12:20,68,68066,0,0,2,2,3,1,1,4,2,03,1,1,000,088,1,5,1,3,1,65,5,1,2,00,2,1,1,200500067488B01,7,15,1
200500067492,2005-10-18,2005,octobre,mardi,11:00,68,68066,0,0,2,2,3,1,1,4,2,02,1,1,000,060,1,0,5,4,2,,5,1,4,00,2,1,1,200500067492B01,10,15,1
200500067495,2005-10-08,2005,octobre,samedi,17:23,68,68224,0,0,2,3,3,1,7,4,2,02,1,-1,094,183,1,0,5,4,1,15,4,1,9,00,2,1,1,200500067495B01,7,11,1
200500067497,2005-10-13,2005,octobre,jeudi,14:10,68,68224,0,0,2,1,3,1,1,4,2,02,1,1,000,094,1,0,1,4,1,51,0,1,2,01,0,1,1,200500067497B01,7,0,1
200500067499,2005-10-13,2005,octobre,jeudi,19:00,68,68224,0,0,2,1,3,2,1,4,2,02,1,1,084,045,1,0,1,3,2,68,5,1,9,00,2,1,1,200500067499B01,7,1,1
200500067505,2005-10-18,2005,octobre,mardi,18:50,68,68224,0,0,2,9,6,1,1,4,1,02,1,1,000,000,1,0,1,4,1,45,1,1,9,00,1,0,0,200500067505A01,,,
200500067510,2005-10-13,2005,octobre,jeudi,17:40,68,68224,0,0,2,1,2,1,1,4,2,03,1,1,000,092,1,0,1,4,2,12,5,1,9,00,0,0,1,200500067510B01,7,1,1
200500067569,2005-10-07,2005,octobre,vendredi,17:20,69,69282,0,0,2,3,3,1,1,4,2,02,1,1,000,068,1,0,1,3,1,66,0,1,9,00,2,4,9,200500067569V01,7,9,1
200500067576,2005-10-27,2005,octobre,jeudi,16:55,69,69290,0,0,1,1,1,1,1,4,-1,00,2,3,000,110,1,0,1,3,1,63,5,1,2,00,2,1,0,200500067576A01,7,1,1
200500067582,2005-10-10,2005,octobre,lundi,84:5,71,71309,0,0,2,1,6,1,1,4,-1,02,1,1,000,065,1,0,1,1,1,65,5,1,9,00,1,7,1,200500067582A01,,,
200500067587,2005-10-05,2005,octobre,mercredi,60:0,71,71270,0,0,2,3,7,5,8,4,2,02,1,2,000,000,1,0,1,3,2,26,9,1,9,00,2,1,0,200500067587A01,7,1,1
200500067598,2005-10-24,2005,octobre,lundi,12:35,71,71270,0,0,2,1,3,1,1,2,2,04,1,1,000,037,1,0,1,4,1,57,5,1,9,00,2,4,9,200500067598A01,7,21,1
200500067623,2005-10-13,2005,octobre,jeudi,21:10,72,72181,0,0,2,1,6,4,1,9,1,01,2,1,000,045,1,0,4,3,1,27,9,1,2,00,1,7,1,200500067623A01,,,
200500067629,2005-10-20,2005,octobre,jeudi,11:30,72,72181,0,0,2,1,3,1,1,9,2,02,2,1,000,000,1,0,1,4,1,59,9,1,2,00,0,8,1,200500067629B01,7,16,1
200500067637,2005-10-26,2005,octobre,mercredi,19:10,72,72181,0,0,2,1,6,5,1,9,2,01,1,1,000,070,1,6,1,1,1,17,5,1,2,00,1,1,1,200500067637A01,,,
200500067640,2005-10-29,2005,octobre,samedi,17:30,72,72181,0,0,2,3,3,1,1,9,2,04,1,1,000,120,1,0,1,3,1,18,9,1,2,00,2,8,9,200500067640A01,7,1,1
200500067646,2005-10-30,2005,octobre,dimanche,11:10,73,73008,0,0,2,3,3,1,1,4,2,02,1,1,000,070,1,0,1,1,1,33,5,1,2,00,9,8,16,200500067646A01,1,15,1
200500067646,2005-10-30,2005,octobre,dimanche,11:10,73,73008,0,0,2,3,3,1,1,4,2,02,1,1,000,070,1,0,1,3,1,30,5,1,2,00,9,1,15,200500067646B01,1,16,1
200500067647,2005-10-05,2005,octobre,mercredi,10:50,73,73011,0,0,2,6,3,1,1,4,2,02,1,1,000,100,1,5,1,4,2,33,5,1,9,00,2,7,1,200500067647B01,7,9,1
200500067651,2005-10-11,2005,octobre,mardi,12:17,73,73065,0,0,2,1,3,1,1,4,2,02,1,1,000,080,1,0,1,3,1,39,5,1,2,00,2,1,1,200500067651B01,7,10,1
200500067658,2005-10-13,2005,octobre,jeudi,13:10,74,74010,0,0,2,1,2,1,1,4,2,02,1,1,000,064,1,0,1,4,1,50,9,1,2,00,2,1,2,200500067658A01,7,2,1
200500067659,2005-10-31,2005,octobre,lundi,11:30,74,74010,0,0,2,2,6,1,1,4,2,02,1,1,000,980,1,0,1,3,1,44,5,1,9,00,0,1,1,200500067659B01,7,15,1
200500067663,2005-10-21,2005,octobre,vendredi,17:50,74,74012,0,0,2,6,6,2,2,4,2,02,1,2,000,060,2,0,0,3,1,41,0,1,2,00,2,0,9,200500067663A01,18,1,1
200500067694,2005-10-12,2005,octobre,mercredi,94:5,75,75008,0,0,2,1,3,1,1,4,1,04,1,1,000,120,1,0,1,3,1,44,9,0,0,00,2,6,1,200500067694B01,7,16,1
200500067699,2005-10-14,2005,octobre,vendredi,10:10,75,75003,0,0,2,5,3,1,1,4,2,02,1,1,000,060,1,0,1,4,2,25,1,0,0,00,2,2,1,200500067699B01,7,15,1
200500067707,2005-10-17,2005,octobre,lundi,18:50,75,75006,0,0,2,1,3,1,1,4,3,06,1,1,000,180,1,0,1,4,1,45,5,0,0,00,2,4,19,200500067707A01,4,1,1
200500067708,2005-10-18,2005,octobre,mardi,12:15,75,75020,0,0,2,1,3,1,1,4,2,02,1,1,000,060,1,0,1,3,1,34,1,0,0,00,2,1,17,200500067708B01,7,13,1
200500067754,2005-10-03,2005,octobre,lundi,21:15,75,75014,0,0,2,3,3,5,1,4,1,01,1,1,000,030,1,0,1,4,1,22,5,0,0,00,2,2,1,200500067754B01,7,10,1
200500067769,2005-10-04,2005,octobre,mardi,16:00,75,75015,0,0,2,1,2,1,1,4,1,01,1,1,000,030,1,0,1,4,1,22,4,1,2,00,2,1,1,200500067769B01,7,4,1
200500067777,2005-10-04,2005,octobre,mardi,94:5,75,75008,0,0,2,1,2,1,8,4,2,04,1,1,000,120,1,0,1,4,2,33,4,0,0,00,2,4,1,200500067777B01,5,17,1
200500067779,2005-10-04,2005,octobre,mardi,19:50,75,75004,0,0,2,3,2,5,1,4,1,01,1,1,000,030,1,0,1,4,1,54,4,0,0,00,2,1,7,200500067779B01,7,4,1
200500067791,2005-10-02,2005,octobre,dimanche,12:15,75,75020,0,0,2,2,2,1,1,4,2,02,1,1,000,060,1,0,1,4,2,26,5,0,0,00,2,1,1,200500067791A01,7,1,1
200500067804,2005-10-05,2005,octobre,mercredi,14:05,75,75005,0,0,2,1,7,1,1,4,2,02,1,1,000,060,1,0,1,4,2,62,5,0,0,00,0,2,1,200500067804A01,,,
200500067805,2005-10-05,2005,octobre,mercredi,84:5,75,75009,0,0,2,1,6,1,1,4,1,01,1,1,000,030,1,0,1,4,2,37,4,1,2,00,1,1,5,200500067805A01,,,
200500067806,2005-10-05,2005,octobre,mercredi,18:,75,75010,0,0,2,1,6,5,1,4,2,04,1,1,000,120,1,0,1,4,1,29,5,0,0,14,2,2,17,200500067806A01,7,7,1
200500067807,2005-10-05,2005,octobre,mercredi,18:10,75,75010,0,0,2,3,6,1,1,4,1,02,1,1,000,060,1,0,1,4,1,24,5,0,0,00,2,1,1,200500067807B01,7,0,1
200500067810,2005-10-23,2005,octobre,dimanche,17:40,75,75003,0,0,2,1,6,1,1,4,1,01,1,1,000,030,1,0,1,1,1,17,5,0,0,00,1,1,1,200500067810A01,,,
200500067816,2005-10-05,2005,octobre,mercredi,19:45,75,75019,0,0,2,3,6,5,1,4,1,02,1,1,000,060,1,0,1,4,1,28,5,0,0,00,2,4,1,200500067816B01,7,0,1
200500067831,2005-10-06,2005,octobre,jeudi,17:40,75,75009,0,0,2,1,3,1,1,4,1,02,1,1,000,060,1,0,1,4,1,83,5,0,0,00,2,3,18,200500067831A01,7,1,1
200500067837,2005-10-10,2005,octobre,lundi,80:0,75,75015,0,0,2,3,1,1,1,4,2,04,1,1,000,120,1,0,1,4,1,30,4,0,0,00,2,1,5,200500067837A01,1,1,1
200500067837,2005-10-10,2005,octobre,lundi,80:0,75,75015,0,0,2,3,1,1,1,4,2,04,1,1,000,120,1,0,1,4,1,32,4,0,0,00,2,1,1,200500067837B01,1,5,1
200500067849,2005-10-30,2005,octobre,dimanche,16:55,75,75011,0,0,2,2,3,1,1,4,3,04,1,1,000,120,1,0,1,3,2,20,5,0,0,00,2,8,1,200500067849B01,7,1,1
200500067855,2005-10-07,2005,octobre,vendredi,92:0,75,75007,0,0,2,1,3,1,1,4,2,04,1,1,000,120,1,0,1,4,1,62,1,0,0,00,2,1,5,200500067855A01,7,15,1
200500067865,2005-10-07,2005,octobre,vendredi,90:0,75,75015,0,0,2,2,3,1,1,4,1,01,1,1,000,030,1,0,1,4,2,20,9,0,0,00,2,2,19,200500067865A01,7,7,1
200500067881,2005-10-08,2005,octobre,samedi,11:30,75,75012,0,0,2,2,3,1,1,4,2,02,1,1,000,060,1,0,1,1,1,56,5,0,0,00,2,3,18,200500067881A01,1,1,1
200500067881,2005-10-08,2005,octobre,samedi,11:30,75,75012,0,0,2,2,3,1,1,4,2,02,1,1,000,060,1,0,1,3,1,70,5,0,0,00,2,2,1,200500067881B01,1,18,1
200500067899,2005-10-09,2005,octobre,dimanche,19:23,75,75017,0,0,2,1,3,5,1,4,2,03,1,1,000,090,1,0,1,4,1,38,5,0,0,00,2,2,1,200500067899B01,7,9,1
200500067903,2005-10-10,2005,octobre,lundi,85:0,75,75003,0,0,2,1,3,1,1,4,1,02,1,1,000,060,1,0,1,4,1,40,5,0,0,00,2,2,7,200500067903B01,10,15,1
200500067907,2005-10-10,2005,octobre,lundi,91:5,75,75004,0,0,2,3,3,1,1,4,1,03,1,1,000,090,1,0,1,4,2,63,9,0,0,00,2,2,1,200500067907A01,5,1,1
200500067928,2005-10-10,2005,octobre,lundi,16:30,75,75015,0,0,2,2,6,1,1,4,1,02,1,1,000,030,1,0,1,1,1,13,5,0,0,00,1,1,5,200500067928A01,,,
200500067935,2005-10-11,2005,octobre,mardi,20:08,75,75001,0,0,2,3,3,5,1,4,1,02,1,1,000,060,1,0,1,4,2,24,5,0,0,00,2,6,15,200500067935B01,18,15,1
200500067944,2005-10-11,2005,octobre,mardi,16:20,75,75013,0,0,2,2,3,1,1,4,2,04,1,1,000,120,1,0,1,4,1,22,9,0,0,00,2,3,15,200500067944A01,10,1,1
200500067945,2005-10-11,2005,octobre,mardi,13:00,75,75013,0,0,2,1,6,1,1,4,3,04,1,1,010,120,1,0,1,1,1,21,5,0,0,00,1,1,5,200500067945A01,,,
200500067962,2005-10-12,2005,octobre,mercredi,16:05,75,75001,0,0,2,2,3,1,1,4,2,02,1,1,000,060,1,0,1,4,1,11,5,0,0,00,2,1,1,200500067962B01,7,1,1
200500067990,2005-10-13,2005,octobre,jeudi,92:0,75,75015,0,0,2,2,3,1,1,4,1,01,1,1,000,030,1,0,1,4,1,20,5,0,0,00,2,2,1,200500067990B01,7,22,1
200500068001,2005-10-14,2005,octobre,vendredi,15:45,75,75009,0,0,2,4,6,1,1,4,1,01,1,1,000,030,1,0,1,4,1,55,4,0,0,00,2,4,7,200500068001B01,5,0,1
200500068019,2005-10-14,2005,octobre,vendredi,84:5,75,75010,0,0,2,3,3,1,1,4,1,01,1,1,000,030,1,0,1,4,1,41,4,1,2,00,2,3,1,200500068019B01,14,16,1
200500068059,2005-10-17,2005,octobre,lundi,90:0,75,75006,0,0,2,3,6,1,1,4,1,01,1,1,000,030,1,0,1,1,2,25,4,0,0,00,1,1,1,200500068059A01,,,
200500068060,2005-10-17,2005,octobre,lundi,18:25,75,75006,0,0,2,2,3,1,1,4,1,02,1,1,000,060,1,0,1,4,1,23,5,0,0,00,2,1,1,200500068060B01,7,1,1
200500068079,2005-10-18,2005,octobre,mardi,13:10,75,75005,0,0,2,4,3,1,1,4,2,02,1,1,000,060,1,0,1,4,2,22,5,0,0,00,2,1,1,200500068079B01,7,1,1
200500068126,2005-10-20,2005,octobre,jeudi,18:10,75,75014,0,0,2,1,6,1,1,4,2,03,1,1,000,090,1,0,1,1,1,56,5,1,2,00,2,1,7,200500068126B01,5,7,1
200500068156,2005-10-21,2005,octobre,vendredi,19:00,75,75014,0,0,2,3,6,1,8,4,1,01,1,1,000,030,2,0,1,1,1,30,5,0,0,00,1,1,1,200500068156A01,,,
200500068166,2005-10-21,2005,octobre,vendredi,80:5,75,75013,0,0,2,3,3,1,2,4,2,04,1,1,000,120,2,0,1,4,2,46,4,0,0,00,2,3,1,200500068166B01,7,16,1
200500068183,2005-10-22,2005,octobre,samedi,18:45,75,75020,0,0,2,1,7,2,1,4,2,02,2,1,000,060,1,0,1,4,2,49,5,0,0,00,0,2,1,200500068183A01,,,
200500068200,2005-10-24,2005,octobre,lundi,13:45,75,75013,0,0,2,1,3,1,1,4,2,04,1,1,000,120,1,0,1,4,1,16,5,0,0,00,2,2,11,200500068200A01,18,7,1
200500068201,2005-10-24,2005,octobre,lundi,17:30,75,75016,0,0,2,2,3,1,8,4,2,02,1,1,000,060,1,0,1,4,2,42,5,0,0,00,2,1,1,200500068201A01,5,1,1
200500068207,2005-10-24,2005,octobre,lundi,11:30,75,75008,0,0,2,5,3,1,3,4,1,02,1,1,000,060,2,0,1,1,2,36,9,0,0,00,2,3,1,200500068207B01,5,1,1
200500068208,2005-10-24,2005,octobre,lundi,19:25,75,75015,0,0,2,1,7,5,1,4,2,02,1,1,000,060,1,0,1,4,1,57,5,0,0,00,0,3,1,200500068208A01,,,
200500068209,2005-10-24,2005,octobre,lundi,10:55,75,75015,0,0,2,1,3,1,3,4,2,02,1,1,000,060,2,0,1,4,1,23,4,0,0,00,2,1,1,200500068209B01,7,0,1
200500068222,2005-10-25,2005,octobre,mardi,92:0,75,75003,0,0,2,1,3,1,2,4,1,02,1,1,000,060,2,0,1,4,1,61,5,0,0,00,2,1,1,200500068222B01,7,22,1
200500068228,2005-10-25,2005,octobre,mardi,12:40,75,75005,0,0,2,2,3,1,1,4,2,04,1,1,000,120,1,0,1,4,2,55,1,0,0,00,2,1,1,200500068228B01,7,16,1
200500068252,2005-10-11,2005,octobre,mardi,55:0,75,75004,0,0,2,3,6,5,1,4,1,02,1,1,000,060,1,0,4,4,1,25,5,0,0,00,1,1,1,200500068252A01,,,
200500068265,2005-10-17,2005,octobre,lundi,12:05,75,75012,0,0,2,2,6,1,1,4,2,02,1,1,000,060,1,0,1,4,2,29,4,0,0,00,2,1,1,200500068265B01,10,0,1
200500068288,2005-10-26,2005,octobre,mercredi,14:45,75,75005,0,0,2,2,3,1,1,4,1,04,1,1,000,120,1,0,1,3,2,78,5,0,0,00,2,3,7,200500068288B01,18,16,1
200500068300,2005-10-26,2005,octobre,mercredi,17:45,75,75009,0,0,2,2,6,1,1,4,1,02,1,1,000,060,1,0,1,1,1,31,4,0,0,00,1,1,1,200500068300A01,,,
200500068323,2005-10-26,2005,octobre,mercredi,16:35,75,75013,0,0,2,1,3,1,1,4,2,04,1,1,000,120,1,0,1,4,2,36,9,0,0,00,2,1,1,200500068323B01,7,22,1
200500068334,2005-10-28,2005,octobre,vendredi,21:05,75,75002,0,0,2,2,3,5,2,4,1,01,1,1,000,030,2,0,1,4,1,29,5,0,0,00,2,3,15,200500068334A01,7,1,1
200500068358,2005-10-29,2005,octobre,samedi,18:50,75,75018,0,0,2,2,3,5,1,4,1,02,1,1,000,060,1,0,1,4,1,30,9,0,0,00,2,2,1,200500068358B01,7,9,1
200500068372,2005-10-30,2005,octobre,dimanche,15:10,75,75019,0,0,2,2,3,1,1,4,2,02,1,1,000,060,1,0,1,4,2,27,5,0,0,00,2,2,17,200500068372A01,7,15,1
200500068389,2005-10-22,2005,octobre,samedi,17:05,75,75012,0,0,2,1,3,1,1,4,2,02,1,1,000,060,1,0,1,4,1,30,5,0,0,00,0,1,1,200500068389B01,7,22,1
200500068390,2005-10-27,2005,octobre,jeudi,75:0,75,75012,0,0,2,2,1,2,1,4,2,02,1,1,000,060,1,0,1,4,2,51,5,0,0,00,2,1,1,200500068390B01,7,15,1
200500068478,2005-10-28,2005,octobre,vendredi,20:15,77,77284,0,0,2,1,7,5,1,4,2,02,1,1,000,070,1,0,1,4,1,43,0,1,2,00,0,7,1,200500068478A01,,,
200500068481,2005-10-29,2005,octobre,samedi,18:00,77,77330,0,0,2,1,7,1,1,4,-1,02,1,1,000,070,1,0,1,4,1,13,4,1,2,00,0,0,2,200500068481A01,,,
200500068481,2005-10-29,2005,octobre,samedi,18:00,77,77330,0,0,2,1,7,1,1,4,-1,02,1,1,000,070,1,0,1,4,1,13,0,1,2,00,0,0,2,200500068481A01,,,
200500068492,2005-10-27,2005,octobre,jeudi,13:55,77,77294,0,0,2,2,1,1,1,4,2,02,1,1,000,060,1,6,1,3,1,15,5,1,9,00,0,0,0,200500068492B01,7,0,1
200500068495,2005-10-23,2005,octobre,dimanche,17:50,77,77172,0,0,2,1,3,1,1,2,2,03,1,1,000,104,1,0,1,3,1,16,5,1,9,00,2,6,11,200500068495B01,5,2,1
200500068511,2005-10-17,2005,octobre,lundi,19:10,77,77390,0,0,2,1,3,5,1,4,2,01,1,1,000,000,1,0,1,3,1,49,0,1,9,00,2,1,1,200500068511B01,7,16,1
200500068516,2005-10-27,2005,octobre,jeudi,85:7,77,77379,0,0,2,1,7,1,1,9,1,01,1,1,000,044,-1,0,1,3,1,45,5,1,9,01,0,0,1,200500068516B01,7,22,1
200500068517,2005-10-30,2005,octobre,dimanche,14:40,77,77514,0,0,2,2,3,1,1,3,2,03,1,1,099,085,1,5,1,3,1,12,5,1,9,00,2,8,11,200500068517B01,7,1,1
200500068522,2005-10-05,2005,octobre,mercredi,12:20,78,78172,0,0,2,1,3,1,1,4,1,01,1,1,000,050,1,0,4,4,2,50,0,1,2,00,2,1,5,200500068522A01,7,16,1
200500068531,2005-10-18,2005,octobre,mardi,16:25,78,78168,0,0,2,3,3,1,1,3,3,04,1,2,055,140,1,0,0,4,1,32,5,1,9,00,2,1,19,200500068531A01,7,15,1
200500068532,2005-10-18,2005,octobre,mardi,20:30,78,78383,0,0,2,1,3,5,2,4,3,04,1,3,050,140,2,0,1,4,2,42,5,1,9,00,2,8,19,200500068532A01,7,1,1
200500068544,2005-10-25,2005,octobre,mardi,71:0,78,78311,0,0,2,3,3,5,1,3,1,02,1,1,000,075,1,0,1,3,1,55,1,1,2,00,2,4,12,200500068544B01,7,3,1
200500068546,2005-10-08,2005,octobre,samedi,17:12,78,78358,0,0,2,1,6,1,1,9,-1,00,1,1,000,053,1,0,4,1,1,12,5,1,9,00,1,1,1,200500068546A01,,,
200500068556,2005-10-06,2005,octobre,jeudi,13:15,78,78238,0,0,1,1,2,1,1,4,2,02,1,1,000,105,1,0,1,3,1,54,1,1,9,00,0,4,1,200500068556A01,7,0,1
200500068597,2005-10-07,2005,octobre,vendredi,16:10,78,78586,0,0,2,2,3,1,1,4,1,01,1,1,000,700,1,0,0,4,1,13,0,1,9,00,2,1,1,200500068597A01,7,1,1
200500068615,2005-10-03,2005,octobre,lundi,91:0,78,78646,0,0,2,2,3,1,1,4,2,03,1,1,000,090,1,0,1,4,1,14,9,1,2,00,2,1,15,200500068615B01,5,18,1
200500068618,2005-10-12,2005,octobre,mercredi,14:00,78,78158,0,0,2,1,3,1,1,4,1,01,1,-1,000,050,1,0,1,4,1,15,5,1,2,00,2,8,1,200500068618B01,7,1,1
200500068637,2005-10-11,2005,octobre,mardi,75:0,78,78146,0,0,2,1,3,5,1,4,2,02,2,1,000,076,1,0,1,4,2,38,1,1,9,00,2,1,1,200500068637B01,7,16,1
200500068640,2005-10-29,2005,octobre,samedi,10:30,78,78418,0,0,2,6,3,1,1,4,2,02,1,1,000,078,1,0,1,4,1,51,5,1,9,00,2,1,5,200500068640A01,7,1,1
200500068643,2005-10-21,2005,octobre,vendredi,81:9,79,79329,0,0,2,1,2,1,1,4,-1,00,2,3,000,035,1,0,1,3,2,12,2,1,9,00,2,1,2,200500068643A01,10,2,1
200500068647,2005-10-26,2005,octobre,mercredi,94:0,80,80001,0,0,2,1,2,1,7,4,2,01,1,1,000,082,1,0,1,3,1,56,5,1,9,00,2,4,2,200500068647B01,7,2,1
200500068649,2005-10-03,2005,octobre,lundi,16:35,80,80021,0,0,2,1,2,1,1,4,2,02,1,1,000,058,1,0,1,1,2,31,5,0,0,00,2,1,1,200500068649A01,7,1,1
200500068653,2005-10-06,2005,octobre,jeudi,19:20,80,80021,0,0,2,2,3,4,1,4,2,05,1,1,000,150,1,0,1,4,2,22,5,1,9,00,2,1,19,200500068653A01,7,15,1
200500068654,2005-10-06,2005,octobre,jeudi,13:40,80,80021,0,0,2,2,3,1,1,2,2,03,1,1,000,130,1,0,1,3,1,43,5,1,9,00,2,1,15,200500068654B01,7,1,1
200500068656,2005-10-07,2005,octobre,vendredi,84:5,80,80021,0,0,2,1,3,1,1,4,2,02,1,1,000,060,1,0,1,4,2,11,5,1,9,00,2,1,1,200500068656A01,7,1,1
200500068664,2005-10-12,2005,octobre,mercredi,17:05,80,80021,0,0,2,1,6,1,1,4,2,02,1,1,000,060,1,0,1,4,1,17,2,1,9,01,0,1,1,200500068664A01,,,
200500068675,2005-10-20,2005,octobre,jeudi,16:00,80,80021,0,0,2,1,2,1,1,4,2,02,1,1,000,060,1,0,1,4,1,11,5,1,9,00,2,4,1,200500068675A01,7,1,1
200500068677,2005-10-23,2005,octobre,dimanche,95:5,80,80021,0,0,2,2,3,1,1,4,2,06,1,1,000,160,1,0,1,4,2,25,1,1,9,00,2,1,1,200500068677A01,7,15,1
200500068682,2005-10-27,2005,octobre,jeudi,19:00,80,80021,0,0,2,1,3,5,1,4,2,02,1,1,000,060,1,0,1,4,1,16,5,1,9,00,2,3,1,200500068682A01,7,1,1
200500068683,2005-10-29,2005,octobre,samedi,81:5,80,80021,0,0,2,2,3,1,2,4,2,04,1,1,000,120,2,0,1,4,2,44,1,1,9,00,2,8,15,200500068683B01,7,15,1
200500068703,2005-10-07,2005,octobre,vendredi,15:00,81,81021,0,0,2,3,1,1,1,4,2,02,2,3,000,115,1,0,1,3,1,14,5,1,9,00,2,1,19,200500068703B01,7,1,1
200500068709,2005-10-08,2005,octobre,samedi,16:45,82,82121,0,0,2,3,6,1,1,4,2,02,1,1,000,080,1,0,0,4,1,61,5,1,2,00,2,4,1,200500068709A01,99,1,1
200500068716,2005-10-21,2005,octobre,vendredi,16:00,82,82121,0,0,2,1,6,1,1,4,-1,01,1,1,000,000,1,6,1,1,1,16,5,1,4,00,1,1,1,200500068716A01,,,
200500068716,2005-10-21,2005,octobre,vendredi,16:00,82,82121,0,0,2,1,6,1,1,4,-1,01,1,1,000,000,1,6,1,4,2,58,5,0,0,00,1,1,1,200500068716A01,,,
200500068723,2005-10-01,2005,octobre,samedi,91:0,83,83061,0,0,2,4,3,1,1,4,3,03,1,1,000,046,1,0,1,4,1,42,5,1,9,00,2,8,9,200500068723B01,5,2,1
200500068724,2005-10-03,2005,octobre,lundi,64:5,83,83069,0,0,1,1,6,2,1,4,2,02,1,2,000,071,1,0,1,3,1,56,1,1,2,00,2,1,1,200500068724B01,7,13,1
200500068768,2005-10-01,2005,octobre,samedi,12:25,84,84007,0,0,2,1,3,1,1,2,2,02,1,1,000,090,1,0,5,4,1,61,5,1,4,00,2,1,1,200500068768B01,7,15,1
200500068770,2005-10-05,2005,octobre,mercredi,15:00,84,84007,0,0,2,2,3,1,1,4,2,02,1,1,000,060,1,0,1,4,1,13,5,1,9,00,2,1,1,200500068770A01,7,1,1
200500068777,2005-10-13,2005,octobre,jeudi,16:40,84,84007,0,0,2,1,3,1,1,3,1,00,1,1,000,050,1,0,1,4,1,24,1,1,2,00,2,3,13,200500068777B01,7,1,1