Num_Acc,date,an,mois,jour,hrmn,dep,com,lat,long,agg,int,col,lum,atm,catr,circ,nbv,prof,plan,lartpc,larrout,surf,infra,situ,grav,sexe,age,trajet,secuexist,equipement,obs,obsm,choc,manv,vehiculeid,typevehicules,manoeuvehicules,numVehicules
200500068778,2005-10-14,2005,octobre,vendredi,12:00,84,84007,0,0,2,6,3,1,1,2,1,02,1,2,900,070,1,5,1,4,1,60,5,1,9,00,2,7,1,200500068778B01,7,9,1
200500068780,2005-10-17,2005,octobre,lundi,12:20,84,84007,0,0,2,6,2,1,1,4,2,02,1,1,000,080,1,5,1,4,2,13,2,1,9,00,2,4,2,200500068780B01,2,2,1
200500068785,2005-10-24,2005,octobre,lundi,17:25,84,84007,0,0,2,6,3,1,1,4,2,02,1,3,010,100,1,5,1,4,1,44,1,1,9,00,2,1,1,200500068785B01,7,16,1
200500068788,2005-10-26,2005,octobre,mercredi,16:45,84,84007,0,0,2,2,5,1,1,2,2,02,1,1,000,000,1,0,1,4,1,63,5,1,4,00,2,2,15,200500068788C01,2/ 7,1,2
200500068794,2005-10-07,2005,octobre,vendredi,13:10,84,84035,0,0,2,1,1,1,1,4,2,02,-1,-1,000,068,1,0,1,4,1,63,0,1,9,00,2,1,1,200500068794B01,7,1,1
200500068835,2005-10-27,2005,octobre,jeudi,15:20,86,86194,0,0,2,1,6,1,1,4,1,01,3,3,000,030,1,0,1,4,1,15,5,1,9,00,2,1,5,200500068835A01,2,1,1
200500068842,2005-10-01,2005,octobre,samedi,11:30,87,87085,0,0,2,3,3,1,2,4,2,02,2,1,000,070,2,5,1,4,1,27,5,1,2,00,0,1,9,200500068842A01,7,9,1
200500068913,2005-10-05,2005,octobre,mercredi,12:55,90,90010,0,0,2,2,3,1,1,3,2,00,1,1,000,000,1,5,1,4,1,17,0,1,9,00,2,1,1,200500068913A01,7,1,1
200500068918,2005-10-11,2005,octobre,mardi,15:40,90,90099,0,0,2,1,3,1,1,4,2,02,1,1,000,050,1,0,1,1,1,16,5,1,2,00,9,1,10,200500068918A01,1,2,1
200500068918,2005-10-11,2005,octobre,mardi,15:40,90,90099,0,0,2,1,3,1,1,4,2,02,1,1,000,050,1,0,1,4,1,64,5,1,2,00,2,8,2,200500068918B01,1,10,1
200500068930,2005-10-28,2005,octobre,vendredi,18:00,90,90010,0,0,2,1,2,1,1,4,2,02,1,1,000,040,1,0,1,4,2,7,5,1,9,00,2,4,2,200500068930B01,7,2,1
200500068944,2005-10-03,2005,octobre,lundi,80:5,91,91174,0,0,1,6,3,1,1,2,-1,02,3,3,000,072,1,5,5,3,2,51,1,1,9,00,2,1,1,200500068944B01,14,2,1
200500068957,2005-10-15,2005,octobre,samedi,91:5,91,91433,0,0,2,1,3,1,1,4,2,02,1,1,000,072,1,0,1,4,1,75,5,1,2,00,0,8,1,200500068957B01,9,17,1
200500068959,2005-10-20,2005,octobre,jeudi,44:1,91,91223,0,0,2,1,3,5,1,4,1,01,1,1,000,000,1,0,1,4,1,53,1,1,2,00,2,1,1,200500068959B01,7,17,1
200500068988,2005-10-20,2005,octobre,jeudi,10:40,91,91691,0,0,2,1,2,1,1,3,2,02,1,1,000,060,2,0,1,4,2,18,5,1,9,00,2,1,1,200500068988A01,7,16,1
200500068989,2005-10-23,2005,octobre,dimanche,16:55,91,91691,0,0,2,3,3,1,1,4,2,02,2,1,000,060,1,0,1,4,1,15,5,1,2,00,2,1,1,200500068989A01,7,1,1
200500068991,2005-10-25,2005,octobre,mardi,16:30,91,91421,0,0,2,1,7,1,1,3,2,02,1,1,000,070,1,0,1,4,1,42,5,1,9,00,1,1,0,200500068991A01,,,
200500069014,2005-10-30,2005,octobre,dimanche,93:0,91,91216,0,0,2,9,6,1,1,3,2,02,1,1,000,000,1,0,1,3,1,39,5,1,2,00,2,1,1,200500069014B01,10,15,1
200500069017,2005-10-06,2005,octobre,jeudi,65:0,92,92002,0,0,2,1,7,5,1,2,1,02,2,1,000,060,1,0,1,4,2,35,0,1,9,00,0,0,1,200500069017B01,7,12,1
200500069036,2005-10-18,2005,octobre,mardi,94:0,92,92004,0,0,2,2,3,1,1,3,2,02,-1,-1,000,100,1,0,1,4,2,50,1,1,2,01,0,1,17,200500069036B01,7,22,1
200500069038,2005-10-21,2005,octobre,vendredi,13:20,92,92004,0,0,2,1,6,1,1,3,2,02,1,1,000,080,1,0,1,4,2,18,0,1,9,00,2,3,21,200500069038B01,7,14,1
200500069044,2005-10-27,2005,octobre,jeudi,18:55,92,92004,0,0,2,1,6,1,1,4,2,02,1,1,000,060,1,0,1,4,2,29,1,1,9,01,0,2,21,200500069044B01,7,22,1
200500069052,2005-10-06,2005,octobre,jeudi,19:40,92,92012,0,0,2,1,6,2,1,3,2,02,1,1,000,180,1,0,1,4,1,30,0,1,9,00,2,1,2,200500069052B01,7,1,1
200500069075,2005-10-18,2005,octobre,mardi,15:10,92,92071,0,0,2,1,6,1,1,9,2,00,2,1,000,030,1,0,5,1,1,59,5,1,9,00,1,1,1,200500069075A01,,,
200500069075,2005-10-18,2005,octobre,mardi,15:10,92,92071,0,0,2,1,6,1,1,9,2,00,2,1,000,030,1,0,5,3,2,70,5,0,0,00,1,1,1,200500069075A01,,,
200500069084,2005-10-01,2005,octobre,samedi,18:50,92,92024,0,0,2,1,3,4,2,3,2,02,1,1,000,106,2,0,1,4,2,45,0,1,9,01,0,1,1,200500069084B01,7,22,1
200500069098,2005-10-20,2005,octobre,jeudi,84:5,92,92025,0,0,2,3,2,1,1,3,2,02,-1,-1,000,080,1,0,1,4,2,29,4,1,9,00,0,1,15,200500069098B01,10,1,1
200500069099,2005-10-21,2005,octobre,vendredi,18:20,92,92025,0,0,2,3,6,2,2,3,2,02,1,1,000,120,2,0,1,4,1,24,5,1,9,00,2,1,1,200500069099A01,7,15,1
200500069103,2005-10-14,2005,octobre,vendredi,82:5,92,92026,0,0,2,3,3,1,1,3,2,04,1,1,000,150,1,0,1,4,1,50,1,1,9,00,2,8,1,200500069103B01,10,16,1
200500069137,2005-10-06,2005,octobre,jeudi,17:55,92,92048,0,0,2,1,2,1,1,3,2,02,1,1,000,089,1,0,1,4,1,14,5,1,9,00,0,0,1,200500069137B01,2,17,1
200500069163,2005-10-07,2005,octobre,vendredi,15:15,92,92050,0,0,2,1,3,1,1,2,1,03,4,3,000,090,1,0,1,4,1,68,5,1,9,00,0,8,19,200500069163B01,4,1,1
200500069167,2005-10-12,2005,octobre,mercredi,18:30,92,92050,0,0,2,1,3,1,1,4,2,02,1,1,000,070,1,0,1,4,1,9,5,1,9,00,2,8,19,200500069167B01,7,16,1
200500069168,2005-10-14,2005,octobre,vendredi,21:35,92,92050,0,0,2,2,3,1,1,3,2,06,1,1,000,140,1,0,1,4,1,29,5,1,9,00,2,1,1,200500069168B01,7,1,1
200500069207,2005-10-07,2005,octobre,vendredi,16:25,92,92064,0,0,2,1,6,1,1,3,3,04,1,1,005,078,2,0,1,4,1,72,0,1,9,00,2,1,2,200500069207A01,4/ 7,1,2
200500069258,2005-10-15,2005,octobre,samedi,13:15,93,93005,0,0,2,2,3,1,1,4,1,01,1,1,000,000,1,0,1,3,1,10,5,1,9,00,2,8,1,200500069258B01,7,1,1
200500069259,2005-10-09,2005,octobre,dimanche,13:32,93,93005,0,0,2,1,3,1,1,4,2,00,1,1,000,050,1,0,1,3,1,65,5,0,0,00,2,1,1,200500069259B01,7,4,1
200500069261,2005-10-21,2005,octobre,vendredi,11:30,93,93005,0,0,2,2,6,1,1,4,1,01,-1,-1,000,000,1,0,1,3,1,47,5,0,0,00,2,7,1,200500069261A01,7,1,1
200500069281,2005-10-29,2005,octobre,samedi,21:20,93,93010,0,0,2,1,3,5,1,4,2,00,1,-1,000,000,1,0,1,4,1,19,4,1,9,00,0,8,1,200500069281B01,7,1,1
200500069320,2005-10-21,2005,octobre,vendredi,10:30,93,93032,0,0,2,3,3,1,2,4,2,02,1,1,100,070,2,0,1,3,2,73,0,1,9,00,2,7,0,200500069320B01,7,15,1
200500069374,2005-10-17,2005,octobre,lundi,17:45,93,93033,0,0,2,1,3,1,1,4,2,02,1,1,060,060,1,0,1,3,1,14,0,1,9,00,2,0,1,200500069374B01,7,1,1
200500069416,2005-10-14,2005,octobre,vendredi,17:40,93,93066,0,0,2,2,1,1,1,4,3,04,1,-1,000,100,1,5,1,3,1,28,0,1,9,00,0,1,19,200500069416A01,7,2,1
200500069423,2005-10-26,2005,octobre,mercredi,92:0,93,93066,0,0,2,1,3,1,8,4,2,04,1,1,040,040,2,0,1,3,1,31,5,1,2,00,2,4,15,200500069423B01,7,2,1
200500069453,2005-10-09,2005,octobre,dimanche,17:30,93,93078,0,0,2,1,1,1,7,2,2,02,1,1,027,060,1,5,1,3,1,15,5,1,9,00,0,1,0,200500069453A01,7,0,1
200500069538,2005-10-12,2005,octobre,mercredi,18:50,94,94073,0,0,2,1,6,1,1,4,-1,00,1,-1,000,000,1,0,1,1,1,14,0,1,2,00,1,3,5,200500069538A01,,,
200500069557,2005-10-28,2005,octobre,vendredi,18:10,94,94041,0,0,2,1,3,1,1,3,2,02,2,1,000,062,-1,2,1,4,1,48,9,1,4,00,2,3,1,200500069557A01,7,12,1
200500069563,2005-10-21,2005,octobre,vendredi,17:20,94,94046,0,0,2,3,3,1,6,2,2,04,1,1,000,121,1,0,1,3,2,51,1,1,9,00,2,1,19,200500069563B01,7,15,1
200500069567,2005-10-27,2005,octobre,jeudi,18:35,94,94046,0,0,2,1,3,2,1,2,2,04,1,1,000,166,1,0,1,4,1,12,5,1,9,00,2,0,19,200500069567B01,7,21,1
200500069577,2005-10-12,2005,octobre,mercredi,17:33,94,94068,0,0,2,1,6,1,1,3,2,02,1,1,000,055,1,0,1,4,1,55,5,1,2,00,2,1,17,200500069577A01,7,15,1
200500069618,2005-10-12,2005,octobre,mercredi,17:10,95,95018,0,0,2,1,6,1,1,4,2,04,1,1,000,060,1,0,5,1,1,24,5,1,9,00,1,1,1,200500069618A01,,,
200500069619,2005-10-13,2005,octobre,jeudi,14:45,95,95176,0,0,2,2,6,1,1,4,2,02,1,1,000,062,1,0,1,3,1,14,2,1,9,00,2,4,15,200500069619B01,2,17,1
200500069620,2005-10-13,2005,octobre,jeudi,17:45,95,95018,0,0,2,2,3,1,1,4,2,02,1,1,000,050,1,0,1,4,1,19,5,1,9,00,2,1,1,200500069620B01,7,1,1
200500069636,2005-10-24,2005,octobre,lundi,22:35,95,95018,0,0,2,6,2,3,1,3,3,04,1,1,023,140,1,5,0,4,2,26,1,1,9,00,2,1,18,200500069636B01,7,15,1
200500069637,2005-10-24,2005,octobre,lundi,18:30,95,95582,0,0,2,3,3,5,2,4,2,02,1,1,000,120,2,0,5,4,1,31,5,1,2,00,2,8,1,200500069637B01,7,15,1
200500069638,2005-10-25,2005,octobre,mardi,16:10,95,95018,0,0,2,1,6,1,1,4,1,02,4,1,000,030,1,1,1,4,1,11,5,1,2,06,0,1,1,200500069638A01,,,
200500069640,2005-10-26,2005,octobre,mercredi,16:00,95,95176,0,0,2,1,7,1,1,4,2,02,1,1,000,055,1,0,1,4,1,13,5,1,2,16,0,4,1,200500069640A01,,,
200500069652,2005-10-10,2005,octobre,lundi,81:5,95,95488,0,0,2,1,1,1,1,4,2,02,1,1,000,060,1,5,1,3,1,27,1,1,2,00,2,1,1,200500069652B01,7,15,1
200500069670,2005-10-30,2005,octobre,dimanche,11:50,95,95598,0,0,2,1,3,1,1,3,2,02,1,1,100,100,1,0,1,3,2,34,1,1,9,00,2,8,0,200500069670B01,7,2,1
200500069672,2005-10-07,2005,octobre,vendredi,17:40,95,95219,0,0,2,1,3,1,1,4,2,02,1,1,000,000,1,0,1,4,1,15,5,1,2,00,2,8,10,200500069672A01,7,17,1
200500069674,2005-10-12,2005,octobre,mercredi,12:25,95,95219,0,0,2,1,6,1,1,4,2,02,1,1,000,071,1,0,1,4,1,62,5,1,2,00,2,1,1,200500069674B01,7,15,1
200500069678,2005-10-27,2005,octobre,jeudi,12:40,95,95203,0,0,2,6,3,1,1,4,1,01,1,2,000,000,1,0,1,4,1,16,5,1,2,00,2,1,1,200500069678B01,7,1,1
200500069681,2005-10-01,2005,octobre,samedi,12:55,95,95306,0,0,2,3,3,1,1,3,2,03,1,1,000,110,1,5,1,4,1,54,5,1,9,00,2,1,1,200500069681B01,7,15,1
200500069689,2005-10-25,2005,octobre,mardi,16:10,95,95306,0,0,2,3,3,1,1,4,1,01,1,1,000,060,1,0,1,4,1,15,5,1,9,00,2,8,1,200500069689A01,7,1,1
200500069722,2005-10-28,2005,octobre,vendredi,19:43,2A,2A004,0,0,2,1,2,5,1,2,1,03,1,1,000,090,1,0,1,4,1,13,9,1,9,00,2,1,2,200500069722A01,7,20,1
200500070083,2005-10-07,2005,octobre,vendredi,15:50,69,69386,0,0,2,1,7,1,1,4,2,06,1,1,000,000,1,0,1,4,1,25,1,1,2,12,0,1,1,200500070083A01,,,
200500070091,2005-10-30,2005,octobre,dimanche,11:30,69,69386,0,0,2,2,3,1,1,4,1,03,1,1,000,000,1,0,1,3,2,34,5,1,9,00,2,4,1,200500070091B01,7,16,1
200500070094,2005-10-20,2005,octobre,jeudi,11:25,69,69383,0,0,2,1,6,1,1,4,2,03,1,1,000,000,1,0,1,4,2,21,5,1,9,00,2,7,1,200500070094A01,,,
200500070164,2005-10-04,2005,octobre,mardi,17:05,69,69388,0,0,2,6,3,1,1,4,1,01,-1,2,000,070,1,0,1,4,2,42,5,1,9,00,2,3,1,200500070164B01,7,9,1
200500070172,2005-10-23,2005,octobre,dimanche,25:,69,69388,0,0,2,1,3,5,1,4,3,04,1,1,080,150,1,0,1,4,2,21,5,1,9,00,2,1,19,200500070172A01,7,1,1
200500070306,2005-11-25,2005,novembre,vendredi,13:15,59,59330,50.478,3.305,2,1,2,1,1,4,2,00,-1,1,000,060,1,0,1,3,2,57,5,1,2,00,2,4,1,200500070306B02,7,1,1
200500070313,2005-11-24,2005,novembre,jeudi,18:00,62,62606,0,0,1,1,1,3,2,3,2,00,1,1,000,057,2,0,1,2,1,15,5,0,0,00,2,8,1,200500070313B02,7,17,1
200500070325,2005-11-13,2005,novembre,dimanche,10:45,62,62630,50.291,2.543,1,1,1,1,1,4,2,00,2,2,000,065,1,0,1,3,1,64,5,0,0,00,2,1,13,200500070325B02,7,1,1
200500070392,2005-11-22,2005,novembre,mardi,18:00,60,60286,0,0,2,6,1,5,1,9,-1,01,1,2,000,065,1,0,1,3,1,47,1,0,0,00,2,8,1,200500070392B02,7,1,1
200500070545,2005-11-12,2005,novembre,samedi,14:00,29,29061,0,0,1,1,2,1,1,3,2,02,1,1,000,060,1,0,1,2,2,81,5,0,0,00,0,4,15,200500070545B02,7,1,1
200500070561,2005-11-17,2005,novembre,jeudi,93:0,29,29184,0,0,1,1,5,1,1,3,2,02,1,1,000,066,1,0,1,3,2,63,5,1,2,00,2,8,1,200500070561B02,21,17,1
200500070561,2005-11-17,2005,novembre,jeudi,93:0,29,29184,0,0,1,1,5,1,1,3,2,02,1,1,000,066,1,0,1,4,2,54,5,1,2,00,2,1,1,200500070561C03,21,17,1
200500070564,2005-11-04,2005,novembre,vendredi,14:45,56,56121,47.776,-3.361,1,1,7,1,1,4,2,00,4,3,000,070,1,0,3,3,2,76,3,0,0,00,0,0,1,200500070564A01,,,
200500070648,2005-11-28,2005,novembre,lundi,80:0,44,44172,0,0,2,1,6,2,1,3,2,00,-1,1,000,070,1,5,4,3,2,13,2,0,0,00,2,7,19,200500070648A01,,,
200500070676,2005-11-10,2005,novembre,jeudi,18:30,44,44087,46.993,-1.848,1,1,2,2,1,3,2,02,1,1,000,063,1,0,1,3,2,54,5,0,0,00,2,8,1,200500070676B02,7,1,1
200500070717,2005-11-20,2005,novembre,dimanche,15:45,49,49198,0,0,1,1,1,1,1,3,2,02,1,2,000,049,1,0,1,3,2,47,5,0,0,00,2,1,1,200500070717B02,7,13,1
200500070782,2005-11-16,2005,novembre,mercredi,91:5,33,33051,44.642,-0.979,2,1,1,1,2,9,2,02,1,1,000,060,2,0,1,3,2,11,2,1,2,00,2,8,15,200500070782B02,7,2,1
200500070862,2005-11-05,2005,novembre,samedi,17:30,40,40184,0,0,1,1,2,1,7,3,2,02,1,1,000,061,1,0,1,4,1,58,5,0,0,00,0,4,1,200500070862A01,7,17,1
200500070920,2005-11-06,2005,novembre,dimanche,17:30,86,86223,0,0,1,1,5,1,1,3,2,02,1,1,000,000,1,0,1,4,2,39,5,0,0,00,0,4,1,200500070920A01,7,1,1
200500070920,2005-11-06,2005,novembre,dimanche,17:30,86,86223,0,0,1,1,5,1,1,3,2,02,1,1,000,000,1,0,1,3,1,39,5,0,0,00,0,4,1,200500070920C03,7,1,1
200500070935,2005-11-05,2005,novembre,samedi,12:30,16,16353,0,0,1,2,1,1,1,4,2,01,-1,-1,000,000,-1,0,0,2,2,72,5,0,0,00,2,1,1,200500070935B02,7,1,1
200500071029,2005-11-05,2005,novembre,samedi,15:10,31,31502,0,0,2,1,3,1,1,3,2,00,1,1,020,060,1,0,1,3,1,53,5,0,0,00,2,8,1,200500071029B02,8,17,1
200500071040,2005-11-07,2005,novembre,lundi,16:15,12,12254,0,0,1,1,3,1,1,3,2,02,1,1,000,061,1,0,1,3,1,69,5,1,2,00,0,8,2,200500071040B02,7,2,1
200500071049,2005-11-21,2005,novembre,lundi,16:15,12,12052,0,0,1,9,1,1,1,3,2,02,1,1,000,074,1,0,1,2,1,84,3,0,0,00,2,8,15,200500071049B02,7,17,1
200500071102,2005-11-03,2005,novembre,jeudi,14:30,82,82079,0,0,1,1,3,1,1,3,2,02,1,1,000,067,1,0,1,2,1,14,5,0,0,00,2,8,15,200500071102A01,7,13,1
200500071111,2005-11-21,2005,novembre,lundi,71:5,82,82125,43.96,1.231,2,3,1,2,1,3,2,00,2,1,000,060,1,0,1,3,1,42,9,0,0,00,0,0,0,200500071111B02,7,15,1
200500071117,2005-11-06,2005,novembre,dimanche,10:40,69,69283,0,0,2,1,1,1,7,4,2,01,1,1,000,120,1,5,1,3,1,55,5,0,0,00,0,1,1,200500071117B02,7,15,1
200500071206,2005-11-16,2005,novembre,mercredi,15:30,38,38538,0,0,2,1,3,1,8,3,2,02,1,1,000,109,1,0,1,3,2,11,5,0,0,00,2,1,13,200500071206B02,7,1,1
200500071206,2005-11-16,2005,novembre,mercredi,15:30,38,38538,0,0,2,1,3,1,8,3,2,02,1,1,000,109,1,0,1,1,2,11,0,0,0,00,2,1,13,200500071206B02,7,1,1
200500071245,2005-11-16,2005,novembre,mercredi,16:00,38,38363,45.34,5.06,2,1,1,1,1,3,2,00,1,1,000,000,1,5,1,3,1,57,5,0,0,00,2,1,0,200500071245B02,7,9,1
200500071338,2005-11-03,2005,novembre,jeudi,15:20,43,43119,0,0,1,1,2,1,7,3,2,00,1,1,000,090,1,0,5,3,1,36,5,1,2,01,0,1,1,200500071338A01,7,24,1
200500071354,2005-11-13,2005,novembre,dimanche,15:15,57,57620,49.199,6.004,2,1,7,1,1,3,2,02,2,1,000,070,1,0,1,3,1,51,5,0,0,00,0,0,1,200500071354A01,,,
200500071367,2005-11-08,2005,novembre,mardi,16:15,57,57628,0,0,2,1,3,1,7,3,2,00,1,1,000,062,1,0,1,3,1,57,5,1,2,00,2,1,1,200500071367B02,10,15,1
200500071387,2005-11-04,2005,novembre,vendredi,15:30,54,54584,0,0,1,1,6,1,3,3,2,02,1,1,000,064,2,0,1,3,1,62,5,0,0,01,0,1,1,200500071387A01,,,
200500071391,2005-11-16,2005,novembre,mercredi,12:40,55,55427,0,0,2,1,6,1,1,3,-1,00,-1,-1,000,000,1,0,1,3,1,17,9,1,2,01,0,6,17,200500071391A01,,,
200500071411,2005-11-02,2005,novembre,mercredi,94:5,88,88349,0,0,2,1,3,1,8,2,2,02,1,1,000,066,2,0,1,2,2,74,3,0,0,00,2,8,1,200500071411B02,7,17,1
200500071438,2005-11-26,2005,novembre,samedi,15:00,67,67065,48.585,7.611,1,1,1,1,1,3,2,00,1,1,000,062,1,0,1,3,1,47,5,0,0,00,0,6,1,200500071438B02,7,2,1
200500071449,2005-11-17,2005,novembre,jeudi,18:30,68,68145,0,0,2,1,6,5,1,2,2,02,-1,-1,000,000,1,0,1,3,2,17,1,0,0,00,0,4,2,200500071449A01,,,
200500071512,2005-11-04,2005,novembre,vendredi,19:30,08,08122,0,0,1,1,2,3,1,2,2,00,1,1,000,080,1,0,1,2,1,22,5,0,0,00,0,4,2,200500071512B02,7,2,1
200500071518,2005-11-10,2005,novembre,jeudi,18:30,08,08403,49.509,4.361,2,1,3,5,1,4,-1,02,1,1,027,097,1,0,1,3,1,57,0,0,0,00,0,7,0,200500071518B02,7,2,1
200500071620,2005-11-13,2005,novembre,dimanche,19:45,89,89025,47.495,3.902,2,1,3,5,1,9,2,00,-1,-1,000,000,1,0,0,3,1,78,5,0,0,00,2,8,9,200500071620B02,7,15,1
200500071637,2005-11-03,2005,novembre,jeudi,63:0,25,25112,47.269,6.061,1,1,6,2,1,2,3,00,-1,1,000,120,1,0,1,3,1,50,1,1,4,00,2,8,1,200500071637B02,,,
200500071713,2005-11-19,2005,novembre,samedi,90:0,04,04242,43.88,5.844,2,1,1,1,1,4,2,02,1,1,000,080,1,0,1,3,1,13,5,1,2,00,2,8,19,200500071713B02,7,21,1
200500071719,2005-11-23,2005,novembre,mercredi,1:,05,05029,0,0,1,1,2,3,1,3,2,02,1,1,000,064,1,0,1,3,1,17,2,1,4,00,2,6,2,200500071719A01,10,2,1
200500071814,2005-11-27,2005,novembre,dimanche,11:30,34,34213,0,0,2,1,3,1,1,4,2,00,1,1,000,070,1,0,1,4,1,59,5,1,2,00,2,8,2,200500071814B02,7,17,1
200500071826,2005-11-03,2005,novembre,jeudi,19:45,11,11266,0,0,2,1,2,3,1,4,2,00,-1,1,000,000,1,0,1,4,1,20,5,0,0,00,2,4,2,200500071826B02,7,1,1
200500071862,2005-11-11,2005,novembre,vendredi,15:15,66,66141,0,0,2,1,6,1,1,4,2,00,2,3,000,000,1,0,1,1,1,35,5,0,0,00,1,0,1,200500071862A01,,,
200500071886,2005-11-14,2005,novembre,lundi,17:30,78,78391,0,0,2,1,3,3,1,3,2,02,1,1,000,046,1,0,1,3,1,27,5,1,2,00,2,8,0,200500071886B02,7,1,1
200500071889,2005-11-06,2005,novembre,dimanche,43:0,78,78030,0,0,1,1,3,3,1,3,3,00,1,1,000,061,1,0,1,3,1,48,1,1,2,00,2,8,1,200500071889A01,7,1,1
200500071907,2005-11-06,2005,novembre,dimanche,11:00,91,91363,48.649,2.196,2,1,5,1,1,3,1,01,2,3,000,065,1,0,1,3,1,43,5,1,9,00,2,1,16,200500071907B02,7,5,1
200500071907,2005-11-06,2005,novembre,dimanche,11:00,91,91363,48.649,2.196,2,1,5,1,1,3,1,01,2,3,000,065,1,0,1,3,1,45,5,1,9,00,2,1,16,200500071907C03,7,5,1
200500071923,2005-11-15,2005,novembre,mardi,17:45,77,77470,48.735,2.766,1,1,2,3,3,3,2,02,1,1,000,066,2,0,1,3,1,35,5,0,0,00,0,4,2,200500071923B02,7,2,1
200500071994,2005-11-11,2005,novembre,vendredi,15:45,36,36046,0,0,2,1,6,1,1,3,2,02,1,1,000,056,1,0,1,3,1,65,5,0,0,00,5,1,1,200500071994A01,,,
200500071997,2005-11-09,2005,novembre,mercredi,13:20,36,36088,0,0,2,1,3,1,1,9,2,02,1,1,000,080,2,0,1,3,2,89,3,0,0,00,0,8,19,200500071997B02,7,1,1
200500072017,2005-11-12,2005,novembre,samedi,91:5,37,37159,0,0,2,1,2,1,8,4,2,02,2,1,000,051,1,0,1,3,1,13,5,0,0,00,0,4,15,200500072017A01,7,0,1
200500072029,2005-11-17,2005,novembre,jeudi,93:0,29,29233,0,0,1,6,1,1,7,3,-1,02,1,-1,000,000,1,5,1,3,1,68,5,1,2,00,2,1,19,200500072029B02,7,9,1
200500072030,2005-11-09,2005,novembre,mercredi,11:15,29,29004,47.912,-3.707,1,1,5,1,1,3,2,02,1,1,000,065,1,0,1,3,1,69,5,1,2,00,2,1,13,200500072030B02,15,1,1
200500072030,2005-11-09,2005,novembre,mercredi,11:15,29,29004,47.912,-3.707,1,1,5,1,1,3,2,02,1,1,000,065,1,0,1,3,1,71,5,1,2,00,2,1,13,200500072030C03,15,1,1
200500072064,2005-11-22,2005,novembre,mardi,64:5,60,60631,0,0,2,1,3,5,5,4,1,00,1,1,000,050,1,0,1,3,1,50,1,0,0,00,0,1,0,200500072064B02,7,0,1
200500072084,2005-11-03,2005,novembre,jeudi,15:45,21,21408,47.412,5.016,2,1,6,1,1,3,2,02,3,1,000,000,1,0,1,3,1,54,0,0,0,00,1,1,1,200500072084A01,,,
200500072084,2005-11-03,2005,novembre,jeudi,15:45,21,21408,47.412,5.016,2,1,6,1,1,3,2,02,3,1,000,000,1,0,1,3,1,86,5,0,0,00,1,1,1,200500072084A01,,,
200500072213,2005-11-10,2005,novembre,jeudi,19:00,13,13051,0,0,1,1,6,3,1,3,2,00,1,2,000,075,1,0,1,3,2,17,1,0,0,00,2,4,2,200500072213A01,,,
200500072263,2005-11-27,2005,novembre,dimanche,90:0,72,72065,48.05,0.164,2,6,2,2,9,9,1,01,1,2,000,080,7,5,1,3,2,83,5,0,0,00,2,4,1,200500072263B02,7,2,1
200500072279,2005-11-19,2005,novembre,samedi,14:15,25,25186,0,0,2,1,1,1,1,3,2,00,4,3,000,080,1,0,1,3,1,44,5,0,0,00,2,1,1,200500072279B02,7,15,1
200500072290,2005-11-29,2005,novembre,mardi,19:45,44,44009,47.191,-1.468,1,1,2,5,1,3,-1,02,1,1,000,058,2,0,1,3,2,16,5,1,2,00,9,4,1,200500072290B02,4,1,1
200500072306,2005-11-23,2005,novembre,mercredi,18:35,01,01053,0,0,2,3,3,3,1,4,2,00,1,1,000,080,1,0,1,4,1,21,1,1,9,00,2,1,1,200500072306B01,7,15,1
200500072328,2005-11-17,2005,novembre,jeudi,10:20,03,03098,0,0,2,1,3,1,1,2,2,02,2,1,000,075,1,0,1,3,1,43,5,1,9,14,0,1,17,200500072328A01,10,23,1
200500072376,2005-11-22,2005,novembre,mardi,18:45,06,06027,0,0,2,1,2,2,1,4,2,02,1,3,000,000,1,0,1,3,1,35,5,0,0,00,2,4,2,200500072376B01,2,2,1
200500072381,2005-11-02,2005,novembre,mercredi,73:0,06,06029,0,0,2,1,3,1,1,2,3,02,1,1,011,068,1,0,1,4,1,45,0,1,2,00,2,1,1,200500072381B01,7,9,1
200500072382,2005-11-02,2005,novembre,mercredi,75:7,06,06030,0,0,2,3,3,1,1,4,2,02,4,1,000,072,1,0,1,4,1,35,1,1,9,00,2,1,1,200500072382B01,7,15,1
200500072397,2005-11-11,2005,novembre,vendredi,11:00,06,06029,0,0,2,1,2,1,1,2,3,05,1,1,000,130,1,0,1,4,1,13,5,1,9,00,0,4,2,200500072397B01,7,1,1
200500072402,2005-11-11,2005,novembre,vendredi,13:44,06,06029,0,0,2,1,3,1,1,2,2,02,1,1,000,080,-1,0,1,4,1,40,1,1,9,00,2,1,1,200500072402B01,2,15,1
200500072405,2005-11-16,2005,novembre,mercredi,93:8,06,06029,0,0,2,1,3,1,1,4,3,02,1,1,000,100,1,0,1,4,1,17,0,1,9,00,2,7,0,200500072405B01,18,1,1
200500072452,2005-11-02,2005,novembre,mercredi,14:50,06,06088,0,0,2,3,3,1,1,4,1,03,1,1,000,090,1,0,1,4,1,13,9,1,9,00,2,1,1,200500072452A01,7,1,1
200500072488,2005-11-09,2005,novembre,mercredi,14:20,06,06088,0,0,2,1,6,1,1,4,2,02,2,2,000,000,1,0,1,4,1,15,9,1,2,01,0,2,14,200500072488A01,,,
200500072488,2005-11-09,2005,novembre,mercredi,14:20,06,06088,0,0,2,1,6,1,1,4,2,02,2,2,000,000,1,0,1,4,1,16,0,1,2,01,0,2,14,200500072488A01,,,