Num_Acc,date,an,mois,jour,hrmn,dep,com,lat,long,agg,int,col,lum,atm,catr,circ,nbv,prof,plan,lartpc,larrout,surf,infra,situ,grav,sexe,age,trajet,secuexist,equipement,obs,obsm,choc,manv,vehiculeid,typevehicules,manoeuvehicules,numVehicules
200500072518,2005-11-16,2005,novembre,mercredi,13:35,06,06088,0,0,2,1,3,1,1,2,3,06,1,1,000,000,1,0,1,4,1,22,5,1,9,00,2,1,1,200500072518B01,7,22,1
200500072534,2005-11-20,2005,novembre,dimanche,13:35,06,06088,0,0,2,1,3,1,1,4,3,03,1,1,015,097,1,0,1,4,1,27,5,1,2,00,2,1,1,200500072534B01,7,15,1
200500072549,2005-11-22,2005,novembre,mardi,12:10,06,06088,0,0,2,1,6,1,1,4,1,02,1,1,000,100,1,0,1,1,1,38,9,1,9,00,1,1,1,200500072549A01,,,
200500072580,2005-11-28,2005,novembre,lundi,16:30,06,06088,0,0,2,1,7,2,1,4,2,04,1,1,000,100,1,0,1,4,2,48,1,1,9,00,2,0,1,200500072580B01,7,17,1
200500072583,2005-11-29,2005,novembre,mardi,93:0,06,06088,0,0,2,1,6,1,1,4,2,02,1,3,000,120,1,0,1,4,1,48,0,1,9,14,0,1,1,200500072583B01,7,23,1
200500072585,2005-11-29,2005,novembre,mardi,15:30,06,06088,0,0,2,1,2,1,1,4,1,02,1,1,000,000,1,0,1,4,1,19,0,1,2,00,2,0,1,200500072585B01,2,16,1
200500072716,2005-11-09,2005,novembre,mercredi,73:0,13,13055,0,0,2,2,3,1,1,4,1,01,1,1,000,050,1,0,1,4,1,22,0,1,9,00,2,1,5,200500072716B01,7,1,1
200500072745,2005-11-03,2005,novembre,jeudi,10:00,13,13055,0,0,2,1,6,1,1,4,2,06,1,1,000,000,1,0,1,1,1,30,0,1,9,00,1,1,1,200500072745A01,,,
200500072782,2005-11-21,2005,novembre,lundi,19:20,13,13055,0,0,2,3,1,5,1,2,2,02,1,1,000,000,1,0,0,4,2,55,5,0,0,00,2,8,0,200500072782B01,7,0,1
200500072784,2005-11-16,2005,novembre,mercredi,18:15,13,13055,0,0,2,1,3,5,1,4,2,03,1,1,000,000,1,0,1,4,1,30,5,1,9,00,2,1,1,200500072784B01,7,1,1
200500072787,2005-11-22,2005,novembre,mardi,14:30,13,13055,0,0,2,2,6,1,1,4,2,02,1,-1,000,000,1,0,1,3,1,40,1,1,2,00,1,0,1,200500072787A01,,,
200500072807,2005-11-11,2005,novembre,vendredi,10:45,13,13055,0,0,2,1,3,1,1,9,-1,00,1,1,000,000,1,0,1,4,1,6,5,1,4,14,0,1,1,200500072807A01,7,23,1
200500072827,2005-11-24,2005,novembre,jeudi,84:0,13,13055,0,0,2,3,3,1,8,3,2,04,1,1,000,092,1,0,1,4,1,35,0,1,9,00,2,1,1,200500072827B01,7,16,1
200500072912,2005-11-22,2005,novembre,mardi,74:0,15,15014,0,0,2,6,6,2,1,4,2,02,1,2,000,100,1,5,1,3,1,21,1,1,2,00,2,1,9,200500072912A01,7,2,1
200500072913,2005-11-03,2005,novembre,jeudi,16:05,16,16291,0,0,2,1,2,1,1,4,2,02,1,1,000,062,1,0,1,3,1,44,5,1,9,00,2,4,2,200500072913B01,7,2,1
200500072924,2005-11-26,2005,novembre,samedi,15:15,17,17299,0,0,2,1,3,1,1,4,2,02,1,1,000,140,1,0,1,3,1,19,5,1,9,00,2,8,10,200500072924A01,2,2,1
200500072929,2005-11-09,2005,novembre,mercredi,74:5,17,17300,0,0,2,1,7,5,1,4,2,02,1,1,000,060,1,0,1,4,1,42,1,1,9,00,0,0,13,200500072929B01,7,24,1
200500072935,2005-11-17,2005,novembre,jeudi,13:50,17,17300,0,0,2,2,3,1,1,4,1,01,1,1,000,030,1,0,1,4,1,15,5,1,9,00,2,7,1,200500072935B01,7,1,1
200500072948,2005-11-25,2005,novembre,vendredi,13:16,17,17300,0,0,2,1,3,1,1,4,2,02,1,1,000,060,1,0,1,4,1,58,5,1,9,00,0,1,1,200500072948B01,7,15,1
200500072950,2005-11-18,2005,novembre,vendredi,92:5,17,17300,0,0,2,2,3,1,2,4,2,02,1,1,000,060,2,0,1,4,2,39,9,1,9,00,2,1,1,200500072950B01,7,1,1
200500072993,2005-11-15,2005,novembre,mardi,13:45,19,19031,0,0,2,1,3,1,1,4,2,02,2,4,000,076,1,0,1,4,1,54,1,1,2,00,2,1,1,200500072993B01,7,15,1
200500072996,2005-11-17,2005,novembre,jeudi,83:0,19,19031,0,0,2,1,6,1,1,4,2,02,1,1,000,000,1,0,1,4,1,25,0,1,2,00,2,1,13,200500072996A01,7,17,1
200500073002,2005-11-22,2005,novembre,mardi,15:55,19,19031,0,0,2,3,3,1,1,4,2,03,1,1,000,105,1,0,1,3,1,74,5,1,2,00,2,1,1,200500073002B01,7,15,1
200500073005,2005-11-27,2005,novembre,dimanche,20:20,19,19031,0,0,2,1,3,5,1,4,2,03,1,1,000,000,1,0,1,3,2,15,0,1,2,00,2,1,0,200500073005A01,5,1,1
200500073024,2005-11-13,2005,novembre,dimanche,11:45,21,21231,0,0,2,1,6,1,1,2,2,02,1,1,000,080,1,0,1,4,2,45,5,1,4,00,2,0,1,200500073024B01,7,24,1
200500073041,2005-11-22,2005,novembre,mardi,17:40,21,21231,0,0,2,2,3,5,1,4,2,03,1,1,000,098,1,5,1,3,1,20,2,1,2,00,2,2,1,200500073041A01,7,1,1
200500073056,2005-11-21,2005,novembre,lundi,15:50,22,22278,0,0,2,1,2,1,1,3,2,04,1,1,020,060,1,0,1,3,1,69,0,1,2,00,1,4,11,200500073056B01,10,1,1
200500073079,2005-11-29,2005,novembre,mardi,91:1,24,24322,0,0,2,1,6,1,1,2,2,02,1,1,000,085,2,0,1,4,1,77,5,1,2,00,2,8,15,200500073079A01,7,1,1
200500073091,2005-11-22,2005,novembre,mardi,13:45,25,25056,0,0,2,6,3,1,1,4,3,02,1,1,000,000,1,0,1,4,2,55,0,1,4,00,0,2,16,200500073091B01,7,1,1
200500073108,2005-11-04,2005,novembre,vendredi,74:3,26,26281,0,0,2,3,6,1,8,4,2,02,2,2,000,000,1,0,1,4,1,12,2,0,0,00,2,1,1,200500073108B01,14,15,1
200500073149,2005-11-10,2005,novembre,jeudi,16:45,27,27681,0,0,2,9,3,1,1,4,-1,02,1,1,000,065,1,0,5,4,2,45,0,1,9,01,0,3,21,200500073149B01,7,22,1
200500073151,2005-11-24,2005,novembre,jeudi,10:50,27,27681,0,0,2,1,3,1,1,4,2,02,1,1,000,065,1,0,3,4,2,51,4,1,9,01,0,1,1,200500073151B01,7,20,1
200500073153,2005-11-24,2005,novembre,jeudi,18:00,27,27681,0,0,2,1,2,5,2,4,2,02,1,1,000,063,2,0,1,4,1,14,2,1,9,00,2,4,1,200500073153B01,7,15,1
200500073166,2005-11-07,2005,novembre,lundi,15:35,28,28134,0,0,2,3,3,1,1,4,2,02,1,1,000,000,1,0,1,4,1,69,5,1,9,00,2,1,0,200500073166B01,7,0,1
200500073183,2005-11-05,2005,novembre,samedi,18:00,29,29019,0,0,2,2,6,2,1,9,2,02,1,1,000,000,1,0,1,4,1,7,0,1,9,00,2,1,9,200500073183B01,7,1,1
200500073241,2005-11-07,2005,novembre,lundi,94:5,30,30189,0,0,2,9,3,1,1,4,2,02,1,2,000,000,1,0,1,3,1,14,5,1,2,00,2,1,19,200500073241A01,7,1,1
200500073259,2005-11-21,2005,novembre,lundi,82:8,30,30189,0,0,1,6,3,1,1,2,4,02,1,2,000,080,1,0,1,4,2,31,0,1,2,00,2,0,0,200500073259B01,7,0,1
200500073270,2005-11-03,2005,novembre,jeudi,15:50,31,31069,0,0,2,1,1,1,1,4,1,01,2,1,005,057,9,6,1,3,1,61,5,1,9,00,0,1,1,200500073270B01,2,1,1
200500073279,2005-11-03,2005,novembre,jeudi,15:00,31,31483,0,0,2,1,3,1,3,4,1,02,1,1,000,070,1,0,1,3,2,78,5,1,9,01,0,7,2,200500073279B01,7,2,1
200500073359,2005-11-24,2005,novembre,jeudi,18:30,31,31555,0,0,2,1,6,2,1,4,1,02,1,1,000,060,1,0,1,4,1,17,2,1,2,01,0,0,1,200500073359A01,,,
200500073383,2005-11-30,2005,novembre,mercredi,13:05,31,31555,0,0,2,3,3,1,1,4,2,03,1,1,000,090,1,0,1,4,1,31,1,1,2,00,2,1,1,200500073383B01,10,15,1
200500073406,2005-11-05,2005,novembre,samedi,15:,33,33063,0,0,2,2,3,5,1,4,1,01,1,1,000,062,1,0,1,4,1,19,0,1,2,00,2,8,1,200500073406A01,7,1,1
200500073432,2005-11-12,2005,novembre,samedi,16:40,33,33063,0,0,2,1,3,1,2,4,2,02,1,1,000,105,2,0,1,4,2,24,0,1,9,00,2,1,9,200500073432A01,7,0,1
200500073434,2005-11-05,2005,novembre,samedi,16:40,33,33192,0,0,2,1,1,1,1,3,2,02,1,1,000,060,1,0,1,3,1,9,5,1,2,00,2,1,2,200500073434A01,7,21,1
200500073444,2005-11-17,2005,novembre,jeudi,91:5,33,33063,0,0,2,2,3,1,1,4,2,02,1,1,000,000,1,0,1,2,2,29,0,1,2,00,2,0,1,200500073444B01,17,16,1
200500073445,2005-11-09,2005,novembre,mercredi,15:15,33,33039,0,0,2,6,3,1,1,3,2,02,1,2,000,082,2,5,1,4,2,68,0,1,2,00,2,6,9,200500073445B01,7,2,1
200500073455,2005-11-15,2005,novembre,mardi,80:0,33,33075,0,0,2,2,3,1,1,4,2,02,1,1,000,067,1,0,1,4,1,18,2,1,2,00,2,1,1,200500073455B01,7,1,1
200500073472,2005-11-14,2005,novembre,lundi,90:0,33,33167,0,0,2,6,3,1,1,4,1,01,1,3,000,000,1,0,1,3,1,73,0,1,2,00,2,0,1,200500073472B01,7,16,1
200500073484,2005-11-22,2005,novembre,mardi,16:10,33,33318,0,0,2,2,3,1,1,4,2,02,1,1,000,056,1,0,1,4,1,13,0,1,2,00,2,2,19,200500073484B01,7,1,1
200500073524,2005-11-07,2005,novembre,lundi,14:00,34,34336,0,0,2,3,3,1,1,4,2,04,1,1,000,000,1,0,1,4,2,43,0,1,9,00,2,5,2,200500073524B01,14,2,1
200500073559,2005-11-11,2005,novembre,vendredi,41:5,34,34172,0,0,2,1,2,5,1,4,2,04,3,1,000,114,1,0,1,3,1,21,5,0,0,00,2,1,1,200500073559A01,7,23,1
200500073585,2005-11-28,2005,novembre,lundi,17:30,34,34172,0,0,2,1,1,5,1,4,4,03,2,1,000,097,1,0,1,4,1,25,2,1,9,00,2,1,8,200500073585A01,4,0,1
200500073587,2005-11-29,2005,novembre,mardi,75:0,34,34172,0,0,2,1,3,1,8,4,2,02,1,1,000,120,2,0,1,4,1,21,2,1,9,00,2,7,17,200500073587B01,7,9,1
200500073595,2005-11-03,2005,novembre,jeudi,14:35,35,35238,0,0,2,1,2,1,1,4,1,01,1,1,000,030,1,0,1,4,1,15,0,1,2,00,2,1,2,200500073595A01,7,23,1
200500073603,2005-11-08,2005,novembre,mardi,18:00,35,35238,0,0,2,1,6,2,1,4,2,02,1,1,000,000,1,0,1,3,1,64,5,1,9,00,2,1,1,200500073603B01,7,22,1
200500073606,2005-11-09,2005,novembre,mercredi,92:5,35,35055,0,0,2,1,2,1,1,4,2,02,1,-1,000,060,2,0,1,1,1,64,5,1,2,00,2,4,0,200500073606B01,2,2,1
200500073612,2005-11-14,2005,novembre,lundi,17:50,35,35238,0,0,2,1,3,5,1,4,2,02,1,1,000,060,1,0,1,4,2,9,0,1,2,00,2,0,0,200500073612A01,10,16,1
200500073621,2005-11-17,2005,novembre,jeudi,20:40,35,35238,0,0,1,1,3,3,1,3,1,01,2,3,000,065,1,3,1,2,1,53,1,1,9,00,2,8,0,200500073621B01,7,1,1
200500073626,2005-11-21,2005,novembre,lundi,74:5,35,35238,0,0,2,2,3,2,1,4,2,03,1,-1,000,090,1,0,1,4,2,51,1,1,9,00,2,3,1,200500073626B01,10,15,1
200500073627,2005-11-21,2005,novembre,lundi,85:0,35,35238,0,0,2,4,3,1,1,4,1,03,2,-1,000,090,1,0,1,4,1,25,0,1,2,00,2,0,1,200500073627B01,7,16,1
200500073641,2005-11-29,2005,novembre,mardi,12:15,35,35238,0,0,2,1,3,1,1,4,2,02,3,1,000,000,2,0,1,4,1,55,1,1,9,00,2,0,1,200500073641B01,7,15,1
200500073664,2005-11-24,2005,novembre,jeudi,12:05,36,36044,0,0,2,1,3,1,1,4,2,04,1,1,000,086,1,0,4,4,1,27,1,1,9,00,2,3,1,200500073664B01,7,16,1
200500073666,2005-11-30,2005,novembre,mercredi,15:56,36,36159,0,0,2,1,7,1,1,4,2,02,1,1,000,080,1,0,1,4,1,16,4,1,4,00,0,0,1,200500073666A01,,,
200500073667,2005-11-08,2005,novembre,mardi,75:5,37,37122,0,0,2,2,3,1,1,9,2,02,1,1,000,056,1,0,1,3,1,14,2,1,9,00,2,1,1,200500073667B01,7,15,1
200500073668,2005-11-18,2005,novembre,vendredi,74:5,37,37122,0,0,2,6,3,5,1,9,2,00,1,2,000,100,1,0,1,3,2,14,2,1,2,00,2,7,1,200500073668B01,7,9,1
200500073680,2005-11-21,2005,novembre,lundi,12:15,37,37261,0,0,2,9,3,1,1,4,1,02,1,1,210,060,1,5,1,3,1,24,5,1,2,00,2,1,1,200500073680A01,7,1,1
200500073693,2005-11-07,2005,novembre,lundi,15:30,38,38516,0,0,2,1,3,1,1,4,2,02,1,1,000,071,1,0,1,4,1,72,5,1,4,00,0,1,0,200500073693B01,20,24,1
200500073706,2005-11-17,2005,novembre,jeudi,82:0,38,38185,0,0,2,1,3,1,1,4,2,02,2,1,000,070,1,2,4,3,1,20,0,1,2,06,0,1,21,200500073706A01,7,16,1
200500073707,2005-11-17,2005,novembre,jeudi,12:15,38,38185,0,0,2,1,3,1,1,4,2,02,1,1,000,060,1,0,5,4,1,24,0,1,2,00,2,2,1,200500073707B01,7,16,1
200500073716,2005-11-21,2005,novembre,lundi,11:45,38,38421,0,0,2,3,3,1,1,4,2,02,1,1,000,000,1,0,5,4,2,46,1,1,2,00,2,2,1,200500073716B01,7,16,1
200500073722,2005-11-30,2005,novembre,mercredi,17:47,38,38185,0,0,2,1,6,5,1,4,2,03,1,1,000,103,1,0,1,1,1,25,1,1,2,00,1,1,1,200500073722A01,,,
200500073735,2005-11-16,2005,novembre,mercredi,72:6,41,41018,0,0,2,3,1,5,2,4,1,02,4,1,000,000,2,5,1,4,1,23,9,1,4,00,2,1,21,200500073735A01,7,15,1
200500073736,2005-11-18,2005,novembre,vendredi,16:00,41,41018,0,0,2,1,3,1,1,4,2,00,1,1,000,000,1,0,4,4,1,25,0,1,9,00,2,1,1,200500073736B01,7,1,1
200500073748,2005-11-28,2005,novembre,lundi,17:48,41,41269,0,0,2,2,3,5,2,4,2,00,1,1,000,078,2,5,1,4,1,46,1,1,9,00,0,1,1,200500073748B01,7,15,1
200500073760,2005-11-04,2005,novembre,vendredi,19:30,42,42187,0,0,2,1,6,5,2,9,2,02,1,1,000,080,2,0,1,4,1,47,9,1,9,00,2,4,9,200500073760B01,7,1,1
200500073763,2005-11-07,2005,novembre,lundi,75:0,42,42187,0,0,2,3,3,1,1,9,2,02,1,1,000,080,1,0,1,3,1,16,5,1,9,00,2,8,15,200500073763B01,2,1,1
200500073774,2005-11-23,2005,novembre,mercredi,17:27,42,42187,0,0,2,1,3,5,1,3,2,02,2,1,000,100,1,0,1,4,1,47,5,1,9,01,0,2,1,200500073774B01,7,22,1
200500073775,2005-11-23,2005,novembre,mercredi,13:45,42,42187,0,0,2,3,3,1,1,9,2,02,1,1,000,068,1,0,1,4,1,25,1,1,9,00,2,1,1,200500073775B01,7,15,1
200500073789,2005-11-02,2005,novembre,mercredi,60:5,42,42218,0,0,2,6,3,5,1,2,1,02,1,1,000,060,1,0,1,3,1,67,4,1,2,00,0,5,1,200500073789B01,7,9,1
200500073824,2005-11-05,2005,novembre,samedi,15:30,44,44055,0,0,2,1,6,1,1,4,2,02,1,1,000,000,1,0,1,4,1,19,5,1,9,01,0,1,1,200500073824B01,7,24,1
200500073825,2005-11-17,2005,novembre,jeudi,13:40,44,44055,0,0,2,2,3,1,1,4,2,02,1,-1,000,036,1,0,1,2,1,82,5,1,9,00,2,3,1,200500073825B01,7,1,1
200500073831,2005-11-05,2005,novembre,samedi,15:10,44,44109,0,0,2,1,3,1,8,4,1,00,1,1,000,000,1,0,1,4,1,22,0,1,4,00,2,1,1,200500073831B01,7,16,1
200500073849,2005-11-14,2005,novembre,lundi,95:5,44,44109,0,0,2,1,6,1,1,4,2,02,1,1,000,000,1,0,1,3,1,38,0,1,9,01,0,1,1,200500073849B01,7,0,1
200500073850,2005-11-15,2005,novembre,mardi,81:5,44,44109,0,0,2,3,5,1,1,4,2,03,2,1,000,033,1,0,0,3,1,37,0,1,2,00,2,1,1,200500073850B01,7,16/1,2
200500073858,2005-11-19,2005,novembre,samedi,85:0,44,44143,0,0,2,1,1,1,1,4,2,02,1,1,000,055,1,0,1,4,2,26,9,1,9,00,2,1,1,200500073858B01,7,17,1
200500073867,2005-11-25,2005,novembre,vendredi,18:50,44,44109,0,0,2,2,6,5,1,4,1,02,1,1,000,730,1,0,1,4,1,14,5,1,2,00,2,1,1,200500073867A01,7,1,1
200500073895,2005-11-29,2005,novembre,mardi,31:0,45,45234,0,0,2,1,3,5,2,9,2,04,1,1,000,140,2,0,1,4,1,55,1,1,4,00,2,4,0,200500073895B01,2,0,1
200500073897,2005-11-01,2005,novembre,mardi,15:10,45,45234,0,0,2,3,3,1,1,4,2,04,1,1,000,116,1,0,5,4,2,27,9,1,9,00,2,0,1,200500073897B01,7,15,1
200500073909,2005-11-16,2005,novembre,mercredi,11:03,45,45234,0,0,2,1,1,1,1,4,2,02,1,1,000,069,1,0,1,4,1,47,1,1,9,00,2,1,1,200500073909B01,7,15,1
200500073918,2005-11-28,2005,novembre,lundi,80:5,45,45232,0,0,2,1,3,2,2,4,-1,02,1,1,000,050,2,0,0,3,2,12,2,1,9,00,2,1,0,200500073918A01,7,0,1
200500073931,2005-11-18,2005,novembre,vendredi,11:04,47,47001,0,0,2,3,3,1,1,3,2,02,1,1,000,080,1,0,1,4,2,56,0,1,2,00,2,2,1,200500073931B01,7,16,1
200500073954,2005-11-03,2005,novembre,jeudi,85:2,49,49007,0,0,2,2,3,1,1,4,2,02,1,1,000,064,1,0,1,4,1,11,2,1,9,00,2,8,1,200500073954B01,7,1,1
200500073961,2005-11-09,2005,novembre,mercredi,17:14,49,49015,0,0,2,1,2,5,1,4,2,01,1,1,000,070,1,0,1,4,1,31,5,1,9,00,2,4,1,200500073961B01,7,1,1
200500073963,2005-11-10,2005,novembre,jeudi,17:50,49,49007,0,0,2,3,3,1,1,4,2,00,1,1,000,092,1,0,1,4,1,44,0,1,9,00,2,1,1,200500073963B01,7,15,1
200500073967,2005-11-14,2005,novembre,lundi,12:09,49,49007,0,0,2,1,7,1,1,4,1,01,1,1,000,050,1,0,4,4,2,30,0,1,9,00,0,0,1,200500073967A01,,,
200500073985,2005-11-25,2005,novembre,vendredi,85:2,49,49007,0,0,2,1,3,1,1,4,2,02,1,1,000,098,2,0,1,4,2,22,4,1,9,01,0,1,1,200500073985B01,7,22,1
200500073991,2005-11-28,2005,novembre,lundi,80:0,49,49007,0,0,2,1,2,2,1,4,1,02,1,-1,000,070,1,0,1,1,1,20,5,1,9,01,2,4,1,200500073991B01,18,1,1
200500073998,2005-11-30,2005,novembre,mercredi,74:9,49,49007,0,0,2,2,3,5,1,4,2,02,1,1,000,110,1,0,1,4,2,19,5,1,9,00,2,1,1,200500073998B01,7,15,1
200500074003,2005-11-03,2005,novembre,jeudi,17:05,49,49099,0,0,2,1,3,1,1,4,2,02,-1,1,000,069,1,0,1,4,1,11,5,1,9,00,2,3,19,200500074003B01,7,2,1
200500074014,2005-11-28,2005,novembre,lundi,74:0,49,49328,0,0,2,2,3,5,2,4,2,02,1,1,000,100,2,0,1,4,1,38,1,1,4,00,2,1,1,200500074014B01,7,15,1
200500074022,2005-11-08,2005,novembre,mardi,71:5,50,50602,0,0,2,3,3,5,1,2,3,04,1,1,000,000,1,0,5,4,2,43,1,1,2,00,2,1,1,200500074022B01,14,14,1
200500074030,2005-11-19,2005,novembre,samedi,14:35,50,50173,0,0,2,2,3,1,1,4,2,02,2,1,000,060,1,0,1,3,1,16,5,1,2,00,2,1,15,200500074030A01,7,1,1
200500074035,2005-11-23,2005,novembre,mercredi,60:0,50,50203,0,0,2,1,7,5,1,4,2,02,2,1,000,051,1,0,1,3,2,40,1,1,2,00,0,0,1,200500074035A01,,,
200500074036,2005-11-23,2005,novembre,mercredi,13:50,50,50602,0,0,2,1,3,1,1,4,2,02,1,1,000,059,1,0,4,4,1,14,5,1,2,00,2,1,14,200500074036A01,7,23,1
200500074044,2005-11-04,2005,novembre,vendredi,20:05,51,51108,0,0,2,1,3,5,9,4,3,02,1,1,000,000,2,0,1,3,1,18,5,1,9,00,2,4,19,200500074044B01,7,1,1
200500074052,2005-11-02,2005,novembre,mercredi,18:30,51,51454,0,0,2,3,3,5,2,4,2,02,2,1,000,070,2,5,5,3,1,45,0,1,9,00,2,1,1,200500074052A01,7,15,1
200500074053,2005-11-03,2005,novembre,jeudi,19:05,51,51454,0,0,2,6,3,5,8,4,2,02,2,1,000,140,1,0,0,4,1,29,1,1,4,00,2,7,15,200500074053B01,7,9,1
200500074056,2005-11-07,2005,novembre,lundi,18:25,51,51454,0,0,2,2,3,5,1,4,2,04,-1,1,000,136,1,0,1,3,1,16,5,1,2,00,2,3,16,200500074056A01,10,1,1
200500074066,2005-11-14,2005,novembre,lundi,12:20,52,52121,0,0,2,1,2,1,1,2,2,02,1,1,031,090,1,0,1,4,1,27,9,1,2,00,2,1,1,200500074066A01,7,23,1
200500074093,2005-11-05,2005,novembre,samedi,15:05,54,54184,0,0,2,1,3,1,1,4,2,02,2,1,000,000,1,0,1,4,1,15,5,1,9,00,2,1,9,200500074093A01,7,1,1
200500074101,2005-11-10,2005,novembre,jeudi,16:45,54,54395,0,0,2,2,6,1,1,4,1,30,1,1,000,080,1,0,1,4,1,29,5,1,9,00,2,1,1,200500074101A01,10,23,1
200500074112,2005-11-16,2005,novembre,mercredi,17:00,54,54547,0,0,2,2,2,5,2,4,3,04,1,1,000,000,2,5,1,4,1,54,5,1,2,00,0,1,5,200500074112A01,7,16,1
200500074127,2005-11-25,2005,novembre,vendredi,16:50,54,54395,0,0,2,1,6,5,1,4,1,00,1,1,000,000,1,0,1,1,2,6,2,1,2,00,1,1,0,200500074127A01,,,
200500074147,2005-11-21,2005,novembre,lundi,19:00,55,55029,0,0,2,1,6,5,1,4,1,01,1,1,000,032,1,0,1,1,1,18,5,1,9,00,1,1,1,200500074147A01,,,
200500074172,2005-11-15,2005,novembre,mardi,80:6,56,56121,0,0,2,4,3,2,1,9,2,02,1,1,000,000,1,0,1,4,1,36,1,1,4,00,2,8,1,200500074172B01,7,15,1
200500074182,2005-11-28,2005,novembre,lundi,18:57,56,56098,0,0,2,3,3,5,1,9,2,02,1,1,000,000,-1,0,0,4,1,46,0,1,2,00,2,8,19,200500074182B01,7,15,1
200500074184,2005-11-29,2005,novembre,mardi,75:6,56,56121,0,0,2,2,3,5,2,4,2,02,1,1,000,000,2,0,1,4,2,45,4,1,2,00,2,5,1,200500074184B01,7,1,1
200500074203,2005-11-07,2005,novembre,lundi,18:00,57,57491,0,0,2,1,7,4,1,3,2,02,1,1,000,055,1,0,1,4,1,11,5,1,9,00,1,1,1,200500074203A01,,,
200500074219,2005-11-22,2005,novembre,mardi,11:30,57,57463,0,0,2,2,3,1,1,3,2,02,1,1,000,091,1,5,1,3,1,67,0,1,9,00,2,1,1,200500074219B01,7,15,1
200500074233,2005-11-23,2005,novembre,mercredi,16:38,57,57672,0,0,2,2,3,2,1,3,3,04,1,1,018,124,1,0,1,4,2,23,5,1,2,00,0,8,19,200500074233A01,7,1,1
200500074238,2005-11-19,2005,novembre,samedi,82:5,58,58194,0,0,2,1,7,1,1,4,2,02,1,1,000,000,1,0,1,4,1,43,0,1,9,00,0,0,0,200500074238A01,,,
200500074242,2005-11-14,2005,novembre,lundi,14:35,58,58194,0,0,2,1,7,1,1,4,1,02,1,1,000,000,1,0,1,4,1,15,9,1,9,00,0,0,1,200500074242A01,,,
200500074257,2005-11-09,2005,novembre,mercredi,16:25,59,59317,0,0,2,1,6,1,1,3,2,02,1,1,000,080,1,0,1,3,1,44,1,1,4,00,2,8,1,200500074257A01,,,
200500074261,2005-11-25,2005,novembre,vendredi,74:0,59,59122,0,0,2,3,3,2,9,2,3,05,1,3,040,150,2,0,1,4,1,27,1,1,9,00,2,2,9,200500074261B01,7,21,1
200500074272,2005-11-02,2005,novembre,mercredi,74:0,59,59183,0,0,2,1,2,5,2,4,2,02,1,1,000,100,2,0,1,4,1,23,1,0,0,00,2,4,1,200500074272A01,99,0,1
200500074279,2005-11-25,2005,novembre,vendredi,17:20,59,59271,0,0,2,1,3,5,3,2,3,02,1,1,000,074,2,0,1,3,1,17,5,1,9,00,2,7,19,200500074279B01,7,1,1
200500074293,2005-11-03,2005,novembre,jeudi,74:0,59,59328,0,0,2,1,3,1,1,4,2,02,1,1,000,069,1,0,1,3,1,11,2,1,2,00,2,1,11,200500074293A01,5,1,1
200500074304,2005-11-07,2005,novembre,lundi,11:20,59,59009,0,0,2,1,6,1,2,4,2,02,1,1,000,070,2,0,1,4,1,65,5,1,9,00,2,1,1,200500074304A01,7,1,1
200500074317,2005-11-12,2005,novembre,samedi,12:40,59,59350,0,0,2,2,6,1,1,4,3,04,1,1,015,120,1,0,1,4,1,31,9,1,9,00,2,1,2,200500074317B01,7,0,1
200500074323,2005-11-15,2005,novembre,mardi,19:45,59,59009,0,0,2,2,3,5,2,4,1,01,1,1,000,120,2,0,1,3,1,36,5,1,2,00,2,1,1,200500074323B01,7,1,1
200500074328,2005-11-17,2005,novembre,jeudi,11:25,59,59378,0,0,2,2,3,1,1,4,2,02,1,1,000,128,1,0,1,3,2,64,5,1,9,00,2,1,1,200500074328B01,7,1,1
200500074358,2005-11-30,2005,novembre,mercredi,17:45,59,59350,0,0,1,9,3,1,1,4,2,02,1,1,000,105,1,0,1,4,1,16,1,1,9,00,2,1,1,200500074358B01,7,15,1
200500074360,2005-11-18,2005,novembre,vendredi,10:30,59,59507,0,0,2,2,6,1,1,4,2,02,1,1,000,111,1,0,1,3,1,58,9,0,0,00,2,1,1,200500074360B01,7,1,1
200500074366,2005-11-02,2005,novembre,mercredi,17:25,59,59512,0,0,2,2,3,1,2,4,2,02,1,1,000,000,2,0,1,3,1,61,9,1,2,00,2,0,1,200500074366B01,7,16,1
200500074367,2005-11-02,2005,novembre,mercredi,75:0,59,59512,0,0,2,2,3,1,2,4,1,02,1,1,000,000,2,0,1,3,1,17,1,1,2,00,2,1,1,200500074367B01,7,15,1
200500074370,2005-11-08,2005,novembre,mardi,82:5,59,59650,0,0,2,2,3,1,8,4,2,02,1,1,000,000,2,0,1,3,1,11,2,1,2,00,2,0,1,200500074370B01,7,1,1
200500074374,2005-11-07,2005,novembre,lundi,20:00,59,59512,0,0,2,1,3,5,1,4,-1,00,1,1,000,000,1,0,1,3,1,34,0,1,9,00,2,0,0,200500074374B01,7,0,1
200500074382,2005-11-08,2005,novembre,mardi,12:10,59,59650,0,0,2,3,3,1,1,3,2,02,1,1,000,000,1,0,1,3,2,23,0,1,2,00,2,0,16,200500074382B01,15,16,1
200500074383,2005-11-14,2005,novembre,lundi,75:5,59,59512,0,0,2,3,3,4,5,4,2,02,1,1,000,000,1,0,1,3,1,36,4,1,2,00,2,1,1,200500074383B01,7,15,1
200500074385,2005-11-25,2005,novembre,vendredi,12:25,59,59512,0,0,2,1,2,1,1,4,1,02,1,1,000,000,1,0,1,3,1,47,4,1,2,00,2,4,1,200500074385B01,7,0,1