Num_Acc,date,an,mois,jour,hrmn,dep,com,lat,long,agg,int,col,lum,atm,catr,circ,nbv,prof,plan,lartpc,larrout,surf,infra,situ,grav,sexe,age,trajet,secuexist,equipement,obs,obsm,choc,manv,vehiculeid,typevehicules,manoeuvehicules,numVehicules
200500076746,2005-11-28,2005,novembre,lundi,90:0,94,94018,0,0,2,4,2,1,1,3,4,02,1,1,000,080,1,0,1,4,1,27,1,1,9,00,2,4,1,200500076746B01,10,16,1
200500076753,2005-11-07,2005,novembre,lundi,13:50,94,94022,0,0,2,1,6,1,1,4,-1,02,1,-1,001,060,1,0,0,4,1,17,0,0,0,11,2,0,19,200500076753A01,7,21,1
200500076777,2005-11-21,2005,novembre,lundi,16:30,94,94028,0,0,2,1,2,1,1,2,2,04,1,1,000,120,1,0,1,4,1,38,0,1,2,00,0,4,11,200500076777B01,7,1,1
200500076859,2005-11-27,2005,novembre,dimanche,12:40,94,94068,0,0,2,1,6,1,1,3,2,02,1,1,000,000,1,0,1,4,1,14,5,1,2,01,0,1,1,200500076859B01,7,24,1
200500076861,2005-11-03,2005,novembre,jeudi,11:50,94,94077,0,0,2,1,6,1,1,4,2,02,1,1,000,060,1,0,1,4,1,59,5,1,9,00,0,3,1,200500076861B01,7,15,1
200500076872,2005-11-07,2005,novembre,lundi,19:20,94,94080,0,0,2,2,3,5,1,4,1,02,-1,1,000,000,1,0,1,4,2,51,9,1,2,00,2,4,1,200500076872B01,7,1,1
200500076872,2005-11-07,2005,novembre,lundi,19:20,94,94080,0,0,2,2,3,5,1,4,1,02,-1,1,000,000,1,0,1,1,1,5,0,1,3,00,2,4,1,200500076872B01,7,1,1
200500076897,2005-11-10,2005,novembre,jeudi,14:30,95,95018,0,0,2,1,2,1,1,4,3,04,1,1,010,120,1,0,1,4,1,22,1,1,2,00,2,4,11,200500076897B01,7,2,1
200500076918,2005-11-29,2005,novembre,mardi,22:45,95,95598,0,0,1,6,2,5,1,4,1,02,1,1,300,300,1,0,1,3,2,27,0,1,2,00,2,4,0,200500076918A01,7,0,1
200500076919,2005-11-03,2005,novembre,jeudi,19:05,95,95210,0,0,2,3,3,5,1,3,1,02,1,2,000,000,1,0,1,3,1,56,0,1,9,00,2,2,2,200500076919B01,7,2,1
200500076955,2005-11-17,2005,novembre,jeudi,19:20,95,95585,0,0,2,1,3,5,1,4,2,03,1,1,000,090,1,0,1,4,1,46,5,1,2,00,2,1,1,200500076955B01,7,16,1
200500076987,2005-11-22,2005,novembre,mardi,85:0,2A,2A004,0,0,2,1,3,1,1,3,2,02,1,1,000,073,1,0,1,4,1,56,0,1,9,00,2,1,1,200500076987B01,7,22,1
200500077252,2005-11-25,2005,novembre,vendredi,15:10,69,69382,0,0,2,5,3,1,1,4,1,03,1,1,000,000,1,0,1,4,2,21,4,1,9,00,2,0,1,200500077252B01,7,1,1
200500077301,2005-11-02,2005,novembre,mercredi,16:10,69,69383,0,0,2,1,1,1,1,4,1,03,1,1,000,000,1,0,1,4,2,33,5,1,2,00,2,4,1,200500077301B01,10,1,1
200500077302,2005-11-02,2005,novembre,mercredi,15:50,69,69386,0,0,2,1,6,1,1,4,1,01,1,1,000,000,1,0,1,1,2,18,5,1,9,00,2,1,1,200500077302A01,,,
200500077305,2005-11-03,2005,novembre,jeudi,15:10,69,69383,0,0,2,2,2,1,1,4,1,01,1,1,000,000,1,0,1,4,1,79,4,1,9,00,2,8,1,200500077305B01,7,4,1
200500077313,2005-11-10,2005,novembre,jeudi,20:40,69,69383,0,0,2,2,1,5,1,4,2,03,1,1,000,000,1,0,1,4,2,38,1,1,2,00,2,1,7,200500077313B01,7,1,1
200500077316,2005-11-15,2005,novembre,mardi,62:5,69,69386,0,0,2,2,3,4,1,4,1,01,1,1,000,000,1,0,1,4,1,38,1,1,9,00,2,7,1,200500077316B01,7,1,1
200500077317,2005-11-14,2005,novembre,lundi,18:00,69,69386,0,0,2,2,3,5,1,4,1,01,1,1,000,000,1,0,1,4,1,24,1,1,9,00,2,1,1,200500077317B01,7,16,1
200500077318,2005-11-16,2005,novembre,mercredi,93:0,69,69386,0,0,2,1,3,1,1,4,1,03,1,1,000,000,1,0,0,4,1,42,5,1,2,00,2,3,1,200500077318B01,7,12,1
200500077319,2005-11-21,2005,novembre,lundi,17:35,69,69383,0,0,2,1,3,5,1,4,2,03,1,1,000,000,1,0,1,4,1,14,5,1,9,00,2,7,19,200500077319B01,7,1,1
200500077321,2005-11-22,2005,novembre,mardi,17:15,69,69383,0,0,2,1,3,5,1,4,2,06,1,1,000,000,1,0,1,4,1,26,9,1,9,00,2,1,13,200500077321A01,7,23,1
200500077328,2005-11-17,2005,novembre,jeudi,20:40,69,69383,0,0,2,4,3,5,1,4,2,03,1,-1,000,000,1,0,1,4,2,23,5,1,9,00,2,7,1,200500077328A01,7,1,1
200500077362,2005-11-06,2005,novembre,dimanche,16:30,69,69385,0,0,2,1,6,1,1,4,1,01,1,1,000,051,1,0,1,1,1,16,5,1,9,00,1,1,1,200500077362A01,,,
200500077362,2005-11-06,2005,novembre,dimanche,16:30,69,69385,0,0,2,1,6,1,1,4,1,01,1,1,000,051,1,0,1,3,2,4,5,0,0,00,1,1,1,200500077362A01,,,
200500077398,2005-11-07,2005,novembre,lundi,85:5,69,69388,0,0,2,6,3,1,1,4,2,02,1,2,000,000,1,0,1,4,2,22,0,1,9,00,2,8,1,200500077398B01,7,16,1
200500077530,2005-11-08,2005,novembre,mardi,13:30,13,13055,0,0,2,1,3,1,1,4,2,01,1,1,000,120,1,0,1,4,1,25,0,1,2,00,2,3,17,200500077530B01,7,9,1
200500077535,2005-11-15,2005,novembre,mardi,15:00,13,13055,0,0,2,1,2,1,1,4,2,02,1,1,000,072,1,0,1,4,1,14,2,0,0,00,2,1,2,200500077535A01,1,2,1
200500077535,2005-11-15,2005,novembre,mardi,15:00,13,13055,0,0,2,1,2,1,1,4,2,02,1,1,000,072,1,0,1,4,1,13,2,0,0,00,2,4,2,200500077535B01,1,2,1
200500077535,2005-11-15,2005,novembre,mardi,15:00,13,13055,0,0,2,1,2,1,1,4,2,02,1,1,000,072,1,0,1,4,1,13,0,0,0,00,2,4,2,200500077535B01,1,2,1
200500077565,2005-11-04,2005,novembre,vendredi,20:45,13,13055,0,0,2,6,3,5,3,4,1,00,1,2,280,160,3,0,1,4,2,34,5,1,4,00,2,1,1,200500077565B01,7,1,1
200500077584,2005-11-24,2005,novembre,jeudi,20:20,13,13055,0,0,2,1,3,5,1,4,2,02,1,1,030,060,1,0,1,4,1,40,0,1,2,00,0,0,0,200500077584B01,7,1,1
200500077626,2005-11-10,2005,novembre,jeudi,18:00,13,13055,0,0,2,2,3,2,1,4,2,02,1,1,000,000,1,0,1,4,1,16,0,1,2,00,2,7,1,200500077626A01,7,1,1
200500077655,2005-11-08,2005,novembre,mardi,83:1,13,13055,0,0,2,1,1,1,1,4,2,00,-1,-1,000,032,1,0,1,4,2,22,0,0,0,00,0,0,0,200500077655A01,7,1,1
200500077693,2005-12-07,2005,décembre,mercredi,15:00,59,59433,50.802,2.284,1,1,3,1,1,3,2,02,-1,3,000,120,1,0,0,3,1,54,5,1,2,00,2,1,1,200500077693B02,7,15,1
200500077694,2005-12-21,2005,décembre,mercredi,11:30,59,59663,50.885,2.464,2,6,3,1,1,9,1,00,1,2,055,000,1,0,1,3,2,74,5,0,0,00,2,1,5,200500077694B02,7,1,1
200500077699,2005-12-22,2005,décembre,jeudi,21:15,59,59400,50.641,2.644,2,1,1,3,1,3,2,00,-1,1,000,090,1,0,1,3,1,25,5,0,0,00,2,1,1,200500077699B02,7,1,1
200500077725,2005-12-20,2005,décembre,mardi,73:0,62,62057,50.867,2.071,1,1,2,2,1,3,2,00,-1,1,000,050,2,0,1,3,1,49,1,1,9,00,2,8,1,200500077725B02,7,1,1
200500077754,2005-12-09,2005,décembre,vendredi,13:00,80,80016,50.008,2.653,2,1,1,1,9,9,2,02,1,1,000,071,1,0,1,4,1,47,1,1,9,00,2,1,23,200500077754A01,7,15,1
200500077764,2005-12-22,2005,décembre,jeudi,13:45,02,02566,0,0,2,1,1,1,1,4,2,00,1,1,000,000,1,0,1,3,1,44,5,0,0,00,2,1,15,200500077764B02,7,15,1
200500077853,2005-12-12,2005,décembre,lundi,12:00,76,76648,0,0,1,3,3,1,8,3,2,02,2,1,000,060,1,0,1,3,1,14,2,0,0,00,2,8,19,200500077853B02,7,1,1
200500077881,2005-12-05,2005,décembre,lundi,94:5,27,27332,49.198,1.238,2,1,1,1,1,2,2,02,1,1,000,103,1,0,1,3,1,63,0,0,0,00,0,0,19,200500077881B02,7,0,1
200500077890,2005-12-07,2005,décembre,mercredi,12:25,27,27428,0,0,1,1,2,1,1,3,2,00,-1,-1,000,058,1,0,1,2,1,60,5,0,0,00,0,0,13,200500077890B02,7,17,1
200500077898,2005-12-02,2005,décembre,vendredi,10:15,35,35094,0,0,1,2,1,1,1,3,2,02,1,1,000,068,2,0,1,2,1,66,5,0,0,00,2,8,15,200500077898A01,7,1,1
200500077928,2005-12-16,2005,décembre,vendredi,11:30,22,22266,0,0,2,1,3,1,2,3,2,02,1,1,000,067,2,5,1,3,1,16,5,0,0,00,2,1,1,200500077928B02,7,15,1
200500077935,2005-12-15,2005,décembre,jeudi,18:30,29,29135,47.837,-4.173,2,1,2,5,1,3,3,02,-1,1,017,103,-1,0,1,2,1,49,5,0,0,00,0,4,0,200500077935B02,7,1,1
200500077946,2005-12-19,2005,décembre,lundi,16:15,56,56058,0,0,1,1,1,1,1,3,2,02,4,1,000,070,1,0,3,4,1,34,5,1,2,00,2,4,1,200500077946B02,7,1,1
200500077985,2005-12-10,2005,décembre,samedi,15:30,14,14762,48.855,-0.863,2,1,7,1,1,3,1,02,1,1,030,060,1,0,1,3,1,59,5,0,0,12,0,0,16,200500077985A01,,,
200500078055,2005-12-23,2005,décembre,vendredi,16:30,44,44103,47.312,-2.151,1,1,2,1,1,3,2,00,-1,-1,000,000,1,0,1,3,1,53,1,0,0,00,2,4,2,200500078055B02,7,2,1
200500078071,2005-12-27,2005,décembre,mardi,12:00,49,49317,47.403,-0.32,1,1,3,1,1,3,2,02,1,1,000,050,1,0,1,3,1,57,5,1,2,00,2,1,1,200500078071B02,7,1,1
200500078081,2005-12-12,2005,décembre,lundi,20:45,49,49190,0,0,1,1,7,3,1,3,2,02,-1,2,000,000,1,0,1,3,1,56,5,1,2,00,0,0,0,200500078081A01,,,
200500078141,2005-12-22,2005,décembre,jeudi,21:15,85,85211,0,0,2,1,3,5,1,3,2,02,1,-1,000,062,1,0,1,3,1,16,5,1,4,00,2,1,1,200500078141A01,7,15,1
200500078210,2005-12-20,2005,décembre,mardi,15:00,40,40328,0,0,2,1,5,1,7,3,2,02,1,1,000,062,1,0,1,3,1,2005,5,1,2,00,2,3,1,200500078210D04,20,15/0,2
200500078210,2005-12-20,2005,décembre,mardi,15:00,40,40328,0,0,2,1,5,1,7,3,2,02,1,1,000,062,1,0,1,1,1,63,0,1,2,00,2,3,1,200500078210D04,20,15/0,2
200500078223,2005-12-21,2005,décembre,mercredi,83:0,47,47091,0,0,1,6,7,1,4,3,-1,00,1,-1,000,060,5,0,1,3,2,51,1,0,0,00,0,7,1,200500078223A01,,,
200500078241,2005-12-23,2005,décembre,vendredi,12:30,64,64315,43.308,-0.437,1,1,1,1,1,3,2,02,1,1,000,100,-1,0,1,3,1,72,5,0,0,00,2,4,15,200500078241B02,7,1,1
200500078245,2005-12-03,2005,décembre,samedi,90:0,64,64424,43.205,-0.913,1,1,1,1,2,3,2,02,1,1,000,080,2,5,1,3,1,31,5,1,2,00,2,4,1,200500078245B02,7,16,1
200500078266,2005-12-17,2005,décembre,samedi,15:30,86,86015,0,0,2,1,3,1,1,3,2,02,2,4,000,054,1,0,1,3,1,22,5,1,2,00,2,1,1,200500078266B02,7,15,1
200500078305,2005-12-10,2005,décembre,samedi,16:30,17,17070,45.829,-0.478,2,1,1,1,1,3,2,02,1,1,000,060,1,0,1,3,1,82,5,0,0,00,2,1,1,200500078305B02,7,15,1
200500078418,2005-12-23,2005,décembre,vendredi,11:30,65,65284,43.18,0.02,2,1,6,1,1,4,2,02,1,3,000,050,1,0,1,3,2,10,2,0,0,00,2,1,1,200500078418A01,,,
200500078444,2005-12-01,2005,décembre,jeudi,20:10,82,82186,0,0,2,1,1,5,1,4,2,02,-1,-1,000,060,1,5,1,3,1,52,1,0,0,00,0,4,1,200500078444A01,7,15,1
200500078470,2005-12-19,2005,décembre,lundi,90:5,69,69056,0,0,1,1,1,1,1,3,2,00,1,1,000,000,1,0,1,4,1,59,5,1,2,00,0,4,1,200500078470B02,7,14,1
200500078493,2005-12-01,2005,décembre,jeudi,16:30,01,01313,46.251,6.09,1,1,1,1,1,3,2,00,2,1,000,070,1,0,1,2,2,54,3,1,2,00,2,1,13,200500078493B02,15,1,1
200500078526,2005-12-17,2005,décembre,samedi,14:00,26,26108,44.735,5.015,2,1,6,1,1,9,2,00,1,1,000,100,1,0,1,3,1,45,0,1,2,00,0,1,0,200500078526A01,,,
200500078533,2005-12-17,2005,décembre,samedi,18:45,26,26166,0,0,1,2,3,5,6,2,2,03,-1,1,000,000,1,0,1,3,1,28,3,1,4,00,2,6,1,200500078533A01,7,1,1
200500078621,2005-12-07,2005,décembre,mercredi,16:50,74,74256,0,0,2,9,6,5,8,4,2,00,-1,-1,000,000,-1,0,0,4,1,17,5,1,2,00,2,1,15,200500078621A01,7,1,1
200500078648,2005-12-13,2005,décembre,mardi,18:00,63,63050,0,0,2,8,1,5,2,3,-1,00,1,1,000,072,2,4,1,3,1,38,9,0,0,00,4,8,1,200500078648A01,19,1,1
200500078661,2005-12-03,2005,décembre,samedi,19:00,63,63430,0,0,2,2,3,5,1,2,2,00,2,3,000,081,1,0,1,3,1,20,0,1,4,00,2,1,1,200500078661A01,7,19,1
200500078661,2005-12-03,2005,décembre,samedi,19:00,63,63430,0,0,2,2,3,5,1,2,2,00,2,3,000,081,1,0,1,1,1,16,0,0,0,00,2,1,1,200500078661A01,7,19,1
200500078663,2005-12-19,2005,décembre,lundi,13:30,63,63151,0,0,1,3,3,1,1,3,2,01,1,1,000,055,1,0,1,4,2,16,5,0,0,00,2,3,15,200500078663B02,7,1,1
200500078783,2005-12-15,2005,décembre,jeudi,17:40,88,88009,0,0,1,2,1,5,2,3,2,02,3,1,000,073,2,5,1,3,1,21,1,0,0,00,2,1,19,200500078783A01,7,1,1
200500078800,2005-12-06,2005,décembre,mardi,15:45,67,67118,48.583,7.689,2,1,1,1,1,9,2,00,1,-1,000,060,1,5,0,3,1,11,9,0,0,00,2,8,15,200500078800A01,7,1,1
200500078867,2005-12-10,2005,décembre,samedi,17:00,10,10190,0,0,1,1,1,1,1,4,2,02,1,2,000,035,1,0,1,3,1,18,5,0,0,00,0,0,1,200500078867A01,2,0,1
200500078884,2005-12-16,2005,décembre,vendredi,16:45,52,52131,48.461,5.387,1,1,3,1,1,3,2,00,1,1,000,045,1,0,1,3,1,84,5,0,0,00,2,8,13,200500078884B02,7,17,1
200500078908,2005-12-10,2005,décembre,samedi,15:45,58,58158,46.884,3.089,1,1,1,1,1,3,2,02,1,2,000,044,1,0,1,3,1,60,0,0,0,00,2,1,1,200500078908B02,7,13,1
200500078947,2005-12-08,2005,décembre,jeudi,11:00,89,89443,0,0,2,1,1,1,1,3,2,02,-1,-1,000,000,1,0,0,4,1,80,5,0,0,00,0,1,15,200500078947B02,7,1,1
200500078949,2005-12-16,2005,décembre,vendredi,16:30,89,89456,0,0,1,1,1,3,1,9,2,02,1,1,000,027,1,0,5,3,2,17,5,0,0,00,2,1,21,200500078949A01,2,21,1
200500078998,2005-12-27,2005,décembre,mardi,15:30,70,70310,0,0,2,1,2,1,4,3,2,02,1,1,000,080,5,0,1,3,2,60,1,1,2,00,2,8,1,200500078998B02,7,17,1
200500079048,2005-12-09,2005,décembre,vendredi,16:45,04,04242,43.886,5.851,1,1,1,1,1,2,2,03,-1,1,000,000,1,0,1,3,1,53,1,1,2,00,2,8,19,200500079048B02,7,1,1
200500079079,2005-12-13,2005,décembre,mardi,11:00,06,06079,0,0,2,2,1,1,1,2,2,00,-1,-1,000,000,-1,0,0,3,1,31,5,1,2,01,0,0,1,200500079079B02,7,24,1
200500079151,2005-12-15,2005,décembre,jeudi,17:20,34,34142,0,0,2,1,1,2,1,4,2,00,2,1,000,051,1,0,1,3,1,22,5,0,0,02,2,4,1,200500079151B02,7,2,1
200500079187,2005-12-08,2005,décembre,jeudi,17:30,30,30341,0,0,2,1,1,5,1,4,1,01,2,1,000,040,1,0,1,3,2,62,5,0,0,01,0,0,22,200500079187B02,7,24,1
200500079336,2005-12-31,2005,décembre,samedi,17:30,18,18134,47.136,2.056,1,1,2,2,2,3,2,02,1,1,000,060,2,0,1,3,1,47,5,1,2,00,2,4,1,200500079336B02,7,1,1
200500079346,2005-12-08,2005,décembre,jeudi,85:0,28,28334,0,0,2,1,3,1,1,3,2,02,2,1,000,000,2,0,1,3,2,60,5,0,0,00,0,8,1,200500079346B02,7,1,1
200500079356,2005-12-14,2005,décembre,mercredi,20:00,36,36245,0,0,1,1,2,3,1,3,2,00,1,1,000,054,1,0,1,3,1,55,5,0,0,00,0,4,13,200500079356A01,7,1,1
200500079386,2005-12-25,2005,décembre,dimanche,18:45,41,41220,47.743,1.652,1,1,6,3,1,3,2,02,1,1,000,000,1,0,1,3,1,39,5,0,0,00,2,1,5,200500079386A01,,,
200500079409,2005-12-15,2005,décembre,jeudi,17:45,33,33199,44.627,-1.072,2,6,1,5,1,9,2,02,-1,1,000,000,1,6,5,3,1,32,1,1,4,00,2,8,19,200500079409B02,7,16,1
200500079457,2005-12-17,2005,décembre,samedi,10:45,68,68278,0,0,2,1,1,1,1,9,2,01,2,2,000,070,-1,0,1,3,1,60,5,0,0,00,2,1,16,200500079457B02,7,15,1
200500079552,2005-12-10,2005,décembre,samedi,16:45,33,33122,0,0,1,1,7,1,7,4,2,02,-1,1,000,045,1,0,1,3,1,67,5,1,2,00,0,1,1,200500079552A01,,,
200500079594,2005-12-31,2005,décembre,samedi,15:00,34,34337,0,0,1,1,1,1,2,3,2,00,1,1,000,000,2,0,5,4,1,74,5,0,0,00,2,4,1,200500079594B02,7,1,1
200500079656,2005-12-15,2005,décembre,jeudi,14:45,13,13045,0,0,2,1,1,1,1,4,-1,00,-1,-1,000,000,-1,0,0,3,2,81,5,0,0,00,2,6,15,200500079656B02,2,0,1
200500079676,2005-12-07,2005,décembre,mercredi,80:0,34,34309,0,0,2,1,1,1,1,4,2,02,2,1,000,060,1,0,1,3,2,51,5,0,0,00,2,7,19,200500079676B02,7,16,1
200500079681,2005-12-17,2005,décembre,samedi,10:50,01,01289,0,0,1,1,3,1,1,2,2,02,1,1,000,070,1,0,1,3,1,34,5,1,2,00,2,6,1,200500079681B01,2,17,1
200500079733,2005-12-23,2005,décembre,vendredi,10:00,06,06004,0,0,2,1,2,1,1,4,1,02,2,1,000,810,1,0,1,3,1,23,0,1,9,14,0,1,2,200500079733A01,7,2,1
200500079771,2005-12-13,2005,décembre,mardi,12:30,06,06029,0,0,2,1,7,1,1,4,2,02,1,1,010,068,1,0,1,4,1,72,5,1,9,00,1,1,1,200500079771A01,,,
200500079821,2005-12-01,2005,décembre,jeudi,15:10,06,06088,0,0,2,1,2,1,1,4,3,05,1,1,032,125,1,0,1,3,1,38,5,1,2,01,0,1,1,200500079821A01,7,24,1
200500079849,2005-12-05,2005,décembre,lundi,17:30,06,06088,0,0,2,2,3,2,1,4,2,02,1,1,000,083,1,0,1,4,2,32,5,1,9,00,2,8,15,200500079849A01,7,1,1
200500079902,2005-12-19,2005,décembre,lundi,15:25,06,06088,0,0,2,2,3,1,1,4,-1,01,1,1,000,000,1,0,1,4,1,66,9,1,2,00,2,0,12,200500079902B01,7,12,1
200500079966,2005-12-02,2005,décembre,vendredi,15:10,09,09225,0,0,2,1,1,1,1,4,-1,02,1,1,000,065,1,0,1,3,1,69,5,1,2,00,2,1,14,200500079966A01,7,20,1
200500079993,2005-12-14,2005,décembre,mercredi,16:25,13,13001,0,0,1,1,6,1,1,3,2,04,1,1,000,076,1,0,1,3,1,34,1,1,9,00,2,8,1,200500079993B01,7,17,1
200500080013,2005-12-02,2005,décembre,vendredi,80:0,13,13055,0,0,2,3,2,1,1,4,2,02,1,1,000,000,1,0,1,4,1,13,2,0,0,00,2,0,15,200500080013B01,4,17,1
200500080029,2005-12-01,2005,décembre,jeudi,14:00,13,13055,0,0,2,1,6,1,1,5,2,02,1,-1,000,140,1,0,1,4,1,79,5,0,0,00,1,0,1,200500080029A01,,,
200500080073,2005-12-08,2005,décembre,jeudi,17:20,13,13055,0,0,2,1,3,5,2,4,2,06,1,1,000,160,2,0,1,4,1,17,5,1,9,00,2,1,0,200500080073A01,7,0,1
200500080136,2005-12-14,2005,décembre,mercredi,80:0,13,13055,0,0,2,2,3,1,1,4,1,01,1,1,000,030,-1,0,1,3,1,18,5,1,9,00,2,0,1,200500080136B01,7,1,1
200500080301,2005-12-27,2005,décembre,mardi,18:45,13,13055,0,0,2,2,3,5,1,4,1,01,1,1,056,030,1,0,1,4,1,34,0,1,2,00,2,1,0,200500080301B01,7,0,1
200500080302,2005-12-21,2005,décembre,mercredi,13:45,13,13055,0,0,2,9,6,1,1,4,-1,00,1,-1,000,000,1,0,4,1,2,36,1,0,0,00,1,2,0,200500080302A01,,,
200500080377,2005-12-19,2005,décembre,lundi,15:00,14,14167,0,0,1,1,6,1,1,3,2,02,1,1,010,040,1,0,1,3,1,61,5,1,2,14,0,0,14,200500080377A01,7,23,1
200500080399,2005-12-22,2005,décembre,jeudi,13:40,17,17299,0,0,2,3,1,1,1,4,2,02,1,1,000,070,1,5,1,3,1,59,9,1,9,00,2,1,15,200500080399A01,7,1,1
200500080401,2005-12-02,2005,décembre,vendredi,83:8,17,17300,0,0,2,1,3,1,1,4,2,02,1,1,000,052,1,0,5,4,2,38,4,1,9,00,2,7,1,200500080401A01,7,1,1
200500080402,2005-12-02,2005,décembre,vendredi,20:10,17,17300,0,0,2,1,6,5,1,4,2,02,1,1,000,060,1,0,1,4,1,47,3,1,9,00,9,1,1,200500080402A01,7,22,1
200500080407,2005-12-07,2005,décembre,mercredi,10:30,17,17300,0,0,2,2,3,1,1,4,1,02,1,-1,000,084,1,0,1,4,1,33,3,1,9,00,2,7,1,200500080407B01,7,1,1
200500080420,2005-12-15,2005,décembre,jeudi,74:0,17,17300,0,0,2,1,2,5,1,4,2,50,1,1,000,700,1,0,1,4,1,18,2,1,9,00,2,1,1,200500080420A01,7,1,1
200500080435,2005-12-09,2005,décembre,vendredi,92:1,17,17300,0,0,2,1,3,1,7,4,2,02,1,1,000,000,1,0,1,3,2,73,9,1,2,00,2,8,1,200500080435B01,7,17,1
200500080459,2005-12-05,2005,décembre,lundi,12:15,19,19031,0,0,2,3,3,1,3,4,2,02,1,1,000,000,2,0,1,4,1,15,2,1,2,00,2,1,1,200500080459B01,7,9,1
200500080531,2005-12-16,2005,décembre,vendredi,16:39,24,24322,0,0,2,1,6,1,1,3,2,02,1,1,000,060,1,0,1,3,1,52,0,0,0,00,2,1,18,200500080531B01,7,1,1
200500080562,2005-12-05,2005,décembre,lundi,17:30,25,25580,0,0,2,2,3,5,3,3,2,01,1,1,000,000,2,5,1,4,1,14,2,1,2,00,2,1,1,200500080562B01,7,15,1
200500080581,2005-12-08,2005,décembre,jeudi,65:0,26,26058,0,0,2,9,3,5,2,4,2,02,1,2,000,084,2,0,1,3,1,42,9,1,9,00,2,1,1,200500080581B01,7,15,1
200500080670,2005-12-01,2005,décembre,jeudi,10:30,29,29039,0,0,1,3,3,1,3,4,2,02,1,1,000,070,2,5,1,3,2,78,5,1,9,00,2,7,1,200500080670A01,10,15,1
200500080687,2005-12-03,2005,décembre,samedi,16:46,30,30189,0,0,2,1,7,1,1,3,2,02,1,1,000,077,1,0,1,4,1,14,9,1,2,00,9,0,1,200500080687A01,,,
200500080697,2005-12-08,2005,décembre,jeudi,85:6,30,30189,0,0,2,2,3,1,2,4,2,05,1,1,000,144,2,0,1,3,1,21,0,1,2,00,2,7,0,200500080697B01,15,16,1
200500080714,2005-12-19,2005,décembre,lundi,15:07,30,30189,0,0,2,1,3,1,1,3,2,03,1,1,000,134,1,0,1,4,1,43,1,1,2,00,2,0,2,200500080714B01,7,2,1
200500080730,2005-12-07,2005,décembre,mercredi,12:05,30,30351,0,0,2,3,3,1,1,4,2,02,2,1,000,032,1,0,1,3,1,31,3,1,9,00,2,2,19,200500080730B01,7,1,1
200500080744,2005-12-02,2005,décembre,vendredi,18:20,31,31555,0,0,2,1,3,2,2,4,2,05,2,1,000,158,2,0,1,1,1,38,1,1,2,00,0,4,2,200500080744B01,5,2,1
200500080756,2005-12-05,2005,décembre,lundi,16:05,31,31555,0,0,2,1,6,1,3,4,-1,02,1,1,000,040,2,0,4,1,2,23,9,1,2,00,1,1,1,200500080756A01,,,
200500080763,2005-12-08,2005,décembre,jeudi,13:40,31,31555,0,0,2,1,6,1,1,4,1,03,1,1,000,096,1,0,1,1,1,23,0,1,2,00,1,0,1,200500080763A01,,,
200500080772,2005-12-09,2005,décembre,vendredi,20:15,31,31555,0,0,2,3,3,5,1,4,1,02,1,1,000,057,1,0,1,4,1,21,9,1,2,00,2,1,1,200500080772B01,7,16,1
200500080800,2005-12-19,2005,décembre,lundi,14:30,31,31555,0,0,2,1,7,1,1,4,2,02,1,1,000,052,1,0,1,1,1,14,9,1,2,00,0,0,0,200500080800A01,,,
200500080800,2005-12-19,2005,décembre,lundi,14:30,31,31555,0,0,2,1,7,1,1,4,2,02,1,1,000,052,1,0,1,4,1,13,0,1,2,00,0,0,0,200500080800A01,,,
200500080856,2005-12-07,2005,décembre,mercredi,18:15,33,33063,0,0,2,1,3,5,1,4,3,04,1,1,000,069,2,0,1,4,2,18,2,1,2,00,2,1,2,200500080856A01,7,16,1
200500080858,2005-12-08,2005,décembre,jeudi,73:0,33,33063,0,0,2,1,3,2,2,4,3,04,1,1,000,000,2,4,5,4,1,39,0,1,9,00,2,1,5,200500080858A01,10,16,1
200500080861,2005-12-08,2005,décembre,jeudi,17:00,33,33063,0,0,2,3,6,2,1,4,1,01,1,1,000,060,2,0,1,1,1,32,5,1,2,00,1,1,1,200500080861A01,,,
200500080868,2005-12-07,2005,décembre,mercredi,84:5,33,33281,0,0,2,3,3,2,8,4,2,02,1,1,000,050,1,0,1,4,1,12,0,1,2,00,2,1,1,200500080868B01,7,16,1
200500080869,2005-12-09,2005,décembre,vendredi,90:0,33,33063,0,0,2,2,3,1,1,4,1,01,1,1,000,060,1,0,1,4,1,54,1,1,2,00,2,1,1,200500080869B01,7,19,1
200500080887,2005-12-15,2005,décembre,jeudi,16:45,33,33063,0,0,2,3,3,1,1,4,2,02,1,1,000,138,1,0,1,4,1,33,1,1,2,00,2,2,1,200500080887B01,7,16,1
200500080892,2005-12-09,2005,décembre,vendredi,13:45,33,33075,0,0,2,1,2,1,1,4,2,02,1,1,000,067,1,0,1,4,1,11,5,1,9,00,2,1,1,200500080892A01,7,1,1
200500080894,2005-12-13,2005,décembre,mardi,18:30,33,33318,0,0,2,2,3,5,1,4,1,02,1,3,000,060,1,0,1,4,1,24,0,0,0,00,2,1,1,200500080894B01,7,15,1
200500080901,2005-12-20,2005,décembre,mardi,63:5,33,33063,0,0,2,1,2,5,1,4,1,01,1,1,000,000,1,0,1,4,2,24,0,1,9,00,2,0,1,200500080901A01,18,2,1
200500080914,2005-12-19,2005,décembre,lundi,12:39,33,33281,0,0,2,1,3,1,1,4,2,02,1,1,000,054,1,0,1,4,1,17,0,1,2,00,2,1,1,200500080914B01,7,15,1