Num_Acc,date,an,mois,jour,hrmn,dep,com,lat,long,agg,int,col,lum,atm,catr,circ,nbv,prof,plan,lartpc,larrout,surf,infra,situ,grav,sexe,age,trajet,secuexist,equipement,obs,obsm,choc,manv,vehiculeid,typevehicules,manoeuvehicules,numVehicules
200500080919,2005-12-22,2005,décembre,jeudi,19:50,33,33063,0,0,2,1,3,5,1,4,2,03,1,1,000,095,1,0,1,4,2,24,0,1,9,00,2,1,1,200500080919B01,7,15,1
200500080921,2005-12-23,2005,décembre,vendredi,17:25,33,33063,0,0,2,2,3,1,1,4,1,04,1,1,000,124,1,0,1,4,2,21,5,1,9,00,2,1,1,200500080921A01,5,1,1
200500080924,2005-12-22,2005,décembre,jeudi,19:35,33,33522,0,0,1,1,3,5,1,1,2,02,1,1,000,058,1,4,1,3,1,25,0,1,2,00,4,1,13,200500080924A01,19,1,1
200500080928,2005-12-18,2005,décembre,dimanche,10:05,33,33318,0,0,2,3,3,1,1,4,1,02,1,4,000,100,1,3,1,3,1,62,5,1,9,00,2,4,1,200500080928B01,10,16,1
200500080945,2005-12-19,2005,décembre,lundi,16:30,33,33243,0,0,2,3,2,1,1,4,2,02,1,1,000,097,1,0,1,3,2,62,5,1,9,00,2,4,2,200500080945B01,7,2,1
200500080991,2005-12-07,2005,décembre,mercredi,10:30,34,34172,0,0,2,2,6,1,1,4,2,02,1,1,000,000,9,0,1,3,1,66,0,0,0,00,2,1,1,200500080991B01,20,1,1
200500080998,2005-12-13,2005,décembre,mardi,15:00,34,34172,0,0,2,1,1,1,1,4,1,02,2,3,000,050,1,0,1,4,1,36,1,1,2,00,2,1,10,200500080998A01,5,2,1
200500081021,2005-12-30,2005,décembre,vendredi,13:01,34,34172,0,0,2,1,6,1,8,4,2,04,1,1,000,124,1,0,4,1,1,28,5,1,9,00,1,2,1,200500081021A01,,,
200500081038,2005-12-06,2005,décembre,mardi,82:5,35,35238,0,0,1,6,3,1,1,4,3,02,1,-1,000,060,2,5,1,4,1,51,1,1,9,00,2,0,1,200500081038B01,7,9,1
200500081065,2005-12-21,2005,décembre,mercredi,90:0,35,35238,0,0,2,1,1,1,1,4,1,01,1,1,000,000,1,0,1,4,2,55,1,1,9,01,0,1,1,200500081065B01,10,24,1
200500081095,2005-12-17,2005,décembre,samedi,11:50,36,36044,0,0,2,1,6,1,1,4,2,02,1,1,000,094,1,0,1,4,2,18,5,1,9,01,0,1,1,200500081095B01,7,22,1
200500081113,2005-12-12,2005,décembre,lundi,13:15,37,37261,0,0,2,9,3,1,1,9,2,02,1,1,000,000,1,0,4,3,1,45,1,1,2,00,2,1,0,200500081113B01,7,15,1
200500081130,2005-12-10,2005,décembre,samedi,18:25,38,38421,0,0,2,1,3,5,1,4,2,04,1,1,000,140,1,0,1,3,1,27,0,1,4,00,2,1,1,200500081130B01,7,15,1
200500081138,2005-12-22,2005,décembre,jeudi,12:15,38,38516,0,0,2,3,3,1,1,4,2,02,1,1,000,053,1,0,5,4,1,52,1,1,2,00,2,8,1,200500081138B01,7,16,1
200500081181,2005-12-01,2005,décembre,jeudi,16:45,42,42187,0,0,2,6,6,1,1,9,1,02,1,2,000,080,1,0,1,4,1,62,5,1,9,00,1,8,9,200500081181B01,7,1,1
200500081248,2005-12-02,2005,décembre,vendredi,17:15,44,44162,0,0,2,1,3,2,6,4,2,00,1,1,000,050,1,0,1,4,2,56,0,1,9,00,2,1,1,200500081248B01,7,15,1
200500081255,2005-12-06,2005,décembre,mardi,19:17,44,44109,0,0,2,1,3,5,1,4,2,02,1,1,000,000,1,0,1,4,2,57,0,1,9,00,2,8,1,200500081255B01,99,1,1
200500081256,2005-12-06,2005,décembre,mardi,14:00,44,44109,0,0,2,3,3,1,1,4,2,00,1,1,000,000,1,0,0,3,1,22,0,1,9,00,2,8,15,200500081256B01,7,1,1
200500081293,2005-12-28,2005,décembre,mercredi,20:45,44,44109,0,0,2,1,6,5,1,4,-1,00,2,1,000,000,2,0,1,3,2,15,0,1,4,00,0,0,0,200500081293B01,7,0,1
200500081302,2005-12-07,2005,décembre,mercredi,21:07,44,44184,0,0,2,1,2,5,3,3,2,00,1,1,000,085,2,0,1,4,1,20,5,1,9,00,2,4,2,200500081302B01,7,2,1
200500081331,2005-12-15,2005,décembre,jeudi,15:45,45,45232,0,0,2,1,2,1,1,3,2,02,1,1,000,050,2,0,1,3,1,60,5,1,2,00,9,1,1,200500081331A01,1,1,1
200500081331,2005-12-15,2005,décembre,jeudi,15:45,45,45232,0,0,2,1,2,1,1,3,2,02,1,1,000,050,2,0,1,1,1,62,5,1,2,00,9,1,1,200500081331B01,1,1,1
200500081374,2005-12-09,2005,décembre,vendredi,74:7,49,49007,0,0,2,1,7,2,1,4,2,02,1,1,000,063,1,0,1,4,1,18,1,1,9,12,0,7,1,200500081374A01,,,
200500081377,2005-12-13,2005,décembre,mardi,65:5,49,49007,0,0,1,1,7,5,1,4,2,00,1,1,000,000,1,0,1,4,1,48,1,1,9,00,0,0,1,200500081377A01,,,
200500081378,2005-12-15,2005,décembre,jeudi,53:0,49,49007,0,0,2,1,2,5,1,4,2,00,1,1,000,000,-1,0,1,4,1,31,1,1,9,00,2,4,2,200500081378B01,7,2,1
200500081381,2005-12-16,2005,décembre,vendredi,15:45,49,49246,0,0,2,1,3,1,1,4,2,00,1,1,000,042,1,0,5,3,1,60,1,1,9,01,0,0,0,200500081381B01,7,22,1
200500081384,2005-12-16,2005,décembre,vendredi,10:06,49,49007,0,0,2,1,3,1,1,4,1,01,1,-1,000,000,1,0,0,4,1,25,0,1,9,01,0,1,1,200500081384B01,7,22,1
200500081392,2005-12-13,2005,décembre,mardi,91:9,49,49007,0,0,2,1,3,1,1,4,1,01,1,2,000,042,1,0,1,4,2,22,5,1,9,01,0,1,1,200500081392B01,7,22,1
200500081406,2005-12-11,2005,décembre,dimanche,90:0,49,49099,0,0,2,6,3,1,1,2,3,04,2,1,000,140,2,0,0,3,1,69,5,1,9,00,2,4,2,200500081406B01,7,9,1
200500081418,2005-12-08,2005,décembre,jeudi,16:30,50,50203,0,0,2,1,3,1,1,2,3,04,2,1,000,000,1,0,1,4,1,17,0,1,2,00,2,1,1,200500081418B01,7,18,1
200500081484,2005-12-05,2005,décembre,lundi,73:0,54,54395,0,0,2,1,1,2,2,4,1,02,1,1,000,000,2,2,5,3,1,45,1,1,9,00,2,1,1,200500081484B01,2,13,1
200500081493,2005-12-10,2005,décembre,samedi,15:38,54,54395,0,0,2,2,3,1,1,4,2,02,1,1,000,000,1,0,1,3,1,19,5,1,9,00,2,1,1,200500081493A01,7,1,1
200500081552,2005-12-26,2005,décembre,lundi,10:40,56,56162,0,0,2,1,7,1,1,9,2,02,1,1,000,000,1,0,1,4,2,40,4,1,9,00,0,8,1,200500081552A01,,,
200500081563,2005-12-01,2005,décembre,jeudi,18:48,56,56260,0,0,2,3,3,5,1,4,1,02,1,1,000,000,1,0,1,4,2,36,0,1,2,00,2,1,1,200500081563B01,7,15,1
200500081584,2005-12-07,2005,décembre,mercredi,80:5,57,57480,0,0,2,2,3,2,1,4,2,02,1,1,000,076,1,0,1,4,2,56,1,1,9,00,2,1,15,200500081584A01,7,1,1
200500081675,2005-12-08,2005,décembre,jeudi,13:30,59,59295,0,0,2,3,3,1,1,3,2,02,1,1,000,086,1,0,1,3,1,58,5,1,9,00,2,1,1,200500081675A01,7,15,1
200500081697,2005-12-09,2005,décembre,vendredi,19:40,59,59378,0,0,2,1,6,5,1,4,3,08,1,1,000,074,1,5,5,3,1,58,1,1,9,00,2,1,1,200500081697B01,7,15,1
200500081698,2005-12-09,2005,décembre,vendredi,17:05,59,59350,0,0,1,1,6,2,1,4,1,04,1,1,012,144,1,0,1,4,1,11,2,1,9,00,2,1,1,200500081698B01,7,16,1
200500081700,2005-12-12,2005,décembre,lundi,15:10,59,59009,0,0,2,3,6,1,1,3,3,05,1,1,010,086,1,0,1,4,1,23,9,1,2,00,2,1,1,200500081700B01,14,16,1
200500081701,2005-12-13,2005,décembre,mardi,74:5,59,59350,0,0,2,2,3,2,1,4,2,02,1,1,000,119,1,0,1,3,2,19,5,0,0,00,2,1,1,200500081701B01,14,16,1
200500081708,2005-12-15,2005,décembre,jeudi,94:5,59,59648,0,0,2,3,3,1,1,4,3,05,1,1,015,081,1,0,1,4,1,84,5,1,9,00,2,0,15,200500081708B01,7,0,1
200500081754,2005-12-07,2005,décembre,mercredi,10:50,59,59512,0,0,2,2,6,1,2,4,3,04,1,1,000,000,2,0,1,3,1,13,0,1,2,00,2,0,19,200500081754B01,7,1,1
200500081769,2005-12-12,2005,décembre,lundi,73:0,59,59650,0,0,2,2,3,5,5,4,2,02,1,1,000,000,2,0,1,3,2,16,2,1,2,00,2,1,9,200500081769B01,7,1,1
200500081770,2005-12-21,2005,décembre,mercredi,12:10,59,59367,0,0,2,3,3,1,2,4,2,02,1,1,000,000,2,0,1,3,1,79,9,1,2,00,2,1,16,200500081770A01,7,1,1
200500081855,2005-12-26,2005,décembre,lundi,16:00,62,62119,0,0,2,1,3,1,1,4,2,02,1,2,000,000,-1,0,1,3,1,9,5,1,9,00,2,1,23,200500081855A01,7,13,1
200500081879,2005-12-14,2005,décembre,mercredi,14:35,62,62321,0,0,2,1,6,1,1,3,2,02,2,3,000,080,1,2,1,4,1,14,5,1,4,00,2,8,13,200500081879A01,7,21,1
200500081887,2005-12-19,2005,décembre,lundi,80:5,62,62107,0,0,2,1,6,3,3,9,2,02,1,1,000,018,2,0,5,4,1,35,1,1,4,00,0,4,1,200500081887B01,2,1,1
200500081891,2005-12-10,2005,décembre,samedi,15:0,62,62498,0,0,2,1,7,5,1,4,-1,00,-1,-1,000,000,-1,0,0,4,1,25,0,1,9,00,0,0,0,200500081891A01,,,
200500081893,2005-12-15,2005,décembre,jeudi,85:9,62,62498,0,0,2,1,6,1,1,4,2,02,1,1,000,100,1,0,1,2,2,20,0,1,9,00,0,8,1,200500081893B01,14,16,1
200500081897,2005-12-16,2005,décembre,vendredi,65:0,62,62386,0,0,2,1,3,5,2,4,2,02,2,1,000,070,2,0,1,4,2,53,3,1,4,00,2,1,1,200500081897B01,7,11,1
200500081901,2005-12-16,2005,décembre,vendredi,13:45,62,62516,0,0,2,1,2,1,1,3,2,02,1,1,000,074,1,0,1,3,2,18,1,1,9,00,2,4,9,200500081901B01,14,1,1
200500081904,2005-12-01,2005,décembre,jeudi,17:10,63,63113,0,0,1,1,2,1,1,4,2,02,1,3,000,070,1,0,1,4,1,34,9,1,2,00,2,1,1,200500081904A01,7,23,1
200500081942,2005-12-26,2005,décembre,lundi,11:31,63,63113,0,0,2,1,2,1,1,4,2,04,1,1,000,120,1,0,1,4,1,38,9,1,2,00,2,4,2,200500081942B01,7,2,1
200500081960,2005-12-11,2005,décembre,dimanche,17:35,64,64024,0,0,2,6,3,1,1,2,1,02,1,2,000,000,1,0,1,3,1,28,5,1,9,00,2,1,1,200500081960B01,7,16,1
200500081993,2005-12-08,2005,décembre,jeudi,75:0,64,64445,0,0,2,1,3,5,1,4,1,03,1,1,000,138,1,0,1,4,2,14,2,1,9,00,2,1,15,200500081993B01,7,15,1
200500082031,2005-12-05,2005,décembre,lundi,74:5,65,65440,0,0,2,1,3,5,3,4,2,03,1,1,000,073,2,0,1,3,1,21,1,1,9,00,2,2,19,200500082031B01,7,1,1
200500082051,2005-12-28,2005,décembre,mercredi,11:35,65,65440,0,0,2,2,3,1,1,4,3,01,1,1,015,071,1,0,1,4,2,39,5,1,9,00,2,8,18,200500082051A01,7,22,1
200500082065,2005-12-07,2005,décembre,mercredi,18:03,67,67462,0,0,2,1,2,5,3,3,2,02,3,1,000,067,2,2,1,4,1,15,5,1,9,00,0,4,2,200500082065B01,7,2,1
200500082067,2005-12-01,2005,décembre,jeudi,14:30,67,67482,0,0,2,3,6,1,1,4,2,02,1,1,179,273,1,0,1,4,2,22,2,1,4,00,4,3,6,200500082067A01,19,1,1
200500082069,2005-12-02,2005,décembre,vendredi,19:35,67,67482,0,0,2,1,3,5,2,4,2,03,1,1,000,105,2,0,1,4,1,33,1,1,9,00,2,8,1,200500082069B01,7,16,1
200500082075,2005-12-06,2005,décembre,mardi,85:0,67,67482,0,0,2,1,6,1,1,4,2,02,1,1,080,200,1,0,5,1,1,19,1,1,9,00,1,1,1,200500082075A01,,,
200500082077,2005-12-07,2005,décembre,mercredi,17:30,67,67482,0,0,2,3,3,5,2,4,2,02,1,1,000,125,2,0,1,4,1,20,2,1,9,00,2,1,1,200500082077B01,7,15,1
200500082089,2005-12-14,2005,décembre,mercredi,18:55,67,67482,0,0,2,2,3,5,2,4,2,02,1,1,000,100,2,0,1,4,2,23,2,1,9,00,2,1,1,200500082089B01,7,15,1
200500082090,2005-12-14,2005,décembre,mercredi,22:45,67,67482,0,0,2,3,1,5,1,4,2,02,1,1,000,074,2,0,1,4,1,20,5,1,9,00,2,1,5,200500082090A01,7,16,1
200500082092,2005-12-15,2005,décembre,jeudi,17:50,67,67482,0,0,2,1,3,5,1,4,2,02,1,1,000,059,1,0,5,4,1,23,5,1,4,01,0,1,1,200500082092B01,7,24,1
200500082098,2005-12-18,2005,décembre,dimanche,15:09,67,67267,0,0,2,1,3,1,2,4,2,01,1,1,000,060,2,0,1,4,1,7,5,1,4,00,2,1,19,200500082098B01,18,1,1
200500082101,2005-12-19,2005,décembre,lundi,17:00,67,67482,0,0,2,3,3,3,4,4,2,02,1,1,000,055,5,5,1,4,2,29,1,1,4,00,2,7,1,200500082101B01,7,15,1
200500082104,2005-12-20,2005,décembre,mardi,14:30,67,67482,0,0,2,2,3,1,1,4,2,02,1,3,000,070,1,0,1,4,1,74,5,1,9,00,2,2,15,200500082104A01,7,16,1
200500082105,2005-12-20,2005,décembre,mardi,19:40,67,67218,0,0,2,1,3,5,1,4,2,02,1,1,000,061,1,4,1,4,1,23,4,1,9,00,4,1,16,200500082105A01,19,1,1
200500082114,2005-12-05,2005,décembre,lundi,74:0,68,68066,0,0,2,1,3,2,1,4,2,02,1,1,000,000,2,0,1,4,1,15,2,1,4,00,0,8,1,200500082114B01,7,17,1
200500082115,2005-12-08,2005,décembre,jeudi,12:25,68,68066,0,0,2,2,3,1,1,3,2,02,2,2,010,080,2,2,0,3,1,70,3,1,2,00,2,8,9,200500082115A01,7,1,1
200500082123,2005-12-13,2005,décembre,mardi,12:45,68,68224,0,0,2,2,3,1,1,4,1,02,1,1,000,000,1,0,1,3,1,22,5,1,9,00,2,6,0,200500082123A01,7,0,1
200500082128,2005-12-22,2005,décembre,jeudi,19:50,68,68224,0,0,2,1,3,5,1,4,2,02,1,1,000,000,1,0,1,3,1,43,5,1,9,00,2,0,2,200500082128B01,2,2,1
200500082133,2005-12-22,2005,décembre,jeudi,17:55,68,68224,0,0,2,1,6,5,1,4,2,02,1,-1,000,000,1,0,1,4,1,16,1,0,0,00,0,0,0,200500082133B01,7,0,1
200500082147,2005-12-08,2005,décembre,jeudi,17:20,69,69259,0,0,2,3,3,2,8,4,2,00,1,1,000,000,2,0,1,4,2,36,5,1,2,00,2,1,1,200500082147B01,7,15,1
200500082150,2005-12-07,2005,décembre,mercredi,17:35,69,69092,0,0,2,2,1,5,1,3,2,02,1,-1,000,140,2,5,1,3,1,14,5,1,9,00,2,4,2,200500082150A01,13,2,1
200500082184,2005-12-01,2005,décembre,jeudi,16:50,72,72181,0,0,2,1,3,1,1,9,2,02,1,1,000,072,1,0,1,4,1,62,9,1,2,00,0,7,1,200500082184B01,7,1,1
200500082190,2005-12-08,2005,décembre,jeudi,74:0,72,72181,0,0,2,1,3,1,1,9,1,02,1,1,000,060,1,0,1,4,1,34,9,1,2,00,0,1,1,200500082190B01,7,1,1
200500082195,2005-12-13,2005,décembre,mardi,16:05,72,72181,0,0,2,1,1,1,1,9,1,01,1,1,000,076,1,0,1,4,2,66,9,1,2,00,0,1,1,200500082195B01,7,9,1
200500082207,2005-12-20,2005,décembre,mardi,12:07,72,72181,0,0,2,1,6,1,8,9,2,06,1,1,000,210,2,0,1,4,1,14,9,1,2,00,0,7,1,200500082207A01,,,
200500082209,2005-12-21,2005,décembre,mercredi,17:30,72,72181,0,0,2,1,3,1,8,9,1,02,2,1,000,080,1,0,1,3,1,17,9,1,2,00,0,7,19,200500082209B01,5,1,1
200500082227,2005-12-06,2005,décembre,mardi,16:55,74,74010,0,0,2,2,3,2,1,4,2,02,1,1,000,080,1,0,1,4,1,35,1,1,9,00,0,1,1,200500082227B01,7,1,1
200500082249,2005-12-21,2005,décembre,mercredi,10:00,75,75001,0,0,2,2,3,1,1,4,2,02,1,1,000,060,1,0,1,4,1,37,5,0,0,00,2,3,1,200500082249B01,17,16,1
200500082257,2005-12-21,2005,décembre,mercredi,92:5,75,75008,0,0,2,2,3,1,1,4,3,02,1,1,010,060,1,0,1,4,1,50,4,0,0,00,2,1,1,200500082257B01,7,15,1
200500082269,2005-12-21,2005,décembre,mercredi,13:00,75,75019,0,0,2,3,6,1,1,4,1,02,1,1,000,060,1,0,1,1,1,47,4,0,0,00,1,1,1,200500082269A01,,,
200500082271,2005-12-20,2005,décembre,mardi,18:50,75,75003,0,0,2,2,2,5,1,4,2,04,1,1,000,120,1,0,1,4,1,23,5,1,2,00,2,1,1,200500082271A01,7,15,1
200500082290,2005-12-10,2005,décembre,samedi,18:45,75,75015,0,0,2,1,3,5,1,4,1,02,1,1,000,030,1,0,1,4,1,23,5,0,0,00,2,1,1,200500082290B01,7,22,1
200500082303,2005-12-17,2005,décembre,samedi,15:0,75,75010,0,0,2,1,7,5,1,4,2,04,1,-1,000,120,1,0,1,4,1,22,5,0,0,00,0,0,1,200500082303A01,,,
200500082324,2005-12-23,2005,décembre,vendredi,17:00,75,75019,0,0,2,1,7,1,1,4,1,02,1,1,000,060,9,0,5,4,1,49,5,1,2,00,0,1,1,200500082324A01,,,
200500082361,2005-12-30,2005,décembre,vendredi,20:50,75,75010,0,0,2,2,3,5,2,4,1,02,1,1,000,060,2,0,1,4,2,26,5,0,0,00,2,2,1,200500082361A01,7,1,1
200500082362,2005-12-30,2005,décembre,vendredi,19:45,75,75011,0,0,2,2,3,5,2,4,1,02,1,1,000,060,2,0,1,4,2,28,1,0,0,00,2,3,1,200500082362B01,7,1,1
200500082448,2005-12-01,2005,décembre,jeudi,14:10,75,75001,0,0,2,2,6,1,1,4,1,01,1,1,000,030,1,0,1,4,1,26,5,0,0,00,1,1,1,200500082448A01,,,
200500082501,2005-12-04,2005,décembre,dimanche,13:13,75,75012,0,0,2,3,3,1,2,4,2,02,1,1,000,060,2,0,1,4,1,48,5,1,2,00,2,2,1,200500082501B01,10,22,1
200500082508,2005-12-04,2005,décembre,dimanche,12:05,75,75018,0,0,2,2,3,1,8,4,2,04,1,1,000,120,2,0,1,4,1,59,5,0,0,00,2,1,1,200500082508A01,7,16,1
200500082556,2005-12-09,2005,décembre,vendredi,54:5,75,75013,0,0,2,3,6,5,1,4,1,02,1,1,000,060,1,0,1,1,1,22,1,0,0,01,2,1,5,200500082556A01,5,1,1
200500082569,2005-12-07,2005,décembre,mercredi,16:35,75,75013,0,0,2,1,6,1,1,4,2,02,1,1,000,060,1,0,1,4,1,36,1,0,0,00,1,1,1,200500082569A01,,,
200500082571,2005-12-08,2005,décembre,jeudi,93:0,75,75016,0,0,2,1,6,1,1,4,1,01,1,1,000,030,2,0,1,4,1,28,4,0,0,15,0,1,1,200500082571A01,,,
200500082577,2005-12-08,2005,décembre,jeudi,20:05,75,75014,0,0,2,3,3,5,2,4,2,04,1,1,000,120,2,0,1,4,1,30,4,0,0,00,2,3,18,200500082577B01,7,22,1
200500082647,2005-12-09,2005,décembre,vendredi,92:0,75,75017,0,0,2,4,3,5,8,4,2,02,1,1,000,060,1,0,1,4,2,30,4,0,0,00,2,2,16,200500082647B01,14,15,1
200500082657,2005-12-11,2005,décembre,dimanche,18:55,75,75009,0,0,2,2,2,5,1,4,2,02,1,1,000,060,1,0,1,4,1,36,1,0,0,00,2,4,1,200500082657B01,7,16,1
200500082662,2005-12-12,2005,décembre,lundi,70:0,75,75018,0,0,2,3,3,5,1,4,2,03,1,1,000,090,1,0,1,4,1,35,5,0,0,00,2,3,1,200500082662B01,7,16,1
200500082663,2005-12-12,2005,décembre,lundi,17:45,75,75018,0,0,2,4,3,5,1,4,1,01,1,1,000,030,1,0,1,4,1,20,5,0,0,00,2,3,18,200500082663B01,10,22,1
200500082676,2005-12-14,2005,décembre,mercredi,93:0,75,75013,0,0,2,1,3,1,1,4,2,04,1,1,000,120,1,0,1,4,2,26,4,0,0,00,2,3,1,200500082676B01,7,17,1
200500082682,2005-12-13,2005,décembre,mardi,19:35,75,75016,0,0,2,3,3,5,1,4,2,02,1,1,000,060,1,0,1,4,2,33,5,0,0,00,2,3,1,200500082682B01,5,1,1
200500082683,2005-12-14,2005,décembre,mercredi,14:05,75,75013,0,0,2,1,7,1,2,4,2,03,1,1,000,090,2,0,1,4,2,65,9,0,0,00,0,0,1,200500082683A01,,,
200500082722,2005-12-16,2005,décembre,vendredi,90:0,75,75004,0,0,2,3,6,1,2,4,1,01,1,1,000,030,2,0,1,4,1,39,4,0,0,12,2,3,1,200500082722B01,10,16,1
200500082789,2005-12-19,2005,décembre,lundi,10:00,75,75015,0,0,2,1,6,1,2,4,2,03,1,-1,000,090,2,0,1,4,1,45,4,0,0,00,2,2,13,200500082789B01,10/ 7,0/1,2
200500082837,2005-12-22,2005,décembre,jeudi,21:00,75,75016,0,0,2,3,3,5,1,4,1,01,1,1,000,060,1,0,1,4,1,39,5,0,0,00,2,3,5,200500082837A01,2,1,1
200500082850,2005-12-01,2005,décembre,jeudi,11:00,76,76351,0,0,2,1,6,1,1,4,2,02,1,1,000,000,1,0,1,1,1,37,3,1,2,00,1,1,1,200500082850A01,,,
200500082870,2005-12-08,2005,décembre,jeudi,22:39,76,76540,0,0,2,1,3,5,1,2,3,05,2,1,000,185,1,0,1,4,2,28,5,1,9,00,2,8,1,200500082870B01,7,1,1
200500082911,2005-12-12,2005,décembre,lundi,82:0,77,77058,0,0,2,1,3,2,9,4,2,02,1,1,000,071,2,0,1,3,1,13,0,1,2,00,2,1,19,200500082911A01,7,1,1
200500082935,2005-12-04,2005,décembre,dimanche,18:07,77,77294,0,0,2,2,6,5,2,4,2,02,1,1,000,030,2,0,1,4,1,37,0,0,0,00,0,0,0,200500082935B01,,,
200500082979,2005-12-12,2005,décembre,lundi,13:45,78,78172,0,0,2,3,3,1,1,4,2,02,1,1,000,060,1,0,1,4,2,13,0,1,2,00,2,8,15,200500082979A01,7,1,1
200500082987,2005-12-06,2005,décembre,mardi,81:5,78,78297,0,0,2,1,6,5,9,4,2,02,1,1,000,057,-1,0,1,3,2,12,0,1,9,00,2,1,0,200500082987B01,7,0,1
200500083011,2005-12-12,2005,décembre,lundi,18:50,78,78498,0,0,1,1,3,5,1,3,2,04,2,1,000,000,1,2,1,4,1,29,9,1,2,00,2,0,13,200500083011B01,7,1,1
200500083029,2005-12-04,2005,décembre,dimanche,93:0,78,78551,0,0,1,1,3,1,1,3,2,02,1,1,000,067,1,0,1,3,1,67,5,1,2,00,2,8,1,200500083029B01,10,17,1
200500083030,2005-12-12,2005,décembre,lundi,82:0,78,78551,0,0,2,1,6,1,1,4,1,01,1,1,000,030,1,0,1,4,1,11,5,1,2,14,0,1,18,200500083030B01,7,22,1
200500083048,2005-12-09,2005,décembre,vendredi,81:5,78,78686,0,0,2,3,3,2,1,4,1,01,1,1,000,045,1,0,1,3,1,14,2,1,9,00,2,3,5,200500083048A01,7,1,1
200500083048,2005-12-09,2005,décembre,vendredi,81:5,78,78686,0,0,2,3,3,2,1,4,1,01,1,1,000,045,1,0,1,3,1,13,0,1,9,00,2,3,5,200500083048A01,7,1,1
200500083075,2005-12-23,2005,décembre,vendredi,15:30,78,78646,0,0,2,2,3,1,1,3,2,02,1,1,000,080,1,0,1,4,2,42,5,1,9,00,2,2,1,200500083075B01,7,15,1
200500083087,2005-12-07,2005,décembre,mercredi,84:0,80,80021,0,0,2,2,3,1,1,4,2,04,1,1,000,100,2,0,1,4,1,24,1,1,9,00,2,1,15,200500083087A01,7,16,1
200500083113,2005-12-16,2005,décembre,vendredi,80:6,81,81065,0,0,2,1,3,2,1,4,1,02,1,1,000,060,1,0,1,4,1,18,2,1,9,00,2,1,1,200500083113B01,7,9,1
200500083116,2005-12-05,2005,décembre,lundi,11:15,81,81065,0,0,2,1,7,1,1,4,1,01,1,1,000,000,1,0,4,1,2,56,5,1,9,15,0,1,14,200500083116A01,,,
200500083146,2005-12-07,2005,décembre,mercredi,16:15,83,83129,0,0,2,1,3,2,1,4,3,04,1,1,000,110,1,0,1,4,1,36,0,1,9,00,2,1,18,200500083146A01,7,15,1
200500083163,2005-12-19,2005,décembre,lundi,17:15,83,83144,0,0,2,1,3,2,1,4,2,02,1,1,000,125,1,0,1,3,1,78,5,1,4,00,2,8,17,200500083163B01,7,9,1
200500083231,2005-12-23,2005,décembre,vendredi,15:10,85,85191,0,0,2,3,3,1,1,4,2,02,1,1,000,070,1,0,1,3,1,63,5,1,9,00,2,1,2,200500083231B01,7,15,1
200500083235,2005-12-04,2005,décembre,dimanche,11:30,85,85194,0,0,2,1,2,1,1,4,2,00,1,1,000,000,1,0,1,4,1,16,5,1,9,00,2,1,1,200500083235A01,7,1,1
200500083238,2005-12-22,2005,décembre,jeudi,16:20,85,85194,0,0,2,1,2,1,1,4,2,00,1,1,000,000,1,0,1,4,2,22,5,1,2,00,2,1,1,200500083238A01,7,1,1
200500083239,2005-12-28,2005,décembre,mercredi,12:05,85,85194,0,0,2,2,3,1,1,4,2,00,1,1,000,000,1,0,1,3,1,31,5,1,9,00,2,1,2,200500083239B01,7,2,1
200500083256,2005-12-13,2005,décembre,mardi,14:40,86,86194,0,0,2,1,3,1,1,4,2,04,1,1,000,000,1,0,1,4,1,20,1,1,9,00,2,1,15,200500083256A01,7,1,1
200500083318,2005-12-07,2005,décembre,mercredi,15:55,88,88160,0,0,2,1,3,1,8,4,2,02,1,1,000,079,2,0,0,4,1,11,2,1,9,01,0,1,1,200500083318B01,7,22,1
200500083323,2005-12-28,2005,décembre,mercredi,12:15,88,88383,0,0,2,1,3,1,4,3,-1,02,2,1,000,077,9,0,1,3,1,48,4,1,9,00,0,3,2,200500083323B01,7,2,1
200500083341,2005-12-30,2005,décembre,vendredi,18:25,89,89387,0,0,2,2,3,5,9,4,2,03,1,1,000,075,7,0,1,4,1,38,5,1,9,00,2,1,1,200500083341B01,7,1,1
200500083440,2005-12-08,2005,décembre,jeudi,19:55,92,92009,0,0,2,1,6,5,2,3,2,02,1,1,000,050,1,0,1,4,2,17,0,1,9,00,2,4,21,200500083440B01,7,21,1
200500083447,2005-12-22,2005,décembre,jeudi,80:5,92,92009,0,0,2,1,6,1,1,3,1,01,1,1,000,070,1,0,1,4,1,40,1,1,9,01,0,4,21,200500083447B01,7,22/21,2
200500083520,2005-12-02,2005,décembre,vendredi,15:45,92,92044,0,0,2,1,3,1,2,4,1,02,1,1,080,080,2,0,1,4,1,34,5,1,9,01,0,1,2,200500083520B01,7,23,1
200500083547,2005-12-29,2005,décembre,jeudi,14:20,92,92050,0,0,2,1,7,1,1,4,1,01,1,1,000,040,1,0,4,4,1,7,5,1,9,00,0,0,1,200500083547A01,,,
200500083551,2005-12-10,2005,décembre,samedi,13:15,92,92051,0,0,2,1,1,1,1,4,2,02,1,1,000,000,1,0,1,4,1,44,0,1,4,00,2,1,1,200500083551A01,7,15,1
200500083578,2005-12-17,2005,décembre,samedi,20:40,92,92063,0,0,2,1,6,5,1,2,3,02,1,1,000,000,-1,0,1,4,1,35,9,1,9,01,0,1,1,200500083578B01,7,24,1
200500083579,2005-12-18,2005,décembre,dimanche,91:0,92,92063,0,0,2,2,3,1,1,1,1,01,3,3,000,000,1,3,1,4,1,70,9,1,9,00,2,4,0,200500083579B01,7,9,1