Num_Acc,date,an,mois,jour,hrmn,dep,com,lat,long,agg,int,col,lum,atm,catr,circ,nbv,prof,plan,lartpc,larrout,surf,infra,situ,grav,sexe,age,trajet,secuexist,equipement,obs,obsm,choc,manv,vehiculeid,typevehicules,manoeuvehicules,numVehicules
200500083592,2005-12-03,2005,décembre,samedi,16:45,92,92046,0,0,2,1,3,2,8,9,2,01,1,1,000,052,2,0,1,4,1,33,0,1,9,00,2,1,9,200500083592B01,7,1,1
200500083600,2005-12-11,2005,décembre,dimanche,13:25,92,92062,0,0,2,1,2,1,1,2,1,02,2,1,000,030,1,0,0,4,1,28,0,1,9,01,0,2,2,200500083600A01,7,0,1
200500083613,2005-12-06,2005,décembre,mardi,13:00,93,93005,0,0,2,1,3,1,1,3,2,00,1,1,000,000,1,0,1,4,2,7,2,1,9,00,2,1,1,200500083613B01,7,19,1
200500083665,2005-12-09,2005,décembre,vendredi,14:35,93,93047,0,0,2,1,6,1,1,3,1,01,1,1,000,040,1,0,1,4,1,14,2,1,9,00,2,4,5,200500083665B01,7,4,1
200500083669,2005-12-26,2005,décembre,lundi,18:05,93,93032,0,0,2,1,3,4,2,4,3,00,2,3,000,020,2,0,1,4,1,15,5,1,9,00,2,1,18,200500083669B01,7,16,1
200500083669,2005-12-26,2005,décembre,lundi,18:05,93,93032,0,0,2,1,3,4,2,4,3,00,2,3,000,020,2,0,1,4,1,8,0,1,9,00,2,1,18,200500083669B01,7,16,1
200500083735,2005-12-31,2005,décembre,samedi,11:25,93,93014,0,0,2,1,2,1,1,4,-1,01,2,1,005,030,2,0,4,4,1,13,5,1,9,00,0,0,2,200500083735A01,1,2,1
200500083735,2005-12-31,2005,décembre,samedi,11:25,93,93014,0,0,2,1,2,1,1,4,-1,01,2,1,005,030,2,0,4,4,1,14,5,1,9,00,9,1,2,200500083735B01,1,2,1
200500083745,2005-12-12,2005,décembre,lundi,17:20,93,93066,0,0,2,1,6,5,1,4,2,04,1,1,000,160,1,0,1,4,1,19,0,1,9,00,1,0,0,200500083745A01,,,
200500083826,2005-12-16,2005,décembre,vendredi,92:0,94,94028,0,0,2,1,6,1,1,2,1,01,1,-1,000,060,1,0,1,4,1,15,0,1,9,00,2,1,0,200500083826B01,7,0,1
200500083850,2005-12-17,2005,décembre,samedi,11:30,94,94034,0,0,2,1,3,1,1,4,2,02,1,1,000,060,1,0,1,4,2,26,4,1,9,00,2,1,2,200500083850B01,7,15,1
200500083908,2005-12-14,2005,décembre,mercredi,13:15,94,94081,0,0,2,3,3,1,1,4,2,02,1,1,000,060,1,0,1,4,1,41,5,1,9,00,2,1,1,200500083908A01,7,1,1
200500083913,2005-12-01,2005,décembre,jeudi,17:40,95,95018,0,0,2,3,3,5,1,3,2,03,2,1,000,100,1,0,1,4,1,43,5,1,9,00,2,1,1,200500083913A01,7,15,1
200500083921,2005-12-04,2005,décembre,dimanche,20:55,95,95018,0,0,2,2,7,1,1,4,2,02,4,1,000,060,1,0,0,4,1,32,5,1,9,06,0,8,16,200500083921A01,,,
200500083939,2005-12-20,2005,décembre,mardi,75:0,95,95018,0,0,2,3,3,5,1,4,2,02,2,1,000,100,1,0,1,4,1,20,1,1,4,00,2,1,1,200500083939B01,7,15,1
200500083949,2005-12-29,2005,décembre,jeudi,10:40,95,95018,0,0,2,2,3,1,1,4,2,02,1,1,000,068,1,0,1,4,1,17,5,1,2,00,2,1,16,200500083949A01,7,2,1
200500083970,2005-12-19,2005,décembre,lundi,10:15,95,95210,0,0,2,2,6,1,1,3,2,02,-1,1,300,300,1,0,1,2,1,85,3,1,9,00,2,9,0,200500083970B01,14,0,1
200500083973,2005-12-12,2005,décembre,lundi,16:35,95,95252,0,0,2,1,1,1,1,4,2,02,2,3,000,030,1,0,1,4,1,14,5,1,2,00,2,1,1,200500083973A01,7,1,1
200500083978,2005-12-14,2005,décembre,mercredi,18:30,95,95268,0,0,2,1,3,5,2,3,3,04,1,1,010,120,1,0,1,3,1,64,1,1,9,00,0,8,19,200500083978B01,7,0,1
200500083998,2005-12-23,2005,décembre,vendredi,84:0,95,95563,0,0,2,1,3,1,2,3,3,02,1,1,000,070,1,0,1,4,1,15,5,1,2,00,2,1,11,200500083998A01,7,1,1
200500084270,2005-12-02,2005,décembre,vendredi,22:10,69,69382,0,0,2,2,3,5,1,4,1,01,1,1,000,077,1,0,1,4,1,22,5,1,2,00,0,7,1,200500084270A01,7,1,1
200500084270,2005-12-02,2005,décembre,vendredi,22:10,69,69382,0,0,2,2,3,5,1,4,1,01,1,1,000,077,1,0,1,4,1,23,0,1,2,00,0,7,1,200500084270A01,7,1,1
200500084423,2005-12-29,2005,décembre,jeudi,18:00,69,69388,0,0,2,2,3,5,1,4,2,02,1,1,000,000,7,0,1,3,1,57,1,1,9,00,2,1,1,200500084423B01,7,15,1
200500084569,2005-01-13,2005,janvier,jeudi,20:00,973,97311,0,-0,1,1,1,5,1,4,2,00,-1,1,000,000,1,0,1,3,1,34,0,0,0,00,2,7,15,200500084569B02,10,1,1
200500084576,2005-01-20,2005,janvier,jeudi,18:30,974,97410,-0,0,2,1,3,1,1,4,2,01,-1,1,000,055,1,0,1,4,1,26,3,0,0,00,2,1,19,200500084576A01,7,1,1
200500084638,2005-01-26,2005,janvier,mercredi,15:25,971,97101,0,0,2,3,3,1,1,4,2,02,1,1,000,060,1,0,0,3,1,13,5,1,2,00,2,1,16,200500084638B01,7,1,1
200500084641,2005-01-26,2005,janvier,mercredi,15:30,971,97101,0,0,2,1,3,1,1,4,1,02,1,3,000,045,1,3,1,3,1,36,4,1,9,00,2,8,19,200500084641A01,7,1,1
200500084676,2005-01-09,2005,janvier,dimanche,18:40,973,97302,0,0,2,1,3,2,1,4,2,00,1,1,000,000,1,0,1,4,1,18,9,1,2,00,2,9,19,200500084676A01,7,7,1
200500084690,2005-01-08,2005,janvier,samedi,20:35,973,97302,0,0,2,1,3,5,1,2,1,00,1,1,000,000,1,0,1,4,1,16,9,1,9,00,2,8,13,200500084690A01,7,7,1
200500084693,2005-01-13,2005,janvier,jeudi,21:30,973,97302,0,0,2,1,3,5,1,4,2,00,1,1,000,000,1,0,1,4,1,12,5,1,9,00,2,8,19,200500084693B01,7,7,1
200500084697,2005-01-23,2005,janvier,dimanche,23:20,973,97302,0,0,2,1,3,5,2,4,1,00,1,3,000,000,2,0,1,4,1,50,9,1,2,00,2,8,7,200500084697B01,7,7,1
200500084700,2005-01-20,2005,janvier,jeudi,11:20,973,97302,0,0,2,1,3,1,1,4,2,00,1,1,000,000,1,0,1,1,2,15,9,1,2,00,2,7,19,200500084700A01,2,7,1
200500084707,2005-01-17,2005,janvier,lundi,14:50,973,97302,0,0,2,1,3,1,1,3,2,00,1,1,000,000,1,0,1,4,1,14,9,1,2,00,2,4,19,200500084707A01,7,7,1
200500084717,2005-01-06,2005,janvier,jeudi,18:30,974,97407,0,0,2,3,1,2,1,4,2,02,1,1,000,068,1,0,1,4,1,41,5,1,2,00,2,1,5,200500084717B01,7,15,1
200500084726,2005-01-18,2005,janvier,mardi,12:00,974,97411,0,0,2,3,3,1,1,4,2,02,1,-1,000,060,-1,0,1,4,1,22,0,1,9,00,2,1,11,200500084726B01,7,1,1
200500084731,2005-01-04,2005,janvier,mardi,10:05,974,97416,0,0,2,3,3,1,1,4,2,02,1,1,000,060,1,0,1,4,1,13,5,1,9,00,2,1,15,200500084731A01,7,1,1
200500084737,2005-01-16,2005,janvier,dimanche,91:5,974,97416,0,0,2,1,7,1,1,4,2,02,1,2,000,070,1,0,1,4,1,60,0,1,9,00,0,7,16,200500084737A01,,,
200500084742,2005-01-20,2005,janvier,jeudi,94:5,974,97416,0,0,2,3,3,1,1,4,3,02,1,1,000,070,1,0,1,4,2,31,5,1,9,00,2,7,1,200500084742A01,7,17,1
200500084751,2005-01-27,2005,janvier,jeudi,94:5,974,97416,0,0,2,3,3,1,1,4,2,02,1,1,000,100,1,1,1,4,2,31,9,0,0,00,2,2,1,200500084751B01,7,15,1
200500084755,2005-02-05,2005,février,samedi,15:00,972,97213,0,0,1,2,1,1,1,4,2,00,1,-1,030,000,1,0,1,4,1,15,0,0,0,00,2,1,0,200500084755B02,7,1,1
200500084773,2005-02-26,2005,février,samedi,15:00,971,97115,0,-0,1,1,1,1,1,4,-1,00,1,-1,000,000,1,0,0,3,1,13,5,0,0,00,2,3,13,200500084773A01,9,13,1
200500084780,2005-02-19,2005,février,samedi,12:45,971,97119,0,-0,2,1,1,1,1,3,2,02,1,1,000,000,1,0,1,3,1,21,0,0,0,00,2,4,1,200500084780B02,7,2,1
200500084789,2005-02-22,2005,février,mardi,14:00,973,97311,0,-0,2,3,3,1,1,4,2,02,1,1,063,000,1,0,1,3,1,11,5,0,0,00,2,0,15,200500084789B02,7,1,1
200500084863,2005-02-05,2005,février,samedi,20:30,972,97209,0,0,2,1,6,2,1,4,2,02,1,1,000,080,1,0,1,3,1,15,9,1,9,00,2,1,13,200500084863A01,7,1,1
200500084863,2005-02-05,2005,février,samedi,20:30,972,97209,0,0,2,1,6,2,1,4,2,02,1,1,000,080,1,0,1,4,1,15,0,1,9,00,2,1,13,200500084863A01,7,1,1
200500084889,2005-02-26,2005,février,samedi,20:00,972,97209,0,0,2,1,3,5,1,2,2,02,1,1,000,090,1,0,1,4,1,16,5,1,4,00,2,0,19,200500084889B01,7,1,1
200500084896,2005-02-09,2005,février,mercredi,10:,973,97302,0,0,2,1,3,5,1,4,3,00,1,1,000,000,2,0,1,4,1,40,9,1,2,00,2,1,19,200500084896A01,7,7,1
200500084898,2005-02-04,2005,février,vendredi,18:27,973,97302,0,0,2,1,3,2,1,4,2,00,1,1,000,000,1,0,1,4,1,17,9,1,2,00,2,4,9,200500084898A01,7,7,1
200500084912,2005-02-15,2005,février,mardi,95:0,973,97302,0,0,2,1,1,1,1,4,2,00,1,1,000,000,1,0,1,4,2,13,9,1,2,00,2,1,8,200500084912A01,7,7,1
200500084918,2005-02-17,2005,février,jeudi,12:51,973,97302,0,0,2,1,1,1,1,4,2,00,1,1,000,000,1,0,1,4,1,45,9,1,9,00,2,1,7,200500084918A01,7,7,1
200500084919,2005-02-24,2005,février,jeudi,14:50,973,97302,0,0,2,1,2,1,1,2,3,00,1,1,000,000,1,0,1,4,1,27,9,1,2,00,2,0,7,200500084919A01,7,7,1
200500084920,2005-02-23,2005,février,mercredi,20:45,973,97302,0,0,2,3,3,5,2,4,2,00,1,1,000,000,2,0,1,4,1,48,9,1,2,00,2,1,7,200500084920B01,7,9,1
200500084929,2005-02-08,2005,février,mardi,15:30,974,97411,0,0,2,1,3,1,1,4,2,02,2,1,000,060,1,0,1,4,1,43,1,1,9,00,2,1,1,200500084929B01,7,15,1
200500084953,2005-02-14,2005,février,lundi,16:05,974,97416,0,0,2,1,3,1,1,4,1,01,2,1,000,060,1,0,1,4,1,56,9,1,9,00,2,2,17,200500084953B01,7,15,1
200500084995,2005-03-09,2005,mars,mercredi,17:45,971,97118,0,-0,1,1,3,1,1,4,2,00,1,1,000,040,1,0,1,3,1,7,5,0,0,00,2,1,0,200500084995B02,7,1,1
200500085000,2005-03-07,2005,mars,lundi,19:30,971,97117,0,-0,2,1,1,5,1,2,2,02,2,1,068,000,1,0,1,4,1,35,5,0,0,00,2,1,1,200500085000B02,7,15,1
200500085010,2005-03-06,2005,mars,dimanche,14:00,973,97312,0,-0,2,2,3,1,1,4,2,02,1,1,000,044,1,0,1,4,1,18,5,0,0,00,0,1,0,200500085010B02,7,1,1
200500085026,2005-03-26,2005,mars,samedi,18:30,974,97414,-0,0,2,1,1,2,9,4,2,00,2,1,000,040,2,0,1,3,1,18,5,0,0,00,2,1,1,200500085026B02,2,1,1
200500085126,2005-03-01,2005,mars,mardi,12:35,973,97302,0,0,2,1,1,1,1,4,2,02,1,1,000,000,1,0,1,3,1,16,9,1,9,00,2,1,8,200500085126B01,2,17,1
200500085132,2005-03-02,2005,mars,mercredi,19:27,973,97302,0,0,2,1,2,5,2,9,3,00,-1,3,000,000,2,0,1,4,1,34,9,1,2,00,2,0,7,200500085132B01,7,9,1
200500085158,2005-03-01,2005,mars,mardi,19:22,974,97411,0,0,2,1,1,5,1,4,2,02,2,1,000,064,1,0,1,4,1,14,9,1,9,00,2,1,13,200500085158A01,2,1,1
200500085195,2005-04-24,2005,avril,dimanche,74:5,972,97221,0,-0,1,1,5,1,1,2,3,04,1,1,025,160,1,3,1,4,1,46,5,1,2,00,2,6,1,200500085195B02,7,1,1
200500085195,2005-04-24,2005,avril,dimanche,74:5,972,97221,0,-0,1,1,5,1,1,2,3,04,1,1,025,160,1,3,1,4,1,35,5,1,2,00,2,6,1,200500085195C03,7,1,1
200500085195,2005-04-24,2005,avril,dimanche,74:5,972,97221,0,-0,1,1,5,1,1,2,3,04,1,1,025,160,1,3,1,4,1,45,5,1,2,00,2,6,1,200500085195D04,7,1,1
200500085195,2005-04-24,2005,avril,dimanche,74:5,972,97221,0,-0,1,1,5,1,1,2,3,04,1,1,025,160,1,3,1,4,1,36,0,1,2,00,2,6,1,200500085195E05,7,1,1
200500085196,2005-04-09,2005,avril,samedi,18:15,972,97228,0,-0,2,1,7,3,1,3,2,00,-1,2,000,062,1,0,3,2,1,15,5,0,0,03,0,0,1,200500085196A01,,,
200500085201,2005-04-02,2005,avril,samedi,93:0,972,97201,0,-0,1,1,1,1,1,2,2,00,1,3,000,060,1,0,1,4,1,54,5,0,0,00,0,8,2,200500085201B02,7,2,1
200500085203,2005-04-03,2005,avril,dimanche,84:5,971,97134,0,-0,2,1,3,1,1,3,2,00,2,3,000,000,1,0,1,1,2,17,5,0,0,00,2,1,1,200500085203B02,7,1,1
200500085203,2005-04-03,2005,avril,dimanche,84:5,971,97134,0,-0,2,1,3,1,1,3,2,00,2,3,000,000,1,0,1,1,2,10,0,0,0,00,2,1,1,200500085203B02,7,1,1
200500085203,2005-04-03,2005,avril,dimanche,84:5,971,97134,0,-0,2,1,3,1,1,3,2,00,2,3,000,000,1,0,1,4,1,15,0,0,0,00,2,1,1,200500085203B02,7,1,1
200500085208,2005-04-02,2005,avril,samedi,91:5,971,97127,0,-0,1,1,1,1,1,3,2,02,1,1,000,062,1,0,1,3,1,53,5,0,0,00,2,1,2,200500085208B02,7,1,1
200500085222,2005-04-05,2005,avril,mardi,16:30,973,97307,0,-0,1,1,3,1,1,3,2,02,1,1,000,070,1,0,1,2,1,49,5,0,0,00,2,7,15,200500085222B02,18,1,1
200500085235,2005-04-27,2005,avril,mercredi,20:15,974,97415,-0,0,1,3,3,3,1,2,1,00,4,1,000,040,1,3,0,3,1,18,5,0,0,00,2,1,1,200500085235A01,7,19,1
200500085258,2005-04-15,2005,avril,vendredi,15:00,971,97103,0,-0,1,1,1,1,1,2,3,03,2,1,000,151,1,3,1,4,1,35,5,1,2,00,0,4,1,200500085258B02,7,12,1
200500085286,2005-04-19,2005,avril,mardi,61:0,971,97101,0,0,2,3,3,1,1,2,2,02,1,2,000,080,1,0,1,4,1,41,5,1,9,00,2,1,1,200500085286B01,7,1,1
200500085290,2005-04-10,2005,avril,dimanche,10:35,971,97101,0,0,2,1,5,1,1,3,2,02,3,3,000,072,1,0,1,4,1,44,4,1,2,00,2,1,1,200500085290A01,7,1,1
200500085290,2005-04-10,2005,avril,dimanche,10:35,971,97101,0,0,2,1,5,1,1,3,2,02,3,3,000,072,1,0,1,4,1,58,4,1,2,00,2,1,1,200500085290B01,7,1,1
200500085290,2005-04-10,2005,avril,dimanche,10:35,971,97101,0,0,2,1,5,1,1,3,2,02,3,3,000,072,1,0,1,4,1,44,0,1,2,00,2,1,1,200500085290C01,7,1,1
200500085295,2005-04-13,2005,avril,mercredi,84:6,974,97407,0,0,2,1,3,1,1,4,2,02,1,1,000,070,1,0,1,4,2,9,5,1,9,00,2,5,19,200500085295A01,7,2,1
200500085301,2005-04-24,2005,avril,dimanche,11:00,974,97407,0,0,2,3,2,1,1,4,2,02,1,1,000,071,1,0,1,4,1,35,5,1,2,00,2,4,2,200500085301B01,7,16,1
200500085303,2005-04-28,2005,avril,jeudi,94:0,974,97407,0,0,2,6,2,1,1,4,1,01,1,1,035,070,1,0,0,4,1,33,5,1,2,00,2,4,2,200500085303B01,7,16,1
200500085308,2005-04-20,2005,avril,mercredi,14:15,974,97411,0,0,2,3,3,1,1,4,2,02,1,1,000,070,1,0,1,4,1,11,5,1,9,00,0,4,9,200500085308B01,7,1,1
200500085315,2005-04-07,2005,avril,jeudi,14:45,974,97411,0,0,2,1,6,1,1,4,2,02,2,1,000,083,1,0,1,1,1,13,5,1,9,00,1,1,1,200500085315A01,,,
200500085324,2005-04-28,2005,avril,jeudi,11:01,974,97411,0,0,1,1,1,1,1,3,2,02,2,1,000,070,1,0,1,4,1,38,9,1,2,00,2,1,13,200500085324A01,7,1,1
200500085328,2005-04-03,2005,avril,dimanche,14:45,974,97414,0,0,2,1,1,1,1,4,2,02,1,3,000,080,1,0,1,3,1,22,5,1,9,00,2,1,13,200500085328A01,7,1,1
200500085332,2005-04-17,2005,avril,dimanche,15:20,974,97416,0,0,2,1,1,1,1,3,3,02,1,1,000,090,1,0,1,4,1,35,0,1,9,00,2,1,13,200500085332A01,7,1,1
200500085369,2005-05-06,2005,mai,vendredi,16:15,971,97112,0,-0,2,3,3,1,1,9,3,02,1,1,000,075,-1,0,1,4,1,42,5,1,2,00,2,7,1,200500085369B02,7,1,1
200500085391,2005-05-11,2005,mai,mercredi,17:30,974,97409,-0,0,2,1,5,1,1,2,2,02,1,1,000,060,-1,0,3,3,1,26,9,0,0,00,2,3,5,200500085391C03,7/ 20,4/1,2
200500085404,2005-05-14,2005,mai,samedi,12:45,974,97424,-0,0,2,1,1,1,1,4,2,02,-1,1,000,068,1,0,1,4,2,12,5,0,0,00,2,1,15,200500085404A01,7,1,1
200500085404,2005-05-14,2005,mai,samedi,12:45,974,97424,-0,0,2,1,1,1,1,4,2,02,-1,1,000,068,1,0,1,3,2,12,0,0,0,00,2,1,15,200500085404A01,7,1,1
200500085405,2005-05-25,2005,mai,mercredi,90:0,974,97424,-0,0,2,1,2,1,1,4,2,00,1,1,000,078,1,0,1,3,1,12,5,0,0,00,0,4,16,200500085405B02,7,1,1
200500085456,2005-05-27,2005,mai,vendredi,17:00,974,97415,-0,0,2,1,1,1,1,3,2,02,2,3,000,060,1,0,1,3,1,53,5,0,0,00,2,8,1,200500085456B02,7,17,1
200500085457,2005-05-29,2005,mai,dimanche,19:00,974,97415,-0,0,1,1,7,3,1,3,2,02,2,2,000,060,1,0,3,2,1,17,5,1,2,13,0,7,14,200500085457A01,,,
200500085487,2005-04-20,2005,avril,mercredi,14:25,973,97302,0,0,2,1,3,1,1,2,1,00,1,1,000,000,1,0,1,4,2,14,9,1,2,00,2,1,8,200500085487A01,7,7,1
200500085570,2005-05-12,2005,mai,jeudi,19:00,971,97120,0,0,2,1,3,4,1,4,2,02,1,1,000,060,1,0,1,4,1,15,5,1,9,00,2,0,1,200500085570B01,7,15,1
200500085586,2005-05-27,2005,mai,vendredi,74:0,971,97101,0,0,1,1,2,1,3,2,1,02,1,1,000,085,2,0,1,3,1,47,0,1,2,00,2,4,2,200500085586B01,7,2,1
200500085593,2005-05-09,2005,mai,lundi,14:40,973,97302,0,0,2,1,2,1,1,4,2,00,1,1,000,000,1,0,1,4,1,19,9,1,2,00,2,1,7,200500085593A01,7,7,1
200500085594,2005-05-12,2005,mai,jeudi,55:5,973,97302,0,0,2,1,3,2,1,3,2,00,1,1,000,000,1,0,1,4,1,33,9,1,2,00,2,0,7,200500085594A01,5,7,1
200500085597,2005-05-17,2005,mai,mardi,11:43,973,97302,0,0,2,1,3,1,2,4,2,00,1,1,000,000,2,0,1,4,1,64,9,1,2,00,2,4,15,200500085597B01,7,7,1
200500085603,2005-05-14,2005,mai,samedi,11:28,973,97302,0,0,1,1,2,1,1,2,1,00,1,1,000,000,1,0,5,4,2,32,9,1,2,01,2,1,7,200500085603B01,7,24,1
200500085617,2005-05-26,2005,mai,jeudi,20:06,973,97302,0,0,2,1,3,5,1,3,2,00,1,1,000,000,1,0,1,4,1,19,9,1,2,00,2,0,13,200500085617A01,7,7,1
200500085617,2005-05-26,2005,mai,jeudi,20:06,973,97302,0,0,2,1,3,5,1,3,2,00,1,1,000,000,1,0,1,4,1,23,0,1,2,00,2,0,13,200500085617A01,7,7,1
200500085622,2005-05-17,2005,mai,mardi,15:35,974,97407,0,0,2,1,6,1,1,4,1,01,1,1,000,040,1,0,1,4,1,15,5,1,9,01,0,1,2,200500085622A01,,,
200500085634,2005-05-11,2005,mai,mercredi,15:04,974,97411,0,0,2,1,1,1,1,4,2,02,1,1,000,060,1,0,1,4,1,5,5,1,2,00,2,1,1,200500085634B01,7,13,1
200500085646,2005-05-14,2005,mai,samedi,12:50,974,97411,0,0,2,1,3,1,1,4,2,02,2,1,000,060,1,0,1,4,1,14,5,1,2,00,2,3,15,200500085646A01,7,1,1
200500085648,2005-05-18,2005,mai,mercredi,17:00,974,97411,0,0,2,1,3,1,1,4,2,02,1,1,000,080,1,0,1,4,1,15,5,1,9,00,2,3,18,200500085648A01,7,14,1
200500085659,2005-05-27,2005,mai,vendredi,81:0,974,97416,0,0,2,1,3,1,1,4,2,02,1,1,000,060,1,0,1,4,1,13,5,1,9,00,2,2,17,200500085659B01,7,15,1
200500085680,2005-06-03,2005,juin,vendredi,19:15,971,97114,0,-0,2,1,1,4,1,6,-1,00,1,-1,000,000,-1,0,1,4,1,12,5,0,0,00,0,7,19,200500085680A01,7,1,1
200500085773,2005-06-30,2005,juin,jeudi,17:15,973,97304,0,-0,2,1,1,1,1,4,-1,00,1,1,000,050,1,0,1,3,1,6,0,0,0,00,2,7,15,200500085773B02,5,1,1
200500085776,2005-06-14,2005,juin,mardi,11:00,974,97416,-0,0,1,9,1,1,1,3,2,00,2,4,000,050,1,0,1,2,2,48,5,1,2,00,2,8,2,200500085776B02,14,17,1
200500085784,2005-06-20,2005,juin,lundi,12:45,971,97107,0,0,2,1,1,1,1,2,2,02,1,1,000,056,1,0,1,3,1,15,5,1,9,00,2,8,19,200500085784B01,7,1,1
200500085805,2005-06-07,2005,juin,mardi,11:38,974,97407,0,0,2,2,3,1,1,4,2,02,1,1,000,075,1,5,1,4,1,14,5,1,9,00,2,1,2,200500085805A01,7,2,1
200500085808,2005-06-16,2005,juin,jeudi,13:55,974,97407,0,0,2,3,3,1,1,4,1,01,1,1,000,065,1,0,1,4,1,17,5,1,9,00,2,8,16,200500085808B01,7,2,1
200500085808,2005-06-16,2005,juin,jeudi,13:55,974,97407,0,0,2,3,3,1,1,4,1,01,1,1,000,065,1,0,1,4,2,16,0,1,9,00,2,8,16,200500085808B01,7,2,1
200500085826,2005-06-16,2005,juin,jeudi,16:15,974,97411,0,0,2,1,3,1,1,4,2,02,2,1,000,052,1,0,1,4,1,14,5,1,2,00,2,1,19,200500085826A01,7,1,1
200500085840,2005-06-05,2005,juin,dimanche,15:50,974,97416,0,0,2,1,3,1,1,4,2,02,1,1,000,080,1,0,1,4,1,71,0,1,9,00,2,1,1,200500085840B01,7,15,1
200500085960,2005-07-28,2005,juillet,jeudi,15:45,972,97214,0,-0,1,1,1,1,1,3,2,02,2,3,000,065,1,0,1,3,1,18,5,0,0,00,2,1,13,200500085960B02,14,1,1
200500085968,2005-07-21,2005,juillet,jeudi,14:45,971,97107,0,-0,2,3,3,1,1,2,2,02,1,1,000,062,1,0,1,3,1,17,5,0,0,00,2,3,19,200500085968A01,7,1,1
200500085970,2005-07-30,2005,juillet,samedi,70:0,971,97107,0,-0,1,1,2,1,1,2,1,00,-1,2,000,047,1,0,1,2,1,40,5,0,0,00,0,0,0,200500085970B02,7,2,1
200500085990,2005-07-07,2005,juillet,jeudi,21:30,973,97311,0,-0,2,1,2,5,3,3,2,02,-1,1,000,060,2,0,1,3,1,57,5,0,0,00,0,4,2,200500085990B02,7,2,1
200500085995,2005-07-28,2005,juillet,jeudi,18:30,974,97408,-0,0,2,1,1,4,1,4,2,00,1,1,000,070,1,0,0,4,1,30,5,0,0,00,0,1,0,200500085995B02,7,15,1
200500086002,2005-07-07,2005,juillet,jeudi,16:30,974,97415,-0,0,1,3,3,1,1,3,2,02,2,-1,000,070,1,5,1,3,1,25,5,0,0,00,2,1,16,200500086002B02,18,1,1
200500086069,2005-07-23,2005,juillet,samedi,18:30,974,97416,-0,0,1,1,2,5,1,3,2,00,1,1,000,070,-1,0,0,3,1,20,5,1,9,00,2,4,1,200500086069A01,7,1,1
200500086077,2005-07-21,2005,juillet,jeudi,11:00,971,97107,0,0,2,1,6,1,1,4,2,01,1,1,000,040,1,0,1,1,1,15,5,1,9,00,1,1,2,200500086077A01,,,
200500086108,2005-07-20,2005,juillet,mercredi,10:47,974,97411,0,0,2,1,1,1,1,4,2,02,4,3,000,060,1,0,1,4,1,19,9,1,9,00,2,1,17,200500086108B01,7,1,1
200500086115,2005-07-24,2005,juillet,dimanche,13:04,974,97411,0,0,2,3,6,1,1,4,1,02,1,1,000,060,1,0,1,4,1,32,5,1,9,01,0,1,1,200500086115A01,,,
200500086155,2005-07-30,2005,juillet,samedi,23:5,972,97209,0,0,1,1,7,3,1,2,2,02,2,3,000,000,1,0,1,4,1,37,5,1,2,00,0,1,14,200500086155A01,,,
200500086166,2005-08-27,2005,août,samedi,23:45,972,97232,0,-0,2,1,1,5,1,4,2,02,1,1,000,070,1,0,1,2,1,16,5,0,0,00,0,8,1,200500086166B02,5,5,1
200500086172,2005-08-26,2005,août,vendredi,74:5,972,97230,0,-0,2,1,3,1,1,2,2,04,2,1,022,104,1,5,1,3,1,73,5,1,2,00,2,8,11,200500086172B02,7,11,1
200500086195,2005-08-10,2005,août,mercredi,12:30,971,97125,0,-0,2,6,1,1,1,3,-1,02,1,-1,000,077,1,0,1,3,2,27,0,0,0,00,0,0,0,200500086195B02,7,9,1
200500086266,2005-08-30,2005,août,mardi,12:30,973,97304,0,-0,2,1,3,1,1,4,2,02,1,1,000,060,1,0,1,4,2,40,1,0,0,00,2,8,19,200500086266B02,7,4,1
200500086286,2005-08-12,2005,août,vendredi,13:45,972,97209,0,0,1,1,7,1,1,4,2,02,1,1,000,040,1,0,1,4,1,10,5,1,2,00,0,1,0,200500086286A01,7,0,1
200500086294,2005-08-29,2005,août,lundi,17:26,972,97209,0,0,2,1,3,1,1,4,1,03,1,1,000,050,1,0,1,3,1,20,9,1,2,00,0,5,5,200500086294A01,7,0,1
200500086300,2005-08-15,2005,août,lundi,14:10,974,97407,0,0,2,1,3,1,1,4,2,02,1,1,000,069,1,0,1,3,1,15,5,1,9,00,2,1,19,200500086300A01,7,2,1
200500086306,2005-08-02,2005,août,mardi,13:30,974,97411,0,0,2,1,6,1,1,2,2,06,1,1,140,120,1,0,5,4,1,26,9,1,9,14,0,1,2,200500086306B01,7,2,1
200500086319,2005-08-22,2005,août,lundi,18:20,974,97411,0,0,2,1,1,2,1,4,2,02,2,1,000,070,1,0,1,4,1,35,1,1,2,00,2,1,13,200500086319A01,7,1,1
200500086320,2005-08-30,2005,août,mardi,15:55,974,97411,0,0,2,1,2,1,1,2,3,06,2,1,040,090,1,0,1,3,1,14,5,1,2,00,2,1,2,200500086320B01,7,1,1
200500086331,2005-08-18,2005,août,jeudi,16:00,974,97416,0,0,2,3,3,1,1,4,2,02,1,1,000,060,1,0,1,4,1,35,0,1,9,00,2,2,1,200500086331B01,7,15,1
200500086358,2005-09-18,2005,septembre,dimanche,73:0,971,97114,0,-0,1,1,2,1,1,2,2,03,1,1,012,180,1,0,1,3,1,52,0,1,2,00,0,4,0,200500086358B02,7,0,1
200500086366,2005-09-04,2005,septembre,dimanche,64:5,971,97125,0,-0,1,1,2,1,7,2,2,00,1,1,000,000,1,0,1,4,1,50,5,1,2,00,2,4,1,200500086366C03,7,1,1
200500086436,2005-09-28,2005,septembre,mercredi,15:30,973,97304,0,-0,2,1,3,1,1,4,2,02,1,1,000,061,1,0,1,4,1,10,5,0,0,00,2,8,15,200500086436A01,7,17,1