Num_Acc,date,an,mois,jour,hrmn,dep,com,lat,long,agg,int,col,lum,atm,catr,circ,nbv,prof,plan,lartpc,larrout,surf,infra,situ,grav,sexe,age,trajet,secuexist,equipement,obs,obsm,choc,manv,vehiculeid,typevehicules,manoeuvehicules,numVehicules
200500086436,2005-09-28,2005,septembre,mercredi,15:30,973,97304,0,-0,2,1,3,1,1,4,2,02,1,1,000,061,1,0,1,3,1,8,0,0,0,00,2,8,15,200500086436A01,7,17,1
200500086625,2005-09-02,2005,septembre,vendredi,18:05,971,97113,0,0,1,1,1,3,1,4,2,02,2,3,000,052,1,0,1,3,1,15,9,1,2,00,2,1,1,200500086625B01,7,13,1
200500086635,2005-09-17,2005,septembre,samedi,11:20,971,97120,0,0,2,1,6,1,1,4,1,01,1,1,000,065,1,0,1,4,1,80,5,0,0,00,2,1,0,200500086635B01,7,0,1
200500086672,2005-09-19,2005,septembre,lundi,11:10,974,97407,0,0,2,6,3,1,1,4,1,02,1,2,045,070,1,5,1,4,1,42,5,1,9,00,2,7,2,200500086672B01,7,2,1
200500086680,2005-09-03,2005,septembre,samedi,19:10,974,97411,0,0,2,1,3,5,2,4,2,02,1,1,000,060,-1,0,1,4,1,12,5,1,9,00,2,3,19,200500086680B01,7,21,1
200500086687,2005-09-12,2005,septembre,lundi,17:10,974,97411,0,0,2,2,3,1,1,4,2,04,1,1,000,100,1,0,1,4,1,42,5,1,9,00,2,8,1,200500086687A01,10,1,1
200500086691,2005-09-19,2005,septembre,lundi,20:01,974,97411,0,0,2,1,3,5,1,4,2,02,2,2,000,087,1,0,1,4,1,12,9,1,2,00,2,1,5,200500086691A01,7,1,1
200500086692,2005-09-20,2005,septembre,mardi,18:52,974,97411,0,0,2,1,3,5,1,4,2,02,2,1,000,072,1,0,1,4,1,17,5,1,2,00,2,1,1,200500086692B01,7,11,1
200500086767,2005-09-29,2005,septembre,jeudi,73:0,971,97107,0,0,2,2,3,1,1,4,2,02,1,1,000,058,1,0,1,3,1,15,9,1,9,00,2,1,19,200500086767A01,7,1,1
200500086775,2005-06-09,2005,juin,jeudi,18:38,973,97302,0,0,2,2,5,2,7,3,2,02,-1,-1,000,000,-1,0,1,4,1,19,9,1,2,00,2,0,1,200500086775B01,7,0/1,2
200500086785,2005-06-20,2005,juin,lundi,11:59,973,97302,0,0,2,1,2,1,9,4,2,00,1,1,000,069,1,0,1,3,1,14,9,1,9,00,2,1,2,200500086785A01,7,2,1
200500086788,2005-06-24,2005,juin,vendredi,12:21,973,97302,0,0,2,6,2,1,1,4,2,00,1,1,015,075,1,0,0,3,1,19,9,1,9,00,2,1,2,200500086788A01,7,2,1
200500086789,2005-06-26,2005,juin,dimanche,72:5,973,97302,0,0,2,6,2,1,1,4,2,00,-1,3,000,087,1,0,0,4,1,49,0,1,9,00,2,4,2,200500086789B01,7,2,1
200500086795,2005-06-24,2005,juin,vendredi,84:0,973,97302,0,0,2,1,3,1,1,4,-1,02,1,1,000,060,1,0,1,4,1,26,9,1,9,00,2,4,1,200500086795B01,7,9,1
200500086813,2005-10-04,2005,octobre,mardi,12:10,972,97209,0,0,1,1,2,1,1,4,2,02,1,1,000,500,1,0,1,4,1,15,9,1,2,00,0,1,0,200500086813A01,7,0,1
200500086845,2005-10-06,2005,octobre,jeudi,11:20,974,97407,0,0,2,1,7,1,1,4,2,02,1,1,000,065,1,0,1,4,1,40,5,1,9,00,0,0,2,200500086845A01,,,
200500086855,2005-10-29,2005,octobre,samedi,10:15,974,97407,0,0,2,1,2,1,1,4,1,01,-1,1,000,065,1,0,1,4,1,32,5,1,9,00,2,4,2,200500086855B01,7,2,1
200500086860,2005-10-07,2005,octobre,vendredi,15:00,974,97411,0,0,2,1,3,1,1,2,1,03,1,1,000,090,1,0,1,4,1,17,5,1,2,00,2,1,19,200500086860A01,7,1,1
200500086932,2005-10-28,2005,octobre,vendredi,10:50,972,97212,0,-0,2,1,7,1,1,4,-1,00,4,-1,000,047,1,0,0,3,1,17,5,0,0,11,0,1,0,200500086932A01,,,
200500086934,2005-10-03,2005,octobre,lundi,19:00,972,97201,0,-0,1,1,3,5,1,4,2,02,2,-1,000,050,1,0,1,3,1,8,5,0,0,00,2,8,19,200500086934B02,4,1,1
200500087024,2005-10-18,2005,octobre,mardi,12:15,973,97304,0,-0,2,1,1,1,1,9,2,01,-1,1,000,000,1,0,1,3,1,48,1,0,0,00,2,8,15,200500087024B02,7,1,1
200500087028,2005-10-20,2005,octobre,jeudi,19:15,974,97451,-0,0,2,1,1,3,1,3,2,02,1,1,000,062,1,0,1,2,1,21,5,0,0,00,2,1,1,200500087028B02,7,17,1
200500087039,2005-07-19,2005,juillet,mardi,10:30,973,97302,0,0,2,6,1,1,1,4,1,01,1,2,000,055,1,5,1,4,1,26,0,1,9,00,2,1,5,200500087039A01,7,1,1
200500087059,2005-08-01,2005,août,lundi,19:50,973,97302,0,0,2,1,6,3,1,4,2,00,1,4,000,077,1,0,1,4,1,12,0,1,9,00,2,1,1,200500087059A01,7,17,1
200500087083,2005-08-17,2005,août,mercredi,15:30,973,97302,0,0,1,3,3,1,1,4,2,02,1,1,000,079,1,0,1,4,1,24,0,1,2,00,2,4,1,200500087083B01,15,9,1
200500087092,2005-09-01,2005,septembre,jeudi,13:15,973,97302,0,0,2,1,3,1,1,4,1,02,1,1,000,060,1,0,1,4,1,60,0,1,9,00,2,1,2,200500087092B01,7,2,1
200500087099,2005-09-08,2005,septembre,jeudi,15:47,973,97302,0,0,2,1,1,1,1,4,2,01,1,1,024,075,1,0,0,4,1,13,0,1,9,00,0,1,1,200500087099A01,2,1,1
200500087104,2005-09-13,2005,septembre,mardi,85:0,973,97302,0,0,2,3,2,1,1,2,1,02,1,2,000,095,1,0,1,4,1,22,0,1,9,00,2,0,1,200500087104B01,7,1,1
200500087118,2005-09-16,2005,septembre,vendredi,83:5,973,97302,0,0,2,1,2,1,1,4,2,01,1,-1,015,078,1,0,0,4,1,41,0,1,9,00,9,4,5,200500087118B01,2,5,1
200500087127,2005-09-20,2005,septembre,mardi,13:15,973,97302,0,0,2,1,1,1,1,4,2,01,3,-1,000,000,1,0,1,4,2,18,0,1,2,00,9,0,0,200500087127A01,2,0,1
200500087132,2005-09-28,2005,septembre,mercredi,74:5,973,97302,0,0,1,3,2,1,1,4,2,01,2,1,000,067,1,0,1,4,1,15,0,1,9,00,2,0,1,200500087132B01,7,0,1
200500087142,2005-09-25,2005,septembre,dimanche,19:20,973,97302,0,0,2,1,6,4,1,4,2,01,1,1,000,073,1,0,1,4,1,11,0,1,2,00,9,1,0,200500087142B01,2,0,1
200500087186,2005-11-11,2005,novembre,vendredi,16:00,974,97409,-0,0,2,1,3,1,1,3,2,02,1,1,000,060,9,0,1,3,1,54,5,0,0,00,2,7,15,200500087186B02,7,1,1
200500087191,2005-11-21,2005,novembre,lundi,18:00,974,97415,-0,0,2,1,2,1,1,9,2,00,1,1,000,000,1,0,1,3,1,66,5,1,2,00,2,4,2,200500087191B02,7,2,1
200500087262,2005-11-06,2005,novembre,dimanche,21:25,971,97107,0,0,2,1,1,5,1,4,2,01,2,-1,000,050,1,0,1,3,1,16,5,1,4,00,2,1,1,200500087262B01,7,13,1
200500087263,2005-11-24,2005,novembre,jeudi,10:45,971,97107,0,0,2,2,1,1,1,4,2,01,1,1,000,050,1,0,1,3,1,20,9,1,2,00,2,1,1,200500087263B01,7,1,1
200500087322,2005-11-30,2005,novembre,mercredi,12:30,972,97209,0,0,2,2,7,1,1,3,2,02,1,1,000,050,1,0,1,4,1,31,9,1,2,16,0,1,2,200500087322B01,7,21,1
200500087329,2005-11-15,2005,novembre,mardi,18:00,974,97407,0,0,2,1,2,1,1,4,1,01,1,1,000,065,1,0,1,4,1,76,5,1,9,00,2,4,2,200500087329B01,7,2,1
200500087335,2005-11-26,2005,novembre,samedi,17:45,974,97407,0,0,2,1,1,1,1,4,2,02,1,1,000,065,1,0,1,3,1,50,5,1,9,00,2,1,2,200500087335B01,2,13,1
200500087336,2005-11-03,2005,novembre,jeudi,16:10,974,97409,0,0,1,9,2,1,1,2,3,00,1,1,000,000,1,3,1,3,1,62,5,1,2,00,2,4,1,200500087336B01,7,9,1
200500087421,2005-12-18,2005,décembre,dimanche,81:5,972,97221,0,-0,1,1,1,1,1,2,3,02,1,1,000,070,1,3,1,3,1,19,5,1,2,00,0,4,1,200500087421B02,7,14,1
200500087434,2005-12-15,2005,décembre,jeudi,74:5,971,97127,0,-0,2,1,1,1,1,3,2,02,1,1,000,080,9,0,1,4,1,33,5,0,0,00,2,1,1,200500087434B02,7,15,1
200500087448,2005-12-31,2005,décembre,samedi,23:45,971,97119,0,-0,2,1,1,5,1,2,-1,02,1,1,000,065,1,0,1,3,1,15,5,0,0,00,2,7,19,200500087448B02,7,1,1
200500087465,2005-12-12,2005,décembre,lundi,18:45,974,97420,-0,0,2,1,1,1,1,4,2,00,2,-1,000,000,1,0,1,3,1,23,5,0,0,00,2,1,1,200500087465B02,7,13,1
200500087467,2005-12-15,2005,décembre,jeudi,18:15,974,97410,-0,0,1,1,1,2,1,3,2,02,1,4,000,045,1,2,1,3,1,50,5,0,0,00,2,1,1,200500087467B02,7,1,1
200500087480,2005-12-08,2005,décembre,jeudi,75:0,974,97449,-0,0,2,1,1,1,1,2,2,02,-1,1,000,062,1,0,1,3,1,25,5,1,2,00,2,1,1,200500087480A01,7,15,1
200500087480,2005-12-08,2005,décembre,jeudi,75:0,974,97449,-0,0,2,1,1,1,1,2,2,02,-1,1,000,062,1,0,1,3,2,57,5,0,0,00,2,1,1,200500087480A01,7,15,1
200500087532,2005-12-11,2005,décembre,dimanche,15:45,974,97415,-0,0,1,1,3,1,1,3,2,01,2,3,000,050,1,0,1,3,1,18,5,0,0,00,2,1,13,200500087532A01,7,1,1
200500087556,2005-04-07,2005,avril,jeudi,16:45,972,97209,0,0,2,1,1,1,1,3,2,02,2,1,000,000,1,0,1,4,1,34,9,1,2,00,2,1,1,200500087556B01,7,15,1
200500087626,2005-05-29,2005,mai,dimanche,84:0,972,97209,0,0,2,1,1,1,1,2,3,06,1,2,000,000,1,0,1,4,1,35,9,1,4,00,2,1,1,200500087626B01,7,9,1
200500087638,2005-06-12,2005,juin,dimanche,10:25,972,97209,0,0,2,1,6,1,1,4,1,01,1,1,000,000,1,0,1,3,1,43,9,1,4,00,2,4,1,200500087638B01,7,15,1
200500087643,2005-06-19,2005,juin,dimanche,61:5,972,97209,0,0,1,1,6,1,1,2,2,02,2,1,000,120,1,0,1,3,1,37,5,1,2,00,2,1,1,200500087643B01,7,13,1
200500087670,2005-09-07,2005,septembre,mercredi,17:30,972,97213,0,0,2,3,3,1,1,4,2,02,1,1,000,080,1,0,1,3,1,13,5,1,2,00,2,8,15,200500087670B01,7,1,1
200500087719,2005-10-15,2005,octobre,samedi,90:0,973,97302,0,0,2,3,6,1,1,4,2,01,1,1,000,000,1,0,1,4,1,16,0,1,2,00,0,1,0,200500087719B01,7,0,1
200500087720,2005-10-08,2005,octobre,samedi,90:9,973,97302,0,0,2,1,2,1,1,4,2,01,1,1,000,000,1,0,1,4,1,29,0,1,2,00,9,4,0,200500087720B01,2,0,1
200500087722,2005-10-01,2005,octobre,samedi,75:0,973,97302,0,0,2,3,6,1,9,4,2,01,1,1,000,000,1,0,1,4,2,36,0,1,2,00,9,2,0,200500087722B01,7,0,1
200500087723,2005-10-04,2005,octobre,mardi,18:35,973,97302,0,0,2,3,3,5,1,4,2,01,1,-1,000,000,1,0,1,4,1,41,0,1,2,00,2,3,0,200500087723B01,7,0,1
200500087727,2005-10-12,2005,octobre,mercredi,20:20,973,97302,0,0,2,1,6,5,1,4,1,01,1,-1,000,070,1,0,1,4,1,14,0,1,2,00,9,0,0,200500087727B01,2,0,1
200500087732,2005-10-21,2005,octobre,vendredi,13:28,973,97302,0,0,1,1,6,1,1,4,2,01,1,1,000,070,1,0,1,4,1,33,0,1,2,00,0,1,0,200500087732A01,,,
200500087732,2005-10-21,2005,octobre,vendredi,13:28,973,97302,0,0,1,1,6,1,1,4,2,01,1,1,000,070,1,0,1,4,2,3,0,1,9,00,0,1,0,200500087732A01,,,
200500087740,2005-10-14,2005,octobre,vendredi,16:43,973,97302,0,0,2,1,4,1,1,4,2,01,1,1,023,012,1,0,1,4,1,9,0,1,9,00,2,1,0,200500087740A01,5/ 7,0,2
200500087749,2005-11-06,2005,novembre,dimanche,20:10,973,97302,0,0,2,3,3,5,1,4,3,01,1,1,000,090,1,0,1,4,1,14,0,1,2,00,2,1,0,200500087749A01,7,0,1
200500087750,2005-11-12,2005,novembre,samedi,18:15,973,97302,0,0,2,1,6,5,1,4,2,01,1,1,000,810,1,0,1,4,1,39,0,1,2,00,2,0,0,200500087750B01,7,0,1
200500087752,2005-11-09,2005,novembre,mercredi,70:2,973,97302,0,0,2,3,2,1,1,4,2,01,1,-1,000,000,1,0,1,4,1,16,0,1,2,00,2,4,0,200500087752B01,7,0,1
200500087755,2005-10-25,2005,octobre,mardi,16:40,973,97302,0,0,2,1,6,1,1,4,3,01,1,1,000,068,1,0,1,4,1,16,0,1,2,00,9,1,5,200500087755B01,,,
200500087761,2005-11-04,2005,novembre,vendredi,19:15,973,97302,0,0,2,1,6,5,1,4,1,01,1,1,000,082,1,0,1,4,1,17,0,1,2,00,2,1,0,200500087761B01,7,0,1
200500087766,2005-11-17,2005,novembre,jeudi,12:16,973,97302,0,0,2,1,1,1,1,4,3,01,1,1,011,029,1,0,1,4,2,12,0,1,2,00,2,1,0,200500087766A01,7,0,1
200500087777,2005-11-23,2005,novembre,mercredi,15:20,973,97302,0,0,2,1,1,1,1,4,-1,01,1,3,000,000,1,5,1,4,1,11,0,1,2,00,2,1,5,200500087777A01,7,0,1
200500087780,2005-11-18,2005,novembre,vendredi,73:0,973,97302,0,0,2,1,3,1,1,4,2,01,1,-1,000,070,1,0,1,4,1,7,0,1,2,00,2,4,0,200500087780B01,7,0,1
200500087836,2005-12-28,2005,décembre,mercredi,15:05,972,97209,0,0,2,1,7,1,1,4,2,02,2,3,000,080,1,0,1,4,1,28,5,1,2,00,0,1,14,200500087836A01,,,
200500087863,2005-12-09,2005,décembre,vendredi,16:50,972,97224,0,0,2,1,6,2,1,3,2,02,-1,-1,000,000,1,0,1,1,1,16,5,1,9,00,1,1,1,200500087863A01,,,
200500087863,2005-12-09,2005,décembre,vendredi,16:50,972,97224,0,0,2,1,6,2,1,3,2,02,-1,-1,000,000,1,0,1,4,2,22,9,0,0,00,1,1,1,200500087863A01,,,
200500087878,2005-12-26,2005,décembre,lundi,10:55,973,97302,0,0,2,3,2,1,1,4,2,01,1,1,000,119,1,0,1,4,1,7,0,1,2,00,2,1,0,200500087878B01,7,0,1
200500087885,2005-12-22,2005,décembre,jeudi,20:11,973,97302,0,0,2,2,3,5,1,4,2,01,1,-1,000,100,1,0,1,4,1,34,0,1,9,00,2,1,0,200500087885B01,7,0,1
200500087892,2005-12-25,2005,décembre,dimanche,16:45,973,97302,0,0,2,3,3,1,1,4,1,01,1,2,000,000,1,0,1,4,1,33,0,1,9,00,2,0,5,200500087892A01,7,0,1
200500087915,2005-12-16,2005,décembre,vendredi,18:55,974,97407,0,0,2,3,5,2,1,4,2,02,1,1,000,055,1,0,1,3,1,15,5,1,9,00,2,1,15,200500087915A01,7/ 13,2,2
200600000004,2006-01-10,2006,janvier,mardi,16:25,01,01053,0,0,2,1,3,2,8,4,2,02,1,1,000,080,2,0,1,4,1,13,2,1,9,00,2,6,19,200600000004B01,7,1,1
200600000023,2006-01-23,2006,janvier,lundi,14:10,03,03185,0,0,2,3,1,1,7,4,2,02,1,1,000,049,1,0,1,3,1,64,5,1,9,00,2,1,1,200600000023B01,7,15,1
200600000028,2006-01-24,2006,janvier,mardi,90:8,03,03321,0,0,2,3,7,1,1,4,2,02,1,2,000,059,1,0,1,3,1,70,5,1,9,00,0,0,21,200600000028B01,7,15,1
200600000059,2006-01-16,2006,janvier,lundi,14:15,06,06004,0,0,1,1,2,1,1,3,2,01,1,1,000,060,1,0,1,3,1,72,5,1,2,14,0,1,2,200600000059A01,18,24,1
200600000068,2006-01-10,2006,janvier,mardi,93:0,06,06123,0,0,2,1,2,1,1,4,1,04,1,1,000,118,1,0,1,4,1,68,5,1,9,00,2,4,1,200600000068B01,7,13,1
200600000280,2006-01-22,2006,janvier,dimanche,10:55,08,08409,0,0,2,3,1,1,1,3,2,03,1,1,000,128,1,0,1,3,1,63,5,1,4,00,2,1,1,200600000280B01,7,19,1
200600000286,2006-01-09,2006,janvier,lundi,22:05,10,10060,0,0,2,1,6,3,1,2,2,02,1,1,000,080,1,0,1,3,1,45,5,1,9,00,0,1,1,200600000286B01,7,1,1
200600000289,2006-01-16,2006,janvier,lundi,17:40,10,10333,0,0,2,1,3,5,1,4,2,02,1,1,000,068,-1,0,1,1,1,16,5,1,9,00,0,0,9,200600000289A01,2,17,1
200600000298,2006-01-20,2006,janvier,vendredi,15:50,12,12145,0,0,2,1,3,1,1,4,4,02,1,1,016,087,1,0,5,3,2,56,5,1,9,00,2,1,1,200600000298B01,7,1,1
200600000314,2006-01-25,2006,janvier,mercredi,10:40,13,13004,0,0,2,1,3,1,1,4,2,01,1,1,000,094,1,0,1,4,1,20,5,1,9,00,2,8,15,200600000314B01,7,17,1
200600000357,2006-01-09,2006,janvier,lundi,81:5,13,13055,0,0,2,1,2,1,1,4,2,02,-1,1,000,000,2,1,0,4,1,30,0,1,2,00,0,9,0,200600000357B01,7,0,1
200600000441,2006-01-23,2006,janvier,lundi,16:40,13,13055,0,0,2,1,3,1,1,4,2,00,1,1,000,100,1,0,1,1,1,12,5,1,9,01,2,3,15,200600000441A01,4,1,1
200600000483,2006-01-15,2006,janvier,dimanche,16:00,13,13055,0,0,2,1,6,1,1,4,1,01,1,1,000,075,1,0,1,3,2,40,0,1,9,00,2,0,0,200600000483B01,7,22,1
200600000509,2006-01-06,2006,janvier,vendredi,74:5,13,13055,0,0,2,1,7,2,8,4,2,01,2,1,000,025,2,0,1,4,1,16,2,0,0,00,0,0,1,200600000509A01,,,
200600000527,2006-01-09,2006,janvier,lundi,12:00,13,13055,0,0,2,3,3,1,1,4,2,00,1,-1,000,120,-1,0,1,4,1,44,0,1,2,00,2,1,0,200600000527B01,7,15,1
200600000565,2006-01-03,2006,janvier,mardi,16:40,13,13055,0,0,2,3,3,1,1,4,-1,01,1,-1,000,000,1,0,1,3,1,34,0,0,0,00,2,7,1,200600000565B01,7,9,1
200600000567,2006-01-24,2006,janvier,mardi,12:30,13,13055,0,0,2,1,3,1,1,4,2,02,1,1,000,000,1,0,1,3,1,63,5,1,2,00,0,1,18,200600000567B01,4,3,1
200600000575,2006-01-05,2006,janvier,jeudi,80:0,13,13039,0,0,1,1,4,1,4,2,2,02,1,1,000,060,1,0,2,4,1,37,5,1,2,00,0,4,2,200600000575C01,2,2,1
200600000575,2006-01-05,2006,janvier,jeudi,80:0,13,13039,0,0,1,1,4,1,4,2,2,02,1,1,000,060,1,0,2,4,1,62,0,1,2,00,0,4,2,200600000575B01,2,2,1
200600000618,2006-01-03,2006,janvier,mardi,14:00,14,14366,0,0,2,1,3,1,1,4,2,03,1,1,000,125,1,0,4,3,2,51,1,0,0,00,2,1,1,200600000618A01,7,23,1
200600000631,2006-01-27,2006,janvier,vendredi,12:10,17,17299,0,0,2,1,2,1,1,4,2,02,2,1,000,075,1,0,1,4,1,55,1,1,2,00,2,6,2,200600000631A01,7,23,1
200600000634,2006-01-06,2006,janvier,vendredi,75:0,17,17300,0,0,2,1,2,5,1,4,2,02,1,1,000,060,1,0,1,4,2,20,9,1,9,00,2,6,13,200600000634B01,7,1,1
200600000635,2006-01-06,2006,janvier,vendredi,75:5,17,17300,0,0,2,1,3,1,1,4,2,00,1,1,000,000,1,0,1,3,1,13,2,1,2,00,2,7,19,200600000635A01,7,1,1
200600000635,2006-01-06,2006,janvier,vendredi,75:5,17,17300,0,0,2,1,3,1,1,4,2,00,1,1,000,000,1,0,1,3,1,14,0,1,9,00,2,7,19,200600000635A01,7,1,1
200600000636,2006-01-06,2006,janvier,vendredi,93:0,17,17300,0,0,2,3,3,1,1,4,2,02,1,1,000,052,1,0,1,4,2,57,1,1,9,00,2,1,1,200600000636A01,7,0,1
200600000660,2006-01-05,2006,janvier,jeudi,13:30,17,17300,0,0,2,1,3,1,1,4,2,01,1,1,000,060,1,0,1,4,1,19,1,1,9,00,2,8,1,200600000660A01,7,0,1
200600000670,2006-01-13,2006,janvier,vendredi,75:0,18,18205,0,0,2,3,3,5,2,3,-1,00,1,1,000,050,2,0,1,4,1,16,2,1,9,00,2,0,23,200600000670B01,7,15,1
200600000686,2006-01-04,2006,janvier,mercredi,18:25,19,19031,0,0,2,3,3,5,1,4,2,02,1,1,000,059,1,0,1,4,2,85,5,1,2,00,2,1,1,200600000686B01,7,15,1
200600000700,2006-01-10,2006,janvier,mardi,16:05,19,19272,0,0,2,1,6,1,1,4,1,01,1,1,000,050,1,7,1,3,1,57,5,1,2,01,2,0,17,200600000700B01,7,17,1
200600000708,2006-01-04,2006,janvier,mercredi,93:6,21,21231,0,0,2,6,3,1,8,3,2,04,1,3,017,210,1,5,1,4,1,21,2,1,2,00,2,1,1,200600000708B01,7,1,1
200600000710,2006-01-10,2006,janvier,mardi,72:0,21,21231,0,0,2,6,3,5,1,4,2,04,1,1,000,120,1,5,1,3,1,41,1,1,2,00,2,1,15,200600000710B01,7,16,1
200600000718,2006-01-22,2006,janvier,dimanche,18:50,21,21231,0,0,2,1,3,5,1,2,2,03,1,1,000,102,1,0,1,3,2,57,5,1,2,00,2,1,0,200600000718A01,7,1,1
200600000725,2006-01-18,2006,janvier,mercredi,13:30,22,22360,0,0,2,3,6,1,1,4,2,02,1,3,000,068,1,0,1,3,1,14,5,1,9,00,2,1,13,200600000725A01,7,13,1
200600000726,2006-01-20,2006,janvier,vendredi,13:25,22,22360,0,0,2,2,6,1,2,4,2,20,1,1,000,070,2,5,1,3,1,33,1,1,9,00,2,1,9,200600000726B01,7,9,1
200600000912,2006-01-10,2006,janvier,mardi,18:30,31,31555,0,0,2,1,3,5,1,4,1,02,1,1,000,073,1,0,1,3,2,59,9,1,2,00,2,1,1,200600000912B01,7,24,1
200600000918,2006-01-13,2006,janvier,vendredi,70:0,31,31555,0,0,2,1,6,5,1,4,2,02,1,1,000,054,1,0,1,4,1,32,1,1,2,09,0,1,1,200600000918A01,,,
200600000921,2006-01-13,2006,janvier,vendredi,10:20,31,31555,0,0,2,1,3,1,1,4,2,01,1,1,000,112,1,0,1,4,2,24,0,1,2,00,2,1,1,200600000921B01,7,15,1
200600000939,2006-01-19,2006,janvier,jeudi,71:3,31,31555,0,0,2,1,3,5,1,4,1,02,1,1,000,072,1,0,1,3,2,73,5,1,2,00,2,1,1,200600000939B01,10,0,1
200600000944,2006-01-20,2006,janvier,vendredi,13:50,31,31555,0,0,2,1,6,1,1,4,1,02,1,1,000,072,1,0,1,4,1,26,0,1,2,00,2,1,0,200600000944B01,,,
200600000970,2006-01-31,2006,janvier,mardi,19:20,31,31555,0,0,2,3,3,5,1,4,2,02,2,1,000,068,1,0,1,4,1,28,4,1,2,00,2,8,1,200600000970B01,7,15,1
200600000984,2006-01-02,2006,janvier,lundi,15:25,33,33119,0,0,2,1,3,1,1,4,3,02,1,1,000,300,1,0,1,4,1,50,0,1,2,00,2,6,13,200600000984B01,18,1,1
200600000988,2006-01-06,2006,janvier,vendredi,16:40,33,33063,0,0,2,5,3,1,8,4,1,03,1,2,000,000,1,0,1,4,1,59,0,1,9,00,2,8,11,200600000988B01,7,1,1
200600000997,2006-01-09,2006,janvier,lundi,90:0,33,33063,0,0,2,3,3,1,2,4,1,02,1,1,000,080,2,0,1,3,2,36,1,1,9,00,2,1,5,200600000997A01,7,1,1
200600001025,2006-01-17,2006,janvier,mardi,17:05,33,33063,0,0,2,1,2,1,2,4,1,01,1,1,000,115,2,0,5,4,1,16,1,1,9,01,0,1,1,200600001025A01,7,24,1
200600001032,2006-01-20,2006,janvier,vendredi,17:00,33,33063,0,0,2,1,3,1,8,4,1,01,1,1,000,061,1,0,1,4,2,52,0,1,9,01,0,1,1,200600001032B01,7,22,1
200600001046,2006-01-23,2006,janvier,lundi,74:0,33,33063,0,0,2,7,3,1,1,4,2,02,1,1,000,000,1,0,1,4,2,23,1,1,4,00,2,8,15,200600001046A01,7,1,1
200600001057,2006-01-23,2006,janvier,lundi,71:0,33,33550,0,0,2,3,3,2,1,4,2,02,1,1,000,060,1,0,1,4,1,47,1,1,9,00,2,2,1,200600001057B01,7,15,1
200600001096,2006-01-21,2006,janvier,samedi,13:50,34,34032,0,0,2,1,7,1,1,4,2,03,1,1,000,090,1,0,1,4,1,17,0,1,4,00,2,1,1,200600001096B01,10,23,1
200600001125,2006-01-18,2006,janvier,mercredi,17:05,34,34172,0,0,2,1,3,1,1,4,2,02,2,1,000,060,1,0,1,4,1,11,5,1,4,00,2,8,10,200600001125A01,7,1,1
200600001150,2006-01-03,2006,janvier,mardi,80:0,35,35238,0,0,2,3,2,5,2,4,2,03,1,1,000,090,2,0,1,3,2,21,2,1,9,00,2,1,2,200600001150A01,7,2,1
200600001177,2006-01-18,2006,janvier,mercredi,12:40,35,35238,0,0,2,2,3,1,1,4,2,02,1,-1,000,060,2,0,1,4,1,50,0,1,9,00,2,1,0,200600001177B01,7,9,1
200600001183,2006-01-21,2006,janvier,samedi,18:10,35,35238,0,0,2,2,3,5,1,4,1,01,1,1,000,030,1,0,1,4,1,14,0,1,9,00,2,1,19,200600001183B01,7,15,1
200600001201,2006-01-11,2006,janvier,mercredi,82:5,36,36044,0,0,2,1,3,1,1,4,3,04,1,1,030,100,1,0,1,3,2,23,5,1,9,00,2,6,19,200600001201A01,7,1,1
200600001215,2006-01-04,2006,janvier,mercredi,12:25,37,37261,0,0,2,3,7,1,1,4,1,01,1,1,000,061,2,0,1,1,1,21,0,1,9,00,0,0,15,200600001215A01,5,0,1
200600001219,2006-01-14,2006,janvier,samedi,14:25,37,37261,0,0,2,1,7,1,1,2,2,02,1,1,000,082,1,0,1,3,1,51,5,0,0,00,0,0,1,200600001219A01,,,
200600001228,2006-01-06,2006,janvier,vendredi,10:25,38,38185,0,0,2,1,3,1,1,4,2,02,1,3,000,070,1,0,1,3,1,43,1,1,2,00,2,8,1,200600001228A01,18,1,1
200600001232,2006-01-09,2006,janvier,lundi,75:5,38,38185,0,0,2,1,6,1,1,4,2,04,1,1,000,086,1,0,5,1,1,23,0,1,4,00,1,1,1,200600001232A01,,,
200600001246,2006-01-24,2006,janvier,mardi,13:45,38,38151,0,0,2,6,3,1,1,4,2,03,1,2,000,100,1,0,1,3,1,70,5,1,4,00,2,4,1,200600001246B01,7,16,1
200600001252,2006-01-27,2006,janvier,vendredi,17:50,38,38185,0,0,2,1,2,5,4,4,2,02,1,1,000,060,2,0,1,4,1,21,4,1,2,00,2,1,1,200600001252B01,7,23,1
200600001266,2006-01-01,2006,janvier,dimanche,11:30,41,41018,0,0,2,1,3,1,7,4,2,00,1,1,000,000,1,0,1,4,1,37,9,0,0,00,2,1,1,200600001266B01,7,15,1
200600001300,2006-01-10,2006,janvier,mardi,75:6,42,42187,0,0,2,1,6,1,1,9,2,02,1,1,000,060,1,0,1,4,2,53,9,1,9,00,2,4,1,200600001300C01,7,1,1
200600001308,2006-01-19,2006,janvier,jeudi,11:20,42,42071,0,0,2,2,3,1,1,3,2,00,1,1,000,068,1,5,1,3,1,57,5,1,9,00,0,2,1,200600001308B01,14,15,1
200600001347,2006-01-09,2006,janvier,lundi,18:15,44,44055,0,0,2,1,6,5,1,4,2,02,1,1,014,040,1,0,5,1,1,40,5,1,9,00,1,1,0,200600001347A01,,,
200600001353,2006-01-03,2006,janvier,mardi,16:05,44,44109,0,0,2,3,3,1,1,4,2,02,1,1,000,073,1,0,1,3,1,25,5,1,9,00,2,1,15,200600001353B01,7,1,1