Num_Acc,date,an,mois,jour,hrmn,dep,com,lat,long,agg,int,col,lum,atm,catr,circ,nbv,prof,plan,lartpc,larrout,surf,infra,situ,grav,sexe,age,trajet,secuexist,equipement,obs,obsm,choc,manv,vehiculeid,typevehicules,manoeuvehicules,numVehicules
200600001371,2006-01-16,2006,janvier,lundi,16:50,44,44109,0,0,2,6,3,1,2,4,2,02,1,3,000,090,2,0,1,3,2,14,0,1,2,00,2,1,1,200600001371B01,7,1,1
200600001385,2006-01-21,2006,janvier,samedi,17:50,44,44109,0,0,2,1,3,1,1,4,2,02,3,1,000,190,1,0,1,4,1,14,5,1,9,00,2,8,13,200600001385B01,5,1,1
200600001401,2006-01-30,2006,janvier,lundi,64:5,44,44143,0,0,2,6,3,5,1,4,2,02,1,1,000,090,1,0,1,4,2,41,0,0,0,00,2,7,1,200600001401B01,7,1,1
200600001425,2006-01-11,2006,janvier,mercredi,17:35,45,45147,0,0,2,2,3,5,2,4,2,02,1,1,000,070,2,0,1,4,1,19,9,1,9,00,2,1,1,200600001425A01,7,1,1
200600001442,2006-01-31,2006,janvier,mardi,12:15,45,45234,0,0,2,1,1,1,1,4,3,02,1,1,044,000,1,0,5,4,1,23,4,1,2,00,2,3,9,200600001442B01,2,17,1
200600001482,2006-01-23,2006,janvier,lundi,65:1,49,49007,0,0,2,2,3,5,1,4,2,03,1,1,000,140,1,0,1,3,1,56,1,1,4,00,2,5,1,200600001482B01,14,16,1
200600001486,2006-01-21,2006,janvier,samedi,12:15,49,49015,0,0,2,1,7,1,1,4,2,02,1,1,000,060,1,0,5,4,1,55,0,1,9,00,0,1,1,200600001486A01,,,
200600001491,2006-01-26,2006,janvier,jeudi,90:0,49,49007,0,0,2,1,3,1,1,4,2,02,1,1,000,098,1,0,1,4,1,38,5,1,9,00,2,1,1,200600001491B01,7,16,1
200600001494,2006-01-27,2006,janvier,vendredi,20:13,49,49007,0,0,2,1,3,5,1,4,2,02,1,1,000,065,1,0,1,4,1,30,1,1,9,00,2,1,1,200600001494B01,7,20,1
200600001497,2006-01-27,2006,janvier,vendredi,18:18,49,49267,0,0,1,1,2,2,1,2,2,03,1,1,000,105,1,0,1,4,1,10,5,1,9,00,2,1,0,200600001497A01,7,2,1
200600001519,2006-01-17,2006,janvier,mardi,81:5,50,50602,0,0,2,1,6,5,2,3,2,02,1,1,000,061,2,0,1,4,1,53,1,1,4,00,2,8,1,200600001519B01,7,17,1
200600001624,2006-01-10,2006,janvier,mardi,16:52,56,56098,0,0,2,2,3,1,1,9,2,02,1,1,000,000,1,0,1,3,1,46,9,1,2,00,2,1,1,200600001624B01,7,1,1
200600001651,2006-01-11,2006,janvier,mercredi,80:0,57,57463,0,0,2,1,6,2,5,4,3,02,1,1,000,118,1,0,1,4,2,16,2,1,9,01,0,1,1,200600001651B01,10,22,1
200600001687,2006-01-12,2006,janvier,jeudi,21:15,59,59033,0,0,2,1,2,5,1,3,2,02,1,1,000,055,1,2,1,3,1,53,5,1,9,00,2,4,2,200600001687B01,7,2,1
200600001693,2006-01-27,2006,janvier,vendredi,15:35,59,59153,0,0,1,1,3,1,1,4,3,02,1,1,017,093,1,0,4,4,1,19,5,1,9,00,2,1,1,200600001693A01,7,1,1
200600001714,2006-01-23,2006,janvier,lundi,17:30,59,59183,0,0,2,1,3,1,1,4,2,02,1,1,000,100,1,2,1,4,1,17,2,1,2,00,2,6,1,200600001714B01,7,0,1
200600001716,2006-01-06,2006,janvier,vendredi,83:0,59,59183,0,0,2,1,3,2,1,4,2,02,1,1,000,000,1,0,1,4,2,18,2,1,2,00,2,7,1,200600001716B01,7,0,1
200600001722,2006-01-15,2006,janvier,dimanche,10:40,59,59324,0,0,2,1,1,1,1,4,-1,01,1,1,025,025,1,0,1,3,1,29,5,1,2,00,2,0,0,200600001722B01,4,0,1
200600001724,2006-01-03,2006,janvier,mardi,18:05,59,59566,0,0,2,1,2,5,8,3,2,02,1,1,000,080,2,4,1,4,1,54,5,1,4,00,2,4,1,200600001724B01,7,1,1
200600001737,2006-01-09,2006,janvier,lundi,12:30,59,59350,0,0,2,1,6,1,1,4,2,03,1,1,000,060,1,0,1,3,2,16,2,1,2,00,2,8,11,200600001737A01,7,1,1
200600001760,2006-01-18,2006,janvier,mercredi,20:50,59,59386,0,0,2,3,6,5,1,4,2,02,1,1,000,070,1,0,1,4,1,62,9,1,2,00,2,1,2,200600001760B01,7,15,1
200600001786,2006-01-31,2006,janvier,mardi,23:40,59,59350,0,0,2,2,6,5,1,4,1,02,1,1,000,120,1,0,1,4,1,38,5,1,9,00,2,1,0,200600001786B01,7,0,1
200600001826,2006-01-31,2006,janvier,mardi,85:0,59,59512,0,0,2,2,3,1,1,4,-1,00,1,1,000,000,1,0,1,3,1,20,4,1,2,00,2,1,0,200600001826A01,7,1,1
200600001827,2006-01-27,2006,janvier,vendredi,13:20,59,59512,0,0,2,2,1,1,1,4,3,02,1,1,000,000,1,0,1,3,1,21,5,1,2,00,2,1,1,200600001827B01,7,15,1
200600001836,2006-01-11,2006,janvier,mercredi,16:25,59,59599,0,0,2,2,3,1,2,4,2,02,1,1,000,067,2,0,1,3,1,53,0,1,9,00,2,1,1,200600001836B01,7,9,1
200600001843,2006-01-07,2006,janvier,samedi,17:40,59,59544,0,0,1,1,6,3,1,3,2,02,1,1,000,132,1,0,1,4,1,39,0,1,2,00,2,6,1,200600001843A01,7,1,1
200600001848,2006-01-21,2006,janvier,samedi,11:27,59,59606,0,0,2,1,6,1,1,4,2,02,1,1,000,000,1,0,1,4,1,53,0,1,2,00,2,3,1,200600001848B01,7,1,1
200600001871,2006-01-04,2006,janvier,mercredi,73:0,62,62119,0,0,2,6,6,5,1,4,2,03,1,1,000,080,1,0,1,4,1,23,5,1,9,00,2,7,5,200600001871B01,7,1,1
200600001882,2006-01-04,2006,janvier,mercredi,17:25,62,62193,0,0,2,2,6,3,1,4,2,02,1,-1,000,000,1,4,0,2,1,15,5,1,4,00,4,7,1,200600001882A01,19,1,1
200600001884,2006-01-10,2006,janvier,mardi,12:20,62,62193,0,0,2,2,3,1,1,2,2,02,1,1,000,070,1,0,0,3,1,48,1,1,9,00,2,1,1,200600001884B01,7,15,1
200600001885,2006-01-16,2006,janvier,lundi,75:5,62,62193,0,0,2,3,3,5,1,4,2,02,1,1,000,060,1,0,1,3,1,16,2,1,9,00,2,1,9,200600001885A01,7,1,1
200600001890,2006-01-13,2006,janvier,vendredi,92:0,62,62250,0,0,2,1,3,1,1,4,2,02,1,1,000,070,1,0,1,4,2,17,4,1,9,00,2,4,15,200600001890B01,7,2,1
200600001896,2006-01-20,2006,janvier,vendredi,83:0,62,62133,0,0,2,6,3,1,1,4,1,02,1,1,000,000,1,0,1,3,1,58,5,1,4,00,2,4,16,200600001896B01,7,1,1
200600001923,2006-01-09,2006,janvier,lundi,17:10,63,63113,0,0,2,1,3,1,1,4,2,02,2,1,000,070,1,0,1,4,1,33,9,1,9,00,2,1,1,200600001923B01,7,15,1
200600002005,2006-01-16,2006,janvier,lundi,13:30,64,64445,0,0,2,6,3,1,1,2,1,02,1,2,000,038,1,0,5,4,1,76,5,1,9,00,0,1,1,200600002005B01,7,16,1
200600002011,2006-01-22,2006,janvier,dimanche,10:40,64,64445,0,0,2,6,3,1,1,2,1,02,1,2,000,096,1,0,1,4,2,17,5,1,9,00,2,1,1,200600002011B01,7,16,1
200600002023,2006-01-19,2006,janvier,jeudi,17:20,64,64483,0,0,2,1,5,1,1,3,2,02,1,2,000,070,1,0,0,4,1,56,5,1,2,00,2,4,2,200600002023B01,7,2,1
200600002023,2006-01-19,2006,janvier,jeudi,17:20,64,64483,0,0,2,1,5,1,1,3,2,02,1,2,000,070,1,0,0,4,1,49,5,1,2,00,2,4,2,200600002023C01,7,2,1
200600002023,2006-01-19,2006,janvier,jeudi,17:20,64,64483,0,0,2,1,5,1,1,3,2,02,1,2,000,070,1,0,0,4,1,65,5,1,2,00,2,4,2,200600002023D01,7,2,1
200600002036,2006-01-13,2006,janvier,vendredi,16:30,65,65440,0,0,2,6,2,1,1,2,3,02,1,1,010,082,1,0,1,4,1,60,9,1,9,00,2,1,2,200600002036A01,7,1,1
200600002059,2006-01-03,2006,janvier,mardi,12:15,67,67482,0,0,2,2,3,1,1,4,2,02,1,1,020,126,1,0,1,4,1,58,1,1,9,00,2,7,1,200600002059A01,7,16,1
200600002060,2006-01-03,2006,janvier,mardi,18:35,67,67365,0,0,2,1,7,5,1,4,2,02,1,1,000,072,1,0,1,4,1,25,4,1,9,00,0,0,1,200600002060B01,7,20,1
200600002061,2006-01-04,2006,janvier,mercredi,17:15,67,67482,0,0,2,2,3,5,1,4,2,02,1,1,000,070,1,0,5,4,1,40,1,1,2,00,2,1,5,200600002061A01,7,16,1
200600002062,2006-01-04,2006,janvier,mercredi,22:05,67,67482,0,0,2,1,3,5,1,4,1,01,1,1,066,028,1,0,5,4,1,39,5,1,4,01,0,1,1,200600002062B01,7,22,1
200600002063,2006-01-05,2006,janvier,jeudi,80:0,67,67482,0,0,2,2,3,2,1,4,3,06,1,1,050,233,2,0,1,3,2,33,9,1,9,00,2,0,1,200600002063A01,7,0,1
200600002064,2006-01-05,2006,janvier,jeudi,81:5,67,67482,0,0,2,3,2,1,1,4,2,03,1,1,000,075,2,0,1,4,1,46,1,1,2,00,2,4,1,200600002064B01,7,1,1
200600002075,2006-01-15,2006,janvier,dimanche,21:25,67,67482,0,0,2,2,3,5,1,4,2,05,1,1,000,150,1,0,1,4,2,18,5,1,9,00,2,7,19,200600002075B01,7,1,1
200600002076,2006-01-17,2006,janvier,mardi,82:0,67,67482,0,0,2,2,6,2,8,4,1,00,1,1,000,033,2,0,1,4,1,20,1,1,9,00,2,1,1,200600002076B01,7,15,1
200600002081,2006-01-20,2006,janvier,vendredi,16:15,67,67482,0,0,2,2,3,2,1,4,2,02,1,1,000,086,1,5,1,3,2,54,5,1,9,00,2,8,15,200600002081B01,7,1,1
200600002085,2006-01-23,2006,janvier,lundi,19:20,67,67482,0,0,2,1,3,5,1,4,2,02,1,1,000,060,1,0,1,4,1,11,5,1,9,00,2,7,19,200600002085A01,7,1,1
200600002087,2006-01-24,2006,janvier,mardi,11:54,67,67482,0,0,2,3,6,1,1,4,2,03,2,1,000,120,1,2,5,4,1,22,5,1,9,02,2,5,1,200600002087B01,7,12,1
200600002090,2006-01-28,2006,janvier,samedi,11:30,67,67482,0,0,2,3,3,1,1,4,1,03,1,1,000,142,1,1,1,4,1,51,5,1,9,00,2,1,1,200600002090B01,10,15,1
200600002093,2006-01-10,2006,janvier,mardi,17:15,68,68066,0,0,2,1,3,5,1,4,2,02,1,1,000,090,1,0,1,4,1,77,5,1,2,00,2,8,1,200600002093B01,99,17,1
200600002094,2006-01-16,2006,janvier,lundi,11:10,68,68066,0,0,2,4,2,1,1,3,2,01,2,1,006,030,1,2,1,4,1,72,5,1,4,00,2,7,19,200600002094B01,7,1,1
200600002102,2006-01-17,2006,janvier,mardi,17:30,68,68224,0,0,2,3,2,5,2,4,2,00,1,1,000,000,2,5,1,4,2,26,3,1,4,00,2,4,1,200600002102B01,7,16,1
200600002104,2006-01-28,2006,janvier,samedi,10:0,68,68224,0,0,2,9,2,5,1,4,2,00,1,-1,000,082,1,0,1,3,1,55,1,1,4,00,2,0,1,200600002104B01,7,1,1
200600002148,2006-01-23,2006,janvier,lundi,12:00,69,69275,0,0,2,1,3,1,1,3,2,02,1,1,000,075,1,0,1,4,2,24,4,1,9,00,2,1,19,200600002148B01,7,17,1
200600002178,2006-01-11,2006,janvier,mercredi,19:45,72,72181,0,0,2,1,1,5,1,9,2,02,1,1,000,080,1,0,1,3,1,16,9,1,2,00,0,1,1,200600002178B01,5,1,1
200600002197,2006-01-26,2006,janvier,jeudi,15:05,72,72181,0,0,2,1,3,1,1,9,2,02,2,1,000,060,1,0,1,3,1,13,2,1,9,00,2,4,11,200600002197A01,7,1,1
200600002198,2006-01-27,2006,janvier,vendredi,13:25,72,72181,0,0,2,1,3,1,2,9,2,02,1,1,000,080,1,0,1,4,1,50,9,1,2,00,0,1,1,200600002198B01,2,1,1
200600002211,2006-01-21,2006,janvier,samedi,16:35,73,73065,0,0,2,1,3,1,1,4,2,02,1,1,000,065,1,0,1,4,1,41,5,1,2,00,2,1,1,200600002211B01,7,15,1
200600002213,2006-01-09,2006,janvier,lundi,75:5,74,74010,0,0,2,3,6,2,1,4,2,02,1,1,000,000,1,0,1,4,2,43,9,1,9,00,0,1,1,200600002213B01,7,15,1
200600002219,2006-01-13,2006,janvier,vendredi,15:35,74,74305,0,0,2,1,1,1,1,4,2,02,1,1,000,060,1,5,1,4,2,27,1,1,2,00,2,1,1,200600002219B01,7,0,1
200600002245,2006-01-03,2006,janvier,mardi,14:00,75,75007,0,0,2,1,6,1,1,4,2,04,1,1,000,120,1,0,1,1,2,26,9,0,0,00,1,1,1,200600002245A01,,,
200600002312,2006-01-13,2006,janvier,vendredi,18:15,75,75007,0,0,2,2,3,5,1,4,1,02,1,1,000,060,1,0,1,3,1,61,1,0,0,00,2,6,1,200600002312B01,7,9,1
200600002337,2006-01-01,2006,janvier,dimanche,20:5,75,75020,0,0,2,3,2,5,1,4,2,04,1,1,000,120,1,0,1,4,1,55,4,0,0,00,2,4,1,200600002337B01,7,1,1
200600002339,2006-01-05,2006,janvier,jeudi,12:20,75,75010,0,0,2,1,6,1,4,4,1,01,1,1,000,030,2,0,1,4,2,52,4,1,2,00,1,1,5,200600002339A01,,,
200600002347,2006-01-08,2006,janvier,dimanche,10:45,75,75006,0,0,2,2,3,1,2,4,2,02,1,1,000,060,2,0,1,4,2,57,5,0,0,00,2,3,1,200600002347A01,7,1,1
200600002353,2006-01-09,2006,janvier,lundi,19:05,75,75015,0,0,2,1,6,5,1,4,1,02,1,1,000,060,1,0,1,4,1,43,5,0,0,00,2,1,1,200600002353B01,4,0,1
200600002358,2006-01-09,2006,janvier,lundi,16:15,75,75019,0,0,2,1,3,1,1,4,1,03,1,1,000,090,1,0,1,4,1,63,5,1,2,00,2,2,19,200600002358A01,4,1,1
200600002365,2006-01-10,2006,janvier,mardi,18:50,75,75011,0,0,2,2,4,5,1,4,1,01,1,1,000,030,1,0,1,4,1,46,9,0,0,00,2,3,1,200600002365C01,7/ 4,22/1,2
200600002379,2006-01-11,2006,janvier,mercredi,84:5,75,75008,0,0,2,1,3,1,1,4,2,02,1,1,000,060,1,0,1,4,1,34,5,0,0,00,2,3,9,200600002379A01,7,1,1
200600002384,2006-01-11,2006,janvier,mercredi,19:40,75,75013,0,0,2,2,3,5,2,4,1,01,1,1,000,030,2,0,1,4,2,54,5,0,0,00,2,1,1,200600002384A01,7,15,1
200600002393,2006-01-11,2006,janvier,mercredi,13:15,75,75019,0,0,2,1,6,1,1,4,2,04,1,1,000,120,1,0,1,1,2,31,4,0,0,00,1,1,7,200600002393A01,,,
200600002421,2006-01-12,2006,janvier,jeudi,21:21,75,75006,0,0,2,1,7,5,1,4,2,04,1,1,000,120,1,0,1,4,1,37,5,0,0,00,0,0,1,200600002421A01,,,
200600002431,2006-01-12,2006,janvier,jeudi,21:45,75,75012,0,0,2,1,6,5,1,4,1,01,1,1,000,030,1,0,1,3,2,27,5,0,0,00,2,4,1,200600002431B01,7,0,1
200600002450,2006-01-14,2006,janvier,samedi,10:45,75,75017,0,0,2,3,2,1,1,4,2,02,1,1,000,060,1,0,1,4,1,57,5,0,0,00,2,4,1,200600002450B01,10,1,1
200600002456,2006-01-16,2006,janvier,lundi,10:05,75,75011,0,0,2,1,3,1,8,4,2,02,1,1,000,060,1,0,1,4,1,41,4,0,0,00,0,1,1,200600002456B01,7,24,1
200600002468,2006-01-13,2006,janvier,vendredi,13:20,75,75005,0,0,2,1,3,1,1,4,1,04,1,1,000,120,1,0,1,4,2,25,5,1,2,00,2,3,7,200600002468B01,7,16,1
200600002470,2006-01-13,2006,janvier,vendredi,18:40,75,75008,0,0,2,3,7,5,1,4,2,08,2,1,000,240,1,0,1,4,2,43,5,0,0,00,0,0,21,200600002470A01,,,
200600002489,2006-01-14,2006,janvier,samedi,82:0,75,75013,0,0,2,2,6,1,1,4,2,02,1,1,000,060,1,6,0,1,1,18,5,0,0,00,1,1,1,200600002489A01,,,
200600002509,2006-01-16,2006,janvier,lundi,81:0,75,75020,0,0,2,3,3,1,1,4,2,04,1,1,000,120,1,0,1,4,2,18,5,0,0,00,2,1,1,200600002509B01,7,16,1
200600002573,2006-01-20,2006,janvier,vendredi,17:50,75,75014,0,0,2,3,3,1,2,4,1,01,1,1,000,030,2,0,1,4,1,37,4,0,0,00,2,2,1,200600002573A01,7,1,1
200600002574,2006-01-20,2006,janvier,vendredi,17:40,75,75014,0,0,2,1,1,5,2,4,2,02,1,1,000,060,2,0,1,4,2,26,5,0,0,00,2,1,1,200600002574B01,7,5,1
200600002582,2006-01-21,2006,janvier,samedi,15:45,75,75003,0,0,2,4,3,1,1,4,1,01,1,1,000,030,1,0,1,4,1,21,5,0,0,00,2,6,2,200600002582B01,7,2,1
200600002627,2006-01-13,2006,janvier,vendredi,64:5,75,75020,0,0,2,2,3,5,1,4,2,02,1,1,000,060,1,0,1,4,1,48,5,1,2,00,2,1,1,200600002627A01,7,1,1
200600002653,2006-01-19,2006,janvier,jeudi,19:57,75,75016,0,0,2,1,2,5,1,4,2,04,1,1,000,120,1,0,1,4,1,26,5,1,2,00,2,4,23,200600002653B01,7,1,1
200600002657,2006-01-20,2006,janvier,vendredi,62:0,75,75013,0,0,2,4,3,5,2,4,1,01,1,1,000,030,2,0,1,4,1,32,5,0,0,00,2,2,19,200600002657A01,7,1,1
200600002667,2006-01-25,2006,janvier,mercredi,75:0,75,75018,0,0,2,2,3,5,1,4,1,02,1,1,000,060,1,0,1,4,1,39,4,0,0,00,2,2,15,200600002667B01,7,15,1
200600002753,2006-01-31,2006,janvier,mardi,19:20,75,75014,0,0,2,1,3,5,1,4,2,04,1,1,000,120,1,0,1,4,1,23,5,0,0,00,2,2,1,200600002753B01,7,22,1
200600002841,2006-01-16,2006,janvier,lundi,11:45,76,76540,0,0,2,1,3,1,1,4,1,02,1,1,000,060,1,0,1,4,1,36,1,1,9,00,2,1,1,200600002841B01,7,22,1
200600002851,2006-01-21,2006,janvier,samedi,82:0,76,76322,0,0,2,1,3,1,1,4,2,02,1,1,000,055,1,0,1,4,1,45,5,1,9,00,2,1,1,200600002851B01,7,15,1
200600002903,2006-01-14,2006,janvier,samedi,14:40,77,77067,0,0,1,1,6,1,1,3,2,02,2,1,000,060,1,0,1,3,1,34,5,1,2,00,6,0,0,200600002903A01,,,
200600002919,2006-01-31,2006,janvier,mardi,15:50,77,77241,0,0,2,1,6,1,1,3,2,01,1,-1,000,050,1,0,1,4,1,44,5,1,2,00,0,0,0,200600002919A01,,,
200600002925,2006-01-28,2006,janvier,samedi,17:20,77,77458,0,0,1,9,7,1,8,3,2,02,1,1,000,060,7,0,1,2,1,74,0,1,9,00,0,0,1,200600002925A01,,,
200600002933,2006-01-30,2006,janvier,lundi,14:00,77,77146,0,0,1,6,3,1,1,4,1,01,1,3,000,060,1,0,1,4,1,31,5,1,9,00,0,4,2,200600002933B01,7,2,1
200600002954,2006-01-22,2006,janvier,dimanche,12:40,78,78015,0,0,2,1,3,1,1,3,2,02,2,1,000,062,1,0,1,4,1,50,5,1,2,00,2,8,1,200600002954B01,7,17,1
200600003024,2006-01-17,2006,janvier,mardi,11:15,78,78646,0,0,2,1,3,1,2,4,2,02,1,1,000,100,2,0,1,4,2,14,2,1,2,00,2,2,1,200600003024B01,7,17,1
200600003032,2006-01-13,2006,janvier,vendredi,17:50,78,78146,0,0,2,3,3,1,1,3,1,01,2,1,000,046,1,0,1,4,1,30,5,1,4,00,0,6,19,200600003032B01,7,14,1
200600003055,2006-01-25,2006,janvier,mercredi,74:0,80,80021,0,0,2,1,3,5,1,4,2,03,1,1,000,090,1,0,1,4,2,50,1,1,9,00,2,7,1,200600003055B01,7,10,1
200600003060,2006-01-16,2006,janvier,lundi,10:45,81,81004,0,0,2,1,3,1,8,4,2,02,1,1,000,045,1,5,1,3,1,67,5,1,4,00,2,3,0,200600003060B01,7,9,1
200600003064,2006-01-01,2006,janvier,dimanche,10:40,81,81065,0,0,2,2,3,1,1,3,1,02,1,2,000,080,1,0,1,4,1,49,5,1,2,00,2,5,1,200600003064B01,7,9,1
200600003086,2006-01-25,2006,janvier,mercredi,10:00,82,82121,0,0,2,3,3,1,1,4,2,02,1,1,000,000,1,0,0,3,1,54,4,1,9,00,2,1,19,200600003086A01,7,1,1
200600003100,2006-01-24,2006,janvier,mardi,18:12,83,83061,0,0,1,1,3,3,1,3,2,01,1,1,000,060,1,0,1,3,1,52,5,1,9,00,2,8,13,200600003100B01,7,13,1
200600003107,2006-01-09,2006,janvier,lundi,11:20,83,83009,0,0,2,4,3,1,1,4,1,01,1,1,000,055,1,0,1,2,1,81,5,1,9,00,2,7,1,200600003107A01,7,1,1
200600003125,2006-01-31,2006,janvier,mardi,17:00,83,83126,0,0,2,1,3,1,1,3,3,04,2,1,000,000,1,0,1,4,1,36,5,1,9,00,2,8,1,200600003125B01,7,19,1
200600003151,2006-01-04,2006,janvier,mercredi,75:0,84,84007,0,0,2,1,3,1,1,4,2,02,1,1,000,060,1,0,1,4,2,51,4,1,2,00,2,8,19,200600003151B01,7,1,1
200600003157,2006-01-20,2006,janvier,vendredi,17:30,84,84007,0,0,2,2,3,5,6,2,2,02,1,1,000,110,1,5,1,4,2,53,5,1,9,00,2,1,1,200600003157B01,7,15,1
200600003163,2006-01-05,2006,janvier,jeudi,19:19,84,84035,0,0,2,1,1,2,1,4,2,02,1,1,000,070,1,0,1,3,1,22,0,1,9,00,2,3,16,200600003163A01,7,1,1
200600003175,2006-01-25,2006,janvier,mercredi,74:0,85,85191,0,0,2,1,6,5,1,4,2,02,1,1,000,140,1,0,1,3,1,38,1,1,2,00,0,8,2,200600003175B01,14,2,1
200600003179,2006-01-25,2006,janvier,mercredi,14:35,85,85194,0,0,2,9,6,1,1,9,1,01,2,1,000,038,1,0,4,1,1,15,5,1,9,00,1,1,1,200600003179A01,,,
200600003243,2006-01-30,2006,janvier,lundi,18:05,88,88160,0,0,2,1,2,3,8,4,2,02,2,1,000,056,7,0,1,4,1,23,5,1,2,00,2,4,1,200600003243A01,7,2,1
200600003247,2006-01-18,2006,janvier,mercredi,64:5,89,89024,0,0,2,2,3,5,2,2,2,02,1,1,000,091,2,5,1,4,1,53,1,1,9,00,2,1,1,200600003247B01,7,15,1
200600003310,2006-01-14,2006,janvier,samedi,16:00,91,91645,0,0,1,6,3,1,1,3,2,02,1,3,000,000,1,5,1,4,1,20,5,1,2,00,2,1,1,200600003310B01,7,1,1
200600003314,2006-01-21,2006,janvier,samedi,90:0,91,91645,0,0,2,1,3,1,1,4,1,01,1,1,000,000,1,0,1,4,2,22,5,1,2,01,0,1,1,200600003314B01,7,24,1
200600003320,2006-01-21,2006,janvier,samedi,19:55,91,91549,0,0,2,1,2,5,1,4,2,02,1,1,000,000,1,0,1,4,1,23,4,1,2,00,2,1,1,200600003320A01,7,13,1
200600003321,2006-01-24,2006,janvier,mardi,83:5,91,91549,0,0,2,1,7,2,1,4,2,02,1,1,000,060,1,0,1,4,1,25,9,1,9,00,2,1,1,200600003321B01,7,15,1
200600003333,2006-01-12,2006,janvier,jeudi,12:05,92,92004,0,0,2,9,3,1,1,3,2,02,-1,-1,000,060,1,0,1,4,1,26,0,1,9,00,2,2,19,200600003333B01,10,15,1
200600003388,2006-01-11,2006,janvier,mercredi,75:0,92,92025,0,0,2,3,6,5,1,4,2,02,1,1,000,070,1,0,1,3,2,59,4,1,9,00,2,1,1,200600003388A01,10,15,1
200600003434,2006-01-04,2006,janvier,mercredi,12:10,92,92049,0,0,2,6,2,1,1,3,2,02,1,1,000,082,-1,0,1,4,2,24,5,1,9,00,2,1,2,200600003434A01,7,23,1
200600003443,2006-01-25,2006,janvier,mercredi,14:20,92,92049,0,0,2,1,3,1,1,3,2,02,1,1,000,085,1,0,1,1,1,73,3,0,0,00,2,1,19,200600003443A01,7,2,1
200600003552,2006-01-24,2006,janvier,mardi,85:2,93,93007,0,0,2,1,6,1,1,4,1,01,1,1,000,070,1,0,1,4,1,13,2,1,9,01,0,7,1,200600003552B01,7,24,1
200600003582,2006-01-19,2006,janvier,jeudi,92:0,93,93029,0,0,2,1,6,1,1,3,2,02,1,1,000,200,1,0,1,3,2,29,5,1,9,00,2,0,1,200600003582B01,13,22,1
200600003614,2006-01-13,2006,janvier,vendredi,93:0,93,93063,0,0,2,1,6,1,8,2,2,02,1,-1,000,070,1,0,1,3,1,23,0,1,9,00,2,1,21,200600003614A01,13,2,1
200600003653,2006-01-31,2006,janvier,mardi,18:20,93,93053,0,0,2,1,7,3,1,3,2,01,2,3,000,070,1,0,4,3,1,46,0,0,0,12,2,8,2,200600003653B01,7,0,1
200600003749,2006-01-11,2006,janvier,mercredi,15:50,94,94044,0,0,2,1,6,1,2,4,2,02,1,1,000,066,2,0,1,2,1,84,5,1,9,00,2,2,16,200600003749A01,2,1,1
200600003754,2006-01-20,2006,janvier,vendredi,53:5,94,94017,0,0,2,3,3,5,2,3,1,01,1,1,000,000,2,0,1,4,1,21,1,1,2,00,2,1,19,200600003754B01,7,2,1
200600003778,2006-01-13,2006,janvier,vendredi,21:35,94,94028,48.78932,2.43892,2,1,2,2,1,2,-1,02,-1,-1,000,060,-1,0,1,4,1,30,5,1,4,00,2,4,2,200600003778B01,7,2,1
200600003826,2006-01-17,2006,janvier,mardi,91:5,94,94041,0,0,2,1,2,2,3,2,2,04,1,1,000,000,1,0,1,3,1,33,1,1,2,00,2,1,1,200600003826B01,7,4,1
200600003843,2006-01-30,2006,janvier,lundi,15:40,94,94058,0,0,2,1,2,1,1,4,2,01,1,1,000,067,1,0,1,4,1,12,0,1,9,00,2,4,13,200600003843A01,7,1,1
200600003847,2006-01-02,2006,janvier,lundi,18:40,94,94068,0,0,2,2,3,5,1,2,1,02,1,1,000,057,1,0,1,4,1,18,5,1,9,00,2,1,5,200600003847A01,7,15,1
200600003849,2006-01-10,2006,janvier,mardi,90:5,94,94068,0,0,2,2,3,1,1,4,1,01,2,1,000,057,1,0,1,4,1,17,2,1,9,00,2,4,1,200600003849A01,7,1,1
200600003851,2006-01-06,2006,janvier,vendredi,10:38,94,94068,0,0,2,1,6,1,1,3,2,03,1,1,000,000,1,0,1,3,2,26,4,1,9,00,2,1,19,200600003851B01,7,1,1
200600003918,2006-01-20,2006,janvier,vendredi,20:35,95,95476,0,0,2,1,2,4,1,3,3,04,1,1,020,148,2,0,1,3,2,45,1,1,2,00,0,4,1,200600003918A01,7,1,1
200600003942,2006-01-02,2006,janvier,lundi,83:5,95,95563,0,0,2,1,3,1,1,3,3,04,3,1,000,064,1,0,1,4,2,13,5,1,2,00,2,8,19,200600003942B01,7,1,1
200600004179,2006-01-16,2006,janvier,lundi,16:05,69,69382,0,0,2,1,2,1,1,4,2,02,1,1,000,000,1,0,1,4,1,24,0,1,9,00,2,0,2,200600004179B01,7,1,1
200600004239,2006-01-13,2006,janvier,vendredi,11:20,69,69383,0,0,2,1,2,1,1,4,2,03,1,1,000,000,1,0,1,4,1,23,9,1,9,00,2,1,2,200600004239A01,7,1,1
200600004243,2006-01-19,2006,janvier,jeudi,81:0,69,69383,0,0,2,1,2,1,1,4,2,03,1,1,000,000,1,0,1,4,2,28,1,1,9,00,2,1,2,200600004243A01,7,1,1
200600004245,2006-01-20,2006,janvier,vendredi,22:50,69,69386,0,0,2,1,2,5,2,4,1,03,1,1,000,000,2,0,1,4,1,31,5,1,9,00,2,1,1,200600004245A01,7,1,1
200600004253,2006-01-27,2006,janvier,vendredi,83:5,69,69386,0,0,2,2,3,1,4,4,2,04,1,1,000,000,2,0,1,4,2,21,2,1,2,00,2,1,19,200600004253B01,7,1,1