Num_Acc,date,an,mois,jour,hrmn,dep,com,lat,long,agg,int,col,lum,atm,catr,circ,nbv,prof,plan,lartpc,larrout,surf,infra,situ,grav,sexe,age,trajet,secuexist,equipement,obs,obsm,choc,manv,vehiculeid,typevehicules,manoeuvehicules,numVehicules
200600004256,2006-01-16,2006,janvier,lundi,12:25,69,69384,0,0,2,1,6,1,1,4,2,02,1,1,000,123,1,0,1,4,1,32,2,1,2,01,0,7,1,200600004256B01,7,22,1
200600004305,2006-01-04,2006,janvier,mercredi,20:20,69,69388,0,0,2,1,6,5,1,4,1,00,1,1,000,000,1,0,1,3,1,61,5,1,9,01,2,1,20,200600004305B01,5/ 7,1/24,2
200600004405,2006-01-17,2006,janvier,mardi,14:00,59,59303,50.577,2.862,1,2,3,1,8,3,2,02,1,2,000,109,2,0,1,3,1,77,5,0,0,00,0,8,15,200600004405B02,14,1,1
200600004417,2006-01-14,2006,janvier,samedi,10:45,59,59335,50.471,3.402,2,1,3,1,7,3,2,02,1,3,000,060,1,0,0,3,2,70,3,0,0,00,0,8,1,200600004417B02,7,15,1
200600004430,2006-01-23,2006,janvier,lundi,16:15,62,62770,0,0,1,1,3,1,1,3,2,02,1,2,000,072,1,0,1,3,1,15,2,0,0,00,2,1,13,200600004430A01,7,1,1
200600004461,2006-01-12,2006,janvier,jeudi,15:30,80,80826,0,0,2,1,1,1,7,4,2,00,-1,-1,000,000,-1,0,1,2,1,67,5,0,0,00,0,4,1,200600004461B02,7,2,1
200600004527,2006-01-07,2006,janvier,samedi,12:00,76,76215,49.944,1.185,1,1,2,1,1,3,2,00,1,1,000,110,1,0,1,2,1,44,5,0,0,00,2,4,1,200600004527B02,7,2,1
200600004544,2006-01-15,2006,janvier,dimanche,12:30,76,76315,0,0,2,1,1,1,1,3,2,00,1,4,000,067,2,0,1,4,1,64,5,1,2,00,2,1,1,200600004544A01,7,13,1
200600004550,2006-01-12,2006,janvier,jeudi,13:15,27,27507,48.912,1.277,2,1,1,1,1,4,2,02,1,1,000,045,-1,5,1,3,2,11,2,1,2,00,0,1,19,200600004550A01,7,1,1
200600004569,2006-01-21,2006,janvier,samedi,16:45,27,27349,49.327,0.73,2,1,1,1,1,4,2,02,2,2,000,000,1,0,1,3,1,22,0,1,2,00,2,1,13,200600004569B02,7,1,1
200600004571,2006-01-06,2006,janvier,vendredi,14:30,35,35047,0,0,2,1,3,1,1,4,2,01,1,1,000,040,1,5,1,2,1,61,5,0,0,00,0,0,0,200600004571B02,21,16,1
200600004579,2006-01-24,2006,janvier,mardi,15:00,35,35013,0,0,1,1,3,1,1,3,2,02,1,1,000,058,1,0,1,3,1,81,5,0,0,00,2,8,17,200600004579B02,18,1,1
200600004626,2006-01-22,2006,janvier,dimanche,11:30,56,56176,0,0,1,1,2,1,1,3,2,00,-1,1,000,063,-1,0,0,2,1,46,5,1,2,00,2,1,1,200600004626B02,10,4,1
200600004660,2006-01-29,2006,janvier,dimanche,14:45,50,50001,0,0,1,3,3,1,7,3,2,02,1,1,000,070,1,5,1,3,1,64,5,0,0,00,2,6,1,200600004660B02,7,19,1
200600004688,2006-01-19,2006,janvier,jeudi,14:15,44,44102,0,0,2,1,7,1,1,3,-1,00,-1,1,000,000,1,0,4,3,1,56,0,1,2,15,0,0,20,200600004688A01,,,
200600004695,2006-01-24,2006,janvier,mardi,73:0,44,44003,47.379,-1.179,2,6,5,5,1,4,1,01,1,3,110,080,1,5,1,2,1,12,2,0,0,00,0,7,1,200600004695B02,7,9/0,2
200600004761,2006-01-16,2006,janvier,lundi,17:30,85,85019,0,0,1,1,2,1,1,3,2,01,-1,1,000,072,1,0,1,3,1,82,5,0,0,00,0,4,0,200600004761B02,7,17,1
200600004850,2006-01-12,2006,janvier,jeudi,17:05,47,47310,0,0,2,2,3,1,1,3,2,02,1,1,000,061,1,0,1,3,1,13,3,1,2,00,2,8,19,200600004850B02,7,1,1
200600004861,2006-01-11,2006,janvier,mercredi,15:00,64,64495,43.36,-1.55,2,1,3,1,1,3,2,02,1,1,000,061,1,0,1,3,1,43,5,1,2,00,2,3,1,200600004861B02,7,20,1
200600004881,2006-01-25,2006,janvier,mercredi,18:00,16,16073,0,0,1,1,3,2,1,3,2,00,1,-1,000,053,1,0,0,3,2,88,5,0,0,00,0,7,0,200600004881B02,7,17,1
200600004902,2006-01-10,2006,janvier,mardi,74:5,17,17086,0,0,1,1,1,3,5,3,2,02,2,1,000,000,1,0,1,3,1,23,1,0,0,00,2,4,1,200600004902B02,7,17,1
200600004962,2006-01-12,2006,janvier,jeudi,16:45,31,31494,0,0,2,1,1,1,1,3,2,02,3,3,000,049,2,0,1,3,1,10,5,0,0,00,2,1,9,200600004962B02,18,1,1
200600005060,2006-01-16,2006,janvier,lundi,10:00,01,01004,0,0,2,6,3,1,1,4,2,00,1,-1,000,000,1,0,1,3,1,83,3,0,0,00,2,7,1,200600005060A01,7,9,1
200600005095,2006-01-19,2006,janvier,jeudi,16:30,26,26196,44.893,4.92,1,1,2,1,1,3,2,02,2,1,000,062,1,0,1,3,1,54,5,1,2,00,2,4,1,200600005095B02,18,1,1
200600005095,2006-01-19,2006,janvier,jeudi,16:30,26,26196,44.893,4.92,1,1,2,1,1,3,2,02,2,1,000,062,1,0,1,2,1,47,0,1,2,00,2,4,1,200600005095B02,18,1,1
200600005163,2006-01-23,2006,janvier,lundi,10:45,73,73241,45.603,6.296,1,1,2,1,1,3,2,00,1,1,000,064,1,0,1,2,1,80,5,1,2,01,0,1,1,200600005163B02,15,23,1
200600005179,2006-01-15,2006,janvier,dimanche,11:40,74,74256,0,0,2,1,1,1,1,4,2,02,-1,1,000,060,1,5,1,3,1,43,5,0,0,00,0,1,1,200600005179B02,7,15,1
200600005188,2006-01-27,2006,janvier,vendredi,80:0,74,74037,46.212,6.405,2,1,1,1,1,3,2,02,1,-1,000,090,1,0,1,3,1,75,5,0,0,00,0,1,15,200600005188A01,7,15,1
200600005196,2006-01-24,2006,janvier,mardi,73:0,63,63214,45.69,3.19,2,2,1,2,9,4,2,02,1,1,000,000,9,0,0,3,1,16,2,1,9,00,2,1,1,200600005196B02,7,15,1
200600005297,2006-01-03,2006,janvier,mardi,15:30,67,67101,48.529,7.496,2,1,1,1,1,6,-1,00,-1,1,000,000,1,0,1,3,1,62,3,0,0,00,2,1,1,200600005297B02,7,1,1
200600005437,2006-01-13,2006,janvier,vendredi,72:0,89,89304,0,0,1,1,1,3,5,3,2,02,1,1,000,069,1,0,1,4,1,18,1,0,0,00,2,8,1,200600005437B02,7,1,1
200600005503,2006-01-23,2006,janvier,lundi,13:55,04,04110,44.051,6.137,1,1,3,1,1,2,2,02,1,1,000,000,1,5,1,4,1,49,5,1,2,00,2,1,1,200600005503B02,7,15,1
200600005533,2006-01-08,2006,janvier,dimanche,64:5,83,83072,0,0,1,1,2,3,1,3,2,02,1,1,000,074,1,0,1,2,1,51,1,1,2,00,0,5,1,200600005533B02,7,1,1
200600005561,2006-01-15,2006,janvier,dimanche,10:55,84,84025,0,0,1,1,1,1,1,3,2,00,1,1,000,000,1,0,1,3,1,76,5,0,0,00,2,8,1,200600005561B02,7,17,1
200600005568,2006-01-22,2006,janvier,dimanche,18:30,84,84077,0,0,1,1,6,3,1,3,2,00,1,1,000,060,1,0,1,4,1,19,5,1,4,00,2,4,1,200600005568B02,7,0,1
200600005568,2006-01-22,2006,janvier,dimanche,18:30,84,84077,0,0,1,1,6,3,1,3,2,00,1,1,000,060,1,0,1,3,1,19,5,1,4,00,2,4,1,200600005568C03,7,0,1
200600005594,2006-01-19,2006,janvier,jeudi,74:0,11,11404,0,0,1,1,1,2,1,3,2,01,1,2,000,043,1,0,1,4,1,35,1,0,0,00,2,0,0,200600005594B02,7,1,1
200600005595,2006-01-11,2006,janvier,mercredi,15:00,11,11396,43.317,2.558,2,1,2,1,1,3,2,02,1,1,000,059,1,0,1,3,2,19,5,0,0,00,2,4,1,200600005595B02,7,17,1
200600005623,2006-01-02,2006,janvier,lundi,10:30,30,30248,0,0,1,1,7,1,1,3,2,02,1,1,000,045,7,0,1,3,1,51,5,1,2,00,0,8,1,200600005623A01,,,
200600005640,2006-01-19,2006,janvier,jeudi,91:5,66,66037,42.691,3.031,2,1,3,1,1,3,2,01,-1,1,096,000,1,5,1,3,1,65,5,1,2,00,2,1,1,200600005640B02,7,15,1
200600005674,2006-01-03,2006,janvier,mardi,14:00,78,78034,0,0,2,1,1,1,1,3,2,02,2,1,000,000,1,0,1,3,1,38,5,1,2,00,0,1,1,200600005674B02,7,19,1
200600005688,2006-01-21,2006,janvier,samedi,14:50,95,95658,0,0,2,1,5,1,1,3,2,02,1,1,000,000,1,0,1,3,1,59,5,1,2,01,0,1,22,200600005688B02,7,22,1
200600005688,2006-01-21,2006,janvier,samedi,14:50,95,95658,0,0,2,1,5,1,1,3,2,02,1,1,000,000,1,0,1,1,2,44,5,1,2,01,0,2,22,200600005688C03,7,22,1
200600005726,2006-01-21,2006,janvier,samedi,17:00,45,45139,48.193,2.33,1,1,1,1,1,3,2,00,1,-1,000,066,1,0,1,3,1,60,0,0,0,00,0,4,0,200600005726B02,2,1,1
200600005727,2006-01-14,2006,janvier,samedi,84:5,45,45176,0,0,1,1,2,1,1,3,2,00,1,1,000,070,1,0,1,4,1,72,0,0,0,00,2,4,2,200600005727B02,2,2,1
200600005729,2006-01-23,2006,janvier,lundi,74:5,18,18197,0,0,2,1,1,2,1,9,2,02,1,1,000,000,1,5,1,4,2,45,0,0,0,00,2,1,15,200600005729A01,7,1,1
200600005733,2006-01-23,2006,janvier,lundi,17:45,18,18047,0,0,2,1,1,2,1,3,2,02,1,1,000,060,1,0,1,2,1,83,5,0,0,00,2,0,1,200600005733A01,17,17,1
200600005745,2006-01-10,2006,janvier,mardi,16:00,28,28422,48.278,1.669,2,1,1,1,8,3,2,02,1,1,000,062,2,5,1,2,1,80,5,1,2,00,0,1,15,200600005745B02,14,1,1
200600005763,2006-01-08,2006,janvier,dimanche,19:00,36,36006,46.529,1.474,1,1,2,3,3,3,2,02,1,1,000,058,2,0,1,2,1,21,5,0,0,00,0,4,2,200600005763B02,7,2,1
200600005773,2006-01-18,2006,janvier,mercredi,20:00,37,37031,0,0,1,1,2,3,1,3,2,02,1,1,000,074,1,0,1,2,1,19,5,0,0,00,0,4,1,200600005773B02,7,1,1
200600005775,2006-01-22,2006,janvier,dimanche,11:00,37,37176,47.103,0.549,1,1,1,1,1,3,2,00,2,1,000,070,1,0,1,3,1,51,5,1,2,00,9,0,1,200600005775A01,1,2,1
200600005775,2006-01-22,2006,janvier,dimanche,11:00,37,37176,47.103,0.549,1,1,1,1,1,3,2,00,2,1,000,070,1,0,1,3,1,49,5,1,2,00,0,1,2,200600005775B02,1,1,1
200600005778,2006-01-25,2006,janvier,mercredi,81:5,37,37132,47.116,0.981,1,1,1,1,1,2,2,02,2,3,000,070,1,2,1,2,1,73,5,0,0,00,0,4,2,200600005778B02,7,2,1
200600005807,2006-01-30,2006,janvier,lundi,10:30,13,13040,43.468,5.613,1,1,1,1,1,3,2,00,-1,2,000,060,1,5,0,3,1,69,5,1,2,00,2,1,19,200600005807A01,7,1,1
200600005845,2006-01-04,2006,janvier,mercredi,16:00,31,31186,43.685,1.441,2,1,2,1,1,4,2,02,1,1,000,000,1,0,1,3,1,13,5,0,0,00,0,6,19,200600005845B02,7,13,1
200600005857,2006-01-10,2006,janvier,mardi,84:5,37,37273,47.396,0.77,2,6,5,2,1,3,-1,00,-1,-1,000,000,-1,0,0,4,1,63,3,0,0,00,0,0,1,200600005857B02,7,9,2
200600005857,2006-01-10,2006,janvier,mardi,84:5,37,37273,47.396,0.77,2,6,5,2,1,3,-1,00,-1,-1,000,000,-1,0,0,1,1,63,3,1,2,00,0,0,0,200600005857D04,7,9,2
200600005974,2006-01-14,2006,janvier,samedi,16:00,35,35206,0,0,1,2,3,1,1,3,2,02,1,1,000,000,1,0,1,4,1,22,5,1,2,00,2,8,1,200600005974A01,7,19,1
200600006020,2006-01-06,2006,janvier,vendredi,14:45,27,27229,0,0,2,1,2,1,1,4,2,02,1,1,000,000,1,0,1,4,1,20,5,1,9,00,2,1,1,200600006020A01,10,23,1
200600006029,2006-01-26,2006,janvier,jeudi,13:40,77,77350,0,0,2,9,3,1,1,4,2,02,1,1,000,080,1,0,1,4,2,12,2,1,4,00,2,1,15,200600006029B01,10,17,1
200600006092,2006-02-10,2006,février,vendredi,12:15,80,80627,49.82,2.222,2,1,2,1,1,3,2,02,2,3,000,050,1,0,1,3,1,62,5,1,2,01,0,1,1,200600006092B02,10,0,1
200600006117,2006-02-10,2006,février,vendredi,16:45,02,02810,49.259,3.065,1,3,3,1,1,3,2,02,3,3,000,075,1,0,1,3,1,49,5,0,0,00,2,7,19,200600006117B02,7,0,1
200600006162,2006-02-10,2006,février,vendredi,15:15,27,27148,48.976,0.454,1,1,1,1,1,3,2,02,-1,2,000,062,1,0,1,3,1,67,5,1,2,00,2,2,2,200600006162B02,13,2,1
200600006172,2006-02-17,2006,février,vendredi,17:00,27,27525,0,0,1,2,3,1,8,3,2,02,1,1,000,000,2,5,1,3,1,53,5,1,2,00,2,1,0,200600006172B02,7,19,1
200600006219,2006-02-19,2006,février,dimanche,17:00,56,56154,47.718,-2.19,1,1,2,1,8,3,3,01,1,1,000,066,1,0,1,4,1,73,5,0,0,00,2,4,2,200600006219B02,7,2,1
200600006238,2006-02-02,2006,février,jeudi,80:0,14,14614,0,0,2,9,2,3,1,3,2,02,-1,1,060,065,1,0,1,3,1,32,1,1,4,00,0,4,2,200600006238B02,7,2,1
200600006241,2006-02-06,2006,février,lundi,63:0,14,14308,49.209,-0.121,1,1,6,3,5,2,2,00,1,1,000,000,1,0,3,4,1,26,1,0,0,00,0,8,2,200600006241A01,,,
200600006293,2006-02-13,2006,février,lundi,14:15,44,44137,0,0,1,1,1,1,1,3,2,02,1,1,000,125,1,0,1,3,1,32,5,0,0,00,2,3,1,200600006293B02,7,15,1
200600006316,2006-02-08,2006,février,mercredi,11:45,49,49176,47.631,-0.713,2,1,6,1,1,4,-1,00,1,-1,000,082,1,0,0,4,2,65,3,0,0,00,0,5,1,200600006316A01,,,
200600006473,2006-02-22,2006,février,mercredi,73:0,79,79202,46.65,-0.248,2,6,6,5,2,4,1,00,2,2,070,032,2,5,1,4,1,50,1,0,0,00,0,0,0,200600006473A01,7,1,1
200600006499,2006-02-19,2006,février,dimanche,81:5,31,31407,0,0,1,1,4,1,1,3,2,02,1,1,000,060,1,0,1,1,1,51,5,1,2,00,0,4,1,200600006499B02,7,1,1
200600006499,2006-02-19,2006,février,dimanche,81:5,31,31407,0,0,1,1,4,1,1,3,2,02,1,1,000,060,1,0,1,3,1,66,0,1,2,00,0,4,1,200600006499C03,7,1,1
200600006499,2006-02-19,2006,février,dimanche,81:5,31,31407,0,0,1,1,4,1,1,3,2,02,1,1,000,060,1,0,1,3,1,57,0,1,2,00,0,4,1,200600006499D04,7,1,1
200600006499,2006-02-19,2006,février,dimanche,81:5,31,31407,0,0,1,1,4,1,1,3,2,02,1,1,000,060,1,0,1,3,1,54,0,1,2,00,0,4,1,200600006499E05,7,1,1
200600006499,2006-02-19,2006,février,dimanche,81:5,31,31407,0,0,1,1,4,1,1,3,2,02,1,1,000,060,1,0,1,2,1,72,0,1,2,00,0,4,1,200600006499F06,7,1,1
200600006499,2006-02-19,2006,février,dimanche,81:5,31,31407,0,0,1,1,4,1,1,3,2,02,1,1,000,060,1,0,1,3,1,50,0,1,2,00,0,4,1,200600006499G07,7,1,1
200600006499,2006-02-19,2006,février,dimanche,81:5,31,31407,0,0,1,1,4,1,1,3,2,02,1,1,000,060,1,0,1,3,1,69,0,1,2,00,0,4,1,200600006499H08,7,1,1
200600006525,2006-02-11,2006,février,samedi,15:15,09,09194,0,0,2,1,1,1,1,4,2,02,1,-1,000,000,1,0,1,4,1,14,5,0,0,00,2,1,1,200600006525A01,7,1,1
200600006619,2006-02-17,2006,février,vendredi,16:00,26,26235,0,0,1,1,3,1,1,4,-1,00,1,1,000,038,1,0,1,3,1,16,5,0,0,00,2,1,16,200600006619A01,7,1,1
200600006630,2006-02-17,2006,février,vendredi,60:0,38,38181,0,0,2,1,3,2,2,4,2,02,-1,1,071,000,2,0,1,3,1,21,2,1,2,00,2,7,19,200600006630B02,7,1,1
200600006643,2006-02-08,2006,février,mercredi,19:30,38,38012,45.593,5.611,1,1,2,3,2,3,2,02,1,1,000,000,2,0,1,4,2,41,1,1,4,00,2,4,2,200600006643B02,7,2,1
200600006651,2006-02-18,2006,février,samedi,15:45,38,38389,0,0,1,1,6,1,1,4,2,01,-1,1,000,040,1,0,1,3,1,2006,0,0,0,00,1,1,21,200600006651A01,,,
200600006720,2006-02-08,2006,février,mercredi,16:30,03,03126,46.082,3.442,1,1,1,1,2,3,2,02,-1,2,000,000,2,0,1,3,1,59,5,0,0,00,2,8,15,200600006720B02,7,1,1
200600006757,2006-02-17,2006,février,vendredi,90:0,57,57628,0,0,2,1,1,2,3,3,2,02,1,1,000,070,2,0,1,3,2,13,2,1,4,00,2,1,15,200600006757B02,7,1,1
200600006827,2006-02-23,2006,février,jeudi,14:30,68,68251,48.009,7.211,1,1,1,1,5,3,2,00,2,3,000,051,2,0,0,4,1,17,5,1,2,00,2,1,13,200600006827B02,7,1,1
200600006828,2006-02-16,2006,février,jeudi,74:5,68,68154,47.776,7.362,2,1,3,1,1,3,4,03,1,1,000,130,2,0,1,4,1,30,1,1,2,00,0,1,1,200600006828B02,7,15,1
200600006832,2006-02-24,2006,février,vendredi,12:30,68,68334,47.815,7.102,2,1,1,1,1,4,2,01,1,1,000,086,1,0,1,4,2,55,1,1,2,00,2,2,1,200600006832B02,7,16,1
200600006861,2006-02-25,2006,février,samedi,15:00,10,10331,0,0,1,1,1,1,1,3,2,02,1,1,000,055,9,0,3,3,1,52,5,0,0,00,2,1,21,200600006861B02,7,21,1
200600006896,2006-02-02,2006,février,jeudi,10:30,58,58127,0,0,1,3,3,1,8,3,2,02,1,2,000,070,1,5,1,2,1,67,5,1,2,00,2,8,15,200600006896A01,17,1,1
200600006966,2006-02-25,2006,février,samedi,10:15,13,13081,43.494,5.219,1,1,2,1,1,2,3,01,1,1,118,092,1,5,1,3,1,79,5,0,0,00,0,6,13,200600006966B02,7,2,1
200600007007,2006-02-17,2006,février,vendredi,14:15,83,83068,0,0,1,1,5,1,1,2,3,02,1,1,000,000,1,0,1,4,1,24,5,1,9,00,2,1,1,200600007007B02,7,10,1
200600007007,2006-02-17,2006,février,vendredi,14:15,83,83068,0,0,1,1,5,1,1,2,3,02,1,1,000,000,1,0,1,1,1,26,5,1,9,00,2,0,1,200600007007C03,7,10,1
200600007007,2006-02-17,2006,février,vendredi,14:15,83,83068,0,0,1,1,5,1,1,2,3,02,1,1,000,000,1,0,1,1,1,17,5,1,9,00,2,0,1,200600007007D04,7,10,1
200600007048,2006-02-18,2006,février,samedi,11:00,34,34185,43.793,3.76,1,1,1,1,1,3,2,00,-1,1,060,060,1,0,1,3,1,69,5,1,2,00,2,1,2,200600007048A01,1,2,1
200600007048,2006-02-18,2006,février,samedi,11:00,34,34185,43.793,3.76,1,1,1,1,1,3,2,00,-1,1,060,060,1,0,1,1,1,58,5,1,2,00,2,4,2,200600007048B02,1,2,1
200600007076,2006-02-03,2006,février,vendredi,15:45,30,30051,0,0,1,1,1,1,1,3,2,02,2,4,000,052,1,0,1,3,1,25,5,1,9,01,0,1,21,200600007076B02,7,23,1
200600007099,2006-02-05,2006,février,dimanche,17:40,66,66174,0,0,2,1,3,1,1,9,2,02,-1,1,023,090,1,5,1,3,1,15,5,0,0,00,2,1,16,200600007099B02,7,1,1
200600007113,2006-02-07,2006,février,mardi,10:55,2A,2A247,0,0,1,4,4,1,1,2,2,00,1,1,000,062,1,5,1,3,1,56,5,0,0,00,2,1,1,200600007113B02,7,15/24,2
200600007124,2006-02-18,2006,février,samedi,19:30,78,78389,0,0,1,1,5,3,1,3,2,02,2,1,000,056,1,0,0,2,2,25,3,0,0,00,2,1,1,200600007124B02,7,11,1
200600007124,2006-02-18,2006,février,samedi,19:30,78,78389,0,0,1,1,5,3,1,3,2,02,2,1,000,056,1,0,0,3,1,34,3,0,0,00,2,3,1,200600007124C03,7,11,1
200600007191,2006-02-12,2006,février,dimanche,11:30,36,36107,47.22,1.48,1,1,2,1,1,9,2,02,2,1,000,042,1,0,1,4,2,35,5,0,0,00,0,4,2,200600007191B02,7,2,1
200600007441,2006-02-11,2006,février,samedi,15:00,06,06004,0,0,2,3,6,1,1,4,1,01,1,1,030,045,1,0,1,4,1,74,0,1,2,00,2,1,1,200600007441B01,7,0,1
200600007457,2006-02-01,2006,février,mercredi,10:45,06,06123,0,0,2,1,2,1,1,2,1,04,1,1,000,000,1,0,1,3,1,74,5,1,9,00,2,4,2,200600007457B01,7,2,1
200600007466,2006-02-11,2006,février,samedi,12:50,06,06123,0,0,2,1,2,1,1,4,2,02,1,1,000,000,1,0,1,4,2,45,0,0,0,00,2,1,1,200600007466B01,7,0,1
200600007555,2006-02-11,2006,février,samedi,90:0,06,06088,0,0,2,1,3,1,1,4,2,03,1,1,000,040,1,0,1,4,1,53,5,1,9,00,2,3,19,200600007555B01,5,1,1
200600007562,2006-02-12,2006,février,dimanche,10:00,06,06088,0,0,2,1,6,1,1,4,1,03,1,1,000,100,1,0,1,4,1,62,0,1,2,00,2,1,1,200600007562B01,7,17,1
200600007565,2006-02-12,2006,février,dimanche,14:30,06,06088,0,0,2,7,3,1,1,4,1,03,1,1,000,000,1,0,1,3,1,48,5,1,4,00,2,8,2,200600007565B01,7,2,1
200600007596,2006-02-20,2006,février,lundi,73:5,06,06088,0,0,2,2,3,1,1,4,1,01,1,1,000,110,2,0,1,4,1,44,1,1,4,00,2,1,16,200600007596B01,7,15,1
200600007627,2006-02-28,2006,février,mardi,18:25,06,06088,0,0,2,1,6,2,1,4,2,02,1,1,000,000,1,0,1,1,1,21,1,1,4,00,1,1,1,200600007627A01,,,
200600007645,2006-02-21,2006,février,mardi,12:45,10,10387,0,0,2,6,3,1,1,4,1,02,1,1,025,140,1,0,1,4,1,31,4,1,9,00,0,0,1,200600007645B01,7,1,1
200600007651,2006-02-01,2006,février,mercredi,17:55,11,11262,0,0,2,1,2,2,1,3,3,02,1,1,000,000,1,0,1,4,1,63,5,1,2,00,2,4,1,200600007651B01,7,1,1
200600007722,2006-02-18,2006,février,samedi,24:5,13,13055,0,0,2,1,6,5,1,4,-1,02,-1,-1,000,000,-1,0,0,4,1,23,0,0,0,00,0,0,0,200600007722A01,,,
200600007727,2006-02-16,2006,février,jeudi,16:30,13,13055,0,0,2,9,6,2,1,4,2,02,1,1,000,000,-1,0,1,4,1,23,0,0,0,00,2,1,2,200600007727A01,,,
200600007735,2006-02-07,2006,février,mardi,17:00,13,13055,0,0,2,1,6,1,1,4,-1,00,-1,-1,000,000,-1,0,0,4,2,23,0,0,0,00,0,0,0,200600007735A01,,,
200600007790,2006-02-25,2006,février,samedi,91:0,13,13055,0,0,2,9,6,1,1,4,2,02,1,1,000,075,1,0,1,3,1,64,5,0,0,14,0,1,1,200600007790A01,,,
200600007849,2006-02-03,2006,février,vendredi,93:0,13,13055,0,0,2,1,2,1,1,4,1,02,1,1,000,000,1,0,1,4,1,24,0,0,0,00,2,4,0,200600007849B01,7,2,1
200600007907,2006-02-06,2006,février,lundi,16:20,14,14118,0,0,2,3,1,1,1,4,2,02,1,1,000,070,1,0,1,3,1,26,2,1,9,00,2,1,1,200600007907A01,18,15,1
200600007919,2006-02-09,2006,février,jeudi,17:10,14,14557,0,0,2,1,6,2,7,9,2,02,1,1,000,000,1,0,1,3,1,29,1,1,9,00,2,4,2,200600007919B01,7,2,1
200600007930,2006-02-10,2006,février,vendredi,10:09,17,17300,0,0,2,1,1,1,1,4,2,02,1,1,000,052,1,0,1,4,1,72,5,1,9,00,2,1,1,200600007930B01,7,16,1
200600007934,2006-02-13,2006,février,lundi,17:10,17,17291,0,0,2,1,3,1,1,4,2,00,1,1,000,000,1,0,1,4,2,9,5,1,2,00,2,7,1,200600007934B01,7,4,1
200600007941,2006-02-27,2006,février,lundi,85:5,17,17300,0,0,2,1,2,2,1,4,2,02,1,1,000,060,1,0,1,4,1,16,0,1,9,00,2,4,1,200600007941B01,7,1,1
200600007962,2006-02-06,2006,février,lundi,70:5,19,19031,0,0,2,3,3,5,1,4,2,03,2,1,000,091,1,0,1,3,1,29,1,1,2,00,2,1,1,200600007962B01,7,15,1
200600007966,2006-02-13,2006,février,lundi,10:10,19,19031,0,0,2,6,3,1,1,4,2,02,1,2,000,000,1,0,1,4,1,79,3,1,2,00,2,1,19,200600007966B01,7,9,1
200600008020,2006-02-22,2006,février,mercredi,19:15,24,24138,0,0,2,3,6,5,1,4,2,02,1,1,000,065,1,0,1,4,2,12,0,1,9,00,2,4,15,200600008020B01,7,1,1
200600008043,2006-02-06,2006,février,lundi,19:05,26,26198,0,0,2,1,3,5,1,3,2,02,1,1,014,099,1,0,1,3,2,60,5,1,2,00,2,0,19,200600008043B01,7,1,1
200600008074,2006-02-14,2006,février,mardi,11:35,28,28070,0,0,2,1,3,1,1,3,2,02,1,2,000,060,1,0,1,4,2,47,5,1,4,00,2,8,1,200600008074B01,7,1,1
200600008099,2006-02-14,2006,février,mardi,14:40,29,29019,0,0,2,1,2,1,1,9,2,00,1,1,000,000,1,0,1,4,1,64,0,1,9,00,2,1,1,200600008099A01,7,0,1
200600008111,2006-02-22,2006,février,mercredi,16:50,30,30028,0,0,2,3,6,1,1,3,2,02,1,1,000,000,1,0,1,3,1,74,9,1,9,00,2,1,15,200600008111A01,7,1,1
200600008116,2006-02-03,2006,février,vendredi,15:30,30,30189,0,0,2,6,3,1,9,4,1,02,1,2,000,060,1,0,1,4,1,31,9,1,2,00,2,0,1,200600008116B01,7,9,1
200600008152,2006-02-17,2006,février,vendredi,19:55,31,31069,0,0,2,2,3,5,1,4,2,00,1,1,000,088,1,0,5,3,1,57,1,1,2,00,2,0,1,200600008152A01,7,16,1
200600008155,2006-02-07,2006,février,mardi,11:10,31,31555,0,0,2,1,5,1,1,4,2,02,1,1,000,062,1,0,1,4,1,39,1,1,9,00,2,1,1,200600008155B01,7,9/23,2
200600008163,2006-02-02,2006,février,jeudi,61:5,31,31555,0,0,2,1,3,5,1,4,2,01,2,1,000,045,1,0,1,4,1,49,1,1,2,00,2,1,15,200600008163A01,7,15,1
200600008176,2006-02-09,2006,février,jeudi,10:56,31,31555,0,0,2,1,6,1,1,4,2,01,1,1,000,070,1,0,1,4,1,54,0,1,2,00,2,1,15,200600008176A01,7,15,1
200600008214,2006-02-21,2006,février,mardi,13:44,31,31555,0,0,2,1,6,1,1,4,1,01,2,1,000,100,1,0,1,1,1,27,0,1,9,00,2,4,19,200600008214A01,13,1,1
200600008220,2006-02-22,2006,février,mercredi,83:5,31,31555,0,0,2,1,7,1,1,4,2,01,2,1,000,050,1,0,1,3,1,21,0,0,0,00,2,1,15,200600008220A01,7,1,1
200600008241,2006-02-03,2006,février,vendredi,15:50,33,33063,0,0,2,1,2,1,1,4,2,02,1,1,000,066,1,0,1,3,1,56,0,1,9,00,2,5,2,200600008241B01,5,1,1
200600008253,2006-02-08,2006,février,mercredi,84:0,33,33063,0,0,2,1,3,1,1,4,1,01,1,1,000,059,1,0,1,4,1,40,1,1,9,00,2,2,1,200600008253B01,7,22,1
200600008255,2006-02-06,2006,février,lundi,75:0,33,33281,0,0,2,2,3,2,1,4,2,03,1,1,000,087,1,0,1,3,1,50,1,1,9,00,2,2,1,200600008255B01,7,1,1