Num_Acc,date,an,mois,jour,hrmn,dep,com,lat,long,agg,int,col,lum,atm,catr,circ,nbv,prof,plan,lartpc,larrout,surf,infra,situ,grav,sexe,age,trajet,secuexist,equipement,obs,obsm,choc,manv,vehiculeid,typevehicules,manoeuvehicules,numVehicules
200600008267,2006-02-13,2006,février,lundi,17:50,33,33063,0,0,2,2,3,1,1,4,1,01,1,1,000,040,1,0,1,3,1,20,0,1,9,00,2,1,1,200600008267B01,7,1,1
200600008280,2006-02-16,2006,février,jeudi,12:20,33,33063,0,0,2,1,2,1,1,4,3,04,1,1,012,180,1,0,1,4,2,50,0,1,9,00,2,1,2,200600008280B01,7,20,1
200600008288,2006-02-21,2006,février,mardi,93:0,33,33063,0,0,2,2,3,1,2,4,1,01,1,1,000,000,2,0,1,4,2,52,4,1,9,00,2,1,1,200600008288B01,7,1,1
200600008305,2006-02-25,2006,février,samedi,84:5,33,33063,0,0,2,2,3,1,1,4,2,03,1,1,000,088,1,0,1,4,1,22,1,0,0,00,2,1,1,200600008305A01,7,15,1
200600008372,2006-02-16,2006,février,jeudi,18:38,34,34172,0,0,2,3,3,2,2,4,2,02,2,1,000,068,1,5,1,3,2,51,0,1,9,00,2,1,15,200600008372B01,7,15,1
200600008386,2006-02-22,2006,février,mercredi,19:45,34,34129,0,0,1,2,3,5,1,3,3,06,1,1,020,193,1,5,1,3,1,25,1,1,9,00,2,1,19,200600008386A01,7,1,1
200600008400,2006-02-01,2006,février,mercredi,74:0,35,35238,0,0,2,2,3,2,9,4,2,02,1,1,000,000,1,0,1,4,1,24,0,1,9,00,2,1,1,200600008400B01,7,15,1
200600008407,2006-02-06,2006,février,lundi,13:15,35,35238,0,0,2,1,4,1,1,4,2,01,1,1,000,030,1,0,1,4,2,26,0,1,4,01,0,1,1,200600008407B01,7/ 18,22/2,2
200600008409,2006-02-08,2006,février,mercredi,17:50,35,35238,0,0,2,6,3,2,1,4,1,02,1,-1,000,060,1,0,1,4,2,46,0,1,9,00,2,1,1,200600008409B01,7,16,1
200600008411,2006-02-09,2006,février,jeudi,17:20,35,35238,0,0,2,2,3,1,1,4,2,02,1,1,000,060,1,0,1,4,1,56,4,1,9,00,2,1,0,200600008411B01,7,15,1
200600008412,2006-02-10,2006,février,vendredi,12:50,35,35238,0,0,2,6,3,1,1,4,2,02,1,-1,000,030,1,5,1,4,2,23,2,1,9,12,2,1,1,200600008412B01,7,16,1
200600008417,2006-02-14,2006,février,mardi,81:5,35,35238,0,0,2,6,3,1,1,4,3,02,1,-1,000,060,1,5,1,4,1,51,1,1,9,00,2,1,1,200600008417B01,7,9,1
200600008430,2006-02-21,2006,février,mardi,75:0,35,35238,0,0,2,6,3,2,2,4,2,01,1,2,000,030,2,0,1,4,2,36,0,1,2,00,2,1,1,200600008430B01,7,9,1
200600008431,2006-02-22,2006,février,mercredi,31:5,35,35238,0,0,2,1,6,5,1,4,2,01,2,1,000,030,1,0,1,4,1,20,0,1,2,01,0,1,1,200600008431A01,,,
200600008439,2006-02-10,2006,février,vendredi,13:55,36,36159,0,0,2,1,7,1,1,3,4,02,-1,-1,000,084,1,0,1,4,1,59,5,1,9,00,0,1,1,200600008439A01,7,1,1
200600008457,2006-02-03,2006,février,vendredi,19:10,38,38185,0,0,2,3,3,2,1,4,2,03,1,-1,000,101,1,0,5,4,1,31,5,1,2,00,2,8,1,200600008457B01,7,19,1
200600008461,2006-02-09,2006,février,jeudi,90:0,38,38185,0,0,2,1,3,1,1,4,2,02,1,1,000,082,2,0,4,4,1,32,1,1,2,00,2,1,1,200600008461A01,7,16,1
200600008466,2006-02-15,2006,février,mercredi,12:10,38,38185,0,0,2,1,3,1,1,4,2,03,1,1,000,100,1,0,1,4,1,36,0,1,2,00,2,1,1,200600008466B01,7,22,1
200600008472,2006-02-23,2006,février,jeudi,65:0,38,38185,0,0,2,1,2,5,1,4,1,01,2,1,000,058,1,0,1,4,1,24,0,1,2,00,2,4,13,200600008472A01,7,1,1
200600008491,2006-02-05,2006,février,dimanche,11:20,41,41269,0,0,2,1,6,1,1,4,2,02,1,3,000,089,1,0,1,3,1,21,5,1,2,01,0,4,1,200600008491A01,,,
200600008509,2006-02-20,2006,février,lundi,20:45,42,42127,0,0,1,1,2,3,1,3,2,02,1,1,000,070,1,0,3,2,1,35,1,1,4,00,2,4,1,200600008509B01,7,1,1
200600008524,2006-02-09,2006,février,jeudi,83:0,44,44135,0,0,2,6,3,1,1,4,1,01,2,-1,030,063,1,0,1,3,1,13,2,1,9,00,2,7,0,200600008524B01,7,9,1
200600008535,2006-02-03,2006,février,vendredi,75:0,44,44109,0,0,2,6,2,2,1,4,2,02,1,1,000,045,1,0,1,4,1,32,1,1,9,00,0,4,1,200600008535B01,7,1,1
200600008553,2006-02-09,2006,février,jeudi,12:05,44,44109,0,0,2,1,3,1,1,4,2,02,1,1,000,057,1,0,1,4,1,17,0,1,9,00,2,7,19,200600008553B01,7,1,1
200600008558,2006-02-13,2006,février,lundi,12:45,44,44109,0,0,2,1,6,1,1,4,3,04,1,1,130,078,1,0,1,3,2,26,1,1,2,00,2,0,13,200600008558B01,18,1,1
200600008578,2006-02-27,2006,février,lundi,15:25,44,44109,0,0,2,1,6,1,1,4,2,02,2,1,000,098,1,0,1,4,1,61,5,1,9,00,2,4,1,200600008578B01,7,14,1
200600008584,2006-02-20,2006,février,lundi,14:25,44,44184,0,0,2,2,3,1,1,4,2,02,1,1,000,060,2,5,1,4,2,48,0,1,9,00,2,1,1,200600008584B01,7,1,1
200600008589,2006-02-02,2006,février,jeudi,11:25,45,45234,0,0,2,2,6,1,8,4,1,02,1,1,000,179,1,0,1,1,1,45,5,1,9,00,1,1,1,200600008589A01,,,
200600008595,2006-02-10,2006,février,vendredi,75:5,45,45147,0,0,2,3,1,1,1,4,2,01,1,1,000,098,1,1,1,4,1,34,1,1,9,00,2,1,23,200600008595B01,7,15,1
200600008610,2006-02-27,2006,février,lundi,12:00,46,46156,0,0,1,1,3,1,1,3,2,02,1,1,000,058,1,0,1,4,1,19,1,1,9,00,2,7,19,200600008610A01,7,1,1
200600008623,2006-02-18,2006,février,samedi,13:50,48,48095,0,0,1,1,7,1,1,3,2,02,2,1,000,600,1,0,1,3,2,66,5,1,9,13,0,0,1,200600008623A01,,,
200600008630,2006-02-06,2006,février,lundi,22:03,49,49007,0,0,2,2,3,5,1,4,2,02,1,1,000,070,1,0,1,4,1,28,9,1,9,00,2,1,1,200600008630B01,5,1,1
200600008637,2006-02-10,2006,février,vendredi,83:5,49,49007,0,0,2,2,3,1,7,4,3,05,1,3,015,185,1,0,1,4,2,6,9,1,9,00,2,2,19,200600008637B01,7,16,1
200600008640,2006-02-12,2006,février,dimanche,12:18,49,49007,0,0,2,2,6,1,1,4,2,00,1,1,000,000,1,0,1,4,1,54,0,1,9,00,0,0,0,200600008640A01,,,
200600008643,2006-02-09,2006,février,jeudi,16:09,49,49015,0,0,2,1,7,1,1,4,2,02,1,1,000,000,-1,0,4,3,1,17,2,1,4,12,0,0,0,200600008643A01,,,
200600008646,2006-02-21,2006,février,mardi,10:57,49,49015,0,0,2,3,3,1,1,4,2,02,1,1,000,064,1,0,1,4,2,14,5,1,9,01,2,8,15,200600008646B01,7,1,1
200600008648,2006-02-13,2006,février,lundi,15:41,49,49007,0,0,2,1,3,1,1,4,2,02,-1,-1,000,000,1,0,1,4,2,23,5,1,9,00,0,3,0,200600008648B01,7,0,1
200600008661,2006-02-01,2006,février,mercredi,16:15,50,50602,0,0,2,1,3,1,1,4,2,04,1,1,000,060,1,0,1,4,1,39,5,1,2,00,2,2,1,200600008661A01,5,1,1
200600008665,2006-02-09,2006,février,jeudi,16:05,50,50129,0,0,2,1,3,1,1,3,3,04,1,1,030,070,1,0,1,4,1,37,5,1,2,00,2,7,19,200600008665A01,7,1,1
200600008673,2006-02-20,2006,février,lundi,70:5,50,50129,0,0,2,2,3,5,1,3,2,03,1,1,000,090,2,5,1,3,1,29,1,1,2,00,2,1,1,200600008673A01,7,15,1
200600008683,2006-02-01,2006,février,mercredi,13:05,51,51454,0,0,2,2,3,1,1,4,2,02,1,1,000,080,1,5,0,1,1,50,4,0,0,00,2,6,19,200600008683A01,4,1,1
200600008692,2006-02-21,2006,février,mardi,14:00,51,51454,0,0,2,5,3,1,8,4,2,03,1,1,000,000,2,0,1,3,1,72,0,1,2,00,2,1,1,200600008692B01,7,15,1
200600008742,2006-02-14,2006,février,mardi,19:25,56,56098,0,0,2,1,7,5,1,4,2,02,1,1,000,000,1,0,1,3,2,22,5,1,9,00,0,0,1,200600008742A01,,,
200600008747,2006-02-18,2006,février,samedi,17:25,56,56121,0,0,2,1,2,1,2,4,3,02,1,1,000,000,2,0,1,4,1,21,0,1,9,00,2,1,1,200600008747A01,7,1,1
200600008753,2006-02-10,2006,février,vendredi,21:45,56,56260,0,0,2,1,2,3,1,3,2,02,1,1,000,000,1,0,1,3,1,44,0,1,2,00,2,4,1,200600008753B01,7,21,1
200600008785,2006-02-14,2006,février,mardi,17:20,58,58194,0,0,2,1,6,1,2,4,2,02,1,1,000,000,2,0,1,4,2,13,0,1,2,00,0,0,1,200600008785A01,,,
200600008810,2006-02-16,2006,février,jeudi,73:5,59,59234,0,0,2,3,3,2,2,4,1,01,1,1,000,045,2,0,1,3,2,19,4,1,9,00,2,5,1,200600008810B01,7,0,1
200600008820,2006-02-01,2006,février,mercredi,90:0,59,59410,0,0,2,3,6,1,5,4,1,01,1,2,000,060,1,0,1,4,2,25,4,1,9,00,2,1,1,200600008820B01,7,1,1
200600008821,2006-02-01,2006,février,mercredi,15:30,59,59350,0,0,2,1,3,1,1,4,2,02,1,1,000,000,1,0,1,4,2,29,9,1,9,00,2,8,2,200600008821B01,7,14,1
200600008832,2006-02-06,2006,février,lundi,12:45,59,59350,0,0,2,1,6,1,1,4,1,00,1,1,000,030,1,0,1,4,1,14,2,1,9,00,2,1,5,200600008832A01,7,1,1
200600008848,2006-02-19,2006,février,dimanche,17:10,59,59350,0,0,2,1,3,1,2,4,2,02,1,1,000,071,2,0,1,1,1,14,5,1,9,00,2,1,19,200600008848A01,7,1,1
200600008866,2006-02-24,2006,février,vendredi,18:40,59,59392,0,0,2,1,3,5,1,3,2,02,1,1,000,060,1,0,1,4,1,12,5,1,9,00,2,1,19,200600008866A01,7,1,1
200600008871,2006-02-02,2006,février,jeudi,75:0,59,59646,0,0,2,1,6,2,8,4,1,01,1,2,000,000,2,0,1,3,1,23,2,0,0,00,2,0,1,200600008871A01,,,
200600008882,2006-02-16,2006,février,jeudi,83:0,59,59512,0,0,2,3,1,2,8,4,2,02,1,1,000,000,1,0,1,3,2,65,0,1,2,00,2,1,1,200600008882B01,15,16,1
200600008886,2006-02-25,2006,février,samedi,13:00,59,59650,0,0,2,1,1,1,1,4,-1,00,1,1,000,000,2,0,1,3,1,24,0,1,2,00,2,0,1,200600008886B01,7,0,1
200600008905,2006-02-22,2006,février,mercredi,60:0,59,59459,0,0,1,1,7,2,1,4,2,02,1,1,000,070,2,0,4,4,1,35,1,1,2,00,2,1,1,200600008905B01,7,14,1
200600008921,2006-02-21,2006,février,mardi,72:0,62,62041,0,0,2,1,3,5,2,3,2,02,1,1,015,060,2,0,1,4,1,27,1,1,9,00,2,7,0,200600008921B01,14,9,1
200600008931,2006-02-04,2006,février,samedi,20:30,62,62035,0,0,1,9,1,4,1,2,2,03,1,1,000,104,1,5,1,2,1,55,9,1,4,00,2,1,5,200600008931A01,7,2,1
200600008945,2006-02-14,2006,février,mardi,19:50,62,62413,0,0,2,1,1,5,2,2,2,02,1,1,000,112,2,0,5,4,1,20,1,1,9,00,2,1,1,200600008945B01,2,1,1
200600008950,2006-02-06,2006,février,lundi,14:10,62,62218,0,0,2,1,3,1,1,4,2,02,1,1,000,058,5,0,1,4,1,12,2,1,9,00,2,1,15,200600008950A01,7,1,1
200600008958,2006-02-01,2006,février,mercredi,16:50,63,63113,0,0,2,4,6,1,1,4,2,02,1,1,000,000,1,0,1,3,1,82,5,1,9,00,2,8,1,200600008958A01,7,1,1
200600008965,2006-02-05,2006,février,dimanche,10:20,63,63032,0,0,2,5,6,1,1,4,1,02,1,1,000,000,-1,0,1,4,1,62,5,1,9,00,2,1,1,200600008965B01,7,1,1
200600008987,2006-02-18,2006,février,samedi,13:30,63,63113,0,0,2,2,6,1,1,4,2,04,1,1,000,000,1,0,1,4,1,44,5,1,9,00,2,1,1,200600008987A01,7,1,1
200600008997,2006-02-28,2006,février,mardi,11:05,63,63113,0,0,2,1,6,1,1,4,3,02,1,1,000,000,1,0,1,4,1,62,5,1,9,00,2,7,15,200600008997A01,7,1,1
200600009058,2006-02-03,2006,février,vendredi,16:15,65,65440,0,0,2,3,3,1,8,3,2,03,1,1,000,095,1,0,1,4,1,47,9,1,9,00,0,1,18,200600009058B01,7,16,1
200600009063,2006-02-14,2006,février,mardi,92:5,65,65440,0,0,2,2,3,1,1,4,1,02,1,1,000,082,1,0,1,4,1,39,5,1,2,00,2,1,1,200600009063B01,7,15,1
200600009091,2006-02-14,2006,février,mardi,20:10,67,67482,0,0,2,2,3,5,1,4,2,03,1,1,000,110,1,0,0,4,1,23,9,1,9,00,2,1,1,200600009091A01,7,1,1
200600009097,2006-02-20,2006,février,lundi,19:30,67,67482,0,0,2,3,3,5,1,4,2,02,1,1,035,130,1,0,1,4,1,23,0,1,9,00,2,7,1,200600009097B01,7,1,1
200600009099,2006-02-21,2006,février,mardi,13:40,67,67482,0,0,2,2,2,1,1,4,3,03,1,3,000,066,1,0,1,1,1,30,5,1,4,00,2,4,9,200600009099B01,5,1,1
200600009108,2006-02-28,2006,février,mardi,12:10,67,67267,0,0,2,3,2,1,1,4,2,02,1,1,000,085,1,5,1,4,2,42,1,1,9,00,2,3,15,200600009108B01,7,1,1
200600009110,2006-02-02,2006,février,jeudi,17:15,68,68066,0,0,2,6,3,2,1,4,2,02,1,1,000,062,1,2,1,4,2,12,2,1,2,00,2,1,1,200600009110B01,7,16,1
200600009112,2006-02-09,2006,février,jeudi,80:0,68,68066,0,0,2,1,3,1,4,4,2,02,1,1,000,080,2,2,1,4,2,34,1,1,9,00,2,8,1,200600009112B01,7,1,1
200600009177,2006-02-13,2006,février,lundi,90:0,72,72181,0,0,2,1,3,1,1,3,2,04,1,1,000,046,1,0,4,4,2,44,4,1,9,00,2,1,5,200600009177A01,10,9,1
200600009186,2006-02-18,2006,février,samedi,14:55,72,72181,0,0,2,3,3,1,1,9,2,03,1,1,028,085,2,0,1,4,2,15,9,1,2,00,0,1,1,200600009186B01,7,15,1
200600009223,2006-02-06,2006,février,lundi,10:,75,75014,0,0,2,2,3,5,1,4,2,04,1,1,000,120,1,0,1,3,2,22,9,0,0,00,2,3,7,200600009223B01,18,17,1
200600009330,2006-02-05,2006,février,dimanche,15:20,75,75020,0,0,2,1,2,1,1,4,2,04,1,1,000,120,1,0,1,4,1,22,5,0,0,00,2,1,7,200600009330A01,7,23,1
200600009403,2006-02-08,2006,février,mercredi,19:00,75,75012,0,0,2,3,3,5,1,4,2,02,1,1,000,060,1,0,1,4,1,27,5,1,2,00,2,2,1,200600009403A01,7,1,1
200600009408,2006-02-09,2006,février,jeudi,11:2,75,75005,0,0,2,3,3,5,1,4,1,03,1,1,000,090,1,0,1,3,1,32,5,0,0,00,2,2,1,200600009408A01,7,1,1
200600009478,2006-02-10,2006,février,vendredi,23:10,75,75012,0,0,2,1,3,5,1,4,1,02,1,1,000,060,1,0,1,4,1,38,5,1,2,00,2,4,1,200600009478B01,7,12,1
200600009505,2006-02-15,2006,février,mercredi,19:15,75,75007,0,0,2,1,5,5,2,4,2,04,1,1,000,120,2,0,1,4,2,29,1,0,0,00,2,3,1,200600009505D01,7/ 4,17/1,3
200600009536,2006-02-18,2006,février,samedi,23:0,75,75019,0,0,2,2,6,5,1,4,1,01,1,1,000,030,1,0,1,4,1,26,5,0,0,00,2,1,1,200600009536B01,7,0,1
200600009561,2006-02-20,2006,février,lundi,11:25,75,75004,0,0,2,1,6,1,1,4,1,02,1,1,000,060,1,0,1,1,1,27,5,0,0,00,1,1,5,200600009561A01,,,
200600009605,2006-02-21,2006,février,mardi,14:15,75,75017,0,0,2,5,3,1,2,4,2,02,1,1,000,060,2,0,1,4,1,66,5,0,0,00,2,1,1,200600009605B01,10,1,1
200600009609,2006-02-22,2006,février,mercredi,12:10,75,75006,0,0,2,1,3,1,1,4,2,06,1,1,000,180,1,0,1,4,1,35,5,0,0,00,2,2,12,200600009609A01,18,7,1
200600009618,2006-02-22,2006,février,mercredi,17:50,75,75017,0,0,2,2,3,5,1,4,2,02,1,1,000,060,1,0,1,4,1,37,5,0,0,00,2,1,1,200600009618B01,7,22,1
200600009707,2006-02-27,2006,février,lundi,84:0,75,75010,0,0,2,2,6,1,1,4,1,02,1,1,000,060,1,0,1,1,1,20,4,1,2,00,1,1,1,200600009707A01,,,
200600009752,2006-02-24,2006,février,vendredi,19:30,75,75008,0,0,2,1,2,5,1,4,2,06,1,1,180,000,1,0,1,4,2,51,5,0,0,00,2,4,2,200600009752A01,7,2,1
200600009783,2006-02-23,2006,février,jeudi,13:15,76,76103,0,0,2,1,2,1,4,2,1,02,2,3,000,140,1,0,1,4,1,19,1,1,9,00,2,1,1,200600009783A01,7,23,1
200600009786,2006-02-26,2006,février,dimanche,12:55,76,76157,0,0,1,1,2,1,1,3,2,03,2,1,000,150,1,0,1,4,1,19,9,1,9,00,2,0,1,200600009786B01,18,1,1
200600009796,2006-02-02,2006,février,jeudi,19:46,77,77014,0,0,2,1,6,5,2,4,2,02,1,2,021,080,1,0,5,3,1,45,0,1,4,00,0,0,21,200600009796B01,7,15,1
200600009798,2006-02-11,2006,février,samedi,21:30,77,77186,0,0,2,7,2,5,1,4,-1,01,1,1,000,090,1,0,1,4,2,34,0,1,9,00,2,4,0,200600009798A01,7,2,1
200600009840,2006-02-05,2006,février,dimanche,16:00,77,77514,0,0,2,3,3,1,8,3,2,02,1,1,055,055,1,0,1,3,1,6,5,1,9,00,2,7,15,200600009840A01,7,2,1
200600009853,2006-02-20,2006,février,lundi,18:30,78,78490,0,0,2,1,3,3,2,4,2,02,1,1,000,060,2,0,1,3,1,16,5,1,4,00,2,6,19,200600009853A01,7,1,1
200600009858,2006-02-16,2006,février,jeudi,20:30,78,78297,0,0,2,2,3,5,9,4,2,02,1,1,000,050,-1,0,1,3,2,19,0,1,4,00,2,3,1,200600009858A01,7,0,1
200600009904,2006-02-14,2006,février,mardi,92:5,78,78551,0,0,2,1,6,1,1,2,2,02,2,1,015,120,1,1,1,3,2,22,2,1,2,00,2,7,19,200600009904B01,7,1,1
200600009907,2006-02-01,2006,février,mercredi,17:25,78,78586,0,0,2,1,2,1,1,4,2,02,1,1,000,080,1,0,1,4,1,15,9,1,9,00,2,1,1,200600009907A01,7,1,1
200600009919,2006-02-23,2006,février,jeudi,18:00,78,78646,0,0,2,2,3,2,1,3,2,03,1,1,000,100,1,0,1,3,1,49,1,1,2,00,2,1,1,200600009919B01,7,15,1
200600009944,2006-02-22,2006,février,mercredi,20:00,80,80021,0,0,2,1,3,2,1,4,2,02,1,1,000,060,1,0,1,4,2,30,5,1,9,00,2,1,19,200600009944A01,7,1,1
200600010010,2006-02-07,2006,février,mardi,17:30,83,83137,0,0,2,1,2,1,1,4,3,02,1,1,000,060,1,0,1,4,1,31,1,1,9,00,2,4,1,200600010010B01,16,2,1
200600010027,2006-02-15,2006,février,mercredi,80:0,83,83137,0,0,2,1,2,1,1,4,2,02,1,1,000,060,1,0,1,3,1,45,0,1,9,01,0,1,21,200600010027B01,7,22,1
200600010037,2006-02-07,2006,février,mardi,94:5,83,83137,0,0,2,1,2,1,8,9,2,03,1,1,000,090,1,0,1,3,1,30,1,1,9,00,2,4,17,200600010037A01,7,17,1
200600010043,2006-02-03,2006,février,vendredi,83:5,84,84007,0,0,1,3,3,1,1,4,2,02,1,1,000,060,1,0,1,4,2,61,5,1,2,00,2,1,19,200600010043A01,7,1,1
200600010056,2006-02-28,2006,février,mardi,84:5,84,84007,0,0,2,1,2,1,1,4,2,02,1,1,000,100,1,0,0,4,1,58,1,1,9,00,2,1,1,200600010056B01,7,15,1
200600010067,2006-02-28,2006,février,mardi,13:20,84,84087,0,0,2,3,3,1,1,4,2,02,1,1,000,095,1,0,1,4,1,38,1,1,9,00,2,1,17,200600010067B01,7,15,1
200600010075,2006-02-01,2006,février,mercredi,83:0,85,85194,0,0,2,1,2,1,1,4,2,00,1,1,000,000,1,0,1,4,2,47,5,1,9,00,2,4,1,200600010075B01,7,1,1
200600010103,2006-02-08,2006,février,mercredi,16:40,87,87085,0,0,1,6,3,1,1,3,2,02,1,1,000,080,1,5,1,4,1,46,5,1,9,00,2,1,1,200600010103B01,7,1,1
200600010136,2006-02-27,2006,février,lundi,20:00,89,89387,0,0,2,2,1,5,1,4,1,01,4,1,000,060,1,0,1,3,2,49,1,1,4,00,2,1,5,200600010136A01,10,15,1
200600010147,2006-02-09,2006,février,jeudi,17:40,91,91657,0,0,2,1,6,1,1,4,2,00,1,-1,000,000,1,0,1,4,1,38,1,1,9,00,2,1,1,200600010147B01,7,1,1
200600010177,2006-02-11,2006,février,samedi,94:8,91,91421,0,0,2,1,1,1,1,3,2,02,-1,-1,000,040,1,0,1,4,1,81,0,1,9,00,2,3,1,200600010177B01,7,15,1
200600010193,2006-02-18,2006,février,samedi,14:00,91,91549,0,0,2,2,3,1,1,4,2,02,4,1,000,064,1,0,1,4,2,39,9,0,0,00,2,3,15,200600010193A01,7,1,1
200600010256,2006-02-21,2006,février,mardi,74:5,92,92026,0,0,2,3,3,1,2,3,2,02,1,1,000,094,2,0,1,4,1,18,2,0,0,00,2,8,15,200600010256B01,2,17,1
200600010281,2006-02-27,2006,février,lundi,16:40,92,92050,0,0,2,1,3,1,1,3,2,02,1,1,000,080,1,0,1,4,2,12,2,1,2,00,2,8,9,200600010281B01,7,1,1
200600010300,2006-02-17,2006,février,vendredi,16:00,92,92022,0,0,2,1,3,1,1,3,2,04,2,1,000,120,1,0,1,4,1,46,5,1,9,00,2,5,1,200600010300B01,7,16,1
200600010365,2006-02-24,2006,février,vendredi,13:45,93,93029,0,0,2,4,2,1,1,3,4,03,1,1,000,300,1,5,1,3,1,77,4,1,9,00,2,1,1,200600010365A01,7,16,1
200600010383,2006-02-09,2006,février,jeudi,15:00,93,93063,0,0,2,1,6,1,1,4,2,02,2,4,000,070,1,0,1,3,2,20,5,1,2,00,2,3,13,200600010383A01,7,0,1
200600010393,2006-02-28,2006,février,mardi,22:30,93,93046,0,0,2,3,1,5,4,2,4,05,1,1,000,250,2,5,1,4,1,40,5,1,9,00,2,1,19,200600010393A01,7,16,1
200600010402,2006-02-21,2006,février,mardi,19:15,93,93048,0,0,2,2,6,5,9,4,2,02,1,1,000,060,2,5,1,1,1,30,5,1,2,00,1,1,21,200600010402A01,,,
200600010412,2006-02-21,2006,février,mardi,13:35,93,93051,0,0,2,7,1,1,2,4,1,02,1,1,030,050,2,0,1,3,1,14,2,1,9,00,2,1,19,200600010412A01,7,1,1
200600010413,2006-02-04,2006,février,samedi,12:15,93,93053,0,0,2,2,3,1,8,2,1,00,-1,1,000,000,1,1,1,3,1,46,1,1,2,12,2,8,2,200600010413B01,7,13,1
200600010414,2006-02-11,2006,février,samedi,92:0,93,93053,0,0,2,9,2,1,1,3,4,03,1,-1,025,160,1,0,1,4,2,34,0,1,9,00,0,4,2,200600010414B01,7,2,1
200600010453,2006-02-14,2006,février,mardi,16:40,93,93070,0,0,2,1,3,1,2,4,2,02,1,1,000,080,2,0,1,3,1,78,0,1,2,00,2,1,1,200600010453B01,7,1,1
200600010455,2006-02-06,2006,février,lundi,18:20,93,93071,0,0,2,1,1,3,8,9,-1,01,1,-1,100,100,2,0,0,3,1,39,0,1,9,00,2,1,1,200600010455A01,99,0,1
200600010456,2006-02-09,2006,février,jeudi,17:45,93,93071,0,0,2,2,1,2,1,4,1,01,1,1,010,030,1,5,1,3,1,15,5,1,4,00,2,8,9,200600010456A01,7,1,1
200600010456,2006-02-09,2006,février,jeudi,17:45,93,93071,0,0,2,2,1,2,1,4,1,01,1,1,010,030,1,5,1,3,1,17,0,1,9,00,2,8,9,200600010456A01,7,1,1
200600010492,2006-02-12,2006,février,dimanche,25:0,94,94022,0,0,2,2,3,5,1,3,3,02,1,1,032,063,1,5,1,2,1,18,5,1,2,00,2,3,1,200600010492B01,7,1,1
200600010498,2006-02-05,2006,février,dimanche,17:05,94,94011,48.77077,2.46472,2,1,6,1,1,6,-1,02,-1,-1,000,060,-1,0,1,1,1,23,0,1,2,00,1,1,1,200600010498A01,,,
200600010498,2006-02-05,2006,février,dimanche,17:05,94,94011,48.77077,2.46472,2,1,6,1,1,6,-1,02,-1,-1,000,060,-1,0,1,4,1,5,0,0,0,00,1,1,1,200600010498A01,,,
200600010521,2006-02-14,2006,février,mardi,75:0,94,94043,0,0,2,3,2,1,1,2,3,06,1,1,000,155,-1,0,0,4,1,42,0,1,2,00,2,1,2,200600010521B01,14,2,1
200600010527,2006-02-23,2006,février,jeudi,19:55,94,94003,0,0,2,1,1,2,1,4,2,02,1,1,000,045,1,0,0,4,2,51,0,1,9,00,2,1,5,200600010527B01,7,5,1
200600010582,2006-02-15,2006,février,mercredi,19:00,94,94081,0,0,2,9,3,5,3,4,1,01,1,1,000,059,2,0,1,4,1,11,5,1,2,00,2,1,19,200600010582A01,7,1,1
200600010616,2006-02-04,2006,février,samedi,72:0,95,95210,0,0,2,2,2,1,1,4,2,02,1,1,000,060,1,0,1,4,2,15,5,1,9,00,0,0,0,200600010616B01,7,0,1
200600010620,2006-02-12,2006,février,dimanche,12:10,95,95252,0,0,2,1,6,1,1,4,2,02,1,3,000,000,1,0,1,3,1,56,5,1,2,00,2,2,2,200600010620B01,7,17,1
200600010620,2006-02-12,2006,février,dimanche,12:10,95,95252,0,0,2,1,6,1,1,4,2,02,1,3,000,000,1,0,1,3,1,59,5,1,2,00,2,2,2,200600010620C01,7,17,1
200600010637,2006-02-06,2006,février,lundi,80:0,95,95607,0,0,2,1,2,2,1,4,2,02,1,1,000,060,1,0,1,4,2,31,1,1,2,00,2,4,1,200600010637B01,7,17,1
200600010896,2006-02-13,2006,février,lundi,16:05,69,69383,0,0,2,1,6,1,2,4,1,01,1,1,000,000,1,0,1,1,1,22,9,1,9,00,1,1,5,200600010896A01,,,
200600010911,2006-02-26,2006,février,dimanche,18:20,69,69384,0,0,2,1,7,5,1,4,3,04,2,1,000,000,1,0,1,4,2,23,0,0,0,16,0,0,0,200600010911A01,,,
200600010921,2006-02-11,2006,février,samedi,11:5,33,33039,0,0,1,1,7,5,1,1,3,08,1,1,010,280,1,3,2,4,1,56,0,1,9,00,0,0,21,200600010921A01,,,
200600010953,2006-02-27,2006,février,lundi,17:45,69,69387,0,0,2,2,3,1,8,4,1,04,1,1,000,150,1,0,1,4,2,26,1,1,9,00,2,1,1,200600010953A01,7,1,1
200600010956,2006-02-07,2006,février,mardi,72:0,69,69388,0,0,2,1,6,2,1,4,2,02,1,1,000,137,1,0,1,4,2,39,1,1,2,01,0,1,1,200600010956B01,7,24,1
200600010957,2006-02-10,2006,février,vendredi,15:30,69,69388,0,0,2,3,3,1,1,4,1,02,1,1,010,150,1,0,1,4,1,20,2,1,9,00,4,1,15,200600010957A01,19,1,1
200600011115,2006-03-22,2006,mars,mercredi,12:40,01,01053,0,0,2,3,3,1,1,3,2,02,1,1,000,090,1,0,5,3,1,49,1,1,4,00,1,1,1,200600011115B01,7,15,1