Num_Acc,date,an,mois,jour,hrmn,dep,com,lat,long,agg,int,col,lum,atm,catr,circ,nbv,prof,plan,lartpc,larrout,surf,infra,situ,grav,sexe,age,trajet,secuexist,equipement,obs,obsm,choc,manv,vehiculeid,typevehicules,manoeuvehicules,numVehicules
200600011136,2006-03-15,2006,mars,mercredi,17:05,03,03190,0,0,2,7,2,1,1,4,1,01,1,1,087,057,1,0,1,4,1,19,1,1,9,00,0,4,16,200600011136B01,10,16,1
200600011172,2006-03-31,2006,mars,vendredi,11:25,06,06004,0,0,2,3,3,1,1,3,2,03,1,1,000,100,1,0,1,4,2,52,5,0,0,00,2,3,13,200600011172A01,4,2,1
200600011195,2006-03-07,2006,mars,mardi,10:00,06,06029,0,0,2,1,3,1,1,4,3,04,1,-1,000,130,1,0,1,4,2,32,0,1,9,00,2,1,0,200600011195A01,7,1,1
200600011268,2006-03-05,2006,mars,dimanche,91:0,06,06088,0,0,2,2,3,1,1,3,2,04,2,1,000,098,1,0,1,4,1,32,5,1,2,00,2,1,1,200600011268A01,7,15,1
200600011269,2006-03-05,2006,mars,dimanche,14:30,06,06088,0,0,2,2,3,1,1,4,1,02,1,1,000,082,1,0,1,3,2,56,5,1,9,00,2,1,7,200600011269B01,7,16,1
200600011270,2006-03-05,2006,mars,dimanche,16:45,06,06088,0,0,2,1,6,1,1,3,3,04,1,1,000,100,1,0,1,3,1,25,5,1,2,00,1,1,1,200600011270A01,,,
200600011271,2006-03-05,2006,mars,dimanche,18:45,06,06088,0,0,2,1,7,2,1,4,2,02,2,1,000,048,1,0,1,2,2,65,5,1,2,00,0,0,1,200600011271A01,,,
200600011294,2006-03-09,2006,mars,jeudi,15:00,06,06088,0,0,2,6,3,1,1,4,1,02,1,-1,000,000,1,0,1,4,2,20,2,1,2,00,2,5,0,200600011294B01,7,1,1
200600011355,2006-03-23,2006,mars,jeudi,65:0,06,06088,0,0,2,2,3,1,1,4,1,03,1,1,000,000,1,0,1,4,1,37,0,1,4,00,2,1,5,200600011355A01,7,2,1
200600011468,2006-03-09,2006,mars,jeudi,19:15,13,13055,0,0,2,6,3,5,2,4,2,01,1,-1,000,000,2,0,1,3,1,33,0,0,0,01,2,7,1,200600011468B01,7,1,1
200600011483,2006-03-06,2006,mars,lundi,19:40,13,13055,0,0,2,1,3,5,6,4,2,02,2,1,000,080,1,0,1,3,1,35,1,0,0,00,2,1,1,200600011483B01,7,10,1
200600011607,2006-03-30,2006,mars,jeudi,90:1,13,13055,0,0,2,1,3,1,1,4,-1,04,1,1,000,000,1,0,1,4,1,53,1,0,0,00,2,3,2,200600011607B01,7,2,1
200600011695,2006-03-16,2006,mars,jeudi,81:5,13,13055,0,0,2,1,2,1,1,4,1,03,2,3,000,075,1,0,1,4,1,23,1,1,2,01,0,1,2,200600011695A01,7,2,1
200600011713,2006-03-27,2006,mars,lundi,18:10,13,13108,0,0,2,3,3,1,1,9,2,01,1,1,000,000,1,0,1,3,1,8,5,1,9,00,2,1,19,200600011713B01,7,21,1
200600011751,2006-03-23,2006,mars,jeudi,10:35,16,16102,0,0,2,1,6,1,1,3,2,02,1,1,000,088,1,0,1,3,1,78,5,1,4,01,0,1,1,200600011751B01,7,22,1
200600011753,2006-03-27,2006,mars,lundi,17:50,17,17299,0,0,2,3,3,1,1,4,2,02,1,1,000,063,1,5,1,3,1,17,5,1,9,00,2,8,1,200600011753A01,7,1,1
200600011770,2006-03-23,2006,mars,jeudi,19:25,17,17291,0,0,2,2,3,5,3,3,2,02,1,3,000,078,2,0,1,3,1,16,9,1,9,00,2,3,1,200600011770B01,7,1,1
200600011775,2006-03-31,2006,mars,vendredi,18:30,17,17300,0,0,2,1,6,1,1,4,1,01,1,1,000,058,1,0,1,4,2,16,5,1,4,01,0,1,1,200600011775B01,7,22,1
200600011787,2006-03-17,2006,mars,vendredi,17:30,18,18033,0,0,2,1,6,1,1,4,2,02,1,1,000,060,1,0,1,4,2,33,1,1,2,00,0,1,2,200600011787B01,7,2,1
200600011793,2006-03-30,2006,mars,jeudi,70:0,18,18033,0,0,2,3,3,5,2,4,2,02,1,1,000,000,2,0,1,4,1,32,1,1,2,00,2,1,1,200600011793B01,7,15,1
200600011806,2006-03-20,2006,mars,lundi,11:05,19,19031,0,0,2,1,6,1,1,4,2,02,1,1,000,000,1,0,1,1,1,55,9,1,9,00,1,1,1,200600011806A01,,,
200600011822,2006-03-29,2006,mars,mercredi,16:10,21,21054,0,0,2,2,6,1,1,4,2,02,1,1,000,000,1,0,1,4,1,71,0,1,2,00,2,1,1,200600011822B01,7,1,1
200600011839,2006-03-23,2006,mars,jeudi,72:5,21,21231,0,0,2,3,3,1,1,4,2,02,1,3,000,070,2,0,1,3,1,38,1,1,2,00,2,1,1,200600011839B01,7,15,1
200600011846,2006-03-31,2006,mars,vendredi,14:00,21,21231,0,0,2,1,2,1,1,2,2,02,2,1,030,080,1,0,1,4,2,23,1,1,2,00,2,1,1,200600011846B01,7,16,1
200600011890,2006-03-16,2006,mars,jeudi,13:55,25,25056,0,0,2,1,6,1,1,4,-1,00,1,1,000,000,1,0,4,1,1,23,0,1,9,00,1,1,0,200600011890A01,,,
200600011897,2006-03-22,2006,mars,mercredi,17:30,25,25056,0,0,2,1,3,1,2,4,-1,00,1,1,000,000,1,0,5,4,1,36,0,1,9,00,0,8,1,200600011897B01,7,16,1
200600011906,2006-03-26,2006,mars,dimanche,17:40,25,25020,0,0,2,1,3,1,1,3,3,02,4,1,000,000,1,0,1,4,1,21,5,1,2,00,2,1,1,200600011906B01,7,15,1
200600011910,2006-03-02,2006,mars,jeudi,17:30,26,26198,0,0,2,1,6,1,1,4,4,02,1,3,000,105,1,5,1,3,1,66,5,1,2,00,2,1,1,200600011910B01,7,9,1
200600011918,2006-03-29,2006,mars,mercredi,14:25,26,26057,0,0,2,3,6,1,1,2,3,02,1,3,000,042,1,0,1,4,2,48,5,1,4,00,1,1,1,200600011918A01,,,
200600011973,2006-03-16,2006,mars,jeudi,17:00,29,29019,0,0,2,1,6,1,1,4,2,04,1,1,000,064,1,0,1,4,1,60,0,1,9,15,2,1,1,200600011973A01,15,1,1
200600012063,2006-03-02,2006,mars,jeudi,18:10,31,31555,0,0,2,1,3,1,1,4,2,02,1,1,000,078,1,0,1,3,2,12,5,1,2,00,2,9,13,200600012063A01,7,1,1
200600012153,2006-03-29,2006,mars,mercredi,21:00,31,31555,0,0,2,1,6,5,1,4,2,01,1,1,000,060,1,0,1,3,2,32,1,1,9,01,2,1,1,200600012153B01,7,22,1
200600012167,2006-03-01,2006,mars,mercredi,81:5,33,33529,0,0,2,1,6,1,1,4,1,01,1,1,000,030,1,0,1,4,1,19,1,1,2,00,2,3,1,200600012167A01,7,17,1
200600012171,2006-03-02,2006,mars,jeudi,90:0,33,33063,0,0,2,2,3,1,1,4,1,02,1,1,000,075,1,0,1,4,2,30,1,1,9,00,2,1,5,200600012171A01,7,1,1
200600012176,2006-03-04,2006,mars,samedi,15:,33,33063,0,0,2,2,3,5,2,4,1,02,1,4,000,060,2,0,1,3,1,34,0,1,9,00,2,2,15,200600012176B01,7,1,1
200600012178,2006-03-05,2006,mars,dimanche,11:15,33,33063,0,0,2,3,3,1,1,4,1,10,1,1,000,030,1,0,1,3,1,26,0,1,9,00,2,1,1,200600012178A01,7,15,1
200600012180,2006-03-01,2006,mars,mercredi,14:55,33,33550,0,0,2,9,3,1,1,6,2,02,1,1,000,000,1,0,1,4,1,15,0,1,9,00,2,0,1,200600012180A01,7,16,1
200600012187,2006-03-07,2006,mars,mardi,12:05,33,33063,0,0,1,1,3,1,2,4,1,01,1,1,000,071,2,0,1,4,1,57,0,1,9,00,2,8,15,200600012187B01,10,15,1
200600012188,2006-03-07,2006,mars,mardi,19:15,33,33063,0,0,2,2,3,5,2,4,2,02,1,1,000,080,2,0,1,4,2,19,2,1,9,00,2,1,1,200600012188B01,7,15,1
200600012207,2006-03-10,2006,mars,vendredi,13:20,33,33063,0,0,2,1,3,1,3,4,1,02,1,1,030,123,2,0,1,3,2,19,0,1,9,01,0,1,1,200600012207B01,10,24,1
200600012218,2006-03-08,2006,mars,mercredi,20:25,33,33522,0,0,1,3,1,5,2,4,3,03,1,1,098,109,2,0,1,4,1,20,0,1,9,00,2,1,1,200600012218B01,7,15,1
200600012220,2006-03-09,2006,mars,jeudi,17:20,33,33522,0,0,2,2,3,1,1,4,2,02,1,1,000,154,1,0,1,3,1,17,0,1,9,00,2,7,19,200600012220B01,7,16,1
200600012222,2006-03-14,2006,mars,mardi,19:36,33,33063,0,0,2,2,3,5,1,4,1,01,1,1,000,000,1,0,1,4,2,28,0,1,9,00,2,6,1,200600012222A01,10,1,1
200600012228,2006-03-16,2006,mars,jeudi,16:20,33,33063,0,0,2,6,3,1,1,4,1,02,1,2,000,000,1,0,1,4,1,18,0,1,9,00,2,1,1,200600012228B01,7,1,1
200600012232,2006-03-17,2006,mars,vendredi,80:5,33,33167,0,0,2,2,3,1,7,4,3,05,4,1,000,000,1,0,1,2,1,56,5,1,2,00,2,1,1,200600012232B01,7,15,1
200600012242,2006-03-22,2006,mars,mercredi,12:05,33,33063,0,0,2,1,6,1,1,4,2,02,1,1,000,000,1,0,1,4,1,19,0,1,9,01,0,1,1,200600012242A01,,,
200600012250,2006-03-22,2006,mars,mercredi,10:55,33,33063,0,0,2,1,3,1,1,4,2,02,1,1,000,000,1,0,1,4,1,30,0,1,2,01,0,9,1,200600012250B01,7,22,1
200600012259,2006-03-22,2006,mars,mercredi,15:30,33,33281,0,0,2,1,2,1,1,4,2,02,1,1,000,080,2,0,1,4,1,25,0,1,9,14,0,1,1,200600012259A01,7,23,1
200600012268,2006-03-27,2006,mars,lundi,14:15,33,33075,0,0,1,3,2,1,7,4,3,02,1,1,017,045,1,0,1,4,1,71,0,1,9,00,2,4,1,200600012268A01,7,15,1
200600012288,2006-03-26,2006,mars,dimanche,10:10,34,34003,0,0,1,1,2,1,6,2,3,04,1,1,042,182,1,0,1,3,1,44,5,1,9,00,2,4,1,200600012288B01,2,1,1
200600012321,2006-03-05,2006,mars,dimanche,16:42,34,34172,0,0,2,1,7,1,6,4,2,04,1,1,000,130,1,0,1,4,1,58,0,1,9,00,0,0,1,200600012321A01,,,
200600012328,2006-03-13,2006,mars,lundi,17:50,34,34172,0,0,2,1,3,1,1,4,1,01,1,1,000,050,1,0,1,4,2,22,1,1,9,00,2,1,1,200600012328B01,10,19,1
200600012389,2006-03-08,2006,mars,mercredi,74:0,36,36044,0,0,2,2,3,1,8,3,1,02,1,-1,000,000,2,0,1,4,1,17,2,1,9,00,2,1,1,200600012389B01,7,15,1
200600012409,2006-03-22,2006,mars,mercredi,73:5,37,37208,0,0,2,2,3,1,8,4,2,02,1,1,000,073,2,0,0,3,1,12,2,1,2,00,2,6,15,200600012409B01,5,0,1
200600012432,2006-03-27,2006,mars,lundi,17:10,38,38185,0,0,2,1,3,1,1,4,1,02,1,1,000,130,1,0,1,4,1,20,0,1,9,00,2,8,1,200600012432B01,7,15,1
200600012452,2006-03-02,2006,mars,jeudi,12:00,41,41018,0,0,2,1,7,1,1,4,2,02,1,1,000,000,1,0,1,4,1,39,1,1,9,00,0,0,1,200600012452A01,,,
200600012461,2006-03-31,2006,mars,vendredi,17:05,41,41018,0,0,2,1,3,1,1,4,2,02,1,1,000,000,1,0,1,4,1,17,9,1,9,00,2,1,1,200600012461B01,7,15,1
200600012469,2006-03-13,2006,mars,lundi,12:00,42,42187,0,0,2,1,7,1,1,4,2,02,-1,1,000,075,1,0,1,4,1,59,5,1,9,01,0,0,1,200600012469B01,7,22,1
200600012488,2006-03-14,2006,mars,mardi,73:0,42,42189,0,0,2,1,6,2,1,3,1,01,2,1,000,030,1,0,1,4,1,37,1,1,9,00,2,4,2,200600012488B01,7,2,1
200600012520,2006-03-07,2006,mars,mardi,11:20,44,44109,0,0,2,2,6,1,2,4,2,02,1,-1,000,079,2,0,1,3,2,44,9,1,9,00,2,1,19,200600012520A01,17,16,1
200600012530,2006-03-15,2006,mars,mercredi,92:0,44,44109,0,0,2,3,6,1,1,4,2,03,2,1,000,000,1,0,1,3,1,17,2,1,4,00,2,1,15,200600012530B01,7,1,1
200600012579,2006-03-11,2006,mars,samedi,10:30,45,45232,0,0,2,1,6,1,1,4,2,02,1,1,000,060,-1,0,1,4,1,35,5,1,2,00,2,1,1,200600012579B01,7,1,1
200600012596,2006-03-23,2006,mars,jeudi,18:25,46,46042,0,0,2,2,3,2,2,3,2,02,1,1,000,065,2,5,1,4,1,36,5,1,2,00,2,1,1,200600012596A01,7,15,1
200600012623,2006-03-12,2006,mars,dimanche,10:22,49,49015,0,0,2,6,3,1,1,4,2,02,1,1,000,083,1,0,1,4,2,58,5,1,9,00,2,1,1,200600012623B01,7,1,1
200600012709,2006-03-03,2006,mars,vendredi,18:30,54,54526,0,0,2,1,6,5,2,4,3,02,1,1,000,000,2,0,1,4,2,28,5,1,9,01,0,1,1,200600012709B01,7,22,1
200600012732,2006-03-20,2006,mars,lundi,16:50,54,54395,0,0,2,3,6,1,1,4,2,02,1,1,000,000,1,0,1,4,1,38,1,1,2,00,2,1,1,200600012732B01,3,13,1
200600012757,2006-03-01,2006,mars,mercredi,94:5,56,56121,0,0,2,6,3,1,1,9,1,02,1,3,000,000,1,0,1,4,1,31,4,1,2,00,0,4,1,200600012757B01,7,1,1
200600012763,2006-03-13,2006,mars,lundi,84:0,56,56121,0,0,2,1,6,1,1,9,2,02,1,1,000,000,1,0,1,4,1,65,9,1,9,01,0,1,1,200600012763B01,7,24,1
200600012774,2006-03-27,2006,mars,lundi,19:15,56,56121,0,0,2,1,7,1,1,9,2,02,1,1,000,000,1,0,1,4,1,16,0,1,9,00,0,2,1,200600012774A01,,,
200600012775,2006-03-27,2006,mars,lundi,16:53,56,56098,0,0,2,1,2,1,1,9,2,02,1,1,000,000,1,0,1,2,1,78,0,1,9,01,0,1,1,200600012775A01,18,24,1
200600012784,2006-03-22,2006,mars,mercredi,17:40,56,56260,0,0,2,1,2,1,2,4,2,02,1,1,000,062,2,0,1,4,1,14,5,1,2,00,2,4,15,200600012784A01,7,21,1
200600012785,2006-03-02,2006,mars,jeudi,15:15,56,56260,0,0,2,1,6,1,1,4,2,02,1,1,000,068,1,0,1,4,1,31,0,1,2,01,0,7,1,200600012785B01,7,22/21,2
200600012809,2006-03-26,2006,mars,dimanche,18:00,57,57545,0,0,2,4,6,1,1,4,2,02,-1,2,000,000,1,0,1,4,1,42,5,1,9,00,2,0,1,200600012809B01,7,16,1
200600012816,2006-03-17,2006,mars,vendredi,15:15,57,57672,0,0,1,1,1,1,1,3,2,02,2,1,030,170,1,0,5,4,1,22,5,1,2,00,9,1,1,200600012816A01,2,21,1
200600012824,2006-03-04,2006,mars,samedi,15:25,58,58194,0,0,2,6,3,1,4,4,2,02,4,1,000,073,2,5,0,4,1,56,5,1,9,00,2,1,1,200600012824A01,7,1,1
200600012853,2006-03-16,2006,mars,jeudi,18:00,59,59183,0,0,2,2,3,1,1,2,3,05,1,1,000,177,1,5,1,3,1,76,5,1,9,00,2,1,1,200600012853A01,7,1,1
200600012858,2006-03-02,2006,mars,jeudi,15:20,59,59295,0,0,2,1,1,1,7,4,2,02,1,1,000,070,1,0,1,3,1,68,5,1,9,00,2,1,1,200600012858A01,7,1,1
200600012860,2006-03-03,2006,mars,vendredi,73:0,59,59350,0,0,2,3,6,2,1,3,2,02,1,1,000,072,1,0,1,4,1,18,9,1,2,00,2,1,15,200600012860A01,7,2,1
200600012864,2006-03-06,2006,mars,lundi,17:50,59,59350,0,0,2,1,3,1,1,4,2,02,1,1,000,070,1,0,1,4,1,15,2,1,9,00,2,1,13,200600012864A01,5,1,1
200600012867,2006-03-07,2006,mars,mardi,11:35,59,59343,0,0,2,1,2,1,1,4,2,02,1,1,000,100,1,0,5,4,1,46,1,1,2,01,0,1,1,200600012867A01,12,23,1
200600012872,2006-03-08,2006,mars,mercredi,19:35,59,59360,0,0,2,1,6,1,1,4,2,02,1,1,000,087,1,0,1,4,2,53,9,1,9,00,2,1,1,200600012872A01,7,1,1
200600012876,2006-03-12,2006,mars,dimanche,14:05,59,59350,0,0,2,2,6,1,1,4,2,04,1,1,000,000,1,0,1,4,2,23,9,1,9,00,2,1,19,200600012876A01,7,1,1
200600012878,2006-03-08,2006,mars,mercredi,12:10,59,59328,0,0,2,2,1,1,2,4,2,02,1,1,000,088,2,0,1,4,1,12,2,1,9,00,2,1,15,200600012878A01,7,1,1
200600012913,2006-03-08,2006,mars,mercredi,61:0,59,59512,0,0,2,3,3,5,1,4,2,02,1,1,000,000,1,0,1,3,1,34,4,1,2,00,2,1,1,200600012913B01,7,15,1
200600012920,2006-03-17,2006,mars,vendredi,12:20,59,59512,0,0,2,3,1,1,8,4,-1,00,1,1,000,000,1,0,1,3,1,19,0,1,2,00,2,1,1,200600012920B01,7,1,1
200600012922,2006-03-17,2006,mars,vendredi,15:55,59,59512,0,0,2,1,3,1,1,4,2,02,1,1,000,000,1,0,1,3,2,12,2,1,2,00,2,1,19,200600012922B01,7,1,1
200600012925,2006-03-23,2006,mars,jeudi,16:45,59,59512,0,0,2,2,1,1,1,4,2,02,1,1,000,000,1,0,1,3,1,15,5,1,2,00,2,1,1,200600012925B01,7,13,1
200600012936,2006-03-23,2006,mars,jeudi,13:35,59,59526,0,0,2,1,3,1,1,4,2,02,-1,1,000,069,1,0,1,3,2,61,5,1,9,00,2,0,2,200600012936B01,7,17,1
200600012951,2006-03-24,2006,mars,vendredi,22:50,59,59603,0,0,1,1,2,3,2,3,2,02,1,1,000,070,2,0,1,4,1,66,0,1,2,00,2,4,1,200600012951B01,7,1,1
200600012988,2006-03-29,2006,mars,mercredi,11:00,62,62178,0,0,2,3,3,1,1,4,2,02,4,1,000,135,1,0,1,3,2,40,4,1,9,00,2,1,1,200600012988B01,7,15,1
200600012994,2006-03-06,2006,mars,lundi,95:5,62,62215,0,0,2,1,3,1,1,3,2,02,1,2,000,076,1,0,1,4,1,58,5,1,9,00,2,8,2,200600012994B01,7,17,1
200600013036,2006-03-21,2006,mars,mardi,12:30,63,63113,0,0,1,1,2,1,8,4,3,03,1,1,000,110,2,0,1,3,1,41,5,1,2,00,2,4,1,200600013036B01,5,9,1
200600013037,2006-03-22,2006,mars,mercredi,84:5,63,63113,0,0,2,1,6,1,1,4,2,02,1,1,000,000,1,0,1,4,1,40,9,1,2,00,1,1,1,200600013037A01,,,
200600013085,2006-03-18,2006,mars,samedi,14:15,64,64445,0,0,2,1,1,1,1,4,2,02,1,1,000,090,1,0,1,4,2,84,5,1,9,00,2,1,15,200600013085A01,7,1,1
200600013094,2006-03-08,2006,mars,mercredi,11:05,64,64545,0,0,1,1,6,1,1,2,2,02,2,1,000,070,1,0,1,4,1,53,5,1,2,16,0,0,21,200600013094A01,13,15,1
200600013096,2006-03-31,2006,mars,vendredi,90:5,64,64130,0,0,2,1,1,1,1,4,2,02,1,1,000,070,1,0,1,4,1,34,5,1,2,00,2,1,1,200600013096B01,7,15,1
200600013103,2006-03-29,2006,mars,mercredi,17:17,65,65286,0,0,2,1,3,1,1,4,-1,00,1,1,000,076,1,0,1,4,1,31,5,1,2,00,2,0,5,200600013103A01,7,1,1
200600013113,2006-03-14,2006,mars,mardi,16:50,65,65440,0,0,2,6,3,1,1,4,1,02,1,2,000,070,1,0,1,3,2,71,0,1,9,00,0,1,1,200600013113B01,7,1,1
200600013159,2006-03-15,2006,mars,mercredi,10:20,67,67482,0,0,2,3,1,1,1,4,2,03,1,1,000,126,1,5,1,3,1,25,2,1,4,00,2,1,19,200600013159B01,7,16,1
200600013164,2006-03-17,2006,mars,vendredi,23:40,67,67482,0,0,2,3,3,5,1,4,2,02,1,1,000,060,1,0,1,4,1,33,5,1,9,00,2,3,19,200600013164B01,7,15,1
200600013170,2006-03-23,2006,mars,jeudi,73:5,67,67043,0,0,2,2,3,1,1,4,1,01,2,1,000,030,2,5,1,4,1,13,5,1,9,00,2,1,19,200600013170B01,7,1,1
200600013174,2006-03-26,2006,mars,dimanche,21:05,67,67267,0,0,2,2,3,5,1,4,2,02,1,1,000,049,1,0,1,4,1,15,5,1,9,00,2,1,19,200600013174A01,7,1,1
200600013175,2006-03-27,2006,mars,lundi,17:00,67,67482,0,0,2,3,6,1,8,4,1,01,1,1,000,058,1,0,1,1,1,30,5,1,9,00,1,1,1,200600013175A01,,,
200600013179,2006-03-30,2006,mars,jeudi,16:05,67,67482,0,0,2,2,3,1,1,4,2,03,1,1,000,097,1,0,1,4,1,34,1,1,9,00,2,1,19,200600013179A01,7,15,1
200600013185,2006-03-16,2006,mars,jeudi,21:00,68,68066,0,0,2,1,3,2,1,4,2,02,1,1,000,070,1,0,1,4,1,71,5,1,4,01,0,1,17,200600013185B01,7,24,1
200600013209,2006-03-28,2006,mars,mardi,18:57,69,69259,0,0,2,2,3,1,1,4,3,05,1,1,032,190,1,0,1,4,1,17,5,1,9,00,2,1,1,200600013209A01,7,1,1
200600013215,2006-03-05,2006,mars,dimanche,17:10,69,69266,0,0,2,1,6,1,8,9,2,00,1,1,000,000,1,0,5,2,1,59,5,1,2,00,5,1,1,200600013215A01,,,
200600013221,2006-03-23,2006,mars,jeudi,13:30,69,69266,0,0,2,1,6,1,8,4,2,02,1,1,000,000,1,0,1,4,2,35,0,1,9,00,2,1,0,200600013221B01,7,0,1
200600013222,2006-03-26,2006,mars,dimanche,14:15,69,69266,0,0,2,1,3,1,1,4,1,02,1,1,000,075,1,0,1,4,2,29,5,1,2,00,2,8,1,200600013222B01,7,22,1
200600013236,2006-03-15,2006,mars,mercredi,17:30,71,71153,0,0,2,6,2,1,1,4,2,02,1,2,000,040,1,5,1,4,1,62,5,1,2,00,2,4,1,200600013236B01,7,1,1
200600013245,2006-03-28,2006,mars,mardi,20:15,71,71306,0,0,2,2,6,2,2,4,2,02,1,1,000,051,2,0,1,4,1,14,5,1,4,00,2,1,15,200600013245B01,7,1,1
200600013247,2006-03-26,2006,mars,dimanche,10:00,71,71040,0,0,2,1,6,1,1,3,2,02,1,1,000,066,1,0,1,3,1,48,9,1,2,01,2,4,1,200600013247B01,7,1,1
200600013262,2006-03-22,2006,mars,mercredi,74:5,72,72181,0,0,2,3,3,1,2,9,2,02,1,1,000,084,2,0,1,4,1,51,9,0,0,00,0,1,1,200600013262B01,7,1,1
200600013272,2006-03-28,2006,mars,mardi,18:15,72,72181,0,0,2,1,1,1,1,9,2,02,1,1,000,070,2,0,1,4,2,50,9,1,2,00,0,1,1,200600013272B01,7,16,1
200600013303,2006-03-04,2006,mars,samedi,14:30,75,75011,0,0,2,3,3,1,1,4,1,04,1,1,000,120,1,0,1,4,1,35,4,1,2,00,2,3,19,200600013303A01,7,1,1
200600013324,2006-03-01,2006,mars,mercredi,94:5,75,75019,0,0,2,2,3,1,4,4,1,02,1,1,000,060,7,0,1,4,1,42,9,0,0,00,2,1,17,200600013324B01,14,22,1
200600013341,2006-03-01,2006,mars,mercredi,12:55,75,75012,0,0,2,2,3,1,1,4,2,04,1,1,000,120,1,0,1,4,1,64,5,0,0,00,2,3,19,200600013341A01,7,1,1
200600013347,2006-03-01,2006,mars,mercredi,15:45,75,75019,0,0,2,4,3,1,1,4,1,01,1,1,000,030,1,0,1,4,2,12,5,0,0,00,2,2,19,200600013347A01,5,1,1
200600013350,2006-03-01,2006,mars,mercredi,19:25,75,75020,0,0,2,2,3,2,1,4,2,02,1,1,000,060,1,0,1,4,1,29,4,0,0,00,2,2,15,200600013350A01,7,16,1
200600013361,2006-03-02,2006,mars,jeudi,10:00,75,75015,0,0,2,3,6,1,1,4,2,02,1,1,000,060,1,0,1,1,1,64,5,0,0,00,1,1,1,200600013361A01,,,
200600013381,2006-03-03,2006,mars,vendredi,10:55,75,75015,0,0,2,1,6,1,2,4,2,04,1,1,000,120,2,0,1,1,2,24,5,0,0,00,1,1,1,200600013381A01,,,
200600013391,2006-03-04,2006,mars,samedi,20:00,75,75018,0,0,2,2,6,5,1,4,2,04,1,1,000,120,1,0,1,1,1,27,5,0,0,00,1,1,16,200600013391A01,,,
200600013407,2006-03-06,2006,mars,lundi,14:55,75,75010,0,0,2,2,6,1,1,4,2,04,1,1,000,120,1,0,4,1,1,34,9,0,0,00,1,1,1,200600013407A01,,,
200600013412,2006-03-05,2006,mars,dimanche,18:15,75,75005,0,0,2,2,3,1,1,4,1,02,1,1,000,060,1,0,1,4,2,66,5,0,0,00,2,1,1,200600013412A01,7,1,1
200600013413,2006-03-05,2006,mars,dimanche,15:35,75,75012,0,0,2,3,3,1,1,4,2,02,1,1,000,060,1,0,1,3,2,36,9,0,0,00,2,6,11,200600013413A01,7,1,1
200600013422,2006-03-06,2006,mars,lundi,17:25,75,75020,0,0,2,1,3,1,1,4,2,02,1,1,000,060,1,0,1,4,2,30,4,0,0,00,2,3,1,200600013422B01,7,17,1
200600013434,2006-03-07,2006,mars,mardi,13:20,75,75006,0,0,2,1,6,1,1,4,2,02,1,1,000,060,1,0,1,4,2,37,4,0,0,00,1,1,1,200600013434A01,,,
200600013436,2006-03-07,2006,mars,mardi,20:15,75,75005,0,0,2,3,6,5,2,4,2,04,1,1,000,120,2,0,1,1,1,26,5,0,0,00,1,1,7,200600013436A01,,,
200600013518,2006-03-12,2006,mars,dimanche,11:15,75,75012,0,0,2,2,2,1,1,4,2,04,1,1,000,120,1,0,1,3,1,43,5,0,0,00,2,1,21,200600013518A01,1,1,1
200600013518,2006-03-12,2006,mars,dimanche,11:15,75,75012,0,0,2,2,2,1,1,4,2,04,1,1,000,120,1,0,1,4,1,56,5,0,0,00,2,4,1,200600013518B01,1,21,1
200600013540,2006-03-13,2006,mars,lundi,85:0,75,75014,0,0,2,2,3,1,1,4,2,03,1,1,000,090,1,0,1,4,2,29,4,0,0,00,2,3,15,200600013540A01,5,1,1
200600013551,2006-03-14,2006,mars,mardi,19:30,75,75010,0,0,2,1,7,5,1,4,1,04,1,1,000,120,1,0,1,4,1,36,5,0,0,00,0,0,21,200600013551A01,,,
200600013552,2006-03-14,2006,mars,mardi,17:24,75,75010,0,0,2,1,3,1,1,4,1,02,1,1,000,060,1,0,1,4,1,34,4,0,0,00,2,3,1,200600013552B01,7,16,1
200600013559,2006-03-14,2006,mars,mardi,13:00,75,75015,0,0,2,1,3,1,1,4,2,02,1,1,000,060,1,0,1,4,1,21,5,0,0,00,2,1,1,200600013559B01,7,22,1
200600013634,2006-03-16,2006,mars,jeudi,17:15,75,75010,0,0,2,3,3,1,1,4,1,02,1,1,000,060,1,0,1,4,2,32,5,0,0,00,2,2,1,200600013634B01,7,22,1
200600013664,2006-03-17,2006,mars,vendredi,91:5,75,75008,0,0,2,3,7,1,1,4,1,04,1,1,000,120,1,0,1,4,1,24,9,0,0,00,0,0,16,200600013664A01,,,
200600013666,2006-03-17,2006,mars,vendredi,15:40,75,75010,0,0,2,1,6,1,1,4,1,02,1,1,000,060,1,0,1,4,1,19,5,0,0,00,2,4,1,200600013666B01,7,1,1
200600013677,2006-03-18,2006,mars,samedi,12:20,75,75015,0,0,2,1,7,1,1,4,2,02,1,1,000,060,1,0,1,4,2,85,5,0,0,00,0,0,21,200600013677A01,,,
200600013682,2006-03-17,2006,mars,vendredi,90:5,75,75015,0,0,2,1,3,1,1,4,2,04,1,1,000,120,1,0,1,4,1,37,4,0,0,00,2,3,1,200600013682B01,4,21,1
200600013714,2006-03-20,2006,mars,lundi,94:5,75,75005,0,0,2,2,3,1,1,4,2,02,1,1,000,060,1,0,1,4,1,36,1,0,0,00,2,2,1,200600013714B01,7,22,1
200600013715,2006-03-20,2006,mars,lundi,10:25,75,75007,0,0,2,3,6,1,1,4,1,01,1,1,000,030,1,0,1,1,2,52,1,0,0,00,1,1,1,200600013715A01,,,
200600013725,2006-03-20,2006,mars,lundi,18:00,75,75015,0,0,2,2,3,1,2,4,2,02,1,1,000,060,2,0,1,4,1,14,5,0,0,00,2,1,1,200600013725B01,7,15,1
200600013734,2006-03-27,2006,mars,lundi,14:50,75,75013,0,0,2,1,3,1,1,4,2,04,1,1,000,120,1,0,1,4,1,41,5,0,0,00,2,1,1,200600013734B01,7,22,1