Num_Acc,date,an,mois,jour,hrmn,dep,com,lat,long,agg,int,col,lum,atm,catr,circ,nbv,prof,plan,lartpc,larrout,surf,infra,situ,grav,sexe,age,trajet,secuexist,equipement,obs,obsm,choc,manv,vehiculeid,typevehicules,manoeuvehicules,numVehicules
200600013739,2006-03-21,2006,mars,mardi,84:5,75,75004,0,0,2,2,6,1,2,4,1,01,1,1,000,030,2,0,1,1,2,42,1,0,0,00,1,1,1,200600013739A01,,,
200600013740,2006-03-21,2006,mars,mardi,15:39,75,75006,0,0,2,2,3,1,1,4,2,02,1,1,000,060,1,0,1,4,1,32,5,0,0,00,2,3,1,200600013740B01,18,0,1
200600013743,2006-03-21,2006,mars,mardi,13:05,75,75010,0,0,2,1,6,1,1,4,2,04,1,1,000,120,2,0,1,1,1,25,5,0,0,00,1,1,1,200600013743A01,,,
200600013778,2006-03-22,2006,mars,mercredi,90:5,75,75019,0,0,2,4,3,1,2,4,2,02,2,1,000,060,2,0,1,3,1,48,5,0,0,00,2,2,17,200600013778A01,7,15,1
200600013797,2006-03-25,2006,mars,samedi,11:02,75,75016,0,0,2,4,7,1,1,4,2,02,1,1,000,060,1,0,1,4,1,47,5,0,0,00,0,0,1,200600013797A01,,,
200600013832,2006-03-30,2006,mars,jeudi,82:5,75,75011,0,0,2,4,1,1,2,4,2,04,1,1,000,120,2,0,1,4,1,42,4,1,2,00,2,1,5,200600013832A01,7,15,1
200600013836,2006-03-30,2006,mars,jeudi,92:0,75,75019,0,0,2,3,2,1,2,4,1,04,1,3,000,120,2,0,1,4,1,37,1,0,0,00,2,4,1,200600013836B01,7,17,1
200600013838,2006-03-29,2006,mars,mercredi,23:5,75,75001,0,0,2,3,6,5,2,4,2,04,1,1,000,120,2,0,1,4,1,30,5,0,0,00,2,1,1,200600013838B01,7,0,1
200600013839,2006-03-29,2006,mars,mercredi,17:40,75,75013,0,0,2,1,3,1,1,4,1,03,1,1,000,090,1,0,1,4,2,62,5,0,0,00,2,3,19,200600013839A01,10,1,1
200600013877,2006-03-23,2006,mars,jeudi,91:0,75,75020,0,0,2,1,6,1,1,4,2,04,1,1,000,120,1,0,1,4,1,32,1,0,0,00,2,3,1,200600013877B01,7,0,1
200600013887,2006-03-24,2006,mars,vendredi,82:0,75,75020,0,0,2,1,3,1,2,4,2,02,1,1,000,060,2,0,1,4,1,46,4,0,0,00,2,1,1,200600013887B01,7,9,1
200600013908,2006-03-31,2006,mars,vendredi,18:15,75,75016,0,0,2,1,3,1,1,4,2,04,1,1,000,120,1,0,1,4,2,24,4,0,0,00,2,3,18,200600013908B01,7,22,1
200600013920,2006-03-28,2006,mars,mardi,85:0,75,75003,0,0,2,2,3,1,1,4,1,03,1,1,000,090,1,0,1,4,2,58,4,0,0,00,2,2,9,200600013920B01,4,15,1
200600013925,2006-03-31,2006,mars,vendredi,19:00,75,75006,0,0,2,1,6,5,1,4,1,03,1,1,000,090,1,0,1,1,2,39,5,0,0,00,2,3,19,200600013925A01,18,7,1
200600013958,2006-03-25,2006,mars,samedi,21:35,76,76217,0,0,2,1,2,5,8,4,1,01,1,1,000,048,2,0,1,4,1,26,5,0,0,00,2,3,0,200600013958B01,7,0,1
200600013976,2006-03-15,2006,mars,mercredi,15:25,76,76575,0,0,2,1,2,1,1,4,3,02,2,3,000,080,1,0,1,4,2,56,5,1,9,00,2,3,2,200600013976B01,7,16,1
200600013981,2006-03-18,2006,mars,samedi,14:20,76,76216,0,0,2,1,7,1,1,4,2,02,2,4,000,060,1,0,1,4,1,45,1,1,9,15,0,9,1,200600013981A01,,,
200600014008,2006-03-29,2006,mars,mercredi,10:25,77,77438,0,0,2,6,6,1,2,3,2,04,1,1,010,072,2,3,1,4,1,51,3,1,2,00,2,9,1,200600014008B01,14,1,1
200600014022,2006-03-22,2006,mars,mercredi,12:35,77,77284,0,0,2,1,2,1,1,2,3,04,1,1,010,120,1,0,1,4,1,38,3,1,2,00,2,1,2,200600014022A01,7,23,1
200600014037,2006-03-25,2006,mars,samedi,13:50,77,77390,0,0,2,1,3,1,1,4,3,02,1,1,000,000,1,0,1,3,2,15,2,1,2,00,2,8,0,200600014037B01,7,1,1
200600014039,2006-03-12,2006,mars,dimanche,18:30,77,77390,0,0,2,1,6,2,1,4,-1,02,1,1,000,000,1,0,1,4,1,44,1,1,2,01,0,1,2,200600014039B01,7,1,1
200600014056,2006-03-20,2006,mars,lundi,81:0,78,78208,0,0,2,6,3,1,1,4,2,02,1,-1,000,060,1,0,5,4,1,18,9,1,4,00,1,3,19,200600014056B01,7,16,1
200600014099,2006-03-05,2006,mars,dimanche,75:5,78,78586,0,0,2,2,3,1,1,4,2,02,1,1,000,080,1,0,1,4,1,74,5,1,9,00,2,1,1,200600014099B01,7,15,1
200600014101,2006-03-10,2006,mars,vendredi,75:5,78,78586,0,0,2,3,3,1,1,3,3,02,1,1,022,026,1,1,5,4,1,17,2,1,9,00,2,1,5,200600014101A01,7,16,1
200600014107,2006-03-01,2006,mars,mercredi,19:50,78,78621,0,0,2,1,3,5,4,4,2,02,1,1,000,700,2,0,4,4,2,9,5,1,9,00,2,1,0,200600014107A01,7,23,1
200600014130,2006-03-17,2006,mars,vendredi,16:00,78,78646,0,0,2,2,6,1,1,4,1,01,1,1,000,025,1,0,1,4,1,16,9,1,2,01,0,1,15,200600014130A01,,,
200600014190,2006-03-25,2006,mars,samedi,15:45,81,81065,0,0,2,1,3,1,1,4,2,02,1,1,000,000,1,0,1,3,2,79,5,1,9,00,2,8,1,200600014190B01,7,17,1
200600014226,2006-03-29,2006,mars,mercredi,11:00,83,83069,0,0,1,1,3,2,1,3,2,02,1,1,000,045,1,0,1,3,1,63,5,1,2,00,2,8,19,200600014226B01,7,16,1
200600014233,2006-03-20,2006,mars,lundi,73:0,83,83129,0,0,2,6,2,1,1,3,-1,00,1,2,170,086,1,5,1,4,1,43,1,1,2,00,2,4,2,200600014233B01,7,2,1
200600014274,2006-03-03,2006,mars,vendredi,17:20,84,84007,0,0,2,1,6,1,1,2,3,02,1,1,020,070,1,0,1,4,1,31,1,1,2,00,2,4,19,200600014274A01,7,1,1
200600014283,2006-03-23,2006,mars,jeudi,13:45,84,84007,0,0,2,3,3,1,1,2,2,00,1,1,000,160,1,0,5,3,1,72,5,1,2,00,2,8,1,200600014283B01,7,16,1
200600014291,2006-03-31,2006,mars,vendredi,16:45,84,84007,0,0,2,2,3,1,1,2,3,06,1,1,020,200,1,1,1,2,1,14,5,1,2,00,2,5,19,200600014291A01,10,1,1
200600014292,2006-03-29,2006,mars,mercredi,11:20,84,84031,0,0,2,1,2,1,1,4,2,02,1,1,000,068,1,0,1,3,1,8,5,1,9,00,2,1,19,200600014292B01,7,1,1
200600014293,2006-03-02,2006,mars,jeudi,80:0,84,84035,0,0,2,1,3,1,1,4,2,03,1,1,000,070,1,0,1,4,1,14,0,1,4,00,2,3,15,200600014293A01,7,1,1
200600014303,2006-03-05,2006,mars,dimanche,15:49,85,85191,0,0,2,2,3,1,1,4,-1,01,1,1,000,073,1,0,1,4,1,15,9,1,2,00,2,1,2,200600014303B01,7,19,1
200600014335,2006-03-01,2006,mars,mercredi,13:52,87,87085,0,0,2,2,3,1,1,2,2,02,2,1,000,080,1,5,1,4,1,57,5,1,2,00,2,1,1,200600014335B01,7,1,1
200600014373,2006-03-20,2006,mars,lundi,14:30,88,88424,0,0,2,1,6,1,1,4,2,02,1,-1,000,040,1,5,1,4,1,49,5,1,9,00,2,8,1,200600014373B01,17,1,1
200600014382,2006-03-16,2006,mars,jeudi,81:0,90,90010,0,0,2,1,2,1,1,4,2,02,1,1,000,000,1,0,1,3,1,16,0,1,9,00,2,1,2,200600014382B01,15,4,1
200600014384,2006-03-18,2006,mars,samedi,15:55,90,90099,0,0,2,3,3,1,1,4,-1,02,1,1,000,000,1,0,1,4,1,53,3,1,9,00,2,3,1,200600014384B01,7,1,1
200600014389,2006-03-19,2006,mars,dimanche,17:10,91,91114,0,0,2,3,3,1,1,4,2,02,1,1,020,050,1,0,1,3,1,27,5,1,2,00,2,2,1,200600014389B01,7,6,1
200600014422,2006-03-13,2006,mars,lundi,15:00,91,91326,0,0,2,1,6,1,1,4,2,02,1,1,000,067,1,0,1,1,1,23,5,1,9,00,1,1,1,200600014422B01,7,1,1
200600014482,2006-03-11,2006,mars,samedi,11:15,92,92071,0,0,2,4,3,1,1,3,3,02,1,1,020,095,1,0,1,3,1,19,2,1,9,00,2,1,16,200600014482B01,7,1,1
200600014505,2006-03-01,2006,mars,mercredi,17:00,92,92025,0,0,2,1,6,1,1,4,1,01,2,1,000,060,1,0,1,4,2,84,5,1,9,00,5,1,1,200600014505B01,,,
200600014534,2006-03-12,2006,mars,dimanche,94:5,92,92040,0,0,2,6,3,1,1,3,2,03,1,1,000,000,1,0,1,4,1,60,5,1,9,00,2,1,1,200600014534B01,7,9,1
200600014569,2006-03-28,2006,mars,mardi,12:45,92,92050,0,0,2,1,7,1,3,4,2,02,1,1,000,080,2,0,1,4,1,39,1,1,2,00,2,1,15,200600014569B01,14,1,1
200600014570,2006-03-28,2006,mars,mardi,15:20,92,92050,0,0,2,3,3,1,1,3,2,02,1,1,000,080,1,0,1,4,1,52,3,1,2,00,2,1,19,200600014570B01,7,16,1
200600014579,2006-03-22,2006,mars,mercredi,13:00,92,92051,0,0,2,1,3,1,2,4,3,00,1,1,000,000,2,0,1,4,2,50,5,1,9,00,2,1,2,200600014579B01,7,22,1
200600014613,2006-03-28,2006,mars,mardi,93:5,92,92046,0,0,2,3,3,1,1,3,3,04,1,1,000,063,1,5,1,4,2,30,1,1,9,00,2,8,1,200600014613B01,15,16,1
200600014641,2006-03-25,2006,mars,samedi,90:0,93,93008,0,0,2,6,3,1,8,2,3,02,-1,-1,000,000,-1,0,1,3,1,22,9,1,9,00,2,0,5,200600014641B01,7,9,1
200600014721,2006-03-07,2006,mars,mardi,11:25,93,93053,0,0,2,2,6,1,1,3,2,02,1,1,000,080,1,5,1,4,1,82,0,1,2,00,2,0,2,200600014721B01,20,2,1
200600014779,2006-03-19,2006,mars,dimanche,18:22,93,93073,0,0,2,3,1,1,1,3,-1,02,1,1,030,030,1,0,1,4,1,15,5,1,9,00,2,1,11,200600014779B01,7,2,1
200600014789,2006-03-03,2006,mars,vendredi,81:0,94,94002,0,0,2,2,3,2,3,4,2,01,1,1,000,050,2,0,1,4,2,53,1,1,2,00,2,1,1,200600014789A01,7,1,1
200600014854,2006-03-27,2006,mars,lundi,17:40,94,94028,48.781,0,2,1,1,1,1,3,2,03,-1,2,000,180,1,0,1,3,2,43,1,1,9,00,0,1,1,200600014854B01,7,15,1
200600014874,2006-03-30,2006,mars,jeudi,11:45,94,94041,0,0,2,1,3,1,1,4,1,02,-1,-1,000,000,-1,0,0,3,1,32,0,1,2,01,0,1,21,200600014874B01,7,22,1
200600014881,2006-03-06,2006,mars,lundi,13:20,94,94046,0,0,2,1,3,1,1,4,2,02,1,1,000,098,1,0,1,4,1,15,2,1,9,00,2,2,19,200600014881A01,7,21,1
200600014882,2006-03-09,2006,mars,jeudi,21:20,94,94046,0,0,2,3,3,5,1,2,2,04,1,1,000,090,1,0,1,4,1,27,0,1,2,00,2,9,1,200600014882A01,7,16,1
200600014898,2006-03-16,2006,mars,jeudi,91:5,94,94052,0,0,2,1,2,1,1,4,1,00,1,1,000,000,1,0,1,4,1,19,2,1,2,00,2,1,1,200600014898A01,7,20,1
200600014941,2006-03-10,2006,mars,vendredi,16:20,95,95018,0,0,2,1,3,1,1,2,3,05,1,1,063,182,1,0,1,4,1,48,1,1,9,00,2,1,1,200600014941A01,7,16,1
200600014954,2006-03-15,2006,mars,mercredi,17:10,95,95063,0,0,2,1,3,1,1,4,1,01,1,1,000,000,1,0,1,4,1,14,5,1,9,00,2,1,16,200600014954A01,7,1,1
200600014977,2006-03-16,2006,mars,jeudi,17:10,95,95563,0,0,2,3,3,1,1,3,2,02,1,1,000,050,1,0,1,4,1,13,9,1,2,00,2,1,1,200600014977B01,7,15,1
200600015259,2006-03-22,2006,mars,mercredi,81:5,69,69383,0,0,2,2,3,1,1,4,1,01,1,1,000,000,1,0,1,4,2,38,1,1,9,00,2,7,1,200600015259B01,7,4,1
200600015303,2006-03-03,2006,mars,vendredi,15:30,69,69388,0,0,2,1,2,1,1,4,1,00,1,1,000,080,1,0,1,4,1,19,1,1,9,00,2,1,1,200600015303A01,7,23,1
200600015306,2006-03-16,2006,mars,jeudi,91:0,69,69388,0,0,2,1,6,1,1,4,2,03,1,1,000,068,1,0,1,4,1,18,0,1,9,01,2,1,1,200600015306B01,7,22,1
200600015404,2006-03-15,2006,mars,mercredi,15:45,59,59080,0,0,2,1,3,1,7,3,2,02,4,-1,000,050,1,0,1,3,1,32,5,0,0,00,0,5,1,200600015404B02,7,16,1
200600015509,2006-03-05,2006,mars,dimanche,12:45,27,27031,0,0,1,1,1,1,7,4,2,00,1,1,000,049,1,0,1,3,1,20,0,0,0,01,0,1,0,200600015509B02,7,23,1
200600015539,2006-03-26,2006,mars,dimanche,17:45,35,35171,0,0,1,1,6,1,1,3,2,00,-1,1,000,000,1,0,1,3,1,8,5,1,2,00,0,3,2,200600015539A01,,,
200600015540,2006-03-31,2006,mars,vendredi,18:15,35,35184,0,0,1,1,3,1,1,2,2,00,3,1,000,000,1,0,1,3,1,17,5,1,2,00,0,8,19,200600015540A01,7,1,1
200600015673,2006-03-06,2006,mars,lundi,80:0,44,44018,0,0,1,1,3,1,1,3,2,02,-1,1,000,065,2,0,1,2,1,14,2,0,0,00,2,8,15,200600015673B02,5,17,1
200600015696,2006-03-10,2006,mars,vendredi,13:30,49,49078,47.331,-0.418,1,1,2,1,1,3,2,02,1,1,064,080,1,5,1,3,1,68,5,0,0,00,2,4,15,200600015696A01,7,1,1
200600015722,2006-03-15,2006,mars,mercredi,17:00,49,49277,0,0,2,1,3,1,1,3,2,00,1,3,000,000,1,0,1,3,1,69,5,0,0,00,2,2,1,200600015722B02,7,15,1
200600015729,2006-03-26,2006,mars,dimanche,18:45,53,53064,48.341,-0.743,2,2,3,1,1,3,2,02,4,3,000,051,1,0,1,2,2,10,5,1,2,00,2,8,19,200600015729B02,7,1,1
200600015752,2006-03-01,2006,mars,mercredi,13:30,85,85092,46.468,-0.792,2,6,1,1,1,4,-1,00,1,2,000,000,1,5,1,3,1,42,1,0,0,00,2,5,1,200600015752B02,7,19,1
200600015776,2006-03-28,2006,mars,mardi,17:40,33,33274,0,0,2,1,3,1,7,3,2,02,4,3,000,068,1,5,1,4,1,24,5,1,2,00,2,7,1,200600015776B02,7,15,1
200600015783,2006-03-14,2006,mars,mardi,11:45,33,33010,45.078,-0.725,2,1,7,1,1,3,2,02,1,1,000,060,1,0,1,3,1,41,5,0,0,00,0,0,17,200600015783A01,,,
200600015815,2006-03-08,2006,mars,mercredi,10:45,40,40046,44.398,-1.164,2,6,2,1,8,9,1,01,1,2,000,000,2,5,1,3,1,67,5,0,0,00,2,4,1,200600015815B02,10,1,1
200600015825,2006-03-08,2006,mars,mercredi,74:5,47,47233,44.535,0.13,1,1,2,1,2,4,2,02,1,1,000,062,2,0,1,3,2,32,1,0,0,00,0,4,13,200600015825B02,14,17,1
200600015836,2006-03-23,2006,mars,jeudi,16:00,64,64067,43.257,-0.295,2,1,6,1,1,3,2,00,1,1,000,050,1,0,1,3,1,85,5,0,0,00,0,0,1,200600015836A01,,,
200600015863,2006-03-01,2006,mars,mercredi,16:00,86,86161,0,0,1,2,5,1,2,3,2,02,1,1,000,050,2,5,1,3,2,60,5,1,2,00,2,1,1,200600015863A01,7,19,1
200600015863,2006-03-01,2006,mars,mercredi,16:00,86,86161,0,0,1,2,5,1,2,3,2,02,1,1,000,050,2,5,1,4,1,58,5,1,2,00,2,1,1,200600015863B02,7,19,1
200600015863,2006-03-01,2006,mars,mercredi,16:00,86,86161,0,0,1,2,5,1,2,3,2,02,1,1,000,050,2,5,1,4,1,77,5,1,2,00,2,1,1,200600015863C03,7,19,1
200600015863,2006-03-01,2006,mars,mercredi,16:00,86,86161,0,0,1,2,5,1,2,3,2,02,1,1,000,050,2,5,1,4,1,83,5,1,2,00,2,1,1,200600015863D04,7,19,1
200600015888,2006-03-15,2006,mars,mercredi,17:45,17,17224,0,0,1,1,1,1,1,3,2,02,1,1,000,062,1,0,1,3,1,77,5,0,0,00,0,0,2,200600015888B02,15,2,1
200600015938,2006-03-25,2006,mars,samedi,15:15,31,31135,43.226,1.116,1,1,2,1,1,3,2,00,1,1,000,060,1,0,1,3,1,15,5,0,0,00,2,0,2,200600015938B02,7,2,1
200600015946,2006-03-24,2006,mars,vendredi,11:15,31,31080,0,0,2,9,3,1,1,6,-1,00,1,-1,000,000,1,0,1,2,1,79,5,0,0,00,2,1,1,200600015946B02,7,9,1
200600016000,2006-03-31,2006,mars,vendredi,13:45,81,81036,43.498,2.441,1,1,2,1,1,3,2,02,1,1,000,105,1,0,1,3,1,58,5,1,2,00,2,6,1,200600016000B02,7,17,1
200600016046,2006-03-04,2006,mars,samedi,11:00,69,69050,45.87,4.65,1,1,1,1,2,3,2,02,1,1,000,000,2,5,1,3,1,37,5,0,0,00,2,4,6,200600016046B02,7,1,1
200600016063,2006-03-21,2006,mars,mardi,12:15,01,01047,0,0,2,1,6,1,2,3,2,02,1,3,000,070,2,0,0,3,1,44,1,0,0,00,2,8,1,200600016063A01,,,
200600016067,2006-03-22,2006,mars,mercredi,18:00,01,01265,0,0,2,7,2,2,1,6,1,01,1,1,000,000,1,0,1,3,1,65,3,1,4,00,2,7,1,200600016067B02,7,20,1
200600016104,2006-03-14,2006,mars,mardi,73:0,26,26325,45.296,4.815,2,1,1,1,1,3,2,02,2,1,000,076,1,0,1,3,1,40,1,0,0,00,2,1,1,200600016104A01,7,0,1
200600016109,2006-03-22,2006,mars,mercredi,12:25,38,38317,0,0,2,1,1,1,1,3,2,00,-1,-1,000,000,1,5,1,2,2,48,1,1,2,00,0,0,0,200600016109B02,13,16,1
200600016131,2006-03-19,2006,mars,dimanche,14:15,38,38189,0,0,2,1,1,1,1,9,2,02,2,3,000,040,1,0,1,4,2,13,5,0,0,00,2,1,13,200600016131A01,7,1,1
200600016132,2006-03-16,2006,mars,jeudi,16:15,38,38316,0,0,2,1,1,1,1,3,2,02,1,1,000,058,1,0,1,4,2,76,5,0,0,00,2,1,1,200600016132A01,7,15,1
200600016137,2006-03-20,2006,mars,lundi,15:20,42,42066,0,0,1,1,7,1,1,3,2,02,-1,1,000,000,1,0,1,3,1,76,5,0,0,00,9,1,1,200600016137A01,,,
200600016157,2006-03-26,2006,mars,dimanche,16:15,73,73001,45.546,5.817,1,1,1,1,1,3,2,02,1,1,000,060,1,0,1,3,2,14,5,0,0,00,2,3,1,200600016157B02,7,17,1
200600016158,2006-03-31,2006,mars,vendredi,16:45,73,73191,45.604,5.765,1,1,3,1,1,3,2,02,2,1,000,060,1,0,1,3,1,62,5,1,2,00,2,8,1,200600016158A01,7,14,1
200600016200,2006-03-20,2006,mars,lundi,17:15,63,63089,45.886,3.219,1,1,2,1,1,3,2,02,1,1,000,069,1,0,1,3,1,66,5,1,2,00,0,4,1,200600016200B02,7,17,1
200600016227,2006-03-12,2006,mars,dimanche,19:00,43,43012,0,0,2,7,6,5,8,4,2,00,-1,1,061,061,1,0,0,3,1,48,5,0,0,12,0,0,1,200600016227A01,,,
200600016265,2006-03-02,2006,mars,jeudi,90:0,88,88465,0,0,2,1,2,1,4,9,2,00,-1,-1,000,000,5,4,1,4,2,35,4,0,0,00,0,4,2,200600016265B02,7,17,1
200600016289,2006-03-11,2006,mars,samedi,84:5,67,67220,48.74,7.52,2,1,1,1,1,3,2,00,1,3,000,000,1,0,1,3,1,43,5,1,2,01,0,2,1,200600016289B02,10,22,1
200600016299,2006-03-29,2006,mars,mercredi,80:0,68,68374,48.072,7.311,2,2,6,1,2,2,4,00,1,-1,000,000,2,5,1,4,2,31,1,0,0,00,2,6,1,200600016299A01,,,
200600016337,2006-03-23,2006,mars,jeudi,85:5,08,08090,0,0,2,1,1,1,1,4,1,00,2,1,000,040,1,0,1,2,1,80,5,0,0,01,0,0,21,200600016337B02,7,22,1
200600016452,2006-03-06,2006,mars,lundi,13:50,70,70093,0,0,2,1,1,1,4,4,2,01,1,1,000,030,5,0,1,2,1,70,5,0,0,00,2,1,13,200600016452B02,7,4,1
200600016471,2006-03-27,2006,mars,lundi,13:00,13,13987,43.83,4.89,1,1,3,1,1,3,2,02,1,1,000,000,1,0,1,4,1,64,5,0,0,00,2,1,1,200600016471B02,10,9,1
200600016479,2006-03-20,2006,mars,lundi,94:5,13,13085,0,0,1,1,3,1,1,3,2,00,-1,3,020,030,-1,0,0,4,1,51,0,1,2,00,0,0,1,200600016479B02,7,15,1
200600016554,2006-03-26,2006,mars,dimanche,93:0,84,84130,0,0,1,1,1,1,1,3,2,02,2,4,000,055,1,0,1,2,1,70,5,1,2,00,2,1,13,200600016554A01,7,1,1
200600016588,2006-03-17,2006,mars,vendredi,18:45,34,34101,0,0,2,6,3,1,1,4,1,02,-1,2,000,070,1,5,1,3,2,77,5,0,0,00,2,8,5,200600016588B02,7,1,1
200600016609,2006-03-29,2006,mars,mercredi,18:15,30,30133,0,0,2,6,1,1,1,4,1,02,1,2,000,000,1,5,1,2,2,60,0,0,0,00,2,1,1,200600016609B02,7,9,1
200600016631,2006-03-01,2006,mars,mercredi,18:45,30,30255,0,0,2,1,1,5,1,9,-1,00,-1,-1,000,000,-1,0,0,4,1,17,5,0,0,00,0,5,0,200600016631B02,7,0,1
200600016648,2006-03-14,2006,mars,mardi,71:5,66,66016,0,0,2,1,2,1,7,3,2,02,2,3,000,000,1,0,1,4,1,45,5,1,2,00,0,4,1,200600016648B02,7,17,1
200600016698,2006-03-19,2006,mars,dimanche,10:30,91,91538,0,0,2,1,5,1,1,3,2,02,1,1,000,060,1,0,1,3,1,39,5,1,2,00,2,1,1,200600016698B02,7,17,1
200600016698,2006-03-19,2006,mars,dimanche,10:30,91,91538,0,0,2,1,5,1,1,3,2,02,1,1,000,060,1,0,1,1,1,40,5,1,2,00,0,7,1,200600016698C03,7,17,1
200600016708,2006-03-05,2006,mars,dimanche,19:30,77,77142,48.861,2.923,1,1,1,5,1,3,2,02,4,-1,000,080,1,0,1,3,1,43,9,1,2,00,2,1,13,200600016708B02,7,1,1
200600016750,2006-03-11,2006,mars,samedi,11:30,18,18015,0,0,2,1,2,1,1,4,2,01,1,4,000,073,1,4,1,3,2,86,5,0,0,00,0,5,1,200600016750B02,7,1,1
200600017011,2006-03-28,2006,mars,mardi,10:20,35,35288,0,0,2,2,5,1,1,4,2,02,1,1,000,000,1,0,1,4,1,59,0,1,2,00,2,1,1,200600017011C01,7,1,2
200600017024,2006-03-04,2006,mars,samedi,10:20,94,94003,0,0,2,1,6,1,1,4,2,02,1,1,000,080,1,0,1,4,1,20,0,1,9,01,2,2,24,200600017024B01,7,24,1
200600017061,2006-04-01,2006,avril,samedi,17:15,59,59094,0,0,2,1,1,1,1,3,2,02,-1,1,000,070,1,0,1,3,1,13,5,0,0,00,2,3,11,200600017061B02,7,17,1
200600017067,2006-04-27,2006,avril,jeudi,16:45,59,59189,50.785,2.595,1,9,2,1,1,3,2,02,1,2,000,060,1,0,1,3,1,17,5,0,0,00,2,6,13,200600017067B02,7,17,1
200600017075,2006-04-04,2006,avril,mardi,17:15,59,59449,0,0,2,7,3,1,1,3,2,02,1,1,000,060,1,0,1,4,2,31,1,0,0,00,2,2,1,200600017075B02,7,9,1
200600017093,2006-04-07,2006,avril,vendredi,15:15,62,62767,50.385,2.337,2,1,3,1,1,3,2,02,-1,1,000,090,1,5,1,3,1,71,5,0,0,00,2,1,1,200600017093B02,14,15,1
200600017097,2006-04-06,2006,avril,jeudi,14:00,62,62513,50.284,2.266,1,1,6,1,1,3,2,02,-1,1,000,060,1,0,1,3,1,18,1,0,0,01,2,1,1,200600017097A01,,,
200600017157,2006-04-24,2006,avril,lundi,18:00,57,57282,49.5,6.17,2,1,1,1,1,4,-1,00,2,-1,000,000,1,0,0,3,1,8,5,1,2,00,2,1,1,200600017157B02,17,15,1
200600017243,2006-04-17,2006,avril,lundi,14:15,22,22020,0,0,1,1,1,1,1,4,-1,00,1,1,000,000,1,0,1,3,1,9,5,0,0,00,0,8,19,200600017243B02,7,1,1
200600017268,2006-04-07,2006,avril,vendredi,12:00,56,56247,0,0,2,3,3,1,1,3,2,02,1,2,000,052,1,5,1,3,1,60,5,0,0,00,2,8,15,200600017268B02,10,1,1
200600017279,2006-04-14,2006,avril,vendredi,13:30,56,56163,48.095,-3.259,1,9,1,1,1,3,2,02,4,1,000,060,1,0,1,3,1,73,9,0,0,00,2,1,15,200600017279B02,7,1,1
200600017282,2006-04-19,2006,avril,mercredi,15:00,56,56081,48.053,-3.632,1,6,4,1,1,4,2,02,1,-1,000,060,1,0,1,3,1,16,5,1,2,00,2,1,1,200600017282B02,10,5,1
200600017282,2006-04-19,2006,avril,mercredi,15:00,56,56081,48.053,-3.632,1,6,4,1,1,4,2,02,1,-1,000,060,1,0,1,3,1,13,5,1,2,00,2,1,1,200600017282C03,10,5,1
200600017282,2006-04-19,2006,avril,mercredi,15:00,56,56081,48.053,-3.632,1,6,4,1,1,4,2,02,1,-1,000,060,1,0,1,3,1,28,5,1,2,00,9,1,1,200600017282D04,10,5,1
200600017289,2006-04-27,2006,avril,jeudi,14:45,14,14659,0,0,2,1,1,1,1,3,2,00,-1,1,000,040,1,0,1,3,1,10,5,0,0,00,2,1,19,200600017289B02,7,1,1
200600017303,2006-04-07,2006,avril,vendredi,16:15,14,14629,49.013,-0.879,1,1,3,1,1,3,2,02,-1,1,000,070,-1,0,1,1,1,26,5,0,0,00,2,7,16,200600017303A01,1,1,1
200600017303,2006-04-07,2006,avril,vendredi,16:15,14,14629,49.013,-0.879,1,1,3,1,1,3,2,02,-1,1,000,070,-1,0,1,3,1,62,5,1,2,00,2,1,1,200600017303B02,1,16,1
200600017326,2006-04-06,2006,avril,jeudi,11:00,50,50178,49.696,-1.439,1,1,1,1,1,3,-1,00,1,1,000,072,1,0,0,3,1,67,5,0,0,00,2,1,1,200600017326B02,7,19,1
200600017329,2006-04-22,2006,avril,samedi,11:10,50,50243,0,0,1,1,1,1,1,3,2,02,-1,1,000,000,1,0,1,3,1,21,5,1,2,00,2,7,1,200600017329A01,7,15,1
200600017357,2006-04-19,2006,avril,mercredi,11:30,44,44015,47.48,-1.823,1,1,1,1,8,4,2,02,1,2,000,043,1,0,1,3,1,66,5,0,0,00,2,1,13,200600017357B02,7,1,1
200600017371,2006-04-30,2006,avril,dimanche,17:00,44,44074,47.206,-1.674,2,6,1,1,1,3,2,00,1,1,000,000,1,0,1,4,1,33,5,1,4,00,0,4,23,200600017371B02,7,10,1
200600017380,2006-04-07,2006,avril,vendredi,21:00,44,44158,0,0,2,1,2,5,1,4,2,00,-1,-1,000,045,-1,0,0,3,2,69,5,0,0,00,0,4,1,200600017380B02,7,1,1
200600017408,2006-04-23,2006,avril,dimanche,94:5,49,49135,47.573,-0.589,2,1,1,1,1,3,2,02,4,1,000,075,1,0,1,3,1,57,5,0,0,00,0,1,1,200600017408B02,7,15,1
200600017411,2006-04-25,2006,avril,mardi,17:45,53,53088,47.973,-1.118,2,1,1,1,1,3,2,02,1,1,000,064,1,0,1,3,2,74,5,0,0,00,2,3,15,200600017411B02,7,1,1
200600017436,2006-04-09,2006,avril,dimanche,94:5,85,85223,46.55,-1.04,1,1,5,1,1,3,2,02,1,1,000,056,1,0,1,3,1,48,5,0,0,00,2,4,1,200600017436B02,7,17,1
200600017436,2006-04-09,2006,avril,dimanche,94:5,85,85223,46.55,-1.04,1,1,5,1,1,3,2,02,1,1,000,056,1,0,1,1,1,50,5,0,0,00,9,4,1,200600017436C03,7,17,1
200600017440,2006-04-09,2006,avril,dimanche,18:00,85,85113,0,0,1,1,1,1,1,3,2,00,1,1,000,045,1,0,1,3,2,20,5,0,0,00,2,3,11,200600017440B02,33,17,1
200600017483,2006-04-11,2006,avril,mardi,12:45,24,24236,45.191,0.562,1,1,6,1,1,4,2,02,4,2,000,035,9,0,3,3,1,13,5,0,0,08,0,1,1,200600017483A01,,,