Num_Acc,date,an,mois,jour,hrmn,dep,com,lat,long,agg,int,col,lum,atm,catr,circ,nbv,prof,plan,lartpc,larrout,surf,infra,situ,grav,sexe,age,trajet,secuexist,equipement,obs,obsm,choc,manv,vehiculeid,typevehicules,manoeuvehicules,numVehicules
200600017499,2006-04-21,2006,avril,vendredi,19:45,24,24392,0,0,2,1,1,1,1,3,2,02,-1,1,000,052,1,0,1,3,1,41,5,0,0,00,2,1,1,200600017499B02,7,1,1
200600017508,2006-04-15,2006,avril,samedi,17:00,40,40269,43.632,-1.11,1,1,1,1,1,3,2,02,1,1,000,060,1,0,1,3,1,36,5,0,0,00,0,1,1,200600017508A01,7,23,1
200600017573,2006-04-18,2006,avril,mardi,20:15,86,86255,0,0,1,1,1,2,1,3,2,02,3,1,000,061,1,0,1,3,1,13,5,0,0,00,9,8,15,200600017573B02,15,1,1
200600017586,2006-04-19,2006,avril,mercredi,19:25,16,16411,0,0,1,3,3,1,1,3,2,00,2,1,000,060,1,0,1,2,2,60,5,1,2,00,0,2,19,200600017586A01,10,1,1
200600017588,2006-04-03,2006,avril,lundi,19:00,17,17193,0,0,2,1,1,1,1,9,-1,00,1,3,000,000,1,0,1,4,2,12,5,0,0,00,0,8,1,200600017588B02,7,13,1
200600017605,2006-04-12,2006,avril,mercredi,14:30,17,17353,45.986,-1.041,2,1,3,1,1,4,2,00,1,-1,000,066,1,0,1,3,2,12,5,0,0,00,2,7,16,200600017605A01,21,1,1
200600017626,2006-04-21,2006,avril,vendredi,17:15,79,79003,46.286,-0.406,1,1,3,1,1,3,2,00,1,1,000,062,1,0,1,2,1,15,5,0,0,00,2,8,15,200600017626C03,17,17,1
200600017631,2006-04-25,2006,avril,mardi,14:30,79,79230,46.282,0.133,1,1,5,1,7,4,2,02,1,-1,000,045,1,0,1,3,2,23,5,0,0,00,2,1,1,200600017631B02,7,19,1
200600017631,2006-04-25,2006,avril,mardi,14:30,79,79230,46.282,0.133,1,1,5,1,7,4,2,02,1,-1,000,045,1,0,1,3,1,61,5,0,0,00,2,1,1,200600017631C03,7,19,1
200600017664,2006-04-06,2006,avril,jeudi,20:00,31,31516,0,0,1,1,2,1,1,3,2,02,1,2,000,090,1,0,1,2,1,49,5,0,0,00,2,4,1,200600017664B02,10,1,1
200600017748,2006-04-23,2006,avril,dimanche,15:15,82,82075,0,0,1,1,2,1,1,4,2,01,-1,1,000,047,1,0,3,4,1,7,5,0,0,00,0,4,1,200600017748B02,7,2,1
200600017755,2006-04-21,2006,avril,vendredi,81:5,69,69194,0,0,2,7,1,1,1,9,1,00,2,3,000,038,1,0,1,3,1,15,2,0,0,01,0,1,18,200600017755B02,7,22,1
200600017787,2006-04-17,2006,avril,lundi,18:15,01,01904,0,0,2,1,3,1,1,4,2,00,2,1,000,000,1,0,1,4,1,17,5,0,0,00,0,3,15,200600017787A01,2,1,1
200600017789,2006-04-02,2006,avril,dimanche,16:15,01,01456,0,0,1,1,1,1,1,3,-1,00,1,1,000,000,1,0,1,3,2,44,5,0,0,00,0,4,1,200600017789B02,7,1,1
200600017795,2006-04-25,2006,avril,mardi,16:00,01,01202,0,0,1,6,1,1,1,2,2,02,1,3,000,000,1,5,1,2,1,63,5,1,2,00,2,2,0,200600017795B02,10,16,1
200600017801,2006-04-12,2006,avril,mercredi,18:00,01,01436,46.352,6.103,1,1,2,1,1,3,2,02,1,1,000,070,1,0,1,3,1,45,1,0,0,00,2,4,1,200600017801B02,7,1,1
200600017807,2006-04-17,2006,avril,lundi,30:,01,01244,0,0,2,1,7,5,1,3,2,02,2,1,000,080,1,0,1,3,1,26,5,1,2,00,0,0,1,200600017807A01,,,
200600017812,2006-04-06,2006,avril,jeudi,19:30,07,07278,0,0,1,1,3,1,1,3,2,02,2,2,000,040,1,0,1,2,1,56,5,0,0,00,2,8,1,200600017812B02,7,1,1
200600017825,2006-04-14,2006,avril,vendredi,16:15,26,26206,44.834,4.979,2,1,3,1,1,3,2,03,-1,1,000,110,1,0,1,3,1,52,5,0,0,00,2,3,18,200600017825B02,14,16,1
200600017843,2006-04-07,2006,avril,vendredi,17:30,26,26039,0,0,2,1,3,1,1,3,2,02,1,1,000,055,1,0,1,3,1,11,5,0,0,00,2,1,1,200600017843B02,7,1,1
200600017862,2006-04-28,2006,avril,vendredi,15:20,38,38200,45.1,5.74,2,1,1,1,2,4,-1,00,2,1,000,050,2,0,1,3,1,38,5,1,2,00,2,1,1,200600017862B02,14,4,1
200600017887,2006-04-20,2006,avril,jeudi,17:15,38,38134,45.436,5.011,1,1,1,1,1,3,2,02,2,3,000,067,1,0,1,3,1,38,5,1,2,00,2,8,1,200600017887B02,7,1,1
200600017923,2006-04-22,2006,avril,samedi,12:15,73,73297,45.649,6.326,1,1,3,1,1,3,-1,02,1,1,000,075,1,0,1,3,1,61,5,0,0,00,2,8,13,200600017923A01,30,2,1
200600017930,2006-04-21,2006,avril,vendredi,17:00,73,73157,0,0,1,1,1,1,1,6,-1,00,-1,-1,000,000,-1,0,0,3,1,5,5,0,0,00,2,8,1,200600017930B02,14,1,1
200600017943,2006-04-23,2006,avril,dimanche,11:15,74,74077,0,0,1,1,1,1,1,3,2,02,2,3,000,056,1,0,1,3,2,40,5,0,0,00,2,1,1,200600017943B02,33,19,1
200600017950,2006-04-30,2006,avril,dimanche,10:00,63,63296,0,0,1,1,1,1,1,3,2,02,1,-1,000,060,1,0,1,3,1,71,5,1,9,00,0,4,2,200600017950B02,7,2,1
200600017961,2006-04-08,2006,avril,samedi,13:45,63,63125,45.788,3.532,1,2,3,1,1,3,2,02,-1,1,000,072,1,0,1,3,1,19,5,0,0,00,2,8,19,200600017961A01,7,1,1
200600017975,2006-04-20,2006,avril,jeudi,18:45,03,03118,0,0,2,1,3,1,1,2,2,02,1,1,000,073,1,0,1,4,2,68,3,0,0,00,2,7,19,200600017975B02,7,1,1
200600018023,2006-04-11,2006,avril,mardi,61:5,54,54115,48.758,6.141,2,1,1,2,1,2,2,02,-1,-1,030,000,1,5,1,2,1,84,5,0,0,00,0,5,11,200600018023B02,7,2,1
200600018037,2006-04-24,2006,avril,lundi,18:00,55,55533,48.607,5.666,2,1,1,1,1,4,2,02,1,1,000,000,1,5,1,4,1,9,5,0,0,00,2,7,1,200600018037B02,7,1,1
200600018039,2006-04-04,2006,avril,mardi,21:25,88,88047,0,0,2,1,3,5,1,3,2,02,-1,2,000,000,1,0,0,3,1,13,5,0,0,00,2,1,19,200600018039B02,7,1,1
200600018041,2006-04-25,2006,avril,mardi,19:30,88,88126,0,0,2,1,1,1,1,3,-1,00,-1,-1,000,070,-1,0,0,3,1,17,5,0,0,00,0,0,0,200600018041B02,7,1,1
200600018095,2006-04-15,2006,avril,samedi,14:30,68,68156,0,0,1,6,1,1,2,3,1,02,1,2,000,085,2,5,1,3,1,54,5,0,0,00,2,2,1,200600018095B02,7,9,1
200600018104,2006-04-26,2006,avril,mercredi,21:30,68,68286,0,0,1,1,5,3,1,3,2,02,1,1,000,073,1,0,1,3,1,18,5,1,4,00,2,4,2,200600018104B02,33,2,1
200600018104,2006-04-26,2006,avril,mercredi,21:30,68,68286,0,0,1,1,5,3,1,3,2,02,1,1,000,073,1,0,1,4,1,17,5,1,4,00,2,4,2,200600018104C03,33,2,1
200600018118,2006-04-14,2006,avril,vendredi,17:45,51,51535,48.725,3.726,2,3,3,1,1,4,1,01,-1,1,000,050,1,0,1,3,1,16,5,1,2,00,2,8,19,200600018118A01,7,1,1
200600018140,2006-04-03,2006,avril,lundi,17:55,10,10401,0,0,2,1,3,1,1,4,1,01,2,1,000,029,1,0,1,3,1,9,5,0,0,00,2,1,19,200600018140A01,7,1,1
200600018149,2006-04-12,2006,avril,mercredi,16:45,52,52205,48.045,5.214,2,3,3,1,1,4,2,02,-1,1,000,055,1,0,1,3,1,14,5,0,0,00,2,1,1,200600018149A01,7,15,1
200600018153,2006-04-20,2006,avril,jeudi,22:30,52,52308,48.14,4.867,2,1,6,4,1,4,2,02,-1,-1,041,000,1,0,1,1,1,15,0,0,0,00,1,1,1,200600018153A01,,,
200600018184,2006-04-04,2006,avril,mardi,15:30,71,71221,0,0,2,1,1,1,1,4,2,02,1,1,000,063,1,0,1,4,1,16,5,0,0,00,2,1,0,200600018184B02,7,1,1
200600018224,2006-04-04,2006,avril,mardi,17:00,25,25628,47.149,6.09,2,1,3,1,1,3,2,02,1,1,000,000,1,0,1,3,1,75,5,0,0,00,2,1,1,200600018224A01,1,19,1
200600018224,2006-04-04,2006,avril,mardi,17:00,25,25628,47.149,6.09,2,1,3,1,1,3,2,02,1,1,000,000,1,0,1,4,1,4,5,0,0,00,2,7,19,200600018224B02,1,1,1
200600018237,2006-04-04,2006,avril,mardi,18:40,39,39097,46.74,5.9,2,1,1,1,1,3,2,00,2,2,000,067,1,5,1,3,1,29,1,0,0,00,2,1,1,200600018237B02,7,19,1
200600018242,2006-04-17,2006,avril,lundi,15:00,39,39338,0,0,2,9,3,1,1,3,2,00,-1,1,000,050,1,0,0,3,1,8,0,0,0,00,2,3,19,200600018242B02,7,15,1
200600018247,2006-04-20,2006,avril,jeudi,16:30,39,39491,46.411,5.796,2,1,3,1,1,4,2,01,1,1,000,056,1,0,1,3,1,6,5,1,2,00,0,8,19,200600018247B02,7,21,1
200600018255,2006-04-13,2006,avril,jeudi,10:15,90,90033,47.513,7,2,1,1,1,1,3,2,00,1,1,000,000,1,5,1,3,1,54,5,1,2,00,2,1,1,200600018255B02,7,15,1
200600018275,2006-04-13,2006,avril,jeudi,18:45,13,13110,0,0,2,1,3,1,1,4,2,00,1,1,000,069,1,0,1,4,1,40,5,0,0,00,2,1,1,200600018275B02,7,16,1
200600018295,2006-04-11,2006,avril,mardi,16:30,04,04149,0,0,2,1,1,1,1,2,2,00,2,3,000,000,1,5,1,3,1,50,5,1,2,00,2,1,1,200600018295B02,7,11,1
200600018332,2006-04-16,2006,avril,dimanche,12:35,83,83072,0,0,2,1,3,1,1,5,2,00,1,1,000,000,1,0,1,3,1,24,5,0,0,00,2,7,17,200600018332A01,7,20,1
200600018346,2006-04-02,2006,avril,dimanche,15:00,83,83099,0,0,1,6,3,1,1,2,2,00,-1,3,000,000,1,0,1,3,1,66,5,0,0,00,0,4,15,200600018346A01,33,1,1
200600018346,2006-04-02,2006,avril,dimanche,15:00,83,83099,0,0,1,6,3,1,1,2,2,00,-1,3,000,000,1,0,1,1,2,28,0,1,2,00,0,4,15,200600018346A01,33,1,1
200600018352,2006-04-27,2006,avril,jeudi,20:00,83,83042,0,0,2,1,5,1,1,6,-1,00,-1,-1,000,000,1,0,1,3,1,21,5,0,0,01,2,1,16,200600018352A01,7,1/23,2
200600018399,2006-04-06,2006,avril,jeudi,19:15,34,34145,0,0,1,1,2,2,1,4,2,01,-1,1,000,050,1,0,1,3,1,67,5,0,0,00,0,4,2,200600018399B02,7,2,1
200600018400,2006-04-12,2006,avril,mercredi,11:15,34,34145,0,0,2,1,3,1,1,4,-1,00,-1,-1,050,060,-1,0,0,4,1,16,5,0,0,00,0,4,15,200600018400A01,33,1,1
200600018426,2006-04-05,2006,avril,mercredi,17:45,11,11279,43.247,2.325,2,1,3,1,1,4,2,02,1,1,000,052,-1,0,1,3,1,12,5,0,0,00,0,4,0,200600018426B02,7,0,1
200600018443,2006-04-06,2006,avril,jeudi,11:45,11,11113,0,0,1,1,7,1,1,3,2,02,-1,3,000,000,1,0,1,3,1,68,5,1,2,00,0,1,1,200600018443A01,,,
200600018486,2006-04-07,2006,avril,vendredi,14:00,66,66106,0,0,1,1,3,1,1,3,-1,02,-1,1,000,062,1,0,0,3,2,34,5,0,0,00,2,1,1,200600018486B02,7,1,1
200600018490,2006-04-18,2006,avril,mardi,11:15,66,66016,0,0,2,1,2,1,1,3,2,02,2,1,057,057,1,0,1,3,1,48,5,1,2,00,2,4,1,200600018490A01,7,17,1
200600018513,2006-04-17,2006,avril,lundi,12:20,78,78536,0,0,1,1,3,1,1,3,2,02,1,1,000,057,1,0,1,1,1,41,5,1,2,00,2,6,2,200600018513B02,7,17,1
200600018513,2006-04-17,2006,avril,lundi,12:20,78,78536,0,0,1,1,3,1,1,3,2,02,1,1,000,057,1,0,1,3,2,37,0,1,2,00,2,6,2,200600018513B02,7,17,1
200600018542,2006-04-24,2006,avril,lundi,16:30,77,77470,48.805,2.734,1,1,1,1,1,3,2,02,1,1,000,060,1,0,1,2,1,84,5,0,0,00,2,8,13,200600018542B02,7,17,1
200600018574,2006-04-06,2006,avril,jeudi,81:5,45,45009,0,0,2,1,3,1,1,4,2,00,1,1,000,000,1,0,1,4,1,17,1,1,2,00,2,2,1,200600018574B02,7,15,1
200600018598,2006-04-16,2006,avril,dimanche,19:25,18,18011,0,0,2,1,7,1,1,3,2,02,1,1,000,080,1,0,4,3,1,48,5,0,0,00,0,0,1,200600018598A01,,,
200600018627,2006-04-24,2006,avril,lundi,60:0,36,36005,0,0,1,1,2,2,1,3,2,02,1,1,000,077,1,0,1,3,2,17,1,0,0,00,0,4,2,200600018627A01,14,2,1
200600018645,2006-04-12,2006,avril,mercredi,90:0,37,37109,47.408,0.595,2,1,1,1,1,9,2,00,1,1,000,000,1,0,1,3,2,37,5,0,0,00,2,1,19,200600018645B02,7,1,1
200600018648,2006-04-26,2006,avril,mercredi,15:45,37,37002,47.451,0.475,1,1,1,1,1,3,2,02,2,1,000,057,1,0,1,3,1,11,5,1,4,00,2,0,13,200600018648B02,7,17,1
200600018690,2006-04-30,2006,avril,dimanche,17:30,21,21171,47.297,5.134,2,1,3,1,1,4,2,02,1,1,000,070,1,0,1,4,1,9,5,0,0,00,2,7,5,200600018690A01,7,1,1
200600018692,2006-04-24,2006,avril,lundi,12:30,13,13040,0,0,1,1,3,1,1,4,2,00,1,1,009,039,1,0,1,3,1,52,5,1,2,00,2,1,19,200600018692A01,7,1,1
200600018739,2006-04-23,2006,avril,dimanche,18:00,31,31116,43.72,1.433,1,1,3,1,1,3,2,02,1,1,000,064,1,0,1,3,1,2006,5,0,0,00,2,8,15,200600018739B02,7,17,1
200600018794,2006-04-03,2006,avril,lundi,16:45,66,66172,0,0,2,1,1,1,1,4,3,00,-1,1,000,085,1,6,1,4,1,12,2,0,0,00,0,7,0,200600018794B02,7,0,1
200600018839,2006-04-14,2006,avril,vendredi,19:15,56,56243,47.626,-2.733,2,6,3,1,1,4,2,02,1,3,008,042,1,5,1,3,1,14,5,0,0,00,2,7,5,200600018839B02,7,16,1
200600018857,2006-04-04,2006,avril,mardi,15:30,38,38193,0,0,2,1,1,1,1,4,2,02,-1,-1,000,000,1,0,1,3,1,11,5,1,2,00,2,4,15,200600018857A01,7,0,1
200600018949,2006-04-07,2006,avril,vendredi,17:30,05,05023,0,0,2,1,3,1,1,3,2,02,2,2,000,000,1,0,1,4,2,20,1,1,2,00,2,8,1,200600018949B01,10,17,1
200600018961,2006-04-08,2006,avril,samedi,94:5,06,06004,0,0,2,2,1,1,1,4,2,02,2,1,000,076,1,0,1,3,1,56,0,1,2,00,2,0,0,200600018961B01,38,15,1
200600018968,2006-04-22,2006,avril,samedi,81:2,06,06004,0,0,2,1,1,1,1,4,1,02,2,1,000,048,1,0,1,3,1,73,5,1,9,14,0,1,1,200600018968B01,7,0,1
200600018971,2006-04-24,2006,avril,lundi,91:0,06,06004,0,0,2,6,6,1,1,4,2,02,1,2,000,121,1,5,1,3,1,61,5,1,9,01,0,1,1,200600018971A01,,,
200600018972,2006-04-26,2006,avril,mercredi,13:00,06,06004,0,0,2,1,2,1,1,4,2,02,1,-1,000,000,1,0,1,3,1,48,5,1,2,00,2,4,0,200600018972B01,7,1,1
200600018992,2006-04-27,2006,avril,jeudi,19:00,06,06027,0,0,2,1,3,2,1,4,-1,02,1,-1,000,000,1,0,1,3,2,20,9,1,9,00,0,1,5,200600018992A01,7,9,1
200600019025,2006-04-15,2006,avril,samedi,10:20,06,06029,0,0,2,1,3,1,1,4,3,02,1,1,011,068,1,0,1,4,1,57,5,1,2,01,2,7,17,200600019025B01,7,22,1
200600019034,2006-04-21,2006,avril,vendredi,18:05,06,06029,0,0,2,1,3,1,1,4,-1,01,1,-1,000,080,-1,0,0,4,1,9,0,1,9,00,2,1,0,200600019034B01,7,0,1
200600019039,2006-04-26,2006,avril,mercredi,93:0,06,06029,0,0,2,1,3,1,1,4,1,01,1,1,000,075,1,0,1,4,1,35,5,1,2,00,2,3,2,200600019039B01,7,22,1
200600019073,2006-04-03,2006,avril,lundi,16:10,06,06088,0,0,2,3,3,1,1,4,2,02,1,1,000,080,1,0,1,4,1,15,0,1,4,00,2,3,5,200600019073A01,7,2,1
200600019109,2006-04-11,2006,avril,mardi,17:50,06,06088,0,0,2,3,3,1,1,4,2,02,1,1,000,074,1,0,1,1,1,39,1,0,0,00,2,1,2,200600019109B01,2,15,1
200600019144,2006-04-19,2006,avril,mercredi,18:00,06,06088,0,0,2,2,6,1,1,4,1,03,1,1,000,060,1,0,1,1,1,40,9,1,2,00,2,1,2,200600019144C01,33/ 7,2/9,2
200600019206,2006-04-07,2006,avril,vendredi,11:38,07,07186,0,0,1,1,1,1,1,4,1,00,2,1,000,070,1,0,1,4,1,15,2,1,9,00,2,2,5,200600019206A01,7,13,1
200600019206,2006-04-07,2006,avril,vendredi,11:38,07,07186,0,0,1,1,1,1,1,4,1,00,2,1,000,070,1,0,1,4,1,16,0,1,9,00,2,2,5,200600019206A01,7,13,1
200600019206,2006-04-07,2006,avril,vendredi,11:38,07,07186,0,0,1,1,1,1,1,4,1,00,2,1,000,070,1,0,1,3,1,13,0,1,9,00,2,2,5,200600019206A01,7,13,1
200600019209,2006-04-08,2006,avril,samedi,11:20,08,08409,0,0,2,2,3,1,1,4,2,02,1,1,000,060,1,5,1,3,2,63,5,1,9,00,2,1,15,200600019209B01,7,1,1
200600019215,2006-04-20,2006,avril,jeudi,14:00,10,10387,0,0,2,1,3,1,1,4,2,02,1,1,000,068,1,0,1,3,1,7,5,1,9,00,0,8,19,200600019215A01,10,1,1
200600019216,2006-04-26,2006,avril,mercredi,15:45,10,10362,0,0,2,3,3,1,1,2,2,02,1,1,000,095,1,0,0,1,1,12,5,1,9,00,2,1,1,200600019216A01,1,1,1
200600019216,2006-04-26,2006,avril,mercredi,15:45,10,10362,0,0,2,3,3,1,1,2,2,02,1,1,000,095,1,0,0,3,1,79,5,1,9,00,0,7,1,200600019216B01,1,1,1
200600019226,2006-04-03,2006,avril,lundi,17:50,12,12145,0,0,1,1,1,1,1,4,2,02,4,3,000,081,1,0,1,3,1,15,9,1,2,00,2,1,13,200600019226B01,7,1,1
200600019238,2006-04-21,2006,avril,vendredi,17:08,13,13001,0,0,2,1,3,1,1,4,2,01,1,1,000,062,1,6,1,1,1,21,5,1,9,00,2,8,19,200600019238B01,7,1,1
200600019244,2006-04-06,2006,avril,jeudi,83:0,13,13004,0,0,2,1,7,1,1,4,2,02,2,1,000,057,1,2,1,4,2,70,5,1,9,00,2,8,1,200600019244A01,10,17,1
200600019300,2006-04-02,2006,avril,dimanche,10:40,13,13002,0,0,2,1,6,1,1,3,2,02,-1,-1,000,060,1,0,5,4,1,58,5,0,0,00,1,0,1,200600019300A01,,,
200600019300,2006-04-02,2006,avril,dimanche,10:40,13,13002,0,0,2,1,6,1,1,3,2,02,-1,-1,000,060,1,0,5,4,2,52,0,0,0,00,1,0,1,200600019300A01,,,
200600019340,2006-04-04,2006,avril,mardi,83:0,13,13055,0,0,2,3,3,1,1,4,2,02,1,1,000,060,1,0,1,3,1,54,1,1,2,00,0,4,0,200600019340B01,7,2,1
200600019343,2006-04-08,2006,avril,samedi,11:35,13,13055,0,0,2,1,2,1,1,4,1,00,1,1,000,062,1,0,1,4,1,23,5,1,2,00,2,6,2,200600019343A01,7,2,1
200600019354,2006-04-08,2006,avril,samedi,83:0,13,13055,0,0,2,1,3,1,1,4,3,01,1,1,000,045,1,0,1,4,1,50,5,0,0,00,2,1,1,200600019354B01,7,9,1
200600019423,2006-04-22,2006,avril,samedi,14:5,13,13055,0,0,2,6,3,5,1,4,2,06,1,1,000,169,1,0,1,4,2,20,5,1,4,00,2,1,6,200600019423A01,7,6,1
200600019436,2006-04-27,2006,avril,jeudi,19:35,13,13055,0,0,2,1,6,1,1,4,2,02,2,1,000,000,1,0,1,3,1,18,5,0,0,00,0,1,2,200600019436B01,7,2,1
200600019519,2006-04-04,2006,avril,mardi,17:10,13,13117,0,0,2,1,3,1,1,4,-1,00,2,1,000,000,1,0,1,4,1,15,5,0,0,00,2,3,13,200600019519A01,7,1,1
200600019545,2006-04-06,2006,avril,jeudi,17:35,14,14366,0,0,2,1,3,1,1,3,2,02,2,1,000,060,1,0,1,3,1,10,5,1,2,00,2,8,19,200600019545A01,7,1,1
200600019565,2006-04-14,2006,avril,vendredi,16:50,17,17300,0,0,2,2,3,1,1,4,2,02,1,1,000,050,1,0,1,4,1,63,5,1,9,00,2,3,15,200600019565A01,7,1,1
200600019567,2006-04-15,2006,avril,samedi,15:15,17,17300,0,0,2,1,6,1,1,9,-1,01,1,1,000,020,1,6,0,1,1,19,5,1,4,00,1,1,1,200600019567A01,,,
200600019569,2006-04-17,2006,avril,lundi,11:00,17,17300,0,0,2,1,3,1,1,4,1,01,1,-1,000,050,1,0,5,4,1,45,0,1,9,00,2,3,1,200600019569B01,7,16,1
200600019574,2006-04-21,2006,avril,vendredi,18:40,17,17300,0,0,2,1,2,1,1,4,2,02,1,1,000,070,1,0,1,4,1,18,5,1,9,00,2,3,13,200600019574B01,7,1,1
200600019576,2006-04-25,2006,avril,mardi,10:50,17,17300,0,0,2,1,3,1,1,4,2,02,1,1,000,000,1,0,1,4,2,10,5,1,2,00,2,8,19,200600019576B01,7,1,1
200600019619,2006-04-21,2006,avril,vendredi,16:03,21,21054,0,0,2,6,6,1,1,3,2,02,1,1,000,000,1,5,1,4,1,60,5,1,2,00,2,1,16,200600019619A01,7,23,1
200600019627,2006-04-04,2006,avril,mardi,80:2,21,21355,0,0,2,1,6,1,1,4,2,02,1,1,000,060,1,0,1,1,1,46,1,1,2,00,1,1,1,200600019627A01,,,
200600019628,2006-04-04,2006,avril,mardi,92:3,21,21231,0,0,2,2,3,1,7,4,2,02,1,1,000,058,1,0,1,4,1,49,1,1,2,00,2,1,1,200600019628B01,7,1,1
200600019649,2006-04-12,2006,avril,mercredi,14:45,22,22106,0,0,2,3,1,1,1,4,2,02,1,3,000,000,1,0,1,4,1,9,5,1,2,00,2,8,19,200600019649B01,7,1,1
200600019655,2006-04-18,2006,avril,mardi,12:50,22,22215,0,0,2,2,3,1,1,4,2,02,1,1,000,070,1,0,1,3,1,75,5,1,9,00,2,1,15,200600019655A01,7,1,1
200600019660,2006-04-07,2006,avril,vendredi,14:00,23,23096,0,0,1,1,2,1,1,4,2,02,1,1,000,077,1,0,1,3,1,59,5,0,0,00,2,8,2,200600019660B01,7,2,1
200600019663,2006-04-05,2006,avril,mercredi,11:08,24,24037,0,0,2,2,2,1,1,2,2,01,1,1,000,080,1,0,1,2,1,57,5,1,9,00,2,4,1,200600019663B01,17,1,1
200600019679,2006-04-07,2006,avril,vendredi,12:00,25,25056,0,0,1,1,6,1,1,4,-1,01,1,1,000,040,1,0,0,3,1,42,5,1,2,00,1,1,1,200600019679A01,,,
200600019706,2006-04-04,2006,avril,mardi,12:50,26,26281,0,0,2,3,6,1,1,4,2,02,1,1,000,084,1,0,1,4,1,15,5,1,9,00,2,1,15,200600019706A01,7,1,1
200600019714,2006-04-24,2006,avril,lundi,11:55,26,26281,0,0,2,3,6,1,1,4,2,02,1,3,000,057,1,0,1,3,1,8,5,1,2,00,2,8,9,200600019714A01,7,1,1
200600019722,2006-04-18,2006,avril,mardi,17:00,26,26362,0,0,2,2,3,1,1,4,2,03,4,1,000,075,1,5,5,3,1,38,9,1,9,00,2,1,16,200600019722B01,7,1,1
200600019723,2006-04-22,2006,avril,samedi,18:05,26,26362,0,0,2,1,3,1,1,4,2,02,1,1,000,060,1,0,1,3,1,58,9,1,9,00,2,1,1,200600019723B01,7,15,1
200600019732,2006-04-28,2006,avril,vendredi,18:15,27,27375,0,0,2,1,3,1,1,3,2,02,1,1,000,000,1,0,1,3,1,12,5,1,4,00,2,1,13,200600019732B01,38,1,1
200600019746,2006-04-12,2006,avril,mercredi,12:00,28,28085,0,0,2,1,2,1,1,4,2,02,-1,-1,000,000,1,0,1,4,1,13,0,1,9,00,2,1,1,200600019746A01,7,1,1
200600019755,2006-04-02,2006,avril,dimanche,17:40,28,28134,0,0,2,3,1,1,1,4,1,02,1,1,000,000,1,0,1,4,1,19,5,1,9,00,2,1,5,200600019755A01,7,1,1
200600019763,2006-04-07,2006,avril,vendredi,12:30,29,29019,0,0,2,6,3,1,1,9,1,02,1,3,000,000,1,0,1,4,1,39,0,1,2,00,2,0,1,200600019763B01,7,9,1
200600019854,2006-04-12,2006,avril,mercredi,18:20,31,31069,0,0,2,2,3,1,1,4,2,02,1,1,000,058,1,0,1,3,1,66,0,1,9,00,2,0,1,200600019854A01,7,1,1
200600019857,2006-04-24,2006,avril,lundi,70:0,31,31149,0,0,2,6,3,2,1,4,2,01,1,-1,000,040,1,0,1,4,1,36,1,1,9,00,2,7,1,200600019857B01,7,1,1
200600019859,2006-04-01,2006,avril,samedi,34:5,31,31555,0,0,2,1,6,5,1,4,2,02,1,1,000,064,1,0,1,4,1,24,1,1,9,14,2,1,0,200600019859A01,10,0,1
200600019866,2006-04-02,2006,avril,dimanche,20:00,31,31555,0,0,2,1,3,1,1,4,1,04,1,1,000,140,1,0,1,4,1,24,0,1,9,00,2,1,19,200600019866B01,7,1,1
200600019875,2006-04-04,2006,avril,mardi,95:4,31,31555,0,0,2,1,4,1,1,4,2,02,1,1,000,111,1,0,1,4,1,62,5,1,2,00,2,1,1,200600019875B01,7/ 18,22/1,2
200600019882,2006-04-05,2006,avril,mercredi,12:45,31,31555,0,0,2,1,3,1,1,4,2,04,1,1,000,134,1,0,1,4,2,41,1,1,2,00,2,7,1,200600019882B01,2,16,1
200600019929,2006-04-20,2006,avril,jeudi,41:5,31,31555,0,0,2,1,6,5,1,4,1,02,1,1,000,065,1,0,1,4,1,34,5,1,2,00,2,0,1,200600019929A01,99,0,1
200600019945,2006-04-24,2006,avril,lundi,12:10,31,31555,0,0,2,2,6,1,1,4,2,02,1,1,000,070,1,0,1,3,1,23,0,1,2,00,2,1,1,200600019945A01,7,1,1
200600019948,2006-04-25,2006,avril,mardi,18:53,31,31555,0,0,2,2,3,1,1,4,2,01,1,1,000,070,1,0,1,4,2,28,0,1,9,00,2,1,1,200600019948B01,7,1,1
200600019960,2006-04-28,2006,avril,vendredi,20:13,31,31555,0,0,2,1,3,2,8,4,2,01,1,1,000,090,1,0,1,3,1,9,5,1,4,00,2,9,1,200600019960B01,7,0,1
200600019979,2006-04-23,2006,avril,dimanche,19:45,32,32013,0,0,2,6,3,1,1,4,2,02,1,1,030,090,1,0,1,4,2,81,3,1,2,00,2,1,1,200600019979B01,7,9,1
200600019986,2006-04-03,2006,avril,lundi,81:0,33,33063,0,0,2,1,5,1,1,4,3,03,1,1,000,074,1,0,1,4,1,12,2,1,9,01,0,2,1,200600019986B01,7,24/1,2
200600019988,2006-04-03,2006,avril,lundi,13:10,33,33318,0,0,2,2,5,1,1,4,2,02,1,1,000,054,1,0,1,3,1,61,0,1,9,00,2,1,1,200600019988B01,7/ 10,1/23,2
200600019991,2006-04-05,2006,avril,mercredi,12:25,33,33063,0,0,2,1,5,1,1,4,2,04,1,1,000,000,1,0,1,4,1,29,5,1,9,00,2,2,1,200600019991B01,10,1,2
200600020018,2006-04-11,2006,avril,mardi,14:10,33,33063,0,0,2,1,3,1,1,4,2,02,1,1,000,074,1,0,1,3,2,14,5,1,9,00,2,2,14,200600020018A01,37,1,1
200600020024,2006-04-13,2006,avril,jeudi,16:15,33,33063,0,0,2,2,3,1,1,4,1,01,1,1,000,000,1,0,1,4,2,57,0,1,9,00,2,1,1,200600020024B01,7,16,1