Num_Acc,date,an,mois,jour,hrmn,dep,com,lat,long,agg,int,col,lum,atm,catr,circ,nbv,prof,plan,lartpc,larrout,surf,infra,situ,grav,sexe,age,trajet,secuexist,equipement,obs,obsm,choc,manv,vehiculeid,typevehicules,manoeuvehicules,numVehicules
200600020030,2006-04-11,2006,avril,mardi,19:05,33,33167,0,0,2,1,3,1,7,4,2,02,1,1,000,067,1,0,1,3,1,12,0,1,9,00,2,1,16,200600020030B01,7,1,1
200600020032,2006-04-17,2006,avril,lundi,11:25,33,33063,0,0,2,2,3,1,1,4,1,01,1,1,000,030,9,0,1,3,2,42,0,1,9,00,2,1,1,200600020032B01,7,17,1
200600020044,2006-04-21,2006,avril,vendredi,21:20,33,33063,0,0,2,1,6,5,1,4,-1,01,1,1,000,094,1,0,1,4,1,53,0,0,0,01,0,1,1,200600020044B01,7,22,1
200600020053,2006-04-22,2006,avril,samedi,18:50,33,33318,0,0,2,1,2,1,1,4,1,02,1,1,000,068,1,0,0,3,1,32,0,1,9,00,2,4,1,200600020053B01,31,1,1
200600020057,2006-04-26,2006,avril,mercredi,12:30,33,33063,0,0,2,1,3,1,1,4,3,04,1,1,000,000,1,0,1,4,2,31,0,1,9,00,2,0,1,200600020057B01,7,22,1
200600020058,2006-04-26,2006,avril,mercredi,19:35,33,33063,0,0,2,6,3,1,1,4,1,20,1,1,000,100,1,0,1,4,2,19,0,1,9,00,2,4,1,200600020058B01,7,16,1
200600020060,2006-04-23,2006,avril,dimanche,11:20,33,33281,0,0,2,2,3,1,1,4,2,02,1,1,000,050,1,0,1,4,1,35,9,1,2,00,2,1,1,200600020060B01,7,1,1
200600020126,2006-04-10,2006,avril,lundi,16:16,34,34172,0,0,2,2,3,1,1,4,1,01,1,1,000,035,1,0,1,4,1,25,5,1,9,00,2,1,1,200600020126B01,7,1,1
200600020136,2006-04-15,2006,avril,samedi,18:10,34,34172,0,0,2,1,1,1,1,3,1,01,1,1,039,070,1,0,5,4,1,5,5,1,2,00,2,1,1,200600020136B01,30,1,1
200600020140,2006-04-19,2006,avril,mercredi,14:45,34,34172,0,0,2,1,3,1,1,4,2,04,1,1,000,120,1,0,1,4,1,50,0,1,9,00,2,1,3,200600020140B01,5,1,1
200600020162,2006-04-04,2006,avril,mardi,16:05,35,35238,0,0,2,1,6,1,1,4,3,02,1,1,000,060,1,0,1,4,2,60,5,1,9,00,2,1,1,200600020162B01,7,22,1
200600020170,2006-04-09,2006,avril,dimanche,14:20,35,35238,0,0,2,2,3,2,1,4,2,02,2,1,000,060,2,0,1,4,1,20,0,1,9,00,2,1,1,200600020170A01,7,1,1
200600020172,2006-04-13,2006,avril,jeudi,75:5,35,35238,0,0,2,6,3,1,2,4,1,01,1,2,000,030,2,0,1,3,1,54,1,1,2,00,2,0,0,200600020172B01,7,9,1
200600020182,2006-04-18,2006,avril,mardi,13:30,35,35238,0,0,2,2,3,1,1,4,2,02,1,-1,000,060,1,0,1,3,1,43,0,1,9,00,2,0,1,200600020182B01,7,16,1
200600020195,2006-04-14,2006,avril,vendredi,93:5,35,35288,0,0,2,6,3,1,1,3,3,04,1,1,000,000,1,0,0,3,1,38,1,1,2,00,2,0,1,200600020195B01,7,9,1
200600020213,2006-04-13,2006,avril,jeudi,15:20,37,37261,0,0,2,2,7,1,1,2,2,04,1,1,000,120,1,0,1,3,1,26,0,1,9,12,0,8,19,200600020213A01,,,
200600020224,2006-04-07,2006,avril,vendredi,11:05,38,38185,0,0,2,1,6,1,1,4,1,01,1,1,000,035,1,0,0,1,1,39,0,1,9,00,1,6,6,200600020224A01,,,
200600020228,2006-04-09,2006,avril,dimanche,11:45,38,38151,0,0,2,1,1,1,1,4,2,01,-1,-1,000,037,1,0,5,4,1,38,0,1,9,00,2,1,1,200600020228B01,30,1,1
200600020230,2006-04-11,2006,avril,mardi,80:0,38,38185,0,0,2,2,3,1,2,4,2,03,1,1,000,105,2,0,5,4,2,42,1,1,9,00,2,2,1,200600020230B01,7,1,1
200600020233,2006-04-17,2006,avril,lundi,17:10,38,38185,0,0,2,1,6,1,1,4,1,03,2,1,000,105,1,0,1,4,2,87,0,1,9,00,2,8,1,200600020233B01,7,17,1
200600020234,2006-04-20,2006,avril,jeudi,84:5,38,38185,0,0,2,1,1,1,1,4,1,01,1,1,000,030,1,0,1,4,2,36,0,1,2,00,2,1,5,200600020234A01,1,1,1
200600020234,2006-04-20,2006,avril,jeudi,84:5,38,38185,0,0,2,1,1,1,1,4,1,01,1,1,000,030,1,0,1,1,1,32,0,1,2,00,2,1,1,200600020234B01,1,5,1
200600020237,2006-04-21,2006,avril,vendredi,81:0,38,38421,0,0,2,1,3,1,1,4,2,02,2,1,000,070,1,0,1,4,2,49,0,1,4,00,2,3,13,200600020237B01,7,13,1
200600020240,2006-04-25,2006,avril,mardi,11:30,38,38185,0,0,2,2,3,1,1,4,2,02,1,2,000,080,1,0,1,4,2,22,0,1,2,00,2,1,1,200600020240A01,7,1,1
200600020245,2006-04-28,2006,avril,vendredi,75:0,38,38185,0,0,2,1,4,1,1,4,2,04,1,1,000,130,1,0,1,4,1,23,0,1,9,00,2,1,2,200600020245A01,7,2/19,2
200600020262,2006-04-01,2006,avril,samedi,18:15,41,41018,0,0,2,1,3,1,1,4,2,02,1,1,000,000,1,0,1,4,1,9,5,1,9,00,2,1,1,200600020262B01,7,1,1
200600020288,2006-04-07,2006,avril,vendredi,13:15,42,42187,0,0,2,1,6,1,1,3,2,02,2,1,017,038,1,0,1,4,1,23,5,1,9,00,2,1,5,200600020288B01,7,1,1
200600020289,2006-04-10,2006,avril,lundi,65:0,42,42071,0,0,2,1,3,1,1,4,2,02,1,1,000,062,1,0,1,4,2,36,1,1,9,00,2,8,1,200600020289B01,7,1,1
200600020292,2006-04-24,2006,avril,lundi,72:0,42,42187,0,0,2,6,3,1,1,4,2,02,1,1,000,072,1,0,1,4,1,28,1,1,9,00,2,7,1,200600020292B01,7,1,1
200600020297,2006-04-10,2006,avril,lundi,16:16,42,42218,0,0,2,1,6,1,2,4,2,02,1,1,000,110,2,0,1,3,1,8,5,1,3,00,2,7,0,200600020297A01,7,1,1
200600020320,2006-04-05,2006,avril,mercredi,18:00,44,44109,0,0,2,1,6,1,1,4,2,02,2,1,000,000,1,0,5,4,1,35,0,1,9,12,1,1,1,200600020320A01,,,
200600020320,2006-04-05,2006,avril,mercredi,18:00,44,44109,0,0,2,1,6,1,1,4,2,02,2,1,000,000,1,0,5,4,1,44,0,0,0,12,1,1,1,200600020320A01,,,
200600020340,2006-04-12,2006,avril,mercredi,17:40,44,44109,0,0,2,1,6,1,1,4,2,02,2,1,000,031,1,0,5,4,1,24,0,1,9,14,0,1,1,200600020340B01,7,23,1
200600020371,2006-04-26,2006,avril,mercredi,18:00,44,44162,0,0,2,2,3,1,1,4,2,02,1,1,000,061,1,0,1,4,1,9,5,1,9,00,2,1,1,200600020371A01,7,1,1
200600020372,2006-04-27,2006,avril,jeudi,21:55,44,44109,0,0,2,1,6,5,1,4,2,02,-1,-1,000,000,-1,0,1,4,1,17,5,1,2,00,2,9,1,200600020372B01,7,1,1
200600020383,2006-04-08,2006,avril,samedi,18:20,44,44184,0,0,2,1,3,1,1,2,2,02,1,1,000,072,1,0,5,3,1,27,1,1,4,00,2,8,1,200600020383B01,7,14,1
200600020389,2006-04-16,2006,avril,dimanche,15:44,45,45338,0,0,2,3,3,1,1,4,-1,02,1,1,000,056,1,0,1,3,1,12,5,1,4,00,2,1,16,200600020389B01,7,1,1
200600020401,2006-04-10,2006,avril,lundi,21:00,45,45302,0,0,1,1,2,2,1,3,2,02,1,1,000,060,1,0,1,3,1,44,1,1,2,00,0,4,1,200600020401B01,7,1,1
200600020411,2006-04-24,2006,avril,lundi,13:15,45,45234,0,0,2,1,3,1,1,4,2,02,1,1,000,070,1,0,1,4,1,18,9,0,0,00,2,1,1,200600020411B01,30,1,1
200600020437,2006-04-03,2006,avril,lundi,83:7,49,49007,0,0,2,1,3,1,1,4,1,02,1,1,000,068,1,0,4,4,2,32,1,1,9,01,2,1,1,200600020437B01,7,1,1
200600020440,2006-04-07,2006,avril,vendredi,18:25,49,49007,0,0,2,1,3,1,1,4,2,02,1,1,000,000,1,0,0,4,2,60,0,1,9,00,0,0,0,200600020440B01,7,0,1
200600020446,2006-04-13,2006,avril,jeudi,73:5,49,49007,0,0,2,2,3,1,1,4,2,00,1,1,000,000,1,0,1,4,1,45,0,1,9,00,2,1,16,200600020446B01,7,1,1
200600020452,2006-04-18,2006,avril,mardi,11:48,49,49007,0,0,2,1,3,1,1,4,2,02,1,1,000,070,1,0,1,4,1,23,5,1,9,00,2,1,15,200600020452A01,7,1,1
200600020454,2006-04-18,2006,avril,mardi,15:27,49,49007,0,0,2,3,3,1,1,4,2,02,1,1,000,070,1,0,1,4,1,37,5,1,9,00,2,1,1,200600020454B01,7,15,1
200600020483,2006-04-28,2006,avril,vendredi,94:0,49,49328,0,0,2,1,6,1,1,4,3,02,1,1,000,000,1,0,5,2,1,83,0,1,9,00,2,8,1,200600020483B01,17,1,1
200600020500,2006-04-14,2006,avril,vendredi,11:35,51,51108,0,0,2,1,3,1,1,4,2,02,1,1,000,078,1,0,1,3,2,23,1,1,9,00,2,3,22,200600020500B01,7,22,1
200600020501,2006-04-19,2006,avril,mercredi,17:05,51,51506,0,0,2,3,3,1,1,4,2,02,1,1,110,080,1,0,1,3,2,66,5,1,2,00,2,8,15,200600020501A01,7,1,1
200600020523,2006-04-20,2006,avril,jeudi,15:35,52,52121,0,0,1,1,2,1,1,3,2,02,1,1,000,079,1,0,1,3,1,39,5,1,9,00,2,4,1,200600020523B01,7,1,1
200600020538,2006-04-04,2006,avril,mardi,75:5,54,54547,0,0,2,2,6,1,1,4,2,03,2,1,000,100,1,0,1,4,1,21,2,1,2,00,1,1,1,200600020538A01,,,
200600020539,2006-04-05,2006,avril,mercredi,10:30,54,54395,0,0,2,1,3,1,1,4,1,02,2,1,000,070,1,0,1,4,1,23,5,1,9,00,2,1,19,200600020539B01,99,1,1
200600020540,2006-04-05,2006,avril,mercredi,20:05,54,54547,0,0,2,1,6,5,1,4,2,02,2,2,000,120,1,0,1,4,2,36,0,1,9,00,0,0,0,200600020540B01,7,0,1
200600020544,2006-04-06,2006,avril,jeudi,18:10,54,54395,0,0,2,1,1,1,1,4,2,04,1,1,010,120,1,2,1,1,1,21,5,1,9,00,2,1,1,200600020544A01,1,1,1
200600020544,2006-04-06,2006,avril,jeudi,18:10,54,54395,0,0,2,1,1,1,1,4,2,04,1,1,010,120,1,2,1,4,1,20,2,1,9,00,2,1,1,200600020544B01,1,1,1
200600020550,2006-04-08,2006,avril,samedi,16:15,54,54495,0,0,2,2,1,1,1,4,2,02,1,1,000,000,1,0,1,4,2,17,5,1,9,00,2,1,15,200600020550A01,7,23,1
200600020561,2006-04-19,2006,avril,mercredi,12:5,54,54395,0,0,2,1,6,5,1,4,2,03,1,1,000,000,1,0,1,4,1,21,9,1,2,00,2,4,1,200600020561B01,7,13,1
200600020565,2006-04-21,2006,avril,vendredi,14:25,54,54547,0,0,2,1,6,1,1,4,2,02,1,1,000,000,1,0,1,4,1,20,1,1,2,00,2,4,1,200600020565B01,7,1,1
200600020568,2006-04-23,2006,avril,dimanche,15:25,54,54395,0,0,2,1,2,1,1,4,1,01,1,2,000,000,1,0,1,4,2,19,5,1,9,00,2,4,23,200600020568B01,7,15,1
200600020570,2006-04-24,2006,avril,lundi,13:45,54,54395,0,0,2,3,6,1,1,4,2,02,1,1,000,000,1,0,0,4,2,29,5,1,9,00,2,7,1,200600020570B01,7,16,1
200600020577,2006-04-26,2006,avril,mercredi,20:10,54,54304,0,0,2,2,6,1,1,4,2,03,1,1,000,120,1,0,1,4,1,23,5,1,2,00,2,1,1,200600020577B01,7,15,1
200600020613,2006-04-28,2006,avril,vendredi,14:25,57,57660,0,0,2,6,6,1,1,2,2,02,1,-1,000,000,1,5,1,4,1,38,3,1,9,00,2,1,1,200600020613B01,7,16,1
200600020632,2006-04-25,2006,avril,mardi,17:30,57,57463,0,0,2,1,6,1,1,4,3,02,1,1,025,095,1,0,1,4,1,8,0,1,9,00,2,1,19,200600020632B01,7,1,1
200600020656,2006-04-19,2006,avril,mercredi,21:25,59,59017,0,0,2,1,6,5,1,4,1,02,1,1,000,064,1,0,1,4,1,20,0,1,4,01,0,3,0,200600020656A01,,,
200600020663,2006-04-05,2006,avril,mercredi,10:00,59,59183,0,0,2,1,3,1,1,2,1,02,1,1,000,071,1,0,5,4,1,61,5,1,9,00,2,6,19,200600020663B01,7,1,1
200600020684,2006-04-05,2006,avril,mercredi,18:10,59,59378,0,0,2,2,3,1,1,4,2,02,1,1,000,070,1,0,1,4,2,21,5,1,9,00,2,1,1,200600020684B01,10,1,1
200600020690,2006-04-10,2006,avril,lundi,14:30,59,59350,0,0,2,1,3,1,1,3,1,03,1,1,010,110,1,0,1,4,2,41,5,0,0,00,2,1,1,200600020690B01,7,16,1
200600020701,2006-04-22,2006,avril,samedi,11:35,59,59350,0,0,2,1,6,1,1,9,2,01,1,1,000,090,1,6,1,4,1,17,5,1,9,00,1,1,1,200600020701A01,,,
200600020701,2006-04-22,2006,avril,samedi,11:35,59,59350,0,0,2,1,6,1,1,9,2,01,1,1,000,090,1,6,1,4,1,31,4,0,0,00,1,1,1,200600020701A01,,,
200600020750,2006-04-02,2006,avril,dimanche,10:00,59,59152,0,0,2,2,3,1,1,4,2,02,1,1,000,053,1,0,1,4,1,81,5,1,9,00,0,1,1,200600020750B01,7,1,1
200600020768,2006-04-07,2006,avril,vendredi,16:20,61,61001,0,0,2,2,3,1,1,4,-1,02,1,1,010,110,1,0,5,3,2,71,5,1,9,00,2,1,1,200600020768B01,7,1,1
200600020781,2006-04-12,2006,avril,mercredi,74:0,62,62108,0,0,2,3,2,1,1,4,2,02,1,1,000,077,1,0,1,4,1,12,2,1,9,00,0,6,11,200600020781B01,7,1,1
200600020782,2006-04-22,2006,avril,samedi,17:50,62,62108,0,0,2,2,3,1,1,4,2,02,1,1,000,087,1,5,1,3,1,73,5,1,9,00,2,1,19,200600020782A01,7,1,1
200600020796,2006-04-24,2006,avril,lundi,15:50,62,62215,0,0,2,1,1,1,1,4,2,02,1,1,000,074,1,0,1,3,1,14,5,1,9,00,0,1,5,200600020796A01,7,1,1
200600020803,2006-04-05,2006,avril,mercredi,17:31,62,62573,0,0,2,1,3,1,1,3,2,02,1,1,000,070,1,0,1,3,1,54,5,1,9,00,2,8,1,200600020803B01,7,17,1
200600020811,2006-04-12,2006,avril,mercredi,17:55,62,62510,0,0,1,9,6,1,1,6,1,01,1,1,000,029,1,0,0,3,1,12,5,1,9,00,2,1,1,200600020811A01,10,1,1
200600020821,2006-04-24,2006,avril,lundi,12:00,62,62040,0,0,2,1,3,1,1,4,2,02,1,1,000,066,1,0,1,3,1,21,1,1,9,00,2,8,15,200600020821B01,7,1,1
200600020826,2006-04-03,2006,avril,lundi,14:00,63,63014,0,0,2,1,7,1,1,4,2,02,4,1,000,060,1,0,1,4,2,38,9,1,9,00,0,0,1,200600020826A01,,,
200600020854,2006-04-20,2006,avril,jeudi,17:45,63,63113,0,0,2,1,1,1,1,9,-1,00,1,1,000,062,1,6,1,4,1,4,5,1,9,00,2,1,1,200600020854B01,2,1,1
200600020862,2006-04-25,2006,avril,mardi,18:45,63,63113,0,0,2,1,1,1,1,4,2,02,2,2,000,070,1,0,1,3,1,39,9,1,9,00,2,1,1,200600020862B01,7,15,1
200600020882,2006-04-04,2006,avril,mardi,17:45,64,64102,0,0,2,1,5,1,1,4,2,02,2,1,000,000,1,0,1,4,1,52,5,1,2,00,2,4,1,200600020882B01,7,14,1
200600020882,2006-04-04,2006,avril,mardi,17:45,64,64102,0,0,2,1,5,1,1,4,2,02,2,1,000,000,1,0,1,4,1,64,5,1,2,00,2,4,1,200600020882C01,7,14,1
200600020922,2006-04-14,2006,avril,vendredi,80:5,64,64445,0,0,2,1,3,1,1,4,2,02,1,1,000,100,1,0,1,3,1,50,1,1,4,00,2,1,1,200600020922B01,7,15,1
200600020925,2006-04-25,2006,avril,mardi,21:10,64,64445,0,0,2,6,6,5,1,2,3,05,1,1,040,150,1,0,1,3,2,19,5,1,4,00,2,1,1,200600020925A01,,,
200600020926,2006-04-26,2006,avril,mercredi,13:05,64,64445,0,0,2,1,3,1,1,4,3,02,1,1,000,000,1,5,1,4,1,15,2,1,2,00,2,7,19,200600020926A01,7,1,1
200600020934,2006-04-23,2006,avril,dimanche,12:00,64,64260,0,0,2,1,3,1,1,3,2,02,1,1,000,080,1,0,1,4,1,48,9,1,2,00,2,1,1,200600020934A01,7,20,1
200600020955,2006-04-03,2006,avril,lundi,17:25,65,65440,0,0,2,1,3,1,1,4,2,02,1,1,000,077,1,0,1,4,1,13,2,1,9,00,2,7,19,200600020955A01,7,1,1
200600020959,2006-04-07,2006,avril,vendredi,80:0,65,65047,0,0,2,1,2,1,1,4,2,00,1,1,000,066,1,0,1,4,1,15,1,1,2,00,0,4,15,200600020959B01,7,1,1
200600020965,2006-04-16,2006,avril,dimanche,16:40,65,65100,0,0,2,1,3,1,1,4,2,02,1,1,000,080,1,2,1,4,1,33,9,1,2,00,2,6,13,200600020965B01,7,17,1
200600020979,2006-04-08,2006,avril,samedi,65:6,67,67462,0,0,2,1,2,1,1,2,2,02,3,1,000,054,1,2,5,4,2,50,1,1,2,00,2,4,1,200600020979B01,99,1,1
200600020986,2006-04-04,2006,avril,mardi,14:27,67,67482,0,0,2,1,3,1,1,4,3,04,1,1,035,070,1,0,1,3,1,64,5,1,9,00,2,1,1,200600020986B01,7,17,1
200600020987,2006-04-05,2006,avril,mercredi,18:50,67,67482,0,0,2,3,3,2,1,4,2,02,1,1,000,068,1,5,5,4,2,48,1,1,9,00,2,1,1,200600020987B01,7,1,1
200600020993,2006-04-08,2006,avril,samedi,14:30,67,67447,0,0,2,1,6,1,1,4,2,01,1,1,000,045,1,0,1,4,1,39,9,1,9,01,0,1,14,200600020993A01,,,
200600021008,2006-04-19,2006,avril,mercredi,12:05,67,67482,0,0,2,2,3,1,1,4,2,03,1,1,000,100,1,5,1,4,2,22,4,1,9,00,2,8,19,200600021008A01,7,1,1
200600021011,2006-04-21,2006,avril,vendredi,12:00,67,67482,0,0,2,1,3,1,1,4,3,04,1,1,075,244,1,5,1,3,2,29,1,1,9,00,2,8,13,200600021011A01,7,1,1
200600021014,2006-04-24,2006,avril,lundi,18:15,67,67482,0,0,2,1,6,1,1,4,2,02,1,1,000,125,1,0,5,4,1,63,5,1,9,00,1,1,1,200600021014A01,,,
200600021026,2006-04-03,2006,avril,lundi,18:00,68,68066,0,0,2,1,3,1,1,3,2,02,1,1,000,123,1,4,1,4,2,24,5,1,2,00,2,1,1,200600021026B01,7,22,1
200600021029,2006-04-23,2006,avril,dimanche,16:25,68,68066,0,0,2,1,2,1,1,4,2,02,1,1,000,049,1,0,1,4,2,13,5,1,2,00,2,6,1,200600021029B01,2,5,1
200600021067,2006-04-18,2006,avril,mardi,19:20,69,69266,0,0,2,1,3,1,1,4,2,04,1,1,000,116,1,0,1,4,1,14,5,1,9,00,2,8,5,200600021067B01,7,1,1
200600021103,2006-04-04,2006,avril,mardi,80:0,72,72181,0,0,2,1,1,1,1,9,2,03,1,-1,000,100,1,0,1,4,1,32,1,1,2,00,0,1,1,200600021103B01,7,3,1
200600021120,2006-04-11,2006,avril,mardi,17:55,72,72181,0,0,2,3,3,1,1,9,2,01,1,1,000,066,1,0,1,4,1,76,9,1,2,00,2,1,1,200600021120A01,7,15,1
200600021127,2006-04-20,2006,avril,jeudi,12:50,72,72181,0,0,1,1,3,1,1,9,2,01,1,-1,000,080,1,0,1,4,1,52,0,1,2,00,0,1,1,200600021127B01,2,1,1
200600021131,2006-04-21,2006,avril,vendredi,14:00,72,72181,0,0,2,1,6,1,1,9,2,02,1,1,000,080,1,0,1,1,1,35,9,1,2,00,1,1,1,200600021131A01,,,
200600021146,2006-04-17,2006,avril,lundi,13:45,73,73065,0,0,2,1,3,1,1,4,2,02,1,1,000,065,1,0,1,3,1,14,5,1,9,00,2,1,19,200600021146A01,7,1,1
200600021147,2006-04-04,2006,avril,mardi,15:15,74,74010,0,0,2,2,3,1,1,4,2,02,1,1,000,080,1,0,1,3,2,54,9,1,9,00,0,1,1,200600021147B01,7,1,1
200600021152,2006-04-21,2006,avril,vendredi,19:35,74,74010,0,0,2,1,6,1,1,4,2,02,1,1,000,060,1,0,1,4,2,48,9,1,9,00,0,1,7,200600021152B01,2,7,1
200600021159,2006-04-03,2006,avril,lundi,15:30,75,75011,0,0,2,3,3,1,1,4,1,01,1,1,000,030,1,0,1,3,1,30,9,0,0,00,2,3,5,200600021159A01,5,1,1
200600021184,2006-04-10,2006,avril,lundi,11:40,75,75006,0,0,2,2,4,1,1,4,2,02,1,1,000,060,1,0,1,3,2,32,3,0,0,00,2,2,1,200600021184B01,18,10,1
200600021184,2006-04-10,2006,avril,lundi,11:40,75,75006,0,0,2,2,4,1,1,4,2,02,1,1,000,060,1,0,1,3,2,11,3,0,0,00,2,2,1,200600021184C01,18,10,1
200600021225,2006-04-01,2006,avril,samedi,12:15,75,75012,0,0,2,1,1,1,1,4,2,02,1,1,000,060,1,0,1,4,1,42,5,0,0,00,2,1,5,200600021225A01,4,1,1
200600021234,2006-04-03,2006,avril,lundi,11:45,75,75004,0,0,2,1,6,1,1,4,1,02,1,1,000,060,1,0,1,1,1,28,5,0,0,00,1,1,5,200600021234A01,,,
200600021251,2006-04-04,2006,avril,mardi,12:10,75,75009,0,0,2,3,6,1,1,4,1,02,1,1,000,060,1,0,1,1,2,51,5,0,0,00,1,1,1,200600021251A01,,,
200600021252,2006-04-04,2006,avril,mardi,10:05,75,75012,0,0,2,2,3,1,1,4,2,02,1,1,000,060,1,0,1,3,1,65,5,0,0,00,2,3,1,200600021252B01,7,16,1
200600021270,2006-04-04,2006,avril,mardi,20:25,75,75010,0,0,2,1,6,5,1,4,2,02,1,1,000,060,1,0,1,4,1,28,5,0,0,00,1,1,1,200600021270A01,,,
200600021272,2006-04-05,2006,avril,mercredi,12:10,75,75003,0,0,2,1,7,1,1,4,1,02,1,1,000,060,1,0,1,4,1,47,5,0,0,00,0,0,21,200600021272A01,,,
200600021276,2006-04-05,2006,avril,mercredi,16:40,75,75011,0,0,2,2,2,1,1,4,2,04,1,1,000,120,1,0,1,4,1,36,5,0,0,00,2,4,2,200600021276B01,7,2,1
200600021278,2006-04-05,2006,avril,mercredi,83:0,75,75013,0,0,2,2,3,1,1,4,2,04,1,1,000,120,1,0,1,4,1,33,4,0,0,00,2,2,1,200600021278B01,7,1,1
200600021285,2006-04-05,2006,avril,mercredi,16:05,75,75017,0,0,2,1,6,1,1,4,2,02,1,1,000,060,1,0,1,3,1,17,9,0,0,00,1,1,5,200600021285A01,,,
200600021291,2006-04-06,2006,avril,jeudi,15:15,75,75011,0,0,2,3,6,1,1,4,3,02,1,1,010,060,1,0,1,4,1,47,4,0,0,00,1,1,1,200600021291A01,,,
200600021299,2006-04-06,2006,avril,jeudi,90:8,75,75018,0,0,2,2,3,1,1,4,2,02,1,1,000,060,1,0,1,4,1,42,5,0,0,00,2,2,1,200600021299A01,18,1,1
200600021311,2006-04-07,2006,avril,vendredi,18:55,75,75008,0,0,2,3,7,1,1,4,2,08,1,1,000,240,1,0,1,4,2,27,5,1,2,00,0,0,21,200600021311A01,,,
200600021331,2006-04-08,2006,avril,samedi,85:5,75,75015,0,0,2,2,6,1,1,4,2,02,1,1,000,060,1,0,1,4,1,49,5,0,0,00,1,1,1,200600021331A01,,,
200600021395,2006-04-13,2006,avril,jeudi,15:5,75,75011,0,0,2,1,3,5,1,4,2,04,1,1,000,120,1,0,1,4,2,39,5,0,0,00,2,2,1,200600021395B01,7,22,1
200600021398,2006-04-13,2006,avril,jeudi,11:50,75,75014,0,0,2,3,7,1,1,4,2,04,1,1,000,120,1,0,1,4,1,36,5,0,0,00,0,0,1,200600021398A01,,,
200600021422,2006-04-11,2006,avril,mardi,18:00,75,75004,0,0,2,1,3,1,1,4,1,01,1,1,000,030,1,0,1,1,2,42,5,0,0,00,2,6,11,200600021422A01,18,17,1
200600021422,2006-04-11,2006,avril,mardi,18:00,75,75004,0,0,2,1,3,1,1,4,1,01,1,1,000,030,1,0,1,4,1,5,0,0,0,00,2,6,11,200600021422A01,18,17,1
200600021431,2006-04-13,2006,avril,jeudi,14:25,75,75004,0,0,2,1,6,1,1,4,2,02,1,1,000,060,1,0,1,1,1,39,1,0,0,00,2,3,19,200600021431A01,10/ 2/ 7,1/23,3
200600021433,2006-04-28,2006,avril,vendredi,15:35,75,75006,0,0,2,3,3,1,1,4,2,04,1,1,000,120,1,0,1,4,2,38,5,0,0,00,2,3,7,200600021433B01,18,7,1
200600021460,2006-04-16,2006,avril,dimanche,14:35,75,75020,0,0,2,3,6,1,1,4,2,03,1,1,000,090,1,0,1,4,1,18,5,1,2,00,1,1,1,200600021460A01,,,
200600021465,2006-04-16,2006,avril,dimanche,18:43,75,75011,0,0,2,3,6,1,1,4,1,02,1,1,000,060,1,0,1,4,1,27,5,0,0,00,2,2,1,200600021465B01,7,0,1
200600021469,2006-04-16,2006,avril,dimanche,19:57,75,75005,0,0,2,2,3,5,8,4,1,01,1,1,000,030,1,0,1,4,1,32,5,0,0,00,2,6,15,200600021469A01,1,1,1
200600021469,2006-04-16,2006,avril,dimanche,19:57,75,75005,0,0,2,2,3,5,8,4,1,01,1,1,000,030,1,0,1,3,1,65,5,0,0,00,2,2,1,200600021469B01,1,15,1
200600021474,2006-04-17,2006,avril,lundi,12:28,75,75008,0,0,2,4,6,1,1,4,1,05,1,1,000,150,1,0,1,1,1,35,5,1,2,00,1,1,1,200600021474A01,,,
200600021489,2006-04-18,2006,avril,mardi,81:0,75,75016,0,0,2,1,7,1,1,4,2,02,1,1,000,060,1,0,1,4,1,72,5,1,2,00,0,0,1,200600021489A01,,,
200600021534,2006-04-21,2006,avril,vendredi,16:20,75,75008,0,0,2,1,3,1,1,4,1,06,1,1,000,180,1,0,1,4,1,34,5,0,0,00,2,3,1,200600021534B01,7,12,1
200600021549,2006-04-21,2006,avril,vendredi,17:50,75,75019,0,0,2,1,3,1,1,4,2,03,1,1,000,090,1,0,5,4,1,38,5,1,2,00,2,1,1,200600021549B01,7,10,1
200600021554,2006-04-21,2006,avril,vendredi,15:50,75,75013,0,0,2,1,6,1,1,4,2,03,1,1,000,090,1,0,1,4,1,39,5,0,0,15,0,1,1,200600021554A01,,,
200600021569,2006-04-23,2006,avril,dimanche,10:15,75,75016,0,0,2,1,6,1,1,4,2,02,1,1,000,060,1,0,1,4,1,50,5,0,0,01,0,1,14,200600021569A01,,,
200600021572,2006-04-22,2006,avril,samedi,19:20,75,75017,0,0,2,2,3,1,1,4,2,02,1,1,000,060,1,0,1,4,1,32,5,0,0,00,2,1,18,200600021572B01,7,22,1
200600021577,2006-04-21,2006,avril,vendredi,10:45,75,75008,0,0,2,2,3,1,1,4,1,02,1,1,000,060,1,0,1,4,1,57,4,0,0,00,2,1,1,200600021577A01,7,1,1
200600021582,2006-04-24,2006,avril,lundi,10:00,75,75004,0,0,2,1,3,1,1,4,1,03,1,1,000,090,1,0,1,4,2,27,9,0,0,00,2,2,7,200600021582B01,7,18,1
200600021588,2006-04-24,2006,avril,lundi,12:25,75,75006,0,0,2,4,3,1,1,4,2,04,1,1,000,120,1,0,1,4,2,62,5,0,0,00,2,3,18,200600021588A01,18,7,1
200600021590,2006-04-25,2006,avril,mardi,11:25,75,75011,0,0,2,2,3,1,1,4,1,02,1,1,000,060,1,0,1,4,1,25,5,0,0,00,2,3,1,200600021590B01,7,16,1
200600021627,2006-04-25,2006,avril,mardi,11:50,75,75015,0,0,2,2,6,1,1,4,2,04,1,1,000,120,1,0,1,1,1,31,4,1,2,00,2,2,17,200600021627A01,,,
200600021641,2006-04-26,2006,avril,mercredi,11:30,75,75017,0,0,2,4,3,1,1,4,2,04,1,1,000,120,1,0,1,4,1,43,5,0,0,00,2,3,19,200600021641A01,10,15,1