Num_Acc,date,an,mois,jour,hrmn,dep,com,lat,long,agg,int,col,lum,atm,catr,circ,nbv,prof,plan,lartpc,larrout,surf,infra,situ,grav,sexe,age,trajet,secuexist,equipement,obs,obsm,choc,manv,vehiculeid,typevehicules,manoeuvehicules,numVehicules
200600021646,2006-04-27,2006,avril,jeudi,13:30,75,75001,0,0,2,1,3,1,1,4,1,03,1,1,000,090,1,0,1,4,1,74,5,0,0,00,2,3,11,200600021646A01,18,17,1
200600021656,2006-04-27,2006,avril,jeudi,10:15,75,75007,0,0,2,2,3,1,1,4,2,02,1,1,000,060,1,0,1,4,1,32,4,1,2,00,2,5,1,200600021656B01,7,20,1
200600021664,2006-04-27,2006,avril,jeudi,17:10,75,75011,0,0,2,1,3,1,1,4,2,02,1,1,000,060,1,0,1,4,2,42,5,0,0,00,2,3,1,200600021664B01,7,22,1
200600021664,2006-04-27,2006,avril,jeudi,17:10,75,75011,0,0,2,1,3,1,1,4,2,02,1,1,000,060,1,0,1,4,1,5,0,1,9,00,2,3,1,200600021664B01,7,22,1
200600021783,2006-04-11,2006,avril,mardi,14:0,76,76484,0,0,2,1,7,4,1,4,1,02,1,1,000,050,1,0,1,3,1,20,5,1,2,00,0,1,1,200600021783A01,,,
200600021807,2006-04-08,2006,avril,samedi,17:50,77,77131,0,0,2,2,3,1,1,2,2,02,1,1,000,075,1,5,1,3,1,12,5,1,9,00,2,5,19,200600021807B01,7,19,1
200600021863,2006-04-07,2006,avril,vendredi,85:5,78,78490,0,0,2,1,3,1,1,4,2,02,1,1,000,000,1,0,4,4,1,15,9,1,9,00,2,1,1,200600021863A01,10,15,1
200600021880,2006-04-27,2006,avril,jeudi,83:0,78,78674,0,0,1,6,3,1,1,3,2,01,1,1,000,084,1,5,1,3,1,42,1,1,9,00,2,7,1,200600021880B01,7,9,1
200600021887,2006-04-02,2006,avril,dimanche,17:20,78,78440,0,0,2,1,3,1,1,4,2,02,1,1,000,000,1,0,1,4,1,14,0,1,9,00,2,1,19,200600021887B01,7,1,1
200600021901,2006-04-25,2006,avril,mardi,17:55,78,78498,0,0,2,4,1,1,1,4,2,02,1,3,000,000,1,5,1,4,1,27,5,1,2,00,2,1,1,200600021901B01,7,15,1
200600021905,2006-04-03,2006,avril,lundi,19:25,78,78123,0,0,1,1,6,1,1,9,2,01,1,1,000,000,1,6,0,3,2,13,5,1,9,00,2,0,1,200600021905B01,5,1,1
200600021915,2006-04-15,2006,avril,samedi,14:20,78,78586,0,0,2,2,3,1,3,4,2,03,1,1,000,080,2,0,1,4,1,30,9,1,9,00,2,1,1,200600021915B01,7,15,1
200600021936,2006-04-07,2006,avril,vendredi,80:0,78,78146,0,0,2,1,3,1,1,4,2,02,2,1,000,075,1,0,1,4,2,55,1,1,9,00,2,1,1,200600021936A01,7,15,1
200600021941,2006-04-21,2006,avril,vendredi,17:34,79,79329,0,0,2,1,3,1,1,4,2,02,1,1,000,070,1,0,1,3,1,54,5,1,9,00,0,8,2,200600021941B01,30,2,1
200600021951,2006-04-06,2006,avril,jeudi,10:25,80,80021,0,0,2,1,6,1,1,4,2,02,1,1,000,060,1,0,1,1,1,28,0,1,9,00,1,1,1,200600021951A01,,,
200600021972,2006-04-30,2006,avril,dimanche,15:0,80,80021,0,0,2,1,7,5,1,4,2,02,1,1,000,095,1,0,1,3,1,40,0,1,9,00,0,1,1,200600021972A01,,,
200600021994,2006-04-13,2006,avril,jeudi,11:40,81,81021,0,0,2,1,6,1,1,4,2,01,1,1,000,000,1,0,1,2,2,54,5,1,9,00,2,1,0,200600021994B01,7,1,1
200600022036,2006-04-04,2006,avril,mardi,14:50,83,83137,0,0,2,2,3,1,1,4,2,02,1,1,010,070,1,0,1,4,2,25,5,1,2,00,2,0,1,200600022036A01,10,1,1
200600022040,2006-04-10,2006,avril,lundi,18:50,83,83137,0,0,2,1,1,1,1,4,2,01,1,1,000,055,1,0,1,3,2,14,5,1,2,00,2,1,0,200600022040A01,7,1,1
200600022050,2006-04-20,2006,avril,jeudi,84:5,83,83062,0,0,2,1,6,1,1,4,2,01,1,1,000,080,1,0,1,3,1,85,5,1,4,00,2,3,1,200600022050B01,7,17,1
200600022055,2006-04-19,2006,avril,mercredi,17:40,83,83090,0,0,2,1,3,1,1,4,2,02,1,1,000,060,1,0,1,4,1,26,1,1,9,00,2,1,1,200600022055B01,7,15,1
200600022083,2006-04-25,2006,avril,mardi,11:20,84,84007,0,0,2,1,2,1,1,4,2,02,1,1,000,080,1,0,1,4,2,47,5,1,2,00,2,6,1,200600022083B01,7,14,1
200600022083,2006-04-25,2006,avril,mardi,11:20,84,84007,0,0,2,1,2,1,1,4,2,02,1,1,000,080,1,0,1,3,2,5,0,1,2,00,2,6,1,200600022083B01,7,14,1
200600022102,2006-04-22,2006,avril,samedi,84:0,85,85191,0,0,2,3,3,1,1,4,1,01,1,1,000,071,1,0,5,3,2,39,5,1,2,00,0,7,1,200600022102B01,7,9,1
200600022104,2006-04-26,2006,avril,mercredi,11:35,85,85194,0,0,2,2,3,1,1,4,2,00,1,1,000,000,1,0,1,4,2,60,5,1,9,00,2,7,15,200600022104A01,2,1,1
200600022143,2006-04-12,2006,avril,mercredi,13:37,87,87085,0,0,2,1,3,1,1,4,2,03,2,1,000,110,1,0,1,4,1,49,5,1,9,00,2,1,1,200600022143B01,7,20,1
200600022173,2006-04-25,2006,avril,mardi,13:20,89,89024,0,0,2,2,2,1,1,4,2,02,1,1,000,095,1,5,1,4,1,28,1,1,2,00,2,1,2,200600022173B01,7,2,1
200600022186,2006-04-28,2006,avril,vendredi,15:00,90,90032,0,0,2,1,6,1,1,4,2,02,1,3,000,057,2,0,1,4,1,11,0,1,9,00,2,1,19,200600022186A01,10,0,1
200600022211,2006-04-08,2006,avril,samedi,12:30,91,91521,0,0,2,1,3,1,1,4,2,02,1,1,000,670,1,0,1,4,1,25,4,1,4,00,2,3,15,200600022211B01,7,17,1
200600022245,2006-04-18,2006,avril,mardi,12:50,91,91064,0,0,1,1,3,1,1,4,2,02,2,3,000,000,1,1,1,4,1,46,5,1,2,00,2,1,1,200600022245A01,7,15,1
200600022250,2006-04-11,2006,avril,mardi,60:0,91,91216,0,0,2,1,2,2,1,3,3,02,2,1,000,000,1,0,1,3,1,57,1,1,9,00,0,4,19,200600022250A01,7,1,1
200600022274,2006-04-27,2006,avril,jeudi,13:05,92,92004,0,0,1,1,6,1,1,4,1,01,-1,1,000,050,1,0,1,4,2,26,1,0,0,01,0,2,21,200600022274B01,7,22,1
200600022325,2006-04-07,2006,avril,vendredi,85:0,92,92025,0,0,2,1,6,1,1,4,2,02,1,1,000,070,1,0,1,4,1,11,2,1,9,00,2,8,21,200600022325B01,5,17,1
200600022387,2006-04-26,2006,avril,mercredi,13:40,92,92062,0,0,1,2,3,1,1,3,3,04,1,1,000,090,1,2,1,1,1,10,5,1,2,00,2,7,15,200600022387B01,18,1,1
200600022403,2006-04-27,2006,avril,jeudi,17:45,92,92064,0,0,2,1,6,1,1,3,3,02,1,1,000,031,1,0,1,4,1,47,0,1,9,00,1,1,1,200600022403A01,,,
200600022407,2006-04-14,2006,avril,vendredi,20:00,92,92072,0,0,2,1,3,1,1,3,1,01,2,1,000,000,1,0,1,4,1,11,0,1,2,01,0,1,1,200600022407B01,7,23,1
200600022407,2006-04-14,2006,avril,vendredi,20:00,92,92072,0,0,2,1,3,1,1,3,1,01,2,1,000,000,1,0,1,1,1,16,0,1,2,01,0,1,1,200600022407B01,7,23,1
200600022416,2006-04-21,2006,avril,vendredi,13:55,92,92073,0,0,2,3,3,1,1,3,2,04,3,1,000,000,1,0,0,4,1,49,0,1,2,00,2,1,14,200600022416B01,7,16,1
200600022456,2006-04-08,2006,avril,samedi,14:20,93,93008,0,0,2,1,3,1,1,4,1,01,1,1,008,030,1,0,1,3,1,47,5,1,2,00,2,8,6,200600022456B01,7,1,1
200600022471,2006-04-29,2006,avril,samedi,11:20,93,93057,0,0,2,1,6,1,1,4,1,01,1,1,000,000,1,0,1,4,1,18,5,1,9,00,0,1,21,200600022471B01,7,1,1
200600022474,2006-04-01,2006,avril,samedi,19:50,93,93029,0,0,2,1,6,1,1,4,2,02,1,1,000,100,1,0,1,4,1,60,5,1,9,00,2,1,1,200600022474A01,7,17,1
200600022501,2006-04-07,2006,avril,vendredi,84:0,93,93046,0,0,2,1,3,1,1,4,2,02,1,1,000,060,1,0,4,4,1,15,2,1,9,00,2,8,0,200600022501B01,7,9,1
200600022504,2006-04-17,2006,avril,lundi,10:25,93,93074,0,0,1,3,3,1,1,4,2,02,2,3,000,100,1,0,1,4,1,27,9,1,2,00,2,1,13,200600022504B01,7,15,1
200600022505,2006-04-18,2006,avril,mardi,90:0,93,93074,0,0,2,2,3,1,1,4,1,00,1,1,000,000,1,0,1,3,2,34,4,1,9,00,2,3,5,200600022505A01,10,1,1
200600022552,2006-04-04,2006,avril,mardi,14:08,93,93066,0,0,2,1,6,1,1,3,3,01,1,1,001,001,1,0,1,2,1,47,0,1,9,00,2,3,0,200600022552B01,7/ 18,0,2
200600022555,2006-04-06,2006,avril,jeudi,19:30,93,93066,0,0,2,1,3,1,1,4,1,00,1,1,000,000,1,0,1,4,1,20,1,1,9,00,0,3,2,200600022555A01,7,0,1
200600022559,2006-04-03,2006,avril,lundi,17:40,93,93039,0,0,2,3,5,1,1,4,2,03,2,1,000,610,1,2,1,3,1,37,1,1,9,00,2,0,0,200600022559C01,7,1,2
200600022563,2006-04-25,2006,avril,mardi,11:10,93,93066,0,0,2,1,6,1,1,4,2,01,1,1,000,050,1,0,4,3,1,24,1,1,9,00,0,6,9,200600022563B01,7,13,1
200600022565,2006-04-26,2006,avril,mercredi,80:0,93,93066,0,0,2,1,2,1,8,4,1,02,1,1,003,006,1,0,1,3,1,22,0,1,9,00,2,0,9,200600022565A01,7,9,1
200600022601,2006-04-06,2006,avril,jeudi,11:20,94,94017,0,0,2,3,3,1,1,3,3,04,1,1,021,173,1,0,1,3,1,21,4,1,9,00,0,2,1,200600022601A01,5,1,1
200600022604,2006-04-13,2006,avril,jeudi,11:15,94,94017,0,0,2,1,1,1,1,4,1,01,1,1,000,035,1,0,1,4,2,20,1,1,2,00,2,1,5,200600022604B01,7,9,1
200600022608,2006-04-08,2006,avril,samedi,17:25,94,94018,0,0,2,1,6,1,1,3,2,04,1,1,000,120,1,0,1,4,1,60,5,1,2,00,2,6,13,200600022608B01,7,17,1
200600022609,2006-04-20,2006,avril,jeudi,13:35,94,94018,0,0,2,1,3,1,1,3,2,03,1,1,000,080,1,0,4,4,1,8,5,1,9,00,2,1,0,200600022609B01,7,16,1
200600022636,2006-04-18,2006,avril,mardi,17:15,94,94028,48.7732,2.43516,2,1,3,1,1,9,-1,01,1,1,000,030,1,0,1,4,1,21,0,1,2,00,2,4,7,200600022636A01,18,2,1
200600022661,2006-04-06,2006,avril,jeudi,19:00,94,94065,0,0,2,1,6,1,1,9,2,00,1,1,000,000,1,0,1,4,1,18,9,1,2,00,9,0,1,200600022661A01,1,1,1
200600022661,2006-04-06,2006,avril,jeudi,19:00,94,94065,0,0,2,1,6,1,1,9,2,00,1,1,000,000,1,0,1,3,1,69,9,1,2,00,9,0,1,200600022661B01,1,1,1
200600022665,2006-04-11,2006,avril,mardi,10:40,94,94073,0,0,1,1,6,1,1,4,-1,00,-1,-1,000,000,-1,0,1,1,1,58,5,1,9,00,1,8,0,200600022665A01,,,
200600022665,2006-04-11,2006,avril,mardi,10:40,94,94073,0,0,1,1,6,1,1,4,-1,00,-1,-1,000,000,-1,0,1,4,2,48,5,0,0,00,1,8,0,200600022665A01,,,
200600022678,2006-04-14,2006,avril,vendredi,11:20,94,94046,0,0,2,1,3,1,1,2,2,04,1,1,000,000,1,0,1,1,1,16,1,1,9,00,2,1,19,200600022678B01,2,3,1
200600022697,2006-04-12,2006,avril,mercredi,14:15,94,94078,0,0,2,1,6,1,1,3,2,02,1,1,000,070,1,0,1,4,1,36,1,1,2,01,0,1,1,200600022697B01,7,22,1
200600022714,2006-04-16,2006,avril,dimanche,22:15,94,94080,0,0,2,1,3,5,1,3,1,01,1,1,000,000,1,0,1,4,2,51,5,1,9,00,0,0,1,200600022714B01,7,17,1
200600022724,2006-04-03,2006,avril,lundi,11:15,95,95018,0,0,2,1,3,1,1,4,2,02,1,1,000,053,1,0,1,4,1,2,5,1,3,00,2,1,0,200600022724B01,7,1,1
200600022729,2006-04-06,2006,avril,jeudi,23:50,95,95018,0,0,2,1,7,5,1,3,2,04,1,1,000,140,1,0,1,4,1,24,5,1,4,12,0,1,14,200600022729A01,,,
200600022759,2006-04-06,2006,avril,jeudi,21:05,95,95127,0,0,2,1,1,5,1,4,2,02,1,1,000,680,1,0,1,3,1,15,5,1,2,00,2,0,19,200600022759B01,7,1,1
200600022794,2006-04-14,2006,avril,vendredi,11:40,95,95051,0,0,2,1,3,1,1,4,2,02,1,1,000,080,1,0,1,4,1,83,5,1,2,00,2,0,15,200600022794B01,37,1,1
200600022795,2006-04-19,2006,avril,mercredi,19:40,95,95563,0,0,2,1,2,5,1,4,2,02,1,1,000,054,1,0,1,3,1,60,5,1,2,00,2,4,15,200600022795A01,7,1,1
200600022805,2006-04-20,2006,avril,jeudi,73:9,2A,2A004,0,0,2,4,3,1,1,4,2,02,2,1,000,078,1,0,1,4,1,48,5,1,2,00,2,8,1,200600022805B01,7,15,1
200600022813,2006-04-16,2006,avril,dimanche,21:30,69,69381,0,0,2,1,1,5,1,4,-1,02,1,1,000,000,1,0,0,4,1,28,0,1,9,00,0,1,0,200600022813B01,7,0,1
200600023047,2006-04-07,2006,avril,vendredi,12:00,69,69386,0,0,2,2,3,1,1,4,1,01,1,1,000,000,1,0,1,4,1,28,9,1,2,00,2,1,1,200600023047B01,7,1,1
200600023055,2006-04-20,2006,avril,jeudi,19:00,69,69386,0,0,2,2,3,1,1,4,2,04,1,1,000,000,1,0,1,4,1,25,5,1,2,00,0,0,1,200600023055B01,2,17,1
200600023061,2006-04-25,2006,avril,mardi,14:00,69,69383,0,0,2,1,3,1,1,4,2,02,1,1,000,000,1,0,1,4,1,38,1,1,2,00,2,2,1,200600023061B01,7,1,1
200600023098,2006-04-08,2006,avril,samedi,18:15,69,69387,0,0,2,1,6,1,1,4,2,02,1,1,000,154,1,0,5,3,1,26,5,1,2,01,0,1,1,200600023098B01,7,24,1
200600023103,2006-04-25,2006,avril,mardi,95:0,69,69387,0,0,2,2,3,1,1,4,1,01,1,1,000,040,1,0,1,4,2,69,5,1,2,00,2,1,1,200600023103A01,7,1,1
200600023106,2006-04-19,2006,avril,mercredi,74:5,69,69388,0,0,2,2,3,1,1,4,1,01,1,1,000,053,1,0,1,4,2,26,1,1,9,00,2,1,1,200600023106B01,7,1,1
200600023212,2006-04-27,2006,avril,jeudi,11:42,44,44055,0,0,2,3,3,1,1,4,1,01,-1,1,000,060,1,0,1,4,2,5,5,1,9,00,2,7,1,200600023212A01,7,1,1
200600023214,2006-01-13,2006,janvier,vendredi,80:0,44,44109,0,0,2,1,6,2,1,4,2,04,2,1,000,050,1,2,5,3,1,28,1,1,2,00,0,4,2,200600023214B01,2,2,1
200600023226,2006-03-22,2006,mars,mercredi,19:00,44,44109,0,0,2,1,6,2,1,4,4,00,1,1,000,000,1,0,1,1,1,25,0,0,0,00,1,0,2,200600023226A01,,,
200600023226,2006-03-22,2006,mars,mercredi,19:00,44,44109,0,0,2,1,6,2,1,4,4,00,1,1,000,000,1,0,1,3,2,30,0,0,0,00,1,0,2,200600023226A01,,,
200600023251,2006-04-21,2006,avril,vendredi,84:0,56,56260,0,0,2,1,6,1,1,4,1,01,1,1,000,060,1,0,1,4,1,13,2,1,2,01,0,1,14,200600023251A01,,,
200600023253,2006-03-09,2006,mars,jeudi,11:55,59,59328,0,0,2,2,6,1,1,4,2,02,1,1,000,056,1,0,1,3,2,49,1,1,9,00,2,1,1,200600023253B01,7,16,1
200600023266,2006-04-24,2006,avril,lundi,11:00,74,74012,0,0,2,2,3,1,1,4,1,01,1,1,000,080,1,0,1,4,1,92,5,1,2,00,2,1,1,200600023266B01,7,15,1
200600023285,2006-04-26,2006,avril,mercredi,19:20,94,94081,0,0,2,3,6,1,1,3,2,03,2,1,012,056,1,0,1,4,1,19,5,1,2,00,2,1,19,200600023285A01,7,16,1
200600023317,2006-05-18,2006,mai,jeudi,81:5,59,59320,0,0,2,3,5,1,1,4,2,02,-1,1,000,042,1,0,1,3,1,15,2,0,0,00,2,2,1,200600023317A01,7,15,2
200600023345,2006-05-13,2006,mai,samedi,14:15,62,62284,0,0,2,1,1,1,1,3,2,02,1,1,000,059,1,0,1,3,1,45,3,0,0,00,2,1,15,200600023345B02,7,1,1
200600023372,2006-05-06,2006,mai,samedi,13:30,80,80700,0,0,2,1,1,1,2,3,2,02,1,1,000,060,2,0,1,3,2,13,5,1,2,00,2,3,1,200600023372A01,3,1,1
200600023470,2006-05-11,2006,mai,jeudi,18:30,76,76147,0,0,2,3,3,1,1,3,2,02,2,1,000,050,1,6,1,3,1,12,5,0,0,00,2,1,16,200600023470B02,7,1,1
200600023477,2006-05-19,2006,mai,vendredi,18:00,76,76755,0,0,2,1,1,1,1,3,2,00,-1,1,000,060,1,0,4,3,1,11,5,0,0,00,2,1,9,200600023477B02,7,0,1
200600023510,2006-05-30,2006,mai,mardi,18:15,35,35223,47.991,-2.125,1,1,3,1,1,4,2,00,1,1,000,050,-1,0,1,3,1,7,9,1,2,00,2,8,1,200600023510B02,10,1,1
200600023529,2006-05-11,2006,mai,jeudi,14:45,22,22121,0,0,1,6,1,1,1,3,2,02,-1,1,000,000,1,5,1,3,1,54,5,1,2,00,0,0,0,200600023529B02,10,1,1
200600023536,2006-05-09,2006,mai,mardi,13:30,22,22136,48.176,-2.749,2,6,3,1,1,4,3,04,2,-1,015,070,1,0,1,2,1,43,1,0,0,00,2,0,1,200600023536B02,17,1,1
200600023543,2006-05-07,2006,mai,dimanche,11:40,22,22259,0,0,2,1,3,1,1,2,2,03,2,3,000,092,1,5,1,3,1,52,5,1,2,00,2,8,1,200600023543B02,7,15,1
200600023550,2006-05-07,2006,mai,dimanche,14:45,22,22254,0,0,1,1,2,1,1,3,2,02,1,1,000,055,1,0,1,3,2,72,5,0,0,00,2,4,2,200600023550B02,7,17,1
200600023556,2006-05-20,2006,mai,samedi,13:45,29,29037,47.889,-4.168,1,6,1,1,1,3,3,02,1,1,000,051,1,5,1,3,1,41,5,1,2,00,2,7,1,200600023556B02,14,1,1
200600023560,2006-05-20,2006,mai,samedi,83:0,29,29024,0,0,1,1,2,1,1,2,2,02,1,1,000,069,1,0,1,3,1,37,5,1,2,00,0,4,1,200600023560B02,7,1,1
200600023575,2006-05-09,2006,mai,mardi,18:30,56,56118,0,0,2,2,3,1,1,4,2,00,1,1,000,055,-1,0,0,3,1,9,5,0,0,00,2,1,1,200600023575B02,10,1,1
200600023584,2006-05-07,2006,mai,dimanche,11:30,14,14407,49.255,-0.383,1,6,2,1,1,3,-1,02,-1,2,000,087,1,5,1,3,1,65,3,0,0,00,2,0,0,200600023584B02,7,16,1
200600023596,2006-05-02,2006,mai,mardi,13:00,50,50512,0,0,1,2,3,1,1,3,2,02,1,1,060,000,1,0,1,2,1,12,5,1,2,00,2,0,15,200600023596B02,14,1,1
200600023606,2006-05-25,2006,mai,jeudi,11:30,50,50646,0,0,1,1,1,1,1,3,2,02,1,1,000,048,1,0,1,4,1,42,5,1,2,00,2,8,2,200600023606B02,7,17,1
200600023617,2006-05-09,2006,mai,mardi,15:20,61,61293,0,0,2,1,3,1,1,3,2,02,1,-1,000,000,1,0,1,3,1,52,3,1,2,00,2,3,1,200600023617A01,14,11,1
200600023631,2006-05-09,2006,mai,mardi,19:15,44,44067,0,0,1,1,3,1,1,3,2,00,1,1,000,060,1,0,1,3,1,11,5,0,0,00,2,4,15,200600023631B02,7,13,1
200600023648,2006-05-20,2006,mai,samedi,23:15,49,49308,47.393,-0.511,1,1,2,3,1,4,2,02,1,1,000,050,-1,0,1,4,1,20,1,1,4,00,2,6,2,200600023648A01,7,1,1
200600023676,2006-05-02,2006,mai,mardi,18:00,72,72213,47.916,0.256,2,1,3,1,1,9,-1,00,1,1,000,041,1,0,1,3,2,8,5,0,0,00,2,2,19,200600023676B02,7,1,1
200600023688,2006-05-17,2006,mai,mercredi,19:00,85,85061,0,0,2,1,2,1,1,4,2,02,1,3,000,050,1,0,1,3,2,83,9,0,0,00,0,4,1,200600023688B02,7,1,1
200600023698,2006-05-03,2006,mai,mercredi,18:30,85,85181,46.507,-0.956,2,1,3,1,1,3,2,02,1,1,000,059,1,0,1,3,1,8,9,0,0,00,2,8,19,200600023698B02,7,19,1
200600023702,2006-05-23,2006,mai,mardi,10:30,85,85222,46.7,-1.938,2,1,3,1,1,3,3,02,1,1,010,070,1,5,1,3,1,76,5,1,2,00,2,1,1,200600023702B02,17,16,1
200600023765,2006-05-20,2006,mai,samedi,17:00,40,40192,43.91,-0.47,2,1,1,1,1,5,2,01,1,2,000,060,1,0,1,3,2,10,5,0,0,00,2,0,0,200600023765B02,7,1,1
200600023781,2006-05-17,2006,mai,mercredi,16:00,40,40046,0,0,2,1,1,1,1,9,2,00,-1,1,000,070,1,0,1,4,1,36,1,1,2,00,2,1,13,200600023781B02,14,1,1
200600023793,2006-05-05,2006,mai,vendredi,10:45,47,47057,44.651,0.61,1,1,1,1,1,3,2,02,3,2,000,070,1,0,1,2,2,59,5,0,0,00,2,1,1,200600023793B02,7,13,1
200600023804,2006-05-19,2006,mai,vendredi,16:30,64,64014,0,0,1,3,3,1,1,3,2,02,2,4,000,063,1,0,1,3,1,59,5,1,2,00,2,1,1,200600023804B02,7,19,1
200600023834,2006-05-18,2006,mai,jeudi,90:0,17,17360,0,0,2,1,1,1,1,6,-1,01,-1,-1,000,045,1,0,1,3,2,71,5,0,0,00,2,6,1,200600023834B02,7,4,1
200600023855,2006-05-04,2006,mai,jeudi,18:10,79,79189,46.416,-0.17,2,1,3,1,1,9,2,02,2,1,065,000,1,0,1,3,1,20,5,1,2,00,2,1,19,200600023855A01,7,1,1
200600023974,2006-05-01,2006,mai,lundi,10:45,81,81088,43.832,2.258,1,1,1,1,1,3,2,02,-1,-1,000,044,1,5,1,3,1,65,5,1,2,00,2,1,1,200600023974B02,7,23,1
200600023983,2006-05-23,2006,mai,mardi,12:15,81,81070,0,0,1,1,1,1,1,3,2,02,1,2,000,067,1,0,1,3,1,56,3,0,0,00,2,1,13,200600023983B02,7,17,1
200600024010,2006-05-06,2006,mai,samedi,14:10,69,69270,0,0,1,1,1,1,1,3,2,02,3,3,000,066,1,0,1,3,1,14,5,0,0,00,0,8,15,200600024010B02,7,21,1
200600024033,2006-05-27,2006,mai,samedi,10:00,01,01305,46.435,4.939,2,1,3,1,1,3,2,00,-1,1,000,100,1,0,1,3,2,71,5,0,0,00,0,8,2,200600024033B02,21,2,1
200600024035,2006-05-04,2006,mai,jeudi,14:15,01,01026,0,0,1,1,3,1,1,4,2,00,1,1,000,038,1,0,1,3,1,14,5,0,0,00,2,8,15,200600024035B02,7,1,1
200600024073,2006-05-10,2006,mai,mercredi,19:30,07,07301,45.108,4.667,1,1,2,1,8,3,2,00,1,1,000,063,2,0,1,3,1,38,5,1,2,00,2,1,2,200600024073A01,1,2,1
200600024073,2006-05-10,2006,mai,mercredi,19:30,07,07301,45.108,4.667,1,1,2,1,8,3,2,00,1,1,000,063,2,0,1,1,1,33,5,0,0,00,2,4,2,200600024073B02,1,2,1
200600024075,2006-05-26,2006,mai,vendredi,17:45,26,26108,44.736,5.015,1,6,6,1,1,3,-1,00,1,-1,000,000,1,0,1,3,2,27,5,1,9,00,2,1,6,200600024075A01,,,
200600024082,2006-05-27,2006,mai,samedi,15:30,26,26085,44.524,4.713,1,3,3,1,1,3,2,02,1,1,000,050,1,0,1,3,1,84,5,0,0,00,2,7,1,200600024082A01,10,19,1
200600024085,2006-05-03,2006,mai,mercredi,17:20,26,26324,0,0,1,3,3,1,1,3,2,02,4,2,000,080,1,0,1,4,1,38,5,1,2,00,2,3,19,200600024085B02,7,1,1
200600024099,2006-05-06,2006,mai,samedi,11:30,38,38418,0,0,1,1,1,1,1,3,2,02,-1,-1,000,070,1,0,1,4,1,56,5,0,0,00,2,2,13,200600024099A01,7,1,1
200600024151,2006-05-05,2006,mai,vendredi,94:5,42,42182,46.049,3.929,1,1,2,1,1,3,2,00,4,1,000,073,1,0,1,3,1,18,5,0,0,00,2,1,1,200600024151A01,17,1,1
200600024167,2006-05-06,2006,mai,samedi,10:00,74,74104,0,0,1,2,1,1,8,4,2,02,1,1,000,063,1,5,1,3,1,49,5,1,2,00,2,1,1,200600024167B02,7,1,1
200600024168,2006-05-02,2006,mai,mardi,18:45,74,74310,0,0,2,1,1,1,1,4,2,00,-1,-1,000,000,1,0,1,3,1,14,5,0,0,00,2,1,15,200600024168A01,7,1,1
200600024176,2006-05-30,2006,mai,mardi,81:5,74,74082,0,0,2,1,3,1,8,3,-1,02,-1,2,000,060,2,5,1,3,1,34,1,1,2,00,2,1,1,200600024176B02,7,15,1
200600024256,2006-05-30,2006,mai,mardi,93:0,57,57645,0,0,2,1,1,1,1,3,2,02,1,1,000,060,1,0,1,4,1,38,5,1,2,01,0,7,1,200600024256B02,10,22,1
200600024261,2006-05-24,2006,mai,mercredi,13:30,57,57193,0,0,1,1,1,1,1,3,1,02,1,1,000,075,1,0,1,3,1,44,1,1,2,00,2,8,1,200600024261B02,10,1,1
200600024277,2006-05-04,2006,mai,jeudi,14:15,54,54586,48.59,6.034,2,1,1,1,1,4,2,02,2,1,000,000,1,0,1,3,1,10,5,0,0,00,2,1,19,200600024277B02,7,1,1
200600024292,2006-05-26,2006,mai,vendredi,18:00,54,54080,0,0,2,3,5,1,1,3,2,02,1,1,000,072,1,5,1,4,1,14,9,0,0,00,2,8,23,200600024292C03,7,15/1,2
200600024319,2006-05-26,2006,mai,vendredi,19:30,88,88218,48.148,6.791,2,1,1,5,2,4,2,01,1,1,000,050,2,0,1,4,1,7,5,0,0,00,2,0,9,200600024319B02,10,1,1
200600024320,2006-05-15,2006,mai,lundi,18:45,88,88196,0,0,1,1,1,1,1,3,3,00,1,1,000,075,1,0,1,3,1,54,5,0,0,00,2,4,13,200600024320B02,7,17,1
200600024326,2006-05-04,2006,mai,jeudi,17:10,67,67313,48.541,7.454,2,1,1,1,1,4,2,00,1,1,000,000,1,0,1,3,2,77,0,0,0,00,2,2,2,200600024326B02,30,18,1
200600024329,2006-05-02,2006,mai,mardi,17:30,67,67528,48.866,7.181,1,3,3,1,1,3,2,02,1,1,000,076,1,0,1,3,1,73,5,0,0,00,2,1,1,200600024329B02,38,15,1
200600024385,2006-05-04,2006,mai,jeudi,17:45,51,51557,48.801,4.577,1,1,1,1,1,2,2,02,3,2,000,074,1,5,1,3,1,57,5,1,2,00,2,8,19,200600024385B02,7,1,1
200600024403,2006-05-02,2006,mai,mardi,19:15,10,10033,0,0,2,1,3,1,1,4,1,01,-1,1,000,000,1,0,1,3,1,9,5,0,0,00,2,1,1,200600024403B02,7,15,1
200600024412,2006-05-22,2006,mai,lundi,11:00,52,52269,0,0,2,9,5,1,8,2,2,02,1,1,000,105,2,0,1,3,1,53,1,0,0,00,2,3,1,200600024412A01,7/ 17,0/1,2
200600024491,2006-05-04,2006,mai,jeudi,83:0,25,25191,0,0,2,1,3,1,1,3,2,01,1,1,094,000,1,0,1,3,2,72,5,0,0,00,2,8,19,200600024491B02,17,1,1
200600024492,2006-05-13,2006,mai,samedi,17:30,25,25048,0,0,2,1,1,1,1,3,2,02,-1,1,058,000,1,0,1,3,2,53,5,1,2,00,0,4,11,200600024492B02,7,2,1
200600024506,2006-05-24,2006,mai,mercredi,15:45,39,39396,47.144,5.655,1,1,3,1,1,3,2,02,1,2,000,061,1,0,1,2,1,20,5,1,2,00,0,8,15,200600024506B02,7,17,1
200600024506,2006-05-24,2006,mai,mercredi,15:45,39,39396,47.144,5.655,1,1,3,1,1,3,2,02,1,2,000,061,1,0,1,4,1,19,0,1,2,00,0,8,15,200600024506B02,7,17,1
200600024506,2006-05-24,2006,mai,mercredi,15:45,39,39396,47.144,5.655,1,1,3,1,1,3,2,02,1,2,000,061,1,0,1,4,1,25,0,1,2,00,0,8,15,200600024506B02,7,17,1