Num_Acc,date,an,mois,jour,hrmn,dep,com,lat,long,agg,int,col,lum,atm,catr,circ,nbv,prof,plan,lartpc,larrout,surf,infra,situ,grav,sexe,age,trajet,secuexist,equipement,obs,obsm,choc,manv,vehiculeid,typevehicules,manoeuvehicules,numVehicules
200600024525,2006-05-31,2006,mai,mercredi,11:45,13,13106,43.41,5.372,2,1,3,1,1,2,2,00,2,1,000,000,1,0,1,4,1,16,0,1,2,00,2,2,0,200600024525B02,7,15,1
200600024550,2006-05-06,2006,mai,samedi,12:15,04,04198,0,0,1,1,3,1,1,3,2,00,4,-1,000,000,1,0,1,3,1,42,5,0,0,00,2,1,1,200600024550B02,7,15,1
200600024553,2006-05-18,2006,mai,jeudi,16:00,04,04161,0,0,1,9,2,1,1,3,3,02,1,-1,000,000,1,0,1,4,1,49,5,1,2,00,2,8,1,200600024553B02,2,17,1
200600024562,2006-05-06,2006,mai,samedi,18:00,05,05070,44.324,5.818,2,1,1,1,1,4,2,02,2,3,000,076,1,0,1,3,1,8,5,0,0,00,2,1,13,200600024562B02,10,1,1
200600024568,2006-05-26,2006,mai,vendredi,16:25,05,05011,0,0,1,1,3,1,1,3,-1,00,-1,-1,000,000,-1,0,0,3,2,39,5,1,2,00,2,9,1,200600024568B02,7,9,1
200600024579,2006-05-19,2006,mai,vendredi,11:45,06,06138,0,0,1,9,1,1,1,3,2,02,1,1,000,075,1,0,1,3,1,58,5,1,2,00,2,3,1,200600024579B02,7,15,1
200600024597,2006-05-22,2006,mai,lundi,19:15,83,83007,0,0,1,1,1,1,1,4,2,00,-1,3,000,040,1,0,1,3,1,11,5,1,2,00,2,1,13,200600024597B02,14,1,1
200600024606,2006-05-17,2006,mai,mercredi,95:5,83,83140,0,0,1,2,5,1,1,3,2,02,-1,1,000,065,1,5,1,3,1,72,5,1,2,00,2,8,15,200600024606C03,7,19,2
200600024609,2006-05-17,2006,mai,mercredi,16:30,83,83120,0,0,1,1,1,1,1,3,-1,02,-1,-1,000,040,1,0,1,3,2,27,5,1,2,00,2,1,13,200600024609B02,7,1,1
200600024618,2006-05-10,2006,mai,mercredi,11:00,83,83068,0,0,1,1,7,1,1,3,2,00,-1,4,000,000,1,0,3,3,2,47,5,1,2,00,0,0,14,200600024618A01,,,
200600024628,2006-05-20,2006,mai,samedi,92:5,83,83127,0,0,1,1,3,1,1,3,2,01,1,1,000,075,1,0,1,2,2,49,5,0,0,00,2,1,1,200600024628B02,7,16,1
200600024637,2006-05-19,2006,mai,vendredi,14:30,83,83130,0,0,2,1,2,1,1,4,2,00,1,2,000,040,1,0,1,4,1,43,5,1,2,00,2,4,1,200600024637B02,7,1,1
200600024660,2006-05-22,2006,mai,lundi,15:00,84,84022,0,0,1,1,1,1,1,3,2,00,2,4,000,050,1,0,1,2,1,74,5,1,2,00,2,0,2,200600024660A01,10,2,1
200600024686,2006-05-11,2006,mai,jeudi,19:45,34,34197,43.573,3.403,1,1,6,1,1,3,2,00,1,1,000,043,1,0,1,3,1,15,5,0,0,00,0,4,2,200600024686A01,,,
200600024697,2006-05-24,2006,mai,mercredi,19:00,34,34143,0,0,1,2,1,1,1,3,2,02,1,1,000,040,1,0,1,3,1,14,5,0,0,00,2,3,19,200600024697A01,7,1,1
200600024700,2006-05-06,2006,mai,samedi,16:45,11,11396,43.31,2.55,2,4,3,1,8,3,2,02,1,1,000,060,1,0,1,3,2,11,5,0,0,00,2,1,15,200600024700A01,7,1,1
200600024707,2006-05-15,2006,mai,lundi,18:00,11,11353,0,0,1,1,1,1,1,3,2,02,2,1,070,000,1,0,1,3,1,71,5,0,0,00,2,1,15,200600024707B02,7,1,1
200600024711,2006-05-23,2006,mai,mardi,80:0,30,30156,43.835,4.453,1,1,2,1,1,3,3,00,1,1,000,000,1,0,3,3,1,39,1,0,0,01,0,1,2,200600024711A01,14,23,1
200600024749,2006-05-03,2006,mai,mercredi,16:30,66,66171,42.644,3.035,2,6,1,1,1,3,1,02,1,2,000,000,1,0,1,3,2,53,5,0,0,00,2,1,1,200600024749B02,7,16,1
200600024788,2006-05-01,2006,mai,lundi,1:,78,78550,48.833,1.902,1,1,7,5,1,4,2,02,2,1,000,050,1,0,1,3,1,19,5,0,0,00,0,0,1,200600024788A01,,,
200600024810,2006-05-15,2006,mai,lundi,70:0,95,95370,0,0,1,1,5,1,1,3,4,03,3,3,000,000,1,0,1,3,1,57,1,1,2,00,2,6,1,200600024810D04,14/ 7,1/21,3
200600024829,2006-05-23,2006,mai,mardi,17:00,77,77393,48.721,2.849,1,1,5,1,6,2,3,00,-1,1,000,000,1,3,1,3,1,42,0,0,0,00,9,8,0,200600024829B02,17,1,1
200600024829,2006-05-23,2006,mai,mardi,17:00,77,77393,48.721,2.849,1,1,5,1,6,2,3,00,-1,1,000,000,1,3,1,1,1,42,5,1,2,00,2,0,13,200600024829C03,17,1,1
200600024925,2006-05-11,2006,mai,jeudi,18:30,41,41033,0,0,1,1,7,1,1,3,2,02,1,1,000,055,1,0,1,3,1,46,5,1,2,00,0,0,0,200600024925A01,,,
200600024945,2006-05-13,2006,mai,samedi,21:00,29,29234,0,0,1,1,1,1,1,4,2,01,1,1,000,035,1,0,1,3,2,11,5,0,0,00,2,1,19,200600024945B02,7,1,1
200600024955,2006-05-04,2006,mai,jeudi,17:30,57,57041,49.423,5.947,2,1,1,1,1,4,2,02,2,3,000,047,1,0,1,3,2,8,5,1,2,00,2,8,19,200600024955B02,7,1,1
200600024965,2006-05-07,2006,mai,dimanche,10:15,69,69252,0,0,1,1,7,1,2,3,2,02,2,2,000,108,2,0,1,3,1,64,5,0,0,00,0,8,15,200600024965A01,,,
200600024966,2006-05-31,2006,mai,mercredi,15:45,69,69193,0,0,2,1,7,1,2,4,2,02,-1,3,000,000,2,0,1,3,1,43,5,0,0,00,0,0,1,200600024966A01,,,
200600025035,2006-05-31,2006,mai,mercredi,12:30,38,38485,0,0,2,2,1,1,1,4,2,00,-1,1,000,000,1,0,1,1,1,2006,9,0,0,00,0,7,1,200600025035C03,14,1,1
200600025083,2006-05-28,2006,mai,dimanche,12:45,69,69033,0,0,2,1,3,1,1,3,2,02,1,1,000,000,1,0,0,3,1,12,5,0,0,00,2,1,1,200600025083B02,7,1,1
200600025087,2006-05-28,2006,mai,dimanche,11:45,74,74011,45.909,6.131,2,1,1,1,1,9,2,02,1,1,014,090,1,0,1,3,2,67,0,1,2,00,0,8,1,200600025087B02,7,15,1
200600025095,2006-05-06,2006,mai,samedi,91:5,56,56240,47.537,-2.755,1,1,2,1,1,3,2,02,-1,1,000,054,1,0,1,3,1,16,5,1,2,00,0,3,15,200600025095B02,10,17,1
200600025115,2006-05-24,2006,mai,mercredi,83:0,67,67343,0,0,2,1,1,1,8,9,-1,02,1,4,000,030,1,0,5,1,1,34,1,0,0,00,9,1,13,200600025115A01,1,1,1
200600025115,2006-05-24,2006,mai,mercredi,83:0,67,67343,0,0,2,1,1,1,8,9,-1,02,1,4,000,030,1,0,5,4,1,44,1,0,0,00,9,1,1,200600025115B02,1,13,1
200600025202,2006-05-17,2006,mai,mercredi,16:45,02,02340,0,0,2,2,3,1,1,4,2,02,1,1,000,061,1,5,1,4,2,11,5,1,2,00,2,1,1,200600025202B01,7,1,1
200600025203,2006-05-16,2006,mai,mardi,15:00,02,02691,0,0,2,3,3,1,1,4,2,02,1,1,000,000,1,0,1,3,1,20,5,1,2,00,2,8,15,200600025203A01,7,1,1
200600025214,2006-05-11,2006,mai,jeudi,17:59,03,03321,0,0,2,1,7,1,1,4,2,02,3,1,000,052,1,0,1,3,1,18,5,1,2,12,0,0,1,200600025214A01,2,1,1
200600025215,2006-05-03,2006,mai,mercredi,14:45,03,03023,0,0,2,1,3,1,1,4,2,02,1,1,000,090,1,0,1,4,1,23,5,1,9,00,2,3,19,200600025215A01,7,1,1
200600025222,2006-05-12,2006,mai,vendredi,11:20,03,03023,0,0,2,1,1,1,8,4,2,02,2,1,000,080,1,0,1,1,1,63,5,1,9,00,2,1,1,200600025222B01,7,13,1
200600025254,2006-05-11,2006,mai,jeudi,80:0,06,06004,0,0,2,3,5,1,1,4,2,02,1,1,000,074,1,0,1,3,1,57,5,1,2,00,2,0,1,200600025254C01,2/ 7,1/15,2
200600025254,2006-05-11,2006,mai,jeudi,80:0,06,06004,0,0,2,3,5,1,1,4,2,02,1,1,000,074,1,0,1,3,1,54,5,1,2,00,2,1,1,200600025254D01,2/ 7,1/15,2
200600025257,2006-05-12,2006,mai,vendredi,16:00,06,06004,0,0,2,1,3,1,1,2,2,02,1,1,000,070,1,0,1,3,2,77,5,1,2,00,2,8,5,200600025257B01,7,9,1
200600025260,2006-05-16,2006,mai,mardi,11:00,06,06004,0,0,2,1,2,1,1,3,3,03,1,1,000,035,1,0,1,3,1,64,5,1,2,00,2,4,1,200600025260B01,7,2,1
200600025282,2006-05-04,2006,mai,jeudi,13:00,06,06123,0,0,2,1,6,1,1,4,2,02,-1,-1,010,000,1,0,4,1,1,14,0,0,0,00,2,0,0,200600025282A01,,,
200600025301,2006-05-04,2006,mai,jeudi,85:7,06,06029,0,0,2,1,4,1,1,2,2,02,1,1,000,100,1,0,1,4,2,62,0,1,9,00,2,4,0,200600025301C01,7,1,2
200600025418,2006-05-06,2006,mai,samedi,13:35,06,06088,0,0,2,3,3,1,1,4,2,02,1,1,000,080,1,0,1,4,2,14,5,1,2,00,2,1,1,200600025418B01,7,15,1
200600025436,2006-05-11,2006,mai,jeudi,14:20,06,06088,0,0,2,1,3,1,1,4,3,04,1,1,075,145,1,0,1,4,1,58,0,1,4,00,2,0,2,200600025436A01,2,0,1
200600025466,2006-05-16,2006,mai,mardi,19:08,06,06088,0,0,2,3,3,1,1,4,1,01,-1,-1,000,000,1,0,1,4,1,16,5,1,9,00,2,1,1,200600025466A01,7,1,1
200600025467,2006-05-16,2006,mai,mardi,19:40,06,06088,0,0,2,1,3,1,1,4,2,02,1,1,000,044,1,0,1,4,1,15,0,1,4,00,2,1,2,200600025467A01,7,2,1
200600025503,2006-05-23,2006,mai,mardi,19:00,06,06088,0,0,2,1,3,1,1,4,1,02,1,1,000,090,1,0,0,4,1,40,0,1,2,00,2,0,1,200600025503B01,7,14,1
200600025518,2006-05-28,2006,mai,dimanche,10:30,06,06088,0,0,2,1,3,1,1,4,2,00,1,1,000,020,1,6,5,4,1,8,5,1,4,00,2,1,9,200600025518A01,1,2,1
200600025518,2006-05-28,2006,mai,dimanche,10:30,06,06088,0,0,2,1,3,1,1,4,2,00,1,1,000,020,1,6,5,1,2,60,5,1,4,00,2,0,2,200600025518B01,1,9,1
200600025525,2006-05-29,2006,mai,lundi,15:30,06,06088,0,0,1,1,3,1,1,3,2,03,1,1,000,100,1,2,1,4,1,57,5,1,4,00,2,4,11,200600025525A01,7,2,1
200600025553,2006-05-04,2006,mai,jeudi,12:00,10,10387,0,0,2,1,2,1,1,2,1,02,1,2,000,130,1,0,1,1,2,46,4,1,9,00,0,4,1,200600025553B01,31,1,1
200600025556,2006-05-14,2006,mai,dimanche,17:20,10,10387,0,0,2,1,3,1,1,4,2,02,1,1,000,070,1,0,1,4,1,18,5,1,9,00,2,1,1,200600025556A01,10,1,1
200600025562,2006-05-19,2006,mai,vendredi,85:5,11,11262,0,0,2,3,3,1,1,4,2,02,1,1,000,069,1,0,1,3,1,84,5,1,9,00,2,7,15,200600025562A01,7,1,1
200600025591,2006-05-03,2006,mai,mercredi,20:00,13,13047,0,0,1,6,3,1,1,3,4,02,1,3,000,000,1,0,1,3,1,33,5,1,2,00,2,1,1,200600025591B01,7,16,1
200600025599,2006-05-03,2006,mai,mercredi,94:5,13,13102,0,0,2,9,3,1,1,4,2,02,1,1,000,066,1,0,4,4,1,59,0,1,2,00,2,1,1,200600025599A01,7,1,1
200600025605,2006-05-16,2006,mai,mardi,70:0,13,13054,0,0,2,1,3,1,1,4,2,00,1,1,000,059,1,0,1,4,2,43,1,1,9,00,2,2,1,200600025605B01,5,9,1
200600025708,2006-05-17,2006,mai,mercredi,70:0,13,13055,0,0,2,3,3,1,1,3,3,04,1,1,016,070,1,5,1,4,1,50,5,0,0,00,2,1,1,200600025708B01,7,1,1
200600025733,2006-05-15,2006,mai,lundi,52:0,13,13055,0,0,2,4,3,2,1,4,3,03,1,1,018,078,1,4,1,4,1,43,0,0,0,00,2,1,1,200600025733A01,7,15,1
200600025746,2006-05-20,2006,mai,samedi,13:15,13,13055,0,0,2,1,3,1,1,4,2,06,1,-1,000,160,1,0,1,3,1,34,5,1,9,00,2,1,19,200600025746A01,7,15,1
200600025748,2006-05-16,2006,mai,mardi,17:15,13,13055,0,0,2,1,2,1,1,4,2,02,1,2,000,068,1,0,4,4,2,31,1,0,0,00,2,4,1,200600025748B01,5,1,1
200600025810,2006-05-20,2006,mai,samedi,17:45,13,13055,0,0,2,1,3,1,1,4,1,03,1,1,120,090,1,0,1,3,1,10,5,0,0,00,0,1,19,200600025810A01,7,2,1
200600025820,2006-05-08,2006,mai,lundi,10:10,13,13055,0,0,2,3,2,1,1,4,1,01,2,1,000,054,1,0,0,3,1,52,0,0,0,00,2,4,2,200600025820B01,7,2,1
200600025828,2006-05-28,2006,mai,dimanche,82:0,13,13055,0,0,2,3,1,1,1,2,2,02,1,1,000,090,1,0,1,3,1,66,5,0,0,00,2,1,0,200600025828B01,7,15,1
200600025895,2006-05-13,2006,mai,samedi,11:30,13,13055,0,0,2,1,3,1,1,4,2,02,2,2,000,040,1,0,1,3,1,11,5,1,2,00,0,7,10,200600025895A01,2,1,1
200600025931,2006-05-04,2006,mai,jeudi,17:20,13,13103,0,0,2,1,3,1,1,4,2,02,1,1,000,046,1,0,1,4,2,16,2,1,2,00,0,8,2,200600025931B01,7,2,1
200600025968,2006-05-03,2006,mai,mercredi,10:55,17,17299,0,0,2,6,3,1,1,4,2,02,1,1,000,090,1,5,1,4,1,65,3,1,9,00,2,7,1,200600025968B01,7,1,1
200600025971,2006-05-18,2006,mai,jeudi,15:55,17,17299,0,0,2,6,3,1,1,4,2,02,1,1,031,100,1,5,1,4,2,12,2,1,2,00,2,2,1,200600025971B01,7,1,1
200600025980,2006-05-07,2006,mai,dimanche,17:30,17,17300,0,0,2,1,3,1,1,4,2,02,1,1,000,061,1,0,1,4,1,9,0,1,9,00,2,4,19,200600025980B01,7,1,1
200600025995,2006-05-24,2006,mai,mercredi,21:20,17,17300,0,0,2,1,3,2,1,4,2,02,-1,-1,000,060,1,0,1,4,1,10,0,1,9,00,2,3,5,200600025995A01,7,1,1
200600025999,2006-05-27,2006,mai,samedi,17:45,17,17300,0,0,2,1,6,1,1,4,1,01,1,1,000,050,-1,0,1,4,1,8,5,1,9,00,2,2,1,200600025999B01,7,1,1
200600026004,2006-05-12,2006,mai,vendredi,23:00,17,17300,0,0,2,2,3,5,1,4,2,02,1,1,000,070,1,5,1,4,2,40,1,1,9,00,2,1,1,200600026004B01,7,1,1
200600026034,2006-05-11,2006,mai,jeudi,19:40,19,19031,0,0,2,1,6,1,1,4,1,01,1,1,000,000,1,0,1,3,1,63,5,1,2,00,2,1,1,200600026034B01,7,9,1
200600026068,2006-05-23,2006,mai,mardi,93:0,21,21231,0,0,2,1,2,1,1,4,1,01,1,1,000,058,1,0,1,3,1,49,4,1,2,00,2,1,1,200600026068B01,7,22,1
200600026071,2006-05-24,2006,mai,mercredi,11:38,21,21231,0,0,2,2,3,1,1,4,3,04,1,1,074,168,1,5,1,3,1,50,4,1,2,00,2,1,18,200600026071B01,7,16,1
200600026072,2006-05-24,2006,mai,mercredi,16:15,21,21231,0,0,2,1,2,1,1,4,1,02,1,1,000,070,1,0,1,4,1,57,0,1,2,00,2,4,2,200600026072B01,7,2,1
200600026073,2006-05-24,2006,mai,mercredi,22:30,21,21617,0,0,2,1,6,5,1,4,2,02,2,1,000,060,1,0,4,3,1,20,5,1,2,06,0,1,0,200600026073A01,,,
200600026076,2006-05-29,2006,mai,lundi,12:14,21,21231,0,0,2,2,4,1,2,4,2,03,1,1,000,088,2,5,1,4,1,19,2,1,2,00,2,6,15,200600026076A01,30/ 37,17/1,2
200600026078,2006-05-30,2006,mai,mardi,83:4,21,21231,0,0,2,1,3,1,1,4,3,02,2,1,000,130,1,0,4,4,1,28,5,1,2,00,2,1,1,200600026078A01,7,23,1
200600026086,2006-05-25,2006,mai,jeudi,11:10,22,22360,0,0,2,6,3,1,1,4,2,02,1,1,000,000,1,0,1,4,1,57,5,1,2,00,2,2,21,200600026086B01,7,9,1
200600026097,2006-05-06,2006,mai,samedi,11:35,24,24322,0,0,2,1,3,1,1,4,2,02,1,1,000,035,1,0,1,4,1,10,5,1,2,00,2,7,1,200600026097B01,7,9,1
200600026112,2006-05-04,2006,mai,jeudi,18:36,25,25056,0,0,2,1,3,1,1,4,1,01,1,1,000,035,1,0,1,4,1,56,9,1,2,01,0,1,1,200600026112B01,7,0,1
200600026118,2006-05-12,2006,mai,vendredi,80:8,25,25056,0,0,2,6,1,1,1,4,2,02,1,1,000,060,1,0,1,3,1,46,1,1,2,00,2,4,1,200600026118B01,7,1,1
200600026130,2006-05-26,2006,mai,vendredi,20:43,25,25056,0,0,2,9,3,1,1,3,3,02,1,1,000,000,1,0,1,4,1,11,5,1,2,00,2,7,19,200600026130B01,7,1,1
200600026139,2006-05-30,2006,mai,mardi,17:06,25,25580,0,0,2,1,3,1,1,4,1,02,1,1,000,070,1,0,1,4,1,12,0,1,2,00,2,8,19,200600026139B01,7,0,1
200600026146,2006-05-15,2006,mai,lundi,12:50,26,26281,0,0,2,6,6,1,1,4,2,02,1,1,000,065,1,0,0,4,1,44,1,1,9,00,0,1,1,200600026146B01,7,9,1
200600026150,2006-05-02,2006,mai,mardi,21:25,26,26058,0,0,1,1,3,3,1,2,3,04,1,1,020,140,1,0,1,3,1,26,5,1,9,00,2,4,1,200600026150B01,7,1,1
200600026174,2006-05-31,2006,mai,mercredi,15:00,27,27701,0,0,1,1,3,1,1,3,2,02,1,1,000,074,1,0,1,4,1,12,5,1,2,00,2,8,19,200600026174B01,7,1,1
200600026178,2006-05-31,2006,mai,mercredi,11:40,27,27681,0,0,2,9,6,1,7,4,2,02,1,1,000,080,1,0,1,1,2,59,5,1,9,00,1,1,1,200600026178A01,,,
200600026190,2006-05-10,2006,mai,mercredi,14:00,28,28404,0,0,2,1,3,1,1,4,2,02,1,1,000,000,1,0,3,3,1,14,5,1,9,00,2,1,1,200600026190B01,7,16,1
200600026192,2006-05-25,2006,mai,jeudi,21:30,28,28404,0,0,2,4,7,2,1,3,2,02,2,1,000,000,1,0,4,3,1,36,0,1,9,12,0,0,0,200600026192A01,,,
200600026213,2006-05-19,2006,mai,vendredi,12:35,29,29019,0,0,2,1,3,1,2,4,2,03,1,1,000,087,2,2,1,4,2,23,9,1,9,00,2,8,11,200600026213A01,7,1,1
200600026216,2006-05-22,2006,mai,lundi,18:20,29,29019,0,0,2,2,3,1,2,4,-1,02,1,-1,000,108,2,0,0,3,1,19,0,1,2,00,0,1,2,200600026216B01,7,0,1
200600026251,2006-05-02,2006,mai,mardi,64:3,30,30189,0,0,2,1,6,1,1,4,2,02,2,1,000,056,1,0,1,4,1,26,9,1,9,08,0,1,1,200600026251A01,,,
200600026253,2006-05-03,2006,mai,mercredi,93:3,30,30189,0,0,2,1,6,1,1,4,1,01,1,1,000,000,9,0,1,4,2,78,9,1,2,00,2,0,23,200600026253B01,7,4,1
200600026262,2006-05-06,2006,mai,samedi,15:45,30,30189,0,0,2,1,3,1,1,3,1,02,1,1,000,000,1,0,1,4,1,76,5,1,2,00,2,8,1,200600026262B01,7,1,1
200600026304,2006-05-10,2006,mai,mercredi,11:10,31,31069,0,0,2,1,6,1,1,4,1,01,1,1,000,070,1,0,1,4,2,21,5,1,9,01,0,1,0,200600026304B01,7,0,1
200600026310,2006-05-30,2006,mai,mardi,21:00,31,31149,0,0,2,6,3,1,1,2,-1,01,1,-1,000,040,-1,0,1,4,1,30,1,1,9,00,2,1,1,200600026310B01,7,9,1
200600026329,2006-05-04,2006,mai,jeudi,74:5,31,31555,0,0,2,1,6,1,1,4,1,02,1,1,000,065,1,0,1,4,1,21,9,1,2,08,0,1,1,200600026329A01,,,
200600026334,2006-05-05,2006,mai,vendredi,14:15,31,31555,0,0,2,1,3,1,1,4,2,02,1,1,000,099,1,0,4,4,1,20,5,0,0,00,2,4,0,200600026334B01,7,0,1
200600026335,2006-05-05,2006,mai,vendredi,18:28,31,31555,0,0,2,1,5,1,1,4,2,03,1,1,000,088,1,0,1,1,1,27,9,1,9,00,2,0,0,200600026335B01,18,7,1
200600026335,2006-05-05,2006,mai,vendredi,18:28,31,31555,0,0,2,1,5,1,1,4,2,03,1,1,000,088,1,0,1,4,1,23,1,1,2,00,2,9,5,200600026335A01,18,7,1
200600026351,2006-05-10,2006,mai,mercredi,17:45,31,31555,0,0,2,1,3,1,1,4,2,01,1,2,000,095,1,0,1,4,1,36,1,1,2,00,2,8,5,200600026351A01,7,16,1
200600026364,2006-05-15,2006,mai,lundi,53:9,31,31555,0,0,2,1,6,5,2,4,3,02,1,1,000,050,2,0,1,4,1,37,0,1,2,01,0,0,0,200600026364A01,,,
200600026366,2006-05-15,2006,mai,lundi,12:22,31,31555,0,0,2,1,3,1,1,4,2,00,1,1,000,060,1,0,1,3,2,24,5,1,2,00,2,1,1,200600026366B01,7,1,1
200600026367,2006-05-16,2006,mai,mardi,80:0,31,31555,0,0,2,1,6,1,1,4,2,04,1,1,000,134,9,0,1,1,1,54,0,1,2,00,1,0,1,200600026367A01,,,
200600026368,2006-05-16,2006,mai,mardi,81:4,31,31555,0,0,2,3,3,1,1,4,2,00,1,1,000,070,1,0,1,4,1,29,0,1,2,00,2,1,0,200600026368A01,7,0,1
200600026369,2006-05-16,2006,mai,mardi,90:5,31,31555,0,0,2,2,6,1,1,4,2,02,2,1,000,095,1,0,1,4,1,74,0,1,2,00,2,8,1,200600026369B01,,,
200600026386,2006-05-22,2006,mai,lundi,15:15,31,31555,0,0,2,3,3,1,1,4,2,03,1,1,000,093,1,0,1,4,2,21,5,1,2,00,2,4,15,200600026386B01,5,1,1
200600026389,2006-05-23,2006,mai,mardi,91:0,31,31555,0,0,2,2,1,1,1,4,2,02,2,1,000,066,1,0,1,4,2,38,1,1,2,00,2,1,0,200600026389A01,7,0,1
200600026390,2006-05-23,2006,mai,mardi,14:40,31,31555,0,0,2,1,3,1,1,4,2,03,1,1,000,100,1,0,1,1,1,35,1,1,2,00,2,1,0,200600026390B01,18,0,1
200600026394,2006-05-27,2006,mai,samedi,13:50,31,31555,0,0,2,1,3,1,1,4,4,03,1,1,000,097,1,0,1,4,2,44,0,1,2,00,9,5,0,200600026394A01,18,0,1
200600026402,2006-05-30,2006,mai,mardi,16:30,31,31555,0,0,1,2,3,1,1,4,2,02,1,1,000,020,1,0,1,4,2,36,1,1,9,00,2,1,1,200600026402B01,7,15,1
200600026417,2006-05-07,2006,mai,dimanche,12:30,33,33529,0,0,1,1,1,1,1,9,2,02,1,4,000,000,1,0,5,4,1,48,5,1,2,00,2,1,1,200600026417B01,2,1,1
200600026421,2006-05-18,2006,mai,jeudi,16:40,33,33009,0,0,2,1,3,1,1,2,2,02,1,1,000,069,1,0,1,4,2,32,0,1,2,00,2,1,1,200600026421B01,7,24,1
200600026428,2006-05-04,2006,mai,jeudi,10:20,33,33063,0,0,2,1,3,1,1,4,1,01,2,1,000,000,1,0,1,4,2,28,0,1,9,00,2,0,1,200600026428B01,10,20,1
200600026430,2006-05-01,2006,mai,lundi,18:47,33,33281,0,0,2,3,3,1,1,4,2,03,1,1,000,090,2,0,1,4,2,11,5,1,9,00,2,0,19,200600026430B01,7,1,1
200600026435,2006-05-08,2006,mai,lundi,11:50,33,33063,0,0,2,2,3,1,1,4,2,03,1,1,000,000,1,0,1,3,2,79,0,1,9,00,2,1,1,200600026435A01,7,15,1
200600026438,2006-05-09,2006,mai,mardi,10:05,33,33063,0,0,2,3,3,1,1,4,1,01,1,1,000,000,1,0,1,4,2,24,0,1,9,00,2,1,1,200600026438B01,10,1,1
200600026444,2006-05-11,2006,mai,jeudi,18:00,33,33063,0,0,2,2,3,1,1,4,1,01,1,1,000,039,1,0,1,4,1,13,0,1,9,00,2,7,1,200600026444A01,7,1,1
200600026451,2006-05-04,2006,mai,jeudi,16:39,33,33318,0,0,2,1,3,1,1,4,2,02,1,1,000,092,1,0,1,4,2,16,5,1,9,00,2,1,2,200600026451B01,37,1,1
200600026456,2006-05-13,2006,mai,samedi,18:55,33,33063,0,0,2,1,4,1,1,4,3,04,1,1,004,115,1,0,1,4,1,30,0,1,9,14,0,1,3,200600026456B01,7,23,2
200600026460,2006-05-15,2006,mai,lundi,82:6,33,33063,0,0,2,1,3,1,1,4,3,04,1,1,000,000,1,0,1,4,1,22,0,1,9,00,2,1,1,200600026460A01,7,20,1
200600026462,2006-05-10,2006,mai,mercredi,12:10,33,33281,0,0,2,1,2,1,1,4,2,02,2,1,000,000,1,0,1,4,2,25,1,1,9,00,2,4,15,200600026462B01,7,1,1
200600026478,2006-05-16,2006,mai,mardi,18:30,33,33522,0,0,2,2,3,1,1,4,2,02,1,1,000,078,1,0,1,4,1,18,1,1,9,00,2,6,1,200600026478B01,7,15,1
200600026480,2006-05-19,2006,mai,vendredi,14:00,33,33063,0,0,2,3,3,1,1,4,1,02,1,1,000,800,1,0,1,3,2,60,0,1,9,00,2,0,1,200600026480A01,7,15,1
200600026505,2006-05-23,2006,mai,mardi,82:4,33,33522,0,0,2,2,3,1,1,4,3,02,1,1,000,040,1,0,1,4,2,25,0,1,9,00,0,5,1,200600026505B01,7,1,1
200600026510,2006-05-28,2006,mai,dimanche,18:00,33,33522,0,0,2,2,3,1,1,4,2,02,1,1,000,072,1,0,1,4,1,20,5,1,9,00,2,1,1,200600026510A01,7,1,1
200600026511,2006-05-31,2006,mai,mercredi,18:23,33,33063,0,0,2,1,6,1,1,4,3,04,1,1,000,000,1,0,1,4,2,67,0,1,9,00,2,0,1,200600026511B01,17,1,1
200600026516,2006-05-30,2006,mai,mardi,16:50,33,33039,0,0,2,1,2,1,1,4,2,01,2,1,000,130,1,0,1,4,2,55,1,1,9,00,2,9,2,200600026516B01,10,1,1
200600026538,2006-05-24,2006,mai,mercredi,19:33,34,34032,0,0,2,2,3,1,1,4,1,01,2,1,000,035,1,0,1,4,1,16,5,1,9,00,2,1,16,200600026538B01,10,2,1
200600026546,2006-05-31,2006,mai,mercredi,18:07,34,34032,0,0,2,1,3,1,1,4,2,02,2,1,000,070,1,0,1,4,1,12,5,1,9,00,2,8,19,200600026546B01,7,1,1
200600026561,2006-05-11,2006,mai,jeudi,18:30,34,34129,0,0,1,1,3,1,1,4,2,02,1,1,000,055,1,0,1,3,2,22,5,1,9,00,2,1,19,200600026561A01,7,1,1
200600026565,2006-05-15,2006,mai,lundi,15:20,34,34172,0,0,2,1,6,1,1,4,-1,00,1,1,000,000,1,0,4,1,1,38,5,1,9,00,1,3,1,200600026565A01,,,
200600026601,2006-05-24,2006,mai,mercredi,94:5,34,34301,0,0,2,1,6,1,1,4,1,01,4,1,000,035,1,0,1,4,1,44,9,1,9,00,2,0,2,200600026601B01,7,1,1
200600026605,2006-05-03,2006,mai,mercredi,16:50,35,35238,0,0,2,1,7,1,1,4,2,02,-1,-1,000,060,1,0,1,3,1,52,0,1,9,00,0,0,0,200600026605A01,,,
200600026616,2006-05-11,2006,mai,jeudi,17:35,35,35238,0,0,2,3,2,1,1,4,2,02,1,1,000,060,1,0,1,4,2,21,2,1,9,00,2,0,1,200600026616B01,7,1,1
200600026617,2006-05-12,2006,mai,vendredi,84:5,35,35238,0,0,2,2,3,1,1,4,2,02,1,1,000,060,1,0,1,4,2,44,0,1,9,00,2,1,1,200600026617A01,7,16,1
200600026624,2006-05-19,2006,mai,vendredi,17:20,35,35238,0,0,2,6,6,1,9,4,1,01,-1,-1,000,000,-1,0,1,3,2,56,0,1,9,00,0,0,0,200600026624A01,,,
200600026629,2006-05-22,2006,mai,lundi,20:00,35,35238,0,0,2,1,3,1,1,4,2,01,2,1,000,030,1,0,1,4,2,26,0,1,9,00,2,1,1,200600026629B01,7,22,1
200600026634,2006-05-28,2006,mai,dimanche,16:45,35,35238,0,0,2,6,2,1,1,4,2,01,1,-1,000,060,1,0,1,3,1,81,0,1,9,00,2,0,0,200600026634B01,7,16,1
200600026636,2006-05-30,2006,mai,mardi,95:5,35,35238,0,0,2,1,3,1,1,4,1,01,1,-1,000,030,1,0,1,4,2,19,4,1,9,01,0,2,1,200600026636B01,7,22,1