Num_Acc,date,an,mois,jour,hrmn,dep,com,lat,long,agg,int,col,lum,atm,catr,circ,nbv,prof,plan,lartpc,larrout,surf,infra,situ,grav,sexe,age,trajet,secuexist,equipement,obs,obsm,choc,manv,vehiculeid,typevehicules,manoeuvehicules,numVehicules
200600026654,2006-05-10,2006,mai,mercredi,19:35,36,36044,0,0,2,1,2,1,1,4,2,02,1,1,000,000,1,0,1,4,1,40,5,1,2,00,2,4,1,200600026654B01,7,1,1
200600026659,2006-05-23,2006,mai,mardi,18:08,36,36044,0,0,2,1,3,1,1,3,2,00,-1,-1,000,000,1,0,1,4,1,6,5,0,0,00,2,1,0,200600026659B01,7,20,1
200600026661,2006-05-30,2006,mai,mardi,19:20,36,36044,0,0,2,1,3,1,1,6,1,00,1,1,000,000,1,0,1,4,1,7,5,1,2,00,2,1,9,200600026661A01,7,1,1
200600026663,2006-05-02,2006,mai,mardi,19:45,37,37261,0,0,1,1,1,1,1,4,2,02,1,1,000,037,1,0,1,3,1,25,5,0,0,00,2,1,1,200600026663A01,99,0,1
200600026677,2006-05-23,2006,mai,mardi,75:0,37,37261,0,0,2,9,7,1,1,4,2,02,1,3,000,066,1,0,1,1,2,16,2,1,9,00,0,0,15,200600026677B01,33,1,1
200600026680,2006-05-01,2006,mai,lundi,14:30,38,38179,0,0,2,2,3,1,1,4,2,02,1,2,000,070,1,0,1,4,1,68,5,1,2,00,2,1,1,200600026680A01,7,1,1
200600026683,2006-05-04,2006,mai,jeudi,10:30,38,38185,0,0,2,2,3,1,1,4,1,03,1,1,000,100,1,0,1,4,1,32,0,1,9,00,2,1,1,200600026683B01,7,1,1
200600026691,2006-05-05,2006,mai,vendredi,15:15,38,38169,0,0,2,1,3,1,1,4,2,03,1,1,000,100,1,0,0,4,1,8,5,1,2,00,2,8,1,200600026691A01,40,1,1
200600026699,2006-05-12,2006,mai,vendredi,17:40,38,38421,0,0,2,1,6,1,1,4,2,02,-1,2,000,034,1,0,5,1,1,22,0,1,9,00,2,1,5,200600026699A01,1,1,1
200600026699,2006-05-12,2006,mai,vendredi,17:40,38,38421,0,0,2,1,6,1,1,4,2,02,-1,2,000,034,1,0,5,4,1,63,0,1,9,00,2,1,1,200600026699B01,1,5,1
200600026704,2006-05-17,2006,mai,mercredi,13:40,38,38185,0,0,2,1,6,1,1,4,2,04,1,1,000,104,1,0,5,4,1,48,1,1,9,00,2,1,1,200600026704B01,7,16,1
200600026705,2006-05-18,2006,mai,jeudi,90:0,38,38185,0,0,2,1,6,1,1,4,1,01,-1,-1,000,035,1,0,1,4,2,31,0,1,9,01,2,2,1,200600026705B01,7,22,1
200600026706,2006-05-19,2006,mai,vendredi,14:50,38,38421,0,0,2,1,3,1,1,4,2,02,1,1,090,080,1,0,1,4,1,23,0,1,2,00,2,1,1,200600026706B01,7,1,1
200600026708,2006-05-21,2006,mai,dimanche,20:15,38,38151,0,0,2,1,3,1,1,4,2,02,1,1,000,065,1,0,1,4,2,58,5,1,2,00,2,1,1,200600026708B01,7,1,1
200600026710,2006-05-23,2006,mai,mardi,13:10,38,38151,0,0,2,1,3,1,1,4,2,02,1,1,000,044,1,0,1,3,1,37,0,1,2,00,2,1,19,200600026710B01,40,0,1
200600026715,2006-05-25,2006,mai,jeudi,14:00,38,38516,0,0,2,1,2,1,1,4,2,02,-1,1,000,070,1,0,1,4,1,33,0,1,4,00,2,1,2,200600026715A01,7,2,1
200600026716,2006-05-28,2006,mai,dimanche,18:45,38,38151,0,0,2,1,2,1,1,4,-1,03,1,2,000,105,1,0,5,4,1,38,5,1,2,00,0,4,2,200600026716B01,7,16,1
200600026728,2006-05-03,2006,mai,mercredi,80:0,39,39300,0,0,2,4,3,1,1,4,2,02,1,3,000,000,1,0,1,3,1,50,1,1,9,00,2,1,1,200600026728B01,7,15,1
200600026733,2006-05-14,2006,mai,dimanche,13:03,40,40088,0,0,2,1,1,1,1,4,2,02,1,3,000,040,1,0,1,3,1,9,5,1,2,00,2,1,0,200600026733B01,7,1,1
200600026756,2006-05-11,2006,mai,jeudi,13:20,42,42095,0,0,2,1,2,1,1,4,2,02,1,1,000,080,1,0,1,3,1,50,5,1,2,00,2,4,1,200600026756B01,7,4,1
200600026780,2006-05-12,2006,mai,vendredi,17:35,42,42218,0,0,2,2,6,1,2,4,1,01,1,1,000,033,2,0,1,3,1,58,5,0,0,00,2,7,1,200600026780B01,7,9,1
200600026788,2006-05-19,2006,mai,vendredi,13:27,42,42223,0,0,2,1,6,1,1,4,2,02,1,1,000,100,1,0,1,4,2,49,5,1,2,00,2,1,2,200600026788A01,7,23/1,2
200600026788,2006-05-19,2006,mai,vendredi,13:27,42,42223,0,0,2,1,6,1,1,4,2,02,1,1,000,100,1,0,1,4,1,49,0,1,2,00,2,1,2,200600026788A01,7,23/1,2
200600026810,2006-05-27,2006,mai,samedi,15:30,44,44055,0,0,2,2,3,1,1,4,2,02,3,1,000,085,1,0,1,4,1,13,5,1,9,00,2,1,0,200600026810A01,7,1,1
200600026813,2006-05-04,2006,mai,jeudi,74:5,44,44162,0,0,2,1,2,1,1,3,2,02,3,1,000,076,2,0,1,4,1,47,1,1,9,00,2,4,1,200600026813B01,30,1,1
200600026816,2006-05-05,2006,mai,vendredi,12:40,44,44109,0,0,2,1,6,1,1,4,-1,00,-1,-1,000,000,-1,0,1,4,1,46,5,1,2,00,2,0,0,200600026816B01,7,0,1
200600026834,2006-05-13,2006,mai,samedi,17:45,44,44162,0,0,1,1,3,1,1,4,2,02,1,1,000,057,1,0,1,4,1,14,9,1,9,00,2,8,9,200600026834B01,7,1,1
200600026843,2006-05-18,2006,mai,jeudi,19:15,44,44109,0,0,2,1,6,1,1,4,1,01,1,3,000,000,1,0,0,3,1,20,5,1,9,01,0,1,16,200600026843A01,,,
200600026849,2006-05-22,2006,mai,lundi,17:40,44,44143,0,0,2,2,6,1,6,4,2,02,1,1,000,057,1,5,1,4,1,24,2,1,9,00,2,2,19,200600026849A01,7,1,1
200600026855,2006-05-28,2006,mai,dimanche,11:00,44,44190,0,0,2,1,6,1,1,4,2,02,1,1,000,070,1,0,1,4,2,5,5,1,2,00,2,1,9,200600026855A01,37,21,1
200600026867,2006-05-11,2006,mai,jeudi,17:30,44,44184,0,0,2,2,3,1,1,4,2,02,1,-1,000,000,1,0,1,4,1,81,0,1,9,00,2,1,1,200600026867A01,7,1,1
200600026868,2006-05-12,2006,mai,vendredi,92:0,44,44184,0,0,2,6,3,1,1,4,1,02,1,1,000,000,1,0,1,4,1,35,0,1,9,00,2,7,1,200600026868B01,7,9,1
200600026869,2006-05-12,2006,mai,vendredi,16:40,44,44184,0,0,2,2,2,1,1,4,2,01,1,1,000,000,1,0,1,4,1,42,0,1,2,00,2,4,15,200600026869B01,7,1,1
200600026871,2006-05-15,2006,mai,lundi,93:5,44,44184,0,0,2,1,3,1,1,4,1,01,1,-1,000,000,1,0,1,4,1,60,0,1,9,00,2,1,1,200600026871B01,7,1,1
200600026878,2006-05-31,2006,mai,mercredi,74:0,44,44184,0,0,2,3,3,1,1,4,2,02,3,-1,000,000,1,0,1,3,1,19,0,1,9,00,2,5,1,200600026878B01,7,9,1
200600026885,2006-05-02,2006,mai,mardi,12:00,45,45234,0,0,2,1,2,1,1,4,3,04,1,1,000,120,1,0,1,4,1,18,2,1,2,14,0,1,2,200600026885A01,7,0,1
200600026891,2006-05-09,2006,mai,mardi,16:45,45,45298,0,0,1,1,2,1,1,4,2,02,1,3,000,038,1,0,1,3,2,11,0,1,9,00,0,1,1,200600026891B01,17,4,1
200600026913,2006-05-31,2006,mai,mercredi,74:5,45,45308,0,0,2,2,3,1,1,4,2,02,1,1,040,063,1,5,1,4,1,13,2,1,4,00,2,1,15,200600026913A01,33,1,1
200600026934,2006-05-02,2006,mai,mardi,14:00,49,49007,0,0,2,6,3,1,1,4,2,03,1,1,000,105,1,0,1,4,2,78,5,1,9,00,2,1,1,200600026934B01,7,1,1
200600026939,2006-05-07,2006,mai,dimanche,15:45,49,49007,0,0,2,1,3,1,1,4,2,04,2,1,000,135,1,0,1,4,2,46,0,1,9,00,2,8,9,200600026939A01,7,1,1
200600026940,2006-05-10,2006,mai,mercredi,13:01,49,49267,0,0,2,1,7,1,1,4,-1,00,1,-1,000,000,-1,0,0,3,1,55,0,1,9,00,0,1,0,200600026940A01,,,
200600026941,2006-05-10,2006,mai,mercredi,13:45,49,49007,0,0,2,1,3,1,1,4,2,03,1,1,000,092,1,0,1,4,1,38,1,0,0,00,2,0,1,200600026941B01,10,0,1
200600026953,2006-05-17,2006,mai,mercredi,11:01,49,49007,0,0,2,1,3,1,1,4,-1,01,1,1,000,050,1,0,0,4,1,22,1,1,9,00,2,1,19,200600026953A01,7,1,1
200600026963,2006-05-23,2006,mai,mardi,10:30,49,49007,0,0,2,1,3,1,1,4,3,00,1,1,000,000,-1,0,1,4,1,66,0,1,9,00,2,2,19,200600026963A01,7,1,1
200600026971,2006-05-24,2006,mai,mercredi,14:51,49,49007,0,0,2,3,1,1,1,4,-1,02,1,-1,000,076,-1,0,1,3,1,55,1,1,9,00,2,0,1,200600026971B01,10,0,1
200600026992,2006-05-03,2006,mai,mercredi,17:10,50,50129,0,0,2,2,6,1,1,4,2,03,1,1,000,090,1,5,1,3,1,6,5,1,2,00,2,3,15,200600026992A01,7,17,1
200600027005,2006-05-29,2006,mai,lundi,23:00,50,50129,0,0,2,1,3,5,1,4,2,02,1,1,000,080,1,0,1,4,2,31,5,1,9,00,2,8,1,200600027005A01,7,1,1
200600027022,2006-05-18,2006,mai,jeudi,18:40,51,51454,0,0,2,1,6,1,1,2,2,02,2,1,000,068,1,0,1,4,1,53,5,1,2,00,2,8,1,200600027022B01,7,21,1
200600027027,2006-05-29,2006,mai,lundi,16:50,51,51454,0,0,2,1,6,1,2,4,2,02,2,1,000,060,2,0,1,1,1,21,1,1,9,00,1,0,0,200600027027A01,,,
200600027044,2006-05-03,2006,mai,mercredi,14:20,54,54395,0,0,2,1,6,1,1,4,1,03,1,1,000,000,1,0,1,1,1,17,5,1,2,00,1,1,1,200600027044A01,,,
200600027052,2006-05-11,2006,mai,jeudi,16:45,54,54184,0,0,2,5,3,1,1,4,2,02,1,1,060,120,1,5,1,3,2,67,5,1,2,00,2,1,19,200600027052A01,7,1,1
200600027056,2006-05-15,2006,mai,lundi,81:5,54,54395,0,0,2,1,6,1,1,4,1,03,1,1,000,108,1,0,1,4,1,18,2,1,2,00,2,8,1,200600027056B01,7,1,1
200600027074,2006-05-25,2006,mai,jeudi,12:50,54,54547,0,0,2,1,3,1,2,4,-1,01,1,1,000,050,2,6,3,4,2,21,5,1,9,00,2,8,1,200600027074B01,30,0,1
200600027090,2006-05-10,2006,mai,mercredi,14:40,55,55545,0,0,2,4,7,1,1,2,2,02,1,1,000,100,1,0,0,4,1,69,5,1,2,00,2,8,1,200600027090B01,7,9,1
200600027091,2006-05-02,2006,mai,mardi,90:5,56,56121,0,0,2,6,3,1,1,9,1,02,1,2,000,000,1,0,1,3,2,49,0,1,2,00,2,7,1,200600027091B01,7,1,1
200600027098,2006-05-10,2006,mai,mercredi,10:40,56,56162,0,0,1,6,3,1,1,3,2,02,1,1,000,000,1,0,1,4,1,76,5,1,2,00,2,5,1,200600027098B01,7,1,1
200600027101,2006-05-14,2006,mai,dimanche,16:10,56,56098,0,0,2,1,7,1,1,9,2,04,1,1,000,000,1,2,1,4,2,12,0,1,9,12,0,2,1,200600027101A01,,,
200600027108,2006-05-23,2006,mai,mardi,84:7,56,56098,0,0,2,2,3,1,1,9,2,02,1,1,000,000,1,5,1,4,2,63,0,1,9,00,2,1,1,200600027108B01,7,15,1
200600027111,2006-05-26,2006,mai,vendredi,16:15,56,56121,0,0,2,3,3,1,1,9,2,02,1,1,000,000,1,0,1,4,2,22,0,1,9,00,2,7,15,200600027111A01,7,1,1
200600027114,2006-05-30,2006,mai,mardi,90:9,56,56098,0,0,2,1,6,1,1,9,2,02,1,1,000,000,1,0,1,4,1,31,1,1,9,01,0,1,1,200600027114B01,7,22,1
200600027136,2006-05-10,2006,mai,mercredi,13:15,57,57751,0,0,2,1,6,1,1,4,2,02,1,1,000,040,1,0,1,4,1,13,0,1,9,00,2,8,19,200600027136A01,7,1,1
200600027138,2006-05-13,2006,mai,samedi,12:50,57,57463,0,0,2,3,6,1,1,3,2,02,1,1,000,086,1,0,1,3,1,84,5,1,2,00,2,7,1,200600027138B01,7,0,1
200600027139,2006-05-15,2006,mai,lundi,11:10,57,57463,0,0,2,3,3,1,1,3,2,03,1,2,000,098,1,5,1,4,1,42,3,1,2,00,2,3,9,200600027139A01,37,0,1
200600027169,2006-05-30,2006,mai,mardi,25:0,58,58194,0,0,2,1,7,5,2,4,-1,01,-1,-1,000,000,2,0,1,4,1,22,0,1,9,00,0,0,0,200600027169A01,,,
200600027222,2006-05-13,2006,mai,samedi,11:25,59,59350,0,0,2,1,6,1,1,3,1,02,1,1,000,070,1,0,1,4,1,36,5,1,9,00,2,1,1,200600027222B01,7,20,1
200600027227,2006-05-16,2006,mai,mardi,17:20,59,59350,0,0,2,2,3,1,1,3,2,04,1,1,000,150,1,0,1,4,1,29,1,1,9,00,2,7,1,200600027227B01,7,16,1
200600027265,2006-05-10,2006,mai,mercredi,13:00,59,59650,0,0,2,1,6,1,1,4,2,02,1,1,000,000,1,0,1,3,2,23,0,1,2,01,0,1,1,200600027265B01,7,24/1,2
200600027283,2006-05-03,2006,mai,mercredi,80:5,59,59152,0,0,2,2,1,1,1,4,2,02,1,-1,000,000,1,0,1,3,2,57,1,1,2,00,2,1,13,200600027283B01,7,15,1
200600027300,2006-05-26,2006,mai,vendredi,51:0,59,59606,0,0,2,3,6,2,1,4,2,02,1,1,000,074,2,0,1,3,1,50,1,1,2,00,2,1,1,200600027300B01,7,0,1
200600027308,2006-05-26,2006,mai,vendredi,15:40,59,59606,0,0,2,3,2,1,6,4,2,02,1,1,000,060,1,0,1,4,1,16,0,1,2,00,2,1,1,200600027308A01,7,1,1
200600027318,2006-05-05,2006,mai,vendredi,19:05,60,60463,0,0,2,1,3,1,1,4,2,00,-1,1,000,700,9,0,1,3,1,11,5,1,9,00,2,1,0,200600027318A01,7,2,1
200600027363,2006-05-03,2006,mai,mercredi,17:55,62,62215,0,0,2,2,3,1,1,4,1,02,1,1,000,058,1,0,1,4,1,79,5,1,9,00,2,1,1,200600027363A01,7,1,1
200600027364,2006-05-03,2006,mai,mercredi,11:20,62,62250,0,0,2,1,6,1,1,4,1,01,1,1,000,037,1,0,1,3,1,79,5,1,9,00,2,0,1,200600027364B01,14,17,1
200600027368,2006-05-08,2006,mai,lundi,12:00,62,62427,0,0,2,3,3,1,1,4,2,02,1,1,000,071,1,0,1,3,2,64,5,1,4,00,2,7,1,200600027368A01,7,15,1
200600027372,2006-05-26,2006,mai,vendredi,19:10,62,62321,0,0,2,1,6,1,1,4,2,02,1,1,000,070,1,0,1,4,1,15,5,1,4,00,0,7,1,200600027372A01,2,1,1
200600027380,2006-05-23,2006,mai,mardi,18:07,62,62498,0,0,2,3,3,1,1,4,1,01,1,2,000,069,1,0,1,3,1,12,5,1,9,00,2,1,5,200600027380B01,7,15,1
200600027397,2006-05-10,2006,mai,mercredi,11:35,63,63113,0,0,2,1,6,1,1,4,2,02,1,1,000,000,1,0,1,4,1,20,2,1,9,00,2,7,19,200600027397A01,7,1,1
200600027412,2006-05-18,2006,mai,jeudi,17:30,63,63014,0,0,2,1,2,1,1,4,2,03,1,1,000,100,1,0,1,4,1,26,0,1,2,00,2,4,1,200600027412B01,2,1,1
200600027440,2006-05-24,2006,mai,mercredi,14:30,63,63069,0,0,2,2,3,1,1,4,2,02,1,1,000,000,1,0,1,4,1,23,0,1,2,00,0,1,0,200600027440A01,2,0,1
200600027466,2006-05-04,2006,mai,jeudi,18:10,64,64445,0,0,2,2,3,1,1,4,2,02,1,1,000,068,1,0,0,3,1,10,5,1,2,00,2,1,1,200600027466A01,7,1,1
200600027474,2006-05-13,2006,mai,samedi,50:5,64,64445,0,0,2,1,2,5,1,2,2,02,1,1,000,080,1,0,1,4,1,21,5,1,9,00,2,1,5,200600027474B01,7,1,1
200600027479,2006-05-31,2006,mai,mercredi,80:0,64,64445,0,0,2,3,3,1,1,2,2,05,1,1,000,154,1,0,5,4,1,54,1,1,4,00,2,1,1,200600027479B01,7,15,1
200600027483,2006-05-16,2006,mai,mardi,16:40,64,64545,0,0,2,1,2,1,1,2,2,02,1,1,000,090,1,0,1,4,1,46,5,1,2,00,1,1,1,200600027483A01,14,1,1
200600027491,2006-05-07,2006,mai,dimanche,83:5,64,64189,0,0,2,1,2,1,1,3,2,02,1,1,000,123,1,0,1,4,1,48,5,1,2,00,2,4,2,200600027491B01,10,2,1
200600027492,2006-05-10,2006,mai,mercredi,14:45,64,64260,0,0,2,1,3,1,1,2,2,02,1,1,000,045,1,0,1,3,1,31,5,1,2,00,2,1,1,200600027492B01,7,16,1
200600027496,2006-05-15,2006,mai,lundi,17:30,65,65286,0,0,2,1,6,1,1,4,2,02,1,1,000,058,1,0,1,3,2,20,5,1,2,01,0,1,1,200600027496B01,7,22,1
200600027501,2006-05-06,2006,mai,samedi,11:20,65,65440,0,0,2,3,6,1,1,4,1,01,1,1,000,100,1,0,2,1,1,33,3,1,2,00,1,1,15,200600027501A01,,,
200600027525,2006-05-18,2006,mai,jeudi,83:0,67,67180,0,0,2,1,3,1,2,4,2,02,1,4,000,052,1,0,1,3,1,82,3,0,0,00,2,1,1,200600027525B01,7,15,1
200600027534,2006-05-03,2006,mai,mercredi,15:00,67,67482,0,0,1,3,3,1,1,4,1,01,1,3,000,084,1,5,5,4,1,58,5,1,9,00,2,2,1,200600027534B01,7,1,1
200600027539,2006-05-05,2006,mai,vendredi,16:15,67,67482,0,0,2,1,3,1,1,6,2,01,1,1,000,050,1,0,1,4,1,33,1,1,9,00,2,7,1,200600027539A01,7,1,1
200600027545,2006-05-09,2006,mai,mardi,11:45,67,67482,0,0,2,1,3,1,2,4,2,02,1,1,000,120,2,0,1,4,2,57,0,1,9,00,2,1,19,200600027545B01,7,1,1
200600027548,2006-05-09,2006,mai,mardi,20:00,67,67482,0,0,2,1,3,2,1,4,2,05,1,1,000,156,1,0,1,4,2,17,5,1,9,00,2,1,5,200600027548A01,37,1,1
200600027553,2006-05-11,2006,mai,jeudi,11:55,67,67482,0,0,2,1,1,1,1,4,1,01,1,1,000,040,1,0,5,4,2,34,1,1,9,00,2,1,1,200600027553B01,1,5,1
200600027556,2006-05-15,2006,mai,lundi,18:10,67,67482,0,0,2,3,1,1,1,4,2,02,1,3,000,085,1,5,1,4,2,21,2,1,9,00,2,1,15,200600027556B01,7,1,1
200600027559,2006-05-17,2006,mai,mercredi,18:22,67,67482,0,0,2,4,3,1,1,4,1,02,4,2,000,060,1,0,1,4,1,25,9,1,9,00,2,1,19,200600027559A01,7,1,1
200600027565,2006-05-22,2006,mai,lundi,94:0,67,67482,0,0,2,3,3,1,1,4,2,02,1,1,000,072,1,0,5,3,1,54,1,1,9,00,2,3,1,200600027565B01,7,15,1
200600027566,2006-05-22,2006,mai,lundi,16:00,67,67482,0,0,2,1,3,1,2,4,2,02,1,1,000,085,2,0,1,4,1,23,5,1,9,00,2,1,19,200600027566B01,7,9,1
200600027567,2006-05-23,2006,mai,mardi,74:5,67,67482,0,0,2,2,3,1,1,4,1,01,1,1,000,062,1,0,4,4,2,23,1,1,9,00,2,0,1,200600027567A01,1,1,1
200600027567,2006-05-23,2006,mai,mardi,74:5,67,67482,0,0,2,2,3,1,1,4,1,01,1,1,000,062,1,0,4,4,1,16,2,1,9,00,2,0,1,200600027567B01,1,1,1
200600027568,2006-05-23,2006,mai,mardi,85:0,67,67482,0,0,2,1,3,1,1,4,2,03,1,1,000,090,1,0,1,4,2,25,5,1,2,00,2,8,1,200600027568B01,14,17,1
200600027576,2006-05-30,2006,mai,mardi,73:1,67,67482,0,0,2,2,3,1,2,4,2,02,1,1,000,120,2,5,1,4,1,44,4,1,9,00,2,3,1,200600027576B01,7,1,1
200600027578,2006-05-30,2006,mai,mardi,17:13,67,67365,0,0,2,3,3,1,1,4,2,02,1,1,000,068,1,0,1,4,1,12,2,1,2,00,2,1,19,200600027578A01,7,1,1
200600027594,2006-05-05,2006,mai,vendredi,16:25,68,68224,0,0,2,1,3,1,1,4,2,00,1,1,000,000,1,0,5,4,1,54,5,1,2,00,2,1,1,200600027594B01,7,9,1
200600027598,2006-05-27,2006,mai,samedi,18:40,68,68224,0,0,2,3,3,1,1,4,2,02,1,1,000,048,1,0,1,4,1,49,5,0,0,00,2,3,16,200600027598B01,7,16,1
200600027616,2006-05-24,2006,mai,mercredi,91:0,69,69029,0,0,1,1,6,1,1,4,2,01,1,3,000,134,1,0,5,4,1,73,5,1,2,00,1,0,0,200600027616A01,,,
200600027616,2006-05-24,2006,mai,mercredi,91:0,69,69029,0,0,1,1,6,1,1,4,2,01,1,3,000,134,1,0,5,1,2,19,9,0,0,00,1,0,0,200600027616A01,,,
200600027630,2006-05-11,2006,mai,jeudi,16:35,69,69266,0,0,2,1,6,1,1,4,2,00,1,1,000,000,1,0,4,1,1,18,5,1,9,00,9,0,1,200600027630A01,1,1,1
200600027630,2006-05-11,2006,mai,jeudi,16:35,69,69266,0,0,2,1,6,1,1,4,2,00,1,1,000,000,1,0,4,3,1,53,1,1,9,00,9,0,1,200600027630B01,1,1,1
200600027681,2006-05-19,2006,mai,vendredi,95:7,72,72181,0,0,2,1,6,1,1,9,2,02,1,1,000,080,1,0,1,1,2,26,1,1,9,00,1,1,1,200600027681A01,,,
200600027688,2006-05-23,2006,mai,mardi,10:05,72,72181,0,0,2,2,2,1,1,9,2,02,1,1,000,071,1,0,1,4,1,58,9,1,2,00,0,4,1,200600027688B01,7,1,1
200600027700,2006-05-07,2006,mai,dimanche,10:45,73,73008,0,0,2,1,2,1,1,4,1,00,1,2,140,070,1,5,1,3,1,32,5,1,4,00,2,1,1,200600027700A01,7,1,1
200600027706,2006-05-21,2006,mai,dimanche,18:00,74,74093,0,0,2,2,6,1,1,4,2,02,1,1,000,067,-1,0,1,3,1,54,9,1,9,00,0,1,16,200600027706B01,7,16,1
200600027708,2006-05-27,2006,mai,samedi,12:15,74,74010,0,0,2,6,7,1,1,4,1,02,1,-1,000,090,-1,0,1,4,2,48,9,1,9,00,2,1,1,200600027708B01,7,16,1
200600027711,2006-05-09,2006,mai,mardi,15:50,74,74133,0,0,2,1,7,1,1,4,2,02,1,1,000,060,1,0,1,3,2,72,5,1,2,00,0,0,1,200600027711A01,,,
200600027765,2006-05-02,2006,mai,mardi,20:57,75,75013,0,0,2,3,3,5,1,4,2,06,1,1,000,120,1,0,1,4,2,37,1,0,0,00,2,1,1,200600027765B01,7,1,1
200600027780,2006-05-03,2006,mai,mercredi,11:25,75,75007,0,0,2,2,3,1,1,4,2,02,1,1,000,060,1,0,1,4,2,35,1,0,0,00,2,3,1,200600027780B01,7,12,1
200600027793,2006-05-03,2006,mai,mercredi,11:45,75,75017,0,0,2,1,6,1,1,4,1,01,1,1,000,030,1,0,1,4,2,44,5,0,0,00,1,1,1,200600027793A01,,,
200600027798,2006-05-03,2006,mai,mercredi,19:40,75,75016,0,0,2,1,2,1,1,4,1,01,1,1,000,030,1,0,1,4,1,46,5,0,0,00,2,1,1,200600027798A01,7,23,1
200600027813,2006-05-04,2006,mai,jeudi,18:10,75,75010,0,0,2,1,6,1,1,4,2,04,1,1,000,120,1,0,1,1,1,47,5,0,0,00,1,1,1,200600027813A01,,,
200600027829,2006-05-05,2006,mai,vendredi,17:30,75,75015,0,0,2,1,3,1,1,4,2,04,1,1,000,120,1,0,1,4,1,45,5,0,0,00,2,1,1,200600027829B01,14,9,1
200600027837,2006-05-05,2006,mai,vendredi,10:51,75,75017,0,0,2,2,3,1,1,4,2,02,1,1,000,060,1,0,1,4,2,27,5,0,0,00,2,3,1,200600027837B01,14,16,1
200600027868,2006-05-07,2006,mai,dimanche,17:10,75,75018,0,0,2,1,3,1,1,4,2,02,1,1,000,060,1,0,1,4,1,61,5,0,0,00,2,6,7,200600027868B01,7,17,1
200600027899,2006-05-09,2006,mai,mardi,17:15,75,75006,0,0,2,1,6,1,2,4,2,04,1,1,000,120,2,0,1,1,1,42,5,0,0,00,1,1,1,200600027899A01,,,
200600027926,2006-05-10,2006,mai,mercredi,21:30,75,75014,0,0,2,2,3,5,1,4,2,02,1,1,000,060,1,0,1,4,1,24,5,0,0,00,2,1,1,200600027926B01,7,15,1
200600027958,2006-05-05,2006,mai,vendredi,22:35,75,75017,0,0,2,2,3,5,1,4,2,02,1,1,000,060,1,0,1,4,1,28,5,1,2,00,2,2,15,200600027958A01,7,1,1
200600027965,2006-05-10,2006,mai,mercredi,12:05,75,75005,0,0,2,2,3,1,1,4,2,02,1,1,000,060,1,0,1,4,1,33,5,0,0,00,2,1,1,200600027965B01,7,1,1
200600027972,2006-05-11,2006,mai,jeudi,11:15,75,75020,0,0,2,1,2,1,1,4,2,02,1,1,000,060,1,0,1,4,1,41,5,0,0,00,2,1,2,200600027972A01,7,23,1
200600027993,2006-05-13,2006,mai,samedi,10:00,75,75006,0,0,2,2,3,1,1,4,2,02,1,1,000,060,1,0,1,4,1,57,5,0,0,00,2,6,15,200600027993A01,2,1,1
200600028014,2006-05-14,2006,mai,dimanche,20:0,75,75019,0,0,2,1,3,5,1,4,2,02,1,1,000,060,1,0,1,1,1,32,5,0,0,00,2,1,1,200600028014B01,7,22,1
200600028014,2006-05-14,2006,mai,dimanche,20:0,75,75019,0,0,2,1,3,5,1,4,2,02,1,1,000,060,1,0,1,4,2,29,0,0,0,00,2,1,1,200600028014B01,7,22,1
200600028028,2006-05-15,2006,mai,lundi,18:40,75,75017,0,0,2,1,2,1,1,4,2,02,1,1,000,060,1,0,1,4,2,47,5,0,0,00,2,4,2,200600028028B01,7,2,1
200600028039,2006-05-16,2006,mai,mardi,18:20,75,75010,0,0,2,1,6,1,1,4,2,03,1,1,000,090,1,0,5,1,1,26,5,0,0,00,1,1,1,200600028039A01,,,
200600028041,2006-05-16,2006,mai,mardi,12:20,75,75016,0,0,2,2,3,1,1,4,2,02,1,1,000,060,1,0,1,4,2,27,5,0,0,00,2,2,1,200600028041A01,7,1,1
200600028052,2006-05-17,2006,mai,mercredi,16:10,75,75014,0,0,2,2,2,1,1,4,2,04,1,1,000,120,1,0,1,4,1,15,5,0,0,00,2,1,7,200600028052A01,7,23,1
200600028061,2006-05-17,2006,mai,mercredi,16:30,75,75020,0,0,2,1,3,1,1,4,2,04,1,1,000,120,1,0,1,4,1,45,5,0,0,00,2,3,7,200600028061B01,7,16,1
200600028074,2006-05-18,2006,mai,jeudi,18:45,75,75017,0,0,2,1,2,1,1,4,1,02,1,1,000,060,1,0,1,4,1,18,5,0,0,00,2,4,1,200600028074B01,5,1,1
200600028085,2006-05-19,2006,mai,vendredi,23:35,75,75011,0,0,2,1,3,5,1,4,2,02,1,1,000,060,1,0,1,3,1,24,5,0,0,00,2,3,9,200600028085A01,5,1,1
200600028089,2006-05-19,2006,mai,vendredi,17:05,75,75013,0,0,2,2,3,1,1,4,1,01,1,1,000,030,1,0,1,4,1,38,5,0,0,00,2,1,1,200600028089B01,7,15,1
200600028124,2006-05-20,2006,mai,samedi,16:35,75,75010,0,0,2,1,7,1,2,4,2,02,1,1,000,060,2,0,4,4,1,22,5,0,0,00,0,0,21,200600028124A01,,,
200600028135,2006-05-20,2006,mai,samedi,15:,75,75017,0,0,2,1,7,5,1,4,1,02,1,3,000,060,1,0,1,4,1,26,5,0,0,00,0,0,1,200600028135A01,,,
200600028142,2006-05-22,2006,mai,lundi,17:42,75,75005,0,0,2,1,6,1,1,4,1,01,1,1,000,030,1,0,1,4,1,16,9,0,0,01,0,1,14,200600028142A01,,,
200600028179,2006-05-23,2006,mai,mardi,84:5,75,75001,0,0,2,2,3,1,1,4,2,03,1,1,000,090,1,0,1,4,1,54,5,0,0,00,2,6,1,200600028179B01,7,0,1
200600028186,2006-05-23,2006,mai,mardi,15:45,75,75010,0,0,2,2,2,1,1,4,1,04,1,1,000,120,1,0,1,4,1,34,5,0,0,00,2,4,2,200600028186B01,2,1,1
200600028190,2006-05-23,2006,mai,mardi,11:55,75,75013,0,0,2,1,3,1,1,4,2,04,1,1,000,120,1,0,1,4,1,45,5,0,0,00,2,2,1,200600028190B01,2,18,1