Num_Acc,date,an,mois,jour,hrmn,dep,com,lat,long,agg,int,col,lum,atm,catr,circ,nbv,prof,plan,lartpc,larrout,surf,infra,situ,grav,sexe,age,trajet,secuexist,equipement,obs,obsm,choc,manv,vehiculeid,typevehicules,manoeuvehicules,numVehicules
200600028204,2006-05-24,2006,mai,mercredi,90:0,75,75002,0,0,2,2,3,1,1,4,1,02,1,1,000,060,1,0,1,4,2,28,9,0,0,00,2,3,19,200600028204A01,5,1,1
200600028220,2006-05-24,2006,mai,mercredi,82:7,75,75017,0,0,2,1,3,1,1,4,2,08,1,1,000,240,1,0,1,4,2,43,5,0,0,00,2,2,19,200600028220A01,7,1,1
200600028227,2006-05-25,2006,mai,jeudi,17:16,75,75010,0,0,2,1,4,1,1,4,1,01,1,1,000,030,1,0,1,4,1,26,4,0,0,00,2,2,1,200600028227B01,7,22/1,2
200600028237,2006-05-26,2006,mai,vendredi,12:30,75,75011,0,0,2,2,3,1,1,4,2,02,1,1,000,060,1,0,1,4,1,25,4,0,0,00,2,2,16,200600028237B01,7,22,1
200600028266,2006-05-28,2006,mai,dimanche,11:55,75,75012,0,0,2,2,3,1,1,4,2,02,1,1,000,060,1,0,1,4,1,15,5,0,0,00,2,6,15,200600028266A01,7,1,1
200600028282,2006-05-28,2006,mai,dimanche,20:00,75,75017,0,0,2,3,6,1,1,4,1,02,1,1,000,060,1,0,1,1,1,52,5,0,0,00,1,1,1,200600028282A01,,,
200600028288,2006-05-28,2006,mai,dimanche,19:05,75,75019,0,0,2,1,3,2,1,4,2,03,1,1,000,090,1,0,1,4,1,41,5,0,0,00,2,1,1,200600028288B01,7,16,1
200600028290,2006-05-29,2006,mai,lundi,10:00,75,75018,0,0,2,3,3,1,1,4,2,02,1,1,000,060,1,0,1,4,2,31,4,0,0,00,2,2,1,200600028290B01,10,22,1
200600028300,2006-05-29,2006,mai,lundi,15:50,75,75010,0,0,2,1,3,1,1,4,1,02,1,1,000,060,1,0,1,4,2,24,4,0,0,00,2,2,1,200600028300B01,7,22,1
200600028337,2006-05-30,2006,mai,mardi,81:3,75,75011,0,0,2,2,3,1,8,4,1,02,1,1,000,060,1,0,1,4,1,13,5,0,0,00,2,2,5,200600028337A01,7,1,1
200600028339,2006-05-30,2006,mai,mardi,18:00,75,75013,0,0,2,2,3,1,1,4,2,03,1,1,000,090,1,0,1,1,2,16,5,0,0,00,2,2,1,200600028339A01,5,1,1
200600028350,2006-05-30,2006,mai,mardi,16:15,75,75020,0,0,2,1,3,1,1,4,2,04,1,1,000,120,1,0,1,4,1,28,5,0,0,00,2,3,1,200600028350B01,7,16,1
200600028361,2006-05-31,2006,mai,mercredi,19:00,75,75006,0,0,2,1,6,1,1,4,1,01,1,1,000,030,1,0,1,1,1,40,5,0,0,00,1,1,1,200600028361A01,,,
200600028428,2006-05-16,2006,mai,mardi,15:25,76,76484,0,0,2,1,3,1,1,4,2,02,1,1,000,060,1,0,1,4,1,66,1,1,9,00,0,0,15,200600028428B01,37,13,1
200600028436,2006-05-20,2006,mai,samedi,19:30,76,76322,0,0,2,1,7,1,1,4,3,02,1,1,000,060,1,0,1,3,1,10,5,1,9,12,0,7,1,200600028436A01,,,
200600028502,2006-05-24,2006,mai,mercredi,54:5,78,78092,0,0,2,1,1,2,1,2,3,04,1,2,010,060,1,0,1,2,1,34,9,1,9,00,2,1,14,200600028502B01,16,1,1
200600028507,2006-05-09,2006,mai,mardi,18:30,78,78172,0,0,2,1,3,1,2,2,1,01,1,1,000,062,2,0,1,4,1,12,5,1,2,00,2,1,5,200600028507B01,7,15,1
200600028510,2006-05-06,2006,mai,samedi,13:20,78,78005,0,0,2,1,3,1,1,4,2,00,1,1,000,059,1,0,1,4,2,54,0,1,9,00,2,1,1,200600028510A01,7,19,1
200600028514,2006-05-29,2006,mai,lundi,74:5,78,78644,0,0,2,3,3,1,2,4,3,03,1,1,000,000,2,0,1,4,2,32,1,1,4,00,2,1,1,200600028514A01,7,17,1
200600028530,2006-05-13,2006,mai,samedi,45:0,78,78238,0,0,2,1,3,3,1,3,1,02,1,1,000,000,1,0,1,4,1,65,9,1,9,00,2,6,2,200600028530B01,7,2,1
200600028545,2006-05-18,2006,mai,jeudi,17:35,78,78498,0,0,2,1,6,1,1,5,2,02,1,2,000,000,1,0,1,3,1,5,0,1,2,00,2,9,1,200600028545B01,7,0,1
200600028550,2006-05-04,2006,mai,jeudi,16:07,78,78517,0,0,2,1,6,1,1,4,-1,02,1,-1,000,000,1,0,1,4,1,47,1,1,9,00,2,1,1,200600028550B01,7,4,1
200600028552,2006-05-20,2006,mai,samedi,16:25,78,78517,0,0,2,3,3,1,1,4,2,02,1,1,000,000,1,0,1,4,2,17,5,1,9,00,2,3,15,200600028552B01,7,1,1
200600028555,2006-05-21,2006,mai,dimanche,12:00,78,78551,0,0,2,2,3,1,1,4,2,03,1,1,000,100,1,5,1,4,2,19,5,1,2,00,2,1,1,200600028555B01,7,15,1
200600028564,2006-05-26,2006,mai,vendredi,18:00,78,78586,0,0,2,1,6,1,1,6,-1,03,1,1,000,100,1,0,0,1,1,18,5,1,2,00,1,1,1,200600028564A01,,,
200600028564,2006-05-26,2006,mai,vendredi,18:00,78,78586,0,0,2,1,6,1,1,6,-1,03,1,1,000,100,1,0,0,4,2,4,5,0,0,00,1,1,1,200600028564A01,,,
200600028565,2006-05-28,2006,mai,dimanche,18:20,78,78586,0,0,2,9,3,1,1,9,2,01,1,1,000,050,1,0,1,4,1,10,5,1,9,00,2,1,1,200600028565A01,7,23,1
200600028578,2006-05-23,2006,mai,mardi,13:00,78,78640,0,0,2,6,3,1,8,1,3,04,1,1,000,000,1,3,1,4,1,68,5,1,2,00,2,8,12,200600028578A01,7,9,1
200600028588,2006-05-12,2006,mai,vendredi,16:50,78,78646,0,0,2,3,3,1,1,4,1,01,1,1,000,060,1,0,1,3,1,13,2,1,9,00,2,1,19,200600028588A01,18,16,1
200600028608,2006-05-04,2006,mai,jeudi,95:5,80,80256,0,0,2,1,3,1,1,4,2,02,4,1,000,053,1,0,1,4,1,36,5,1,9,00,1,1,17,200600028608B01,7,15,1
200600028612,2006-05-05,2006,mai,vendredi,17:30,80,80021,0,0,2,1,7,1,1,2,2,02,1,1,000,080,1,0,1,4,1,30,0,1,9,00,0,0,1,200600028612B01,38,1,1
200600028626,2006-05-29,2006,mai,lundi,15:15,80,80021,0,0,2,2,6,1,2,4,2,04,1,1,000,160,2,0,1,1,1,24,5,1,9,00,1,1,15,200600028626A01,,,
200600028648,2006-05-03,2006,mai,mercredi,91:0,82,82121,0,0,2,3,3,1,1,4,2,02,1,1,000,000,1,0,1,3,2,54,5,1,9,00,2,5,9,200600028648B01,33,1,1
200600028651,2006-05-05,2006,mai,vendredi,18:00,82,82121,0,0,2,1,6,1,1,2,2,02,1,1,000,000,1,0,1,1,1,59,1,1,2,00,2,1,19,200600028651A01,1,19,1
200600028651,2006-05-05,2006,mai,vendredi,18:00,82,82121,0,0,2,1,6,1,1,2,2,02,1,1,000,000,1,0,1,4,1,61,5,1,9,00,2,0,19,200600028651B01,1,19,1
200600028673,2006-05-30,2006,mai,mardi,19:20,83,83126,0,0,2,2,3,1,1,4,1,02,1,1,000,000,1,5,1,4,1,15,1,1,9,00,2,5,15,200600028673B01,7,1,1
200600028675,2006-05-02,2006,mai,mardi,13:45,83,83062,0,0,2,1,6,1,1,4,2,02,1,1,000,050,1,0,1,4,2,30,0,1,2,00,2,8,0,200600028675B01,7,1,1
200600028682,2006-05-12,2006,mai,vendredi,17:30,83,83144,0,0,2,3,3,1,1,9,1,01,1,1,000,025,1,0,4,4,1,12,5,1,2,00,2,8,1,200600028682B01,7,1,1
200600028690,2006-05-21,2006,mai,dimanche,83:0,83,83137,0,0,2,1,6,1,1,4,2,02,2,1,000,060,1,0,1,4,1,61,5,1,2,00,1,7,1,200600028690A01,,,
200600028709,2006-05-03,2006,mai,mercredi,75:0,84,84007,0,0,2,3,3,1,1,4,2,02,1,1,000,080,1,0,1,4,1,66,5,1,2,00,2,1,1,200600028709B01,7,15,1
200600028711,2006-05-08,2006,mai,lundi,13:41,84,84007,0,0,2,1,3,1,1,4,2,04,1,-1,000,030,1,0,4,4,2,30,0,1,2,00,2,1,1,200600028711B01,7,1,1
200600028746,2006-05-24,2006,mai,mercredi,18:11,84,84035,0,0,1,1,3,1,1,4,2,02,1,1,000,070,1,0,1,4,1,49,0,1,4,00,2,8,1,200600028746B01,15,17,1
200600028778,2006-05-19,2006,mai,vendredi,20:45,86,86194,0,0,2,1,3,2,1,4,2,02,1,1,000,080,1,0,1,3,1,39,9,1,2,00,2,8,13,200600028778A01,30,2,1
200600028784,2006-05-30,2006,mai,mardi,14:00,86,86194,0,0,2,1,2,1,1,3,2,02,2,1,000,063,1,0,1,4,1,18,9,1,2,00,2,1,2,200600028784A01,7,2,1
200600028792,2006-05-05,2006,mai,vendredi,80:5,87,87075,0,0,2,1,3,1,1,4,2,02,1,3,000,070,1,0,1,4,1,30,1,1,9,00,2,1,1,200600028792B01,7,16,1
200600028834,2006-05-04,2006,mai,jeudi,92:5,88,88413,0,0,2,2,3,1,1,4,2,02,1,1,000,091,1,0,0,3,1,80,5,1,9,00,2,8,1,200600028834B01,99,19,1
200600028847,2006-05-16,2006,mai,mardi,19:40,90,90010,0,0,2,2,3,1,8,4,2,03,2,1,000,090,2,0,1,4,1,34,5,1,9,00,2,1,1,200600028847A01,7,1,1
200600028854,2006-05-10,2006,mai,mercredi,14:05,91,91552,0,0,2,6,2,1,8,4,1,01,1,3,000,000,1,0,1,4,1,14,5,1,9,00,2,1,9,200600028854B01,7,16,1
200600028875,2006-05-30,2006,mai,mardi,19:35,91,91201,0,0,2,1,3,1,1,2,2,02,1,1,000,070,1,0,4,4,2,22,5,1,9,00,2,1,0,200600028875A01,7,1,1
200600028887,2006-05-29,2006,mai,lundi,18:55,91,91521,0,0,2,3,3,1,1,4,2,02,1,1,000,055,1,0,1,4,2,44,5,1,4,00,2,1,1,200600028887B01,7,17,1
200600028889,2006-05-16,2006,mai,mardi,10:00,91,91286,0,0,2,1,2,1,1,4,2,02,1,-1,000,000,1,0,1,3,2,38,0,1,9,00,0,4,2,200600028889B01,15,2,1
200600028900,2006-05-12,2006,mai,vendredi,16:40,91,91421,0,0,2,1,3,1,1,4,2,02,2,1,000,060,1,0,1,3,1,55,5,1,9,00,2,1,1,200600028900B01,7,16,1
200600028902,2006-05-15,2006,mai,lundi,20:00,91,91421,0,0,2,2,3,1,1,3,2,02,2,1,000,080,1,0,1,4,1,19,5,1,9,00,2,8,15,200600028902A01,33,17,1
200600028951,2006-05-17,2006,mai,mercredi,15:35,92,92071,0,0,2,2,3,1,1,3,3,02,2,1,012,085,1,0,1,4,1,13,9,1,9,00,0,7,19,200600028951B01,7,1,1
200600028963,2006-05-09,2006,mai,mardi,82:0,92,92024,0,0,2,1,2,1,1,4,1,03,1,-1,000,000,1,0,1,4,2,43,0,1,2,00,2,4,1,200600028963B01,13,2,1
200600028963,2006-05-09,2006,mai,mardi,82:0,92,92024,0,0,2,1,2,1,1,4,1,03,1,-1,000,000,1,0,1,4,2,7,0,1,2,00,2,4,1,200600028963B01,13,2,1
200600028964,2006-05-12,2006,mai,vendredi,16:10,92,92024,0,0,2,1,1,1,1,4,2,02,1,-1,000,000,1,0,1,4,1,34,0,1,2,00,2,1,1,200600028964B01,10,22,1
200600028974,2006-05-18,2006,mai,jeudi,80:0,92,92025,0,0,2,1,6,1,2,3,2,02,1,1,000,080,2,0,1,4,1,18,2,1,9,00,2,4,2,200600028974A01,32,17,1
200600028980,2006-05-29,2006,mai,lundi,17:15,92,92025,0,0,2,1,6,1,1,4,2,02,1,1,000,065,2,0,1,3,1,5,5,1,9,00,2,8,9,200600028980B01,7,1,1
200600028986,2006-05-09,2006,mai,mardi,18:15,92,92026,0,0,2,1,6,1,8,9,1,01,1,1,000,042,1,0,1,1,1,41,1,1,2,00,1,1,1,200600028986A01,,,
200600029004,2006-05-20,2006,mai,samedi,19:00,92,92036,0,0,2,1,6,1,1,4,1,01,1,1,000,040,1,0,1,4,1,9,5,1,2,00,2,1,5,200600029004B01,7,1,1
200600029036,2006-05-03,2006,mai,mercredi,16:10,92,92050,0,0,2,1,1,1,1,2,2,02,1,1,000,080,1,0,1,4,1,13,5,1,2,00,2,1,19,200600029036B01,37,1,1
200600029038,2006-05-19,2006,mai,vendredi,81:5,92,92050,0,0,2,1,3,1,1,4,1,03,1,1,000,100,1,0,4,4,1,31,1,1,2,00,2,1,1,200600029038B01,7,16,1
200600029055,2006-05-04,2006,mai,jeudi,16:10,92,92063,0,0,2,3,2,1,1,4,2,02,2,1,000,050,1,0,1,4,2,21,9,0,0,00,2,6,15,200600029055A01,2,17,1
200600029064,2006-05-06,2006,mai,samedi,83:0,92,92033,0,0,2,1,7,1,1,3,3,04,1,1,000,115,1,0,1,4,1,8,9,1,9,00,0,0,1,200600029064B01,33,1,1
200600029081,2006-05-04,2006,mai,jeudi,75:5,92,92073,0,0,2,1,6,1,1,3,3,06,2,1,000,000,1,5,1,4,1,42,1,1,9,01,0,1,7,200600029081B01,10,22,1
200600029107,2006-05-05,2006,mai,vendredi,17:00,93,93005,0,0,2,1,3,1,1,4,2,02,1,1,000,080,1,0,1,4,2,12,5,1,9,00,2,3,19,200600029107B01,7,1,1
200600029140,2006-05-18,2006,mai,jeudi,18:35,93,93010,0,0,2,1,3,1,1,2,-1,02,-1,1,000,000,-1,0,0,4,1,57,0,1,9,00,0,8,0,200600029140A01,15,0,1
200600029160,2006-05-21,2006,mai,dimanche,22:05,93,93031,0,0,2,1,3,3,2,9,2,02,1,1,000,060,2,0,1,4,1,42,9,1,2,00,2,7,9,200600029160A01,7,0,1
200600029167,2006-05-12,2006,mai,vendredi,71:0,93,93032,0,0,2,1,6,1,1,2,2,02,1,1,000,070,1,0,4,4,1,41,1,1,2,11,0,1,2,200600029167A01,7,0,1
200600029171,2006-05-18,2006,mai,jeudi,20:35,93,93032,0,0,2,1,3,2,1,4,3,00,1,1,000,000,1,0,1,4,1,6,5,1,9,00,2,1,19,200600029171B01,7,0,1
200600029180,2006-05-16,2006,mai,mardi,17:00,93,93006,0,0,2,1,3,1,1,4,2,02,2,1,000,000,1,0,1,4,1,40,2,1,9,00,0,2,17,200600029180B01,7,17,1
200600029187,2006-05-29,2006,mai,lundi,16:10,93,93006,0,0,2,1,1,1,8,4,2,01,1,1,000,000,-1,0,5,4,1,20,5,1,9,01,0,1,0,200600029187B01,13,24,1
200600029211,2006-05-30,2006,mai,mardi,75:0,93,93050,0,0,2,1,3,1,1,4,2,02,1,1,000,074,1,0,1,4,1,16,1,1,9,00,2,1,0,200600029211A01,7,2,1
200600029243,2006-05-12,2006,mai,vendredi,18:30,93,93077,0,0,2,3,3,1,1,4,2,01,1,1,000,000,1,0,1,4,1,17,0,1,9,00,2,1,15,200600029243B01,7,1,1
200600029278,2006-05-28,2006,mai,dimanche,11:15,93,93071,0,0,2,2,3,1,1,4,2,02,1,1,000,060,1,0,1,4,1,75,5,1,2,00,2,1,1,200600029278B01,7,1,1
200600029303,2006-05-24,2006,mai,mercredi,16:40,94,94002,0,0,2,1,2,1,1,4,1,01,1,1,000,000,1,0,1,4,1,18,5,1,2,01,0,1,1,200600029303B01,7,24,1
200600029329,2006-05-09,2006,mai,mardi,15:53,94,94059,0,0,2,2,7,1,2,4,1,02,1,1,000,060,2,0,0,4,1,11,0,0,0,00,2,1,0,200600029329A01,7,0,1
200600029349,2006-05-11,2006,mai,jeudi,93:0,94,94028,0,0,2,1,6,1,1,4,2,02,1,1,000,060,1,0,1,4,2,30,0,1,2,01,0,1,1,200600029349B01,7,24,1
200600029364,2006-05-30,2006,mai,mardi,82:5,94,94011,0,0,2,1,2,1,1,4,2,02,-1,-1,000,060,-1,0,0,4,1,12,0,0,0,00,2,1,2,200600029364B01,7,15,1
200600029380,2006-05-24,2006,mai,mercredi,93:0,94,94037,0,0,2,1,7,1,1,4,1,00,-1,1,000,000,-1,0,1,1,1,32,0,1,9,00,1,1,1,200600029380A01,,,
200600029382,2006-05-24,2006,mai,mercredi,19:20,94,94076,0,0,2,1,2,1,1,4,2,00,1,1,000,000,1,0,1,3,1,49,0,1,9,00,2,4,1,200600029382B01,7,1,1
200600029387,2006-05-31,2006,mai,mercredi,14:15,94,94003,0,0,2,1,3,1,1,4,2,00,1,1,000,000,1,0,1,4,1,14,0,0,0,00,2,0,0,200600029387B01,7,0,1
200600029393,2006-05-02,2006,mai,mardi,19:35,94,94065,0,0,2,1,5,1,1,9,1,04,1,3,000,000,1,0,1,4,1,18,5,1,9,00,9,0,1,200600029393A01,1,1,2
200600029393,2006-05-02,2006,mai,mardi,19:35,94,94065,0,0,2,1,5,1,1,9,1,04,1,3,000,000,1,0,1,3,1,45,5,1,9,00,9,0,1,200600029393B01,1,1,2
200600029393,2006-05-02,2006,mai,mardi,19:35,94,94065,0,0,2,1,5,1,1,9,1,04,1,3,000,000,1,0,1,4,1,17,5,1,9,00,9,0,1,200600029393C01,1,1,2
200600029447,2006-05-12,2006,mai,vendredi,13:25,94,94067,0,0,2,1,6,1,1,3,1,01,1,1,000,040,1,0,1,1,1,15,2,1,2,00,1,0,1,200600029447A01,,,
200600029447,2006-05-12,2006,mai,vendredi,13:25,94,94067,0,0,2,1,6,1,1,3,1,01,1,1,000,040,1,0,1,3,2,87,5,0,0,00,1,0,1,200600029447A01,,,
200600029449,2006-05-16,2006,mai,mardi,93:0,94,94080,0,0,2,2,3,1,1,4,2,02,1,1,000,073,1,0,1,4,2,53,5,1,2,00,2,1,1,200600029449A01,31,1,1
200600029455,2006-05-04,2006,mai,jeudi,18:00,94,94081,0,0,2,1,6,1,1,4,2,01,1,1,000,034,1,0,0,4,1,12,5,1,2,00,2,1,19,200600029455B01,7,1,1
200600029473,2006-05-07,2006,mai,dimanche,15:15,95,95018,0,0,2,1,6,1,1,4,2,02,2,1,000,050,1,0,1,4,1,11,5,1,2,01,0,1,1,200600029473A01,,,
200600029478,2006-05-13,2006,mai,samedi,19:15,95,95018,0,0,1,1,2,1,1,4,2,04,1,1,000,120,1,0,1,3,1,71,5,1,2,00,2,4,1,200600029478B01,7,14,1
200600029480,2006-05-16,2006,mai,mardi,74:5,95,95018,0,0,2,1,7,1,1,4,3,02,1,1,010,118,1,0,1,1,1,14,5,1,2,00,0,0,1,200600029480A01,,,
200600029480,2006-05-16,2006,mai,mardi,74:5,95,95018,0,0,2,1,7,1,1,4,3,02,1,1,010,118,1,0,1,4,1,14,0,1,2,00,0,0,1,200600029480A01,,,
200600029494,2006-05-31,2006,mai,mercredi,17:25,95,95176,0,0,2,1,6,1,1,4,2,02,1,1,000,055,1,0,1,4,1,8,5,1,2,01,0,1,1,200600029494A01,7,23,1
200600029519,2006-05-29,2006,mai,lundi,83:5,95,95252,0,0,2,1,6,1,2,4,2,02,1,2,000,040,2,0,1,4,1,17,5,1,2,00,2,7,2,200600029519B01,7,9,1
200600029524,2006-05-07,2006,mai,dimanche,17:40,95,95424,0,0,2,1,7,1,1,3,2,02,2,1,000,052,1,0,4,3,1,14,5,1,2,15,0,1,1,200600029524A01,,,
200600029790,2006-05-06,2006,mai,samedi,10:00,69,69384,0,0,2,1,3,1,1,4,2,02,3,1,000,107,1,0,1,4,1,39,0,1,2,00,2,1,1,200600029790B01,7,16,1
200600029792,2006-05-24,2006,mai,mercredi,16:50,69,69384,0,0,2,1,3,1,1,4,2,02,1,-1,000,000,1,0,1,4,2,47,0,1,9,00,0,5,0,200600029792B01,7,0,1
200600029830,2006-05-04,2006,mai,jeudi,17:50,69,69387,0,0,2,9,3,1,1,4,4,01,1,1,000,060,1,0,1,4,1,7,5,1,2,00,2,8,1,200600029830A01,7,4,1
200600029833,2006-05-09,2006,mai,mardi,15:00,69,69387,0,0,2,2,3,1,1,4,1,01,1,1,000,039,1,0,1,4,2,22,2,1,2,00,2,1,1,200600029833A01,7,1,1
200600029887,2006-05-28,2006,mai,dimanche,15:15,69,69389,0,0,2,1,6,1,1,4,1,01,1,1,097,068,1,0,1,4,1,41,5,0,0,01,2,2,17,200600029887B01,7,22,1
200600029950,2006-05-29,2006,mai,lundi,15:50,59,59350,0,0,2,1,6,1,1,4,2,02,1,1,000,072,1,0,1,1,1,28,9,1,9,00,1,1,0,200600029950A01,,,
200600029955,2006-03-21,2006,mars,mardi,13:15,76,76351,0,0,2,1,6,1,1,4,1,02,2,1,000,060,1,0,1,3,1,16,5,1,9,00,2,1,9,200600029955A01,7,1,1
200600029956,2006-03-21,2006,mars,mardi,17:50,76,76351,0,0,2,2,6,1,1,4,1,02,1,1,000,070,1,0,1,3,1,34,0,1,9,00,2,1,0,200600029956B01,7,4,1
200600029960,2006-05-05,2006,mai,vendredi,16:20,76,76351,0,0,2,1,3,1,1,4,2,02,1,1,000,079,1,0,1,3,1,22,5,1,2,00,2,8,17,200600029960B01,16,14,1
200600029971,2006-05-17,2006,mai,mercredi,14:00,92,92012,0,0,2,1,6,1,1,4,-1,00,1,-1,005,050,1,0,0,1,1,29,5,1,9,00,1,1,0,200600029971A01,,,
200600029992,2006-06-02,2006,juin,vendredi,91:5,59,59462,0,0,1,1,1,1,1,3,2,00,1,1,000,060,1,0,1,3,1,75,5,0,0,00,0,8,1,200600029992B02,7,17,1
200600030000,2006-06-13,2006,juin,mardi,17:15,59,59086,50.817,2.711,1,2,3,1,1,4,2,00,1,1,000,050,1,0,1,3,1,16,5,0,0,00,0,7,1,200600030000B02,7,1,1
200600030005,2006-06-17,2006,juin,samedi,11:45,59,59044,50.614,3.23,2,1,1,1,1,3,2,02,1,1,000,000,1,0,5,4,2,20,5,0,0,00,2,3,1,200600030005B02,7,9,1
200600030007,2006-06-03,2006,juin,samedi,12:30,59,59610,0,0,2,1,3,1,1,3,2,00,1,1,000,063,1,0,1,3,1,34,5,0,0,01,0,7,21,200600030007B02,7,22,1
200600030017,2006-06-04,2006,juin,dimanche,16:15,59,59551,0,0,2,1,2,1,1,4,2,02,1,1,000,045,1,0,1,4,1,13,5,0,0,00,2,4,1,200600030017B02,7,17,1
200600030056,2006-06-21,2006,juin,mercredi,11:45,80,80721,0,0,2,1,2,1,1,3,-1,02,1,1,000,000,1,0,1,3,1,68,5,0,0,00,2,6,2,200600030056B02,7,2,1
200600030057,2006-06-03,2006,juin,samedi,16:00,80,80253,50.16,2.34,2,3,5,1,1,2,2,02,4,1,000,104,1,0,1,3,1,16,5,0,0,00,2,1,16,200600030057C03,7,1/0,2
200600030071,2006-06-30,2006,juin,vendredi,20:15,80,80680,0,0,2,1,3,1,1,5,4,00,1,1,000,037,1,0,1,4,2,7,5,0,0,00,2,2,1,200600030071B02,2,1,1
200600030131,2006-06-03,2006,juin,samedi,17:00,60,60273,49.463,2.815,2,1,2,1,1,3,2,02,1,-1,000,000,1,0,1,3,1,43,5,0,0,00,2,1,2,200600030131A01,7,2,1
200600030150,2006-06-04,2006,juin,dimanche,15:45,76,76018,0,0,1,1,5,1,1,3,2,02,2,2,063,052,1,0,1,2,1,43,0,1,2,00,2,1,13,200600030150B02,7,1,1
200600030150,2006-06-04,2006,juin,dimanche,15:45,76,76018,0,0,1,1,5,1,1,3,2,02,2,2,063,052,1,0,1,3,1,43,0,1,2,00,2,1,13,200600030150C03,7,1,1
200600030150,2006-06-04,2006,juin,dimanche,15:45,76,76018,0,0,1,1,5,1,1,3,2,02,2,2,063,052,1,0,1,3,1,19,0,1,2,00,2,1,13,200600030150D04,7,1,1
200600030150,2006-06-04,2006,juin,dimanche,15:45,76,76018,0,0,1,1,5,1,1,3,2,02,2,2,063,052,1,0,1,3,1,30,0,1,2,00,2,1,13,200600030150E05,7,1,1
200600030164,2006-06-10,2006,juin,samedi,19:45,76,76101,49.92,1.63,2,1,1,1,1,4,2,01,-1,1,000,000,1,0,1,3,1,8,5,0,0,00,2,8,15,200600030164B02,7,1,1
200600030196,2006-06-09,2006,juin,vendredi,17:50,27,27676,0,0,2,1,1,1,1,9,2,01,2,-1,000,000,1,0,1,3,1,13,5,0,0,00,2,1,10,200600030196B02,7,1,1
200600030217,2006-06-28,2006,juin,mercredi,18:00,35,35137,0,0,1,1,1,1,1,4,2,02,1,-1,000,045,1,0,0,3,1,15,5,0,0,00,0,4,15,200600030217B02,7,17,1
200600030246,2006-06-16,2006,juin,vendredi,21:45,22,22315,0,0,1,1,7,2,1,4,2,02,2,1,000,029,1,0,1,3,1,14,5,1,2,00,0,1,1,200600030246A01,,,
200600030249,2006-06-04,2006,juin,dimanche,15:00,22,22282,48.637,-2.258,2,1,1,1,1,4,2,00,1,1,000,048,1,0,3,3,1,48,5,0,0,01,0,8,13,200600030249A01,7,0,1
200600030258,2006-06-15,2006,juin,jeudi,17:30,22,22195,48.838,-3.142,1,1,3,1,1,3,2,02,1,4,000,050,1,0,1,3,2,63,5,0,0,00,0,3,1,200600030258B02,7,17,1
200600030292,2006-06-24,2006,juin,samedi,14:30,56,56168,47.607,-3.105,1,1,1,1,1,3,2,00,1,1,000,070,1,0,1,4,1,66,5,0,0,00,2,8,1,200600030292B02,7,17,1
200600030296,2006-06-29,2006,juin,jeudi,13:55,56,56181,0,0,2,1,3,1,1,9,1,00,1,1,000,060,1,5,1,3,1,64,5,1,2,00,2,1,1,200600030296B02,7,19,1
200600030319,2006-06-10,2006,juin,samedi,23:15,14,14047,49.282,-0.703,2,1,3,5,1,9,1,00,1,1,000,045,1,5,1,4,1,25,1,0,0,00,0,8,1,200600030319A01,7,1,1
200600030327,2006-06-05,2006,juin,lundi,15:30,14,14648,49.114,0.149,1,1,2,1,1,3,2,02,1,1,000,058,1,0,1,2,1,53,9,0,0,00,2,4,1,200600030327B02,10,1,1
200600030339,2006-06-08,2006,juin,jeudi,84:5,50,50259,48.604,-1.348,2,2,3,1,7,3,2,03,1,1,000,090,1,5,1,2,1,76,5,0,0,00,2,1,1,200600030339A01,21,1,1
200600030344,2006-06-16,2006,juin,vendredi,17:15,50,50418,0,0,1,1,1,1,1,3,2,02,-1,1,000,060,1,0,1,3,1,44,5,0,0,00,2,1,1,200600030344A01,15,1,1
200600030358,2006-06-09,2006,juin,vendredi,10:15,50,50481,49.244,-1.619,1,1,1,1,1,3,2,02,1,3,000,077,1,0,1,3,1,70,5,1,2,00,0,8,2,200600030358B02,7,17,1
200600030360,2006-06-09,2006,juin,vendredi,15:30,50,50462,48.58,-0.84,1,9,1,1,1,3,2,02,1,1,000,062,1,0,1,3,2,38,5,0,0,00,2,4,19,200600030360A01,7,1,1
200600030381,2006-06-26,2006,juin,lundi,16:45,44,44204,0,0,2,1,2,1,1,4,2,02,-1,1,000,000,1,0,1,3,1,11,2,0,0,00,2,1,2,200600030381A01,7,2,1
200600030389,2006-06-23,2006,juin,vendredi,81:5,44,44003,0,0,2,6,3,1,1,3,2,02,1,-1,000,056,1,5,1,3,1,70,0,1,2,00,2,1,1,200600030389B02,7,1,1
200600030395,2006-06-22,2006,juin,jeudi,14:15,44,44007,47.643,-1.988,1,1,3,1,1,3,2,02,3,1,000,059,1,0,1,2,1,77,5,0,0,00,2,7,19,200600030395A01,7,2,1
200600030403,2006-06-29,2006,juin,jeudi,17:00,44,44154,47.268,-2.164,2,6,1,1,1,3,2,00,1,1,000,000,1,5,1,4,2,54,5,0,0,00,2,1,1,200600030403B02,7,16,1
200600030415,2006-06-03,2006,juin,samedi,15:30,44,44189,0,0,1,1,3,1,1,3,2,02,1,2,000,000,1,0,1,2,1,10,5,0,0,00,2,8,9,200600030415B02,7,1,1
200600030417,2006-06-03,2006,juin,samedi,16:30,44,44217,0,0,2,1,6,1,1,3,2,00,4,3,000,055,1,0,1,3,1,20,5,0,0,06,0,1,1,200600030417A01,,,
200600030440,2006-06-12,2006,juin,lundi,80:0,49,49180,47.378,-0.137,1,1,2,1,7,3,2,02,1,1,000,060,1,0,1,3,2,45,5,1,2,00,0,4,2,200600030440B02,7,2,1
200600030442,2006-06-19,2006,juin,lundi,91:5,49,49374,47.257,-0.029,2,1,1,1,1,4,2,02,1,1,000,060,1,0,1,1,1,18,5,1,2,00,0,1,1,200600030442B02,2,1,1
200600030464,2006-06-20,2006,juin,mardi,17:45,53,53202,0,0,2,1,3,1,1,3,2,00,2,3,000,064,1,0,1,3,1,14,2,0,0,00,0,8,19,200600030464B02,7,1,1
200600030469,2006-06-08,2006,juin,jeudi,18:45,72,72260,0,0,1,1,6,1,1,3,2,00,1,1,000,000,2,0,1,4,1,32,5,0,0,00,0,8,1,200600030469A01,,,