Num_Acc,date,an,mois,jour,hrmn,dep,com,lat,long,agg,int,col,lum,atm,catr,circ,nbv,prof,plan,lartpc,larrout,surf,infra,situ,grav,sexe,age,trajet,secuexist,equipement,obs,obsm,choc,manv,vehiculeid,typevehicules,manoeuvehicules,numVehicules
200600030484,2006-06-07,2006,juin,mercredi,17:15,72,72154,47.73,-0.136,1,1,1,1,1,4,2,02,3,4,000,040,1,0,1,3,1,26,5,0,0,00,2,1,13,200600030484A01,7,1,1
200600030508,2006-06-20,2006,juin,mardi,17:30,85,85295,0,0,2,1,3,1,1,3,-1,00,-1,-1,000,000,-1,0,0,3,1,13,5,1,2,00,2,1,1,200600030508B02,7,1,1
200600030515,2006-06-28,2006,juin,mercredi,18:30,85,85167,46.486,-0.776,2,1,6,1,1,3,2,00,2,2,000,059,-1,0,3,3,1,15,5,0,0,13,0,1,1,200600030515A01,,,
200600030525,2006-06-07,2006,juin,mercredi,13:30,85,85130,46.759,-1.685,2,1,1,1,1,3,2,02,2,1,000,068,1,0,1,3,1,10,5,0,0,00,2,1,1,200600030525B02,7,13,1
200600030532,2006-06-12,2006,juin,lundi,18:45,85,85218,0,0,1,1,3,1,1,3,2,02,-1,1,000,056,1,0,1,3,1,8,5,0,0,00,2,1,1,200600030532B02,10,13,1
200600030547,2006-06-17,2006,juin,samedi,20:15,33,33339,45.026,-0.474,1,1,3,1,1,3,2,02,1,2,000,071,1,0,1,3,2,50,5,0,0,00,2,8,15,200600030547B02,7,17,1
200600030558,2006-06-27,2006,juin,mardi,82:0,33,33238,0,0,2,2,3,1,1,3,2,01,1,1,000,000,1,0,1,3,1,60,5,1,2,00,2,1,16,200600030558B02,7,15,1
200600030574,2006-06-09,2006,juin,vendredi,18:25,33,33514,0,0,2,1,1,1,1,3,2,02,1,1,000,000,1,0,1,3,1,16,5,0,0,00,2,6,15,200600030574B02,38,17,1
200600030580,2006-06-22,2006,juin,jeudi,17:15,33,33362,45.038,-0.184,1,1,1,1,1,3,2,02,-1,1,000,200,1,5,1,3,1,17,5,0,0,00,0,7,15,200600030580A01,33,1,1
200600030618,2006-06-17,2006,juin,samedi,11:15,24,24355,44.813,1.206,1,1,1,1,1,3,2,02,1,1,000,070,1,5,1,1,1,73,5,0,0,00,2,4,23,200600030618B02,7,1,1
200600030618,2006-06-17,2006,juin,samedi,11:15,24,24355,44.813,1.206,1,1,1,1,1,3,2,02,1,1,000,070,1,5,1,3,1,66,0,0,0,00,2,4,23,200600030618B02,7,1,1
200600030641,2006-06-17,2006,juin,samedi,15:00,40,40312,0,0,2,1,2,1,1,3,2,02,1,1,000,000,1,0,1,3,1,14,5,1,2,00,2,8,2,200600030641B02,10,1,1
200600030650,2006-06-10,2006,juin,samedi,14:00,47,47031,0,0,2,9,6,1,1,6,-1,00,-1,-1,000,000,1,0,5,3,1,58,5,1,2,00,0,0,0,200600030650A01,,,
200600030675,2006-06-13,2006,juin,mardi,11:15,64,64453,0,0,2,1,1,1,7,3,2,02,2,1,060,000,1,0,1,3,1,33,5,1,2,00,2,1,1,200600030675B02,7,15,1
200600030677,2006-06-01,2006,juin,jeudi,12:45,64,64540,43.505,-1.324,1,1,2,1,1,3,2,02,1,1,000,067,1,0,1,3,2,46,5,0,0,00,2,4,1,200600030677B02,10,1,1
200600030742,2006-06-11,2006,juin,dimanche,11:40,79,79249,0,0,2,2,1,1,1,3,2,02,-1,2,000,070,1,0,1,3,1,29,5,1,2,00,2,1,13,200600030742B02,7,15,1
200600030811,2006-06-08,2006,juin,jeudi,18:30,12,12297,44.332,2.787,1,1,2,1,1,3,2,00,2,1,000,065,1,0,1,3,1,56,5,1,2,00,2,4,2,200600030811B02,7,2,1
200600030840,2006-06-05,2006,juin,lundi,21:15,32,32027,43.7,-0.208,1,1,3,2,1,3,2,00,1,1,000,063,1,0,1,3,1,20,5,0,0,00,2,8,1,200600030840B02,7,17,1
200600030855,2006-06-04,2006,juin,dimanche,11:40,65,65123,0,0,1,1,1,1,1,3,2,02,2,2,070,000,1,0,1,3,1,67,5,1,2,00,2,1,13,200600030855A01,10,1,1
200600030868,2006-06-07,2006,juin,mercredi,17:45,69,69089,0,0,2,1,1,1,1,3,2,02,2,1,000,080,1,0,1,3,1,33,5,1,2,00,0,0,1,200600030868B02,7,15,1
200600030877,2006-06-23,2006,juin,vendredi,19:05,82,82136,0,0,1,2,1,1,1,4,2,02,1,1,000,055,1,0,1,3,1,17,5,0,0,00,2,8,1,200600030877B02,7,1,1
200600030906,2006-06-04,2006,juin,dimanche,10:45,69,69269,0,0,1,1,2,1,1,4,2,02,2,1,000,000,1,0,1,3,1,54,5,1,2,00,2,1,2,200600030906B02,33,23,1
200600030938,2006-06-17,2006,juin,samedi,84:5,01,01345,0,0,2,1,3,1,1,3,2,00,-1,3,000,065,1,0,1,3,1,56,5,1,2,00,2,1,1,200600030938B02,7,19,1
200600030944,2006-06-20,2006,juin,mardi,18:25,01,01104,0,0,2,1,1,1,1,3,3,02,-1,3,000,045,1,0,0,3,2,12,5,0,0,00,2,4,0,200600030944B02,7,1,1
200600030964,2006-06-09,2006,juin,vendredi,18:15,07,07349,44.817,4.793,2,1,1,1,1,9,-1,00,1,1,000,050,1,0,1,3,1,14,5,0,0,00,2,1,1,200600030964B02,7,1,1
200600030972,2006-06-21,2006,juin,mercredi,18:00,07,07205,45.193,4.639,2,1,3,1,1,3,-1,02,1,-1,000,000,-1,0,0,3,1,20,1,0,0,00,2,8,15,200600030972B02,7,1,1
200600030983,2006-06-07,2006,juin,mercredi,14:15,26,26093,0,0,1,1,5,1,1,3,2,02,1,4,000,030,1,0,1,3,2,43,5,1,2,00,2,1,1,200600030983B02,31,13,1
200600030983,2006-06-07,2006,juin,mercredi,14:15,26,26093,0,0,1,1,5,1,1,3,2,02,1,4,000,030,1,0,1,3,1,35,5,1,2,00,2,1,1,200600030983C03,31,13,1
200600030983,2006-06-07,2006,juin,mercredi,14:15,26,26093,0,0,1,1,5,1,1,3,2,02,1,4,000,030,1,0,1,3,1,46,5,1,2,00,0,0,1,200600030983D04,31,13,1
200600030993,2006-06-03,2006,juin,samedi,10:20,38,38150,0,0,2,1,7,1,1,3,2,02,2,1,000,066,1,0,1,3,1,44,5,1,2,00,0,7,1,200600030993A01,,,
200600030995,2006-06-13,2006,juin,mardi,17:45,38,38422,0,0,1,1,2,1,1,3,2,00,2,1,000,049,1,0,1,3,1,46,5,1,2,00,2,4,1,200600030995B02,7,17,1
200600031006,2006-06-21,2006,juin,mercredi,18:15,38,38095,45.144,5.275,1,1,1,1,1,3,2,00,1,1,000,059,1,5,1,3,1,55,5,0,0,00,2,1,1,200600031006B02,7,19,1
200600031020,2006-06-08,2006,juin,jeudi,91:5,38,38130,45.396,5.263,2,1,1,1,1,3,2,02,1,1,020,040,1,0,0,3,1,82,5,0,0,14,2,8,1,200600031020B02,7,1,1
200600031047,2006-06-22,2006,juin,jeudi,15:30,42,42264,0,0,1,1,1,1,1,3,2,02,2,3,000,050,1,0,1,3,1,13,5,1,2,00,2,0,13,200600031047B02,7,1,1
200600031062,2006-06-17,2006,juin,samedi,21:15,73,73105,0,0,2,1,1,1,1,4,2,01,1,1,000,075,1,0,1,3,2,9,5,0,0,00,2,1,14,200600031062B02,14,1,1
200600031063,2006-06-25,2006,juin,dimanche,10:30,73,73229,0,0,1,1,1,1,1,3,2,02,1,1,000,079,1,0,1,3,1,2006,5,0,0,00,2,2,1,200600031063B02,7,13,1
200600031136,2006-06-24,2006,juin,samedi,15:00,03,03055,0,0,1,1,5,1,1,3,2,02,1,3,000,037,1,0,1,3,1,36,5,1,2,00,2,1,1,200600031136B02,7,13,1
200600031136,2006-06-24,2006,juin,samedi,15:00,03,03055,0,0,1,1,5,1,1,3,2,02,1,3,000,037,1,0,1,4,1,71,0,1,2,00,2,8,1,200600031136C03,7,13,1
200600031141,2006-06-24,2006,juin,samedi,11:00,03,03306,0,0,1,3,1,1,1,3,2,02,-1,3,000,060,1,0,1,3,1,11,5,0,0,00,2,1,15,200600031141B02,7,1,1
200600031180,2006-06-26,2006,juin,lundi,17:00,43,43058,0,0,1,1,5,1,1,3,2,00,-1,1,000,000,1,0,1,3,1,55,5,1,2,00,0,7,2,200600031180C03,33/ 14,17/1,2
200600031197,2006-06-11,2006,juin,dimanche,21:30,57,57346,48.961,6.876,2,1,1,2,1,3,2,02,-1,-1,000,062,1,0,1,3,1,8,5,0,0,00,0,8,0,200600031197B02,7,0,1
200600031204,2006-06-11,2006,juin,dimanche,15:45,57,57544,48.695,7.157,1,1,5,1,1,3,2,02,2,2,000,070,1,0,1,3,1,22,5,1,2,00,0,1,11,200600031204C03,10/ 33,0,2
200600031205,2006-06-25,2006,juin,dimanche,12:00,57,57003,48.616,7.157,1,1,6,1,1,9,2,01,2,2,000,023,1,0,1,3,1,49,5,1,2,01,0,1,1,200600031205A01,,,
200600031207,2006-06-10,2006,juin,samedi,10:45,57,57540,0,0,2,9,3,1,1,2,-1,00,1,3,075,000,1,0,1,3,1,70,5,1,2,00,0,1,0,200600031207A01,7,15,1
200600031245,2006-06-27,2006,juin,mardi,16:30,88,88513,48.363,6.306,1,2,5,1,1,3,2,00,-1,-1,000,000,-1,5,0,3,1,59,5,1,2,00,2,1,1,200600031245A01,10,15,1
200600031245,2006-06-27,2006,juin,mardi,16:30,88,88513,48.363,6.306,1,2,5,1,1,3,2,00,-1,-1,000,000,-1,5,0,3,1,64,5,1,2,00,2,1,1,200600031245B02,10,15,1
200600031249,2006-06-20,2006,juin,mardi,17:05,88,88206,0,0,2,1,3,1,1,4,2,02,1,1,000,078,1,5,1,3,1,12,5,0,0,00,2,7,19,200600031249A01,7,1,1
200600031254,2006-06-20,2006,juin,mardi,10:30,88,88369,47.894,6.749,1,1,3,1,1,2,2,00,1,1,000,081,1,0,1,2,1,70,3,0,0,00,2,8,11,200600031254B02,7,17,1
200600031258,2006-06-24,2006,juin,samedi,13:15,88,88196,0,0,1,1,1,1,1,3,2,02,-1,1,060,000,1,0,1,3,1,23,5,0,0,00,2,1,1,200600031258B02,7,15,1
200600031308,2006-06-24,2006,juin,samedi,19:45,68,68185,48.274,7.283,2,1,3,1,1,4,2,02,1,1,000,040,1,0,1,3,1,7,5,0,0,00,2,8,15,200600031308B02,7,1,1
200600031347,2006-06-09,2006,juin,vendredi,10:45,51,51649,48.744,4.594,1,1,1,1,1,2,2,02,1,1,000,088,1,0,1,3,1,64,9,1,2,00,0,1,1,200600031347A01,7,1,1
200600031366,2006-06-09,2006,juin,vendredi,18:45,08,08402,49.581,4.495,2,1,3,1,1,9,2,02,1,1,000,067,1,0,1,3,1,10,5,0,0,00,2,8,19,200600031366B02,7,1,1
200600031375,2006-06-15,2006,juin,jeudi,15:45,52,52037,0,0,2,3,3,1,1,3,2,02,1,1,000,057,1,0,1,3,1,13,5,0,0,00,2,8,15,200600031375B02,10,21,1
200600031393,2006-06-01,2006,juin,jeudi,71:5,21,21656,47.227,5.187,1,2,3,1,1,3,2,02,1,1,000,067,1,5,1,3,1,17,9,1,2,00,2,1,1,200600031393B02,7,1,1
200600031404,2006-06-21,2006,juin,mercredi,18:30,21,21590,47.068,4.818,2,1,3,1,1,4,2,02,-1,-1,000,062,1,0,1,3,1,63,5,0,0,00,0,1,1,200600031404B02,7,15,1
200600031405,2006-06-19,2006,juin,lundi,14:00,21,21567,0,0,2,1,1,1,1,3,3,00,1,1,000,000,1,0,1,3,1,2006,1,0,0,00,2,0,13,200600031405B02,7,17,1
200600031482,2006-06-07,2006,juin,mercredi,18:15,25,25429,47.292,6.13,2,1,1,1,1,6,1,00,-1,1,000,000,1,0,0,3,2,7,5,0,0,00,2,8,23,200600031482B02,7,4,1
200600031490,2006-06-17,2006,juin,samedi,10:30,39,39543,0,0,1,1,3,1,1,2,2,02,2,1,000,113,1,0,1,3,1,16,1,1,2,00,2,4,13,200600031490B02,7,1,1
200600031505,2006-06-29,2006,juin,jeudi,13:45,90,90087,47.671,6.913,2,1,3,1,3,4,3,00,1,1,000,000,2,0,1,3,2,9,9,1,2,00,2,8,19,200600031505B02,7,1,1
200600031554,2006-06-17,2006,juin,samedi,93:0,04,04901,0,0,1,1,3,1,1,2,2,02,4,1,000,120,1,5,1,3,1,81,5,0,0,00,2,7,15,200600031554B02,7,1,1
200600031597,2006-06-25,2006,juin,dimanche,14:30,06,06022,43.826,7.123,1,1,3,1,1,3,2,00,-1,4,000,000,1,0,1,4,1,33,9,1,2,00,2,8,13,200600031597B02,3,1,1
200600031617,2006-06-16,2006,juin,vendredi,17:00,83,83033,0,0,2,1,1,1,1,3,-1,00,-1,1,000,045,1,0,1,3,1,29,5,1,2,00,0,0,0,200600031617A01,7,1,1
200600031623,2006-06-13,2006,juin,mardi,11:45,83,83107,43.466,6.624,1,1,1,1,1,4,-1,00,-1,-1,000,000,1,0,1,3,1,61,5,0,0,00,2,1,1,200600031623B02,10,15,1
200600031626,2006-06-20,2006,juin,mardi,10:15,83,83048,0,0,1,1,1,1,1,3,2,00,1,3,000,000,1,0,1,3,2,60,5,1,2,00,2,7,13,200600031626B02,7,1,1
200600031670,2006-06-15,2006,juin,jeudi,12:15,84,84017,0,0,2,1,1,1,1,4,2,01,1,1,000,080,1,0,1,3,1,12,2,1,2,00,2,1,13,200600031670A01,7,1,1
200600031674,2006-06-10,2006,juin,samedi,10:00,84,84019,44.299,4.751,2,1,1,1,1,4,2,00,1,1,000,055,1,0,1,3,1,18,5,1,4,00,0,1,1,200600031674B02,7,5,1
200600031686,2006-06-23,2006,juin,vendredi,17:15,34,34145,0,0,2,1,1,1,1,4,2,00,1,-1,000,000,1,0,0,3,1,13,5,0,0,00,2,1,17,200600031686B02,7,1,1
200600031711,2006-06-26,2006,juin,lundi,16:30,34,34267,43.71,3.556,1,1,7,1,1,3,-1,02,-1,-1,000,000,-1,0,0,3,1,32,5,0,0,04,0,1,14,200600031711A01,,,
200600031760,2006-06-30,2006,juin,vendredi,17:15,30,30012,0,0,2,1,3,1,1,4,2,02,1,1,000,065,1,5,1,3,1,13,5,0,0,00,2,3,19,200600031760B02,10,13,1
200600031821,2006-06-16,2006,juin,vendredi,19:13,78,78062,48.852,1.898,1,1,3,1,1,3,2,02,2,1,000,060,1,0,1,3,1,11,5,0,0,00,2,3,13,200600031821B02,7,1,1
200600031825,2006-06-01,2006,juin,jeudi,91:0,78,78601,0,0,1,1,2,1,1,3,2,02,-1,2,000,062,1,0,1,3,1,53,5,1,2,00,2,4,2,200600031825B02,7,2,1
200600031828,2006-06-06,2006,juin,mardi,10:30,91,91405,0,0,2,1,3,1,1,4,2,02,1,1,000,070,1,5,1,4,1,12,2,0,0,00,2,8,1,200600031828A01,7,15,1
200600031835,2006-06-08,2006,juin,jeudi,61:0,91,91494,0,0,1,1,3,2,7,3,3,00,1,1,016,140,1,0,1,3,1,69,5,0,0,00,2,8,1,200600031835A01,15,17,1
200600031842,2006-06-16,2006,juin,vendredi,19:00,95,95042,0,0,1,1,6,1,1,4,2,01,4,1,000,000,1,0,0,3,1,30,5,1,2,00,0,7,18,200600031842A01,,,
200600031869,2006-06-29,2006,juin,jeudi,16:45,45,45272,0,0,1,1,3,1,1,3,2,01,1,1,000,049,1,0,1,2,1,65,5,0,0,00,0,8,0,200600031869B02,7,14,1
200600031878,2006-06-19,2006,juin,lundi,13:45,45,45053,47.637,2.74,2,1,1,1,1,4,2,00,1,1,000,000,1,0,1,3,1,19,9,0,0,00,2,2,5,200600031878B02,7,5,1
200600031890,2006-06-09,2006,juin,vendredi,10:00,18,18118,47.056,3,1,1,2,1,1,3,2,02,1,1,000,064,1,0,1,2,1,77,5,0,0,00,2,4,1,200600031890B02,7,17,1
200600031893,2006-06-02,2006,juin,vendredi,16:45,18,18197,46.74,2.489,1,1,7,1,1,2,4,00,-1,1,000,105,1,0,0,3,1,26,4,0,0,13,0,1,1,200600031893A01,,,
200600031916,2006-06-09,2006,juin,vendredi,19:00,28,28347,0,0,1,1,1,1,1,3,2,02,-1,1,000,032,1,0,1,3,1,7,5,0,0,00,2,1,19,200600031916B02,7,1,1
200600031919,2006-06-05,2006,juin,lundi,15:30,28,28280,48.32,0.82,2,1,1,1,1,3,2,02,2,1,000,000,1,0,1,3,2,10,5,0,0,00,0,0,5,200600031919B02,7,1,1
200600031959,2006-06-24,2006,juin,samedi,93:0,37,37281,0,0,1,1,3,1,1,3,2,02,1,1,000,059,1,2,1,2,1,44,5,0,0,00,2,3,1,200600031959B02,7,13,1
200600031960,2006-06-29,2006,juin,jeudi,11:45,37,37281,0,0,2,1,6,1,1,9,2,02,1,3,000,000,1,0,1,4,1,76,5,1,2,00,0,4,16,200600031960A01,,,
200600031960,2006-06-29,2006,juin,jeudi,11:45,37,37281,0,0,2,1,6,1,1,9,2,02,1,3,000,000,1,0,1,3,2,75,0,1,2,00,0,4,16,200600031960A01,,,
200600031985,2006-06-25,2006,juin,dimanche,15:30,41,41101,0,0,2,1,3,1,1,9,2,00,-1,-1,000,000,-1,0,0,3,1,11,5,0,0,00,0,8,19,200600031985A01,7,1,1
200600031987,2006-06-09,2006,juin,vendredi,17:45,41,41220,0,0,1,3,3,1,1,3,2,00,-1,1,000,000,1,0,5,3,2,59,5,1,2,00,2,8,1,200600031987B02,7,23,1
200600032008,2006-06-03,2006,juin,samedi,14:30,67,67283,0,0,1,1,3,1,1,2,2,02,1,3,000,000,1,5,1,4,1,85,5,0,0,00,0,2,6,200600032008B02,33,1,1
200600032027,2006-06-20,2006,juin,mardi,63:0,51,51329,0,0,1,1,3,1,1,2,2,02,3,1,000,075,1,0,1,3,1,49,5,0,0,00,2,8,1,200600032027B02,14,17,1
200600032028,2006-06-28,2006,juin,mercredi,12:00,51,51662,0,0,2,1,3,1,1,4,2,02,-1,-1,000,068,-1,0,0,3,2,21,1,0,0,00,2,8,1,200600032028B02,7,1,1
200600032169,2006-06-30,2006,juin,vendredi,17:45,22,22187,0,0,1,1,2,1,1,3,2,00,2,1,000,070,1,0,1,3,2,77,0,0,0,00,0,6,1,200600032169B02,7,2,1
200600032180,2006-06-19,2006,juin,lundi,16:00,51,51115,0,0,2,1,1,1,1,3,2,00,1,-1,000,000,1,5,5,3,1,64,5,1,2,00,2,1,0,200600032180B02,14,16,1
200600032191,2006-06-12,2006,juin,lundi,10:30,95,95430,49.069,2.303,2,1,1,1,1,3,-1,02,-1,1,000,060,1,0,1,2,1,74,5,1,2,00,2,3,1,200600032191B02,7,6,1
200600032267,2006-06-22,2006,juin,jeudi,14:30,30,30117,0,0,2,1,1,1,1,4,2,00,1,1,050,000,1,0,1,4,1,14,0,1,2,00,0,8,0,200600032267B02,31,1,1
200600032276,2006-06-24,2006,juin,samedi,19:00,60,60409,0,0,2,1,1,1,1,3,-1,00,1,2,000,000,1,0,1,4,1,26,9,0,0,00,2,1,1,200600032276B02,7,1,1
200600032304,2006-06-11,2006,juin,dimanche,17:50,01,01053,0,0,2,6,3,1,1,4,1,02,1,1,000,040,1,0,1,4,2,18,5,1,9,00,2,7,1,200600032304B01,3,9,1
200600032315,2006-06-12,2006,juin,lundi,19:30,02,02691,0,0,2,1,6,1,1,2,2,00,2,1,000,000,1,0,1,4,1,8,5,1,9,00,2,3,19,200600032315B01,7,1,1
200600032322,2006-06-22,2006,juin,jeudi,17:55,02,02805,0,0,1,1,1,1,1,9,1,01,1,1,000,020,1,0,5,1,1,50,4,1,9,00,9,1,1,200600032322A01,30,1,1
200600032335,2006-06-13,2006,juin,mardi,12:10,03,03310,0,0,2,1,2,1,1,4,2,02,1,1,000,090,1,0,1,4,1,19,5,1,9,00,2,1,2,200600032335A01,7,23,1
200600032342,2006-06-22,2006,juin,jeudi,17:30,03,03095,0,0,2,1,1,1,1,4,2,02,2,3,000,054,1,0,1,3,1,10,5,1,4,00,2,1,1,200600032342B01,7,1,1
200600032346,2006-06-29,2006,juin,jeudi,17:45,03,03095,0,0,2,1,3,1,1,4,2,02,1,1,000,080,1,0,1,3,1,6,5,1,2,00,2,2,15,200600032346A01,7,1,1
200600032376,2006-06-26,2006,juin,lundi,90:0,06,06004,0,0,2,6,3,1,1,4,2,02,1,3,000,000,1,5,1,4,1,66,5,0,0,00,2,1,1,200600032376B01,7,9,1
200600032390,2006-06-09,2006,juin,vendredi,15:20,06,06027,0,0,2,1,2,1,1,4,2,03,1,1,000,000,1,0,1,4,1,18,5,1,9,00,2,1,1,200600032390A01,7,1,1
200600032399,2006-06-26,2006,juin,lundi,17:20,06,06123,0,0,2,1,3,1,1,4,-1,01,1,1,000,000,1,0,0,4,1,13,5,1,9,14,0,1,5,200600032399A01,7,23,1
200600032412,2006-06-04,2006,juin,dimanche,93:0,06,06029,0,0,2,1,3,1,1,4,2,02,1,1,000,080,1,0,1,3,1,58,0,1,2,00,0,0,1,200600032412B01,7,2,1
200600032449,2006-06-28,2006,juin,mercredi,91:8,06,06029,0,0,2,2,3,1,1,4,1,01,1,1,000,060,-1,0,1,4,2,24,0,1,9,00,2,1,1,200600032449B01,7,0,1
200600032485,2006-06-24,2006,juin,samedi,12:50,06,06083,0,0,2,1,3,1,1,4,3,02,1,1,015,180,1,0,1,4,1,13,5,1,9,00,2,1,1,200600032485B01,34,1,1
200600032487,2006-06-01,2006,juin,jeudi,12:40,06,06088,0,0,2,2,3,1,1,4,1,02,1,1,004,062,1,0,1,4,1,54,0,1,2,00,2,1,1,200600032487B01,7,16,1
200600032503,2006-06-04,2006,juin,dimanche,14:0,06,06088,0,0,2,2,3,3,1,4,1,01,1,1,000,038,1,0,1,4,1,49,5,1,9,00,2,0,1,200600032503A01,7,1,1
200600032509,2006-06-06,2006,juin,mardi,85:0,06,06088,0,0,2,1,3,1,1,4,1,01,1,1,000,065,1,0,1,4,1,26,0,1,4,00,2,1,2,200600032509B01,7,22,1
200600032545,2006-06-12,2006,juin,lundi,17:10,06,06088,0,0,2,1,6,1,1,3,2,02,2,3,000,100,1,0,1,1,2,17,5,1,2,00,1,1,1,200600032545A01,,,
200600032563,2006-06-15,2006,juin,jeudi,18:00,06,06088,0,0,2,1,3,1,1,4,1,02,1,1,000,100,1,0,1,4,2,25,5,1,4,00,0,0,2,200600032563B01,7,16,1
200600032611,2006-06-23,2006,juin,vendredi,15:15,06,06088,0,0,2,1,2,1,1,4,1,03,1,1,000,056,1,0,1,4,1,59,5,1,9,00,2,0,1,200600032611B01,2,1,1
200600032682,2006-06-06,2006,juin,mardi,84:0,12,12145,0,0,2,3,3,1,1,4,2,01,1,1,005,069,1,0,1,3,1,68,5,1,9,00,2,1,1,200600032682B01,7,15,1
200600032697,2006-06-20,2006,juin,mardi,95:5,13,13001,0,0,2,3,3,1,1,4,2,03,2,1,000,090,1,5,1,3,1,16,9,1,9,00,2,8,9,200600032697A01,7,1,1
200600032702,2006-06-17,2006,juin,samedi,19:50,13,13004,0,0,2,2,3,1,1,2,2,00,1,1,000,000,1,0,1,3,1,29,1,1,9,00,2,1,1,200600032702B01,7,16,1
200600032716,2006-06-21,2006,juin,mercredi,90:0,13,13047,0,0,2,6,2,1,1,4,1,00,1,3,000,130,1,0,1,3,2,52,1,1,2,00,2,6,16,200600032716B01,7,17,1
200600032726,2006-06-29,2006,juin,jeudi,17:00,13,13102,0,0,2,1,2,1,1,4,2,02,2,1,000,070,1,0,1,3,1,12,5,1,2,00,2,0,2,200600032726A01,7,2,1
200600032800,2006-06-18,2006,juin,dimanche,30:,13,13055,0,0,2,1,3,5,1,2,1,01,1,1,000,105,1,0,1,3,1,17,5,1,9,00,0,0,0,200600032800B01,7,0,1
200600032870,2006-06-14,2006,juin,mercredi,12:55,13,13055,0,0,2,1,3,1,1,4,1,02,1,1,000,063,1,0,1,4,1,55,1,0,0,00,0,8,0,200600032870B01,7,0,1
200600033013,2006-06-16,2006,juin,vendredi,15:25,13,13078,0,0,2,3,2,1,1,4,2,02,1,1,000,110,1,0,1,3,1,86,5,1,9,00,2,4,2,200600033013B01,99,2,1
200600033056,2006-06-02,2006,juin,vendredi,10:00,17,17449,0,0,2,2,3,1,1,4,2,02,2,1,000,060,1,5,1,3,2,57,9,1,9,00,2,2,1,200600033056B01,7,15,1
200600033062,2006-06-01,2006,juin,jeudi,12:30,17,17300,0,0,2,1,3,1,1,4,1,00,1,1,000,000,1,0,1,4,2,13,2,1,2,00,2,1,19,200600033062A01,7,1,1
200600033068,2006-06-09,2006,juin,vendredi,10:15,17,17300,0,0,2,1,3,1,1,4,1,02,1,1,000,062,1,0,1,4,1,52,5,1,9,00,2,8,1,200600033068B01,7,16,1
200600033078,2006-06-15,2006,juin,jeudi,74:5,17,17274,0,0,2,2,3,1,1,4,2,02,1,1,000,098,1,0,1,3,1,19,5,1,9,00,2,8,1,200600033078A01,33,1,1
200600033079,2006-06-15,2006,juin,jeudi,14:52,17,17300,0,0,2,1,3,1,1,4,2,02,1,1,000,070,1,0,5,4,2,16,0,1,9,00,2,1,1,200600033079B01,7,15,1
200600033082,2006-06-19,2006,juin,lundi,14:05,17,17300,0,0,2,2,3,1,1,4,1,01,1,1,000,035,1,0,1,4,2,39,5,1,9,00,2,1,1,200600033082B01,7,16,1
200600033086,2006-06-22,2006,juin,jeudi,15:15,17,17300,0,0,2,1,2,1,1,4,2,02,1,1,000,060,2,0,1,4,2,39,9,1,9,00,2,1,15,200600033086A01,7,16,1
200600033087,2006-06-23,2006,juin,vendredi,11:55,17,17274,0,0,1,3,2,1,1,4,2,02,1,2,000,000,1,0,1,2,1,70,5,1,2,00,2,4,1,200600033087B01,17,1,1
200600033090,2006-06-26,2006,juin,lundi,83:5,17,17291,0,0,2,2,3,1,1,4,2,02,1,1,000,060,1,0,1,2,1,81,9,1,9,00,2,2,0,200600033090A01,10,1,1
200600033092,2006-06-27,2006,juin,mardi,17:15,17,17300,0,0,2,1,7,1,1,9,-1,00,-1,-1,000,100,1,0,4,1,1,22,5,1,9,00,1,1,1,200600033092A01,,,
200600033092,2006-06-27,2006,juin,mardi,17:15,17,17300,0,0,2,1,7,1,1,9,-1,00,-1,-1,000,100,1,0,4,4,2,79,3,0,0,00,1,1,1,200600033092A01,,,
200600033093,2006-06-27,2006,juin,mardi,18:25,17,17300,0,0,2,1,7,1,1,4,2,00,1,1,000,060,1,0,1,4,1,13,5,1,9,00,2,3,1,200600033093A01,32,0,1
200600033114,2006-06-21,2006,juin,mercredi,10:45,17,17415,0,0,2,2,1,1,1,4,1,01,4,1,000,000,1,0,1,4,2,19,0,0,0,00,2,1,5,200600033114A01,7,1,1
200600033129,2006-06-16,2006,juin,vendredi,14:40,18,18279,0,0,2,3,1,1,1,3,-1,03,-1,-1,000,090,-1,0,0,4,1,43,0,1,9,00,2,0,0,200600033129A01,7,0,1
200600033137,2006-06-24,2006,juin,samedi,14:25,19,19031,0,0,2,1,3,1,1,4,2,02,1,4,000,000,1,0,1,4,2,48,5,1,2,00,2,4,1,200600033137B01,7,1,1
200600033142,2006-06-07,2006,juin,mercredi,17:55,21,21054,0,0,2,1,6,1,1,4,2,03,1,1,000,000,1,0,1,4,1,54,5,1,2,00,2,7,19,200600033142A01,7,1,1
200600033143,2006-06-07,2006,juin,mercredi,15:55,21,21054,0,0,2,3,1,1,1,4,1,01,1,1,000,000,1,0,1,3,1,30,5,1,2,00,2,1,5,200600033143A01,7,1,1
200600033144,2006-06-09,2006,juin,vendredi,10:20,21,21054,0,0,2,1,6,1,1,4,-1,00,1,1,000,000,1,0,5,4,2,87,5,1,2,00,2,1,1,200600033144B01,7,1,1
200600033165,2006-06-17,2006,juin,samedi,55:0,21,21231,0,0,2,7,3,1,1,4,1,02,1,1,000,070,1,5,1,3,2,36,1,1,2,00,2,5,1,200600033165B01,7,1,1
200600033175,2006-06-28,2006,juin,mercredi,82:5,21,21231,0,0,2,3,2,1,1,4,3,02,1,1,000,075,1,5,1,4,1,50,1,1,2,00,2,2,17,200600033175A01,7,15,1
200600033186,2006-06-05,2006,juin,lundi,20:30,22,22278,0,0,2,6,3,2,1,4,2,02,1,1,000,060,1,5,1,4,1,44,5,1,9,00,2,5,1,200600033186B01,7,9,1
200600033188,2006-06-07,2006,juin,mercredi,17:00,22,22215,0,0,1,1,3,1,1,4,2,02,1,1,000,100,1,0,5,3,1,71,5,1,2,00,2,1,1,200600033188B01,7,9,1