Num_Acc,date,an,mois,jour,hrmn,dep,com,lat,long,agg,int,col,lum,atm,catr,circ,nbv,prof,plan,lartpc,larrout,surf,infra,situ,grav,sexe,age,trajet,secuexist,equipement,obs,obsm,choc,manv,vehiculeid,typevehicules,manoeuvehicules,numVehicules
200600033201,2006-06-04,2006,juin,dimanche,13:10,24,24322,0,0,2,1,6,1,1,4,1,01,1,-1,000,000,1,0,1,3,1,16,0,1,9,00,2,2,9,200600033201A01,7,1,1
200600033247,2006-06-06,2006,juin,mardi,17:45,25,25204,0,0,2,9,2,1,1,4,2,02,1,1,031,207,1,0,1,3,1,48,5,1,2,00,2,1,2,200600033247A01,7,2,1
200600033251,2006-06-14,2006,juin,mercredi,17:35,26,26281,0,0,2,1,6,1,1,9,1,01,2,3,000,080,1,0,1,4,2,54,1,1,9,00,0,1,1,200600033251B01,2,1,1
200600033266,2006-06-23,2006,juin,vendredi,17:10,27,27701,0,0,2,1,7,1,1,4,2,02,1,1,000,000,1,0,1,1,1,19,5,1,4,00,1,1,0,200600033266A01,,,
200600033267,2006-06-03,2006,juin,samedi,14:40,27,27562,0,0,2,6,6,1,1,4,2,02,1,1,000,068,1,0,1,4,1,47,5,1,9,00,2,1,1,200600033267B01,7,16,1
200600033277,2006-06-14,2006,juin,mercredi,16:30,28,28085,0,0,2,1,6,1,1,4,2,02,1,1,000,070,1,0,1,3,2,14,2,1,4,00,2,1,1,200600033277B01,7,1,1
200600033281,2006-06-27,2006,juin,mardi,75:0,28,28085,0,0,2,1,3,1,1,4,2,02,1,1,000,070,1,0,1,4,1,18,1,0,0,00,2,7,1,200600033281B01,7,20,1
200600033303,2006-06-13,2006,juin,mardi,70:8,29,29019,0,0,2,3,2,1,1,9,2,02,2,1,000,000,1,0,1,4,1,19,2,1,9,00,2,1,1,200600033303B01,7,1,1
200600033323,2006-06-09,2006,juin,vendredi,14:30,29,29151,0,0,2,6,3,1,1,4,1,01,1,-1,000,080,1,0,1,3,1,59,9,1,2,00,2,7,1,200600033323B01,7,1,1
200600033357,2006-06-07,2006,juin,mercredi,90:1,30,30189,0,0,2,1,6,1,1,4,2,04,1,1,010,240,1,0,1,1,2,48,9,1,9,00,1,1,1,200600033357A01,,,
200600033364,2006-06-13,2006,juin,mardi,12:05,30,30189,0,0,1,2,3,1,1,4,2,02,1,1,000,080,1,0,1,4,2,22,0,1,9,00,2,1,1,200600033364A01,7,1,1
200600033394,2006-06-29,2006,juin,jeudi,80:5,31,31149,0,0,2,3,3,1,1,4,2,02,1,1,000,030,1,0,1,4,1,47,1,1,2,14,0,1,1,200600033394A01,7,1,1
200600033397,2006-06-28,2006,juin,mercredi,10:20,31,31483,0,0,2,8,3,1,1,3,2,02,1,1,000,000,1,4,1,2,1,83,5,1,9,00,4,8,0,200600033397A01,39,1,1
200600033401,2006-06-07,2006,juin,mercredi,23:15,31,31483,0,0,2,1,1,5,1,4,2,00,1,1,000,000,1,0,1,3,1,18,9,1,9,00,2,0,0,200600033401B01,7,0,1
200600033403,2006-06-01,2006,juin,jeudi,12:56,31,31555,0,0,2,2,3,1,1,4,2,02,4,1,000,078,1,0,1,2,1,61,5,1,2,00,9,1,1,200600033403A01,18,1,1
200600033404,2006-06-04,2006,juin,dimanche,82:5,31,31555,0,0,2,2,1,1,1,2,2,03,1,1,000,093,1,0,1,2,1,84,5,1,9,00,2,1,15,200600033404A01,7,1,1
200600033405,2006-06-02,2006,juin,vendredi,14:43,31,31555,0,0,2,1,3,1,1,4,2,03,1,2,000,097,1,0,1,4,1,21,0,1,2,00,2,7,0,200600033405A01,5,0,1
200600033411,2006-06-05,2006,juin,lundi,73:0,31,31555,0,0,2,2,6,2,1,4,1,03,1,1,000,091,1,0,1,4,2,46,0,1,2,14,2,0,0,200600033411A01,7,0,1
200600033413,2006-06-06,2006,juin,mardi,80:0,31,31555,0,0,2,3,3,1,1,4,2,02,1,1,000,058,1,0,1,4,1,53,0,1,2,00,2,8,0,200600033413B01,7,16,1
200600033415,2006-06-06,2006,juin,mardi,20:09,31,31555,0,0,2,2,3,1,1,4,2,02,2,1,000,080,1,0,1,4,2,35,0,1,2,00,2,1,6,200600033415B01,7,15,1
200600033418,2006-06-07,2006,juin,mercredi,75:0,31,31555,0,0,2,4,2,1,1,4,1,02,1,2,000,085,1,0,1,4,1,48,4,1,2,00,2,4,0,200600033418A01,7,0,1
200600033428,2006-06-08,2006,juin,jeudi,18:45,31,31555,0,0,2,3,3,1,1,4,1,02,1,1,000,075,1,0,1,4,1,23,5,1,9,00,2,7,1,200600033428A01,7,1,1
200600033477,2006-06-22,2006,juin,jeudi,84:5,31,31555,0,0,2,1,3,1,1,4,2,02,1,1,000,060,1,0,1,4,1,41,1,1,2,00,2,1,1,200600033477B01,7,15,1
200600033481,2006-06-22,2006,juin,jeudi,19:00,31,31555,0,0,2,1,2,1,1,4,1,02,2,1,000,072,9,0,1,4,2,41,5,1,2,00,2,8,1,200600033481A01,7,1,1
200600033494,2006-06-27,2006,juin,mardi,12:30,31,31555,0,0,2,1,2,1,7,4,2,03,1,1,000,095,1,0,1,4,1,20,1,1,2,00,2,1,2,200600033494A01,7,2,1
200600033501,2006-06-30,2006,juin,vendredi,23:30,31,31555,0,0,2,1,4,5,1,4,2,02,1,1,000,082,1,0,1,4,2,22,5,1,9,00,0,4,1,200600033501B01,7,1,1
200600033501,2006-06-30,2006,juin,vendredi,23:30,31,31555,0,0,2,1,4,5,1,4,2,02,1,1,000,082,1,0,1,4,2,27,5,1,9,00,0,4,1,200600033501C01,7,1,1
200600033513,2006-06-19,2006,juin,lundi,17:35,31,31557,0,0,2,1,7,1,1,2,2,02,1,1,013,081,1,0,1,4,1,33,1,1,2,14,0,8,2,200600033513B01,7,1,1
200600033518,2006-06-27,2006,juin,mardi,10:55,32,32013,0,0,2,3,3,1,1,3,2,02,1,1,000,116,1,0,1,4,2,17,5,0,0,00,2,1,18,200600033518A01,7,15,1
200600033537,2006-06-01,2006,juin,jeudi,82:0,33,33075,0,0,2,3,3,1,1,4,2,02,1,1,000,060,1,0,1,3,2,54,1,1,9,00,2,3,15,200600033537B01,10,15,1
200600033540,2006-06-07,2006,juin,mercredi,83:0,33,33063,0,0,2,1,3,1,1,4,3,05,2,1,000,000,1,0,1,4,1,54,5,1,9,00,2,1,1,200600033540B01,7,16,1
200600033545,2006-06-08,2006,juin,jeudi,84:8,33,33063,0,0,2,3,1,1,1,4,2,02,2,1,000,057,1,0,1,4,2,20,0,1,9,00,0,1,1,200600033545B01,7,15,1
200600033555,2006-06-10,2006,juin,samedi,18:25,33,33063,0,0,2,1,3,1,1,4,1,50,1,1,000,050,1,0,1,4,2,23,5,1,9,01,0,3,1,200600033555B01,7,22,1
200600033562,2006-06-12,2006,juin,lundi,18:55,33,33550,0,0,2,1,2,1,1,4,2,02,1,1,000,030,1,0,1,3,1,67,0,1,9,00,2,0,2,200600033562B01,7,1,1
200600033572,2006-06-09,2006,juin,vendredi,19:15,33,33550,0,0,2,5,6,1,1,4,2,02,1,1,000,065,1,0,1,1,1,19,0,1,9,01,1,1,0,200600033572A01,,,
200600033574,2006-06-12,2006,juin,lundi,15:00,33,33249,0,0,2,6,1,1,1,4,3,02,1,2,000,124,1,0,1,4,2,63,0,1,9,00,2,1,1,200600033574B01,7,16,1
200600033581,2006-06-19,2006,juin,lundi,20:15,33,33063,0,0,2,1,6,1,1,4,3,02,1,1,000,000,1,4,1,4,1,50,0,1,9,00,1,1,1,200600033581A01,,,
200600033587,2006-06-12,2006,juin,lundi,18:00,33,33281,0,0,2,3,1,1,1,4,2,03,1,1,000,098,1,0,1,4,2,50,0,1,9,00,2,1,1,200600033587B01,7,15,1
200600033600,2006-06-25,2006,juin,dimanche,17:24,33,33063,0,0,2,3,2,1,1,4,1,01,1,1,000,120,1,0,1,4,1,17,5,1,9,00,2,3,1,200600033600A01,7,23,1
200600033606,2006-06-23,2006,juin,vendredi,15:00,33,33318,0,0,2,1,3,1,1,4,2,02,1,1,000,058,1,0,1,3,1,13,5,1,9,00,2,1,1,200600033606A01,7,1,1
200600033619,2006-06-29,2006,juin,jeudi,16:40,33,33550,0,0,2,6,3,1,1,4,2,02,1,1,000,000,1,0,1,4,2,21,0,1,2,00,0,8,2,200600033619B01,10,2,1
200600033620,2006-06-28,2006,juin,mercredi,15:00,33,33192,0,0,2,3,3,1,1,4,2,00,1,3,000,070,1,0,1,4,1,21,0,1,2,00,2,1,19,200600033620A01,10,16,1
200600033635,2006-06-10,2006,juin,samedi,11:30,34,34336,0,0,2,2,3,1,1,4,2,02,1,1,000,070,1,0,1,4,1,68,5,0,0,00,2,0,1,200600033635A01,7,1,1
200600033639,2006-06-14,2006,juin,mercredi,12:20,34,34032,0,0,2,1,3,1,1,4,2,02,1,1,000,080,1,0,4,4,1,10,5,1,9,00,2,1,1,200600033639B01,7,1,1
200600033639,2006-06-14,2006,juin,mercredi,12:20,34,34032,0,0,2,1,3,1,1,4,2,02,1,1,000,080,1,0,4,1,1,11,0,1,9,00,2,1,1,200600033639B01,7,1,1
200600033652,2006-06-03,2006,juin,samedi,10:30,34,34172,0,0,2,3,3,1,1,4,2,02,1,1,000,060,1,0,1,4,1,53,5,1,2,00,2,1,1,200600033652B01,7,16,1
200600033659,2006-06-08,2006,juin,jeudi,94:5,34,34172,0,0,2,1,2,1,1,4,1,01,1,2,000,030,1,0,1,4,1,62,5,1,2,00,2,1,11,200600033659B01,7,4,1
200600033662,2006-06-09,2006,juin,vendredi,82:0,34,34172,0,0,2,6,3,1,1,4,1,02,1,3,000,062,1,0,1,4,2,57,1,1,2,00,2,8,5,200600033662A01,7,9,1
200600033668,2006-06-20,2006,juin,mardi,74:5,34,34172,0,0,2,3,3,1,1,4,2,02,2,1,000,060,1,0,1,4,1,50,0,1,2,00,2,2,1,200600033668B01,7,9,1
200600033709,2006-06-01,2006,juin,jeudi,17:15,35,35238,0,0,2,1,6,1,1,4,-1,01,-1,-1,000,000,1,0,1,3,1,80,0,1,2,12,0,1,1,200600033709A01,,,
200600033714,2006-06-09,2006,juin,vendredi,71:0,35,35238,0,0,2,6,2,1,1,4,2,02,-1,-1,000,060,1,5,1,4,1,39,5,1,9,00,2,5,1,200600033714A01,7,0,1
200600033742,2006-06-29,2006,juin,jeudi,13:55,35,35238,0,0,1,1,3,1,1,4,2,02,-1,-1,000,000,1,0,1,4,1,38,5,1,9,00,2,1,1,200600033742B01,7,9,1
200600033746,2006-06-01,2006,juin,jeudi,75:0,35,35288,0,0,2,3,3,1,1,4,2,00,1,1,000,000,1,0,1,4,1,52,1,1,9,00,2,5,1,200600033746B01,7,1,1
200600033754,2006-06-09,2006,juin,vendredi,17:30,36,36063,0,0,2,3,5,1,1,4,2,02,-1,1,000,000,1,0,1,4,2,31,5,1,2,00,2,1,1,200600033754B01,2,16,1
200600033754,2006-06-09,2006,juin,vendredi,17:30,36,36063,0,0,2,3,5,1,1,4,2,02,-1,1,000,000,1,0,1,4,1,40,5,1,2,00,2,1,1,200600033754C01,2,16,1
200600033755,2006-06-16,2006,juin,vendredi,23:7,36,36044,0,0,2,1,7,5,1,4,2,02,2,2,000,180,1,0,1,3,1,31,5,1,4,00,0,0,20,200600033755A01,,,
200600033776,2006-06-10,2006,juin,samedi,94:5,37,37261,0,0,2,6,3,1,1,4,2,02,1,1,000,000,1,5,1,3,1,56,3,0,0,00,0,0,0,200600033776B01,7,16,1
200600033786,2006-06-09,2006,juin,vendredi,5:,38,38185,0,0,2,2,3,5,1,4,2,06,1,1,000,167,1,0,1,1,1,23,0,1,9,00,2,1,1,200600033786A01,7,1,1
200600033786,2006-06-09,2006,juin,vendredi,5:,38,38185,0,0,2,2,3,5,1,4,2,06,1,1,000,167,1,0,1,4,2,22,0,1,9,00,2,1,1,200600033786A01,7,1,1
200600033788,2006-06-09,2006,juin,vendredi,19:30,38,38185,0,0,2,1,6,1,1,4,2,04,1,3,000,140,1,0,1,4,2,22,0,1,9,00,2,1,9,200600033788B01,7,1,1
200600033793,2006-06-15,2006,juin,jeudi,14:00,38,38185,0,0,2,1,6,1,1,4,1,01,1,1,000,050,1,0,1,4,1,48,1,1,9,00,2,5,19,200600033793B01,7,15,1
200600033796,2006-06-18,2006,juin,dimanche,17:45,38,38185,0,0,2,1,3,1,1,4,2,03,1,1,000,105,1,0,1,3,2,47,0,1,9,00,2,1,1,200600033796B01,7,15,1
200600033798,2006-06-19,2006,juin,lundi,83:0,38,38185,0,0,2,1,3,1,1,4,1,01,1,1,000,059,1,0,1,4,1,24,1,1,9,01,0,1,1,200600033798B01,7,24,1
200600033800,2006-06-20,2006,juin,mardi,74:5,38,38185,0,0,2,2,3,1,1,4,4,02,-1,-1,000,058,1,5,5,3,2,32,0,1,2,00,2,8,19,200600033800B01,7,16,1
200600033801,2006-06-21,2006,juin,mercredi,16:45,38,38185,0,0,2,1,6,1,1,3,1,04,1,1,000,130,1,0,1,1,1,35,5,1,9,00,1,7,1,200600033801A01,,,
200600033803,2006-06-23,2006,juin,vendredi,13:30,38,38421,0,0,2,2,3,1,1,4,-1,01,1,1,000,050,1,0,1,4,2,9,5,1,9,00,2,1,1,200600033803B01,7,1,1
200600033809,2006-06-28,2006,juin,mercredi,17:00,38,38169,0,0,2,9,6,1,1,4,2,00,1,1,000,100,1,0,1,4,2,12,5,1,9,00,0,1,19,200600033809B01,10,1,1
200600033813,2006-06-30,2006,juin,vendredi,70:0,38,38151,0,0,2,1,3,1,1,4,1,01,1,1,000,034,1,0,0,4,1,26,0,1,2,00,2,1,5,200600033813B01,7,9,1
200600033814,2006-06-30,2006,juin,vendredi,11:05,38,38185,0,0,2,1,6,1,1,4,2,04,1,1,000,260,1,0,0,4,1,42,0,1,2,00,4,1,0,200600033814A01,40,1,1
200600033817,2006-06-30,2006,juin,vendredi,18:00,38,38185,0,0,2,3,3,1,1,4,1,02,1,2,000,060,1,0,1,4,2,31,1,1,9,00,2,1,1,200600033817B01,7,1,1
200600033840,2006-06-07,2006,juin,mercredi,80:0,41,41018,0,0,2,1,2,1,1,4,2,02,1,1,000,000,1,0,1,4,1,16,2,1,9,00,2,4,13,200600033840B01,7,2,1
200600033872,2006-06-03,2006,juin,samedi,17:45,42,42225,0,0,2,1,3,1,1,9,2,02,2,3,000,050,1,0,1,3,1,15,5,1,9,00,2,1,0,200600033872A01,7,1,1
200600033886,2006-06-12,2006,juin,lundi,11:00,42,42187,0,0,2,1,6,1,1,3,2,02,1,-1,000,080,1,0,1,4,1,59,0,0,0,00,2,9,1,200600033886B01,2,1,1
200600033888,2006-06-11,2006,juin,dimanche,17:00,42,42187,0,0,2,2,3,1,1,4,2,02,1,1,000,000,1,0,1,4,1,15,2,1,9,00,2,2,1,200600033888B01,7,1,1
200600033893,2006-06-20,2006,juin,mardi,73:0,42,42184,0,0,2,3,5,1,1,4,-1,02,1,1,000,000,1,0,1,4,1,48,1,0,0,00,2,1,1,200600033893B01,14/ 10,9/23,2
200600033920,2006-06-29,2006,juin,jeudi,85:9,42,42218,0,0,2,1,6,1,1,4,2,02,1,1,000,060,1,0,1,4,1,24,1,1,2,00,2,1,17,200600033920B01,7,22,1
200600033928,2006-06-09,2006,juin,vendredi,17:30,44,44055,0,0,2,1,6,1,1,4,2,02,1,1,000,060,1,0,1,2,1,78,5,1,4,01,0,3,1,200600033928B01,7,22,1
200600033942,2006-06-02,2006,juin,vendredi,90:0,44,44109,0,0,2,1,3,1,1,4,2,03,2,1,000,090,1,0,1,4,1,35,9,1,9,00,2,8,2,200600033942B01,15,1,1
200600033944,2006-06-06,2006,juin,mardi,74:5,44,44109,0,0,2,1,7,1,1,4,4,03,1,1,000,090,1,0,1,4,1,26,1,1,2,00,0,2,2,200600033944B01,7,16,1
200600033949,2006-06-07,2006,juin,mercredi,10:00,44,44109,0,0,2,1,6,1,1,4,2,02,1,1,000,028,1,0,1,3,2,51,4,1,2,01,0,1,1,200600033949B01,7,22,1
200600033959,2006-06-15,2006,juin,jeudi,16:40,44,44109,0,0,2,1,6,1,1,4,2,01,3,1,000,011,1,0,1,3,2,38,0,1,9,01,0,1,1,200600033959B01,7,23,1
200600033969,2006-06-22,2006,juin,jeudi,13:40,44,44114,0,0,2,6,3,1,1,3,2,02,1,1,020,109,1,5,1,4,2,26,0,1,9,00,2,2,1,200600033969B01,10,1,1
200600033970,2006-06-23,2006,juin,vendredi,84:0,44,44109,0,0,2,2,6,1,1,4,2,02,1,1,000,000,1,2,1,4,2,35,1,1,2,00,2,1,1,200600033970B01,7,0,1
200600033990,2006-06-04,2006,juin,dimanche,17:07,44,44184,0,0,2,1,3,1,1,4,-1,02,1,-1,000,000,1,0,1,4,1,6,0,1,9,00,2,1,19,200600033990A01,7,1,1
200600033994,2006-06-11,2006,juin,dimanche,18:20,44,44184,0,0,2,2,3,1,1,4,2,02,1,1,000,000,1,0,1,4,2,16,5,1,9,00,2,1,9,200600033994A01,7,1,1
200600033997,2006-06-20,2006,juin,mardi,17:50,44,44184,0,0,2,2,3,1,1,4,2,02,1,1,000,000,1,0,1,4,1,29,1,1,9,00,2,1,15,200600033997A01,7,15,1
200600034003,2006-06-27,2006,juin,mardi,17:15,45,45208,0,0,2,2,3,1,1,4,2,02,1,-1,000,070,1,5,1,3,1,75,5,1,9,00,2,0,1,200600034003B01,7,17,1
200600034019,2006-06-14,2006,juin,mercredi,81:0,45,45234,0,0,2,9,3,1,1,4,2,02,1,2,015,090,1,0,1,4,2,39,1,1,9,00,0,0,11,200600034019B01,7,1,1
200600034028,2006-06-22,2006,juin,jeudi,73:5,45,45234,0,0,2,1,6,1,1,4,4,02,1,1,000,060,1,6,1,1,1,23,1,1,4,00,1,1,1,200600034028A01,,,
200600034031,2006-06-28,2006,juin,mercredi,10:50,45,45284,0,0,2,9,2,1,1,4,2,02,1,1,000,130,1,0,1,4,1,64,5,1,9,00,2,1,16,200600034031A01,7,16,1
200600034032,2006-06-29,2006,juin,jeudi,82:0,45,45234,0,0,2,1,2,1,1,4,2,02,1,1,000,035,1,0,1,4,1,59,5,1,9,00,0,1,1,200600034032B01,7,4,1
200600034036,2006-06-06,2006,juin,mardi,75:6,47,47001,0,0,2,3,1,1,1,2,2,03,1,1,000,080,1,0,1,3,1,35,1,1,2,00,2,1,1,200600034036B01,7,15,1
200600034038,2006-06-11,2006,juin,dimanche,15:00,47,47001,0,0,2,3,3,1,1,2,2,04,1,1,000,000,1,0,1,3,1,28,5,1,2,00,2,1,1,200600034038B01,7,16,1
200600034040,2006-06-17,2006,juin,samedi,10:11,47,47001,0,0,2,1,3,1,1,4,1,01,1,1,000,000,1,0,1,3,2,81,3,1,2,01,0,1,1,200600034040B01,7,24,1
200600034048,2006-06-03,2006,juin,samedi,16:10,49,49007,0,0,2,1,7,1,1,6,-1,00,1,1,000,000,1,0,0,4,1,15,5,1,9,00,0,1,1,200600034048A01,,,
200600034050,2006-06-02,2006,juin,vendredi,19:09,49,49007,0,0,2,1,7,1,1,4,-1,02,-1,-1,000,035,-1,0,1,3,1,20,9,1,9,00,0,0,0,200600034050A01,,,
200600034053,2006-06-03,2006,juin,samedi,15:07,49,49007,0,0,2,2,7,1,1,4,2,05,2,1,000,160,1,0,1,4,2,25,1,1,9,00,0,1,1,200600034053B01,7,12,1
200600034062,2006-06-15,2006,juin,jeudi,90:8,49,49007,0,0,2,1,3,1,1,4,-1,01,-1,-1,000,038,1,0,1,3,1,89,5,1,4,00,2,3,1,200600034062B01,37,1,1
200600034075,2006-06-23,2006,juin,vendredi,15:32,49,49007,0,0,2,1,3,1,1,4,2,02,1,1,000,000,1,0,1,4,1,64,0,1,9,00,2,1,1,200600034075B01,7,15,1
200600034089,2006-06-30,2006,juin,vendredi,84:0,49,49328,0,0,2,6,3,1,1,4,2,00,1,1,000,000,1,0,1,4,2,49,1,1,2,00,2,1,1,200600034089B01,7,1,1
200600034092,2006-06-08,2006,juin,jeudi,19:15,50,50602,0,0,2,1,2,1,1,4,2,02,2,1,000,060,1,0,1,4,1,49,5,1,2,00,2,1,1,200600034092B01,7,20,1
200600034094,2006-06-11,2006,juin,dimanche,12:45,50,50129,0,0,1,1,3,1,1,4,3,02,1,2,000,000,1,0,1,4,1,42,5,1,2,00,2,7,1,200600034094B01,10,18,1
200600034099,2006-06-17,2006,juin,samedi,14:05,50,50416,0,0,2,1,2,1,1,4,2,02,1,1,000,070,1,0,1,4,1,16,5,1,2,00,2,1,2,200600034099A01,7,2,1
200600034115,2006-06-21,2006,juin,mercredi,11:55,51,51108,0,0,2,1,3,1,1,4,1,01,1,1,000,067,1,0,1,3,1,14,2,1,4,00,2,8,2,200600034115B01,10,2,1
200600034125,2006-06-10,2006,juin,samedi,84:0,51,51454,0,0,2,1,6,1,1,4,1,01,1,1,000,076,1,0,1,3,1,31,5,1,2,01,0,8,5,200600034125A01,,,
200600034131,2006-06-14,2006,juin,mercredi,20:30,51,51454,0,0,2,2,3,1,2,4,2,04,1,1,000,120,2,5,1,4,1,15,5,1,2,00,2,7,1,200600034131B01,7,1,1
200600034134,2006-06-19,2006,juin,lundi,10:45,51,51454,0,0,2,1,3,1,1,4,2,03,1,1,000,080,1,0,1,4,2,28,0,1,9,01,0,0,0,200600034134B01,37,0,1
200600034148,2006-06-03,2006,juin,samedi,11:50,52,52448,0,0,2,2,3,1,1,4,2,02,1,2,000,000,1,0,1,3,1,75,5,1,2,00,2,1,1,200600034148A01,7,1,1
200600034150,2006-06-08,2006,juin,jeudi,11:40,52,52448,0,0,2,3,3,1,7,4,2,02,1,1,000,000,1,0,1,4,2,76,3,1,9,00,2,7,19,200600034150B01,7,16,1
200600034153,2006-06-15,2006,juin,jeudi,18:10,52,52448,0,0,2,1,6,1,7,4,2,02,1,1,000,000,1,0,1,4,1,13,5,0,0,00,2,3,9,200600034153A01,7,1,1
200600034154,2006-06-22,2006,juin,jeudi,14:05,52,52534,0,0,1,8,6,1,1,3,2,02,2,1,000,060,1,4,1,2,1,73,5,1,9,00,2,3,19,200600034154B01,7,1,1
200600034166,2006-06-26,2006,juin,lundi,12:26,54,54329,0,0,2,1,3,1,1,4,2,01,1,1,000,068,1,0,1,3,1,47,1,1,9,01,0,7,21,200600034166B01,7,22,1
200600034170,2006-06-02,2006,juin,vendredi,15:45,54,54395,0,0,2,1,6,1,1,4,2,03,2,1,000,090,1,0,1,1,1,14,5,1,9,00,0,0,15,200600034170A01,33,1,1
200600034183,2006-06-11,2006,juin,dimanche,14:00,54,54395,0,0,2,2,3,1,1,4,2,02,1,1,000,070,1,0,1,4,1,24,5,1,9,00,2,8,14,200600034183B01,31,17,1
200600034198,2006-06-19,2006,juin,lundi,11:30,54,54395,0,0,2,1,6,1,1,4,2,02,1,1,000,000,1,0,4,1,2,10,5,1,2,00,1,1,1,200600034198A01,,,
200600034201,2006-06-24,2006,juin,samedi,15:15,54,54395,0,0,2,2,3,1,1,4,1,02,1,1,000,000,1,0,1,4,1,11,5,1,2,00,2,1,1,200600034201A01,7,1,1
200600034212,2006-06-29,2006,juin,jeudi,18:20,54,54357,0,0,2,1,3,1,1,4,2,02,1,1,000,000,1,0,1,4,1,12,5,1,9,00,2,1,9,200600034212B01,7,1,1
200600034247,2006-06-16,2006,juin,vendredi,17:55,56,56121,0,0,2,2,3,1,1,9,2,02,1,1,000,000,1,0,1,4,1,14,9,1,9,00,2,7,1,200600034247A01,7,1,1
200600034250,2006-06-19,2006,juin,lundi,13:30,56,56121,0,0,2,1,7,1,1,9,2,02,1,1,000,000,1,0,1,4,1,48,9,1,2,12,0,1,1,200600034250A01,,,
200600034251,2006-06-19,2006,juin,lundi,15:35,56,56121,0,0,2,1,3,1,1,9,2,02,1,1,000,000,1,0,1,4,2,30,0,1,2,00,2,8,1,200600034251B01,7,1,1
200600034286,2006-06-01,2006,juin,jeudi,18:55,57,57480,0,0,2,3,6,1,1,2,2,02,1,1,000,072,2,0,1,4,1,16,9,1,2,00,2,7,19,200600034286A01,7,0,1
200600034299,2006-06-27,2006,juin,mardi,91:5,57,57412,0,0,2,1,6,1,2,3,2,02,1,1,000,096,2,0,1,4,1,35,4,1,2,00,2,1,1,200600034299B01,7,15,1
200600034316,2006-06-23,2006,juin,vendredi,17:55,58,58194,0,0,2,1,7,1,1,4,2,02,2,1,000,000,1,0,1,3,1,24,0,1,9,00,0,0,0,200600034316A01,,,
200600034317,2006-06-26,2006,juin,lundi,19:15,58,58194,0,0,2,1,7,1,1,4,2,02,1,1,000,000,1,0,1,4,1,60,0,1,9,00,0,0,0,200600034317A01,,,
200600034318,2006-06-05,2006,juin,lundi,19:00,58,58194,0,0,2,1,3,2,1,4,2,02,1,2,000,000,1,0,1,4,2,9,5,1,9,00,2,8,1,200600034318B01,7,0,1
200600034330,2006-06-12,2006,juin,lundi,71:5,59,59143,0,0,2,6,3,1,1,3,1,01,1,2,000,000,1,0,1,3,1,46,4,1,9,00,2,1,1,200600034330B01,7,9,1
200600034337,2006-06-28,2006,juin,mercredi,19:30,59,59616,0,0,2,3,3,1,7,4,2,02,1,1,000,050,1,0,1,4,1,43,5,1,9,00,2,1,1,200600034337B01,7,15,1
200600034338,2006-06-13,2006,juin,mardi,61:5,59,59504,0,0,2,2,3,1,1,4,2,02,1,1,000,088,1,0,1,3,1,17,0,1,2,00,2,1,1,200600034338B01,7,11,1
200600034347,2006-06-16,2006,juin,vendredi,83:0,59,59183,0,0,2,1,6,1,1,4,2,02,1,1,000,082,1,0,1,3,1,14,0,1,9,01,0,1,1,200600034347B01,7,22,1
200600034358,2006-06-18,2006,juin,dimanche,17:23,59,59261,0,0,2,2,3,1,1,9,2,02,2,1,000,060,1,0,1,3,2,9,5,1,9,00,2,4,19,200600034358B01,7,1,1
200600034366,2006-06-03,2006,juin,samedi,15:45,59,59648,0,0,2,1,6,1,1,4,2,02,1,1,000,097,1,0,1,4,1,41,5,1,9,01,0,1,1,200600034366B01,7,22,1
200600034385,2006-06-13,2006,juin,mardi,16:30,59,59350,0,0,2,2,6,1,1,4,1,01,1,1,000,051,1,0,1,4,1,36,9,1,2,00,2,1,2,200600034385A01,7,2,1
200600034386,2006-06-13,2006,juin,mardi,17:55,59,59350,0,0,2,2,3,1,1,4,2,04,1,1,008,060,1,0,1,3,2,32,1,1,9,00,2,7,19,200600034386B01,5,1,1
200600034388,2006-06-14,2006,juin,mercredi,11:30,59,59350,0,0,2,1,3,1,3,4,1,01,4,4,000,040,2,0,5,4,2,23,5,1,9,00,2,1,19,200600034388A01,7,1,1
200600034400,2006-06-20,2006,juin,mardi,80:0,59,59378,0,0,2,2,6,1,1,3,3,04,1,1,038,270,1,0,1,4,2,12,5,1,9,00,2,1,16,200600034400B01,14,16,1
200600034405,2006-06-21,2006,juin,mercredi,16:10,59,59328,0,0,2,2,3,1,1,3,2,02,1,1,000,060,1,0,1,4,2,12,5,1,4,00,2,4,15,200600034405A01,7,1,1
200600034407,2006-06-22,2006,juin,jeudi,19:20,59,59328,0,0,2,1,6,1,1,4,2,00,1,1,000,080,1,0,1,3,1,50,9,1,9,00,2,1,11,200600034407A01,4,1,1
200600034409,2006-06-20,2006,juin,mardi,85:5,59,59636,0,0,2,6,6,1,1,4,3,04,1,1,055,153,1,5,1,4,1,62,9,1,2,00,2,7,2,200600034409B01,7,16,1
200600034419,2006-06-30,2006,juin,vendredi,16:25,59,59368,0,0,2,1,6,1,1,4,2,02,1,1,000,070,1,0,1,4,1,22,1,1,9,01,0,1,1,200600034419B01,7,24,1
200600034422,2006-06-16,2006,juin,vendredi,20:10,59,59365,0,0,2,3,3,1,1,4,2,02,1,1,000,620,1,0,1,4,1,13,5,1,9,00,2,2,15,200600034422A01,7,1,1
200600034424,2006-06-02,2006,juin,vendredi,12:10,59,59512,0,0,2,1,6,1,1,4,3,02,1,1,000,000,1,0,1,3,1,18,0,1,2,00,2,0,1,200600034424B01,7,0,1
200600034425,2006-06-05,2006,juin,lundi,94:0,59,59163,0,0,2,1,6,1,1,4,-1,00,1,1,000,000,1,0,1,3,1,50,5,1,2,00,1,0,1,200600034425A01,,,
200600034427,2006-06-01,2006,juin,jeudi,83:0,59,59299,0,0,2,3,3,1,1,4,1,02,1,1,000,000,1,0,1,3,1,15,2,1,9,00,2,0,1,200600034427B01,7,15,1