Num_Acc,date,an,mois,jour,hrmn,dep,com,lat,long,agg,int,col,lum,atm,catr,circ,nbv,prof,plan,lartpc,larrout,surf,infra,situ,grav,sexe,age,trajet,secuexist,equipement,obs,obsm,choc,manv,vehiculeid,typevehicules,manoeuvehicules,numVehicules
200600034432,2006-06-11,2006,juin,dimanche,22:00,59,59512,0,0,2,3,3,1,1,4,2,02,1,1,000,000,1,0,1,3,1,9,5,1,9,00,2,1,15,200600034432B01,7,1,1
200600034437,2006-06-11,2006,juin,dimanche,13:,59,59646,0,0,2,1,6,5,1,4,-1,01,1,1,000,000,1,0,5,3,2,65,0,1,2,00,2,0,1,200600034437B01,2,1,1
200600034440,2006-06-18,2006,juin,dimanche,19:00,59,59650,0,0,2,1,3,1,1,4,2,02,1,1,000,000,1,0,1,3,1,13,9,1,2,00,2,0,19,200600034440B01,7,1,1
200600034455,2006-06-26,2006,juin,lundi,16:55,59,59512,0,0,2,9,3,1,1,4,2,02,1,1,000,000,1,0,1,3,2,7,0,1,2,00,2,1,1,200600034455A01,33,1,1
200600034455,2006-06-26,2006,juin,lundi,16:55,59,59512,0,0,2,9,3,1,1,4,2,02,1,1,000,000,1,0,1,3,2,8,5,1,2,00,2,1,1,200600034455A01,33,1,1
200600034456,2006-06-30,2006,juin,vendredi,32:0,59,59512,0,0,2,1,6,5,1,4,-1,00,1,1,000,000,1,0,1,3,1,34,1,1,2,00,0,0,1,200600034456B01,7,1,1
200600034463,2006-06-22,2006,juin,jeudi,13:50,59,59526,0,0,1,1,2,1,1,9,2,00,1,1,000,043,1,0,1,3,1,38,5,1,9,00,0,4,2,200600034463B01,7,2,1
200600034464,2006-06-19,2006,juin,lundi,15:35,59,59574,0,0,2,1,3,1,1,4,2,02,1,1,000,070,1,0,1,3,1,86,5,1,4,00,2,8,1,200600034464B01,10,17,1
200600034466,2006-06-03,2006,juin,samedi,12:19,59,59352,0,0,2,2,3,1,1,3,2,02,2,1,000,030,1,5,1,4,1,48,5,1,9,00,2,1,1,200600034466B01,7,1,1
200600034468,2006-06-06,2006,juin,mardi,20:40,59,59352,0,0,2,3,3,1,1,3,2,02,1,1,000,060,1,0,1,3,1,17,0,1,9,00,2,1,1,200600034468B01,7,1,1
200600034477,2006-06-11,2006,juin,dimanche,90:0,59,59152,0,0,1,2,3,1,1,5,-1,01,1,1,000,045,1,0,1,3,1,43,5,1,9,00,2,1,0,200600034477B01,7,1,1
200600034485,2006-06-30,2006,juin,vendredi,18:45,59,59599,0,0,2,1,6,1,1,4,1,01,1,1,000,000,1,0,1,3,1,11,5,1,9,00,2,8,19,200600034485B01,7,1,1
200600034491,2006-06-11,2006,juin,dimanche,12:45,59,59491,0,0,2,3,6,1,1,3,1,03,1,1,022,067,1,0,1,3,1,68,5,1,2,00,2,1,15,200600034491A01,7,1,1
200600034499,2006-06-20,2006,juin,mardi,95:5,59,59606,0,0,2,3,3,1,1,4,2,02,1,1,000,057,1,0,0,3,1,13,5,1,9,00,2,1,14,200600034499A01,7,1,1
200600034502,2006-06-23,2006,juin,vendredi,17:05,59,59014,0,0,2,1,3,1,1,3,2,02,1,1,030,062,1,0,1,4,1,13,5,1,9,00,2,1,9,200600034502A01,30,1,1
200600034505,2006-06-26,2006,juin,lundi,16:40,59,59032,0,0,2,2,3,1,1,4,2,02,1,1,000,090,1,5,1,3,1,17,5,1,9,00,2,1,15,200600034505A01,10,15,1
200600034508,2006-06-20,2006,juin,mardi,20:20,60,60057,0,0,2,2,3,1,1,2,2,02,1,1,000,000,1,5,1,3,1,11,0,1,2,00,2,1,19,200600034508B01,7,1,1
200600034508,2006-06-20,2006,juin,mardi,20:20,60,60057,0,0,2,2,3,1,1,2,2,02,1,1,000,000,1,5,1,3,1,13,5,1,2,00,2,1,19,200600034508B01,7,1,1
200600034517,2006-06-21,2006,juin,mercredi,17:30,60,60601,0,0,2,1,6,1,1,4,2,02,2,1,000,052,1,0,0,4,1,13,5,1,9,00,2,0,0,200600034517B01,18,0,1
200600034518,2006-06-01,2006,juin,jeudi,19:25,61,61001,0,0,1,1,2,1,1,4,-1,02,1,1,000,053,1,0,1,4,1,16,5,1,9,00,2,1,19,200600034518A01,7,1,1
200600034520,2006-06-08,2006,juin,jeudi,17:20,61,61001,0,0,1,1,6,1,1,4,-1,02,1,1,130,088,1,0,5,3,2,52,5,1,9,00,2,7,1,200600034520A01,,,
200600034539,2006-06-10,2006,juin,samedi,17:10,62,62108,0,0,2,2,3,1,1,4,3,02,1,1,000,105,1,0,1,4,2,74,5,1,9,00,2,8,0,200600034539B01,7,1,1
200600034554,2006-06-02,2006,juin,vendredi,19:05,62,62033,0,0,2,1,3,1,1,4,2,01,1,1,000,030,1,0,1,4,2,14,5,1,9,00,2,2,1,200600034554B01,7,1,1
200600034561,2006-06-07,2006,juin,mercredi,18:10,62,62427,0,0,2,1,3,1,1,6,1,00,1,1,000,000,1,0,1,3,2,12,5,1,4,00,2,7,9,200600034561A01,7,1,1
200600034579,2006-06-29,2006,juin,jeudi,14:55,62,62386,0,0,2,1,6,1,1,4,2,02,1,1,000,070,1,0,1,3,1,16,5,1,9,00,2,6,15,200600034579A01,7,1,1
200600034603,2006-06-13,2006,juin,mardi,82:0,63,63113,0,0,2,1,3,1,1,4,3,06,1,1,030,180,1,0,1,3,2,25,2,1,9,00,2,8,19,200600034603A01,7,1,1
200600034605,2006-06-15,2006,juin,jeudi,17:25,63,63113,0,0,2,1,6,1,1,4,2,03,1,1,000,000,1,0,1,4,1,22,9,1,9,00,2,8,1,200600034605B01,37,1,1
200600034615,2006-06-21,2006,juin,mercredi,18:15,63,63113,0,0,2,1,3,1,1,4,2,03,1,1,000,100,1,0,1,4,1,21,9,1,9,00,2,1,1,200600034615B01,7,15,1
200600034620,2006-06-23,2006,juin,vendredi,83:0,63,63113,0,0,2,1,6,1,1,4,1,02,1,1,000,000,1,0,1,4,1,17,1,1,9,00,2,1,1,200600034620B01,7,1,1
200600034643,2006-06-06,2006,juin,mardi,93:5,64,64024,0,0,2,6,1,1,1,3,1,02,1,2,000,070,1,0,1,3,2,33,5,1,2,00,2,1,5,200600034643A01,7,1,1
200600034666,2006-06-28,2006,juin,mercredi,17:30,64,64122,0,0,2,1,3,1,1,4,2,03,2,1,000,080,1,0,1,4,1,46,9,1,9,00,2,1,5,200600034666A01,7,15,1
200600034671,2006-06-12,2006,juin,lundi,17:55,64,64445,0,0,2,1,1,1,1,4,2,02,2,1,012,068,1,0,1,2,1,42,5,1,2,00,2,1,13,200600034671A01,10,1,1
200600034688,2006-06-01,2006,juin,jeudi,18:40,64,64260,0,0,2,3,3,1,1,2,2,02,1,1,000,145,1,0,1,4,1,52,1,1,2,00,2,1,1,200600034688B01,7,9,1
200600034689,2006-06-13,2006,juin,mardi,12:00,64,64483,0,0,2,1,3,1,1,2,2,02,1,1,000,000,1,0,1,3,2,58,5,1,2,01,0,1,1,200600034689B01,7,24,1
200600034697,2006-06-06,2006,juin,mardi,83:0,65,65440,0,0,2,1,3,1,1,4,2,02,1,1,000,056,1,0,1,3,1,13,2,1,2,00,2,1,1,200600034697B01,10,15,1
200600034705,2006-06-20,2006,juin,mardi,12:00,65,65440,0,0,2,1,6,1,1,4,1,02,1,1,000,080,1,0,1,4,2,32,9,1,2,00,0,1,1,200600034705B01,7,22,1
200600034718,2006-06-28,2006,juin,mercredi,18:25,66,66136,0,0,2,1,6,1,1,4,1,01,1,1,032,065,1,6,1,4,1,50,5,1,2,00,1,1,1,200600034718A01,,,
200600034720,2006-06-08,2006,juin,jeudi,10:05,67,67462,0,0,2,1,3,1,1,4,2,02,2,1,000,070,1,2,1,4,1,72,3,1,9,00,2,6,1,200600034720B01,7,1,1
200600034722,2006-06-01,2006,juin,jeudi,72:0,67,67482,0,0,2,3,3,1,8,4,3,05,1,1,025,161,1,0,1,4,2,32,1,1,9,00,2,1,19,200600034722B01,14,16,1
200600034729,2006-06-04,2006,juin,dimanche,91:6,67,67482,0,0,2,1,6,1,1,4,2,02,1,3,000,070,1,2,5,4,2,24,5,0,0,00,1,1,1,200600034729A01,,,
200600034731,2006-06-05,2006,juin,lundi,17:35,67,67482,0,0,2,3,3,1,1,4,2,02,1,1,000,090,1,0,1,4,1,23,5,1,9,00,2,1,1,200600034731A01,1,15,1
200600034731,2006-06-05,2006,juin,lundi,17:35,67,67482,0,0,2,3,3,1,1,4,2,02,1,1,000,090,1,0,1,1,2,52,5,1,9,00,2,8,15,200600034731B01,1,1,1
200600034735,2006-06-07,2006,juin,mercredi,91:0,67,67482,0,0,2,5,3,1,1,4,3,05,1,1,039,071,1,3,1,4,2,75,5,1,9,00,4,8,11,200600034735A01,40,1,1
200600034739,2006-06-08,2006,juin,jeudi,16:48,67,67043,0,0,2,1,3,1,1,4,2,00,1,1,000,071,1,0,1,4,1,10,5,1,9,00,2,1,19,200600034739A01,7,1,1
200600034741,2006-06-09,2006,juin,vendredi,13:45,67,67482,0,0,2,1,6,1,1,4,2,02,1,1,000,000,1,0,5,4,1,48,0,1,9,00,2,1,1,200600034741A01,1,1,1
200600034741,2006-06-09,2006,juin,vendredi,13:45,67,67482,0,0,2,1,6,1,1,4,2,02,1,1,000,000,1,0,5,4,1,14,0,1,9,00,2,1,1,200600034741B01,1,1,1
200600034747,2006-06-12,2006,juin,lundi,13:10,67,67447,0,0,2,2,3,1,1,4,2,04,1,1,000,120,1,0,1,3,1,18,5,1,9,00,2,7,1,200600034747A01,7,1,1
200600034749,2006-06-12,2006,juin,lundi,14:15,67,67482,0,0,2,1,6,1,1,4,-1,02,1,1,000,060,1,0,0,4,1,16,5,1,9,01,0,1,1,200600034749B01,7,20,1
200600034750,2006-06-12,2006,juin,lundi,20:15,67,67482,0,0,2,2,3,1,1,4,2,02,1,1,000,101,1,0,1,4,2,34,9,1,9,00,2,1,1,200600034750B01,7,15,1
200600034753,2006-06-13,2006,juin,mardi,95:0,67,67482,0,0,2,3,3,1,1,3,2,03,1,1,000,125,1,0,1,4,1,37,0,1,9,00,2,1,1,200600034753B01,7,16,1
200600034754,2006-06-13,2006,juin,mardi,15:30,67,67482,0,0,2,1,3,1,1,4,3,04,1,-1,000,188,1,0,1,4,2,15,5,1,4,00,2,1,19,200600034754B01,7,1,1
200600034761,2006-06-16,2006,juin,vendredi,17:10,67,67447,0,0,1,1,6,1,1,4,2,02,1,1,000,019,1,0,5,4,1,53,5,1,9,00,1,1,1,200600034761A01,,,
200600034761,2006-06-16,2006,juin,vendredi,17:10,67,67447,0,0,1,1,6,1,1,4,2,02,1,1,000,019,1,0,5,1,1,46,0,0,0,00,1,1,1,200600034761A01,,,
200600034772,2006-06-22,2006,juin,jeudi,16:40,67,67267,0,0,2,3,6,1,1,4,1,01,2,1,000,060,1,0,1,4,2,80,9,1,9,00,2,1,1,200600034772B01,7,15,1
200600034780,2006-06-26,2006,juin,lundi,17:15,67,67447,0,0,2,2,3,1,1,4,2,02,1,1,000,064,1,0,1,4,1,9,5,1,9,00,2,7,15,200600034780B01,7,1,1
200600034783,2006-06-28,2006,juin,mercredi,14:00,67,67482,0,0,2,2,3,1,1,4,1,01,1,1,000,070,1,0,1,4,2,44,5,1,2,00,2,1,5,200600034783B01,7,15,1
200600034784,2006-06-28,2006,juin,mercredi,17:15,67,67482,0,0,2,1,3,1,1,4,2,02,1,1,010,080,1,0,5,4,1,41,1,0,0,00,2,1,1,200600034784B01,10,9,1
200600034785,2006-06-28,2006,juin,mercredi,19:45,67,67447,0,0,2,2,1,2,1,4,2,02,1,1,000,075,1,5,1,4,1,34,5,1,9,00,2,1,15,200600034785A01,7,1,1
200600034787,2006-06-30,2006,juin,vendredi,83:0,67,67482,0,0,2,3,3,1,1,4,2,02,1,2,000,100,1,0,5,4,1,50,5,1,9,00,2,8,19,200600034787B01,7,15,1
200600034788,2006-06-30,2006,juin,vendredi,80:8,67,67482,0,0,2,3,6,1,1,4,3,02,2,3,031,143,1,5,1,4,2,20,5,1,9,00,2,3,19,200600034788B01,37,1,1
200600034792,2006-06-09,2006,juin,vendredi,14:00,68,68066,0,0,2,2,3,1,1,3,2,04,1,1,000,120,1,0,0,4,1,49,1,1,9,00,2,3,1,200600034792B01,7,1,1
200600034793,2006-06-26,2006,juin,lundi,14:40,68,68066,0,0,2,1,2,1,1,6,4,01,1,-1,000,000,1,0,1,4,1,14,0,1,2,00,2,1,1,200600034793B01,7,4,1
200600034816,2006-06-27,2006,juin,mardi,95:5,68,68224,0,0,2,6,3,1,1,4,1,01,1,2,000,000,1,5,1,3,1,62,3,1,9,00,2,2,1,200600034816B01,7,9,1
200600034833,2006-06-30,2006,juin,vendredi,10:54,69,69142,0,0,2,1,6,1,1,3,2,02,1,1,000,064,1,0,1,3,1,60,5,1,2,00,2,1,13,200600034833A01,7,2/1,2
200600034849,2006-06-26,2006,juin,lundi,85:5,69,69264,0,0,2,1,6,1,1,4,2,03,1,1,000,069,1,0,1,1,1,27,1,1,9,00,1,7,1,200600034849A01,,,
200600034854,2006-06-28,2006,juin,mercredi,14:00,69,69264,0,0,2,1,3,1,1,2,2,02,2,1,000,000,1,2,1,4,1,13,5,1,9,00,2,1,1,200600034854B01,7,9,1
200600034870,2006-06-03,2006,juin,samedi,16:20,70,70550,0,0,2,2,3,1,1,4,2,02,1,1,000,032,1,0,1,4,1,18,5,1,2,00,2,1,1,200600034870B01,7,1,1
200600034909,2006-06-13,2006,juin,mardi,17:05,72,72181,0,0,2,1,1,1,1,9,1,01,1,-1,000,076,1,0,1,4,2,43,9,1,2,00,0,1,1,200600034909B01,7,1,1
200600034914,2006-06-17,2006,juin,samedi,21:00,72,72181,0,0,2,1,6,5,1,9,2,02,1,1,000,080,1,0,1,3,1,47,9,1,2,00,0,1,1,200600034914B01,7,1,1
200600034917,2006-06-19,2006,juin,lundi,14:05,72,72181,0,0,2,2,3,1,1,4,2,03,1,1,000,093,1,5,1,4,2,13,2,1,9,00,0,7,19,200600034917B01,7,1,1
200600034926,2006-06-24,2006,juin,samedi,14:6,72,72181,0,0,2,1,3,5,1,2,2,02,1,1,000,100,1,0,1,4,1,18,5,1,9,00,0,7,1,200600034926B01,7,0,1
200600034959,2006-06-06,2006,juin,mardi,18:35,74,74012,0,0,2,3,3,1,1,4,2,02,1,1,000,060,1,0,1,3,2,55,1,1,2,00,2,1,1,200600034959B01,7,16,1
200600034970,2006-06-13,2006,juin,mardi,73:5,74,74281,0,0,2,3,2,1,1,4,2,02,1,1,000,105,1,0,5,3,1,30,5,1,2,00,2,1,1,200600034970B01,7,16,1
200600034983,2006-06-06,2006,juin,mardi,83:0,75,75007,0,0,2,1,3,1,1,4,1,02,1,1,000,060,1,0,1,4,2,34,1,0,0,00,2,2,1,200600034983B01,7,22,1
200600034984,2006-06-06,2006,juin,mardi,18:50,75,75012,0,0,2,3,3,1,1,4,1,02,1,1,000,060,1,0,1,4,1,63,5,0,0,00,2,3,1,200600034984B01,7,16,1
200600034994,2006-06-09,2006,juin,vendredi,11:25,75,75020,0,0,2,2,3,1,1,4,2,02,1,1,000,060,1,0,1,3,2,50,1,0,0,00,2,3,1,200600034994B01,18,16,1
200600034998,2006-06-10,2006,juin,samedi,11:40,75,75011,0,0,2,1,3,1,1,4,2,02,1,1,000,060,1,0,1,3,1,14,5,0,0,00,2,3,11,200600034998A01,5,1,1
200600035019,2006-06-01,2006,juin,jeudi,10:30,75,75016,0,0,2,1,2,1,1,4,2,02,1,1,000,060,1,0,1,4,1,16,5,0,0,00,2,1,2,200600035019A01,10,2,1
200600035031,2006-06-02,2006,juin,vendredi,12:10,75,75018,0,0,2,2,3,1,1,4,1,01,1,1,000,030,1,0,1,4,1,36,4,0,0,00,2,1,1,200600035031B01,7,1,1
200600035037,2006-06-03,2006,juin,samedi,14:09,75,75001,0,0,2,3,6,1,1,4,1,03,1,1,000,090,1,0,1,1,1,28,5,0,0,00,1,1,16,200600035037A01,,,
200600035038,2006-06-02,2006,juin,vendredi,10:58,75,75013,0,0,2,2,6,1,1,4,2,02,1,1,000,060,1,0,1,1,1,26,5,0,0,00,1,1,16,200600035038A01,,,
200600035039,2006-06-03,2006,juin,samedi,10:0,75,75007,0,0,2,3,3,5,1,4,2,02,1,1,000,060,1,0,1,1,1,45,5,0,0,00,2,3,1,200600035039A01,5,1,1
200600035047,2006-06-03,2006,juin,samedi,16:02,75,75015,0,0,2,1,6,1,1,4,1,03,1,1,000,090,1,0,1,4,2,58,5,0,0,00,1,1,1,200600035047A01,,,
200600035053,2006-06-03,2006,juin,samedi,22:0,75,75011,0,0,2,2,3,5,1,4,1,02,1,1,000,060,1,0,1,4,1,29,9,0,0,00,2,3,1,200600035053B01,7,1,1
200600035057,2006-06-02,2006,juin,vendredi,17:55,75,75001,0,0,2,1,3,1,1,4,1,03,1,1,000,090,1,0,1,4,1,19,5,0,0,00,2,3,18,200600035057A01,18,7,1
200600035067,2006-06-20,2006,juin,mardi,10:45,75,75010,0,0,2,2,3,1,1,4,1,01,1,1,000,030,1,0,1,3,2,21,9,0,0,00,2,3,1,200600035067B01,7,16,1
200600035068,2006-06-01,2006,juin,jeudi,12:35,75,75018,0,0,2,1,3,1,1,4,2,02,1,1,000,060,1,0,1,4,1,24,5,0,0,00,2,3,1,200600035068B01,14,16,1
200600035074,2006-06-03,2006,juin,samedi,18:10,75,75012,0,0,2,1,7,1,1,4,1,02,1,1,000,060,1,0,1,4,1,49,5,1,2,00,0,0,1,200600035074A01,,,
200600035083,2006-06-05,2006,juin,lundi,18:20,75,75011,0,0,2,1,3,1,1,4,2,02,1,1,000,060,1,0,1,4,2,51,4,0,0,00,2,3,15,200600035083A01,2,1,1
200600035084,2006-06-05,2006,juin,lundi,18:10,75,75012,0,0,2,1,3,1,1,4,2,02,1,1,000,060,1,0,1,4,2,58,5,0,0,00,2,3,18,200600035084A01,7,1,1
200600035119,2006-06-07,2006,juin,mercredi,15:00,75,75004,0,0,2,2,3,1,1,4,2,04,1,1,000,120,1,0,1,4,1,36,5,0,0,00,2,1,7,200600035119B01,2,1,1
200600035124,2006-06-07,2006,juin,mercredi,11:40,75,75009,0,0,2,3,3,1,1,4,1,01,1,1,000,030,1,0,1,4,2,19,5,0,0,00,2,3,19,200600035124A01,7,1,1
200600035127,2006-06-07,2006,juin,mercredi,19:15,75,75012,0,0,2,3,3,1,1,4,1,04,1,1,000,120,1,0,1,4,1,36,5,0,0,00,2,1,1,200600035127B01,7,1,1
200600035133,2006-06-07,2006,juin,mercredi,19:15,75,75016,0,0,2,2,6,1,1,4,2,02,1,1,000,060,1,0,1,1,1,37,4,0,0,00,1,1,1,200600035133A01,,,
200600035143,2006-06-08,2006,juin,jeudi,21:10,75,75011,0,0,2,4,3,1,1,4,1,01,1,1,000,030,1,0,1,4,2,40,5,0,0,00,2,3,1,200600035143B01,14,17,1
200600035144,2006-06-08,2006,juin,jeudi,92:0,75,75011,0,0,2,2,7,1,1,4,1,01,1,1,000,030,1,0,1,4,2,49,1,0,0,00,0,0,1,200600035144A01,,,
200600035174,2006-06-09,2006,juin,vendredi,20:20,75,75011,0,0,2,3,6,1,1,4,1,01,1,1,000,030,1,0,1,1,1,28,5,0,0,00,1,1,1,200600035174A01,,,
200600035177,2006-06-09,2006,juin,vendredi,15:30,75,75012,0,0,2,4,3,1,1,4,2,02,1,1,000,060,1,0,1,4,2,24,1,0,0,00,2,6,15,200600035177A01,7,1,1
200600035195,2006-06-10,2006,juin,samedi,23:20,75,75015,0,0,2,1,3,5,1,4,2,02,1,1,000,060,1,0,1,4,2,51,5,0,0,00,2,1,1,200600035195B01,7,22,1
200600035201,2006-06-10,2006,juin,samedi,11:00,75,75018,0,0,2,4,3,1,1,4,1,02,1,1,000,060,1,0,1,4,1,57,5,0,0,00,2,1,1,200600035201B01,7,22,1
200600035202,2006-06-11,2006,juin,dimanche,14:30,75,75016,0,0,2,1,3,1,1,4,2,02,1,1,000,060,1,0,1,4,1,16,5,0,0,00,2,1,1,200600035202B01,7,11,1
200600035204,2006-06-11,2006,juin,dimanche,17:15,75,75016,0,0,2,2,3,1,1,4,2,08,1,1,000,240,1,0,1,4,1,7,5,0,0,00,2,1,1,200600035204A01,7,1,1
200600035213,2006-06-11,2006,juin,dimanche,15:10,75,75013,0,0,2,3,3,1,1,4,2,02,1,1,000,060,1,0,1,4,2,54,5,0,0,00,2,1,1,200600035213B01,7,22,1
200600035230,2006-06-13,2006,juin,mardi,73:0,75,75017,0,0,2,1,6,1,1,4,2,04,1,1,000,120,1,0,1,1,1,41,4,0,0,00,1,1,1,200600035230A01,,,
200600035235,2006-06-12,2006,juin,lundi,84:0,75,75008,0,0,2,2,3,1,1,4,2,04,1,1,000,120,1,0,1,4,1,33,1,0,0,00,2,2,1,200600035235B01,2,0,1
200600035240,2006-06-13,2006,juin,mardi,21:35,75,75011,0,0,2,3,6,1,1,4,1,03,1,1,000,090,1,0,1,1,1,55,5,0,0,00,1,1,1,200600035240A01,,,
200600035242,2006-06-12,2006,juin,lundi,17:35,75,75008,0,0,2,3,3,1,1,4,2,04,1,1,000,120,1,0,1,4,1,47,4,1,2,00,2,1,1,200600035242A01,7,15,1
200600035249,2006-06-13,2006,juin,mardi,84:0,75,75001,0,0,2,1,3,1,1,4,2,02,1,1,000,060,1,0,1,4,1,36,1,0,0,00,2,1,1,200600035249B01,14,24,1
200600035255,2006-06-12,2006,juin,lundi,84:5,75,75005,0,0,2,1,7,1,1,4,1,03,1,1,000,090,9,0,1,4,2,54,4,0,0,00,0,0,1,200600035255A01,,,
200600035259,2006-06-24,2006,juin,samedi,14:00,75,75005,0,0,2,1,3,1,1,4,1,02,1,1,000,060,1,0,1,4,1,23,5,1,2,00,2,2,1,200600035259B01,10,9,1
200600035262,2006-06-13,2006,juin,mardi,12:00,75,75010,0,0,2,3,3,1,1,4,1,01,1,1,000,030,1,0,1,4,2,37,5,1,2,00,2,3,1,200600035262B01,7,16,1
200600035263,2006-06-13,2006,juin,mardi,85:3,75,75011,0,0,2,2,6,1,1,4,3,02,1,1,010,060,1,0,1,1,1,57,4,0,0,00,1,1,16,200600035263A01,,,
200600035265,2006-06-13,2006,juin,mardi,14:00,75,75019,0,0,2,3,3,1,1,4,1,02,1,1,000,060,1,0,1,4,1,21,5,0,0,00,2,1,19,200600035265A01,7,4,1
200600035284,2006-06-14,2006,juin,mercredi,13:50,75,75013,0,0,2,3,3,1,1,4,2,06,1,1,000,180,1,0,1,4,2,64,4,0,0,00,2,3,7,200600035284B01,7,17,1
200600035290,2006-06-15,2006,juin,jeudi,85:0,75,75006,0,0,2,1,6,1,1,4,1,03,1,1,000,090,1,0,1,1,1,28,4,1,2,00,1,1,7,200600035290A01,,,
200600035327,2006-06-16,2006,juin,vendredi,12:35,75,75012,0,0,2,4,2,1,1,4,2,02,1,1,000,060,1,0,1,1,1,35,5,0,0,00,2,4,21,200600035327A01,1,1,1
200600035327,2006-06-16,2006,juin,vendredi,12:35,75,75012,0,0,2,4,2,1,1,4,2,02,1,1,000,060,1,0,1,4,1,57,5,0,0,00,2,1,1,200600035327B01,1,21,1
200600035352,2006-06-04,2006,juin,dimanche,17:00,75,75020,0,0,2,1,7,1,1,4,2,04,1,1,000,120,1,0,1,4,2,46,5,0,0,00,0,0,21,200600035352A01,,,
200600035356,2006-06-09,2006,juin,vendredi,19:25,75,75018,0,0,2,1,6,1,1,4,1,01,1,1,000,030,1,0,4,1,1,23,5,0,0,00,1,1,1,200600035356A01,,,
200600035389,2006-06-16,2006,juin,vendredi,13:05,75,75007,0,0,2,1,3,1,1,4,1,03,1,1,000,090,1,0,1,4,1,76,5,0,0,00,2,3,15,200600035389B01,2,1,1
200600035399,2006-06-18,2006,juin,dimanche,95:0,75,75019,0,0,2,1,3,1,1,4,3,02,1,1,010,060,1,0,1,4,1,21,5,0,0,00,2,3,19,200600035399A01,7,1,1
200600035406,2006-06-18,2006,juin,dimanche,13:00,75,75013,0,0,2,1,6,1,1,4,2,03,1,1,000,090,1,0,1,4,1,37,5,0,0,00,1,1,1,200600035406A01,,,
200600035409,2006-06-18,2006,juin,dimanche,12:30,75,75008,0,0,2,1,7,1,1,4,2,04,1,1,000,120,1,0,1,4,2,64,5,0,0,00,0,1,12,200600035409A01,,,
200600035413,2006-06-19,2006,juin,lundi,17:20,75,75007,0,0,2,1,3,1,1,4,1,01,1,1,000,030,1,0,1,4,1,40,1,0,0,00,2,1,18,200600035413B01,7,22,1
200600035418,2006-06-19,2006,juin,lundi,16:35,75,75015,0,0,2,1,3,1,1,4,1,01,1,1,000,030,1,0,1,4,2,28,5,0,0,00,2,1,1,200600035418B01,7,22,1
200600035425,2006-06-20,2006,juin,mardi,81:0,75,75018,0,0,2,1,3,1,1,4,2,04,1,1,000,120,1,0,1,4,1,25,4,0,0,00,2,1,1,200600035425B01,14,16,1
200600035439,2006-06-21,2006,juin,mercredi,15:05,75,75015,0,0,2,1,7,1,1,4,1,01,1,1,000,030,1,0,1,4,1,12,5,0,0,00,0,0,1,200600035439A01,,,
200600035446,2006-06-22,2006,juin,jeudi,18:35,75,75016,0,0,2,3,2,1,1,4,2,04,1,1,000,120,1,0,1,4,1,33,5,1,2,00,2,1,2,200600035446A01,7,2,1
200600035452,2006-06-26,2006,juin,lundi,20:04,75,75003,0,0,2,1,3,1,1,4,1,02,1,1,000,060,1,0,4,4,2,41,9,0,0,00,2,1,5,200600035452A01,10,9,1
200600035454,2006-06-26,2006,juin,lundi,18:00,75,75007,0,0,2,3,2,1,1,4,1,01,1,1,000,030,2,0,1,4,1,24,5,0,0,00,2,1,2,200600035454A01,7,23,1
200600035456,2006-06-25,2006,juin,dimanche,13:00,75,75005,0,0,2,3,6,1,2,4,1,01,1,1,000,030,2,0,1,1,1,61,5,0,0,00,1,1,16,200600035456A01,,,
200600035473,2006-06-19,2006,juin,lundi,18:55,75,75004,0,0,2,1,3,1,1,4,2,02,1,1,000,060,1,0,1,4,2,59,4,0,0,00,2,2,19,200600035473A01,2,1,1
200600035474,2006-06-20,2006,juin,mardi,10:05,75,75005,0,0,2,1,1,1,1,4,2,02,1,1,000,060,1,0,1,4,2,27,1,0,0,00,2,1,21,200600035474A01,1,1,1
200600035474,2006-06-20,2006,juin,mardi,10:05,75,75005,0,0,2,1,1,1,1,4,2,02,1,1,000,060,1,0,1,1,1,56,1,0,0,00,2,1,1,200600035474B01,1,21,1
200600035501,2006-06-24,2006,juin,samedi,12:00,75,75015,0,0,2,2,6,1,1,4,1,02,1,1,000,060,1,0,1,3,1,23,5,0,0,12,0,1,1,200600035501A01,,,
200600035509,2006-06-26,2006,juin,lundi,18:00,75,75019,0,0,2,1,7,1,1,4,1,02,1,1,000,060,9,0,1,4,1,14,5,0,0,00,0,0,7,200600035509A01,,,
200600035512,2006-06-27,2006,juin,mardi,18:15,75,75016,0,0,2,3,3,1,1,4,2,02,1,1,000,060,1,0,1,3,1,75,5,0,0,00,2,2,1,200600035512A01,5,1,1
200600035521,2006-06-21,2006,juin,mercredi,14:25,75,75005,0,0,2,2,3,1,1,4,1,04,1,1,000,120,1,0,1,4,2,50,5,0,0,00,2,3,21,200600035521A01,18,17,1
200600035522,2006-06-21,2006,juin,mercredi,83:5,75,75005,0,0,2,1,3,1,1,4,1,02,2,1,000,060,1,0,1,4,2,40,4,0,0,00,2,5,1,200600035522B01,10,22,1
200600035571,2006-06-27,2006,juin,mardi,14:45,75,75003,0,0,2,4,3,1,1,4,1,04,1,1,000,030,1,0,1,4,2,59,5,0,0,00,2,3,11,200600035571A01,7,1,1
200600035601,2006-06-26,2006,juin,lundi,17:20,75,75001,0,0,2,2,3,1,1,4,2,03,1,1,000,090,1,0,1,4,1,43,4,0,0,00,2,1,7,200600035601B01,7,15,1
200600035627,2006-06-29,2006,juin,jeudi,20:30,75,75001,0,0,2,1,7,1,1,4,1,03,1,1,000,090,1,0,1,3,2,39,5,0,0,00,0,0,1,200600035627A01,,,
200600035642,2006-06-29,2006,juin,jeudi,20:30,75,75011,0,0,2,4,6,1,1,4,1,02,1,1,000,060,1,0,1,4,1,7,5,0,0,00,2,6,19,200600035642A01,7,1,1
200600035644,2006-06-29,2006,juin,jeudi,20:15,75,75013,0,0,2,1,3,1,1,4,2,02,1,1,000,060,1,0,1,4,2,32,4,0,0,00,2,2,1,200600035644B01,7,22,1
200600035645,2006-06-29,2006,juin,jeudi,85:2,75,75017,0,0,2,1,6,1,1,4,1,01,1,1,000,030,1,0,1,1,1,44,4,0,0,00,1,1,5,200600035645A01,,,