Num_Acc,date,an,mois,jour,hrmn,dep,com,lat,long,agg,int,col,lum,atm,catr,circ,nbv,prof,plan,lartpc,larrout,surf,infra,situ,grav,sexe,age,trajet,secuexist,equipement,obs,obsm,choc,manv,vehiculeid,typevehicules,manoeuvehicules,numVehicules
200600035648,2006-06-30,2006,juin,vendredi,18:50,75,75005,0,0,2,1,7,1,1,4,1,03,1,1,000,090,1,0,1,4,2,30,5,0,0,00,0,0,21,200600035648A01,,,
200600035665,2006-06-30,2006,juin,vendredi,12:25,75,75004,0,0,2,3,3,1,1,4,2,02,1,1,000,060,1,0,1,4,2,31,5,0,0,00,2,2,15,200600035665A01,7,16,1
200600035671,2006-06-30,2006,juin,vendredi,15:10,75,75017,0,0,2,2,3,1,1,4,1,01,1,1,000,030,1,0,1,4,2,58,5,0,0,00,2,1,1,200600035671B01,7,1,1
200600035691,2006-06-24,2006,juin,samedi,18:35,75,75018,0,0,2,1,7,1,1,4,2,03,1,1,000,090,1,0,1,4,1,25,5,0,0,00,0,0,21,200600035691A01,,,
200600035695,2006-06-12,2006,juin,lundi,17:15,75,75003,0,0,2,4,2,1,1,4,1,02,1,1,000,060,1,0,1,4,2,32,5,0,0,00,2,4,2,200600035695B01,7,2,1
200600035707,2006-06-30,2006,juin,vendredi,14:58,75,75010,0,0,2,4,2,1,1,4,1,01,1,1,000,030,1,0,1,4,2,27,5,0,0,00,2,1,1,200600035707A01,10,20,1
200600035734,2006-06-01,2006,juin,jeudi,11:55,75,75005,0,0,2,1,3,1,1,4,2,03,1,1,000,090,1,0,1,4,1,42,4,0,0,00,2,2,7,200600035734B01,7,22,1
200600035787,2006-06-22,2006,juin,jeudi,11:57,76,76540,0,0,2,1,3,1,1,4,2,02,1,1,000,078,1,0,1,4,1,25,9,1,2,00,2,1,1,200600035787B01,7,15,1
200600035805,2006-06-15,2006,juin,jeudi,11:30,77,77108,0,0,2,1,6,1,1,4,2,03,1,1,000,090,1,0,1,3,1,20,1,1,2,00,2,0,19,200600035805A01,7,1,1
200600035806,2006-06-15,2006,juin,jeudi,16:40,77,77479,0,0,2,1,6,1,1,9,2,01,1,1,000,032,1,0,5,1,1,52,5,1,2,00,1,1,1,200600035806A01,,,
200600035806,2006-06-15,2006,juin,jeudi,16:40,77,77479,0,0,2,1,6,1,1,9,2,01,1,1,000,032,1,0,5,4,2,15,5,0,0,00,1,1,1,200600035806A01,,,
200600035809,2006-06-20,2006,juin,mardi,61:0,77,77307,0,0,2,1,6,1,1,4,2,00,2,-1,000,000,1,0,1,3,1,39,0,1,9,01,0,1,2,200600035809A01,,,
200600035810,2006-06-25,2006,juin,dimanche,91:0,77,77018,0,0,1,1,3,1,3,3,2,02,1,1,000,000,2,0,1,3,1,50,5,1,2,00,2,8,2,200600035810B01,7,1,1
200600035826,2006-06-22,2006,juin,jeudi,20:50,77,77464,0,0,2,1,3,2,1,4,2,02,2,1,000,000,1,0,1,3,1,17,5,1,9,00,2,1,1,200600035826B01,7,15,1
200600035837,2006-06-18,2006,juin,dimanche,10:16,77,77330,0,0,2,1,6,1,1,4,2,02,1,1,000,070,1,0,1,4,1,54,5,0,0,00,2,1,1,200600035837B01,7,9,1
200600035862,2006-06-12,2006,juin,lundi,20:20,77,77146,0,0,2,1,2,1,1,4,2,03,1,1,000,150,1,0,1,3,1,52,5,1,2,01,0,1,2,200600035862B01,17,23,1
200600035874,2006-06-11,2006,juin,dimanche,12:30,78,78005,0,0,2,1,6,1,1,4,2,02,1,1,000,070,1,0,1,4,1,41,0,1,2,00,2,1,2,200600035874A01,7,17,1
200600035874,2006-06-11,2006,juin,dimanche,12:30,78,78005,0,0,2,1,6,1,1,4,2,02,1,1,000,070,1,0,1,1,1,54,0,1,2,00,2,4,2,200600035874B01,7,17,1
200600035886,2006-06-20,2006,juin,mardi,13:05,78,78208,0,0,2,1,3,1,1,4,2,02,1,1,000,070,1,0,1,4,1,14,5,1,2,00,2,8,19,200600035886A01,7,1,1
200600035893,2006-06-05,2006,juin,lundi,12:35,78,78688,0,0,1,1,6,1,1,9,2,00,1,1,000,000,1,0,0,4,1,60,5,1,9,00,1,1,5,200600035893A01,,,
200600035893,2006-06-05,2006,juin,lundi,12:35,78,78688,0,0,1,1,6,1,1,9,2,00,1,1,000,000,1,0,0,4,2,35,5,0,0,00,1,1,5,200600035893A01,,,
200600035897,2006-06-29,2006,juin,jeudi,13:45,78,78297,0,0,2,1,3,1,1,4,2,02,1,1,000,000,1,0,1,4,1,12,5,1,4,00,2,8,19,200600035897B01,7,2,1
200600035916,2006-06-17,2006,juin,samedi,11:10,78,78299,0,0,2,1,6,1,1,4,3,04,1,1,000,000,1,0,1,4,1,68,5,1,2,00,2,8,2,200600035916B01,7,16,1
200600035919,2006-06-09,2006,juin,vendredi,12:50,78,78165,0,0,2,1,1,1,1,4,2,01,1,1,000,070,1,0,5,4,2,54,1,1,9,00,2,1,13,200600035919A01,1,21,1
200600035919,2006-06-09,2006,juin,vendredi,12:50,78,78165,0,0,2,1,1,1,1,4,2,01,1,1,000,070,1,0,5,1,2,18,5,1,9,00,2,1,21,200600035919B01,1,13,1
200600035922,2006-06-22,2006,juin,jeudi,17:25,78,78490,0,0,2,9,2,1,1,4,2,01,1,1,000,054,1,0,1,3,1,25,1,1,9,00,2,1,2,200600035922A01,7,23,1
200600035923,2006-06-26,2006,juin,lundi,20:30,78,78490,0,0,2,1,3,1,1,4,2,01,1,1,000,045,1,0,1,3,1,4,0,1,9,00,0,8,19,200600035923B01,5,21,1
200600035924,2006-06-26,2006,juin,lundi,15:45,78,78490,0,0,2,1,1,1,1,4,2,01,1,2,000,051,1,0,1,4,1,7,0,1,2,00,2,1,15,200600035924B01,7,15,1
200600035930,2006-06-17,2006,juin,samedi,12:25,78,78498,0,0,1,4,3,1,1,4,2,02,2,2,026,064,1,0,1,3,1,49,0,1,2,00,2,0,15,200600035930A01,7,1,1
200600035931,2006-06-02,2006,juin,vendredi,13:10,78,78642,0,0,2,2,6,1,1,3,2,03,-1,1,000,000,1,0,4,4,2,45,4,1,9,00,2,0,1,200600035931B01,7,10,1
200600035949,2006-06-12,2006,juin,lundi,83:0,78,78517,0,0,1,3,1,1,1,4,-1,02,-1,-1,000,000,1,0,5,4,2,12,2,1,9,00,2,1,1,200600035949B01,7,1,1
200600035960,2006-06-17,2006,juin,samedi,11:50,78,78586,0,0,2,2,6,1,1,4,2,02,1,1,000,090,1,0,1,4,2,58,5,1,9,00,2,8,1,200600035960B01,7,16,1
200600035967,2006-06-15,2006,juin,jeudi,63:0,78,78621,0,0,2,3,6,2,2,3,-1,02,1,1,025,065,2,0,5,4,1,29,1,1,9,00,2,7,1,200600035967B01,7,0,1
200600035975,2006-06-24,2006,juin,samedi,10:57,78,78686,0,0,2,1,6,1,1,3,3,02,1,1,000,000,1,0,1,1,1,42,5,1,2,00,1,1,1,200600035975A01,,,
200600035981,2006-06-08,2006,juin,jeudi,20:05,78,78343,0,0,2,1,3,1,1,4,2,02,2,3,000,035,1,0,1,4,1,11,5,1,2,00,2,1,1,200600035981B01,7,0,1
200600035985,2006-06-19,2006,juin,lundi,16:35,78,78646,0,0,2,1,3,1,1,4,2,02,1,1,000,075,1,0,1,3,1,13,5,1,2,00,2,8,19,200600035985B01,7,1,1
200600036000,2006-06-28,2006,juin,mercredi,94:0,80,80001,0,0,2,1,6,1,1,4,1,01,1,1,000,000,1,0,1,3,2,55,9,1,9,01,0,7,17,200600036000B01,7,22,1
200600036010,2006-06-07,2006,juin,mercredi,16:45,80,80021,0,0,2,9,6,1,1,9,-1,01,2,1,000,000,1,0,0,1,1,20,5,1,9,00,1,1,1,200600036010A01,,,
200600036010,2006-06-07,2006,juin,mercredi,16:45,80,80021,0,0,2,9,6,1,1,9,-1,01,2,1,000,000,1,0,0,4,2,19,5,0,0,00,1,1,1,200600036010A01,,,
200600036017,2006-06-12,2006,juin,lundi,83:0,80,80021,0,0,2,1,2,1,1,4,1,01,1,1,000,050,1,0,1,4,2,32,5,1,9,00,2,4,1,200600036017B01,7,1,1
200600036017,2006-06-12,2006,juin,lundi,83:0,80,80021,0,0,2,1,2,1,1,4,1,01,1,1,000,050,1,0,1,4,2,,0,1,9,00,2,4,1,200600036017B01,7,1,1
200600036034,2006-06-24,2006,juin,samedi,15:55,80,80021,0,0,2,1,2,1,1,2,2,05,1,1,020,120,1,0,1,4,1,17,9,1,4,00,2,1,1,200600036034A01,7,1,1
200600036045,2006-06-02,2006,juin,vendredi,13:30,81,81065,0,0,2,1,6,1,1,4,2,02,1,1,000,000,1,0,1,4,1,59,5,1,2,01,0,1,1,200600036045A01,,,
200600036063,2006-06-02,2006,juin,vendredi,22:15,82,82121,0,0,1,1,3,5,1,3,2,02,1,1,000,000,1,0,1,2,1,17,5,1,9,00,2,4,19,200600036063B01,7,17,1
200600036069,2006-06-24,2006,juin,samedi,10:15,82,82121,0,0,2,3,1,1,1,4,2,02,2,1,000,000,1,0,1,3,1,21,5,1,9,00,2,1,0,200600036069B01,7,16,1
200600036081,2006-06-28,2006,juin,mercredi,18:20,83,83118,0,0,2,1,1,1,1,2,2,01,1,3,100,086,1,0,1,2,2,25,5,1,2,00,2,0,1,200600036081B01,7,13,1
200600036085,2006-06-29,2006,juin,jeudi,90:0,83,83069,0,0,1,1,3,1,1,4,2,02,1,1,040,090,1,0,1,3,1,71,5,1,2,00,2,1,1,200600036085B01,13,15,1
200600036100,2006-06-14,2006,juin,mercredi,12:30,83,83126,0,0,2,1,3,1,1,3,2,02,1,2,000,000,1,0,1,4,2,79,5,1,4,00,0,0,1,200600036100B01,7,9,1
200600036135,2006-06-23,2006,juin,vendredi,16:45,83,83137,0,0,2,1,1,1,1,4,2,01,1,1,000,060,1,0,1,4,1,22,0,0,0,00,2,1,5,200600036135B01,7,1,1
200600036143,2006-06-15,2006,juin,jeudi,16:25,84,84007,0,0,2,1,3,1,1,3,1,01,1,1,000,025,1,0,1,4,1,61,0,1,2,00,2,1,15,200600036143B01,7,1,1
200600036144,2006-06-15,2006,juin,jeudi,18:05,84,84007,0,0,2,1,6,1,1,4,2,02,1,1,000,070,1,0,0,4,2,28,1,1,9,00,2,8,15,200600036144B01,2,1,1
200600036150,2006-06-25,2006,juin,dimanche,20:45,84,84007,0,0,2,1,6,2,1,3,2,02,1,1,000,060,1,0,1,4,1,50,5,1,9,00,2,0,0,200600036150B01,7,0,1
200600036154,2006-06-06,2006,juin,mardi,80:7,84,84035,0,0,1,1,3,1,1,4,2,02,1,1,000,070,1,5,1,4,1,65,0,1,9,00,2,7,1,200600036154B01,7,9,1
200600036166,2006-06-03,2006,juin,samedi,10:00,85,85191,0,0,2,3,3,1,1,4,2,02,1,1,000,065,1,0,1,4,1,20,5,0,0,00,2,1,2,200600036166B01,7,15,1
200600036174,2006-06-15,2006,juin,jeudi,12:10,85,85194,0,0,2,2,3,1,1,4,2,00,1,1,000,000,1,0,1,4,1,50,9,1,9,00,2,4,1,200600036174B01,2,2,1
200600036176,2006-06-16,2006,juin,vendredi,19:35,85,85194,0,0,2,1,6,1,1,4,2,00,1,1,000,000,1,0,1,4,1,46,0,1,9,00,2,1,13,200600036176B01,7,1,1
200600036222,2006-06-12,2006,juin,lundi,23:16,87,87085,0,0,2,1,3,5,1,4,1,01,1,1,000,060,1,0,1,4,1,26,5,1,9,00,2,1,1,200600036222A01,33,1,1
200600036277,2006-06-25,2006,juin,dimanche,12:20,91,91514,0,0,2,1,5,1,3,4,2,02,1,1,040,040,2,0,1,4,1,26,5,1,2,00,2,7,1,200600036277C01,7,13/1,2
200600036300,2006-06-21,2006,juin,mercredi,15:15,91,91182,0,0,2,1,3,1,1,4,2,02,1,1,010,000,1,0,1,4,1,35,5,1,2,00,2,1,1,200600036300B01,7,1,1
200600036306,2006-06-24,2006,juin,samedi,15:15,91,91687,0,0,2,1,3,1,1,4,2,02,1,1,000,000,-1,0,1,4,2,7,5,1,2,00,2,7,19,200600036306B01,7,16,1
200600036315,2006-06-17,2006,juin,samedi,21:00,91,91377,0,0,1,1,1,1,1,9,2,02,-1,-1,000,000,1,0,5,3,1,32,5,1,2,00,2,1,0,200600036315A01,1,0,1
200600036315,2006-06-17,2006,juin,samedi,21:00,91,91377,0,0,1,1,1,1,1,9,2,02,-1,-1,000,000,1,0,5,3,1,20,5,1,2,00,2,1,0,200600036315B01,1,0,1
200600036316,2006-06-02,2006,juin,vendredi,84:5,91,91421,0,0,2,3,3,1,1,3,2,02,2,1,000,070,1,0,1,4,1,47,1,1,9,00,0,2,17,200600036316B01,7,15,1
200600036320,2006-06-11,2006,juin,dimanche,14:45,91,91691,0,0,2,1,3,1,1,3,2,02,1,1,000,070,1,0,1,4,1,11,5,1,2,00,2,1,1,200600036320A01,7,23,1
200600036330,2006-06-29,2006,juin,jeudi,75:5,91,91191,0,0,2,1,3,1,1,4,1,01,2,1,000,050,1,0,1,4,1,17,2,1,9,00,2,1,1,200600036330B01,7,20,1
200600036356,2006-06-12,2006,juin,lundi,15:50,92,92004,0,0,2,7,6,1,1,4,1,02,1,1,000,000,1,0,1,3,1,54,1,1,9,00,2,1,16,200600036356B01,15,16,1
200600036378,2006-06-29,2006,juin,jeudi,75:0,92,92012,0,0,2,1,3,1,1,4,1,01,1,1,000,066,1,0,1,4,1,16,2,1,9,00,0,1,2,200600036378B01,7,22,1
200600036379,2006-06-02,2006,juin,vendredi,19:15,92,92032,0,0,2,9,3,1,1,4,1,01,1,3,000,040,1,0,1,4,1,32,1,1,9,00,2,1,1,200600036379A01,7,1,1
200600036380,2006-06-04,2006,juin,dimanche,15:00,92,92071,0,0,2,1,6,1,1,4,-1,01,1,1,000,070,1,6,1,1,1,16,5,1,2,00,0,1,1,200600036380A01,,,
200600036381,2006-06-05,2006,juin,lundi,18:45,92,92019,0,0,2,1,2,1,1,4,2,02,2,1,000,000,1,0,1,4,1,17,5,1,2,00,0,1,1,200600036381B01,7,1,1
200600036382,2006-06-06,2006,juin,mardi,91:5,92,92071,0,0,2,3,3,1,1,4,2,02,1,1,000,040,1,0,1,4,2,16,2,1,9,00,2,1,1,200600036382A01,7,15,1
200600036383,2006-06-09,2006,juin,vendredi,75:0,92,92032,0,0,2,1,3,2,1,2,2,03,2,1,028,090,1,0,1,4,2,22,2,1,2,00,0,8,1,200600036383B01,7,1,1
200600036395,2006-06-18,2006,juin,dimanche,12:00,92,92023,0,0,2,6,6,1,1,3,1,02,1,-1,000,000,1,0,1,4,1,64,5,1,9,00,2,1,1,200600036395B01,10,9,1
200600036403,2006-06-06,2006,juin,mardi,82:5,92,92024,0,0,2,1,3,1,1,4,2,02,1,-1,000,000,1,2,0,4,2,37,1,1,9,00,0,0,1,200600036403B01,13,1,1
200600036406,2006-06-19,2006,juin,lundi,82:0,92,92024,0,0,2,6,3,1,1,3,-1,02,1,-1,000,000,1,0,0,4,2,55,1,1,2,00,2,5,0,200600036406B01,7,2,1
200600036463,2006-06-19,2006,juin,lundi,85:0,92,92048,0,0,2,2,3,1,1,4,2,02,1,1,000,080,1,0,1,4,1,33,9,1,9,00,2,1,16,200600036463B01,7,15,1
200600036473,2006-06-20,2006,juin,mardi,20:50,92,92049,0,0,2,1,3,1,1,3,2,04,1,1,000,061,1,0,1,4,1,42,1,1,9,00,2,1,1,200600036473A01,7,23,1
200600036479,2006-06-04,2006,juin,dimanche,16:55,92,92050,0,0,2,2,3,1,1,4,1,02,1,1,000,060,1,5,1,4,1,27,5,1,2,00,2,1,1,200600036479B01,7,1,1
200600036526,2006-06-09,2006,juin,vendredi,12:10,92,92073,0,0,2,1,2,1,1,3,2,06,1,1,000,000,1,2,1,4,1,38,1,1,9,00,2,4,1,200600036526B01,7,12,1
200600036533,2006-06-01,2006,juin,jeudi,15:45,92,92075,0,0,2,6,2,1,2,3,2,03,1,1,000,123,2,0,1,1,1,18,5,1,9,00,2,4,2,200600036533B01,32,1,1
200600036535,2006-06-07,2006,juin,mercredi,15:25,92,92046,0,0,2,2,3,1,1,4,1,02,1,1,000,000,1,1,1,4,1,16,5,1,2,00,2,1,1,200600036535A01,10,2,1
200600036538,2006-06-26,2006,juin,lundi,14:05,92,92046,0,0,2,1,6,1,1,4,2,02,2,1,000,058,1,0,4,4,2,16,5,1,2,00,2,0,1,200600036538A01,10,9,1
200600036602,2006-06-19,2006,juin,lundi,92:0,93,93029,0,0,2,1,6,1,1,3,2,02,1,1,000,200,1,0,1,3,2,29,5,1,9,01,0,1,1,200600036602B01,13,22,1
200600036604,2006-06-06,2006,juin,mardi,16:45,93,93029,0,0,2,2,3,1,1,4,1,01,1,1,000,050,1,0,1,4,1,13,5,1,9,00,2,1,19,200600036604A01,7,1,1
200600036613,2006-06-26,2006,juin,lundi,17:52,93,93029,0,0,2,1,2,1,1,4,2,02,1,1,000,100,1,0,1,4,1,21,5,1,9,00,2,1,1,200600036613A01,7,20,1
200600036648,2006-06-29,2006,juin,jeudi,22:40,93,93063,0,0,2,3,3,5,1,3,2,03,1,1,000,025,1,5,1,3,1,42,0,1,2,00,2,3,9,200600036648B01,7,1,1
200600036650,2006-06-10,2006,juin,samedi,15:25,93,93046,0,0,2,1,3,1,7,4,2,01,1,1,000,080,1,0,1,3,1,13,9,1,9,00,2,8,15,200600036650A01,7,2,1
200600036654,2006-06-15,2006,juin,jeudi,80:0,93,93046,0,0,2,3,3,1,2,4,2,02,1,1,000,040,2,0,1,3,1,12,2,1,9,00,2,4,15,200600036654A01,7,0,1
200600036658,2006-06-21,2006,juin,mercredi,17:10,93,93074,0,0,2,1,3,1,1,4,1,01,1,1,000,070,1,0,1,3,1,68,0,1,9,00,2,3,15,200600036658A01,7,1,1
200600036659,2006-06-23,2006,juin,vendredi,18:00,93,93046,0,0,2,2,1,1,1,2,3,04,1,1,010,120,1,0,1,3,1,39,5,1,9,00,2,1,10,200600036659A01,7,1,1
200600036675,2006-06-20,2006,juin,mardi,17:30,93,93048,0,0,2,1,3,1,1,4,2,02,1,1,000,060,1,0,1,3,1,50,1,1,2,11,2,8,0,200600036675A01,7,12,1
200600036683,2006-06-18,2006,juin,dimanche,11:00,93,93050,0,0,2,3,3,1,1,2,3,03,1,1,010,091,1,0,1,4,1,40,5,0,0,00,2,1,2,200600036683A01,7,12,1
200600036686,2006-06-28,2006,juin,mercredi,10:50,93,93050,0,0,2,1,3,1,1,4,2,02,1,1,020,048,1,0,1,4,1,12,5,1,9,00,2,1,9,200600036686A01,7,2,1
200600036703,2006-06-29,2006,juin,jeudi,16:45,93,93053,0,0,2,1,2,1,1,3,2,02,1,1,000,060,1,0,1,3,1,52,0,1,9,00,2,4,2,200600036703B01,2,2,1
200600036715,2006-06-02,2006,juin,vendredi,16:50,93,93014,0,0,2,2,3,1,1,2,1,01,1,-1,050,030,1,0,1,3,2,57,0,1,9,00,0,2,2,200600036715B01,7,11,1
200600036729,2006-06-30,2006,juin,vendredi,20:15,93,93077,0,0,2,3,1,1,1,4,1,01,1,1,000,000,1,0,1,4,1,14,0,1,2,00,2,7,5,200600036729A01,7,1,1
200600036735,2006-06-07,2006,juin,mercredi,16:45,93,93066,0,0,2,1,3,1,7,4,1,02,2,-1,000,000,1,0,0,4,2,28,0,1,9,00,0,4,1,200600036735A01,7,2,1
200600036741,2006-06-14,2006,juin,mercredi,40:,93,93066,0,0,2,3,1,5,1,4,2,02,1,1,100,100,1,0,1,3,1,27,0,1,9,00,2,1,9,200600036741A01,7,1,1
200600036759,2006-06-27,2006,juin,mardi,17:40,93,93070,0,0,2,1,3,1,1,9,1,00,2,1,000,060,1,0,1,4,1,27,0,1,9,00,0,0,0,200600036759A01,7,17,1
200600036763,2006-06-22,2006,juin,jeudi,17:00,93,93071,0,0,2,1,3,1,8,4,1,01,1,1,000,030,1,5,1,3,1,16,5,1,9,00,2,8,0,200600036763A01,7,0,1
200600036766,2006-06-10,2006,juin,samedi,17:50,93,93059,0,0,2,1,6,1,1,2,2,04,1,1,000,120,1,0,1,1,1,27,5,1,2,00,1,1,0,200600036766A01,,,
200600036776,2006-06-15,2006,juin,jeudi,18:20,93,93078,0,0,2,1,7,1,7,4,1,01,1,1,000,040,1,0,0,3,2,78,5,1,9,00,0,0,0,200600036776A01,,,
200600036785,2006-06-16,2006,juin,vendredi,17:30,94,94002,0,0,2,3,3,1,1,4,2,02,1,1,000,060,1,0,1,4,1,14,0,1,2,00,2,0,1,200600036785B01,7,15,1
200600036792,2006-06-10,2006,juin,samedi,12:05,94,94071,0,0,2,1,3,1,1,4,2,02,1,1,000,129,1,0,1,4,1,48,5,1,2,01,0,8,2,200600036792B01,7,2,1
200600036809,2006-06-13,2006,juin,mardi,20:30,94,94017,0,0,2,3,3,1,1,2,3,03,1,1,000,115,1,0,1,4,1,13,5,1,9,00,2,1,2,200600036809A01,7,16,1
200600036834,2006-06-01,2006,juin,jeudi,17:15,94,94011,0,0,2,1,6,1,1,4,2,02,1,3,000,060,1,0,1,4,2,21,0,1,2,00,0,0,19,200600036834A01,7,1,1
200600036842,2006-06-13,2006,juin,mardi,17:10,94,94028,0,0,2,1,6,1,1,2,-1,02,1,1,030,060,1,0,1,1,1,31,0,1,9,00,1,1,0,200600036842A01,,,
200600036861,2006-06-28,2006,juin,mercredi,17:45,94,94011,0,0,2,1,6,1,1,6,-1,02,2,-1,000,060,-1,0,0,4,1,8,5,1,9,00,1,1,0,200600036861A01,,,
200600036861,2006-06-28,2006,juin,mercredi,17:45,94,94011,0,0,2,1,6,1,1,6,-1,02,2,-1,000,060,-1,0,0,4,1,7,5,0,0,00,1,1,0,200600036861A01,,,
200600036862,2006-06-29,2006,juin,jeudi,17:30,94,94028,0,0,2,2,3,1,1,2,2,04,1,-1,000,120,-1,0,1,4,1,12,5,1,9,00,2,1,1,200600036862B01,7,2,1
200600036862,2006-06-29,2006,juin,jeudi,17:30,94,94028,0,0,2,2,3,1,1,2,2,04,1,-1,000,120,-1,0,1,4,1,13,0,1,9,00,2,1,1,200600036862B01,7,2,1
200600036867,2006-06-29,2006,juin,jeudi,53:5,94,94033,0,0,2,2,3,2,1,4,2,02,1,-1,000,070,1,0,1,3,1,52,1,1,9,00,2,1,1,200600036867A01,10,1,1
200600036870,2006-06-02,2006,juin,vendredi,14:15,94,94016,0,0,2,1,6,1,1,4,1,00,1,1,000,000,1,0,1,4,1,7,0,1,9,01,0,1,14,200600036870A01,,,
200600036881,2006-06-16,2006,juin,vendredi,17:00,94,94016,0,0,2,1,3,1,2,4,2,00,1,1,000,000,1,0,1,4,1,13,0,1,9,00,2,2,19,200600036881B01,18,1,1
200600036940,2006-06-09,2006,juin,vendredi,19:14,94,94068,0,0,2,1,3,1,1,4,2,02,1,1,000,060,1,0,1,4,1,16,5,1,2,00,2,8,1,200600036940A01,7,1,1
200600036940,2006-06-09,2006,juin,vendredi,19:14,94,94068,0,0,2,1,3,1,1,4,2,02,1,1,000,060,1,0,1,4,1,16,0,1,2,00,2,8,1,200600036940A01,7,1,1
200600036943,2006-06-14,2006,juin,mercredi,10:45,94,94068,0,0,2,1,3,1,1,4,1,01,1,2,000,062,1,0,1,4,1,14,0,1,2,00,2,8,1,200600036943B01,7,1,1
200600036966,2006-06-06,2006,juin,mardi,19:10,94,94080,0,0,2,2,3,1,1,3,2,03,1,1,000,120,1,0,1,4,2,31,1,1,2,00,2,0,1,200600036966A01,7,1,1
200600036998,2006-06-18,2006,juin,dimanche,17:40,95,95018,0,0,2,1,3,1,1,4,3,02,1,1,020,084,1,0,1,4,1,17,5,1,2,00,2,7,19,200600036998B01,7,1,1
200600037020,2006-06-07,2006,juin,mercredi,13:05,95,95219,0,0,2,6,3,1,1,4,1,01,1,1,000,048,1,5,1,4,1,66,5,1,2,00,2,3,15,200600037020B01,7,1,1
200600037038,2006-06-04,2006,juin,dimanche,15:40,95,95306,0,0,2,1,6,1,1,4,2,00,1,1,000,060,1,0,1,1,2,,0,1,2,00,1,1,1,200600037038X01,,,
200600037079,2006-06-22,2006,juin,jeudi,1:,69,69381,0,0,2,1,6,5,1,4,2,04,1,1,104,161,1,0,1,3,2,15,0,1,9,01,0,1,21,200600037079B01,7,22,1
200600037079,2006-06-22,2006,juin,jeudi,1:,69,69381,0,0,2,1,6,5,1,4,2,04,1,1,104,161,1,0,1,1,1,17,0,1,9,01,0,1,21,200600037079B01,7,22,1
200600037254,2006-06-12,2006,juin,lundi,10:50,91,91377,0,0,1,1,2,1,1,2,3,04,1,1,015,140,1,0,1,3,1,38,5,1,9,00,0,0,2,200600037254A01,7,2,1
200600037373,2006-06-01,2006,juin,jeudi,12:5,69,69383,0,0,2,1,3,5,1,4,2,02,1,1,000,000,1,0,1,1,1,25,4,1,9,00,2,8,13,200600037373A01,5,1,1
200600037382,2006-06-13,2006,juin,mardi,22:35,69,69383,0,0,2,2,3,5,1,4,1,01,1,1,000,000,1,0,1,4,1,48,5,1,9,00,2,4,5,200600037382B01,7,1,1
200600037386,2006-06-10,2006,juin,samedi,92:5,69,69383,0,0,2,1,6,1,1,4,1,01,1,1,000,000,1,0,1,4,2,22,4,1,2,00,2,2,0,200600037386B01,7,22,1
200600037391,2006-06-19,2006,juin,lundi,92:0,69,69386,0,0,2,1,6,1,1,4,2,04,1,1,000,000,1,0,4,1,1,53,4,1,9,00,1,1,1,200600037391A01,,,
200600037403,2006-06-28,2006,juin,mercredi,16:20,69,69386,0,0,2,1,3,1,1,4,1,01,1,1,000,000,1,0,1,4,1,47,5,1,9,00,2,1,1,200600037403B01,7,22,1
200600037424,2006-06-13,2006,juin,mardi,14:10,69,69385,0,0,2,1,6,1,1,4,1,01,2,1,000,054,1,0,1,3,1,18,0,1,9,00,9,1,5,200600037424A01,99,2,1
200600037457,2006-06-11,2006,juin,dimanche,10:30,69,69388,0,0,2,1,6,1,7,4,1,01,1,1,000,066,1,0,1,4,1,27,1,1,9,01,0,1,1,200600037457B01,7,24,1
200600037518,2006-06-09,2006,juin,vendredi,10:00,69,69389,0,0,2,7,3,1,1,2,-1,02,1,1,000,000,1,0,2,4,2,24,5,1,9,00,2,1,1,200600037518B01,20,12,1
200600037575,2006-07-05,2006,juillet,mercredi,12:40,01,01053,0,0,2,6,3,1,1,3,2,02,1,2,000,148,1,0,1,4,2,38,9,1,9,00,2,3,1,200600037575B01,7,9,1
200600037578,2006-07-19,2006,juillet,mercredi,22:40,01,01053,0,0,2,1,3,5,1,4,1,01,1,1,000,060,1,0,1,3,1,28,0,1,9,00,2,1,19,200600037578B01,7,1,1
200600037580,2006-07-31,2006,juillet,lundi,17:55,01,01053,0,0,2,6,3,1,1,3,2,02,1,-1,000,000,1,0,1,3,1,29,5,1,2,00,2,7,1,200600037580B01,7,1,1
200600037595,2006-07-08,2006,juillet,samedi,13:50,03,03185,0,0,2,2,1,1,1,4,2,02,2,2,000,080,1,0,1,3,2,58,0,1,2,00,2,1,1,200600037595B01,7,15,1
200600037607,2006-07-08,2006,juillet,samedi,15:10,03,03310,0,0,2,3,2,1,1,4,2,02,1,1,000,100,1,0,1,1,1,42,1,1,2,00,2,8,15,200600037607B01,30,17,1
200600037644,2006-07-03,2006,juillet,lundi,20:30,06,06123,0,0,2,1,3,1,1,4,2,02,1,1,000,063,1,0,1,4,1,13,0,1,9,00,2,1,16,200600037644A01,7,15,1
200600037675,2006-07-10,2006,juillet,lundi,14:30,06,06029,0,0,2,1,3,1,1,3,2,04,2,1,000,136,1,0,1,4,1,11,5,1,2,00,2,8,1,200600037675B01,7,17,1
200600037675,2006-07-10,2006,juillet,lundi,14:30,06,06029,0,0,2,1,3,1,1,3,2,04,2,1,000,136,1,0,1,4,2,11,0,1,9,00,2,8,1,200600037675B01,7,17,1
200600037691,2006-07-23,2006,juillet,dimanche,85:7,06,06029,0,0,2,1,3,1,1,2,2,02,1,1,000,074,1,0,1,4,1,21,4,1,2,00,2,1,1,200600037691B01,7,14,1
200600037697,2006-07-26,2006,juillet,mercredi,10:50,06,06029,0,0,2,1,3,1,1,4,2,04,1,1,000,114,1,0,1,3,1,38,5,1,9,00,2,3,18,200600037697B01,7,22,1
200600037699,2006-07-27,2006,juillet,jeudi,17:45,06,06029,0,0,2,1,3,1,1,3,2,02,1,1,000,064,1,0,1,4,1,13,5,1,9,00,2,1,5,200600037699A01,7,16,1