Num_Acc,date,an,mois,jour,hrmn,dep,com,lat,long,agg,int,col,lum,atm,catr,circ,nbv,prof,plan,lartpc,larrout,surf,infra,situ,grav,sexe,age,trajet,secuexist,equipement,obs,obsm,choc,manv,vehiculeid,typevehicules,manoeuvehicules,numVehicules
200600037699,2006-07-27,2006,juillet,jeudi,17:45,06,06029,0,0,2,1,3,1,1,3,2,02,1,1,000,064,1,0,1,4,1,12,0,1,9,00,2,1,5,200600037699A01,7,16,1
200600037714,2006-07-09,2006,juillet,dimanche,85:5,06,06069,0,0,2,1,3,1,1,4,2,02,1,1,000,080,1,0,1,4,1,46,5,1,2,00,2,1,1,200600037714B01,7,22,1
200600037740,2006-07-02,2006,juillet,dimanche,12:40,06,06159,0,0,2,1,3,1,1,4,2,02,3,1,000,060,1,0,1,4,2,40,5,1,2,00,2,0,2,200600037740A01,1,2,1
200600037740,2006-07-02,2006,juillet,dimanche,12:40,06,06159,0,0,2,1,3,1,1,4,2,02,3,1,000,060,1,0,1,4,1,42,5,1,2,00,2,0,2,200600037740B01,1,2,1
200600037744,2006-07-03,2006,juillet,lundi,11:10,06,06088,0,0,2,1,2,1,1,4,1,02,1,1,000,053,1,0,1,3,1,51,5,1,9,00,2,0,2,200600037744A01,7,23,1
200600037749,2006-07-03,2006,juillet,lundi,17:00,06,06088,0,0,2,1,6,1,1,4,-1,00,1,1,000,000,1,0,4,1,1,19,0,1,9,00,1,0,0,200600037749A01,,,
200600037819,2006-07-23,2006,juillet,dimanche,83:5,06,06088,0,0,2,2,5,1,1,4,1,01,1,1,000,062,1,0,1,4,1,51,0,1,4,00,2,0,0,200600037819C01,7,2,2
200600037847,2006-07-03,2006,juillet,lundi,93:0,07,07281,0,0,2,6,6,1,1,4,1,02,1,2,050,071,1,5,1,4,2,54,5,1,9,00,2,1,1,200600037847B01,7,1,1
200600037848,2006-07-14,2006,juillet,vendredi,92:0,07,07070,0,0,1,1,4,1,1,2,2,02,1,1,000,065,1,0,1,1,1,52,5,1,2,00,2,4,1,200600037848D01,7,1,1
200600037848,2006-07-14,2006,juillet,vendredi,92:0,07,07070,0,0,1,1,4,1,1,2,2,02,1,1,000,065,1,0,1,4,2,51,5,1,2,00,2,1,2,200600037848C01,7,1,1
200600037848,2006-07-14,2006,juillet,vendredi,92:0,07,07070,0,0,1,1,4,1,1,2,2,02,1,1,000,065,1,0,1,3,1,56,5,1,2,00,2,4,1,200600037848B01,7,1,1
200600037865,2006-07-17,2006,juillet,lundi,80:0,10,10387,0,0,2,6,3,1,1,4,1,01,1,3,000,040,1,0,1,4,2,62,5,1,9,00,0,0,1,200600037865B01,7,16,1
200600037896,2006-07-25,2006,juillet,mardi,81:0,13,13004,0,0,1,3,3,1,1,3,2,02,1,1,000,062,1,0,5,3,1,52,5,1,9,00,2,8,1,200600037896B01,7,14,1
200600037937,2006-07-06,2006,juillet,jeudi,14:55,13,13055,0,0,2,1,6,1,1,4,1,01,1,1,000,000,1,0,1,4,1,65,0,1,2,00,2,4,0,200600037937A01,,,
200600037945,2006-07-05,2006,juillet,mercredi,74:0,13,13055,0,0,2,6,3,1,1,4,2,02,1,1,000,090,1,0,1,4,1,20,1,0,0,00,0,5,16,200600037945B01,7,9,1
200600037957,2006-07-08,2006,juillet,samedi,20:00,13,13002,0,0,2,1,3,1,1,4,2,02,2,1,000,115,1,0,1,1,1,17,5,1,9,00,2,3,1,200600037957B01,7,14,1
200600037957,2006-07-08,2006,juillet,samedi,20:00,13,13002,0,0,2,1,3,1,1,4,2,02,2,1,000,115,1,0,1,4,1,12,0,1,9,00,2,3,1,200600037957B01,7,14,1
200600038036,2006-07-26,2006,juillet,mercredi,62:5,13,13055,0,0,2,1,6,2,1,4,2,03,2,1,000,100,1,0,1,1,1,42,0,1,9,00,1,0,18,200600038036A01,,,
200600038044,2006-07-25,2006,juillet,mardi,14:15,13,13055,0,0,2,1,6,1,1,4,2,01,1,1,000,000,1,0,1,4,1,41,5,0,0,00,2,0,0,200600038044A01,,,
200600038094,2006-07-28,2006,juillet,vendredi,84:5,13,13055,0,0,2,1,3,1,1,2,3,04,-1,-1,000,120,1,0,1,4,1,20,0,1,9,00,2,8,19,200600038094B01,3,1,1
200600038131,2006-07-05,2006,juillet,mercredi,16:10,13,13055,0,0,2,3,1,1,1,4,2,00,-1,-1,000,055,1,0,1,3,1,58,0,0,0,00,2,1,12,200600038131B01,5,16,1
200600038199,2006-07-15,2006,juillet,samedi,92:0,14,14333,0,0,2,1,6,1,1,3,2,02,1,1,104,054,1,0,1,4,1,24,5,1,9,00,5,1,1,200600038199A01,,,
200600038202,2006-07-05,2006,juillet,mercredi,20:40,14,14366,0,0,2,1,3,1,1,6,2,00,1,1,000,120,1,0,0,3,1,7,5,1,2,00,2,7,1,200600038202A01,7,1,1
200600038215,2006-07-10,2006,juillet,lundi,11:30,17,17291,0,0,1,1,2,1,1,3,2,01,1,4,000,040,1,2,1,4,1,62,5,1,9,00,2,4,2,200600038215B01,7,1,1
200600038220,2006-07-16,2006,juillet,dimanche,12:35,17,17300,0,0,2,1,3,1,1,4,2,01,1,1,000,070,1,0,1,4,2,62,5,1,9,00,2,1,1,200600038220B01,7,15,1
200600038225,2006-07-20,2006,juillet,jeudi,11:20,17,17291,0,0,2,3,3,1,1,4,2,02,1,3,000,050,1,5,1,4,1,63,5,1,9,00,2,7,1,200600038225B01,7,9,1
200600038229,2006-07-24,2006,juillet,lundi,18:35,17,17300,0,0,2,1,6,1,1,4,2,02,1,1,000,060,1,0,1,4,1,27,5,1,2,00,2,8,1,200600038229B01,34,17,1
200600038257,2006-07-14,2006,juillet,vendredi,18:15,18,18279,0,0,1,1,2,1,1,3,2,02,1,2,000,070,1,0,1,4,1,71,0,1,9,00,2,4,2,200600038257B01,34,2,1
200600038267,2006-07-20,2006,juillet,jeudi,18:25,19,19031,0,0,2,9,2,1,1,4,2,03,1,1,000,000,1,0,1,4,2,49,9,1,2,00,2,4,2,200600038267B01,7,2,1
200600038268,2006-07-21,2006,juillet,vendredi,94:0,19,19031,0,0,2,1,6,1,1,4,2,02,1,1,000,000,1,0,1,4,1,12,5,1,2,00,2,4,1,200600038268B01,7,2,1
200600038269,2006-07-27,2006,juillet,jeudi,14:25,19,19031,0,0,2,3,3,1,1,4,2,02,1,1,000,000,1,0,1,1,1,40,5,1,2,01,2,0,15,200600038269B01,31,1,1
200600038278,2006-07-31,2006,juillet,lundi,95:0,21,21054,0,0,2,1,6,1,1,4,2,02,1,1,000,000,1,0,1,4,2,80,5,1,2,00,2,8,15,200600038278A01,1,1,1
200600038278,2006-07-31,2006,juillet,lundi,95:0,21,21054,0,0,2,1,6,1,1,4,2,02,1,1,000,000,1,0,1,1,1,19,5,1,2,00,2,1,1,200600038278B01,1,15,1
200600038280,2006-07-01,2006,juillet,samedi,80:9,21,21231,0,0,2,7,2,1,1,2,2,03,1,1,000,100,1,5,0,4,2,29,1,1,2,00,2,3,1,200600038280B01,10,1,1
200600038288,2006-07-07,2006,juillet,vendredi,15:31,21,21355,0,0,2,3,3,1,8,3,2,02,1,1,000,100,1,5,1,4,2,46,5,1,2,00,2,1,1,200600038288B01,7,16,1
200600038302,2006-07-20,2006,juillet,jeudi,14:26,21,21231,0,0,2,1,2,1,1,4,2,02,1,1,000,140,1,0,1,4,1,51,5,1,2,00,2,4,2,200600038302B01,2,2,1
200600038371,2006-07-21,2006,juillet,vendredi,20:10,25,25056,0,0,2,3,6,1,1,4,1,01,1,2,000,060,1,0,1,4,1,26,0,1,2,01,0,1,5,200600038371A01,,,
200600038374,2006-07-27,2006,juillet,jeudi,93:5,25,25056,0,0,2,1,6,1,1,4,1,01,1,1,000,054,1,0,1,1,2,29,5,1,2,00,1,1,1,200600038374A01,,,
200600038379,2006-07-25,2006,juillet,mardi,10:40,25,25580,0,0,2,4,2,1,1,4,3,02,1,3,000,070,1,5,1,3,2,82,3,1,9,00,0,4,2,200600038379B01,7,2,1
200600038385,2006-07-20,2006,juillet,jeudi,11:45,26,26281,0,0,2,3,6,1,1,4,1,02,1,1,000,000,1,0,0,4,2,44,5,1,9,00,0,7,1,200600038385B01,7,9,1
200600038423,2006-07-09,2006,juillet,dimanche,44:5,28,28134,0,0,2,1,6,2,1,4,2,02,2,1,000,000,1,0,1,3,1,19,1,1,4,00,2,1,1,200600038423B01,7,17,1
200600038444,2006-07-13,2006,juillet,jeudi,93:0,29,29232,0,0,2,1,6,1,1,4,1,01,1,1,000,032,1,0,0,1,1,44,9,1,9,00,1,1,1,200600038444A01,,,
200600038444,2006-07-13,2006,juillet,jeudi,93:0,29,29232,0,0,2,1,6,1,1,4,1,01,1,1,000,032,1,0,0,3,2,85,9,0,0,00,1,1,1,200600038444A01,,,
200600038453,2006-07-28,2006,juillet,vendredi,11:40,30,30007,0,0,2,1,3,1,1,4,1,02,1,1,000,000,1,0,1,3,1,17,5,1,9,00,2,4,1,200600038453B01,31,1,1
200600038484,2006-07-22,2006,juillet,samedi,18:45,30,30189,0,0,2,1,3,1,2,4,2,02,2,1,000,065,1,0,1,3,1,20,5,1,9,00,2,3,1,200600038484A01,7,1,1
200600038486,2006-07-21,2006,juillet,vendredi,15:55,30,30189,0,0,2,1,3,1,1,6,1,01,1,1,000,000,1,1,0,3,1,12,1,1,9,00,2,1,1,200600038486B01,7,1,1
200600038497,2006-07-31,2006,juillet,lundi,11:43,30,30189,0,0,2,1,6,1,1,4,2,04,1,1,010,080,1,0,1,4,1,20,9,1,2,01,0,1,1,200600038497B01,7,22,1
200600038507,2006-07-27,2006,juillet,jeudi,16:15,31,31149,0,0,2,6,2,1,1,4,2,02,1,1,000,026,1,0,1,4,1,45,1,1,2,00,2,7,19,200600038507A01,37,1,1
200600038509,2006-07-03,2006,juillet,lundi,21:05,31,31483,0,0,2,3,6,1,1,4,2,02,1,-1,000,000,1,0,1,3,1,5,5,1,9,00,2,1,1,200600038509B01,7,1,1
200600038509,2006-07-03,2006,juillet,lundi,21:05,31,31483,0,0,2,3,6,1,1,4,2,02,1,-1,000,000,1,0,1,4,2,7,5,1,9,00,2,1,1,200600038509C01,7,1,1
200600038517,2006-07-02,2006,juillet,dimanche,19:35,31,31555,0,0,2,1,6,1,1,4,2,01,1,1,000,072,1,0,1,4,2,23,9,0,0,00,2,1,19,200600038517A01,,,
200600038523,2006-07-04,2006,juillet,mardi,13:30,31,31555,0,0,2,3,3,1,1,4,2,02,1,1,000,095,1,0,1,4,2,21,1,1,2,00,2,1,1,200600038523A01,7,1,1
200600038534,2006-07-06,2006,juillet,jeudi,82:0,31,31555,0,0,2,1,2,1,1,4,2,02,1,1,000,065,1,0,1,4,1,36,1,1,2,00,2,4,1,200600038534B01,7,1,1
200600038546,2006-07-12,2006,juillet,mercredi,90:0,31,31555,0,0,2,3,3,1,1,4,2,01,1,-1,000,058,1,0,1,4,1,43,1,1,2,00,2,1,15,200600038546B01,7,1,1
200600038552,2006-07-14,2006,juillet,vendredi,20:,31,31555,0,0,2,1,3,5,1,4,2,01,1,4,000,068,2,0,1,4,1,17,5,1,9,00,2,7,0,200600038552B01,7,1,1
200600038552,2006-07-14,2006,juillet,vendredi,20:,31,31555,0,0,2,1,3,5,1,4,2,01,1,4,000,068,2,0,1,4,1,15,0,1,2,00,2,7,0,200600038552B01,7,1,1
200600038583,2006-07-28,2006,juillet,vendredi,11:40,31,31555,0,0,2,2,3,1,1,4,1,02,1,1,000,070,1,0,1,4,1,42,9,1,2,00,2,1,0,200600038583A01,31,0,1
200600038598,2006-07-28,2006,juillet,vendredi,90:5,32,32013,0,0,2,3,3,1,1,4,1,01,2,1,018,078,1,0,1,4,1,84,9,1,9,00,2,1,2,200600038598A01,7,15,1
200600038599,2006-07-01,2006,juillet,samedi,17:45,33,33529,0,0,2,6,3,1,1,4,3,02,1,1,048,033,1,0,1,4,2,20,5,1,2,00,2,8,1,200600038599B01,7,16,1
200600038602,2006-07-20,2006,juillet,jeudi,11:50,33,33009,0,0,2,1,1,1,1,4,1,01,1,1,000,036,1,0,1,4,2,16,5,1,2,00,2,1,5,200600038602A01,7,1,1
200600038629,2006-07-11,2006,juillet,mardi,23:30,33,33063,0,0,2,7,5,5,1,4,3,02,1,1,000,000,1,0,1,1,1,28,0,1,9,01,2,4,19,200600038629B01,7,1,1
200600038629,2006-07-11,2006,juillet,mardi,23:30,33,33063,0,0,2,7,5,5,1,4,3,02,1,1,000,000,1,0,1,4,2,25,5,1,9,00,2,1,19,200600038629C01,7,1,1
200600038630,2006-07-11,2006,juillet,mardi,17:15,33,33063,0,0,2,8,3,1,1,4,2,02,1,1,020,100,1,2,1,4,2,17,0,1,9,00,2,1,5,200600038630A01,7,1,1
200600038631,2006-07-12,2006,juillet,mercredi,16:35,33,33063,0,0,2,1,6,1,1,4,2,02,1,1,000,000,1,0,1,1,1,41,0,1,9,00,1,1,1,200600038631A01,,,
200600038632,2006-07-13,2006,juillet,jeudi,74:5,33,33063,0,0,2,1,3,1,1,4,2,02,1,1,000,000,1,0,1,4,1,22,1,1,9,01,0,1,1,200600038632B01,7,24,1
200600038641,2006-07-13,2006,juillet,jeudi,15:05,33,33069,0,0,2,1,3,1,1,6,2,00,1,1,000,000,1,0,1,4,1,85,9,1,9,00,2,2,1,200600038641B01,7,18,1
200600038649,2006-07-23,2006,juillet,dimanche,10:00,33,33063,0,0,2,2,3,1,1,4,3,02,1,1,000,080,1,4,1,4,1,22,9,0,0,00,2,1,1,200600038649A01,7,1,1
200600038689,2006-07-09,2006,juillet,dimanche,94:4,34,34032,0,0,1,1,3,1,1,2,2,04,1,1,000,200,1,0,1,4,1,55,5,1,9,00,2,7,1,200600038689B01,7,14,1
200600038706,2006-07-01,2006,juillet,samedi,20:10,34,34172,0,0,2,1,6,1,1,9,2,02,2,3,000,060,1,0,0,4,1,53,5,1,9,00,2,1,21,200600038706B01,2,21,1
200600038709,2006-07-04,2006,juillet,mardi,93:5,34,34172,0,0,2,1,3,1,1,4,3,02,1,1,005,060,1,0,1,4,1,70,5,1,9,00,0,8,1,200600038709B01,7,17,1
200600038720,2006-07-17,2006,juillet,lundi,17:15,34,34172,0,0,2,1,3,1,1,4,1,02,1,-1,020,060,1,0,1,3,1,71,0,1,2,00,2,8,0,200600038720A01,7,0,1
200600038728,2006-07-22,2006,juillet,samedi,84:5,34,34172,0,0,2,1,6,1,1,4,1,01,2,3,051,042,9,0,1,1,1,14,5,1,2,00,1,1,1,200600038728A01,,,
200600038754,2006-07-05,2006,juillet,mercredi,17:00,35,35238,0,0,1,1,2,1,2,4,2,02,1,1,000,060,2,0,1,3,1,68,5,1,9,00,2,1,1,200600038754A01,7,23,1
200600038774,2006-07-23,2006,juillet,dimanche,19:10,35,35238,0,0,2,2,3,1,1,4,3,02,1,2,000,060,1,0,1,4,1,10,5,1,3,00,2,7,19,200600038774A01,7,1,1
200600038794,2006-07-09,2006,juillet,dimanche,18:10,36,36063,0,0,1,6,3,1,1,2,1,02,1,2,000,080,1,3,1,4,1,31,5,1,2,00,2,7,1,200600038794B01,7,16,1
200600038800,2006-07-17,2006,juillet,lundi,13:30,36,36044,0,0,2,1,1,1,1,4,2,02,1,1,000,100,1,0,1,4,2,48,5,1,4,00,2,1,5,200600038800A01,7,1,1
200600038804,2006-07-20,2006,juillet,jeudi,10:00,36,36044,0,0,2,1,3,1,1,4,2,00,1,1,000,070,1,0,1,4,2,43,9,1,2,00,2,1,5,200600038804A01,7,9,1
200600038806,2006-07-29,2006,juillet,samedi,93:0,36,36044,0,0,2,2,3,1,1,4,2,00,1,1,000,000,1,0,1,4,2,77,5,1,2,00,2,1,15,200600038806B01,7,17,1
200600038814,2006-07-17,2006,juillet,lundi,18:20,37,37261,0,0,2,1,3,1,1,4,2,02,1,1,000,090,1,0,1,3,1,13,0,1,9,00,2,8,0,200600038814A01,7,1,1
200600038842,2006-07-17,2006,juillet,lundi,83:0,38,38423,0,0,2,1,3,1,1,2,2,02,1,1,000,090,1,0,5,4,1,55,0,1,9,01,0,7,1,200600038842A01,10,24,1
200600038843,2006-07-17,2006,juillet,lundi,10:15,38,38169,0,0,2,1,6,1,1,4,2,03,1,1,000,100,1,0,1,4,1,92,9,1,9,00,2,6,19,200600038843B01,10,13,1
200600038844,2006-07-18,2006,juillet,mardi,12:10,38,38185,0,0,2,1,2,1,1,4,-1,00,1,1,000,061,1,4,1,1,1,18,1,1,9,00,2,0,1,200600038844A01,2,2,1
200600038848,2006-07-19,2006,juillet,mercredi,10:10,38,38421,0,0,2,1,1,1,1,4,2,02,1,1,000,070,1,0,1,3,1,25,0,1,2,00,2,1,1,200600038848B01,7,15,1
200600038853,2006-07-26,2006,juillet,mercredi,82:5,38,38185,0,0,2,1,6,1,7,4,1,02,1,1,000,077,1,0,1,4,2,24,0,1,9,00,2,1,1,200600038853B01,7,15,1
200600038856,2006-07-27,2006,juillet,jeudi,19:15,38,38185,0,0,2,1,6,1,1,4,2,02,1,1,000,098,1,0,1,4,2,24,0,1,9,00,2,7,1,200600038856B01,7,24,1
200600038860,2006-07-31,2006,juillet,lundi,10:00,38,38185,0,0,2,1,6,1,1,4,2,04,1,1,000,140,1,0,1,4,1,25,0,1,9,00,2,1,5,200600038860A01,7,15,1
200600038869,2006-07-02,2006,juillet,dimanche,70:5,40,40192,0,0,2,1,6,1,1,3,2,02,1,1,010,120,1,0,1,3,1,72,5,1,2,00,2,1,1,200600038869B01,7,22,1
200600038872,2006-07-05,2006,juillet,mercredi,10:50,41,41018,0,0,2,1,2,1,1,4,2,02,1,1,000,000,1,0,1,4,1,14,5,1,9,00,2,1,2,200600038872A01,7,23,1
200600038881,2006-07-22,2006,juillet,samedi,13:55,41,41269,0,0,2,3,3,1,1,4,2,02,1,1,000,070,1,0,1,1,1,14,4,0,0,00,2,1,1,200600038881A01,7,1,1
200600038881,2006-07-22,2006,juillet,samedi,13:55,41,41269,0,0,2,3,3,1,1,4,2,02,1,1,000,070,1,0,1,4,1,16,0,0,0,00,2,1,1,200600038881A01,7,1,1
200600038883,2006-07-03,2006,juillet,lundi,15:40,42,42044,0,0,2,3,3,1,1,4,2,02,1,1,000,058,1,0,1,4,1,12,5,1,9,00,2,1,17,200600038883A01,7,1,1
200600038885,2006-07-06,2006,juillet,jeudi,15:20,42,42316,0,0,2,3,3,1,1,4,2,02,2,1,000,035,1,0,1,4,1,14,5,1,4,00,2,1,13,200600038885A01,7,1,1
200600038891,2006-07-05,2006,juillet,mercredi,10:30,42,42127,0,0,2,1,6,1,1,3,2,02,1,1,000,070,1,0,1,4,1,65,0,1,2,00,2,8,1,200600038891A01,99,17,1
200600038895,2006-07-10,2006,juillet,lundi,71:0,42,42127,0,0,2,6,7,1,1,3,-1,02,1,1,000,062,1,0,1,4,1,25,1,1,2,00,2,8,1,200600038895A01,7,1,1
200600038901,2006-07-18,2006,juillet,mardi,12:25,42,42127,0,0,2,2,2,1,1,4,2,03,1,1,000,099,1,0,1,4,2,59,1,1,9,00,2,4,1,200600038901A01,7,2,1
200600038916,2006-07-12,2006,juillet,mercredi,54:2,42,42218,0,0,2,2,1,2,1,4,2,02,4,1,000,070,1,5,1,3,1,29,1,1,2,00,2,1,1,200600038916B01,7,15,1
200600038922,2006-07-27,2006,juillet,jeudi,84:0,42,42223,0,0,2,3,7,1,1,4,2,02,1,1,000,070,1,5,1,3,2,68,5,1,2,00,0,0,1,200600038922B01,7,15,1
200600038946,2006-07-13,2006,juillet,jeudi,17:50,44,44055,0,0,2,1,3,1,1,4,2,02,1,1,000,060,1,0,1,4,2,55,5,1,9,00,2,7,0,200600038946B01,7,0,1
200600038952,2006-07-16,2006,juillet,dimanche,10:05,44,44055,0,0,2,1,2,1,1,4,2,02,1,1,000,060,1,0,0,4,1,47,5,1,9,14,0,1,2,200600038952A01,7,23,1
200600038956,2006-07-21,2006,juillet,vendredi,19:45,44,44055,0,0,2,1,3,1,1,4,-1,01,1,1,000,060,1,0,0,4,2,22,0,1,9,00,2,6,0,200600038956B01,7,0,1
200600038970,2006-07-05,2006,juillet,mercredi,17:45,44,44109,0,0,2,1,6,1,1,4,2,01,1,1,000,082,1,0,5,3,1,31,0,1,2,00,2,1,1,200600038970B01,7,16,1
200600038981,2006-07-10,2006,juillet,lundi,95:0,44,44109,0,0,2,1,6,1,1,4,2,02,1,1,000,000,1,0,1,4,1,49,5,1,2,00,2,1,1,200600038981A01,7,1,1
200600038985,2006-07-07,2006,juillet,vendredi,14:45,44,44109,0,0,2,3,6,1,1,4,2,02,2,1,000,000,1,0,1,4,1,4,0,1,9,00,2,1,1,200600038985B01,7,1,1
200600038988,2006-07-15,2006,juillet,samedi,16:20,44,44109,0,0,2,1,3,1,1,4,1,02,2,3,000,040,1,2,1,4,1,49,5,1,2,00,2,0,1,200600038988B01,38,17,1
200600038990,2006-07-15,2006,juillet,samedi,17:30,44,44109,0,0,2,6,6,1,1,4,-1,00,-1,-1,000,000,-1,0,1,4,1,40,0,1,9,01,0,9,0,200600038990B01,7,0,1
200600038996,2006-07-21,2006,juillet,vendredi,19:40,44,44109,0,0,1,2,3,1,1,4,3,02,2,1,100,280,1,0,1,4,1,43,0,1,2,00,2,1,5,200600038996B01,7,1,1
200600039003,2006-07-26,2006,juillet,mercredi,16:30,44,44109,0,0,2,1,2,1,1,4,2,00,1,1,000,088,1,2,1,3,2,50,0,1,2,00,2,4,2,200600039003B01,2,16,1
200600039019,2006-07-18,2006,juillet,mardi,16:40,44,44184,0,0,2,1,2,1,1,4,2,02,1,1,000,000,1,0,1,4,1,28,0,1,9,00,2,4,23,200600039019B01,7,1,1
200600039029,2006-07-03,2006,juillet,lundi,17:25,45,45284,0,0,2,3,3,1,1,4,2,02,1,1,000,074,1,0,1,4,2,32,5,1,2,00,2,1,19,200600039029A01,10,23,1
200600039038,2006-07-13,2006,juillet,jeudi,14:35,45,45234,0,0,2,2,3,1,1,4,2,02,1,1,000,088,1,5,1,4,2,30,5,1,9,00,0,3,1,200600039038B01,7,15,1
200600039042,2006-07-18,2006,juillet,mardi,19:00,45,45234,0,0,2,3,3,1,1,4,1,02,1,1,000,098,1,5,1,4,2,18,5,1,9,00,2,1,1,200600039042A01,10,15,1
200600039043,2006-07-18,2006,juillet,mardi,10:08,45,45234,0,0,2,3,3,1,1,4,3,02,1,1,000,150,1,0,4,4,2,49,1,1,9,00,2,1,1,200600039043A01,7,16,1
200600039047,2006-07-24,2006,juillet,lundi,11:45,45,45234,0,0,2,1,2,1,1,4,2,02,1,3,000,035,1,0,1,4,2,22,9,1,9,00,4,1,5,200600039047A01,40,1,1
200600039053,2006-07-30,2006,juillet,dimanche,22:00,45,45284,0,0,2,1,3,3,1,4,2,02,1,1,000,058,1,0,1,4,1,10,5,1,9,00,2,1,16,200600039053A01,7,1,1
200600039063,2006-07-06,2006,juillet,jeudi,16:49,47,47001,0,0,2,1,2,1,1,2,3,04,1,1,000,130,1,2,1,3,1,53,5,0,0,00,0,4,12,200600039063B01,7,1,1
200600039081,2006-07-06,2006,juillet,jeudi,19:49,49,49007,0,0,2,2,3,1,1,4,1,01,1,-1,000,000,1,5,1,4,1,17,5,1,9,00,2,1,1,200600039081A01,7,1,1
200600039082,2006-07-10,2006,juillet,lundi,19:23,49,49007,0,0,2,2,6,1,1,4,2,03,-1,-1,000,000,-1,0,1,3,1,22,1,1,9,00,2,0,1,200600039082B01,7,15,1
200600039085,2006-07-13,2006,juillet,jeudi,20:06,49,49007,0,0,2,1,2,1,1,4,2,02,1,1,000,000,1,0,1,4,2,48,0,1,9,00,2,4,15,200600039085B01,7,1,1
200600039094,2006-07-20,2006,juillet,jeudi,16:35,49,49007,0,0,2,1,7,1,1,4,2,02,1,1,000,060,1,0,1,4,1,9,0,1,9,12,0,0,16,200600039094A01,,,
200600039099,2006-07-24,2006,juillet,lundi,16:50,49,49246,0,0,2,1,6,1,1,4,2,01,1,-1,000,028,1,0,1,4,2,9,0,1,2,00,2,0,1,200600039099A01,10,1,1
200600039104,2006-07-31,2006,juillet,lundi,21:03,49,49007,0,0,2,3,3,2,2,4,2,02,1,1,000,068,2,5,1,4,1,14,9,1,9,00,2,8,9,200600039104A01,7,1,1
200600039112,2006-07-04,2006,juillet,mardi,11:20,50,50129,0,0,2,1,7,1,1,4,2,02,1,1,000,000,1,0,1,1,1,33,5,1,2,00,1,1,1,200600039112B01,,,
200600039117,2006-07-06,2006,juillet,jeudi,5:,50,50129,0,0,2,1,2,5,1,4,2,02,1,1,000,075,1,0,1,4,1,40,5,1,9,00,2,4,1,200600039117B01,7,0,1
200600039118,2006-07-07,2006,juillet,vendredi,12:20,50,50129,0,0,2,3,7,1,1,4,1,01,1,1,000,000,1,5,1,1,1,28,1,1,2,00,1,1,1,200600039118A01,,,
200600039124,2006-07-16,2006,juillet,dimanche,18:40,50,50129,0,0,2,1,6,1,1,4,2,02,1,1,000,030,1,0,5,1,1,75,5,0,0,00,1,1,1,200600039124A01,,,
200600039124,2006-07-16,2006,juillet,dimanche,18:40,50,50129,0,0,2,1,6,1,1,4,2,02,1,1,000,030,1,0,5,1,1,6,5,1,2,00,1,1,1,200600039124A01,,,
200600039124,2006-07-16,2006,juillet,dimanche,18:40,50,50129,0,0,2,1,6,1,1,4,2,02,1,1,000,030,1,0,5,3,2,72,5,0,0,00,1,1,1,200600039124A01,,,
200600039134,2006-07-28,2006,juillet,vendredi,11:15,50,50129,0,0,2,1,2,1,1,4,3,04,2,1,000,067,1,0,1,1,1,16,5,1,2,00,2,1,2,200600039134A01,2,2,1
200600039135,2006-07-28,2006,juillet,vendredi,15:05,50,50602,0,0,2,1,5,1,1,4,2,02,1,3,000,070,1,0,1,3,1,46,5,1,2,00,2,1,1,200600039135B01,7,13,1
200600039135,2006-07-28,2006,juillet,vendredi,15:05,50,50602,0,0,2,1,5,1,1,4,2,02,1,3,000,070,1,0,1,3,2,12,5,1,2,00,2,1,1,200600039135C01,7,13,1
200600039146,2006-07-01,2006,juillet,samedi,10:00,51,51454,0,0,2,3,3,1,1,4,2,02,1,2,000,000,1,5,1,4,1,36,4,1,2,00,2,1,1,200600039146B01,7,9,1
200600039162,2006-07-31,2006,juillet,lundi,20:50,51,51454,0,0,2,1,3,1,1,4,2,04,1,1,000,000,1,0,1,3,1,25,5,1,9,00,2,3,13,200600039162A01,15,1,1
200600039166,2006-07-29,2006,juillet,samedi,70:6,52,52121,0,0,2,1,7,1,1,4,1,02,1,1,000,058,1,0,1,3,1,29,5,1,2,12,0,1,19,200600039166A01,,,
200600039187,2006-07-07,2006,juillet,vendredi,20:20,54,54395,0,0,2,2,3,1,1,4,1,03,1,1,000,092,1,5,1,4,1,28,5,1,9,00,2,1,1,200600039187A01,7,15,1
200600039195,2006-07-17,2006,juillet,lundi,81:5,54,54578,0,0,1,2,3,1,1,3,2,02,4,3,000,000,1,0,5,4,1,52,5,1,2,00,2,1,1,200600039195B01,7,1,1
200600039196,2006-07-17,2006,juillet,lundi,11:20,54,54578,0,0,2,1,2,1,1,4,2,04,1,1,000,000,1,0,1,3,2,47,5,1,2,00,2,8,1,200600039196B01,7,17,1
200600039200,2006-07-20,2006,juillet,jeudi,13:30,54,54395,0,0,2,1,6,1,1,4,2,02,1,1,000,065,1,0,5,4,2,30,1,1,2,01,0,1,1,200600039200B01,7,24,1
200600039201,2006-07-20,2006,juillet,jeudi,13:55,54,54197,0,0,1,2,3,1,1,4,2,02,1,1,000,047,1,2,1,4,2,39,5,1,2,00,2,1,1,200600039201A01,7,1,1
200600039205,2006-07-24,2006,juillet,lundi,12:15,54,54300,0,0,1,1,6,1,1,4,2,02,1,1,000,000,1,0,1,4,1,43,5,1,2,00,2,1,1,200600039205B01,7,9,1
200600039226,2006-07-26,2006,juillet,mercredi,12:00,55,55545,0,0,1,1,7,1,1,4,2,02,1,1,000,090,1,0,1,4,1,46,1,1,9,00,2,8,1,200600039226B01,7,9,1
200600039236,2006-07-04,2006,juillet,mardi,12:53,56,56121,0,0,2,6,3,1,1,9,1,01,1,2,000,000,1,0,1,4,1,60,0,1,9,00,2,1,1,200600039236B01,7,1,1