Num_Acc,date,an,mois,jour,hrmn,dep,com,lat,long,agg,int,col,lum,atm,catr,circ,nbv,prof,plan,lartpc,larrout,surf,infra,situ,grav,sexe,age,trajet,secuexist,equipement,obs,obsm,choc,manv,vehiculeid,typevehicules,manoeuvehicules,numVehicules
200600040628,2006-07-26,2006,juillet,mercredi,16:55,76,76484,0,0,2,1,2,1,1,3,2,02,3,1,000,070,1,2,1,3,1,11,5,1,9,00,0,4,13,200600040628A01,7,21,1
200600040629,2006-07-07,2006,juillet,vendredi,15:45,76,76351,0,0,2,1,3,1,1,4,2,01,1,1,000,000,1,0,5,4,1,10,5,1,2,00,0,6,1,200600040629B01,30,0,1
200600040636,2006-07-05,2006,juillet,mercredi,16:30,76,76319,0,0,2,1,6,1,1,4,-1,01,1,-1,000,060,1,0,0,1,1,17,0,1,9,00,1,0,0,200600040636A01,,,
200600040636,2006-07-05,2006,juillet,mercredi,16:30,76,76319,0,0,2,1,6,1,1,4,-1,01,1,-1,000,060,1,0,0,4,2,19,0,0,0,00,1,0,0,200600040636A01,,,
200600040644,2006-07-07,2006,juillet,vendredi,10:05,76,76540,0,0,2,1,3,1,1,4,3,02,2,2,000,030,1,4,1,4,1,31,1,1,9,01,0,1,1,200600040644B01,7,22,1
200600040649,2006-07-13,2006,juillet,jeudi,12:10,76,76540,0,0,2,1,5,1,1,4,2,03,2,1,000,075,1,2,1,3,1,47,0,1,9,00,2,2,10,200600040649A01,30/ 7,0/1,2
200600040652,2006-07-12,2006,juillet,mercredi,18:45,76,76108,0,0,2,1,3,1,1,4,2,02,1,1,000,060,1,0,1,4,1,12,0,1,9,00,2,0,15,200600040652A01,7,1,1
200600040655,2006-07-18,2006,juillet,mardi,11:20,76,76681,0,0,2,1,3,1,1,4,2,03,1,3,000,060,1,0,1,3,1,35,0,1,9,00,2,8,0,200600040655B01,7,2,1
200600040656,2006-07-18,2006,juillet,mardi,14:47,76,76540,0,0,2,1,2,1,1,4,1,03,1,1,000,080,1,0,1,4,1,16,5,1,9,00,2,1,1,200600040656A01,7,1,1
200600040662,2006-07-24,2006,juillet,lundi,11:00,76,76410,0,0,2,1,2,1,1,2,2,04,3,1,000,000,1,0,1,4,1,50,5,1,2,00,2,4,2,200600040662A01,7,2,1
200600040663,2006-07-25,2006,juillet,mardi,22:15,76,76498,0,0,2,3,3,2,1,4,2,02,1,1,000,000,1,0,1,3,1,12,5,1,2,00,2,1,19,200600040663A01,7,1,1
200600040663,2006-07-25,2006,juillet,mardi,22:15,76,76498,0,0,2,3,3,2,1,4,2,02,1,1,000,000,1,0,1,4,1,12,0,1,2,00,2,1,19,200600040663A01,7,1,1
200600040679,2006-07-18,2006,juillet,mardi,14:34,77,77070,0,0,1,2,3,1,1,4,2,02,3,1,000,035,1,0,1,4,1,43,5,1,2,00,2,8,0,200600040679B01,7,0,1
200600040683,2006-07-13,2006,juillet,jeudi,18:05,77,77226,0,0,2,2,3,1,1,4,-1,02,1,1,000,052,1,0,1,3,1,77,5,1,9,00,2,8,1,200600040683A01,7,1,1
200600040684,2006-07-13,2006,juillet,jeudi,19:10,77,77442,0,0,1,1,1,1,1,3,2,02,1,1,000,068,1,2,1,3,2,14,5,1,2,00,2,1,5,200600040684A01,7,1,1
200600040704,2006-07-22,2006,juillet,samedi,11:20,77,77143,0,0,1,6,6,1,1,3,2,02,1,-1,000,070,1,5,1,4,1,57,0,1,2,00,2,8,2,200600040704B01,7,14,1
200600040721,2006-07-18,2006,juillet,mardi,83:0,77,77374,0,0,2,2,1,1,1,4,2,02,1,3,000,063,1,5,1,3,1,59,5,1,2,00,2,1,1,200600040721B01,7,15,1
200600040737,2006-07-26,2006,juillet,mercredi,13:35,78,78015,0,0,2,1,7,1,1,4,1,01,1,1,000,030,1,0,1,4,1,16,5,1,9,00,0,7,1,200600040737A01,,,
200600040744,2006-07-10,2006,juillet,lundi,19:50,78,78644,0,0,2,1,7,1,1,4,2,02,1,1,000,060,1,0,0,3,1,17,5,1,9,12,0,0,1,200600040744A01,7,1,1
200600040747,2006-07-28,2006,juillet,vendredi,18:50,78,78297,0,0,2,9,3,1,1,4,2,00,1,-1,000,000,1,0,1,3,2,47,1,1,9,00,2,1,0,200600040747B01,7,0,1
200600040760,2006-07-02,2006,juillet,dimanche,10:55,78,78674,0,0,2,1,3,1,1,4,2,01,1,1,000,066,1,0,1,3,1,37,5,1,2,01,0,1,2,200600040760B01,7,24,1
200600040767,2006-07-01,2006,juillet,samedi,14:00,78,78624,0,0,2,2,3,1,1,3,2,02,-1,-1,000,090,-1,5,1,4,1,40,0,1,2,00,2,0,0,200600040767A01,10,15,1
200600040788,2006-07-21,2006,juillet,vendredi,81:0,78,78073,0,0,1,1,6,1,7,6,2,02,1,3,000,000,1,0,1,4,1,37,5,1,2,00,2,1,1,200600040788B01,7,15,1
200600040789,2006-07-07,2006,juillet,vendredi,14:10,78,78551,0,0,1,1,3,1,1,4,2,02,1,1,000,062,1,0,1,3,2,20,5,1,2,00,2,8,15,200600040789B01,7,1,1
200600040814,2006-07-13,2006,juillet,jeudi,19:35,78,78646,0,0,2,5,3,1,1,4,-1,02,1,1,000,070,1,0,1,4,2,20,1,1,2,00,2,1,1,200600040814B01,7,1,1
200600040822,2006-07-02,2006,juillet,dimanche,94:5,80,80001,0,0,2,1,2,1,1,2,2,01,1,1,000,102,1,0,1,4,1,54,5,1,9,00,0,4,14,200600040822A01,33,0,1
200600040835,2006-07-10,2006,juillet,lundi,16:35,80,80021,0,0,2,1,2,1,1,4,2,02,3,1,000,140,1,0,1,4,1,6,0,1,9,00,2,4,1,200600040835B01,7,1,1
200600040847,2006-07-17,2006,juillet,lundi,33:5,80,80725,0,0,2,1,2,5,1,2,2,02,1,1,000,000,1,0,1,4,2,25,5,1,2,00,2,4,0,200600040847B01,2,1,1
200600040856,2006-07-17,2006,juillet,lundi,18:20,80,80021,0,0,1,1,2,1,1,3,3,05,2,1,000,180,1,0,1,4,1,37,5,1,4,00,2,7,1,200600040856B01,13,1,1
200600040857,2006-07-23,2006,juillet,dimanche,10:20,80,80021,0,0,2,1,3,1,1,4,2,04,1,1,700,500,1,0,1,4,1,5,5,1,9,00,2,1,1,200600040857B01,7,1,1
200600040860,2006-07-28,2006,juillet,vendredi,10:35,80,80021,0,0,2,3,3,1,1,4,2,02,1,1,000,053,1,0,1,4,1,16,5,1,9,00,2,1,15,200600040860A01,37,1,1
200600040866,2006-07-05,2006,juillet,mercredi,18:50,81,81065,0,0,2,3,3,1,1,4,1,03,1,1,000,000,1,0,1,3,2,37,5,1,9,00,2,7,1,200600040866B01,7,19,1
200600040876,2006-07-26,2006,juillet,mercredi,64:5,81,81065,0,0,2,1,3,2,1,4,2,02,1,1,000,060,1,0,1,3,2,60,5,1,9,00,2,1,1,200600040876B01,15,1,1
200600040916,2006-07-26,2006,juillet,mercredi,18:26,83,83126,0,0,2,1,3,1,1,3,3,02,2,1,025,063,1,0,1,1,2,13,5,1,2,00,2,8,19,200600040916A01,32,1,1
200600040941,2006-07-27,2006,juillet,jeudi,90:0,83,83137,0,0,2,1,2,1,1,4,3,01,2,1,000,080,1,0,1,3,1,16,5,1,4,00,2,1,1,200600040941A01,7,23,1
200600040956,2006-07-20,2006,juillet,jeudi,10:50,84,84007,0,0,2,1,6,1,1,4,2,02,1,1,000,070,1,0,0,4,1,69,9,1,2,01,0,1,1,200600040956B01,7,22,1
200600040975,2006-07-31,2006,juillet,lundi,95:0,84,84035,0,0,2,1,3,1,1,4,2,02,1,2,000,070,1,5,1,4,2,16,0,1,4,00,2,7,1,200600040975B01,7,9,1
200600040980,2006-07-01,2006,juillet,samedi,11:05,85,85191,0,0,2,1,6,1,1,4,2,02,1,1,014,120,1,0,1,3,2,61,5,1,2,00,0,0,1,200600040980B01,33,2,1
200600040980,2006-07-01,2006,juillet,samedi,11:05,85,85191,0,0,2,1,6,1,1,4,2,02,1,1,014,120,1,0,1,3,2,24,5,1,2,00,0,4,1,200600040980C01,33,2,1
200600040990,2006-07-11,2006,juillet,mardi,18:30,85,85194,0,0,2,1,2,1,1,4,2,02,2,1,000,055,1,0,1,3,1,18,9,1,2,00,2,1,2,200600040990A01,7,23,1
200600041006,2006-07-25,2006,juillet,mardi,91:0,86,86194,0,0,2,1,3,1,1,3,3,04,1,1,070,230,1,0,1,4,1,72,5,1,9,00,2,3,11,200600041006A01,7,1,1
200600041032,2006-07-19,2006,juillet,mercredi,10:15,87,87085,0,0,2,1,6,1,1,4,2,02,1,1,000,110,1,0,1,3,1,9,5,1,9,00,2,1,5,200600041032B01,7,1,1
200600041037,2006-07-23,2006,juillet,dimanche,95:0,87,87085,0,0,1,1,3,1,1,4,3,04,1,1,000,070,-1,0,1,4,1,61,5,1,4,00,2,1,1,200600041037A01,7,16,1
200600041039,2006-07-24,2006,juillet,lundi,16:42,87,87085,0,0,2,1,3,1,1,4,3,02,1,1,000,118,1,0,1,4,2,22,5,1,9,00,2,7,13,200600041039A01,7,1,1
200600041051,2006-07-18,2006,juillet,mardi,21:05,89,89024,0,0,2,3,1,2,1,4,2,02,2,1,000,000,1,0,1,3,1,59,0,1,9,00,2,1,1,200600041051B01,7,15,1
200600041055,2006-07-14,2006,juillet,vendredi,20:35,90,90010,0,0,2,2,3,1,1,4,1,01,1,1,000,053,1,0,0,4,1,41,9,1,9,00,2,7,1,200600041055A01,7,1,1
200600041058,2006-07-19,2006,juillet,mercredi,20:30,90,90010,0,0,2,1,3,1,1,4,1,02,1,1,000,000,1,0,1,3,1,23,5,1,9,00,2,8,11,200600041058A01,7,1,1
200600041059,2006-07-21,2006,juillet,vendredi,75:0,90,90010,0,0,2,1,6,1,1,4,2,02,1,1,000,000,1,0,1,4,2,31,1,1,9,01,0,1,1,200600041059B01,7,0,1
200600041060,2006-07-22,2006,juillet,samedi,19:35,90,90001,0,0,2,6,3,1,1,3,2,02,1,2,000,000,1,0,1,3,2,41,5,1,9,00,0,7,0,200600041060B01,7,9,1
200600041061,2006-07-29,2006,juillet,samedi,11:40,90,90010,0,0,2,1,2,1,1,4,2,02,2,1,000,065,1,2,1,3,2,55,0,1,9,00,2,3,2,200600041061B01,7,17,1
200600041078,2006-07-24,2006,juillet,lundi,21:50,91,91109,0,0,2,1,3,1,1,4,-1,02,1,1,000,060,1,0,1,4,1,4,5,1,9,00,2,1,0,200600041078B01,7,1,1
200600041091,2006-07-22,2006,juillet,samedi,21:00,91,91434,0,0,2,1,2,1,1,4,2,00,1,1,000,000,1,0,1,4,2,20,5,1,2,00,2,4,1,200600041091B01,7,1,1
200600041093,2006-07-03,2006,juillet,lundi,14:30,91,91345,0,0,1,2,3,1,1,4,2,02,2,1,000,070,1,0,1,3,1,53,5,1,9,00,2,8,1,200600041093A01,31,1,1
200600041098,2006-07-26,2006,juillet,mercredi,80:0,91,91161,0,0,2,3,3,1,1,4,2,02,2,1,000,070,1,0,1,3,1,44,1,1,2,00,2,1,1,200600041098B01,7,15,1
200600041099,2006-07-28,2006,juillet,vendredi,17:55,91,91345,0,0,2,1,3,1,1,4,1,01,1,1,000,040,1,0,1,4,2,24,0,1,9,00,2,3,11,200600041099A01,33,1,1
200600041124,2006-07-08,2006,juillet,samedi,12:25,91,91570,0,0,2,1,6,1,1,4,2,02,1,1,000,000,1,0,1,4,1,37,9,1,9,00,2,1,1,200600041124B01,7,15,1
200600041132,2006-07-21,2006,juillet,vendredi,16:00,92,92004,0,0,2,2,3,1,1,3,2,05,1,3,000,120,1,0,1,4,1,28,0,1,9,00,2,1,21,200600041132A01,7,1,1
200600041143,2006-07-28,2006,juillet,vendredi,20:30,92,92007,0,0,2,1,6,1,1,2,-1,00,1,1,000,000,1,0,0,4,1,25,5,1,9,00,2,1,1,200600041143B01,7,1,1
200600041153,2006-07-13,2006,juillet,jeudi,17:35,92,92012,0,0,2,1,3,1,1,9,1,01,1,1,000,066,1,0,1,4,1,7,5,1,9,00,9,1,19,200600041153A01,7,1,1
200600041166,2006-07-10,2006,juillet,lundi,91:0,92,92071,0,0,2,3,3,2,1,3,2,02,1,1,000,123,1,0,1,4,1,41,1,1,9,00,0,1,1,200600041166B01,7,15,1
200600041170,2006-07-18,2006,juillet,mardi,93:0,92,92060,0,0,2,2,3,1,1,4,2,02,1,1,000,060,1,5,0,4,1,11,0,1,2,00,2,0,19,200600041170B01,7,1,1
200600041174,2006-07-10,2006,juillet,lundi,10:35,92,92024,0,0,2,1,2,1,1,3,3,05,1,1,000,000,1,0,1,4,1,60,9,1,2,00,0,4,1,200600041174B01,7,0,1
200600041204,2006-07-18,2006,juillet,mardi,17:30,92,92036,0,0,2,3,2,1,1,2,2,04,1,1,000,120,1,0,1,4,1,45,1,1,2,00,0,4,1,200600041204B01,7,1,1
200600041219,2006-07-30,2006,juillet,dimanche,11:0,92,92040,0,0,2,4,3,5,1,3,2,02,1,-1,000,100,1,0,1,4,1,37,5,1,2,00,2,8,1,200600041219B01,10,16,1
200600041261,2006-07-31,2006,juillet,lundi,22:05,92,92063,0,0,2,1,2,2,1,4,2,02,2,1,000,087,1,0,1,4,1,14,5,1,9,00,2,1,17,200600041261B01,7,10,1
200600041273,2006-07-07,2006,juillet,vendredi,14:10,92,92072,0,0,2,1,3,1,1,3,3,04,1,1,020,150,1,0,1,4,1,20,5,1,2,00,2,6,19,200600041273A01,7,1,1
200600041283,2006-07-02,2006,juillet,dimanche,12:40,92,92046,0,0,2,2,3,1,1,4,1,02,1,1,000,060,1,1,0,4,1,16,5,1,2,00,2,7,1,200600041283B01,7,1,1
200600041303,2006-07-28,2006,juillet,vendredi,20:35,93,93001,0,0,2,4,6,1,1,9,1,01,1,1,000,000,1,0,1,4,1,20,9,1,9,00,1,8,1,200600041303A01,,,
200600041311,2006-07-18,2006,juillet,mardi,20:15,93,93005,0,0,2,1,2,1,1,4,1,01,1,1,000,040,1,0,1,3,1,23,0,1,4,01,2,7,2,200600041311B01,7,2,1
200600041322,2006-07-28,2006,juillet,vendredi,16:50,93,93007,0,0,2,1,3,1,1,6,-1,02,1,-1,000,000,1,0,0,4,1,16,5,1,9,01,9,2,0,200600041322B01,7,0,1
200600041371,2006-07-18,2006,juillet,mardi,90:0,93,93031,0,0,2,3,3,1,1,2,-1,04,2,-1,000,120,1,0,1,4,1,57,1,1,9,00,0,1,1,200600041371A01,7,16,1
200600041393,2006-07-19,2006,juillet,mercredi,20:00,93,93045,0,0,2,1,3,1,1,9,2,01,2,3,000,000,1,0,1,4,1,29,0,1,9,01,0,1,1,200600041393B01,7,22,1
200600041403,2006-07-10,2006,juillet,lundi,14:40,93,93046,0,0,2,2,3,1,1,2,3,00,1,1,010,150,1,5,1,3,1,22,5,1,9,00,2,1,16,200600041403B01,38,16,1
200600041408,2006-07-03,2006,juillet,lundi,13:00,93,93048,0,0,2,1,3,1,1,4,2,04,1,1,020,020,1,0,1,4,2,29,1,1,2,01,0,8,22,200600041408B01,7,22,1
200600041414,2006-07-18,2006,juillet,mardi,18:00,93,93048,0,0,2,1,3,1,1,4,3,04,1,1,120,120,1,0,1,3,2,39,5,0,0,00,0,8,2,200600041414B01,7,17,1
200600041461,2006-07-06,2006,juillet,jeudi,12:50,93,93066,0,0,2,1,3,1,1,4,2,02,1,1,020,020,1,0,1,3,1,25,0,1,2,01,2,1,5,200600041461B01,14,16,1
200600041470,2006-07-13,2006,juillet,jeudi,15:50,93,93066,0,0,2,3,3,1,7,4,2,02,1,1,000,107,1,0,1,2,1,14,0,0,0,00,2,1,0,200600041470B01,37,16,1
200600041470,2006-07-13,2006,juillet,jeudi,15:50,93,93066,0,0,2,3,3,1,7,4,2,02,1,1,000,107,1,0,1,3,1,5,0,0,0,00,2,1,0,200600041470B01,37,16,1
200600041477,2006-07-21,2006,juillet,vendredi,17:00,93,93039,0,0,2,1,7,1,1,4,2,02,1,1,000,030,1,0,1,3,1,21,0,1,9,00,0,0,21,200600041477B01,7,16,1
200600041516,2006-07-03,2006,juillet,lundi,20:33,94,94002,0,0,2,2,5,2,1,3,1,01,1,1,000,061,1,0,0,4,2,15,5,1,2,01,2,1,1,200600041516C01,30/ 7,1/24,3
200600041555,2006-07-11,2006,juillet,mardi,75:0,94,94053,0,0,2,2,6,1,1,3,2,02,1,1,000,060,1,0,1,3,2,62,0,1,2,00,2,1,2,200600041555A01,7,15,1
200600041580,2006-07-15,2006,juillet,samedi,21:45,94,94028,0,0,2,1,3,2,1,4,2,02,-1,-1,000,060,-1,0,1,4,2,11,5,0,0,00,2,1,9,200600041580B01,7,1,1
200600041592,2006-07-06,2006,juillet,jeudi,15:15,94,94076,0,0,2,3,3,1,1,4,2,00,1,1,000,000,1,0,1,3,1,6,9,1,9,00,2,1,1,200600041592B01,7,1,1
200600041592,2006-07-06,2006,juillet,jeudi,15:15,94,94076,0,0,2,3,3,1,1,4,2,00,1,1,000,000,1,0,1,4,1,7,0,1,9,00,2,1,1,200600041592B01,7,1,1
200600041613,2006-07-16,2006,juillet,dimanche,19:50,94,94021,0,0,2,1,6,1,1,4,2,02,1,1,000,000,1,0,1,4,2,21,0,1,2,00,0,0,1,200600041613A01,,,
200600041646,2006-07-08,2006,juillet,samedi,22:45,94,94068,0,0,2,2,5,2,1,3,2,02,2,1,000,114,1,0,1,4,2,41,5,1,9,00,2,1,19,200600041646C01,7,1,2
200600041649,2006-07-20,2006,juillet,jeudi,14:50,94,94068,0,0,1,1,7,1,1,4,2,02,1,1,011,028,1,0,1,4,2,61,5,1,2,00,2,0,1,200600041649B01,7,0,1
200600041652,2006-07-30,2006,juillet,dimanche,12:33,94,94068,0,0,2,1,2,1,1,4,2,02,1,1,000,059,1,0,1,3,1,56,5,0,0,00,2,4,1,200600041652B01,7,1,1
200600041692,2006-07-02,2006,juillet,dimanche,82:5,95,95063,0,0,2,1,2,1,1,3,2,03,1,1,000,090,1,0,1,2,1,84,5,1,2,00,0,4,2,200600041692B01,7,2,1
200600041707,2006-07-25,2006,juillet,mardi,11:40,95,95491,0,0,2,1,6,1,1,4,2,02,1,1,000,000,1,0,1,4,2,65,5,1,2,00,2,1,1,200600041707B01,7,4,1
200600041727,2006-07-02,2006,juillet,dimanche,82:5,2A,2A004,0,0,2,1,6,1,1,4,2,02,1,1,000,096,1,0,1,3,1,37,1,1,2,01,0,1,1,200600041727B01,7,22,1
200600041748,2006-07-21,2006,juillet,vendredi,19:05,2A,2A004,0,0,2,6,6,1,1,4,2,02,1,1,000,085,1,0,1,4,1,42,9,1,9,00,2,4,1,200600041748B01,7,1,1
200600041762,2006-07-10,2006,juillet,lundi,15:00,69,69381,0,0,2,9,6,1,1,4,2,02,1,1,000,105,1,0,1,1,1,19,0,1,9,00,1,0,0,200600041762A01,,,
200600041763,2006-07-19,2006,juillet,mercredi,15:50,69,69381,0,0,2,9,6,1,1,4,-1,00,1,3,000,000,1,0,1,3,1,16,0,0,0,00,1,1,0,200600041763B01,7,0,1
200600042018,2006-07-09,2006,juillet,dimanche,19:15,69,69383,0,0,2,2,6,1,1,4,2,04,1,1,000,000,1,0,1,4,1,35,9,1,2,00,2,1,1,200600042018B01,7,16,1
200600042027,2006-07-31,2006,juillet,lundi,91:5,69,69383,0,0,2,4,3,1,1,4,1,02,1,1,000,000,1,0,1,4,1,29,4,1,9,00,2,2,15,200600042027B01,7,1,1
200600042082,2006-07-13,2006,juillet,jeudi,10:10,69,69388,0,0,2,1,6,1,1,4,2,02,1,1,000,060,1,0,1,1,2,30,0,1,2,00,1,7,1,200600042082A01,,,
200600042084,2006-07-28,2006,juillet,vendredi,12:40,69,69388,0,0,2,1,3,1,1,4,2,03,1,1,000,000,1,0,4,4,2,28,0,1,9,00,2,1,1,200600042084B01,7,0,1
200600042130,2006-07-02,2006,juillet,dimanche,17:20,69,69389,0,0,2,1,6,1,1,3,3,00,1,1,066,033,1,0,1,4,1,24,5,1,2,00,1,0,0,200600042130A01,,,
200600042202,2006-04-02,2006,avril,dimanche,18:45,59,59360,0,0,2,1,6,1,1,4,2,02,1,1,000,120,1,0,1,4,1,13,9,0,0,00,2,1,13,200600042202A01,7,1,1
200600042216,2006-05-05,2006,mai,vendredi,94:5,59,59328,0,0,2,2,3,1,1,4,2,03,1,1,000,117,1,0,1,4,1,55,5,0,0,00,2,1,1,200600042216B01,7,15,1
200600042227,2006-05-19,2006,mai,vendredi,12:15,59,59328,0,0,2,1,6,1,1,4,2,02,1,1,000,065,1,0,1,4,1,17,5,0,0,00,2,1,15,200600042227A01,7,1,1
200600042238,2006-06-07,2006,juin,mercredi,16:55,59,59009,0,0,2,1,3,1,1,4,2,02,1,1,000,170,1,0,1,4,1,43,9,0,0,00,2,1,1,200600042238B01,7,15,1
200600042242,2006-06-22,2006,juin,jeudi,84:0,59,59350,0,0,2,1,3,1,1,4,2,02,1,1,000,060,1,0,1,4,1,60,5,0,0,00,2,3,1,200600042242B01,7,15,1
200600042251,2006-05-06,2006,mai,samedi,13:05,77,77373,0,0,2,1,3,1,2,3,2,02,1,1,000,061,1,0,1,2,1,72,5,1,9,00,0,7,16,200600042251B01,7,16,1
200600042290,2006-07-01,2006,juillet,samedi,18:30,59,59571,50.188,3.494,2,1,3,1,1,3,2,00,-1,1,000,074,1,0,1,4,1,16,3,0,0,00,2,8,19,200600042290B02,7,1,1
200600042306,2006-07-13,2006,juillet,jeudi,15:30,62,62397,50.87,1.891,1,1,3,1,1,3,2,00,1,1,000,060,1,0,1,4,2,18,0,0,0,00,2,3,15,200600042306B02,7,1,1
200600042308,2006-07-16,2006,juillet,dimanche,20:15,62,62571,50.467,1.579,2,1,3,1,1,3,2,00,1,1,000,058,1,0,1,3,2,11,5,0,0,00,2,1,1,200600042308B02,7,1,1
200600042340,2006-07-13,2006,juillet,jeudi,21:30,80,80222,0,0,1,1,1,1,1,3,3,02,1,1,000,054,1,0,1,2,1,19,5,0,0,00,0,4,0,200600042340B02,7,17,1
200600042344,2006-07-29,2006,juillet,samedi,90:0,80,80721,0,0,2,1,6,1,1,3,2,02,1,1,000,070,1,0,1,3,1,66,5,0,0,00,0,4,2,200600042344A01,,,
200600042369,2006-07-02,2006,juillet,dimanche,84:5,02,02648,0,0,2,1,1,1,1,3,2,00,1,2,000,000,1,0,1,3,1,46,0,0,0,00,2,3,1,200600042369B02,10,17,1
200600042392,2006-07-17,2006,juillet,lundi,17:30,60,60088,0,0,1,1,5,1,1,3,2,02,2,1,000,060,1,0,1,3,1,20,5,0,0,00,0,4,2,200600042392B02,14,2,1
200600042392,2006-07-17,2006,juillet,lundi,17:30,60,60088,0,0,1,1,5,1,1,3,2,02,2,1,000,060,1,0,1,3,1,20,5,0,0,00,0,4,1,200600042392C03,14,2,1
200600042396,2006-07-23,2006,juillet,dimanche,16:45,60,60462,0,0,2,3,1,1,1,9,-1,00,-1,-1,000,000,1,0,4,3,1,26,5,1,2,00,2,1,0,200600042396B02,7,0,1
200600042402,2006-07-24,2006,juillet,lundi,11:45,60,60562,0,0,1,1,1,1,1,3,2,01,1,1,000,055,1,0,1,3,2,69,5,0,0,00,2,2,15,200600042402B02,7,1,1
200600042406,2006-07-04,2006,juillet,mardi,95:0,60,60647,0,0,2,2,1,1,1,2,2,02,1,1,000,088,1,0,1,3,2,59,3,0,0,00,2,0,5,200600042406B02,7,23,1
200600042429,2006-07-30,2006,juillet,dimanche,83:0,76,76631,0,0,1,1,1,1,1,3,2,02,2,2,000,064,-1,0,1,3,1,33,5,1,2,00,2,1,1,200600042429B02,7,15,1
200600042446,2006-07-26,2006,juillet,mercredi,18:00,76,76032,0,0,2,2,3,1,1,4,2,00,2,1,000,050,1,0,1,3,1,13,5,0,0,00,2,1,1,200600042446B02,7,1,1
200600042447,2006-07-20,2006,juillet,jeudi,21:00,76,76587,0,0,2,1,1,1,1,4,2,01,-1,-1,000,024,1,0,1,1,1,17,5,1,2,00,2,8,15,200600042447B02,7,1,1
200600042465,2006-07-12,2006,juillet,mercredi,16:15,27,27056,49.096,0.595,2,1,3,1,1,4,2,02,1,1,000,060,1,0,1,3,2,46,3,0,0,00,2,1,15,200600042465B02,7,1,1
200600042499,2006-07-15,2006,juillet,samedi,22:15,35,35012,0,0,2,1,2,2,1,4,2,00,-1,1,062,000,1,0,1,3,1,10,5,0,0,00,2,1,1,200600042499A01,7,1,1
200600042513,2006-07-25,2006,juillet,mardi,10:45,35,35095,0,0,1,1,1,1,1,3,2,00,1,1,000,067,1,0,1,3,1,61,5,1,2,00,2,1,1,200600042513B02,7,15,1
200600042532,2006-07-17,2006,juillet,lundi,10:30,22,22308,0,0,1,9,1,1,1,4,-1,00,1,-1,000,000,1,0,1,3,1,78,5,0,0,00,0,0,5,200600042532B02,21,5,1
200600042537,2006-07-26,2006,juillet,mercredi,93:0,22,22201,48.094,2.511,1,1,1,1,1,3,2,00,1,3,000,040,1,0,1,4,2,54,5,1,2,00,2,7,15,200600042537A01,7,1,1
200600042569,2006-07-27,2006,juillet,jeudi,11:15,29,29195,48.635,-4.542,1,1,1,1,1,4,2,00,1,1,000,050,1,0,1,1,1,13,5,0,0,00,2,3,15,200600042569A01,1,1,1
200600042569,2006-07-27,2006,juillet,jeudi,11:15,29,29195,48.635,-4.542,1,1,1,1,1,4,2,00,1,1,000,050,1,0,1,4,1,55,5,0,0,00,2,1,1,200600042569B02,1,15,1
200600042576,2006-07-08,2006,juillet,samedi,19:45,29,29184,0,0,1,2,1,1,1,3,2,02,-1,3,000,000,1,0,1,3,1,16,0,0,0,00,0,6,15,200600042576B02,7,15,1
200600042578,2006-07-02,2006,juillet,dimanche,10:00,56,56008,0,0,1,1,1,1,1,3,2,02,1,1,000,000,1,0,1,3,1,42,5,1,2,00,2,1,1,200600042578B02,7,15,1
200600042580,2006-07-18,2006,juillet,mardi,85:0,56,56206,47.691,-2.765,1,1,2,1,1,3,2,02,1,1,000,065,1,0,1,3,1,56,5,0,0,00,0,4,1,200600042580B02,7,17,1
200600042586,2006-07-25,2006,juillet,mardi,80:0,56,56015,0,0,1,1,2,1,1,3,2,02,4,1,060,000,1,0,1,2,1,60,5,1,2,00,0,4,2,200600042586B02,7,2,1
200600042587,2006-07-04,2006,juillet,mardi,93:8,56,56262,0,0,1,1,1,1,1,3,-1,00,-1,-1,000,000,-1,0,0,3,1,81,5,1,2,00,2,4,15,200600042587A01,7,1,1
200600042610,2006-07-23,2006,juillet,dimanche,11:00,14,14516,0,0,1,1,1,1,1,3,2,00,-1,1,000,078,9,0,1,2,1,60,5,1,2,00,0,0,21,200600042610A01,1,1,1
200600042610,2006-07-23,2006,juillet,dimanche,11:00,14,14516,0,0,1,1,1,1,1,3,2,00,-1,1,000,078,9,0,1,3,1,50,5,1,2,00,9,0,1,200600042610B02,1,21,1
200600042626,2006-07-30,2006,juillet,dimanche,10:30,14,14070,49.195,-0.046,1,1,5,1,1,3,2,00,-1,3,000,000,2,0,1,3,1,65,5,1,2,00,2,1,1,200600042626B02,7,1,1
200600042626,2006-07-30,2006,juillet,dimanche,10:30,14,14070,49.195,-0.046,1,1,5,1,1,3,2,00,-1,3,000,000,2,0,1,3,1,50,5,1,2,00,2,1,1,200600042626C03,7,1,1
200600042638,2006-07-23,2006,juillet,dimanche,18:15,50,50159,49.045,-1.218,2,1,6,1,1,3,2,00,2,-1,000,040,1,0,1,2,1,6,5,0,0,00,2,1,19,200600042638B02,7,1,1
200600042643,2006-07-04,2006,juillet,mardi,15:45,50,50167,48.716,-1.497,2,1,3,1,1,4,1,00,2,1,000,042,-1,0,1,3,1,9,5,1,2,00,2,1,19,200600042643B02,7,1,1
200600042677,2006-07-11,2006,juillet,mardi,19:55,61,61508,0,0,2,4,1,1,1,3,2,02,1,1,000,060,1,0,1,3,2,52,5,0,0,00,0,0,1,200600042677A01,15,15,1
200600042703,2006-07-07,2006,juillet,vendredi,17:00,44,44113,0,0,2,1,1,1,1,3,-1,01,-1,1,000,050,1,0,1,4,1,59,5,0,0,00,2,1,1,200600042703B02,7,15,1
200600042717,2006-07-29,2006,juillet,samedi,19:15,44,44187,47.211,-2.043,2,1,1,1,1,4,2,02,-1,1,000,070,1,5,1,4,1,38,5,1,2,00,2,3,15,200600042717B02,7,1,1