Num_Acc,date,an,mois,jour,hrmn,dep,com,lat,long,agg,int,col,lum,atm,catr,circ,nbv,prof,plan,lartpc,larrout,surf,infra,situ,grav,sexe,age,trajet,secuexist,equipement,obs,obsm,choc,manv,vehiculeid,typevehicules,manoeuvehicules,numVehicules
200600042721,2006-07-15,2006,juillet,samedi,12:15,44,44049,0,0,2,1,1,1,1,4,2,02,-1,1,000,000,1,0,1,3,1,61,5,0,0,00,2,8,1,200600042721B02,7,17,1
200600042723,2006-07-22,2006,juillet,samedi,17:15,44,44211,0,0,1,1,2,1,1,3,2,00,-1,1,000,054,1,0,1,4,2,48,5,0,0,00,0,4,1,200600042723B02,10,1,1
200600042724,2006-07-23,2006,juillet,dimanche,11:15,44,44211,0,0,2,1,5,1,1,3,2,00,-1,1,000,092,1,0,1,3,1,74,5,1,2,00,2,8,1,200600042724C03,7,1,2
200600042740,2006-07-24,2006,juillet,lundi,18:45,49,49377,47.549,-0.434,1,1,2,1,1,3,2,02,1,1,000,062,1,0,1,3,1,38,5,1,2,01,0,1,2,200600042740B02,7,23,1
200600042743,2006-07-26,2006,juillet,mercredi,18:15,49,49063,0,0,2,2,3,1,1,3,2,00,1,1,000,065,1,5,1,3,1,51,1,0,0,00,2,1,1,200600042743A01,7,19,1
200600042744,2006-07-29,2006,juillet,samedi,14:15,49,49283,0,0,1,1,2,1,1,3,2,02,1,1,030,060,1,0,1,3,2,77,5,0,0,00,2,3,15,200600042744B02,7,1,1
200600042764,2006-07-24,2006,juillet,lundi,21:15,49,49229,0,0,1,6,3,2,1,3,3,04,1,1,000,000,1,5,1,3,1,22,5,0,0,00,2,7,12,200600042764B02,7,1,1
200600042773,2006-07-01,2006,juillet,samedi,12:00,53,53186,0,0,1,1,1,1,1,3,2,02,1,1,000,048,1,0,1,3,1,52,5,0,0,00,2,5,14,200600042773B02,7,2,1
200600042794,2006-07-14,2006,juillet,vendredi,18:30,72,72013,0,0,1,1,1,1,1,4,-1,00,-1,1,000,025,9,0,1,4,1,11,5,0,0,00,0,0,1,200600042794A01,7,0,1
200600042796,2006-07-07,2006,juillet,vendredi,16:30,72,72244,0,0,2,1,2,1,1,4,2,02,-1,1,000,060,1,6,1,3,1,9,5,1,2,00,0,4,11,200600042796B02,7,1,1
200600042806,2006-07-30,2006,juillet,dimanche,94:5,85,85202,0,0,2,1,1,1,1,3,2,00,1,1,000,062,1,0,1,3,1,59,5,0,0,00,2,1,1,200600042806B02,7,13,1
200600042835,2006-07-07,2006,juillet,vendredi,14:30,85,85273,0,0,2,2,3,1,1,3,2,00,1,1,000,060,1,0,1,2,2,76,5,0,0,00,2,8,19,200600042835B02,7,1,1
200600042838,2006-07-05,2006,juillet,mercredi,16:10,85,85307,0,0,2,3,1,1,1,4,2,02,1,1,000,050,1,0,1,3,2,74,5,0,0,00,2,1,16,200600042838B02,10,21,1
200600042877,2006-07-01,2006,juillet,samedi,11:15,24,24561,0,0,1,1,2,1,1,3,2,02,1,3,000,057,1,0,1,4,1,39,5,1,2,01,0,1,1,200600042877B02,10,23,1
200600042901,2006-07-05,2006,juillet,mercredi,16:45,40,40224,43.55,-1.103,2,1,5,1,1,2,2,02,1,1,000,075,1,0,1,4,1,16,5,0,0,00,2,8,1,200600042901B02,10,1,1
200600042901,2006-07-05,2006,juillet,mercredi,16:45,40,40224,43.55,-1.103,2,1,5,1,1,2,2,02,1,1,000,075,1,0,1,4,1,17,5,0,0,00,2,4,1,200600042901C03,10,1,1
200600042918,2006-07-10,2006,juillet,lundi,10:45,40,40184,0,0,2,1,1,1,1,9,2,02,-1,1,000,040,1,0,1,3,1,77,3,0,0,00,0,7,15,200600042918A01,7,1,1
200600042948,2006-07-03,2006,juillet,lundi,15:00,64,64376,0,0,2,1,1,1,1,3,2,02,1,1,000,000,1,0,3,3,1,53,1,1,2,01,0,1,1,200600042948A01,7,0,1
200600042980,2006-07-18,2006,juillet,mardi,91:5,86,86136,0,0,2,1,3,1,1,3,2,02,1,1,000,058,1,0,1,3,2,9,5,0,0,00,1,8,19,200600042980A01,2,1,1
200600042996,2006-07-18,2006,juillet,mardi,19:15,17,17413,0,0,2,1,1,1,1,3,2,00,1,1,000,054,1,0,1,3,1,38,5,1,2,00,2,1,1,200600042996B02,7,1,1
200600043011,2006-07-03,2006,juillet,lundi,16:00,17,17385,0,0,1,1,5,1,1,3,2,02,1,1,000,058,1,0,1,2,2,68,5,0,0,00,2,8,15,200600043011B02,7,17,1
200600043011,2006-07-03,2006,juillet,lundi,16:00,17,17385,0,0,1,1,5,1,1,3,2,02,1,1,000,058,1,0,1,3,1,76,5,0,0,00,2,4,15,200600043011C03,7,17,1
200600043014,2006-07-14,2006,juillet,vendredi,22:00,17,17225,45.73,-1.175,2,1,1,2,1,4,2,00,1,1,000,000,1,0,1,3,2,18,5,0,0,00,2,8,13,200600043014B02,7,1,1
200600043016,2006-07-11,2006,juillet,mardi,73:0,17,17480,0,0,1,2,3,1,1,3,2,02,1,1,000,000,1,0,1,3,2,31,1,1,2,00,0,1,0,200600043016A01,7,19,1
200600043041,2006-07-05,2006,juillet,mercredi,16:30,79,79084,0,0,1,3,3,1,1,3,2,02,1,1,000,075,1,0,1,2,1,24,5,1,2,00,2,8,19,200600043041B02,7,1,1
200600043079,2006-07-15,2006,juillet,samedi,11:30,31,31433,43.529,1.401,2,1,2,1,1,3,3,04,1,1,010,070,1,0,1,3,1,43,5,0,0,00,0,4,1,200600043079B02,7,1,1
200600043085,2006-07-26,2006,juillet,mercredi,10:15,31,31117,43.683,1.534,2,1,1,1,1,4,2,00,-1,1,000,030,1,0,1,4,1,63,5,0,0,00,0,1,1,200600043085B02,7,1,1
200600043092,2006-07-24,2006,juillet,lundi,13:45,31,31071,43.346,1.163,1,1,3,1,1,3,2,02,1,1,000,047,1,0,1,3,2,13,5,0,0,00,2,8,13,200600043092A01,7,1,1
200600043095,2006-07-25,2006,juillet,mardi,11:15,31,31076,43.122,0.653,1,1,1,1,1,2,2,00,1,1,000,071,1,0,1,2,1,85,5,0,0,00,0,4,13,200600043095B02,14,1,1
200600043102,2006-07-03,2006,juillet,lundi,11:00,31,31451,0,0,2,2,1,1,1,4,2,00,1,1,000,050,1,0,1,3,2,55,3,0,0,00,2,2,1,200600043102A01,10,15,1
200600043140,2006-07-19,2006,juillet,mercredi,11:00,32,32096,0,0,1,1,3,1,1,3,2,00,-1,1,000,060,1,0,1,2,1,86,5,0,0,00,2,1,15,200600043140A01,10,2,1
200600043144,2006-07-09,2006,juillet,dimanche,91:5,32,32256,43.515,0.42,1,1,1,1,1,3,2,02,-1,2,000,070,1,0,1,3,1,59,5,1,2,00,0,6,1,200600043144B02,7,17,1
200600043154,2006-07-15,2006,juillet,samedi,16:55,46,46055,0,0,1,1,3,1,1,3,2,03,-1,-1,000,000,-1,0,0,3,1,59,5,0,0,00,2,1,1,200600043154B02,14,19,1
200600043214,2006-07-19,2006,juillet,mercredi,10:00,69,69283,0,0,2,1,3,1,1,3,2,02,1,1,000,000,1,0,1,3,1,69,5,0,0,00,0,8,1,200600043214B02,7,15,1
200600043230,2006-07-04,2006,juillet,mardi,18:45,69,69218,0,0,1,1,3,1,1,3,2,02,1,1,000,080,1,0,1,4,1,20,5,0,0,00,2,8,2,200600043230A01,7,1,1
200600043247,2006-07-15,2006,juillet,samedi,19:15,01,01025,0,0,1,1,2,1,1,3,-1,02,-1,1,000,060,1,0,0,3,1,73,5,1,2,00,0,4,1,200600043247B02,7,1,1
200600043269,2006-07-22,2006,juillet,samedi,15:15,01,01249,0,0,2,1,3,1,1,2,2,02,1,1,000,060,1,0,1,3,1,15,5,0,0,00,0,8,19,200600043269B02,7,1,1
200600043271,2006-07-03,2006,juillet,lundi,17:00,01,01348,0,0,1,1,1,1,1,3,2,02,1,3,000,059,1,0,1,3,1,17,5,0,0,00,2,8,9,200600043271A01,7,21,1
200600043285,2006-07-10,2006,juillet,lundi,19:45,07,07087,44.66,4.27,1,1,1,1,1,3,2,02,1,1,000,049,1,0,1,2,1,25,5,0,0,00,2,1,1,200600043285B02,7,13,1
200600043290,2006-07-12,2006,juillet,mercredi,11:45,07,07217,0,0,1,1,6,1,1,3,2,02,2,3,000,072,1,0,1,3,1,56,5,1,2,00,9,1,1,200600043290A01,,,
200600043301,2006-07-19,2006,juillet,mercredi,14:00,26,26056,0,0,1,1,3,1,1,3,2,02,2,1,000,000,1,0,1,3,1,64,5,0,0,00,0,7,5,200600043301B02,7,1,1
200600043310,2006-07-05,2006,juillet,mercredi,14:15,26,26188,44.391,5.306,1,1,2,1,1,3,2,00,2,1,000,052,1,0,1,3,1,54,5,1,2,00,0,8,15,200600043310A01,7,17,1
200600043330,2006-07-11,2006,juillet,mardi,73:0,38,38317,45.132,5.7,2,6,5,1,1,2,3,01,1,2,000,000,1,5,1,3,1,40,1,0,0,00,0,4,2,200600043330B02,7,2,2
200600043349,2006-07-19,2006,juillet,mercredi,81:5,38,38200,0,0,2,1,1,1,7,3,-1,00,-1,-1,000,000,1,5,0,3,1,54,1,0,0,00,0,1,0,200600043349B02,7,19,1
200600043362,2006-07-10,2006,juillet,lundi,11:45,38,38292,45.484,5.569,2,1,3,1,7,3,2,02,1,1,000,051,1,0,1,3,2,18,4,0,0,00,2,8,13,200600043362B02,7,17,1
200600043365,2006-07-12,2006,juillet,mercredi,90:0,44,44035,0,0,2,1,3,1,1,3,1,00,-1,1,000,000,1,0,1,3,2,15,5,0,0,00,0,6,15,200600043365B02,7,1,1
200600043375,2006-07-02,2006,juillet,dimanche,16:45,38,38034,45.433,5.177,1,1,7,1,1,4,2,02,2,1,000,039,1,0,1,2,1,52,9,0,0,00,0,0,1,200600043375A01,,,
200600043384,2006-07-10,2006,juillet,lundi,18:45,42,42304,0,0,2,1,1,1,1,3,2,02,1,1,000,045,1,0,1,4,2,16,5,0,0,00,2,6,19,200600043384B02,7,2,1
200600043386,2006-07-30,2006,juillet,dimanche,10:30,42,42304,0,0,2,6,1,1,1,9,1,00,-1,2,000,000,1,5,1,3,2,64,5,0,0,00,0,4,16,200600043386A01,7,1,1
200600043389,2006-07-01,2006,juillet,samedi,20:30,42,42107,0,0,1,1,1,1,1,3,2,02,-1,1,000,086,1,5,1,3,1,38,5,1,2,00,2,1,21,200600043389B02,7,15,1
200600043392,2006-07-10,2006,juillet,lundi,19:00,42,42323,45.556,4.28,2,1,3,1,1,9,2,02,1,1,060,000,1,0,1,3,1,14,5,0,0,00,2,8,10,200600043392B02,7,1,1
200600043397,2006-07-16,2006,juillet,dimanche,11:00,42,42162,0,0,2,1,3,1,1,3,2,02,1,1,000,058,1,5,1,4,1,74,5,0,0,00,2,3,1,200600043397B02,7,15,1
200600043400,2006-07-20,2006,juillet,jeudi,84:5,42,42120,0,0,1,1,1,1,1,3,2,02,1,1,000,070,1,0,1,3,1,11,5,0,0,00,0,4,15,200600043400B02,7,1,1
200600043423,2006-07-20,2006,juillet,jeudi,93:0,73,73256,45.197,6.468,1,1,3,1,1,3,2,00,2,1,000,070,1,0,1,4,1,59,5,1,2,00,2,1,1,200600043423B02,7,19,1
200600043428,2006-07-24,2006,juillet,lundi,12:50,74,74267,0,0,2,1,3,1,1,4,2,00,-1,1,000,000,1,0,5,4,1,40,5,1,2,00,2,2,0,200600043428B02,7,1,1
200600043433,2006-07-09,2006,juillet,dimanche,64:5,74,74080,45.908,6.424,2,1,7,1,1,4,2,00,2,1,000,000,1,0,0,3,2,42,5,0,0,04,0,8,0,200600043433A01,,,
200600043441,2006-07-28,2006,juillet,vendredi,10:45,74,74302,0,0,2,1,1,1,1,3,2,02,2,1,000,059,1,0,1,3,1,45,5,1,9,00,2,1,1,200600043441B02,7,1,1
200600043456,2006-07-02,2006,juillet,dimanche,22:15,74,74029,46.007,5.82,1,1,5,3,1,3,2,02,1,2,000,065,1,0,1,2,1,54,5,1,4,00,2,1,1,200600043456C03,33,17/2,2
200600043466,2006-07-07,2006,juillet,vendredi,74:5,74,74063,0,0,2,1,1,1,2,3,2,02,2,1,000,000,2,0,1,4,2,19,1,0,0,00,2,1,21,200600043466B02,7,19,1
200600043469,2006-07-26,2006,juillet,mercredi,10:40,74,74950,46.204,6.75,1,1,2,1,1,3,2,02,2,1,000,065,1,0,1,4,1,15,5,1,2,00,0,4,1,200600043469B02,7,2,1
200600043471,2006-07-12,2006,juillet,mercredi,18:00,63,63236,45.593,2.773,1,1,6,1,1,3,2,02,2,2,000,057,1,0,1,3,1,16,5,1,2,05,0,7,14,200600043471A01,,,
200600043473,2006-07-16,2006,juillet,dimanche,10:45,63,63263,45.778,3.027,1,1,7,1,1,3,2,02,1,1,000,045,1,0,1,2,1,48,5,1,2,00,0,0,1,200600043473A01,,,
200600043500,2006-07-29,2006,juillet,samedi,17:35,63,63170,0,0,2,1,6,1,1,3,2,02,1,1,000,030,1,0,0,4,1,14,5,1,2,00,0,8,15,200600043500A01,,,
200600043527,2006-07-09,2006,juillet,dimanche,17:30,03,03118,0,0,2,1,3,1,1,4,2,02,-1,1,000,050,1,0,1,4,1,10,0,0,0,00,0,0,0,200600043527B02,10,1,1
200600043533,2006-07-30,2006,juillet,dimanche,14:00,15,15120,0,0,2,1,6,1,1,9,2,02,2,1,000,055,1,0,3,1,1,16,5,1,2,00,1,1,1,200600043533A01,,,
200600043613,2006-07-20,2006,juillet,jeudi,10:45,55,55502,49.49,5.18,2,1,1,1,1,3,2,02,-1,1,000,045,1,0,1,4,1,59,5,0,0,00,9,4,2,200600043613B02,30,2,1
200600043629,2006-07-30,2006,juillet,dimanche,19:45,88,88154,0,0,2,1,3,1,1,3,2,02,2,1,000,072,1,0,1,3,1,12,5,1,2,00,2,3,9,200600043629A01,7,1,1
200600043643,2006-07-11,2006,juillet,mardi,19:00,88,88372,0,0,2,1,1,1,1,3,2,00,1,1,000,177,1,0,1,3,2,15,5,0,0,00,2,1,0,200600043643B02,7,15,1
200600043663,2006-07-10,2006,juillet,lundi,18:00,67,67437,0,0,1,1,1,1,1,9,2,01,-1,2,000,020,1,0,5,4,1,26,1,1,2,00,2,1,1,200600043663A01,1,1,1
200600043663,2006-07-10,2006,juillet,lundi,18:00,67,67437,0,0,1,1,1,1,1,9,2,01,-1,2,000,020,1,0,5,3,2,50,5,1,2,00,2,1,1,200600043663B02,1,1,1
200600043665,2006-07-12,2006,juillet,mercredi,10:00,67,67191,0,0,1,1,2,1,1,3,2,02,-1,1,000,067,1,0,1,3,2,20,5,0,0,00,2,4,1,200600043665B02,7,1,1
200600043673,2006-07-01,2006,juillet,samedi,15:30,67,67532,48.683,7.507,1,6,6,1,1,3,2,02,1,3,000,070,1,5,1,4,1,52,5,0,0,00,2,2,1,200600043673A01,,,
200600043680,2006-07-03,2006,juillet,lundi,11:15,67,67479,49.013,7.933,2,1,1,1,1,4,2,02,-1,-1,000,000,1,0,1,3,2,9,2,0,0,00,2,1,19,200600043680B02,7,1,1
200600043682,2006-07-10,2006,juillet,lundi,20:30,67,67025,48.856,8.103,1,1,2,1,1,3,2,02,1,1,000,071,1,0,1,2,2,55,5,0,0,00,2,6,2,200600043682B02,7,2,1
200600043687,2006-07-16,2006,juillet,dimanche,81:5,68,68142,0,0,2,1,1,1,7,3,2,00,2,4,000,070,1,0,1,4,2,56,5,1,2,00,0,8,0,200600043687B02,7,15,1
200600043689,2006-07-18,2006,juillet,mardi,20:00,68,68329,48.056,7.107,2,1,1,2,1,3,2,00,2,1,000,000,1,0,1,4,1,14,5,1,2,00,0,7,14,200600043689B02,7,2,1
200600043695,2006-07-13,2006,juillet,jeudi,11:45,68,68026,48.15,7.323,2,1,3,1,1,4,2,00,-1,1,000,060,1,0,1,3,1,61,5,0,0,00,2,1,1,200600043695B02,7,1,1
200600043700,2006-07-31,2006,juillet,lundi,10:15,68,68248,0,0,1,9,3,1,1,3,2,02,2,2,000,060,1,0,1,3,1,34,5,1,2,00,0,7,1,200600043700B02,21,16,1
200600043708,2006-07-30,2006,juillet,dimanche,15:30,68,68070,47.722,7.293,2,1,1,1,1,3,2,00,2,1,000,076,1,0,1,3,1,14,5,0,0,00,2,6,1,200600043708A01,7,17,1
200600043710,2006-07-27,2006,juillet,jeudi,73:0,68,68286,47.641,7.531,2,3,1,1,1,9,2,01,1,1,000,028,1,2,1,3,1,71,5,1,2,00,2,1,13,200600043710B02,7,1,1
200600043713,2006-07-20,2006,juillet,jeudi,14:10,68,68171,0,0,1,1,5,1,1,3,2,02,2,3,000,063,9,0,1,4,1,18,5,1,2,00,2,1,1,200600043713A01,14,1,1
200600043713,2006-07-20,2006,juillet,jeudi,14:10,68,68171,0,0,1,1,5,1,1,3,2,02,2,3,000,063,9,0,1,4,1,17,5,1,2,00,2,1,1,200600043713B02,14,1,1
200600043750,2006-07-11,2006,juillet,mardi,13:30,10,10401,48.242,4.471,2,3,3,1,1,4,2,00,2,1,000,038,1,0,1,3,1,12,9,0,0,00,2,1,1,200600043750B02,7,1,1
200600043777,2006-07-12,2006,juillet,mercredi,14:00,52,52250,48.443,5.144,2,1,3,1,1,4,2,02,1,1,000,018,1,0,1,4,2,70,5,1,2,00,9,0,13,200600043777B02,30,17,1
200600043787,2006-07-02,2006,juillet,dimanche,15:00,21,21590,0,0,2,1,3,1,1,3,2,00,1,1,000,040,1,0,1,3,1,14,5,1,9,06,0,8,16,200600043787A01,10,1,1
200600043793,2006-07-23,2006,juillet,dimanche,13:30,21,21569,47.011,4.71,1,1,1,1,1,3,2,02,2,3,000,062,9,0,1,3,2,32,5,1,2,00,2,1,1,200600043793A01,7,1,1
200600043808,2006-07-17,2006,juillet,lundi,19:50,58,58040,0,0,1,1,1,1,1,3,2,02,-1,1,000,054,1,0,1,1,1,16,5,1,2,00,2,1,15,200600043808A01,14,1,1
200600043822,2006-07-26,2006,juillet,mercredi,21:45,71,71494,46.419,4.878,1,1,2,2,1,2,2,03,1,1,000,127,1,0,1,2,1,33,5,1,4,00,0,4,1,200600043822B02,7,1,1
200600043859,2006-07-03,2006,juillet,lundi,10:45,89,89206,47.987,3.412,2,1,3,1,1,3,2,02,1,1,000,070,1,0,1,3,2,11,5,0,0,00,2,8,19,200600043859B02,7,1,1
200600043870,2006-07-01,2006,juillet,samedi,11:30,89,89209,48.196,2.956,1,1,5,1,1,4,2,01,1,1,000,033,1,0,1,3,1,61,5,0,0,00,2,1,1,200600043870B02,10,1,1
200600043870,2006-07-01,2006,juillet,samedi,11:30,89,89209,48.196,2.956,1,1,5,1,1,4,2,01,1,1,000,033,1,0,1,3,1,62,5,0,0,00,2,1,1,200600043870C03,10,1,1
200600043875,2006-07-15,2006,juillet,samedi,14:00,89,89060,0,0,1,1,2,1,1,3,2,01,-1,1,000,000,1,0,1,4,1,25,5,1,2,00,9,1,17,200600043875A01,31,17,1
200600043885,2006-07-14,2006,juillet,vendredi,11:15,25,25515,0,0,1,2,1,1,1,3,2,00,1,1,000,080,-1,0,1,3,1,61,5,1,2,00,2,7,1,200600043885B02,7,1,1
200600043895,2006-07-25,2006,juillet,mardi,20:30,39,39434,46.839,5.708,2,2,3,1,1,2,1,00,2,1,000,050,1,0,1,3,1,18,3,1,2,00,2,1,19,200600043895B02,7,1,1
200600043902,2006-07-01,2006,juillet,samedi,17:00,39,39470,0,0,1,1,7,1,1,4,2,02,1,1,000,000,9,0,1,3,1,25,5,0,0,00,0,0,1,200600043902A01,,,
200600043904,2006-07-09,2006,juillet,dimanche,14:15,39,39441,0,0,1,1,7,1,1,3,2,02,1,1,000,070,1,0,1,3,1,78,5,0,0,16,0,0,1,200600043904A01,,,
200600043911,2006-07-19,2006,juillet,mercredi,81:5,70,70413,47.693,6.738,1,1,1,1,1,3,2,02,1,1,000,000,1,0,1,3,1,74,5,1,2,00,2,1,1,200600043911B02,7,17,1
200600043967,2006-07-24,2006,juillet,lundi,18:15,05,05145,0,0,2,1,3,1,1,3,2,02,1,1,000,067,1,0,1,3,1,4,5,1,2,00,2,1,15,200600043967A01,7,1,1
200600043977,2006-07-16,2006,juillet,dimanche,15:45,05,05079,0,0,2,9,3,1,8,3,2,00,2,1,000,000,1,0,1,4,1,2006,5,0,0,00,2,8,13,200600043977B02,7,17,1
200600043982,2006-07-12,2006,juillet,mercredi,16:15,05,05017,44.577,6.175,1,1,2,1,1,3,2,00,1,1,000,074,1,0,1,3,1,49,5,0,0,00,0,4,1,200600043982B02,7,1,1
200600043994,2006-07-10,2006,juillet,lundi,71:5,06,06054,0,0,2,1,6,1,1,3,2,02,1,1,000,064,1,0,1,4,1,67,5,0,0,00,0,0,1,200600043994A01,7,15,1
200600044057,2006-07-15,2006,juillet,samedi,91:5,83,83019,0,0,1,1,5,1,1,2,2,02,1,1,000,000,1,0,1,3,1,37,5,1,2,00,2,3,1,200600044057A01,10/ 15,17/1,2
200600044064,2006-07-04,2006,juillet,mardi,10:45,83,83054,0,0,1,1,2,1,1,3,2,00,2,1,000,000,1,3,1,3,1,57,9,0,0,00,0,4,2,200600044064B02,7,2,1
200600044075,2006-07-12,2006,juillet,mercredi,19:15,84,84092,43.958,4.864,2,1,3,1,8,9,2,01,1,1,000,036,1,0,1,2,1,70,5,0,0,00,2,1,1,200600044075A01,7,1,1
200600044083,2006-07-14,2006,juillet,vendredi,17:45,84,84142,43.951,5.029,1,1,1,1,7,3,2,02,1,1,000,108,1,0,1,3,1,18,5,0,0,00,2,6,13,200600044083B02,7,2,1
200600044088,2006-07-01,2006,juillet,samedi,91:5,84,84019,0,0,1,1,3,1,1,3,2,02,-1,1,000,101,1,0,1,3,1,70,0,1,2,00,2,6,2,200600044088B02,7,2,1
200600044098,2006-07-08,2006,juillet,samedi,93:0,34,34276,0,0,2,1,1,1,1,4,1,00,1,1,000,050,1,0,1,3,1,38,5,1,2,00,2,1,5,200600044098A01,7,1,1
200600044104,2006-07-16,2006,juillet,dimanche,16:50,34,34189,0,0,1,1,1,1,7,3,2,02,-1,2,000,062,1,0,1,2,1,15,5,1,2,00,2,1,13,200600044104B02,7,1,1
200600044114,2006-07-05,2006,juillet,mercredi,19:00,34,34142,0,0,1,1,3,1,1,9,-1,00,1,-1,000,000,1,0,1,3,1,66,0,0,0,00,0,0,0,200600044114B02,7,15,1
200600044115,2006-07-16,2006,juillet,dimanche,73:0,34,34210,43.598,3.5,1,6,1,1,1,3,2,00,1,-1,000,088,1,5,1,3,1,82,5,1,2,00,0,5,1,200600044115B02,7,9,1
200600044121,2006-07-17,2006,juillet,lundi,10:45,34,34332,0,0,2,1,3,1,1,3,2,02,-1,1,000,056,1,0,1,3,2,9,5,0,0,00,2,8,10,200600044121B02,33,1,1
200600044137,2006-07-16,2006,juillet,dimanche,16:15,11,11170,0,0,1,1,5,1,1,3,2,02,-1,1,000,074,1,6,5,4,1,47,5,0,0,00,2,4,1,200600044137B02,7,14,1
200600044137,2006-07-16,2006,juillet,dimanche,16:15,11,11170,0,0,1,1,5,1,1,3,2,02,-1,1,000,074,1,6,5,4,2,49,5,0,0,00,2,4,1,200600044137C03,7,14,1
200600044171,2006-07-20,2006,juillet,jeudi,74:0,30,30182,0,0,1,6,3,1,1,3,3,02,1,-1,000,070,1,5,1,3,1,55,5,1,2,00,2,4,18,200600044171A01,7,1,1
200600044183,2006-07-19,2006,juillet,mercredi,13:15,48,48070,44.78,3.63,2,1,1,1,1,3,-1,00,1,1,000,054,1,0,1,2,1,13,0,0,0,00,2,8,1,200600044183B02,7,0,1
200600044183,2006-07-19,2006,juillet,mercredi,13:15,48,48070,44.78,3.63,2,1,1,1,1,3,-1,00,1,1,000,054,1,0,1,3,1,15,0,0,0,00,2,8,1,200600044183B02,7,0,1
200600044185,2006-07-23,2006,juillet,dimanche,94:5,48,48061,0,0,1,1,1,1,1,3,2,02,1,1,000,057,1,0,1,3,1,71,3,0,0,00,2,8,15,200600044185B02,7,1,1
200600044195,2006-07-02,2006,juillet,dimanche,10:00,66,66037,0,0,1,1,3,1,1,4,-1,00,4,-1,000,060,1,0,1,2,1,71,5,1,2,00,2,1,0,200600044195B02,7,1,1
200600044208,2006-07-16,2006,juillet,dimanche,1:,66,66069,0,0,1,3,2,1,1,3,-1,00,-1,3,000,068,1,5,1,3,1,44,5,0,0,00,2,4,15,200600044208B02,7,1,1
200600044216,2006-07-31,2006,juillet,lundi,15:30,66,66212,42.755,3.021,1,1,2,1,1,3,2,02,1,1,000,065,1,0,3,4,1,62,5,0,0,00,2,4,1,200600044216B02,33,1,1
200600044271,2006-07-09,2006,juillet,dimanche,10:30,78,78128,48.68,1.98,1,1,2,1,1,3,2,02,1,1,000,070,1,0,1,3,1,49,5,1,2,00,2,1,2,200600044271B02,7,1,1
200600044276,2006-07-26,2006,juillet,mercredi,10:00,78,78615,48.84,1.9,1,1,5,1,1,3,2,02,1,1,000,060,1,5,1,3,1,60,5,1,2,00,0,7,1,200600044276B02,7,19/15,2
200600044283,2006-07-09,2006,juillet,dimanche,10:00,91,91568,48.582,2.139,1,6,3,1,2,3,-1,00,1,-1,000,000,2,5,1,3,1,2006,5,0,0,00,0,0,1,200600044283B02,7,9,1
200600044286,2006-07-09,2006,juillet,dimanche,23:00,91,91579,0,0,1,1,1,3,1,3,2,00,-1,1,000,070,1,0,1,3,1,47,0,0,0,00,0,3,2,200600044286A01,14,17,1
200600044330,2006-07-02,2006,juillet,dimanche,51:5,45,45244,0,0,1,1,1,2,1,3,2,02,1,1,000,075,1,0,0,2,1,19,5,1,9,00,2,4,3,200600044330B02,7,17,1
200600044339,2006-07-28,2006,juillet,vendredi,10:45,18,18110,47.255,2.915,1,1,3,1,1,3,2,02,1,1,060,000,1,5,1,3,1,65,5,1,2,00,2,1,1,200600044339B02,13,19,1
200600044347,2006-07-09,2006,juillet,dimanche,11:15,18,18242,46.809,2.917,1,1,2,1,1,3,2,02,1,1,000,066,1,0,1,2,1,72,5,0,0,00,2,4,1,200600044347B02,7,2,1
200600044360,2006-07-05,2006,juillet,mercredi,18:30,28,28357,48.54,1.59,2,1,1,1,1,3,2,02,1,-1,000,052,1,0,1,3,1,14,5,0,0,00,2,1,9,200600044360B02,7,1,1
200600044379,2006-07-02,2006,juillet,dimanche,11:30,36,36089,46.676,1.792,1,1,7,1,1,3,2,01,-1,1,000,070,1,0,1,3,2,64,5,0,0,00,0,0,0,200600044379A01,,,
200600044380,2006-07-06,2006,juillet,jeudi,82:0,36,36005,46.747,1.832,2,1,1,1,1,4,1,01,2,1,000,035,1,0,1,3,2,66,3,0,0,00,0,0,21,200600044380B02,7,22,1
200600044408,2006-07-21,2006,juillet,vendredi,10:30,37,37074,47.237,0.107,1,1,1,1,1,2,2,02,1,1,000,072,1,0,1,3,1,8,5,0,0,00,2,1,10,200600044408B02,15,1,1
200600044417,2006-07-30,2006,juillet,dimanche,21:50,37,37159,0,0,1,1,1,5,1,3,3,00,1,-1,000,000,1,0,1,4,1,39,5,0,0,00,2,1,13,200600044417B02,10,17,1
200600044418,2006-07-06,2006,juillet,jeudi,10:45,41,41055,47.544,1.235,1,1,3,1,1,3,2,02,2,1,000,048,1,0,1,3,1,76,5,1,2,00,2,3,13,200600044418A01,7,17,1
200600044446,2006-07-13,2006,juillet,jeudi,22:45,47,47143,0,0,2,1,3,5,1,3,2,02,1,1,000,064,1,0,1,3,1,8,5,0,0,00,2,1,19,200600044446B02,7,1,1
200600044446,2006-07-13,2006,juillet,jeudi,22:45,47,47143,0,0,2,1,3,5,1,3,2,02,1,1,000,064,1,0,1,4,1,27,0,0,0,00,2,1,19,200600044446B02,7,1,1
200600044453,2006-07-13,2006,juillet,jeudi,11:00,35,35051,48.124,-1.559,1,1,7,1,1,4,2,02,2,2,000,040,1,0,1,3,1,77,5,1,2,16,0,7,1,200600044453A01,,,