Num_Acc,date,an,mois,jour,hrmn,dep,com,lat,long,agg,int,col,lum,atm,catr,circ,nbv,prof,plan,lartpc,larrout,surf,infra,situ,grav,sexe,age,trajet,secuexist,equipement,obs,obsm,choc,manv,vehiculeid,typevehicules,manoeuvehicules,numVehicules
200600044465,2006-07-18,2006,juillet,mardi,11:45,37,37050,0,0,2,9,6,1,1,9,-1,00,1,1,000,000,1,0,5,3,1,58,5,1,2,00,1,8,15,200600044465A01,,,
200600044465,2006-07-18,2006,juillet,mardi,11:45,37,37050,0,0,2,9,6,1,1,9,-1,00,1,1,000,000,1,0,5,1,1,46,1,0,0,00,1,8,15,200600044465A01,,,
200600044467,2006-07-25,2006,juillet,mardi,17:15,37,37050,0,0,2,3,3,1,1,2,3,05,1,1,020,180,1,5,1,3,2,66,3,0,0,00,2,8,5,200600044467B02,7,16,1
200600044516,2006-07-31,2006,juillet,lundi,18:15,53,53015,0,0,1,1,5,1,8,4,2,02,1,1,000,050,1,0,1,3,2,68,5,0,0,00,0,7,19,200600044516B02,7,1,2
200600044518,2006-07-21,2006,juillet,vendredi,13:30,95,95604,0,0,1,1,2,1,7,3,2,00,-1,-1,000,000,1,0,1,3,1,41,5,0,0,00,0,4,1,200600044518B02,14,16,1
200600044519,2006-07-10,2006,juillet,lundi,11:45,31,31116,0,0,2,1,1,1,1,3,2,02,1,1,000,064,1,0,1,3,1,51,5,1,2,00,2,8,1,200600044519B02,10,17,1
200600044533,2006-07-11,2006,juillet,mardi,18:15,37,37027,0,0,2,1,3,1,1,2,2,02,1,1,000,085,1,0,1,3,2,74,5,0,0,00,2,8,13,200600044533A01,7,17,1
200600044627,2006-07-28,2006,juillet,vendredi,16:40,22,22372,0,0,2,1,3,1,1,3,2,01,1,1,000,065,1,5,1,3,2,2006,5,0,0,00,2,6,9,200600044627A01,7,1,1
200600044652,2006-07-12,2006,juillet,mercredi,10:40,74,74011,0,0,2,1,1,1,1,4,2,02,1,1,000,050,1,5,1,3,2,53,5,0,0,00,2,8,1,200600044652B02,14,16,1
200600044663,2006-07-14,2006,juillet,vendredi,18:15,56,56214,0,0,2,1,1,1,1,4,2,00,4,1,000,058,1,0,1,3,1,43,5,1,2,00,2,1,1,200600044663B02,7,15,1
200600044710,2006-07-30,2006,juillet,dimanche,11:15,62,62307,0,0,2,1,5,1,1,3,2,00,-1,3,000,057,2,0,1,4,1,36,5,1,2,00,2,1,13,200600044710A01,7,1,1
200600044710,2006-07-30,2006,juillet,dimanche,11:15,62,62307,0,0,2,1,5,1,1,3,2,00,-1,3,000,057,2,0,1,3,1,42,5,1,2,00,0,1,21,200600044710C03,7,1,1
200600044726,2006-07-20,2006,juillet,jeudi,18:10,74,74312,0,0,1,1,2,1,1,2,2,02,1,-1,000,000,1,0,1,3,1,15,5,1,2,00,2,3,13,200600044726B02,33,2,1
200600044773,2006-07-16,2006,juillet,dimanche,10:30,25,25212,0,0,1,6,3,1,1,3,-1,02,-1,-1,000,080,1,5,1,3,1,44,5,1,2,00,2,8,1,200600044773B02,7,16,1
200600044797,2006-07-06,2006,juillet,jeudi,13:46,26,26362,0,0,2,1,6,1,1,4,2,02,1,1,000,060,1,0,1,3,1,14,5,1,2,00,2,1,19,200600044797B01,7,1,1
200600044799,2006-07-19,2006,juillet,mercredi,14:30,26,26252,0,0,2,1,3,1,1,4,2,03,1,1,000,150,1,0,1,3,1,56,5,1,2,00,2,1,1,200600044799B01,7,16,1
200600044805,2006-04-11,2006,avril,mardi,85:5,34,34172,0,0,2,1,6,1,1,4,2,02,2,1,000,052,1,0,1,4,1,72,5,1,2,00,1,1,17,200600044805A01,18,23,1
200600044818,2006-05-25,2006,mai,jeudi,10:20,77,77373,0,0,2,6,3,1,1,4,1,01,1,2,000,040,1,0,1,3,1,59,5,1,2,00,2,7,15,200600044818B01,7,9,1
200600044821,2006-01-20,2006,janvier,vendredi,81:5,78,78358,0,0,2,1,6,1,1,4,2,02,1,1,000,057,1,0,1,1,1,11,2,1,9,00,1,7,1,200600044821A01,,,
200600044829,2006-05-17,2006,mai,mercredi,16:15,94,94015,0,0,2,1,6,1,1,3,1,00,1,1,000,058,1,0,1,4,2,50,5,1,2,00,1,1,1,200600044829A01,,,
200600044831,2006-06-04,2006,juin,dimanche,18:00,94,94058,0,0,2,1,6,1,1,4,1,01,1,1,000,025,1,0,5,1,1,40,5,0,0,00,1,1,2,200600044831B01,,,
200600044831,2006-06-04,2006,juin,dimanche,18:00,94,94058,0,0,2,1,6,1,1,4,1,01,1,1,000,025,1,0,5,1,1,35,5,0,0,00,1,1,2,200600044831B01,,,
200600044831,2006-06-04,2006,juin,dimanche,18:00,94,94058,0,0,2,1,6,1,1,4,1,01,1,1,000,025,1,0,5,4,1,3,0,1,2,00,1,1,2,200600044831B01,,,
200600044847,2006-08-10,2006,août,jeudi,11:30,59,59660,0,0,2,1,1,1,1,3,2,02,1,1,000,050,1,0,1,3,1,53,5,0,0,00,2,3,1,200600044847B02,7,16,1
200600044856,2006-08-11,2006,août,vendredi,72:0,59,59136,0,0,1,1,1,1,6,2,2,00,1,1,000,105,1,0,1,3,1,25,5,0,0,00,2,8,1,200600044856A01,10,1,1
200600044860,2006-08-29,2006,août,mardi,14:15,62,62097,50.245,2.66,2,1,1,1,1,2,2,00,-1,1,000,098,1,0,1,3,2,13,5,0,0,00,2,1,14,200600044860B02,7,1,1
200600044915,2006-08-16,2006,août,mercredi,14:15,02,02359,0,0,1,1,1,1,1,3,2,02,1,1,000,000,1,0,1,3,1,16,5,1,2,00,2,1,13,200600044915B02,10,1,1
200600044953,2006-08-06,2006,août,dimanche,17:15,60,60282,0,0,1,1,5,1,1,3,2,02,-1,1,000,060,1,0,0,3,1,57,5,0,0,00,0,8,23,200600044953B02,7,1,1
200600044953,2006-08-06,2006,août,dimanche,17:15,60,60282,0,0,1,1,5,1,1,3,2,02,-1,1,000,060,1,0,0,3,1,8,5,0,0,00,2,4,23,200600044953C03,7,1,1
200600044967,2006-08-19,2006,août,samedi,17:40,76,76631,0,0,1,1,3,1,1,3,2,00,-1,1,000,000,1,0,1,4,1,28,5,1,2,00,0,8,2,200600044967A01,7,17,1
200600044970,2006-08-11,2006,août,vendredi,17:30,76,76595,0,0,1,1,3,1,1,4,2,00,-1,-1,000,000,1,0,1,3,1,15,5,0,0,00,2,1,1,200600044970A01,7,1,1
200600044973,2006-08-03,2006,août,jeudi,18:45,76,76714,49.557,0.402,1,1,1,1,1,9,2,01,2,1,000,026,1,0,1,3,1,54,5,1,2,00,2,1,15,200600044973B02,7,1,1
200600044975,2006-08-27,2006,août,dimanche,12:00,76,76258,0,0,2,1,3,1,1,9,2,02,1,1,000,035,1,0,1,3,1,10,5,0,0,00,2,3,16,200600044975A01,7,1,1
200600045025,2006-08-29,2006,août,mardi,18:45,35,35065,0,0,2,9,1,1,1,3,2,00,-1,1,005,065,1,6,0,3,1,12,5,0,0,00,2,0,19,200600045025B02,7,1,1
200600045029,2006-08-09,2006,août,mercredi,10:45,35,35083,48.462,-1.389,2,1,6,1,1,3,2,02,-1,1,000,040,1,5,1,3,2,66,5,0,0,00,5,0,1,200600045029A01,,,
200600045053,2006-08-19,2006,août,samedi,14:15,22,22389,0,0,1,1,2,1,1,3,2,02,2,2,000,070,1,0,1,3,2,78,5,0,0,00,2,4,2,200600045053B02,2,2,1
200600045080,2006-08-08,2006,août,mardi,19:15,29,29046,0,0,2,9,3,1,1,3,-1,00,4,1,000,063,1,0,1,3,1,14,0,0,0,00,2,3,19,200600045080B02,7,21,1
200600045095,2006-08-24,2006,août,jeudi,11:45,29,29109,48.558,-4.729,1,1,2,1,1,3,2,02,1,1,000,060,1,0,1,3,1,58,5,1,2,00,0,4,1,200600045095B02,7,1,1
200600045106,2006-08-01,2006,août,mardi,19:15,29,29185,48.658,-4.177,2,2,5,1,1,3,2,02,1,2,000,075,1,0,1,1,1,37,5,0,0,00,2,2,1,200600045106A01,7,19,1
200600045106,2006-08-01,2006,août,mardi,19:15,29,29185,48.658,-4.177,2,2,5,1,1,3,2,02,1,2,000,075,1,0,1,3,1,48,5,0,0,00,0,2,1,200600045106B02,7,19,1
200600045132,2006-08-01,2006,août,mardi,16:45,14,14738,49.161,-0.456,2,9,1,1,1,9,2,02,2,1,060,000,1,0,1,3,1,5,5,0,0,00,2,8,19,200600045132B02,7,1,1
200600045149,2006-08-20,2006,août,dimanche,11:00,14,14593,49.276,0.168,1,1,3,1,2,3,2,00,2,1,000,070,2,0,1,3,1,55,5,0,0,00,2,4,15,200600045149A01,10,1,1
200600045170,2006-08-28,2006,août,lundi,10:15,50,50633,0,0,1,1,1,1,2,3,2,01,3,3,000,040,2,0,1,3,1,67,9,0,0,00,2,3,15,200600045170B02,7,1,1
200600045262,2006-08-23,2006,août,mercredi,11:00,49,49096,0,0,2,1,1,1,1,4,2,00,-1,1,000,000,1,0,1,3,2,6,5,0,0,02,0,8,19,200600045262A01,7,1,1
200600045276,2006-08-26,2006,août,samedi,14:30,72,72035,0,0,2,2,3,1,8,3,2,02,2,1,000,070,1,0,1,4,1,21,5,0,0,00,2,8,1,200600045276B02,2,1,1
200600045283,2006-08-31,2006,août,jeudi,11:00,72,72100,47.799,0.01,1,3,1,1,1,3,2,02,1,1,000,073,1,0,1,3,1,75,5,0,0,00,2,4,15,200600045283A01,7,15,1
200600045287,2006-08-30,2006,août,mercredi,16:30,72,72264,47.849,-0.336,2,2,3,1,1,3,2,00,-1,1,000,000,1,0,1,3,1,12,5,1,2,00,2,1,1,200600045287B02,15,16,1
200600045310,2006-08-08,2006,août,mardi,19:15,85,85252,0,0,1,1,1,1,1,4,2,01,1,2,000,060,1,0,1,3,1,14,5,0,0,00,2,1,1,200600045310B02,7,13,1
200600045322,2006-08-08,2006,août,mardi,11:00,85,85234,0,0,1,1,2,1,1,3,2,02,1,-1,000,070,1,0,1,3,1,46,5,0,0,00,0,4,1,200600045322A01,7,17,1
200600045322,2006-08-08,2006,août,mardi,11:00,85,85234,0,0,1,1,2,1,1,3,2,02,1,-1,000,070,1,0,1,3,2,47,0,0,0,00,0,4,1,200600045322A01,7,17,1
200600045328,2006-08-31,2006,août,jeudi,11:40,85,85277,0,0,1,1,1,1,1,3,2,02,1,1,037,111,1,0,1,3,1,72,5,1,2,00,2,3,15,200600045328B02,7,21,1
200600045331,2006-08-04,2006,août,vendredi,16:20,33,33473,45.18,-0.44,1,1,3,1,1,3,2,02,1,1,000,058,1,5,1,2,2,17,5,0,0,00,2,4,15,200600045331B02,7,1,1
200600045335,2006-08-23,2006,août,mercredi,16:30,33,33535,0,0,2,6,6,1,1,3,2,00,4,1,000,700,1,5,1,4,1,62,5,0,0,11,0,1,1,200600045335A01,,,
200600045379,2006-08-10,2006,août,jeudi,14:30,24,24329,45.029,0.067,2,1,1,1,1,3,2,00,1,1,000,000,1,0,1,3,1,8,5,0,0,00,2,8,16,200600045379B02,10,1,1
200600045390,2006-08-23,2006,août,mercredi,20:15,40,40065,0,0,2,6,3,1,1,3,2,02,1,2,000,064,1,5,1,4,2,45,5,0,0,00,2,7,1,200600045390A01,7,9,1
200600045400,2006-08-18,2006,août,vendredi,17:30,40,40046,0,0,1,1,1,1,1,3,2,00,-1,1,000,000,1,0,1,4,2,62,5,0,0,00,0,1,2,200600045400B02,7,2,1
200600045426,2006-08-17,2006,août,jeudi,15:15,47,47064,0,0,1,1,2,1,8,3,2,02,1,1,000,062,1,0,1,4,1,14,5,0,0,00,2,4,15,200600045426B02,7,17,1
200600045437,2006-08-05,2006,août,samedi,10:15,64,64038,43.452,-1.517,1,3,3,1,1,3,2,02,-1,1,000,070,1,5,1,3,1,77,0,1,2,00,2,8,11,200600045437B02,7,1,1
200600045446,2006-08-31,2006,août,jeudi,93:0,64,64168,0,0,1,1,2,1,7,3,2,02,1,1,000,060,1,0,1,3,2,59,5,0,0,00,0,4,1,200600045446B02,7,1,1
200600045452,2006-08-04,2006,août,vendredi,19:00,86,86217,0,0,2,1,1,1,1,3,2,02,1,1,000,056,1,0,0,3,1,10,5,0,0,00,2,1,19,200600045452B02,7,1,1
200600045466,2006-08-30,2006,août,mercredi,18:00,16,16026,0,0,2,1,1,1,1,4,2,00,4,1,000,045,1,0,1,3,1,11,5,0,0,13,2,0,1,200600045466B02,10,15,1
200600045489,2006-08-06,2006,août,dimanche,20:45,17,17225,0,0,2,6,3,1,1,3,2,02,-1,1,000,050,1,5,1,3,1,54,5,0,0,00,2,0,1,200600045489B02,7,1,1
200600045493,2006-08-14,2006,août,lundi,83:0,17,17353,45.993,-1.055,1,1,3,1,1,3,2,00,1,1,000,063,1,0,1,3,1,42,5,0,0,00,0,8,10,200600045493A01,7,17,1
200600045522,2006-08-09,2006,août,mercredi,90:5,19,19010,0,0,2,6,3,1,1,2,1,02,1,2,000,000,1,0,1,3,1,44,5,0,0,00,2,1,1,200600045522A01,7,16,1
200600045538,2006-08-23,2006,août,mercredi,11:00,23,23068,46.133,2.123,1,2,3,1,1,3,2,00,1,1,000,058,1,0,1,3,1,35,5,0,0,00,2,1,1,200600045538B02,7,19,1
200600045572,2006-08-23,2006,août,mercredi,17:00,09,09312,43.109,1.652,2,1,3,1,1,4,2,02,1,1,000,039,1,0,1,3,1,10,9,0,0,00,2,3,19,200600045572A01,7,1,1
200600045577,2006-08-11,2006,août,vendredi,15:00,09,09261,0,0,2,1,1,1,1,3,2,02,-1,1,120,000,1,0,1,3,2,74,5,0,0,01,0,1,0,200600045577B02,7,2,1
200600045593,2006-08-23,2006,août,mercredi,10:30,32,32459,43.884,0.386,2,1,3,1,1,3,2,02,1,2,030,068,1,5,1,2,1,2006,5,0,0,00,2,1,19,200600045593B02,7,1,1
200600045594,2006-08-03,2006,août,jeudi,11:30,32,32305,43.831,-0.089,1,1,6,1,1,4,2,00,2,1,000,027,1,0,1,4,2,9,5,0,0,00,2,1,1,200600045594A01,,,
200600045601,2006-08-11,2006,août,vendredi,14:15,32,32370,0,0,2,3,1,1,1,3,2,02,1,3,000,060,1,0,1,3,1,75,0,1,2,00,2,1,1,200600045601A01,7,15,1
200600045627,2006-08-15,2006,août,mardi,13:00,65,65138,0,0,1,1,6,1,1,3,-1,02,2,3,000,060,1,0,1,3,2,43,5,0,0,04,0,1,2,200600045627A01,,,
200600045630,2006-08-20,2006,août,dimanche,17:30,65,65473,0,0,1,1,5,1,1,3,2,02,2,1,000,061,1,0,1,4,1,43,5,0,0,00,0,0,1,200600045630B02,10,17,1
200600045630,2006-08-20,2006,août,dimanche,17:30,65,65473,0,0,1,1,5,1,1,3,2,02,2,1,000,061,1,0,1,4,2,43,5,0,0,00,0,0,1,200600045630C03,10,17,1
200600045668,2006-08-10,2006,août,jeudi,14:45,69,69299,0,0,2,1,7,1,1,3,2,00,4,1,000,000,1,0,1,3,1,65,5,0,0,00,0,0,0,200600045668A01,,,
200600045676,2006-08-27,2006,août,dimanche,95:5,69,69110,0,0,1,1,6,1,1,3,2,02,2,4,000,000,1,0,3,3,1,57,5,0,0,06,0,1,14,200600045676A01,,,
200600045695,2006-08-25,2006,août,vendredi,93:0,01,01374,0,0,1,8,1,1,1,9,-1,02,1,1,000,000,1,4,0,3,2,9,5,0,0,00,9,6,1,200600045695B02,39,1,1
200600045721,2006-08-26,2006,août,samedi,23:15,07,07259,44.28,4.62,1,1,3,3,1,2,2,02,1,1,000,059,1,0,1,3,1,41,5,1,4,00,2,8,2,200600045721B02,7,2,1
200600045740,2006-08-08,2006,août,mardi,10:50,26,26108,0,0,2,1,3,1,1,3,2,02,1,1,090,000,1,0,1,4,1,57,5,0,0,00,2,1,1,200600045740B02,7,15,1
200600045750,2006-08-10,2006,août,jeudi,17:30,26,26348,44.447,4.981,2,1,2,1,1,3,2,02,-1,-1,000,076,1,0,1,3,2,83,3,0,0,00,2,4,1,200600045750B02,21,1,1
200600045752,2006-08-01,2006,août,mardi,84:5,26,26301,45.124,4.999,1,1,3,1,1,3,2,02,-1,3,000,070,1,5,1,4,1,47,5,1,2,00,0,8,1,200600045752B02,7,15,1
200600045754,2006-08-24,2006,août,jeudi,11:30,26,26096,0,0,2,1,3,1,1,4,-1,00,-1,1,000,050,1,0,1,4,1,4,0,0,0,00,2,0,0,200600045754B02,13,1,1
200600045827,2006-08-25,2006,août,vendredi,16:40,42,42052,46.176,4.193,1,1,5,1,1,3,2,02,1,1,000,073,1,0,1,3,1,60,5,1,2,00,2,1,1,200600045827B02,7,15,2
200600045849,2006-08-10,2006,août,jeudi,18:25,74,74116,0,0,1,2,1,1,7,2,2,02,2,1,000,060,1,5,1,3,1,59,5,1,2,00,2,4,19,200600045849A01,7,21,1
200600045859,2006-08-19,2006,août,samedi,11:00,74,74105,46.299,6.311,1,1,6,1,1,4,2,02,2,3,000,045,9,0,1,2,1,21,1,1,2,16,0,1,1,200600045859A01,,,
200600045871,2006-08-02,2006,août,mercredi,13:30,63,63351,45.731,2.531,1,1,1,1,1,4,2,02,1,1,000,030,1,0,1,3,1,11,5,0,0,00,2,1,13,200600045871A01,21,1,1
200600045880,2006-08-22,2006,août,mardi,16:30,63,63022,0,0,2,3,3,1,1,3,2,02,1,1,000,061,1,0,1,3,1,12,5,0,0,00,2,1,9,200600045880B02,10,1,1
200600045882,2006-08-10,2006,août,jeudi,19:50,63,63470,45.868,3.017,1,1,3,1,1,3,2,02,2,4,000,070,1,0,1,4,1,47,5,1,2,00,2,1,1,200600045882A01,7,1,1
200600045887,2006-08-10,2006,août,jeudi,17:45,63,63381,45.852,2.889,1,1,3,1,1,3,2,02,1,1,000,069,1,0,1,4,1,29,5,1,2,00,0,8,1,200600045887B02,2,17,1
200600045930,2006-08-29,2006,août,mardi,11:30,43,43256,44.96,3.48,1,2,3,1,2,3,2,00,3,1,000,060,2,0,0,2,1,69,5,1,2,00,2,1,1,200600045930A01,14,19,1
200600045941,2006-08-22,2006,août,mardi,11:30,43,43249,0,0,1,1,7,1,9,5,2,00,-1,-1,000,030,9,0,1,3,2,42,5,0,0,00,0,1,0,200600045941A01,,,
200600045959,2006-08-13,2006,août,dimanche,16:00,57,57132,0,0,1,3,3,1,1,3,2,02,3,1,000,000,1,0,1,3,1,14,5,0,0,00,0,1,19,200600045959B02,7,21,1
200600045990,2006-08-31,2006,août,jeudi,18:45,54,54065,0,0,1,1,1,2,1,3,2,02,4,1,000,088,1,5,1,3,1,38,5,1,2,00,2,1,1,200600045990B02,7,11,1
200600045999,2006-08-15,2006,août,mardi,19:45,55,55502,49.498,5.189,2,1,3,1,1,4,2,02,1,1,000,060,1,0,1,3,1,14,5,0,0,00,2,8,19,200600045999A01,7,1,1
200600046023,2006-08-11,2006,août,vendredi,81:5,67,67137,48.494,7.694,2,1,1,1,2,3,2,00,1,-1,000,063,2,0,1,3,2,33,1,0,0,00,2,0,1,200600046023B02,10,16,1
200600046068,2006-08-31,2006,août,jeudi,13:30,68,68015,0,0,2,1,6,1,1,4,-1,01,-1,1,000,000,1,6,5,3,2,11,5,0,0,00,0,0,1,200600046068A01,,,
200600046069,2006-08-23,2006,août,mercredi,16:45,68,68070,47.723,7.297,2,1,3,1,1,3,2,00,4,1,000,079,1,5,1,3,1,33,5,0,0,00,2,1,1,200600046069B02,7,15,1
200600046080,2006-08-20,2006,août,dimanche,10:15,51,51648,0,0,2,1,1,1,1,3,2,02,1,1,000,000,1,0,1,3,1,78,5,0,0,00,2,1,1,200600046080C03,21,1,1
200600046118,2006-08-14,2006,août,lundi,13:45,21,21295,47.227,4.928,1,1,1,1,1,3,2,02,2,4,000,060,1,0,1,3,1,59,5,1,2,00,2,1,13,200600046118A01,3,1,1
200600046129,2006-08-09,2006,août,mercredi,20:45,58,58134,0,0,2,1,3,2,1,4,2,02,2,1,000,050,1,0,1,3,1,12,5,0,0,00,2,0,0,200600046129B02,7,0,1
200600046141,2006-08-26,2006,août,samedi,15:00,71,71288,46.48,4.61,1,1,1,1,1,3,2,02,4,4,000,040,1,0,1,4,1,50,5,1,2,00,2,6,1,200600046141B02,7,15,1
200600046142,2006-08-29,2006,août,mardi,18:00,71,71137,46.43,4.66,1,1,6,1,1,3,2,02,1,1,000,000,1,0,1,3,2,32,5,0,0,00,0,3,1,200600046142A01,,,
200600046190,2006-08-31,2006,août,jeudi,13:45,25,25395,0,0,2,1,1,1,1,4,2,00,-1,-1,000,044,-1,0,0,3,1,21,5,1,2,00,2,1,13,200600046190B02,7,1,1
200600046194,2006-08-22,2006,août,mardi,18:00,25,25527,47.187,5.816,2,1,3,1,1,5,1,00,2,1,000,060,1,0,1,3,1,6,5,0,0,00,2,3,19,200600046194A01,7,1,1
200600046202,2006-08-11,2006,août,vendredi,12:00,25,25456,47.203,6.664,1,1,3,1,1,4,2,02,1,1,000,030,1,0,1,3,1,47,5,0,0,00,2,6,1,200600046202A01,7,2,1
200600046213,2006-08-15,2006,août,mardi,13:45,25,25515,0,0,1,2,3,1,1,3,2,02,1,1,000,073,1,0,1,3,1,29,5,1,2,00,0,1,1,200600046213A01,7,15,1
200600046224,2006-08-25,2006,août,vendredi,13:00,39,39478,0,0,2,1,1,1,8,4,2,02,2,4,000,050,1,0,1,3,1,17,5,0,0,00,2,1,5,200600046224B02,7,1,1
200600046230,2006-08-10,2006,août,jeudi,17:45,70,70175,0,0,1,1,7,1,1,4,2,02,-1,-1,000,000,-1,0,0,3,2,48,5,0,0,00,0,0,0,200600046230A01,,,
200600046237,2006-08-19,2006,août,samedi,17:30,70,70408,0,0,2,1,7,1,1,3,2,02,2,3,000,000,1,0,4,3,1,17,5,0,0,15,0,1,2,200600046237A01,,,
200600046273,2006-08-18,2006,août,vendredi,15:15,04,04096,0,0,1,1,1,1,1,4,2,02,2,3,000,075,1,0,1,3,1,38,5,1,4,00,2,1,1,200600046273A01,7,1,1
200600046283,2006-08-02,2006,août,mercredi,17:00,04,04145,0,0,1,1,6,1,1,3,2,02,1,3,000,040,1,2,3,3,1,26,5,1,2,06,0,1,1,200600046283A01,,,
200600046313,2006-08-26,2006,août,samedi,16:30,06,06033,0,0,1,1,1,1,1,3,2,02,2,4,000,000,1,0,1,3,1,29,5,0,0,13,2,1,1,200600046313B02,20,1,1
200600046326,2006-08-03,2006,août,jeudi,10:30,06,06025,0,0,1,1,6,1,1,3,2,00,2,1,000,050,1,0,1,2,2,50,5,1,2,00,9,1,2,200600046326A01,,,
200600046331,2006-08-30,2006,août,mercredi,16:15,06,06009,43.982,7.13,1,1,7,3,1,3,2,00,-1,3,000,064,1,0,3,3,1,20,5,0,0,03,0,1,16,200600046331A01,,,
200600046380,2006-08-14,2006,août,lundi,10:15,83,83035,0,0,1,1,2,1,1,2,2,02,1,1,000,000,1,0,1,3,1,68,5,1,2,00,2,4,1,200600046380B02,7,2,1
200600046382,2006-08-10,2006,août,jeudi,73:0,83,83047,43.154,6.075,2,6,1,1,1,3,-1,00,-1,-1,000,050,1,5,1,3,1,78,5,1,2,00,2,0,21,200600046382B02,7,9,1
200600046397,2006-08-03,2006,août,jeudi,19:45,84,84124,0,0,1,1,3,2,1,3,2,02,1,1,000,000,1,0,1,4,1,43,5,1,2,00,0,0,0,200600046397B02,7,2,1
200600046398,2006-08-04,2006,août,vendredi,61:5,84,84092,0,0,2,1,1,2,1,4,2,03,3,1,000,096,1,2,1,2,1,19,1,0,0,00,2,4,2,200600046398C03,10,2,1
200600046407,2006-08-08,2006,août,mardi,30:0,84,84069,0,0,1,1,3,3,1,3,2,00,-1,2,000,057,1,0,1,3,1,47,5,1,4,00,2,1,1,200600046407B02,7,13,1
200600046408,2006-08-03,2006,août,jeudi,19:00,84,84088,0,0,2,1,2,1,1,4,2,02,1,1,000,046,1,0,1,4,1,2006,5,1,2,00,2,1,2,200600046408B02,7,23,1
200600046425,2006-08-13,2006,août,dimanche,11:45,34,34312,43.66,3.144,1,1,3,1,1,3,2,02,-1,4,000,061,1,0,1,3,1,55,5,1,2,00,2,3,13,200600046425A01,7,1,1
200600046427,2006-08-10,2006,août,jeudi,19:15,34,34059,0,0,2,1,3,1,1,3,2,02,-1,1,000,023,1,0,1,3,1,9,5,0,0,00,2,1,19,200600046427B02,7,1,1
200600046482,2006-08-25,2006,août,vendredi,10:45,11,11013,0,0,2,1,1,1,1,9,2,02,1,1,000,057,1,0,1,3,1,16,5,0,0,00,2,1,1,200600046482B02,7,1,1
200600046510,2006-08-03,2006,août,jeudi,20:00,30,30212,43.943,4.577,2,6,6,1,1,2,-1,00,-1,-1,000,050,1,0,1,3,1,64,5,0,0,00,2,8,1,200600046510A01,,,
200600046535,2006-08-03,2006,août,jeudi,13:35,66,66037,0,0,2,1,1,1,1,3,3,01,1,1,010,070,1,0,1,3,1,2006,5,0,0,00,2,7,19,200600046535B02,7,1,1
200600046536,2006-08-07,2006,août,lundi,10:00,66,66037,0,0,2,1,1,1,1,4,2,01,1,1,000,070,1,0,1,2,2,67,5,0,0,00,2,8,13,200600046536B02,7,17,1
200600046598,2006-08-09,2006,août,mercredi,90:0,91,91546,48.568,2.042,1,1,3,1,1,3,2,02,1,3,000,085,1,0,1,3,1,74,5,1,2,00,2,8,1,200600046598B02,14,17,1
200600046627,2006-08-10,2006,août,jeudi,15:45,45,45258,0,0,2,3,3,1,1,3,2,02,2,1,000,074,1,0,1,3,2,69,5,0,0,00,2,8,19,200600046627B02,7,1,1
200600046664,2006-08-22,2006,août,mardi,20:15,36,36005,0,0,1,1,1,2,7,3,2,02,2,-1,000,065,1,0,1,3,1,55,5,1,2,00,2,1,1,200600046664B02,7,2,1
200600046664,2006-08-22,2006,août,mardi,20:15,36,36005,0,0,1,1,1,2,7,3,2,02,2,-1,000,065,1,0,1,3,1,51,0,1,2,00,2,1,1,200600046664B02,7,2,1
200600046670,2006-08-31,2006,août,jeudi,17:20,36,36006,46.587,1.513,2,1,1,1,1,3,2,01,1,1,000,070,1,0,1,3,2,56,5,0,0,01,0,2,1,200600046670B02,7,22,1
200600046676,2006-08-23,2006,août,mercredi,18:30,36,36041,0,0,1,1,2,1,1,3,2,00,-1,1,000,050,1,0,3,1,2,58,5,0,0,13,0,0,2,200600046676A01,1,2,1
200600046676,2006-08-23,2006,août,mercredi,18:30,36,36041,0,0,1,1,2,1,1,3,2,00,-1,1,000,050,1,0,3,3,2,59,5,0,0,00,9,0,2,200600046676B02,1,2,1
200600046686,2006-08-15,2006,août,mardi,15:50,36,36088,0,0,2,1,1,1,1,4,2,02,1,2,000,082,1,0,1,3,1,14,5,1,2,00,2,1,19,200600046686B02,14,21,1
200600046686,2006-08-15,2006,août,mardi,15:50,36,36088,0,0,2,1,1,1,1,4,2,02,1,2,000,082,1,0,1,3,1,6,0,1,2,00,2,1,19,200600046686B02,14,21,1
200600046691,2006-08-31,2006,août,jeudi,18:30,36,36088,46.948,2.013,2,3,3,1,1,3,2,01,1,1,000,078,1,0,1,4,2,76,5,0,0,00,2,0,15,200600046691B02,2,1,1
200600046700,2006-08-27,2006,août,dimanche,18:00,37,37216,47.127,0.578,1,1,3,1,7,4,2,00,1,3,000,000,1,0,1,3,1,16,0,0,0,00,2,1,19,200600046700B02,7,1,1
200600046709,2006-08-16,2006,août,mercredi,14:15,41,41136,47.696,1.513,1,1,3,1,1,3,2,00,1,1,000,065,1,0,1,3,1,31,9,0,0,00,0,8,15,200600046709B02,7,2,1
200600046712,2006-08-21,2006,août,lundi,83:0,41,41051,47.34,1.138,2,1,1,1,7,3,2,02,1,1,000,089,1,0,1,3,1,74,9,1,2,00,2,9,2,200600046712B02,7,2,1
200600046724,2006-08-05,2006,août,samedi,23:30,33,33214,0,0,2,9,3,5,1,3,2,02,1,-1,000,000,1,0,0,3,1,30,0,1,2,00,2,1,9,200600046724A01,7,0,1
200600046739,2006-08-20,2006,août,dimanche,14:45,47,47195,44.167,0.308,1,1,1,1,1,3,2,00,-1,1,089,000,1,0,1,3,1,57,5,0,0,00,2,0,1,200600046739B02,7,17,1