Num_Acc,date,an,mois,jour,hrmn,dep,com,lat,long,agg,int,col,lum,atm,catr,circ,nbv,prof,plan,lartpc,larrout,surf,infra,situ,grav,sexe,age,trajet,secuexist,equipement,obs,obsm,choc,manv,vehiculeid,typevehicules,manoeuvehicules,numVehicules
200600046742,2006-08-18,2006,août,vendredi,18:45,34,34270,43.575,3.813,2,1,3,1,1,2,-1,00,1,1,000,070,1,0,1,3,1,68,5,1,2,00,2,8,19,200600046742B02,7,15,1
200600046829,2006-08-31,2006,août,jeudi,18:00,69,69081,45.78,4.785,2,3,5,1,1,4,2,00,-1,2,015,070,1,5,1,3,2,27,1,0,0,00,0,1,15,200600046829A01,14/ 7,1,2
200600046831,2006-08-01,2006,août,mardi,11:55,38,38052,0,0,1,1,1,1,1,3,2,00,1,1,150,000,1,0,1,3,1,14,5,0,0,00,2,6,13,200600046831B02,7,17,1
200600046878,2006-08-04,2006,août,vendredi,11:15,66,66195,0,0,2,1,2,1,1,3,-1,00,-1,-1,000,070,-1,0,0,4,1,36,5,1,2,00,2,1,1,200600046878B02,7,19,1
200600046882,2006-08-08,2006,août,mardi,13:35,22,22372,0,0,1,3,1,1,1,3,2,01,2,2,000,075,1,5,1,3,1,39,5,1,2,00,2,8,15,200600046882B02,7,1,1
200600046911,2006-08-29,2006,août,mardi,15:45,56,56005,47.54,-2.88,1,1,2,1,1,3,2,02,4,1,000,076,1,0,1,2,2,62,5,0,0,00,2,8,2,200600046911B02,7,2,1
200600046929,2006-08-31,2006,août,jeudi,15:45,06,06148,0,0,1,1,1,1,1,3,2,02,1,2,000,000,1,0,1,3,1,19,5,0,0,00,2,1,15,200600046929B02,33,1,1
200600046935,2006-08-06,2006,août,dimanche,10:50,35,35266,0,0,1,1,5,1,1,3,2,02,1,4,000,066,1,0,1,3,1,67,5,1,2,00,2,3,1,200600046935B02,7,1/0,2
200600046935,2006-08-06,2006,août,dimanche,10:50,35,35266,0,0,1,1,5,1,1,3,2,02,1,4,000,066,1,0,1,3,1,54,5,1,2,00,9,3,1,200600046935C03,7,1/0,2
200600046942,2006-08-18,2006,août,vendredi,17:45,74,74164,46.09,6.493,1,3,3,1,1,3,2,02,1,1,000,070,1,5,1,3,1,62,5,1,2,00,2,1,15,200600046942B02,7,1,1
200600046969,2006-08-24,2006,août,jeudi,16:10,67,67415,0,0,2,9,1,1,1,3,2,02,-1,1,000,050,2,0,1,3,1,14,0,0,0,10,0,1,1,200600046969B02,7,1,1
200600046978,2006-08-06,2006,août,dimanche,93:0,34,34192,43.539,3.94,2,6,3,1,1,3,1,02,1,2,000,060,1,0,1,3,1,61,5,1,2,00,2,7,1,200600046978B02,7,9,1
200600047016,2006-08-21,2006,août,lundi,93:5,02,02722,0,0,2,6,3,1,1,4,2,02,1,1,000,030,1,5,1,3,1,58,4,1,9,00,2,1,1,200600047016B01,7,1,1
200600047018,2006-08-25,2006,août,vendredi,16:30,02,02059,0,0,2,1,6,1,1,9,2,01,1,1,000,000,1,0,1,2,1,25,1,1,2,01,0,1,22,200600047018A01,,,
200600047028,2006-08-24,2006,août,jeudi,14:30,04,04070,0,0,2,1,7,1,1,2,3,02,1,1,000,066,1,0,1,3,1,65,5,1,9,00,0,0,1,200600047028A01,,,
200600047044,2006-08-05,2006,août,samedi,10:07,06,06004,0,0,2,1,6,1,1,4,2,02,1,1,000,070,1,0,1,4,1,53,0,1,9,00,0,0,0,200600047044A01,,,
200600047068,2006-08-02,2006,août,mercredi,15:55,06,06027,0,0,2,3,2,1,1,4,1,02,1,1,000,000,1,5,4,3,1,71,5,1,9,01,0,1,16,200600047068A01,7,24,1
200600047163,2006-08-02,2006,août,mercredi,18:00,06,06088,0,0,2,1,3,1,1,4,2,02,1,1,000,060,1,0,1,4,1,12,0,1,4,00,2,0,0,200600047163B01,7,17,1
200600047214,2006-08-13,2006,août,dimanche,19:00,06,06088,0,0,2,1,2,1,1,4,1,03,1,1,000,115,1,2,5,4,1,63,5,1,2,00,0,4,2,200600047214B01,2,1,1
200600047242,2006-08-21,2006,août,lundi,92:0,06,06088,0,0,1,1,6,1,1,4,2,02,2,2,000,060,1,0,1,4,1,52,5,1,9,00,2,8,21,200600047242B01,38,13,1
200600047254,2006-08-24,2006,août,jeudi,15:05,06,06088,0,0,1,1,2,1,1,3,3,03,1,1,030,090,1,0,1,3,1,43,9,1,2,14,0,1,1,200600047254A01,38,23,1
200600047267,2006-08-28,2006,août,lundi,82:0,06,06088,0,0,2,1,3,1,1,4,1,03,1,1,000,075,1,2,1,4,1,21,0,1,4,00,2,1,2,200600047267B01,7,9,1
200600047311,2006-08-09,2006,août,mercredi,17:35,12,12100,0,0,1,1,2,1,1,3,2,02,1,1,029,124,1,0,1,3,1,80,3,1,2,00,2,4,1,200600047311B01,7,17,1
200600047327,2006-08-28,2006,août,lundi,16:15,13,13004,0,0,2,1,6,1,1,4,1,01,2,1,000,000,1,0,3,1,1,19,5,1,9,00,1,1,1,200600047327A01,,,
200600047334,2006-08-25,2006,août,vendredi,19:10,13,13063,0,0,1,1,3,1,1,4,1,02,1,1,100,070,1,0,1,4,1,54,5,1,9,00,2,5,6,200600047334B01,7,1,1
200600047337,2006-08-02,2006,août,mercredi,10:15,13,13054,0,0,2,2,3,1,1,4,2,02,1,1,000,070,1,5,1,4,1,58,5,1,2,00,2,8,1,200600047337B01,7,1,1
200600047357,2006-08-01,2006,août,mardi,19:15,13,13002,0,0,2,9,3,1,1,4,2,02,1,1,000,060,1,0,1,4,1,41,5,1,2,00,2,1,1,200600047357B01,7,16,1
200600047359,2006-08-03,2006,août,jeudi,14:30,13,13055,0,0,2,1,3,1,1,4,3,02,1,-1,000,028,1,0,0,4,1,50,5,0,0,01,0,0,0,200600047359B01,7,22,1
200600047361,2006-08-04,2006,août,vendredi,15:51,13,13055,0,0,2,1,3,1,1,3,2,08,1,1,200,210,1,0,1,4,1,46,5,1,9,00,2,0,2,200600047361B01,7,16,1
200600047386,2006-08-09,2006,août,mercredi,19:35,13,13055,0,0,2,1,3,2,1,4,3,02,1,1,103,071,1,0,1,4,1,24,4,1,9,00,2,7,2,200600047386B01,7,2,1
200600047388,2006-08-07,2006,août,lundi,20:15,13,13055,0,0,2,1,3,2,1,4,2,01,1,-1,000,096,1,0,1,4,1,7,5,1,9,00,2,0,19,200600047388B01,7,1,1
200600047436,2006-08-03,2006,août,jeudi,18:45,13,13055,0,0,2,1,3,1,1,4,1,01,1,1,000,040,1,0,0,4,1,14,5,1,9,00,2,2,17,200600047436B01,7,20,1
200600047506,2006-08-14,2006,août,lundi,15:45,13,13055,0,0,2,1,7,1,1,4,2,03,1,1,000,000,1,0,1,4,1,49,4,1,4,00,0,0,1,200600047506A01,,,
200600047572,2006-08-26,2006,août,samedi,13:40,14,14117,0,0,2,1,6,1,8,4,2,02,1,1,013,048,1,0,1,4,1,47,5,0,0,00,9,8,2,200600047572A01,7,2,1
200600047573,2006-08-17,2006,août,jeudi,22:40,14,14366,0,0,2,2,1,5,1,4,2,02,2,-1,000,064,1,0,1,3,1,17,5,1,9,00,2,1,15,200600047573A01,7,1,1
200600047581,2006-08-22,2006,août,mardi,20:10,16,16102,0,0,2,1,7,1,1,3,2,02,1,1,000,094,1,0,1,3,1,22,0,1,4,00,0,0,1,200600047581A01,,,
200600047592,2006-08-14,2006,août,lundi,11:30,17,17300,0,0,2,1,6,1,1,4,1,01,2,1,000,042,1,0,1,4,2,43,5,1,9,01,2,1,1,200600047592B01,7,22,1
200600047602,2006-08-24,2006,août,jeudi,12:30,17,17300,0,0,2,1,3,1,1,4,2,04,1,1,000,000,1,0,1,4,2,56,5,1,2,00,2,1,1,200600047602B01,7,15,1
200600047609,2006-08-31,2006,août,jeudi,80:5,17,17028,0,0,1,1,3,1,1,3,2,02,1,1,020,096,1,3,1,4,1,37,1,1,9,00,2,1,1,200600047609B01,7,15,1
200600047623,2006-08-28,2006,août,lundi,21:0,17,17415,0,0,2,1,2,5,1,4,2,02,1,1,000,070,1,0,1,4,1,16,5,1,2,00,2,4,1,200600047623B01,7,1,1
200600047650,2006-08-22,2006,août,mardi,16:20,21,21355,0,0,2,1,3,1,1,4,2,02,2,1,000,080,1,0,1,4,1,77,5,1,2,00,2,6,11,200600047650A01,7,1,1
200600047656,2006-08-11,2006,août,vendredi,10:25,22,22050,0,0,2,6,3,1,1,3,1,02,-1,-1,000,090,1,5,1,3,2,23,5,1,9,00,2,8,1,200600047656B01,7,12,1
200600047664,2006-08-20,2006,août,dimanche,62:0,22,22106,0,0,2,3,1,2,1,4,2,02,1,3,000,060,1,0,1,4,1,24,5,1,2,00,2,1,5,200600047664A01,10,1,1
200600047673,2006-08-23,2006,août,mercredi,14:30,23,23096,0,0,2,3,3,1,1,4,2,03,2,1,000,098,1,5,1,3,1,47,5,1,2,00,2,1,1,200600047673B01,7,11,1
200600047688,2006-08-29,2006,août,mardi,14:20,24,24322,0,0,2,1,3,1,1,3,2,02,1,1,025,089,1,0,1,4,2,64,5,1,2,00,2,8,1,200600047688B01,10,13,1
200600047699,2006-08-16,2006,août,mercredi,18:48,25,25056,0,0,2,2,3,1,1,4,2,02,1,1,000,000,1,0,1,3,1,52,5,1,9,00,2,8,1,200600047699B01,7,19,1
200600047712,2006-08-03,2006,août,jeudi,14:30,26,26281,0,0,2,1,2,1,1,3,3,02,1,1,200,030,1,0,1,4,1,40,5,1,2,00,2,1,1,200600047712A01,7,23,1
200600047722,2006-08-16,2006,août,mercredi,12:00,26,26362,0,0,2,1,3,1,1,4,2,02,2,1,000,060,1,0,1,3,1,79,5,1,2,00,2,1,1,200600047722B01,7,15,1
200600047731,2006-08-31,2006,août,jeudi,91:5,26,26362,0,0,2,6,3,1,1,4,2,02,1,1,000,050,1,5,1,3,2,22,0,1,2,00,2,1,1,200600047731B01,7,9,1
200600047739,2006-08-20,2006,août,dimanche,11:50,27,27701,0,0,2,1,7,1,1,4,2,02,1,1,000,000,1,0,1,4,1,14,5,1,4,00,0,0,0,200600047739A01,,,
200600047769,2006-08-29,2006,août,mardi,16:00,29,29019,0,0,2,9,6,1,1,9,-1,00,1,-1,000,000,1,6,1,1,1,15,5,1,9,00,1,1,1,200600047769A01,,,
200600047791,2006-08-02,2006,août,mercredi,18:30,30,30189,0,0,2,1,6,1,1,3,2,02,2,1,000,076,1,0,1,3,1,60,5,1,9,00,0,0,21,200600047791B01,7,22,1
200600047799,2006-08-07,2006,août,lundi,19:37,30,30189,0,0,2,1,3,1,1,3,2,02,1,1,000,080,1,0,0,3,1,70,0,1,9,00,2,4,2,200600047799B01,7,2,1
200600047835,2006-08-03,2006,août,jeudi,19:36,31,31149,0,0,2,2,3,1,1,4,3,02,2,1,015,030,1,5,1,4,1,21,1,1,9,00,2,1,1,200600047835A01,7,15,1
200600047847,2006-08-05,2006,août,samedi,19:30,31,31555,0,0,2,1,6,1,1,4,1,02,1,1,000,070,1,0,1,4,1,21,0,1,2,14,0,1,0,200600047847A01,,,
200600047849,2006-08-07,2006,août,lundi,16:30,31,31555,0,0,2,1,3,1,1,4,1,02,1,1,000,064,1,0,1,4,2,75,9,1,2,00,2,8,0,200600047849A01,7,0,1
200600047859,2006-08-10,2006,août,jeudi,15:06,31,31555,0,0,2,1,6,1,1,4,2,02,1,1,000,062,1,0,1,1,1,31,0,1,2,00,1,1,1,200600047859A01,,,
200600047869,2006-08-14,2006,août,lundi,13:50,31,31555,0,0,2,3,6,1,1,4,2,01,1,1,000,048,1,0,1,4,1,9,0,1,2,00,2,0,0,200600047869A01,7,1,1
200600047877,2006-08-17,2006,août,jeudi,10:00,31,31555,0,0,2,1,3,1,1,4,2,02,1,1,000,076,1,0,1,4,1,21,0,1,2,01,0,1,0,200600047877B01,7,24,1
200600047890,2006-08-24,2006,août,jeudi,19:30,31,31555,0,0,2,1,3,1,1,4,2,02,1,1,000,057,1,0,1,4,2,30,9,1,9,00,2,1,0,200600047890B01,7,0,1
200600047893,2006-08-25,2006,août,vendredi,14:45,31,31555,0,0,2,1,3,1,3,4,2,02,1,1,000,085,2,0,1,4,1,36,9,1,2,00,2,8,15,200600047893B01,7,1,1
200600047904,2006-08-30,2006,août,mercredi,14:46,31,31555,0,0,2,1,5,1,1,4,1,02,1,1,000,075,1,0,1,1,1,36,4,1,2,00,2,1,19,200600047904A01,7,2,2
200600047916,2006-08-08,2006,août,mardi,18:45,33,33529,0,0,1,2,3,2,1,6,1,01,1,1,000,020,1,0,1,4,1,16,5,1,2,00,2,1,19,200600047916A01,7,1,1
200600047917,2006-08-16,2006,août,mercredi,18:35,33,33529,0,0,1,9,3,1,1,4,2,02,1,1,000,062,1,0,1,4,2,57,5,1,2,00,2,0,15,200600047917B01,7,15,1
200600047926,2006-08-02,2006,août,mercredi,17:15,33,33281,0,0,2,1,1,1,2,4,2,02,1,4,000,057,2,0,1,3,1,14,9,1,9,00,2,1,13,200600047926A01,7,1,1
200600047928,2006-08-05,2006,août,samedi,12:52,33,33075,0,0,2,1,3,1,1,4,2,01,1,1,000,066,1,0,1,4,1,7,0,1,9,00,2,3,1,200600047928B01,7,17,1
200600047931,2006-08-10,2006,août,jeudi,18:40,33,33063,0,0,2,2,3,1,1,4,1,01,1,1,000,000,1,0,1,3,1,23,5,1,9,00,2,1,5,200600047931A01,7,1,1
200600047948,2006-08-21,2006,août,lundi,90:2,33,33063,0,0,2,1,3,1,1,4,3,02,1,1,000,000,1,0,1,3,2,24,0,1,9,00,4,1,19,200600047948B01,40,1,1
200600047958,2006-08-24,2006,août,jeudi,19:10,33,33063,0,0,2,3,3,1,1,4,1,01,1,1,000,029,1,0,1,4,1,36,0,1,9,00,2,1,1,200600047958A01,7,15,1
200600047961,2006-08-26,2006,août,samedi,21:45,33,33063,0,0,2,2,3,5,1,4,1,02,1,-1,000,105,1,0,1,4,2,42,0,1,9,00,2,0,1,200600047961A01,7,1,1
200600047965,2006-08-22,2006,août,mardi,17:10,33,33069,0,0,2,1,3,1,1,4,1,01,1,1,000,067,1,0,1,3,2,57,0,1,2,00,2,8,1,200600047965A01,10,1,1
200600048031,2006-08-07,2006,août,lundi,81:5,34,34172,0,0,2,1,1,1,1,4,2,04,2,1,000,120,1,0,1,4,2,20,1,1,9,00,2,1,1,200600048031A01,7,16,1
200600048040,2006-08-15,2006,août,mardi,17:50,34,34172,0,0,2,3,3,1,1,4,2,05,1,1,012,148,1,0,1,4,1,30,5,1,2,00,2,1,15,200600048040A01,7,1,1
200600048041,2006-08-16,2006,août,mercredi,16:10,34,34172,0,0,2,5,6,1,1,4,4,05,2,-1,070,200,1,5,5,4,2,41,5,1,2,00,2,0,19,200600048041B01,7,15,1
200600048048,2006-08-20,2006,août,dimanche,23:10,34,34172,0,0,2,4,3,5,1,4,2,07,2,1,040,186,1,5,1,4,1,19,5,1,4,00,2,7,1,200600048048A01,7,0,1
200600048063,2006-08-28,2006,août,lundi,16:10,34,34198,0,0,2,1,3,1,1,3,2,02,1,-1,010,060,1,0,5,1,1,15,5,0,0,00,2,7,1,200600048063A01,1,15,1
200600048063,2006-08-28,2006,août,lundi,16:10,34,34198,0,0,2,1,3,1,1,3,2,02,1,-1,010,060,1,0,5,4,2,83,3,0,0,00,2,7,15,200600048063B01,1,1,1
200600048085,2006-08-18,2006,août,vendredi,12:00,35,35238,0,0,2,1,3,1,1,4,1,02,1,-1,000,060,1,5,1,4,1,41,0,1,9,00,2,2,1,200600048085B01,7,9,1
200600048099,2006-08-29,2006,août,mardi,12:05,35,35238,0,0,2,6,3,1,2,4,1,01,1,-1,000,030,2,5,1,3,1,72,5,1,9,00,2,0,0,200600048099B01,7,9,1
200600048101,2006-08-30,2006,août,mercredi,11:35,35,35238,0,0,2,1,3,1,1,4,1,01,2,1,000,030,1,0,1,4,1,6,5,1,9,00,2,8,19,200600048101B01,7,1,1
200600048112,2006-08-13,2006,août,dimanche,11:00,35,35288,0,0,2,1,1,1,1,4,2,02,1,1,000,000,1,0,1,4,1,50,5,1,2,00,2,1,13,200600048112A01,7,1,1
200600048118,2006-08-03,2006,août,jeudi,91:5,36,36044,0,0,2,1,7,1,1,4,1,01,1,1,000,060,1,0,1,1,1,53,5,1,2,00,0,0,1,200600048118A01,,,
200600048118,2006-08-03,2006,août,jeudi,91:5,36,36044,0,0,2,1,7,1,1,4,1,01,1,1,000,060,1,0,1,4,2,50,0,1,2,00,0,0,1,200600048118A01,,,
200600048121,2006-08-05,2006,août,samedi,17:41,36,36159,0,0,2,1,1,1,1,4,1,01,1,2,000,039,1,0,1,4,1,7,5,1,9,00,2,1,5,200600048121A01,7,1,1
200600048124,2006-08-24,2006,août,jeudi,14:55,36,36044,0,0,2,1,3,1,1,4,2,02,1,1,000,000,1,0,1,4,2,16,5,1,2,00,2,1,9,200600048124A01,7,1,1
200600048131,2006-08-20,2006,août,dimanche,16:05,37,37261,0,0,2,3,3,1,1,4,1,01,2,1,000,051,1,0,1,4,2,24,5,1,9,00,2,1,1,200600048131A01,7,1,1
200600048132,2006-08-28,2006,août,lundi,17:10,37,37261,0,0,2,1,2,1,2,9,2,50,-1,1,019,100,2,0,1,4,1,37,5,0,0,00,2,4,1,200600048132B01,7,1,1
200600048137,2006-08-26,2006,août,samedi,55:6,38,38053,0,0,1,1,2,3,1,2,2,02,1,1,000,066,1,0,1,3,1,35,1,1,4,00,0,4,1,200600048137A01,7,1,1
200600048154,2006-08-30,2006,août,mercredi,19:31,38,38179,0,0,2,1,6,2,1,4,2,02,1,3,000,000,1,0,1,4,1,46,1,1,9,00,1,1,1,200600048154A01,,,
200600048163,2006-08-20,2006,août,dimanche,84:0,39,39198,0,0,2,1,7,1,1,4,2,02,1,1,000,058,1,0,5,3,1,46,5,1,2,12,0,1,1,200600048163A01,,,
200600048200,2006-08-08,2006,août,mardi,10:40,42,42187,0,0,2,1,6,1,1,9,2,02,1,1,000,060,1,0,1,4,2,19,9,1,9,00,2,1,1,200600048200A01,7,4,1
200600048201,2006-08-09,2006,août,mercredi,11:25,42,42187,0,0,2,6,6,1,1,3,1,01,2,2,020,050,1,5,1,4,1,43,0,1,9,00,2,2,1,200600048201A01,7,9,1
200600048206,2006-08-13,2006,août,dimanche,21:10,42,42187,0,0,2,1,6,2,1,9,2,02,1,1,000,051,1,0,1,4,2,51,5,0,0,00,2,3,1,200600048206B01,7,24,1
200600048215,2006-08-23,2006,août,mercredi,10:00,42,42187,0,0,2,2,3,1,1,9,2,02,1,1,000,056,1,0,1,4,1,70,5,1,9,00,2,1,1,200600048215A01,7,19,1
200600048216,2006-08-23,2006,août,mercredi,17:15,42,42127,0,0,2,2,3,1,1,3,2,02,1,1,011,120,1,0,1,4,1,58,5,1,9,00,2,2,1,200600048216B01,7,19,1
200600048221,2006-08-29,2006,août,mardi,18:15,42,42187,0,0,2,2,3,1,3,4,2,02,1,1,012,082,2,0,0,4,1,49,1,1,9,00,2,7,1,200600048221B01,7,16,1
200600048253,2006-08-18,2006,août,vendredi,11:30,44,44055,0,0,2,1,2,1,1,9,-1,02,1,1,000,060,1,0,1,4,2,78,5,1,9,00,2,1,1,200600048253B01,7,2,1
200600048260,2006-08-19,2006,août,samedi,16:15,44,44135,0,0,2,1,1,1,1,4,1,02,1,1,000,000,1,0,1,4,1,48,5,1,9,00,2,2,1,200600048260B01,34,1,1
200600048264,2006-08-27,2006,août,dimanche,16:20,44,44055,0,0,2,1,6,1,1,4,2,02,1,1,000,000,1,0,1,4,1,55,5,1,4,00,2,1,1,200600048264A01,31,12,1
200600048282,2006-08-24,2006,août,jeudi,90:0,44,44109,0,0,2,6,6,1,1,4,2,03,1,1,000,000,1,0,1,3,1,29,5,1,9,00,2,4,1,200600048282B01,7,1,1
200600048283,2006-08-24,2006,août,jeudi,11:30,44,44109,0,0,2,1,6,1,1,4,2,02,1,1,000,000,1,0,5,3,2,28,9,1,9,00,2,1,21,200600048283B01,7,22,1
200600048290,2006-08-29,2006,août,mardi,18:20,44,44109,0,0,2,2,6,1,1,4,2,00,2,1,000,060,1,0,1,3,2,55,0,1,4,00,0,4,15,200600048290B01,7,7,1
200600048309,2006-08-18,2006,août,vendredi,11:45,44,44184,0,0,2,1,3,1,1,4,2,02,1,1,000,000,1,0,1,4,2,72,5,1,9,00,2,1,1,200600048309B01,7,9,1
200600048327,2006-08-24,2006,août,jeudi,12:50,45,45302,0,0,2,9,3,1,1,4,2,02,1,1,000,054,1,0,1,4,1,17,5,1,9,00,2,1,1,200600048327A01,7,1,1
200600048352,2006-08-04,2006,août,vendredi,15:02,49,49007,0,0,2,1,6,1,1,4,2,02,1,1,000,000,1,0,1,4,1,12,5,1,9,00,2,0,0,200600048352B01,7,0,1
200600048358,2006-08-10,2006,août,jeudi,72:3,49,49007,0,0,2,1,7,1,1,4,2,02,1,1,000,000,1,0,1,4,1,21,1,1,9,00,0,4,0,200600048358A01,,,
200600048361,2006-08-14,2006,août,lundi,15:49,49,49007,0,0,2,1,7,1,1,4,2,02,1,1,000,064,1,0,1,4,2,18,1,1,9,12,0,0,16,200600048361A01,,,
200600048362,2006-08-18,2006,août,vendredi,81:7,49,49353,0,0,2,6,3,1,1,4,1,02,1,1,000,000,2,5,1,4,2,54,9,1,9,00,2,0,16,200600048362B01,7,16,1
200600048411,2006-08-19,2006,août,samedi,18:05,52,52121,0,0,2,3,3,1,1,4,2,02,1,1,000,085,1,0,1,4,1,8,5,1,9,00,2,1,5,200600048411A01,7,15,1
200600048428,2006-08-01,2006,août,mardi,15:00,54,54395,0,0,2,1,7,1,1,4,2,02,1,1,000,120,1,0,1,4,1,19,1,1,9,00,0,0,0,200600048428A01,,,
200600048438,2006-08-06,2006,août,dimanche,10:40,54,54526,0,0,2,2,6,1,1,4,2,03,1,1,000,000,1,0,1,4,1,26,5,1,2,00,0,8,23,200600048438C01,7,15/1,2
200600048444,2006-08-10,2006,août,jeudi,10:55,54,54395,0,0,2,2,6,1,1,3,1,02,1,1,000,000,1,0,1,1,1,20,1,1,2,00,1,1,1,200600048444A01,,,
200600048449,2006-08-19,2006,août,samedi,16:15,54,54274,0,0,2,6,3,1,2,4,2,02,1,4,000,000,2,5,1,4,1,67,5,1,2,00,2,4,1,200600048449B01,7,9,1
200600048452,2006-08-24,2006,août,jeudi,10:00,54,54300,0,0,2,1,2,1,2,4,2,02,1,3,000,000,2,0,1,4,1,57,5,1,9,12,2,1,5,200600048452A01,7,1,1
200600048474,2006-08-03,2006,août,jeudi,14:31,56,56162,0,0,2,1,7,1,1,3,2,02,1,1,000,000,1,0,1,4,2,56,5,1,9,00,0,0,1,200600048474A01,,,
200600048477,2006-08-06,2006,août,dimanche,16:30,56,56121,0,0,2,1,7,1,1,9,2,02,1,1,000,000,1,0,1,4,2,8,5,1,9,00,0,0,1,200600048477A01,,,
200600048478,2006-08-07,2006,août,lundi,11:00,56,56098,0,0,2,1,3,1,1,9,-1,00,1,3,000,000,1,0,1,4,1,43,5,1,9,00,2,1,1,200600048478B01,7,16,1
200600048480,2006-08-08,2006,août,mardi,13:35,56,56162,0,0,2,1,3,1,1,9,1,02,1,-1,000,000,1,0,1,4,1,74,5,1,9,00,2,0,1,200600048480B01,7,1,1
200600048485,2006-08-12,2006,août,samedi,12:05,56,56121,0,0,2,1,3,1,1,9,2,02,1,1,000,000,-1,0,1,4,1,17,0,1,9,00,2,1,1,200600048485B01,7,15,1
200600048505,2006-08-30,2006,août,mercredi,15:20,56,56162,0,0,1,1,7,1,1,9,2,02,2,1,000,000,1,0,1,4,2,57,5,1,9,00,0,0,1,200600048505A01,,,
200600048508,2006-08-12,2006,août,samedi,12:00,56,56260,0,0,2,1,7,1,1,4,2,02,2,2,000,000,1,0,1,2,1,84,5,1,9,00,0,0,0,200600048508A01,,,
200600048511,2006-08-08,2006,août,mardi,10:40,56,56260,0,0,2,1,3,1,1,4,2,02,1,1,000,000,1,0,1,4,2,52,9,1,2,00,2,8,21,200600048511B01,7,2,1
200600048523,2006-08-08,2006,août,mardi,17:20,57,57253,0,0,2,1,6,1,1,4,1,01,1,1,000,079,1,0,1,4,1,31,0,1,2,01,0,1,1,200600048523B01,7,24,1
200600048540,2006-08-24,2006,août,jeudi,20:55,57,57463,0,0,2,2,3,5,1,4,2,04,2,1,000,000,1,0,1,4,1,15,0,1,2,00,2,7,1,200600048540B01,7,1,1
200600048546,2006-08-03,2006,août,jeudi,20:00,57,57630,0,0,2,1,3,4,1,3,2,02,1,1,000,070,1,2,1,3,1,25,1,1,9,00,2,2,11,200600048546B01,7,1,1
200600048548,2006-08-05,2006,août,samedi,19:05,57,57672,0,0,2,1,6,1,1,4,2,02,1,1,000,092,1,0,1,3,2,10,5,1,4,00,2,7,19,200600048548B01,7,1,1
200600048556,2006-08-21,2006,août,lundi,11:35,57,57672,0,0,2,1,3,1,1,4,2,02,1,1,000,068,1,0,1,4,1,5,5,1,2,00,2,1,1,200600048556A01,7,1,1
200600048558,2006-08-22,2006,août,mardi,10:45,57,57672,0,0,2,1,3,1,1,4,2,02,1,1,000,090,1,0,1,4,2,51,5,1,2,00,2,6,16,200600048558B01,7,1,1
200600048565,2006-08-28,2006,août,lundi,19:00,57,57672,0,0,2,1,3,1,3,4,1,01,3,1,000,050,2,0,1,3,1,11,5,1,2,00,2,1,19,200600048565B01,7,1,1
200600048578,2006-08-18,2006,août,vendredi,12:16,58,58194,0,0,2,1,1,1,1,4,2,02,1,1,000,071,1,0,1,4,1,13,5,1,9,00,2,1,15,200600048578A01,7,1,1
200600048584,2006-08-09,2006,août,mercredi,14:50,59,59043,0,0,2,3,3,1,1,4,2,02,1,1,000,059,1,0,1,3,1,21,5,1,9,00,2,0,15,200600048584A01,7,1,1
200600048587,2006-08-31,2006,août,jeudi,22:15,59,59292,0,0,2,1,1,5,1,4,2,02,1,3,000,060,1,0,1,3,1,51,5,1,4,00,2,1,1,200600048587B01,7,13,1
200600048628,2006-08-21,2006,août,lundi,74:0,59,59527,0,0,2,2,3,1,8,4,2,03,1,1,000,147,2,0,1,3,1,18,1,1,4,00,2,1,15,200600048628A01,7,1,1
200600048634,2006-08-24,2006,août,jeudi,17:15,59,59360,0,0,2,1,6,1,1,4,2,02,1,1,000,080,1,0,1,4,1,87,3,1,2,00,2,0,13,200600048634B01,7,1,1
200600048636,2006-08-24,2006,août,jeudi,19:45,59,59350,0,0,2,2,3,1,1,3,-1,00,1,1,000,217,1,0,1,4,1,11,5,1,9,00,2,1,1,200600048636A01,7,1,1
200600048644,2006-08-30,2006,août,mercredi,19:00,59,59378,0,0,2,1,3,1,1,4,2,02,2,2,000,580,1,0,1,3,2,62,0,1,9,00,2,1,1,200600048644B01,7,22,1
200600048649,2006-08-31,2006,août,jeudi,14:00,59,59350,0,0,2,1,3,1,1,3,1,02,1,1,000,240,1,0,1,4,1,30,5,1,9,00,2,1,1,200600048649B01,7,20,1
200600048653,2006-08-27,2006,août,dimanche,80:5,59,59291,0,0,2,1,2,1,1,3,2,02,1,1,000,000,1,0,1,2,1,70,5,1,2,00,2,4,2,200600048653B01,7,2,1
200600048663,2006-08-09,2006,août,mercredi,14:50,59,59650,0,0,2,2,3,1,1,4,3,02,1,1,000,060,1,0,1,3,1,38,5,1,9,00,2,1,1,200600048663A01,10,1,1
200600048675,2006-08-11,2006,août,vendredi,16:50,59,59574,0,0,2,1,2,1,1,4,2,02,1,1,000,060,1,0,1,4,1,19,1,1,9,00,2,4,2,200600048675B01,7,2,1
200600048677,2006-08-07,2006,août,lundi,17:00,59,59152,0,0,1,2,3,1,2,3,2,02,1,1,000,147,2,0,1,4,1,20,9,1,2,00,2,1,1,200600048677B01,7,1,1
200600048691,2006-08-04,2006,août,vendredi,17:30,59,59447,0,0,2,3,6,1,1,4,2,02,1,1,000,070,1,0,1,4,1,14,0,1,2,00,2,4,15,200600048691B01,7,1,1
200600048696,2006-08-16,2006,août,mercredi,81:5,60,60057,0,0,1,1,6,1,1,3,2,02,1,1,000,000,1,0,3,3,1,28,1,1,2,00,2,0,1,200600048696B01,7,1,1
200600048721,2006-08-30,2006,août,mercredi,12:00,62,62440,0,0,2,1,3,1,1,4,2,01,2,3,000,083,1,0,1,3,2,11,9,1,9,00,2,1,15,200600048721A01,99,1,1