Num_Acc,date,an,mois,jour,hrmn,dep,com,lat,long,agg,int,col,lum,atm,catr,circ,nbv,prof,plan,lartpc,larrout,surf,infra,situ,grav,sexe,age,trajet,secuexist,equipement,obs,obsm,choc,manv,vehiculeid,typevehicules,manoeuvehicules,numVehicules
200600048727,2006-08-26,2006,août,samedi,12:00,62,62239,0,0,1,9,1,1,1,4,2,02,1,2,000,070,1,0,1,3,2,7,5,0,0,00,2,1,15,200600048727B01,7,1,1
200600048730,2006-08-23,2006,août,mercredi,20:12,62,62907,0,0,2,3,3,1,2,4,2,02,1,-1,000,000,1,0,1,3,2,70,5,1,9,00,2,8,19,200600048730A01,33,2,1
200600048738,2006-08-02,2006,août,mercredi,13:50,62,62498,0,0,2,2,2,1,1,4,2,02,1,1,000,070,1,0,1,4,2,39,1,1,9,00,2,0,15,200600048738B01,7,1,1
200600048745,2006-08-12,2006,août,samedi,16:25,62,62510,0,0,2,1,3,1,2,4,2,02,1,1,000,065,2,0,1,4,1,40,5,1,2,01,2,1,1,200600048745B01,7,22,1
200600048747,2006-08-06,2006,août,dimanche,13:00,62,62617,0,0,2,2,3,1,1,3,2,02,1,1,000,000,1,0,1,3,1,14,5,1,2,00,2,6,19,200600048747B01,7,1,1
200600048768,2006-08-28,2006,août,lundi,11:50,63,63113,0,0,2,1,6,1,1,4,2,02,1,1,000,000,1,0,1,4,1,15,5,1,9,12,0,1,1,200600048768A01,,,
200600048772,2006-08-30,2006,août,mercredi,19:00,63,63113,0,0,2,1,6,1,1,4,2,03,1,1,000,000,1,0,1,1,2,23,9,1,9,00,2,7,19,200600048772B01,7,1,1
200600048772,2006-08-30,2006,août,mercredi,19:00,63,63113,0,0,2,1,6,1,1,4,2,03,1,1,000,000,1,0,1,4,1,1,0,1,9,00,2,7,19,200600048772B01,7,1,1
200600048781,2006-08-24,2006,août,jeudi,18:20,63,63300,0,0,2,1,6,1,1,3,2,02,1,1,000,075,1,0,1,3,2,72,5,1,9,00,2,8,19,200600048781B01,7,1,1
200600048827,2006-08-19,2006,août,samedi,13:05,64,64445,0,0,2,2,3,1,1,4,2,03,1,1,000,115,1,0,1,3,2,64,0,1,2,00,2,1,1,200600048827B01,7,1,1
200600048829,2006-08-11,2006,août,vendredi,51:5,64,64348,0,0,2,1,3,5,1,4,2,03,1,1,000,126,1,0,1,3,2,41,5,1,9,00,2,8,1,200600048829A01,13,2,1
200600048837,2006-08-24,2006,août,jeudi,16:10,64,64260,0,0,2,1,2,1,1,3,2,02,1,1,000,080,1,0,1,4,1,14,5,1,2,00,2,1,1,200600048837B01,7,10,1
200600048839,2006-08-01,2006,août,mardi,10:50,64,64483,0,0,2,1,1,1,2,3,2,03,1,1,000,110,2,0,1,4,1,56,5,1,2,00,2,1,1,200600048839B01,7,15,1
200600048855,2006-08-21,2006,août,lundi,16:10,64,64260,0,0,2,1,3,1,1,4,2,02,1,1,000,079,1,0,1,3,1,13,5,1,2,00,2,8,19,200600048855B01,31,1,1
200600048879,2006-08-29,2006,août,mardi,75:0,65,65440,0,0,2,1,1,1,1,4,2,02,1,1,000,085,1,0,1,4,2,44,9,1,9,00,2,1,15,200600048879B01,7,16,1
200600048893,2006-08-02,2006,août,mercredi,80:0,67,67482,0,0,2,3,3,1,1,4,3,03,1,1,010,096,1,0,5,4,1,42,1,1,9,00,2,1,1,200600048893B01,10,16,1
200600048905,2006-08-17,2006,août,jeudi,18:00,67,67482,0,0,2,3,3,1,1,4,2,04,1,1,000,120,1,0,1,4,1,31,5,1,9,00,2,0,1,200600048905A01,7,16,1
200600048917,2006-08-26,2006,août,samedi,12:58,67,67482,0,0,2,1,6,1,8,4,2,03,1,1,000,085,1,0,1,3,2,53,5,1,9,01,0,1,1,200600048917B01,7,22,1
200600048921,2006-08-31,2006,août,jeudi,17:40,67,67482,0,0,2,1,1,1,1,4,2,02,1,3,000,040,1,0,1,4,1,17,5,1,9,00,2,1,17,200600048921A01,7,1,1
200600048926,2006-08-02,2006,août,mercredi,11:25,68,68271,0,0,2,1,6,1,1,4,2,02,1,3,000,091,1,0,1,3,2,17,0,1,9,01,0,2,1,200600048926B01,7,22,1
200600048930,2006-08-23,2006,août,mercredi,15:40,68,68224,0,0,2,3,2,1,1,3,2,02,1,1,000,078,1,0,1,3,1,79,5,1,9,00,2,8,0,200600048930B01,7,0,1
200600048931,2006-08-25,2006,août,vendredi,21:35,68,68224,0,0,2,1,7,5,1,4,2,02,1,1,000,160,1,0,1,3,1,52,5,1,9,14,0,1,2,200600048931A01,,,
200600048933,2006-08-30,2006,août,mercredi,13:40,68,68224,0,0,2,3,3,1,1,3,2,02,1,1,000,108,1,0,1,4,1,68,5,1,9,00,2,8,1,200600048933B01,7,0,1
200600048938,2006-08-31,2006,août,jeudi,94:3,69,69256,0,0,2,1,6,1,1,4,1,01,1,2,000,055,1,0,1,3,1,79,5,1,2,00,2,1,1,200600048938B01,7,1,1
200600048943,2006-08-21,2006,août,lundi,19:10,69,69259,0,0,2,3,3,1,1,4,2,03,2,1,050,100,1,0,1,4,2,16,0,1,2,00,2,0,19,200600048943B01,7,1,1
200600048945,2006-08-29,2006,août,mardi,12:30,69,69013,0,0,1,3,2,1,1,3,2,02,2,1,000,080,1,5,1,4,1,20,1,1,9,00,2,4,17,200600048945B01,7,15,1
200600048970,2006-08-16,2006,août,mercredi,17:45,71,71153,0,0,2,3,3,1,3,3,2,02,1,1,000,110,2,0,1,4,1,11,5,0,0,00,2,1,1,200600048970A01,7,1,1
200600048972,2006-08-09,2006,août,mercredi,14:15,71,71270,0,0,2,1,6,1,1,4,2,00,1,1,000,064,1,0,1,1,1,18,2,1,9,00,1,1,1,200600048972A01,,,
200600048993,2006-08-28,2006,août,lundi,12:30,72,72181,0,0,2,1,3,1,1,9,2,01,1,1,000,080,1,0,1,4,2,37,9,1,2,00,0,7,1,200600048993B01,2,22,1
200600049002,2006-08-26,2006,août,samedi,12:40,73,73065,0,0,2,3,3,1,1,4,2,01,1,1,000,000,1,0,5,3,1,50,1,1,9,00,2,1,1,200600049002B01,7,16,1
200600049011,2006-08-08,2006,août,mardi,13:30,74,74010,0,0,2,6,3,1,1,3,1,02,1,2,000,000,1,0,1,4,1,57,3,1,9,00,0,3,1,200600049011B01,7,16,1
200600049012,2006-08-18,2006,août,vendredi,12:05,74,74010,0,0,2,2,6,1,1,4,2,02,1,1,020,070,1,0,1,4,2,21,5,1,9,00,0,1,1,200600049012B01,7,16,1
200600049026,2006-08-02,2006,août,mercredi,95:5,75,75006,0,0,2,1,3,1,1,4,2,01,1,1,000,030,1,0,1,4,1,48,4,1,2,00,2,2,1,200600049026B01,7,22,1
200600049039,2006-08-01,2006,août,mardi,12:00,75,75011,0,0,2,1,3,1,2,4,1,01,1,1,000,030,2,0,1,4,2,42,5,0,0,00,2,2,1,200600049039B01,7,22,1
200600049074,2006-08-02,2006,août,mercredi,17:19,75,75012,0,0,2,1,2,1,1,4,2,04,1,1,000,120,1,0,1,4,2,61,5,0,0,00,2,4,2,200600049074B01,2,1,1
200600049088,2006-08-04,2006,août,vendredi,15:05,75,75019,0,0,2,1,4,1,1,4,2,04,1,1,000,120,1,0,1,4,2,24,5,0,0,00,2,2,1,200600049088B01,5/ 10,9/1,2
200600049098,2006-08-07,2006,août,lundi,82:0,75,75011,0,0,2,1,6,1,1,4,2,04,1,1,000,120,1,0,4,4,1,41,4,0,0,00,5,1,1,200600049098A01,,,
200600049146,2006-08-10,2006,août,jeudi,22:10,75,75003,0,0,2,3,3,5,1,4,1,02,1,1,000,060,1,0,1,4,1,13,5,0,0,00,2,3,11,200600049146A01,5,17,1
200600049151,2006-08-10,2006,août,jeudi,14:05,75,75017,0,0,2,1,6,1,1,4,2,03,1,1,000,090,1,0,1,4,1,12,5,1,2,00,2,3,19,200600049151B01,7,0,1
200600049164,2006-08-07,2006,août,lundi,20:10,75,75018,0,0,2,3,6,1,1,4,2,02,1,1,000,060,1,0,1,1,1,35,1,0,0,00,1,1,15,200600049164A01,,,
200600049244,2006-08-19,2006,août,samedi,14:15,75,75013,0,0,2,1,2,1,1,4,2,02,1,1,000,060,1,0,1,4,1,25,5,0,0,00,2,1,1,200600049244A01,7,1,1
200600049258,2006-08-18,2006,août,vendredi,13:25,75,75015,0,0,2,1,3,1,8,4,2,04,1,1,000,120,1,0,1,4,2,47,1,0,0,00,2,3,18,200600049258B01,7,22,1
200600049292,2006-08-25,2006,août,vendredi,91:5,75,75007,0,0,2,2,3,1,1,4,2,02,1,1,000,060,1,0,1,3,2,22,1,0,0,00,2,2,1,200600049292A01,7,2,1
200600049309,2006-08-22,2006,août,mardi,19:20,75,75004,0,0,2,1,6,1,1,4,1,01,1,1,000,030,1,0,1,4,1,21,5,0,0,01,0,1,1,200600049309A01,,,
200600049310,2006-08-22,2006,août,mardi,13:45,75,75019,0,0,2,1,3,1,1,4,1,03,1,1,000,090,1,0,1,4,1,31,5,1,2,00,2,2,1,200600049310B01,7,22,1
200600049313,2006-08-23,2006,août,mercredi,13:10,75,75010,0,0,2,1,6,1,1,4,1,04,1,1,000,120,1,0,5,1,2,31,4,0,0,00,1,1,1,200600049313A01,,,
200600049314,2006-08-23,2006,août,mercredi,23:15,75,75010,0,0,2,2,3,5,1,4,2,04,1,1,000,120,1,0,1,1,2,23,5,0,0,00,2,1,1,200600049314B01,5,1,1
200600049328,2006-08-23,2006,août,mercredi,10:20,75,75007,0,0,2,2,3,1,1,4,2,08,1,1,000,240,1,2,1,1,1,26,1,0,0,00,2,1,1,200600049328B01,5,1,1
200600049330,2006-08-23,2006,août,mercredi,18:45,75,75015,0,0,2,1,3,1,1,4,1,02,1,1,000,060,1,0,1,4,1,5,5,1,2,00,2,2,19,200600049330A01,7,1,1
200600049342,2006-08-24,2006,août,jeudi,93:5,75,75013,0,0,2,1,3,1,1,4,1,03,1,1,000,090,1,0,1,4,2,20,4,0,0,00,2,3,1,200600049342B01,7,16,1
200600049345,2006-08-27,2006,août,dimanche,13:55,75,75018,0,0,2,2,3,1,1,4,1,01,1,1,000,030,1,0,1,4,1,65,5,0,0,00,2,3,19,200600049345A01,4,1,1
200600049360,2006-08-27,2006,août,dimanche,18:45,75,75016,0,0,2,1,6,1,1,4,2,02,1,1,000,060,1,0,1,4,2,25,5,0,0,01,0,1,1,200600049360A01,,,
200600049371,2006-08-16,2006,août,mercredi,13:00,75,75012,0,0,2,2,3,1,1,4,2,04,1,1,000,120,1,0,1,4,1,30,5,0,0,00,2,1,1,200600049371A01,5,1,1
200600049374,2006-08-25,2006,août,vendredi,13:00,75,75010,0,0,2,1,3,1,1,4,2,02,1,1,000,060,1,0,1,4,2,34,5,0,0,00,2,1,1,200600049374B01,7,24,1
200600049377,2006-08-25,2006,août,vendredi,93:0,75,75012,0,0,2,3,3,1,1,4,2,04,1,1,000,120,1,0,1,3,2,61,5,0,0,00,2,1,19,200600049377B01,2,1,1
200600049391,2006-08-28,2006,août,lundi,18:25,75,75008,0,0,2,3,3,1,8,4,2,04,1,3,000,120,1,0,1,4,2,40,1,0,0,00,2,4,1,200600049391B01,5,1,1
200600049418,2006-08-19,2006,août,samedi,13:30,75,75017,0,0,2,2,2,1,8,4,2,02,1,1,000,060,1,0,1,4,1,69,5,0,0,00,2,1,1,200600049418A01,7,1,1
200600049429,2006-08-31,2006,août,jeudi,23:50,75,75015,0,0,2,2,3,5,1,4,2,02,1,1,000,060,1,0,1,4,2,30,5,0,0,00,2,1,1,200600049429B01,7,1,1
200600049562,2006-08-24,2006,août,jeudi,94:0,78,78208,0,0,2,1,7,1,1,4,2,00,1,1,000,050,1,0,4,3,1,28,1,1,4,15,0,0,1,200600049562B01,7,0,1
200600049564,2006-08-11,2006,août,vendredi,11:40,78,78423,0,0,2,2,2,1,1,4,2,02,1,1,000,075,1,0,1,4,2,47,0,1,9,00,2,8,2,200600049564B01,37,17,1
200600049566,2006-08-24,2006,août,jeudi,90:0,78,78423,0,0,2,1,3,1,9,4,-1,00,1,1,000,049,-1,0,4,3,1,32,1,1,9,00,2,1,1,200600049566A01,7,0,1
200600049585,2006-08-24,2006,août,jeudi,16:10,78,78490,0,0,2,1,3,1,1,3,3,01,1,3,022,045,1,0,1,4,1,18,5,1,2,00,2,4,1,200600049585B01,7,1,1
200600049588,2006-08-26,2006,août,samedi,14:10,78,78123,0,0,2,2,3,1,1,4,-1,00,1,1,000,000,1,0,1,3,1,15,5,1,9,00,2,1,1,200600049588A01,7,1,1
200600049626,2006-08-07,2006,août,lundi,95:5,80,80021,0,0,2,1,6,1,1,4,2,04,1,1,030,120,1,0,1,4,1,33,5,1,9,09,0,1,1,200600049626A01,,,
200600049627,2006-08-07,2006,août,lundi,13:40,80,80021,0,0,2,2,3,1,2,4,2,05,1,1,000,240,2,0,1,4,2,20,0,1,2,00,2,1,1,200600049627B01,10,16,1
200600049640,2006-08-28,2006,août,lundi,13:15,80,80021,0,0,2,1,1,1,3,4,2,02,1,1,000,084,2,0,1,4,1,17,5,1,9,00,2,1,19,200600049640A01,7,1,1
200600049645,2006-08-31,2006,août,jeudi,16:05,80,80021,0,0,2,1,3,1,1,4,2,02,1,1,000,060,1,0,1,4,1,8,5,1,9,00,2,6,9,200600049645A01,7,1,1
200600049659,2006-08-04,2006,août,vendredi,14:00,82,82033,0,0,2,1,6,1,1,4,2,02,1,1,000,070,1,0,1,4,1,22,5,1,2,01,0,1,2,200600049659B01,7,24,1
200600049663,2006-08-09,2006,août,mercredi,16:00,82,82121,0,0,2,6,3,1,1,4,1,02,1,2,000,000,1,5,1,3,1,85,5,1,9,00,2,1,9,200600049663B01,2,1,1
200600049683,2006-08-24,2006,août,jeudi,14:30,83,83009,0,0,2,3,3,1,1,4,2,02,2,1,000,046,1,0,1,3,1,5,5,1,9,00,2,7,0,200600049683B01,7,1,1
200600049693,2006-08-21,2006,août,lundi,14:30,83,83126,0,0,2,3,6,1,1,4,2,01,1,1,000,000,1,0,1,4,1,14,5,0,0,00,2,8,1,200600049693B01,,,
200600049694,2006-08-25,2006,août,vendredi,15:35,83,83126,0,0,2,1,1,1,1,4,1,01,1,1,000,000,1,0,1,1,1,15,5,1,9,00,2,1,5,200600049694A01,32,1,1
200600049700,2006-08-08,2006,août,mardi,10:30,83,83098,0,0,2,1,6,1,1,9,2,02,1,1,000,070,1,0,5,1,1,67,5,1,2,00,1,2,1,200600049700A01,,,
200600049700,2006-08-08,2006,août,mardi,10:30,83,83098,0,0,2,1,6,1,1,9,2,02,1,1,000,070,1,0,5,4,2,14,5,0,0,00,1,2,1,200600049700A01,,,
200600049718,2006-08-07,2006,août,lundi,13:25,84,84007,0,0,2,1,3,1,1,2,2,04,1,1,010,130,1,0,1,4,1,28,9,1,9,00,2,8,15,200600049718B01,7,1,1
200600049729,2006-08-22,2006,août,mardi,80:0,84,84007,0,0,1,1,2,1,1,3,2,02,1,1,000,060,1,0,1,4,1,40,0,1,2,15,2,4,0,200600049729B01,7,0,1
200600049743,2006-08-15,2006,août,mardi,22:35,84,84035,0,0,1,1,2,3,1,3,2,02,1,1,000,090,1,0,1,3,1,19,0,1,9,00,2,8,1,200600049743B01,7,2,1
200600049755,2006-08-08,2006,août,mardi,14:10,85,85191,0,0,2,1,6,1,1,4,-1,00,1,2,000,000,1,6,3,1,1,23,5,0,0,00,1,1,1,200600049755A01,,,
200600049776,2006-08-11,2006,août,vendredi,19:20,86,86194,0,0,2,1,2,1,1,4,2,02,1,1,000,000,1,0,1,4,2,18,9,1,9,00,2,4,1,200600049776B01,7,2,1
200600049801,2006-08-07,2006,août,lundi,18:02,87,87085,0,0,2,1,7,1,1,2,3,04,3,1,000,190,1,0,4,3,2,38,5,1,9,00,0,8,1,200600049801B01,7,16,1
200600049816,2006-08-24,2006,août,jeudi,14:50,87,87113,0,0,2,1,2,1,1,4,2,02,1,1,000,075,1,0,1,4,1,43,5,1,9,00,2,1,1,200600049816A01,7,23,1
200600049837,2006-08-01,2006,août,mardi,10:45,89,89024,0,0,2,2,6,1,1,4,2,02,1,1,000,056,1,5,1,4,1,24,5,1,9,00,0,0,1,200600049837A01,18,1,1
200600049838,2006-08-07,2006,août,lundi,17:25,89,89387,0,0,2,1,2,1,1,4,2,02,1,1,014,092,1,0,1,4,2,48,5,1,2,00,0,8,9,200600049838B01,7,9,1
200600049848,2006-08-23,2006,août,mercredi,10:15,91,91223,0,0,2,6,3,1,1,4,2,02,1,1,000,078,1,5,1,3,1,30,5,1,2,00,2,1,1,200600049848B01,7,9,1
200600049912,2006-08-22,2006,août,mardi,82:0,92,92060,0,0,2,3,3,1,1,4,2,02,1,1,000,100,1,0,1,4,1,33,1,1,9,00,2,1,15,200600049912B01,7,15,1
200600049919,2006-08-05,2006,août,samedi,93:5,92,92025,0,0,2,3,3,1,1,4,1,01,1,1,000,060,1,0,1,4,2,57,0,1,9,00,2,2,1,200600049919A01,7,15,1
200600049922,2006-08-25,2006,août,vendredi,14:30,92,92025,0,0,2,3,2,1,1,4,1,01,1,1,000,060,1,0,1,4,2,47,5,1,9,00,2,1,18,200600049922A01,7,22,1
200600049923,2006-08-25,2006,août,vendredi,19:15,92,92025,0,0,2,3,3,1,7,4,1,01,1,1,000,060,1,0,1,4,1,6,5,1,9,00,2,1,1,200600049923A01,7,1,1
200600049938,2006-08-24,2006,août,jeudi,20:35,92,92040,0,0,2,2,3,2,1,4,1,01,1,1,000,000,1,0,1,3,1,44,5,1,9,01,2,7,19,200600049938B01,7,1,1
200600049957,2006-08-24,2006,août,jeudi,11:55,92,92049,0,0,2,1,6,1,1,3,2,02,-1,-1,000,000,-1,0,4,1,1,21,3,1,9,00,1,0,1,200600049957A01,,,
200600049962,2006-08-31,2006,août,jeudi,15:50,92,92020,0,0,2,1,6,1,1,4,1,01,-1,-1,000,050,1,0,1,4,1,31,5,1,9,00,9,1,1,200600049962B01,7,22,1
200600049984,2006-08-25,2006,août,vendredi,21:45,92,92064,0,0,2,1,3,5,1,4,1,02,2,1,000,120,1,2,1,4,1,19,5,1,9,00,2,7,19,200600049984A01,7,1,1
200600050005,2006-08-02,2006,août,mercredi,13:00,93,93005,0,0,2,1,2,1,1,4,3,04,1,-1,015,100,1,0,1,4,1,20,0,1,9,00,2,4,2,200600050005B01,32,2,1
200600050009,2006-08-23,2006,août,mercredi,92:5,93,93005,0,0,2,1,7,1,1,4,2,01,1,1,000,000,1,0,1,4,2,76,0,1,2,00,2,4,0,200600050009B01,10,2,1
200600050013,2006-08-30,2006,août,mercredi,15:10,93,93005,0,0,2,1,2,1,1,4,2,02,-1,-1,000,000,1,0,1,3,1,57,5,1,9,00,2,1,1,200600050013B01,7,4,1
200600050031,2006-08-11,2006,août,vendredi,13:00,93,93027,0,0,2,3,3,1,1,4,3,02,1,1,040,050,1,4,1,3,1,23,0,1,9,00,0,1,1,200600050031A01,7,2,1
200600050063,2006-08-31,2006,août,jeudi,17:00,93,93074,0,0,2,1,6,1,1,4,2,02,1,1,000,070,1,0,1,4,1,17,0,1,9,01,0,1,1,200600050063B01,7,22,1
200600050064,2006-08-31,2006,août,jeudi,19:05,93,93046,0,0,1,1,6,1,1,4,2,02,1,1,000,100,1,0,1,3,1,82,5,1,9,00,9,0,2,200600050064A01,,,
200600050066,2006-08-23,2006,août,mercredi,12:00,93,93048,0,0,2,5,3,1,1,4,2,02,1,1,000,000,1,5,1,3,1,54,4,1,2,00,2,1,1,200600050066B01,10,15,1
200600050076,2006-08-16,2006,août,mercredi,17:00,93,93050,0,0,2,2,2,1,1,2,2,05,1,1,030,156,1,5,1,4,1,31,0,1,2,00,2,1,2,200600050076A01,7,2,1
200600050123,2006-08-08,2006,août,mardi,19:00,93,93071,0,0,2,1,2,1,1,4,2,02,1,1,000,060,1,0,1,4,1,39,0,1,2,00,0,0,0,200600050123A01,7,1,1
200600050195,2006-08-16,2006,août,mercredi,19:55,94,94076,0,0,2,3,3,1,1,2,2,00,1,-1,000,000,1,0,1,4,1,15,9,1,9,00,2,7,15,200600050195B01,33,1,1
200600050198,2006-08-23,2006,août,mercredi,15:50,94,94016,0,0,2,1,3,1,1,2,2,00,1,1,000,000,1,0,1,4,1,64,0,1,9,00,2,4,1,200600050198B01,32,1,1
200600050219,2006-08-23,2006,août,mercredi,75:5,94,94046,0,0,2,1,3,1,1,3,1,03,1,1,000,085,1,0,1,4,1,27,0,1,2,00,2,4,2,200600050219B01,7,2,1
200600050222,2006-08-10,2006,août,jeudi,13:25,94,94058,0,0,2,1,3,1,1,3,2,00,1,1,000,070,1,0,1,4,1,30,5,1,9,00,2,1,2,200600050222B01,7,10,1
200600050234,2006-08-10,2006,août,jeudi,18:00,94,94078,0,0,2,3,3,1,1,3,2,02,1,1,000,030,1,0,1,3,1,12,0,1,9,00,2,0,0,200600050234A01,10,0,1
200600050235,2006-08-23,2006,août,mercredi,20:50,94,94078,0,0,1,3,3,2,1,2,2,02,1,1,000,140,-1,0,1,3,2,9,0,1,9,00,2,0,0,200600050235A01,10,0,1
200600050235,2006-08-23,2006,août,mercredi,20:50,94,94078,0,0,1,3,3,2,1,2,2,02,1,1,000,140,-1,0,1,3,2,8,0,1,9,00,2,0,0,200600050235A01,10,0,1
200600050241,2006-08-10,2006,août,jeudi,80:5,95,95018,0,0,2,6,3,1,1,4,1,02,1,1,000,070,1,0,1,3,1,46,5,0,0,00,2,1,1,200600050241B01,7,9,1
200600050250,2006-08-25,2006,août,vendredi,13:25,95,95018,0,0,2,3,3,1,1,3,2,03,4,2,000,100,-1,0,1,4,1,20,5,1,2,00,2,1,1,200600050250B01,7,15,1
200600050268,2006-08-31,2006,août,jeudi,15:50,95,95306,0,0,2,1,2,1,1,3,3,03,1,1,010,250,1,2,1,4,1,65,5,1,9,00,0,4,1,200600050268A01,7,1,1
200600050284,2006-08-08,2006,août,mardi,10:32,2A,2A004,0,0,1,6,6,1,1,2,3,02,1,2,000,088,1,5,1,4,1,44,0,1,2,00,2,8,1,200600050284B01,7,12,1
200600050293,2006-08-21,2006,août,lundi,22:30,2A,2A004,0,0,2,2,6,5,1,4,2,02,1,1,000,066,1,0,1,4,1,13,5,1,9,00,2,8,1,200600050293B01,7,1,1
200600050533,2006-08-02,2006,août,mercredi,17:40,69,69383,0,0,2,1,6,1,1,4,2,02,1,1,000,000,1,0,4,1,2,27,1,1,9,00,1,1,1,200600050533A01,,,
200600050534,2006-08-02,2006,août,mercredi,12:15,69,69386,0,0,2,1,6,1,1,4,2,04,1,1,000,000,1,0,1,4,2,53,5,1,9,00,1,1,1,200600050534A01,,,
200600050602,2006-08-18,2006,août,vendredi,21:50,69,69387,0,0,2,2,3,5,1,4,1,04,1,1,000,147,1,0,1,4,1,20,5,1,2,00,2,1,1,200600050602A01,7,1,1
200600050638,2006-08-04,2006,août,vendredi,20:00,69,69389,0,0,2,9,3,1,1,4,2,02,1,1,000,000,1,0,1,4,1,21,5,1,2,00,2,1,19,200600050638B01,37,7,1
200600050642,2006-08-13,2006,août,dimanche,71:0,69,69389,0,0,2,1,3,1,1,3,2,03,1,1,016,100,1,0,1,4,1,34,9,1,2,00,2,1,1,200600050642B01,7,1,1
200600050700,2006-09-15,2006,septembre,vendredi,14:45,59,59335,0,0,2,1,1,1,1,3,2,02,1,1,000,000,1,0,5,3,1,53,5,0,0,00,2,1,1,200600050700B02,30,15,1
200600050708,2006-09-10,2006,septembre,dimanche,11:30,62,62589,50.363,2.672,1,9,2,1,1,3,2,02,1,1,000,067,1,0,1,2,1,56,5,0,0,00,2,4,2,200600050708B02,7,2,1
200600050715,2006-09-10,2006,septembre,dimanche,93:0,62,62473,50.619,2.459,2,1,3,1,1,4,2,02,1,1,000,078,1,0,1,4,1,44,1,0,0,00,2,1,11,200600050715B02,7,11,1
200600050718,2006-09-09,2006,septembre,samedi,17:45,62,62491,50.611,2.776,1,1,2,1,1,3,2,02,1,1,000,055,1,0,1,2,1,59,5,0,0,00,2,6,13,200600050718B02,7,17,1
200600050721,2006-09-09,2006,septembre,samedi,12:00,62,62773,0,0,2,1,2,1,1,2,2,02,1,1,012,060,1,0,1,3,2,63,5,1,2,00,2,1,2,200600050721A01,10,2,1
200600050731,2006-09-13,2006,septembre,mercredi,15:15,62,62014,0,0,2,9,6,1,1,9,2,02,1,1,000,070,1,0,1,3,1,14,5,0,0,00,2,1,19,200600050731B02,7,1,1
200600050737,2006-09-23,2006,septembre,samedi,20:00,62,62652,0,0,1,1,2,3,1,3,-1,00,1,3,000,065,1,0,1,2,1,16,5,0,0,00,0,4,1,200600050737B02,7,1,1
200600050750,2006-09-18,2006,septembre,lundi,12:00,80,80024,49.946,2.231,1,1,3,1,1,2,2,02,1,1,000,070,1,5,1,2,1,61,5,0,0,00,2,3,19,200600050750A01,7,1,1
200600050752,2006-09-26,2006,septembre,mardi,16:00,80,80635,0,0,2,3,3,1,1,3,2,00,1,1,000,059,1,0,1,4,2,41,1,0,0,00,2,5,1,200600050752A01,30,1,1
200600050783,2006-09-17,2006,septembre,dimanche,11:00,02,02820,0,0,1,1,1,1,8,2,2,02,1,1,000,000,2,0,1,3,1,43,0,1,4,00,0,6,2,200600050783B02,7,2,1
200600050786,2006-09-26,2006,septembre,mardi,19:45,02,02173,0,0,2,6,1,2,1,3,1,00,-1,-1,000,000,-1,0,0,3,2,28,5,1,2,00,2,7,1,200600050786B02,7,1,1
200600050813,2006-09-08,2006,septembre,vendredi,91:5,60,60644,0,0,2,9,2,1,1,3,2,00,1,1,000,090,1,0,1,4,2,21,1,0,0,00,0,4,11,200600050813B02,7,2,1
200600050822,2006-09-27,2006,septembre,mercredi,13:45,60,60146,49.608,2.368,2,2,3,1,1,3,2,00,1,1,000,000,1,0,1,3,1,13,5,0,0,00,2,1,1,200600050822B02,10,1,1
200600050832,2006-09-20,2006,septembre,mercredi,18:30,60,60491,0,0,1,1,6,1,1,4,2,02,4,1,000,080,1,0,1,3,2,21,5,0,0,00,0,3,2,200600050832A01,,,
200600050832,2006-09-20,2006,septembre,mercredi,18:30,60,60491,0,0,1,1,6,1,1,4,2,02,4,1,000,080,1,0,1,4,2,20,0,0,0,00,0,3,2,200600050832A01,,,
200600050840,2006-09-03,2006,septembre,dimanche,11:45,57,57124,0,0,1,1,6,1,1,3,2,02,1,1,000,060,1,0,1,3,1,49,5,1,2,00,2,1,1,200600050840A01,,,
200600050917,2006-09-10,2006,septembre,dimanche,10:00,35,35326,48.337,-1.533,2,1,3,1,1,3,2,02,2,1,000,000,1,0,1,3,2,38,0,0,0,00,2,8,2,200600050917B02,7,2,1
200600050951,2006-09-17,2006,septembre,dimanche,10:15,22,22093,0,0,2,1,5,1,1,3,2,00,2,1,000,060,1,0,1,4,1,39,5,1,2,00,2,0,1,200600050951B02,7,15,1
200600050951,2006-09-17,2006,septembre,dimanche,10:15,22,22093,0,0,2,1,5,1,1,3,2,00,2,1,000,060,1,0,1,3,1,52,5,1,2,00,0,0,1,200600050951C03,7,15,1
200600050954,2006-09-24,2006,septembre,dimanche,84:5,22,22389,0,0,1,1,3,1,8,3,2,02,2,1,000,060,2,5,1,2,1,67,5,1,2,00,2,1,19,200600050954B02,10,1,1
200600050974,2006-09-13,2006,septembre,mercredi,19:00,29,29113,48.643,-3.706,1,6,1,1,1,3,2,02,1,1,000,071,1,0,1,3,1,58,1,0,0,00,2,6,0,200600050974B02,7,1,1
200600050985,2006-09-19,2006,septembre,mardi,93:0,56,56178,48.072,-2.966,2,6,1,1,1,3,2,02,1,3,060,000,1,0,1,4,2,58,0,0,0,00,2,8,1,200600050985B02,14,2,1
200600051047,2006-09-28,2006,septembre,jeudi,16:00,50,50484,0,0,2,1,1,1,1,4,2,00,1,1,000,054,1,0,1,4,1,13,5,0,0,00,2,8,19,200600051047A01,7,1,1
200600051068,2006-09-05,2006,septembre,mardi,14:15,44,44215,0,0,1,1,2,1,1,3,2,02,1,1,000,052,1,0,1,2,2,58,5,0,0,00,2,4,2,200600051068B02,7,2,1