Num_Acc,date,an,mois,jour,hrmn,dep,com,lat,long,agg,int,col,lum,atm,catr,circ,nbv,prof,plan,lartpc,larrout,surf,infra,situ,grav,sexe,age,trajet,secuexist,equipement,obs,obsm,choc,manv,vehiculeid,typevehicules,manoeuvehicules,numVehicules
200600051091,2006-09-15,2006,septembre,vendredi,74:5,44,44018,47.16,-1.601,2,1,2,2,1,9,2,02,1,1,000,064,1,0,5,3,1,38,1,0,0,01,0,1,1,200600051091B02,7,23,1
200600051095,2006-09-09,2006,septembre,samedi,16:30,44,44087,46.987,-1.903,1,2,1,1,1,3,2,02,1,1,000,000,1,5,1,1,1,12,5,0,0,00,9,8,0,200600051095B02,33,1,1
200600051100,2006-09-05,2006,septembre,mardi,93:0,44,44069,47.3,-2.433,1,2,1,1,1,3,2,02,1,-1,000,000,1,5,1,3,2,56,5,1,2,00,2,1,1,200600051100B02,7,1,1
200600051109,2006-09-09,2006,septembre,samedi,18:15,49,49035,47.429,-0.613,1,1,2,1,1,3,2,00,2,1,000,032,1,0,3,3,2,42,5,0,0,00,0,4,2,200600051109A01,2,2,1
200600051111,2006-09-22,2006,septembre,vendredi,13:15,49,49021,0,0,1,3,3,1,1,9,2,00,1,1,000,050,1,0,1,3,1,14,2,1,2,00,2,8,15,200600051111B02,7,1,1
200600051112,2006-09-24,2006,septembre,dimanche,13:50,49,49049,47.447,-0.155,2,1,6,1,2,4,2,02,4,-1,000,032,2,0,3,3,1,8,5,0,0,01,0,1,1,200600051112A01,,,
200600051126,2006-09-26,2006,septembre,mardi,10:15,49,49264,0,0,1,2,3,1,1,3,2,02,1,1,000,060,1,0,1,3,1,59,5,0,0,00,2,1,1,200600051126B02,7,19,1
200600051149,2006-09-28,2006,septembre,jeudi,18:15,53,53185,0,0,1,1,2,1,1,3,2,00,4,2,057,000,1,0,1,3,1,71,5,0,0,00,2,1,1,200600051149B02,38,17,1
200600051171,2006-09-22,2006,septembre,vendredi,15:15,72,72132,0,0,2,1,3,1,1,3,2,02,1,1,070,000,1,0,1,3,1,83,5,0,0,00,0,8,1,200600051171B02,7,16,1
200600051176,2006-09-14,2006,septembre,jeudi,71:5,85,85217,0,0,1,1,1,2,1,9,2,00,1,2,000,000,1,0,5,4,2,35,1,1,9,00,2,1,13,200600051176A01,2,1,1
200600051177,2006-09-21,2006,septembre,jeudi,50:0,85,85019,0,0,1,1,3,2,1,3,2,02,-1,1,000,064,1,0,1,3,1,43,1,1,2,00,2,8,1,200600051177B02,14,17,1
200600051189,2006-09-06,2006,septembre,mercredi,18:30,85,85083,0,0,1,1,3,1,1,3,-1,00,-1,-1,000,000,1,0,5,3,1,29,5,0,0,00,2,2,19,200600051189A01,31,1,1
200600051201,2006-09-25,2006,septembre,lundi,81:5,33,33162,0,0,2,1,1,1,2,4,2,02,1,-1,000,000,2,0,1,3,1,11,2,0,0,00,2,8,19,200600051201B02,7,1,1
200600051238,2006-09-01,2006,septembre,vendredi,11:30,24,24461,0,0,1,1,3,1,1,3,2,00,3,1,000,062,1,5,1,3,2,54,5,0,0,00,2,7,19,200600051238B02,7,1,1
200600051241,2006-09-10,2006,septembre,dimanche,10:45,24,24038,45.308,0.348,1,1,6,1,1,3,2,02,1,1,000,050,1,0,1,1,1,64,5,1,2,00,1,1,17,200600051241A01,,,
200600051248,2006-09-20,2006,septembre,mercredi,10:45,24,24082,0,0,1,1,1,1,1,3,2,02,2,4,000,000,1,0,1,2,1,67,5,1,2,00,2,1,1,200600051248C03,7,1,1
200600051259,2006-09-07,2006,septembre,jeudi,80:0,40,40284,0,0,1,1,2,1,1,2,2,03,1,1,000,100,1,0,1,3,1,63,3,0,0,00,2,4,1,200600051259A01,10,2,1
200600051260,2006-09-12,2006,septembre,mardi,81:5,40,40261,0,0,1,1,2,1,5,3,2,02,1,1,000,063,1,0,1,2,1,77,3,0,0,00,0,6,2,200600051260B02,10,2,1
200600051298,2006-09-01,2006,septembre,vendredi,20:15,47,47309,0,0,2,1,1,1,1,4,2,02,-1,1,000,061,1,0,1,3,1,13,5,0,0,00,2,3,15,200600051298B02,7,1,1
200600051318,2006-09-27,2006,septembre,mercredi,15:45,86,86095,0,0,2,1,6,1,1,9,1,02,1,1,000,041,1,6,1,4,1,71,5,1,2,00,1,1,1,200600051318A01,,,
200600051362,2006-09-09,2006,septembre,samedi,83:0,17,17107,0,0,1,2,3,1,7,3,2,02,1,1,000,000,1,5,1,3,1,75,5,0,0,00,0,8,1,200600051362A01,7,19,1
200600051368,2006-09-26,2006,septembre,mardi,94:5,17,17154,0,0,1,3,3,1,1,3,2,00,1,1,000,000,1,0,1,2,1,77,5,0,0,00,2,8,1,200600051368A01,7,1,1
200600051375,2006-09-22,2006,septembre,vendredi,21:30,17,17024,46.024,-0.346,2,1,1,4,1,4,2,00,1,1,000,060,1,0,1,3,1,28,5,0,0,00,2,1,1,200600051375B02,31,0,1
200600051406,2006-09-03,2006,septembre,dimanche,15:00,19,19111,0,0,1,1,1,1,1,3,2,02,-1,1,000,035,1,5,1,2,1,84,5,1,2,00,2,1,1,200600051406B02,7,16,1
200600051422,2006-09-03,2006,septembre,dimanche,11:00,31,31025,43.495,1.441,1,1,5,1,1,3,2,02,1,1,000,063,1,0,1,3,1,39,5,1,2,00,9,1,1,200600051422A01,1,0/1/13,3
200600051422,2006-09-03,2006,septembre,dimanche,11:00,31,31025,43.495,1.441,1,1,5,1,1,3,2,02,1,1,000,063,1,0,1,4,1,57,0,1,2,00,9,1,0,200600051422B02,1,1/13,3
200600051422,2006-09-03,2006,septembre,dimanche,11:00,31,31025,43.495,1.441,1,1,5,1,1,3,2,02,1,1,000,063,1,0,1,4,1,57,5,1,2,00,9,1,1,200600051422C03,1,1/0/13,3
200600051422,2006-09-03,2006,septembre,dimanche,11:00,31,31025,43.495,1.441,1,1,5,1,1,3,2,02,1,1,000,063,1,0,1,1,1,56,5,1,2,00,0,4,13,200600051422D04,1,1/0,3
200600051463,2006-09-08,2006,septembre,vendredi,20:30,12,12300,0,0,1,1,1,3,1,4,2,02,1,1,000,038,1,0,1,3,1,75,5,1,2,00,0,1,1,200600051463B02,7,1,1
200600051475,2006-09-01,2006,septembre,vendredi,20:00,32,32208,43.927,0.624,1,1,2,2,1,2,2,00,1,1,000,000,1,0,1,3,2,28,0,1,2,00,2,4,23,200600051475B02,7,14,1
200600051500,2006-09-11,2006,septembre,lundi,18:30,81,81235,0,0,2,6,3,1,1,3,2,02,-1,-1,000,000,1,5,1,3,2,15,5,0,0,00,2,2,9,200600051500B02,7,1,1
200600051522,2006-09-06,2006,septembre,mercredi,14:45,69,69125,0,0,2,1,3,1,1,3,2,01,1,1,000,000,1,0,1,3,1,78,5,0,0,00,0,6,15,200600051522B02,7,13,1
200600051577,2006-09-23,2006,septembre,samedi,17:45,01,01407,0,0,2,3,3,1,1,9,2,02,1,1,000,037,1,0,1,3,1,15,5,0,0,00,2,1,19,200600051577B02,7,1,1
200600051582,2006-09-07,2006,septembre,jeudi,11:45,01,01202,0,0,2,1,1,1,1,3,2,02,-1,2,000,000,1,0,1,3,2,12,5,1,2,00,0,5,0,200600051582B02,7,0,1
200600051609,2006-09-26,2006,septembre,mardi,14:45,07,07349,44.811,4.784,2,1,1,1,1,9,-1,00,-1,-1,000,000,-1,0,0,3,1,79,5,0,0,00,2,1,5,200600051609A01,7,15,1
200600051616,2006-09-08,2006,septembre,vendredi,10:00,07,07324,0,0,2,1,1,1,1,3,2,00,1,1,000,068,1,0,1,3,1,28,3,0,0,00,2,8,15,200600051616B02,33,1,1
200600051632,2006-09-09,2006,septembre,samedi,18:00,26,26033,0,0,1,1,1,1,1,3,2,02,-1,1,000,056,1,0,1,2,1,43,5,1,2,00,2,8,13,200600051632B02,14,0,1
200600051634,2006-09-23,2006,septembre,samedi,14:45,26,26033,0,0,1,1,1,1,1,3,2,00,1,1,000,036,1,0,1,3,1,48,5,1,2,00,2,3,13,200600051634A01,13,1,1
200600051635,2006-09-04,2006,septembre,lundi,12:30,26,26242,0,0,1,1,7,1,1,3,-1,02,4,1,030,000,1,0,1,3,1,65,5,0,0,00,0,0,1,200600051635A01,,,
200600051638,2006-09-25,2006,septembre,lundi,43:0,26,26325,0,0,1,1,2,3,2,2,2,02,1,1,000,000,2,0,1,3,1,27,1,0,0,00,2,3,2,200600051638B02,15,1,1
200600051644,2006-09-10,2006,septembre,dimanche,12:00,38,38317,45.133,5.707,2,1,1,1,1,9,1,01,1,1,000,000,1,0,5,4,2,2006,5,0,0,00,0,0,1,200600051644C03,7,20,1
200600051655,2006-09-13,2006,septembre,mercredi,91:5,38,38565,0,0,2,1,3,1,1,4,2,00,2,-1,000,000,1,0,1,3,1,29,1,0,0,00,2,1,1,200600051655B02,10,1,1
200600051669,2006-09-21,2006,septembre,jeudi,17:30,38,38517,45.311,5.497,2,1,6,1,1,4,2,02,2,1,000,050,1,0,1,3,1,77,9,0,0,00,1,1,1,200600051669A01,,,
200600051679,2006-09-04,2006,septembre,lundi,16:45,38,38250,0,0,2,1,2,1,1,3,2,02,1,1,000,062,1,0,1,3,1,19,5,0,0,00,0,4,0,200600051679B02,7,2,1
200600051690,2006-09-27,2006,septembre,mercredi,16:10,38,38408,0,0,1,1,5,1,1,3,2,02,-1,1,000,055,1,0,1,3,1,53,5,1,2,00,2,1,1,200600051690C03,7,17/1,2
200600051693,2006-09-27,2006,septembre,mercredi,12:15,38,38085,45.751,5.168,2,1,3,1,1,3,2,01,1,1,000,000,1,0,1,3,1,24,1,0,0,00,0,1,1,200600051693B02,7,1,1
200600051720,2006-09-09,2006,septembre,samedi,10:00,42,42085,0,0,1,1,2,1,7,3,2,02,2,1,000,056,1,0,1,3,1,75,5,1,2,00,0,4,2,200600051720B02,7,2,1
200600051721,2006-09-20,2006,septembre,mercredi,17:00,42,42271,45.485,4.579,2,1,7,1,1,3,2,01,2,1,000,066,1,0,1,2,1,80,5,1,2,00,0,0,1,200600051721A01,,,
200600051728,2006-09-06,2006,septembre,mercredi,17:30,42,42199,46.035,3.932,2,1,1,1,7,9,2,02,2,1,000,063,1,0,1,3,1,19,5,1,2,00,2,1,1,200600051728B02,10,15,1
200600051730,2006-09-05,2006,septembre,mardi,22:30,73,73300,0,0,1,1,6,3,1,2,2,03,1,1,000,100,1,0,5,3,1,40,5,1,2,00,1,1,2,200600051730A01,,,
200600051730,2006-09-05,2006,septembre,mardi,22:30,73,73300,0,0,1,1,6,3,1,2,2,03,1,1,000,100,1,0,5,3,2,50,0,1,2,00,1,1,2,200600051730A01,,,
200600051730,2006-09-05,2006,septembre,mardi,22:30,73,73300,0,0,1,1,6,3,1,2,2,03,1,1,000,100,1,0,5,3,2,47,5,0,0,00,1,1,2,200600051730A01,,,
200600051731,2006-09-01,2006,septembre,vendredi,21:45,73,73064,0,0,1,1,1,5,1,3,2,02,1,1,000,070,1,0,1,3,1,64,5,0,0,00,2,7,2,200600051731A01,7,2,1
200600051732,2006-09-07,2006,septembre,jeudi,14:15,73,73036,45.743,6.141,1,1,7,1,1,3,2,02,4,2,000,000,8,2,1,4,1,50,5,1,2,00,0,0,0,200600051732A01,,,
200600051749,2006-09-21,2006,septembre,jeudi,15:40,74,74227,0,0,2,1,1,1,1,3,2,00,1,-1,000,000,1,0,0,3,1,66,5,0,0,01,0,0,13,200600051749B02,21,0,1
200600051825,2006-09-20,2006,septembre,mercredi,19:00,03,03306,0,0,2,1,3,1,1,3,2,00,-1,1,000,050,1,0,1,3,1,57,5,1,2,00,2,1,1,200600051825B02,7,15,1
200600051828,2006-09-11,2006,septembre,lundi,14:15,15,15196,44.863,2.308,2,6,3,1,1,3,2,00,2,-1,000,060,1,5,1,4,1,44,5,0,0,00,2,1,1,200600051828A01,10,15,1
200600051829,2006-09-02,2006,septembre,samedi,21:15,15,15266,44.933,2.533,2,1,1,5,1,9,2,02,2,2,000,058,1,0,1,3,1,6,0,0,0,00,2,1,13,200600051829A01,7,0,1
200600051830,2006-09-16,2006,septembre,samedi,20:15,15,15146,0,0,2,1,1,5,1,3,2,00,-1,1,000,043,1,0,1,3,1,14,5,0,0,00,2,1,19,200600051830A01,7,1,1
200600051859,2006-09-12,2006,septembre,mardi,91:5,57,57212,0,0,1,1,1,1,1,3,2,00,2,2,000,000,1,0,1,2,1,63,5,1,2,00,2,8,2,200600051859A01,17,17,1
200600051870,2006-09-04,2006,septembre,lundi,15:15,57,57490,48.78,6.565,1,1,6,1,1,3,2,02,1,1,030,040,1,5,1,2,1,65,5,1,2,11,0,1,11,200600051870A01,,,
200600051872,2006-09-18,2006,septembre,lundi,18:30,57,57040,0,0,2,1,1,1,1,3,2,02,1,2,000,050,1,0,1,3,1,4,5,0,0,00,2,8,15,200600051872B02,7,1,1
200600051887,2006-09-02,2006,septembre,samedi,15:00,54,54400,0,0,2,6,3,1,1,3,-1,00,1,1,000,070,1,0,1,3,1,15,0,0,0,00,2,1,1,200600051887B02,7,1,1
200600051887,2006-09-02,2006,septembre,samedi,15:00,54,54400,0,0,2,6,3,1,1,3,-1,00,1,1,000,070,1,0,1,3,1,13,0,0,0,00,2,1,1,200600051887B02,7,1,1
200600051899,2006-09-28,2006,septembre,jeudi,17:30,54,54504,49.403,5.883,1,1,2,1,1,3,2,02,2,1,000,060,1,0,1,2,1,65,5,1,2,00,2,4,1,200600051899B02,7,1,1
200600051942,2006-09-10,2006,septembre,dimanche,14:45,67,67183,48.942,7.04,1,1,1,1,1,4,2,02,4,3,000,034,1,0,1,4,1,15,5,1,2,00,0,1,13,200600051942B02,33,1,1
200600051976,2006-09-01,2006,septembre,vendredi,18:00,68,68338,48.088,7.253,1,1,1,1,1,3,-1,02,2,1,000,000,1,0,1,3,1,32,5,0,0,00,2,1,1,200600051976B02,7,15,1
200600052012,2006-09-16,2006,septembre,samedi,20:00,08,08283,49.617,4.609,1,1,1,1,1,3,2,02,2,3,000,080,1,0,1,3,1,14,5,1,2,00,2,8,6,200600052012B02,7,21,1
200600052022,2006-09-16,2006,septembre,samedi,20:30,08,08381,49.503,4.141,1,1,2,3,1,3,2,02,1,1,000,063,1,0,1,3,2,15,5,0,0,01,0,4,23,200600052022B02,7,2,1
200600052059,2006-09-02,2006,septembre,samedi,14:30,21,21577,47.115,5.257,1,1,3,1,1,3,2,02,1,1,000,035,1,0,1,2,1,82,5,0,0,00,2,7,19,200600052059B02,33,1,1
200600052064,2006-09-01,2006,septembre,vendredi,17:45,58,58051,0,0,1,1,2,1,1,2,2,02,3,3,000,080,1,0,1,2,1,53,1,0,0,00,2,8,2,200600052064B02,7,1,1
200600052067,2006-09-11,2006,septembre,lundi,17:15,58,58028,46.957,3.422,1,1,2,1,1,3,2,02,1,4,000,038,1,0,1,3,1,54,5,0,0,00,0,4,1,200600052067B02,7,1,1
200600052094,2006-09-19,2006,septembre,mardi,16:45,71,71056,0,0,1,1,6,1,1,3,2,00,2,1,000,065,1,0,1,2,2,60,5,0,0,00,0,0,19,200600052094A01,7,13,1
200600052121,2006-09-10,2006,septembre,dimanche,91:5,25,25415,0,0,1,1,6,1,1,3,2,02,2,3,000,073,1,0,3,2,1,49,5,1,2,13,0,1,1,200600052121A01,,,
200600052142,2006-09-03,2006,septembre,dimanche,17:15,39,39559,0,0,1,1,1,1,1,3,2,02,1,1,000,060,1,0,1,3,1,43,5,0,0,00,2,4,1,200600052142B02,7,1,1
200600052149,2006-09-29,2006,septembre,vendredi,18:00,70,70428,0,0,2,1,1,1,1,4,2,01,1,1,000,050,1,0,1,3,1,9,5,1,2,00,2,1,19,200600052149B02,7,1,1
200600052160,2006-09-13,2006,septembre,mercredi,17:45,90,90067,0,0,1,9,1,1,1,2,2,02,1,1,000,076,1,0,5,3,1,56,5,0,0,00,2,7,1,200600052160B02,7,16,1
200600052201,2006-09-06,2006,septembre,mercredi,17:30,04,04086,44.395,6.686,1,1,3,1,1,3,2,00,-1,2,000,068,1,0,1,3,1,67,5,1,2,00,2,8,1,200600052201B02,15,14,1
200600052212,2006-09-21,2006,septembre,jeudi,10:45,05,05070,0,0,2,1,3,1,1,3,2,02,1,1,000,064,1,0,1,3,1,53,5,1,2,00,2,8,17,200600052212B02,7,17,1
200600052226,2006-09-11,2006,septembre,lundi,10:30,05,05017,44.566,6.199,1,1,3,1,1,3,2,00,1,1,000,072,1,5,1,3,1,77,5,0,0,00,2,1,1,200600052226B02,7,1,1
200600052233,2006-09-17,2006,septembre,dimanche,16:45,06,06039,0,0,1,1,1,1,1,4,2,02,-1,4,000,000,1,0,1,3,1,25,5,0,0,00,2,1,1,200600052233B02,10,1,1
200600052240,2006-09-08,2006,septembre,vendredi,14:30,06,06161,0,0,2,1,1,1,1,3,-1,00,-1,-1,000,000,-1,5,0,4,1,44,5,0,0,00,2,2,17,200600052240A01,7,15,1
200600052345,2006-09-25,2006,septembre,lundi,10:30,11,11028,0,0,1,1,1,1,2,3,2,02,1,3,000,084,2,0,1,4,2,63,5,1,2,00,2,8,19,200600052345B02,7,1,1
200600052392,2006-09-09,2006,septembre,samedi,19:00,48,48013,44.54,3.551,2,1,1,1,1,9,2,00,-1,3,000,000,1,0,1,3,1,8,5,1,2,00,2,1,5,200600052392B02,7,1,1
200600052431,2006-09-04,2006,septembre,lundi,12:00,2B,2B354,42.136,9.141,1,1,1,1,1,2,2,02,2,3,000,063,1,0,1,2,1,52,5,1,2,00,2,1,13,200600052431A01,17,1,1
200600052437,2006-09-19,2006,septembre,mardi,10:30,2B,2B320,42.15,9.5,1,1,3,1,1,2,2,00,1,1,000,000,1,5,1,3,1,74,5,1,2,00,0,0,1,200600052437B02,7,15,1
200600052449,2006-09-02,2006,septembre,samedi,16:00,78,78062,48.85,1.886,2,1,7,1,1,4,2,02,2,1,000,060,1,0,4,3,1,27,5,0,0,12,0,0,1,200600052449A01,,,
200600052453,2006-09-21,2006,septembre,jeudi,10:50,78,78616,0,0,2,1,1,1,1,3,2,02,-1,1,000,061,1,0,1,3,2,24,4,1,4,00,0,0,1,200600052453A01,17,17,1
200600052468,2006-09-09,2006,septembre,samedi,83:0,91,91275,0,0,1,1,3,1,1,3,3,01,1,2,000,089,1,5,1,2,1,68,5,0,0,07,2,3,19,200600052468B02,7,1,1
200600052493,2006-09-27,2006,septembre,mercredi,16:15,77,77504,48.274,2.861,2,1,1,1,1,3,2,02,1,1,000,051,1,0,1,3,2,11,5,0,0,00,2,7,0,200600052493A01,7,1,1
200600052507,2006-09-28,2006,septembre,jeudi,91:5,45,45289,48.04,1.978,1,1,5,1,1,3,2,02,1,1,000,070,1,0,1,1,1,49,5,1,2,00,0,0,1,200600052507E05,10/ 7,17/1,4
200600052508,2006-09-06,2006,septembre,mercredi,17:15,45,45155,0,0,2,2,3,1,1,4,2,02,2,1,000,043,1,5,1,3,1,9,5,0,0,00,2,8,19,200600052508A01,7,1,1
200600052511,2006-09-04,2006,septembre,lundi,11:45,45,45315,0,0,2,1,1,1,1,3,2,02,1,-1,000,058,1,0,1,3,1,77,5,0,0,01,0,1,1,200600052511B02,7,22,1
200600052535,2006-09-26,2006,septembre,mardi,17:45,18,18066,46.997,2.168,2,1,3,1,1,3,2,01,1,3,000,056,1,0,1,2,2,4,5,0,0,00,2,7,5,200600052535B02,21,1,1
200600052568,2006-09-14,2006,septembre,jeudi,15:45,36,36088,0,0,2,1,2,1,1,4,2,02,2,1,000,070,1,0,1,4,2,76,5,0,0,00,2,6,15,200600052568B02,7,1,1
200600052584,2006-09-15,2006,septembre,vendredi,16:15,37,37035,46.987,0.347,1,1,1,1,3,3,2,02,3,1,000,070,2,0,1,3,2,69,5,1,2,00,2,4,1,200600052584B02,7,1,1
200600052601,2006-09-09,2006,septembre,samedi,19:45,41,41185,0,0,1,1,6,1,1,3,2,02,1,1,000,050,1,0,1,2,2,15,5,0,0,00,2,8,15,200600052601B02,15,1,1
200600052718,2006-09-29,2006,septembre,vendredi,16:45,38,38431,45.262,5.851,2,2,3,1,1,2,2,00,1,1,010,100,1,5,1,4,1,34,5,1,2,00,2,7,1,200600052718A01,7,16,1
200600052751,2006-09-12,2006,septembre,mardi,18:30,74,74213,0,0,2,1,5,1,1,3,2,03,3,3,000,000,1,5,1,3,1,38,5,0,0,00,2,1,1,200600052751B02,7,15,2
200600052751,2006-09-12,2006,septembre,mardi,18:30,74,74213,0,0,2,1,5,1,1,3,2,03,3,3,000,000,1,5,1,3,1,38,5,1,2,00,2,1,1,200600052751D04,7,15,2
200600052752,2006-09-23,2006,septembre,samedi,11:00,74,74112,0,0,2,1,1,1,1,4,2,00,2,3,000,000,1,0,1,3,1,20,0,0,0,00,2,1,13,200600052752B02,7,1,1
200600052767,2006-09-27,2006,septembre,mercredi,19:30,74,74011,0,0,2,6,1,2,1,4,2,02,1,1,106,040,1,5,1,3,2,36,5,0,0,00,2,4,1,200600052767B02,7,9,1
200600052779,2006-09-22,2006,septembre,vendredi,18:30,56,56240,47.523,-2.664,2,1,6,1,1,4,2,02,1,1,000,061,1,0,1,1,1,47,1,1,2,00,1,1,16,200600052779A01,,,
200600052848,2006-09-22,2006,septembre,vendredi,18:30,95,95637,49.027,2.027,2,9,1,1,1,4,2,00,1,1,000,000,1,0,4,3,1,11,5,0,0,00,2,8,1,200600052848B02,7,20,1
200600052852,2006-09-23,2006,septembre,samedi,10:15,56,56101,0,0,2,6,3,1,1,3,1,00,2,2,000,057,1,5,1,3,1,64,5,1,2,00,2,1,1,200600052852B02,7,1,1
200600052853,2006-09-23,2006,septembre,samedi,21:30,56,56175,0,0,1,1,2,3,1,3,3,02,1,1,000,066,1,0,1,3,1,49,1,1,2,00,0,4,1,200600052853B02,7,1,1
200600052864,2006-09-26,2006,septembre,mardi,91:5,34,34169,0,0,2,1,1,1,1,3,2,03,1,3,000,100,1,5,1,3,1,27,1,0,0,00,2,8,1,200600052864B02,7,15,1
200600052884,2006-01-30,2006,janvier,lundi,94:0,34,34172,0,0,2,1,3,1,8,4,2,03,2,1,000,100,1,0,1,4,1,24,1,1,2,00,2,1,17,200600052884B01,7,19,1
200600052905,2006-05-14,2006,mai,dimanche,15:00,76,76351,0,0,2,3,3,1,1,4,-1,01,1,1,000,066,1,0,1,4,1,18,5,1,9,00,2,1,9,200600052905A01,7,1,1
200600052920,2006-06-13,2006,juin,mardi,10:25,90,90099,0,0,2,3,6,1,1,3,2,02,1,1,000,073,1,0,1,3,2,78,3,1,9,00,2,8,13,200600052920B01,7,17,1
200600053095,2006-09-11,2006,septembre,lundi,17:45,01,01053,0,0,2,6,3,1,1,3,2,02,1,-1,000,080,1,0,1,4,1,18,5,1,2,00,2,5,1,200600053095B01,7,9,1
200600053106,2006-09-14,2006,septembre,jeudi,18:45,01,01283,0,0,2,2,3,1,1,4,1,01,2,1,000,000,1,0,1,3,1,6,5,1,2,00,2,1,1,200600053106B01,7,1,1
200600053111,2006-09-10,2006,septembre,dimanche,14:15,02,02691,0,0,2,1,6,1,1,4,2,02,1,1,000,102,1,0,1,4,1,11,5,1,2,00,2,1,19,200600053111A01,7,1,1
200600053124,2006-09-20,2006,septembre,mercredi,12:25,03,03185,0,0,2,6,3,1,1,4,2,02,1,2,000,099,1,5,1,3,2,38,5,1,9,00,2,2,15,200600053124B01,7,15,1
200600053148,2006-09-25,2006,septembre,lundi,14:30,03,03310,0,0,2,3,3,1,1,4,2,02,1,1,000,070,1,5,1,4,2,46,5,1,2,00,2,1,1,200600053148B01,7,9,1
200600053151,2006-09-10,2006,septembre,dimanche,17:00,05,05061,0,0,2,1,3,1,1,4,2,02,2,1,000,077,1,0,1,4,1,8,5,1,9,00,2,4,1,200600053151B01,7,1,1
200600053159,2006-09-13,2006,septembre,mercredi,17:30,06,06004,0,0,2,1,3,1,1,4,-1,02,1,1,000,070,-1,0,1,3,1,56,0,1,2,00,0,0,0,200600053159B01,32,0,1
200600053162,2006-09-19,2006,septembre,mardi,14:40,06,06004,0,0,1,1,2,1,1,4,3,03,1,1,012,111,1,0,1,3,1,31,0,1,2,00,2,4,0,200600053162B01,31,12,1
200600053164,2006-09-21,2006,septembre,jeudi,15:50,06,06004,0,0,2,1,3,1,1,4,-1,01,2,2,000,000,1,0,1,3,1,41,1,1,2,00,0,0,0,200600053164A01,10,0,1
200600053189,2006-09-27,2006,septembre,mercredi,84:5,06,06027,0,0,2,2,3,1,1,2,2,03,1,1,000,000,1,5,1,4,1,78,5,1,9,00,2,8,19,200600053189B01,2,1,1
200600053199,2006-09-06,2006,septembre,mercredi,14:10,06,06029,0,0,2,1,5,1,1,2,2,02,1,1,000,080,1,0,1,4,1,19,0,1,9,00,2,1,1,200600053199B01,7,22/1,2
200600053211,2006-09-12,2006,septembre,mardi,18:30,06,06029,0,0,2,1,3,1,1,4,2,04,1,1,010,130,1,0,1,4,1,78,0,1,9,00,2,8,1,200600053211B01,7,17,1
200600053226,2006-09-26,2006,septembre,mardi,12:45,06,06029,0,0,2,3,1,1,1,4,2,02,1,2,000,089,1,0,1,4,1,59,5,1,9,00,2,1,1,200600053226B01,7,15,1
200600053230,2006-09-28,2006,septembre,jeudi,18:18,06,06029,0,0,2,3,3,1,1,3,2,05,2,1,000,138,1,0,1,4,1,21,5,1,9,00,2,1,1,200600053230B01,7,15,1
200600053237,2006-09-07,2006,septembre,jeudi,75:5,06,06069,0,0,2,1,2,1,1,3,2,02,1,1,000,000,1,0,1,4,1,61,5,1,2,00,0,4,2,200600053237B01,30,2,1
200600053277,2006-09-07,2006,septembre,jeudi,65:5,06,06088,0,0,2,2,3,1,1,4,3,02,1,1,040,110,1,0,0,4,1,45,1,1,2,00,2,1,1,200600053277B01,18,1,1
200600053292,2006-09-10,2006,septembre,dimanche,10:30,06,06088,0,0,1,1,2,1,1,4,3,08,1,1,000,000,1,0,1,3,1,76,9,1,2,00,0,4,2,200600053292B01,7,2,1
200600053328,2006-09-17,2006,septembre,dimanche,74:5,06,06088,0,0,2,1,2,1,1,3,3,03,1,1,040,110,1,0,1,4,1,57,5,1,2,00,2,4,1,200600053328B01,33,1,1
200600053337,2006-09-19,2006,septembre,mardi,12:40,06,06088,0,0,2,6,3,1,1,4,2,02,1,2,000,000,1,5,1,4,1,22,4,1,2,00,2,3,1,200600053337A01,7,9,1
200600053367,2006-09-26,2006,septembre,mardi,17:15,06,06088,0,0,2,1,3,1,1,4,2,02,1,1,000,107,1,0,1,4,2,63,0,1,4,00,2,3,15,200600053367B01,7,17,1
200600053370,2006-09-27,2006,septembre,mercredi,74:0,06,06088,0,0,2,1,3,1,1,4,2,02,1,-1,020,098,1,0,1,1,1,25,5,1,2,00,0,4,19,200600053370A01,34,1,1
200600053386,2006-09-27,2006,septembre,mercredi,17:15,08,08409,0,0,2,2,3,1,1,2,2,02,1,1,000,120,1,0,1,4,1,17,5,1,9,00,2,1,1,200600053386B01,7,11,1
200600053388,2006-09-10,2006,septembre,dimanche,18:25,09,09122,0,0,1,6,3,1,1,3,1,01,1,2,090,090,1,0,1,3,1,26,5,1,2,00,0,3,1,200600053388B01,7,18,1
200600053390,2006-09-09,2006,septembre,samedi,12:55,10,10387,0,0,2,1,6,1,1,9,-1,01,2,-1,000,000,1,0,4,1,1,22,4,1,9,00,1,1,1,200600053390A01,,,
200600053394,2006-09-20,2006,septembre,mercredi,18:40,10,10387,0,0,2,1,3,1,1,4,2,04,1,1,000,120,1,0,1,4,2,14,3,1,9,00,2,1,19,200600053394A01,7,23,1
200600053413,2006-09-10,2006,septembre,dimanche,12:57,13,13001,0,0,1,1,1,1,1,9,2,01,3,2,000,000,1,0,1,3,1,32,5,1,2,00,2,8,2,200600053413B01,7,13,1