Num_Acc,date,an,mois,jour,hrmn,dep,com,lat,long,agg,int,col,lum,atm,catr,circ,nbv,prof,plan,lartpc,larrout,surf,infra,situ,grav,sexe,age,trajet,secuexist,equipement,obs,obsm,choc,manv,vehiculeid,typevehicules,manoeuvehicules,numVehicules
200600055909,2006-09-12,2006,septembre,mardi,17:50,75,75013,0,0,2,3,3,1,1,4,2,04,1,1,000,120,1,0,1,4,1,57,5,0,0,00,2,3,18,200600055909A01,7,23,1
200600055927,2006-09-13,2006,septembre,mercredi,17:10,75,75016,0,0,2,2,3,1,1,4,2,02,1,1,000,060,1,0,1,4,1,73,5,0,0,00,2,2,1,200600055927B01,7,18,1
200600055941,2006-09-14,2006,septembre,jeudi,93:0,75,75016,0,0,2,4,3,1,1,4,1,02,1,1,000,060,1,0,1,4,1,22,5,1,2,00,2,3,10,200600055941A01,7,1,1
200600055946,2006-09-13,2006,septembre,mercredi,11:37,75,75017,0,0,2,2,3,1,1,4,2,04,1,1,000,120,1,0,1,4,1,36,5,0,0,00,2,3,1,200600055946B01,7,16,1
200600055949,2006-09-14,2006,septembre,jeudi,17:30,75,75011,0,0,2,2,3,1,1,4,1,01,1,1,000,030,1,0,1,4,1,18,5,0,0,00,2,2,1,200600055949A01,14,1,1
200600055957,2006-09-15,2006,septembre,vendredi,18:40,75,75011,0,0,2,2,3,1,8,4,2,02,1,1,000,060,2,0,1,3,2,32,5,0,0,00,2,1,1,200600055957B01,10,15,1
200600055965,2006-09-16,2006,septembre,samedi,16:40,75,75016,0,0,2,1,3,1,1,4,1,02,1,1,000,060,-1,0,1,4,1,14,5,0,0,00,2,2,1,200600055965B01,7,22,1
200600055982,2006-09-21,2006,septembre,jeudi,21:00,75,75017,0,0,2,4,7,5,1,4,1,01,1,1,000,030,1,0,1,3,1,26,5,0,0,00,0,0,1,200600055982A01,,,
200600055990,2006-09-22,2006,septembre,vendredi,84:5,75,75008,0,0,2,2,3,1,1,4,3,02,1,1,010,060,1,0,1,3,2,21,9,0,0,00,2,3,1,200600055990B01,14,16,1
200600056010,2006-09-18,2006,septembre,lundi,81:5,75,75004,0,0,2,2,3,1,1,4,1,01,1,1,000,030,1,0,1,4,1,24,4,0,0,00,2,1,7,200600056010B01,14,22,1
200600056035,2006-09-19,2006,septembre,mardi,17:35,75,75019,0,0,2,2,3,1,1,4,2,04,1,1,000,120,1,0,1,4,1,24,5,0,0,00,2,1,1,200600056035B01,7,15,1
200600056044,2006-09-16,2006,septembre,samedi,17:20,75,75005,0,0,2,1,3,1,1,4,2,03,1,1,000,090,1,0,1,4,1,23,9,0,0,00,2,3,1,200600056044B01,4,16,1
200600056047,2006-09-18,2006,septembre,lundi,14:00,75,75005,0,0,2,1,3,1,1,4,2,04,2,1,000,120,1,0,1,4,2,21,9,0,0,00,2,6,21,200600056047A01,7,1,1
200600056059,2006-09-20,2006,septembre,mercredi,19:45,75,75003,0,0,2,1,6,5,1,4,1,02,1,1,000,060,1,0,1,4,1,25,5,0,0,00,2,1,1,200600056059B01,7,0,1
200600056069,2006-09-21,2006,septembre,jeudi,11:52,75,75003,0,0,2,5,3,1,1,4,1,01,1,1,000,030,1,0,1,4,1,36,5,0,0,00,2,6,1,200600056069A01,10,1,1
200600056072,2006-09-13,2006,septembre,mercredi,81:5,75,75010,0,0,2,1,6,1,1,4,2,04,1,1,000,120,1,0,1,4,1,51,4,0,0,12,0,1,21,200600056072A01,,,
200600056075,2006-09-15,2006,septembre,vendredi,19:25,75,75020,0,0,2,1,3,1,2,4,1,02,1,1,000,060,2,0,1,4,1,38,5,0,0,00,2,1,1,200600056075B01,7,22,1
200600056076,2006-09-15,2006,septembre,vendredi,64:0,75,75010,0,0,2,3,3,5,1,4,1,01,1,1,000,030,1,0,1,4,1,28,5,0,0,00,2,1,1,200600056076B01,7,15,1
200600056080,2006-09-18,2006,septembre,lundi,18:44,75,75012,0,0,2,1,3,1,1,4,2,02,1,1,000,060,1,0,1,4,1,10,5,0,0,00,2,2,17,200600056080B01,7,11,1
200600056081,2006-09-18,2006,septembre,lundi,18:25,75,75010,0,0,2,1,6,1,1,4,1,02,1,1,000,060,1,0,1,1,1,34,4,0,0,00,1,1,1,200600056081A01,,,
200600056085,2006-09-19,2006,septembre,mardi,18:16,75,75012,0,0,2,1,6,1,1,4,2,03,1,1,000,090,1,0,1,4,2,64,5,0,0,00,2,3,1,200600056085B01,18,0,1
200600056091,2006-09-20,2006,septembre,mercredi,13:20,75,75011,0,0,2,2,2,1,1,4,1,01,1,1,000,030,1,0,1,4,1,23,4,0,0,00,2,1,1,200600056091A01,7,23,1
200600056111,2006-09-18,2006,septembre,lundi,82:5,75,75006,0,0,2,1,3,1,2,4,2,02,1,1,000,060,2,0,1,4,1,58,5,0,0,00,2,6,1,200600056111A01,7,17,1
200600056111,2006-09-18,2006,septembre,lundi,82:5,75,75006,0,0,2,1,3,1,2,4,2,02,1,1,000,060,2,0,1,4,2,8,0,1,9,00,2,6,1,200600056111A01,7,17,1
200600056112,2006-09-18,2006,septembre,lundi,10:05,75,75017,0,0,2,3,3,1,2,4,2,02,1,1,000,060,2,0,1,4,1,41,4,0,0,00,2,2,1,200600056112B01,7,10,1
200600056136,2006-09-22,2006,septembre,vendredi,18:00,75,75012,0,0,2,1,3,1,1,4,1,02,1,1,000,060,1,0,1,4,1,28,5,0,0,00,2,6,11,200600056136A01,4,1,1
200600056140,2006-09-22,2006,septembre,vendredi,95:0,75,75015,0,0,2,2,3,1,1,4,1,01,1,1,000,030,1,0,1,4,2,42,5,0,0,00,2,6,19,200600056140A01,7,16,1
200600056158,2006-09-23,2006,septembre,samedi,12:15,75,75008,0,0,2,3,3,1,1,4,1,03,1,1,000,090,1,0,1,4,1,44,5,0,0,00,2,6,1,200600056158B01,7,16,1
200600056174,2006-09-24,2006,septembre,dimanche,18:50,75,75016,0,0,2,2,6,1,8,4,2,02,1,1,000,060,1,0,5,4,1,42,5,0,0,00,5,1,1,200600056174A01,,,
200600056185,2006-09-25,2006,septembre,lundi,16:50,75,75005,0,0,2,2,4,1,1,4,2,02,1,1,000,060,1,0,1,4,1,36,5,0,0,00,2,1,11,200600056185A01,18/ 7,1/15,2
200600056202,2006-09-26,2006,septembre,mardi,14:20,75,75015,0,0,2,1,6,1,1,4,2,04,1,1,000,120,1,0,1,4,2,54,5,0,0,12,0,1,1,200600056202A01,,,
200600056215,2006-09-26,2006,septembre,mardi,19:15,75,75016,0,0,2,1,2,1,1,4,1,02,1,1,000,060,1,0,1,4,1,51,5,0,0,00,2,1,1,200600056215A01,1,1,1
200600056215,2006-09-26,2006,septembre,mardi,19:15,75,75016,0,0,2,1,2,1,1,4,1,02,1,1,000,060,1,0,1,4,1,40,5,1,2,00,2,4,1,200600056215B01,1,1,1
200600056221,2006-09-27,2006,septembre,mercredi,12:55,75,75016,0,0,2,1,6,1,1,4,2,02,1,1,000,060,1,0,1,4,1,45,5,0,0,00,2,2,1,200600056221B01,7,0,1
200600056226,2006-09-27,2006,septembre,mercredi,19:35,75,75009,0,0,2,1,6,1,1,4,1,01,1,1,000,030,1,0,1,4,2,24,4,0,0,00,1,1,1,200600056226A01,,,
200600056240,2006-09-28,2006,septembre,jeudi,10:22,75,75011,0,0,2,2,3,1,1,4,2,02,1,1,000,060,1,0,1,3,2,56,5,0,0,00,2,2,1,200600056240A01,7,1,1
200600056258,2006-09-29,2006,septembre,vendredi,40:5,75,75003,0,0,2,2,7,5,1,4,1,01,1,1,000,030,1,0,1,4,1,24,5,0,0,00,0,0,1,200600056258A01,,,
200600056263,2006-09-29,2006,septembre,vendredi,84:0,75,75015,0,0,2,1,3,1,1,4,2,04,1,1,000,120,1,0,1,4,1,28,1,1,2,00,2,2,1,200600056263B01,10,22,1
200600056289,2006-09-22,2006,septembre,vendredi,13:07,75,75012,0,0,2,1,3,1,2,4,1,01,1,1,000,030,2,0,1,4,2,29,4,0,0,00,2,2,1,200600056289B01,7,22,1
200600056292,2006-09-23,2006,septembre,samedi,30:,75,75010,0,0,2,2,3,5,1,4,2,02,1,1,000,060,1,0,1,4,2,29,5,0,0,00,2,3,1,200600056292B01,7,16,1
200600056295,2006-09-27,2006,septembre,mercredi,75:0,75,75010,0,0,2,2,7,1,1,4,1,02,1,1,000,060,1,0,1,4,1,40,5,0,0,00,0,0,21,200600056295A01,,,
200600056299,2006-09-28,2006,septembre,jeudi,18:00,75,75012,0,0,2,2,3,1,1,4,2,02,1,1,000,060,1,0,1,4,1,61,5,0,0,00,2,6,19,200600056299A01,2,1,1
200600056301,2006-09-28,2006,septembre,jeudi,85:5,75,75020,0,0,2,3,3,1,1,4,2,02,1,1,000,060,1,0,1,4,1,16,5,0,0,00,2,2,1,200600056301A01,7,15,1
200600056306,2006-09-29,2006,septembre,vendredi,20:50,75,75014,0,0,2,2,3,5,1,4,3,02,1,1,010,060,1,0,1,4,2,13,5,0,0,00,2,1,1,200600056306B01,7,4,1
200600056315,2006-09-29,2006,septembre,vendredi,10:00,75,75019,0,0,2,1,6,1,1,4,2,03,1,1,000,090,1,0,4,1,1,40,5,0,0,00,1,1,1,200600056315A01,,,
200600056332,2006-09-26,2006,septembre,mardi,20:30,75,75018,0,0,2,2,3,5,1,4,2,02,1,1,000,060,1,0,1,4,2,19,5,0,0,00,2,1,1,200600056332B01,7,1,1
200600056333,2006-09-15,2006,septembre,vendredi,20:30,75,75009,0,0,2,1,3,5,1,4,2,03,1,1,000,090,1,0,1,4,2,31,5,1,2,00,2,3,1,200600056333B01,7,17,1
200600056385,2006-09-16,2006,septembre,samedi,18:50,75,75020,0,0,2,2,3,1,1,4,2,04,1,1,000,120,1,0,1,4,2,13,5,0,0,00,2,3,19,200600056385A01,7,16,1
200600056388,2006-09-26,2006,septembre,mardi,82:0,75,75009,0,0,2,2,3,1,1,4,2,04,1,1,000,120,1,0,1,4,2,49,1,0,0,00,2,3,1,200600056388A01,10,10,1
200600056390,2006-09-21,2006,septembre,jeudi,20:00,75,75010,0,0,2,3,3,5,1,4,1,01,1,1,000,030,1,0,1,4,1,28,5,0,0,00,2,1,5,200600056390A01,10,16,1
200600056395,2006-09-16,2006,septembre,samedi,12:35,75,75014,0,0,2,3,3,1,8,4,2,02,1,1,000,060,1,0,1,4,1,28,5,0,0,00,2,2,1,200600056395B01,7,22,1
200600056425,2006-09-07,2006,septembre,jeudi,17:45,76,76540,0,0,2,1,7,1,1,4,2,02,1,1,000,060,1,0,1,3,1,13,5,1,9,12,0,1,1,200600056425A01,,,
200600056439,2006-09-17,2006,septembre,dimanche,17:20,76,76540,0,0,2,1,7,1,1,4,2,02,2,2,000,065,1,0,1,3,1,8,5,0,0,09,0,1,1,200600056439A01,,,
200600056445,2006-09-21,2006,septembre,jeudi,19:50,76,76575,0,0,2,1,5,1,1,2,3,05,1,1,000,050,1,0,1,3,1,12,5,1,9,00,2,0,2,200600056445C01,33/ 7,6/2,2
200600056461,2006-09-23,2006,septembre,samedi,15:30,77,77307,0,0,1,1,3,1,1,3,2,01,1,1,000,071,1,0,1,3,2,29,5,1,9,00,2,8,15,200600056461B01,33,2,1
200600056494,2006-09-11,2006,septembre,lundi,22:00,77,77445,0,0,2,3,3,5,1,4,2,02,1,2,000,060,1,0,1,3,1,34,4,1,9,00,2,1,19,200600056494B01,7,1,1
200600056496,2006-09-27,2006,septembre,mercredi,18:30,77,77288,0,0,2,1,3,1,1,4,1,02,2,1,000,040,1,0,1,3,1,39,1,1,9,00,2,1,1,200600056496B01,7,12,1
200600056508,2006-09-03,2006,septembre,dimanche,16:20,77,77122,0,0,2,3,1,1,1,4,1,01,1,1,000,000,1,0,1,3,1,18,5,1,2,00,2,0,5,200600056508A01,7,1,1
200600056518,2006-09-08,2006,septembre,vendredi,17:20,77,77350,0,0,2,1,1,1,1,4,3,01,1,1,000,079,1,0,1,3,2,13,2,1,4,00,2,0,15,200600056518B01,7,1,1
200600056546,2006-09-11,2006,septembre,lundi,13:00,78,78423,0,0,2,1,6,1,1,4,-1,02,1,3,000,070,1,0,1,4,1,26,0,1,9,00,2,1,2,200600056546B01,7,22,1
200600056580,2006-09-12,2006,septembre,mardi,84:5,78,78551,0,0,2,1,3,1,1,4,2,02,2,1,000,036,1,0,1,4,1,16,5,1,2,00,2,8,16,200600056580B01,7,1,1
200600056597,2006-09-06,2006,septembre,mercredi,14:40,78,78640,0,0,2,1,3,1,1,3,1,02,1,1,000,000,1,0,1,4,1,46,5,1,9,00,0,0,2,200600056597B01,7,1,1
200600056598,2006-09-08,2006,septembre,vendredi,18:15,78,78640,0,0,2,6,3,1,1,3,1,02,1,2,000,080,1,0,1,4,1,37,5,1,2,00,2,1,15,200600056598B01,7,9,1
200600056599,2006-09-09,2006,septembre,samedi,13:00,78,78640,0,0,2,6,3,1,1,3,1,02,2,2,000,000,1,0,1,3,1,58,5,1,2,00,9,5,1,200600056599B01,7,9,1
200600056613,2006-09-18,2006,septembre,lundi,15:05,78,78646,0,0,2,2,3,1,1,4,2,02,1,1,000,050,1,0,1,4,1,20,5,1,2,00,2,7,1,200600056613A01,7,1,1
200600056613,2006-09-18,2006,septembre,lundi,15:05,78,78646,0,0,2,2,3,1,1,4,2,02,1,1,000,050,1,0,1,1,1,21,0,1,2,00,2,7,1,200600056613A01,7,1,1
200600056614,2006-09-21,2006,septembre,jeudi,15:00,78,78646,0,0,2,3,2,1,1,4,2,02,2,1,000,080,1,0,1,4,1,69,5,1,9,00,2,1,1,200600056614A01,1,23,1
200600056614,2006-09-21,2006,septembre,jeudi,15:00,78,78646,0,0,2,3,2,1,1,4,2,02,2,1,000,080,1,0,1,1,1,54,0,1,2,00,2,4,23,200600056614B01,1,1,1
200600056619,2006-09-05,2006,septembre,mardi,10:00,79,79191,0,0,2,1,3,1,1,4,2,02,1,1,000,072,1,0,1,3,2,71,5,1,9,01,0,1,1,200600056619B01,7,24,1
200600056631,2006-09-05,2006,septembre,mardi,16:57,80,80021,0,0,2,2,3,1,1,4,2,07,1,1,000,240,1,0,1,4,2,41,1,1,9,00,2,3,1,200600056631B01,7,16,1
200600056639,2006-09-14,2006,septembre,jeudi,17:05,80,80261,0,0,2,1,3,1,1,2,2,04,1,1,000,120,1,0,5,4,2,49,5,1,9,00,0,1,21,200600056639A01,7,9,1
200600056642,2006-09-15,2006,septembre,vendredi,20:55,80,80021,0,0,2,2,3,2,1,4,2,07,1,1,000,200,1,0,1,4,1,23,5,1,9,00,2,4,15,200600056642A01,7,1,1
200600056644,2006-09-20,2006,septembre,mercredi,83:0,80,80021,0,0,2,1,2,1,1,4,2,02,1,1,000,080,1,0,1,4,1,25,5,1,2,00,2,4,1,200600056644A01,7,1,1
200600056650,2006-09-23,2006,septembre,samedi,84:0,80,80021,0,0,2,1,3,1,1,4,2,02,1,4,000,060,1,0,1,4,2,44,5,1,2,00,2,1,1,200600056650B01,7,1,1
200600056664,2006-09-06,2006,septembre,mercredi,14:28,81,81065,0,0,2,1,1,1,1,3,2,02,1,1,000,000,1,0,1,3,1,14,5,1,2,00,2,8,19,200600056664A01,7,1,1
200600056664,2006-09-06,2006,septembre,mercredi,14:28,81,81065,0,0,2,1,1,1,1,3,2,02,1,1,000,000,1,0,1,4,1,14,0,1,2,00,2,8,19,200600056664A01,7,1,1
200600056686,2006-09-29,2006,septembre,vendredi,20:55,82,82121,0,0,1,1,3,3,3,4,2,02,1,1,000,000,2,0,1,4,1,28,9,1,9,00,2,1,15,200600056686A01,7,1,1
200600056694,2006-09-20,2006,septembre,mercredi,83:0,83,83061,0,0,2,1,3,1,1,3,2,02,2,1,000,061,1,0,1,4,1,41,3,1,9,00,0,7,0,200600056694B01,7,15,1
200600056694,2006-09-20,2006,septembre,mercredi,83:0,83,83061,0,0,2,1,3,1,1,3,2,02,2,1,000,061,1,0,1,3,2,4,0,1,2,00,0,7,0,200600056694B01,7,15,1
200600056699,2006-09-11,2006,septembre,lundi,12:00,83,83118,0,0,2,1,6,1,1,2,2,02,1,1,000,060,1,0,1,4,1,29,5,1,9,00,1,1,1,200600056699A01,,,
200600056706,2006-09-06,2006,septembre,mercredi,11:45,83,83123,0,0,2,1,2,1,1,4,2,02,1,1,000,069,1,0,1,4,2,48,5,1,9,01,0,1,21,200600056706B01,7,22,1
200600056713,2006-09-06,2006,septembre,mercredi,18:25,83,83126,0,0,2,1,3,1,1,3,2,02,1,1,000,000,1,0,1,4,2,38,5,1,9,00,2,8,15,200600056713B01,2,17,1
200600056724,2006-09-04,2006,septembre,lundi,21:45,83,83137,0,0,2,2,3,5,1,4,1,01,1,1,000,025,1,6,1,4,1,25,1,1,9,00,2,1,15,200600056724B01,7,1,1
200600056731,2006-09-10,2006,septembre,dimanche,10:05,83,83137,0,0,2,6,6,1,1,4,1,02,1,3,000,080,1,0,1,4,1,63,5,0,0,00,2,4,0,200600056731B01,7,9,1
200600056733,2006-09-13,2006,septembre,mercredi,83:0,83,83137,0,0,2,1,6,1,1,4,3,06,1,1,240,180,1,0,1,1,1,38,1,1,9,00,2,1,7,200600056733A01,,,
200600056750,2006-09-26,2006,septembre,mardi,10:30,83,83098,0,0,2,3,3,1,1,4,3,02,1,1,000,135,1,0,5,3,1,68,5,1,2,00,0,8,1,200600056750B01,7,16,1
200600056787,2006-09-08,2006,septembre,vendredi,10:10,84,84035,0,0,1,1,3,1,1,4,2,02,1,2,000,070,1,0,1,4,2,60,0,0,0,00,2,1,1,200600056787B01,7,9,1
200600056793,2006-09-14,2006,septembre,jeudi,10:35,84,84035,0,0,2,1,3,1,1,4,1,02,1,1,000,070,1,0,1,4,1,36,0,1,9,00,2,1,9,200600056793A01,7,23,1
200600056814,2006-09-04,2006,septembre,lundi,15:20,85,85194,0,0,2,9,2,1,1,4,2,02,1,1,000,000,1,0,1,3,1,64,5,1,9,00,2,4,2,200600056814B01,4,2,1
200600056826,2006-09-14,2006,septembre,jeudi,13:15,86,86194,0,0,2,6,3,1,2,4,1,02,1,2,000,000,2,0,1,4,2,21,2,1,9,00,2,2,1,200600056826B01,7,16,1
200600056840,2006-09-26,2006,septembre,mardi,16:25,86,86194,0,0,2,1,6,1,1,4,2,02,2,1,000,066,1,0,1,4,2,11,5,1,9,00,2,1,19,200600056840A01,37,1,1
200600056840,2006-09-26,2006,septembre,mardi,16:25,86,86194,0,0,2,1,6,1,1,4,2,02,2,1,000,066,1,0,1,4,2,8,0,1,9,00,2,1,19,200600056840A01,37,1,1
200600056881,2006-09-19,2006,septembre,mardi,80:3,87,87085,0,0,2,1,6,1,1,4,2,02,-1,1,000,060,1,0,1,1,1,22,4,0,0,00,1,1,17,200600056881A01,,,
200600056899,2006-09-07,2006,septembre,jeudi,10:15,88,88383,0,0,2,1,3,1,7,3,2,02,1,1,000,000,1,0,1,4,1,44,5,1,2,00,2,1,1,200600056899B01,7,15,1
200600056910,2006-09-05,2006,septembre,mardi,80:5,90,90099,0,0,2,1,3,1,1,4,2,02,1,1,000,059,1,0,1,4,2,24,3,1,2,00,2,1,2,200600056910B01,38,11,1
200600056933,2006-09-11,2006,septembre,lundi,12:30,91,91174,0,0,2,6,6,1,1,2,1,02,2,1,000,060,1,0,1,4,1,57,5,1,2,00,0,1,1,200600056933B01,7,9,1
200600056960,2006-09-15,2006,septembre,vendredi,15:30,91,91687,0,0,2,1,6,1,1,2,2,04,-1,-1,000,000,-1,0,1,3,1,76,5,1,9,00,0,4,1,200600056960B01,7,12,1
200600056985,2006-09-20,2006,septembre,mercredi,16:50,91,91471,0,0,2,1,5,1,1,4,2,02,2,1,000,000,1,0,1,4,1,67,5,1,2,01,2,4,1,200600056985B01,7,17/1,2
200600056986,2006-09-23,2006,septembre,samedi,11:40,91,91471,0,0,2,1,6,1,1,3,2,02,1,1,000,000,2,0,5,4,1,18,2,1,2,00,1,1,1,200600056986A01,,,
200600056986,2006-09-23,2006,septembre,samedi,11:40,91,91471,0,0,2,1,6,1,1,3,2,02,1,1,000,000,2,0,5,1,2,17,0,1,2,00,1,1,1,200600056986A01,,,
200600056996,2006-09-19,2006,septembre,mardi,13:10,91,91589,0,0,2,2,3,1,9,4,2,02,1,1,000,060,1,0,1,3,1,55,1,1,2,00,2,1,1,200600056996B01,7,1,1
200600057000,2006-09-16,2006,septembre,samedi,15:45,92,92002,0,0,2,1,6,1,1,4,1,02,2,1,000,049,1,0,1,4,1,15,5,0,0,00,2,1,5,200600057000A01,7,1,1
200600057023,2006-09-11,2006,septembre,lundi,17:40,92,92012,0,0,2,1,6,1,1,9,1,01,1,1,000,066,-1,0,1,4,1,71,0,1,9,00,2,0,1,200600057023B01,7,5,1
200600057023,2006-09-11,2006,septembre,lundi,17:40,92,92012,0,0,2,1,6,1,1,9,1,01,1,1,000,066,-1,0,1,4,2,45,0,1,2,00,2,0,1,200600057023C01,7,5,1
200600057039,2006-09-24,2006,septembre,dimanche,12:30,92,92071,0,0,2,1,6,1,1,3,2,02,1,1,000,070,1,0,1,4,1,86,5,1,2,00,1,1,1,200600057039A01,,,
200600057057,2006-09-18,2006,septembre,lundi,17:40,92,92025,0,0,2,1,6,1,1,4,1,01,1,1,000,060,1,0,1,1,1,15,5,1,9,00,1,1,1,200600057057A01,,,
200600057057,2006-09-18,2006,septembre,lundi,17:40,92,92025,0,0,2,1,6,1,1,4,1,01,1,1,000,060,1,0,1,4,2,14,5,0,0,00,1,1,1,200600057057A01,,,
200600057079,2006-09-30,2006,septembre,samedi,15:00,92,92035,0,0,2,1,2,1,1,3,2,02,1,1,000,000,1,0,1,4,1,67,0,1,9,00,2,4,17,200600057079B01,7,17,1
200600057083,2006-09-10,2006,septembre,dimanche,17:20,92,92036,0,0,2,1,3,1,1,4,1,01,1,1,000,050,1,0,1,4,1,15,5,1,2,00,2,3,19,200600057083A01,7,1,1
200600057084,2006-09-13,2006,septembre,mercredi,80:5,92,92036,0,0,2,1,3,2,1,3,2,02,1,1,000,080,1,0,1,4,2,20,1,1,2,01,0,1,1,200600057084B01,7,22,1
200600057089,2006-09-18,2006,septembre,lundi,20:15,92,92040,0,0,2,9,3,5,1,9,2,02,2,2,000,000,1,0,1,3,1,29,5,1,9,00,2,7,17,200600057089B01,7,15,1
200600057091,2006-09-29,2006,septembre,vendredi,83:0,92,92040,0,0,2,6,3,1,1,4,1,01,1,1,000,060,1,0,0,4,2,45,1,1,9,00,2,0,1,200600057091A01,7,0,1
200600057102,2006-09-02,2006,septembre,samedi,14:00,92,92048,0,0,2,6,3,1,1,4,1,02,1,-1,000,126,1,0,1,4,1,46,5,1,2,00,2,1,0,200600057102B01,7,0,1
200600057106,2006-09-15,2006,septembre,vendredi,83:5,92,92048,0,0,2,1,3,1,1,3,2,02,1,1,000,059,1,0,1,4,1,20,5,1,2,00,2,1,1,200600057106B01,7,20,1
200600057117,2006-09-21,2006,septembre,jeudi,92:0,92,92020,0,0,2,9,3,1,1,4,2,02,1,-1,000,068,1,0,1,1,1,37,1,1,9,00,2,1,1,200600057117B01,30,1,1
200600057118,2006-09-21,2006,septembre,jeudi,19:20,92,92049,0,0,2,9,3,1,1,3,2,04,1,1,000,000,1,0,1,4,1,60,5,1,9,00,0,4,1,200600057118B01,5,1,1
200600057125,2006-09-15,2006,septembre,vendredi,13:35,92,92050,0,0,2,1,6,1,1,4,1,01,1,1,000,000,1,0,1,1,1,14,2,1,2,00,1,1,1,200600057125A01,,,
200600057126,2006-09-21,2006,septembre,jeudi,16:35,92,92050,0,0,2,3,3,1,1,4,3,02,1,1,000,000,1,5,1,4,1,33,5,1,2,00,2,8,2,200600057126B01,14,2,1
200600057127,2006-09-23,2006,septembre,samedi,11:35,92,92050,0,0,2,1,7,1,1,3,3,01,2,1,000,000,-1,0,0,3,1,48,0,1,9,15,0,1,2,200600057127A01,,,
200600057157,2006-09-09,2006,septembre,samedi,17:10,92,92033,0,0,2,1,3,1,1,4,2,01,2,3,019,058,1,0,1,4,1,50,5,1,2,00,2,8,1,200600057157B01,7,17,1
200600057164,2006-09-10,2006,septembre,dimanche,12:30,92,92072,0,0,2,1,6,1,1,4,2,02,2,3,000,054,1,0,1,4,1,9,5,1,2,01,0,1,16,200600057164A01,,,
200600057173,2006-09-10,2006,septembre,dimanche,14:20,92,92046,0,0,2,4,3,1,1,4,2,02,1,1,000,091,1,0,0,4,1,11,5,1,2,00,2,0,0,200600057173B01,7,1,1
200600057177,2006-09-28,2006,septembre,jeudi,13:50,92,92075,0,0,2,6,3,1,1,4,1,02,1,-1,000,000,1,0,1,4,1,52,1,1,2,00,2,1,1,200600057177B01,7,0,1
200600057238,2006-09-04,2006,septembre,lundi,16:20,93,93027,0,0,2,3,3,1,1,3,3,00,1,1,000,060,1,0,1,3,1,13,9,1,9,00,0,1,6,200600057238A01,7,2,1
200600057250,2006-09-13,2006,septembre,mercredi,94:5,93,93029,0,0,2,3,3,1,1,4,1,01,1,1,000,030,1,0,1,1,1,10,5,1,9,00,2,4,19,200600057250B01,4,21,1
200600057257,2006-09-26,2006,septembre,mardi,71:0,93,93029,0,0,2,2,3,5,1,4,2,03,1,1,000,180,1,5,1,3,1,48,4,1,4,00,2,1,1,200600057257B01,7,13,1
200600057262,2006-09-20,2006,septembre,mercredi,18:25,93,93031,0,0,2,1,6,1,1,4,1,01,1,1,000,025,1,0,1,3,1,38,1,1,9,00,0,0,1,200600057262B01,7,15,1
200600057267,2006-09-22,2006,septembre,vendredi,17:45,93,93032,0,0,2,1,2,1,8,3,2,02,2,1,000,050,1,0,1,3,1,15,5,1,9,00,2,1,2,200600057267A01,7,15,1
200600057272,2006-09-12,2006,septembre,mardi,84:0,93,93061,0,0,2,3,3,1,7,4,2,00,1,1,000,000,1,0,1,4,1,53,0,1,2,00,2,1,1,200600057272B01,7,1,1
200600057284,2006-09-16,2006,septembre,samedi,22:55,93,93046,0,0,2,2,3,3,1,4,1,01,1,1,000,050,1,0,1,4,1,17,5,1,9,00,2,8,1,200600057284A01,7,0,1
200600057292,2006-09-06,2006,septembre,mercredi,18:00,93,93048,0,0,2,1,2,1,1,4,2,02,2,1,000,080,1,0,1,4,2,53,1,1,2,00,2,4,1,200600057292B01,7,1,1
200600057318,2006-09-16,2006,septembre,samedi,17:35,93,93053,0,0,2,1,3,1,1,4,2,02,1,1,100,060,1,0,1,4,1,12,0,1,4,00,2,8,19,200600057318B01,7,0,1
200600057322,2006-09-03,2006,septembre,dimanche,16:10,93,93055,0,0,2,4,3,1,8,3,2,02,2,3,000,080,1,0,1,3,1,43,0,1,9,00,2,1,1,200600057322B01,7,1,1
200600057337,2006-09-30,2006,septembre,samedi,13:00,93,93014,0,0,2,1,6,1,1,4,-1,02,1,1,000,050,1,0,1,4,1,17,5,1,9,00,2,7,0,200600057337B01,7,0,1
200600057343,2006-09-14,2006,septembre,jeudi,10:10,93,93077,0,0,2,1,3,1,1,2,2,04,1,1,000,000,1,0,1,4,1,15,0,1,2,00,2,7,19,200600057343B01,2,1,1
200600057359,2006-09-28,2006,septembre,jeudi,18:05,93,93039,0,0,2,3,2,1,1,4,2,03,2,1,000,050,1,0,1,3,1,26,0,1,9,00,2,1,0,200600057359A01,7,3,1
200600057389,2006-09-02,2006,septembre,samedi,14:45,94,94071,0,0,2,1,2,1,1,4,2,02,1,1,000,060,1,0,1,4,2,47,5,1,9,00,0,4,2,200600057389B01,2,2,1
200600057400,2006-09-01,2006,septembre,vendredi,17:00,94,94017,0,0,2,2,3,1,1,3,2,02,1,1,000,103,1,5,1,4,1,18,5,1,2,00,2,1,1,200600057400B01,7,1,1
200600057422,2006-09-27,2006,septembre,mercredi,19:25,94,94054,0,0,2,1,6,1,1,4,2,02,1,1,000,060,1,0,1,4,1,13,5,1,9,00,2,3,15,200600057422B01,7,2,1