Num_Acc,date,an,mois,jour,hrmn,dep,com,lat,long,agg,int,col,lum,atm,catr,circ,nbv,prof,plan,lartpc,larrout,surf,infra,situ,grav,sexe,age,trajet,secuexist,equipement,obs,obsm,choc,manv,vehiculeid,typevehicules,manoeuvehicules,numVehicules
200600057439,2006-09-29,2006,septembre,vendredi,14:00,94,94028,0,0,2,1,1,1,1,4,2,02,2,1,000,060,1,0,1,4,1,16,5,1,9,00,2,1,21,200600057439A01,7,1,1
200600057465,2006-09-05,2006,septembre,mardi,18:25,94,94021,0,0,2,1,2,1,1,3,1,03,1,1,030,090,1,0,1,4,1,62,5,1,2,01,0,1,1,200600057465A01,17,0,1
200600057495,2006-09-27,2006,septembre,mercredi,16:05,94,94052,0,0,2,1,3,1,1,4,1,01,1,1,000,110,1,0,1,4,1,41,5,1,9,01,0,1,1,200600057495B01,7,0,1
200600057506,2006-09-16,2006,septembre,samedi,16:50,94,94077,0,0,2,1,3,1,1,4,1,02,2,-1,000,500,1,0,1,4,1,13,9,1,2,00,2,0,1,200600057506B01,7,15,1
200600057532,2006-09-12,2006,septembre,mardi,15:45,95,95018,0,0,2,6,3,1,1,4,2,02,1,3,000,080,1,0,1,4,1,41,1,1,2,00,2,4,1,200600057532B01,7,9,1
200600057543,2006-09-21,2006,septembre,jeudi,19:20,95,95582,0,0,2,2,3,1,1,4,3,02,1,1,020,124,1,0,1,4,1,13,5,1,2,00,2,1,1,200600057543A01,7,1,1
200600057559,2006-09-08,2006,septembre,vendredi,17:15,95,95598,0,0,2,1,7,1,9,3,2,02,-1,-1,000,000,-1,0,0,4,1,15,2,1,9,12,0,0,1,200600057559B01,99,0,1
200600057573,2006-09-19,2006,septembre,mardi,11:05,95,95019,0,0,2,1,6,1,1,4,2,02,1,1,000,052,2,0,4,4,1,32,1,1,2,00,1,1,0,200600057573A01,,,
200600057578,2006-09-22,2006,septembre,vendredi,17:05,95,95306,0,0,2,1,7,1,1,3,2,02,1,1,000,070,1,0,1,4,1,14,5,1,9,00,0,7,1,200600057578A01,,,
200600057580,2006-09-25,2006,septembre,lundi,18:20,95,95306,0,0,2,1,7,1,1,4,2,00,2,1,000,070,1,0,1,3,1,20,5,1,9,00,0,7,1,200600057580A01,2,1,1
200600057581,2006-09-26,2006,septembre,mardi,16:20,95,95306,0,0,2,1,6,1,1,4,2,02,1,1,000,070,1,0,1,4,1,25,5,1,2,00,1,2,1,200600057581A01,,,
200600057581,2006-09-26,2006,septembre,mardi,16:20,95,95306,0,0,2,1,6,1,1,4,2,02,1,1,000,070,1,0,1,1,1,32,0,0,0,00,1,2,1,200600057581A01,,,
200600057936,2006-09-04,2006,septembre,lundi,16:15,69,69386,0,0,2,1,2,1,1,4,1,03,1,1,000,000,1,0,1,4,1,24,5,1,2,00,2,1,1,200600057936A01,7,23,1
200600057936,2006-09-04,2006,septembre,lundi,16:15,69,69386,0,0,2,1,2,1,1,4,1,03,1,1,000,000,1,0,1,4,2,23,0,1,2,00,2,1,1,200600057936A01,7,23,1
200600057946,2006-09-20,2006,septembre,mercredi,20:30,69,69383,0,0,2,3,1,5,1,4,2,04,1,1,000,000,1,0,1,4,1,31,9,1,2,00,2,1,1,200600057946B01,7,16,1
200600058037,2006-09-11,2006,septembre,lundi,21:10,69,69387,0,0,2,3,3,5,1,4,1,04,1,1,000,026,1,4,1,4,1,21,5,1,2,00,2,1,1,200600058037A01,7,15,1
200600058039,2006-09-14,2006,septembre,jeudi,18:25,69,69387,0,0,2,3,3,1,1,4,1,03,1,1,000,130,1,0,5,4,2,26,4,1,2,00,2,1,1,200600058039B01,7,16,1
200600058040,2006-09-18,2006,septembre,lundi,74:0,69,69387,0,0,2,1,6,1,1,4,1,01,1,1,000,029,1,4,1,4,1,18,2,1,2,01,0,1,1,200600058040B01,7,24,1
200600058042,2006-09-19,2006,septembre,mardi,21:20,69,69387,0,0,2,1,2,5,1,4,1,02,1,1,000,067,1,0,1,4,1,23,5,1,2,00,2,1,1,200600058042A01,7,23,1
200600058044,2006-09-22,2006,septembre,vendredi,11:0,69,69387,0,0,2,2,3,5,6,4,3,04,1,1,020,130,1,0,1,4,1,23,1,1,2,00,2,1,1,200600058044A01,7,1,1
200600058102,2006-09-23,2006,septembre,samedi,18:50,69,69389,0,0,2,1,6,5,1,2,2,02,1,1,000,065,1,0,1,4,2,26,5,1,2,01,0,7,21,200600058102B01,7,22,1
200600058158,2006-09-03,2006,septembre,dimanche,12:13,34,34172,0,0,2,3,3,1,1,4,1,01,1,1,000,050,1,0,1,4,1,14,5,1,4,00,2,1,1,200600058158B01,7,15,1
200600058159,2006-09-05,2006,septembre,mardi,17:00,34,34172,0,0,2,1,3,1,1,4,2,02,1,1,000,060,1,0,1,4,1,29,5,1,4,00,2,1,1,200600058159B01,7,17,1
200600058164,2006-09-08,2006,septembre,vendredi,1:,34,34172,0,0,2,1,2,5,1,4,2,03,3,1,000,090,1,0,1,4,1,29,5,1,4,00,2,4,0,200600058164A01,99,0,1
200600058168,2006-09-12,2006,septembre,mardi,17:30,34,34172,0,0,2,1,2,1,1,4,2,02,1,1,000,060,1,0,1,4,1,43,5,1,4,00,2,1,2,200600058168A01,7,23,1
200600058186,2006-10-07,2006,octobre,samedi,18:00,59,59052,50.512,2.893,1,1,3,1,1,4,2,02,1,1,000,040,1,0,1,3,2,21,5,0,0,00,2,8,13,200600058186B02,2,17,1
200600058201,2006-10-27,2006,octobre,vendredi,16:30,59,59546,50.781,2.554,2,1,1,1,1,3,2,00,2,1,000,075,1,5,1,2,1,65,5,0,0,00,0,7,15,200600058201B02,21,15,1
200600058213,2006-10-06,2006,octobre,vendredi,16:45,59,59631,50.073,3.337,2,1,1,1,1,3,2,02,1,1,000,060,1,0,1,3,1,14,2,0,0,00,2,1,13,200600058213A01,20,1,1
200600058232,2006-10-07,2006,octobre,samedi,15:45,62,62057,0,0,2,1,3,1,1,3,2,02,1,1,000,058,1,0,1,3,1,9,5,0,0,00,2,7,19,200600058232B02,7,1,1
200600058234,2006-10-01,2006,octobre,dimanche,10:00,62,62036,0,0,2,1,3,1,1,3,2,02,1,1,000,056,1,0,1,3,1,48,5,1,2,00,0,8,1,200600058234B02,7,17,1
200600058238,2006-10-26,2006,octobre,jeudi,22:15,80,80107,0,0,1,1,1,1,1,4,2,00,-1,1,000,000,1,2,1,4,1,13,5,0,0,00,0,6,0,200600058238B02,2,17,1
200600058255,2006-10-24,2006,octobre,mardi,21:15,80,80177,49.906,3.006,1,2,3,3,1,3,2,00,-1,1,070,070,1,5,1,3,1,48,1,0,0,00,2,1,1,200600058255B02,7,19,1
200600058270,2006-10-13,2006,octobre,vendredi,12:30,02,02498,49.539,3.832,2,1,1,1,1,3,2,02,1,-1,000,058,1,0,1,3,1,20,5,0,0,00,2,1,15,200600058270B02,10,1,1
200600058280,2006-10-01,2006,octobre,dimanche,12:15,02,02682,0,0,2,3,1,1,1,3,2,02,2,2,000,034,2,0,1,3,1,6,9,0,0,00,2,2,19,200600058280B02,10,21,1
200600058292,2006-10-27,2006,octobre,vendredi,15:00,60,60143,0,0,2,1,1,1,1,3,-1,00,1,1,000,070,1,0,1,3,1,11,5,1,2,00,2,1,15,200600058292B02,7,1,1
200600058304,2006-10-12,2006,octobre,jeudi,11:15,60,60167,0,0,2,1,1,1,2,3,2,02,1,1,000,071,2,0,1,4,2,11,2,0,0,00,9,3,1,200600058304B02,15,1,1
200600058338,2006-10-17,2006,octobre,mardi,16:40,76,76462,0,0,2,1,1,1,1,3,2,02,2,1,000,060,1,0,1,3,1,56,5,1,2,00,2,7,17,200600058338A01,7,15,1
200600058339,2006-10-01,2006,octobre,dimanche,16:15,76,76035,49.793,1.75,1,1,1,1,1,3,2,02,1,1,000,050,1,0,1,3,1,72,5,0,0,00,0,4,15,200600058339B02,7,2,1
200600058351,2006-10-13,2006,octobre,vendredi,16:30,76,76315,0,0,1,1,1,1,1,3,2,02,-1,1,000,060,1,0,1,3,1,55,5,1,2,00,2,4,1,200600058351B02,14,1,1
200600058371,2006-10-12,2006,octobre,jeudi,16:00,27,27003,0,0,2,1,1,1,1,3,2,02,1,4,000,065,1,0,1,4,1,41,5,1,2,00,0,4,1,200600058371B02,7,1,1
200600058372,2006-10-13,2006,octobre,vendredi,15:30,27,27150,0,0,2,9,3,1,1,4,2,01,2,-1,000,035,1,0,1,3,2,12,0,0,0,00,2,6,0,200600058372A01,7,0,1
200600058372,2006-10-13,2006,octobre,vendredi,15:30,27,27150,0,0,2,9,3,1,1,4,2,01,2,-1,000,035,1,0,1,3,1,13,0,0,0,00,2,6,0,200600058372A01,7,0,1
200600058379,2006-10-14,2006,octobre,samedi,19:00,27,27458,0,0,2,1,3,1,1,4,2,00,-1,1,000,000,1,0,1,4,1,13,5,0,0,00,2,1,1,200600058379B02,7,1,1
200600058446,2006-10-28,2006,octobre,samedi,16:00,29,29055,48.557,-4.344,1,1,2,1,1,3,3,02,1,1,000,072,1,0,1,3,2,28,5,0,0,00,2,4,2,200600058446B02,7,2,1
200600058465,2006-10-21,2006,octobre,samedi,11:45,56,56156,0,0,1,1,1,1,2,4,2,00,1,1,000,038,2,0,1,2,1,80,5,0,0,00,2,1,15,200600058465B02,7,21,1
200600058474,2006-10-31,2006,octobre,mardi,17:30,14,14547,0,0,1,1,3,1,1,3,2,00,-1,2,000,060,1,0,1,3,1,71,5,0,0,00,2,8,1,200600058474B02,21,1,1
200600058476,2006-10-08,2006,octobre,dimanche,10:00,14,14422,0,0,1,1,2,1,1,3,2,02,1,1,000,070,1,0,1,3,1,57,5,1,2,01,0,1,1,200600058476A01,7,24,1
200600058481,2006-10-19,2006,octobre,jeudi,10:00,14,14575,0,0,2,1,3,1,1,3,2,00,1,1,049,000,1,0,1,3,1,16,5,0,0,00,2,8,15,200600058481B02,7,17,1
200600058492,2006-10-09,2006,octobre,lundi,12:45,50,50196,49.698,-1.276,1,1,1,1,1,3,2,00,1,2,000,050,3,0,1,3,1,44,1,0,0,00,2,7,1,200600058492B02,31,13,1
200600058532,2006-10-21,2006,octobre,samedi,12:30,44,44110,0,0,2,3,1,1,3,4,2,00,-1,1,000,000,2,0,1,3,1,26,5,1,2,00,2,7,1,200600058532B02,7,0,1
200600058541,2006-10-30,2006,octobre,lundi,10:45,44,44047,47.24,-1.701,1,1,3,1,1,3,2,01,1,1,000,061,1,5,1,3,1,67,5,0,0,00,2,7,15,200600058541A01,33,1,1
200600058545,2006-10-20,2006,octobre,vendredi,11:15,44,44052,47.328,-2.08,2,1,2,1,2,4,3,00,1,1,000,100,2,5,1,4,1,69,5,0,0,00,0,5,1,200600058545B02,10,1,1
200600058569,2006-10-17,2006,octobre,mardi,17:45,49,49368,0,0,2,1,1,1,1,3,2,02,1,1,000,112,1,0,1,3,2,75,5,0,0,00,2,1,13,200600058569B02,17,1,1
200600058587,2006-10-30,2006,octobre,lundi,18:30,53,53271,0,0,1,1,2,3,1,3,2,02,2,1,000,066,1,0,1,4,1,67,5,0,0,00,0,4,1,200600058587B02,32,1,1
200600058624,2006-10-25,2006,octobre,mercredi,17:30,85,85222,0,0,2,1,2,1,1,3,2,02,2,3,000,070,1,0,1,3,1,50,5,1,2,00,2,4,2,200600058624B02,7,2,1
200600058672,2006-10-14,2006,octobre,samedi,15:45,24,24294,0,0,2,1,3,1,1,4,2,02,1,1,000,051,1,0,1,3,1,12,5,0,0,00,2,1,15,200600058672B02,7,1,1
200600058702,2006-10-10,2006,octobre,mardi,19:15,47,47310,0,0,2,1,1,5,1,3,2,02,-1,1,000,096,1,0,1,3,1,11,5,0,0,00,2,6,19,200600058702B02,7,1,1
200600058742,2006-10-31,2006,octobre,mardi,12:15,16,16008,0,0,2,9,3,1,1,3,2,00,-1,-1,000,000,-1,0,0,3,1,11,5,0,0,00,2,8,15,200600058742B02,7,1,1
200600058786,2006-10-25,2006,octobre,mercredi,14:15,87,87021,45.775,1.221,1,1,5,1,1,3,2,02,2,1,000,061,1,0,1,3,1,63,5,0,0,00,2,2,2,200600058786A01,7,13/1,2
200600058824,2006-10-13,2006,octobre,vendredi,18:05,31,31033,43.357,1.47,2,1,5,1,1,2,2,02,1,1,000,070,1,0,1,3,1,70,5,0,0,00,0,6,15,200600058824A01,7,1,1
200600058824,2006-10-13,2006,octobre,vendredi,18:05,31,31033,43.357,1.47,2,1,5,1,1,2,2,02,1,1,000,070,1,0,1,3,2,70,5,1,2,00,0,5,19,200600058824C03,7,1,1
200600058831,2006-10-15,2006,octobre,dimanche,15:30,31,31013,43.08,0.635,1,1,3,1,1,3,2,00,-1,1,000,000,1,5,1,2,2,82,5,0,0,00,2,1,19,200600058831A01,7,1,1
200600058834,2006-10-30,2006,octobre,lundi,17:15,31,31144,42.92,0.63,2,1,1,1,1,4,2,02,2,3,000,034,1,0,1,3,1,15,5,0,0,00,2,1,13,200600058834B02,2,1,1
200600058879,2006-10-06,2006,octobre,vendredi,16:45,32,32233,43.526,0.148,1,1,1,1,1,3,2,02,-1,1,000,056,1,0,1,3,2,24,5,0,0,00,2,1,1,200600058879B02,7,15,1
200600058927,2006-10-10,2006,octobre,mardi,11:15,69,69286,0,0,2,9,1,1,1,3,2,00,1,1,000,060,1,0,1,3,1,29,5,1,2,01,0,1,1,200600058927B02,14,22,1
200600058928,2006-10-11,2006,octobre,mercredi,12:30,69,69286,0,0,2,1,6,1,1,4,2,00,1,1,010,100,1,0,5,3,2,41,1,1,2,01,0,1,1,200600058928A01,,,
200600058932,2006-10-05,2006,octobre,jeudi,70:0,69,69288,45.687,5.037,2,6,1,2,9,4,2,02,2,1,000,000,9,0,1,3,1,57,5,1,2,00,2,1,5,200600058932B02,7,9,1
200600058940,2006-10-28,2006,octobre,samedi,18:15,69,69283,0,0,2,1,3,1,1,3,2,00,1,1,000,060,1,0,1,4,1,15,5,0,0,00,0,8,19,200600058940B02,7,1,1
200600058973,2006-10-17,2006,octobre,mardi,91:0,01,01229,0,0,1,2,3,1,7,3,2,00,1,1,000,060,1,0,1,3,1,69,5,1,2,00,2,6,15,200600058973B02,7,1,1
200600059008,2006-10-17,2006,octobre,mardi,12:00,07,07324,45.069,4.838,2,1,3,1,1,9,1,01,1,1,000,100,1,0,1,4,1,50,1,0,0,00,2,1,1,200600059008B02,7,15,1
200600059029,2006-10-20,2006,octobre,vendredi,17:30,38,38150,0,0,2,1,7,1,1,3,4,02,1,1,000,000,1,0,5,3,1,38,5,0,0,00,0,7,9,200600059029A01,,,
200600059034,2006-10-12,2006,octobre,jeudi,12:45,38,38303,45.294,5.94,1,1,2,1,1,3,2,02,1,1,000,073,1,0,1,3,1,57,5,1,2,00,0,4,2,200600059034B02,10,2,1
200600059036,2006-10-12,2006,octobre,jeudi,94:5,38,38545,0,0,1,1,6,1,1,4,2,00,-1,2,000,030,1,0,1,3,1,32,5,1,2,00,1,1,21,200600059036A01,,,
200600059036,2006-10-12,2006,octobre,jeudi,94:5,38,38545,0,0,1,1,6,1,1,4,2,00,-1,2,000,030,1,0,1,3,2,71,5,0,0,00,1,1,21,200600059036A01,,,
200600059085,2006-10-13,2006,octobre,vendredi,16:00,42,42043,45.578,4.32,1,1,1,1,1,3,2,02,1,3,000,058,1,0,1,4,1,75,5,0,0,00,2,8,1,200600059085B02,7,17,1
200600059091,2006-10-19,2006,octobre,jeudi,74:5,42,42284,0,0,1,1,1,4,1,3,2,02,-1,1,000,075,1,5,4,3,1,49,1,1,9,00,2,1,1,200600059091B02,7,11,1
200600059106,2006-10-26,2006,octobre,jeudi,16:10,74,74242,0,0,2,9,1,1,1,4,-1,00,1,1,000,000,1,0,5,4,1,73,5,0,0,00,0,1,1,200600059106B02,7,1,1
200600059113,2006-10-22,2006,octobre,dimanche,18:00,74,74042,0,0,2,4,1,1,1,9,2,02,1,1,000,072,1,0,1,3,1,10,5,1,2,00,2,1,15,200600059113B02,13,1,1
200600059114,2006-10-08,2006,octobre,dimanche,16:45,74,74920,46.007,6.948,2,9,3,1,7,6,-1,00,2,1,000,000,1,0,1,3,1,52,5,1,2,00,2,8,1,200600059114B02,7,20,1
200600059116,2006-10-28,2006,octobre,samedi,10:30,74,74236,0,0,2,1,1,1,1,3,2,02,1,1,010,071,1,0,1,3,2,67,5,0,0,00,0,4,0,200600059116B02,7,16,1
200600059131,2006-10-29,2006,octobre,dimanche,15:00,63,63345,0,0,1,1,3,1,1,3,2,02,2,1,000,061,1,0,3,4,1,15,5,0,0,00,2,3,19,200600059131B02,10,1,1
200600059143,2006-10-30,2006,octobre,lundi,11:15,63,63412,45.396,0.872,2,1,1,1,1,3,2,02,1,1,000,000,1,0,1,4,1,21,5,1,9,00,2,1,9,200600059143B02,7,1,1
200600059164,2006-10-23,2006,octobre,lundi,14:45,03,03200,46.56,3.287,1,1,1,1,1,3,2,00,1,1,000,060,1,0,1,3,1,80,5,0,0,00,2,6,2,200600059164B02,7,2,1
200600059187,2006-10-22,2006,octobre,dimanche,94:5,15,15187,45.048,3.084,1,1,6,1,1,3,2,02,2,1,000,078,1,0,1,3,1,48,5,1,2,00,5,8,1,200600059187A01,,,
200600059189,2006-10-21,2006,octobre,samedi,11:15,43,43124,0,0,2,1,3,1,1,3,2,02,1,1,000,058,1,0,1,4,2,11,5,0,0,00,2,1,15,200600059189B02,7,17,1
200600059194,2006-10-16,2006,octobre,lundi,14:30,43,43176,44.993,3.698,1,1,3,1,1,3,2,02,-1,1,000,066,1,5,1,3,1,74,5,1,2,00,2,8,1,200600059194B02,7,1,1
200600059203,2006-10-14,2006,octobre,samedi,11:15,43,43130,45.059,4.247,2,1,3,1,1,3,2,02,1,1,000,064,1,0,1,3,1,12,5,0,0,00,2,1,1,200600059203A01,7,1,1
200600059204,2006-10-18,2006,octobre,mercredi,91:0,43,43244,0,0,1,1,7,1,1,3,2,00,-1,1,000,058,1,0,1,3,2,48,5,1,2,00,0,0,1,200600059204A01,,,
200600059208,2006-10-17,2006,octobre,mardi,71:5,57,57184,49.049,6.056,1,1,1,2,1,3,2,00,1,1,000,069,1,0,1,3,1,35,1,1,2,00,2,1,1,200600059208B02,7,13,1
200600059209,2006-10-26,2006,octobre,jeudi,15:00,57,57515,49.048,6.026,1,1,1,1,1,3,2,02,1,2,000,062,1,0,1,3,1,63,5,1,2,00,2,1,1,200600059209B02,7,13,1
200600059243,2006-10-27,2006,octobre,vendredi,17:45,54,54027,48.892,6.123,1,1,2,1,1,3,2,02,1,1,000,072,1,0,1,2,1,41,0,1,2,00,2,4,1,200600059243B02,7,1,1
200600059257,2006-10-27,2006,octobre,vendredi,17:30,54,54011,0,0,2,1,1,1,3,3,2,02,1,1,000,069,2,0,1,3,1,9,5,0,0,00,2,7,19,200600059257A01,7,1,1
200600059265,2006-10-11,2006,octobre,mercredi,15:30,55,55007,0,0,2,1,3,1,1,4,2,02,2,1,000,063,1,0,1,3,1,50,5,0,0,00,2,1,19,200600059265B02,14,1,1
200600059304,2006-10-02,2006,octobre,lundi,18:45,67,67282,48.624,7.501,2,3,3,2,5,2,2,02,1,1,000,000,2,5,1,3,1,23,5,1,2,00,2,1,21,200600059304B02,21,15,1
200600059355,2006-10-10,2006,octobre,mardi,16:00,68,68154,0,0,2,1,1,1,1,4,2,01,-1,1,000,000,1,5,1,3,1,20,5,0,0,00,0,1,11,200600059355A01,7,1,1
200600059395,2006-10-25,2006,octobre,mercredi,15:30,10,10359,0,0,2,1,3,1,1,3,2,02,1,1,000,056,1,0,1,3,1,14,0,0,0,00,2,3,9,200600059395B02,7,1,1
200600059443,2006-10-24,2006,octobre,mardi,73:0,71,71543,0,0,2,1,3,2,1,2,2,02,1,1,017,071,1,0,4,3,2,39,1,0,0,01,0,1,1,200600059443B02,7,22,1
200600059447,2006-10-25,2006,octobre,mercredi,15:10,71,71292,0,0,2,1,1,1,1,4,2,02,1,3,000,050,1,0,1,3,1,33,5,0,0,00,2,1,1,200600059447B02,2,1,1
200600059480,2006-10-27,2006,octobre,vendredi,18:30,89,89197,0,0,2,1,3,1,1,9,1,01,-1,1,000,050,1,0,1,3,1,8,5,0,0,00,0,7,0,200600059480B02,7,1,1
200600059495,2006-10-13,2006,octobre,vendredi,12:15,25,25545,0,0,1,1,7,1,1,3,2,02,1,1,000,060,1,0,1,3,1,32,5,0,0,00,0,0,1,200600059495A01,,,
200600059502,2006-10-16,2006,octobre,lundi,16:45,25,25493,0,0,1,1,3,1,1,3,2,00,1,2,000,060,1,0,1,3,2,56,5,1,2,00,2,3,15,200600059502B02,10,1,1
200600059532,2006-10-23,2006,octobre,lundi,20:45,13,13041,43.443,5.466,2,1,2,5,2,3,2,02,1,2,069,000,2,0,1,4,1,17,0,0,0,00,2,4,13,200600059532A01,7,1,1
200600059590,2006-10-27,2006,octobre,vendredi,19:00,06,06077,0,0,2,1,1,4,1,3,2,02,2,1,000,068,1,0,1,4,1,29,0,0,0,00,2,1,1,200600059590B02,7,15,1
200600059605,2006-10-25,2006,octobre,mercredi,11:25,06,06065,0,0,1,1,1,1,1,3,2,02,-1,1,000,060,1,0,1,4,1,50,5,1,2,00,2,8,1,200600059605A01,7,1,1
200600059610,2006-10-06,2006,octobre,vendredi,15:30,06,06905,0,0,2,1,6,1,1,3,2,00,2,-1,000,075,1,0,1,3,1,43,5,0,0,00,2,0,2,200600059610A01,,,
200600059626,2006-10-16,2006,octobre,lundi,93:0,83,83140,43.401,5.918,2,3,3,1,1,4,2,01,1,1,000,050,1,0,1,3,2,9,5,0,0,00,2,1,1,200600059626B02,7,1,1
200600059649,2006-10-06,2006,octobre,vendredi,91:5,83,83130,0,0,2,3,3,1,1,2,2,02,-1,1,000,057,1,5,1,2,1,83,5,1,9,00,2,6,15,200600059649B02,2,1,1
200600059666,2006-10-05,2006,octobre,jeudi,18:30,84,84019,0,0,2,1,1,1,1,3,2,01,-1,1,000,000,1,0,5,3,2,59,5,1,2,00,0,1,1,200600059666B02,7,15,1
200600059669,2006-10-09,2006,octobre,lundi,75:0,34,34057,0,0,1,6,2,1,1,3,2,02,1,-1,000,000,1,0,1,3,1,20,2,0,0,00,2,5,1,200600059669B02,7,1,1
200600059672,2006-10-03,2006,octobre,mardi,17:00,34,34344,43.567,4.084,2,1,3,1,7,4,2,03,1,1,000,105,1,0,1,3,1,14,2,0,0,00,2,1,19,200600059672B02,7,11,1
200600059695,2006-10-29,2006,octobre,dimanche,93:0,34,34168,43.552,3.287,1,1,7,1,1,3,2,02,2,4,000,040,1,0,1,3,1,49,5,0,0,00,0,0,0,200600059695A01,,,
200600059714,2006-10-14,2006,octobre,samedi,11:40,11,11206,0,0,2,1,1,1,1,3,4,00,1,1,000,000,1,0,0,3,1,17,5,1,2,00,0,1,0,200600059714B02,7,15,1
200600059716,2006-10-16,2006,octobre,lundi,93:0,11,11206,0,0,2,2,5,1,1,3,2,02,1,1,000,080,1,0,1,3,1,82,5,0,0,00,2,8,15,200600059716B02,7,17,1
200600059716,2006-10-16,2006,octobre,lundi,93:0,11,11206,0,0,2,2,5,1,1,3,2,02,1,1,000,080,1,0,1,3,1,82,5,0,0,00,2,0,13,200600059716C03,7,17,1
200600059736,2006-10-07,2006,octobre,samedi,14:00,30,30010,44.043,3.988,1,1,2,1,1,3,2,02,3,2,000,060,1,0,1,3,2,58,5,0,0,00,2,4,1,200600059736B02,7,17,1
200600059773,2006-10-19,2006,octobre,jeudi,19:45,66,66173,0,0,1,1,2,3,1,3,2,00,1,1,000,070,1,0,1,2,1,52,5,0,0,00,0,4,2,200600059773B02,7,1,1
200600059774,2006-10-30,2006,octobre,lundi,10:50,66,66014,0,0,2,1,1,1,1,3,2,02,-1,3,000,000,1,5,1,4,1,59,5,1,2,00,0,6,0,200600059774B02,7,19,1
200600059782,2006-10-27,2006,octobre,vendredi,14:15,66,66230,42.653,2.529,1,1,2,1,1,2,2,03,1,1,000,070,1,0,1,3,1,84,5,1,2,00,2,8,1,200600059782B02,7,17,1
200600059794,2006-10-16,2006,octobre,lundi,81:0,2B,2B123,0,0,1,1,2,1,1,2,2,02,-1,3,000,070,1,0,3,3,1,67,5,0,0,00,2,4,1,200600059794A01,7,0,1
200600059811,2006-10-10,2006,octobre,mardi,14:50,91,91148,0,0,1,1,1,1,1,3,2,02,2,1,000,070,1,0,1,2,1,71,5,1,2,00,2,1,13,200600059811A01,7,1,1
200600059818,2006-10-18,2006,octobre,mercredi,74:5,91,91272,0,0,2,1,1,2,8,4,2,02,1,3,030,105,2,0,1,3,1,14,2,0,0,00,0,7,19,200600059818A01,14,1,1
200600059830,2006-10-18,2006,octobre,mercredi,91:5,77,77240,48.797,3.275,2,1,7,1,1,3,2,00,-1,3,000,060,2,0,1,3,2,65,5,1,2,00,0,0,1,200600059830A01,,,
200600059904,2006-10-25,2006,octobre,mercredi,15:15,28,28423,0,0,1,1,1,1,1,3,2,00,1,1,000,060,1,0,1,3,2,11,5,0,0,00,2,4,9,200600059904A01,7,1,1
200600059906,2006-10-27,2006,octobre,vendredi,10:45,28,28088,48.075,1.337,2,1,2,1,1,4,2,01,1,1,000,000,1,0,1,3,1,66,5,0,0,00,2,1,2,200600059906B02,7,4,1
200600059951,2006-10-14,2006,octobre,samedi,16:15,41,41149,47.756,0.863,2,1,1,1,1,3,2,00,1,1,000,000,1,0,1,3,1,71,5,1,2,00,0,8,1,200600059951B02,7,15,1
200600059953,2006-10-13,2006,octobre,vendredi,17:00,41,41171,47.825,1.293,2,2,1,1,1,3,2,02,1,1,000,000,1,0,1,3,2,79,0,0,0,00,2,3,2,200600059953B02,17,2,1
200600059954,2006-10-13,2006,octobre,vendredi,74:5,41,41243,47.762,1.193,2,1,3,2,1,3,2,02,4,1,000,063,1,5,1,3,1,19,1,0,0,00,2,3,15,200600059954A01,7,17,1
200600059955,2006-10-28,2006,octobre,samedi,16:15,29,29233,0,0,1,6,1,1,1,3,-1,01,1,3,000,000,1,0,1,3,1,66,5,0,0,00,0,4,0,200600059955B02,7,16,1
200600059966,2006-10-04,2006,octobre,mercredi,18:00,58,58300,0,0,2,1,3,1,1,4,2,00,2,1,000,000,2,0,1,3,1,14,0,0,0,00,2,1,0,200600059966B02,10,1,1
200600059969,2006-10-06,2006,octobre,vendredi,14:15,13,13040,0,0,1,1,3,1,1,3,2,02,1,1,000,060,1,0,1,2,2,58,5,0,0,00,2,7,13,200600059969B02,7,13,1
200600060047,2006-10-29,2006,octobre,dimanche,14:40,67,67106,0,0,2,2,3,1,1,4,2,02,1,1,000,056,1,0,1,3,1,64,5,0,0,00,2,4,1,200600060047B02,7,1,1
200600060117,2006-10-01,2006,octobre,dimanche,14:45,62,62645,50.97,2.03,2,1,1,1,1,9,2,02,1,2,000,000,1,0,1,3,1,12,5,0,0,00,2,1,13,200600060117B02,7,1,1
200600060139,2006-10-22,2006,octobre,dimanche,18:00,67,67049,0,0,2,1,3,2,1,4,2,01,-1,3,000,045,1,0,1,4,1,56,5,0,0,00,2,8,0,200600060139A01,7,0,1
200600060149,2006-10-06,2006,octobre,vendredi,71:5,35,35206,0,0,1,1,1,2,2,3,2,00,-1,2,000,000,2,0,1,3,1,37,1,1,4,00,2,3,1,200600060149B02,7,15,1
200600060213,2006-10-09,2006,octobre,lundi,73:5,01,01053,0,0,2,9,2,1,1,4,2,02,1,1,000,000,-1,0,1,4,2,29,5,1,2,00,2,4,2,200600060213B01,7,1,1
200600060216,2006-10-30,2006,octobre,lundi,17:40,01,01053,0,0,2,6,3,1,1,4,2,02,1,1,000,100,1,0,1,4,2,16,5,1,2,00,2,2,1,200600060216B01,7,1,1
200600060217,2006-10-31,2006,octobre,mardi,75:5,01,01289,0,0,2,1,6,1,1,4,2,02,1,1,000,092,1,0,5,4,2,53,1,1,2,00,2,2,1,200600060217B01,7,9,1
200600060223,2006-10-20,2006,octobre,vendredi,17:30,02,02691,0,0,2,1,6,1,1,4,2,02,2,1,000,062,1,0,1,3,1,13,5,1,9,00,1,1,17,200600060223A01,,,