Num_Acc,date,an,mois,jour,hrmn,dep,com,lat,long,agg,int,col,lum,atm,catr,circ,nbv,prof,plan,lartpc,larrout,surf,infra,situ,grav,sexe,age,trajet,secuexist,equipement,obs,obsm,choc,manv,vehiculeid,typevehicules,manoeuvehicules,numVehicules
200600060241,2006-10-16,2006,octobre,lundi,11:10,03,03023,0,0,2,6,3,1,1,2,1,01,1,2,000,060,1,5,1,4,1,63,5,1,2,00,2,2,1,200600060241B01,10,9,1
200600060244,2006-10-18,2006,octobre,mercredi,12:10,03,03095,0,0,2,3,5,1,1,4,1,01,2,1,000,036,9,5,1,2,1,85,5,1,9,00,2,3,0,200600060244C01,7,13/9,2
200600060259,2006-10-03,2006,octobre,mardi,17:00,06,06004,0,0,2,1,6,1,1,4,2,02,1,-1,000,070,1,0,1,3,1,13,0,0,0,00,2,3,0,200600060259A01,7,1,1
200600060264,2006-10-23,2006,octobre,lundi,74:0,06,06004,0,0,2,1,4,1,2,2,2,02,1,-1,000,060,2,0,1,4,2,39,1,1,2,00,2,0,0,200600060264B01,32/ 7,0,2
200600060336,2006-10-17,2006,octobre,mardi,18:15,06,06069,0,0,2,1,3,1,1,4,2,01,2,3,000,000,1,0,1,4,1,18,5,1,9,00,2,1,13,200600060336A01,7,1,1
200600060351,2006-10-02,2006,octobre,lundi,90:0,06,06088,0,0,2,2,3,1,1,4,1,01,1,1,000,041,1,0,1,3,2,23,5,1,4,00,2,1,2,200600060351A01,7,2,1
200600060366,2006-10-04,2006,octobre,mercredi,18:01,06,06088,0,0,2,1,3,1,1,4,2,02,1,1,000,080,1,0,1,4,2,19,0,1,2,00,2,0,0,200600060366B01,7,0,1
200600060371,2006-10-05,2006,octobre,jeudi,10:30,06,06088,0,0,2,1,3,1,1,4,1,02,4,1,000,155,1,0,1,4,1,22,9,1,2,00,2,1,19,200600060371A01,33,1,1
200600060379,2006-10-07,2006,octobre,samedi,11:50,06,06088,0,0,2,1,6,1,1,4,2,04,1,1,000,100,1,0,1,4,1,12,0,1,4,01,0,1,2,200600060379A01,,,
200600060403,2006-10-12,2006,octobre,jeudi,17:30,06,06088,0,0,2,3,3,1,1,4,2,03,1,1,000,090,1,0,1,4,1,26,5,1,2,00,2,1,9,200600060403A01,7,15,1
200600060423,2006-10-17,2006,octobre,mardi,13:45,06,06088,0,0,2,2,3,1,1,4,2,03,1,1,000,095,1,0,1,1,1,16,0,1,2,00,2,6,1,200600060423B01,4,1,1
200600060435,2006-10-18,2006,octobre,mercredi,65:0,06,06088,0,0,2,2,3,4,1,4,2,04,1,1,000,000,1,0,1,4,1,18,1,1,9,00,2,8,1,200600060435B01,7,1,1
200600060450,2006-10-20,2006,octobre,vendredi,70:0,06,06088,0,0,2,1,2,5,2,4,2,04,1,1,000,111,2,0,1,4,2,32,1,1,4,00,2,4,23,200600060450B01,7,2,1
200600060524,2006-10-20,2006,octobre,vendredi,20:15,09,09225,0,0,2,1,1,5,1,4,2,02,2,1,000,062,1,0,1,3,1,25,5,1,9,00,2,1,13,200600060524A01,7,1,1
200600060530,2006-10-15,2006,octobre,dimanche,18:55,10,10387,0,0,2,1,3,5,1,4,2,02,1,1,000,055,1,0,1,3,2,35,5,1,9,00,2,1,17,200600060530B01,2,15,1
200600060559,2006-10-23,2006,octobre,lundi,20:00,13,13001,0,0,2,1,3,5,3,4,2,02,2,-1,000,060,2,0,1,4,1,21,0,1,9,00,2,1,1,200600060559B01,7,24,1
200600060571,2006-10-25,2006,octobre,mercredi,15:30,13,13004,0,0,2,6,3,1,1,4,1,01,1,2,000,051,1,0,1,4,2,33,5,1,9,00,2,7,1,200600060571B01,7,1,1
200600060587,2006-10-13,2006,octobre,vendredi,16:22,13,13054,0,0,2,1,2,1,1,6,-1,01,-1,-1,000,035,1,0,4,4,1,73,0,1,9,00,2,1,0,200600060587B01,10,4,1
200600060652,2006-10-09,2006,octobre,lundi,17:45,13,13055,0,0,2,1,2,1,1,4,1,03,1,-1,000,000,1,0,1,4,1,17,0,1,2,00,2,4,0,200600060652B01,7,11,1
200600060768,2006-10-02,2006,octobre,lundi,73:5,13,13055,0,0,2,3,3,1,1,4,1,02,1,-1,000,025,1,0,1,4,1,21,5,1,9,00,2,2,2,200600060768B01,7,3,1
200600060771,2006-10-27,2006,octobre,vendredi,18:30,13,13055,0,0,2,4,3,2,1,4,2,02,2,2,000,000,1,0,1,4,2,27,0,0,0,00,0,0,2,200600060771B01,32,2,1
200600060793,2006-10-29,2006,octobre,dimanche,12:31,13,13055,0,0,2,2,3,1,1,4,-1,02,2,1,000,060,1,5,1,1,1,13,5,1,9,00,2,1,5,200600060793B01,7,1,1
200600060839,2006-10-12,2006,octobre,jeudi,13:45,13,13055,0,0,2,1,6,1,1,4,2,02,1,1,000,050,1,0,1,3,1,13,2,1,4,00,0,8,1,200600060839A01,7,17,1
200600060881,2006-10-21,2006,octobre,samedi,94:5,13,13117,0,0,2,1,2,1,1,4,1,00,1,2,000,000,1,5,1,4,1,64,5,1,9,00,2,4,1,200600060881B01,7,11,1
200600060903,2006-10-20,2006,octobre,vendredi,12:20,14,14225,0,0,2,1,3,1,1,4,-1,02,1,1,000,000,1,0,0,3,1,12,2,1,9,00,2,2,0,200600060903A01,7,1,1
200600060938,2006-10-12,2006,octobre,jeudi,17:40,17,17300,0,0,2,1,2,1,1,4,2,02,1,1,000,060,1,0,1,4,2,16,0,1,9,00,2,3,1,200600060938B01,7,17,1
200600060947,2006-10-20,2006,octobre,vendredi,13:10,17,17028,0,0,2,2,3,1,1,4,2,02,1,1,000,060,1,0,1,4,1,13,0,1,9,00,2,7,1,200600060947B01,7,16,1
200600060951,2006-10-26,2006,octobre,jeudi,14:55,17,17300,0,0,2,1,3,1,2,4,2,00,1,1,000,000,2,0,1,4,2,12,9,1,2,00,2,7,19,200600060951A01,7,1,1
200600060958,2006-10-31,2006,octobre,mardi,17:05,17,17300,0,0,2,1,3,1,1,4,2,02,1,1,000,000,1,0,1,4,1,79,9,1,2,00,2,1,1,200600060958B01,7,15,1
200600060962,2006-10-05,2006,octobre,jeudi,84:5,17,17415,0,0,2,2,3,1,2,4,2,02,2,1,000,050,2,0,1,1,2,21,0,1,4,00,2,1,21,200600060962B01,7,24,1
200600060962,2006-10-05,2006,octobre,jeudi,84:5,17,17415,0,0,2,2,3,1,2,4,2,02,2,1,000,050,2,0,1,4,1,3,0,1,3,00,2,1,21,200600060962B01,7,24,1
200600060983,2006-10-02,2006,octobre,lundi,19:25,19,19031,0,0,2,1,6,1,1,4,2,02,1,1,000,000,1,0,1,1,2,11,0,1,2,00,2,4,19,200600060983B01,34,1,1
200600061005,2006-10-02,2006,octobre,lundi,16:35,21,21231,0,0,2,1,2,1,1,2,2,02,1,1,000,100,1,0,1,4,2,20,2,1,2,00,2,1,2,200600061005A01,7,2,1
200600061009,2006-10-11,2006,octobre,mercredi,73:8,21,21231,0,0,2,2,3,2,5,3,2,02,1,1,000,080,2,0,1,4,1,50,1,1,2,00,2,1,15,200600061009A01,31,1,1
200600061011,2006-10-11,2006,octobre,mercredi,10:05,21,21231,0,0,2,3,3,1,1,4,2,02,2,1,000,060,1,5,1,4,1,19,2,1,2,00,2,1,1,200600061011B01,7,15,1
200600061018,2006-10-13,2006,octobre,vendredi,14:00,21,21231,0,0,2,2,3,1,1,4,3,04,2,1,038,170,1,5,1,4,1,22,5,1,2,00,2,7,19,200600061018B01,7,1,1
200600061019,2006-10-17,2006,octobre,mardi,15:42,21,21231,0,0,2,3,2,1,1,4,3,02,2,1,140,140,1,5,1,4,1,36,1,1,2,00,2,4,1,200600061019B01,7,2,1
200600061025,2006-10-19,2006,octobre,jeudi,16:02,21,21231,0,0,2,2,3,1,2,4,3,07,1,1,010,230,2,5,1,4,1,37,5,1,2,00,2,2,19,200600061025B01,10,1,1
200600061029,2006-10-25,2006,octobre,mercredi,13:53,21,21231,0,0,2,2,3,1,1,4,1,01,2,1,000,036,1,5,1,4,1,12,5,1,2,00,2,2,19,200600061029A01,7,1,1
200600061040,2006-10-20,2006,octobre,vendredi,17:40,22,22113,0,0,2,3,3,1,1,4,2,02,2,1,000,060,1,0,1,4,1,8,5,1,2,00,2,1,16,200600061040B01,7,1,1
200600061049,2006-10-25,2006,octobre,mercredi,17:25,22,22215,0,0,1,1,5,1,1,3,2,02,1,1,000,070,1,0,1,3,1,47,1,1,2,00,2,4,1,200600061049B01,7/ 33,1/17,2
200600061071,2006-10-04,2006,octobre,mercredi,21:10,25,25056,0,0,2,1,3,5,1,4,1,03,2,1,000,000,2,0,1,4,2,24,5,1,9,00,2,1,1,200600061071B01,7,19,1
200600061073,2006-10-05,2006,octobre,jeudi,95:0,25,25056,0,0,2,1,3,1,1,4,1,02,1,1,000,000,1,0,1,4,2,22,5,1,9,00,0,8,19,200600061073B01,7,1,1
200600061080,2006-10-13,2006,octobre,vendredi,95:0,25,25056,0,0,2,1,2,1,1,4,1,01,1,1,000,000,1,0,1,4,1,8,0,1,2,00,0,1,2,200600061080B01,10,2,1
200600061084,2006-10-18,2006,octobre,mercredi,14:30,25,25056,0,0,2,1,2,1,1,6,-1,00,1,-1,000,000,1,0,1,4,1,11,5,1,9,00,0,7,0,200600061084B01,7,4,1
200600061094,2006-10-27,2006,octobre,vendredi,18:00,25,25056,0,0,2,1,2,1,1,4,2,02,2,1,000,000,1,0,1,4,1,35,5,1,9,00,2,1,1,200600061094A01,7,23,1
200600061114,2006-10-14,2006,octobre,samedi,18:30,26,26057,0,0,2,3,6,1,1,4,2,02,1,1,000,059,1,0,1,4,1,11,5,1,9,00,2,1,1,200600061114B01,7,1,1
200600061114,2006-10-14,2006,octobre,samedi,18:30,26,26057,0,0,2,3,6,1,1,4,2,02,1,1,000,059,1,0,1,4,1,10,0,1,9,00,2,1,1,200600061114B01,7,1,1
200600061118,2006-10-24,2006,octobre,mardi,64:0,26,26281,0,0,1,3,3,3,1,3,2,02,1,1,000,100,1,0,1,4,1,49,1,1,9,00,2,7,1,200600061118B01,7,9,1
200600061123,2006-10-07,2006,octobre,samedi,17:55,26,26362,0,0,1,6,3,1,1,4,2,02,1,3,000,042,1,0,1,4,1,45,5,1,2,00,2,8,1,200600061123B01,7,9,1
200600061162,2006-10-08,2006,octobre,dimanche,13:30,28,28134,0,0,2,1,3,1,1,4,2,02,1,1,000,000,1,0,1,3,1,8,2,1,2,00,2,8,1,200600061162B01,7,1,1
200600061166,2006-10-15,2006,octobre,dimanche,19:15,28,28134,0,0,2,3,3,2,1,4,2,02,1,1,000,000,1,0,1,4,1,31,5,1,2,00,4,3,1,200600061166A01,7,1,1
200600061229,2006-10-20,2006,octobre,vendredi,70:0,30,30032,0,0,2,1,2,3,1,4,2,01,1,1,016,072,2,0,1,4,1,19,1,1,2,00,0,4,2,200600061229B01,7,2,1
200600061232,2006-10-02,2006,octobre,lundi,10:56,30,30189,0,0,2,1,6,1,8,4,-1,01,1,1,000,050,1,0,1,4,1,63,5,1,2,01,2,1,1,200600061232B01,7,22,1
200600061277,2006-10-29,2006,octobre,dimanche,14:45,30,30189,0,0,2,1,6,1,1,4,2,02,1,1,000,093,1,0,1,4,1,15,9,1,2,00,2,1,1,200600061277A01,7,1,1
200600061292,2006-10-04,2006,octobre,mercredi,14:45,31,31069,0,0,2,1,3,1,2,4,2,02,1,1,000,070,2,0,1,4,1,13,3,1,9,00,2,1,1,200600061292A01,7,1,1
200600061299,2006-10-13,2006,octobre,vendredi,11:50,31,31149,0,0,2,1,3,1,1,3,1,02,1,1,000,063,1,6,1,4,2,71,5,1,9,00,2,8,19,200600061299B01,7,1,1
200600061301,2006-10-30,2006,octobre,lundi,16:35,31,31149,0,0,2,3,3,1,1,4,-1,02,1,-1,000,100,1,0,1,4,2,45,5,1,9,00,2,1,15,200600061301B01,7,1,1
200600061307,2006-10-02,2006,octobre,lundi,15:00,31,31555,0,0,2,1,3,1,1,4,1,01,1,1,000,056,1,0,1,4,2,54,0,1,9,00,2,1,0,200600061307A01,2,1,1
200600061341,2006-10-12,2006,octobre,jeudi,74:0,31,31555,0,0,2,2,3,2,2,4,1,01,1,1,000,032,2,0,1,4,2,15,2,1,2,00,2,3,1,200600061341B01,7,15,1
200600061345,2006-10-13,2006,octobre,vendredi,19:20,31,31555,0,0,2,9,3,2,1,4,1,02,1,2,000,060,1,0,1,4,1,25,4,1,9,00,2,7,1,200600061345B01,7,9,1
200600061346,2006-10-14,2006,octobre,samedi,19:00,31,31555,0,0,2,2,6,2,1,4,1,03,1,1,000,143,1,0,1,1,1,13,0,1,9,00,1,0,5,200600061346A01,,,
200600061346,2006-10-14,2006,octobre,samedi,19:00,31,31555,0,0,2,2,6,2,1,4,1,03,1,1,000,143,1,0,1,4,2,64,9,0,0,00,1,0,5,200600061346A01,,,
200600061359,2006-10-18,2006,octobre,mercredi,16:45,31,31555,0,0,2,1,3,1,1,4,2,02,1,1,000,060,1,0,1,4,2,15,0,1,2,00,2,3,0,200600061359A01,7,0,1
200600061360,2006-10-18,2006,octobre,mercredi,16:55,31,31555,0,0,2,9,3,1,1,4,2,02,1,1,000,055,1,0,1,4,1,24,0,1,2,00,2,2,1,200600061360A01,7,16,1
200600061365,2006-10-19,2006,octobre,jeudi,11:20,31,31555,0,0,2,1,3,1,1,4,2,02,1,1,000,054,1,0,1,4,2,21,2,1,2,00,2,1,1,200600061365A01,21,1,1
200600061371,2006-10-22,2006,octobre,dimanche,16:05,31,31555,0,0,2,2,3,1,1,3,2,02,1,1,000,072,1,0,1,4,1,22,5,1,2,00,2,1,1,200600061371A01,7,1,1
200600061372,2006-10-18,2006,octobre,mercredi,16:56,31,31555,0,0,2,1,3,1,1,4,2,02,1,1,015,095,1,0,1,4,1,25,5,1,2,00,2,3,1,200600061372B01,37,16,1
200600061375,2006-10-23,2006,octobre,lundi,18:30,31,31555,0,0,2,1,3,1,1,4,2,02,1,1,000,000,1,0,1,4,1,9,2,1,2,00,2,1,0,200600061375A01,7,1,1
200600061377,2006-10-24,2006,octobre,mardi,74:0,31,31555,0,0,2,3,3,2,1,4,2,02,1,1,000,085,1,0,1,4,1,20,2,1,2,00,2,1,1,200600061377B01,7,15,1
200600061389,2006-10-28,2006,octobre,samedi,20:10,31,31555,0,0,2,1,1,5,1,4,1,01,1,1,000,040,1,6,1,4,1,40,5,1,9,00,2,4,1,200600061389A01,14,1,1
200600061395,2006-10-30,2006,octobre,lundi,15:50,31,31555,0,0,2,2,3,1,1,4,2,02,1,1,000,120,1,5,1,4,1,24,5,1,2,00,2,0,1,200600061395A01,7,15,1
200600061403,2006-10-16,2006,octobre,lundi,82:0,31,31557,0,0,2,1,1,1,1,4,2,02,1,3,000,050,1,0,5,1,1,41,1,1,2,00,2,1,1,200600061403A01,1,1,1
200600061403,2006-10-16,2006,octobre,lundi,82:0,31,31557,0,0,2,1,1,1,1,4,2,02,1,3,000,050,1,0,5,4,1,50,1,1,2,00,2,1,1,200600061403B01,1,1,1
200600061421,2006-10-03,2006,octobre,mardi,17:10,33,33063,0,0,2,5,3,1,1,4,1,02,1,1,000,083,1,0,1,4,1,18,0,1,9,00,0,4,1,200600061421B01,7,16,1
200600061429,2006-10-05,2006,octobre,jeudi,83:1,33,33063,0,0,2,2,3,1,1,4,1,01,1,1,000,000,1,0,1,4,1,38,9,1,9,00,2,8,1,200600061429B01,7,1,1
200600061429,2006-10-05,2006,octobre,jeudi,83:1,33,33063,0,0,2,2,3,1,1,4,1,01,1,1,000,000,1,0,1,4,1,3,0,1,2,00,2,8,1,200600061429B01,7,1,1
200600061439,2006-10-09,2006,octobre,lundi,18:40,33,33063,0,0,2,1,6,1,1,4,1,01,1,1,000,040,1,0,5,4,1,58,0,1,2,01,1,1,1,200600061439A01,,,
200600061444,2006-10-09,2006,octobre,lundi,21:15,33,33063,0,0,2,2,3,5,1,4,2,02,1,1,000,000,2,0,1,4,1,18,0,1,2,00,0,0,1,200600061444A01,7,1,1
200600061451,2006-10-11,2006,octobre,mercredi,17:28,33,33063,0,0,2,2,3,1,1,4,1,01,1,1,000,000,1,0,1,4,1,24,1,1,2,00,2,7,1,200600061451B01,7,4,1
200600061453,2006-10-10,2006,octobre,mardi,12:00,33,33063,0,0,2,1,3,1,1,4,1,01,1,1,000,000,1,0,1,4,2,57,1,1,2,00,2,8,1,200600061453B01,10,1,1
200600061456,2006-10-12,2006,octobre,jeudi,90:0,33,33063,0,0,2,2,3,1,1,4,1,01,1,1,000,000,1,4,1,1,2,22,0,1,2,00,0,4,1,200600061456B01,33,1,1
200600061459,2006-10-12,2006,octobre,jeudi,18:40,33,33063,0,0,2,1,3,1,1,4,2,02,1,4,000,076,1,4,1,3,2,53,9,1,2,00,2,3,1,200600061459B01,7,1,1
200600061461,2006-10-06,2006,octobre,vendredi,19:00,33,33550,0,0,1,3,1,1,1,4,1,02,1,1,000,058,1,0,1,4,1,42,5,1,2,00,2,1,15,200600061461A01,2,1,1
200600061465,2006-10-13,2006,octobre,vendredi,22:50,33,33063,0,0,2,2,3,5,1,4,1,01,1,1,000,000,1,0,1,4,2,28,1,1,2,00,2,1,1,200600061465B01,7,1,1
200600061485,2006-10-18,2006,octobre,mercredi,18:00,33,33063,0,0,2,7,1,1,1,4,1,02,1,1,000,000,1,0,1,4,1,37,1,1,2,00,2,1,1,200600061485B01,7,15,1
200600061503,2006-10-17,2006,octobre,mardi,21:10,33,33069,0,0,2,2,1,5,2,4,2,03,1,1,000,103,2,0,1,3,2,32,0,1,2,00,2,1,1,200600061503B01,7,15,1
200600061504,2006-10-19,2006,octobre,jeudi,16:20,33,33318,0,0,2,3,3,1,1,4,2,03,1,1,000,120,1,0,1,3,2,17,0,1,2,00,2,8,15,200600061504B01,7,1,1
200600061505,2006-10-23,2006,octobre,lundi,16:40,33,33063,0,0,2,1,6,1,1,4,3,02,1,1,000,000,1,0,1,1,2,12,0,1,2,00,1,1,1,200600061505A01,1,1,1
200600061505,2006-10-23,2006,octobre,lundi,16:40,33,33063,0,0,2,1,6,1,1,4,3,02,1,1,000,000,1,0,1,1,2,12,0,1,2,00,0,0,1,200600061505B01,1,1,1
200600061529,2006-10-25,2006,octobre,mercredi,15:55,33,33063,0,0,2,7,3,1,1,4,2,03,1,1,000,000,1,5,1,4,2,36,9,1,2,00,2,8,2,200600061529B01,14,2,1
200600061533,2006-10-29,2006,octobre,dimanche,14:25,33,33063,0,0,2,1,2,1,1,4,2,02,2,1,000,060,1,0,0,4,2,51,0,1,2,00,0,4,2,200600061533B01,7,1,1
200600061548,2006-10-26,2006,octobre,jeudi,15:30,33,33281,0,0,2,1,3,1,1,4,2,02,1,1,000,050,1,0,1,4,2,8,0,1,2,00,2,1,1,200600061548A01,7,1,1
200600061570,2006-10-30,2006,octobre,lundi,18:00,33,33243,0,0,2,1,2,1,1,4,2,02,1,2,000,070,1,0,1,3,1,9,5,1,9,00,2,4,2,200600061570B01,7,2,1
200600061578,2006-10-02,2006,octobre,lundi,10:33,34,34336,0,0,1,4,3,1,1,4,1,02,1,2,000,060,1,5,1,4,1,68,5,1,2,00,2,7,1,200600061578B01,7,9,1
200600061596,2006-10-26,2006,octobre,jeudi,13:05,34,34032,0,0,2,1,3,1,1,4,1,01,1,1,000,054,1,0,1,4,1,13,5,0,0,00,2,8,19,200600061596A01,7,1,1
200600061616,2006-10-10,2006,octobre,mardi,83:5,34,34172,0,0,1,1,7,1,1,4,2,02,1,1,000,020,1,0,5,4,1,39,0,1,9,00,0,0,1,200600061616A01,,,
200600061666,2006-10-01,2006,octobre,dimanche,19:40,35,35238,0,0,2,2,7,5,1,4,2,01,1,1,000,000,1,2,1,3,1,57,0,1,2,00,0,0,1,200600061666A01,,,
200600061685,2006-10-10,2006,octobre,mardi,15:50,35,35238,0,0,2,3,3,1,1,4,3,01,1,1,000,030,1,0,1,3,1,20,0,1,9,00,2,0,15,200600061685A01,7,1,1
200600061696,2006-10-12,2006,octobre,jeudi,16:45,35,35238,0,0,2,1,3,1,1,4,-1,00,-1,-1,000,000,1,0,5,4,1,34,0,1,9,00,2,0,1,200600061696A01,1,17,1
200600061696,2006-10-12,2006,octobre,jeudi,16:45,35,35238,0,0,2,1,3,1,1,4,-1,00,-1,-1,000,000,1,0,5,1,1,13,2,1,9,00,2,0,17,200600061696B01,1,1,1
200600061699,2006-10-13,2006,octobre,vendredi,19:30,35,35238,0,0,2,1,3,5,1,4,2,03,1,1,000,090,1,0,1,4,2,21,4,1,9,00,2,0,1,200600061699B01,7,16,1
200600061707,2006-10-18,2006,octobre,mercredi,11:55,35,35238,0,0,2,1,7,1,1,4,2,00,-1,-1,000,000,1,0,1,4,2,37,1,1,9,00,0,0,0,200600061707A01,,,
200600061718,2006-10-26,2006,octobre,jeudi,19:40,35,35238,0,0,2,2,7,5,1,4,-1,00,-1,-1,000,000,2,0,1,4,1,31,5,1,9,00,0,0,0,200600061718A01,,,
200600061721,2006-10-29,2006,octobre,dimanche,10:30,35,35238,0,0,2,1,7,1,2,4,-1,00,3,-1,000,000,2,0,1,4,1,30,5,1,2,00,0,0,1,200600061721A01,,,
200600061734,2006-10-06,2006,octobre,vendredi,16:00,36,36044,0,0,2,3,3,1,1,4,2,02,1,1,000,090,1,0,1,4,1,15,5,1,9,00,2,1,9,200600061734B01,7,1,1
200600061738,2006-10-10,2006,octobre,mardi,18:25,36,36044,0,0,2,1,2,1,1,4,2,02,1,1,000,000,1,0,1,4,1,15,9,1,2,00,2,4,1,200600061738B01,31,1,1
200600061749,2006-10-01,2006,octobre,dimanche,18:35,37,37261,0,0,1,1,3,1,1,9,1,01,1,1,000,053,1,0,0,3,1,13,5,1,2,00,2,1,0,200600061749A01,10,1,1
200600061757,2006-10-14,2006,octobre,samedi,11:50,37,37261,0,0,2,1,7,1,1,4,2,02,1,1,000,044,1,0,1,3,1,15,2,1,2,00,0,0,1,200600061757A01,,,
200600061758,2006-10-17,2006,octobre,mardi,17:50,37,37233,0,0,2,3,3,1,1,4,2,02,1,1,000,069,1,0,1,3,1,16,0,1,9,00,2,8,15,200600061758A01,7,1,1
200600061759,2006-10-26,2006,octobre,jeudi,18:00,37,37261,0,0,2,1,3,1,1,4,2,04,1,-1,012,124,1,0,4,3,1,26,1,0,0,00,2,2,5,200600061759A01,7,0,1
200600061767,2006-10-04,2006,octobre,mercredi,93:8,38,38421,0,0,2,1,6,1,1,4,2,02,1,1,000,064,1,0,5,3,1,80,0,1,9,00,4,1,1,200600061767B01,40,1,1
200600061773,2006-10-06,2006,octobre,vendredi,74:5,38,38185,0,0,2,2,6,1,1,4,2,03,1,1,000,090,1,0,1,4,1,33,1,1,9,00,2,1,15,200600061773A01,33,1,1
200600061774,2006-10-06,2006,octobre,vendredi,17:15,38,38421,0,0,2,2,6,1,1,4,2,02,1,1,000,063,-1,0,1,1,2,44,1,1,9,00,1,1,1,200600061774A01,,,
200600061779,2006-10-13,2006,octobre,vendredi,16:35,38,38185,0,0,2,1,3,1,1,4,2,02,1,1,000,107,1,0,1,4,1,59,0,1,9,00,2,1,19,200600061779A01,7,16,1
200600061780,2006-10-13,2006,octobre,vendredi,17:00,38,38185,0,0,2,1,3,1,1,4,1,01,1,1,000,030,1,0,1,4,1,16,0,1,9,01,2,1,19,200600061780B01,7,1,1
200600061784,2006-10-16,2006,octobre,lundi,13:15,38,38421,0,0,2,1,3,1,1,4,2,02,1,1,000,058,1,0,1,4,1,19,0,1,4,00,2,8,19,200600061784A01,31,17,1
200600061785,2006-10-16,2006,octobre,lundi,18:20,38,38421,0,0,2,2,3,1,1,4,2,02,1,1,000,070,1,0,1,4,1,17,0,1,9,00,2,6,1,200600061785B01,7,1,1
200600061786,2006-10-18,2006,octobre,mercredi,18:50,38,38421,0,0,2,2,3,5,1,4,2,02,1,1,000,102,1,0,1,4,1,27,0,1,9,00,2,1,1,200600061786B01,7,15,1
200600061787,2006-10-21,2006,octobre,samedi,15:08,38,38185,0,0,2,1,6,1,1,4,2,06,1,1,000,210,1,0,5,1,1,15,0,1,9,00,1,1,1,200600061787A01,,,
200600061793,2006-10-26,2006,octobre,jeudi,12:50,38,38185,0,0,2,1,6,1,1,4,1,01,1,1,000,030,-1,0,1,4,1,39,9,1,2,00,2,4,2,200600061793A01,7,0,1
200600061800,2006-10-25,2006,octobre,mercredi,80:5,38,38544,0,0,2,1,3,1,1,4,2,02,-1,1,000,073,1,0,1,3,1,33,1,1,2,00,2,7,17,200600061800A01,7,1,1
200600061809,2006-10-26,2006,octobre,jeudi,19:13,40,40088,0,0,2,1,5,2,1,3,2,02,1,2,000,070,1,0,1,3,1,34,5,1,2,00,2,4,2,200600061809B01,7,17,1
200600061809,2006-10-26,2006,octobre,jeudi,19:13,40,40088,0,0,2,1,5,2,1,3,2,02,1,2,000,070,1,0,1,3,1,10,5,1,2,00,2,4,2,200600061809C01,7,17,1
200600061809,2006-10-26,2006,octobre,jeudi,19:13,40,40088,0,0,2,1,5,2,1,3,2,02,1,2,000,070,1,0,1,3,1,7,5,1,2,00,2,4,2,200600061809D01,7,17,1
200600061814,2006-10-02,2006,octobre,lundi,15:10,41,41018,0,0,2,3,3,1,2,4,2,02,1,1,000,000,2,0,1,3,2,67,3,1,9,00,2,7,1,200600061814A01,7,0,1
200600061818,2006-10-03,2006,octobre,mardi,13:40,41,41018,0,0,2,3,3,1,2,4,1,00,1,1,000,000,2,0,1,4,1,21,5,1,4,00,2,7,1,200600061818A01,7,1,1
200600061827,2006-10-24,2006,octobre,mardi,75:5,41,41018,0,0,2,1,3,2,2,4,2,00,1,1,000,000,2,0,1,4,1,18,2,1,9,00,2,1,1,200600061827B01,7,15,1
200600061854,2006-10-05,2006,octobre,jeudi,74:5,42,42187,0,0,2,1,6,1,1,4,2,02,1,1,000,060,1,0,1,4,1,31,0,1,9,00,2,1,15,200600061854A01,7,15,1
200600061860,2006-10-10,2006,octobre,mardi,17:05,42,42127,0,0,2,3,6,1,1,3,2,02,1,1,000,079,1,0,1,3,1,12,2,1,9,00,2,7,15,200600061860B01,7,1,1
200600061868,2006-10-30,2006,octobre,lundi,19:30,42,42187,0,0,2,3,3,5,1,4,2,02,1,1,025,065,1,0,1,4,1,25,0,1,9,00,2,1,1,200600061868B01,7,15,1
200600061873,2006-10-02,2006,octobre,lundi,11:04,42,42218,0,0,2,1,6,1,1,4,2,02,1,3,000,060,1,0,1,4,1,22,2,1,2,00,1,1,1,200600061873A01,,,
200600061874,2006-10-02,2006,octobre,lundi,15:50,42,42305,0,0,2,6,3,1,8,4,2,02,1,2,030,070,1,5,1,4,1,57,5,1,4,00,2,4,1,200600061874B01,7,17,1
200600061881,2006-10-06,2006,octobre,vendredi,18:35,42,42218,0,0,2,1,6,1,1,4,1,01,1,1,000,032,1,0,1,4,2,21,5,1,2,00,2,1,1,200600061881B01,7,22,1
200600061907,2006-10-04,2006,octobre,mercredi,17:18,44,44132,0,0,2,1,6,1,1,4,2,02,1,1,000,000,1,0,1,4,1,7,4,0,0,00,2,3,11,200600061907B01,7,1,1
200600061908,2006-10-04,2006,octobre,mercredi,18:56,44,44132,0,0,2,1,3,1,1,4,2,02,1,1,000,000,1,0,1,4,1,39,5,1,9,00,2,3,1,200600061908B01,7,1,1
200600061919,2006-10-04,2006,octobre,mercredi,93:0,44,44109,0,0,2,6,6,1,1,4,2,02,1,2,000,000,1,0,1,3,2,28,1,1,2,00,2,4,15,200600061919B01,7,1,1
200600061936,2006-10-12,2006,octobre,jeudi,73:0,44,44109,0,0,2,1,6,5,1,4,2,02,1,1,000,060,1,0,1,4,1,17,2,1,9,00,2,1,18,200600061936B01,7,22,1
200600061943,2006-10-13,2006,octobre,vendredi,14:00,44,44190,0,0,2,1,6,1,1,4,2,02,1,1,000,134,1,0,1,4,1,65,0,1,9,01,0,1,1,200600061943B01,7,22,1
200600061957,2006-10-25,2006,octobre,mercredi,13:40,44,44143,0,0,2,5,6,1,1,4,2,03,2,1,000,000,1,0,1,3,1,61,5,1,2,00,2,8,0,200600061957B01,17,16,1