Num_Acc,date,an,mois,jour,hrmn,dep,com,lat,long,agg,int,col,lum,atm,catr,circ,nbv,prof,plan,lartpc,larrout,surf,infra,situ,grav,sexe,age,trajet,secuexist,equipement,obs,obsm,choc,manv,vehiculeid,typevehicules,manoeuvehicules,numVehicules
200600061968,2006-10-10,2006,octobre,mardi,16:05,44,44184,0,0,2,1,3,1,1,3,2,02,1,1,000,000,1,0,1,4,1,85,0,1,9,00,2,3,0,200600061968B01,7,0,1
200600061977,2006-10-26,2006,octobre,jeudi,81:0,44,44184,0,0,2,3,3,2,2,4,2,02,1,1,000,000,2,0,1,4,2,43,1,1,4,00,2,5,1,200600061977B01,10,16,1
200600061984,2006-10-03,2006,octobre,mardi,13:50,45,45234,0,0,2,3,3,1,2,4,4,02,1,1,000,033,2,0,1,4,2,55,1,1,9,00,2,8,1,200600061984A01,7,15,1
200600061994,2006-10-13,2006,octobre,vendredi,11:00,45,45234,0,0,2,1,6,1,1,4,2,01,1,1,000,070,1,0,4,1,1,19,5,1,9,00,1,1,0,200600061994A01,,,
200600061995,2006-10-16,2006,octobre,lundi,20:36,45,45147,0,0,2,1,6,5,1,4,2,02,1,1,000,062,1,5,1,1,1,24,9,1,4,00,1,1,1,200600061995A01,,,
200600061999,2006-10-20,2006,octobre,vendredi,90:0,45,45302,0,0,2,2,3,1,2,4,2,02,1,1,000,083,2,0,1,4,1,13,2,1,4,00,2,1,1,200600061999A01,3,16,1
200600062006,2006-10-26,2006,octobre,jeudi,16:00,45,45234,0,0,2,1,3,1,1,4,1,01,1,1,000,070,1,0,1,3,1,15,9,1,9,00,2,1,19,200600062006A01,7,1,1
200600062014,2006-10-10,2006,octobre,mardi,75:0,46,46042,0,0,2,1,6,2,1,9,2,01,1,1,000,095,1,0,5,1,1,40,1,1,9,00,9,2,1,200600062014B01,30,5,1
200600062023,2006-10-31,2006,octobre,mardi,90:0,47,47001,0,0,2,1,4,1,1,2,2,04,1,1,000,128,1,2,1,3,2,53,1,1,2,03,2,7,1,200600062023C01,7,1/15,2
200600062046,2006-10-12,2006,octobre,jeudi,18:40,49,49007,0,0,2,1,7,1,1,4,1,02,1,1,000,000,1,0,1,4,1,13,0,1,9,00,0,0,0,200600062046A01,,,
200600062051,2006-10-14,2006,octobre,samedi,19:14,49,49007,0,0,2,1,3,1,1,4,2,02,1,1,000,000,1,0,1,4,1,18,0,1,9,00,2,1,19,200600062051A01,7,1,1
200600062076,2006-10-30,2006,octobre,lundi,16:14,49,49007,0,0,2,1,7,1,1,4,2,02,1,1,000,000,1,0,1,4,1,14,0,1,9,00,0,0,1,200600062076A01,,,
200600062117,2006-10-11,2006,octobre,mercredi,11:00,51,51108,0,0,2,6,6,1,1,3,2,02,1,-1,000,000,-1,0,0,3,1,63,5,1,2,00,2,0,1,200600062117B01,7,0,1
200600062121,2006-10-29,2006,octobre,dimanche,15:10,51,51108,0,0,2,1,3,1,1,4,1,02,1,1,000,000,1,0,1,3,2,19,5,1,9,00,2,1,0,200600062121B01,7,0,1
200600062154,2006-10-24,2006,octobre,mardi,10:02,52,52448,0,0,2,5,6,1,8,4,1,02,1,2,000,000,2,5,1,4,2,72,5,1,9,00,2,2,1,200600062154B01,7,11,1
200600062167,2006-10-01,2006,octobre,dimanche,15:55,54,54395,0,0,2,2,3,1,1,4,1,03,1,1,000,000,1,0,1,4,1,9,5,1,2,00,2,1,1,200600062167B01,7,1,1
200600062170,2006-10-04,2006,octobre,mercredi,18:00,54,54395,0,0,2,6,2,1,1,4,2,01,2,3,000,085,1,0,1,4,1,43,1,1,2,00,2,1,15,200600062170B01,2,1,1
200600062194,2006-10-16,2006,octobre,lundi,16:00,54,54304,0,0,2,2,3,1,1,4,2,02,1,1,000,000,1,0,1,4,1,14,5,1,2,00,2,1,1,200600062194A01,7,23,1
200600062202,2006-10-19,2006,octobre,jeudi,13:55,54,54395,0,0,2,1,6,1,1,4,1,03,1,1,000,000,1,0,1,4,2,24,1,1,4,00,2,8,2,200600062202B01,7,2,1
200600062206,2006-10-20,2006,octobre,vendredi,13:15,54,54395,0,0,2,1,6,1,1,4,2,04,1,1,000,060,1,0,1,4,1,21,5,1,9,00,2,1,11,200600062206A01,40,1,1
200600062214,2006-10-26,2006,octobre,jeudi,17:30,54,54547,0,0,2,3,1,1,1,4,1,01,1,1,000,000,1,0,1,4,1,12,5,1,2,00,2,1,5,200600062214A01,7,12,1
200600062217,2006-10-28,2006,octobre,samedi,19:05,54,54395,0,0,2,1,1,5,1,4,1,03,1,1,000,000,1,0,1,3,1,16,5,1,2,00,2,1,5,200600062217A01,37,1,1
200600062222,2006-10-10,2006,octobre,mardi,74:5,54,54528,0,0,2,2,3,1,1,4,2,02,2,1,000,070,1,5,1,3,2,61,1,1,4,00,0,4,1,200600062222B01,7,1,1
200600062226,2006-10-08,2006,octobre,dimanche,12:25,54,54580,0,0,2,3,3,1,1,4,2,02,1,1,000,062,1,0,1,3,1,22,5,1,9,00,2,1,16,200600062226A01,7,1,1
200600062230,2006-10-15,2006,octobre,dimanche,10:45,55,55029,0,0,2,6,3,1,1,2,3,02,1,1,000,000,1,5,1,3,1,59,5,1,2,00,2,7,1,200600062230B01,10,9,1
200600062237,2006-10-07,2006,octobre,samedi,11:38,56,56121,0,0,2,1,1,1,1,9,2,02,2,1,000,000,1,0,1,3,1,19,9,1,9,00,2,1,1,200600062237A01,7,1,1
200600062238,2006-10-11,2006,octobre,mercredi,83:2,56,56098,0,0,2,3,3,1,1,9,2,02,1,1,000,000,1,0,1,4,1,23,4,1,9,00,2,7,1,200600062238B01,7,1,1
200600062239,2006-10-12,2006,octobre,jeudi,10:36,56,56121,0,0,2,1,6,1,1,9,2,02,1,1,000,000,1,0,1,4,2,50,0,1,9,00,2,1,1,200600062239B01,7,22,1
200600062254,2006-10-27,2006,octobre,vendredi,16:54,56,56162,0,0,2,4,3,1,1,9,2,02,1,3,000,000,1,0,1,4,1,35,0,1,2,00,2,1,1,200600062254B01,7,15,1
200600062284,2006-10-18,2006,octobre,mercredi,73:0,57,57751,0,0,1,1,3,2,1,3,2,02,1,1,000,210,1,0,1,3,1,19,1,1,9,00,2,4,1,200600062284B01,30,2,1
200600062286,2006-10-19,2006,octobre,jeudi,14:38,57,57463,0,0,2,1,3,1,1,4,1,04,1,1,000,120,1,0,1,4,1,26,0,1,9,00,2,1,19,200600062286A01,7,1,1
200600062294,2006-10-27,2006,octobre,vendredi,21:25,57,57463,0,0,2,1,6,5,1,3,1,01,1,1,014,036,1,0,1,4,2,18,0,1,2,00,2,4,19,200600062294B01,7,1,1
200600062311,2006-10-25,2006,octobre,mercredi,17:00,57,57508,0,0,2,1,1,1,1,4,2,02,1,1,000,068,1,0,1,4,1,14,5,1,9,00,2,1,1,200600062311B01,7,9,1
200600062341,2006-10-10,2006,octobre,mardi,18:45,59,59632,0,0,2,2,3,1,1,4,2,02,1,1,000,080,1,0,1,3,1,9,0,1,2,00,0,8,1,200600062341B01,7,0,1
200600062344,2006-10-27,2006,octobre,vendredi,16:30,59,59156,0,0,2,1,2,1,1,4,2,02,1,4,000,000,-1,0,0,3,1,60,5,1,2,00,0,4,1,200600062344B01,7,2,1
200600062365,2006-10-02,2006,octobre,lundi,54:5,59,59527,0,0,2,4,7,5,8,4,2,02,1,2,000,076,1,0,1,4,1,19,1,1,2,00,2,1,2,200600062365B01,,,
200600062374,2006-10-07,2006,octobre,samedi,15:45,59,59009,0,0,2,4,3,1,1,4,2,02,1,1,000,040,1,0,1,4,1,65,5,1,9,00,2,0,1,200600062374B01,7,16,1
200600062379,2006-10-09,2006,octobre,lundi,17:40,59,59648,0,0,2,1,3,1,1,3,2,05,1,1,031,060,1,0,1,4,2,50,1,1,9,00,2,8,11,200600062379A01,7,1,1
200600062380,2006-10-10,2006,octobre,mardi,82:0,59,59350,0,0,2,1,3,1,1,4,2,02,1,1,000,040,1,0,1,3,1,61,5,1,9,00,2,1,1,200600062380B01,7,1,1
200600062383,2006-10-11,2006,octobre,mercredi,13:15,59,59350,0,0,2,2,6,1,1,4,2,02,1,1,000,069,1,0,1,4,1,44,1,1,2,00,2,1,23,200600062383B01,7,15,1
200600062389,2006-10-13,2006,octobre,vendredi,10:35,59,59350,0,0,2,1,6,1,1,4,2,04,1,1,000,000,1,0,1,4,1,32,5,1,9,00,2,1,1,200600062389A01,37,1,1
200600062391,2006-10-13,2006,octobre,vendredi,17:54,59,59360,0,0,2,3,3,1,1,4,2,00,1,1,000,070,1,0,1,4,1,22,1,1,2,14,0,5,15,200600062391A01,7,15,1
200600062410,2006-10-24,2006,octobre,mardi,80:0,59,59350,0,0,2,1,6,1,1,4,2,02,1,-1,010,060,1,0,1,4,2,13,5,1,9,01,0,1,1,200600062410B01,7,23,1
200600062418,2006-10-27,2006,octobre,vendredi,10:50,59,59350,0,0,2,2,3,1,9,4,3,03,1,1,030,165,9,0,1,3,2,25,5,1,9,00,2,8,1,200600062418A01,14,16,1
200600062450,2006-10-17,2006,octobre,mardi,17:15,59,59598,0,0,2,1,3,1,1,4,1,02,1,1,000,000,1,0,1,3,1,28,9,1,2,00,2,0,19,200600062450B01,7,1,1
200600062459,2006-10-05,2006,octobre,jeudi,19:00,59,59332,0,0,2,1,2,1,1,4,2,02,1,1,000,000,1,0,1,4,2,14,0,1,2,00,2,1,1,200600062459B01,7,20,1
200600062462,2006-10-23,2006,octobre,lundi,85:5,59,59646,0,0,2,2,1,1,1,4,-1,00,1,1,000,000,2,0,1,3,1,39,1,1,2,00,2,1,1,200600062462B01,7,1,1
200600062463,2006-10-02,2006,octobre,lundi,74:0,59,59163,0,0,2,1,2,5,1,4,2,02,1,1,000,000,1,0,1,4,1,16,2,1,2,00,2,4,1,200600062463B01,7,0,1
200600062473,2006-10-26,2006,octobre,jeudi,17:35,59,59299,0,0,2,2,3,1,1,4,2,02,1,1,000,000,1,0,1,3,1,33,9,1,2,00,2,0,1,200600062473A01,7,1,1
200600062475,2006-10-27,2006,octobre,vendredi,16:35,59,59512,0,0,2,3,3,1,1,4,2,02,1,1,000,000,1,0,1,3,1,12,5,1,2,00,2,0,19,200600062475B01,7,1,1
200600062478,2006-10-13,2006,octobre,vendredi,15:00,59,59646,0,0,2,1,2,1,1,4,2,02,1,1,000,000,1,0,1,4,1,80,0,1,2,00,2,0,0,200600062478B01,7,0,1
200600062481,2006-10-26,2006,octobre,jeudi,18:25,59,59650,0,0,2,4,1,5,1,4,-1,00,1,1,000,000,1,0,1,3,1,13,9,1,2,00,2,9,19,200600062481A01,7,1,1
200600062492,2006-10-18,2006,octobre,mercredi,10:50,59,59599,0,0,2,1,3,1,2,6,-1,00,1,-1,000,000,2,0,0,4,1,6,5,1,9,00,2,3,1,200600062492A01,2,1,1
200600062498,2006-10-24,2006,octobre,mardi,15:00,59,59484,0,0,2,3,3,1,1,3,2,02,1,1,000,070,1,0,1,4,2,54,5,1,2,00,2,4,15,200600062498A01,2,1,1
200600062506,2006-10-10,2006,octobre,mardi,16:20,59,59484,0,0,2,1,6,1,1,4,2,02,1,1,000,060,1,0,1,3,1,11,5,1,2,00,2,1,19,200600062506A01,7,1,1
200600062509,2006-10-22,2006,octobre,dimanche,11:30,59,59515,0,0,2,3,6,1,1,4,2,02,1,1,000,058,1,0,1,3,1,7,5,1,2,00,2,1,19,200600062509B01,7,13,1
200600062592,2006-10-02,2006,octobre,lundi,19:35,63,63113,0,0,2,1,6,5,1,4,3,05,1,1,000,000,1,0,1,4,1,15,5,1,9,00,2,1,6,200600062592A01,7,0,1
200600062603,2006-10-06,2006,octobre,vendredi,15:30,63,63113,0,0,2,3,3,1,1,4,2,03,1,1,000,136,1,0,1,4,1,23,9,1,9,00,2,1,1,200600062603A01,7,1,1
200600062624,2006-10-14,2006,octobre,samedi,13:20,63,63113,0,0,2,1,3,1,1,4,1,01,1,1,000,050,1,0,1,4,1,24,1,1,2,00,2,1,18,200600062624B01,7,23,1
200600062627,2006-10-14,2006,octobre,samedi,20:10,63,63113,0,0,2,2,6,5,1,4,1,01,1,1,000,000,1,0,1,4,1,38,9,1,2,00,2,1,5,200600062627B01,7,16,1
200600062651,2006-10-24,2006,octobre,mardi,13:50,63,63075,0,0,2,1,6,1,1,4,2,02,2,1,000,000,1,0,1,4,1,23,2,1,2,01,0,1,1,200600062651B01,7,22,1
200600062653,2006-10-25,2006,octobre,mercredi,73:5,63,63113,0,0,2,6,6,3,1,4,1,02,1,1,000,000,1,0,1,4,1,23,1,1,9,00,2,0,1,200600062653A01,7,1,1
200600062657,2006-10-27,2006,octobre,vendredi,94:5,63,63113,0,0,1,2,6,1,1,4,2,02,1,1,000,000,1,5,1,3,1,25,5,1,2,00,2,1,15,200600062657B01,7,1,1
200600062702,2006-10-07,2006,octobre,samedi,15:30,64,64445,0,0,2,2,1,1,1,4,2,04,1,1,000,150,1,5,1,4,1,47,5,1,9,00,2,1,1,200600062702B01,7,15,1
200600062709,2006-10-13,2006,octobre,vendredi,17:22,64,64129,0,0,2,1,3,1,1,4,2,02,1,1,000,100,1,0,1,4,2,50,1,1,2,00,2,1,1,200600062709B01,7,15,1
200600062713,2006-10-18,2006,octobre,mercredi,92:5,64,64445,0,0,2,1,6,1,1,2,2,02,1,1,000,117,1,0,1,4,1,23,1,1,2,01,0,1,1,200600062713B01,7,22,1
200600062721,2006-10-23,2006,octobre,lundi,75:0,64,64445,0,0,2,6,3,5,3,4,1,03,1,2,000,100,2,0,1,4,2,24,2,1,4,00,2,8,1,200600062721B01,7,16,1
200600062722,2006-10-25,2006,octobre,mercredi,18:05,64,64335,0,0,2,2,1,1,1,4,2,02,1,1,000,065,1,0,1,4,2,53,1,1,9,00,2,1,23,200600062722B01,7,15,1
200600062736,2006-10-09,2006,octobre,lundi,11:15,64,64545,0,0,2,3,3,1,1,2,1,01,1,2,000,070,1,0,1,4,1,33,5,1,2,00,2,2,9,200600062736A01,7,1,1
200600062740,2006-10-13,2006,octobre,vendredi,11:05,64,64189,0,0,2,1,3,1,1,2,2,02,1,1,000,000,1,0,1,4,1,74,5,1,2,00,2,1,1,200600062740B01,7,16,1
200600062752,2006-10-03,2006,octobre,mardi,16:45,65,65286,0,0,2,1,3,1,1,9,2,00,1,1,000,000,1,0,1,4,2,56,5,0,0,00,0,0,9,200600062752B01,10,2,1
200600062757,2006-10-02,2006,octobre,lundi,10:48,65,65440,0,0,2,3,3,1,1,3,2,03,1,1,030,030,1,0,1,3,1,43,0,1,2,00,2,1,1,200600062757B01,7,15,1
200600062760,2006-10-05,2006,octobre,jeudi,93:5,65,65440,0,0,2,2,3,1,1,4,2,03,1,1,000,094,1,0,1,4,2,35,1,1,9,00,2,0,11,200600062760A01,7,1,1
200600062765,2006-10-13,2006,octobre,vendredi,85:0,65,65331,0,0,2,1,2,1,1,4,2,02,1,1,000,067,1,0,1,4,2,60,0,1,9,00,0,4,1,200600062765B01,7,1,1
200600062795,2006-10-02,2006,octobre,lundi,13:30,67,67043,0,0,2,2,3,1,1,4,2,02,2,1,000,050,1,0,1,4,2,9,2,1,9,00,2,1,16,200600062795A01,7,1,1
200600062795,2006-10-02,2006,octobre,lundi,13:30,67,67043,0,0,2,2,3,1,1,4,2,02,2,1,000,050,1,0,1,4,2,9,0,1,9,00,2,1,16,200600062795A01,7,1,1
200600062807,2006-10-05,2006,octobre,jeudi,11:45,67,67482,0,0,2,2,3,1,1,4,2,02,1,1,000,073,1,0,1,4,1,44,1,1,2,00,2,1,1,200600062807B01,7,15,1
200600062808,2006-10-05,2006,octobre,jeudi,14:20,67,67482,0,0,2,3,3,1,1,4,1,01,1,1,000,090,1,0,1,4,1,40,5,1,9,00,2,1,19,200600062808B01,7,15,1
200600062809,2006-10-05,2006,octobre,jeudi,18:55,67,67482,0,0,2,1,3,1,1,9,2,02,1,1,000,124,1,0,5,1,1,16,5,1,9,00,2,7,17,200600062809A01,1,1,1
200600062809,2006-10-05,2006,octobre,jeudi,18:55,67,67482,0,0,2,1,3,1,1,9,2,02,1,1,000,124,1,0,5,4,1,58,5,1,9,00,2,3,1,200600062809B01,1,17,1
200600062810,2006-10-06,2006,octobre,vendredi,82:5,67,67482,0,0,2,4,3,1,1,4,2,02,1,1,000,110,1,5,1,2,1,82,5,1,9,00,2,8,1,200600062810B01,20,14,1
200600062813,2006-10-09,2006,octobre,lundi,70:0,67,67482,0,0,2,3,6,2,1,4,2,02,1,1,000,070,1,0,1,3,1,31,4,1,9,00,2,1,1,200600062813B01,13,15,1
200600062815,2006-10-10,2006,octobre,mardi,13:40,67,67482,0,0,2,2,3,1,1,4,2,04,2,1,000,100,1,2,1,4,1,36,5,0,0,00,2,8,19,200600062815A01,7,1,1
200600062817,2006-10-12,2006,octobre,jeudi,11:50,67,67447,0,0,2,3,3,1,1,4,2,02,1,1,000,080,1,5,1,4,1,78,5,1,9,00,2,8,11,200600062817B01,7,17,1
200600062820,2006-10-13,2006,octobre,vendredi,81:5,67,67447,0,0,2,1,3,1,1,4,1,01,1,1,000,031,1,0,5,4,2,53,1,1,4,00,2,1,1,200600062820B01,7,15,1
200600062822,2006-10-13,2006,octobre,vendredi,14:15,67,67482,0,0,2,1,5,1,1,4,2,02,1,1,000,115,1,0,1,4,2,30,5,1,9,00,2,1,1,200600062822B01,33,17,1
200600062822,2006-10-13,2006,octobre,vendredi,14:15,67,67482,0,0,2,1,5,1,1,4,2,02,1,1,000,115,1,0,1,4,1,23,5,1,9,00,2,8,15,200600062822C01,33,17,1
200600062824,2006-10-15,2006,octobre,dimanche,16:00,67,67482,0,0,2,1,6,1,1,4,2,03,1,1,000,096,1,0,5,1,1,32,5,1,9,00,1,1,1,200600062824A01,,,
200600062824,2006-10-15,2006,octobre,dimanche,16:00,67,67482,0,0,2,1,6,1,1,4,2,03,1,1,000,096,1,0,5,4,1,84,5,0,0,00,1,1,1,200600062824A01,,,
200600062831,2006-10-23,2006,octobre,lundi,90:0,67,67482,0,0,2,3,3,1,2,4,2,02,1,1,000,080,2,0,5,4,2,42,1,1,9,00,2,1,1,200600062831A01,7,1,1
200600062839,2006-10-26,2006,octobre,jeudi,80:0,67,67482,0,0,2,2,6,1,1,4,2,02,1,1,000,071,1,5,1,4,2,18,2,1,9,00,4,1,1,200600062839B01,40,1,1
200600062840,2006-10-27,2006,octobre,vendredi,83:0,67,67482,0,0,2,3,3,1,1,4,2,02,1,1,000,083,1,0,1,4,2,33,1,1,9,00,2,8,15,200600062840B01,7,15,1
200600062842,2006-10-26,2006,octobre,jeudi,10:50,67,67482,0,0,2,1,5,1,1,4,2,02,1,1,000,064,1,0,5,3,1,24,1,1,9,01,2,1,1,200600062842B01,7,22/1,2
200600062844,2006-10-26,2006,octobre,jeudi,13:45,67,67447,0,0,2,3,3,1,1,4,2,02,1,1,000,050,1,0,1,4,1,28,5,1,9,00,2,0,0,200600062844B01,7,1,1
200600062845,2006-10-26,2006,octobre,jeudi,13:30,67,67447,0,0,2,1,6,1,1,4,2,02,1,1,000,080,1,0,1,3,1,65,1,1,9,01,0,1,1,200600062845B01,7/ 37,22/1,2
200600062847,2006-10-28,2006,octobre,samedi,13:20,67,67482,0,0,2,1,6,1,1,4,2,03,2,1,000,128,1,0,1,4,2,18,2,1,9,01,2,1,1,200600062847B01,7,22,1
200600062852,2006-10-31,2006,octobre,mardi,83:0,67,67482,0,0,2,1,3,1,1,4,-1,04,1,1,000,070,1,0,1,4,2,52,5,1,9,00,2,7,19,200600062852B01,7,1,1
200600062856,2006-10-04,2006,octobre,mercredi,14:15,68,68066,0,0,2,6,3,1,1,3,1,01,1,2,000,060,1,5,1,4,2,53,5,0,0,00,2,3,1,200600062856B01,7,16,1
200600062857,2006-10-05,2006,octobre,jeudi,18:00,68,68066,0,0,2,3,3,1,1,3,2,02,1,1,000,142,1,0,1,4,2,32,1,1,2,00,2,1,1,200600062857B01,7,15,1
200600062864,2006-10-19,2006,octobre,jeudi,17:10,68,68066,0,0,2,6,3,1,1,4,1,01,1,2,000,082,1,5,5,4,2,31,5,1,2,00,2,8,1,200600062864B01,7,16,1
200600062870,2006-10-26,2006,octobre,jeudi,18:45,68,68066,0,0,2,2,3,2,1,4,1,01,1,1,000,080,1,0,1,4,2,16,5,1,2,00,2,1,1,200600062870A01,31,1,1
200600062886,2006-10-24,2006,octobre,mardi,64:5,68,68224,0,0,2,3,2,2,1,4,2,03,1,1,000,080,1,2,1,4,1,16,1,1,2,00,2,3,1,200600062886B01,10,15,1
200600062893,2006-10-21,2006,octobre,samedi,13:26,68,68224,0,0,2,1,3,1,1,4,2,00,3,1,000,000,1,0,0,4,1,61,1,1,2,00,4,3,6,200600062893B01,40,1,1
200600062895,2006-10-03,2006,octobre,mardi,15:20,69,69029,0,0,2,2,3,1,1,4,2,02,1,1,030,200,1,5,1,4,1,36,1,1,2,00,0,7,17,200600062895B01,7,15,1
200600062905,2006-10-17,2006,octobre,mardi,82:5,69,69259,0,0,2,1,3,1,1,4,2,02,4,1,000,120,1,0,1,3,2,62,5,1,4,00,2,1,1,200600062905B01,7,15,1
200600062906,2006-10-28,2006,octobre,samedi,12:45,69,69259,0,0,2,1,3,1,1,4,-1,02,1,1,000,065,1,0,1,4,2,52,5,1,9,01,0,1,1,200600062906B01,7,22,1
200600062912,2006-10-02,2006,octobre,lundi,14:40,69,69266,0,0,2,2,6,1,1,4,2,02,1,1,000,000,1,0,1,4,2,48,0,1,9,00,2,1,1,200600062912B01,7,15,1
200600062918,2006-10-12,2006,octobre,jeudi,10:20,69,69266,0,0,2,2,3,1,1,4,1,01,1,1,000,067,1,0,1,4,1,35,5,1,9,00,2,1,5,200600062918A01,7,1,1
200600062925,2006-10-22,2006,octobre,dimanche,15:30,69,69266,0,0,2,2,3,1,1,4,2,02,1,1,000,000,1,0,1,3,1,17,5,1,2,00,2,1,1,200600062925A01,7,1,1
200600062933,2006-10-24,2006,octobre,mardi,16:20,69,69290,0,0,2,1,5,1,1,4,2,02,1,2,000,055,1,0,1,3,1,46,5,1,2,00,2,1,1,200600062933F01,7,17,1
200600062933,2006-10-24,2006,octobre,mardi,16:20,69,69290,0,0,2,1,5,1,1,4,2,02,1,2,000,055,1,0,1,3,1,56,5,1,2,00,2,1,1,200600062933B01,7,17,1
200600062933,2006-10-24,2006,octobre,mardi,16:20,69,69290,0,0,2,1,5,1,1,4,2,02,1,2,000,055,1,0,1,4,1,57,5,1,2,00,2,1,1,200600062933G01,7,17,1
200600062933,2006-10-24,2006,octobre,mardi,16:20,69,69290,0,0,2,1,5,1,1,4,2,02,1,2,000,055,1,0,1,3,1,68,5,1,2,00,2,1,1,200600062933C01,7,17,1
200600062933,2006-10-24,2006,octobre,mardi,16:20,69,69290,0,0,2,1,5,1,1,4,2,02,1,2,000,055,1,0,1,4,1,65,5,1,2,00,2,1,1,200600062933H01,7,17,1
200600062933,2006-10-24,2006,octobre,mardi,16:20,69,69290,0,0,2,1,5,1,1,4,2,02,1,2,000,055,1,0,1,4,1,50,5,1,2,00,2,1,1,200600062933D01,7,17,1
200600062933,2006-10-24,2006,octobre,mardi,16:20,69,69290,0,0,2,1,5,1,1,4,2,02,1,2,000,055,1,0,1,4,1,61,5,1,2,00,2,1,1,200600062933I01,7,17,1
200600062933,2006-10-24,2006,octobre,mardi,16:20,69,69290,0,0,2,1,5,1,1,4,2,02,1,2,000,055,1,0,1,4,1,50,5,1,2,00,2,1,1,200600062933E01,7,17,1
200600062933,2006-10-24,2006,octobre,mardi,16:20,69,69290,0,0,2,1,5,1,1,4,2,02,1,2,000,055,1,0,1,1,1,62,5,1,2,00,2,1,1,200600062933J01,7,17,1
200600062967,2006-10-03,2006,octobre,mardi,12:30,72,72181,0,0,2,2,3,1,1,9,2,01,2,1,000,070,1,0,1,4,1,42,9,1,2,00,0,1,1,200600062967B01,7,1,1
200600063001,2006-10-26,2006,octobre,jeudi,17:30,72,72181,0,0,2,3,3,1,1,9,-1,01,2,1,000,053,1,0,1,4,1,25,9,1,2,00,0,7,1,200600063001B01,7,9,1
200600063008,2006-10-09,2006,octobre,lundi,18:30,73,73008,0,0,2,1,3,1,1,4,2,03,1,1,000,114,1,0,1,3,1,72,5,1,9,00,2,1,1,200600063008B01,7,15,1
200600063020,2006-10-19,2006,octobre,jeudi,19:50,74,74010,0,0,2,2,6,5,1,4,2,00,-1,-1,000,000,1,0,1,3,1,29,9,1,4,00,2,1,1,200600063020A01,7,1,1
200600063083,2006-10-02,2006,octobre,lundi,17:10,75,75006,0,0,2,4,6,1,2,4,1,02,1,1,000,060,2,0,1,1,2,16,9,0,0,00,1,1,5,200600063083A01,,,
200600063100,2006-10-01,2006,octobre,dimanche,18:45,75,75015,0,0,2,2,3,1,1,4,1,01,1,1,000,030,1,0,1,4,1,9,5,0,0,00,2,1,5,200600063100A01,7,1,1
200600063118,2006-10-04,2006,octobre,mercredi,92:0,75,75011,0,0,2,2,3,1,1,4,1,02,1,1,000,060,1,0,1,4,1,9,5,0,0,00,2,2,5,200600063118A01,7,1,1
200600063129,2006-10-11,2006,octobre,mercredi,19:15,75,75003,0,0,2,1,3,2,1,4,2,04,1,1,000,120,1,0,1,2,1,72,5,0,0,00,2,3,18,200600063129A01,7,14,1
200600063145,2006-10-05,2006,octobre,jeudi,13:10,75,75011,0,0,2,3,3,1,1,4,2,04,1,2,000,120,1,0,1,4,1,43,4,0,0,00,2,2,1,200600063145B01,7,18,1
200600063156,2006-10-03,2006,octobre,mardi,93:5,75,75005,0,0,2,3,7,1,2,4,1,02,1,1,000,060,2,0,1,4,2,37,9,0,0,00,0,0,1,200600063156A01,,,
200600063157,2006-10-04,2006,octobre,mercredi,18:30,75,75017,0,0,2,1,6,1,1,4,2,02,1,1,000,060,1,0,1,1,1,18,5,0,0,00,1,1,1,200600063157A01,,,
200600063158,2006-10-04,2006,octobre,mercredi,19:00,75,75017,0,0,2,2,6,5,1,4,2,04,1,1,000,120,1,0,1,1,1,28,5,0,0,00,1,1,17,200600063158A01,,,
200600063175,2006-10-06,2006,octobre,vendredi,19:05,75,75012,0,0,2,1,1,5,2,4,2,04,1,1,000,120,2,0,1,4,1,20,5,0,0,00,2,1,5,200600063175A01,5,1,1
200600063182,2006-10-06,2006,octobre,vendredi,17:10,75,75011,0,0,2,3,6,1,1,4,3,02,1,1,010,060,2,0,1,3,1,40,5,0,0,00,2,2,1,200600063182B01,7,0,1
200600063202,2006-10-07,2006,octobre,samedi,10:45,75,75011,0,0,2,1,3,1,1,4,2,02,1,1,000,060,1,0,1,4,1,20,5,0,0,00,2,2,1,200600063202B01,10,22,1
200600063209,2006-10-07,2006,octobre,samedi,14:00,75,75015,0,0,2,1,3,1,1,4,2,02,1,1,000,060,1,0,4,4,2,19,5,0,0,00,2,1,1,200600063209A01,7,9,1
200600063214,2006-10-08,2006,octobre,dimanche,14:00,75,75018,0,0,2,2,5,1,1,4,1,02,1,1,000,060,1,0,1,1,1,35,5,0,0,00,2,6,1,200600063214B01,5,1,1
200600063214,2006-10-08,2006,octobre,dimanche,14:00,75,75018,0,0,2,2,5,1,1,4,1,02,1,1,000,060,1,0,1,4,2,35,5,0,0,00,2,3,1,200600063214C01,5,1,1
200600063223,2006-10-06,2006,octobre,vendredi,20:50,75,75012,0,0,2,2,3,5,2,4,2,04,1,1,000,120,2,0,1,4,2,35,5,0,0,00,2,1,1,200600063223B01,18,15,1
200600063227,2006-10-16,2006,octobre,lundi,10:25,75,75015,0,0,2,3,3,1,1,4,2,04,1,1,000,120,1,0,1,2,2,55,5,0,0,00,2,3,18,200600063227A01,17,16,1
200600063231,2006-10-17,2006,octobre,mardi,90:5,75,75013,0,0,2,1,6,1,1,4,2,04,1,1,000,120,1,0,1,1,1,40,1,1,2,00,1,1,1,200600063231A01,,,
200600063237,2006-10-07,2006,octobre,samedi,16:20,75,75017,0,0,2,1,3,1,1,4,2,02,1,1,000,060,1,0,1,4,2,44,5,0,0,00,2,2,1,200600063237B01,7,22,1
200600063252,2006-10-17,2006,octobre,mardi,17:55,75,75013,0,0,2,1,3,1,1,4,2,04,1,1,000,120,1,0,1,4,1,40,5,0,0,00,2,3,3,200600063252A01,7,1,1