Num_Acc,date,an,mois,jour,hrmn,dep,com,lat,long,agg,int,col,lum,atm,catr,circ,nbv,prof,plan,lartpc,larrout,surf,infra,situ,grav,sexe,age,trajet,secuexist,equipement,obs,obsm,choc,manv,vehiculeid,typevehicules,manoeuvehicules,numVehicules
200600063255,2006-10-08,2006,octobre,dimanche,15:00,75,75004,0,0,2,1,6,1,1,4,1,06,1,1,000,180,1,6,1,4,2,30,5,0,0,00,1,1,1,200600063255A01,,,
200600063284,2006-10-10,2006,octobre,mardi,17:05,75,75003,0,0,2,3,2,1,1,4,2,04,1,1,000,120,1,0,1,4,1,40,5,0,0,00,2,1,15,200600063284B01,7,4,1
200600063292,2006-10-20,2006,octobre,vendredi,10:25,75,75016,0,0,2,1,3,1,1,4,1,02,1,1,000,060,1,0,1,3,1,31,1,0,0,00,2,3,1,200600063292B01,7,17,1
200600063330,2006-10-09,2006,octobre,lundi,17:20,75,75010,0,0,2,1,3,1,1,4,2,04,1,1,000,120,1,0,1,4,2,32,4,0,0,00,2,3,1,200600063330B01,7,22,1
200600063349,2006-10-11,2006,octobre,mercredi,16:30,75,75019,0,0,2,4,3,1,1,4,2,02,1,1,000,060,1,0,1,4,1,27,1,0,0,12,2,2,17,200600063349A01,7,1,1
200600063356,2006-10-24,2006,octobre,mardi,14:45,75,75019,0,0,2,1,6,1,1,4,1,01,1,1,000,030,1,0,1,3,1,62,5,0,0,01,2,3,1,200600063356B01,10,17,1
200600063361,2006-10-12,2006,octobre,jeudi,85:0,75,75011,0,0,2,1,6,1,8,4,2,02,1,1,000,060,2,0,4,1,1,20,5,0,0,00,1,1,1,200600063361A01,,,
200600063387,2006-10-13,2006,octobre,vendredi,73:0,75,75015,0,0,2,1,3,2,1,4,2,02,1,1,000,060,1,0,1,4,1,31,4,0,0,00,2,1,17,200600063387B01,14,22,1
200600063397,2006-10-14,2006,octobre,samedi,10:15,75,75012,0,0,2,1,6,1,1,4,2,02,1,1,000,060,8,0,1,4,1,58,5,1,2,12,0,1,1,200600063397A01,,,
200600063413,2006-10-15,2006,octobre,dimanche,83:0,75,75009,0,0,2,1,6,1,1,4,1,01,1,1,000,030,1,0,1,4,1,32,5,0,0,01,0,1,1,200600063413A01,,,
200600063429,2006-10-16,2006,octobre,lundi,22:50,75,75011,0,0,2,1,3,5,1,4,2,03,1,1,000,090,1,0,1,4,1,30,5,0,0,00,2,2,1,200600063429B01,7,9,1
200600063430,2006-10-16,2006,octobre,lundi,92:0,75,75012,0,0,2,1,3,1,1,4,1,04,1,1,000,120,1,0,1,4,2,23,5,0,0,00,2,6,11,200600063430A01,4,1,1
200600063444,2006-10-29,2006,octobre,dimanche,23:50,75,75013,0,0,2,2,3,5,1,4,2,02,1,1,000,060,1,0,1,1,1,28,5,0,0,00,2,4,1,200600063444B01,2,1,1
200600063491,2006-10-15,2006,octobre,dimanche,10:,75,75010,0,0,2,1,2,5,1,4,2,04,1,1,000,120,1,0,1,4,1,29,5,0,0,00,2,1,1,200600063491B01,10,1,1
200600063500,2006-10-16,2006,octobre,lundi,13:40,75,75010,0,0,2,3,2,1,1,4,1,01,1,1,000,030,1,0,1,4,2,22,5,0,0,00,2,1,1,200600063500B01,7,4,1
200600063546,2006-10-19,2006,octobre,jeudi,14:20,75,75004,0,0,2,1,4,1,1,4,1,03,1,1,000,090,1,0,1,4,2,56,5,0,0,00,2,2,21,200600063546B01,18/ 7,13/1,2
200600063549,2006-10-19,2006,octobre,jeudi,14:30,75,75011,0,0,2,3,3,1,1,4,2,04,1,1,000,120,1,0,1,4,2,29,1,0,0,00,2,6,1,200600063549B01,7,16,1
200600063555,2006-10-19,2006,octobre,jeudi,15:20,75,75015,0,0,2,1,3,1,1,4,1,02,1,1,000,060,1,0,1,4,2,26,5,0,0,00,2,6,11,200600063555A01,5,1,1
200600063556,2006-10-19,2006,octobre,jeudi,85:0,75,75015,0,0,2,1,3,1,1,4,2,02,1,1,000,060,1,0,1,4,1,37,4,0,0,00,2,3,18,200600063556A01,10,1,1
200600063605,2006-10-21,2006,octobre,samedi,10:50,75,75016,0,0,2,1,4,1,1,4,1,02,1,1,000,060,1,0,1,4,1,61,5,0,0,00,2,1,1,200600063605A01,1,1,4
200600063605,2006-10-21,2006,octobre,samedi,10:50,75,75016,0,0,2,1,4,1,1,4,1,02,1,1,000,060,1,0,1,4,1,29,5,0,0,00,2,4,1,200600063605B01,1,1,4
200600063605,2006-10-21,2006,octobre,samedi,10:50,75,75016,0,0,2,1,4,1,1,4,1,02,1,1,000,060,1,0,1,4,1,34,5,0,0,00,2,4,1,200600063605C01,1,1,4
200600063605,2006-10-21,2006,octobre,samedi,10:50,75,75016,0,0,2,1,4,1,1,4,1,02,1,1,000,060,1,0,1,4,1,49,5,0,0,00,2,4,1,200600063605D01,1,1,4
200600063605,2006-10-21,2006,octobre,samedi,10:50,75,75016,0,0,2,1,4,1,1,4,1,02,1,1,000,060,1,0,1,4,2,31,5,0,0,00,2,4,1,200600063605E01,1,1,4
200600063617,2006-10-21,2006,octobre,samedi,12:03,75,75012,0,0,2,3,1,1,1,4,1,01,1,1,000,030,1,0,1,4,2,32,5,0,0,00,2,1,1,200600063617B01,7,5,1
200600063619,2006-10-22,2006,octobre,dimanche,13:39,75,75013,0,0,2,1,3,1,1,4,2,04,1,1,000,120,1,0,1,4,1,55,5,0,0,00,2,1,1,200600063619B01,7,10,1
200600063625,2006-10-22,2006,octobre,dimanche,11:00,75,75017,0,0,2,2,3,1,1,4,2,02,1,1,000,060,1,0,1,4,2,52,5,0,0,00,2,2,17,200600063625B01,7,15,1
200600063635,2006-10-23,2006,octobre,lundi,12:15,75,75003,0,0,2,1,3,1,1,4,1,02,1,1,000,060,1,0,1,4,2,32,5,0,0,00,2,3,18,200600063635A01,7,1,1
200600063657,2006-10-24,2006,octobre,mardi,18:30,75,75020,0,0,2,1,3,1,1,4,2,02,1,1,000,060,1,0,4,4,1,15,5,0,0,00,2,3,5,200600063657A01,4,20,1
200600063672,2006-10-25,2006,octobre,mercredi,18:10,75,75007,0,0,2,1,3,1,1,4,1,01,1,1,000,030,1,0,1,4,1,25,4,0,0,00,2,1,1,200600063672B01,7,22,1
200600063684,2006-10-26,2006,octobre,jeudi,4:,75,75003,0,0,2,2,3,5,1,4,2,04,1,1,000,120,1,0,1,4,1,34,1,0,0,00,2,3,19,200600063684A01,4,1,1
200600063687,2006-10-26,2006,octobre,jeudi,14:10,75,75014,0,0,2,3,4,1,1,4,2,03,1,1,000,090,1,0,1,4,1,34,9,0,0,00,2,3,18,200600063687A01,14/ 7,1,2
200600063689,2006-10-26,2006,octobre,jeudi,15:45,75,75016,0,0,2,1,3,1,1,4,2,02,1,1,000,060,1,0,1,4,2,58,5,0,0,00,2,2,1,200600063689B01,18,22,1
200600063691,2006-10-26,2006,octobre,jeudi,19:30,75,75017,0,0,2,2,6,5,1,4,1,01,1,1,000,030,1,0,1,4,1,24,4,0,0,00,2,2,21,200600063691A01,7,1,1
200600063718,2006-10-23,2006,octobre,lundi,13:30,75,75010,0,0,2,2,3,1,1,4,2,02,1,1,000,060,1,0,1,4,1,52,4,0,0,00,2,6,1,200600063718B01,14,22,1
200600063747,2006-10-28,2006,octobre,samedi,16:25,75,75009,0,0,2,1,6,1,1,4,1,01,1,1,000,030,1,0,1,4,1,45,5,0,0,14,0,1,1,200600063747A01,,,
200600063769,2006-10-30,2006,octobre,lundi,18:10,75,75016,0,0,2,1,2,5,1,4,2,02,1,1,000,060,1,0,1,4,2,37,5,1,2,00,2,1,1,200600063769A01,1,1,1
200600063769,2006-10-30,2006,octobre,lundi,18:10,75,75016,0,0,2,1,2,5,1,4,2,02,1,1,000,060,1,0,1,4,1,27,5,0,0,00,2,4,1,200600063769B01,1,1,1
200600063782,2006-10-31,2006,octobre,mardi,12:15,75,75006,0,0,2,2,3,1,1,4,2,04,1,1,000,120,1,0,1,4,1,58,5,0,0,00,2,3,1,200600063782A01,7,1,1
200600063822,2006-10-30,2006,octobre,lundi,16:05,75,75010,0,0,2,1,7,1,1,4,1,02,1,1,000,060,9,0,1,4,1,52,4,0,0,00,0,0,21,200600063822A01,,,
200600063851,2006-10-26,2006,octobre,jeudi,21:45,76,76231,0,0,2,1,2,5,1,3,2,02,3,1,000,675,1,2,1,2,1,51,0,1,9,00,2,4,0,200600063851B01,7,1,1
200600063852,2006-10-30,2006,octobre,lundi,16:00,76,76705,0,0,1,2,3,1,1,3,3,03,1,1,020,130,1,0,1,3,1,86,5,1,4,00,2,1,19,200600063852A01,7,1,1
200600063870,2006-10-10,2006,octobre,mardi,18:10,76,76498,0,0,2,3,3,1,1,4,2,02,1,1,000,050,1,0,1,4,1,16,0,1,9,00,0,0,0,200600063870A01,7,1,1
200600063872,2006-10-12,2006,octobre,jeudi,17:45,76,76157,0,0,2,1,3,1,1,4,2,02,1,3,000,000,1,0,1,3,1,44,5,1,2,00,2,7,1,200600063872B01,7,9,1
200600063922,2006-10-20,2006,octobre,vendredi,18:45,77,77284,0,0,2,1,7,1,8,4,2,02,1,1,000,060,2,0,1,4,1,62,5,1,2,12,0,1,1,200600063922A01,,,
200600063947,2006-10-11,2006,octobre,mercredi,16:05,77,77083,0,0,2,2,6,1,1,4,2,02,1,1,000,080,1,0,1,4,1,16,5,1,4,00,2,8,19,200600063947A01,7,1,1
200600063949,2006-10-19,2006,octobre,jeudi,17:02,77,77146,0,0,2,3,3,1,1,4,2,02,1,1,000,080,1,0,3,3,1,72,5,1,2,00,2,3,19,200600063949B01,7,16,1
200600063955,2006-10-28,2006,octobre,samedi,17:00,77,77468,0,0,2,3,3,1,1,3,-1,02,-1,-1,000,000,1,0,0,3,1,49,0,1,2,00,0,1,1,200600063955B01,7,15,1
200600063970,2006-10-18,2006,octobre,mercredi,15:51,78,78172,0,0,2,3,3,1,1,2,1,01,2,1,000,055,1,3,1,4,2,56,1,1,9,00,2,7,1,200600063970B01,14,1,1
200600063975,2006-10-23,2006,octobre,lundi,17:25,78,78383,0,0,2,1,3,1,8,4,1,01,1,1,025,060,2,0,1,4,2,25,5,1,2,00,2,3,11,200600063975A01,10,11,1
200600063977,2006-10-05,2006,octobre,jeudi,18:35,78,78423,0,0,2,1,3,1,1,4,2,02,1,1,000,070,1,0,1,4,2,14,0,1,4,00,2,1,19,200600063977B01,7,16,1
200600063982,2006-10-16,2006,octobre,lundi,82:0,78,78688,0,0,2,2,3,1,1,4,1,01,-1,-1,000,000,1,0,1,4,2,13,2,1,4,00,2,2,16,200600063982B01,7,13,1
200600064011,2006-10-04,2006,octobre,mercredi,20:30,78,78624,0,0,2,1,6,3,1,4,-1,02,-1,-1,000,000,-1,0,1,1,1,35,0,1,2,00,1,1,0,200600064011A01,,,
200600064011,2006-10-04,2006,octobre,mercredi,20:30,78,78624,0,0,2,1,6,3,1,4,-1,02,-1,-1,000,000,-1,0,1,3,2,48,0,0,0,00,1,1,0,200600064011A01,,,
200600064023,2006-10-27,2006,octobre,vendredi,16:10,78,78498,0,0,2,2,3,1,1,3,2,03,1,1,000,131,1,0,1,3,1,14,0,1,2,00,2,1,1,200600064023B01,30,1,1
200600064043,2006-10-11,2006,octobre,mercredi,81:5,78,78621,0,0,2,2,3,1,1,4,2,02,1,1,070,140,1,0,1,3,1,24,1,1,2,00,2,1,1,200600064043A01,7,1,1
200600064069,2006-10-06,2006,octobre,vendredi,16:55,80,80021,0,0,2,1,3,1,2,4,2,02,1,1,000,060,1,0,1,4,1,64,5,1,9,00,2,1,15,200600064069B01,10,15,1
200600064086,2006-10-19,2006,octobre,jeudi,85:0,80,80021,0,0,2,2,3,1,8,4,2,02,1,1,000,070,2,0,1,4,1,21,5,1,9,00,2,1,1,200600064086B01,7,15,1
200600064087,2006-10-20,2006,octobre,vendredi,20:00,80,80021,0,0,2,2,3,5,2,4,1,01,1,1,000,050,2,0,1,4,1,24,5,1,9,00,2,1,5,200600064087A01,7,1,1
200600064088,2006-10-20,2006,octobre,vendredi,12:25,80,80021,0,0,2,2,3,1,1,4,2,02,1,1,000,060,1,0,1,4,1,24,1,1,9,00,2,1,1,200600064088A01,7,15,1
200600064094,2006-10-10,2006,octobre,mardi,75:5,81,81004,0,0,1,1,2,1,1,3,2,02,1,1,000,070,1,0,1,3,1,75,5,1,2,00,2,4,1,200600064094B01,10,1,1
200600064096,2006-10-17,2006,octobre,mardi,16:40,81,81144,0,0,1,1,2,1,1,2,1,03,1,1,000,140,1,0,1,3,1,48,5,1,9,00,2,6,0,200600064096B01,15,1,1
200600064105,2006-10-14,2006,octobre,samedi,93:0,81,81065,0,0,2,1,2,1,1,2,2,03,1,1,000,000,1,0,1,4,1,18,5,1,2,00,2,1,15,200600064105B01,7,9,1
200600064106,2006-10-16,2006,octobre,lundi,19:05,81,81065,0,0,2,6,2,5,1,4,1,01,1,2,000,000,1,0,1,4,1,37,5,1,2,00,2,1,1,200600064106A01,7,1,1
200600064110,2006-10-26,2006,octobre,jeudi,90:5,81,81065,0,0,2,3,3,1,1,4,3,04,1,1,000,000,1,0,1,3,2,81,5,1,2,00,2,1,9,200600064110A01,7,1,1
200600064125,2006-10-14,2006,octobre,samedi,95:7,82,82121,0,0,2,7,3,1,1,4,2,02,1,1,000,000,1,0,1,4,2,50,5,1,9,00,2,8,19,200600064125B01,7,1,1
200600064131,2006-10-09,2006,octobre,lundi,17:25,83,83061,0,0,1,1,3,1,1,2,2,02,2,3,000,050,1,0,1,4,1,40,5,1,9,00,2,8,1,200600064131B01,33,13,1
200600064137,2006-10-30,2006,octobre,lundi,94:5,83,83034,0,0,2,1,3,1,1,3,2,02,1,1,000,070,1,0,1,2,1,69,5,1,2,00,2,8,19,200600064137A01,7,21,1
200600064141,2006-10-11,2006,octobre,mercredi,18:25,83,83129,0,0,2,6,1,1,1,4,3,03,1,1,040,100,1,5,5,3,1,16,5,1,9,00,2,1,15,200600064141B01,2,16,1
200600064158,2006-10-03,2006,octobre,mardi,18:10,83,83137,0,0,2,2,5,1,1,4,2,02,1,1,000,000,1,0,1,3,1,16,0,1,9,00,2,0,19,200600064158B01,32/ 37,1/23,2
200600064189,2006-10-27,2006,octobre,vendredi,80:0,83,83137,0,0,2,1,6,1,1,4,1,01,1,1,000,040,1,0,1,1,1,20,0,1,9,00,1,1,17,200600064189A01,,,
200600064201,2006-10-25,2006,octobre,mercredi,17:25,83,83144,0,0,2,1,3,1,1,3,2,02,1,1,042,122,1,0,1,3,1,56,1,1,2,00,2,8,18,200600064201B01,7,16,1
200600064252,2006-10-27,2006,octobre,vendredi,19:30,84,84087,0,0,1,3,3,3,1,3,2,02,1,2,000,000,1,0,1,4,1,18,5,1,9,00,2,5,15,200600064252A01,7,1,1
200600064253,2006-10-04,2006,octobre,mercredi,13:30,85,85191,0,0,2,6,6,1,1,4,1,01,1,1,000,075,1,5,1,3,1,59,1,1,4,00,0,5,1,200600064253B01,7,3,1
200600064257,2006-10-02,2006,octobre,lundi,17:55,85,85194,0,0,2,9,6,1,2,3,2,02,1,1,000,000,2,0,5,3,2,17,2,1,9,00,0,3,5,200600064257B01,7,4,1
200600064259,2006-10-08,2006,octobre,dimanche,10:30,85,85194,0,0,2,2,3,1,1,4,2,03,1,1,000,090,1,0,1,3,1,73,0,1,9,00,0,3,16,200600064259B01,7,12,1
200600064274,2006-10-11,2006,octobre,mercredi,20:15,86,86194,0,0,2,2,3,5,3,4,2,02,1,1,000,070,2,0,1,4,2,23,5,1,9,00,2,1,1,200600064274B01,7,15,1
200600064292,2006-10-02,2006,octobre,lundi,73:0,87,87085,0,0,2,3,3,5,1,4,2,02,-1,-1,000,080,1,0,1,4,2,22,1,1,2,00,2,1,1,200600064292B01,7,15,1
200600064307,2006-10-07,2006,octobre,samedi,10:15,87,87085,0,0,2,3,2,1,1,2,3,06,-1,1,010,186,1,0,1,4,1,52,5,1,9,00,2,4,1,200600064307B01,7,9,1
200600064312,2006-10-09,2006,octobre,lundi,17:54,87,87085,0,0,2,3,3,1,1,4,2,02,1,1,000,075,1,0,0,4,2,27,1,1,2,00,2,1,17,200600064312A01,7,15,1
200600064315,2006-10-11,2006,octobre,mercredi,10:15,87,87085,0,0,2,1,6,1,1,4,2,02,1,1,000,060,1,0,4,4,1,22,0,1,2,00,0,0,0,200600064315A01,,,
200600064330,2006-10-19,2006,octobre,jeudi,12:45,87,87085,0,0,2,2,3,1,1,4,2,02,-1,1,000,060,-1,0,1,3,1,36,5,1,2,00,2,1,1,200600064330B01,7,15,1
200600064333,2006-10-21,2006,octobre,samedi,84:5,87,87085,0,0,1,1,6,1,1,4,2,02,1,1,000,060,2,0,1,1,1,61,5,1,9,00,1,1,1,200600064333A01,,,
200600064333,2006-10-21,2006,octobre,samedi,84:5,87,87085,0,0,1,1,6,1,1,4,2,02,1,1,000,060,2,0,1,4,2,40,0,0,0,00,1,1,1,200600064333A01,,,
200600064355,2006-10-03,2006,octobre,mardi,13:20,88,88424,0,0,2,1,3,1,3,3,2,02,1,1,025,118,2,5,1,3,1,49,1,1,9,00,2,7,19,200600064355B01,7,1,1
200600064363,2006-10-09,2006,octobre,lundi,75:0,89,89024,0,0,2,3,3,1,1,4,2,02,1,1,000,000,1,0,1,4,2,12,2,1,9,00,2,8,1,200600064363B01,10,21,1
200600064367,2006-10-31,2006,octobre,mardi,23:05,89,89387,0,0,2,2,3,5,1,4,2,02,2,1,000,120,1,0,1,2,1,18,5,0,0,00,2,8,1,200600064367B01,7,1,1
200600064377,2006-10-26,2006,octobre,jeudi,70:0,90,90010,0,0,2,3,3,5,1,4,1,01,1,1,000,000,1,0,1,4,1,18,0,1,9,00,0,8,19,200600064377A01,33,1,1
200600064379,2006-10-29,2006,octobre,dimanche,15:25,90,90010,0,0,2,1,3,1,1,4,2,02,-1,1,000,070,1,0,1,4,1,13,5,1,2,00,2,7,11,200600064379B01,7,1,1
200600064384,2006-10-11,2006,octobre,mercredi,16:10,91,91027,0,0,2,2,6,1,1,3,2,03,1,1,000,129,1,0,1,2,2,12,5,1,9,00,0,7,19,200600064384B01,14,1,1
200600064447,2006-10-15,2006,octobre,dimanche,11:20,91,91549,0,0,2,1,3,1,1,4,2,02,1,1,000,000,1,0,1,4,2,7,9,1,9,00,2,1,19,200600064447A01,7,1,1
200600064464,2006-10-23,2006,octobre,lundi,19:10,92,92004,0,0,2,1,6,5,2,4,1,01,-1,-1,000,000,2,0,1,4,1,26,1,1,9,01,0,1,0,200600064464B01,7,22,1
200600064474,2006-10-02,2006,octobre,lundi,20:07,92,92012,0,0,2,1,2,1,2,4,2,02,1,1,000,072,2,0,1,4,2,55,1,1,9,00,2,4,2,200600064474B01,4,1,1
200600064529,2006-10-10,2006,octobre,mardi,74:0,92,92025,0,0,2,1,3,2,1,3,2,02,1,1,000,080,2,0,1,4,1,17,2,1,2,01,0,7,2,200600064529B01,7,22,1
200600064560,2006-10-04,2006,octobre,mercredi,11:00,92,92040,0,0,2,6,1,1,1,3,2,02,1,1,000,100,1,0,1,4,1,25,9,1,2,00,2,1,5,200600064560B01,7,1,1
200600064571,2006-10-10,2006,octobre,mardi,53:5,92,92044,0,0,2,2,5,5,1,4,1,01,1,1,000,000,2,0,1,1,1,29,0,1,9,01,2,0,0,200600064571D01,10/ 30,0,3
200600064574,2006-10-25,2006,octobre,mercredi,12:35,92,92044,0,0,2,1,6,1,1,4,1,01,1,1,000,000,1,0,0,4,1,12,2,1,2,00,2,1,1,200600064574B01,7,0,1
200600064604,2006-10-03,2006,octobre,mardi,75:5,92,92051,0,0,2,1,1,1,3,4,2,02,1,1,000,140,2,0,1,3,1,44,1,1,9,00,2,1,3,200600064604A01,7,15,1
200600064617,2006-10-18,2006,octobre,mercredi,15:30,92,92063,0,0,2,3,3,1,1,3,2,02,2,1,000,000,1,0,0,4,1,11,5,1,9,00,2,1,19,200600064617A01,7,1,1
200600064628,2006-10-16,2006,octobre,lundi,13:40,92,92064,0,0,2,1,6,1,1,4,1,01,1,1,000,050,1,0,1,3,2,12,2,1,9,00,2,4,9,200600064628B01,7,1,1
200600064635,2006-10-07,2006,octobre,samedi,18:10,92,92022,0,0,2,1,2,1,1,3,2,02,2,1,015,090,1,0,1,3,1,50,5,1,2,00,2,1,1,200600064635A01,37,23,1
200600064710,2006-10-15,2006,octobre,dimanche,21:40,93,93008,0,0,2,6,6,5,1,4,1,02,1,1,100,100,1,0,1,4,1,37,0,1,9,00,2,2,2,200600064710V01,7,9,1
200600064732,2006-10-18,2006,octobre,mercredi,10:00,93,93029,0,0,2,1,3,2,1,3,2,02,1,1,000,200,1,0,1,4,1,26,5,1,9,00,2,1,1,200600064732B01,7,20,1
200600064750,2006-10-10,2006,octobre,mardi,14:00,93,93047,0,0,2,3,2,1,1,4,2,02,4,1,000,059,1,0,1,3,1,22,1,1,9,00,2,1,2,200600064750A01,7,1,1
200600064752,2006-10-18,2006,octobre,mercredi,80:0,93,93032,0,0,2,2,3,2,2,4,3,01,1,3,000,000,2,5,1,3,1,16,2,1,9,00,0,3,16,200600064752B01,7,15,1
200600064783,2006-10-20,2006,octobre,vendredi,12:25,93,93046,0,0,2,1,1,1,1,4,2,02,1,1,000,055,2,0,1,4,1,18,1,1,9,00,2,1,1,200600064783B01,7,13,1
200600064786,2006-10-23,2006,octobre,lundi,17:05,93,93046,0,0,2,1,7,1,2,2,3,04,1,1,010,120,2,0,1,4,1,17,0,1,2,12,0,1,0,200600064786A01,,,
200600064787,2006-10-23,2006,octobre,lundi,17:25,93,93046,0,0,2,1,3,1,2,2,2,04,1,1,010,120,2,0,1,4,1,12,2,1,9,00,2,2,19,200600064787A01,7,1,1
200600064800,2006-10-04,2006,octobre,mercredi,18:50,93,93050,0,0,2,1,1,1,2,4,2,01,1,1,000,230,2,0,1,3,1,11,5,1,9,00,2,3,19,200600064800A01,7,1,1
200600064803,2006-10-21,2006,octobre,samedi,82:5,93,93049,0,0,2,3,1,1,1,4,2,02,1,1,000,064,1,0,1,4,1,28,0,1,9,00,2,1,1,200600064803B01,7,0,1
200600064829,2006-10-09,2006,octobre,lundi,17:10,93,93062,0,0,2,9,3,1,8,4,2,02,2,1,015,100,1,0,0,4,2,13,0,1,9,00,2,1,19,200600064829A01,37,0,1
200600064861,2006-10-28,2006,octobre,samedi,16:20,93,93066,0,0,2,2,3,1,1,4,2,02,1,1,000,050,1,5,1,3,1,6,5,0,0,00,2,8,1,200600064861B01,7,1,1
200600064893,2006-10-12,2006,octobre,jeudi,81:0,93,93073,0,0,2,1,3,1,1,4,2,02,1,1,000,060,1,5,1,3,1,17,2,1,9,00,0,0,0,200600064893B01,7,0,1
200600064927,2006-10-20,2006,octobre,vendredi,16:20,94,94017,0,0,2,1,3,1,1,4,2,00,1,1,000,072,1,0,1,4,2,40,1,1,2,00,2,1,1,200600064927B01,7,15,1
200600064937,2006-10-04,2006,octobre,mercredi,14:10,94,94019,0,0,2,1,6,1,1,3,2,02,1,1,000,055,1,0,1,4,1,38,5,1,2,01,0,1,2,200600064937B01,7,24,1
200600064941,2006-10-14,2006,octobre,samedi,18:40,94,94055,0,0,2,3,3,1,1,4,2,02,1,1,000,060,1,0,1,4,2,12,9,1,9,00,0,1,1,200600064941B01,7,1,1
200600064953,2006-10-01,2006,octobre,dimanche,20:45,94,94028,0,0,2,2,3,2,1,3,2,02,1,1,000,060,-1,0,0,4,1,17,5,1,2,00,2,1,0,200600064953A01,7,0,1
200600064955,2006-10-02,2006,octobre,lundi,75:5,94,94028,0,0,2,1,6,1,1,4,3,04,1,1,010,120,1,0,1,4,1,50,5,1,2,00,2,1,16,200600064955A01,7,16,1
200600064963,2006-10-11,2006,octobre,mercredi,17:45,94,94011,0,0,2,1,3,1,1,3,3,02,-1,-1,000,060,-1,0,1,4,1,12,0,1,9,00,2,7,19,200600064963B01,33,2,1
200600064964,2006-10-12,2006,octobre,jeudi,81:5,94,94028,0,0,2,2,3,1,1,2,3,04,-1,-1,000,120,-1,0,1,4,1,13,0,1,9,00,2,1,19,200600064964B01,7,16,1
200600064971,2006-10-17,2006,octobre,mardi,91:5,94,94028,0,0,2,2,3,1,1,2,2,02,1,1,000,060,1,0,1,4,1,28,0,1,9,00,2,7,1,200600064971A01,7,2,1
200600064981,2006-10-28,2006,octobre,samedi,12:50,94,94028,0,0,2,2,3,1,1,4,2,04,-1,-1,060,120,-1,0,0,4,1,28,5,1,2,00,2,1,0,200600064981A01,7,0,1
200600065004,2006-10-06,2006,octobre,vendredi,90:0,94,94021,0,0,2,1,3,1,1,4,2,02,1,1,000,060,1,0,1,4,1,77,3,1,9,00,2,3,0,200600065004B01,7,2,1
200600065018,2006-10-19,2006,octobre,jeudi,92:0,94,94034,0,0,2,1,3,1,2,4,2,00,1,1,000,000,2,0,1,4,1,32,5,1,9,00,2,1,1,200600065018B01,7,20,1
200600065025,2006-10-16,2006,octobre,lundi,16:40,94,94041,0,0,2,1,3,1,1,4,-1,02,-1,-1,000,000,-1,0,1,4,1,66,0,1,2,00,2,8,0,200600065025B01,5,0,1
200600065031,2006-10-29,2006,octobre,dimanche,16:00,94,94041,0,0,2,1,3,1,1,2,-1,04,1,1,000,000,1,0,4,4,2,28,0,1,2,00,2,1,9,200600065031B01,7,1,1
200600065040,2006-10-10,2006,octobre,mardi,11:20,94,94046,0,0,2,1,6,1,2,4,2,01,1,1,000,725,2,0,1,4,1,15,2,1,9,00,2,1,0,200600065040B01,7,21,1
200600065050,2006-10-06,2006,octobre,vendredi,19:50,94,94052,0,0,2,1,1,5,3,4,2,00,2,1,000,121,2,0,1,3,1,21,5,1,2,00,2,3,9,200600065050B01,7,9,1
200600065053,2006-10-13,2006,octobre,vendredi,19:45,94,94015,0,0,2,1,2,5,1,4,2,00,2,2,000,062,1,0,1,4,1,50,9,1,2,00,2,1,1,200600065053B01,7,1,1
200600065103,2006-10-23,2006,octobre,lundi,18:05,94,94080,0,0,2,2,3,2,8,3,1,00,1,1,000,070,2,0,1,4,2,57,5,1,9,00,0,0,1,200600065103B01,7,16,1
200600065115,2006-10-09,2006,octobre,lundi,19:50,95,95018,0,0,2,1,3,5,2,3,2,04,1,1,000,150,2,2,1,3,1,27,1,1,9,00,2,4,12,200600065115B01,7,1,1
200600065129,2006-10-27,2006,octobre,vendredi,11:40,95,95582,0,0,2,1,7,1,1,4,2,02,1,1,000,050,1,0,1,3,1,17,5,1,2,00,0,0,1,200600065129A01,,,
200600065132,2006-10-25,2006,octobre,mercredi,84:5,95,95582,0,0,2,1,7,1,1,4,2,02,1,1,000,056,1,0,1,4,2,12,2,0,0,00,0,0,1,200600065132A01,,,
200600065139,2006-10-17,2006,octobre,mardi,21:45,95,95476,0,0,2,1,2,5,1,3,2,02,3,1,000,030,1,0,5,4,1,41,5,1,4,00,2,4,1,200600065139B01,7,2,1
200600065151,2006-10-06,2006,octobre,vendredi,12:15,95,95203,0,0,2,1,6,1,1,4,1,01,1,1,000,000,1,0,1,4,2,85,5,1,2,00,2,1,11,200600065151B01,7,2,1
200600065180,2006-10-20,2006,octobre,vendredi,13:35,95,95607,0,0,2,9,6,1,1,4,2,02,1,2,000,050,1,0,5,4,1,61,5,1,9,00,0,8,1,200600065180B01,7,1,1
200600065194,2006-10-25,2006,octobre,mercredi,12:40,69,69381,0,0,2,3,3,1,1,2,3,02,2,1,000,000,1,0,1,4,1,55,0,1,9,00,2,8,19,200600065194B01,33,1,1
200600065543,2006-10-04,2006,octobre,mercredi,12:55,69,69383,0,0,2,1,6,1,1,4,2,04,1,1,000,000,1,0,1,4,2,40,0,1,9,00,1,1,1,200600065543A01,,,
200600065544,2006-10-05,2006,octobre,jeudi,17:50,69,69383,0,0,2,1,6,1,1,4,2,06,1,1,000,000,1,0,4,1,1,13,5,1,9,00,1,1,1,200600065544A01,,,
200600065550,2006-10-10,2006,octobre,mardi,82:5,69,69383,0,0,2,1,6,1,1,4,1,01,1,1,000,000,1,0,1,4,1,40,1,1,2,00,1,1,1,200600065550A01,,,
200600065557,2006-10-04,2006,octobre,mercredi,16:20,69,69383,0,0,2,1,6,1,2,4,2,06,1,1,000,000,2,0,1,4,1,32,9,1,2,00,0,1,8,200600065557A01,,,