Num_Acc,date,an,mois,jour,hrmn,dep,com,lat,long,agg,int,col,lum,atm,catr,circ,nbv,prof,plan,lartpc,larrout,surf,infra,situ,grav,sexe,age,trajet,secuexist,equipement,obs,obsm,choc,manv,vehiculeid,typevehicules,manoeuvehicules,numVehicules
200600065571,2006-10-27,2006,octobre,vendredi,84:0,69,69383,0,0,2,1,3,1,1,4,1,01,1,1,000,000,1,0,1,4,2,32,1,1,9,00,2,1,1,200600065571B01,7,23,1
200600065579,2006-10-10,2006,octobre,mardi,72:0,69,69384,0,0,2,1,6,2,1,4,2,02,1,-1,000,040,1,0,4,1,1,30,0,1,2,00,1,1,14,200600065579A01,,,
200600065631,2006-10-27,2006,octobre,vendredi,12:40,69,69387,0,0,2,1,3,1,1,4,1,02,1,1,000,105,1,0,4,4,1,36,9,1,2,00,2,1,1,200600065631B01,7,1,1
200600065748,2006-10-16,2006,octobre,lundi,13:10,14,14220,0,0,2,6,3,1,1,3,-1,01,1,3,000,050,1,0,1,4,2,47,1,1,9,00,0,0,1,200600065748B01,7,12,1
200600065765,2006-11-18,2006,novembre,samedi,16:10,02,02691,0,0,2,1,7,1,1,4,2,02,1,1,000,075,1,0,1,4,1,15,5,1,9,00,0,1,1,200600065765B01,7,22,1
200600065780,2006-11-23,2006,novembre,jeudi,20:55,03,03185,0,0,2,2,3,5,2,4,2,02,1,-1,000,161,2,5,1,3,2,51,0,1,4,00,2,1,15,200600065780A01,7,1,1
200600065785,2006-11-03,2006,novembre,vendredi,14:00,03,03310,0,0,2,1,1,1,1,4,2,02,1,1,000,060,1,0,1,3,1,12,5,1,2,00,2,1,13,200600065785A01,7,1,1
200600065787,2006-11-12,2006,novembre,dimanche,16:10,03,03310,0,0,2,2,3,1,1,4,2,02,1,1,000,070,1,5,1,4,2,28,5,1,2,00,2,1,16,200600065787B01,7,15,1
200600065793,2006-11-27,2006,novembre,lundi,13:45,03,03023,0,0,2,1,3,1,1,2,2,02,1,1,000,107,1,0,1,3,1,71,5,1,9,00,2,1,1,200600065793B01,7,16,1
200600065835,2006-11-15,2006,novembre,mercredi,16:30,06,06027,0,0,2,3,3,1,1,4,1,01,1,1,000,000,1,0,1,4,1,11,5,1,9,00,2,1,1,200600065835B01,7,0,1
200600065867,2006-11-20,2006,novembre,lundi,81:0,06,06029,0,0,2,6,3,1,1,2,2,04,1,1,020,130,1,0,1,4,1,74,5,1,2,00,2,3,1,200600065867B01,7,16,1
200600065921,2006-11-06,2006,novembre,lundi,90:0,06,06088,0,0,2,1,3,1,1,4,2,02,1,2,000,152,1,0,1,4,2,66,5,1,2,00,2,0,16,200600065921B01,7,16,1
200600065933,2006-11-08,2006,novembre,mercredi,16:30,06,06088,0,0,2,1,3,1,1,4,3,06,1,1,000,000,1,0,1,4,1,68,5,1,2,00,2,4,11,200600065933A01,7,1,1
200600065952,2006-11-11,2006,novembre,samedi,53:0,06,06088,0,0,2,1,2,5,1,4,2,02,1,1,000,060,1,0,0,4,1,22,0,1,2,00,2,0,0,200600065952B01,7,0,1
200600065983,2006-11-17,2006,novembre,vendredi,18:05,06,06088,0,0,2,1,5,5,1,4,2,04,1,1,000,100,1,0,1,4,1,21,9,0,0,00,2,1,1,200600065983A01,2/ 37,1,2
200600065986,2006-11-18,2006,novembre,samedi,92:0,06,06088,0,0,2,1,6,1,1,4,1,00,1,1,000,000,1,2,1,4,1,72,5,1,2,00,2,4,1,200600065986B01,2,0,1
200600065986,2006-11-18,2006,novembre,samedi,92:0,06,06088,0,0,2,1,6,1,1,4,1,00,1,1,000,000,1,2,1,4,1,42,5,1,9,00,2,4,1,200600065986C01,2,0,1
200600066036,2006-11-27,2006,novembre,lundi,10:15,06,06088,0,0,2,2,3,1,1,2,2,03,1,1,000,100,1,0,1,4,1,64,5,1,2,00,2,1,1,200600066036A01,33,1,1
200600066043,2006-11-28,2006,novembre,mardi,14:45,06,06088,0,0,2,1,3,1,1,4,1,02,2,1,020,096,1,0,1,4,2,53,5,1,9,00,2,2,1,200600066043B01,7,9,1
200600066076,2006-11-07,2006,novembre,mardi,17:25,09,09225,0,0,2,1,3,1,1,4,2,02,1,1,000,068,1,0,1,3,1,12,2,1,2,00,2,0,2,200600066076B01,10,2,1
200600066087,2006-11-30,2006,novembre,jeudi,16:40,11,11262,0,0,2,2,3,1,1,4,2,02,1,2,000,069,1,0,1,4,1,58,1,0,0,00,2,1,1,200600066087B01,10,11,1
200600066101,2006-11-24,2006,novembre,vendredi,63:0,13,13001,0,0,2,3,1,2,1,4,1,01,2,3,000,050,1,0,1,3,1,37,1,1,2,00,2,1,5,200600066101A01,7,9,1
200600066106,2006-11-17,2006,novembre,vendredi,19:30,13,13004,0,0,2,2,3,5,3,4,2,02,1,-1,000,000,2,0,1,3,2,58,1,1,9,00,2,8,1,200600066106B01,7,15,1
200600066111,2006-11-30,2006,novembre,jeudi,18:50,13,13004,0,0,2,6,3,5,8,4,2,02,1,3,000,000,2,0,1,4,1,48,1,1,9,00,2,0,1,200600066111B01,7,0,1
200600066131,2006-11-11,2006,novembre,samedi,92:0,13,13043,0,0,2,3,3,1,1,4,2,02,1,1,042,129,1,0,1,4,1,60,5,1,2,00,2,6,1,200600066131A01,10,0,1
200600066148,2006-11-03,2006,novembre,vendredi,16:00,13,13055,0,0,2,1,1,1,1,4,2,02,1,1,000,088,1,0,1,3,1,10,0,0,0,00,2,0,5,200600066148A01,10,1,1
200600066156,2006-11-08,2006,novembre,mercredi,92:0,13,13055,0,0,2,1,3,1,1,4,2,02,1,1,000,087,-1,0,1,3,1,59,0,0,0,00,0,3,19,200600066156B01,33,17,1
200600066160,2006-11-03,2006,novembre,vendredi,62:5,13,13055,0,0,2,2,3,2,1,4,2,04,1,1,000,139,1,0,1,4,1,37,1,0,0,00,2,1,1,200600066160A01,7,1,1
200600066161,2006-11-04,2006,novembre,samedi,82:0,13,13055,0,0,2,6,3,1,1,4,1,01,1,-1,000,000,1,0,1,4,2,41,1,1,9,00,2,8,1,200600066161A01,34,1,1
200600066335,2006-11-23,2006,novembre,jeudi,16:35,13,13055,0,0,2,3,3,1,1,4,2,02,1,-1,000,025,1,0,0,4,1,51,0,1,9,00,2,1,9,200600066335A01,7,1,1
200600066394,2006-11-19,2006,novembre,dimanche,84:0,13,13071,0,0,1,1,3,1,1,4,1,00,1,2,000,000,1,5,1,4,1,39,0,1,2,00,2,0,1,200600066394B01,7,16,1
200600066408,2006-11-25,2006,novembre,samedi,13:35,14,14118,0,0,2,1,2,1,1,3,1,02,2,1,030,070,1,0,1,3,1,50,4,1,9,00,0,4,1,200600066408B01,7,1,1
200600066421,2006-11-06,2006,novembre,lundi,17:15,16,16015,0,0,2,2,6,1,1,4,2,02,2,1,000,080,1,0,1,4,1,19,5,1,4,00,2,1,1,200600066421B01,7,15,1
200600066430,2006-11-13,2006,novembre,lundi,12:10,17,17299,0,0,2,2,3,1,1,4,2,02,1,1,000,144,1,5,1,4,2,46,0,1,9,00,2,3,1,200600066430B01,7,1,1
200600066451,2006-11-17,2006,novembre,vendredi,16:35,17,17300,0,0,2,1,3,1,1,4,2,03,1,1,000,000,1,0,1,4,2,41,9,1,2,00,2,8,1,200600066451B01,7,15,1
200600066478,2006-11-08,2006,novembre,mercredi,75:0,17,17415,0,0,2,2,3,2,1,4,2,02,1,1,000,050,1,0,1,4,1,18,2,1,9,00,2,1,1,200600066478B01,7,15,1
200600066483,2006-11-22,2006,novembre,mercredi,73:5,17,17415,0,0,2,1,2,3,1,4,-1,02,2,1,000,060,2,0,1,4,1,20,0,1,4,00,0,4,2,200600066483B01,30,2,1
200600066518,2006-11-28,2006,novembre,mardi,17:50,21,21054,0,0,2,1,6,5,2,4,2,03,1,1,000,000,2,0,1,4,1,18,1,1,4,00,2,8,19,200600066518A01,7,1,1
200600066538,2006-11-24,2006,novembre,vendredi,11:04,21,21231,0,0,2,1,2,1,2,4,3,04,2,1,020,128,2,0,1,3,1,18,2,1,2,00,2,3,11,200600066538B01,7,1,1
200600066547,2006-11-14,2006,novembre,mardi,16:55,22,22113,0,0,2,5,2,1,1,3,-1,02,1,-1,000,000,1,5,1,3,1,85,5,1,4,00,2,4,2,200600066547B01,7,2,1
200600066583,2006-11-08,2006,novembre,mercredi,80:3,25,25056,0,0,2,6,3,1,1,4,2,02,1,1,000,000,1,3,1,4,1,19,2,1,2,00,2,1,1,200600066583B01,7,9,1
200600066602,2006-11-22,2006,novembre,mercredi,18:38,25,25056,0,0,1,1,3,5,1,4,2,02,1,1,000,088,1,0,1,4,1,15,5,1,9,00,2,8,13,200600066602B01,7,13,1
200600066612,2006-11-28,2006,novembre,mardi,11:29,25,25388,0,0,2,1,3,1,1,4,3,01,1,-1,000,025,1,0,1,4,1,62,5,1,2,00,2,9,2,200600066612B01,7,1,1
200600066669,2006-11-16,2006,novembre,jeudi,18:25,27,27681,0,0,2,9,6,2,1,4,2,02,1,1,000,052,1,0,1,4,1,18,5,1,2,00,2,1,1,200600066669B01,7,1,1
200600066673,2006-11-06,2006,novembre,lundi,82:5,27,27681,0,0,2,1,3,1,5,4,2,02,1,1,000,064,-1,0,1,3,1,15,2,1,2,00,2,7,19,200600066673B01,30,1,1
200600066674,2006-11-03,2006,novembre,vendredi,18:15,28,28085,0,0,2,1,3,1,1,4,-1,02,1,-1,000,078,1,0,0,4,1,54,0,1,4,00,2,0,0,200600066674B01,7,0,1
200600066755,2006-11-06,2006,novembre,lundi,11:40,30,30189,0,0,2,1,6,1,1,4,2,02,1,1,000,072,1,0,1,4,1,26,9,1,2,00,2,1,5,200600066755A01,7,1,1
200600066756,2006-11-06,2006,novembre,lundi,16:19,30,30189,0,0,2,2,3,1,1,4,-1,01,1,1,000,042,1,0,1,4,1,13,5,1,2,00,2,1,1,200600066756A01,32,1,1
200600066758,2006-11-07,2006,novembre,mardi,91:4,30,30189,0,0,2,6,3,1,1,3,2,02,1,1,000,070,1,0,1,4,1,69,9,1,2,00,2,7,1,200600066758B01,7,9,1
200600066815,2006-11-03,2006,novembre,vendredi,17:25,31,31555,0,0,2,1,6,1,1,4,2,04,1,1,000,136,1,0,1,1,1,38,5,1,9,00,1,1,1,200600066815A01,,,
200600066832,2006-11-09,2006,novembre,jeudi,17:25,31,31555,0,0,2,1,3,1,1,4,2,03,1,1,000,090,1,0,1,4,2,28,4,1,9,00,2,3,19,200600066832B01,7,1,1
200600066834,2006-11-09,2006,novembre,jeudi,84:0,31,31555,0,0,2,1,3,1,1,4,2,02,1,1,000,060,1,0,1,4,1,14,2,1,2,00,2,1,5,200600066834B01,10,9,1
200600066836,2006-11-10,2006,novembre,vendredi,72:1,31,31555,0,0,2,1,2,5,1,4,2,03,1,1,000,112,1,0,1,1,2,43,9,1,9,00,2,4,2,200600066836B01,32,2,1
200600066852,2006-11-14,2006,novembre,mardi,12:15,31,31555,0,0,2,1,6,1,1,4,2,04,1,1,000,135,1,0,1,1,1,18,9,1,9,00,1,0,11,200600066852A01,,,
200600066870,2006-11-17,2006,novembre,vendredi,15:38,31,31555,0,0,2,1,3,1,1,4,2,02,1,1,000,070,1,0,1,4,1,36,9,1,9,00,2,1,9,200600066870A01,37,7,1
200600066879,2006-11-20,2006,novembre,lundi,10:25,31,31555,0,0,2,1,3,1,1,4,2,02,1,1,000,100,1,0,1,4,1,18,9,1,2,00,2,2,17,200600066879B01,10,23,1
200600066919,2006-11-10,2006,novembre,vendredi,15:40,31,31557,0,0,2,6,3,1,1,4,2,02,1,1,072,149,1,5,1,3,1,61,5,1,2,00,2,7,19,200600066919A01,7,1,1
200600066920,2006-11-15,2006,novembre,mercredi,17:40,31,31557,0,0,2,1,3,5,1,3,3,02,1,1,018,078,1,0,5,3,1,12,5,1,4,12,2,7,19,200600066920B01,33,1,1
200600066926,2006-11-01,2006,novembre,mercredi,16:00,33,33529,0,0,1,1,1,1,1,4,3,02,1,1,000,049,1,0,1,4,2,24,5,1,9,00,2,1,19,200600066926B01,7,1,1
200600066931,2006-11-01,2006,novembre,mercredi,5:,33,33318,0,0,2,3,3,5,1,4,2,01,1,1,000,040,1,0,5,4,2,21,5,1,2,00,2,1,1,200600066931B01,33,1,1
200600066938,2006-11-02,2006,novembre,jeudi,85:5,33,33318,0,0,2,3,3,1,1,4,2,03,1,1,000,090,1,0,1,4,1,57,5,1,2,00,2,0,1,200600066938B01,7,15,1
200600066946,2006-11-06,2006,novembre,lundi,14:00,33,33063,0,0,2,1,6,1,1,4,2,01,1,2,000,000,1,0,1,4,1,16,0,1,2,00,2,1,19,200600066946B01,7,1,1
200600066976,2006-11-15,2006,novembre,mercredi,19:15,33,33063,0,0,2,2,3,5,1,4,1,01,1,1,000,048,1,0,1,4,1,21,0,1,4,00,2,0,1,200600066976B01,7,15,1
200600066982,2006-11-14,2006,novembre,mardi,17:15,33,33281,0,0,2,6,3,2,1,4,2,02,1,1,015,145,1,0,1,3,2,24,0,1,2,01,2,7,19,200600066982B01,7,16,1
200600066988,2006-11-20,2006,novembre,lundi,74:0,33,33063,0,0,2,2,3,1,1,4,1,01,1,1,000,000,1,0,1,1,1,24,0,1,2,00,0,1,1,200600066988A01,2,1,1
200600066990,2006-11-16,2006,novembre,jeudi,80:5,33,33281,0,0,2,2,3,1,2,4,2,02,1,2,000,070,2,0,1,4,2,16,2,1,2,00,2,1,15,200600066990B01,10,17,1
200600066991,2006-11-15,2006,novembre,mercredi,18:25,33,33281,0,0,2,1,1,5,1,4,2,02,1,1,000,068,1,0,1,4,1,9,0,1,4,00,2,1,19,200600066991A01,7,1,1
200600066998,2006-11-17,2006,novembre,vendredi,18:00,33,33281,0,0,2,1,3,5,1,4,4,01,1,1,000,050,1,0,1,4,2,46,0,1,4,00,0,8,1,200600066998B01,7,14,1
200600067015,2006-11-27,2006,novembre,lundi,74:0,33,33063,0,0,2,1,3,2,1,4,2,03,1,1,000,100,1,0,1,4,2,10,2,1,2,00,2,4,13,200600067015A01,38,1,1
200600067017,2006-11-28,2006,novembre,mardi,10:45,33,33063,0,0,2,1,3,1,1,4,2,02,1,1,000,075,1,0,1,4,1,20,0,1,2,01,0,1,1,200600067017B01,7,22,1
200600067018,2006-11-27,2006,novembre,lundi,12:30,33,33063,0,0,2,1,3,1,1,4,2,02,1,1,000,000,1,0,1,4,2,32,0,1,2,14,0,1,1,200600067018B01,7,22,1
200600067020,2006-11-22,2006,novembre,mercredi,65:5,33,33281,0,0,2,2,3,5,2,4,2,02,1,1,000,000,2,0,1,3,1,43,1,1,2,00,2,1,16,200600067020B01,7,15,1
200600067024,2006-11-26,2006,novembre,dimanche,10:45,33,33281,0,0,2,1,3,1,1,4,2,02,2,1,000,062,1,0,1,4,1,68,9,1,2,00,0,3,1,200600067024B01,7,15,1
200600067029,2006-11-30,2006,novembre,jeudi,84:0,33,33063,0,0,2,2,3,1,1,4,1,01,1,1,000,051,1,0,1,4,2,14,9,1,2,00,2,1,1,200600067029A01,7,1,1
200600067036,2006-11-28,2006,novembre,mardi,19:30,33,33318,0,0,2,1,6,4,2,4,2,02,2,1,000,024,2,0,5,3,1,58,0,1,2,00,1,1,1,200600067036A01,,,
200600067087,2006-11-06,2006,novembre,lundi,16:16,34,34172,0,0,2,2,3,1,1,4,2,02,1,1,000,068,1,0,5,3,1,68,5,1,2,00,4,3,0,200600067087A01,19,0,1
200600067109,2006-11-20,2006,novembre,lundi,10:00,34,34172,0,0,2,2,3,1,1,4,2,02,2,3,030,060,1,0,1,4,1,17,2,1,9,00,2,2,15,200600067109A01,33,16,1
200600067119,2006-11-23,2006,novembre,jeudi,85:1,34,34172,0,0,2,2,3,1,1,4,1,01,1,1,000,060,2,0,1,4,1,45,4,1,4,00,2,8,1,200600067119B01,7,1,1
200600067151,2006-11-08,2006,novembre,mercredi,18:00,35,35238,0,0,2,6,3,2,1,4,1,02,1,3,000,000,1,5,1,4,1,59,5,1,9,00,0,0,0,200600067151B01,7,0,1
200600067164,2006-11-16,2006,novembre,jeudi,80:0,35,35238,0,0,2,1,3,2,1,4,-1,00,-1,-1,000,000,1,5,1,4,1,26,0,1,9,00,2,0,0,200600067164A01,7,0,1
200600067166,2006-11-16,2006,novembre,jeudi,12:25,35,35238,0,0,2,3,3,1,2,4,2,03,1,1,000,090,2,0,1,4,1,44,1,1,9,00,2,1,23,200600067166B01,7,15,1
200600067168,2006-11-17,2006,novembre,vendredi,11:5,35,35238,0,0,2,2,3,5,1,4,2,02,1,1,000,073,1,0,1,4,1,21,5,1,9,00,2,1,19,200600067168B01,7,18,1
200600067187,2006-11-21,2006,novembre,mardi,20:30,35,35238,0,0,2,1,6,5,1,4,2,02,1,1,000,000,2,0,1,1,1,31,1,1,9,00,1,1,1,200600067187A01,,,
200600067196,2006-11-27,2006,novembre,lundi,15:55,35,35238,0,0,2,6,3,1,1,4,2,02,2,-1,000,000,1,5,1,3,1,19,5,1,9,00,2,7,1,200600067196B01,7,9,1
200600067200,2006-11-29,2006,novembre,mercredi,13:20,35,35238,0,0,2,3,3,1,1,4,3,01,2,1,000,030,1,0,1,4,2,22,0,1,9,00,2,1,1,200600067200B01,7,16,1
200600067219,2006-11-30,2006,novembre,jeudi,18:05,36,36044,0,0,2,1,7,2,1,4,1,02,1,1,000,140,1,0,1,4,1,56,4,1,9,00,0,0,1,200600067219A01,,,
200600067246,2006-11-06,2006,novembre,lundi,14:40,38,38185,0,0,2,1,6,1,1,4,2,02,1,1,000,106,1,0,1,3,1,59,0,1,9,01,0,1,1,200600067246B01,7,22,1
200600067270,2006-11-21,2006,novembre,mardi,73:0,38,38185,0,0,2,1,6,2,2,4,2,03,1,1,000,140,2,0,1,4,1,58,0,1,9,00,2,3,19,200600067270A01,37,1,1
200600067275,2006-11-22,2006,novembre,mercredi,95:0,38,38185,0,0,2,2,1,1,1,3,1,03,1,1,000,090,-1,0,0,4,2,32,1,1,9,00,2,1,1,200600067275B01,31,5,1
200600067277,2006-11-23,2006,novembre,jeudi,14:10,38,38185,0,0,2,1,3,1,1,3,-1,00,1,1,000,000,1,0,0,2,1,50,0,1,9,00,4,1,16,200600067277B01,40,1,1
200600067280,2006-11-28,2006,novembre,mardi,83:0,38,38185,0,0,2,3,3,1,1,4,2,02,1,1,000,060,-1,0,1,4,2,31,0,1,9,00,2,1,1,200600067280B01,7,15,1
200600067282,2006-11-28,2006,novembre,mardi,10:00,38,38185,0,0,2,1,6,1,1,4,2,02,1,1,000,070,1,0,5,4,2,27,0,1,9,00,2,1,1,200600067282A01,7,15,1
200600067326,2006-11-19,2006,novembre,dimanche,92:0,42,42316,0,0,2,1,1,1,1,4,2,02,2,-1,000,077,1,0,1,4,1,50,5,1,2,00,2,1,1,200600067326B01,10,15,1
200600067330,2006-11-09,2006,novembre,jeudi,81:0,42,42187,0,0,2,1,2,1,1,4,2,02,-1,1,000,068,1,0,1,4,1,16,1,1,9,00,2,4,16,200600067330A01,7,1,1
200600067334,2006-11-22,2006,novembre,mercredi,15:25,42,42071,0,0,2,2,3,1,1,4,2,02,1,1,000,060,1,0,1,4,1,14,5,1,4,00,2,1,15,200600067334A01,7,1,1
200600067382,2006-11-03,2006,novembre,vendredi,12:20,44,44143,0,0,2,1,6,1,1,4,3,02,1,1,000,000,1,0,1,4,1,30,1,1,9,00,2,1,1,200600067382B01,7,14,1
200600067397,2006-11-08,2006,novembre,mercredi,13:45,44,44162,0,0,2,3,3,1,1,4,1,01,1,2,000,000,1,0,1,4,1,72,5,1,9,00,2,2,1,200600067397B01,7,9,1
200600067402,2006-11-15,2006,novembre,mercredi,19:10,44,44109,0,0,2,1,6,5,1,4,2,02,1,3,000,000,1,0,1,4,1,51,1,1,4,00,2,5,1,200600067402B01,7,1,1
200600067425,2006-11-27,2006,novembre,lundi,14:20,44,44109,0,0,2,6,3,1,1,4,3,04,1,3,040,130,1,0,1,4,1,56,1,1,2,00,2,0,1,200600067425B01,7,1,1
200600067457,2006-11-12,2006,novembre,dimanche,84:5,45,45234,0,0,2,1,2,1,1,4,2,02,1,3,000,060,1,0,1,4,1,56,5,1,2,00,0,1,1,200600067457B01,7,4,1
200600067458,2006-11-14,2006,novembre,mardi,80:0,45,45286,0,0,2,3,3,1,2,3,2,02,1,1,000,060,2,0,1,3,2,12,2,1,4,00,2,1,19,200600067458A01,33,1,1
200600067460,2006-11-17,2006,novembre,vendredi,83:5,45,45234,0,0,2,1,3,1,1,4,2,04,1,1,000,075,1,0,1,4,2,56,1,1,4,00,2,1,1,200600067460B01,7,1,1
200600067475,2006-11-27,2006,novembre,lundi,13:10,45,45284,0,0,2,1,2,1,1,4,2,02,1,1,000,068,1,0,1,4,1,16,0,1,4,01,0,1,16,200600067475B01,14,23,1
200600067478,2006-11-29,2006,novembre,mercredi,75:0,45,45285,0,0,2,1,3,1,1,4,2,02,1,1,000,069,1,0,1,4,1,15,2,1,4,00,2,8,15,200600067478B01,33,17,1
200600067479,2006-11-30,2006,novembre,jeudi,65:5,45,45234,0,0,2,2,3,5,9,4,2,02,1,1,000,060,1,0,1,4,1,55,9,1,4,00,2,8,1,200600067479B01,7,1,1
200600067481,2006-11-27,2006,novembre,lundi,75:0,45,45234,0,0,2,1,6,2,1,4,2,02,1,1,000,040,1,4,1,3,1,16,1,1,4,00,4,1,1,200600067481A01,40,1,1
200600067483,2006-11-08,2006,novembre,mercredi,10:23,47,47001,0,0,2,1,6,1,1,4,1,01,1,1,000,037,-1,0,1,1,1,18,5,1,2,00,1,0,5,200600067483A01,,,
200600067498,2006-11-01,2006,novembre,mercredi,11:40,49,49007,0,0,2,3,3,1,1,4,2,02,1,1,016,072,1,5,1,4,1,20,0,1,9,00,2,1,2,200600067498B01,7,16,1
200600067502,2006-11-03,2006,novembre,vendredi,17:15,49,49007,0,0,2,1,3,1,1,4,2,02,1,1,000,071,1,0,1,4,1,9,0,1,9,00,2,1,19,200600067502A01,7,1,1
200600067505,2006-11-06,2006,novembre,lundi,12:12,49,49007,0,0,2,1,6,1,1,4,2,02,1,1,000,080,1,0,1,4,1,25,0,1,9,01,0,1,1,200600067505B01,7,22,1
200600067512,2006-11-08,2006,novembre,mercredi,80:0,49,49353,0,0,2,6,6,1,1,4,1,02,1,2,000,060,1,5,1,4,1,52,0,1,9,00,2,0,2,200600067512B01,7,2,1
200600067513,2006-11-08,2006,novembre,mercredi,15:02,49,49007,0,0,2,1,3,1,1,4,2,02,1,1,000,090,1,0,1,4,2,42,0,1,9,00,2,0,13,200600067513A01,7,1,1
200600067515,2006-11-10,2006,novembre,vendredi,16:37,49,49007,0,0,2,1,3,1,1,4,2,04,1,1,000,090,1,5,1,4,1,37,4,1,2,00,2,3,1,200600067515B01,7,16,1
200600067533,2006-11-21,2006,novembre,mardi,17:16,49,49007,0,0,2,1,6,2,8,4,-1,01,1,1,000,060,2,0,1,4,2,19,0,1,9,01,0,1,1,200600067533B01,10,22,1
200600067546,2006-11-27,2006,novembre,lundi,16:14,49,49007,0,0,2,5,3,1,1,4,3,04,-1,1,000,160,1,5,1,4,2,34,1,1,9,00,2,1,1,200600067546B01,7,15,1
200600067547,2006-11-28,2006,novembre,mardi,65:5,49,49015,0,0,2,2,3,5,2,4,2,02,1,1,000,085,2,5,1,4,2,57,0,1,9,00,2,1,1,200600067547B01,7,15,1
200600067588,2006-11-08,2006,novembre,mercredi,84:5,51,51108,0,0,2,2,6,1,1,4,2,02,1,1,000,060,1,0,1,3,1,48,5,1,9,00,2,7,0,200600067588B01,10,1,1
200600067594,2006-11-01,2006,novembre,mercredi,90:0,51,51058,0,0,2,3,3,1,1,3,2,30,2,3,018,120,1,5,1,4,1,35,5,1,2,00,2,1,1,200600067594B01,7,15,1
200600067604,2006-11-14,2006,novembre,mardi,73:5,51,51454,0,0,2,3,3,1,2,4,1,02,1,1,000,070,2,0,1,3,1,15,1,1,9,00,2,1,5,200600067604A01,7,1,1
200600067628,2006-11-10,2006,novembre,vendredi,13:15,52,52121,0,0,2,1,6,1,1,4,2,02,1,1,000,045,1,0,1,4,1,11,5,1,2,00,2,7,19,200600067628B01,7,1,1
200600067629,2006-11-20,2006,novembre,lundi,18:00,52,52121,0,0,2,1,2,5,2,4,2,02,1,1,000,053,2,0,1,4,1,43,1,1,2,00,2,4,1,200600067629B01,30,1,1
200600067637,2006-11-08,2006,novembre,mercredi,16:30,52,52448,0,0,2,1,7,1,1,4,2,02,1,1,000,000,1,0,1,4,1,7,5,1,4,00,0,0,0,200600067637A01,,,
200600067638,2006-11-11,2006,novembre,samedi,16:50,52,52448,0,0,2,1,7,1,1,4,-1,02,1,1,000,000,1,0,1,4,1,13,5,1,9,00,0,0,1,200600067638A01,,,
200600067642,2006-11-22,2006,novembre,mercredi,14:10,52,52448,0,0,2,3,3,1,1,4,3,04,1,1,000,000,1,0,1,4,1,71,5,1,2,00,2,7,15,200600067642A01,7,1,1
200600067657,2006-11-02,2006,novembre,jeudi,13:00,54,54300,0,0,2,1,6,1,1,4,2,02,1,1,000,000,1,0,1,4,1,22,1,1,2,00,2,1,1,200600067657B01,7,12,1
200600067689,2006-11-24,2006,novembre,vendredi,10:05,54,54395,0,0,2,1,6,1,1,4,1,02,1,1,000,070,1,0,1,4,1,17,5,1,9,00,2,8,1,200600067689A01,7,1,1
200600067720,2006-11-08,2006,novembre,mercredi,17:56,56,56107,0,0,2,1,7,2,1,9,2,02,1,3,000,000,1,0,1,4,1,53,0,1,9,00,0,7,1,200600067720A01,,,
200600067725,2006-11-13,2006,novembre,lundi,14:00,56,56121,0,0,2,1,6,1,2,9,2,02,1,1,000,000,2,0,4,1,2,,4,1,9,00,1,1,1,200600067725A01,,,
200600067757,2006-11-18,2006,novembre,samedi,12:06,56,56260,0,0,2,6,3,1,8,4,2,02,1,1,000,000,1,0,1,4,2,23,0,1,9,00,2,0,9,200600067757B01,7,9,1
200600067761,2006-11-07,2006,novembre,mardi,75:0,57,57660,0,0,2,2,6,2,5,4,2,02,2,1,000,060,1,0,1,4,1,17,0,1,4,00,2,0,1,200600067761B01,7,15,1
200600067786,2006-11-15,2006,novembre,mercredi,13:45,57,57631,0,0,2,2,6,1,1,3,2,02,1,2,000,040,2,5,1,4,1,50,1,1,2,00,2,1,1,200600067786B01,7,1,1
200600067811,2006-11-14,2006,novembre,mardi,14:10,58,58194,0,0,2,1,3,1,1,4,2,02,1,1,000,090,1,0,1,3,1,37,3,1,9,00,9,1,17,200600067811B01,7,24,1
200600067819,2006-11-28,2006,novembre,mardi,18:20,58,58194,0,0,2,1,3,5,2,4,2,02,1,1,000,085,2,0,1,4,1,22,1,1,9,01,0,2,1,200600067819B01,7,22,1
200600067831,2006-11-14,2006,novembre,mardi,13:30,59,59361,0,0,2,3,3,1,1,4,2,02,1,1,000,060,1,0,1,1,1,18,4,0,0,00,2,8,16,200600067831A01,38,1,1
200600067836,2006-11-04,2006,novembre,samedi,18:50,59,59183,0,0,2,1,1,5,1,9,2,02,1,1,010,072,1,0,5,4,1,58,5,1,9,00,2,1,1,200600067836B01,2,1,1
200600067840,2006-11-13,2006,novembre,lundi,12:10,59,59183,0,0,2,3,3,1,1,4,1,01,1,1,000,061,1,0,1,4,2,12,2,1,9,00,2,2,15,200600067840B01,7,0,1
200600067842,2006-11-15,2006,novembre,mercredi,11:50,59,59540,0,0,2,1,6,1,1,4,2,03,1,1,000,125,1,0,1,3,2,68,5,1,2,00,2,3,1,200600067842B01,7,0,1
200600067851,2006-11-28,2006,novembre,mardi,17:30,59,59271,0,0,2,1,3,4,2,4,2,02,1,1,000,086,2,0,1,4,1,24,1,1,9,00,2,4,0,200600067851B01,7,23,1
200600067899,2006-11-17,2006,novembre,vendredi,19:10,59,59328,0,0,2,1,3,5,1,4,2,03,1,1,000,150,1,2,1,4,2,45,9,1,2,00,2,7,19,200600067899A01,7,1,1