Num_Acc,date,an,mois,jour,hrmn,dep,com,lat,long,agg,int,col,lum,atm,catr,circ,nbv,prof,plan,lartpc,larrout,surf,infra,situ,grav,sexe,age,trajet,secuexist,equipement,obs,obsm,choc,manv,vehiculeid,typevehicules,manoeuvehicules,numVehicules
200600067907,2006-11-21,2006,novembre,mardi,12:26,59,59350,0,0,2,1,3,1,7,4,1,01,1,3,000,040,1,3,1,4,1,14,5,1,4,00,2,1,1,200600067907B01,7,1,1
200600067924,2006-11-25,2006,novembre,samedi,11:35,59,59360,0,0,2,2,3,1,1,4,2,02,1,-1,000,060,2,0,1,4,1,43,9,1,4,00,2,1,0,200600067924B01,7,0,1
200600067949,2006-11-17,2006,novembre,vendredi,81:0,59,59512,0,0,2,2,3,1,1,4,2,02,1,1,000,000,2,0,1,3,1,44,5,1,2,00,2,1,1,200600067949B01,7,1,1
200600067973,2006-11-29,2006,novembre,mercredi,18:10,59,59646,0,0,2,2,3,5,1,4,2,02,1,1,000,000,1,0,1,3,1,10,5,1,2,00,2,4,1,200600067973B01,7,1,1
200600067979,2006-11-03,2006,novembre,vendredi,19:15,59,59090,0,0,2,1,2,5,2,4,2,02,2,1,000,070,2,0,1,3,1,19,5,1,4,00,2,4,1,200600067979B01,7,1,1
200600067983,2006-11-08,2006,novembre,mercredi,19:20,59,59599,0,0,2,2,1,5,2,4,3,00,1,1,000,058,2,5,1,3,1,43,5,1,9,00,2,7,1,200600067983B01,7,1,1
200600067991,2006-11-23,2006,novembre,jeudi,17:45,59,59599,0,0,2,2,6,5,2,4,3,04,1,1,000,000,2,0,1,3,1,13,0,1,4,00,2,7,1,200600067991B01,7,1,1
200600068002,2006-11-06,2006,novembre,lundi,23:55,59,59606,0,0,2,2,6,5,1,4,2,02,1,1,000,060,1,0,1,3,2,19,1,1,2,00,2,8,1,200600068002A01,7,1,1
200600068013,2006-11-29,2006,novembre,mercredi,19:20,59,59459,0,0,2,2,3,5,1,4,2,02,1,2,000,720,2,0,1,3,1,20,0,1,2,00,2,1,1,200600068013B01,7,1,1
200600068022,2006-11-14,2006,novembre,mardi,10:0,60,60159,0,0,2,9,2,5,1,4,2,02,1,1,011,079,1,0,1,3,1,17,0,1,9,00,0,4,0,200600068022A01,99,0,1
200600068032,2006-11-21,2006,novembre,mardi,19:30,62,62037,0,0,2,6,3,5,8,3,2,02,1,1,000,050,2,0,1,3,1,55,1,1,9,00,2,7,1,200600068032B01,7,9,1
200600068062,2006-11-09,2006,novembre,jeudi,70:2,62,62249,0,0,2,1,3,1,1,4,2,02,1,1,000,000,1,0,1,4,1,47,1,1,4,00,2,0,0,200600068062B01,7,0,1
200600068065,2006-11-26,2006,novembre,dimanche,13:10,62,62587,0,0,2,3,3,1,1,4,2,02,1,1,000,076,1,0,1,4,1,14,5,1,4,00,2,1,19,200600068065A01,7,1,1
200600068145,2006-11-23,2006,novembre,jeudi,12:00,63,63113,0,0,2,3,3,1,1,4,2,02,1,1,000,060,1,0,1,4,1,18,5,1,9,00,2,8,1,200600068145A01,7,1,1
200600068149,2006-11-27,2006,novembre,lundi,11:10,63,63113,0,0,2,9,6,1,1,4,2,01,1,1,000,000,1,0,1,4,1,31,0,1,2,00,0,0,0,200600068149B01,7,15,1
200600068163,2006-11-06,2006,novembre,lundi,16:50,64,64024,0,0,2,6,3,1,1,4,1,01,1,2,000,060,1,5,1,4,1,59,5,1,2,00,2,4,1,200600068163B01,7,1,1
200600068164,2006-11-06,2006,novembre,lundi,17:15,64,64102,0,0,2,3,3,1,1,4,2,02,1,1,000,060,1,0,1,4,2,16,9,1,4,00,2,1,1,200600068164B01,7,9,1
200600068166,2006-11-07,2006,novembre,mardi,93:0,64,64024,0,0,2,1,3,1,1,3,2,02,1,1,000,060,1,0,1,4,2,40,0,1,9,00,2,1,18,200600068166A01,10,13,1
200600068171,2006-11-13,2006,novembre,lundi,13:50,64,64102,0,0,2,1,3,1,1,2,1,02,1,1,066,060,1,0,1,3,1,29,9,1,9,00,2,4,13,200600068171B01,7,1,1
200600068190,2006-11-05,2006,novembre,dimanche,17:10,64,64132,0,0,2,1,6,1,1,3,1,01,1,2,000,083,1,5,1,3,2,53,5,1,9,00,2,4,1,200600068190B01,7,1,1
200600068209,2006-11-17,2006,novembre,vendredi,13:40,64,64129,0,0,2,6,3,1,1,4,2,02,1,2,000,000,1,0,1,4,1,13,0,1,9,00,2,1,9,200600068209B01,7,9,1
200600068211,2006-11-23,2006,novembre,jeudi,75:5,64,64445,0,0,2,1,3,1,1,4,3,03,1,1,000,000,1,0,1,4,2,49,1,1,9,00,2,1,1,200600068211B01,10,19,1
200600068212,2006-11-23,2006,novembre,jeudi,16:30,64,64348,0,0,2,3,3,1,1,4,2,02,1,1,000,066,1,0,1,4,1,24,5,1,9,00,2,1,1,200600068212B01,7,15,1
200600068218,2006-11-29,2006,novembre,mercredi,91:5,64,64445,0,0,2,6,3,1,1,2,1,03,1,2,000,090,2,0,1,4,2,21,1,1,9,00,2,1,1,200600068218A01,7,1,1
200600068219,2006-11-28,2006,novembre,mardi,95:4,64,64237,0,0,1,1,1,1,1,4,2,02,2,2,000,036,1,0,1,4,1,20,2,1,2,00,2,1,1,200600068219A01,7,1,1
200600068221,2006-11-28,2006,novembre,mardi,13:30,64,64445,0,0,2,2,3,1,1,4,2,02,1,1,000,183,1,0,1,4,1,20,2,1,9,00,2,1,1,200600068221B01,7,16,1
200600068222,2006-11-29,2006,novembre,mercredi,91:0,64,64335,0,0,2,1,3,1,1,4,2,02,1,2,000,000,1,0,1,4,1,17,2,1,9,00,2,1,1,200600068222B01,7,15,1
200600068223,2006-11-29,2006,novembre,mercredi,18:17,64,64445,0,0,2,1,3,5,1,2,2,03,1,-1,000,132,1,0,1,3,1,56,0,1,9,00,2,1,1,200600068223B01,7,15,1
200600068224,2006-11-30,2006,novembre,jeudi,17:10,64,64445,0,0,2,3,3,5,1,4,2,02,1,1,000,056,1,0,1,4,2,21,1,0,0,00,2,7,1,200600068224B01,33,15,1
200600068247,2006-11-08,2006,novembre,mercredi,14:30,65,65440,0,0,2,1,3,1,1,4,1,01,1,1,000,078,1,0,1,4,2,51,0,1,2,01,0,1,1,200600068247B01,7,24,1
200600068249,2006-11-14,2006,novembre,mardi,80:5,65,65440,0,0,2,2,1,1,1,4,1,01,1,1,000,075,1,0,1,3,2,19,0,0,0,00,2,1,5,200600068249A01,7,1,1
200600068251,2006-11-15,2006,novembre,mercredi,11:05,65,65047,0,0,2,1,3,1,1,4,2,00,1,1,000,067,1,0,1,3,1,11,0,1,2,00,2,8,1,200600068251B01,7,1,1
200600068260,2006-11-27,2006,novembre,lundi,20:12,65,65440,0,0,2,1,3,5,1,4,2,02,1,1,000,085,1,0,1,4,1,18,0,1,4,01,0,1,1,200600068260A01,7,22,1
200600068280,2006-11-07,2006,novembre,mardi,82:1,67,67482,0,0,2,3,3,1,5,4,1,01,1,1,058,042,1,0,1,4,2,39,1,1,4,00,2,1,5,200600068280A01,7,15,1
200600068281,2006-11-07,2006,novembre,mardi,17:50,67,67447,0,0,2,2,3,5,1,4,2,02,1,1,000,055,1,0,1,4,1,16,0,1,4,00,2,1,9,200600068281B01,7,1,1
200600068283,2006-11-10,2006,novembre,vendredi,18:35,67,67482,0,0,2,1,3,5,1,4,2,02,1,1,000,150,1,0,1,4,1,18,0,1,2,00,2,7,19,200600068283A01,7,1,1
200600068296,2006-11-21,2006,novembre,mardi,70:0,67,67218,0,0,2,9,6,2,1,4,1,01,1,1,000,071,-1,0,0,4,1,31,1,1,9,00,2,0,1,200600068296B01,2,5,1
200600068297,2006-11-21,2006,novembre,mardi,11:25,67,67482,0,0,2,3,3,1,3,4,2,03,1,1,000,090,2,5,1,3,2,20,0,1,9,00,2,9,0,200600068297B01,14,16,1
200600068302,2006-11-25,2006,novembre,samedi,13:50,67,67482,0,0,2,1,2,1,1,4,2,02,1,1,000,124,1,0,1,4,1,28,5,1,9,00,2,1,1,200600068302A01,7,23,1
200600068303,2006-11-25,2006,novembre,samedi,14:24,67,67482,0,0,2,2,3,1,1,4,2,02,1,1,000,153,1,0,0,3,1,72,5,1,4,00,2,1,19,200600068303B01,38,16,1
200600068313,2006-11-15,2006,novembre,mercredi,11:45,68,68066,0,0,2,2,3,1,1,4,1,03,1,1,000,088,1,0,1,4,2,26,5,1,4,00,2,3,1,200600068313B01,7,4,1
200600068315,2006-11-28,2006,novembre,mardi,70:0,68,68066,0,0,2,1,6,5,5,3,3,02,1,1,000,080,1,0,1,1,1,22,1,1,4,00,1,1,1,200600068315A01,,,
200600068320,2006-11-06,2006,novembre,lundi,80:5,68,68224,0,0,2,3,3,1,1,4,2,02,2,1,026,120,1,0,1,4,1,24,0,1,2,00,2,7,1,200600068320B01,10,15,1
200600068332,2006-11-07,2006,novembre,mardi,13:45,69,69029,0,0,2,1,3,1,1,4,1,01,1,3,015,030,1,3,1,4,2,19,5,1,2,00,2,1,19,200600068332B01,7,1,1
200600068364,2006-11-13,2006,novembre,lundi,18:31,69,69266,0,0,2,3,3,5,2,4,2,04,1,1,000,100,2,0,1,3,1,15,5,1,2,00,2,1,5,200600068364B01,10,1,1
200600068366,2006-11-13,2006,novembre,lundi,12:00,69,69266,0,0,2,1,6,1,8,4,2,01,1,1,000,080,1,0,1,4,2,29,5,1,9,00,2,3,1,200600068366B01,7,1,1
200600068371,2006-11-29,2006,novembre,mercredi,15:55,69,69266,0,0,2,1,6,1,1,4,2,02,1,1,000,069,1,0,1,4,2,57,0,1,9,00,2,0,1,200600068371B01,7,14,1
200600068395,2006-11-27,2006,novembre,lundi,16:15,71,71105,0,0,1,1,3,1,1,4,2,02,1,1,000,060,1,0,1,3,1,82,5,1,9,00,0,3,1,200600068395B01,7,15,1
200600068442,2006-11-11,2006,novembre,samedi,17:00,74,74010,0,0,2,1,3,1,1,4,2,02,1,-1,000,000,1,0,1,4,1,8,9,1,9,00,0,3,1,200600068442B01,7,1,1
200600068443,2006-11-17,2006,novembre,vendredi,17:28,74,74010,0,0,2,3,3,5,2,4,2,04,1,1,000,000,2,0,1,4,1,15,9,1,9,00,2,1,15,200600068443A01,7,1,1
200600068454,2006-11-20,2006,novembre,lundi,71:5,74,74298,0,0,2,1,3,2,1,4,2,02,1,1,000,060,1,0,1,3,1,28,1,1,2,00,2,8,1,200600068454B01,7,17,1
200600068467,2006-11-01,2006,novembre,mercredi,11:45,75,75016,0,0,2,1,7,1,1,4,2,04,1,1,000,120,1,0,1,3,1,71,5,1,2,00,0,0,1,200600068467A01,,,
200600068468,2006-11-02,2006,novembre,jeudi,92:5,75,75015,0,0,2,1,3,1,1,4,2,04,1,1,000,120,1,0,1,3,2,53,1,1,2,00,2,6,15,200600068468A01,7,1,1
200600068473,2006-11-04,2006,novembre,samedi,45:,75,75010,0,0,2,1,6,5,1,4,2,04,1,1,000,120,1,0,1,4,1,27,5,0,0,01,2,5,12,200600068473A01,7,1,1
200600068479,2006-11-07,2006,novembre,mardi,18:00,75,75015,0,0,2,1,3,5,1,4,2,04,1,1,000,120,1,0,1,4,2,55,5,0,0,00,2,3,1,200600068479B01,10,22,1
200600068480,2006-11-08,2006,novembre,mercredi,14:40,75,75013,0,0,2,3,6,1,1,4,1,01,1,1,000,030,1,0,1,1,1,18,5,0,0,00,1,1,1,200600068480A01,,,
200600068489,2006-11-11,2006,novembre,samedi,16:40,75,75015,0,0,2,1,3,1,1,4,2,02,1,1,000,060,1,0,1,4,2,59,5,0,0,00,2,5,1,200600068489B01,7,22,1
200600068502,2006-11-16,2006,novembre,jeudi,20:45,75,75008,0,0,2,2,3,5,2,4,1,01,1,1,000,030,2,0,1,4,2,24,4,1,2,00,2,2,1,200600068502A01,7,7,1
200600068517,2006-11-02,2006,novembre,jeudi,22:0,75,75013,0,0,2,3,3,5,1,4,2,03,1,1,000,090,1,0,1,4,1,35,5,0,0,00,2,2,19,200600068517A01,7,1,1
200600068530,2006-11-03,2006,novembre,vendredi,17:00,75,75011,0,0,2,3,3,1,1,4,2,02,1,1,000,060,1,0,1,4,2,24,5,0,0,00,2,2,1,200600068530B01,7,22,1
200600068584,2006-11-06,2006,novembre,lundi,11:55,75,75004,0,0,2,1,3,1,1,4,1,02,1,1,000,060,1,0,1,4,1,27,4,0,0,00,2,2,9,200600068584A01,5,1,1
200600068628,2006-11-08,2006,novembre,mercredi,45:0,75,75010,0,0,2,1,3,5,1,4,2,04,1,1,000,120,1,0,1,4,1,51,4,0,0,00,2,3,18,200600068628B01,7,22,1
200600068647,2006-11-08,2006,novembre,mercredi,10:45,75,75019,0,0,2,1,3,1,1,4,1,02,1,1,000,060,1,0,1,1,1,24,5,0,0,00,2,2,1,200600068647B01,10,22,1
200600068647,2006-11-08,2006,novembre,mercredi,10:45,75,75019,0,0,2,1,3,1,1,4,1,02,1,1,000,060,1,0,1,4,2,2,0,0,0,00,2,2,1,200600068647B01,10,22,1
200600068662,2006-11-09,2006,novembre,jeudi,17:10,75,75014,0,0,2,2,3,1,1,4,2,04,1,1,000,120,1,0,1,4,2,53,5,0,0,00,2,3,19,200600068662A01,7,15,1
200600068682,2006-11-10,2006,novembre,vendredi,73:5,75,75010,0,0,2,1,6,1,1,4,1,02,1,1,000,060,1,0,1,4,2,57,4,0,0,00,1,1,1,200600068682A01,,,
200600068706,2006-11-11,2006,novembre,samedi,22:10,75,75013,0,0,2,1,7,5,8,4,2,03,1,1,000,090,2,0,1,4,1,36,5,0,0,00,0,0,1,200600068706A01,,,
200600068715,2006-11-12,2006,novembre,dimanche,22:50,75,75011,0,0,2,2,3,5,2,4,2,04,1,1,000,120,2,0,1,4,1,37,5,0,0,00,2,2,1,200600068715A01,4,1,1
200600068728,2006-11-13,2006,novembre,lundi,19:00,75,75006,0,0,2,1,7,5,2,4,2,04,1,1,000,120,2,0,1,4,2,24,1,0,0,00,0,0,1,200600068728A01,,,
200600068749,2006-11-14,2006,novembre,mardi,10:45,75,75006,0,0,2,1,3,1,1,4,2,03,1,1,000,090,1,0,1,4,1,51,5,0,0,00,2,3,18,200600068749A01,7,1,1
200600068751,2006-11-14,2006,novembre,mardi,91:5,75,75008,0,0,2,2,3,1,1,4,2,04,1,1,000,120,1,2,1,4,1,30,4,0,0,00,2,1,19,200600068751B01,7,16,1
200600068764,2006-11-15,2006,novembre,mercredi,19:48,75,75008,0,0,2,1,3,1,1,4,2,02,1,1,000,060,1,0,1,4,1,38,4,0,0,00,2,2,1,200600068764B01,7,11,1
200600068770,2006-11-29,2006,novembre,mercredi,12:45,75,75018,0,0,2,1,3,1,1,4,2,02,1,1,000,060,1,0,1,3,2,31,3,0,0,00,2,2,16,200600068770A01,7,1,1
200600068779,2006-11-16,2006,novembre,jeudi,15:15,75,75001,0,0,2,1,6,1,2,4,2,04,1,1,000,120,2,0,1,1,1,31,5,0,0,00,1,1,1,200600068779A01,,,
200600068795,2006-11-16,2006,novembre,jeudi,95:5,75,75015,0,0,2,2,7,1,2,4,2,02,1,1,000,060,2,0,1,4,2,64,5,0,0,00,0,0,21,200600068795A01,,,
200600068824,2006-11-20,2006,novembre,lundi,12:05,75,75013,0,0,2,2,3,1,2,4,2,04,1,1,000,120,2,0,1,4,1,43,5,0,0,00,2,1,1,200600068824A01,7,1,1
200600068836,2006-11-10,2006,novembre,vendredi,18:30,75,75012,0,0,2,3,3,5,1,4,2,04,1,1,000,120,1,0,1,4,1,22,5,0,0,00,2,2,1,200600068836A01,7,15,1
200600068850,2006-11-14,2006,novembre,mardi,84:5,75,75010,0,0,2,1,3,1,1,4,1,03,1,1,000,090,2,0,1,4,1,40,5,0,0,00,2,3,7,200600068850B01,7,9,1
200600068856,2006-11-16,2006,novembre,jeudi,85:0,75,75009,0,0,2,1,3,1,2,4,1,02,1,1,000,060,2,0,1,4,2,18,5,0,0,00,2,3,13,200600068856B01,14,7,1
200600068888,2006-11-18,2006,novembre,samedi,12:20,75,75005,0,0,2,1,4,1,1,4,1,02,1,1,000,060,1,0,1,4,1,34,5,0,0,00,2,1,1,200600068888B01,7,22/1,2
200600068900,2006-11-18,2006,novembre,samedi,12:50,75,75020,0,0,2,1,3,1,1,4,2,02,1,1,000,060,1,0,1,4,2,26,5,0,0,00,2,3,1,200600068900B01,18,17,1
200600068914,2006-11-20,2006,novembre,lundi,17:10,75,75006,0,0,2,2,3,5,2,4,1,01,1,1,000,030,2,0,1,4,2,48,5,0,0,00,2,1,1,200600068914B01,7,10,1
200600068923,2006-11-20,2006,novembre,lundi,14:50,75,75013,0,0,2,1,3,1,2,4,2,04,1,1,000,120,2,0,1,4,1,53,5,0,0,00,2,1,1,200600068923B01,7,9,1
200600068943,2006-11-21,2006,novembre,mardi,85:0,75,75012,0,0,2,1,6,1,1,4,1,01,1,1,000,030,1,0,1,1,1,39,1,0,0,00,1,1,1,200600068943A01,,,
200600068946,2006-11-21,2006,novembre,mardi,13:00,75,75015,0,0,2,1,3,1,1,4,2,02,1,1,000,120,1,0,1,4,2,31,1,0,0,00,2,1,1,200600068946B01,7,22,1
200600068953,2006-11-21,2006,novembre,mardi,12:15,75,75017,0,0,2,1,3,1,1,4,2,02,1,1,000,060,1,0,1,4,2,46,1,1,2,00,2,1,1,200600068953B01,10,22,1
200600068954,2006-11-21,2006,novembre,mardi,83:2,75,75018,0,0,2,1,3,1,1,4,2,02,1,1,000,060,2,0,1,4,1,35,4,0,0,00,2,1,1,200600068954B01,7,9,1
200600068959,2006-11-22,2006,novembre,mercredi,18:55,75,75003,0,0,2,1,3,5,2,4,2,04,1,1,000,120,2,0,1,4,1,51,5,0,0,00,2,1,13,200600068959A01,7,1,1
200600068967,2006-11-22,2006,novembre,mercredi,16:30,75,75011,0,0,2,1,3,1,1,4,1,01,1,1,000,030,1,0,1,4,1,34,5,0,0,00,2,3,9,200600068967A01,5,1,1
200600068969,2006-11-22,2006,novembre,mercredi,14:50,75,75011,0,0,2,2,2,1,1,4,1,01,1,1,000,030,1,0,1,4,1,19,5,0,0,00,2,1,1,200600068969A01,7,23,1
200600068970,2006-11-22,2006,novembre,mercredi,12:15,75,75011,0,0,2,1,3,1,1,4,3,02,1,1,000,060,1,0,1,4,2,29,5,0,0,00,2,1,1,200600068970B01,7,22,1
200600068992,2006-11-23,2006,novembre,jeudi,20:10,75,75011,0,0,2,1,3,5,1,4,1,01,1,1,000,030,2,0,1,4,2,37,5,0,0,00,2,3,18,200600068992A01,5,1,1
200600069000,2006-11-23,2006,novembre,jeudi,17:30,75,75015,0,0,2,1,1,2,2,4,2,03,1,1,000,090,2,0,1,4,2,58,5,0,0,00,2,3,17,200600069000A01,14,1,1
200600069032,2006-11-24,2006,novembre,vendredi,17:25,75,75014,0,0,2,2,3,1,2,4,2,02,1,1,000,060,2,0,1,4,2,14,5,0,0,00,2,1,7,200600069032A01,1,15,1
200600069032,2006-11-24,2006,novembre,vendredi,17:25,75,75014,0,0,2,2,3,1,2,4,2,02,1,1,000,060,2,0,1,1,1,49,4,0,0,00,2,5,15,200600069032B01,1,7,1
200600069063,2006-11-19,2006,novembre,dimanche,19:50,75,75009,0,0,2,1,3,5,1,4,1,01,1,1,000,030,1,0,1,4,1,33,5,0,0,00,2,1,1,200600069063B01,7,22,1
200600069076,2006-11-25,2006,novembre,samedi,82:0,75,75007,0,0,2,2,2,1,1,4,2,04,1,1,000,120,1,0,1,1,1,18,5,0,0,00,2,4,15,200600069076A01,4,1,1
200600069079,2006-11-25,2006,novembre,samedi,17:05,75,75011,0,0,2,1,1,5,2,4,2,02,1,1,000,060,2,0,1,4,2,35,5,0,0,00,2,1,17,200600069079A01,5,1,1
200600069085,2006-11-25,2006,novembre,samedi,13:45,75,75017,0,0,2,5,6,1,1,4,1,02,1,1,000,060,1,0,1,1,1,17,5,0,0,00,1,1,15,200600069085A01,,,
200600069100,2006-11-26,2006,novembre,dimanche,11:00,75,75016,0,0,2,1,7,1,1,4,2,02,1,1,000,060,1,0,1,4,2,25,5,0,0,00,0,0,1,200600069100A01,,,
200600069108,2006-11-27,2006,novembre,lundi,19:45,75,75009,0,0,2,1,3,5,1,4,1,02,1,1,000,060,1,0,1,4,2,33,1,0,0,00,2,2,14,200600069108B01,18,13,1
200600069110,2006-11-27,2006,novembre,lundi,17:00,75,75011,0,0,2,2,3,5,1,4,1,02,1,1,000,060,1,0,1,4,2,37,9,0,0,00,2,3,1,200600069110B01,7,0,1
200600069115,2006-11-27,2006,novembre,lundi,18:00,75,75013,0,0,2,1,3,5,1,4,2,04,1,1,000,120,1,0,1,4,1,34,5,0,0,00,2,2,12,200600069115A01,2,18,1
200600069136,2006-11-28,2006,novembre,mardi,91:0,75,75009,0,0,2,2,3,1,1,4,1,02,1,1,000,060,1,0,1,4,2,34,4,0,0,00,2,2,1,200600069136B01,4,11,1
200600069138,2006-11-28,2006,novembre,mardi,14:55,75,75010,0,0,2,3,3,1,2,4,2,04,1,1,000,120,2,0,1,4,1,28,5,0,0,00,2,3,16,200600069138A01,7,1,1
200600069181,2006-11-30,2006,novembre,jeudi,91:0,75,75004,0,0,2,3,3,1,1,4,1,03,1,1,000,090,1,0,1,4,1,43,4,0,0,00,2,2,1,200600069181A01,13,1,1
200600069187,2006-11-30,2006,novembre,jeudi,19:50,75,75012,0,0,2,3,3,5,1,4,1,03,1,1,000,090,1,0,1,4,1,26,5,0,0,00,2,1,1,200600069187B01,7,1,1
200600069193,2006-11-30,2006,novembre,jeudi,19:05,75,75015,0,0,2,1,6,5,1,4,1,01,1,1,000,030,1,0,1,4,1,20,4,0,0,00,1,1,5,200600069193A01,,,
200600069232,2006-11-02,2006,novembre,jeudi,11:15,76,76561,0,0,2,1,2,1,1,3,2,04,2,1,000,120,1,2,1,2,1,79,5,1,9,00,2,0,1,200600069232B01,7,17,1
200600069248,2006-11-16,2006,novembre,jeudi,82:0,76,76447,0,0,2,1,3,1,1,4,3,03,1,1,000,127,1,5,1,3,2,50,1,1,2,00,2,8,19,200600069248A01,7,1,1
200600069256,2006-11-04,2006,novembre,samedi,13:40,76,76322,0,0,2,1,6,1,1,4,2,04,2,1,000,100,1,0,1,4,1,18,5,1,9,00,2,2,19,200600069256B01,7,0,1
200600069324,2006-11-25,2006,novembre,samedi,12:35,77,77186,0,0,2,1,6,1,2,9,2,01,1,1,000,058,2,0,1,3,1,76,5,1,9,01,0,1,17,200600069324B01,7,22,1
200600069329,2006-11-08,2006,novembre,mercredi,20:45,77,77284,0,0,2,1,1,5,1,4,2,02,1,1,000,060,1,0,1,4,1,43,5,1,2,00,2,1,1,200600069329B01,7,13,1
200600069332,2006-11-16,2006,novembre,jeudi,13:10,77,77284,0,0,2,1,2,1,1,4,2,02,1,1,000,060,1,0,1,4,1,17,5,1,2,00,2,1,2,200600069332A01,7,23,1
200600069335,2006-11-18,2006,novembre,samedi,13:00,77,77284,0,0,2,1,3,1,1,4,3,04,1,1,010,120,1,0,1,4,1,33,5,1,9,00,2,1,1,200600069335B01,7,9,1
200600069348,2006-11-19,2006,novembre,dimanche,15:00,77,77288,0,0,2,3,2,1,1,4,2,03,1,1,000,106,1,5,1,3,1,19,5,1,9,00,2,1,2,200600069348B01,7,2,1
200600069365,2006-11-09,2006,novembre,jeudi,83:0,77,77048,0,0,2,3,3,1,1,3,2,02,1,3,000,062,1,0,1,3,1,62,5,1,4,00,2,3,1,200600069365B01,99,1,1
200600069417,2006-11-06,2006,novembre,lundi,72:0,78,78165,0,0,2,6,3,5,1,4,2,01,1,1,000,082,1,0,1,4,2,29,1,1,9,00,2,1,2,200600069417B01,7,2,1
200600069435,2006-11-29,2006,novembre,mercredi,14:55,78,78498,0,0,2,1,1,1,1,4,1,02,4,1,000,050,1,0,1,3,1,21,5,1,2,01,0,1,1,200600069435B01,7,24,1
200600069477,2006-11-01,2006,novembre,mercredi,14:15,78,78158,0,0,2,2,6,1,1,3,2,02,1,1,000,068,1,0,1,3,1,19,5,1,2,00,2,1,1,200600069477A01,7,19,1
200600069478,2006-11-06,2006,novembre,lundi,12:25,78,78646,0,0,2,6,3,1,1,2,2,02,1,1,000,080,1,0,1,4,2,16,2,1,2,00,2,6,1,200600069478B01,7,1,1
200600069487,2006-11-24,2006,novembre,vendredi,83:0,78,78646,0,0,2,1,6,1,8,4,2,02,3,3,000,080,1,0,1,4,1,73,4,1,2,00,2,2,1,200600069487B01,18,20,1
200600069504,2006-11-05,2006,novembre,dimanche,83:5,80,80021,0,0,2,1,1,1,1,4,1,02,1,1,000,060,1,0,1,4,1,28,5,1,2,00,2,1,1,200600069504A01,7,1,1
200600069509,2006-11-07,2006,novembre,mardi,74:5,80,80021,0,0,2,1,3,2,1,4,2,02,1,1,000,060,1,0,1,4,1,12,5,1,9,00,2,1,1,200600069509A01,7,9,1
200600069511,2006-11-09,2006,novembre,jeudi,16:35,80,80021,0,0,2,1,2,1,1,4,2,02,1,1,000,060,1,0,1,4,1,68,5,1,9,00,2,4,15,200600069511B01,7,1,1
200600069512,2006-11-09,2006,novembre,jeudi,73:0,80,80021,0,0,2,1,1,2,8,4,2,02,1,1,000,060,2,0,1,3,1,12,2,1,4,00,2,1,1,200600069512A01,7,1,1
200600069517,2006-11-10,2006,novembre,vendredi,75:0,80,80021,0,0,2,1,3,5,1,4,2,05,1,1,000,150,1,0,1,4,1,16,1,1,9,00,2,1,18,200600069517A01,7,1,1
200600069524,2006-11-13,2006,novembre,lundi,94:5,80,80021,0,0,2,1,3,1,1,4,1,01,1,1,000,050,1,0,1,4,1,11,5,1,9,01,0,1,1,200600069524B01,7,22,1
200600069529,2006-11-20,2006,novembre,lundi,13:00,80,80131,0,0,2,1,3,1,2,4,2,02,1,1,000,060,2,0,1,4,1,8,5,1,9,00,2,1,9,200600069529B01,7,1,1
200600069551,2006-11-15,2006,novembre,mercredi,11:30,81,81065,0,0,2,1,3,1,1,2,1,03,1,1,000,090,1,0,1,4,1,85,3,1,4,00,2,8,19,200600069551A01,7,1,1
200600069578,2006-11-28,2006,novembre,mardi,17:16,83,83061,0,0,2,1,2,5,1,4,2,02,1,1,000,075,1,0,1,3,2,56,5,1,9,00,0,4,2,200600069578B01,7,2,1
200600069591,2006-11-27,2006,novembre,lundi,18:20,83,83126,0,0,2,2,3,5,1,3,2,02,1,1,000,000,1,0,1,3,1,18,5,1,2,00,2,1,1,200600069591A01,7,1,1
200600069614,2006-11-07,2006,novembre,mardi,13:00,83,83137,0,0,2,1,2,1,1,4,1,02,1,1,020,080,1,0,1,3,1,25,5,1,2,00,2,6,2,200600069614A01,7,23,1
200600069629,2006-11-25,2006,novembre,samedi,13:20,83,83090,0,0,1,1,2,1,1,3,3,03,1,3,010,100,1,0,1,4,1,86,5,1,9,00,2,4,12,200600069629A01,7,1,1
200600069634,2006-11-02,2006,novembre,jeudi,11:15,84,84007,0,0,2,1,3,1,1,4,2,02,1,1,000,090,1,0,1,3,1,13,5,1,9,00,2,1,1,200600069634B01,7,13,1
200600069651,2006-11-16,2006,novembre,jeudi,90:5,84,84007,0,0,2,1,3,1,1,4,-1,03,1,-1,000,080,1,0,1,4,1,38,4,1,2,00,2,4,2,200600069651B01,34,2,1
200600069669,2006-11-28,2006,novembre,mardi,10:50,84,84007,0,0,2,6,3,1,1,3,2,02,1,3,000,100,1,5,1,4,2,61,5,1,9,00,2,1,1,200600069669B01,10,14,1
200600069683,2006-11-27,2006,novembre,lundi,13:05,84,84087,0,0,2,2,6,1,1,4,1,01,1,1,000,040,1,0,1,4,1,11,2,1,2,00,2,1,1,200600069683B01,7,1,1
200600069688,2006-11-24,2006,novembre,vendredi,12:00,85,85191,0,0,2,6,3,1,2,4,1,01,1,2,000,060,2,5,1,4,2,20,3,1,2,00,0,7,1,200600069688B01,7,9,1
200600069697,2006-11-02,2006,novembre,jeudi,13:40,86,86194,0,0,2,2,3,1,1,4,3,06,1,1,080,220,1,5,1,4,2,57,1,1,9,00,0,0,1,200600069697B01,10,16,1
200600069703,2006-11-12,2006,novembre,dimanche,15:35,86,86194,0,0,2,1,3,1,1,4,3,02,1,1,027,120,1,0,1,3,1,16,5,1,9,00,2,1,19,200600069703A01,7,1,1