Num_Acc,date,an,mois,jour,hrmn,dep,com,lat,long,agg,int,col,lum,atm,catr,circ,nbv,prof,plan,lartpc,larrout,surf,infra,situ,grav,sexe,age,trajet,secuexist,equipement,obs,obsm,choc,manv,vehiculeid,typevehicules,manoeuvehicules,numVehicules
200600069706,2006-11-20,2006,novembre,lundi,82:0,86,86194,0,0,2,3,3,1,8,4,1,01,2,2,000,410,1,0,0,4,1,17,2,1,9,00,2,1,1,200600069706B01,7,15,1
200600069746,2006-11-17,2006,novembre,vendredi,81:0,87,87085,0,0,2,1,6,1,2,4,2,02,-1,3,000,060,2,0,0,4,1,32,1,1,9,00,0,0,1,200600069746A01,,,
200600069775,2006-11-15,2006,novembre,mercredi,10:10,88,88209,0,0,2,3,3,1,7,3,2,02,2,1,000,076,1,0,1,2,2,75,5,1,2,00,2,1,1,200600069775B01,17,15,1
200600069797,2006-11-04,2006,novembre,samedi,15:15,90,90010,0,0,2,1,2,1,1,3,2,02,1,1,000,000,1,0,1,4,1,15,5,1,9,00,2,1,2,200600069797A01,7,2,1
200600069799,2006-11-16,2006,novembre,jeudi,11:35,90,90075,0,0,2,1,6,1,1,4,-1,02,1,1,000,000,1,0,4,4,1,19,0,1,9,00,1,1,0,200600069799A01,,,
200600069808,2006-11-23,2006,novembre,jeudi,83:0,90,90010,0,0,2,2,3,1,2,2,2,03,4,1,000,100,2,0,1,4,2,45,2,1,9,00,0,7,1,200600069808B01,10,11,1
200600069919,2006-11-30,2006,novembre,jeudi,18:30,91,91570,0,0,2,9,7,5,1,4,2,02,2,1,000,000,1,0,1,1,1,15,9,1,9,00,1,1,1,200600069919A01,,,
200600069920,2006-11-01,2006,novembre,mercredi,10:15,91,91589,0,0,2,5,3,1,1,2,2,02,1,1,000,098,1,0,1,4,2,39,5,1,4,00,2,1,1,200600069920A01,7,1,1
200600069932,2006-11-28,2006,novembre,mardi,10:30,92,92002,0,0,2,2,6,1,1,2,2,02,1,1,000,000,1,0,1,4,2,59,5,1,2,00,2,8,19,200600069932B01,7,1,1
200600069954,2006-11-08,2006,novembre,mercredi,13:20,92,92012,0,0,2,1,6,1,1,3,2,02,1,1,017,066,1,0,1,4,2,26,4,1,9,00,2,1,2,200600069954B01,7,2,1
200600069999,2006-11-24,2006,novembre,vendredi,19:25,92,92025,0,0,2,1,2,5,2,3,1,01,1,1,000,050,2,0,1,4,1,15,9,1,2,00,2,1,2,200600069999A01,7,4,1
200600070016,2006-11-06,2006,novembre,lundi,14:05,92,92036,0,0,2,1,2,1,1,3,1,02,1,1,000,060,1,0,1,4,1,35,5,1,2,00,0,4,12,200600070016B01,10,11,1
200600070033,2006-11-07,2006,novembre,mardi,14:10,92,92044,0,0,2,1,6,1,1,4,2,02,1,1,000,000,1,0,1,4,1,66,0,1,2,01,0,1,1,200600070033B01,7,22,1
200600070038,2006-11-27,2006,novembre,lundi,15:45,92,92044,0,0,2,3,3,1,1,4,1,00,1,1,000,000,1,0,0,4,2,40,1,1,9,00,2,1,1,200600070038B01,7,1,1
200600070082,2006-11-24,2006,novembre,vendredi,17:30,92,92062,0,0,2,2,3,5,2,4,2,02,1,1,000,080,2,0,1,4,1,48,0,1,9,00,2,3,0,200600070082A01,7,1,1
200600070103,2006-11-01,2006,novembre,mercredi,12:10,92,92022,0,0,2,4,3,1,1,3,3,05,1,1,000,180,1,0,1,4,1,56,5,1,2,00,2,1,1,200600070103A01,7,1,1
200600070105,2006-11-10,2006,novembre,vendredi,17:50,92,92072,0,0,2,1,6,5,1,4,1,01,2,1,000,052,1,0,4,4,1,13,5,1,2,00,1,1,1,200600070105A01,,,
200600070124,2006-11-22,2006,novembre,mercredi,80:0,92,92075,0,0,2,3,6,1,1,4,2,02,1,1,000,060,1,0,1,1,1,17,2,1,9,00,1,1,1,200600070124A01,,,
200600070136,2006-11-15,2006,novembre,mercredi,18:55,93,93001,0,0,2,1,3,5,1,4,2,04,1,1,000,100,1,0,1,4,2,27,5,1,4,00,0,8,2,200600070136B01,7,12,1
200600070169,2006-11-02,2006,novembre,jeudi,11:20,93,93027,0,0,2,1,3,1,1,2,1,02,1,1,120,120,1,0,1,3,1,14,0,1,9,14,0,0,0,200600070169A01,32,0,1
200600070172,2006-11-27,2006,novembre,lundi,22:45,93,93030,0,0,2,1,6,5,1,2,1,02,2,1,000,030,1,5,1,4,1,23,5,1,9,00,2,0,2,200600070172B01,7,2,1
200600070175,2006-11-06,2006,novembre,lundi,18:30,93,93029,0,0,2,2,2,5,1,3,2,02,1,-1,000,200,1,5,1,4,1,83,5,1,9,00,2,1,1,200600070175B01,7,16,1
200600070184,2006-11-23,2006,novembre,jeudi,18:15,93,93029,0,0,2,1,3,5,3,3,2,02,1,1,000,200,2,0,1,4,1,26,5,1,9,00,2,1,1,200600070184B01,7,22,1
200600070188,2006-11-05,2006,novembre,dimanche,12:30,93,93031,0,0,2,1,3,1,1,4,-1,00,1,-1,018,062,1,0,0,4,1,60,0,1,9,00,0,1,0,200600070188B01,7,0,1
200600070217,2006-11-16,2006,novembre,jeudi,95:5,93,93046,0,0,2,2,3,1,2,2,2,00,1,1,010,070,2,0,0,2,2,40,9,1,9,00,2,6,1,200600070217B01,14,16,1
200600070230,2006-11-15,2006,novembre,mercredi,18:30,93,93048,0,0,2,1,1,5,1,4,1,01,1,-1,000,030,1,0,4,4,1,16,5,1,9,00,2,7,5,200600070230A01,7,20,1
200600070234,2006-11-30,2006,novembre,jeudi,64:0,93,93048,0,0,2,2,3,5,1,3,2,02,1,1,000,100,1,0,1,4,2,22,0,1,2,00,0,1,1,200600070234B01,7,16,1
200600070258,2006-11-13,2006,novembre,lundi,50:0,93,93053,0,0,2,2,1,5,1,3,2,01,2,-1,000,080,-1,0,1,4,1,37,0,1,2,00,2,1,0,200600070258B01,7,1,1
200600070321,2006-11-02,2006,novembre,jeudi,91:0,93,93078,0,0,2,1,3,1,1,4,2,02,1,1,000,080,1,0,1,3,2,29,1,1,9,00,0,1,2,200600070321B01,7,15,1
200600070326,2006-11-21,2006,novembre,mardi,19:27,93,93078,0,0,2,1,3,5,2,3,2,02,1,1,000,070,2,0,1,3,1,23,0,1,9,00,2,1,1,200600070326A01,7,9,1
200600070372,2006-11-26,2006,novembre,dimanche,92:0,94,94018,0,0,2,1,7,1,1,4,2,02,1,1,000,065,1,0,1,3,1,69,5,1,2,01,2,1,13,200600070372B01,7,4,1
200600070387,2006-11-01,2006,novembre,mercredi,14:10,94,94028,0,0,2,1,3,1,1,3,2,02,-1,-1,000,060,-1,0,1,4,1,12,0,1,2,00,2,8,19,200600070387A01,7,1,1
200600070390,2006-11-04,2006,novembre,samedi,18:10,94,94011,0,0,2,1,6,3,1,9,1,01,-1,-1,000,030,-1,0,1,1,1,30,0,1,2,00,1,1,1,200600070390A01,,,
200600070400,2006-11-22,2006,novembre,mercredi,16:25,94,94028,0,0,2,1,6,1,1,4,-1,02,1,1,030,060,-1,0,1,4,1,56,0,1,9,00,2,2,9,200600070400A01,7,1,1
200600070454,2006-11-21,2006,novembre,mardi,18:20,94,94065,0,0,2,1,5,5,2,4,1,00,1,1,000,000,2,0,1,4,1,39,5,1,9,00,2,8,1,200600070454B01,99,1,1
200600070454,2006-11-21,2006,novembre,mardi,18:20,94,94065,0,0,2,1,5,5,2,4,1,00,1,1,000,000,2,0,1,4,1,59,5,1,9,00,2,9,1,200600070454C01,99,1,1
200600070456,2006-11-29,2006,novembre,mercredi,85:0,94,94021,0,0,2,9,2,1,1,2,-1,04,1,1,000,000,1,0,1,4,1,66,0,1,9,00,2,8,14,200600070456B01,13,13,1
200600070463,2006-11-01,2006,novembre,mercredi,14:30,94,94041,0,0,2,1,1,1,1,4,1,01,-1,-1,050,050,-1,0,1,4,1,34,0,1,2,00,2,1,5,200600070463A01,7,16,1
200600070473,2006-11-07,2006,novembre,mardi,10:55,94,94046,0,0,2,1,3,1,1,2,-1,00,1,1,000,053,1,0,4,4,1,67,0,1,9,00,2,2,20,200600070473B01,7,21,1
200600070484,2006-11-16,2006,novembre,jeudi,18:00,94,94058,0,0,2,1,3,5,2,3,2,02,1,1,000,074,2,0,1,4,1,61,5,1,9,00,2,1,9,200600070484B01,7,1,1
200600070485,2006-11-18,2006,novembre,samedi,18:35,94,94058,0,0,2,1,3,3,1,4,1,01,1,1,000,030,1,0,1,4,1,25,5,1,9,01,0,1,1,200600070485B01,7,22,1
200600070509,2006-11-11,2006,novembre,samedi,11:30,94,94074,0,0,2,2,6,1,2,4,-1,02,1,1,000,072,1,0,1,4,1,13,5,1,9,00,2,9,1,200600070509A01,7,1,1
200600070528,2006-11-29,2006,novembre,mercredi,14:40,94,94067,0,0,2,2,3,1,1,3,2,02,1,1,000,100,1,0,1,4,1,25,0,1,9,00,2,1,2,200600070528B01,7,15,1
200600070530,2006-11-09,2006,novembre,jeudi,18:55,94,94081,0,0,2,2,3,5,1,2,3,02,1,1,066,071,1,0,1,4,1,12,5,1,2,00,0,0,15,200600070530B01,30,1,1
200600070540,2006-11-28,2006,novembre,mardi,81:5,94,94081,0,0,2,1,6,1,1,2,2,20,1,1,000,066,1,0,1,4,1,15,5,1,2,00,2,1,13,200600070540A01,37,1,1
200600070550,2006-11-08,2006,novembre,mercredi,70:0,95,95018,0,0,2,1,3,2,1,4,3,04,1,1,022,164,1,0,1,4,2,26,1,1,2,00,2,8,1,200600070550B01,7,12,1
200600070577,2006-11-15,2006,novembre,mercredi,14:55,95,95203,0,0,2,1,6,1,1,3,2,02,1,1,000,062,1,0,1,4,1,9,9,1,2,00,2,7,19,200600070577B01,7,1,1
200600070592,2006-11-10,2006,novembre,vendredi,19:10,95,95487,0,0,1,6,2,3,1,4,1,01,1,2,100,070,1,5,1,3,1,26,5,1,9,00,2,4,1,200600070592B01,7,1,1
200600070594,2006-11-29,2006,novembre,mercredi,83:5,95,95504,0,0,2,2,3,1,1,4,2,02,2,1,000,060,1,0,1,3,1,70,5,1,2,00,2,0,1,200600070594B01,7,19,1
200600070961,2006-11-09,2006,novembre,jeudi,16:00,69,69386,0,0,2,2,3,1,1,4,1,01,1,1,000,000,1,0,1,4,1,43,0,1,9,00,2,3,1,200600070961B01,7,1,1
200600070967,2006-11-15,2006,novembre,mercredi,20:10,69,69383,0,0,2,1,3,5,1,4,2,02,1,1,000,000,1,0,1,4,2,33,1,1,9,00,2,3,1,200600070967B01,7,15,1
200600070981,2006-11-28,2006,novembre,mardi,17:20,69,69383,0,0,2,1,6,2,1,4,1,04,1,1,000,000,1,0,1,4,1,37,0,1,9,00,2,0,0,200600070981A01,,,
200600071167,2006-11-30,2006,novembre,jeudi,20:40,59,59229,0,0,1,1,2,3,1,3,2,00,1,1,000,070,1,0,1,4,1,13,5,1,4,00,2,4,2,200600071167A01,7,2,1
200600071207,2006-11-11,2006,novembre,samedi,13:30,80,80798,0,0,2,1,7,1,1,2,2,02,1,1,000,070,2,0,4,3,1,36,5,0,0,12,0,7,1,200600071207A01,,,
200600071218,2006-11-17,2006,novembre,vendredi,15:00,80,80199,0,0,2,1,3,1,7,3,-1,02,1,1,000,060,2,0,1,2,1,78,9,0,0,00,0,8,15,200600071218A01,7,17,1
200600071234,2006-11-01,2006,novembre,mercredi,18:15,02,02299,49.45,4.04,2,1,1,3,7,3,-1,02,1,1,000,062,1,0,1,4,1,14,5,0,0,00,2,1,16,200600071234B02,7,1,1
200600071298,2006-11-19,2006,novembre,dimanche,11:00,76,76614,0,0,1,1,1,1,1,3,2,02,2,1,000,000,2,0,1,3,2,15,5,0,0,00,2,1,13,200600071298B02,7,1,1
200600071303,2006-11-03,2006,novembre,vendredi,11:00,76,76659,0,0,1,1,1,1,1,3,2,00,-1,2,060,000,2,0,1,3,2,53,5,1,2,00,2,4,1,200600071303A01,7,0,1
200600071322,2006-11-18,2006,novembre,samedi,15:30,27,27281,0,0,2,1,6,1,1,4,-1,00,-1,-1,000,000,-1,0,0,3,1,51,5,0,0,00,0,0,0,200600071322A01,,,
200600071363,2006-11-04,2006,novembre,samedi,17:30,35,35121,0,0,1,3,3,1,1,3,2,02,3,1,000,065,1,5,1,3,1,16,5,1,2,00,2,3,15,200600071363B02,7,1,1
200600071368,2006-11-26,2006,novembre,dimanche,11:20,35,35054,0,0,2,1,1,1,1,3,2,00,-1,1,000,058,-1,0,0,3,1,36,5,0,0,00,2,4,1,200600071368A01,7,15,1
200600071393,2006-11-03,2006,novembre,vendredi,17:30,22,22162,48.773,-3.075,2,1,3,2,1,3,2,02,-1,1,000,000,1,0,1,3,1,12,5,0,0,00,2,3,16,200600071393B02,7,1,1
200600071394,2006-11-03,2006,novembre,vendredi,20:15,22,22242,48.62,-2.42,1,1,2,3,1,3,3,00,1,1,021,065,1,0,1,2,2,32,1,1,4,00,2,4,1,200600071394B02,10,1,1
200600071399,2006-11-29,2006,novembre,mercredi,16:15,22,22077,0,0,1,1,2,1,7,3,2,00,-1,1,000,060,1,0,1,3,1,54,5,0,0,00,2,4,1,200600071399B02,7,1,1
200600071406,2006-11-02,2006,novembre,jeudi,12:00,22,22353,48.812,-3.502,1,2,5,1,1,3,2,00,1,1,000,065,1,5,1,4,2,9,5,1,2,00,2,3,19,200600071406C03,7,1,2
200600071412,2006-11-05,2006,novembre,dimanche,20:30,29,29220,47.871,-4.212,2,1,6,5,1,3,-1,02,1,1,000,000,1,0,1,3,1,56,5,1,2,06,0,0,0,200600071412A01,,,
200600071458,2006-11-01,2006,novembre,mercredi,93:0,14,14365,0,0,2,2,3,1,7,3,2,01,1,1,000,030,1,0,1,3,1,63,5,1,2,00,2,8,1,200600071458A01,7,1,1
200600071475,2006-11-08,2006,novembre,mercredi,19:00,50,50431,49.18,-1.251,1,1,1,3,2,3,2,00,1,1,000,064,2,0,1,2,1,25,1,1,9,00,2,1,19,200600071475A01,7,1,1
200600071525,2006-11-02,2006,novembre,jeudi,11:00,44,44054,0,0,2,1,1,1,1,4,2,00,-1,1,030,000,1,0,1,3,1,53,5,0,0,00,2,6,23,200600071525A01,7,15,1
200600071540,2006-11-15,2006,novembre,mercredi,84:0,44,44072,0,0,1,1,1,1,8,3,2,02,1,1,000,000,2,0,1,2,1,73,5,0,0,00,2,0,15,200600071540B02,7,2,1
200600071543,2006-11-29,2006,novembre,mercredi,16:45,44,44069,0,0,1,4,3,1,1,3,2,00,-1,-1,000,000,-1,0,0,3,1,67,5,0,0,00,2,8,1,200600071543B02,7,16,1
200600071546,2006-11-23,2006,novembre,jeudi,17:10,44,44129,0,0,2,1,3,1,1,3,2,02,-1,2,000,000,1,0,1,3,1,46,5,1,2,00,0,8,1,200600071546B02,7,16,1
200600071552,2006-11-29,2006,novembre,mercredi,13:45,49,49278,0,0,1,1,3,1,1,3,3,04,1,1,000,000,1,5,0,3,1,50,1,0,0,00,0,7,19,200600071552B02,7,1,1
200600071557,2006-11-26,2006,novembre,dimanche,14:5,49,49050,47.362,-0.443,1,1,2,3,2,3,2,02,-1,1,000,086,2,0,1,3,1,28,5,1,2,00,2,4,1,200600071557B02,7,0,1
200600071584,2006-11-08,2006,novembre,mercredi,18:30,53,53097,48.157,-0.406,2,1,3,2,1,3,-1,00,1,1,000,070,1,0,1,3,1,18,3,0,0,00,2,7,19,200600071584A01,7,1,1
200600071596,2006-11-07,2006,novembre,mardi,17:40,72,72231,0,0,1,1,1,1,1,3,2,02,2,1,000,060,1,5,1,3,1,19,5,1,2,00,2,1,15,200600071596A01,7,1,1
200600071628,2006-11-23,2006,novembre,jeudi,74:5,85,85019,46.786,-1.434,1,1,3,3,2,3,2,02,1,1,000,061,2,0,1,3,2,41,5,0,0,00,0,8,15,200600071628A01,33,1,1
200600071662,2006-11-09,2006,novembre,jeudi,17:45,33,33165,44.828,-0.443,2,1,3,1,1,3,2,03,1,1,000,105,1,5,1,3,1,86,5,1,2,00,2,8,2,200600071662B02,15,2,1
200600071684,2006-11-08,2006,novembre,mercredi,15:30,24,24004,45.161,1.017,2,1,3,1,1,4,-1,00,-1,-1,000,000,-1,0,0,3,1,10,5,0,0,00,2,1,1,200600071684B02,7,1,1
200600071715,2006-11-04,2006,novembre,samedi,16:00,47,47288,0,0,1,1,1,1,1,4,2,01,3,4,000,041,-1,0,1,3,1,52,0,1,2,00,2,1,1,200600071715B02,7,0,1
200600071717,2006-11-13,2006,novembre,lundi,16:00,47,47157,0,0,2,1,3,1,1,9,2,02,1,1,000,000,1,0,1,3,2,83,3,0,0,00,2,1,1,200600071717B02,7,15,1
200600071817,2006-11-05,2006,novembre,dimanche,14:20,87,87156,0,0,1,1,3,1,1,3,2,02,-1,3,000,077,1,0,1,3,1,42,5,0,0,00,2,3,19,200600071817A01,7,1,1
200600071850,2006-11-02,2006,novembre,jeudi,12:15,31,31379,0,0,1,1,3,1,1,3,2,00,3,1,000,030,1,0,1,3,2,7,5,0,0,00,2,1,19,200600071850B02,7,1,1
200600071851,2006-11-06,2006,novembre,lundi,11:45,31,31033,43.361,1.468,2,1,1,1,1,2,2,03,1,1,090,000,1,6,1,3,1,79,3,1,2,00,0,8,19,200600071851A01,10,1,1
200600071870,2006-11-17,2006,novembre,vendredi,19:45,31,31161,43.493,1.54,1,1,1,3,1,9,2,00,1,1,000,030,1,0,1,2,1,35,5,1,2,00,2,1,1,200600071870B02,30,1,1
200600071915,2006-11-08,2006,novembre,mercredi,14:30,81,81124,43.716,2.705,2,1,1,1,1,3,2,02,2,1,000,062,1,0,1,2,1,67,5,1,2,00,2,4,1,200600071915B02,7,1,1
200600071953,2006-11-13,2006,novembre,lundi,74:5,69,69204,45.693,4.789,2,1,1,1,1,3,2,02,1,1,000,090,1,5,1,2,2,17,2,0,0,00,2,1,1,200600071953B02,14,16,1
200600071962,2006-11-26,2006,novembre,dimanche,13:30,69,69184,0,0,1,1,7,1,1,3,2,02,2,4,000,050,1,0,1,2,1,71,5,0,0,13,0,1,0,200600071962A01,,,
200600071963,2006-11-14,2006,novembre,mardi,15:40,69,69257,0,0,1,1,7,1,7,3,2,02,-1,3,000,055,1,0,1,3,1,61,5,0,0,00,0,0,1,200600071963A01,,,
200600071971,2006-11-11,2006,novembre,samedi,11:05,69,69243,0,0,2,1,6,1,1,4,2,00,2,1,000,040,1,0,1,3,1,52,5,0,0,06,0,1,1,200600071971A01,,,
200600071973,2006-11-18,2006,novembre,samedi,14:15,01,01241,0,0,1,1,1,1,1,3,2,00,3,3,061,000,1,0,1,2,1,74,5,1,2,00,0,0,15,200600071973B02,7,5,1
200600071983,2006-11-08,2006,novembre,mercredi,17:30,01,01004,0,0,2,1,3,3,1,3,2,02,1,1,000,250,1,3,1,3,1,47,5,0,0,00,0,4,1,200600071983A01,14,9,1
200600071998,2006-11-03,2006,novembre,vendredi,64:5,01,01263,46.096,4.759,2,1,3,2,1,3,2,02,4,1,000,070,1,0,1,4,1,22,1,1,4,00,2,2,1,200600071998B02,7,11,1
200600072006,2006-11-19,2006,novembre,dimanche,11:30,07,07240,0,0,1,1,7,1,1,3,-1,00,-1,-1,000,000,-1,0,0,3,1,56,5,1,2,00,0,0,0,200600072006A01,,,
200600072010,2006-11-27,2006,novembre,lundi,15:15,07,07201,44.45,4.348,2,1,6,1,1,4,2,00,1,1,000,058,1,0,1,3,1,14,5,0,0,00,0,1,0,200600072010A01,,,
200600072059,2006-11-26,2006,novembre,dimanche,13:15,38,38097,45.778,5.186,2,1,6,1,1,3,2,02,-1,1,000,070,1,2,1,3,1,59,5,1,2,12,0,1,1,200600072059A01,,,
200600072081,2006-11-03,2006,novembre,vendredi,16:30,42,42267,46.174,4.13,1,1,7,1,1,4,2,00,2,1,000,056,1,0,1,3,2,55,5,0,0,00,0,0,1,200600072081A01,,,
200600072101,2006-11-12,2006,novembre,dimanche,14:45,74,74104,0,0,1,1,1,1,1,3,2,00,1,1,000,076,1,0,1,3,1,58,5,1,2,00,2,1,15,200600072101A01,7,2,1
200600072134,2006-11-01,2006,novembre,mercredi,10:50,63,63210,0,0,2,1,3,1,1,3,2,01,1,2,000,060,1,0,1,3,2,72,5,0,0,00,2,0,2,200600072134B02,7,14,1
200600072167,2006-11-08,2006,novembre,mercredi,17:15,43,43268,45.15,4.109,2,1,1,2,1,3,2,00,1,1,000,065,1,0,1,4,1,58,5,1,2,00,2,8,1,200600072167B02,37,2,1
200600072275,2006-11-05,2006,novembre,dimanche,20:15,68,68294,48.267,7.221,2,1,3,5,1,3,2,02,1,1,000,000,1,5,1,3,2,52,1,0,0,00,2,7,1,200600072275B02,7,9,1
200600072294,2006-11-06,2006,novembre,lundi,12:30,51,51535,48.728,3.721,2,1,2,1,1,9,-1,02,1,1,000,050,1,0,1,3,1,13,5,0,0,00,2,4,15,200600072294B02,7,1,1
200600072318,2006-11-15,2006,novembre,mercredi,10:45,08,08142,49.696,4.875,2,1,1,1,1,3,2,02,1,1,000,000,1,5,1,4,1,35,5,1,2,00,2,1,1,200600072318B02,7,15,1
200600072363,2006-11-16,2006,novembre,jeudi,18:20,71,71257,0,0,1,1,2,3,1,3,2,02,1,1,000,061,1,0,1,3,1,53,5,0,0,00,2,4,1,200600072363B02,7,1,1
200600072368,2006-11-18,2006,novembre,samedi,14:45,71,71245,0,0,2,2,3,1,1,4,2,02,-1,1,000,070,1,0,1,3,1,12,5,0,0,00,2,1,16,200600072368A01,7,1,1
200600072409,2006-11-06,2006,novembre,lundi,15:30,25,25057,47.539,6.787,1,1,3,1,1,3,2,02,1,1,024,047,1,0,1,3,1,49,5,1,2,00,2,1,1,200600072409A01,7,15,1
200600072415,2006-11-24,2006,novembre,vendredi,17:20,25,25463,0,0,1,1,2,5,1,3,2,02,2,1,000,070,1,0,1,3,1,68,5,0,0,00,2,4,1,200600072415B02,2,1,1
200600072425,2006-11-15,2006,novembre,mercredi,15:15,39,39429,0,0,2,1,1,1,1,3,2,02,2,3,000,072,1,0,1,3,1,7,5,0,0,00,2,1,13,200600072425A01,7,1,1
200600072431,2006-11-10,2006,novembre,vendredi,15:15,70,70312,47.598,6.731,1,1,3,1,1,3,2,02,2,1,000,077,1,0,1,3,1,63,5,1,2,00,2,8,1,200600072431B02,17,17,1
200600072455,2006-11-24,2006,novembre,vendredi,73:0,13,13066,0,0,1,2,3,1,1,3,2,02,1,1,000,045,1,0,1,3,1,70,9,0,0,00,2,6,1,200600072455B02,7,1,1
200600072464,2006-11-06,2006,novembre,lundi,15:35,13,13007,0,0,1,1,1,1,1,3,2,02,-1,1,030,100,1,5,3,3,2,46,5,1,2,00,2,1,5,200600072464B02,7,9,1
200600072466,2006-11-09,2006,novembre,jeudi,94:5,13,13003,43.716,5.161,1,1,3,1,1,3,2,02,1,1,000,053,1,0,1,4,1,35,1,1,2,00,2,7,1,200600072466B02,7,19,1
200600072503,2006-11-16,2006,novembre,jeudi,93:0,06,06079,0,0,1,6,3,1,1,3,-1,00,2,-1,000,000,1,5,1,3,1,70,5,1,2,00,2,3,11,200600072503B02,7,16,1
200600072533,2006-11-05,2006,novembre,dimanche,18:15,83,83007,0,0,1,1,6,3,1,3,2,00,-1,1,070,069,1,0,1,2,2,47,5,0,0,00,2,3,2,200600072533B02,7,0,1
200600072543,2006-11-11,2006,novembre,samedi,12:00,83,83107,43.451,6.627,1,1,1,1,1,3,-1,00,-1,2,000,000,1,0,5,2,1,57,0,0,0,00,0,7,0,200600072543B02,10,0,1
200600072579,2006-11-26,2006,novembre,dimanche,11:00,34,34078,43.866,3.906,2,1,1,1,1,3,2,02,1,2,000,077,1,0,1,4,2,16,1,0,0,00,0,1,13,200600072579B02,7,1,1
200600072593,2006-11-05,2006,novembre,dimanche,14:15,34,34324,0,0,2,3,3,1,1,4,2,02,-1,1,000,050,1,5,1,3,1,7,5,0,0,00,2,1,15,200600072593A01,7,1,1
200600072609,2006-11-17,2006,novembre,vendredi,64:5,11,11433,43.314,2.493,1,2,3,3,1,3,-1,02,1,1,000,050,1,5,1,3,1,32,1,1,2,00,2,1,1,200600072609A01,7,15,1
200600072610,2006-11-12,2006,novembre,dimanche,16:50,11,11105,0,0,1,1,3,1,2,3,2,02,1,1,000,062,2,0,1,3,1,21,0,1,2,00,0,6,15,200600072610B02,7,1,1
200600072635,2006-11-07,2006,novembre,mardi,15:00,30,30210,0,0,1,1,7,1,8,3,2,02,1,-1,000,000,1,0,1,3,1,59,5,1,2,00,0,0,0,200600072635A01,,,
200600072744,2006-11-02,2006,novembre,jeudi,18:00,45,45115,0,0,1,1,1,3,1,3,2,02,-1,1,000,056,1,0,1,3,1,83,3,0,0,00,2,8,2,200600072744B02,7,2,1
200600072754,2006-11-03,2006,novembre,vendredi,17:45,18,18184,47.087,2.925,1,1,3,3,1,3,2,00,1,2,000,049,1,0,1,3,1,14,0,1,4,00,2,1,19,200600072754B02,7,1,1
200600072794,2006-11-05,2006,novembre,dimanche,17:30,36,36199,0,0,1,1,2,1,1,3,2,00,2,1,000,052,1,0,1,3,1,14,5,0,0,00,0,4,0,200600072794B02,7,17,1
200600072906,2006-11-21,2006,novembre,mardi,74:5,69,69027,0,0,2,3,1,2,2,4,2,00,-1,1,000,000,2,0,1,3,1,11,2,0,0,00,0,1,0,200600072906B02,7,0,1
200600072950,2006-11-02,2006,novembre,jeudi,15:45,38,38229,0,0,2,3,3,1,1,4,2,02,-1,1,000,060,1,5,5,4,1,62,1,0,0,00,2,1,1,200600072950B02,7,9,1
200600072961,2006-11-06,2006,novembre,lundi,90:0,66,66213,0,0,2,1,1,1,1,4,2,02,-1,-1,000,000,1,0,1,3,1,12,2,0,0,00,2,3,13,200600072961A01,7,16,1
200600072979,2006-11-08,2006,novembre,mercredi,18:00,62,62852,50.933,2.066,1,1,5,3,2,3,2,02,1,1,000,000,2,0,1,3,2,13,5,1,4,00,0,4,2,200600072979B02,7,2,1
200600072979,2006-11-08,2006,novembre,mercredi,18:00,62,62852,50.933,2.066,1,1,5,3,2,3,2,02,1,1,000,000,2,0,1,3,2,13,5,1,4,00,2,4,2,200600072979C03,7,2,1
200600073070,2006-11-15,2006,novembre,mercredi,17:00,71,71154,0,0,1,1,2,1,7,3,2,03,-1,1,000,000,1,0,1,3,1,57,5,0,0,00,2,4,2,200600073070A01,7,2,1
200600073106,2006-12-12,2006,décembre,mardi,75:5,59,59088,0,0,1,2,2,2,8,3,2,00,1,1,000,064,2,0,1,2,1,21,1,1,2,00,2,4,13,200600073106B02,7,1,1
200600073107,2006-12-07,2006,décembre,jeudi,15:15,59,59559,50.361,3.642,1,1,1,1,6,3,2,02,1,1,000,052,2,0,1,3,2,19,5,0,0,00,2,8,0,200600073107B02,7,1,1
200600073148,2006-12-15,2006,décembre,vendredi,18:15,62,62652,0,0,2,1,2,2,1,3,2,02,1,1,000,070,1,0,1,3,1,17,5,0,0,00,2,1,1,200600073148A01,7,1,1
200600073225,2006-12-07,2006,décembre,jeudi,64:5,60,60345,0,0,1,1,1,2,3,3,2,02,-1,3,000,000,2,0,1,3,2,27,5,1,2,00,2,1,13,200600073225B02,7,1,1
200600073279,2006-12-24,2006,décembre,dimanche,15:30,27,27424,48.933,0.943,1,1,2,1,2,3,2,02,1,1,000,077,2,0,1,1,2,57,5,0,0,00,0,4,1,200600073279A01,31,1,1
200600073326,2006-12-12,2006,décembre,mardi,16:30,35,35271,0,0,1,1,3,1,7,3,2,02,2,1,000,000,-1,0,1,3,1,67,5,0,0,00,0,8,1,200600073326B02,7,1,1
200600073331,2006-12-20,2006,décembre,mercredi,17:20,35,35219,0,0,2,1,3,1,1,3,2,02,1,1,000,060,1,0,1,3,1,12,5,1,2,00,2,1,15,200600073331B02,7,1,1
200600073339,2006-12-02,2006,décembre,samedi,17:45,35,35360,0,0,2,6,3,2,8,9,-1,01,-1,2,000,000,2,5,1,3,1,84,5,0,0,00,2,7,1,200600073339B02,7,9,1