Num_Acc,date,an,mois,jour,hrmn,dep,com,lat,long,agg,int,col,lum,atm,catr,circ,nbv,prof,plan,lartpc,larrout,surf,infra,situ,grav,sexe,age,trajet,secuexist,equipement,obs,obsm,choc,manv,vehiculeid,typevehicules,manoeuvehicules,numVehicules
200600073347,2006-12-29,2006,décembre,vendredi,17:45,35,35014,48.014,-1.29,2,1,3,2,1,3,2,02,2,2,000,082,1,0,1,3,1,63,5,0,0,00,2,1,1,200600073347B02,7,15,1
200600073356,2006-12-12,2006,décembre,mardi,11:15,22,22162,48.78,-3.035,2,1,3,1,1,3,2,00,-1,3,000,000,1,0,1,3,2,70,5,0,0,00,2,2,1,200600073356B02,7,15,1
200600073362,2006-12-09,2006,décembre,samedi,11:00,22,22240,0,0,1,1,1,1,8,3,2,02,-1,1,000,047,2,0,1,3,1,68,5,1,2,00,2,4,1,200600073362B02,7,1,1
200600073386,2006-12-12,2006,décembre,mardi,17:00,29,29260,0,0,2,6,1,1,1,4,-1,00,1,-1,000,000,1,5,1,4,1,45,5,1,4,00,2,1,1,200600073386B02,7,9,1
200600073410,2006-12-28,2006,décembre,jeudi,14:00,56,56119,47.697,-3.117,1,2,4,1,1,3,2,02,1,1,000,060,1,0,1,4,1,54,5,1,2,00,0,4,1,200600073410A01,7,2/1,2
200600073433,2006-12-07,2006,décembre,jeudi,10:00,14,14654,49.026,-0.029,2,6,1,1,2,3,2,01,1,2,090,078,2,5,1,3,1,67,5,0,0,00,0,5,1,200600073433B02,10,9,1
200600073451,2006-12-27,2006,décembre,mercredi,18:30,50,50137,0,0,2,1,4,3,1,3,2,00,1,1,000,000,1,0,1,3,1,68,3,0,0,00,0,0,1,200600073451C03,7,1,2
200600073464,2006-12-09,2006,décembre,samedi,10:15,50,50523,49.413,-1.317,2,1,3,1,7,4,-1,00,-1,-1,000,000,-1,0,0,4,2,71,5,0,0,00,2,3,1,200600073464B02,7,15,1
200600073470,2006-12-05,2006,décembre,mardi,81:5,50,50003,0,0,1,1,2,3,8,3,2,02,1,1,000,075,2,0,1,3,1,13,2,1,9,00,0,4,2,200600073470B02,38,2,1
200600073501,2006-12-28,2006,décembre,jeudi,19:00,44,44041,47.12,-1.58,1,1,5,3,1,3,2,01,1,1,000,000,1,0,3,3,1,50,5,1,4,00,2,4,2,200600073501B02,7,2,1
200600073501,2006-12-28,2006,décembre,jeudi,19:00,44,44041,47.12,-1.58,1,1,5,3,1,3,2,01,1,1,000,000,1,0,3,1,1,15,5,1,4,00,2,4,2,200600073501C03,7,2,1
200600073523,2006-12-01,2006,décembre,vendredi,21:00,44,44103,0,0,2,1,3,5,2,4,2,02,1,1,000,000,2,0,0,4,1,18,5,0,0,00,2,1,1,200600073523A01,7,15,1
200600073527,2006-12-09,2006,décembre,samedi,12:00,44,44045,47.295,-1.863,2,1,3,1,1,3,2,02,1,1,000,000,1,0,1,3,2,78,3,0,0,00,2,1,15,200600073527A01,7,17,1
200600073550,2006-12-14,2006,décembre,jeudi,12:15,53,53014,0,0,1,1,3,1,1,2,2,00,2,1,000,091,1,0,1,2,1,79,5,0,0,00,2,1,2,200600073550B02,10,2,1
200600073578,2006-12-11,2006,décembre,lundi,12:30,85,85051,0,0,2,1,2,1,2,3,2,00,-1,2,000,057,2,0,1,3,1,15,2,1,2,00,2,1,15,200600073578B02,10,1,1
200600073630,2006-12-10,2006,décembre,dimanche,1:,33,33095,0,0,2,1,1,1,5,3,2,00,1,1,000,000,1,0,1,3,2,86,3,0,0,01,0,1,22,200600073630B02,7,22,1
200600073643,2006-12-15,2006,décembre,vendredi,74:5,33,33324,0,0,2,1,2,2,9,3,2,02,-1,-1,000,000,7,2,1,3,1,15,2,0,0,00,2,4,2,200600073643B02,7,2,1
200600073707,2006-12-08,2006,décembre,vendredi,17:30,64,64108,0,0,2,9,1,1,1,3,2,02,-1,-1,000,046,1,5,1,3,2,71,5,0,0,00,2,1,1,200600073707B02,7,15,1
200600073859,2006-12-10,2006,décembre,dimanche,17:45,46,46271,0,0,1,1,1,3,1,3,2,02,1,1,000,062,1,0,1,3,1,40,5,1,4,00,0,4,1,200600073859B02,7,1,1
200600073861,2006-12-15,2006,décembre,vendredi,18:15,46,46297,44.684,1.26,1,1,2,3,1,3,2,02,1,1,000,050,1,0,1,4,2,71,5,0,0,00,0,4,1,200600073861B02,7,0,1
200600073872,2006-12-13,2006,décembre,mercredi,12:00,81,81038,43.88,1.89,1,1,2,1,1,3,2,02,1,1,000,075,1,0,1,4,2,13,2,0,0,00,2,4,15,200600073872B02,7,17,1
200600073973,2006-12-08,2006,décembre,vendredi,90:0,38,38314,0,0,1,6,3,1,8,3,-1,00,1,3,000,000,1,5,0,3,1,72,5,1,2,00,2,5,2,200600073973B02,7,9,1
200600073974,2006-12-10,2006,décembre,dimanche,15:15,38,38314,0,0,2,1,1,1,1,4,2,02,1,1,000,068,1,5,1,2,1,80,5,0,0,00,2,1,19,200600073974B02,7,1,1
200600074006,2006-12-06,2006,décembre,mercredi,12:15,44,44035,0,0,2,1,3,1,1,3,2,00,2,1,000,060,1,0,1,3,1,12,2,0,0,00,2,3,19,200600074006A01,7,1,1
200600074016,2006-12-07,2006,décembre,jeudi,14:30,38,38449,0,0,1,1,1,2,5,3,2,03,2,-1,000,000,2,0,1,4,1,25,1,0,0,00,0,4,2,200600074016B02,7,2,1
200600074024,2006-12-27,2006,décembre,mercredi,11:45,42,42265,45.44,4.746,1,1,1,1,1,3,2,02,-1,1,000,063,1,0,1,1,1,13,5,0,0,00,0,5,19,200600074024B02,7,1,1
200600074024,2006-12-27,2006,décembre,mercredi,11:45,42,42265,45.44,4.746,1,1,1,1,1,3,2,02,-1,1,000,063,1,0,1,3,2,9,0,0,0,00,0,5,19,200600074024B02,7,1,1
200600074059,2006-12-03,2006,décembre,dimanche,15:45,74,74315,46.37,6.321,1,1,3,1,1,3,2,02,1,1,000,095,1,0,1,3,1,47,5,1,2,00,2,2,1,200600074059B02,33,17,1
200600074200,2006-12-28,2006,décembre,jeudi,15:45,67,67101,48.533,7.499,1,1,7,1,1,3,2,02,1,1,061,000,1,0,1,3,1,66,5,0,0,00,0,1,13,200600074200A01,,,
200600074244,2006-12-18,2006,décembre,lundi,15:45,51,51482,0,0,1,1,2,1,1,3,2,02,1,2,000,062,1,0,1,2,1,63,5,0,0,00,2,6,1,200600074244B02,7,17,1
200600074318,2006-12-01,2006,décembre,vendredi,19:00,21,21342,47.112,5.33,1,1,1,3,5,3,2,02,1,1,000,070,1,0,1,2,1,76,5,0,0,00,2,3,23,200600074318B02,7,0,1
200600074385,2006-12-22,2006,décembre,vendredi,15:00,39,39415,0,0,2,3,3,1,1,3,2,02,1,1,000,066,1,0,1,2,1,94,5,0,0,00,2,8,19,200600074385A01,7,1,1
200600074413,2006-12-07,2006,décembre,jeudi,11:30,13,13004,0,0,2,1,1,1,1,4,2,00,1,1,060,000,1,0,1,3,2,74,5,0,0,00,2,1,1,200600074413B02,7,5,1
200600074427,2006-12-01,2006,décembre,vendredi,15:25,04,04108,0,0,2,1,1,1,1,2,2,00,-1,1,000,000,1,0,1,3,2,12,5,0,0,00,2,1,19,200600074427A01,7,1,1
200600074430,2006-12-22,2006,décembre,vendredi,17:00,04,04149,0,0,2,1,1,2,1,9,2,02,-1,1,150,000,1,0,1,3,1,47,5,1,2,00,0,0,0,200600074430B02,7,16,1
200600074433,2006-12-31,2006,décembre,dimanche,10:55,04,04104,0,0,1,1,2,1,1,3,2,02,1,1,000,056,1,0,1,3,1,63,5,1,2,00,2,6,1,200600074433B02,7,1,1
200600074461,2006-12-14,2006,décembre,jeudi,16:30,06,06079,0,0,1,6,1,1,1,4,2,00,2,1,000,083,1,0,1,3,1,13,5,0,0,00,2,1,1,200600074461B02,7,13,1
200600074547,2006-12-14,2006,décembre,jeudi,15:30,34,34299,0,0,1,1,3,1,1,3,2,02,1,3,000,063,1,0,1,3,1,70,5,0,0,00,2,3,1,200600074547B02,7,1,1
200600074565,2006-12-11,2006,décembre,lundi,13:15,11,11206,43.058,2.214,2,1,1,1,7,3,4,03,-1,1,000,082,1,5,1,3,1,49,4,1,2,00,2,8,1,200600074565B02,7,19,1
200600074584,2006-12-13,2006,décembre,mercredi,16:00,30,30259,44.082,4.116,2,1,1,1,1,3,2,02,-1,1,000,075,1,0,1,3,2,56,1,0,0,00,2,8,1,200600074584B02,15,1,1
200600074646,2006-12-29,2006,décembre,vendredi,74:0,78,78562,0,0,2,1,2,3,1,3,2,02,1,1,000,050,1,0,1,4,1,16,1,1,2,00,0,4,2,200600074646B02,7,2,1
200600074686,2006-12-02,2006,décembre,samedi,10:30,77,77508,48.824,2.818,1,6,3,1,1,3,2,01,1,3,000,000,1,5,1,3,1,41,5,0,0,00,2,1,1,200600074686B02,7,0,1
200600074706,2006-12-14,2006,décembre,jeudi,17:15,45,45146,47.72,1.948,2,1,1,5,1,4,2,02,1,1,000,060,2,0,1,2,1,12,2,0,0,00,2,3,19,200600074706B02,38,16,1
200600074714,2006-12-19,2006,décembre,mardi,93:0,45,45116,0,0,1,3,3,1,7,4,2,01,1,3,000,000,7,0,1,3,1,71,5,1,2,00,2,8,9,200600074714B02,7,1,1
200600074720,2006-12-05,2006,décembre,mardi,17:00,45,45254,0,0,1,1,3,1,1,4,1,00,1,1,000,021,1,0,1,3,1,11,2,0,0,00,2,7,17,200600074720A01,1,2,1
200600074720,2006-12-05,2006,décembre,mardi,17:00,45,45254,0,0,1,1,3,1,1,4,1,00,1,1,000,021,1,0,1,1,2,13,2,0,0,00,2,8,2,200600074720B02,1,17,1
200600074733,2006-12-21,2006,décembre,jeudi,12:15,18,18023,47.078,2.726,2,1,1,1,7,3,2,02,1,1,000,080,1,0,1,3,1,71,5,0,0,00,2,1,1,200600074733B02,7,15,1
200600074736,2006-12-07,2006,décembre,jeudi,84:5,18,18108,0,0,2,1,3,1,1,3,2,02,1,1,000,068,1,0,1,4,1,65,3,0,0,00,2,3,1,200600074736B02,7,15,1
200600074764,2006-12-03,2006,décembre,dimanche,94:0,36,36098,0,0,1,1,2,1,7,3,2,00,1,1,000,072,1,0,3,2,1,45,5,1,2,00,2,4,1,200600074764B02,10,17,1
200600074798,2006-12-18,2006,décembre,lundi,16:45,29,29150,47.809,-3.627,1,1,1,1,1,3,2,00,1,1,000,063,1,0,1,3,1,69,5,0,0,00,2,3,1,200600074798B02,7,16,1
200600074873,2006-12-01,2006,décembre,vendredi,12:15,67,67194,0,0,2,1,1,1,1,3,2,00,1,1,000,066,1,0,1,3,2,63,1,0,0,00,2,3,1,200600074873B02,7,20,1
200600074941,2006-12-03,2006,décembre,dimanche,12:10,42,42279,45.506,4.255,2,9,3,1,1,3,3,00,1,3,088,060,1,5,1,4,1,33,5,1,2,00,2,5,2,200600074941B02,7,2,1
200600074962,2006-12-01,2006,décembre,vendredi,12:00,34,34337,43.525,3.83,1,1,1,1,1,3,-1,00,1,1,000,000,1,0,1,3,2,42,5,1,2,00,9,1,1,200600074962B02,7,1,1
200600075015,2006-12-15,2006,décembre,vendredi,14:45,31,31547,0,0,1,1,5,1,1,3,-1,02,1,1,000,056,1,0,1,4,1,47,5,1,2,00,9,4,2,200600075015B02,2,2,1
200600075015,2006-12-15,2006,décembre,vendredi,14:45,31,31547,0,0,1,1,5,1,1,3,-1,02,1,1,000,056,1,0,1,3,1,44,5,1,2,00,9,4,2,200600075015C03,2,2,1
200600075016,2006-12-01,2006,décembre,vendredi,21:00,30,30117,0,0,2,1,5,3,1,4,2,02,1,1,000,070,1,0,1,1,1,14,0,0,0,00,2,4,24,200600075016B02,7,1,1
200600075016,2006-12-01,2006,décembre,vendredi,21:00,30,30117,0,0,2,1,5,3,1,4,2,02,1,1,000,070,1,0,1,3,1,15,0,0,0,00,2,4,24,200600075016B02,7,1,1
200600075016,2006-12-01,2006,décembre,vendredi,21:00,30,30117,0,0,2,1,5,3,1,4,2,02,1,1,000,070,1,0,1,3,1,15,0,0,0,00,2,0,24,200600075016C03,7,1,1
200600075023,2006-12-29,2006,décembre,vendredi,11:15,76,76374,50.009,1.513,2,1,1,1,1,3,2,02,1,1,005,070,1,0,1,3,1,48,5,1,2,00,2,8,2,200600075023B02,7,2,1
200600075067,2006-12-14,2006,décembre,jeudi,19:25,03,03185,0,0,2,3,3,5,1,4,2,02,1,1,000,090,1,0,1,3,1,29,0,1,4,00,2,1,15,200600075067A01,7,1,1
200600075072,2006-12-05,2006,décembre,mardi,17:22,03,03190,0,0,2,1,3,5,1,4,2,02,1,1,000,058,1,0,1,3,1,47,1,1,9,00,0,8,17,200600075072A01,7,15,1
200600075073,2006-12-04,2006,décembre,lundi,14:42,03,03190,0,0,2,3,3,1,2,4,2,02,1,1,000,055,2,0,1,3,2,71,3,1,2,00,2,1,21,200600075073B01,7,16,1
200600075118,2006-12-07,2006,décembre,jeudi,16:45,06,06027,0,0,2,3,3,1,1,3,3,02,1,1,000,000,1,0,1,3,2,44,1,1,9,00,2,7,1,200600075118B01,7,0,1
200600075222,2006-12-09,2006,décembre,samedi,16:20,06,06088,0,0,2,2,6,1,1,4,1,01,1,1,000,078,1,0,1,4,2,29,0,1,9,00,2,1,1,200600075222A01,7,1,1
200600075270,2006-12-19,2006,décembre,mardi,11:45,06,06159,0,0,1,3,3,1,1,3,2,02,4,1,000,090,1,0,1,4,1,38,5,1,2,00,2,1,1,200600075270B01,7,15,1
200600075275,2006-12-20,2006,décembre,mercredi,14:47,06,06088,0,0,2,1,6,1,1,4,2,02,1,1,000,000,1,0,4,1,1,5,5,1,9,00,1,1,1,200600075275A01,,,
200600075322,2006-12-29,2006,décembre,vendredi,21:40,06,06088,0,0,2,1,5,5,1,4,1,03,1,1,000,070,1,0,1,3,2,51,5,1,2,01,2,0,13,200600075322B01,7/ 10,22/1,2
200600075343,2006-12-15,2006,décembre,vendredi,17:30,10,10333,0,0,2,3,3,5,1,2,2,02,1,1,000,100,1,0,1,3,1,13,0,1,4,00,2,1,0,200600075343A01,7,1,1
200600075377,2006-12-26,2006,décembre,mardi,13:39,13,13001,0,0,2,4,2,1,1,3,2,02,3,1,000,094,1,0,1,2,1,38,5,1,2,00,2,4,1,200600075377B01,7,12,1
200600075399,2006-12-15,2006,décembre,vendredi,17:15,13,13054,0,0,2,1,2,3,1,4,2,02,1,1,000,061,1,0,1,4,2,23,5,1,9,00,2,4,2,200600075399B01,7,2,1
200600075465,2006-12-26,2006,décembre,mardi,19:30,13,13055,0,0,2,1,7,5,1,4,1,01,4,3,000,065,1,0,1,4,1,40,9,1,9,01,0,1,0,200600075465B01,7,0,1
200600075567,2006-12-12,2006,décembre,mardi,17:30,13,13055,0,0,2,1,6,2,1,4,2,02,1,-1,000,090,1,0,1,4,1,33,5,1,9,01,0,1,1,200600075567A01,10,24,1
200600075700,2006-12-15,2006,décembre,vendredi,18:15,14,14118,0,0,2,1,1,5,1,4,3,02,1,1,056,080,1,0,1,3,1,17,2,1,9,00,2,7,19,200600075700B01,7,1,1
200600075725,2006-12-01,2006,décembre,vendredi,15:05,17,17300,0,0,2,2,3,1,1,4,2,02,1,1,000,098,1,0,5,3,1,56,1,1,9,00,2,1,1,200600075725B01,7,1,1
200600075728,2006-12-05,2006,décembre,mardi,16:38,17,17300,0,0,2,3,6,1,2,4,2,02,1,1,000,048,2,0,5,4,2,17,2,1,9,00,2,1,1,200600075728B01,7,1,1
200600075740,2006-12-13,2006,décembre,mercredi,92:0,17,17300,0,0,2,1,2,1,1,4,1,01,1,-1,000,040,1,0,1,3,2,79,0,1,9,00,2,1,2,200600075740A01,7,23,1
200600075752,2006-12-24,2006,décembre,dimanche,12:05,17,17200,0,0,2,2,3,1,1,4,2,20,2,1,000,060,2,0,1,4,1,55,5,1,9,00,2,1,1,200600075752A01,7,1,1
200600075808,2006-12-15,2006,décembre,vendredi,13:15,21,21231,0,0,2,7,3,1,8,2,3,08,1,-1,000,000,1,5,1,4,2,52,1,1,2,00,2,1,1,200600075808B01,7,16,1
200600075815,2006-12-19,2006,décembre,mardi,94:5,21,21231,0,0,2,1,3,1,1,4,3,04,1,1,000,118,1,0,1,4,2,52,1,1,2,00,2,1,1,200600075815B01,14,16,1
200600075832,2006-12-31,2006,décembre,dimanche,10:35,22,22215,0,0,1,1,1,1,2,4,2,02,2,4,000,060,2,0,1,3,1,44,5,1,2,00,2,0,0,200600075832B01,7,13,1
200600075846,2006-12-11,2006,décembre,lundi,17:00,22,22278,0,0,2,1,3,2,2,4,2,04,1,1,000,150,2,0,1,4,1,43,1,1,9,00,2,7,1,200600075846B01,7,9,1
200600075848,2006-12-16,2006,décembre,samedi,17:00,22,22278,0,0,2,1,6,1,1,4,2,02,4,1,000,108,1,0,1,4,1,38,5,1,2,00,2,7,18,200600075848A01,7,23,1
200600075860,2006-12-04,2006,décembre,lundi,81:6,24,24322,0,0,2,2,3,2,3,4,2,02,1,1,000,090,2,0,1,4,1,12,2,1,9,00,2,7,17,200600075860A01,7,15,1
200600075866,2006-12-02,2006,décembre,samedi,17:30,25,25056,0,0,2,1,6,4,2,4,1,01,1,1,000,092,2,0,1,1,2,59,5,1,9,00,1,7,1,200600075866A01,,,
200600075874,2006-12-07,2006,décembre,jeudi,94:3,25,25056,0,0,2,3,3,1,1,4,2,02,1,1,000,000,1,0,1,4,1,18,0,1,9,00,2,1,1,200600075874B01,7,0,1
200600075878,2006-12-08,2006,décembre,vendredi,11:50,25,25056,0,0,2,1,3,1,1,3,2,02,1,1,000,000,2,0,5,4,2,23,0,1,9,00,0,3,1,200600075878B01,7,9,1
200600075880,2006-12-11,2006,décembre,lundi,15:30,25,25056,0,0,2,2,3,1,1,4,2,02,2,1,000,060,1,0,1,4,1,14,9,0,0,00,2,7,5,200600075880A01,31,1,1
200600075903,2006-12-16,2006,décembre,samedi,13:25,26,26281,0,0,2,1,6,1,1,4,2,02,1,1,000,064,1,0,1,1,1,12,5,1,9,00,0,0,13,200600075903A01,7,1,1
200600075903,2006-12-16,2006,décembre,samedi,13:25,26,26281,0,0,2,1,6,1,1,4,2,02,1,1,000,064,1,0,1,3,1,9,0,1,9,00,0,0,13,200600075903A01,7,1,1
200600075913,2006-12-16,2006,décembre,samedi,17:10,26,26362,0,0,2,1,7,2,2,4,2,02,1,1,000,063,2,0,1,4,1,10,5,1,2,00,2,8,19,200600075913A01,7,2,1
200600075944,2006-12-09,2006,décembre,samedi,82:5,27,27681,0,0,2,9,6,1,1,4,1,01,1,1,000,031,-1,0,1,4,1,12,5,1,2,00,2,1,1,200600075944A01,7,1,1
200600075948,2006-12-18,2006,décembre,lundi,82:0,27,27681,0,0,2,9,6,1,1,4,2,02,1,1,000,062,1,0,1,4,2,22,1,1,2,00,2,7,1,200600075948B01,7,1,1
200600075977,2006-12-04,2006,décembre,lundi,12:30,29,29019,0,0,1,1,3,1,2,9,3,03,1,1,000,000,2,0,1,4,1,19,9,1,9,00,2,1,1,200600075977B01,7,9,1
200600075978,2006-12-04,2006,décembre,lundi,13:25,29,29019,0,0,2,1,7,1,2,4,2,02,1,-1,000,080,2,4,2,4,1,22,1,1,2,00,0,0,1,200600075978A01,,,
200600075998,2006-12-20,2006,décembre,mercredi,15:45,29,29019,0,0,2,6,2,1,7,9,1,02,1,-1,000,000,1,0,1,4,1,11,0,1,4,00,2,4,1,200600075998B01,7,1,1
200600076034,2006-12-07,2006,décembre,jeudi,91:9,30,30189,0,0,2,2,3,1,1,4,2,02,1,1,000,050,1,0,1,3,1,92,9,1,9,00,2,1,1,200600076034B01,7,1,1
200600076084,2006-12-02,2006,décembre,samedi,73:0,31,31555,0,0,2,1,1,5,1,4,2,03,2,1,000,126,1,0,1,2,1,52,1,1,4,00,2,7,15,200600076084A01,33,1,1
200600076089,2006-12-01,2006,décembre,vendredi,15:25,31,31555,0,0,2,1,2,1,1,4,1,03,1,2,000,085,1,0,1,4,1,53,9,1,9,00,2,1,2,200600076089A01,7,2,1
200600076104,2006-12-06,2006,décembre,mercredi,15:25,31,31555,0,0,2,1,3,1,1,4,2,02,1,1,000,070,1,0,1,4,1,24,9,1,9,00,2,1,1,200600076104B01,7,1,1
200600076116,2006-12-08,2006,décembre,vendredi,17:05,31,31555,0,0,2,1,6,2,2,4,2,03,1,1,000,094,2,0,1,1,1,44,5,1,9,00,1,1,0,200600076116A01,,,
200600076119,2006-12-09,2006,décembre,samedi,18:50,31,31555,0,0,2,1,3,5,1,4,1,03,1,1,000,093,1,0,1,4,2,43,0,1,9,00,2,1,6,200600076119B01,7,16,1
200600076125,2006-12-11,2006,décembre,lundi,15:14,31,31555,0,0,2,1,2,1,1,4,3,04,1,1,000,065,1,0,1,4,1,55,0,1,9,00,2,1,1,200600076125A01,7,1,1
200600076131,2006-12-13,2006,décembre,mercredi,19:55,31,31555,0,0,2,1,2,5,1,4,2,04,1,1,000,120,1,0,1,4,1,33,0,1,2,00,2,1,2,200600076131B01,37,2,1
200600076134,2006-12-14,2006,décembre,jeudi,83:5,31,31555,0,0,2,1,6,2,5,4,2,02,1,2,000,070,1,0,1,4,1,23,4,1,2,00,2,0,0,200600076134B01,7,0,1
200600076139,2006-12-15,2006,décembre,vendredi,94:0,31,31555,0,0,2,1,6,1,1,4,2,03,1,1,000,090,1,0,1,1,1,22,4,1,2,00,1,1,1,200600076139A01,,,
200600076146,2006-12-18,2006,décembre,lundi,74:5,31,31555,0,0,2,1,3,5,1,4,2,04,1,1,000,152,1,0,1,4,1,27,4,1,2,00,2,0,1,200600076146B01,7,15,1
200600076150,2006-12-19,2006,décembre,mardi,94:0,31,31555,0,0,2,4,3,1,1,4,1,01,1,1,000,057,1,0,1,3,2,21,2,1,9,00,2,2,1,200600076150B01,7,9,1
200600076152,2006-12-19,2006,décembre,mardi,17:27,31,31555,0,0,2,1,6,1,1,4,2,02,1,1,000,110,1,0,1,4,2,81,9,1,2,00,1,0,1,200600076152A01,,,
200600076154,2006-12-20,2006,décembre,mercredi,17:20,31,31555,0,0,2,3,6,2,1,4,1,03,1,3,000,090,1,0,1,4,2,49,9,1,9,00,2,1,13,200600076154A01,7,1,1
200600076160,2006-12-21,2006,décembre,jeudi,18:50,31,31555,0,0,2,1,2,5,1,4,2,06,1,1,000,180,1,0,1,4,1,23,9,1,2,00,2,0,0,200600076160B01,37,0,1
200600076161,2006-12-19,2006,décembre,mardi,17:20,31,31555,0,0,2,1,3,2,1,4,1,02,1,1,000,060,1,0,1,4,2,45,1,1,2,00,2,8,19,200600076161B01,7,1,1
200600076184,2006-12-05,2006,décembre,mardi,13:50,33,33529,0,0,2,1,2,1,1,4,2,02,1,1,000,079,1,0,1,3,2,31,1,1,9,00,2,4,2,200600076184B01,7,2,1
200600076188,2006-12-29,2006,décembre,vendredi,17:30,33,33063,0,0,2,1,6,5,1,4,3,02,1,1,000,150,1,2,5,4,1,41,0,1,9,00,1,1,1,200600076188A01,,,
200600076195,2006-12-29,2006,décembre,vendredi,64:3,33,33522,0,0,2,1,5,5,5,4,3,02,1,1,000,060,7,0,1,4,1,31,1,1,9,01,2,0,1,200600076195B01,7,13/1,4
200600076205,2006-12-05,2006,décembre,mardi,81:0,33,33063,0,0,2,3,3,2,1,4,2,02,1,1,000,086,2,0,1,4,1,19,0,1,2,00,2,1,1,200600076205B01,7,15,1
200600076252,2006-12-13,2006,décembre,mercredi,17:54,33,33063,0,0,2,2,3,5,1,4,3,04,1,2,000,000,1,0,1,4,1,21,1,1,2,00,2,1,1,200600076252B01,7,1,1
200600076269,2006-12-15,2006,décembre,vendredi,13:35,33,33281,0,0,2,4,6,1,1,4,1,01,1,2,000,069,1,0,1,3,2,42,0,1,9,12,0,1,5,200600076269A01,,,
200600076271,2006-12-12,2006,décembre,mardi,16:40,33,33192,0,0,2,1,3,1,1,4,2,02,1,1,000,070,1,0,1,4,1,30,0,1,4,00,2,1,1,200600076271A01,7,1,1
200600076284,2006-12-14,2006,décembre,jeudi,11:15,33,33192,0,0,2,2,3,1,5,4,2,02,1,1,000,100,1,0,1,4,2,38,0,1,9,00,2,2,15,200600076284B01,7,1,1
200600076285,2006-12-20,2006,décembre,mercredi,80:5,33,33318,0,0,2,2,1,2,2,4,2,02,1,1,000,116,1,0,1,4,1,17,0,1,9,00,2,1,1,200600076285B01,7,15,1
200600076296,2006-12-24,2006,décembre,dimanche,10:00,33,33063,0,0,2,1,3,1,8,4,2,02,1,1,000,067,1,0,1,3,1,82,4,1,9,00,2,1,1,200600076296B01,7,22,1
200600076302,2006-12-20,2006,décembre,mercredi,75:5,33,33318,0,0,2,6,3,2,1,4,2,02,1,1,000,000,1,0,1,4,1,13,2,1,9,00,1,0,1,200600076302B01,7,1,1
200600076316,2006-12-11,2006,décembre,lundi,13:20,34,34003,0,0,2,1,7,1,1,4,1,01,1,1,000,030,1,0,1,3,2,61,5,1,9,00,0,0,0,200600076316A01,,,
200600076351,2006-12-04,2006,décembre,lundi,17:30,34,34172,0,0,2,3,3,5,1,4,2,02,2,1,010,028,1,0,1,4,1,74,5,1,2,00,2,1,1,200600076351A01,2,15,1
200600076358,2006-12-07,2006,décembre,jeudi,15:45,34,34198,0,0,2,3,3,1,1,4,2,02,2,1,000,060,1,0,1,4,1,67,5,1,9,00,2,8,15,200600076358A01,7,17,1
200600076359,2006-12-07,2006,décembre,jeudi,23:25,34,34172,0,0,2,1,2,5,1,4,2,04,2,1,000,123,1,0,1,3,2,19,5,1,4,00,2,4,1,200600076359B01,7,1,1
200600076363,2006-12-08,2006,décembre,vendredi,17:15,34,34172,0,0,2,1,6,5,2,4,2,02,4,2,000,060,2,0,1,1,1,20,5,1,9,00,1,1,1,200600076363A01,,,
200600076374,2006-12-13,2006,décembre,mercredi,16:18,34,34172,0,0,2,1,3,1,1,4,2,02,2,1,000,060,1,0,1,4,1,28,0,1,9,00,2,1,19,200600076374A01,7,1,1
200600076427,2006-12-08,2006,décembre,vendredi,19:25,35,35238,0,0,2,1,3,5,2,4,3,02,1,1,000,060,2,2,1,4,1,41,5,1,9,00,2,1,1,200600076427B01,7,16,1
200600076431,2006-12-09,2006,décembre,samedi,11:00,35,35238,0,0,2,2,3,1,2,4,2,02,1,1,000,060,2,0,1,4,2,54,4,1,9,00,2,1,1,200600076431B01,7,15,1
200600076451,2006-12-20,2006,décembre,mercredi,19:05,35,35238,0,0,2,3,3,5,1,4,2,02,1,-1,000,060,1,0,1,4,1,26,1,1,9,00,2,1,1,200600076451B01,7,15,1
200600076483,2006-12-27,2006,décembre,mercredi,90:2,36,36044,0,0,2,1,6,1,1,4,1,02,1,1,000,140,1,0,1,4,1,83,5,1,4,00,2,8,1,200600076483B01,2,17,1
200600076490,2006-12-07,2006,décembre,jeudi,13:30,37,37122,0,0,2,1,3,1,1,9,2,01,1,1,000,030,1,0,1,3,2,11,5,1,9,00,2,8,19,200600076490A01,7,1,1
200600076503,2006-12-16,2006,décembre,samedi,19:22,37,37261,0,0,2,1,6,5,2,9,1,01,1,1,000,030,2,0,1,3,2,19,1,1,9,00,0,0,1,200600076503A01,,,
200600076505,2006-12-01,2006,décembre,vendredi,17:20,38,38185,0,0,2,1,6,5,1,4,1,03,1,2,000,105,1,0,5,4,1,40,1,1,9,00,2,1,1,200600076505B01,32,16,1
200600076510,2006-12-06,2006,décembre,mercredi,21:05,38,38185,0,0,2,2,3,5,1,4,1,01,1,1,000,046,-1,0,1,4,1,23,0,1,9,00,2,1,1,200600076510A01,7,15,1
200600076512,2006-12-08,2006,décembre,vendredi,12:40,38,38185,0,0,2,1,3,1,1,4,2,03,1,1,000,090,-1,0,5,4,1,12,0,1,9,00,2,1,1,200600076512B01,7,16,1
200600076518,2006-12-15,2006,décembre,vendredi,10:30,38,38185,0,0,2,2,6,1,1,3,1,02,1,1,000,070,1,0,1,1,1,20,0,1,9,00,1,2,1,200600076518A01,,,