Num_Acc,date,an,mois,jour,hrmn,dep,com,lat,long,agg,int,col,lum,atm,catr,circ,nbv,prof,plan,lartpc,larrout,surf,infra,situ,grav,sexe,age,trajet,secuexist,equipement,obs,obsm,choc,manv,vehiculeid,typevehicules,manoeuvehicules,numVehicules
200600076519,2006-12-15,2006,décembre,vendredi,16:50,38,38185,0,0,2,3,1,2,1,3,2,02,1,1,000,100,-1,0,1,4,2,29,5,1,9,00,2,1,1,200600076519A01,99,1,1
200600076523,2006-12-18,2006,décembre,lundi,44:0,38,38421,0,0,2,2,3,5,1,4,2,07,1,1,000,277,1,0,1,4,2,34,1,1,9,00,2,1,1,200600076523A01,7,1,1
200600076524,2006-12-19,2006,décembre,mardi,10:15,38,38169,0,0,2,1,6,1,1,4,2,02,1,1,000,070,1,0,1,4,2,67,0,1,9,00,2,1,1,200600076524B01,7,22,1
200600076526,2006-12-20,2006,décembre,mercredi,73:0,38,38185,0,0,2,1,6,5,1,4,1,01,1,1,000,040,1,0,4,1,1,34,0,1,9,00,1,1,1,200600076526A01,,,
200600076537,2006-12-27,2006,décembre,mercredi,15:45,38,38185,0,0,2,3,3,1,1,4,2,02,1,1,000,060,-1,0,1,4,1,13,5,1,4,00,2,1,1,200600076537A01,7,1,1
200600076550,2006-12-09,2006,décembre,samedi,12:18,40,40279,0,0,1,1,3,1,3,3,2,04,1,1,000,120,2,0,1,3,1,15,5,1,2,00,2,7,19,200600076550B01,7,1,1
200600076598,2006-12-20,2006,décembre,mercredi,12:00,42,42187,0,0,2,2,3,1,1,3,2,02,1,1,000,072,1,0,1,4,2,13,2,1,9,00,2,1,1,200600076598A01,7,1,1
200600076632,2006-12-20,2006,décembre,mercredi,18:00,44,44132,0,0,2,1,3,4,1,4,2,02,1,1,000,000,1,0,1,4,1,10,5,1,9,00,2,0,19,200600076632A01,7,1,1
200600076643,2006-12-04,2006,décembre,lundi,13:45,44,44109,0,0,2,1,6,1,2,4,1,01,2,1,000,030,2,0,1,3,1,26,0,1,9,00,2,7,1,200600076643B01,7,13,1
200600076655,2006-12-07,2006,décembre,jeudi,18:26,44,44109,0,0,2,1,3,5,1,4,2,02,2,1,000,055,1,0,1,3,2,26,1,1,2,00,2,1,1,200600076655B01,7,15,1
200600076672,2006-12-14,2006,décembre,jeudi,13:15,44,44109,0,0,2,1,6,1,1,4,1,01,1,1,000,070,1,0,1,4,1,16,0,1,9,00,2,1,19,200600076672A01,1,1,1
200600076672,2006-12-14,2006,décembre,jeudi,13:15,44,44109,0,0,2,1,6,1,1,4,1,01,1,1,000,070,1,0,1,1,1,53,0,1,9,00,2,2,1,200600076672B01,1,19,1
200600076678,2006-12-14,2006,décembre,jeudi,13:35,44,44109,0,0,2,1,7,1,1,4,2,00,1,1,000,050,1,0,1,3,2,51,1,1,2,00,9,7,1,200600076678A01,,,
200600076679,2006-12-12,2006,décembre,mardi,17:00,44,44109,0,0,2,2,6,1,1,4,2,00,1,1,000,060,1,0,1,4,1,21,2,1,4,00,2,1,1,200600076679B01,7,15,1
200600076687,2006-12-14,2006,décembre,jeudi,17:30,44,44114,0,0,2,6,3,2,1,4,1,02,1,2,000,000,1,0,1,3,1,59,9,1,9,00,2,0,1,200600076687B01,7,9,1
200600076698,2006-12-20,2006,décembre,mercredi,16:50,44,44190,0,0,2,1,6,1,1,4,1,02,1,2,000,084,1,0,1,4,1,27,5,1,2,00,2,1,15,200600076698B01,7,1,1
200600076706,2006-12-26,2006,décembre,mardi,14:50,44,44109,0,0,2,1,3,1,1,4,2,02,1,1,000,065,1,0,1,4,1,11,0,1,2,00,2,1,19,200600076706A01,7,1,1
200600076707,2006-12-22,2006,décembre,vendredi,19:45,44,44109,0,0,2,9,6,5,1,4,2,00,1,1,000,060,1,0,1,3,1,20,5,1,4,00,2,6,1,200600076707B01,7,1,1
200600076736,2006-12-05,2006,décembre,mardi,83:5,45,45285,0,0,2,1,3,1,1,4,2,02,1,1,027,058,1,0,0,4,2,11,2,1,3,00,2,8,19,200600076736B01,2,1,1
200600076739,2006-12-05,2006,décembre,mardi,20:05,45,45234,0,0,2,1,3,5,2,4,2,02,1,1,000,060,2,0,1,4,2,23,9,1,9,00,0,1,1,200600076739B01,7,22,1
200600076740,2006-12-06,2006,décembre,mercredi,74:5,45,45234,0,0,2,4,3,2,1,4,2,02,1,1,000,070,1,0,1,4,1,35,1,1,9,00,2,1,15,200600076740A01,7,16,1
200600076742,2006-12-07,2006,décembre,jeudi,12:30,45,45286,0,0,2,2,3,1,3,4,2,02,1,1,000,055,2,0,1,4,2,15,2,1,9,00,2,1,1,200600076742B01,7,9,1
200600076748,2006-12-12,2006,décembre,mardi,12:05,45,45234,0,0,2,2,3,1,1,2,3,03,1,2,032,238,1,0,1,4,1,18,0,1,9,00,2,1,1,200600076748A01,7,1,1
200600076759,2006-12-20,2006,décembre,mercredi,13:40,45,45232,0,0,2,1,1,1,1,4,1,01,1,1,000,025,1,0,1,4,2,79,5,1,9,00,2,1,5,200600076759A01,13,1,1
200600076762,2006-12-20,2006,décembre,mercredi,18:05,45,45286,0,0,2,2,3,5,1,4,3,05,1,1,000,160,1,0,1,4,1,16,0,1,9,00,2,1,1,200600076762B01,7,15,1
200600076784,2006-12-12,2006,décembre,mardi,12:18,47,47201,0,0,2,3,3,1,1,2,2,02,1,1,000,080,1,0,5,4,2,49,1,1,9,00,2,1,1,200600076784A01,7,16,1
200600076787,2006-12-13,2006,décembre,mercredi,19:45,47,47001,0,0,2,1,1,5,1,4,1,01,1,1,000,050,1,0,1,4,1,25,5,1,9,11,2,1,5,200600076787A01,7,1,1
200600076788,2006-12-16,2006,décembre,samedi,71:0,47,47001,0,0,2,1,1,5,1,2,2,02,1,3,000,055,1,0,1,4,2,27,1,1,2,00,2,6,1,200600076788B01,7,13,1
200600076790,2006-12-15,2006,décembre,vendredi,17:31,47,47001,0,0,2,1,3,1,1,4,2,03,1,1,000,090,1,2,1,4,1,48,1,1,9,00,2,1,1,200600076790B01,7,15,1
200600076797,2006-12-16,2006,décembre,samedi,13:50,47,47323,0,0,1,1,4,1,1,3,2,02,2,2,000,054,1,0,1,3,1,15,5,1,9,00,2,4,2,200600076797C01,7,2,1
200600076797,2006-12-16,2006,décembre,samedi,13:50,47,47323,0,0,1,1,4,1,1,3,2,02,2,2,000,054,1,0,1,2,1,15,5,1,9,00,2,4,2,200600076797B01,7,2,1
200600076810,2006-12-06,2006,décembre,mercredi,15:34,49,49007,0,0,2,1,2,1,1,4,2,03,1,1,000,087,1,0,1,3,2,43,0,1,9,00,2,4,2,200600076810B01,7,2,1
200600076812,2006-12-07,2006,décembre,jeudi,75:0,49,49007,0,0,2,3,3,5,3,4,2,02,1,1,000,124,2,5,0,4,1,27,1,1,9,00,2,3,19,200600076812A01,15,16,1
200600076831,2006-12-15,2006,décembre,vendredi,91:7,49,49007,0,0,2,1,2,1,1,4,2,02,1,1,000,060,1,0,1,4,1,27,4,1,2,00,2,4,23,200600076831B01,7,1,1
200600076855,2006-12-20,2006,décembre,mercredi,10:24,49,49007,0,0,2,1,3,1,1,4,1,01,1,1,000,040,1,0,1,4,1,8,0,1,9,00,2,1,19,200600076855A01,7,1,1
200600076923,2006-12-25,2006,décembre,lundi,18:30,51,51454,0,0,2,1,1,5,5,4,1,00,1,1,000,079,2,0,1,3,1,17,5,1,4,00,2,1,5,200600076923B01,7,0,1
200600076927,2006-12-08,2006,décembre,vendredi,17:15,52,52121,0,0,2,4,6,5,1,4,1,02,1,3,000,087,1,0,1,4,1,50,1,1,9,00,2,8,13,200600076927A01,7,17,1
200600076933,2006-12-16,2006,décembre,samedi,14:10,53,53130,0,0,2,4,3,1,2,3,2,04,2,3,000,000,2,5,0,3,1,51,5,1,2,00,2,8,19,200600076933B01,7,16,1
200600076961,2006-12-11,2006,décembre,lundi,17:15,54,54395,0,0,2,2,3,5,1,4,2,02,1,1,000,000,1,2,1,3,1,16,5,1,2,00,2,6,19,200600076961A01,10,1,1
200600077008,2006-12-07,2006,décembre,jeudi,53:0,55,55029,0,0,1,1,3,3,1,2,2,02,1,1,000,060,1,0,1,4,1,16,1,1,9,00,2,8,1,200600077008B01,7,1,1
200600077013,2006-12-31,2006,décembre,dimanche,95:3,55,55545,0,0,2,1,3,1,8,4,2,02,1,1,000,078,2,0,1,2,2,79,5,1,9,00,2,1,1,200600077013B01,7,13,1
200600077021,2006-12-04,2006,décembre,lundi,11:51,56,56121,0,0,2,9,2,1,1,9,-1,01,-1,1,000,000,1,0,1,4,1,20,5,1,2,00,2,4,1,200600077021B01,7,1,1
200600077023,2006-12-06,2006,décembre,mercredi,81:8,56,56121,0,0,2,1,3,5,2,9,2,01,1,1,000,000,2,0,1,4,1,14,2,1,9,00,2,3,19,200600077023B01,7,0,1
200600077032,2006-12-12,2006,décembre,mardi,18:47,56,56121,0,0,2,3,3,5,1,9,2,02,2,1,000,000,1,0,1,4,2,21,9,1,9,00,2,1,1,200600077032B01,7,16,1
200600077034,2006-12-13,2006,décembre,mercredi,17:29,56,56121,0,0,2,4,2,5,1,9,2,02,1,1,000,000,1,2,1,4,1,52,9,1,9,00,2,4,1,200600077034B01,7,1,1
200600077037,2006-12-12,2006,décembre,mardi,95:5,56,56121,0,0,2,1,6,1,1,9,2,02,2,1,000,000,1,5,1,4,1,79,9,1,9,00,0,8,1,200600077037A01,,,
200600077049,2006-12-25,2006,décembre,lundi,12:05,56,56107,0,0,2,1,3,1,1,9,2,02,1,2,000,000,1,0,1,3,1,77,5,1,9,00,2,1,1,200600077049B01,7,15,1
200600077056,2006-12-06,2006,décembre,mercredi,74:5,56,56260,0,0,2,1,3,5,3,4,3,03,1,1,000,030,2,5,1,4,1,15,2,1,9,00,2,8,19,200600077056A01,7,1,1
200600077064,2006-12-08,2006,décembre,vendredi,80:0,56,56260,0,0,2,9,6,5,1,4,2,02,-1,-1,000,000,2,0,1,4,1,18,0,1,4,00,2,0,1,200600077064A01,7,9,1
200600077068,2006-12-13,2006,décembre,mercredi,16:15,56,56260,0,0,2,1,3,1,1,4,2,02,-1,-1,000,000,1,0,1,4,1,31,4,1,2,00,2,6,19,200600077068B01,7,1,1
200600077119,2006-12-30,2006,décembre,samedi,15:40,59,59431,0,0,1,1,5,1,2,4,2,02,1,1,000,050,2,0,0,3,1,16,5,1,2,00,2,1,1,200600077119B01,7,5,1
200600077119,2006-12-30,2006,décembre,samedi,15:40,59,59431,0,0,1,1,5,1,2,4,2,02,1,1,000,050,2,0,0,3,1,13,5,1,2,00,2,1,1,200600077119C01,7,5,1
200600077146,2006-12-21,2006,décembre,jeudi,17:15,59,59155,0,0,2,1,3,5,1,4,2,02,1,1,000,076,1,0,1,3,1,29,1,1,2,00,2,2,15,200600077146A01,7,1,1
200600077170,2006-12-08,2006,décembre,vendredi,20:50,59,59378,0,0,2,7,3,4,1,3,1,02,1,2,000,000,1,5,1,3,1,54,5,0,0,00,2,1,1,200600077170B01,7,1,1
200600077208,2006-12-28,2006,décembre,jeudi,18:55,59,59350,0,0,2,2,3,2,1,4,1,01,1,1,000,035,1,0,1,4,1,17,2,1,2,00,2,1,1,200600077208A01,7,1,1
200600077212,2006-12-04,2006,décembre,lundi,18:10,59,59514,0,0,2,1,3,2,2,4,2,02,1,1,000,000,2,0,1,3,1,14,5,1,4,00,0,2,19,200600077212B01,7,1,1
200600077224,2006-12-11,2006,décembre,lundi,17:14,59,59512,0,0,2,3,3,5,3,4,3,02,1,1,000,000,2,0,1,3,1,11,2,1,2,00,2,0,19,200600077224B01,7,16,1
200600077227,2006-12-13,2006,décembre,mercredi,19:15,59,59650,0,0,2,1,3,5,1,4,2,02,1,1,000,000,1,0,1,3,1,12,0,1,2,00,2,4,9,200600077227A01,7,2,1
200600077243,2006-12-29,2006,décembre,vendredi,16:40,59,59512,0,0,2,1,6,5,1,4,2,02,1,1,000,000,1,0,1,3,1,13,9,1,2,00,2,0,1,200600077243A01,,,
200600077251,2006-12-05,2006,décembre,mardi,82:5,59,59421,0,0,2,1,1,2,1,4,2,02,1,1,000,000,1,0,1,3,2,13,2,1,9,00,0,1,17,200600077251B01,7,0,1
200600077258,2006-12-12,2006,décembre,mardi,16:00,59,59599,0,0,2,1,6,1,1,4,2,02,1,1,000,000,1,0,1,4,2,40,5,1,9,01,2,8,2,200600077258B01,10,2,1
200600077279,2006-12-19,2006,décembre,mardi,10:15,60,60057,0,0,2,2,3,1,1,3,2,02,1,1,000,061,1,5,1,3,1,27,5,1,2,00,2,0,15,200600077279B01,7,9,1
200600077306,2006-12-29,2006,décembre,vendredi,16:45,62,62004,0,0,2,2,3,1,1,3,2,03,1,1,000,075,1,5,1,3,1,18,5,1,4,00,2,1,15,200600077306A01,7,1,1
200600077309,2006-12-11,2006,décembre,lundi,15:30,62,62570,0,0,2,1,2,1,2,4,2,02,1,1,000,060,2,0,1,3,1,59,5,1,2,00,0,4,2,200600077309B01,10,2,1
200600077314,2006-12-05,2006,décembre,mardi,72:0,62,62035,0,0,1,1,1,3,3,3,2,03,1,1,000,120,2,0,5,3,1,42,1,1,2,00,2,1,1,200600077314A01,30,1,1
200600077320,2006-12-22,2006,décembre,vendredi,74:0,62,62119,0,0,2,2,3,5,1,4,2,02,1,1,000,049,1,5,1,3,1,15,2,1,4,00,2,1,1,200600077320A01,7,1,1
200600077353,2006-12-13,2006,décembre,mercredi,19:57,62,62573,0,0,1,1,1,3,1,3,2,02,1,1,000,074,1,0,1,3,1,42,5,1,9,00,2,1,1,200600077353B01,7,13,1
200600077365,2006-12-21,2006,décembre,jeudi,81:5,62,62510,0,0,2,1,1,2,1,4,2,02,1,-1,060,050,1,0,0,3,1,39,1,1,2,00,2,1,1,200600077365B01,7,15,1
200600077379,2006-12-07,2006,décembre,jeudi,19:35,63,63113,0,0,2,2,3,5,1,4,2,02,1,1,000,060,1,0,1,4,1,26,9,1,9,00,2,1,1,200600077379B01,7,1,1
200600077380,2006-12-09,2006,décembre,samedi,95:0,63,63014,0,0,2,1,6,1,1,4,2,01,1,1,000,000,1,0,2,4,1,15,5,1,2,00,2,1,1,200600077380B01,7,15,1
200600077406,2006-12-29,2006,décembre,vendredi,83:0,63,63113,0,0,2,1,1,1,1,4,2,02,1,1,000,080,1,0,1,4,1,21,9,1,4,00,2,1,1,200600077406B01,7,15,1
200600077433,2006-12-01,2006,décembre,vendredi,23:47,64,64445,0,0,2,1,2,5,1,4,1,03,1,1,000,099,1,0,1,4,1,15,5,1,2,00,2,4,1,200600077433B01,7,1,1
200600077445,2006-12-08,2006,décembre,vendredi,16:10,64,64445,0,0,2,1,6,1,1,4,2,02,1,1,000,125,1,0,1,3,1,65,5,1,9,00,2,8,13,200600077445B01,,,
200600077451,2006-12-13,2006,décembre,mercredi,13:50,64,64348,0,0,2,3,3,1,1,2,2,03,1,1,000,120,1,0,1,4,2,17,2,1,4,00,2,1,15,200600077451A01,31,1,1
200600077508,2006-12-21,2006,décembre,jeudi,15:50,65,65100,0,0,2,3,3,1,1,4,2,03,1,1,000,070,1,0,1,4,1,75,9,1,9,00,0,3,15,200600077508A01,7,1,1
200600077529,2006-12-01,2006,décembre,vendredi,17:30,67,67482,0,0,2,1,3,5,1,4,2,02,1,1,000,120,1,0,1,4,1,15,5,1,9,00,2,1,1,200600077529B01,7,1,1
200600077545,2006-12-10,2006,décembre,dimanche,18:50,67,67482,0,0,2,3,3,3,1,4,2,02,1,3,000,070,1,0,1,4,1,51,0,1,2,00,2,1,1,200600077545B01,7,15,1
200600077550,2006-12-13,2006,décembre,mercredi,73:0,67,67218,0,0,2,1,3,5,1,4,2,02,1,1,000,076,1,0,1,4,2,14,2,1,9,00,2,1,1,200600077550B01,7,15,1
200600077551,2006-12-13,2006,décembre,mercredi,74:5,67,67482,0,0,2,2,3,1,1,4,1,05,1,1,050,101,1,0,1,4,1,18,1,1,9,00,2,1,1,200600077551A01,7,1,1
200600077556,2006-12-16,2006,décembre,samedi,80:5,67,67482,0,0,2,2,3,1,1,4,3,02,1,1,135,036,1,4,1,4,1,16,5,1,9,00,2,1,19,200600077556A01,7,1,1
200600077557,2006-12-16,2006,décembre,samedi,12:30,67,67267,0,0,2,2,3,1,1,4,2,02,1,1,000,088,1,0,0,4,1,30,5,1,2,00,2,1,19,200600077557A01,7,1,1
200600077559,2006-12-18,2006,décembre,lundi,71:0,67,67482,0,0,2,1,3,2,1,4,2,04,1,1,048,133,1,0,1,3,2,11,2,1,2,00,2,1,19,200600077559B01,7,1,1
200600077564,2006-12-22,2006,décembre,vendredi,11:15,67,67447,0,0,2,1,3,1,1,4,2,02,1,1,000,081,1,0,5,4,2,14,2,1,9,00,2,1,1,200600077564B01,10,16,1
200600077567,2006-12-27,2006,décembre,mercredi,19:30,67,67447,0,0,2,1,6,5,1,4,2,02,1,1,000,068,1,2,1,2,1,23,0,1,9,11,2,0,1,200600077567B01,7,1,1
200600077575,2006-12-14,2006,décembre,jeudi,71:5,68,68066,0,0,1,1,7,3,1,3,2,02,1,1,000,080,1,0,3,3,1,55,1,1,4,13,0,1,1,200600077575A01,,,
200600077577,2006-12-15,2006,décembre,vendredi,94:5,68,68112,0,0,2,3,1,1,7,3,2,02,1,1,000,092,1,0,5,4,1,51,5,1,9,00,2,1,1,200600077577B01,7,15,1
200600077616,2006-12-01,2006,décembre,vendredi,94:0,69,69266,0,0,2,1,2,1,1,4,2,04,1,1,000,150,1,0,1,3,1,38,1,1,9,00,2,1,2,200600077616A01,7,1,1
200600077672,2006-12-11,2006,décembre,lundi,80:0,72,72181,0,0,2,1,6,1,1,9,1,01,2,1,000,080,1,0,1,4,1,32,9,1,2,00,1,1,1,200600077672A01,,,
200600077727,2006-12-10,2006,décembre,dimanche,20:15,75,75019,0,0,2,3,6,5,1,4,1,01,1,1,000,030,1,0,1,4,1,15,5,0,0,08,2,2,1,200600077727B01,7,0,1
200600077738,2006-12-11,2006,décembre,lundi,90:0,75,75004,0,0,2,2,3,1,1,4,1,02,1,1,000,060,1,0,1,4,2,54,1,0,0,00,2,1,5,200600077738B01,7,4,1
200600077757,2006-12-11,2006,décembre,lundi,94:0,75,75014,0,0,2,3,3,1,8,4,2,04,1,1,000,120,1,0,1,4,1,43,4,0,0,00,2,1,19,200600077757A01,7,1,1
200600077798,2006-12-12,2006,décembre,mardi,13:00,75,75007,0,0,2,3,3,1,1,4,1,02,1,1,000,060,1,0,1,4,1,52,5,0,0,00,2,2,1,200600077798B01,5,12,1
200600077799,2006-12-12,2006,décembre,mardi,20:30,75,75007,0,0,2,1,2,5,3,4,2,04,1,1,000,120,2,0,1,4,1,30,4,0,0,00,2,1,1,200600077799A01,7,1,1
200600077800,2006-12-12,2006,décembre,mardi,12:35,75,75007,0,0,2,1,3,1,1,4,1,01,1,1,000,030,1,0,1,4,2,40,4,0,0,00,2,2,1,200600077800B01,7,22,1
200600077801,2006-12-12,2006,décembre,mardi,17:30,75,75008,0,0,2,2,3,5,1,4,2,04,1,1,000,120,1,0,1,4,1,61,5,0,0,00,2,1,1,200600077801B01,7,0,1
200600077826,2006-12-13,2006,décembre,mercredi,23:20,75,75005,0,0,2,1,7,5,1,4,1,02,1,1,000,060,1,0,1,4,1,28,5,0,0,00,0,0,21,200600077826A01,,,
200600077828,2006-12-13,2006,décembre,mercredi,20:25,75,75008,0,0,2,2,3,5,8,4,2,04,1,1,000,120,1,0,1,4,1,40,5,0,0,00,2,1,1,200600077828B01,7,1,1
200600077857,2006-12-14,2006,décembre,jeudi,17:20,75,75010,0,0,2,3,3,5,1,4,1,02,1,1,000,060,1,0,1,4,2,38,1,1,2,00,2,2,1,200600077857B01,10,16,1
200600077872,2006-12-15,2006,décembre,vendredi,20:40,75,75004,0,0,2,1,4,5,1,4,2,04,1,1,000,120,1,0,1,4,1,42,5,0,0,00,2,3,1,200600077872B01,5/ 7,12/1,2
200600077873,2006-12-15,2006,décembre,vendredi,10:14,75,75004,0,0,2,1,3,1,1,4,2,04,1,1,000,120,1,0,1,4,1,73,5,0,0,00,2,3,21,200600077873A01,7,1,1
200600077914,2006-12-16,2006,décembre,samedi,14:40,75,75015,0,0,2,1,7,1,2,4,2,04,1,1,000,120,2,0,1,3,1,82,5,0,0,00,0,0,1,200600077914A01,,,
200600077937,2006-12-11,2006,décembre,lundi,22:10,75,75012,0,0,2,3,6,5,2,4,2,04,1,1,000,120,2,0,1,4,1,29,5,0,0,00,2,1,1,200600077937B01,7,0,1
200600077950,2006-12-18,2006,décembre,lundi,12:15,75,75011,0,0,2,3,6,1,1,4,1,01,1,1,000,030,1,0,1,1,1,28,5,0,0,00,1,1,1,200600077950A01,,,
200600077951,2006-12-18,2006,décembre,lundi,81:5,75,75010,0,0,2,1,3,2,1,4,1,02,1,1,000,060,1,0,1,4,2,29,4,1,2,00,2,1,1,200600077951B01,7,22,1
200600077965,2006-12-19,2006,décembre,mardi,13:50,75,75001,0,0,2,1,4,1,1,4,2,04,1,1,000,120,1,0,1,4,1,24,5,0,0,00,2,1,1,200600077965B01,7/ 10,22/1,2
200600077995,2006-12-20,2006,décembre,mercredi,11:25,75,75004,0,0,2,2,3,1,1,4,1,01,1,1,000,030,1,0,1,4,2,58,5,1,2,00,2,1,1,200600077995B01,7,15,1
200600078022,2006-12-20,2006,décembre,mercredi,16:10,75,75017,0,0,2,5,3,1,1,4,2,04,1,1,000,120,1,0,1,4,1,10,5,0,0,00,2,6,19,200600078022B01,2,1,1
200600078058,2006-12-22,2006,décembre,vendredi,12:20,75,75006,0,0,2,1,3,1,1,4,1,02,1,1,000,060,1,0,1,4,1,51,5,0,0,00,2,2,1,200600078058B01,4,18,1
200600078063,2006-12-22,2006,décembre,vendredi,13:00,75,75011,0,0,2,1,3,1,1,4,2,04,1,1,000,120,1,0,1,1,1,14,5,0,0,00,2,2,12,200600078063A01,5,1,1
200600078077,2006-12-23,2006,décembre,samedi,19:40,75,75005,0,0,2,1,6,5,1,4,2,02,1,1,000,060,1,0,1,1,1,43,5,0,0,00,1,1,1,200600078077A01,,,
200600078112,2006-12-26,2006,décembre,mardi,16:10,75,75008,0,0,2,1,3,1,1,4,2,02,1,1,000,060,1,0,1,4,2,47,5,0,0,00,2,1,1,200600078112B01,7,22,1
200600078130,2006-12-28,2006,décembre,jeudi,23:05,75,75001,0,0,2,2,3,5,1,4,2,02,1,1,000,060,1,0,1,4,1,25,5,0,0,00,2,1,1,200600078130B01,7,15,1
200600078135,2006-12-28,2006,décembre,jeudi,20:20,75,75005,0,0,2,3,3,5,1,4,1,01,1,1,000,030,1,0,1,4,2,31,5,0,0,00,2,2,17,200600078135A01,7,15,1
200600078161,2006-12-29,2006,décembre,vendredi,20:10,75,75016,0,0,2,1,3,5,1,4,1,01,1,1,000,030,1,0,1,4,1,36,5,0,0,00,2,1,1,200600078161B01,7,22,1
200600078203,2006-12-04,2006,décembre,lundi,70:0,75,75013,0,0,2,1,6,5,1,4,2,04,1,1,000,120,2,0,1,3,1,32,1,0,0,01,0,1,1,200600078203A01,,,
200600078224,2006-12-13,2006,décembre,mercredi,11:27,75,75020,0,0,2,1,6,1,1,4,2,02,1,1,000,060,1,0,1,3,1,9,9,0,0,00,2,2,19,200600078224B01,14,1,1
200600078233,2006-12-17,2006,décembre,dimanche,13:15,75,75008,0,0,2,1,4,1,3,4,1,02,1,1,000,060,2,0,1,4,1,38,5,0,0,00,2,6,11,200600078233A01,10,1,2
200600078238,2006-12-01,2006,décembre,vendredi,18:15,75,75011,0,0,2,2,1,5,1,4,1,02,1,1,000,060,1,0,1,4,1,17,5,0,0,00,2,1,5,200600078238A01,7,1,1
200600078239,2006-12-01,2006,décembre,vendredi,10:15,75,75011,0,0,2,1,6,1,1,4,2,02,1,1,000,060,1,0,1,1,1,31,5,0,0,00,1,1,1,200600078239A01,,,
200600078270,2006-12-03,2006,décembre,dimanche,10:25,75,75011,0,0,2,1,3,1,8,4,2,03,1,1,000,090,1,0,1,4,2,37,5,0,0,00,2,1,1,200600078270B01,7,9,1
200600078272,2006-12-03,2006,décembre,dimanche,41:7,75,75014,0,0,2,1,3,5,1,4,2,04,1,1,000,120,1,0,1,1,1,23,5,0,0,00,2,3,11,200600078272A01,5,1,1
200600078279,2006-12-04,2006,décembre,lundi,18:45,75,75001,0,0,2,2,1,5,2,4,2,03,1,1,000,090,2,0,1,4,1,50,4,0,0,00,2,1,1,200600078279B01,2,1,1
200600078280,2006-12-04,2006,décembre,lundi,83:0,75,75005,0,0,2,1,3,1,2,4,2,04,1,1,000,120,2,0,1,4,2,26,4,0,0,00,2,6,1,200600078280B01,4,17,1
200600078285,2006-12-04,2006,décembre,lundi,18:55,75,75012,0,0,2,1,6,5,2,4,2,04,1,1,000,120,2,0,1,1,1,53,4,0,0,00,1,1,1,200600078285A01,,,
200600078318,2006-12-06,2006,décembre,mercredi,12:30,75,75013,0,0,2,1,3,1,1,4,1,01,1,1,000,030,1,0,1,4,2,44,4,0,0,00,2,2,1,200600078318B01,7,22,1
200600078322,2006-12-06,2006,décembre,mercredi,13:25,75,75019,0,0,2,1,7,1,1,4,1,01,1,1,000,030,1,0,1,4,2,30,5,0,0,00,0,0,1,200600078322A01,,,
200600078323,2006-12-06,2006,décembre,mercredi,12:15,75,75020,0,0,2,1,7,1,1,4,1,02,1,1,000,060,1,0,1,4,2,25,4,0,0,00,0,0,21,200600078323A01,,,
200600078352,2006-12-03,2006,décembre,dimanche,23:50,75,75010,0,0,2,1,6,5,1,4,1,02,1,1,000,060,1,0,1,1,1,25,5,0,0,00,1,1,21,200600078352A01,,,
200600078366,2006-12-07,2006,décembre,jeudi,90:0,75,75005,0,0,2,1,3,1,2,4,2,02,1,1,000,060,2,0,1,3,2,25,5,0,0,00,2,3,11,200600078366A01,18,17,1
200600078399,2006-12-08,2006,décembre,vendredi,15:15,75,75011,0,0,2,1,3,1,8,4,1,01,1,1,000,030,2,0,1,4,1,11,5,0,0,00,2,2,19,200600078399B01,5,0,1
200600078409,2006-12-09,2006,décembre,samedi,21:50,75,75001,0,0,2,4,6,5,1,4,1,01,1,1,000,030,1,0,1,4,1,25,5,0,0,00,2,1,1,200600078409B01,7,0,1
200600078414,2006-12-09,2006,décembre,samedi,18:20,75,75010,0,0,2,1,6,5,1,4,2,06,1,1,000,180,1,0,5,1,1,46,5,0,0,00,1,6,1,200600078414A01,,,
200600078419,2006-12-08,2006,décembre,vendredi,20:40,75,75014,0,0,2,2,3,5,2,4,1,01,1,1,000,030,2,0,1,4,1,37,5,0,0,00,2,2,1,200600078419A01,7,1,1
200600078431,2006-12-10,2006,décembre,dimanche,16:55,75,75003,0,0,2,3,3,1,1,4,2,04,1,1,000,120,1,0,1,4,1,4,5,0,0,00,2,3,19,200600078431A01,7,1,1
200600078453,2006-12-08,2006,décembre,vendredi,12:15,76,76351,0,0,2,5,3,1,3,4,2,02,1,1,000,075,2,0,1,4,1,26,1,1,9,00,2,1,1,200600078453B01,7,1,1
200600078454,2006-12-15,2006,décembre,vendredi,14:30,76,76351,0,0,2,1,1,1,1,4,2,04,1,1,000,214,1,0,1,2,1,71,5,1,9,00,2,8,1,200600078454A01,7,1,1
200600078457,2006-12-27,2006,décembre,mercredi,17:45,76,76351,0,0,2,1,2,5,1,2,2,06,1,1,000,000,1,0,5,3,1,50,1,1,2,00,2,4,1,200600078457B01,7,11,1
200600078469,2006-12-06,2006,décembre,mercredi,18:50,76,76540,0,0,2,1,2,5,1,2,3,03,1,1,000,120,1,0,1,4,1,16,0,1,9,00,2,1,1,200600078469A01,7,2,1
200600078478,2006-12-12,2006,décembre,mardi,13:20,76,76540,0,0,2,1,2,1,1,4,2,02,1,2,000,060,1,0,1,4,2,32,5,0,0,00,2,4,2,200600078478B01,7,16,1