Num_Acc,date,an,mois,jour,hrmn,dep,com,lat,long,agg,int,col,lum,atm,catr,circ,nbv,prof,plan,lartpc,larrout,surf,infra,situ,grav,sexe,age,trajet,secuexist,equipement,obs,obsm,choc,manv,vehiculeid,typevehicules,manoeuvehicules,numVehicules
200600078480,2006-12-12,2006,décembre,mardi,16:00,76,76540,0,0,2,1,3,1,1,2,2,05,1,1,000,148,1,0,1,3,1,13,5,0,0,00,2,1,19,200600078480B01,7,1,1
200600078489,2006-12-16,2006,décembre,samedi,22:10,76,76540,0,0,2,1,3,5,1,4,2,02,1,-1,000,060,2,0,1,4,1,20,5,1,4,00,2,1,1,200600078489B01,7,15,1
200600078508,2006-12-04,2006,décembre,lundi,19:10,77,77108,0,0,2,1,1,3,2,4,2,02,1,1,000,062,2,0,1,3,1,58,5,1,4,00,2,0,0,200600078508A01,10,1,1
200600078515,2006-12-04,2006,décembre,lundi,17:55,77,77131,0,0,2,1,2,5,9,9,2,01,1,1,000,057,2,0,1,3,1,35,1,1,2,00,2,1,1,200600078515A01,10,23,1
200600078538,2006-12-05,2006,décembre,mardi,18:30,77,77284,0,0,2,1,6,5,8,2,3,04,1,1,010,120,1,0,1,4,1,34,5,1,2,01,0,4,1,200600078538B01,7,2,1
200600078541,2006-12-15,2006,décembre,vendredi,13:15,77,77284,0,0,2,1,3,1,1,4,2,02,1,1,000,060,1,0,1,4,2,19,5,1,2,00,2,8,9,200600078541A01,2,1,1
200600078567,2006-12-22,2006,décembre,vendredi,11:36,77,77491,0,0,2,1,1,1,9,4,2,02,1,2,000,053,7,0,1,2,1,49,0,1,2,00,2,1,1,200600078567B01,7,1,1
200600078586,2006-12-13,2006,décembre,mercredi,12:50,78,78172,0,0,2,1,3,1,1,4,2,02,1,1,000,000,1,0,1,4,1,13,2,1,2,00,2,8,19,200600078586B01,7,1,1
200600078587,2006-12-12,2006,décembre,mardi,16:45,78,78005,0,0,1,3,3,1,1,3,2,02,1,1,000,116,1,0,1,4,1,51,5,1,9,00,2,2,1,200600078587B01,7,15,1
200600078598,2006-12-19,2006,décembre,mardi,18:00,78,78383,0,0,2,3,1,5,1,4,1,02,1,3,000,070,1,0,1,3,1,39,5,1,2,00,2,8,1,200600078598B01,7,15,1
200600078602,2006-12-28,2006,décembre,jeudi,13:50,78,78423,0,0,2,3,3,1,5,4,1,02,1,1,020,070,-1,0,1,3,1,75,0,1,4,00,2,8,19,200600078602A01,7,2,1
200600078606,2006-12-13,2006,décembre,mercredi,19:45,78,78688,0,0,2,3,3,2,1,3,1,02,1,1,000,060,1,0,1,3,1,18,5,1,4,00,2,8,19,200600078606A01,7,2,1
200600078615,2006-12-20,2006,décembre,mercredi,12:05,78,78311,0,0,2,3,3,1,1,4,2,02,1,1,000,053,1,0,1,3,1,64,5,1,2,00,0,1,1,200600078615B01,10,9,1
200600078643,2006-12-01,2006,décembre,vendredi,82:5,78,78643,0,0,2,2,3,1,1,4,-1,00,1,1,000,050,1,0,1,3,1,33,5,1,2,00,2,1,1,200600078643A01,7,1,1
200600078660,2006-12-19,2006,décembre,mardi,14:45,78,78517,0,0,2,2,3,1,1,4,2,02,2,3,027,116,2,0,1,4,1,70,0,1,2,00,2,1,16,200600078660B01,7,15,1
200600078740,2006-12-06,2006,décembre,mercredi,10:05,81,81065,0,0,2,2,3,1,1,3,1,02,1,2,000,080,1,0,1,4,1,84,5,0,0,00,2,8,16,200600078740B01,7,16,1
200600078770,2006-12-21,2006,décembre,jeudi,72:5,82,82121,0,0,2,2,3,5,1,3,2,02,1,1,000,000,1,0,1,4,1,31,1,1,9,00,2,3,1,200600078770B01,7,15,1
200600078797,2006-12-07,2006,décembre,jeudi,14:00,83,83137,0,0,2,2,3,1,1,4,2,04,1,1,000,130,1,0,1,3,2,55,1,1,2,00,0,3,15,200600078797B01,7,16,1
200600078874,2006-12-09,2006,décembre,samedi,12:31,85,85191,0,0,2,1,2,1,1,4,2,01,1,1,000,070,1,0,1,3,1,16,9,1,2,00,2,1,1,200600078874A01,7,1,1
200600078962,2006-12-04,2006,décembre,lundi,18:45,90,90010,0,0,2,2,3,5,2,3,3,04,1,-1,000,070,2,5,1,3,2,40,1,1,9,00,2,1,1,200600078962B01,7,1,1
200600078967,2006-12-18,2006,décembre,lundi,17:00,90,90010,0,0,2,3,5,2,1,4,3,03,-1,-1,000,072,1,0,1,4,1,11,2,1,9,00,2,1,19,200600078967A01,7,1,2
200600078974,2006-12-30,2006,décembre,samedi,16:15,90,90010,0,0,2,1,6,1,1,4,2,04,1,1,000,069,1,2,1,3,1,59,3,1,9,00,2,1,19,200600078974B01,7,16,1
200600078984,2006-12-20,2006,décembre,mercredi,94:0,91,91114,0,0,2,1,3,1,1,4,2,02,1,1,020,020,1,0,1,4,1,43,5,1,9,00,2,4,1,200600078984B01,7,15,1
200600078988,2006-12-13,2006,décembre,mercredi,81:0,91,91174,0,0,2,3,3,1,1,4,2,02,1,1,000,060,1,0,1,4,1,26,5,1,9,00,2,1,1,200600078988B01,7,15,1
200600079014,2006-12-07,2006,décembre,jeudi,15:30,91,91691,0,0,2,2,3,1,2,4,2,02,2,1,000,060,2,0,1,4,1,31,1,1,9,00,2,1,1,200600079014A01,14,15,1
200600079028,2006-12-09,2006,décembre,samedi,10:15,91,91692,0,0,1,1,2,1,1,3,1,03,1,1,000,120,1,0,1,3,1,49,5,1,2,00,2,4,1,200600079028B01,10,2,1
200600079071,2006-12-05,2006,décembre,mardi,18:30,92,92012,0,0,2,6,3,2,3,3,2,02,1,1,001,700,2,0,1,4,2,30,1,1,9,00,2,7,1,200600079071B01,7,9,1
200600079082,2006-12-13,2006,décembre,mercredi,18:10,92,92071,0,0,2,1,2,5,1,3,3,02,1,1,000,080,1,0,1,4,1,32,5,1,2,00,2,1,2,200600079082A01,7,1,1
200600079137,2006-12-08,2006,décembre,vendredi,80:0,92,92040,0,0,2,1,6,5,3,2,1,02,1,1,000,100,2,0,1,4,1,53,1,1,9,01,0,1,1,200600079137B01,,,
200600079174,2006-12-20,2006,décembre,mercredi,83:0,92,92020,0,0,2,4,3,5,1,3,2,02,1,3,000,000,1,0,5,4,1,36,1,1,4,01,0,1,1,200600079174B01,10,23,1
200600079275,2006-12-19,2006,décembre,mardi,18:40,93,93005,0,0,2,6,3,5,8,2,1,03,1,2,000,100,1,5,1,3,1,38,9,1,9,00,2,7,2,200600079275A01,7,1,1
200600079295,2006-12-17,2006,décembre,dimanche,64:5,93,93010,0,0,2,1,2,5,8,2,1,00,-1,-1,000,000,2,0,1,3,1,41,0,1,9,00,2,4,1,200600079295B01,7,12,1
200600079308,2006-12-11,2006,décembre,lundi,18:40,93,93029,0,0,2,1,6,1,1,3,2,02,1,1,000,200,1,0,1,4,1,25,5,1,9,01,2,0,1,200600079308B01,7,22,1
200600079329,2006-12-13,2006,décembre,mercredi,13:05,93,93032,0,0,2,1,2,1,1,4,2,00,2,1,000,050,2,0,1,3,1,15,2,1,9,00,2,1,2,200600079329A01,7,2,1
200600079333,2006-12-18,2006,décembre,lundi,81:0,93,93047,0,0,2,3,3,2,2,4,2,02,1,1,000,090,2,0,1,3,1,18,2,1,9,00,0,2,0,200600079333B01,7,9,1
200600079346,2006-12-12,2006,décembre,mardi,14:50,93,93046,0,0,2,2,1,1,1,4,1,01,1,1,000,060,1,0,1,4,2,59,5,1,9,00,2,1,1,200600079346B01,7,15,1
200600079368,2006-12-22,2006,décembre,vendredi,15:50,93,93048,0,0,2,1,3,1,1,4,1,01,2,1,000,080,-1,0,1,4,1,41,1,1,2,09,2,8,1,200600079368B01,7,9,1
200600079394,2006-12-20,2006,décembre,mercredi,91:5,93,93014,0,0,2,1,6,1,1,4,2,02,1,1,000,070,7,0,0,4,2,32,4,1,9,01,0,1,1,200600079394B01,7,1,1
200600079410,2006-12-21,2006,décembre,jeudi,15:50,93,93066,0,0,2,1,2,1,8,4,-1,02,1,1,000,060,2,0,1,3,1,19,0,1,4,00,2,1,2,200600079410A01,7,2,1
200600079430,2006-12-25,2006,décembre,lundi,18:05,93,93071,0,0,2,3,3,4,5,4,2,03,1,1,000,100,-1,0,0,3,1,14,0,1,9,00,2,8,0,200600079430A01,7,0,1
200600079445,2006-12-22,2006,décembre,vendredi,15:00,93,93078,0,0,2,1,2,1,1,4,2,02,1,1,000,050,1,0,1,4,1,105,2,1,9,00,0,4,12,200600079445B01,7,2,1
200600079499,2006-12-18,2006,décembre,lundi,84:5,94,94028,0,0,2,1,6,1,1,4,-1,02,1,1,000,060,1,0,1,4,1,58,0,1,9,00,2,1,0,200600079499B01,30,0,1
200600079523,2006-12-07,2006,décembre,jeudi,10:15,94,94076,0,0,1,1,1,1,1,2,2,00,1,1,000,000,1,0,1,4,1,43,0,0,0,00,2,1,0,200600079523B01,7,0,1
200600079552,2006-12-24,2006,décembre,dimanche,12:00,94,94034,0,0,2,1,3,1,1,4,2,02,2,1,000,000,1,0,1,4,1,35,5,1,2,00,2,7,19,200600079552B01,7,1,1
200600079553,2006-12-27,2006,décembre,mercredi,15:00,94,94073,0,0,2,2,3,1,1,4,2,00,1,1,000,000,1,0,1,4,1,25,5,1,9,00,2,1,1,200600079553A01,7,1,1
200600079563,2006-12-12,2006,décembre,mardi,91:0,94,94046,0,0,2,3,3,1,1,4,2,02,1,1,000,060,2,0,1,4,2,30,0,1,9,00,2,1,1,200600079563A01,7,15,1
200600079567,2006-12-02,2006,décembre,samedi,10:15,94,94015,0,0,2,1,3,1,1,4,1,01,1,1,000,024,1,0,1,4,1,48,5,1,9,01,0,1,1,200600079567B01,7,24,1
200600079580,2006-12-12,2006,décembre,mardi,18:30,94,94068,0,0,2,1,5,5,1,3,2,02,1,1,000,070,1,0,1,4,2,44,3,1,9,01,2,1,1,200600079580B01,10/ 7,22/2,2
200600079582,2006-12-18,2006,décembre,lundi,17:45,94,94068,0,0,2,1,1,5,1,4,2,02,1,1,000,070,1,0,1,4,1,12,5,1,2,00,2,7,1,200600079582B01,7,1,1
200600079596,2006-12-28,2006,décembre,jeudi,18:10,94,94074,0,0,2,1,1,3,1,4,2,02,1,1,000,050,-1,0,1,4,1,29,1,1,2,00,2,1,5,200600079596A01,7,5,1
200600079607,2006-12-09,2006,décembre,samedi,16:35,94,94067,0,0,2,2,1,1,9,3,2,02,-1,-1,000,000,-1,0,1,4,1,35,0,1,9,00,2,0,0,200600079607B01,7,15,1
200600079633,2006-12-10,2006,décembre,dimanche,30:5,95,95018,0,0,2,2,3,5,1,3,2,02,1,1,000,070,1,2,1,4,1,30,5,1,9,00,2,1,15,200600079633A01,7,0,1
200600079684,2006-12-16,2006,décembre,samedi,18:15,95,95607,0,0,2,1,1,5,2,4,1,01,1,1,000,000,2,0,1,4,1,18,0,1,2,00,2,1,1,200600079684B01,7,1,1
200600079977,2006-12-04,2006,décembre,lundi,14:38,2B,2B033,0,0,2,1,1,1,1,4,-1,02,1,1,000,060,1,0,1,4,1,35,5,1,9,00,2,1,0,200600079977B01,7,0,1
200600080053,2006-12-01,2006,décembre,vendredi,23:30,69,69386,0,0,2,2,1,5,1,4,1,03,1,1,000,000,1,0,1,4,1,20,9,1,2,00,2,1,1,200600080053A01,7,1,1
200600080069,2006-12-12,2006,décembre,mardi,15:40,69,69383,0,0,2,2,3,1,1,4,1,01,1,1,000,000,1,0,1,4,2,43,5,1,2,00,2,1,1,200600080069B01,7,1,1
200600080078,2006-12-21,2006,décembre,jeudi,19:10,69,69383,0,0,2,2,3,5,1,4,1,03,1,1,000,000,1,0,1,4,2,38,5,1,9,00,2,1,1,200600080078A01,7,1,1
200600080247,2006-12-10,2006,décembre,dimanche,35:7,13,13106,0,0,1,1,6,3,1,1,3,02,1,1,015,095,1,3,1,2,1,53,5,0,0,00,0,4,0,200600080247B01,7,1,1
200600080354,2006-01-05,2006,janvier,jeudi,14:30,974,97415,-0,0,1,1,1,1,1,2,2,00,-1,1,000,090,1,3,1,3,1,16,5,0,0,00,0,8,15,200600080354B02,7,1,1
200600080377,2006-01-27,2006,janvier,vendredi,54:5,971,97103,0,-0,2,1,3,3,1,2,2,00,4,1,000,114,1,0,1,2,1,54,1,0,0,00,2,7,19,200600080377A01,7,1,1
200600080386,2006-01-23,2006,janvier,lundi,11:35,973,97304,0,-0,2,9,1,1,1,4,2,02,1,1,000,075,1,0,1,3,1,12,9,0,0,00,2,1,19,200600080386A01,7,1,1
200600080388,2006-01-29,2006,janvier,dimanche,18:00,974,97416,-0,0,1,1,1,2,1,2,3,00,2,2,020,070,1,3,1,3,1,56,5,0,0,00,2,4,1,200600080388B02,7,9,1
200600080396,2006-01-11,2006,janvier,mercredi,85:0,971,97107,0,0,2,4,6,1,1,4,1,01,1,1,000,050,1,0,1,3,2,6,9,0,0,01,1,0,2,200600080396A01,,,
200600080396,2006-01-11,2006,janvier,mercredi,85:0,971,97107,0,0,2,4,6,1,1,4,1,01,1,1,000,050,1,0,1,4,1,18,9,1,9,01,1,0,2,200600080396A01,,,
200600080400,2006-01-05,2006,janvier,jeudi,74:3,971,97113,0,0,1,9,2,1,1,2,3,05,1,1,005,085,1,3,1,3,1,70,5,1,2,00,2,4,1,200600080400B01,7,9,1
200600080455,2006-01-08,2006,janvier,dimanche,17:15,973,97302,0,0,2,1,3,1,2,4,2,01,1,1,000,000,1,0,1,4,1,24,0,1,9,00,9,1,0,200600080455B01,2,0,1
200600080457,2006-01-07,2006,janvier,samedi,92:1,973,97302,0,0,1,1,3,1,1,3,2,01,1,1,000,000,1,0,1,4,1,16,0,1,9,00,2,1,0,200600080457B01,7,0,1
200600080458,2006-01-04,2006,janvier,mercredi,16:15,973,97302,0,0,2,1,3,1,1,4,2,01,1,-1,000,000,1,0,1,4,1,19,3,1,9,00,2,1,1,200600080458B01,7,0,1
200600080465,2006-01-17,2006,janvier,mardi,14:06,973,97302,0,0,2,1,3,1,2,4,2,01,1,1,000,074,1,0,1,4,2,44,0,1,9,00,2,0,5,200600080465A01,7,0,1
200600080470,2006-01-19,2006,janvier,jeudi,12:50,973,97302,0,0,2,1,1,1,1,4,1,01,1,3,000,000,1,0,1,4,1,13,0,1,9,00,2,1,5,200600080470A01,7,0,1
200600080471,2006-01-17,2006,janvier,mardi,18:17,973,97302,0,0,2,1,3,4,2,4,2,01,1,1,000,000,2,0,1,4,1,14,0,1,9,00,2,0,0,200600080471B01,7,0,1
200600080476,2006-01-31,2006,janvier,mardi,70:5,973,97302,0,0,2,1,3,1,1,4,2,01,1,1,000,000,1,0,1,4,2,16,0,1,9,00,2,1,5,200600080476B01,7,0,1
200600080488,2006-01-30,2006,janvier,lundi,17:20,973,97302,0,0,2,1,1,1,1,4,1,01,1,-1,000,091,1,0,2,4,1,20,0,1,2,00,2,1,0,200600080488A01,7,0,1
200600080489,2006-01-28,2006,janvier,samedi,18:00,973,97302,0,0,1,3,3,1,1,3,2,01,1,-1,000,000,1,0,1,4,1,8,0,1,9,00,2,0,0,200600080489A01,7,0,1
200600080490,2006-01-31,2006,janvier,mardi,73:7,973,97302,0,0,2,1,1,1,1,4,1,01,1,4,000,000,1,0,1,4,1,12,2,1,9,00,2,1,5,200600080490A01,7,0,1
200600080499,2006-01-10,2006,janvier,mardi,13:17,973,97302,0,0,2,1,6,1,1,4,2,00,1,1,000,060,1,0,1,4,1,18,0,1,9,00,9,0,0,200600080499A01,,,
200600080499,2006-01-10,2006,janvier,mardi,13:17,973,97302,0,0,2,1,6,1,1,4,2,00,1,1,000,060,1,0,1,4,1,6,0,1,9,00,9,0,0,200600080499A01,,,
200600080499,2006-01-10,2006,janvier,mardi,13:17,973,97302,0,0,2,1,6,1,1,4,2,00,1,1,000,060,1,0,1,4,2,8,0,1,9,00,9,0,0,200600080499A01,,,
200600080506,2006-01-22,2006,janvier,dimanche,18:30,974,97407,0,0,2,1,2,1,1,4,1,01,1,1,000,065,1,0,1,4,2,11,5,1,9,00,2,4,2,200600080506B01,7,2,1
200600080510,2006-01-23,2006,janvier,lundi,17:00,974,97410,0,0,2,1,6,1,1,4,2,00,1,1,000,066,1,0,1,3,1,45,5,1,9,00,2,1,1,200600080510B01,7,11,1
200600080512,2006-01-04,2006,janvier,mercredi,16:00,974,97411,0,0,2,1,1,1,1,4,2,02,2,1,000,057,1,0,1,3,1,20,4,1,9,00,2,3,21,200600080512B01,10,21,1
200600080512,2006-01-04,2006,janvier,mercredi,16:00,974,97411,0,0,2,1,1,1,1,4,2,02,2,1,000,057,1,0,1,4,2,21,0,1,9,00,2,3,21,200600080512B01,10,21,1
200600080517,2006-01-17,2006,janvier,mardi,17:15,974,97411,0,0,2,1,3,1,1,4,1,00,1,1,000,000,1,0,1,4,1,13,5,1,9,00,0,0,0,200600080517A01,7,0,1
200600080518,2006-01-24,2006,janvier,mardi,15:34,974,97411,0,0,2,1,3,1,1,4,-1,02,1,1,000,060,1,0,0,4,1,43,9,1,2,00,2,1,0,200600080518B01,7,0,1
200600080577,2006-02-17,2006,février,vendredi,13:45,971,97121,0,-0,1,1,1,1,1,4,2,00,4,1,000,053,1,0,1,4,1,17,5,0,0,00,2,1,1,200600080577B02,7,13,1
200600080606,2006-02-10,2006,février,vendredi,15:30,974,97418,-0,0,2,1,1,1,1,4,1,01,2,3,060,000,1,0,1,4,1,32,5,0,0,00,2,8,1,200600080606B02,7,1,1
200600080661,2006-02-25,2006,février,samedi,11:00,973,97304,0,-0,2,1,2,1,1,4,2,02,1,1,000,070,1,0,1,3,1,30,5,1,2,00,2,1,1,200600080661B02,7,14,1
200600080668,2006-02-11,2006,février,samedi,18:30,974,97415,-0,0,2,1,3,1,1,3,2,02,2,1,000,071,1,0,1,3,1,17,5,0,0,00,2,1,1,200600080668B02,7,15,1
200600080682,2006-02-17,2006,février,vendredi,18:30,971,97101,0,0,1,3,6,2,1,4,2,02,3,2,000,048,1,0,1,3,1,13,5,1,9,00,2,8,15,200600080682B01,7,1,1
200600080710,2006-02-18,2006,février,samedi,17:50,972,97209,0,0,2,1,3,1,1,3,2,02,1,1,000,050,1,0,1,4,1,19,9,0,0,14,0,7,17,200600080710A01,7,2,1
200600080748,2006-02-25,2006,février,samedi,93:6,973,97302,0,0,2,1,3,1,1,4,-1,01,-1,-1,000,000,1,0,1,4,2,28,9,1,9,00,2,1,0,200600080748A01,7,0,1
200600080753,2006-02-16,2006,février,jeudi,16:46,973,97302,0,0,2,1,4,1,1,4,2,01,-1,1,000,089,1,0,1,4,1,14,0,1,9,00,2,3,0,200600080753B01,7,0,2
200600080780,2006-02-06,2006,février,lundi,15:50,974,97411,0,0,2,1,6,1,2,3,2,02,1,1,000,070,1,0,1,1,1,52,5,1,9,00,1,8,0,200600080780A01,,,
200600080792,2006-02-25,2006,février,samedi,13:10,974,97411,0,0,2,1,1,1,1,4,2,02,1,1,000,071,1,0,1,4,1,23,5,1,9,00,2,1,1,200600080792B01,7,9,1
200600080796,2006-02-24,2006,février,vendredi,18:42,974,97411,0,0,2,2,3,2,1,4,1,01,1,1,000,071,1,0,1,4,2,18,5,1,4,00,2,1,1,200600080796A01,7,1,1
200600080838,2006-01-02,2006,janvier,lundi,74:5,973,97302,0,0,2,3,3,1,2,4,2,00,1,-1,000,043,2,0,1,4,1,39,0,1,2,00,2,0,0,200600080838B01,7,0,1
200600080854,2006-03-18,2006,mars,samedi,18:45,972,97216,0,-0,1,1,1,5,1,2,2,00,1,1,000,062,1,0,1,3,1,14,3,0,0,00,2,4,2,200600080854B02,7,1,1
200600080866,2006-03-20,2006,mars,lundi,11:30,971,97125,0,-0,2,1,2,1,1,4,2,02,-1,1,000,065,1,0,1,2,1,51,5,0,0,00,2,4,1,200600080866B02,7,1,1
200600080879,2006-03-18,2006,mars,samedi,16:15,974,97418,-0,0,2,1,1,1,1,4,2,02,2,1,000,050,1,0,1,3,1,18,5,1,2,00,2,0,19,200600080879A01,7,1,1
200600080887,2006-03-26,2006,mars,dimanche,11:30,974,97419,-0,0,2,1,3,1,1,2,2,02,4,3,000,063,1,0,1,3,1,47,5,0,0,00,2,1,13,200600080887A01,7,1,1
200600080900,2006-03-25,2006,mars,samedi,1:,974,97412,-0,0,2,1,1,5,1,2,1,01,4,1,000,035,1,5,1,3,1,22,5,0,0,00,2,1,5,200600080900B02,7,1,1
200600080996,2006-03-09,2006,mars,jeudi,71:0,973,97302,0,0,2,2,1,1,1,4,1,02,1,1,000,081,1,0,1,4,2,32,0,1,9,00,2,1,0,200600080996A01,7,0,1
200600081000,2006-03-07,2006,mars,mardi,82:8,973,97302,0,0,2,1,3,1,1,4,2,00,-1,-1,000,000,1,0,0,4,1,46,0,0,0,00,2,0,0,200600081000A01,7,0,1
200600081005,2006-03-10,2006,mars,vendredi,11:05,973,97302,0,0,2,1,3,1,1,4,2,01,-1,1,000,059,1,0,1,4,1,12,0,1,9,00,9,1,0,200600081005A01,2,0,1
200600081014,2006-03-20,2006,mars,lundi,94:2,973,97302,0,0,2,1,3,1,1,4,1,00,-1,-1,000,000,1,0,1,4,1,38,0,1,9,00,2,1,0,200600081014A01,7,0,1
200600081015,2006-03-12,2006,mars,dimanche,18:10,973,97302,0,0,2,2,3,1,1,4,1,00,2,2,000,129,1,0,1,4,1,21,0,1,9,00,2,1,0,200600081015A01,7,0,1
200600081023,2006-03-27,2006,mars,lundi,15:50,973,97302,0,0,2,1,6,1,1,4,2,00,1,1,000,045,1,0,1,4,1,14,0,1,9,00,9,0,0,200600081023A01,1,0,1
200600081023,2006-03-27,2006,mars,lundi,15:50,973,97302,0,0,2,1,6,1,1,4,2,00,1,1,000,045,1,0,1,4,2,57,0,1,9,00,9,0,0,200600081023B01,1,0,1
200600081024,2006-03-27,2006,mars,lundi,70:1,973,97302,0,0,2,2,6,1,1,4,2,00,1,1,000,000,1,0,1,4,1,19,0,1,9,00,9,1,0,200600081024A01,7,0,1
200600081028,2006-03-30,2006,mars,jeudi,12:05,973,97302,0,0,2,1,2,1,7,4,3,00,1,1,000,065,1,0,1,4,2,18,0,1,9,00,9,0,16,200600081028B01,7,4,1
200600081050,2006-03-13,2006,mars,lundi,15:55,974,97411,0,0,2,1,2,1,1,2,2,02,1,1,000,073,1,0,1,4,1,18,2,1,2,00,2,1,2,200600081050A01,10,2,1
200600081059,2006-03-13,2006,mars,lundi,80:5,974,97411,0,0,2,1,1,1,1,4,1,01,2,1,000,030,1,0,1,4,1,21,5,1,2,00,2,1,5,200600081059B01,7,1,1
200600081118,2006-04-01,2006,avril,samedi,13:00,972,97222,0,-0,1,1,5,1,1,4,2,01,1,1,000,030,1,0,1,3,1,19,5,0,0,00,2,1,1,200600081118B02,7,1,1
200600081118,2006-04-01,2006,avril,samedi,13:00,972,97222,0,-0,1,1,5,1,1,4,2,01,1,1,000,030,1,0,1,3,1,19,5,0,0,00,2,0,1,200600081118C03,7,1,1
200600081123,2006-04-18,2006,avril,mardi,74:5,971,97107,0,-0,1,1,1,1,1,4,2,02,2,2,000,055,1,0,1,3,2,26,3,0,0,00,2,1,13,200600081123A01,7,1,1
200600081198,2006-04-17,2006,avril,lundi,1:,974,97416,-0,0,1,1,6,3,1,3,2,00,1,1,000,070,1,0,1,3,1,19,0,0,0,00,2,4,2,200600081198A01,,,
200600081198,2006-04-17,2006,avril,lundi,1:,974,97416,-0,0,1,1,6,3,1,3,2,00,1,1,000,070,1,0,1,3,1,27,5,0,0,00,2,4,2,200600081198A01,,,
200600081210,2006-02-26,2006,février,dimanche,83:0,972,97213,0,0,2,1,1,1,1,4,2,02,1,1,000,000,1,0,1,4,1,40,9,1,2,00,2,1,1,200600081210B01,7,1,1
200600081303,2006-04-10,2006,avril,lundi,10:44,973,97302,0,0,1,1,3,1,1,2,1,01,-1,-1,000,099,1,0,1,4,2,60,0,1,9,00,2,7,0,200600081303B01,7,0,1
200600081354,2006-04-09,2006,avril,dimanche,16:15,974,97411,0,0,1,1,1,1,1,4,2,02,2,3,000,060,9,0,1,4,1,17,5,1,9,00,2,1,1,200600081354A01,7,1,1
200600081363,2006-04-21,2006,avril,vendredi,18:15,974,97411,0,0,1,3,3,2,1,4,2,02,1,1,000,060,1,0,1,4,2,43,5,1,2,00,2,1,1,200600081363B01,7,1,1
200600081370,2006-04-06,2006,avril,jeudi,93:5,974,97411,0,0,1,1,2,1,1,4,2,02,2,3,000,070,1,3,4,4,1,50,5,1,2,00,9,1,1,200600081370A01,1,1,1
200600081370,2006-04-06,2006,avril,jeudi,93:5,974,97411,0,0,1,1,2,1,1,4,2,02,2,3,000,070,1,3,4,1,1,62,5,1,2,00,9,1,1,200600081370B01,1,1,1
200600081453,2006-05-21,2006,mai,dimanche,21:30,971,97129,0,-0,1,1,2,3,1,2,2,02,3,1,000,070,1,0,1,3,1,36,5,0,0,00,2,4,1,200600081453B02,7,1,1
200600081465,2006-05-24,2006,mai,mercredi,16:00,973,97311,0,-0,2,1,3,1,1,4,2,02,1,1,000,060,1,0,1,4,1,17,5,0,0,00,2,8,2,200600081465B02,2,17,1
200600081468,2006-05-26,2006,mai,vendredi,18:45,974,97418,-0,0,1,1,3,3,1,3,2,02,2,2,000,040,1,0,1,3,1,19,5,1,4,00,2,1,1,200600081468A01,10,15,1
200600081518,2006-05-01,2006,mai,lundi,22:45,973,97304,0,-0,2,1,3,5,3,4,2,02,-1,1,000,065,4,0,1,4,1,53,5,0,0,00,2,8,1,200600081518B02,7,20,1
200600081520,2006-05-20,2006,mai,samedi,16:45,974,97498,-0,0,1,6,3,1,1,4,2,02,-1,1,000,135,1,3,1,3,1,40,5,1,2,00,2,7,19,200600081520B02,7,16,1
200600081559,2006-05-17,2006,mai,mercredi,14:36,972,97209,0,0,2,1,7,1,1,3,1,03,1,-1,000,090,1,0,1,4,1,21,0,1,2,16,0,0,2,200600081559A01,,,
200600081567,2006-05-21,2006,mai,dimanche,20:15,972,97209,0,0,2,1,6,4,1,4,2,02,1,1,000,070,1,0,1,4,1,14,0,1,9,00,2,0,0,200600081567B01,7,0,1
200600081594,2006-05-11,2006,mai,jeudi,17:30,973,97302,0,0,2,1,2,1,1,4,2,00,1,1,000,086,1,0,1,4,1,18,0,1,2,00,2,1,0,200600081594B01,7,0,1
200600081598,2006-05-20,2006,mai,samedi,15:40,973,97302,0,0,2,1,2,1,1,4,2,00,1,1,000,040,1,0,1,4,2,47,0,1,2,00,2,0,0,200600081598B01,7,0,1
200600081599,2006-05-20,2006,mai,samedi,11:23,973,97302,0,0,2,1,6,1,1,2,1,00,1,-1,000,000,1,0,1,4,1,23,0,1,9,00,0,0,0,200600081599A01,,,
200600081603,2006-05-16,2006,mai,mardi,11:30,973,97302,0,0,2,1,3,1,2,4,1,00,1,-1,000,118,2,0,0,4,1,33,0,1,9,00,2,1,0,200600081603A01,7,0,1
200600081605,2006-05-22,2006,mai,lundi,93:1,973,97302,0,0,1,6,2,1,1,2,2,02,-1,-1,000,000,-1,0,0,4,2,33,9,1,2,00,2,1,2,200600081605B01,7,2,1
200600081623,2006-05-26,2006,mai,vendredi,14:35,973,97302,0,0,1,1,3,1,1,3,2,20,1,1,000,000,1,0,1,4,2,14,2,1,2,00,2,4,16,200600081623B01,7,1,1
200600081627,2006-05-04,2006,mai,jeudi,16:50,974,97407,0,0,2,1,3,1,1,2,2,02,1,1,000,090,1,0,1,4,1,41,5,1,9,00,2,7,19,200600081627B01,10,2,1
200600081635,2006-05-31,2006,mai,mercredi,15:30,974,97407,0,0,2,1,3,1,1,2,3,02,1,1,035,075,1,0,1,4,1,59,5,1,9,00,2,8,2,200600081635B01,7,2,1
200600081638,2006-05-02,2006,mai,mardi,19:25,974,97411,0,0,1,1,1,3,1,4,2,02,4,3,000,109,1,0,1,4,1,16,5,1,2,00,2,1,13,200600081638B01,7,23,1
200600081643,2006-05-17,2006,mai,mercredi,74:0,974,97411,0,0,2,1,6,1,1,3,2,00,1,1,000,000,1,0,0,4,1,14,2,1,2,00,2,3,1,200600081643B01,7,1,1
200600081696,2006-06-14,2006,juin,mercredi,80:0,971,97128,0,-0,2,1,1,1,1,3,2,02,1,1,000,057,1,0,1,3,1,41,5,1,2,00,0,0,0,200600081696B02,7,0,1