Num_Acc,date,an,mois,jour,hrmn,dep,com,lat,long,agg,int,col,lum,atm,catr,circ,nbv,prof,plan,lartpc,larrout,surf,infra,situ,grav,sexe,age,trajet,secuexist,equipement,obs,obsm,choc,manv,vehiculeid,typevehicules,manoeuvehicules,numVehicules
200600081699,2006-06-11,2006,juin,dimanche,19:30,973,97307,0,-0,1,1,1,3,1,2,2,02,-1,2,000,070,1,0,1,3,1,17,5,0,0,00,2,1,5,200600081699A01,7,1,1
200600081709,2006-06-24,2006,juin,samedi,16:15,974,97420,-0,0,1,1,1,1,1,4,2,02,2,2,000,060,1,0,1,3,1,14,5,0,0,00,2,1,13,200600081709B02,7,1,1
200600081748,2006-06-23,2006,juin,vendredi,10:30,973,97309,0,-0,2,6,6,1,1,3,2,01,1,-1,000,050,1,5,1,3,1,16,5,0,0,00,2,1,19,200600081748B02,7,1,1
200600081770,2006-05-12,2006,mai,vendredi,22:05,972,97213,0,0,1,3,3,5,1,3,2,02,1,2,000,000,1,5,1,3,1,20,5,1,2,00,2,1,19,200600081770B01,7,1,1
200600081775,2006-04-04,2006,avril,mardi,18:30,972,97213,0,0,1,1,3,2,1,4,-1,00,2,-1,000,000,1,0,1,4,1,18,0,0,0,00,2,1,1,200600081775B01,7,1,1
200600081781,2006-04-15,2006,avril,samedi,15:47,972,97213,0,0,2,3,3,1,1,4,2,02,1,-1,000,000,1,0,1,4,1,8,5,1,2,00,2,1,1,200600081781B01,7,1,1
200600081788,2006-05-01,2006,mai,lundi,14:10,972,97213,0,0,1,6,3,1,1,3,1,02,1,3,000,000,1,0,1,4,1,28,0,1,2,00,2,0,1,200600081788A01,7,1,1
200600081926,2006-06-06,2006,juin,mardi,12:14,973,97302,0,0,1,1,3,1,1,4,1,01,1,1,000,000,1,0,1,4,1,16,9,1,9,00,2,1,0,200600081926B01,7,0,1
200600081928,2006-06-06,2006,juin,mardi,11:35,973,97302,0,0,2,1,6,1,1,4,1,00,1,1,000,000,1,0,1,4,1,25,0,1,9,00,2,0,0,200600081928B01,7,0,2
200600081950,2006-06-05,2006,juin,lundi,83:0,974,97407,0,0,2,1,6,1,1,2,2,02,1,1,000,075,1,0,1,3,1,19,1,1,9,00,0,0,2,200600081950A01,,,
200600081951,2006-06-07,2006,juin,mercredi,14:00,974,97407,0,0,2,1,3,1,1,4,1,01,1,1,045,075,1,0,1,4,1,42,5,1,9,00,2,1,2,200600081951B01,7,4,1
200600081953,2006-06-11,2006,juin,dimanche,90:0,974,97407,0,0,2,1,3,1,1,4,1,01,1,1,045,079,1,0,1,4,1,7,5,1,9,00,2,1,19,200600081953A01,7,2,1
200600081965,2006-06-03,2006,juin,samedi,23:15,974,97411,0,0,2,1,6,5,1,4,2,02,2,1,000,060,1,0,1,3,1,24,5,1,2,00,2,1,1,200600081965B01,7,15,1
200600081973,2006-06-05,2006,juin,lundi,14:25,974,97411,0,0,2,2,3,1,1,4,2,02,2,1,000,060,1,0,1,4,1,18,5,1,9,00,2,1,1,200600081973A01,7,1,1
200600081975,2006-06-11,2006,juin,dimanche,13:50,974,97411,0,0,2,1,6,1,1,4,2,02,2,2,000,070,1,0,1,4,2,7,5,1,9,00,2,1,13,200600081975A01,7,1,1
200600081977,2006-06-17,2006,juin,samedi,54:5,974,97411,0,0,2,1,6,5,8,4,1,02,2,1,000,070,1,0,1,4,1,39,1,1,2,00,1,1,1,200600081977A01,,,
200600081983,2006-06-23,2006,juin,vendredi,18:40,974,97411,0,0,1,1,1,3,1,4,2,00,2,3,000,060,1,0,1,4,1,10,5,1,9,00,2,1,5,200600081983A01,7,1,1
200600081984,2006-06-28,2006,juin,mercredi,17:30,974,97411,0,0,2,1,3,1,1,4,2,20,2,1,000,071,1,0,1,4,1,17,5,1,2,01,2,1,13,200600081984A01,7,1,1
200600081992,2006-06-01,2006,juin,jeudi,19:40,974,97411,0,0,2,1,6,2,1,4,2,02,2,1,000,070,1,0,1,1,1,19,9,1,9,00,1,1,1,200600081992A01,,,
200600081992,2006-06-01,2006,juin,jeudi,19:40,974,97411,0,0,2,1,6,2,1,4,2,02,2,1,000,070,1,0,1,4,2,65,9,0,0,00,1,1,1,200600081992A01,,,
200600081999,2006-06-24,2006,juin,samedi,11:10,974,97416,0,0,2,1,3,1,1,4,1,01,1,1,000,071,1,0,1,4,1,35,5,1,9,00,2,7,17,200600081999B01,18,1,1
200600082000,2006-06-26,2006,juin,lundi,15:00,974,97414,0,0,2,3,3,1,1,4,2,02,1,1,000,050,1,0,1,4,1,14,5,1,9,00,2,1,1,200600082000A01,7,1,1
200600082055,2006-07-30,2006,juillet,dimanche,19:15,971,97127,0,-0,2,1,2,5,1,3,2,02,1,1,000,054,1,0,1,2,1,30,9,0,0,00,9,4,1,200600082055B02,10,1,1
200600082077,2006-07-08,2006,juillet,samedi,17:45,974,97421,-0,0,2,3,3,1,1,3,2,02,2,1,000,051,1,5,1,4,1,18,5,1,2,00,2,7,1,200600082077A01,10,15,1
200600082137,2006-07-09,2006,juillet,dimanche,74:0,972,97227,0,-0,1,1,6,2,1,3,3,02,-1,1,000,000,1,0,1,3,1,53,5,0,0,00,0,0,0,200600082137B02,7,0,1
200600082137,2006-07-09,2006,juillet,dimanche,74:0,972,97227,0,-0,1,1,6,2,1,3,3,02,-1,1,000,000,1,0,1,4,1,39,5,1,2,00,0,0,0,200600082137C03,7,0,1
200600082151,2006-07-01,2006,juillet,samedi,19:45,971,97101,0,0,2,1,6,4,1,4,2,02,1,1,000,060,1,0,1,4,2,18,5,1,4,00,2,8,1,200600082151B01,14,1,1
200600082157,2006-07-11,2006,juillet,mardi,72:0,971,97101,0,0,2,1,2,1,1,2,2,02,2,1,000,000,1,0,1,3,1,18,4,1,2,00,2,1,1,200600082157A01,7,1,1
200600082227,2006-07-05,2006,juillet,mercredi,14:45,973,97302,0,0,2,3,3,1,1,4,1,00,-1,1,000,000,1,0,1,4,1,18,0,1,9,00,9,1,0,200600082227A01,2,0,1
200600082234,2006-07-12,2006,juillet,mercredi,17:15,973,97302,0,0,1,1,3,1,1,3,1,00,1,2,000,000,1,0,1,4,2,15,0,1,9,00,2,7,0,200600082234B01,7,0,1
200600082248,2006-07-06,2006,juillet,jeudi,12:15,974,97407,0,0,2,1,3,1,1,4,2,02,1,1,000,075,1,0,1,3,1,19,1,1,9,00,2,1,15,200600082248A01,10,2,1
200600082271,2006-07-26,2006,juillet,mercredi,13:55,974,97411,0,-0,2,1,3,1,1,4,1,03,1,1,000,000,1,0,1,4,1,16,9,1,9,00,2,1,21,200600082271B01,7,22,1
200600082333,2006-08-20,2006,août,dimanche,81:0,972,97217,0,-0,1,1,5,1,1,4,2,00,1,1,000,031,1,0,1,4,1,19,5,0,0,00,2,1,16,200600082333A01,7,1,2
200600082360,2006-08-11,2006,août,vendredi,11:00,971,97128,0,-0,2,1,7,1,1,4,2,00,1,1,000,000,1,0,1,3,1,15,5,0,0,00,0,0,1,200600082360A01,,,
200600082361,2006-08-03,2006,août,jeudi,11:30,971,97116,0,-0,2,1,6,1,1,3,2,02,1,1,000,000,1,5,1,2,1,29,5,0,0,00,0,0,0,200600082361B02,7,1,1
200600082365,2006-08-02,2006,août,mercredi,17:50,973,97305,0,-0,1,2,5,1,1,2,2,00,-1,1,000,080,1,0,1,2,1,22,9,0,0,00,2,4,2,200600082365B02,10,2,1
200600082365,2006-08-02,2006,août,mercredi,17:50,973,97305,0,-0,1,2,5,1,1,2,2,00,-1,1,000,080,1,0,1,2,1,20,9,0,0,00,2,4,2,200600082365C03,10,2,1
200600082366,2006-08-11,2006,août,vendredi,83:0,973,97311,0,-0,1,1,1,1,1,3,2,02,1,2,000,054,1,0,1,2,1,33,5,0,0,00,2,1,1,200600082366B02,7,13,1
200600082415,2006-08-31,2006,août,jeudi,13:00,973,97304,0,-0,2,1,1,1,1,9,2,02,-1,1,070,000,1,0,1,2,1,42,5,0,0,00,2,4,2,200600082415A01,10,2,1
200600082429,2006-08-12,2006,août,samedi,14:35,971,97101,0,0,2,1,3,1,1,3,2,02,3,3,000,060,1,0,1,3,1,36,5,1,9,00,2,1,19,200600082429B01,7,1,1
200600082431,2006-08-05,2006,août,samedi,16:00,971,97101,0,0,1,3,3,1,1,3,2,02,1,1,000,000,1,0,1,1,2,26,5,0,0,00,2,1,1,200600082431A01,7,1,1
200600082472,2006-08-30,2006,août,mercredi,12:30,972,97213,0,0,1,1,1,1,1,3,2,02,2,3,000,000,1,0,1,4,1,17,5,1,2,00,2,1,13,200600082472A01,7,1,1
200600082494,2006-08-09,2006,août,mercredi,16:46,973,97302,0,0,2,1,3,1,1,4,1,00,1,-1,000,091,1,0,1,4,1,52,0,1,9,00,9,1,0,200600082494A01,7,0,1
200600082512,2006-08-18,2006,août,vendredi,13:29,973,97302,0,0,2,2,2,1,1,4,1,00,1,-1,000,000,1,0,1,4,1,21,0,1,9,00,2,1,1,200600082512A01,7,1,1
200600082516,2006-08-26,2006,août,samedi,11:42,973,97302,0,0,2,3,2,1,1,4,2,00,1,1,000,072,1,0,1,4,2,53,0,1,9,00,2,1,0,200600082516B01,7,0,1
200600082529,2006-08-04,2006,août,vendredi,21:00,974,97409,0,0,1,1,3,3,1,4,2,00,1,1,000,000,1,0,0,3,1,38,0,1,4,00,2,8,1,200600082529B01,7,2,1
200600082530,2006-08-01,2006,août,mardi,17:55,974,97411,0,0,2,1,3,2,1,4,2,02,2,1,000,070,1,0,1,4,1,18,9,1,9,00,2,1,17,200600082530B01,7,15,1
200600082537,2006-08-16,2006,août,mercredi,16:08,974,97411,0,0,2,2,1,1,1,4,2,02,1,1,000,071,1,0,1,4,1,26,9,1,2,00,2,1,1,200600082537B01,7,15,1
200600082553,2006-08-21,2006,août,lundi,84:5,974,97414,0,0,2,1,6,1,1,4,1,01,1,1,000,070,1,0,1,4,1,18,5,1,9,00,2,7,1,200600082553B01,7,20,1
200600082590,2006-09-19,2006,septembre,mardi,14:30,972,97224,0,-0,2,1,1,1,1,3,2,02,-1,2,040,040,1,0,1,3,1,13,5,0,0,00,2,1,13,200600082590B02,7,1,1
200600082597,2006-09-08,2006,septembre,vendredi,10:15,972,97212,0,-0,1,1,2,1,1,3,2,00,4,1,000,050,1,0,1,3,1,24,0,0,0,00,0,4,13,200600082597A01,10,17,1
200600082620,2006-09-27,2006,septembre,mercredi,19:45,971,97116,0,-0,1,1,3,5,1,2,2,02,-1,1,000,087,1,0,1,3,1,60,5,0,0,00,0,6,0,200600082620B02,7,19,1
200600082633,2006-09-16,2006,septembre,samedi,19:15,973,97306,0,-0,1,1,3,3,1,2,2,02,1,1,000,060,1,0,1,3,1,44,5,0,0,00,2,8,2,200600082633B02,7,2,1
200600082695,2006-09-22,2006,septembre,vendredi,17:07,971,97107,0,0,2,2,3,1,1,4,-1,01,1,-1,000,070,1,0,1,4,1,15,5,1,9,00,0,4,0,200600082695A01,7,1,1
200600082695,2006-09-22,2006,septembre,vendredi,17:07,971,97107,0,0,2,2,3,1,1,4,-1,01,1,-1,000,070,1,0,1,4,1,14,0,1,9,00,0,4,0,200600082695A01,7,1,1
200600082730,2006-09-02,2006,septembre,samedi,15:21,973,97302,0,0,2,1,2,1,1,4,2,02,1,1,000,112,1,0,1,4,1,54,0,1,9,00,9,4,0,200600082730A01,33,0,1
200600082738,2006-09-13,2006,septembre,mercredi,10:45,973,97302,0,0,2,1,3,1,1,4,3,00,1,1,000,106,1,0,1,4,1,14,0,1,9,00,2,1,19,200600082738B01,7,1,1
200600082742,2006-09-11,2006,septembre,lundi,15:45,973,97302,0,0,2,1,1,1,1,4,2,01,1,1,000,090,1,0,1,4,1,25,9,1,9,00,2,1,5,200600082742A01,7,1,1
200600082743,2006-09-08,2006,septembre,vendredi,18:52,973,97302,0,0,2,1,3,5,1,4,2,01,-1,4,000,065,1,0,1,4,1,13,5,1,9,00,2,1,0,200600082743B01,7,1,1
200600082744,2006-09-14,2006,septembre,jeudi,17:25,973,97302,0,0,2,3,2,1,1,4,2,00,1,1,000,076,1,0,1,4,1,36,5,1,9,00,2,4,0,200600082744B01,7,0,1
200600082749,2006-09-18,2006,septembre,lundi,17:45,973,97302,0,0,1,2,3,1,1,1,2,00,1,-1,000,075,1,0,1,4,1,14,9,1,9,00,9,1,13,200600082749A01,2,1,1
200600082754,2006-09-22,2006,septembre,vendredi,12:50,973,97302,0,0,2,1,6,1,1,4,1,00,1,1,000,000,1,0,1,3,1,11,0,1,9,00,2,0,1,200600082754A01,7,24,1
200600082774,2006-09-09,2006,septembre,samedi,19:00,974,97407,0,0,2,1,3,5,1,2,2,02,1,1,000,075,1,0,1,3,1,17,5,1,9,00,2,8,1,200600082774A01,7,1,1
200600082779,2006-09-26,2006,septembre,mardi,83:3,974,97407,0,0,2,1,3,1,1,4,2,02,1,1,000,075,1,0,1,4,2,60,5,1,9,00,2,8,1,200600082779B01,10,1,1
200600082801,2006-09-29,2006,septembre,vendredi,18:50,974,97411,0,0,2,6,6,5,1,4,2,02,1,3,000,000,1,0,1,4,1,13,5,0,0,00,2,3,16,200600082801A01,,,
200600082858,2006-10-10,2006,octobre,mardi,18:30,972,97230,0,-0,2,1,1,5,1,9,2,02,2,1,000,065,1,0,1,4,1,14,5,0,0,00,2,1,13,200600082858B02,7,1,1
200600082875,2006-10-15,2006,octobre,dimanche,10:15,971,97119,0,-0,1,1,5,1,1,3,2,02,-1,4,000,054,1,0,0,3,1,34,5,1,2,00,2,1,1,200600082875B02,7,13,1
200600082875,2006-10-15,2006,octobre,dimanche,10:15,971,97119,0,-0,1,1,5,1,1,3,2,02,-1,4,000,054,1,0,0,3,1,37,5,1,2,00,2,1,1,200600082875C03,7,13,1
200600082883,2006-10-23,2006,octobre,lundi,19:15,973,97307,0,-0,2,1,1,3,1,3,2,02,1,1,000,000,1,5,1,4,1,11,5,1,4,00,2,1,19,200600082883B02,7,13,1
200600082885,2006-10-01,2006,octobre,dimanche,20:00,973,97305,0,-0,1,1,1,3,1,2,2,02,1,1,000,076,1,0,1,3,1,34,9,0,0,00,2,0,23,200600082885B02,7,1,1
200600082891,2006-10-28,2006,octobre,samedi,20:00,973,97312,0,-0,2,1,2,5,1,4,2,02,-1,-1,000,041,-1,0,0,4,1,20,0,0,0,00,2,4,1,200600082891B02,7,1,1
200600082897,2006-10-07,2006,octobre,samedi,19:15,974,97418,-0,0,2,1,3,5,1,4,2,02,2,1,000,000,1,0,1,3,1,16,5,0,0,00,2,0,0,200600082897B02,7,1,1
200600082907,2006-10-30,2006,octobre,lundi,17:30,974,97415,-0,0,2,1,7,1,1,3,2,00,2,3,000,053,1,0,1,3,1,14,5,0,0,06,0,8,13,200600082907A01,,,
200600082907,2006-10-30,2006,octobre,lundi,17:30,974,97415,-0,0,2,1,7,1,1,3,2,00,2,3,000,053,1,0,1,2,1,26,0,0,0,06,0,8,13,200600082907A01,,,
200600082951,2006-10-19,2006,octobre,jeudi,84:5,971,97103,0,-0,1,1,2,1,1,2,2,00,1,1,000,123,1,0,5,3,1,38,1,0,0,01,0,1,1,200600082951A01,10,24,1
200600082967,2006-10-26,2006,octobre,jeudi,17:00,974,97456,-0,0,2,1,3,1,1,4,2,02,2,3,000,049,1,0,1,3,1,18,5,0,0,00,2,8,19,200600082967A01,7,1,1
200600082984,2006-09-14,2006,septembre,jeudi,72:0,972,97209,0,0,2,1,6,1,1,3,2,02,1,3,000,000,1,0,1,4,1,19,9,1,2,00,2,1,15,200600082984B01,7,1,1
200600082984,2006-09-14,2006,septembre,jeudi,72:0,972,97209,0,0,2,1,6,1,1,3,2,02,1,3,000,000,1,0,1,4,2,11,0,1,2,00,2,1,15,200600082984B01,7,1,1
200600083060,2006-10-12,2006,octobre,jeudi,16:30,973,97302,0,0,2,1,6,1,1,4,2,00,1,1,000,070,1,0,1,4,2,17,0,1,9,00,1,0,0,200600083060A01,,,
200600083074,2006-10-18,2006,octobre,mercredi,19:06,973,97302,0,0,1,1,3,2,1,2,1,00,1,3,000,000,1,0,1,4,1,32,0,1,9,00,2,0,1,200600083074B01,7,9,1
200600083078,2006-10-21,2006,octobre,samedi,17:15,973,97302,0,0,1,1,6,1,1,3,2,00,1,-1,000,081,1,0,1,4,1,39,5,1,9,00,9,1,1,200600083078C01,1,1,1
200600083078,2006-10-21,2006,octobre,samedi,17:15,973,97302,0,0,1,1,6,1,1,3,2,00,1,-1,000,081,1,0,1,4,1,36,0,1,9,00,9,1,1,200600083078B01,1,1,1
200600083085,2006-10-24,2006,octobre,mardi,13:25,973,97302,0,0,1,1,6,1,1,4,2,00,1,1,000,070,1,0,1,4,2,21,0,0,0,00,1,0,0,200600083085A01,,,
200600083128,2006-10-20,2006,octobre,vendredi,18:26,974,97411,0,0,2,1,6,2,1,4,1,01,1,1,000,035,1,0,1,4,1,7,5,1,9,00,0,1,1,200600083128B01,7,20,1
200600083203,2006-11-15,2006,novembre,mercredi,17:00,971,97117,0,-0,1,1,1,1,1,3,2,02,2,1,000,050,1,0,1,3,2,13,5,0,0,00,2,4,2,200600083203B02,7,2,1
200600083234,2006-11-26,2006,novembre,dimanche,10:30,974,97412,-0,0,1,1,1,1,1,4,2,00,2,2,000,040,1,0,1,3,1,8,5,0,0,00,2,1,11,200600083234B02,7,1,1
200600083272,2006-11-01,2006,novembre,mercredi,16:45,974,97440,-0,0,2,1,1,1,1,4,2,01,2,3,000,040,1,0,1,3,1,17,5,0,0,00,2,1,13,200600083272A01,7,1,1
200600083297,2006-11-04,2006,novembre,samedi,18:15,972,97213,0,0,1,2,1,2,1,3,2,02,4,1,000,000,-1,0,1,3,2,38,0,1,2,00,2,9,15,200600083297B01,7,17,1
200600083319,2006-11-11,2006,novembre,samedi,19:07,973,97302,0,0,2,1,3,3,1,4,2,00,1,1,000,057,1,0,1,4,2,9,5,1,9,00,9,1,1,200600083319B01,2,1,1
200600083319,2006-11-11,2006,novembre,samedi,19:07,973,97302,0,0,2,1,3,3,1,4,2,00,1,1,000,057,1,0,1,3,1,6,0,1,9,00,9,1,1,200600083319B01,2,1,1
200600083331,2006-11-18,2006,novembre,samedi,18:16,973,97302,0,0,2,1,6,2,1,4,2,00,1,4,000,070,1,0,1,1,1,16,0,1,9,00,1,1,1,200600083331A01,,,
200600083331,2006-11-18,2006,novembre,samedi,18:16,973,97302,0,0,2,1,6,2,1,4,2,00,1,4,000,070,1,0,1,4,2,15,0,0,0,00,1,1,1,200600083331A01,,,
200600083332,2006-11-18,2006,novembre,samedi,16:09,973,97302,0,0,2,1,3,1,1,4,2,00,1,1,000,000,1,0,1,4,1,13,0,1,9,00,2,0,13,200600083332A01,7,1,1
200600083337,2006-11-18,2006,novembre,samedi,10:54,973,97302,0,0,1,6,7,1,1,2,3,02,1,-1,000,000,1,0,4,4,1,17,0,1,2,00,0,0,0,200600083337A01,,,
200600083340,2006-11-25,2006,novembre,samedi,52:0,973,97302,0,0,2,1,3,5,1,3,2,00,1,1,000,113,2,0,1,4,1,50,0,1,9,00,2,1,1,200600083340B01,7,1,1
200600083342,2006-11-28,2006,novembre,mardi,74:1,973,97302,0,0,2,1,3,1,1,3,1,00,1,3,000,090,1,0,1,4,1,44,0,1,9,00,2,4,1,200600083342B01,7,9,1
200600083346,2006-11-12,2006,novembre,dimanche,10:35,974,97407,0,0,2,1,6,1,1,4,1,01,2,1,000,065,1,0,1,1,1,10,5,1,9,00,1,1,15,200600083346A01,,,
200600083359,2006-11-05,2006,novembre,dimanche,20:15,974,97411,0,0,2,1,2,3,1,4,1,01,1,1,000,035,-1,0,3,4,1,15,9,1,9,00,2,2,1,200600083359A01,7,20,1
200600083361,2006-11-07,2006,novembre,mardi,75:0,974,97411,0,0,2,1,2,1,1,2,3,04,2,1,015,120,1,0,1,4,1,50,5,1,2,00,2,2,2,200600083361A01,7,23,1
200600083442,2006-12-13,2006,décembre,mercredi,50:0,972,97210,0,-0,1,1,1,1,1,4,2,00,2,1,000,040,1,0,1,4,1,15,5,0,0,00,2,1,5,200600083442A01,7,1,1
200600083452,2006-12-19,2006,décembre,mardi,17:15,971,97111,0,-0,1,1,1,1,1,3,2,02,1,3,000,063,1,0,1,3,1,13,5,0,0,00,2,1,9,200600083452A01,7,1,1
200600083453,2006-12-23,2006,décembre,samedi,18:00,971,97109,0,-0,2,1,3,3,2,4,2,02,2,1,000,000,2,0,1,3,1,12,5,0,0,00,0,1,0,200600083453B02,7,1,1
200600083459,2006-12-20,2006,décembre,mercredi,63:0,971,97117,0,-0,2,1,2,1,1,3,2,02,1,1,000,000,1,0,1,3,1,12,2,1,2,00,2,1,2,200600083459A01,14,23,1
200600083484,2006-12-17,2006,décembre,dimanche,10:15,974,97421,-0,0,1,1,7,1,1,3,2,02,2,2,000,056,1,2,1,3,1,17,5,0,0,06,0,1,1,200600083484A01,,,
200600083486,2006-12-12,2006,décembre,mardi,20:30,974,97415,-0,0,2,1,1,5,1,4,2,02,1,2,000,055,1,0,1,3,1,19,5,0,0,00,2,1,1,200600083486B02,32,13,1
200600083525,2006-12-05,2006,décembre,mardi,11:45,971,97103,0,-0,1,1,2,1,2,2,2,00,2,1,000,000,2,0,1,3,1,27,5,1,2,00,2,4,13,200600083525B02,7,1,1
200600083542,2006-12-24,2006,décembre,dimanche,16:30,974,97451,-0,0,2,1,1,1,1,4,2,02,2,1,000,040,1,0,1,3,1,16,5,0,0,00,2,1,13,200600083542A01,33,1,1
200600083651,2006-12-08,2006,décembre,vendredi,19:50,973,97302,0,0,2,2,3,4,1,4,2,02,-1,-1,000,062,1,0,1,4,1,35,0,1,9,00,2,0,15,200600083651B01,7,16,1
200600083670,2006-12-21,2006,décembre,jeudi,71:5,973,97302,0,0,2,1,3,1,1,3,2,02,1,1,000,086,1,0,1,4,1,32,3,1,9,00,2,1,15,200600083670A01,7,0,1
200600083678,2006-12-01,2006,décembre,vendredi,13:25,974,97407,0,0,2,1,3,1,1,4,2,02,1,-1,000,068,1,0,1,4,1,14,5,1,9,00,2,1,9,200600083678A01,10,1,1
200600083683,2006-12-06,2006,décembre,mercredi,11:15,974,97407,0,0,2,3,3,1,1,4,1,02,1,1,000,065,1,0,1,4,1,25,5,1,9,00,2,1,15,200600083683A01,7,1,1
200600083715,2006-12-16,2006,décembre,samedi,15:35,974,97411,0,0,2,1,7,1,1,4,2,02,1,1,000,092,1,0,1,4,1,39,9,1,9,00,0,0,1,200600083715B01,7,9,1
200600083778,2006-10-02,2006,octobre,lundi,14:40,972,97209,0,0,2,1,2,1,1,4,1,01,1,1,000,040,1,0,1,4,1,22,0,1,2,00,2,4,2,200600083778B01,7,2,1
200600083802,2006-10-25,2006,octobre,mercredi,20:10,972,97209,0,0,2,1,6,5,1,2,2,02,1,1,000,120,1,0,1,4,1,14,0,1,2,00,2,3,10,200600083802B01,7,1,1
200700000029,2007-01-08,2007,janvier,lundi,16:00,62,62318,50.52,1.646,2,1,6,1,2,4,2,02,-1,1,000,070,2,0,1,3,1,35,5,0,0,00,2,1,19,200700000029A01,7,1,1
200700000032,2007-01-29,2007,janvier,lundi,80:0,62,62038,50.859,1.977,2,1,1,1,1,4,1,01,-1,1,000,050,-1,0,0,3,1,14,0,0,0,00,2,1,1,200700000032B02,2,5,1
200700000136,2007-01-11,2007,janvier,jeudi,18:15,76,76312,0,0,2,1,3,5,2,3,2,00,-1,1,000,073,2,0,1,3,2,56,1,0,0,00,2,1,1,200700000136A01,7,15,1
200700000211,2007-01-16,2007,janvier,mardi,17:30,22,22207,48.605,-3.489,1,1,2,1,1,3,2,02,2,2,000,070,1,0,1,3,1,67,5,1,2,00,0,4,0,200700000211B02,38,2,1
200700000243,2007-01-12,2007,janvier,vendredi,74:5,14,14554,0,0,1,1,1,3,9,3,2,02,1,3,000,070,2,0,1,3,1,58,1,0,0,00,2,7,15,200700000243B02,10,1,1
200700000263,2007-01-25,2007,janvier,jeudi,14:45,50,50025,48.686,-1.355,2,6,3,1,9,3,4,00,1,1,000,127,2,0,1,2,1,55,5,1,2,00,2,8,11,200700000263B02,14,11,1
200700000290,2007-01-01,2007,janvier,lundi,18:30,61,61050,0,0,1,1,2,3,2,3,2,02,1,3,000,000,2,0,3,3,1,71,0,0,0,00,0,4,1,200700000290B02,7,2,1
200700000316,2007-01-10,2007,janvier,mercredi,10:45,44,44211,0,0,2,6,3,1,8,3,-1,01,1,2,000,000,2,5,1,3,1,64,5,0,0,00,2,7,1,200700000316B02,7,1,1
200700000319,2007-01-12,2007,janvier,vendredi,19:00,44,44139,0,0,1,1,5,3,1,3,2,00,1,1,000,055,1,0,1,1,1,49,5,1,9,00,0,0,1,200700000319C03,7/ 10,1/17,2
200700000322,2007-01-28,2007,janvier,dimanche,91:5,44,44158,47.282,-1.78,2,1,1,1,1,9,2,00,1,1,000,000,1,0,1,4,1,24,5,0,0,00,2,1,1,200700000322B02,7,15,1
200700000334,2007-01-18,2007,janvier,jeudi,81:5,49,49220,0,0,1,1,2,2,6,3,2,02,1,1,000,060,2,0,1,2,1,38,1,0,0,00,0,4,23,200700000334B02,7,1,1
200700000356,2007-01-17,2007,janvier,mercredi,16:00,53,53096,48.3,-0.922,2,1,3,1,3,2,2,02,1,1,000,081,2,0,1,3,1,36,5,0,0,00,2,1,1,200700000356B02,7,15,1
200700000360,2007-01-31,2007,janvier,mercredi,17:00,72,72047,0,0,1,1,2,1,1,3,2,02,3,1,000,060,-1,2,1,4,2,16,5,0,0,00,0,4,1,200700000360B02,7,17,1
200700000362,2007-01-11,2007,janvier,jeudi,16:45,72,72373,0,0,2,3,3,1,2,3,2,02,1,1,000,063,2,5,1,4,1,11,2,1,2,00,2,8,13,200700000362A01,7,1,1
200700000370,2007-01-03,2007,janvier,mercredi,15:30,72,72039,48.179,0.428,2,2,3,1,1,3,2,02,1,2,000,042,1,5,1,3,2,57,5,0,0,00,2,4,1,200700000370A01,7,19,1
200700000404,2007-01-19,2007,janvier,vendredi,90:0,33,33011,44.768,-1.142,2,1,3,1,8,9,-1,00,1,1,000,000,2,0,1,2,1,70,3,0,0,00,2,0,1,200700000404B02,7,0,1
200700000415,2007-01-10,2007,janvier,mercredi,15:45,33,33030,44.6,-0.3,1,1,3,1,1,3,2,02,-1,1,000,103,1,0,1,2,1,78,5,0,0,00,2,1,0,200700000415B02,7,1,1
200700000429,2007-01-24,2007,janvier,mercredi,18:15,24,24010,45.188,0.609,1,1,2,3,1,3,2,02,1,1,000,063,1,0,1,3,1,16,5,0,0,01,2,5,15,200700000429B02,7,17,1
200700000460,2007-01-02,2007,janvier,mardi,10:15,47,47110,0,0,2,2,1,1,1,3,2,02,1,1,000,060,2,5,1,3,1,88,5,0,0,00,2,1,19,200700000460A01,7,21,1
200700000461,2007-01-10,2007,janvier,mercredi,10:40,47,47046,0,0,1,1,1,1,1,3,2,02,-1,1,000,057,1,0,1,2,2,85,5,0,0,00,2,5,15,200700000461A01,10,1,1
200700000477,2007-01-16,2007,janvier,mardi,18:15,86,86039,0,0,2,1,3,5,8,3,2,02,1,1,000,046,2,5,1,3,1,9,5,0,0,00,0,7,19,200700000477B02,7,1,1
200700000554,2007-01-22,2007,janvier,lundi,17:00,31,31091,43.741,1.402,1,1,6,1,2,3,2,02,2,2,000,058,1,0,1,4,1,29,1,0,0,00,2,6,2,200700000554A01,,,
200700000641,2007-01-29,2007,janvier,lundi,17:15,69,69297,0,0,2,1,3,1,1,4,2,00,1,1,000,055,1,0,1,3,1,13,5,0,0,00,2,3,15,200700000641B02,31,13,1
200700000667,2007-01-11,2007,janvier,jeudi,21:30,01,01281,0,0,1,1,2,3,1,3,2,01,1,1,077,000,1,0,0,4,2,30,1,1,2,00,0,4,1,200700000667B02,10,2,1
200700000688,2007-01-16,2007,janvier,mardi,14:30,07,07324,45.068,4.84,2,3,3,1,1,4,1,01,1,1,000,060,1,5,1,4,2,70,5,0,0,00,2,7,1,200700000688B02,10,19,1