Num_Acc,date,an,mois,jour,hrmn,dep,com,lat,long,agg,int,col,lum,atm,catr,circ,nbv,prof,plan,lartpc,larrout,surf,infra,situ,grav,sexe,age,trajet,secuexist,equipement,obs,obsm,choc,manv,vehiculeid,typevehicules,manoeuvehicules,numVehicules
200700000732,2007-01-10,2007,janvier,mercredi,16:30,38,38157,45.516,4.963,1,1,1,1,1,3,2,00,1,1,000,000,1,0,0,4,1,41,5,0,0,00,0,4,2,200700000732B02,7,2,1
200700000742,2007-01-22,2007,janvier,lundi,63:0,38,38449,45.654,5.125,2,1,2,2,1,2,3,00,1,1,005,000,1,0,1,3,1,43,1,1,4,00,0,4,1,200700000742A01,17,2,1
200700000748,2007-01-16,2007,janvier,mardi,15:00,42,42041,0,0,1,1,1,1,1,3,2,02,1,1,000,070,1,0,1,3,1,71,5,1,2,00,0,8,15,200700000748B02,7,1,1
200700000749,2007-01-13,2007,janvier,samedi,14:15,42,42222,45.626,4.308,1,1,5,1,1,3,2,02,1,1,000,064,1,0,1,4,2,42,5,1,2,00,2,0,1,200700000749C03,7,17,2
200700000749,2007-01-13,2007,janvier,samedi,14:15,42,42222,45.626,4.308,1,1,5,1,1,3,2,02,1,1,000,064,1,0,1,4,2,48,5,1,2,00,2,0,1,200700000749D04,7,17,2
200700000777,2007-01-30,2007,janvier,mardi,16:15,74,74123,0,0,2,1,3,1,1,3,2,02,1,1,000,120,1,0,1,3,1,56,1,0,0,00,2,1,1,200700000777B02,7,15,1
200700000792,2007-01-15,2007,janvier,lundi,11:30,74,74256,0,0,2,1,6,1,1,4,2,00,-1,3,000,000,1,0,1,3,2,39,0,0,0,00,5,5,0,200700000792A01,,,
200700000837,2007-01-14,2007,janvier,dimanche,11:45,43,43084,44.98,3.87,1,1,3,1,1,3,2,02,1,1,000,060,1,0,1,1,1,46,5,1,2,00,2,8,13,200700000837A01,1,1,1
200700000837,2007-01-14,2007,janvier,dimanche,11:45,43,43084,44.98,3.87,1,1,3,1,1,3,2,02,1,1,000,060,1,0,1,3,1,61,5,1,2,00,2,7,1,200700000837B02,1,13,1
200700000905,2007-01-08,2007,janvier,lundi,17:20,67,67067,0,0,2,1,3,5,8,3,2,02,1,3,000,069,1,0,1,3,1,16,2,0,0,00,2,7,19,200700000905B02,7,1,1
200700000940,2007-01-08,2007,janvier,lundi,18:00,51,51388,49.128,4.363,1,1,1,5,2,3,2,02,1,1,000,074,2,0,1,3,2,25,1,1,4,00,0,8,15,200700000940A01,7,1,1
200700001081,2007-01-30,2007,janvier,mardi,16:40,13,13082,0,0,1,2,1,1,1,3,2,02,1,1,000,080,1,0,1,3,1,56,5,0,0,00,2,1,1,200700001081B02,7,19,1
200700001112,2007-01-06,2007,janvier,samedi,15:45,06,06161,0,0,1,1,2,1,1,3,2,02,1,1,000,000,1,0,5,4,1,55,5,0,0,00,0,4,1,200700001112B02,30,9,1
200700001120,2007-01-06,2007,janvier,samedi,16:45,06,06059,0,0,1,9,3,1,1,3,2,02,1,2,000,070,1,0,1,3,1,52,5,0,0,00,2,1,1,200700001120A01,7,15,1
200700001129,2007-01-31,2007,janvier,mercredi,64:5,83,83100,0,0,2,2,3,2,1,3,2,02,1,-1,000,050,1,5,0,4,1,19,2,1,4,00,2,4,19,200700001129B02,7,1,1
200700001141,2007-01-28,2007,janvier,dimanche,10:00,83,83068,0,0,2,1,3,1,1,3,2,02,2,1,000,060,-1,0,1,3,2,48,0,1,2,00,2,1,1,200700001141B02,7,19,1
200700001155,2007-01-15,2007,janvier,lundi,71:5,84,84034,0,0,2,1,3,2,1,3,-1,02,1,1,000,062,1,0,1,3,1,58,1,0,0,00,0,7,1,200700001155B02,7,0,1
200700001170,2007-01-23,2007,janvier,mardi,74:5,84,84039,0,0,1,1,2,2,1,3,2,02,-1,1,000,150,1,0,1,3,1,2007,1,0,0,00,2,4,2,200700001170B02,7,2,1
200700001210,2007-01-09,2007,janvier,mardi,16:30,30,30075,0,0,2,1,3,1,1,4,2,01,1,1,000,000,1,0,1,3,1,74,5,0,0,00,2,3,1,200700001210B02,7,15,1
200700001213,2007-01-13,2007,janvier,samedi,16:00,30,30156,0,0,1,6,1,1,1,2,1,02,1,2,000,000,1,5,1,3,2,54,5,0,0,00,0,6,1,200700001213B02,7,12,1
200700001281,2007-01-30,2007,janvier,mardi,20:45,91,91332,0,0,1,1,1,3,1,3,2,02,1,2,000,062,1,0,1,2,2,27,5,0,0,00,2,4,2,200700001281B02,7,2,1
200700001323,2007-01-29,2007,janvier,lundi,16:15,45,45145,48.098,2.796,2,1,1,1,1,4,2,02,2,1,000,036,1,0,1,2,2,77,3,0,0,00,2,8,1,200700001323B02,14,1,1
200700001354,2007-01-07,2007,janvier,dimanche,18:45,37,37153,0,0,1,1,6,2,2,3,2,02,1,1,000,052,2,0,1,2,2,6,5,0,0,00,0,1,1,200700001354B02,7,1,1
200700001366,2007-01-06,2007,janvier,samedi,16:15,41,41069,47.652,1.424,2,1,3,1,2,4,2,02,-1,1,000,030,2,0,1,3,1,18,5,0,0,00,2,7,19,200700001366B02,7,1,1
200700001437,2007-01-12,2007,janvier,vendredi,73:0,37,37027,0,0,2,3,3,5,1,3,2,02,1,1,000,062,1,5,1,3,1,58,1,0,0,00,2,7,1,200700001437B02,7,15,1
200700001530,2007-01-19,2007,janvier,vendredi,17:10,34,34333,0,0,1,1,3,1,7,3,3,02,3,1,015,060,1,0,1,3,2,64,1,1,2,00,2,8,2,200700001530B02,10,2,1
200700001543,2007-01-20,2007,janvier,samedi,14:45,13,13113,0,0,1,1,3,1,1,3,3,04,-1,-1,020,020,1,5,1,3,1,53,5,1,2,00,2,1,1,200700001543A01,7,1,1
200700001570,2007-01-20,2007,janvier,samedi,16:15,67,67174,0,0,1,1,6,1,2,3,2,00,1,1,000,060,2,0,1,3,1,23,5,0,0,00,9,1,2,200700001570A01,,,
200700001599,2007-01-09,2007,janvier,mardi,92:5,01,01053,0,0,2,1,3,1,1,4,2,02,2,-1,000,080,1,0,1,3,2,28,1,1,9,00,2,1,1,200700001599B01,7,22,1
200700001619,2007-01-09,2007,janvier,mardi,10:25,03,03185,0,0,2,2,3,1,1,4,2,04,1,1,025,168,1,0,1,3,1,75,0,1,9,00,2,1,1,200700001619B01,7,15,1
200700001742,2007-01-02,2007,janvier,mardi,13:40,06,06088,0,0,2,3,3,1,1,4,2,04,2,1,000,000,1,5,1,4,2,30,0,1,2,00,2,1,1,200700001742A01,7,1,1
200700001779,2007-01-11,2007,janvier,jeudi,12:20,06,06088,0,0,2,1,3,1,1,4,2,02,1,1,000,145,1,0,1,4,1,63,0,1,2,00,2,1,1,200700001779B01,7,1,1
200700001818,2007-01-21,2007,janvier,dimanche,11:05,06,06088,0,0,2,1,5,1,1,2,2,03,1,1,000,086,1,0,1,4,1,43,5,1,2,00,2,4,11,200700001818B01,33/ 7,1/0,2
200700001830,2007-01-23,2007,janvier,mardi,19:55,06,06088,0,0,2,1,3,5,1,4,2,02,2,1,000,088,1,0,1,4,1,37,1,1,4,00,2,1,1,200700001830B01,7,15,1
200700001855,2007-01-28,2007,janvier,dimanche,12:00,06,06088,0,0,2,1,6,1,1,4,2,02,2,1,000,000,1,0,1,4,1,60,5,1,2,00,2,1,1,200700001855A01,7,1,1
200700001884,2007-01-18,2007,janvier,jeudi,75:0,10,10081,0,0,2,6,3,5,2,2,2,02,2,1,000,100,2,0,1,3,1,39,1,1,9,00,2,8,1,200700001884B01,7,9,1
200700001885,2007-01-15,2007,janvier,lundi,19:00,10,10343,0,0,2,2,3,5,1,4,2,02,1,1,000,080,1,0,1,3,2,13,5,1,2,00,2,8,1,200700001885A01,7,1,1
200700001889,2007-01-28,2007,janvier,dimanche,11:35,10,10387,0,0,2,1,6,2,1,4,2,01,1,1,000,060,1,0,1,3,1,86,5,1,9,00,0,4,15,200700001889B01,7,1,1
200700001903,2007-01-09,2007,janvier,mardi,17:43,12,12145,0,0,2,4,1,2,1,4,2,02,1,2,000,063,1,5,1,3,1,74,5,1,9,00,2,1,1,200700001903B01,7,15,1
200700001904,2007-01-02,2007,janvier,mardi,14:00,12,12202,0,0,2,1,6,1,2,4,2,50,2,1,000,000,2,0,1,4,1,19,5,1,2,00,1,2,1,200700001904A01,,,
200700001927,2007-01-09,2007,janvier,mardi,15:00,13,13054,0,0,2,2,3,1,1,4,2,02,1,1,000,060,1,0,1,3,1,58,5,1,2,00,2,1,1,200700001927B01,7,1,1
200700001993,2007-01-09,2007,janvier,mardi,82:0,13,13055,0,0,2,3,3,1,1,4,2,02,2,3,000,119,1,0,1,4,1,72,5,1,9,00,2,2,2,200700001993B01,7,15,1
200700002000,2007-01-14,2007,janvier,dimanche,63:0,13,13055,0,0,2,3,3,5,9,4,2,02,1,1,000,168,9,0,1,4,1,60,1,1,2,00,0,0,0,200700002000B01,7,15,1
200700002071,2007-01-18,2007,janvier,jeudi,84:5,13,13055,0,0,2,3,3,1,1,4,2,02,1,1,000,092,1,5,1,4,1,28,1,1,9,00,2,1,1,200700002071B01,7,15,1
200700002084,2007-01-13,2007,janvier,samedi,17:00,13,13055,0,0,2,2,3,1,1,4,1,01,1,1,000,063,1,0,1,4,1,12,5,1,2,00,2,1,1,200700002084A01,7,1,1
200700002241,2007-01-13,2007,janvier,samedi,10:00,13,13117,0,0,2,1,3,1,1,4,1,00,1,2,000,000,1,0,1,4,1,61,0,1,2,00,2,1,0,200700002241B01,7,16,1
200700002274,2007-01-03,2007,janvier,mercredi,16:40,17,17299,0,0,1,1,3,1,1,3,3,04,2,2,005,144,1,2,1,3,1,73,5,1,2,14,0,4,1,200700002274B01,17,2,1
200700002278,2007-01-22,2007,janvier,lundi,13:15,17,17299,0,0,2,3,7,1,1,4,2,02,1,1,000,080,1,5,1,4,1,30,5,1,9,00,0,0,1,200700002278A01,,,
200700002281,2007-01-03,2007,janvier,mercredi,17:45,17,17300,0,0,2,1,2,1,1,4,2,02,1,1,000,070,1,0,1,1,2,49,0,1,9,00,2,1,1,200700002281A01,2,13,1
200700002285,2007-01-09,2007,janvier,mardi,17:00,17,17291,0,0,2,1,2,1,1,4,2,02,1,1,000,046,1,0,1,4,1,51,5,1,9,00,2,6,13,200700002285A01,7,17,1
200700002288,2007-01-13,2007,janvier,samedi,15:25,17,17300,0,0,2,1,6,1,2,4,2,01,1,1,000,046,2,0,1,3,2,45,0,1,9,00,2,8,15,200700002288B01,33,1,1
200700002302,2007-01-09,2007,janvier,mardi,14:15,17,17300,0,0,2,1,6,1,1,4,2,02,1,1,000,060,1,0,1,3,2,46,4,1,9,00,0,0,13,200700002302B01,10/ 7,22/1,2
200700002317,2007-01-31,2007,janvier,mercredi,13:45,18,18205,0,0,2,1,3,1,1,4,2,02,1,1,000,100,1,5,1,4,1,17,2,1,2,00,2,8,13,200700002317B01,7,13,1
200700002348,2007-01-11,2007,janvier,jeudi,95:1,21,21355,0,0,2,4,3,1,7,3,2,03,1,1,000,112,2,5,1,3,1,46,5,1,2,00,2,8,1,200700002348B01,7,15,1
200700002362,2007-01-17,2007,janvier,mercredi,18:20,21,21231,0,0,2,6,3,5,1,4,2,04,1,1,000,120,1,5,1,4,1,27,5,1,2,00,2,1,19,200700002362A01,7,1,1
200700002376,2007-01-08,2007,janvier,lundi,11:25,22,22360,0,0,2,6,3,1,1,4,4,02,1,2,000,070,1,5,1,4,1,56,5,1,2,00,2,1,1,200700002376B01,7,14,1
200700002414,2007-01-15,2007,janvier,lundi,82:9,25,25056,0,0,2,1,3,1,1,4,2,02,2,1,000,121,1,0,1,3,1,20,2,1,9,00,2,8,19,200700002414B01,7,9,1
200700002444,2007-01-15,2007,janvier,lundi,11:55,26,26058,0,0,2,2,3,1,1,2,2,02,1,3,000,070,1,0,1,3,1,50,0,1,2,00,2,1,16,200700002444A01,7,2,1
200700002475,2007-01-11,2007,janvier,jeudi,17:55,28,28110,0,0,2,1,3,2,1,4,2,00,1,1,000,000,1,0,1,3,2,47,1,1,2,00,2,8,1,200700002475B01,7,15,1
200700002479,2007-01-17,2007,janvier,mercredi,14:00,28,28085,0,0,2,1,3,1,1,4,2,02,1,1,000,080,1,0,1,4,1,33,0,1,9,00,2,2,1,200700002479B01,7,22,1
200700002502,2007-01-19,2007,janvier,vendredi,82:5,29,29019,0,0,2,2,3,5,3,4,2,03,2,1,000,100,2,5,1,4,1,49,1,1,2,00,2,1,1,200700002502B01,10,1,1
200700002520,2007-01-10,2007,janvier,mercredi,16:32,29,29232,0,0,1,1,6,1,7,4,2,02,2,1,000,080,1,0,1,3,1,75,5,1,2,00,2,1,1,200700002520B01,7,15,1
200700002526,2007-01-19,2007,janvier,vendredi,20:00,30,30007,0,0,2,1,6,5,1,4,2,02,1,-1,000,074,1,0,1,3,2,15,5,1,9,00,2,1,1,200700002526B01,7,1,1
200700002540,2007-01-07,2007,janvier,dimanche,12:30,30,30189,0,0,2,3,3,1,1,4,1,02,1,1,000,070,1,0,1,3,1,49,9,1,2,00,2,1,1,200700002540A01,7,1,1
200700002597,2007-01-08,2007,janvier,lundi,92:5,31,31555,0,0,2,2,2,1,8,4,2,03,1,1,000,087,2,0,1,4,1,65,9,1,4,00,2,0,1,200700002597B01,7,15,1
200700002600,2007-01-08,2007,janvier,lundi,13:50,31,31555,0,0,2,1,2,1,2,4,3,06,1,1,000,150,2,0,1,4,1,32,5,1,2,00,2,4,0,200700002600B01,7,2,1
200700002603,2007-01-09,2007,janvier,mardi,75:5,31,31555,0,0,2,1,6,5,1,4,2,03,2,1,000,102,1,0,1,4,1,19,4,1,4,00,1,0,17,200700002603B01,7,0,1
200700002610,2007-01-10,2007,janvier,mercredi,12:00,31,31555,0,0,2,1,3,1,1,4,2,02,1,1,000,110,1,0,1,4,1,55,1,1,4,00,2,1,17,200700002610B01,7,22,1
200700002611,2007-01-10,2007,janvier,mercredi,15:10,31,31555,0,0,2,2,3,1,1,4,2,03,1,1,000,120,1,0,1,4,2,30,4,1,4,00,0,4,1,200700002611B01,7,15,1
200700002626,2007-01-16,2007,janvier,mardi,80:0,31,31555,0,0,2,1,1,2,1,4,2,02,1,1,000,080,1,0,5,1,1,23,9,1,4,00,9,1,1,200700002626A01,1,1,1
200700002626,2007-01-16,2007,janvier,mardi,80:0,31,31555,0,0,2,1,1,2,1,4,2,02,1,1,000,080,1,0,5,4,1,35,9,1,4,00,9,1,1,200700002626B01,1,1,1
200700002630,2007-01-17,2007,janvier,mercredi,90:0,31,31555,0,0,2,1,2,1,1,4,2,04,1,3,000,110,1,0,1,4,1,50,1,1,9,00,2,0,2,200700002630B01,7,2,1
200700002634,2007-01-18,2007,janvier,jeudi,13:15,31,31555,0,0,2,1,3,1,1,4,1,02,1,2,000,070,1,0,1,4,1,72,5,1,4,00,2,9,1,200700002634B01,7,16,1
200700002640,2007-01-19,2007,janvier,vendredi,22:20,31,31555,0,0,2,1,2,5,1,4,1,02,1,1,000,078,1,0,1,1,2,23,0,1,2,00,2,4,1,200700002640B01,7,1,1
200700002650,2007-01-23,2007,janvier,mardi,12:00,31,31555,0,0,2,3,3,1,2,4,2,02,1,1,000,060,1,0,1,4,1,21,9,1,9,00,2,0,1,200700002650B01,7,15,1
200700002652,2007-01-23,2007,janvier,mardi,18:35,31,31555,0,0,2,2,6,5,4,4,2,02,1,1,000,061,2,0,1,4,1,32,4,1,4,00,2,0,1,200700002652B01,7,0,1
200700002665,2007-01-30,2007,janvier,mardi,85:0,31,31555,0,0,2,1,3,1,4,4,2,01,1,1,000,072,5,0,1,4,1,30,1,1,2,00,2,8,1,200700002665B01,7,1,1
200700002671,2007-01-21,2007,janvier,dimanche,10:45,31,31557,0,0,2,1,6,1,2,4,2,02,1,1,000,060,2,0,1,4,1,23,3,1,2,01,0,7,1,200700002671A01,,,
200700002696,2007-01-10,2007,janvier,mercredi,10:40,33,33063,0,0,2,2,6,1,1,4,1,00,1,1,000,060,1,0,1,1,1,48,0,1,9,00,1,1,16,200700002696A01,,,
200700002703,2007-01-12,2007,janvier,vendredi,42:0,33,33063,0,0,2,6,3,5,1,4,1,01,1,1,000,000,2,0,1,3,2,34,0,1,9,00,2,3,1,200700002703B01,7,1,1
200700002709,2007-01-14,2007,janvier,dimanche,23:30,33,33039,0,0,2,3,3,5,1,4,2,02,1,2,000,080,1,0,1,2,1,38,5,1,9,00,2,8,15,200700002709B01,7,1,1
200700002725,2007-01-18,2007,janvier,jeudi,17:35,33,33063,0,0,2,1,6,2,2,4,1,01,1,1,000,053,2,0,1,4,2,25,0,1,9,01,0,1,13,200700002725B01,7,22,1
200700002737,2007-01-21,2007,janvier,dimanche,13:00,33,33063,0,0,2,2,3,1,1,4,1,01,1,1,000,095,1,0,1,3,1,58,0,1,9,00,2,1,1,200700002737A01,7,15,1
200700002743,2007-01-17,2007,janvier,mercredi,16:55,33,33075,0,0,2,2,5,1,1,4,2,02,1,1,000,191,1,0,1,4,1,15,0,1,2,00,2,7,1,200700002743A01,2/ 7,1/15,2
200700002758,2007-01-26,2007,janvier,vendredi,91:0,33,33192,0,0,2,6,3,1,1,4,2,02,1,1,000,081,9,0,1,4,1,32,0,1,9,00,2,7,1,200700002758B01,7,9,1
200700002760,2007-01-23,2007,janvier,mardi,75:0,33,33281,0,0,2,3,3,1,1,4,2,02,1,1,000,100,2,0,1,4,1,45,1,1,4,00,2,1,1,200700002760B01,7,15,1
200700002774,2007-01-22,2007,janvier,lundi,82:2,33,33522,0,0,2,2,3,2,2,5,1,01,1,1,000,035,2,0,1,4,1,19,2,1,9,00,2,7,1,200700002774B01,7,1,1
200700002776,2007-01-19,2007,janvier,vendredi,75:5,34,34003,43.30888,3.47703,2,1,2,1,1,4,2,02,1,1,000,143,1,0,1,3,1,14,2,1,4,00,2,4,1,200700002776B01,7,1,1
200700002789,2007-01-15,2007,janvier,lundi,16:39,34,34032,0,0,2,3,3,1,1,4,1,01,2,1,000,040,-1,5,1,4,1,47,5,1,9,00,2,1,1,200700002789A01,7,15,1
200700002829,2007-01-17,2007,janvier,mercredi,11:30,34,34172,43.63383,3.84327,2,2,3,1,1,4,3,02,1,1,000,000,1,5,1,3,1,28,5,1,2,00,0,8,19,200700002829A01,7,1,1
200700002850,2007-01-10,2007,janvier,mercredi,1:,34,34301,0,0,2,1,6,5,5,4,1,02,1,1,000,350,9,0,1,3,1,41,1,1,9,00,2,1,13,200700002850C01,7,22/1,2
200700002858,2007-01-01,2007,janvier,lundi,75:5,35,35238,0,0,2,1,6,5,1,4,2,02,-1,-1,000,000,-1,0,1,4,1,19,0,1,4,00,0,0,1,200700002858A01,,,
200700002859,2007-01-01,2007,janvier,lundi,64:7,35,35238,0,0,2,1,6,3,1,4,-1,01,-1,-1,000,000,2,0,1,4,1,20,0,1,4,00,0,0,9,200700002859A01,,,
200700002894,2007-01-22,2007,janvier,lundi,19:10,35,35238,0,0,2,2,3,5,1,4,2,02,1,1,000,060,1,0,1,3,1,51,0,1,9,00,2,0,1,200700002894B01,7,17,1
200700002897,2007-01-26,2007,janvier,vendredi,13:25,35,35238,0,0,2,2,2,1,1,4,2,02,1,-1,000,000,1,0,1,4,1,22,0,1,9,00,2,0,2,200700002897B01,37,1,1
200700002905,2007-01-30,2007,janvier,mardi,75:0,35,35238,0,0,2,5,3,2,1,4,-1,03,1,1,000,000,1,0,1,4,1,43,0,1,9,00,2,0,1,200700002905B01,30,15,1
200700002926,2007-01-11,2007,janvier,jeudi,75:0,37,37261,0,0,2,6,3,2,1,3,2,02,-1,1,000,000,1,5,1,3,1,36,1,1,4,00,2,8,1,200700002926B01,7,1,1
200700002933,2007-01-31,2007,janvier,mercredi,13:15,37,37122,0,0,1,1,1,1,1,3,2,02,1,1,000,060,1,0,5,3,1,64,5,1,2,00,2,1,1,200700002933B01,32,13,1
200700002941,2007-01-03,2007,janvier,mercredi,13:40,38,38185,0,0,2,6,6,1,2,4,1,04,1,3,000,140,2,5,5,4,1,25,0,1,9,00,2,1,1,200700002941B01,7,16,1
200700002943,2007-01-09,2007,janvier,mardi,85:0,38,38421,0,0,2,6,3,1,2,4,2,02,1,3,000,058,2,5,1,4,1,33,1,1,9,00,2,7,1,200700002943B01,10,1,1
200700002955,2007-01-18,2007,janvier,jeudi,12:05,38,38421,0,0,2,3,3,1,2,4,2,02,1,1,000,100,2,0,1,4,1,46,0,1,9,00,2,1,15,200700002955B01,7,10,1
200700002957,2007-01-20,2007,janvier,samedi,23:40,38,38185,0,0,2,2,3,4,1,4,2,02,1,1,000,070,1,2,1,4,1,47,0,1,9,00,2,1,1,200700002957A01,7,1,1
200700002988,2007-01-14,2007,janvier,dimanche,11:35,41,41018,0,0,2,1,3,1,1,4,2,02,1,1,000,000,1,0,1,4,1,69,4,1,9,00,2,1,1,200700002988A01,7,15,1
200700002991,2007-01-25,2007,janvier,jeudi,84:0,41,41018,0,0,2,1,3,1,1,4,2,02,1,1,000,000,1,0,1,3,2,31,1,1,9,00,2,8,1,200700002991B01,7,1,1
200700003011,2007-01-11,2007,janvier,jeudi,10:50,42,42187,0,0,2,1,3,1,1,4,2,02,1,1,000,072,2,0,1,3,2,79,0,1,2,01,0,1,1,200700003011B01,7,22,1
200700003014,2007-01-20,2007,janvier,samedi,18:35,42,42187,0,0,2,2,3,5,1,4,2,02,1,1,000,098,1,0,1,3,1,56,5,1,9,00,2,1,1,200700003014B01,7,15,1
200700003018,2007-01-26,2007,janvier,vendredi,65:0,42,42187,0,0,2,1,2,3,1,4,2,01,1,1,000,062,7,0,1,3,1,33,1,1,9,00,2,4,0,200700003018B01,7,1,1
200700003021,2007-01-29,2007,janvier,lundi,14:25,42,42187,0,0,2,3,3,1,1,4,2,02,1,1,000,081,1,0,1,4,2,83,5,1,9,00,9,8,15,200700003021B01,7,15,1
200700003033,2007-01-11,2007,janvier,jeudi,15:50,42,42218,0,0,2,1,6,1,1,4,2,02,1,1,000,070,1,0,1,1,1,54,5,1,9,00,1,1,1,200700003033A01,,,
200700003064,2007-01-06,2007,janvier,samedi,13:40,44,44109,0,0,2,2,6,1,2,4,-1,00,2,1,000,000,2,0,1,3,1,25,0,1,9,00,2,0,0,200700003064A01,7,0,1
200700003067,2007-01-10,2007,janvier,mercredi,10:25,44,44109,0,0,2,1,6,1,1,4,2,02,1,1,000,080,1,0,1,3,2,48,0,1,2,01,0,1,11,200700003067B01,7,22,1
200700003069,2007-01-04,2007,janvier,jeudi,13:40,44,44109,0,0,2,1,7,1,1,4,-1,00,-1,-1,000,000,-1,0,5,3,2,33,5,1,2,00,2,0,1,200700003069B01,31,13,1
200700003075,2007-01-15,2007,janvier,lundi,90:5,44,44109,0,0,2,1,6,1,2,4,3,02,1,1,000,054,2,0,1,4,1,37,1,1,2,00,2,1,1,200700003075B01,7,16,1
200700003076,2007-01-09,2007,janvier,mardi,85:0,44,44109,0,0,2,1,3,1,2,4,1,01,1,2,000,030,2,5,1,4,1,50,1,1,2,00,2,1,1,200700003076B01,7,1,1
200700003093,2007-01-23,2007,janvier,mardi,17:30,44,44109,0,0,2,6,6,5,1,4,1,02,1,1,000,035,1,0,1,4,1,58,1,1,2,00,2,1,1,200700003093B01,10,1,1
200700003123,2007-01-31,2007,janvier,mercredi,13:20,44,44184,0,0,2,6,6,1,1,4,2,02,1,2,000,000,1,0,1,4,2,14,5,1,9,00,2,1,13,200700003123B01,7,1,1
200700003153,2007-01-24,2007,janvier,mercredi,17:00,45,45234,0,0,2,1,6,2,1,4,2,02,1,3,000,056,1,0,1,4,1,12,0,1,2,00,2,7,19,200700003153B01,7,2,1
200700003188,2007-01-08,2007,janvier,lundi,10:54,49,49007,0,0,2,1,6,1,1,4,1,01,1,1,000,040,2,0,1,4,2,23,5,1,9,00,2,0,0,200700003188B01,7,24,1
200700003209,2007-01-23,2007,janvier,mardi,12:03,49,49007,0,0,2,1,6,1,1,4,2,02,1,1,000,000,1,0,0,4,1,20,0,1,9,08,0,0,0,200700003209A01,,,
200700003226,2007-01-29,2007,janvier,lundi,19:59,49,49007,0,0,2,1,7,5,1,4,2,02,1,1,000,060,2,0,1,4,1,23,0,1,9,00,0,0,0,200700003226A01,,,
200700003249,2007-01-15,2007,janvier,lundi,13:25,50,50416,0,0,1,1,2,1,1,3,3,02,2,1,010,070,1,0,5,4,1,72,5,1,2,00,2,1,1,200700003249A01,15,23,1
200700003256,2007-01-27,2007,janvier,samedi,16:55,50,50129,0,0,2,1,7,1,1,4,1,01,1,2,000,090,1,0,1,4,2,43,5,1,9,00,2,1,1,200700003256A01,7,9,1
200700003269,2007-01-14,2007,janvier,dimanche,11:20,51,51454,0,0,2,2,2,1,1,4,2,02,1,1,000,000,1,0,1,4,2,83,0,1,2,00,2,4,23,200700003269B01,7,1,1
200700003272,2007-01-16,2007,janvier,mardi,70:5,51,51055,0,0,2,1,3,5,1,4,2,02,2,1,000,077,1,0,1,4,1,22,1,1,4,00,2,5,1,200700003272B01,7,9,1
200700003286,2007-01-10,2007,janvier,mercredi,18:45,53,53201,0,0,1,1,3,3,1,3,2,02,1,1,000,060,1,0,1,3,1,42,1,1,2,00,0,8,1,200700003286B01,7,2,1
200700003299,2007-01-08,2007,janvier,lundi,19:00,54,54395,0,0,2,3,3,5,1,4,2,03,1,1,000,000,2,0,1,3,2,19,0,1,9,00,2,1,1,200700003299B01,7,15,1
200700003319,2007-01-22,2007,janvier,lundi,75:0,54,54339,0,0,2,2,2,1,1,4,2,02,2,1,000,000,-1,0,0,1,1,58,0,1,2,00,2,1,15,200700003319A01,7,15,1
200700003319,2007-01-22,2007,janvier,lundi,75:0,54,54339,0,0,2,2,2,1,1,4,2,02,2,1,000,000,-1,0,0,4,2,56,1,1,2,00,2,1,15,200700003319A01,7,15,1
200700003330,2007-01-30,2007,janvier,mardi,17:05,54,54274,0,0,2,1,6,1,1,4,2,02,1,1,000,080,1,0,1,4,1,15,0,1,9,00,2,0,0,200700003330B01,7,0,1
200700003343,2007-01-25,2007,janvier,jeudi,84:5,55,55029,0,0,2,1,3,1,4,4,2,00,2,1,000,100,1,0,1,4,2,55,5,1,9,00,2,1,1,200700003343B01,7,15,1
200700003389,2007-01-05,2007,janvier,vendredi,16:15,56,56260,0,0,2,6,3,1,1,4,1,02,1,2,000,000,2,0,1,4,1,33,0,1,9,00,2,7,1,200700003389B01,7,21,1
200700003395,2007-01-29,2007,janvier,lundi,14:20,56,56260,0,0,2,1,6,1,1,3,1,02,1,2,000,000,1,0,1,4,1,57,5,1,2,00,5,1,1,200700003395A01,,,
200700003413,2007-01-21,2007,janvier,dimanche,20:50,57,57463,0,0,2,1,5,5,8,3,4,03,1,1,000,102,2,0,1,2,1,33,9,1,4,00,2,4,2,200700003413C01,7,12/1,2
200700003441,2007-01-30,2007,janvier,mardi,11:55,58,58194,0,0,2,1,7,1,1,4,2,02,-1,-1,000,000,7,0,1,4,1,75,0,1,9,00,0,0,0,200700003441A01,,,
200700003474,2007-01-02,2007,janvier,mardi,19:55,59,59410,0,0,2,3,3,5,1,4,2,02,1,1,000,055,1,0,1,4,1,35,5,1,4,00,2,1,1,200700003474A01,7,15,1
200700003483,2007-01-08,2007,janvier,lundi,74:5,59,59350,0,0,2,1,3,3,2,6,-1,00,1,1,000,000,2,0,4,4,1,41,1,1,9,00,2,1,1,200700003483B01,7,1,1
200700003504,2007-01-18,2007,janvier,jeudi,95:0,59,59350,0,0,2,1,3,1,2,3,2,04,1,1,020,180,2,0,1,4,2,35,1,1,4,00,2,0,1,200700003504B01,7,15,1
200700003521,2007-01-30,2007,janvier,mardi,18:20,59,59009,0,0,2,1,6,5,1,4,1,02,1,1,000,000,1,5,5,4,1,44,9,1,2,00,2,1,2,200700003521B01,7,16,1
200700003524,2007-01-31,2007,janvier,mercredi,12:00,59,59350,0,0,2,1,6,1,1,4,3,04,1,1,010,090,1,0,3,4,1,25,9,1,2,01,0,1,2,200700003524B01,7,24,1
200700003540,2007-01-04,2007,janvier,jeudi,15:30,59,59512,0,0,2,1,7,1,1,4,2,02,1,1,000,000,1,0,1,3,2,45,0,1,2,01,0,0,2,200700003540B01,7,22,1