Num_Acc,date,an,mois,jour,hrmn,dep,com,lat,long,agg,int,col,lum,atm,catr,circ,nbv,prof,plan,lartpc,larrout,surf,infra,situ,grav,sexe,age,trajet,secuexist,equipement,obs,obsm,choc,manv,vehiculeid,typevehicules,manoeuvehicules,numVehicules
200700003545,2007-01-11,2007,janvier,jeudi,12:50,59,59512,0,0,2,3,3,1,2,4,2,02,1,1,000,000,2,0,1,3,1,16,0,1,2,00,2,1,16,200700003545A01,7,1,1
200700003546,2007-01-12,2007,janvier,vendredi,16:25,59,59512,0,0,2,1,3,1,1,4,2,02,1,1,000,000,1,0,1,3,1,45,4,1,2,00,2,0,2,200700003546B01,7,22,1
200700003561,2007-01-31,2007,janvier,mercredi,11:05,59,59512,0,0,2,1,3,1,1,4,2,02,1,1,000,000,1,0,1,3,1,56,0,1,2,00,2,0,3,200700003561B01,7,1,1
200700003585,2007-01-15,2007,janvier,lundi,94:0,59,59014,0,0,2,2,6,1,1,3,2,02,1,1,000,092,1,0,1,4,1,72,0,1,2,00,2,1,1,200700003585B01,7,15,1
200700003655,2007-01-12,2007,janvier,vendredi,18:55,62,62019,0,0,1,1,3,2,6,3,2,02,1,1,000,079,2,0,0,3,1,16,1,1,4,00,2,8,2,200700003655B01,7,1,1
200700003677,2007-01-13,2007,janvier,samedi,16:50,63,63014,0,0,2,6,3,1,1,4,1,02,1,2,000,000,1,0,1,4,1,66,5,0,0,00,2,7,1,200700003677B01,7,9,1
200700003689,2007-01-17,2007,janvier,mercredi,18:45,63,63113,0,0,2,1,6,2,1,4,2,02,1,1,000,000,1,0,1,1,1,18,5,1,9,00,1,1,1,200700003689A01,,,
200700003689,2007-01-17,2007,janvier,mercredi,18:45,63,63113,0,0,2,1,6,2,1,4,2,02,1,1,000,000,1,0,1,4,2,75,5,0,0,00,1,1,1,200700003689A01,,,
200700003729,2007-01-06,2007,janvier,samedi,10:50,64,64445,0,0,2,3,3,1,1,4,2,02,1,1,000,076,1,5,1,4,1,76,5,1,2,00,2,1,1,200700003729B01,7,15,1
200700003735,2007-01-12,2007,janvier,vendredi,18:05,64,64445,0,0,2,1,6,5,1,4,3,02,1,1,027,094,1,5,1,1,1,44,0,1,2,00,2,1,1,200700003735B01,2/ 7,1/15,2
200700003735,2007-01-12,2007,janvier,vendredi,18:05,64,64445,0,0,2,1,6,5,1,4,3,02,1,1,027,094,1,5,1,4,2,37,0,1,2,00,2,1,1,200700003735B01,2/ 7,1/15,2
200700003736,2007-01-13,2007,janvier,samedi,10:10,64,64445,0,0,2,3,3,1,1,4,2,02,1,1,000,079,1,0,1,4,1,86,5,1,9,00,2,1,1,200700003736B01,7,18,1
200700003743,2007-01-21,2007,janvier,dimanche,42:5,64,64129,0,0,2,1,6,5,1,4,2,02,1,1,000,073,1,0,1,4,1,26,1,1,2,00,2,1,1,200700003743A01,7,0,1
200700003744,2007-01-23,2007,janvier,mardi,13:25,64,64445,0,0,2,2,3,1,2,4,2,02,1,1,000,043,2,5,1,4,2,69,5,1,9,00,2,2,1,200700003744A01,7,15,1
200700003762,2007-01-02,2007,janvier,mardi,21:25,64,64260,0,0,2,3,3,5,1,3,2,02,1,1,000,046,1,0,1,4,2,46,5,1,4,00,2,2,1,200700003762B01,7,9,1
200700003766,2007-01-25,2007,janvier,jeudi,21:05,64,64545,0,0,1,3,3,5,1,2,2,02,4,2,000,148,7,5,1,4,1,36,5,1,4,00,2,1,9,200700003766A01,10,1,1
200700003777,2007-01-18,2007,janvier,jeudi,12:45,65,65100,0,0,2,3,3,1,1,4,2,02,1,1,000,058,1,0,1,3,1,36,9,1,2,00,2,1,15,200700003777B01,7,1,1
200700003779,2007-01-18,2007,janvier,jeudi,17:45,65,65440,0,0,2,4,2,1,1,4,3,02,1,1,015,128,1,0,1,4,1,58,5,1,9,00,0,4,12,200700003779A01,7,1,1
200700003785,2007-01-26,2007,janvier,vendredi,18:35,65,65440,0,0,2,3,2,2,1,4,2,02,1,1,000,130,1,0,1,4,1,57,9,1,4,00,0,4,15,200700003785B01,7,2,1
200700003800,2007-01-01,2007,janvier,lundi,13:55,67,67482,0,0,2,2,3,1,2,4,1,03,1,1,000,120,2,0,1,3,2,25,0,1,2,00,2,7,19,200700003800A01,7,1,1
200700003809,2007-01-09,2007,janvier,mardi,14:10,67,67482,0,0,2,1,6,1,2,4,2,01,1,1,000,030,2,0,5,4,1,19,0,1,9,00,2,1,1,200700003809A01,1,0,1
200700003809,2007-01-09,2007,janvier,mardi,14:10,67,67482,0,0,2,1,6,1,2,4,2,01,1,1,000,030,2,0,5,1,1,35,0,1,9,00,2,1,0,200700003809B01,1,1,1
200700003810,2007-01-09,2007,janvier,mardi,18:10,67,67482,0,0,2,3,6,5,2,4,2,02,1,1,000,111,1,0,1,4,2,43,0,1,9,00,2,1,2,200700003810B01,7,16,1
200700003811,2007-01-10,2007,janvier,mercredi,75:0,67,67482,0,0,2,1,3,2,1,4,2,03,1,1,000,138,1,0,1,4,1,36,4,1,9,00,2,4,1,200700003811B01,7,17,1
200700003818,2007-01-12,2007,janvier,vendredi,18:35,67,67447,0,0,2,1,2,5,1,4,1,01,1,3,000,030,1,0,1,4,1,37,0,1,9,00,2,1,1,200700003818B01,7,1,1
200700003826,2007-01-23,2007,janvier,mardi,10:51,67,67482,0,0,2,1,3,1,1,4,2,02,1,1,000,180,1,0,1,4,1,51,4,1,9,00,2,1,16,200700003826A01,7,1,1
200700003830,2007-01-26,2007,janvier,vendredi,14:35,67,67482,0,0,2,2,3,1,1,4,1,01,1,1,000,057,1,0,1,4,2,21,0,1,9,00,2,1,1,200700003830B01,7,1,1
200700003842,2007-01-11,2007,janvier,jeudi,16:25,68,68066,0,0,2,1,3,1,1,3,1,03,1,1,000,088,1,0,1,4,1,71,5,1,2,00,2,3,11,200700003842B01,7,12,1
200700003855,2007-01-19,2007,janvier,vendredi,73:5,68,68224,0,0,2,3,3,1,2,4,-1,00,-1,1,000,000,2,0,1,3,1,47,5,1,9,00,2,1,1,200700003855B01,7,15,1
200700003872,2007-01-18,2007,janvier,jeudi,11:33,69,69034,0,0,2,1,6,1,1,3,2,02,1,1,000,076,1,0,1,3,1,21,5,1,2,01,2,7,1,200700003872B01,7,24,1
200700003877,2007-01-23,2007,janvier,mardi,11:38,69,69256,0,0,2,1,3,1,2,4,2,02,1,1,000,000,2,0,1,4,2,36,5,1,2,00,2,3,1,200700003877A01,17,16,1
200700003882,2007-01-13,2007,janvier,samedi,11:40,69,69199,0,0,2,1,3,1,1,4,3,02,1,1,000,062,1,0,5,4,1,25,1,1,9,00,2,1,2,200700003882B01,7,16,1
200700003890,2007-01-16,2007,janvier,mardi,18:00,69,69266,0,0,2,2,3,5,1,4,1,01,1,1,000,070,1,0,1,4,2,52,1,1,2,00,2,1,1,200700003890B01,7,9,1
200700003901,2007-01-16,2007,janvier,mardi,14:15,70,70550,0,0,2,6,2,1,1,4,2,02,2,3,000,059,1,5,1,3,1,45,0,1,4,00,2,4,1,200700003901B01,7,9,1
200700003930,2007-01-10,2007,janvier,mercredi,84:0,72,72181,0,0,2,1,3,1,1,9,2,01,1,1,000,063,1,0,1,3,1,77,9,1,2,00,0,1,1,200700003930B01,7,15,1
200700003964,2007-01-09,2007,janvier,mardi,13:45,73,73011,0,0,2,6,3,1,1,4,1,01,1,1,000,040,1,5,1,3,1,67,3,1,9,00,2,1,1,200700003964B01,7,9,1
200700003967,2007-01-03,2007,janvier,mercredi,13:35,74,74010,0,0,2,3,6,1,1,4,2,03,1,-1,000,000,1,0,1,3,2,49,9,1,9,00,0,1,13,200700003967B01,33,1,1
200700003971,2007-01-15,2007,janvier,lundi,81:0,74,74010,0,0,2,6,6,1,1,4,3,02,1,1,000,000,1,0,1,4,2,43,9,1,9,00,0,1,1,200700003971B01,7,9,1
200700003975,2007-01-28,2007,janvier,dimanche,22:4,74,74010,0,0,2,2,6,5,8,4,2,00,1,1,000,000,2,0,1,4,1,18,9,1,9,00,0,1,1,200700003975B01,7,15,1
200700003988,2007-01-02,2007,janvier,mardi,17:03,75,75007,0,0,2,2,3,5,1,4,1,01,1,1,000,060,2,0,1,4,1,31,4,1,2,00,2,3,1,200700003988B01,10,16,1
200700004002,2007-01-16,2007,janvier,mardi,23:05,75,75013,0,0,2,2,6,5,2,4,2,02,1,1,000,060,2,0,1,1,1,58,4,0,0,00,1,1,7,200700004002A01,,,
200700004016,2007-01-01,2007,janvier,lundi,17:00,75,75019,0,0,2,2,3,5,1,4,2,02,1,1,000,060,1,0,1,4,1,56,5,1,2,00,2,3,1,200700004016B01,7,16,1
200700004043,2007-01-06,2007,janvier,samedi,15:10,75,75008,0,0,2,1,2,1,2,4,2,02,1,1,000,060,2,0,1,4,1,25,5,0,0,00,2,4,15,200700004043A01,5,1,1
200700004048,2007-01-02,2007,janvier,mardi,15:25,75,75016,0,0,2,4,3,1,1,4,1,02,1,1,000,060,2,0,1,4,1,30,5,0,0,00,2,3,18,200700004048B01,7,22,1
200700004059,2007-01-03,2007,janvier,mercredi,18:15,75,75010,0,0,2,1,3,5,8,4,1,02,1,1,000,060,2,0,1,4,1,25,5,0,0,00,2,1,1,200700004059B01,7,22,1
200700004096,2007-01-08,2007,janvier,lundi,15:15,75,75007,0,0,2,1,3,1,2,4,2,04,1,1,000,120,2,0,1,4,2,39,4,0,0,00,2,6,1,200700004096B01,7,22,1
200700004098,2007-01-07,2007,janvier,dimanche,84:5,75,75012,0,0,2,2,3,1,1,4,1,01,1,1,000,030,1,0,1,4,1,23,4,0,0,00,2,3,1,200700004098B01,7,16,1
200700004102,2007-01-09,2007,janvier,mardi,18:30,75,75003,0,0,2,3,3,5,1,4,1,02,1,1,000,060,1,0,1,4,1,63,5,0,0,00,2,3,15,200700004102A01,5,1,1
200700004109,2007-01-08,2007,janvier,lundi,17:40,75,75012,0,0,2,1,6,5,2,4,2,04,1,1,000,120,2,0,1,4,1,54,4,0,0,00,1,1,1,200700004109A01,,,
200700004115,2007-01-09,2007,janvier,mardi,90:0,75,75006,0,0,2,2,3,1,2,4,1,02,1,1,000,060,2,0,1,4,1,34,1,0,0,00,2,2,1,200700004115A01,5,1,1
200700004136,2007-01-09,2007,janvier,mardi,18:55,75,75014,0,0,2,2,6,5,1,4,1,02,1,1,000,060,1,0,1,4,1,41,4,1,2,00,1,1,1,200700004136A01,,,
200700004151,2007-01-12,2007,janvier,vendredi,12:50,75,75010,0,0,2,2,3,1,1,4,1,01,1,1,000,030,1,0,1,4,2,22,5,0,0,00,2,3,1,200700004151A01,10,15,1
200700004154,2007-01-12,2007,janvier,vendredi,43:5,75,75013,0,0,2,3,7,5,1,4,1,01,1,1,000,030,1,0,1,4,1,60,4,0,0,00,0,0,1,200700004154A01,,,
200700004159,2007-01-12,2007,janvier,vendredi,15:10,75,75016,0,0,2,5,6,1,8,4,2,02,1,1,000,060,1,0,1,4,1,72,5,0,0,00,5,1,1,200700004159A01,,,
200700004173,2007-01-13,2007,janvier,samedi,14:15,75,75008,0,0,2,2,3,1,1,4,1,01,1,1,000,030,1,0,1,4,1,61,5,1,2,00,2,3,1,200700004173B01,7,16,1
200700004201,2007-01-11,2007,janvier,jeudi,18:15,75,75005,0,0,2,2,6,5,1,4,1,01,1,1,000,030,1,0,1,4,1,32,5,0,0,00,1,1,1,200700004201A01,,,
200700004217,2007-01-11,2007,janvier,jeudi,16:50,75,75018,0,0,2,1,6,1,1,4,3,03,1,1,010,090,2,0,1,4,2,48,5,0,0,00,2,2,1,200700004217B01,7,22,1
200700004228,2007-01-16,2007,janvier,mardi,15:40,75,75006,0,0,2,2,2,1,1,4,2,04,1,1,000,120,1,0,1,4,1,52,4,0,0,00,2,1,1,200700004228A01,10,23,1
200700004270,2007-01-17,2007,janvier,mercredi,17:05,75,75009,0,0,2,2,6,5,2,4,1,02,1,1,000,060,2,0,1,4,1,36,4,0,0,00,1,1,1,200700004270A01,,,
200700004299,2007-01-18,2007,janvier,jeudi,15:20,75,75020,0,0,2,5,3,5,2,4,1,01,1,1,000,030,2,0,1,4,1,50,5,0,0,00,2,1,1,200700004299B01,7,15,1
200700004322,2007-01-19,2007,janvier,vendredi,17:00,75,75015,0,0,2,2,6,5,1,4,2,04,1,1,000,120,1,0,1,4,1,44,5,0,0,00,1,1,7,200700004322A01,,,
200700004366,2007-01-22,2007,janvier,lundi,12:20,75,75014,0,0,2,2,7,1,8,4,1,01,1,1,000,030,1,0,1,4,1,48,5,0,0,00,0,0,21,200700004366A01,,,
200700004374,2007-01-23,2007,janvier,mardi,80:0,75,75019,0,0,2,1,3,1,1,4,1,02,1,1,000,060,1,0,1,4,1,25,9,0,0,00,2,3,18,200700004374B01,7,22,1
200700004422,2007-01-26,2007,janvier,vendredi,17:20,75,75017,0,0,2,1,6,5,1,4,2,02,1,1,000,060,1,0,1,1,1,35,5,0,0,00,1,1,1,200700004422A01,,,
200700004426,2007-01-26,2007,janvier,vendredi,18:15,75,75014,0,0,2,3,3,5,1,4,1,01,1,1,000,030,1,0,1,4,2,48,1,0,0,00,2,1,15,200700004426A01,7,1,1
200700004449,2007-01-30,2007,janvier,mardi,12:20,75,75011,0,0,2,1,3,1,1,4,2,02,1,1,000,060,1,0,1,4,1,23,5,0,0,00,2,2,1,200700004449B01,7,22,1
200700004464,2007-01-30,2007,janvier,mardi,20:40,75,75013,0,0,2,1,6,5,1,4,2,02,1,1,000,060,1,0,1,4,1,62,5,0,0,09,0,1,21,200700004464A01,,,
200700004486,2007-01-29,2007,janvier,lundi,16:21,75,75010,0,0,2,1,7,1,1,4,1,02,1,1,000,030,1,0,1,4,1,51,4,0,0,00,0,0,21,200700004486A01,,,
200700004491,2007-01-31,2007,janvier,mercredi,13:13,75,75013,0,0,2,2,3,1,1,4,2,02,1,1,000,060,1,0,1,4,2,48,4,0,0,00,2,1,1,200700004491B01,7,10,1
200700004503,2007-01-31,2007,janvier,mercredi,15:00,75,75009,0,0,2,2,3,1,1,4,1,01,1,1,000,030,1,0,1,4,2,55,5,0,0,00,2,2,1,200700004503B01,7,22,1
200700004572,2007-01-05,2007,janvier,vendredi,14:35,76,76165,0,0,2,1,2,1,1,4,2,02,1,1,000,040,1,0,1,4,1,16,5,1,4,00,2,4,2,200700004572B01,33,2,1
200700004577,2007-01-09,2007,janvier,mardi,75:0,76,76351,0,0,1,1,3,2,1,4,2,04,1,1,000,120,1,0,1,3,1,42,1,1,9,00,2,3,1,200700004577B01,14,16,1
200700004668,2007-01-29,2007,janvier,lundi,15:15,77,77333,0,0,2,2,3,1,1,4,2,01,1,1,000,071,1,0,1,3,2,50,1,1,9,00,2,8,19,200700004668B01,17,1,1
200700004674,2007-01-28,2007,janvier,dimanche,85:5,77,77083,0,0,2,9,1,1,1,9,-1,01,1,1,000,050,2,0,1,4,1,60,0,1,2,00,0,8,1,200700004674B01,7,15,1
200700004676,2007-01-07,2007,janvier,dimanche,12:00,77,77249,0,0,2,1,2,1,1,4,2,02,1,1,000,060,1,0,1,3,1,56,5,1,2,00,2,4,1,200700004676B01,33,2,1
200700004684,2007-01-11,2007,janvier,jeudi,82:0,78,78005,0,0,2,1,3,2,1,4,2,02,1,1,000,000,1,0,1,4,1,15,2,1,9,00,2,7,19,200700004684A01,10,1,1
200700004691,2007-01-05,2007,janvier,vendredi,82:5,78,78208,0,0,2,6,3,1,1,3,-1,02,1,-1,000,080,1,3,1,4,1,35,1,1,2,00,2,2,16,200700004691B01,7,18,1
200700004749,2007-01-14,2007,janvier,dimanche,10:45,78,78686,0,0,2,4,2,1,1,3,2,02,1,1,000,000,1,0,1,4,1,77,5,1,9,00,0,4,1,200700004749B01,7,12,1
200700004785,2007-01-31,2007,janvier,mercredi,18:42,81,81004,0,0,2,6,3,5,1,3,1,01,1,1,000,030,1,0,1,3,1,55,5,1,9,00,2,2,1,200700004785B01,7,9,1
200700004796,2007-01-26,2007,janvier,vendredi,11:20,81,81065,0,0,2,3,3,1,1,4,2,02,1,1,000,000,1,0,1,4,1,59,9,1,9,00,2,1,19,200700004796B01,7,1,1
200700004801,2007-01-17,2007,janvier,mercredi,16:55,82,82121,0,0,2,1,6,1,1,4,2,02,2,1,000,000,1,0,1,4,2,47,5,1,9,00,0,8,1,200700004801B01,7,17,1
200700004810,2007-01-31,2007,janvier,mercredi,16:29,82,82121,0,0,2,1,6,1,1,4,2,02,1,1,000,000,1,0,4,1,1,28,0,1,9,00,1,1,0,200700004810A01,,,
200700004810,2007-01-31,2007,janvier,mercredi,16:29,82,82121,0,0,2,1,6,1,1,4,2,02,1,1,000,000,1,0,4,3,2,51,1,0,0,00,1,1,0,200700004810A01,,,
200700004819,2007-01-19,2007,janvier,vendredi,12:10,83,83118,0,0,1,1,1,1,1,4,2,01,2,3,000,035,1,0,1,3,1,75,5,1,9,00,2,1,1,200700004819B01,7,1,1
200700004878,2007-01-01,2007,janvier,lundi,15:30,84,84007,0,0,2,1,2,1,1,2,2,04,1,1,120,000,1,0,1,4,2,81,9,1,2,00,2,4,11,200700004878B01,7,1,1
200700004880,2007-01-08,2007,janvier,lundi,10:05,84,84007,0,0,2,2,6,1,1,4,2,00,1,1,000,000,2,5,1,4,1,68,0,1,4,00,0,8,1,200700004880B01,7,1,1
200700004958,2007-01-10,2007,janvier,mercredi,12:16,87,87085,0,0,2,1,6,1,1,4,1,01,2,1,000,031,1,0,1,4,1,22,1,1,2,00,1,1,1,200700004958A01,,,
200700004988,2007-01-23,2007,janvier,mardi,73:0,88,88160,0,0,2,1,3,2,4,3,2,03,1,1,000,065,2,0,1,4,2,15,2,1,2,00,2,1,19,200700004988A01,7,1,1
200700005003,2007-01-05,2007,janvier,vendredi,10:25,89,89387,0,0,2,1,3,1,1,4,2,02,1,1,000,094,1,0,1,3,1,86,5,1,2,00,0,6,0,200700005003B01,7,1,1
200700005052,2007-01-08,2007,janvier,lundi,80:0,91,91286,0,0,2,1,6,2,2,4,2,00,1,-1,000,000,2,0,1,4,1,39,1,1,2,00,2,5,19,200700005052B01,7,16,1
200700005079,2007-01-05,2007,janvier,vendredi,65:5,91,91589,0,0,2,6,1,5,1,4,2,02,1,1,000,000,1,0,1,4,1,46,5,1,4,00,2,4,1,200700005079B01,10,13,1
200700005174,2007-01-12,2007,janvier,vendredi,90:0,92,92044,0,0,2,1,6,1,2,4,2,04,1,1,000,000,2,0,1,4,2,22,1,1,2,00,2,4,11,200700005174B01,7,1,1
200700005185,2007-01-27,2007,janvier,samedi,17:00,92,92048,0,0,1,1,7,1,1,3,1,01,1,2,000,030,1,0,1,4,1,64,5,1,2,00,0,1,0,200700005185A01,,,
200700005186,2007-01-15,2007,janvier,lundi,91:0,92,92048,0,0,2,2,1,1,1,4,1,01,2,2,000,050,1,0,1,4,1,32,4,1,2,00,2,1,1,200700005186A01,7,15,1
200700005211,2007-01-13,2007,janvier,samedi,20:05,92,92051,0,0,1,1,3,5,2,3,2,00,1,1,000,000,2,0,1,4,2,27,5,1,2,00,2,1,19,200700005211B01,30,0,1
200700005309,2007-01-30,2007,janvier,mardi,84:5,93,93031,0,0,2,1,6,1,1,9,2,02,1,1,000,040,-1,0,1,3,1,36,0,1,2,00,2,1,1,200700005309B01,7,15,1
200700005334,2007-01-04,2007,janvier,jeudi,82:5,93,93074,0,0,2,4,3,1,2,4,2,02,1,1,000,080,2,0,1,4,1,53,5,1,2,00,2,4,10,200700005334A01,7,1,1
200700005360,2007-01-26,2007,janvier,vendredi,93:0,93,93051,0,0,2,4,1,1,1,4,2,02,1,-1,000,000,1,0,1,4,2,71,0,1,9,00,0,1,0,200700005360B01,7,11,1
200700005374,2007-01-18,2007,janvier,jeudi,10:20,93,93062,0,0,2,1,6,1,6,4,2,02,1,1,000,110,2,0,1,4,1,13,0,1,9,01,0,1,2,200700005374A01,,,
200700005378,2007-01-27,2007,janvier,samedi,15:10,93,93014,0,0,2,1,1,1,1,5,2,00,1,-1,000,050,1,0,0,3,1,9,0,1,9,00,0,1,1,200700005378B01,7,1,1
200700005420,2007-01-18,2007,janvier,jeudi,84:0,93,93073,0,0,2,1,3,1,2,4,1,01,1,1,000,060,2,0,1,3,1,14,0,1,9,00,2,6,1,200700005420B01,7,1,1
200700005433,2007-01-04,2007,janvier,jeudi,14:20,94,94017,0,0,2,1,3,1,1,2,-1,01,-1,1,000,037,-1,0,4,4,2,18,5,1,2,00,2,1,0,200700005433A01,7,9,1
200700005486,2007-01-14,2007,janvier,dimanche,12:10,94,94076,0,0,2,1,7,1,1,4,-1,00,1,1,000,000,1,0,1,1,1,43,0,1,9,00,1,7,0,200700005486A01,,,
200700005565,2007-01-18,2007,janvier,jeudi,12:20,94,94081,0,0,1,2,3,1,1,2,2,02,1,1,074,200,1,0,1,3,1,18,5,1,9,00,2,1,19,200700005565A01,10,2,1
200700005572,2007-01-10,2007,janvier,mercredi,80:0,95,95176,0,0,2,3,6,1,1,4,-1,02,1,1,000,055,1,0,0,4,1,17,2,1,4,00,2,7,15,200700005572B01,7,16,1
200700005602,2007-01-17,2007,janvier,mercredi,15:20,95,95306,0,0,2,1,7,1,2,4,2,00,1,1,000,070,2,0,1,4,1,18,5,1,9,00,0,0,1,200700005602A01,,,
200700005604,2007-01-20,2007,janvier,samedi,19:55,95,95306,0,0,2,1,6,5,1,4,2,00,1,1,000,070,1,0,1,4,1,37,0,1,9,00,2,1,1,200700005604B01,7,1,1
200700005628,2007-01-14,2007,janvier,dimanche,13:10,69,69381,0,0,2,2,6,1,1,4,1,02,1,1,000,058,1,2,1,3,1,12,5,1,9,00,2,1,19,200700005628B01,7,1,1
200700005849,2007-01-05,2007,janvier,vendredi,13:18,2B,2B033,0,0,2,2,1,1,1,4,1,01,1,1,000,038,1,0,1,4,1,45,1,1,9,00,2,0,0,200700005849B01,7,1,1
200700005929,2007-01-25,2007,janvier,jeudi,75:0,69,69386,0,0,2,2,3,2,1,4,2,04,1,1,000,000,1,0,1,4,2,43,1,1,9,00,2,1,1,200700005929A01,20,16,1
200700005931,2007-01-22,2007,janvier,lundi,84:5,69,69383,0,0,2,2,1,1,1,4,1,01,1,1,000,000,1,0,1,4,2,43,1,1,2,00,2,1,1,200700005931B01,7,1,1
200700005976,2007-01-03,2007,janvier,mercredi,11:00,69,69387,0,0,2,7,3,1,1,4,1,04,1,1,000,123,1,0,2,4,2,62,5,1,2,00,2,8,19,200700005976A01,7,1,1
200700005985,2007-01-29,2007,janvier,lundi,18:35,69,69387,0,0,2,1,6,5,1,4,2,02,1,1,000,104,1,0,1,4,2,13,5,1,4,00,2,8,19,200700005985B01,7,20,1
200700006031,2007-01-30,2007,janvier,mardi,11:23,69,69389,0,0,2,1,7,1,1,4,1,00,1,1,000,031,1,0,1,1,1,32,5,1,2,00,1,1,19,200700006031A01,,,
200700006101,2007-01-26,2007,janvier,vendredi,70:0,06,06090,0,0,2,1,3,5,2,3,2,00,2,1,000,000,2,5,1,3,1,24,1,0,0,00,2,8,15,200700006101B02,7,15,1
200700006111,2007-02-04,2007,février,dimanche,19:00,59,59377,0,0,1,1,2,3,1,3,2,02,1,1,000,063,1,0,1,3,1,51,5,1,9,00,2,0,1,200700006111B02,7,2,1
200700006126,2007-02-27,2007,février,mardi,90:0,62,62601,50.543,2.364,1,1,3,1,2,3,2,02,1,1,000,040,2,0,1,4,1,56,5,0,0,00,2,8,1,200700006126B02,7,17,1
200700006164,2007-02-03,2007,février,samedi,13:45,02,02135,49.972,3.856,1,1,2,1,1,3,2,02,1,1,000,071,1,0,1,3,1,17,5,1,2,00,2,4,2,200700006164B02,7,2,1
200700006180,2007-02-12,2007,février,lundi,16:00,60,60120,49.328,2.422,1,1,1,1,6,3,2,02,2,1,000,000,1,0,1,3,1,44,1,0,0,00,2,1,1,200700006180B02,7,13,1
200700006188,2007-02-28,2007,février,mercredi,17:30,60,60156,49.444,2.855,2,1,1,1,2,3,2,02,1,1,000,080,2,0,5,3,1,46,1,0,0,00,2,1,1,200700006188A01,2,1,1
200700006224,2007-02-01,2007,février,jeudi,75:5,27,27598,0,0,1,2,1,3,8,3,2,02,3,3,163,050,1,5,1,3,1,36,1,1,4,00,2,7,1,200700006224B02,7,15,1
200700006225,2007-02-22,2007,février,jeudi,15:00,27,27005,49.168,1.221,1,1,1,1,1,4,2,02,1,-1,000,061,1,0,0,3,2,15,5,0,0,00,2,1,1,200700006225B02,7,13,1
200700006258,2007-02-28,2007,février,mercredi,18:25,35,35359,0,0,1,1,1,1,1,3,2,02,1,1,000,062,2,0,1,3,1,13,5,0,0,00,2,8,19,200700006258A01,7,0,1
200700006268,2007-02-03,2007,février,samedi,15:50,22,22339,0,0,2,3,1,1,1,4,2,00,-1,1,000,081,1,0,1,3,2,47,5,0,0,00,2,8,15,200700006268B02,7,1,1
200700006273,2007-02-10,2007,février,samedi,71:5,22,22311,48.538,-2.225,1,1,1,2,8,3,2,02,-1,1,000,065,2,0,1,2,2,63,5,0,0,00,2,0,0,200700006273A01,99,0,1
200700006276,2007-02-06,2007,février,mardi,18:00,22,22900,48.626,-3.327,2,1,6,2,8,3,2,01,4,1,000,060,1,0,1,3,1,48,5,1,2,00,1,1,1,200700006276A01,,,
200700006294,2007-02-01,2007,février,jeudi,19:30,29,29192,48.603,-4.051,1,1,2,3,8,3,2,00,2,1,000,075,2,0,1,3,1,64,5,0,0,00,2,4,2,200700006294B02,7,2,1
200700006326,2007-02-06,2007,février,mardi,10:30,50,50489,0,0,1,1,1,1,8,3,2,00,1,3,000,057,2,0,1,2,2,76,3,0,0,00,0,1,1,200700006326B02,7,19,1
200700006346,2007-02-26,2007,février,lundi,94:5,61,61145,0,0,1,1,3,1,1,3,2,02,1,1,000,060,1,0,3,3,1,69,5,0,0,00,2,8,15,200700006346B02,10,17,1
200700006359,2007-02-15,2007,février,jeudi,10:45,44,44153,47.71,-1.42,1,1,1,1,1,3,2,00,-1,1,000,050,1,0,1,4,1,73,5,1,2,00,0,0,1,200700006359B02,7,1,1
200700006439,2007-02-07,2007,février,mercredi,12:15,33,33003,44.954,-0.502,1,1,1,1,1,4,2,02,1,1,000,041,2,0,1,3,1,16,0,0,0,00,2,4,2,200700006439B02,7,2,1
200700006440,2007-02-17,2007,février,samedi,15:45,33,33433,44.92,-0.41,2,1,3,1,1,4,2,02,1,1,000,071,1,0,1,3,1,54,5,0,0,00,2,5,1,200700006440B02,14,16,1
200700006446,2007-02-08,2007,février,jeudi,15:15,33,33366,44.99,-0.43,2,6,1,1,1,3,-1,01,-1,2,000,040,1,5,1,3,1,38,5,1,2,00,2,7,1,200700006446B02,10,9,1
200700006482,2007-02-01,2007,février,jeudi,16:00,40,40269,43.617,-1.125,2,1,1,1,1,3,2,02,2,3,000,068,1,0,1,3,1,50,5,0,0,00,2,1,1,200700006482B02,14,16,1
200700006490,2007-02-20,2007,février,mardi,14:15,40,40312,0,0,1,1,5,1,1,2,1,01,2,1,010,100,-1,0,2,3,1,64,5,1,2,00,2,1,1,200700006490B02,2,5,1
200700006490,2007-02-20,2007,février,mardi,14:15,40,40312,0,0,1,1,5,1,1,2,1,01,2,1,010,100,-1,0,2,3,1,65,0,1,2,00,2,1,1,200700006490C03,2,5,1
200700006514,2007-02-22,2007,février,jeudi,14:30,64,64014,0,0,1,1,2,1,7,3,2,02,4,1,000,058,1,0,1,3,2,38,5,1,2,00,0,4,1,200700006514B02,7,1,1
200700006523,2007-02-27,2007,février,mardi,75:0,86,86272,0,0,1,1,2,1,8,3,2,02,1,1,000,087,1,0,1,3,2,62,5,0,0,00,2,4,2,200700006523B02,2,2,1
200700006569,2007-02-08,2007,février,jeudi,18:00,19,19278,45.186,1.459,1,1,3,2,1,4,2,00,2,1,000,045,1,0,1,4,1,13,0,0,0,00,2,1,16,200700006569B02,10,1,1
200700006580,2007-02-04,2007,février,dimanche,13:45,31,31044,0,0,2,9,1,1,1,3,1,00,1,1,000,000,1,0,1,3,1,13,5,0,0,00,0,8,0,200700006580B02,7,0,1