Num_Acc,date,an,mois,jour,hrmn,dep,com,lat,long,agg,int,col,lum,atm,catr,circ,nbv,prof,plan,lartpc,larrout,surf,infra,situ,grav,sexe,age,trajet,secuexist,equipement,obs,obsm,choc,manv,vehiculeid,typevehicules,manoeuvehicules,numVehicules
200700006601,2007-02-26,2007,février,lundi,13:15,09,09268,43.003,1.135,1,1,5,1,1,3,2,02,1,1,000,068,1,0,1,2,1,45,9,0,0,00,2,6,15,200700006601A01,7,1,2
200700006622,2007-02-17,2007,février,samedi,15:15,32,32245,43.623,-0.103,1,1,6,1,1,4,2,02,1,1,000,043,1,0,1,3,1,57,5,1,2,00,5,1,1,200700006622A01,,,
200700006673,2007-02-11,2007,février,dimanche,16:00,69,69015,0,0,1,1,2,1,1,3,2,00,2,1,000,000,1,0,1,3,1,73,5,0,0,00,0,4,2,200700006673B02,7,2,1
200700006697,2007-02-08,2007,février,jeudi,18:30,01,01194,0,0,2,6,1,4,2,3,2,00,1,1,000,000,2,5,1,4,1,15,5,1,2,00,0,4,1,200700006697B02,7,1,1
200700006717,2007-02-20,2007,février,mardi,15:00,26,26357,0,0,1,1,3,1,1,3,2,00,1,1,000,000,1,3,1,4,1,59,5,0,0,00,0,3,15,200700006717B02,7,15,1
200700006754,2007-02-18,2007,février,dimanche,19:30,42,42285,0,0,1,1,2,3,1,3,4,01,2,1,012,130,1,0,1,2,1,2007,5,0,0,00,0,4,1,200700006754B02,7,1,1
200700006762,2007-02-04,2007,février,dimanche,15:00,42,42155,45.806,4.149,2,2,3,1,7,3,2,02,1,3,000,061,1,0,1,3,1,83,5,1,2,00,2,8,15,200700006762B02,7,1,1
200700006783,2007-02-20,2007,février,mardi,14:15,73,73068,0,0,1,3,3,1,1,3,2,00,1,-1,000,030,1,2,1,3,1,81,0,0,0,00,0,0,0,200700006783B02,7,1,1
200700006794,2007-02-22,2007,février,jeudi,11:45,74,74242,0,0,2,2,3,1,1,4,2,00,1,1,000,043,1,0,1,3,1,48,5,1,2,00,2,1,19,200700006794B02,7,1,1
200700006806,2007-02-24,2007,février,samedi,14:00,74,74243,0,0,2,1,3,1,1,4,2,02,-1,1,000,120,1,0,1,3,1,26,5,0,0,00,2,4,0,200700006806B02,32,0,1
200700006824,2007-02-20,2007,février,mardi,15:00,63,63211,0,0,1,1,2,1,1,3,2,02,1,1,000,068,1,0,1,3,1,54,5,1,2,00,2,8,2,200700006824B02,7,2,1
200700006874,2007-02-12,2007,février,lundi,70:0,57,57269,0,0,1,1,1,2,3,3,2,00,1,1,000,065,-1,0,1,3,1,43,1,0,0,00,2,4,1,200700006874B02,16,1,1
200700006885,2007-02-25,2007,février,dimanche,15:45,54,54550,0,0,1,1,1,1,1,3,3,02,1,1,000,072,1,0,1,3,1,16,5,1,2,00,2,3,13,200700006885B02,7,17,1
200700006904,2007-02-16,2007,février,vendredi,13:30,88,88358,0,0,2,2,1,1,1,9,2,02,2,1,000,035,1,0,1,3,1,13,5,1,2,00,2,1,13,200700006904B02,7,1,1
200700006939,2007-02-09,2007,février,vendredi,18:30,68,68076,48.091,7.521,1,1,2,3,1,3,2,00,1,1,000,000,1,0,1,3,1,68,5,0,0,00,0,4,2,200700006939A01,7,2,1
200700006951,2007-02-18,2007,février,dimanche,11:15,68,68011,0,0,2,3,1,1,1,3,2,02,1,1,010,095,1,5,1,4,1,54,5,1,2,00,2,6,15,200700006951A01,7,15,1
200700006974,2007-02-16,2007,février,vendredi,13:45,10,10384,48.305,4.586,2,1,1,1,1,3,1,01,1,1,071,071,1,5,1,3,1,12,5,0,0,00,2,1,1,200700006974B02,7,1,1
200700006978,2007-02-03,2007,février,samedi,17:30,10,10323,48.51,3.756,2,9,3,2,1,3,2,02,1,1,000,065,1,0,1,3,2,14,5,1,3,00,2,7,19,200700006978B02,7,1,1
200700006990,2007-02-21,2007,février,mercredi,21:15,21,21292,47.239,5.229,2,6,2,5,2,3,-1,02,1,-1,000,000,2,5,1,3,2,50,1,0,0,00,2,4,15,200700006990B02,7,9,1
200700007010,2007-02-02,2007,février,vendredi,17:15,58,58079,0,0,2,1,7,1,1,4,2,02,-1,1,000,053,2,6,1,3,2,22,5,0,0,00,0,0,1,200700007010A01,,,
200700007018,2007-02-16,2007,février,vendredi,18:00,71,71391,46.817,4.602,2,1,1,2,1,3,2,02,1,1,000,035,1,0,1,3,1,15,5,0,0,00,2,1,19,200700007018A01,7,1,1
200700007019,2007-02-14,2007,février,mercredi,10:00,71,71420,0,0,2,2,1,1,3,3,2,02,2,1,000,080,2,0,1,3,1,46,5,0,0,00,2,1,1,200700007019A01,7,1,1
200700007063,2007-02-12,2007,février,lundi,63:0,90,90051,0,0,2,1,3,1,1,3,-1,00,1,1,000,060,1,0,1,4,1,56,5,0,0,00,2,7,15,200700007063B02,21,10,1
200700007133,2007-02-02,2007,février,vendredi,21:30,83,83042,0,0,1,1,6,3,1,3,2,02,1,1,000,062,1,0,1,4,1,33,5,0,0,00,2,6,2,200700007133A01,,,
200700007165,2007-02-07,2007,février,mercredi,11:30,34,34324,43.252,3.294,2,1,2,1,1,4,2,02,1,1,000,000,1,0,1,3,1,69,5,0,0,00,2,4,0,200700007165B02,7,17,1
200700007183,2007-02-13,2007,février,mardi,14:15,30,30276,0,0,2,1,1,1,1,3,2,00,1,1,000,067,1,0,1,3,1,28,5,1,2,01,0,1,1,200700007183B02,99,0,1
200700007229,2007-02-27,2007,février,mardi,13:45,2B,2B251,0,0,2,6,3,1,1,2,2,02,-1,-1,000,000,1,5,1,4,1,72,5,0,0,00,2,7,1,200700007229B02,7,1,1
200700007285,2007-02-07,2007,février,mercredi,19:40,45,45104,0,0,1,1,2,3,1,3,2,01,-1,1,000,040,1,0,1,3,1,32,5,0,0,00,0,4,2,200700007285B02,7,2,1
200700007295,2007-02-26,2007,février,lundi,16:00,18,18110,47.25,2.919,1,1,1,1,1,3,2,00,1,1,052,000,1,0,1,3,1,46,5,0,0,00,2,1,1,200700007295B02,10,13,1
200700007320,2007-02-20,2007,février,mardi,14:30,28,28280,0,0,2,1,6,1,1,4,2,00,2,1,000,000,1,0,1,1,1,16,5,1,2,00,1,1,1,200700007320A01,,,
200700007320,2007-02-20,2007,février,mardi,14:30,28,28280,0,0,2,1,6,1,1,4,2,00,2,1,000,000,1,0,1,3,2,85,0,0,0,00,1,1,1,200700007320A01,,,
200700007357,2007-02-03,2007,février,samedi,16:45,57,57529,49.424,6.01,1,1,1,1,7,3,2,02,3,1,000,067,1,0,1,3,1,30,5,1,2,00,0,4,1,200700007357B02,7,2,1
200700007452,2007-02-20,2007,février,mardi,10:00,38,38229,0,0,2,6,3,1,1,3,4,00,1,-1,000,000,1,0,5,3,1,25,1,0,0,00,2,7,1,200700007452B02,7,12,1
200700007461,2007-02-13,2007,février,mardi,16:30,42,42279,45.507,4.215,1,1,3,1,1,4,2,02,1,3,000,033,1,0,1,3,1,80,5,1,2,00,2,8,1,200700007461B02,10,1,1
200700007477,2007-02-07,2007,février,mercredi,11:00,35,35131,0,0,2,6,2,1,1,4,1,01,1,2,000,000,1,5,1,4,1,67,5,0,0,00,0,4,6,200700007477B02,7,2,1
200700007544,2007-02-16,2007,février,vendredi,17:20,01,01289,0,0,1,1,2,1,1,3,2,02,1,1,000,057,1,0,1,3,1,57,9,1,2,00,2,4,1,200700007544B01,7,1,1
200700007553,2007-02-19,2007,février,lundi,71:5,02,02064,0,0,2,1,6,5,1,4,2,01,1,1,000,030,1,0,1,3,1,17,1,1,2,00,2,1,1,200700007553A01,,,
200700007564,2007-02-13,2007,février,mardi,85:0,03,03310,0,0,2,1,3,1,1,2,1,01,1,1,000,030,1,0,1,4,1,75,5,1,2,14,2,1,1,200700007564B01,7,22,1
200700007567,2007-02-26,2007,février,lundi,17:10,03,03095,0,0,2,1,1,1,1,3,2,02,1,1,000,080,2,0,1,3,1,25,5,1,2,14,2,1,13,200700007567A01,7,23,1
200700007583,2007-02-17,2007,février,samedi,95:0,06,06004,0,0,2,1,3,1,1,2,3,05,1,1,005,060,1,0,1,4,1,63,5,1,2,00,2,1,1,200700007583B01,7,9,1
200700007617,2007-02-26,2007,février,lundi,81:5,06,06123,0,0,2,1,2,1,1,2,1,03,1,1,000,000,-1,0,1,3,1,66,5,1,9,00,2,4,2,200700007617B01,7,2,1
200700007618,2007-02-26,2007,février,lundi,18:30,06,06123,0,0,2,1,6,5,1,4,2,02,1,1,000,000,1,0,4,4,1,18,5,1,9,00,1,1,1,200700007618A01,,,
200700007625,2007-02-06,2007,février,mardi,11:20,06,06029,0,0,2,1,7,1,1,2,2,02,1,1,000,078,1,0,1,4,2,71,5,1,9,00,5,1,1,200700007625A01,,,
200700007660,2007-02-14,2007,février,mercredi,19:25,06,06069,0,0,2,1,2,5,1,3,2,02,2,2,000,000,1,0,1,4,1,76,5,1,9,00,2,1,1,200700007660A01,2,15,1
200700007676,2007-02-01,2007,février,jeudi,12:45,06,06088,0,0,2,1,3,1,1,4,1,05,1,1,035,120,1,0,1,1,1,20,5,1,9,00,2,8,11,200700007676A01,32,1,1
200700007742,2007-02-15,2007,février,jeudi,12:01,06,06088,0,0,2,1,2,1,1,3,2,01,1,1,000,000,1,0,4,3,1,63,5,1,2,00,2,1,1,200700007742A01,1,1,1
200700007742,2007-02-15,2007,février,jeudi,12:01,06,06088,0,0,2,1,2,1,1,3,2,01,1,1,000,000,1,0,4,1,1,62,0,1,2,00,2,4,1,200700007742B01,1,1,1
200700007753,2007-02-17,2007,février,samedi,20:0,06,06088,0,0,2,1,6,5,1,3,1,50,1,1,000,000,1,0,0,4,1,41,5,1,2,00,2,0,19,200700007753A01,7,1,1
200700007804,2007-02-12,2007,février,lundi,18:35,07,07102,0,0,2,1,3,5,2,4,2,02,1,1,000,060,2,0,1,3,1,74,5,1,9,00,2,2,1,200700007804B01,7,9,1
200700007818,2007-02-03,2007,février,samedi,10:45,10,10387,0,0,2,3,3,1,1,4,2,02,1,1,000,070,1,0,1,3,2,91,9,1,9,00,2,1,1,200700007818B01,7,16,1
200700007846,2007-02-08,2007,février,jeudi,16:00,13,13004,0,0,2,2,3,1,1,4,1,01,1,1,000,045,1,0,1,4,1,25,5,1,2,00,2,2,1,200700007846A01,10,1,1
200700007849,2007-02-21,2007,février,mercredi,12:45,13,13004,0,0,2,1,3,1,1,4,2,02,1,1,000,082,1,0,1,4,2,18,1,1,2,00,2,3,2,200700007849A01,37,2,1
200700007861,2007-02-05,2007,février,lundi,14:40,13,13047,0,0,1,1,2,1,1,3,2,02,1,1,000,000,1,0,1,2,1,69,5,1,4,00,0,6,1,200700007861B01,7,12,1
200700007887,2007-02-02,2007,février,vendredi,75:0,13,13055,0,0,2,1,3,1,1,4,2,06,1,1,000,000,1,0,1,4,2,48,0,1,2,00,2,7,7,200700007887B01,7,9,1
200700007958,2007-02-02,2007,février,vendredi,13:35,13,13055,0,0,2,1,3,1,1,4,1,01,1,3,000,050,1,5,1,4,1,33,0,1,2,01,0,0,0,200700007958B01,7,24,1
200700008028,2007-02-22,2007,février,jeudi,10:30,13,13055,0,0,2,1,1,1,1,4,2,02,1,1,000,000,1,0,1,4,1,12,2,0,0,00,2,0,11,200700008028B01,33,1,1
200700008051,2007-02-28,2007,février,mercredi,16:30,13,13055,0,0,2,1,3,1,1,6,2,00,1,-1,000,000,1,0,0,4,1,14,5,0,0,00,2,0,0,200700008051B01,7,15,1
200700008129,2007-02-10,2007,février,samedi,15:00,13,13103,0,0,2,3,3,1,1,3,2,02,2,1,000,000,1,0,0,3,1,11,5,1,9,00,2,2,1,200700008129B01,7,1,1
200700008163,2007-02-15,2007,février,jeudi,81:0,14,14383,0,0,2,9,6,1,1,3,1,02,1,-1,500,086,1,0,1,4,1,32,1,1,9,00,0,4,1,200700008163B01,7,1,1
200700008164,2007-02-20,2007,février,mardi,18:45,14,14118,0,0,2,1,6,5,1,4,1,01,1,1,000,042,1,0,1,4,1,35,5,1,9,00,2,1,18,200700008164A01,7,16,1
200700008165,2007-02-22,2007,février,jeudi,17:45,14,14341,0,0,1,1,6,1,1,2,2,02,1,2,000,064,1,0,1,2,1,52,5,1,9,00,2,1,1,200700008165B01,7,1,1
200700008193,2007-02-14,2007,février,mercredi,11:15,17,17299,0,0,2,3,3,1,2,4,2,02,1,1,000,071,2,5,1,4,2,38,5,1,9,00,2,1,1,200700008193A01,7,1,1
200700008212,2007-02-22,2007,février,jeudi,10:50,17,17300,0,0,2,1,3,1,1,4,2,00,1,1,000,000,1,0,1,4,1,58,5,1,2,00,2,7,1,200700008212B01,7,15,1
200700008264,2007-02-04,2007,février,dimanche,16:05,21,21231,0,0,2,2,5,1,1,4,3,04,2,1,014,162,1,5,1,3,1,23,0,1,9,00,2,4,2,200700008264C01,37/ 7,2/1,2
200700008278,2007-02-16,2007,février,vendredi,13:20,21,21231,0,0,2,3,3,1,1,4,1,02,1,1,000,075,1,5,1,4,1,60,5,1,2,00,2,1,1,200700008278B01,7,16,1
200700008279,2007-02-18,2007,février,dimanche,16:50,21,21231,0,0,2,1,3,1,1,2,2,04,1,1,000,140,1,0,1,4,1,60,5,1,2,00,2,1,1,200700008279B01,7,15,1
200700008294,2007-02-12,2007,février,lundi,83:0,22,22360,0,0,2,2,3,1,1,4,2,02,1,1,000,070,1,5,1,3,1,12,0,1,2,14,0,1,19,200700008294A01,7,23,1
200700008336,2007-02-06,2007,février,mardi,55:5,26,26281,0,0,2,6,6,5,2,3,2,02,1,1,000,000,2,0,0,4,2,41,1,1,9,00,2,1,1,200700008336B01,7,9,1
200700008339,2007-02-27,2007,février,mardi,20:10,26,26281,0,0,2,1,6,5,8,3,2,02,1,1,000,070,1,0,1,3,2,28,1,1,9,00,2,1,1,200700008339B01,7,13,1
200700008340,2007-02-28,2007,février,mercredi,14:05,26,26281,0,0,2,1,6,1,1,2,2,02,1,1,000,080,1,0,1,4,1,26,1,1,9,00,2,8,15,200700008340B01,7,17,1
200700008342,2007-02-08,2007,février,jeudi,13:50,26,26058,0,0,2,6,3,1,2,4,2,02,1,2,000,000,2,0,1,4,2,52,1,1,2,00,2,7,1,200700008342B01,7,9,1
200700008358,2007-02-22,2007,février,jeudi,20:30,27,27375,0,0,2,2,3,5,1,4,2,02,1,1,000,000,1,0,1,4,1,49,3,1,9,00,2,3,1,200700008358A01,7,1,1
200700008365,2007-02-06,2007,février,mardi,90:0,28,28085,0,0,2,1,6,1,1,4,2,02,2,3,000,070,1,0,1,4,1,62,0,1,9,00,1,1,1,200700008365B01,,,
200700008406,2007-02-07,2007,février,mercredi,19:25,29,29232,0,0,1,1,2,3,3,4,3,04,1,1,000,180,2,0,1,2,1,28,5,1,2,00,2,4,1,200700008406B01,7,1,1
200700008423,2007-02-09,2007,février,vendredi,11:55,30,30189,0,0,2,2,3,1,1,4,-1,01,1,1,000,033,1,0,1,4,1,79,3,1,2,00,2,1,19,200700008423B01,7,1,1
200700008437,2007-02-19,2007,février,lundi,75:5,30,30189,43.83052,3.45699,2,2,6,1,1,4,1,01,1,1,000,036,1,0,1,4,1,42,9,1,2,00,2,1,1,200700008437A01,7,1,1
200700008448,2007-02-01,2007,février,jeudi,81:5,31,31069,0,0,2,6,3,1,1,3,1,01,2,-1,000,000,1,0,0,4,1,27,0,1,2,00,2,0,1,200700008448B01,7,16,1
200700008462,2007-02-05,2007,février,lundi,74:5,31,31555,0,0,2,1,3,1,8,4,1,03,1,1,000,075,1,0,1,4,2,20,9,1,9,00,2,8,19,200700008462B01,32,1,1
200700008479,2007-02-10,2007,février,samedi,14:15,31,31555,0,0,2,1,3,1,2,4,1,01,1,1,000,010,1,0,1,4,1,24,0,1,9,00,2,1,19,200700008479A01,7,1,1
200700008496,2007-02-15,2007,février,jeudi,15:30,31,31555,0,0,2,1,3,1,1,4,2,04,1,1,000,107,1,0,1,4,1,18,5,1,2,00,2,1,1,200700008496B01,7,15,1
200700008503,2007-02-18,2007,février,dimanche,19:10,31,31555,0,0,2,1,3,5,2,4,1,02,1,2,000,060,2,0,1,4,1,24,9,1,9,00,2,0,0,200700008503B01,7,15,1
200700008519,2007-02-26,2007,février,lundi,19:02,31,31555,0,0,2,1,1,2,1,4,2,02,2,1,000,060,1,0,5,4,1,49,9,1,9,00,9,1,1,200700008519A01,1,1,1
200700008519,2007-02-26,2007,février,lundi,19:02,31,31555,0,0,2,1,1,2,1,4,2,02,2,1,000,060,1,0,5,1,1,57,9,1,9,00,9,1,1,200700008519B01,1,1,1
200700008528,2007-02-07,2007,février,mercredi,16:15,32,32013,0,0,2,3,3,1,1,4,1,02,1,1,000,087,1,5,1,4,1,14,5,1,9,00,2,1,5,200700008528A01,7,2,1
200700008566,2007-02-12,2007,février,lundi,74:5,33,33063,0,0,2,2,3,2,2,4,2,04,1,1,000,000,1,0,1,4,1,17,0,1,2,00,2,1,1,200700008566A01,7,15,1
200700008573,2007-02-13,2007,février,mardi,11:40,33,33063,0,0,2,1,3,1,1,4,3,02,1,1,024,034,1,0,1,4,1,69,0,1,9,00,0,6,15,200700008573A01,7,1,1
200700008594,2007-02-21,2007,février,mercredi,11:15,33,33063,0,0,2,1,3,1,1,4,2,02,2,1,000,080,2,2,1,3,1,84,0,1,2,01,0,1,1,200700008594B01,7,22,1
200700008595,2007-02-21,2007,février,mercredi,20:45,33,33063,0,0,2,2,6,5,1,4,1,01,1,1,000,042,1,0,1,4,2,57,0,1,2,00,2,1,1,200700008595A01,7,5,2
200700008599,2007-02-20,2007,février,mardi,19:40,33,33318,0,0,2,6,1,5,1,4,1,02,1,1,000,067,1,0,1,4,1,29,0,1,2,00,2,2,1,200700008599B01,7,1,1
200700008621,2007-02-27,2007,février,mardi,85:5,33,33063,0,0,2,1,3,1,2,4,2,02,1,1,000,070,2,0,1,4,1,22,1,1,2,01,0,1,1,200700008621B01,7,22,1
200700008640,2007-02-02,2007,février,vendredi,14:45,34,34172,0,0,2,2,3,1,1,4,2,04,1,1,020,120,1,0,1,4,1,22,5,1,2,00,4,8,19,200700008640A01,38,1,1
200700008643,2007-02-01,2007,février,jeudi,85:3,34,34172,0,0,2,3,3,1,1,4,2,02,2,1,000,080,1,5,1,4,1,48,1,1,9,00,2,1,1,200700008643B01,7,15,1
200700008648,2007-02-05,2007,février,lundi,19:00,34,34172,43.63773,3.85956,2,3,1,5,8,4,2,02,2,3,000,066,1,0,1,4,1,22,0,1,9,00,2,1,1,200700008648B01,7,15,1
200700008663,2007-02-10,2007,février,samedi,16:17,34,34172,0,0,2,2,3,1,1,4,2,02,1,3,000,000,1,0,1,4,1,76,3,1,9,00,2,7,15,200700008663A01,7,1,1
200700008673,2007-02-19,2007,février,lundi,17:15,34,34172,0,0,2,1,3,1,1,4,2,02,2,1,000,060,1,0,4,4,1,7,2,1,9,00,2,1,1,200700008673B01,7,9,1
200700008682,2007-02-28,2007,février,mercredi,13:00,34,34172,0,0,2,1,7,1,1,4,1,02,1,1,000,070,1,0,1,4,2,34,0,1,2,00,0,0,1,200700008682A01,,,
200700008687,2007-02-01,2007,février,jeudi,11:30,35,35238,0,0,2,1,7,1,2,4,2,00,1,1,000,000,1,0,1,4,1,44,0,1,9,00,0,0,0,200700008687A01,,,
200700008688,2007-02-01,2007,février,jeudi,17:45,35,35055,0,0,1,6,3,2,2,3,3,04,1,-1,000,000,2,5,1,3,1,52,5,1,9,00,2,5,1,200700008688B01,7,9,1
200700008691,2007-02-03,2007,février,samedi,13:0,35,35238,0,0,2,1,6,5,1,4,1,00,1,1,000,000,1,0,1,3,1,23,0,1,9,01,0,1,1,200700008691A01,,,
200700008692,2007-02-03,2007,février,samedi,10:45,35,35238,0,0,2,6,3,1,1,4,-1,01,1,-1,000,000,1,0,1,4,1,56,5,1,9,00,2,1,1,200700008692B01,7,16,1
200700008711,2007-02-22,2007,février,jeudi,85:5,35,35238,0,0,2,6,3,1,1,4,2,00,1,2,000,000,2,0,1,4,1,37,0,1,2,00,2,1,2,200700008711B01,7,15,1
200700008714,2007-02-22,2007,février,jeudi,16:15,35,35238,0,0,2,8,3,1,1,4,2,02,1,1,000,000,1,5,1,4,2,31,4,1,2,00,2,1,18,200700008714B01,7,16,1
200700008718,2007-02-26,2007,février,lundi,14:50,35,35238,0,0,2,1,3,1,1,4,2,02,1,1,000,000,1,0,1,4,2,24,5,1,2,00,2,2,19,200700008718A01,7,1,1
200700008722,2007-02-28,2007,février,mercredi,14:20,35,35238,0,0,2,1,1,1,2,4,2,01,2,2,000,051,2,0,1,3,1,16,0,1,2,00,2,1,13,200700008722B01,7,2,1
200700008730,2007-02-05,2007,février,lundi,17:55,36,36044,0,0,2,3,3,1,1,4,3,05,1,1,000,000,1,0,1,4,1,37,9,1,9,00,2,1,1,200700008730B01,7,15,1
200700008803,2007-02-21,2007,février,mercredi,21:25,41,41018,0,0,2,1,3,5,1,4,1,02,1,1,000,000,1,0,1,4,1,41,5,1,9,00,2,1,1,200700008803A01,7,15,1
200700008821,2007-02-07,2007,février,mercredi,81:0,42,42071,0,0,2,2,3,1,1,3,2,02,1,1,000,140,1,0,1,4,2,53,1,1,9,00,2,1,1,200700008821B01,7,15,1
200700008823,2007-02-09,2007,février,vendredi,18:45,42,42071,0,0,2,5,3,5,1,3,2,02,1,1,000,068,1,0,1,4,1,37,5,1,9,00,2,7,12,200700008823A01,2,1,1
200700008849,2007-02-14,2007,février,mercredi,15:23,42,42218,0,0,2,1,2,1,1,4,2,04,1,1,000,120,1,0,1,4,1,16,5,1,2,00,2,1,1,200700008849A01,7,23,1
200700008867,2007-02-03,2007,février,samedi,12:30,44,44109,0,0,2,1,6,1,1,4,-1,00,-1,-1,000,000,-1,0,1,4,1,19,0,1,9,00,0,0,1,200700008867B01,31,0,1
200700008880,2007-02-16,2007,février,vendredi,13:50,44,44109,0,0,2,1,6,1,1,4,-1,00,1,1,000,000,1,0,1,3,2,35,0,1,9,00,1,1,1,200700008880A01,,,
200700008880,2007-02-16,2007,février,vendredi,13:50,44,44109,0,0,2,1,6,1,1,4,-1,00,1,1,000,000,1,0,1,3,2,23,0,0,0,00,1,1,1,200700008880A01,,,
200700008890,2007-02-26,2007,février,lundi,16:30,44,44109,0,0,2,1,6,1,1,4,3,02,2,3,000,000,1,0,5,4,1,52,1,1,9,00,2,0,1,200700008890B01,7,16,1
200700008906,2007-02-06,2007,février,mardi,17:55,45,45147,0,0,2,1,3,2,1,4,2,02,1,1,000,062,1,0,5,3,1,53,5,1,2,00,2,8,1,200700008906B01,7,9,1
200700008909,2007-02-09,2007,février,vendredi,84:0,45,45169,0,0,2,3,3,1,1,4,2,02,1,1,000,073,1,0,5,4,1,38,4,1,2,00,2,7,1,200700008909B01,7,15,1
200700008934,2007-02-01,2007,février,jeudi,13:15,49,49007,0,0,2,1,3,1,1,4,2,03,1,1,000,087,1,0,1,4,1,55,0,1,9,00,2,0,13,200700008934A01,2,17,1
200700008937,2007-02-02,2007,février,vendredi,75:8,49,49007,0,0,2,3,5,2,1,4,2,02,1,1,023,058,1,5,1,3,2,19,2,1,9,00,2,0,1,200700008937D01,7,15/1,4
200700008940,2007-02-03,2007,février,samedi,17:45,49,49267,0,0,2,2,3,2,1,4,2,02,1,1,000,060,1,5,1,4,2,20,0,1,9,00,2,8,1,200700008940B01,7,9,1
200700008948,2007-02-18,2007,février,dimanche,13:56,49,49007,0,0,2,1,3,1,1,4,2,06,1,1,000,126,1,0,1,3,2,21,0,1,9,00,2,0,11,200700008948A01,7,1,1
200700008953,2007-02-21,2007,février,mercredi,13:28,49,49007,0,0,2,2,6,1,1,4,2,04,1,1,000,138,1,5,1,4,1,62,0,1,9,00,1,1,15,200700008953B01,,,
200700008954,2007-02-22,2007,février,jeudi,95:3,49,49007,0,0,2,3,3,1,8,4,2,03,1,1,000,095,2,5,1,4,2,25,0,1,9,00,2,8,1,200700008954B01,7,16,1
200700008957,2007-02-26,2007,février,lundi,16:56,49,49007,0,0,2,1,7,1,1,4,2,04,1,3,000,120,1,0,1,4,2,30,5,1,9,00,0,0,0,200700008957A01,,,
200700009025,2007-02-06,2007,février,mardi,13:15,54,54395,0,0,2,1,3,1,1,4,2,04,1,1,000,000,1,0,4,4,1,45,1,1,9,00,2,3,1,200700009025A01,7,9,1
200700009033,2007-02-14,2007,février,mercredi,18:20,54,54395,0,0,2,2,3,5,1,4,1,02,1,1,000,000,2,0,1,4,1,22,0,1,9,00,2,1,1,200700009033B01,7,1,1
200700009043,2007-02-21,2007,février,mercredi,19:00,54,54304,0,0,2,1,3,5,1,4,1,02,2,1,000,000,1,0,1,4,1,52,3,1,2,00,2,2,21,200700009043B01,7,10,1
200700009059,2007-02-01,2007,février,jeudi,81:2,56,56121,0,0,2,6,3,5,2,9,2,02,1,1,000,000,2,0,1,4,1,20,9,1,9,00,2,1,1,200700009059B01,7,1,1
200700009062,2007-02-06,2007,février,mardi,64:9,56,56083,0,0,2,6,3,5,1,9,1,02,1,2,000,000,1,0,1,4,1,47,4,1,2,00,2,6,1,200700009062B01,7,1,1
200700009114,2007-02-02,2007,février,vendredi,93:0,57,57757,0,0,2,1,6,1,1,4,2,02,1,1,000,000,1,0,1,4,2,79,5,1,9,00,2,8,1,200700009114A01,7,1,1
200700009139,2007-02-06,2007,février,mardi,84:5,58,58194,0,0,2,3,1,1,2,4,2,02,2,3,000,075,2,0,1,4,2,62,1,1,9,00,2,1,23,200700009139B01,7,15,1
200700009145,2007-02-16,2007,février,vendredi,16:50,59,59017,0,0,2,7,3,1,8,4,1,02,1,1,000,000,1,0,1,4,1,6,5,1,9,00,2,7,2,200700009145A01,7,2,1
200700009163,2007-02-21,2007,février,mercredi,17:10,59,59588,0,0,2,1,3,1,1,4,2,02,1,1,000,120,1,5,1,3,1,12,5,1,9,00,1,7,15,200700009163A01,7,1,1
200700009167,2007-02-01,2007,février,jeudi,23:30,59,59350,0,0,2,3,3,5,1,4,2,02,1,1,000,120,1,0,1,4,1,26,1,1,4,00,2,1,1,200700009167B01,7,19,1
200700009168,2007-02-02,2007,février,vendredi,17:00,59,59350,0,0,2,2,3,1,1,4,2,02,1,1,000,080,1,0,1,4,1,45,1,1,4,00,2,1,17,200700009168A01,7,15,1
200700009171,2007-02-03,2007,février,samedi,16:25,59,59009,0,0,2,1,3,1,7,4,2,02,1,1,000,057,1,0,1,4,1,18,5,1,2,00,2,1,19,200700009171A01,7,1,1
200700009218,2007-02-20,2007,février,mardi,17:30,59,59392,0,0,2,1,3,1,1,3,1,01,1,2,000,054,1,0,1,3,1,77,5,1,2,00,2,8,13,200700009218B01,7,17,1
200700009224,2007-02-09,2007,février,vendredi,21:50,59,59512,0,0,2,3,3,5,1,4,2,01,1,1,000,000,1,0,1,3,1,21,9,1,2,00,2,1,1,200700009224B01,7,15,1
200700009252,2007-02-27,2007,février,mardi,21:10,59,59152,0,0,1,1,2,5,3,4,2,02,1,3,000,060,2,0,1,3,2,60,0,1,4,00,2,0,1,200700009252A01,7,0,1
200700009268,2007-02-02,2007,février,vendredi,95:5,60,60463,0,0,2,1,3,1,1,4,2,02,1,1,000,060,1,0,1,4,2,14,2,0,0,00,2,1,0,200700009268A01,7,0,1
200700009270,2007-02-22,2007,février,jeudi,16:40,60,60414,0,0,2,3,7,1,2,4,2,02,1,1,000,090,2,0,1,3,1,39,5,1,9,00,2,1,0,200700009270B01,7,16,1
200700009297,2007-02-25,2007,février,dimanche,19:15,62,62244,0,0,2,9,6,5,1,4,2,02,1,1,000,100,1,0,1,4,1,17,5,1,9,00,2,1,1,200700009297C01,7/ 30,15/1,2