Num_Acc,date,an,mois,jour,hrmn,dep,com,lat,long,agg,int,col,lum,atm,catr,circ,nbv,prof,plan,lartpc,larrout,surf,infra,situ,grav,sexe,age,trajet,secuexist,equipement,obs,obsm,choc,manv,vehiculeid,typevehicules,manoeuvehicules,numVehicules
200700009326,2007-02-05,2007,février,lundi,11:10,63,63113,0,0,2,6,6,1,1,4,2,02,1,1,000,000,1,0,1,4,1,27,9,1,2,00,2,1,0,200700009326B01,7,0,1
200700009373,2007-02-16,2007,février,vendredi,20:36,64,64024,0,0,2,1,6,4,1,5,-1,02,1,1,000,070,1,0,4,1,1,20,5,1,9,00,1,1,0,200700009373A01,,,
200700009395,2007-02-09,2007,février,vendredi,20:00,64,64445,0,0,2,3,3,5,2,4,2,02,1,1,000,096,2,0,1,4,2,58,9,1,9,00,2,1,1,200700009395A01,7,15,1
200700009422,2007-02-02,2007,février,vendredi,16:05,65,65047,0,0,2,3,3,1,1,4,2,02,1,1,000,067,1,0,1,4,1,69,9,1,2,00,0,5,1,200700009422B01,7,1,1
200700009424,2007-02-05,2007,février,lundi,19:45,65,65440,0,0,2,2,3,5,2,4,1,01,1,1,000,060,2,0,1,4,1,20,9,1,4,00,0,7,1,200700009424A01,7,1,1
200700009427,2007-02-09,2007,février,vendredi,75:0,65,65440,0,0,2,3,3,1,3,4,2,03,1,2,000,136,2,0,1,3,1,26,9,1,4,00,2,1,1,200700009427B01,7,15,1
200700009428,2007-02-09,2007,février,vendredi,17:35,65,65440,0,0,2,2,3,1,1,4,2,02,1,1,000,150,1,0,1,3,2,43,9,1,2,00,2,1,15,200700009428A01,7,1,1
200700009443,2007-02-16,2007,février,vendredi,13:50,66,66136,0,0,2,6,2,1,1,4,1,01,1,2,000,080,1,0,1,3,1,65,5,1,9,00,2,6,15,200700009443B01,7,17,1
200700009456,2007-02-08,2007,février,jeudi,74:5,67,67482,0,0,2,1,3,1,8,4,3,04,1,1,135,200,2,5,1,4,2,23,5,1,9,00,2,1,19,200700009456A01,7,1,1
200700009471,2007-02-16,2007,février,vendredi,10:15,67,67482,0,0,2,1,3,1,1,4,2,02,1,1,000,120,1,0,1,3,1,56,1,1,2,00,2,1,1,200700009471B01,7,22,1
200700009473,2007-02-18,2007,février,dimanche,25:,67,67482,0,0,2,1,6,5,1,4,3,02,1,1,000,120,1,0,5,1,1,21,5,1,9,00,9,0,13,200700009473A01,1,17,1
200700009473,2007-02-18,2007,février,dimanche,25:,67,67482,0,0,2,1,6,5,1,4,3,02,1,1,000,120,1,0,5,4,1,36,5,1,9,00,9,1,17,200700009473B01,1,13,1
200700009475,2007-02-21,2007,février,mercredi,13:55,67,67482,0,0,2,3,3,1,1,4,3,02,1,1,050,160,1,0,1,3,2,32,5,1,9,00,2,3,1,200700009475B01,7,15,1
200700009483,2007-02-02,2007,février,vendredi,11:50,68,68066,0,0,2,2,3,2,1,4,2,02,1,1,000,108,1,0,1,3,1,34,1,1,2,00,2,0,5,200700009483B01,7,16,1
200700009485,2007-02-07,2007,février,mercredi,85:0,68,68066,0,0,2,2,3,1,1,4,1,01,1,1,000,060,1,0,1,3,1,74,5,1,9,00,2,2,1,200700009485B01,7,1,1
200700009488,2007-02-22,2007,février,jeudi,16:00,68,68066,0,0,2,1,6,1,1,4,2,02,1,1,000,072,1,0,5,3,2,64,5,1,2,00,1,1,1,200700009488A01,,,
200700009509,2007-02-16,2007,février,vendredi,10:55,68,68166,0,0,2,2,3,1,1,3,3,02,1,1,000,000,1,0,1,3,1,26,1,1,4,00,2,7,1,200700009509B01,7,1,1
200700009510,2007-02-12,2007,février,lundi,71:0,69,69029,0,0,2,1,3,5,8,4,4,04,1,1,000,070,1,0,1,4,1,51,1,1,4,00,2,1,1,200700009510B01,7,9,1
200700009537,2007-02-08,2007,février,jeudi,13:05,69,69290,0,0,2,6,3,1,1,4,2,02,1,-1,000,000,2,5,1,4,1,60,5,1,2,00,2,2,1,200700009537B01,7,1,1
200700009538,2007-02-09,2007,février,vendredi,18:10,69,69290,0,0,2,1,3,5,1,4,3,02,2,1,000,034,1,0,4,4,1,12,5,1,9,00,2,1,1,200700009538A01,7,1,1
200700009564,2007-02-02,2007,février,vendredi,14:05,72,72181,0,0,2,2,2,1,1,9,2,02,1,1,000,048,1,0,1,4,1,43,9,1,2,00,0,1,1,200700009564B01,7,1,1
200700009592,2007-02-14,2007,février,mercredi,22:15,73,73008,0,0,2,1,7,5,3,4,2,02,1,1,000,080,2,0,1,3,1,29,5,1,2,00,0,1,1,200700009592A01,,,
200700009625,2007-02-03,2007,février,samedi,15:30,75,75016,0,0,2,3,6,1,1,4,2,03,1,1,000,090,1,0,1,4,1,62,5,1,2,00,2,2,1,200700009625B01,7,0,1
200700009648,2007-02-04,2007,février,dimanche,13:35,75,75004,0,0,2,1,6,1,1,4,1,02,1,1,000,060,1,6,1,1,2,23,5,0,0,00,1,1,1,200700009648A01,,,
200700009656,2007-02-01,2007,février,jeudi,16:35,75,75019,0,0,2,1,7,1,1,4,2,02,1,1,000,060,1,0,1,4,1,28,5,0,0,00,0,0,21,200700009656A01,,,
200700009669,2007-02-05,2007,février,lundi,16:45,75,75011,0,0,2,1,3,1,8,4,1,01,1,1,000,030,1,0,1,4,2,24,5,0,0,00,2,3,18,200700009669B01,7,22,1
200700009675,2007-02-02,2007,février,vendredi,93:0,75,75015,0,0,2,2,3,1,1,4,2,02,1,1,000,060,1,0,1,4,1,13,9,0,0,00,2,3,18,200700009675A01,14,1,1
200700009684,2007-02-06,2007,février,mardi,12:45,75,75016,0,0,2,1,3,1,1,4,2,02,1,1,000,060,1,0,1,4,1,58,4,0,0,00,2,2,1,200700009684B01,7,22,1
200700009692,2007-02-05,2007,février,lundi,17:30,75,75017,0,0,2,1,6,5,1,4,1,02,1,1,000,060,1,0,1,1,1,29,5,0,0,00,1,1,7,200700009692A01,,,
200700009706,2007-02-07,2007,février,mercredi,85:5,75,75003,0,0,2,1,3,1,4,4,1,01,1,1,000,030,5,0,1,4,1,39,4,0,0,00,2,2,1,200700009706B01,7,22,1
200700009798,2007-02-05,2007,février,lundi,18:50,75,75017,0,0,2,2,6,5,1,4,2,04,1,1,000,120,1,0,1,1,1,44,5,0,0,00,1,1,1,200700009798A01,,,
200700009799,2007-02-04,2007,février,dimanche,16:10,75,75012,0,0,2,1,6,1,1,4,1,04,1,1,000,120,1,0,1,4,1,61,5,0,0,14,0,2,21,200700009799A01,,,
200700009820,2007-02-11,2007,février,dimanche,18:30,75,75011,0,0,2,1,3,5,2,4,2,04,1,1,000,120,2,0,1,4,2,37,5,0,0,00,2,1,1,200700009820B01,7,22,1
200700009823,2007-02-12,2007,février,lundi,17:45,75,75001,0,0,2,3,3,1,2,4,1,01,1,1,000,030,2,0,1,1,2,35,5,0,0,00,2,6,15,200700009823B01,2,5,1
200700009839,2007-02-17,2007,février,samedi,17:50,75,75011,0,0,2,1,3,5,1,4,2,04,1,1,000,120,1,0,1,4,1,51,5,0,0,00,2,1,1,200700009839B01,7,10,1
200700009846,2007-02-05,2007,février,lundi,17:45,75,75010,0,0,2,1,3,2,1,4,1,02,1,1,000,060,1,0,1,4,2,30,5,0,0,00,2,2,1,200700009846B01,4,9,1
200700009852,2007-02-09,2007,février,vendredi,14:10,75,75010,0,0,2,3,3,1,1,4,1,02,1,3,000,060,1,0,1,4,2,32,5,0,0,00,2,3,1,200700009852B01,7,12,1
200700009854,2007-02-09,2007,février,vendredi,19:10,75,75020,0,0,2,1,6,5,2,4,2,02,1,2,000,060,2,0,1,1,1,26,5,0,0,00,1,1,1,200700009854A01,,,
200700009865,2007-02-12,2007,février,lundi,93:0,75,75017,0,0,2,3,3,1,2,4,2,04,1,1,000,120,2,0,1,4,2,28,4,0,0,00,2,3,15,200700009865B01,14,1,1
200700009867,2007-02-12,2007,février,lundi,16:30,75,75004,0,0,2,2,6,1,2,4,1,04,1,1,000,120,2,0,1,1,1,21,9,0,0,00,1,1,1,200700009867A01,,,
200700009927,2007-02-16,2007,février,vendredi,16:05,75,75005,0,0,2,2,6,1,1,4,1,01,1,1,000,030,1,0,1,4,1,19,5,0,0,01,0,1,21,200700009927A01,,,
200700009937,2007-02-20,2007,février,mardi,11:10,75,75016,0,0,2,2,3,1,1,4,2,04,1,1,000,120,1,0,1,4,1,39,4,0,0,00,2,4,1,200700009937B01,7,1,1
200700009951,2007-02-19,2007,février,lundi,20:30,75,75016,0,0,2,1,7,5,1,4,1,01,1,1,000,030,1,0,1,4,1,38,5,0,0,00,0,0,1,200700009951A01,,,
200700009955,2007-02-16,2007,février,vendredi,1:,75,75010,0,0,2,2,3,5,1,4,1,01,1,1,000,030,1,0,1,4,2,26,5,1,2,00,2,1,5,200700009955A01,7,1,1
200700009960,2007-02-21,2007,février,mercredi,90:0,75,75013,0,0,2,2,3,1,2,4,2,06,1,1,000,180,2,0,1,4,1,40,4,0,0,00,2,6,15,200700009960A01,7,1,1
200700009961,2007-02-01,2007,février,jeudi,13:32,75,75012,0,0,2,2,3,1,1,4,2,04,1,1,000,120,1,0,1,4,1,29,5,0,0,00,2,1,1,200700009961B01,7,15,1
200700009977,2007-02-17,2007,février,samedi,12:00,75,75012,0,0,2,1,6,1,1,4,1,02,1,1,000,060,1,0,1,1,1,45,5,0,0,00,2,1,1,200700009977A01,1,1,1
200700009977,2007-02-17,2007,février,samedi,12:00,75,75012,0,0,2,1,6,1,1,4,1,02,1,1,000,060,1,0,1,1,1,36,5,0,0,00,2,4,1,200700009977B01,1,1,1
200700010005,2007-02-21,2007,février,mercredi,20:50,75,75009,0,0,2,1,6,5,1,4,1,02,1,1,000,060,1,0,1,1,1,27,5,0,0,00,1,1,1,200700010005A01,,,
200700010016,2007-02-22,2007,février,jeudi,75:5,75,75014,0,0,2,1,3,1,1,4,2,04,1,1,000,120,1,0,1,4,1,32,1,0,0,00,2,6,1,200700010016B01,7,12,1
200700010036,2007-02-13,2007,février,mardi,22:50,75,75017,0,0,2,2,3,5,1,4,1,01,1,1,000,030,1,0,1,4,1,38,5,0,0,00,2,2,1,200700010036A01,5,1,1
200700010095,2007-02-27,2007,février,mardi,20:00,75,75010,0,0,2,1,6,5,2,4,1,02,1,1,000,060,2,0,1,1,1,35,4,0,0,00,1,1,1,200700010095A01,,,
200700010123,2007-02-28,2007,février,mercredi,18:55,75,75004,0,0,2,1,2,5,2,4,1,03,1,1,000,090,2,0,1,4,1,54,5,0,0,00,2,4,1,200700010123B01,5,1,1
200700010129,2007-02-28,2007,février,mercredi,83:5,75,75015,0,0,2,2,4,1,1,4,1,02,1,1,000,060,1,0,1,4,1,49,5,0,0,00,2,3,1,200700010129C01,7/ 5,15/1,2
200700010181,2007-02-01,2007,février,jeudi,93:5,75,75003,0,0,2,3,3,1,1,4,2,04,1,1,000,120,2,0,1,3,2,26,1,0,0,00,2,3,7,200700010181B01,14,16,1
200700010246,2007-02-19,2007,février,lundi,16:35,76,76351,0,0,2,1,7,1,1,4,2,02,1,1,000,000,2,0,1,4,1,14,5,1,9,12,0,1,1,200700010246A01,,,
200700010294,2007-02-01,2007,février,jeudi,95:5,77,77284,0,0,1,1,3,1,1,3,2,03,1,1,000,090,1,0,1,4,1,39,5,1,2,00,2,8,11,200700010294A01,14,17,1
200700010320,2007-02-04,2007,février,dimanche,14:00,77,77390,0,0,2,7,6,1,1,4,-1,01,1,-1,000,040,1,0,1,3,1,52,5,1,2,00,1,1,16,200700010320A01,,,
200700010322,2007-02-15,2007,février,jeudi,16:15,77,77374,0,0,1,6,3,1,1,3,1,02,1,-1,250,093,1,0,1,3,2,73,5,1,2,00,2,4,2,200700010322B01,7,2,1
200700010325,2007-02-21,2007,février,mercredi,17:05,77,77373,0,0,2,1,3,1,1,4,2,02,1,1,000,000,1,0,4,3,1,22,1,1,2,00,2,1,1,200700010325B01,7,15,1
200700010327,2007-02-22,2007,février,jeudi,13:35,77,77373,0,0,2,1,2,1,1,4,1,02,1,2,000,000,-1,0,1,4,1,26,1,1,2,00,2,4,1,200700010327B01,7,15,1
200700010341,2007-02-21,2007,février,mercredi,71:0,78,78383,0,0,2,6,3,2,2,4,3,04,1,1,100,070,2,5,0,4,1,19,2,1,4,00,2,7,1,200700010341B01,7,1,1
200700010365,2007-02-18,2007,février,dimanche,13:05,78,78440,0,0,2,3,6,1,1,4,1,01,1,1,000,000,1,0,1,4,1,47,5,0,0,00,0,6,0,200700010365B01,7,0,1
200700010424,2007-02-16,2007,février,vendredi,73:5,80,80001,0,0,2,6,3,5,1,2,1,02,1,-1,000,095,1,0,1,3,1,38,1,1,4,00,0,5,16,200700010424B01,7,9,1
200700010450,2007-02-22,2007,février,jeudi,12:50,80,80021,0,0,2,1,3,1,1,4,1,01,1,1,000,032,1,0,1,4,1,20,5,1,9,01,0,1,1,200700010450B01,7,24,1
200700010451,2007-02-23,2007,février,vendredi,18:25,80,80021,0,0,2,1,7,2,1,4,1,01,1,1,000,030,1,0,3,4,1,27,1,1,9,16,0,1,16,200700010451A01,,,
200700010452,2007-02-24,2007,février,samedi,10:10,80,80131,0,0,1,1,2,1,3,3,2,02,1,1,000,080,2,0,1,4,1,49,5,1,9,00,2,4,1,200700010452B01,7,1,1
200700010454,2007-02-23,2007,février,vendredi,19:00,80,80021,0,0,2,1,6,2,1,4,1,01,1,1,000,030,1,0,3,4,1,56,5,1,9,16,0,1,1,200700010454A01,,,
200700010460,2007-02-09,2007,février,vendredi,17:30,81,81065,0,0,2,3,3,1,1,4,2,00,1,1,000,000,1,0,1,4,1,17,9,1,9,00,2,1,1,200700010460A01,7,1,1
200700010471,2007-02-01,2007,février,jeudi,95:0,81,81021,0,0,2,2,3,1,2,3,2,02,1,1,000,080,2,0,1,4,1,46,5,1,2,00,2,8,15,200700010471B01,7,15,1
200700010523,2007-02-15,2007,février,jeudi,83:0,83,83090,0,0,1,1,3,1,1,4,2,01,2,4,000,045,9,0,1,4,1,31,5,1,2,00,2,2,1,200700010523A01,10,23,1
200700010548,2007-02-14,2007,février,mercredi,64:5,84,84007,0,0,1,1,6,2,1,4,2,02,1,1,000,060,-1,0,1,4,1,39,1,1,9,00,2,3,1,200700010548B01,7,1,1
200700010557,2007-02-22,2007,février,jeudi,17:45,84,84007,0,0,2,1,3,2,1,3,2,02,1,1,000,080,1,0,1,4,1,29,1,1,9,00,2,1,1,200700010557B01,7,15,1
200700010568,2007-02-26,2007,février,lundi,19:15,84,84087,0,0,1,1,6,3,1,4,2,02,1,1,000,060,1,0,1,2,1,30,5,1,9,00,2,4,23,200700010568B01,10,1,1
200700010574,2007-02-11,2007,février,dimanche,14:30,85,85191,0,0,1,1,2,1,1,3,2,02,1,1,000,063,1,0,1,3,1,62,5,1,2,00,2,4,2,200700010574A01,7,0,1
200700010590,2007-02-04,2007,février,dimanche,16:30,86,86194,0,0,2,2,1,1,1,4,2,02,1,3,000,052,1,0,1,4,1,29,9,1,2,00,2,1,1,200700010590B01,7,15,1
200700010597,2007-02-15,2007,février,jeudi,17:15,86,86214,0,0,1,1,2,1,1,3,2,02,3,1,000,067,1,0,1,4,1,53,5,1,2,00,2,4,2,200700010597B01,7,1,1
200700010606,2007-02-03,2007,février,samedi,15:15,87,87085,0,0,2,1,6,1,1,2,2,02,1,1,000,060,1,0,1,4,1,46,5,1,2,00,0,0,0,200700010606A01,,,
200700010628,2007-02-19,2007,février,lundi,13:58,87,87075,0,0,1,2,3,1,1,4,2,02,-1,1,000,047,1,0,1,4,1,60,5,1,2,00,2,1,1,200700010628B01,7,9,1
200700010663,2007-02-27,2007,février,mardi,19:05,89,89387,0,0,2,6,3,5,2,3,1,01,1,2,000,000,1,5,1,4,2,49,5,1,4,00,2,8,1,200700010663B01,7,16,1
200700010688,2007-02-15,2007,février,jeudi,10:30,91,91657,0,0,2,2,3,1,1,4,-1,00,1,1,000,000,1,0,1,4,1,81,5,1,9,00,2,0,0,200700010688B01,7,0,1
200700010713,2007-02-04,2007,février,dimanche,12:10,91,91645,0,0,2,1,3,1,1,3,2,02,1,1,000,096,1,0,1,2,1,59,5,1,9,00,1,8,19,200700010713B01,7,1,1
200700010720,2007-02-02,2007,février,vendredi,18:08,91,91570,0,0,2,1,6,5,1,4,2,02,1,1,000,000,1,0,1,4,1,32,9,1,9,00,0,8,19,200700010720B01,37,1,1
200700010723,2007-02-03,2007,février,samedi,15:20,92,92002,0,0,2,2,6,1,1,4,3,02,1,1,000,121,1,0,1,4,2,42,0,1,2,00,2,7,19,200700010723B01,7,1,1
200700010732,2007-02-18,2007,février,dimanche,35:,92,92014,0,0,2,1,6,5,1,3,2,04,1,1,000,160,1,0,1,4,1,18,5,1,4,00,0,0,0,200700010732B01,7,17,1
200700010751,2007-02-20,2007,février,mardi,81:5,92,92007,0,0,2,2,3,1,1,3,2,02,1,1,000,120,1,0,1,4,1,33,1,1,9,00,2,1,1,200700010751B01,7,15,1
200700010789,2007-02-13,2007,février,mardi,16:00,92,92026,0,0,2,2,3,1,1,3,3,04,1,1,000,138,1,0,1,4,1,15,2,1,9,00,2,3,1,200700010789A01,7,1,1
200700010790,2007-02-14,2007,février,mercredi,18:50,92,92026,0,0,2,1,2,5,2,3,3,04,1,1,000,000,2,0,1,4,1,41,5,1,9,00,2,4,2,200700010790B01,7,2,1
200700010794,2007-02-21,2007,février,mercredi,13:45,92,92035,0,0,2,9,3,1,1,3,2,02,1,1,000,000,1,0,1,3,1,62,5,1,9,00,2,3,1,200700010794B01,20,16,1
200700010799,2007-02-11,2007,février,dimanche,10:05,92,92036,0,0,2,1,3,1,1,3,1,01,1,1,000,060,1,0,1,4,1,26,5,1,9,01,0,7,1,200700010799B01,7,22,1
200700010810,2007-02-06,2007,février,mardi,14:20,92,92044,0,0,2,2,6,1,1,4,1,01,1,1,000,000,1,0,1,4,2,34,9,1,9,00,2,4,1,200700010810B01,99,16,1
200700010840,2007-02-21,2007,février,mercredi,18:25,92,92050,0,0,2,2,3,5,1,2,2,02,2,1,000,060,1,0,1,4,1,26,1,1,2,00,2,1,1,200700010840B01,7,15,1
200700010876,2007-02-08,2007,février,jeudi,16:45,92,92075,0,0,2,2,3,1,3,3,2,00,1,2,000,074,2,0,1,4,1,71,5,1,9,00,2,1,1,200700010876B01,7,15,1
200700010878,2007-02-15,2007,février,jeudi,82:5,92,92046,0,0,2,2,3,1,1,4,2,02,1,1,000,000,1,0,1,4,1,13,2,1,9,00,2,1,1,200700010878B01,7,1,1
200700010896,2007-02-20,2007,février,mardi,14:55,93,93005,0,0,2,1,3,1,1,4,2,02,1,1,000,080,1,0,1,3,1,78,0,1,9,00,0,1,0,200700010896B01,7,0,1
200700010911,2007-02-18,2007,février,dimanche,18:10,93,93008,0,0,2,3,3,1,1,4,1,01,1,3,000,050,1,0,1,4,1,18,5,1,2,00,0,1,0,200700010911B01,7,16,1
200700010984,2007-02-28,2007,février,mercredi,17:40,93,93048,0,0,2,1,6,1,1,3,2,02,2,1,000,050,2,0,1,4,1,48,9,1,2,01,0,0,0,200700010984B01,7,24,1
200700011013,2007-02-20,2007,février,mardi,72:5,93,93055,0,0,2,3,3,2,1,2,2,02,1,-1,000,150,1,5,1,4,1,49,1,1,9,00,0,0,0,200700011013A01,7,15,1
200700011029,2007-02-12,2007,février,lundi,18:10,93,93066,0,0,2,2,3,5,2,9,1,02,1,-1,060,060,2,0,1,4,1,38,1,1,9,00,0,8,0,200700011029B01,7,0,1
200700011036,2007-02-21,2007,février,mercredi,16:15,93,93066,0,0,2,9,2,1,1,4,1,04,2,1,000,120,1,0,1,4,1,27,5,1,2,00,2,1,2,200700011036B01,7,2,1
200700011075,2007-02-05,2007,février,lundi,10:00,94,94075,0,0,2,1,2,1,2,4,2,02,2,1,000,050,2,0,1,4,1,18,1,1,9,00,2,1,2,200700011075A01,7,2,1
200700011084,2007-02-11,2007,février,dimanche,16:00,94,94017,0,0,2,1,3,1,1,3,2,02,1,2,000,000,1,0,1,4,2,9,5,1,2,00,0,3,1,200700011084B01,7,0,1
200700011094,2007-02-06,2007,février,mardi,12:05,94,94069,0,0,2,2,3,1,1,4,1,01,1,1,000,054,1,0,1,4,1,68,5,1,2,00,2,1,1,200700011094B01,7,2,1
200700011165,2007-02-02,2007,février,vendredi,19:50,94,94041,0,0,2,1,2,3,1,2,2,02,4,1,074,074,2,0,1,3,1,33,0,1,2,00,2,4,3,200700011165B01,7,1,1
200700011182,2007-02-04,2007,février,dimanche,11:20,94,94042,0,0,2,1,2,1,1,4,2,00,2,1,000,038,1,0,1,4,1,43,5,1,9,00,2,4,1,200700011182B01,7,1,1
200700011216,2007-02-15,2007,février,jeudi,80:0,94,94080,0,0,2,3,2,1,1,2,2,04,-1,-1,000,000,1,0,1,4,2,48,1,1,9,00,2,4,0,200700011216B01,7,0,1
200700011252,2007-02-03,2007,février,samedi,14:00,95,95252,0,0,2,1,2,1,1,4,2,02,1,1,000,055,1,0,1,4,2,75,5,1,2,00,2,1,1,200700011252B01,7,4,1
200700011259,2007-02-25,2007,février,dimanche,10:30,95,95491,0,0,2,1,6,1,1,4,2,02,2,1,000,050,1,0,0,3,1,40,4,1,2,00,1,1,1,200700011259A01,,,
200700011259,2007-02-25,2007,février,dimanche,10:30,95,95491,0,0,2,1,6,1,1,4,2,02,2,1,000,050,1,0,0,4,2,36,5,0,0,00,1,1,1,200700011259A01,,,
200700011271,2007-02-21,2007,février,mercredi,17:40,95,95487,0,0,2,1,3,1,1,4,2,02,1,1,000,031,1,0,1,4,1,7,5,1,9,00,2,3,1,200700011271B01,7,1,1
200700011396,2007-02-17,2007,février,samedi,34:5,95,95527,0,0,1,1,2,3,1,1,1,03,1,1,015,105,1,0,1,2,1,29,9,1,9,00,0,4,2,200700011396B01,15,2,1
200700011593,2007-02-05,2007,février,lundi,12:20,69,69386,0,0,2,1,6,1,7,4,2,05,1,1,000,000,1,0,4,1,1,24,5,1,9,00,1,1,1,200700011593A01,,,
200700011600,2007-02-15,2007,février,jeudi,93:0,69,69383,0,0,2,1,3,1,1,4,1,04,1,1,000,000,1,0,1,4,2,24,1,1,9,00,2,1,1,200700011600B01,10,16,1
200700011601,2007-02-15,2007,février,jeudi,12:30,69,69386,0,0,2,2,3,1,1,4,3,00,1,1,000,000,1,0,1,4,1,49,1,1,9,00,2,7,19,200700011601A01,7,1,1
200700011606,2007-02-20,2007,février,mardi,16:05,69,69383,0,0,2,2,1,1,1,4,2,02,1,1,000,000,1,0,1,4,2,31,9,1,9,00,2,1,1,200700011606B01,7,1,1
200700011650,2007-02-28,2007,février,mercredi,15:45,69,69385,0,0,2,1,7,1,1,3,3,04,2,2,000,000,8,0,1,3,1,35,0,1,4,00,0,7,1,200700011650A01,,,
200700011674,2007-02-15,2007,février,jeudi,16:00,69,69388,0,0,2,1,3,1,1,4,2,01,1,1,000,000,1,0,4,4,2,42,0,1,2,00,2,7,0,200700011674B01,7,1,1
200700011700,2007-02-01,2007,février,jeudi,74:8,69,69389,0,0,2,1,3,2,1,4,2,02,1,1,000,046,1,0,1,3,1,37,4,1,2,00,2,0,0,200700011700B01,30,0,1
200700011705,2007-02-10,2007,février,samedi,10:0,69,69389,0,0,2,2,3,5,1,4,2,02,1,1,000,000,1,0,1,1,1,19,2,1,2,00,2,3,1,200700011705A01,33,2,1
200700011765,2007-02-07,2007,février,mercredi,11:55,18,18033,0,0,2,2,3,1,1,2,2,02,1,1,000,050,1,0,1,4,1,53,3,1,9,00,2,8,1,200700011765B01,14,1,1
200700011768,2007-02-12,2007,février,lundi,11:20,18,18033,0,0,2,2,3,1,1,4,1,01,2,1,000,070,2,0,1,4,1,40,0,1,9,00,2,1,2,200700011768A01,7,1,1
200700011799,2007-01-12,2007,janvier,vendredi,91:5,92,92012,0,0,2,1,1,1,1,3,2,02,1,1,000,100,1,0,1,4,2,38,1,1,9,00,2,7,1,200700011799B01,7,9,1
200700011891,2007-03-25,2007,mars,dimanche,11:15,80,80826,50.122,1.483,1,1,1,1,6,3,1,02,2,1,000,075,1,0,3,3,1,53,5,1,2,00,0,4,13,200700011891B02,7,17,1
200700011941,2007-03-24,2007,mars,samedi,15:00,60,60026,0,0,2,2,3,1,2,4,2,02,1,1,000,061,2,0,1,2,1,76,5,0,0,00,2,1,1,200700011941A01,21,1,1
200700011946,2007-03-27,2007,mars,mardi,17:00,60,60374,49.552,2.48,1,1,3,1,1,3,2,02,1,1,000,070,1,0,1,3,1,56,5,1,2,00,2,3,1,200700011946B02,10,17,1
200700011952,2007-03-09,2007,mars,vendredi,19:30,60,60398,0,0,2,1,2,5,1,3,2,00,1,1,000,060,1,0,1,3,1,19,1,0,0,00,0,4,1,200700011952B02,7,1,1
200700011961,2007-03-02,2007,mars,vendredi,81:5,76,76513,0,0,2,1,2,1,1,3,2,02,1,3,000,048,1,0,1,3,2,75,5,1,2,00,0,4,1,200700011961A01,10,17,1
200700011967,2007-03-08,2007,mars,jeudi,93:0,76,76693,0,0,2,2,3,1,1,4,2,02,4,1,000,062,1,0,1,3,1,72,3,0,0,00,2,1,1,200700011967A01,10,1,1
200700011972,2007-03-02,2007,mars,vendredi,13:00,76,76303,49.557,0.351,1,2,1,1,1,3,2,00,-1,1,000,066,1,0,1,4,1,42,5,0,0,00,0,8,19,200700011972B02,7,19,1
200700011997,2007-03-12,2007,mars,lundi,12:30,27,27365,0,0,2,1,1,1,1,4,2,00,1,1,000,000,1,0,1,4,2,2007,2,0,0,00,0,0,0,200700011997A01,15,2,1
200700012009,2007-03-15,2007,mars,jeudi,17:30,35,35363,0,0,1,1,1,1,1,3,-1,00,-1,-1,000,000,1,0,1,3,1,65,5,0,0,00,2,1,1,200700012009B02,7,15,1
200700012035,2007-03-15,2007,mars,jeudi,18:15,22,22162,48.768,-3.075,1,2,3,1,7,3,2,02,1,2,000,075,1,5,1,3,1,48,5,1,2,00,2,1,1,200700012035A01,7,19,1
200700012046,2007-03-05,2007,mars,lundi,19:00,22,22110,0,0,1,1,1,1,1,3,2,00,4,2,000,000,1,2,1,3,1,51,5,0,0,00,2,1,1,200700012046B02,7,1,1
200700012062,2007-03-10,2007,mars,samedi,18:00,29,29210,48.581,-3.993,1,2,3,1,7,3,2,02,2,1,000,076,1,5,1,3,1,49,5,1,2,00,2,1,1,200700012062A01,7,19,1
200700012065,2007-03-22,2007,mars,jeudi,12:45,56,56206,0,0,1,1,2,1,1,3,2,00,-1,1,000,071,1,0,5,3,1,50,1,0,0,00,2,6,1,200700012065B02,7,14,1
200700012079,2007-03-03,2007,mars,samedi,17:30,56,56190,0,0,1,1,3,1,1,3,2,02,2,1,000,064,1,0,1,3,1,65,5,1,2,00,2,1,1,200700012079B02,7,15,1
200700012142,2007-03-12,2007,mars,lundi,17:45,44,44150,47.128,-1.621,2,1,3,1,1,3,2,02,1,1,000,061,1,0,1,3,2,15,3,0,0,00,2,8,0,200700012142B02,33,19,1
200700012151,2007-03-27,2007,mars,mardi,15:15,44,44103,0,0,1,1,2,1,1,3,2,03,2,1,000,105,1,2,1,2,2,62,5,0,0,00,2,4,2,200700012151B02,17,2,1
200700012159,2007-03-27,2007,mars,mardi,84:5,49,49223,47.408,-0.529,2,1,3,1,1,4,2,00,-1,1,000,055,1,5,1,4,1,10,2,0,0,00,2,3,16,200700012159A01,7,1,1
200700012240,2007-03-03,2007,mars,samedi,20:15,33,33402,0,0,2,1,2,5,2,3,2,02,-1,1,000,079,2,0,1,3,1,26,5,1,2,00,0,4,23,200700012240B02,7,1,1