Num_Acc,date,an,mois,jour,hrmn,dep,com,lat,long,agg,int,col,lum,atm,catr,circ,nbv,prof,plan,lartpc,larrout,surf,infra,situ,grav,sexe,age,trajet,secuexist,equipement,obs,obsm,choc,manv,vehiculeid,typevehicules,manoeuvehicules,numVehicules
200700012343,2007-03-18,2007,mars,dimanche,94:5,17,17003,0,0,1,2,5,1,1,3,2,02,1,1,000,060,1,5,1,4,1,48,3,0,0,00,2,1,1,200700012343B02,14,1,1
200700012343,2007-03-18,2007,mars,dimanche,94:5,17,17003,0,0,1,2,5,1,1,3,2,02,1,1,000,060,1,5,1,4,2,54,4,0,0,00,2,1,1,200700012343C03,14,1,1
200700012343,2007-03-18,2007,mars,dimanche,94:5,17,17003,0,0,1,2,5,1,1,3,2,02,1,1,000,060,1,5,1,4,1,56,4,0,0,00,2,1,1,200700012343D04,14,1,1
200700012356,2007-03-07,2007,mars,mercredi,10:30,79,79134,0,0,1,1,2,1,3,3,2,00,1,1,000,000,2,0,1,3,1,71,5,0,0,00,0,0,1,200700012356B02,7,1,1
200700012375,2007-03-21,2007,mars,mercredi,16:30,19,19261,45.672,2.193,2,1,1,1,4,3,-1,00,-1,1,025,000,2,0,1,3,1,19,3,1,4,00,0,1,0,200700012375B02,7,1,1
200700012395,2007-03-12,2007,mars,lundi,17:45,31,31145,43.31,1.523,1,1,3,1,1,3,2,00,1,2,000,050,1,0,1,3,2,80,5,0,0,00,0,8,1,200700012395A01,7,15,1
200700012409,2007-03-09,2007,mars,vendredi,17:00,31,31451,0,0,2,1,3,1,1,3,2,03,1,1,000,095,1,0,5,3,1,44,1,0,0,00,2,1,1,200700012409B02,7,15,1
200700012500,2007-03-27,2007,mars,mardi,19:45,01,01369,0,0,1,1,1,1,1,3,2,02,1,1,000,080,1,0,1,4,1,50,1,0,0,00,2,4,1,200700012500B02,7,17,1
200700012508,2007-03-02,2007,mars,vendredi,14:40,01,01098,0,0,1,1,3,1,1,3,-1,02,-1,3,000,072,1,0,1,3,1,73,5,1,2,00,2,8,1,200700012508B02,7,14,1
200700012596,2007-03-17,2007,mars,samedi,16:15,42,42021,45.517,4.105,2,1,3,1,1,3,2,02,2,1,000,056,1,0,1,3,1,50,5,1,2,00,2,8,1,200700012596A01,21,16,1
200700012643,2007-03-10,2007,mars,samedi,15:20,74,74220,0,0,1,1,3,1,1,3,2,02,1,1,000,070,1,0,1,1,1,13,5,0,0,00,2,8,13,200700012643A01,2,2,1
200700012643,2007-03-10,2007,mars,samedi,15:20,74,74220,0,0,1,1,3,1,1,3,2,02,1,1,000,070,1,0,1,1,1,15,5,0,0,00,2,8,13,200700012643A01,2,2,1
200700012648,2007-03-06,2007,mars,mardi,19:00,74,74314,0,0,1,1,3,3,1,2,2,02,1,1,000,076,1,0,1,3,1,26,5,0,0,00,2,8,1,200700012648B02,10,21,1
200700012653,2007-03-14,2007,mars,mercredi,16:00,74,74199,46.361,6.307,1,1,1,1,7,3,2,02,1,1,000,055,1,0,1,3,2,53,5,1,2,00,2,6,15,200700012653B02,7,17,1
200700012745,2007-03-25,2007,mars,dimanche,17:45,54,54402,49.285,5.813,2,9,3,1,1,9,-1,00,-1,1,000,059,1,0,1,3,2,8,0,1,2,00,2,8,19,200700012745B02,7,1,1
200700012746,2007-03-17,2007,mars,samedi,15:15,54,54359,48.52,6.401,1,2,3,1,1,3,2,00,1,-1,000,078,1,0,1,3,1,47,5,1,2,00,2,1,1,200700012746A01,7,19,1
200700012760,2007-03-04,2007,mars,dimanche,11:15,55,55317,49.119,5.585,1,1,3,1,1,3,2,02,-1,1,000,068,1,0,1,3,1,11,5,0,0,00,2,8,1,200700012760B02,7,14,1
200700012788,2007-03-08,2007,mars,jeudi,14:15,67,67554,48.572,7.5,2,1,3,1,1,3,2,01,2,1,000,070,1,0,1,1,1,46,5,0,0,00,2,1,1,200700012788A01,1,1,1
200700012788,2007-03-08,2007,mars,jeudi,14:15,67,67554,48.572,7.5,2,1,3,1,1,3,2,01,2,1,000,070,1,0,1,3,1,60,5,0,0,00,2,2,1,200700012788B02,1,1,1
200700012803,2007-03-28,2007,mars,mercredi,15:30,67,67181,48.606,7.575,1,1,3,1,1,3,2,02,-1,1,000,051,1,0,1,3,1,65,0,1,2,00,2,1,1,200700012803B02,21,19,1
200700012814,2007-03-16,2007,mars,vendredi,94:5,68,68338,0,0,2,1,3,1,1,3,2,00,1,1,000,000,1,0,1,4,1,24,4,1,2,00,2,1,1,200700012814B02,7,15,1
200700012824,2007-03-10,2007,mars,samedi,13:30,68,68135,47.575,7.513,2,3,3,1,1,3,2,02,1,2,000,060,1,0,1,3,1,51,0,1,2,00,2,1,19,200700012824A01,7,1,1
200700012834,2007-03-07,2007,mars,mercredi,18:00,51,51511,48.622,3.745,2,1,1,1,1,3,2,01,1,2,000,000,1,0,1,3,1,8,5,0,0,00,2,1,1,200700012834B02,7,1,1
200700012844,2007-03-04,2007,mars,dimanche,18:45,51,51065,48.723,4.553,1,1,1,2,1,3,2,02,2,1,000,066,1,0,1,3,1,79,0,1,4,00,2,8,2,200700012844B02,7,2,1
200700012878,2007-03-08,2007,mars,jeudi,18:20,21,21060,0,0,2,1,3,1,1,3,2,02,-1,1,000,060,1,0,1,3,1,16,0,0,0,00,2,1,16,200700012878B02,7,1,1
200700012878,2007-03-08,2007,mars,jeudi,18:20,21,21060,0,0,2,1,3,1,1,3,2,02,-1,1,000,060,1,0,1,3,1,42,5,0,0,00,2,1,16,200700012878B02,7,1,1
200700012899,2007-03-13,2007,mars,mardi,17:45,71,71221,0,0,2,3,1,1,1,3,2,02,1,1,000,060,1,0,1,3,1,27,5,0,0,00,2,1,19,200700012899B02,10,1,1
200700012913,2007-03-29,2007,mars,jeudi,13:00,71,71263,0,0,2,4,3,1,1,2,2,02,1,2,000,080,1,0,1,3,1,53,5,0,0,00,2,7,1,200700012913B02,7,0,1
200700012951,2007-03-28,2007,mars,mercredi,12:15,70,70240,0,0,1,1,2,1,1,3,2,02,1,1,000,031,1,0,1,3,1,84,3,0,0,00,0,4,2,200700012951B02,2,2,1
200700012969,2007-03-28,2007,mars,mercredi,15:45,13,13016,0,0,1,1,1,1,1,3,2,02,2,3,000,045,1,0,1,3,1,39,5,1,2,00,2,1,17,200700012969B02,14,21,1
200700013003,2007-03-16,2007,mars,vendredi,17:15,83,83138,0,0,1,3,3,1,1,3,2,02,1,1,000,058,1,0,1,2,2,15,5,0,0,00,2,7,19,200700013003B02,7,1,1
200700013029,2007-03-31,2007,mars,samedi,18:45,83,83035,0,0,1,1,3,2,1,4,2,00,2,3,000,045,1,0,1,3,1,17,5,1,2,00,2,8,19,200700013029B02,7,1,1
200700013073,2007-03-16,2007,mars,vendredi,10:00,34,34119,43.598,3.111,2,1,3,1,1,3,2,00,-1,1,000,063,1,0,1,3,1,57,5,1,2,00,2,8,1,200700013073B02,7,15,1
200700013121,2007-03-24,2007,mars,samedi,14:30,30,30179,43.881,4.593,2,1,1,1,1,4,2,01,-1,1,000,026,1,0,1,3,1,15,5,0,0,00,2,8,15,200700013121B02,7,1,1
200700013150,2007-03-21,2007,mars,mercredi,73:0,2B,2B303,42.28,9.543,1,1,1,1,1,4,2,02,1,1,000,045,1,0,1,3,1,36,1,1,2,00,2,7,1,200700013150B02,7,17,1
200700013158,2007-03-31,2007,mars,samedi,13:15,78,78193,0,0,1,1,2,1,1,3,2,00,1,1,000,060,1,0,1,3,1,45,5,1,2,00,2,1,1,200700013158A01,7,23,1
200700013187,2007-03-27,2007,mars,mardi,90:0,77,77470,48.745,2.766,2,1,1,1,1,3,2,02,1,1,000,079,1,0,1,4,2,21,0,0,0,00,0,3,1,200700013187B02,7,17,1
200700013200,2007-03-07,2007,mars,mercredi,11:45,45,45182,47.686,1.786,2,1,1,1,1,3,2,00,-1,1,000,054,1,0,1,3,1,77,5,1,2,00,2,8,15,200700013200B02,15,1,1
200700013209,2007-03-08,2007,mars,jeudi,17:00,45,45155,0,0,2,1,1,1,1,3,2,02,1,1,000,070,1,0,1,3,1,19,3,0,0,00,2,3,19,200700013209A01,7,1,1
200700013225,2007-03-15,2007,mars,jeudi,16:30,18,18087,46.895,2.555,1,2,3,1,1,3,1,02,2,1,000,055,1,0,1,3,2,50,5,1,2,00,2,7,0,200700013225A01,7,19,1
200700013234,2007-03-01,2007,mars,jeudi,22:10,28,28015,0,0,2,1,3,5,1,3,2,00,1,1,000,060,1,0,1,3,2,51,1,1,2,00,2,1,1,200700013234B02,7,15,1
200700013247,2007-03-25,2007,mars,dimanche,19:45,28,28071,0,0,1,1,2,3,1,3,2,02,1,1,000,000,2,0,1,4,1,17,0,0,0,00,2,4,2,200700013247B02,7,2,1
200700013275,2007-03-27,2007,mars,mardi,18:00,37,37266,0,0,2,1,5,1,1,4,2,02,1,1,000,000,1,0,1,3,2,50,5,0,0,00,2,1,0,200700013275C03,7,0/1,2
200700013330,2007-03-13,2007,mars,mardi,17:55,68,68118,0,0,2,3,1,1,1,3,2,02,-1,4,000,050,1,5,1,3,1,38,5,0,0,00,2,1,19,200700013330A01,7,15,1
200700013364,2007-03-02,2007,mars,vendredi,12:10,95,95323,0,0,2,1,3,1,1,4,2,02,-1,1,000,000,1,0,1,3,1,59,1,0,0,01,0,3,2,200700013364B02,14,22,1
200700013391,2007-03-14,2007,mars,mercredi,15:45,74,74268,0,0,2,1,1,1,1,3,-1,01,4,-1,000,000,1,5,1,3,2,51,5,1,2,00,2,1,16,200700013391B02,7,1,1
200700013399,2007-03-26,2007,mars,lundi,20:30,31,31157,0,0,2,1,3,1,1,9,-1,00,-1,-1,000,060,1,0,5,4,2,54,5,0,0,00,2,0,1,200700013399A01,1,1,1
200700013399,2007-03-26,2007,mars,lundi,20:30,31,31157,0,0,2,1,3,1,1,9,-1,00,-1,-1,000,060,1,0,5,1,1,17,5,0,0,00,2,0,1,200700013399B02,1,1,1
200700013429,2007-03-05,2007,mars,lundi,17:15,67,67326,48.634,7.705,1,1,1,1,1,3,2,02,1,3,000,070,1,0,1,3,1,15,0,0,0,00,2,7,19,200700013429B02,7,1,1
200700013431,2007-03-04,2007,mars,dimanche,10:00,38,38193,45.61,5.21,1,1,1,1,1,2,1,01,1,1,000,070,1,0,1,4,1,64,5,1,9,00,0,1,13,200700013431B02,33,1,1
200700013469,2007-03-16,2007,mars,vendredi,73:0,78,78356,48.728,2.089,2,1,1,2,5,4,2,02,1,1,056,000,1,5,1,4,1,22,1,0,0,00,2,1,1,200700013469B02,7,15,1
200700013486,2007-03-05,2007,mars,lundi,17:00,60,60539,0,0,2,1,1,1,1,4,-1,00,2,-1,000,000,1,0,1,3,1,18,5,0,0,00,2,1,1,200700013486B02,7,16,1
200700013505,2007-03-10,2007,mars,samedi,16:45,69,69046,0,0,2,1,1,1,1,3,2,02,1,-1,000,000,1,0,1,3,2,7,5,0,0,00,2,1,19,200700013505B02,7,1,1
200700013507,2007-03-25,2007,mars,dimanche,21:00,69,69100,0,0,2,2,6,5,1,3,2,02,1,3,000,000,1,0,1,2,1,42,5,0,0,00,0,4,2,200700013507B02,7,1,1
200700013523,2007-03-26,2007,mars,lundi,73:0,02,02691,0,0,2,1,6,2,1,4,2,02,2,1,030,136,1,0,1,4,1,21,1,1,9,00,2,3,1,200700013523B01,14,17,1
200700013583,2007-03-19,2007,mars,lundi,20:40,06,06123,0,0,2,1,2,5,1,3,2,03,1,1,000,102,1,0,1,4,1,41,1,1,9,00,2,4,2,200700013583B01,7,17,1
200700013632,2007-03-27,2007,mars,mardi,17:08,06,06029,0,0,2,1,3,1,1,4,2,04,1,1,000,138,1,5,1,3,1,38,5,1,9,00,2,7,19,200700013632A01,30,17,1
200700013651,2007-03-20,2007,mars,mardi,13:35,06,06069,0,0,2,1,1,1,8,3,2,02,2,3,000,000,-1,0,1,4,1,30,4,1,2,00,2,0,0,200700013651A01,7,1,1
200700013753,2007-03-21,2007,mars,mercredi,18:15,06,06088,0,0,2,1,2,1,1,4,2,04,1,1,000,096,1,0,1,4,1,73,0,1,2,00,2,4,17,200700013753B01,2,17,1
200700013762,2007-03-26,2007,mars,lundi,80:0,06,06088,0,0,2,1,2,1,1,4,3,03,1,1,015,110,1,0,1,4,1,67,5,1,4,00,2,4,2,200700013762B01,2,2,1
200700013797,2007-03-10,2007,mars,samedi,19:00,10,10325,0,0,2,1,3,2,1,4,2,02,1,1,000,070,1,0,1,3,1,18,5,1,9,00,2,1,9,200700013797A01,7,1,1
200700013879,2007-03-07,2007,mars,mercredi,61:0,13,13055,0,0,2,3,3,5,8,4,3,04,1,1,010,080,2,0,1,4,1,57,1,1,4,00,2,1,1,200700013879B01,7,1,1
200700013935,2007-03-15,2007,mars,jeudi,14:00,13,13055,0,0,2,1,2,1,1,4,1,03,2,1,000,090,1,3,1,4,1,55,0,1,2,00,2,4,1,200700013935B01,10,12,1
200700014035,2007-03-29,2007,mars,jeudi,10:20,13,13055,0,0,2,1,5,1,1,4,2,02,1,1,000,060,1,0,1,4,1,39,1,0,0,00,2,1,3,200700014035A01,7/ 14,0/2,2
200700014040,2007-03-22,2007,mars,jeudi,20:00,13,13055,0,0,2,1,3,1,1,4,2,02,1,-1,000,000,1,1,1,3,1,30,1,0,0,00,2,7,1,200700014040B01,32,14,1
200700014072,2007-03-26,2007,mars,lundi,92:0,13,13055,0,0,2,1,3,1,1,4,2,03,1,1,000,000,1,0,4,4,1,18,2,0,0,00,2,1,0,200700014072B01,7,9,1
200700014109,2007-03-03,2007,mars,samedi,12:50,13,13117,0,0,2,2,3,1,1,4,2,01,1,1,000,000,1,0,5,4,1,18,5,1,9,00,2,1,1,200700014109B01,7,23,1
200700014138,2007-03-06,2007,mars,mardi,16:40,15,15014,0,0,2,1,1,1,1,4,2,02,1,1,000,100,1,0,1,3,1,74,5,1,2,00,2,1,1,200700014138B01,7,15,1
200700014150,2007-03-23,2007,mars,vendredi,17:20,17,17299,0,0,2,2,3,1,2,4,2,02,1,1,000,070,2,5,1,1,1,24,9,1,9,00,2,8,1,200700014150B01,30,1,1
200700014164,2007-03-14,2007,mars,mercredi,13:59,17,17300,0,0,2,1,3,1,1,4,-1,00,1,1,000,000,1,0,1,4,1,14,9,1,2,00,2,7,19,200700014164A01,7,1,1
200700014177,2007-03-21,2007,mars,mercredi,90:0,17,17306,0,0,2,1,3,1,1,3,2,02,1,1,000,063,1,0,1,1,1,15,0,1,9,00,2,7,13,200700014177A01,31,1,1
200700014181,2007-03-14,2007,mars,mercredi,13:50,17,17415,0,0,2,6,3,1,1,3,2,02,1,3,000,070,1,5,1,4,1,61,0,1,4,00,2,1,0,200700014181B01,7,9,1
200700014183,2007-03-26,2007,mars,lundi,14:55,17,17415,0,0,2,6,3,1,1,4,-1,01,2,2,000,085,1,5,1,4,2,21,0,1,9,00,2,7,19,200700014183B01,7,15,1
200700014226,2007-03-14,2007,mars,mercredi,14:11,21,21231,0,0,2,2,3,1,1,4,2,02,2,1,000,093,1,0,1,3,1,91,5,1,2,00,2,7,19,200700014226A01,2,1,1
200700014297,2007-03-17,2007,mars,samedi,14:20,25,25056,0,0,2,2,3,1,1,4,1,03,1,1,000,090,1,5,1,3,2,23,5,1,9,00,2,1,9,200700014297A01,33,1,1
200700014306,2007-03-30,2007,mars,vendredi,18:10,25,25056,0,0,2,1,1,1,4,4,2,02,1,2,000,032,2,0,1,4,1,46,5,1,9,00,2,1,19,200700014306A01,37,15,1
200700014314,2007-03-13,2007,mars,mardi,10:00,26,26281,0,0,2,1,6,1,1,4,2,02,1,1,000,094,1,0,1,4,2,50,1,0,0,00,2,1,1,200700014314B01,7,22,1
200700014316,2007-03-19,2007,mars,lundi,18:20,26,26281,0,0,2,6,6,5,8,2,2,02,1,1,000,000,2,0,0,4,1,47,1,1,9,00,2,1,1,200700014316B01,7,9,1
200700014325,2007-03-18,2007,mars,dimanche,13:40,26,26058,0,0,2,6,3,1,1,4,1,01,1,1,000,080,1,0,1,3,1,70,5,1,9,00,2,8,2,200700014325B01,7,16,1
200700014356,2007-03-03,2007,mars,samedi,18:20,28,28085,0,0,2,1,3,2,1,4,2,02,2,1,000,000,1,0,1,4,1,42,0,1,4,00,2,1,7,200700014356A01,7,16,1
200700014357,2007-03-06,2007,mars,mardi,85:0,28,28110,0,0,2,1,2,2,1,4,2,02,-1,-1,000,000,1,0,1,4,1,21,0,1,9,00,2,4,1,200700014357B01,7,0,1
200700014370,2007-03-18,2007,mars,dimanche,19:25,28,28134,0,0,2,3,3,1,1,4,2,02,1,1,000,000,1,0,1,3,1,9,5,1,4,00,2,7,19,200700014370B01,7,1,1
200700014410,2007-03-16,2007,mars,vendredi,14:20,30,30007,0,0,2,6,3,1,1,4,2,02,1,3,000,000,1,0,1,3,1,74,5,1,2,00,2,1,9,200700014410B01,7,9,1
200700014468,2007-03-03,2007,mars,samedi,19:30,31,31069,0,0,2,4,3,5,1,3,2,02,1,1,000,093,1,5,1,3,1,26,0,1,9,00,2,3,1,200700014468B01,7,15,1
200700014478,2007-03-01,2007,mars,jeudi,14:25,31,31555,0,0,2,1,3,1,1,4,1,02,1,1,000,070,1,0,1,4,2,20,0,1,9,00,2,1,0,200700014478A01,10,0,1
200700014481,2007-03-02,2007,mars,vendredi,14:5,31,31555,0,0,2,1,2,5,1,4,2,04,1,1,000,120,1,0,1,4,1,21,0,1,9,00,2,1,2,200700014481A01,7,0,1
200700014489,2007-03-04,2007,mars,dimanche,16:55,31,31555,0,0,2,1,2,1,1,4,2,02,1,1,000,070,1,0,1,4,1,19,9,1,9,00,2,4,1,200700014489B01,31,0,1
200700014494,2007-03-06,2007,mars,mardi,92:4,31,31555,0,0,2,3,1,1,1,4,1,01,1,1,000,040,1,0,1,4,2,81,9,1,9,00,2,1,5,200700014494A01,7,15,1
200700014540,2007-03-18,2007,mars,dimanche,85:0,31,31555,0,0,2,1,6,1,1,4,2,02,2,1,000,080,1,0,1,1,1,34,0,1,9,00,1,1,1,200700014540A01,,,
200700014556,2007-03-24,2007,mars,samedi,18:00,31,31555,0,0,2,1,3,1,8,4,3,04,1,1,000,110,1,0,1,4,2,69,5,1,2,00,2,8,13,200700014556A01,34,1,1
200700014568,2007-03-29,2007,mars,jeudi,70:8,31,31555,0,0,2,1,3,2,1,4,2,03,2,1,000,065,1,0,1,4,1,50,4,0,0,00,0,0,0,200700014568B01,10,15,1
200700014583,2007-03-12,2007,mars,lundi,17:15,31,31557,0,0,2,1,3,1,1,3,2,02,1,1,000,063,1,0,1,3,1,13,5,1,2,00,2,0,10,200700014583A01,7,1,1
200700014586,2007-03-28,2007,mars,mercredi,72:0,31,31557,0,0,2,3,1,2,1,3,2,02,1,1,000,035,1,0,5,4,1,48,1,1,2,00,2,1,1,200700014586B01,7,15,1
200700014593,2007-03-23,2007,mars,vendredi,10:30,33,33009,0,0,2,6,3,1,2,4,1,01,1,1,000,000,2,0,1,4,2,14,5,1,9,00,2,7,1,200700014593B01,7,9,1
200700014612,2007-03-08,2007,mars,jeudi,18:45,33,33063,0,0,2,4,3,1,1,4,1,01,1,1,000,000,1,0,1,4,2,27,5,1,2,00,2,2,1,200700014612B01,7,1,1
200700014642,2007-03-16,2007,mars,vendredi,18:00,33,33063,0,0,2,2,3,1,1,4,2,02,1,1,000,000,1,0,1,4,2,35,0,1,9,00,2,1,1,200700014642B01,7,1,1
200700014656,2007-03-20,2007,mars,mardi,81:5,33,33063,0,0,2,2,3,1,1,4,2,02,1,1,000,090,1,0,1,4,1,18,5,1,9,00,2,1,1,200700014656B01,7,15,1
200700014667,2007-03-23,2007,mars,vendredi,94:0,33,33063,0,0,2,1,3,1,2,4,2,02,1,1,000,054,2,0,1,4,2,33,0,1,2,00,2,1,1,200700014667B01,7,1,1
200700014689,2007-03-27,2007,mars,mardi,12:00,33,33281,0,0,2,1,3,1,1,4,3,03,1,1,000,140,1,0,1,3,1,14,2,1,2,00,2,1,1,200700014689A01,7,1,1
200700014702,2007-03-30,2007,mars,vendredi,83:0,33,33522,0,0,2,2,3,1,1,4,2,04,1,1,000,205,2,0,1,4,1,46,0,1,9,00,2,1,1,200700014702B01,7,15,1
200700014749,2007-03-09,2007,mars,vendredi,11:32,34,34172,0,0,2,1,7,1,1,4,2,03,1,1,000,090,1,0,1,4,2,34,1,1,9,00,2,1,1,200700014749B01,30,7,1
200700014755,2007-03-12,2007,mars,lundi,17:40,34,34172,43.61213,3.8668,2,1,3,1,1,4,1,02,1,1,000,060,1,0,1,3,2,30,1,1,9,00,2,0,19,200700014755A01,31,1,1
200700014785,2007-03-29,2007,mars,jeudi,18:50,34,34172,43.6035,3.88782,2,1,6,1,1,4,2,02,1,1,000,076,1,4,0,1,1,28,1,1,9,00,1,1,1,200700014785A01,,,
200700014785,2007-03-29,2007,mars,jeudi,18:50,34,34172,43.6035,3.88782,2,1,6,1,1,4,2,02,1,1,000,076,1,4,0,3,2,74,5,0,0,00,1,1,1,200700014785A01,,,
200700014806,2007-03-08,2007,mars,jeudi,13:30,35,35238,0,0,1,3,6,1,1,4,2,00,1,1,000,000,1,0,1,4,1,16,2,1,9,00,1,0,19,200700014806A01,,,
200700014824,2007-03-21,2007,mars,mercredi,72:0,35,35238,0,0,2,7,3,1,1,4,1,01,1,2,000,000,1,0,1,4,1,48,1,1,9,00,2,2,1,200700014824B01,7,4,1
200700014825,2007-03-21,2007,mars,mercredi,75:5,35,35238,0,0,2,1,3,1,7,4,2,03,-1,-1,000,000,-1,0,1,4,1,26,1,1,2,00,2,3,15,200700014825A01,7,1,1
200700014826,2007-03-21,2007,mars,mercredi,15:10,35,35238,0,0,2,6,3,1,1,4,1,01,1,2,000,000,1,0,1,4,1,77,0,1,2,00,2,1,1,200700014826B01,7,16,1
200700014828,2007-03-23,2007,mars,vendredi,75:5,35,35238,0,0,2,2,6,1,1,4,2,02,1,1,000,000,1,0,1,1,1,21,5,1,2,00,1,1,1,200700014828A01,,,
200700014835,2007-03-31,2007,mars,samedi,18:35,35,35238,0,0,2,2,7,1,1,4,-1,00,-1,-1,000,000,-1,0,1,4,2,24,0,1,2,00,0,0,0,200700014835A01,,,
200700014850,2007-03-27,2007,mars,mardi,20:20,36,36044,0,0,2,2,3,5,1,3,3,04,1,1,000,000,1,0,1,4,1,30,5,1,2,00,2,1,16,200700014850B01,7,17,1
200700014854,2007-03-09,2007,mars,vendredi,16:55,37,37195,0,0,2,3,3,1,1,9,2,02,1,3,000,071,1,0,1,3,1,68,5,1,9,00,2,1,1,200700014854B01,7,15,1
200700014858,2007-03-14,2007,mars,mercredi,17:20,37,37261,0,0,2,6,6,1,1,9,-1,01,1,1,000,000,1,5,1,1,1,27,5,1,9,00,1,1,1,200700014858A01,,,
200700014865,2007-03-27,2007,mars,mardi,14:29,37,37261,0,0,2,1,6,1,1,9,2,03,1,1,015,102,1,1,1,3,1,26,0,1,9,00,1,1,1,200700014865A01,,,
200700014878,2007-03-13,2007,mars,mardi,17:10,38,38421,0,0,2,1,6,1,1,4,2,02,1,1,000,080,1,0,1,4,1,13,2,1,9,00,2,1,2,200700014878B01,37,1,1
200700014901,2007-03-05,2007,mars,lundi,82:5,40,40192,0,0,2,6,3,1,1,4,2,01,1,3,000,070,1,0,1,3,1,60,1,1,2,00,2,1,1,200700014901B01,7,0,1
200700014904,2007-03-21,2007,mars,mercredi,21:00,40,40192,0,0,2,1,6,5,1,4,-1,01,1,2,000,060,1,5,1,3,2,52,1,1,2,00,2,8,1,200700014904B01,7,16,1
200700014907,2007-03-11,2007,mars,dimanche,17:20,41,41018,0,0,2,6,3,1,1,4,1,01,1,2,000,000,1,5,1,4,2,48,5,1,9,00,2,8,1,200700014907B01,7,16,1
200700014928,2007-03-13,2007,mars,mardi,10:45,42,42147,0,0,2,2,3,1,1,4,1,02,1,1,000,075,1,5,1,3,1,71,3,1,2,00,0,2,2,200700014928B01,7,15,1
200700014940,2007-03-03,2007,mars,samedi,11:35,42,42330,0,0,2,1,6,1,1,4,2,02,1,1,000,000,1,0,1,4,1,37,9,1,2,00,2,1,1,200700014940A01,1,1,1
200700014940,2007-03-03,2007,mars,samedi,11:35,42,42330,0,0,2,1,6,1,1,4,2,02,1,1,000,000,1,0,1,1,1,57,9,1,2,00,2,1,1,200700014940B01,1,1,1
200700014948,2007-03-12,2007,mars,lundi,75:6,42,42218,0,0,2,1,3,1,1,4,1,01,1,1,000,060,1,0,4,4,1,31,1,1,9,00,2,1,1,200700014948A01,7,15,1
200700014983,2007-03-09,2007,mars,vendredi,10:15,44,44109,0,0,2,9,3,1,1,5,2,02,1,1,000,080,2,0,1,3,2,46,0,1,9,00,2,1,19,200700014983A01,20,1,1
200700015007,2007-03-29,2007,mars,jeudi,92:0,44,44109,0,0,2,1,2,1,1,4,2,03,2,1,000,000,1,0,0,3,1,31,0,1,2,00,2,1,1,200700015007A01,7,1,1
200700015012,2007-03-02,2007,mars,vendredi,15:32,44,44184,0,0,1,1,3,1,3,4,-1,02,1,1,000,000,2,0,1,4,2,13,5,1,4,00,2,7,19,200700015012B01,7,1,1
200700015043,2007-03-03,2007,mars,samedi,95:0,46,46156,0,0,1,1,6,1,2,3,2,02,1,1,000,057,2,0,1,4,2,59,9,1,9,00,2,8,2,200700015043B01,7,2,1
200700015046,2007-03-02,2007,mars,vendredi,10:19,47,47001,0,0,2,3,3,1,8,2,2,02,1,1,000,080,2,0,5,4,2,42,3,1,9,00,2,2,1,200700015046A01,7,16,1
200700015074,2007-03-07,2007,mars,mercredi,16:58,49,49015,0,0,2,3,3,1,8,4,2,02,1,1,000,167,2,5,1,4,2,13,5,1,9,00,2,0,19,200700015074A01,7,1,1
200700015075,2007-03-08,2007,mars,jeudi,13:58,49,49007,0,0,2,1,6,1,8,4,-1,02,1,1,000,040,2,0,1,3,1,48,0,1,9,01,0,0,1,200700015075A01,7,24,1
200700015076,2007-03-08,2007,mars,jeudi,16:49,49,49007,0,0,2,1,7,1,1,4,2,02,1,2,000,088,2,0,1,4,2,13,0,1,9,00,0,0,1,200700015076A01,,,
200700015079,2007-03-12,2007,mars,lundi,13:43,49,49007,0,0,2,1,7,1,1,4,2,02,1,1,000,069,1,0,1,4,1,12,0,1,9,00,0,0,1,200700015079A01,,,
200700015089,2007-03-19,2007,mars,lundi,13:58,49,49007,0,0,2,1,3,1,8,4,2,03,1,1,000,118,2,0,1,4,2,56,0,1,9,00,2,0,1,200700015089B01,7,20,1
200700015097,2007-03-29,2007,mars,jeudi,19:56,49,49246,0,0,2,1,7,2,1,3,2,02,1,1,000,060,1,0,1,4,1,43,0,1,2,00,0,1,1,200700015097A01,,,
200700015100,2007-03-31,2007,mars,samedi,10:33,49,49007,0,0,2,6,6,1,1,4,1,02,1,2,000,060,2,5,1,4,1,39,0,1,9,00,2,1,1,200700015100B01,7,0,1
200700015101,2007-03-28,2007,mars,mercredi,14:30,49,49246,0,0,1,1,6,1,1,4,2,01,1,1,000,045,1,0,1,2,2,63,5,1,2,16,0,1,2,200700015101A01,,,
200700015126,2007-03-29,2007,mars,jeudi,81:5,50,50602,0,0,1,1,6,1,1,4,2,02,1,1,000,000,1,0,1,4,2,26,1,1,9,01,0,2,1,200700015126A01,,,
200700015132,2007-03-27,2007,mars,mardi,19:00,50,50165,0,0,2,1,3,1,1,4,2,02,1,1,000,056,1,5,1,3,2,61,5,1,9,00,2,7,1,200700015132B01,7,9,1
200700015137,2007-03-13,2007,mars,mardi,12:10,51,51108,0,0,2,1,2,1,1,9,-1,00,1,-1,000,000,1,0,4,3,2,59,1,1,4,02,2,1,1,200700015137B01,7,4,1
200700015141,2007-03-03,2007,mars,samedi,65:5,51,51454,0,0,2,2,3,5,1,4,3,04,1,1,156,157,2,0,1,4,1,66,5,1,2,00,2,1,1,200700015141B01,7,1,1
200700015174,2007-03-06,2007,mars,mardi,95:5,52,52448,0,0,2,1,6,1,1,4,2,02,4,2,000,000,-1,0,1,4,1,37,3,1,2,00,2,3,0,200700015174B01,7,15,1
200700015184,2007-03-27,2007,mars,mardi,18:20,53,53130,0,0,2,1,3,1,1,4,2,02,2,1,000,054,1,0,1,3,1,67,3,1,2,00,0,8,15,200700015184B01,7,17,1
200700015204,2007-03-10,2007,mars,samedi,90:0,54,54439,0,0,2,6,3,1,1,4,2,02,1,2,000,055,1,5,1,3,1,56,5,1,2,00,2,7,1,200700015204B01,7,9,1