Num_Acc,date,an,mois,jour,hrmn,dep,com,lat,long,agg,int,col,lum,atm,catr,circ,nbv,prof,plan,lartpc,larrout,surf,infra,situ,grav,sexe,age,trajet,secuexist,equipement,obs,obsm,choc,manv,vehiculeid,typevehicules,manoeuvehicules,numVehicules
200700015208,2007-03-09,2007,mars,vendredi,63:0,54,54482,0,0,2,3,7,2,1,4,2,02,1,1,000,000,1,0,1,4,1,19,1,1,4,00,0,0,16,200700015208B01,7,1,1
200700015233,2007-03-29,2007,mars,jeudi,14:35,54,54395,0,0,2,4,2,1,2,4,1,02,1,-1,000,000,2,0,1,4,1,48,1,1,2,00,2,1,15,200700015233A01,7,1,1
200700015255,2007-03-11,2007,mars,dimanche,91:5,56,56121,0,0,2,6,3,1,1,9,2,02,2,1,000,000,1,0,5,4,1,52,0,1,9,00,2,8,1,200700015255B01,7,14,1
200700015257,2007-03-14,2007,mars,mercredi,15:02,56,56098,0,0,2,1,7,1,1,9,2,02,1,1,000,000,1,0,1,4,1,58,0,1,9,12,0,0,1,200700015257A01,,,
200700015266,2007-03-25,2007,mars,dimanche,40:5,56,56121,0,0,2,1,7,5,1,9,2,02,1,1,000,000,-1,0,1,4,1,35,0,1,9,00,0,7,1,200700015266A01,,,
200700015268,2007-03-27,2007,mars,mardi,18:55,56,56121,0,0,2,6,3,1,1,9,2,02,2,1,000,000,1,0,0,4,1,56,4,1,9,00,2,7,1,200700015268B01,7,1,1
200700015270,2007-03-28,2007,mars,mercredi,18:05,56,56107,0,0,2,4,6,1,1,9,2,02,1,1,000,000,1,0,1,4,1,81,5,1,9,00,2,8,1,200700015270B01,7,16,1
200700015283,2007-03-31,2007,mars,samedi,12:05,56,56260,0,0,2,3,3,1,1,4,2,02,1,1,000,000,1,5,1,4,1,43,5,1,2,00,2,1,1,200700015283B01,7,15,1
200700015305,2007-03-14,2007,mars,mercredi,19:00,57,57463,0,0,1,3,3,5,1,4,3,03,1,1,000,110,1,0,1,1,2,33,5,1,9,00,2,1,1,200700015305A01,7,9,1
200700015305,2007-03-14,2007,mars,mercredi,19:00,57,57463,0,0,1,3,3,5,1,4,3,03,1,1,000,110,1,0,1,4,1,3,0,1,3,00,2,1,1,200700015305A01,7,9,1
200700015313,2007-03-29,2007,mars,jeudi,12:10,57,57463,0,0,2,1,2,1,1,4,2,02,1,1,000,000,2,0,1,4,1,16,2,1,2,00,2,1,0,200700015313A01,7,1,1
200700015318,2007-03-26,2007,mars,lundi,17:00,57,57630,0,0,2,1,3,1,1,4,2,02,2,1,000,000,1,0,1,3,1,18,5,1,9,00,2,1,1,200700015318B01,7,15,1
200700015325,2007-03-13,2007,mars,mardi,16:00,57,57757,0,0,2,1,2,1,1,3,2,02,1,1,000,000,1,0,5,4,1,18,5,1,9,01,0,1,1,200700015325A01,7,23,1
200700015331,2007-03-27,2007,mars,mardi,83:5,58,58194,0,0,2,1,7,1,1,4,2,02,2,1,000,000,1,0,1,3,1,33,0,1,9,00,0,0,1,200700015331A01,,,
200700015332,2007-03-29,2007,mars,jeudi,13:20,58,58194,0,0,2,1,7,1,2,4,2,02,-1,-1,000,000,2,0,1,4,1,53,0,1,9,00,0,0,0,200700015332A01,,,
200700015343,2007-03-30,2007,mars,vendredi,17:40,59,59431,0,0,1,1,3,1,1,4,2,02,1,1,000,051,1,0,1,3,1,54,0,1,9,00,2,0,19,200700015343B01,7,1,1
200700015370,2007-03-02,2007,mars,vendredi,13:40,59,59295,0,0,2,1,3,1,1,2,2,02,2,1,000,104,1,0,1,3,1,30,5,1,9,00,2,7,1,200700015370A01,17,16,1
200700015388,2007-03-09,2007,mars,vendredi,17:45,59,59350,0,0,2,1,6,1,1,4,2,02,1,1,000,080,1,0,1,4,1,14,9,1,9,00,2,1,15,200700015388A01,7,1,1
200700015395,2007-03-13,2007,mars,mardi,12:30,59,59009,0,0,2,1,6,1,7,4,1,01,1,1,000,040,1,0,1,4,2,56,9,1,9,01,0,1,1,200700015395B01,7,24,1
200700015405,2007-03-16,2007,mars,vendredi,12:30,59,59350,0,0,2,1,6,1,1,4,2,02,1,1,000,170,1,0,1,4,1,46,5,1,9,01,0,1,1,200700015405B01,7,24,1
200700015409,2007-03-18,2007,mars,dimanche,16:55,59,59350,0,0,2,1,6,1,1,4,2,00,1,1,000,000,1,0,1,3,1,8,5,1,9,00,2,1,19,200700015409A01,7,1,1
200700015412,2007-03-13,2007,mars,mardi,62:0,59,59009,0,0,2,6,6,2,1,4,2,02,1,2,000,070,1,0,1,3,1,50,1,1,9,00,2,4,1,200700015412B01,7,9,1
200700015420,2007-03-22,2007,mars,jeudi,14:30,59,59350,0,0,2,1,6,1,1,4,2,04,1,1,000,040,1,0,0,3,2,37,1,1,9,00,2,1,1,200700015420B01,7,20,1
200700015428,2007-03-28,2007,mars,mercredi,72:0,59,59009,0,0,2,3,3,1,1,4,2,02,1,1,000,000,1,0,1,4,1,39,9,1,2,00,2,0,1,200700015428B01,7,14,1
200700015438,2007-03-11,2007,mars,dimanche,12:20,59,59225,0,0,2,1,3,1,1,4,2,02,1,1,000,056,1,0,1,4,1,16,5,1,2,00,2,1,9,200700015438B01,7,9,1
200700015445,2007-03-04,2007,mars,dimanche,30:0,59,59512,0,0,2,2,3,5,1,4,2,02,1,1,000,000,1,0,1,4,1,25,0,1,2,00,2,1,1,200700015445A01,7,1,1
200700015445,2007-03-04,2007,mars,dimanche,30:0,59,59512,0,0,2,2,3,5,1,4,2,02,1,1,000,000,1,0,1,1,1,23,9,1,2,00,2,1,1,200700015445A01,7,1,1
200700015457,2007-03-13,2007,mars,mardi,17:55,59,59512,0,0,2,1,3,1,1,4,2,02,1,1,000,000,1,0,1,4,1,13,5,1,2,01,2,1,1,200700015457B01,7,0,1
200700015460,2007-03-15,2007,mars,jeudi,13:55,59,59512,0,0,2,1,3,1,1,4,2,02,1,1,000,000,1,0,1,3,1,13,2,1,2,01,2,0,0,200700015460B01,7,1,1
200700015467,2007-03-11,2007,mars,dimanche,16:45,59,59650,0,0,2,1,3,1,1,4,2,02,1,1,000,000,1,0,1,4,1,30,0,1,2,00,2,9,1,200700015467B01,7,0,1
200700015469,2007-03-17,2007,mars,samedi,15:30,59,59512,0,0,2,1,3,1,1,4,2,02,1,1,000,000,1,0,1,3,1,15,0,1,2,00,2,0,1,200700015469B01,7,0,1
200700015473,2007-03-14,2007,mars,mercredi,18:23,59,59650,0,0,2,3,3,1,1,4,2,02,1,1,000,000,1,0,1,3,1,22,0,1,2,00,2,1,1,200700015473B01,33,0,1
200700015488,2007-03-31,2007,mars,samedi,14:00,59,59512,0,0,2,1,3,1,1,4,-1,02,1,1,000,000,1,0,1,4,1,18,0,1,2,00,2,0,1,200700015488B01,7,2,1
200700015505,2007-03-29,2007,mars,jeudi,81:0,59,59090,0,0,2,4,1,1,5,3,1,01,2,1,000,070,2,0,1,3,1,51,0,1,9,00,2,1,1,200700015505A01,7,1,1
200700015510,2007-03-07,2007,mars,mercredi,16:45,59,59606,0,0,2,1,2,1,1,4,2,04,1,1,000,120,1,0,1,4,1,32,1,1,2,00,2,1,1,200700015510B01,10,4,1
200700015523,2007-03-09,2007,mars,vendredi,17:55,61,61397,0,0,2,3,3,1,1,4,2,02,1,1,000,074,-1,0,1,4,1,9,5,1,9,00,2,0,15,200700015523A01,7,1,1
200700015528,2007-03-05,2007,mars,lundi,12:15,62,62013,0,0,1,1,2,1,1,3,2,02,1,1,000,065,1,0,1,4,1,58,5,1,2,00,0,4,1,200700015528B01,7,1,1
200700015536,2007-03-17,2007,mars,samedi,12:00,62,62570,0,0,2,1,3,1,1,4,1,01,1,1,000,035,1,0,1,3,2,10,0,1,9,00,2,1,19,200700015536B01,7,1,1
200700015536,2007-03-17,2007,mars,samedi,12:00,62,62570,0,0,2,1,3,1,1,4,1,01,1,1,000,035,1,0,1,4,2,10,5,1,9,00,2,1,19,200700015536B01,7,1,1
200700015541,2007-03-20,2007,mars,mardi,12:35,62,62108,0,0,2,1,3,1,2,4,2,02,1,1,000,080,2,0,1,4,1,16,2,1,9,00,2,1,1,200700015541A01,7,13,1
200700015587,2007-03-27,2007,mars,mardi,21:00,62,62224,0,0,1,1,2,3,1,3,2,03,1,1,000,062,1,0,5,4,1,44,0,1,4,00,2,4,2,200700015587B01,2,2,1
200700015601,2007-03-07,2007,mars,mercredi,16:35,63,63113,0,0,2,1,6,1,1,4,2,02,2,1,000,000,1,0,1,4,1,58,9,1,2,00,2,1,1,200700015601B01,7,15,1
200700015609,2007-03-13,2007,mars,mardi,73:4,63,63113,0,0,2,1,6,1,1,4,1,03,1,1,000,000,1,0,1,4,1,40,1,0,0,00,2,4,11,200700015609B01,7,11,1
200700015618,2007-03-16,2007,mars,vendredi,18:20,63,63113,0,0,2,9,6,1,1,4,2,03,1,1,000,000,1,0,1,4,2,69,0,1,2,00,2,0,0,200700015618B01,7,22,1
200700015651,2007-03-02,2007,mars,vendredi,20:50,64,64024,0,0,2,1,7,5,2,4,1,00,1,1,000,000,1,0,5,4,1,49,5,1,9,08,0,1,1,200700015651A01,,,
200700015666,2007-03-11,2007,mars,dimanche,18:30,64,64335,0,0,1,1,3,1,1,4,1,02,1,2,000,085,1,5,1,4,2,56,5,1,9,00,2,1,1,200700015666B01,7,16,1
200700015672,2007-03-13,2007,mars,mardi,16:20,64,64445,0,0,2,1,3,1,1,4,2,02,1,1,000,170,1,0,1,3,2,63,5,1,9,01,2,1,0,200700015672A01,7,1,1
200700015680,2007-03-23,2007,mars,vendredi,16:55,64,64445,0,0,2,1,7,1,2,2,2,01,1,1,000,141,2,0,1,4,2,18,5,1,9,00,0,1,0,200700015680A01,,,
200700015681,2007-03-23,2007,mars,vendredi,23:55,64,64445,0,0,2,1,6,5,2,4,1,03,1,1,000,120,2,0,1,4,1,25,5,1,9,00,1,8,1,200700015681A01,7,23,1
200700015683,2007-03-25,2007,mars,dimanche,12:25,64,64445,0,0,2,6,3,1,2,4,1,02,1,1,000,116,2,0,1,3,1,21,9,1,9,00,2,5,1,200700015683B01,7,1,1
200700015692,2007-03-15,2007,mars,jeudi,11:40,64,64260,0,0,2,3,3,1,1,3,3,02,1,1,000,046,1,0,1,4,1,61,5,1,2,00,2,1,1,200700015692B01,7,9,1
200700015697,2007-03-06,2007,mars,mardi,17:25,65,65440,0,0,2,1,3,1,2,4,2,03,1,1,000,120,1,0,1,4,2,84,9,1,2,00,2,3,18,200700015697A01,7,15,1
200700015700,2007-03-08,2007,mars,jeudi,92:3,65,65440,0,0,2,1,6,1,8,4,1,01,1,1,000,050,1,0,1,4,2,48,9,0,0,01,0,5,1,200700015700B01,10,24,1
200700015710,2007-03-17,2007,mars,samedi,14:00,65,65440,0,0,2,1,6,1,1,4,3,02,1,1,000,070,1,0,1,4,1,16,0,1,9,01,0,4,1,200700015710A01,,,
200700015716,2007-03-26,2007,mars,lundi,71:5,65,65417,0,0,2,6,3,2,2,4,1,01,1,3,080,078,2,0,1,4,1,35,9,1,2,00,2,1,1,200700015716B01,7,1,1
200700015728,2007-03-28,2007,mars,mercredi,18:10,67,67180,0,0,2,3,3,1,1,4,2,02,1,-1,000,078,1,0,1,4,2,61,5,1,2,00,2,1,1,200700015728B01,7,0,1
200700015729,2007-03-26,2007,mars,lundi,50:7,67,67462,0,0,2,1,2,5,1,2,2,04,3,1,000,054,1,2,1,3,2,51,1,1,4,00,2,8,1,200700015729B01,7,1,1
200700015733,2007-03-10,2007,mars,samedi,13:5,67,67482,0,0,2,3,6,5,2,4,1,01,1,1,000,030,2,0,1,4,1,37,0,1,9,00,2,1,15,200700015733A01,7,1,1
200700015737,2007-03-12,2007,mars,lundi,80:3,67,67482,0,0,2,2,3,1,1,4,2,02,1,1,000,285,1,0,1,4,2,28,5,1,2,00,2,7,19,200700015737B01,7,16,1
200700015754,2007-03-26,2007,mars,lundi,15:40,67,67447,0,0,2,1,6,1,1,4,1,03,1,1,000,059,1,0,1,4,1,16,2,1,9,00,2,1,19,200700015754A01,7,1/23,3
200700015756,2007-03-26,2007,mars,lundi,17:55,67,67482,0,0,2,3,3,1,1,4,2,02,1,1,000,120,1,0,1,4,1,50,0,1,9,00,2,1,1,200700015756A01,7,15,1
200700015761,2007-03-30,2007,mars,vendredi,16:00,67,67482,0,0,2,2,3,1,1,4,2,03,1,1,000,170,1,0,5,1,1,24,5,1,9,00,2,2,1,200700015761A01,2,1,1
200700015768,2007-03-27,2007,mars,mardi,12:50,68,68066,0,0,2,5,3,1,1,3,3,02,1,1,000,060,1,0,1,4,1,40,1,1,2,00,2,1,1,200700015768B01,10,12,1
200700015773,2007-03-07,2007,mars,mercredi,10:50,68,68224,0,0,2,3,3,1,1,4,1,02,1,1,092,038,1,5,0,3,2,59,5,1,9,00,2,8,1,200700015773B01,7,16,1
200700015779,2007-03-20,2007,mars,mardi,12:15,68,68224,0,0,1,3,3,1,2,4,2,02,1,1,000,100,2,0,1,4,1,42,1,1,9,00,2,1,1,200700015779B01,7,15,1
200700015795,2007-03-08,2007,mars,jeudi,13:30,69,69259,0,0,2,1,3,1,1,4,2,00,1,1,000,110,1,0,1,4,1,69,0,1,9,00,2,1,0,200700015795A01,7,0,1
200700015823,2007-03-15,2007,mars,jeudi,85:5,71,71153,0,0,2,2,3,1,5,4,2,02,1,1,000,064,1,0,1,3,1,12,2,1,9,00,2,1,1,200700015823A01,7,1,1
200700015849,2007-03-09,2007,mars,vendredi,17:25,72,72181,0,0,2,1,3,1,1,9,2,03,2,1,000,000,1,0,1,4,1,18,5,1,2,00,0,1,7,200700015849A01,37,1,1
200700015859,2007-03-19,2007,mars,lundi,17:25,72,72181,0,0,2,1,3,1,2,9,2,01,1,1,000,051,2,0,1,4,1,12,2,1,2,00,2,8,1,200700015859A01,7,1,1
200700015894,2007-03-13,2007,mars,mardi,84:0,74,74012,0,0,2,1,2,1,1,4,-1,01,1,1,000,000,1,0,1,4,2,36,0,1,2,00,2,4,15,200700015894B01,7,2,1
200700015903,2007-03-01,2007,mars,jeudi,92:5,75,75002,0,0,2,1,6,1,1,4,1,02,1,1,000,060,2,0,1,4,2,35,4,0,0,12,0,2,1,200700015903A01,,,
200700015910,2007-03-02,2007,mars,vendredi,14:45,75,75011,0,0,2,1,3,1,1,4,2,02,1,1,000,060,1,0,1,4,1,54,4,0,0,00,2,2,1,200700015910B01,7,22,1
200700015924,2007-03-03,2007,mars,samedi,16:43,75,75012,0,0,2,3,6,1,1,4,2,04,1,1,000,120,1,0,1,4,2,11,5,0,0,15,2,1,1,200700015924A01,7,1,1
200700015931,2007-03-01,2007,mars,jeudi,81:0,75,75015,0,0,2,2,3,1,1,4,2,04,1,1,000,120,2,0,1,4,2,28,4,0,0,00,2,1,1,200700015931B01,7,1,1
200700015939,2007-03-02,2007,mars,vendredi,11:05,75,75007,0,0,2,3,6,1,1,4,2,04,1,1,000,120,1,0,1,4,2,41,4,0,0,00,2,2,1,200700015939B01,7,0,1
200700015951,2007-03-04,2007,mars,dimanche,23:0,75,75003,0,0,2,1,6,5,1,4,1,02,1,1,000,060,1,0,1,4,2,37,5,0,0,01,0,1,13,200700015951A01,,,
200700015958,2007-03-04,2007,mars,dimanche,13:50,75,75020,0,0,2,1,6,1,1,4,2,04,1,1,000,120,1,0,1,4,2,47,5,1,2,01,0,2,21,200700015958A01,,,
200700015962,2007-03-05,2007,mars,lundi,18:05,75,75014,0,0,2,1,3,1,1,4,2,04,1,1,000,120,1,0,5,4,2,52,5,0,0,00,2,6,1,200700015962B01,7,22,1
200700015969,2007-03-05,2007,mars,lundi,12:15,75,75001,0,0,2,2,3,1,1,4,2,04,1,1,000,120,1,0,1,4,2,62,4,0,0,00,2,1,1,200700015969B01,14,16,1
200700015986,2007-03-05,2007,mars,lundi,17:00,75,75020,0,0,2,5,3,1,1,4,1,01,1,1,000,030,1,0,1,4,2,44,5,0,0,00,2,5,1,200700015986A01,7,1,1
200700016006,2007-03-07,2007,mars,mercredi,95:5,75,75001,0,0,2,2,3,1,1,4,1,02,1,1,000,060,1,0,1,4,2,22,5,0,0,00,2,3,1,200700016006A01,5,1,1
200700016032,2007-03-06,2007,mars,mardi,16:10,75,75018,0,0,2,3,6,1,2,4,2,02,1,1,000,060,2,0,1,4,1,52,4,0,0,00,1,1,1,200700016032A01,,,
200700016035,2007-03-07,2007,mars,mercredi,84:5,75,75019,0,0,2,1,3,1,1,4,2,04,1,1,000,120,1,0,1,4,1,29,4,0,0,00,2,3,18,200700016035A01,14,1,1
200700016040,2007-03-08,2007,mars,jeudi,11:50,75,75012,0,0,2,1,6,1,1,4,1,02,1,2,000,060,1,0,1,3,1,50,5,0,0,12,0,2,1,200700016040A01,,,
200700016054,2007-03-11,2007,mars,dimanche,10:40,75,75012,0,0,2,3,7,1,1,4,2,02,1,1,000,060,1,0,1,4,1,23,5,0,0,00,0,0,21,200700016054A01,,,
200700016108,2007-03-12,2007,mars,lundi,17:15,75,75016,0,0,2,1,6,1,1,4,2,02,1,1,000,060,1,0,1,1,1,29,4,0,0,00,1,1,1,200700016108A01,,,
200700016119,2007-03-12,2007,mars,lundi,75:0,75,75006,0,0,2,2,3,1,1,4,1,01,1,1,000,030,1,0,1,4,2,39,4,0,0,00,2,2,1,200700016119A01,7,1,1
200700016150,2007-03-12,2007,mars,lundi,17:46,75,75015,0,0,2,1,3,1,1,4,2,02,1,1,000,060,1,0,1,4,2,53,5,0,0,00,2,3,1,200700016150B01,7,17,1
200700016169,2007-03-13,2007,mars,mardi,11:40,75,75004,0,0,2,1,3,1,1,4,1,03,1,1,000,090,1,0,1,4,1,57,5,0,0,00,2,3,1,200700016169B01,18,16,1
200700016173,2007-03-15,2007,mars,jeudi,18:40,75,75019,0,0,2,3,6,2,1,4,1,01,1,1,000,030,1,0,1,4,1,51,5,0,0,00,1,1,1,200700016173A01,,,
200700016174,2007-03-13,2007,mars,mardi,19:05,75,75015,0,0,2,1,3,1,1,4,2,02,1,1,000,060,1,0,1,4,1,16,5,0,0,00,2,2,1,200700016174B01,7,22,1
200700016176,2007-03-13,2007,mars,mardi,18:00,75,75015,0,0,2,1,2,1,1,4,2,02,1,1,000,060,1,0,1,4,2,20,5,0,0,00,2,4,1,200700016176B01,7,1,1
200700016178,2007-03-13,2007,mars,mardi,11:45,75,75015,0,0,2,2,3,1,1,4,2,02,1,1,000,060,1,0,1,4,1,60,5,0,0,00,2,1,1,200700016178B01,7,1,1
200700016190,2007-03-15,2007,mars,jeudi,19:10,75,75015,0,0,2,1,3,5,1,4,2,04,1,1,000,120,1,0,1,4,1,28,4,0,0,00,2,1,1,200700016190B01,10,16,1
200700016204,2007-03-14,2007,mars,mercredi,10:50,75,75015,0,0,2,2,3,1,1,4,2,04,1,1,000,120,1,0,1,4,1,23,5,0,0,00,2,3,1,200700016204B01,7,16,1
200700016223,2007-03-17,2007,mars,samedi,19:15,75,75017,0,0,2,1,3,5,1,4,1,03,1,1,000,090,1,0,1,4,1,53,9,0,0,00,2,1,1,200700016223B01,7,22,1
200700016226,2007-03-17,2007,mars,samedi,18:05,75,75019,0,0,2,2,3,1,1,4,2,04,1,1,000,120,1,0,1,4,2,34,5,0,0,00,2,1,15,200700016226A01,2,1,1
200700016248,2007-03-18,2007,mars,dimanche,10:20,75,75016,0,0,2,1,3,1,2,4,2,02,1,1,000,060,2,0,1,4,2,62,5,0,0,00,2,2,1,200700016248B01,7,22,1
200700016264,2007-03-19,2007,mars,lundi,13:45,75,75015,0,0,2,1,2,1,8,4,1,01,1,1,000,030,1,0,1,4,2,52,4,0,0,00,2,1,1,200700016264A01,7,1,1
200700016292,2007-03-20,2007,mars,mardi,18:07,75,75014,0,0,2,2,3,1,2,4,2,04,1,1,000,120,2,0,1,4,1,13,9,0,0,00,2,2,19,200700016292A01,7,1,1
200700016301,2007-03-20,2007,mars,mardi,15:00,75,75010,0,0,2,1,6,1,1,4,1,01,1,1,000,030,1,0,1,4,1,27,5,0,0,00,2,4,1,200700016301B01,10,0,1
200700016309,2007-03-20,2007,mars,mardi,19:45,75,75012,0,0,2,1,7,5,2,4,2,04,1,1,000,120,2,0,4,4,2,42,5,0,0,00,0,0,1,200700016309A01,,,
200700016322,2007-03-21,2007,mars,mercredi,17:00,75,75019,0,0,2,3,3,1,1,4,1,01,1,1,000,030,1,0,1,4,1,41,5,0,0,00,2,3,1,200700016322B01,7,0,1
200700016351,2007-03-14,2007,mars,mercredi,13:55,75,75010,0,0,2,2,3,1,1,4,2,03,1,1,000,090,1,0,1,4,2,42,5,0,0,00,2,2,15,200700016351A01,10,1,1
200700016431,2007-03-27,2007,mars,mardi,17:20,75,75004,0,0,2,2,3,1,1,4,1,01,1,1,000,030,1,0,1,4,1,52,5,0,0,00,2,2,1,200700016431A01,7,1,1
200700016434,2007-03-27,2007,mars,mardi,16:50,75,75008,0,0,2,1,7,1,1,4,2,02,1,1,000,060,9,0,1,4,1,43,4,0,0,00,0,0,1,200700016434A01,,,
200700016446,2007-03-26,2007,mars,lundi,12:55,75,75015,0,0,2,4,3,1,1,4,2,02,1,1,000,060,1,0,1,4,2,50,5,0,0,00,2,1,1,200700016446A01,7,15,1
200700016452,2007-03-27,2007,mars,mardi,19:15,75,75019,0,0,2,2,3,1,1,4,2,04,1,1,000,120,1,0,1,4,2,36,5,0,0,00,2,2,1,200700016452A01,7,16,1
200700016456,2007-03-26,2007,mars,lundi,19:15,75,75019,0,0,2,3,2,5,1,4,1,02,1,1,000,060,1,0,1,4,1,45,5,1,2,00,2,1,15,200700016456B01,7,4,1
200700016460,2007-03-22,2007,mars,jeudi,18:30,75,75015,0,0,2,1,6,1,1,4,3,02,1,1,010,060,1,0,1,4,1,63,5,0,0,00,2,2,15,200700016460A01,2,1,1
200700016463,2007-03-27,2007,mars,mardi,17:30,75,75014,0,0,2,2,3,1,1,4,1,03,1,1,000,090,1,0,1,4,1,19,5,0,0,00,2,3,19,200700016463A01,7,1,1
200700016480,2007-03-24,2007,mars,samedi,20:35,75,75010,0,0,2,1,3,5,2,4,2,04,1,1,000,120,2,0,1,4,1,35,5,0,0,00,2,3,1,200700016480B01,7,22,1
200700016544,2007-03-23,2007,mars,vendredi,22:25,75,75012,0,0,2,5,6,5,8,4,1,04,1,1,000,120,2,0,1,4,1,47,5,0,0,00,2,3,16,200700016544B01,10,0,1
200700016548,2007-03-26,2007,mars,lundi,15:00,75,75011,0,0,2,1,3,1,1,4,2,03,1,1,000,090,1,0,1,4,1,29,4,1,2,00,2,2,1,200700016548B01,7,10,1
200700016584,2007-03-21,2007,mars,mercredi,15:20,75,75019,0,0,2,1,3,1,8,4,1,02,1,1,000,060,2,0,1,4,1,43,5,1,2,00,2,2,1,200700016584B01,7,9,1
200700016621,2007-03-14,2007,mars,mercredi,16:35,75,75012,0,0,2,3,3,1,1,4,2,04,1,1,000,120,1,0,1,3,2,55,9,0,0,00,2,3,1,200700016621B01,14,16,1
200700016646,2007-03-27,2007,mars,mardi,73:0,75,75013,0,0,2,1,3,2,1,4,2,04,1,1,000,120,1,0,1,2,2,25,5,0,0,00,2,1,1,200700016646B01,17,16,1
200700016648,2007-03-27,2007,mars,mardi,18:10,75,75018,0,0,2,1,6,1,1,4,3,02,1,1,000,090,1,0,1,1,1,58,5,0,0,00,1,1,1,200700016648A01,,,
200700016678,2007-03-07,2007,mars,mercredi,18:00,76,76681,0,0,2,3,3,1,1,4,2,01,2,1,000,000,1,0,1,4,2,22,0,1,9,00,2,7,1,200700016678A01,7,1,1
200700016680,2007-03-09,2007,mars,vendredi,14:25,76,76212,0,0,2,2,3,1,1,4,3,02,2,1,010,100,1,2,1,4,1,28,5,1,9,00,2,8,19,200700016680A01,7,1,1
200700016705,2007-03-13,2007,mars,mardi,12:45,77,77108,0,0,2,1,6,1,1,4,1,02,1,1,000,072,1,0,1,4,2,67,5,1,9,01,0,8,22,200700016705B01,7,22,1
200700016718,2007-03-10,2007,mars,samedi,20:25,77,77320,0,0,2,1,3,3,1,9,-1,00,2,2,000,040,1,0,1,3,1,34,5,1,2,15,0,1,2,200700016718A01,7,2,1
200700016732,2007-03-20,2007,mars,mardi,84:5,77,77284,0,0,2,1,3,1,1,4,1,01,1,1,000,050,1,0,1,4,1,30,5,1,2,00,2,1,1,200700016732A01,7,1,1
200700016744,2007-03-10,2007,mars,samedi,83:0,77,77122,0,0,2,2,2,1,1,9,2,02,1,1,000,000,1,5,1,3,1,47,5,1,2,00,2,4,2,200700016744B01,7,2,1
200700016771,2007-03-30,2007,mars,vendredi,15:10,78,78138,0,0,2,9,3,1,1,4,2,02,1,1,000,060,1,0,1,4,1,19,0,1,9,00,2,1,15,200700016771A01,7,1,1
200700016772,2007-03-09,2007,mars,vendredi,12:15,78,78397,0,0,2,2,3,1,2,4,1,01,1,1,000,000,2,0,1,4,2,20,0,1,9,00,2,0,1,200700016772B01,7,19,1
200700016799,2007-03-06,2007,mars,mardi,17:35,78,78490,0,0,2,1,3,5,3,3,2,02,-1,-1,000,060,-1,0,1,4,1,32,1,1,9,00,2,8,0,200700016799B01,7,0,1
200700016805,2007-03-12,2007,mars,lundi,16:25,78,78643,0,0,2,6,3,1,1,4,1,00,1,1,000,000,1,0,1,3,1,63,5,1,2,00,2,3,1,200700016805B01,7,9,1
200700016824,2007-03-07,2007,mars,mercredi,11:45,78,78586,0,0,2,1,3,1,1,4,2,02,1,1,000,086,1,0,1,4,1,35,1,1,9,00,2,7,1,200700016824B01,7,9,1
200700016827,2007-03-14,2007,mars,mercredi,18:00,78,78586,0,0,2,1,6,1,1,4,2,02,1,3,000,070,1,0,1,4,1,29,5,1,9,00,0,8,1,200700016827B01,10,1,1
200700016829,2007-03-28,2007,mars,mercredi,15:05,78,78586,0,0,2,3,6,1,1,4,2,02,1,1,000,090,1,0,1,4,2,60,9,1,9,00,2,8,15,200700016829B01,7,17,1
200700016830,2007-03-28,2007,mars,mercredi,19:10,78,78586,0,0,2,1,3,1,1,3,2,02,1,1,000,080,1,0,1,4,1,28,9,1,2,00,2,7,1,200700016830B01,7,9,1
200700016858,2007-03-11,2007,mars,dimanche,11:05,80,80001,0,0,2,6,3,1,1,2,-1,01,1,-1,000,185,1,5,1,4,1,17,5,1,9,00,2,7,19,200700016858B01,7,0,1
200700016866,2007-03-12,2007,mars,lundi,83:5,80,80021,0,0,2,1,3,1,1,4,2,04,1,1,010,120,1,0,1,4,1,24,5,1,9,00,2,3,19,200700016866A01,7,1,1
200700016895,2007-03-22,2007,mars,jeudi,82:0,81,81065,0,0,2,3,3,1,1,3,2,03,1,1,000,000,1,0,1,3,1,48,0,0,0,00,2,1,1,200700016895A01,7,13,1
200700016904,2007-03-14,2007,mars,mercredi,19:44,81,81163,0,0,2,2,3,5,1,3,2,02,1,2,000,100,1,5,1,3,1,43,5,1,9,00,2,1,1,200700016904B01,7,15,1
200700016924,2007-03-21,2007,mars,mercredi,18:00,83,83129,0,0,2,1,3,1,1,4,-1,00,1,-1,000,000,1,0,1,3,1,47,5,1,9,00,2,1,0,200700016924B01,7,16,1
200700016928,2007-03-19,2007,mars,lundi,17:50,83,83126,0,0,2,2,3,2,1,3,2,02,1,1,000,000,1,0,0,4,1,42,5,1,4,00,2,1,1,200700016928B01,7,19,1
200700016929,2007-03-21,2007,mars,mercredi,20:24,83,83126,0,0,2,1,1,3,1,4,2,01,1,1,000,000,1,0,1,4,1,16,5,1,4,00,2,0,1,200700016929B01,3,1,1
200700016938,2007-03-03,2007,mars,samedi,10:15,83,83090,0,0,2,6,3,1,1,4,2,02,1,1,000,000,1,0,1,4,1,52,5,1,2,00,2,1,1,200700016938B01,7,9,1
200700016941,2007-03-14,2007,mars,mercredi,80:0,83,83137,0,0,2,1,3,1,1,4,1,01,1,1,000,030,1,5,1,4,1,30,1,1,9,00,2,0,19,200700016941B01,7,1,1
200700016957,2007-03-23,2007,mars,vendredi,81:5,83,83137,0,0,2,1,3,1,1,4,2,02,1,2,000,000,1,0,1,4,1,47,1,1,2,00,2,0,19,200700016957B01,7,0,1
200700016959,2007-03-12,2007,mars,lundi,17:20,83,83137,0,0,2,6,3,1,1,4,-1,02,1,1,000,000,1,0,1,3,1,50,5,1,9,00,2,7,1,200700016959B01,7,9,1
200700016974,2007-03-17,2007,mars,samedi,18:50,84,84007,0,0,2,9,3,1,1,4,3,04,1,1,010,120,1,6,1,3,1,10,9,1,2,00,2,7,19,200700016974B01,7,1,1