Num_Acc,date,an,mois,jour,hrmn,dep,com,lat,long,agg,int,col,lum,atm,catr,circ,nbv,prof,plan,lartpc,larrout,surf,infra,situ,grav,sexe,age,trajet,secuexist,equipement,obs,obsm,choc,manv,vehiculeid,typevehicules,manoeuvehicules,numVehicules
200700017012,2007-03-15,2007,mars,jeudi,71:5,86,86194,0,0,2,1,6,1,1,4,2,02,1,1,000,070,1,0,1,1,1,27,9,1,9,00,2,8,13,200700017012A01,30,17,1
200700017129,2007-03-24,2007,mars,samedi,12:25,91,91421,0,0,2,1,2,1,2,3,2,02,1,1,000,070,2,0,1,4,1,24,5,1,9,00,2,5,1,200700017129B01,7,15,1
200700017135,2007-03-09,2007,mars,vendredi,82:5,91,91471,0,0,2,1,2,1,1,3,2,02,4,1,000,000,1,0,1,4,1,16,5,1,2,00,2,1,2,200700017135A01,7,1,1
200700017140,2007-03-23,2007,mars,vendredi,20:30,91,91570,0,0,2,1,3,2,2,4,2,02,1,1,000,000,2,0,1,3,1,21,9,1,9,00,2,1,1,200700017140B01,7,15,1
200700017152,2007-03-05,2007,mars,lundi,17:35,92,92004,0,0,2,1,6,1,1,4,2,02,-1,-1,000,060,1,0,1,3,1,13,5,1,9,00,2,1,19,200700017152B01,31/ 7,0/23,2
200700017153,2007-03-07,2007,mars,mercredi,94:0,92,92004,0,0,2,1,3,1,1,5,1,03,-1,-1,000,000,1,0,4,4,2,25,0,1,9,00,2,1,0,200700017153B01,13,0,1
200700017172,2007-03-18,2007,mars,dimanche,13:20,92,92012,0,0,2,3,3,1,1,4,2,02,1,1,192,072,1,0,1,4,2,54,0,1,9,00,2,1,0,200700017172B01,10,15,1
200700017174,2007-03-21,2007,mars,mercredi,21:05,92,92012,0,0,2,1,6,5,1,4,2,02,1,1,000,072,1,0,1,4,2,33,1,0,0,01,0,1,1,200700017174B01,7,24,1
200700017194,2007-03-01,2007,mars,jeudi,62:0,92,92024,0,0,2,2,3,5,3,4,2,03,1,1,000,000,2,0,1,3,1,49,1,1,9,00,2,7,15,200700017194A01,7,1,1
200700017233,2007-03-10,2007,mars,samedi,14:05,92,92035,0,0,2,5,3,1,1,3,2,02,1,1,000,000,2,0,1,4,1,56,0,1,2,00,2,3,19,200700017233B01,7,15,1
200700017236,2007-03-19,2007,mars,lundi,14:20,92,92035,0,0,2,1,3,1,1,2,4,04,1,1,000,000,1,0,4,4,1,13,0,1,2,15,0,8,1,200700017236B01,7,23,1
200700017237,2007-03-28,2007,mars,mercredi,14:40,92,92035,0,0,2,3,3,1,1,3,2,02,1,1,000,000,1,0,1,4,1,14,5,1,2,00,2,1,19,200700017237A01,7,1,1
200700017252,2007-03-18,2007,mars,dimanche,10:45,92,92040,0,0,2,7,3,1,2,3,2,02,1,1,000,100,2,0,1,4,1,46,5,1,2,00,2,3,1,200700017252B01,7,15,1
200700017254,2007-03-28,2007,mars,mercredi,18:10,92,92040,0,0,2,9,3,1,1,3,2,02,1,1,000,060,2,0,1,4,2,52,1,1,9,00,2,1,9,200700017254A01,7,1,1
200700017290,2007-03-02,2007,mars,vendredi,20:35,92,92051,0,0,2,3,3,5,2,3,2,02,1,1,000,000,3,0,1,4,1,51,0,1,9,00,2,6,2,200700017290B01,2,15,1
200700017291,2007-03-05,2007,mars,lundi,85:5,92,92051,0,0,2,1,2,1,1,4,2,02,1,1,000,000,1,0,1,4,2,31,1,1,9,00,2,4,0,200700017291B01,7,1,1
200700017300,2007-03-18,2007,mars,dimanche,19:10,92,92051,0,0,2,1,3,5,1,4,2,02,1,1,000,000,1,0,1,4,1,71,0,1,9,00,2,3,19,200700017300B01,7,1,1
200700017335,2007-03-17,2007,mars,samedi,17:55,92,92075,0,0,2,6,3,1,1,4,2,02,1,2,000,104,1,5,1,4,2,58,5,1,2,00,2,1,0,200700017335A01,7,0,1
200700017362,2007-03-05,2007,mars,lundi,13:35,93,93005,0,0,2,2,3,1,1,4,2,02,1,1,000,080,1,5,1,3,1,15,2,1,9,00,2,7,0,200700017362A01,7,0,1
200700017370,2007-03-22,2007,mars,jeudi,16:20,93,93005,0,0,2,2,3,1,1,4,1,00,1,1,000,030,1,0,1,3,2,12,2,1,9,00,2,1,0,200700017370B01,10,1,1
200700017382,2007-03-01,2007,mars,jeudi,14:43,93,93008,0,0,2,1,7,1,1,5,-1,00,1,3,000,000,1,0,0,4,1,18,5,1,9,00,0,0,0,200700017382A01,,,
200700017400,2007-03-16,2007,mars,vendredi,15:45,93,93029,0,0,2,1,3,1,1,4,1,01,1,1,000,050,1,0,1,4,1,13,5,1,9,00,2,1,1,200700017400B01,30,5,1
200700017466,2007-03-30,2007,mars,vendredi,11:00,93,93051,0,0,2,1,3,1,2,4,2,01,1,1,000,040,2,0,4,4,1,32,4,1,9,00,2,1,0,200700017466B01,7,9,1
200700017484,2007-03-02,2007,mars,vendredi,12:05,93,93062,0,0,2,1,3,1,1,3,3,01,2,1,020,080,1,0,1,3,1,31,5,1,2,00,2,1,2,200700017484A01,7,2,1
200700017498,2007-03-22,2007,mars,jeudi,20:10,93,93064,0,0,1,1,3,5,1,6,1,02,1,1,000,080,1,0,3,4,1,34,5,1,9,00,2,1,5,200700017498A01,7,1,1
200700017503,2007-03-29,2007,mars,jeudi,18:00,93,93064,0,0,2,1,3,1,1,4,1,01,1,1,000,050,1,0,1,4,1,20,5,1,9,00,2,1,5,200700017503B01,7,1,1
200700017537,2007-03-10,2007,mars,samedi,11:10,93,93071,0,0,2,3,1,1,1,3,2,02,1,1,000,080,1,5,1,3,1,32,5,1,9,00,2,7,19,200700017537B01,7,1,1
200700017570,2007-03-08,2007,mars,jeudi,18:15,94,94017,0,0,2,1,3,1,1,3,1,01,1,1,000,000,1,0,1,4,2,10,9,1,2,00,0,0,0,200700017570B01,7,0,1
200700017576,2007-03-17,2007,mars,samedi,10:35,94,94018,0,0,2,2,3,1,1,3,1,04,1,1,000,104,1,0,1,4,1,51,5,1,2,00,2,1,1,200700017576B01,7,15,1
200700017582,2007-03-21,2007,mars,mercredi,75:0,94,94055,0,0,2,3,3,2,1,3,2,02,1,1,000,092,1,0,1,4,1,38,9,1,9,00,2,1,15,200700017582B01,7,1,1
200700017644,2007-03-20,2007,mars,mardi,16:40,94,94065,0,0,2,2,3,1,2,4,-1,00,-1,-1,000,000,2,0,1,4,1,45,0,1,9,00,2,7,0,200700017644B01,7,1,1
200700017664,2007-03-05,2007,mars,lundi,75:0,94,94046,0,0,2,1,6,1,1,2,2,00,1,1,000,120,1,0,1,3,1,39,1,1,2,00,2,2,17,200700017664C01,7,23,2
200700017666,2007-03-09,2007,mars,vendredi,19:15,94,94046,0,0,2,2,3,5,1,2,2,04,1,1,000,000,1,0,1,4,1,15,9,1,9,00,2,1,1,200700017666B01,7,0,1
200700017687,2007-03-31,2007,mars,samedi,21:45,94,94068,0,0,2,2,6,5,1,3,2,02,1,1,000,060,1,0,1,4,1,26,5,1,9,00,2,1,15,200700017687A01,,,
200700017730,2007-03-26,2007,mars,lundi,15:35,95,95018,0,0,2,1,6,1,1,4,2,02,1,1,000,056,1,0,1,4,1,32,5,1,2,00,2,1,19,200700017730B01,33,1,1
200700017740,2007-03-14,2007,mars,mercredi,94:5,95,95063,0,0,2,5,3,1,1,2,3,02,1,3,007,066,1,0,1,2,1,86,0,1,2,00,2,8,19,200700017740B01,15,16,1
200700017741,2007-03-28,2007,mars,mercredi,15:10,95,95063,0,0,2,1,6,1,1,4,2,02,1,1,000,060,1,0,1,4,1,78,5,1,9,00,2,0,15,200700017741A01,7/ 31,16/1,3
200700017743,2007-03-22,2007,mars,jeudi,16:15,95,95572,0,0,2,1,1,1,1,4,2,02,1,-1,000,035,1,0,1,4,1,15,5,1,9,00,2,7,15,200700017743B01,7,1,1
200700017743,2007-03-22,2007,mars,jeudi,16:15,95,95572,0,0,2,1,1,1,1,4,2,02,1,-1,000,035,1,0,1,4,1,14,0,1,2,00,2,7,15,200700017743B01,7,1,1
200700017747,2007-03-19,2007,mars,lundi,13:20,95,95555,0,0,2,1,6,1,1,4,2,02,1,-1,000,000,-1,0,1,4,1,14,2,1,9,00,9,1,2,200700017747B01,1,17,1
200700017747,2007-03-19,2007,mars,lundi,13:20,95,95555,0,0,2,1,6,1,1,4,2,02,1,-1,000,000,-1,0,1,1,1,15,2,1,9,00,9,4,17,200700017747A01,1,2,1
200700017750,2007-03-07,2007,mars,mercredi,16:15,95,95426,0,0,2,1,6,1,1,3,1,02,1,1,000,000,1,0,1,4,1,22,5,1,2,00,2,8,2,200700017750B01,10,2,1
200700017761,2007-03-07,2007,mars,mercredi,14:30,95,95306,0,0,2,1,1,1,1,4,1,00,1,1,000,075,1,0,1,4,1,25,0,1,9,00,2,1,5,200700017761A01,7,1,1
200700017768,2007-03-30,2007,mars,vendredi,11:05,95,95306,0,0,2,3,3,1,1,4,1,00,1,1,000,000,1,0,1,3,2,81,0,1,2,00,2,5,1,200700017768B01,7,1,1
200700017778,2007-03-28,2007,mars,mercredi,17:10,95,95607,0,0,2,1,6,1,1,4,1,01,1,1,000,060,1,0,1,3,1,19,5,1,2,06,0,1,1,200700017778A01,,,
200700017778,2007-03-28,2007,mars,mercredi,17:10,95,95607,0,0,2,1,6,1,1,4,1,01,1,1,000,060,1,0,1,3,2,19,0,1,2,06,0,1,1,200700017778A01,,,
200700017780,2007-03-30,2007,mars,vendredi,15:00,95,95563,0,0,2,2,2,1,1,4,-1,01,-1,-1,000,050,1,0,1,3,1,19,0,1,9,00,2,1,1,200700017780A01,7,1,1
200700018133,2007-03-04,2007,mars,dimanche,11:00,69,69383,0,0,2,2,1,1,1,4,1,01,1,1,000,000,1,0,1,4,1,59,0,1,2,00,2,1,1,200700018133B01,7,1,1
200700018141,2007-03-14,2007,mars,mercredi,13:10,69,69383,0,0,2,1,1,1,1,4,2,04,1,1,000,000,1,0,1,3,1,31,0,1,9,00,2,1,1,200700018141A01,7,0,1
200700018147,2007-03-16,2007,mars,vendredi,18:20,69,69383,0,0,2,1,3,2,1,4,1,02,1,1,000,000,1,0,4,4,1,43,5,1,9,00,2,8,1,200700018147B01,7,9,1
200700018149,2007-03-31,2007,mars,samedi,14:00,69,69383,0,0,2,1,3,1,1,4,1,01,1,-1,000,000,1,0,1,4,1,42,5,1,9,00,2,1,1,200700018149B01,7,24,1
200700018184,2007-03-08,2007,mars,jeudi,10:45,69,69385,0,0,2,1,3,1,1,3,1,01,1,1,000,000,1,0,5,4,1,47,1,1,2,00,2,3,1,200700018184B01,7,14,1
200700018201,2007-03-13,2007,mars,mardi,18:30,69,69387,0,0,2,2,6,2,1,4,1,01,1,1,000,038,1,0,1,4,2,26,1,1,9,01,0,1,1,200700018201B01,7,24,1
200700018320,2007-03-09,2007,mars,vendredi,16:02,44,44190,0,0,2,2,3,1,1,4,2,02,1,1,000,073,1,0,1,4,1,12,2,1,9,00,2,8,15,200700018320A01,2,1,1
200700018326,2007-03-14,2007,mars,mercredi,18:05,44,44143,0,0,2,1,6,1,1,4,1,01,1,1,000,061,1,0,1,4,2,16,5,1,9,00,2,4,1,200700018326B01,10/ 7,1,3
200700018334,2007-02-10,2007,février,samedi,22:45,51,51573,0,0,2,1,2,5,1,3,2,04,1,1,000,100,1,0,1,4,2,47,5,1,2,00,2,4,2,200700018334B01,7,2,1
200700018360,2007-03-11,2007,mars,dimanche,17:20,78,78358,0,0,2,2,3,1,1,4,1,01,1,1,000,051,1,0,1,4,1,17,5,1,2,00,0,0,0,200700018360B01,7,0,1
200700018383,2007-04-17,2007,avril,mardi,15:00,59,59221,50.301,3.517,1,1,1,1,1,3,2,00,2,1,000,058,1,0,1,3,1,12,5,0,0,00,0,8,15,200700018383B02,7,1,1
200700018430,2007-04-28,2007,avril,samedi,16:00,80,80716,0,0,2,1,2,1,1,4,2,00,2,1,000,033,1,0,1,3,1,17,5,1,2,01,0,1,2,200700018430A01,7,23,1
200700018433,2007-04-30,2007,avril,lundi,16:00,80,80834,0,0,2,9,3,1,1,4,2,02,1,1,000,075,1,0,1,3,1,15,5,0,0,00,2,1,15,200700018433B02,7,1,1
200700018444,2007-04-13,2007,avril,vendredi,13:30,80,80685,49.698,2.791,2,4,1,1,1,3,2,02,1,1,000,050,1,0,1,3,1,19,5,1,2,00,2,1,1,200700018444B02,10,1,1
200700018513,2007-04-15,2007,avril,dimanche,12:00,60,60338,0,0,2,1,1,1,1,3,2,00,-1,-1,000,000,-1,0,0,3,1,10,5,0,0,00,9,2,13,200700018513B02,33,1,1
200700018529,2007-04-10,2007,avril,mardi,10:00,76,76401,49.481,0.765,2,1,1,1,5,9,-1,00,-1,1,000,060,1,0,1,3,2,77,3,0,0,00,2,0,2,200700018529B02,7,2,1
200700018561,2007-04-13,2007,avril,vendredi,19:00,27,27117,48.998,0.524,1,1,2,1,1,3,2,02,1,1,000,000,1,0,1,4,1,43,5,1,2,00,2,4,19,200700018561B02,7,17,1
200700018572,2007-04-09,2007,avril,lundi,13:30,27,27150,49.1,1.38,2,9,1,1,1,4,2,02,1,1,000,050,1,0,1,3,1,9,5,0,0,00,2,1,15,200700018572A01,7,1,1
200700018585,2007-04-18,2007,avril,mercredi,16:30,35,35290,48.08,-2.106,1,2,3,1,1,3,2,02,2,1,000,000,1,0,1,3,1,81,5,0,0,00,2,1,19,200700018585B02,10,1,1
200700018597,2007-04-21,2007,avril,samedi,19:30,35,35337,0,0,2,1,3,1,1,2,2,02,1,-1,000,090,1,5,1,3,1,78,5,1,2,00,2,8,1,200700018597B02,7,15,1
200700018640,2007-04-23,2007,avril,lundi,19:30,29,29102,48.231,-3.733,2,1,3,1,1,4,2,02,1,1,000,040,1,0,1,3,1,6,5,0,0,00,2,8,1,200700018640B02,7,1,1
200700018647,2007-04-22,2007,avril,dimanche,10:45,56,56008,47.6,-2.89,1,1,3,1,1,3,2,02,3,1,000,061,1,0,1,4,1,63,5,1,2,00,0,6,1,200700018647B02,7,17,1
200700018663,2007-04-21,2007,avril,samedi,15:00,56,56222,47.849,-2.714,2,1,3,1,1,3,2,00,1,2,000,070,1,0,1,3,1,55,5,0,0,00,2,1,1,200700018663B02,10,13,1
200700018673,2007-04-23,2007,avril,lundi,73:0,14,14738,0,0,1,1,2,1,7,3,2,02,1,3,077,077,1,0,1,4,2,37,1,1,2,00,0,3,1,200700018673B02,7,1,1
200700018706,2007-04-21,2007,avril,samedi,11:30,50,50280,49.148,-1.261,2,3,1,1,1,4,2,02,4,-1,000,000,9,0,1,3,1,15,5,0,0,00,2,1,15,200700018706A01,7,1,1
200700018706,2007-04-21,2007,avril,samedi,11:30,50,50280,49.148,-1.261,2,3,1,1,1,4,2,02,4,-1,000,000,9,0,1,1,1,20,0,0,0,00,2,1,15,200700018706A01,7,1,1
200700018724,2007-04-04,2007,avril,mercredi,18:15,50,50615,0,0,2,1,3,1,1,9,2,03,2,1,090,000,1,5,1,3,1,12,5,0,0,00,2,4,19,200700018724A01,7,1,1
200700018740,2007-04-19,2007,avril,jeudi,17:15,61,61486,48.781,-0.769,1,1,2,1,1,3,4,00,2,1,000,089,1,0,3,3,1,62,5,1,2,00,2,4,1,200700018740B02,7,1,1
200700018747,2007-04-26,2007,avril,jeudi,83:0,44,44172,0,0,2,1,2,1,2,3,2,00,1,1,000,090,2,0,1,3,1,54,1,1,4,00,2,0,2,200700018747B02,14,2,1
200700018754,2007-04-17,2007,avril,mardi,11:00,44,44110,47.43,-1.483,1,1,2,1,1,3,2,02,1,1,000,060,1,0,1,3,1,62,5,1,2,00,2,4,1,200700018754B02,7,17,1
200700018772,2007-04-07,2007,avril,samedi,14:45,49,49020,47.479,-0.633,2,1,3,1,1,9,2,02,1,1,000,000,1,0,1,3,1,19,5,0,0,00,2,1,1,200700018772B02,7,19,1
200700018832,2007-04-17,2007,avril,mardi,94:5,85,85019,0,0,1,1,1,1,1,3,2,00,1,1,000,000,1,0,1,3,1,15,2,0,0,00,2,6,15,200700018832A01,7,1,1
200700018843,2007-04-22,2007,avril,dimanche,10:45,85,85236,46.63,-1.68,1,1,3,1,1,3,2,02,3,1,000,063,1,0,1,3,1,60,5,1,2,00,2,3,2,200700018843B02,10,2,1
200700018845,2007-04-18,2007,avril,mercredi,22:45,85,85222,0,0,2,1,7,5,1,9,1,00,1,1,000,035,1,0,4,3,1,26,5,0,0,12,0,0,13,200700018845A01,,,
200700018856,2007-04-14,2007,avril,samedi,17:45,33,33067,45.044,-0.549,1,1,1,1,1,3,2,00,2,1,000,060,1,0,1,2,1,62,5,1,2,00,2,1,13,200700018856B02,7,1,1
200700018874,2007-04-10,2007,avril,mardi,14:15,33,33394,44.912,-0.177,1,1,5,1,1,3,2,02,1,1,000,000,1,0,1,3,1,73,5,1,2,00,2,6,1,200700018874B02,7,17,1
200700018874,2007-04-10,2007,avril,mardi,14:15,33,33394,44.912,-0.177,1,1,5,1,1,3,2,02,1,1,000,000,1,0,1,3,1,73,5,1,2,00,2,8,1,200700018874C03,7,17,1
200700018877,2007-04-16,2007,avril,lundi,91:5,33,33393,44.978,-0.199,1,4,1,1,1,3,2,02,4,1,000,066,2,0,1,2,1,20,0,0,0,00,2,1,19,200700018877B02,7,1,1
200700018878,2007-04-03,2007,avril,mardi,13:45,33,33402,0,0,2,1,1,1,1,4,1,01,1,1,000,030,1,0,1,3,1,14,2,1,2,00,2,2,1,200700018878B02,7,1,1
200700018958,2007-04-22,2007,avril,dimanche,16:15,16,16347,0,0,1,1,1,1,1,3,2,02,2,1,000,070,1,0,1,3,2,77,5,0,0,00,2,7,19,200700018958B02,33,1,1
200700018975,2007-04-11,2007,avril,mercredi,17:00,17,17051,0,0,1,1,3,1,1,3,2,00,1,1,000,072,1,0,1,3,1,56,5,0,0,00,2,8,19,200700018975A01,7,1,1
200700018987,2007-04-23,2007,avril,lundi,19:00,17,17337,45.981,-1.369,1,1,3,1,1,4,2,00,1,2,000,040,1,0,3,4,1,71,5,0,0,00,2,1,23,200700018987B02,7,1,1
200700019000,2007-04-12,2007,avril,jeudi,13:30,17,17228,0,0,1,1,3,1,1,2,2,02,2,1,070,000,1,0,1,3,2,49,1,1,2,00,0,4,2,200700019000B02,10,2,1
200700019045,2007-04-20,2007,avril,vendredi,14:00,31,31107,43.301,1.202,2,3,3,1,1,3,2,00,-1,3,000,082,1,5,1,3,2,48,5,0,0,00,2,7,1,200700019045A01,15,15,1
200700019085,2007-04-09,2007,avril,lundi,15:30,46,46075,0,0,1,1,1,1,1,3,2,02,1,1,000,079,1,0,1,2,1,80,5,1,2,00,2,4,1,200700019085B02,7,1,1
200700019104,2007-04-24,2007,avril,mardi,73:0,82,82126,44.169,1.552,1,6,2,1,1,3,2,00,1,2,000,077,1,5,1,3,2,54,1,0,0,00,0,4,15,200700019104B02,7,15,1
200700019125,2007-04-18,2007,avril,mercredi,15:30,69,69094,45.745,4.694,2,6,2,1,1,3,2,00,1,-1,000,000,1,0,0,1,1,61,9,1,2,00,2,4,23,200700019125A01,7,16,1
200700019129,2007-04-11,2007,avril,mercredi,17:55,69,69228,0,0,2,6,3,1,1,3,2,00,-1,-1,000,000,1,5,1,4,1,28,5,1,2,00,2,1,15,200700019129B02,7,1,1
200700019135,2007-04-02,2007,avril,lundi,13:45,69,69019,46.11,4.75,2,6,2,1,1,3,1,02,1,3,000,000,1,5,5,4,2,20,1,0,0,00,2,8,1,200700019135B02,7,16,1
200700019138,2007-04-07,2007,avril,samedi,14:00,69,69243,0,0,2,1,6,1,1,4,2,02,2,1,000,068,1,0,4,3,1,15,5,0,0,08,0,1,1,200700019138A01,,,
200700019150,2007-04-25,2007,avril,mercredi,18:15,01,01345,45.953,5.321,1,1,1,1,1,3,2,05,3,1,000,000,1,0,1,2,1,32,1,1,2,00,2,6,1,200700019150A01,7,12,1
200700019152,2007-04-26,2007,avril,jeudi,11:00,01,01265,0,0,2,1,2,1,1,3,2,02,1,1,000,103,1,0,1,3,2,80,3,0,0,00,2,1,2,200700019152B02,15,4,1
200700019175,2007-04-20,2007,avril,vendredi,16:45,07,07295,44.821,4.57,1,1,1,1,1,3,2,02,2,3,000,060,1,5,1,2,1,46,5,1,2,00,2,1,1,200700019175B02,7,15,1
200700019176,2007-04-10,2007,avril,mardi,18:30,07,07319,44.574,4.693,1,1,1,1,1,3,2,00,1,1,000,074,1,0,1,3,1,47,5,0,0,00,2,1,1,200700019176A01,2,19,1
200700019179,2007-04-18,2007,avril,mercredi,16:30,07,07319,0,0,2,1,3,1,1,3,2,02,1,1,000,000,1,0,1,3,1,6,5,1,2,00,9,7,19,200700019179B02,2,1,1
200700019189,2007-04-18,2007,avril,mercredi,15:45,07,07338,44.914,4.653,1,1,3,1,1,3,2,00,1,1,070,000,1,0,1,3,2,50,5,0,0,00,2,1,1,200700019189B02,7,15,1
200700019195,2007-04-06,2007,avril,vendredi,17:00,26,26064,0,0,1,1,6,1,1,3,2,02,1,1,000,070,1,0,1,3,1,71,5,0,0,00,5,6,1,200700019195A01,,,
200700019200,2007-04-06,2007,avril,vendredi,15:15,26,26037,44.87,4.96,2,3,1,1,1,3,2,01,1,1,000,054,1,0,1,2,1,14,5,0,0,00,2,3,9,200700019200B02,7,1,1
200700019208,2007-04-28,2007,avril,samedi,16:45,26,26347,0,0,1,1,2,1,1,3,2,02,-1,1,000,056,1,2,1,2,1,22,3,0,0,00,0,4,1,200700019208B02,7,17,1
200700019218,2007-04-07,2007,avril,samedi,14:15,38,38565,0,0,1,1,3,1,1,3,2,04,1,-1,000,000,1,5,1,3,2,52,0,0,0,00,2,1,19,200700019218B02,7,1,1
200700019221,2007-04-20,2007,avril,vendredi,73:0,38,38269,0,0,2,1,3,1,1,4,2,02,2,1,000,060,1,0,1,3,1,15,0,0,0,00,2,1,1,200700019221A01,38,1,1
200700019233,2007-04-28,2007,avril,samedi,93:0,38,38345,0,0,1,1,1,1,1,3,2,02,2,1,000,080,1,0,1,2,1,74,5,0,0,00,2,4,21,200700019233B02,15,2,1
200700019249,2007-04-30,2007,avril,lundi,12:15,44,44201,0,0,2,6,3,1,1,3,2,01,1,1,000,058,1,5,1,3,1,66,5,1,2,00,2,1,1,200700019249B02,7,1,1
200700019251,2007-04-15,2007,avril,dimanche,17:30,38,38087,45.587,4.803,2,1,1,1,1,4,3,00,-1,-1,000,000,1,0,1,3,1,5,5,0,0,00,2,1,19,200700019251B02,7,1,1
200700019267,2007-04-26,2007,avril,jeudi,17:30,42,42121,45.604,3.958,1,4,3,1,1,3,2,00,2,3,050,000,1,0,1,4,1,61,5,1,2,00,2,8,1,200700019267B02,10,15,1
200700019275,2007-04-28,2007,avril,samedi,17:15,42,42296,45.738,4.289,1,1,3,1,1,3,2,02,2,1,000,052,1,0,1,4,1,39,5,1,2,00,0,6,1,200700019275A01,33,17,1
200700019278,2007-04-06,2007,avril,vendredi,11:00,42,42149,45.652,4.229,2,1,6,1,1,4,2,00,1,2,060,000,1,0,0,3,1,15,5,1,9,00,0,0,0,200700019278A01,7,1,1
200700019279,2007-04-25,2007,avril,mercredi,93:0,42,42149,45.627,4.25,1,1,3,1,1,3,2,00,1,1,000,120,1,0,1,4,1,83,5,0,0,00,2,8,15,200700019279A01,14,1,1
200700019340,2007-04-25,2007,avril,mercredi,14:30,63,63457,45.647,3.252,2,1,3,1,7,3,2,00,1,1,000,000,1,0,1,4,1,10,5,1,2,00,2,8,19,200700019340B02,7,1,1
200700019342,2007-04-30,2007,avril,lundi,19:45,63,63003,0,0,2,2,3,1,1,6,-1,00,-1,-1,000,000,1,0,1,3,1,12,5,0,0,00,2,1,1,200700019342B02,7,1,1
200700019355,2007-04-30,2007,avril,lundi,17:00,63,63195,0,0,2,1,1,1,1,4,2,02,-1,1,000,040,1,0,1,3,1,32,2,0,0,00,2,0,1,200700019355A01,7,17,1
200700019355,2007-04-30,2007,avril,lundi,17:00,63,63195,0,0,2,1,1,1,1,4,2,02,-1,1,000,040,1,0,1,4,1,8,0,0,0,00,2,0,1,200700019355A01,7,17,1
200700019377,2007-04-01,2007,avril,dimanche,11:30,43,43267,45.188,3.91,2,1,3,1,1,3,2,00,-1,2,000,060,1,0,1,4,1,57,5,0,0,00,2,1,1,200700019377B02,7,15,1
200700019419,2007-04-13,2007,avril,vendredi,18:30,57,57232,48.965,6.798,2,3,3,1,1,3,-1,02,1,1,000,068,1,5,1,3,1,38,5,0,0,00,2,1,15,200700019419B02,10,1,1
200700019420,2007-04-11,2007,avril,mercredi,16:15,57,57428,49.099,6.777,2,1,1,1,1,9,2,02,3,3,000,035,1,0,1,3,1,12,5,0,0,00,2,1,5,200700019420B02,7,1,1
200700019432,2007-04-21,2007,avril,samedi,19:30,54,54186,0,0,2,1,3,1,1,4,-1,00,4,1,000,000,1,0,1,4,1,29,0,1,2,00,2,1,0,200700019432B02,7,1,1
200700019455,2007-04-21,2007,avril,samedi,93:0,88,88237,0,0,1,1,1,1,1,3,2,00,1,2,080,060,1,5,1,3,1,71,5,1,2,00,2,1,0,200700019455A01,7,1,1
200700019491,2007-04-03,2007,avril,mardi,12:45,67,67520,48.649,7.452,2,6,1,1,1,3,1,01,1,2,000,040,1,5,1,4,1,50,1,0,0,00,2,3,1,200700019491B02,7,16,1
200700019507,2007-04-09,2007,avril,lundi,11:45,67,67544,49.036,7.957,1,1,1,1,1,3,2,02,1,1,010,065,1,0,1,3,1,51,5,1,2,00,0,7,11,200700019507B02,7,1,1
200700019522,2007-04-26,2007,avril,jeudi,94:5,68,68026,0,0,1,3,3,1,1,3,2,00,1,1,000,074,1,0,1,3,1,58,5,1,2,00,2,7,1,200700019522B02,7,19,1
200700019523,2007-04-26,2007,avril,jeudi,17:15,68,68269,48.13,7.29,2,2,1,1,1,4,2,02,1,1,000,056,1,0,1,3,2,10,5,0,0,00,2,7,1,200700019523A01,7,1,1
200700019528,2007-04-17,2007,avril,mardi,17:45,68,68365,48.065,7.291,1,1,1,1,7,4,2,00,2,4,000,050,1,0,1,3,1,15,5,1,2,14,0,8,13,200700019528B02,7,23,1
200700019529,2007-04-17,2007,avril,mardi,15:00,68,68374,48.08,7.277,1,1,3,1,1,3,2,00,1,1,000,060,1,0,1,4,1,16,5,1,2,00,2,8,19,200700019529B02,33,1,1
200700019530,2007-04-28,2007,avril,samedi,12:00,68,68350,0,0,1,1,1,1,1,3,2,02,2,1,000,000,1,0,1,3,1,18,9,1,2,00,0,4,16,200700019530B02,7,1,1
200700019537,2007-04-06,2007,avril,vendredi,15:15,68,68251,48,7.221,1,1,2,1,1,3,2,00,2,1,000,000,1,0,1,3,1,34,5,0,0,00,2,4,2,200700019537B02,33,17,1
200700019566,2007-04-08,2007,avril,dimanche,20:00,51,51225,49.2,3.976,1,1,2,1,7,4,2,00,2,1,000,050,1,0,1,3,2,58,5,0,0,00,2,4,1,200700019566B02,10,1,1
200700019568,2007-04-13,2007,avril,vendredi,17:15,51,51649,48.733,4.592,2,1,1,1,1,3,2,01,1,1,000,000,1,6,1,4,2,16,2,0,0,00,2,8,19,200700019568A01,7,1,1
200700019581,2007-04-19,2007,avril,jeudi,11:45,08,08067,0,0,2,1,1,1,1,3,2,00,1,1,000,065,1,0,1,3,2,37,1,1,9,00,0,4,15,200700019581B02,7,0,1
200700019592,2007-04-14,2007,avril,samedi,10:30,10,10051,48.203,3.996,2,2,3,1,1,4,2,02,1,1,000,053,1,5,1,3,1,12,5,0,0,00,2,1,0,200700019592B02,7,1,1
200700019613,2007-04-27,2007,avril,vendredi,13:15,52,52544,0,0,2,4,1,1,1,3,-1,00,2,-1,000,000,1,0,1,3,1,9,5,0,0,00,2,1,15,200700019613A01,7,1,1
200700019658,2007-04-27,2007,avril,vendredi,13:30,71,71056,0,0,1,1,2,1,1,3,2,02,3,1,000,038,1,0,1,3,1,35,1,0,0,00,0,4,15,200700019658B02,7,1,1
200700019662,2007-04-13,2007,avril,vendredi,17:00,89,89337,47.747,3.639,1,1,4,1,1,3,2,02,3,1,000,080,1,0,1,3,2,22,0,0,0,00,2,4,1,200700019662B02,7,2,1