Num_Acc,date,an,mois,jour,hrmn,dep,com,lat,long,agg,int,col,lum,atm,catr,circ,nbv,prof,plan,lartpc,larrout,surf,infra,situ,grav,sexe,age,trajet,secuexist,equipement,obs,obsm,choc,manv,vehiculeid,typevehicules,manoeuvehicules,numVehicules
200700019662,2007-04-13,2007,avril,vendredi,17:00,89,89337,47.747,3.639,1,1,4,1,1,3,2,02,3,1,000,080,1,0,1,1,2,21,0,0,0,00,2,4,1,200700019662C03,7,2,1
200700019698,2007-04-11,2007,avril,mercredi,17:45,25,25254,46.842,6.398,2,3,1,1,1,3,-1,02,1,2,000,050,1,0,1,3,2,67,5,1,2,00,2,7,1,200700019698B02,7,19,1
200700019702,2007-04-13,2007,avril,vendredi,14:30,39,39009,0,0,1,3,1,1,1,3,2,02,1,2,000,060,1,0,1,3,2,74,0,1,2,00,2,1,1,200700019702A01,7,15,1
200700019711,2007-04-29,2007,avril,dimanche,14:30,39,39478,0,0,1,1,1,1,2,3,2,02,2,4,000,059,2,0,1,3,1,29,5,0,0,00,0,8,1,200700019711B02,7,1,1
200700019716,2007-04-19,2007,avril,jeudi,16:00,70,70267,47.8,5.93,2,1,1,1,1,3,2,00,1,-1,000,065,1,0,1,3,1,10,0,1,9,00,2,8,19,200700019716A01,7,1,1
200700019725,2007-04-18,2007,avril,mercredi,18:45,90,90068,47.6,6.88,1,1,3,1,7,3,2,02,4,2,000,000,1,0,1,3,1,24,5,1,2,00,2,1,1,200700019725B02,7,15,1
200700019815,2007-04-23,2007,avril,lundi,14:30,83,83042,0,0,2,1,3,1,1,3,-1,00,-1,4,000,000,1,0,1,3,1,34,5,1,9,00,2,1,13,200700019815B02,14,1,1
200700019817,2007-04-28,2007,avril,samedi,10:45,83,83094,0,0,1,1,2,1,1,3,-1,00,2,-1,000,050,1,0,1,2,1,58,5,1,2,00,2,2,1,200700019817B02,14,23,1
200700019832,2007-04-22,2007,avril,dimanche,54:5,83,83112,0,0,1,1,1,2,1,3,2,02,1,3,000,062,1,0,1,3,1,27,1,0,0,00,2,1,1,200700019832B02,7,13,1
200700019839,2007-04-30,2007,avril,lundi,16:00,84,84038,0,0,1,1,3,1,1,4,2,00,1,1,000,030,1,0,1,3,1,36,0,1,2,00,9,7,1,200700019839B02,30,18,1
200700019846,2007-04-17,2007,avril,mardi,19:15,84,84088,44.009,5.057,2,1,3,1,1,4,2,02,1,1,000,070,1,0,1,3,1,42,5,0,0,00,2,1,1,200700019846B02,7,17,1
200700019851,2007-04-08,2007,avril,dimanche,12:00,34,34327,0,0,2,2,3,1,1,3,2,00,1,1,015,140,1,5,1,3,1,42,5,1,2,00,2,1,1,200700019851B02,7,1,1
200700019877,2007-04-25,2007,avril,mercredi,81:5,11,11315,43.28,2.58,2,2,3,1,1,3,2,02,1,1,000,060,1,4,1,3,1,78,3,0,0,00,2,1,1,200700019877B02,10,15,1
200700019908,2007-04-02,2007,avril,lundi,16:15,30,30202,0,0,2,1,2,1,1,4,2,00,1,1,000,048,1,0,1,3,1,63,5,1,2,00,2,4,15,200700019908B02,7,1,1
200700019936,2007-04-03,2007,avril,mardi,13:30,66,66066,0,0,1,1,2,1,1,2,2,02,1,1,000,070,1,0,1,4,1,14,5,0,0,00,0,4,13,200700019936B02,7,17,1
200700019942,2007-04-04,2007,avril,mercredi,16:15,2A,2A085,0,0,1,6,3,1,1,2,1,02,1,2,000,000,1,0,1,3,1,43,1,0,0,00,2,8,1,200700019942B02,7,16,1
200700019945,2007-04-07,2007,avril,samedi,11:50,2A,2A288,0,0,1,1,1,1,1,3,2,00,1,1,000,060,1,0,1,4,1,66,5,1,2,00,0,4,1,200700019945B02,7,2,1
200700020003,2007-04-09,2007,avril,lundi,15:15,77,77331,48.985,3.22,2,1,7,1,1,4,2,01,2,2,000,044,1,0,1,3,1,16,5,0,0,12,0,1,1,200700020003A01,,,
200700020006,2007-04-15,2007,avril,dimanche,12:00,77,77339,0,0,1,9,1,1,1,3,2,00,1,1,000,022,1,5,1,3,1,51,5,1,2,00,2,1,1,200700020006A01,7,15,1
200700020044,2007-04-24,2007,avril,mardi,11:45,18,18137,0,0,1,1,2,1,7,3,2,02,-1,1,000,051,1,0,1,3,2,12,5,0,0,00,0,4,15,200700020044B02,7,1,1
200700020057,2007-04-12,2007,avril,jeudi,64:5,28,28088,48.068,1.343,1,1,2,2,1,3,2,02,1,1,060,000,1,0,1,2,1,19,1,1,4,00,0,4,1,200700020057B02,7,2,1
200700020079,2007-04-08,2007,avril,dimanche,10:30,36,36164,0,0,1,1,3,1,1,3,2,02,2,1,000,098,1,0,1,3,1,48,5,1,2,00,2,4,1,200700020079B02,7,1,1
200700020084,2007-04-11,2007,avril,mercredi,16:50,36,36088,0,0,2,1,1,1,1,2,2,00,2,1,000,062,1,0,1,2,1,76,5,1,2,00,2,4,1,200700020084A01,15,1,1
200700020093,2007-04-03,2007,avril,mardi,19:45,37,37038,47.298,0.356,2,1,1,1,1,4,2,00,1,1,000,037,1,0,1,3,1,11,5,0,0,00,2,1,16,200700020093B02,7,1,1
200700020107,2007-04-08,2007,avril,dimanche,17:45,33,33203,45.229,-1.094,1,1,7,1,1,9,-1,00,1,1,000,022,-1,0,5,2,1,82,5,0,0,00,0,0,1,200700020107A01,,,
200700020116,2007-04-19,2007,avril,jeudi,19:30,87,87019,0,0,1,1,2,1,1,3,2,02,1,1,000,045,1,0,1,3,1,53,5,1,2,00,2,4,2,200700020116B02,7,2,1
200700020117,2007-04-15,2007,avril,dimanche,19:00,67,67527,0,0,1,1,2,1,1,3,2,00,2,1,000,051,1,0,1,4,2,44,5,0,0,00,2,4,2,200700020117B02,7,1,1
200700020120,2007-04-24,2007,avril,mardi,18:15,21,21540,0,0,2,1,1,1,1,4,2,02,-1,1,000,000,1,0,1,1,1,16,5,0,0,00,2,2,15,200700020120B02,33,1,1
200700020138,2007-04-29,2007,avril,dimanche,10:30,29,29189,48.377,-4.368,2,6,2,1,1,4,-1,00,1,2,000,070,1,5,1,3,1,53,5,1,2,00,2,1,1,200700020138A01,7,1,1
200700020169,2007-04-12,2007,avril,jeudi,13:15,68,68278,0,0,2,1,1,1,1,2,2,00,-1,2,000,000,1,0,1,4,1,56,5,1,2,00,2,0,1,200700020169B02,7,15,1
200700020200,2007-04-20,2007,avril,vendredi,18:15,69,69081,45.785,4.79,2,1,1,1,1,4,1,00,2,2,000,035,1,0,1,3,2,19,5,0,0,00,2,1,5,200700020200B02,7,1,1
200700020239,2007-04-28,2007,avril,samedi,16:15,33,33122,0,0,2,1,2,1,1,9,2,02,1,1,000,062,1,0,1,3,2,51,5,0,0,00,2,4,1,200700020239B02,7,17,1
200700020253,2007-04-05,2007,avril,jeudi,94:5,51,51571,49.207,4.234,1,1,1,1,1,3,2,02,1,1,000,073,1,5,1,2,1,79,5,1,2,00,2,3,13,200700020253B02,14,2,1
200700020331,2007-04-17,2007,avril,mardi,17:00,31,31547,0,0,1,3,5,1,1,3,2,00,1,1,000,060,1,0,1,3,1,52,5,0,0,00,2,1,1,200700020331A01,7,15,1
200700020331,2007-04-17,2007,avril,mardi,17:00,31,31547,0,0,1,3,5,1,1,3,2,00,1,1,000,060,1,0,1,3,1,52,5,0,0,00,2,1,1,200700020331B02,7,15,1
200700020345,2007-04-07,2007,avril,samedi,34:5,25,25258,0,0,1,1,6,3,1,3,2,00,1,2,000,072,1,0,1,3,1,45,1,0,0,00,9,4,1,200700020345A01,,,
200700020356,2007-04-08,2007,avril,dimanche,18:30,34,34077,43.658,3.879,1,1,2,1,1,3,2,00,1,1,000,070,1,0,5,3,1,56,5,1,2,01,0,1,1,200700020356B02,7,23,1
200700020361,2007-04-03,2007,avril,mardi,10:40,01,01053,0,0,2,1,3,1,1,4,2,01,1,1,000,062,1,0,1,3,1,63,9,1,9,00,2,6,2,200700020361B01,7,2,1
200700020365,2007-04-16,2007,avril,lundi,18:25,01,01053,0,0,2,3,3,1,1,4,3,00,1,1,010,160,1,0,1,4,1,72,5,1,2,00,2,6,19,200700020365B01,7,1,1
200700020387,2007-04-03,2007,avril,mardi,14:08,03,03190,0,0,2,1,7,1,2,4,2,02,1,1,000,089,2,0,1,4,2,23,5,1,2,00,0,7,1,200700020387A01,,,
200700020412,2007-04-24,2007,avril,mardi,11:33,06,06004,0,0,2,3,3,1,1,4,2,02,1,3,000,074,1,0,1,3,1,67,5,1,2,00,2,1,1,200700020412A01,7,16,1
200700020415,2007-04-04,2007,avril,mercredi,13:20,06,06123,0,0,2,1,6,1,1,4,2,02,1,1,000,000,1,0,1,4,1,40,9,1,9,01,0,1,1,200700020415B01,7,22,1
200700020438,2007-04-27,2007,avril,vendredi,16:15,06,06123,0,0,2,1,5,1,1,2,3,02,1,1,000,000,1,0,1,3,1,39,9,1,2,00,1,1,2,200700020438A01,30,2,2
200700020517,2007-04-05,2007,avril,jeudi,20:00,06,06088,0,0,2,1,3,2,1,4,1,02,2,1,000,045,1,0,0,4,1,26,5,1,9,00,2,8,11,200700020517A01,30,1,1
200700020600,2007-04-27,2007,avril,vendredi,92:0,06,06088,0,0,2,1,3,1,1,4,3,09,1,1,080,100,1,0,1,4,1,37,0,1,4,00,2,8,11,200700020600A01,37,2,1
200700020602,2007-04-27,2007,avril,vendredi,13:20,06,06088,0,0,2,1,6,1,1,4,1,02,1,1,000,060,1,0,5,4,1,23,4,1,2,01,0,1,1,200700020602A01,,,
200700020611,2007-04-29,2007,avril,dimanche,12:00,06,06088,0,0,2,2,3,1,1,4,1,01,1,1,000,098,1,0,1,4,2,54,5,1,9,00,2,1,1,200700020611A01,7,0,1
200700020617,2007-04-30,2007,avril,lundi,14:10,06,06088,0,0,2,1,2,1,1,4,1,01,1,1,000,065,1,0,1,4,2,30,0,1,9,00,2,1,1,200700020617A01,7,1,1
200700020620,2007-04-26,2007,avril,jeudi,18:00,08,08105,0,0,2,3,3,1,1,3,2,02,1,1,000,070,1,0,1,3,1,14,5,1,4,00,2,1,16,200700020620B01,7,1,1
200700020627,2007-04-10,2007,avril,mardi,90:0,10,10387,0,0,2,1,6,1,1,4,2,02,1,1,000,070,1,0,1,3,2,81,9,1,9,00,2,1,1,200700020627B01,7,22,1
200700020636,2007-04-28,2007,avril,samedi,12:00,11,11262,0,0,2,1,3,1,1,4,2,02,2,1,000,070,1,2,1,4,1,52,5,1,9,00,2,8,5,200700020636B01,5,5,1
200700020652,2007-04-27,2007,avril,vendredi,16:21,13,13001,0,0,1,1,2,1,1,4,2,02,1,1,000,070,1,0,1,4,1,18,1,1,9,00,2,4,1,200700020652B01,7,1,1
200700020673,2007-04-15,2007,avril,dimanche,10:30,13,13005,0,0,2,1,3,1,1,3,2,02,1,1,000,000,1,0,1,3,1,59,5,1,9,00,2,1,1,200700020673B01,7,15,1
200700020681,2007-04-20,2007,avril,vendredi,16:25,13,13098,0,0,1,1,6,1,1,3,2,02,1,-1,000,049,1,0,1,3,1,30,5,1,2,00,0,8,1,200700020681B01,7,1,1
200700020681,2007-04-20,2007,avril,vendredi,16:25,13,13098,0,0,1,1,6,1,1,3,2,02,1,-1,000,049,1,0,1,3,1,6,5,1,2,00,0,8,1,200700020681C01,7,1,1
200700020798,2007-04-22,2007,avril,dimanche,18:25,13,13055,0,0,2,1,6,1,1,4,2,02,1,1,000,000,1,0,1,4,1,46,5,1,2,00,2,8,1,200700020798B01,10,1,1
200700020836,2007-04-25,2007,avril,mercredi,85:0,13,13055,0,0,2,6,3,1,1,4,1,02,1,2,000,089,1,5,1,4,1,70,5,1,2,00,2,3,1,200700020836B01,7,16,1
200700020897,2007-04-30,2007,avril,lundi,13:55,13,13055,0,0,2,2,3,1,1,3,2,02,1,1,000,000,1,0,1,4,1,43,0,1,9,00,2,1,1,200700020897B01,7,19,1
200700021006,2007-04-18,2007,avril,mercredi,65:5,16,16154,0,0,2,1,6,2,5,4,2,02,1,1,000,000,1,0,1,4,1,32,9,1,9,00,1,8,1,200700021006B01,7,1,1
200700021017,2007-04-08,2007,avril,dimanche,15:50,17,17299,0,0,2,1,7,1,1,4,2,02,1,1,000,070,1,0,5,1,1,16,5,1,2,00,0,0,1,200700021017A01,,,
200700021017,2007-04-08,2007,avril,dimanche,15:50,17,17299,0,0,2,1,7,1,1,4,2,02,1,1,000,070,1,0,5,4,1,10,0,1,2,00,0,0,1,200700021017A01,,,
200700021023,2007-04-23,2007,avril,lundi,14:38,17,17299,0,0,2,2,3,1,1,4,2,02,1,1,000,075,1,5,1,4,2,52,5,1,2,00,2,1,1,200700021023B01,7,1,1
200700021037,2007-04-11,2007,avril,mercredi,15:15,17,17291,0,0,2,1,1,1,1,4,2,02,1,1,000,000,1,0,1,4,2,49,1,1,2,00,2,1,1,200700021037B01,7,15,1
200700021048,2007-04-20,2007,avril,vendredi,22:50,17,17300,0,0,2,1,3,3,1,4,2,02,1,1,000,000,1,0,1,4,1,41,0,1,9,00,2,4,1,200700021048B01,7,1,1
200700021051,2007-04-24,2007,avril,mardi,14:50,17,17274,0,0,2,1,7,1,1,4,2,02,1,1,000,000,1,0,1,4,1,13,0,1,2,00,0,0,1,200700021051A01,,,
200700021052,2007-04-25,2007,avril,mercredi,15:00,17,17028,0,0,2,1,3,1,1,4,2,02,1,1,000,000,1,0,0,4,1,11,9,1,2,00,2,1,5,200700021052B01,7,1,1
200700021090,2007-04-03,2007,avril,mardi,19:00,18,18279,0,0,2,1,6,1,1,4,2,02,1,1,000,000,1,0,1,4,1,9,5,1,2,00,2,1,1,200700021090B01,7,1,1
200700021138,2007-04-18,2007,avril,mercredi,81:6,21,21278,0,0,2,1,2,1,1,4,2,02,2,1,000,056,1,0,1,3,1,41,1,1,2,00,2,1,1,200700021138B01,10,4,1
200700021168,2007-04-12,2007,avril,jeudi,12:29,24,24138,0,0,2,3,6,1,1,4,2,02,1,1,000,000,1,0,1,4,1,14,5,1,9,00,2,1,15,200700021168A01,5,1,1
200700021176,2007-04-22,2007,avril,dimanche,12:22,24,24053,0,0,2,1,3,1,1,3,2,03,3,4,000,110,1,0,1,3,1,76,9,1,9,00,2,4,1,200700021176B01,7,1,1
200700021178,2007-04-25,2007,avril,mercredi,84:4,24,24322,0,0,2,1,6,1,1,4,2,02,-1,1,000,000,1,0,1,3,1,68,0,1,9,00,2,1,1,200700021178B01,7,24,1
200700021191,2007-04-10,2007,avril,mardi,74:0,25,25056,0,0,2,1,3,1,1,4,2,02,2,-1,000,000,1,0,1,4,2,42,1,1,2,00,2,8,19,200700021191B01,33,1,1
200700021196,2007-04-15,2007,avril,dimanche,19:40,25,25056,0,0,2,1,7,1,1,4,2,03,1,1,000,000,1,2,1,4,2,29,5,1,2,12,0,0,8,200700021196A01,,,
200700021203,2007-04-23,2007,avril,lundi,18:00,25,25056,0,0,2,1,2,1,1,6,-1,00,1,1,000,000,1,0,1,4,1,9,5,1,9,00,2,7,1,200700021203B01,7,4,1
200700021205,2007-04-24,2007,avril,mardi,15:15,25,25056,0,0,2,1,3,1,1,4,2,02,1,1,000,000,1,0,1,4,1,18,5,1,9,00,2,8,15,200700021205B01,7,15,1
200700021220,2007-04-30,2007,avril,lundi,92:5,26,26281,0,0,2,1,6,1,1,4,2,02,1,1,000,000,1,0,4,4,1,75,3,1,9,00,2,7,1,200700021220B01,7,9,1
200700021223,2007-04-24,2007,avril,mardi,13:05,26,26252,0,0,2,1,6,1,1,4,1,02,1,1,000,070,1,0,1,4,1,36,1,1,2,00,2,8,1,200700021223B01,7,17,1
200700021307,2007-04-02,2007,avril,lundi,17:53,30,30189,0,0,2,3,3,1,1,4,2,02,1,1,000,000,1,0,1,4,1,55,1,1,2,00,2,1,1,200700021307B01,7,9,1
200700021314,2007-04-08,2007,avril,dimanche,11:39,30,30189,0,0,2,1,1,1,1,4,2,03,1,1,000,000,1,0,1,4,2,63,5,1,2,00,2,0,1,200700021314A01,7,15,1
200700021348,2007-04-25,2007,avril,mercredi,17:00,31,31069,0,0,2,1,3,1,1,4,2,02,1,1,000,068,1,0,1,4,1,14,5,1,9,00,2,1,0,200700021348A01,10,1,1
200700021388,2007-04-11,2007,avril,mercredi,83:5,31,31555,0,0,2,1,3,1,1,4,1,02,1,1,000,000,1,0,1,4,1,21,5,1,9,00,2,0,19,200700021388B01,7,1,1
200700021393,2007-04-12,2007,avril,jeudi,15:30,31,31555,0,0,2,1,2,1,1,4,1,02,1,1,000,000,1,0,1,4,1,33,9,1,9,00,2,1,2,200700021393A01,7,2,1
200700021394,2007-04-12,2007,avril,jeudi,15:50,31,31555,0,0,2,1,3,1,2,4,2,02,1,1,000,000,2,0,1,4,1,25,5,1,9,00,2,1,1,200700021394A01,7,1,1
200700021400,2007-04-14,2007,avril,samedi,32:0,31,31555,0,0,2,1,3,1,1,4,1,02,1,1,000,000,2,0,1,4,1,52,0,1,9,00,2,0,1,200700021400A01,7,1,1
200700021410,2007-04-11,2007,avril,mercredi,20:15,31,31555,0,0,2,1,6,2,1,4,2,02,1,1,000,080,1,0,1,4,2,10,9,1,2,00,2,1,19,200700021410B01,10,1,1
200700021418,2007-04-19,2007,avril,jeudi,15:34,31,31555,0,0,2,1,3,1,1,4,2,03,1,1,000,000,1,0,1,4,1,86,0,1,9,00,2,1,11,200700021418A01,7,1,1
200700021419,2007-04-19,2007,avril,jeudi,18:50,31,31555,0,0,2,1,5,1,1,4,1,02,1,1,000,000,1,0,1,4,1,37,5,1,9,00,2,1,2,200700021419A01,7,1/4,2
200700021422,2007-04-20,2007,avril,vendredi,19:30,31,31555,0,0,2,1,3,1,1,4,1,03,1,1,000,107,1,0,1,4,2,29,0,1,9,00,9,4,19,200700021422A01,33,7,1
200700021425,2007-04-23,2007,avril,lundi,13:50,31,31555,0,0,2,1,6,1,2,4,1,02,1,1,000,000,1,0,1,4,1,40,0,1,9,00,0,1,0,200700021425B01,7,0,1
200700021434,2007-04-25,2007,avril,mercredi,16:45,31,31555,0,0,2,1,6,1,1,4,2,03,1,-1,000,000,1,0,1,4,2,57,0,1,9,00,9,1,13,200700021434A01,18,17,1
200700021452,2007-04-25,2007,avril,mercredi,84:5,31,31557,0,0,2,3,3,1,1,4,2,02,1,1,000,057,1,0,5,4,1,71,5,1,2,00,2,1,19,200700021452B01,7,16,1
200700021453,2007-04-26,2007,avril,jeudi,14:30,31,31557,0,0,2,6,2,1,1,3,1,02,1,2,350,078,1,0,1,3,1,25,5,1,2,00,2,1,1,200700021453B01,7,16,1
200700021463,2007-04-18,2007,avril,mercredi,15:55,33,33529,0,0,1,9,3,1,1,2,2,03,1,1,000,070,1,0,5,4,1,62,5,1,9,00,2,1,19,200700021463B01,10,1,1
200700021475,2007-04-01,2007,avril,dimanche,20:00,33,33522,0,0,2,2,3,1,1,4,3,02,1,1,000,126,2,4,1,4,2,19,0,1,2,00,2,1,1,200700021475A01,7,1,1
200700021478,2007-04-08,2007,avril,dimanche,51:5,33,33063,0,0,2,3,3,5,1,4,3,04,2,1,017,137,1,0,1,3,1,27,0,1,9,00,2,3,19,200700021478A01,7,1,1
200700021483,2007-04-10,2007,avril,mardi,15:00,33,33063,0,0,2,1,2,1,1,4,2,02,1,1,000,060,1,0,1,4,2,52,1,1,2,00,2,1,1,200700021483A01,7,2,1
200700021492,2007-04-04,2007,avril,mercredi,18:35,33,33522,0,0,2,9,3,1,2,4,2,02,1,1,000,000,1,0,5,4,1,26,0,1,2,00,4,1,1,200700021492A01,40,1,1
200700021494,2007-04-06,2007,avril,vendredi,83:5,33,33069,0,0,2,2,3,1,1,4,2,02,1,1,000,050,1,0,1,4,1,31,0,0,0,00,2,6,1,200700021494B01,7,1,1
200700021515,2007-04-16,2007,avril,lundi,11:50,33,33522,0,0,2,1,3,1,1,4,2,01,1,1,000,038,1,0,1,4,1,19,0,1,4,00,2,1,2,200700021515B01,7,1,1
200700021524,2007-04-23,2007,avril,lundi,11:30,33,33063,0,0,2,1,3,1,1,4,2,03,1,1,000,092,1,0,1,3,2,39,9,1,2,01,0,2,1,200700021524B01,7,22,1
200700021532,2007-04-19,2007,avril,jeudi,11:00,33,33522,0,0,2,3,5,1,1,4,3,04,1,1,009,132,1,0,1,4,2,36,0,1,9,00,2,1,1,200700021532C01,7,1,3
200700021533,2007-04-19,2007,avril,jeudi,85:0,33,33522,0,0,2,2,3,1,1,4,2,02,1,1,000,084,1,0,1,3,2,24,0,1,2,00,2,1,1,200700021533B01,7,15,1
200700021558,2007-04-27,2007,avril,vendredi,12:10,33,33522,0,0,2,1,3,1,1,4,2,02,1,1,000,100,1,0,1,4,2,36,5,1,2,01,0,1,1,200700021558B01,7,22,1
200700021565,2007-04-30,2007,avril,lundi,10:10,34,34003,0,0,2,1,7,1,1,4,1,01,1,-1,000,040,1,0,1,4,1,31,0,1,9,00,0,0,0,200700021565A01,,,
200700021602,2007-04-10,2007,avril,mardi,95:0,34,34172,0,0,2,1,2,1,8,4,2,03,1,-1,000,100,1,0,1,1,1,33,5,1,2,00,2,4,1,200700021602B01,7,12,1
200700021627,2007-04-23,2007,avril,lundi,20:08,34,34172,43.61078,3.8762,2,1,7,1,1,4,2,02,1,1,000,090,1,0,1,3,1,15,5,1,9,00,0,8,19,200700021627A01,7,1,1
200700021655,2007-04-15,2007,avril,dimanche,12:20,35,35238,0,0,2,3,5,1,1,4,2,02,1,1,000,060,1,0,1,1,1,51,5,1,2,00,2,7,1,200700021655B01,33,16,1
200700021655,2007-04-15,2007,avril,dimanche,12:20,35,35238,0,0,2,3,5,1,1,4,2,02,1,1,000,060,1,0,1,4,1,48,5,1,2,00,2,2,1,200700021655C01,33,16,1
200700021656,2007-04-15,2007,avril,dimanche,17:35,35,35238,0,0,2,6,3,1,1,4,1,02,1,3,000,060,1,0,1,4,2,40,0,1,9,00,2,3,1,200700021656B01,7,16,1
200700021659,2007-04-17,2007,avril,mardi,94:0,35,35238,0,0,2,4,6,1,1,4,2,02,1,-1,000,060,1,0,1,3,1,73,0,1,2,00,2,0,0,200700021659B01,10,16,1
200700021667,2007-04-20,2007,avril,vendredi,15:10,35,35238,0,0,2,1,6,1,1,4,2,02,2,-1,000,060,1,0,1,4,2,51,0,1,2,00,2,1,1,200700021667B01,10,22,1
200700021668,2007-04-21,2007,avril,samedi,20:0,35,35238,0,0,2,6,6,3,1,3,-1,00,-1,-1,000,000,-1,0,1,4,1,37,0,1,2,00,0,0,0,200700021668A01,,,
200700021675,2007-04-24,2007,avril,mardi,18:50,35,35238,0,0,2,2,3,1,1,4,2,00,1,1,000,000,1,0,5,3,2,57,0,1,2,00,2,3,1,200700021675B01,7,16,1
200700021679,2007-04-26,2007,avril,jeudi,18:15,35,35238,0,0,2,1,6,1,1,4,2,02,2,1,000,000,1,0,1,1,1,31,0,1,9,00,1,1,1,200700021679A01,,,
200700021679,2007-04-26,2007,avril,jeudi,18:15,35,35238,0,0,2,1,6,1,1,4,2,02,2,1,000,000,1,0,1,4,2,35,5,0,0,00,1,1,1,200700021679A01,,,
200700021682,2007-04-28,2007,avril,samedi,15:30,35,35189,0,0,2,1,2,1,1,4,2,02,1,1,000,066,1,0,1,2,1,26,0,1,2,00,2,9,1,200700021682B01,37,1,1
200700021716,2007-04-21,2007,avril,samedi,10:25,37,37261,0,0,2,6,3,1,1,4,4,02,1,1,000,000,1,0,1,3,2,25,5,1,2,00,2,1,1,200700021716B01,7,9,1
200700021725,2007-04-06,2007,avril,vendredi,17:00,38,38421,0,0,2,2,3,1,1,4,2,07,1,1,000,240,1,0,1,4,1,19,0,1,9,00,2,1,1,200700021725B01,7,1,1
200700021739,2007-04-21,2007,avril,samedi,10:30,38,38185,0,0,2,1,3,1,1,3,3,04,3,1,000,240,-1,0,5,4,1,37,0,1,9,00,2,1,1,200700021739B01,10,16,1
200700021741,2007-04-23,2007,avril,lundi,90:0,38,38421,0,0,1,3,3,1,1,1,1,02,3,1,000,061,-1,0,1,4,1,71,0,1,9,00,2,1,1,200700021741A01,7,15,1
200700021751,2007-04-21,2007,avril,samedi,17:40,38,38563,0,0,2,1,3,1,1,3,2,02,2,1,000,070,1,0,1,2,2,54,5,1,2,00,2,4,2,200700021751B01,7,17,1
200700021759,2007-04-22,2007,avril,dimanche,82:5,40,40281,0,0,2,1,2,1,1,4,2,02,1,2,000,062,1,0,1,3,2,64,5,1,2,00,2,4,2,200700021759B01,7,2,1
200700021762,2007-04-02,2007,avril,lundi,16:35,41,41212,0,0,2,1,3,1,1,2,2,02,1,1,000,000,1,0,4,4,1,8,9,1,9,00,2,1,1,200700021762B01,7,9,1
200700021772,2007-04-19,2007,avril,jeudi,15:55,41,41194,0,0,2,1,5,1,1,3,3,02,1,-1,000,070,1,0,1,4,2,45,5,1,9,00,2,4,18,200700021772B01,15,16,1
200700021772,2007-04-19,2007,avril,jeudi,15:55,41,41194,0,0,2,1,5,1,1,3,3,02,1,-1,000,070,1,0,1,4,1,10,5,1,9,00,2,1,1,200700021772C01,15,16,1
200700021782,2007-04-25,2007,avril,mercredi,94:0,42,42095,0,0,2,1,3,1,1,4,2,02,2,2,000,000,1,0,1,4,1,67,5,1,2,00,2,1,1,200700021782B01,7,15,1
200700021823,2007-04-21,2007,avril,samedi,16:22,42,42223,0,0,1,1,6,1,1,3,2,02,2,1,000,060,1,0,1,3,1,51,5,1,2,00,2,8,13,200700021823B01,7,1,1
200700021826,2007-04-21,2007,avril,samedi,18:01,42,42218,0,0,2,1,6,1,1,4,1,01,1,1,000,000,1,0,1,4,1,20,5,1,2,00,2,1,1,200700021826B01,7,22,1
200700021842,2007-04-01,2007,avril,dimanche,16:00,44,44132,0,0,2,1,6,1,2,4,2,00,1,1,000,060,1,0,1,4,1,32,5,1,2,01,0,1,1,200700021842A01,,,
200700021847,2007-04-27,2007,avril,vendredi,10:52,44,44135,0,0,2,1,6,1,1,4,2,00,1,1,000,060,1,0,1,4,1,61,5,1,2,01,0,1,1,200700021847A01,,,
200700021860,2007-04-11,2007,avril,mercredi,10:35,44,44190,0,0,2,2,6,1,1,4,2,02,1,1,000,060,1,5,1,4,2,46,0,1,9,00,2,1,1,200700021860B01,7,19,1
200700021861,2007-04-14,2007,avril,samedi,18:15,44,44109,0,0,2,1,2,1,1,4,2,02,2,1,000,000,1,0,1,3,1,17,0,1,2,00,2,1,2,200700021861A01,7,2,1
200700021865,2007-04-18,2007,avril,mercredi,19:40,44,44109,0,0,2,2,6,1,1,4,2,02,1,1,000,040,1,0,1,4,2,23,9,1,9,00,2,4,15,200700021865B01,32,1,1
200700021877,2007-04-24,2007,avril,mardi,11:10,44,44109,0,0,2,6,6,1,1,4,2,00,1,1,000,056,1,5,1,4,1,32,1,1,9,00,2,8,1,200700021877B01,7,1,1
200700021883,2007-04-26,2007,avril,jeudi,82:0,44,44109,0,0,2,3,6,1,1,4,2,02,1,1,000,070,1,0,1,4,2,26,0,1,9,00,2,1,1,200700021883B01,10,16,1
200700021889,2007-04-30,2007,avril,lundi,18:00,44,44109,0,0,2,2,3,1,1,4,2,05,1,1,000,000,2,0,1,4,1,20,1,0,0,00,2,1,0,200700021889A01,7,15,1
200700021891,2007-04-30,2007,avril,lundi,17:35,44,44190,0,0,2,1,6,1,2,4,2,02,1,2,000,100,2,0,1,4,2,78,0,1,9,00,2,4,0,200700021891A01,7,0,1
200700021894,2007-04-03,2007,avril,mardi,16:55,44,44184,0,0,2,2,2,1,1,4,2,02,1,1,000,000,1,0,1,4,1,24,0,1,9,00,2,1,2,200700021894A01,7,2,1
200700021905,2007-04-29,2007,avril,dimanche,19:20,45,45208,0,0,2,2,3,1,1,4,2,02,4,1,000,000,1,2,1,3,1,11,5,1,2,00,2,0,1,200700021905B01,7,1,1
200700021910,2007-04-10,2007,avril,mardi,20:05,45,45234,0,0,2,1,3,1,1,4,-1,02,1,3,000,102,1,0,1,4,2,33,5,1,2,00,2,6,0,200700021910B01,7,0,1
200700021920,2007-04-16,2007,avril,lundi,18:25,45,45234,47.89773,3.45699,2,1,5,4,1,2,2,04,1,1,000,028,1,2,1,4,1,41,1,1,9,12,0,7,0,200700021920A01,7,0,3
200700021929,2007-04-24,2007,avril,mardi,13:00,45,45147,0,0,2,1,3,1,1,4,1,02,1,2,000,071,1,0,5,4,1,52,0,1,9,00,2,8,1,200700021929B01,7,16,1