Num_Acc,date,an,mois,jour,hrmn,dep,com,lat,long,agg,int,col,lum,atm,catr,circ,nbv,prof,plan,lartpc,larrout,surf,infra,situ,grav,sexe,age,trajet,secuexist,equipement,obs,obsm,choc,manv,vehiculeid,typevehicules,manoeuvehicules,numVehicules
200700021941,2007-04-20,2007,avril,vendredi,20:15,47,47001,0,0,2,1,3,1,1,2,2,04,1,1,000,195,1,0,1,4,2,16,5,1,9,00,2,7,12,200700021941A01,7,1,1
200700021953,2007-04-06,2007,avril,vendredi,15:11,49,49246,0,0,2,1,7,1,1,4,2,02,1,1,000,060,1,0,1,4,1,65,5,1,9,00,0,1,1,200700021953A01,,,
200700021954,2007-04-07,2007,avril,samedi,18:23,49,49007,0,0,2,1,7,1,1,4,2,02,2,1,000,060,1,0,1,1,1,31,0,1,9,00,0,1,1,200700021954A01,,,
200700021954,2007-04-07,2007,avril,samedi,18:23,49,49007,0,0,2,1,7,1,1,4,2,02,2,1,000,060,1,0,1,4,2,22,0,1,9,00,0,1,1,200700021954A01,,,
200700021958,2007-04-15,2007,avril,dimanche,15:45,49,49007,0,0,2,1,7,1,1,4,2,02,1,1,000,088,1,0,1,4,1,16,5,0,0,00,0,1,1,200700021958A01,,,
200700021963,2007-04-17,2007,avril,mardi,20:18,49,49007,0,0,2,1,7,1,1,4,2,02,1,1,000,080,1,0,1,4,2,36,0,1,9,00,0,0,1,200700021963A01,,,
200700021971,2007-04-23,2007,avril,lundi,83:8,49,49007,0,0,2,3,3,1,1,4,2,02,1,1,000,060,1,0,1,4,1,38,0,1,9,00,2,0,1,200700021971B01,7,15,1
200700021990,2007-04-12,2007,avril,jeudi,15:15,50,50129,0,0,2,1,7,1,1,4,2,02,1,1,000,000,1,0,1,1,1,17,5,1,9,00,1,1,1,200700021990B01,,,
200700021996,2007-04-21,2007,avril,samedi,21:15,50,50129,0,0,2,2,2,2,1,3,2,02,2,1,000,085,1,5,1,3,1,53,5,1,9,00,2,4,1,200700021996B01,33,18,1
200700022023,2007-04-13,2007,avril,vendredi,10:50,51,51454,0,0,2,1,6,1,1,4,2,03,1,1,000,000,1,0,1,1,1,21,0,1,9,00,1,1,1,200700022023A01,,,
200700022024,2007-04-14,2007,avril,samedi,16:25,51,51454,0,0,2,1,5,1,1,4,2,02,1,1,000,064,1,0,1,4,1,31,0,1,2,00,2,1,13,200700022024D01,7,13/1,3
200700022039,2007-04-29,2007,avril,dimanche,14:26,53,53130,0,0,2,1,7,1,1,4,2,02,2,1,000,053,1,0,1,3,1,59,0,1,2,00,0,0,1,200700022039A01,,,
200700022050,2007-04-04,2007,avril,mercredi,10:08,54,54439,0,0,2,3,3,1,1,4,2,02,1,1,000,060,1,0,0,4,2,72,5,1,9,00,2,2,1,200700022050B01,7,23,1
200700022072,2007-04-20,2007,avril,vendredi,80:0,54,54395,0,0,2,1,3,1,1,4,2,00,1,1,000,120,1,0,1,4,1,14,2,1,9,00,2,8,0,200700022072B01,7,1,1
200700022074,2007-04-20,2007,avril,vendredi,17:00,54,54025,0,0,1,1,5,1,1,3,2,02,1,1,000,000,1,0,1,4,1,72,5,1,2,00,2,1,2,200700022074A01,38,17,1
200700022074,2007-04-20,2007,avril,vendredi,17:00,54,54025,0,0,1,1,5,1,1,3,2,02,1,1,000,000,1,0,1,4,1,61,5,1,2,00,2,1,2,200700022074B01,38,17,1
200700022076,2007-04-21,2007,avril,samedi,80:0,54,54395,0,0,2,1,3,1,1,4,1,04,1,1,000,120,1,0,1,4,1,19,2,1,9,00,2,1,18,200700022076B01,7,23,1
200700022085,2007-04-19,2007,avril,jeudi,83:0,54,54482,0,0,2,1,2,1,1,4,2,02,1,1,000,000,1,0,1,4,2,38,1,1,2,00,2,4,23,200700022085B01,7,1,1
200700022119,2007-04-23,2007,avril,lundi,17:15,56,56121,0,0,2,1,3,1,1,4,2,02,2,1,000,000,1,0,5,4,1,15,0,1,9,00,2,1,1,200700022119B01,7,15,1
200700022128,2007-04-14,2007,avril,samedi,10:40,56,56260,0,0,2,1,6,1,1,4,2,02,1,1,000,090,1,0,5,4,2,38,1,1,2,00,2,1,1,200700022128B01,7,22,1
200700022138,2007-04-24,2007,avril,mardi,12:05,56,56260,0,0,2,1,3,1,1,5,-1,00,1,-1,000,000,1,0,0,4,1,9,0,1,2,00,2,1,1,200700022138B01,7,9,1
200700022142,2007-04-30,2007,avril,lundi,16:42,56,56260,0,0,2,3,3,1,2,4,1,02,1,2,000,000,1,0,1,4,1,18,5,1,4,00,2,8,1,200700022142B01,2,16,1
200700022148,2007-04-25,2007,avril,mercredi,13:45,57,57253,0,0,2,1,6,1,1,4,2,02,1,1,000,064,1,0,1,3,1,72,5,1,2,00,2,3,2,200700022148B01,10,17,1
200700022158,2007-04-20,2007,avril,vendredi,12:10,57,57447,0,0,2,3,6,1,1,4,2,02,1,1,000,058,1,0,1,4,1,69,5,1,2,00,2,0,13,200700022158B01,7,17,1
200700022181,2007-04-18,2007,avril,mercredi,11:20,57,57672,0,0,2,3,3,1,1,4,2,02,1,1,000,070,1,0,1,4,1,87,9,1,9,00,2,3,23,200700022181B01,7,15,1
200700022182,2007-04-17,2007,avril,mardi,18:00,57,57672,0,0,2,3,3,1,1,3,2,03,1,1,000,000,1,0,1,4,1,44,9,1,9,00,2,1,1,200700022182A01,10,15,1
200700022191,2007-04-26,2007,avril,jeudi,16:24,57,57221,0,0,2,1,6,1,1,2,2,02,1,1,000,100,1,0,1,3,1,14,5,1,9,00,2,8,9,200700022191B01,7,1,1
200700022223,2007-04-15,2007,avril,dimanche,19:30,59,59002,0,0,2,1,6,1,1,5,2,02,1,1,000,061,1,0,1,3,1,10,5,1,9,00,0,0,0,200700022223B01,2,1,1
200700022230,2007-04-12,2007,avril,jeudi,91:5,59,59509,0,0,2,1,6,1,1,4,2,02,1,1,000,000,1,0,1,4,2,70,3,1,9,01,0,1,1,200700022230B01,7,24,1
200700022234,2007-04-03,2007,avril,mardi,11:35,59,59183,0,0,2,1,3,1,1,2,2,03,1,1,014,140,1,5,1,3,2,50,5,1,2,00,2,8,1,200700022234B01,7,1,1
200700022243,2007-04-01,2007,avril,dimanche,18:00,59,59507,0,0,2,5,3,1,1,4,2,00,1,1,000,000,1,5,1,4,1,13,9,1,2,00,2,1,15,200700022243A01,7,15,1
200700022245,2007-04-02,2007,avril,lundi,17:50,59,59350,0,0,2,1,6,1,1,4,3,02,1,1,000,050,1,0,1,4,2,29,5,1,4,00,2,1,0,200700022245A01,14,1,1
200700022252,2007-04-06,2007,avril,vendredi,16:30,59,59350,0,0,2,2,3,1,1,4,2,02,1,1,023,120,1,0,1,2,1,86,5,1,9,00,2,1,1,200700022252B01,14,1,1
200700022256,2007-04-10,2007,avril,mardi,11:20,59,59350,0,0,2,1,3,1,1,4,2,02,1,1,000,090,1,0,1,4,2,21,0,1,2,00,2,8,1,200700022256B01,7,17,1
200700022270,2007-04-13,2007,avril,vendredi,12:45,59,59360,0,0,2,3,6,1,1,4,2,03,1,1,000,000,1,0,1,4,1,12,9,1,9,00,2,8,19,200700022270A01,3/ 7,15/2,2
200700022273,2007-04-16,2007,avril,lundi,20:00,59,59410,0,0,2,9,6,5,9,9,-1,00,-1,-1,000,000,-1,0,1,4,1,9,5,1,2,00,2,0,0,200700022273B01,7,1,1
200700022275,2007-04-19,2007,avril,jeudi,17:35,59,59009,0,0,2,2,3,1,1,4,2,02,1,1,000,000,1,0,1,4,1,14,9,1,2,00,2,1,1,200700022275B01,7,15,1
200700022280,2007-04-22,2007,avril,dimanche,10:50,59,59378,0,0,2,3,3,1,1,4,2,02,1,1,000,000,1,0,1,4,1,62,9,1,2,00,2,7,1,200700022280B01,7,10,1
200700022282,2007-04-24,2007,avril,mardi,84:5,59,59527,0,0,2,1,3,1,1,4,2,02,1,1,000,000,1,0,1,3,2,26,1,1,2,00,2,1,19,200700022282A01,7,1,1
200700022307,2007-04-06,2007,avril,vendredi,16:45,59,59650,0,0,2,1,1,1,1,4,2,02,1,1,000,000,1,0,1,3,1,11,0,1,2,00,2,0,19,200700022307B01,7,1,1
200700022311,2007-04-22,2007,avril,dimanche,12:05,59,59512,0,0,2,3,3,1,1,4,2,02,1,1,000,000,1,0,1,3,2,59,9,1,2,00,2,0,1,200700022311B01,7,17,1
200700022314,2007-04-29,2007,avril,dimanche,16:20,59,59650,0,0,2,1,6,1,1,4,2,02,1,1,000,000,1,0,1,3,1,46,5,1,2,00,1,1,1,200700022314A01,,,
200700022325,2007-04-16,2007,avril,lundi,18:20,59,59414,0,0,2,9,6,1,1,4,2,02,1,1,000,000,1,0,3,3,1,7,5,1,2,15,0,1,1,200700022325A01,,,
200700022332,2007-04-14,2007,avril,samedi,18:15,59,59599,0,0,2,1,6,1,1,4,3,02,1,1,000,080,1,0,1,3,2,17,1,1,9,01,0,1,0,200700022332A01,,,
200700022344,2007-04-14,2007,avril,samedi,17:10,59,59447,0,0,2,3,3,1,1,2,2,03,1,1,000,096,1,0,1,4,2,18,5,1,2,00,2,1,15,200700022344A01,7,1,1
200700022372,2007-04-05,2007,avril,jeudi,74:5,62,62041,0,0,2,1,6,1,1,4,2,02,1,1,000,068,1,0,1,4,2,23,1,1,4,01,0,7,1,200700022372B01,7,22,1
200700022376,2007-04-30,2007,avril,lundi,12:05,62,62041,0,0,2,3,3,1,1,4,2,02,1,1,000,050,1,0,1,3,1,12,5,1,9,00,2,8,19,200700022376A01,7,1,1
200700022377,2007-04-13,2007,avril,vendredi,21:40,62,62188,0,0,2,1,2,5,1,4,2,02,3,1,000,000,1,0,1,4,1,20,5,1,9,00,0,0,1,200700022377A01,7,0,1
200700022392,2007-04-16,2007,avril,lundi,19:35,62,62119,0,0,2,1,6,1,1,4,2,02,1,1,000,040,1,0,1,3,1,13,9,1,9,00,2,1,23,200700022392B01,10,1,1
200700022413,2007-04-19,2007,avril,jeudi,80:0,62,62427,0,0,2,1,6,1,1,4,2,02,1,1,000,060,1,0,1,4,1,35,5,1,4,00,2,8,1,200700022413B01,2,17,1
200700022416,2007-04-18,2007,avril,mercredi,18:45,62,62523,0,0,2,1,6,1,1,4,2,02,1,1,000,065,1,0,1,3,1,14,5,1,9,00,0,0,19,200700022416B01,7,1,1
200700022454,2007-04-23,2007,avril,lundi,11:50,63,63113,0,0,2,1,6,1,1,4,1,03,1,2,000,090,1,0,1,4,1,27,0,1,2,00,1,1,1,200700022454A01,,,
200700022463,2007-04-27,2007,avril,vendredi,74:0,63,63113,0,0,2,2,2,1,1,4,1,01,1,1,000,070,1,0,1,4,2,33,1,1,9,00,2,4,1,200700022463B01,7,16,1
200700022494,2007-04-10,2007,avril,mardi,17:55,64,64284,0,0,2,1,6,1,1,4,2,01,2,4,000,055,9,0,1,3,1,41,5,1,9,13,0,0,1,200700022494A01,,,
200700022499,2007-04-15,2007,avril,dimanche,12:20,64,64445,0,0,2,6,3,1,1,2,1,02,1,2,000,100,1,0,1,4,2,49,5,1,9,00,2,8,1,200700022499B01,7,16,1
200700022500,2007-04-18,2007,avril,mercredi,15:00,64,64445,0,0,2,3,3,1,1,2,2,02,1,1,000,112,1,0,1,4,2,22,9,1,9,00,2,6,15,200700022500A01,2,1,1
200700022504,2007-04-19,2007,avril,jeudi,17:00,64,64445,0,0,2,1,3,1,1,4,2,03,1,1,000,000,1,0,1,3,1,70,5,0,0,00,2,8,11,200700022504A01,7,11,1
200700022512,2007-04-30,2007,avril,lundi,14:40,64,64129,0,0,2,3,3,1,1,4,2,02,1,1,000,071,1,0,1,4,1,18,2,1,9,00,2,3,15,200700022512A01,7,17,1
200700022525,2007-04-29,2007,avril,dimanche,18:45,64,64483,0,0,1,1,2,1,1,2,2,02,3,1,000,080,1,0,1,4,2,60,5,1,4,00,2,4,1,200700022525B01,7,2,1
200700022547,2007-04-19,2007,avril,jeudi,18:40,65,65440,0,0,2,1,2,1,1,4,2,02,1,1,000,074,1,0,1,4,1,35,9,1,9,01,2,1,19,200700022547A01,7,1,1
200700022549,2007-04-22,2007,avril,dimanche,91:0,65,65417,0,0,2,6,2,1,1,2,2,04,1,3,000,085,1,5,1,4,1,78,5,1,4,00,2,5,1,200700022549B01,7,9,1
200700022561,2007-04-15,2007,avril,dimanche,15:02,67,67462,0,0,2,1,3,1,1,9,2,01,1,1,000,052,1,0,1,4,2,10,5,1,9,00,2,1,5,200700022561B01,7,16,1
200700022564,2007-04-03,2007,avril,mardi,21:10,67,67482,0,0,2,2,6,5,1,4,2,02,1,1,000,115,1,0,1,4,1,23,1,1,9,00,2,7,1,200700022564A01,7,1,1
200700022568,2007-04-06,2007,avril,vendredi,10:49,67,67482,0,0,2,2,3,1,1,4,2,04,1,1,000,062,1,0,1,4,1,67,5,1,9,00,2,1,19,200700022568B01,7,16,1
200700022575,2007-04-09,2007,avril,lundi,15:00,67,67482,0,0,2,3,3,1,1,4,2,02,1,1,000,070,1,0,5,4,1,14,5,1,9,00,2,1,19,200700022575A01,7,1,1
200700022577,2007-04-10,2007,avril,mardi,15:25,67,67482,0,0,2,2,3,1,1,4,2,02,1,1,000,070,1,0,5,4,2,19,9,1,9,00,2,7,1,200700022577B01,7,15,1
200700022580,2007-04-11,2007,avril,mercredi,19:10,67,67482,0,0,2,1,6,1,1,4,2,02,1,1,000,070,1,0,1,4,2,23,5,1,9,00,2,4,19,200700022580B01,7,16,1
200700022581,2007-04-13,2007,avril,vendredi,84:5,67,67482,0,0,2,9,3,1,1,4,2,01,1,1,000,100,1,0,1,3,1,42,1,1,2,00,9,1,2,200700022581A01,1,17,1
200700022581,2007-04-13,2007,avril,vendredi,84:5,67,67482,0,0,2,9,3,1,1,4,2,01,1,1,000,100,1,0,1,4,2,24,1,1,2,00,9,1,17,200700022581B01,1,2,1
200700022582,2007-04-13,2007,avril,vendredi,92:6,67,67482,0,0,2,3,3,1,1,4,2,02,1,1,000,092,1,0,1,3,1,43,1,1,2,00,2,7,0,200700022582B01,7,9,1
200700022585,2007-04-15,2007,avril,dimanche,18:30,67,67482,0,0,2,2,1,1,1,4,3,04,1,1,085,225,1,5,1,4,1,71,5,1,9,00,2,0,19,200700022585B01,7,15,1
200700022588,2007-04-17,2007,avril,mardi,84:5,67,67482,0,0,2,1,6,1,1,4,1,02,-1,1,000,040,1,0,1,4,1,32,0,1,9,01,2,1,0,200700022588B01,7,22,1
200700022597,2007-04-20,2007,avril,vendredi,92:5,67,67482,0,0,2,3,3,1,7,4,2,02,1,1,000,064,1,0,1,2,1,28,0,1,9,00,2,8,1,200700022597B01,14,16,1
200700022599,2007-04-20,2007,avril,vendredi,23:05,67,67482,0,0,2,2,3,5,1,4,1,01,1,1,000,035,1,0,1,4,1,23,5,1,9,00,2,1,19,200700022599A01,7,1,1
200700022601,2007-04-22,2007,avril,dimanche,14:05,67,67482,0,0,2,1,6,1,1,4,2,02,1,1,000,060,1,0,1,4,1,7,5,1,9,00,2,1,19,200700022601B01,7,1,1
200700022604,2007-04-24,2007,avril,mardi,17:15,67,67043,0,0,2,1,3,1,1,4,2,02,1,1,000,070,1,0,1,4,1,31,1,1,9,00,2,0,17,200700022604B01,7,10,1
200700022605,2007-04-24,2007,avril,mardi,17:20,67,67482,0,0,2,1,6,1,1,4,2,02,1,1,000,050,1,0,1,4,1,13,5,1,9,00,2,8,13,200700022605B01,7,17,1
200700022613,2007-04-27,2007,avril,vendredi,18:40,67,67482,0,0,2,2,2,1,1,4,3,02,1,1,095,210,1,0,5,4,1,34,3,1,9,00,2,1,19,200700022613A01,7,1,1
200700022614,2007-04-28,2007,avril,samedi,19:30,67,67482,0,0,2,2,1,1,1,4,3,06,1,1,050,095,1,0,1,4,1,9,0,1,9,00,2,0,1,200700022614B01,7,1,1
200700022621,2007-04-11,2007,avril,mercredi,15:20,68,68066,0,0,2,2,3,1,1,3,2,02,1,1,000,100,1,0,5,4,1,56,5,1,2,00,2,1,1,200700022621B01,7,15,1
200700022622,2007-04-12,2007,avril,jeudi,74:5,68,68066,0,0,2,2,3,1,1,4,2,03,1,1,000,082,1,0,1,3,2,58,1,1,2,00,2,8,1,200700022622B01,7,1,1
200700022623,2007-04-13,2007,avril,vendredi,16:50,68,68066,0,0,2,1,3,1,1,3,3,03,1,1,000,104,1,0,4,4,1,11,5,1,2,00,2,3,1,200700022623B01,7,1,1
200700022624,2007-04-10,2007,avril,mardi,11:22,68,68066,0,0,2,1,3,1,1,3,1,03,1,1,000,120,1,0,1,4,1,54,5,1,2,00,2,2,5,200700022624B01,7,15,1
200700022633,2007-04-12,2007,avril,jeudi,20:35,68,68224,0,0,2,4,2,5,1,4,2,02,1,1,000,040,1,0,1,3,1,12,5,1,4,00,2,1,1,200700022633B01,10,1,1
200700022661,2007-04-12,2007,avril,jeudi,17:00,69,69259,0,0,2,1,3,1,1,4,2,02,1,1,000,070,1,0,1,4,1,51,5,1,2,01,0,0,1,200700022661B01,10,24,1
200700022678,2007-04-17,2007,avril,mardi,14:00,69,69266,0,0,2,2,3,1,1,4,1,01,1,1,000,000,1,0,1,3,1,20,2,1,9,00,2,1,1,200700022678B01,7,1,1
200700022687,2007-04-08,2007,avril,dimanche,15:15,69,69275,0,0,2,8,6,1,1,5,-1,00,-1,-1,000,000,-1,4,0,2,1,46,5,1,9,00,2,8,13,200700022687A01,40,0,1
200700022716,2007-04-25,2007,avril,mercredi,18:55,71,71270,0,0,2,2,3,1,1,4,2,02,2,1,000,060,-1,0,0,4,1,27,9,1,9,00,2,1,1,200700022716A01,7,1,1
200700022717,2007-04-27,2007,avril,vendredi,13:25,71,71270,0,0,2,2,3,1,2,3,2,20,1,1,000,080,2,0,0,3,1,17,5,1,9,00,0,4,19,200700022717A01,7,1,1
200700022717,2007-04-27,2007,avril,vendredi,13:25,71,71270,0,0,2,2,3,1,2,3,2,20,1,1,000,080,2,0,0,1,1,18,0,1,9,00,0,4,19,200700022717A01,7,1,1
200700022725,2007-04-06,2007,avril,vendredi,12:15,72,72181,0,0,2,3,3,1,1,3,1,01,2,2,000,032,1,3,1,3,2,19,0,1,9,00,2,1,1,200700022725B01,7,19,1
200700022743,2007-04-20,2007,avril,vendredi,17:30,72,72181,0,0,2,1,6,1,1,4,2,02,2,1,000,060,1,0,1,4,1,23,1,1,2,00,2,4,2,200700022743B01,7,2,1
200700022748,2007-04-23,2007,avril,lundi,82:5,72,72181,0,0,2,1,6,1,1,9,2,01,1,1,000,068,1,0,1,4,2,11,0,1,9,00,0,0,1,200700022748A01,,,
200700022760,2007-04-30,2007,avril,lundi,19:35,72,72181,0,0,2,3,6,1,1,9,-1,00,1,1,000,000,1,6,1,1,1,30,0,1,2,00,1,1,15,200700022760A01,,,
200700022760,2007-04-30,2007,avril,lundi,19:35,72,72181,0,0,2,3,6,1,1,9,-1,00,1,1,000,000,1,6,1,4,2,53,5,0,0,00,1,1,15,200700022760A01,,,
200700022762,2007-04-26,2007,avril,jeudi,22:01,73,73008,0,0,2,1,1,5,1,4,2,02,1,1,000,071,1,0,5,3,1,16,5,1,9,00,2,8,23,200700022762B01,7,1,1
200700022770,2007-04-24,2007,avril,mardi,14:15,74,74010,0,0,2,2,6,1,1,4,1,02,1,1,000,000,1,0,1,4,1,19,9,1,2,00,1,1,1,200700022770A01,,,
200700022775,2007-04-30,2007,avril,lundi,10:10,74,74008,0,0,2,1,6,1,1,4,2,02,1,1,000,060,1,0,1,4,1,19,0,1,2,01,0,1,1,200700022775B01,7,24,1
200700022777,2007-04-03,2007,avril,mardi,17:10,74,74218,0,0,2,1,3,1,1,9,2,01,1,-1,000,039,1,0,1,3,1,18,5,1,2,00,2,1,16,200700022777B01,7,1,1
200700022791,2007-04-02,2007,avril,lundi,93:0,75,75018,0,0,2,2,3,1,1,4,2,03,1,1,000,090,1,0,1,4,2,31,4,0,0,00,2,3,1,200700022791B01,7,16,1
200700022794,2007-04-02,2007,avril,lundi,12:30,75,75016,0,0,2,3,3,1,1,4,2,04,1,1,000,120,1,0,1,4,1,49,4,1,2,00,2,2,1,200700022794B01,7,10,1
200700022796,2007-04-03,2007,avril,mardi,85:0,75,75011,0,0,2,1,3,1,1,4,1,02,1,1,000,060,1,0,1,1,2,34,9,0,0,00,2,2,21,200700022796B01,10,24,1
200700022796,2007-04-03,2007,avril,mardi,85:0,75,75011,0,0,2,1,3,1,1,4,1,02,1,1,000,060,1,0,1,4,2,3,0,1,9,00,2,2,21,200700022796B01,10,24,1
200700022801,2007-04-02,2007,avril,lundi,13:10,75,75009,0,0,2,1,3,1,1,4,1,02,1,1,000,060,1,0,1,4,1,32,5,0,0,00,2,3,1,200700022801B01,7,12,1
200700022807,2007-04-04,2007,avril,mercredi,13:57,75,75003,0,0,2,3,3,1,1,4,1,01,1,1,000,030,1,0,1,4,1,29,4,0,0,00,2,1,7,200700022807B01,4,15,1
200700022825,2007-04-03,2007,avril,mardi,11:42,75,75018,0,0,2,1,3,1,1,4,2,04,1,1,000,120,1,0,1,4,1,37,9,0,0,00,2,1,1,200700022825B01,7,22,1
200700022836,2007-04-05,2007,avril,jeudi,14:18,75,75015,0,0,2,1,3,1,1,4,2,03,1,1,000,090,1,0,1,4,1,32,5,0,0,00,2,1,1,200700022836B01,10,22,1
200700022843,2007-04-04,2007,avril,mercredi,13:10,75,75011,0,0,2,1,7,1,1,4,1,01,1,1,000,030,1,0,1,4,1,15,5,0,0,00,0,0,1,200700022843A01,,,
200700022844,2007-04-04,2007,avril,mercredi,15:30,75,75016,0,0,2,3,6,1,1,4,1,02,1,1,000,060,1,0,1,4,2,63,5,0,0,00,2,1,1,200700022844B01,7,0,1
200700022848,2007-04-05,2007,avril,jeudi,19:25,75,75008,0,0,2,1,3,1,1,4,2,02,1,1,000,060,1,0,1,4,2,64,5,0,0,00,2,1,19,200700022848A01,5,1,1
200700022853,2007-04-05,2007,avril,jeudi,16:20,75,75012,0,0,2,2,3,1,1,4,1,02,1,1,000,060,1,0,1,4,2,20,5,0,0,00,2,3,15,200700022853A01,5,1,1
200700022863,2007-04-08,2007,avril,dimanche,15:05,75,75012,0,0,2,1,7,1,1,4,1,02,1,1,000,060,1,0,1,3,1,37,5,0,0,00,0,0,21,200700022863A01,,,
200700022871,2007-04-08,2007,avril,dimanche,10:00,75,75018,0,0,2,1,3,1,1,4,1,01,1,1,000,030,1,0,1,4,2,46,5,0,0,00,2,2,1,200700022871B01,7,22,1
200700022880,2007-04-04,2007,avril,mercredi,21:10,75,75001,0,0,2,3,3,5,1,4,1,01,1,1,000,030,1,0,1,4,1,33,4,0,0,00,2,2,1,200700022880B01,7,22,1
200700022895,2007-04-06,2007,avril,vendredi,82:0,75,75007,0,0,2,1,7,1,1,4,2,03,1,1,000,090,1,0,1,1,1,47,5,0,0,00,0,0,1,200700022895A01,,,
200700022895,2007-04-06,2007,avril,vendredi,82:0,75,75007,0,0,2,1,7,1,1,4,2,03,1,1,000,090,1,0,1,3,1,11,0,1,9,00,0,0,1,200700022895A01,,,
200700022927,2007-04-01,2007,avril,dimanche,14:40,75,75010,0,0,2,1,6,1,1,4,2,03,1,1,000,090,1,0,1,1,1,37,5,0,0,00,1,1,1,200700022927A01,,,
200700022929,2007-04-03,2007,avril,mardi,91:5,75,75010,0,0,2,3,3,1,1,4,1,02,1,1,000,060,1,0,1,4,1,43,4,0,0,00,2,1,1,200700022929B01,10,16,1
200700022936,2007-04-06,2007,avril,vendredi,90:0,75,75010,0,0,2,1,3,1,1,4,2,02,1,1,000,060,1,0,1,4,1,18,9,0,0,00,2,1,1,200700022936B01,7,9,1
200700022939,2007-04-09,2007,avril,lundi,16:00,75,75005,0,0,2,1,6,1,1,4,1,04,1,1,000,120,1,0,4,1,2,44,5,0,0,00,1,1,1,200700022939A01,,,
200700022942,2007-04-10,2007,avril,mardi,10:55,75,75007,0,0,2,3,3,1,1,4,1,01,1,1,000,030,1,0,1,4,2,22,1,0,0,00,2,2,16,200700022942B01,7,4,1
200700022964,2007-04-06,2007,avril,vendredi,15:15,75,75012,0,0,2,1,3,1,1,4,2,02,1,1,000,060,1,0,1,4,2,61,4,0,0,00,2,2,1,200700022964B01,7,22,1
200700022976,2007-04-12,2007,avril,jeudi,16:15,75,75002,0,0,2,2,3,1,1,4,1,03,1,1,000,090,1,0,1,4,2,42,5,0,0,00,2,2,5,200700022976A01,7,1,1
200700022979,2007-04-12,2007,avril,jeudi,18:15,75,75014,0,0,2,1,3,1,1,4,2,02,1,1,000,060,1,0,1,4,1,36,5,0,0,00,2,2,1,200700022979B01,7,22,1
200700022983,2007-04-12,2007,avril,jeudi,85:0,75,75018,0,0,2,1,7,1,1,4,2,04,1,1,000,120,2,0,1,4,2,49,4,0,0,00,0,0,21,200700022983A01,,,
200700022992,2007-04-11,2007,avril,mercredi,12:30,75,75019,0,0,2,3,3,1,1,4,1,04,1,1,000,120,1,0,1,4,1,28,9,0,0,00,2,3,19,200700022992A01,7,16,1
200700022993,2007-04-12,2007,avril,jeudi,18:55,75,75004,0,0,2,2,3,1,1,4,1,01,1,1,000,030,1,0,1,4,2,55,4,0,0,00,2,2,1,200700022993B01,7,22,1
200700022994,2007-04-12,2007,avril,jeudi,94:6,75,75005,0,0,2,1,3,1,1,4,2,02,1,1,000,060,1,0,1,4,2,28,4,0,0,00,2,2,1,200700022994B01,10,22,1
200700022997,2007-04-12,2007,avril,jeudi,15:02,75,75011,0,0,2,1,6,1,1,4,2,02,1,1,000,060,1,0,1,3,1,44,5,0,0,00,1,1,1,200700022997A01,,,
200700023005,2007-04-14,2007,avril,samedi,13:58,75,75002,0,0,2,1,6,1,1,4,1,02,1,1,000,060,1,6,1,1,1,21,5,0,0,00,1,1,1,200700023005A01,,,
200700023007,2007-04-14,2007,avril,samedi,11:00,75,75013,0,0,2,2,3,1,1,4,2,02,1,1,000,060,1,0,1,4,1,36,5,0,0,00,2,3,7,200700023007B01,18,7,1
200700023009,2007-04-13,2007,avril,vendredi,10:10,75,75012,0,0,2,1,7,1,1,4,2,04,1,1,000,120,8,0,1,4,2,34,4,0,0,00,0,0,7,200700023009A01,,,
200700023027,2007-04-16,2007,avril,lundi,12:35,75,75015,0,0,2,4,6,1,1,4,2,03,1,1,000,090,1,0,1,1,1,28,4,0,0,00,1,1,1,200700023027A01,,,
200700023039,2007-04-16,2007,avril,lundi,15:30,75,75016,0,0,2,2,6,1,1,4,2,04,1,1,000,120,1,0,1,4,1,27,5,0,0,00,2,1,1,200700023039B01,7,0,1
200700023046,2007-04-17,2007,avril,mardi,10:40,75,75016,0,0,2,1,4,1,1,4,2,03,1,1,000,090,1,0,1,1,1,72,5,1,2,00,2,1,1,200700023046A01,1,1,2
200700023046,2007-04-17,2007,avril,mardi,10:40,75,75016,0,0,2,1,4,1,1,4,2,03,1,1,000,090,1,0,1,4,1,60,5,1,2,00,2,4,1,200700023046B01,1,1,2
200700023046,2007-04-17,2007,avril,mardi,10:40,75,75016,0,0,2,1,4,1,1,4,2,03,1,1,000,090,1,0,1,1,1,70,5,1,2,00,2,4,1,200700023046C01,1,1,2
200700023047,2007-04-17,2007,avril,mardi,91:0,75,75018,0,0,2,1,3,1,1,4,2,02,1,1,000,060,1,0,1,4,1,13,5,0,0,00,2,1,9,200700023047A01,7,1,1
200700023058,2007-04-17,2007,avril,mardi,19:05,75,75003,0,0,2,1,4,1,1,4,2,04,1,1,000,120,1,0,1,4,2,30,5,0,0,00,2,2,7,200700023058B01,10/ 7,22/1,2
200700023077,2007-04-18,2007,avril,mercredi,92:5,75,75019,0,0,2,2,3,1,1,4,2,03,1,1,000,090,1,0,1,4,2,36,4,0,0,00,2,3,1,200700023077A01,18,1,1
200700023079,2007-04-18,2007,avril,mercredi,17:50,75,75019,0,0,2,1,3,1,1,4,2,04,1,1,000,120,1,0,1,4,1,69,5,0,0,00,2,2,1,200700023079B01,7,22,1
200700023088,2007-04-11,2007,avril,mercredi,92:5,75,75010,0,0,2,1,3,1,1,4,2,02,1,1,000,060,1,0,1,4,2,26,4,0,0,00,2,1,18,200700023088B01,7,15,1
200700023092,2007-04-16,2007,avril,lundi,17:45,75,75010,0,0,2,1,7,1,1,4,3,03,1,1,010,090,1,0,1,4,1,26,5,0,0,00,0,0,1,200700023092A01,,,