Num_Acc,date,an,mois,jour,hrmn,dep,com,lat,long,agg,int,col,lum,atm,catr,circ,nbv,prof,plan,lartpc,larrout,surf,infra,situ,grav,sexe,age,trajet,secuexist,equipement,obs,obsm,choc,manv,vehiculeid,typevehicules,manoeuvehicules,numVehicules
200700023095,2007-04-18,2007,avril,mercredi,11:05,75,75010,0,0,2,1,3,1,1,4,2,03,1,1,000,090,1,0,1,4,2,41,4,1,2,00,2,3,1,200700023095B01,7,22,1
200700023126,2007-04-22,2007,avril,dimanche,15:55,75,75007,0,0,2,1,3,1,1,4,1,02,1,1,000,060,1,0,1,1,1,16,5,0,0,00,2,3,15,200700023126A01,1,1,1
200700023126,2007-04-22,2007,avril,dimanche,15:55,75,75007,0,0,2,1,3,1,1,4,1,02,1,1,000,060,1,0,1,4,2,16,5,0,0,00,2,2,1,200700023126B01,1,15,1
200700023127,2007-04-22,2007,avril,dimanche,11:10,75,75018,0,0,2,2,3,1,1,4,1,01,1,1,000,030,1,0,1,4,1,45,5,0,0,00,2,3,1,200700023127B01,7,1,1
200700023134,2007-04-18,2007,avril,mercredi,14:30,75,75017,0,0,2,1,3,1,1,4,2,02,1,1,000,060,1,0,1,4,1,48,5,0,0,00,2,2,1,200700023134B01,7,22,1
200700023135,2007-04-20,2007,avril,vendredi,14:10,75,75004,0,0,2,1,3,1,1,4,2,03,1,1,000,090,1,0,1,4,2,21,5,0,0,00,2,3,21,200700023135A01,2,17,1
200700023145,2007-04-22,2007,avril,dimanche,17:50,75,75005,0,0,2,2,2,1,1,4,1,04,1,1,000,120,1,0,1,4,1,32,1,0,0,00,2,1,2,200700023145A01,7,23,1
200700023155,2007-04-23,2007,avril,lundi,20:00,75,75016,0,0,2,2,3,5,1,4,2,01,1,1,000,030,1,0,1,4,1,44,5,0,0,00,2,1,5,200700023155A01,7,10,1
200700023158,2007-04-22,2007,avril,dimanche,15:25,75,75006,0,0,2,2,3,1,1,4,2,04,1,1,000,120,1,0,1,4,1,64,5,0,0,00,2,2,1,200700023158B01,7,22,1
200700023162,2007-04-23,2007,avril,lundi,20:20,75,75001,0,0,2,2,3,5,8,4,1,02,1,1,000,060,1,0,1,4,1,34,4,0,0,00,2,3,1,200700023162B01,7,1,1
200700023195,2007-04-07,2007,avril,samedi,17:15,75,75009,0,0,2,1,3,1,1,4,1,04,1,1,000,120,1,0,1,4,1,32,5,0,0,00,2,3,7,200700023195B01,7,12,1
200700023198,2007-04-23,2007,avril,lundi,19:25,75,75019,0,0,2,1,3,1,1,4,1,02,1,1,000,060,1,0,1,4,1,33,5,0,0,00,2,2,1,200700023198B01,7,22,1
200700023217,2007-04-25,2007,avril,mercredi,17:15,75,75005,0,0,2,1,3,1,1,4,2,02,1,1,000,060,1,0,1,4,2,23,9,0,0,00,2,2,1,200700023217B01,7,22,1
200700023227,2007-04-25,2007,avril,mercredi,17:15,75,75008,0,0,2,5,3,1,1,4,2,02,1,1,000,060,1,0,1,1,2,15,5,0,0,00,2,3,19,200700023227A01,2,16,1
200700023232,2007-04-26,2007,avril,jeudi,14:25,75,75016,0,0,2,3,6,1,1,4,2,02,1,1,000,060,1,0,1,4,1,48,5,1,2,00,1,1,1,200700023232A01,,,
200700023241,2007-04-25,2007,avril,mercredi,13:05,75,75016,0,0,2,1,6,1,1,4,2,02,1,1,000,060,1,0,1,4,1,40,5,0,0,00,2,3,1,200700023241B01,1,0,1
200700023248,2007-04-26,2007,avril,jeudi,11:35,75,75019,0,0,2,1,3,1,1,4,3,02,1,1,000,060,1,0,1,4,1,34,5,0,0,00,2,3,1,200700023248B01,16,1,1
200700023272,2007-04-27,2007,avril,vendredi,18:45,75,75005,0,0,2,1,2,5,1,4,2,04,1,1,000,120,1,0,1,4,2,59,9,0,0,00,2,1,1,200700023272A01,4,21,1
200700023275,2007-04-27,2007,avril,vendredi,20:55,75,75016,0,0,2,1,3,2,1,4,2,02,1,1,000,060,1,0,1,4,1,44,5,0,0,00,2,1,17,200700023275B01,7,9,1
200700023283,2007-04-28,2007,avril,samedi,17:50,75,75020,0,0,2,1,3,1,1,4,2,02,1,1,000,060,1,0,1,4,1,7,5,0,0,00,2,2,9,200700023283A01,7,1,1
200700023284,2007-04-28,2007,avril,samedi,14:30,75,75020,0,0,2,1,4,1,1,4,2,04,1,1,000,120,1,0,1,3,1,21,5,0,0,00,2,2,7,200700023284B01,7/ 10,22/1,2
200700023297,2007-04-30,2007,avril,lundi,18:35,75,75001,0,0,2,2,3,1,1,4,1,02,1,1,000,060,1,0,1,4,2,41,4,0,0,00,2,3,7,200700023297B01,18,16,1
200700023304,2007-04-30,2007,avril,lundi,17:15,75,75015,0,0,2,1,3,1,1,4,2,04,1,1,000,120,1,0,1,4,2,64,5,0,0,00,2,2,1,200700023304B01,10,22,1
200700023327,2007-04-29,2007,avril,dimanche,17:20,75,75012,0,0,2,2,7,1,8,4,2,02,1,1,000,060,1,0,1,4,1,58,5,0,0,00,0,0,1,200700023327A01,,,
200700023332,2007-04-30,2007,avril,lundi,90:0,75,75010,0,0,2,1,6,1,1,4,2,04,1,1,000,120,1,0,1,4,2,39,4,1,2,00,1,1,1,200700023332A01,,,
200700023333,2007-04-30,2007,avril,lundi,23:37,75,75018,0,0,2,2,3,5,1,4,3,02,1,1,010,060,1,0,1,4,1,33,5,0,0,00,2,1,1,200700023333A01,7,1,1
200700023334,2007-04-22,2007,avril,dimanche,17:00,75,75012,0,0,2,1,6,1,1,4,1,02,1,1,000,060,1,0,1,4,2,66,5,0,0,00,2,2,1,200700023334A01,,,
200700023372,2007-04-11,2007,avril,mercredi,11:15,75,75009,0,0,2,2,2,1,1,4,1,02,1,1,000,060,1,0,1,4,1,46,9,0,0,00,2,1,2,200700023372A01,7,23,1
200700023443,2007-04-05,2007,avril,jeudi,20:10,76,76217,0,0,2,1,3,2,1,4,1,02,1,2,000,064,1,0,1,4,2,39,4,1,2,00,2,4,2,200700023443B01,7,2,1
200700023453,2007-04-06,2007,avril,vendredi,94:0,76,76351,0,0,2,3,3,1,1,4,1,01,1,-1,000,000,1,0,1,4,1,84,0,1,9,00,2,1,1,200700023453B01,7,1,1
200700023461,2007-04-17,2007,avril,mardi,14:00,76,76351,0,0,2,2,3,1,1,4,2,03,2,2,000,085,1,0,1,3,1,15,5,1,9,14,0,1,1,200700023461A01,7,23,1
200700023464,2007-04-21,2007,avril,samedi,12:30,76,76351,0,0,2,1,1,1,1,4,2,02,1,1,000,064,1,0,1,3,1,38,5,0,0,00,2,1,1,200700023464B01,7,17,1
200700023480,2007-04-10,2007,avril,mardi,71:5,76,76322,0,0,2,1,2,2,1,3,1,01,1,1,000,040,1,0,1,3,2,48,0,1,2,00,2,1,0,200700023480B01,7,16,1
200700023489,2007-04-19,2007,avril,jeudi,16:25,76,76319,0,0,2,3,3,1,1,4,2,02,2,-1,000,060,1,0,1,4,2,15,0,1,2,00,2,1,0,200700023489A01,7,1,1
200700023489,2007-04-19,2007,avril,jeudi,16:25,76,76319,0,0,2,3,3,1,1,4,2,02,2,-1,000,060,1,0,1,1,2,15,0,1,2,00,2,1,0,200700023489A01,7,1,1
200700023489,2007-04-19,2007,avril,jeudi,16:25,76,76319,0,0,2,3,3,1,1,4,2,02,2,-1,000,060,1,0,1,1,2,15,0,1,2,00,2,1,0,200700023489A01,7,1,1
200700023493,2007-04-23,2007,avril,lundi,13:15,76,76157,0,0,1,1,2,1,1,3,2,03,2,1,000,106,1,0,3,2,1,71,0,1,2,01,0,1,1,200700023493A01,16,24,1
200700023499,2007-04-09,2007,avril,lundi,20:00,77,77108,0,0,2,1,1,1,1,4,2,02,1,1,000,058,1,0,1,4,1,14,5,1,9,00,2,1,19,200700023499A01,30,1,1
200700023502,2007-04-02,2007,avril,lundi,22:05,77,77018,0,0,2,3,3,5,1,4,2,02,1,1,000,080,1,0,1,4,1,44,1,1,4,00,2,3,1,200700023502B01,7,15,1
200700023526,2007-04-18,2007,avril,mercredi,15:30,77,77214,0,0,2,1,3,1,1,3,2,02,2,1,000,030,1,2,1,2,1,54,5,1,2,00,2,5,19,200700023526B01,33,17,1
200700023530,2007-04-23,2007,avril,lundi,16:40,77,77122,0,0,2,1,3,1,1,3,3,04,1,1,000,140,1,0,1,4,1,24,0,1,9,00,0,8,2,200700023530B01,7,18,1
200700023532,2007-04-20,2007,avril,vendredi,19:40,77,77210,0,0,2,1,3,1,1,4,2,02,1,1,000,058,1,0,1,3,1,16,5,1,9,00,2,2,14,200700023532B01,7,1,1
200700023536,2007-04-17,2007,avril,mardi,17:55,77,77468,0,0,2,9,3,1,1,9,2,01,2,1,000,060,1,0,1,3,1,53,0,1,2,00,0,1,0,200700023536B01,7,0,1
200700023545,2007-04-19,2007,avril,jeudi,19:55,77,77373,0,0,2,6,3,1,1,2,1,02,1,-1,000,000,1,5,1,3,1,42,5,1,2,00,2,7,2,200700023545B01,7,9,1
200700023564,2007-04-10,2007,avril,mardi,17:35,78,78423,0,0,2,1,3,1,1,4,2,02,1,1,015,066,1,0,1,3,1,36,0,1,4,00,2,0,19,200700023564A01,7,2,1
200700023565,2007-04-19,2007,avril,jeudi,93:0,78,78297,0,0,2,1,6,1,1,4,1,00,1,-1,000,000,1,0,1,4,1,70,5,1,9,00,2,1,1,200700023565B01,7,0,1
200700023568,2007-04-23,2007,avril,lundi,92:5,78,78297,0,0,2,1,6,1,1,4,2,00,1,1,000,000,1,0,1,2,2,55,1,1,2,00,9,1,1,200700023568B01,7,1,1
200700023588,2007-04-23,2007,avril,lundi,17:50,78,78490,0,0,2,1,3,1,1,4,2,02,1,1,000,060,1,0,1,3,1,10,5,1,9,00,2,1,1,200700023588B01,7,1,1
200700023604,2007-04-17,2007,avril,mardi,17:50,78,78517,0,0,2,6,3,1,1,4,1,00,1,3,000,085,1,5,1,3,2,19,5,1,2,00,0,7,0,200700023604B01,32,0,1
200700023628,2007-04-21,2007,avril,samedi,19:40,78,78640,0,0,2,1,6,1,1,3,1,01,1,2,000,070,1,0,1,4,1,14,5,1,9,00,2,8,19,200700023628B01,7,1,1
200700023637,2007-04-25,2007,avril,mercredi,13:55,78,78158,0,0,2,6,3,1,1,4,4,02,1,2,000,070,1,0,1,3,2,55,5,1,2,00,2,4,1,200700023637B01,7,1,1
200700023670,2007-04-18,2007,avril,mercredi,14:55,80,80674,0,0,2,3,3,1,1,3,2,02,1,1,000,060,1,0,1,4,1,14,5,1,9,00,2,1,15,200700023670A01,7,1,1
200700023684,2007-04-28,2007,avril,samedi,15:50,81,81004,0,0,2,1,3,1,1,3,2,02,1,1,000,060,1,0,1,3,1,27,5,1,2,00,2,1,1,200700023684B01,10,15,1
200700023689,2007-04-16,2007,avril,lundi,10:25,81,81065,0,0,2,1,3,1,1,4,3,04,1,1,000,000,1,0,1,4,1,16,5,1,9,00,2,8,13,200700023689A01,7,17,1
200700023706,2007-04-27,2007,avril,vendredi,12:15,82,82121,0,0,2,1,3,1,1,4,2,02,1,1,000,000,1,0,1,4,1,57,5,1,2,00,2,1,1,200700023706B01,7,9,1
200700023722,2007-04-30,2007,avril,lundi,11:10,83,83129,0,0,2,1,6,1,1,4,2,01,2,1,000,000,1,0,5,3,2,62,5,1,2,00,1,0,18,200700023722A01,,,
200700023783,2007-04-06,2007,avril,vendredi,20:50,84,84007,0,0,2,1,6,2,1,4,1,01,1,1,000,050,1,0,0,4,1,18,0,1,4,01,0,1,18,200700023783A01,7,24,1
200700023812,2007-04-06,2007,avril,vendredi,10:00,85,85194,0,0,2,1,6,1,1,4,3,02,1,1,000,000,1,0,1,4,1,16,5,1,9,00,2,2,6,200700023812A01,7,2,1
200700023814,2007-04-30,2007,avril,lundi,73:0,85,85194,0,0,2,1,6,2,1,4,1,01,1,1,000,000,-1,0,5,3,1,48,1,1,9,00,2,1,2,200700023814B01,7,2,1
200700023866,2007-04-25,2007,avril,mercredi,82:5,87,87085,0,0,2,1,6,1,1,4,2,02,-1,1,000,060,1,0,1,4,2,24,2,1,2,00,2,1,1,200700023866B01,7,15,1
200700023868,2007-04-25,2007,avril,mercredi,13:24,87,87085,0,0,2,3,6,1,1,4,3,05,-1,1,020,150,1,0,1,4,1,24,5,1,2,00,2,0,1,200700023868B01,7,15,1
200700023869,2007-04-26,2007,avril,jeudi,21:22,87,87065,0,0,2,1,6,5,1,4,2,02,-1,1,000,060,1,0,1,4,1,24,0,1,2,00,2,0,1,200700023869A01,7,17,1
200700023872,2007-04-28,2007,avril,samedi,13:08,87,87085,0,0,2,1,6,1,1,4,-1,50,2,1,000,080,1,0,1,3,1,33,5,0,0,00,0,0,1,200700023872A01,,,
200700023877,2007-04-05,2007,avril,jeudi,16:30,88,88209,0,0,2,1,3,1,1,4,2,02,1,1,000,062,1,0,1,3,1,11,5,1,2,00,2,1,15,200700023877A01,7,17,1
200700023878,2007-04-25,2007,avril,mercredi,10:25,88,88209,0,0,2,2,3,1,1,3,2,02,1,1,000,072,1,0,1,4,1,38,5,1,2,00,2,1,1,200700023878A01,7,1,1
200700023880,2007-04-24,2007,avril,mardi,14:00,88,88160,0,0,2,1,3,1,1,4,2,03,1,1,000,096,1,0,1,4,1,21,5,1,2,00,2,1,19,200700023880A01,7,1,1
200700023884,2007-04-09,2007,avril,lundi,15:15,88,88413,0,0,2,1,6,1,1,4,2,02,1,1,000,065,1,0,1,4,1,29,5,1,9,00,2,1,1,200700023884B01,7,0,1
200700023891,2007-04-02,2007,avril,lundi,16:55,89,89387,0,0,2,3,3,1,1,3,2,02,1,1,000,074,1,0,1,4,1,40,0,1,9,00,2,3,2,200700023891A01,33,2,1
200700023921,2007-04-22,2007,avril,dimanche,11:50,91,91114,0,0,2,1,6,1,1,4,2,02,1,1,020,020,1,0,0,1,1,71,0,1,9,00,1,1,1,200700023921A01,,,
200700023932,2007-04-13,2007,avril,vendredi,84:0,91,91201,0,0,2,2,1,1,1,4,2,00,1,1,000,000,1,0,1,4,1,28,1,1,9,00,2,1,5,200700023932A01,7,2,1
200700023943,2007-04-08,2007,avril,dimanche,14:10,91,91228,0,0,2,1,2,1,1,4,2,02,1,1,000,070,1,0,1,4,1,27,5,1,2,00,2,1,1,200700023943B01,10,23,1
200700023956,2007-04-06,2007,avril,vendredi,17:35,91,91691,0,0,2,2,3,1,1,4,2,02,1,1,000,060,1,0,1,4,1,15,2,1,9,00,2,1,1,200700023956B01,7,0,1
200700023993,2007-04-23,2007,avril,lundi,90:5,92,92004,0,0,2,3,6,1,2,3,2,02,1,1,000,000,1,0,1,4,1,16,5,0,0,00,2,1,1,200700023993A01,7,16,1
200700023997,2007-04-28,2007,avril,samedi,21:00,92,92004,0,0,2,3,2,5,1,4,2,02,-1,-1,000,070,1,0,1,4,2,39,0,1,9,00,2,4,0,200700023997B01,7,0,1
200700024015,2007-04-26,2007,avril,jeudi,19:24,92,92012,0,0,2,1,6,2,1,4,-1,00,-1,-1,000,072,1,0,1,4,2,22,5,1,2,01,0,1,2,200700024015B01,7,22,1
200700024029,2007-04-25,2007,avril,mercredi,19:20,92,92023,0,0,2,2,3,1,1,4,2,01,-1,1,000,050,-1,5,1,3,1,9,5,1,2,00,0,1,2,200700024029B01,7,2,1
200700024070,2007-04-11,2007,avril,mercredi,16:55,92,92036,0,0,2,1,1,1,1,4,2,02,1,1,000,070,1,0,1,4,1,19,5,1,9,00,1,1,5,200700024070A01,7,1,1
200700024078,2007-04-12,2007,avril,jeudi,17:15,92,92040,0,0,2,2,2,1,1,2,2,02,2,1,000,120,1,1,1,3,1,53,1,0,0,00,2,4,1,200700024078B01,7,1,1
200700024080,2007-04-14,2007,avril,samedi,16:20,92,92040,0,0,2,1,6,1,1,2,1,02,1,1,000,100,1,0,1,4,2,22,5,1,2,00,2,1,1,200700024080B01,7,22,1
200700024096,2007-04-18,2007,avril,mercredi,18:00,92,92048,0,0,2,1,7,1,1,3,2,02,1,1,000,070,1,0,4,4,1,17,5,1,2,09,0,0,1,200700024096A01,,,
200700024098,2007-04-28,2007,avril,samedi,92:5,92,92048,0,0,2,3,3,1,1,4,2,02,1,1,000,092,1,0,1,4,1,47,5,1,9,00,2,1,1,200700024098B01,7,15,1
200700024099,2007-04-02,2007,avril,lundi,17:15,92,92020,0,0,2,1,3,1,1,4,2,02,1,1,000,069,1,0,1,1,2,39,9,1,9,00,0,8,19,200700024099B01,30,0,1
200700024099,2007-04-02,2007,avril,lundi,17:15,92,92020,0,0,2,1,3,1,1,4,2,02,1,1,000,069,1,0,1,4,1,3,0,1,3,00,0,8,19,200700024099B01,30,0,1
200700024122,2007-04-27,2007,avril,vendredi,61:0,92,92050,0,0,2,1,3,2,1,4,2,02,1,1,000,060,1,0,1,4,1,32,1,1,9,00,2,4,17,200700024122B01,10,20,1
200700024143,2007-04-25,2007,avril,mercredi,15:45,92,92051,0,0,2,1,3,1,1,4,2,00,1,1,000,000,1,0,1,4,2,32,0,1,9,00,2,1,1,200700024143B01,7,9,1
200700024176,2007-04-22,2007,avril,dimanche,18:50,92,92022,0,0,2,1,7,1,1,4,2,02,2,1,000,054,1,0,1,3,1,43,5,1,2,00,0,0,1,200700024176A01,,,
200700024182,2007-04-17,2007,avril,mardi,15:20,92,92073,0,0,2,3,3,1,1,3,3,04,2,1,000,068,1,0,1,4,1,29,0,1,2,00,2,3,2,200700024182B01,7,16,1
200700024188,2007-04-01,2007,avril,dimanche,17:00,92,92075,0,0,2,1,6,1,1,3,2,02,1,1,000,074,1,0,1,1,1,36,5,1,2,00,1,1,1,200700024188A01,,,
200700024190,2007-04-11,2007,avril,mercredi,16:55,92,92046,0,0,2,1,3,1,1,3,2,02,1,1,000,085,1,0,5,4,1,36,5,1,2,00,2,1,1,200700024190B01,7,9,1
200700024214,2007-04-28,2007,avril,samedi,18:00,93,93001,0,0,2,2,3,1,1,4,1,01,1,1,000,100,1,0,1,3,1,20,0,1,9,00,2,8,5,200700024214A01,34,1,1
200700024217,2007-04-05,2007,avril,jeudi,94:0,93,93005,0,0,2,2,1,1,1,4,2,02,1,1,000,080,1,0,1,4,1,40,4,1,4,00,2,7,1,200700024217B01,7,1,1
200700024222,2007-04-10,2007,avril,mardi,19:25,93,93005,0,0,2,3,3,1,1,4,2,02,1,1,000,080,1,0,1,3,1,10,0,1,9,00,9,1,1,200700024222B01,31,1,1
200700024226,2007-04-24,2007,avril,mardi,83:5,93,93005,0,0,1,1,2,1,1,2,1,02,1,1,000,100,1,3,1,3,1,44,1,1,9,00,0,4,0,200700024226B01,7,9,1
200700024256,2007-04-20,2007,avril,vendredi,11:30,93,93057,0,0,1,1,1,1,1,4,-1,01,1,1,000,000,1,0,5,3,1,50,5,1,9,00,0,0,0,200700024256B01,30,0,1
200700024259,2007-04-28,2007,avril,samedi,17:05,93,93057,0,0,2,1,6,1,1,9,-1,01,1,1,000,000,1,0,5,4,2,6,5,0,0,00,1,1,0,200700024259A01,,,
200700024259,2007-04-28,2007,avril,samedi,17:05,93,93057,0,0,2,1,6,1,1,9,-1,01,1,1,000,000,1,0,5,1,1,40,0,0,0,00,1,1,0,200700024259A01,,,
200700024263,2007-04-05,2007,avril,jeudi,71:5,93,93027,0,0,2,2,3,1,1,4,2,02,1,1,000,080,1,0,1,3,1,25,1,1,9,00,2,1,12,200700024263B01,13,1,1
200700024272,2007-04-24,2007,avril,mardi,74:0,93,93029,0,0,2,3,3,1,1,3,2,04,1,1,000,200,1,5,1,4,1,28,5,1,9,00,2,1,1,200700024272B01,7,15,1
200700024280,2007-04-10,2007,avril,mardi,19:50,93,93079,0,0,2,2,3,1,1,6,1,01,1,1,003,030,1,0,1,3,1,14,5,1,9,00,2,8,2,200700024280B01,7,2,1
200700024283,2007-04-16,2007,avril,lundi,94:5,93,93031,0,0,2,3,3,1,1,2,2,02,1,1,100,030,1,0,1,4,1,26,0,1,2,00,2,1,1,200700024283A01,7,15,1
200700024316,2007-04-02,2007,avril,lundi,13:25,93,93046,0,0,2,1,3,1,1,4,1,01,1,1,000,040,1,0,1,4,2,47,1,1,9,01,0,0,2,200700024316B01,7,22,1
200700024319,2007-04-06,2007,avril,vendredi,18:45,93,93074,0,0,2,3,3,1,1,4,2,02,1,1,000,080,1,0,1,4,2,18,5,1,9,00,2,0,15,200700024319B01,7,1,1
200700024320,2007-04-13,2007,avril,vendredi,15:10,93,93046,0,0,2,2,3,1,1,4,2,02,1,1,000,059,1,0,1,4,1,16,5,1,9,00,2,0,15,200700024320B01,7,1,1
200700024329,2007-04-17,2007,avril,mardi,10:40,93,93048,0,0,2,2,2,1,1,4,2,02,2,1,000,000,1,5,1,4,2,26,0,1,2,14,2,6,18,200700024329A01,7,23,1
200700024329,2007-04-17,2007,avril,mardi,10:40,93,93048,0,0,2,2,2,1,1,4,2,02,2,1,000,000,1,5,1,1,1,24,0,1,2,14,2,6,18,200700024329A01,7,23,1
200700024338,2007-04-28,2007,avril,samedi,15:50,93,93048,0,0,2,2,3,1,1,4,2,02,2,1,000,070,1,0,1,3,1,7,5,1,2,01,2,7,19,200700024338B01,37,1,1
200700024351,2007-04-13,2007,avril,vendredi,11:55,93,93033,0,0,2,1,1,1,1,4,1,01,-1,-1,000,000,1,0,1,1,1,19,5,1,9,00,2,1,5,200700024351A01,7,16,1
200700024351,2007-04-13,2007,avril,vendredi,11:55,93,93033,0,0,2,1,1,1,1,4,1,01,-1,-1,000,000,1,0,1,3,2,17,0,1,9,00,2,1,5,200700024351A01,7,16,1
200700024393,2007-04-03,2007,avril,mardi,11:15,93,93066,0,0,2,1,3,1,1,4,2,02,1,1,000,060,1,0,1,3,1,17,0,1,9,01,2,1,9,200700024393A01,7,9,1
200700024406,2007-04-25,2007,avril,mercredi,19:35,93,93066,0,0,2,1,2,1,1,2,2,02,1,1,000,060,1,2,3,3,1,17,9,1,2,08,2,4,2,200700024406B01,7,2,1
200700024435,2007-04-25,2007,avril,mercredi,16:25,93,93059,0,0,2,1,6,1,1,2,2,02,1,1,000,030,1,0,0,3,1,51,5,1,2,00,2,4,0,200700024435A01,,,
200700024440,2007-04-18,2007,avril,mercredi,10:50,93,93073,0,0,2,1,7,1,1,4,1,02,1,3,000,000,1,5,5,3,1,85,5,1,2,01,0,0,2,200700024440A01,99,0,1
200700024442,2007-04-25,2007,avril,mercredi,19:20,93,93078,0,0,2,9,1,1,1,4,2,01,1,1,000,060,1,0,1,3,2,73,5,1,9,00,2,3,1,200700024442B01,10,17,1
200700024470,2007-04-13,2007,avril,vendredi,14:10,94,94017,0,0,2,1,6,1,1,2,2,02,1,1,000,000,1,0,1,4,1,27,5,1,2,00,2,1,1,200700024470B01,10,15,1
200700024472,2007-04-17,2007,avril,mardi,18:25,94,94017,0,0,2,1,3,1,1,9,1,02,2,1,000,000,1,0,4,4,2,28,9,1,2,00,2,1,1,200700024472A01,7,1,1
200700024478,2007-04-27,2007,avril,vendredi,19:25,94,94017,0,0,2,1,1,1,1,4,2,02,-1,-1,000,000,1,0,1,4,1,14,0,1,9,00,2,1,19,200700024478B01,7,1,1
200700024484,2007-04-19,2007,avril,jeudi,20:30,94,94018,0,0,2,4,3,1,1,3,1,01,1,1,051,050,1,0,1,4,1,63,5,1,9,00,2,3,11,200700024484B01,7,12,1
200700024501,2007-04-22,2007,avril,dimanche,17:05,94,94022,0,0,2,1,6,1,1,2,2,00,1,1,000,060,1,2,1,3,1,19,5,1,2,00,2,0,13,200700024501C01,37/ 7,1,2
200700024507,2007-04-06,2007,avril,vendredi,16:30,94,94028,0,0,2,1,3,1,1,2,-1,02,1,1,000,030,-1,0,1,4,1,43,0,1,2,00,0,0,0,200700024507B01,7,0,1
200700024521,2007-04-28,2007,avril,samedi,11:30,94,94028,0,0,2,1,6,1,1,4,-1,03,1,1,000,060,-1,0,1,4,1,32,0,1,2,00,0,0,0,200700024521A01,7,0,1
200700024560,2007-04-26,2007,avril,jeudi,91:0,94,94041,0,0,2,1,3,1,1,2,2,04,1,1,000,000,1,0,1,3,1,19,1,1,2,00,2,7,3,200700024560B01,32,0,1
200700024566,2007-04-18,2007,avril,mercredi,18:20,94,94046,0,0,2,1,3,1,1,3,2,02,1,1,000,096,1,0,1,4,1,14,5,1,2,00,2,7,0,200700024566A01,7,1,1
200700024570,2007-04-11,2007,avril,mercredi,10:45,94,94058,0,0,2,1,3,1,1,3,1,04,1,1,000,000,1,0,1,4,2,39,5,1,2,00,2,8,3,200700024570A01,14,1,1
200700024586,2007-04-16,2007,avril,lundi,83:5,94,94068,0,0,2,1,6,1,1,4,2,02,1,1,000,060,1,0,1,4,1,62,4,1,2,01,0,7,1,200700024586B01,7,24,1
200700024597,2007-04-26,2007,avril,jeudi,80:0,94,94077,0,0,2,1,6,1,1,4,1,02,1,1,000,150,1,0,1,4,1,17,2,1,2,00,2,1,5,200700024597A01,7,0,1
200700024605,2007-04-10,2007,avril,mardi,21:05,94,94078,0,0,2,2,3,5,1,3,2,02,1,1,000,000,1,0,0,3,1,52,5,1,9,00,9,8,1,200700024605B01,2,0,1
200700024639,2007-04-24,2007,avril,mardi,80:0,95,95582,0,0,2,1,2,1,1,4,2,03,2,1,000,104,1,0,1,4,1,56,1,1,2,00,2,1,1,200700024639A01,37,2,1
200700024658,2007-04-05,2007,avril,jeudi,17:30,95,95203,0,0,2,1,6,1,1,3,2,02,1,1,000,000,1,0,1,4,1,15,5,1,2,00,2,1,1,200700024658A01,7,1,1
200700024661,2007-04-08,2007,avril,dimanche,10:10,95,95203,0,0,2,1,6,1,1,3,2,02,1,1,000,060,1,0,1,4,1,50,5,1,2,00,2,1,1,200700024661B01,7,15,1
200700024665,2007-04-08,2007,avril,dimanche,13:55,95,95257,0,0,2,1,6,1,1,4,2,00,1,1,000,000,1,0,1,4,1,14,5,1,2,00,2,6,15,200700024665A01,30,21,1
200700024855,2007-04-03,2007,avril,mardi,83:0,91,91136,0,0,1,1,4,1,1,2,1,01,1,-1,010,025,1,3,1,4,1,34,0,1,9,00,0,4,1,200700024855A01,14/ 7,2,2
200700024919,2007-04-25,2007,avril,mercredi,10:0,69,69382,0,0,2,2,3,3,1,4,1,01,1,1,000,000,1,6,1,4,1,43,5,1,2,00,0,8,1,200700024919B01,7,1,1
200700024969,2007-04-09,2007,avril,lundi,20:10,69,69383,0,0,2,1,6,2,1,4,2,03,1,1,000,000,1,0,1,4,1,33,5,1,9,00,1,1,1,200700024969A01,,,
200700024973,2007-04-24,2007,avril,mardi,14:10,69,69383,0,0,2,1,3,1,1,4,2,04,1,1,000,000,1,0,1,4,1,53,5,1,9,00,0,8,1,200700024973B01,7,1,1
200700024978,2007-04-24,2007,avril,mardi,17:35,69,69386,0,0,2,1,3,1,1,4,1,02,1,1,000,000,1,0,1,4,2,26,5,1,9,00,0,8,1,200700024978B01,7,1,1
200700024983,2007-04-15,2007,avril,dimanche,15:15,69,69383,0,0,2,2,1,1,1,4,2,03,1,1,000,000,1,0,1,4,2,34,5,1,2,00,2,1,1,200700024983B01,7,15,1
200700025021,2007-04-30,2007,avril,lundi,10:00,69,69387,0,0,2,1,6,1,1,4,2,02,1,1,000,120,1,0,5,3,1,57,5,1,2,00,0,0,1,200700025021A01,,,
200700025163,2007-01-24,2007,janvier,mercredi,12:10,35,35288,0,0,2,6,3,1,3,4,2,00,1,3,000,000,2,0,1,4,1,26,0,1,2,00,2,1,2,200700025163B01,7,2,1
200700025199,2007-04-24,2007,avril,mardi,13:00,95,95019,0,0,2,1,3,1,1,4,2,02,1,1,000,070,1,0,1,4,1,14,0,1,2,00,2,1,19,200700025199B01,7,0,1
200700025201,2007-05-19,2007,mai,samedi,17:15,59,59011,50.534,2.928,2,1,3,1,1,4,2,02,1,1,000,056,1,0,1,3,1,57,3,1,2,00,2,8,13,200700025201A01,7,1,1
200700025206,2007-05-30,2007,mai,mercredi,11:00,59,59586,50.54,3.176,2,1,6,1,1,3,2,02,1,1,000,060,1,0,1,1,1,21,2,0,0,00,1,1,1,200700025206A01,,,
200700025207,2007-05-19,2007,mai,samedi,17:00,59,59319,0,0,1,2,3,1,1,3,2,02,-1,1,000,063,-1,0,1,3,1,47,0,0,0,00,2,3,1,200700025207B02,7,1,1