Num_Acc,date,an,mois,jour,hrmn,dep,com,lat,long,agg,int,col,lum,atm,catr,circ,nbv,prof,plan,lartpc,larrout,surf,infra,situ,grav,sexe,age,trajet,secuexist,equipement,obs,obsm,choc,manv,vehiculeid,typevehicules,manoeuvehicules,numVehicules
200700025208,2007-05-01,2007,mai,mardi,14:45,59,59094,0,0,2,1,3,1,1,4,2,02,-1,1,000,060,1,0,1,3,2,16,5,0,0,00,2,0,15,200700025208B02,7,1,1
200700025238,2007-05-06,2007,mai,dimanche,13:0,62,62700,50.323,2.017,1,1,2,3,1,3,2,02,2,1,000,075,1,0,1,2,1,43,5,0,0,00,0,4,1,200700025238B02,7,2,1
200700025239,2007-05-27,2007,mai,dimanche,14:30,62,62824,0,0,1,1,1,1,1,3,2,02,1,1,000,000,1,0,1,3,1,71,5,1,2,00,2,1,2,200700025239B02,7,23,1
200700025314,2007-05-30,2007,mai,mercredi,20:30,60,60176,0,0,2,1,1,2,2,4,1,01,-1,1,000,000,2,0,1,4,2,20,9,0,0,00,2,1,0,200700025314A01,7,1,1
200700025352,2007-05-04,2007,mai,vendredi,17:00,27,27270,0,0,2,1,1,1,1,3,2,02,-1,1,000,060,1,0,1,3,1,12,5,1,2,00,2,1,15,200700025352B02,7,1,1
200700025365,2007-05-16,2007,mai,mercredi,14:00,27,27203,0,0,1,1,3,1,1,3,2,02,1,-1,000,000,1,0,1,3,1,19,5,0,0,00,2,0,15,200700025365B02,7,1,1
200700025380,2007-05-02,2007,mai,mercredi,81:5,35,35085,48.413,-1.75,2,1,3,1,1,3,2,00,2,1,000,073,1,0,1,3,1,59,5,0,0,00,2,1,1,200700025380B02,10,15,1
200700025387,2007-05-08,2007,mai,mardi,17:00,35,35002,48.009,-1.479,1,1,1,1,1,3,2,02,1,1,000,000,1,0,1,3,1,31,5,1,2,00,2,1,1,200700025387B02,7,15,1
200700025402,2007-05-19,2007,mai,samedi,10:00,22,22259,0,0,1,6,2,1,1,2,1,00,1,2,000,082,1,0,1,3,1,67,5,1,2,00,2,4,1,200700025402B02,7,2,1
200700025414,2007-05-18,2007,mai,vendredi,14:15,29,29061,0,0,1,1,1,1,1,3,3,00,1,1,000,000,1,0,1,3,1,18,5,1,2,00,0,8,1,200700025414B02,7,17,1
200700025424,2007-05-08,2007,mai,mardi,18:00,56,56206,47.71,-2.74,1,3,1,1,2,4,2,00,1,1,000,057,2,0,1,3,1,14,5,0,0,00,2,1,1,200700025424B02,7,1,1
200700025432,2007-05-22,2007,mai,mardi,21:00,56,56013,47.68,-3.175,2,1,1,1,1,3,2,00,1,1,000,060,1,0,1,3,1,20,9,0,0,00,2,4,13,200700025432A01,7,1,1
200700025451,2007-05-20,2007,mai,dimanche,10:15,14,14106,0,0,1,1,3,1,1,3,2,00,-1,1,000,049,1,0,1,4,1,56,5,1,2,00,2,3,13,200700025451A01,7,1,1
200700025490,2007-05-24,2007,mai,jeudi,14:30,61,61210,48.695,-0.114,1,2,1,1,1,3,2,00,1,1,000,056,1,0,1,3,2,66,5,0,0,00,2,1,15,200700025490B02,7,1,1
200700025498,2007-05-18,2007,mai,vendredi,18:45,61,61484,48.27,0.688,2,1,6,1,1,3,2,02,2,1,000,000,1,0,1,3,1,10,5,0,0,00,0,0,0,200700025498A01,7,1,1
200700025535,2007-05-19,2007,mai,samedi,18:00,49,49377,0,0,2,1,1,1,1,4,2,00,-1,1,000,027,1,0,1,3,1,11,5,1,2,00,2,8,15,200700025535A01,3,1,1
200700025542,2007-05-07,2007,mai,lundi,18:15,49,49234,47.442,0.16,2,3,3,1,1,3,2,02,1,1,000,054,1,5,1,3,1,13,5,0,0,00,2,8,15,200700025542B02,7,2,1
200700025567,2007-05-22,2007,mai,mardi,18:45,72,72223,47.877,-0.101,2,2,3,1,1,4,2,01,1,1,000,060,1,5,1,3,1,12,5,0,0,00,2,1,15,200700025567B02,7,1,1
200700025587,2007-05-08,2007,mai,mardi,93:0,85,85250,0,0,1,1,1,1,8,3,2,00,1,1,000,060,1,0,1,4,1,66,5,0,0,00,2,1,19,200700025587A01,7,1,1
200700025589,2007-05-04,2007,mai,vendredi,19:30,85,85222,0,0,2,6,2,1,1,4,1,01,1,2,000,060,1,5,1,3,1,14,0,1,2,00,0,4,0,200700025589B02,7,2,1
200700025608,2007-05-24,2007,mai,jeudi,17:45,33,33327,44.659,-0.361,2,3,1,1,1,2,2,02,1,1,000,060,1,0,1,3,1,40,5,0,0,00,2,8,15,200700025608A01,7,1,1
200700025617,2007-05-02,2007,mai,mercredi,13:45,33,33138,45.04,-0.13,2,1,1,1,1,3,2,02,1,1,000,073,1,0,1,4,1,14,5,0,0,00,2,1,15,200700025617A01,7,1,1
200700025660,2007-05-10,2007,mai,jeudi,17:15,40,40182,0,0,1,1,6,1,1,3,3,00,-1,-1,061,000,1,0,3,3,1,59,5,0,0,01,0,1,2,200700025660A01,,,
200700025701,2007-05-19,2007,mai,samedi,74:5,86,86092,0,0,2,1,1,1,1,3,2,02,1,1,000,078,1,0,1,2,2,56,1,0,0,00,2,8,1,200700025701B02,10,21,1
200700025730,2007-05-29,2007,mai,mardi,17:00,17,17486,0,0,2,1,1,1,3,3,2,00,1,2,000,034,2,0,1,4,2,52,5,0,0,00,2,2,0,200700025730B02,7,0,1
200700025734,2007-05-03,2007,mai,jeudi,14:00,17,17434,0,0,2,1,1,1,1,4,2,00,1,1,000,062,1,0,1,3,2,69,5,1,2,00,2,2,1,200700025734B02,7,20,1
200700025800,2007-05-06,2007,mai,dimanche,14:45,31,31084,43.188,0.968,2,1,6,1,1,4,2,02,2,1,000,000,1,0,4,3,1,11,0,0,0,08,0,1,1,200700025800A01,,,
200700025807,2007-05-22,2007,mai,mardi,15:30,31,31080,0,0,2,1,1,1,1,3,2,00,2,3,000,065,1,0,1,3,1,23,1,0,0,00,2,1,11,200700025807A01,7,1,1
200700025815,2007-05-09,2007,mai,mercredi,21:45,09,09167,43.284,1.352,1,1,5,2,1,3,2,02,1,2,000,065,1,0,1,4,2,11,5,0,0,00,2,1,1,200700025815B02,2,13,1
200700025815,2007-05-09,2007,mai,mercredi,21:45,09,09167,43.284,1.352,1,1,5,2,1,3,2,02,1,2,000,065,1,0,1,3,2,11,5,0,0,00,0,0,1,200700025815C03,2,13,1
200700025827,2007-05-08,2007,mai,mardi,20:00,32,32447,43.562,0.799,1,1,3,2,1,3,2,02,-1,1,000,060,1,0,1,3,1,10,9,0,0,00,2,7,19,200700025827B02,7,1,1
200700025837,2007-05-18,2007,mai,vendredi,15:45,32,32047,44.014,0.55,1,1,3,1,1,3,2,00,-1,1,000,055,1,0,1,4,1,47,5,1,2,00,2,6,17,200700025837B02,10,17,1
200700025856,2007-05-07,2007,mai,lundi,11:00,65,65078,43.022,0.157,1,1,7,1,1,3,2,02,-1,1,000,050,1,0,1,2,2,66,5,0,0,00,0,0,0,200700025856A01,,,
200700025909,2007-05-10,2007,mai,jeudi,19:45,69,69019,46.11,4.72,2,1,6,1,1,3,2,00,1,1,000,000,1,5,1,3,1,7,0,0,0,00,0,0,0,200700025909B02,7,1,1
200700025913,2007-05-01,2007,mai,mardi,17:30,69,69111,0,0,1,1,2,1,1,3,2,02,2,1,000,060,1,0,1,3,1,14,5,0,0,00,0,4,13,200700025913A01,7,17,1
200700025941,2007-05-09,2007,mai,mercredi,18:30,01,01252,0,0,1,1,3,1,1,3,2,00,-1,3,000,036,1,0,1,3,1,11,5,0,0,00,2,1,19,200700025941A01,7,1,1
200700025943,2007-05-23,2007,mai,mercredi,16:45,07,07264,0,0,2,1,1,1,1,4,2,02,2,1,000,035,1,0,1,3,1,15,5,1,2,00,2,3,19,200700025943B02,14,1,1
200700025957,2007-05-07,2007,mai,lundi,11:5,07,07338,0,0,1,1,6,3,1,3,2,00,-1,2,000,000,-1,2,3,2,1,29,9,0,0,06,0,1,2,200700025957A01,,,
200700025961,2007-05-18,2007,mai,vendredi,12:15,26,26076,44.539,5.508,1,1,1,1,7,4,2,01,2,3,000,035,1,0,1,3,1,25,5,1,2,00,2,1,5,200700025961B02,7,1,1
200700025990,2007-05-22,2007,mai,mardi,19:45,38,38239,0,0,2,1,1,1,1,2,-1,00,-1,1,000,000,1,3,1,4,1,22,5,1,2,00,2,1,1,200700025990B02,7,15,1
200700025993,2007-05-18,2007,mai,vendredi,16:30,38,38218,0,0,2,2,1,1,1,3,2,02,1,1,000,064,1,0,1,4,2,10,5,1,2,00,2,1,1,200700025993B02,7,1,1
200700026020,2007-05-31,2007,mai,jeudi,71:5,38,38449,0,0,1,6,1,1,1,2,1,00,1,2,000,000,-1,5,1,3,1,39,1,1,2,00,2,7,1,200700026020B02,7,9,1
200700026025,2007-05-06,2007,mai,dimanche,15:45,42,42094,45.738,4.225,2,1,6,1,1,4,1,01,2,1,000,032,1,0,5,1,2,12,5,0,0,00,1,1,1,200700026025A01,,,
200700026043,2007-05-24,2007,mai,jeudi,23:15,73,73064,0,0,1,1,2,5,3,3,2,01,-1,1,020,130,2,5,1,3,1,17,5,0,0,00,0,4,1,200700026043B02,7,1,1
200700026047,2007-05-09,2007,mai,mercredi,15:00,73,73114,0,0,1,1,6,1,1,3,2,02,2,3,000,070,1,0,1,3,1,46,5,1,2,00,2,0,2,200700026047A01,,,
200700026051,2007-05-30,2007,mai,mercredi,14:30,73,73034,45.704,6.653,1,1,6,1,1,3,2,02,2,4,000,062,1,0,1,2,1,51,5,1,2,00,1,1,1,200700026051A01,,,
200700026051,2007-05-30,2007,mai,mercredi,14:30,73,73034,45.704,6.653,1,1,6,1,1,3,2,02,2,4,000,062,1,0,1,1,1,22,4,0,0,00,1,1,1,200700026051A01,,,
200700026067,2007-05-09,2007,mai,mercredi,14:30,74,74256,45.979,6.64,1,1,5,1,1,4,2,00,1,1,000,030,1,0,1,3,2,18,5,1,2,00,9,0,1,200700026067B02,7,1,1
200700026067,2007-05-09,2007,mai,mercredi,14:30,74,74256,45.979,6.64,1,1,5,1,1,4,2,00,1,1,000,030,1,0,1,3,2,17,5,1,2,00,9,0,1,200700026067C03,7,1,1
200700026099,2007-05-09,2007,mai,mercredi,64:5,63,63280,45.667,3.297,2,1,7,1,1,3,2,00,2,2,000,050,1,0,1,3,1,54,5,0,0,00,0,0,1,200700026099A01,,,
200700026105,2007-05-12,2007,mai,samedi,19:45,63,63078,45.517,3.452,2,1,3,1,1,3,2,02,2,2,000,047,1,5,4,3,1,8,5,0,0,00,2,7,1,200700026105B02,7,1,1
200700026112,2007-05-21,2007,mai,lundi,16:30,63,63276,45.824,3.483,1,1,1,1,1,4,-1,00,1,2,000,030,1,0,1,3,1,51,1,1,2,00,2,1,1,200700026112B02,7,13,1
200700026134,2007-05-20,2007,mai,dimanche,11:45,43,43042,44.932,3.812,2,1,1,1,1,4,2,02,1,3,000,060,1,0,1,3,1,7,5,0,0,00,2,1,15,200700026134A01,7,1,1
200700026235,2007-05-07,2007,mai,lundi,16:30,67,67516,0,0,2,1,1,1,1,4,-1,00,-1,2,000,000,1,0,1,3,1,54,0,0,0,00,2,1,1,200700026235B02,7,1,1
200700026259,2007-05-25,2007,mai,vendredi,10:00,68,68310,48.138,7.317,1,1,3,1,1,3,1,01,1,3,000,000,1,5,1,3,2,73,3,0,0,00,2,8,13,200700026259A01,7,17,1
200700026296,2007-05-06,2007,mai,dimanche,17:45,51,51468,49.256,3.871,1,2,3,1,1,3,2,02,2,1,000,070,1,0,1,3,1,19,5,0,0,00,2,8,19,200700026296B02,7,1,1
200700026306,2007-05-30,2007,mai,mercredi,15:00,08,08363,49.938,4.645,2,1,3,1,1,4,2,00,1,1,000,071,1,0,1,3,1,10,5,0,0,00,2,2,15,200700026306B02,7,21,1
200700026329,2007-05-02,2007,mai,mercredi,17:30,52,52550,0,0,2,1,3,1,1,3,2,02,2,1,000,060,1,0,1,3,1,9,5,0,0,00,2,1,19,200700026329A01,10,1,1
200700026353,2007-05-30,2007,mai,mercredi,10:45,58,58086,47.374,2.904,2,1,1,1,1,4,2,02,1,1,000,048,1,0,1,3,1,24,5,1,2,00,2,1,21,200700026353B02,7,4,1
200700026382,2007-05-04,2007,mai,vendredi,18:45,89,89345,48.006,3.716,2,2,3,1,1,9,2,00,1,1,000,060,1,5,1,3,1,21,5,0,0,00,2,8,16,200700026382B02,7,1,1
200700026394,2007-05-22,2007,mai,mardi,19:15,89,89370,48.175,3.101,1,1,2,1,1,3,2,01,1,1,000,060,1,0,1,3,1,40,5,0,0,00,2,4,1,200700026394B02,7,1,1
200700026411,2007-05-11,2007,mai,vendredi,13:15,39,39097,0,0,1,1,1,1,1,4,2,02,1,1,000,068,1,0,1,2,1,7,2,1,2,00,0,0,13,200700026411B02,7,1,1
200700026443,2007-05-26,2007,mai,samedi,14:00,13,13100,0,0,2,1,3,1,1,3,2,00,1,1,000,071,1,0,1,3,1,15,5,0,0,00,0,3,0,200700026443B02,10,0,1
200700026444,2007-05-01,2007,mai,mardi,91:5,13,13030,0,0,1,3,3,1,1,3,2,02,2,1,000,054,1,0,1,3,1,52,5,1,2,00,2,1,1,200700026444B02,7,19,1
200700026454,2007-05-16,2007,mai,mercredi,19:00,13,13018,43.866,4.953,2,4,3,1,1,4,2,02,1,2,000,000,1,0,1,3,1,16,0,0,0,00,2,9,15,200700026454B02,7,1,1
200700026458,2007-05-15,2007,mai,mardi,15:30,13,13084,0,0,1,1,3,1,1,3,2,02,1,1,000,060,1,5,1,3,1,61,5,1,2,00,2,1,1,200700026458A01,7,1,1
200700026461,2007-05-08,2007,mai,mardi,13:00,04,04193,44.523,6.745,1,1,2,1,1,3,2,00,2,1,000,120,1,0,1,3,1,49,0,1,2,00,0,4,1,200700026461A01,33,1,1
200700026522,2007-05-13,2007,mai,dimanche,10:00,83,83096,0,0,1,1,1,1,1,2,3,02,1,1,015,080,1,5,1,3,1,41,5,1,2,00,2,8,13,200700026522B02,33,1,1
200700026540,2007-05-24,2007,mai,jeudi,90:0,83,83035,0,0,1,1,3,1,1,3,2,02,2,1,000,115,1,0,2,3,1,39,5,1,2,00,2,8,1,200700026540B02,7,14,1
200700026555,2007-05-26,2007,mai,samedi,12:15,84,84072,44.032,5.117,1,4,3,1,1,3,2,02,2,2,000,080,1,0,1,3,1,26,5,1,2,00,2,0,15,200700026555B02,10,1,1
200700026569,2007-05-30,2007,mai,mercredi,19:30,34,34154,43.621,3.996,2,1,2,1,1,4,2,02,1,1,000,000,1,0,1,3,2,14,5,1,2,00,2,4,15,200700026569B02,7,1,1
200700026613,2007-05-28,2007,mai,lundi,19:30,30,30341,0,0,2,1,3,1,1,4,2,01,1,1,000,063,1,0,1,3,1,8,5,0,0,00,0,1,19,200700026613B02,7,1,1
200700026632,2007-05-25,2007,mai,vendredi,74:5,30,30170,43.979,3.589,1,1,1,1,1,4,2,01,2,2,000,030,9,0,1,4,1,37,1,1,2,00,2,1,1,200700026632B02,7,1,1
200700026650,2007-05-30,2007,mai,mercredi,17:15,66,66171,42.62,2.987,1,1,3,1,1,4,-1,00,3,1,000,000,1,0,1,3,1,13,5,0,0,00,0,1,15,200700026650B02,7,1,1
200700026656,2007-05-27,2007,mai,dimanche,10:45,66,66015,0,0,2,6,6,1,1,4,2,02,2,3,004,072,1,0,1,3,1,62,5,1,2,14,0,1,2,200700026656A01,,,
200700026667,2007-05-13,2007,mai,dimanche,94:5,2A,2A017,0,0,1,1,4,1,1,3,2,02,-1,1,000,070,1,0,1,3,2,65,5,1,2,00,2,4,1,200700026667B02,7,2,1
200700026667,2007-05-13,2007,mai,dimanche,94:5,2A,2A017,0,0,1,1,4,1,1,3,2,02,-1,1,000,070,1,0,1,3,1,71,5,1,2,00,0,4,1,200700026667C03,7,2,1
200700026675,2007-05-12,2007,mai,samedi,10:00,2B,2B150,0,0,1,1,1,1,1,2,2,02,3,1,000,060,1,0,1,4,1,68,5,1,2,00,0,6,1,200700026675B02,7,17,1
200700026676,2007-05-14,2007,mai,lundi,16:45,2B,2B150,0,0,1,1,1,1,1,2,2,02,-1,3,000,060,1,0,3,4,2,40,5,1,2,00,2,4,1,200700026676A01,7,1,1
200700026747,2007-05-03,2007,mai,jeudi,18:45,45,45108,0,0,1,1,5,1,1,3,2,02,1,1,000,060,1,0,1,3,1,23,5,0,0,00,0,8,15,200700026747B02,7,17,1
200700026747,2007-05-03,2007,mai,jeudi,18:45,45,45108,0,0,1,1,5,1,1,3,2,02,1,1,000,060,1,0,1,4,1,25,5,0,0,00,0,8,17,200700026747C03,7,17,1
200700026756,2007-05-23,2007,mai,mercredi,15:45,18,18241,0,0,1,2,3,1,1,3,2,02,-1,1,000,060,1,0,1,3,2,54,5,1,9,00,2,1,19,200700026756B02,7,1,1
200700026765,2007-05-13,2007,mai,dimanche,17:45,18,18005,47.155,2.221,1,1,6,1,1,4,2,00,-1,1,000,050,1,0,1,3,1,15,0,1,2,00,0,7,1,200700026765A01,,,
200700026778,2007-05-05,2007,mai,samedi,17:15,28,28417,48.63,1.578,1,1,5,1,1,3,2,02,2,4,000,055,1,0,1,3,1,62,5,1,2,00,2,8,1,200700026778B02,7,13,1
200700026778,2007-05-05,2007,mai,samedi,17:15,28,28417,48.63,1.578,1,1,5,1,1,3,2,02,2,4,000,055,1,0,1,3,1,64,0,1,2,00,2,8,1,200700026778C03,7,13,1
200700026778,2007-05-05,2007,mai,samedi,17:15,28,28417,48.63,1.578,1,1,5,1,1,3,2,02,2,4,000,055,1,0,1,3,1,58,5,1,2,00,2,8,1,200700026778D04,7,13,1
200700026797,2007-05-25,2007,mai,vendredi,10:00,36,36021,46.987,1.972,2,1,3,1,1,4,2,00,-1,-1,000,070,1,0,1,4,2,74,0,0,0,00,2,6,15,200700026797B02,7,15,1
200700026804,2007-05-19,2007,mai,samedi,81:5,37,37153,47.505,0.777,2,1,3,1,1,3,2,00,1,1,000,052,-1,0,1,3,1,63,0,1,2,00,0,6,1,200700026804B02,7,1,1
200700026816,2007-05-06,2007,mai,dimanche,15:15,29,29002,0,0,1,1,2,1,1,3,2,02,1,1,000,061,1,0,1,2,1,53,5,0,0,00,0,4,2,200700026816B02,21,17,1
200700026822,2007-05-13,2007,mai,dimanche,83:5,33,33167,44.825,-0.519,1,6,7,1,1,3,1,02,1,2,000,040,8,5,1,3,1,55,5,1,9,00,0,8,1,200700026822A01,,,
200700026860,2007-05-07,2007,mai,lundi,18:00,60,60584,0,0,2,4,1,1,1,3,2,02,1,1,000,060,1,0,1,3,1,54,5,0,0,00,2,1,1,200700026860A01,7,15,1
200700026884,2007-05-15,2007,mai,mardi,13:15,67,67465,0,0,2,1,3,1,1,3,-1,00,-1,1,000,060,1,0,1,4,1,29,5,0,0,00,2,3,1,200700026884A01,7,15,1
200700026930,2007-05-18,2007,mai,vendredi,11:15,46,46073,0,0,2,4,3,1,8,3,2,02,-1,2,000,000,2,0,1,3,2,63,5,0,0,00,2,3,19,200700026930B02,33,1,1
200700027011,2007-05-15,2007,mai,mardi,94:5,30,30034,0,0,2,1,1,1,1,4,2,00,1,1,000,000,1,0,1,3,2,62,5,1,2,00,0,1,15,200700027011B02,7,15,1
200700027017,2007-05-18,2007,mai,vendredi,64:5,34,34926,0,0,2,1,1,1,9,3,3,00,-1,1,000,140,1,0,1,4,2,34,5,1,2,00,0,4,1,200700027017C03,7,1,1
200700027067,2007-05-10,2007,mai,jeudi,92:0,03,03321,0,0,2,3,2,1,1,4,2,02,1,1,000,066,1,0,1,2,1,74,3,1,9,00,0,4,1,200700027067B01,7,2,1
200700027071,2007-05-10,2007,mai,jeudi,74:5,03,03310,0,0,2,1,3,1,1,4,2,02,1,1,000,070,1,0,1,4,1,64,5,1,9,00,2,8,19,200700027071B01,7,1,1
200700027108,2007-05-09,2007,mai,mercredi,10:50,06,06123,0,0,2,1,3,1,1,2,3,03,1,1,000,000,1,0,1,3,1,65,0,1,2,00,2,0,0,200700027108A01,33,1,1
200700027156,2007-05-27,2007,mai,dimanche,92:3,06,06029,0,0,2,6,3,1,1,4,2,04,1,1,000,120,1,0,1,4,1,26,0,1,9,00,2,8,0,200700027156B01,33,0,1
200700027169,2007-05-11,2007,mai,vendredi,16:00,06,06069,0,0,2,1,7,1,1,4,2,02,-1,-1,000,000,-1,0,1,4,1,12,0,1,9,00,0,0,0,200700027169A01,,,
200700027175,2007-05-17,2007,mai,jeudi,12:00,06,06069,0,0,2,1,7,1,1,3,2,02,2,-1,000,000,-1,0,1,4,1,39,0,1,2,00,0,0,0,200700027175A01,,,
200700027225,2007-05-05,2007,mai,samedi,17:30,06,06088,0,0,2,1,6,1,1,4,2,02,1,1,000,120,1,0,1,1,1,12,5,1,9,00,0,4,19,200700027225B01,2,1,1
200700027295,2007-05-23,2007,mai,mercredi,91:5,06,06088,0,0,2,1,3,1,1,4,1,02,1,1,010,060,1,0,1,4,1,61,0,1,9,01,0,1,1,200700027295B01,7,22,1
200700027311,2007-05-28,2007,mai,lundi,13:00,06,06088,0,0,2,1,3,1,1,3,1,03,1,1,000,090,1,0,1,3,1,61,5,1,2,00,2,2,1,200700027311A01,7,10,1
200700027324,2007-05-30,2007,mai,mercredi,12:00,06,06088,0,0,2,1,3,1,1,4,3,02,1,1,030,100,1,0,4,4,1,30,5,1,4,00,2,1,2,200700027324B01,10,9,1
200700027327,2007-05-31,2007,mai,jeudi,90:0,06,06088,0,0,2,1,6,1,1,4,1,00,1,1,000,500,1,0,1,4,1,31,0,1,2,00,4,0,0,200700027327B01,32,0,1
200700027343,2007-05-30,2007,mai,mercredi,92:0,10,10343,0,0,2,2,3,1,1,4,2,02,1,1,000,000,-1,0,1,4,2,40,5,1,9,00,2,8,0,200700027343A01,7,1,1
200700027447,2007-05-10,2007,mai,jeudi,17:01,13,13055,0,0,2,1,3,1,1,4,-1,00,1,-1,000,000,1,0,0,4,1,19,0,1,9,00,2,7,0,200700027447B01,7,0,1
200700027508,2007-05-26,2007,mai,samedi,80:5,13,13055,0,0,2,1,3,1,1,4,2,02,2,1,000,070,1,0,1,3,1,43,5,0,0,00,2,7,1,200700027508B01,7,15,1
200700027553,2007-05-21,2007,mai,lundi,13:20,13,13055,0,0,2,1,1,1,1,4,-1,00,1,-1,000,000,1,0,1,3,1,35,1,1,9,00,2,1,0,200700027553A01,7,0,1
200700027561,2007-05-11,2007,mai,vendredi,16:00,13,13055,0,0,2,3,3,1,1,4,2,02,1,1,000,070,1,0,1,3,1,11,0,1,9,00,2,1,9,200700027561B01,30,2,1
200700027681,2007-05-17,2007,mai,jeudi,18:30,13,13108,0,0,2,3,6,1,1,4,2,01,1,1,000,070,1,0,1,4,1,8,5,1,9,00,2,3,1,200700027681B01,7,1,1
200700027697,2007-05-09,2007,mai,mercredi,16:50,14,14118,0,0,2,1,3,1,1,4,2,02,1,1,000,097,1,0,1,3,2,35,5,1,2,00,2,1,1,200700027697B01,7,16,1
200700027700,2007-05-18,2007,mai,vendredi,16:10,14,14341,0,0,2,1,2,1,1,4,2,02,1,1,000,074,1,0,1,4,1,53,5,1,2,01,0,1,2,200700027700A01,7,23,1
200700027701,2007-05-19,2007,mai,samedi,15:35,14,14341,0,0,2,1,6,1,1,4,2,02,1,1,008,061,1,0,5,3,1,14,5,1,2,00,1,1,2,200700027701A01,,,
200700027701,2007-05-19,2007,mai,samedi,15:35,14,14341,0,0,2,1,6,1,1,4,2,02,1,1,008,061,1,0,5,4,2,43,5,0,0,00,1,1,2,200700027701A01,,,
200700027746,2007-05-26,2007,mai,samedi,23:10,17,17300,0,0,2,2,3,5,1,4,2,00,1,1,000,000,1,0,1,4,1,18,9,1,2,00,2,7,1,200700027746A01,7,1,1
200700027760,2007-05-23,2007,mai,mercredi,22:25,17,17306,0,0,2,1,6,3,1,3,2,02,1,1,000,000,1,0,1,1,1,25,9,1,9,00,2,0,1,200700027760B01,10/ 7,1/0,2
200700027764,2007-05-16,2007,mai,mercredi,15:40,17,17415,0,0,2,1,6,1,1,4,2,02,1,1,000,070,1,0,1,4,1,41,0,1,4,00,2,8,2,200700027764B01,7,2,1
200700027771,2007-05-05,2007,mai,samedi,16:30,18,18033,0,0,2,7,3,1,1,4,1,02,1,2,000,050,1,0,1,3,1,56,0,1,9,00,2,1,15,200700027771B01,7,12,1
200700027775,2007-05-10,2007,mai,jeudi,18:25,18,18033,0,0,2,1,3,1,1,4,3,02,2,3,000,000,1,2,1,3,1,65,5,0,0,00,2,3,2,200700027775B01,7,2,1
200700027777,2007-05-14,2007,mai,lundi,11:45,18,18267,0,0,2,1,1,1,1,4,2,01,1,2,000,050,1,0,1,4,1,11,5,1,9,00,2,1,13,200700027777A01,7,1,1
200700027804,2007-05-22,2007,mai,mardi,13:50,21,21054,0,0,2,1,6,1,1,4,2,03,1,1,000,000,1,0,1,4,2,36,1,1,2,00,2,8,13,200700027804A01,7,1,1
200700027813,2007-05-06,2007,mai,dimanche,11:55,21,21231,0,0,2,2,3,1,1,4,2,03,1,1,000,105,1,5,1,4,2,36,5,1,2,00,2,1,1,200700027813B01,7,15,1
200700027814,2007-05-09,2007,mai,mercredi,95:0,21,21231,0,0,2,1,2,1,1,4,1,01,1,1,000,052,1,0,1,4,2,42,4,1,2,01,0,1,1,200700027814A01,7,24,1
200700027824,2007-05-23,2007,mai,mercredi,19:06,21,21231,0,0,2,3,6,1,1,4,2,02,1,1,000,000,1,0,1,4,2,74,5,1,2,00,2,1,0,200700027824B01,10,15,1
200700027831,2007-05-31,2007,mai,jeudi,11:10,21,21231,0,0,2,2,3,1,1,2,2,03,2,1,000,000,1,5,0,4,1,61,5,1,2,00,2,8,16,200700027831B01,14,15,1
200700027867,2007-05-24,2007,mai,jeudi,14:57,24,24322,0,0,2,3,6,1,1,4,2,02,1,1,000,000,1,0,1,4,1,42,0,0,0,00,2,1,1,200700027867B01,7,1,1
200700027876,2007-05-10,2007,mai,jeudi,11:51,25,25056,0,0,2,1,6,1,1,4,1,01,1,1,000,044,1,0,1,1,1,13,2,1,9,00,1,1,15,200700027876A01,,,
200700027878,2007-05-12,2007,mai,samedi,10:23,25,25056,0,0,2,1,6,1,1,4,2,02,1,1,000,000,-1,0,1,3,1,35,5,1,2,01,0,1,2,200700027878A01,,,
200700027879,2007-05-12,2007,mai,samedi,16:15,25,25056,0,0,2,2,3,1,1,4,-1,02,4,1,000,044,1,0,1,3,1,6,5,1,2,00,2,8,1,200700027879B01,7,1,1
200700027887,2007-05-22,2007,mai,mardi,12:29,25,25056,0,0,2,1,4,1,1,4,1,02,1,2,000,000,1,5,1,1,2,21,0,1,9,00,0,0,1,200700027887C01,7/ 33,1,2
200700027893,2007-05-25,2007,mai,vendredi,15:11,25,25056,0,0,2,1,2,1,1,4,1,03,1,1,000,000,1,0,1,4,1,22,5,0,0,00,2,4,2,200700027893B01,2,2,1
200700027900,2007-05-15,2007,mai,mardi,18:20,25,25031,0,0,2,3,6,1,1,4,2,00,1,1,000,000,1,0,1,3,2,8,5,1,2,00,0,0,0,200700027900B01,7,2,1
200700027908,2007-05-19,2007,mai,samedi,14:40,26,26198,0,0,2,3,3,1,1,4,2,01,1,1,000,060,1,0,1,4,1,61,5,1,2,00,2,1,1,200700027908A01,7,1,1
200700027910,2007-05-26,2007,mai,samedi,17:00,26,26281,0,0,2,1,6,1,1,4,1,01,1,1,000,060,1,0,1,1,1,14,3,1,2,00,1,1,5,200700027910A01,,,
200700027919,2007-05-30,2007,mai,mercredi,10:00,27,27229,0,0,2,1,6,1,1,4,2,02,1,1,000,000,1,0,1,1,1,22,5,1,4,00,1,1,1,200700027919A01,,,
200700027926,2007-05-11,2007,mai,vendredi,93:0,27,27681,0,0,2,1,7,1,1,4,2,02,1,1,000,070,1,0,1,4,1,13,5,1,2,00,0,0,1,200700027926A01,,,
200700027933,2007-05-30,2007,mai,mercredi,92:0,27,27681,0,0,2,1,7,1,1,4,2,02,1,1,000,062,1,0,1,3,2,60,1,1,9,00,0,0,1,200700027933B01,7,24,1
200700027959,2007-05-19,2007,mai,samedi,11:50,29,29019,0,0,2,2,3,1,1,9,2,02,2,1,000,000,1,0,1,4,2,42,0,1,2,00,2,8,1,200700027959B01,7,1,1
200700027963,2007-05-23,2007,mai,mercredi,18:40,29,29019,0,0,2,7,3,1,1,9,1,02,3,1,000,000,1,0,1,4,1,65,9,1,2,00,2,1,1,200700027963B01,7,1,1
200700027967,2007-05-30,2007,mai,mercredi,11:15,29,29019,0,0,2,3,3,1,1,9,2,00,1,1,000,000,1,1,1,4,1,11,2,1,2,00,2,8,15,200700027967B01,7,17,1