Num_Acc,date,an,mois,jour,hrmn,dep,com,lat,long,agg,int,col,lum,atm,catr,circ,nbv,prof,plan,lartpc,larrout,surf,infra,situ,grav,sexe,age,trajet,secuexist,equipement,obs,obsm,choc,manv,vehiculeid,typevehicules,manoeuvehicules,numVehicules
200700027990,2007-05-07,2007,mai,lundi,11:00,30,30189,43.84227,4.3863,2,6,3,1,1,4,2,02,1,2,000,121,1,0,1,4,1,24,9,1,2,00,2,1,19,200700027990B01,7,1,1
200700028002,2007-05-11,2007,mai,vendredi,15:30,30,30189,0,0,2,1,3,1,1,4,2,02,1,1,000,050,1,0,1,3,1,65,9,1,2,00,2,1,1,200700028002B01,10,16,1
200700028005,2007-05-15,2007,mai,mardi,16:57,30,30189,0,0,2,1,6,1,1,4,2,04,1,1,000,000,1,0,1,1,1,24,0,1,2,00,1,1,1,200700028005B01,,,
200700028005,2007-05-15,2007,mai,mardi,16:57,30,30189,0,0,2,1,6,1,1,4,2,04,1,1,000,000,1,0,1,3,1,67,1,0,0,00,1,1,1,200700028005B01,,,
200700028048,2007-05-02,2007,mai,mercredi,17:30,31,31555,0,0,2,3,3,1,1,4,2,02,1,1,000,036,1,0,1,3,1,65,5,1,9,00,2,7,1,200700028048B01,7,0,1
200700028051,2007-05-03,2007,mai,jeudi,12:05,31,31555,0,0,2,1,6,1,1,4,1,01,1,1,000,060,1,0,1,4,2,32,5,1,2,00,2,0,19,200700028051B01,7,1,1
200700028095,2007-05-20,2007,mai,dimanche,14:35,31,31555,0,0,2,2,3,1,1,4,1,02,1,1,000,075,1,0,1,4,1,28,9,1,2,00,2,8,13,200700028095B01,7,1,1
200700028098,2007-05-21,2007,mai,lundi,83:5,31,31555,0,0,2,1,3,1,1,4,2,04,2,2,000,100,1,0,1,4,2,31,1,1,2,00,2,1,1,200700028098B01,7,16,1
200700028104,2007-05-22,2007,mai,mardi,15:05,31,31555,0,0,2,1,2,1,1,4,2,02,4,1,021,140,1,0,1,4,1,38,1,1,9,00,2,8,1,200700028104B01,7,20,1
200700028106,2007-05-22,2007,mai,mardi,18:20,31,31555,0,0,2,1,3,1,1,4,2,03,2,1,000,075,1,0,5,4,1,39,9,1,9,00,2,1,1,200700028106B01,7,15,1
200700028109,2007-05-23,2007,mai,mercredi,72:0,31,31555,0,0,2,4,3,1,1,4,2,02,2,1,000,058,1,0,1,4,1,42,5,1,9,00,2,1,1,200700028109A01,7,15,1
200700028136,2007-05-30,2007,mai,mercredi,18:50,31,31555,0,0,2,1,5,1,2,4,2,04,1,1,000,125,2,0,1,1,1,20,1,1,2,00,0,1,19,200700028136A01,2/ 7,7/1,2
200700028184,2007-05-13,2007,mai,dimanche,23:00,33,33063,0,0,2,2,2,5,1,4,1,01,1,1,000,081,1,0,1,4,2,22,0,1,2,00,0,4,16,200700028184A01,2,1,1
200700028186,2007-05-14,2007,mai,lundi,17:15,33,33063,0,0,2,3,3,1,3,4,1,03,1,1,000,124,2,0,1,4,2,27,0,1,2,00,2,1,1,200700028186B01,7,15,1
200700028196,2007-05-15,2007,mai,mardi,18:30,33,33063,0,0,2,1,6,1,2,4,2,02,1,1,000,070,2,0,1,1,1,27,1,1,2,00,1,0,1,200700028196A01,,,
200700028199,2007-05-16,2007,mai,mercredi,18:50,33,33063,0,0,2,1,4,1,1,4,1,01,1,1,000,100,1,0,1,4,1,22,0,1,2,00,0,7,19,200700028199A01,31/ 7,1,2
200700028203,2007-05-18,2007,mai,vendredi,19:50,33,33063,0,0,2,1,3,1,1,4,2,02,1,1,000,100,1,0,1,4,1,37,0,1,2,14,0,1,1,200700028203B01,7,22,1
200700028210,2007-05-21,2007,mai,lundi,53:5,33,33249,0,0,2,2,1,2,2,4,2,02,2,2,000,070,2,0,1,4,1,32,0,1,4,00,2,1,1,200700028210B01,7,15,1
200700028215,2007-05-22,2007,mai,mardi,14:20,33,33063,0,0,2,1,2,1,1,4,2,01,1,1,000,063,1,4,1,3,2,25,1,1,2,01,4,1,1,200700028215A01,40,1,1
200700028231,2007-05-25,2007,mai,vendredi,15:45,33,33063,0,0,2,7,3,1,1,4,3,02,1,1,000,000,1,2,1,4,1,26,0,1,2,14,0,4,19,200700028231A01,7,23,1
200700028235,2007-05-26,2007,mai,samedi,16:25,33,33063,0,0,2,5,1,1,3,4,1,01,1,1,000,000,2,0,1,3,2,17,0,1,2,00,2,1,5,200700028235A01,7,15,1
200700028240,2007-05-29,2007,mai,mardi,16:00,33,33063,0,0,2,2,3,1,1,4,1,01,1,1,000,136,1,0,1,4,2,16,0,1,2,00,0,8,19,200700028240A01,7,1,1
200700028242,2007-05-29,2007,mai,mardi,18:25,33,33063,0,0,2,1,3,1,1,4,2,02,1,1,000,107,1,0,1,4,2,40,0,1,2,00,2,8,1,200700028242B01,7,17,1
200700028243,2007-05-30,2007,mai,mercredi,16:50,33,33522,0,0,2,1,6,1,1,4,2,02,1,1,000,093,1,0,1,1,1,22,5,1,2,00,1,1,1,200700028243A01,,,
200700028247,2007-05-31,2007,mai,jeudi,17:30,33,33063,0,0,2,1,6,1,1,4,1,01,1,1,000,120,9,6,1,4,2,21,0,0,0,00,1,1,0,200700028247A01,,,
200700028251,2007-05-25,2007,mai,vendredi,23:45,33,33522,0,0,2,9,3,5,3,4,3,05,1,1,000,000,2,0,1,4,1,21,0,1,2,00,2,0,15,200700028251A01,7,1,1
200700028293,2007-05-04,2007,mai,vendredi,15:30,34,34172,43.61278,3.86756,2,2,3,1,2,4,1,02,4,1,000,060,2,5,1,1,1,23,5,1,2,00,0,6,1,200700028293A01,31,1,1
200700028323,2007-05-23,2007,mai,mercredi,75:0,34,34129,43.57906,3.91639,1,1,5,1,1,3,2,02,2,2,000,076,1,0,1,4,1,63,0,1,9,00,0,1,1,200700028323C01,33/ 38,13/21,2
200700028328,2007-05-22,2007,mai,mardi,17:18,34,34129,0,0,1,9,1,1,1,9,-1,00,-1,4,000,000,1,1,5,3,1,26,5,1,9,00,0,0,0,200700028328A01,1,0,1
200700028328,2007-05-22,2007,mai,mardi,17:18,34,34129,0,0,1,9,1,1,1,9,-1,00,-1,4,000,000,1,1,5,1,1,41,5,1,9,00,0,0,0,200700028328B01,1,0,1
200700028342,2007-05-31,2007,mai,jeudi,15:20,34,34172,0,0,2,1,2,1,2,4,3,04,1,2,000,060,1,3,1,4,1,55,1,1,9,00,2,4,2,200700028342B01,7,2,1
200700028348,2007-05-02,2007,mai,mercredi,15:35,35,35238,0,0,2,3,3,1,2,4,2,00,1,3,000,000,1,0,1,3,2,42,5,1,2,00,2,9,1,200700028348B01,15,16,1
200700028352,2007-05-05,2007,mai,samedi,18:30,35,35238,0,0,2,3,3,1,1,4,1,01,1,1,000,000,1,0,1,4,2,76,5,1,9,00,2,1,1,200700028352A01,7,9,1
200700028355,2007-05-09,2007,mai,mercredi,18:00,35,35238,0,0,2,1,3,1,1,4,3,02,1,1,000,000,1,0,1,4,2,30,1,1,9,00,2,1,1,200700028355B01,7,16,1
200700028362,2007-05-15,2007,mai,mardi,80:5,35,35238,0,0,2,2,1,1,1,4,2,02,1,-1,000,000,1,0,1,4,2,18,0,1,2,00,2,2,15,200700028362A01,7,16,1
200700028370,2007-05-23,2007,mai,mercredi,17:35,35,35238,0,0,2,2,3,1,1,4,2,00,1,1,000,000,1,0,1,3,1,53,0,1,2,00,2,1,1,200700028370B01,7,15,1
200700028402,2007-05-06,2007,mai,dimanche,18:10,37,37208,0,0,2,1,5,1,1,4,2,02,2,1,000,060,1,0,1,3,1,29,5,1,9,00,2,1,5,200700028402A01,33,1,2
200700028403,2007-05-14,2007,mai,lundi,16:55,37,37261,0,0,2,3,1,1,1,4,2,02,1,1,000,070,1,0,1,3,1,14,0,1,9,00,2,1,15,200700028403A01,7,1,1
200700028409,2007-05-06,2007,mai,dimanche,11:05,37,37261,0,0,2,2,3,1,1,4,3,04,1,1,000,000,1,0,1,1,1,66,5,1,2,00,2,1,1,200700028409B01,1,16,1
200700028409,2007-05-06,2007,mai,dimanche,11:05,37,37261,0,0,2,2,3,1,1,4,3,04,1,1,000,000,1,0,1,3,1,71,5,1,2,00,2,7,16,200700028409A01,1,1,1
200700028418,2007-05-09,2007,mai,mercredi,13:55,38,38421,0,0,2,1,3,1,1,4,2,02,1,1,000,070,1,0,5,4,1,24,0,1,9,00,2,1,1,200700028418B01,7,16,1
200700028420,2007-05-09,2007,mai,mercredi,17:45,38,38185,0,0,2,1,6,1,1,4,2,02,1,1,000,078,1,0,1,4,2,50,1,1,9,00,0,1,1,200700028420B01,7,15,1
200700028426,2007-05-11,2007,mai,vendredi,12:35,38,38421,0,0,2,3,7,1,1,4,2,00,1,-1,000,060,9,0,1,3,1,63,5,1,2,15,0,1,1,200700028426A01,1,1,1
200700028426,2007-05-11,2007,mai,vendredi,12:35,38,38421,0,0,2,3,7,1,1,4,2,00,1,-1,000,060,9,0,1,4,1,70,5,1,2,00,2,1,1,200700028426B01,1,1,1
200700028428,2007-05-16,2007,mai,mercredi,18:15,38,38169,0,0,2,2,3,1,1,4,2,02,1,1,000,060,1,0,1,4,1,40,0,1,9,00,2,7,1,200700028428B01,7,1,1
200700028430,2007-05-20,2007,mai,dimanche,14:50,38,38185,0,0,2,3,3,1,1,4,-1,01,1,1,000,035,1,0,1,3,2,76,0,1,9,00,2,1,1,200700028430A01,7,15,1
200700028431,2007-05-23,2007,mai,mercredi,14:00,38,38185,0,0,2,3,3,1,1,4,2,02,1,1,000,102,-1,0,1,4,1,48,0,1,9,00,2,3,1,200700028431A01,7,15,1
200700028432,2007-05-23,2007,mai,mercredi,17:00,38,38151,0,0,2,1,6,1,1,4,2,03,1,1,000,136,1,0,1,3,1,15,5,1,9,00,2,8,19,200700028432A01,,,
200700028436,2007-05-26,2007,mai,samedi,81:0,38,38185,0,0,2,1,6,1,1,4,2,05,1,1,000,140,1,0,1,4,1,22,0,1,9,00,2,3,1,200700028436B01,7,16,1
200700028437,2007-05-29,2007,mai,mardi,12:30,38,38185,0,0,2,1,6,1,1,4,2,02,1,1,000,045,1,0,1,4,1,35,0,1,9,00,2,0,2,200700028437A01,7,2,2
200700028452,2007-05-04,2007,mai,vendredi,17:52,41,41018,0,0,2,1,3,1,1,9,1,01,1,1,000,000,1,0,4,4,1,35,5,1,9,01,0,1,1,200700028452B01,7,24,1
200700028482,2007-05-23,2007,mai,mercredi,11:22,42,42299,0,0,1,1,2,1,1,3,3,03,1,1,000,107,1,0,1,2,1,85,5,1,4,00,0,4,1,200700028482B01,7,1,1
200700028487,2007-05-02,2007,mai,mercredi,17:30,42,42071,0,0,2,4,3,1,1,3,2,02,1,1,000,072,1,0,1,4,1,53,5,1,9,00,2,8,15,200700028487A01,7,1,1
200700028488,2007-05-04,2007,mai,vendredi,85:0,42,42187,0,0,2,1,3,1,1,4,2,02,1,1,000,074,1,0,4,4,1,29,0,1,9,00,2,1,1,200700028488A01,7,9,1
200700028494,2007-05-15,2007,mai,mardi,95:0,42,42187,0,0,2,1,6,1,1,3,2,02,1,1,000,000,1,0,5,4,2,30,0,1,2,00,2,1,1,200700028494B01,7,22,1
200700028498,2007-05-21,2007,mai,lundi,19:00,42,42187,0,0,2,1,3,1,1,4,2,02,1,1,000,062,1,0,0,3,1,44,0,1,9,00,2,1,1,200700028498B01,7,15,1
200700028519,2007-05-16,2007,mai,mercredi,95:7,42,42218,0,0,2,3,6,1,2,4,2,02,1,1,000,060,2,0,1,4,1,71,9,1,9,00,2,1,1,200700028519B01,7,9,1
200700028522,2007-05-22,2007,mai,mardi,20:38,42,42218,0,0,2,6,3,1,1,4,2,04,1,1,011,070,1,5,1,3,1,36,5,1,2,00,2,3,9,200700028522B01,7,9,1
200700028531,2007-05-29,2007,mai,mardi,18:50,42,42218,0,0,1,1,3,1,1,5,2,02,1,2,000,000,1,0,1,3,1,10,5,1,2,00,2,1,9,200700028531B01,7,1,1
200700028555,2007-05-09,2007,mai,mercredi,12:10,44,44109,0,0,2,1,2,1,1,4,2,02,1,1,000,040,1,0,1,4,1,13,9,1,9,00,2,1,1,200700028555A01,7,1,1
200700028570,2007-05-18,2007,mai,vendredi,20:30,44,44109,0,0,2,9,6,1,1,4,3,04,1,1,600,200,1,0,1,2,2,24,5,1,2,00,2,8,0,200700028570B01,15,16,1
200700028573,2007-05-23,2007,mai,mercredi,18:30,44,44109,0,0,2,9,6,1,1,4,2,00,1,1,000,060,1,0,1,3,1,17,0,1,9,00,0,0,0,200700028573B01,7,0,1
200700028578,2007-05-24,2007,mai,jeudi,10:05,44,44162,0,0,2,1,3,1,1,4,2,02,1,1,000,100,1,0,1,4,1,15,0,1,9,00,2,1,1,200700028578B01,7,1,1
200700028580,2007-05-25,2007,mai,vendredi,12:00,44,44109,0,0,2,1,3,1,1,4,2,02,1,1,000,080,1,0,1,4,1,15,2,1,2,01,0,1,1,200700028580B01,7,22,1
200700028582,2007-05-24,2007,mai,jeudi,16:05,44,44190,0,0,2,2,3,1,1,4,2,02,1,1,000,000,1,0,1,3,1,14,5,1,9,00,2,1,5,200700028582A01,37,1,1
200700028600,2007-05-11,2007,mai,vendredi,11:20,44,44184,0,0,2,1,2,1,1,4,2,02,1,1,000,000,1,0,1,4,2,51,4,1,9,00,2,4,9,200700028600A01,7,21,1
200700028623,2007-05-10,2007,mai,jeudi,91:0,45,45234,0,0,2,2,3,1,1,4,2,02,1,1,000,052,1,0,1,3,2,79,0,1,9,00,2,1,1,200700028623B01,10,1,1
200700028635,2007-05-20,2007,mai,dimanche,11:40,45,45298,0,0,2,3,3,1,2,3,2,02,1,2,000,131,2,0,1,4,1,72,9,1,9,00,2,1,1,200700028635B01,7,15,1
200700028659,2007-05-03,2007,mai,jeudi,12:59,49,49007,0,0,2,1,6,1,1,4,2,02,1,1,000,062,1,0,1,4,1,20,5,1,2,00,2,8,1,200700028659B01,37,17,1
200700028668,2007-05-11,2007,mai,vendredi,17:20,49,49353,0,0,2,3,7,1,1,4,-1,01,1,1,000,030,2,5,1,4,1,74,5,1,2,14,0,0,16,200700028668A01,1,16,1
200700028668,2007-05-11,2007,mai,vendredi,17:20,49,49353,0,0,2,3,7,1,1,4,-1,01,1,1,000,030,2,5,1,3,2,70,5,1,2,14,0,0,16,200700028668B01,1,16,1
200700028669,2007-05-11,2007,mai,vendredi,18:14,49,49007,0,0,2,2,3,1,2,4,2,02,1,1,000,060,2,5,1,4,1,33,5,1,2,00,2,8,1,200700028669B01,7,19,1
200700028679,2007-05-24,2007,mai,jeudi,20:16,49,49353,0,0,2,6,6,1,1,4,2,02,1,1,000,060,1,0,1,4,1,18,9,1,9,00,2,1,15,200700028679B01,7,9,1
200700028691,2007-05-31,2007,mai,jeudi,10:08,49,49007,0,0,2,1,7,1,8,4,2,02,1,1,000,150,2,0,1,4,1,23,0,1,9,00,0,1,1,200700028691A01,,,
200700028703,2007-05-06,2007,mai,dimanche,16:45,50,50129,0,0,2,1,7,1,8,3,2,02,2,1,000,059,1,0,1,4,1,21,5,1,2,00,1,1,1,200700028703B01,,,
200700028723,2007-05-02,2007,mai,mercredi,80:5,50,50218,0,0,2,1,2,1,1,4,2,02,1,1,000,036,1,0,1,3,1,8,2,1,4,00,0,4,19,200700028723A01,3,1,1
200700028737,2007-05-28,2007,mai,lundi,11:10,51,51454,0,0,1,1,6,1,1,4,2,02,1,1,000,082,1,0,1,1,1,29,0,0,0,00,1,1,1,200700028737A01,,,
200700028738,2007-05-28,2007,mai,lundi,11:40,51,51454,0,0,2,9,3,1,1,4,2,00,1,1,000,069,1,0,1,3,2,48,1,1,2,00,2,7,0,200700028738B01,7,0,1
200700028775,2007-05-13,2007,mai,dimanche,16:00,54,54578,0,0,2,9,3,1,1,4,1,01,2,1,000,000,1,0,1,4,1,58,5,1,2,00,2,1,5,200700028775A01,7,9,1
200700028780,2007-05-16,2007,mai,mercredi,20:40,54,54395,0,0,2,1,3,2,1,6,1,01,1,1,000,000,2,0,1,4,1,17,5,1,2,00,2,1,1,200700028780A01,7,20,1
200700028783,2007-05-18,2007,mai,vendredi,14:05,54,54395,0,0,2,3,3,1,1,4,1,02,1,1,000,000,1,0,1,4,1,44,1,1,9,00,2,7,1,200700028783A01,2,1,1
200700028820,2007-05-02,2007,mai,mercredi,18:40,56,56107,0,0,2,3,3,1,1,9,2,02,1,1,000,000,1,0,4,4,1,26,5,1,9,00,0,1,0,200700028820A01,7,4,1
200700028834,2007-05-21,2007,mai,lundi,16:16,56,56098,0,0,2,6,3,1,1,9,1,03,1,2,000,000,1,0,1,4,1,27,4,1,9,00,2,7,1,200700028834B01,7,1,1
200700028844,2007-05-25,2007,mai,vendredi,90:5,56,56121,0,0,2,1,3,1,1,4,2,02,1,1,000,000,1,0,1,4,1,17,0,1,9,00,2,1,1,200700028844B01,7,4,1
200700028885,2007-05-16,2007,mai,mercredi,21:40,57,57757,0,0,2,1,6,5,1,4,2,02,1,1,000,065,1,0,1,4,1,19,5,1,9,00,2,1,13,200700028885A01,7,1,2
200700028887,2007-05-12,2007,mai,samedi,16:25,57,57672,0,0,2,1,1,1,1,2,2,04,2,1,000,000,-1,0,5,4,1,56,5,1,9,00,2,1,1,200700028887B01,7,4,1
200700028900,2007-05-01,2007,mai,mardi,15:35,58,58194,0,0,2,2,3,1,1,4,2,02,1,1,000,067,1,0,1,4,1,17,0,1,9,00,2,0,1,200700028900A01,7,1,1
200700028924,2007-05-27,2007,mai,dimanche,16:05,59,59206,0,0,1,2,3,1,2,3,2,02,1,1,000,100,2,0,1,3,1,44,5,1,9,00,2,3,0,200700028924A01,7,1,1
200700028932,2007-05-15,2007,mai,mardi,83:2,59,59178,0,0,2,6,1,1,1,4,1,01,1,-1,000,000,1,5,1,2,1,22,1,1,9,00,2,8,18,200700028932B01,14,16,1
200700028946,2007-05-25,2007,mai,vendredi,16:15,59,59540,0,0,2,1,1,1,1,4,2,02,1,1,000,069,1,0,1,3,2,40,5,1,2,00,2,1,15,200700028946A01,3,1,1
200700028957,2007-05-03,2007,mai,jeudi,15:50,59,59350,0,0,2,2,2,1,1,4,2,02,1,1,000,000,1,0,1,4,1,12,5,1,2,00,2,8,1,200700028957A01,7,1,1
200700028971,2007-05-07,2007,mai,lundi,12:30,59,59350,0,0,2,2,3,1,2,4,1,02,1,1,000,000,2,5,1,4,1,58,9,1,2,00,2,9,1,200700028971B01,7,15,1
200700028984,2007-05-12,2007,mai,samedi,19:45,59,59220,0,0,2,2,6,1,1,4,2,02,1,1,000,062,1,0,1,3,1,20,9,1,2,00,2,1,17,200700028984A01,7,15,1
200700028985,2007-05-13,2007,mai,dimanche,10:30,59,59009,0,0,1,1,1,1,1,9,-1,00,1,3,000,000,1,0,0,3,1,50,5,1,2,00,9,0,15,200700028985A01,1,1,1
200700028985,2007-05-13,2007,mai,dimanche,10:30,59,59009,0,0,1,1,1,1,1,9,-1,00,1,3,000,000,1,0,0,4,1,39,5,1,2,00,9,0,1,200700028985B01,1,15,1
200700029001,2007-05-21,2007,mai,lundi,17:00,59,59009,0,0,2,1,7,1,1,4,3,20,1,1,012,087,1,0,1,4,1,55,5,1,9,00,0,1,1,200700029001A01,,,
200700029010,2007-05-25,2007,mai,vendredi,18:30,59,59368,0,0,2,5,3,1,1,4,3,04,1,1,044,100,1,0,5,4,1,34,1,0,0,00,2,5,1,200700029010A01,7,1,1
200700029016,2007-05-25,2007,mai,vendredi,18:30,59,59350,0,0,2,1,6,1,1,3,3,04,1,1,020,090,1,0,1,4,1,34,9,1,9,00,2,8,19,200700029016B01,7,2,1
200700029045,2007-05-12,2007,mai,samedi,15:37,59,59512,0,0,1,1,1,1,1,4,2,02,1,1,000,000,1,0,1,3,1,7,9,1,2,00,1,0,19,200700029045B01,7,1,1
200700029047,2007-05-16,2007,mai,mercredi,84:5,59,59512,0,0,2,1,7,1,3,4,3,02,1,1,000,000,2,0,1,1,1,35,4,1,2,01,2,0,17,200700029047B01,2/ 7,17,2
200700029056,2007-05-22,2007,mai,mardi,17:25,59,59512,0,0,2,1,3,1,1,4,3,04,1,1,000,000,1,0,5,3,1,16,4,1,9,00,2,0,1,200700029056B01,7,1,1
200700029061,2007-05-04,2007,mai,vendredi,18:25,59,59508,0,0,2,1,3,1,1,3,2,02,1,1,024,099,1,0,1,4,1,50,5,1,9,00,2,3,1,200700029061B01,7,17,1
200700029068,2007-05-22,2007,mai,mardi,17:55,59,59599,0,0,2,1,1,1,1,4,1,01,1,3,000,025,1,0,1,3,1,52,0,1,9,00,0,1,5,200700029068B01,2,1,1
200700029070,2007-05-25,2007,mai,vendredi,74:5,59,59599,0,0,2,1,3,1,1,4,2,02,1,1,000,000,1,0,1,4,1,16,2,1,9,00,2,2,11,200700029070A01,7,0,1
200700029082,2007-05-09,2007,mai,mercredi,14:20,59,59606,0,0,2,2,3,1,1,4,1,01,1,1,000,058,1,0,1,4,1,41,1,1,9,00,2,8,15,200700029082B01,7,0,1
200700029114,2007-05-08,2007,mai,mardi,12:50,62,62846,0,0,2,1,3,1,3,4,2,01,1,1,000,116,2,0,1,4,2,9,5,1,9,00,2,6,19,200700029114B01,7,2,1
200700029123,2007-05-16,2007,mai,mercredi,21:20,62,62193,0,0,2,1,6,5,1,4,3,02,1,1,012,096,1,0,1,3,2,73,5,1,2,00,2,1,2,200700029123B01,7,1,1
200700029126,2007-05-24,2007,mai,jeudi,18:40,62,62193,0,0,2,9,1,1,1,4,2,02,1,1,000,080,1,0,1,4,1,22,5,1,9,00,2,1,19,200700029126A01,7,1,1
200700029141,2007-05-12,2007,mai,samedi,21:20,62,62573,0,0,1,1,1,2,1,4,2,01,1,1,000,060,1,2,1,4,1,20,5,1,9,00,9,1,1,200700029141A01,1,1,1
200700029141,2007-05-12,2007,mai,samedi,21:20,62,62573,0,0,1,1,1,2,1,4,2,01,1,1,000,060,1,2,1,4,2,16,0,1,9,00,9,1,1,200700029141B01,1,1,1
200700029141,2007-05-12,2007,mai,samedi,21:20,62,62573,0,0,1,1,1,2,1,4,2,01,1,1,000,060,1,2,1,1,1,17,5,1,9,00,9,1,1,200700029141B01,1,1,1
200700029142,2007-05-09,2007,mai,mercredi,16:45,62,62842,0,0,1,9,6,1,1,3,4,00,1,3,000,000,1,5,1,4,1,27,5,1,9,00,2,2,19,200700029142A01,7,16,1
200700029170,2007-05-13,2007,mai,dimanche,10:42,63,63113,0,0,2,1,6,1,1,4,2,02,2,1,000,000,1,0,1,4,1,52,5,1,9,00,1,1,1,200700029170B01,7,15,1
200700029178,2007-05-17,2007,mai,jeudi,18:55,63,63113,0,0,2,1,6,1,1,4,2,01,1,1,000,000,1,0,1,4,2,24,9,1,2,00,2,1,1,200700029178B01,7,22,1
200700029209,2007-05-19,2007,mai,samedi,11:5,64,64024,0,0,2,1,6,5,1,3,2,02,1,1,000,066,1,0,1,3,1,53,5,1,9,01,2,1,14,200700029209A01,7,0,1
200700029215,2007-05-04,2007,mai,vendredi,14:20,64,64445,0,0,2,1,3,1,1,2,2,02,1,1,000,127,1,0,1,4,1,43,5,1,9,00,2,1,1,200700029215B01,7,22,1
200700029218,2007-05-09,2007,mai,mercredi,14:30,64,64445,0,0,2,2,3,1,1,4,2,02,1,1,000,070,1,0,1,4,2,15,2,1,9,00,2,1,16,200700029218A01,7,1,1
200700029272,2007-05-30,2007,mai,mercredi,14:35,65,65440,0,0,2,2,6,1,1,3,2,02,1,3,000,060,1,0,1,4,2,37,3,1,2,00,2,1,1,200700029272B01,7,16,1
200700029272,2007-05-30,2007,mai,mercredi,14:35,65,65440,0,0,2,2,6,1,1,3,2,02,1,3,000,060,1,0,1,4,1,2,0,1,9,00,2,1,1,200700029272B01,7,16,1
200700029290,2007-05-03,2007,mai,jeudi,90:5,67,67482,0,0,2,1,6,1,1,4,2,02,1,1,000,085,1,0,1,4,1,35,5,1,9,00,2,1,19,200700029290B01,7,15,1
200700029291,2007-05-03,2007,mai,jeudi,18:05,67,67482,0,0,2,3,6,1,8,4,2,02,1,1,000,085,1,0,1,4,2,26,5,0,0,00,2,7,19,200700029291B01,2,1,1
200700029292,2007-05-03,2007,mai,jeudi,18:30,67,67482,0,0,2,1,6,1,1,4,2,02,1,1,000,064,1,0,1,1,1,48,1,0,0,00,1,1,1,200700029292A01,,,
200700029293,2007-05-03,2007,mai,jeudi,19:35,67,67482,0,0,2,4,6,1,1,4,1,06,1,1,000,150,1,0,5,4,2,39,5,0,0,00,2,1,1,200700029293A01,1,1,1
200700029293,2007-05-03,2007,mai,jeudi,19:35,67,67482,0,0,2,4,6,1,1,4,1,06,1,1,000,150,1,0,5,1,1,41,1,0,0,00,2,4,1,200700029293B01,1,1,1
200700029294,2007-05-04,2007,mai,vendredi,42:0,67,67447,0,0,2,1,6,5,1,4,2,02,1,1,000,060,1,0,1,4,1,26,1,0,0,00,2,4,1,200700029294B01,7,0,1
200700029296,2007-05-05,2007,mai,samedi,12:10,67,67482,0,0,2,1,3,1,1,4,1,02,1,1,000,063,1,0,1,4,2,16,9,1,9,00,2,7,19,200700029296A01,7,1,1
200700029299,2007-05-10,2007,mai,jeudi,93:0,67,67482,0,0,2,2,3,1,1,4,2,02,1,1,000,050,1,0,0,4,2,70,0,0,0,00,2,1,1,200700029299B01,7,16,1
200700029306,2007-05-14,2007,mai,lundi,19:25,67,67482,0,0,2,1,3,1,3,4,2,03,1,1,000,114,2,0,1,4,2,32,0,1,9,00,2,8,15,200700029306B01,7,1,1
200700029320,2007-05-23,2007,mai,mercredi,11:40,67,67447,0,0,2,2,6,1,1,4,2,02,1,1,000,070,1,0,1,4,2,57,5,1,9,00,2,7,1,200700029320B01,7,1,1
200700029322,2007-05-23,2007,mai,mercredi,14:45,67,67482,0,0,2,1,6,1,1,4,2,01,1,1,000,030,1,4,3,4,1,26,5,1,9,00,2,1,1,200700029322A01,40,1,1
200700029324,2007-05-24,2007,mai,jeudi,83:0,67,67482,0,0,2,9,6,1,1,9,2,02,1,1,000,000,1,0,5,4,2,23,0,1,9,00,9,1,15,200700029324A01,1,1,1
200700029324,2007-05-24,2007,mai,jeudi,83:0,67,67482,0,0,2,9,6,1,1,9,2,02,1,1,000,000,1,0,5,4,1,39,0,1,9,00,9,1,1,200700029324B01,1,15,1
200700029325,2007-05-24,2007,mai,jeudi,10:00,67,67482,0,0,2,1,5,1,1,4,3,05,1,1,150,150,1,0,1,4,2,35,0,1,9,00,2,8,19,200700029325A01,7,1,2
200700029326,2007-05-24,2007,mai,jeudi,14:56,67,67482,0,0,2,2,3,1,1,4,1,01,1,1,000,030,1,0,1,4,1,37,9,1,9,00,2,1,1,200700029326A01,7,1,1
200700029328,2007-05-25,2007,mai,vendredi,81:5,67,67482,0,0,2,5,3,1,1,4,1,02,1,1,000,030,1,0,1,3,2,25,0,1,9,00,2,1,1,200700029328B01,7,15,1
200700029331,2007-05-26,2007,mai,samedi,16:55,67,67043,0,0,2,1,6,1,1,4,2,02,1,1,000,110,1,0,1,4,2,28,1,1,9,01,0,1,1,200700029331B01,7,22,1
200700029335,2007-05-29,2007,mai,mardi,80:0,67,67482,0,0,2,2,6,1,2,4,2,04,2,2,000,180,2,0,5,1,1,20,4,1,9,00,2,1,15,200700029335A01,1,16,1
200700029335,2007-05-29,2007,mai,mardi,80:0,67,67482,0,0,2,2,6,1,2,4,2,04,2,2,000,180,2,0,5,4,1,35,5,1,9,00,2,0,16,200700029335B01,1,15,1
200700029344,2007-05-31,2007,mai,jeudi,22:30,67,67482,0,0,2,2,6,5,2,4,-1,01,1,1,000,100,2,6,1,4,2,29,5,1,2,00,1,1,0,200700029344A01,,,
200700029344,2007-05-31,2007,mai,jeudi,22:30,67,67482,0,0,2,2,6,5,2,4,-1,01,1,1,000,100,2,6,1,4,1,36,0,0,0,00,1,1,0,200700029344A01,,,
200700029350,2007-05-28,2007,mai,lundi,19:10,68,68066,0,0,2,1,3,1,1,4,2,03,1,1,000,110,2,0,4,4,1,23,5,1,2,00,2,1,1,200700029350A01,1,23,1
200700029350,2007-05-28,2007,mai,lundi,19:10,68,68066,0,0,2,1,3,1,1,4,2,03,1,1,000,110,2,0,4,3,2,63,5,1,2,00,2,1,23,200700029350B01,1,1,1
200700029361,2007-05-10,2007,mai,jeudi,20:35,68,68224,0,0,2,1,3,1,1,4,3,03,1,1,000,078,1,4,1,4,1,17,5,0,0,00,4,2,19,200700029361A01,40,1,1
200700029393,2007-05-23,2007,mai,mercredi,14:05,69,69264,0,0,2,2,3,1,1,4,2,02,1,1,000,000,1,0,1,3,1,11,5,1,9,00,0,1,19,200700029393A01,7,0,1