Num_Acc,date,an,mois,jour,hrmn,dep,com,lat,long,agg,int,col,lum,atm,catr,circ,nbv,prof,plan,lartpc,larrout,surf,infra,situ,grav,sexe,age,trajet,secuexist,equipement,obs,obsm,choc,manv,vehiculeid,typevehicules,manoeuvehicules,numVehicules
200700029405,2007-05-27,2007,mai,dimanche,17:30,69,69266,0,0,1,1,6,1,1,9,2,02,1,1,000,000,1,0,5,4,1,24,5,1,9,00,1,1,1,200700029405A01,,,
200700029405,2007-05-27,2007,mai,dimanche,17:30,69,69266,0,0,1,1,6,1,1,9,2,02,1,1,000,000,1,0,5,1,2,53,5,0,0,00,1,1,1,200700029405A01,,,
200700029406,2007-05-29,2007,mai,mardi,82:0,69,69266,0,0,2,1,2,1,1,4,2,04,1,1,000,124,1,0,1,4,1,21,9,1,2,00,9,1,1,200700029406B01,7,20,1
200700029407,2007-05-30,2007,mai,mercredi,11:15,69,69266,0,0,2,2,6,1,1,4,2,02,1,1,000,025,1,0,1,4,2,73,5,1,9,00,2,1,1,200700029407A01,7,15,1
200700029413,2007-05-09,2007,mai,mercredi,17:30,69,69290,0,0,2,3,6,1,1,4,2,02,1,1,000,000,1,0,1,4,1,14,5,1,9,00,2,3,19,200700029413B01,7,1,1
200700029416,2007-05-18,2007,mai,vendredi,17:00,69,69290,0,0,2,1,1,1,1,4,2,02,3,1,016,092,1,0,1,3,1,17,5,1,2,00,2,1,5,200700029416A01,7,1,1
200700029420,2007-05-09,2007,mai,mercredi,16:25,70,70550,0,0,2,6,3,1,1,4,2,02,1,1,070,074,1,5,1,4,1,65,5,1,4,00,2,7,15,200700029420B01,7,9,1
200700029458,2007-05-11,2007,mai,vendredi,13:25,72,72181,0,0,2,1,6,1,1,9,2,03,2,1,020,110,1,0,1,1,1,34,1,1,2,00,1,1,1,200700029458A01,,,
200700029459,2007-05-11,2007,mai,vendredi,17:20,72,72181,0,0,2,1,2,1,2,9,3,02,1,1,036,064,2,0,1,4,2,15,9,1,2,00,0,4,19,200700029459B01,7,1,1
200700029476,2007-05-21,2007,mai,lundi,21:10,72,72181,0,0,2,1,3,5,1,9,3,06,2,1,015,224,1,0,1,4,1,44,1,1,2,00,2,2,1,200700029476A01,7,15,1
200700029477,2007-05-24,2007,mai,jeudi,13:50,72,72181,0,0,2,1,3,1,1,9,1,01,2,1,000,040,1,0,0,4,1,17,2,1,9,00,0,0,1,200700029477B01,7,1,1
200700029487,2007-05-29,2007,mai,mardi,75:5,72,72181,0,0,2,1,1,1,1,9,2,01,2,1,000,060,1,0,1,4,1,12,2,1,2,00,0,1,9,200700029487B01,7,1,1
200700029502,2007-05-23,2007,mai,mercredi,19:20,74,74218,0,0,2,8,3,1,1,4,2,02,1,2,000,000,1,4,0,2,1,17,1,1,9,00,0,0,1,200700029502B01,39,1,1
200700029511,2007-05-08,2007,mai,mardi,12:00,75,75008,0,0,2,1,7,1,2,4,2,02,1,1,000,060,2,0,1,3,1,37,9,0,0,00,0,0,1,200700029511A01,,,
200700029512,2007-05-01,2007,mai,mardi,11:00,75,75015,0,0,2,1,3,1,1,4,1,02,1,1,000,060,1,0,1,4,1,51,5,0,0,00,2,2,1,200700029512B01,7,22,1
200700029517,2007-05-01,2007,mai,mardi,19:05,75,75020,0,0,2,1,3,1,1,4,3,04,1,1,010,120,1,0,1,4,1,9,5,0,0,00,2,2,19,200700029517A01,5,1,1
200700029519,2007-05-02,2007,mai,mercredi,85:7,75,75004,0,0,2,3,3,1,1,4,1,01,1,1,000,030,1,0,1,4,2,36,1,0,0,00,2,3,7,200700029519B01,10,16,1
200700029521,2007-05-02,2007,mai,mercredi,11:20,75,75013,0,0,2,2,3,1,1,4,1,02,1,1,000,060,1,0,1,3,1,66,9,0,0,00,2,1,1,200700029521B01,4,1,1
200700029540,2007-05-02,2007,mai,mercredi,14:45,75,75001,0,0,2,2,3,1,1,4,2,04,1,1,000,120,1,0,1,4,1,39,4,0,0,00,2,3,19,200700029540B01,2,8,1
200700029549,2007-05-06,2007,mai,dimanche,12:40,75,75014,0,0,2,1,3,1,1,4,2,02,1,1,000,060,1,0,1,4,1,8,5,0,0,00,2,2,19,200700029549A01,7,1,1
200700029558,2007-05-03,2007,mai,jeudi,21:20,75,75004,0,0,2,1,3,5,1,4,2,02,1,1,000,060,1,0,1,4,1,25,5,0,0,00,2,1,1,200700029558B01,7,22,1
200700029579,2007-05-05,2007,mai,samedi,13:35,75,75016,0,0,2,1,6,1,1,4,1,01,1,1,000,030,1,0,5,4,1,36,5,1,2,00,5,1,1,200700029579A01,,,
200700029583,2007-05-06,2007,mai,dimanche,15:45,75,75008,0,0,2,1,3,1,1,4,1,02,1,1,000,060,1,0,1,4,1,43,5,0,0,00,2,2,1,200700029583B01,7,22,1
200700029584,2007-05-06,2007,mai,dimanche,63:5,75,75009,0,0,2,2,1,1,1,4,1,01,1,1,000,030,1,0,1,4,1,32,4,0,0,00,2,1,1,200700029584B01,7,5,1
200700029585,2007-05-06,2007,mai,dimanche,12:50,75,75016,0,0,2,1,7,1,1,4,2,02,1,1,000,060,1,0,4,4,1,12,5,0,0,00,0,0,21,200700029585A01,,,
200700029586,2007-05-06,2007,mai,dimanche,12:00,75,75016,0,0,2,4,2,1,1,4,2,02,1,1,000,060,1,0,1,4,1,55,5,0,0,00,2,4,1,200700029586B01,1,0,1
200700029637,2007-05-06,2007,mai,dimanche,10:35,75,75018,0,0,2,2,3,1,1,4,2,02,1,1,000,060,1,0,1,4,1,54,5,0,0,00,2,2,17,200700029637A01,10,15,1
200700029647,2007-05-07,2007,mai,lundi,18:10,75,75009,0,0,2,1,6,1,1,4,2,03,1,1,000,090,1,0,5,4,2,36,5,0,0,00,1,1,1,200700029647A01,,,
200700029649,2007-05-07,2007,mai,lundi,14:45,75,75009,0,0,2,3,3,1,8,4,1,01,1,1,000,030,1,0,1,4,1,55,5,0,0,00,2,1,15,200700029649A01,18,7,1
200700029663,2007-05-08,2007,mai,mardi,17:55,75,75004,0,0,2,3,6,1,1,4,1,01,1,1,000,030,1,0,1,1,2,41,5,0,0,00,1,1,21,200700029663A01,,,
200700029667,2007-05-09,2007,mai,mercredi,18:45,75,75006,0,0,2,2,3,1,1,4,2,02,1,1,000,060,1,0,1,4,1,20,5,0,0,00,2,6,15,200700029667A01,7,15,1
200700029668,2007-05-09,2007,mai,mercredi,14:35,75,75005,0,0,2,5,3,1,1,4,1,04,1,1,000,120,1,0,1,4,1,57,5,0,0,00,2,3,1,200700029668A01,5,1,1
200700029687,2007-05-10,2007,mai,jeudi,10:45,75,75002,0,0,2,2,3,1,1,4,1,02,1,1,000,060,1,0,1,4,2,28,5,0,0,00,2,2,1,200700029687A01,4,1,1
200700029692,2007-05-10,2007,mai,jeudi,20:34,75,75008,0,0,2,1,3,2,1,4,1,04,1,1,000,120,1,0,1,4,1,47,4,0,0,00,2,3,11,200700029692A01,4,1,1
200700029709,2007-05-09,2007,mai,mercredi,20:20,75,75006,0,0,2,3,3,5,1,4,2,02,1,1,000,060,1,0,1,4,2,22,4,0,0,00,2,6,15,200700029709B01,7,17,1
200700029712,2007-05-11,2007,mai,vendredi,13:00,75,75010,0,0,2,1,3,1,1,4,2,04,1,1,000,120,1,0,1,4,1,33,5,0,0,00,2,2,7,200700029712B01,7,22,1
200700029733,2007-05-12,2007,mai,samedi,19:25,75,75008,0,0,2,5,3,1,1,4,1,08,1,1,000,240,1,0,1,4,1,40,4,0,0,00,2,3,1,200700029733B01,7,1,1
200700029741,2007-05-12,2007,mai,samedi,18:30,75,75016,0,0,2,2,6,1,1,4,2,02,1,1,000,060,1,0,1,4,1,41,5,1,2,00,2,4,1,200700029741B01,7,0,1
200700029748,2007-05-12,2007,mai,samedi,17:00,75,75019,0,0,2,3,3,1,1,4,2,02,1,1,000,060,1,0,1,4,2,22,5,0,0,00,2,2,1,200700029748B01,7,22,1
200700029755,2007-05-13,2007,mai,dimanche,16:30,75,75004,0,0,2,2,3,1,1,4,1,02,1,1,000,060,1,0,1,4,1,8,5,0,0,00,2,2,1,200700029755A01,7,1,1
200700029756,2007-05-14,2007,mai,lundi,12:45,75,75010,0,0,2,1,6,1,1,4,2,04,1,1,000,120,1,0,1,1,1,17,9,0,0,00,1,1,7,200700029756A01,,,
200700029775,2007-05-24,2007,mai,jeudi,12:15,75,75009,0,0,2,2,3,1,1,4,1,02,1,1,000,060,1,0,1,4,2,35,4,0,0,00,2,2,1,200700029775A01,7,1,1
200700029781,2007-05-15,2007,mai,mardi,5:,75,75004,0,0,2,2,3,5,2,4,2,02,1,1,000,060,2,0,1,4,2,36,5,0,0,00,2,2,1,200700029781A01,7,1,1
200700029793,2007-05-15,2007,mai,mardi,95:0,75,75016,0,0,2,4,3,1,1,4,2,02,1,1,000,060,1,0,1,4,2,51,5,1,2,00,2,3,19,200700029793A01,5,1,1
200700029834,2007-05-17,2007,mai,jeudi,19:00,75,75017,0,0,2,3,2,1,2,4,2,04,1,1,000,120,2,0,1,4,1,31,4,1,2,00,2,4,21,200700029834A01,1,7,1
200700029834,2007-05-17,2007,mai,jeudi,19:00,75,75017,0,0,2,3,2,1,2,4,2,04,1,1,000,120,2,0,1,4,1,32,4,1,2,00,2,1,7,200700029834B01,1,21,1
200700029848,2007-05-18,2007,mai,vendredi,11:10,75,75013,0,0,2,1,3,1,1,4,2,02,1,1,000,060,1,0,1,4,1,50,5,0,0,00,2,2,1,200700029848B01,7,9,1
200700029858,2007-05-19,2007,mai,samedi,16:35,75,75018,0,0,2,1,6,1,1,4,2,04,1,1,000,120,1,0,4,1,1,30,5,0,0,00,1,1,1,200700029858A01,,,
200700029875,2007-05-20,2007,mai,dimanche,18:10,75,75015,0,0,2,2,3,1,2,4,2,02,1,1,000,060,2,0,1,4,1,11,5,0,0,00,2,3,19,200700029875A01,7,15,1
200700029883,2007-05-21,2007,mai,lundi,16:55,75,75008,0,0,2,1,3,1,1,4,1,03,1,1,000,090,1,0,1,4,2,24,5,0,0,00,2,3,1,200700029883B01,2,21,1
200700029884,2007-05-21,2007,mai,lundi,75:0,75,75013,0,0,2,3,6,1,1,4,1,01,1,1,000,030,1,0,1,1,1,27,5,0,0,00,1,1,1,200700029884A01,,,
200700029892,2007-05-22,2007,mai,mardi,90:0,75,75003,0,0,2,1,6,1,1,4,2,04,1,1,000,120,1,0,1,1,1,26,4,0,0,00,1,1,7,200700029892A01,,,
200700029899,2007-05-22,2007,mai,mardi,20:33,75,75015,0,0,2,1,7,5,1,4,2,04,1,1,000,120,1,0,1,4,1,55,5,0,0,00,0,0,1,200700029899A01,,,
200700029916,2007-05-23,2007,mai,mercredi,14:55,75,75019,0,0,2,1,6,1,1,4,2,04,1,1,000,120,1,0,1,4,1,27,4,0,0,14,0,1,1,200700029916A01,,,
200700029960,2007-05-22,2007,mai,mardi,16:47,75,75017,0,0,2,1,3,1,1,4,2,02,1,1,000,060,1,0,1,4,1,14,9,0,0,00,2,2,15,200700029960A01,5,1,1
200700029973,2007-05-27,2007,mai,dimanche,12:30,75,75004,0,0,2,1,4,1,2,4,1,03,1,1,000,090,2,0,1,4,2,50,5,0,0,00,2,3,19,200700029973A01,5,1,2
200700029982,2007-05-28,2007,mai,lundi,11:10,75,75011,0,0,2,2,3,1,8,4,2,02,1,1,000,060,2,0,1,4,1,3,5,0,0,00,2,2,19,200700029982B01,7,1,1
200700029987,2007-05-29,2007,mai,mardi,72:0,75,75019,0,0,2,2,3,1,1,4,2,04,1,1,000,120,1,0,1,4,1,41,4,0,0,00,2,3,1,200700029987B01,7,16,1
200700030030,2007-05-21,2007,mai,lundi,15:00,75,75010,0,0,2,1,6,1,1,4,2,04,1,1,000,120,1,0,1,4,1,26,5,0,0,00,2,3,1,200700030030B01,7,0,1
200700030032,2007-05-22,2007,mai,mardi,15:20,75,75010,0,0,2,1,6,1,1,4,2,04,1,1,000,120,1,0,1,1,1,43,4,0,0,00,1,1,1,200700030032A01,,,
200700030033,2007-05-22,2007,mai,mardi,14:35,75,75010,0,0,2,1,6,1,1,4,1,02,1,1,000,060,1,0,1,4,2,19,5,0,0,01,0,3,1,200700030033B01,14,12,1
200700030040,2007-05-25,2007,mai,vendredi,12:45,75,75010,0,0,2,1,3,1,1,4,1,02,1,1,000,060,1,0,1,4,1,35,5,0,0,00,2,3,1,200700030040B01,5,16,1
200700030043,2007-05-26,2007,mai,samedi,12:05,75,75010,0,0,2,1,3,1,1,4,1,02,1,1,000,060,1,0,1,4,1,49,5,0,0,00,2,3,1,200700030043B01,7,22,1
200700030044,2007-05-27,2007,mai,dimanche,21:05,75,75010,0,0,2,1,3,1,1,4,2,04,1,1,000,120,2,0,1,4,1,54,5,0,0,00,2,2,1,200700030044B01,7,22,1
200700030048,2007-05-30,2007,mai,mercredi,84:5,75,75010,0,0,2,1,3,1,1,4,1,02,1,1,000,060,1,0,1,4,1,38,4,0,0,00,2,3,1,200700030048B01,10,16,1
200700030058,2007-05-25,2007,mai,vendredi,17:20,75,75006,0,0,2,2,3,1,8,4,1,01,1,1,000,030,1,0,1,4,2,45,4,0,0,00,2,3,7,200700030058B01,7,21,1
200700030066,2007-05-29,2007,mai,mardi,15:57,75,75020,0,0,2,2,3,1,1,4,1,02,1,1,000,060,1,0,1,3,1,59,5,0,0,00,2,2,15,200700030066A01,4,1,1
200700030071,2007-05-02,2007,mai,mercredi,92:0,75,75010,0,0,2,1,3,1,1,4,1,01,1,1,000,030,1,0,1,4,1,39,4,0,0,00,2,2,1,200700030071B01,7,22,1
200700030074,2007-05-27,2007,mai,dimanche,11:15,75,75012,0,0,2,2,3,1,1,4,2,02,1,1,000,060,1,0,1,3,1,57,5,0,0,00,2,1,13,200700030074A01,1,1,1
200700030074,2007-05-27,2007,mai,dimanche,11:15,75,75012,0,0,2,2,3,1,1,4,2,02,1,1,000,060,1,0,1,1,1,27,5,0,0,00,2,4,1,200700030074B01,1,13,1
200700030076,2007-05-29,2007,mai,mardi,11:40,75,75012,0,0,2,2,3,1,1,4,2,02,1,1,000,060,1,0,1,4,1,27,5,0,0,00,2,1,1,200700030076B01,7,15,1
200700030149,2007-05-13,2007,mai,dimanche,11:30,75,75016,0,0,2,4,3,1,1,4,2,02,1,1,000,060,1,0,1,4,1,35,9,0,0,00,2,2,17,200700030149A01,7,15,1
200700030154,2007-05-15,2007,mai,mardi,10:30,75,75014,0,0,2,2,6,1,1,4,2,04,1,1,000,120,1,0,1,4,1,34,5,0,0,00,1,1,18,200700030154A01,,,
200700030179,2007-05-18,2007,mai,vendredi,17:30,76,76178,0,0,2,1,3,1,1,4,2,02,1,1,000,045,1,0,1,4,1,13,5,1,2,00,2,1,9,200700030179B01,7,1,1
200700030221,2007-05-23,2007,mai,mercredi,16:10,76,76322,0,0,2,1,3,1,1,4,2,02,1,1,000,080,1,0,1,4,1,15,5,1,2,00,2,7,17,200700030221A01,7,15,1
200700030224,2007-05-28,2007,mai,lundi,14:05,76,76540,0,0,2,1,3,1,1,4,1,03,1,1,000,000,1,0,1,4,2,34,5,1,9,00,2,6,2,200700030224B01,7,0,1
200700030246,2007-05-02,2007,mai,mercredi,14:10,77,77284,0,0,2,1,2,1,1,2,3,04,1,1,005,120,1,0,1,4,1,20,5,1,2,00,2,1,2,200700030246A01,7,23,1
200700030247,2007-05-02,2007,mai,mercredi,14:45,77,77284,0,0,2,2,3,1,1,2,3,05,1,1,015,175,1,0,1,4,1,10,5,1,9,00,2,8,19,200700030247A01,10,1,1
200700030272,2007-05-06,2007,mai,dimanche,13:40,77,77305,0,0,2,1,3,1,1,9,1,01,1,1,000,057,1,0,1,2,1,13,5,1,4,00,2,2,9,200700030272B01,7,5,1
200700030275,2007-05-07,2007,mai,lundi,14:35,77,77458,0,0,2,2,3,1,1,4,2,03,1,1,000,112,1,0,1,3,2,15,0,1,9,00,2,8,19,200700030275B01,7,2,1
200700030275,2007-05-07,2007,mai,lundi,14:35,77,77458,0,0,2,2,3,1,1,4,2,03,1,1,000,112,1,0,1,3,2,15,3,1,9,00,2,8,19,200700030275B01,7,2,1
200700030287,2007-05-03,2007,mai,jeudi,18:00,78,78172,0,0,2,1,2,1,1,4,2,02,1,1,000,060,1,0,1,4,1,6,0,1,9,00,2,8,1,200700030287B01,7,4,1
200700030296,2007-05-26,2007,mai,samedi,15:40,78,78208,0,0,2,1,3,1,8,4,2,02,1,1,000,060,1,0,1,4,1,10,5,1,2,00,2,1,21,200700030296B01,7,17,1
200700030304,2007-05-15,2007,mai,mardi,13:00,78,78311,0,0,2,3,3,1,1,4,1,01,2,1,000,060,1,0,5,3,2,52,1,1,4,00,0,1,1,200700030304B01,13,9,1
200700030324,2007-05-29,2007,mai,mardi,19:05,78,78029,0,0,2,1,3,1,1,4,2,02,1,1,000,000,1,0,1,4,1,17,5,1,9,00,2,7,19,200700030324A01,7,1,1
200700030325,2007-05-10,2007,mai,jeudi,18:30,78,78490,0,0,2,6,2,1,1,4,2,02,1,2,000,080,1,0,1,3,2,60,3,1,2,00,2,1,1,200700030325B01,7,17,1
200700030331,2007-05-26,2007,mai,samedi,16:25,78,78490,0,0,2,1,7,1,1,3,2,01,1,1,000,059,1,0,1,4,1,14,5,1,9,00,0,8,0,200700030331B01,7,0,1
200700030348,2007-05-02,2007,mai,mercredi,19:15,78,78551,0,0,2,1,3,1,1,2,3,03,1,-1,010,240,-1,0,1,4,1,36,5,1,9,00,2,4,2,200700030348B01,7,2,1
200700030375,2007-05-29,2007,mai,mardi,81:5,78,78650,0,0,2,2,3,1,1,4,2,02,2,1,000,066,1,0,1,3,1,12,2,1,9,00,2,1,15,200700030375A01,7,1,1
200700030376,2007-05-31,2007,mai,jeudi,16:45,78,78650,0,0,2,3,3,1,1,4,2,02,1,1,000,071,1,4,1,4,2,16,5,1,9,00,2,8,15,200700030376B01,7,1,1
200700030399,2007-05-13,2007,mai,dimanche,83:0,80,80021,0,0,2,2,3,1,1,4,3,04,1,1,028,100,1,0,1,4,1,16,5,1,9,00,2,1,15,200700030399A01,7,1,1
200700030404,2007-05-16,2007,mai,mercredi,14:10,80,80021,0,0,2,3,3,1,1,4,1,01,1,1,000,030,1,0,1,4,2,13,5,1,9,00,2,1,19,200700030404A01,10,1,1
200700030404,2007-05-16,2007,mai,mercredi,14:10,80,80021,0,0,2,3,3,1,1,4,1,01,1,1,000,030,1,0,1,4,2,16,0,1,9,00,2,1,19,200700030404A01,10,1,1
200700030414,2007-05-31,2007,mai,jeudi,11:35,80,80021,0,0,2,2,3,1,1,4,2,02,1,1,000,080,1,0,1,4,1,23,0,0,0,00,2,5,19,200700030414B01,7,1,1
200700030415,2007-05-30,2007,mai,mercredi,15:55,80,80261,0,0,2,1,3,1,1,2,2,03,1,1,000,110,1,0,1,4,2,8,0,1,3,00,2,8,0,200700030415A01,7,1,1
200700030432,2007-05-12,2007,mai,samedi,19:05,82,82121,0,0,2,1,6,1,1,4,2,02,1,1,000,000,1,0,1,4,1,10,5,1,9,00,2,8,9,200700030432B01,7,1,1
200700030435,2007-05-05,2007,mai,samedi,11:30,82,82121,0,0,2,1,3,1,1,4,2,02,1,1,000,000,1,0,1,4,1,73,9,1,9,00,2,8,11,200700030435B01,2,17,1
200700030460,2007-05-15,2007,mai,mardi,18:10,83,83126,0,0,2,1,2,1,1,3,1,02,1,2,050,070,1,0,1,3,1,30,1,1,2,00,2,4,2,200700030460B01,7,2,1
200700030481,2007-05-14,2007,mai,lundi,18:30,83,83137,0,0,2,1,2,1,1,4,2,02,1,1,000,060,1,0,1,4,1,32,1,1,2,00,2,1,2,200700030481A01,7,1,1
200700030488,2007-05-13,2007,mai,dimanche,14:00,83,83137,0,0,2,1,7,1,1,4,2,02,2,3,000,060,1,0,3,4,1,27,9,1,2,04,0,8,0,200700030488A01,,,
200700030503,2007-05-05,2007,mai,samedi,14:35,84,84007,0,0,2,9,6,1,1,4,2,02,1,1,000,060,1,0,1,4,2,40,9,1,2,00,0,1,2,200700030503B01,7,22,1
200700030505,2007-05-11,2007,mai,vendredi,15:40,84,84007,0,0,2,1,6,1,1,2,2,02,1,1,000,100,1,0,5,1,2,47,9,1,9,00,1,1,1,200700030505A01,,,
200700030513,2007-05-24,2007,mai,jeudi,13:40,84,84007,0,0,2,1,3,1,1,2,2,04,1,1,000,120,1,0,1,4,2,27,9,1,9,00,2,1,9,200700030513A01,14,1,1
200700030517,2007-05-28,2007,mai,lundi,16:40,84,84007,0,0,1,2,3,1,1,4,1,01,1,1,000,060,1,0,1,3,2,57,9,1,9,00,2,1,5,200700030517A01,7,15,1
200700030588,2007-05-23,2007,mai,mercredi,20:10,87,87075,0,0,2,1,6,5,1,6,2,02,1,1,000,090,1,0,3,3,1,18,0,1,9,12,0,1,2,200700030588A01,,,
200700030604,2007-05-30,2007,mai,mercredi,14:10,88,88383,0,0,2,1,2,1,1,4,-1,01,1,1,000,060,1,0,1,3,1,55,5,1,2,00,2,4,2,200700030604B01,7,2,1
200700030619,2007-05-31,2007,mai,jeudi,94:0,89,89338,0,0,2,1,2,1,1,4,2,02,1,1,000,058,1,0,1,4,2,76,5,1,2,00,2,1,1,200700030619B01,7,4,1
200700030625,2007-05-12,2007,mai,samedi,19:23,90,90099,0,0,2,1,1,1,1,4,2,02,1,2,000,070,1,0,1,4,1,15,5,1,2,00,2,1,5,200700030625A01,7,5,1
200700030636,2007-05-27,2007,mai,dimanche,18:30,90,90008,0,0,1,1,3,1,1,4,2,01,2,1,000,000,1,0,1,4,1,10,9,1,9,00,2,1,1,200700030636B01,7,0,1
200700030670,2007-05-01,2007,mai,mardi,16:35,91,91223,0,0,2,2,3,1,1,2,2,02,1,1,000,000,1,5,1,3,1,3,5,1,2,00,2,3,2,200700030670B01,33,2,1
200700030671,2007-05-02,2007,mai,mercredi,92:5,91,91223,0,0,2,6,6,1,1,4,2,01,1,1,060,060,1,0,1,3,1,38,0,1,9,00,2,1,2,200700030671B01,7,9,1
200700030690,2007-05-24,2007,mai,jeudi,13:50,91,91421,0,0,2,2,3,1,1,4,2,02,2,1,000,065,1,0,1,3,1,40,5,1,9,00,2,1,1,200700030690A01,7,1,1
200700030700,2007-05-06,2007,mai,dimanche,11:30,91,91471,0,0,2,1,3,1,1,4,1,01,1,1,000,000,1,0,1,4,1,59,5,1,2,00,2,8,1,200700030700B01,7,1,1
200700030708,2007-05-09,2007,mai,mercredi,16:25,91,91549,0,0,2,1,2,1,1,3,2,01,1,1,000,000,1,0,1,4,1,20,9,1,9,00,2,1,1,200700030708A01,7,23,1
200700030711,2007-05-30,2007,mai,mercredi,91:5,91,91216,0,0,2,1,6,1,1,3,3,02,3,1,000,000,1,0,1,4,1,62,9,1,2,00,2,3,1,200700030711B01,14,1,1
200700030723,2007-05-11,2007,mai,vendredi,17:25,92,92004,0,0,2,1,6,1,1,4,1,02,-1,-1,000,000,1,0,1,4,1,54,0,1,9,01,0,1,0,200700030723B01,7,23,1
200700030724,2007-05-14,2007,mai,lundi,17:15,92,92004,0,0,2,2,6,1,2,3,2,04,1,1,000,110,2,0,1,4,1,45,0,1,9,00,2,1,1,200700030724B01,7,15,1
200700030730,2007-05-03,2007,mai,jeudi,93:5,92,92007,0,0,2,1,6,1,1,3,2,02,1,1,000,000,1,0,1,4,1,28,1,1,9,00,2,4,19,200700030730B01,10,1,1
200700030733,2007-05-13,2007,mai,dimanche,16:50,92,92007,0,0,2,3,3,1,1,3,2,02,1,1,000,120,1,0,1,4,1,9,5,1,2,00,2,1,1,200700030733B01,7,23,1
200700030772,2007-05-22,2007,mai,mardi,18:40,92,92024,0,0,2,1,6,1,1,4,1,01,1,1,000,000,1,0,1,4,1,8,5,1,9,00,2,1,5,200700030772A01,7,1,1
200700030774,2007-05-24,2007,mai,jeudi,18:50,92,92024,0,0,2,1,6,1,1,4,1,01,1,1,000,000,1,0,1,4,1,10,0,1,4,00,2,1,1,200700030774B01,30,5,1
200700030777,2007-05-07,2007,mai,lundi,14:20,92,92025,0,0,2,2,6,1,1,3,2,02,1,1,000,120,1,0,1,4,1,55,5,1,9,00,2,1,2,200700030777A01,7,22,1
200700030794,2007-05-11,2007,mai,vendredi,75:5,92,92036,0,0,2,2,3,1,6,3,2,04,1,1,000,160,1,0,1,3,1,36,1,1,9,00,2,7,19,200700030794B01,7,1,1
200700030809,2007-05-13,2007,mai,dimanche,18:20,92,92040,0,0,2,3,1,1,1,4,1,01,1,1,000,124,1,0,1,4,1,13,5,1,9,00,2,1,5,200700030809B01,7,1,1
200700030848,2007-05-16,2007,mai,mercredi,17:15,92,92050,0,0,2,1,6,1,9,4,2,02,1,1,000,040,-1,0,1,3,1,8,5,1,9,00,0,0,0,200700030848B01,7,1,1
200700030871,2007-05-09,2007,mai,mercredi,16:50,92,92063,0,0,2,1,3,1,1,4,2,02,1,1,000,000,1,0,0,3,1,12,5,1,9,00,2,2,19,200700030871A01,7,1,1
200700030884,2007-05-20,2007,mai,dimanche,14:30,92,92064,0,0,2,1,7,1,2,3,3,04,2,2,000,086,2,2,1,1,1,61,5,1,9,00,0,0,1,200700030884C01,7/ 33,17/1,2
200700030887,2007-05-26,2007,mai,samedi,12:40,92,92064,0,0,2,3,2,1,1,4,2,02,1,1,000,000,1,0,0,4,1,59,5,1,2,00,2,1,2,200700030887A01,7,23,1
200700030893,2007-05-11,2007,mai,vendredi,92:5,92,92072,0,0,2,1,7,1,1,4,2,02,2,1,000,050,1,0,1,4,1,48,5,1,2,00,0,1,1,200700030893A01,,,
200700030908,2007-05-22,2007,mai,mardi,90:0,92,92075,0,0,2,3,6,1,1,4,2,02,1,1,000,000,1,0,1,4,1,16,2,1,9,00,2,0,0,200700030908A01,7,15,1
200700030923,2007-05-09,2007,mai,mercredi,17:45,93,93001,0,0,2,3,3,1,1,4,2,02,1,1,000,000,1,0,1,4,1,22,0,1,9,00,2,8,15,200700030923B01,33,2,1
200700030964,2007-05-21,2007,mai,lundi,15:45,93,93008,0,0,2,6,3,1,1,4,1,03,2,2,000,100,1,0,1,4,1,50,0,1,9,00,2,1,13,200700030964B01,7,12,1
200700030972,2007-05-06,2007,mai,dimanche,18:10,93,93010,0,0,2,1,6,1,1,4,2,02,1,3,000,000,1,0,1,4,1,16,5,0,0,00,2,1,5,200700030972B01,7,1,1
200700031032,2007-05-10,2007,mai,jeudi,13:45,93,93046,0,0,2,3,3,1,1,4,1,01,1,1,000,040,1,0,1,4,2,15,2,1,2,00,2,1,1,200700031032B01,7,1,1
200700031049,2007-05-01,2007,mai,mardi,14:35,93,93049,0,0,2,3,3,1,1,4,2,02,1,1,000,000,1,0,1,4,1,15,5,1,2,00,0,1,1,200700031049A01,7,15,1
200700031055,2007-05-13,2007,mai,dimanche,16:40,93,93050,0,0,2,1,4,1,6,2,3,02,-1,1,030,060,1,0,1,3,1,17,5,1,2,00,2,5,19,200700031055B01,7,1/0,2
200700031055,2007-05-13,2007,mai,dimanche,16:40,93,93050,0,0,2,1,4,1,6,2,3,02,-1,1,030,060,1,0,1,3,2,17,0,1,2,00,2,5,19,200700031055B01,7,1/0,2
200700031060,2007-05-04,2007,mai,vendredi,19:30,93,93051,0,0,2,1,6,1,1,4,2,02,1,1,000,060,1,0,1,4,1,60,5,1,2,00,2,8,1,200700031060B01,7,17,1
200700031071,2007-05-25,2007,mai,vendredi,65:0,93,93053,0,0,2,2,3,1,1,2,2,02,1,1,000,060,1,2,1,4,2,34,1,1,4,00,2,1,0,200700031071B01,7,0,1
200700031081,2007-05-18,2007,mai,vendredi,16:10,93,93062,0,0,2,1,6,1,1,4,1,02,1,1,000,050,1,0,4,1,1,40,1,1,9,00,1,1,1,200700031081A01,,,
200700031090,2007-05-12,2007,mai,samedi,15:30,93,93064,0,0,2,2,3,1,1,3,2,02,1,1,000,080,1,0,1,4,1,21,5,1,9,00,2,1,1,200700031090B01,7,1,1
200700031101,2007-05-02,2007,mai,mercredi,16:35,93,93066,0,0,2,1,3,1,1,4,2,02,1,-1,000,050,1,0,1,4,1,8,0,1,9,00,0,1,0,200700031101B01,10,0,1
200700031125,2007-05-11,2007,mai,vendredi,19:30,93,93070,0,0,2,1,1,1,2,4,1,01,1,2,000,000,2,0,1,3,2,20,0,1,2,00,2,0,5,200700031125A01,7,1,1
200700031143,2007-05-01,2007,mai,mardi,14:30,93,93078,0,0,2,1,1,1,1,4,2,02,1,1,000,040,1,0,1,4,2,11,5,1,2,00,2,1,19,200700031143A01,7,1,1