Num_Acc,date,an,mois,jour,hrmn,dep,com,lat,long,agg,int,col,lum,atm,catr,circ,nbv,prof,plan,lartpc,larrout,surf,infra,situ,grav,sexe,age,trajet,secuexist,equipement,obs,obsm,choc,manv,vehiculeid,typevehicules,manoeuvehicules,numVehicules
200700031143,2007-05-01,2007,mai,mardi,14:30,93,93078,0,0,2,1,1,1,1,4,2,02,1,1,000,040,1,0,1,4,2,12,0,1,2,00,2,1,19,200700031143A01,7,1,1
200700031144,2007-05-01,2007,mai,mardi,14:40,93,93078,0,0,2,1,3,1,1,4,2,01,1,1,000,000,1,0,1,3,1,83,5,1,9,00,0,1,2,200700031144B01,7,15,1
200700031146,2007-05-01,2007,mai,mardi,12:55,93,93078,0,0,2,2,2,1,1,4,2,02,1,1,070,070,1,0,1,3,1,41,5,1,2,00,0,1,3,200700031146A01,7,2,1
200700031150,2007-05-06,2007,mai,dimanche,17:55,93,93078,0,0,1,1,6,1,1,3,-1,02,2,1,000,050,1,0,0,3,1,21,0,1,9,00,0,1,1,200700031150A01,,,
200700031151,2007-05-28,2007,mai,lundi,11:45,93,93078,0,0,2,9,3,1,2,4,2,02,1,1,000,095,2,0,1,3,1,10,5,1,9,00,2,0,19,200700031151A01,7,2,1
200700031154,2007-05-06,2007,mai,dimanche,13:30,94,94002,0,0,2,3,7,1,1,4,1,01,1,1,000,053,1,0,1,4,1,7,5,1,2,00,2,8,19,200700031154B01,7,1,1
200700031164,2007-05-09,2007,mai,mercredi,83:5,94,94071,0,0,2,6,3,1,1,4,1,01,1,-1,000,030,1,0,1,4,2,34,1,1,2,00,2,7,1,200700031164B01,10,9,1
200700031170,2007-05-23,2007,mai,mercredi,13:50,94,94048,0,0,2,3,3,1,1,3,2,02,1,1,000,000,1,0,1,4,1,9,5,1,9,00,2,8,0,200700031170B01,7,1,1
200700031223,2007-05-29,2007,mai,mardi,10:20,94,94011,0,0,1,1,1,1,1,3,2,02,1,-1,000,060,1,0,1,4,1,28,1,1,2,00,2,1,0,200700031223B01,7,1,1
200700031292,2007-05-03,2007,mai,jeudi,18:25,94,94052,0,0,2,1,3,1,1,4,2,00,2,1,000,120,1,0,1,3,1,50,1,1,2,00,2,0,14,200700031292A01,7,16,1
200700031302,2007-05-21,2007,mai,lundi,18:20,94,94068,0,0,2,1,6,1,1,4,2,02,2,1,000,075,1,0,1,4,1,53,5,1,9,00,2,0,1,200700031302B01,7,16,1
200700031306,2007-05-25,2007,mai,vendredi,17:00,94,94068,0,0,2,1,3,1,1,4,1,01,1,1,000,050,1,0,1,4,2,23,5,1,9,01,0,0,1,200700031306B01,7,22,1
200700031313,2007-05-13,2007,mai,dimanche,80:0,94,94074,0,0,2,9,3,2,2,3,2,02,4,-1,000,150,2,0,1,4,1,23,5,1,2,00,2,8,19,200700031313B01,7,1,1
200700031334,2007-05-04,2007,mai,vendredi,80:0,94,94080,0,0,2,2,5,1,1,3,2,01,1,1,000,000,1,0,1,3,1,42,4,1,9,00,2,3,1,200700031334A01,7,23/9,2
200700031347,2007-05-31,2007,mai,jeudi,16:55,94,94080,0,0,2,3,2,1,1,2,2,04,1,1,000,000,1,0,1,4,1,42,0,1,2,00,2,1,13,200700031347A01,7,1,1
200700031353,2007-05-30,2007,mai,mercredi,82:0,94,94081,0,0,2,1,6,1,1,4,-1,02,1,1,000,060,1,0,1,3,1,37,5,1,2,12,2,0,9,200700031353A01,14,1,1
200700031359,2007-05-10,2007,mai,jeudi,11:43,95,95018,0,0,2,1,7,1,1,4,1,01,1,1,000,050,1,0,1,4,1,20,5,1,2,00,2,4,1,200700031359B01,7,1,1
200700031370,2007-05-30,2007,mai,mercredi,14:55,95,95018,0,0,2,1,3,1,1,4,3,04,1,1,020,120,1,1,1,4,1,8,5,1,2,00,2,4,9,200700031370B01,7,1,1
200700031430,2007-05-19,2007,mai,samedi,19:23,2A,2A004,0,0,2,1,3,1,1,2,1,02,2,2,000,090,1,0,1,4,1,57,5,1,2,00,2,7,1,200700031430B01,7,12,1
200700031665,2007-05-24,2007,mai,jeudi,17:47,2B,2B037,0,0,2,1,2,1,1,2,1,02,1,1,000,040,1,0,1,4,1,49,0,1,9,00,2,0,13,200700031665B01,33,13,1
200700031671,2007-05-06,2007,mai,dimanche,14:10,69,69382,0,0,2,3,3,1,1,4,1,02,1,1,018,100,1,0,1,4,1,17,5,1,9,00,2,1,1,200700031671B01,7,1,1
200700031728,2007-05-04,2007,mai,vendredi,93:0,69,69386,0,0,2,3,3,1,1,4,1,01,1,1,000,000,1,0,1,4,1,21,4,1,9,00,2,2,1,200700031728A01,7,15,1
200700031732,2007-05-12,2007,mai,samedi,13:30,69,69383,0,0,2,2,3,1,1,4,1,03,1,1,000,000,1,0,1,4,2,25,5,1,9,00,2,1,1,200700031732A01,7,16,1
200700031744,2007-05-27,2007,mai,dimanche,42:5,69,69383,0,0,2,1,6,5,3,4,1,02,2,1,000,000,2,0,1,3,2,20,5,1,9,00,0,7,14,200700031744B01,,,
200700031785,2007-05-04,2007,mai,vendredi,23:45,69,69385,0,0,2,1,2,5,3,4,2,04,1,1,000,136,2,2,1,4,1,27,1,1,9,00,0,4,2,200700031785B01,7,2,1
200700031800,2007-05-12,2007,mai,samedi,11:0,69,69387,0,0,2,5,3,5,1,4,3,05,-1,1,010,150,2,0,1,4,1,22,5,1,9,00,2,1,1,200700031800A01,7,15,1
200700031800,2007-05-12,2007,mai,samedi,11:0,69,69387,0,0,2,5,3,5,1,4,3,05,-1,1,010,150,2,0,1,3,1,22,0,1,9,00,2,1,1,200700031800A01,7,15,1
200700031813,2007-05-12,2007,mai,samedi,15:15,69,69388,0,0,2,1,3,1,1,4,-1,20,1,1,000,100,1,0,1,4,1,22,0,1,2,00,2,4,0,200700031813B01,7,0,1
200700031816,2007-05-25,2007,mai,vendredi,16:25,69,69388,0,0,2,1,6,1,1,4,-1,02,1,1,014,050,1,0,1,4,1,49,0,1,2,00,1,1,1,200700031816A01,,,
200700031847,2007-05-19,2007,mai,samedi,12:00,38,38544,0,0,1,3,3,1,1,2,3,04,1,1,000,140,1,5,1,4,1,54,5,1,2,00,2,8,1,200700031847A01,7,1,1
200700031870,2007-05-31,2007,mai,jeudi,15:10,69,69389,0,0,2,1,3,1,2,4,2,02,1,1,000,000,2,0,5,4,1,23,0,1,9,00,2,0,1,200700031870B01,7,24,1
200700031967,2007-06-15,2007,juin,vendredi,81:5,59,59201,0,0,1,1,1,1,1,3,2,00,-1,-1,000,000,1,0,5,3,1,64,1,1,2,00,2,1,5,200700031967B02,2,1,1
200700031977,2007-06-03,2007,juin,dimanche,12:15,59,59173,50.741,2.958,1,6,1,1,1,3,2,02,1,-1,000,000,1,0,1,3,1,55,5,0,0,00,2,8,1,200700031977B02,7,16,1
200700031980,2007-06-19,2007,juin,mardi,13:30,59,59472,50.168,3.66,2,1,1,1,7,3,2,00,1,1,000,060,1,0,1,3,2,37,5,0,0,00,0,8,13,200700031980A01,10,1,1
200700031997,2007-06-06,2007,juin,mercredi,17:30,62,62251,0,0,2,1,3,1,1,4,2,02,1,1,000,034,1,0,1,3,1,9,5,0,0,00,2,1,0,200700031997A01,7,1,1
200700032009,2007-06-22,2007,juin,vendredi,90:0,62,62340,0,0,2,1,2,1,1,3,-1,00,1,1,000,072,1,0,1,4,2,60,5,0,0,00,0,8,1,200700032009B02,7,1,1
200700032038,2007-06-27,2007,juin,mercredi,13:15,02,02719,0,0,2,1,1,1,1,3,2,00,1,3,000,078,1,0,1,3,1,20,1,0,0,00,2,8,19,200700032038B02,7,1,1
200700032090,2007-06-09,2007,juin,samedi,15:45,60,60533,0,0,2,1,6,1,1,3,2,02,1,1,000,070,1,0,1,3,1,53,5,1,2,00,2,8,1,200700032090A01,,,
200700032092,2007-06-16,2007,juin,samedi,11:45,60,60223,0,0,2,1,3,1,1,3,2,02,1,1,000,065,1,0,1,3,1,13,3,0,0,00,2,8,1,200700032092B02,7,1,1
200700032104,2007-06-06,2007,juin,mercredi,14:30,60,60238,49.262,2.568,1,4,1,1,1,3,2,02,-1,2,000,070,1,0,1,4,1,41,5,0,0,00,2,1,19,200700032104B02,7,1,1
200700032126,2007-06-03,2007,juin,dimanche,11:00,27,27568,0,0,1,1,1,1,1,3,2,02,2,2,000,065,1,0,1,3,1,60,5,0,0,00,2,4,1,200700032126B02,7,17,1
200700032171,2007-06-02,2007,juin,samedi,10:30,35,35139,47.966,-1.706,1,1,3,1,1,4,2,00,2,1,000,041,1,0,1,2,1,64,5,0,0,00,2,8,13,200700032171A01,7,17,1
200700032176,2007-06-28,2007,juin,jeudi,11:00,35,35016,47.99,-1.9,1,1,3,1,1,3,3,02,1,1,000,070,1,0,1,3,1,75,5,1,2,00,2,1,1,200700032176B02,7,17,1
200700032187,2007-06-20,2007,juin,mercredi,80:0,22,22098,0,0,1,1,1,1,1,4,2,02,2,2,000,025,1,0,1,2,1,61,5,1,9,00,2,1,13,200700032187B02,7,9,1
200700032206,2007-06-09,2007,juin,samedi,18:45,29,29209,0,0,2,3,3,1,1,4,2,02,1,1,000,030,1,5,1,3,1,5,5,1,9,00,2,1,5,200700032206B02,10,1,1
200700032225,2007-06-03,2007,juin,dimanche,19:45,56,56043,48.065,-2.218,1,3,3,1,1,4,2,02,2,1,000,043,1,0,1,3,1,9,5,1,2,00,2,1,1,200700032225B02,7,1,1
200700032225,2007-06-03,2007,juin,dimanche,19:45,56,56043,48.065,-2.218,1,3,3,1,1,4,2,02,2,1,000,043,1,0,1,1,1,36,0,0,0,00,2,1,1,200700032225B02,7,1,1
200700032232,2007-06-09,2007,juin,samedi,15:15,56,56070,47.96,-2.569,1,1,1,1,1,3,2,00,1,1,000,075,1,0,1,3,1,68,5,0,0,00,2,7,1,200700032232B02,7,16,1
200700032296,2007-06-02,2007,juin,samedi,74:5,44,44156,46.954,-1.615,1,1,1,1,1,3,2,02,1,1,054,000,1,0,1,3,2,13,1,0,0,00,2,6,13,200700032296A01,7,17,1
200700032296,2007-06-02,2007,juin,samedi,74:5,44,44156,46.954,-1.615,1,1,1,1,1,3,2,02,1,1,054,000,1,0,1,3,1,4,0,0,0,00,2,6,13,200700032296A01,7,17,1
200700032301,2007-06-28,2007,juin,jeudi,83:0,44,44003,47.365,-1.176,2,1,1,1,1,3,2,02,1,1,000,060,1,0,1,3,2,74,3,0,0,00,2,4,2,200700032301B02,30,2,1
200700032320,2007-06-07,2007,juin,jeudi,10:30,44,44049,0,0,2,1,6,1,1,3,2,00,1,1,000,060,1,0,1,3,2,71,3,0,0,00,0,4,1,200700032320A01,,,
200700032331,2007-06-05,2007,juin,mardi,19:00,49,49222,0,0,1,1,3,1,1,3,2,02,1,1,000,115,1,0,1,4,2,5,5,0,0,00,2,4,19,200700032331B02,7,21,1
200700032335,2007-06-06,2007,juin,mercredi,21:00,49,49212,47.376,-0.859,1,1,2,1,1,3,2,02,2,1,000,060,1,0,1,3,1,45,1,1,2,00,2,8,1,200700032335B02,7,17,1
200700032372,2007-06-11,2007,juin,lundi,74:5,72,72260,0,0,1,1,2,1,1,3,2,00,1,1,000,048,1,0,1,4,1,39,1,0,0,00,2,4,1,200700032372B02,7,1,1
200700032375,2007-06-24,2007,juin,dimanche,11:00,72,72187,47.779,0.346,1,6,2,1,1,3,2,02,1,1,000,000,1,5,0,3,1,54,5,0,0,00,2,4,1,200700032375B02,7,9,1
200700032379,2007-06-10,2007,juin,dimanche,93:0,72,72335,48.116,0.341,1,3,1,1,1,3,2,02,1,1,060,000,1,5,1,3,1,71,9,0,0,00,2,8,15,200700032379A01,7,0,1
200700032409,2007-06-06,2007,juin,mercredi,12:30,85,85047,46.854,-1.887,2,6,3,1,1,3,-1,01,1,2,000,050,1,5,1,3,2,48,3,0,0,00,2,3,9,200700032409A01,7,9,1
200700032414,2007-06-07,2007,juin,jeudi,93:0,85,85127,46.443,-1.511,1,1,1,1,1,3,-1,02,1,-1,000,060,1,0,0,4,1,79,5,0,0,00,0,0,2,200700032414A01,21,2,1
200700032432,2007-06-22,2007,juin,vendredi,13:30,33,33435,44.564,-0.247,1,1,2,1,1,3,3,02,3,1,030,081,1,0,1,3,1,66,5,0,0,00,2,6,13,200700032432A01,10,21,1
200700032467,2007-06-23,2007,juin,samedi,17:15,24,24115,0,0,1,1,7,1,1,4,-1,02,2,2,000,042,1,0,3,3,1,15,5,0,0,08,0,1,1,200700032467A01,,,
200700032506,2007-06-29,2007,juin,vendredi,17:30,40,40287,0,0,2,1,7,1,1,4,2,00,1,1,000,055,1,0,1,3,1,59,5,0,0,00,0,0,1,200700032506A01,,,
200700032531,2007-06-11,2007,juin,lundi,17:15,47,47306,0,0,1,1,2,1,1,3,2,00,1,1,000,000,1,0,0,4,1,16,5,1,2,00,2,4,6,200700032531B02,7,2,1
200700032560,2007-06-02,2007,juin,samedi,16:30,86,86237,0,0,1,1,1,1,1,3,2,00,1,1,000,055,1,0,1,4,1,44,5,1,2,00,0,8,10,200700032560B02,33,2,1
200700032569,2007-06-21,2007,juin,jeudi,18:30,17,17264,46.214,-1.163,2,1,1,1,1,4,2,00,1,2,000,080,1,5,1,3,2,18,5,1,2,12,0,0,15,200700032569B02,7,21,1
200700032620,2007-06-03,2007,juin,dimanche,16:45,19,19255,0,0,2,1,1,1,1,3,2,02,1,1,000,057,1,0,1,3,1,58,9,1,2,00,2,1,1,200700032620A01,7,1,1
200700032630,2007-06-29,2007,juin,vendredi,19:00,23,23193,46.144,1.921,2,1,1,1,1,3,2,02,1,3,000,053,1,0,1,4,1,13,5,1,2,00,2,1,13,200700032630B02,7,1,1
200700032633,2007-06-06,2007,juin,mercredi,13:30,31,31025,0,0,1,6,1,1,1,3,2,02,1,1,000,055,1,5,1,3,1,37,5,0,0,00,2,1,1,200700032633B02,7,19,1
200700032659,2007-06-14,2007,juin,jeudi,15:00,31,31454,0,0,1,1,6,1,1,3,2,00,-1,1,000,053,-1,0,3,2,1,16,9,1,2,00,0,0,0,200700032659A01,,,
200700032721,2007-06-05,2007,juin,mardi,11:45,65,65059,0,0,2,1,6,1,1,3,2,02,2,-1,000,000,-1,0,0,3,1,53,5,1,2,06,0,7,2,200700032721A01,,,
200700032760,2007-06-26,2007,juin,mardi,20:15,69,69010,0,0,2,1,6,1,1,9,-1,01,-1,-1,000,000,-1,0,0,3,1,7,5,0,0,06,0,1,0,200700032760A01,,,
200700032761,2007-06-28,2007,juin,jeudi,15:30,69,69208,0,0,1,2,3,1,1,4,2,01,2,1,000,000,1,0,1,3,1,64,5,1,2,00,2,1,1,200700032761B02,7,1,1
200700032767,2007-06-23,2007,juin,samedi,19:00,69,69255,0,0,1,1,1,1,1,3,2,02,-1,3,000,000,1,0,1,3,1,54,5,0,0,00,2,1,17,200700032767A01,7,15,1
200700032770,2007-06-06,2007,juin,mercredi,17:15,69,69176,45.672,4.697,1,1,1,1,2,3,2,02,2,-1,000,060,1,0,1,3,2,44,5,0,0,00,2,7,1,200700032770A01,10,21,1
200700032779,2007-06-28,2007,juin,jeudi,13:30,69,69019,46.1,4.73,2,1,3,1,1,3,2,02,1,1,000,090,1,0,1,3,1,13,2,0,0,00,2,8,15,200700032779B02,10,1,1
200700032789,2007-06-29,2007,juin,vendredi,93:0,01,01199,0,0,1,1,5,1,1,3,2,02,1,1,000,070,1,0,1,2,1,72,5,1,2,00,0,0,0,200700032789B02,7,21/17,2
200700032798,2007-06-21,2007,juin,jeudi,11:00,01,01240,0,0,1,1,3,1,1,3,2,02,-1,2,000,060,1,0,1,3,1,26,5,1,2,00,2,1,1,200700032798B02,7,15,1
200700032807,2007-06-29,2007,juin,vendredi,21:30,01,01457,0,0,1,3,3,1,1,3,2,02,-1,1,000,060,1,0,1,3,1,16,5,0,0,00,2,1,19,200700032807B02,7,1,1
200700032808,2007-06-12,2007,juin,mardi,23:15,01,01290,0,0,1,1,3,3,1,3,2,00,1,1,000,070,1,0,1,4,1,25,5,1,9,00,2,8,2,200700032808B02,7,2,1
200700032818,2007-06-20,2007,juin,mercredi,18:30,01,01030,0,0,1,1,3,1,1,3,-1,00,2,3,000,063,1,0,1,3,1,17,1,0,0,00,2,1,13,200700032818A01,7,1,1
200700032820,2007-06-22,2007,juin,vendredi,13:30,07,07011,44.736,4.35,1,1,6,1,1,3,2,00,2,4,000,075,1,0,1,2,1,56,5,1,2,10,0,1,1,200700032820A01,,,
200700032824,2007-06-01,2007,juin,vendredi,10:15,07,07348,0,0,1,1,3,1,1,3,2,02,2,1,000,103,1,0,1,3,1,68,5,1,2,00,0,8,1,200700032824B02,7,17,1
200700032853,2007-06-06,2007,juin,mercredi,11:00,38,38466,0,0,2,1,3,1,8,3,2,02,1,2,000,064,1,0,1,3,1,14,5,0,0,00,2,8,13,200700032853B02,2,17,1
200700032868,2007-06-28,2007,juin,jeudi,12:00,38,38383,45.39,5.634,2,1,1,1,1,3,2,02,2,1,000,073,1,0,1,3,1,58,5,1,2,00,2,1,1,200700032868B02,10,15,1
200700032891,2007-06-04,2007,juin,lundi,16:00,38,38479,45.436,5.212,2,6,3,1,1,3,3,00,2,3,200,053,1,5,1,3,1,53,0,0,0,00,0,7,1,200700032891B02,10,1,1
200700032915,2007-06-29,2007,juin,vendredi,16:15,42,42331,0,0,2,3,1,1,1,3,2,00,2,4,000,056,1,0,1,3,1,67,5,1,2,00,0,1,1,200700032915A01,7,15,1
200700032946,2007-06-23,2007,juin,samedi,11:15,74,74236,0,0,2,1,1,1,1,4,2,00,2,3,000,060,1,0,3,1,1,16,5,0,0,00,2,0,13,200700032946B02,7,1,1
200700032960,2007-06-02,2007,juin,samedi,17:45,74,74156,46.288,6.419,2,1,1,1,1,4,2,02,1,1,000,000,1,0,1,3,1,6,5,0,0,00,2,8,19,200700032960B02,7,1,1
200700033020,2007-06-30,2007,juin,samedi,14:30,43,43005,44.925,3.708,1,1,6,1,1,3,2,01,-1,3,000,060,1,0,1,3,1,22,5,0,0,00,0,0,0,200700033020A01,,,
200700033023,2007-06-04,2007,juin,lundi,14:15,43,43112,0,0,2,1,1,1,1,4,2,00,-1,1,000,082,1,0,1,3,1,91,5,0,0,00,2,8,19,200700033023B02,7,1,1
200700033032,2007-06-18,2007,juin,lundi,18:45,43,43205,45.353,4.296,2,1,3,1,1,4,2,02,2,1,000,060,1,0,1,3,1,14,5,0,0,00,0,8,19,200700033032B02,10,1,1
200700033060,2007-06-09,2007,juin,samedi,17:00,57,57518,48.797,7.037,2,1,1,1,1,4,2,01,1,1,000,060,1,0,1,3,1,12,5,0,0,00,2,1,1,200700033060B02,7,1,1
200700033076,2007-06-29,2007,juin,vendredi,11:00,54,54571,0,0,1,1,5,1,1,3,2,02,1,1,000,000,1,0,1,3,1,60,5,1,2,01,0,1,21,200700033076B02,7,19/23,2
200700033084,2007-06-02,2007,juin,samedi,81:5,54,54135,0,0,2,1,3,1,1,4,2,02,1,1,000,060,1,0,1,3,1,7,2,0,0,00,2,7,19,200700033084B02,7,1,1
200700033088,2007-06-19,2007,juin,mardi,18:15,54,54490,0,0,2,1,3,1,1,4,2,00,2,1,000,048,1,0,1,3,1,15,5,0,0,00,2,8,16,200700033088A01,7,1,1
200700033101,2007-06-19,2007,juin,mardi,19:15,55,55544,49.51,5.46,2,1,1,1,1,3,2,00,1,2,000,060,1,0,1,3,1,49,0,0,0,00,2,1,1,200700033101B02,7,15,1
200700033102,2007-06-22,2007,juin,vendredi,17:00,55,55552,49.505,5.327,1,1,5,1,1,3,2,02,2,3,000,050,2,0,1,4,1,50,5,0,0,00,0,3,0,200700033102C03,7,1,2
200700033127,2007-06-19,2007,juin,mardi,16:00,88,88181,0,0,2,1,1,1,1,4,2,00,-1,1,000,100,1,6,1,4,1,14,2,1,2,00,2,8,19,200700033127B02,7,1,1
200700033129,2007-06-13,2007,juin,mercredi,17:00,67,67028,0,0,2,1,1,1,1,3,2,00,-1,1,000,066,1,0,1,3,2,49,0,0,0,00,0,2,15,200700033129B02,7,1,1
200700033131,2007-06-11,2007,juin,lundi,74:5,67,67131,48.492,7.712,2,1,3,1,1,3,2,02,-1,1,000,060,1,0,1,4,1,12,2,1,9,00,2,1,19,200700033131A01,7,1,1
200700033150,2007-06-19,2007,juin,mardi,19:00,67,67544,49.041,7.951,2,3,5,1,1,9,2,02,1,1,000,055,1,0,1,3,2,9,5,1,2,00,2,1,1,200700033150B02,7,1,1
200700033150,2007-06-19,2007,juin,mardi,19:00,67,67544,49.041,7.951,2,3,5,1,1,9,2,02,1,1,000,055,1,0,1,1,1,7,5,1,2,00,2,1,1,200700033150C03,7,1,1
200700033167,2007-06-13,2007,juin,mercredi,71:5,68,68300,0,0,2,1,1,1,1,3,3,04,1,1,000,000,1,3,1,3,1,53,1,1,2,00,2,8,13,200700033167B02,7,1,1
200700033171,2007-06-09,2007,juin,samedi,15:45,68,68349,47.617,7.572,2,3,1,1,1,4,2,00,-1,1,000,080,1,0,1,4,1,43,5,1,2,00,2,1,1,200700033171A01,7,16,1
200700033172,2007-06-16,2007,juin,samedi,15:30,68,68372,0,0,2,1,1,1,1,4,2,01,2,1,000,000,1,0,1,3,1,43,5,1,2,00,2,1,19,200700033172B02,7,1,1
200700033174,2007-06-06,2007,juin,mercredi,13:45,51,51559,49.13,4.53,2,1,3,1,1,3,2,02,1,1,000,068,1,0,1,4,2,9,5,0,0,00,2,1,19,200700033174B02,2,1,1
200700033179,2007-06-19,2007,juin,mardi,11:00,51,51237,48.738,3.558,2,1,1,1,1,4,2,01,1,1,000,073,1,0,1,3,2,52,4,0,0,00,0,0,0,200700033179B02,7,13,1
200700033205,2007-06-16,2007,juin,samedi,18:45,10,10033,0,0,2,1,3,1,1,3,2,00,1,1,030,130,1,5,1,4,2,71,5,0,0,00,0,4,13,200700033205B02,7,1,1
200700033207,2007-06-27,2007,juin,mercredi,10:30,10,10064,48.397,4.53,2,1,1,1,1,3,2,00,4,2,000,000,1,0,1,3,2,86,0,0,0,00,0,4,9,200700033207B02,15,1,1
200700033208,2007-06-19,2007,juin,mardi,18:45,10,10009,48.054,4.276,1,1,3,1,1,3,2,02,1,1,000,060,1,0,1,4,1,15,5,0,0,00,2,8,15,200700033208A01,33,17,1
200700033215,2007-06-10,2007,juin,dimanche,14:00,52,52208,47.945,5.837,2,1,6,1,1,3,2,02,1,1,000,063,1,0,1,3,1,47,5,0,0,00,1,1,1,200700033215A01,,,
200700033227,2007-06-27,2007,juin,mercredi,74:5,21,21663,47.549,4.459,2,1,1,1,1,3,2,02,-1,1,000,089,1,6,1,3,2,12,2,0,0,00,2,8,19,200700033227B02,7,1,1
200700033232,2007-06-17,2007,juin,dimanche,14:45,58,58225,46.903,3.102,1,4,1,1,2,3,-1,02,1,2,000,000,2,0,1,3,1,59,5,0,0,00,2,1,15,200700033232A01,7,16,1
200700033286,2007-06-07,2007,juin,jeudi,19:00,25,25112,47.27,6.072,1,9,2,1,1,3,3,00,1,1,005,080,-1,3,1,3,1,54,5,1,2,00,2,4,2,200700033286A01,7,9,1
200700033355,2007-06-08,2007,juin,vendredi,22:45,13,13096,0,0,1,1,6,3,1,3,2,00,1,2,000,065,-1,0,1,3,1,25,1,0,0,00,0,0,0,200700033355A01,7,1,1
200700033356,2007-06-17,2007,juin,dimanche,11:00,13,13096,0,0,1,1,2,1,1,3,2,02,1,1,000,095,1,0,5,3,1,33,5,1,2,01,0,1,1,200700033356B02,7,24,1
200700033365,2007-06-17,2007,juin,dimanche,82:0,13,13073,0,0,1,1,3,1,1,3,2,02,2,3,000,000,1,5,1,3,1,71,5,0,0,00,2,3,1,200700033365B02,7,19,1
200700033390,2007-06-23,2007,juin,samedi,84:5,06,06043,0,0,1,1,7,1,1,3,2,01,2,1,000,050,9,0,1,3,1,53,5,1,2,00,0,8,1,200700033390A01,,,
200700033391,2007-06-26,2007,juin,mardi,93:0,06,06048,0,0,1,1,1,1,1,3,2,02,-1,3,000,060,1,0,1,4,1,40,0,0,0,00,2,1,1,200700033391B02,7,19,1
200700033408,2007-06-27,2007,juin,mercredi,16:30,06,06122,43.751,7.143,2,1,3,1,1,4,2,00,2,2,000,000,1,0,1,3,1,14,5,0,0,00,0,7,15,200700033408B02,10,1,1
200700033428,2007-06-05,2007,juin,mardi,11:30,83,83107,43.467,6.634,1,1,2,1,1,3,-1,00,2,1,000,000,1,0,1,3,1,69,5,1,2,00,0,4,2,200700033428B02,7,2,1
200700033452,2007-06-15,2007,juin,vendredi,11:00,84,84074,43.763,5.196,1,1,1,1,1,4,2,00,2,1,000,031,2,0,1,3,1,33,5,1,2,00,2,8,1,200700033452B02,7,1,1
200700033462,2007-06-14,2007,juin,jeudi,17:15,84,84019,0,0,2,1,6,1,1,4,1,01,2,1,000,000,1,0,1,1,1,28,3,0,0,00,1,1,5,200700033462A01,,,
200700033498,2007-06-15,2007,juin,vendredi,18:30,34,34056,0,0,1,1,7,1,1,3,2,00,1,1,000,050,1,2,3,3,1,61,5,1,2,04,0,0,1,200700033498A01,,,
200700033512,2007-06-26,2007,juin,mardi,11:00,11,11184,43.155,1.881,1,1,7,1,1,3,2,02,2,2,000,000,1,0,3,2,1,74,5,1,2,13,0,2,1,200700033512A01,,,
200700033542,2007-06-10,2007,juin,dimanche,17:00,30,30107,43.959,4.652,1,1,1,1,1,3,2,02,1,1,000,185,1,0,1,3,1,77,5,1,2,00,2,4,15,200700033542B02,7,2,1
200700033543,2007-06-27,2007,juin,mercredi,81:5,30,30012,43.905,4.7,1,6,1,1,1,3,-1,00,1,2,000,000,1,0,1,3,1,49,5,1,2,00,2,1,1,200700033543A01,7,1,1
200700033560,2007-06-07,2007,juin,jeudi,17:30,48,48156,0,0,2,1,6,1,1,3,-1,00,2,2,060,000,1,0,1,3,1,16,5,0,0,00,0,0,13,200700033560B02,7,0,1
200700033565,2007-06-24,2007,juin,dimanche,14:15,66,66056,42.663,2.684,2,1,3,1,1,3,2,00,-1,1,000,060,1,0,1,4,2,11,5,1,2,00,2,8,1,200700033565B02,7,1,1
200700033573,2007-06-29,2007,juin,vendredi,11:30,66,66099,42.552,2.748,1,1,1,1,1,3,2,02,-1,3,000,045,1,0,1,4,1,59,5,0,0,00,2,1,13,200700033573B02,7,1,1
200700033580,2007-06-16,2007,juin,samedi,16:00,66,66149,0,0,2,1,1,1,1,4,1,01,1,1,000,040,1,0,1,3,1,75,5,0,0,00,2,7,1,200700033580B02,7,24,1
200700033640,2007-06-03,2007,juin,dimanche,17:40,91,91272,0,0,2,1,1,1,1,4,2,02,1,1,000,050,1,6,1,3,1,19,5,0,0,00,2,1,19,200700033640A01,7,1,1
200700033681,2007-06-09,2007,juin,samedi,90:0,45,45029,47.547,2.818,2,1,3,1,1,3,2,02,1,-1,060,000,1,0,1,4,1,71,5,1,2,00,2,1,1,200700033681B02,10,16,1
200700033708,2007-06-18,2007,juin,lundi,19:00,18,18281,0,0,2,1,1,1,1,4,2,01,1,1,000,035,1,0,1,2,2,53,5,0,0,00,2,1,1,200700033708B02,7,1,1
200700033750,2007-06-08,2007,juin,vendredi,17:15,37,37228,0,0,1,1,1,1,1,4,2,02,1,1,000,040,1,0,1,3,1,8,5,0,0,00,2,1,19,200700033750B02,7,1,1
200700033751,2007-06-13,2007,juin,mercredi,10:0,37,37228,0,0,1,1,6,3,1,4,2,00,1,1,000,040,1,0,3,3,1,16,5,0,0,13,0,1,1,200700033751A01,,,
200700033754,2007-06-07,2007,juin,jeudi,83:0,37,37226,47.117,0.622,2,1,6,1,1,9,2,00,2,-1,000,040,1,0,1,3,1,13,5,0,0,06,0,1,16,200700033754A01,,,
200700033764,2007-06-01,2007,juin,vendredi,13:45,41,41180,47.394,1.265,2,1,3,1,1,3,2,01,1,1,000,057,1,0,1,3,2,31,1,0,0,00,2,8,19,200700033764B02,7,13,1
200700033779,2007-06-11,2007,juin,lundi,17:00,33,33199,0,0,1,2,3,1,1,3,3,02,1,1,030,030,1,5,1,3,2,74,5,0,0,00,2,7,19,200700033779B02,7,1,1
200700033781,2007-06-23,2007,juin,samedi,20:15,33,33234,44.789,-0.505,2,6,3,1,1,3,2,02,1,2,000,092,9,5,1,3,1,76,5,1,2,00,2,2,19,200700033781B02,7,9,1
200700033785,2007-06-14,2007,juin,jeudi,81:5,47,47174,44.084,0.366,1,1,2,1,1,3,2,00,1,1,000,076,1,0,1,3,1,77,5,1,2,00,2,1,1,200700033785A01,1,1,1