Num_Acc,date,an,mois,jour,hrmn,dep,com,lat,long,agg,int,col,lum,atm,catr,circ,nbv,prof,plan,lartpc,larrout,surf,infra,situ,grav,sexe,age,trajet,secuexist,equipement,obs,obsm,choc,manv,vehiculeid,typevehicules,manoeuvehicules,numVehicules
200700033785,2007-06-14,2007,juin,jeudi,81:5,47,47174,44.084,0.366,1,1,2,1,1,3,2,00,1,1,000,076,1,0,1,1,1,58,5,1,2,00,0,4,1,200700033785B02,1,1,1
200700033799,2007-06-03,2007,juin,dimanche,12:30,33,33229,44.789,-0.919,1,1,3,1,1,3,3,04,1,1,025,075,1,0,1,3,1,28,5,0,0,00,2,8,2,200700033799B02,7,1,1
200700033821,2007-06-17,2007,juin,dimanche,11:15,60,60185,0,0,2,3,3,1,1,3,2,02,1,1,000,060,1,0,1,3,1,68,5,0,0,00,2,1,1,200700033821A01,7,15,1
200700033834,2007-06-06,2007,juin,mercredi,83:0,68,68278,47.749,7.413,2,1,1,1,1,3,2,02,1,1,000,000,1,0,5,3,1,43,1,1,2,00,2,1,5,200700033834B02,7,24,1
200700033835,2007-06-10,2007,juin,dimanche,22:00,68,68278,47.759,7.392,1,1,1,3,3,2,2,02,1,1,000,095,2,0,1,3,1,62,5,0,0,00,0,4,1,200700033835B02,7,17,1
200700033874,2007-06-07,2007,juin,jeudi,18:45,69,69043,0,0,2,1,3,1,2,3,2,00,-1,1,000,071,2,0,1,3,2,7,5,0,0,00,2,8,19,200700033874B02,7,1,1
200700033949,2007-06-22,2007,juin,vendredi,22:00,06,06152,43.645,7.026,2,1,6,2,1,4,2,01,2,1,000,055,1,0,1,3,1,41,5,1,2,01,0,7,14,200700033949A01,,,
200700033957,2007-06-12,2007,juin,mardi,11:30,34,34247,0,0,1,1,1,1,1,3,2,02,1,1,000,045,1,0,1,3,1,72,5,0,0,01,0,1,1,200700033957B02,7,24,1
200700033970,2007-06-21,2007,juin,jeudi,17:45,35,35131,0,0,1,1,2,1,1,3,2,00,1,1,000,070,1,0,1,2,1,69,5,1,2,00,0,4,1,200700033970B02,7,2,1
200700033985,2007-06-01,2007,juin,vendredi,81:5,67,67152,48.523,7.652,2,1,3,1,2,4,3,00,1,1,000,000,2,0,1,3,2,55,1,0,0,00,2,1,1,200700033985B02,7,1,1
200700033986,2007-06-24,2007,juin,dimanche,11:45,67,67309,48.646,7.721,2,1,1,1,1,9,2,00,1,1,000,070,1,0,1,4,1,12,5,0,0,00,2,7,19,200700033986B02,7,15,1
200700034029,2007-06-02,2007,juin,samedi,14:30,95,95392,0,0,2,1,3,1,1,9,1,01,-1,-1,000,000,1,0,0,3,1,14,5,1,2,00,2,1,1,200700034029A01,7,1,1
200700034071,2007-06-11,2007,juin,lundi,16:00,01,01053,0,0,2,3,3,1,1,3,2,02,2,1,000,060,1,0,0,3,1,12,9,1,9,00,2,7,15,200700034071A01,7,1,1
200700034100,2007-06-29,2007,juin,vendredi,10:10,03,03310,0,0,2,2,1,1,1,4,2,03,1,1,000,100,1,5,4,4,2,56,5,1,2,00,1,1,1,200700034100B01,1,16,1
200700034100,2007-06-29,2007,juin,vendredi,10:10,03,03310,0,0,2,2,1,1,1,4,2,03,1,1,000,100,1,5,4,1,1,33,4,1,2,00,2,1,16,200700034100A01,1,1,1
200700034136,2007-06-04,2007,juin,lundi,14:55,06,06027,0,0,2,1,6,1,1,4,3,02,1,1,000,000,1,0,1,4,2,55,5,1,9,01,0,1,1,200700034136B01,7,22,1
200700034137,2007-06-06,2007,juin,mercredi,19:55,06,06027,0,0,2,2,3,1,1,4,2,03,1,1,000,000,1,5,1,3,1,23,5,1,9,00,2,1,1,200700034137A01,7,1,1
200700034234,2007-06-27,2007,juin,mercredi,19:40,06,06083,0,0,2,1,3,1,1,2,1,03,1,1,015,090,1,0,1,3,1,55,5,1,4,00,0,8,1,200700034234B01,7,12,1
200700034294,2007-06-11,2007,juin,lundi,18:23,06,06159,0,0,2,3,6,1,1,4,2,02,1,1,025,092,1,0,1,4,1,33,0,1,9,00,2,1,1,200700034294B01,7,14,1
200700034308,2007-06-15,2007,juin,vendredi,85:0,06,06088,0,0,2,1,2,1,1,4,3,02,1,1,000,062,1,0,1,1,1,58,5,1,4,00,2,4,2,200700034308B01,32,2,1
200700034319,2007-06-16,2007,juin,samedi,85:0,06,06088,0,0,2,1,3,1,1,4,2,02,1,1,000,000,1,0,1,4,1,66,0,1,9,00,2,8,7,200700034319A01,7,1,1
200700034375,2007-06-27,2007,juin,mercredi,73:0,06,06088,0,0,2,1,2,1,1,4,1,04,1,1,000,108,1,0,1,4,1,41,1,1,2,00,2,4,1,200700034375B01,7,14,1
200700034406,2007-06-08,2007,juin,vendredi,14:25,08,08105,0,0,2,2,3,1,1,4,2,02,4,1,000,075,1,0,1,3,1,40,0,1,4,00,2,7,1,200700034406B01,2,1,1
200700034414,2007-06-10,2007,juin,dimanche,10:45,10,10387,0,0,2,1,3,1,1,2,2,02,1,1,000,100,1,0,1,3,1,34,0,1,9,00,2,8,15,200700034414A01,33,2,1
200700034415,2007-06-13,2007,juin,mercredi,12:05,10,10387,0,0,2,6,3,1,1,4,1,02,1,2,000,090,1,0,5,4,1,24,1,1,9,00,2,8,1,200700034415B01,7,16,1
200700034439,2007-06-06,2007,juin,mercredi,81:0,13,13004,0,0,2,3,6,1,1,4,2,02,1,2,025,060,1,0,1,4,1,35,1,1,2,00,2,7,15,200700034439B01,7,1,1
200700034440,2007-06-10,2007,juin,dimanche,15:15,13,13004,0,0,1,1,3,1,1,4,2,02,1,2,000,037,1,0,1,4,1,33,5,1,2,00,2,1,1,200700034440B01,7,1,1
200700034446,2007-06-21,2007,juin,jeudi,19:00,13,13028,0,0,2,1,2,1,1,4,2,02,2,1,000,062,1,0,1,4,2,40,5,1,2,00,0,4,1,200700034446B01,1,1,1
200700034446,2007-06-21,2007,juin,jeudi,19:00,13,13028,0,0,2,1,2,1,1,4,2,02,2,1,000,062,1,0,1,1,1,42,5,1,2,00,0,0,1,200700034446C01,1,1,1
200700034481,2007-06-02,2007,juin,samedi,90:0,13,13055,0,0,2,2,3,1,1,4,-1,01,1,1,000,000,1,0,4,4,1,36,0,1,9,00,0,0,0,200700034481B01,7,1,1
200700034528,2007-06-08,2007,juin,vendredi,20:15,13,13055,0,0,2,1,6,1,1,3,2,02,1,-1,000,000,1,0,1,4,1,39,0,1,9,00,0,0,0,200700034528A01,7,15,1
200700034529,2007-06-08,2007,juin,vendredi,12:05,13,13055,0,0,2,1,6,1,1,4,2,02,1,3,000,065,1,0,5,4,1,31,1,1,9,00,0,8,2,200700034529B01,10,2,1
200700034561,2007-06-16,2007,juin,samedi,19:15,13,13055,0,0,2,1,1,1,1,4,2,02,2,1,000,100,1,0,1,4,1,23,0,1,9,00,2,0,15,200700034561B01,7,1,1
200700034704,2007-06-20,2007,juin,mercredi,10:45,13,13055,0,0,2,1,6,1,1,4,2,05,2,1,000,000,1,0,1,1,1,15,0,1,9,00,1,0,0,200700034704A01,,,
200700034719,2007-06-27,2007,juin,mercredi,13:00,13,13055,0,0,2,6,3,1,1,3,2,04,1,1,000,000,1,0,1,4,1,16,2,1,2,00,2,1,16,200700034719B01,7,1,1
200700034728,2007-06-08,2007,juin,vendredi,17:40,13,13055,0,0,2,1,2,1,1,4,2,02,1,1,000,053,1,0,1,4,2,27,0,1,9,00,0,0,17,200700034728B01,30,2,1
200700034731,2007-06-15,2007,juin,vendredi,21:45,13,13055,0,0,2,1,2,5,1,4,2,01,1,-1,000,060,1,0,1,4,1,18,5,1,9,00,2,1,2,200700034731A01,7,15,1
200700034760,2007-06-07,2007,juin,jeudi,10:30,13,13077,0,0,2,1,3,1,1,4,2,02,1,1,000,048,1,5,1,3,1,14,5,1,2,00,2,1,6,200700034760A01,7,15,1
200700034762,2007-06-19,2007,juin,mardi,17:00,13,13077,0,0,2,1,6,1,1,4,2,02,1,1,000,000,1,0,1,4,1,7,5,1,2,00,2,2,19,200700034762B01,7,1,1
200700034784,2007-06-17,2007,juin,dimanche,11:50,13,13117,0,0,1,1,2,1,1,3,3,04,2,1,000,060,1,2,2,4,1,61,0,1,2,00,2,4,0,200700034784A01,7,0,1
200700034786,2007-06-20,2007,juin,mercredi,18:20,13,13071,0,0,2,6,3,1,1,2,1,01,1,2,000,056,1,0,1,4,1,54,1,1,9,00,2,1,1,200700034786B01,7,9,1
200700034791,2007-06-26,2007,juin,mardi,18:15,13,13117,0,0,2,1,3,1,1,4,2,02,2,1,000,000,1,0,1,4,1,26,0,1,9,00,2,1,9,200700034791B01,7,1,1
200700034828,2007-06-22,2007,juin,vendredi,12:30,17,17299,0,0,1,1,7,1,1,3,3,04,2,1,012,150,1,2,5,4,1,20,5,1,2,14,0,1,1,200700034828A01,,,
200700034835,2007-06-06,2007,juin,mercredi,13:25,17,17028,0,0,2,1,3,1,1,4,2,02,1,1,000,000,1,0,4,4,1,15,0,1,2,00,2,1,1,200700034835B01,7,1,1
200700034838,2007-06-07,2007,juin,jeudi,14:50,17,17200,0,0,2,2,3,1,1,4,2,02,1,1,000,060,1,0,1,4,2,26,5,1,9,00,2,1,1,200700034838A01,7,1,1
200700034842,2007-06-10,2007,juin,dimanche,10:26,17,17300,0,0,2,1,1,1,1,4,2,00,2,1,000,000,1,2,5,4,1,38,5,1,9,00,2,1,1,200700034842A01,1,1,1
200700034842,2007-06-10,2007,juin,dimanche,10:26,17,17300,0,0,2,1,1,1,1,4,2,00,2,1,000,000,1,2,5,4,1,53,5,1,9,00,2,1,1,200700034842B01,1,1,1
200700034852,2007-06-21,2007,juin,jeudi,84:7,17,17300,0,0,2,1,6,1,1,4,2,02,1,1,000,065,1,0,1,4,2,21,0,1,9,00,2,0,19,200700034852A01,7,1,1
200700034856,2007-06-23,2007,juin,samedi,15:50,17,17300,0,0,2,1,1,1,1,4,2,02,1,1,000,000,1,0,0,4,1,17,0,1,2,00,2,2,1,200700034856B01,7,20,1
200700034858,2007-06-24,2007,juin,dimanche,17:15,17,17300,0,0,2,1,3,1,1,4,2,02,1,1,000,060,1,0,1,4,1,21,0,1,9,00,2,1,9,200700034858A01,7,1,1
200700034859,2007-06-25,2007,juin,lundi,16:40,17,17300,0,0,2,2,3,1,1,4,2,02,1,1,000,060,1,0,1,4,1,25,5,1,9,00,2,7,19,200700034859A01,7,1,1
200700034868,2007-06-09,2007,juin,samedi,22:15,17,17300,0,0,2,1,6,5,1,4,-1,01,1,1,000,000,1,0,1,1,1,33,5,1,2,00,1,1,13,200700034868A01,,,
200700034882,2007-06-10,2007,juin,dimanche,92:0,17,17415,0,0,2,1,6,1,1,3,2,02,1,1,000,090,1,0,1,4,1,65,0,1,2,00,2,8,17,200700034882B01,7,17,1
200700034896,2007-06-15,2007,juin,vendredi,11:15,18,18033,0,0,2,1,2,1,1,4,3,02,1,1,000,000,1,0,1,4,1,29,0,1,9,00,2,6,9,200700034896A01,7,1,1
200700034917,2007-06-22,2007,juin,vendredi,23:10,19,19031,0,0,2,1,2,5,1,2,2,02,1,1,000,000,1,0,1,2,2,23,5,1,4,00,2,4,1,200700034917B01,7,14,1
200700034924,2007-06-09,2007,juin,samedi,10:15,21,21054,0,0,2,1,2,1,1,4,2,02,1,1,000,077,1,0,1,4,1,52,5,1,2,00,2,1,1,200700034924A01,7,16,1
200700034927,2007-06-18,2007,juin,lundi,15:30,21,21054,0,0,2,2,3,1,1,4,2,03,1,1,000,000,1,0,1,3,1,74,5,1,9,00,2,8,1,200700034927B01,15,1,1
200700034940,2007-06-13,2007,juin,mercredi,11:40,21,21231,0,0,2,1,2,1,1,4,2,03,2,1,000,080,1,0,1,4,2,20,5,1,2,00,2,6,2,200700034940B01,7,2,1
200700034949,2007-06-20,2007,juin,mercredi,12:00,21,21166,0,0,2,2,3,1,1,2,3,05,1,1,000,160,1,5,1,1,1,26,1,1,2,00,2,1,1,200700034949A01,33,1,1
200700034950,2007-06-21,2007,juin,jeudi,14:23,21,21231,0,0,2,1,3,1,1,4,2,02,1,1,000,040,1,0,1,4,1,27,5,1,2,00,2,3,1,200700034950B01,7,17,1
200700034951,2007-06-21,2007,juin,jeudi,14:23,21,21166,0,0,2,1,3,1,1,2,3,04,1,1,010,120,1,0,1,3,1,44,5,1,2,01,0,1,1,200700034951B01,7,24,1
200700034956,2007-06-27,2007,juin,mercredi,12:20,21,21231,0,0,2,2,3,1,1,4,2,02,1,1,000,080,1,5,1,4,1,52,4,1,2,00,2,2,1,200700034956B01,7,15,1
200700034967,2007-06-03,2007,juin,dimanche,90:0,22,22278,0,0,2,3,7,1,1,4,2,02,3,1,000,070,1,5,1,4,1,54,5,1,9,00,0,0,15,200700034967A01,,,
200700034975,2007-06-19,2007,juin,mardi,18:15,22,22278,0,0,2,1,6,1,1,4,2,03,2,1,000,117,1,5,1,4,2,38,1,1,4,14,0,3,18,200700034975B01,7,22,1
200700034988,2007-06-28,2007,juin,jeudi,15:00,24,24037,0,0,2,2,2,1,1,4,2,01,1,1,000,041,1,0,1,4,2,12,0,1,9,00,0,4,11,200700034988B01,7,2,1
200700035006,2007-06-15,2007,juin,vendredi,18:30,25,25056,0,0,2,1,3,2,1,4,2,02,-1,-1,000,000,-1,0,1,4,1,17,5,1,9,00,2,1,1,200700035006A01,7,1,1
200700035009,2007-06-19,2007,juin,mardi,22:25,25,25056,0,0,2,1,6,5,1,4,3,04,1,1,000,000,1,0,1,4,1,12,5,1,4,00,0,1,1,200700035009B01,7,9,1
200700035030,2007-06-29,2007,juin,vendredi,22:25,26,26281,0,0,2,3,6,5,1,4,2,02,2,1,000,042,1,0,0,4,1,20,5,1,9,00,0,3,15,200700035030B01,7,15,1
200700035051,2007-06-09,2007,juin,samedi,16:30,27,27375,0,0,2,9,3,1,1,4,1,01,1,1,000,038,1,0,0,3,1,14,5,1,9,00,2,0,1,200700035051A01,7,1,1
200700035107,2007-06-01,2007,juin,vendredi,10:16,30,30028,0,0,2,9,7,1,1,4,2,02,1,1,000,080,1,0,1,4,1,39,1,1,2,00,0,0,2,200700035107B01,10,2,1
200700035121,2007-06-02,2007,juin,samedi,11:57,30,30189,0,0,2,1,6,1,6,4,1,01,1,1,000,000,1,0,1,4,1,40,5,1,2,00,0,0,1,200700035121B01,7,22,1
200700035139,2007-06-19,2007,juin,mardi,83:4,30,30189,0,0,2,3,7,1,1,3,2,02,-1,1,000,000,1,0,1,3,2,54,1,1,2,00,0,0,1,200700035139B01,7,15,1
200700035143,2007-06-22,2007,juin,vendredi,83:6,30,30189,43.85414,4.38113,2,2,3,1,1,4,2,01,1,1,000,054,1,0,1,3,1,57,9,1,2,00,2,8,1,200700035143B01,7,1,1
200700035180,2007-06-04,2007,juin,lundi,72:0,31,31555,0,0,2,1,6,1,1,4,2,04,1,1,000,120,1,0,1,3,1,27,1,1,9,00,2,1,1,200700035180A01,7,2,1
200700035184,2007-06-05,2007,juin,mardi,71:5,31,31555,0,0,2,3,3,1,1,4,1,04,1,1,000,137,1,0,1,3,1,16,2,1,9,00,2,1,1,200700035184B01,7,1,1
200700035186,2007-06-06,2007,juin,mercredi,85:0,31,31555,0,0,2,1,3,1,1,4,1,03,1,1,000,096,1,0,1,3,1,35,1,1,9,01,2,2,1,200700035186B01,7,22,1
200700035188,2007-06-06,2007,juin,mercredi,19:35,31,31555,0,0,2,3,3,1,1,4,2,02,1,1,000,061,1,0,1,4,1,42,5,1,9,00,2,1,1,200700035188A01,7,15,1
200700035191,2007-06-08,2007,juin,vendredi,90:5,31,31555,0,0,2,3,3,1,1,4,1,01,2,1,000,030,1,0,1,3,1,17,2,1,9,00,2,3,15,200700035191A01,1,1,1
200700035191,2007-06-08,2007,juin,vendredi,90:5,31,31555,0,0,2,3,3,1,1,4,1,01,2,1,000,030,1,0,1,3,1,14,0,1,9,00,2,2,1,200700035191B01,1,15,1
200700035212,2007-06-16,2007,juin,samedi,92:0,31,31555,0,0,2,1,6,1,1,4,2,04,1,1,000,130,1,0,1,1,1,33,5,1,9,00,1,1,14,200700035212A01,,,
200700035215,2007-06-18,2007,juin,lundi,16:20,31,31555,0,0,2,1,6,1,1,4,1,02,1,1,000,060,1,0,1,3,2,52,0,0,0,00,1,1,1,200700035215A01,,,
200700035241,2007-06-25,2007,juin,lundi,21:20,31,31555,0,0,2,1,3,1,1,4,2,02,1,1,000,069,1,0,1,3,1,12,5,1,9,00,2,1,19,200700035241A01,7,1,1
200700035247,2007-06-27,2007,juin,mercredi,80:5,31,31555,0,0,2,1,6,1,1,4,1,03,1,1,000,090,1,0,1,3,1,25,4,1,9,00,2,8,1,200700035247B01,14,16,1
200700035250,2007-06-28,2007,juin,jeudi,12:20,31,31555,0,0,2,1,6,1,1,4,2,02,2,3,000,060,1,0,1,3,1,22,4,1,9,01,0,1,1,200700035250B01,7,22,1
200700035262,2007-06-19,2007,juin,mardi,73:0,31,31557,0,0,2,6,2,1,1,3,1,02,1,2,000,077,1,0,1,4,1,18,1,1,2,00,2,5,1,200700035262B01,7,9,1
200700035271,2007-06-07,2007,juin,jeudi,16:15,33,33009,0,0,2,1,3,1,1,4,2,03,1,1,000,090,1,0,5,4,1,17,5,1,9,00,2,1,1,200700035271A01,7,1,1
200700035278,2007-06-01,2007,juin,vendredi,18:15,33,33063,0,0,2,2,1,1,1,4,2,02,1,1,000,000,1,0,1,4,1,18,0,1,2,00,2,1,19,200700035278A01,10,1,1
200700035285,2007-06-06,2007,juin,mercredi,95:5,33,33063,0,0,2,1,2,1,1,4,2,02,1,1,000,095,1,0,1,4,1,43,0,1,2,01,0,0,1,200700035285B01,7,22,1
200700035298,2007-06-11,2007,juin,lundi,13:49,33,33063,0,0,2,2,3,1,1,4,2,05,1,1,000,000,1,0,1,4,1,37,1,1,2,00,2,1,1,200700035298B01,7,15,1
200700035318,2007-06-13,2007,juin,mercredi,73:5,33,33063,0,0,2,6,3,2,2,4,2,02,1,1,000,000,2,0,1,4,1,31,1,1,2,00,0,7,19,200700035318B01,7,1,1
200700035319,2007-06-13,2007,juin,mercredi,17:21,33,33063,0,0,2,2,3,1,1,4,2,03,1,1,000,134,1,0,1,4,2,46,0,1,2,00,2,1,1,200700035319A01,7,1,1
200700035344,2007-06-19,2007,juin,mardi,21:45,33,33167,0,0,2,3,3,1,1,4,2,02,1,1,000,060,1,0,1,4,1,13,9,1,2,00,2,1,1,200700035344A01,7,1,1
200700035345,2007-06-19,2007,juin,mardi,18:00,33,33063,0,0,2,1,3,1,1,4,1,01,1,1,000,030,1,4,1,3,2,45,0,1,2,01,0,1,1,200700035345B01,10,22,1
200700035349,2007-06-19,2007,juin,mardi,22:30,33,33063,0,0,2,1,3,5,8,4,2,02,1,1,000,116,1,0,1,4,2,34,0,1,2,01,0,1,1,200700035349B01,10,22,1
200700035351,2007-06-12,2007,juin,mardi,20:20,33,33192,0,0,2,2,3,1,1,2,3,03,1,1,000,000,1,0,1,4,1,31,0,1,2,00,2,1,1,200700035351B01,7,15,1
200700035364,2007-06-22,2007,juin,vendredi,19:50,33,33063,0,0,1,1,3,1,1,6,2,02,1,1,000,069,1,0,1,4,1,10,0,0,0,00,2,1,1,200700035364B01,7,1,1
200700035367,2007-06-21,2007,juin,jeudi,11:55,33,33069,0,0,2,1,3,1,1,4,2,02,1,1,000,054,1,0,1,4,2,61,0,1,2,01,0,0,1,200700035367B01,7,22,1
200700035373,2007-06-22,2007,juin,vendredi,54:,33,33063,0,0,2,1,2,5,1,4,2,02,1,1,000,070,1,0,1,4,1,20,5,1,9,00,0,4,1,200700035373B01,7,2,1
200700035375,2007-06-25,2007,juin,lundi,15:40,33,33063,0,0,2,2,3,1,1,4,2,02,1,1,000,070,1,0,1,4,2,17,9,1,2,00,2,1,1,200700035375A01,7,1,1
200700035377,2007-06-25,2007,juin,lundi,18:00,33,33063,0,0,2,6,3,1,1,4,2,02,1,3,000,000,1,0,1,4,1,16,0,1,2,00,2,1,16,200700035377A01,7,1,1
200700035382,2007-06-21,2007,juin,jeudi,23:10,33,33550,0,0,2,1,6,5,1,4,2,02,1,1,000,000,1,0,1,3,1,17,5,1,2,00,2,0,1,200700035382B01,7,0,1
200700035384,2007-06-14,2007,juin,jeudi,19:50,33,33281,0,0,2,3,3,1,1,4,2,02,1,1,000,088,1,0,5,4,1,27,0,1,2,00,2,1,1,200700035384B01,7,15,1
200700035389,2007-06-22,2007,juin,vendredi,84:5,33,33069,0,0,2,4,3,1,3,4,2,03,1,1,000,150,1,0,1,4,2,27,0,1,2,00,2,1,18,200700035389A01,7,15,1
200700035405,2007-06-20,2007,juin,mercredi,22:10,33,33243,0,0,2,1,6,5,2,4,1,02,1,1,098,062,1,0,1,1,1,21,9,1,2,00,1,0,0,200700035405A01,,,
200700035433,2007-06-01,2007,juin,vendredi,75:5,34,34172,0,0,2,3,3,1,1,4,2,05,1,1,050,160,1,5,1,1,1,19,0,1,9,00,2,7,1,200700035433B01,33,1,1
200700035437,2007-06-02,2007,juin,samedi,92:3,34,34172,43.60833,3.86856,2,1,6,1,1,4,2,04,1,1,000,140,1,0,1,4,1,21,5,1,2,00,1,1,19,200700035437A01,,,
200700035461,2007-06-14,2007,juin,jeudi,95:0,34,34172,0,0,2,3,3,1,1,4,2,03,1,1,000,090,1,0,1,4,2,18,5,1,2,00,2,1,5,200700035461A01,20,1,1
200700035502,2007-06-01,2007,juin,vendredi,75:5,35,35055,0,0,2,6,3,1,1,4,-1,02,1,2,000,000,-1,0,1,3,1,50,1,1,2,00,2,4,1,200700035502B01,7,9,1
200700035512,2007-06-08,2007,juin,vendredi,15:00,35,35238,0,0,2,2,3,1,1,4,2,00,2,1,000,000,1,0,1,4,1,61,9,1,2,00,2,3,1,200700035512B01,7,16,1
200700035527,2007-06-20,2007,juin,mercredi,17:20,35,35238,0,0,2,1,3,2,1,4,1,02,3,2,000,000,1,1,1,4,2,29,5,1,2,00,2,7,1,200700035527B01,7,9,1
200700035537,2007-06-25,2007,juin,lundi,17:05,35,35238,0,0,2,1,7,1,2,4,-1,00,-1,-1,000,000,-1,0,1,3,1,11,0,1,2,12,0,1,0,200700035537A01,,,
200700035542,2007-06-29,2007,juin,vendredi,14:00,35,35238,0,0,2,2,3,1,8,4,2,02,1,1,000,600,1,0,5,4,1,15,2,1,2,00,2,1,1,200700035542B01,7,22,1
200700035568,2007-06-08,2007,juin,vendredi,43:0,37,37261,0,0,2,2,3,2,1,2,2,02,1,1,000,064,1,0,1,3,1,18,1,1,2,00,2,5,1,200700035568B01,7,1,1
200700035578,2007-06-03,2007,juin,dimanche,25:,38,38516,0,0,2,1,3,5,1,2,3,06,1,1,000,000,1,3,1,3,1,18,0,1,9,00,2,7,15,200700035578B01,7,1,1
200700035587,2007-06-10,2007,juin,dimanche,13:15,38,38421,0,0,2,3,3,1,1,3,2,02,1,1,000,065,1,0,1,4,1,64,0,1,9,00,2,1,1,200700035587B01,7,16,1
200700035591,2007-06-14,2007,juin,jeudi,10:20,38,38151,0,0,2,1,3,1,1,4,2,05,1,1,000,200,1,0,5,4,1,70,0,1,9,00,2,1,1,200700035591B01,7,16,1
200700035598,2007-06-17,2007,juin,dimanche,17:45,38,38151,0,0,2,1,1,1,1,5,-1,00,-1,-1,000,000,-1,0,0,4,2,5,5,1,9,00,2,1,23,200700035598B01,30,1,1
200700035601,2007-06-21,2007,juin,jeudi,75:2,38,38185,0,0,2,2,3,1,2,3,2,02,1,1,000,065,2,0,1,4,1,46,1,1,9,00,2,1,1,200700035601B01,7,16,1
200700035607,2007-06-28,2007,juin,jeudi,13:00,38,38169,0,0,2,2,3,1,1,3,2,02,1,1,000,065,-1,0,5,4,1,36,0,1,9,00,2,1,1,200700035607B01,7,15,1
200700035616,2007-06-13,2007,juin,mercredi,13:30,39,39198,0,0,2,1,6,1,1,4,2,02,1,3,000,059,1,0,1,3,1,64,5,1,9,00,2,2,1,200700035616B01,7,17,1
200700035626,2007-06-04,2007,juin,lundi,14:50,41,41018,0,0,2,1,3,1,1,2,2,03,1,1,000,000,1,0,1,4,2,21,1,1,9,00,2,7,19,200700035626B01,7,1,1
200700035637,2007-06-27,2007,juin,mercredi,95:3,41,41018,0,0,2,7,3,1,1,4,2,02,1,1,000,000,1,0,5,4,1,74,0,1,9,00,2,7,1,200700035637B01,7,9,1
200700035655,2007-06-06,2007,juin,mercredi,15:50,42,42187,0,0,2,2,3,1,1,9,2,02,1,1,000,060,1,0,1,4,2,31,9,1,9,00,2,1,1,200700035655B01,7,19,1
200700035664,2007-06-17,2007,juin,dimanche,13:10,42,42187,0,0,2,1,3,1,1,9,1,01,1,1,000,050,1,0,1,4,1,23,0,1,9,00,2,7,0,200700035664B01,7,1,1
200700035701,2007-06-05,2007,juin,mardi,18:45,43,43046,0,0,2,1,6,1,1,9,-1,01,1,1,000,020,1,0,0,4,1,51,5,0,0,00,1,3,0,200700035701A01,,,
200700035701,2007-06-05,2007,juin,mardi,18:45,43,43046,0,0,2,1,6,1,1,9,-1,01,1,1,000,020,1,0,0,1,1,35,5,1,2,00,1,3,0,200700035701A01,,,
200700035707,2007-06-30,2007,juin,samedi,11:45,43,43157,0,0,2,1,6,1,1,4,2,02,1,1,000,064,1,0,1,4,1,18,3,1,2,00,2,1,9,200700035707B01,7,1,1
200700035712,2007-06-19,2007,juin,mardi,11:50,44,44132,0,0,2,1,6,1,1,4,2,02,1,1,000,070,1,0,1,4,2,56,5,1,2,00,2,4,2,200700035712B01,2,2,1
200700035730,2007-06-08,2007,juin,vendredi,12:55,44,44109,0,0,2,3,3,1,1,4,2,03,1,1,000,110,1,0,1,3,1,27,9,0,0,00,2,1,15,200700035730A01,7,1,1
200700035738,2007-06-15,2007,juin,vendredi,12:50,44,44109,0,0,2,1,6,1,2,6,-1,01,1,1,000,040,2,0,1,4,2,24,9,1,9,00,2,1,1,200700035738A01,7,20,1
200700035741,2007-06-14,2007,juin,jeudi,18:05,44,44190,0,0,2,1,6,1,2,4,2,02,1,1,000,130,2,0,1,4,1,19,5,1,9,00,2,1,1,200700035741B01,7,15,1
200700035747,2007-06-20,2007,juin,mercredi,10:50,44,44109,0,0,2,1,7,1,1,4,2,02,1,1,000,075,1,0,1,3,2,61,0,0,0,00,0,1,0,200700035747A01,,,
200700035753,2007-06-21,2007,juin,jeudi,82:5,44,44109,0,0,2,1,6,1,1,4,2,00,1,1,000,060,1,0,0,4,1,46,1,1,9,00,2,1,1,200700035753A01,7,0,1
200700035771,2007-06-11,2007,juin,lundi,13:35,44,44184,0,0,2,3,3,1,1,4,1,01,2,1,000,000,1,0,1,4,1,12,2,1,9,00,2,1,19,200700035771B01,7,16,1
200700035773,2007-06-13,2007,juin,mercredi,17:45,44,44184,0,0,2,3,3,1,1,4,2,02,1,1,000,000,1,0,1,4,1,14,5,1,9,00,2,1,0,200700035773A01,7,1,1
200700035780,2007-06-30,2007,juin,samedi,14:56,44,44184,0,0,2,1,7,1,1,3,2,02,2,4,000,000,1,0,1,4,1,20,5,1,9,01,0,2,14,200700035780A01,,,
200700035785,2007-06-01,2007,juin,vendredi,95:5,45,45285,0,0,2,1,6,1,1,6,1,02,1,1,000,068,1,0,1,3,2,88,3,1,2,00,2,8,19,200700035785B01,7,1,1
200700035793,2007-06-19,2007,juin,mardi,84:9,45,45274,0,0,1,1,3,1,1,4,2,02,1,3,000,057,2,0,1,4,2,65,1,1,2,00,2,8,1,200700035793B01,7,17,1
200700035795,2007-06-19,2007,juin,mardi,19:15,45,45234,0,0,2,2,3,1,3,4,1,01,1,1,000,060,2,0,1,4,1,17,0,1,2,00,2,0,1,200700035795A01,7,1,1
200700035812,2007-06-16,2007,juin,samedi,11:50,47,47001,0,0,2,1,6,1,1,3,2,02,1,1,000,062,1,6,4,1,1,13,5,1,9,00,1,1,1,200700035812A01,,,
200700035838,2007-06-11,2007,juin,lundi,16:05,49,49007,0,0,2,1,7,1,1,4,2,02,1,1,000,070,1,0,1,4,1,30,0,1,2,00,0,7,1,200700035838A01,,,
200700035842,2007-06-12,2007,juin,mardi,18:22,49,49353,0,0,2,6,3,1,1,4,2,02,1,1,000,070,1,0,0,4,2,49,0,1,9,00,2,0,1,200700035842B01,7,9,1