Num_Acc,date,an,mois,jour,hrmn,dep,com,lat,long,agg,int,col,lum,atm,catr,circ,nbv,prof,plan,lartpc,larrout,surf,infra,situ,grav,sexe,age,trajet,secuexist,equipement,obs,obsm,choc,manv,vehiculeid,typevehicules,manoeuvehicules,numVehicules
200700035844,2007-06-11,2007,juin,lundi,17:58,49,49007,0,0,2,1,7,1,1,4,2,02,1,3,000,060,1,0,1,4,2,25,0,1,9,00,0,7,1,200700035844A01,,,
200700035845,2007-06-13,2007,juin,mercredi,93:0,49,49007,0,0,2,1,6,1,1,5,2,01,1,2,000,060,1,0,0,1,1,13,5,1,9,00,1,0,1,200700035845A01,,,
200700035845,2007-06-13,2007,juin,mercredi,93:0,49,49007,0,0,2,1,6,1,1,5,2,01,1,2,000,060,1,0,0,4,2,84,0,0,0,00,1,0,1,200700035845A01,,,
200700035848,2007-06-14,2007,juin,jeudi,13:16,49,49007,0,0,2,1,6,1,1,4,2,02,1,1,000,055,1,0,1,3,1,14,2,1,9,00,2,1,0,200700035848A01,7,20,1
200700035849,2007-06-15,2007,juin,vendredi,95:0,49,49007,0,0,2,1,7,1,1,4,2,04,1,1,020,120,-1,0,1,4,2,21,0,1,9,00,0,0,0,200700035849A01,,,
200700035854,2007-06-16,2007,juin,samedi,14:56,49,49007,0,0,2,6,6,1,1,4,2,02,1,1,000,110,1,0,1,4,2,52,0,1,9,00,2,1,1,200700035854B01,30,9,1
200700035859,2007-06-22,2007,juin,vendredi,17:02,49,49007,0,0,2,1,3,1,1,4,2,02,2,1,000,060,2,0,1,4,1,13,5,1,9,00,2,0,0,200700035859B01,7,0,1
200700035869,2007-06-29,2007,juin,vendredi,15:40,49,49007,0,0,2,1,7,1,1,9,-1,00,1,-1,000,000,1,0,0,3,1,13,5,1,9,00,0,0,1,200700035869A01,,,
200700035885,2007-06-08,2007,juin,vendredi,95:5,50,50602,0,0,1,1,7,1,1,9,2,02,1,1,000,000,1,0,1,3,1,57,5,1,2,00,1,1,1,200700035885B01,,,
200700035895,2007-06-21,2007,juin,jeudi,18:50,50,50129,0,0,2,9,3,1,2,6,1,00,1,1,000,000,2,0,1,3,1,48,1,1,2,00,2,8,1,200700035895A01,7,1,1
200700035908,2007-06-20,2007,juin,mercredi,15:55,51,51573,0,0,2,3,3,1,1,4,2,02,1,1,000,070,1,5,0,4,1,13,5,1,9,00,2,7,19,200700035908A01,7,1,1
200700035915,2007-06-10,2007,juin,dimanche,14:25,52,52125,0,0,1,1,6,1,1,4,2,02,2,3,000,058,1,0,1,3,1,46,5,1,9,00,2,3,13,200700035915A01,10,21,1
200700035942,2007-06-06,2007,juin,mercredi,13:10,54,54578,0,0,2,1,3,1,1,4,1,01,4,1,000,061,1,0,1,4,1,12,5,1,9,00,2,7,19,200700035942B01,7,1,1
200700035964,2007-06-14,2007,juin,jeudi,70:5,54,54395,0,0,2,1,3,1,1,4,2,02,1,1,000,060,1,0,1,4,1,15,2,1,4,01,0,1,1,200700035964B01,7,22,1
200700035969,2007-06-18,2007,juin,lundi,94:0,54,54395,0,0,2,1,6,1,1,4,-1,01,1,1,000,030,1,6,1,4,2,47,5,0,0,00,1,0,18,200700035969A01,,,
200700035969,2007-06-18,2007,juin,lundi,94:0,54,54395,0,0,2,1,6,1,1,4,-1,01,1,1,000,030,1,6,1,4,2,47,5,0,0,00,1,0,18,200700035969A01,,,
200700035972,2007-06-19,2007,juin,mardi,12:30,54,54395,0,0,2,1,3,1,1,4,1,03,1,2,000,130,1,0,1,4,1,31,5,0,0,00,2,1,5,200700035972A01,7,9,1
200700036007,2007-06-06,2007,juin,mercredi,19:15,56,56121,0,0,2,1,7,1,1,4,2,20,-1,-1,000,000,1,0,1,4,1,50,0,1,9,00,0,0,0,200700036007A01,,,
200700036015,2007-06-08,2007,juin,vendredi,13:31,56,56121,0,0,2,1,7,1,1,4,2,01,1,1,000,000,1,0,1,4,1,12,0,1,9,00,0,0,0,200700036015A01,,,
200700036018,2007-06-09,2007,juin,samedi,82:2,56,56121,0,0,2,6,3,1,1,9,2,02,1,1,000,000,1,0,1,4,2,46,5,1,2,00,2,8,1,200700036018B01,7,1,1
200700036020,2007-06-11,2007,juin,lundi,15:54,56,56162,0,0,2,1,3,1,1,9,2,02,1,1,000,000,1,0,1,4,1,14,5,1,9,00,2,8,0,200700036020A01,33,1,1
200700036031,2007-06-19,2007,juin,mardi,15:55,56,56162,0,0,1,1,3,1,1,9,2,02,1,1,000,000,1,0,1,4,2,17,5,1,2,00,2,0,13,200700036031B01,7,1,1
200700036042,2007-06-06,2007,juin,mercredi,15:00,56,56260,0,0,2,1,6,1,1,4,1,01,2,1,000,035,1,0,1,4,1,55,5,1,9,00,1,0,1,200700036042A01,,,
200700036042,2007-06-06,2007,juin,mercredi,15:00,56,56260,0,0,2,1,6,1,1,4,1,01,2,1,000,035,1,0,1,4,2,51,3,0,0,00,1,0,1,200700036042A01,,,
200700036044,2007-06-14,2007,juin,jeudi,15:50,56,56260,0,0,2,1,6,1,1,4,1,02,1,2,000,084,1,0,1,3,1,60,3,1,2,00,2,1,1,200700036044B01,7,16,1
200700036071,2007-06-21,2007,juin,jeudi,19:35,57,57463,0,0,2,3,6,1,8,4,4,03,1,3,028,123,1,0,1,4,2,13,0,1,9,00,2,7,19,200700036071B01,10,0,1
200700036109,2007-06-12,2007,juin,mardi,16:15,58,58194,0,0,2,1,7,1,1,4,1,01,1,1,000,000,1,0,1,4,2,23,0,1,9,00,0,0,0,200700036109A01,,,
200700036111,2007-06-06,2007,juin,mercredi,15:45,58,58194,0,0,2,1,6,1,1,9,-1,01,1,-1,000,000,1,6,0,1,1,11,2,1,2,00,1,1,2,200700036111A01,,,
200700036111,2007-06-06,2007,juin,mercredi,15:45,58,58194,0,0,2,1,6,1,1,9,-1,01,1,-1,000,000,1,6,0,4,2,90,5,0,0,00,1,1,2,200700036111A01,,,
200700036112,2007-06-13,2007,juin,mercredi,10:35,58,58194,0,0,2,1,6,1,1,4,2,01,1,1,000,056,1,0,1,4,2,35,4,1,9,01,2,6,0,200700036112B01,7,1,1
200700036124,2007-06-08,2007,juin,vendredi,14:15,59,59153,0,0,2,1,2,1,2,3,2,02,1,1,000,063,2,0,1,3,1,77,5,1,9,00,2,4,13,200700036124A01,2,1,1
200700036135,2007-06-21,2007,juin,jeudi,13:25,59,59183,0,0,2,1,6,1,1,4,2,02,1,1,000,076,-1,0,1,4,2,47,1,1,2,00,2,3,1,200700036135B01,7,10,1
200700036142,2007-06-01,2007,juin,vendredi,19:35,59,59009,0,0,2,1,6,1,1,4,2,02,1,1,000,054,1,0,1,4,1,10,9,1,2,00,2,1,19,200700036142B01,7,2,1
200700036148,2007-06-04,2007,juin,lundi,18:20,59,59009,0,0,2,2,3,1,1,3,3,05,1,1,012,102,1,0,1,4,1,28,1,1,9,00,2,0,1,200700036148B01,7,16,1
200700036154,2007-06-06,2007,juin,mercredi,15:20,59,59350,0,0,2,1,6,1,1,4,2,02,1,1,000,080,1,2,1,4,1,22,1,1,9,00,2,1,17,200700036154A01,7,1,1
200700036162,2007-06-06,2007,juin,mercredi,74:0,59,59009,0,0,2,2,6,1,1,4,3,03,1,1,015,093,1,0,1,3,2,24,4,1,9,00,2,1,15,200700036162A01,7,1,1
200700036167,2007-06-13,2007,juin,mercredi,16:15,59,59350,0,0,2,1,3,1,1,4,1,03,1,1,000,105,1,0,1,4,1,58,1,1,2,00,2,8,1,200700036167B01,7,15,1
200700036171,2007-06-15,2007,juin,vendredi,15:20,59,59350,0,0,2,1,3,1,1,4,1,01,1,1,000,050,1,0,1,4,2,20,5,1,2,00,2,1,1,200700036171B01,7,24,1
200700036220,2007-06-14,2007,juin,jeudi,81:5,59,59367,0,0,1,3,3,1,1,4,2,02,1,1,000,000,1,0,1,3,1,26,0,1,2,00,2,0,15,200700036220B01,7,2,1
200700036230,2007-06-16,2007,juin,samedi,16:10,59,59512,0,0,1,6,3,1,1,4,2,02,1,1,000,000,1,0,1,3,1,68,0,1,2,00,2,0,1,200700036230B01,7,17,1
200700036233,2007-06-20,2007,juin,mercredi,14:30,59,59650,0,0,2,1,3,1,1,4,2,02,1,1,000,000,1,0,1,3,1,17,9,1,2,00,2,0,1,200700036233B01,7,20,1
200700036239,2007-06-23,2007,juin,samedi,15:40,59,59512,0,0,2,1,3,1,1,4,2,02,1,1,000,000,1,0,1,3,1,10,5,1,2,01,2,0,19,200700036239B01,7,1,1
200700036242,2007-06-27,2007,juin,mercredi,11:40,59,59512,0,0,2,2,3,1,1,4,2,02,1,1,000,000,1,0,1,3,1,8,5,1,2,00,2,0,19,200700036242B01,7,1,1
200700036252,2007-06-30,2007,juin,samedi,90:0,59,59421,0,0,2,3,3,1,1,4,2,02,1,1,000,100,1,0,1,4,1,75,5,1,9,00,0,0,15,200700036252B01,7,20,1
200700036283,2007-06-02,2007,juin,samedi,12:45,62,62178,0,0,2,3,5,1,1,4,1,02,1,1,000,050,1,0,1,3,1,7,5,1,9,00,2,8,0,200700036283A01,7,1/0,2
200700036296,2007-06-06,2007,juin,mercredi,11:35,62,62249,0,0,2,1,3,1,1,4,2,02,1,1,000,060,1,0,1,3,2,18,5,1,9,00,2,0,19,200700036296A01,10,1,1
200700036307,2007-06-28,2007,juin,jeudi,17:10,62,62032,0,0,2,1,3,1,1,4,2,02,1,1,000,050,1,0,0,4,1,11,5,1,2,00,2,8,19,200700036307B01,7,1,1
200700036341,2007-06-15,2007,juin,vendredi,18:45,63,63113,0,0,2,1,6,1,1,4,2,01,1,1,000,100,1,0,1,1,1,6,0,1,2,00,1,1,1,200700036341A01,,,
200700036341,2007-06-15,2007,juin,vendredi,18:45,63,63113,0,0,2,1,6,1,1,4,2,01,1,1,000,100,1,0,1,4,2,43,0,0,0,00,1,1,1,200700036341A01,,,
200700036352,2007-06-23,2007,juin,samedi,12:50,63,63113,0,0,2,1,7,1,1,4,2,02,1,1,000,000,1,0,4,4,2,31,5,1,9,00,0,0,0,200700036352A01,,,
200700036360,2007-06-26,2007,juin,mardi,14:50,63,63014,0,0,2,1,3,1,1,4,2,02,1,1,000,062,1,0,1,4,1,12,5,1,2,00,2,8,0,200700036360B01,7,1,1
200700036372,2007-06-01,2007,juin,vendredi,18:10,64,64024,0,0,2,1,3,1,1,4,1,01,1,1,000,060,1,0,1,3,1,4,5,1,9,00,2,1,9,200700036372A01,7,1,1
200700036387,2007-06-23,2007,juin,samedi,20:5,64,64024,0,0,2,1,7,5,1,4,2,02,1,1,000,000,1,0,1,4,2,29,5,1,2,12,0,1,1,200700036387A01,,,
200700036399,2007-06-01,2007,juin,vendredi,19:20,64,64445,0,0,2,6,3,1,1,4,1,01,1,2,000,000,1,5,1,3,2,83,5,1,9,00,2,1,1,200700036399B01,7,16,1
200700036403,2007-06-04,2007,juin,lundi,13:35,64,64445,0,0,2,1,3,1,1,2,3,04,1,1,000,079,1,0,1,4,2,16,5,1,9,00,2,1,19,200700036403A01,7,1,1
200700036406,2007-06-08,2007,juin,vendredi,90:0,64,64445,0,0,2,1,6,1,1,4,1,01,1,1,000,060,1,0,1,1,1,15,1,1,9,00,1,1,1,200700036406A01,,,
200700036429,2007-06-08,2007,juin,vendredi,12:05,64,64260,0,0,2,3,1,1,1,3,2,02,2,1,000,085,1,0,1,4,1,33,5,1,2,00,2,1,1,200700036429B01,7,9,1
200700036435,2007-06-05,2007,juin,mardi,19:15,64,64483,0,0,1,1,3,1,1,3,2,02,1,1,000,070,1,0,1,4,1,60,5,1,2,00,2,0,0,200700036435B01,7,15,1
200700036449,2007-06-03,2007,juin,dimanche,19:10,65,65440,0,0,2,1,1,1,1,9,2,01,1,1,000,020,1,0,1,1,2,42,5,0,0,00,0,1,1,200700036449B01,1,13,1
200700036449,2007-06-03,2007,juin,dimanche,19:10,65,65440,0,0,2,1,1,1,1,9,2,01,1,1,000,020,1,0,1,3,1,55,5,0,0,00,2,1,13,200700036449A01,1,1,1
200700036452,2007-06-05,2007,juin,mardi,18:20,65,65047,0,0,1,1,2,1,1,2,2,03,1,1,000,100,1,0,1,3,1,71,9,1,2,01,0,1,2,200700036452B01,17,0,1
200700036481,2007-06-02,2007,juin,samedi,18:47,67,67462,0,0,1,1,6,1,9,3,2,02,1,1,000,065,1,0,5,4,1,56,5,1,2,00,1,1,2,200700036481A01,,,
200700036481,2007-06-02,2007,juin,samedi,18:47,67,67462,0,0,1,1,6,1,9,3,2,02,1,1,000,065,1,0,5,3,2,68,5,0,0,00,1,1,2,200700036481A01,,,
200700036485,2007-06-01,2007,juin,vendredi,18:45,67,67218,0,0,2,3,3,1,1,4,3,02,2,2,015,090,1,0,1,4,1,28,0,1,9,00,9,1,1,200700036485B01,30,15,1
200700036493,2007-06-05,2007,juin,mardi,12:08,67,67482,0,0,2,1,6,1,1,4,2,02,1,1,015,075,1,0,1,4,2,15,2,1,9,00,2,5,19,200700036493A01,7,1,1
200700036497,2007-06-07,2007,juin,jeudi,16:45,67,67482,0,0,2,9,6,1,1,9,2,01,1,3,000,000,1,0,5,1,1,16,0,1,9,00,0,0,0,200700036497A01,,,
200700036497,2007-06-07,2007,juin,jeudi,16:45,67,67482,0,0,2,9,6,1,1,9,2,01,1,3,000,000,1,0,5,4,1,4,0,0,0,00,0,0,0,200700036497A01,,,
200700036502,2007-06-09,2007,juin,samedi,94:5,67,67482,0,0,2,1,6,1,1,4,2,02,1,1,000,120,1,0,5,4,1,20,5,1,9,01,0,1,1,200700036502B01,10,22,1
200700036512,2007-06-16,2007,juin,samedi,92:5,67,67482,0,0,2,1,6,1,1,4,2,02,1,1,000,060,1,0,5,4,1,41,5,1,9,00,1,1,1,200700036512A01,,,
200700036513,2007-06-16,2007,juin,samedi,19:55,67,67482,0,0,2,1,3,1,1,4,2,02,1,1,000,080,1,4,1,4,1,38,5,1,9,00,2,7,12,200700036513A01,7,1,1
200700036518,2007-06-18,2007,juin,lundi,22:30,67,67447,0,0,2,1,3,5,1,4,1,01,2,1,000,093,1,2,5,4,1,42,1,1,2,00,2,1,19,200700036518A01,7,1,1
200700036524,2007-06-21,2007,juin,jeudi,16:00,67,67482,0,0,2,2,3,1,1,4,2,02,1,1,110,030,1,0,1,4,2,22,0,1,2,00,0,8,19,200700036524B01,7,15,1
200700036526,2007-06-22,2007,juin,vendredi,14:10,67,67482,0,0,2,1,6,1,1,4,2,02,1,1,000,080,1,0,1,1,1,64,4,1,9,00,1,1,1,200700036526A01,,,
200700036528,2007-06-26,2007,juin,mardi,52:5,67,67482,0,0,2,1,2,2,2,4,-1,04,1,1,000,160,2,0,1,4,1,39,5,1,9,00,2,4,1,200700036528B01,7,1,1
200700036533,2007-06-10,2007,juin,dimanche,10:40,68,68066,0,0,2,2,3,1,2,3,2,03,1,1,000,095,1,0,1,4,2,16,5,1,9,00,2,1,15,200700036533B01,7,15,1
200700036540,2007-06-24,2007,juin,dimanche,17:15,68,68066,0,0,2,2,3,1,1,4,2,03,1,1,000,090,1,0,1,4,2,62,5,1,2,00,2,2,7,200700036540B01,1,1,1
200700036546,2007-06-09,2007,juin,samedi,16:00,68,68056,0,0,2,2,3,1,1,3,-1,02,2,1,025,116,1,5,1,3,1,51,0,1,9,00,2,2,6,200700036546B01,7,1,1
200700036547,2007-06-12,2007,juin,mardi,16:50,68,68224,0,0,2,3,6,1,1,4,2,02,1,1,000,000,1,5,1,4,1,31,0,1,9,00,2,0,2,200700036547B01,7,15,1
200700036551,2007-06-21,2007,juin,jeudi,20:05,68,68224,0,0,2,1,3,1,1,4,2,02,1,1,000,000,1,0,5,3,1,17,0,1,9,00,2,8,1,200700036551B01,7,9,1
200700036559,2007-06-13,2007,juin,mercredi,19:10,69,69034,0,0,2,1,6,1,1,4,2,02,1,1,000,078,1,0,1,4,1,30,5,1,9,00,2,1,1,200700036559B01,7,20,1
200700036560,2007-06-11,2007,juin,lundi,12:45,69,69034,0,0,2,1,6,1,3,4,2,02,1,1,000,060,2,0,1,3,2,45,4,1,4,00,9,1,1,200700036560B01,7,22,1
200700036572,2007-06-14,2007,juin,jeudi,18:30,69,69259,0,0,2,3,1,1,1,4,2,02,-1,-1,000,066,-1,0,1,4,2,31,5,1,2,00,2,1,19,200700036572B01,10,16,1
200700036588,2007-06-13,2007,juin,mercredi,18:30,69,69266,0,0,2,1,6,1,1,4,2,02,1,1,000,120,1,0,1,4,1,17,5,1,9,00,2,1,1,200700036588B01,7,22,1
200700036588,2007-06-13,2007,juin,mercredi,18:30,69,69266,0,0,2,1,6,1,1,4,2,02,1,1,000,120,1,0,1,4,1,17,5,1,9,00,2,1,1,200700036588C01,7,22,1
200700036599,2007-06-09,2007,juin,samedi,91:0,69,69290,0,0,2,1,3,1,1,4,2,02,1,1,000,065,1,0,1,4,2,20,4,1,9,00,2,1,19,200700036599A01,7,1,1
200700036633,2007-06-13,2007,juin,mercredi,91:5,72,72181,0,0,1,1,3,1,1,9,2,02,2,1,000,105,1,0,1,2,1,40,5,1,2,00,0,1,1,200700036633B01,7,16,1
200700036649,2007-06-18,2007,juin,lundi,12:10,72,72181,0,0,2,3,1,1,1,9,1,02,1,1,000,120,1,0,1,3,2,18,1,1,2,00,2,1,1,200700036649A01,7,16,1
200700036654,2007-06-21,2007,juin,jeudi,14:00,72,72181,0,0,2,1,3,1,1,9,2,01,1,1,000,000,1,0,1,4,1,53,9,1,2,00,0,7,1,200700036654B01,7,4,1
200700036661,2007-06-27,2007,juin,mercredi,13:45,72,72181,0,0,2,2,2,1,1,9,1,01,2,1,000,070,1,0,1,4,2,11,0,1,2,00,0,4,1,200700036661B01,7,16,1
200700036670,2007-06-23,2007,juin,samedi,10:15,73,73008,0,0,2,1,2,1,1,4,1,02,1,2,340,080,1,5,1,4,1,55,5,1,2,00,0,6,13,200700036670B01,7,14,1
200700036677,2007-06-15,2007,juin,vendredi,15:25,74,74010,0,0,2,1,6,1,1,4,1,02,1,1,025,066,1,0,1,1,2,21,4,1,9,00,1,1,1,200700036677A01,,,
200700036694,2007-06-02,2007,juin,samedi,10:45,75,75016,0,0,2,1,6,1,1,4,2,02,1,1,000,060,1,0,1,4,1,58,5,0,0,00,1,1,1,200700036694A01,,,
200700036703,2007-06-01,2007,juin,vendredi,12:45,75,75015,0,0,2,2,2,1,1,4,1,01,1,1,000,030,1,0,1,4,2,60,5,0,0,00,2,1,1,200700036703B01,7,4,1
200700036736,2007-06-10,2007,juin,dimanche,16:20,75,75005,0,0,2,2,7,1,1,4,2,04,1,1,000,120,1,0,1,4,1,21,5,0,0,00,0,0,21,200700036736A01,,,
200700036738,2007-06-11,2007,juin,lundi,21:08,75,75005,0,0,2,1,3,1,1,4,2,02,1,1,000,060,1,0,1,4,2,19,5,0,0,00,2,2,1,200700036738B01,7,22,1
200700036752,2007-06-28,2007,juin,jeudi,13:40,76,76545,0,0,2,1,3,1,1,3,2,02,1,1,027,112,2,5,1,4,1,57,3,1,2,00,2,8,1,200700036752B01,37,17,1
200700036783,2007-06-16,2007,juin,samedi,19:30,76,76212,0,0,2,1,3,1,3,3,1,02,1,1,000,000,2,0,1,3,2,12,5,1,2,00,2,7,19,200700036783B01,7,1,1
200700036783,2007-06-16,2007,juin,samedi,19:30,76,76212,0,0,2,1,3,1,3,3,1,02,1,1,000,000,2,0,1,3,1,8,0,1,2,00,2,7,19,200700036783B01,7,1,1
200700036807,2007-06-22,2007,juin,vendredi,14:05,77,77152,0,0,2,3,3,1,2,3,2,02,1,1,022,110,2,5,1,4,1,13,5,1,9,00,2,1,1,200700036807B01,7,16,1
200700036819,2007-06-24,2007,juin,dimanche,13:35,77,77335,0,0,1,1,5,1,1,3,2,02,1,-1,000,070,1,0,1,4,1,17,9,1,2,00,2,1,2,200700036819F01,7,23,1
200700036819,2007-06-24,2007,juin,dimanche,13:35,77,77335,0,0,1,1,5,1,1,3,2,02,1,-1,000,070,1,0,1,4,1,18,9,1,2,01,0,1,1,200700036819B01,7,23,1
200700036819,2007-06-24,2007,juin,dimanche,13:35,77,77335,0,0,1,1,5,1,1,3,2,02,1,-1,000,070,1,0,1,4,1,18,9,1,2,00,2,1,2,200700036819G01,7,23,1
200700036819,2007-06-24,2007,juin,dimanche,13:35,77,77335,0,0,1,1,5,1,1,3,2,02,1,-1,000,070,1,0,1,4,1,17,9,1,2,00,2,1,2,200700036819C01,7,23,1
200700036819,2007-06-24,2007,juin,dimanche,13:35,77,77335,0,0,1,1,5,1,1,3,2,02,1,-1,000,070,1,0,1,4,1,17,9,1,2,00,2,1,2,200700036819D01,7,23,1
200700036819,2007-06-24,2007,juin,dimanche,13:35,77,77335,0,0,1,1,5,1,1,3,2,02,1,-1,000,070,1,0,1,4,1,18,9,1,2,00,2,1,2,200700036819E01,7,23,1
200700036834,2007-06-08,2007,juin,vendredi,17:00,77,77296,0,0,2,3,7,1,1,4,2,02,1,1,000,000,1,0,1,4,1,70,5,1,9,00,2,3,1,200700036834B01,7,13,1
200700036841,2007-06-09,2007,juin,samedi,18:35,77,77121,0,0,2,3,6,1,1,4,2,00,1,1,000,000,1,0,1,3,1,4,0,1,2,00,2,1,2,200700036841B01,7,2,1
200700036858,2007-06-29,2007,juin,vendredi,16:45,78,78172,0,0,2,1,2,1,1,4,2,02,1,1,000,025,1,0,1,4,1,18,0,1,9,00,2,1,2,200700036858A01,7,2,1
200700036876,2007-06-14,2007,juin,jeudi,18:50,78,78358,0,0,2,9,3,1,1,9,1,01,1,1,000,000,1,0,1,4,2,18,0,0,0,00,0,8,2,200700036876B01,7,2,1
200700036919,2007-06-10,2007,juin,dimanche,11:45,78,78551,0,0,1,1,6,1,1,3,-1,01,2,1,000,040,2,6,1,4,2,40,5,1,2,00,1,0,1,200700036919A01,,,
200700036926,2007-06-06,2007,juin,mercredi,13:25,78,78621,0,0,2,1,6,1,1,4,2,02,1,1,000,104,1,0,1,4,1,54,1,1,9,00,2,3,2,200700036926B01,7,2,1
200700036931,2007-06-17,2007,juin,dimanche,13:20,78,78640,0,0,2,9,6,1,1,4,1,01,1,1,000,000,1,0,1,1,1,32,5,1,9,00,1,1,1,200700036931A01,,,
200700036948,2007-06-28,2007,juin,jeudi,17:05,78,78146,0,0,2,1,6,1,1,4,2,02,1,1,000,070,1,0,1,4,2,55,5,1,9,01,0,1,1,200700036948B01,7,22,1
200700036959,2007-06-05,2007,juin,mardi,15:25,80,80021,0,0,2,1,7,1,1,4,1,01,1,1,000,030,1,0,1,4,2,24,0,1,9,01,0,1,1,200700036959B01,7,24,1
200700036960,2007-06-07,2007,juin,jeudi,19:15,80,80021,0,0,2,1,2,1,1,4,2,02,1,1,000,050,1,0,1,4,1,15,5,1,9,00,2,1,1,200700036960A01,7,1,1
200700036969,2007-06-12,2007,juin,mardi,17:40,80,80021,0,0,2,1,2,1,1,4,2,02,1,1,000,030,1,0,1,4,1,12,5,1,2,00,2,1,1,200700036969B01,7,0,1
200700036990,2007-06-20,2007,juin,mercredi,10:15,81,81065,0,0,2,1,2,1,1,4,1,01,1,1,000,000,1,0,1,3,1,69,0,1,9,00,2,1,2,200700036990B01,7,4,1
200700037000,2007-06-28,2007,juin,jeudi,13:55,82,82033,0,0,2,6,3,1,8,4,2,02,1,1,000,115,1,5,1,4,2,14,2,1,9,00,2,1,15,200700037000B01,7,9,1
200700037004,2007-06-20,2007,juin,mercredi,19:25,82,82121,0,0,1,2,3,1,1,4,2,02,1,4,000,000,1,0,1,4,1,13,5,1,2,00,2,8,15,200700037004B01,7,19,1
200700037008,2007-06-29,2007,juin,vendredi,16:46,82,82121,0,0,2,6,3,1,1,2,1,01,1,2,000,000,1,5,1,3,2,59,5,1,2,00,2,8,9,200700037008B01,7,9,1
200700037044,2007-06-02,2007,juin,samedi,15:40,83,83098,0,0,2,2,3,1,1,4,2,02,1,1,000,069,1,0,4,4,1,14,5,1,2,00,2,4,19,200700037044A01,7,23,1
200700037085,2007-06-03,2007,juin,dimanche,21:25,84,84007,0,0,2,1,6,5,1,4,2,02,1,1,000,050,1,0,1,4,1,58,9,0,0,01,0,1,14,200700037085A01,,,
200700037097,2007-06-27,2007,juin,mercredi,84:5,84,84007,0,0,2,1,3,1,1,4,2,02,1,1,000,080,1,0,1,3,1,75,5,1,9,00,2,8,15,200700037097B01,7,1,1
200700037107,2007-06-06,2007,juin,mercredi,92:5,85,85191,0,0,2,1,6,1,1,4,2,02,1,1,000,070,1,0,1,3,2,73,5,1,2,00,0,1,1,200700037107B01,7,9,1
200700037109,2007-06-18,2007,juin,lundi,12:25,85,85191,0,0,1,1,6,1,1,4,2,01,1,1,000,030,1,0,1,3,1,77,5,1,2,00,2,5,2,200700037109B01,7,17,1
200700037222,2007-06-21,2007,juin,jeudi,14:15,90,90010,0,0,2,2,3,1,1,4,3,02,1,1,000,000,1,0,1,3,1,18,5,1,9,00,2,8,19,200700037222A01,7,1,1
200700037225,2007-06-24,2007,juin,dimanche,15:04,90,90008,0,0,1,2,3,1,1,3,3,02,2,1,000,000,1,0,1,4,1,17,9,1,9,00,2,8,0,200700037225B01,7,0,1
200700037235,2007-06-14,2007,juin,jeudi,20:55,91,91097,0,0,2,1,6,2,1,4,2,02,1,1,020,020,1,0,1,1,2,38,0,1,9,00,1,1,1,200700037235A01,,,
200700037257,2007-06-06,2007,juin,mercredi,10:45,91,91433,0,0,1,1,7,1,1,2,2,02,2,3,000,000,1,0,1,2,1,51,5,1,2,00,0,1,1,200700037257A01,,,
200700037260,2007-06-11,2007,juin,lundi,83:0,91,91223,0,0,2,1,2,1,1,4,1,01,1,1,000,040,1,0,1,4,1,24,0,1,2,00,2,4,2,200700037260B01,7,2,1
200700037303,2007-06-15,2007,juin,vendredi,16:10,92,92002,0,0,2,3,6,1,1,4,1,02,1,1,000,066,1,0,1,3,2,62,9,1,2,00,2,0,0,200700037303B01,7,1,1
200700037304,2007-06-15,2007,juin,vendredi,17:30,92,92002,0,0,2,3,6,1,1,4,2,00,1,1,000,066,1,0,1,4,1,9,5,1,2,00,2,4,19,200700037304B01,7,1,1
200700037323,2007-06-27,2007,juin,mercredi,13:10,92,92004,0,0,2,2,3,1,1,4,1,01,1,-1,000,030,1,0,0,4,2,23,1,1,9,00,2,8,1,200700037323B01,7,1,1
200700037332,2007-06-02,2007,juin,samedi,19:45,92,92012,0,0,2,1,6,1,1,3,2,02,1,1,000,120,1,0,1,4,2,20,5,1,2,00,0,8,19,200700037332B01,7,2,1
200700037350,2007-06-13,2007,juin,mercredi,10:00,92,92032,0,0,2,1,3,1,1,4,2,02,1,1,000,035,1,0,1,3,1,7,5,1,2,00,2,8,19,200700037350B01,7,1,1
200700037367,2007-06-20,2007,juin,mercredi,12:25,92,92024,0,0,2,3,6,1,1,4,2,02,1,1,000,000,1,0,1,4,1,48,5,1,4,00,2,8,1,200700037367B01,7,1,1
200700037390,2007-06-06,2007,juin,mercredi,12:25,92,92035,0,0,2,1,6,1,1,3,2,02,1,1,000,000,1,0,1,4,1,60,0,1,2,01,0,1,1,200700037390B01,10,22,1
200700037404,2007-06-20,2007,juin,mercredi,13:25,92,92036,0,0,2,1,3,1,1,3,2,02,1,1,000,110,1,0,1,4,2,46,5,1,9,01,0,1,1,200700037404B01,7,22,1
200700037408,2007-06-29,2007,juin,vendredi,12:55,92,92036,0,0,2,1,3,1,1,3,2,02,1,2,000,070,1,0,1,4,1,22,5,1,9,00,2,1,19,200700037408A01,37,1,1
200700037433,2007-06-16,2007,juin,samedi,14:30,92,92020,0,0,2,2,3,1,1,3,2,02,1,1,000,000,1,0,1,4,1,29,5,1,9,00,0,0,1,200700037433B01,7,15,1
200700037447,2007-06-01,2007,juin,vendredi,11:52,92,92051,0,0,2,2,6,1,1,4,2,02,1,1,000,000,1,0,1,1,1,15,0,1,2,00,2,3,19,200700037447B01,7,15,1
200700037451,2007-06-10,2007,juin,dimanche,12:10,92,92051,0,0,2,1,6,1,1,4,2,02,1,1,000,100,1,0,1,1,1,61,0,1,2,00,1,1,1,200700037451A01,,,
200700037469,2007-06-01,2007,juin,vendredi,19:55,92,92063,0,0,2,1,2,2,1,3,2,01,1,1,000,000,2,0,0,4,2,51,5,1,9,00,2,4,2,200700037469B01,7,2,1
200700037482,2007-06-14,2007,juin,jeudi,14:15,92,92064,0,0,2,1,6,1,2,3,2,02,1,1,018,057,2,0,1,4,2,35,1,1,9,00,2,1,1,200700037482B01,7,10,1