Num_Acc,date,an,mois,jour,hrmn,dep,com,lat,long,agg,int,col,lum,atm,catr,circ,nbv,prof,plan,lartpc,larrout,surf,infra,situ,grav,sexe,age,trajet,secuexist,equipement,obs,obsm,choc,manv,vehiculeid,typevehicules,manoeuvehicules,numVehicules
200700039732,2007-07-19,2007,juillet,jeudi,11:00,72,72264,47.845,-0.33,2,1,1,1,1,9,2,02,1,3,000,060,1,0,1,4,2,82,5,0,0,00,2,3,2,200700039732B02,7,2,1
200700039809,2007-07-07,2007,juillet,samedi,17:30,24,24108,45.222,0.598,1,1,7,1,1,3,2,00,1,1,000,071,9,0,1,3,1,44,5,1,2,00,6,1,0,200700039809A01,,,
200700039840,2007-07-29,2007,juillet,dimanche,80:0,40,40277,43.667,-1.039,1,1,2,1,8,3,2,02,1,1,000,063,1,0,1,3,1,54,5,1,2,00,0,4,1,200700039840B02,7,1,1
200700039872,2007-07-17,2007,juillet,mardi,10:45,47,47225,44.181,0.563,2,1,2,1,1,3,2,02,1,1,030,055,1,0,1,3,1,73,5,0,0,00,2,3,1,200700039872B02,17,17,1
200700039892,2007-07-17,2007,juillet,mardi,15:30,64,64370,0,0,2,3,3,1,1,3,2,02,-1,1,000,060,1,5,1,3,1,12,5,0,0,00,2,8,19,200700039892B02,7,1,1
200700039893,2007-07-17,2007,juillet,mardi,16:00,64,64518,43.312,-0.274,1,9,3,1,1,3,2,02,1,1,000,070,1,0,1,3,1,14,5,0,0,00,2,4,15,200700039893B02,7,1,1
200700039893,2007-07-17,2007,juillet,mardi,16:00,64,64518,43.312,-0.274,1,9,3,1,1,3,2,02,1,1,000,070,1,0,1,3,1,8,0,0,0,00,2,4,15,200700039893B02,7,1,1
200700039900,2007-07-22,2007,juillet,dimanche,12:30,64,64204,42.968,-0.35,1,1,1,1,1,3,2,02,1,4,000,054,1,0,1,3,1,45,5,1,2,00,0,1,2,200700039900B02,33,2,1
200700039903,2007-07-05,2007,juillet,jeudi,94:5,64,64499,0,0,1,2,3,1,1,3,2,02,1,1,000,072,1,0,1,3,1,71,5,0,0,00,2,1,0,200700039903B02,7,19,1
200700039922,2007-07-17,2007,juillet,mardi,81:5,16,16192,0,0,2,3,1,1,1,3,2,02,1,3,000,000,1,0,1,3,2,85,9,0,0,00,2,2,15,200700039922A01,7,1,1
200700039937,2007-07-08,2007,juillet,dimanche,21:00,17,17466,46.18,-0.92,1,1,2,1,1,3,2,00,1,4,000,050,1,0,1,3,1,61,5,0,0,00,2,4,2,200700039937A01,7,2,1
200700039947,2007-07-10,2007,juillet,mardi,13:45,17,17337,45.994,-1.343,1,9,3,1,1,3,2,02,-1,1,000,035,1,0,1,4,1,9,5,1,3,00,0,8,15,200700039947B02,7,1,1
200700039948,2007-07-16,2007,juillet,lundi,17:00,17,17323,0,0,1,9,5,1,1,3,2,02,1,1,000,040,1,0,5,2,2,63,5,0,0,00,0,1,23,200700039948C03,10,2/1,2
200700039958,2007-07-25,2007,juillet,mercredi,17:15,17,17164,0,0,1,1,1,1,1,3,2,00,1,1,000,049,1,0,1,3,1,13,5,0,0,00,2,8,19,200700039958B02,7,1,1
200700039961,2007-07-16,2007,juillet,lundi,15:30,17,17230,0,0,2,1,3,1,1,3,2,02,1,1,000,060,1,0,1,3,1,18,5,0,0,00,2,8,19,200700039961B02,7,11,1
200700039963,2007-07-28,2007,juillet,samedi,93:0,17,17437,0,0,1,1,3,1,1,3,2,02,1,1,000,056,1,0,1,3,2,13,5,1,2,00,2,8,15,200700039963A01,10,1,1
200700039996,2007-07-15,2007,juillet,dimanche,21:45,19,19073,0,0,2,9,7,2,1,3,3,02,2,1,000,000,1,0,1,3,1,26,5,0,0,00,0,0,0,200700039996A01,,,
200700040040,2007-07-30,2007,juillet,lundi,15:30,31,31188,0,0,1,1,1,1,1,3,-1,00,1,1,000,000,1,0,1,3,1,64,5,0,0,00,2,0,9,200700040040B02,7,1,1
200700040094,2007-07-31,2007,juillet,mardi,19:15,46,46177,44.881,1.828,1,1,1,1,7,3,2,02,1,1,000,070,1,5,1,3,2,53,0,0,0,00,0,3,1,200700040094B02,7,15,1
200700040111,2007-07-05,2007,juillet,jeudi,12:00,65,65127,43.108,0.34,1,1,3,1,1,3,2,02,1,1,000,066,1,0,1,3,1,74,5,0,0,00,0,4,2,200700040111B02,7,17,1
200700040126,2007-07-31,2007,juillet,mardi,90:0,81,81120,43.541,2.263,2,1,1,1,1,3,2,02,1,1,000,053,1,0,1,3,1,30,5,1,2,00,2,1,1,200700040126B02,14,16,1
200700040134,2007-07-25,2007,juillet,mercredi,12:45,82,82155,44.157,1.752,2,1,7,1,1,3,2,02,2,1,000,060,1,0,4,3,2,63,5,1,2,12,0,1,18,200700040134A01,,,
200700040157,2007-07-25,2007,juillet,mercredi,12:30,69,69074,0,0,1,1,3,1,1,3,2,00,2,1,000,065,1,0,1,3,1,58,5,1,2,00,2,8,13,200700040157B02,7,17,1
200700040201,2007-07-04,2007,juillet,mercredi,13:30,07,07090,0,0,2,1,6,1,1,3,2,02,1,1,077,000,1,0,1,3,2,46,5,0,0,00,1,1,1,200700040201A01,,,
200700040203,2007-07-24,2007,juillet,mardi,16:30,07,07261,0,0,1,1,7,1,1,4,2,00,-1,-1,000,000,-1,0,0,2,2,16,5,0,0,00,0,3,0,200700040203A01,,,
200700040204,2007-07-21,2007,juillet,samedi,10:45,07,07199,0,0,1,1,3,1,1,3,2,02,1,3,000,054,1,0,1,3,1,19,5,1,2,00,2,8,1,200700040204B02,7,14,1
200700040257,2007-07-23,2007,juillet,lundi,14:15,38,38562,0,0,1,1,1,1,1,4,2,02,1,1,000,030,1,0,1,4,1,12,5,0,0,00,2,1,1,200700040257A01,2,1,1
200700040268,2007-07-17,2007,juillet,mardi,10:45,38,38517,0,0,2,1,2,1,1,3,2,02,1,1,000,065,1,0,1,2,1,38,5,1,2,00,2,1,1,200700040268B02,7,16,1
200700040297,2007-07-27,2007,juillet,vendredi,19:15,42,42009,0,0,2,2,3,1,1,3,2,02,1,1,000,056,1,0,1,3,2,14,5,0,0,00,2,1,1,200700040297A01,7,1,1
200700040318,2007-07-31,2007,juillet,mardi,15:45,73,73218,45.853,5.806,1,1,2,1,1,3,2,02,1,1,000,070,1,0,1,3,1,55,5,0,0,00,2,4,1,200700040318B02,7,1,1
200700040326,2007-07-14,2007,juillet,samedi,83:0,73,73034,45.737,6.549,1,1,1,1,7,3,2,02,2,4,000,066,1,0,1,2,1,52,5,1,2,00,2,4,2,200700040326B02,7,2,1
200700040327,2007-07-30,2007,juillet,lundi,18:00,73,73054,0,0,1,1,1,1,1,3,2,02,1,3,000,058,1,0,1,3,1,37,5,1,2,00,0,8,11,200700040327A01,7,11,1
200700040333,2007-07-16,2007,juillet,lundi,11:30,73,73306,0,0,1,1,1,1,1,3,2,02,2,1,000,070,1,0,1,4,1,49,5,1,2,00,2,1,1,200700040333B02,7,19,1
200700040338,2007-07-29,2007,juillet,dimanche,11:30,74,74242,0,0,1,1,1,1,1,9,2,02,1,1,000,030,1,0,5,4,2,46,5,1,2,00,2,1,1,200700040338A01,1,13,1
200700040338,2007-07-29,2007,juillet,dimanche,11:30,74,74242,0,0,1,1,1,1,1,9,2,02,1,1,000,030,1,0,5,3,1,56,5,1,2,00,2,1,13,200700040338B02,1,1,1
200700040342,2007-07-13,2007,juillet,vendredi,11:00,74,74302,45.924,6.39,1,1,1,1,1,3,2,02,2,3,000,000,1,0,1,3,1,61,5,0,0,00,0,7,1,200700040342B02,7,17,1
200700040343,2007-07-16,2007,juillet,lundi,84:5,74,74302,0,0,1,1,6,1,1,3,2,02,2,1,000,060,1,0,1,3,1,49,5,0,0,00,5,1,1,200700040343A01,,,
200700040346,2007-07-20,2007,juillet,vendredi,83:0,74,74920,0,0,1,1,5,1,1,3,2,02,2,4,000,062,1,0,1,4,1,43,5,1,2,00,2,1,1,200700040346B02,7,17,1
200700040346,2007-07-20,2007,juillet,vendredi,83:0,74,74920,0,0,1,1,5,1,1,3,2,02,2,4,000,062,1,0,1,3,1,32,5,1,2,00,2,1,1,200700040346C03,7,17,1
200700040465,2007-07-01,2007,juillet,dimanche,63:0,57,57392,49.041,6.368,2,1,3,2,1,3,2,00,2,1,000,059,1,0,1,3,1,51,1,1,2,00,2,1,0,200700040465B02,10,0,1
200700040534,2007-07-18,2007,juillet,mercredi,16:45,88,88158,48.099,6.614,2,1,1,1,1,3,2,02,2,2,000,030,1,0,1,3,1,23,5,1,2,00,0,1,1,200700040534B02,15,1,1
200700040535,2007-07-07,2007,juillet,samedi,11:30,88,88075,0,0,2,1,1,1,1,3,2,02,2,1,000,080,1,0,1,3,1,34,5,1,2,00,2,1,17,200700040535B02,7,15,1
200700040557,2007-07-15,2007,juillet,dimanche,11:15,67,67067,48.718,7.684,1,1,1,1,1,3,2,01,4,1,000,060,1,5,1,3,1,51,5,0,0,00,2,6,15,200700040557B02,33,17,1
200700040562,2007-07-25,2007,juillet,mercredi,70:0,67,67001,0,0,1,1,2,1,1,9,1,00,1,1,000,000,1,0,5,3,2,77,1,1,2,00,0,4,1,200700040562A01,1,1,1
200700040562,2007-07-25,2007,juillet,mercredi,70:0,67,67001,0,0,1,1,2,1,1,9,1,00,1,1,000,000,1,0,5,1,1,42,5,1,2,00,2,1,1,200700040562B02,1,1,1
200700040566,2007-07-30,2007,juillet,lundi,16:45,67,67073,0,0,2,1,3,1,1,3,2,00,1,1,000,000,1,0,1,4,1,62,5,0,0,01,0,0,1,200700040566A01,7,22,1
200700040599,2007-07-07,2007,juillet,samedi,17:15,68,68040,47.837,7.079,2,1,1,1,1,2,3,00,1,1,018,042,1,0,5,4,1,29,5,1,2,00,2,2,1,200700040599B02,7,23,1
200700040624,2007-07-16,2007,juillet,lundi,83:0,51,51649,0,0,2,1,3,1,1,9,1,00,-1,1,000,000,1,0,1,3,2,46,9,0,0,00,2,1,19,200700040624B02,7,1,1
200700040626,2007-07-25,2007,juillet,mercredi,15:00,51,51016,48.624,4.72,1,1,2,1,1,3,2,02,1,1,050,058,1,0,1,3,2,55,5,0,0,00,2,4,2,200700040626B02,10,2,1
200700040629,2007-07-10,2007,juillet,mardi,15:15,08,08037,0,0,1,1,2,1,1,3,-1,00,2,1,000,069,1,0,1,3,1,55,5,0,0,00,2,4,1,200700040629B02,7,1,1
200700040636,2007-07-23,2007,juillet,lundi,83:0,10,10006,48.54,4.149,2,1,3,1,2,3,2,00,1,1,000,068,2,0,5,3,1,68,5,0,0,00,2,1,1,200700040636B02,7,15,1
200700040678,2007-07-13,2007,juillet,vendredi,14:30,21,21360,47.087,4.671,1,1,3,1,1,3,2,00,2,2,000,051,1,0,1,3,1,16,5,0,0,00,2,8,19,200700040678A01,33,1,1
200700040685,2007-07-02,2007,juillet,lundi,17:30,21,21577,0,0,1,1,1,1,1,3,2,02,-1,1,000,072,1,5,1,3,1,77,5,0,0,00,2,3,15,200700040685A01,7,1,1
200700040688,2007-07-13,2007,juillet,vendredi,15:30,21,21259,47.604,4.409,1,1,2,1,1,3,2,02,1,1,000,073,1,0,1,3,1,80,5,0,0,01,0,1,2,200700040688A01,14,24,1
200700040693,2007-07-22,2007,juillet,dimanche,94:5,21,21505,47.41,4.333,1,1,1,1,1,3,2,00,1,1,000,067,1,0,1,3,1,49,5,1,2,00,2,7,19,200700040693B02,7,0,1
200700040702,2007-07-03,2007,juillet,mardi,10:00,58,58079,0,0,2,7,1,1,1,9,1,00,1,-1,000,050,1,0,4,3,1,87,0,0,0,00,0,8,0,200700040702B02,7,5,1
200700040722,2007-07-18,2007,juillet,mercredi,18:45,71,71442,0,0,1,3,3,1,1,3,2,02,1,1,000,042,1,0,1,4,1,15,5,0,0,00,2,1,19,200700040722B02,7,1,1
200700040738,2007-07-26,2007,juillet,jeudi,15:45,71,71213,0,0,2,1,3,1,1,4,2,02,1,1,000,050,1,0,1,3,1,19,5,0,0,00,2,8,19,200700040738A01,7,1,1
200700040758,2007-07-19,2007,juillet,jeudi,71:5,89,89434,0,0,2,1,2,1,1,3,2,02,-1,3,000,000,1,0,1,3,1,40,3,0,0,00,2,5,16,200700040758B02,33,1,1
200700040763,2007-07-19,2007,juillet,jeudi,10:15,89,89370,48.183,3.095,2,1,1,1,1,4,2,02,1,1,000,050,1,0,1,4,1,68,5,0,0,00,2,7,14,200700040763A01,7,1,1
200700040800,2007-07-25,2007,juillet,mercredi,11:30,70,70516,0,0,1,1,3,1,1,3,2,02,2,1,000,076,1,0,1,2,1,41,5,1,2,00,2,7,19,200700040800A01,17,1,1
200700040866,2007-07-27,2007,juillet,vendredi,11:00,04,04019,44.395,6.674,1,1,3,1,1,3,2,02,1,1,000,063,1,5,1,4,2,45,5,1,2,00,2,8,1,200700040866B02,7,15,1
200700040867,2007-07-22,2007,juillet,dimanche,12:15,04,04096,44.412,6.755,1,1,2,1,1,4,2,02,2,1,000,072,1,0,1,3,1,49,5,1,2,00,2,0,1,200700040867B02,10,23,1
200700040875,2007-07-14,2007,juillet,samedi,12:00,04,04229,0,0,1,1,1,1,1,3,2,02,2,2,047,000,1,0,1,4,1,23,5,1,2,00,0,1,13,200700040875B02,7,1,1
200700040914,2007-07-31,2007,juillet,mardi,12:30,06,06047,43.848,7.047,2,1,6,1,1,4,2,02,2,1,000,061,1,0,1,2,2,18,5,0,0,06,0,1,1,200700040914A01,,,
200700040917,2007-07-24,2007,juillet,mardi,10:30,06,06120,44.239,6.94,1,1,6,1,1,3,2,00,2,3,060,000,1,0,3,3,1,41,0,0,0,00,0,0,0,200700040917A01,,,
200700040961,2007-07-06,2007,juillet,vendredi,10:00,84,84054,43.921,5.047,2,9,1,1,1,3,2,02,1,1,000,000,1,0,1,3,2,60,5,0,0,00,0,8,1,200700040961B02,7,10,1
200700040965,2007-07-08,2007,juillet,dimanche,17:30,84,84118,43.928,5.316,1,3,3,1,1,4,2,02,1,1,000,050,1,0,1,3,2,12,0,1,2,00,2,1,15,200700040965B02,7,1,1
200700040975,2007-07-08,2007,juillet,dimanche,10:15,84,84088,44.01,5.037,2,9,5,1,1,4,2,00,1,1,000,054,1,0,1,2,2,58,5,1,2,00,2,1,15,200700040975B02,7,1,1
200700040975,2007-07-08,2007,juillet,dimanche,10:15,84,84088,44.01,5.037,2,9,5,1,1,4,2,00,1,1,000,054,1,0,1,1,1,64,5,1,2,00,2,1,15,200700040975C03,7,1,1
200700040994,2007-07-28,2007,juillet,samedi,10:30,34,34145,0,0,2,4,3,1,1,9,1,00,-1,1,000,060,1,0,1,4,1,51,9,0,0,00,2,7,19,200700040994B02,7,1,1
200700041001,2007-07-21,2007,juillet,samedi,13:45,34,34144,0,0,1,1,6,1,1,3,2,00,2,3,000,065,1,0,1,3,2,23,5,1,2,00,0,0,0,200700041001B02,7,1,1
200700041018,2007-07-11,2007,juillet,mercredi,18:45,34,34114,43.657,3.554,2,6,1,1,1,3,2,02,1,-1,000,000,1,5,1,4,1,56,5,0,0,00,0,8,1,200700041018B02,10,15,1
200700041025,2007-07-10,2007,juillet,mardi,19:00,34,34039,43.453,3.656,2,1,3,1,1,4,2,02,1,1,061,000,1,5,1,3,1,10,5,0,0,00,2,1,6,200700041025B02,7,1,1
200700041038,2007-07-22,2007,juillet,dimanche,16:45,11,11038,42.779,2.135,1,1,1,1,1,3,2,02,2,2,000,000,1,0,1,3,1,36,5,1,2,00,2,1,17,200700041038A01,33,1,1
200700041089,2007-07-07,2007,juillet,samedi,21:00,48,48040,44.546,3.837,1,1,1,1,1,4,2,02,2,2,000,032,1,0,1,3,1,15,0,0,0,00,2,1,13,200700041089B02,7,1,1
200700041090,2007-07-02,2007,juillet,lundi,16:45,48,48198,44.43,3.94,1,1,7,1,1,3,2,00,2,3,000,000,1,0,1,3,1,14,5,1,2,13,0,7,0,200700041090A01,,,
200700041091,2007-07-14,2007,juillet,samedi,10:30,48,48119,44.505,3.918,1,1,6,1,1,3,2,00,2,2,000,065,1,0,3,4,1,71,5,1,2,03,0,1,1,200700041091A01,,,
200700041103,2007-07-25,2007,juillet,mercredi,19:00,66,66180,0,0,2,1,2,1,1,4,2,02,1,1,000,060,1,0,1,4,1,30,5,0,0,00,2,4,1,200700041103B02,30,1,1
200700041113,2007-07-04,2007,juillet,mercredi,21:30,66,66166,42.535,2.363,2,1,1,2,1,3,2,02,2,3,000,070,1,0,1,3,1,15,5,0,0,00,2,1,5,200700041113A01,31,0,1
200700041119,2007-07-23,2007,juillet,lundi,11:00,66,66124,0,0,1,1,3,1,1,3,2,00,2,4,000,000,1,0,1,4,1,29,5,0,0,00,2,3,2,200700041119A01,7,19,1
200700041161,2007-07-21,2007,juillet,samedi,19:15,78,78290,0,0,2,1,3,1,1,4,2,02,1,-1,000,000,1,0,1,3,1,12,5,0,0,00,2,1,16,200700041161B02,7,1,1
200700041166,2007-07-15,2007,juillet,dimanche,11:00,78,78160,0,0,2,1,1,1,1,3,2,02,-1,1,000,000,1,0,1,4,1,35,5,0,0,00,0,4,2,200700041166B02,7,1,1
200700041187,2007-07-11,2007,juillet,mercredi,20:15,91,91635,48.737,2.201,2,3,1,2,1,4,2,02,2,1,000,067,1,5,1,3,1,40,5,1,2,00,0,8,15,200700041187B02,7,1,1
200700041198,2007-07-27,2007,juillet,vendredi,14:30,95,95351,49.053,2.496,2,1,1,1,1,9,-1,00,2,-1,000,000,1,0,4,2,2,6,5,0,0,00,2,1,1,200700041198B02,14,0,1
200700041204,2007-07-19,2007,juillet,jeudi,17:40,77,77534,0,0,1,1,2,1,1,3,2,00,-1,-1,000,000,-1,0,0,4,1,76,5,0,0,00,0,4,1,200700041204A01,7,2,1
200700041214,2007-07-31,2007,juillet,mardi,14:30,77,77261,48.244,2.903,2,1,3,1,1,3,2,02,-1,1,000,060,1,0,1,3,1,33,5,0,0,00,0,8,0,200700041214A01,10,0,1
200700041240,2007-07-11,2007,juillet,mercredi,90:0,45,45164,0,0,1,1,2,1,1,3,2,00,1,1,000,060,1,0,3,4,1,59,5,1,2,00,0,5,2,200700041240A01,2,2,1
200700041251,2007-07-19,2007,juillet,jeudi,11:00,18,18197,46.729,2.507,2,1,6,1,1,9,2,00,1,1,000,110,1,5,1,3,1,71,5,0,0,00,2,1,15,200700041251A01,,,
200700041253,2007-07-29,2007,juillet,dimanche,19:00,18,18057,0,0,2,2,1,1,1,4,2,00,-1,1,000,053,1,0,1,4,1,12,5,0,0,00,2,8,15,200700041253B02,7,1,1
200700041262,2007-07-07,2007,juillet,samedi,15:30,28,28035,0,0,1,2,3,1,1,2,2,02,1,1,000,070,1,0,1,2,1,81,5,0,0,00,2,1,19,200700041262A01,7,1,1
200700041269,2007-07-19,2007,juillet,jeudi,18:45,28,28198,48.078,1.374,2,1,3,1,1,4,2,02,1,1,000,054,1,0,1,3,1,13,5,0,0,00,2,3,19,200700041269A01,7,1,1
200700041329,2007-07-29,2007,juillet,dimanche,11:15,34,34202,43.582,3.757,1,1,1,1,1,4,-1,01,-1,1,000,000,-1,0,1,4,1,77,5,0,0,00,2,1,1,200700041329B02,10,1,1
200700041397,2007-07-12,2007,juillet,jeudi,12:30,73,73304,45.423,7.03,1,1,7,1,1,3,2,02,1,1,000,000,1,0,1,3,1,22,4,1,2,00,2,7,17,200700041397A01,,,
200700041480,2007-07-27,2007,juillet,vendredi,10:45,06,06152,43.648,7.014,1,1,3,1,1,3,2,00,1,-1,000,100,1,5,1,3,1,56,5,1,2,00,2,7,23,200700041480B02,14,15,1
200700041560,2007-07-14,2007,juillet,samedi,84:5,78,78143,0,0,2,1,1,1,1,3,2,02,4,4,000,067,1,0,1,2,1,36,5,1,2,00,0,1,13,200700041560B02,37,1,1
200700041577,2007-07-30,2007,juillet,lundi,17:15,76,76496,0,0,1,1,1,1,1,3,2,02,1,2,000,000,1,5,1,3,1,86,0,0,0,00,2,2,1,200700041577B02,7,15,1
200700041588,2007-07-11,2007,juillet,mercredi,16:50,34,34169,0,0,1,6,3,1,1,3,1,00,1,2,000,071,1,0,1,3,1,45,5,0,0,00,2,1,1,200700041588B02,7,9,1
200700041610,2007-07-14,2007,juillet,samedi,12:45,01,01053,0,0,2,1,6,1,1,4,2,02,2,1,000,000,1,0,1,3,2,37,5,1,2,00,2,8,2,200700041610B01,7,17,1
200700041622,2007-07-14,2007,juillet,samedi,14:10,02,02258,0,0,2,1,3,1,1,4,-1,01,1,1,000,070,1,0,1,3,1,15,5,1,9,00,0,8,13,200700041622A01,30,2,1
200700041635,2007-07-20,2007,juillet,vendredi,18:40,03,03023,0,0,2,6,3,1,1,2,1,01,1,2,000,040,1,5,0,4,2,35,5,1,9,00,2,7,19,200700041635B01,7,1,1
200700041642,2007-07-20,2007,juillet,vendredi,19:10,05,05023,0,0,1,1,1,1,1,3,2,02,2,4,000,030,1,0,1,4,1,14,5,1,2,00,2,1,13,200700041642A01,10,1,1
200700041650,2007-07-04,2007,juillet,mercredi,14:25,06,06004,0,0,2,3,3,1,1,3,3,04,1,1,026,120,1,5,1,3,1,70,5,1,2,00,2,1,1,200700041650A01,7,1,1
200700041671,2007-07-17,2007,juillet,mardi,11:40,06,06123,0,0,2,1,2,1,1,2,3,07,1,1,000,000,1,0,1,4,1,63,0,1,2,00,2,4,2,200700041671B01,33,2,1
200700041696,2007-07-13,2007,juillet,vendredi,32:,06,06029,0,0,1,1,5,5,1,2,2,02,1,1,010,088,1,0,1,4,1,55,5,1,9,00,2,4,1,200700041696B01,36,18/2,2
200700041745,2007-07-07,2007,juillet,samedi,13:45,06,06069,0,0,2,1,7,1,1,3,2,02,-1,-1,000,000,-1,0,1,4,1,51,0,1,9,00,0,0,0,200700041745A01,,,
200700041793,2007-07-02,2007,juillet,lundi,10:40,06,06088,0,0,2,3,1,1,1,4,2,02,1,1,000,136,1,0,1,4,2,47,1,1,4,00,2,1,21,200700041793A01,7,16,1
200700041822,2007-07-09,2007,juillet,lundi,82:0,06,06088,0,0,2,1,1,1,2,4,2,02,1,1,000,065,2,0,1,4,2,23,1,1,4,00,2,1,2,200700041822B01,7,9,1
200700041835,2007-07-11,2007,juillet,mercredi,16:52,06,06088,0,0,2,2,6,1,1,4,2,03,2,2,000,000,1,0,1,4,2,44,0,1,9,00,2,0,0,200700041835A01,,,
200700041858,2007-07-16,2007,juillet,lundi,15:40,06,06088,0,0,2,1,1,1,1,4,2,02,1,1,000,088,1,0,1,4,1,13,0,1,4,00,2,1,15,200700041858A01,32,1,1
200700041868,2007-07-18,2007,juillet,mercredi,14:50,06,06088,0,0,2,1,3,1,1,3,1,02,2,1,000,076,1,0,1,3,1,25,0,1,2,00,2,4,11,200700041868A01,7,1,1
200700041900,2007-07-25,2007,juillet,mercredi,20:30,06,06088,0,0,2,1,5,1,1,4,1,03,1,1,000,000,1,0,1,4,1,58,5,1,9,00,2,1,13,200700041900A01,32,1,1
200700041900,2007-07-25,2007,juillet,mercredi,20:30,06,06088,0,0,2,1,5,1,1,4,1,03,1,1,000,000,1,0,1,4,2,59,5,1,9,00,2,1,13,200700041900B01,32,1,1
200700041904,2007-07-26,2007,juillet,jeudi,14:20,06,06088,0,0,2,9,2,1,1,3,1,03,1,1,000,094,1,0,1,2,1,74,5,1,2,00,2,4,1,200700041904B01,10,12,1
200700041934,2007-07-17,2007,juillet,mardi,35:5,08,08105,0,0,2,5,3,5,1,3,1,03,4,2,000,120,2,5,1,3,1,41,4,1,4,00,2,7,15,200700041934A01,7,1,1
200700041946,2007-07-15,2007,juillet,dimanche,10:50,10,10060,0,0,2,1,6,1,1,3,2,02,1,1,000,080,1,0,1,3,1,50,5,1,2,00,2,1,1,200700041946B01,7,22,1
200700041986,2007-07-12,2007,juillet,jeudi,75:5,13,13004,0,0,2,3,7,1,1,4,2,02,1,1,020,092,1,0,1,4,1,74,5,1,2,00,0,0,1,200700041986B01,7,15,1
200700041988,2007-07-13,2007,juillet,vendredi,16:35,13,13004,0,0,2,6,3,1,1,4,1,02,1,2,000,080,1,0,1,4,1,62,5,1,2,00,2,1,1,200700041988B01,7,16,1
200700041991,2007-07-22,2007,juillet,dimanche,92:0,13,13004,0,0,2,1,6,1,1,4,2,02,1,1,000,071,1,0,1,1,1,75,5,1,9,00,1,1,1,200700041991A01,,,
200700042084,2007-07-05,2007,juillet,jeudi,82:5,13,13055,0,0,2,1,3,1,1,4,2,00,1,1,000,148,1,0,1,4,2,29,1,1,9,00,2,7,0,200700042084B01,7,12,1
200700042191,2007-07-13,2007,juillet,vendredi,13:50,13,13055,0,0,2,6,3,1,1,9,-1,01,1,3,045,085,1,0,1,4,1,59,0,1,9,00,2,3,15,200700042191B01,7,16,1
200700042234,2007-07-24,2007,juillet,mardi,19:30,13,13055,0,0,2,1,6,1,1,4,1,00,2,1,000,000,1,0,1,4,1,16,5,1,9,00,2,0,9,200700042234B01,7,1,1
200700042259,2007-07-19,2007,juillet,jeudi,71:5,13,13077,0,0,1,1,3,1,1,3,2,02,2,1,000,000,1,0,1,3,1,32,5,1,2,00,2,1,1,200700042259B01,10,15,1
200700042261,2007-07-20,2007,juillet,vendredi,13:40,13,13077,0,0,2,3,1,1,1,4,2,02,2,1,000,000,1,0,1,3,1,16,5,1,2,00,2,1,16,200700042261A01,7,1,1
200700042304,2007-07-24,2007,juillet,mardi,16:50,14,14137,0,0,2,1,6,1,1,4,2,01,1,3,000,070,1,0,1,3,2,60,5,1,2,00,2,0,1,200700042304B01,7,17,1
200700042306,2007-07-25,2007,juillet,mercredi,12:15,14,14118,0,0,2,3,2,1,1,4,2,00,1,1,000,060,1,0,1,4,2,19,1,1,9,00,0,4,1,200700042306A01,99,15,1
200700042309,2007-07-05,2007,juillet,jeudi,14:55,14,14487,0,0,1,2,3,1,1,3,2,02,1,1,000,000,1,0,1,4,1,48,5,1,9,00,2,1,1,200700042309B01,7,15,1
200700042322,2007-07-07,2007,juillet,samedi,20:05,17,17299,0,0,2,3,3,1,1,4,2,02,1,1,000,000,1,5,1,4,2,9,5,1,9,00,2,3,15,200700042322B01,7,17,1
200700042335,2007-07-04,2007,juillet,mercredi,11:50,17,17300,0,0,2,2,3,1,1,4,1,01,1,1,000,035,1,5,1,4,2,44,0,1,9,00,2,8,1,200700042335B01,7,9,1
200700042339,2007-07-09,2007,juillet,lundi,12:40,17,17300,0,0,2,1,3,1,1,4,2,02,1,2,000,060,1,0,1,3,1,7,5,1,2,00,2,3,19,200700042339B01,7,1,1
200700042342,2007-07-13,2007,juillet,vendredi,16:25,17,17300,0,0,2,1,3,1,1,4,2,00,1,1,000,000,1,0,1,4,2,38,5,1,2,00,2,8,15,200700042342B01,7,1,1
200700042348,2007-07-19,2007,juillet,jeudi,85:0,17,17300,0,0,2,1,7,1,1,4,-1,00,1,1,000,000,1,0,1,4,1,25,1,1,9,12,0,0,1,200700042348A01,,,
200700042354,2007-07-24,2007,juillet,mardi,17:44,17,17300,0,0,2,1,2,1,1,4,-1,00,1,1,000,000,1,0,1,3,1,33,1,1,2,00,2,1,1,200700042354A01,7,1,1
200700042355,2007-07-25,2007,juillet,mercredi,12:10,17,17300,0,0,2,1,7,1,1,4,2,02,1,1,000,060,1,0,1,4,1,29,0,1,9,01,0,1,1,200700042355B01,7,22,1
200700042367,2007-07-05,2007,juillet,jeudi,85:6,17,17461,0,0,2,1,6,1,1,4,2,02,-1,1,000,000,-1,0,1,3,1,78,5,1,9,00,2,5,0,200700042367A01,10,0,1
200700042379,2007-07-31,2007,juillet,mardi,12:00,17,17380,0,0,2,1,7,1,1,4,-1,02,1,1,000,000,1,0,1,4,1,14,5,1,9,00,0,0,1,200700042379A01,,,
200700042385,2007-07-13,2007,juillet,vendredi,20:50,17,17415,0,0,2,1,6,1,1,4,2,02,1,1,000,050,1,0,1,3,1,82,5,1,4,00,2,1,1,200700042385B01,7,2,1