Num_Acc,date,an,mois,jour,hrmn,dep,com,lat,long,agg,int,col,lum,atm,catr,circ,nbv,prof,plan,lartpc,larrout,surf,infra,situ,grav,sexe,age,trajet,secuexist,equipement,obs,obsm,choc,manv,vehiculeid,typevehicules,manoeuvehicules,numVehicules
200700042386,2007-07-16,2007,juillet,lundi,82:5,17,17415,0,0,2,1,3,1,1,4,2,02,1,1,000,000,1,0,1,3,1,18,0,1,4,00,2,1,15,200700042386B01,7,17,1
200700042395,2007-07-11,2007,juillet,mercredi,14:30,18,18205,0,0,2,1,1,1,1,2,2,02,1,1,000,060,1,0,1,4,1,16,5,1,9,00,1,1,19,200700042395A01,7,1,1
200700042398,2007-07-18,2007,juillet,mercredi,13:50,18,18033,0,0,2,5,3,1,1,4,3,00,1,1,000,146,1,0,1,4,2,21,1,1,2,00,9,7,1,200700042398B01,7,1,1
200700042419,2007-07-13,2007,juillet,vendredi,91:5,21,21054,0,0,2,2,6,1,1,4,2,20,1,1,000,000,1,0,1,4,1,60,5,1,2,00,2,1,1,200700042419B01,7,19,1
200700042421,2007-07-26,2007,juillet,jeudi,22:00,21,21054,0,0,2,1,6,5,1,4,2,02,1,1,000,000,1,0,1,4,1,25,5,1,2,00,2,1,1,200700042421A01,1,0,1
200700042433,2007-07-12,2007,juillet,jeudi,16:25,21,21231,0,0,2,2,3,1,1,4,3,03,1,1,098,164,1,5,1,4,2,11,5,1,2,00,2,1,19,200700042433B01,7,1,1
200700042435,2007-07-13,2007,juillet,vendredi,85:2,21,21231,0,0,2,4,6,1,1,4,2,02,1,1,000,074,1,0,1,4,2,45,4,1,2,00,2,3,2,200700042435A01,10,1,1
200700042482,2007-07-26,2007,juillet,jeudi,20:50,24,24138,0,0,2,1,6,1,1,4,2,02,1,1,000,000,1,0,1,4,1,6,5,1,9,00,2,2,16,200700042482B01,7,1,1
200700042519,2007-07-19,2007,juillet,jeudi,16:20,25,25388,0,0,2,1,6,1,1,4,1,01,1,1,000,050,1,0,1,3,1,52,5,1,2,01,0,1,1,200700042519B01,7,22,1
200700042529,2007-07-07,2007,juillet,samedi,18:10,26,26362,0,0,2,1,3,1,1,4,1,02,1,3,000,000,1,0,1,4,2,20,5,1,2,00,2,3,2,200700042529B01,7,17,1
200700042530,2007-07-17,2007,juillet,mardi,90:5,26,26058,0,0,2,1,3,1,1,4,2,02,1,2,000,068,1,1,1,4,1,71,5,1,2,00,2,1,1,200700042530A01,7,15,1
200700042541,2007-07-06,2007,juillet,vendredi,21:15,27,27229,0,0,2,1,3,2,1,4,1,02,1,1,000,000,1,0,4,4,1,16,5,1,2,00,2,1,1,200700042541B01,7,1,1
200700042550,2007-07-23,2007,juillet,lundi,16:15,27,27375,0,0,2,2,3,1,1,4,2,02,1,1,000,044,1,5,1,4,2,51,1,0,0,00,2,7,19,200700042550B01,7,19,1
200700042555,2007-07-10,2007,juillet,mardi,13:55,27,27681,0,0,2,1,6,1,1,4,2,02,1,1,000,050,1,0,1,4,1,17,1,1,9,00,2,7,1,200700042555A01,7,1,1
200700042558,2007-07-14,2007,juillet,samedi,19:40,27,27681,0,0,2,3,6,1,1,4,2,02,1,1,000,092,1,0,1,4,1,40,5,1,2,00,2,1,1,200700042558B01,7,15,1
200700042609,2007-07-02,2007,juillet,lundi,17:42,30,30189,0,0,2,1,6,1,1,4,1,01,1,1,000,000,1,0,4,4,1,16,1,1,2,00,2,0,18,200700042609A01,7,22,1
200700042610,2007-07-02,2007,juillet,lundi,17:41,30,30189,43.81922,4.34353,2,1,3,1,1,4,2,03,1,1,000,100,1,0,1,3,1,42,9,1,2,00,2,1,1,200700042610B01,7,15,1
200700042636,2007-07-18,2007,juillet,mercredi,84:4,30,30189,43.82976,4.3577,2,6,3,1,1,2,4,02,1,2,000,000,1,0,1,4,1,36,1,1,9,00,2,7,1,200700042636B01,7,9,1
200700042642,2007-07-24,2007,juillet,mardi,11:48,30,30189,0,0,2,3,6,1,1,4,1,04,2,1,000,095,1,0,1,3,1,72,9,1,2,00,2,8,1,200700042642B01,7,12,1
200700042651,2007-07-30,2007,juillet,lundi,17:36,30,30189,43.82662,4.36617,2,2,3,1,1,4,1,01,1,1,000,060,1,0,1,3,1,80,0,1,9,00,2,2,8,200700042651B01,7,9,1
200700042655,2007-07-13,2007,juillet,vendredi,17:30,30,30351,0,0,2,1,3,1,1,3,3,02,1,-1,000,039,1,5,1,4,2,68,0,1,9,00,0,1,12,200700042655B01,7,1,1
200700042675,2007-07-05,2007,juillet,jeudi,75:5,31,31555,0,0,2,1,1,1,1,4,2,04,1,1,000,080,1,0,4,3,2,52,0,1,9,00,2,1,1,200700042675A01,1,1,1
200700042675,2007-07-05,2007,juillet,jeudi,75:5,31,31555,0,0,2,1,1,1,1,4,2,04,1,1,000,080,1,0,4,3,1,27,4,1,2,00,2,1,1,200700042675B01,1,1,1
200700042676,2007-07-04,2007,juillet,mercredi,10:40,31,31555,0,0,2,1,6,1,1,4,1,01,1,-1,000,030,1,0,1,1,1,40,0,1,9,00,0,0,0,200700042676A01,,,
200700042676,2007-07-04,2007,juillet,mercredi,10:40,31,31555,0,0,2,1,6,1,1,4,1,01,1,-1,000,030,1,0,1,4,2,24,1,0,0,00,0,0,0,200700042676A01,,,
200700042677,2007-07-04,2007,juillet,mercredi,18:25,31,31555,0,0,2,3,3,1,1,4,1,01,1,1,000,057,1,0,1,4,1,10,5,1,9,00,2,4,16,200700042677A01,7,1,1
200700042688,2007-07-07,2007,juillet,samedi,19:50,31,31555,0,0,2,1,6,1,1,4,2,02,1,1,000,000,2,0,1,4,1,42,1,1,9,00,1,1,0,200700042688B01,7,4,1
200700042697,2007-07-12,2007,juillet,jeudi,75:0,31,31555,0,0,2,1,3,1,1,4,2,02,1,1,000,069,1,0,1,4,1,44,1,1,9,00,2,1,1,200700042697B01,7,15,1
200700042711,2007-07-18,2007,juillet,mercredi,15:55,31,31555,0,0,2,1,3,1,1,4,2,02,1,1,000,100,1,0,1,4,1,57,9,1,9,00,2,1,17,200700042711B01,10,22,1
200700042733,2007-07-26,2007,juillet,jeudi,13:55,31,31555,0,0,2,1,6,1,1,4,1,01,1,1,000,030,1,0,1,1,1,57,0,1,2,00,1,1,0,200700042733A01,,,
200700042738,2007-07-28,2007,juillet,samedi,22:10,31,31555,0,0,2,1,6,5,1,4,2,02,1,1,000,058,1,0,1,3,1,33,5,1,9,00,0,8,9,200700042738A01,7,1,1
200700042757,2007-07-19,2007,juillet,jeudi,15:20,33,33009,0,0,2,1,3,1,1,4,1,01,1,1,000,035,1,0,1,3,1,63,5,1,9,01,0,1,1,200700042757B01,7,24,1
200700042782,2007-07-06,2007,juillet,vendredi,17:20,33,33063,0,0,2,2,3,1,1,4,2,02,1,1,000,000,1,4,1,3,1,60,0,1,2,00,2,1,16,200700042782A01,40,1,1
200700042798,2007-07-11,2007,juillet,mercredi,17:45,33,33063,0,0,2,1,3,1,1,6,1,01,-1,1,000,000,1,0,1,4,1,24,0,1,9,00,2,1,0,200700042798A01,7,1,1
200700042801,2007-07-13,2007,juillet,vendredi,91:5,33,33281,0,0,2,3,3,1,1,4,2,01,1,1,000,090,1,0,1,4,2,33,0,0,0,00,2,4,16,200700042801A01,2,1,1
200700042804,2007-07-14,2007,juillet,samedi,23:10,33,33063,0,0,2,1,6,5,8,4,2,02,1,1,000,000,1,0,1,4,2,4,5,0,0,00,1,1,1,200700042804A01,,,
200700042804,2007-07-14,2007,juillet,samedi,23:10,33,33063,0,0,2,1,6,5,8,4,2,02,1,1,000,000,1,0,1,1,1,11,5,1,9,00,1,1,1,200700042804A01,,,
200700042812,2007-07-17,2007,juillet,mardi,11:20,33,33063,0,0,2,1,1,1,1,4,2,02,1,1,000,063,1,0,1,1,1,17,0,1,9,00,2,1,15,200700042812A01,1,1,1
200700042812,2007-07-17,2007,juillet,mardi,11:20,33,33063,0,0,2,1,1,1,1,4,2,02,1,1,000,063,1,0,1,4,1,23,1,1,9,00,2,1,1,200700042812B01,1,15,1
200700042814,2007-07-18,2007,juillet,mercredi,13:05,33,33063,0,0,2,1,2,1,1,4,3,05,1,1,000,099,1,0,1,4,1,29,1,1,4,00,2,1,1,200700042814A01,37,23,1
200700042827,2007-07-19,2007,juillet,jeudi,14:55,33,33063,0,0,2,3,3,1,1,4,3,03,1,1,000,000,1,0,1,4,1,30,1,1,9,00,2,4,1,200700042827A01,2,16,1
200700042830,2007-07-17,2007,juillet,mardi,18:35,33,33281,0,0,2,2,3,1,1,4,2,02,1,1,000,078,1,0,1,4,1,35,0,1,9,00,2,1,1,200700042830A01,7,15,1
200700042831,2007-07-20,2007,juillet,vendredi,19:35,33,33063,0,0,2,2,2,1,1,4,1,03,1,1,000,110,1,0,1,3,1,28,0,1,9,00,2,1,16,200700042831A01,7,1,1
200700042836,2007-07-20,2007,juillet,vendredi,22:30,33,33063,0,0,2,1,1,5,1,4,2,02,1,1,000,066,1,0,1,4,1,57,0,1,9,00,2,0,1,200700042836B01,10,1,1
200700042837,2007-07-23,2007,juillet,lundi,12:25,33,33063,0,0,2,1,3,1,3,4,1,02,1,1,000,070,1,0,1,4,1,19,0,1,2,00,2,2,9,200700042837B01,7,1,1
200700042843,2007-07-10,2007,juillet,mardi,83:5,33,33281,0,0,2,2,3,1,1,4,2,02,1,1,000,110,1,0,1,3,1,80,0,0,0,00,0,1,1,200700042843B01,7,15,1
200700042844,2007-07-25,2007,juillet,mercredi,10:30,33,33063,0,0,2,2,3,1,1,4,1,02,1,1,000,000,1,0,1,3,1,54,0,1,2,00,2,1,5,200700042844A01,7,1,1
200700042856,2007-07-30,2007,juillet,lundi,17:30,33,33063,0,0,2,1,3,1,1,4,3,02,1,1,000,000,1,0,1,4,2,46,5,1,9,00,2,3,13,200700042856B01,10,1,1
200700042861,2007-07-24,2007,juillet,mardi,81:5,33,33281,0,0,2,1,6,1,1,4,1,01,1,1,000,052,1,0,1,4,1,19,0,0,0,00,1,1,1,200700042861A01,,,
200700042863,2007-07-14,2007,juillet,samedi,19:20,33,33243,0,0,2,1,3,1,1,4,-1,02,1,1,000,000,1,0,1,1,1,61,5,1,9,00,2,8,2,200700042863A01,30,2,1
200700042863,2007-07-14,2007,juillet,samedi,19:20,33,33243,0,0,2,1,3,1,1,4,-1,02,1,1,000,000,1,0,1,1,1,4,0,1,9,00,2,8,2,200700042863A01,30,2,1
200700042868,2007-07-08,2007,juillet,dimanche,23:24,34,34003,0,0,1,3,3,3,1,4,2,00,1,-1,000,000,1,0,1,3,1,43,0,1,2,00,2,1,1,200700042868B01,7,0,1
200700042909,2007-07-02,2007,juillet,lundi,54:0,34,34172,0,0,2,1,6,5,2,4,2,02,1,4,040,060,2,0,1,4,1,53,1,1,2,00,2,4,1,200700042909B01,,,
200700042928,2007-07-18,2007,juillet,mercredi,13:40,34,34129,0,0,1,1,2,1,7,3,3,03,2,1,030,117,1,2,1,3,1,59,5,1,2,00,2,4,13,200700042928B01,10,1,1
200700042932,2007-07-19,2007,juillet,jeudi,12:20,34,34172,0,0,1,6,3,1,1,2,1,02,1,2,000,090,1,0,1,3,1,47,1,1,2,00,2,1,1,200700042932B01,17,3,1
200700042934,2007-07-24,2007,juillet,mardi,11:45,34,34172,0,0,2,2,3,1,1,3,3,06,1,1,015,180,1,5,1,4,1,13,5,1,2,00,2,8,19,200700042934B01,34,1,1
200700042943,2007-07-29,2007,juillet,dimanche,19:00,34,34129,0,0,1,2,7,1,1,3,3,08,1,1,040,210,1,3,5,3,1,27,0,1,2,11,0,1,1,200700042943A01,,,
200700042945,2007-07-05,2007,juillet,jeudi,95:0,34,34301,0,0,1,3,3,1,1,3,2,05,1,1,000,200,1,0,1,3,1,63,9,1,9,00,2,1,1,200700042945B01,10,15,1
200700042946,2007-07-10,2007,juillet,mardi,90:0,34,34108,0,0,2,1,3,1,1,3,2,02,1,1,000,104,1,0,1,3,1,58,5,1,9,00,2,8,15,200700042946A01,31,1,1
200700042954,2007-07-06,2007,juillet,vendredi,14:30,35,35238,0,0,2,1,6,1,1,4,-1,01,1,1,000,080,1,0,1,4,2,22,3,1,2,00,2,1,1,200700042954B01,7,22,1
200700042955,2007-07-06,2007,juillet,vendredi,17:05,35,35238,0,0,2,1,6,1,1,4,2,00,2,1,000,000,1,0,1,4,1,15,0,1,2,00,2,1,1,200700042955A01,7,23,1
200700042958,2007-07-13,2007,juillet,vendredi,84:0,35,35238,0,0,2,2,3,1,1,4,2,02,1,1,000,000,1,0,1,4,2,29,1,0,0,00,2,0,1,200700042958B01,7,17,1
200700042963,2007-07-21,2007,juillet,samedi,11:40,35,35055,0,0,2,1,7,1,2,4,-1,00,-1,-1,000,000,2,0,1,4,1,13,5,1,2,00,0,0,0,200700042963A01,,,
200700042970,2007-07-24,2007,juillet,mardi,16:40,35,35238,0,0,2,6,6,1,1,4,1,01,2,3,000,030,1,0,1,4,1,51,5,1,2,00,2,1,0,200700042970B01,7,0,1
200700042971,2007-07-24,2007,juillet,mardi,17:40,35,35238,0,0,2,3,1,1,1,4,-1,02,1,1,000,060,1,0,1,3,1,46,1,1,9,00,2,1,1,200700042971B01,7,15,1
200700042983,2007-07-01,2007,juillet,dimanche,18:08,36,36044,0,0,2,7,3,1,1,4,1,03,1,2,080,150,1,0,1,4,1,62,5,1,2,00,2,1,1,200700042983B01,7,12,1
200700042989,2007-07-05,2007,juillet,jeudi,22:45,36,36063,0,0,2,1,7,5,1,4,2,02,1,1,000,120,1,0,1,4,1,21,5,1,4,00,0,0,1,200700042989A01,,,
200700042990,2007-07-08,2007,juillet,dimanche,19:15,36,36044,0,0,2,1,6,1,1,4,-1,00,2,1,000,000,-1,0,4,1,1,10,0,1,9,00,1,0,1,200700042990A01,,,
200700042990,2007-07-08,2007,juillet,dimanche,19:15,36,36044,0,0,2,1,6,1,1,4,-1,00,2,1,000,000,-1,0,4,1,1,8,0,1,9,00,1,0,1,200700042990A01,,,
200700042998,2007-07-30,2007,juillet,lundi,12:28,36,36044,0,0,2,3,1,1,1,4,2,02,1,1,000,050,1,0,1,4,1,10,5,1,9,00,0,1,16,200700042998B01,7,1,1
200700043002,2007-07-05,2007,juillet,jeudi,21:15,37,37261,0,0,2,2,6,1,8,4,2,01,1,3,000,059,1,0,1,1,1,17,5,1,9,00,2,1,15,200700043002A01,2,16,1
200700043006,2007-07-10,2007,juillet,mardi,71:0,37,37233,0,0,2,1,3,1,2,4,2,02,-1,-1,000,000,-1,0,1,4,1,25,1,1,2,00,0,0,0,200700043006A01,15,0,1
200700043008,2007-07-11,2007,juillet,mercredi,12:20,37,37261,0,0,2,2,3,1,1,2,2,04,1,1,019,124,1,5,1,4,2,23,5,1,9,00,2,1,15,200700043008A01,7,0,1
200700043010,2007-07-19,2007,juillet,jeudi,17:30,37,37233,0,0,2,1,3,1,1,4,2,02,1,1,029,059,1,0,1,3,1,50,1,1,2,00,2,8,19,200700043010B01,10,17,1
200700043012,2007-07-25,2007,juillet,mercredi,74:5,37,37261,0,0,2,6,3,1,1,4,2,02,1,1,000,040,1,7,1,4,1,51,1,1,9,00,2,1,1,200700043012B01,7,9,1
200700043022,2007-07-04,2007,juillet,mercredi,16:50,38,38185,0,0,2,4,6,1,1,4,2,02,1,1,000,078,1,0,1,4,1,48,5,1,2,00,2,1,1,200700043022B01,7,13,1
200700043022,2007-07-04,2007,juillet,mercredi,16:50,38,38185,0,0,2,4,6,1,1,4,2,02,1,1,000,078,1,0,1,1,2,17,5,1,2,00,2,1,1,200700043022C01,7,13,1
200700043027,2007-07-09,2007,juillet,lundi,85:0,38,38185,0,0,2,1,3,1,1,4,-1,03,-1,-1,000,090,1,0,1,4,2,26,0,1,9,00,2,4,1,200700043027B01,14,16,1
200700043028,2007-07-09,2007,juillet,lundi,14:00,38,38185,0,0,2,1,6,1,1,4,1,01,1,1,000,025,1,0,1,4,1,29,1,1,2,00,2,3,19,200700043028A01,30,5,1
200700043032,2007-07-12,2007,juillet,jeudi,15:00,38,38151,0,0,2,1,6,1,1,4,1,02,1,1,000,041,1,0,1,4,1,15,0,1,2,00,2,1,1,200700043032B01,10,9,1
200700043040,2007-07-19,2007,juillet,jeudi,15:30,38,38185,0,0,2,2,3,1,1,4,1,00,-1,-1,000,031,-1,0,1,4,1,23,0,1,2,00,2,1,19,200700043040B01,7,19,1
200700043041,2007-07-20,2007,juillet,vendredi,11:00,38,38185,0,0,2,2,1,1,1,4,1,04,1,-1,000,102,1,0,5,4,2,28,0,1,2,00,2,1,1,200700043041B01,7,9,1
200700043070,2007-07-08,2007,juillet,dimanche,12:35,41,41018,0,0,2,1,2,1,1,3,1,02,1,2,000,000,1,0,1,4,1,31,0,1,2,00,2,1,2,200700043070A01,7,2,1
200700043090,2007-07-03,2007,juillet,mardi,10:20,42,42071,0,0,2,1,3,1,2,4,2,02,1,1,000,072,1,0,1,4,2,57,5,1,9,00,2,1,1,200700043090B01,7,22,1
200700043093,2007-07-04,2007,juillet,mercredi,16:10,42,42127,0,0,1,1,3,1,1,3,2,02,1,3,000,060,1,0,3,3,1,35,0,1,2,00,2,8,1,200700043093B01,7,1,1
200700043106,2007-07-20,2007,juillet,vendredi,15:30,42,42187,0,0,2,1,3,1,1,9,2,01,1,1,000,076,1,0,1,3,1,67,9,1,9,00,0,1,1,200700043106A01,7,11,1
200700043107,2007-07-22,2007,juillet,dimanche,18:55,42,42184,0,0,2,3,3,1,1,9,2,02,1,1,000,059,1,0,1,3,1,29,9,1,9,00,2,1,1,200700043107B01,7,11,1
200700043109,2007-07-23,2007,juillet,lundi,15:30,42,42184,0,0,2,3,1,1,1,9,2,02,1,1,000,080,1,0,1,3,1,87,5,1,9,00,2,1,11,200700043109B01,30,1,1
200700043119,2007-07-09,2007,juillet,lundi,16:00,42,42218,0,0,2,1,2,1,1,4,2,02,1,1,000,060,1,0,1,4,1,13,5,1,2,00,2,1,1,200700043119A01,7,1,1
200700043126,2007-07-20,2007,juillet,vendredi,72:0,42,42218,0,0,2,1,6,1,1,4,2,02,1,1,000,000,1,0,1,4,1,48,1,1,2,01,0,1,1,200700043126B01,7,22,1
200700043132,2007-07-19,2007,juillet,jeudi,15:50,43,43157,0,0,2,1,6,1,1,2,1,02,1,1,000,060,1,0,1,4,1,83,5,1,2,00,0,4,1,200700043132B01,7,1,1
200700043135,2007-07-04,2007,juillet,mercredi,17:00,44,44135,0,0,2,1,7,1,1,4,2,02,1,1,000,000,1,0,1,4,1,38,5,1,9,00,0,0,1,200700043135A01,,,
200700043139,2007-07-09,2007,juillet,lundi,17:40,44,44132,0,0,2,1,3,1,1,4,2,02,1,1,000,000,1,0,1,4,2,71,5,1,9,00,2,8,1,200700043139B01,10,9,1
200700043143,2007-07-15,2007,juillet,dimanche,11:09,44,44055,0,0,2,1,2,1,1,4,2,02,1,1,000,000,1,0,1,4,1,59,5,0,0,00,2,1,1,200700043143B01,7,0,1
200700043149,2007-07-24,2007,juillet,mardi,21:15,44,44132,0,0,2,1,6,2,1,4,1,01,2,1,000,070,1,0,1,4,2,13,5,1,2,14,0,1,1,200700043149A01,,,
200700043157,2007-07-04,2007,juillet,mercredi,95:5,44,44109,0,0,2,9,3,1,1,4,2,02,-1,-1,000,000,-1,0,1,4,1,50,1,1,9,00,2,7,0,200700043157B01,7,1,1
200700043166,2007-07-12,2007,juillet,jeudi,17:25,44,44109,0,0,2,2,3,1,1,4,2,02,1,1,000,100,1,0,1,3,1,26,1,1,9,00,2,1,1,200700043166B01,7,9,1
200700043176,2007-07-17,2007,juillet,mardi,62:0,44,44109,0,0,2,6,3,1,1,4,3,02,1,1,061,204,1,0,1,3,1,48,1,1,9,00,2,1,15,200700043176B01,7,0,1
200700043183,2007-07-19,2007,juillet,jeudi,10:25,44,44109,0,0,2,2,3,1,1,4,3,05,1,1,100,280,1,0,1,3,2,47,0,1,2,00,2,1,1,200700043183B01,15,14,1
200700043185,2007-07-19,2007,juillet,jeudi,18:20,44,44109,0,0,2,3,3,1,1,4,2,04,1,1,260,500,1,0,1,4,2,20,5,1,2,00,0,7,14,200700043185B01,20,1,1
200700043186,2007-07-16,2007,juillet,lundi,20:30,44,44109,0,0,2,1,2,1,1,4,-1,02,-1,-1,000,000,1,0,1,4,1,36,1,1,2,00,2,4,1,200700043186B01,7,1,1
200700043195,2007-07-06,2007,juillet,vendredi,17:30,44,44184,0,0,2,1,3,1,1,2,2,02,4,1,000,000,1,2,1,4,1,21,5,1,2,00,2,3,13,200700043195A01,7,1,1
200700043197,2007-07-11,2007,juillet,mercredi,16:30,44,44184,0,0,2,2,3,1,1,4,2,02,1,1,000,000,1,0,1,4,1,50,5,1,9,00,2,2,1,200700043197A01,7,1,1
200700043224,2007-07-14,2007,juillet,samedi,11:45,45,45232,0,0,2,1,3,1,1,4,3,05,1,1,014,164,1,0,1,3,1,48,0,1,2,00,2,0,19,200700043224A01,7,1,1
200700043256,2007-07-04,2007,juillet,mercredi,16:11,49,49007,0,0,2,1,7,1,1,6,2,01,1,1,000,060,1,0,1,4,1,70,5,1,9,12,0,0,1,200700043256A01,,,
200700043271,2007-07-17,2007,juillet,mardi,17:20,49,49007,0,0,2,1,6,1,1,4,1,01,1,1,000,029,1,0,1,4,1,35,0,1,9,15,0,1,15,200700043271A01,,,
200700043277,2007-07-22,2007,juillet,dimanche,85:9,49,49007,0,0,2,1,7,1,1,4,-1,02,1,1,000,020,1,0,0,4,2,46,5,1,9,00,0,0,1,200700043277A01,,,
200700043282,2007-07-26,2007,juillet,jeudi,15:58,49,49007,0,0,2,2,6,1,1,4,1,01,1,1,000,035,1,0,1,3,1,29,5,1,9,00,2,1,1,200700043282A01,7,1,1
200700043287,2007-07-29,2007,juillet,dimanche,19:45,49,49007,0,0,2,1,6,1,1,4,-1,02,-1,-1,000,070,-1,0,1,4,2,7,0,1,9,00,2,0,19,200700043287A01,7,1,1
200700043298,2007-07-12,2007,juillet,jeudi,17:50,49,49328,0,0,1,1,3,1,1,4,2,02,1,-1,000,035,1,0,1,3,1,15,5,1,9,00,2,8,0,200700043298B01,7,17,1
200700043307,2007-07-16,2007,juillet,lundi,17:10,50,50129,0,0,2,2,3,1,1,3,2,02,1,1,000,060,1,5,1,4,2,54,5,1,2,00,2,8,15,200700043307A01,7,1,1
200700043326,2007-07-14,2007,juillet,samedi,19:50,51,51454,0,0,2,1,3,1,1,4,2,04,2,1,000,160,1,0,1,3,1,49,5,1,2,00,2,1,1,200700043326B01,7,9,1
200700043363,2007-07-16,2007,juillet,lundi,10:40,54,54197,0,0,1,1,2,1,1,4,2,01,1,-1,000,020,1,0,0,4,1,56,5,1,9,00,2,1,2,200700043363A01,10,23,1
200700043369,2007-07-25,2007,juillet,mercredi,82:5,54,54304,0,0,2,1,3,1,1,4,2,02,4,1,000,000,1,0,5,4,2,54,1,1,2,00,2,1,1,200700043369B01,7,9,1
200700043398,2007-07-04,2007,juillet,mercredi,18:15,56,56121,0,0,2,1,7,1,1,9,2,02,1,1,000,000,1,0,1,4,1,82,0,1,9,01,0,1,1,200700043398B01,7,22,1
200700043407,2007-07-06,2007,juillet,vendredi,14:54,56,56162,0,0,1,1,7,1,1,4,-1,00,-1,-1,000,000,-1,0,0,4,1,15,0,1,2,00,0,0,0,200700043407A01,,,
200700043410,2007-07-13,2007,juillet,vendredi,18:08,56,56162,0,0,2,1,7,1,1,9,2,02,1,1,000,000,1,0,1,4,1,15,0,1,9,00,0,0,1,200700043410A01,,,
200700043412,2007-07-15,2007,juillet,dimanche,15:56,56,56162,0,0,2,1,7,1,1,9,2,02,1,1,000,000,1,0,4,4,1,16,5,1,9,09,0,1,1,200700043412A01,,,
200700043421,2007-07-10,2007,juillet,mardi,18:45,56,56260,0,0,2,1,1,1,1,4,2,02,1,1,000,068,1,0,1,4,1,31,5,1,9,00,2,8,13,200700043421A01,7,1,1
200700043429,2007-07-30,2007,juillet,lundi,54:2,57,57227,0,0,1,1,2,3,1,3,2,02,1,1,000,068,2,0,1,4,1,29,1,1,2,00,2,4,2,200700043429B01,7,2,1
200700043435,2007-07-01,2007,juillet,dimanche,13:10,57,57463,0,0,2,1,3,1,1,4,2,02,1,1,000,043,1,0,1,4,1,7,0,1,2,00,2,1,19,200700043435A01,7,1,1
200700043444,2007-07-13,2007,juillet,vendredi,22:30,57,57480,0,0,2,1,6,5,1,4,2,02,1,1,000,095,1,0,1,4,1,53,5,1,2,00,2,1,1,200700043444B01,7,5,1
200700043457,2007-07-02,2007,juillet,lundi,15:15,57,57221,0,0,2,1,3,1,1,4,2,02,1,1,000,070,1,0,1,4,1,32,5,1,9,00,2,1,1,200700043457B01,7,15,1
200700043469,2007-07-18,2007,juillet,mercredi,15:10,57,57012,0,0,2,2,6,1,1,4,2,02,2,1,000,046,1,0,1,4,1,16,5,1,9,00,2,1,1,200700043469B01,7,16,1
200700043493,2007-07-12,2007,juillet,jeudi,16:10,59,59017,0,0,2,1,6,1,1,9,2,02,1,1,000,060,1,0,1,3,2,51,5,1,9,01,0,8,1,200700043493B01,7,22,1
200700043502,2007-07-16,2007,juillet,lundi,17:45,59,59616,0,0,2,2,3,1,3,4,2,00,1,1,000,062,2,0,1,4,2,24,5,1,9,00,2,1,1,200700043502A01,7,1,1
200700043511,2007-07-09,2007,juillet,lundi,1:,59,59183,0,0,2,1,2,5,1,4,2,03,1,1,000,109,1,0,1,4,1,20,1,1,2,00,2,4,1,200700043511B01,7,1,1
200700043513,2007-07-16,2007,juillet,lundi,17:45,59,59271,0,0,2,1,2,1,3,4,2,02,1,2,000,057,2,0,1,3,1,9,5,1,2,00,2,0,19,200700043513B01,7,1,1
200700043520,2007-07-10,2007,juillet,mardi,17:10,59,59249,0,0,1,1,2,1,1,3,2,02,1,1,000,070,1,0,1,4,1,16,5,1,4,00,2,4,1,200700043520A01,7,2,1
200700043527,2007-07-03,2007,juillet,mardi,20:00,59,59350,0,0,2,3,6,1,1,4,2,02,1,1,000,000,1,0,1,4,1,35,0,1,2,00,2,1,15,200700043527B01,7,2,1
200700043530,2007-07-04,2007,juillet,mercredi,16:45,59,59360,0,0,2,1,3,1,1,4,2,02,1,1,030,060,1,0,1,4,1,13,5,1,9,00,2,1,19,200700043530A01,7,1,1
200700043532,2007-07-05,2007,juillet,jeudi,95:0,59,59350,0,0,2,2,3,1,1,4,2,02,1,1,000,109,1,5,1,4,1,18,9,1,2,00,9,1,1,200700043532B01,15,16,1
200700043540,2007-07-08,2007,juillet,dimanche,12:58,59,59350,0,0,2,1,6,1,1,4,2,02,1,1,000,070,1,0,1,3,1,8,0,1,9,00,2,1,19,200700043540B01,33,0,1
200700043552,2007-07-17,2007,juillet,mardi,74:0,59,59328,0,0,2,1,6,1,1,4,2,02,1,1,000,070,1,0,1,4,2,50,1,1,2,00,2,1,1,200700043552B01,7,24,1
200700043579,2007-07-11,2007,juillet,mercredi,82:0,59,59512,0,0,1,2,3,1,1,4,2,02,1,1,000,000,1,0,1,3,2,53,9,1,2,00,2,0,2,200700043579B01,7,16,1
200700043583,2007-07-04,2007,juillet,mercredi,14:45,59,59512,0,0,2,1,6,1,1,4,2,02,1,1,000,000,1,0,1,3,1,19,9,1,4,00,2,0,17,200700043583A01,,,
200700043609,2007-07-03,2007,juillet,mardi,18:00,59,59599,0,0,2,2,3,1,8,4,2,02,1,1,000,080,1,0,1,1,1,17,0,1,9,00,2,2,1,200700043609B01,30,1,1
200700043610,2007-07-07,2007,juillet,samedi,50:0,59,59352,0,0,2,1,6,3,1,4,-1,00,1,1,000,070,1,0,1,3,1,25,1,0,0,00,0,4,2,200700043610A01,,,
200700043654,2007-07-05,2007,juillet,jeudi,18:13,62,62065,0,0,2,1,6,1,1,4,3,01,2,1,040,060,1,2,1,3,1,12,5,1,9,00,2,8,19,200700043654B01,7,1,1
200700043671,2007-07-13,2007,juillet,vendredi,20:00,62,62193,0,0,2,6,6,1,1,4,1,02,1,2,000,075,1,0,1,4,1,29,9,1,9,00,2,8,2,200700043671B01,10,2,1
200700043678,2007-07-14,2007,juillet,samedi,16:00,62,62250,0,0,2,1,3,1,1,4,2,02,1,-1,000,051,1,0,1,4,1,14,5,1,9,00,2,1,19,200700043678A01,7,1,1