Num_Acc,date,an,mois,jour,hrmn,dep,com,lat,long,agg,int,col,lum,atm,catr,circ,nbv,prof,plan,lartpc,larrout,surf,infra,situ,grav,sexe,age,trajet,secuexist,equipement,obs,obsm,choc,manv,vehiculeid,typevehicules,manoeuvehicules,numVehicules
200700043700,2007-07-29,2007,juillet,dimanche,19:45,62,62563,0,0,2,9,3,2,1,4,1,02,1,1,000,070,2,0,0,3,1,37,5,1,9,00,2,8,19,200700043700B01,7,1,1
200700043715,2007-07-09,2007,juillet,lundi,13:10,63,63113,0,0,2,1,3,1,1,4,2,02,1,1,000,080,1,5,1,4,1,46,1,1,2,00,0,8,19,200700043715A01,7,1,1
200700043731,2007-07-24,2007,juillet,mardi,11:45,63,63113,0,0,2,1,6,5,1,4,2,02,1,1,000,000,1,0,1,4,1,65,5,1,2,00,2,7,1,200700043731B01,7,1,1
200700043743,2007-07-31,2007,juillet,mardi,73:0,63,63113,0,0,2,1,6,1,1,4,2,02,1,1,000,000,1,0,1,4,1,20,1,1,9,00,2,1,15,200700043743B01,7,17,1
200700043745,2007-07-12,2007,juillet,jeudi,13:40,63,63124,0,0,2,1,1,1,1,5,2,00,1,4,000,000,1,0,1,4,1,13,5,1,9,00,0,1,1,200700043745B01,7,13,1
200700043750,2007-07-31,2007,juillet,mardi,71:5,63,63164,0,0,2,1,3,1,1,4,2,02,2,1,000,068,1,0,1,4,1,18,1,1,9,00,2,1,9,200700043750A01,7,1,1
200700043765,2007-07-27,2007,juillet,vendredi,14:00,64,64102,0,0,2,4,3,1,1,4,2,02,1,1,000,071,1,5,1,4,1,42,1,1,9,00,2,1,13,200700043765B01,15,1,1
200700043771,2007-07-04,2007,juillet,mercredi,20:55,64,64335,0,0,2,6,1,5,1,2,1,02,1,2,000,070,1,0,1,4,1,26,1,1,9,00,2,1,1,200700043771B01,7,9,1
200700043777,2007-07-10,2007,juillet,mardi,13:45,64,64348,0,0,2,6,3,1,1,2,2,02,1,3,000,055,1,0,1,3,2,29,1,1,9,00,2,8,1,200700043777B01,7,16,1
200700043802,2007-07-15,2007,juillet,dimanche,11:15,64,64260,0,0,2,1,3,1,1,3,2,02,1,1,000,070,1,0,1,4,1,42,5,1,2,00,2,1,17,200700043802A01,7,16,1
200700043803,2007-07-22,2007,juillet,dimanche,92:5,64,64260,0,0,1,1,3,1,1,3,2,02,1,3,000,070,1,0,1,4,1,67,5,1,2,00,2,8,1,200700043803B01,7,14,1
200700043824,2007-07-11,2007,juillet,mercredi,14:35,64,64545,0,0,1,1,3,1,1,2,3,02,1,1,000,070,1,0,1,4,1,39,5,1,2,00,2,1,1,200700043824A01,7,16,1
200700043834,2007-07-26,2007,juillet,jeudi,92:5,65,65286,0,0,2,1,3,1,1,3,2,02,1,1,000,065,1,0,1,3,1,38,5,1,2,00,0,2,2,200700043834B01,17,17,1
200700043846,2007-07-09,2007,juillet,lundi,11:55,65,65440,0,0,2,1,6,1,1,4,1,02,1,1,000,075,1,0,3,4,1,77,9,1,2,00,2,1,1,200700043846D01,7,14,1
200700043849,2007-07-18,2007,juillet,mercredi,15:50,65,65440,0,0,2,6,3,1,1,2,1,02,1,3,100,086,1,0,1,4,1,75,3,1,2,00,0,8,1,200700043849B01,7,16,1
200700043875,2007-07-05,2007,juillet,jeudi,81:0,67,67482,0,0,2,3,6,1,1,4,2,02,1,1,000,100,1,0,1,4,2,25,5,1,9,00,2,7,1,200700043875B01,7,1,1
200700043877,2007-07-07,2007,juillet,samedi,11:00,67,67482,0,0,2,1,3,1,1,4,2,02,1,1,000,080,1,0,5,4,1,59,5,1,2,01,0,1,1,200700043877B01,7,22,1
200700043879,2007-07-07,2007,juillet,samedi,15:30,67,67482,0,0,2,1,1,1,1,4,1,01,1,1,000,013,1,0,0,4,1,34,1,1,9,00,2,1,1,200700043879A01,1,1,1
200700043879,2007-07-07,2007,juillet,samedi,15:30,67,67482,0,0,2,1,1,1,1,4,1,01,1,1,000,013,1,0,0,1,1,30,5,1,9,00,2,1,1,200700043879B01,1,1,1
200700043883,2007-07-09,2007,juillet,lundi,17:50,67,67482,0,0,2,3,3,1,1,4,2,02,1,1,000,090,1,0,1,4,2,50,5,1,9,00,2,8,1,200700043883A01,1,1,1
200700043883,2007-07-09,2007,juillet,lundi,17:50,67,67482,0,0,2,3,3,1,1,4,2,02,1,1,000,090,1,0,1,1,1,29,5,1,9,00,2,1,1,200700043883B01,1,1,1
200700043884,2007-07-10,2007,juillet,mardi,11:0,67,67482,0,0,2,2,2,5,2,4,3,02,1,1,097,129,2,4,1,4,1,34,5,1,9,00,2,4,1,200700043884B01,7,1,1
200700043888,2007-07-13,2007,juillet,vendredi,13:55,67,67482,0,0,2,2,3,1,1,4,2,02,1,1,000,130,1,0,1,4,2,43,4,0,0,00,2,8,15,200700043888A01,7,1,1
200700043899,2007-07-24,2007,juillet,mardi,20:35,67,67482,0,0,2,3,3,2,1,4,-1,06,1,1,000,120,1,0,1,4,2,22,5,1,9,00,2,8,15,200700043899A01,40,1,1
200700043901,2007-07-25,2007,juillet,mercredi,10:00,67,67482,0,0,1,1,1,1,1,9,2,02,1,1,000,030,1,0,5,4,2,61,5,1,9,00,2,1,1,200700043901B01,30,13,1
200700043903,2007-07-27,2007,juillet,vendredi,18:30,67,67482,0,0,2,1,3,1,1,4,2,02,1,1,000,086,1,0,1,4,1,11,5,1,9,00,2,1,19,200700043903A01,7,1,1
200700043905,2007-07-30,2007,juillet,lundi,20:30,67,67482,0,0,2,1,3,1,1,4,-1,04,1,1,000,130,1,0,1,4,2,16,5,1,9,00,2,7,15,200700043905A01,7,1,1
200700043912,2007-07-28,2007,juillet,samedi,18:00,68,68066,0,0,2,3,3,1,1,4,2,02,1,1,000,080,1,0,1,4,1,16,5,1,2,00,2,1,1,200700043912B01,7,15,1
200700043919,2007-07-09,2007,juillet,lundi,18:20,68,68224,0,0,2,3,3,1,1,4,2,00,1,1,010,160,1,0,1,4,2,38,0,1,9,00,2,2,1,200700043919B01,7,15,1
200700043925,2007-07-21,2007,juillet,samedi,16:50,68,68224,0,0,2,1,3,1,1,4,1,02,1,1,000,062,1,0,1,4,1,5,5,1,2,00,2,1,19,200700043925B01,7,1,1
200700043927,2007-07-05,2007,juillet,jeudi,18:55,68,68224,0,0,2,1,3,1,1,4,1,01,1,1,000,000,1,0,1,3,1,15,5,1,2,00,2,1,1,200700043927A01,7,1,1
200700043929,2007-07-27,2007,juillet,vendredi,14:00,68,68224,0,0,2,3,3,1,1,4,2,01,1,1,000,070,1,0,1,3,1,29,1,1,2,00,2,1,15,200700043929B01,7,19,1
200700043930,2007-07-29,2007,juillet,dimanche,54:0,68,68224,0,0,2,1,7,2,1,4,2,02,2,-1,000,000,1,0,1,3,1,17,9,1,9,06,0,1,0,200700043930A01,,,
200700043941,2007-07-17,2007,juillet,mardi,16:50,69,69034,0,0,2,1,6,1,1,4,2,02,1,2,000,070,1,0,1,3,1,12,2,1,9,00,2,8,19,200700043941B01,7,1,1
200700043948,2007-07-05,2007,juillet,jeudi,16:10,69,69256,0,0,2,3,3,1,1,4,2,01,1,1,000,000,1,0,1,4,1,51,0,1,9,00,2,1,15,200700043948B01,7,1,1
200700043954,2007-07-30,2007,juillet,lundi,19:00,69,69199,0,0,2,2,3,1,1,4,2,02,1,1,000,040,1,0,1,4,1,18,0,1,4,00,2,8,15,200700043954B01,7,0,1
200700043955,2007-07-14,2007,juillet,samedi,14:45,69,69013,0,0,1,2,3,1,1,4,2,02,1,1,000,000,1,5,1,3,1,72,5,0,0,00,2,1,1,200700043955B01,7,12,1
200700043958,2007-07-04,2007,juillet,mercredi,17:00,69,69264,0,0,2,1,1,1,1,4,2,01,1,1,000,077,1,0,1,3,1,15,5,1,9,00,0,0,0,200700043958A01,7,0,1
200700043966,2007-07-10,2007,juillet,mardi,81:0,69,69266,0,0,2,3,3,1,2,4,1,02,1,1,000,066,2,0,1,4,1,25,1,1,9,00,2,7,1,200700043966B01,7,15,1
200700043972,2007-07-19,2007,juillet,jeudi,19:00,69,69266,0,0,2,1,6,1,1,4,2,03,1,1,000,056,1,0,1,4,1,39,0,1,9,01,9,0,1,200700043972B01,10,22,1
200700043986,2007-07-23,2007,juillet,lundi,16:40,70,70550,0,0,2,1,3,1,3,4,2,02,1,1,000,054,2,0,1,3,1,39,5,1,9,00,2,4,15,200700043986A01,7,2,1
200700044030,2007-07-06,2007,juillet,vendredi,12:10,72,72181,0,0,2,1,2,1,1,9,1,01,1,1,000,000,1,0,1,4,1,54,9,1,2,00,0,4,1,200700044030B01,7,1,1
200700044038,2007-07-14,2007,juillet,samedi,20:00,72,72181,0,0,2,1,3,1,1,9,2,01,1,1,000,068,1,0,1,1,1,13,9,1,2,00,0,0,19,200700044038B01,7,1,1
200700044038,2007-07-14,2007,juillet,samedi,20:00,72,72181,0,0,2,1,3,1,1,9,2,01,1,1,000,068,1,0,1,4,1,13,0,1,2,00,0,0,19,200700044038B01,7,1,1
200700044040,2007-07-18,2007,juillet,mercredi,15:40,72,72181,0,0,2,1,6,1,1,9,1,03,2,1,000,088,1,0,1,4,1,76,0,1,2,14,0,1,1,200700044040A01,,,
200700044046,2007-07-24,2007,juillet,mardi,71:0,72,72181,0,0,2,1,3,1,1,9,2,05,1,1,000,000,1,0,1,4,1,51,1,1,2,00,0,8,11,200700044046B01,7,1,1
200700044049,2007-07-27,2007,juillet,vendredi,19:00,72,72181,0,0,2,1,6,1,1,9,2,02,1,1,000,000,1,0,1,4,2,19,9,1,2,16,0,0,1,200700044049A01,,,
200700044054,2007-07-31,2007,juillet,mardi,15:30,72,72181,0,0,2,1,6,1,1,9,2,02,1,1,000,000,1,0,1,4,1,44,9,1,2,16,0,0,1,200700044054A01,,,
200700044062,2007-07-24,2007,juillet,mardi,17:45,74,74010,0,0,2,1,6,1,1,4,2,00,1,1,000,000,1,0,1,4,1,50,5,1,2,00,0,1,17,200700044062B01,10,17,1
200700044063,2007-07-25,2007,juillet,mercredi,11:14,74,74010,0,0,2,2,6,1,1,4,1,02,1,1,000,000,1,0,2,4,2,35,5,1,2,00,0,1,1,200700044063B01,10,1,1
200700044116,2007-07-18,2007,juillet,mercredi,17:50,76,76410,0,0,2,1,3,1,1,4,2,01,1,4,000,060,1,0,1,3,1,8,5,1,9,00,2,8,1,200700044116B01,7,1,1
200700044119,2007-07-20,2007,juillet,vendredi,18:10,76,76497,0,0,2,1,2,1,1,4,2,01,2,1,000,070,1,5,1,4,1,51,5,1,2,00,2,1,2,200700044119B01,7,4,1
200700044154,2007-07-08,2007,juillet,dimanche,11:45,77,77294,0,0,1,1,6,1,1,3,2,02,1,1,000,040,1,0,1,3,1,32,5,1,2,00,0,0,1,200700044154B01,7,1,1
200700044189,2007-07-23,2007,juillet,lundi,19:20,78,78423,0,0,2,1,3,1,1,4,-1,01,-1,-1,000,000,-1,0,1,4,1,9,0,1,4,00,2,1,19,200700044189B01,13,2,1
200700044203,2007-07-30,2007,juillet,lundi,12:40,78,78440,0,0,2,1,3,1,1,4,3,04,1,1,000,000,1,0,1,4,2,18,5,1,2,00,2,8,0,200700044203B01,7,1,1
200700044212,2007-07-22,2007,juillet,dimanche,10:05,78,78165,0,0,2,1,5,1,1,4,2,01,1,1,000,069,1,0,1,4,1,35,5,1,2,00,2,3,5,200700044212A01,7,0/1,2
200700044219,2007-07-11,2007,juillet,mercredi,83:0,78,78123,0,0,2,2,3,1,1,3,2,06,1,1,000,180,1,5,1,3,1,67,5,1,2,00,2,1,1,200700044219B01,10,0,1
200700044244,2007-07-19,2007,juillet,jeudi,90:0,78,78640,0,0,2,1,3,1,1,3,1,02,1,1,000,050,1,0,1,4,1,27,1,1,9,00,2,1,5,200700044244A01,14,9,1
200700044250,2007-07-17,2007,juillet,mardi,19:20,78,78646,0,0,2,1,6,1,1,4,2,02,1,1,000,080,1,0,5,4,1,9,5,1,2,00,2,7,1,200700044250A01,7,24,1
200700044255,2007-07-01,2007,juillet,dimanche,12:20,78,78418,0,0,1,1,2,1,1,4,2,02,2,3,000,063,1,0,1,4,1,69,5,1,9,01,0,1,1,200700044255B01,7,23,1
200700044276,2007-07-17,2007,juillet,mardi,13:10,80,80021,0,0,2,2,3,1,1,3,2,02,1,1,000,000,1,0,1,4,1,19,1,1,9,00,2,1,1,200700044276A01,7,1,1
200700044277,2007-07-18,2007,juillet,mercredi,92:5,80,80674,0,0,2,1,3,1,1,4,2,02,1,1,000,000,1,0,1,4,2,22,0,1,9,00,2,1,1,200700044277B01,10,16,1
200700044294,2007-07-06,2007,juillet,vendredi,14:25,81,81065,0,0,2,1,2,1,1,3,2,02,1,1,000,000,1,0,1,3,1,21,0,1,4,00,2,1,1,200700044294A01,7,1,1
200700044361,2007-07-12,2007,juillet,jeudi,62:5,83,83137,0,0,2,1,6,1,1,3,2,02,2,1,000,000,1,0,0,4,1,34,1,1,9,00,1,1,1,200700044361A01,,,
200700044368,2007-07-16,2007,juillet,lundi,91:5,83,83090,0,0,2,1,2,1,1,3,2,03,1,3,003,117,1,0,1,3,1,41,1,1,2,01,0,1,1,200700044368B01,13,0,1
200700044384,2007-07-13,2007,juillet,vendredi,10:55,83,83090,0,0,1,1,1,1,1,5,-1,01,1,2,000,000,1,0,0,4,1,10,5,1,9,00,2,1,5,200700044384B01,7,1,1
200700044392,2007-07-05,2007,juillet,jeudi,12:30,84,84007,0,0,2,1,3,1,1,4,3,02,1,1,000,000,1,0,4,4,1,35,1,1,9,00,2,2,5,200700044392A01,7,0,1
200700044403,2007-07-22,2007,juillet,dimanche,93:0,84,84007,0,0,2,3,3,1,1,4,2,02,1,1,000,080,1,0,1,4,1,83,5,1,9,00,2,7,15,200700044403B01,7,9,1
200700044421,2007-07-06,2007,juillet,vendredi,19:15,85,85194,0,0,2,6,1,1,1,4,1,00,1,-1,000,000,-1,0,1,4,1,49,0,1,9,00,2,1,5,200700044421A01,7,0,1
200700044442,2007-07-19,2007,juillet,jeudi,83:0,86,86194,0,0,2,1,6,1,1,4,2,02,1,1,030,120,1,0,1,4,1,33,1,1,9,01,0,0,1,200700044442B01,7,22,1
200700044451,2007-07-02,2007,juillet,lundi,17:47,87,87085,0,0,2,1,7,1,1,4,2,02,-1,1,000,060,1,0,1,4,1,51,1,1,2,00,0,0,1,200700044451A01,,,
200700044460,2007-07-04,2007,juillet,mercredi,12:08,87,87085,0,0,2,3,6,1,1,3,2,02,1,1,000,060,2,0,1,4,1,61,5,1,2,14,0,1,19,200700044460A01,,,
200700044487,2007-07-17,2007,juillet,mardi,92:0,87,87085,0,0,2,1,6,1,1,4,2,02,2,1,000,080,1,0,1,4,1,16,5,1,9,00,0,0,1,200700044487A01,,,
200700044492,2007-07-21,2007,juillet,samedi,17:52,87,87065,0,0,2,1,7,1,1,3,1,02,-1,2,000,060,1,0,1,4,1,33,5,1,2,00,0,0,1,200700044492A01,,,
200700044499,2007-07-27,2007,juillet,vendredi,17:50,87,87085,0,0,2,2,1,1,1,4,3,06,-1,1,010,180,1,0,1,4,1,30,5,1,2,00,2,1,1,200700044499B01,7,15,1
200700044506,2007-07-31,2007,juillet,mardi,17:45,87,87085,0,0,2,2,3,1,1,4,2,02,-1,1,000,060,1,0,1,4,1,18,5,1,2,00,2,7,1,200700044506B01,7,9,1
200700044509,2007-07-17,2007,juillet,mardi,10:50,88,88087,0,0,2,4,3,1,1,3,2,02,2,1,000,070,1,0,1,3,1,43,5,1,2,00,2,1,1,200700044509B01,7,9,1
200700044566,2007-07-08,2007,juillet,dimanche,18:25,91,91326,0,0,2,3,6,1,3,2,2,02,-1,-1,000,000,-1,0,1,3,1,18,5,1,9,00,2,1,2,200700044566A01,7,0,1
200700044572,2007-07-06,2007,juillet,vendredi,84:0,91,91421,0,0,2,1,1,1,1,4,1,01,1,4,000,070,1,0,1,4,1,17,5,1,9,00,2,1,5,200700044572A01,7,1,1
200700044592,2007-07-09,2007,juillet,lundi,10:5,92,92004,0,0,2,1,6,5,2,9,1,01,1,1,010,030,1,0,1,4,1,35,5,1,9,00,2,7,8,200700044592A01,37,1,1
200700044600,2007-07-26,2007,juillet,jeudi,10:10,92,92004,0,0,2,1,6,1,1,3,1,02,1,1,000,065,1,0,1,4,1,20,0,1,9,00,2,8,1,200700044600B01,7,17,1
200700044610,2007-07-06,2007,juillet,vendredi,11:19,92,92012,0,0,1,1,6,1,1,3,2,02,1,1,000,100,1,0,1,4,1,33,1,1,9,00,2,8,18,200700044610B01,7,2,1
200700044623,2007-07-13,2007,juillet,vendredi,19:45,92,92032,0,0,2,1,3,1,1,3,2,02,1,3,020,080,1,0,5,4,2,30,1,1,2,00,2,3,1,200700044623B01,37,14,1
200700044674,2007-07-13,2007,juillet,vendredi,16:30,92,92036,0,0,2,1,1,1,1,4,1,01,1,1,000,050,1,0,1,4,1,18,5,1,9,00,2,1,19,200700044674A01,10,1,1
200700044675,2007-07-15,2007,juillet,dimanche,18:15,92,92036,0,0,2,2,1,1,1,3,2,02,1,1,000,080,1,0,1,3,1,22,5,1,9,00,2,3,23,200700044675B01,32,13,1
200700044729,2007-07-28,2007,juillet,samedi,11:40,92,92051,0,0,2,1,3,1,1,4,2,02,1,1,000,100,1,0,1,4,1,58,0,1,2,01,0,1,1,200700044729B01,7,22,1
200700044748,2007-07-27,2007,juillet,vendredi,12:50,92,92072,0,0,2,1,3,1,1,9,2,02,1,1,000,000,1,0,1,4,1,75,5,1,4,00,2,8,0,200700044748B01,7,2,1
200700044758,2007-07-02,2007,juillet,lundi,15:35,92,92075,0,0,2,3,2,1,1,3,2,02,4,1,000,080,1,0,1,4,1,41,1,1,9,00,2,1,2,200700044758A01,7,16,1
200700044834,2007-07-20,2007,juillet,vendredi,22:30,93,93029,0,0,2,1,1,5,1,3,2,02,1,1,000,200,1,0,1,3,1,13,5,1,9,00,2,1,1,200700044834B01,7,1,1
200700044842,2007-07-19,2007,juillet,jeudi,18:25,93,93031,0,0,2,1,5,1,1,4,2,02,1,1,001,060,1,0,1,4,1,31,0,1,9,00,0,1,0,200700044842B01,32/ 7,17/0,2
200700044844,2007-07-31,2007,juillet,mardi,21:05,93,93031,0,0,2,3,2,2,1,4,2,02,2,1,000,050,1,5,1,4,1,43,1,1,2,00,0,4,0,200700044844B01,33,0,1
200700044892,2007-07-14,2007,juillet,samedi,12:15,93,93053,0,0,2,3,3,1,1,4,3,04,1,-1,000,100,1,0,1,3,1,41,5,0,0,00,0,0,0,200700044892B01,7,0,1
200700044915,2007-07-08,2007,juillet,dimanche,13:10,93,93014,0,0,2,1,7,1,1,4,1,01,1,1,000,060,1,0,4,3,1,57,5,1,2,12,0,1,0,200700044915A01,,,
200700044936,2007-07-12,2007,juillet,jeudi,18:50,93,93070,0,0,2,5,1,1,2,4,3,02,-1,-1,000,000,-1,0,0,3,2,22,0,1,9,00,2,0,19,200700044936B01,7,2,1
200700044940,2007-07-20,2007,juillet,vendredi,19:45,93,93071,0,0,2,1,5,1,1,4,2,02,1,1,000,050,1,0,1,3,1,18,0,1,9,00,2,8,0,200700044940C01,7,1/17,2
200700044942,2007-07-30,2007,juillet,lundi,85:5,93,93071,0,0,2,3,2,1,1,4,2,02,1,1,000,080,1,0,1,4,1,92,0,1,9,00,0,4,2,200700044942B01,32,2,1
200700044946,2007-07-02,2007,juillet,lundi,13:30,93,93072,0,0,2,1,3,1,1,3,3,02,1,1,015,065,1,0,1,4,1,13,0,1,9,00,2,3,11,200700044946B01,7,1,1
200700044953,2007-07-19,2007,juillet,jeudi,13:25,94,94002,0,0,2,1,6,1,1,4,2,02,1,1,000,072,1,0,1,4,1,23,1,1,2,01,0,1,1,200700044953B01,7,24,1
200700044955,2007-07-24,2007,juillet,mardi,20:30,94,94002,0,0,2,1,3,1,1,4,1,01,1,1,000,050,1,0,1,4,1,8,5,1,2,00,2,1,19,200700044955B01,7,1,1
200700044956,2007-07-30,2007,juillet,lundi,18:20,94,94002,0,0,2,1,3,1,1,3,3,03,1,1,000,155,1,0,4,4,1,42,0,1,2,00,2,8,19,200700044956A01,7,15,1
200700045019,2007-07-20,2007,juillet,vendredi,15:50,94,94028,0,0,2,1,6,1,1,3,2,02,-1,-1,000,060,-1,0,1,4,1,13,0,0,0,00,2,6,19,200700045019B01,7,2,1
200700045051,2007-07-29,2007,juillet,dimanche,12:20,94,94076,0,0,1,2,7,1,1,4,2,00,1,1,000,060,1,0,1,4,2,11,0,0,0,00,1,1,1,200700045051A01,,,
200700045063,2007-07-21,2007,juillet,samedi,11:15,94,94038,0,0,2,1,3,1,1,4,1,01,1,1,000,000,1,0,1,3,2,51,4,1,4,00,2,8,19,200700045063B01,7,16,1
200700045064,2007-07-26,2007,juillet,jeudi,18:55,94,94021,0,0,2,1,6,1,1,4,2,00,1,1,000,000,1,0,1,4,2,21,5,1,9,00,2,0,1,200700045064B01,7,1,1
200700045069,2007-07-31,2007,juillet,mardi,71:5,94,94021,0,0,2,2,6,1,1,3,3,02,1,1,070,070,1,5,1,3,1,55,5,1,2,00,2,7,1,200700045069B01,10,1,1
200700045109,2007-07-25,2007,juillet,mercredi,17:20,94,94081,0,0,2,1,6,1,1,2,2,06,1,1,042,060,1,0,1,4,1,18,5,1,2,00,2,1,13,200700045109A01,7,1,1
200700045111,2007-07-08,2007,juillet,dimanche,20:50,95,95176,0,0,2,2,1,1,8,3,2,02,1,1,000,060,1,0,1,4,1,65,1,1,2,00,2,1,1,200700045111B01,7,15,1
200700045123,2007-07-29,2007,juillet,dimanche,11:25,95,95018,0,0,2,2,3,1,1,4,1,01,1,1,000,050,1,0,1,4,1,64,5,1,2,00,2,1,1,200700045123B01,7,1,1
200700045125,2007-07-16,2007,juillet,lundi,18:05,95,95063,0,0,2,1,3,1,2,3,3,00,1,1,000,000,1,0,1,4,2,31,5,1,9,01,0,0,1,200700045125B01,7,24,1
200700045126,2007-07-07,2007,juillet,samedi,91:5,95,95063,0,0,2,1,2,1,1,4,-1,02,1,-1,000,000,1,0,1,4,2,22,1,1,9,00,2,1,1,200700045126A01,7,16,1
200700045128,2007-07-15,2007,juillet,dimanche,19:15,95,95127,0,0,2,1,7,1,1,4,2,02,1,1,000,060,1,0,1,4,2,14,5,1,2,00,2,8,15,200700045128B01,7,1,1
200700045136,2007-07-10,2007,juillet,mardi,16:05,95,95252,0,0,2,3,3,1,1,4,2,02,1,1,000,070,1,0,1,4,1,48,5,1,2,00,2,1,1,200700045136A01,7,19,1
200700045142,2007-07-27,2007,juillet,vendredi,75:0,95,95203,0,0,2,3,3,1,1,4,2,00,1,1,000,051,1,0,5,4,2,51,1,1,2,00,2,5,19,200700045142B01,7,1,1
200700045144,2007-07-29,2007,juillet,dimanche,20:05,95,95203,0,0,2,6,3,1,1,3,2,02,1,1,000,000,1,0,1,4,1,11,5,1,2,00,2,1,9,200700045144B01,7,9,1
200700045161,2007-07-31,2007,juillet,mardi,17:30,95,95313,0,0,1,1,3,1,1,3,2,02,1,1,000,020,1,0,5,3,1,70,5,1,2,00,2,1,1,200700045161B01,7,15,1
200700045474,2007-07-12,2007,juillet,jeudi,19:15,69,69383,0,0,2,1,3,1,1,4,1,01,1,1,000,000,1,0,1,4,1,70,5,1,9,01,0,1,1,200700045474B01,7,24,1
200700045478,2007-07-12,2007,juillet,jeudi,15:40,69,69383,0,0,2,3,3,1,1,4,2,03,1,1,000,100,1,5,1,4,1,22,5,1,9,00,2,0,1,200700045478B01,7,16,1
200700045511,2007-07-30,2007,juillet,lundi,14:45,33,33063,0,0,1,1,1,1,1,1,1,01,2,1,005,020,1,2,5,4,2,34,5,1,9,00,2,2,5,200700045511B01,30,2,1
200700045544,2007-07-25,2007,juillet,mercredi,12:40,69,69388,0,0,2,1,1,1,1,4,1,03,1,1,137,084,1,0,1,4,1,41,5,1,9,00,2,1,19,200700045544A01,7,1,1
200700045630,2007-07-01,2007,juillet,dimanche,18:20,75,75101,0,0,2,1,6,1,1,4,1,03,1,1,000,110,1,0,1,4,1,40,5,1,9,00,0,1,7,200700045630B01,7,7,1
200700045638,2007-07-03,2007,juillet,mardi,18:15,75,75101,0,0,2,1,6,1,8,4,1,01,1,1,007,140,1,0,5,1,1,22,1,1,9,00,1,1,1,200700045638A01,,,
200700045638,2007-07-03,2007,juillet,mardi,18:15,75,75101,0,0,2,1,6,1,8,4,1,01,1,1,007,140,1,0,5,4,2,63,5,0,0,00,1,1,1,200700045638A01,,,
200700045646,2007-07-17,2007,juillet,mardi,19:25,75,75101,0,0,2,1,6,1,1,4,1,00,1,1,000,043,1,0,1,4,1,40,5,1,9,00,2,8,2,200700045646B01,37,2,1
200700045670,2007-07-03,2007,juillet,mardi,12:20,75,75103,0,0,2,1,5,1,2,4,1,02,1,1,010,040,2,0,1,4,1,35,0,1,9,01,2,7,3,200700045670B01,7/ 10,0/2,2
200700045676,2007-07-19,2007,juillet,jeudi,23:25,75,75103,0,0,2,7,3,5,1,4,-1,02,1,-1,000,150,1,0,0,3,1,56,5,1,9,00,2,1,2,200700045676A01,38,16,1
200700045687,2007-07-11,2007,juillet,mercredi,95:5,75,75104,0,0,2,1,6,1,1,4,2,03,1,2,000,180,1,0,1,4,2,28,4,1,9,00,2,6,9,200700045687B01,7,2,1
200700045688,2007-07-12,2007,juillet,jeudi,18:55,75,75105,0,0,2,2,6,1,8,4,2,04,1,1,000,174,2,0,1,4,1,24,5,1,9,00,2,3,13,200700045688A01,37,2,1
200700045698,2007-07-30,2007,juillet,lundi,16:50,75,75104,0,0,2,1,7,1,1,4,2,00,2,1,000,106,1,0,4,4,1,69,5,1,9,12,0,7,0,200700045698A01,,,
200700045699,2007-07-30,2007,juillet,lundi,19:20,75,75104,0,0,2,2,3,1,1,4,1,02,1,1,000,101,1,0,1,4,2,50,5,1,9,00,2,1,1,200700045699B01,10,16,1
200700045711,2007-07-12,2007,juillet,jeudi,95:0,75,75105,0,0,2,1,3,1,8,4,1,03,1,1,065,095,1,0,1,4,2,38,1,0,0,00,2,3,11,200700045711A01,7,0,1
200700045716,2007-07-19,2007,juillet,jeudi,12:15,75,75105,0,0,2,1,6,1,1,4,1,01,1,1,000,068,1,0,1,1,2,42,0,1,9,00,1,1,1,200700045716A01,,,
200700045717,2007-07-20,2007,juillet,vendredi,11:5,75,75105,0,0,2,1,3,5,1,4,4,07,1,1,000,191,1,0,1,4,1,22,5,1,9,00,2,3,2,200700045717A01,7,1,1
200700045727,2007-07-04,2007,juillet,mercredi,18:55,75,75106,0,0,2,1,6,1,1,4,3,02,2,3,000,165,1,0,1,1,1,28,5,1,9,00,0,1,0,200700045727A01,,,
200700045732,2007-07-10,2007,juillet,mardi,11:25,75,75106,0,0,2,2,1,1,2,4,2,02,1,-1,000,087,2,0,1,4,2,38,5,1,9,00,0,1,0,200700045732B01,7,15,1
200700045744,2007-07-28,2007,juillet,samedi,15:55,75,75106,0,0,2,1,6,1,1,9,1,04,1,1,000,134,1,0,4,4,2,44,5,1,9,15,0,1,0,200700045744A01,,,
200700045750,2007-07-09,2007,juillet,lundi,84:5,75,75107,0,0,2,3,3,1,8,4,1,03,1,1,005,090,1,0,1,4,1,70,3,1,9,00,0,0,14,200700045750B01,32,12,1
200700045757,2007-07-15,2007,juillet,dimanche,14:45,75,75107,0,0,2,1,3,1,1,4,-1,02,1,1,000,070,1,0,0,1,1,39,5,1,9,00,9,7,1,200700045757A01,1,2,1
200700045757,2007-07-15,2007,juillet,dimanche,14:45,75,75107,0,0,2,1,3,1,1,4,-1,02,1,1,000,070,1,0,0,4,1,52,5,1,9,00,9,8,2,200700045757B01,1,1,1
200700045758,2007-07-16,2007,juillet,lundi,10:25,75,75107,0,0,2,2,2,1,1,4,2,03,1,1,000,100,1,5,1,4,2,29,1,1,9,00,2,6,12,200700045758B01,7,12,1
200700045761,2007-07-17,2007,juillet,mardi,15:40,75,75107,0,0,2,1,3,1,1,4,1,01,1,1,045,045,1,0,1,4,2,22,0,1,9,00,0,6,19,200700045761B01,7,1,1