Num_Acc,date,an,mois,jour,hrmn,dep,com,lat,long,agg,int,col,lum,atm,catr,circ,nbv,prof,plan,lartpc,larrout,surf,infra,situ,grav,sexe,age,trajet,secuexist,equipement,obs,obsm,choc,manv,vehiculeid,typevehicules,manoeuvehicules,numVehicules
200700045788,2007-07-11,2007,juillet,mercredi,19:28,75,75108,0,0,2,1,6,1,1,4,1,00,1,3,143,390,1,0,1,4,2,20,0,1,9,00,0,6,1,200700045788B01,33,12,1
200700045794,2007-07-15,2007,juillet,dimanche,14:55,75,75108,0,0,2,1,3,1,1,4,1,01,1,1,000,089,1,0,1,4,2,26,5,1,9,00,0,1,2,200700045794B01,7,9,1
200700045809,2007-07-24,2007,juillet,mardi,15:30,75,75108,0,0,2,1,2,1,1,4,1,04,1,1,000,120,1,0,1,4,2,59,5,1,2,00,0,4,23,200700045809B01,7,1,1
200700045811,2007-07-25,2007,juillet,mercredi,93:5,75,75108,0,0,2,1,3,1,1,4,2,08,2,1,000,184,1,0,1,4,2,23,0,1,9,00,0,8,11,200700045811B01,7,0,1
200700045831,2007-07-15,2007,juillet,dimanche,20:40,75,75109,0,0,2,1,3,1,1,4,1,01,1,1,000,144,1,0,1,4,2,36,5,1,9,00,2,6,2,200700045831B01,7,16,1
200700045841,2007-07-21,2007,juillet,samedi,19:05,75,75109,0,0,2,2,3,1,1,4,1,03,1,1,000,160,1,5,1,4,1,27,1,1,4,00,0,6,1,200700045841A01,7,1,1
200700045849,2007-07-31,2007,juillet,mardi,15:00,75,75109,0,0,2,1,2,1,1,4,1,00,2,1,000,072,1,0,1,4,2,41,5,1,9,00,2,4,7,200700045849B01,34,7,1
200700045853,2007-07-04,2007,juillet,mercredi,80:5,75,75110,0,0,2,1,3,1,1,4,1,01,-1,-1,000,076,1,2,5,4,1,28,1,1,9,00,2,1,1,200700045853B01,7,16,1
200700045862,2007-07-10,2007,juillet,mardi,10:15,75,75110,0,0,2,1,6,1,2,4,2,02,1,1,000,120,2,0,4,1,1,35,5,1,9,00,1,7,0,200700045862A01,,,
200700045875,2007-07-25,2007,juillet,mercredi,74:5,75,75110,0,0,2,1,6,1,1,4,2,06,1,1,000,125,1,0,5,1,1,44,1,1,9,00,1,0,21,200700045875A01,,,
200700045880,2007-07-29,2007,juillet,dimanche,40:,75,75110,0,0,2,2,3,5,1,4,1,02,1,1,000,070,1,0,1,4,1,38,5,1,4,00,2,7,1,200700045880A01,30,1,1
200700045908,2007-07-16,2007,juillet,lundi,19:15,75,75111,0,0,2,1,6,1,2,4,1,01,1,1,080,070,2,0,5,1,2,26,5,1,4,00,1,1,1,200700045908A01,,,
200700045920,2007-07-27,2007,juillet,vendredi,13:52,75,75111,0,0,2,1,6,1,1,2,2,01,1,1,000,093,1,0,1,4,1,40,1,1,9,00,0,1,1,200700045920B01,7,22,1
200700045931,2007-07-02,2007,juillet,lundi,18:30,75,75112,0,0,2,1,7,1,8,9,1,01,1,3,000,070,1,0,5,4,1,60,5,1,2,00,0,3,2,200700045931A01,,,
200700045943,2007-07-07,2007,juillet,samedi,17:25,75,75112,0,0,2,1,3,1,1,4,1,01,1,1,060,040,1,0,1,4,2,52,5,1,9,01,0,1,13,200700045943B01,7,22,1
200700045964,2007-07-19,2007,juillet,jeudi,19:50,75,75112,0,0,2,1,3,1,1,4,1,01,2,1,000,105,1,0,1,4,1,41,5,1,2,00,9,7,2,200700045964A01,1,2,1
200700045964,2007-07-19,2007,juillet,jeudi,19:50,75,75112,0,0,2,1,3,1,1,4,1,01,2,1,000,105,1,0,1,4,1,39,5,1,2,00,9,8,2,200700045964B01,1,2,1
200700045970,2007-07-25,2007,juillet,mercredi,13:40,75,75112,0,0,2,1,6,1,1,4,2,02,1,1,000,030,1,0,1,4,2,34,0,1,9,01,0,1,2,200700045970B01,7,24,1
200700045981,2007-07-05,2007,juillet,jeudi,90:5,75,75113,0,0,2,3,3,1,8,4,2,02,2,1,000,132,1,0,1,4,1,32,1,1,9,00,2,1,8,200700045981B01,7,15,1
200700045993,2007-07-13,2007,juillet,vendredi,14:55,75,75113,0,0,2,1,2,1,1,9,1,02,1,1,000,100,1,0,1,4,1,28,5,1,9,00,2,4,2,200700045993B01,7,2,1
200700045997,2007-07-16,2007,juillet,lundi,18:10,75,75113,0,0,2,2,3,1,1,9,2,02,1,1,000,140,2,5,1,4,2,32,1,1,9,00,0,0,0,200700045997B01,7,0,1
200700046001,2007-07-19,2007,juillet,jeudi,84:5,75,75113,0,0,2,1,2,1,1,4,3,03,4,1,005,093,1,0,1,4,1,34,0,1,2,00,2,1,16,200700046001B01,7,4,1
200700046008,2007-07-27,2007,juillet,vendredi,12:34,75,75113,0,0,2,1,6,1,1,4,1,02,1,-1,000,000,1,0,1,4,1,30,5,1,9,01,0,3,1,200700046008A01,7,22,1
200700046011,2007-07-30,2007,juillet,lundi,14:30,75,75113,0,0,2,2,6,1,1,4,2,02,1,1,000,070,1,0,1,4,1,9,5,1,9,00,2,8,13,200700046011A01,10,15,1
200700046012,2007-07-31,2007,juillet,mardi,14:42,75,75113,0,0,2,1,6,1,1,4,2,04,1,1,000,090,1,0,1,4,1,22,5,1,4,00,2,1,1,200700046012B01,10,22,1
200700046018,2007-07-07,2007,juillet,samedi,17:50,75,75114,0,0,2,1,6,1,1,4,-1,00,1,1,000,112,1,6,0,4,2,2,5,0,0,00,1,0,1,200700046018A01,,,
200700046020,2007-07-10,2007,juillet,mardi,15:57,75,75114,0,0,2,2,3,1,2,2,1,00,1,1,000,100,2,0,1,4,1,57,0,1,9,00,2,8,15,200700046020B01,32,1,1
200700046030,2007-07-20,2007,juillet,vendredi,22:15,75,75114,0,0,2,1,6,5,1,4,1,01,2,1,000,043,1,0,4,4,1,25,0,1,9,01,0,1,14,200700046030A01,,,
200700046035,2007-07-26,2007,juillet,jeudi,73:0,75,75114,0,0,2,2,3,1,1,4,2,02,1,1,000,210,1,0,1,4,1,61,5,1,9,00,2,3,2,200700046035A01,10,16,1
200700046037,2007-07-27,2007,juillet,vendredi,12:20,75,75114,0,0,2,1,7,1,1,4,2,02,2,1,000,055,9,0,1,4,1,27,5,1,9,00,0,0,2,200700046037A01,,,
200700046044,2007-07-07,2007,juillet,samedi,18:05,75,75115,0,0,2,3,6,1,1,4,2,02,1,1,030,100,1,0,1,4,1,51,5,1,9,00,0,1,0,200700046044B01,7,0,1
200700046055,2007-07-21,2007,juillet,samedi,10:00,75,75115,0,0,2,1,6,1,1,9,1,01,2,1,000,000,1,0,1,1,1,27,5,1,9,00,1,0,5,200700046055A01,,,
200700046058,2007-07-22,2007,juillet,dimanche,19:20,75,75115,0,0,2,2,3,1,1,4,2,02,1,1,000,090,1,0,1,4,1,55,5,1,9,00,2,3,5,200700046058B01,30,15,1
200700046062,2007-07-27,2007,juillet,vendredi,10:05,75,75115,0,0,2,1,7,1,1,3,2,01,1,1,000,130,1,0,5,4,1,30,1,1,9,01,0,0,2,200700046062A01,,,
200700046066,2007-07-01,2007,juillet,dimanche,20:45,75,75116,0,0,2,1,7,2,1,4,1,00,-1,-1,000,000,1,0,0,4,1,28,5,1,2,00,0,0,11,200700046066A01,7,1,1
200700046077,2007-07-07,2007,juillet,samedi,13:00,75,75116,0,0,2,1,3,1,1,4,1,04,1,1,000,088,1,0,1,4,1,67,5,1,9,00,0,4,14,200700046077B01,7,13,1
200700046101,2007-07-19,2007,juillet,jeudi,63:0,75,75116,0,0,2,1,6,1,1,4,2,00,1,1,000,000,1,0,1,3,1,19,5,1,9,01,0,1,0,200700046101A01,,,
200700046118,2007-07-29,2007,juillet,dimanche,20:30,75,75116,0,0,2,1,7,1,1,9,-1,01,2,1,000,100,1,0,1,4,1,38,5,1,4,00,0,8,1,200700046118A01,,,
200700046160,2007-07-29,2007,juillet,dimanche,13:35,75,75117,0,0,2,1,6,1,1,4,2,02,1,1,000,080,1,0,1,4,2,31,0,1,9,01,0,1,1,200700046160B01,7,24,1
200700046170,2007-07-09,2007,juillet,lundi,18:25,75,75118,0,0,2,1,6,1,2,4,1,01,1,1,000,000,2,0,5,1,1,42,5,1,2,00,1,1,0,200700046170A01,,,
200700046171,2007-07-10,2007,juillet,mardi,17:30,75,75118,0,0,2,1,6,1,2,4,3,01,1,1,010,080,2,0,1,4,1,47,0,1,9,14,0,1,6,200700046171B01,7,2,1
200700046172,2007-07-11,2007,juillet,mercredi,14:35,75,75118,0,0,2,1,3,1,1,2,2,03,1,1,020,200,1,0,1,3,1,12,9,1,9,00,0,0,0,200700046172B01,7,0,1
200700046191,2007-07-25,2007,juillet,mercredi,18:50,75,75118,0,0,2,1,7,1,1,9,-1,04,2,1,000,000,1,2,1,3,1,69,0,1,9,00,0,0,0,200700046191A01,,,
200700046225,2007-07-21,2007,juillet,samedi,19:55,75,75119,0,0,2,1,6,1,1,9,-1,00,2,-1,000,000,-1,0,0,1,1,30,3,1,4,00,1,1,1,200700046225A01,,,
200700046225,2007-07-21,2007,juillet,samedi,19:55,75,75119,0,0,2,1,6,1,1,9,-1,00,2,-1,000,000,-1,0,0,4,2,7,5,0,0,00,1,1,1,200700046225A01,,,
200700046226,2007-07-22,2007,juillet,dimanche,94:5,75,75119,0,0,2,2,6,1,1,4,1,01,1,1,100,090,1,5,1,1,1,26,0,1,9,00,1,7,5,200700046226A01,,,
200700046233,2007-07-26,2007,juillet,jeudi,95:5,75,75119,0,0,2,1,6,1,1,4,2,02,2,1,000,080,1,0,1,4,1,36,1,1,9,00,1,1,0,200700046233A01,,,
200700046262,2007-07-26,2007,juillet,jeudi,22:10,75,75120,0,0,2,1,7,5,1,4,2,00,2,1,000,000,1,0,1,3,1,44,0,1,9,00,0,3,1,200700046262A01,,,
200700046269,2007-07-02,2007,juillet,lundi,15:25,75,75110,0,0,2,2,3,1,1,4,3,02,1,1,000,000,1,0,1,2,2,25,0,1,9,00,2,1,0,200700046269B01,14,16,1
200700046358,2007-06-29,2007,juin,vendredi,14:40,06,06123,0,0,2,1,3,1,1,2,3,03,1,1,000,000,1,0,1,3,2,67,5,1,9,00,2,0,2,200700046358B01,7,2,1
200700046366,2007-07-22,2007,juillet,dimanche,23:10,83,83153,0,0,2,1,3,5,1,4,3,02,1,1,000,000,1,0,1,3,1,17,5,1,2,00,2,1,9,200700046366A01,7,1,1
200700046366,2007-07-22,2007,juillet,dimanche,23:10,83,83153,0,0,2,1,3,5,1,4,3,02,1,1,000,000,1,0,1,4,1,8,0,1,2,00,2,1,9,200700046366A01,7,1,1
200700046369,2007-07-25,2007,juillet,mercredi,73:0,83,83153,0,0,2,1,2,1,1,3,2,02,2,1,000,000,1,0,1,4,1,57,1,1,9,00,2,4,2,200700046369B01,2,2,1
200700046376,2007-07-26,2007,juillet,jeudi,10:30,93,93066,0,0,2,2,3,1,1,4,2,01,1,1,020,020,1,0,1,4,1,33,5,1,9,00,2,1,1,200700046376A01,7,1,1
200700046447,2007-08-04,2007,août,samedi,84:5,59,59094,50.931,2.238,1,1,1,1,1,3,2,02,-1,1,000,060,1,0,1,3,1,56,5,0,0,00,2,6,1,200700046447B02,7,17,1
200700046450,2007-08-05,2007,août,dimanche,11:45,59,59577,50.757,2.456,2,1,1,1,1,4,2,02,1,1,000,030,1,0,1,3,1,12,5,1,2,00,2,3,5,200700046450B02,7,5,1
200700046457,2007-08-11,2007,août,samedi,94:5,59,59511,0,0,1,3,3,1,1,3,2,02,1,1,000,060,1,0,5,3,1,61,5,0,0,00,2,1,1,200700046457A01,7,15,1
200700046500,2007-08-11,2007,août,samedi,16:45,80,80136,0,0,2,2,3,1,1,3,2,02,2,1,000,064,1,0,1,3,1,25,4,0,0,00,2,1,1,200700046500B02,7,1,1
200700046514,2007-08-24,2007,août,vendredi,15:45,02,02709,0,0,2,1,1,1,1,3,2,00,-1,1,000,065,1,0,1,3,1,11,5,0,0,00,2,1,19,200700046514B02,7,1,1
200700046577,2007-08-16,2007,août,jeudi,10:00,76,76222,0,0,2,1,3,1,1,3,2,00,1,1,000,060,1,0,1,3,1,56,5,1,2,00,2,8,2,200700046577B02,7,17,1
200700046612,2007-08-18,2007,août,samedi,14:30,27,27529,49.261,1.016,1,1,1,1,1,4,2,02,2,4,000,030,1,0,1,3,2,15,5,0,0,00,2,1,1,200700046612B02,30,1,1
200700046620,2007-08-31,2007,août,vendredi,16:45,27,27393,0,0,1,1,1,1,1,3,2,02,1,1,060,000,1,0,1,4,2,73,0,0,0,00,2,0,2,200700046620B02,15,1,1
200700046629,2007-08-25,2007,août,samedi,16:15,35,35215,0,0,1,1,1,1,1,3,2,00,1,1,000,050,1,0,1,3,2,67,5,1,2,00,2,1,1,200700046629B02,10,13,1
200700046630,2007-08-25,2007,août,samedi,16:00,35,35243,0,0,1,1,6,1,1,3,2,00,-1,1,066,000,1,0,1,3,1,60,0,0,0,00,0,0,0,200700046630A01,,,
200700046689,2007-08-14,2007,août,mardi,14:00,29,29259,0,0,1,1,1,1,1,3,2,00,1,3,000,000,1,0,1,3,1,48,5,0,0,00,0,4,2,200700046689B02,7,2,1
200700046705,2007-08-09,2007,août,jeudi,12:50,56,56165,0,0,2,1,3,1,1,4,2,02,-1,1,000,055,1,0,1,3,1,27,5,0,0,00,2,1,1,200700046705B02,7,15,1
200700046734,2007-08-27,2007,août,lundi,11:45,14,14513,48.957,-1.035,1,1,1,1,1,4,2,00,1,1,000,029,1,0,1,3,2,49,5,0,0,00,2,3,2,200700046734B02,21,2,1
200700046781,2007-08-04,2007,août,samedi,94:5,44,44118,0,0,1,1,2,1,1,3,2,02,1,1,000,050,1,0,1,3,1,69,5,0,0,00,2,4,1,200700046781B02,33,1,1
200700046784,2007-08-10,2007,août,vendredi,17:30,44,44073,47.476,-1.736,1,1,1,1,1,3,2,02,1,1,000,065,1,0,1,2,1,60,5,1,2,00,2,3,2,200700046784B02,10,2,1
200700046788,2007-08-17,2007,août,vendredi,91:5,44,44126,0,0,2,1,3,1,1,9,2,02,1,1,000,000,2,0,1,3,2,14,5,0,0,00,2,1,15,200700046788B02,7,1,1
200700046825,2007-08-13,2007,août,lundi,14:30,49,49239,47.257,-0.894,1,1,1,1,1,4,2,02,1,1,000,044,1,0,1,3,1,12,5,1,2,00,2,8,13,200700046825A01,7,1,1
200700046854,2007-08-02,2007,août,jeudi,19:45,53,53047,0,0,1,1,1,1,2,3,-1,00,1,1,000,054,2,0,1,3,1,14,5,0,0,00,2,1,17,200700046854A01,7,1,1
200700046856,2007-08-18,2007,août,samedi,18:15,53,53246,48.387,-0.101,1,1,5,1,1,3,-1,00,2,3,000,000,1,0,1,3,1,45,5,1,2,00,2,8,13,200700046856A01,7/ 2,1,2
200700046858,2007-08-03,2007,août,vendredi,15:30,72,72373,0,0,2,1,1,1,1,4,1,00,1,1,000,000,1,0,1,3,1,84,9,0,0,00,0,7,1,200700046858A01,32,18,1
200700046864,2007-08-31,2007,août,vendredi,18:15,72,72328,48.033,0.244,2,6,2,1,1,3,-1,01,-1,2,000,097,1,0,1,3,2,57,5,0,0,00,2,4,2,200700046864B02,7,1,1
200700046886,2007-08-20,2007,août,lundi,10:30,85,85128,46.457,-1.172,2,1,3,1,1,4,2,02,1,1,000,060,2,5,1,3,2,83,3,1,2,00,2,2,1,200700046886B02,7,1,1
200700046900,2007-08-12,2007,août,dimanche,11:00,85,85226,0,0,2,1,3,1,1,9,2,02,1,1,000,076,1,0,5,3,1,54,5,1,2,00,2,1,1,200700046900B02,7,15,1
200700046917,2007-08-11,2007,août,samedi,19:45,33,33534,0,0,1,1,6,1,1,3,2,02,-1,3,000,040,1,0,3,3,1,40,5,0,0,13,0,0,1,200700046917A01,,,
200700046932,2007-08-08,2007,août,mercredi,14:15,33,33091,45.038,-0.666,2,1,3,1,1,3,2,00,1,1,000,070,1,0,1,3,1,18,1,0,0,00,0,8,15,200700046932A01,7,17,1
200700046943,2007-08-25,2007,août,samedi,22:30,33,33407,45.025,-0.356,1,1,1,3,1,3,2,00,1,1,000,040,1,0,1,3,1,36,5,0,0,00,9,1,1,200700046943B02,30,1,1
200700046951,2007-08-21,2007,août,mardi,12:30,33,33378,44.87,0.268,2,3,1,1,1,3,2,02,1,1,000,039,1,0,1,3,1,14,5,0,0,00,0,7,16,200700046951B02,7,1,1
200700047006,2007-08-14,2007,août,mardi,17:45,40,40046,0,0,2,1,1,1,1,3,2,00,1,4,000,067,1,0,1,3,1,16,5,0,0,00,2,1,19,200700047006B02,7,1,1
200700047011,2007-08-10,2007,août,vendredi,15:45,40,40001,0,0,2,1,1,1,1,2,2,02,1,1,000,080,1,2,1,2,2,79,9,0,0,00,2,7,19,200700047011B02,17,1,1
200700047038,2007-08-09,2007,août,jeudi,15:00,64,64317,43.359,-1.437,2,1,3,1,1,4,2,01,2,3,000,043,1,0,0,3,1,13,5,0,0,00,0,1,13,200700047038B02,7,1,1
200700047050,2007-08-03,2007,août,vendredi,16:00,86,86024,46.575,0.22,1,1,1,1,1,3,2,02,1,1,000,053,1,0,1,3,1,57,5,0,0,00,2,3,1,200700047050B02,7,13,1
200700047055,2007-08-21,2007,août,mardi,11:00,86,86276,0,0,2,7,3,1,1,4,-1,02,-1,1,040,000,1,0,1,3,2,72,3,0,0,00,2,2,1,200700047055A01,1,1,1
200700047055,2007-08-21,2007,août,mardi,11:00,86,86276,0,0,2,7,3,1,1,4,-1,02,-1,1,040,000,1,0,1,1,2,54,3,0,0,00,2,1,1,200700047055B02,1,1,1
200700047056,2007-08-29,2007,août,mercredi,15:15,86,86235,46.398,0.414,1,1,7,1,1,3,2,02,-1,2,000,000,1,0,1,3,1,63,5,1,2,14,0,0,1,200700047056A01,,,
200700047085,2007-08-09,2007,août,jeudi,17:30,17,17051,0,0,2,1,6,1,1,4,1,01,1,1,000,000,1,0,1,1,2,26,5,0,0,00,1,1,13,200700047085A01,,,
200700047085,2007-08-09,2007,août,jeudi,17:30,17,17051,0,0,2,1,6,1,1,4,1,01,1,1,000,000,1,0,1,3,1,56,5,0,0,00,1,1,13,200700047085A01,,,
200700047091,2007-08-24,2007,août,vendredi,14:30,17,17189,45.84,-1.01,1,1,3,1,1,3,2,02,-1,1,060,000,1,0,1,3,1,61,5,1,2,00,2,8,2,200700047091B02,10,2,1
200700047098,2007-08-08,2007,août,mercredi,12:00,17,17093,45.899,-1.213,2,1,3,1,1,4,2,02,1,1,000,000,1,0,1,3,2,12,5,1,2,00,0,6,17,200700047098A01,7,0,1
200700047103,2007-08-07,2007,août,mardi,11:00,17,17225,0,0,2,1,2,1,1,3,2,00,1,1,000,070,1,0,1,3,2,61,5,1,2,00,2,4,2,200700047103A01,1,2,1
200700047103,2007-08-07,2007,août,mardi,11:00,17,17225,0,0,2,1,2,1,1,3,2,00,1,1,000,070,1,0,1,1,1,44,5,1,2,00,2,1,2,200700047103B02,1,2,1
200700047109,2007-08-29,2007,août,mercredi,20:00,17,17347,45.952,-0.52,2,1,3,1,1,9,2,00,2,-1,000,100,1,0,1,3,1,25,3,1,2,00,2,1,19,200700047109B02,7,1,1
200700047125,2007-08-27,2007,août,lundi,15:45,79,79243,0,0,1,1,1,1,1,4,1,01,2,2,000,035,1,0,1,2,1,55,5,1,2,00,2,1,1,200700047125A01,7,1,1
200700047131,2007-08-18,2007,août,samedi,10:15,87,87017,46.131,1.091,1,1,3,1,1,3,2,02,1,1,000,060,1,0,1,3,1,44,5,0,0,00,2,8,2,200700047131B02,7,2,1
200700047140,2007-08-27,2007,août,lundi,12:00,19,19073,45.404,2.043,2,1,3,1,1,4,1,01,1,1,000,000,1,0,1,4,2,8,5,1,2,00,2,1,5,200700047140A01,7,1,1
200700047152,2007-08-03,2007,août,vendredi,13:45,23,23101,46.264,1.94,2,1,6,1,1,4,2,02,2,2,000,056,1,0,3,3,1,12,5,0,0,13,0,1,1,200700047152A01,,,
200700047228,2007-08-01,2007,août,mercredi,11:15,65,65481,42.902,0.072,1,1,6,1,1,3,2,02,2,3,000,082,1,0,3,2,1,44,5,1,2,13,0,1,1,200700047228A01,,,
200700047246,2007-08-01,2007,août,mercredi,18:45,81,81002,43.495,2.329,2,1,3,1,1,3,2,02,1,1,000,070,1,0,1,3,1,10,5,0,0,00,2,1,1,200700047246B02,7,15,1
200700047290,2007-08-01,2007,août,mercredi,93:0,01,01139,0,0,2,1,3,1,1,3,2,02,1,1,000,060,1,0,1,4,1,78,5,0,0,00,2,1,1,200700047290B02,7,9,1
200700047317,2007-08-05,2007,août,dimanche,93:0,01,01157,46.022,4.762,1,1,3,1,1,3,2,03,1,1,000,000,1,0,1,3,2,79,0,1,2,00,2,1,19,200700047317B02,7,15,1
200700047331,2007-08-23,2007,août,jeudi,16:30,07,07132,0,0,1,1,1,1,1,3,2,02,-1,4,000,078,1,0,1,2,1,41,5,1,2,00,2,1,1,200700047331B02,7,15,1
200700047358,2007-08-02,2007,août,jeudi,15:45,26,26026,44.195,5.488,1,1,3,1,1,3,2,02,2,1,000,050,1,0,1,4,1,11,5,0,0,00,0,8,19,200700047358B02,33,1,1
200700047366,2007-08-05,2007,août,dimanche,10:30,38,38006,0,0,2,1,1,1,7,3,2,02,4,1,000,070,1,0,1,3,1,66,5,0,0,00,2,1,1,200700047366B02,7,15,1
200700047410,2007-08-25,2007,août,samedi,10:15,42,42168,45.429,4.638,1,1,1,1,1,3,2,02,4,4,000,048,1,0,1,3,1,44,5,1,2,13,0,1,21,200700047410A01,21,15,1
200700047423,2007-08-11,2007,août,samedi,10:15,73,73100,45.527,5.699,1,9,5,1,1,3,2,00,1,1,000,061,1,0,1,3,1,68,5,1,2,00,2,3,1,200700047423C03,10/ 7,19/1,2
200700047437,2007-08-23,2007,août,jeudi,18:45,74,74242,0,0,1,2,3,1,1,4,2,02,1,1,000,057,1,0,5,3,1,58,5,1,2,00,2,8,1,200700047437B02,10,19,1
200700047475,2007-08-23,2007,août,jeudi,10:45,74,74188,0,0,1,1,2,1,1,3,2,02,1,1,000,000,1,0,1,1,1,15,5,0,0,00,0,6,11,200700047475B02,33,2,1
200700047498,2007-08-30,2007,août,jeudi,17:00,63,63430,45.852,3.533,2,1,3,1,1,2,3,02,1,1,026,105,1,0,1,3,1,38,5,1,2,00,2,3,1,200700047498B02,10,6,1
200700047503,2007-08-18,2007,août,samedi,16:00,03,03200,0,0,1,4,3,1,1,3,2,00,2,3,000,083,1,0,1,4,1,34,0,1,2,00,2,8,1,200700047503B02,7,15,1
200700047505,2007-08-26,2007,août,dimanche,30:,03,03040,46.525,3.319,1,1,2,3,1,3,2,00,4,1,000,073,1,0,1,2,1,19,5,0,0,00,0,4,1,200700047505A01,10,2,1
200700047602,2007-08-11,2007,août,samedi,15:45,88,88251,0,0,1,1,3,1,1,3,2,02,1,4,000,073,1,0,1,2,1,25,5,1,4,00,2,0,9,200700047602B02,7,1,1
200700047632,2007-08-27,2007,août,lundi,10:30,67,67437,0,0,2,1,1,1,1,4,2,02,2,1,000,051,1,0,1,3,1,77,5,0,0,00,2,0,1,200700047632B02,7,15,1
200700047641,2007-08-24,2007,août,vendredi,13:45,67,67125,48.363,7.469,2,1,1,1,1,4,2,02,2,-1,000,040,1,0,1,3,1,17,5,0,0,00,2,1,1,200700047641B02,7,15,1
200700047646,2007-08-31,2007,août,vendredi,12:00,67,67160,48.974,7.765,1,9,1,1,1,3,2,01,1,1,000,050,1,0,1,3,1,8,5,0,0,00,2,0,0,200700047646B02,7,0,1
200700047677,2007-08-13,2007,août,lundi,19:30,51,51224,48.695,4.696,1,1,5,1,1,3,2,02,1,2,000,030,1,0,1,3,2,52,5,0,0,00,2,1,0,200700047677B02,7,1,1
200700047677,2007-08-13,2007,août,lundi,19:30,51,51224,48.695,4.696,1,1,5,1,1,3,2,02,1,2,000,030,1,0,1,2,2,55,0,0,0,00,2,1,0,200700047677C03,7,1,1
200700047749,2007-08-13,2007,août,lundi,11:45,71,71342,0,0,2,6,3,1,1,4,-1,00,1,-1,000,000,1,5,1,3,2,48,1,0,0,00,2,1,1,200700047749B02,7,9,1
200700047768,2007-08-07,2007,août,mardi,10:30,89,89434,0,0,2,1,1,1,1,4,2,02,-1,1,000,000,1,0,1,4,2,23,5,0,0,00,2,1,1,200700047768B02,7,5,1
200700047783,2007-08-24,2007,août,vendredi,15:00,25,25497,47.418,6.84,1,1,1,1,1,3,2,02,1,1,000,062,1,0,1,3,1,17,5,1,2,00,2,1,1,200700047783B02,7,17,1
200700047784,2007-08-05,2007,août,dimanche,21:00,25,25315,0,0,2,1,1,2,1,4,2,00,2,2,000,048,1,0,1,3,1,10,5,0,0,00,2,1,5,200700047784B02,7,1,1
200700047791,2007-08-04,2007,août,samedi,17:00,25,25380,46.779,6.356,2,1,3,1,1,3,2,02,1,1,000,000,1,5,1,3,1,17,5,1,2,00,2,1,15,200700047791B02,7,1,1
200700047823,2007-08-14,2007,août,mardi,16:15,70,70093,0,0,1,1,1,1,1,3,2,02,-1,1,000,000,1,0,0,3,2,68,5,0,0,00,2,1,1,200700047823A01,14,18,1
200700047850,2007-08-22,2007,août,mercredi,19:45,13,13027,0,0,1,1,5,1,1,3,2,00,1,1,000,073,1,0,1,3,2,39,5,0,0,00,2,0,1,200700047850A01,14/ 7,1,2
200700047862,2007-08-25,2007,août,samedi,11:15,13,13101,0,0,1,1,3,1,1,3,2,00,-1,1,000,070,1,0,1,4,1,50,5,1,2,00,2,8,1,200700047862B02,3,1,1
200700047877,2007-08-20,2007,août,lundi,15:15,04,04049,0,0,2,1,1,1,1,9,-1,00,-1,1,000,000,1,0,1,4,1,11,5,1,2,00,2,4,2,200700047877B02,7,2,1
200700047898,2007-08-10,2007,août,vendredi,17:45,06,06039,43.811,7.298,2,1,2,1,1,3,2,02,2,2,000,048,1,0,1,3,1,28,5,1,2,00,2,1,1,200700047898B02,7,1,1
200700047905,2007-08-27,2007,août,lundi,11:30,06,06044,0,0,2,1,3,1,1,3,2,00,2,1,000,070,1,0,1,3,1,18,3,0,0,00,2,8,15,200700047905A01,7,17,1
200700047914,2007-08-04,2007,août,samedi,18:15,06,06128,0,0,1,1,1,1,1,3,2,02,1,3,051,054,1,0,1,3,1,44,5,0,0,00,0,1,13,200700047914A01,33,1,1
200700047961,2007-08-22,2007,août,mercredi,94:5,84,84129,0,0,1,1,3,1,1,4,-1,03,1,1,000,000,1,0,1,4,1,29,1,1,2,00,0,8,19,200700047961B02,7,1,1
200700048013,2007-08-07,2007,août,mardi,74:5,34,34299,43.28,3.322,1,1,3,1,1,3,2,00,1,1,000,057,1,0,1,2,1,76,5,0,0,00,2,7,19,200700048013B02,33,1,1
200700048049,2007-08-18,2007,août,samedi,11:15,11,11170,0,0,2,1,5,1,1,3,2,02,1,1,000,073,1,0,1,3,1,34,5,0,0,00,2,9,1,200700048049C03,7,14/1,2
200700048057,2007-08-23,2007,août,jeudi,13:30,30,30133,0,0,1,9,1,1,1,3,1,01,1,1,000,035,1,0,1,4,2,18,5,0,0,00,2,3,19,200700048057B02,33,1,1
200700048079,2007-08-28,2007,août,mardi,15:00,30,30090,44.389,3.94,2,1,7,1,1,3,2,02,1,1,000,060,1,0,3,3,1,57,5,1,2,16,0,1,1,200700048079A01,,,
200700048148,2007-08-14,2007,août,mardi,16:00,2B,2B134,42.638,8.936,2,1,1,1,1,9,2,02,2,3,000,080,1,0,1,4,1,48,5,0,0,00,2,1,1,200700048148B02,7,15,1
200700048207,2007-08-01,2007,août,mercredi,15:30,45,45175,47.773,1.818,1,1,5,1,1,3,2,00,1,1,000,062,1,0,1,4,1,50,5,1,2,00,0,0,0,200700048207B02,10,11,1
200700048207,2007-08-01,2007,août,mercredi,15:30,45,45175,47.773,1.818,1,1,5,1,1,3,2,00,1,1,000,062,1,0,1,3,1,61,5,1,2,00,0,0,0,200700048207C03,10,11,1
200700048207,2007-08-01,2007,août,mercredi,15:30,45,45175,47.773,1.818,1,1,5,1,1,3,2,00,1,1,000,062,1,0,1,3,1,54,5,1,2,00,0,0,0,200700048207D04,10,11,1