Num_Acc,date,an,mois,jour,hrmn,dep,com,lat,long,agg,int,col,lum,atm,catr,circ,nbv,prof,plan,lartpc,larrout,surf,infra,situ,grav,sexe,age,trajet,secuexist,equipement,obs,obsm,choc,manv,vehiculeid,typevehicules,manoeuvehicules,numVehicules
200700048250,2007-08-18,2007,août,samedi,19:00,28,28127,48.214,1.29,2,3,1,1,1,3,2,00,1,1,000,000,1,0,1,3,1,17,5,0,0,00,0,8,1,200700048250A01,7,1,1
200700048311,2007-08-30,2007,août,jeudi,18:15,58,58303,0,0,2,9,1,1,1,3,2,00,-1,1,000,000,1,0,1,3,1,17,5,0,0,00,2,1,19,200700048311B02,7,1,1
200700048322,2007-08-01,2007,août,mercredi,15:00,23,23238,45.864,2.151,1,3,1,1,1,4,2,00,1,1,000,042,1,0,0,4,1,13,5,0,0,00,2,3,13,200700048322B02,7,1,1
200700048359,2007-08-11,2007,août,samedi,18:00,37,37027,0,0,1,1,2,1,1,3,2,00,1,3,000,057,1,0,0,2,1,16,5,1,2,00,0,4,1,200700048359B02,7,17,1
200700048406,2007-08-16,2007,août,jeudi,16:45,78,78466,48.942,1.977,1,1,1,1,1,3,2,00,1,1,070,000,1,0,1,4,1,15,5,1,2,00,2,6,15,200700048406A01,7,1,1
200700048425,2007-08-29,2007,août,mercredi,15:15,51,51007,49.081,4.166,1,1,4,1,1,3,2,02,3,2,000,069,1,0,1,4,1,13,5,1,2,00,0,4,0,200700048425B02,7,17,1
200700048425,2007-08-29,2007,août,mercredi,15:15,51,51007,49.081,4.166,1,1,4,1,1,3,2,02,3,2,000,069,1,0,1,1,1,14,0,1,2,00,0,4,0,200700048425C03,7,17,1
200700048431,2007-08-23,2007,août,jeudi,12:00,69,69244,0,0,2,1,3,1,1,4,4,05,-1,-1,000,000,1,0,1,3,2,58,4,0,0,00,2,8,1,200700048431B02,7,16,1
200700048451,2007-08-12,2007,août,dimanche,10:15,56,56240,47.547,-2.725,1,1,2,1,1,3,3,04,1,1,040,160,1,0,1,2,1,84,5,0,0,00,2,4,2,200700048451B02,7,2,1
200700048481,2007-08-18,2007,août,samedi,18:00,35,35352,0,0,1,1,1,1,1,3,2,00,1,1,000,062,1,0,1,3,2,21,5,0,0,00,2,0,15,200700048481B02,7,2,1
200700048483,2007-08-29,2007,août,mercredi,16:00,62,62307,50.919,1.727,2,1,1,1,1,3,2,00,1,1,000,077,1,0,1,3,1,22,5,0,0,00,2,1,0,200700048483B02,7,21,1
200700048511,2007-08-20,2007,août,lundi,17:00,68,68375,47.808,7.238,2,1,6,1,1,3,2,02,1,1,000,120,1,0,1,3,1,10,5,0,0,00,2,4,19,200700048511A01,,,
200700048540,2007-08-10,2007,août,vendredi,92:0,77,77425,48.442,2.561,2,2,3,1,1,3,2,00,1,-1,000,058,1,0,1,3,1,67,5,0,0,00,0,1,1,200700048540A01,7,19,1
200700048545,2007-08-30,2007,août,jeudi,83:0,30,30141,0,0,1,6,2,1,1,2,2,00,1,1,000,000,1,0,1,3,1,65,5,1,2,00,0,4,1,200700048545B02,7,9,1
200700048551,2007-08-26,2007,août,dimanche,11:35,01,01053,0,0,2,1,6,1,1,4,2,02,1,1,000,100,1,0,1,3,1,73,9,1,2,01,0,1,1,200700048551B01,7,22,1
200700048554,2007-08-24,2007,août,vendredi,15:20,01,01014,0,0,2,2,3,1,1,3,2,02,1,1,000,068,1,0,1,4,1,38,5,1,9,01,2,1,16,200700048554A01,7,1,1
200700048556,2007-08-13,2007,août,lundi,19:25,02,02691,0,0,2,1,3,1,1,4,2,02,1,1,000,066,1,5,1,4,2,13,5,1,9,00,2,2,19,200700048556B01,2,1,1
200700048579,2007-08-27,2007,août,lundi,20:45,05,05061,0,0,2,3,3,2,1,2,2,03,2,1,000,098,1,0,1,3,1,36,5,1,2,00,2,1,1,200700048579B01,7,15,1
200700048590,2007-08-09,2007,août,jeudi,13:25,06,06004,0,0,2,6,3,1,1,4,2,02,1,1,010,080,1,0,1,4,2,49,5,1,2,00,2,1,1,200700048590B01,7,10,1
200700048621,2007-08-18,2007,août,samedi,18:30,06,06027,0,0,2,1,3,1,1,4,1,01,1,1,000,000,1,0,1,3,2,72,5,1,9,00,2,2,1,200700048621B01,7,20,1
200700048646,2007-08-01,2007,août,mercredi,18:00,06,06029,0,0,2,1,2,1,1,4,-1,02,1,-1,000,130,1,0,1,4,2,62,0,1,9,00,2,4,1,200700048646B01,7,16,1
200700048659,2007-08-14,2007,août,mardi,95:5,06,06030,0,0,2,1,6,1,1,4,2,02,1,-1,000,080,1,0,1,1,1,16,0,1,9,00,1,1,0,200700048659A01,,,
200700048693,2007-08-06,2007,août,lundi,16:15,06,06069,0,0,2,1,7,1,1,3,2,02,1,1,000,000,1,0,4,4,1,16,0,1,9,00,0,0,0,200700048693A01,,,
200700048704,2007-08-18,2007,août,samedi,13:30,06,06069,0,0,2,6,2,1,1,3,1,02,1,2,000,000,1,0,1,4,2,41,0,1,9,00,0,4,1,200700048704A01,30,17,1
200700048724,2007-08-03,2007,août,vendredi,17:50,06,06088,0,0,2,1,1,1,1,4,2,04,2,1,000,104,1,0,1,4,1,49,4,1,9,00,2,1,5,200700048724A01,7,1,1
200700048748,2007-08-07,2007,août,mardi,19:20,06,06088,0,0,2,1,3,1,1,4,1,02,1,1,000,067,1,0,1,4,1,20,5,1,4,00,2,0,0,200700048748B01,7,2,1
200700048752,2007-08-08,2007,août,mercredi,18:50,06,06088,0,0,2,3,6,1,1,4,2,02,1,1,010,100,1,0,1,4,1,36,0,1,2,00,2,2,1,200700048752B01,7,11,1
200700048762,2007-08-10,2007,août,vendredi,16:45,06,06088,0,0,2,1,6,1,1,9,2,01,1,1,010,100,1,0,5,1,1,43,0,1,9,00,1,1,1,200700048762A01,,,
200700048770,2007-08-12,2007,août,dimanche,50:0,06,06088,0,0,2,2,3,5,1,4,1,02,1,1,000,086,1,0,1,4,2,19,1,1,4,00,2,0,2,200700048770B01,7,2,1
200700048826,2007-08-27,2007,août,lundi,84:5,06,06088,0,0,2,2,3,1,1,4,1,03,1,1,000,090,1,3,1,4,1,30,1,1,9,00,2,4,1,200700048826B01,37,16,1
200700048849,2007-08-14,2007,août,mardi,17:35,07,07281,0,0,1,1,7,1,1,3,2,02,2,3,000,050,1,0,1,3,1,54,5,1,2,00,2,7,17,200700048849A01,7,1,1
200700048891,2007-08-27,2007,août,lundi,16:35,13,13043,0,0,2,1,1,1,1,4,1,01,1,1,000,025,1,0,1,4,1,13,0,1,9,00,2,1,5,200700048891A01,7,1,1
200700048899,2007-08-01,2007,août,mercredi,20:15,13,13055,0,0,2,1,3,1,1,4,2,01,1,1,000,000,1,0,1,3,1,38,0,1,9,00,2,1,21,200700048899B01,7,16,1
200700048900,2007-08-01,2007,août,mercredi,18:31,13,13055,0,0,2,2,6,1,1,3,2,02,2,1,000,040,1,4,1,4,1,72,0,1,2,00,2,1,0,200700048900B01,7,0,1
200700048903,2007-08-01,2007,août,mercredi,81:5,13,13055,0,0,2,1,3,1,1,4,2,02,1,1,028,061,1,5,1,4,1,50,5,1,2,00,2,0,1,200700048903B01,7,10,1
200700048911,2007-08-05,2007,août,dimanche,18:00,13,13055,0,0,2,1,7,1,1,4,1,01,1,1,000,000,1,0,1,4,1,33,0,1,9,00,0,0,1,200700048911A01,,,
200700048995,2007-08-17,2007,août,vendredi,90:0,13,13055,0,0,2,1,6,1,1,9,-1,00,2,1,000,060,1,6,4,1,2,26,1,1,9,00,0,0,11,200700048995A01,,,
200700049032,2007-08-26,2007,août,dimanche,16:40,13,13055,0,0,2,1,3,1,1,3,2,02,1,1,000,085,1,0,1,4,1,51,5,1,9,00,2,1,1,200700049032B01,7,20,1
200700049080,2007-08-29,2007,août,mercredi,15:00,13,13055,0,0,2,1,3,1,2,4,2,02,1,1,000,000,2,0,1,4,2,50,0,1,9,00,2,2,1,200700049080B01,7,15,1
200700049139,2007-08-01,2007,août,mercredi,12:00,13,13117,0,0,2,1,6,1,1,4,2,02,1,1,000,040,1,0,1,4,2,51,5,1,9,00,2,1,13,200700049139A01,7,13,1
200700049173,2007-08-03,2007,août,vendredi,90:0,17,17299,0,0,2,6,3,1,1,4,1,01,1,2,000,085,1,5,5,4,1,46,5,1,9,00,2,6,1,200700049173B01,7,16,1
200700049180,2007-08-16,2007,août,jeudi,25:,17,17299,0,0,2,1,6,4,1,4,2,02,1,1,000,064,1,0,1,3,1,27,5,1,2,01,0,1,1,200700049180A01,,,
200700049186,2007-08-01,2007,août,mercredi,10:39,17,17300,0,0,2,1,6,1,1,4,2,02,1,1,000,060,1,0,1,4,1,59,5,1,9,01,0,1,1,200700049186B01,7,24,1
200700049187,2007-08-01,2007,août,mercredi,15:40,17,17300,0,0,2,1,2,1,1,4,2,02,2,1,000,060,1,0,1,4,1,35,5,1,2,00,2,4,1,200700049187B01,7,1,1
200700049194,2007-08-06,2007,août,lundi,16:15,17,17300,0,0,2,1,6,1,1,4,1,02,1,2,000,000,1,0,5,4,1,34,5,1,2,00,2,6,1,200700049194B01,33,16,1
200700049239,2007-08-07,2007,août,mardi,17:54,17,17415,0,0,2,1,3,1,1,4,2,02,1,1,000,000,1,0,1,4,1,13,0,1,4,00,2,0,13,200700049239A01,7,1,1
200700049246,2007-08-30,2007,août,jeudi,10:40,17,17415,0,0,2,2,3,1,1,4,2,03,2,1,000,000,1,0,1,4,1,55,0,1,4,00,2,1,19,200700049246A01,7,15,1
200700049255,2007-08-21,2007,août,mardi,17:10,18,18279,0,0,2,1,3,1,2,3,2,02,1,1,000,120,2,0,1,4,2,21,5,1,4,00,2,2,11,200700049255B01,7,1,1
200700049315,2007-08-28,2007,août,mardi,16:00,22,22215,0,0,1,1,7,1,1,4,2,02,-1,-1,000,070,1,0,1,3,1,78,5,1,2,14,0,1,1,200700049315A01,,,
200700049326,2007-08-25,2007,août,samedi,10:40,24,24037,0,0,2,7,3,1,1,4,2,01,1,1,000,000,-1,0,0,4,2,58,5,1,9,00,2,1,2,200700049326B01,7,2,1
200700049327,2007-08-02,2007,août,jeudi,14:57,24,24322,0,0,2,1,6,1,2,4,1,01,1,1,000,000,1,0,1,4,2,39,0,1,9,00,2,1,13,200700049327A01,7,1,1
200700049328,2007-08-02,2007,août,jeudi,17:43,24,24102,0,0,2,1,3,1,1,3,3,03,1,1,080,153,1,0,1,3,2,66,5,1,2,00,2,8,19,200700049328B01,7,1,1
200700049359,2007-08-04,2007,août,samedi,10:25,26,26281,0,0,1,1,1,1,1,4,2,02,1,1,000,037,1,0,1,4,1,25,5,1,2,00,2,1,1,200700049359B01,3,13,1
200700049361,2007-08-11,2007,août,samedi,15:15,26,26281,0,0,2,1,6,1,1,6,2,01,1,1,000,050,1,0,1,4,2,15,5,1,2,00,2,8,1,200700049361B01,7,4,1
200700049363,2007-08-29,2007,août,mercredi,10:35,26,26281,0,0,2,3,6,1,8,4,2,02,1,1,000,000,1,0,1,4,1,13,5,0,0,00,1,8,19,200700049363B01,7,1,1
200700049366,2007-08-07,2007,août,mardi,15:15,26,26058,0,0,2,1,7,1,1,4,2,02,1,1,000,070,1,0,5,4,1,55,4,1,2,00,2,1,1,200700049366B01,7,24,1
200700049388,2007-08-27,2007,août,lundi,19:05,27,27701,0,0,2,1,3,1,1,4,1,01,1,1,000,036,1,0,1,4,1,8,5,1,4,00,2,1,19,200700049388A01,7,1,1
200700049417,2007-08-22,2007,août,mercredi,14:05,29,29019,0,0,2,1,3,1,1,9,2,02,2,-1,000,000,1,0,1,3,1,44,5,1,2,00,2,6,1,200700049417B01,7,1,1
200700049418,2007-08-22,2007,août,mercredi,13:15,29,29019,0,0,2,1,7,1,1,9,2,02,2,1,000,000,1,0,1,3,2,52,5,1,2,00,0,1,1,200700049418B01,30,9,1
200700049431,2007-08-11,2007,août,samedi,19:30,29,29151,0,0,2,3,3,1,1,4,2,01,1,3,000,061,1,5,1,3,1,17,5,1,2,00,2,1,1,200700049431B01,7,15,1
200700049463,2007-08-21,2007,août,mardi,15:36,30,30189,0,0,2,1,2,1,1,4,2,02,1,1,000,102,1,0,1,4,1,77,9,1,2,00,2,0,1,200700049463B01,2,1,1
200700049471,2007-08-30,2007,août,jeudi,17:54,30,30189,43.83264,4.35949,2,1,6,1,1,4,1,01,1,1,000,030,1,0,1,4,1,16,9,1,2,01,0,1,1,200700049471B01,7,22,1
200700049478,2007-08-04,2007,août,samedi,10:10,31,31069,0,0,2,1,3,1,1,4,2,02,1,1,000,000,1,0,1,4,1,89,5,1,9,00,2,3,2,200700049478A01,7,2,1
200700049480,2007-08-10,2007,août,vendredi,17:05,31,31069,0,0,2,2,1,1,1,4,1,01,1,1,059,054,1,0,1,4,1,13,5,1,9,00,2,1,5,200700049480A01,33,0,1
200700049486,2007-08-01,2007,août,mercredi,25:,31,31555,0,0,2,1,6,5,1,4,1,01,1,1,000,030,1,0,1,4,1,16,0,1,9,00,2,0,0,200700049486A01,33,0,1
200700049493,2007-08-04,2007,août,samedi,17:45,31,31555,0,0,2,1,3,1,1,4,2,02,1,1,000,000,1,0,1,4,2,28,0,1,2,00,0,7,19,200700049493A01,7,1,1
200700049496,2007-08-06,2007,août,lundi,15:15,31,31555,0,0,2,1,2,1,1,4,2,03,1,1,000,085,1,0,1,4,1,83,0,1,9,00,2,4,2,200700049496B01,7,2,1
200700049499,2007-08-05,2007,août,dimanche,15:10,31,31555,0,0,2,1,6,1,1,4,2,02,2,1,000,000,1,0,1,4,1,25,0,1,9,00,2,1,1,200700049499B01,7,24,1
200700049500,2007-08-08,2007,août,mercredi,18:10,31,31555,0,0,2,1,6,1,1,4,1,01,1,1,000,090,1,0,1,4,1,43,0,1,9,00,2,1,1,200700049500B01,7,22,1
200700049534,2007-08-26,2007,août,dimanche,14:00,31,31555,0,0,2,1,1,1,1,4,-1,04,1,1,000,120,1,2,1,4,1,65,5,0,0,00,2,1,0,200700049534B01,7,0,1
200700049548,2007-08-30,2007,août,jeudi,19:20,31,31555,0,0,2,1,2,1,2,4,1,01,1,1,000,040,1,0,1,4,1,27,1,1,9,00,2,1,1,200700049548A01,7,23,1
200700049567,2007-08-16,2007,août,jeudi,84:3,33,33009,0,0,2,1,3,1,2,4,3,02,1,1,025,035,2,0,1,4,1,81,5,1,9,00,2,8,19,200700049567B01,7,1,1
200700049568,2007-08-08,2007,août,mercredi,80:8,33,33529,0,0,2,6,3,2,1,4,1,01,1,-1,000,030,1,5,1,4,2,59,5,1,9,00,2,8,1,200700049568B01,7,1,1
200700049570,2007-08-01,2007,août,mercredi,13:30,33,33063,0,0,2,1,3,1,1,4,1,01,1,1,000,058,1,0,1,4,1,13,0,1,2,00,2,1,19,200700049570A01,7,1,1
200700049575,2007-08-01,2007,août,mercredi,12:55,33,33281,0,0,2,1,2,1,1,4,2,03,1,1,000,083,1,0,1,4,2,49,1,1,2,00,0,4,11,200700049575B01,7,11,1
200700049587,2007-08-04,2007,août,samedi,10:30,33,33318,0,0,2,3,1,1,1,4,2,02,1,3,000,080,1,0,1,3,2,59,0,1,2,00,2,3,15,200700049587B01,7,15,1
200700049588,2007-08-03,2007,août,vendredi,14:25,33,33318,0,0,2,2,3,1,1,4,2,02,1,-1,000,112,1,0,1,3,2,78,0,1,2,00,2,3,1,200700049588B01,7,16,1
200700049591,2007-08-02,2007,août,jeudi,12:20,33,33281,0,0,2,3,3,1,1,4,2,02,1,1,000,063,1,0,5,4,1,34,5,1,2,00,2,1,1,200700049591B01,7,15,1
200700049631,2007-08-26,2007,août,dimanche,17:55,33,33063,0,0,2,1,3,1,1,4,2,02,1,1,000,056,1,0,1,4,1,36,0,1,9,00,2,8,13,200700049631A01,40,1,1
200700049640,2007-08-25,2007,août,samedi,12:15,33,33063,0,0,2,1,7,1,1,4,2,02,1,1,000,100,1,0,1,4,1,38,0,1,9,00,2,1,1,200700049640B01,7,15,1
200700049655,2007-08-30,2007,août,jeudi,17:30,33,33281,0,0,2,5,3,1,1,4,1,01,1,1,000,000,1,0,1,3,1,32,0,0,0,00,2,0,9,200700049655A01,7,1,1
200700049677,2007-08-14,2007,août,mardi,18:50,34,34032,0,0,2,1,7,1,1,4,2,02,2,3,000,070,1,0,1,4,1,10,5,1,9,00,2,7,19,200700049677B01,2,1,1
200700049685,2007-08-23,2007,août,jeudi,11:45,34,34032,0,0,2,6,3,1,1,3,1,02,1,2,000,085,1,5,1,4,1,66,3,1,9,00,2,4,2,200700049685B01,7,16,1
200700049712,2007-08-09,2007,août,jeudi,16:15,34,34172,0,0,2,2,7,1,1,4,2,02,2,1,000,080,1,0,5,4,2,37,0,1,9,14,0,1,1,200700049712A01,,,
200700049757,2007-08-01,2007,août,mercredi,17:55,35,35238,0,0,2,2,3,1,1,4,3,02,3,1,000,000,1,0,1,3,2,42,5,1,2,00,2,0,19,200700049757B01,7,1,1
200700049763,2007-08-09,2007,août,jeudi,19:00,35,35238,0,0,2,2,1,1,1,4,1,01,2,1,000,030,1,0,1,4,1,13,0,1,3,00,2,9,1,200700049763B01,7,5,1
200700049775,2007-08-20,2007,août,lundi,17:15,35,35238,0,0,2,3,3,1,2,4,2,00,2,1,000,000,2,5,1,3,2,60,0,1,2,00,2,0,1,200700049775B01,7,15,1
200700049783,2007-08-28,2007,août,mardi,13:50,35,35238,0,0,1,1,4,1,1,4,2,01,1,3,000,040,1,0,1,4,1,50,5,1,9,00,2,4,0,200700049783A01,7,1/2,2
200700049801,2007-08-03,2007,août,vendredi,13:23,36,36044,0,0,2,1,7,1,1,4,2,02,1,1,000,070,1,0,1,4,1,49,1,1,9,00,0,0,1,200700049801A01,,,
200700049804,2007-08-22,2007,août,mercredi,15:50,36,36044,0,0,2,1,3,1,2,4,1,02,1,1,000,110,2,0,1,4,1,16,5,1,4,01,1,1,3,200700049804B01,7,22,1
200700049806,2007-08-28,2007,août,mardi,16:45,36,36044,0,0,2,2,3,1,1,4,2,02,1,1,000,050,1,0,1,4,1,12,5,1,4,00,2,7,9,200700049806A01,7,1,1
200700049813,2007-08-03,2007,août,vendredi,19:05,37,37261,0,0,2,1,3,1,1,4,2,02,1,1,000,000,1,0,1,3,1,26,5,1,9,00,2,1,1,200700049813B01,7,22,1
200700049827,2007-08-10,2007,août,vendredi,16:15,38,38151,0,0,1,1,3,1,1,5,2,01,1,-1,000,035,-1,0,5,3,2,49,0,1,9,00,2,1,15,200700049827B01,32,1,1
200700049828,2007-08-11,2007,août,samedi,15:05,38,38151,0,0,2,1,6,1,1,3,2,02,1,1,000,053,-1,0,1,4,1,51,0,1,9,00,2,4,17,200700049828B01,7,1,1
200700049838,2007-08-31,2007,août,vendredi,16:50,38,38151,0,0,2,1,6,1,1,4,2,02,1,1,000,060,1,0,1,4,1,55,0,1,9,01,0,1,1,200700049838B01,7,22,1
200700049838,2007-08-31,2007,août,vendredi,16:50,38,38151,0,0,2,1,6,1,1,4,2,02,1,1,000,060,1,0,1,4,1,61,0,1,9,14,0,1,1,200700049838C01,7,22,1
200700049838,2007-08-31,2007,août,vendredi,16:50,38,38151,0,0,2,1,6,1,1,4,2,02,1,1,000,060,1,0,1,4,1,58,0,1,9,14,0,1,1,200700049838D01,7,22,1
200700049857,2007-08-18,2007,août,samedi,17:10,41,41018,0,0,2,3,3,1,1,4,2,02,1,1,000,000,1,0,1,4,1,9,5,1,9,00,2,1,15,200700049857B01,7,1,1
200700049887,2007-08-14,2007,août,mardi,17:30,42,42187,0,0,2,2,3,1,1,9,2,02,1,1,000,075,1,0,1,1,1,26,5,1,9,00,2,1,1,200700049887A01,2,15,1
200700049890,2007-08-20,2007,août,lundi,11:15,42,42187,0,0,2,6,3,1,1,4,2,02,1,1,000,000,1,0,1,4,1,20,5,1,9,00,2,5,1,200700049890B01,7,11,1
200700049904,2007-08-23,2007,août,jeudi,11:45,42,42218,0,0,2,1,3,1,1,4,1,01,1,1,000,075,1,0,1,4,1,44,5,1,2,00,2,1,1,200700049904B01,7,24,1
200700049913,2007-08-04,2007,août,samedi,15:30,44,44055,0,0,2,3,3,1,1,4,3,02,1,1,000,000,1,0,1,3,1,33,5,1,9,00,2,6,11,200700049913B01,32,1,1
200700049922,2007-08-13,2007,août,lundi,16:55,44,44055,0,0,2,1,3,1,1,4,2,02,2,1,000,000,1,0,1,4,2,22,5,1,9,00,2,1,1,200700049922A01,7,0,1
200700049923,2007-08-14,2007,août,mardi,13:15,44,44055,0,0,2,1,3,1,1,4,1,02,1,1,000,000,1,0,1,4,2,24,5,1,9,00,2,1,1,200700049923A01,7,1,1
200700049924,2007-08-14,2007,août,mardi,13:45,44,44055,0,0,2,1,2,1,1,4,2,02,1,1,000,000,1,0,1,4,2,19,0,1,9,00,2,1,0,200700049924A01,7,1,1
200700049925,2007-08-16,2007,août,jeudi,34:5,44,44132,0,0,2,1,7,4,1,4,2,02,1,1,000,000,1,0,1,4,2,24,5,1,4,00,2,3,0,200700049925B01,30,1,1
200700049929,2007-08-10,2007,août,vendredi,14:20,44,44055,0,0,2,9,2,1,1,4,3,00,1,1,000,126,1,0,5,4,1,37,9,1,2,00,0,4,2,200700049929B01,2,23,1
200700049931,2007-08-03,2007,août,vendredi,13:00,44,44109,0,0,1,9,6,1,1,4,1,02,3,1,000,020,1,3,1,3,1,6,0,1,2,00,2,8,19,200700049931A01,7,1,1
200700049940,2007-08-07,2007,août,mardi,21:00,44,44162,0,0,2,1,2,5,9,3,2,02,1,2,000,000,-1,5,1,4,1,34,1,1,9,00,2,7,1,200700049940B01,7,9,1
200700049954,2007-08-28,2007,août,mardi,14:05,44,44162,0,0,2,3,3,1,1,4,2,02,3,1,000,070,1,0,1,3,2,11,5,1,9,00,2,5,1,200700049954A01,7,1,1
200700049957,2007-08-02,2007,août,jeudi,90:0,44,44184,0,0,2,2,3,1,1,4,2,90,1,1,000,000,1,0,1,4,2,17,1,1,9,00,2,0,19,200700049957A01,7,21,1
200700049958,2007-08-07,2007,août,mardi,17:10,44,44184,0,0,2,1,3,1,1,2,3,02,1,2,000,080,1,0,1,4,1,63,5,1,2,00,2,3,1,200700049958B01,7,1,1
200700049960,2007-08-16,2007,août,jeudi,12:30,44,44184,0,0,2,1,3,1,1,4,1,01,1,1,000,000,1,0,1,4,1,8,5,1,9,00,2,1,19,200700049960A01,7,1,1
200700049966,2007-08-02,2007,août,jeudi,16:10,45,45169,0,0,2,2,6,1,1,4,3,05,1,1,020,070,1,0,1,4,2,16,5,1,9,00,2,8,19,200700049966A01,7,1,1
200700049970,2007-08-07,2007,août,mardi,16:55,45,45075,0,0,2,1,3,1,1,2,-1,02,1,1,070,037,1,0,4,4,1,25,0,1,4,00,2,8,1,200700049970B01,7,1,1
200700049980,2007-08-28,2007,août,mardi,13:30,45,45147,0,0,2,6,3,1,1,2,3,04,1,-1,000,075,1,5,1,4,1,19,0,1,2,00,2,0,1,200700049980B01,7,16,1
200700049996,2007-08-28,2007,août,mardi,12:40,47,47323,0,0,2,1,3,1,1,4,2,02,1,1,000,072,1,0,1,3,1,71,5,1,9,00,0,4,13,200700049996B01,33,2,1
200700049999,2007-08-02,2007,août,jeudi,17:59,49,49246,0,0,2,1,3,1,1,9,-1,01,1,1,000,070,1,0,1,3,1,47,0,1,9,00,2,6,0,200700049999A01,33,1,1
200700050005,2007-08-08,2007,août,mercredi,17:40,49,49007,0,0,2,1,3,1,1,4,3,04,1,1,000,120,1,0,1,4,2,32,0,1,2,00,2,8,1,200700050005B01,7,16,1
200700050007,2007-08-10,2007,août,vendredi,22:35,49,49007,0,0,2,1,7,5,1,4,1,01,1,1,000,030,1,0,1,4,1,57,5,1,2,00,0,0,1,200700050007A01,,,
200700050011,2007-08-10,2007,août,vendredi,13:26,49,49007,0,0,2,1,6,1,1,4,3,04,1,1,000,180,1,0,1,4,2,52,1,1,9,00,2,0,0,200700050011B01,7,0,1
200700050026,2007-08-21,2007,août,mardi,13:30,49,49099,0,0,2,7,3,1,8,4,2,02,2,1,000,090,2,0,5,4,2,16,5,1,9,00,2,8,1,200700050026B01,7,16,1
200700050046,2007-08-13,2007,août,lundi,18:25,51,51108,0,0,2,3,3,1,1,4,1,02,1,1,000,066,1,5,1,3,2,30,0,1,9,00,2,7,5,200700050046A01,7,15,1
200700050056,2007-08-03,2007,août,vendredi,15:00,52,52121,0,0,1,1,6,1,1,3,2,02,1,1,000,072,1,0,1,3,2,67,5,1,9,00,2,8,1,200700050056B01,10,17,1
200700050068,2007-08-02,2007,août,jeudi,12:25,54,54526,0,0,2,9,1,1,1,4,1,01,1,2,000,000,1,0,1,4,1,5,5,1,2,00,2,1,1,200700050068B01,7,5,1
200700050070,2007-08-04,2007,août,samedi,10:45,54,54357,0,0,2,1,2,1,1,4,2,03,1,1,000,100,1,0,1,4,1,60,5,1,9,00,2,4,1,200700050070B01,7,17,1
200700050072,2007-08-09,2007,août,jeudi,22:00,54,54395,0,0,2,5,3,5,2,4,1,02,1,1,000,000,2,0,1,4,1,15,5,1,2,00,2,1,1,200700050072A01,7,1,1
200700050074,2007-08-11,2007,août,samedi,19:20,54,54526,0,0,2,1,6,1,1,4,2,01,1,1,000,030,1,0,5,4,1,11,5,1,9,00,0,0,0,200700050074B01,7,0,1
200700050084,2007-08-18,2007,août,samedi,17:20,54,54395,0,0,2,1,3,1,1,4,1,02,1,1,000,000,1,0,1,1,1,26,5,1,2,00,2,0,1,200700050084B01,33,1,1
200700050100,2007-08-31,2007,août,vendredi,11:10,54,54439,0,0,2,1,6,1,1,4,2,02,1,1,000,000,1,0,1,3,1,7,5,1,2,00,2,1,19,200700050100B01,10,1,1
200700050101,2007-08-31,2007,août,vendredi,14:25,54,54395,0,0,2,1,6,1,1,4,2,02,1,1,000,000,1,0,4,4,2,43,5,1,2,00,2,1,1,200700050101A01,33,23,1
200700050111,2007-08-04,2007,août,samedi,94:5,56,56162,0,0,2,1,7,1,1,9,2,02,1,1,000,000,1,0,1,4,2,71,5,1,9,00,0,7,1,200700050111A01,,,
200700050122,2007-08-11,2007,août,samedi,18:05,56,56098,0,0,2,2,3,1,1,4,2,02,1,1,000,000,1,0,1,4,1,12,0,1,2,00,2,1,15,200700050122B01,7,1,1
200700050137,2007-08-02,2007,août,jeudi,10:55,56,56260,0,0,1,6,6,1,1,4,1,02,1,2,000,085,1,5,1,4,1,58,5,1,9,00,2,8,3,200700050137B01,7,9,1
200700050152,2007-08-27,2007,août,lundi,19:10,57,57537,0,0,2,1,4,1,1,3,2,01,1,1,000,076,1,0,1,4,1,32,5,1,2,00,2,8,1,200700050152B01,7,9,1
200700050152,2007-08-27,2007,août,lundi,19:10,57,57537,0,0,2,1,4,1,1,3,2,01,1,1,000,076,1,0,1,4,2,29,5,1,2,00,2,8,1,200700050152C01,7,9,1
200700050156,2007-08-01,2007,août,mercredi,74:0,57,57480,0,0,2,1,3,1,1,4,2,02,1,1,000,060,1,0,1,4,1,48,1,1,2,00,2,8,1,200700050156B01,7,17,1
200700050168,2007-08-29,2007,août,mercredi,18:20,57,57447,0,0,2,3,3,1,1,4,2,02,1,1,000,070,1,0,1,4,1,12,5,1,2,00,2,1,9,200700050168A01,7,1,1
200700050200,2007-08-25,2007,août,samedi,19:55,58,58194,0,0,2,1,7,1,1,4,2,02,2,1,000,050,1,0,1,3,1,45,0,1,9,01,0,2,0,200700050200A01,,,
200700050201,2007-08-31,2007,août,vendredi,14:35,58,58194,0,0,2,1,2,1,1,4,2,02,1,2,000,065,1,0,1,4,2,46,1,1,9,00,2,3,15,200700050201B01,7,1,1
200700050213,2007-08-27,2007,août,lundi,12:45,59,59178,0,0,2,1,3,1,7,4,2,02,2,1,000,070,1,2,1,4,2,19,0,1,9,00,2,7,19,200700050213A01,33,1,1
200700050215,2007-08-03,2007,août,vendredi,81:5,59,59183,0,0,2,1,2,1,1,4,2,02,1,1,000,000,1,0,1,4,2,24,1,1,2,00,2,4,1,200700050215B01,7,1,1
200700050225,2007-08-01,2007,août,mercredi,11:00,59,59385,0,0,2,1,6,1,1,3,2,02,2,2,000,000,1,0,4,3,1,10,5,1,4,01,0,1,1,200700050225B01,,,