Num_Acc,date,an,mois,jour,hrmn,dep,com,lat,long,agg,int,col,lum,atm,catr,circ,nbv,prof,plan,lartpc,larrout,surf,infra,situ,grav,sexe,age,trajet,secuexist,equipement,obs,obsm,choc,manv,vehiculeid,typevehicules,manoeuvehicules,numVehicules
200700050227,2007-08-01,2007,août,mercredi,16:53,59,59350,0,0,2,1,3,1,1,4,2,02,1,1,000,060,1,0,1,4,1,9,5,1,4,00,2,1,1,200700050227B01,7,1,1
200700050229,2007-08-03,2007,août,vendredi,17:00,59,59350,0,0,2,1,3,1,1,4,2,02,1,1,000,114,1,0,1,3,1,37,0,1,2,00,2,0,1,200700050229B01,7,0,1
200700050232,2007-08-04,2007,août,samedi,19:20,59,59009,0,0,2,1,6,1,1,4,2,02,1,1,000,050,1,0,1,4,2,51,5,1,4,00,2,5,23,200700050232B01,7,1,1
200700050233,2007-08-04,2007,août,samedi,22:35,59,59360,0,0,2,2,3,5,1,4,1,01,1,1,000,400,1,0,1,3,1,35,9,1,2,00,2,1,5,200700050233A01,7,1,1
200700050234,2007-08-05,2007,août,dimanche,17:40,59,59350,0,0,2,1,2,1,1,4,1,01,1,1,000,000,1,0,1,4,1,24,5,1,2,00,2,1,1,200700050234A01,7,16,1
200700050238,2007-08-07,2007,août,mardi,18:55,59,59350,0,0,2,1,6,1,1,6,4,00,1,1,000,000,1,0,1,4,1,7,5,1,9,00,2,1,0,200700050238A01,,,
200700050251,2007-08-20,2007,août,lundi,17:10,59,59350,0,0,1,9,3,1,1,4,2,00,1,1,000,135,1,0,4,4,1,56,5,1,9,00,2,1,1,200700050251B01,7,23,1
200700050259,2007-08-29,2007,août,mercredi,19:20,59,59328,0,0,2,2,3,1,1,3,2,04,1,1,033,080,1,0,1,4,1,19,5,1,4,00,2,1,15,200700050259A01,7,1,1
200700050260,2007-08-30,2007,août,jeudi,14:50,59,59009,0,0,2,1,6,1,1,4,1,03,1,1,000,068,1,0,1,4,1,,0,1,9,00,2,1,2,200700050260B01,7,16,1
200700050261,2007-08-30,2007,août,jeudi,15:30,59,59350,0,0,2,2,3,1,1,4,2,04,1,1,000,110,1,0,1,4,1,19,5,1,9,00,2,1,1,200700050261A01,7,1,1
200700050265,2007-08-31,2007,août,vendredi,16:10,59,59457,0,0,2,1,6,1,1,4,2,02,1,1,000,070,1,0,1,3,1,27,0,1,2,00,0,0,0,200700050265A01,,,
200700050268,2007-08-01,2007,août,mercredi,17:15,59,59392,0,0,2,3,3,1,1,4,2,02,1,1,000,070,1,0,1,3,2,45,5,1,9,00,2,0,1,200700050268B01,7,0,1
200700050295,2007-08-31,2007,août,vendredi,13:35,59,59512,0,0,2,1,6,1,1,6,2,00,1,1,000,000,1,0,1,3,1,5,5,1,2,00,2,0,1,200700050295B01,7,1,1
200700050304,2007-08-07,2007,août,mardi,18:15,59,59606,0,0,2,3,5,1,1,4,2,02,1,1,000,088,1,0,1,4,1,20,0,1,9,00,2,1,1,200700050304B01,33/ 7,15/0,2
200700050305,2007-08-07,2007,août,mardi,22:20,59,59459,0,0,2,1,6,3,1,3,2,02,1,1,000,072,1,0,5,1,1,20,0,1,4,00,1,1,1,200700050305A01,,,
200700050316,2007-08-23,2007,août,jeudi,19:10,61,61006,0,0,2,6,3,1,2,4,1,01,1,2,044,079,1,5,1,3,1,85,5,1,4,00,0,0,0,200700050316B01,7,1,1
200700050348,2007-08-30,2007,août,jeudi,1:,62,62193,0,0,2,1,6,5,1,4,2,02,1,1,000,000,1,0,1,3,2,24,5,1,9,00,2,0,2,200700050348B01,7,2,1
200700050350,2007-08-08,2007,août,mercredi,81:0,62,62907,0,0,2,1,3,1,8,4,2,02,1,1,000,050,2,0,1,3,2,56,4,1,9,00,2,8,13,200700050350B01,7,17,1
200700050388,2007-08-05,2007,août,dimanche,18:15,63,63113,0,0,2,9,3,1,1,4,2,02,2,3,000,070,1,0,1,3,1,39,5,1,2,00,2,1,1,200700050388B01,7,15,1
200700050396,2007-08-16,2007,août,jeudi,17:50,63,63113,0,0,2,1,6,1,1,4,2,02,1,1,000,000,1,0,1,4,1,40,0,1,2,01,0,1,14,200700050396A01,,,
200700050410,2007-08-25,2007,août,samedi,20:30,63,63113,0,0,2,1,3,1,1,4,2,02,2,1,000,084,1,0,1,4,1,55,0,1,2,00,2,2,17,200700050410B01,7,15,1
200700050444,2007-08-07,2007,août,mardi,11:10,64,64237,0,0,2,3,3,1,1,4,2,02,1,1,000,087,1,0,1,3,2,74,5,1,9,00,2,1,15,200700050444B01,10,15,1
200700050451,2007-08-15,2007,août,mercredi,17:25,64,64445,0,0,2,3,1,1,1,3,1,02,1,1,000,108,1,0,1,4,1,86,5,1,9,00,2,4,16,200700050451A01,7,1,1
200700050456,2007-08-20,2007,août,lundi,20:30,64,64445,0,0,2,3,3,1,1,4,2,02,1,1,000,070,1,0,1,3,1,18,5,1,9,00,2,1,15,200700050456A01,7,1,1
200700050465,2007-08-02,2007,août,jeudi,93:5,64,64545,0,0,2,1,6,1,1,2,-1,02,1,-1,000,000,-1,0,1,4,1,76,5,1,9,00,2,8,2,200700050465B01,7,2,1
200700050466,2007-08-08,2007,août,mercredi,15:40,64,64483,0,0,2,1,6,1,1,4,1,01,1,-1,000,000,1,0,1,1,1,10,5,1,9,00,1,1,1,200700050466A01,,,
200700050483,2007-08-27,2007,août,lundi,11:03,64,64260,0,0,2,6,3,1,1,3,2,02,2,1,160,110,1,0,1,4,1,14,5,1,2,00,2,1,9,200700050483A01,20,15,1
200700050487,2007-08-05,2007,août,dimanche,20:08,65,65440,0,0,2,2,2,1,1,4,2,02,1,1,000,000,1,0,1,4,1,24,0,1,9,00,2,1,1,200700050487A01,7,23,1
200700050495,2007-08-23,2007,août,jeudi,15:15,65,65440,0,0,2,1,3,1,1,4,2,02,1,1,000,100,1,0,1,4,2,78,3,1,9,01,0,1,1,200700050495B01,7,24,1
200700050511,2007-08-01,2007,août,mercredi,81:5,67,67482,0,0,2,3,6,1,1,5,1,01,1,1,000,012,1,0,1,4,1,53,4,1,9,00,2,1,15,200700050511A01,7,1,1
200700050514,2007-08-03,2007,août,vendredi,10:35,67,67482,0,0,2,1,3,1,2,4,2,03,1,1,000,152,1,0,1,4,1,57,0,1,9,00,2,1,1,200700050514B01,7,9,1
200700050518,2007-08-06,2007,août,lundi,14:55,67,67482,0,0,2,1,7,1,1,4,2,02,1,1,000,060,1,0,1,1,1,29,0,1,9,00,0,0,10,200700050518C01,34/ 7,1,2
200700050519,2007-08-07,2007,août,mardi,14:30,67,67482,0,0,2,3,3,1,2,4,2,02,1,1,124,093,2,0,5,3,2,22,5,1,9,00,2,8,19,200700050519B01,7,1,1
200700050520,2007-08-07,2007,août,mardi,20:10,67,67482,0,0,2,2,3,1,1,4,4,05,1,1,000,150,1,0,1,4,2,23,5,1,9,00,2,7,19,200700050520A01,7,1,1
200700050522,2007-08-10,2007,août,vendredi,84:5,67,67482,0,0,2,2,6,1,1,4,2,02,1,1,000,060,1,0,1,4,2,26,0,0,0,00,2,1,1,200700050522B01,7,1,1
200700050538,2007-08-24,2007,août,vendredi,10:15,67,67204,0,0,2,3,3,1,1,4,1,01,-1,-1,000,000,-1,0,1,3,1,79,9,1,2,00,2,8,19,200700050538A01,7,1,1
200700050546,2007-08-27,2007,août,lundi,15:15,67,67482,0,0,2,3,6,1,1,4,2,02,1,1,000,110,1,0,1,4,2,24,1,1,9,00,2,1,19,200700050546B01,7,1,1
200700050549,2007-08-29,2007,août,mercredi,11:40,67,67218,0,0,2,2,3,1,1,4,2,05,1,1,000,160,1,0,1,4,2,73,5,1,9,00,2,4,19,200700050549A01,13,1,1
200700050554,2007-08-15,2007,août,mercredi,17:00,68,68066,0,0,2,1,3,1,1,3,2,02,1,1,000,150,1,0,5,4,1,37,5,1,2,00,2,1,1,200700050554B01,1,19,1
200700050554,2007-08-15,2007,août,mercredi,17:00,68,68066,0,0,2,1,3,1,1,3,2,02,1,1,000,150,1,0,5,1,1,12,5,1,2,00,2,0,19,200700050554A01,1,1,1
200700050557,2007-08-24,2007,août,vendredi,11:35,68,68066,0,0,2,4,3,1,1,4,1,02,1,1,000,080,1,0,1,3,2,31,5,1,2,00,2,3,1,200700050557B01,7,1,1
200700050577,2007-08-06,2007,août,lundi,14:00,69,69256,0,0,2,2,3,1,1,4,2,02,1,1,000,000,1,0,1,3,1,10,9,1,9,00,2,1,19,200700050577A01,7,1,1
200700050584,2007-08-28,2007,août,mardi,16:30,69,69013,0,0,2,1,1,1,1,3,2,02,1,1,063,031,1,0,1,3,1,19,5,1,9,00,2,1,11,200700050584B01,7,1,1
200700050593,2007-08-28,2007,août,mardi,20:25,69,69266,0,0,2,2,6,2,1,4,2,02,-1,1,000,062,1,0,1,4,1,16,5,1,9,00,2,2,1,200700050593B01,7,1,1
200700050595,2007-08-25,2007,août,samedi,16:25,69,69266,0,0,2,1,6,1,1,4,2,02,1,1,000,059,1,0,1,4,1,24,5,1,9,00,2,7,1,200700050595B01,10,1,1
200700050620,2007-08-25,2007,août,samedi,14:35,71,71497,0,0,1,9,3,1,1,2,2,02,1,1,000,100,1,0,1,3,1,78,5,1,9,00,0,7,14,200700050620A01,7,1,1
200700050635,2007-08-14,2007,août,mardi,13:00,72,72181,0,0,2,1,3,1,1,9,3,02,2,1,000,210,1,0,1,3,1,51,9,1,2,00,0,1,19,200700050635A01,7,1,1
200700050646,2007-08-27,2007,août,lundi,75:0,72,72181,0,0,2,1,3,1,1,9,2,01,1,1,000,078,1,0,1,4,1,56,9,1,2,00,0,0,1,200700050646B01,7,22,1
200700050650,2007-08-31,2007,août,vendredi,12:00,72,72181,0,0,2,1,7,1,1,3,1,01,1,1,000,030,1,0,1,4,1,58,9,1,9,00,0,1,1,200700050650A01,,,
200700050660,2007-08-23,2007,août,jeudi,10:45,74,74010,0,0,2,3,6,1,1,4,1,00,1,1,000,000,1,0,1,3,2,63,5,1,9,00,0,1,15,200700050660B01,7,15,1
200700050710,2007-08-14,2007,août,mardi,15:45,77,77400,0,0,2,1,7,1,1,3,2,02,1,1,000,035,1,0,1,4,1,15,5,1,2,00,0,1,0,200700050710A01,,,
200700050714,2007-08-24,2007,août,vendredi,17:10,77,77400,0,0,2,1,6,1,1,4,2,01,4,-1,000,000,1,0,3,3,1,16,5,1,9,01,0,5,1,200700050714A01,,,
200700050715,2007-08-27,2007,août,lundi,11:25,77,77131,0,0,2,1,6,1,1,4,2,02,1,1,000,000,1,0,1,1,1,34,5,1,9,00,1,8,0,200700050715A01,,,
200700050728,2007-08-01,2007,août,mercredi,19:35,77,77294,0,0,2,2,3,1,1,4,-1,02,1,1,000,000,1,0,1,3,2,69,0,1,9,00,0,0,0,200700050728B01,7,0,1
200700050731,2007-08-01,2007,août,mercredi,19:45,77,77294,0,0,2,3,3,1,1,4,2,00,-1,1,000,000,1,0,1,4,2,69,0,1,9,00,2,1,1,200700050731B01,7,0,1
200700050754,2007-08-28,2007,août,mardi,17:30,78,78297,0,0,2,9,3,1,1,4,2,02,1,1,000,060,1,0,5,4,1,21,1,1,9,00,0,2,1,200700050754B01,7,1,1
200700050755,2007-08-29,2007,août,mercredi,21:40,78,78297,0,0,2,1,3,2,1,4,2,00,1,1,000,000,1,0,1,3,1,14,5,1,9,00,2,8,19,200700050755A01,7,1,1
200700050768,2007-08-16,2007,août,jeudi,10:50,78,78029,0,0,2,1,6,1,1,3,3,04,1,1,000,000,1,0,1,3,1,59,5,1,2,00,2,8,1,200700050768B01,7,16,1
200700050772,2007-08-15,2007,août,mercredi,11:45,78,78165,0,0,2,3,3,1,1,4,2,01,1,1,000,032,2,0,1,4,2,75,5,1,4,00,2,7,1,200700050772B01,7,15,1
200700050808,2007-08-05,2007,août,dimanche,18:00,80,80021,0,0,2,3,3,1,1,4,1,01,1,1,000,030,1,0,1,4,2,23,5,1,9,00,2,1,19,200700050808A01,7,16,1
200700050813,2007-08-06,2007,août,lundi,18:40,80,80021,0,0,2,3,3,1,1,4,2,04,1,1,020,120,1,0,1,4,1,16,5,1,9,00,2,1,1,200700050813B01,7,15,1
200700050836,2007-08-20,2007,août,lundi,17:15,81,81065,0,0,2,6,3,1,1,4,1,01,1,2,000,000,1,5,1,4,1,31,5,1,4,00,2,2,1,200700050836B01,7,18,1
200700050844,2007-08-08,2007,août,mercredi,17:15,82,82121,0,0,2,6,6,1,1,4,-1,01,1,2,000,000,1,0,1,4,2,40,5,1,9,00,2,4,9,200700050844B01,7,9,1
200700050851,2007-08-28,2007,août,mardi,80:5,83,83118,0,0,2,4,1,1,7,4,-1,02,1,2,000,000,1,5,1,3,1,57,5,1,9,00,2,1,1,200700050851B01,7,11,1
200700050852,2007-08-27,2007,août,lundi,75:6,83,83118,0,0,2,1,1,1,1,4,2,02,2,3,000,084,1,0,1,3,1,44,1,1,9,00,2,1,0,200700050852B01,10,0,1
200700050858,2007-08-04,2007,août,samedi,10:20,83,83129,0,0,2,3,6,1,1,3,2,02,1,1,017,071,1,0,5,4,1,62,5,1,2,00,2,8,1,200700050858B01,7,9,1
200700050870,2007-08-10,2007,août,vendredi,20:00,83,83126,0,0,2,1,6,2,1,3,2,02,1,1,000,000,1,0,1,4,1,26,5,1,9,00,2,1,1,200700050870B01,10,15,1
200700050901,2007-08-06,2007,août,lundi,11:55,84,84007,0,0,1,1,1,1,1,4,2,02,1,1,000,060,1,0,1,4,1,50,1,1,2,00,2,1,0,200700050901B01,7,0,1
200700050915,2007-08-29,2007,août,mercredi,20:45,84,84007,0,0,2,1,6,5,1,4,1,01,1,1,000,080,1,6,4,1,1,15,5,1,2,00,1,1,5,200700050915A01,,,
200700050931,2007-08-27,2007,août,lundi,17:30,85,85194,0,0,2,1,2,1,1,4,3,02,1,1,000,000,1,0,5,4,1,14,9,1,9,00,2,1,2,200700050931B01,7,20,1
200700050946,2007-08-31,2007,août,vendredi,12:00,86,86194,0,0,2,3,3,1,1,4,2,02,2,1,000,076,1,0,1,4,1,23,9,1,9,00,2,1,1,200700050946B01,7,15,1
200700050966,2007-08-17,2007,août,vendredi,12:10,87,87085,0,0,2,1,6,1,1,3,2,02,1,1,000,060,1,0,1,4,1,20,5,1,2,16,0,1,2,200700050966A01,,,
200700050973,2007-08-20,2007,août,lundi,91:6,87,87085,0,0,2,1,6,1,1,3,2,02,1,1,000,050,1,0,1,4,1,59,5,1,2,00,0,1,2,200700050973A01,,,
200700051012,2007-08-29,2007,août,mercredi,13:00,89,89387,0,0,2,6,3,1,1,4,1,02,1,2,000,000,1,0,1,4,1,68,5,1,9,00,2,4,1,200700051012B01,7,0,1
200700051023,2007-08-05,2007,août,dimanche,10:15,91,91103,0,0,1,6,3,1,1,3,2,02,1,1,000,074,1,5,1,3,1,46,5,1,2,00,2,4,1,200700051023B01,7,16,1
200700051025,2007-08-16,2007,août,jeudi,16:35,91,91114,0,0,2,1,3,1,1,2,3,04,1,1,020,020,1,0,1,3,1,57,0,1,9,00,2,8,19,200700051025B01,32,1,1
200700051026,2007-08-18,2007,août,samedi,94:5,91,91114,0,0,2,6,2,1,1,3,4,02,1,2,020,020,1,5,1,4,1,45,0,1,9,00,2,1,1,200700051026B01,7,15,1
200700051043,2007-08-05,2007,août,dimanche,20:00,91,91228,0,0,2,1,1,1,1,4,1,01,1,2,000,045,1,0,1,4,1,66,5,1,2,00,2,1,5,200700051043A01,7,1,1
200700051057,2007-08-27,2007,août,lundi,84:5,91,91471,0,0,2,2,3,1,1,4,2,02,1,1,000,000,1,0,1,4,1,33,0,1,2,00,2,1,19,200700051057B01,7,15,1
200700051063,2007-08-03,2007,août,vendredi,15:50,92,92002,0,0,2,1,6,1,1,4,-1,00,-1,-1,000,068,1,0,4,1,1,23,5,1,2,00,1,1,0,200700051063A01,,,
200700051121,2007-08-25,2007,août,samedi,15:40,92,92026,0,0,2,1,3,1,1,3,3,04,1,1,000,168,1,0,1,4,2,46,9,1,9,00,2,8,11,200700051121B01,33,1,1
200700051128,2007-08-02,2007,août,jeudi,19:20,92,92036,0,0,2,1,1,1,1,3,2,02,1,1,000,060,1,0,1,3,1,21,3,1,9,00,2,1,17,200700051128B01,7,0,1
200700051148,2007-08-23,2007,août,jeudi,15:50,92,92049,0,0,2,1,3,1,1,3,3,08,1,1,000,000,2,0,1,4,2,24,9,1,9,00,0,0,19,200700051148B01,7,1,1
200700051183,2007-08-23,2007,août,jeudi,92:5,92,92046,0,0,2,2,6,1,2,4,2,00,1,1,000,000,2,0,1,4,1,43,1,1,2,00,2,1,1,200700051183B01,10,16,1
200700051195,2007-08-13,2007,août,lundi,19:35,93,93001,0,0,2,1,3,1,1,4,1,01,1,1,000,000,1,0,1,4,1,10,5,1,9,00,2,6,0,200700051195B01,7,2,1
200700051213,2007-08-09,2007,août,jeudi,12:15,93,93008,0,0,1,1,1,1,1,4,2,01,2,2,000,000,1,0,1,4,1,12,5,1,2,00,2,1,0,200700051213B01,7,0,1
200700051215,2007-08-27,2007,août,lundi,13:40,93,93008,0,0,2,1,6,1,1,4,-1,00,1,1,000,000,1,0,4,4,2,64,5,1,2,00,0,1,2,200700051215A01,,,
200700051232,2007-08-04,2007,août,samedi,20:35,93,93027,0,0,2,2,3,1,1,2,1,02,1,1,000,060,1,0,1,3,1,36,0,1,9,00,2,1,5,200700051232B01,7,1,1
200700051238,2007-08-31,2007,août,vendredi,12:35,93,93029,0,0,2,2,3,1,1,4,2,02,1,1,000,080,1,5,1,4,2,68,4,1,9,00,2,1,1,200700051238B01,7,16,1
200700051240,2007-08-04,2007,août,samedi,16:55,93,93079,0,0,2,3,3,1,7,4,2,02,1,1,070,070,1,0,1,4,1,9,5,1,9,00,2,1,2,200700051240A01,7,16,1
200700051269,2007-08-17,2007,août,vendredi,12:00,93,93048,0,0,2,1,2,1,1,2,2,01,1,1,000,080,1,0,1,4,1,53,5,1,9,00,2,4,1,200700051269B01,32,2,1
200700051280,2007-08-09,2007,août,jeudi,14:55,93,93051,0,0,2,6,3,1,1,4,1,04,1,1,060,060,1,0,1,4,1,21,0,1,9,01,0,3,18,200700051280B01,7,23,1
200700051316,2007-08-10,2007,août,vendredi,74:4,93,93070,0,0,2,1,2,1,2,3,2,02,1,1,000,120,2,0,0,3,1,38,0,1,2,00,2,2,1,200700051316B01,10,4,1
200700051318,2007-08-01,2007,août,mercredi,19:30,93,93071,0,0,2,1,1,1,7,4,2,02,1,1,000,070,-1,0,1,3,2,28,5,1,9,00,2,3,1,200700051318B01,7,15,1
200700051337,2007-08-23,2007,août,jeudi,13:41,94,94002,0,0,2,2,3,1,2,2,1,01,1,1,000,000,2,0,1,4,1,30,1,1,2,00,2,0,0,200700051337A01,7,1,1
200700051368,2007-08-30,2007,août,jeudi,18:42,94,94028,0,0,2,1,3,5,1,4,-1,02,1,1,000,100,1,0,1,4,1,11,0,1,4,00,0,0,0,200700051368B01,7,0,1
200700051372,2007-08-07,2007,août,mardi,90:0,94,94003,0,0,2,1,7,1,1,4,2,00,1,1,000,000,1,0,1,4,1,50,0,1,9,01,0,1,1,200700051372A01,,,
200700051379,2007-08-27,2007,août,lundi,92:0,94,94003,0,0,2,3,3,1,1,4,2,00,-1,1,000,000,1,0,1,4,1,30,0,1,9,00,2,1,1,200700051379B01,7,15,1
200700051396,2007-08-12,2007,août,dimanche,20:05,94,94041,0,0,2,1,7,5,2,2,2,04,1,1,000,000,2,0,1,4,1,31,5,1,2,00,0,0,0,200700051396A01,,,
200700051413,2007-08-02,2007,août,jeudi,74:5,94,94078,0,0,2,9,6,1,1,3,2,02,1,1,000,060,1,0,1,4,1,43,0,1,2,00,2,1,17,200700051413B01,7,13,1
200700051419,2007-08-28,2007,août,mardi,84:5,94,94078,0,0,2,2,7,1,1,2,-1,04,1,1,000,000,1,0,1,4,2,51,4,1,9,00,0,7,2,200700051419A01,32,2,1
200700051422,2007-08-02,2007,août,jeudi,16:35,94,94067,0,0,2,1,6,1,7,3,2,02,1,1,000,000,1,0,1,4,1,62,5,1,2,00,0,0,2,200700051422B01,7,22,1
200700051427,2007-08-17,2007,août,vendredi,12:40,94,94080,0,0,2,2,3,1,1,4,1,01,-1,-1,000,000,1,0,1,4,1,42,5,1,9,00,2,1,2,200700051427B01,10,14,1
200700051430,2007-08-26,2007,août,dimanche,18:50,94,94080,0,0,2,1,3,1,1,3,2,02,1,1,000,000,1,0,4,4,2,5,5,1,9,15,0,1,1,200700051430A01,7,23,1
200700051455,2007-08-06,2007,août,lundi,20:20,95,95598,0,0,2,1,6,1,1,3,2,02,1,1,020,064,1,0,1,3,1,20,0,1,2,00,2,1,2,200700051455A01,7,2,1
200700051456,2007-08-14,2007,août,mardi,11:50,95,95598,0,0,2,9,3,1,1,6,-1,00,1,1,000,050,1,0,0,3,1,11,5,1,2,00,2,1,1,200700051456B01,7,1,1
200700051456,2007-08-14,2007,août,mardi,11:50,95,95598,0,0,2,9,3,1,1,6,-1,00,1,1,000,050,1,0,0,3,1,5,0,1,2,00,2,1,1,200700051456B01,7,1,1
200700051460,2007-08-14,2007,août,mardi,18:05,95,95203,0,0,2,6,1,1,1,4,3,02,4,2,000,000,1,5,1,4,1,17,5,1,2,00,2,1,5,200700051460A01,7,1,1
200700051474,2007-08-29,2007,août,mercredi,18:30,95,95607,0,0,2,2,7,1,1,4,1,01,1,-1,000,050,1,0,1,4,2,8,5,1,2,00,2,1,5,200700051474A01,10,1,1
200700051771,2007-08-01,2007,août,mercredi,18:40,69,69383,0,0,2,2,3,1,1,4,1,01,1,-1,000,000,1,0,1,4,1,35,5,1,9,00,2,3,1,200700051771A01,37,1,1
200700051782,2007-08-25,2007,août,samedi,14:15,69,69386,0,0,2,1,2,1,1,4,1,05,1,1,000,000,1,0,1,4,1,22,5,1,2,00,2,1,2,200700051782A01,7,2,1
200700051783,2007-08-30,2007,août,jeudi,19:40,69,69386,0,0,2,1,3,1,1,4,1,05,1,1,000,000,1,0,1,3,1,28,5,1,2,00,2,1,7,200700051783B01,7,16,1
200700051836,2007-08-27,2007,août,lundi,20:45,69,69388,0,0,2,2,3,2,1,4,2,02,1,1,000,000,1,0,1,4,2,12,5,1,9,00,2,4,15,200700051836A01,7,1,1
200700051920,2007-08-08,2007,août,mercredi,93:0,75,75101,0,0,2,1,3,1,3,4,2,04,1,1,000,154,2,0,1,4,1,44,1,1,9,00,2,7,1,200700051920B01,10,9,1
200700051921,2007-08-11,2007,août,samedi,20:,75,75101,0,0,2,1,6,5,1,4,1,02,1,1,000,085,1,0,1,4,1,22,5,1,2,01,0,1,1,200700051921B01,10,24,1
200700051931,2007-08-03,2007,août,vendredi,12:36,75,75103,0,0,2,1,3,1,1,4,1,02,1,1,010,050,1,0,1,4,1,34,5,1,9,00,0,3,7,200700051931B01,7,7,1
200700051936,2007-08-26,2007,août,dimanche,15:48,75,75103,0,0,2,1,3,1,1,4,1,28,1,1,000,080,1,0,1,3,1,18,5,1,9,00,0,6,11,200700051936A01,32,1,1
200700051940,2007-08-10,2007,août,vendredi,22:00,75,75104,0,0,2,1,2,5,1,9,1,01,1,1,000,080,1,6,4,1,1,25,5,1,9,00,2,3,1,200700051940A01,1,2,1
200700051940,2007-08-10,2007,août,vendredi,22:00,75,75104,0,0,2,1,2,5,1,9,1,01,1,1,000,080,1,6,4,4,2,21,5,1,9,00,0,5,2,200700051940B01,1,1,1
200700051942,2007-08-16,2007,août,jeudi,11:30,75,75104,0,0,2,1,2,1,1,4,2,03,1,1,000,101,1,0,5,4,2,26,5,1,4,00,2,1,2,200700051942A01,1,2,1
200700051942,2007-08-16,2007,août,jeudi,11:30,75,75104,0,0,2,1,2,1,1,4,2,03,1,1,000,101,1,0,5,1,1,56,5,1,4,00,0,4,2,200700051942B01,1,2,1
200700051944,2007-08-20,2007,août,lundi,16:20,75,75104,0,0,2,1,7,1,8,4,2,04,1,1,000,197,1,0,1,4,1,75,5,1,9,00,0,0,2,200700051944A01,7,14,1
200700051946,2007-08-22,2007,août,mercredi,17:50,75,75104,0,0,2,1,2,1,2,4,1,03,1,-1,000,148,2,0,1,4,1,48,4,1,4,00,2,1,2,200700051946A01,7,2,1
200700051947,2007-08-23,2007,août,jeudi,19:19,75,75104,0,0,2,1,6,1,2,4,1,03,1,1,000,115,2,0,1,4,2,44,5,1,4,00,1,1,1,200700051947A01,,,
200700051948,2007-08-24,2007,août,vendredi,20:47,75,75104,0,0,2,1,3,5,1,4,1,03,1,1,000,126,1,0,1,4,2,30,5,1,9,00,0,0,7,200700051948B01,37,7,1
200700051958,2007-08-24,2007,août,vendredi,19:13,75,75105,0,0,2,3,3,1,8,4,1,03,1,1,000,131,1,0,5,4,2,37,1,1,9,00,2,3,7,200700051958B01,37,2,1
200700051971,2007-08-22,2007,août,mercredi,12:23,75,75106,0,0,2,1,2,1,8,4,1,05,1,1,000,153,2,0,1,4,1,49,1,1,2,00,0,5,1,200700051971B01,7,11,1
200700051986,2007-08-26,2007,août,dimanche,10:40,75,75107,0,0,2,1,6,1,1,4,2,02,1,1,000,139,1,0,1,4,1,31,5,1,9,01,0,1,1,200700051986B01,7,22,1
200700051987,2007-08-27,2007,août,lundi,92:0,75,75107,0,0,2,9,4,1,1,4,3,04,1,3,010,300,1,2,1,4,1,38,0,1,9,00,0,7,19,200700051987C01,7,2,2
200700052029,2007-08-10,2007,août,vendredi,14:0,75,75109,0,0,2,1,7,5,1,9,1,01,2,1,000,050,1,0,1,4,1,28,5,1,9,00,0,1,2,200700052029A01,,,
200700052045,2007-08-13,2007,août,lundi,11:20,75,75110,0,0,2,2,1,1,1,4,2,02,1,1,000,065,1,5,1,4,1,26,1,1,9,00,2,1,0,200700052045B01,37,0,1
200700052049,2007-08-18,2007,août,samedi,18:20,75,75110,0,0,2,2,2,1,1,4,1,03,1,1,000,098,1,0,1,4,1,23,5,1,9,00,2,1,1,200700052049A01,7,16,1
200700052052,2007-08-24,2007,août,vendredi,15:10,75,75110,0,0,2,1,7,1,1,4,1,01,1,1,000,055,1,0,5,4,1,42,5,1,4,00,0,0,1,200700052052A01,,,
200700052055,2007-08-26,2007,août,dimanche,31:5,75,75110,0,0,2,1,3,5,1,4,2,04,1,1,000,125,1,0,1,4,2,44,5,1,9,00,2,8,7,200700052055B01,7,7,1
200700052057,2007-08-30,2007,août,jeudi,90:5,75,75110,0,0,2,1,5,1,1,4,1,03,1,1,000,102,2,0,1,4,1,35,1,1,4,00,2,4,7,200700052057B01,7,7/1,2
200700052060,2007-08-03,2007,août,vendredi,94:5,75,75111,0,0,2,2,3,1,1,4,2,02,1,-1,000,154,1,0,1,4,1,27,1,1,9,00,0,0,0,200700052060B01,7,1,1
200700052064,2007-08-06,2007,août,lundi,18:48,75,75111,0,0,2,3,2,1,1,4,1,01,1,1,000,124,1,0,1,4,1,68,0,1,9,00,0,4,2,200700052064B01,7,2,1
200700052084,2007-08-30,2007,août,jeudi,14:00,75,75111,0,0,2,1,3,1,1,4,2,01,1,1,000,070,1,0,1,4,1,19,5,1,9,00,2,1,5,200700052084A01,31,1,1
200700052095,2007-08-06,2007,août,lundi,85:5,75,75112,0,0,2,2,3,1,3,4,2,03,1,1,000,200,2,0,1,4,1,53,1,1,2,00,2,8,19,200700052095B01,7,1,1
200700052096,2007-08-09,2007,août,jeudi,11:45,75,75112,0,0,2,1,7,1,8,4,-1,01,1,3,000,030,1,0,5,3,1,59,5,1,2,00,0,0,0,200700052096A01,,,
200700052097,2007-08-09,2007,août,jeudi,13:15,75,75112,0,0,2,1,7,1,8,4,2,03,1,1,000,090,1,0,1,4,2,38,5,1,9,00,0,0,0,200700052097A01,,,
200700052098,2007-08-09,2007,août,jeudi,15:40,75,75112,0,0,2,1,6,1,8,4,2,00,1,1,000,090,1,0,4,4,2,66,5,1,9,06,0,3,1,200700052098A01,7,1,1
200700052101,2007-08-13,2007,août,lundi,20:00,75,75112,0,0,2,6,2,1,1,4,1,00,1,2,000,260,1,0,1,4,2,56,5,1,9,00,0,4,2,200700052101B01,7,2,1
200700052111,2007-08-25,2007,août,samedi,12:20,75,75112,0,0,2,1,7,1,1,9,1,01,2,1,000,060,1,0,5,4,1,60,5,1,2,16,0,7,2,200700052111A01,,,