Num_Acc,date,an,mois,jour,hrmn,dep,com,lat,long,agg,int,col,lum,atm,catr,circ,nbv,prof,plan,lartpc,larrout,surf,infra,situ,grav,sexe,age,trajet,secuexist,equipement,obs,obsm,choc,manv,vehiculeid,typevehicules,manoeuvehicules,numVehicules
200700052126,2007-08-03,2007,août,vendredi,20:05,75,75113,0,0,2,1,6,1,1,4,1,02,2,1,000,058,1,0,1,4,1,75,3,1,9,00,2,6,11,200700052126B01,7,0,1
200700052129,2007-08-05,2007,août,dimanche,12:30,75,75113,0,0,2,1,3,1,1,9,2,02,1,1,000,096,1,0,1,4,1,16,5,1,9,00,9,1,22,200700052129B01,7,22,1
200700052145,2007-08-29,2007,août,mercredi,14:40,75,75113,0,0,2,1,3,1,1,4,2,02,1,1,000,100,1,0,1,4,2,20,1,1,9,00,0,3,10,200700052145A01,32,2,1
200700052157,2007-08-01,2007,août,mercredi,15:45,75,75114,0,0,2,7,6,1,1,4,1,04,1,1,000,140,1,0,1,4,2,24,0,1,9,01,0,1,3,200700052157B01,7/ 37,0/1,2
200700052166,2007-08-24,2007,août,vendredi,83:5,75,75114,0,0,2,3,3,1,2,4,1,01,1,1,000,120,2,0,1,1,1,40,5,1,2,00,2,1,2,200700052166A01,2,2,1
200700052170,2007-08-30,2007,août,jeudi,18:50,75,75114,0,0,2,1,3,1,1,9,2,04,1,-1,000,178,1,0,1,4,2,59,5,1,9,00,0,0,2,200700052170A01,7,2,1
200700052180,2007-08-05,2007,août,dimanche,21:30,75,75115,0,0,2,1,6,5,1,4,3,02,1,1,000,004,1,0,1,4,1,15,0,1,9,00,0,0,11,200700052180A01,7,1,1
200700052212,2007-08-05,2007,août,dimanche,16:50,75,75116,0,0,2,1,7,1,1,4,-1,01,1,3,000,080,1,0,1,4,1,39,5,1,9,00,0,1,0,200700052212A01,,,
200700052221,2007-08-11,2007,août,samedi,11:10,75,75116,0,0,2,1,5,1,1,4,1,01,1,1,000,000,1,0,5,4,1,58,5,1,9,00,2,1,2,200700052221A01,1,2/1,3
200700052221,2007-08-11,2007,août,samedi,11:10,75,75116,0,0,2,1,5,1,1,4,1,01,1,1,000,000,1,0,5,4,1,32,5,1,9,00,2,0,2,200700052221B01,1,2/1,3
200700052221,2007-08-11,2007,août,samedi,11:10,75,75116,0,0,2,1,5,1,1,4,1,01,1,1,000,000,1,0,5,4,1,45,5,1,9,00,2,0,1,200700052221C01,1,2,3
200700052221,2007-08-11,2007,août,samedi,11:10,75,75116,0,0,2,1,5,1,1,4,1,01,1,1,000,000,1,0,5,4,1,38,5,1,2,00,2,0,2,200700052221D01,1,2/1,3
200700052235,2007-08-26,2007,août,dimanche,18:45,75,75116,0,0,2,1,3,1,1,4,2,02,1,1,000,050,1,0,1,4,1,46,5,1,2,01,0,7,0,200700052235B01,7,22,1
200700052238,2007-08-28,2007,août,mardi,20:00,75,75116,0,0,2,1,6,2,1,9,2,01,2,1,000,000,1,0,5,3,2,28,5,0,0,00,1,1,1,200700052238A01,,,
200700052238,2007-08-28,2007,août,mardi,20:00,75,75116,0,0,2,1,6,2,1,9,2,01,2,1,000,000,1,0,5,4,1,28,5,1,9,00,1,1,1,200700052238A01,,,
200700052274,2007-08-13,2007,août,lundi,81:5,75,75118,0,0,2,1,3,1,1,4,1,01,1,1,000,050,1,0,5,4,1,22,1,1,9,00,2,1,2,200700052274B01,7,16,1
200700052295,2007-08-26,2007,août,dimanche,13:02,75,75118,0,0,2,1,7,1,1,4,2,02,1,1,030,060,1,0,1,4,2,11,5,1,9,00,0,0,0,200700052295A01,,,
200700052301,2007-08-01,2007,août,mercredi,11:20,75,75119,0,0,2,1,3,1,1,4,-1,00,1,1,000,000,1,0,4,4,1,61,0,1,2,00,2,1,1,200700052301B01,7,1,1
200700052325,2007-08-27,2007,août,lundi,21:45,75,75119,0,0,2,1,1,5,1,4,2,02,1,1,000,100,1,0,5,4,1,29,5,1,9,00,2,8,1,200700052325B01,7,16,1
200700052329,2007-08-31,2007,août,vendredi,92:5,75,75119,0,0,2,1,6,1,1,9,1,01,2,1,000,000,1,0,5,4,1,29,1,1,9,00,0,1,1,200700052329A01,,,
200700052337,2007-08-14,2007,août,mardi,16:50,75,75120,0,0,2,6,2,1,8,4,1,04,1,3,000,210,1,5,1,3,2,50,0,1,9,00,0,4,2,200700052337B01,7,2,1
200700052347,2007-08-25,2007,août,samedi,15:0,75,75120,0,0,2,1,7,5,1,4,2,02,1,1,000,100,1,0,1,4,1,23,5,1,9,00,0,0,2,200700052347A01,,,
200700052356,2007-08-30,2007,août,jeudi,81:2,75,75120,0,0,2,2,3,1,1,4,1,02,1,1,000,070,1,5,1,4,2,43,1,1,9,00,2,8,1,200700052356B01,13,16,1
200700052357,2007-08-30,2007,août,jeudi,93:0,75,75120,0,0,2,3,6,1,1,4,1,01,1,1,150,070,1,0,1,4,2,23,1,1,9,00,2,0,0,200700052357B01,14,16,1
200700052358,2007-08-30,2007,août,jeudi,14:30,75,75120,0,0,2,1,7,1,1,4,2,02,2,1,000,119,1,0,1,4,1,10,0,1,9,00,0,0,0,200700052358A01,,,
200700052366,2007-08-08,2007,août,mercredi,55:5,75,75110,0,0,2,5,3,5,3,4,2,04,1,1,040,176,2,5,1,3,2,35,4,1,9,00,2,1,19,200700052366B01,14,16,1
200700052368,2007-08-09,2007,août,jeudi,17:50,75,75112,0,0,2,1,6,1,1,4,1,02,2,1,000,099,1,0,1,2,1,50,5,1,2,00,9,4,2,200700052368A01,,,
200700052373,2007-08-13,2007,août,lundi,19:20,75,75111,0,0,2,1,2,1,1,4,3,04,1,1,000,122,1,0,1,4,1,34,4,1,2,00,2,1,2,200700052373A01,7,2,1
200700052496,2007-08-11,2007,août,samedi,10:20,14,14225,0,0,2,6,2,1,1,4,2,01,1,3,000,000,1,5,1,3,2,12,5,1,9,00,2,1,2,200700052496A01,7,2,1
200700052497,2007-07-20,2007,juillet,vendredi,12:55,18,18205,0,0,2,1,3,1,8,4,2,01,1,-1,000,025,2,2,1,4,1,55,1,1,9,00,2,1,1,200700052497B01,7,1,1
200700052500,2007-03-02,2007,mars,vendredi,18:10,31,31149,0,0,2,1,3,1,1,4,2,02,1,-1,000,000,1,0,1,4,1,54,1,0,0,00,2,8,1,200700052500B01,7,16,1
200700052513,2007-08-14,2007,août,mardi,82:5,31,31555,0,0,2,3,6,1,1,4,1,03,1,1,000,090,1,0,1,3,2,47,1,1,2,00,0,1,19,200700052513A01,7,16,1
200700052516,2007-07-10,2007,juillet,mardi,91:5,59,59606,0,0,2,2,6,1,1,4,2,02,1,1,000,045,2,0,1,4,2,22,4,1,9,00,2,8,19,200700052516B01,7,16,1
200700052519,2007-06-04,2007,juin,lundi,17:15,83,83126,0,0,2,5,3,1,1,3,4,05,1,1,000,000,1,5,1,4,1,13,2,1,9,00,2,0,1,200700052519B01,7,1,1
200700052524,2007-06-12,2007,juin,mardi,19:40,83,83153,0,0,2,1,3,1,1,4,2,02,2,4,000,056,1,0,1,3,1,49,5,1,9,00,2,0,0,200700052524B01,7,1,1
200700052533,2007-08-19,2007,août,dimanche,71:5,93,93070,0,0,2,1,6,1,2,4,2,05,1,1,000,000,2,0,1,3,1,52,0,1,2,00,0,0,0,200700052533B01,,,
200700052616,2007-09-16,2007,septembre,dimanche,10:45,59,59466,50.526,3.114,2,1,1,1,8,3,2,02,1,1,000,090,1,0,1,3,1,61,5,0,0,01,0,1,1,200700052616B02,7,24,1
200700052640,2007-09-02,2007,septembre,dimanche,12:00,59,59157,50.25,4.153,2,1,3,1,1,3,2,00,-1,1,000,040,1,0,1,3,1,13,0,0,0,00,0,0,0,200700052640B02,7,1,1
200700052641,2007-09-22,2007,septembre,samedi,14:30,62,62121,50.133,2.876,2,1,1,1,1,4,2,02,1,1,000,055,1,0,1,3,1,3,5,0,0,00,2,6,15,200700052641B02,7,1,1
200700052679,2007-09-08,2007,septembre,samedi,10:30,80,80096,0,0,2,1,1,1,1,3,-1,02,-1,1,000,000,1,0,1,3,1,48,5,1,9,00,0,0,0,200700052679B02,7,15,1
200700052680,2007-09-22,2007,septembre,samedi,17:30,80,80373,0,0,2,1,1,1,1,3,2,00,-1,1,000,070,1,0,1,3,2,43,1,0,0,00,2,8,15,200700052680B02,7,17,1
200700052681,2007-09-20,2007,septembre,jeudi,17:30,80,80149,0,0,1,1,2,1,1,3,2,00,1,1,000,090,1,0,1,4,1,15,5,1,2,00,0,4,11,200700052681B02,10,1,1
200700052754,2007-09-16,2007,septembre,dimanche,11:15,60,60139,0,0,1,1,1,1,1,3,2,00,4,1,000,000,1,0,1,3,1,68,5,0,0,00,0,1,1,200700052754B02,7,13,1
200700052785,2007-09-08,2007,septembre,samedi,10:30,76,76065,0,0,1,2,3,1,1,3,2,02,1,1,000,048,-1,5,1,3,1,55,5,0,0,00,2,1,1,200700052785B02,7,19,1
200700052822,2007-09-22,2007,septembre,samedi,15:00,35,35066,0,0,1,1,2,1,1,3,2,02,1,1,000,000,1,3,1,3,1,65,5,1,2,00,0,4,1,200700052822B02,14,3,1
200700052837,2007-09-11,2007,septembre,mardi,15:00,35,35360,0,0,2,6,3,2,1,3,-1,02,1,1,000,064,1,5,5,3,2,57,1,1,2,00,2,7,1,200700052837B02,38,9,1
200700052847,2007-09-19,2007,septembre,mercredi,16:15,22,22222,0,0,1,1,3,1,1,3,2,00,1,1,071,000,1,0,1,2,1,79,4,0,0,00,0,0,2,200700052847B02,15,2,1
200700052897,2007-09-22,2007,septembre,samedi,11:00,56,56113,48.059,-3.213,1,1,3,1,1,3,2,02,2,1,000,074,1,0,1,3,1,71,3,0,0,00,2,8,15,200700052897A01,7,1,1
200700052922,2007-09-29,2007,septembre,samedi,16:00,50,50639,48.84,-1.23,2,1,1,1,1,4,2,00,2,1,000,050,-1,5,1,3,1,11,5,0,0,00,2,8,15,200700052922A01,7,1,1
200700052937,2007-09-03,2007,septembre,lundi,19:00,50,50582,48.73,-0.901,1,1,1,2,7,3,2,00,2,1,000,045,1,0,1,3,1,45,5,0,0,00,0,1,1,200700052937B02,7,15,1
200700052941,2007-09-22,2007,septembre,samedi,16:15,61,61415,0,0,1,3,3,1,1,3,2,02,1,3,000,047,1,0,1,3,2,15,5,0,0,00,2,7,15,200700052941B02,10,1,1
200700052979,2007-09-23,2007,septembre,dimanche,83:0,44,44208,0,0,1,9,1,1,1,3,2,01,1,3,000,051,1,0,1,3,1,9,5,0,0,00,2,6,19,200700052979A01,7,1,1
200700053038,2007-09-07,2007,septembre,vendredi,16:00,72,72132,48.191,0.658,2,1,1,1,1,3,2,00,2,1,000,000,1,5,1,3,1,84,5,0,0,00,0,0,16,200700053038B02,2,16,1
200700053095,2007-09-24,2007,septembre,lundi,18:00,33,33146,45.119,-0.734,2,1,1,1,1,4,2,02,1,1,000,045,1,0,1,3,1,4,0,0,0,00,2,6,19,200700053095B02,7,1,1
200700053098,2007-09-07,2007,septembre,vendredi,10:00,33,33243,0,0,2,1,5,1,8,3,2,02,1,1,000,031,1,0,1,3,1,33,5,1,2,00,2,4,2,200700053098B02,7,2,1
200700053098,2007-09-07,2007,septembre,vendredi,10:00,33,33243,0,0,2,1,5,1,8,3,2,02,1,1,000,031,1,0,1,3,1,37,5,1,2,00,2,4,2,200700053098C03,7,2,1
200700053121,2007-09-14,2007,septembre,vendredi,71:5,40,40283,43.759,-0.981,2,1,1,2,9,4,2,00,2,1,000,084,1,0,1,2,1,70,3,1,4,00,2,1,1,200700053121B02,37,15,1
200700053122,2007-09-04,2007,septembre,mardi,10:30,40,40075,43.887,-1.148,2,1,5,1,1,3,2,02,1,1,000,076,1,5,1,2,1,68,5,0,0,00,2,2,1,200700053122B02,7/ 15,15/1,2
200700053189,2007-09-20,2007,septembre,jeudi,18:15,17,17403,0,0,1,1,2,1,1,3,2,01,-1,1,000,065,1,0,1,3,1,20,0,0,0,00,2,4,1,200700053189B02,7,2,1
200700053193,2007-09-11,2007,septembre,mardi,11:45,17,17299,45.934,-0.965,2,6,1,1,1,9,1,02,1,2,000,000,1,5,1,4,1,76,5,1,2,00,0,0,1,200700053193B02,7,16,1
200700053202,2007-09-02,2007,septembre,dimanche,84:5,17,17292,0,0,1,1,2,1,7,3,2,02,1,1,000,069,1,0,1,3,1,56,5,0,0,00,0,6,1,200700053202B02,7,1,1
200700053217,2007-09-04,2007,septembre,mardi,18:45,79,79075,46.663,-0.6,1,1,1,1,1,4,2,02,2,1,000,034,1,0,1,3,1,11,5,0,0,00,2,1,13,200700053217A01,7,1,1
200700053272,2007-09-15,2007,septembre,samedi,16:15,09,09225,0,0,1,1,1,1,1,3,2,02,1,1,000,070,1,0,1,3,1,18,1,0,0,00,0,1,19,200700053272B02,7,17,1
200700053331,2007-09-16,2007,septembre,dimanche,20:45,81,81289,0,0,1,1,1,3,1,3,2,02,1,1,000,000,1,0,1,3,1,72,9,0,0,00,2,2,15,200700053331B02,7,2,1
200700053336,2007-09-20,2007,septembre,jeudi,10:15,82,82087,44.129,1.308,1,1,6,1,1,4,2,02,1,1,000,041,1,0,3,3,1,71,5,0,0,13,5,1,1,200700053336A01,,,
200700053369,2007-09-13,2007,septembre,jeudi,12:00,69,69249,0,0,1,1,7,1,1,3,2,00,-1,-1,000,000,1,0,1,2,1,73,5,0,0,00,0,1,0,200700053369A01,,,
200700053371,2007-09-13,2007,septembre,jeudi,19:00,69,69028,0,0,1,1,6,1,1,3,2,02,1,1,000,000,1,0,1,3,2,59,5,0,0,00,5,2,0,200700053371A01,,,
200700053380,2007-09-15,2007,septembre,samedi,10:45,69,69105,0,0,2,1,2,1,1,3,2,00,-1,1,000,060,1,0,1,4,1,13,5,0,0,00,2,1,1,200700053380A01,7,23,1
200700053431,2007-09-06,2007,septembre,jeudi,17:00,07,07042,0,0,2,1,7,1,1,9,2,02,2,1,000,060,1,0,1,3,1,16,9,0,0,12,0,1,0,200700053431A01,,,
200700053439,2007-09-03,2007,septembre,lundi,64:5,26,26144,44.751,4.888,1,1,2,2,1,3,2,02,1,2,000,072,1,0,3,3,1,45,1,1,4,00,2,4,2,200700053439B02,7,14,1
200700053454,2007-09-25,2007,septembre,mardi,21:00,38,38422,0,0,1,1,1,5,2,3,2,02,2,1,000,060,2,0,1,3,1,29,1,0,0,00,2,1,1,200700053454B02,7,13,1
200700053456,2007-09-22,2007,septembre,samedi,14:00,38,38158,0,0,2,1,3,1,1,3,2,02,-1,1,000,000,1,0,5,3,1,30,5,1,2,00,2,7,1,200700053456B02,7,16,1
200700053465,2007-09-28,2007,septembre,vendredi,12:30,38,38565,45.296,5.631,2,1,2,1,2,4,2,00,4,1,000,055,2,0,1,3,1,48,1,0,0,01,0,1,1,200700053465A01,14,24,1
200700053496,2007-09-28,2007,septembre,vendredi,19:30,38,38537,0,0,2,1,1,2,1,3,2,02,1,1,000,000,1,5,1,3,1,11,5,0,0,00,1,2,1,200700053496A01,7,0,1
200700053500,2007-09-16,2007,septembre,dimanche,18:15,42,42304,45.537,4.179,2,1,5,1,1,3,2,02,1,3,000,065,1,0,1,4,2,41,5,0,0,00,2,8,15,200700053500B02,7,1,1
200700053500,2007-09-16,2007,septembre,dimanche,18:15,42,42304,45.537,4.179,2,1,5,1,1,3,2,02,1,3,000,065,1,0,1,4,1,9,0,0,0,00,2,8,15,200700053500C03,7,1,1
200700053508,2007-09-10,2007,septembre,lundi,17:15,42,42323,45.561,4.324,1,1,3,1,1,3,2,02,-1,1,000,000,1,0,1,3,2,66,5,0,0,00,0,0,15,200700053508B02,7,15,1
200700053516,2007-09-13,2007,septembre,jeudi,80:0,73,73050,45.667,5.85,1,1,1,1,1,3,2,00,2,1,000,115,1,5,1,3,1,40,5,1,2,00,2,1,1,200700053516A01,7,15,1
200700053537,2007-09-06,2007,septembre,jeudi,90:0,74,74035,45.825,5.936,2,3,2,1,1,3,2,00,-1,-1,000,000,1,0,1,3,1,67,0,0,0,00,2,0,15,200700053537B02,7,1,1
200700053538,2007-09-07,2007,septembre,vendredi,12:00,74,74165,45.836,5.98,2,1,6,1,1,3,2,02,1,2,000,070,1,0,1,4,1,53,1,1,2,00,2,3,2,200700053538A01,,,
200700053546,2007-09-15,2007,septembre,samedi,14:15,74,74102,0,0,1,1,7,1,1,4,2,02,2,3,000,043,1,0,1,3,1,55,5,1,2,00,0,1,21,200700053546A01,,,
200700053549,2007-09-14,2007,septembre,vendredi,18:45,74,74215,0,0,2,1,1,1,1,3,2,00,1,1,000,120,1,0,1,3,1,26,1,0,0,00,0,1,0,200700053549A01,7,0,1
200700053550,2007-09-15,2007,septembre,samedi,14:30,74,74236,0,0,2,1,1,1,1,3,2,00,1,1,000,000,1,0,1,4,1,15,5,0,0,00,0,1,16,200700053550B02,7,1,1
200700053558,2007-09-04,2007,septembre,mardi,11:50,74,74021,46.164,6.262,2,1,1,1,1,4,2,02,1,3,000,070,1,0,1,3,1,10,5,0,0,00,2,1,19,200700053558B02,7,16,1
200700053599,2007-09-09,2007,septembre,dimanche,14:45,63,63195,45.858,3.393,1,1,3,1,1,3,2,02,1,1,000,065,1,5,1,3,1,53,5,1,2,00,2,1,15,200700053599B02,21,19,1
200700053612,2007-09-16,2007,septembre,dimanche,11:30,43,43238,44.961,3.772,1,1,7,1,1,4,-1,02,2,1,000,048,9,0,0,3,1,45,5,1,2,13,0,1,1,200700053612A01,,,
200700053615,2007-09-26,2007,septembre,mercredi,15:15,43,43230,0,0,1,3,3,1,1,3,2,02,1,1,000,083,1,0,1,3,1,49,5,1,2,00,2,1,1,200700053615A01,21,15,1
200700053626,2007-09-11,2007,septembre,mardi,10:00,43,43012,0,0,1,1,7,1,1,4,2,01,2,3,000,000,1,0,3,3,1,36,5,1,2,16,0,0,16,200700053626A01,,,
200700053703,2007-09-20,2007,septembre,jeudi,16:30,88,88516,0,0,2,6,6,1,1,3,1,01,2,3,000,000,1,0,4,1,1,13,2,0,0,09,1,1,0,200700053703A01,,,
200700053705,2007-09-09,2007,septembre,dimanche,17:45,88,88284,48.231,6.974,1,1,3,1,1,3,2,00,1,1,000,060,1,5,1,3,2,25,5,0,0,00,2,1,1,200700053705A01,7,19,1
200700053710,2007-09-30,2007,septembre,dimanche,18:15,67,67268,48.495,7.674,2,1,2,1,1,3,3,02,4,4,120,069,1,5,1,3,2,19,5,1,2,00,2,5,1,200700053710B02,7,9,1
200700053717,2007-09-07,2007,septembre,vendredi,17:30,67,67052,48.482,7.442,2,1,3,1,1,3,2,02,4,1,000,068,1,0,1,3,1,47,5,0,0,00,2,1,1,200700053717B02,7,15,1
200700053767,2007-09-23,2007,septembre,dimanche,14:30,68,68170,0,0,1,1,1,1,1,3,2,00,-1,-1,000,000,1,0,1,3,1,48,5,1,2,00,2,1,17,200700053767B02,7,0,1
200700053776,2007-09-01,2007,septembre,samedi,22:15,51,51250,49.312,3.681,2,3,3,5,1,3,2,02,1,1,000,079,1,0,1,3,1,13,5,0,0,00,2,1,1,200700053776B02,7,1,1
200700053805,2007-09-08,2007,septembre,samedi,16:00,10,10030,0,0,1,1,1,1,1,3,2,02,1,2,000,072,1,0,1,4,1,51,0,0,0,00,2,4,2,200700053805B02,7,2,1
200700053828,2007-09-30,2007,septembre,dimanche,11:45,21,21390,47.272,4.986,2,1,3,1,1,4,2,00,-1,-1,000,000,-1,0,0,3,1,40,5,1,2,00,2,1,1,200700053828B02,7,1,1
200700053855,2007-09-08,2007,septembre,samedi,17:30,71,71543,46.567,4.918,2,1,4,1,1,3,2,02,1,1,000,093,1,0,1,3,1,58,5,0,0,00,0,4,1,200700053855B02,30,1,1
200700053855,2007-09-08,2007,septembre,samedi,17:30,71,71543,46.567,4.918,2,1,4,1,1,3,2,02,1,1,000,093,1,0,1,1,2,56,5,0,0,00,0,4,0,200700053855C03,30,1,1
200700053862,2007-09-22,2007,septembre,samedi,13:15,71,71120,46.199,4.352,1,1,1,1,1,4,2,02,4,3,000,032,1,0,1,3,1,54,5,1,2,00,0,1,13,200700053862B02,7,1,1
200700053867,2007-09-20,2007,septembre,jeudi,16:45,71,71357,0,0,2,1,3,1,1,3,2,02,-1,1,000,057,1,0,1,3,2,76,5,0,0,00,2,7,1,200700053867A01,18,16,1
200700053876,2007-09-10,2007,septembre,lundi,15:00,89,89021,0,0,1,1,1,1,1,3,2,01,-1,4,000,050,1,0,1,3,1,33,0,1,2,00,2,1,1,200700053876B02,33,1,1
200700053891,2007-09-05,2007,septembre,mercredi,18:30,25,25527,0,0,2,1,1,1,1,3,2,00,1,1,000,050,1,0,1,3,1,14,5,1,2,00,2,2,16,200700053891B02,33,1,1
200700053949,2007-09-14,2007,septembre,vendredi,64:5,13,13076,0,0,1,1,2,2,1,3,2,02,1,1,000,090,1,0,1,3,1,32,1,1,4,00,0,4,1,200700053949B02,10,2,1
200700053952,2007-09-06,2007,septembre,jeudi,18:30,04,04041,0,0,2,1,3,1,1,3,2,02,1,1,000,039,1,0,1,3,2,11,5,1,2,00,2,8,19,200700053952B02,7,1,1
200700053953,2007-09-08,2007,septembre,samedi,93:0,04,04108,0,0,2,6,3,1,1,3,4,02,1,2,000,082,1,5,1,3,2,39,5,1,2,00,2,8,1,200700053953B02,7,1,1
200700053962,2007-09-29,2007,septembre,samedi,16:00,04,04049,0,0,2,1,3,1,2,3,2,02,1,1,000,000,2,0,1,3,1,64,5,0,0,00,0,3,1,200700053962B02,7,15,1
200700054030,2007-09-11,2007,septembre,mardi,11:30,83,83046,43.52,6.162,1,1,5,1,1,3,2,02,-1,3,000,060,1,0,1,1,1,49,5,1,2,00,2,1,17,200700054030B02,21,15,1
200700054030,2007-09-11,2007,septembre,mardi,11:30,83,83046,43.52,6.162,1,1,5,1,1,3,2,02,-1,3,000,060,1,0,1,3,1,64,5,1,2,00,2,1,17,200700054030C03,21,15,1
200700054063,2007-09-06,2007,septembre,jeudi,84:5,84,84014,0,0,1,1,1,1,1,3,2,02,1,3,000,078,1,0,1,3,1,59,5,1,2,00,2,2,2,200700054063A01,33,1,1
200700054104,2007-09-12,2007,septembre,mercredi,16:15,34,34142,0,0,2,3,3,1,1,9,2,02,2,1,000,060,1,0,1,3,1,10,5,0,0,00,2,1,1,200700054104B02,7,1,1
200700054130,2007-09-18,2007,septembre,mardi,19:00,30,30003,43.582,4.189,1,1,6,1,1,3,3,00,1,1,050,043,-1,0,3,3,1,36,5,0,0,00,2,4,1,200700054130A01,,,
200700054169,2007-09-02,2007,septembre,dimanche,64:5,66,66037,0,0,1,1,2,2,1,3,3,02,1,1,010,060,1,0,1,3,1,25,2,0,0,00,2,4,13,200700054169B02,7,1,1
200700054170,2007-09-06,2007,septembre,jeudi,94:5,66,66037,0,0,2,1,3,1,7,4,2,00,1,1,000,000,1,0,1,3,1,67,3,0,0,00,2,5,19,200700054170B02,7,15,1
200700054174,2007-09-19,2007,septembre,mercredi,12:45,66,66164,42.77,2.87,2,1,3,1,1,3,2,02,1,1,000,000,1,0,1,4,2,13,2,0,0,00,2,1,15,200700054174B02,7,1,1
200700054187,2007-09-21,2007,septembre,vendredi,18:00,2A,2A345,42.066,8.934,2,1,1,1,1,3,2,02,2,3,000,054,1,0,1,3,1,14,5,0,0,00,2,1,13,200700054187A01,7,1,1
200700054193,2007-09-07,2007,septembre,vendredi,17:30,2A,2A254,41.843,9.309,1,1,6,1,1,3,2,02,2,3,000,000,1,0,1,2,2,61,5,1,2,10,0,1,1,200700054193A01,,,
200700054212,2007-09-29,2007,septembre,samedi,13:15,78,78030,0,0,1,1,5,1,9,3,2,00,1,4,000,065,2,0,1,4,1,31,5,0,0,00,2,8,1,200700054212C03,7,1,2
200700054228,2007-09-20,2007,septembre,jeudi,15:15,91,91115,48.597,2.2,2,1,5,1,1,3,2,00,4,4,000,000,1,0,5,3,2,73,5,0,0,11,0,1,13,200700054228A01,1,1/2,2
200700054228,2007-09-20,2007,septembre,jeudi,15:15,91,91115,48.597,2.2,2,1,5,1,1,3,2,00,4,4,000,000,1,0,5,3,1,12,2,0,0,11,0,1,1,200700054228B02,1,13/2,2
200700054228,2007-09-20,2007,septembre,jeudi,15:15,91,91115,48.597,2.2,2,1,5,1,1,3,2,00,4,4,000,000,1,0,5,4,1,13,2,0,0,00,0,1,2,200700054228C03,1,13/1,2
200700054267,2007-09-21,2007,septembre,vendredi,18:45,45,45126,47.92,2.101,2,3,1,1,1,4,2,02,1,-1,000,000,1,0,1,3,1,7,0,1,2,00,2,1,15,200700054267A01,7,1,1
200700054272,2007-09-05,2007,septembre,mercredi,17:15,45,45167,47.896,1.706,2,1,1,1,1,3,2,02,1,1,000,069,1,0,1,3,2,6,5,0,0,00,0,3,1,200700054272B02,33,2,1
200700054279,2007-09-04,2007,septembre,mardi,12:00,45,45276,47.643,2.716,1,1,5,1,6,3,2,02,-1,1,000,065,1,0,1,3,1,69,5,0,0,00,2,6,1,200700054279B02,2,17,1
200700054279,2007-09-04,2007,septembre,mardi,12:00,45,45276,47.643,2.716,1,1,5,1,6,3,2,02,-1,1,000,065,1,0,1,3,1,66,5,0,0,00,2,6,1,200700054279C03,2,17,1
200700054296,2007-09-20,2007,septembre,jeudi,14:00,18,18011,47.569,2.453,2,6,1,1,1,3,2,02,1,1,000,080,1,0,1,3,1,70,5,0,0,12,0,0,1,200700054296B02,3,21,1
200700054299,2007-09-01,2007,septembre,samedi,18:00,18,18051,47.355,2.586,1,1,3,1,1,3,2,02,1,1,000,055,1,0,1,4,2,11,5,0,0,00,2,7,1,200700054299B02,7,1,1
200700054307,2007-09-21,2007,septembre,vendredi,16:30,28,28140,0,0,2,1,2,1,1,3,2,02,1,1,000,070,1,0,1,3,2,52,1,0,0,00,0,4,16,200700054307A01,7,1,1
200700054338,2007-09-30,2007,septembre,dimanche,12:15,37,37118,47.243,0.248,1,1,3,1,1,3,2,02,1,3,000,054,1,0,1,3,1,14,5,0,0,00,2,1,19,200700054338A01,7,1,1
200700054360,2007-09-08,2007,septembre,samedi,13:00,13,13033,43.377,5.186,1,1,2,1,1,3,2,02,2,1,000,065,1,2,1,3,1,46,0,1,2,00,0,4,2,200700054360B02,7,9,1
200700054374,2007-09-16,2007,septembre,dimanche,12:30,11,11202,0,0,1,6,2,1,1,3,-1,00,1,2,000,075,1,5,1,3,1,81,5,1,2,00,0,4,16,200700054374B02,7,1,1
200700054378,2007-09-20,2007,septembre,jeudi,19:30,34,34123,43.634,3.775,1,1,2,2,1,3,2,02,-1,2,070,000,1,0,1,3,1,46,5,1,4,00,2,6,2,200700054378B02,7,2,1
200700054385,2007-09-24,2007,septembre,lundi,11:30,51,51660,49.349,4.218,1,1,2,1,1,3,2,02,1,1,000,062,1,0,1,3,1,56,5,0,0,00,2,4,1,200700054385B02,10,17,1
200700054453,2007-09-08,2007,septembre,samedi,16:30,31,31506,0,0,2,1,1,1,1,3,2,02,1,1,000,050,-1,5,5,3,2,15,5,0,0,00,2,1,1,200700054453B02,14,16,1
200700054475,2007-09-07,2007,septembre,vendredi,14:45,59,59528,50.211,3.418,2,1,1,1,1,3,2,02,1,1,000,055,1,0,1,2,1,64,9,0,0,00,2,1,1,200700054475A01,17,1,1
200700054477,2007-09-09,2007,septembre,dimanche,11:00,91,91577,48.596,2.506,1,1,1,1,1,3,2,02,-1,-1,000,000,-1,0,0,3,1,53,5,1,2,00,2,1,1,200700054477B02,7,15,1
200700054486,2007-09-08,2007,septembre,samedi,80:0,78,78189,48.89,1.89,1,1,2,1,1,3,2,00,1,1,000,062,1,0,3,3,1,58,5,1,2,00,2,1,2,200700054486B02,10,24,1