Num_Acc,date,an,mois,jour,hrmn,dep,com,lat,long,agg,int,col,lum,atm,catr,circ,nbv,prof,plan,lartpc,larrout,surf,infra,situ,grav,sexe,age,trajet,secuexist,equipement,obs,obsm,choc,manv,vehiculeid,typevehicules,manoeuvehicules,numVehicules
200700054535,2007-09-20,2007,septembre,jeudi,10:30,67,67296,0,0,1,1,3,1,7,4,2,00,4,1,000,000,1,0,1,3,1,32,5,0,0,00,2,8,1,200700054535B02,7,15,1
200700054546,2007-09-15,2007,septembre,samedi,10:45,13,13050,43.654,5.255,1,1,2,1,1,3,2,02,1,1,071,000,1,0,5,3,1,59,5,1,2,00,2,4,1,200700054546A01,7,1,1
200700054597,2007-09-15,2007,septembre,samedi,20:45,34,34077,0,0,2,1,6,3,1,9,-1,00,2,1,000,020,1,0,5,3,1,21,0,0,0,00,1,1,5,200700054597A01,,,
200700054597,2007-09-15,2007,septembre,samedi,20:45,34,34077,0,0,2,1,6,3,1,9,-1,00,2,1,000,020,1,0,5,2,1,77,5,0,0,00,1,1,5,200700054597A01,,,
200700054610,2007-07-13,2007,juillet,vendredi,90:0,33,33227,44.559,-0.244,2,1,1,1,1,3,2,00,2,3,000,060,1,5,1,4,1,75,0,1,2,00,2,1,1,200700054610B02,7,15,1
200700054615,2007-09-12,2007,septembre,mercredi,17:00,01,01053,0,0,2,1,3,1,1,4,2,03,1,1,000,100,1,0,1,4,1,61,9,0,0,00,1,1,5,200700054615A01,7,19,1
200700054620,2007-09-01,2007,septembre,samedi,21:58,02,02340,0,0,2,1,6,5,1,4,2,02,1,1,000,058,1,0,4,3,1,20,5,1,4,00,2,1,1,200700054620B01,7,1,1
200700054624,2007-09-15,2007,septembre,samedi,19:20,02,02691,0,0,2,1,6,1,1,4,2,02,1,1,000,000,-1,0,5,3,2,15,5,1,2,00,2,4,1,200700054624B01,7,0,1
200700054647,2007-09-04,2007,septembre,mardi,72:0,03,03095,0,0,2,1,3,1,1,4,2,02,1,1,000,070,1,0,0,4,1,28,1,1,9,00,2,1,15,200700054647B01,7,17,1
200700054668,2007-09-01,2007,septembre,samedi,10:57,05,05061,0,0,2,1,3,1,1,2,1,01,1,1,000,034,1,0,1,4,2,62,3,1,4,00,2,4,14,200700054668B01,2,1,1
200700054675,2007-09-16,2007,septembre,dimanche,10:40,06,06004,0,0,2,1,2,1,1,2,-1,02,1,1,000,070,1,0,1,3,1,62,5,1,2,00,2,8,2,200700054675B01,7,2,1
200700054677,2007-09-19,2007,septembre,mercredi,16:25,06,06004,0,0,2,6,2,1,1,3,1,01,4,3,000,085,1,5,0,4,1,30,1,1,2,00,2,3,0,200700054677A01,7,0,1
200700054679,2007-09-18,2007,septembre,mardi,95:0,06,06004,0,0,2,1,2,1,1,2,2,02,1,1,000,000,1,0,1,3,1,66,0,1,2,00,2,1,2,200700054679A01,7,0,1
200700054718,2007-09-14,2007,septembre,vendredi,15:30,06,06029,0,0,2,1,3,1,1,5,3,04,1,1,000,130,1,0,1,3,2,35,0,1,9,00,2,1,1,200700054718B01,7,1,1
200700054723,2007-09-14,2007,septembre,vendredi,17:45,06,06029,0,0,2,1,3,1,1,2,3,04,1,1,000,130,-1,0,1,4,1,61,0,1,4,01,2,1,1,200700054723B01,2,1,1
200700054754,2007-09-09,2007,septembre,dimanche,12:35,06,06069,0,0,2,1,2,1,1,3,1,02,1,2,000,000,1,5,0,3,1,40,9,1,9,00,0,5,2,200700054754B01,7,2,1
200700054766,2007-09-19,2007,septembre,mercredi,12:03,06,06069,0,0,2,1,1,1,1,4,2,03,1,4,000,000,1,0,1,3,1,64,5,1,9,00,2,1,1,200700054766B01,7,13,1
200700054793,2007-09-02,2007,septembre,dimanche,10:30,06,06088,0,0,2,2,3,1,1,4,1,02,1,1,000,120,1,0,1,4,1,11,5,1,9,00,2,5,1,200700054793B01,7,1,1
200700054799,2007-09-03,2007,septembre,lundi,17:00,06,06088,0,0,2,1,6,1,1,9,-1,01,1,1,000,000,1,6,4,1,1,19,0,1,9,00,1,1,1,200700054799A01,,,
200700054824,2007-09-08,2007,septembre,samedi,14:35,06,06088,0,0,2,1,3,1,1,4,2,04,1,1,000,120,1,0,1,4,2,22,0,1,4,00,9,0,1,200700054824B01,1,19,1
200700054824,2007-09-08,2007,septembre,samedi,14:35,06,06088,0,0,2,1,3,1,1,4,2,04,1,1,000,120,1,0,1,4,1,37,5,1,4,00,9,1,19,200700054824A01,1,1,1
200700054838,2007-09-12,2007,septembre,mercredi,10:50,06,06088,0,0,2,1,2,1,1,4,1,02,1,1,000,080,1,0,1,4,2,31,5,1,2,00,2,0,0,200700054838B01,7,0,1
200700054843,2007-09-13,2007,septembre,jeudi,75:0,06,06088,0,0,2,1,3,1,1,4,2,04,1,1,000,000,1,0,1,4,1,16,0,1,2,00,2,1,15,200700054843A01,7,1,1
200700054910,2007-09-26,2007,septembre,mercredi,83:0,06,06088,0,0,2,1,6,1,1,4,1,03,1,1,000,096,1,0,1,4,1,40,5,1,9,00,2,4,2,200700054910B01,5,1,1
200700054920,2007-09-28,2007,septembre,vendredi,14:30,06,06159,0,0,2,1,1,1,1,4,2,02,2,2,000,000,1,0,1,4,1,45,5,1,2,00,2,1,1,200700054920A01,7,1,1
200700054952,2007-09-24,2007,septembre,lundi,13:15,08,08409,0,0,2,1,3,1,1,4,2,02,1,1,000,000,1,2,1,3,1,18,2,1,9,00,2,0,2,200700054952B01,7,2,1
200700054953,2007-09-17,2007,septembre,lundi,14:20,08,08409,0,0,2,1,6,1,8,4,2,02,1,1,000,000,1,0,1,3,2,85,3,1,9,01,0,1,21,200700054953B01,7,22,1
200700054959,2007-09-13,2007,septembre,jeudi,18:35,10,10387,0,0,2,3,3,1,1,4,1,00,1,1,000,000,1,0,1,4,1,19,0,1,9,14,0,1,15,200700054959A01,7,23,1
200700054966,2007-09-24,2007,septembre,lundi,65:0,10,10387,0,0,2,2,2,2,1,4,2,04,1,1,000,060,1,0,1,4,2,35,0,1,9,00,2,1,15,200700054966A01,7,1,1
200700054979,2007-09-23,2007,septembre,dimanche,10:40,12,12145,0,0,2,1,6,1,1,3,2,01,2,1,000,032,1,0,5,1,2,70,3,0,0,00,1,1,2,200700054979A01,,,
200700054979,2007-09-23,2007,septembre,dimanche,10:40,12,12145,0,0,2,1,6,1,1,3,2,01,2,1,000,032,1,0,5,3,1,68,5,1,9,00,1,1,2,200700054979A01,,,
200700054983,2007-09-12,2007,septembre,mercredi,13:07,13,13001,0,0,1,1,3,1,1,3,2,05,1,1,000,132,1,0,1,3,1,17,1,1,9,00,2,1,15,200700054983B01,7,1,1
200700054992,2007-09-11,2007,septembre,mardi,19:08,13,13001,0,0,2,9,3,1,1,4,2,02,1,1,000,000,1,0,1,3,1,31,0,1,9,00,2,7,1,200700054992B01,3,19,1
200700054995,2007-09-21,2007,septembre,vendredi,14:30,13,13001,0,0,2,1,3,1,1,4,2,01,1,1,000,050,1,0,0,1,1,22,0,0,0,00,2,0,1,200700054995B01,30,10,1
200700054997,2007-09-22,2007,septembre,samedi,12:30,13,13001,0,0,2,6,3,1,1,4,1,02,1,2,000,064,1,5,1,4,1,65,5,1,4,00,2,7,1,200700054997B01,7,9,1
200700055000,2007-09-07,2007,septembre,vendredi,83:5,13,13004,0,0,2,1,6,1,6,4,2,02,1,1,000,060,1,0,1,4,1,84,5,1,2,00,2,0,1,200700055000B01,7,2,1
200700055002,2007-09-19,2007,septembre,mercredi,16:15,13,13004,0,0,2,1,7,1,1,4,2,02,3,4,000,045,1,0,0,1,2,22,5,1,2,00,0,0,15,200700055002A01,33,21,1
200700055050,2007-09-04,2007,septembre,mardi,12:10,13,13055,0,0,2,1,2,1,1,4,2,01,1,1,000,060,1,0,1,4,1,9,5,1,9,00,0,4,0,200700055050B01,7,0,1
200700055073,2007-09-02,2007,septembre,dimanche,93:0,13,13055,0,0,2,1,6,1,1,3,2,01,1,1,000,000,1,0,1,4,1,71,5,0,0,01,0,1,2,200700055073B01,7,22,1
200700055124,2007-09-25,2007,septembre,mardi,14:05,13,13055,0,0,2,3,3,1,1,4,2,06,2,1,010,150,1,1,5,4,1,25,1,1,9,00,2,3,1,200700055124A01,7,16,1
200700055146,2007-09-01,2007,septembre,samedi,16:20,13,13055,0,0,2,2,3,1,1,4,2,06,1,1,000,150,1,0,1,4,1,21,0,1,9,00,2,1,8,200700055146B01,10,19,1
200700055182,2007-09-22,2007,septembre,samedi,12:45,13,13055,0,0,2,1,6,1,1,4,-1,01,1,1,000,000,1,0,0,3,2,27,1,1,9,01,0,0,0,200700055182B01,7,0,1
200700055200,2007-09-24,2007,septembre,lundi,19:00,13,13055,0,0,2,2,3,1,1,4,2,02,2,1,000,068,1,0,1,3,1,14,5,1,9,00,0,0,0,200700055200A01,7,0,1
200700055210,2007-09-14,2007,septembre,vendredi,12:50,13,13055,0,0,2,6,3,1,1,2,1,02,1,2,000,000,1,0,1,4,1,31,0,1,9,00,0,8,1,200700055210B01,7,1,1
200700055235,2007-09-20,2007,septembre,jeudi,12:00,13,13055,0,0,2,3,3,1,1,3,2,02,1,1,000,060,1,0,1,4,1,22,9,1,2,00,2,4,2,200700055235A01,7,15,1
200700055262,2007-09-27,2007,septembre,jeudi,19:15,13,13055,0,0,2,1,2,2,1,4,2,02,1,1,000,080,1,0,1,4,1,17,5,1,9,00,2,4,23,200700055262B01,7,1,1
200700055295,2007-09-24,2007,septembre,lundi,14:30,13,13056,0,0,2,6,3,1,1,4,1,01,1,2,000,060,1,5,1,4,1,43,5,1,9,00,2,1,15,200700055295B01,7,1,1
200700055313,2007-09-02,2007,septembre,dimanche,10:30,14,14383,0,0,2,1,7,1,1,3,2,02,2,3,000,048,1,0,1,4,1,31,9,1,2,00,0,1,1,200700055313B01,7,2,1
200700055318,2007-09-15,2007,septembre,samedi,16:40,14,14118,0,0,2,1,7,1,1,4,3,04,1,1,015,140,1,0,4,3,1,43,5,1,2,12,0,1,1,200700055318A01,,,
200700055342,2007-09-17,2007,septembre,lundi,17:00,17,17299,0,0,2,1,7,1,1,4,2,02,1,1,000,085,1,0,5,4,1,11,5,1,9,00,0,0,1,200700055342A01,,,
200700055345,2007-09-20,2007,septembre,jeudi,15:35,17,17299,0,0,2,1,6,1,1,4,2,02,1,1,000,075,1,0,1,4,2,67,5,1,2,00,2,8,1,200700055345B01,7,1,1
200700055355,2007-09-06,2007,septembre,jeudi,81:0,17,17300,0,0,2,1,3,1,1,4,3,02,1,1,020,060,1,5,1,4,1,13,2,1,9,00,2,7,15,200700055355B01,7,1,1
200700055357,2007-09-06,2007,septembre,jeudi,18:30,17,17300,0,0,2,1,6,1,1,4,2,02,1,1,000,070,1,0,1,4,2,33,0,1,9,00,2,1,1,200700055357B01,7,24,1
200700055366,2007-09-13,2007,septembre,jeudi,16:10,17,17300,0,0,2,1,6,1,1,4,2,02,1,1,000,060,1,0,1,4,1,15,0,1,9,01,0,3,1,200700055366A01,,,
200700055378,2007-09-21,2007,septembre,vendredi,10:45,17,17300,0,0,2,1,2,1,1,4,2,00,1,2,000,000,1,0,1,4,2,18,9,1,2,00,2,4,1,200700055378B01,7,16,1
200700055379,2007-09-21,2007,septembre,vendredi,17:26,17,17300,0,0,2,1,6,1,1,4,2,02,1,1,000,060,1,0,1,1,1,43,5,1,9,00,1,1,1,200700055379A01,,,
200700055385,2007-09-24,2007,septembre,lundi,17:05,17,17300,0,0,2,1,3,1,1,4,2,02,1,1,000,060,1,0,1,4,1,12,2,1,9,00,2,1,1,200700055385B01,7,16,1
200700055398,2007-09-08,2007,septembre,samedi,16:20,17,17028,0,0,2,3,3,1,1,4,2,02,1,1,000,000,1,5,1,3,1,16,5,1,9,00,2,3,15,200700055398B01,7,1,1
200700055451,2007-09-25,2007,septembre,mardi,17:10,21,21054,0,0,2,1,6,1,1,4,1,03,1,1,000,000,1,0,1,4,1,12,2,1,9,00,2,1,1,200700055451A01,,,
200700055454,2007-09-04,2007,septembre,mardi,19:15,21,21231,0,0,2,2,3,1,1,4,2,02,1,1,000,000,1,5,1,3,2,70,3,1,2,00,2,2,15,200700055454B01,7,0,1
200700055456,2007-09-05,2007,septembre,mercredi,14:25,21,21231,0,0,2,1,2,1,1,4,1,01,1,1,000,080,1,0,1,4,1,14,5,1,2,00,2,1,2,200700055456A01,7,2,1
200700055459,2007-09-08,2007,septembre,samedi,17:30,21,21231,0,0,2,1,6,1,1,4,2,04,1,1,000,154,1,0,5,4,2,18,5,1,2,00,1,1,1,200700055459A01,,,
200700055496,2007-09-04,2007,septembre,mardi,13:50,22,22215,0,0,1,1,7,1,1,4,2,02,1,1,000,000,1,0,1,1,1,12,5,1,4,00,2,0,9,200700055496A01,2,1,1
200700055498,2007-09-08,2007,septembre,samedi,17:15,22,22278,0,0,2,6,6,1,1,3,4,00,2,-1,000,000,1,5,1,3,1,18,5,1,2,00,2,4,1,200700055498B01,7,9,1
200700055499,2007-09-09,2007,septembre,dimanche,11:10,22,22278,0,0,2,1,3,1,1,3,2,02,2,1,000,000,1,5,0,4,2,53,5,1,2,00,2,1,1,200700055499B01,7,15,1
200700055510,2007-09-24,2007,septembre,lundi,17:25,22,22278,0,0,2,2,3,1,1,4,2,02,1,1,000,070,1,5,1,3,1,11,5,1,4,00,2,1,19,200700055510A01,7,1,1
200700055519,2007-09-03,2007,septembre,lundi,92:5,24,24037,0,0,2,3,3,1,1,4,2,02,1,1,000,060,1,0,1,3,1,77,5,1,9,00,2,8,15,200700055519A01,7,1,1
200700055521,2007-09-12,2007,septembre,mercredi,95:3,24,24037,0,0,2,2,3,1,1,4,2,01,1,1,000,000,1,0,1,4,1,67,0,1,9,00,2,1,2,200700055521B01,7,2,1
200700055535,2007-09-20,2007,septembre,jeudi,17:43,24,24322,0,0,2,2,6,1,1,4,2,02,1,1,000,000,1,0,1,4,1,20,0,1,9,00,2,1,15,200700055535A01,7,1,1
200700055537,2007-09-01,2007,septembre,samedi,13:00,25,25056,0,0,2,6,1,1,1,4,1,02,2,3,000,000,1,0,0,3,2,46,5,1,2,00,2,4,9,200700055537B01,7,9,1
200700055545,2007-09-10,2007,septembre,lundi,17:04,25,25056,0,0,2,4,3,1,1,4,1,03,2,1,000,083,1,0,1,3,1,35,5,1,9,00,2,1,1,200700055545A01,7,1,1
200700055554,2007-09-21,2007,septembre,vendredi,18:15,25,25056,0,0,2,2,3,1,1,4,3,02,1,-1,000,000,1,0,1,4,1,11,5,1,9,00,2,1,1,200700055554A01,7,1,1
200700055556,2007-09-21,2007,septembre,vendredi,75:5,25,25056,0,0,2,1,3,1,1,4,-1,02,2,-1,000,000,-1,0,1,4,1,27,5,1,9,00,2,1,15,200700055556B01,7,1,1
200700055557,2007-09-21,2007,septembre,vendredi,20:32,25,25056,0,0,2,1,3,5,1,4,2,02,4,2,000,060,1,0,1,4,1,19,5,1,9,00,2,1,13,200700055557A01,7,1,1
200700055574,2007-09-19,2007,septembre,mercredi,16:05,26,26057,0,0,1,1,6,1,1,3,2,02,1,-1,000,070,1,0,0,4,1,17,9,1,2,00,2,1,1,200700055574A01,1,1,1
200700055574,2007-09-19,2007,septembre,mercredi,16:05,26,26057,0,0,1,1,6,1,1,3,2,02,1,-1,000,070,1,0,0,4,1,17,5,1,2,00,2,4,1,200700055574B01,1,1,1
200700055578,2007-09-25,2007,septembre,mardi,15:55,26,26281,0,0,2,1,6,1,1,3,2,02,2,1,000,051,1,0,1,4,1,14,5,1,2,00,2,7,19,200700055578A01,7,1,1
200700055581,2007-09-08,2007,septembre,samedi,72:0,26,26362,0,0,2,3,7,1,1,4,1,01,1,1,000,038,1,0,1,1,2,47,1,1,2,00,2,1,1,200700055581A01,1,15,1
200700055581,2007-09-08,2007,septembre,samedi,72:0,26,26362,0,0,2,3,7,1,1,4,1,01,1,1,000,038,1,0,1,4,1,16,1,1,2,00,2,8,15,200700055581B01,1,1,1
200700055582,2007-09-05,2007,septembre,mercredi,10:20,26,26362,0,0,2,1,7,1,1,4,1,01,1,1,000,032,1,0,4,1,1,75,5,1,2,00,2,0,23,200700055582B01,3,4,1
200700055593,2007-09-11,2007,septembre,mardi,17:40,27,27229,0,0,2,1,1,1,1,4,1,01,1,1,000,000,1,0,1,4,1,27,5,1,2,00,2,1,5,200700055593B01,7,1,1
200700055602,2007-09-25,2007,septembre,mardi,18:10,27,27701,0,0,2,1,2,1,8,4,2,02,1,1,000,070,1,0,1,4,1,13,2,1,2,00,2,4,13,200700055602B01,7,17,1
200700055606,2007-09-28,2007,septembre,vendredi,16:25,27,27701,0,0,2,2,3,1,2,3,3,02,1,1,000,060,2,5,1,4,1,18,2,1,2,00,2,8,1,200700055606B01,7,19,1
200700055654,2007-09-19,2007,septembre,mercredi,17:30,29,29151,0,0,2,6,6,1,1,4,1,01,1,2,000,060,1,0,1,4,1,28,1,1,4,00,2,8,2,200700055654B01,,,
200700055658,2007-09-01,2007,septembre,samedi,94:0,30,30007,0,0,2,1,3,1,1,4,3,03,1,1,000,136,1,0,1,4,1,41,5,1,2,00,2,8,1,200700055658B01,7,14,1
200700055671,2007-09-04,2007,septembre,mardi,70:8,30,30189,43.83738,4.32917,2,3,3,2,1,4,2,03,1,3,000,090,1,0,1,4,1,35,9,1,2,00,2,1,1,200700055671B01,7,15,1
200700055684,2007-09-11,2007,septembre,mardi,14:45,30,30189,43.85513,4.35844,2,1,6,1,1,4,1,03,1,1,000,090,1,0,1,4,2,23,9,1,2,00,2,6,1,200700055684B01,7,4,1
200700055699,2007-09-30,2007,septembre,dimanche,19:41,30,30189,43.3838,4.35178,2,2,3,5,1,4,1,01,1,1,000,040,1,0,1,4,1,17,9,1,2,00,2,1,1,200700055699B01,7,1,1
200700055705,2007-09-19,2007,septembre,mercredi,10:18,31,31069,0,0,2,1,6,1,1,4,1,01,1,2,065,045,1,0,1,3,2,61,5,1,4,00,2,1,2,200700055705A01,,,
200700055710,2007-09-24,2007,septembre,lundi,16:45,31,31149,0,0,2,3,3,1,1,4,2,02,1,1,018,060,1,0,1,4,1,19,5,1,2,15,0,1,1,200700055710A01,7,23,1
200700055711,2007-09-20,2007,septembre,jeudi,10:45,31,31149,0,0,2,6,3,1,1,4,1,02,1,2,000,065,1,0,1,3,2,72,5,1,2,00,2,1,1,200700055711B01,7,12,1
200700055715,2007-09-03,2007,septembre,lundi,12:50,31,31344,0,0,2,3,7,1,1,3,2,02,3,2,000,061,1,0,1,3,1,48,5,1,2,00,0,0,1,200700055715A01,7,16,1
200700055728,2007-09-05,2007,septembre,mercredi,72:5,31,31555,0,0,2,1,6,1,1,4,1,01,1,1,000,040,1,0,1,3,1,56,0,1,9,00,0,0,0,200700055728A01,,,
200700055738,2007-09-06,2007,septembre,jeudi,18:27,31,31555,0,0,2,3,3,1,1,4,2,04,1,1,000,140,1,0,1,4,1,46,4,1,9,00,2,1,1,200700055738B01,7,15,1
200700055742,2007-09-07,2007,septembre,vendredi,17:30,31,31555,0,0,2,6,3,1,1,4,2,01,1,3,000,070,1,0,1,3,1,44,1,1,9,00,2,3,19,200700055742A01,7,1,1
200700055745,2007-09-08,2007,septembre,samedi,18:53,31,31555,0,0,2,1,6,1,1,4,2,04,1,1,000,120,1,0,1,4,1,16,0,1,9,00,2,3,1,200700055745A01,,,
200700055774,2007-09-16,2007,septembre,dimanche,19:05,31,31555,0,0,2,1,6,1,1,4,4,01,1,1,000,050,1,6,1,1,1,34,5,1,9,00,1,1,1,200700055774A01,,,
200700055774,2007-09-16,2007,septembre,dimanche,19:05,31,31555,0,0,2,1,6,1,1,4,4,01,1,1,000,050,1,6,1,4,2,2,5,0,0,00,1,1,1,200700055774A01,,,
200700055787,2007-09-19,2007,septembre,mercredi,13:45,31,31555,0,0,2,1,3,1,1,4,2,02,1,1,017,070,1,0,1,4,1,11,5,1,9,00,2,1,15,200700055787A01,7,1,1
200700055789,2007-09-19,2007,septembre,mercredi,18:55,31,31555,0,0,2,1,3,1,1,4,2,02,1,1,000,100,1,0,1,4,1,38,0,1,9,00,2,8,16,200700055789B01,31,16,1
200700055816,2007-09-25,2007,septembre,mardi,82:0,31,31555,0,0,2,6,6,1,1,4,2,02,1,1,000,070,1,0,1,4,2,28,0,1,9,00,2,0,0,200700055816B01,7,1,1
200700055832,2007-09-08,2007,septembre,samedi,11:30,31,31557,0,0,2,1,3,1,1,4,2,02,1,1,000,053,1,0,5,4,1,50,0,1,2,00,2,1,1,200700055832B01,7,9,1
200700055848,2007-09-01,2007,septembre,samedi,21:30,33,33063,0,0,2,2,4,5,1,4,2,03,1,1,000,113,1,0,1,4,1,20,9,1,2,00,0,9,1,200700055848C01,7/ 31,15/17,2
200700055852,2007-09-02,2007,septembre,dimanche,15:00,33,33063,0,0,2,2,3,1,1,4,1,01,1,1,000,057,1,0,1,4,1,11,5,1,2,00,2,8,5,200700055852A01,7,1,1
200700055883,2007-09-05,2007,septembre,mercredi,16:00,33,33039,0,0,2,1,2,1,1,4,3,02,1,1,000,112,1,0,1,4,2,61,0,1,9,00,0,4,1,200700055883B01,7,16,1
200700055888,2007-09-11,2007,septembre,mardi,14:36,33,33063,0,0,2,1,3,1,1,4,3,04,1,1,010,114,1,0,1,4,2,21,0,1,2,00,2,3,13,200700055888A01,7,1,1
200700055895,2007-09-14,2007,septembre,vendredi,45:,33,33063,0,0,2,2,7,5,1,4,3,04,1,1,000,195,1,0,1,3,2,20,0,1,2,00,0,0,0,200700055895A01,,,
200700055899,2007-09-14,2007,septembre,vendredi,13:45,33,33063,0,0,2,7,3,1,1,4,3,02,2,1,000,000,1,0,1,4,2,16,0,1,9,00,2,0,1,200700055899B01,7,1,1
200700055908,2007-09-15,2007,septembre,samedi,14:00,33,33063,0,0,2,1,6,1,1,4,-1,01,1,1,000,075,1,6,1,4,2,3,0,0,0,00,1,1,1,200700055908A01,,,
200700055908,2007-09-15,2007,septembre,samedi,14:00,33,33063,0,0,2,1,6,1,1,4,-1,01,1,1,000,075,1,6,1,1,1,18,0,1,2,00,1,1,1,200700055908A01,,,
200700055910,2007-09-17,2007,septembre,lundi,85:0,33,33063,0,0,2,1,3,1,1,4,3,04,1,1,000,000,1,0,1,3,1,45,0,1,9,00,2,0,1,200700055910B01,10,1,1
200700055912,2007-09-18,2007,septembre,mardi,14:15,33,33063,0,0,2,2,3,1,1,4,2,03,1,1,000,080,1,0,1,4,1,21,0,1,2,00,2,1,1,200700055912A01,7,1,1
200700055930,2007-09-20,2007,septembre,jeudi,75:0,33,33063,0,0,2,2,3,1,1,4,2,03,1,1,000,000,1,0,1,3,1,15,2,1,2,00,2,1,1,200700055930A01,7,1,1
200700055937,2007-09-21,2007,septembre,vendredi,82:0,33,33063,0,0,2,1,3,1,1,4,1,01,1,1,000,032,1,4,1,4,2,31,0,1,2,00,2,1,1,200700055937B01,7,15,1
200700055950,2007-09-20,2007,septembre,jeudi,16:40,33,33281,0,0,2,1,3,1,1,4,1,01,1,1,000,089,1,0,1,4,1,15,0,0,0,00,2,1,1,200700055950B01,7,1,1
200700055952,2007-09-21,2007,septembre,vendredi,70:5,33,33119,0,0,2,1,1,5,1,4,1,03,1,1,000,088,1,0,1,4,1,29,0,1,2,00,2,1,5,200700055952A01,7,1,1
200700055960,2007-09-26,2007,septembre,mercredi,72:0,33,33063,0,0,2,6,3,5,2,4,2,02,1,2,000,000,2,0,1,4,1,50,0,1,4,00,2,1,1,200700055960B01,7,9,1
200700055965,2007-09-25,2007,septembre,mardi,84:0,33,33075,0,0,2,1,3,1,1,4,2,02,1,2,000,058,1,0,1,3,1,86,5,1,9,00,2,1,16,200700055965B01,10,15,1
200700055969,2007-09-29,2007,septembre,samedi,13:00,33,33063,0,0,2,2,3,1,1,6,2,02,1,1,000,000,1,0,1,4,2,23,0,1,9,00,2,0,1,200700055969A01,7,1,1
200700055993,2007-09-08,2007,septembre,samedi,12:30,34,34003,0,0,2,1,2,1,1,4,2,01,1,1,000,060,1,0,1,3,1,66,5,1,9,00,2,1,2,200700055993A01,7,2,1
200700056020,2007-09-18,2007,septembre,mardi,16:36,34,34032,0,0,2,1,7,1,1,4,2,02,1,1,000,070,1,0,1,4,1,7,0,1,9,00,0,0,0,200700056020A01,,,
200700056026,2007-09-23,2007,septembre,dimanche,19:15,34,34032,0,0,2,1,1,1,1,4,3,04,1,1,000,120,1,0,1,4,1,17,0,1,4,00,2,0,0,200700056026B01,7,0,1
200700056033,2007-09-01,2007,septembre,samedi,13:00,34,34129,0,0,1,3,6,1,1,4,2,02,2,1,000,060,1,0,1,3,2,52,5,1,9,00,0,6,19,200700056033A01,7,1,1
200700056039,2007-09-07,2007,septembre,vendredi,75:5,34,34172,0,0,2,1,3,1,1,4,2,03,1,1,000,090,1,5,0,4,1,17,2,1,2,00,2,1,1,200700056039B01,7,15,1
200700056055,2007-09-15,2007,septembre,samedi,74:0,34,34172,0,0,2,1,6,1,1,4,-1,00,1,1,000,000,1,6,4,1,1,52,0,1,9,00,1,7,0,200700056055A01,,,
200700056060,2007-09-15,2007,septembre,samedi,11:50,34,34172,0,0,2,1,3,1,1,4,2,01,2,2,000,036,1,0,1,4,2,17,2,1,9,00,2,2,16,200700056060B01,7,15,1
200700056064,2007-09-19,2007,septembre,mercredi,14:00,34,34172,0,0,1,6,3,1,1,4,1,02,1,2,000,084,1,5,1,3,2,27,1,1,9,00,2,1,15,200700056064B01,7,16,1
200700056067,2007-09-19,2007,septembre,mercredi,18:45,34,34198,0,0,2,1,3,1,1,4,2,02,1,1,000,060,1,0,5,4,1,34,5,1,2,00,2,8,1,200700056067B01,7,9,1
200700056070,2007-09-20,2007,septembre,jeudi,17:10,34,34129,43.56354,3.87478,2,6,1,1,1,4,2,02,1,3,000,000,1,5,1,3,1,12,2,1,9,00,2,1,5,200700056070A01,7,1,1
200700056074,2007-09-22,2007,septembre,samedi,20:15,34,34198,0,0,2,1,3,5,1,3,-1,02,1,-1,000,000,1,0,5,3,1,62,5,1,9,00,2,9,1,200700056074A01,7,1,1
200700056077,2007-09-24,2007,septembre,lundi,12:30,34,34172,0,0,2,1,3,1,1,4,2,02,1,1,000,060,1,0,1,4,2,20,0,1,9,00,2,1,2,200700056077A01,7,15,1
200700056091,2007-09-29,2007,septembre,samedi,17:40,34,34172,43.6066,3.87615,2,3,3,1,8,4,2,03,4,1,000,090,1,0,1,4,1,17,5,1,2,00,0,1,19,200700056091A01,31,17,1
200700056101,2007-09-03,2007,septembre,lundi,13:18,35,35238,0,0,2,2,6,1,1,4,-1,02,1,1,000,039,1,0,2,4,2,42,5,1,2,00,2,0,1,200700056101B01,7,19,1
200700056121,2007-09-16,2007,septembre,dimanche,15:15,35,35238,0,0,2,2,1,1,1,4,-1,02,2,1,000,000,1,0,1,4,1,17,5,0,0,00,2,0,1,200700056121A01,7,1,1
200700056124,2007-09-18,2007,septembre,mardi,11:18,35,35238,0,0,2,3,2,1,1,9,-1,00,1,1,000,000,1,0,1,4,2,67,3,1,2,00,2,0,1,200700056124B01,7,16,1
200700056125,2007-09-19,2007,septembre,mercredi,17:10,35,35238,0,0,2,1,5,1,1,4,2,02,1,1,000,000,1,0,1,4,2,21,1,1,2,00,2,9,1,200700056125B01,30/ 7,0/17,2
200700056126,2007-09-19,2007,septembre,mercredi,17:15,35,35238,0,0,2,3,3,1,1,4,2,02,2,1,000,000,1,0,1,4,1,19,5,1,2,00,2,0,1,200700056126B01,7,15,1
200700056139,2007-09-26,2007,septembre,mercredi,15:50,35,35238,0,0,2,1,3,1,1,4,3,02,1,1,000,000,1,0,1,4,2,61,0,1,9,00,2,2,1,200700056139B01,37,11,1