Num_Acc,date,an,mois,jour,hrmn,dep,com,lat,long,agg,int,col,lum,atm,catr,circ,nbv,prof,plan,lartpc,larrout,surf,infra,situ,grav,sexe,age,trajet,secuexist,equipement,obs,obsm,choc,manv,vehiculeid,typevehicules,manoeuvehicules,numVehicules
200700056150,2007-09-28,2007,septembre,vendredi,19:30,35,35288,0,0,2,2,3,1,1,4,2,00,1,-1,000,000,1,0,0,3,2,11,0,1,2,00,2,1,1,200700056150A01,7,1,1
200700056161,2007-09-13,2007,septembre,jeudi,13:50,36,36044,0,0,2,2,3,1,1,4,2,02,1,1,000,000,1,0,1,4,1,25,5,1,9,00,2,1,1,200700056161B01,7,15,1
200700056175,2007-09-27,2007,septembre,jeudi,23:55,37,37261,0,0,2,7,3,5,1,9,2,05,1,1,020,140,1,2,1,3,2,19,5,1,2,00,2,7,19,200700056175B01,10,1,1
200700056181,2007-09-04,2007,septembre,mardi,17:30,38,38421,0,0,2,1,7,1,1,3,2,02,1,1,000,065,1,0,1,4,2,12,5,1,9,00,0,0,1,200700056181B01,7,1,1
200700056181,2007-09-04,2007,septembre,mardi,17:30,38,38421,0,0,2,1,7,1,1,3,2,02,1,1,000,065,1,0,1,4,2,11,0,1,9,00,0,0,1,200700056181B01,7,1,1
200700056184,2007-09-05,2007,septembre,mercredi,19:55,38,38185,0,0,2,3,3,1,1,3,1,01,1,1,000,048,1,0,1,4,2,22,5,1,9,00,2,7,1,200700056184A01,7,16,1
200700056187,2007-09-07,2007,septembre,vendredi,11:30,38,38185,0,0,2,2,6,1,1,3,1,03,1,1,000,112,1,0,1,3,1,77,5,1,9,00,2,4,1,200700056187A01,7,1,1
200700056189,2007-09-11,2007,septembre,mardi,17:30,38,38185,0,0,2,1,2,1,1,4,2,03,1,1,000,120,1,0,1,4,1,24,0,1,9,00,2,1,1,200700056189A01,7,23,1
200700056192,2007-09-15,2007,septembre,samedi,10:45,38,38185,0,0,2,1,2,1,1,4,2,02,1,1,000,061,1,0,1,4,1,12,0,1,9,00,2,1,9,200700056192B01,7,1,1
200700056193,2007-09-17,2007,septembre,lundi,13:05,38,38185,0,0,2,2,3,1,1,4,1,03,1,2,000,050,1,0,1,4,2,35,1,1,9,00,2,1,1,200700056193B01,7,1,1
200700056194,2007-09-17,2007,septembre,lundi,13:10,38,38151,0,0,2,1,3,1,1,4,2,02,1,1,000,077,1,0,1,4,2,39,1,1,9,00,2,7,1,200700056194A01,7,15,1
200700056204,2007-09-23,2007,septembre,dimanche,17:25,38,38169,0,0,2,1,3,1,1,4,2,02,1,1,000,038,1,0,1,4,1,19,0,1,9,01,2,4,1,200700056204B01,7,15,1
200700056207,2007-09-24,2007,septembre,lundi,17:45,38,38185,0,0,2,1,3,1,1,3,2,02,1,1,000,095,1,0,1,4,1,15,5,1,9,00,2,1,1,200700056207A01,7,1,1
200700056209,2007-09-26,2007,septembre,mercredi,13:30,38,38185,0,0,2,1,6,1,1,3,1,03,1,1,000,090,1,0,1,4,1,43,1,1,9,01,0,1,1,200700056209B01,7,23,1
200700056230,2007-09-27,2007,septembre,jeudi,17:37,40,40192,0,0,2,2,3,1,1,4,2,02,1,-1,000,071,1,0,1,3,2,53,1,1,2,00,2,1,1,200700056230B01,7,15,1
200700056232,2007-09-11,2007,septembre,mardi,90:5,41,41018,0,0,2,1,3,1,1,4,2,02,1,3,000,000,1,0,1,4,2,24,1,1,9,00,2,8,15,200700056232B01,7,17,1
200700056237,2007-09-09,2007,septembre,dimanche,17:30,41,41018,0,0,2,1,3,1,1,4,2,02,1,1,000,000,1,0,1,4,1,18,5,1,9,00,2,7,1,200700056237B01,7,1,1
200700056251,2007-09-16,2007,septembre,dimanche,73:0,42,42031,0,0,1,1,7,1,1,3,2,02,2,4,000,071,1,0,1,3,1,74,5,1,2,00,0,0,1,200700056251A01,,,
200700056264,2007-09-23,2007,septembre,dimanche,19:40,42,42186,0,0,2,3,3,5,2,3,2,01,1,1,000,070,2,0,1,3,1,11,5,1,9,00,2,1,1,200700056264A01,7,1,1
200700056272,2007-09-10,2007,septembre,lundi,10:10,42,42184,0,0,2,1,6,1,1,3,2,02,2,1,000,064,1,0,5,3,1,33,0,1,9,01,0,1,1,200700056272B01,,,
200700056282,2007-09-23,2007,septembre,dimanche,12:40,42,42187,0,0,2,1,6,1,1,9,2,02,2,1,000,080,1,0,1,4,1,50,5,1,9,00,2,3,1,200700056282B01,7,22,1
200700056300,2007-09-12,2007,septembre,mercredi,19:50,42,42218,0,0,2,1,6,1,1,4,1,01,1,1,000,030,1,0,1,4,2,27,0,1,2,01,0,1,1,200700056300B01,7,24,1
200700056303,2007-09-16,2007,septembre,dimanche,17:15,42,42218,0,0,2,3,6,1,1,4,2,02,1,1,000,073,1,5,1,4,1,13,5,1,2,00,2,1,5,200700056303A01,7,21,1
200700056326,2007-09-28,2007,septembre,vendredi,11:00,44,44132,0,0,2,6,3,1,1,4,2,01,1,-1,000,126,1,0,1,3,1,49,9,1,4,00,2,4,1,200700056326B01,7,9,1
200700056328,2007-09-28,2007,septembre,vendredi,16:28,44,44055,0,0,2,1,2,1,1,4,2,02,1,1,000,080,1,0,1,3,1,22,5,1,2,00,2,1,1,200700056328A01,7,1,1
200700056334,2007-09-03,2007,septembre,lundi,17:15,44,44114,0,0,2,1,3,1,1,3,2,04,1,1,010,160,1,0,1,4,1,10,5,1,9,00,2,3,19,200700056334A01,10,1,1
200700056342,2007-09-07,2007,septembre,vendredi,10:45,44,44190,0,0,2,3,6,1,1,2,2,02,1,1,000,127,1,0,1,4,1,64,5,1,9,00,2,7,1,200700056342A01,10,1,1
200700056346,2007-09-11,2007,septembre,mardi,14:15,44,44109,0,0,2,6,3,1,1,4,2,02,1,1,000,150,1,0,1,3,2,14,2,1,2,00,2,8,15,200700056346B01,7,1,1
200700056353,2007-09-16,2007,septembre,dimanche,12:50,44,44109,0,0,2,1,2,1,1,4,1,01,1,1,000,000,1,0,1,4,1,60,0,1,9,00,2,4,1,200700056353B01,7,1,1
200700056362,2007-09-15,2007,septembre,samedi,18:30,44,44109,0,0,2,1,6,1,1,4,2,02,1,1,000,069,1,0,1,4,1,14,5,1,2,00,2,1,1,200700056362A01,7,1,1
200700056380,2007-09-14,2007,septembre,vendredi,12:50,44,44109,0,0,2,1,6,1,1,4,2,02,1,1,000,000,-1,0,1,3,1,18,1,1,9,00,2,0,1,200700056380A01,,,
200700056385,2007-09-28,2007,septembre,vendredi,21:15,44,44109,0,0,2,6,3,5,1,4,1,02,1,1,000,000,1,5,1,4,2,23,0,0,0,00,2,5,1,200700056385B01,7,9,1
200700056398,2007-09-12,2007,septembre,mercredi,95:5,44,44184,0,0,2,3,3,1,1,4,2,02,1,1,000,000,1,0,1,4,1,82,0,1,2,00,2,8,15,200700056398B01,7,16,1
200700056405,2007-09-01,2007,septembre,samedi,20:10,45,45234,0,0,2,1,6,1,1,4,1,01,1,1,000,042,1,0,1,1,1,55,4,1,4,00,1,1,1,200700056405A01,,,
200700056405,2007-09-01,2007,septembre,samedi,20:10,45,45234,0,0,2,1,6,1,1,4,1,01,1,1,000,042,1,0,1,4,1,4,9,0,0,00,1,1,1,200700056405A01,,,
200700056406,2007-09-05,2007,septembre,mercredi,14:05,45,45232,0,0,2,1,3,1,1,3,2,02,1,1,000,067,1,0,1,4,2,33,0,1,9,00,2,8,1,200700056406A01,7,16,1
200700056413,2007-09-10,2007,septembre,lundi,13:25,45,45234,47.91479,3.45699,2,1,2,1,1,4,2,02,1,1,000,116,1,0,1,4,1,45,0,1,9,00,0,0,0,200700056413A01,10,0,1
200700056415,2007-09-11,2007,septembre,mardi,75:0,45,45075,47.88685,3.45699,2,2,6,1,1,4,2,01,1,1,000,109,1,0,1,4,1,22,0,0,0,00,2,0,0,200700056415B01,33,0,1
200700056416,2007-09-11,2007,septembre,mardi,18:30,45,45232,0,0,2,1,3,1,1,4,2,00,1,1,000,086,1,0,4,4,1,15,0,1,9,00,2,1,0,200700056416A01,10,0,1
200700056417,2007-09-12,2007,septembre,mercredi,17:50,45,45274,47.90616,3.45699,2,2,3,1,1,4,2,02,1,1,000,055,1,0,1,4,2,12,0,1,9,00,2,0,0,200700056417A01,10,0,1
200700056424,2007-09-18,2007,septembre,mardi,93:5,45,45232,0,0,2,1,6,1,1,4,1,02,1,1,000,053,1,0,1,4,2,19,4,1,4,00,2,1,12,200700056424A01,7,1,1
200700056428,2007-09-21,2007,septembre,vendredi,16:32,45,45234,0,0,2,1,6,1,1,3,2,03,1,1,000,090,1,0,1,4,1,18,0,1,4,00,2,1,1,200700056428A01,7,23,1
200700056431,2007-09-26,2007,septembre,mercredi,18:35,45,45234,0,0,2,1,6,2,3,3,2,02,1,1,000,078,2,0,5,4,1,45,1,1,4,00,2,1,16,200700056431B01,2,1,1
200700056433,2007-09-27,2007,septembre,jeudi,21:00,45,45147,0,0,2,2,6,5,2,3,2,02,1,1,000,075,2,0,1,4,1,20,0,1,9,00,2,8,5,200700056433A01,7,1,1
200700056438,2007-09-10,2007,septembre,lundi,18:05,47,47001,0,0,2,1,3,1,1,3,2,02,1,1,000,000,1,0,1,4,1,33,5,0,0,00,1,1,1,200700056438B01,7,15,1
200700056445,2007-09-11,2007,septembre,mardi,20:10,47,47323,0,0,2,3,3,1,1,4,2,01,1,1,000,000,1,0,1,3,1,17,5,0,0,00,9,1,2,200700056445A01,10,2,1
200700056450,2007-09-02,2007,septembre,dimanche,16:06,49,49015,0,0,2,1,6,1,1,4,2,01,1,-1,000,000,1,0,1,1,2,8,5,1,2,00,9,0,1,200700056450A01,1,1,1
200700056450,2007-09-02,2007,septembre,dimanche,16:06,49,49015,0,0,2,1,6,1,1,4,2,01,1,-1,000,000,1,0,1,4,1,61,5,1,2,00,9,0,1,200700056450B01,1,1,1
200700056454,2007-09-04,2007,septembre,mardi,94:8,49,49007,0,0,2,1,6,1,1,4,1,01,1,1,000,050,1,0,0,4,2,36,0,1,9,01,0,3,2,200700056454A01,7,0,1
200700056458,2007-09-09,2007,septembre,dimanche,16:39,49,49007,0,0,2,1,7,1,1,4,2,03,1,1,000,060,1,0,4,4,2,44,5,1,9,12,0,0,14,200700056458A01,,,
200700056470,2007-09-11,2007,septembre,mardi,15:46,49,49015,0,0,2,1,7,1,1,4,2,02,1,1,000,050,1,0,5,4,2,11,0,1,9,00,0,0,1,200700056470A01,,,
200700056473,2007-09-14,2007,septembre,vendredi,94:5,49,49007,0,0,2,3,6,1,1,4,2,04,1,1,000,170,1,0,1,4,2,23,0,1,9,00,2,0,19,200700056473A01,7,15,1
200700056475,2007-09-17,2007,septembre,lundi,92:4,49,49267,0,0,2,4,2,1,1,4,2,02,1,1,000,060,1,0,1,4,1,14,0,1,9,00,2,0,2,200700056475B01,10,16,1
200700056492,2007-09-27,2007,septembre,jeudi,17:05,49,49007,0,0,2,2,3,1,1,4,2,02,1,1,000,070,1,0,1,4,1,29,0,1,9,00,2,4,15,200700056492A01,7,1,1
200700056496,2007-09-28,2007,septembre,vendredi,15:38,49,49007,0,0,2,1,7,1,1,4,-1,02,1,1,000,070,1,0,1,4,2,55,0,1,9,00,0,0,1,200700056496A01,,,
200700056529,2007-09-19,2007,septembre,mercredi,16:25,50,50129,0,0,2,1,7,1,1,4,2,02,1,1,000,076,1,0,1,1,1,40,5,1,2,00,1,1,1,200700056529A01,,,
200700056546,2007-09-05,2007,septembre,mercredi,21:05,51,51454,0,0,2,7,3,5,2,4,1,00,1,3,000,106,2,0,1,3,1,43,1,1,9,00,2,8,2,200700056546B01,7,2,1
200700056564,2007-09-24,2007,septembre,lundi,83:5,52,52121,0,0,2,2,3,1,1,4,2,02,1,1,000,069,1,0,1,4,1,14,2,1,9,00,2,1,1,200700056564A01,7,1,1
200700056570,2007-09-12,2007,septembre,mercredi,10:58,52,52448,0,0,2,1,3,1,1,4,2,02,1,1,000,000,1,0,1,4,2,20,2,1,2,00,2,6,19,200700056570A01,7,2,1
200700056575,2007-09-13,2007,septembre,jeudi,82:0,53,53201,0,0,2,1,2,1,1,3,2,04,1,1,000,000,1,0,1,4,1,39,5,1,2,00,2,4,1,200700056575B01,7,1,1
200700056576,2007-09-19,2007,septembre,mercredi,17:20,53,53130,0,0,2,1,1,1,1,4,2,02,1,1,000,067,1,0,1,3,1,75,5,1,2,00,2,1,13,200700056576B01,7,1,1
200700056582,2007-09-12,2007,septembre,mercredi,17:10,54,54367,0,0,2,2,1,1,1,4,2,02,1,-1,000,000,-1,0,1,3,1,49,0,1,2,00,2,1,15,200700056582B01,7,0,1
200700056587,2007-09-02,2007,septembre,dimanche,10:45,54,54395,0,0,2,2,6,1,1,4,2,02,4,1,000,000,1,0,1,4,1,40,5,1,2,00,2,7,19,200700056587A01,7,1,1
200700056611,2007-09-16,2007,septembre,dimanche,16:30,54,54547,0,0,2,2,3,1,1,4,2,02,4,1,000,037,1,0,1,4,1,6,5,1,2,00,2,1,1,200700056611B01,7,1,1
200700056614,2007-09-18,2007,septembre,mardi,12:50,54,54395,0,0,2,1,3,1,1,4,1,01,1,1,000,020,1,0,5,4,2,59,1,1,2,01,0,8,1,200700056614B01,7,22,1
200700056642,2007-09-21,2007,septembre,vendredi,13:20,54,54431,0,0,2,3,3,1,1,4,2,02,1,1,000,071,1,5,1,4,1,16,2,1,2,00,2,8,15,200700056642B01,2,1,1
200700056643,2007-09-21,2007,septembre,vendredi,75:3,54,54528,0,0,1,1,6,1,1,4,2,02,1,1,000,080,1,0,1,3,2,12,2,1,9,00,2,0,19,200700056643B01,37,1,1
200700056660,2007-09-11,2007,septembre,mardi,13:35,56,56098,0,0,2,1,3,1,1,4,2,02,1,1,000,000,1,0,1,4,2,12,2,1,9,00,2,7,19,200700056660B01,7,1,1
200700056676,2007-09-22,2007,septembre,samedi,12:25,56,56162,0,0,2,1,3,1,1,4,2,02,1,1,000,000,1,0,1,4,1,12,5,1,9,00,2,1,1,200700056676B01,7,1,1
200700056687,2007-09-20,2007,septembre,jeudi,16:30,57,57537,0,0,2,3,1,1,1,4,2,02,2,1,000,060,1,0,1,3,1,18,4,1,2,00,2,3,13,200700056687B01,7,15,1
200700056696,2007-09-01,2007,septembre,samedi,11:25,57,57447,0,0,2,1,6,1,1,4,2,02,1,1,000,065,1,0,1,3,1,12,5,1,2,00,2,1,9,200700056696A01,7,1,1
200700056698,2007-09-05,2007,septembre,mercredi,16:30,57,57463,0,0,2,3,3,1,1,4,1,01,1,1,000,060,1,0,1,4,2,11,5,1,2,00,2,8,19,200700056698B01,7,15,1
200700056711,2007-09-22,2007,septembre,samedi,16:45,57,57447,0,0,2,2,3,1,7,3,2,02,1,1,000,080,1,0,1,4,1,56,5,1,2,00,2,1,1,200700056711B01,7,15,1
200700056749,2007-09-13,2007,septembre,jeudi,12:15,58,58194,0,0,2,1,3,1,1,4,1,01,1,-1,000,000,1,0,1,4,1,12,2,1,9,00,2,1,1,200700056749A01,7,15,1
200700056756,2007-09-18,2007,septembre,mardi,17:35,59,59017,0,0,2,2,3,1,2,4,2,02,1,1,000,075,2,0,1,4,2,14,2,1,9,00,2,8,0,200700056756B01,7,1,1
200700056756,2007-09-18,2007,septembre,mardi,17:35,59,59017,0,0,2,2,3,1,2,4,2,02,1,1,000,075,2,0,1,3,1,8,0,1,9,00,2,8,0,200700056756B01,7,1,1
200700056771,2007-09-04,2007,septembre,mardi,19:40,59,59183,0,0,2,2,3,1,1,4,2,02,1,1,000,100,1,5,1,3,1,15,5,1,9,00,2,3,0,200700056771A01,7,1,1
200700056779,2007-09-17,2007,septembre,lundi,12:15,59,59183,0,0,2,1,2,1,1,4,2,02,1,1,000,080,1,0,1,4,1,15,2,1,9,00,2,1,1,200700056779B01,10,20,1
200700056793,2007-09-07,2007,septembre,vendredi,13:40,59,59350,0,0,2,2,3,1,1,4,2,02,1,1,000,058,1,0,1,4,1,22,5,1,2,00,2,1,1,200700056793A01,7,1,1
200700056794,2007-09-07,2007,septembre,vendredi,13:30,59,59328,0,0,2,2,3,1,1,4,2,01,1,1,000,120,1,0,1,4,2,18,1,1,4,00,2,7,1,200700056794A01,37,1,1
200700056798,2007-09-08,2007,septembre,samedi,15:30,59,59378,0,0,2,1,3,1,1,4,1,01,1,1,000,000,1,2,1,4,1,37,1,1,2,00,2,7,1,200700056798B01,7,15,1
200700056802,2007-09-10,2007,septembre,lundi,19:15,59,59350,0,0,2,1,3,1,1,3,1,02,1,1,000,050,1,0,1,4,1,32,5,1,4,00,2,1,17,200700056802B01,7,10,1
200700056805,2007-09-11,2007,septembre,mardi,17:50,59,59220,0,0,2,3,6,1,1,4,2,02,1,1,000,060,1,0,1,3,1,9,0,1,4,00,2,1,15,200700056805A01,7,2,1
200700056807,2007-09-12,2007,septembre,mercredi,12:30,59,59328,0,0,2,1,3,1,1,4,2,02,1,1,000,056,1,0,1,4,2,72,5,1,9,00,2,1,1,200700056807B01,7,15,1
200700056812,2007-09-14,2007,septembre,vendredi,18:20,59,59378,0,0,2,3,3,1,1,4,2,02,1,1,000,068,1,0,1,4,2,64,5,1,4,00,2,4,1,200700056812A01,7,15,1
200700056816,2007-09-14,2007,septembre,vendredi,18:00,59,59316,0,0,2,1,6,1,1,4,2,02,1,1,000,060,1,0,1,3,1,59,1,1,2,01,0,7,1,200700056816B01,10,22,1
200700056824,2007-09-19,2007,septembre,mercredi,18:40,59,59350,0,0,2,1,3,1,1,4,2,02,2,1,000,070,1,0,4,3,1,19,5,1,4,00,2,1,1,200700056824A01,17,16,1
200700056828,2007-09-20,2007,septembre,jeudi,21:10,59,59507,0,0,2,1,1,5,1,4,2,02,1,1,000,062,1,1,1,4,1,18,5,1,4,00,2,1,1,200700056828B01,7,1,1
200700056836,2007-09-25,2007,septembre,mardi,75:0,59,59350,0,0,2,7,2,1,1,4,2,02,1,1,000,000,1,0,1,4,1,22,9,1,2,00,2,1,1,200700056836A01,7,23,1
200700056837,2007-09-25,2007,septembre,mardi,12:00,59,59350,0,0,2,3,6,1,2,4,2,04,1,1,000,000,2,0,1,4,1,25,0,1,2,00,2,1,2,200700056837B01,7,15,1
200700056854,2007-09-27,2007,septembre,jeudi,18:25,59,59286,0,0,2,1,3,1,1,4,2,02,1,1,000,063,1,0,1,4,2,14,0,1,9,00,2,0,19,200700056854B01,7,1,1
200700056854,2007-09-27,2007,septembre,jeudi,18:25,59,59286,0,0,2,1,3,1,1,4,2,02,1,1,000,063,1,0,1,4,2,8,0,1,9,00,2,0,19,200700056854B01,7,1,1
200700056855,2007-09-30,2007,septembre,dimanche,19:00,59,59350,0,0,2,1,6,1,1,4,2,02,1,1,000,061,1,0,1,4,1,36,0,1,2,00,2,1,1,200700056855B01,7,24,1
200700056868,2007-09-10,2007,septembre,lundi,10:20,59,59512,0,0,2,2,3,1,1,4,3,02,1,1,000,000,1,0,1,3,1,44,9,1,2,00,2,9,16,200700056868B01,13,16,1
200700056872,2007-09-14,2007,septembre,vendredi,17:10,59,59646,0,0,2,3,3,1,1,4,2,02,1,1,000,000,1,0,1,3,2,15,0,1,2,00,2,0,1,200700056872B01,7,1,1
200700056876,2007-09-18,2007,septembre,mardi,91:5,59,59299,0,0,2,1,3,1,3,4,2,02,1,1,000,000,2,0,1,3,2,17,1,1,2,00,2,4,1,200700056876B01,7,1,1
200700056883,2007-09-14,2007,septembre,vendredi,83:5,59,59299,0,0,1,1,3,1,1,4,2,02,1,1,000,000,1,0,1,3,2,13,2,1,2,00,2,0,10,200700056883A01,7,17,1
200700056890,2007-09-20,2007,septembre,jeudi,19:15,59,59512,0,0,1,1,3,1,1,4,2,02,1,1,000,000,1,0,1,3,1,5,0,1,2,00,2,0,1,200700056890B01,7,1,1
200700056892,2007-09-27,2007,septembre,jeudi,82:5,59,59163,0,0,2,1,6,1,1,4,2,02,1,1,000,000,1,0,4,1,1,29,4,1,2,00,1,0,1,200700056892A01,,,
200700056896,2007-09-25,2007,septembre,mardi,19:08,59,59650,0,0,2,1,3,1,1,4,2,02,1,1,000,000,1,0,1,3,1,17,9,1,2,00,2,0,17,200700056896B01,7,10,1
200700056911,2007-09-20,2007,septembre,jeudi,18:00,59,59599,0,0,2,1,5,1,1,4,2,02,1,1,000,700,1,0,1,3,1,16,5,1,9,00,2,2,0,200700056911A01,7,1/0,2
200700056916,2007-09-06,2007,septembre,jeudi,19:00,59,59079,0,0,2,3,3,1,1,4,2,02,1,1,000,060,1,0,1,3,1,13,0,1,9,00,2,8,16,200700056916B01,7,0,1
200700056918,2007-09-17,2007,septembre,lundi,16:45,59,59606,0,0,2,2,3,1,1,3,2,02,1,1,000,064,1,0,1,4,1,41,1,1,9,00,2,1,1,200700056918B01,7,16,1
200700056919,2007-09-18,2007,septembre,mardi,80:5,59,59383,0,0,2,6,3,1,1,3,2,02,1,1,000,120,2,0,1,4,2,49,0,1,9,00,2,7,1,200700056919B01,7,1,1
200700056947,2007-09-28,2007,septembre,vendredi,75:0,61,61006,0,0,2,1,2,2,1,9,2,02,1,1,000,090,1,0,1,4,1,40,1,1,9,00,0,4,2,200700056947B01,7,17,1
200700056958,2007-09-14,2007,septembre,vendredi,18:40,62,62048,0,0,2,1,2,1,1,4,2,02,1,1,000,000,1,0,1,3,1,13,0,1,9,00,2,3,11,200700056958B01,7,2,1
200700056968,2007-09-30,2007,septembre,dimanche,11:30,62,62724,0,0,2,1,7,1,1,4,2,01,1,1,000,064,1,0,1,4,1,12,5,1,9,00,0,7,1,200700056968A01,,,
200700056983,2007-09-13,2007,septembre,jeudi,12:20,62,62250,0,0,2,1,3,1,1,4,2,02,1,1,000,066,1,0,1,4,1,73,5,1,9,00,2,8,13,200700056983B01,7,1,1
200700056985,2007-09-18,2007,septembre,mardi,16:30,62,62215,0,0,1,1,3,1,8,3,2,02,1,1,000,072,1,0,1,4,1,57,5,1,9,00,2,8,1,200700056985B01,7,1,1
200700056988,2007-09-01,2007,septembre,samedi,19:15,62,62249,0,0,2,1,6,1,1,4,2,02,1,1,000,079,1,0,1,3,1,16,5,1,4,00,2,1,15,200700056988A01,7,1,1
200700056992,2007-09-16,2007,septembre,dimanche,14:30,62,62133,0,0,2,1,1,1,1,4,2,02,1,1,000,058,1,0,1,4,1,5,5,1,4,01,2,8,1,200700056992B01,7,13,1
200700057008,2007-09-13,2007,septembre,jeudi,17:00,62,62510,0,0,2,1,2,1,1,4,2,02,1,1,000,090,-1,0,0,3,1,12,5,1,2,00,2,0,2,200700057008B01,30,1,1
200700057016,2007-09-12,2007,septembre,mercredi,16:40,62,62737,0,0,2,3,3,1,1,4,4,02,1,1,000,049,1,0,1,3,2,9,5,1,9,00,2,1,19,200700057016B01,7,15,1
200700057016,2007-09-12,2007,septembre,mercredi,16:40,62,62737,0,0,2,3,3,1,1,4,4,02,1,1,000,049,1,0,1,1,1,6,0,1,9,00,2,1,19,200700057016B01,7,15,1
200700057018,2007-09-13,2007,septembre,jeudi,12:20,62,62617,0,0,2,3,3,1,1,4,1,01,1,1,000,052,1,0,1,3,2,42,1,0,0,00,2,1,1,200700057018B01,7,0,1
200700057032,2007-09-10,2007,septembre,lundi,12:25,63,63113,0,0,2,3,3,1,1,4,2,02,1,1,000,000,1,5,1,3,1,46,5,1,2,00,2,1,1,200700057032A01,7,1,1
200700057043,2007-09-13,2007,septembre,jeudi,21:10,63,63113,0,0,2,1,3,5,1,4,2,02,1,1,000,070,1,0,1,4,1,12,0,1,2,00,2,3,0,200700057043A01,7,1,1
200700057059,2007-09-21,2007,septembre,vendredi,14:25,63,63014,0,0,2,1,2,1,1,4,2,01,1,1,000,000,1,0,1,4,1,78,5,1,4,00,2,6,0,200700057059B01,7,0,1
200700057060,2007-09-21,2007,septembre,vendredi,17:20,63,63113,0,0,2,3,6,1,1,4,2,02,1,1,000,000,1,0,1,4,1,46,5,1,9,00,2,1,1,200700057060A01,7,1,1
200700057072,2007-09-10,2007,septembre,lundi,17:00,63,63164,0,0,1,2,3,1,1,4,2,02,1,1,000,068,1,0,1,3,1,55,5,1,2,00,2,1,1,200700057072B01,7,1,1
200700057078,2007-09-13,2007,septembre,jeudi,95:0,64,64102,0,0,2,6,3,1,1,4,1,03,1,1,020,080,1,0,1,3,1,65,5,1,2,00,2,3,1,200700057078B01,7,1,1
200700057079,2007-09-20,2007,septembre,jeudi,16:10,64,64102,0,0,2,1,3,1,1,4,1,03,1,3,000,065,1,0,1,4,2,40,5,1,9,00,2,8,19,200700057079B01,7,1,1
200700057091,2007-09-02,2007,septembre,dimanche,95:0,64,64445,0,0,2,6,3,1,1,4,2,02,1,1,000,073,1,0,1,3,2,66,5,1,9,00,2,7,1,200700057091B01,7,16,1
200700057099,2007-09-11,2007,septembre,mardi,15:30,64,64445,0,0,2,1,3,1,1,4,2,02,1,1,000,090,1,0,1,4,1,47,5,1,9,00,2,8,1,200700057099B01,7,1,1
200700057100,2007-09-11,2007,septembre,mardi,17:00,64,64445,0,0,2,1,6,1,1,4,1,01,1,2,000,000,1,0,1,4,1,61,5,1,9,00,2,7,1,200700057100B01,7,9,1
200700057102,2007-09-18,2007,septembre,mardi,15:55,64,64445,0,0,2,1,6,1,1,4,2,02,1,1,000,104,1,0,1,4,2,12,0,1,9,00,2,4,13,200700057102B01,7,22/13,2
200700057114,2007-09-27,2007,septembre,jeudi,81:5,64,64445,0,0,2,3,3,1,1,4,2,02,1,1,000,000,1,5,1,4,1,12,0,1,9,00,2,1,1,200700057114B01,7,15,1
200700057130,2007-09-20,2007,septembre,jeudi,16:39,65,65286,0,0,2,3,4,1,1,4,2,02,4,1,000,063,1,0,1,4,1,60,5,1,2,00,0,4,1,200700057130B01,33/ 7,1,2
200700057138,2007-09-11,2007,septembre,mardi,14:40,65,65440,0,0,2,1,6,1,1,4,2,02,1,1,000,060,1,0,1,3,1,68,9,1,2,00,2,7,1,200700057138B01,7,22,1
200700057154,2007-09-25,2007,septembre,mardi,85:0,65,65440,0,0,2,2,3,1,2,4,1,01,1,1,000,043,2,0,1,4,1,27,0,1,9,00,2,0,1,200700057154A01,7,1,1
200700057168,2007-09-06,2007,septembre,jeudi,17:35,67,67180,0,0,1,1,3,1,2,3,2,02,2,3,000,058,2,0,1,3,1,11,2,0,0,00,2,1,1,200700057168A01,7,2,1
200700057172,2007-09-01,2007,septembre,samedi,17:45,67,67482,0,0,2,1,1,1,1,4,2,02,1,4,000,030,1,0,5,4,1,57,5,0,0,00,2,1,1,200700057172B01,30,1,1
200700057173,2007-09-03,2007,septembre,lundi,11:45,67,67482,0,0,2,1,3,1,1,4,1,03,1,1,028,090,1,0,1,4,2,24,0,1,9,00,2,8,0,200700057173A01,7,1,1
200700057176,2007-09-04,2007,septembre,mardi,16:30,67,67482,0,0,2,2,6,1,1,4,2,02,1,1,066,136,1,0,4,4,1,35,5,1,9,00,2,1,1,200700057176A01,1,1,1
200700057176,2007-09-04,2007,septembre,mardi,16:30,67,67482,0,0,2,2,6,1,1,4,2,02,1,1,066,136,1,0,4,1,1,27,5,1,9,00,2,1,1,200700057176B01,1,1,1
200700057177,2007-09-04,2007,septembre,mardi,17:10,67,67482,0,0,2,1,3,1,1,4,2,02,1,1,000,104,2,0,0,3,1,5,5,1,9,00,2,1,19,200700057177A01,7,1,1
200700057181,2007-09-07,2007,septembre,vendredi,62:0,67,67482,0,0,2,1,2,5,1,4,2,01,1,1,000,040,1,0,1,3,1,26,9,1,4,00,2,4,1,200700057181B01,7,17,1
200700057182,2007-09-07,2007,septembre,vendredi,85:0,67,67482,0,0,2,2,3,1,1,4,2,02,1,1,000,060,1,0,1,4,2,44,1,1,9,00,2,1,1,200700057182B01,7,15,1
200700057199,2007-09-18,2007,septembre,mardi,21:15,67,67482,0,0,2,2,3,5,1,4,1,01,1,1,000,057,1,0,1,4,1,33,5,1,9,00,2,3,15,200700057199A01,7,1,1