Num_Acc,date,an,mois,jour,hrmn,dep,com,lat,long,agg,int,col,lum,atm,catr,circ,nbv,prof,plan,lartpc,larrout,surf,infra,situ,grav,sexe,age,trajet,secuexist,equipement,obs,obsm,choc,manv,vehiculeid,typevehicules,manoeuvehicules,numVehicules
200700057200,2007-09-20,2007,septembre,jeudi,65:5,67,67482,0,0,2,3,3,1,1,4,1,04,1,1,000,129,1,0,1,4,2,37,1,1,2,00,2,1,19,200700057200B01,7,16,1
200700057204,2007-09-21,2007,septembre,vendredi,74:0,67,67447,0,0,2,1,1,1,1,4,2,02,1,1,000,095,1,0,1,4,2,20,1,1,2,00,2,1,1,200700057204B01,7,9,1
200700057205,2007-09-21,2007,septembre,vendredi,11:30,67,67218,0,0,2,3,3,1,1,4,2,02,1,1,000,060,1,0,1,4,2,18,2,1,9,00,2,3,15,200700057205B01,7,1,1
200700057216,2007-09-26,2007,septembre,mercredi,17:45,67,67447,0,0,2,4,3,2,2,4,1,01,1,1,000,090,2,0,1,4,1,31,9,1,9,00,2,1,15,200700057216B01,7,1,1
200700057218,2007-09-27,2007,septembre,jeudi,18:00,67,67482,0,0,2,1,3,1,1,4,2,02,1,1,000,057,1,0,1,4,1,36,4,1,2,00,2,3,19,200700057218A01,7,1,1
200700057219,2007-09-28,2007,septembre,vendredi,5:,67,67482,0,0,2,3,3,5,1,4,1,01,1,1,000,080,1,0,1,4,2,24,0,1,2,00,2,1,1,200700057219A01,7,1,1
200700057223,2007-09-29,2007,septembre,samedi,19:10,67,67482,0,0,2,3,6,3,1,4,1,01,1,1,000,040,1,0,1,4,1,49,0,1,9,00,2,0,0,200700057223B01,7,1,1
200700057224,2007-09-30,2007,septembre,dimanche,17:00,67,67218,0,0,2,3,3,1,1,4,2,01,1,1,000,052,1,0,0,4,1,13,5,1,9,00,2,1,1,200700057224A01,7,1,1
200700057226,2007-09-06,2007,septembre,jeudi,12:07,68,68066,0,0,2,2,6,1,1,3,1,04,1,1,000,160,1,0,1,1,1,27,1,1,2,00,1,1,1,200700057226A01,,,
200700057229,2007-09-10,2007,septembre,lundi,80:5,68,68066,0,0,2,4,3,1,1,3,2,03,1,2,000,090,1,0,1,4,1,28,1,1,2,00,2,0,1,200700057229B01,14,16,1
200700057230,2007-09-20,2007,septembre,jeudi,17:15,68,68066,0,0,2,3,3,1,1,4,1,01,1,1,000,063,1,0,1,3,2,8,0,1,2,00,2,8,5,200700057230B01,7,16,1
200700057233,2007-09-20,2007,septembre,jeudi,17:16,68,68066,0,0,2,6,3,1,1,3,1,01,1,2,000,090,1,0,1,3,2,19,2,1,2,00,2,1,1,200700057233B01,7,1,1
200700057236,2007-09-27,2007,septembre,jeudi,73:5,68,68066,0,0,2,2,6,1,1,3,1,03,1,1,000,110,1,0,1,4,1,31,1,1,2,00,2,3,1,200700057236B01,10,17,1
200700057248,2007-09-15,2007,septembre,samedi,16:00,68,68271,0,0,1,1,2,1,1,4,-1,01,1,1,000,000,9,0,0,4,2,10,5,0,0,00,0,4,2,200700057248B01,30,2,1
200700057259,2007-09-12,2007,septembre,mercredi,16:36,69,69029,0,0,2,1,6,1,1,4,2,02,1,1,000,000,1,0,1,3,1,60,0,0,0,00,2,2,15,200700057259B01,7,0,1
200700057270,2007-09-18,2007,septembre,mardi,18:59,69,69142,0,0,2,1,3,1,1,3,2,02,1,1,095,068,1,0,1,3,2,65,0,1,9,00,2,1,2,200700057270B01,18,2,1
200700057287,2007-09-28,2007,septembre,vendredi,15:10,69,69259,0,0,2,1,3,1,2,4,2,02,1,1,000,035,2,0,1,4,2,20,1,1,9,00,2,7,0,200700057287B01,7,1,1
200700057292,2007-09-12,2007,septembre,mercredi,13:50,69,69266,0,0,2,1,6,1,1,4,-1,00,1,1,000,035,1,0,4,1,2,11,5,1,9,00,1,1,1,200700057292A01,,,
200700057303,2007-09-20,2007,septembre,jeudi,94:0,69,69282,0,0,2,1,3,1,1,3,1,02,1,1,000,054,1,0,1,3,2,63,5,1,2,00,2,8,11,200700057303A01,7,1,1
200700057310,2007-09-25,2007,septembre,mardi,13:10,70,70513,0,0,1,1,3,1,1,4,2,02,1,1,000,069,1,0,1,3,1,22,1,1,4,00,0,3,15,200700057310B01,33,21,1
200700057327,2007-09-29,2007,septembre,samedi,18:30,71,71153,0,0,2,2,3,1,1,4,2,02,1,1,000,000,1,0,0,4,1,10,0,1,9,00,2,2,0,200700057327A01,7,1,1
200700057331,2007-09-11,2007,septembre,mardi,73:5,71,71270,0,0,2,2,3,2,1,3,1,01,1,1,000,060,1,0,0,4,1,27,5,1,9,00,0,7,5,200700057331A01,7,1,1
200700057335,2007-09-18,2007,septembre,mardi,21:10,71,71270,0,0,2,1,6,2,1,3,2,02,2,1,000,060,1,0,4,4,2,18,5,1,9,06,0,1,1,200700057335A01,,,
200700057346,2007-09-07,2007,septembre,vendredi,85:0,72,72181,0,0,2,1,3,1,1,3,3,02,1,1,000,026,1,0,1,4,2,12,0,1,2,00,2,1,15,200700057346A01,7,1,1
200700057366,2007-09-17,2007,septembre,lundi,11:25,72,72181,0,0,2,1,6,1,1,9,2,01,1,1,000,000,1,0,1,4,1,53,9,1,2,16,0,0,1,200700057366A01,,,
200700057373,2007-09-19,2007,septembre,mercredi,14:00,72,72181,0,0,2,1,3,1,1,9,2,02,1,1,000,000,1,0,1,4,1,47,1,1,2,01,0,7,1,200700057373B01,7,22,1
200700057375,2007-09-20,2007,septembre,jeudi,20:30,72,72181,0,0,2,1,1,1,1,9,2,04,2,1,000,140,1,0,1,4,1,30,9,1,2,00,2,1,1,200700057375A01,7,1,1
200700057423,2007-09-08,2007,septembre,samedi,15:45,76,76447,0,0,2,1,3,1,1,6,-1,01,1,1,000,040,1,6,0,3,1,15,5,1,2,00,2,1,0,200700057423B01,7,0,1
200700057437,2007-09-03,2007,septembre,lundi,17:45,76,76540,0,0,2,1,7,1,1,3,-1,02,1,1,000,060,1,0,1,4,1,56,0,1,2,00,0,1,0,200700057437A01,,,
200700057445,2007-09-08,2007,septembre,samedi,20:15,76,76366,0,0,2,1,3,2,1,4,2,01,1,1,000,053,1,0,1,1,1,16,5,1,9,00,2,1,13,200700057445A01,30,17,1
200700057454,2007-09-11,2007,septembre,mardi,10:30,76,76681,0,0,2,1,1,1,1,4,2,02,1,1,020,060,1,0,1,3,1,89,0,0,0,00,2,0,0,200700057454B01,7,13,1
200700057467,2007-09-19,2007,septembre,mercredi,20:15,76,76540,0,0,2,1,3,5,1,3,3,06,1,1,000,000,1,0,1,4,2,25,0,1,2,00,2,0,17,200700057467B01,37,1,1
200700057501,2007-09-13,2007,septembre,jeudi,21:10,77,77518,0,0,1,1,1,3,1,4,1,01,2,1,000,030,1,0,1,4,1,46,3,1,9,13,0,1,5,200700057501A01,1,0,1
200700057501,2007-09-13,2007,septembre,jeudi,21:10,77,77518,0,0,1,1,1,3,1,4,1,01,2,1,000,030,1,0,1,3,1,52,0,1,9,13,0,1,0,200700057501B01,1,5,1
200700057526,2007-09-27,2007,septembre,jeudi,18:00,77,77284,0,0,2,1,2,1,1,4,1,02,1,1,000,060,1,0,1,4,1,14,5,1,2,00,0,4,1,200700057526B01,7,2,1
200700057530,2007-09-13,2007,septembre,jeudi,83:5,77,77288,0,0,2,3,3,1,1,4,2,02,1,-1,000,000,1,0,1,4,2,38,1,1,9,00,2,1,1,200700057530B01,7,15,1
200700057531,2007-09-18,2007,septembre,mardi,13:35,77,77288,0,0,2,1,6,1,1,4,2,02,1,1,000,060,1,0,1,1,1,15,2,1,9,00,1,1,1,200700057531A01,,,
200700057531,2007-09-18,2007,septembre,mardi,13:35,77,77288,0,0,2,1,6,1,1,4,2,02,1,1,000,060,1,0,1,4,1,20,0,1,9,00,1,1,1,200700057531A01,,,
200700057541,2007-09-26,2007,septembre,mercredi,15:45,77,77294,0,0,2,1,3,1,8,4,2,02,1,1,000,050,2,0,1,4,1,14,0,0,0,00,0,8,13,200700057541B01,7,21,1
200700057567,2007-09-29,2007,septembre,samedi,11:50,78,78172,0,0,2,2,3,1,8,3,2,02,1,1,000,140,1,5,1,3,1,87,5,1,9,00,2,7,1,200700057567B01,7,9,1
200700057571,2007-09-05,2007,septembre,mercredi,13:15,78,78208,0,0,2,1,3,1,1,4,4,01,1,-1,000,050,1,0,1,4,2,57,1,1,9,00,2,8,1,200700057571B01,10,20,1
200700057575,2007-09-20,2007,septembre,jeudi,18:10,78,78208,0,0,2,1,3,1,1,4,2,02,1,1,000,075,1,0,1,4,2,14,5,1,2,00,2,2,19,200700057575A01,7,1,1
200700057579,2007-09-08,2007,septembre,samedi,11:05,78,78423,0,0,2,1,3,1,1,4,2,00,1,1,000,000,1,0,1,4,2,14,0,1,9,00,2,7,1,200700057579A01,7,1,1
200700057647,2007-09-17,2007,septembre,lundi,12:15,78,78686,0,0,2,1,2,1,1,2,2,02,1,2,000,000,1,0,1,4,1,23,1,1,2,00,2,4,1,200700057647B01,7,1,1
200700057657,2007-09-12,2007,septembre,mercredi,17:40,78,78646,0,0,2,3,3,1,1,4,2,02,1,1,000,090,1,0,1,4,2,60,5,1,2,00,2,1,16,200700057657A01,1,1,1
200700057657,2007-09-12,2007,septembre,mercredi,17:40,78,78646,0,0,2,3,3,1,1,4,2,02,1,1,000,090,1,0,1,1,1,16,5,1,2,00,2,4,1,200700057657B01,1,16,1
200700057658,2007-09-13,2007,septembre,jeudi,16:30,78,78117,0,0,1,1,3,1,1,4,2,02,1,2,000,110,1,0,1,3,1,68,5,1,2,12,2,1,1,200700057658B01,14,21,1
200700057673,2007-09-06,2007,septembre,jeudi,16:50,80,80021,0,0,2,1,2,1,1,4,2,02,2,1,000,060,1,0,1,4,1,41,1,1,9,00,2,1,1,200700057673A01,7,1,1
200700057674,2007-09-06,2007,septembre,jeudi,16:35,80,80021,0,0,2,1,3,1,1,4,2,02,1,1,000,060,1,0,1,4,1,16,9,1,9,00,2,3,19,200700057674B01,2,1,1
200700057681,2007-09-13,2007,septembre,jeudi,17:50,80,80021,0,0,2,1,6,1,1,4,1,01,1,1,000,080,1,0,1,1,1,24,5,1,9,00,1,1,1,200700057681A01,,,
200700057698,2007-09-29,2007,septembre,samedi,12:10,80,80021,0,0,2,1,6,1,8,4,2,02,1,1,000,085,1,0,1,4,1,34,4,1,9,01,2,7,1,200700057698B01,7,1,1
200700057701,2007-09-19,2007,septembre,mercredi,14:00,81,81004,0,0,2,1,2,1,1,3,2,02,1,1,000,070,1,0,1,3,1,42,5,1,2,00,0,4,1,200700057701B01,7,1,1
200700057742,2007-09-29,2007,septembre,samedi,11:50,83,83141,0,0,2,1,2,1,1,3,2,01,1,1,000,056,1,0,1,3,2,49,5,1,2,00,2,1,2,200700057742B01,7,4,1
200700057756,2007-09-21,2007,septembre,vendredi,13:05,83,83129,0,0,2,1,3,1,1,3,1,01,1,1,020,040,1,0,5,3,1,55,5,1,2,12,2,0,1,200700057756B01,7,23,1
200700057760,2007-09-15,2007,septembre,samedi,13:10,83,83009,0,0,2,1,3,1,1,3,2,02,1,1,000,074,1,0,1,3,2,53,5,1,9,15,2,0,2,200700057760A01,7,2,1
200700057810,2007-09-06,2007,septembre,jeudi,11:59,83,83062,0,0,2,1,6,1,7,4,2,02,1,-1,000,000,1,0,4,3,1,41,9,1,9,00,0,1,0,200700057810A01,,,
200700057828,2007-09-27,2007,septembre,jeudi,80:0,84,84007,0,0,2,1,3,1,1,2,1,02,1,2,250,080,1,0,1,4,1,48,9,1,9,00,2,8,1,200700057828B01,10,12,1
200700057832,2007-09-03,2007,septembre,lundi,11:15,84,84035,0,0,2,2,3,1,1,4,2,02,1,1,000,067,1,0,1,3,2,69,0,1,9,00,2,1,1,200700057832B01,17,16,1
200700057838,2007-09-20,2007,septembre,jeudi,11:35,84,84087,0,0,2,1,3,1,1,4,2,03,1,1,009,113,1,0,1,4,1,68,5,1,2,00,2,1,1,200700057838B01,7,15,1
200700057846,2007-09-07,2007,septembre,vendredi,75:0,85,85194,0,0,2,6,7,1,1,4,2,02,1,3,000,000,1,0,0,1,1,15,2,1,9,00,0,0,2,200700057846A01,4,2,1
200700057852,2007-09-21,2007,septembre,vendredi,16:10,85,85194,0,0,2,1,3,1,1,4,2,02,1,1,000,000,1,0,1,4,1,13,2,1,9,00,2,4,15,200700057852B01,2,17,1
200700057853,2007-09-21,2007,septembre,vendredi,16:45,85,85194,0,0,2,1,1,1,1,4,2,02,1,4,000,060,1,0,5,3,1,63,5,1,9,00,2,1,2,200700057853A01,1,19,1
200700057853,2007-09-21,2007,septembre,vendredi,16:45,85,85194,0,0,2,1,1,1,1,4,2,02,1,4,000,060,1,0,5,4,1,47,5,1,9,00,2,1,19,200700057853B01,1,2,1
200700057855,2007-09-28,2007,septembre,vendredi,17:00,85,85194,0,0,2,1,3,1,1,3,2,02,1,1,000,064,1,0,1,4,1,37,2,1,9,00,2,1,2,200700057855B01,7,22,1
200700057866,2007-09-13,2007,septembre,jeudi,14:50,86,86194,0,0,2,2,3,1,1,4,2,02,1,1,000,070,1,0,1,4,2,18,9,1,9,00,2,5,1,200700057866B01,7,1,1
200700057891,2007-09-11,2007,septembre,mardi,18:51,87,87085,0,0,2,1,3,1,1,4,2,02,1,1,000,060,1,0,5,4,1,33,9,1,2,01,0,1,2,200700057891B01,7,22,1
200700057895,2007-09-13,2007,septembre,jeudi,12:01,87,87085,0,0,2,1,7,1,1,4,3,04,-1,1,010,120,1,0,1,3,1,57,1,1,2,00,0,0,1,200700057895A01,,,
200700057922,2007-09-25,2007,septembre,mardi,17:25,87,87085,0,0,2,1,6,1,1,4,2,03,-1,1,000,090,1,0,1,1,1,38,1,1,2,00,1,1,1,200700057922A01,,,
200700057929,2007-09-28,2007,septembre,vendredi,19:01,87,87085,0,0,2,2,1,1,1,4,1,01,1,1,000,030,1,0,1,3,1,32,9,0,0,00,2,1,2,200700057929A01,7,2,1
200700057940,2007-09-13,2007,septembre,jeudi,15:05,88,88160,0,0,1,1,2,1,1,3,2,02,1,1,000,065,1,0,1,3,1,65,5,1,2,00,2,4,1,200700057940B01,7,2,1
200700057956,2007-09-01,2007,septembre,samedi,15:30,90,90001,0,0,2,1,1,1,1,6,2,02,1,3,000,029,1,2,5,4,1,18,5,1,2,00,2,1,1,200700057956A01,1,1,1
200700057956,2007-09-01,2007,septembre,samedi,15:30,90,90001,0,0,2,1,1,1,1,6,2,02,1,3,000,029,1,2,5,4,1,46,5,1,2,00,2,1,1,200700057956B01,1,1,1
200700057971,2007-09-14,2007,septembre,vendredi,94:0,91,91114,0,0,2,1,3,1,1,4,2,04,1,1,056,064,1,0,1,3,1,17,2,1,9,00,2,8,1,200700057971B01,7,1,1
200700057977,2007-09-03,2007,septembre,lundi,13:00,91,91201,0,0,2,1,6,1,1,4,2,00,1,1,000,000,1,0,1,4,2,1,9,1,9,00,2,1,1,200700057977A01,7,1,1
200700057978,2007-09-05,2007,septembre,mercredi,82:0,91,91201,0,0,2,1,6,1,1,4,2,00,1,1,000,000,1,0,1,4,1,16,9,1,9,00,2,1,1,200700057978B01,7,1,1
200700057993,2007-09-14,2007,septembre,vendredi,20:55,91,91228,0,0,2,2,3,5,1,4,3,02,1,1,000,000,1,0,1,4,1,44,9,1,2,00,2,1,1,200700057993B01,7,15,1
200700058019,2007-09-04,2007,septembre,mardi,16:45,91,91692,0,0,2,1,2,1,1,4,2,02,1,1,000,104,1,0,1,4,1,19,3,1,2,00,2,1,2,200700058019B01,7,23,1
200700058029,2007-09-17,2007,septembre,lundi,75:0,92,92004,0,0,2,2,2,1,1,4,1,01,-1,-1,000,000,1,0,1,4,1,30,1,1,2,00,2,4,0,200700058029B01,7,0,1
200700058030,2007-09-17,2007,septembre,lundi,13:30,92,92009,0,0,2,1,6,1,1,4,2,02,1,1,000,050,1,0,1,4,2,16,0,1,9,00,1,1,21,200700058030A01,,,
200700058035,2007-09-27,2007,septembre,jeudi,82:5,92,92009,0,0,2,3,6,1,1,4,1,01,1,1,000,025,1,0,1,4,1,10,9,1,9,00,2,8,19,200700058035B01,10,1,1
200700058042,2007-09-12,2007,septembre,mercredi,14:24,92,92012,0,0,2,6,2,1,1,3,1,00,-1,3,000,125,1,0,1,3,1,54,1,1,2,00,2,1,21,200700058042A01,1,2,1
200700058042,2007-09-12,2007,septembre,mercredi,14:24,92,92012,0,0,2,6,2,1,1,3,1,00,-1,3,000,125,1,0,1,1,1,10,5,1,2,00,0,4,2,200700058042B01,1,21,1
200700058066,2007-09-25,2007,septembre,mardi,17:17,92,92071,0,0,2,1,6,1,1,3,2,02,1,1,000,040,1,0,3,4,1,24,2,1,2,00,2,2,1,200700058066B01,7,22,1
200700058077,2007-09-18,2007,septembre,mardi,11:20,92,92024,0,0,2,1,2,1,1,4,1,03,1,1,000,000,1,0,1,4,1,26,0,1,9,00,2,4,12,200700058077B01,33,1,1
200700058110,2007-09-17,2007,septembre,lundi,5:,92,92036,0,0,2,1,2,5,1,3,1,02,1,1,000,040,1,0,1,3,1,61,5,1,2,00,0,4,1,200700058110B01,7,9,1
200700058116,2007-09-25,2007,septembre,mardi,92:0,92,92036,0,0,2,2,6,1,1,3,1,03,1,1,000,100,1,0,1,1,1,28,1,1,9,00,1,1,1,200700058116A01,,,
200700058144,2007-09-06,2007,septembre,jeudi,73:0,92,92050,0,0,2,1,2,2,1,3,3,04,4,1,000,160,1,0,1,4,1,33,1,1,9,00,2,3,1,200700058144B01,7,16,1
200700058216,2007-09-11,2007,septembre,mardi,12:20,93,93001,0,0,2,1,1,1,1,4,1,01,1,-1,000,080,1,0,1,3,1,17,2,1,9,00,9,1,0,200700058216B01,2,5,1
200700058219,2007-09-15,2007,septembre,samedi,16:25,93,93001,0,0,2,1,3,1,1,3,2,04,1,1,000,120,1,0,1,3,1,9,0,1,2,00,2,1,19,200700058219A01,30,1,1
200700058220,2007-09-18,2007,septembre,mardi,20:00,93,93001,0,0,2,1,6,1,1,4,-1,00,1,-1,000,000,1,6,4,1,1,19,0,1,9,00,1,0,0,200700058220A01,,,
200700058224,2007-09-01,2007,septembre,samedi,18:00,93,93005,0,0,2,2,3,1,1,2,3,02,1,1,000,000,1,5,1,3,1,47,5,1,9,00,0,3,1,200700058224B01,7,12,1
200700058294,2007-09-01,2007,septembre,samedi,22:30,93,93045,0,0,2,2,3,5,1,3,3,02,1,1,000,000,1,0,1,3,1,13,0,1,9,00,0,0,19,200700058294B01,7,15,1
200700058317,2007-09-04,2007,septembre,mardi,85:0,93,93046,0,0,2,1,3,1,1,2,1,02,1,1,000,000,1,0,4,4,1,22,0,1,9,00,0,0,0,200700058317A01,7,0,1
200700058321,2007-09-16,2007,septembre,dimanche,11:30,93,93046,0,0,2,3,3,1,1,4,2,02,1,1,000,045,1,0,1,4,2,78,3,1,9,00,2,8,1,200700058321B01,7,10,1
200700058329,2007-09-04,2007,septembre,mardi,13:10,93,93048,0,0,2,1,2,1,1,4,1,01,1,1,000,000,1,0,1,4,2,41,1,1,9,00,2,1,2,200700058329B01,10,4,1
200700058345,2007-09-15,2007,septembre,samedi,20:35,93,93033,0,0,2,1,1,3,1,6,2,02,1,-1,000,015,1,0,5,4,1,44,5,1,2,00,2,1,1,200700058345A01,1,5,1
200700058345,2007-09-15,2007,septembre,samedi,20:35,93,93033,0,0,2,1,1,3,1,6,2,02,1,-1,000,015,1,0,5,3,1,44,0,1,2,00,2,1,5,200700058345B01,1,1,1
200700058362,2007-09-16,2007,septembre,dimanche,17:46,93,93014,0,0,2,1,6,1,1,4,-1,04,2,1,010,050,1,0,1,3,1,10,5,1,9,00,2,1,19,200700058362B01,7,1,1
200700058404,2007-09-25,2007,septembre,mardi,17:45,93,93070,0,0,2,3,6,1,1,9,1,01,1,1,000,050,2,0,1,4,1,24,5,1,9,00,0,0,0,200700058404C01,7,2/16,2
200700058407,2007-09-14,2007,septembre,vendredi,14:55,93,93071,0,0,2,3,2,1,1,4,2,02,1,1,000,060,1,5,1,3,2,37,4,1,9,00,2,4,2,200700058407A01,2,2,1
200700058409,2007-09-19,2007,septembre,mercredi,19:20,93,93071,0,0,2,1,3,2,1,4,2,02,1,2,000,000,1,0,1,3,1,9,5,1,4,00,2,8,19,200700058409B01,7,1,1
200700058410,2007-09-20,2007,septembre,jeudi,18:20,93,93072,0,0,2,3,6,1,1,4,2,02,1,1,000,109,1,0,1,3,1,19,4,1,2,00,9,4,0,200700058410B01,34,2,1
200700058449,2007-09-30,2007,septembre,dimanche,13:40,94,94017,0,0,2,3,1,1,1,2,2,02,1,1,000,070,1,0,1,4,1,17,5,1,2,00,2,1,9,200700058449B01,10,1,1
200700058452,2007-09-10,2007,septembre,lundi,11:55,94,94069,0,0,2,1,2,1,1,4,2,01,2,1,000,149,1,0,1,4,1,66,5,1,2,00,0,1,2,200700058452A01,7,0,1
200700058454,2007-09-29,2007,septembre,samedi,19:15,94,94018,0,0,2,1,7,1,1,3,2,02,1,1,000,086,1,0,1,3,1,37,5,1,9,00,0,0,1,200700058454B01,30,1,1
200700058458,2007-09-09,2007,septembre,dimanche,18:45,94,94055,0,0,2,2,7,1,1,4,1,02,1,1,000,590,1,0,1,3,1,10,0,0,0,00,0,0,19,200700058458B01,7,0,1
200700058467,2007-09-25,2007,septembre,mardi,80:0,94,94022,0,0,2,3,6,1,1,4,2,02,1,-1,001,060,1,0,1,4,2,83,5,0,0,00,2,4,1,200700058467B01,7,15,1
200700058481,2007-09-13,2007,septembre,jeudi,19:40,94,94028,0,0,2,1,3,1,1,4,-1,02,1,1,000,060,-1,0,1,4,1,38,5,1,9,00,2,1,0,200700058481B01,7,15,1
200700058493,2007-09-01,2007,septembre,samedi,16:30,94,94033,0,0,2,2,3,1,1,4,2,02,1,1,000,050,1,0,1,4,1,10,9,1,9,00,2,0,1,200700058493B01,7,1,1
200700058508,2007-09-17,2007,septembre,lundi,95:0,94,94003,0,0,2,1,3,1,1,4,2,00,1,1,000,000,1,0,1,4,1,47,0,0,0,00,1,1,1,200700058508B01,7,14,1
200700058539,2007-09-20,2007,septembre,jeudi,22:00,94,94041,0,0,2,1,3,5,1,3,2,02,1,1,000,000,-1,0,1,4,1,26,0,1,9,00,2,3,2,200700058539A01,37,17,1
200700058555,2007-09-25,2007,septembre,mardi,11:20,94,94042,0,0,2,1,3,1,1,3,3,02,1,1,000,070,1,0,1,4,2,61,5,1,2,00,2,1,11,200700058555A01,10,2,1
200700058590,2007-09-04,2007,septembre,mardi,17:55,95,95018,0,0,2,2,6,1,1,4,2,02,1,1,000,080,1,0,1,1,1,47,5,1,2,00,1,1,17,200700058590A01,,,
200700058617,2007-09-25,2007,septembre,mardi,85:0,95,95063,0,0,1,1,3,1,1,4,-1,02,1,1,000,000,1,0,1,4,2,39,1,1,9,00,2,1,1,200700058617B01,7,1,1
200700058626,2007-09-30,2007,septembre,dimanche,23:40,95,95598,0,0,2,2,3,5,1,3,2,00,1,1,000,052,1,0,1,4,1,64,1,1,9,00,2,1,1,200700058626B01,7,15,1
200700058628,2007-09-09,2007,septembre,dimanche,90:0,95,95426,0,0,2,1,6,1,1,3,1,01,1,1,000,040,1,0,1,3,1,44,5,1,2,00,2,1,1,200700058628B01,7,4,1
200700058633,2007-09-19,2007,septembre,mercredi,82:0,95,95252,0,0,2,1,6,1,1,4,3,02,1,1,000,000,1,0,1,4,1,16,2,1,2,00,2,7,15,200700058633A01,31,15,1
200700058642,2007-09-12,2007,septembre,mercredi,82:0,95,95306,0,0,2,1,2,1,1,3,3,04,1,1,016,208,1,0,1,3,1,55,0,1,9,00,0,4,0,200700058642A01,7,9,1
200700058857,2007-09-19,2007,septembre,mercredi,17:11,91,91549,0,0,1,1,3,1,1,2,1,01,2,1,000,035,1,0,5,4,2,29,5,0,0,00,2,8,19,200700058857B01,7,1,1
200700058909,2007-09-17,2007,septembre,lundi,82:5,69,69382,0,0,2,2,3,1,1,4,-1,01,1,1,000,126,1,6,1,4,2,24,1,1,2,00,2,7,1,200700058909A01,7,1,1
200700058952,2007-09-08,2007,septembre,samedi,21:10,69,69383,0,0,2,1,3,5,1,4,1,02,1,1,000,000,1,0,1,4,2,35,5,1,2,00,2,8,1,200700058952B01,7,12,1
200700058953,2007-09-09,2007,septembre,dimanche,14:0,69,69383,0,0,2,1,6,5,1,4,1,06,1,1,000,000,1,2,5,4,2,23,5,1,9,00,2,1,1,200700058953A01,1,1,1
200700058953,2007-09-09,2007,septembre,dimanche,14:0,69,69383,0,0,2,1,6,5,1,4,1,06,1,1,000,000,1,2,5,1,2,23,5,1,9,00,2,1,1,200700058953B01,1,1,1
200700058962,2007-09-14,2007,septembre,vendredi,80:5,69,69383,0,0,2,1,6,1,1,4,3,04,1,1,000,000,1,0,1,4,1,41,1,1,9,01,0,1,1,200700058962B01,10,22,1
200700058971,2007-09-18,2007,septembre,mardi,81:5,69,69383,0,0,2,1,3,1,2,4,2,02,1,1,000,000,2,0,1,4,1,53,4,1,2,00,2,1,1,200700058971B01,7,9,1
200700058980,2007-09-21,2007,septembre,vendredi,82:0,69,69384,0,0,2,1,6,1,1,4,2,03,1,1,000,084,1,0,1,4,1,50,0,1,2,00,2,1,3,200700058980B01,7,22,1
200700059003,2007-09-07,2007,septembre,vendredi,81:0,69,69385,0,0,2,1,3,1,1,4,2,02,1,1,000,000,1,0,1,3,1,13,2,1,2,00,2,7,19,200700059003B01,7,1,1
200700059023,2007-09-15,2007,septembre,samedi,19:00,69,69387,0,0,2,1,6,2,1,4,1,02,1,1,000,080,1,0,1,4,2,25,1,1,9,00,2,3,15,200700059023A01,33,1,1
200700059024,2007-09-16,2007,septembre,dimanche,14:05,69,69387,0,0,2,1,6,1,1,4,1,02,1,1,000,060,1,4,4,1,2,39,5,1,9,00,1,1,1,200700059024A01,,,
200700059030,2007-09-28,2007,septembre,vendredi,73:0,69,69387,0,0,2,2,3,1,3,4,1,01,1,1,000,060,2,0,5,4,1,35,1,1,9,00,2,1,1,200700059030A01,7,1,1
200700059082,2007-09-14,2007,septembre,vendredi,10:25,69,69389,0,0,2,1,3,1,1,4,2,01,1,1,000,141,1,0,5,4,1,39,0,1,9,00,2,1,1,200700059082B01,7,15,1
200700059143,2007-09-01,2007,septembre,samedi,20:05,75,75101,0,0,2,2,3,2,1,4,2,00,1,1,000,090,1,0,1,4,2,26,5,1,9,00,2,7,15,200700059143A01,33,1,1
200700059145,2007-09-03,2007,septembre,lundi,85:5,75,75101,0,0,2,2,3,1,2,4,2,04,1,1,000,194,2,0,1,4,2,26,1,1,9,00,2,5,9,200700059145A01,33,1,1
200700059146,2007-09-02,2007,septembre,dimanche,22:02,75,75101,0,0,2,2,3,5,1,4,2,04,1,1,000,149,1,0,1,4,1,33,5,1,4,00,0,1,1,200700059146B01,32,11,1
200700059153,2007-09-13,2007,septembre,jeudi,22:14,75,75101,0,0,2,1,2,5,1,4,4,06,2,1,000,208,1,2,1,4,1,32,5,1,4,00,0,6,11,200700059153A01,33,1,1
200700059161,2007-09-27,2007,septembre,jeudi,84:5,75,75101,0,0,2,1,6,1,8,4,1,03,1,1,000,120,1,0,1,1,1,47,0,1,9,00,1,0,1,200700059161A01,,,
200700059165,2007-09-05,2007,septembre,mercredi,23:00,75,75102,0,0,2,2,3,5,1,4,1,04,1,1,000,000,1,0,1,4,2,26,0,1,9,00,0,8,11,200700059165A01,7,1,1
200700059182,2007-09-11,2007,septembre,mardi,13:05,75,75103,0,0,2,1,6,1,1,4,1,00,1,1,000,115,1,0,1,4,2,32,5,1,9,01,0,7,1,200700059182B01,7,22/0,2
200700059184,2007-09-12,2007,septembre,mercredi,80:0,75,75103,0,0,2,1,3,1,1,4,1,01,1,1,005,130,1,0,1,4,1,54,4,1,9,00,2,1,1,200700059184B01,10,0,1