Num_Acc,date,an,mois,jour,hrmn,dep,com,lat,long,agg,int,col,lum,atm,catr,circ,nbv,prof,plan,lartpc,larrout,surf,infra,situ,grav,sexe,age,trajet,secuexist,equipement,obs,obsm,choc,manv,vehiculeid,typevehicules,manoeuvehicules,numVehicules
200700059188,2007-09-23,2007,septembre,dimanche,13:00,75,75103,0,0,2,1,6,1,1,4,1,02,1,1,004,104,1,0,1,1,1,35,9,1,9,00,1,7,1,200700059188A01,,,
200700059190,2007-09-29,2007,septembre,samedi,17:35,75,75103,0,0,2,1,6,1,1,4,1,01,1,1,000,037,1,0,1,1,2,25,9,1,9,00,1,0,5,200700059190A01,,,
200700059206,2007-09-20,2007,septembre,jeudi,16:30,75,75104,0,0,2,1,3,1,1,4,1,02,1,1,000,000,1,0,1,4,1,67,5,1,9,00,0,0,2,200700059206B01,7,20,1
200700059215,2007-09-30,2007,septembre,dimanche,11:00,75,75104,0,0,2,1,6,1,1,4,1,04,1,1,007,138,1,0,1,4,2,23,5,1,9,00,1,1,7,200700059215A01,,,
200700059216,2007-09-02,2007,septembre,dimanche,23:55,75,75105,0,0,2,1,6,5,1,4,-1,01,1,1,000,000,1,0,1,1,1,45,5,1,9,00,1,7,1,200700059216A01,,,
200700059218,2007-09-06,2007,septembre,jeudi,17:45,75,75105,0,0,2,1,3,1,2,4,2,04,1,1,000,148,2,0,1,3,2,61,9,1,4,01,0,7,7,200700059218B01,7,22,1
200700059219,2007-09-06,2007,septembre,jeudi,18:45,75,75105,0,0,2,1,6,1,2,4,1,03,1,1,000,142,2,0,1,4,1,54,5,1,9,08,0,1,5,200700059219A01,,,
200700059222,2007-09-10,2007,septembre,lundi,16:25,75,75105,0,0,2,2,3,1,1,4,-1,03,-1,-1,000,135,1,0,1,4,1,51,4,1,9,00,2,8,19,200700059222B01,7,19,1
200700059224,2007-09-13,2007,septembre,jeudi,10:17,75,75105,0,0,2,1,3,1,1,4,2,02,2,1,000,116,1,0,1,4,2,35,1,0,0,00,2,7,19,200700059224A01,33,2,1
200700059230,2007-09-18,2007,septembre,mardi,74:5,75,75105,0,0,2,1,3,1,1,4,2,02,1,1,011,176,1,0,1,1,1,36,1,1,9,00,1,7,19,200700059230A01,33,19,1
200700059241,2007-09-29,2007,septembre,samedi,15:32,75,75105,0,0,2,1,7,1,1,4,1,03,1,1,100,110,1,0,5,4,2,31,5,1,9,00,0,1,1,200700059241A01,,,
200700059242,2007-09-01,2007,septembre,samedi,16:55,75,75106,0,0,2,1,3,1,1,2,1,02,1,-1,000,136,1,0,1,3,2,27,5,1,9,00,2,3,2,200700059242A01,38,17,1
200700059256,2007-09-24,2007,septembre,lundi,16:05,75,75106,0,0,2,1,3,1,1,4,2,02,1,1,000,086,1,0,1,4,2,58,5,1,9,01,0,1,2,200700059256B01,7,2,1
200700059267,2007-09-05,2007,septembre,mercredi,10:20,75,75107,0,0,2,1,3,1,1,4,1,01,1,1,021,057,1,0,1,4,1,49,5,1,9,00,2,1,2,200700059267B01,10,23,1
200700059270,2007-09-07,2007,septembre,vendredi,80:0,75,75107,0,0,2,1,3,1,1,4,1,01,1,1,000,070,1,0,1,4,1,15,2,1,9,00,0,1,2,200700059270B01,37,2,1
200700059282,2007-09-22,2007,septembre,samedi,15:25,75,75107,0,0,2,1,2,1,1,4,2,03,1,1,000,200,1,0,1,4,1,15,0,1,9,00,0,1,2,200700059282A01,7,23,1
200700059295,2007-09-08,2007,septembre,samedi,15:45,75,75108,0,0,2,1,6,1,1,4,1,01,1,1,000,056,1,0,1,4,1,36,0,1,4,00,1,1,0,200700059295A01,,,
200700059310,2007-09-19,2007,septembre,mercredi,16:50,75,75108,0,0,2,2,3,1,1,4,1,01,2,1,000,083,1,0,1,4,1,42,1,1,9,00,2,1,1,200700059310A01,7,1,1
200700059316,2007-09-24,2007,septembre,lundi,92:5,75,75108,0,0,2,1,3,1,1,4,2,02,2,1,000,126,1,0,1,4,2,31,1,1,2,01,0,1,1,200700059316B01,7,0,1
200700059317,2007-09-25,2007,septembre,mardi,14:50,75,75108,0,0,2,1,7,1,1,4,1,02,1,1,000,070,1,0,1,4,2,52,5,1,9,00,0,0,0,200700059317A01,,,
200700059348,2007-09-24,2007,septembre,lundi,20:25,75,75109,0,0,2,1,6,5,1,4,2,04,2,1,005,090,1,0,1,1,2,26,5,1,9,00,1,1,2,200700059348A01,,,
200700059361,2007-09-08,2007,septembre,samedi,14:50,75,75110,0,0,2,3,3,1,1,4,1,02,3,3,000,055,1,0,1,4,1,32,5,1,4,00,0,4,1,200700059361B01,7,16,1
200700059365,2007-09-11,2007,septembre,mardi,20:,75,75110,0,0,2,1,3,5,1,4,1,00,2,1,000,000,1,0,1,4,1,57,5,1,4,00,2,2,1,200700059365B01,7,11,1
200700059377,2007-09-18,2007,septembre,mardi,92:0,75,75110,0,0,2,2,3,1,1,4,2,02,2,1,000,150,1,5,1,4,1,41,1,1,4,00,2,1,1,200700059377B01,7,15,1
200700059390,2007-09-27,2007,septembre,jeudi,17:00,75,75110,0,0,2,1,3,1,1,4,1,01,1,1,000,025,1,0,1,4,2,32,5,1,9,01,0,2,2,200700059390B01,7,0,1
200700059392,2007-09-29,2007,septembre,samedi,18:10,75,75110,0,0,2,1,3,1,1,4,1,01,1,1,007,094,1,0,5,4,1,6,5,1,2,00,9,4,2,200700059392A01,1,2,1
200700059392,2007-09-29,2007,septembre,samedi,18:10,75,75110,0,0,2,1,3,1,1,4,1,01,1,1,007,094,1,0,5,1,2,30,5,1,9,00,9,1,2,200700059392B01,1,2,1
200700059402,2007-09-05,2007,septembre,mercredi,17:20,75,75111,0,0,2,2,3,1,1,4,2,00,1,1,000,064,1,0,1,1,1,34,5,1,9,00,0,5,1,200700059402B01,2,1,1
200700059406,2007-09-07,2007,septembre,vendredi,20:50,75,75111,0,0,2,5,7,5,1,4,1,02,1,1,000,120,1,0,1,4,1,46,5,1,4,00,0,2,1,200700059406A01,,,
200700059416,2007-09-18,2007,septembre,mardi,85:5,75,75111,0,0,2,1,7,1,1,4,1,01,1,1,000,057,1,0,1,4,2,55,1,1,9,00,0,0,0,200700059416A01,,,
200700059420,2007-09-19,2007,septembre,mercredi,19:00,75,75111,0,0,2,1,3,1,1,4,1,01,1,1,040,025,1,0,1,4,2,57,5,1,9,01,2,7,2,200700059420B01,7,2,1
200700059421,2007-09-20,2007,septembre,jeudi,10:46,75,75111,0,0,2,1,3,1,1,4,1,01,1,1,000,080,1,0,1,4,2,71,1,1,9,01,9,3,21,200700059421B01,10,22,1
200700059433,2007-09-26,2007,septembre,mercredi,15:20,75,75111,0,0,2,1,6,1,2,4,2,01,1,1,000,150,2,0,4,1,1,16,5,1,9,00,1,1,0,200700059433A01,,,
200700059438,2007-09-02,2007,septembre,dimanche,14:15,75,75112,0,0,2,3,3,1,1,9,-1,01,1,-1,050,038,1,6,0,4,2,62,5,1,9,00,2,1,1,200700059438A01,1,1,1
200700059438,2007-09-02,2007,septembre,dimanche,14:15,75,75112,0,0,2,3,3,1,1,9,-1,01,1,-1,050,038,1,6,0,1,1,8,5,1,9,00,2,1,1,200700059438B01,1,1,1
200700059439,2007-09-03,2007,septembre,lundi,12:45,75,75112,0,0,2,1,6,1,1,4,2,02,1,1,000,140,1,0,1,4,2,44,5,1,9,00,0,5,1,200700059439B01,2,18,1
200700059441,2007-09-03,2007,septembre,lundi,19:20,75,75112,0,0,2,1,7,1,1,4,1,01,1,4,000,050,1,0,5,4,1,18,5,1,9,00,0,7,0,200700059441A01,,,
200700059443,2007-09-04,2007,septembre,mardi,11:30,75,75112,0,0,2,1,7,1,1,4,1,01,1,1,000,066,8,0,1,4,2,55,0,1,4,00,0,0,5,200700059443A01,,,
200700059445,2007-09-04,2007,septembre,mardi,17:00,75,75112,0,0,2,1,7,1,1,4,1,04,2,1,000,120,1,2,1,3,1,38,1,1,9,00,0,0,11,200700059445A01,,,
200700059447,2007-09-05,2007,septembre,mercredi,18:50,75,75112,0,0,2,1,6,1,1,4,2,02,1,1,000,116,1,0,1,4,2,27,1,1,2,00,1,1,1,200700059447A01,,,
200700059450,2007-09-08,2007,septembre,samedi,14:35,75,75112,0,0,2,1,3,1,1,4,2,02,1,1,000,081,1,0,1,4,1,60,0,1,9,00,2,2,1,200700059450B01,7,1,1
200700059461,2007-09-15,2007,septembre,samedi,13:20,75,75112,0,0,2,3,1,1,1,4,2,02,1,1,000,200,1,0,1,4,1,33,5,1,9,00,2,1,1,200700059461B01,7,15,1
200700059465,2007-09-16,2007,septembre,dimanche,12:00,75,75112,0,0,1,1,6,1,1,4,1,01,1,3,056,056,1,0,5,4,1,43,5,1,2,00,0,4,0,200700059465A01,1,2,1
200700059466,2007-09-17,2007,septembre,lundi,19:55,75,75112,0,0,2,1,3,5,2,4,2,02,1,1,000,070,2,0,1,4,1,26,4,1,9,00,2,1,1,200700059466B01,7,10,1
200700059468,2007-09-18,2007,septembre,mardi,11:50,75,75112,0,0,2,1,6,1,1,4,2,02,2,1,000,077,1,0,1,4,1,43,5,1,2,00,0,3,0,200700059468A01,,,
200700059472,2007-09-23,2007,septembre,dimanche,14:00,75,75112,0,0,2,1,3,1,1,4,1,01,1,-1,000,038,1,0,1,1,1,48,5,1,9,00,1,1,0,200700059472A01,1,0,1
200700059472,2007-09-23,2007,septembre,dimanche,14:00,75,75112,0,0,2,1,3,1,1,4,1,01,1,-1,000,038,1,0,1,4,2,51,5,1,9,00,0,0,0,200700059472B01,1,0,1
200700059473,2007-09-23,2007,septembre,dimanche,16:25,75,75112,0,0,2,2,2,1,1,4,2,02,1,1,000,070,1,0,1,4,1,39,5,1,9,00,0,4,1,200700059473B01,7,1,1
200700059474,2007-09-23,2007,septembre,dimanche,17:20,75,75112,0,0,2,1,2,1,1,4,-1,01,1,1,000,000,1,0,5,3,1,29,5,1,2,00,2,1,0,200700059474A01,1,0,1
200700059474,2007-09-23,2007,septembre,dimanche,17:20,75,75112,0,0,2,1,2,1,1,4,-1,01,1,1,000,000,1,0,5,4,1,42,5,1,2,00,2,4,0,200700059474B01,1,0,1
200700059481,2007-09-30,2007,septembre,dimanche,10:00,75,75112,0,0,2,1,3,1,1,4,3,06,1,-1,001,190,1,2,1,4,1,42,5,1,9,00,0,4,2,200700059481B01,7,12,1
200700059482,2007-09-02,2007,septembre,dimanche,41:5,75,75113,0,0,2,1,6,5,1,9,-1,00,-1,-1,000,000,1,6,4,4,1,21,5,1,9,09,0,0,0,200700059482A01,,,
200700059485,2007-09-03,2007,septembre,lundi,18:00,75,75113,0,0,2,3,3,1,1,4,2,02,1,1,000,119,1,2,1,4,1,13,0,1,4,00,2,7,19,200700059485A01,33,2,1
200700059486,2007-09-04,2007,septembre,mardi,10:00,75,75113,0,0,2,1,3,1,1,4,1,02,1,1,000,127,1,0,1,4,1,37,1,1,9,01,0,8,0,200700059486B01,7,12,1
200700059507,2007-09-25,2007,septembre,mardi,18:10,75,75113,0,0,2,1,3,1,1,9,2,01,1,1,000,027,1,0,1,4,1,63,9,1,9,00,2,7,2,200700059507B01,2,18,1
200700059513,2007-09-28,2007,septembre,vendredi,15:40,75,75113,0,0,2,1,6,1,2,9,-1,01,1,1,000,060,2,0,4,1,1,21,4,1,9,00,1,1,0,200700059513A01,,,
200700059520,2007-09-10,2007,septembre,lundi,14:15,75,75114,0,0,2,3,3,1,1,4,1,02,1,1,010,060,1,0,1,4,2,21,5,1,9,00,0,0,0,200700059520B01,7,0,1
200700059521,2007-09-10,2007,septembre,lundi,17:15,75,75114,0,0,2,1,3,1,1,4,1,01,1,1,000,066,1,0,1,4,2,30,0,1,9,00,0,1,21,200700059521B01,10,22,1
200700059525,2007-09-14,2007,septembre,vendredi,16:20,75,75114,0,0,2,5,3,1,1,4,2,06,1,1,000,191,1,5,1,4,2,20,5,1,9,00,2,1,1,200700059525A01,7,1,1
200700059529,2007-09-16,2007,septembre,dimanche,19:50,75,75114,0,0,2,1,6,5,1,9,2,02,1,1,000,060,1,6,5,1,2,57,5,1,2,00,1,1,1,200700059529A01,1,1,1
200700059529,2007-09-16,2007,septembre,dimanche,19:50,75,75114,0,0,2,1,6,5,1,9,2,02,1,1,000,060,1,6,5,1,2,57,5,1,2,00,1,0,1,200700059529B01,1,1,1
200700059530,2007-09-17,2007,septembre,lundi,10:10,75,75114,0,0,2,1,6,1,1,4,3,01,1,1,100,060,1,0,1,3,2,61,0,1,2,00,0,6,2,200700059530A01,37,2,1
200700059541,2007-09-24,2007,septembre,lundi,16:10,75,75114,0,0,2,1,3,1,1,4,2,02,1,-1,000,060,1,0,1,4,1,39,1,1,9,00,2,1,18,200700059541A01,7,2,1
200700059544,2007-09-26,2007,septembre,mercredi,75:0,75,75114,0,0,2,3,1,1,2,4,1,00,1,1,000,120,2,0,1,4,2,23,2,1,9,00,2,7,9,200700059544B01,7,2,1
200700059548,2007-09-03,2007,septembre,lundi,19:30,75,75115,0,0,2,1,2,1,1,9,1,01,1,1,000,040,1,0,1,4,1,24,5,1,9,00,2,1,2,200700059548B01,7,2,1
200700059557,2007-09-11,2007,septembre,mardi,17:15,75,75115,0,0,2,1,3,1,1,4,2,01,1,1,000,000,1,0,1,4,1,47,1,1,9,01,0,2,2,200700059557B01,7,24,1
200700059564,2007-09-13,2007,septembre,jeudi,18:15,75,75115,0,0,2,2,6,1,1,4,2,02,4,1,000,100,1,5,1,4,1,37,0,1,9,00,2,8,1,200700059564B01,7,18,1
200700059568,2007-09-15,2007,septembre,samedi,18:40,75,75115,0,0,2,2,1,1,1,4,3,06,1,1,020,176,1,4,1,4,1,11,5,1,9,00,4,8,19,200700059568B01,40,1,1
200700059583,2007-09-02,2007,septembre,dimanche,12:30,75,75116,0,0,2,1,7,1,1,4,1,01,1,3,000,020,1,0,5,3,1,52,5,1,2,00,0,0,0,200700059583A01,1,0,1
200700059583,2007-09-02,2007,septembre,dimanche,12:30,75,75116,0,0,2,1,7,1,1,4,1,01,1,3,000,020,1,0,5,4,1,42,5,1,2,00,0,0,0,200700059583B01,1,0,1
200700059586,2007-09-06,2007,septembre,jeudi,10:55,75,75116,0,0,2,1,2,1,1,4,1,04,1,1,000,100,1,0,1,4,2,48,5,1,9,00,0,4,2,200700059586B01,38,2,1
200700059589,2007-09-09,2007,septembre,dimanche,11:00,75,75116,0,0,1,1,6,1,1,3,2,02,1,1,000,000,1,0,0,4,1,49,0,1,9,00,2,1,0,200700059589A01,10,0,1
200700059629,2007-09-29,2007,septembre,samedi,18:50,75,75116,0,0,2,1,7,1,1,9,2,02,1,1,100,100,1,0,1,4,1,49,5,1,9,00,0,0,0,200700059629A01,,,
200700059632,2007-09-03,2007,septembre,lundi,19:40,75,75117,0,0,2,2,3,1,1,4,1,01,1,1,000,000,1,0,1,4,1,26,5,1,9,00,2,1,5,200700059632A01,7,1,1
200700059640,2007-09-06,2007,septembre,jeudi,18:35,75,75117,0,0,2,1,2,1,1,9,-1,02,1,-1,000,115,1,0,0,4,1,25,4,1,9,00,2,0,2,200700059640A01,13,0,1
200700059644,2007-09-12,2007,septembre,mercredi,17:10,75,75117,0,0,2,2,6,1,1,4,1,01,1,2,000,060,1,0,1,4,1,30,0,1,9,00,2,1,2,200700059644B01,7,2,1
200700059659,2007-09-20,2007,septembre,jeudi,12:30,75,75117,0,0,2,1,3,1,1,4,2,04,2,1,000,200,1,0,1,4,1,50,1,1,9,00,2,2,18,200700059659B01,7,20,1
200700059683,2007-09-05,2007,septembre,mercredi,15:00,75,75118,0,0,2,5,3,1,1,4,-1,02,1,-1,000,000,1,0,1,4,2,53,5,1,9,00,0,0,15,200700059683B01,7,16,1
200700059686,2007-09-08,2007,septembre,samedi,10:30,75,75118,0,0,2,2,3,1,1,4,3,04,1,1,005,140,1,0,1,4,1,62,3,1,9,00,2,3,1,200700059686B01,14,16,1
200700059701,2007-09-28,2007,septembre,vendredi,91:0,75,75118,0,0,2,5,2,1,2,4,2,02,1,1,020,100,2,0,1,4,2,37,5,1,9,00,0,5,16,200700059701B01,7,2,1
200700059707,2007-09-30,2007,septembre,dimanche,21:00,75,75118,0,0,2,1,7,5,1,4,1,02,2,1,000,000,1,0,1,4,1,29,1,1,4,00,0,8,21,200700059707A01,,,
200700059713,2007-09-14,2007,septembre,vendredi,16:25,75,75119,0,0,2,1,7,1,1,4,1,01,1,1,000,050,1,0,5,4,1,53,4,0,0,00,0,0,21,200700059713B01,7,0,1
200700059716,2007-09-17,2007,septembre,lundi,20:25,75,75119,0,0,2,1,2,5,2,4,2,01,1,1,000,145,2,0,5,4,2,20,1,1,9,00,2,4,2,200700059716A01,32,2,1
200700059717,2007-09-19,2007,septembre,mercredi,53:5,75,75119,0,0,2,1,1,5,1,4,2,02,2,-1,000,090,1,0,1,4,1,52,1,1,9,00,0,3,1,200700059717B01,30,11,1
200700059741,2007-09-04,2007,septembre,mardi,93:0,75,75120,0,0,2,1,2,1,1,4,2,00,2,1,000,100,1,0,1,1,1,46,4,1,9,00,0,4,2,200700059741B01,32,2,1
200700059770,2007-09-23,2007,septembre,dimanche,14:55,75,75120,0,0,2,1,3,1,1,4,2,00,2,1,000,122,1,0,1,4,1,23,5,1,9,00,2,3,1,200700059770A01,10,2,1
200700059779,2007-09-01,2007,septembre,samedi,23:5,75,75103,0,0,2,2,3,5,1,4,2,02,1,3,000,082,1,5,1,1,1,26,5,0,0,01,2,6,19,200700059779A01,32,1,1
200700059779,2007-09-01,2007,septembre,samedi,23:5,75,75103,0,0,2,2,3,5,1,4,2,02,1,3,000,082,1,5,1,3,2,26,0,0,0,01,2,6,19,200700059779A01,32,1,1
200700059783,2007-09-05,2007,septembre,mercredi,19:10,75,75116,0,0,2,1,4,1,1,9,3,01,2,1,000,114,1,0,5,3,1,44,5,1,2,00,2,1,1,200700059783A01,1,1/0/2,3
200700059783,2007-09-05,2007,septembre,mercredi,19:10,75,75116,0,0,2,1,4,1,1,9,3,01,2,1,000,114,1,0,5,1,1,53,5,1,2,00,2,0,1,200700059783B01,1,1/0/2,3
200700059783,2007-09-05,2007,septembre,mercredi,19:10,75,75116,0,0,2,1,4,1,1,9,3,01,2,1,000,114,1,0,5,1,1,32,5,1,2,00,2,1,0,200700059783C01,1,1/2,3
200700059783,2007-09-05,2007,septembre,mercredi,19:10,75,75116,0,0,2,1,4,1,1,9,3,01,2,1,000,114,1,0,5,1,1,24,5,1,2,00,2,1,2,200700059783D01,1,1/0,3
200700059788,2007-09-09,2007,septembre,dimanche,14:15,75,75105,0,0,2,2,3,1,1,4,1,02,1,1,000,140,1,0,1,4,2,22,1,1,9,00,2,1,2,200700059788B01,38,16,1
200700059814,2007-09-26,2007,septembre,mercredi,19:00,75,75103,0,0,2,3,3,5,1,4,1,04,1,1,000,133,2,0,5,4,1,27,4,1,2,00,2,1,1,200700059814B01,10,16,1
200700059889,2007-08-29,2007,août,mercredi,21:20,74,74012,0,0,2,6,2,5,3,4,1,02,1,2,000,060,2,5,1,4,1,27,9,1,2,00,2,7,2,200700059889B01,7,2,1
200700059893,2007-08-30,2007,août,jeudi,92:7,74,74012,0,0,2,3,3,1,8,4,3,02,1,1,000,000,1,0,5,3,2,67,3,1,9,00,0,2,1,200700059893A01,7,2,1
200700059906,2007-09-04,2007,septembre,mardi,16:40,94,94068,0,0,2,1,2,1,1,4,2,02,1,1,000,055,1,0,0,4,2,24,1,1,9,00,2,4,13,200700059906B01,7,13,1
200700059908,2007-09-10,2007,septembre,lundi,83:5,94,94068,0,0,2,1,6,1,1,3,2,01,1,1,000,110,1,0,1,4,2,72,5,1,9,00,2,1,17,200700059908A01,7,2,1
200700059924,2007-10-18,2007,octobre,jeudi,17:00,59,59256,50.567,3.126,1,1,1,1,1,3,2,02,-1,1,000,060,1,0,5,4,1,49,5,1,9,00,0,1,1,200700059924B02,32,5,1
200700059955,2007-10-16,2007,octobre,mardi,17:30,62,62014,0,0,2,1,1,2,1,3,2,02,1,2,000,060,1,0,1,3,1,23,5,0,0,00,0,1,0,200700059955B02,7,0,1
200700059965,2007-10-03,2007,octobre,mercredi,14:45,80,80761,49.763,2.172,1,1,6,1,1,3,2,02,2,1,000,060,1,0,1,4,1,18,5,0,0,00,2,4,1,200700059965A01,,,
200700060019,2007-10-03,2007,octobre,mercredi,16:00,60,60088,0,0,2,1,3,1,1,4,2,02,1,-1,000,060,1,0,1,3,1,50,1,0,0,00,2,3,15,200700060019B02,30,17,1
200700060027,2007-10-30,2007,octobre,mardi,17:15,60,60574,0,0,1,1,1,1,1,3,2,02,1,1,000,070,1,0,1,2,1,11,5,0,0,00,2,1,19,200700060027B02,7,1,1
200700060029,2007-10-07,2007,octobre,dimanche,15:45,60,60025,0,0,2,1,1,1,1,4,2,02,1,1,000,050,1,0,1,3,1,13,5,0,0,00,2,8,19,200700060029B02,7,1,1
200700060041,2007-10-21,2007,octobre,dimanche,12:00,60,60141,0,0,2,1,6,1,1,4,2,00,1,1,000,068,1,0,1,4,1,63,5,0,0,00,1,1,1,200700060041A01,,,
200700060048,2007-10-14,2007,octobre,dimanche,16:30,76,76081,0,0,1,1,1,1,1,3,2,02,-1,1,000,058,1,0,1,3,2,9,5,0,0,00,2,6,19,200700060048B02,7,1,1
200700060065,2007-10-19,2007,octobre,vendredi,11:30,76,76161,49.712,0.721,1,2,3,1,1,3,2,02,1,2,000,058,1,5,1,3,1,47,5,0,0,00,2,1,19,200700060065B02,7,1,1
200700060071,2007-10-31,2007,octobre,mercredi,16:30,27,27114,48.965,1.424,2,1,1,1,7,3,2,02,1,1,058,058,1,0,1,3,2,48,5,0,0,00,2,7,19,200700060071B02,7,1,1
200700060133,2007-10-29,2007,octobre,lundi,17:00,22,22333,48.224,-2.442,1,1,1,1,7,3,2,02,1,2,000,000,1,5,1,3,2,53,5,0,0,00,2,1,1,200700060133B02,7,15,1
200700060158,2007-10-20,2007,octobre,samedi,16:45,56,56143,0,0,1,1,2,1,1,3,2,00,1,1,000,065,1,0,1,2,1,41,5,0,0,00,0,4,1,200700060158B02,7,1,1
200700060174,2007-10-30,2007,octobre,mardi,16:15,14,14020,49.133,-0.163,2,3,3,1,1,3,2,02,1,3,000,060,1,5,1,4,1,71,5,1,2,00,2,8,23,200700060174B02,2,19,1
200700060187,2007-10-24,2007,octobre,mercredi,17:00,50,50601,49.042,-0.973,2,1,1,1,1,3,2,01,1,1,000,065,1,0,1,3,2,12,5,0,0,00,2,8,19,200700060187A01,7,1,1
200700060295,2007-10-29,2007,octobre,lundi,12:15,72,72132,48.19,0.643,2,1,1,1,2,9,2,02,1,1,000,045,2,0,1,4,1,38,1,0,0,00,2,4,9,200700060295B02,10,1,1
200700060307,2007-10-18,2007,octobre,jeudi,74:5,85,85092,46.443,-0.802,2,1,3,2,1,3,2,02,1,1,000,057,1,0,1,3,1,40,1,0,0,00,2,1,1,200700060307B02,7,15,1
200700060345,2007-10-19,2007,octobre,vendredi,14:30,33,33290,44.912,-0.108,1,1,3,1,1,3,2,02,2,1,000,051,1,0,1,3,1,61,5,1,2,00,2,8,1,200700060345A01,17,14,1
200700060361,2007-10-07,2007,octobre,dimanche,73:0,40,40027,43.565,-0.612,1,1,1,2,8,3,2,02,1,3,000,044,2,0,1,2,1,53,9,0,0,00,0,4,1,200700060361B02,7,1,1
200700060362,2007-10-24,2007,octobre,mercredi,10:00,40,40194,0,0,2,2,1,1,1,3,2,02,3,1,000,063,1,5,1,3,1,73,5,0,0,00,2,1,1,200700060362B02,15,19,1
200700060462,2007-10-24,2007,octobre,mercredi,20:30,79,79292,0,0,1,1,1,3,1,3,-1,02,1,1,000,000,1,0,1,1,1,20,1,1,4,00,0,0,1,200700060462A01,7,1,1
200700060463,2007-10-06,2007,octobre,samedi,15:30,79,79310,46.162,-0.305,1,1,1,1,1,3,2,02,1,1,000,000,1,0,1,2,1,66,5,0,0,00,2,1,15,200700060463B02,7,1,1
200700060466,2007-10-17,2007,octobre,mercredi,14:00,79,79202,46.647,-0.248,2,6,3,1,1,9,1,02,-1,2,000,000,1,0,1,3,1,62,5,1,4,00,2,7,1,200700060466B02,7,1,1
200700060494,2007-10-28,2007,octobre,dimanche,11:00,31,31356,0,0,1,3,3,1,1,3,2,02,1,1,000,060,1,0,1,3,1,69,5,0,0,00,2,8,16,200700060494B02,7,1,1
200700060519,2007-10-05,2007,octobre,vendredi,74:5,09,09160,42.934,1.853,2,1,3,2,8,3,2,00,1,1,000,083,1,0,1,4,1,23,1,0,0,00,2,1,1,200700060519B02,7,19,1
200700060523,2007-10-05,2007,octobre,vendredi,10:45,09,09268,43.004,1.135,2,3,3,1,1,3,2,02,1,1,000,000,1,2,1,3,2,60,5,1,2,00,2,7,1,200700060523A01,7,15,1
200700060563,2007-10-25,2007,octobre,jeudi,16:30,69,69089,45.743,4.771,2,1,1,1,1,4,2,02,2,1,000,000,1,0,1,3,1,37,1,1,2,00,2,1,15,200700060563B02,7,16,1
200700060591,2007-10-19,2007,octobre,vendredi,16:15,69,69286,0,0,2,1,3,1,1,3,2,00,1,1,027,078,1,0,1,3,1,26,1,0,0,02,0,6,19,200700060591B02,7,1,1
200700060648,2007-10-17,2007,octobre,mercredi,17:15,01,01083,46.101,4.85,1,1,3,1,1,3,2,02,3,1,000,077,9,0,1,3,1,58,5,0,0,00,2,3,2,200700060648B02,7,2,1
200700060685,2007-10-17,2007,octobre,mercredi,19:00,38,38565,0,0,2,1,3,2,1,4,2,00,-1,1,000,040,1,5,1,3,1,28,5,1,2,00,2,1,18,200700060685B02,7,15,1
200700060700,2007-10-25,2007,octobre,jeudi,83:0,38,38261,0,0,2,1,1,1,1,4,2,02,1,1,000,000,1,0,1,4,2,38,2,0,0,00,2,7,1,200700060700B02,7,1,1
200700060718,2007-10-10,2007,octobre,mercredi,73:0,38,38349,45.323,4.771,2,1,3,2,2,3,2,02,1,1,000,000,2,0,1,2,1,78,3,0,0,00,2,7,19,200700060718A01,7,0,1
200700060737,2007-10-09,2007,octobre,mardi,18:15,73,73247,45.556,6.127,2,1,7,1,1,3,2,02,4,1,057,057,-1,4,1,3,1,68,5,1,2,14,0,1,1,200700060737A01,,,
200700060748,2007-10-11,2007,octobre,jeudi,17:00,74,74182,0,0,2,1,1,1,1,3,2,02,1,1,020,090,1,0,1,3,1,45,5,1,2,00,2,1,1,200700060748B02,7,15,1
200700060756,2007-10-02,2007,octobre,mardi,15:30,74,74236,0,0,1,1,2,1,1,3,2,02,2,1,000,054,1,0,0,3,2,51,5,0,0,00,2,4,1,200700060756B02,7,1,1
200700060762,2007-10-03,2007,octobre,mercredi,64:5,74,74262,0,0,1,9,2,3,5,3,-1,02,1,1,000,066,1,0,1,2,1,19,1,1,4,00,2,4,13,200700060762B02,7,1,1
200700060810,2007-10-28,2007,octobre,dimanche,18:00,15,15187,0,0,2,1,1,1,7,3,2,00,2,1,000,087,1,0,1,3,1,65,5,0,0,00,0,4,15,200700060810B02,7,2,1
200700060811,2007-10-27,2007,octobre,samedi,15:15,15,15119,45.259,3.198,2,1,3,1,7,2,2,02,1,1,000,066,1,0,1,3,2,74,5,0,0,00,2,8,2,200700060811B02,7,1,1
200700060851,2007-10-03,2007,octobre,mercredi,63:0,57,57242,49.281,6.143,1,1,2,3,5,3,2,02,1,1,000,070,2,0,1,2,1,49,1,0,0,00,0,4,2,200700060851B02,15,2,1
200700060902,2007-10-16,2007,octobre,mardi,14:30,67,67169,0,0,2,1,3,1,1,3,2,02,1,1,000,000,1,0,1,3,2,41,5,0,0,00,2,8,1,200700060902B02,15,1,1
200700060914,2007-10-01,2007,octobre,lundi,81:5,67,67529,0,0,2,1,1,1,1,4,2,00,2,1,000,058,1,0,1,3,2,74,5,0,0,00,2,6,1,200700060914B02,7,17,1