Num_Acc,date,an,mois,jour,hrmn,dep,com,lat,long,agg,int,col,lum,atm,catr,circ,nbv,prof,plan,lartpc,larrout,surf,infra,situ,grav,sexe,age,trajet,secuexist,equipement,obs,obsm,choc,manv,vehiculeid,typevehicules,manoeuvehicules,numVehicules
200700060916,2007-10-04,2007,octobre,jeudi,16:45,67,67350,48.59,7.649,2,2,3,1,1,9,2,00,1,1,000,049,1,0,1,3,1,47,5,1,2,00,2,7,1,200700060916B02,7,1,1
200700060933,2007-10-26,2007,octobre,vendredi,14:30,68,68091,47.92,7.53,2,9,3,1,1,4,2,02,1,1,000,073,1,0,1,3,1,12,5,0,0,00,2,1,0,200700060933A01,7,1,1
200700060999,2007-10-06,2007,octobre,samedi,15:15,21,21378,47.87,4.404,2,1,7,1,1,3,2,01,1,2,000,032,9,0,3,3,1,59,0,1,2,03,0,7,1,200700060999A01,,,
200700061017,2007-10-10,2007,octobre,mercredi,14:30,71,71215,46.868,4.916,1,1,3,1,1,4,2,00,1,1,000,000,1,0,1,2,1,44,5,1,2,00,9,7,17,200700061017B02,20,1,1
200700061019,2007-10-24,2007,octobre,mercredi,93:0,71,71420,46.71,5.02,1,1,2,1,1,3,2,02,1,1,000,054,1,0,1,3,2,74,5,0,0,00,0,6,15,200700061019A01,7,17,1
200700061020,2007-10-25,2007,octobre,jeudi,16:00,71,71512,0,0,1,1,2,1,1,2,2,00,1,1,000,000,1,0,1,3,1,81,5,0,0,00,2,4,6,200700061020A01,7,1,1
200700061050,2007-10-16,2007,octobre,mardi,15:30,89,89229,48.272,3.134,2,1,6,1,1,3,2,02,1,1,000,000,1,0,1,3,1,57,5,1,2,00,5,0,15,200700061050A01,,,
200700061076,2007-10-11,2007,octobre,jeudi,17:30,39,39189,47.085,5.42,2,1,3,1,1,4,1,01,2,1,000,035,1,0,1,3,1,5,5,0,0,00,2,1,1,200700061076B02,7,1,1
200700061102,2007-10-17,2007,octobre,mercredi,17:30,90,90046,0,0,2,1,3,1,1,3,2,02,1,1,000,100,1,0,1,3,2,7,5,0,0,00,2,1,19,200700061102B02,10,1,1
200700061176,2007-10-22,2007,octobre,lundi,14:30,83,83025,0,0,2,1,3,1,1,3,2,00,1,1,000,056,1,0,1,3,1,65,5,1,2,00,0,3,1,200700061176B02,7,14,1
200700061179,2007-10-06,2007,octobre,samedi,11:30,83,83093,43.388,5.807,1,1,7,1,1,4,2,02,4,3,000,030,1,0,1,3,1,62,5,1,2,00,0,0,1,200700061179A01,,,
200700061186,2007-10-06,2007,octobre,samedi,23:30,83,83119,0,0,1,1,7,3,1,5,-1,00,1,1,000,052,1,0,3,3,1,42,5,1,4,13,0,0,1,200700061186A01,,,
200700061198,2007-10-01,2007,octobre,lundi,18:00,84,84092,43.96,4.848,2,1,1,1,1,4,2,02,1,1,000,000,1,5,1,4,2,22,2,0,0,00,2,3,1,200700061198B02,7,15,1
200700061213,2007-10-29,2007,octobre,lundi,16:45,84,84138,0,0,2,1,3,1,1,9,1,01,1,1,000,040,1,0,1,3,1,16,5,1,9,00,2,1,0,200700061213B02,7,1,1
200700061235,2007-10-11,2007,octobre,jeudi,16:15,34,34299,43.301,3.276,1,1,2,1,1,3,2,02,-1,1,080,000,1,0,1,3,2,72,5,0,0,00,0,6,2,200700061235B02,7,17,1
200700061260,2007-10-29,2007,octobre,lundi,73:0,11,11266,0,0,2,1,1,1,1,4,2,00,-1,-1,000,000,1,5,0,3,1,65,5,0,0,00,2,8,1,200700061260B02,10,19,1
200700061269,2007-10-19,2007,octobre,vendredi,18:45,30,30214,44.038,4.099,2,1,1,1,1,3,2,02,1,1,000,045,1,0,1,3,1,44,5,0,0,00,2,1,1,200700061269B02,7,1,1
200700061293,2007-10-04,2007,octobre,jeudi,12:15,66,66171,0,0,2,7,1,1,1,6,-1,00,1,1,000,000,1,0,1,3,1,61,5,0,0,00,2,7,1,200700061293B02,7,1,1
200700061340,2007-10-07,2007,octobre,dimanche,94:5,91,91095,48.52,2.306,1,1,3,1,1,3,2,00,1,2,000,000,1,0,1,3,1,56,5,0,0,00,2,1,0,200700061340B02,7,1,1
200700061353,2007-10-06,2007,octobre,samedi,93:0,95,95370,0,0,1,1,1,1,1,3,-1,00,1,1,000,000,1,0,1,3,1,43,5,1,2,00,0,4,1,200700061353B02,7,1,1
200700061375,2007-10-19,2007,octobre,vendredi,18:15,77,77392,49.059,2.717,1,1,3,2,1,3,2,02,1,1,000,060,1,0,1,3,1,54,5,1,2,00,2,8,1,200700061375B02,7,1,1
200700061410,2007-10-13,2007,octobre,samedi,13:00,18,18241,0,0,1,1,1,1,1,3,2,00,1,3,000,065,1,0,1,3,1,63,5,1,2,00,9,1,1,200700061410B02,14,1,1
200700061420,2007-10-08,2007,octobre,lundi,14:15,18,18207,46.999,2.256,2,1,6,1,1,4,2,02,1,1,000,038,1,0,1,1,2,14,0,0,0,00,1,1,1,200700061420A01,,,
200700061492,2007-10-16,2007,octobre,mardi,11:45,58,58303,0,0,2,6,1,1,1,3,2,02,1,2,000,000,1,5,1,3,2,37,2,0,0,00,2,1,0,200700061492B02,7,0,1
200700061494,2007-10-15,2007,octobre,lundi,13:30,47,47041,0,0,1,2,1,1,1,3,2,00,1,1,031,000,1,2,1,3,1,48,5,0,0,00,0,7,1,200700061494B02,7,1,1
200700061519,2007-10-10,2007,octobre,mercredi,16:00,60,60686,0,0,1,1,1,1,1,3,2,02,1,1,000,116,1,0,1,3,1,7,5,0,0,00,2,7,19,200700061519B02,7,1,1
200700061539,2007-10-11,2007,octobre,jeudi,14:00,37,37079,47.327,1.029,1,1,2,1,1,3,2,00,1,1,072,072,1,0,1,3,1,76,3,0,0,00,2,6,13,200700061539B02,10,6,1
200700061551,2007-10-16,2007,octobre,mardi,11:30,67,67405,48.829,8.034,2,1,3,1,1,3,2,02,1,1,000,076,1,0,1,3,2,77,3,0,0,00,2,6,13,200700061551B02,7,1,1
200700061614,2007-10-04,2007,octobre,jeudi,18:30,42,42279,45.504,4.24,2,1,1,1,7,3,2,00,1,1,000,066,-1,0,1,3,1,72,5,1,9,00,2,8,1,200700061614B02,7,15,1
200700061628,2007-10-14,2007,octobre,dimanche,18:30,31,31157,0,0,2,1,3,1,1,3,2,02,1,1,000,100,1,0,1,3,1,26,5,0,0,00,2,7,17,200700061628B02,30,13,1
200700061669,2007-10-23,2007,octobre,mardi,90:0,67,67152,48.535,7.691,1,6,3,1,1,3,2,02,1,3,000,000,1,5,1,3,2,16,1,0,0,00,2,1,15,200700061669A01,10,16,1
200700061719,2007-10-21,2007,octobre,dimanche,94:5,95,95183,0,0,2,1,1,1,1,4,2,02,2,1,000,000,1,0,1,3,1,71,5,1,2,00,2,1,1,200700061719B02,7,9,1
200700061727,2007-10-15,2007,octobre,lundi,15:15,69,69100,0,0,2,1,1,1,1,4,2,02,4,1,000,000,1,0,1,3,1,53,5,0,0,00,2,1,15,200700061727B02,7,15,1
200700061738,2007-10-03,2007,octobre,mercredi,19:15,01,01053,0,0,2,6,3,5,2,4,2,02,1,1,000,000,2,5,1,3,2,56,5,1,2,00,2,5,1,200700061738B01,7,1,1
200700061742,2007-10-18,2007,octobre,jeudi,12:20,01,01289,0,0,1,2,3,1,1,4,2,02,1,1,000,000,1,0,1,3,1,71,5,1,2,00,2,1,1,200700061742B01,7,1,1
200700061746,2007-10-15,2007,octobre,lundi,17:30,01,01283,0,0,2,1,3,1,1,6,2,02,2,1,000,060,1,0,1,3,1,6,5,1,2,00,2,8,19,200700061746B01,7,1,1
200700061751,2007-10-04,2007,octobre,jeudi,11:28,02,02168,0,0,2,1,3,1,1,3,3,06,1,1,021,186,1,0,1,2,1,25,5,1,9,00,2,2,19,200700061751A01,7,1,1
200700061752,2007-10-17,2007,octobre,mercredi,13:25,02,02168,0,0,1,1,3,1,2,3,3,04,1,3,000,000,1,0,1,3,1,35,0,1,9,00,0,4,13,200700061752A01,10,1,1
200700061810,2007-10-04,2007,octobre,jeudi,18:20,06,06027,0,0,2,1,2,1,1,4,3,04,1,1,000,000,1,0,1,3,2,52,5,1,2,00,2,4,2,200700061810B01,7,2,1
200700061817,2007-10-13,2007,octobre,samedi,95:5,06,06027,0,0,2,3,3,1,1,4,2,04,1,1,000,000,1,5,1,4,1,74,5,1,2,00,2,1,19,200700061817A01,7,1,1
200700061823,2007-10-19,2007,octobre,vendredi,73:5,06,06123,0,0,2,1,3,2,1,4,2,02,1,1,000,000,1,0,1,3,1,12,5,1,2,00,2,0,19,200700061823A01,7,1,1
200700061882,2007-10-17,2007,octobre,mercredi,13:15,06,06069,0,0,2,1,3,1,1,3,2,02,1,1,000,000,1,0,1,4,1,35,0,1,9,00,2,1,18,200700061882A01,7,16,1
200700061904,2007-10-30,2007,octobre,mardi,10:45,06,06069,0,0,2,1,7,1,1,3,2,02,2,1,000,000,1,0,1,4,1,17,0,1,9,00,0,0,1,200700061904A01,,,
200700061944,2007-10-07,2007,octobre,dimanche,11:30,06,06088,0,0,2,1,3,1,1,4,2,02,2,1,000,080,1,0,1,4,1,46,5,1,2,00,2,1,1,200700061944B01,7,1,1
200700061946,2007-10-07,2007,octobre,dimanche,19:10,06,06088,0,0,2,1,2,5,1,4,2,04,1,1,050,130,1,0,1,4,1,41,1,1,9,00,2,4,1,200700061946B01,7,12,1
200700061949,2007-10-08,2007,octobre,lundi,11:20,06,06088,0,0,2,1,3,1,1,4,1,02,1,-1,000,032,1,0,1,4,1,28,0,1,2,00,2,3,7,200700061949A01,5,7,1
200700061953,2007-10-09,2007,octobre,mardi,84:5,06,06088,0,0,2,1,6,1,1,4,2,03,2,1,000,100,1,0,1,4,1,41,0,1,9,00,2,1,0,200700061953A01,7,0,1
200700061983,2007-10-13,2007,octobre,samedi,11:05,06,06088,0,0,2,1,3,1,1,4,2,02,1,1,000,075,1,0,1,3,2,62,3,1,2,01,0,1,1,200700061983B01,7,24,1
200700062037,2007-10-22,2007,octobre,lundi,95:0,06,06088,0,0,2,3,3,1,1,4,2,02,1,1,000,110,1,0,1,4,1,83,0,1,4,00,2,0,9,200700062037B01,10,2,1
200700062095,2007-10-11,2007,octobre,jeudi,17:45,09,09225,0,0,2,1,2,1,1,4,-1,00,1,1,000,053,1,0,1,3,1,75,5,1,2,00,2,1,1,200700062095B01,10,4,1
200700062098,2007-10-02,2007,octobre,mardi,17:15,10,10387,0,0,2,1,2,1,1,4,3,05,1,1,003,163,1,0,1,2,1,77,5,1,9,00,0,8,19,200700062098B01,17,1,1
200700062109,2007-10-16,2007,octobre,mardi,85:0,10,10387,0,0,2,9,6,1,1,4,-1,02,1,1,000,100,-1,0,1,4,2,51,0,1,9,00,2,8,1,200700062109B01,7,16,1
200700062110,2007-10-18,2007,octobre,jeudi,16:05,10,10325,0,0,2,1,3,1,1,4,2,02,1,1,000,070,-1,0,1,4,2,55,5,1,2,00,2,1,1,200700062110B01,7,16,1
200700062112,2007-10-20,2007,octobre,samedi,17:50,10,10387,0,0,2,2,3,2,1,4,2,03,1,1,000,080,-1,0,1,4,1,57,0,1,9,00,2,1,1,200700062112B01,7,15,1
200700062131,2007-10-23,2007,octobre,mardi,82:5,11,11262,0,0,2,1,3,1,1,4,1,00,1,1,000,037,1,0,0,3,1,81,0,1,9,00,2,7,19,200700062131B01,7,2,1
200700062150,2007-10-19,2007,octobre,vendredi,17:20,13,13001,0,0,1,1,2,1,1,4,2,01,1,1,000,060,1,0,1,3,1,50,5,1,2,00,2,4,2,200700062150B01,7,1,1
200700062154,2007-10-01,2007,octobre,lundi,15:45,13,13004,0,0,2,1,2,1,1,2,2,02,4,1,000,059,1,0,1,4,1,35,5,1,4,00,2,3,21,200700062154A01,7,1,1
200700062163,2007-10-22,2007,octobre,lundi,74:0,13,13004,0,0,2,6,2,2,1,4,1,01,1,2,000,069,-1,0,1,4,1,19,1,1,9,00,2,4,1,200700062163B01,7,16,1
200700062166,2007-10-24,2007,octobre,mercredi,17:15,13,13004,0,0,2,3,3,1,1,4,1,01,1,1,000,033,1,0,5,4,1,64,0,1,9,00,2,1,1,200700062166B01,7,15,1
200700062243,2007-10-06,2007,octobre,samedi,12:15,13,13055,0,0,2,3,3,1,1,4,1,01,1,1,000,050,1,0,1,4,2,82,5,1,4,00,2,7,19,200700062243B01,7,1,1
200700062254,2007-10-03,2007,octobre,mercredi,13:35,13,13055,0,0,2,6,6,1,1,4,1,01,1,2,000,000,1,0,1,3,1,26,0,1,2,00,2,0,0,200700062254B01,7,1,1
200700062295,2007-10-20,2007,octobre,samedi,45:0,13,13055,0,0,2,2,3,5,1,4,2,03,2,1,000,110,1,0,1,4,1,34,1,1,2,00,2,1,0,200700062295A01,7,0,1
200700062301,2007-10-02,2007,octobre,mardi,71:5,13,13055,0,0,2,3,3,1,1,4,2,02,2,1,000,000,1,0,1,4,1,24,0,1,9,00,2,1,18,200700062301A01,7,12,1
200700062326,2007-10-13,2007,octobre,samedi,20:00,13,13055,0,0,2,1,1,5,1,4,2,02,1,-1,000,000,1,0,1,3,1,13,0,1,9,00,2,8,19,200700062326B01,7,21,1
200700062351,2007-10-19,2007,octobre,vendredi,23:15,13,13055,0,0,2,1,2,5,1,4,2,00,2,1,100,100,1,0,1,4,1,33,5,0,0,00,0,0,0,200700062351B01,30,0,1
200700062469,2007-10-23,2007,octobre,mardi,18:00,13,13055,0,0,2,1,3,1,1,4,2,04,1,-1,000,110,1,0,1,4,2,23,1,1,9,00,2,6,0,200700062469B01,7,14,1
200700062532,2007-10-06,2007,octobre,samedi,18:30,13,13077,0,0,2,1,3,1,1,4,2,02,1,1,000,000,1,0,1,4,1,11,5,1,2,00,2,1,19,200700062532A01,7,23,1
200700062539,2007-10-14,2007,octobre,dimanche,11:45,13,13056,0,0,2,1,3,1,1,4,1,01,1,1,000,030,1,0,1,4,1,48,5,0,0,00,2,1,16,200700062539B01,1,1,1
200700062539,2007-10-14,2007,octobre,dimanche,11:45,13,13056,0,0,2,1,3,1,1,4,1,01,1,1,000,030,1,0,1,1,1,17,5,0,0,00,2,0,1,200700062539A01,1,16,1
200700062549,2007-10-07,2007,octobre,dimanche,15:,13,13103,0,0,1,1,6,3,1,2,2,02,-1,-1,040,120,1,0,1,3,1,42,0,1,9,00,2,0,2,200700062549B01,99,2,1
200700062591,2007-10-19,2007,octobre,vendredi,18:10,14,14118,0,0,2,3,1,1,1,4,2,02,1,1,000,060,1,0,1,3,1,42,1,1,9,00,2,1,1,200700062591B01,7,15,1
200700062608,2007-10-31,2007,octobre,mercredi,14:45,16,16015,0,0,1,1,6,1,1,4,2,02,1,1,000,112,1,5,1,3,1,25,5,1,9,01,0,1,22,200700062608B01,7,22,1
200700062611,2007-10-06,2007,octobre,samedi,15:20,17,17299,0,0,2,1,5,1,1,4,2,02,1,1,000,070,1,0,1,1,1,57,0,1,9,00,2,1,1,200700062611C01,10/ 30,5/21,2
200700062622,2007-10-03,2007,octobre,mercredi,18:04,17,17291,0,0,2,1,2,1,1,4,2,00,1,1,000,000,1,0,1,4,1,13,9,1,2,00,2,4,9,200700062622A01,7,1,1
200700062629,2007-10-10,2007,octobre,mercredi,15:30,17,17300,0,0,2,1,2,1,2,4,2,02,1,1,000,000,1,2,1,3,2,26,9,1,2,00,2,4,1,200700062629A01,7,1,1
200700062630,2007-10-11,2007,octobre,jeudi,16:25,17,17300,0,0,2,1,3,1,1,4,2,02,1,1,000,000,1,0,5,4,1,19,0,1,2,01,2,9,1,200700062630B01,7,20,1
200700062631,2007-10-12,2007,octobre,vendredi,83:5,17,17300,0,0,2,2,3,1,1,4,2,02,1,1,000,000,1,0,1,4,2,53,5,1,9,00,2,8,1,200700062631B01,7,15,1
200700062632,2007-10-12,2007,octobre,vendredi,14:05,17,17300,0,0,2,1,3,1,1,4,1,00,1,1,000,000,1,0,1,4,1,34,1,1,2,00,2,1,1,200700062632B01,7,16,1
200700062633,2007-10-12,2007,octobre,vendredi,15:35,17,17300,0,0,2,1,6,1,1,4,2,03,1,1,000,080,1,0,1,4,1,65,5,1,9,00,2,7,19,200700062633B01,31,1,1
200700062635,2007-10-15,2007,octobre,lundi,11:25,17,17300,0,0,2,1,6,1,1,4,-1,01,1,1,000,000,1,0,4,1,1,22,0,1,2,00,1,1,1,200700062635A01,,,
200700062636,2007-10-16,2007,octobre,mardi,10:10,17,17300,0,0,2,1,6,1,1,6,2,01,1,1,000,000,1,0,1,4,1,19,2,1,9,00,2,8,1,200700062636B01,7,1,1
200700062637,2007-10-18,2007,octobre,jeudi,75:0,17,17300,0,0,2,6,6,5,1,4,-1,01,1,2,000,000,1,0,5,4,2,16,2,1,9,00,2,7,1,200700062637B01,7,1,1
200700062645,2007-10-21,2007,octobre,dimanche,14:40,17,17300,0,0,2,1,6,1,1,4,2,02,1,1,000,050,1,0,1,3,1,81,0,1,9,01,0,1,17,200700062645B01,7,22,1
200700062650,2007-10-22,2007,octobre,lundi,16:58,17,17300,0,0,2,1,3,1,1,4,2,00,1,1,000,000,1,0,5,4,2,48,9,1,2,00,2,7,1,200700062650B01,7,1,1
200700062652,2007-10-25,2007,octobre,jeudi,12:11,17,17200,0,0,2,1,2,1,1,4,2,02,1,1,000,050,1,0,1,4,1,57,0,1,9,00,2,4,23,200700062652B01,7,2,1
200700062656,2007-10-29,2007,octobre,lundi,21:45,17,17300,0,0,2,1,1,5,1,4,2,02,1,1,000,060,1,0,1,4,1,22,5,1,9,00,2,1,1,200700062656B01,7,15,1
200700062660,2007-10-02,2007,octobre,mardi,20:35,17,17306,0,0,1,1,2,3,1,3,2,02,1,1,000,000,1,0,1,4,1,32,5,1,9,00,2,4,1,200700062660A01,7,1,1
200700062671,2007-10-13,2007,octobre,samedi,16:05,17,17415,0,0,2,1,3,1,1,4,2,02,1,1,000,000,1,0,1,4,1,15,0,1,4,00,2,1,19,200700062671B01,7,1,1
200700062688,2007-10-17,2007,octobre,mercredi,12:20,18,18033,0,0,2,1,6,1,2,4,2,04,2,2,000,100,2,0,1,4,2,18,2,1,9,01,0,7,2,200700062688A01,,,
200700062691,2007-10-27,2007,octobre,samedi,10:58,18,18205,0,0,2,6,3,1,8,4,2,02,-1,-1,000,060,1,5,1,4,1,47,5,1,2,00,2,1,14,200700062691B01,7,14,1
200700062724,2007-10-08,2007,octobre,lundi,13:49,21,21231,0,0,2,3,2,1,1,4,2,03,1,1,000,100,1,0,1,4,2,53,1,1,2,00,2,4,15,200700062724B01,7,1,1
200700062727,2007-10-09,2007,octobre,mardi,17:28,21,21355,0,0,2,3,3,1,1,4,2,02,1,1,000,114,1,5,1,4,1,13,5,1,2,00,2,1,19,200700062727B01,7,1,1
200700062733,2007-10-11,2007,octobre,jeudi,18:50,21,21231,0,0,2,3,3,5,1,4,1,01,1,1,000,075,1,5,1,4,2,21,5,1,2,00,2,1,1,200700062733B01,7,15,1
200700062773,2007-10-07,2007,octobre,dimanche,80:0,22,22278,0,0,2,1,3,1,1,4,2,02,1,1,000,060,1,0,1,4,1,20,2,1,9,00,2,1,18,200700062773B01,7,23,1
200700062787,2007-10-28,2007,octobre,dimanche,15:25,22,22215,0,0,2,1,7,1,1,3,3,04,1,1,000,000,1,3,5,3,1,43,5,1,2,00,0,0,1,200700062787A01,,,
200700062833,2007-10-23,2007,octobre,mardi,12:57,25,25056,0,0,2,1,3,1,1,4,2,02,1,1,000,000,1,0,1,4,1,12,5,1,2,00,2,3,0,200700062833A01,7,1,1
200700062836,2007-10-26,2007,octobre,vendredi,11:58,25,25056,0,0,2,3,3,1,1,4,2,03,1,1,025,100,1,0,1,4,2,45,1,1,9,00,2,1,1,200700062836B01,7,15,1
200700062852,2007-10-02,2007,octobre,mardi,75:0,26,26057,0,0,2,2,6,1,1,2,2,02,1,2,000,050,1,0,1,4,1,13,2,1,9,00,2,7,19,200700062852B01,7,1,1
200700062859,2007-10-19,2007,octobre,vendredi,10:00,26,26281,0,0,2,6,6,1,1,2,3,02,1,1,000,034,1,0,0,4,1,46,9,1,9,00,2,2,1,200700062859B01,7,9,1
200700062861,2007-10-25,2007,octobre,jeudi,17:55,26,26281,0,0,2,2,3,1,1,3,3,04,1,1,000,054,1,0,1,4,1,25,3,1,2,00,2,1,1,200700062861B01,7,19,1
200700062866,2007-10-01,2007,octobre,lundi,17:40,26,26362,0,0,2,4,3,1,1,4,2,01,1,1,000,077,1,0,1,4,2,60,0,1,9,00,2,1,1,200700062866B01,7,15,1
200700062876,2007-10-12,2007,octobre,vendredi,18:00,27,27299,0,0,2,2,3,1,1,4,2,02,1,1,000,000,1,0,1,3,1,14,5,1,2,00,2,1,1,200700062876A01,7,1,1
200700062877,2007-10-15,2007,octobre,lundi,20:10,27,27299,0,0,2,1,3,2,1,4,2,02,1,1,000,000,1,0,1,4,2,43,5,1,2,00,2,3,1,200700062877B01,7,15,1
200700062907,2007-10-17,2007,octobre,mercredi,16:28,28,28085,0,0,2,1,3,1,1,4,2,02,1,1,000,000,1,0,1,4,1,15,5,1,9,00,2,6,10,200700062907A01,7,1,1
200700062928,2007-10-09,2007,octobre,mardi,17:15,29,29019,0,0,2,1,6,1,1,9,2,02,1,1,000,000,1,0,1,4,1,38,0,1,2,00,1,1,1,200700062928A01,,,
200700062940,2007-10-24,2007,octobre,mercredi,12:12,29,29019,0,0,2,1,6,1,1,9,2,02,2,1,000,000,1,0,1,4,1,14,2,1,2,00,2,1,1,200700062940B01,7,22/1,2
200700062951,2007-10-10,2007,octobre,mercredi,15:05,30,30007,0,0,2,1,3,1,2,4,2,02,1,-1,000,000,2,0,1,4,2,57,1,1,9,00,2,0,2,200700062951B01,7,2,1
200700062955,2007-10-06,2007,octobre,samedi,85:0,30,30032,0,0,2,2,3,1,1,3,1,02,1,1,000,000,1,5,1,4,1,59,5,1,2,00,2,1,1,200700062955B01,7,15,1
200700062961,2007-10-01,2007,octobre,lundi,20:45,30,30189,43.84042,4.36536,2,1,3,5,1,4,2,02,2,1,000,070,1,0,1,4,1,32,9,1,2,00,2,1,5,200700062961A01,7,0,1
200700062986,2007-10-31,2007,octobre,mercredi,10:25,30,30189,43.83807,4.37688,2,3,3,1,1,4,2,02,1,1,000,117,1,0,1,4,2,52,9,1,2,00,2,8,1,200700062986A01,7,16,1
200700062990,2007-10-20,2007,octobre,samedi,17:50,30,30351,0,0,2,3,3,1,1,3,2,00,2,1,000,060,1,0,1,3,1,17,5,1,9,00,2,1,1,200700062990B01,7,16,1
200700063002,2007-10-01,2007,octobre,lundi,11:14,31,31555,0,0,2,1,3,1,1,4,2,02,1,3,000,048,1,0,1,4,2,19,2,1,2,00,2,1,13,200700063002A01,7,1,1
200700063041,2007-10-11,2007,octobre,jeudi,75:2,31,31555,0,0,2,1,6,1,1,4,2,02,1,1,000,088,1,0,1,4,1,45,1,1,9,01,0,1,1,200700063041B01,7,22,1
200700063043,2007-10-11,2007,octobre,jeudi,17:40,31,31555,0,0,2,1,6,1,1,4,1,01,1,1,000,030,1,0,1,1,1,50,1,1,9,00,1,1,1,200700063043A01,,,
200700063047,2007-10-12,2007,octobre,vendredi,19:10,31,31555,0,0,2,1,3,1,1,3,-1,02,1,1,000,070,-1,0,0,3,2,60,0,1,9,00,2,1,1,200700063047B01,7,1,1
200700063083,2007-10-23,2007,octobre,mardi,73:0,31,31555,0,0,2,1,6,5,1,4,1,02,1,2,000,085,1,5,1,4,1,39,4,1,2,00,2,1,1,200700063083B01,,,
200700063085,2007-10-23,2007,octobre,mardi,82:0,31,31555,0,0,2,1,3,1,1,4,2,02,1,1,000,111,1,0,1,3,2,53,1,1,2,00,2,7,17,200700063085A01,32,1,1
200700063086,2007-10-23,2007,octobre,mardi,11:10,31,31555,0,0,2,1,3,1,1,4,2,02,1,1,000,092,1,0,1,4,1,61,5,1,2,00,2,8,15,200700063086A01,7,17,1
200700063098,2007-10-25,2007,octobre,jeudi,10:50,31,31555,0,0,2,3,6,1,1,4,2,02,1,1,000,060,1,0,1,4,2,63,0,1,9,00,2,8,1,200700063098B01,7,15,1
200700063099,2007-10-25,2007,octobre,jeudi,18:10,31,31555,0,0,2,1,6,1,1,4,4,01,1,1,000,033,1,0,1,1,1,16,0,1,9,00,1,1,1,200700063099A01,,,
200700063099,2007-10-25,2007,octobre,jeudi,18:10,31,31555,0,0,2,1,6,1,1,4,4,01,1,1,000,033,1,0,1,4,2,67,5,0,0,00,1,1,1,200700063099A01,,,
200700063126,2007-10-05,2007,octobre,vendredi,10:10,31,31557,0,0,2,6,3,1,1,4,2,02,1,1,025,126,2,5,1,4,1,31,1,1,2,00,2,5,1,200700063126B01,7,9,1
200700063127,2007-10-05,2007,octobre,vendredi,17:45,31,31557,0,0,2,1,3,1,1,3,2,02,1,1,020,063,1,0,1,4,2,12,2,1,9,00,2,8,19,200700063127B01,7,1,1
200700063134,2007-10-10,2007,octobre,mercredi,80:5,33,33529,0,0,2,3,2,1,2,4,2,02,1,1,000,064,2,0,1,4,1,62,5,1,9,00,2,4,15,200700063134B01,10,1,1
200700063140,2007-10-02,2007,octobre,mardi,17:45,33,33063,0,0,2,2,6,1,1,4,2,04,1,1,000,065,1,0,1,1,1,35,0,1,2,00,1,1,1,200700063140A01,,,
200700063144,2007-10-03,2007,octobre,mercredi,13:50,33,33063,0,0,2,2,3,1,1,4,3,04,1,1,000,000,1,0,1,3,2,54,0,1,2,00,2,1,15,200700063144B01,7,16,1
200700063145,2007-10-03,2007,octobre,mercredi,12:49,33,33063,0,0,2,1,3,1,1,4,1,03,1,1,000,000,1,0,1,4,2,19,0,1,2,00,2,3,13,200700063145A01,10,1,1
200700063162,2007-10-03,2007,octobre,mercredi,72:2,33,33069,0,0,2,1,3,5,1,4,2,02,1,1,000,052,1,0,1,4,2,49,1,1,2,01,0,7,1,200700063162B01,7,22,1
200700063169,2007-10-09,2007,octobre,mardi,17:30,33,33063,0,0,2,2,6,1,1,4,3,05,1,1,000,000,1,0,1,1,1,27,1,0,0,00,1,0,1,200700063169A01,,,
200700063170,2007-10-09,2007,octobre,mardi,80:5,33,33063,0,0,2,3,3,1,1,4,2,02,1,1,000,058,1,0,1,3,2,16,2,1,2,00,4,1,1,200700063170A01,40,1,1
200700063175,2007-10-10,2007,octobre,mercredi,20:00,33,33063,0,0,2,6,3,5,1,4,2,02,1,3,000,000,9,0,1,4,2,40,0,1,2,00,2,1,1,200700063175B01,7,0,1
200700063177,2007-10-11,2007,octobre,jeudi,12:30,33,33063,0,0,2,2,3,1,1,4,1,01,1,1,000,051,1,0,1,4,2,40,4,1,9,00,2,1,1,200700063177B01,7,1,1
200700063183,2007-10-12,2007,octobre,vendredi,81:5,33,33063,0,0,2,2,3,1,1,4,1,01,1,1,000,000,1,0,1,1,2,21,2,1,2,00,2,4,1,200700063183A01,31,1,1
200700063199,2007-10-16,2007,octobre,mardi,85:5,33,33063,0,0,2,7,2,1,1,4,1,02,1,2,000,055,1,0,1,4,2,20,0,1,2,00,2,1,1,200700063199A01,7,16,1
200700063205,2007-10-16,2007,octobre,mardi,18:15,33,33063,0,0,2,3,3,1,1,4,1,01,1,1,000,080,1,0,1,4,1,22,0,1,2,00,2,1,19,200700063205B01,7,5,1
200700063220,2007-10-16,2007,octobre,mardi,18:20,33,33522,0,0,2,3,3,1,1,4,2,02,1,1,000,091,1,0,1,3,1,27,0,1,9,00,2,8,9,200700063220B01,7,15,1
200700063231,2007-10-18,2007,octobre,jeudi,17:00,33,33522,0,0,2,1,1,1,1,9,1,01,1,1,000,000,1,0,1,4,1,44,0,1,9,00,2,1,1,200700063231A01,1,1,1
200700063231,2007-10-18,2007,octobre,jeudi,17:00,33,33522,0,0,2,1,1,1,1,9,1,01,1,1,000,000,1,0,1,1,2,28,0,1,9,00,2,1,1,200700063231B01,1,1,1
200700063241,2007-10-25,2007,octobre,jeudi,22:00,33,33063,0,0,2,1,3,5,1,4,3,04,1,1,000,000,1,0,1,4,1,19,9,1,2,00,2,1,1,200700063241B01,10,16,1