Num_Acc,date,an,mois,jour,hrmn,dep,com,lat,long,agg,int,col,lum,atm,catr,circ,nbv,prof,plan,lartpc,larrout,surf,infra,situ,grav,sexe,age,trajet,secuexist,equipement,obs,obsm,choc,manv,vehiculeid,typevehicules,manoeuvehicules,numVehicules
200700063245,2007-10-26,2007,octobre,vendredi,90:5,33,33063,0,0,2,2,2,1,1,4,1,01,1,1,000,070,1,0,1,4,1,23,4,1,2,01,2,1,1,200700063245A01,7,1,1
200700063252,2007-10-25,2007,octobre,jeudi,17:45,33,33249,0,0,2,2,3,1,1,4,1,01,1,1,000,013,1,0,1,3,1,40,1,1,2,00,2,4,1,200700063252A01,7,1,1
200700063257,2007-10-25,2007,octobre,jeudi,75:9,33,33039,0,0,2,2,3,5,1,4,2,02,1,1,000,000,1,0,1,4,1,18,0,1,9,00,2,9,16,200700063257A01,33,1,1
200700063271,2007-10-12,2007,octobre,vendredi,16:10,34,34003,0,0,2,2,3,1,1,4,2,02,1,1,000,065,1,5,1,3,1,11,0,1,9,00,2,7,1,200700063271B01,7,1,1
200700063272,2007-10-01,2007,octobre,lundi,10:30,34,34032,0,0,1,2,3,1,2,3,2,02,1,1,000,060,1,5,1,4,1,83,0,1,4,00,2,0,9,200700063272A01,7,1,1
200700063273,2007-10-01,2007,octobre,lundi,14:05,34,34336,0,0,2,6,3,1,1,4,1,02,1,2,000,080,1,5,1,4,1,35,5,1,4,00,2,4,1,200700063273B01,7,9,1
200700063305,2007-10-18,2007,octobre,jeudi,83:0,34,34032,0,0,2,2,3,1,1,4,2,03,2,1,000,090,1,5,1,4,1,50,5,1,2,00,2,1,1,200700063305B01,7,15,1
200700063383,2007-10-05,2007,octobre,vendredi,11:20,35,35238,0,0,2,6,3,1,1,4,-1,02,1,-1,000,113,1,0,1,4,2,55,1,1,2,00,2,0,0,200700063383B01,7,0,1
200700063384,2007-10-06,2007,octobre,samedi,16:35,35,35238,0,0,2,1,3,1,1,4,1,02,1,1,000,000,1,0,1,4,1,29,0,1,2,00,2,1,1,200700063384B01,7,1,1
200700063399,2007-10-19,2007,octobre,vendredi,75:0,35,35238,0,0,2,2,3,2,1,3,2,00,-1,-1,000,000,-1,0,1,4,1,21,0,1,2,00,2,1,1,200700063399B01,7,15,1
200700063400,2007-10-19,2007,octobre,vendredi,71:5,35,35238,0,0,2,2,3,5,1,4,-1,02,1,-1,000,000,1,0,1,4,1,21,0,1,2,00,2,1,1,200700063400B01,7,15,1
200700063411,2007-10-25,2007,octobre,jeudi,85:5,35,35238,0,0,2,1,3,1,1,4,2,02,1,1,000,054,1,0,1,4,2,36,1,1,9,00,2,2,1,200700063411B01,7,17,1
200700063419,2007-10-27,2007,octobre,samedi,18:16,35,35238,0,0,2,1,2,1,8,4,1,01,1,1,000,030,1,0,5,1,1,29,5,1,2,00,2,4,14,200700063419A01,1,2,1
200700063419,2007-10-27,2007,octobre,samedi,18:16,35,35238,0,0,2,1,2,1,8,4,1,01,1,1,000,030,1,0,5,3,1,58,5,1,2,00,2,1,2,200700063419B01,1,14,1
200700063421,2007-10-28,2007,octobre,dimanche,14:00,35,35238,0,0,2,3,2,1,1,4,1,01,1,2,000,030,1,0,5,1,1,58,5,1,2,00,2,4,16,200700063421A01,1,1,1
200700063421,2007-10-28,2007,octobre,dimanche,14:00,35,35238,0,0,2,3,2,1,1,4,1,01,1,2,000,030,1,0,5,4,2,53,5,1,2,00,2,1,1,200700063421B01,1,16,1
200700063435,2007-10-03,2007,octobre,mercredi,12:05,36,36044,0,0,2,1,3,1,1,4,2,02,1,1,000,070,1,0,1,4,1,13,2,1,4,00,2,3,1,200700063435B01,7,17,1
200700063440,2007-10-03,2007,octobre,mercredi,16:13,36,36044,0,0,2,1,3,1,1,4,-1,01,1,1,000,050,1,0,1,4,1,77,5,1,9,00,2,8,1,200700063440B01,99,14,1
200700063465,2007-10-19,2007,octobre,vendredi,15:50,37,37122,0,0,2,6,3,1,1,3,2,02,1,2,000,000,-1,5,1,3,1,59,1,0,0,00,2,7,1,200700063465B01,7,9,1
200700063467,2007-10-01,2007,octobre,lundi,11:00,37,37261,0,0,2,2,3,1,1,4,-1,04,1,1,020,160,1,5,1,3,1,35,0,0,0,00,2,7,1,200700063467A01,7,1,1
200700063471,2007-10-03,2007,octobre,mercredi,75:0,38,38185,0,0,2,1,3,1,1,3,2,06,1,1,000,260,1,0,1,4,1,20,0,1,9,00,2,0,19,200700063471A01,10,1,1
200700063474,2007-10-05,2007,octobre,vendredi,21:35,38,38151,0,0,2,1,1,5,9,4,2,02,-1,-1,000,000,2,0,5,4,1,41,1,1,9,00,2,1,2,200700063474B01,30,2,1
200700063478,2007-10-12,2007,octobre,vendredi,70:0,38,38185,0,0,2,1,6,1,1,3,2,04,1,1,000,130,1,0,5,3,1,48,1,1,9,00,2,1,1,200700063478B01,7,15,1
200700063490,2007-10-19,2007,octobre,vendredi,65:0,38,38421,0,0,2,1,3,4,1,4,2,02,-1,2,000,065,1,0,0,4,1,34,0,1,2,00,2,1,1,200700063490B01,7,15,1
200700063492,2007-10-19,2007,octobre,vendredi,81:5,38,38185,0,0,2,1,6,1,1,4,2,03,1,1,000,130,1,0,1,4,2,29,1,1,9,00,2,4,1,200700063492B01,10,22,1
200700063499,2007-10-25,2007,octobre,jeudi,93:0,38,38185,0,0,2,2,3,1,1,3,2,02,1,1,000,047,1,0,5,4,2,24,1,1,9,00,2,1,1,200700063499B01,7,16,1
200700063506,2007-10-29,2007,octobre,lundi,60:5,38,38169,0,0,2,3,6,5,1,3,2,02,1,1,000,070,1,0,1,2,2,26,1,1,9,00,2,1,1,200700063506B01,16,16,1
200700063513,2007-10-13,2007,octobre,samedi,18:55,40,40088,0,0,2,1,3,1,1,4,2,02,1,1,000,080,1,0,1,3,2,11,5,1,2,00,2,1,15,200700063513A01,7,1,1
200700063521,2007-10-17,2007,octobre,mercredi,73:2,40,40192,0,0,2,3,2,5,1,4,2,01,1,1,000,032,1,0,1,3,1,14,2,1,2,00,2,1,15,200700063521B01,7,15,1
200700063530,2007-10-10,2007,octobre,mercredi,14:00,41,41212,0,0,2,1,3,1,1,3,2,02,1,1,000,000,1,0,1,4,2,50,5,1,9,00,2,1,1,200700063530B01,7,16,1
200700063537,2007-10-19,2007,octobre,vendredi,15:53,41,41018,0,0,2,1,3,1,1,4,2,01,1,1,000,000,1,0,1,1,1,16,0,0,0,00,2,6,5,200700063537B01,33,1,1
200700063583,2007-10-08,2007,octobre,lundi,80:0,42,42218,0,0,2,1,6,1,1,4,1,02,1,1,000,000,1,0,1,1,2,21,2,1,9,00,1,1,1,200700063583A01,,,
200700063591,2007-10-16,2007,octobre,mardi,15:45,42,42218,0,0,2,7,6,1,1,4,2,01,1,1,000,000,1,0,1,1,1,18,0,1,9,00,1,1,0,200700063591A01,,,
200700063598,2007-10-27,2007,octobre,samedi,20:00,42,42218,0,0,2,6,6,3,1,4,1,02,1,2,070,060,1,5,1,4,1,69,5,1,2,00,2,1,1,200700063598B01,7,9,1
200700063612,2007-10-04,2007,octobre,jeudi,83:5,44,44109,0,0,2,3,3,2,8,4,3,04,1,3,020,160,1,0,0,3,1,58,0,1,2,00,2,1,1,200700063612B01,7,16,1
200700063645,2007-10-15,2007,octobre,lundi,80:5,44,44190,0,0,2,1,6,5,1,9,1,01,2,2,000,036,1,0,1,4,2,44,1,1,9,00,2,1,5,200700063645A01,7,1,1
200700063652,2007-10-27,2007,octobre,samedi,61:5,44,44109,0,0,2,2,6,5,1,4,2,02,2,1,000,000,1,0,0,3,1,26,1,1,4,00,2,1,1,200700063652B01,7,15,1
200700063664,2007-10-01,2007,octobre,lundi,16:45,44,44184,0,0,2,1,3,1,1,4,2,02,1,1,000,043,1,1,1,4,1,20,5,1,9,00,2,1,1,200700063664A01,7,1,1
200700063690,2007-10-11,2007,octobre,jeudi,17:00,45,45234,0,0,2,1,6,1,1,4,2,02,2,1,000,268,1,0,1,3,2,27,0,1,9,01,2,1,0,200700063690B01,7,22,1
200700063693,2007-10-17,2007,octobre,mercredi,19:58,45,45232,0,0,2,3,6,5,1,3,2,02,1,1,000,090,1,0,1,3,1,16,2,1,9,00,2,1,1,200700063693B01,7,15,1
200700063695,2007-10-17,2007,octobre,mercredi,20:00,45,45234,0,0,2,6,3,3,1,4,3,01,1,1,038,066,1,0,1,3,2,19,0,1,9,00,2,8,0,200700063695A01,7,0,1
200700063701,2007-10-23,2007,octobre,mardi,12:20,45,45284,0,0,2,3,3,1,1,4,2,02,1,1,000,060,1,0,1,3,1,15,2,1,4,00,2,0,0,200700063701A01,7,1,1
200700063709,2007-10-30,2007,octobre,mardi,16:25,45,45302,0,0,2,1,6,1,1,4,1,02,1,3,000,060,1,0,1,3,1,27,0,1,9,00,2,0,0,200700063709B01,7,0,1
200700063719,2007-10-08,2007,octobre,lundi,75:0,47,47323,0,0,2,6,6,1,8,4,1,01,1,3,000,094,1,5,1,3,2,11,2,1,9,00,0,8,16,200700063719B01,17,16,1
200700063731,2007-10-07,2007,octobre,dimanche,20:08,49,49007,0,0,2,1,2,5,1,4,2,02,1,1,000,060,1,0,1,4,2,35,0,1,9,00,2,4,2,200700063731B01,2,2,1
200700063733,2007-10-08,2007,octobre,lundi,13:49,49,49007,0,0,2,1,7,1,1,4,2,06,2,1,000,154,1,0,1,4,1,42,1,1,9,00,0,1,1,200700063733A01,,,
200700063741,2007-10-11,2007,octobre,jeudi,18:39,49,49267,0,0,2,1,7,1,1,4,-1,02,1,-1,000,050,1,0,1,4,1,12,5,1,9,00,0,0,0,200700063741A01,,,
200700063745,2007-10-14,2007,octobre,dimanche,13:49,49,49007,0,0,2,2,6,1,1,4,2,04,1,1,013,085,1,0,1,4,1,28,5,1,9,00,2,1,1,200700063745B01,2,1,1
200700063758,2007-10-20,2007,octobre,samedi,22:50,49,49007,0,0,2,1,7,5,1,4,2,02,1,1,000,070,1,0,1,3,1,32,0,1,9,00,0,0,1,200700063758A01,,,
200700063769,2007-10-26,2007,octobre,vendredi,85:5,49,49007,0,0,2,1,6,1,1,4,3,02,1,1,000,060,1,0,1,4,2,17,2,1,9,00,2,1,19,200700063769A01,7,1,1
200700063774,2007-10-26,2007,octobre,vendredi,16:36,49,49007,0,0,2,1,6,1,1,4,2,02,1,1,000,060,1,0,4,1,1,23,5,1,9,00,1,1,18,200700063774A01,,,
200700063790,2007-10-08,2007,octobre,lundi,18:00,50,50129,0,0,2,1,2,1,1,3,2,02,1,1,000,000,1,0,1,4,1,15,5,1,2,00,2,1,1,200700063790A01,7,23,1
200700063799,2007-10-18,2007,octobre,jeudi,18:10,50,50602,0,0,2,1,2,1,1,4,2,02,1,1,000,071,1,0,1,4,1,17,2,1,9,00,2,2,2,200700063799A01,7,1,1
200700063808,2007-10-19,2007,octobre,vendredi,18:25,50,50502,0,0,2,6,6,1,1,3,2,02,1,1,130,064,1,5,0,4,2,21,4,1,9,00,2,1,1,200700063808B01,7,1,1
200700063839,2007-10-03,2007,octobre,mercredi,16:55,52,52448,0,0,2,1,3,1,1,4,2,01,1,1,000,000,1,0,1,4,1,11,5,1,9,00,2,3,19,200700063839B01,7,2,1
200700063844,2007-10-11,2007,octobre,jeudi,13:00,53,53130,0,0,2,1,6,1,1,9,-1,00,1,1,000,000,1,6,4,1,1,20,1,1,2,00,1,1,1,200700063844A01,,,
200700063860,2007-10-04,2007,octobre,jeudi,13:35,54,54025,0,0,2,1,3,1,1,4,2,02,1,1,000,080,1,0,1,4,1,45,1,1,2,00,2,3,1,200700063860B01,7,16,1
200700063862,2007-10-05,2007,octobre,vendredi,12:45,54,54395,0,0,2,3,2,1,1,4,1,02,2,1,000,000,1,0,1,4,1,23,2,1,9,00,2,1,1,200700063862A01,7,1,1
200700063890,2007-10-18,2007,octobre,jeudi,84:0,54,54395,0,0,2,4,1,1,1,4,2,02,1,3,000,000,1,0,1,4,1,27,5,1,2,00,2,1,13,200700063890A01,7,1,1
200700063895,2007-10-23,2007,octobre,mardi,90:0,54,54395,0,0,2,1,3,1,1,4,1,01,1,1,000,000,1,0,1,4,1,38,5,1,2,00,2,3,1,200700063895B01,7,0,1
200700063925,2007-10-11,2007,octobre,jeudi,85:3,56,56121,0,0,2,1,2,1,1,4,2,02,1,2,000,000,1,0,1,4,2,11,2,1,2,00,2,5,0,200700063925B01,7,1,1
200700063934,2007-10-20,2007,octobre,samedi,19:05,56,56121,0,0,2,1,7,1,1,4,2,02,2,1,000,000,1,0,1,4,1,47,5,1,9,00,2,8,1,200700063934B01,7,1,1
200700063950,2007-10-25,2007,octobre,jeudi,75:0,56,56260,0,0,2,1,1,5,1,4,2,02,1,-1,000,000,1,0,5,4,1,27,2,1,9,00,2,1,0,200700063950B01,1,0,1
200700063950,2007-10-25,2007,octobre,jeudi,75:0,56,56260,0,0,2,1,1,5,1,4,2,02,1,-1,000,000,1,0,5,4,1,39,2,1,9,00,2,1,0,200700063950A01,1,0,1
200700063956,2007-10-03,2007,octobre,mercredi,83:5,57,57463,0,0,2,1,7,1,1,4,2,02,1,1,000,083,1,0,4,4,2,16,2,1,2,12,0,1,9,200700063956A01,,,
200700063963,2007-10-11,2007,octobre,jeudi,17:40,57,57480,0,0,2,1,6,1,1,4,4,03,1,1,000,050,1,0,1,4,2,40,1,1,2,00,2,1,15,200700063963B01,7,17,1
200700063985,2007-10-10,2007,octobre,mercredi,18:15,57,57221,0,0,2,1,6,1,1,3,2,03,1,1,000,106,1,0,1,4,1,14,9,1,9,00,2,7,0,200700063985B01,7,1,1
200700064014,2007-10-04,2007,octobre,jeudi,10:55,59,59043,0,0,1,3,3,1,1,3,2,02,1,3,000,000,2,0,5,4,1,75,5,1,2,00,2,1,21,200700064014B01,10,16,1
200700064028,2007-10-22,2007,octobre,lundi,95:0,59,59540,0,0,2,1,6,1,1,4,2,02,1,1,000,100,1,0,1,4,1,12,2,1,2,00,2,1,1,200700064028A01,,,
200700064030,2007-10-30,2007,octobre,mardi,91:0,59,59183,0,0,2,1,7,1,1,4,2,02,1,1,000,086,1,0,1,3,1,23,1,1,2,00,0,0,1,200700064030A01,,,
200700064059,2007-10-12,2007,octobre,vendredi,73:5,59,59378,0,0,2,3,3,2,5,4,2,02,1,1,000,000,1,0,1,4,2,13,2,1,2,00,2,1,1,200700064059B01,7,9,1
200700064061,2007-10-14,2007,octobre,dimanche,12:0,59,59350,0,0,2,2,6,5,1,9,-1,01,1,1,000,033,1,6,0,4,1,29,5,1,9,00,2,1,1,200700064061A01,,,
200700064063,2007-10-14,2007,octobre,dimanche,18:45,59,59378,0,0,2,1,3,4,1,3,3,01,1,1,060,260,1,3,1,4,1,52,5,1,4,00,2,1,1,200700064063A01,7,1,1
200700064066,2007-10-12,2007,octobre,vendredi,12:25,59,59350,0,0,2,3,3,1,1,4,2,02,1,1,025,106,1,0,1,4,1,37,1,1,2,00,2,1,1,200700064066B01,10,15,1
200700064068,2007-10-17,2007,octobre,mercredi,11:00,59,59360,0,0,2,2,3,1,2,3,2,02,1,1,000,000,2,0,1,3,1,29,4,1,2,00,9,0,16,200700064068B01,14,16,1
200700064076,2007-10-18,2007,octobre,jeudi,17:30,59,59378,0,0,2,1,6,1,1,4,2,05,1,1,000,057,1,0,5,4,1,31,1,1,2,00,2,1,21,200700064076B01,7,19,1
200700064076,2007-10-18,2007,octobre,jeudi,17:30,59,59378,0,0,2,1,6,1,1,4,2,05,1,1,000,057,1,0,5,4,1,36,1,1,2,00,2,1,1,200700064076C01,7,19,1
200700064079,2007-10-19,2007,octobre,vendredi,12:00,59,59328,0,0,2,2,6,1,1,4,2,02,1,1,000,000,1,0,1,4,1,63,0,1,4,00,2,1,19,200700064079B01,7,15,1
200700064093,2007-10-24,2007,octobre,mercredi,15:20,59,59350,0,0,2,4,2,1,1,4,2,02,1,1,000,060,1,0,1,4,2,23,0,1,2,00,2,2,15,200700064093B01,10,15,1
200700064098,2007-10-25,2007,octobre,jeudi,12:45,59,59350,0,0,2,1,2,1,1,4,1,02,1,1,000,040,1,2,1,3,2,56,5,1,9,00,2,4,1,200700064098B01,31,1,1
200700064102,2007-10-28,2007,octobre,dimanche,19:45,59,59350,0,0,2,1,6,5,1,4,2,02,1,2,000,000,1,0,1,3,2,16,5,1,4,00,2,1,13,200700064102B01,7,21,1
200700064102,2007-10-28,2007,octobre,dimanche,19:45,59,59350,0,0,2,1,6,5,1,4,2,02,1,2,000,000,1,0,1,4,2,7,0,1,4,00,2,1,13,200700064102B01,7,21,1
200700064104,2007-10-31,2007,octobre,mercredi,75:0,59,59360,0,0,2,1,1,1,1,4,2,02,1,1,000,070,1,0,1,4,1,35,1,1,2,00,2,1,10,200700064104B01,10,17,1
200700064105,2007-10-31,2007,octobre,mercredi,11:45,59,59507,0,0,2,1,6,1,1,3,2,02,1,1,000,070,1,0,1,4,1,11,5,1,9,00,2,8,19,200700064105B01,7,1,1
200700064105,2007-10-31,2007,octobre,mercredi,11:45,59,59507,0,0,2,1,6,1,1,3,2,02,1,1,000,070,1,0,1,4,1,8,0,1,9,00,2,8,19,200700064105B01,7,1,1
200700064109,2007-10-24,2007,octobre,mercredi,93:5,59,59350,0,0,2,1,6,1,1,4,2,02,1,1,000,040,1,0,1,4,2,21,5,1,9,01,0,1,1,200700064109B01,7,24,1
200700064116,2007-10-01,2007,octobre,lundi,17:53,59,59365,0,0,1,1,2,1,2,3,2,02,1,1,000,060,2,0,1,4,1,27,5,1,9,00,0,8,1,200700064116B01,7,1,1
200700064132,2007-10-18,2007,octobre,jeudi,18:15,59,59299,0,0,2,2,1,1,1,4,2,02,1,1,000,000,1,0,1,3,1,42,0,1,2,00,2,9,1,200700064132A01,7,1,1
200700064144,2007-10-26,2007,octobre,vendredi,15:20,59,59512,0,0,2,1,6,1,1,4,2,02,1,1,000,000,1,0,1,3,1,23,0,1,2,01,2,0,1,200700064144A01,7,1,1
200700064147,2007-10-25,2007,octobre,jeudi,74:5,59,59512,0,0,2,1,7,5,3,4,2,02,1,1,000,000,2,0,1,3,1,16,4,1,2,00,0,0,1,200700064147A01,,,
200700064165,2007-10-16,2007,octobre,mardi,16:50,59,59279,0,0,2,1,6,1,1,4,2,01,2,1,000,061,1,0,0,1,2,37,0,1,9,00,1,1,2,200700064165A01,,,
200700064171,2007-10-20,2007,octobre,samedi,17:10,59,59599,0,0,2,1,3,1,7,4,2,02,1,1,000,110,1,0,1,4,1,11,5,1,9,00,2,8,19,200700064171A01,7,1,1
200700064214,2007-10-25,2007,octobre,jeudi,15:00,62,62516,0,0,2,2,3,1,1,4,2,02,4,1,000,000,1,0,1,3,1,56,5,1,4,00,2,3,1,200700064214B01,7,0,1
200700064220,2007-10-02,2007,octobre,mardi,17:50,62,62119,0,0,2,3,6,1,8,4,2,02,1,1,000,058,1,0,0,3,2,12,5,1,9,00,0,1,15,200700064220B01,7,13,1
200700064220,2007-10-02,2007,octobre,mardi,17:50,62,62119,0,0,2,3,6,1,8,4,2,02,1,1,000,058,1,0,0,3,2,37,5,1,9,00,2,1,13,200700064220C01,7,13,1
200700064233,2007-10-29,2007,octobre,lundi,11:05,62,62193,0,0,2,1,6,1,2,4,-1,02,1,1,000,050,2,3,1,4,1,63,0,1,9,00,2,7,1,200700064233B01,7,9,1
200700064238,2007-10-28,2007,octobre,dimanche,16:25,62,62637,0,0,2,1,3,1,1,4,1,02,1,1,000,050,1,0,1,3,1,17,5,1,9,00,2,1,9,200700064238A01,7,1,1
200700064243,2007-10-29,2007,octobre,lundi,21:35,62,62427,0,0,2,3,3,5,2,4,2,02,1,1,000,000,2,0,1,4,1,25,5,1,4,00,2,1,1,200700064243A01,7,15,1
200700064247,2007-10-18,2007,octobre,jeudi,11:50,62,62895,0,0,2,3,3,1,2,4,2,02,1,1,000,050,2,0,1,4,2,68,3,1,9,00,2,7,23,200700064247B01,7,15,1
200700064248,2007-10-18,2007,octobre,jeudi,12:10,62,62498,0,0,2,2,3,1,1,3,4,03,1,1,000,100,1,5,1,4,1,54,4,1,9,00,2,8,1,200700064248B01,7,1,1
200700064258,2007-10-24,2007,octobre,mercredi,80:0,62,62563,0,0,2,1,1,2,2,4,2,02,1,1,000,080,1,0,0,3,1,20,5,1,2,00,2,1,1,200700064258B01,7,15,1
200700064279,2007-10-12,2007,octobre,vendredi,22:50,63,63113,0,0,2,1,6,5,1,4,2,02,1,1,000,000,1,0,1,1,1,34,5,1,9,00,2,1,1,200700064279A01,31,1,1
200700064284,2007-10-14,2007,octobre,dimanche,17:00,63,63113,0,0,2,1,3,1,1,4,3,00,1,1,040,104,1,5,1,4,1,16,0,1,2,00,2,0,1,200700064284B01,7,15,1
200700064288,2007-10-17,2007,octobre,mercredi,12:22,63,63113,0,0,2,1,7,1,1,4,2,02,1,1,000,000,1,0,1,4,1,9,5,1,2,01,0,1,0,200700064288A01,,,
200700064295,2007-10-19,2007,octobre,vendredi,10:00,63,63113,0,0,2,1,3,1,1,4,1,01,1,2,000,100,1,0,1,3,1,49,4,1,2,00,2,1,1,200700064295B01,7,1,1
200700064354,2007-10-08,2007,octobre,lundi,17:00,64,64445,0,0,2,1,3,1,1,4,2,02,1,1,000,087,1,0,1,4,1,13,2,1,2,00,2,8,13,200700064354B01,7,1,1
200700064358,2007-10-12,2007,octobre,vendredi,85:0,64,64445,0,0,2,2,3,1,1,4,2,02,1,1,000,120,1,0,1,4,1,57,0,1,9,00,0,1,1,200700064358A01,7,15,1
200700064360,2007-10-13,2007,octobre,samedi,94:5,64,64445,0,0,2,1,3,1,1,4,2,02,1,1,013,049,1,0,1,4,1,26,0,1,2,00,2,0,1,200700064360B01,7,16,1
200700064364,2007-10-15,2007,octobre,lundi,17:40,64,64445,0,0,2,2,3,1,1,4,2,02,1,1,000,080,1,0,1,4,2,16,0,1,9,00,2,7,1,200700064364B01,7,15,1
200700064369,2007-10-20,2007,octobre,samedi,91:5,64,64445,0,0,2,6,3,1,1,4,1,02,1,2,000,000,1,5,1,4,1,16,5,1,2,00,2,1,1,200700064369B01,7,9,1
200700064373,2007-10-24,2007,octobre,mercredi,18:15,64,64445,0,0,2,1,3,1,1,4,2,02,1,1,000,180,1,0,0,4,1,17,0,1,9,00,2,8,1,200700064373B01,7,15,1
200700064387,2007-10-28,2007,octobre,dimanche,10:40,64,64189,0,0,1,1,3,1,1,3,2,02,1,-1,000,000,1,0,1,4,1,55,5,1,2,00,2,1,1,200700064387B01,7,15,1
200700064400,2007-10-15,2007,octobre,lundi,17:05,65,65440,0,0,2,6,3,1,1,3,2,01,1,1,000,042,1,0,1,4,2,60,3,1,2,00,2,5,1,200700064400B01,7,1,1
200700064410,2007-10-26,2007,octobre,vendredi,17:55,65,65440,0,0,2,6,3,1,1,4,1,02,1,-1,000,067,1,0,5,4,2,65,5,1,9,00,2,7,1,200700064410B01,7,0,1
200700064431,2007-10-03,2007,octobre,mercredi,14:30,67,67482,0,0,2,2,2,1,1,4,1,01,1,1,000,050,1,0,1,4,1,75,0,1,9,00,0,0,0,200700064431A01,30,0,1
200700064436,2007-10-05,2007,octobre,vendredi,94:5,67,67482,0,0,2,3,3,1,1,4,1,03,1,2,000,140,1,0,1,4,1,28,0,1,9,00,2,1,21,200700064436B01,7,16,1
200700064447,2007-10-12,2007,octobre,vendredi,94:0,67,67482,0,0,2,3,3,1,1,4,1,02,1,1,000,080,1,0,1,4,2,21,9,1,4,00,2,7,19,200700064447A01,33,1,1
200700064450,2007-10-14,2007,octobre,dimanche,14:45,67,67482,0,0,2,2,3,1,1,4,2,04,1,1,000,150,1,0,1,4,1,19,5,1,9,00,2,1,1,200700064450B01,7,1,1
200700064453,2007-10-16,2007,octobre,mardi,14:10,67,67482,0,0,2,1,6,1,1,4,3,02,1,1,080,120,1,0,1,4,2,59,4,1,9,00,2,1,1,200700064453B01,7,20,1
200700064456,2007-10-17,2007,octobre,mercredi,72:5,67,67482,0,0,2,1,3,2,1,4,2,04,1,1,022,094,1,0,1,4,1,19,4,1,9,00,2,3,19,200700064456B01,7,1,1
200700064462,2007-10-19,2007,octobre,vendredi,19:00,67,67482,0,0,2,1,3,5,1,4,2,02,1,1,000,076,1,0,0,4,1,22,2,1,9,00,2,1,1,200700064462B01,7,15,1
200700064466,2007-10-23,2007,octobre,mardi,82:5,67,67482,0,0,2,2,3,1,1,4,1,01,1,2,000,035,1,0,1,4,1,18,0,0,0,00,2,1,1,200700064466B01,7,1,1
200700064470,2007-10-24,2007,octobre,mercredi,19:00,67,67482,0,0,2,2,3,5,1,4,2,02,1,1,000,100,1,0,1,4,1,29,5,1,9,00,2,7,1,200700064470B01,7,16,1
200700064472,2007-10-25,2007,octobre,jeudi,11:55,67,67482,0,0,2,1,3,1,1,4,3,04,1,1,114,130,1,0,1,4,2,17,0,1,9,00,2,6,19,200700064472B01,7,1,1
200700064477,2007-10-28,2007,octobre,dimanche,14:5,67,67482,0,0,2,1,2,5,1,4,2,02,1,1,000,128,1,0,1,4,1,15,0,0,0,00,2,8,1,200700064477B01,7,4,1
200700064478,2007-10-30,2007,octobre,mardi,13:25,67,67482,0,0,1,2,3,1,1,4,2,02,1,1,000,032,1,0,1,4,1,35,5,1,9,00,2,7,1,200700064478B01,7,15,1
200700064479,2007-10-30,2007,octobre,mardi,15:25,67,67482,0,0,2,2,3,1,1,4,1,02,1,1,000,070,1,0,1,4,1,20,5,1,9,00,2,7,1,200700064479B01,7,1,1
200700064485,2007-10-17,2007,octobre,mercredi,12:51,68,68066,0,0,2,1,1,1,1,4,2,02,1,1,000,104,1,0,1,4,2,17,2,1,9,00,2,1,1,200700064485B01,7,22,1
200700064489,2007-10-07,2007,octobre,dimanche,15:30,68,68112,0,0,2,3,3,1,1,4,2,02,1,1,000,067,1,0,1,4,1,8,5,1,9,00,0,3,15,200700064489A01,7,1,1
200700064491,2007-10-16,2007,octobre,mardi,16:05,68,68112,0,0,2,2,3,1,1,3,2,02,2,1,000,066,1,0,1,4,1,53,5,1,2,00,2,1,1,200700064491A01,7,15,1
200700064504,2007-10-26,2007,octobre,vendredi,11:59,68,68224,0,0,2,1,3,1,1,3,1,01,2,1,000,022,1,0,5,4,1,14,0,0,0,00,2,0,5,200700064504A01,7,1,1
200700064510,2007-10-29,2007,octobre,lundi,17:35,68,68271,0,0,2,1,6,5,1,4,2,02,1,1,000,000,2,0,1,4,1,11,5,1,9,00,2,0,9,200700064510A01,37,1,1
200700064550,2007-10-03,2007,octobre,mercredi,17:55,69,69266,0,0,2,1,6,1,3,4,2,02,2,1,000,060,2,0,1,4,2,17,5,1,9,00,2,8,18,200700064550A01,14,1,1
200700064551,2007-10-09,2007,octobre,mardi,17:55,69,69266,0,0,2,6,3,1,1,4,2,02,1,2,000,000,1,5,1,4,2,70,5,1,9,00,2,1,1,200700064551B01,7,1,1
200700064555,2007-10-06,2007,octobre,samedi,11:50,69,69266,0,0,2,2,6,1,1,4,2,03,1,1,000,104,1,0,1,4,1,55,9,1,9,00,2,8,1,200700064555B01,7,16,1
200700064561,2007-10-25,2007,octobre,jeudi,17:00,69,69275,0,0,2,1,3,1,1,4,2,02,1,1,000,073,1,0,1,4,1,42,5,1,9,00,2,1,1,200700064561B01,30,19,1
200700064574,2007-10-13,2007,octobre,samedi,12:15,70,70207,0,0,2,1,2,1,7,4,2,02,2,1,000,070,1,0,1,3,1,22,0,1,2,00,2,1,17,200700064574A01,7,15,1
200700064580,2007-10-01,2007,octobre,lundi,11:30,71,71153,0,0,2,3,3,1,1,4,2,02,1,1,000,093,1,0,1,4,1,43,5,1,9,00,2,1,13,200700064580B01,7,16,1
200700064598,2007-10-26,2007,octobre,vendredi,90:5,71,71270,0,0,1,6,3,1,1,2,2,02,1,3,000,000,1,0,0,4,1,59,5,1,4,00,2,7,19,200700064598A01,7,2,1
200700064614,2007-10-08,2007,octobre,lundi,12:00,72,72181,0,0,2,1,7,1,1,9,1,01,2,1,000,071,1,4,1,4,1,45,1,1,9,00,0,8,15,200700064614A01,,,
200700064621,2007-10-13,2007,octobre,samedi,15:00,72,72181,0,0,2,3,3,1,1,9,2,02,1,3,000,000,1,5,5,2,1,70,5,1,2,00,2,1,1,200700064621B01,7,16,1