Num_Acc,date,an,mois,jour,hrmn,dep,com,lat,long,agg,int,col,lum,atm,catr,circ,nbv,prof,plan,lartpc,larrout,surf,infra,situ,grav,sexe,age,trajet,secuexist,equipement,obs,obsm,choc,manv,vehiculeid,typevehicules,manoeuvehicules,numVehicules
200700064628,2007-10-16,2007,octobre,mardi,20:35,72,72181,0,0,2,1,6,5,1,9,2,01,2,1,000,000,1,0,1,4,1,43,5,1,2,00,0,7,1,200700064628B01,7,1,1
200700064638,2007-10-22,2007,octobre,lundi,14:05,72,72181,0,0,2,1,6,1,1,9,2,02,1,1,000,000,1,0,1,4,1,46,9,1,2,14,0,1,1,200700064638A01,,,
200700064640,2007-10-24,2007,octobre,mercredi,16:20,72,72181,0,0,2,1,1,1,1,9,2,02,1,1,000,073,1,0,1,4,2,47,9,1,2,00,2,1,19,200700064640A01,7,1,1
200700064641,2007-10-24,2007,octobre,mercredi,16:15,72,72181,0,0,2,1,3,1,1,9,2,02,2,1,000,068,1,0,1,4,1,34,9,1,2,00,0,0,1,200700064641B01,7,15,1
200700064643,2007-10-24,2007,octobre,mercredi,17:30,72,72181,0,0,2,1,6,1,1,9,2,02,1,1,000,000,1,0,1,4,1,12,9,1,2,16,0,1,1,200700064643A01,,,
200700064651,2007-10-02,2007,octobre,mardi,17:05,73,73008,0,0,2,1,2,1,1,4,2,02,1,1,000,120,1,0,1,4,1,11,5,1,4,00,2,1,1,200700064651A01,7,1,1
200700064665,2007-10-21,2007,octobre,dimanche,14:15,74,74218,0,0,2,3,3,1,1,3,2,02,3,3,000,000,1,5,1,3,1,38,5,1,2,00,2,1,1,200700064665B01,7,1,1
200700064667,2007-10-11,2007,octobre,jeudi,17:55,76,76217,0,0,2,1,3,1,1,4,1,04,1,1,030,120,1,0,1,4,1,16,5,1,2,00,2,1,9,200700064667A01,7,1,1
200700064676,2007-10-23,2007,octobre,mardi,12:00,76,76165,0,0,2,2,3,1,1,4,2,01,1,1,010,050,1,0,1,4,1,18,5,1,9,00,2,1,9,200700064676A01,7,1,1
200700064710,2007-10-22,2007,octobre,lundi,17:25,76,76575,0,0,2,1,3,1,1,2,3,02,1,1,012,062,1,0,5,3,1,34,5,1,2,00,2,1,1,200700064710B01,7,9,1
200700064798,2007-10-30,2007,octobre,mardi,18:45,77,77514,0,0,2,3,3,5,1,4,1,01,1,1,000,060,1,0,1,4,1,47,1,1,9,00,2,1,0,200700064798B01,7,15,1
200700064810,2007-10-17,2007,octobre,mercredi,18:30,78,78383,0,0,2,1,3,1,1,3,3,04,1,1,080,140,1,0,1,4,2,14,5,1,2,00,0,5,19,200700064810A01,7,1,1
200700064817,2007-10-18,2007,octobre,jeudi,17:05,78,78423,0,0,2,1,3,1,1,4,2,00,1,1,000,000,1,0,1,4,1,12,2,1,9,00,2,8,19,200700064817A01,7,1,1
200700064847,2007-10-06,2007,octobre,samedi,14:30,78,78165,0,0,2,6,2,1,1,3,2,01,1,3,000,120,1,0,1,4,1,44,5,1,2,00,2,4,9,200700064847B01,7,9,1
200700064848,2007-10-14,2007,octobre,dimanche,91:0,78,78490,0,0,2,1,3,1,1,4,2,01,1,-1,000,061,1,0,1,4,1,54,5,1,2,00,2,8,1,200700064848B01,7,17,1
200700064850,2007-10-22,2007,octobre,lundi,12:05,78,78165,0,0,2,6,3,1,1,3,2,02,1,2,000,070,1,0,1,4,2,44,1,1,2,00,2,8,9,200700064850B01,7,9,1
200700064867,2007-10-26,2007,octobre,vendredi,11:35,78,78517,0,0,2,6,3,1,1,3,3,02,1,3,000,090,1,0,1,4,1,32,1,1,2,00,2,1,1,200700064867B01,7,9,1
200700064877,2007-10-14,2007,octobre,dimanche,16:55,78,78586,0,0,2,2,3,1,1,4,2,02,1,1,000,060,1,0,1,4,2,31,1,1,9,00,2,1,1,200700064877A01,7,15,1
200700064887,2007-10-18,2007,octobre,jeudi,85:0,78,78640,0,0,2,3,3,1,1,3,1,02,1,3,000,070,1,5,1,3,2,37,1,1,9,00,2,3,2,200700064887B01,7,12,1
200700064888,2007-10-21,2007,octobre,dimanche,12:15,78,78322,0,0,2,1,6,1,1,4,2,02,1,3,000,056,1,0,1,3,1,77,5,1,2,00,2,1,1,200700064888B01,7,17,1
200700064900,2007-10-26,2007,octobre,vendredi,17:45,78,78646,0,0,2,2,3,2,1,4,2,04,1,1,000,220,1,0,1,3,1,15,5,1,2,00,2,1,1,200700064900B01,7,16,1
200700064905,2007-10-07,2007,octobre,dimanche,15:30,78,78158,0,0,2,1,2,1,1,4,2,02,1,1,000,030,-1,0,1,4,2,19,5,0,0,00,2,1,2,200700064905A01,7,23,1
200700064906,2007-10-09,2007,octobre,mardi,18:50,79,79081,0,0,2,1,1,1,1,4,2,02,2,2,000,048,1,0,1,3,1,13,5,1,9,00,2,1,13,200700064906A01,10,1,1
200700064918,2007-10-03,2007,octobre,mercredi,13:00,80,80021,0,0,2,1,2,1,2,4,1,02,1,1,000,060,1,0,1,1,2,4,0,1,2,00,2,1,1,200700064918A01,7,1,1
200700064918,2007-10-03,2007,octobre,mercredi,13:00,80,80021,0,0,2,1,2,1,2,4,1,02,1,1,000,060,1,0,1,4,2,16,0,1,2,00,2,1,1,200700064918A01,7,1,1
200700064925,2007-10-11,2007,octobre,jeudi,73:5,80,80489,0,0,2,1,6,2,1,4,3,02,1,1,020,060,1,0,5,4,1,29,1,1,9,00,2,1,1,200700064925B01,7,22,1
200700064933,2007-10-19,2007,octobre,vendredi,12:00,80,80021,0,0,2,2,3,1,1,4,1,01,1,1,000,030,1,0,1,4,1,20,0,1,9,00,2,4,1,200700064933A01,7,1,1
200700064938,2007-10-24,2007,octobre,mercredi,75:0,80,80021,0,0,2,1,3,1,1,4,2,02,1,1,000,080,1,0,1,4,2,17,0,1,9,00,2,1,1,200700064938A01,7,9,1
200700064957,2007-10-12,2007,octobre,vendredi,10:55,81,81065,0,0,2,1,3,1,1,3,1,04,1,1,000,000,1,0,1,1,2,29,5,1,9,00,2,8,1,200700064957B01,15,1,1
200700064957,2007-10-12,2007,octobre,vendredi,10:55,81,81065,0,0,2,1,3,1,1,3,1,04,1,1,000,000,1,0,1,4,2,2,0,1,9,00,2,8,1,200700064957B01,15,1,1
200700064987,2007-10-18,2007,octobre,jeudi,18:30,83,83061,0,0,2,1,1,1,1,4,3,01,1,1,000,000,1,0,1,4,1,11,5,1,9,00,2,7,19,200700064987B01,7,1,1
200700065000,2007-10-16,2007,octobre,mardi,19:45,83,83126,0,0,2,3,1,5,1,4,2,01,1,2,000,000,1,0,1,3,1,15,5,1,9,00,0,1,0,200700065000A01,30,15,1
200700065011,2007-10-02,2007,octobre,mardi,11:45,83,83137,0,0,2,3,3,1,1,4,1,01,1,1,000,000,1,0,4,4,1,35,2,1,9,00,0,1,0,200700065011B01,33,0,1
200700065044,2007-10-06,2007,octobre,samedi,16:55,84,84007,0,0,2,3,1,1,1,4,2,00,1,1,000,000,1,0,1,4,2,18,0,1,9,00,2,1,13,200700065044A01,7,1,1
200700065045,2007-10-08,2007,octobre,lundi,72:0,84,84007,0,0,2,1,3,1,1,3,2,02,1,1,005,090,1,0,1,3,1,61,5,1,2,00,2,1,19,200700065045A01,7,1,1
200700065056,2007-10-25,2007,octobre,jeudi,13:55,84,84007,0,0,2,3,3,1,1,4,2,02,1,1,000,000,1,0,5,3,2,26,2,1,9,00,2,3,1,200700065056B01,7,15,1
200700065080,2007-10-03,2007,octobre,mercredi,13:30,86,86066,0,0,1,6,3,1,2,3,3,01,1,2,034,134,2,5,0,4,2,74,5,1,2,00,2,5,1,200700065080B01,7,9,1
200700065089,2007-10-07,2007,octobre,dimanche,11:05,86,86194,0,0,2,6,3,1,1,4,1,01,2,3,000,000,1,0,1,4,1,56,5,1,9,00,2,4,1,200700065089A01,7,16,1
200700065104,2007-10-01,2007,octobre,lundi,14:48,87,87085,0,0,2,1,2,1,1,4,2,50,1,1,000,080,1,0,1,4,1,17,1,1,2,00,2,4,2,200700065104B01,7,0,1
200700065106,2007-10-02,2007,octobre,mardi,16:46,87,87050,0,0,2,1,7,1,1,3,2,02,-1,3,000,070,1,0,1,3,1,63,5,1,2,00,0,0,1,200700065106A01,,,
200700065111,2007-10-04,2007,octobre,jeudi,13:17,87,87085,0,0,2,1,3,1,1,4,2,02,1,1,000,060,1,0,1,3,1,49,1,1,2,00,2,1,2,200700065111B01,7,15,1
200700065114,2007-10-05,2007,octobre,vendredi,16:26,87,87085,0,0,2,2,3,1,1,3,3,05,-1,1,010,150,1,0,1,4,1,26,5,1,2,00,2,1,1,200700065114B01,10,1,1
200700065160,2007-10-27,2007,octobre,samedi,14:21,87,87075,0,0,1,1,6,1,1,2,2,02,1,1,000,090,1,0,1,2,1,68,5,1,4,08,0,0,0,200700065160A01,,,
200700065191,2007-10-10,2007,octobre,mercredi,14:40,90,90010,0,0,2,1,3,1,1,4,3,02,1,1,000,065,1,0,1,3,1,36,5,1,9,00,2,8,1,200700065191B01,7,12,1
200700065194,2007-10-12,2007,octobre,vendredi,16:50,90,90010,0,0,2,1,2,1,1,6,2,01,1,1,000,157,1,0,1,3,1,19,2,1,2,00,0,1,1,200700065194A01,7,23,1
200700065203,2007-10-20,2007,octobre,samedi,18:20,90,90039,0,0,2,3,3,1,1,4,2,02,2,1,000,070,1,0,1,4,1,58,5,1,2,00,2,8,1,200700065203B01,7,15,1
200700065220,2007-10-10,2007,octobre,mercredi,11:30,91,91114,0,0,2,1,1,1,1,2,2,02,1,1,020,020,1,0,4,4,1,14,2,1,2,00,2,1,1,200700065220A01,7,9,1
200700065221,2007-10-10,2007,octobre,mercredi,17:00,91,91514,0,0,2,6,3,1,1,2,1,02,1,1,020,020,1,0,1,4,1,30,0,1,9,00,2,1,1,200700065221B01,7,9,1
200700065221,2007-10-10,2007,octobre,mercredi,17:00,91,91514,0,0,2,6,3,1,1,2,1,02,1,1,020,020,1,0,1,4,1,2,0,1,3,00,2,1,1,200700065221B01,7,9,1
200700065228,2007-10-13,2007,octobre,samedi,14:30,91,91174,0,0,2,1,3,1,1,2,2,03,1,-1,000,030,1,0,1,3,1,77,5,1,9,00,2,3,11,200700065228B01,33,2,1
200700065294,2007-10-20,2007,octobre,samedi,17:15,91,91645,0,0,2,3,3,1,1,4,2,02,2,1,000,186,1,0,1,4,1,15,5,1,2,00,2,1,1,200700065294A01,7,1,1
200700065320,2007-10-23,2007,octobre,mardi,10:45,92,92007,0,0,2,3,6,1,1,3,2,02,2,1,000,000,1,0,1,4,1,88,5,1,2,00,2,1,16,200700065320B01,,,
200700065340,2007-10-19,2007,octobre,vendredi,84:5,92,92032,0,0,2,2,1,1,1,3,-1,02,1,1,011,105,1,0,0,4,2,54,9,1,2,00,0,1,2,200700065340A01,7,2,1
200700065369,2007-10-11,2007,octobre,jeudi,17:20,92,92026,0,0,2,1,3,1,1,4,3,02,1,1,000,000,1,0,1,3,2,44,5,1,2,00,2,0,1,200700065369B01,7,15,1
200700065394,2007-10-18,2007,octobre,jeudi,81:0,92,92040,0,0,2,1,6,1,1,3,2,02,1,1,000,100,1,0,1,1,2,31,1,1,2,00,1,1,17,200700065394A01,,,
200700065398,2007-10-01,2007,octobre,lundi,19:05,92,92044,0,0,2,1,6,2,2,4,1,02,1,1,000,000,2,0,1,4,1,55,1,1,2,01,0,1,1,200700065398B01,7,24,1
200700065409,2007-10-24,2007,octobre,mercredi,12:16,92,92044,0,0,2,1,3,1,1,4,1,01,1,1,000,000,1,0,4,4,1,62,9,1,2,00,2,8,5,200700065409B01,7,1,1
200700065410,2007-10-24,2007,octobre,mercredi,18:20,92,92044,0,0,2,2,3,1,1,4,1,01,1,1,000,000,1,0,1,4,2,53,1,1,9,00,2,1,12,200700065410B01,7,2,1
200700065415,2007-10-17,2007,octobre,mercredi,83:5,92,92048,0,0,2,3,3,1,1,4,2,02,1,1,000,090,1,0,2,4,1,27,1,1,2,00,2,1,15,200700065415B01,7,1,1
200700065442,2007-10-31,2007,octobre,mercredi,91:5,92,92020,0,0,2,1,3,1,1,4,2,02,1,1,000,000,1,0,1,4,2,25,9,1,9,00,0,8,0,200700065442B01,7,0,1
200700065455,2007-10-05,2007,octobre,vendredi,11:40,92,92050,0,0,2,1,3,1,1,2,1,02,1,1,000,000,1,0,1,4,1,49,0,1,9,01,2,0,1,200700065455B01,7,1,1
200700065504,2007-10-14,2007,octobre,dimanche,14:20,92,92022,0,0,2,1,3,1,1,3,3,06,1,1,023,157,1,0,1,4,1,70,5,1,2,00,2,1,1,200700065504B01,7,15,1
200700065521,2007-10-09,2007,octobre,mardi,16:45,92,92046,0,0,2,1,2,1,1,4,1,00,1,1,000,031,1,0,1,4,2,11,2,1,9,00,2,1,1,200700065521A01,7,1,1
200700065534,2007-10-26,2007,octobre,vendredi,73:0,92,92062,0,0,2,2,7,2,1,3,1,03,1,1,000,000,1,0,1,1,1,32,1,1,2,00,1,1,1,200700065534A01,,,
200700065550,2007-10-05,2007,octobre,vendredi,80:0,93,93005,0,0,2,2,3,2,1,4,2,00,1,1,000,000,1,5,1,3,1,70,1,1,2,00,2,2,15,200700065550B01,7,15,1
200700065552,2007-10-15,2007,octobre,lundi,16:00,93,93005,0,0,2,3,3,1,1,4,2,02,1,1,000,080,1,0,1,1,2,19,2,0,0,00,0,8,2,200700065552B01,7,12,1
200700065552,2007-10-15,2007,octobre,lundi,16:00,93,93005,0,0,2,3,3,1,1,4,2,02,1,1,000,080,1,0,1,4,1,5,0,0,0,00,0,8,2,200700065552B01,7,12,1
200700065559,2007-10-16,2007,octobre,mardi,15:35,93,93007,0,0,2,1,2,1,1,4,3,02,1,-1,000,000,1,0,1,3,1,21,0,1,9,00,2,1,2,200700065559B01,7,0,1
200700065583,2007-10-27,2007,octobre,samedi,13:45,93,93010,0,0,2,1,1,1,1,4,2,00,1,2,000,000,1,0,1,4,1,32,1,1,9,00,2,1,0,200700065583B01,7,17,1
200700065613,2007-10-18,2007,octobre,jeudi,19:25,93,93031,0,0,2,3,3,4,1,2,2,03,1,1,000,090,1,5,1,4,1,29,0,1,9,00,2,1,1,200700065613A01,7,0,1
200700065653,2007-10-18,2007,octobre,jeudi,84:5,93,93046,0,0,2,2,1,1,1,2,3,01,1,1,000,000,-1,0,1,4,2,13,2,1,9,00,2,7,6,200700065653A01,7,1,1
200700065677,2007-10-06,2007,octobre,samedi,14:20,93,93049,0,0,2,1,2,1,1,4,2,02,1,1,000,060,1,0,1,4,1,29,0,1,9,00,0,6,2,200700065677B01,32,2,1
200700065729,2007-10-06,2007,octobre,samedi,12:30,93,93066,0,0,2,2,6,1,1,3,2,01,1,1,000,050,1,0,0,4,1,59,0,1,9,00,0,0,0,200700065729B01,,,
200700065757,2007-10-31,2007,octobre,mercredi,11:35,93,93071,0,0,2,2,3,1,1,4,1,01,1,1,000,000,1,0,1,3,2,48,5,1,4,00,0,8,1,200700065757B01,7,1,1
200700065767,2007-10-07,2007,octobre,dimanche,91:0,93,93078,0,0,1,6,2,1,1,1,-1,01,1,1,020,060,1,0,1,3,1,68,5,1,2,00,0,4,2,200700065767B01,33,2,1
200700065773,2007-10-25,2007,octobre,jeudi,11:00,93,93073,0,0,2,1,3,1,1,4,2,02,1,1,000,060,1,0,1,2,2,36,0,1,9,00,2,8,1,200700065773B01,37,17,1
200700065832,2007-10-07,2007,octobre,dimanche,17:00,94,94054,0,0,2,3,2,1,1,3,2,02,1,-1,000,073,-1,0,0,4,1,22,0,1,9,00,0,1,2,200700065832A01,7,23,1
200700065840,2007-10-06,2007,octobre,samedi,18:40,94,94028,0,0,2,1,6,1,1,4,-1,04,1,1,000,120,1,0,1,4,1,14,0,1,9,00,0,0,0,200700065840A01,,,
200700065841,2007-10-05,2007,octobre,vendredi,16:40,94,94028,0,0,2,1,6,1,1,4,2,02,1,1,000,120,1,0,1,4,1,27,0,1,9,00,0,0,0,200700065841A01,7,0,1
200700065850,2007-10-14,2007,octobre,dimanche,15:30,94,94028,0,0,2,1,6,1,1,3,2,02,1,1,000,060,1,0,1,4,1,49,5,1,9,00,0,4,2,200700065850B01,7,2,1
200700065852,2007-10-14,2007,octobre,dimanche,22:45,94,94028,0,0,2,1,6,5,1,4,2,02,1,1,000,060,1,0,1,4,1,44,5,1,9,00,0,0,19,200700065852B01,7,2,1
200700065854,2007-10-18,2007,octobre,jeudi,18:45,94,94011,0,0,2,1,1,1,1,4,1,01,1,1,000,030,-1,0,1,4,1,57,5,1,9,00,2,8,14,200700065854B01,7,15,1
200700065870,2007-10-19,2007,octobre,vendredi,55:0,94,94033,0,0,2,1,3,2,1,3,2,02,1,1,000,060,1,0,1,4,1,16,1,1,9,00,2,1,1,200700065870A01,7,1,1
200700065875,2007-10-05,2007,octobre,vendredi,18:55,94,94037,0,0,2,1,6,2,1,4,2,01,-1,1,000,000,1,0,1,4,1,22,0,1,9,00,2,3,2,200700065875A01,,,
200700065897,2007-10-18,2007,octobre,jeudi,80:0,94,94038,0,0,2,1,7,1,1,4,2,00,1,1,000,080,1,0,1,4,1,17,1,1,9,00,0,0,1,200700065897A01,,,
200700065935,2007-10-05,2007,octobre,vendredi,17:55,94,94068,0,0,2,1,6,1,1,2,3,02,3,2,000,060,1,0,1,1,1,45,1,1,9,00,1,0,1,200700065935A01,,,
200700065936,2007-10-11,2007,octobre,jeudi,14:50,94,94068,0,0,2,1,6,1,1,4,2,02,1,1,000,046,1,0,1,4,1,13,5,1,9,00,2,1,19,200700065936B01,7,1,1
200700065938,2007-10-14,2007,octobre,dimanche,85:5,94,94068,0,0,2,3,3,1,1,4,2,02,1,1,000,060,1,0,1,4,2,70,5,1,9,00,2,1,1,200700065938B01,7,15,1
200700065960,2007-10-13,2007,octobre,samedi,20:45,94,94067,0,0,2,3,6,5,1,3,2,02,1,1,000,000,1,0,1,4,2,57,5,1,9,00,2,4,13,200700065960B01,2,0,1
200700065982,2007-10-13,2007,octobre,samedi,25:0,95,95018,0,0,2,1,6,4,1,4,1,01,1,1,000,056,1,0,1,1,1,19,5,1,2,01,0,1,1,200700065982A01,,,
200700065982,2007-10-13,2007,octobre,samedi,25:0,95,95018,0,0,2,1,6,4,1,4,1,01,1,1,000,056,1,0,1,4,1,18,0,1,2,01,0,1,1,200700065982A01,,,
200700066000,2007-10-22,2007,octobre,lundi,70:0,95,95218,0,0,2,2,3,5,1,4,2,02,1,1,000,050,1,5,1,3,1,31,4,1,2,00,2,1,16,200700066000B01,7,1,1
200700066001,2007-10-21,2007,octobre,dimanche,93:0,95,95127,0,0,2,1,7,1,1,4,2,02,1,1,000,058,1,0,1,3,2,61,5,1,2,00,2,8,1,200700066001B01,7,13,1
200700066006,2007-10-15,2007,octobre,lundi,14:00,95,95210,0,0,2,2,3,1,1,4,2,02,2,1,000,054,1,0,1,4,1,15,5,1,2,00,2,3,5,200700066006B01,7,1,1
200700066018,2007-10-13,2007,octobre,samedi,16:50,95,95219,0,0,2,1,6,1,1,4,2,02,1,1,000,000,1,0,1,3,1,57,5,1,2,00,2,4,2,200700066018B01,99,0,1
200700066025,2007-10-06,2007,octobre,samedi,12:30,95,95280,0,0,1,1,3,1,1,4,3,04,1,-1,000,120,1,0,1,3,1,33,0,1,2,00,2,0,2,200700066025B01,10,2,1
200700066035,2007-10-16,2007,octobre,mardi,95:0,95,95424,0,0,2,2,3,1,1,3,3,04,1,1,000,000,1,0,1,3,1,74,5,1,9,00,9,8,1,200700066035B01,37,0,1
200700066059,2007-10-08,2007,octobre,lundi,14:56,2A,2A004,0,0,2,1,1,1,1,4,2,02,1,1,000,097,1,0,3,4,2,30,5,1,4,00,2,1,1,200700066059B01,7,16,1
200700066081,2007-10-27,2007,octobre,samedi,84:0,2A,2A004,0,0,1,1,3,1,1,2,2,04,1,1,000,098,1,0,1,3,1,58,5,1,9,00,2,8,1,200700066081B01,10,1,1
200700066442,2007-10-01,2007,octobre,lundi,20:05,69,69383,0,0,2,1,6,5,1,4,2,04,1,1,000,000,1,0,1,1,1,26,9,1,9,00,1,1,1,200700066442A01,,,
200700066443,2007-10-06,2007,octobre,samedi,17:30,69,69383,0,0,2,2,3,1,1,4,1,01,1,1,000,000,1,0,1,4,1,77,3,1,2,00,2,5,1,200700066443A01,7,1,1
200700066511,2007-10-10,2007,octobre,mercredi,20:15,69,69387,0,0,2,1,6,5,1,4,1,03,1,1,000,097,1,0,1,4,1,27,0,1,9,00,2,0,1,200700066511B01,7,0,1
200700066520,2007-10-02,2007,octobre,mardi,17:30,69,69388,0,0,2,2,3,1,1,4,3,02,1,1,000,060,1,0,1,4,1,65,5,1,2,00,2,1,2,200700066520B01,7,15,1
200700066660,2007-10-12,2007,octobre,vendredi,12:40,75,75101,0,0,2,1,3,1,1,4,1,01,1,1,000,040,1,0,1,4,2,32,0,1,9,00,0,0,17,200700066660B01,10,22,1
200700066661,2007-10-12,2007,octobre,vendredi,13:40,75,75101,0,0,2,1,3,1,1,4,1,01,1,-1,000,000,1,0,1,4,2,71,0,1,9,01,1,8,17,200700066661B01,7,1,1
200700066663,2007-10-12,2007,octobre,vendredi,18:15,75,75101,0,0,2,1,2,1,1,4,2,06,1,1,000,226,1,2,1,4,2,66,5,1,9,00,9,4,11,200700066663A01,33,2,1
200700066664,2007-10-14,2007,octobre,dimanche,18:35,75,75101,0,0,2,1,3,1,1,4,1,02,1,-1,007,045,1,0,1,4,2,28,5,1,4,00,2,3,7,200700066664B01,38,7,1
200700066667,2007-10-16,2007,octobre,mardi,15:30,75,75101,0,0,2,1,4,1,1,3,1,04,1,1,010,110,1,0,1,4,1,26,5,1,9,00,0,7,2,200700066667C01,7,2,2
200700066674,2007-10-24,2007,octobre,mercredi,17:35,75,75101,0,0,2,1,3,1,1,4,2,00,1,1,095,062,1,0,1,4,1,36,1,1,9,01,0,2,0,200700066674B01,7,0,1
200700066689,2007-10-22,2007,octobre,lundi,17:25,75,75102,0,0,2,1,2,1,1,9,1,01,1,1,000,160,1,0,1,4,1,27,0,1,9,01,0,1,2,200700066689A01,7,23,1
200700066693,2007-10-05,2007,octobre,vendredi,17:58,75,75103,0,0,2,1,2,1,1,4,1,03,1,1,000,106,1,0,1,4,2,25,5,1,4,00,0,4,2,200700066693B01,33,2,1
200700066700,2007-10-23,2007,octobre,mardi,16:55,75,75103,0,0,2,1,3,1,1,9,1,01,1,1,000,000,1,0,1,4,2,30,1,1,9,01,2,1,18,200700066700B01,7,0,1
200700066706,2007-10-07,2007,octobre,dimanche,11:6,75,75104,0,0,2,1,3,5,1,9,2,02,1,1,000,100,1,5,3,1,1,29,5,1,9,00,0,4,11,200700066706A01,32,1,1
200700066708,2007-10-08,2007,octobre,lundi,17:00,75,75104,0,0,2,1,3,1,1,4,1,04,1,1,000,128,1,0,1,4,1,58,5,1,9,00,2,0,2,200700066708A01,30,2,1
200700066710,2007-10-11,2007,octobre,jeudi,19:15,75,75104,0,0,2,1,6,5,1,4,2,02,1,1,000,000,1,0,5,4,1,73,5,1,9,09,0,1,0,200700066710A01,,,
200700066713,2007-10-15,2007,octobre,lundi,10:28,75,75104,0,0,2,1,3,1,1,4,1,01,1,-1,000,120,1,0,1,4,2,57,1,1,9,00,0,8,7,200700066713B01,37,7,1
200700066717,2007-10-19,2007,octobre,vendredi,19:05,75,75104,0,0,2,1,6,5,1,9,1,01,1,1,000,102,1,0,1,4,2,55,1,1,9,00,0,7,0,200700066717B01,7,0,1
200700066719,2007-10-25,2007,octobre,jeudi,17:10,75,75104,0,0,2,1,7,1,8,9,-1,04,1,1,000,180,1,0,1,4,1,27,0,1,9,00,0,1,1,200700066719A01,,,
200700066725,2007-10-02,2007,octobre,mardi,85:0,75,75105,0,0,2,1,3,1,1,4,3,02,2,1,000,110,1,0,1,4,1,25,0,1,4,00,2,1,17,200700066725B01,32,9,1
200700066732,2007-10-10,2007,octobre,mercredi,18:05,75,75105,0,0,2,2,3,1,1,4,2,02,2,1,000,140,1,0,1,4,1,26,1,1,4,00,2,1,1,200700066732B01,7,15,1
200700066739,2007-10-18,2007,octobre,jeudi,11:30,75,75105,0,0,2,1,3,1,1,4,2,02,1,1,000,117,1,0,1,4,2,49,5,1,9,01,2,7,2,200700066739B01,7,22,1
200700066744,2007-10-23,2007,octobre,mardi,73:5,75,75105,0,0,2,1,7,2,1,4,1,03,1,1,000,118,8,0,1,4,2,35,1,1,9,00,0,0,1,200700066744A01,,,
200700066748,2007-10-27,2007,octobre,samedi,17:20,75,75105,0,0,2,1,5,1,1,4,1,03,1,1,000,120,1,0,1,1,1,60,0,1,9,00,0,4,0,200700066748C01,30/ 7,3/2,2
200700066760,2007-10-16,2007,octobre,mardi,18:30,75,75106,0,0,2,1,2,2,1,4,1,03,1,1,000,114,1,0,1,4,2,24,0,1,2,00,0,4,2,200700066760B01,7,12,1
200700066777,2007-10-05,2007,octobre,vendredi,82:5,75,75107,0,0,2,1,3,1,1,4,-1,00,1,1,000,290,1,0,1,4,2,43,0,1,9,00,2,1,2,200700066777B01,7,0,1
200700066788,2007-10-18,2007,octobre,jeudi,13:25,75,75107,0,0,2,2,6,1,1,4,2,00,-1,-1,000,000,1,0,1,1,2,19,2,1,9,00,2,1,17,200700066788B01,2,15,1
200700066789,2007-10-19,2007,octobre,vendredi,82:5,75,75107,0,0,2,1,6,1,1,4,1,01,1,2,000,150,1,0,0,4,1,16,2,1,4,00,2,0,0,200700066789A01,7,15,1
200700066797,2007-10-03,2007,octobre,mercredi,15:27,75,75108,0,0,2,1,3,1,1,4,1,04,1,-1,000,179,1,0,1,4,2,31,4,1,9,00,0,0,2,200700066797B01,7,2,1
200700066803,2007-10-07,2007,octobre,dimanche,12:30,75,75108,0,0,2,1,3,1,1,4,2,02,2,1,000,000,1,0,1,4,1,41,5,1,2,01,0,1,1,200700066803B01,7,22,1
200700066805,2007-10-09,2007,octobre,mardi,17:10,75,75108,0,0,2,1,6,1,8,4,1,00,1,2,350,300,1,5,1,4,2,35,5,1,9,00,2,3,2,200700066805B01,32,2,1
200700066809,2007-10-12,2007,octobre,vendredi,14:00,75,75108,0,0,2,1,7,1,1,4,2,04,1,1,000,140,1,0,1,4,1,17,0,1,9,00,0,0,1,200700066809A01,,,
200700066841,2007-10-02,2007,octobre,mardi,19:45,75,75109,0,0,2,2,3,5,2,4,1,03,1,1,000,170,2,0,1,4,1,53,0,1,9,00,2,3,19,200700066841A01,32,2,1
200700066849,2007-10-08,2007,octobre,lundi,19:25,75,75109,0,0,2,1,3,5,1,4,1,01,2,1,000,050,1,0,1,3,1,13,5,1,9,00,2,1,5,200700066849A01,33,1,1
200700066853,2007-10-11,2007,octobre,jeudi,10:00,75,75109,0,0,2,1,3,1,8,4,2,04,1,1,000,120,1,0,1,4,1,48,1,1,9,00,0,4,2,200700066853B01,7,11,1
200700066857,2007-10-15,2007,octobre,lundi,10:20,75,75109,0,0,2,1,6,1,1,4,1,01,1,-1,000,030,1,0,4,1,1,17,5,1,9,01,1,1,0,200700066857A01,,,
200700066862,2007-10-18,2007,octobre,jeudi,13:00,75,75109,0,0,2,1,2,1,1,4,1,04,1,1,000,000,1,0,5,4,2,33,1,1,9,00,0,4,2,200700066862A01,30,23,1
200700066866,2007-10-23,2007,octobre,mardi,16:00,75,75109,0,0,2,1,3,1,1,4,1,02,1,1,000,000,1,0,1,4,1,59,5,1,9,01,0,7,7,200700066866B01,10,22,1
200700066867,2007-10-27,2007,octobre,samedi,13:30,75,75109,0,0,2,1,6,1,8,4,1,00,1,1,000,045,1,0,1,4,1,27,1,1,9,01,0,1,17,200700066867B01,7,22,1
200700066871,2007-10-02,2007,octobre,mardi,15:35,75,75110,0,0,2,1,7,1,1,4,2,01,1,-1,000,000,1,0,1,4,1,23,4,1,9,00,2,1,21,200700066871A01,,,
200700066881,2007-10-12,2007,octobre,vendredi,92:0,75,75110,0,0,2,1,6,1,1,4,1,00,1,1,000,070,1,0,5,4,2,28,1,1,9,01,0,1,21,200700066881A01,,,
200700066883,2007-10-12,2007,octobre,vendredi,19:15,75,75110,0,0,2,1,3,5,1,4,1,01,1,1,000,034,1,0,5,4,1,49,1,1,2,01,0,1,1,200700066883B01,10,22,1