Num_Acc,date,an,mois,jour,hrmn,dep,com,lat,long,agg,int,col,lum,atm,catr,circ,nbv,prof,plan,lartpc,larrout,surf,infra,situ,grav,sexe,age,trajet,secuexist,equipement,obs,obsm,choc,manv,vehiculeid,typevehicules,manoeuvehicules,numVehicules
200700066886,2007-10-13,2007,octobre,samedi,20:15,75,75110,0,0,2,1,6,5,1,4,1,01,1,1,000,080,1,0,1,4,2,22,5,1,9,00,1,1,5,200700066886A01,,,
200700066887,2007-10-14,2007,octobre,dimanche,19:30,75,75110,0,0,2,1,6,5,1,4,1,01,1,1,000,050,1,2,1,1,2,43,0,1,9,00,1,0,5,200700066887A01,,,
200700066890,2007-10-16,2007,octobre,mardi,15:55,75,75110,0,0,2,1,7,1,1,4,2,01,2,1,000,120,1,0,1,4,1,39,5,1,9,00,2,1,2,200700066890A01,,,
200700066895,2007-10-20,2007,octobre,samedi,13:00,75,75110,0,0,2,1,3,1,1,4,1,01,1,1,000,067,1,0,1,4,1,18,5,1,9,00,2,8,2,200700066895B01,7,14,1
200700066903,2007-10-27,2007,octobre,samedi,12:30,75,75110,0,0,2,1,2,1,1,4,1,01,1,1,000,070,1,0,1,4,2,32,5,1,9,00,0,1,21,200700066903B01,7,22,1
200700066906,2007-10-31,2007,octobre,mercredi,19:45,75,75110,0,0,2,1,7,5,1,4,1,01,1,1,000,030,1,0,1,4,1,53,0,1,9,00,0,0,0,200700066906A01,,,
200700066907,2007-10-31,2007,octobre,mercredi,18:20,75,75110,0,0,2,2,6,5,1,2,1,03,1,1,000,025,1,0,1,4,2,34,5,0,0,00,2,1,1,200700066907B01,7,0,1
200700066913,2007-10-05,2007,octobre,vendredi,12:15,75,75111,0,0,2,1,6,1,1,4,2,04,1,1,000,200,1,2,1,1,2,37,5,1,9,00,1,1,1,200700066913A01,,,
200700066920,2007-10-09,2007,octobre,mardi,13:55,75,75111,0,0,2,3,3,1,1,4,2,01,2,1,000,120,1,5,1,4,1,41,5,1,9,00,2,1,2,200700066920B01,7,1,1
200700066925,2007-10-17,2007,octobre,mercredi,11:00,75,75111,0,0,2,1,3,1,8,4,2,02,1,1,000,100,1,0,1,4,2,45,5,1,9,01,0,1,21,200700066925B01,10,22,1
200700066939,2007-10-30,2007,octobre,mardi,15:57,75,75111,0,0,2,1,6,1,8,4,2,01,2,1,030,150,2,0,1,4,2,62,5,1,9,00,0,8,15,200700066939A01,2,2,1
200700066954,2007-10-05,2007,octobre,vendredi,74:5,75,75112,0,0,2,1,7,2,1,4,-1,01,1,1,000,000,2,0,5,4,1,35,1,1,9,08,0,1,0,200700066954A01,,,
200700066964,2007-10-09,2007,octobre,mardi,18:25,75,75112,0,0,2,1,2,1,1,4,2,02,1,1,000,040,1,0,1,4,2,31,1,1,9,00,0,0,2,200700066964B01,7,2,1
200700066972,2007-10-13,2007,octobre,samedi,12:20,75,75112,0,0,2,1,3,1,1,9,2,02,2,1,000,170,1,5,5,4,1,45,9,1,2,00,2,1,1,200700066972B01,33,10,1
200700066974,2007-10-14,2007,octobre,dimanche,10:7,75,75112,0,0,2,1,7,5,1,4,1,02,1,1,010,120,1,0,5,4,1,27,5,1,4,00,9,0,7,200700066974A01,,,
200700066983,2007-10-18,2007,octobre,jeudi,82:5,75,75112,0,0,2,1,6,1,1,4,1,01,1,1,000,070,1,0,4,4,1,39,1,1,9,12,0,1,8,200700066983A01,,,
200700066985,2007-10-18,2007,octobre,jeudi,10:30,75,75112,0,0,2,1,3,1,1,4,1,01,1,-1,015,060,1,0,1,4,1,46,1,1,9,00,2,2,17,200700066985B01,7,15,1
200700066999,2007-10-26,2007,octobre,vendredi,17:50,75,75112,0,0,2,1,6,2,1,4,-1,01,1,1,080,080,1,6,1,4,1,47,1,1,2,00,5,1,1,200700066999A01,,,
200700067012,2007-10-01,2007,octobre,lundi,16:35,75,75113,0,0,2,1,2,1,1,4,2,02,1,1,000,104,1,0,1,4,1,22,5,1,4,01,0,1,1,200700067012A01,7,24,1
200700067027,2007-10-11,2007,octobre,jeudi,16:10,75,75113,0,0,2,1,7,1,1,4,3,02,2,1,022,078,1,0,5,4,1,46,1,1,9,00,0,1,21,200700067027A01,,,
200700067030,2007-10-14,2007,octobre,dimanche,10:25,75,75113,0,0,2,1,2,1,1,4,1,02,1,1,000,070,1,0,1,4,1,23,0,1,9,14,0,1,2,200700067030A01,7,23,1
200700067033,2007-10-15,2007,octobre,lundi,16:00,75,75113,0,0,2,2,3,1,1,9,-1,03,1,1,000,140,1,5,1,4,1,52,1,1,9,00,0,6,1,200700067033B01,7,16,1
200700067048,2007-10-28,2007,octobre,dimanche,14:25,75,75113,0,0,2,1,1,1,1,4,1,01,1,1,000,074,1,0,1,4,1,17,5,1,9,00,2,1,5,200700067048A01,37,1,1
200700067070,2007-10-18,2007,octobre,jeudi,84:5,75,75114,0,0,2,1,6,1,1,4,1,02,1,1,102,069,1,0,1,4,2,22,0,1,9,00,0,8,2,200700067070A01,7,2,1
200700067071,2007-10-18,2007,octobre,jeudi,16:20,75,75114,0,0,2,1,3,1,1,4,1,01,1,1,000,072,1,0,1,4,1,62,5,1,9,00,0,6,11,200700067071A01,31,1,1
200700067092,2007-10-07,2007,octobre,dimanche,14:30,75,75115,0,0,2,1,3,1,1,4,2,00,2,1,000,117,1,0,1,4,2,25,5,1,9,00,2,8,17,200700067092B01,7,17,1
200700067102,2007-10-15,2007,octobre,lundi,15:50,75,75115,0,0,2,1,3,1,1,4,2,01,1,1,100,070,1,0,1,4,1,27,1,1,9,00,2,1,2,200700067102A01,7,20,1
200700067106,2007-10-18,2007,octobre,jeudi,14:15,75,75115,0,0,2,1,6,1,1,4,2,02,1,-1,125,082,1,0,1,4,1,25,1,1,9,01,0,1,0,200700067106B01,10,22,1
200700067107,2007-10-19,2007,octobre,vendredi,91:0,75,75115,0,0,2,2,3,1,1,4,1,01,1,1,000,070,1,0,1,4,2,39,1,1,2,00,2,1,2,200700067107A01,7,2,1
200700067110,2007-10-20,2007,octobre,samedi,15:15,75,75115,0,0,2,1,3,1,1,4,2,03,1,1,000,146,1,0,1,4,1,10,5,1,9,00,2,8,0,200700067110A01,37,2,1
200700067142,2007-10-07,2007,octobre,dimanche,11:35,75,75116,0,0,2,1,7,1,1,9,-1,01,2,1,000,000,9,0,4,4,1,54,5,1,9,13,0,1,0,200700067142A01,,,
200700067155,2007-10-12,2007,octobre,vendredi,13:40,75,75116,0,0,2,1,2,1,1,9,1,03,1,-1,000,000,-1,0,1,4,1,27,5,1,9,00,0,4,2,200700067155A01,33,2,1
200700067162,2007-10-15,2007,octobre,lundi,13:25,75,75116,0,0,2,3,6,1,1,4,2,02,1,1,000,060,1,0,1,4,2,19,0,1,9,00,1,1,1,200700067162A01,,,
200700067165,2007-10-17,2007,octobre,mercredi,65:5,75,75116,0,0,2,3,3,5,2,4,2,02,1,1,000,100,2,0,1,4,1,38,1,1,4,00,2,1,1,200700067165B01,10,1,1
200700067175,2007-10-20,2007,octobre,samedi,15:,75,75116,0,0,2,1,3,5,1,4,1,03,1,1,000,100,1,3,1,4,2,59,5,1,4,00,9,0,12,200700067175A01,33,11,1
200700067180,2007-10-24,2007,octobre,mercredi,92:0,75,75116,0,0,2,1,7,1,1,4,-1,01,2,1,000,000,1,0,1,4,2,75,5,1,9,00,0,0,0,200700067180B01,7,0,1
200700067186,2007-10-26,2007,octobre,vendredi,13:06,75,75116,0,0,2,1,6,1,1,4,2,03,1,1,040,040,1,0,0,4,1,51,4,1,9,00,0,0,0,200700067186A01,30,0,1
200700067226,2007-10-14,2007,octobre,dimanche,19:45,75,75117,0,0,2,1,6,3,1,4,1,01,1,1,000,220,1,0,1,4,2,62,9,1,9,01,0,1,0,200700067226A01,,,
200700067255,2007-10-31,2007,octobre,mercredi,14:15,75,75117,0,0,2,2,6,1,1,4,1,02,1,-1,042,058,1,0,5,4,1,30,5,1,9,00,2,7,0,200700067255A01,99,0,1
200700067257,2007-10-02,2007,octobre,mardi,15:45,75,75118,0,0,2,5,3,1,1,9,1,02,-1,-1,040,050,1,0,1,4,1,21,5,1,9,00,2,0,0,200700067257A01,7,0,1
200700067274,2007-10-14,2007,octobre,dimanche,22:10,75,75118,0,0,2,3,6,5,1,4,1,01,1,-1,000,400,1,0,1,4,2,28,5,1,9,00,0,1,1,200700067274B01,7,16,1
200700067297,2007-10-28,2007,octobre,dimanche,13:55,75,75118,0,0,2,1,3,1,1,4,2,04,2,1,000,160,1,0,1,4,2,22,5,1,9,00,2,8,7,200700067297B01,7,22,1
200700067302,2007-10-31,2007,octobre,mercredi,13:00,75,75118,0,0,2,1,6,1,1,4,2,02,1,1,000,100,1,0,1,4,1,51,0,1,9,00,0,8,0,200700067302A01,,,
200700067316,2007-10-11,2007,octobre,jeudi,20:40,75,75119,0,0,2,1,3,5,1,4,1,01,1,1,000,050,1,0,1,4,1,29,5,1,4,00,2,8,18,200700067316B01,13,1,1
200700067325,2007-10-18,2007,octobre,jeudi,14:30,75,75119,0,0,2,1,3,1,1,4,2,03,2,1,000,098,1,0,1,4,2,57,9,1,9,01,0,8,1,200700067325B01,7,0,1
200700067330,2007-10-22,2007,octobre,lundi,11:50,75,75119,0,0,2,1,6,1,1,4,2,02,1,1,007,095,1,0,5,4,1,44,1,1,2,00,1,1,1,200700067330A01,,,
200700067330,2007-10-22,2007,octobre,lundi,11:50,75,75119,0,0,2,1,6,1,1,4,2,02,1,1,007,095,1,0,5,4,2,8,5,0,0,00,1,1,1,200700067330A01,,,
200700067333,2007-10-23,2007,octobre,mardi,16:10,75,75119,0,0,2,1,3,1,1,3,1,02,1,1,047,089,1,0,1,4,1,23,1,1,9,00,2,3,11,200700067333B01,7,1,1
200700067338,2007-10-26,2007,octobre,vendredi,18:10,75,75119,0,0,2,1,3,2,1,4,2,03,2,1,000,080,1,0,1,4,1,37,1,1,2,00,2,1,1,200700067338B01,10,10,1
200700067340,2007-10-27,2007,octobre,samedi,14:45,75,75119,0,0,2,1,3,1,8,4,1,03,1,3,000,100,1,0,1,4,1,24,1,1,9,00,2,8,15,200700067340B01,7,16,1
200700067352,2007-10-03,2007,octobre,mercredi,19:50,75,75120,0,0,2,1,3,5,1,4,1,01,1,-1,000,240,1,0,1,4,1,63,5,1,4,00,2,1,1,200700067352B01,7,12,1
200700067353,2007-10-04,2007,octobre,jeudi,82:5,75,75120,0,0,2,1,6,1,5,2,1,01,1,-1,000,082,1,0,1,4,1,39,1,1,2,15,2,1,1,200700067353A01,,,
200700067359,2007-10-05,2007,octobre,vendredi,13:35,75,75120,0,0,2,3,3,1,1,4,2,02,2,1,000,080,1,0,1,4,1,39,5,1,9,00,2,1,18,200700067359B01,7,16,1
200700067361,2007-10-07,2007,octobre,dimanche,33:5,75,75112,0,0,2,1,1,5,1,4,3,04,1,1,000,070,1,2,1,4,2,32,0,1,9,00,0,1,0,200700067361B01,7,8,1
200700067385,2007-10-27,2007,octobre,samedi,33:0,75,75120,0,0,2,1,2,5,1,9,1,02,1,1,260,080,1,0,0,4,1,27,0,1,9,00,0,0,1,200700067385B01,7,1,1
200700067427,2007-10-18,2007,octobre,jeudi,12:45,75,75112,0,0,2,4,3,1,1,4,3,03,1,1,045,106,1,5,1,2,2,59,5,1,9,00,2,3,0,200700067427B01,14,16,1
200700067439,2007-10-26,2007,octobre,vendredi,22:25,75,75106,0,0,2,1,3,5,1,4,2,02,1,1,000,000,1,0,1,4,1,38,4,1,2,00,2,7,18,200700067439B01,7,22,1
200700067449,2007-10-31,2007,octobre,mercredi,20:50,75,75111,0,0,2,1,6,5,1,4,1,01,1,1,000,031,1,0,1,1,1,27,5,1,9,00,1,1,2,200700067449A01,,,
200700067543,2007-10-09,2007,octobre,mardi,18:00,78,78646,0,0,2,3,3,1,1,4,2,03,1,3,010,100,1,5,1,4,1,33,5,0,0,00,2,1,1,200700067543B01,7,15,1
200700067546,2007-10-19,2007,octobre,vendredi,82:5,78,78158,0,0,2,1,1,1,1,4,2,02,1,1,000,060,1,0,1,4,2,13,2,1,9,00,2,1,1,200700067546B01,7,5,1
200700067565,2007-11-21,2007,novembre,mercredi,15:10,02,02722,0,0,2,9,6,1,1,4,1,01,1,1,000,000,1,0,1,4,1,14,5,1,9,00,2,1,19,200700067565A01,7,1,1
200700067601,2007-11-16,2007,novembre,vendredi,16:00,06,06004,0,0,2,1,6,1,1,2,2,02,1,1,000,112,1,0,1,3,1,63,5,1,9,00,2,8,18,200700067601B01,38,2,1
200700067602,2007-11-13,2007,novembre,mardi,10:55,06,06004,0,0,2,9,3,1,1,4,1,02,1,-1,000,094,1,0,1,4,1,50,5,1,2,00,2,8,16,200700067602B01,14,1,1
200700067615,2007-11-04,2007,novembre,dimanche,83:0,06,06123,0,0,2,1,1,1,1,4,2,02,1,1,000,000,1,0,1,3,1,63,5,1,2,00,2,3,1,200700067615B01,7,17,1
200700067641,2007-11-08,2007,novembre,jeudi,17:10,06,06029,0,0,2,1,3,2,1,4,3,04,1,-1,000,120,1,0,1,3,1,17,0,1,9,00,2,1,0,200700067641A01,7,0,1
200700067650,2007-11-14,2007,novembre,mercredi,16:30,06,06030,0,0,2,2,3,1,1,4,1,02,1,1,000,064,1,5,1,1,1,14,5,1,9,00,2,1,1,200700067650A01,37,1,1
200700067650,2007-11-14,2007,novembre,mercredi,16:30,06,06030,0,0,2,2,3,1,1,4,1,02,1,1,000,064,1,5,1,3,2,11,0,1,9,00,2,1,1,200700067650A01,37,1,1
200700067653,2007-11-15,2007,novembre,jeudi,75:0,06,06029,0,0,2,1,3,1,2,4,1,01,1,1,000,070,1,0,1,4,1,14,0,1,9,00,2,1,1,200700067653B01,7,1,1
200700067655,2007-11-20,2007,novembre,mardi,17:30,06,06029,0,0,2,1,6,1,1,4,2,02,1,1,000,080,2,0,1,4,1,68,0,1,9,00,2,1,0,200700067655B01,7,0,1
200700067709,2007-11-01,2007,novembre,jeudi,11:05,06,06088,0,0,2,1,6,1,1,4,2,02,1,1,010,050,1,0,4,1,1,16,0,1,9,00,1,1,0,200700067709A01,,,
200700067754,2007-11-09,2007,novembre,vendredi,21:30,06,06088,0,0,2,1,3,5,1,4,1,02,1,1,000,000,1,0,1,1,1,22,0,1,9,00,2,1,0,200700067754B01,2,0,1
200700067756,2007-11-10,2007,novembre,samedi,16:15,06,06088,0,0,2,1,2,1,1,4,3,04,1,1,000,149,1,0,1,4,1,63,0,1,4,00,2,0,2,200700067756B01,7,2,1
200700067761,2007-11-11,2007,novembre,dimanche,12:15,06,06088,0,0,2,1,6,1,1,4,2,03,1,1,000,079,1,0,1,4,1,18,5,1,9,01,0,1,1,200700067761B01,7,22,1
200700067764,2007-11-12,2007,novembre,lundi,14:45,06,06088,0,0,2,1,3,1,1,4,2,02,1,4,000,000,1,0,1,4,1,48,1,1,2,00,2,0,0,200700067764A01,7,1,1
200700067792,2007-11-17,2007,novembre,samedi,16:45,06,06088,0,0,2,1,6,1,9,4,1,02,1,1,000,000,1,0,0,4,1,32,5,1,2,00,1,0,1,200700067792A01,,,
200700067848,2007-11-30,2007,novembre,vendredi,19:45,06,06088,0,0,2,2,2,5,1,4,2,02,1,1,000,000,1,0,1,4,2,42,5,1,9,00,2,0,15,200700067848B01,2,1,1
200700067858,2007-11-29,2007,novembre,jeudi,12:15,08,08105,0,0,2,3,3,1,1,2,2,02,2,1,000,070,1,0,1,4,1,17,5,1,4,00,2,1,1,200700067858B01,7,15,1
200700067877,2007-11-16,2007,novembre,vendredi,10:20,11,11262,0,0,1,1,3,1,1,4,2,02,1,1,000,067,1,2,1,3,1,66,0,1,9,00,2,8,1,200700067877B01,7,1,1
200700067916,2007-11-21,2007,novembre,mercredi,13:40,13,13047,0,0,2,1,3,1,1,4,1,02,1,2,000,090,1,0,1,4,2,38,1,1,9,00,0,7,1,200700067916B01,7,9,1
200700067931,2007-11-24,2007,novembre,samedi,16:45,13,13043,0,0,2,6,3,2,2,3,-1,01,1,-1,000,000,2,0,1,4,1,44,0,1,9,00,2,7,1,200700067931B01,7,9,1
200700067956,2007-11-01,2007,novembre,jeudi,15:30,13,13055,0,0,2,1,2,1,1,4,2,02,1,1,000,063,1,0,1,4,1,39,5,1,2,00,2,1,2,200700067956A01,7,2,1
200700068013,2007-11-14,2007,novembre,mercredi,84:5,13,13055,0,0,2,1,2,1,1,4,2,02,1,1,000,047,1,0,1,4,1,53,4,1,2,00,2,1,1,200700068013A01,7,1,1
200700068021,2007-11-13,2007,novembre,mardi,15:15,13,13055,0,0,2,3,3,1,1,4,2,03,2,1,000,000,1,5,1,3,2,29,0,0,0,00,2,1,1,200700068021A01,7,15,1
200700068041,2007-11-06,2007,novembre,mardi,13:40,13,13055,0,0,2,1,7,1,1,4,1,02,1,1,150,060,1,6,1,4,1,18,5,1,9,00,2,0,0,200700068041A01,,,
200700068101,2007-11-17,2007,novembre,samedi,16:45,13,13055,0,0,2,1,3,1,1,4,-1,01,2,-1,000,070,-1,0,0,4,1,13,5,1,9,00,0,1,1,200700068101A01,7,0,1
200700068213,2007-11-27,2007,novembre,mardi,10:50,13,13055,0,0,2,1,6,1,1,9,-1,00,1,-1,000,000,1,0,3,1,1,15,5,1,9,00,1,1,1,200700068213A01,,,
200700068213,2007-11-27,2007,novembre,mardi,10:50,13,13055,0,0,2,1,6,1,1,9,-1,00,1,-1,000,000,1,0,3,4,2,2,5,0,0,00,1,1,1,200700068213A01,,,
200700068247,2007-11-14,2007,novembre,mercredi,16:15,13,13056,0,0,2,1,3,1,1,4,2,03,1,1,000,000,1,0,4,4,1,14,5,1,9,00,2,1,5,200700068247A01,7,9,1
200700068252,2007-11-04,2007,novembre,dimanche,10:20,13,13108,0,0,1,1,3,1,1,3,2,02,1,1,000,062,1,0,1,2,1,64,5,1,9,00,2,8,15,200700068252B01,7,2,1
200700068258,2007-11-09,2007,novembre,vendredi,15:15,13,13117,0,0,2,9,3,1,1,4,1,01,1,1,000,050,1,0,1,3,1,22,5,1,2,00,2,7,19,200700068258A01,7,1,1
200700068290,2007-11-10,2007,novembre,samedi,21:00,14,14271,0,0,2,1,6,5,1,3,2,00,1,1,000,000,-1,0,0,4,1,14,5,1,9,00,2,0,0,200700068290B01,7,1,1
200700068293,2007-11-03,2007,novembre,samedi,11:40,14,14366,0,0,2,3,3,1,1,4,2,02,1,1,000,105,1,0,1,4,1,58,5,1,9,00,2,7,1,200700068293B01,7,16,1
200700068304,2007-11-15,2007,novembre,jeudi,17:50,17,17299,0,0,2,1,7,2,1,4,2,02,1,1,000,050,1,0,1,4,2,73,5,1,9,12,0,2,1,200700068304A01,,,
200700068309,2007-11-20,2007,novembre,mardi,16:15,17,17299,0,0,2,1,3,1,3,4,2,02,2,1,000,057,2,0,5,4,2,16,2,1,9,00,2,1,1,200700068309B01,7,9,1
200700068311,2007-11-28,2007,novembre,mercredi,15:25,17,17299,0,0,2,1,6,1,1,4,2,02,1,1,000,079,1,0,1,4,2,46,1,1,9,01,0,1,1,200700068311B01,7,22,1
200700068322,2007-11-13,2007,novembre,mardi,16:00,17,17300,0,0,2,3,1,1,1,4,1,00,1,1,000,000,1,0,1,4,2,23,9,1,2,00,2,1,5,200700068322A01,7,16,1
200700068328,2007-11-16,2007,novembre,vendredi,15:40,17,17300,0,0,2,6,3,1,1,4,-1,02,1,1,000,000,1,0,5,3,2,67,5,1,9,00,2,1,1,200700068328B01,7,16,1
200700068345,2007-11-26,2007,novembre,lundi,84:5,17,17300,0,0,2,1,5,1,1,4,2,02,1,1,000,060,1,0,1,4,2,16,2,1,9,00,2,4,17,200700068345B01,7,2,1
200700068345,2007-11-26,2007,novembre,lundi,84:5,17,17300,0,0,2,1,5,1,1,4,2,02,1,1,000,060,1,0,1,4,2,15,2,1,9,00,2,8,1,200700068345C01,7,2,1
200700068349,2007-11-30,2007,novembre,vendredi,16:05,17,17028,0,0,2,1,3,1,1,4,-1,02,1,1,000,000,2,0,4,4,2,15,9,1,9,00,2,1,1,200700068349B01,7,1,1
200700068357,2007-11-12,2007,novembre,lundi,81:0,17,17306,0,0,2,1,3,1,1,4,2,02,1,1,000,000,1,0,1,4,2,12,0,1,9,00,2,1,1,200700068357A01,7,1,1
200700068367,2007-11-12,2007,novembre,lundi,70:0,17,17415,0,0,2,1,3,5,1,4,2,02,1,1,000,000,1,0,1,4,1,59,4,1,4,00,0,8,19,200700068367A01,2,1,1
200700068398,2007-11-21,2007,novembre,mercredi,13:10,19,19031,45.15721,4.49461,2,1,3,1,1,4,2,02,1,1,000,000,1,0,1,4,2,14,2,1,2,00,2,4,1,200700068398B01,7,17,1
200700068419,2007-11-05,2007,novembre,lundi,17:17,21,21231,0,0,2,1,3,2,1,4,3,05,1,1,020,142,1,0,1,4,2,22,1,1,2,00,2,3,15,200700068419A01,7,1,1
200700068424,2007-11-12,2007,novembre,lundi,75:0,21,21231,0,0,2,1,3,1,1,4,1,01,1,1,000,056,1,0,1,4,1,18,2,1,2,00,2,1,18,200700068424A01,7,22,1
200700068427,2007-11-14,2007,novembre,mercredi,10:05,21,21166,0,0,2,1,3,1,1,4,2,02,1,1,000,080,1,0,1,4,1,71,5,1,2,00,2,3,0,200700068427A01,7,15,1
200700068431,2007-11-17,2007,novembre,samedi,16:17,21,21231,0,0,2,1,2,1,1,4,2,02,1,1,000,069,1,0,1,4,2,24,5,1,2,01,0,1,17,200700068431B01,7,22,1
200700068445,2007-11-26,2007,novembre,lundi,11:18,21,21231,0,0,2,6,3,1,2,4,2,02,1,1,000,060,2,5,1,4,1,15,2,1,2,00,2,1,1,200700068445B01,10,1,1
200700068500,2007-11-03,2007,novembre,samedi,31:5,25,25056,0,0,2,1,7,5,1,3,2,02,2,1,000,050,1,0,1,4,1,20,5,1,9,00,0,4,0,200700068500A01,,,
200700068507,2007-11-08,2007,novembre,jeudi,16:47,25,25056,0,0,2,1,3,2,8,4,2,02,1,1,000,000,1,0,1,4,1,20,2,1,2,00,2,1,21,200700068507B01,7,9,1
200700068528,2007-11-13,2007,novembre,mardi,16:35,26,26281,0,0,2,3,6,1,1,4,2,02,-1,1,000,070,1,0,1,4,2,13,5,1,9,00,2,1,15,200700068528A01,7,23,1
200700068536,2007-11-28,2007,novembre,mercredi,18:00,26,26281,0,0,2,6,6,5,1,4,1,00,2,1,000,050,1,0,1,4,1,49,1,1,9,00,2,4,1,200700068536B01,7,14,1
200700068603,2007-11-19,2007,novembre,lundi,19:40,29,29019,0,0,2,6,7,4,1,9,2,02,1,-1,000,000,-1,0,1,4,1,18,1,1,9,00,2,0,0,200700068603B01,7,0,1
200700068622,2007-11-23,2007,novembre,vendredi,16:40,30,30028,0,0,2,9,2,1,1,2,-1,02,1,-1,000,000,1,0,1,3,2,63,5,1,2,00,2,8,15,200700068622B01,7,16,1
200700068632,2007-11-07,2007,novembre,mercredi,85:5,30,30189,43.82457,4.34495,2,1,2,1,1,4,2,02,2,1,000,057,1,0,1,3,1,62,5,1,2,00,2,4,15,200700068632B01,7,1,1
200700068635,2007-11-08,2007,novembre,jeudi,17:55,30,30189,0,0,2,1,6,5,1,4,2,02,1,1,000,067,1,0,1,1,2,54,1,1,2,00,1,1,1,200700068635A01,,,
200700068636,2007-11-08,2007,novembre,jeudi,18:09,30,30189,0,0,2,1,6,5,1,4,1,01,1,1,000,044,1,0,1,4,1,37,5,1,2,01,0,1,1,200700068636B01,7,22,1
200700068644,2007-11-10,2007,novembre,samedi,90:2,30,30189,43.83699,4.3877,2,6,6,1,1,4,1,02,1,3,000,080,1,5,1,4,2,12,9,1,2,00,2,7,1,200700068644B01,7,1,1
200700068713,2007-11-09,2007,novembre,vendredi,82:0,31,31555,0,0,2,1,5,1,1,4,1,03,1,1,000,090,1,0,5,4,1,43,1,1,9,00,2,7,1,200700068713C01,10/ 7,11/13,2
200700068719,2007-11-10,2007,novembre,samedi,12:07,31,31555,0,0,2,1,6,1,1,4,-1,01,1,1,000,100,1,6,1,4,2,79,0,0,0,00,1,0,0,200700068719A01,,,
200700068726,2007-11-13,2007,novembre,mardi,17:20,31,31555,0,0,2,1,3,1,1,4,2,02,1,1,000,120,1,0,1,1,1,17,2,1,2,00,2,1,1,200700068726B01,7,22,1
200700068726,2007-11-13,2007,novembre,mardi,17:20,31,31555,0,0,2,1,3,1,1,4,2,02,1,1,000,120,1,0,1,4,1,8,0,1,2,00,2,1,1,200700068726B01,7,22,1
200700068729,2007-11-14,2007,novembre,mercredi,16:00,31,31555,0,0,2,3,2,1,1,4,2,02,1,1,000,186,1,0,1,4,2,18,5,1,2,00,2,1,5,200700068729A01,7,1,1
200700068740,2007-11-17,2007,novembre,samedi,11:50,31,31555,0,0,2,1,6,1,1,4,2,04,1,1,000,120,1,0,1,1,1,17,0,1,9,00,1,1,1,200700068740A01,,,
200700068747,2007-11-19,2007,novembre,lundi,19:24,31,31555,0,0,2,1,2,5,1,4,2,02,1,1,000,070,1,0,1,4,1,27,1,1,9,00,2,1,1,200700068747B01,7,20,1
200700068755,2007-11-22,2007,novembre,jeudi,85:5,31,31555,0,0,2,1,1,1,1,4,1,01,1,1,000,033,1,0,5,2,1,7,5,1,2,00,2,1,13,200700068755A01,7,1,1
200700068763,2007-11-24,2007,novembre,samedi,15:10,31,31555,0,0,2,1,6,1,1,4,1,02,1,1,000,078,1,0,1,4,2,51,5,1,2,00,2,1,1,200700068763B01,7,9,1
200700068768,2007-11-24,2007,novembre,samedi,84:0,31,31555,0,0,2,3,3,1,1,4,2,02,1,1,000,105,1,0,1,4,1,29,0,1,2,00,2,1,1,200700068768B01,7,15,1
200700068773,2007-11-26,2007,novembre,lundi,13:00,31,31555,0,0,2,1,3,1,1,4,2,02,1,1,000,088,1,0,1,4,1,24,1,1,2,00,2,1,1,200700068773B01,7,15,1
200700068790,2007-11-30,2007,novembre,vendredi,90:0,31,31555,0,0,2,1,1,1,1,4,2,03,1,1,000,100,1,0,1,4,1,12,0,1,2,00,2,1,15,200700068790B01,32,1,1
200700068800,2007-11-22,2007,novembre,jeudi,91:0,32,32013,0,0,2,3,3,1,1,4,2,02,1,1,000,040,1,0,1,3,1,41,1,1,2,00,2,7,17,200700068800B01,7,13,1
200700068806,2007-11-08,2007,novembre,jeudi,17:20,33,33529,0,0,1,1,3,1,1,2,3,04,1,3,000,000,1,0,1,4,1,17,0,1,2,00,2,2,19,200700068806A01,7,16,1
200700068823,2007-11-07,2007,novembre,mercredi,11:50,33,33063,0,0,2,2,3,1,1,4,2,02,1,1,000,073,1,0,1,3,2,38,3,1,9,00,2,9,1,200700068823B01,14,1,1
200700068835,2007-11-09,2007,novembre,vendredi,13:00,33,33063,0,0,2,2,3,1,1,4,1,01,1,1,000,000,-1,0,1,4,2,36,1,1,9,00,2,7,1,200700068835B01,7,1,1
200700068837,2007-11-09,2007,novembre,vendredi,82:5,33,33063,0,0,2,1,3,1,1,4,1,01,1,1,000,065,1,6,1,3,1,22,0,1,2,00,2,7,1,200700068837A01,14,1,1
200700068839,2007-11-11,2007,novembre,dimanche,40:,33,33063,0,0,2,1,3,5,1,4,2,02,1,1,000,000,1,0,1,4,2,24,5,1,2,00,2,1,1,200700068839B01,7,14,1
200700068850,2007-11-12,2007,novembre,lundi,12:45,33,33281,0,0,2,1,2,1,1,4,2,02,1,1,000,045,1,0,1,3,1,65,9,1,2,00,0,4,1,200700068850B01,7,1,1
200700068855,2007-11-15,2007,novembre,jeudi,16:50,33,33063,0,0,2,1,3,1,1,5,2,01,1,1,000,000,1,0,1,3,1,15,2,1,2,00,2,0,1,200700068855A01,1,2,1
200700068855,2007-11-15,2007,novembre,jeudi,16:50,33,33063,0,0,2,1,3,1,1,5,2,01,1,1,000,000,1,0,1,4,1,14,0,1,2,00,2,0,2,200700068855B01,1,1,1
200700068859,2007-11-12,2007,novembre,lundi,11:05,33,33192,0,0,2,1,3,1,1,5,2,01,1,1,000,000,1,0,1,4,1,18,0,1,2,00,2,1,1,200700068859A01,30,1,1