Num_Acc,date,an,mois,jour,hrmn,dep,com,lat,long,agg,int,col,lum,atm,catr,circ,nbv,prof,plan,lartpc,larrout,surf,infra,situ,grav,sexe,age,trajet,secuexist,equipement,obs,obsm,choc,manv,vehiculeid,typevehicules,manoeuvehicules,numVehicules
200700068879,2007-11-15,2007,novembre,jeudi,70:0,33,33318,0,0,2,1,3,2,1,4,3,02,1,1,016,093,1,1,1,1,1,22,1,1,2,00,0,4,19,200700068879B01,2,1,1
200700068882,2007-11-22,2007,novembre,jeudi,80:5,33,33063,0,0,2,2,3,1,1,4,2,02,1,1,000,060,1,0,1,4,1,45,0,1,9,00,2,1,16,200700068882B01,7,15,1
200700068885,2007-11-22,2007,novembre,jeudi,17:15,33,33063,0,0,2,1,3,5,2,4,1,01,1,1,000,052,1,0,1,4,2,15,0,1,9,00,2,8,1,200700068885B01,7,16,1
200700068888,2007-11-24,2007,novembre,samedi,95:0,33,33063,0,0,2,3,3,1,1,4,2,02,1,1,000,075,1,0,1,4,1,32,5,1,9,00,2,8,15,200700068888A01,7,1,1
200700068898,2007-11-26,2007,novembre,lundi,20:20,33,33063,0,0,2,7,3,5,1,4,1,04,1,1,000,000,1,0,1,4,1,27,0,1,2,00,2,7,1,200700068898A01,33,1,1
200700068907,2007-11-28,2007,novembre,mercredi,15:05,33,33063,0,0,2,7,6,1,1,4,2,02,1,1,000,012,1,0,1,3,1,81,0,1,9,00,2,4,1,200700068907B01,7,0,1
200700068913,2007-11-23,2007,novembre,vendredi,16:00,33,33522,0,0,2,1,3,1,1,4,2,01,1,1,000,070,1,0,1,4,1,15,9,1,2,00,2,0,1,200700068913B01,3,16,1
200700068923,2007-11-27,2007,novembre,mardi,16:10,33,33318,0,0,2,6,3,1,1,4,2,02,1,1,000,000,1,0,1,4,2,21,0,1,9,00,2,0,9,200700068923B01,7,1,1
200700068964,2007-11-09,2007,novembre,vendredi,15:54,34,34172,0,0,2,8,3,1,1,9,2,02,2,1,000,040,1,4,0,4,1,77,0,1,9,00,4,7,14,200700068964A01,40,1,1
200700068966,2007-11-14,2007,novembre,mercredi,16:40,34,34172,0,0,2,6,3,1,1,4,3,01,1,3,020,040,1,0,1,4,1,36,1,1,9,00,0,8,1,200700068966B01,7,16,1
200700068979,2007-11-20,2007,novembre,mardi,19:00,34,34172,43.60908,3.86706,2,2,3,5,8,4,2,03,1,1,003,090,2,5,1,4,2,19,1,1,9,00,2,7,1,200700068979A01,7,1,1
200700068987,2007-11-23,2007,novembre,vendredi,17:44,34,34172,0,0,2,2,3,5,1,4,2,03,1,1,000,105,1,0,1,4,1,11,0,1,9,00,0,7,19,200700068987B01,7,0,1
200700068994,2007-11-25,2007,novembre,dimanche,17:44,34,34172,0,0,2,1,7,2,1,4,2,03,2,3,000,100,1,3,1,4,1,12,5,1,9,00,2,7,19,200700068994B01,7,16,1
200700069014,2007-11-09,2007,novembre,vendredi,19:00,35,35238,0,0,2,3,3,5,1,4,2,00,1,1,000,000,1,0,1,4,1,47,5,1,2,00,2,1,1,200700069014B01,7,15,1
200700069019,2007-11-14,2007,novembre,mercredi,90:0,35,35238,0,0,2,3,3,1,1,4,2,00,2,1,000,090,2,0,5,4,1,28,9,1,2,00,2,8,1,200700069019B01,7,15,1
200700069040,2007-11-28,2007,novembre,mercredi,21:15,35,35238,0,0,2,2,3,5,8,4,2,03,4,1,000,090,2,0,5,3,2,29,5,1,2,00,2,0,1,200700069040B01,7,15,1
200700069042,2007-11-29,2007,novembre,jeudi,15:00,35,35238,0,0,2,2,3,1,2,4,1,03,2,1,000,090,2,0,5,4,1,86,5,1,2,00,2,0,15,200700069042A01,1,1,1
200700069042,2007-11-29,2007,novembre,jeudi,15:00,35,35238,0,0,2,2,3,1,2,4,1,03,2,1,000,090,2,0,5,1,1,34,5,1,2,00,2,1,1,200700069042B01,1,15,1
200700069050,2007-11-17,2007,novembre,samedi,10:05,35,35288,0,0,2,6,2,1,7,4,2,00,1,1,000,000,1,0,1,3,1,77,3,1,2,00,2,4,1,200700069050B01,7,1,1
200700069051,2007-11-15,2007,novembre,jeudi,80:0,35,35288,0,0,2,1,2,1,1,4,2,02,1,1,000,000,1,0,1,4,1,20,0,1,9,00,0,1,1,200700069051B01,7,1,1
200700069075,2007-11-10,2007,novembre,samedi,30:0,37,37261,0,0,2,1,3,5,1,9,2,02,1,1,000,090,1,0,1,3,1,24,5,1,2,00,2,8,1,200700069075B01,7,16,1
200700069084,2007-11-24,2007,novembre,samedi,82:5,37,37261,0,0,2,1,3,1,1,2,2,04,1,1,000,120,1,2,0,3,2,30,0,0,0,00,0,0,0,200700069084B01,7,17,1
200700069102,2007-11-08,2007,novembre,jeudi,20:30,38,38185,0,0,2,1,3,5,1,3,3,04,1,1,000,130,1,0,1,4,1,68,5,1,9,00,2,8,19,200700069102B01,7,1,1
200700069104,2007-11-12,2007,novembre,lundi,16:55,38,38421,0,0,2,1,3,1,1,3,2,02,1,1,000,060,1,0,1,4,2,21,2,1,9,00,2,7,19,200700069104B01,7,1,1
200700069106,2007-11-14,2007,novembre,mercredi,22:00,38,38185,0,0,2,1,3,5,3,4,1,02,1,1,000,070,2,0,1,4,2,20,0,1,2,00,2,8,19,200700069106A01,7,1,1
200700069114,2007-11-21,2007,novembre,mercredi,73:0,38,38185,0,0,2,1,3,4,2,4,2,06,1,1,000,164,2,1,1,4,1,56,0,1,9,00,2,4,1,200700069114A01,7,1,1
200700069122,2007-11-27,2007,novembre,mardi,94:5,38,38185,0,0,2,3,6,1,1,3,1,01,1,1,000,035,1,0,1,1,1,49,9,1,9,00,1,1,1,200700069122A01,,,
200700069123,2007-11-27,2007,novembre,mardi,18:10,38,38185,0,0,2,1,6,5,1,3,2,04,1,1,000,076,1,0,5,4,2,24,1,1,9,01,0,1,1,200700069123B01,10,24,1
200700069137,2007-11-16,2007,novembre,vendredi,14:00,40,40088,0,0,2,1,3,1,1,4,-1,02,-1,2,000,070,1,5,5,3,2,54,0,1,2,00,2,1,1,200700069137B01,7,16,1
200700069170,2007-11-27,2007,novembre,mardi,15:10,42,42187,0,0,2,2,1,1,1,9,2,02,1,1,000,072,1,0,1,4,2,61,0,1,4,00,2,1,1,200700069170B01,7,15,1
200700069211,2007-11-07,2007,novembre,mercredi,13:55,43,43157,0,0,2,1,5,1,1,4,2,02,1,3,000,100,8,0,1,4,1,52,5,1,2,00,2,1,1,200700069211C01,30/ 10,13/1,2
200700069216,2007-11-06,2007,novembre,mardi,15:00,44,44135,0,0,2,1,6,1,1,4,1,01,1,1,000,010,1,0,1,4,1,58,0,1,2,01,0,1,2,200700069216B01,7,22,1
200700069227,2007-11-05,2007,novembre,lundi,75:0,44,44109,0,0,2,6,6,1,1,4,1,01,1,2,000,033,1,0,1,3,2,43,5,1,2,00,2,1,2,200700069227B01,7,9,1
200700069230,2007-11-06,2007,novembre,mardi,85:0,44,44109,0,0,2,6,3,1,1,4,2,02,1,1,000,000,1,0,1,3,2,46,0,1,2,00,2,6,1,200700069230B01,7,1,1
200700069234,2007-11-08,2007,novembre,jeudi,75:0,44,44109,0,0,2,1,3,1,2,4,2,02,2,1,000,076,2,0,1,3,2,23,2,1,2,00,2,1,1,200700069234A01,7,16,1
200700069253,2007-11-18,2007,novembre,dimanche,61:0,44,44109,0,0,2,1,2,5,1,4,2,04,1,1,000,000,1,0,1,4,2,20,0,0,0,00,0,4,1,200700069253B01,7,1,1
200700069253,2007-11-18,2007,novembre,dimanche,61:0,44,44109,0,0,2,1,2,5,1,4,2,04,1,1,000,000,1,0,1,3,1,19,0,1,2,00,0,4,1,200700069253B01,7,1,1
200700069290,2007-11-26,2007,novembre,lundi,80:0,44,44184,0,0,2,1,2,2,1,4,3,50,1,1,000,000,1,0,5,4,2,49,1,1,9,00,2,4,2,200700069290B01,30,1,1
200700069321,2007-11-27,2007,novembre,mardi,81:0,45,45147,0,0,2,2,3,1,8,4,2,02,1,1,000,114,1,0,1,4,1,46,4,1,9,00,2,0,1,200700069321B01,7,16,1
200700069336,2007-11-08,2007,novembre,jeudi,22:03,49,49007,0,0,2,1,3,5,1,4,2,02,1,1,000,060,1,0,1,4,1,23,5,1,9,00,2,3,19,200700069336A01,7,16,1
200700069338,2007-11-09,2007,novembre,vendredi,83:1,49,49007,0,0,2,1,3,2,1,4,2,02,1,1,000,050,1,0,1,4,2,28,1,1,9,00,2,1,1,200700069338B01,7,16,1
200700069339,2007-11-10,2007,novembre,samedi,15:49,49,49015,0,0,2,1,7,1,1,4,2,02,1,2,000,060,1,0,1,4,1,19,5,1,9,00,0,1,0,200700069339A01,,,
200700069347,2007-11-14,2007,novembre,mercredi,17:38,49,49353,0,0,2,1,7,1,1,4,2,02,1,1,000,060,1,0,1,4,1,12,0,1,9,12,0,1,1,200700069347A01,,,
200700069350,2007-11-15,2007,novembre,jeudi,94:4,49,49007,0,0,2,1,7,1,1,4,2,02,1,1,000,070,1,0,1,4,1,14,1,1,9,00,0,0,1,200700069350A01,,,
200700069353,2007-11-16,2007,novembre,vendredi,90:6,49,49007,0,0,2,2,3,1,1,4,3,04,1,1,015,070,1,5,1,4,1,16,0,1,9,00,2,3,19,200700069353A01,15,15,1
200700069367,2007-11-22,2007,novembre,jeudi,17:27,49,49007,0,0,2,1,3,5,1,4,2,04,1,1,000,109,2,0,1,4,2,50,5,1,9,00,2,1,1,200700069367B01,10,16,1
200700069368,2007-11-22,2007,novembre,jeudi,18:41,49,49007,0,0,2,1,6,5,3,4,-1,02,1,1,000,070,2,0,0,4,1,20,0,1,9,00,2,0,1,200700069368B01,7,0,1
200700069370,2007-11-25,2007,novembre,dimanche,11:54,49,49007,0,0,2,1,6,1,1,4,2,02,1,1,000,070,1,0,1,4,2,7,0,1,9,00,2,4,2,200700069370B01,7,1/9,2
200700069371,2007-11-24,2007,novembre,samedi,16:45,49,49007,0,0,2,1,3,1,1,4,-1,01,1,1,000,050,1,0,1,4,2,22,0,1,9,00,2,8,15,200700069371A01,30,1,1
200700069374,2007-11-26,2007,novembre,lundi,75:3,49,49007,0,0,2,3,6,5,1,4,2,02,1,1,000,063,1,0,1,4,1,5,0,1,4,00,2,7,1,200700069374B01,7,15,1
200700069382,2007-11-28,2007,novembre,mercredi,15:05,49,49007,0,0,2,6,6,1,1,4,2,02,1,1,000,060,1,0,1,4,1,25,0,1,9,00,2,7,1,200700069382B01,7,9,1
200700069383,2007-11-29,2007,novembre,jeudi,18:38,49,49007,0,0,2,1,2,5,1,4,2,02,1,1,000,070,2,0,1,4,2,21,5,1,9,00,2,4,2,200700069383B01,7,2,1
200700069394,2007-11-02,2007,novembre,vendredi,15:40,50,50602,0,0,2,3,3,1,1,4,2,02,1,1,000,000,1,5,1,4,2,61,5,1,2,00,2,1,1,200700069394A01,7,1,1
200700069411,2007-11-19,2007,novembre,lundi,84:5,50,50129,0,0,2,1,3,1,1,4,2,02,2,1,000,050,2,0,1,4,2,34,1,1,2,00,2,1,1,200700069411B01,7,4,1
200700069414,2007-11-27,2007,novembre,mardi,14:55,50,50602,0,0,2,1,3,1,1,4,2,02,1,1,000,060,1,0,1,4,1,15,5,1,2,00,2,3,13,200700069414A01,7,17,1
200700069424,2007-11-28,2007,novembre,mercredi,13:00,50,50647,0,0,2,1,3,1,1,3,1,01,1,2,000,085,1,0,1,4,2,38,1,1,4,00,2,3,1,200700069424B01,7,16,1
200700069448,2007-11-02,2007,novembre,vendredi,19:25,54,54395,0,0,2,1,1,5,1,4,2,02,1,1,000,073,1,0,1,4,1,16,5,1,2,00,2,1,1,200700069448B01,7,17,1
200700069510,2007-11-02,2007,novembre,vendredi,14:50,56,56121,0,0,2,6,3,1,1,4,2,02,1,-1,000,000,1,0,1,4,2,24,0,1,9,00,2,1,9,200700069510A01,7,15,1
200700069514,2007-11-08,2007,novembre,jeudi,14:09,56,56121,0,0,2,6,3,1,1,4,2,02,1,2,000,000,1,0,1,4,2,35,1,1,9,00,0,4,1,200700069514B01,7,9,1
200700069520,2007-11-13,2007,novembre,mardi,17:00,56,56098,0,0,2,1,3,1,1,4,2,02,1,1,000,000,1,0,1,4,1,12,0,1,2,00,2,0,1,200700069520B01,7,9,1
200700069523,2007-11-16,2007,novembre,vendredi,73:0,56,56098,0,0,2,1,2,5,1,4,2,02,1,1,000,000,1,0,1,4,1,37,1,1,4,00,2,0,1,200700069523B01,7,1,1
200700069561,2007-11-13,2007,novembre,mardi,12:05,57,57463,0,0,2,1,3,1,1,4,2,02,1,1,000,080,-1,0,1,4,1,15,5,1,9,00,2,1,19,200700069561A01,7,1,1
200700069564,2007-11-21,2007,novembre,mercredi,13:40,57,57463,0,0,2,1,3,1,2,2,1,04,1,1,000,000,2,2,4,3,2,51,1,1,2,00,2,1,1,200700069564B01,10,9,1
200700069576,2007-11-11,2007,novembre,dimanche,17:30,57,57757,0,0,2,3,3,5,2,3,2,02,1,1,000,000,2,0,1,4,1,17,9,1,9,00,2,8,1,200700069576B01,7,15,1
200700069600,2007-11-17,2007,novembre,samedi,12:15,58,58194,0,0,2,1,6,1,1,4,2,02,2,1,000,000,-1,0,1,4,2,74,0,1,9,00,0,0,0,200700069600B01,7,0,1
200700069601,2007-11-18,2007,novembre,dimanche,21:00,58,58194,0,0,2,1,1,5,2,4,2,03,1,1,000,090,2,0,1,4,2,20,5,1,9,00,2,8,15,200700069601A01,2,1,1
200700069603,2007-11-27,2007,novembre,mardi,64:5,58,58194,0,0,2,6,3,5,5,4,2,02,2,1,000,106,1,5,1,4,1,46,5,1,9,00,2,0,0,200700069603B01,7,1,1
200700069607,2007-11-29,2007,novembre,jeudi,16:45,59,59008,0,0,2,2,3,2,2,4,2,02,2,1,000,107,2,0,1,3,1,22,0,1,9,00,2,1,2,200700069607A01,7,15,1
200700069614,2007-11-20,2007,novembre,mardi,91:5,59,59153,0,0,2,1,3,1,2,3,2,02,1,1,000,135,2,0,1,3,2,44,5,1,9,00,2,1,1,200700069614B01,7,15,1
200700069624,2007-11-15,2007,novembre,jeudi,15:30,59,59183,0,0,2,9,3,1,1,4,2,02,1,1,000,000,1,2,1,2,1,37,1,1,4,00,2,9,18,200700069624B01,17,16,1
200700069637,2007-11-02,2007,novembre,vendredi,17:15,59,59009,0,0,2,2,3,2,1,3,2,04,1,1,000,090,1,0,1,4,1,27,5,1,9,00,2,1,1,200700069637B01,7,1,1
200700069651,2007-11-09,2007,novembre,vendredi,20:45,59,59585,0,0,2,1,2,3,1,4,2,02,1,1,000,070,1,0,1,4,1,20,5,1,2,00,2,4,1,200700069651B01,7,1,1
200700069665,2007-11-15,2007,novembre,jeudi,11:10,59,59350,0,0,2,2,3,1,1,4,2,02,1,1,000,063,1,0,1,4,2,45,4,1,2,00,2,8,1,200700069665B01,14,16,1
200700069696,2007-11-02,2007,novembre,vendredi,19:50,59,59350,0,0,2,1,6,5,1,4,1,01,1,1,000,000,1,0,1,4,1,55,1,1,4,00,2,1,1,200700069696B01,7,22,1
200700069703,2007-11-26,2007,novembre,lundi,16:25,59,59350,0,0,2,2,6,1,1,4,1,02,1,1,000,054,1,0,1,4,1,42,1,1,4,00,2,1,1,200700069703B01,,,
200700069711,2007-11-24,2007,novembre,samedi,12:30,59,59507,0,0,2,1,6,1,1,4,2,02,2,1,000,050,1,0,1,4,1,25,4,1,4,00,2,1,1,200700069711B01,7,1,1
200700069717,2007-11-26,2007,novembre,lundi,93:0,59,59386,0,0,2,1,6,1,1,4,2,02,1,1,000,000,2,0,1,4,2,34,5,1,2,00,2,1,1,200700069717B01,10,16,1
200700069746,2007-11-12,2007,novembre,lundi,12:15,59,59512,0,0,2,1,6,1,1,4,2,02,1,1,000,000,1,0,1,1,1,15,2,1,2,00,1,0,16,200700069746A01,,,
200700069746,2007-11-12,2007,novembre,lundi,12:15,59,59512,0,0,2,1,6,1,1,4,2,02,1,1,000,000,1,0,1,3,2,18,2,0,0,00,1,0,16,200700069746A01,,,
200700069750,2007-11-29,2007,novembre,jeudi,18:00,59,59512,0,0,1,1,3,5,2,4,3,02,1,1,000,000,2,2,1,3,2,20,9,1,2,00,2,1,19,200700069750B01,7,1,1
200700069772,2007-11-13,2007,novembre,mardi,16:55,59,59599,0,0,2,1,3,5,3,4,2,02,1,1,000,000,2,0,1,4,1,23,0,1,9,00,2,6,19,200700069772A01,7,1,1
200700069797,2007-11-19,2007,novembre,lundi,12:30,60,60159,0,0,2,6,3,1,8,4,1,02,1,2,000,093,2,0,1,3,1,21,2,1,4,00,2,1,12,200700069797B01,7,9,1
200700069809,2007-11-05,2007,novembre,lundi,15:50,62,62516,0,0,2,2,3,1,1,3,2,02,1,1,000,070,1,0,1,4,1,18,5,1,9,00,2,8,19,200700069809A01,7,2,1
200700069814,2007-11-06,2007,novembre,mardi,10:50,62,62277,0,0,2,6,3,1,1,3,1,02,1,3,000,000,1,5,1,4,1,49,5,1,2,00,2,1,15,200700069814B01,7,1,1
200700069818,2007-11-27,2007,novembre,mardi,17:20,62,62841,0,0,2,1,3,5,1,4,2,02,1,1,000,060,1,0,1,3,1,18,9,1,9,00,2,8,1,200700069818B01,14,17,1
200700069842,2007-11-15,2007,novembre,jeudi,80:5,62,62427,0,0,2,6,2,1,1,4,2,02,1,1,000,070,1,0,1,4,2,46,4,1,4,00,2,4,16,200700069842B01,7,16,1
200700069859,2007-11-23,2007,novembre,vendredi,17:30,62,62224,0,0,1,1,1,5,8,3,2,02,1,1,000,000,1,0,5,3,1,22,5,1,9,00,9,0,1,200700069859B01,30,1,1
200700069862,2007-11-24,2007,novembre,samedi,11:51,62,62617,0,0,2,3,3,1,1,4,2,02,1,1,000,064,1,0,1,3,2,11,5,1,9,00,2,0,19,200700069862B01,7,0,1
200700069872,2007-11-05,2007,novembre,lundi,17:45,63,63032,0,0,2,1,6,1,1,4,2,02,2,1,000,000,1,0,1,1,1,59,9,1,2,00,1,1,1,200700069872A01,,,
200700069875,2007-11-07,2007,novembre,mercredi,18:20,63,63113,0,0,2,1,3,5,1,4,2,02,1,3,000,060,1,0,1,4,1,56,1,1,2,00,0,1,1,200700069875B01,7,15,1
200700069932,2007-11-05,2007,novembre,lundi,15:30,64,64445,0,0,2,2,1,1,1,4,1,01,1,1,018,079,1,0,0,4,1,19,0,1,2,00,2,6,1,200700069932B01,31,1,1
200700069933,2007-11-05,2007,novembre,lundi,16:20,64,64445,0,0,2,1,3,1,1,4,2,02,1,1,000,070,1,0,2,4,1,18,9,1,9,00,0,0,0,200700069933B01,7,0,1
200700069947,2007-11-17,2007,novembre,samedi,18:00,64,64445,0,0,2,1,3,5,1,4,2,04,1,1,000,140,1,0,1,4,1,22,9,1,9,00,2,4,12,200700069947B01,7,1,1
200700069967,2007-11-16,2007,novembre,vendredi,18:35,64,64260,0,0,2,1,3,5,1,4,2,02,2,1,000,000,1,0,1,4,1,15,5,1,2,00,2,5,15,200700069967B01,2,1,1
200700069973,2007-11-25,2007,novembre,dimanche,13:00,65,65286,0,0,2,6,3,1,1,3,1,02,1,3,000,000,1,0,1,3,1,75,5,1,9,00,0,0,0,200700069973B01,7,0,1
200700069977,2007-11-08,2007,novembre,jeudi,16:30,65,65047,0,0,2,1,2,1,1,4,2,02,1,1,000,080,1,0,1,4,1,14,9,1,2,01,0,1,2,200700069977A01,7,24,1
200700070003,2007-11-01,2007,novembre,jeudi,73:0,67,67447,0,0,2,3,5,2,5,4,1,01,1,1,030,040,1,0,1,1,1,15,5,1,9,00,2,8,15,200700070003A01,7,1,1
200700070003,2007-11-01,2007,novembre,jeudi,73:0,67,67447,0,0,2,3,5,2,5,4,1,01,1,1,030,040,1,0,1,4,1,18,5,1,9,00,2,8,15,200700070003B01,7,1,1
200700070005,2007-11-02,2007,novembre,vendredi,75:5,67,67482,0,0,2,1,6,1,1,9,1,01,1,1,000,080,1,0,5,1,1,21,0,1,9,00,1,1,1,200700070005A01,,,
200700070014,2007-11-08,2007,novembre,jeudi,80:0,67,67482,0,0,2,2,3,1,1,4,3,03,1,1,042,116,1,0,1,4,2,16,0,1,9,00,2,1,1,200700070014A01,2,1,1
200700070015,2007-11-08,2007,novembre,jeudi,13:30,67,67447,0,0,2,3,3,1,1,4,1,01,1,1,000,040,1,0,5,4,1,49,0,1,9,00,2,8,0,200700070015B01,7,16,1
200700070026,2007-11-15,2007,novembre,jeudi,18:00,67,67482,0,0,2,1,6,5,2,4,3,04,1,1,000,070,2,4,1,1,1,26,5,1,9,00,1,1,1,200700070026A01,,,
200700070028,2007-11-16,2007,novembre,vendredi,90:5,67,67482,0,0,2,2,3,1,1,4,1,02,1,1,000,050,2,0,1,4,1,21,1,1,2,00,2,1,1,200700070028A01,7,1,1
200700070030,2007-11-16,2007,novembre,vendredi,15:20,67,67482,0,0,2,3,3,1,1,4,2,02,1,1,000,086,1,0,1,4,2,55,0,1,9,00,2,8,13,200700070030A01,10,16,1
200700070035,2007-11-19,2007,novembre,lundi,13:25,67,67482,0,0,2,9,3,1,1,4,2,02,1,1,000,100,1,0,1,4,1,14,0,1,9,00,2,1,19,200700070035B01,7,1,1
200700070040,2007-11-20,2007,novembre,mardi,13:40,67,67482,0,0,2,3,3,1,1,4,1,01,1,1,000,035,1,0,1,4,2,43,1,1,9,00,2,1,1,200700070040B01,7,22,1
200700070043,2007-11-22,2007,novembre,jeudi,10:20,67,67482,0,0,2,3,3,1,2,4,3,02,1,1,000,195,2,5,1,2,2,79,3,1,9,00,2,0,16,200700070043B01,15,16,1
200700070046,2007-11-27,2007,novembre,mardi,80:0,67,67482,0,0,2,3,3,1,1,4,2,05,1,1,000,150,1,0,1,4,2,19,2,1,9,00,2,1,16,200700070046A01,7,1,1
200700070047,2007-11-27,2007,novembre,mardi,82:5,67,67482,0,0,2,1,3,1,1,4,2,04,1,1,000,120,1,0,5,4,1,38,1,1,9,00,2,8,1,200700070047B01,7,9,1
200700070048,2007-11-27,2007,novembre,mardi,18:25,67,67482,0,0,2,2,3,5,1,4,2,02,1,1,000,100,1,0,1,4,2,20,2,1,9,00,2,4,15,200700070048B01,7,15,1
200700070078,2007-11-29,2007,novembre,jeudi,13:35,68,68166,0,0,2,2,3,1,1,3,3,06,1,1,038,271,1,5,1,2,2,11,2,1,9,00,0,1,1,200700070078B01,17,16,1
200700070102,2007-11-02,2007,novembre,vendredi,16:20,69,69266,0,0,2,2,1,1,1,4,2,02,1,1,000,041,1,5,1,4,1,37,1,1,9,00,2,1,1,200700070102B01,7,15,1
200700070106,2007-11-13,2007,novembre,mardi,16:25,69,69266,0,0,2,2,3,1,1,4,2,04,1,1,023,144,1,5,1,4,1,33,9,1,9,00,2,5,15,200700070106A01,7,1,1
200700070108,2007-11-17,2007,novembre,samedi,12:36,69,69266,0,0,2,2,3,1,1,4,2,02,1,1,000,000,1,0,1,4,1,14,5,1,2,00,2,8,9,200700070108B01,7,1,1
200700070111,2007-11-25,2007,novembre,dimanche,19:20,69,69266,0,0,2,1,6,5,1,4,1,03,1,1,000,097,1,0,1,3,1,40,5,1,9,00,2,4,1,200700070111A01,7,1,1
200700070114,2007-11-22,2007,novembre,jeudi,17:10,69,69266,0,0,2,2,6,3,3,4,1,01,1,1,000,058,2,0,1,4,1,49,0,1,2,00,2,1,1,200700070114B01,7,1,1
200700070136,2007-11-05,2007,novembre,lundi,85:5,71,71270,0,0,2,3,3,1,1,4,2,02,1,1,000,060,1,0,1,3,1,44,1,1,9,00,0,8,16,200700070136B01,7,1,1
200700070144,2007-11-23,2007,novembre,vendredi,80:0,71,71270,0,0,2,1,3,2,2,3,2,02,1,1,000,080,2,0,1,3,1,49,0,1,9,00,2,1,9,200700070144A01,10,1,1
200700070156,2007-11-01,2007,novembre,jeudi,22:30,72,72181,0,0,2,4,7,5,1,9,1,03,2,3,000,070,1,0,1,4,1,37,5,1,9,12,0,0,1,200700070156A01,,,
200700070160,2007-11-06,2007,novembre,mardi,14:10,72,72181,0,0,2,2,3,1,1,9,4,03,1,3,000,120,1,2,1,4,2,48,1,1,9,00,0,8,1,200700070160B01,10,15,1
200700070161,2007-11-07,2007,novembre,mercredi,19:20,72,72181,0,0,2,1,7,5,1,9,4,04,1,2,000,150,1,0,1,4,2,28,1,1,9,16,0,1,1,200700070161A01,,,
200700070177,2007-11-16,2007,novembre,vendredi,17:00,72,72181,0,0,2,1,3,1,1,9,-1,01,-1,1,000,066,1,0,1,3,2,22,1,1,2,00,0,1,19,200700070177B01,7,16,1
200700070213,2007-11-19,2007,novembre,lundi,82:0,76,76565,0,0,2,1,2,1,1,2,3,05,-1,1,023,070,1,0,1,3,1,25,1,1,9,00,0,4,1,200700070213B01,10,1,1
200700070315,2007-11-02,2007,novembre,vendredi,21:35,77,77305,0,0,2,6,3,5,1,3,1,02,1,1,056,084,1,0,1,3,2,35,0,1,2,00,2,8,19,200700070315B01,7,1,1
200700070317,2007-11-16,2007,novembre,vendredi,10:25,77,77458,0,0,1,1,2,1,1,3,2,02,1,1,035,035,1,0,1,3,1,51,1,1,9,00,0,4,1,200700070317B01,17,17,1
200700070324,2007-11-14,2007,novembre,mercredi,82:0,77,77083,0,0,2,3,6,2,1,9,3,02,-1,1,000,000,1,6,1,3,1,34,1,1,2,00,2,1,19,200700070324B01,7,23,1
200700070327,2007-11-09,2007,novembre,vendredi,75:5,77,77350,0,0,2,1,3,1,8,3,2,02,1,1,000,000,1,0,1,4,2,19,2,1,9,00,2,3,2,200700070327A01,7,2,1
200700070342,2007-11-21,2007,novembre,mercredi,11:55,78,78397,0,0,2,3,3,1,1,3,2,02,1,1,000,060,1,0,1,4,1,14,2,1,2,00,2,1,1,200700070342B01,7,17,1
200700070347,2007-11-22,2007,novembre,jeudi,14:00,78,78297,0,0,2,6,3,1,1,4,3,04,1,1,000,000,1,0,1,2,1,31,1,1,4,00,0,8,19,200700070347A01,38,1,1
200700070348,2007-11-23,2007,novembre,vendredi,16:15,78,78688,0,0,2,2,1,1,1,4,3,00,1,1,000,000,2,5,1,3,1,11,2,1,9,00,2,3,19,200700070348A01,33,1,1
200700070350,2007-11-26,2007,novembre,lundi,17:15,78,78688,0,0,2,9,1,2,1,3,1,00,1,1,000,000,1,0,1,3,1,13,2,1,2,00,2,6,19,200700070350B01,7,1,1
200700070375,2007-11-05,2007,novembre,lundi,62:0,78,78490,0,0,2,1,1,5,1,3,2,02,2,1,000,000,-1,0,5,3,1,44,0,1,2,00,2,1,1,200700070375A01,1,1,1
200700070375,2007-11-05,2007,novembre,lundi,62:0,78,78490,0,0,2,1,1,5,1,3,2,02,2,1,000,000,-1,0,5,3,1,19,0,1,2,00,2,1,1,200700070375B01,1,1,1
200700070380,2007-11-09,2007,novembre,vendredi,10:20,78,78498,0,0,2,5,3,1,1,3,3,04,1,1,000,000,1,5,1,4,2,27,0,1,2,00,2,6,1,200700070380B01,7,16,1
200700070392,2007-11-08,2007,novembre,jeudi,15:25,78,78517,0,0,2,6,3,1,8,4,1,01,1,-1,000,076,2,5,5,4,1,81,5,1,2,00,2,1,1,200700070392A01,7,16,1
200700070408,2007-11-14,2007,novembre,mercredi,92:0,78,78586,0,0,2,1,3,1,1,4,2,02,1,1,000,080,1,0,1,4,1,16,2,1,9,00,2,1,9,200700070408A01,37,1,1
200700070435,2007-11-29,2007,novembre,jeudi,10:50,78,78158,0,0,2,1,6,1,1,3,3,02,1,1,015,062,1,0,1,4,1,70,5,1,9,00,0,0,0,200700070435B01,7,1,1
200700070447,2007-11-06,2007,novembre,mardi,17:45,80,80021,0,0,2,1,6,5,1,4,2,02,1,1,000,080,1,0,1,4,1,16,5,1,9,00,2,0,1,200700070447A01,7,1,1
200700070451,2007-11-10,2007,novembre,samedi,14:20,80,80489,0,0,2,2,3,1,1,4,2,02,1,1,000,050,2,0,1,4,1,15,5,1,9,00,2,6,16,200700070451A01,7,1,1