Num_Acc,date,an,mois,jour,hrmn,dep,com,lat,long,agg,int,col,lum,atm,catr,circ,nbv,prof,plan,lartpc,larrout,surf,infra,situ,grav,sexe,age,trajet,secuexist,equipement,obs,obsm,choc,manv,vehiculeid,typevehicules,manoeuvehicules,numVehicules
200700070474,2007-11-03,2007,novembre,samedi,10:15,81,81065,0,0,2,1,2,1,5,3,2,02,1,1,000,000,1,0,1,4,1,84,3,1,9,00,2,4,1,200700070474B01,7,1,1
200700070477,2007-11-06,2007,novembre,mardi,75:0,81,81065,0,0,2,2,3,2,1,4,2,02,1,1,000,000,1,5,1,4,1,67,1,1,9,00,2,7,1,200700070477B01,7,1,1
200700070493,2007-11-15,2007,novembre,jeudi,16:00,82,82121,0,0,2,1,6,1,1,4,2,02,1,1,000,000,1,0,1,4,1,68,5,1,2,00,2,8,1,200700070493B01,7,17,1
200700070502,2007-11-21,2007,novembre,mercredi,10:00,83,83118,0,0,2,5,3,1,2,4,-1,02,2,-1,000,057,2,0,1,3,2,43,1,1,9,00,2,1,1,200700070502B01,7,1,1
200700070526,2007-11-04,2007,novembre,dimanche,20:00,83,83137,0,0,2,1,3,5,1,4,2,02,2,2,000,060,1,0,1,3,1,16,5,1,2,00,2,1,1,200700070526B01,7,15,1
200700070538,2007-11-26,2007,novembre,lundi,63:5,83,83137,0,0,1,1,1,5,9,9,2,02,1,3,000,060,9,0,5,3,1,50,1,1,2,00,2,1,1,200700070538B01,2,1,1
200700070560,2007-11-30,2007,novembre,vendredi,10:30,84,84007,0,0,1,1,3,1,1,2,1,02,1,2,300,090,1,0,1,4,1,61,9,1,9,00,2,5,1,200700070560B01,7,9,1
200700070577,2007-11-28,2007,novembre,mercredi,13:10,86,86066,0,0,2,9,3,1,1,3,2,02,1,1,000,000,1,0,1,3,2,17,1,1,4,00,2,8,15,200700070577B01,7,1,1
200700070593,2007-11-01,2007,novembre,jeudi,17:25,87,87085,0,0,2,3,6,1,1,4,1,01,1,1,000,040,1,0,1,4,1,23,5,1,9,00,2,0,2,200700070593A01,7,2,1
200700070661,2007-11-05,2007,novembre,lundi,13:25,90,90010,0,0,2,1,6,1,1,4,2,02,2,1,000,072,1,0,1,4,1,24,0,1,9,01,0,1,1,200700070661B01,10,22,1
200700070669,2007-11-20,2007,novembre,mardi,21:45,90,90010,0,0,2,2,3,5,2,4,-1,02,4,1,000,070,2,0,1,4,1,37,1,1,9,00,2,1,1,200700070669B01,7,15,1
200700070671,2007-11-22,2007,novembre,jeudi,14:49,90,90010,0,0,2,1,6,1,2,9,2,02,1,1,000,020,2,0,5,1,2,23,0,1,2,00,1,0,0,200700070671A01,,,
200700070671,2007-11-22,2007,novembre,jeudi,14:49,90,90010,0,0,2,1,6,1,2,9,2,02,1,1,000,020,2,0,5,4,2,70,5,0,0,00,1,0,0,200700070671A01,,,
200700070673,2007-11-23,2007,novembre,vendredi,14:50,90,90010,0,0,1,1,3,1,2,4,1,01,1,1,000,070,2,0,1,4,1,64,9,1,9,00,2,7,19,200700070673B01,10,9,1
200700070674,2007-11-24,2007,novembre,samedi,15:00,90,90010,0,0,2,1,6,1,1,4,2,02,1,1,019,090,1,0,1,1,1,16,0,1,9,00,1,7,1,200700070674A01,,,
200700070678,2007-11-30,2007,novembre,vendredi,11:41,90,90010,0,0,2,2,3,1,2,4,2,03,2,1,000,097,2,0,1,3,1,37,1,1,9,00,2,1,1,200700070678B01,7,15,1
200700070711,2007-11-20,2007,novembre,mardi,13:27,91,91434,0,0,2,9,3,1,1,4,-1,01,1,-1,000,000,-1,0,0,4,1,18,1,1,2,00,0,7,0,200700070711B01,7,0,1
200700070746,2007-11-07,2007,novembre,mercredi,21:40,92,92004,0,0,2,3,2,5,1,4,2,02,1,1,000,070,1,0,1,4,1,25,5,1,9,00,2,4,1,200700070746B01,7,1,1
200700070750,2007-11-14,2007,novembre,mercredi,16:15,92,92004,0,0,2,1,6,1,1,4,1,02,1,1,000,000,1,0,1,3,2,28,0,1,9,00,2,4,11,200700070750B01,7,1,1
200700070763,2007-11-30,2007,novembre,vendredi,15:45,92,92004,0,0,2,3,6,1,1,4,1,02,1,1,000,060,1,0,1,4,2,38,0,1,9,01,0,1,1,200700070763B01,7,22,1
200700070791,2007-11-08,2007,novembre,jeudi,19:45,92,92032,0,0,2,1,6,5,2,3,2,02,2,1,000,062,2,0,1,2,1,51,9,1,2,00,2,1,1,200700070791B01,7,1,1
200700070825,2007-11-21,2007,novembre,mercredi,14:45,92,92025,0,0,2,2,3,1,1,3,1,01,1,1,000,060,1,0,1,4,1,10,5,1,2,00,2,0,2,200700070825B01,7,2,1
200700070836,2007-11-16,2007,novembre,vendredi,23:15,92,92026,0,0,2,2,3,5,1,3,3,04,1,1,000,138,1,5,1,4,1,17,1,1,9,00,2,1,1,200700070836A01,30,1,1
200700070846,2007-11-06,2007,novembre,mardi,93:5,92,92036,0,0,2,2,1,1,1,3,2,05,1,1,000,170,1,0,1,4,1,41,5,1,9,00,2,1,19,200700070846B01,7,1,1
200700070855,2007-11-19,2007,novembre,lundi,74:5,92,92040,0,0,2,1,6,1,2,3,1,03,1,1,030,090,1,0,1,4,1,14,5,1,9,00,0,0,0,200700070855A01,30,1,1
200700070891,2007-11-15,2007,novembre,jeudi,17:50,92,92050,0,0,2,1,1,2,1,2,3,02,2,1,000,000,1,0,4,4,1,34,1,1,2,00,2,1,1,200700070891B01,7,0,1
200700070903,2007-11-05,2007,novembre,lundi,92:5,92,92051,0,0,2,2,3,1,1,4,2,02,1,-1,000,000,1,0,1,3,2,49,0,1,2,00,2,6,1,200700070903B01,7,15,1
200700070921,2007-11-19,2007,novembre,lundi,15:30,92,92063,0,0,2,1,2,1,1,3,1,01,1,1,000,000,1,3,1,4,1,58,1,1,9,00,2,4,0,200700070921B01,2,1,1
200700070929,2007-11-08,2007,novembre,jeudi,21:25,92,92076,0,0,2,1,2,5,3,4,2,02,1,1,000,045,2,0,1,3,1,18,5,1,9,00,2,3,2,200700070929B01,7,2,1
200700070940,2007-11-21,2007,novembre,mercredi,20:10,92,92072,0,0,2,1,2,5,1,3,2,02,1,1,000,081,1,0,1,4,1,29,1,0,0,00,2,1,2,200700070940A01,7,2,1
200700070957,2007-11-16,2007,novembre,vendredi,14:30,92,92062,0,0,2,1,7,1,1,3,1,02,1,3,000,000,1,0,1,4,1,18,1,1,2,00,0,1,0,200700070957A01,,,
200700070979,2007-11-28,2007,novembre,mercredi,20:35,93,93001,0,0,2,1,3,5,1,4,3,04,1,1,000,120,1,0,1,3,1,28,0,1,9,00,2,7,0,200700070979B01,7,0,1
200700071042,2007-11-09,2007,novembre,vendredi,10:20,93,93006,0,0,2,3,6,1,1,4,2,00,1,1,020,070,2,0,1,3,1,47,0,1,9,00,2,1,9,200700071042B01,7,9,1
200700071044,2007-11-09,2007,novembre,vendredi,16:10,93,93045,0,0,2,1,3,1,1,4,2,01,1,1,000,060,1,0,1,3,1,50,0,1,4,01,0,1,22,200700071044B01,7,22,1
200700071065,2007-11-30,2007,novembre,vendredi,16:25,93,93046,0,0,2,1,7,1,1,4,2,02,1,1,000,050,1,0,1,4,1,11,0,1,9,00,2,8,19,200700071065B01,7,1,1
200700071073,2007-11-23,2007,novembre,vendredi,16:45,93,93048,0,0,2,1,6,2,8,4,2,03,1,1,000,100,1,0,1,4,1,36,0,1,9,00,0,0,0,200700071073A01,7,22,1
200700071087,2007-11-09,2007,novembre,vendredi,10:20,93,93051,0,0,2,2,3,1,2,9,2,02,1,1,010,010,2,0,1,4,1,15,2,1,9,00,0,1,0,200700071087A01,7,0,1
200700071090,2007-11-15,2007,novembre,jeudi,18:30,93,93051,0,0,2,2,3,5,9,2,4,03,2,3,000,000,1,0,1,4,1,16,9,1,9,00,2,3,19,200700071090B01,7,16,1
200700071093,2007-11-26,2007,novembre,lundi,16:55,93,93051,0,0,2,1,1,3,1,4,3,02,2,1,000,000,1,0,1,3,1,15,2,1,9,00,2,0,0,200700071093A01,7,0,1
200700071108,2007-11-22,2007,novembre,jeudi,15:45,93,93014,0,0,2,2,7,1,8,3,2,01,1,1,000,000,6,0,1,4,1,46,5,1,9,00,0,0,0,200700071108A01,,,
200700071130,2007-11-15,2007,novembre,jeudi,14:20,93,93066,0,0,2,3,1,1,1,4,2,02,1,2,030,060,1,0,1,3,1,28,0,1,2,00,2,1,0,200700071130A01,7,0,1
200700071144,2007-11-30,2007,novembre,vendredi,11:45,93,93070,0,0,2,3,3,1,2,4,2,02,1,1,000,040,2,0,1,3,1,48,5,1,4,00,0,1,2,200700071144B01,7,15,1
200700071174,2007-11-21,2007,novembre,mercredi,12:10,94,94002,0,0,2,1,6,1,1,4,1,01,1,-1,000,052,1,0,1,4,1,78,5,0,0,00,1,1,0,200700071174A01,,,
200700071174,2007-11-21,2007,novembre,mercredi,12:10,94,94002,0,0,2,1,6,1,1,4,1,01,1,-1,000,052,1,0,1,1,1,31,0,1,9,00,1,1,0,200700071174A01,,,
200700071190,2007-11-15,2007,novembre,jeudi,18:05,94,94017,0,0,2,3,3,5,1,4,-1,01,-1,-1,000,000,-1,0,1,4,1,15,0,0,0,00,2,1,0,200700071190A01,7,0,1
200700071194,2007-11-30,2007,novembre,vendredi,80:0,94,94017,0,0,2,3,3,1,1,4,1,01,1,1,000,000,2,0,1,4,1,11,2,1,2,00,2,1,15,200700071194A01,7,1,1
200700071199,2007-11-25,2007,novembre,dimanche,19:25,94,94018,0,0,2,3,3,4,1,3,1,03,2,1,000,098,1,0,1,4,1,12,5,1,4,00,2,1,19,200700071199B01,7,2,1
200700071201,2007-11-15,2007,novembre,jeudi,35:,94,94018,0,0,2,1,6,5,1,3,2,02,1,1,000,000,1,0,1,4,1,16,0,1,9,00,2,1,15,200700071201A01,37,17,1
200700071240,2007-11-22,2007,novembre,jeudi,18:10,94,94033,0,0,2,1,3,2,1,3,2,02,2,1,000,080,1,0,1,4,1,41,1,1,2,00,2,1,1,200700071240B01,7,15,1
200700071247,2007-11-11,2007,novembre,dimanche,11:15,94,94076,0,0,2,1,6,1,1,4,1,01,1,1,000,000,1,0,1,4,1,13,0,1,9,00,2,1,19,200700071247B01,7,1,1
200700071266,2007-11-24,2007,novembre,samedi,18:45,94,94003,0,0,1,6,4,5,1,2,1,00,1,2,000,075,1,5,1,1,1,37,0,1,4,00,2,8,2,200700071266C01,10/ 34,14/2,2
200700071270,2007-11-22,2007,novembre,jeudi,18:45,94,94016,0,0,2,1,3,5,1,4,2,02,1,-1,000,000,1,0,1,4,1,24,0,1,4,00,2,3,0,200700071270B01,7,0,1
200700071276,2007-11-06,2007,novembre,mardi,17:10,94,94065,0,0,2,2,3,1,1,4,2,01,1,1,000,000,1,0,1,4,1,36,4,1,2,00,0,7,1,200700071276B01,7,15,1
200700071307,2007-11-14,2007,novembre,mercredi,55:0,94,94046,0,0,2,1,2,5,2,2,3,05,1,1,011,148,2,0,1,4,1,31,1,1,2,00,2,4,1,200700071307B01,7,1,1
200700071314,2007-11-06,2007,novembre,mardi,17:10,94,94042,0,0,2,1,3,1,1,4,1,02,2,1,012,115,1,0,1,4,2,59,9,1,9,00,2,0,1,200700071314B01,7,16,1
200700071326,2007-11-16,2007,novembre,vendredi,11:50,94,94042,0,0,2,1,3,1,1,3,1,01,-1,-1,000,030,-1,0,1,4,1,26,0,1,2,00,2,1,19,200700071326A01,7,16,1
200700071329,2007-11-19,2007,novembre,lundi,19:25,94,94058,0,0,2,1,3,2,2,3,2,02,1,1,000,061,1,0,1,4,1,14,5,1,2,00,2,8,19,200700071329A01,31,1,1
200700071360,2007-11-05,2007,novembre,lundi,11:30,94,94078,0,0,2,1,3,1,1,4,3,02,1,1,000,000,1,0,1,3,1,34,0,1,2,00,2,1,0,200700071360A01,7,0,1
200700071364,2007-11-16,2007,novembre,vendredi,18:10,94,94080,0,0,2,1,6,5,1,3,2,02,1,1,000,000,1,0,1,4,1,15,5,1,9,01,0,1,1,200700071364B01,7,24,1
200700071367,2007-11-22,2007,novembre,jeudi,21:00,94,94080,0,0,2,4,6,5,1,3,2,02,1,1,000,080,1,0,1,4,2,52,5,1,9,00,2,8,1,200700071367B01,7,1,1
200700071380,2007-11-05,2007,novembre,lundi,13:55,95,95018,0,0,2,2,3,1,1,4,2,02,1,1,000,064,1,0,1,4,1,11,9,1,2,00,2,0,15,200700071380A01,7,1,1
200700071386,2007-11-14,2007,novembre,mercredi,16:45,95,95018,0,0,2,1,3,1,1,4,2,02,1,1,000,080,1,0,1,4,1,33,1,1,2,00,2,7,1,200700071386B01,7,1,1
200700071397,2007-11-26,2007,novembre,lundi,17:15,95,95018,0,0,2,2,3,5,1,4,2,02,1,1,000,090,1,0,1,4,1,37,1,1,2,00,2,8,1,200700071397B01,7,15,1
200700071398,2007-11-29,2007,novembre,jeudi,90:0,95,95176,0,0,2,1,6,1,1,3,2,02,1,2,000,071,1,0,1,4,1,18,1,1,2,00,2,1,13,200700071398A01,7,1,1
200700071400,2007-11-11,2007,novembre,dimanche,15:15,95,95063,0,0,1,1,1,1,1,3,2,02,1,1,000,000,1,0,1,2,2,14,5,1,9,00,2,7,19,200700071400B01,7,2,1
200700071410,2007-11-03,2007,novembre,samedi,10:35,95,95252,0,0,2,1,6,1,1,4,2,02,1,1,000,000,1,0,1,4,2,61,0,1,2,00,2,1,1,200700071410B01,7,1,1
200700071412,2007-11-08,2007,novembre,jeudi,13:40,95,95203,0,0,2,3,3,1,2,4,1,01,1,1,000,000,2,0,0,4,1,13,5,1,2,00,2,1,1,200700071412B01,7,15,1
200700071421,2007-11-30,2007,novembre,vendredi,16:00,95,95252,0,0,2,1,6,1,1,4,2,02,1,1,000,056,1,0,1,4,2,11,9,1,2,00,2,1,1,200700071421B01,37,1,1
200700071443,2007-11-19,2007,novembre,lundi,16:20,95,95585,0,0,2,1,3,1,1,3,2,04,1,1,050,120,1,0,1,3,2,17,2,1,2,00,2,1,19,200700071443B01,7,1,1
200700071474,2007-11-09,2007,novembre,vendredi,5:,69,69381,0,0,2,1,6,5,1,4,2,02,1,1,000,026,1,0,1,4,1,32,5,1,9,01,0,1,1,200700071474B01,7,22,1
200700071733,2007-11-01,2007,novembre,jeudi,19:15,69,69382,0,0,2,2,3,3,1,4,1,02,1,1,000,059,2,6,1,4,2,29,0,1,9,00,0,0,0,200700071733B01,7,0,1
200700071794,2007-11-12,2007,novembre,lundi,13:40,69,69383,0,0,2,2,3,1,1,4,1,01,1,1,000,000,1,0,1,4,1,13,0,1,2,00,2,0,16,200700071794B01,7,1,1
200700071802,2007-11-22,2007,novembre,jeudi,14:00,69,69383,0,0,2,2,3,1,2,4,2,06,1,1,000,000,2,0,1,4,1,35,1,1,2,00,2,1,1,200700071802A01,10,1,1
200700071803,2007-11-25,2007,novembre,dimanche,20:45,69,69383,0,0,2,2,6,5,1,4,2,03,1,1,000,000,1,0,1,4,2,31,5,1,9,00,2,1,19,200700071803B01,7,15,1
200700071863,2007-11-29,2007,novembre,jeudi,18:25,69,69387,0,0,2,3,3,5,1,4,2,02,1,1,000,082,1,0,1,4,1,27,1,1,9,00,2,1,1,200700071863B01,7,15,1
200700071869,2007-11-20,2007,novembre,mardi,15:30,69,69388,0,0,2,2,3,1,1,4,1,03,1,1,000,130,1,0,1,4,1,15,5,1,9,00,2,4,1,200700071869A01,7,1,1
200700071995,2007-11-14,2007,novembre,mercredi,94:5,75,75101,0,0,2,1,3,1,1,4,1,04,1,1,000,150,1,0,1,4,2,61,1,1,9,01,0,3,1,200700071995A01,7,22,1
200700071999,2007-11-21,2007,novembre,mercredi,65:0,75,75101,0,0,2,1,4,5,2,4,1,03,1,1,000,130,2,0,1,1,2,45,1,1,9,00,0,8,7,200700071999B01,33/ 13,7,2
200700072000,2007-11-22,2007,novembre,jeudi,18:20,75,75101,0,0,2,1,3,5,1,4,1,02,1,1,045,090,1,0,1,4,2,31,9,1,4,00,0,1,7,200700072000B01,7,7,1
200700072021,2007-11-14,2007,novembre,mercredi,14:35,75,75103,0,0,2,2,3,1,1,4,2,02,1,1,000,050,1,5,1,1,2,54,5,1,9,00,2,7,1,200700072021A01,33,15,1
200700072021,2007-11-14,2007,novembre,mercredi,14:35,75,75103,0,0,2,2,3,1,1,4,2,02,1,1,000,050,1,5,1,4,2,8,0,1,9,00,2,7,1,200700072021A01,33,15,1
200700072024,2007-11-21,2007,novembre,mercredi,19:30,75,75103,0,0,2,1,6,5,1,4,3,06,1,1,008,130,1,0,1,4,1,46,1,1,4,00,2,8,7,200700072024B01,7,7,1
200700072025,2007-11-22,2007,novembre,jeudi,14:30,75,75103,0,0,2,1,2,1,1,4,1,02,1,1,000,056,1,0,1,4,1,60,9,1,9,00,0,4,7,200700072025B01,10,7,1
200700072026,2007-11-24,2007,novembre,samedi,62:8,75,75103,0,0,2,1,6,5,1,4,1,02,1,1,000,093,1,0,3,3,1,36,0,1,9,01,0,1,0,200700072026A01,,,
200700072029,2007-11-06,2007,novembre,mardi,13:00,75,75104,0,0,2,2,3,1,1,4,1,01,1,1,000,035,1,0,1,4,2,48,1,1,9,00,2,1,1,200700072029B01,7,1,1
200700072032,2007-11-08,2007,novembre,jeudi,15:06,75,75104,0,0,2,1,6,1,8,4,1,04,1,-1,140,140,1,0,1,4,2,19,2,1,9,00,1,1,1,200700072032A01,,,
200700072034,2007-11-15,2007,novembre,jeudi,12:15,75,75104,0,0,2,2,3,2,1,4,1,04,1,1,000,118,1,0,1,4,2,34,3,1,2,00,2,4,1,200700072034B01,14,16,1
200700072036,2007-11-15,2007,novembre,jeudi,16:15,75,75104,0,0,2,1,6,1,1,4,-1,00,1,1,000,120,1,6,0,1,1,17,5,1,4,00,1,1,1,200700072036A01,,,
200700072036,2007-11-15,2007,novembre,jeudi,16:15,75,75104,0,0,2,1,6,1,1,4,-1,00,1,1,000,120,1,6,0,4,1,42,4,0,0,00,1,1,1,200700072036A01,,,
200700072039,2007-11-17,2007,novembre,samedi,16:50,75,75104,0,0,2,1,3,2,1,4,1,01,1,1,000,055,1,0,1,4,1,37,5,1,9,00,0,8,18,200700072039B01,7,23,1
200700072044,2007-11-21,2007,novembre,mercredi,20:45,75,75104,0,0,2,1,3,5,1,4,2,05,1,1,000,107,1,0,1,4,2,20,5,1,4,00,2,7,11,200700072044B01,7,1,1
200700072054,2007-11-09,2007,novembre,vendredi,15:35,75,75105,0,0,2,1,3,1,1,4,3,04,1,1,002,070,1,0,1,4,2,22,5,1,9,00,0,8,10,200700072054B01,34,1,1
200700072076,2007-11-01,2007,novembre,jeudi,19:20,75,75106,0,0,2,1,3,5,8,4,2,02,1,-1,000,150,1,0,1,4,1,36,5,1,9,00,0,0,0,200700072076A01,10,0,1
200700072084,2007-11-15,2007,novembre,jeudi,83:3,75,75106,0,0,2,5,7,1,1,4,-1,02,-1,-1,000,000,1,0,0,4,2,41,1,1,9,00,0,0,0,200700072084A01,,,
200700072087,2007-11-16,2007,novembre,vendredi,10:20,75,75106,0,0,2,1,6,1,1,4,1,00,1,1,000,067,1,0,1,4,2,35,1,1,9,00,1,0,0,200700072087A01,,,
200700072089,2007-11-23,2007,novembre,vendredi,82:0,75,75106,0,0,2,1,3,1,8,4,1,03,1,-1,007,155,1,0,1,4,2,18,2,1,4,00,2,1,7,200700072089B01,14,16,1
200700072094,2007-11-29,2007,novembre,jeudi,15:20,75,75106,0,0,2,1,2,1,2,4,2,04,1,1,000,127,2,0,1,4,1,49,1,1,4,00,2,4,2,200700072094B01,7,2,1
200700072100,2007-11-05,2007,novembre,lundi,13:20,75,75107,0,0,2,1,2,1,1,4,2,01,1,1,000,155,1,5,1,4,2,56,4,1,9,00,2,4,2,200700072100B01,7,2,1
200700072102,2007-11-07,2007,novembre,mercredi,74:0,75,75107,0,0,2,2,3,2,1,4,2,04,1,1,000,210,1,0,1,4,2,28,1,1,9,00,2,6,19,200700072102B01,33,21,1
200700072105,2007-11-08,2007,novembre,jeudi,13:12,75,75107,0,0,2,1,2,1,1,4,1,03,1,1,000,050,1,2,1,4,1,58,5,1,9,00,0,4,2,200700072105B01,7,21,1
200700072118,2007-11-22,2007,novembre,jeudi,18:10,75,75107,0,0,2,1,3,5,1,4,1,02,1,-1,000,000,-1,0,1,1,2,57,0,1,9,00,9,8,13,200700072118B01,30,13,1
200700072127,2007-11-28,2007,novembre,mercredi,15:30,75,75107,0,0,2,1,3,1,1,4,1,04,1,1,000,131,1,0,5,4,2,25,5,1,4,00,2,1,1,200700072127B01,7,16,1
200700072148,2007-11-14,2007,novembre,mercredi,10:00,75,75108,0,0,2,1,7,1,1,4,1,02,2,1,000,090,8,0,1,4,1,29,1,1,2,00,0,8,0,200700072148A01,,,
200700072151,2007-11-14,2007,novembre,mercredi,18:10,75,75108,0,0,2,1,3,5,1,9,1,01,1,-1,000,050,1,0,1,4,1,37,5,1,9,00,2,1,1,200700072151B01,7,22,1
200700072153,2007-11-15,2007,novembre,jeudi,23:20,75,75108,0,0,2,2,2,5,1,4,1,01,1,1,000,200,1,0,1,3,2,28,5,0,0,00,0,4,2,200700072153A01,7,2,1
200700072161,2007-11-20,2007,novembre,mardi,81:5,75,75108,0,0,2,2,3,1,1,4,1,01,1,1,000,095,2,0,1,4,2,17,2,1,9,00,0,1,0,200700072161A01,7,0,1
200700072190,2007-11-10,2007,novembre,samedi,14:20,75,75109,0,0,2,7,2,1,8,9,1,03,1,-1,000,000,1,0,1,4,2,28,0,1,9,00,2,6,2,200700072190B01,7,2,1
200700072195,2007-11-14,2007,novembre,mercredi,94:5,75,75109,0,0,2,2,3,1,1,4,3,02,1,1,000,060,1,5,1,4,1,32,1,1,9,01,2,1,0,200700072195B01,30,0,1
200700072202,2007-11-16,2007,novembre,vendredi,15:55,75,75109,0,0,2,1,7,1,1,4,2,05,1,1,000,000,1,0,1,4,1,27,4,1,2,00,0,0,2,200700072202A01,,,
200700072213,2007-11-01,2007,novembre,jeudi,10:5,75,75110,0,0,2,1,7,5,1,4,1,00,1,1,000,110,1,0,5,4,1,28,5,1,9,00,0,0,1,200700072213A01,,,
200700072217,2007-11-03,2007,novembre,samedi,20:49,75,75110,0,0,2,1,3,5,1,4,1,01,1,1,000,060,1,0,1,4,2,53,5,1,9,00,2,0,1,200700072217B01,13,16,1
200700072232,2007-11-15,2007,novembre,jeudi,20:45,75,75110,0,0,2,1,3,5,1,4,3,00,1,1,000,080,1,0,1,4,1,30,5,1,9,00,9,0,0,200700072232B01,30,0,1
200700072234,2007-11-16,2007,novembre,vendredi,10:20,75,75110,0,0,2,1,3,1,1,4,2,02,1,3,020,099,1,0,1,4,2,30,1,1,9,00,2,7,0,200700072234A01,7,23,1
200700072235,2007-11-16,2007,novembre,vendredi,19:35,75,75110,0,0,2,1,6,5,1,4,1,01,1,1,007,018,1,0,5,4,1,45,1,1,9,00,0,3,2,200700072235B01,2,17,1
200700072241,2007-11-20,2007,novembre,mardi,22:30,75,75110,0,0,2,1,2,5,2,4,2,04,2,1,000,140,2,0,1,4,2,27,5,1,2,14,0,1,2,200700072241A01,7,1,1
200700072249,2007-11-23,2007,novembre,vendredi,91:0,75,75110,0,0,2,1,6,1,1,4,3,01,1,1,000,030,1,0,5,4,1,27,1,1,9,00,1,1,21,200700072249A01,,,
200700072255,2007-11-27,2007,novembre,mardi,18:50,75,75110,0,0,2,1,3,5,1,4,2,02,1,1,000,068,1,0,1,4,2,27,1,1,9,01,0,1,0,200700072255B01,7,22,1
200700072257,2007-11-28,2007,novembre,mercredi,10:15,75,75110,0,0,2,1,3,1,1,4,1,01,1,-1,000,150,1,0,1,4,1,25,1,1,9,00,2,8,15,200700072257B01,7,16,1
200700072277,2007-11-21,2007,novembre,mercredi,14:00,75,75111,0,0,2,1,2,1,1,4,2,03,1,1,000,130,1,0,1,4,1,16,2,1,4,01,0,1,2,200700072277B01,7,23,1
200700072278,2007-11-21,2007,novembre,mercredi,14:00,75,75111,0,0,2,1,6,1,1,4,1,01,1,1,000,079,1,0,1,3,2,29,5,1,9,01,0,1,1,200700072278B01,10,22,1
200700072289,2007-11-26,2007,novembre,lundi,10:25,75,75111,0,0,2,3,3,1,1,4,3,02,1,1,097,070,1,0,1,4,2,56,1,1,9,00,2,3,1,200700072289B01,10,16,1
200700072292,2007-11-27,2007,novembre,mardi,18:30,75,75111,0,0,2,1,4,5,1,4,2,02,1,1,000,151,1,0,1,4,2,31,9,1,2,01,9,1,1,200700072292B01,7,22,1
200700072292,2007-11-27,2007,novembre,mardi,18:30,75,75111,0,0,2,1,4,5,1,4,2,02,1,1,000,151,1,0,1,1,1,48,9,1,9,14,0,1,21,200700072292C01,7,22,1
200700072294,2007-11-28,2007,novembre,mercredi,12:10,75,75111,0,0,2,2,3,1,1,4,2,02,1,1,000,133,1,0,1,4,1,52,1,1,9,00,2,8,11,200700072294A01,31,2,1
200700072298,2007-11-01,2007,novembre,jeudi,11:40,75,75112,0,0,2,1,2,1,1,4,-1,01,1,1,000,101,1,0,5,4,1,37,5,1,2,00,0,1,2,200700072298A01,1,1,1
200700072298,2007-11-01,2007,novembre,jeudi,11:40,75,75112,0,0,2,1,2,1,1,4,-1,01,1,1,000,101,1,0,5,4,1,46,5,1,9,00,0,0,1,200700072298B01,1,2,1
200700072301,2007-11-04,2007,novembre,dimanche,11:40,75,75112,0,0,2,1,6,1,1,4,2,02,1,1,000,110,1,0,1,4,1,30,5,1,9,00,1,1,1,200700072301A01,,,
200700072302,2007-11-04,2007,novembre,dimanche,17:15,75,75112,0,0,2,1,7,2,1,4,1,02,1,1,040,100,1,0,5,3,2,43,5,1,2,00,1,8,1,200700072302A01,,,
200700072321,2007-11-14,2007,novembre,mercredi,15:10,75,75112,0,0,2,5,3,1,1,4,2,02,1,1,000,140,1,0,1,4,1,54,0,1,9,00,2,1,0,200700072321A01,7,16,1
200700072324,2007-11-14,2007,novembre,mercredi,19:27,75,75112,0,0,2,1,6,3,2,4,-1,00,4,1,000,040,2,0,1,3,1,36,1,1,9,14,0,1,1,200700072324A01,,,
200700072329,2007-11-15,2007,novembre,jeudi,18:10,75,75112,0,0,2,3,3,5,1,4,2,02,1,1,000,120,1,0,1,4,1,15,5,1,4,00,2,8,1,200700072329B01,30,16,1
200700072338,2007-11-17,2007,novembre,samedi,19:50,75,75112,0,0,2,5,3,5,1,4,1,04,1,2,000,000,1,0,1,4,1,30,5,1,9,00,2,2,1,200700072338B01,7,16,1
200700072342,2007-11-19,2007,novembre,lundi,20:15,75,75112,0,0,2,1,6,4,2,4,1,01,1,1,000,136,2,1,5,4,2,24,1,0,0,00,1,1,1,200700072342A01,,,
200700072342,2007-11-19,2007,novembre,lundi,20:15,75,75112,0,0,2,1,6,4,2,4,1,01,1,1,000,136,2,1,5,1,1,47,1,1,9,00,1,1,1,200700072342A01,,,
200700072347,2007-11-20,2007,novembre,mardi,15:35,75,75112,0,0,2,7,7,1,2,4,1,06,1,2,000,000,2,0,1,4,2,52,1,1,4,00,0,0,0,200700072347A01,,,
200700072350,2007-11-20,2007,novembre,mardi,21:10,75,75112,0,0,2,6,2,5,2,4,4,01,1,3,000,000,2,0,1,4,2,22,1,1,9,00,0,4,12,200700072350B01,7,2,1
200700072368,2007-11-03,2007,novembre,samedi,19:10,75,75113,0,0,2,1,6,5,1,4,-1,00,1,2,000,000,1,0,5,4,2,48,5,1,9,15,0,1,2,200700072368A01,,,
200700072369,2007-11-04,2007,novembre,dimanche,43:6,75,75113,0,0,2,1,7,5,1,2,-1,00,1,1,015,015,-1,0,5,4,1,22,5,1,4,12,0,0,0,200700072369A01,,,
200700072370,2007-11-05,2007,novembre,lundi,17:58,75,75113,0,0,2,1,6,5,1,4,-1,00,1,1,000,040,1,0,4,1,1,17,5,1,9,00,0,0,0,200700072370A01,,,
200700072379,2007-11-09,2007,novembre,vendredi,15:35,75,75113,0,0,2,2,3,1,1,4,-1,03,1,-1,000,000,1,5,1,4,1,38,5,1,2,00,0,1,7,200700072379A01,37,1,1