Num_Acc,date,an,mois,jour,hrmn,dep,com,lat,long,agg,int,col,lum,atm,catr,circ,nbv,prof,plan,lartpc,larrout,surf,infra,situ,grav,sexe,age,trajet,secuexist,equipement,obs,obsm,choc,manv,vehiculeid,typevehicules,manoeuvehicules,numVehicules
200700072395,2007-11-16,2007,novembre,vendredi,12:38,75,75113,0,0,2,1,6,1,1,4,2,04,2,1,000,060,-1,0,1,4,1,21,1,1,9,00,1,1,1,200700072395A01,,,
200700072396,2007-11-16,2007,novembre,vendredi,16:45,75,75113,0,0,2,1,3,2,1,4,3,03,2,1,007,096,1,0,5,4,2,56,1,1,9,00,0,8,1,200700072396B01,30,17,1
200700072406,2007-11-20,2007,novembre,mardi,92:0,75,75113,0,0,2,1,3,1,2,4,3,02,1,1,000,066,2,0,5,4,2,27,2,1,9,01,0,7,17,200700072406B01,7,22,1
200700072428,2007-11-01,2007,novembre,jeudi,84:0,75,75114,0,0,2,1,3,1,1,4,1,01,1,1,000,067,1,0,1,4,2,58,1,1,2,01,0,1,1,200700072428B01,7,22,1
200700072433,2007-11-06,2007,novembre,mardi,92:3,75,75114,0,0,2,2,3,1,1,4,2,03,1,1,000,100,1,0,1,4,2,27,0,1,9,00,0,2,0,200700072433A01,32,1,1
200700072441,2007-11-11,2007,novembre,dimanche,11:8,75,75114,0,0,2,1,3,5,1,4,2,01,1,1,000,050,1,0,1,4,1,23,0,1,9,00,2,2,3,200700072441A01,7,1,1
200700072456,2007-11-19,2007,novembre,lundi,74:5,75,75114,0,0,2,1,7,1,2,4,1,01,2,3,000,095,2,0,1,4,1,18,2,1,9,00,0,8,11,200700072456A01,,,
200700072494,2007-11-16,2007,novembre,vendredi,83:0,75,75115,0,0,2,3,3,1,1,4,2,03,1,1,076,028,1,0,1,4,1,30,0,1,9,00,2,1,1,200700072494B01,7,15,1
200700072501,2007-11-18,2007,novembre,dimanche,21:30,75,75107,0,0,2,3,3,5,2,4,2,03,1,1,000,100,2,0,1,3,2,66,5,1,9,00,2,2,0,200700072501A01,30,0,1
200700072502,2007-11-19,2007,novembre,lundi,12:15,75,75115,0,0,2,1,1,1,8,4,1,03,1,1,000,120,1,0,1,4,1,42,0,1,9,00,0,0,5,200700072502A01,7,15,1
200700072505,2007-11-21,2007,novembre,mercredi,72:5,75,75115,0,0,2,1,1,5,2,4,1,00,1,1,000,090,2,5,1,4,2,16,2,1,9,00,2,1,1,200700072505B01,7,2,1
200700072510,2007-11-25,2007,novembre,dimanche,12:15,75,75115,0,0,2,1,6,1,1,4,1,02,2,1,050,070,1,0,1,1,1,28,0,1,2,00,1,1,1,200700072510A01,,,
200700072514,2007-11-28,2007,novembre,mercredi,14:25,75,75115,0,0,2,1,7,1,1,4,1,02,1,1,156,100,1,0,4,4,1,11,5,1,9,00,0,8,2,200700072514A01,,,
200700072521,2007-11-30,2007,novembre,vendredi,17:20,75,75115,0,0,2,3,3,5,1,4,2,02,1,1,000,080,1,5,1,4,1,31,1,1,9,00,2,8,16,200700072521A01,7,15,1
200700072548,2007-11-14,2007,novembre,mercredi,12:50,75,75116,0,0,2,1,7,1,1,4,2,01,1,1,020,080,1,0,1,4,2,64,9,1,9,00,0,0,0,200700072548A01,,,
200700072554,2007-11-16,2007,novembre,vendredi,62:0,75,75116,0,0,2,1,6,5,1,4,2,00,1,1,000,000,1,0,0,4,1,59,1,1,9,00,0,4,0,200700072554B01,7,2,1
200700072555,2007-11-16,2007,novembre,vendredi,81:5,75,75116,0,0,2,1,3,1,1,4,3,02,1,1,000,000,1,0,1,4,1,47,1,1,9,00,0,2,1,200700072555A01,1,0,1
200700072555,2007-11-16,2007,novembre,vendredi,81:5,75,75116,0,0,2,1,3,1,1,4,3,02,1,1,000,000,1,0,1,1,2,41,1,1,9,00,9,8,0,200700072555B01,1,1,1
200700072563,2007-11-17,2007,novembre,samedi,14:30,75,75116,0,0,2,1,2,1,7,4,2,02,2,1,000,000,1,0,1,4,1,58,5,1,9,00,0,4,2,200700072563B01,7,2,1
200700072565,2007-11-18,2007,novembre,dimanche,25:,75,75116,0,0,2,1,2,5,1,4,3,07,1,1,000,000,1,0,1,4,2,21,5,1,9,00,0,4,14,200700072565B01,7,2,1
200700072567,2007-11-18,2007,novembre,dimanche,18:20,75,75116,0,0,2,1,6,5,1,3,2,02,2,1,000,000,1,0,1,4,1,26,5,1,4,00,2,4,2,200700072567A01,10,2,1
200700072576,2007-11-20,2007,novembre,mardi,17:20,75,75116,0,0,2,1,7,5,2,4,1,01,2,1,000,000,2,0,4,4,1,26,1,1,4,08,0,7,0,200700072576A01,,,
200700072584,2007-11-22,2007,novembre,jeudi,80:0,75,75116,0,0,2,1,1,1,1,4,1,00,1,2,000,000,1,0,4,1,1,16,2,1,4,00,2,1,1,200700072584A01,1,1,1
200700072584,2007-11-22,2007,novembre,jeudi,80:0,75,75116,0,0,2,1,1,1,1,4,1,00,1,2,000,000,1,0,4,4,2,49,1,1,4,00,2,1,1,200700072584B01,1,1,1
200700072586,2007-11-22,2007,novembre,jeudi,84:5,75,75107,0,0,2,4,3,1,1,4,2,02,1,2,000,160,1,0,1,4,2,27,1,1,9,00,2,3,1,200700072586B01,7,12,1
200700072588,2007-11-22,2007,novembre,jeudi,16:20,75,75116,0,0,2,1,6,1,1,4,2,02,1,1,000,000,1,0,1,4,2,73,5,1,2,00,2,8,2,200700072588A01,10,2,1
200700072612,2007-11-07,2007,novembre,mercredi,64:5,75,75117,0,0,2,1,3,2,1,4,1,01,1,1,000,000,1,0,1,4,1,31,0,1,4,00,0,0,0,200700072612B01,15,0,1
200700072618,2007-11-09,2007,novembre,vendredi,15:25,75,75117,0,0,2,1,3,1,1,4,2,02,1,-1,000,700,1,0,0,4,2,59,0,1,9,01,2,1,1,200700072618B01,7,9,1
200700072627,2007-11-15,2007,novembre,jeudi,94:0,75,75108,0,0,2,1,6,1,1,4,2,02,1,-1,090,080,1,0,1,4,2,20,1,1,9,00,0,0,0,200700072627B01,7,0,1
200700072657,2007-11-26,2007,novembre,lundi,16:00,75,75117,0,0,2,2,3,1,1,4,2,02,1,1,000,000,1,0,1,4,2,39,5,1,9,00,2,7,2,200700072657A01,7,0,1
200700072658,2007-11-27,2007,novembre,mardi,21:30,75,75117,0,0,2,1,4,5,1,4,2,02,2,1,000,000,1,0,1,4,1,26,1,1,2,01,0,0,1,200700072658A01,7,22/23,2
200700072671,2007-11-08,2007,novembre,jeudi,13:00,75,75118,0,0,2,1,3,1,8,4,1,01,2,1,000,080,2,0,1,4,1,62,0,1,9,00,2,1,2,200700072671B01,10,2,1
200700072682,2007-11-16,2007,novembre,vendredi,17:15,75,75118,0,0,2,1,3,5,1,4,1,01,2,1,000,050,1,0,1,4,1,46,0,1,9,01,0,8,13,200700072682B01,10,17,1
200700072683,2007-11-17,2007,novembre,samedi,33:0,75,75118,0,0,2,2,6,5,1,4,-1,02,1,1,000,060,1,0,1,4,1,21,5,1,9,00,2,7,0,200700072683A01,10,0,1
200700072716,2007-11-18,2007,novembre,dimanche,11:10,75,75119,0,0,2,1,3,1,1,4,2,02,1,1,000,096,1,0,1,4,2,28,1,1,9,01,0,1,1,200700072716B01,7,22,1
200700072726,2007-11-26,2007,novembre,lundi,14:00,75,75119,0,0,2,3,3,1,1,4,2,02,2,2,000,060,1,0,1,4,1,35,0,1,9,00,2,2,1,200700072726A01,2,11,1
200700072750,2007-11-15,2007,novembre,jeudi,16:40,75,75120,0,0,2,1,3,1,1,4,2,02,1,1,000,120,1,0,1,4,1,46,1,0,0,01,0,8,2,200700072750A01,7,24,1
200700072759,2007-11-21,2007,novembre,mercredi,16:35,75,75120,0,0,2,2,6,1,1,4,1,02,1,1,000,040,1,0,1,4,1,58,1,1,2,00,0,1,1,200700072759A01,7,1,1
200700072762,2007-11-22,2007,novembre,jeudi,13:45,75,75120,0,0,2,3,6,1,1,4,2,02,2,1,000,085,1,0,1,4,1,39,0,1,9,00,1,1,1,200700072762A01,,,
200700072764,2007-11-22,2007,novembre,jeudi,18:35,75,75120,0,0,2,1,6,5,1,4,1,01,1,1,000,076,1,0,1,4,1,16,9,1,9,14,0,2,21,200700072764A01,,,
200700072770,2007-11-26,2007,novembre,lundi,12:10,75,75120,0,0,2,7,3,1,1,4,1,01,2,1,040,065,1,0,1,4,2,50,5,1,9,00,2,2,5,200700072770A01,7,1,1
200700072776,2007-11-01,2007,novembre,jeudi,50:0,75,75117,0,0,2,2,6,5,1,4,1,01,1,1,000,000,1,0,1,2,1,64,1,1,4,01,2,9,0,200700072776A01,7,0,1
200700072789,2007-11-10,2007,novembre,samedi,14:5,75,75103,0,0,2,2,2,5,1,4,1,00,1,1,000,140,1,0,1,4,2,37,5,1,9,00,2,4,0,200700072789B01,7,1,1
200700072801,2007-11-19,2007,novembre,lundi,95:0,75,75119,0,0,2,1,7,1,2,4,2,03,1,1,034,050,2,0,1,4,1,32,4,1,2,00,2,3,2,200700072801A01,,,
200700072830,2007-11-29,2007,novembre,jeudi,18:25,75,75105,0,0,2,1,6,5,8,4,1,01,2,1,000,080,2,0,1,1,2,24,5,1,4,00,1,1,1,200700072830A01,,,
200700072907,2007-11-04,2007,novembre,dimanche,90:0,59,59630,0,0,2,1,3,1,1,3,2,01,4,1,000,000,1,0,1,3,1,46,5,0,0,00,0,7,17,200700072907B02,7,10,1
200700072908,2007-11-03,2007,novembre,samedi,10:30,59,59663,50.87,2.486,1,1,3,1,1,3,2,00,-1,1,065,000,1,0,1,4,1,74,5,0,0,00,2,3,15,200700072908B02,7,17,1
200700072921,2007-11-04,2007,novembre,dimanche,94:5,59,59222,0,0,1,1,1,1,1,3,2,02,1,-1,000,056,1,0,1,3,1,46,5,1,2,00,0,0,0,200700072921B02,7,17,1
200700072936,2007-11-22,2007,novembre,jeudi,21:00,62,62866,0,0,2,1,3,5,1,3,2,02,1,1,000,069,1,0,1,3,1,40,5,1,4,00,2,1,1,200700072936B02,7,1,1
200700072976,2007-11-25,2007,novembre,dimanche,11:55,02,02173,0,0,2,1,1,1,8,3,2,02,1,1,000,080,1,0,1,4,1,49,5,1,2,00,2,8,13,200700072976A01,7,2,1
200700072976,2007-11-25,2007,novembre,dimanche,11:55,02,02173,0,0,2,1,1,1,8,3,2,02,1,1,000,080,1,0,1,3,2,48,0,1,2,00,2,8,13,200700072976A01,7,2,1
200700072978,2007-11-10,2007,novembre,samedi,15:45,02,02246,49.714,3.162,1,1,3,1,1,3,2,00,1,3,000,070,1,0,1,3,1,14,5,0,0,00,2,8,15,200700072978B02,17,2,1
200700073035,2007-11-06,2007,novembre,mardi,18:30,76,76715,0,0,2,1,3,5,1,3,2,02,1,1,000,000,1,0,1,3,1,14,5,0,0,00,2,8,1,200700073035B02,7,1,1
200700073077,2007-11-19,2007,novembre,lundi,18:30,27,27655,0,0,1,1,1,3,2,3,2,02,1,1,000,061,2,0,1,3,1,58,1,1,2,00,2,1,1,200700073077B02,10,17,1
200700073127,2007-11-10,2007,novembre,samedi,93:0,29,29103,48.458,-4.248,2,6,6,1,1,3,2,02,1,1,000,070,1,0,1,1,2,53,3,0,0,00,1,1,1,200700073127A01,,,
200700073127,2007-11-10,2007,novembre,samedi,93:0,29,29103,48.458,-4.248,2,6,6,1,1,3,2,02,1,1,000,070,1,0,1,3,2,46,0,0,0,00,1,1,1,200700073127A01,,,
200700073155,2007-11-13,2007,novembre,mardi,16:45,56,56173,47.959,-2.979,1,1,3,1,1,4,2,02,2,2,000,046,1,0,1,3,1,61,1,0,0,00,2,8,13,200700073155A01,21,17,1
200700073199,2007-11-24,2007,novembre,samedi,16:15,61,61292,0,0,1,1,1,1,1,3,2,02,1,1,000,070,1,0,3,3,1,30,5,1,2,00,2,4,1,200700073199B02,7,17,1
200700073278,2007-11-16,2007,novembre,vendredi,16:30,72,72154,0,0,2,6,3,1,1,9,2,00,1,2,000,000,1,0,5,4,2,65,5,0,0,00,2,3,1,200700073278B02,7,16,1
200700073359,2007-11-08,2007,novembre,jeudi,15:45,40,40157,44.039,-1.259,2,3,3,1,1,4,2,02,1,1,000,055,1,0,1,3,2,64,5,0,0,00,2,8,15,200700073359B02,7,15,1
200700073407,2007-11-29,2007,novembre,jeudi,15:00,16,16202,45.665,-0.184,1,1,1,1,8,3,2,02,1,3,061,000,2,0,1,2,1,64,5,1,2,00,2,1,1,200700073407B02,7,17,1
200700073426,2007-11-23,2007,novembre,vendredi,16:15,17,17409,45.694,-0.997,1,1,6,1,1,3,2,02,2,1,000,074,1,4,1,3,1,70,5,0,0,00,2,4,15,200700073426A01,,,
200700073443,2007-11-14,2007,novembre,mercredi,14:15,79,79216,46.261,-0.339,1,1,1,1,1,3,2,02,1,1,000,068,1,0,3,3,1,11,5,0,0,00,0,0,15,200700073443A01,17,17,1
200700073472,2007-11-27,2007,novembre,mardi,43:0,31,31458,43.516,1.372,1,1,1,3,1,2,3,00,-1,1,020,140,1,0,1,3,1,46,1,0,0,00,2,4,2,200700073472B02,17,2,1
200700073521,2007-11-26,2007,novembre,lundi,17:00,81,81180,44.162,2.111,1,1,1,2,1,3,2,02,2,1,000,045,1,0,1,3,1,66,0,1,2,00,2,4,2,200700073521B02,7,2,1
200700073535,2007-11-23,2007,novembre,vendredi,21:00,82,82096,44.03,1.246,1,1,2,3,8,3,2,00,1,1,000,073,1,0,1,3,1,23,5,0,0,00,0,4,13,200700073535A01,7,1,1
200700073602,2007-11-15,2007,novembre,jeudi,19:15,38,38150,0,0,1,1,2,3,1,3,2,02,1,1,000,060,1,0,1,3,1,45,1,1,2,00,2,4,2,200700073602B02,7,2,1
200700073603,2007-11-28,2007,novembre,mercredi,13:45,38,38158,45.153,5.754,2,9,1,1,1,3,2,02,2,1,000,000,1,0,1,4,1,29,1,1,2,00,2,1,2,200700073603B02,7,23,1
200700073660,2007-11-08,2007,novembre,jeudi,15:15,74,74087,46.131,6.34,2,9,2,1,1,2,2,02,2,1,000,083,1,0,1,3,1,22,5,1,2,00,2,1,1,200700073660B02,7,9,1
200700073721,2007-11-20,2007,novembre,mardi,15:30,57,57663,49.247,6.173,2,1,3,1,1,3,2,02,1,1,110,000,1,5,1,2,1,76,3,0,0,00,0,2,15,200700073721B02,7,15,1
200700073722,2007-11-07,2007,novembre,mercredi,80:0,57,57534,49.078,6.207,1,1,1,1,1,3,3,02,1,1,030,082,1,3,1,4,1,29,9,1,2,00,2,7,1,200700073722B02,7,9,1
200700073788,2007-11-24,2007,novembre,samedi,14:30,88,88304,48.308,6.135,2,3,1,1,1,4,2,02,2,1,000,068,1,0,1,3,1,86,3,0,0,00,2,7,1,200700073788A01,7,15,1
200700073802,2007-11-06,2007,novembre,mardi,19:45,67,67089,0,0,1,1,2,3,1,3,-1,02,1,1,000,068,1,0,1,3,1,33,5,1,4,00,0,4,1,200700073802B02,7,1,1
200700073816,2007-11-06,2007,novembre,mardi,22:00,67,67445,48.284,7.434,1,1,1,3,1,4,2,01,1,3,000,060,1,0,1,3,1,48,9,0,0,00,0,8,1,200700073816B02,7,13,1
200700073843,2007-11-06,2007,novembre,mardi,18:00,51,51303,49.014,4.177,2,1,1,3,1,3,2,02,1,1,000,075,1,0,1,1,2,17,5,0,0,00,0,0,0,200700073843B02,33,21,1
200700073844,2007-11-07,2007,novembre,mercredi,18:00,51,51193,0,0,1,1,3,3,2,3,2,02,-1,1,000,070,2,0,0,3,1,28,0,0,0,00,2,8,2,200700073844B02,10,2,1
200700073948,2007-11-14,2007,novembre,mercredi,19:00,89,89026,0,0,1,1,2,3,1,3,2,02,2,1,000,062,1,2,1,3,2,15,5,0,0,00,2,4,1,200700073948A01,30,2,1
200700073950,2007-11-12,2007,novembre,lundi,16:00,89,89201,47.937,3.667,1,1,3,1,1,3,2,02,1,1,000,047,1,0,1,3,1,72,5,1,2,00,2,8,1,200700073950B02,7,17,1
200700073960,2007-11-22,2007,novembre,jeudi,17:00,89,89209,48.171,2.964,2,1,6,1,1,3,2,02,1,1,000,000,1,0,1,4,1,74,5,0,0,00,0,0,0,200700073960A01,7,1,1
200700074005,2007-11-29,2007,novembre,jeudi,14:15,13,13027,43.91,4.815,1,1,3,1,1,3,2,02,1,3,020,036,1,0,1,3,1,84,5,0,0,00,2,5,19,200700074005B02,7,1,1
200700074055,2007-11-26,2007,novembre,lundi,11:30,83,83007,0,0,2,1,3,1,1,3,2,02,1,1,000,045,1,0,1,3,1,67,5,0,0,00,0,4,1,200700074055B02,7,15,1
200700074060,2007-11-25,2007,novembre,dimanche,19:30,83,83061,0,0,2,6,1,1,1,3,2,00,1,1,000,000,1,5,1,4,1,26,5,0,0,00,2,7,15,200700074060B02,7,9,1
200700074075,2007-11-25,2007,novembre,dimanche,16:30,84,84132,43.941,4.996,1,1,1,2,1,3,2,02,1,-1,020,127,1,5,1,3,2,61,3,0,0,00,2,1,6,200700074075A01,7,1,1
200700074133,2007-11-08,2007,novembre,jeudi,16:45,11,11266,0,0,1,1,2,1,6,3,1,00,-1,1,000,000,1,0,3,3,1,73,5,0,0,01,0,1,1,200700074133B02,17,23,1
200700074201,2007-11-14,2007,novembre,mercredi,13:30,78,78084,48.823,1.794,2,1,1,1,1,4,-1,00,1,-1,000,000,2,0,1,3,1,36,5,0,0,00,2,0,1,200700074201B02,7,15,1
200700074326,2007-11-08,2007,novembre,jeudi,10:15,13,13040,0,0,1,1,6,1,1,3,2,00,4,1,000,048,1,0,1,3,1,69,5,1,2,00,1,2,21,200700074326A01,,,
200700074332,2007-11-06,2007,novembre,mardi,15:45,57,57022,49.387,6.041,1,1,4,1,1,3,2,03,2,1,000,000,1,0,1,3,1,59,5,0,0,00,0,4,1,200700074332C03,7,15/1,2
200700074343,2007-11-24,2007,novembre,samedi,23:00,33,33005,0,0,2,1,2,5,1,4,2,02,1,1,000,065,1,0,1,3,2,17,5,0,0,00,2,1,1,200700074343B02,7,1,1
200700074389,2007-11-21,2007,novembre,mercredi,15:45,41,41204,47.624,1.407,1,1,1,2,1,4,2,02,1,-1,000,053,1,0,1,3,1,57,5,1,2,00,0,8,21,200700074389B02,21,15,1
200700074420,2007-11-07,2007,novembre,mercredi,12:00,38,38249,45.231,5.799,2,1,3,1,1,3,2,02,-1,1,000,134,1,0,1,3,1,62,5,1,2,00,2,1,1,200700074420B02,7,12,1
200700074522,2007-11-04,2007,novembre,dimanche,10:00,35,35173,0,0,1,1,3,1,1,3,2,00,1,1,000,062,1,5,1,3,1,30,5,1,2,00,2,1,1,200700074522B02,7,1,1
200700074540,2007-12-07,2007,décembre,vendredi,17:30,59,59051,0,0,1,1,2,3,1,3,2,00,-1,1,000,062,1,0,1,3,1,41,5,0,0,00,2,4,2,200700074540A01,13,2,1
200700074569,2007-12-18,2007,décembre,mardi,17:45,62,62353,0,0,1,1,1,3,1,3,2,02,1,1,000,075,1,0,1,2,1,36,5,0,0,00,2,4,1,200700074569B02,14,1,1
200700074692,2007-12-04,2007,décembre,mardi,11:00,76,76330,0,0,2,2,3,1,1,4,2,02,1,-1,000,060,1,0,1,3,2,57,0,0,0,00,2,8,1,200700074692B02,10,19,1
200700074733,2007-12-18,2007,décembre,mardi,13:00,27,27065,49.332,0.346,2,1,1,1,1,4,2,00,1,1,000,047,1,0,1,3,2,74,3,0,0,00,2,1,13,200700074733B02,7,1,1
200700074781,2007-12-22,2007,décembre,samedi,15:30,29,29008,0,0,1,1,1,1,1,3,2,02,2,1,000,084,1,0,1,3,1,67,5,1,2,00,2,1,1,200700074781B02,7,15,1
200700074804,2007-12-26,2007,décembre,mercredi,10:00,29,29287,0,0,2,2,5,1,8,3,2,02,1,1,000,058,2,0,1,3,1,71,5,1,2,00,2,1,1,200700074804B02,7,1/15,2
200700074869,2007-12-01,2007,décembre,samedi,20:45,44,44169,0,0,1,1,1,3,1,3,2,00,1,1,000,060,1,0,1,3,1,42,0,0,0,00,0,0,0,200700074869B02,7,1,1
200700074952,2007-12-10,2007,décembre,lundi,13:00,72,72330,0,0,1,1,2,1,1,3,2,00,-1,1,000,036,1,0,1,3,1,56,3,0,0,00,0,4,2,200700074952B02,7,1,1
200700074968,2007-12-11,2007,décembre,mardi,93:0,85,85303,46.342,-0.824,1,3,3,1,1,3,2,00,-1,1,000,062,1,0,1,3,1,79,5,0,0,00,2,3,16,200700074968B02,7,13,1
200700074971,2007-12-06,2007,décembre,jeudi,74:5,85,85130,0,0,2,1,2,5,1,9,2,02,2,1,000,060,1,0,1,3,1,45,1,1,2,00,2,4,1,200700074971B02,7,1,1
200700074972,2007-12-11,2007,décembre,mardi,14:00,85,85113,46.726,-2.347,2,1,3,1,1,9,1,02,2,3,000,040,1,0,5,3,1,29,0,1,2,00,2,1,5,200700074972B02,10,5,1
200700074989,2007-12-08,2007,décembre,samedi,14:15,33,33474,44.67,-0.47,1,1,5,1,9,3,2,00,-1,3,000,000,2,0,1,3,1,46,9,1,2,00,2,0,1,200700074989B02,7,13,1
200700074989,2007-12-08,2007,décembre,samedi,14:15,33,33474,44.67,-0.47,1,1,5,1,9,3,2,00,-1,3,000,000,2,0,1,3,1,42,9,1,2,00,2,0,1,200700074989C03,7,13,1
200700074989,2007-12-08,2007,décembre,samedi,14:15,33,33474,44.67,-0.47,1,1,5,1,9,3,2,00,-1,3,000,000,2,0,1,3,1,44,9,1,2,00,2,0,1,200700074989D04,7,13,1
200700074989,2007-12-08,2007,décembre,samedi,14:15,33,33474,44.67,-0.47,1,1,5,1,9,3,2,00,-1,3,000,000,2,0,1,3,1,65,9,1,2,00,2,0,1,200700074989E05,7,13,1
200700074992,2007-12-27,2007,décembre,jeudi,15:00,33,33077,44.62,-0.504,1,1,1,1,1,3,2,02,1,2,000,000,1,0,1,3,1,63,5,1,2,00,2,8,15,200700074992B02,7,1,1
200700075002,2007-12-21,2007,décembre,vendredi,91:5,33,33490,45.439,-1.038,1,1,2,1,1,3,2,02,1,1,000,059,1,0,1,3,2,75,3,0,0,00,2,6,1,200700075002B02,10,1,1
200700075024,2007-12-09,2007,décembre,dimanche,13:30,24,24243,45.292,0.542,1,1,1,1,3,3,2,02,2,1,000,058,2,0,1,2,1,42,9,0,0,00,2,9,1,200700075024B02,7,15,1
200700075065,2007-12-22,2007,décembre,samedi,94:5,64,64493,43.33,-1.029,2,1,6,1,7,3,2,02,1,1,000,072,1,6,1,1,1,29,5,1,2,00,1,1,1,200700075065A01,,,
200700075071,2007-12-16,2007,décembre,dimanche,91:5,86,86219,0,0,1,1,1,1,7,3,2,02,1,1,000,050,1,0,1,2,1,69,5,0,0,00,2,4,2,200700075071B02,7,2,1
200700075137,2007-12-26,2007,décembre,mercredi,12:45,19,19229,45.16,1.463,1,1,3,1,7,4,2,00,1,2,000,000,1,0,1,3,1,77,5,1,2,00,0,7,2,200700075137B02,7,2,1
200700075152,2007-12-31,2007,décembre,lundi,18:00,31,31232,0,0,2,6,1,5,5,3,2,02,1,2,060,000,1,5,1,4,1,16,3,1,4,00,0,5,0,200700075152B02,7,9,1
200700075188,2007-12-05,2007,décembre,mercredi,15:00,32,32312,0,0,1,1,3,1,1,3,2,02,1,1,000,070,1,0,1,3,1,73,5,1,2,00,2,8,1,200700075188B02,7,17,1
200700075209,2007-12-11,2007,décembre,mardi,15:45,46,46176,44.63,1.85,1,1,3,1,1,3,2,02,1,1,000,060,1,0,1,2,1,67,5,1,2,00,2,7,19,200700075209B02,7,1,1
200700075219,2007-12-19,2007,décembre,mercredi,15:45,65,65412,43.481,0.096,1,1,3,1,1,3,-1,00,1,1,000,052,1,0,1,3,2,17,5,0,0,00,2,8,19,200700075219B02,10,1,1
200700075247,2007-12-20,2007,décembre,jeudi,15:00,69,69204,0,0,2,1,1,1,1,4,2,01,1,-1,000,050,1,5,1,3,1,62,5,0,0,00,2,1,1,200700075247B02,7,15,1
200700075354,2007-12-31,2007,décembre,lundi,11:30,42,42094,45.746,4.229,2,3,3,1,1,4,2,02,1,1,000,075,1,5,1,4,2,72,5,0,0,00,2,8,15,200700075354B02,7,15,1
200700075401,2007-12-24,2007,décembre,lundi,11:00,63,63040,45.723,3.335,2,1,1,1,7,9,2,02,-1,1,000,060,1,0,0,3,2,50,5,0,0,00,2,8,1,200700075401B02,7,15,1
200700075413,2007-12-05,2007,décembre,mercredi,13:45,63,63215,45.939,3.222,2,1,1,1,1,3,2,02,2,1,000,063,1,0,1,4,1,76,5,1,2,14,0,1,1,200700075413B02,30,13,1
200700075570,2007-12-04,2007,décembre,mardi,16:15,68,68287,47.964,7.297,2,1,1,1,1,4,2,02,1,1,000,059,1,0,1,3,2,75,5,0,0,00,2,1,1,200700075570B02,7,20,1
200700075574,2007-12-10,2007,décembre,lundi,17:15,68,68126,47.57,7.539,1,1,2,2,2,4,2,02,1,1,000,070,2,0,1,3,1,21,5,1,4,00,0,4,1,200700075574B02,33,1,1
200700075605,2007-12-23,2007,décembre,dimanche,54:5,10,10323,0,0,2,1,1,5,1,3,2,00,-1,1,000,000,9,0,3,3,1,27,1,0,0,00,2,1,1,200700075605B02,7,1,1
200700075653,2007-12-20,2007,décembre,jeudi,64:5,71,71275,46.279,4.046,2,1,3,2,9,4,2,02,-1,1,000,040,1,5,1,4,1,82,3,1,4,00,2,1,15,200700075653B02,7,15,1
200700075710,2007-12-28,2007,décembre,vendredi,14:15,25,25271,0,0,2,1,1,1,1,3,2,02,2,3,055,000,2,0,1,3,1,14,5,0,0,00,2,1,15,200700075710A01,7,1,1
200700075822,2007-12-19,2007,décembre,mercredi,14:00,34,34276,0,0,1,1,2,1,1,3,2,00,1,1,000,061,1,0,1,2,1,69,5,1,2,00,2,4,1,200700075822B02,7,1,1
200700075837,2007-12-08,2007,décembre,samedi,14:45,34,34328,0,0,1,1,1,1,1,3,2,02,1,3,000,043,1,0,1,3,1,13,0,0,0,00,2,1,1,200700075837B02,7,1,1
200700075854,2007-12-03,2007,décembre,lundi,15:30,11,11266,43.027,3.041,2,1,1,1,1,4,3,00,2,2,000,095,1,5,1,2,1,69,0,0,0,00,2,1,1,200700075854B02,7,1,1
200700075874,2007-12-13,2007,décembre,jeudi,11:15,30,30166,43.892,4.554,1,1,2,1,1,3,2,02,1,1,000,055,1,0,3,3,1,63,5,1,2,01,0,1,2,200700075874A01,10,23,1
200700075877,2007-12-01,2007,décembre,samedi,94:5,30,30193,0,0,1,1,1,1,1,3,2,00,-1,3,000,047,1,0,1,4,1,75,0,1,2,00,2,1,1,200700075877B02,7,15,1
200700075892,2007-12-02,2007,décembre,dimanche,13:45,66,66108,0,0,2,1,2,3,1,3,2,02,2,1,000,068,1,2,1,3,1,16,9,0,0,00,2,4,0,200700075892A01,7,1,1
200700075938,2007-12-06,2007,décembre,jeudi,11:00,91,91156,48.545,2.271,1,1,2,1,2,3,2,02,-1,2,000,080,2,0,1,3,1,60,5,0,0,00,2,4,2,200700075938B02,7,1,1
200700075940,2007-12-23,2007,décembre,dimanche,11:00,91,91534,0,0,1,6,5,1,8,3,4,02,1,4,000,103,2,0,1,3,1,63,5,1,2,00,2,6,2,200700075940B02,7,2,1
200700075940,2007-12-23,2007,décembre,dimanche,11:00,91,91534,0,0,1,6,5,1,8,3,4,02,1,4,000,103,2,0,1,3,1,54,5,1,2,00,2,6,2,200700075940C03,7,2,1
200700075940,2007-12-23,2007,décembre,dimanche,11:00,91,91534,0,0,1,6,5,1,8,3,4,02,1,4,000,103,2,0,1,4,1,58,5,1,2,00,2,6,2,200700075940D04,7,2,1
200700076009,2007-12-18,2007,décembre,mardi,18:45,36,36055,46.942,1.23,2,1,2,3,1,3,2,00,1,-1,000,060,1,0,1,3,1,59,5,0,0,00,0,4,1,200700076009B02,7,2,1