Num_Acc,date,an,mois,jour,hrmn,dep,com,lat,long,agg,int,col,lum,atm,catr,circ,nbv,prof,plan,lartpc,larrout,surf,infra,situ,grav,sexe,age,trajet,secuexist,equipement,obs,obsm,choc,manv,vehiculeid,typevehicules,manoeuvehicules,numVehicules
200700076050,2007-12-15,2007,décembre,samedi,11:00,35,35334,0,0,2,3,3,1,1,4,1,01,1,1,000,040,1,0,1,3,1,12,5,1,2,00,2,1,9,200700076050B02,7,1,1
200700076051,2007-12-17,2007,décembre,lundi,19:00,35,35051,0,0,2,1,6,4,1,4,-1,00,1,-1,000,060,1,0,1,3,1,45,1,1,4,00,1,1,1,200700076051A01,,,
200700076093,2007-12-18,2007,décembre,mardi,13:30,37,37273,47.399,0.763,2,1,3,1,1,3,2,02,1,1,000,000,1,0,1,3,1,14,1,0,0,00,2,1,19,200700076093A01,7,1,1
200700076248,2007-08-05,2007,août,dimanche,11:30,35,35352,0,0,2,1,7,1,1,4,2,02,1,1,000,000,1,0,0,3,1,16,0,1,9,00,0,1,0,200700076248B01,7,22,1
200700076417,2007-12-19,2007,décembre,mercredi,15:15,03,03321,0,0,2,6,6,1,1,4,2,02,1,1,000,088,1,0,1,4,2,71,5,0,0,00,0,0,13,200700076417B01,17,17,1
200700076445,2007-12-02,2007,décembre,dimanche,15:20,06,06027,0,0,2,2,3,1,1,4,2,02,4,1,000,000,1,5,1,4,1,12,5,1,2,00,2,1,1,200700076445A01,7,1,1
200700076468,2007-12-31,2007,décembre,lundi,15:40,06,06027,0,0,2,1,3,1,1,4,1,02,1,1,000,000,1,0,1,3,1,13,5,1,2,00,2,1,19,200700076468A01,7,1,1
200700076483,2007-12-10,2007,décembre,lundi,22:10,06,06029,0,0,2,1,2,5,1,4,2,02,1,1,000,074,1,0,2,4,2,37,1,1,4,00,2,4,1,200700076483B01,7,0,1
200700076505,2007-12-07,2007,décembre,vendredi,10:05,06,06069,0,0,2,1,6,1,1,4,2,02,2,-1,000,000,1,0,1,3,1,40,5,1,9,00,0,0,0,200700076505B01,7,0,1
200700076657,2007-12-31,2007,décembre,lundi,13:40,06,06088,0,0,2,1,3,1,1,9,2,02,1,2,000,000,1,0,5,1,2,12,0,1,2,00,9,1,1,200700076657B01,1,1,1
200700076657,2007-12-31,2007,décembre,lundi,13:40,06,06088,0,0,2,1,3,1,1,9,2,02,1,2,000,000,1,0,5,4,1,52,5,1,2,00,2,1,1,200700076657A01,1,1,1
200700076670,2007-12-05,2007,décembre,mercredi,72:5,10,10387,0,0,2,6,2,5,1,4,4,02,-1,-1,000,070,-1,0,1,4,2,50,0,1,9,00,2,4,1,200700076670B01,7,9,1
200700076709,2007-12-06,2007,décembre,jeudi,13:50,13,13004,0,0,2,1,3,1,1,4,-1,01,1,2,000,056,1,0,1,3,1,14,5,1,9,00,0,0,1,200700076709A01,7,1,1
200700076817,2007-12-26,2007,décembre,mercredi,10:45,13,13055,0,0,2,9,3,1,1,4,2,03,1,1,000,109,1,1,1,3,1,37,0,1,2,00,2,0,11,200700076817A01,15,1,1
200700076853,2007-12-06,2007,décembre,jeudi,73:0,13,13055,0,0,2,1,3,2,1,4,-1,03,1,1,000,000,1,0,1,1,1,15,2,1,2,00,2,8,19,200700076853B01,34,1,1
200700076956,2007-12-17,2007,décembre,lundi,70:0,13,13055,0,0,2,1,3,5,1,4,2,00,1,1,000,150,1,0,1,4,1,48,5,1,2,00,2,8,1,200700076956B01,7,15,1
200700076960,2007-12-15,2007,décembre,samedi,83:0,13,13055,0,0,2,1,2,1,1,4,2,02,1,1,000,090,1,0,5,4,1,33,1,1,9,00,9,4,13,200700076960B01,7,1,1
200700076970,2007-12-30,2007,décembre,dimanche,85:5,13,13078,0,0,2,1,6,2,1,4,2,00,1,1,000,070,1,0,3,2,1,50,5,1,9,13,0,1,13,200700076970A01,,,
200700077003,2007-12-04,2007,décembre,mardi,20:35,14,14327,0,0,2,1,7,5,1,4,2,02,1,-1,000,000,7,0,1,3,1,38,5,1,9,00,0,0,1,200700077003A01,,,
200700077005,2007-12-05,2007,décembre,mercredi,20:00,14,14437,0,0,2,1,7,5,8,4,3,02,1,1,000,000,2,0,1,4,1,39,5,1,2,00,0,0,1,200700077005A01,,,
200700077007,2007-12-06,2007,décembre,jeudi,19:05,14,14118,0,0,2,1,2,3,1,4,3,00,2,1,000,000,2,0,1,3,1,32,1,1,2,01,2,1,1,200700077007A01,7,1,1
200700077010,2007-12-13,2007,décembre,jeudi,18:35,14,14118,0,0,2,1,2,5,1,4,2,03,1,1,000,085,1,0,5,4,1,19,2,1,2,01,0,1,2,200700077010B01,7,2,1
200700077019,2007-12-03,2007,décembre,lundi,71:5,14,14069,0,0,2,2,3,5,2,4,2,02,1,1,000,062,2,0,1,3,1,25,1,1,4,00,2,0,1,200700077019B01,7,15,1
200700077037,2007-12-18,2007,décembre,mardi,13:35,17,17449,0,0,2,6,3,1,1,4,1,02,1,1,000,065,1,5,1,3,2,61,5,1,9,00,2,7,1,200700077037B01,7,1,1
200700077063,2007-12-14,2007,décembre,vendredi,16:20,17,17300,0,0,2,1,6,1,1,4,2,02,1,1,000,000,1,0,5,3,2,37,9,1,2,00,2,3,19,200700077063A01,7,1,1
200700077065,2007-12-17,2007,décembre,lundi,18:15,17,17028,0,0,1,9,6,3,1,3,2,02,1,1,000,000,1,0,1,3,1,50,5,1,9,00,2,4,1,200700077065B01,7,1,1
200700077068,2007-12-21,2007,décembre,vendredi,16:45,17,17300,0,0,2,1,3,1,1,4,2,00,1,1,000,000,1,0,1,3,1,44,9,1,2,00,2,8,13,200700077068B01,38,1,1
200700077075,2007-12-24,2007,décembre,lundi,12:15,17,17200,0,0,2,1,3,1,1,4,2,02,-1,1,000,000,1,0,1,3,2,47,4,1,9,00,2,8,19,200700077075B01,32,1,1
200700077128,2007-12-20,2007,décembre,jeudi,84:5,19,19031,45.16256,4.52279,2,2,3,1,1,4,2,03,1,1,000,000,1,1,1,4,2,50,9,1,2,00,2,1,1,200700077128B01,7,15,1
200700077158,2007-12-17,2007,décembre,lundi,13:09,21,21231,0,0,2,1,3,1,1,4,1,01,1,1,000,000,1,0,4,4,1,11,5,0,0,00,2,1,1,200700077158A01,7,1,1
200700077183,2007-12-12,2007,décembre,mercredi,92:0,22,22278,0,0,2,1,6,1,1,4,2,00,1,2,000,000,1,0,1,4,1,12,2,1,9,00,2,8,2,200700077183B01,7,0,1
200700077193,2007-12-19,2007,décembre,mercredi,16:00,22,22215,0,0,2,1,7,1,1,4,2,02,1,-1,000,000,1,0,1,4,1,60,5,1,2,01,0,1,1,200700077193A01,7,0,1
200700077209,2007-12-05,2007,décembre,mercredi,15:40,24,24053,0,0,1,3,3,1,8,2,2,02,1,1,000,062,1,5,1,4,1,60,5,1,9,00,2,1,1,200700077209B01,7,15,1
200700077241,2007-12-21,2007,décembre,vendredi,16:45,25,25056,0,0,2,1,3,1,1,4,2,02,1,1,000,000,1,0,1,4,2,10,5,1,9,00,2,1,19,200700077241B01,7,20,1
200700077289,2007-12-07,2007,décembre,vendredi,16:20,28,28085,0,0,2,1,6,1,3,4,2,00,1,1,000,000,2,0,1,4,1,17,0,1,9,00,1,1,17,200700077289A01,,,
200700077344,2007-12-26,2007,décembre,mercredi,12:50,30,30028,0,0,2,1,3,1,1,2,2,02,2,1,000,070,1,0,1,4,1,12,3,1,9,00,2,6,15,200700077344A01,7,1,1
200700077409,2007-12-02,2007,décembre,dimanche,14:00,31,31555,0,0,2,1,2,1,1,4,2,02,1,1,000,070,1,0,1,4,1,72,5,1,2,00,2,1,1,200700077409B01,7,17,1
200700077422,2007-12-05,2007,décembre,mercredi,80:5,31,31555,0,0,2,1,3,1,2,4,2,02,1,1,000,075,2,0,1,4,1,35,1,1,2,00,2,3,18,200700077422B01,7,22,1
200700077445,2007-12-09,2007,décembre,dimanche,70:0,31,31555,0,0,2,1,6,2,2,4,2,02,2,1,000,100,2,0,1,2,1,68,0,1,9,00,2,0,1,200700077445A01,33,0,1
200700077450,2007-12-10,2007,décembre,lundi,13:10,31,31555,0,0,2,1,6,1,2,4,1,02,1,1,000,060,2,0,4,1,2,26,0,1,2,00,1,1,1,200700077450A01,,,
200700077451,2007-12-10,2007,décembre,lundi,13:25,31,31555,0,0,2,3,3,1,1,4,2,03,1,1,000,028,2,0,1,4,2,32,4,1,4,00,2,1,5,200700077451A01,7,16,1
200700077455,2007-12-11,2007,décembre,mardi,11:25,31,31555,0,0,2,1,6,1,8,4,1,01,1,1,000,032,9,0,1,4,2,45,5,1,9,00,2,1,1,200700077455B01,7,22,1
200700077456,2007-12-11,2007,décembre,mardi,13:00,31,31555,0,0,2,1,3,1,1,4,1,01,1,2,000,040,1,0,1,4,2,16,5,1,9,00,2,1,1,200700077456B01,7,16,1
200700077478,2007-12-18,2007,décembre,mardi,12:10,31,31555,0,0,2,1,3,1,1,4,2,02,1,1,000,085,1,0,1,4,1,36,0,1,2,00,2,8,1,200700077478B01,7,16,1
200700077480,2007-12-18,2007,décembre,mardi,19:00,31,31555,0,0,2,3,3,5,1,4,1,01,1,1,000,085,1,0,1,4,1,27,9,1,2,00,2,1,1,200700077480B01,7,15,1
200700077495,2007-12-23,2007,décembre,dimanche,17:40,31,31555,0,0,2,1,3,1,1,4,2,02,1,1,000,100,1,0,1,4,2,26,5,1,9,00,2,1,20,200700077495A01,7,1,1
200700077501,2007-12-08,2007,décembre,samedi,14:50,31,31557,0,0,2,6,3,1,1,3,2,02,1,1,030,120,1,6,1,4,2,14,5,1,2,00,2,7,19,200700077501B01,13,1,1
200700077521,2007-12-07,2007,décembre,vendredi,90:5,33,33063,0,0,2,3,3,1,2,4,1,02,1,1,000,071,2,0,1,4,1,43,1,1,2,00,0,7,15,200700077521B01,7,15,1
200700077528,2007-12-04,2007,décembre,mardi,11:15,33,33063,0,0,2,1,2,1,2,4,1,01,1,-1,000,000,2,4,1,4,2,25,9,1,2,14,2,1,1,200700077528A01,10,23,1
200700077545,2007-12-10,2007,décembre,lundi,74:5,33,33063,0,0,2,1,6,5,2,4,2,03,1,1,000,000,2,0,1,1,1,18,2,1,2,00,1,1,17,200700077545A01,,,
200700077550,2007-12-07,2007,décembre,vendredi,14:15,33,33318,0,0,2,1,3,1,8,4,2,02,1,1,009,094,2,0,1,4,1,12,0,1,2,00,2,3,11,200700077550A01,7,1,1
200700077573,2007-12-11,2007,décembre,mardi,92:0,33,33318,0,0,2,2,3,1,1,4,4,02,1,1,000,065,1,0,1,4,1,35,0,1,2,00,2,1,1,200700077573B01,7,1,1
200700077574,2007-12-11,2007,décembre,mardi,74:5,33,33550,0,0,2,3,3,2,1,4,2,02,1,1,000,112,1,0,1,4,1,47,1,1,4,00,0,1,1,200700077574B01,7,15,1
200700077579,2007-12-15,2007,décembre,samedi,18:40,33,33063,0,0,2,8,3,5,1,4,3,02,1,1,000,000,1,4,1,4,1,19,1,1,2,00,2,1,1,200700077579A01,7,1,1
200700077601,2007-12-20,2007,décembre,jeudi,55:0,33,33063,0,0,2,2,3,1,1,4,2,02,1,1,000,000,1,4,1,4,2,65,0,1,4,00,2,0,16,200700077601B01,7,16,1
200700077605,2007-12-21,2007,décembre,vendredi,83:5,33,33063,0,0,2,2,3,1,1,4,3,06,1,1,000,038,1,0,1,4,2,55,4,1,2,00,2,1,19,200700077605A01,7,1,1
200700077608,2007-12-14,2007,décembre,vendredi,90:0,33,33281,0,0,2,2,3,1,1,4,2,02,1,1,000,070,1,0,1,4,2,56,0,1,2,00,2,1,19,200700077608A01,33,1,1
200700077611,2007-12-12,2007,décembre,mercredi,12:30,33,33522,0,0,2,1,6,1,1,4,3,05,1,1,000,000,1,0,1,1,1,50,1,1,2,00,1,1,1,200700077611A01,,,
200700077619,2007-12-19,2007,décembre,mercredi,19:30,33,33522,0,0,2,2,3,5,1,4,3,03,1,1,088,107,1,1,1,4,1,27,1,1,2,00,2,1,1,200700077619B01,7,16,1
200700077630,2007-12-22,2007,décembre,samedi,20:05,33,33281,0,0,2,3,1,5,1,4,2,02,1,1,000,111,2,0,1,4,1,45,0,1,9,00,2,4,19,200700077630B01,7,15,1
200700077705,2007-12-25,2007,décembre,mardi,13:06,34,34172,0,0,2,1,3,1,1,4,2,01,1,1,000,050,1,0,1,4,1,7,5,1,9,00,2,3,9,200700077705A01,7,1,1
200700077747,2007-12-15,2007,décembre,samedi,17:40,35,35238,0,0,2,3,6,5,1,4,3,02,-1,-1,000,000,1,0,1,3,1,52,1,1,2,00,2,0,13,200700077747B01,7,0,1
200700077752,2007-12-17,2007,décembre,lundi,10:45,35,35238,0,0,1,6,3,1,1,2,-1,01,1,-1,000,050,1,0,1,4,1,62,0,1,9,00,2,1,1,200700077752B01,7,0,1
200700077788,2007-12-05,2007,décembre,mercredi,16:40,36,36159,0,0,1,1,2,2,1,3,2,02,1,1,000,000,1,0,1,4,1,42,1,1,9,00,2,0,1,200700077788B01,30,1,1
200700077806,2007-12-14,2007,décembre,vendredi,83:5,37,37261,0,0,2,2,3,1,1,2,2,02,1,1,000,086,1,5,1,3,2,19,2,1,2,00,2,8,1,200700077806B01,14,16,1
200700077809,2007-12-21,2007,décembre,vendredi,20:45,37,37261,0,0,2,1,3,5,1,4,2,04,2,3,000,160,1,2,1,3,1,40,5,1,9,00,0,0,0,200700077809B01,7,0,1
200700077898,2007-12-10,2007,décembre,lundi,13:25,42,42187,0,0,2,6,3,3,2,3,2,02,1,1,000,068,2,0,1,3,1,13,5,1,9,00,2,7,1,200700077898B01,7,1,1
200700077910,2007-12-27,2007,décembre,jeudi,11:05,42,42127,0,0,2,6,3,1,1,3,2,02,1,1,000,068,1,0,1,4,1,56,0,1,9,00,2,7,1,200700077910B01,7,1,1
200700077921,2007-12-07,2007,décembre,vendredi,19:18,42,42218,0,0,2,2,3,5,3,4,2,04,1,2,000,120,2,5,1,4,1,50,1,1,2,00,2,1,9,200700077921A01,7,1,1
200700077925,2007-12-12,2007,décembre,mercredi,13:00,42,42218,0,0,2,2,3,1,1,4,1,01,1,1,000,000,1,0,1,4,1,24,5,1,4,00,2,1,1,200700077925B01,7,1,1
200700077969,2007-12-18,2007,décembre,mardi,85:5,44,44162,0,0,2,1,6,1,1,4,-1,00,-1,-1,000,000,1,0,1,4,1,55,0,1,9,00,2,0,0,200700077969B01,7,1,1
200700077994,2007-12-04,2007,décembre,mardi,82:0,45,45234,0,0,2,2,6,1,1,4,1,02,1,-1,000,000,1,0,1,3,2,15,2,1,2,00,2,1,0,200700077994A01,7,0,1
200700077999,2007-12-07,2007,décembre,vendredi,10:00,45,45234,0,0,2,1,3,1,2,4,2,02,1,3,000,066,2,0,1,4,1,39,0,1,2,00,2,0,0,200700077999B01,7,0,1
200700078010,2007-12-20,2007,décembre,jeudi,21:54,45,45232,0,0,2,1,6,5,1,4,2,00,1,1,015,050,1,0,1,3,1,20,0,1,9,01,0,1,0,200700078010A01,,,
200700078016,2007-12-05,2007,décembre,mercredi,74:5,46,46042,0,0,2,1,1,2,5,4,2,02,2,3,000,066,1,0,5,4,1,31,1,1,9,00,2,1,1,200700078016B01,2,1,1
200700078028,2007-12-01,2007,décembre,samedi,12:52,49,49015,0,0,2,1,7,1,1,4,2,00,1,1,000,040,1,0,4,3,1,18,0,1,9,00,0,1,1,200700078028A01,,,
200700078038,2007-12-10,2007,décembre,lundi,19:22,49,49007,0,0,2,1,7,5,1,4,2,02,1,1,000,060,2,0,1,4,1,41,0,1,9,12,0,0,1,200700078038A01,,,
200700078049,2007-12-13,2007,décembre,jeudi,93:3,49,49007,0,0,2,1,7,1,1,4,2,02,1,-1,000,070,-1,0,1,4,2,24,0,1,9,00,0,0,1,200700078049A01,,,
200700078051,2007-12-13,2007,décembre,jeudi,75:4,49,49007,0,0,2,1,7,5,1,4,2,02,1,1,000,070,7,0,1,4,2,17,0,1,9,01,0,0,1,200700078051A01,,,
200700078053,2007-12-14,2007,décembre,vendredi,81:5,49,49007,0,0,2,1,7,1,1,4,2,04,1,1,000,120,7,0,1,4,1,23,0,1,9,00,0,0,1,200700078053A01,,,
200700078139,2007-12-17,2007,décembre,lundi,72:0,54,54273,0,0,2,1,2,3,1,3,2,02,1,1,000,070,1,0,1,3,1,54,1,1,4,00,2,4,1,200700078139B01,7,2,1
200700078205,2007-12-01,2007,décembre,samedi,21:00,55,55186,0,0,2,3,3,5,1,4,2,02,1,-1,000,000,1,0,1,4,1,17,5,1,9,00,2,5,0,200700078205A01,7,0,1
200700078219,2007-12-07,2007,décembre,vendredi,18:40,56,56121,0,0,2,1,7,5,1,4,2,02,1,1,000,000,1,0,1,4,1,50,0,1,4,00,2,0,1,200700078219B01,7,14,1
200700078220,2007-12-12,2007,décembre,mercredi,18:15,56,56121,0,0,2,6,3,5,1,4,2,02,1,2,000,000,1,0,1,4,2,37,1,1,4,00,2,0,11,200700078220B01,7,1,1
200700078221,2007-12-11,2007,décembre,mardi,19:12,56,56098,0,0,2,1,3,5,1,4,2,02,1,1,000,000,1,0,1,4,1,18,0,1,4,00,2,1,9,200700078221B01,7,1,1
200700078222,2007-12-12,2007,décembre,mercredi,74:5,56,56121,0,0,2,6,3,5,1,4,2,02,1,2,000,000,-1,0,1,4,1,30,4,1,4,00,2,0,1,200700078222B01,7,9,1
200700078251,2007-12-02,2007,décembre,dimanche,10:50,57,57480,0,0,2,4,2,1,2,3,4,03,1,1,000,083,2,0,1,3,1,75,5,1,2,00,2,4,2,200700078251B01,7,1,1
200700078301,2007-12-28,2007,décembre,vendredi,11:00,59,59431,0,0,2,2,3,1,1,3,2,02,1,1,000,114,2,0,1,2,1,14,0,1,9,00,2,9,1,200700078301B01,14,16,1
200700078358,2007-12-10,2007,décembre,lundi,73:0,59,59286,0,0,2,1,6,3,3,4,2,02,1,1,000,000,2,0,1,2,1,34,1,1,4,00,2,8,1,200700078358B01,17,16,1
200700078360,2007-12-11,2007,décembre,mardi,13:40,59,59220,0,0,2,1,3,1,8,4,2,00,1,1,000,000,2,0,1,4,2,70,5,1,2,00,2,8,1,200700078360B01,7,17,1
200700078363,2007-12-13,2007,décembre,jeudi,75:0,59,59410,0,0,2,2,3,2,2,4,2,00,1,1,000,030,1,0,1,4,2,13,2,1,9,00,2,1,1,200700078363A01,7,1,1
200700078418,2007-12-14,2007,décembre,vendredi,13:15,59,59512,0,0,1,6,3,1,1,4,2,02,1,1,000,000,1,0,1,3,2,12,2,1,2,00,2,1,1,200700078418B01,7,16,1
200700078422,2007-12-12,2007,décembre,mercredi,80:0,59,59512,0,0,2,1,7,1,1,4,2,02,1,1,000,000,7,0,1,3,1,15,2,1,2,00,0,0,1,200700078422A01,,,
200700078452,2007-12-18,2007,décembre,mardi,75:5,59,59599,0,0,2,1,6,2,1,4,2,02,1,1,000,066,1,0,1,3,1,15,2,1,9,01,0,7,1,200700078452A01,,,
200700078456,2007-12-30,2007,décembre,dimanche,10:20,59,59090,0,0,2,1,3,1,1,4,2,02,1,1,000,000,2,0,1,3,1,54,5,1,2,00,2,1,1,200700078456B01,7,15,1
200700078459,2007-12-18,2007,décembre,mardi,80:0,59,59491,0,0,2,3,3,2,1,3,2,03,1,1,020,090,1,5,5,4,2,52,9,1,9,00,2,8,1,200700078459B01,7,16,1
200700078473,2007-12-10,2007,décembre,lundi,13:35,60,60159,0,0,2,4,3,1,1,4,2,02,1,1,000,061,1,0,1,4,1,10,2,1,9,00,2,5,19,200700078473A01,7,1,1
200700078553,2007-12-13,2007,décembre,jeudi,65:5,62,62498,0,0,2,1,6,4,1,4,2,02,1,1,000,060,2,0,1,3,2,56,1,1,4,00,2,8,16,200700078553B01,7,16,1
200700078568,2007-12-05,2007,décembre,mercredi,20:30,63,63113,0,0,2,1,6,5,1,5,2,04,1,1,000,000,1,0,1,4,1,33,9,1,4,00,2,4,1,200700078568B01,7,0,1
200700078596,2007-12-18,2007,décembre,mardi,13:22,63,63113,0,0,2,1,6,1,1,4,2,01,1,1,000,000,7,0,1,4,2,22,9,0,0,00,2,1,1,200700078596A01,7,0,1
200700078628,2007-12-23,2007,décembre,dimanche,10:15,64,64102,0,0,2,2,3,1,1,4,2,02,1,1,000,120,1,0,1,3,1,58,5,1,2,00,2,1,1,200700078628B01,7,9,1
200700078640,2007-12-05,2007,décembre,mercredi,17:30,64,64445,0,0,2,1,3,5,1,4,2,02,2,2,000,000,1,5,1,4,1,42,9,1,2,00,2,1,1,200700078640B01,7,15,1
200700078649,2007-12-13,2007,décembre,jeudi,12:35,64,64445,0,0,2,1,3,1,1,4,2,04,1,1,000,150,1,0,1,4,1,70,0,1,2,00,2,1,1,200700078649B01,7,16,1
200700078667,2007-12-02,2007,décembre,dimanche,15:40,64,64260,0,0,2,3,3,1,1,4,2,02,1,1,000,068,1,0,1,4,1,27,5,1,2,00,2,1,1,200700078667B01,7,9,1
200700078671,2007-12-12,2007,décembre,mercredi,16:10,64,64260,0,0,2,3,3,1,1,4,2,02,2,1,000,060,1,0,1,4,2,11,5,1,2,00,2,1,1,200700078671B01,7,1,1
200700078674,2007-12-31,2007,décembre,lundi,11:40,64,64545,0,0,1,1,3,1,1,3,2,02,1,1,000,060,1,0,1,4,1,56,5,1,2,00,2,4,15,200700078674B01,7,17,1
200700078713,2007-12-03,2007,décembre,lundi,17:00,67,67482,0,0,2,2,3,2,1,4,1,01,1,1,000,045,1,0,1,4,1,13,4,1,9,00,2,2,1,200700078713A01,10,1,1
200700078720,2007-12-06,2007,décembre,jeudi,10:45,67,67482,0,0,2,2,3,1,1,4,-1,05,1,1,000,150,1,2,1,4,2,25,5,1,2,00,2,6,1,200700078720B01,10,15,1
200700078721,2007-12-06,2007,décembre,jeudi,18:02,67,67482,0,0,2,3,3,5,2,4,1,01,1,1,000,050,2,0,1,4,2,21,0,1,2,00,2,3,1,200700078721B01,7,15,1
200700078723,2007-12-07,2007,décembre,vendredi,20:,67,67482,0,0,2,2,1,5,2,4,1,02,1,2,000,071,-1,0,1,4,1,41,0,1,2,00,2,1,0,200700078723A01,7,14,1
200700078724,2007-12-07,2007,décembre,vendredi,11:45,67,67482,0,0,2,2,6,1,1,4,1,01,1,4,000,050,2,0,1,1,1,37,5,1,9,00,1,1,1,200700078724A01,,,
200700078730,2007-12-10,2007,décembre,lundi,15:30,67,67482,0,0,2,2,3,1,1,4,2,02,1,1,000,000,1,0,1,4,2,30,5,1,9,00,2,1,1,200700078730B01,7,4,1
200700078731,2007-12-10,2007,décembre,lundi,18:45,67,67482,0,0,2,1,1,5,2,4,1,02,1,1,000,070,2,0,5,1,1,30,1,1,9,00,2,1,1,200700078731A01,1,1,1
200700078731,2007-12-10,2007,décembre,lundi,18:45,67,67482,0,0,2,1,1,5,2,4,1,02,1,1,000,070,2,0,5,4,2,41,1,1,9,00,2,1,1,200700078731B01,1,1,1
200700078732,2007-12-10,2007,décembre,lundi,19:25,67,67482,0,0,2,3,6,5,2,4,2,02,1,1,000,060,2,0,1,4,2,20,2,1,9,00,2,4,15,200700078732C01,7,1,2
200700078734,2007-12-11,2007,décembre,mardi,12:00,67,67482,0,0,2,1,3,1,2,4,2,02,1,1,020,080,2,0,1,4,2,18,5,1,9,00,2,1,1,200700078734B01,7,10,1
200700078736,2007-12-11,2007,décembre,mardi,12:30,67,67482,0,0,2,2,3,1,2,4,2,04,1,1,000,090,2,0,0,4,1,13,2,1,9,00,2,7,1,200700078736B01,7,1,1
200700078739,2007-12-13,2007,décembre,jeudi,10:15,67,67482,0,0,2,2,3,1,1,4,2,02,1,1,000,077,1,0,1,4,1,30,5,1,9,00,2,7,1,200700078739B01,7,15,1
200700078740,2007-12-14,2007,décembre,vendredi,55:0,67,67482,0,0,2,2,3,5,1,4,2,02,1,1,060,060,1,0,1,4,1,34,1,1,4,00,2,1,1,200700078740A01,7,15,1
200700078742,2007-12-15,2007,décembre,samedi,19:00,67,67482,0,0,2,1,1,5,1,4,1,01,1,1,000,035,1,0,1,4,1,35,5,1,9,00,2,1,5,200700078742A01,7,1,1
200700078744,2007-12-16,2007,décembre,dimanche,11:45,67,67482,0,0,2,1,3,1,1,4,2,03,1,1,000,080,1,0,1,3,2,26,5,1,2,00,2,1,13,200700078744B01,7,1,1
200700078752,2007-12-24,2007,décembre,lundi,11:45,67,67482,0,0,2,3,3,1,1,4,1,01,1,1,000,042,1,4,1,4,1,48,5,1,4,00,2,1,1,200700078752B01,7,15,1
200700078772,2007-12-14,2007,décembre,vendredi,17:10,68,68056,0,0,2,1,3,5,1,4,2,02,1,1,000,100,1,0,1,4,1,14,5,0,0,00,2,6,19,200700078772B01,7,1,1
200700078789,2007-12-14,2007,décembre,vendredi,75:0,69,69259,0,0,2,1,1,2,1,4,2,02,1,1,000,071,1,0,1,3,2,39,1,1,4,00,2,1,1,200700078789B01,7,1,1
200700078802,2007-12-18,2007,décembre,mardi,13:40,69,69266,0,0,2,2,3,1,1,4,1,02,1,1,000,058,1,0,1,2,1,37,1,1,9,00,2,1,0,200700078802B01,14,16,1
200700078812,2007-12-13,2007,décembre,jeudi,18:50,69,69290,0,0,2,6,2,5,1,4,1,02,1,2,000,000,1,5,5,3,1,16,5,1,9,00,2,4,1,200700078812B01,7,1,1
200700078812,2007-12-13,2007,décembre,jeudi,18:50,69,69290,0,0,2,6,2,5,1,4,1,02,1,2,000,000,1,5,5,4,2,16,0,1,9,00,2,4,1,200700078812B01,7,1,1
200700078845,2007-12-13,2007,décembre,jeudi,20:40,72,72181,0,0,2,1,6,5,9,9,3,04,1,1,000,156,1,0,1,3,1,61,9,1,2,16,0,0,1,200700078845A01,,,
200700078859,2007-12-21,2007,décembre,vendredi,14:10,72,72181,0,0,2,1,1,1,1,9,1,02,2,1,000,000,1,0,1,4,1,17,5,1,2,00,2,1,1,200700078859A01,7,16,1
200700078862,2007-12-28,2007,décembre,vendredi,17:00,72,72181,0,0,2,1,3,2,1,4,1,01,1,1,000,000,1,0,1,3,1,79,0,1,9,00,0,8,11,200700078862B01,31,2,1
200700078890,2007-12-18,2007,décembre,mardi,21:00,76,76705,0,0,2,1,3,5,1,4,2,01,-1,-1,000,085,1,0,1,3,1,55,1,1,9,00,2,8,1,200700078890B01,7,1,1
200700078902,2007-12-13,2007,décembre,jeudi,93:0,76,76351,0,0,2,3,3,1,1,3,2,03,4,1,000,130,1,0,1,3,1,69,5,1,2,00,0,7,23,200700078902B01,7,15,1
200700078919,2007-12-08,2007,décembre,samedi,20:20,76,76484,0,0,2,3,6,5,2,4,2,02,1,1,000,054,2,5,1,4,1,13,5,1,9,00,0,0,0,200700078919B01,7,0,1
200700078922,2007-12-11,2007,décembre,mardi,13:40,76,76540,0,0,2,2,3,1,1,4,2,02,1,1,090,106,1,5,1,4,1,29,1,1,2,12,2,1,5,200700078922B01,7,15,1
200700078924,2007-12-12,2007,décembre,mercredi,13:25,76,76484,0,0,2,1,3,1,1,2,1,02,2,3,000,050,2,0,1,4,1,41,5,1,9,00,2,8,1,200700078924B01,14,2,1
200700078929,2007-12-14,2007,décembre,vendredi,19:40,76,76540,0,0,2,1,3,5,1,4,4,02,2,1,000,070,1,0,1,4,2,22,0,1,9,00,2,1,1,200700078929B01,7,15,1
200700078961,2007-12-19,2007,décembre,mercredi,13:55,77,77186,0,0,1,1,2,1,1,3,2,02,1,1,000,060,1,0,1,4,1,15,5,1,9,00,2,8,2,200700078961B01,10,2,1
200700079067,2007-12-07,2007,décembre,vendredi,16:40,78,78517,0,0,2,2,3,2,1,4,2,02,3,1,000,061,2,0,1,4,1,14,2,1,2,00,2,1,1,200700079067A01,7,2,1
200700079078,2007-12-05,2007,décembre,mercredi,17:25,78,78586,0,0,2,3,3,5,1,4,2,02,1,1,000,070,1,0,1,4,1,15,5,1,9,00,2,1,1,200700079078A01,7,15,1
200700079119,2007-12-03,2007,décembre,lundi,18:30,80,80021,0,0,2,1,3,5,3,4,2,02,1,1,000,041,2,0,1,4,1,14,5,1,9,00,2,1,9,200700079119A01,7,1,1