Num_Acc,date,an,mois,jour,hrmn,dep,com,lat,long,agg,int,col,lum,atm,catr,circ,nbv,prof,plan,lartpc,larrout,surf,infra,situ,grav,sexe,age,trajet,secuexist,equipement,obs,obsm,choc,manv,vehiculeid,typevehicules,manoeuvehicules,numVehicules
200700079123,2007-12-06,2007,décembre,jeudi,11:00,80,80021,0,0,2,6,3,1,2,4,2,02,1,1,000,080,2,0,1,4,2,21,5,1,9,00,2,8,1,200700079123B01,13,1,1
200700079130,2007-12-11,2007,décembre,mardi,14:55,80,80021,0,0,2,1,3,1,2,4,2,02,1,1,000,076,2,0,1,4,1,16,5,1,9,00,2,1,19,200700079130A01,7,1,1
200700079141,2007-12-19,2007,décembre,mercredi,14:45,80,80021,0,0,2,6,3,1,1,4,2,02,1,1,000,060,2,0,1,4,1,30,9,1,9,00,0,0,1,200700079141B01,7,9,1
200700079208,2007-12-02,2007,décembre,dimanche,22:50,83,83137,0,0,2,2,3,5,1,4,4,01,1,1,000,035,1,0,1,4,1,30,1,1,9,00,2,1,1,200700079208B01,2,1,1
200700079220,2007-12-18,2007,décembre,mardi,94:5,83,83062,0,0,2,1,3,1,1,4,2,02,1,2,010,045,1,0,1,3,2,63,9,1,9,00,2,4,1,200700079220B01,10,9,1
200700079228,2007-12-05,2007,décembre,mercredi,11:10,84,84007,0,0,2,1,3,1,1,4,-1,01,1,1,000,035,1,0,1,4,2,28,1,1,2,00,2,1,0,200700079228B01,7,9,1
200700079280,2007-12-13,2007,décembre,jeudi,16:53,87,87085,0,0,2,3,3,1,1,4,2,02,-1,1,000,056,1,1,5,3,1,32,5,1,9,00,2,1,1,200700079280B01,7,9,1
200700079296,2007-12-23,2007,décembre,dimanche,94:6,87,87065,0,0,2,1,7,1,1,4,2,02,-1,1,000,060,7,0,1,3,1,55,5,1,2,00,0,0,1,200700079296A01,,,
200700079319,2007-12-11,2007,décembre,mardi,10:00,89,89387,0,0,2,1,3,1,1,4,2,02,1,1,000,060,1,0,1,4,1,16,1,1,9,00,2,8,19,200700079319A01,33,1,1
200700079326,2007-12-11,2007,décembre,mardi,14:41,90,90010,0,0,2,1,1,1,1,4,2,02,1,1,000,068,1,0,1,4,1,15,5,1,2,00,0,7,19,200700079326B01,7,1,1
200700079360,2007-12-21,2007,décembre,vendredi,70:0,91,91201,0,0,2,1,3,2,1,3,2,03,1,1,000,000,1,0,1,4,1,70,5,1,4,00,2,1,2,200700079360B01,7,15,1
200700079380,2007-12-19,2007,décembre,mercredi,17:15,91,91521,0,0,2,2,6,2,1,4,3,02,1,1,000,000,1,0,1,4,1,17,5,1,2,00,2,1,1,200700079380B01,7,15,1
200700079409,2007-12-28,2007,décembre,vendredi,12:15,91,91122,0,0,2,3,3,1,2,4,2,02,2,1,000,000,2,0,4,4,1,15,1,1,2,00,2,1,1,200700079409B01,7,1,1
200700079429,2007-12-25,2007,décembre,mardi,12:45,92,92002,0,0,2,2,3,1,1,4,1,02,1,-1,000,054,9,0,0,4,1,63,3,1,9,00,2,1,1,200700079429B01,10,15,1
200700079433,2007-12-07,2007,décembre,vendredi,10:00,92,92009,0,0,2,3,3,1,1,4,2,00,-1,-1,000,000,1,0,1,4,1,17,4,1,9,00,2,1,0,200700079433B01,10,15,1
200700079453,2007-12-04,2007,décembre,mardi,11:40,92,92012,0,0,2,1,3,1,1,3,2,02,1,1,000,120,1,0,1,4,1,34,0,1,9,01,0,1,1,200700079453B01,7,24,1
200700079460,2007-12-15,2007,décembre,samedi,13:30,92,92012,0,0,2,1,6,1,1,4,-1,00,-1,-1,000,072,1,0,0,4,1,15,0,0,0,00,2,1,0,200700079460B01,7,2,1
200700079503,2007-12-18,2007,décembre,mardi,18:20,92,92026,0,0,2,3,3,5,1,3,2,03,1,1,000,094,1,0,1,4,1,15,5,1,9,00,2,7,1,200700079503B01,7,16,1
200700079508,2007-12-11,2007,décembre,mardi,15:50,92,92035,0,0,2,2,3,1,8,4,2,02,1,1,000,000,1,0,1,4,2,11,0,1,9,00,2,1,1,200700079508B01,7,1,1
200700079513,2007-12-08,2007,décembre,samedi,13:45,92,92036,0,0,2,3,1,1,2,3,3,02,1,1,025,150,2,0,1,4,1,78,5,1,9,00,2,1,5,200700079513A01,7,9,1
200700079571,2007-12-18,2007,décembre,mardi,10:20,92,92050,0,0,2,6,1,1,1,4,2,02,1,1,000,090,1,0,1,4,1,41,0,1,2,00,2,1,1,200700079571B01,7,1,1
200700079578,2007-12-03,2007,décembre,lundi,90:0,92,92051,0,0,2,1,3,1,1,4,1,00,1,1,000,000,1,0,4,4,1,82,0,1,9,00,0,7,0,200700079578A01,7,0,1
200700079583,2007-12-14,2007,décembre,vendredi,12:10,92,92051,0,0,2,1,2,1,1,4,1,00,1,1,000,000,1,0,1,4,2,53,5,1,9,00,1,1,2,200700079583B01,10,4,1
200700079615,2007-12-21,2007,décembre,vendredi,16:45,92,92076,0,0,2,9,7,2,1,4,2,02,1,1,000,074,1,0,1,4,1,22,0,1,9,00,0,0,21,200700079615A01,7,19,1
200700079632,2007-12-22,2007,décembre,samedi,18:30,92,92046,0,0,2,1,6,5,1,3,2,04,1,1,000,000,1,0,1,4,1,17,5,1,9,01,0,1,1,200700079632B01,7,22,1
200700079657,2007-12-20,2007,décembre,jeudi,18:40,93,93005,0,0,2,1,6,5,1,6,1,02,1,1,000,060,7,0,1,4,1,15,2,1,9,00,0,0,0,200700079657B01,10,2,1
200700079658,2007-12-21,2007,décembre,vendredi,81:0,93,93005,0,0,2,6,3,2,8,4,3,02,1,-1,000,000,7,0,1,1,1,19,0,1,9,00,2,7,1,200700079658B01,7,1,1
200700079699,2007-12-10,2007,décembre,lundi,72:0,93,93031,0,0,2,2,3,2,2,2,-1,01,1,-1,000,000,2,6,0,3,1,23,1,1,9,00,0,7,0,200700079699B01,7,0,1
200700079717,2007-12-20,2007,décembre,jeudi,90:0,93,93063,0,0,2,1,2,1,9,4,1,01,1,-1,000,050,7,0,1,4,1,49,1,1,4,00,0,4,2,200700079717B01,7,0,1
200700079754,2007-12-27,2007,décembre,jeudi,14:25,93,93050,0,0,2,1,3,1,8,2,2,02,1,1,060,060,2,0,1,3,1,61,5,1,9,01,0,1,1,200700079754B01,7,24,1
200700079834,2007-12-19,2007,décembre,mercredi,16:30,93,93073,0,0,2,1,3,2,7,4,2,00,-1,-1,000,060,1,0,1,3,1,63,0,1,9,00,0,3,2,200700079834B01,2,2,1
200700079836,2007-12-22,2007,décembre,samedi,10:45,93,93073,0,0,2,2,3,1,7,4,2,02,1,1,000,000,2,0,0,3,1,20,5,1,9,00,0,2,0,200700079836B01,7,0,1
200700079882,2007-12-04,2007,décembre,mardi,80:1,94,94028,0,0,2,1,1,5,1,4,3,04,1,-1,020,120,1,0,1,4,1,19,1,1,9,00,2,1,2,200700079882B01,7,2,1
200700079925,2007-12-18,2007,décembre,mardi,50:0,94,94073,0,0,1,1,3,3,1,3,2,02,1,1,000,000,1,0,1,4,1,35,1,1,2,00,2,7,0,200700079925B01,10,9,1
200700079940,2007-12-27,2007,décembre,jeudi,17:35,94,94041,0,0,2,1,7,5,2,3,1,02,1,1,000,000,2,0,1,4,1,25,1,1,2,00,1,1,1,200700079940A01,,,
200700079968,2007-12-04,2007,décembre,mardi,14:00,94,94068,0,0,2,1,3,1,1,4,1,01,1,-1,000,039,1,0,1,4,2,67,5,1,9,01,0,1,21,200700079968B01,7,22,1
200700080010,2007-12-11,2007,décembre,mardi,84:5,95,95582,0,0,2,3,3,1,1,4,2,02,1,1,000,076,1,0,1,4,1,13,2,1,2,00,2,1,19,200700080010B01,7,15,1
200700080045,2007-12-12,2007,décembre,mercredi,10:40,95,95219,0,0,2,1,7,1,9,4,2,02,1,1,000,000,7,0,1,4,1,21,0,1,2,00,0,7,1,200700080045A01,,,
200700080059,2007-12-11,2007,décembre,mardi,12:55,95,95424,0,0,2,2,3,1,1,3,3,04,1,1,010,150,1,0,1,4,1,11,2,1,9,00,2,1,1,200700080059A01,7,1,1
200700080060,2007-12-24,2007,décembre,lundi,14:45,95,95306,0,0,2,3,3,1,1,4,2,02,1,1,000,070,1,5,1,4,1,23,5,1,9,00,2,1,1,200700080060B01,7,1,1
200700080101,2007-12-11,2007,décembre,mardi,11:20,69,69381,0,0,2,2,3,1,1,4,1,01,1,1,000,000,1,0,1,4,1,41,0,1,9,00,2,1,1,200700080101A01,7,1,1
200700080406,2007-12-27,2007,décembre,jeudi,11:00,69,69383,0,0,2,1,6,1,1,4,2,03,1,1,000,000,1,0,1,4,1,26,1,1,9,00,1,2,1,200700080406A01,,,
200700080458,2007-12-19,2007,décembre,mercredi,90:0,69,69387,0,0,2,5,3,1,1,4,1,01,2,1,000,043,1,0,1,4,2,25,1,1,9,00,2,8,1,200700080458B01,7,1,1
200700080466,2007-12-11,2007,décembre,mardi,13:25,69,69388,0,0,2,3,6,1,2,4,1,01,1,1,068,035,2,0,1,4,2,24,1,1,2,00,2,8,19,200700080466B01,7,15,1
200700080588,2007-12-20,2007,décembre,jeudi,18:45,75,75101,0,0,2,7,3,5,1,4,2,04,1,1,000,120,1,0,1,4,1,26,5,1,4,00,0,3,1,200700080588B01,7,12,1
200700080601,2007-12-30,2007,décembre,dimanche,12:25,75,75102,0,0,2,1,6,1,1,9,1,01,1,1,000,000,1,0,1,4,2,16,5,1,9,00,1,0,1,200700080601A01,,,
200700080605,2007-12-06,2007,décembre,jeudi,17:29,75,75110,0,0,2,1,3,5,2,4,1,04,2,1,000,156,2,0,1,4,1,37,9,1,9,01,0,1,2,200700080605B01,7,22,1
200700080617,2007-12-29,2007,décembre,samedi,25:,75,75103,0,0,2,1,7,5,1,4,1,04,1,1,005,130,1,0,5,4,1,31,5,1,9,00,0,0,0,200700080617A01,,,
200700080619,2007-12-01,2007,décembre,samedi,17:00,75,75104,0,0,2,1,6,5,8,4,3,06,1,1,000,200,1,0,1,1,2,26,1,1,9,00,1,5,21,200700080619A01,,,
200700080624,2007-12-09,2007,décembre,dimanche,17:48,75,75104,0,0,2,1,7,5,2,4,2,02,1,1,000,000,2,2,5,4,2,31,5,1,9,00,0,0,1,200700080624A01,,,
200700080626,2007-12-12,2007,décembre,mercredi,10:05,75,75104,0,0,2,1,2,1,1,4,1,03,2,1,003,148,1,0,1,4,2,27,1,1,9,00,2,4,1,200700080626A01,10,20,1
200700080667,2007-12-07,2007,décembre,vendredi,17:00,75,75106,0,0,2,1,6,2,2,4,1,01,1,1,000,000,2,0,1,1,1,26,1,1,9,00,0,1,0,200700080667A01,,,
200700080692,2007-12-18,2007,décembre,mardi,80:5,75,75107,0,0,2,1,3,1,1,4,-1,01,1,-1,000,078,1,0,0,4,2,16,2,1,9,00,2,1,9,200700080692A01,7,0,1
200700080696,2007-12-20,2007,décembre,jeudi,12:15,75,75107,0,0,2,1,6,1,1,4,1,01,1,1,000,048,1,0,1,4,2,62,1,1,9,01,0,1,0,200700080696B01,10,0,1
200700080702,2007-12-29,2007,décembre,samedi,21:15,75,75107,0,0,2,1,6,5,1,4,1,01,1,1,000,110,1,0,1,4,1,28,0,1,4,00,0,0,0,200700080702B01,20,0,1
200700080754,2007-12-06,2007,décembre,jeudi,15:40,75,75109,0,0,2,2,3,1,2,4,3,04,1,3,000,150,2,0,1,4,1,48,5,1,9,00,0,3,1,200700080754A01,38,7,1
200700080755,2007-12-06,2007,décembre,jeudi,16:55,75,75109,0,0,2,1,3,1,2,4,1,01,1,1,000,050,2,0,1,4,1,37,0,1,9,00,2,1,17,200700080755B01,7,22,1
200700080758,2007-12-09,2007,décembre,dimanche,12:30,75,75109,0,0,2,1,3,1,1,9,1,01,1,-1,000,075,1,0,1,3,1,66,5,1,9,00,0,1,1,200700080758B01,7,22,1
200700080760,2007-12-11,2007,décembre,mardi,10:30,75,75109,0,0,2,1,3,1,1,4,1,01,1,1,000,030,1,0,1,4,1,13,2,1,9,00,2,3,13,200700080760A01,7,0,1
200700080762,2007-12-12,2007,décembre,mercredi,75:0,75,75109,0,0,2,3,7,2,1,4,2,02,2,-1,000,050,8,0,1,4,2,57,1,1,9,14,0,0,1,200700080762A01,,,
200700080780,2007-12-02,2007,décembre,dimanche,11:40,75,75110,0,0,2,2,3,1,2,4,1,02,1,1,000,035,2,0,1,4,1,26,3,1,9,00,2,7,1,200700080780A01,7,1,1
200700080795,2007-12-14,2007,décembre,vendredi,19:05,75,75110,0,0,2,1,3,5,1,4,2,02,1,1,000,150,1,0,1,4,2,24,1,1,9,00,2,3,1,200700080795B01,7,17,1
200700080815,2007-12-03,2007,décembre,lundi,14:25,75,75111,0,0,2,1,6,1,1,4,1,03,1,1,125,075,1,0,5,1,1,42,5,1,9,00,1,1,1,200700080815A01,,,
200700080816,2007-12-05,2007,décembre,mercredi,18:45,75,75111,0,0,2,1,3,5,2,4,1,01,1,1,000,074,2,0,1,4,1,32,1,1,4,00,2,8,9,200700080816B01,32,1,1
200700080828,2007-12-13,2007,décembre,jeudi,11:30,75,75111,0,0,2,1,3,1,1,6,2,02,1,1,000,125,1,0,1,4,2,42,5,1,9,00,9,1,1,200700080828B01,7,22,1
200700080862,2007-12-05,2007,décembre,mercredi,12:15,75,75112,0,0,2,3,3,1,1,4,2,02,1,3,000,120,1,0,1,4,1,44,5,1,2,00,0,1,1,200700080862B01,7,9,1
200700080863,2007-12-06,2007,décembre,jeudi,17:10,75,75112,0,0,2,5,3,5,2,4,1,04,1,1,000,200,2,5,1,1,2,25,5,1,4,00,0,0,9,200700080863A01,31,1,1
200700080879,2007-12-13,2007,décembre,jeudi,18:35,75,75112,0,0,2,1,6,5,1,4,-1,01,1,1,000,000,2,0,5,1,1,50,1,1,4,00,1,1,1,200700080879A01,,,
200700080879,2007-12-13,2007,décembre,jeudi,18:35,75,75112,0,0,2,1,6,5,1,4,-1,01,1,1,000,000,2,0,5,3,2,85,5,0,0,00,1,1,1,200700080879A01,,,
200700080917,2007-12-22,2007,décembre,samedi,18:27,75,75113,0,0,2,1,3,5,1,4,2,02,1,1,000,073,1,0,1,4,2,31,5,1,9,00,2,1,1,200700080917B01,7,2,1
200700080930,2007-12-06,2007,décembre,jeudi,15:00,75,75114,0,0,2,1,3,1,2,4,3,04,1,1,000,154,2,0,5,4,1,19,5,1,9,00,2,8,13,200700080930B01,7,7,1
200700080936,2007-12-13,2007,décembre,jeudi,91:0,75,75114,0,0,2,1,6,1,1,4,2,05,1,1,000,173,-1,0,5,4,1,22,2,1,9,01,0,1,7,200700080936B01,14,22,1
200700080989,2007-12-03,2007,décembre,lundi,15:00,75,75116,0,0,2,1,3,1,1,4,1,00,1,1,000,000,1,0,1,4,1,59,5,1,9,00,2,4,1,200700080989B01,7,12,1
200700081014,2007-12-18,2007,décembre,mardi,18:55,75,75116,0,0,2,2,3,5,1,4,1,02,2,1,000,080,1,0,1,4,2,40,5,1,9,00,2,7,1,200700081014A01,7,1,1
200700081047,2007-12-11,2007,décembre,mardi,91:5,75,75117,0,0,2,1,6,1,1,4,2,02,1,1,000,080,1,0,1,4,2,30,1,1,4,00,2,0,1,200700081047B01,13,14,1
200700081087,2007-12-20,2007,décembre,jeudi,90:0,75,75118,0,0,2,1,2,1,1,4,1,02,1,1,000,050,7,2,1,3,2,40,1,1,2,00,0,4,1,200700081087B01,7,1,1
200700081097,2007-12-26,2007,décembre,mercredi,20:40,75,75118,0,0,2,2,1,5,1,4,1,01,2,-1,000,050,2,0,1,4,1,53,1,1,2,00,0,4,1,200700081097B01,7,1,1
200700081112,2007-12-09,2007,décembre,dimanche,16:40,75,75119,0,0,2,5,3,2,2,4,-1,02,2,1,000,059,2,0,1,4,1,21,5,1,9,00,2,7,1,200700081112B01,7,7,1
200700081121,2007-12-18,2007,décembre,mardi,18:50,75,75119,0,0,2,5,3,5,1,4,1,02,1,-1,000,120,1,5,1,4,1,54,9,1,9,00,2,7,1,200700081121A01,7,15,1
200700081152,2007-12-15,2007,décembre,samedi,22:10,75,75120,0,0,2,3,3,5,1,4,2,02,1,1,000,060,1,0,1,4,1,45,5,1,9,00,2,1,1,200700081152B01,7,15,1
200700081196,2007-12-17,2007,décembre,lundi,18:35,75,75117,0,0,2,2,6,5,1,4,2,03,2,1,000,098,1,0,1,4,1,28,5,1,4,00,1,1,1,200700081196A01,,,
200700081285,2007-01-28,2007,janvier,dimanche,12:15,971,97121,0,-0,2,1,1,1,1,4,1,00,2,1,000,050,1,0,1,3,1,27,5,0,0,00,2,2,19,200700081285A01,7,1,1
200700081290,2007-01-22,2007,janvier,lundi,18:30,971,97118,0,-0,1,1,2,3,1,2,3,02,1,1,000,000,1,2,1,3,1,31,5,1,2,00,0,4,2,200700081290B02,7,2,1
200700081307,2007-01-28,2007,janvier,dimanche,15:30,974,97455,-0,0,1,1,1,1,7,5,2,02,-1,3,000,087,1,0,1,2,1,27,5,1,2,00,2,8,13,200700081307A01,7,1,1
200700081308,2007-01-05,2007,janvier,vendredi,13:00,974,97415,-0,0,1,1,1,1,1,4,2,01,2,2,000,037,1,0,1,3,1,13,5,0,0,00,2,1,13,200700081308A01,7,1,1
200700081326,2007-01-03,2007,janvier,mercredi,92:5,971,97103,0,-0,1,1,5,1,1,2,3,02,-1,1,000,060,1,0,3,2,1,25,5,1,2,00,0,4,0,200700081326B02,7,2,1
200700081326,2007-01-03,2007,janvier,mercredi,92:5,971,97103,0,-0,1,1,5,1,1,2,3,02,-1,1,000,060,1,0,3,1,1,31,5,1,2,00,0,0,0,200700081326C03,7,2,1
200700081332,2007-01-11,2007,janvier,jeudi,80:0,973,97304,0,-0,2,1,1,1,1,4,2,02,1,1,000,065,1,0,3,3,1,37,5,0,0,00,2,4,1,200700081332B02,7,1,1
200700081407,2007-01-01,2007,janvier,lundi,20:,973,97302,0,0,2,2,2,5,1,4,2,02,1,1,000,000,1,0,1,3,1,17,5,1,9,00,2,8,9,200700081407A01,7,1,1
200700081410,2007-01-07,2007,janvier,dimanche,10:35,973,97302,0,0,2,1,2,1,1,4,2,02,1,1,000,104,1,0,1,4,1,22,0,1,9,00,2,1,16,200700081410B01,7,1,1
200700081410,2007-01-07,2007,janvier,dimanche,10:35,973,97302,0,0,2,1,2,1,1,4,2,02,1,1,000,104,1,0,1,4,2,10,0,1,9,00,2,1,16,200700081410B01,7,1,1
200700081411,2007-01-08,2007,janvier,lundi,80:9,973,97302,0,0,2,1,3,1,1,4,2,02,1,1,000,070,1,0,1,4,1,13,0,1,9,00,9,0,16,200700081411A01,31,1,1
200700081415,2007-01-10,2007,janvier,mercredi,11:15,973,97302,0,0,2,1,3,1,1,4,1,02,1,1,000,000,1,0,1,4,1,19,3,1,9,00,2,1,1,200700081415B01,7,16,1
200700081441,2007-01-26,2007,janvier,vendredi,81:5,973,97302,0,0,2,2,3,1,1,4,1,01,1,1,000,072,1,0,1,4,1,26,0,1,9,00,2,1,1,200700081441A01,7,1,1
200700081443,2007-01-27,2007,janvier,samedi,23:08,973,97302,0,0,2,1,1,5,1,3,1,02,1,1,000,060,1,0,1,4,1,15,0,1,9,00,2,1,1,200700081443A01,7,1,1
200700081455,2007-01-04,2007,janvier,jeudi,21:15,973,97302,0,0,2,1,3,5,1,3,2,02,1,1,000,000,1,0,1,4,2,18,0,1,9,00,2,0,0,200700081455B01,7,0,1
200700081461,2007-01-11,2007,janvier,jeudi,15:45,974,97407,0,0,2,1,1,1,1,4,2,02,1,1,000,060,1,0,1,4,1,8,5,1,9,00,2,1,1,200700081461A01,7,1,1
200700081463,2007-01-27,2007,janvier,samedi,23:25,974,97407,0,0,2,6,1,5,1,4,1,02,1,2,050,075,1,0,1,4,1,36,5,1,4,00,2,1,5,200700081463A01,7,1,1
200700081466,2007-01-02,2007,janvier,mardi,17:00,974,97411,0,0,2,2,3,1,1,4,2,05,1,1,000,000,1,0,1,4,1,15,5,1,2,00,2,1,1,200700081466B01,7,1,1
200700081485,2007-01-06,2007,janvier,samedi,10:45,974,97411,0,0,2,1,2,1,1,4,2,02,2,1,000,060,1,0,1,4,1,34,0,1,9,00,2,1,2,200700081485A01,7,1,1
200700081567,2007-02-11,2007,février,dimanche,94:5,971,97128,0,-0,1,1,3,1,1,4,2,02,2,-1,000,093,-1,0,0,3,1,64,5,0,0,00,2,8,1,200700081567B02,10,16,1
200700081574,2007-02-16,2007,février,vendredi,64:5,973,97305,0,-0,1,1,5,2,1,2,2,02,1,3,000,070,1,0,1,1,1,34,0,1,2,00,2,4,2,200700081574B02,7,0,1
200700081574,2007-02-16,2007,février,vendredi,64:5,973,97305,0,-0,1,1,5,2,1,2,2,02,1,3,000,070,1,0,1,2,1,51,5,0,0,00,2,4,1,200700081574C03,7,0,1
200700081580,2007-02-21,2007,février,mercredi,18:00,973,97311,0,-0,1,1,2,1,1,2,2,02,1,1,060,000,1,0,1,3,2,23,5,0,0,00,0,4,2,200700081580A01,7,2,1
200700081592,2007-02-07,2007,février,mercredi,13:20,974,97417,-0,0,2,1,2,1,1,2,2,02,1,1,000,060,1,0,1,3,1,16,0,0,0,00,0,4,13,200700081592B02,7,21,1
200700081592,2007-02-07,2007,février,mercredi,13:20,974,97417,-0,0,2,1,2,1,1,2,2,02,1,1,000,060,1,0,1,3,1,17,5,1,2,00,0,4,13,200700081592B02,7,21,1
200700081642,2007-02-12,2007,février,lundi,17:25,974,97416,-0,0,1,1,1,1,1,4,2,02,1,1,000,000,1,0,1,3,1,23,5,1,2,00,2,1,2,200700081642B02,10,1,1
200700081644,2007-02-10,2007,février,samedi,15:00,974,97451,-0,0,2,1,1,1,1,3,2,02,-1,1,000,070,1,0,1,3,1,27,5,0,0,00,2,6,15,200700081644B02,7,17,1
200700081648,2007-02-26,2007,février,lundi,80:5,971,97107,0,0,2,3,3,1,1,4,-1,02,1,-1,000,000,1,0,1,4,1,77,5,1,2,00,2,9,1,200700081648A01,7,16,1
200700081665,2007-02-03,2007,février,samedi,18:55,972,97209,0,0,2,1,6,5,1,4,2,02,1,1,000,080,1,0,1,4,1,30,9,1,9,01,0,0,1,200700081665A01,7,24,1
200700081672,2007-02-07,2007,février,mercredi,16:30,972,97209,0,0,2,1,7,2,1,4,2,02,2,1,000,080,1,0,1,4,1,16,0,1,2,00,0,0,0,200700081672A01,,,
200700081690,2007-02-12,2007,février,lundi,18:50,972,97209,0,0,1,1,3,5,1,2,2,04,1,1,000,120,1,0,1,4,1,19,5,1,2,00,2,7,15,200700081690A01,1,1,1
200700081690,2007-02-12,2007,février,lundi,18:50,972,97209,0,0,1,1,3,5,1,2,2,04,1,1,000,120,1,0,1,1,1,62,9,1,2,00,2,0,1,200700081690B01,1,15,1
200700081712,2007-02-07,2007,février,mercredi,17:25,972,97213,0,0,1,3,3,2,1,9,2,02,1,1,000,000,1,0,1,3,2,17,0,1,2,00,2,1,15,200700081712B01,7,1,1
200700081729,2007-02-22,2007,février,jeudi,14:00,972,97213,0,0,1,1,6,1,1,6,-1,00,-1,-1,000,000,1,0,1,4,2,13,0,1,2,00,9,9,0,200700081729A01,1,0,1
200700081729,2007-02-22,2007,février,jeudi,14:00,972,97213,0,0,1,1,6,1,1,6,-1,00,-1,-1,000,000,1,0,1,4,1,14,0,1,2,00,9,9,0,200700081729B01,1,0,1
200700081738,2007-02-05,2007,février,lundi,20:28,973,97302,0,0,2,1,2,5,1,3,2,02,1,-1,000,095,1,0,1,4,1,31,0,1,9,00,2,4,1,200700081738A01,7,1,1
200700081742,2007-02-08,2007,février,jeudi,81:0,973,97302,0,0,1,1,2,1,1,4,2,02,1,1,000,100,1,0,5,4,1,28,0,1,9,00,2,4,0,200700081742B01,7,1,1
200700081752,2007-02-10,2007,février,samedi,20:28,973,97302,0,0,2,1,1,5,1,4,2,02,1,1,000,084,1,0,1,4,1,14,0,1,9,00,2,0,1,200700081752B01,7,1,1
200700081755,2007-02-13,2007,février,mardi,17:20,973,97302,0,0,1,1,7,1,1,3,2,02,1,1,000,051,1,0,1,2,1,16,2,1,9,00,2,1,1,200700081755B01,7,1,1
200700081778,2007-02-01,2007,février,jeudi,73:0,974,97411,0,0,2,1,3,1,1,4,2,02,2,3,000,075,1,0,1,4,1,48,1,1,9,00,2,1,1,200700081778B01,7,15,1
200700081785,2007-02-14,2007,février,mercredi,18:00,974,97411,0,0,1,1,6,2,1,3,2,02,2,3,000,070,1,0,1,4,1,22,9,1,9,00,2,1,5,200700081785A01,7,1,1
200700081897,2007-03-19,2007,mars,lundi,74:5,974,97406,-0,0,1,1,6,1,1,3,2,02,-1,-1,000,070,-1,0,0,2,1,22,5,0,0,06,0,1,1,200700081897A01,,,
200700081924,2007-03-15,2007,mars,jeudi,17:30,971,97103,0,-0,1,1,3,1,7,4,3,00,1,1,000,073,1,5,1,3,1,52,5,1,2,00,0,1,1,200700081924B02,7,15,1
200700081940,2007-03-31,2007,mars,samedi,19:00,973,97304,0,-0,2,1,3,5,1,4,2,02,1,1,000,075,1,0,1,1,1,17,5,0,0,00,2,8,15,200700081940A01,7,17,1
200700081940,2007-03-31,2007,mars,samedi,19:00,973,97304,0,-0,2,1,3,5,1,4,2,02,1,1,000,075,1,0,1,3,1,16,0,0,0,00,2,8,15,200700081940A01,7,17,1
200700081980,2007-03-07,2007,mars,mercredi,16:10,972,97209,0,0,2,1,6,1,1,4,2,02,1,1,000,080,1,0,1,4,1,17,9,1,9,00,2,0,1,200700081980B01,7,13,1
200700081991,2007-03-16,2007,mars,vendredi,10:05,972,97209,0,0,1,1,6,1,1,4,2,02,2,1,000,080,1,0,1,1,1,16,9,1,9,00,2,0,1,200700081991A01,7,1,1
200700081991,2007-03-16,2007,mars,vendredi,10:05,972,97209,0,0,1,1,6,1,1,4,2,02,2,1,000,080,1,0,1,4,1,19,0,1,9,00,2,0,1,200700081991A01,7,1,1
200700082010,2007-03-03,2007,mars,samedi,17:10,972,97213,0,0,1,1,1,2,1,1,-1,01,2,1,000,060,1,0,1,4,1,35,1,1,4,00,2,4,2,200700082010B01,7,2,1
200700082034,2007-03-03,2007,mars,samedi,17:58,973,97302,0,0,2,1,1,1,1,3,2,02,1,1,000,090,1,0,1,4,1,46,0,1,9,00,2,0,14,200700082034A01,7,1,1
200700082041,2007-03-12,2007,mars,lundi,16:02,973,97302,0,0,2,4,3,1,1,3,4,02,1,-1,000,044,1,0,1,4,1,44,3,1,2,00,2,1,1,200700082041A01,7,19,1
200700082043,2007-03-13,2007,mars,mardi,18:42,973,97302,0,0,1,3,3,1,1,3,2,02,1,1,000,153,1,0,0,4,1,28,0,1,9,00,2,0,15,200700082043A01,7,1,1
200700082061,2007-03-24,2007,mars,samedi,92:0,973,97302,0,0,2,1,3,1,1,3,2,00,1,1,000,138,1,0,1,4,2,27,0,1,9,00,9,0,1,200700082061B01,31,1,1
200700082064,2007-03-26,2007,mars,lundi,80:3,973,97302,0,0,2,1,3,1,1,3,2,02,1,1,000,000,1,0,1,4,1,14,2,1,9,00,2,0,0,200700082064A01,7,0,1
200700082074,2007-03-02,2007,mars,vendredi,19:50,974,97407,0,0,2,1,3,4,1,4,-1,01,1,1,000,065,1,0,1,4,1,11,5,1,4,00,2,8,19,200700082074A01,2,1,1
200700082079,2007-03-17,2007,mars,samedi,17:18,974,97407,0,0,2,3,3,1,1,4,1,01,1,1,000,070,1,0,1,4,1,11,5,1,9,00,2,1,15,200700082079A01,7,1,1
200700082082,2007-03-21,2007,mars,mercredi,17:10,974,97407,0,0,1,1,2,1,1,2,3,04,2,1,035,110,1,0,2,4,2,31,5,1,9,00,2,4,1,200700082082B01,2,1,1
200700082083,2007-03-22,2007,mars,jeudi,16:35,974,97407,0,0,2,6,2,1,1,4,1,01,1,2,060,055,1,0,1,4,1,50,5,1,9,00,2,4,1,200700082083B01,7,9,1
200700082085,2007-03-02,2007,mars,vendredi,21:38,974,97411,0,0,2,1,5,4,1,4,2,02,2,2,000,000,1,0,1,2,1,19,5,1,2,00,2,1,1,200700082085B01,7,1,1