Num_Acc,date,an,mois,jour,hrmn,dep,com,lat,long,agg,int,col,lum,atm,catr,circ,nbv,prof,plan,lartpc,larrout,surf,infra,situ,grav,sexe,age,trajet,secuexist,equipement,obs,obsm,choc,manv,vehiculeid,typevehicules,manoeuvehicules,numVehicules
200800002496,2008-01-13,2008,janvier,dimanche,23:40,59,59392,0,0,2,2,3,5,1,4,2,02,1,1,000,060,1,0,0,3,1,41,1,1,4,00,2,1,1,200800002496B01,7,15,1
200800002507,2008-01-11,2008,janvier,vendredi,19:00,59,59512,0,0,1,2,3,5,1,4,2,02,1,1,000,000,1,0,1,3,1,86,9,1,2,00,2,0,1,200800002507B01,7,15,1
200800002510,2008-01-17,2008,janvier,jeudi,18:55,59,59650,0,0,1,3,3,5,3,4,2,02,1,1,000,000,2,0,1,3,1,41,5,1,2,00,2,0,19,200800002510B01,37,1,1
200800002520,2008-01-29,2008,janvier,mardi,10:30,59,59650,0,0,1,1,3,1,8,4,2,02,1,1,000,000,1,0,1,3,1,18,9,1,2,00,2,0,1,200800002520A01,7,1,1
200800002550,2008-01-15,2008,janvier,mardi,94:0,60,60057,0,0,2,2,3,1,3,4,-1,00,1,-1,000,000,1,5,0,3,1,58,5,1,2,00,2,0,19,200800002550B01,7,1,1
200800002565,2008-01-17,2008,janvier,jeudi,15:20,62,62108,0,0,2,1,6,1,1,4,2,02,1,1,000,059,1,0,4,1,1,22,9,1,2,00,1,3,1,200800002565A01,,,
200800002578,2008-01-25,2008,janvier,vendredi,16:25,22,22360,0,0,2,6,3,1,1,3,3,00,1,1,000,000,1,0,1,4,2,51,0,1,4,00,2,1,1,200800002578B01,7,12,1
200800002591,2008-01-12,2008,janvier,samedi,80:5,24,24037,0,0,2,2,3,5,2,4,2,01,1,1,000,000,2,0,1,4,1,71,0,1,9,00,2,1,2,200800002591B01,7,19,1
200800002596,2008-01-21,2008,janvier,lundi,15:27,24,24322,0,0,2,1,2,1,1,3,2,02,1,1,000,092,1,0,1,3,2,48,9,1,9,00,2,6,2,200800002596B01,7,2,1
200800002608,2008-01-21,2008,janvier,lundi,18:24,25,25056,0,0,2,3,3,5,1,4,2,02,1,1,000,000,1,0,1,4,1,38,5,1,2,00,2,1,1,200800002608B01,7,15,1
200800002664,2008-01-14,2008,janvier,lundi,16:55,28,28209,0,0,2,1,1,1,1,4,2,00,-1,-1,000,000,1,0,1,4,1,16,0,1,9,00,2,1,2,200800002664A01,7,0,1
200800002782,2008-01-07,2008,janvier,lundi,16:15,31,31555,0,0,2,1,3,1,2,4,1,01,1,1,000,031,2,0,1,4,1,44,5,1,2,00,2,0,1,200800002782B01,7,22,1
200800002802,2008-01-10,2008,janvier,jeudi,12:30,31,31555,0,0,2,1,6,1,1,4,2,03,1,1,000,085,1,0,1,1,1,23,2,1,2,00,1,1,1,200800002802A01,,,
200800002829,2008-01-21,2008,janvier,lundi,19:25,31,31555,0,0,2,1,3,5,1,4,2,02,1,1,000,085,1,0,1,4,1,33,0,1,2,00,2,0,23,200800002829B01,7,9,1
200800002858,2008-01-31,2008,janvier,jeudi,20:20,31,31555,0,0,2,3,3,5,1,4,-1,02,1,1,000,075,1,0,1,4,2,19,5,1,9,00,2,1,9,200800002858B01,7,1,1
200800002891,2008-01-10,2008,janvier,jeudi,91:5,33,33063,0,0,2,2,7,1,1,4,1,01,-1,1,000,060,1,0,1,4,1,45,1,1,9,12,0,1,1,200800002891B01,7,15,1
200800002902,2008-01-11,2008,janvier,vendredi,10:25,33,33063,0,0,2,3,3,1,1,4,2,02,1,1,000,050,1,0,1,3,2,78,1,1,2,00,2,3,15,200800002902A01,7,17,1
200800002906,2008-01-14,2008,janvier,lundi,12:40,33,33063,0,0,2,2,3,1,1,4,2,02,1,1,000,107,1,0,1,4,2,42,0,1,9,01,2,1,23,200800002906A01,10,16,1
200800002914,2008-01-13,2008,janvier,dimanche,18:50,33,33281,0,0,2,1,7,5,1,4,2,02,1,1,000,070,1,0,1,4,2,65,0,1,9,00,0,0,19,200800002914B01,7,1,1
200800002922,2008-01-19,2008,janvier,samedi,20:04,33,33281,0,0,2,2,3,5,1,4,2,02,1,1,000,092,1,0,1,2,1,18,0,1,2,00,2,1,1,200800002922A01,7,1,1
200800002923,2008-01-18,2008,janvier,vendredi,17:00,33,33063,0,0,2,1,4,1,1,4,2,04,1,1,100,042,1,0,1,4,1,34,4,1,2,00,0,4,1,200800002923B01,7,1,1
200800002923,2008-01-18,2008,janvier,vendredi,17:00,33,33063,0,0,2,1,4,1,1,4,2,04,1,1,100,042,1,0,1,4,1,31,4,1,2,00,0,4,1,200800002923C01,7,1,1
200800002942,2008-01-23,2008,janvier,mercredi,12:55,33,33318,0,0,2,6,3,1,1,4,2,02,1,1,000,000,1,0,1,4,2,60,0,1,2,00,2,1,1,200800002942B01,7,16,1
200800002948,2008-01-25,2008,janvier,vendredi,15:30,33,33063,0,0,2,3,3,1,1,4,1,01,1,1,000,026,1,0,1,4,1,44,0,1,2,00,2,1,1,200800002948B01,7,1,1
200800002965,2008-01-26,2008,janvier,samedi,10:55,33,33069,0,0,2,2,3,1,1,4,2,02,1,1,000,038,1,0,1,3,1,28,5,1,4,00,0,4,1,200800002965B01,7,1,1
200800002970,2008-01-08,2008,janvier,mardi,15:05,34,34003,0,0,1,3,3,1,1,3,2,02,1,1,000,194,1,0,1,3,1,60,5,1,2,00,2,7,1,200800002970B01,7,16,1
200800002995,2008-01-25,2008,janvier,vendredi,10:53,34,34032,0,0,2,4,2,1,1,4,1,01,1,1,000,030,1,2,1,3,1,84,0,1,2,00,2,4,14,200800002995B01,7,1,1
200800003008,2008-01-08,2008,janvier,mardi,82:3,34,34172,0,0,2,1,3,1,1,4,1,02,1,2,000,070,1,0,1,4,1,30,0,1,9,00,2,1,1,200800003008B01,7,9,1
200800003013,2008-01-11,2008,janvier,vendredi,81:5,34,34172,43.59084,3.86602,2,1,2,1,1,4,1,01,2,3,025,125,1,5,1,3,1,16,2,1,2,00,4,4,19,200800003013A01,40,1,1
200800003031,2008-01-24,2008,janvier,jeudi,20:40,34,34172,0,0,2,1,7,5,1,9,-1,00,1,1,000,000,1,6,0,4,1,17,5,1,9,00,0,1,1,200800003031A01,,,
200800003034,2008-01-28,2008,janvier,lundi,90:0,34,34172,0,0,2,1,3,1,1,4,2,04,1,1,000,120,1,0,1,4,1,31,5,1,9,00,2,1,1,200800003034A01,7,1,1
200800003050,2008-01-03,2008,janvier,jeudi,83:5,35,35238,0,0,2,2,6,1,8,4,-1,02,2,3,000,000,1,0,1,4,2,39,1,1,2,00,2,0,1,200800003050B01,7,16,1
200800003072,2008-01-19,2008,janvier,samedi,13:30,35,35238,0,0,2,2,3,1,1,4,-1,00,1,1,000,000,-1,0,1,1,1,22,9,1,9,00,2,8,15,200800003072B01,2,1,1
200800003078,2008-01-25,2008,janvier,vendredi,10:00,35,35238,0,0,2,1,6,1,1,4,2,02,1,1,000,000,1,0,1,4,2,23,2,1,9,01,0,0,1,200800003078B01,7,24,1
200800003079,2008-01-25,2008,janvier,vendredi,14:25,35,35238,0,0,2,6,3,1,1,4,1,00,1,2,000,000,1,5,1,3,1,71,5,1,9,00,2,1,1,200800003079B01,7,9,1
200800003089,2008-01-29,2008,janvier,mardi,74:5,35,35238,0,0,2,1,1,5,5,4,-1,02,1,1,000,000,1,0,1,4,1,41,1,1,9,00,2,0,5,200800003089A01,1,1,1
200800003089,2008-01-29,2008,janvier,mardi,74:5,35,35238,0,0,2,1,1,5,5,4,-1,02,1,1,000,000,1,0,1,4,1,19,2,1,9,00,2,1,1,200800003089B01,1,5,1
200800003092,2008-01-29,2008,janvier,mardi,19:40,35,35238,0,0,2,2,7,5,1,4,-1,00,-1,-1,000,000,-1,0,0,4,2,54,0,1,9,00,0,0,0,200800003092A01,,,
200800003153,2008-01-22,2008,janvier,mardi,12:05,38,38185,0,0,2,1,3,1,1,3,2,06,1,1,000,197,1,0,1,4,2,20,9,1,9,00,2,1,1,200800003153B01,7,16,1
200800003160,2008-01-27,2008,janvier,dimanche,21:45,38,38185,0,0,2,1,3,5,1,3,2,02,1,1,000,090,1,0,1,4,1,24,9,1,9,00,2,1,15,200800003160B01,7,1,1
200800003180,2008-01-12,2008,janvier,samedi,15:15,41,41018,0,0,2,2,5,1,1,4,1,01,1,1,000,000,1,0,1,4,1,26,5,1,9,00,2,1,23,200800003180B01,7,16/23,2
200800003186,2008-01-08,2008,janvier,mardi,19:06,41,41269,0,0,1,1,5,5,2,3,2,03,4,1,000,036,2,3,1,2,1,51,5,1,9,00,2,9,1,200800003186B01,7,9/1,3
200800003207,2008-01-11,2008,janvier,vendredi,11:35,42,42184,0,0,2,1,3,1,1,4,2,02,1,-1,000,072,1,0,1,4,2,70,0,1,2,00,2,5,15,200800003207A01,7,1,1
200800003211,2008-01-16,2008,janvier,mercredi,12:15,42,42187,0,0,2,1,6,1,1,3,2,02,1,1,000,073,1,0,1,3,1,15,2,1,9,00,2,8,13,200800003211B01,2,17,1
200800003212,2008-01-18,2008,janvier,vendredi,15:10,42,42187,0,0,1,1,3,1,1,3,1,02,1,1,000,082,1,0,1,4,2,17,5,1,9,01,0,1,1,200800003212B01,7,22,1
200800003238,2008-01-26,2008,janvier,samedi,13:08,42,42330,0,0,2,1,6,1,1,4,1,01,2,2,000,040,1,0,1,4,1,64,5,1,2,00,2,7,1,200800003238B01,7,17,1
200800003246,2008-01-05,2008,janvier,samedi,21:10,44,44132,0,0,2,1,7,3,1,3,3,04,1,1,000,080,1,0,3,1,1,21,5,1,9,00,0,0,13,200800003246A01,7,1,1
200800003275,2008-01-22,2008,janvier,mardi,80:0,44,44190,0,0,2,1,6,2,2,4,2,02,1,1,000,000,1,0,5,1,1,15,2,1,9,00,1,1,1,200800003275A01,,,
200800003275,2008-01-22,2008,janvier,mardi,80:0,44,44190,0,0,2,1,6,2,2,4,2,02,1,1,000,000,1,0,5,4,1,58,0,0,0,00,1,1,1,200800003275A01,,,
200800003276,2008-01-21,2008,janvier,lundi,13:45,44,44143,0,0,2,1,6,1,1,4,2,02,1,1,000,000,1,0,1,4,2,34,0,1,9,00,2,8,13,200800003276A01,,,
200800003282,2008-01-30,2008,janvier,mercredi,15:55,44,44109,0,0,2,1,3,1,2,4,2,02,2,1,000,000,2,0,1,4,1,15,0,1,2,00,2,0,15,200800003282B01,2,17,1
200800003301,2008-01-04,2008,janvier,vendredi,12:20,45,45234,0,0,2,3,3,1,8,4,2,02,2,1,012,177,2,0,0,4,1,23,1,1,2,00,2,1,1,200800003301B01,15,16,1
200800003309,2008-01-12,2008,janvier,samedi,10:15,45,45234,0,0,2,2,3,1,1,4,2,02,1,1,000,055,1,0,1,4,1,75,9,1,2,00,2,8,15,200800003309B01,7,19,1
200800003312,2008-01-16,2008,janvier,mercredi,12:30,45,45234,0,0,2,1,5,1,1,4,2,02,1,1,000,060,1,0,1,4,1,31,0,1,2,00,2,3,1,200800003312B01,7,17,1
200800003312,2008-01-16,2008,janvier,mercredi,12:30,45,45234,0,0,2,1,5,1,1,4,2,02,1,1,000,060,1,0,1,1,1,46,0,1,2,00,2,8,1,200800003312C01,7,17,1
200800003362,2008-01-11,2008,janvier,vendredi,19:30,92,92007,0,0,2,1,3,5,1,3,2,02,1,1,000,068,2,0,1,4,1,23,3,1,4,00,0,1,5,200800003362A01,7,9,1
200800003367,2008-01-09,2008,janvier,mercredi,14:30,92,92012,0,0,2,2,6,1,1,3,2,02,1,1,000,094,1,0,1,4,1,64,5,1,2,00,2,1,1,200800003367B01,7,15,1
200800003368,2008-01-12,2008,janvier,samedi,95:5,92,92012,0,0,2,1,6,1,1,2,2,01,1,1,000,120,-1,0,1,4,2,25,4,1,9,00,0,0,9,200800003368B01,7,1,1
200800003433,2008-01-14,2008,janvier,lundi,13:55,92,92026,0,0,2,3,3,1,8,9,1,01,1,1,000,049,1,0,1,4,1,16,5,1,9,00,2,1,19,200800003433B01,7,1,1
200800003576,2008-01-19,2008,janvier,samedi,13:40,93,93007,0,0,2,1,5,1,1,4,1,01,1,1,000,000,1,0,1,3,2,69,5,1,2,00,0,0,0,200800003576C01,7/ 10,0,2
200800003621,2008-01-24,2008,janvier,jeudi,17:40,93,93032,0,0,2,3,3,5,2,4,1,01,1,1,000,030,2,0,1,1,1,13,0,1,9,00,0,1,0,200800003621B01,7,0,1
200800003660,2008-01-26,2008,janvier,samedi,12:05,93,93051,0,0,2,6,3,1,1,4,4,01,1,2,000,070,1,0,1,2,1,70,0,1,9,00,0,3,2,200800003660B01,7,12,1
200800003751,2008-01-26,2008,janvier,samedi,10:10,62,62907,0,0,2,1,3,1,2,3,3,02,1,1,032,060,2,5,1,4,1,50,5,1,4,00,2,7,1,200800003751B01,7,16,1
200800003761,2008-01-23,2008,janvier,mercredi,15:50,62,62573,0,0,2,1,6,1,7,4,1,01,1,1,000,034,1,0,1,1,1,16,5,1,9,00,1,1,21,200800003761A01,,,
200800003777,2008-01-09,2008,janvier,mercredi,16:10,63,63113,0,0,2,1,3,1,7,4,2,02,1,3,000,070,1,0,1,4,1,45,1,1,2,00,0,1,1,200800003777B01,7,9,1
200800003788,2008-01-18,2008,janvier,vendredi,10:40,63,63113,0,0,2,1,6,1,1,4,3,03,1,1,000,000,1,0,1,4,1,24,1,1,9,00,2,1,1,200800003788B01,7,16,1
200800003820,2008-01-19,2008,janvier,samedi,94:5,64,64125,0,0,2,3,6,1,1,2,2,01,1,1,000,120,1,5,1,4,1,36,0,1,9,00,2,3,1,200800003820B01,7,19,1
200800003834,2008-01-09,2008,janvier,mercredi,20:05,64,64445,0,0,2,3,3,5,1,4,2,02,1,1,000,000,1,0,1,4,2,52,0,1,9,00,2,1,1,200800003834B01,7,15,1
200800003835,2008-01-10,2008,janvier,jeudi,17:10,64,64335,0,0,2,1,3,1,1,4,2,01,1,1,019,068,1,0,1,3,2,18,0,1,9,00,2,7,15,200800003835B01,7,1,1
200800003839,2008-01-18,2008,janvier,vendredi,17:30,64,64129,0,0,2,1,2,5,2,4,2,02,1,1,000,100,2,0,1,4,1,13,5,1,4,00,2,1,13,200800003839A01,7,1,1
200800003844,2008-01-26,2008,janvier,samedi,19:38,64,64445,0,0,2,1,5,5,1,4,2,02,1,1,000,118,1,0,1,3,2,24,1,1,9,00,2,3,1,200800003844B01,7,17/22,2
200800003845,2008-01-26,2008,janvier,samedi,12:40,64,64284,0,0,2,3,3,1,1,4,2,02,1,1,000,037,1,5,1,3,1,62,5,1,2,00,2,1,1,200800003845B01,7,15,1
200800003848,2008-01-31,2008,janvier,jeudi,17:25,64,64445,0,0,2,6,3,1,1,4,1,01,1,2,000,080,1,0,1,4,2,49,0,1,9,00,2,1,1,200800003848B01,7,1,1
200800003863,2008-01-20,2008,janvier,dimanche,10:50,65,65286,0,0,2,4,1,1,1,3,2,00,1,1,000,110,1,5,1,3,1,44,5,1,9,00,2,1,1,200800003863B01,7,15,1
200800003895,2008-01-15,2008,janvier,mardi,15:05,67,67462,0,0,2,1,2,1,1,4,2,02,1,1,000,000,1,0,1,4,2,78,5,1,9,00,2,6,2,200800003895B01,7,1,1
200800003900,2008-01-04,2008,janvier,vendredi,92:5,67,67267,0,0,2,1,3,1,1,4,2,02,1,1,024,077,1,0,1,3,1,23,0,1,2,00,2,1,19,200800003900A01,7,1,1
200800003902,2008-01-07,2008,janvier,lundi,12:40,67,67482,0,0,2,2,3,1,1,4,1,02,1,1,000,076,2,0,0,4,1,54,1,1,9,00,2,1,1,200800003902A01,31,1,1
200800003905,2008-01-09,2008,janvier,mercredi,21:30,67,67482,0,0,2,1,3,5,2,4,1,01,1,1,000,035,2,0,1,4,2,31,0,1,9,00,2,2,19,200800003905B01,2,1,1
200800003906,2008-01-10,2008,janvier,jeudi,11:30,67,67482,0,0,2,1,3,1,1,4,2,01,1,1,000,060,1,0,0,4,1,44,5,1,4,00,2,7,19,200800003906A01,10,1,1
200800003907,2008-01-10,2008,janvier,jeudi,17:30,67,67482,0,0,2,1,3,2,1,4,2,02,1,1,000,040,1,0,1,4,2,30,5,1,9,00,2,1,19,200800003907B01,7,1,1
200800003908,2008-01-11,2008,janvier,vendredi,16:25,67,67482,0,0,2,3,3,1,1,4,2,02,1,1,000,090,1,0,1,3,2,35,0,1,9,00,2,1,1,200800003908A01,7,15,1
200800003914,2008-01-16,2008,janvier,mercredi,20:45,67,67482,0,0,2,3,3,5,2,4,2,03,1,1,000,110,2,0,5,4,1,47,0,1,9,00,2,5,19,200800003914B01,7,1,1
200800003916,2008-01-17,2008,janvier,jeudi,17:05,67,67218,0,0,2,6,3,5,1,4,2,02,1,1,000,110,1,0,1,4,1,19,1,1,9,00,1,1,19,200800003916B01,7,1,1
200800003922,2008-01-22,2008,janvier,mardi,82:5,67,67204,0,0,2,2,3,2,1,3,2,03,1,1,000,090,2,0,1,4,2,17,2,1,9,00,2,4,19,200800003922A01,33,1,1
200800003923,2008-01-22,2008,janvier,mardi,15:30,67,67482,0,0,2,2,3,1,1,4,2,03,1,1,000,085,1,0,1,4,2,45,5,1,2,00,2,1,16,200800003923B01,7,1,1
200800003928,2008-01-24,2008,janvier,jeudi,13:40,67,67482,0,0,2,2,3,1,1,4,2,04,1,1,000,160,1,0,1,4,2,25,1,1,2,00,2,8,1,200800003928B01,7,1,1
200800003936,2008-01-31,2008,janvier,jeudi,43:0,67,67482,0,0,2,3,3,5,2,4,2,02,2,1,000,090,2,0,0,4,1,42,5,1,9,00,2,7,1,200800003936B01,7,15,1
200800003937,2008-01-08,2008,janvier,mardi,72:0,68,68066,0,0,2,3,3,5,1,4,2,02,1,1,000,108,1,0,0,4,1,65,1,1,4,00,2,7,1,200800003937B01,7,16,1
200800003954,2008-01-11,2008,janvier,vendredi,45:0,68,68256,0,0,2,9,3,5,8,3,2,02,1,1,000,129,1,0,5,3,1,51,1,1,9,00,2,4,1,200800003954B01,7,0,1
200800003989,2008-01-16,2008,janvier,mercredi,21:05,69,69266,0,0,2,2,6,5,1,4,2,02,1,1,000,020,2,0,1,4,1,31,9,1,9,00,2,0,1,200800003989A01,10,1,1
200800003993,2008-01-15,2008,janvier,mardi,71:5,69,69266,0,0,2,1,7,5,1,4,2,04,1,1,000,109,1,0,1,4,1,61,1,1,2,00,0,0,0,200800003993A01,,,
200800004028,2008-01-11,2008,janvier,vendredi,16:35,71,71486,0,0,1,3,3,2,1,4,2,03,2,1,000,087,1,0,1,4,2,67,3,1,9,00,2,5,1,200800004028B01,7,15,1
200800004042,2008-01-08,2008,janvier,mardi,74:0,72,72181,0,0,2,1,6,1,2,9,-1,00,1,1,000,000,2,0,5,4,1,49,9,1,2,16,0,7,1,200800004042A01,,,
200800004043,2008-01-08,2008,janvier,mardi,11:05,72,72181,0,0,2,1,6,1,1,9,2,02,1,1,000,000,2,0,1,4,2,57,9,1,2,16,0,0,1,200800004043A01,,,
200800004130,2008-01-23,2008,janvier,mercredi,16:35,76,76540,0,0,2,2,7,1,8,2,-1,02,2,3,000,000,1,0,0,4,1,79,5,1,9,00,0,0,15,200800004130A01,,,
200800004144,2008-01-31,2008,janvier,jeudi,82:0,76,76540,0,0,2,1,3,1,1,4,1,01,1,3,000,030,1,6,1,4,1,28,0,1,2,00,2,1,19,200800004144A01,7,16,1
200800004172,2008-01-18,2008,janvier,vendredi,83:0,77,77468,0,0,2,8,3,1,2,4,3,02,1,1,000,070,2,0,1,3,2,13,2,1,2,00,2,1,2,200800004172B01,7,2,1
200800004222,2008-01-05,2008,janvier,samedi,19:20,78,78551,0,0,2,1,6,5,1,4,1,01,2,2,000,140,2,0,1,4,1,50,1,1,4,00,2,7,1,200800004222B01,7,9,1
200800004223,2008-01-06,2008,janvier,dimanche,19:30,78,78481,0,0,2,1,2,5,1,4,2,03,1,1,000,085,2,0,1,3,2,72,0,1,2,00,0,8,2,200800004223B01,7,2,1
200800004238,2008-01-17,2008,janvier,jeudi,19:40,78,78621,0,0,1,3,1,3,2,4,3,02,1,1,000,000,2,5,1,4,1,64,1,1,4,00,2,1,1,200800004238B01,7,1,1
200800004256,2008-01-28,2008,janvier,lundi,15:00,78,78524,0,0,2,1,6,1,1,3,3,05,2,1,000,164,1,0,1,3,1,36,5,1,2,00,2,4,1,200800004256B01,7,12,1
200800004274,2008-01-09,2008,janvier,mercredi,90:0,80,80021,0,0,2,1,2,1,2,4,2,05,4,1,000,150,2,0,1,4,1,17,1,1,9,00,2,4,1,200800004274B01,7,1,1
200800004279,2008-01-16,2008,janvier,mercredi,16:40,80,80021,0,0,2,1,3,1,1,4,2,02,1,1,000,080,1,0,1,4,1,22,5,1,9,00,2,1,1,200800004279B01,7,9,1
200800004285,2008-01-18,2008,janvier,vendredi,17:20,80,80021,0,0,2,1,3,5,2,4,2,02,1,1,020,060,2,0,1,4,2,20,2,1,9,00,2,1,1,200800004285B01,7,16,1
200800004287,2008-01-23,2008,janvier,mercredi,16:05,80,80021,0,0,2,1,2,1,1,4,2,02,4,1,000,050,1,0,1,4,1,26,0,1,9,00,2,1,1,200800004287A01,7,1,1
200800004288,2008-01-24,2008,janvier,jeudi,13:20,80,80131,0,0,2,1,2,1,2,4,2,02,1,1,000,080,2,0,1,4,1,48,5,1,9,00,2,4,1,200800004288B01,7,1,1
200800004305,2008-01-29,2008,janvier,mardi,18:55,82,82033,0,0,2,3,3,5,1,4,1,01,1,-1,000,000,1,0,1,3,1,88,5,1,4,00,2,1,0,200800004305B01,7,13,1
200800004313,2008-01-26,2008,janvier,samedi,85:5,83,83050,0,0,2,1,2,1,1,6,-1,01,1,1,000,000,1,0,1,3,2,64,0,0,0,00,2,1,5,200800004313B01,7,4,1
200800004355,2008-01-15,2008,janvier,mardi,13:40,83,83062,0,0,1,2,5,1,1,4,2,01,1,1,000,044,1,0,1,1,1,63,5,1,2,00,2,1,1,200800004355B01,7,19,1
200800004355,2008-01-15,2008,janvier,mardi,13:40,83,83062,0,0,1,2,5,1,1,4,2,01,1,1,000,044,1,0,1,3,1,63,5,1,2,00,2,1,1,200800004355C01,7,19,1
200800004368,2008-01-19,2008,janvier,samedi,13:00,84,84007,0,0,2,2,3,1,1,4,2,03,1,1,000,000,1,0,0,4,1,12,5,1,9,00,2,7,15,200800004368B01,7,15,1
200800004405,2008-01-24,2008,janvier,jeudi,19:10,86,86194,0,0,2,1,3,5,1,4,2,02,2,1,000,064,1,0,1,4,1,18,9,1,4,00,2,1,17,200800004405A01,7,15,1
200800004407,2008-01-26,2008,janvier,samedi,10:20,86,86194,0,0,2,2,3,1,1,4,2,02,1,1,000,070,1,0,1,4,1,40,1,1,2,00,2,7,1,200800004407B01,7,1,1
200800004416,2008-01-12,2008,janvier,samedi,12:24,87,87085,0,0,2,1,6,1,1,4,2,02,1,3,000,060,1,0,3,4,1,20,5,1,2,01,0,1,2,200800004416A01,,,
200800004434,2008-01-31,2008,janvier,jeudi,12:04,87,87085,0,0,2,1,2,1,1,4,2,02,-1,1,000,070,1,0,1,4,2,23,5,1,2,00,2,4,1,200800004434B01,7,2,1
200800004438,2008-01-17,2008,janvier,jeudi,80:0,88,88160,0,0,2,1,3,2,2,4,2,02,1,1,000,073,2,0,1,4,2,17,2,1,2,00,2,1,2,200800004438B01,7,9,1
200800004453,2008-01-15,2008,janvier,mardi,13:35,90,90099,0,0,1,6,3,1,1,3,2,02,1,1,000,000,2,5,1,4,2,49,9,1,9,00,2,7,1,200800004453B01,7,1,1
200800004454,2008-01-16,2008,janvier,mercredi,12:15,90,90010,0,0,2,1,6,1,1,9,-1,00,1,-1,000,000,2,6,4,1,1,16,5,1,2,00,1,4,5,200800004454A01,,,
200800004460,2008-01-19,2008,janvier,samedi,23:00,90,90010,0,0,2,1,6,4,1,4,1,01,1,1,000,000,1,0,1,4,1,49,3,1,2,09,0,1,1,200800004460A01,,,
200800004478,2008-01-19,2008,janvier,samedi,14:15,91,91201,0,0,2,1,1,1,1,4,2,02,1,1,000,000,1,0,1,4,1,13,0,1,9,00,2,1,2,200800004478B01,7,2,1
200800004479,2008-01-25,2008,janvier,vendredi,16:55,91,91201,0,0,2,1,2,1,1,4,2,02,1,1,000,000,1,0,1,3,1,34,0,1,9,00,2,1,2,200800004479A01,7,2,1
200800004480,2008-01-28,2008,janvier,lundi,82:5,91,91657,0,0,2,1,3,1,1,4,2,02,1,1,000,000,1,0,1,3,2,12,5,1,2,00,2,1,0,200800004480A01,7,0,1
200800004498,2008-01-09,2008,janvier,mercredi,16:43,91,91477,0,0,2,1,6,1,1,4,1,01,1,1,000,000,1,0,1,4,1,13,2,1,2,00,2,1,1,200800004498B01,7,24,1
200800004503,2008-01-19,2008,janvier,samedi,93:5,91,91692,0,0,1,6,3,1,1,2,2,02,1,1,000,000,1,5,1,4,1,43,4,1,2,00,0,0,1,200800004503B01,7,9,1
200800004516,2008-01-13,2008,janvier,dimanche,11:10,92,92014,0,0,2,1,6,1,1,4,2,02,1,1,000,059,1,0,1,4,1,46,3,1,9,01,0,1,1,200800004516B01,10,22,1
200800004517,2008-01-18,2008,janvier,vendredi,75:5,92,92014,0,0,2,2,3,5,1,4,2,02,1,1,000,054,1,0,1,4,1,19,1,1,9,00,2,7,1,200800004517A01,10,1,1
200800004542,2008-01-18,2008,janvier,vendredi,17:10,75,75108,0,0,2,5,3,2,1,4,2,04,1,1,000,000,2,0,1,4,2,46,5,1,9,00,2,2,1,200800004542B01,7,1,1
200800004572,2008-01-20,2008,janvier,dimanche,20:50,75,75113,0,0,2,2,3,5,1,4,1,02,1,1,000,123,1,0,0,4,2,28,5,1,9,00,2,8,1,200800004572B01,7,15,1
200800004589,2008-01-21,2008,janvier,lundi,11:00,75,75110,0,0,2,2,3,1,1,4,1,04,1,1,000,100,1,0,1,4,2,41,1,1,9,00,2,6,16,200800004589B01,10,16,1
200800004591,2008-01-21,2008,janvier,lundi,20:30,75,75113,0,0,2,1,3,5,2,4,2,04,1,1,000,065,2,0,0,4,1,34,5,1,9,00,0,0,0,200800004591B01,7,1,1
200800004592,2008-01-21,2008,janvier,lundi,18:50,75,75114,0,0,2,1,3,3,1,4,1,01,1,1,000,050,1,0,1,4,1,58,0,1,9,00,2,0,1,200800004592B01,7,14,1
200800004601,2008-01-21,2008,janvier,lundi,20:00,75,75120,0,0,2,1,3,5,2,4,2,01,1,1,000,100,2,0,1,4,2,22,5,1,9,00,2,1,19,200800004601B01,7,1,1
200800004646,2008-01-23,2008,janvier,mercredi,14:50,75,75119,0,0,2,1,2,1,1,4,2,02,1,1,000,053,1,0,1,4,1,42,1,1,9,01,0,1,2,200800004646A01,10,23,1
200800004670,2008-01-24,2008,janvier,jeudi,82:0,75,75115,0,0,2,1,6,2,1,4,1,01,1,1,000,040,1,0,1,4,1,44,1,1,2,00,1,1,0,200800004670A01,,,
200800004689,2008-01-25,2008,janvier,vendredi,19:45,75,75103,0,0,2,1,6,5,1,4,1,00,1,1,000,076,1,0,5,4,2,26,5,1,9,00,0,1,2,200800004689A01,1,2,1
200800004689,2008-01-25,2008,janvier,vendredi,19:45,75,75103,0,0,2,1,6,5,1,4,1,00,1,1,000,076,1,0,5,1,1,51,1,1,4,00,0,8,2,200800004689B01,1,2,1
200800004692,2008-01-25,2008,janvier,vendredi,16:45,75,75107,0,0,2,1,3,1,1,4,2,00,1,1,000,000,1,0,1,4,2,44,0,1,4,00,2,1,17,200800004692A01,32,17,1
200800004738,2008-01-27,2008,janvier,dimanche,50:,75,75113,0,0,2,1,3,5,1,4,2,02,1,1,200,200,1,0,1,4,1,20,0,1,4,00,2,8,1,200800004738A01,7,2,1
200800004756,2008-01-28,2008,janvier,lundi,19:10,75,75118,0,0,2,1,3,5,1,4,2,04,1,1,000,090,1,0,1,4,1,43,5,1,9,00,2,1,1,200800004756B01,7,19,1
200800004761,2008-01-29,2008,janvier,mardi,94:0,75,75107,0,0,2,1,6,1,1,4,1,01,1,-1,000,060,1,0,1,4,1,22,1,1,9,00,0,1,2,200800004761B01,7,24,1
200800004763,2008-01-29,2008,janvier,mardi,18:15,75,75108,0,0,2,1,2,5,8,4,2,04,1,1,000,135,1,0,1,4,2,40,4,1,9,00,2,4,2,200800004763B01,7,2,1