Num_Acc,date,an,mois,jour,hrmn,dep,com,lat,long,agg,int,col,lum,atm,catr,circ,nbv,prof,plan,lartpc,larrout,surf,infra,situ,grav,sexe,age,trajet,secuexist,equipement,obs,obsm,choc,manv,vehiculeid,typevehicules,manoeuvehicules,numVehicules
200800007842,2008-02-08,2008,février,vendredi,11:40,17,17300,0,0,2,1,3,1,1,4,2,04,1,1,000,000,1,0,5,3,1,77,5,1,4,00,2,5,1,200800007842B01,7,1,1
200800007848,2008-02-14,2008,février,jeudi,83:5,17,17300,0,0,2,1,3,1,1,4,2,00,1,1,000,000,1,0,1,4,1,22,9,1,2,00,2,7,1,200800007848B01,7,1,1
200800007885,2008-02-05,2008,février,mardi,91:5,18,18205,0,0,2,3,3,1,1,2,1,01,2,1,000,050,1,0,1,4,1,37,1,1,2,00,2,3,5,200800007885B01,7,16,1
200800007898,2008-02-04,2008,février,lundi,10:30,19,19031,0,0,2,1,3,1,2,4,1,01,1,2,000,081,2,0,1,4,1,74,5,1,2,00,2,8,1,200800007898B01,7,1,1
200800007909,2008-02-21,2008,février,jeudi,11:05,21,21054,0,0,2,2,3,1,1,4,2,02,1,1,000,000,1,5,1,4,2,20,1,1,9,00,2,1,1,200800007909B01,10,1,1
200800007910,2008-02-12,2008,février,mardi,17:55,21,21054,0,0,2,1,6,5,1,3,2,02,1,1,000,000,1,0,4,4,1,14,5,1,2,00,2,8,1,200800007910B01,,,
200800007916,2008-02-05,2008,février,mardi,18:29,21,21231,0,0,2,2,3,5,1,4,1,01,1,1,000,033,1,5,0,4,1,58,5,1,2,00,2,1,1,200800007916B01,1,1,1
200800007917,2008-02-05,2008,février,mardi,18:16,21,21231,0,0,2,1,3,5,1,4,2,02,1,1,000,124,1,0,5,4,2,16,2,1,2,00,2,2,15,200800007917B01,31,1,1
200800007959,2008-02-20,2008,février,mercredi,17:58,22,22278,0,0,2,1,3,1,1,4,3,04,1,1,000,000,1,5,1,3,1,17,0,0,0,00,2,4,19,200800007959A01,10,1,1
200800007959,2008-02-20,2008,février,mercredi,17:58,22,22278,0,0,2,1,3,1,1,4,3,04,1,1,000,000,1,5,1,1,1,18,0,0,0,00,2,4,19,200800007959A01,10,1,1
200800007985,2008-02-22,2008,février,vendredi,19:05,25,25056,0,0,2,2,3,5,1,4,2,20,2,1,000,000,2,0,1,4,2,10,5,1,9,00,2,2,0,200800007985B01,7,1,1
200800007989,2008-02-27,2008,février,mercredi,15:10,25,25388,0,0,2,1,3,1,1,9,2,04,1,1,000,120,1,2,1,3,2,22,9,1,9,00,2,8,11,200800007989A01,37,1,1
200800007999,2008-02-11,2008,février,lundi,94:0,26,26362,0,0,2,3,3,1,1,4,2,02,1,2,000,070,1,0,1,4,1,21,5,1,9,00,2,1,15,200800007999A01,7,0,1
200800008023,2008-02-07,2008,février,jeudi,17:50,28,28085,0,0,2,3,6,1,1,4,2,00,1,1,000,000,-1,0,1,4,1,31,0,1,9,00,2,1,1,200800008023B01,7,15,1
200800008026,2008-02-23,2008,février,samedi,14:30,28,28229,0,0,2,1,3,1,1,4,-1,00,1,1,000,000,-1,0,1,4,1,17,0,0,0,00,2,1,18,200800008026B01,7,20,1
200800008028,2008-02-29,2008,février,vendredi,14:15,28,28085,0,0,2,1,3,1,2,4,2,02,1,1,000,000,2,0,4,4,1,79,1,0,0,00,2,0,1,200800008028B01,7,9,1
200800008033,2008-02-01,2008,février,vendredi,73:0,29,29019,0,0,2,3,3,4,2,9,2,02,2,1,000,000,2,0,1,4,1,27,0,1,9,00,2,1,1,200800008033B01,7,15,1
200800008035,2008-02-05,2008,février,mardi,75:5,29,29019,0,0,2,1,3,2,1,9,2,00,2,1,000,000,2,0,1,4,1,29,1,1,2,00,2,0,1,200800008035B01,7,24,1
200800008062,2008-02-02,2008,février,samedi,85:0,30,30007,0,0,2,1,3,1,1,4,2,00,1,-1,000,000,2,0,1,4,1,60,5,0,0,00,2,3,1,200800008062B01,7,0,1
200800008108,2008-02-11,2008,février,lundi,92:5,31,31069,0,0,2,6,3,1,1,4,1,02,1,2,275,078,1,0,1,4,1,43,1,1,4,00,2,3,2,200800008108B01,7,9,1
200800008138,2008-02-07,2008,février,jeudi,19:10,31,31555,0,0,2,1,3,4,1,4,2,03,1,1,000,034,1,0,1,4,1,29,5,1,2,00,0,5,1,200800008138B01,7,9,1
200800008142,2008-02-08,2008,février,vendredi,14:15,31,31555,0,0,2,3,3,1,1,4,1,01,1,1,000,030,1,0,1,4,2,20,0,1,9,00,2,1,1,200800008142A01,7,1,1
200800008146,2008-02-09,2008,février,samedi,18:50,31,31555,0,0,2,1,6,5,1,4,2,03,1,1,000,075,1,0,1,3,1,31,5,1,2,05,0,1,1,200800008146A01,,,
200800008155,2008-02-12,2008,février,mardi,83:0,31,31555,0,0,2,6,3,1,1,4,2,02,1,1,000,055,1,0,1,4,2,25,2,1,2,00,2,3,9,200800008155A01,7,1,1
200800008162,2008-02-13,2008,février,mercredi,17:00,31,31555,0,0,2,1,3,1,1,4,2,03,1,1,000,090,1,0,1,4,1,30,0,1,2,00,2,3,1,200800008162A01,7,15,1
200800008175,2008-02-18,2008,février,lundi,14:10,31,31555,0,0,2,1,6,1,1,4,1,01,1,1,000,030,1,0,1,1,2,34,1,1,9,00,1,1,1,200800008175A01,,,
200800008175,2008-02-18,2008,février,lundi,14:10,31,31555,0,0,2,1,6,1,1,4,1,01,1,1,000,030,1,0,1,4,1,70,5,0,0,00,1,1,1,200800008175A01,,,
200800008178,2008-02-18,2008,février,lundi,17:50,31,31555,0,0,2,1,3,1,1,4,2,04,1,1,000,120,1,0,1,3,2,28,0,1,9,00,2,2,15,200800008178A01,7,1,1
200800008194,2008-02-24,2008,février,dimanche,12:30,31,31555,0,0,2,1,3,1,1,4,2,02,1,1,000,060,1,0,1,4,1,5,5,1,2,00,2,1,15,200800008194A01,7,1,1
200800008197,2008-02-25,2008,février,lundi,16:30,31,31555,0,0,2,1,6,1,1,4,2,02,1,1,000,064,1,0,1,1,1,44,5,1,2,00,1,1,1,200800008197B01,,,
200800008200,2008-02-26,2008,février,mardi,19:20,31,31555,0,0,2,3,3,5,1,4,1,01,1,1,000,060,1,0,1,4,1,26,9,1,9,00,2,1,1,200800008200A01,7,16,1
200800008202,2008-02-27,2008,février,mercredi,1:,31,31555,0,0,2,1,3,5,1,4,2,02,1,1,000,085,1,0,1,4,1,20,0,1,2,00,2,3,1,200800008202B01,7,15,1
200800008213,2008-02-01,2008,février,vendredi,12:45,32,32013,0,0,1,1,3,1,1,3,2,02,2,1,000,060,1,0,1,4,1,35,5,1,2,00,2,4,1,200800008213B01,7,17,1
200800008230,2008-02-05,2008,février,mardi,73:0,33,33063,0,0,2,1,3,1,1,4,3,02,2,1,000,000,1,0,1,4,1,21,0,0,0,00,2,1,18,200800008230A01,7,23,1
200800008237,2008-02-07,2008,février,jeudi,16:30,33,33063,0,0,2,1,3,1,1,4,2,02,1,1,000,060,1,0,1,4,1,17,2,0,0,00,0,0,1,200800008237A01,30,0,1
200800008246,2008-02-02,2008,février,samedi,20:45,33,33522,0,0,2,3,3,5,1,4,1,01,1,1,000,030,1,0,1,4,1,27,9,1,2,00,2,1,1,200800008246A01,7,1,1
200800008248,2008-02-08,2008,février,vendredi,12:15,33,33063,0,0,2,3,3,1,1,4,1,01,1,1,000,000,1,0,1,4,2,35,5,1,2,00,2,1,5,200800008248A01,7,16,1
200800008252,2008-02-11,2008,février,lundi,14:05,33,33063,0,0,2,2,3,1,1,4,1,01,1,1,000,040,1,0,1,4,2,60,5,1,2,00,2,0,1,200800008252B01,7,16,1
200800008271,2008-02-13,2008,février,mercredi,10:35,33,33039,0,0,2,2,3,1,1,2,2,05,1,1,010,150,1,0,1,3,1,32,0,1,9,00,2,4,16,200800008271B01,16,16,1
200800008273,2008-02-14,2008,février,jeudi,13:40,33,33318,0,0,2,3,3,1,1,4,2,03,-1,-1,000,105,1,0,1,4,1,17,0,1,4,00,0,5,1,200800008273B01,7,19,1
200800008278,2008-02-14,2008,février,jeudi,74:5,33,33069,0,0,2,1,3,1,1,4,2,02,1,1,000,000,1,1,1,4,2,49,1,1,2,14,0,1,18,200800008278B01,7,22,1
200800008286,2008-02-12,2008,février,mardi,23:30,33,33522,0,0,2,1,3,5,1,4,3,02,1,1,000,000,1,4,1,4,1,29,0,1,2,00,4,1,1,200800008286A01,40,1,1
200800008289,2008-02-21,2008,février,jeudi,11:45,33,33063,0,0,2,4,3,1,1,4,2,02,1,1,000,058,1,0,1,4,2,27,0,1,9,00,0,0,15,200800008289B01,37,13,1
200800008293,2008-02-24,2008,février,dimanche,11:45,33,33063,0,0,2,1,6,1,1,4,-1,00,1,1,000,000,1,0,4,1,1,31,0,1,2,00,1,1,1,200800008293A01,,,
200800008294,2008-02-25,2008,février,lundi,16:30,33,33063,0,0,2,7,3,1,1,4,1,02,1,-1,000,073,1,0,1,3,1,24,0,1,9,00,2,1,1,200800008294B01,7,15,1
200800008297,2008-02-25,2008,février,lundi,17:30,33,33063,0,0,2,1,3,1,1,4,2,02,1,1,000,071,1,0,1,4,2,28,0,1,2,00,2,3,1,200800008297B01,7,1,1
200800008302,2008-02-27,2008,février,mercredi,19:10,33,33063,0,0,2,5,3,5,2,4,1,00,1,1,000,000,1,0,1,4,1,22,0,1,4,00,0,8,19,200800008302A01,7,19,1
200800008306,2008-02-22,2008,février,vendredi,13:40,33,33075,0,0,2,3,3,1,1,4,2,02,1,1,000,055,1,0,1,4,2,20,0,1,9,00,2,1,15,200800008306A01,7,1,1
200800008314,2008-02-22,2008,février,vendredi,16:29,33,33522,0,0,2,3,3,1,1,4,1,01,1,1,000,000,1,0,1,4,2,68,0,1,2,00,2,1,0,200800008314B01,7,15,1
200800008317,2008-02-01,2008,février,vendredi,14:00,34,34032,0,0,1,1,7,1,6,4,2,02,1,1,000,070,1,0,1,3,1,57,5,1,9,13,0,0,14,200800008317A01,,,
200800008340,2008-02-28,2008,février,jeudi,19:00,34,34336,0,0,2,1,7,5,1,4,2,02,1,1,000,080,1,0,1,4,1,13,0,1,2,00,2,1,2,200800008340A01,,,
200800008357,2008-02-12,2008,février,mardi,12:40,34,34172,0,0,2,1,6,1,1,4,2,02,1,1,000,060,1,0,4,1,2,45,0,1,9,00,1,1,1,200800008357A01,,,
200800008368,2008-02-14,2008,février,jeudi,12:35,34,34172,0,0,2,1,3,1,1,4,1,04,1,1,000,120,1,0,1,4,1,23,2,1,9,00,2,8,6,200800008368A01,32,1,1
200800008397,2008-02-08,2008,février,vendredi,10:15,35,35238,0,0,2,1,2,1,1,4,-1,02,1,-1,000,000,1,0,1,4,1,33,5,1,9,00,2,1,1,200800008397A01,37,23,1
200800008399,2008-02-08,2008,février,vendredi,17:45,35,35238,0,0,2,2,3,1,1,4,-1,00,-1,-1,000,000,-1,0,0,4,2,79,3,1,2,00,0,0,0,200800008399B01,7,16,1
200800008421,2008-02-07,2008,février,jeudi,17:40,35,35288,0,0,2,2,3,1,7,4,2,00,1,1,000,000,1,0,1,4,2,52,3,1,2,00,2,1,1,200800008421B01,7,15,1
200800008433,2008-02-26,2008,février,mardi,11:45,35,35288,0,0,2,3,3,1,1,4,1,01,1,1,000,000,1,0,1,4,2,19,5,0,0,00,2,1,1,200800008433B01,7,15,1
200800008435,2008-02-27,2008,février,mercredi,18:50,36,36044,0,0,2,1,3,2,8,4,2,02,1,4,000,058,2,0,3,3,2,44,5,1,9,00,2,0,23,200800008435B01,7,1,1
200800008441,2008-02-11,2008,février,lundi,71:9,36,36044,0,0,2,1,3,2,1,4,2,02,1,1,000,120,1,0,1,4,1,53,1,1,4,01,2,1,2,200800008441B01,7,22,1
200800008461,2008-02-01,2008,février,vendredi,13:40,38,38185,0,0,2,1,3,1,1,4,2,03,1,1,000,077,1,0,1,4,2,51,1,1,9,00,2,3,1,200800008461B01,7,16,1
200800008462,2008-02-01,2008,février,vendredi,16:20,38,38185,0,0,2,1,1,1,1,4,2,02,1,1,000,024,1,1,5,4,2,30,0,1,9,00,2,1,16,200800008462A01,1,1,1
200800008462,2008-02-01,2008,février,vendredi,16:20,38,38185,0,0,2,1,1,1,1,4,2,02,1,1,000,024,1,1,5,1,1,36,0,1,9,00,2,1,1,200800008462B01,1,16,1
200800008483,2008-02-28,2008,février,jeudi,13:35,38,38185,0,0,2,1,3,1,1,4,2,04,1,1,000,157,1,0,5,4,1,54,1,1,9,00,2,1,1,200800008483B01,7,9,1
200800008545,2008-02-23,2008,février,samedi,94:2,42,42305,45.28466,4.26535,2,3,3,1,1,4,2,02,1,1,000,060,1,0,1,4,1,62,5,1,2,00,2,1,1,200800008545B01,7,9,1
200800008561,2008-02-12,2008,février,mardi,12:10,44,44109,0,0,2,1,6,1,1,4,2,00,1,-1,000,000,1,0,1,3,1,32,0,0,0,00,2,8,21,200800008561A01,15,1,1
200800008565,2008-02-12,2008,février,mardi,20:30,44,44109,0,0,2,2,3,5,1,4,2,04,1,1,020,200,1,0,0,3,2,42,1,1,2,00,2,1,1,200800008565B01,17,16,1
200800008573,2008-02-19,2008,février,mardi,15:45,44,44109,0,0,2,2,6,1,1,4,1,01,1,1,000,000,1,6,1,1,1,21,0,1,9,00,1,1,1,200800008573A01,,,
200800008573,2008-02-19,2008,février,mardi,15:45,44,44109,0,0,2,2,6,1,1,4,1,01,1,1,000,000,1,6,1,4,1,73,5,0,0,00,1,1,1,200800008573A01,,,
200800008593,2008-02-04,2008,février,lundi,10:50,45,45147,0,0,2,6,6,1,2,4,1,02,1,2,000,060,2,5,1,4,2,55,0,1,2,00,2,8,1,200800008593B01,7,16,1
200800008628,2008-02-04,2008,février,lundi,80:5,49,49007,0,0,2,6,6,5,2,4,2,02,1,1,000,064,2,5,1,3,1,51,1,1,9,00,2,1,1,200800008628B01,7,0,1
200800008633,2008-02-11,2008,février,lundi,15:18,49,49007,0,0,2,1,6,1,1,4,2,04,1,1,000,099,1,0,1,4,1,43,1,1,9,00,2,3,1,200800008633B01,7,23,1
200800008642,2008-02-19,2008,février,mardi,15:02,49,49007,0,0,2,2,3,1,1,4,2,00,1,1,000,000,1,0,0,4,1,16,0,1,9,00,2,1,15,200800008642A01,7,1,1
200800008644,2008-02-21,2008,février,jeudi,19:05,49,49007,0,0,2,1,3,5,1,4,-1,00,1,1,000,000,1,0,1,3,1,9,0,1,9,00,2,7,19,200800008644A01,7,1,1
200800008666,2008-02-28,2008,février,jeudi,72:4,49,49099,0,0,2,3,3,1,1,4,2,02,1,1,000,000,1,0,1,4,1,37,0,1,9,00,0,7,1,200800008666B01,7,15,1
200800008676,2008-02-13,2008,février,mercredi,15:35,50,50129,0,0,2,1,3,1,1,4,1,01,1,1,000,035,1,0,1,3,1,86,9,1,2,00,2,7,1,200800008676B01,7,22,1
200800008711,2008-02-29,2008,février,vendredi,80:0,52,52121,0,0,2,1,6,1,1,4,2,02,1,1,000,060,1,0,1,4,1,12,2,1,9,00,2,1,1,200800008711A01,7,1,1
200800008716,2008-02-25,2008,février,lundi,20:20,52,52448,0,0,2,1,6,5,2,4,1,01,-1,-1,000,000,2,0,1,1,1,21,5,1,4,00,1,1,2,200800008716A01,,,
200800008764,2008-02-02,2008,février,samedi,14:35,56,56121,0,0,2,6,3,1,1,4,1,01,1,1,000,000,1,0,1,4,1,18,0,1,9,00,2,1,1,200800008764B01,7,1,1
200800008785,2008-02-25,2008,février,lundi,18:25,56,56121,0,0,2,6,3,2,1,9,2,02,2,1,000,000,1,0,0,4,1,43,0,1,9,00,2,7,1,200800008785B01,7,1,1
200800008809,2008-02-01,2008,février,vendredi,20:25,57,57463,0,0,2,1,6,5,4,4,2,02,1,1,000,070,2,0,1,4,1,20,5,1,9,00,2,4,1,200800008809B01,7,0,1
200800008835,2008-02-09,2008,février,samedi,15:45,57,57368,0,0,2,1,3,1,1,3,2,03,1,1,000,100,1,0,1,4,1,11,5,0,0,00,2,8,0,200800008835B01,37,1,1
200800008836,2008-02-15,2008,février,vendredi,21:10,57,57306,0,0,1,1,3,3,1,3,2,02,2,1,000,085,1,0,1,4,1,18,5,1,4,00,2,8,1,200800008836B01,7,1,1
200800008876,2008-02-02,2008,février,samedi,16:55,59,59378,0,0,2,2,6,1,1,3,1,01,1,1,000,000,1,0,1,4,2,16,0,1,4,00,2,1,19,200800008876A01,7,1,1
200800008878,2008-02-04,2008,février,lundi,82:0,59,59009,0,0,2,2,6,1,2,4,2,02,1,1,000,000,2,0,1,4,1,25,0,1,4,00,2,0,0,200800008878B01,7,2,1
200800008883,2008-02-06,2008,février,mercredi,64:5,59,59360,0,0,2,3,3,5,1,4,2,02,1,1,000,078,1,0,1,4,1,39,0,1,2,00,2,1,1,200800008883B01,7,1,1
200800008914,2008-02-21,2008,février,jeudi,13:55,59,59350,0,0,2,2,6,1,8,4,2,02,1,1,000,000,-1,0,0,1,1,27,4,1,2,00,1,1,2,200800008914A01,,,
200800008920,2008-02-26,2008,février,mardi,71:0,59,59009,0,0,2,1,2,2,2,4,2,00,1,1,000,000,2,0,5,4,1,41,9,1,2,00,9,4,1,200800008920B01,30,1,1
200800008932,2008-02-29,2008,février,vendredi,17:35,59,59378,0,0,2,1,6,1,1,4,1,00,1,1,000,061,1,0,1,4,2,75,5,0,0,01,0,1,1,200800008932B01,7,22,1
200800008933,2008-02-15,2008,février,vendredi,83:0,59,59648,0,0,2,2,3,2,1,4,2,02,1,1,000,060,-1,0,1,4,1,22,5,1,2,00,2,1,1,200800008933B01,7,15,1
200800008982,2008-02-01,2008,février,vendredi,15:55,59,59447,0,0,1,1,2,1,1,3,-1,02,1,1,000,080,1,0,1,3,1,24,0,1,9,00,2,4,1,200800008982B01,7,9,1
200800008994,2008-02-01,2008,février,vendredi,90:0,61,61001,0,0,1,3,3,1,1,4,2,02,1,1,000,060,2,0,1,4,2,16,2,1,9,00,2,1,1,200800008994B01,7,15,1
200800009003,2008-02-07,2008,février,jeudi,16:00,62,62570,0,0,2,1,7,1,1,4,2,02,1,1,000,093,1,0,1,3,2,38,3,0,0,00,0,0,0,200800009003A01,,,
200800009007,2008-02-12,2008,février,mardi,94:0,62,62688,0,0,2,1,3,1,1,4,2,02,1,1,000,000,1,0,1,4,2,85,5,0,0,00,2,7,1,200800009007B01,7,1,1
200800009017,2008-02-26,2008,février,mardi,16:30,62,62193,0,0,2,1,6,1,1,4,-1,02,1,1,000,050,1,0,1,4,1,15,2,1,9,00,0,0,19,200800009017B01,7,1,1
200800009032,2008-02-28,2008,février,jeudi,17:25,62,62218,0,0,2,1,6,1,1,4,2,02,1,1,000,053,1,0,1,3,2,40,9,1,9,00,2,8,21,200800009032B01,7,13,1
200800009036,2008-02-04,2008,février,lundi,10:20,63,63113,0,0,2,1,6,1,1,4,2,02,1,1,000,000,1,0,1,4,1,22,9,1,9,00,2,1,15,200800009036B01,7,15,1
200800009052,2008-02-16,2008,février,samedi,13:00,63,63113,0,0,2,1,3,1,1,4,2,04,1,-1,000,070,1,0,1,4,2,26,0,1,2,00,2,1,19,200800009052B01,7,1,1
200800009080,2008-02-23,2008,février,samedi,13:51,64,64102,0,0,2,6,3,1,1,4,2,02,1,-1,000,070,1,0,1,4,1,69,5,1,2,00,2,8,1,200800009080A01,7,16,1
200800009111,2008-02-23,2008,février,samedi,10:40,64,64445,0,0,2,2,3,1,1,4,1,01,1,1,000,094,1,0,1,3,2,70,0,1,9,00,2,1,1,200800009111B01,7,15,1
200800009115,2008-02-25,2008,février,lundi,14:00,64,64445,0,0,2,4,2,1,8,4,2,02,1,1,000,000,1,0,1,4,1,17,0,1,9,00,0,4,2,200800009115A01,7,14,1
200800009116,2008-02-27,2008,février,mercredi,16:45,64,64445,0,0,2,9,6,1,1,4,1,02,1,1,000,000,1,0,1,4,2,39,0,1,9,00,2,7,1,200800009116B01,7,16,1
200800009156,2008-02-06,2008,février,mercredi,19:38,67,67482,0,0,2,1,3,5,1,4,2,02,1,1,000,030,1,0,1,4,2,65,5,1,9,00,2,7,19,200800009156A01,7,1,1
200800009157,2008-02-08,2008,février,vendredi,12:15,67,67482,0,0,2,4,3,1,1,4,1,01,1,-1,000,000,-1,0,1,4,1,25,1,1,9,00,2,1,5,200800009157A01,7,1,1
200800009160,2008-02-08,2008,février,vendredi,17:40,67,67482,0,0,2,1,3,1,1,4,1,01,1,1,000,046,1,0,1,4,1,25,5,1,9,00,2,4,19,200800009160A01,33,1,1
200800009164,2008-02-11,2008,février,lundi,84:5,67,67482,0,0,2,1,6,1,1,4,2,02,1,1,000,030,1,0,1,4,1,36,5,1,9,01,0,1,16,200800009164B01,7,24,1
200800009173,2008-02-19,2008,février,mardi,14:20,67,67482,0,0,2,1,3,1,1,4,2,04,1,1,000,160,1,0,1,3,2,29,1,1,9,00,2,1,1,200800009173B01,7,15,1
200800009177,2008-02-21,2008,février,jeudi,13:40,67,67482,0,0,2,2,3,1,1,4,2,03,1,1,000,090,1,0,1,4,1,20,0,1,2,00,2,1,19,200800009177A01,7,1,1
200800009191,2008-02-27,2008,février,mercredi,12:15,68,68066,0,0,1,2,3,1,1,3,2,02,1,1,000,060,1,0,1,3,1,72,5,1,2,00,2,2,1,200800009191B01,7,1,1
200800009211,2008-02-10,2008,février,dimanche,12:00,69,69256,0,0,2,1,2,1,1,4,3,02,1,1,000,069,1,0,1,4,2,26,0,1,9,01,0,1,2,200800009211B01,7,2,1
200800009214,2008-02-08,2008,février,vendredi,10:50,69,69259,0,0,2,1,2,1,1,4,2,02,1,1,000,080,1,0,1,4,1,43,0,1,9,00,2,4,1,200800009214B01,7,1,1
200800009216,2008-02-13,2008,février,mercredi,73:0,69,69259,0,0,2,1,3,2,5,4,3,02,1,1,030,055,1,0,1,4,1,22,1,1,4,00,2,7,19,200800009216A01,7,1,1
200800009238,2008-02-28,2008,février,jeudi,10:15,69,69266,0,0,2,1,2,1,1,4,1,01,1,1,000,060,1,0,1,4,2,57,5,1,2,00,2,1,0,200800009238B01,7,0,1
200800009249,2008-02-25,2008,février,lundi,11:50,71,71153,0,0,2,6,3,1,1,3,2,03,2,1,020,150,1,5,1,4,1,27,1,1,9,00,2,4,1,200800009249B01,7,1,1
200800009259,2008-02-29,2008,février,vendredi,85:5,71,71105,0,0,2,1,4,1,8,4,-1,02,1,1,000,080,1,0,0,4,1,74,5,1,9,00,0,4,1,200800009259B01,10,13/1,2
200800009293,2008-02-15,2008,février,vendredi,83:5,74,74281,0,0,2,1,3,1,1,3,3,05,1,1,015,120,1,0,1,3,1,50,1,1,4,00,2,0,1,200800009293B01,7,11,1
200800009330,2008-02-23,2008,février,samedi,17:15,77,77479,0,0,2,2,1,1,1,4,2,02,1,1,000,052,1,0,1,4,1,19,2,1,4,00,2,5,19,200800009330B01,7,0,1
200800009348,2008-02-08,2008,février,vendredi,17:00,77,77122,0,0,2,4,3,1,7,9,2,02,1,2,000,070,1,5,1,3,1,35,1,1,9,00,2,8,9,200800009348B01,7,9,1
200800009371,2008-02-29,2008,février,vendredi,19:20,78,78688,0,0,2,1,6,5,2,4,2,00,1,1,000,000,2,0,5,3,1,54,5,1,9,00,2,0,1,200800009371B01,33,1,1
200800009377,2008-02-01,2008,février,vendredi,62:0,78,78362,0,0,2,1,3,5,2,4,2,02,1,1,000,080,2,0,1,4,1,31,1,1,9,00,2,1,13,200800009377A01,7,15,1
200800009398,2008-02-24,2008,février,dimanche,10:45,78,78165,0,0,2,1,3,1,1,4,2,02,1,1,000,072,1,0,1,4,2,23,4,1,9,00,2,1,1,200800009398B01,7,9,1
200800009411,2008-02-27,2008,février,mercredi,13:30,78,78624,0,0,1,1,2,1,1,3,3,04,1,1,000,140,1,0,5,4,1,49,5,1,2,00,0,1,1,200800009411B01,10,23,1
200800009416,2008-02-01,2008,février,vendredi,19:20,78,78551,0,0,1,1,2,3,1,4,2,02,1,1,000,068,1,0,1,3,1,60,0,1,2,00,0,6,2,200800009416B01,7,2,1
200800009436,2008-02-05,2008,février,mardi,11:35,78,78646,0,0,2,3,3,1,2,4,-1,00,1,1,000,000,2,5,0,4,1,9,2,1,2,00,2,7,19,200800009436B01,7,1,1
200800009437,2008-02-05,2008,février,mardi,15:15,78,78158,0,0,2,1,6,1,1,4,2,02,1,1,000,000,1,0,4,1,1,18,2,1,2,00,1,1,1,200800009437A01,,,
200800009446,2008-02-11,2008,février,lundi,19:05,79,79191,0,0,1,1,2,3,1,3,2,03,1,1,000,140,1,0,1,2,1,47,5,1,9,00,2,4,1,200800009446B01,7,14,1
200800009485,2008-02-15,2008,février,vendredi,14:25,82,82121,0,0,2,1,2,1,1,4,2,02,1,1,000,000,1,0,1,4,1,67,5,1,2,00,2,1,1,200800009485B01,7,0,1
200800009520,2008-02-21,2008,février,jeudi,16:30,83,83126,0,0,2,1,3,1,1,3,2,02,1,1,000,045,1,0,4,3,1,82,5,1,2,00,2,8,1,200800009520A01,7,15,1
200800009548,2008-02-28,2008,février,jeudi,13:30,83,83098,0,0,1,3,3,1,8,3,2,02,1,1,000,060,1,0,1,2,1,61,5,1,2,00,2,3,15,200800009548A01,33,1,1
200800009562,2008-02-08,2008,février,vendredi,10:30,84,84007,0,0,2,6,3,1,1,4,2,02,1,2,000,000,1,0,1,4,1,69,5,1,9,00,2,7,1,200800009562B01,7,9,1
200800009586,2008-02-07,2008,février,jeudi,11:35,85,85194,0,0,2,6,3,1,1,4,-1,02,-1,-1,000,000,-1,0,0,3,2,73,3,1,9,00,2,1,2,200800009586B01,7,9,1
200800009607,2008-02-22,2008,février,vendredi,20:45,86,86194,0,0,2,3,3,5,1,4,1,01,1,1,000,000,1,0,0,4,1,15,5,1,2,00,2,7,19,200800009607A01,37,1,1
200800009658,2008-02-11,2008,février,lundi,74:5,89,89387,0,0,2,1,6,5,1,4,2,02,1,1,000,068,1,0,1,4,1,37,1,1,2,14,0,1,1,200800009658B01,7,24,1
200800009662,2008-02-09,2008,février,samedi,18:40,90,90010,0,0,2,1,3,5,1,9,2,02,1,1,000,080,1,0,1,3,1,44,0,1,4,00,2,0,9,200800009662B01,7,1,1
200800009666,2008-02-13,2008,février,mercredi,94:0,90,90010,0,0,2,1,3,1,1,4,2,03,1,1,000,000,1,2,1,4,1,33,0,1,9,00,2,4,11,200800009666A01,7,0,1
200800009667,2008-02-15,2008,février,vendredi,85:5,90,90010,0,0,2,1,3,1,1,4,1,01,1,1,000,000,1,0,1,4,2,46,1,1,2,01,0,1,1,200800009667B01,7,22,1
200800009674,2008-02-29,2008,février,vendredi,19:12,91,91103,0,0,2,8,3,5,1,4,2,02,1,1,000,000,1,0,1,3,1,30,1,1,2,00,2,4,2,200800009674B01,7,2,1
200800009676,2008-02-14,2008,février,jeudi,83:0,91,91027,0,0,2,2,6,1,1,4,1,02,1,1,000,060,1,0,1,4,2,59,0,1,9,00,0,4,1,200800009676B01,7,15,1
200800009680,2008-02-04,2008,février,lundi,18:30,91,91114,0,0,2,1,3,2,8,4,2,02,1,1,020,020,1,0,1,4,2,52,0,1,2,00,2,1,1,200800009680B01,7,1,1
200800009741,2008-02-03,2008,février,dimanche,10:20,92,92002,0,0,2,3,6,1,1,3,2,02,1,1,000,000,1,0,0,1,1,41,5,1,2,00,9,1,2,200800009741A01,1,19,1
200800009741,2008-02-03,2008,février,dimanche,10:20,92,92002,0,0,2,3,6,1,1,3,2,02,1,1,000,000,1,0,0,3,1,84,5,1,9,00,9,8,19,200800009741B01,1,2,1