Num_Acc,date,an,mois,jour,hrmn,dep,com,lat,long,agg,int,col,lum,atm,catr,circ,nbv,prof,plan,lartpc,larrout,surf,infra,situ,grav,sexe,age,trajet,secuexist,equipement,obs,obsm,choc,manv,vehiculeid,typevehicules,manoeuvehicules,numVehicules
200800009774,2008-02-09,2008,février,samedi,19:35,92,92024,0,0,2,1,2,5,1,3,2,02,1,1,000,000,1,0,1,4,1,17,0,1,4,00,2,3,1,200800009774B01,7,1,1
200800009787,2008-02-20,2008,février,mercredi,82:0,92,92025,0,0,2,2,3,1,1,4,2,02,1,1,015,100,1,0,1,4,2,18,2,1,2,00,2,1,23,200800009787B01,7,15,1
200800009790,2008-02-22,2008,février,vendredi,16:55,92,92025,0,0,2,1,7,1,1,4,-1,02,1,1,015,080,1,0,1,4,2,44,0,1,2,01,0,1,1,200800009790B01,7,22,1
200800009797,2008-02-11,2008,février,lundi,92:0,92,92026,0,0,2,2,3,1,1,3,2,05,1,1,000,150,1,0,1,4,2,51,0,0,0,00,2,1,1,200800009797B01,10,12,1
200800009798,2008-02-18,2008,février,lundi,90:6,92,92026,0,0,2,1,3,1,1,9,1,01,1,1,000,075,1,0,4,4,1,15,2,1,9,00,2,1,1,200800009798A01,7,16,1
200800009808,2008-02-25,2008,février,lundi,90:5,92,92035,0,0,2,4,3,1,1,4,2,02,1,1,000,000,1,0,1,4,2,28,0,1,2,00,2,0,9,200800009808B01,33,1,1
200800009809,2008-02-04,2008,février,lundi,90:0,92,92036,0,0,2,1,3,1,2,3,3,04,1,1,080,170,2,1,1,4,1,32,1,1,9,00,2,8,19,200800009809B01,7,15,1
200800009813,2008-02-20,2008,février,mercredi,60:5,92,92036,0,0,2,1,1,5,2,4,3,04,1,1,020,200,2,0,1,4,1,20,1,1,9,00,2,1,5,200800009813A01,2,9,1
200800009871,2008-02-12,2008,février,mardi,93:0,92,92022,0,0,2,2,3,1,1,4,2,02,1,1,000,050,1,0,1,4,1,15,2,1,2,00,2,8,1,200800009871B01,7,1,1
200800009890,2008-02-24,2008,février,dimanche,19:40,92,92075,0,0,2,6,6,5,1,3,1,02,1,2,000,000,1,0,1,4,2,42,5,1,2,00,2,1,0,200800009890B01,10,0,1
200800009910,2008-02-05,2008,février,mardi,14:55,93,93005,0,0,2,3,3,1,1,2,2,03,2,1,000,120,1,0,1,3,1,35,1,1,9,00,2,1,1,200800009910B01,7,1,1
200800009920,2008-02-01,2008,février,vendredi,11:15,93,93007,0,0,2,3,3,1,3,4,2,02,1,1,000,000,2,5,1,3,1,37,1,1,9,00,2,1,1,200800009920B01,7,16,1
200800009958,2008-02-27,2008,février,mercredi,92:0,93,93031,0,0,2,1,3,1,1,3,2,02,1,1,070,050,1,0,1,4,1,18,5,1,9,00,2,8,14,200800009958B01,7,1,1
200800010004,2008-02-07,2008,février,jeudi,70:5,93,93050,0,0,2,1,3,2,1,9,2,02,1,1,000,060,1,0,1,4,1,28,0,1,9,00,0,1,1,200800010004B01,7,9,1
200800010012,2008-02-19,2008,février,mardi,20:30,93,93033,0,0,2,1,1,5,1,4,-1,00,1,1,000,000,1,0,1,3,1,13,5,1,9,00,2,1,13,200800010012A01,1,1,1
200800010012,2008-02-19,2008,février,mardi,20:30,93,93033,0,0,2,1,1,5,1,4,-1,00,1,1,000,000,1,0,1,1,1,14,5,1,9,00,2,0,1,200800010012B01,1,13,1
200800010014,2008-02-24,2008,février,dimanche,12:20,93,93033,0,0,2,1,3,1,1,2,1,00,1,1,000,000,1,0,1,3,1,58,5,1,9,00,2,0,0,200800010014B01,7,2,1
200800010034,2008-02-09,2008,février,samedi,20:00,93,93014,0,0,2,1,3,5,1,4,2,02,1,-1,000,060,1,0,1,4,1,50,5,1,9,00,0,1,18,200800010034B01,7,16,1
200800010105,2008-02-11,2008,février,lundi,19:20,94,94075,0,0,2,1,1,5,1,4,2,02,1,1,000,060,1,0,1,4,1,19,5,1,9,00,2,1,1,200800010105A01,7,1,1
200800010165,2008-02-01,2008,février,vendredi,16:30,94,94043,0,0,2,1,3,1,2,4,2,03,1,1,000,000,2,0,1,4,1,24,0,1,4,00,2,3,1,200800010165B01,7,12,1
200800010271,2008-02-17,2008,février,dimanche,14:50,95,95063,0,0,1,1,5,1,1,4,1,01,1,1,000,000,1,0,1,3,1,13,5,1,9,00,2,8,1,200800010271B01,7,2,1
200800010271,2008-02-17,2008,février,dimanche,14:50,95,95063,0,0,1,1,5,1,1,4,1,01,1,1,000,000,1,0,1,3,2,13,5,1,9,00,2,8,1,200800010271C01,7,2,1
200800010301,2008-02-13,2008,février,mercredi,10:50,95,95487,0,0,2,2,3,1,1,4,2,02,1,1,000,056,1,0,1,3,1,44,0,1,9,00,0,0,0,200800010301B01,7,15,1
200800010303,2008-02-09,2008,février,samedi,20:50,95,95487,0,0,2,1,3,5,1,4,1,01,1,1,000,047,1,0,1,4,1,18,5,1,2,00,0,8,15,200800010303B01,7,1,1
200800010329,2008-02-10,2008,février,dimanche,14:30,69,69381,0,0,2,1,6,1,1,4,2,06,1,1,000,000,1,2,1,3,1,26,5,1,9,00,2,0,19,200800010329C01,7,1,2
200800010329,2008-02-10,2008,février,dimanche,14:30,69,69381,0,0,2,1,6,1,1,4,2,06,1,1,000,000,1,2,1,3,1,25,5,1,9,00,2,0,19,200800010329D01,7,1,2
200800010413,2008-02-02,2008,février,samedi,21:37,91,91377,0,0,1,1,2,5,1,2,3,05,1,1,010,175,1,0,1,4,1,55,5,1,9,00,2,4,3,200800010413B01,7,12,1
200800010481,2008-02-09,2008,février,samedi,75:5,69,69382,0,0,2,1,2,1,1,4,2,08,1,1,000,257,1,2,1,4,1,44,5,1,9,00,2,4,1,200800010481B01,7,1,1
200800010482,2008-02-24,2008,février,dimanche,17:42,69,69382,0,0,2,2,6,1,1,9,1,02,1,1,000,000,1,2,1,3,1,61,0,1,2,00,2,1,11,200800010482B01,7,1,1
200800010529,2008-02-08,2008,février,vendredi,92:0,69,69383,0,0,2,1,3,1,1,4,1,03,1,1,000,000,1,0,1,4,2,38,1,0,0,01,0,8,1,200800010529B01,7,1,1
200800010531,2008-02-12,2008,février,mardi,13:15,69,69383,0,0,2,2,3,1,1,4,1,03,2,1,000,000,1,4,1,4,2,24,1,1,9,00,9,1,19,200800010531A01,37,1,1
200800010534,2008-02-13,2008,février,mercredi,15:25,69,69386,0,0,2,2,3,1,1,4,1,03,1,1,000,000,1,0,1,4,1,45,0,1,2,00,2,6,1,200800010534B01,7,1,1
200800010537,2008-02-14,2008,février,jeudi,18:00,69,69383,0,0,2,3,3,1,1,4,2,02,1,1,000,000,1,6,1,4,1,51,1,1,9,00,2,8,1,200800010537B01,7,16,1
200800010599,2008-02-13,2008,février,mercredi,17:00,69,69388,0,0,2,1,6,1,1,4,2,02,1,1,184,144,1,0,1,4,2,24,9,1,2,01,0,1,1,200800010599B01,10,20,1
200800010600,2008-02-15,2008,février,vendredi,10:30,69,69388,0,0,2,1,6,1,1,4,2,02,1,1,000,000,1,0,4,4,1,23,9,1,2,00,2,1,1,200800010600A01,7,1,1
200800010683,2008-02-05,2008,février,mardi,16:00,75,75101,0,0,2,1,6,1,2,4,3,02,1,-1,012,035,2,0,1,4,1,47,5,1,9,00,9,1,1,200800010683A01,10,22,1
200800010684,2008-02-07,2008,février,jeudi,15:40,75,75101,0,0,2,1,3,1,1,4,1,02,1,1,000,060,1,0,1,4,2,21,0,1,9,00,2,1,1,200800010684B01,10,22,1
200800010685,2008-02-09,2008,février,samedi,13:00,75,75101,0,0,2,1,6,1,1,4,1,01,1,1,000,060,1,0,1,1,1,56,5,1,9,00,1,1,1,200800010685A01,,,
200800010688,2008-02-11,2008,février,lundi,16:40,75,75101,0,0,2,2,3,1,1,4,1,04,1,1,051,175,1,0,1,4,1,37,1,1,9,00,0,1,1,200800010688B01,7,16,1
200800010693,2008-02-23,2008,février,samedi,16:45,75,75101,0,0,2,1,7,1,1,4,2,04,1,1,000,120,1,0,1,4,1,30,1,1,9,00,0,8,1,200800010693A01,,,
200800010695,2008-02-26,2008,février,mardi,80:0,75,75101,0,0,2,3,3,1,1,4,2,02,1,1,000,141,1,0,5,4,1,61,1,1,9,00,2,3,7,200800010695B01,7,16,1
200800010702,2008-02-08,2008,février,vendredi,18:15,75,75103,0,0,2,1,6,5,1,4,2,02,1,1,000,000,1,0,1,4,1,37,1,1,9,00,0,4,15,200800010702A01,2,17,1
200800010707,2008-02-21,2008,février,jeudi,19:15,75,75103,0,0,2,1,3,5,1,4,1,04,1,1,000,121,1,0,0,4,1,38,5,1,9,00,2,3,7,200800010707B01,32,16,1
200800010710,2008-02-28,2008,février,jeudi,12:45,75,75103,0,0,2,1,2,1,2,4,1,04,-1,1,000,158,2,0,1,4,1,46,5,1,9,00,0,4,2,200800010710B01,31,2,1
200800010713,2008-02-04,2008,février,lundi,14:50,75,75104,0,0,2,1,7,1,1,9,1,00,1,1,000,096,1,0,1,4,2,48,4,1,9,00,0,0,21,200800010713A01,,,
200800010719,2008-02-19,2008,février,mardi,15:40,75,75104,0,0,2,1,2,1,1,4,3,04,1,1,000,174,1,0,1,4,1,34,5,1,9,00,2,1,2,200800010719A01,10,23,1
200800010734,2008-02-11,2008,février,lundi,18:40,75,75105,0,0,2,1,4,5,1,4,2,02,1,1,000,145,1,0,0,1,1,26,9,1,9,00,9,7,7,200800010734C01,33/ 7,1/5,2
200800010740,2008-02-20,2008,février,mercredi,18:05,75,75105,0,0,2,2,4,5,1,4,1,01,1,-1,000,000,1,0,0,4,2,53,1,1,9,00,2,3,17,200800010740A01,7,1,1
200800010740,2008-02-20,2008,février,mercredi,18:05,75,75105,0,0,2,2,4,5,1,4,1,01,1,-1,000,000,1,0,0,1,1,49,5,1,9,00,0,0,1,200800010740B01,7,1,1
200800010758,2008-02-21,2008,février,jeudi,18:20,75,75106,0,0,2,1,2,5,1,4,1,03,1,1,000,096,1,0,1,4,1,31,1,1,9,00,2,4,11,200800010758B01,7,1,1
200800010776,2008-02-24,2008,février,dimanche,16:50,75,75107,0,0,2,2,3,1,1,4,1,02,-1,-1,000,104,1,0,0,4,1,73,5,1,9,00,2,8,7,200800010776B01,7,1,1
200800010837,2008-02-19,2008,février,mardi,15:00,75,75110,0,0,2,1,6,1,1,9,1,01,2,1,000,000,1,0,4,1,1,51,1,1,2,00,1,2,1,200800010837A01,,,
200800010856,2008-02-09,2008,février,samedi,15:45,75,75111,0,0,2,1,3,1,1,4,3,02,1,1,020,060,1,0,0,4,2,25,0,1,9,00,2,7,19,200800010856A01,2,1,1
200800010870,2008-02-22,2008,février,vendredi,15:05,75,75111,0,0,2,1,3,1,1,4,1,01,1,1,000,035,1,0,1,1,1,29,5,1,9,01,0,8,1,200800010870B01,7,22,1
200800010871,2008-02-22,2008,février,vendredi,16:45,75,75111,0,0,2,1,3,1,1,4,2,01,1,1,000,040,1,0,1,4,1,47,4,1,9,01,0,1,1,200800010871B01,7,22,1
200800010889,2008-02-09,2008,février,samedi,19:30,75,75112,0,0,2,1,3,5,1,4,2,01,1,1,000,142,1,0,1,4,1,51,9,1,9,01,0,1,1,200800010889B01,7,22,1
200800010901,2008-02-16,2008,février,samedi,13:30,75,75112,0,0,2,3,3,1,1,9,2,02,1,1,000,000,1,0,0,4,1,33,1,1,2,00,0,1,1,200800010901B01,7,15,1
200800010909,2008-02-19,2008,février,mardi,93:0,75,75112,0,0,2,2,3,1,1,4,2,06,1,-1,035,060,1,0,1,4,1,48,1,1,2,00,0,0,1,200800010909B01,7,16,1
200800010931,2008-02-08,2008,février,vendredi,17:05,75,75113,0,0,2,1,3,1,1,4,2,03,1,1,015,106,1,0,1,4,1,26,1,0,0,00,0,8,13,200800010931B01,10,17,1
200800010932,2008-02-08,2008,février,vendredi,19:25,75,75113,0,0,2,1,7,5,1,4,2,03,1,1,000,000,1,0,1,4,2,29,5,1,9,00,0,8,21,200800010932A01,,,
200800010947,2008-02-25,2008,février,lundi,17:00,75,75113,0,0,2,2,3,1,1,4,2,02,1,1,000,095,1,5,1,4,2,19,5,1,4,00,2,8,15,200800010947B01,30,17,1
200800010952,2008-02-05,2008,février,mardi,72:5,75,75114,0,0,2,3,3,5,2,4,1,01,1,1,000,050,2,0,1,4,2,53,1,1,9,00,2,2,1,200800010952A01,7,16,1
200800010961,2008-02-13,2008,février,mercredi,17:25,75,75114,0,0,2,1,6,1,1,4,2,05,1,1,000,157,1,0,1,4,1,39,9,1,9,00,2,3,23,200800010961B01,33,21,1
200800010969,2008-02-24,2008,février,dimanche,17:15,75,75114,0,0,2,1,3,1,1,3,1,01,1,1,000,055,1,0,1,4,1,30,5,1,9,00,2,1,18,200800010969A01,7,20,1
200800010988,2008-02-12,2008,février,mardi,10:55,75,75115,0,0,2,2,3,1,1,4,2,02,1,1,000,160,1,5,0,4,1,49,1,1,9,00,2,1,1,200800010988B01,13,17,1
200800011000,2008-02-18,2008,février,lundi,17:50,75,75115,0,0,2,3,3,2,1,4,1,02,1,1,000,070,-1,0,0,4,1,44,1,1,2,00,2,8,19,200800011000B01,7,1,1
200800011007,2008-02-25,2008,février,lundi,15:00,75,75115,0,0,2,1,7,1,8,4,1,00,1,1,000,070,9,0,1,4,2,26,4,1,2,00,0,1,1,200800011007A01,,,
200800011008,2008-02-25,2008,février,lundi,20:25,75,75115,0,0,2,2,3,5,1,4,1,01,1,1,000,000,1,0,1,3,1,47,1,1,4,00,0,8,15,200800011008B01,31,1,1
200800011026,2008-02-09,2008,février,samedi,15:00,75,75116,0,0,2,1,2,1,1,4,2,00,1,1,000,000,1,0,1,4,2,13,5,1,2,00,2,4,2,200800011026B01,1,2,1
200800011026,2008-02-09,2008,février,samedi,15:00,75,75116,0,0,2,1,2,1,1,4,2,00,1,1,000,000,1,0,1,1,1,34,5,1,2,00,2,1,2,200800011026A01,1,2,1
200800011036,2008-02-16,2008,février,samedi,10:25,75,75116,0,0,2,2,6,1,1,4,2,02,1,1,000,000,1,5,1,4,1,43,5,1,2,01,0,1,14,200800011036A01,,,
200800011075,2008-02-04,2008,février,lundi,17:50,75,75117,0,0,2,1,3,5,1,4,2,04,1,1,000,080,2,0,1,4,1,18,2,1,9,01,0,1,18,200800011075B01,7,22,1
200800011135,2008-02-01,2008,février,vendredi,17:45,75,75119,0,0,2,1,3,5,9,4,2,00,1,1,000,000,2,0,1,4,1,26,5,1,9,00,2,0,1,200800011135B01,7,15,1
200800011141,2008-02-07,2008,février,jeudi,11:40,75,75119,0,0,2,1,2,1,1,9,-1,00,-1,-1,000,000,1,0,0,4,1,79,5,1,9,00,2,1,23,200800011141B01,7,4,1
200800011143,2008-02-11,2008,février,lundi,17:00,75,75119,0,0,2,2,3,1,1,4,1,01,1,2,000,060,1,0,0,4,1,26,5,1,9,00,2,1,1,200800011143B01,7,15,1
200800011161,2008-02-27,2008,février,mercredi,19:40,75,75119,0,0,2,1,3,5,1,4,1,01,1,1,000,000,1,0,1,3,1,16,5,1,9,00,2,3,1,200800011161B01,7,22,1
200800011171,2008-02-06,2008,février,mercredi,16:25,75,75120,0,0,2,2,3,1,1,4,-1,01,1,1,000,065,1,0,0,4,1,20,0,1,4,00,0,4,15,200800011171B01,7,1,1
200800011185,2008-02-16,2008,février,samedi,11:50,75,75120,0,0,2,1,6,1,1,4,2,02,2,1,000,100,1,0,1,4,1,57,1,1,9,00,2,8,1,200800011185A01,37,17,1
200800011189,2008-02-19,2008,février,mardi,83:5,75,75120,0,0,2,1,6,1,1,4,1,00,2,1,000,000,1,0,1,4,2,57,1,1,9,00,0,1,1,200800011189A01,,,
200800011194,2008-02-23,2008,février,samedi,20:45,75,75120,0,0,2,1,7,5,1,3,1,01,2,2,000,050,1,0,1,3,1,24,5,1,9,00,0,1,1,200800011194A01,,,
200800011217,2008-02-11,2008,février,lundi,17:15,75,75104,0,0,2,1,3,1,1,4,1,01,1,1,000,046,1,0,1,3,1,13,2,1,4,00,2,1,19,200800011217B01,10,1,1
200800011220,2008-02-14,2008,février,jeudi,92:0,75,75108,0,0,2,1,6,1,1,4,2,06,1,1,000,330,1,5,1,1,2,30,1,1,4,00,1,1,7,200800011220A01,,,
200800011221,2008-02-14,2008,février,jeudi,85:0,75,75105,0,0,2,3,3,1,1,4,1,01,1,1,000,066,1,0,1,4,2,35,5,1,2,01,2,1,18,200800011221A01,7,22,1
200800011235,2008-02-23,2008,février,samedi,11:13,75,75106,0,0,2,1,7,1,1,4,1,01,1,1,000,064,1,0,1,3,1,47,5,1,9,00,0,1,1,200800011235A01,,,
200800011300,2008-03-26,2008,mars,mercredi,16:20,02,02340,0,0,2,1,6,1,1,4,2,02,2,1,000,082,1,0,1,3,2,11,5,1,2,12,0,1,1,200800011300A01,,,
200800011380,2008-03-11,2008,mars,mardi,10:43,06,06029,0,0,2,1,3,1,1,2,2,02,1,1,000,130,1,0,1,3,1,68,1,1,2,00,2,1,1,200800011380B01,10,1,1
200800011381,2008-03-12,2008,mars,mercredi,74:0,06,06029,0,0,2,1,3,1,1,2,2,02,1,1,010,100,1,0,1,4,1,26,0,1,9,00,2,4,0,200800011381B01,7,0,1
200800011557,2008-03-09,2008,mars,dimanche,95:0,08,08409,0,0,2,6,6,1,2,3,4,01,1,2,000,080,1,0,1,4,1,34,5,1,2,00,2,1,16,200800011557B01,7,14,1
200800011565,2008-03-07,2008,mars,vendredi,16:15,10,10343,0,0,2,6,3,1,1,4,2,02,1,1,000,070,1,0,1,3,1,15,0,1,9,00,2,7,13,200800011565B01,7,13,1
200800011593,2008-03-17,2008,mars,lundi,12:20,13,13004,0,0,2,1,3,1,1,4,2,02,1,1,000,000,1,0,1,3,1,43,1,1,9,00,2,1,2,200800011593B01,13,0,1
200800011623,2008-03-03,2008,mars,lundi,17:35,13,13055,0,0,2,1,3,1,1,4,2,02,1,1,000,087,1,0,1,4,1,34,5,1,9,00,2,8,19,200800011623A01,30,1,1
200800011763,2008-03-25,2008,mars,mardi,91:5,13,13055,0,0,2,1,3,1,1,3,1,01,1,1,000,000,1,0,1,4,2,13,0,0,0,00,2,8,0,200800011763B01,7,19,1
200800011840,2008-03-12,2008,mars,mercredi,18:05,14,14221,0,0,2,3,3,1,1,4,2,02,1,1,000,060,1,0,1,4,1,13,5,1,2,00,2,1,16,200800011840A01,7,1,1
200800011865,2008-03-11,2008,mars,mardi,14:00,17,17300,0,0,2,6,2,1,1,4,1,01,1,1,000,000,1,0,1,4,1,68,5,1,2,00,2,5,1,200800011865B01,10,9,1
200800011870,2008-03-19,2008,mars,mercredi,17:00,17,17300,0,0,2,9,3,1,1,4,2,02,1,1,000,000,1,0,1,4,1,18,9,1,9,00,2,1,1,200800011870A01,7,1,1
200800011888,2008-03-07,2008,mars,vendredi,21:00,17,17415,0,0,2,1,6,5,2,4,2,02,1,3,000,000,2,0,1,3,1,53,5,1,4,01,0,0,1,200800011888A01,,,
200800011896,2008-03-15,2008,mars,samedi,15:10,18,18033,0,0,2,1,5,1,1,4,2,02,1,1,000,000,1,0,1,4,1,37,5,1,2,01,2,1,1,200800011896B01,7,22/1,2
200800011926,2008-03-04,2008,mars,mardi,13:45,21,21231,0,0,2,7,3,1,1,4,1,01,1,1,000,048,1,5,0,4,2,24,1,1,2,00,2,1,1,200800011926B01,10,1,1
200800011969,2008-03-29,2008,mars,samedi,15:30,22,22278,0,0,2,2,3,1,1,4,1,01,1,2,000,050,1,5,1,4,1,22,1,1,9,00,2,8,2,200800011969A01,7,2,1
200800012003,2008-03-07,2008,mars,vendredi,17:35,26,26281,0,0,2,6,6,1,1,4,2,02,1,1,000,000,1,0,0,4,2,43,9,1,9,00,2,1,1,200800012003B01,7,9,1
200800012019,2008-03-05,2008,mars,mercredi,85:5,27,27229,0,0,2,1,3,1,1,4,2,02,1,1,000,062,1,0,1,3,1,47,1,1,9,00,2,7,1,200800012019B01,10,13,1
200800012036,2008-03-18,2008,mars,mardi,18:15,28,28085,0,0,2,4,6,1,1,4,2,00,1,1,000,000,1,0,1,3,1,25,0,1,2,00,2,1,15,200800012036B01,7,15,1
200800012042,2008-03-26,2008,mars,mercredi,15:05,28,28209,0,0,2,1,3,1,2,4,2,00,1,1,000,000,2,0,1,4,1,52,0,1,9,00,2,1,1,200800012042B01,7,17,1
200800012064,2008-03-13,2008,mars,jeudi,17:20,29,29019,0,0,2,1,6,1,1,9,2,00,1,1,000,000,1,0,1,1,1,38,0,1,4,00,1,1,1,200800012064A01,,,
200800012082,2008-03-31,2008,mars,lundi,20:50,29,29019,0,0,2,2,3,2,1,4,1,01,1,-1,000,000,1,0,1,4,1,22,5,1,2,00,2,2,1,200800012082A01,7,1,1
200800012089,2008-03-02,2008,mars,dimanche,15:40,29,29232,0,0,2,1,6,1,1,4,2,02,2,1,000,060,1,0,1,4,2,13,5,1,9,00,2,0,1,200800012089B01,7,0,1
200800012170,2008-03-11,2008,mars,mardi,14:00,31,31555,0,0,2,1,6,1,2,4,1,01,1,1,000,030,2,0,1,1,1,17,2,1,2,00,1,1,1,200800012170A01,,,
200800012201,2008-03-22,2008,mars,samedi,14:10,31,31555,0,0,2,1,3,1,2,4,2,02,1,1,000,085,2,0,1,3,1,9,5,1,2,00,2,8,0,200800012201B01,7,1,1
200800012205,2008-03-25,2008,mars,mardi,12:14,31,31555,0,0,2,1,3,1,2,4,2,03,1,1,000,105,2,0,1,4,2,50,1,1,2,00,2,6,1,200800012205B01,37,17,1
200800012208,2008-03-25,2008,mars,mardi,19:25,31,31555,0,0,2,1,2,2,2,4,2,02,1,1,000,152,2,0,1,4,1,44,1,1,2,00,2,7,1,200800012208B01,7,14,1
200800012218,2008-03-31,2008,mars,lundi,20:13,31,31555,0,0,2,1,6,2,1,4,2,02,1,1,000,060,1,0,1,4,1,32,5,1,2,00,2,1,0,200800012218B01,7,1,1
200800012226,2008-03-09,2008,mars,dimanche,13:35,31,31557,0,0,2,6,2,1,2,3,2,02,1,1,072,106,2,0,0,4,1,32,1,1,2,00,2,4,1,200800012226B01,7,6,1
200800012241,2008-03-03,2008,mars,lundi,19:30,33,33063,0,0,2,1,3,5,2,4,1,02,1,1,000,049,2,0,1,4,2,21,5,1,4,00,2,0,1,200800012241B01,7,14,1
200800012251,2008-03-02,2008,mars,dimanche,11:40,33,33281,0,0,2,3,3,1,1,4,2,02,1,1,042,088,1,0,1,4,1,52,5,1,4,00,0,5,1,200800012251B01,10,16,1
200800012261,2008-03-13,2008,mars,jeudi,85:0,33,33063,0,0,2,2,3,1,2,4,1,01,1,1,000,073,2,0,1,4,2,53,4,1,4,00,2,1,19,200800012261B01,7,19,1
200800012271,2008-03-04,2008,mars,mardi,18:45,33,33318,0,0,2,3,3,1,1,4,2,03,1,1,000,093,1,0,0,3,1,24,0,1,9,00,2,1,1,200800012271B01,7,15,1
200800012293,2008-03-15,2008,mars,samedi,11:20,33,33281,0,0,2,6,3,1,1,4,2,02,1,2,000,000,1,5,1,4,2,48,0,1,4,00,2,1,1,200800012293B01,7,16,1
200800012296,2008-03-21,2008,mars,vendredi,20:20,33,33063,0,0,2,3,3,5,1,4,1,01,1,1,000,048,2,0,5,3,2,54,1,1,4,00,0,0,1,200800012296B01,7,16,1
200800012303,2008-03-19,2008,mars,mercredi,73:0,33,33550,0,0,2,1,6,1,1,2,3,02,1,1,020,110,1,0,1,4,1,54,1,1,9,00,1,1,1,200800012303A01,,,
200800012317,2008-03-31,2008,mars,lundi,10:20,33,33063,0,0,2,1,3,1,1,4,2,02,1,1,000,000,1,0,1,4,2,36,5,1,4,00,0,0,1,200800012317B01,20,10,1
200800012320,2008-03-25,2008,mars,mardi,20:37,33,33281,0,0,2,2,3,5,1,4,2,02,1,1,000,060,2,0,1,4,1,45,5,1,4,00,0,3,1,200800012320B01,7,15,1
200800012326,2008-03-31,2008,mars,lundi,22:15,33,33039,0,0,2,4,3,5,1,4,2,02,1,2,000,100,1,0,1,4,1,21,1,1,4,00,2,1,1,200800012326B01,33,15,1
200800012364,2008-03-06,2008,mars,jeudi,15:43,34,34172,0,0,2,2,3,1,1,4,2,02,2,1,065,112,1,0,1,4,1,42,0,1,9,00,2,1,1,200800012364B01,7,15,1
200800012366,2008-03-07,2008,mars,vendredi,18:18,34,34172,0,0,2,1,7,1,1,4,-1,00,2,1,000,000,1,0,4,1,1,22,5,1,9,00,1,1,0,200800012366A01,,,
200800012367,2008-03-06,2008,mars,jeudi,15:35,34,34172,43.6102,3.8843,2,3,3,1,1,4,1,02,2,1,000,155,1,0,1,3,1,36,1,1,9,00,2,1,0,200800012367B01,7,15,1
200800012393,2008-03-24,2008,mars,lundi,21:53,34,34172,0,0,2,1,7,5,1,9,1,01,1,1,000,000,1,0,5,3,1,37,5,1,9,00,0,0,0,200800012393A01,,,
200800012394,2008-03-26,2008,mars,mercredi,81:5,34,34172,0,0,2,3,3,1,1,4,1,01,1,1,000,000,2,4,1,4,2,53,1,1,9,00,2,7,1,200800012394B01,10,15,1
200800012395,2008-03-23,2008,mars,dimanche,12:15,34,34172,0,0,2,1,3,1,1,4,3,04,1,3,080,200,1,5,1,4,1,23,1,1,2,00,2,9,9,200800012395A01,7,9,1
200800012403,2008-03-20,2008,mars,jeudi,11:30,34,34301,0,0,2,1,3,1,6,4,2,02,1,1,000,060,1,0,1,2,1,85,9,1,9,00,2,8,13,200800012403A01,31,1,1
200800012405,2008-03-28,2008,mars,vendredi,13:45,34,34108,0,0,2,1,6,1,1,4,2,02,1,1,000,700,1,0,1,4,1,7,9,1,9,00,2,1,19,200800012405B01,7,1,1
200800012409,2008-03-05,2008,mars,mercredi,92:0,35,35238,0,0,2,1,3,1,1,4,1,00,2,-1,000,068,1,2,1,3,2,19,2,1,9,00,2,0,15,200800012409B01,7,1,1
200800012414,2008-03-08,2008,mars,samedi,90:0,35,35238,0,0,2,3,3,1,1,4,-1,01,1,1,000,098,1,0,1,3,2,22,2,0,0,00,2,9,1,200800012414A01,7,16,1
200800012416,2008-03-11,2008,mars,mardi,13:55,35,35238,0,0,2,3,6,1,1,4,-1,00,-1,-1,000,000,-1,0,0,4,2,47,1,1,2,00,2,0,0,200800012416B01,7,15,1
200800012419,2008-03-13,2008,mars,jeudi,84:0,35,35281,0,0,2,1,2,1,1,4,2,02,3,1,000,000,1,0,1,4,2,58,1,1,2,00,2,4,1,200800012419B01,7,1,1
200800012426,2008-03-21,2008,mars,vendredi,84:5,35,35238,0,0,2,3,3,1,2,4,-1,01,1,1,000,000,2,0,1,4,1,52,0,1,2,00,2,2,1,200800012426B01,7,15,1
200800012430,2008-03-25,2008,mars,mardi,19:50,35,35238,0,0,2,1,7,5,2,4,-1,00,-1,-1,000,000,2,0,1,3,2,55,0,1,2,00,0,0,0,200800012430A01,,,
200800012436,2008-03-28,2008,mars,vendredi,19:20,35,35055,0,0,2,1,6,1,6,4,-1,00,-1,-1,000,000,-1,0,1,4,2,25,0,1,2,01,0,1,1,200800012436A01,,,
200800012444,2008-03-14,2008,mars,vendredi,18:00,35,35288,0,0,2,9,3,1,1,4,2,00,1,1,000,000,2,0,1,4,1,17,2,1,2,00,2,1,1,200800012444A01,7,1,1
200800012445,2008-03-11,2008,mars,mardi,11:30,35,35288,0,0,2,6,3,1,2,4,2,02,1,1,000,000,2,0,1,3,2,58,5,1,2,00,2,4,1,200800012445B01,7,9,1
200800012451,2008-03-09,2008,mars,dimanche,17:15,36,36044,0,0,2,1,3,1,1,4,2,02,1,1,000,090,1,0,1,4,1,39,5,1,4,00,2,7,1,200800012451B01,7,22,1
200800012475,2008-03-27,2008,mars,jeudi,16:30,37,37261,0,0,2,1,6,1,1,9,-1,00,1,1,204,000,1,6,4,4,2,21,5,1,2,00,1,1,10,200800012475A01,,,
200800012476,2008-03-27,2008,mars,jeudi,17:25,37,37261,0,0,2,1,3,1,1,4,3,02,1,1,010,221,1,1,1,3,1,23,5,1,9,00,2,1,19,200800012476A01,7,1,1