Num_Acc,date,an,mois,jour,hrmn,dep,com,lat,long,agg,int,col,lum,atm,catr,circ,nbv,prof,plan,lartpc,larrout,surf,infra,situ,grav,sexe,age,trajet,secuexist,equipement,obs,obsm,choc,manv,vehiculeid,typevehicules,manoeuvehicules,numVehicules
200800012483,2008-03-05,2008,mars,mercredi,18:50,38,38185,0,0,2,1,2,5,1,4,1,04,1,1,000,119,1,0,1,3,2,30,1,1,9,00,2,4,1,200800012483B01,30,2,1
200800012486,2008-03-08,2008,mars,samedi,15:45,38,38185,0,0,2,1,3,1,1,4,2,02,1,1,000,087,1,0,1,4,1,61,0,1,9,00,2,2,15,200800012486B01,7,1,1
200800012488,2008-03-10,2008,mars,lundi,83:5,38,38185,0,0,2,1,6,1,1,4,2,03,1,1,000,105,1,0,1,2,2,42,1,1,9,00,2,8,1,200800012488B01,15,16,1
200800012492,2008-03-12,2008,mars,mercredi,5:,38,38185,0,0,2,1,1,5,1,4,1,01,1,2,000,035,1,0,1,4,1,23,5,1,9,00,2,1,5,200800012492B01,7,1,1
200800012495,2008-03-14,2008,mars,vendredi,13:50,38,38423,0,0,1,9,3,1,1,4,2,02,1,3,000,070,1,5,1,4,2,29,0,1,9,00,2,3,1,200800012495A01,7,16,1
200800012502,2008-03-19,2008,mars,mercredi,12:50,38,38185,0,0,2,2,3,1,1,4,2,02,1,1,000,080,1,0,1,3,1,34,1,1,9,00,2,7,1,200800012502B01,7,16,1
200800012506,2008-03-25,2008,mars,mardi,11:30,38,38185,0,0,2,1,6,1,1,4,2,02,1,1,000,054,1,0,1,1,1,19,0,1,9,00,1,1,1,200800012506A01,,,
200800012512,2008-03-08,2008,mars,samedi,45:5,40,40088,0,0,2,1,3,4,8,4,2,02,1,1,000,127,2,0,1,3,1,21,5,1,2,00,2,1,1,200800012512B01,7,9,1
200800012516,2008-03-04,2008,mars,mardi,18:20,41,41018,0,0,1,1,3,1,1,4,2,02,1,1,000,000,1,0,1,4,1,63,5,1,9,01,2,1,1,200800012516B01,7,15,1
200800012524,2008-03-18,2008,mars,mardi,17:30,41,41212,0,0,2,2,3,1,1,2,2,02,1,1,000,000,1,0,1,4,1,29,5,1,9,00,2,1,1,200800012524A01,7,1,1
200800012546,2008-03-17,2008,mars,lundi,71:5,42,42170,0,0,1,1,3,1,1,2,3,02,1,1,000,000,1,0,1,4,1,29,0,1,9,00,2,8,1,200800012546B01,10,17,1
200800012605,2008-03-13,2008,mars,jeudi,91:0,44,44109,0,0,2,1,6,1,1,4,1,01,1,1,000,000,1,0,5,4,2,61,1,1,9,00,1,1,1,200800012605A01,,,
200800012607,2008-03-14,2008,mars,vendredi,14:05,44,44109,0,0,2,6,3,1,1,4,2,02,1,1,000,000,1,0,1,3,1,48,0,1,2,00,2,1,1,200800012607B01,14,16,1
200800012609,2008-03-17,2008,mars,lundi,93:0,44,44109,0,0,2,2,3,1,1,4,2,00,1,1,000,071,1,0,1,3,2,22,2,1,2,00,2,1,1,200800012609B01,7,19,1
200800012640,2008-03-25,2008,mars,mardi,16:25,44,44184,0,0,2,2,2,1,1,4,2,02,1,1,000,000,1,0,1,4,1,33,0,1,9,01,0,1,1,200800012640A01,7,1,1
200800012671,2008-03-01,2008,mars,samedi,20:58,49,49246,0,0,2,1,6,5,1,4,2,04,1,1,000,060,1,0,1,4,2,22,5,1,2,00,2,8,1,200800012671B01,7,1,1
200800012672,2008-03-01,2008,mars,samedi,12:42,49,49007,0,0,2,1,7,1,1,4,2,00,2,1,000,060,1,0,1,4,1,12,5,1,2,06,0,1,0,200800012672A01,,,
200800012679,2008-03-08,2008,mars,samedi,12:14,49,49007,0,0,2,1,3,1,1,4,2,03,1,1,000,090,1,5,1,4,2,21,5,1,2,00,2,8,19,200800012679B01,7,1,1
200800012683,2008-03-12,2008,mars,mercredi,17:07,49,49246,0,0,2,2,2,1,1,4,2,02,1,1,000,000,2,5,1,4,1,66,5,1,2,00,2,1,1,200800012683B01,7,16,1
200800012686,2008-03-13,2008,mars,jeudi,14:54,49,49007,0,0,2,1,7,1,1,4,2,02,1,1,000,060,1,0,1,4,1,50,5,1,2,00,0,0,1,200800012686A01,,,
200800012688,2008-03-15,2008,mars,samedi,21:44,49,49007,0,0,2,3,3,5,2,4,1,02,1,1,000,065,2,5,1,4,1,29,5,1,2,00,2,1,1,200800012688B01,7,15,1
200800012692,2008-03-18,2008,mars,mardi,81:0,49,49267,0,0,2,1,1,1,1,3,2,01,1,1,000,059,1,0,1,4,1,58,1,1,4,00,2,4,1,200800012692B01,7,2,1
200800012695,2008-03-21,2008,mars,vendredi,16:02,49,49007,0,0,2,2,3,1,1,4,-1,00,-1,-1,000,000,-1,0,0,4,1,21,0,1,9,00,2,8,19,200800012695A01,7,2,1
200800012705,2008-03-27,2008,mars,jeudi,82:0,49,49015,0,0,2,6,2,1,1,4,2,01,1,1,000,000,1,5,1,4,1,24,0,1,9,00,2,4,1,200800012705B01,7,2,1
200800012713,2008-03-22,2008,mars,samedi,12:45,49,49099,0,0,2,1,3,1,8,3,3,04,3,1,026,160,1,0,1,4,1,36,9,1,2,00,2,1,1,200800012713A01,7,17,1
200800012767,2008-03-07,2008,mars,vendredi,14:50,54,54395,0,0,2,2,6,1,8,4,2,02,2,1,000,000,1,0,1,4,1,20,5,0,0,00,2,1,1,200800012767A01,7,1,1
200800012777,2008-03-13,2008,mars,jeudi,11:40,54,54395,0,0,2,3,2,1,1,4,2,04,1,1,000,150,1,0,1,4,1,34,5,1,2,00,2,1,2,200800012777A01,7,23,1
200800012808,2008-03-29,2008,mars,samedi,12:58,56,56121,0,0,2,3,3,1,1,9,2,02,1,1,000,000,1,0,0,4,2,51,5,1,9,00,2,1,1,200800012808A01,7,1,1
200800012811,2008-03-03,2008,mars,lundi,10:35,56,56260,0,0,2,1,7,1,1,4,3,04,1,1,000,073,1,5,1,2,1,67,5,0,0,00,0,0,0,200800012811A01,,,
200800012815,2008-03-14,2008,mars,vendredi,11:40,56,56260,0,0,2,6,3,1,1,4,2,02,1,1,000,000,1,0,0,4,1,19,2,1,2,00,2,7,1,200800012815B01,7,16,1
200800012820,2008-03-04,2008,mars,mardi,80:0,56,56260,0,0,2,1,2,1,2,4,2,02,1,1,000,061,2,0,1,4,1,16,2,0,0,00,2,4,23,200800012820A01,7,1,1
200800012821,2008-03-06,2008,mars,jeudi,74:5,56,56260,0,0,2,3,3,1,1,4,2,02,2,2,000,085,1,0,0,4,1,22,1,1,9,00,2,1,0,200800012821A01,7,15,1
200800012865,2008-03-27,2008,mars,jeudi,17:25,58,58194,0,0,2,2,3,1,1,4,2,02,-1,-1,000,000,-1,0,0,4,1,26,0,1,9,00,2,0,0,200800012865A01,7,1,1
200800012872,2008-03-05,2008,mars,mercredi,17:35,59,59616,0,0,2,3,3,1,1,3,2,01,1,1,000,041,1,0,0,4,1,28,5,1,9,00,2,1,16,200800012872A01,7,1,1
200800012887,2008-03-04,2008,mars,mardi,73:0,59,59350,0,0,2,1,6,1,2,4,2,05,1,1,000,000,2,0,1,4,1,46,1,1,4,00,2,1,3,200800012887B01,7,2,1
200800012891,2008-03-05,2008,mars,mercredi,75:0,59,59328,0,0,2,1,1,1,1,4,2,02,1,1,000,070,1,0,1,4,2,46,5,1,9,00,2,1,1,200800012891B01,7,1,1
200800012896,2008-03-07,2008,mars,vendredi,10:30,59,59009,0,0,2,2,3,1,1,4,1,02,1,1,000,070,1,0,1,4,2,73,5,1,9,00,2,1,1,200800012896A01,7,15,1
200800012910,2008-03-12,2008,mars,mercredi,15:00,59,59009,0,0,2,1,6,1,1,4,2,02,1,1,000,103,1,0,1,3,1,53,5,1,9,00,2,1,1,200800012910B01,7,15,1
200800012911,2008-03-12,2008,mars,mercredi,14:15,59,59350,0,0,2,1,3,1,1,4,2,02,1,1,000,000,1,0,1,4,2,32,9,1,2,01,0,1,1,200800012911B01,7,24,1
200800012925,2008-03-19,2008,mars,mercredi,18:30,59,59560,0,0,2,1,6,1,1,4,2,02,1,-1,035,048,2,5,1,4,1,18,5,1,9,00,2,8,19,200800012925A01,7,1,1
200800012926,2008-03-20,2008,mars,jeudi,16:10,59,59350,0,0,2,1,6,1,2,4,2,02,1,1,000,000,1,0,1,4,1,27,0,1,9,00,2,1,1,200800012926B01,7,20,1
200800012941,2008-03-27,2008,mars,jeudi,90:5,59,59350,0,0,2,2,3,1,1,4,2,02,1,1,000,050,1,0,1,4,1,44,9,1,9,00,2,0,1,200800012941B01,7,1,1
200800012953,2008-03-03,2008,mars,lundi,13:35,59,59512,0,0,1,2,3,1,1,4,1,01,1,-1,000,000,1,0,1,3,2,12,2,1,2,15,2,0,1,200800012953B01,7,1,1
200800012975,2008-03-21,2008,mars,vendredi,20:30,59,59367,0,0,1,2,3,5,3,4,2,02,1,1,000,000,2,0,1,3,1,14,0,1,2,00,2,1,16,200800012975B01,7,1,1
200800012987,2008-03-29,2008,mars,samedi,19:45,59,59456,0,0,1,1,1,3,1,3,2,02,1,1,000,060,1,0,1,2,1,51,9,1,9,00,2,9,0,200800012987B01,7,1,1
200800012995,2008-03-31,2008,mars,lundi,15:35,59,59599,0,0,2,3,3,1,1,4,1,00,1,1,000,000,1,5,1,3,1,60,9,1,2,00,0,3,13,200800012995B01,7,15,1
200800012998,2008-03-04,2008,mars,mardi,16:40,59,59606,0,0,2,2,3,1,1,4,2,02,1,1,000,055,1,0,1,4,1,35,0,0,0,00,2,1,1,200800012998B01,7,15,1
200800012999,2008-03-05,2008,mars,mercredi,54:5,59,59447,0,0,1,1,6,5,1,4,2,03,1,1,000,104,1,0,1,3,1,26,1,1,9,00,2,4,0,200800012999B01,7,21,1
200800013024,2008-03-21,2008,mars,vendredi,15:50,62,62041,0,0,2,2,1,1,1,4,2,04,1,1,000,000,1,5,0,3,1,17,5,1,4,00,2,8,19,200800013024B01,14,1,1
200800013029,2008-03-08,2008,mars,samedi,14:15,62,62724,0,0,2,3,7,1,1,4,2,01,1,1,000,049,1,0,0,4,2,47,5,1,9,16,0,1,16,200800013029A01,,,
200800013042,2008-03-31,2008,mars,lundi,16:10,62,62193,0,0,2,2,3,1,1,4,1,01,1,1,000,060,1,0,0,4,2,50,1,1,4,00,2,6,1,200800013042B01,7,15,1
200800013066,2008-03-31,2008,mars,lundi,10:35,62,62757,0,0,2,3,1,1,1,3,3,02,2,1,000,000,1,0,1,3,1,35,5,1,4,00,2,1,0,200800013066B01,7,15,1
200800013074,2008-03-08,2008,mars,samedi,14:30,63,63075,0,0,2,1,3,1,1,4,2,00,1,1,000,060,1,0,1,4,1,61,5,1,9,00,2,7,1,200800013074B01,7,1,1
200800013075,2008-03-10,2008,mars,lundi,16:55,63,63113,0,0,2,1,6,1,1,4,3,06,1,1,000,000,1,0,1,2,1,36,9,1,9,00,2,4,1,200800013075C01,7,15/1,2
200800013113,2008-03-19,2008,mars,mercredi,19:40,63,63164,0,0,2,3,3,5,4,2,-1,02,1,1,010,160,2,5,1,3,1,42,5,1,2,00,2,4,1,200800013113B01,7,15,1
200800013120,2008-03-07,2008,mars,vendredi,14:24,64,64102,0,0,2,6,3,1,1,3,1,04,1,2,000,100,1,5,1,3,1,71,5,1,9,00,2,3,1,200800013120B01,7,12,1
200800013124,2008-03-18,2008,mars,mardi,72:5,64,64102,0,0,2,3,3,1,1,4,2,02,1,1,000,000,1,0,1,4,1,39,1,1,2,00,2,4,9,200800013124A01,7,1,1
200800013156,2008-03-25,2008,mars,mardi,85:5,64,64445,0,0,2,6,3,1,2,4,1,02,1,3,000,000,2,0,1,4,1,17,0,1,2,00,2,1,1,200800013156B01,7,0,1
200800013168,2008-03-21,2008,mars,vendredi,17:15,64,64483,0,0,2,1,3,1,3,4,1,01,1,-1,000,000,2,0,1,4,1,13,5,1,2,00,2,1,5,200800013168B01,30,15,1
200800013178,2008-03-05,2008,mars,mercredi,10:10,65,65440,0,0,2,3,3,1,1,4,2,02,1,1,000,067,1,0,1,4,2,17,0,1,2,00,2,1,1,200800013178A01,7,15,1
200800013180,2008-03-14,2008,mars,vendredi,12:10,65,65440,0,0,2,6,3,1,1,2,1,02,1,2,120,080,1,0,1,4,1,43,5,1,9,00,0,5,1,200800013180B01,7,1,1
200800013204,2008-03-04,2008,mars,mardi,12:10,67,67482,0,0,2,1,3,2,2,4,2,01,1,1,150,060,2,0,5,4,2,28,5,1,9,00,0,7,1,200800013204A01,1,1,1
200800013204,2008-03-04,2008,mars,mardi,12:10,67,67482,0,0,2,1,3,2,2,4,2,01,1,1,150,060,2,0,5,1,1,31,1,1,9,00,2,8,1,200800013204B01,1,1,1
200800013213,2008-03-09,2008,mars,dimanche,10:05,67,67482,0,0,2,4,3,1,1,4,2,02,1,-1,000,000,1,0,1,4,1,42,5,1,9,00,2,7,1,200800013213B01,7,1,1
200800013214,2008-03-10,2008,mars,lundi,17:50,67,67482,0,0,2,3,6,1,1,4,2,02,1,1,000,091,1,0,1,4,2,32,0,1,2,00,2,7,1,200800013214B01,7,15,1
200800013215,2008-03-11,2008,mars,mardi,11:00,67,67482,0,0,2,1,1,1,1,4,2,02,1,2,000,070,1,0,1,4,1,19,2,1,9,00,2,1,1,200800013215B01,7,1,1
200800013231,2008-03-19,2008,mars,mercredi,85:7,67,67482,0,0,2,3,2,1,1,4,2,02,1,1,000,070,1,0,1,4,1,17,2,1,9,00,2,4,1,200800013231B01,7,4,1
200800013232,2008-03-19,2008,mars,mercredi,18:17,67,67447,0,0,2,1,3,1,1,2,-1,00,1,1,000,080,1,0,1,4,1,17,5,1,9,00,2,3,1,200800013232B01,7,1,1
200800013243,2008-03-26,2008,mars,mercredi,10:00,67,67482,0,0,2,9,3,1,1,4,2,03,1,1,000,140,1,0,5,3,1,19,2,1,2,00,2,1,1,200800013243B01,7,9,1
200800013247,2008-03-27,2008,mars,jeudi,17:55,67,67482,0,0,2,1,1,1,1,4,2,04,1,1,000,050,1,0,5,4,2,25,5,1,9,00,2,1,1,200800013247A01,1,1,1
200800013247,2008-03-27,2008,mars,jeudi,17:55,67,67482,0,0,2,1,1,1,1,4,2,04,1,1,000,050,1,0,5,4,1,24,5,1,9,00,2,1,1,200800013247B01,1,1,1
200800013254,2008-03-30,2008,mars,dimanche,18:35,67,67267,0,0,2,2,3,1,1,4,2,02,1,-1,000,000,1,0,1,4,2,41,5,1,9,00,2,1,1,200800013254B01,1,19,1
200800013254,2008-03-30,2008,mars,dimanche,18:35,67,67267,0,0,2,2,3,1,1,4,2,02,1,-1,000,000,1,0,1,1,1,14,5,1,9,00,2,8,19,200800013254A01,1,1,1
200800013258,2008-03-04,2008,mars,mardi,16:31,68,68066,0,0,1,2,3,1,1,3,2,03,2,1,037,132,1,2,0,4,1,67,5,1,2,00,2,1,1,200800013258B01,7,15,1
200800013297,2008-03-09,2008,mars,dimanche,11:15,69,69259,0,0,2,1,3,1,1,4,4,00,1,1,000,000,1,6,1,4,1,11,5,1,9,00,2,1,0,200800013297A01,7,9,1
200800013316,2008-03-25,2008,mars,mardi,81:0,69,69266,0,0,2,3,6,1,2,4,2,01,1,1,000,063,2,0,1,4,1,25,0,1,9,00,2,1,15,200800013316A01,7,1,1
200800013318,2008-03-30,2008,mars,dimanche,10:55,69,69266,0,0,2,1,3,1,1,4,2,01,1,1,000,033,1,0,1,4,2,29,1,1,2,00,2,7,2,200800013318B01,13,2,1
200800013319,2008-03-31,2008,mars,lundi,13:45,69,69266,0,0,2,2,2,1,1,4,2,04,1,1,000,122,1,0,1,4,2,26,1,1,9,00,2,4,2,200800013319B01,7,2,1
200800013327,2008-03-13,2008,mars,jeudi,20:20,69,69290,0,0,2,1,6,5,1,4,3,02,2,1,025,068,1,0,5,4,1,31,0,1,9,00,0,0,1,200800013327A01,7,15,1
200800013332,2008-03-13,2008,mars,jeudi,72:0,70,70550,0,0,2,1,3,2,1,4,1,01,1,2,088,088,9,5,1,3,1,32,1,1,4,00,2,1,9,200800013332B01,7,9,1
200800013353,2008-03-19,2008,mars,mercredi,35:,72,72181,0,0,2,1,6,5,1,9,2,01,1,1,000,000,1,0,1,4,1,24,9,1,2,00,0,4,1,200800013353B01,7,1,1
200800013354,2008-03-19,2008,mars,mercredi,94:2,72,72181,0,0,2,1,3,1,1,9,2,04,1,1,000,000,1,0,1,3,2,34,4,1,2,00,0,7,1,200800013354B01,7,9,1
200800013378,2008-03-20,2008,mars,jeudi,16:00,74,74118,0,0,2,3,6,1,1,4,2,00,1,1,000,000,1,0,1,2,1,56,0,1,9,00,2,2,2,200800013378B01,7,2,1
200800013387,2008-03-29,2008,mars,samedi,19:00,76,76329,0,0,2,2,3,1,1,3,4,05,1,1,000,136,1,0,1,2,1,80,5,1,9,00,2,5,2,200800013387B01,7,0,1
200800013432,2008-03-05,2008,mars,mercredi,17:00,76,76540,0,0,2,1,7,1,1,4,2,02,2,2,000,060,1,0,0,3,1,13,5,1,2,12,0,0,2,200800013432A01,,,
200800013489,2008-03-03,2008,mars,lundi,91:8,77,77482,0,0,2,1,6,1,2,4,2,02,1,1,000,068,2,0,1,2,1,21,5,1,9,01,0,0,2,200800013489A01,,,
200800013519,2008-03-08,2008,mars,samedi,16:25,78,78358,0,0,2,1,6,1,1,9,2,01,1,1,000,000,1,0,5,1,2,19,5,1,9,00,1,1,2,200800013519A01,,,
200800013554,2008-03-30,2008,mars,dimanche,12:00,78,78481,0,0,2,3,6,1,8,4,2,02,2,2,000,072,2,0,1,3,2,35,0,1,2,00,2,1,1,200800013554A01,7,16,1
200800013557,2008-03-12,2008,mars,mercredi,17:30,78,78586,0,0,2,6,3,1,1,2,2,02,1,1,000,086,1,0,0,4,1,41,0,1,2,00,2,7,1,200800013557B01,7,1,1
200800013576,2008-03-14,2008,mars,vendredi,21:35,78,78646,0,0,2,2,6,5,1,4,2,03,1,1,000,090,1,0,1,3,1,33,1,1,2,00,2,1,1,200800013576B01,7,15,1
200800013591,2008-03-12,2008,mars,mercredi,11:45,80,80021,0,0,2,1,2,1,1,4,2,02,1,2,000,060,1,0,1,4,2,29,0,1,9,00,2,1,1,200800013591A01,7,1,1
200800013597,2008-03-15,2008,mars,samedi,85:0,80,80021,0,0,2,6,7,1,1,4,2,06,1,1,000,240,1,0,1,4,1,41,1,1,9,00,0,0,15,200800013597B01,7,9,1
200800013599,2008-03-15,2008,mars,samedi,16:15,80,80021,0,0,2,6,3,1,1,4,2,02,1,1,000,060,1,0,1,4,1,63,5,1,9,00,2,7,1,200800013599B01,7,8,1
200800013602,2008-03-19,2008,mars,mercredi,12:10,80,80021,0,0,2,1,2,1,2,4,2,02,4,1,000,069,2,0,1,4,1,18,0,1,9,00,2,1,1,200800013602A01,7,1,1
200800013603,2008-03-19,2008,mars,mercredi,16:10,80,80021,0,0,2,1,3,1,1,4,2,02,1,1,000,090,1,0,1,4,1,22,9,1,9,00,2,1,1,200800013603B01,7,4,1
200800013615,2008-03-25,2008,mars,mardi,14:00,80,80021,0,0,2,1,6,1,1,4,1,02,1,1,000,080,1,0,1,4,1,17,1,1,9,00,1,1,1,200800013615A01,,,
200800013617,2008-03-26,2008,mars,mercredi,13:25,80,80021,0,0,2,1,6,1,2,4,4,01,1,1,000,060,2,6,1,4,1,15,5,1,9,00,1,1,1,200800013617A01,,,
200800013618,2008-03-31,2008,mars,lundi,18:00,80,80021,0,0,2,1,3,1,1,4,1,01,1,1,000,000,1,0,1,4,1,25,1,1,9,00,2,1,15,200800013618A01,7,17,1
200800013619,2008-03-29,2008,mars,samedi,12:05,80,80021,0,0,2,3,3,1,1,4,1,01,4,1,000,060,1,0,1,4,1,18,9,1,9,00,2,2,1,200800013619A01,7,1,1
200800013632,2008-03-11,2008,mars,mardi,19:30,82,82121,0,0,2,1,6,5,1,4,2,02,2,1,000,090,2,0,1,1,1,50,5,1,9,00,1,1,1,200800013632A01,,,
200800013644,2008-03-15,2008,mars,samedi,12:30,83,83141,0,0,1,1,3,1,1,3,2,02,2,2,000,070,1,0,1,2,1,81,5,1,9,00,2,0,2,200800013644B01,37,2,1
200800013654,2008-03-14,2008,mars,vendredi,73:0,83,83129,0,0,2,9,3,1,1,3,2,02,1,-1,024,120,1,5,1,4,1,13,2,1,9,00,2,7,19,200800013654B01,7,1,1
200800013669,2008-03-28,2008,mars,vendredi,74:5,83,83126,0,0,2,1,3,2,1,4,3,02,2,1,000,000,1,0,1,1,1,25,0,1,9,00,2,0,13,200800013669B01,32,17,1
200800013704,2008-03-29,2008,mars,samedi,18:30,83,83137,0,0,2,2,3,5,1,4,2,02,2,1,000,000,1,0,1,4,1,11,5,1,2,00,2,1,1,200800013704A01,7,1,1
200800013726,2008-03-17,2008,mars,lundi,19:35,84,84087,0,0,2,3,3,3,1,2,2,02,2,2,000,100,1,2,1,3,2,52,1,1,4,00,2,1,1,200800013726B01,7,9,1
200800013738,2008-03-01,2008,mars,samedi,17:30,86,86194,0,0,2,1,2,1,1,3,3,06,1,1,000,000,1,0,1,4,1,17,5,1,9,00,2,1,2,200800013738A01,37,2,1
200800013739,2008-03-02,2008,mars,dimanche,10:,86,86194,0,0,2,1,7,5,1,4,2,02,2,1,000,055,1,0,1,4,2,26,9,1,2,00,0,7,1,200800013739A01,,,
200800013739,2008-03-02,2008,mars,dimanche,10:,86,86194,0,0,2,1,7,5,1,4,2,02,2,1,000,055,1,0,1,3,2,24,0,1,2,00,0,7,1,200800013739A01,,,
200800013826,2008-03-01,2008,mars,samedi,13:45,91,91425,0,0,2,2,3,1,1,3,1,01,2,1,000,000,1,0,1,3,1,47,5,1,2,00,2,2,1,200800013826B01,10,1,1
200800013843,2008-03-25,2008,mars,mardi,18:40,91,91114,0,0,2,1,2,2,1,4,2,02,1,1,010,040,1,0,1,4,1,34,1,1,2,00,2,4,1,200800013843B01,7,1,1
200800013850,2008-03-15,2008,mars,samedi,15:15,91,91657,0,0,2,2,3,1,1,4,2,02,1,1,000,000,1,0,1,4,2,22,5,1,9,00,2,1,19,200800013850B01,7,2,1
200800013874,2008-03-29,2008,mars,samedi,17:45,91,91421,0,0,2,1,7,1,1,3,2,02,1,1,000,070,1,0,4,1,1,17,5,1,9,00,1,1,1,200800013874A01,,,
200800013925,2008-03-13,2008,mars,jeudi,11:55,92,92060,0,0,2,3,1,1,1,3,2,02,1,1,000,000,-1,0,1,4,1,28,5,1,9,00,2,1,1,200800013925B01,10,16,1
200800013933,2008-03-02,2008,mars,dimanche,19:10,92,92025,0,0,2,2,3,5,1,3,2,02,1,1,000,080,1,0,1,4,1,28,9,1,2,00,2,2,2,200800013933B01,7,15,1
200800013991,2008-03-12,2008,mars,mercredi,19:25,92,92062,0,0,2,1,6,1,1,4,1,01,1,1,000,090,1,0,4,1,1,15,5,1,2,00,1,1,1,200800013991A01,,,
200800014001,2008-03-17,2008,mars,lundi,13:40,92,92063,0,0,2,1,3,1,1,4,2,02,1,1,000,000,1,0,5,4,1,15,2,1,9,00,2,1,5,200800014001A01,7,19,1
200800014011,2008-03-06,2008,mars,jeudi,83:5,92,92022,0,0,2,1,5,1,1,3,2,02,1,1,015,120,1,0,1,4,1,67,5,1,2,00,9,1,1,200800014011B01,14,1,1
200800014011,2008-03-06,2008,mars,jeudi,83:5,92,92022,0,0,2,1,5,1,1,3,2,02,1,1,015,120,1,0,1,4,1,59,5,1,2,00,9,1,1,200800014011C01,14,1,1
200800014044,2008-03-31,2008,mars,lundi,17:30,93,93001,0,0,2,1,6,1,1,3,2,02,1,1,000,080,1,0,1,3,1,38,1,0,0,00,1,1,1,200800014044A01,,,
200800014044,2008-03-31,2008,mars,lundi,17:30,93,93001,0,0,2,1,6,1,1,3,2,02,1,1,000,080,1,0,1,1,1,13,1,1,9,00,1,1,1,200800014044A01,,,
200800014051,2008-03-05,2008,mars,mercredi,13:45,93,93008,0,0,2,8,1,1,1,4,3,03,1,1,010,040,1,0,1,3,1,51,0,1,4,00,2,8,19,200800014051B01,7,2,1
200800014081,2008-03-07,2008,mars,vendredi,20:15,93,93032,0,0,2,1,5,5,2,4,2,01,1,1,000,035,2,0,1,3,1,40,3,1,9,00,2,1,1,200800014081C01,7,20/2,2
200800014083,2008-03-13,2008,mars,jeudi,83:0,93,93032,0,0,2,1,6,1,1,3,2,00,1,1,000,000,1,0,0,3,1,60,5,1,2,00,2,1,1,200800014083B01,13,1,1
200800014086,2008-03-31,2008,mars,lundi,63:5,93,93047,0,0,2,1,6,1,8,4,3,00,1,1,000,000,2,5,1,3,1,24,1,1,2,00,0,0,2,200800014086B01,7,2,1
200800014153,2008-03-16,2008,mars,dimanche,22:00,93,93066,0,0,2,1,3,3,2,4,-1,02,1,1,000,000,2,0,1,4,1,43,0,1,4,00,2,2,0,200800014153B01,10,17,1
200800014172,2008-03-18,2008,mars,mardi,12:10,93,93073,0,0,2,1,7,1,1,3,2,02,3,1,000,030,1,2,1,4,1,47,5,1,2,00,0,7,0,200800014172A01,,,
200800014178,2008-03-29,2008,mars,samedi,10:00,93,93073,0,0,2,3,3,1,1,9,2,02,-1,-1,000,000,1,0,1,4,1,69,5,0,0,00,0,0,1,200800014178B01,7,9,1
200800014260,2008-03-12,2008,mars,mercredi,13:50,94,94038,0,0,2,1,2,1,1,3,2,02,1,1,000,000,1,2,1,4,1,16,2,1,2,00,2,1,2,200800014260A01,7,23,1
200800014264,2008-03-15,2008,mars,samedi,18:05,94,94073,0,0,2,3,3,1,8,3,2,00,1,1,000,070,1,0,1,3,1,44,5,1,9,00,0,1,1,200800014264B01,7,15,1
200800014325,2008-03-07,2008,mars,vendredi,75:0,94,94080,0,0,2,1,6,1,1,3,2,02,1,1,000,000,1,0,1,1,1,19,2,1,9,00,1,1,1,200800014325A01,,,
200800014370,2008-03-28,2008,mars,vendredi,81:5,95,95203,0,0,2,6,3,1,1,4,2,02,1,1,000,040,1,0,1,4,1,18,5,1,2,00,2,1,1,200800014370B01,7,9,1
200800014380,2008-03-20,2008,mars,jeudi,90:0,95,95306,0,0,2,1,2,1,1,4,2,02,1,1,000,072,1,0,1,2,2,78,5,1,2,00,2,6,1,200800014380B01,7,1,1
200800014388,2008-03-25,2008,mars,mardi,84:5,95,95052,0,0,2,3,3,1,1,4,2,02,1,1,000,080,1,0,0,4,1,24,2,1,9,00,2,0,1,200800014388A01,7,9,1
200800014637,2008-03-14,2008,mars,vendredi,16:20,69,69383,0,0,2,1,3,1,1,4,1,01,1,1,000,000,1,0,1,3,1,29,1,1,2,01,0,1,1,200800014637B01,7,22,1
200800014718,2008-03-21,2008,mars,vendredi,17:50,69,69388,0,0,2,3,6,1,2,4,2,02,1,1,000,000,2,0,1,4,2,30,9,1,9,00,2,1,0,200800014718A01,7,15,1
200800014798,2008-03-01,2008,mars,samedi,22:5,75,75103,0,0,2,1,6,5,2,4,2,02,1,1,000,030,2,0,0,4,1,29,0,1,9,00,0,8,7,200800014798B01,7,7,1
200800014809,2008-03-02,2008,mars,dimanche,16:10,75,75102,0,0,2,1,3,1,1,4,1,03,2,1,000,100,2,0,1,4,2,30,5,1,9,00,2,4,15,200800014809B01,34,1,1
200800014830,2008-03-17,2008,mars,lundi,85:0,75,75103,0,0,2,5,3,1,1,4,2,02,1,1,000,030,1,0,1,4,1,35,1,1,9,00,2,1,1,200800014830A01,1,1,1
200800014830,2008-03-17,2008,mars,lundi,85:0,75,75103,0,0,2,5,3,1,1,4,2,02,1,1,000,030,1,0,1,1,1,40,4,1,9,00,2,2,1,200800014830B01,1,1,1
200800014835,2008-03-08,2008,mars,samedi,20:20,75,75104,0,0,2,4,3,5,1,4,1,01,1,1,000,089,1,0,1,4,2,29,5,1,4,00,2,8,15,200800014835A01,7,1,1
200800014840,2008-03-15,2008,mars,samedi,16:01,75,75104,0,0,2,2,7,1,2,4,1,04,1,1,000,096,2,5,1,4,1,42,5,1,9,00,0,0,1,200800014840A01,,,
200800014841,2008-03-20,2008,mars,jeudi,19:45,75,75104,0,0,2,1,6,5,2,4,1,03,1,1,003,119,2,0,1,1,1,35,1,1,9,00,1,3,0,200800014841A01,,,
200800014844,2008-03-29,2008,mars,samedi,20:30,75,75104,0,0,2,2,6,5,1,4,1,01,1,-1,000,025,1,0,1,4,2,42,5,1,9,00,1,1,2,200800014844A01,,,
200800014854,2008-03-11,2008,mars,mardi,19:45,75,75105,0,0,2,2,3,5,8,4,2,02,1,1,000,120,2,0,1,4,1,33,0,1,9,00,0,3,18,200800014854A01,7,16,1