Num_Acc,date,an,mois,jour,hrmn,dep,com,lat,long,agg,int,col,lum,atm,catr,circ,nbv,prof,plan,lartpc,larrout,surf,infra,situ,grav,sexe,age,trajet,secuexist,equipement,obs,obsm,choc,manv,vehiculeid,typevehicules,manoeuvehicules,numVehicules
200800014861,2008-03-19,2008,mars,mercredi,19:00,75,75105,0,0,2,1,3,5,2,4,2,02,1,1,000,135,2,0,1,3,2,60,9,1,9,01,0,1,7,200800014861B01,7,22,1
200800014865,2008-03-31,2008,mars,lundi,15:10,75,75105,0,0,2,2,7,1,2,4,1,02,1,1,000,143,2,0,1,4,2,30,5,1,9,00,2,0,21,200800014865A01,,,
200800014867,2008-03-15,2008,mars,samedi,14:15,75,75106,0,0,2,2,3,1,1,4,2,02,2,1,000,000,1,0,0,3,2,24,0,1,9,00,2,8,21,200800014867A01,37,7,1
200800014882,2008-03-19,2008,mars,mercredi,19:00,75,75106,0,0,2,1,3,5,2,4,1,01,1,1,000,033,2,0,1,4,1,37,1,1,9,01,0,0,1,200800014882B01,7,22,1
200800014883,2008-03-19,2008,mars,mercredi,22:50,75,75106,0,0,2,1,3,5,1,4,1,01,1,1,000,000,1,0,1,4,1,32,0,1,9,00,2,0,13,200800014883A01,37,17,1
200800014884,2008-03-20,2008,mars,jeudi,80:0,75,75106,0,0,2,1,6,1,1,4,-1,00,1,1,000,000,1,0,5,1,2,47,1,1,9,00,1,1,1,200800014884A01,,,
200800014937,2008-03-19,2008,mars,mercredi,13:30,75,75108,0,0,2,1,2,1,1,4,2,01,1,1,000,080,1,0,1,4,1,47,4,1,9,00,2,1,21,200800014937A01,7,2,1
200800014944,2008-03-21,2008,mars,vendredi,17:10,75,75108,0,0,2,1,3,1,1,4,-1,03,2,1,000,120,1,0,1,4,1,34,1,1,9,00,2,1,0,200800014944B01,7,0,1
200800014972,2008-03-27,2008,mars,jeudi,13:20,75,75109,0,0,2,4,2,1,1,4,1,02,2,1,000,080,1,0,1,4,1,43,5,1,9,00,0,5,2,200800014972B01,7,2,1
200800014999,2008-03-30,2008,mars,dimanche,11:25,75,75110,0,0,2,2,3,1,2,4,1,02,1,1,000,050,2,0,1,4,2,60,5,1,2,00,2,1,1,200800014999B01,7,1,1
200800015048,2008-03-12,2008,mars,mercredi,14:5,75,75112,0,0,2,1,6,5,2,4,3,00,1,1,000,150,2,0,4,4,1,37,5,1,9,02,0,0,1,200800015048A01,,,
200800015072,2008-03-01,2008,mars,samedi,15:35,75,75113,0,0,2,1,2,1,1,4,2,01,1,1,000,000,1,0,1,4,1,58,1,1,9,00,2,4,15,200800015072B01,37,7,1
200800015078,2008-03-09,2008,mars,dimanche,12:30,75,75113,0,0,2,2,3,1,2,4,1,01,2,-1,000,105,2,0,1,4,1,24,5,1,9,00,0,0,7,200800015078B01,7,1,1
200800015094,2008-03-17,2008,mars,lundi,19:10,75,75113,0,0,2,3,3,5,1,9,2,04,1,1,000,230,1,0,1,4,2,31,9,1,9,00,2,1,1,200800015094A01,30,16,1
200800015100,2008-03-22,2008,mars,samedi,20:35,75,75113,0,0,2,5,1,5,2,4,1,01,1,1,000,045,2,0,1,4,2,29,0,1,9,00,2,1,2,200800015100B01,32,5,1
200800015107,2008-03-05,2008,mars,mercredi,13:10,75,75114,0,0,2,2,3,1,1,4,-1,02,1,1,000,080,1,0,1,4,1,50,5,1,9,00,2,3,1,200800015107B01,7,16,1
200800015121,2008-03-18,2008,mars,mardi,20:15,75,75114,0,0,2,1,2,5,1,4,3,05,1,1,000,172,1,0,1,4,1,45,1,1,2,00,0,4,23,200800015121B01,37,2,1
200800015141,2008-03-07,2008,mars,vendredi,18:50,75,75115,0,0,2,1,6,5,2,5,1,01,1,1,000,000,2,0,5,3,2,82,0,0,0,11,0,7,1,200800015141A01,,,
200800015188,2008-03-10,2008,mars,lundi,81:0,75,75116,0,0,2,1,1,1,6,4,1,01,1,1,000,000,2,0,1,4,1,17,9,1,4,00,2,8,9,200800015188A01,7,1,1
200800015204,2008-03-18,2008,mars,mardi,14:00,75,75116,0,0,2,1,3,1,1,4,2,02,1,1,000,000,1,0,1,4,2,41,5,1,9,01,0,3,1,200800015204A01,7,22,1
200800015205,2008-03-18,2008,mars,mardi,16:20,75,75116,0,0,2,1,6,1,8,5,1,01,2,3,000,020,1,0,5,4,1,78,5,1,2,00,2,1,2,200800015205B01,1,2/13,2
200800015205,2008-03-18,2008,mars,mardi,16:20,75,75116,0,0,2,1,6,1,8,5,1,01,2,3,000,020,1,0,5,3,1,62,5,1,2,00,2,4,2,200800015205A01,1,2/13,2
200800015220,2008-03-22,2008,mars,samedi,14:10,75,75116,0,0,2,1,6,1,2,4,1,01,1,1,000,000,2,0,1,4,1,9,5,1,9,00,2,1,19,200800015220B01,7,0,1
200800015227,2008-03-25,2008,mars,mardi,12:30,75,75116,0,0,2,1,7,1,1,4,2,02,1,3,000,000,9,0,5,4,1,51,5,1,2,00,2,0,2,200800015227B01,10,15,1
200800015228,2008-03-26,2008,mars,mercredi,90:5,75,75116,0,0,2,1,2,1,1,4,-1,00,1,-1,000,000,1,0,1,3,1,61,1,1,2,00,2,4,12,200800015228B01,7,1,1
200800015235,2008-03-29,2008,mars,samedi,13:00,75,75116,0,0,2,1,4,1,1,4,1,02,1,1,000,000,1,0,1,1,1,19,5,1,2,00,2,8,2,200800015235B01,7,0,1
200800015235,2008-03-29,2008,mars,samedi,13:00,75,75116,0,0,2,1,4,1,1,4,1,02,1,1,000,000,1,0,1,4,1,68,5,1,2,00,9,4,0,200800015235C01,7,0,1
200800015269,2008-03-25,2008,mars,mardi,83:0,75,75117,0,0,2,4,3,1,1,4,2,03,1,1,000,000,1,0,1,4,1,35,5,1,9,00,2,8,2,200800015269B01,7,16,1
200800015292,2008-03-11,2008,mars,mardi,19:20,75,75118,0,0,2,1,1,5,2,4,2,03,1,1,000,080,2,0,1,4,1,27,0,1,4,00,2,1,13,200800015292A01,30,17,1
200800015293,2008-03-12,2008,mars,mercredi,13:40,75,75118,0,0,2,1,6,1,1,4,1,00,2,-1,050,100,2,0,1,4,1,38,5,1,9,00,2,4,23,200800015293A01,7,2,1
200800015297,2008-03-16,2008,mars,dimanche,19:25,75,75118,0,0,2,1,6,5,2,3,2,02,2,1,000,060,2,0,1,1,1,28,5,1,9,00,1,1,1,200800015297A01,,,
200800015345,2008-03-19,2008,mars,mercredi,15:,75,75119,0,0,2,5,3,5,1,4,2,02,-1,-1,000,060,1,0,0,4,1,37,9,1,4,00,0,2,1,200800015345B01,10,1,1
200800015361,2008-03-31,2008,mars,lundi,23:40,75,75119,0,0,2,1,3,5,1,4,-1,02,1,1,000,000,1,0,1,4,1,45,0,1,9,00,0,3,18,200800015361B01,7,22,1
200800015429,2008-03-25,2008,mars,mardi,12:05,75,75119,0,0,2,1,6,1,1,4,1,02,1,1,110,220,1,0,1,4,1,37,0,1,9,00,0,0,1,200800015429B01,10,17,1
200800015518,2008-02-11,2008,février,lundi,85:5,76,76681,0,0,2,3,3,1,1,4,2,02,1,1,000,069,1,0,1,4,1,82,5,1,9,00,2,0,1,200800015518B01,10,15,1
200800015521,2008-02-13,2008,février,mercredi,10:00,76,76575,0,0,2,1,6,1,1,3,2,00,1,1,000,065,1,0,1,4,2,58,0,1,2,00,2,4,1,200800015521B01,7,13,1
200800015533,2008-02-20,2008,février,mercredi,11:00,76,76216,0,0,2,1,2,1,8,3,2,02,1,1,000,080,2,0,1,4,1,35,1,1,2,00,2,1,1,200800015533B01,7,4,1
200800015668,2008-03-26,2008,mars,mercredi,60:0,76,76471,0,0,1,1,2,2,1,3,2,02,1,1,000,050,1,0,1,3,1,57,1,1,4,00,2,6,2,200800015668B02,7,1,1
200800015675,2008-03-04,2008,mars,mardi,19:30,27,27615,0,0,1,1,3,3,1,4,2,02,-1,-1,000,000,1,0,1,3,1,37,5,1,2,00,2,8,23,200800015675B02,7,15,1
200800015697,2008-03-29,2008,mars,samedi,11:15,27,27348,49.317,1.159,2,1,5,1,1,3,2,00,1,1,000,072,1,0,1,3,1,43,5,1,2,00,2,1,1,200800015697C03,7,23,2
200800015705,2008-03-16,2008,mars,dimanche,11:30,35,35196,0,0,1,1,5,1,1,3,2,02,1,1,000,000,1,0,1,4,1,58,5,1,2,00,2,1,1,200800015705B02,7,19,1
200800015705,2008-03-16,2008,mars,dimanche,11:30,35,35196,0,0,1,1,5,1,1,3,2,02,1,1,000,000,1,0,1,1,1,62,5,1,2,00,2,1,1,200800015705C03,7,19,1
200800015705,2008-03-16,2008,mars,dimanche,11:30,35,35196,0,0,1,1,5,1,1,3,2,02,1,1,000,000,1,0,1,4,1,58,5,1,2,00,2,1,1,200800015705D04,7,19,1
200800015736,2008-03-19,2008,mars,mercredi,11:30,22,22091,48.626,-3.183,1,1,1,1,1,3,2,02,1,1,000,000,1,5,1,3,1,57,5,1,2,00,2,0,1,200800015736B02,7,19,1
200800015755,2008-03-05,2008,mars,mercredi,16:30,29,29103,48.456,-4.248,2,1,2,1,1,3,2,02,1,1,000,083,1,0,1,3,1,33,5,0,0,00,2,1,1,200800015755B02,7,1,1
200800015761,2008-03-21,2008,mars,vendredi,18:00,29,29302,0,0,2,1,2,1,1,4,2,00,-1,1,000,072,1,0,1,3,2,15,5,0,0,00,0,0,1,200800015761B02,7,14,1
200800015788,2008-03-07,2008,mars,vendredi,18:00,14,14092,0,0,1,1,3,1,7,3,2,02,1,3,000,085,1,0,1,3,1,65,5,0,0,00,2,1,1,200800015788B02,7,15,1
200800015791,2008-03-29,2008,mars,samedi,15:45,14,14283,48.866,-0.091,1,2,3,1,1,3,2,00,1,1,000,065,1,0,1,3,1,22,5,1,2,00,2,1,1,200800015791A01,7,19,1
200800015802,2008-03-30,2008,mars,dimanche,18:45,50,50220,0,0,1,1,1,1,1,3,2,00,2,1,070,000,1,0,1,3,1,34,0,1,2,00,2,1,17,200800015802B02,10,15,1
200800015865,2008-03-21,2008,mars,vendredi,90:0,53,53188,47.8,-1.055,2,1,2,1,1,9,2,00,1,1,000,000,1,0,1,3,2,83,3,0,0,00,0,4,1,200800015865B02,7,1,1
200800015867,2008-03-01,2008,mars,samedi,14:45,53,53096,48.268,-0.985,1,2,3,1,1,3,2,02,2,1,000,067,1,0,1,3,1,72,5,0,0,00,2,8,2,200800015867B02,7,17,1
200800015870,2008-03-20,2008,mars,jeudi,15:15,72,72008,47.948,0.195,2,1,3,1,1,3,-1,00,1,1,012,060,1,5,1,3,2,17,1,0,0,00,2,8,1,200800015870B02,15,16,1
200800015906,2008-03-05,2008,mars,mercredi,16:30,33,33530,45.102,-0.543,1,2,3,1,1,3,2,02,2,1,000,052,1,0,1,2,1,13,5,0,0,00,2,8,9,200800015906B02,33,1,1
200800016017,2008-03-30,2008,mars,dimanche,90:0,17,17093,45.889,-1.227,1,1,2,1,8,3,2,02,1,1,000,060,2,5,1,2,1,76,5,0,0,00,0,4,15,200800016017B02,7,1,1
200800016066,2008-03-29,2008,mars,samedi,10:15,31,31320,43.321,1.241,2,1,5,1,1,3,2,02,1,1,000,058,1,0,1,1,1,9,5,0,0,00,0,0,9,200800016066A01,1,1,2
200800016066,2008-03-29,2008,mars,samedi,10:15,31,31320,43.321,1.241,2,1,5,1,1,3,2,02,1,1,000,058,1,0,1,3,2,47,5,0,0,00,2,1,1,200800016066B02,1,9/1,2
200800016066,2008-03-29,2008,mars,samedi,10:15,31,31320,43.321,1.241,2,1,5,1,1,3,2,02,1,1,000,058,1,0,1,4,1,67,5,0,0,00,2,7,1,200800016066C03,1,9/1,2
200800016073,2008-03-30,2008,mars,dimanche,15:45,31,31366,43.455,1.531,1,1,1,1,1,3,2,02,1,1,000,055,1,0,1,3,1,51,5,1,2,00,0,1,1,200800016073B02,7,5,1
200800016146,2008-03-15,2008,mars,samedi,14:30,69,69222,0,0,1,1,1,1,1,3,2,02,2,4,000,070,1,0,1,4,1,38,5,1,2,00,2,1,1,200800016146A01,7,1,1
200800016158,2008-03-19,2008,mars,mercredi,18:15,01,01004,0,0,2,1,1,1,1,4,2,02,1,1,000,082,1,0,1,3,1,18,9,1,2,01,0,1,1,200800016158A01,15,0,1
200800016177,2008-03-23,2008,mars,dimanche,19:00,07,07143,0,0,1,1,2,2,1,3,2,02,1,1,000,070,1,0,1,3,1,50,0,0,0,00,0,4,13,200800016177B02,7,1,1
200800016182,2008-03-23,2008,mars,dimanche,63:0,26,26085,0,0,1,1,5,2,1,2,2,01,1,1,000,087,1,0,1,3,1,62,5,1,2,00,0,4,2,200800016182B02,7,1,1
200800016182,2008-03-23,2008,mars,dimanche,63:0,26,26085,0,0,1,1,5,2,1,2,2,01,1,1,000,087,1,0,1,3,1,57,0,1,2,00,0,4,2,200800016182B02,7,1,1
200800016182,2008-03-23,2008,mars,dimanche,63:0,26,26085,0,0,1,1,5,2,1,2,2,01,1,1,000,087,1,0,1,3,1,58,5,1,2,00,0,4,2,200800016182C03,7,1,1
200800016182,2008-03-23,2008,mars,dimanche,63:0,26,26085,0,0,1,1,5,2,1,2,2,01,1,1,000,087,1,0,1,3,2,38,5,1,2,00,0,4,2,200800016182D04,7,1,1
200800016226,2008-03-15,2008,mars,samedi,81:5,38,38349,45.343,4.785,1,9,3,1,1,3,2,03,2,2,000,060,1,5,1,4,1,64,5,1,9,00,2,1,1,200800016226B02,7,17,1
200800016247,2008-03-16,2008,mars,dimanche,31:5,73,73028,45.663,5.701,1,1,1,3,3,3,2,02,1,4,000,076,2,0,1,3,1,67,3,1,2,00,2,1,13,200800016247B02,7,21,1
200800016267,2008-03-14,2008,mars,vendredi,84:5,74,74250,0,0,2,3,3,1,1,3,2,02,1,1,000,060,1,5,1,4,1,40,1,0,0,00,2,4,15,200800016267B02,7,15,1
200800016304,2008-03-22,2008,mars,samedi,14:45,03,03036,0,0,2,1,1,1,1,3,2,02,2,-1,000,000,1,5,1,3,1,72,5,1,2,00,2,0,1,200800016304B02,7,19,1
200800016376,2008-03-05,2008,mars,mercredi,90:0,67,67028,48.374,7.59,2,1,3,1,1,4,2,02,1,1,000,054,1,0,1,3,2,80,0,0,0,00,2,8,9,200800016376B02,7,1,1
200800016440,2008-03-29,2008,mars,samedi,16:30,08,08125,0,0,2,1,5,1,1,3,2,02,2,1,000,051,1,0,1,3,1,9,5,0,0,00,2,1,15,200800016440B02,7,17/0,2
200800016498,2008-03-30,2008,mars,dimanche,18:15,71,71491,46.413,4.034,1,1,2,1,2,3,2,00,1,1,000,065,2,0,1,3,1,16,5,1,2,00,0,4,2,200800016498B02,7,2,1
200800016504,2008-03-01,2008,mars,samedi,16:30,89,89365,47.691,2.979,1,1,1,1,1,3,2,00,1,-1,000,069,1,0,0,4,1,57,5,0,0,13,0,3,21,200800016504B02,7,17,1
200800016524,2008-03-21,2008,mars,vendredi,18:30,25,25057,0,0,1,1,2,3,3,3,2,00,1,1,000,085,2,0,1,3,1,48,1,1,2,00,2,4,2,200800016524B02,7,2,1
200800016561,2008-03-14,2008,mars,vendredi,18:00,13,13015,0,0,2,1,3,1,1,2,3,02,1,-1,025,000,-1,0,0,3,1,59,5,0,0,00,0,1,1,200800016561B02,10,9,1
200800016580,2008-03-19,2008,mars,mercredi,84:5,13,13086,0,0,1,1,3,1,1,3,2,00,1,4,000,000,1,0,1,3,1,50,5,1,2,00,2,3,13,200800016580B02,7,1,1
200800016617,2008-03-12,2008,mars,mercredi,15:45,83,83106,0,0,2,1,6,1,1,4,2,01,2,1,000,040,1,0,1,3,1,12,5,1,2,00,2,1,9,200800016617B02,7,1,1
200800016629,2008-03-04,2008,mars,mardi,93:0,83,83035,0,0,2,2,3,1,6,3,3,02,1,1,050,060,1,5,1,3,1,44,5,0,0,00,2,7,1,200800016629A01,7,19,1
200800016646,2008-03-15,2008,mars,samedi,13:45,84,84017,0,0,1,1,6,1,1,3,2,02,2,3,000,045,1,0,1,3,1,16,5,1,2,12,0,1,1,200800016646A01,,,
200800016716,2008-03-27,2008,mars,jeudi,13:15,30,30274,44.186,4.105,2,1,1,1,1,3,2,02,1,1,000,050,1,0,1,3,2,57,5,0,0,00,2,6,19,200800016716B02,7,1,1
200800016719,2008-03-05,2008,mars,mercredi,11:00,30,30037,0,0,2,9,1,1,1,3,2,02,1,1,000,055,1,0,1,3,1,54,5,0,0,00,2,1,15,200800016719B02,7,15,1
200800016728,2008-03-14,2008,mars,vendredi,16:30,30,30180,0,0,1,1,1,1,1,3,2,02,1,1,000,053,1,0,1,4,1,14,2,0,0,00,2,7,19,200800016728A01,7,1,1
200800016733,2008-03-06,2008,mars,jeudi,17:45,48,48092,0,0,2,3,3,1,1,4,2,00,2,1,000,021,1,6,0,4,1,11,5,1,2,00,2,1,1,200800016733B02,7,1,1
200800016734,2008-03-28,2008,mars,vendredi,81:5,66,66026,42.566,2.906,1,1,2,1,8,3,2,02,1,1,000,064,1,0,1,2,1,81,5,1,4,00,2,4,2,200800016734B02,7,2,1
200800016776,2008-03-26,2008,mars,mercredi,11:30,91,91630,48.569,2.061,2,1,1,1,1,3,2,00,-1,-1,000,000,-1,0,0,3,1,65,5,0,0,14,9,1,1,200800016776A01,33,1,1
200800016811,2008-03-15,2008,mars,samedi,41:5,45,45155,0,0,1,1,2,3,1,3,2,02,1,1,000,065,1,0,1,3,1,29,1,1,9,00,0,4,2,200800016811B02,7,2,1
200800017088,2008-04-01,2008,avril,mardi,90:0,33,33422,44.811,-0.794,1,6,3,1,1,3,2,00,1,1,020,090,1,6,1,3,1,16,2,0,0,00,2,7,19,200800017088B02,7,1,1
200800017145,2008-04-16,2008,avril,mercredi,11:15,13,13080,0,0,1,1,1,1,1,3,2,02,1,1,000,066,1,0,1,3,1,65,5,0,0,00,0,0,0,200800017145B02,14,1,1
200800017170,2008-04-13,2008,avril,dimanche,16:45,34,34082,0,0,1,1,6,1,1,3,2,00,2,1,000,048,1,0,3,3,1,66,5,1,2,02,0,1,1,200800017170A01,,,
200800017173,2008-04-23,2008,avril,mercredi,17:30,06,06152,0,0,2,1,1,1,1,3,2,02,3,1,000,070,1,0,1,3,1,42,0,0,0,00,2,1,18,200800017173B02,7,15,1
200800017276,2008-04-02,2008,avril,mercredi,93:0,33,33070,45.052,-0.949,1,3,1,1,1,3,2,02,1,1,000,061,1,0,0,1,1,57,5,0,0,00,0,0,16,200800017276B02,10,17,1
200800017291,2008-04-04,2008,avril,vendredi,18:30,37,37109,47.404,0.598,2,1,1,1,1,3,2,00,2,1,000,000,1,0,1,3,1,13,5,0,0,00,2,1,1,200800017291B02,7,20,1
200800017356,2008-04-25,2008,avril,vendredi,11:15,91,91635,48.729,2.19,1,1,1,1,1,3,2,00,1,1,000,080,1,0,1,3,1,78,5,1,2,00,2,1,13,200800017356B02,10,1,1
200800017363,2008-04-16,2008,avril,mercredi,20:00,91,91156,48.456,2.365,1,1,3,1,1,4,2,02,2,4,000,066,1,0,1,3,2,11,5,0,0,00,2,8,1,200800017363B02,7,1,1
200800017372,2008-04-18,2008,avril,vendredi,17:45,78,78576,0,0,1,1,7,1,1,3,2,02,1,1,000,054,1,0,1,4,1,28,1,0,0,00,0,0,2,200800017372A01,,,
200800017384,2008-04-07,2008,avril,lundi,18:30,2B,2B135,41.992,9.295,2,1,1,1,1,3,2,02,1,1,000,044,1,0,1,4,1,17,5,0,0,00,2,2,13,200800017384A01,7,1,1
200800017403,2008-04-06,2008,avril,dimanche,81:5,66,66148,0,0,1,1,1,1,1,2,2,02,2,3,000,074,1,0,1,3,2,56,5,1,2,00,2,1,13,200800017403A01,7,1,1
200800017420,2008-04-02,2008,avril,mercredi,15:30,30,30122,0,0,1,1,1,1,1,3,-1,02,-1,1,000,060,1,0,1,3,1,16,5,1,2,00,0,4,1,200800017420B02,7,1,1
200800017443,2008-04-19,2008,avril,samedi,93:0,30,30133,0,0,2,1,3,1,1,9,2,00,1,1,000,070,1,0,1,3,1,9,5,1,2,00,2,1,16,200800017443B02,7,1,1
200800017447,2008-04-26,2008,avril,samedi,18:00,11,11170,0,0,2,1,3,1,1,4,2,02,1,1,000,000,1,0,1,4,2,14,5,0,0,00,2,1,15,200800017447B02,7,1,1
200800017450,2008-04-12,2008,avril,samedi,16:30,11,11024,0,0,2,9,1,1,1,3,2,02,-1,1,000,065,1,0,1,2,1,9,5,0,0,00,2,3,19,200800017450A01,7,1,1
200800017478,2008-04-13,2008,avril,dimanche,14:15,34,34017,43.469,3.462,2,1,1,1,1,4,2,00,2,1,000,040,1,0,1,3,1,14,5,0,0,00,2,1,1,200800017478A01,10,1,1
200800017489,2008-04-16,2008,avril,mercredi,11:15,84,84069,0,0,1,1,1,1,1,3,2,02,4,3,000,057,1,0,1,3,1,41,5,1,2,00,2,1,1,200800017489B02,33,1,1
200800017511,2008-04-24,2008,avril,jeudi,15:00,83,83085,0,0,1,1,3,1,1,3,2,02,1,1,050,060,1,5,1,3,1,61,5,1,2,00,2,7,1,200800017511A01,10,19,1
200800017515,2008-04-28,2008,avril,lundi,14:45,83,83068,0,0,1,1,6,1,1,9,-1,00,-1,1,000,000,1,0,5,3,1,63,5,1,2,08,0,1,1,200800017515A01,,,
200800017548,2008-04-28,2008,avril,lundi,19:30,06,06161,0,0,1,1,7,1,2,3,2,02,-1,1,000,000,1,0,5,3,1,58,5,0,0,00,0,0,0,200800017548A01,,,
200800017552,2008-04-23,2008,avril,mercredi,17:15,06,06091,0,0,2,3,3,1,1,3,2,00,1,3,000,070,1,0,1,4,1,10,5,0,0,00,2,1,19,200800017552A01,7,1,1
200800017607,2008-04-27,2008,avril,dimanche,16:30,39,39581,0,0,2,3,3,1,1,3,2,00,1,1,000,070,1,0,1,3,1,13,5,0,0,00,2,1,0,200800017607A01,7,16,1
200800017640,2008-04-01,2008,avril,mardi,17:15,25,25631,47.163,5.93,2,1,2,1,1,3,2,02,2,2,000,061,1,0,1,4,1,12,5,0,0,00,2,4,1,200800017640B02,7,2,1
200800017697,2008-04-17,2008,avril,jeudi,18:00,51,51630,48.946,3.924,1,1,1,1,1,3,2,02,3,1,000,058,1,0,1,2,1,53,5,0,0,00,0,4,1,200800017697B02,7,0,1
200800017702,2008-04-28,2008,avril,lundi,13:15,68,68063,47.808,7.177,2,1,1,1,1,3,2,02,1,1,000,135,1,0,1,3,1,11,2,0,0,00,2,2,19,200800017702B02,7,1,1
200800017707,2008-04-11,2008,avril,vendredi,15:45,68,68349,0,0,2,2,3,1,2,3,2,00,1,1,000,112,2,0,1,3,1,81,5,0,0,00,2,7,19,200800017707B02,10,1,1
200800017822,2008-04-24,2008,avril,jeudi,12:00,74,74044,0,0,1,2,3,1,1,3,2,02,1,1,000,120,1,0,1,3,1,71,5,0,0,00,2,1,1,200800017822B02,7,1,1
200800017875,2008-04-17,2008,avril,jeudi,16:15,38,38562,0,0,2,1,1,1,1,4,2,00,2,3,000,030,1,0,1,3,1,10,5,0,0,00,2,1,1,200800017875A01,2,1,1
200800017888,2008-04-19,2008,avril,samedi,13:15,26,26325,45.3,4.813,2,1,1,1,1,2,2,00,3,1,000,060,1,0,1,4,1,22,5,1,2,00,2,1,1,200800017888B02,7,17,1
200800017901,2008-04-06,2008,avril,dimanche,15:45,26,26368,44.708,5.256,1,1,1,1,1,4,2,02,3,2,000,023,9,0,1,3,1,42,5,0,0,00,2,1,14,200800017901A01,2,21,1
200800017903,2008-04-19,2008,avril,samedi,17:15,26,26011,0,0,2,6,3,1,1,3,4,01,1,-1,000,000,1,5,1,3,1,7,0,1,2,00,2,3,0,200800017903B02,10,1,1
200800017977,2008-04-12,2008,avril,samedi,10:45,82,82037,44.163,1.543,2,1,1,1,1,3,2,00,1,1,000,074,1,0,1,3,1,27,5,0,0,00,2,1,1,200800017977B02,7,15,1
200800017985,2008-04-29,2008,avril,mardi,15:15,81,81174,43.791,2.094,1,1,7,1,1,3,2,02,2,3,000,050,1,0,1,3,2,45,5,0,0,00,0,0,1,200800017985A01,,,
200800017988,2008-04-27,2008,avril,dimanche,11:30,81,81097,43.887,2.226,2,1,3,1,1,3,2,02,1,1,000,057,1,0,1,2,2,19,5,1,2,00,0,8,15,200800017988B02,7,17,1
200800017996,2008-04-03,2008,avril,jeudi,17:30,46,46257,0,0,1,1,1,1,1,3,2,02,-1,1,000,070,1,0,1,3,1,60,5,1,2,00,0,0,1,200800017996B02,38,17,1
200800018034,2008-04-19,2008,avril,samedi,18:45,31,31573,43.663,1.664,2,1,1,1,7,3,2,00,-1,1,050,000,1,0,1,3,1,10,5,0,0,00,2,8,19,200800018034B02,7,1,1
200800018047,2008-04-04,2008,avril,vendredi,17:00,31,31120,0,0,1,1,1,1,7,3,2,02,1,-1,000,045,1,0,0,4,1,54,5,0,0,00,2,1,15,200800018047B02,7,15,1
200800018143,2008-04-25,2008,avril,vendredi,93:0,47,47274,0,0,1,1,2,1,1,3,2,00,1,2,000,045,1,0,1,1,2,9,5,0,0,00,2,4,1,200800018143A01,33,1,1
200800018152,2008-04-03,2008,avril,jeudi,91:5,40,40155,43.91,-1.225,1,1,3,1,1,3,2,02,1,1,000,060,1,0,1,3,1,81,3,0,0,00,2,8,15,200800018152A01,17,17,1
200800018161,2008-04-08,2008,avril,mardi,15:45,24,24352,0,0,2,1,6,1,1,4,2,02,-1,-1,000,070,1,0,1,3,1,22,5,0,0,00,0,0,1,200800018161A01,7,15,1
200800018166,2008-04-24,2008,avril,jeudi,16:30,24,24177,44.791,0.645,2,1,3,1,1,3,2,02,1,1,000,050,1,0,1,3,2,13,5,1,9,00,2,7,19,200800018166A01,10,1,1
200800018195,2008-04-05,2008,avril,samedi,16:15,33,33213,44.687,-0.527,2,1,1,1,1,9,2,02,2,1,000,059,1,0,1,3,1,62,0,1,2,00,2,1,1,200800018195B02,7,15,1
200800018196,2008-04-16,2008,avril,mercredi,10:15,33,33397,0,0,1,1,3,1,1,3,2,02,1,2,000,000,1,0,1,3,1,63,3,0,0,00,2,8,1,200800018196B02,17,17,1
200800018202,2008-04-02,2008,avril,mercredi,19:00,33,33539,0,0,1,6,2,2,1,3,2,00,1,-1,000,000,1,5,1,3,1,40,0,1,2,00,2,4,9,200800018202A01,7,9,1
200800018217,2008-04-20,2008,avril,dimanche,11:15,85,85162,46.438,-0.684,2,1,6,1,1,3,2,01,1,4,000,053,1,0,1,4,1,44,5,0,0,00,1,1,1,200800018217A01,,,
200800018221,2008-04-25,2008,avril,vendredi,17:30,85,85155,46.708,-1.503,1,1,1,1,1,3,3,02,1,1,000,076,1,0,1,2,1,40,5,0,0,00,2,4,2,200800018221B02,14,1,1
200800018223,2008-04-26,2008,avril,samedi,10:45,33,33236,0,0,2,1,6,1,1,3,2,02,1,1,000,072,1,0,1,1,1,55,5,0,0,00,1,1,1,200800018223A01,,,
200800018226,2008-04-04,2008,avril,vendredi,12:45,85,85084,0,0,2,1,3,1,1,4,2,02,1,1,000,045,1,0,1,3,1,13,2,1,9,00,2,8,13,200800018226A01,7,1,1
200800018240,2008-04-21,2008,avril,lundi,17:00,53,53208,48.441,-0.209,1,1,3,1,1,3,2,02,3,1,000,059,1,0,1,3,1,58,5,1,2,00,2,8,1,200800018240A01,7,1,1
200800018282,2008-04-30,2008,avril,mercredi,18:15,44,44199,47.742,-1.303,2,1,1,1,1,3,2,02,1,1,000,053,1,0,1,3,1,15,5,0,0,00,2,8,19,200800018282B02,7,1,1
200800018301,2008-04-25,2008,avril,vendredi,18:15,61,61326,0,0,2,7,3,1,1,9,-1,00,-1,1,000,000,1,6,0,3,1,9,0,0,0,00,2,1,1,200800018301B02,7,20,1
200800018325,2008-04-24,2008,avril,jeudi,17:45,14,14654,49.035,-0.025,1,1,2,1,1,3,2,02,1,1,013,104,1,5,1,4,1,50,5,1,4,00,2,4,2,200800018325B02,10,2,1
200800018346,2008-04-17,2008,avril,jeudi,94:5,29,29266,48.526,-3.946,2,1,1,1,1,3,2,00,1,1,000,060,1,0,1,3,1,21,5,1,2,00,2,1,1,200800018346B02,7,10,1
200800018354,2008-04-25,2008,avril,vendredi,10:00,29,29235,48.401,-4.393,2,1,1,1,1,3,-1,02,2,1,000,000,1,0,1,3,1,74,5,1,2,00,0,0,2,200800018354B02,15,17,1