Num_Acc,date,an,mois,jour,hrmn,dep,com,lat,long,agg,int,col,lum,atm,catr,circ,nbv,prof,plan,lartpc,larrout,surf,infra,situ,grav,sexe,age,trajet,secuexist,equipement,obs,obsm,choc,manv,vehiculeid,typevehicules,manoeuvehicules,numVehicules
200800018375,2008-04-05,2008,avril,samedi,19:00,22,22275,48.148,-2.699,1,1,3,1,1,3,2,00,1,1,000,070,1,0,1,3,1,61,5,1,2,00,2,8,1,200800018375B02,7,1,1
200800018421,2008-04-07,2008,avril,lundi,15:30,76,76387,49.715,0.888,1,2,3,1,1,3,2,02,1,1,000,048,1,0,1,3,1,79,5,0,0,00,2,1,1,200800018421A01,7,1,1
200800018430,2008-04-25,2008,avril,vendredi,13:30,76,76285,49.416,1.3,1,1,6,1,1,3,2,02,1,2,000,055,1,0,1,3,1,55,0,1,2,00,0,6,1,200800018430A01,,,
200800018530,2008-04-03,2008,avril,jeudi,10:45,59,59092,50.286,3.319,2,1,3,1,1,4,2,02,2,1,000,070,1,0,1,3,1,34,5,0,0,00,2,1,2,200800018530B02,7,15,1
200800018531,2008-04-30,2008,avril,mercredi,94:5,59,59580,50.812,2.583,2,1,2,1,1,3,2,02,1,-1,119,059,1,5,1,3,2,62,9,0,0,00,2,4,2,200800018531B02,7,2,1
200800018532,2008-04-04,2008,avril,vendredi,18:15,59,59400,0,0,2,1,1,1,1,3,2,02,1,1,000,000,1,0,1,3,2,54,3,0,0,00,2,1,1,200800018532B02,7,13,1
200800018543,2008-04-30,2008,avril,mercredi,18:45,59,59278,0,0,2,1,1,1,1,4,2,00,-1,-1,041,000,-1,0,0,3,1,15,9,0,0,00,2,0,1,200800018543B02,7,1,1
200800018546,2008-04-05,2008,avril,samedi,16:15,59,59524,50.563,2.903,2,1,1,1,1,3,2,02,2,3,000,070,1,0,1,3,1,86,5,0,0,01,0,7,1,200800018546A01,10,24,1
200800018569,2008-04-27,2008,avril,dimanche,11:20,92,92004,0,0,2,2,3,1,1,4,-1,02,1,1,000,067,1,0,0,4,1,36,5,1,9,00,2,1,5,200800018569A01,7,1,1
200800018588,2008-04-22,2008,avril,mardi,18:55,47,47001,0,0,2,1,3,1,1,4,1,01,1,1,000,000,1,0,1,3,1,9,5,1,2,00,2,1,1,200800018588B01,7,5,1
200800018614,2008-04-19,2008,avril,samedi,14:00,76,76497,0,0,2,1,6,1,1,2,1,02,1,2,000,100,1,0,1,3,1,39,5,1,2,00,2,2,16,200800018614B01,7,2,1
200800018616,2008-04-24,2008,avril,jeudi,14:20,76,76540,0,0,2,3,6,1,1,3,1,01,1,1,000,000,1,3,1,4,1,57,0,1,9,00,2,0,0,200800018616B01,7,0,1
200800018634,2008-04-04,2008,avril,vendredi,14:10,93,93013,0,0,2,2,3,1,1,2,2,02,1,-1,000,000,1,5,1,4,1,77,5,1,9,00,2,7,2,200800018634B01,15,13,1
200800018635,2008-04-06,2008,avril,dimanche,15:50,93,93027,0,0,2,1,2,1,8,4,1,03,-1,-1,000,000,-1,0,1,3,1,28,0,1,2,00,0,4,1,200800018635B01,7,1,1
200800018638,2008-04-20,2008,avril,dimanche,18:21,93,93030,0,0,2,1,3,1,8,9,1,01,-1,-1,000,000,-1,0,0,3,1,7,0,1,9,00,2,1,0,200800018638B01,7,4,1
200800018652,2008-04-02,2008,avril,mercredi,16:31,42,42127,0,0,2,2,3,1,1,4,2,02,1,1,000,050,1,0,1,4,1,17,5,1,9,00,2,2,0,200800018652B01,7,1,1
200800018653,2008-04-10,2008,avril,jeudi,65:0,42,42187,0,0,2,6,3,2,2,4,3,02,1,1,022,100,2,0,1,4,2,55,1,1,9,00,2,0,1,200800018653B01,7,1,1
200800018654,2008-04-12,2008,avril,samedi,11:35,42,42187,0,0,2,2,3,1,1,4,2,02,1,1,000,072,1,0,1,4,1,62,0,1,9,00,2,3,0,200800018654B01,7,16,1
200800018679,2008-04-02,2008,avril,mercredi,11:00,02,02691,0,0,2,3,6,1,1,4,2,02,1,1,000,000,1,0,1,4,1,13,5,1,9,00,2,1,19,200800018679B01,7,1,1
200800018684,2008-04-23,2008,avril,mercredi,17:10,02,02691,0,0,2,3,3,1,1,4,2,02,2,1,000,081,2,0,0,3,1,42,5,1,9,00,2,6,1,200800018684B01,7,9,1
200800018702,2008-04-01,2008,avril,mardi,14:10,05,05023,0,0,2,3,3,1,1,2,2,02,2,2,000,100,1,0,1,4,1,68,5,1,2,00,2,7,1,200800018702B01,7,9,1
200800018718,2008-04-29,2008,avril,mardi,17:50,06,06004,0,0,2,1,2,1,1,3,2,02,1,1,000,084,1,0,0,4,2,17,2,1,9,00,2,0,0,200800018718B01,2,0,1
200800018753,2008-04-07,2008,avril,lundi,13:30,06,06029,0,0,2,1,3,1,1,2,2,02,1,1,011,078,1,0,1,3,1,13,5,1,9,00,2,1,13,200800018753A01,7,1,1
200800018826,2008-04-19,2008,avril,samedi,17:40,06,06083,0,0,2,1,1,1,1,3,3,02,1,1,000,033,1,0,1,3,2,9,5,1,2,00,0,9,1,200800018826B01,7,1,1
200800018832,2008-04-01,2008,avril,mardi,18:30,06,06088,0,0,2,2,3,1,1,4,1,02,1,1,000,050,1,0,1,4,2,53,0,1,2,00,2,0,1,200800018832B01,7,9,1
200800018835,2008-04-02,2008,avril,mercredi,74:5,06,06088,0,0,2,1,2,1,1,4,2,02,1,1,000,080,1,0,1,4,2,61,0,1,2,00,2,4,1,200800018835B01,7,1,1
200800018848,2008-04-04,2008,avril,vendredi,14:40,06,06088,0,0,2,1,3,1,1,4,3,03,1,1,000,080,1,0,1,4,1,8,0,1,4,00,2,8,0,200800018848A01,33,2,1
200800018851,2008-04-05,2008,avril,samedi,13:10,06,06088,0,0,2,1,3,1,1,4,1,03,1,1,050,110,1,0,1,4,2,50,5,1,9,00,2,1,19,200800018851A01,7,1,1
200800018878,2008-04-12,2008,avril,samedi,19:30,06,06088,0,0,2,1,6,1,1,3,2,02,2,2,000,060,1,0,1,3,1,24,1,1,9,06,0,0,1,200800018878A01,,,
200800018889,2008-04-16,2008,avril,mercredi,10:00,06,06088,0,0,2,1,6,1,1,4,-1,01,1,1,000,000,1,0,4,1,1,6,5,1,2,00,1,1,1,200800018889A01,,,
200800018938,2008-04-30,2008,avril,mercredi,11:10,06,06088,0,0,2,1,3,1,1,4,2,04,1,1,000,100,1,0,1,4,1,40,5,1,4,00,2,3,2,200800018938B01,7,16,1
200800018966,2008-04-24,2008,avril,jeudi,11:35,11,11262,0,0,2,1,7,1,1,4,2,00,1,1,000,000,1,0,1,3,1,75,0,1,2,00,0,0,0,200800018966A01,,,
200800018971,2008-04-29,2008,avril,mardi,19:15,12,12145,0,0,2,1,2,1,1,4,2,02,4,1,000,055,1,0,1,3,2,36,1,1,9,00,2,4,1,200800018971B01,7,2,1
200800018974,2008-04-02,2008,avril,mercredi,80:0,13,13001,0,0,2,1,2,1,1,4,2,00,1,-1,000,000,1,0,1,4,1,37,1,1,9,00,0,0,0,200800018974B01,7,0,1
200800018982,2008-04-13,2008,avril,dimanche,17:45,13,13004,0,0,2,4,3,1,1,4,1,01,1,1,000,040,1,0,0,3,2,69,0,1,9,00,2,1,1,200800018982B01,7,16,1
200800018986,2008-04-24,2008,avril,jeudi,64:0,13,13004,0,0,2,1,3,2,1,4,2,02,2,1,000,086,1,0,1,4,1,17,5,1,9,00,2,7,1,200800018986A01,7,1,1
200800018997,2008-04-16,2008,avril,mercredi,15:10,13,13047,0,0,1,1,3,1,1,2,2,02,1,1,000,071,1,2,1,4,1,74,5,1,2,00,2,8,2,200800018997B01,7,2,1
200800019208,2008-04-06,2008,avril,dimanche,17:55,13,13026,0,0,2,3,3,1,1,4,2,02,1,1,000,060,1,0,1,4,1,15,5,1,9,00,2,8,9,200800019208A01,10,1,1
200800019215,2008-04-27,2008,avril,dimanche,91:5,13,13056,0,0,2,3,3,1,1,4,2,02,2,1,000,060,1,0,1,4,1,56,5,1,2,00,2,1,2,200800019215B01,10,9,1
200800019236,2008-04-09,2008,avril,mercredi,18:55,17,17299,0,0,2,1,6,1,1,4,2,02,1,1,000,081,1,0,1,4,1,15,5,1,9,00,2,1,1,200800019236B01,7,22,1
200800019238,2008-04-15,2008,avril,mardi,94:0,17,17299,0,0,2,1,7,1,1,4,2,02,1,1,000,085,1,0,5,4,2,61,5,1,2,12,0,0,1,200800019238A01,,,
200800019239,2008-04-15,2008,avril,mardi,12:30,17,17299,0,0,2,6,3,1,1,4,1,02,1,2,000,072,1,5,5,3,2,48,1,1,9,00,2,1,1,200800019239B01,7,1,1
200800019243,2008-04-25,2008,avril,vendredi,18:25,17,17449,0,0,2,3,3,1,1,4,2,02,1,1,000,034,1,5,1,4,1,11,5,1,9,00,2,1,1,200800019243A01,7,1,1
200800019243,2008-04-25,2008,avril,vendredi,18:25,17,17449,0,0,2,3,3,1,1,4,2,02,1,1,000,034,1,5,1,4,2,17,0,1,9,00,2,1,1,200800019243A01,7,1,1
200800019269,2008-04-28,2008,avril,lundi,18:00,17,17300,0,0,2,1,3,1,1,4,2,02,1,1,000,000,1,0,1,4,2,15,5,1,2,00,2,1,15,200800019269A01,7,1,1
200800019277,2008-04-30,2008,avril,mercredi,16:26,17,17333,0,0,2,1,6,1,1,4,2,02,1,1,000,000,1,0,1,4,2,16,5,1,9,00,0,1,1,200800019277A01,,,
200800019289,2008-04-11,2008,avril,vendredi,18:10,18,18205,0,0,2,2,3,1,1,4,2,02,1,1,000,100,1,0,1,4,1,22,5,1,2,00,2,1,2,200800019289A01,7,2,1
200800019295,2008-04-24,2008,avril,jeudi,84:5,18,18033,0,0,2,2,3,1,1,4,2,02,1,1,000,060,1,0,1,3,2,35,1,1,9,00,2,1,1,200800019295B01,7,15,1
200800019297,2008-04-29,2008,avril,mardi,17:35,18,18033,0,0,2,6,3,1,2,4,2,02,1,1,000,150,2,0,1,4,1,34,1,1,9,00,2,7,2,200800019297B01,7,2,1
200800019304,2008-04-16,2008,avril,mercredi,95:0,19,19031,45.15937,4.53057,2,1,2,1,1,4,1,01,1,1,000,000,1,0,1,3,2,76,3,1,2,00,2,4,2,200800019304B01,7,2,1
200800019318,2008-04-15,2008,avril,mardi,75:0,21,21231,0,0,2,2,1,1,1,4,2,02,1,1,000,050,1,0,1,4,1,37,1,1,9,00,2,1,13,200800019318A01,7,15,1
200800019339,2008-04-06,2008,avril,dimanche,12:05,22,22360,0,0,2,1,2,1,1,4,1,00,1,2,000,000,1,0,1,4,1,39,0,1,9,00,2,4,2,200800019339B01,7,2,1
200800019365,2008-04-09,2008,avril,mercredi,16:49,25,25056,0,0,2,1,1,1,3,4,-1,00,-1,-1,000,000,2,0,0,4,1,25,3,1,9,00,2,1,0,200800019365B01,7,1,1
200800019391,2008-04-30,2008,avril,mercredi,11:20,26,26362,0,0,2,1,6,1,1,4,1,02,1,1,000,080,1,0,1,4,2,57,0,1,2,00,2,1,1,200800019391B01,7,1,1
200800019409,2008-04-27,2008,avril,dimanche,12:30,27,27681,0,0,2,1,6,1,1,4,2,01,1,1,000,045,1,0,1,4,1,13,5,1,2,01,0,1,1,200800019409A01,,,
200800019410,2008-04-10,2008,avril,jeudi,14:40,27,27681,0,0,2,7,6,1,1,6,-1,00,1,-1,000,000,1,0,0,3,1,19,5,1,2,00,2,1,1,200800019410A01,7,1,1
200800019425,2008-04-03,2008,avril,jeudi,14:45,29,29019,0,0,2,1,6,1,1,9,2,02,2,1,000,000,1,0,1,4,1,21,0,1,2,00,2,3,0,200800019425A01,7,17/1,2
200800019432,2008-04-07,2008,avril,lundi,63:0,29,29019,0,0,2,6,6,2,1,9,-1,02,-1,-1,000,000,-1,0,0,4,1,24,0,1,9,00,2,7,1,200800019432A01,7,1,1
200800019448,2008-04-20,2008,avril,dimanche,17:20,29,29039,0,0,2,1,2,1,1,4,2,01,4,1,010,063,1,0,1,4,1,17,1,1,9,00,2,6,1,200800019448B01,7,1,1
200800019489,2008-04-01,2008,avril,mardi,85:0,31,31555,0,0,2,1,4,1,1,4,1,02,1,1,000,067,1,0,1,1,2,36,1,1,2,00,2,4,1,200800019489C01,7/ 33,9/1,2
200800019525,2008-04-15,2008,avril,mardi,17:20,31,31555,0,0,2,1,2,1,1,4,2,02,1,1,000,060,1,0,1,4,1,4,5,1,9,00,2,1,19,200800019525A01,7,1,1
200800019528,2008-04-15,2008,avril,mardi,64:0,31,31555,0,0,2,3,4,2,1,4,2,02,1,1,000,040,1,0,1,3,2,24,0,1,9,00,2,1,1,200800019528C01,7,1,2
200800019530,2008-04-16,2008,avril,mercredi,11:05,31,31555,0,0,2,1,6,1,1,4,2,02,1,1,000,090,1,0,1,4,1,62,5,1,9,00,2,1,1,200800019530B01,10,22,1
200800019531,2008-04-16,2008,avril,mercredi,16:20,31,31555,0,0,2,1,3,1,1,4,2,02,1,1,000,054,1,0,1,1,1,19,5,1,9,00,2,1,13,200800019531A01,30,1,1
200800019536,2008-04-18,2008,avril,vendredi,17:15,31,31555,0,0,2,1,3,1,8,4,2,01,1,1,000,057,2,0,1,4,1,12,0,1,2,00,2,1,0,200800019536A01,7,20,1
200800019545,2008-04-23,2008,avril,mercredi,10:45,31,31555,0,0,2,1,3,1,1,4,1,01,1,1,000,034,1,0,4,4,2,46,1,1,2,00,2,1,0,200800019545B01,7,0,1
200800019577,2008-04-04,2008,avril,vendredi,16:25,33,33063,0,0,2,2,3,1,1,4,1,01,1,1,000,051,1,0,1,3,2,25,0,1,4,00,2,1,15,200800019577A01,7,1,1
200800019594,2008-04-11,2008,avril,vendredi,17:10,33,33063,0,0,2,2,3,1,1,4,1,02,1,1,000,095,1,0,1,4,2,31,0,1,4,00,2,1,1,200800019594B01,7,1,1
200800019619,2008-04-18,2008,avril,vendredi,18:30,33,33063,0,0,2,3,3,1,1,4,1,01,1,1,000,051,2,0,1,4,2,54,5,1,4,00,2,0,5,200800019619A01,10,15,1
200800019625,2008-04-15,2008,avril,mardi,17:50,33,33069,0,0,2,3,3,1,9,4,-1,02,-1,-1,000,000,-1,0,0,4,2,30,0,1,4,00,2,1,0,200800019625B01,7,16,1
200800019627,2008-04-15,2008,avril,mardi,17:40,33,33075,0,0,2,3,3,1,1,4,2,02,1,1,000,070,1,0,1,4,2,27,1,1,9,00,0,4,15,200800019627B01,2,17,1
200800019631,2008-04-15,2008,avril,mardi,19:56,33,33318,0,0,2,5,3,1,1,4,2,02,1,-1,000,070,1,0,1,4,2,22,0,1,4,00,0,0,1,200800019631B01,7,0,1
200800019641,2008-04-19,2008,avril,samedi,11:35,33,33550,0,0,2,3,3,1,1,4,2,02,1,1,000,056,1,0,1,4,1,44,5,1,9,00,2,1,1,200800019641B01,7,1,1
200800019643,2008-04-24,2008,avril,jeudi,23:00,33,33063,0,0,2,3,3,5,1,4,-1,02,1,1,000,070,1,0,1,3,1,44,0,1,4,00,0,1,15,200800019643B01,33,17,1
200800019648,2008-04-28,2008,avril,lundi,81:8,33,33063,0,0,2,1,3,1,1,4,3,05,1,1,000,000,-1,4,1,4,2,36,0,1,9,00,0,7,19,200800019648B01,40,1,1
200800019651,2008-04-30,2008,avril,mercredi,12:40,33,33063,0,0,2,1,6,1,1,4,1,02,1,1,000,054,1,0,5,3,2,21,0,1,4,00,2,1,1,200800019651B01,7,22,1
200800019686,2008-04-02,2008,avril,mercredi,15:45,34,34172,0,0,2,1,5,1,1,4,2,04,1,1,015,120,1,0,1,4,1,10,5,1,2,00,2,8,19,200800019686B01,7,1,2
200800019689,2008-04-04,2008,avril,vendredi,14:40,34,34172,0,0,2,1,2,1,1,4,2,03,1,1,000,105,1,0,1,2,2,54,5,1,9,00,0,4,1,200800019689B01,14,1,1
200800019699,2008-04-10,2008,avril,jeudi,22:16,34,34172,0,0,2,1,7,5,1,4,1,02,1,1,000,060,2,0,0,4,1,23,4,1,2,00,0,0,0,200800019699A01,,,
200800019711,2008-04-19,2008,avril,samedi,18:03,34,34172,43.60339,3.88295,2,3,3,1,1,4,1,01,1,1,000,030,1,0,1,4,1,66,5,1,4,00,2,6,0,200800019711B01,7,1,1
200800019715,2008-04-26,2008,avril,samedi,19:00,34,34172,0,0,2,2,7,1,1,4,2,03,1,1,000,090,1,5,1,4,1,31,0,1,4,00,0,0,1,200800019715A01,,,
200800019727,2008-04-08,2008,avril,mardi,70:0,34,34301,0,0,1,1,2,5,2,3,2,04,1,1,000,105,2,0,1,3,1,31,1,1,9,00,2,4,0,200800019727B01,10,1,1
200800019730,2008-04-01,2008,avril,mardi,91:5,35,35238,0,0,2,3,3,1,2,4,3,00,-1,-1,024,104,2,0,1,4,2,26,0,1,2,00,2,0,1,200800019730B01,7,16,1
200800019737,2008-04-07,2008,avril,lundi,82:0,35,35238,0,0,2,2,3,1,1,4,-1,00,-1,-1,000,000,-1,0,0,4,1,15,2,1,9,00,2,0,19,200800019737A01,7,1,1
200800019740,2008-04-08,2008,avril,mardi,20:10,35,35238,0,0,2,3,3,1,1,4,-1,02,2,1,000,000,1,0,1,4,1,22,0,1,2,00,2,0,0,200800019740A01,7,15,1
200800019746,2008-04-12,2008,avril,samedi,15:2,35,35238,0,0,2,1,2,5,1,4,1,00,3,3,000,090,1,2,1,4,1,24,5,1,2,00,2,4,0,200800019746B01,7,0,1
200800019773,2008-04-30,2008,avril,mercredi,18:20,35,35238,0,0,2,3,3,1,2,4,2,02,1,1,000,000,1,0,1,4,1,55,4,1,9,00,2,1,1,200800019773B01,7,15,1
200800019779,2008-04-02,2008,avril,mercredi,17:45,36,36159,0,0,1,3,3,1,1,3,2,02,1,1,000,000,1,0,1,3,1,54,1,1,2,00,2,1,1,200800019779A01,7,1,1
200800019780,2008-04-03,2008,avril,jeudi,15:00,36,36044,0,0,2,2,3,1,1,4,2,02,1,1,000,000,1,0,1,3,2,62,5,1,2,00,0,4,16,200800019780A01,7,1,1
200800019785,2008-04-13,2008,avril,dimanche,11:55,36,36202,0,0,2,1,2,1,3,4,2,02,1,1,000,000,2,0,1,3,1,66,5,1,2,00,0,4,1,200800019785B01,7,1,1
200800019786,2008-04-14,2008,avril,lundi,17:20,36,36044,0,0,2,3,3,1,1,4,2,02,1,1,000,000,1,0,1,3,2,16,1,1,2,00,2,1,19,200800019786B01,7,16,1
200800019791,2008-04-24,2008,avril,jeudi,17:50,36,36063,0,0,1,1,6,1,1,4,1,01,1,1,000,000,1,5,1,3,1,36,1,1,2,00,2,1,1,200800019791B01,7,16,1
200800019801,2008-04-15,2008,avril,mardi,18:30,37,37122,0,0,2,1,6,1,1,4,2,02,2,1,000,062,9,0,5,3,1,48,0,1,9,00,0,0,0,200800019801A01,1,0,1
200800019801,2008-04-15,2008,avril,mardi,18:30,37,37122,0,0,2,1,6,1,1,4,2,02,2,1,000,062,9,0,5,3,2,40,0,1,9,00,0,0,0,200800019801B01,1,0,1
200800019811,2008-04-10,2008,avril,jeudi,84:5,38,38185,0,0,2,1,1,1,2,4,2,02,1,1,000,047,2,0,5,4,2,21,2,1,9,00,2,1,1,200800019811B01,30,13,1
200800019826,2008-04-29,2008,avril,mardi,14:30,38,38185,0,0,2,1,3,1,1,4,1,04,1,1,000,100,1,0,1,4,2,28,5,1,9,00,2,3,0,200800019826B01,38,1,1
200800019836,2008-04-13,2008,avril,dimanche,11:40,40,40279,0,0,2,1,3,1,1,4,2,02,1,1,000,070,1,0,4,3,1,60,5,1,2,00,2,1,1,200800019836B01,7,15,1
200800019845,2008-04-23,2008,avril,mercredi,95:7,41,41018,0,0,2,1,6,1,1,9,-1,00,1,1,000,000,1,0,4,3,1,81,5,1,9,00,0,0,1,200800019845A01,,,
200800019861,2008-04-05,2008,avril,samedi,14:30,42,42147,0,0,2,2,3,1,1,4,2,02,1,1,000,062,1,5,1,3,1,44,5,1,2,00,0,1,19,200800019861A01,7,1,1
200800019879,2008-04-19,2008,avril,samedi,94:0,42,42218,0,0,1,1,7,1,1,4,2,02,2,3,000,060,1,0,1,3,2,81,5,1,2,00,0,1,1,200800019879A01,,,
200800019885,2008-04-26,2008,avril,samedi,15:50,42,42218,0,0,2,1,6,1,1,9,-1,00,1,1,000,000,1,6,3,1,1,8,5,1,9,00,1,0,1,200800019885A01,,,
200800019885,2008-04-26,2008,avril,samedi,15:50,42,42218,0,0,2,1,6,1,1,9,-1,00,1,1,000,000,1,6,3,4,2,55,5,0,0,00,1,0,1,200800019885A01,,,
200800019895,2008-04-02,2008,avril,mercredi,75:0,44,44109,0,0,2,1,3,4,1,4,1,02,1,2,000,000,1,5,1,4,1,35,0,1,9,00,2,2,1,200800019895B01,7,9,1
200800019939,2008-04-01,2008,avril,mardi,85:5,45,45068,0,0,2,6,3,1,1,4,2,02,1,-1,000,000,1,0,1,3,1,76,5,1,2,00,2,8,2,200800019939B01,15,2,1
200800019943,2008-04-01,2008,avril,mardi,17:00,45,45286,0,0,2,3,1,1,1,4,2,02,1,1,000,050,-1,0,1,3,1,61,0,1,2,00,2,1,1,200800019943B01,7,5,1
200800019955,2008-04-23,2008,avril,mercredi,10:30,45,45284,0,0,2,1,3,1,1,4,2,02,1,1,000,052,1,0,1,4,2,36,9,1,2,00,2,1,1,200800019955B01,10,4,1
200800019955,2008-04-23,2008,avril,mercredi,10:30,45,45284,0,0,2,1,3,1,1,4,2,02,1,1,000,052,1,0,1,4,1,2,0,1,2,00,2,1,1,200800019955B01,10,4,1
200800019972,2008-04-03,2008,avril,jeudi,92:0,47,47027,0,0,2,1,3,1,8,4,2,01,1,1,075,058,1,0,1,3,2,82,5,1,9,01,0,1,2,200800019972B01,7,22,1
200800019979,2008-04-02,2008,avril,mercredi,82:0,49,49007,0,0,2,1,3,1,1,4,-1,01,1,1,000,059,1,0,1,4,1,31,1,1,9,00,2,1,1,200800019979B01,7,20,1
200800019982,2008-04-02,2008,avril,mercredi,14:50,49,49007,0,0,2,1,6,1,1,4,-1,02,1,1,000,070,1,0,1,4,2,19,0,1,9,00,2,8,1,200800019982A01,,,
200800019989,2008-04-07,2008,avril,lundi,82:5,49,49007,0,0,2,1,3,1,1,4,-1,01,1,1,000,103,1,0,1,4,1,36,0,1,9,00,2,4,0,200800019989B01,7,0,1
200800019992,2008-04-09,2008,avril,mercredi,10:09,49,49007,0,0,2,1,1,1,2,4,2,02,1,1,000,065,2,0,1,4,2,35,0,1,9,00,2,1,0,200800019992A01,7,0,1
200800020007,2008-04-22,2008,avril,mardi,14:34,49,49007,0,0,2,1,7,1,1,4,-1,02,1,1,000,060,2,0,1,4,2,25,0,1,9,00,0,0,0,200800020007A01,,,
200800020010,2008-04-25,2008,avril,vendredi,14:20,49,49007,0,0,2,1,3,1,1,4,1,02,1,1,000,110,1,0,1,4,2,42,0,1,2,00,2,1,0,200800020010B01,7,0,1
200800020012,2008-04-26,2008,avril,samedi,16:00,49,49015,0,0,2,1,7,1,1,4,-1,01,1,1,000,000,1,0,1,4,2,81,0,1,2,00,0,0,0,200800020012A01,,,
200800020015,2008-04-29,2008,avril,mardi,16:43,49,49007,0,0,2,1,7,1,2,4,2,02,1,1,000,084,2,0,1,4,2,17,2,1,2,00,0,0,0,200800020015A01,,,
200800020031,2008-04-10,2008,avril,jeudi,18:35,50,50129,0,0,2,1,6,1,1,4,2,02,1,1,000,060,1,0,1,4,1,9,5,1,9,00,2,0,1,200800020031B01,7,4,1
200800020068,2008-04-05,2008,avril,samedi,10:45,54,54578,0,0,2,1,2,1,1,4,2,02,2,2,000,000,1,0,1,4,1,44,5,1,2,15,2,1,1,200800020068B01,7,22,1
200800020103,2008-04-27,2008,avril,dimanche,19:35,55,55505,0,0,1,3,6,1,1,4,2,02,1,2,000,063,1,0,0,3,2,48,5,1,2,00,2,8,9,200800020103B01,7,13,1
200800020121,2008-04-15,2008,avril,mardi,12:20,56,56121,0,0,2,1,3,1,1,9,2,02,1,1,000,000,1,0,2,4,2,11,5,1,9,00,2,8,15,200800020121A01,7,1,1
200800020122,2008-04-21,2008,avril,lundi,14:00,56,56121,0,0,2,6,3,1,2,9,3,02,1,1,000,000,2,0,0,4,1,61,5,1,9,00,2,7,1,200800020122B01,7,1,1
200800020124,2008-04-26,2008,avril,samedi,11:35,56,56083,0,0,2,1,7,1,1,4,2,02,1,1,000,000,8,0,1,4,1,55,0,1,2,00,0,0,1,200800020124A01,,,
200800020127,2008-04-27,2008,avril,dimanche,20:10,56,56098,0,0,2,1,3,1,1,9,2,02,2,1,000,000,1,0,1,4,1,13,5,1,9,00,2,1,15,200800020127A01,7,1,1
200800020131,2008-04-05,2008,avril,samedi,15:30,56,56260,0,0,2,1,6,1,1,4,1,03,1,1,000,070,1,0,1,3,1,10,5,1,2,00,2,8,0,200800020131A01,37,1,1
200800020138,2008-04-07,2008,avril,lundi,91:5,56,56260,0,0,2,6,3,1,1,4,1,01,1,1,000,000,1,5,1,4,1,35,9,1,2,00,2,5,1,200800020138B01,7,9,1
200800020143,2008-04-24,2008,avril,jeudi,52:5,57,57660,0,0,2,1,3,2,1,2,2,02,1,1,000,120,2,0,1,4,2,50,1,1,2,00,2,6,1,200800020143A01,7,15,1
200800020182,2008-04-22,2008,avril,mardi,11:50,59,59033,0,0,2,4,1,1,7,4,1,01,1,1,000,060,1,0,0,3,1,65,5,1,9,00,2,1,1,200800020182B01,7,15,1
200800020188,2008-04-08,2008,avril,mardi,13:10,59,59179,0,0,2,1,6,1,1,4,2,02,1,1,000,069,1,0,1,3,2,60,5,1,9,00,0,0,1,200800020188B01,7,1,1
200800020189,2008-04-16,2008,avril,mercredi,17:20,59,59589,0,0,2,2,3,1,1,4,2,02,1,1,000,061,1,0,1,4,1,19,5,1,2,00,2,1,1,200800020189B01,7,15,1
200800020190,2008-04-13,2008,avril,dimanche,22:15,59,59361,0,0,2,1,1,5,2,4,2,02,1,1,000,065,2,0,1,4,1,17,5,1,9,00,2,1,13,200800020190A01,32,1,1
200800020197,2008-04-01,2008,avril,mardi,12:20,59,59183,0,0,2,1,1,1,1,4,2,02,1,1,000,100,1,0,5,4,2,8,2,1,2,00,2,1,1,200800020197B01,30,1,1
200800020220,2008-04-03,2008,avril,jeudi,19:20,59,59350,0,0,2,3,7,1,1,4,2,02,1,1,000,110,1,0,1,4,1,19,1,1,2,00,0,0,1,200800020220B01,7,16,1
200800020223,2008-04-05,2008,avril,samedi,22:35,59,59350,0,0,2,3,3,5,1,4,2,00,1,1,000,000,1,5,1,4,1,40,1,0,0,00,2,8,19,200800020223A01,33,1,1
200800020235,2008-04-11,2008,avril,vendredi,17:45,59,59350,0,0,2,1,6,1,1,4,2,02,1,1,000,120,2,0,1,4,2,63,5,1,4,01,0,1,1,200800020235A01,,,
200800020241,2008-04-16,2008,avril,mercredi,91:0,59,59378,0,0,2,2,6,1,1,3,1,02,1,1,000,250,1,1,1,3,1,34,0,1,4,00,2,1,2,200800020241B01,7,15,1
200800020247,2008-04-17,2008,avril,jeudi,15:35,59,59350,0,0,2,1,6,1,1,4,2,03,1,1,000,140,2,0,1,4,2,17,5,1,9,00,2,1,1,200800020247B01,7,20,1
200800020248,2008-04-18,2008,avril,vendredi,16:10,59,59350,0,0,2,3,6,1,1,4,-1,00,1,1,000,050,1,0,0,4,1,43,5,1,9,00,2,8,1,200800020248B01,7,16,1
200800020263,2008-04-29,2008,avril,mardi,18:30,59,59350,0,0,2,1,6,1,1,4,2,00,1,1,000,050,1,0,1,3,1,9,5,0,0,00,2,1,19,200800020263A01,7,1,1
200800020294,2008-04-13,2008,avril,dimanche,10:15,59,59637,0,0,1,1,6,1,1,3,2,02,1,1,000,060,1,0,1,4,2,65,5,1,4,00,2,3,16,200800020294B01,7,5,1
200800020296,2008-04-26,2008,avril,samedi,21:45,59,59574,0,0,2,1,2,5,1,9,-1,00,1,1,000,000,1,0,0,4,2,18,5,1,9,00,2,3,2,200800020296A01,99,2,1
200800020323,2008-04-04,2008,avril,vendredi,10:05,59,59383,0,0,2,3,3,1,1,4,2,02,1,1,000,080,1,0,1,4,1,85,5,1,9,00,2,1,1,200800020323B01,7,15,1
200800020327,2008-04-03,2008,avril,jeudi,14:15,60,60159,0,0,2,6,3,1,1,4,4,02,1,2,000,116,1,5,1,4,1,82,5,1,9,00,2,2,9,200800020327B01,17,1,1