Num_Acc,date,an,mois,jour,hrmn,dep,com,lat,long,agg,int,col,lum,atm,catr,circ,nbv,prof,plan,lartpc,larrout,surf,infra,situ,grav,sexe,age,trajet,secuexist,equipement,obs,obsm,choc,manv,vehiculeid,typevehicules,manoeuvehicules,numVehicules
200800020328,2008-04-03,2008,avril,jeudi,19:55,60,60665,0,0,1,1,6,1,7,2,3,04,1,2,000,072,1,0,1,3,1,19,0,1,9,00,0,4,2,200800020328B01,7,2,1
200800020362,2008-04-22,2008,avril,mardi,11:55,62,62193,0,0,2,9,3,1,1,4,2,02,1,1,000,120,1,0,1,4,1,26,0,1,2,00,2,8,13,200800020362B01,7,17,1
200800020429,2008-04-14,2008,avril,lundi,15:25,64,64122,0,0,2,1,3,1,8,4,2,02,1,1,000,050,2,0,1,4,1,12,5,1,9,00,2,1,9,200800020429A01,7,1,1
200800020442,2008-04-07,2008,avril,lundi,12:45,64,64445,0,0,2,9,3,1,1,4,1,02,1,2,000,000,1,0,1,4,1,28,0,1,2,00,2,1,1,200800020442B01,7,9,1
200800020446,2008-04-10,2008,avril,jeudi,16:43,64,64445,0,0,2,1,3,1,1,4,2,02,1,1,000,000,1,0,1,4,1,13,5,1,2,00,2,1,10,200800020446A01,7,1,1
200800020463,2008-04-28,2008,avril,lundi,12:30,64,64445,0,0,2,1,6,1,1,4,2,02,1,1,000,000,1,0,1,4,2,16,5,1,9,01,0,1,1,200800020463B01,7,22,1
200800020467,2008-04-30,2008,avril,mercredi,94:0,64,64129,0,0,2,6,3,1,1,4,1,02,1,2,000,090,1,0,1,4,2,84,5,1,2,00,2,0,1,200800020467B01,7,9,1
200800020477,2008-04-15,2008,avril,mardi,17:55,64,64545,0,0,2,1,2,1,1,4,2,02,-1,1,000,000,1,0,1,4,1,54,5,1,2,00,2,1,2,200800020477A01,7,2,1
200800020483,2008-04-14,2008,avril,lundi,17:20,64,64483,0,0,2,1,3,1,1,4,1,01,1,2,000,000,1,5,1,2,1,64,5,1,2,00,2,7,1,200800020483B01,7,9,1
200800020499,2008-04-28,2008,avril,lundi,50:5,66,66136,0,0,1,1,6,3,1,3,3,02,2,1,010,070,1,0,1,2,1,45,0,1,4,00,2,4,1,200800020499C01,7,1,2
200800020501,2008-04-01,2008,avril,mardi,84:5,67,67482,0,0,2,2,3,1,1,4,2,02,1,1,000,050,1,0,1,4,1,16,2,1,9,00,2,1,1,200800020501A01,7,1,1
200800020507,2008-04-04,2008,avril,vendredi,16:00,67,67482,0,0,2,1,3,1,1,4,2,04,1,1,000,120,1,0,1,4,1,52,9,1,9,00,2,1,18,200800020507A01,7,1,1
200800020508,2008-04-04,2008,avril,vendredi,21:05,67,67482,0,0,2,2,3,3,1,4,2,02,1,1,000,060,1,0,1,1,1,15,5,1,9,00,2,1,0,200800020508A01,1,0,1
200800020508,2008-04-04,2008,avril,vendredi,21:05,67,67482,0,0,2,2,3,3,1,4,2,02,1,1,000,060,1,0,1,4,1,16,0,1,9,00,2,4,0,200800020508B01,1,0,1
200800020510,2008-04-05,2008,avril,samedi,17:50,67,67482,0,0,2,2,3,1,1,4,2,04,1,1,000,090,1,0,1,4,1,45,5,1,9,00,2,1,1,200800020510B01,14,1,1
200800020512,2008-04-08,2008,avril,mardi,83:0,67,67482,0,0,2,1,6,1,1,4,1,01,1,1,000,030,1,0,5,1,2,20,5,1,9,00,1,1,1,200800020512A01,,,
200800020513,2008-04-08,2008,avril,mardi,17:00,67,67482,0,0,2,2,3,1,1,4,1,02,1,1,000,060,1,0,1,4,1,53,1,1,9,00,2,1,19,200800020513B01,7,15,1
200800020528,2008-04-15,2008,avril,mardi,16:55,67,67482,0,0,2,1,1,1,2,4,2,02,1,1,000,045,2,0,1,4,1,28,1,1,9,00,2,1,16,200800020528A01,7,1,1
200800020533,2008-04-21,2008,avril,lundi,73:0,67,67482,0,0,2,1,1,1,1,4,2,02,1,1,000,050,1,2,5,4,1,52,1,1,9,00,2,1,1,200800020533B01,2,16,1
200800020535,2008-04-21,2008,avril,lundi,14:16,67,67482,0,0,2,1,3,1,2,4,2,03,1,1,000,045,2,0,1,1,1,36,5,1,9,00,2,1,1,200800020535B01,2,19,1
200800020536,2008-04-24,2008,avril,jeudi,85:0,67,67043,0,0,2,3,3,1,1,4,2,02,1,1,000,093,1,0,1,4,1,38,5,1,2,00,2,1,1,200800020536B01,7,1,1
200800020538,2008-04-24,2008,avril,jeudi,12:30,67,67482,0,0,2,1,6,1,1,4,2,02,1,1,000,000,1,0,1,4,1,57,0,1,9,00,1,1,1,200800020538A01,,,
200800020548,2008-04-30,2008,avril,mercredi,13:50,67,67482,0,0,2,2,3,1,1,4,2,02,1,1,000,050,1,0,0,4,1,12,5,1,9,00,2,7,1,200800020548B01,7,16,1
200800020550,2008-04-04,2008,avril,vendredi,18:25,68,68066,0,0,2,6,3,1,1,3,2,02,2,1,000,080,1,0,0,4,1,61,5,1,2,00,2,5,1,200800020550B01,7,1,1
200800020560,2008-04-06,2008,avril,dimanche,19:55,68,68224,0,0,2,1,6,5,1,2,-1,00,1,-1,000,000,1,0,5,3,1,14,5,1,9,00,0,1,0,200800020560B01,7,0,1
200800020575,2008-04-23,2008,avril,mercredi,14:25,69,69142,0,0,1,1,2,1,1,3,1,04,1,1,000,036,1,2,1,3,1,53,1,1,2,00,0,4,2,200800020575B01,7,2,1
200800020579,2008-04-02,2008,avril,mercredi,91:5,69,69256,0,0,2,6,3,1,1,4,2,02,1,1,000,000,1,0,1,3,1,80,0,1,2,00,2,8,19,200800020579B01,14,16,1
200800020594,2008-04-18,2008,avril,vendredi,16:15,69,69266,0,0,2,2,3,1,1,4,1,01,1,1,000,000,1,0,5,4,1,48,1,1,2,00,2,7,1,200800020594B01,10,1,1
200800020599,2008-04-12,2008,avril,samedi,13:45,69,69275,0,0,2,8,6,1,1,9,-1,02,1,1,000,000,-1,4,0,3,1,20,5,1,9,00,4,0,15,200800020599A01,40,0,1
200800020617,2008-04-05,2008,avril,samedi,16:40,71,71445,0,0,1,1,2,1,1,2,2,02,1,1,000,106,1,0,1,3,1,69,0,1,4,00,0,4,1,200800020617B01,33,12,1
200800020630,2008-04-03,2008,avril,jeudi,11:00,72,72181,0,0,2,1,3,1,1,9,1,01,1,1,000,000,2,0,1,4,1,20,9,1,2,00,0,0,1,200800020630B01,7,16,1
200800020639,2008-04-21,2008,avril,lundi,13:30,72,72181,0,0,2,1,2,1,2,4,1,01,1,-1,000,000,2,0,1,4,1,27,0,0,0,00,2,1,1,200800020639A01,7,16,1
200800020644,2008-04-24,2008,avril,jeudi,17:25,72,72181,0,0,2,1,6,1,1,4,2,02,2,1,000,049,1,0,1,1,1,28,0,0,0,00,1,1,0,200800020644A01,,,
200800020644,2008-04-24,2008,avril,jeudi,17:25,72,72181,0,0,2,1,6,1,1,4,2,02,2,1,000,049,1,0,1,3,2,69,0,0,0,00,1,1,0,200800020644A01,,,
200800020655,2008-04-16,2008,avril,mercredi,17:45,74,74119,0,0,2,3,6,1,1,4,2,02,-1,2,000,000,1,0,1,3,1,8,5,1,2,00,2,1,15,200800020655A01,7,1,1
200800020685,2008-04-12,2008,avril,samedi,16:50,77,77517,0,0,2,1,3,1,1,4,2,02,1,1,000,052,1,0,1,4,1,44,5,1,9,00,2,3,2,200800020685B01,31,17,1
200800020692,2008-04-08,2008,avril,mardi,10:25,77,77186,0,0,2,6,3,1,1,3,1,03,1,2,000,124,1,5,1,4,1,34,5,1,2,00,2,1,1,200800020692B01,10,9,1
200800020705,2008-04-15,2008,avril,mardi,17:20,77,77122,0,0,2,1,6,1,1,4,-1,01,1,1,000,000,1,6,4,1,1,37,5,1,2,02,1,2,1,200800020705A01,,,
200800020711,2008-04-25,2008,avril,vendredi,19:15,77,77258,0,0,2,6,3,1,1,9,-1,00,1,-1,000,050,-1,5,1,3,1,19,0,0,0,00,2,1,2,200800020711B01,7,9,1
200800020718,2008-04-09,2008,avril,mercredi,10:20,78,78423,0,0,2,1,3,1,1,4,2,02,1,1,000,059,1,0,1,3,1,61,1,1,2,00,2,1,1,200800020718B01,10,9,1
200800020727,2008-04-09,2008,avril,mercredi,12:05,78,78354,0,0,2,1,3,1,1,3,3,04,2,1,000,000,1,0,1,4,1,27,0,1,9,00,2,1,19,200800020727A01,7,1,1
200800020729,2008-04-10,2008,avril,jeudi,10:05,78,78361,0,0,2,1,2,1,1,4,1,01,1,1,000,040,1,5,1,4,1,22,0,1,9,00,0,4,1,200800020729B01,7,2,1
200800020740,2008-04-01,2008,avril,mardi,95:0,78,78490,0,0,1,1,2,1,1,3,-1,02,-1,-1,000,130,1,0,1,4,1,39,0,1,2,00,2,1,1,200800020740A01,7,1,1
200800020765,2008-04-22,2008,avril,mardi,11:20,78,78586,0,0,2,6,3,1,1,3,2,02,1,1,000,162,1,0,0,4,2,20,0,1,2,00,2,8,16,200800020765B01,7,16,1
200800020783,2008-04-09,2008,avril,mercredi,75:0,78,78146,0,0,2,3,3,1,1,4,2,02,1,1,000,500,1,0,1,4,1,71,5,1,2,00,0,1,1,200800020783B01,7,19,1
200800020784,2008-04-17,2008,avril,jeudi,81:5,78,78650,0,0,2,3,1,1,1,4,2,02,1,1,000,070,1,0,1,3,1,16,2,1,9,00,2,1,15,200800020784B01,7,1,1
200800020789,2008-04-30,2008,avril,mercredi,17:00,79,79329,0,0,2,3,3,1,1,4,1,01,1,1,000,050,1,0,1,4,1,17,5,1,9,00,0,1,0,200800020789A01,7,0,1
200800020795,2008-04-08,2008,avril,mardi,71:5,80,80021,0,0,2,1,6,1,1,4,2,04,1,1,010,100,1,0,1,4,1,40,5,1,4,01,0,1,1,200800020795B01,,,
200800020820,2008-04-07,2008,avril,lundi,17:20,81,81004,0,0,2,3,2,1,1,4,2,02,1,1,000,060,1,0,1,3,2,83,5,1,9,00,2,4,2,200800020820B01,7,2,1
200800020839,2008-04-11,2008,avril,vendredi,14:15,83,83050,0,0,2,1,3,1,8,4,2,00,1,1,000,000,1,0,1,4,1,14,5,1,9,00,2,1,2,200800020839A01,7,2,1
200800020841,2008-04-18,2008,avril,vendredi,72:5,83,83050,0,0,1,1,1,1,8,4,1,01,2,2,000,060,1,0,1,3,1,33,1,1,9,00,0,1,5,200800020841A01,14,1,1
200800020885,2008-04-29,2008,avril,mardi,72:0,83,83137,0,0,2,6,6,1,1,4,1,02,1,2,000,060,1,5,1,4,1,32,1,1,2,00,2,0,0,200800020885B01,7,0,1
200800020894,2008-04-02,2008,avril,mercredi,18:50,84,84007,0,0,2,1,3,1,6,4,2,02,1,1,000,062,1,0,1,3,1,13,5,1,2,00,2,0,13,200800020894A01,7,1,1
200800020897,2008-04-07,2008,avril,lundi,18:25,84,84007,0,0,2,6,3,1,1,4,1,00,1,4,000,000,1,0,1,4,2,61,1,1,2,00,2,3,1,200800020897B01,7,16,1
200800020898,2008-04-12,2008,avril,samedi,93:0,84,84007,0,0,2,6,3,1,1,2,-1,06,1,1,000,060,1,4,1,4,1,53,0,1,2,00,2,7,0,200800020898B01,7,0,1
200800020900,2008-04-17,2008,avril,jeudi,90:0,84,84007,0,0,2,2,3,1,1,4,1,01,1,1,000,000,1,0,1,4,1,28,1,1,2,00,2,7,5,200800020900A01,7,1,1
200800021003,2008-04-15,2008,avril,mardi,16:20,91,91114,0,0,2,2,3,1,1,4,2,02,1,1,020,020,1,0,1,4,2,14,0,1,2,00,2,1,1,200800021003A01,7,1,1
200800021008,2008-04-10,2008,avril,jeudi,18:00,91,91201,0,0,2,2,3,1,1,4,1,01,1,1,000,000,-1,0,1,4,2,29,1,1,9,00,2,1,2,200800021008B01,7,2,1
200800021011,2008-04-17,2008,avril,jeudi,16:15,91,91657,0,0,2,2,3,1,1,4,2,02,1,1,000,000,1,0,1,4,1,12,5,1,9,00,2,1,2,200800021011A01,7,2,1
200800021028,2008-04-01,2008,avril,mardi,21:25,91,91421,0,0,2,1,3,3,1,3,2,02,1,1,000,070,1,0,1,4,1,15,5,1,9,00,2,3,15,200800021028B01,7,1,1
200800021044,2008-04-16,2008,avril,mercredi,80:0,92,92002,0,0,2,1,6,1,1,3,-1,00,1,1,000,151,1,6,4,1,2,28,1,1,9,00,1,1,1,200800021044A01,,,
200800021065,2008-04-19,2008,avril,samedi,11:20,92,92012,0,0,2,7,6,1,1,2,2,04,1,1,000,000,1,0,1,4,2,77,0,1,2,00,2,0,0,200800021065B01,10,1,1
200800021096,2008-04-30,2008,avril,mercredi,19:30,92,92025,0,0,2,1,3,1,1,4,2,02,1,1,000,070,1,0,1,3,1,23,5,1,2,00,2,1,9,200800021096A01,7,1,1
200800021106,2008-04-26,2008,avril,samedi,15:05,92,92026,0,0,2,1,6,1,1,4,1,01,1,1,000,000,1,0,1,1,1,30,1,1,9,00,1,3,1,200800021106A01,,,
200800021115,2008-04-06,2008,avril,dimanche,11:30,92,92040,0,0,2,1,7,1,1,3,2,02,2,1,150,100,1,0,1,4,2,49,0,1,9,00,0,0,0,200800021115A01,,,
200800021172,2008-04-18,2008,avril,vendredi,14:50,92,92064,0,0,2,1,6,1,1,3,2,04,1,1,000,135,1,0,1,4,1,44,4,1,9,00,2,1,19,200800021172A01,31,1,1
200800021196,2008-04-06,2008,avril,dimanche,15:40,92,92062,0,0,1,1,7,1,1,9,-1,00,2,-1,000,000,1,6,0,1,1,15,5,1,2,00,9,1,0,200800021196A01,,,
200800021196,2008-04-06,2008,avril,dimanche,15:40,92,92062,0,0,1,1,7,1,1,9,-1,00,2,-1,000,000,1,6,0,4,2,5,5,0,0,00,9,1,0,200800021196A01,,,
200800021198,2008-04-01,2008,avril,mardi,20:30,93,93001,0,0,2,1,1,5,1,3,2,02,1,1,000,080,1,0,1,3,1,57,9,1,9,00,2,1,1,200800021198B01,7,13,1
200800021215,2008-04-29,2008,avril,mardi,18:10,93,93001,0,0,2,1,2,1,2,3,1,01,1,1,000,060,2,0,1,3,1,13,5,1,9,00,2,1,2,200800021215A01,7,23,1
200800021283,2008-04-21,2008,avril,lundi,15:00,93,93051,0,0,2,6,3,1,8,3,2,02,-1,-1,000,000,1,5,1,4,1,14,5,1,9,00,0,7,0,200800021283B01,7,0,1
200800021294,2008-04-09,2008,avril,mercredi,13:20,93,93014,0,0,2,2,6,1,1,4,2,04,1,-1,000,080,1,5,1,3,1,18,4,1,2,00,0,1,2,200800021294A01,30,2,1
200800021367,2008-04-16,2008,avril,mercredi,20:00,94,94060,0,0,2,6,3,2,1,4,1,02,1,1,000,000,1,0,5,4,1,41,0,1,2,00,2,0,2,200800021367B01,7,2,1
200800021392,2008-04-15,2008,avril,mardi,93:0,94,94028,0,0,2,1,6,1,1,2,3,04,1,1,000,120,-1,0,1,4,1,43,0,1,4,00,0,0,0,200800021392A01,,,
200800021401,2008-04-10,2008,avril,jeudi,11:20,94,94076,0,0,2,9,6,1,1,4,2,02,1,1,000,000,1,0,1,3,2,18,5,1,2,00,2,7,19,200800021401A01,7,1,1
200800021453,2008-04-01,2008,avril,mardi,16:10,94,94068,0,0,2,1,2,1,1,3,2,02,1,1,000,052,1,0,1,4,2,24,1,1,9,00,2,0,1,200800021453A01,1,1,1
200800021453,2008-04-01,2008,avril,mardi,16:10,94,94068,0,0,2,1,2,1,1,3,2,02,1,1,000,052,1,0,1,1,1,23,1,1,9,00,2,0,1,200800021453B01,1,1,1
200800021461,2008-04-07,2008,avril,lundi,16:30,94,94078,0,0,2,1,6,1,1,2,3,04,1,1,005,150,1,0,1,4,1,48,5,1,9,00,2,8,2,200800021461B01,,,
200800021473,2008-04-07,2008,avril,lundi,10:30,94,94080,0,0,2,1,3,1,2,3,2,02,1,1,000,000,1,0,1,4,2,21,5,1,9,01,0,2,1,200800021473B01,7,24,1
200800021511,2008-04-14,2008,avril,lundi,94:0,95,95197,0,0,2,2,3,1,1,4,2,02,1,1,010,010,1,0,1,4,1,15,2,1,9,00,2,1,17,200800021511A01,13,13,1
200800021544,2008-04-08,2008,avril,mardi,11:10,95,95607,0,0,2,1,6,1,1,4,2,01,1,1,000,000,1,0,4,4,1,17,2,1,2,00,1,1,21,200800021544A01,,,
200800021598,2008-04-30,2008,avril,mercredi,19:05,69,69383,0,0,2,1,3,1,2,4,2,02,1,1,000,000,2,0,1,4,1,37,1,1,2,00,2,1,1,200800021598B01,7,10,1
200800021600,2008-04-01,2008,avril,mardi,18:45,69,69384,0,0,2,1,6,1,1,4,2,02,1,1,000,000,1,0,1,3,1,56,0,1,9,00,2,0,2,200800021600B01,99,2,1
200800021607,2008-04-08,2008,avril,mardi,15:20,69,69387,0,0,2,1,6,1,1,9,-1,00,1,1,021,154,1,0,4,1,1,67,0,1,9,00,1,1,1,200800021607A01,,,
200800021623,2008-04-21,2008,avril,lundi,18:45,69,69388,0,0,2,2,6,1,1,4,2,02,1,1,000,000,1,0,1,4,1,25,5,1,9,00,2,1,15,200800021623B01,7,1,1
200800021651,2008-04-01,2008,avril,mardi,18:25,75,75118,0,0,2,1,6,1,1,4,1,01,1,-1,000,105,1,0,5,4,1,35,1,1,2,00,1,0,1,200800021651A01,,,
200800021662,2008-04-02,2008,avril,mercredi,95:0,75,75107,0,0,2,5,6,1,1,4,2,02,1,3,000,064,1,5,1,4,2,35,1,1,2,12,2,3,21,200800021662A01,,,
200800021667,2008-04-02,2008,avril,mercredi,15:00,75,75109,0,0,2,1,6,1,8,4,1,01,1,1,000,010,1,0,5,4,1,31,1,1,2,00,1,8,1,200800021667A01,,,
200800021672,2008-04-02,2008,avril,mercredi,94:0,75,75113,0,0,2,1,4,1,1,4,2,04,1,1,000,145,1,0,1,4,2,65,5,1,2,00,0,1,1,200800021672C01,7/ 32,9/1,2
200800021701,2008-04-03,2008,avril,jeudi,91:0,75,75107,0,0,2,5,7,1,1,4,2,02,1,1,000,000,8,0,1,4,2,30,1,1,2,00,0,7,15,200800021701A01,,,
200800021705,2008-04-03,2008,avril,jeudi,15:40,75,75109,0,0,2,1,6,1,1,4,1,01,1,1,013,046,1,0,1,4,1,31,5,1,2,00,0,8,7,200800021705A01,10,17,1
200800021728,2008-04-04,2008,avril,vendredi,15:15,75,75105,0,0,2,1,6,1,7,4,-1,03,2,1,000,060,1,0,5,4,1,26,5,1,2,00,0,8,7,200800021728A01,33,17,1
200800021743,2008-04-04,2008,avril,vendredi,15:20,75,75120,0,0,2,1,6,1,1,4,2,04,2,1,000,000,1,0,1,1,1,30,5,1,2,00,1,1,1,200800021743A01,,,
200800021768,2008-04-05,2008,avril,samedi,23:00,75,75119,0,0,2,1,6,5,1,4,1,01,1,1,000,030,1,0,1,4,1,44,0,1,2,00,0,7,2,200800021768B01,7,2,1
200800021780,2008-04-06,2008,avril,dimanche,10:45,75,75111,0,0,2,2,3,1,1,4,1,01,1,1,000,036,1,0,0,4,1,38,5,1,2,01,2,8,18,200800021780B01,7,22,1
200800021800,2008-04-07,2008,avril,lundi,11:40,75,75112,0,0,2,2,3,1,1,4,2,02,1,1,000,133,2,0,1,4,1,28,4,1,2,00,2,6,1,200800021800B01,7,1,1
200800021801,2008-04-07,2008,avril,lundi,13:50,75,75112,0,0,2,3,3,1,1,4,2,00,1,1,000,180,1,0,1,4,2,47,1,1,2,00,2,6,1,200800021801B01,7,16,1
200800021811,2008-04-07,2008,avril,lundi,14:50,75,75116,0,0,2,1,3,1,1,4,2,01,1,1,000,000,1,0,1,4,1,69,0,1,2,00,2,1,1,200800021811B01,7,22,1
200800021819,2008-04-07,2008,avril,lundi,17:30,75,75107,0,0,2,1,3,1,8,9,2,04,1,1,000,160,1,0,1,4,1,38,0,1,2,00,2,7,1,200800021819A01,33,1,1
200800021852,2008-04-12,2008,avril,samedi,14:30,75,75115,0,0,2,2,7,1,2,4,-1,04,2,-1,020,060,2,0,1,4,1,32,9,1,2,00,0,0,0,200800021852A01,,,
200800021857,2008-04-12,2008,avril,samedi,11:10,75,75118,0,0,2,1,2,1,1,3,-1,01,-1,-1,000,000,1,0,1,4,1,40,0,1,2,00,0,6,0,200800021857B01,32,17,1
200800021860,2008-04-12,2008,avril,samedi,20:05,75,75111,0,0,2,1,6,1,1,4,1,01,1,1,000,054,1,0,1,4,1,43,5,1,2,01,2,7,2,200800021860A01,13,2,1
200800021862,2008-04-08,2008,avril,mardi,18:50,75,75103,0,0,2,1,3,1,1,4,2,00,1,1,000,076,1,0,1,4,2,32,1,1,2,01,0,3,1,200800021862B01,7,22,1
200800021885,2008-04-10,2008,avril,jeudi,11:32,75,75104,0,0,2,1,3,1,1,4,2,02,1,1,000,148,1,0,1,4,2,45,1,1,2,01,0,1,17,200800021885B01,7,22,1
200800021887,2008-04-10,2008,avril,jeudi,19:49,75,75106,0,0,2,1,6,1,1,9,1,00,1,-1,000,030,1,0,1,4,2,65,5,1,2,00,1,3,8,200800021887A01,,,
200800021888,2008-04-10,2008,avril,jeudi,11:40,75,75107,0,0,2,1,3,1,1,4,-1,00,1,-1,000,090,1,0,1,4,2,65,0,1,2,00,0,5,14,200800021888A01,7,1,1
200800021895,2008-04-10,2008,avril,jeudi,95:0,75,75107,0,0,2,1,3,1,8,4,2,02,1,1,000,100,1,0,1,4,1,32,1,1,2,01,0,0,17,200800021895B01,7,22,1
200800021899,2008-04-10,2008,avril,jeudi,13:30,75,75117,0,0,2,1,3,1,1,4,2,00,1,-1,000,000,1,0,1,4,2,17,2,1,2,00,2,8,18,200800021899B01,14,14,1
200800021910,2008-04-13,2008,avril,dimanche,18:15,75,75104,0,0,2,1,3,1,2,4,2,04,1,1,000,135,2,0,5,4,2,23,5,1,2,01,0,1,7,200800021910B01,7,22,1
200800021932,2008-04-14,2008,avril,lundi,10:55,75,75104,0,0,2,1,6,1,1,4,-1,03,1,1,200,085,1,0,1,4,2,26,0,1,2,01,0,8,18,200800021932B01,7,22,1
200800021964,2008-04-16,2008,avril,mercredi,16:40,75,75108,0,0,2,1,2,1,1,4,1,05,1,1,000,100,9,0,1,4,1,41,1,1,2,00,2,4,2,200800021964B01,7,1,1
200800021966,2008-04-16,2008,avril,mercredi,17:35,75,75111,0,0,2,1,3,1,1,4,2,02,2,1,000,097,1,0,1,4,2,24,5,1,2,00,2,3,2,200800021966B01,32,2,1
200800021968,2008-04-16,2008,avril,mercredi,15:15,75,75112,0,0,2,1,6,1,1,4,1,01,1,1,000,070,1,0,1,4,2,47,4,1,2,01,0,1,22,200800021968B01,7,24,1
200800022004,2008-04-17,2008,avril,jeudi,74:5,75,75118,0,0,2,2,3,1,1,4,1,03,1,2,000,100,1,0,1,4,1,47,1,1,2,00,2,8,2,200800022004B01,7,15,1
200800022024,2008-04-09,2008,avril,mercredi,18:10,75,75113,0,0,2,3,3,1,1,9,1,01,1,1,000,000,1,0,1,4,2,30,1,1,2,00,0,8,1,200800022024B01,7,10,1
200800022029,2008-04-09,2008,avril,mercredi,80:0,75,75120,0,0,2,3,3,1,1,4,1,01,1,1,000,071,1,0,1,4,2,36,1,1,2,00,2,1,1,200800022029B01,7,9,1
200800022051,2008-04-15,2008,avril,mardi,18:50,75,75113,0,0,2,1,7,1,1,4,2,02,1,1,000,030,1,0,5,3,1,43,5,1,2,00,1,1,21,200800022051A01,,,
200800022053,2008-04-15,2008,avril,mardi,12:45,75,75115,0,0,2,1,6,1,8,4,1,01,2,1,000,080,1,0,1,1,1,35,1,1,2,00,1,1,1,200800022053A01,,,
200800022071,2008-04-18,2008,avril,vendredi,15:05,75,75107,0,0,2,1,2,1,1,4,1,01,1,1,000,080,1,0,1,4,1,26,9,1,9,00,2,4,2,200800022071B01,7,20,1
200800022081,2008-04-18,2008,avril,vendredi,90:0,75,75115,0,0,2,1,3,1,1,4,2,02,1,1,000,070,1,0,1,4,1,37,9,1,9,00,2,8,18,200800022081A01,7,22,1
200800022082,2008-04-18,2008,avril,vendredi,82:9,75,75115,0,0,2,2,6,1,1,4,2,00,1,1,000,056,1,0,1,1,1,25,1,1,2,00,1,3,16,200800022082A01,,,
200800022120,2008-04-20,2008,avril,dimanche,16:10,75,75114,0,0,2,1,3,1,1,4,2,04,1,1,000,172,1,0,1,4,2,11,5,1,9,00,2,1,19,200800022120B01,7,1,1
200800022121,2008-04-20,2008,avril,dimanche,16:20,75,75114,0,0,2,1,6,1,1,4,2,03,1,1,000,085,9,0,1,1,1,28,5,1,2,14,0,0,14,200800022121A01,,,
200800022124,2008-04-20,2008,avril,dimanche,55:,75,75106,0,0,2,2,5,5,1,4,1,00,1,1,000,000,1,2,1,4,1,33,0,1,2,00,2,8,1,200800022124C01,7,16/7,2
200800022128,2008-04-21,2008,avril,lundi,84:5,75,75104,0,0,2,4,7,1,8,4,1,03,1,1,000,070,1,0,0,3,1,28,1,1,2,00,0,0,1,200800022128A01,,,
200800022146,2008-04-22,2008,avril,mardi,22:40,75,75112,0,0,2,1,4,1,1,4,2,01,1,-1,000,059,1,0,1,4,1,34,0,1,2,01,0,1,1,200800022146C01,7/ 38,22/1,2
200800022184,2008-04-24,2008,avril,jeudi,15:32,75,75108,0,0,2,1,3,1,1,4,-1,08,-1,-1,000,000,1,0,0,4,2,47,1,1,2,00,2,4,16,200800022184B01,7,1,1
200800022204,2008-04-24,2008,avril,jeudi,16:55,75,75119,0,0,2,1,4,1,1,3,3,02,1,1,000,000,1,0,1,4,1,14,5,1,2,00,0,9,17,200800022204B01,10/ 7,22/1,2
200800022211,2008-04-27,2008,avril,dimanche,18:00,75,75112,0,0,2,1,6,1,1,4,2,02,1,1,000,025,1,0,5,4,1,38,5,1,9,00,1,1,0,200800022211A01,,,
200800022212,2008-04-27,2008,avril,dimanche,10:,75,75113,0,0,2,1,6,5,1,9,2,02,-1,-1,000,000,1,0,1,4,2,27,5,1,9,01,0,1,2,200800022212B01,7,0,1
200800022222,2008-04-25,2008,avril,vendredi,15:50,75,75103,0,0,2,2,3,1,1,4,1,01,1,1,000,033,1,0,1,4,1,37,0,1,2,00,2,1,1,200800022222B01,7,1,1
200800022230,2008-04-25,2008,avril,vendredi,21:30,75,75115,0,0,2,1,3,5,1,4,1,00,2,1,020,086,1,0,1,4,1,29,5,1,2,00,2,2,7,200800022230B01,7,17,1
200800022238,2008-04-19,2008,avril,samedi,13:25,75,75114,0,0,2,1,6,1,1,9,-1,02,1,-1,000,000,1,0,5,4,2,73,5,1,2,00,1,1,1,200800022238A01,,,
200800022241,2008-04-26,2008,avril,samedi,15:00,75,75106,0,0,2,2,3,1,1,4,1,01,1,1,000,057,1,0,1,4,1,44,5,1,2,00,0,0,1,200800022241A01,37,17,1
200800022246,2008-04-26,2008,avril,samedi,22:7,75,75110,0,0,2,1,7,5,1,4,1,02,1,1,000,000,1,0,1,4,2,34,5,1,2,14,0,0,1,200800022246A01,,,
200800022248,2008-04-26,2008,avril,samedi,12:5,75,75111,0,0,2,1,6,5,1,9,-1,01,1,1,000,000,1,0,1,4,1,35,5,1,2,00,0,0,2,200800022248B01,7,2,1
200800022250,2008-04-26,2008,avril,samedi,20:00,75,75113,0,0,2,2,6,1,1,4,1,01,1,-1,000,050,1,0,1,4,2,26,0,1,2,12,0,0,21,200800022250A01,,,
200800022253,2008-04-26,2008,avril,samedi,12:30,75,75117,0,0,2,1,3,1,1,4,3,02,1,1,000,120,1,0,1,4,1,30,5,1,2,01,0,1,1,200800022253A01,7,22,1
200800022270,2008-04-28,2008,avril,lundi,18:25,75,75111,0,0,2,1,3,1,2,4,2,02,2,1,000,107,2,0,1,4,2,33,5,1,2,01,0,2,1,200800022270B01,7,22,1
200800022316,2008-04-30,2008,avril,mercredi,18:30,75,75105,0,0,2,1,3,1,1,4,1,03,1,1,000,177,1,2,1,4,1,29,1,1,2,00,2,8,7,200800022316B01,37,17,1
200800022322,2008-04-30,2008,avril,mercredi,15:45,75,75114,0,0,2,3,3,1,2,4,1,01,1,1,000,040,2,0,1,4,1,9,5,1,2,00,0,1,19,200800022322A01,7,1,1
200800022654,2008-03-01,2008,mars,samedi,94:5,93,93005,0,0,2,1,3,1,1,3,2,03,1,1,000,090,1,0,1,3,2,68,5,1,2,00,0,7,1,200800022654B01,14,19,1
200800022665,2008-03-10,2008,mars,lundi,17:05,92,92012,0,0,2,1,6,1,1,4,2,02,1,1,000,150,1,0,1,1,1,50,0,0,0,01,0,1,1,200800022665A01,7,24,1