Num_Acc,date,an,mois,jour,hrmn,dep,com,lat,long,agg,int,col,lum,atm,catr,circ,nbv,prof,plan,lartpc,larrout,surf,infra,situ,grav,sexe,age,trajet,secuexist,equipement,obs,obsm,choc,manv,vehiculeid,typevehicules,manoeuvehicules,numVehicules
200800022690,2008-02-13,2008,février,mercredi,13:25,92,92012,0,0,2,1,6,1,1,3,-1,02,1,1,000,094,1,0,1,4,2,54,1,1,9,00,0,0,0,200800022690B01,7,0,1
200800022828,2008-04-17,2008,avril,jeudi,19:16,24,24256,0,0,2,6,3,1,1,4,-1,00,1,2,000,098,2,0,1,3,1,61,5,1,2,00,2,7,1,200800022828B01,7,1,1
200800022841,2008-04-26,2008,avril,samedi,18:40,51,51454,0,0,2,1,6,1,1,4,2,03,1,1,000,000,1,0,1,3,1,21,0,1,9,01,0,1,1,200800022841A01,7,24,1
200800022867,2008-04-02,2008,avril,mercredi,16:20,62,62617,0,0,2,1,3,1,1,3,2,02,1,1,000,097,1,0,1,4,1,45,5,1,2,00,2,3,18,200800022867A01,7,20,1
200800022943,2008-03-04,2008,mars,mardi,15:10,91,91174,0,0,2,1,3,1,2,2,-1,01,1,-1,015,060,1,6,0,4,1,12,0,1,9,00,0,0,0,200800022943A01,7,0,1
200800023027,2008-01-08,2008,janvier,mardi,10:15,93,93029,0,0,2,3,3,1,1,4,2,02,1,1,000,050,1,0,1,4,1,88,5,1,9,00,0,3,15,200800023027A01,7,1,1
200800023122,2008-05-02,2008,mai,vendredi,18:25,02,02691,0,0,2,1,6,1,1,4,2,02,1,1,000,070,1,0,1,3,1,12,5,1,9,12,0,1,1,200800023122A01,,,
200800023126,2008-05-02,2008,mai,vendredi,12:15,02,02722,0,0,2,6,3,1,1,4,2,02,1,1,000,040,1,5,1,4,2,17,2,1,2,00,2,1,1,200800023126B01,7,1,1
200800023133,2008-05-01,2008,mai,jeudi,19:20,03,03310,0,0,2,1,6,1,1,5,-1,00,1,1,000,120,1,6,1,1,1,6,5,1,2,00,1,1,1,200800023133A01,,,
200800023139,2008-05-14,2008,mai,mercredi,12:00,03,03023,0,0,2,1,7,1,1,5,2,02,1,1,000,040,1,0,1,4,2,73,5,1,2,00,2,8,13,200800023139A01,7,17,1
200800023140,2008-05-19,2008,mai,lundi,13:30,03,03023,0,0,2,2,3,1,1,2,2,03,1,1,000,100,1,5,1,4,1,16,5,1,2,00,2,1,1,200800023140A01,7,1,1
200800023150,2008-05-06,2008,mai,mardi,17:44,06,06004,0,0,2,1,3,1,1,4,2,02,2,-1,000,000,1,0,1,3,1,43,5,1,2,00,2,1,1,200800023150B01,7,15,1
200800023189,2008-05-04,2008,mai,dimanche,17:30,06,06029,0,0,1,1,3,1,1,4,2,02,2,1,000,080,1,0,1,4,1,13,0,1,9,00,2,1,0,200800023189B01,33,1,1
200800023191,2008-05-06,2008,mai,mardi,18:05,06,06029,0,0,2,2,3,1,1,4,1,01,1,1,000,070,-1,0,1,4,2,23,0,1,9,00,2,1,1,200800023191B01,7,1,1
200800023218,2008-05-31,2008,mai,samedi,17:30,06,06029,0,0,2,1,3,1,1,4,2,02,2,1,000,100,1,0,1,4,1,46,0,1,2,00,2,4,1,200800023218B01,7,0,1
200800023243,2008-05-20,2008,mai,mardi,13:45,06,06104,0,0,2,1,1,1,1,3,2,02,2,3,000,065,1,0,1,3,1,46,5,1,2,00,0,1,17,200800023243A01,7,1,1
200800023248,2008-05-02,2008,mai,vendredi,11:50,06,06088,0,0,2,1,3,1,1,4,1,01,1,1,000,000,1,0,1,4,1,48,5,1,4,00,2,0,2,200800023248B01,7,24,1
200800023291,2008-05-15,2008,mai,jeudi,16:05,06,06088,0,0,2,1,6,1,1,4,1,02,1,1,000,000,1,0,4,1,1,15,5,1,9,00,1,1,1,200800023291A01,,,
200800023361,2008-05-30,2008,mai,vendredi,16:05,10,10387,0,0,2,2,6,1,1,4,1,02,1,1,000,070,1,0,1,3,1,58,0,1,9,00,2,0,15,200800023361A01,7,1,1
200800023390,2008-05-05,2008,mai,lundi,13:30,13,13001,0,0,2,1,6,1,1,4,-1,01,-1,-1,000,000,-1,0,0,1,1,13,5,1,9,00,1,0,0,200800023390A01,,,
200800023412,2008-05-03,2008,mai,samedi,10:25,13,13054,0,0,2,6,4,1,1,3,1,00,1,1,010,030,1,0,1,4,1,58,5,1,2,00,0,4,2,200800023412B01,7,2,2
200800023439,2008-05-04,2008,mai,dimanche,21:30,13,13055,0,0,1,1,4,5,1,4,1,02,1,1,005,140,1,0,1,4,1,15,5,1,2,00,2,1,5,200800023439B01,7,1,1
200800023439,2008-05-04,2008,mai,dimanche,21:30,13,13055,0,0,1,1,4,5,1,4,1,02,1,1,005,140,1,0,1,3,1,22,5,1,2,00,2,1,5,200800023439C01,7,1,1
200800023477,2008-05-22,2008,mai,jeudi,18:00,13,13055,0,0,2,1,3,1,1,4,3,03,1,1,000,096,1,0,0,3,1,87,0,1,9,00,2,8,0,200800023477A01,7,1,1
200800023516,2008-05-23,2008,mai,vendredi,11:10,13,13055,0,0,2,3,7,1,1,4,2,01,2,1,000,080,1,0,1,4,1,51,5,1,2,00,0,0,2,200800023516B01,7,9,1
200800023519,2008-05-21,2008,mai,mercredi,13:45,13,13055,0,0,2,1,3,1,1,4,1,01,1,1,000,000,1,0,5,4,1,69,5,1,2,00,0,0,0,200800023519B01,7,16,1
200800023531,2008-05-22,2008,mai,jeudi,19:20,13,13055,0,0,2,4,3,1,1,4,2,00,2,1,000,080,1,0,1,4,1,32,1,1,2,00,2,1,1,200800023531B01,7,16,1
200800023536,2008-05-07,2008,mai,mercredi,14:40,13,13055,0,0,2,1,3,1,1,4,3,05,1,1,017,152,1,0,1,4,1,52,5,1,9,00,2,3,7,200800023536B01,7,14,1
200800023561,2008-05-24,2008,mai,samedi,15:00,13,13055,0,0,2,1,6,1,1,4,1,01,2,1,000,070,1,0,1,4,1,15,5,1,9,01,0,1,1,200800023561B01,,,
200800023641,2008-05-04,2008,mai,dimanche,11:00,14,14118,0,0,2,1,2,1,1,4,3,04,2,2,020,120,1,0,1,3,1,51,5,1,2,00,0,1,1,200800023641B01,7,4,1
200800023646,2008-05-21,2008,mai,mercredi,18:15,14,14118,0,0,2,1,3,1,1,4,3,06,1,1,020,180,1,0,1,2,1,17,5,1,2,00,2,1,11,200800023646A01,10,1,1
200800023649,2008-05-27,2008,mai,mardi,13:40,14,14118,0,0,2,3,3,1,1,4,1,03,1,1,000,105,1,0,4,4,1,16,5,1,9,00,2,1,1,200800023649B01,2,1,1
200800023652,2008-05-24,2008,mai,samedi,15:30,14,14225,0,0,2,6,3,1,1,4,2,01,1,1,000,040,1,0,0,4,1,16,5,1,9,00,0,0,1,200800023652A01,7,0,1
200800023653,2008-05-16,2008,mai,vendredi,75:3,14,14333,0,0,2,6,3,1,1,4,2,00,1,1,000,032,1,0,1,3,1,82,5,1,4,00,2,3,1,200800023653B01,30,1,1
200800023662,2008-05-20,2008,mai,mardi,17:00,15,15014,0,0,2,1,6,1,1,4,2,04,1,-1,000,000,1,0,4,1,1,17,2,1,9,00,1,1,0,200800023662A01,,,
200800023664,2008-05-06,2008,mai,mardi,18:50,17,17299,0,0,2,2,3,1,1,4,2,02,1,1,000,070,1,5,1,4,1,59,5,1,9,00,2,8,1,200800023664B01,7,19,1
200800023665,2008-05-07,2008,mai,mercredi,18:20,17,17299,0,0,2,1,7,1,1,4,2,02,1,1,000,070,1,0,1,4,1,13,5,1,9,00,0,0,1,200800023665A01,,,
200800023666,2008-05-09,2008,mai,vendredi,14:45,17,17299,0,0,2,1,7,1,1,4,2,02,1,1,000,100,1,0,4,4,2,46,5,1,9,00,0,0,1,200800023666A01,,,
200800023674,2008-05-27,2008,mai,mardi,17:10,17,17299,0,0,2,1,6,1,2,4,2,02,1,1,000,100,2,0,1,4,1,36,1,1,4,01,0,1,1,200800023674B01,7,22,1
200800023678,2008-05-06,2008,mai,mardi,12:55,17,17300,0,0,2,9,3,1,1,4,1,02,1,1,000,000,1,0,5,4,1,16,5,1,2,00,2,1,1,200800023678B01,7,16,1
200800023687,2008-05-13,2008,mai,mardi,84:5,17,17274,0,0,2,1,6,1,1,4,2,02,1,1,000,070,-1,0,1,4,1,9,2,1,2,00,2,3,13,200800023687B01,7,1,1
200800023688,2008-05-13,2008,mai,mardi,82:5,17,17028,0,0,2,7,3,1,1,4,-1,02,1,1,000,000,1,0,1,4,1,12,2,1,2,00,2,1,19,200800023688B01,7,23,1
200800023689,2008-05-13,2008,mai,mardi,92:5,17,17300,0,0,2,1,6,1,1,4,2,02,1,1,000,060,1,0,1,4,1,86,5,1,9,01,0,1,1,200800023689B01,7,22,1
200800023690,2008-05-13,2008,mai,mardi,14:15,17,17300,0,0,2,1,2,1,1,4,2,02,1,1,000,000,1,0,1,4,1,13,2,1,9,00,2,8,1,200800023690B01,7,0,1
200800023694,2008-05-15,2008,mai,jeudi,12:50,17,17300,0,0,2,1,3,1,1,4,2,00,1,1,000,000,1,0,1,4,2,16,5,1,2,00,2,1,19,200800023694A01,7,1,1
200800023698,2008-05-20,2008,mai,mardi,10:00,17,17300,0,0,2,1,2,1,1,4,1,01,1,1,000,000,2,0,1,4,1,54,9,1,9,00,2,1,17,200800023698A01,7,13,1
200800023707,2008-05-01,2008,mai,jeudi,12:10,17,17380,0,0,2,1,6,1,1,4,2,02,1,1,000,000,1,0,1,3,1,49,5,1,2,00,2,4,10,200800023707A01,33,17,1
200800023710,2008-05-06,2008,mai,mardi,15:05,17,17333,0,0,2,1,3,2,1,3,2,02,1,-1,000,000,1,0,1,4,1,73,0,1,2,00,2,5,0,200800023710B01,7,0,1
200800023727,2008-05-15,2008,mai,jeudi,20:40,17,17415,0,0,1,6,3,2,1,4,2,02,1,1,000,000,1,5,1,4,1,66,0,1,2,00,2,1,1,200800023727B01,7,1,1
200800023751,2008-05-14,2008,mai,mercredi,94:0,18,18279,0,0,2,2,3,1,1,3,2,03,1,-1,000,150,1,0,1,3,1,15,0,1,4,00,2,8,16,200800023751B01,14,16,1
200800023757,2008-05-06,2008,mai,mardi,95:0,19,19031,0,0,2,1,6,1,1,4,2,02,1,1,000,000,1,0,1,3,1,23,1,1,2,01,2,1,1,200800023757B01,7,13,1
200800023779,2008-05-03,2008,mai,samedi,21:45,21,21231,0,0,2,1,3,5,1,4,2,02,1,1,000,060,1,0,1,4,1,21,0,1,9,00,2,1,1,200800023779B01,7,1,1
200800023787,2008-05-07,2008,mai,mercredi,12:25,21,21231,0,0,2,1,1,1,1,4,2,02,1,1,000,074,1,0,1,4,1,18,2,1,9,00,2,1,17,200800023787B01,7,1,1
200800023798,2008-05-16,2008,mai,vendredi,14:19,21,21231,0,0,2,1,2,1,1,2,3,04,1,1,010,140,1,0,1,4,2,58,9,1,2,01,0,1,1,200800023798B01,7,22,1
200800023806,2008-05-29,2008,mai,jeudi,17:52,21,21231,0,0,2,3,1,1,8,4,2,02,1,1,000,084,1,5,0,4,1,26,5,1,2,00,2,1,1,200800023806B01,7,15,1
200800023823,2008-05-17,2008,mai,samedi,15:30,22,22360,0,0,2,1,7,1,2,4,2,00,-1,1,000,000,2,0,5,4,2,11,5,1,2,00,2,1,1,200800023823A01,1,1,1
200800023823,2008-05-17,2008,mai,samedi,15:30,22,22360,0,0,2,1,7,1,2,4,2,00,-1,1,000,000,2,0,5,4,1,11,5,1,2,00,0,0,1,200800023823B01,1,1,1
200800023836,2008-05-02,2008,mai,vendredi,52:0,24,24322,0,0,2,1,2,5,1,3,2,02,1,1,000,070,1,0,1,2,1,27,1,1,2,00,2,4,2,200800023836B01,7,1,1
200800023844,2008-05-30,2008,mai,vendredi,18:27,24,24322,0,0,2,4,3,1,1,4,2,02,2,1,000,060,1,0,1,4,1,20,5,1,2,00,2,1,1,200800023844A01,7,2,1
200800023859,2008-05-05,2008,mai,lundi,95:0,25,25230,0,0,2,3,3,1,1,4,2,02,1,1,000,065,1,0,1,3,2,76,3,1,9,00,2,1,1,200800023859B01,7,9,1
200800023860,2008-05-31,2008,mai,samedi,10:08,25,25462,0,0,2,3,3,1,2,4,-1,01,1,-1,000,050,2,0,1,3,2,58,5,1,2,00,2,3,1,200800023860B01,7,19,1
200800023869,2008-05-12,2008,mai,lundi,93:7,26,26362,0,0,2,6,3,1,1,4,2,02,1,2,000,000,1,0,1,4,1,48,5,1,2,00,2,1,1,200800023869B01,7,9,1
200800023870,2008-05-25,2008,mai,dimanche,11:35,26,26362,0,0,2,3,3,1,2,4,2,02,1,1,000,060,2,0,1,4,2,28,0,1,2,00,2,1,0,200800023870A01,7,16,1
200800023884,2008-05-09,2008,mai,vendredi,18:00,27,27375,0,0,2,1,1,1,1,4,2,02,2,1,000,064,1,0,1,3,1,52,5,1,2,00,2,1,13,200800023884B01,7,20,1
200800023958,2008-05-05,2008,mai,lundi,18:45,30,30189,0,0,2,2,3,1,1,4,-1,00,-1,1,000,038,1,0,1,4,1,35,0,1,2,00,2,1,1,200800023958B01,7,1,1
200800023971,2008-05-18,2008,mai,dimanche,21:43,30,30189,43.84082,4.36297,2,3,1,5,1,4,1,01,1,1,000,059,1,0,0,3,2,19,0,1,9,00,2,1,5,200800023971A01,7,15,1
200800023972,2008-05-19,2008,mai,lundi,14:15,30,30189,0,0,2,2,3,1,1,4,1,02,-1,1,000,060,1,5,1,4,1,44,0,1,2,00,2,1,1,200800023972B01,7,1,1
200800023975,2008-05-21,2008,mai,mercredi,18:27,30,30189,43.8343,4.3591,2,1,6,1,1,3,1,01,-1,2,000,300,1,0,0,4,2,38,0,1,9,14,2,0,5,200800023975A01,37,1,1
200800023983,2008-05-13,2008,mai,mardi,18:35,31,31069,0,0,2,1,3,1,1,4,2,01,1,1,000,076,1,0,1,4,2,65,1,1,4,00,2,1,5,200800023983A01,7,16,1
200800023987,2008-05-30,2008,mai,vendredi,11:20,31,31149,0,0,2,3,3,1,1,4,-1,02,1,1,000,000,1,0,1,3,1,83,5,1,2,00,2,1,1,200800023987B01,7,18,1
200800024046,2008-05-22,2008,mai,jeudi,10:00,31,31555,0,0,2,1,6,1,1,4,1,02,1,1,000,050,1,0,5,4,2,40,0,1,9,00,2,0,1,200800024046A01,,,
200800024054,2008-05-23,2008,mai,vendredi,17:50,31,31555,0,0,2,1,3,1,1,4,2,06,1,1,000,180,1,0,1,4,2,62,0,1,9,00,2,4,0,200800024054A01,33,0,1
200800024075,2008-05-28,2008,mai,mercredi,10:15,31,31555,0,0,2,1,1,1,1,4,2,04,1,1,000,140,1,0,1,4,1,59,0,1,9,00,2,4,19,200800024075B01,7,0,1
200800024088,2008-05-05,2008,mai,lundi,10:50,33,33009,0,0,2,2,3,1,2,4,2,02,-1,3,000,100,2,0,1,2,1,80,5,1,2,00,2,8,16,200800024088A01,14,1,1
200800024089,2008-05-02,2008,mai,vendredi,16:55,33,33009,0,0,2,1,2,1,1,4,2,02,1,1,000,050,1,0,1,4,2,55,5,1,2,00,0,1,1,200800024089B01,7,4,1
200800024113,2008-05-14,2008,mai,mercredi,30:5,33,33063,0,0,2,2,3,5,1,4,1,01,1,1,000,000,1,0,1,3,1,21,0,1,4,00,2,1,1,200800024113A01,7,1,1
200800024137,2008-05-19,2008,mai,lundi,85:0,33,33063,0,0,2,1,3,1,1,4,2,02,4,1,030,120,1,0,5,4,2,71,0,1,4,00,2,1,1,200800024137B01,7,16,1
200800024145,2008-05-15,2008,mai,jeudi,10:00,33,33318,0,0,2,2,3,1,1,4,3,02,1,1,000,071,1,0,1,4,1,57,0,1,4,00,0,7,14,200800024145A01,7,15,1
200800024149,2008-05-21,2008,mai,mercredi,21:20,33,33063,0,0,2,1,6,1,1,4,1,01,1,1,000,062,1,0,1,4,1,26,0,1,4,01,0,0,1,200800024149A01,,,
200800024152,2008-05-21,2008,mai,mercredi,82:0,33,33063,0,0,2,3,3,1,1,4,1,01,1,1,000,000,1,0,0,1,1,14,2,1,9,00,2,1,1,200800024152A01,7,16,1
200800024152,2008-05-21,2008,mai,mercredi,82:0,33,33063,0,0,2,3,3,1,1,4,1,01,1,1,000,000,1,0,0,3,1,14,0,1,9,00,2,1,1,200800024152A01,7,16,1
200800024152,2008-05-21,2008,mai,mercredi,82:0,33,33063,0,0,2,3,3,1,1,4,1,01,1,1,000,000,1,0,0,1,1,14,0,1,9,00,2,1,1,200800024152A01,7,16,1
200800024159,2008-05-24,2008,mai,samedi,11:30,33,33063,0,0,2,3,3,1,2,4,1,01,1,1,000,028,2,0,1,3,1,13,5,1,4,00,2,1,19,200800024159B01,7,15,1
200800024175,2008-05-23,2008,mai,vendredi,16:55,33,33318,0,0,2,3,1,1,2,4,2,02,1,1,000,048,2,0,5,4,1,25,0,1,4,00,2,1,1,200800024175B01,7,15,1
200800024177,2008-05-28,2008,mai,mercredi,10:15,33,33063,0,0,2,2,3,1,1,4,1,02,1,1,000,059,1,0,5,4,2,19,0,1,4,00,2,1,1,200800024177B01,33,21,1
200800024184,2008-05-29,2008,mai,jeudi,12:00,33,33063,0,0,2,5,3,1,1,4,1,01,1,1,000,000,1,0,1,3,2,81,5,1,9,00,2,1,16,200800024184B01,7,1,1
200800024186,2008-05-29,2008,mai,jeudi,17:40,33,33063,0,0,2,7,3,1,1,4,1,03,1,1,000,072,1,5,5,4,2,36,5,1,4,00,0,8,1,200800024186B01,7,16,1
200800024189,2008-05-31,2008,mai,samedi,12:30,33,33063,0,0,2,3,1,1,1,4,1,01,1,1,000,097,1,0,5,4,1,12,5,1,4,00,2,1,5,200800024189B01,7,16,1
200800024191,2008-05-30,2008,mai,vendredi,14:50,33,33063,0,0,2,1,2,1,1,4,3,02,1,1,100,121,1,0,1,3,1,21,0,1,9,00,2,1,1,200800024191B01,7,23,1
200800024201,2008-05-29,2008,mai,jeudi,13:45,33,33119,0,0,2,3,3,1,1,4,2,02,2,1,000,068,1,0,1,4,1,29,0,1,4,00,2,1,15,200800024201A01,7,15,1
200800024206,2008-05-09,2008,mai,vendredi,20:25,33,33243,0,0,2,1,3,2,8,4,-1,02,1,1,000,090,1,0,1,4,2,19,5,1,9,00,0,1,21,200800024206B01,7,22,1
200800024207,2008-05-13,2008,mai,mardi,13:45,34,34003,0,0,2,1,2,1,1,4,3,04,1,1,000,073,1,0,1,3,1,62,5,1,2,00,2,4,1,200800024207B01,7,11,1
200800024209,2008-05-30,2008,mai,vendredi,12:25,34,34003,0,0,2,1,2,1,1,4,1,01,1,2,000,089,1,0,1,3,1,32,1,1,9,00,2,4,0,200800024209B01,10,9,1
200800024244,2008-05-05,2008,mai,lundi,75:0,34,34172,0,0,2,1,6,1,1,4,2,02,2,1,000,090,1,0,1,3,1,17,2,1,4,01,2,1,1,200800024244B01,7,22,1
200800024245,2008-05-07,2008,mai,mercredi,14:05,34,34172,0,0,2,1,3,1,1,4,1,01,1,-1,000,030,1,4,1,4,1,48,0,1,9,00,2,1,1,200800024245A01,7,1,1
200800024247,2008-05-08,2008,mai,jeudi,29:,34,34172,0,0,2,1,7,5,1,4,2,02,1,1,000,000,1,0,1,3,1,18,0,1,9,12,0,0,2,200800024247A01,,,
200800024252,2008-05-13,2008,mai,mardi,14:01,34,34172,0,0,2,1,1,1,1,4,-1,00,1,1,000,000,1,0,0,4,1,74,5,1,9,00,4,7,19,200800024252A01,40,1,1
200800024255,2008-05-15,2008,mai,jeudi,21:16,34,34172,0,0,2,2,1,5,8,4,1,02,1,1,000,060,1,5,1,4,1,15,5,1,9,00,2,5,0,200800024255A01,7,0,1
200800024261,2008-05-23,2008,mai,vendredi,90:5,34,34129,43.58575,3.91995,2,4,3,1,1,4,2,05,1,1,010,150,1,0,5,3,1,28,1,1,9,00,2,1,19,200800024261B01,7,1,1
200800024262,2008-05-24,2008,mai,samedi,55:,34,34172,0,0,2,1,3,5,1,4,2,04,1,1,025,150,1,5,1,3,1,24,1,1,9,00,2,5,1,200800024262B01,7,1,1
200800024283,2008-05-27,2008,mai,mardi,10:00,34,34108,0,0,2,6,3,1,2,4,1,02,1,2,000,000,1,0,1,4,2,47,9,1,9,00,2,4,0,200800024283B01,7,0,1
200800024285,2008-05-02,2008,mai,vendredi,10:5,35,35238,0,0,2,2,3,5,1,4,3,02,1,1,000,000,1,5,1,4,1,42,5,1,2,00,2,0,1,200800024285B01,7,0,1
200800024288,2008-05-05,2008,mai,lundi,91:5,35,35238,0,0,2,9,7,1,2,4,-1,00,-1,-1,000,000,2,3,1,4,2,35,1,1,2,00,0,0,1,200800024288A01,,,
200800024290,2008-05-05,2008,mai,lundi,13:40,35,35238,0,0,2,3,3,1,8,2,3,04,1,1,000,000,1,0,1,4,2,50,1,1,9,00,2,0,16,200800024290B01,7,15,1
200800024291,2008-05-07,2008,mai,mercredi,74:5,35,35278,0,0,2,2,1,1,1,4,2,02,2,1,000,000,1,0,1,4,1,44,1,1,9,00,2,6,1,200800024291B01,7,19,1
200800024292,2008-05-08,2008,mai,jeudi,22:4,35,35238,0,0,2,2,3,5,1,4,2,02,2,1,000,000,1,0,0,1,1,31,5,1,2,00,2,1,16,200800024292A01,1,1,1
200800024292,2008-05-08,2008,mai,jeudi,22:4,35,35238,0,0,2,2,3,5,1,4,2,02,2,1,000,000,1,0,0,2,1,39,5,1,2,00,2,2,1,200800024292B01,1,16,1
200800024295,2008-05-12,2008,mai,lundi,20:00,35,35238,0,0,2,3,3,1,1,4,1,01,1,1,000,000,1,0,1,3,2,59,5,1,9,00,0,0,0,200800024295B01,7,1,1
200800024305,2008-05-20,2008,mai,mardi,83:0,35,35238,0,0,2,1,6,1,1,4,-1,00,-1,-1,000,000,-1,6,1,3,1,38,2,1,2,14,0,1,0,200800024305A01,,,
200800024310,2008-05-21,2008,mai,mercredi,14:10,35,35238,0,0,2,3,6,1,1,3,2,03,1,1,000,090,1,0,0,4,1,55,5,1,2,01,0,1,16,200800024310A01,,,
200800024312,2008-05-23,2008,mai,vendredi,84:5,35,35238,0,0,2,6,3,1,1,4,2,02,2,-1,000,000,1,0,1,4,1,33,1,1,2,00,2,1,1,200800024312B01,7,1,1
200800024317,2008-05-24,2008,mai,samedi,10:30,35,35238,0,0,2,1,3,1,3,4,2,02,1,1,000,000,2,0,1,4,1,14,5,1,2,00,2,1,1,200800024317A01,7,1,1
200800024322,2008-05-28,2008,mai,mercredi,16:45,35,35238,0,0,2,7,3,1,1,4,4,00,1,1,000,000,1,0,1,4,1,14,5,1,2,00,2,4,19,200800024322A01,7,16,1
200800024323,2008-05-28,2008,mai,mercredi,16:10,35,35238,0,0,2,6,3,1,1,4,2,00,1,-1,000,000,1,0,1,4,2,63,5,1,9,00,2,0,1,200800024323B01,7,12,1
200800024335,2008-05-06,2008,mai,mardi,80:5,36,36044,0,0,2,3,3,1,1,4,2,02,1,1,000,051,1,0,1,3,1,12,2,1,2,00,0,1,1,200800024335A01,7,1,1
200800024344,2008-05-24,2008,mai,samedi,16:35,36,36044,0,0,2,1,3,1,1,3,2,01,1,2,000,000,1,5,1,3,2,47,5,1,2,00,2,1,1,200800024344A01,7,16,1
200800024361,2008-05-14,2008,mai,mercredi,81:0,38,38185,0,0,2,1,3,1,1,4,2,02,1,1,000,090,1,0,1,4,1,51,1,1,9,00,2,3,1,200800024361B01,37,14,1
200800024366,2008-05-17,2008,mai,samedi,11:25,38,38185,0,0,2,1,6,1,2,4,2,02,1,1,000,070,2,0,5,1,1,43,0,1,9,00,1,1,1,200800024366A01,,,
200800024367,2008-05-17,2008,mai,samedi,12:15,38,38185,0,0,2,2,3,1,2,4,1,01,1,1,000,047,2,0,1,4,1,20,0,1,9,00,2,1,1,200800024367B01,7,1,1
200800024369,2008-05-19,2008,mai,lundi,22:27,38,38185,0,0,2,1,6,5,1,4,1,01,1,2,000,040,1,0,1,4,2,42,0,1,9,00,2,1,1,200800024369B01,7,22,1
200800024370,2008-05-20,2008,mai,mardi,12:15,38,38185,0,0,2,2,3,1,1,4,2,02,1,1,000,100,1,0,5,4,1,29,0,1,9,00,2,1,1,200800024370B01,7,1,1
200800024375,2008-05-23,2008,mai,vendredi,19:05,38,38421,0,0,2,1,3,1,1,4,2,02,1,-1,000,066,1,0,1,4,1,31,9,1,9,00,2,6,0,200800024375B01,31,1,1
200800024378,2008-05-27,2008,mai,mardi,80:0,38,38185,0,0,2,1,6,1,2,4,2,02,1,1,000,138,2,0,1,3,2,29,1,1,9,00,1,7,1,200800024378A01,,,
200800024393,2008-05-06,2008,mai,mardi,15:40,40,40281,0,0,1,1,2,1,1,2,2,01,1,1,000,074,1,0,1,3,1,52,5,1,2,00,2,4,1,200800024393B01,14,17,1
200800024404,2008-05-20,2008,mai,mardi,82:0,41,41018,0,0,1,1,3,1,1,4,-1,00,1,1,000,000,1,0,4,4,2,39,9,1,9,00,2,1,1,200800024404B01,7,1,1
200800024410,2008-05-07,2008,mai,mercredi,14:55,42,42031,45.24579,4.14201,1,1,2,1,1,3,2,02,2,1,000,060,1,0,1,4,1,76,5,1,2,00,2,4,2,200800024410B01,7,2,1
200800024412,2008-05-14,2008,mai,mercredi,17:10,42,42044,45.23671,4.179,2,1,3,1,1,4,2,02,1,1,000,045,1,0,1,4,1,10,5,1,2,00,2,1,0,200800024412A01,7,0,1
200800024419,2008-05-23,2008,mai,vendredi,21:45,42,42187,0,0,2,1,5,5,1,4,1,01,1,1,000,068,1,0,1,3,1,28,5,1,2,00,2,1,1,200800024419B01,30,1,1
200800024419,2008-05-23,2008,mai,vendredi,21:45,42,42187,0,0,2,1,5,5,1,4,1,01,1,1,000,068,1,0,1,3,1,31,5,1,2,00,2,1,1,200800024419C01,30,1,1
200800024426,2008-05-06,2008,mai,mardi,17:42,42,42218,45.26389,4.24137,2,1,3,1,1,4,1,01,1,1,000,000,1,0,4,4,1,66,5,1,2,15,2,1,1,200800024426A01,7,1,1
200800024445,2008-05-08,2008,mai,jeudi,10:50,44,44135,0,0,2,4,1,1,2,4,1,01,1,1,000,040,2,0,1,4,1,42,5,1,2,00,2,1,1,200800024445A01,7,15,1
200800024446,2008-05-11,2008,mai,dimanche,11:20,44,44055,0,0,2,1,3,1,1,4,1,00,1,1,000,047,1,0,1,4,2,75,5,1,2,01,0,1,1,200800024446B01,7,24,1
200800024459,2008-05-13,2008,mai,mardi,70:5,44,44109,0,0,2,2,3,1,1,4,2,02,1,1,000,000,1,5,1,3,1,38,1,1,9,00,2,0,1,200800024459B01,7,16,1
200800024520,2008-05-08,2008,mai,jeudi,13:00,45,45234,0,0,2,1,6,1,1,4,-1,00,1,1,000,071,1,0,1,4,1,61,0,1,2,00,0,7,0,200800024520B01,7,22,1
200800024530,2008-05-23,2008,mai,vendredi,14:40,45,45285,0,0,2,1,3,1,1,4,2,02,1,1,000,050,1,0,1,4,1,10,5,1,2,00,2,1,19,200800024530A01,7,1,1
200800024530,2008-05-23,2008,mai,vendredi,14:40,45,45285,0,0,2,1,3,1,1,4,2,02,1,1,000,050,1,0,1,4,2,7,0,1,2,00,2,1,19,200800024530A01,7,1,1
200800024540,2008-05-30,2008,mai,vendredi,13:30,45,45285,0,0,2,3,3,1,1,3,2,02,1,1,000,060,1,0,1,4,1,54,5,1,2,00,2,1,1,200800024540A01,7,15,1
200800024542,2008-05-30,2008,mai,vendredi,13:05,45,45285,0,0,2,3,3,1,1,4,2,02,1,1,000,000,1,0,1,4,1,54,0,1,2,00,2,0,0,200800024542A01,7,0,1
200800024554,2008-05-03,2008,mai,samedi,11:40,49,49007,0,0,2,1,7,1,1,4,2,02,1,1,000,120,1,0,1,4,1,5,0,1,2,00,2,1,19,200800024554B01,7,0,1
200800024555,2008-05-03,2008,mai,samedi,16:05,49,49007,0,0,2,1,1,1,1,4,1,01,1,1,000,035,1,0,1,4,1,14,0,1,2,00,2,3,0,200800024555A01,7,0,1
200800024557,2008-05-07,2008,mai,mercredi,15:21,49,49007,0,0,2,6,3,1,1,4,1,01,1,1,000,060,1,5,1,4,2,29,5,1,2,00,2,7,0,200800024557B01,7,9,1
200800024558,2008-05-07,2008,mai,mercredi,19:46,49,49007,0,0,2,1,7,1,1,4,2,02,1,1,000,120,1,0,5,4,2,21,5,1,2,00,0,0,1,200800024558A01,,,
200800024561,2008-05-08,2008,mai,jeudi,23:13,49,49007,0,0,2,1,7,5,2,4,-1,02,1,1,000,000,-1,0,0,4,1,17,5,1,2,00,0,0,0,200800024561A01,,,
200800024562,2008-05-09,2008,mai,vendredi,10:44,49,49246,0,0,2,1,7,1,1,4,-1,01,1,1,000,000,1,0,1,4,2,42,5,1,2,00,0,0,0,200800024562A01,,,