Num_Acc,date,an,mois,jour,hrmn,dep,com,lat,long,agg,int,col,lum,atm,catr,circ,nbv,prof,plan,lartpc,larrout,surf,infra,situ,grav,sexe,age,trajet,secuexist,equipement,obs,obsm,choc,manv,vehiculeid,typevehicules,manoeuvehicules,numVehicules
200800024570,2008-05-13,2008,mai,mardi,17:10,49,49007,0,0,2,1,7,1,1,4,2,02,1,1,000,000,1,0,1,4,1,13,5,1,2,00,2,1,0,200800024570B01,13,2,1
200800024576,2008-05-17,2008,mai,samedi,18:56,49,49007,0,0,2,1,3,1,1,4,2,02,1,1,000,060,1,0,1,4,1,12,5,1,4,00,2,1,19,200800024576A01,7,1,1
200800024582,2008-05-21,2008,mai,mercredi,94:5,49,49007,0,0,2,6,5,1,1,4,2,05,1,1,010,152,1,5,1,3,2,23,1,1,2,00,2,1,2,200800024582C01,14/ 7,2,2
200800024587,2008-05-22,2008,mai,jeudi,18:09,49,49007,0,0,2,1,7,1,1,4,1,01,1,2,000,040,1,0,1,4,2,35,5,1,2,00,0,0,1,200800024587A01,,,
200800024589,2008-05-23,2008,mai,vendredi,12:49,49,49267,0,0,2,1,7,1,1,4,2,02,1,1,000,060,1,0,1,4,2,52,1,1,2,00,0,2,1,200800024589A01,,,
200800024592,2008-05-26,2008,mai,lundi,81:8,49,49007,0,0,2,1,7,1,2,4,2,02,1,1,000,062,2,0,1,4,2,15,1,1,9,00,0,0,1,200800024592A01,,,
200800024601,2008-05-29,2008,mai,jeudi,84:6,49,49007,0,0,2,1,7,1,1,4,2,02,1,1,000,055,1,0,1,4,1,21,1,1,2,00,0,0,1,200800024601A01,,,
200800024605,2008-05-19,2008,mai,lundi,19:20,49,49099,0,0,1,3,3,1,1,4,2,02,1,1,000,000,1,0,1,4,1,15,5,1,2,00,2,1,15,200800024605A01,7,1,1
200800024608,2008-05-26,2008,mai,lundi,17:10,49,49099,0,0,2,1,3,1,1,3,3,02,1,1,000,000,1,0,0,4,1,13,0,1,2,00,2,8,19,200800024608A01,7,1,1
200800024611,2008-05-01,2008,mai,jeudi,11:00,49,49328,0,0,2,6,2,1,1,4,2,02,1,1,020,160,1,0,1,4,1,53,5,1,9,00,2,1,2,200800024611A01,7,1,1
200800024616,2008-05-03,2008,mai,samedi,22:55,50,50129,0,0,2,1,2,5,1,3,2,03,1,1,000,090,1,0,1,4,2,19,5,1,2,00,2,4,1,200800024616A01,7,17,1
200800024640,2008-05-13,2008,mai,mardi,91:0,51,51454,0,0,2,1,3,1,1,4,1,03,1,1,000,000,1,5,1,3,1,51,1,1,9,00,2,8,13,200800024640B01,10,17,1
200800024661,2008-05-09,2008,mai,vendredi,10:05,54,54357,0,0,2,3,3,1,1,4,2,01,2,1,000,000,1,0,0,4,2,24,5,1,2,00,2,1,9,200800024661A01,7,1,1
200800024669,2008-05-14,2008,mai,mercredi,18:13,54,54395,0,0,2,1,5,1,8,4,2,02,1,1,000,000,1,0,0,4,2,22,5,1,2,00,2,1,1,200800024669A01,40,1,1
200800024669,2008-05-14,2008,mai,mercredi,18:13,54,54395,0,0,2,1,5,1,8,4,2,02,1,1,000,000,1,0,0,4,1,20,5,1,2,00,2,1,1,200800024669B01,40,1,1
200800024677,2008-05-27,2008,mai,mardi,13:50,54,54395,0,0,2,1,1,1,1,4,2,01,2,1,000,000,1,0,1,4,1,42,5,1,2,00,2,1,5,200800024677A01,7,1,1
200800024679,2008-05-30,2008,mai,vendredi,10:0,54,54395,0,0,2,1,6,5,3,4,-1,01,1,1,000,000,2,0,1,1,1,31,5,1,2,00,1,1,1,200800024679A01,,,
200800024680,2008-05-31,2008,mai,samedi,18:28,54,54395,0,0,2,2,6,1,1,4,2,02,2,1,000,000,1,0,1,4,1,15,5,1,9,00,1,1,1,200800024680A01,,,
200800024696,2008-05-06,2008,mai,mardi,90:0,56,56121,0,0,2,6,3,1,1,9,2,02,2,1,000,000,1,0,0,4,2,56,0,1,9,00,2,1,1,200800024696B01,7,1,1
200800024723,2008-05-30,2008,mai,vendredi,15:15,56,56107,0,0,1,1,3,1,1,3,2,00,1,1,000,000,1,3,1,3,1,24,5,1,9,00,2,1,1,200800024723A01,7,9,1
200800024725,2008-05-01,2008,mai,jeudi,19:20,56,56260,0,0,2,1,3,1,1,4,2,02,1,1,000,057,1,0,1,4,1,7,5,1,2,00,2,1,19,200800024725A01,7,1,1
200800024747,2008-05-16,2008,mai,vendredi,11:25,57,57447,0,0,2,3,6,1,1,3,2,03,1,1,000,000,1,0,1,4,1,46,5,1,2,00,2,9,1,200800024747B01,7,15,1
200800024775,2008-05-10,2008,mai,samedi,14:40,58,58194,0,0,2,1,2,1,1,4,2,02,1,1,000,000,1,0,1,4,1,49,0,1,2,00,2,1,2,200800024775A01,7,23,1
200800024784,2008-05-01,2008,mai,jeudi,22:45,59,59122,0,0,2,1,2,3,2,4,2,01,1,1,000,064,2,0,1,3,1,16,0,1,9,00,0,4,2,200800024784B01,7,2,1
200800024787,2008-05-14,2008,mai,mercredi,14:20,59,59205,0,0,2,9,1,1,1,4,2,02,1,1,000,070,1,0,1,3,1,9,0,1,9,00,0,1,1,200800024787A01,7,1,1
200800024813,2008-05-02,2008,mai,vendredi,18:35,59,59378,0,0,2,3,3,1,1,4,1,01,1,1,000,030,1,0,1,4,1,64,5,1,2,00,2,1,1,200800024813B01,7,15,1
200800024832,2008-05-11,2008,mai,dimanche,12:10,59,59368,0,0,1,1,3,1,1,4,2,02,1,1,000,059,1,0,1,4,1,8,5,1,4,00,2,1,1,200800024832A01,7,1,1
200800024838,2008-05-14,2008,mai,mercredi,14:30,59,59368,0,0,2,1,3,1,1,4,2,02,1,1,000,094,1,0,1,4,1,15,9,1,2,01,0,1,1,200800024838B01,7,24,1
200800024840,2008-05-15,2008,mai,jeudi,15:00,59,59350,0,0,2,2,3,1,1,4,1,01,1,1,000,030,1,0,0,4,1,27,2,1,2,00,2,1,1,200800024840A01,10,1,1
200800024845,2008-05-17,2008,mai,samedi,17:00,59,59648,0,0,2,1,3,1,1,4,3,02,1,1,020,060,1,0,1,4,2,37,0,1,2,00,2,0,1,200800024845A01,7,13,1
200800024850,2008-05-20,2008,mai,mardi,13:15,59,59410,0,0,2,1,3,1,1,4,1,01,1,1,000,035,1,0,1,4,1,16,2,1,4,00,2,8,1,200800024850B01,10,1,1
200800024856,2008-05-22,2008,mai,jeudi,17:30,59,59378,0,0,2,2,3,1,1,2,3,06,1,1,000,200,2,0,1,4,1,15,2,1,2,00,2,1,1,200800024856A01,7,1,1
200800024858,2008-05-22,2008,mai,jeudi,18:20,59,59410,0,0,2,1,3,1,1,4,2,02,1,1,000,108,2,0,1,4,1,43,1,1,4,00,2,1,1,200800024858B01,7,15,1
200800024868,2008-05-26,2008,mai,lundi,17:00,59,59350,0,0,2,1,6,1,1,4,3,04,1,1,000,000,1,0,5,4,1,32,0,1,2,00,2,3,1,200800024868B01,7,15,1
200800024878,2008-05-30,2008,mai,vendredi,17:30,59,59350,0,0,2,1,6,1,1,4,2,02,1,1,000,000,1,0,1,4,2,23,5,1,9,00,2,1,1,200800024878B01,7,19,1
200800024884,2008-05-12,2008,mai,lundi,83:0,59,59512,0,0,1,1,3,1,1,4,3,02,1,1,000,000,1,0,1,3,1,30,4,1,2,00,2,9,1,200800024884B01,30,10,1
200800024887,2008-05-06,2008,mai,mardi,84:5,59,59512,0,0,1,7,3,1,1,4,2,02,1,2,000,000,1,0,1,3,2,17,2,1,9,00,2,0,16,200800024887B01,7,15,1
200800024893,2008-05-07,2008,mai,mercredi,15:00,59,59512,0,0,1,1,3,1,1,4,2,02,1,1,000,000,1,0,1,3,2,13,5,1,2,00,2,4,19,200800024893B01,7,1,1
200800024896,2008-05-10,2008,mai,samedi,16:30,59,59163,0,0,1,3,3,1,1,4,2,02,1,1,000,000,1,0,1,3,1,34,9,1,2,14,2,4,15,200800024896A01,33,1,1
200800024900,2008-05-01,2008,mai,jeudi,15:35,59,59512,0,0,1,2,3,1,2,4,2,02,1,1,000,000,2,0,1,3,1,16,9,1,2,00,2,1,1,200800024900A01,7,16,1
200800024905,2008-05-13,2008,mai,mardi,19:10,59,59512,0,0,1,1,3,1,1,4,2,02,1,1,000,000,1,0,1,3,1,15,5,1,2,00,2,9,19,200800024905B01,7,1,1
200800024923,2008-05-02,2008,mai,vendredi,80:0,59,59599,0,0,2,3,3,1,1,4,2,02,1,1,000,000,1,0,1,3,2,59,1,1,9,00,2,1,2,200800024923B01,7,15,1
200800024928,2008-05-13,2008,mai,mardi,16:00,59,59599,0,0,2,3,6,1,1,4,1,00,-1,-1,000,000,-1,0,0,1,1,24,9,1,9,00,0,1,16,200800024928A01,,,
200800024937,2008-05-07,2008,mai,mercredi,18:30,59,59369,0,0,1,2,3,1,1,3,2,02,1,1,000,113,1,0,1,3,1,34,5,1,9,00,2,7,6,200800024937A01,31,1,1
200800024961,2008-05-06,2008,mai,mardi,12:00,61,61006,0,0,2,1,6,1,1,2,-1,00,1,-1,000,000,1,0,4,3,1,61,3,1,9,00,9,8,2,200800024961A01,,,
200800024969,2008-05-04,2008,mai,dimanche,12:15,62,62570,0,0,2,3,3,1,7,2,1,01,1,1,000,000,1,0,1,4,1,51,5,1,2,00,2,0,1,200800024969B01,7,15,1
200800024997,2008-05-16,2008,mai,vendredi,15:05,62,62413,0,0,2,9,3,1,1,4,2,02,1,1,000,079,1,0,1,3,2,12,5,1,9,00,2,8,19,200800024997B01,30,17,1
200800025003,2008-05-15,2008,mai,jeudi,17:20,62,62351,0,0,2,3,3,1,3,3,2,03,1,1,000,032,1,0,1,4,2,17,5,1,4,00,1,1,15,200800025003A01,7,1,1
200800025063,2008-05-20,2008,mai,mardi,14:50,63,63113,0,0,2,1,1,1,1,4,3,05,1,1,030,170,1,0,1,4,2,21,0,1,2,00,2,1,5,200800025063A01,7,16,1
200800025084,2008-05-08,2008,mai,jeudi,11:08,64,64140,0,0,2,3,3,1,1,4,2,02,1,1,000,060,1,0,1,4,1,55,5,1,2,00,2,1,1,200800025084B01,2,9,1
200800025086,2008-05-11,2008,mai,dimanche,45:,64,64102,0,0,2,1,3,5,1,4,3,04,3,1,000,060,1,0,1,1,1,16,5,1,9,00,2,1,5,200800025086B01,7,0,1
200800025086,2008-05-11,2008,mai,dimanche,45:,64,64102,0,0,2,1,3,5,1,4,3,04,3,1,000,060,1,0,1,4,1,17,0,1,9,00,2,1,5,200800025086B01,7,0,1
200800025090,2008-05-21,2008,mai,mercredi,13:35,64,64102,0,0,2,1,7,1,1,5,-1,01,1,-1,000,100,1,0,0,4,1,9,5,1,2,00,2,1,9,200800025090B01,10,4,1
200800025091,2008-05-22,2008,mai,jeudi,10:40,64,64102,0,0,2,3,7,1,1,4,2,02,1,1,000,060,1,0,0,3,2,56,5,1,9,00,0,1,1,200800025091A01,,,
200800025103,2008-05-01,2008,mai,jeudi,91:0,64,64445,0,0,2,3,3,1,1,4,2,02,1,1,010,065,1,0,0,3,1,61,0,1,2,00,2,1,0,200800025103B01,7,15,1
200800025107,2008-05-05,2008,mai,lundi,16:00,64,64445,0,0,2,1,3,1,1,4,2,02,1,1,000,082,1,0,1,3,2,38,0,1,2,00,2,4,1,200800025107B01,7,14,1
200800025118,2008-05-16,2008,mai,vendredi,14:25,64,64445,0,0,2,1,3,1,2,4,1,01,1,2,000,088,2,0,1,4,1,30,9,1,2,00,2,1,1,200800025118B01,7,16,1
200800025176,2008-05-03,2008,mai,samedi,95:5,67,67482,0,0,2,3,1,1,1,4,2,02,1,1,000,051,1,0,0,4,1,51,0,1,9,00,2,1,1,200800025176B01,7,1,1
200800025178,2008-05-03,2008,mai,samedi,17:15,67,67482,0,0,2,1,1,1,1,4,1,01,1,1,000,045,1,0,1,1,1,19,0,1,9,00,2,1,1,200800025178B01,30,13,1
200800025181,2008-05-05,2008,mai,lundi,16:10,67,67043,0,0,2,2,3,1,1,4,1,01,1,1,000,075,1,0,1,4,1,43,1,1,9,00,2,8,15,200800025181B01,7,17,1
200800025183,2008-05-06,2008,mai,mardi,90:0,67,67482,0,0,2,1,3,1,1,4,1,30,1,1,030,150,1,0,1,4,1,30,5,1,9,00,2,7,19,200800025183B01,7,1,1
200800025185,2008-05-06,2008,mai,mardi,18:00,67,67482,0,0,2,1,3,1,1,4,3,04,1,1,080,060,1,0,1,4,2,21,1,1,9,01,0,1,1,200800025185B01,7,22,1
200800025186,2008-05-07,2008,mai,mercredi,15:00,67,67482,0,0,2,3,3,1,1,4,1,02,1,1,000,060,1,0,5,4,1,36,5,1,9,00,2,8,1,200800025186B01,7,1,1
200800025196,2008-05-13,2008,mai,mardi,16:05,67,67447,0,0,2,1,2,1,1,4,2,02,1,1,000,100,1,0,1,4,2,60,5,1,2,00,2,4,1,200800025196B01,7,1,1
200800025197,2008-05-13,2008,mai,mardi,19:25,67,67043,0,0,2,3,3,1,1,4,1,01,1,1,000,050,1,0,0,4,2,46,1,1,2,00,2,7,1,200800025197B01,7,16,1
200800025201,2008-05-15,2008,mai,jeudi,12:15,67,67482,0,0,2,1,1,1,8,4,2,01,1,1,000,250,1,6,1,4,2,25,0,1,9,00,2,1,1,200800025201B01,1,0,1
200800025202,2008-05-15,2008,mai,jeudi,17:10,67,67482,0,0,2,1,6,1,1,4,2,04,1,1,020,063,1,0,5,1,1,19,5,1,9,00,1,1,1,200800025202A01,,,
200800025205,2008-05-15,2008,mai,jeudi,18:55,67,67482,0,0,2,4,3,1,3,4,2,02,1,1,000,066,2,0,1,4,2,30,1,1,9,00,2,1,1,200800025205A01,7,16,1
200800025206,2008-05-16,2008,mai,vendredi,64:0,67,67043,0,0,2,3,3,1,1,4,1,02,1,1,000,050,1,0,5,4,1,33,1,1,9,00,2,8,1,200800025206B01,7,16,1
200800025207,2008-05-16,2008,mai,vendredi,12:10,67,67218,0,0,2,3,3,1,1,4,3,02,1,1,000,060,1,0,1,4,2,68,0,1,9,00,2,1,1,200800025207B01,10,16,1
200800025208,2008-05-16,2008,mai,vendredi,17:20,67,67447,0,0,2,2,3,1,8,4,1,01,1,1,000,053,1,0,1,4,1,11,0,1,9,00,2,1,1,200800025208B01,7,16,1
200800025209,2008-05-16,2008,mai,vendredi,22:15,67,67482,0,0,2,1,6,5,1,4,2,04,1,1,000,138,1,0,1,4,2,33,0,1,9,01,0,1,1,200800025209A01,,,
200800025211,2008-05-18,2008,mai,dimanche,13:30,67,67482,0,0,2,2,3,1,2,4,2,04,2,1,000,120,2,0,1,4,2,64,5,1,9,00,2,1,1,200800025211B01,20,24,1
200800025212,2008-05-18,2008,mai,dimanche,17:40,67,67482,0,0,2,1,3,1,2,4,2,02,1,1,000,080,2,0,1,4,1,62,5,1,9,00,2,8,1,200800025212B01,7,1,1
200800025215,2008-05-20,2008,mai,mardi,12:15,67,67482,0,0,2,2,3,1,1,4,3,04,1,1,020,180,1,0,1,4,1,34,0,1,2,00,2,1,1,200800025215A01,7,1,1
200800025217,2008-05-21,2008,mai,mercredi,17:55,67,67482,0,0,1,3,3,1,1,4,2,04,1,1,000,159,1,0,1,4,1,45,5,1,9,00,2,7,19,200800025217A01,40,1,1
200800025220,2008-05-22,2008,mai,jeudi,14:25,67,67482,0,0,2,1,3,1,1,4,1,02,1,1,010,139,1,0,4,4,1,32,3,1,9,00,2,1,1,200800025220A01,7,1,1
200800025222,2008-05-23,2008,mai,vendredi,14:50,67,67447,0,0,2,2,3,1,1,4,2,02,1,1,000,080,1,0,1,4,1,18,5,1,9,00,4,5,0,200800025222B01,40,1,1
200800025232,2008-05-27,2008,mai,mardi,18:35,67,67482,0,0,2,1,3,1,1,4,2,04,1,1,080,080,1,0,1,4,2,20,5,1,9,00,2,1,19,200800025232B01,7,15,1
200800025235,2008-05-30,2008,mai,vendredi,93:0,67,67482,0,0,2,1,2,1,1,4,1,01,1,1,010,027,1,0,1,4,1,78,0,1,9,00,2,1,1,200800025235B01,10,4,1
200800025237,2008-05-31,2008,mai,samedi,11:35,67,67482,0,0,2,3,6,1,1,4,1,01,1,1,000,150,1,0,1,1,1,62,0,1,9,00,1,1,1,200800025237A01,,,
200800025240,2008-05-31,2008,mai,samedi,18:45,67,67482,0,0,2,1,3,1,1,4,2,03,1,1,000,110,1,0,1,4,2,48,9,1,2,00,2,2,19,200800025240B01,7,1,1
200800025241,2008-05-02,2008,mai,vendredi,16:42,68,68066,0,0,2,3,3,1,1,4,2,02,1,1,000,062,1,0,0,3,1,37,5,1,2,00,2,7,1,200800025241B01,7,1,1
200800025243,2008-05-09,2008,mai,vendredi,21:00,68,68066,0,0,2,1,3,1,1,4,2,01,1,1,000,060,1,0,1,4,1,9,5,1,2,00,0,1,5,200800025243B01,7,16,1
200800025246,2008-05-20,2008,mai,mardi,13:15,68,68066,0,0,2,1,3,1,1,4,2,02,1,1,000,120,1,4,4,4,2,24,5,1,2,00,2,1,1,200800025246B01,7,1,1
200800025249,2008-05-30,2008,mai,vendredi,12:12,68,68066,0,0,2,2,3,1,1,4,2,04,1,1,000,112,1,0,0,4,1,21,1,1,2,00,2,1,19,200800025249B01,7,16,1
200800025265,2008-05-23,2008,mai,vendredi,10:30,68,68224,0,0,2,9,3,1,1,3,2,02,1,1,000,086,1,0,5,4,1,14,0,1,9,00,2,1,0,200800025265A01,7,9,1
200800025315,2008-05-26,2008,mai,lundi,17:55,69,69266,0,0,2,1,3,1,2,4,1,01,1,-1,000,000,2,0,1,4,2,52,1,1,9,00,2,1,1,200800025315B01,7,9,1
200800025323,2008-05-21,2008,mai,mercredi,13:40,69,69290,0,0,2,1,2,1,1,4,2,02,2,1,000,068,1,0,1,4,1,54,0,1,9,00,2,1,21,200800025323A01,7,23,1
200800025325,2008-05-22,2008,mai,jeudi,73:5,69,69290,0,0,2,2,3,1,1,4,2,03,1,1,000,119,1,0,1,4,1,52,1,1,9,00,2,1,1,200800025325A01,7,1,1
200800025326,2008-05-23,2008,mai,vendredi,75:0,69,69290,0,0,2,1,5,1,1,4,3,01,2,1,015,065,1,0,1,4,1,40,0,1,4,00,2,1,1,200800025326B01,7,16/23,2
200800025331,2008-05-28,2008,mai,mercredi,14:00,71,71076,0,0,2,1,1,1,1,4,2,02,1,2,000,000,1,0,1,3,1,18,0,1,9,01,0,3,19,200800025331A01,7,1,1
200800025364,2008-05-30,2008,mai,vendredi,12:40,73,73065,0,0,2,6,2,1,1,4,-1,02,1,1,000,000,1,0,1,4,1,19,0,1,9,00,2,1,2,200800025364B01,7,4,1
200800025367,2008-05-14,2008,mai,mercredi,14:10,74,74010,0,0,2,6,6,1,1,4,2,02,4,1,000,070,1,0,0,3,1,58,9,1,2,00,2,1,1,200800025367A01,7,23,1
200800025374,2008-05-29,2008,mai,jeudi,19:10,74,74010,0,0,2,3,6,1,1,4,2,02,1,1,000,000,1,0,0,4,1,52,5,1,2,00,0,4,1,200800025374B01,7,15,1
200800025380,2008-05-13,2008,mai,mardi,20:00,74,74281,0,0,2,1,6,1,1,3,2,04,1,1,000,100,1,0,5,4,1,28,5,1,2,00,2,1,1,200800025380B01,,,
200800025381,2008-05-18,2008,mai,dimanche,11:00,74,74281,0,0,2,1,7,1,1,4,2,02,4,-1,000,000,1,0,1,3,2,61,5,1,2,00,0,0,1,200800025381A01,,,
200800025382,2008-05-12,2008,mai,lundi,11:55,74,74281,0,0,2,6,2,1,1,4,1,01,1,1,000,040,1,0,1,4,2,41,5,1,2,00,2,4,16,200800025382B01,7,1,1
200800025388,2008-05-04,2008,mai,dimanche,17:50,76,76391,0,0,1,1,7,1,1,4,2,01,1,3,000,030,1,0,0,3,1,61,5,1,2,14,0,1,1,200800025388A01,,,
200800025413,2008-05-07,2008,mai,mercredi,17:40,76,76319,0,0,2,6,6,1,1,2,-1,02,-1,-1,000,000,-1,0,0,4,1,52,5,1,2,00,2,1,2,200800025413B01,7,16,1
200800025415,2008-05-09,2008,mai,vendredi,12:10,76,76681,0,0,2,2,3,1,1,4,2,02,1,1,000,060,1,5,1,4,1,13,2,1,2,00,2,1,1,200800025415A01,7,1,1
200800025450,2008-05-30,2008,mai,vendredi,19:15,76,76322,0,0,2,1,3,1,1,4,2,00,1,1,000,060,1,4,1,4,1,28,4,1,2,00,4,1,19,200800025450A01,40,1,1
200800025472,2008-05-12,2008,mai,lundi,15:20,77,77186,0,0,1,1,6,1,1,3,2,02,1,1,000,073,1,0,1,3,1,27,5,1,2,00,2,7,19,200800025472A01,7,1,1
200800025484,2008-05-06,2008,mai,mardi,18:25,77,77294,0,0,2,3,1,1,1,4,2,02,2,1,700,050,1,0,1,3,1,10,5,1,9,00,0,0,0,200800025484B01,7,9,1
200800025501,2008-05-06,2008,mai,mardi,85:5,78,78172,0,0,1,2,3,1,1,4,2,01,1,1,000,030,1,0,1,4,1,59,5,1,9,00,2,1,1,200800025501B01,7,1,1
200800025502,2008-05-02,2008,mai,vendredi,92:5,78,78208,0,0,2,1,3,1,1,4,3,04,1,1,000,140,1,0,1,4,1,66,5,1,2,00,2,3,19,200800025502A01,7,1,1
200800025509,2008-05-04,2008,mai,dimanche,19:20,78,78688,0,0,2,1,5,1,1,4,2,02,1,1,000,049,1,0,1,3,1,7,5,1,2,00,2,1,1,200800025509B01,7,13,1
200800025509,2008-05-04,2008,mai,dimanche,19:20,78,78688,0,0,2,1,5,1,1,4,2,02,1,1,000,049,1,0,1,3,1,5,5,1,2,00,2,1,1,200800025509C01,7,13,1
200800025510,2008-05-05,2008,mai,lundi,19:05,78,78297,0,0,2,1,7,1,1,4,-1,00,1,1,000,000,1,0,5,4,2,27,1,1,2,00,1,0,0,200800025510A01,,,
200800025516,2008-05-10,2008,mai,samedi,12:50,78,78311,0,0,2,1,6,1,1,3,2,02,1,1,000,070,1,0,1,4,1,62,5,1,2,00,2,1,1,200800025516A01,13,1,1
200800025530,2008-05-21,2008,mai,mercredi,14:40,78,78361,0,0,2,1,6,1,1,2,2,02,1,1,000,000,1,0,1,4,1,59,0,1,9,00,0,4,13,200800025530C01,10/ 7,2/1,2
200800025537,2008-05-11,2008,mai,dimanche,17:00,78,78502,0,0,2,1,3,1,1,2,1,04,1,3,020,120,1,0,1,3,2,14,5,1,9,00,2,8,19,200800025537A01,7,1,1
200800025537,2008-05-11,2008,mai,dimanche,17:00,78,78502,0,0,2,1,3,1,1,2,1,04,1,3,020,120,1,0,1,3,1,14,0,1,9,00,2,8,19,200800025537A01,7,1,1
200800025551,2008-05-13,2008,mai,mardi,18:10,78,78642,0,0,2,6,3,1,1,3,2,00,1,2,000,000,1,5,1,3,1,54,0,1,2,00,2,1,1,200800025551B01,7,2,1
200800025571,2008-05-29,2008,mai,jeudi,92:0,78,78586,0,0,2,2,3,1,1,4,2,02,1,1,000,055,1,0,1,4,1,17,2,1,9,00,2,1,1,200800025571A01,10,1,1
200800025577,2008-05-21,2008,mai,mercredi,95:5,78,78322,0,0,2,1,6,1,1,4,2,02,1,1,000,000,1,0,1,4,1,13,5,1,2,00,2,7,19,200800025577B01,7,1,1
200800025581,2008-05-27,2008,mai,mardi,93:0,78,78686,0,0,2,1,3,1,2,3,2,02,1,1,000,060,2,0,1,4,1,80,5,1,2,01,0,1,2,200800025581B01,7,22,1
200800025605,2008-05-27,2008,mai,mardi,1:,78,78650,0,0,2,1,1,5,1,4,2,02,1,1,000,077,2,0,1,4,1,21,5,1,2,00,2,1,5,200800025605A01,7,1,1
200800025607,2008-05-16,2008,mai,vendredi,13:15,79,79191,0,0,2,6,3,1,3,3,2,02,1,1,000,072,2,5,1,3,2,59,5,1,4,00,2,1,1,200800025607B01,7,1,1
200800025611,2008-05-20,2008,mai,mardi,12:10,80,80001,0,0,2,6,3,1,1,4,-1,00,1,2,000,000,1,0,1,3,1,23,5,1,9,00,2,1,1,200800025611A01,7,15,1
200800025620,2008-05-06,2008,mai,mardi,70:0,80,80021,0,0,2,2,3,2,1,4,2,02,1,1,000,060,1,0,1,3,2,57,0,1,9,00,2,1,1,200800025620B01,7,15,1
200800025621,2008-05-12,2008,mai,lundi,18:15,80,80021,0,0,2,1,3,1,1,4,2,05,1,1,000,150,1,0,1,2,1,25,5,1,9,00,2,8,19,200800025621B01,7,1,1
200800025642,2008-05-31,2008,mai,samedi,11:20,80,80021,0,0,2,1,7,1,1,4,2,02,2,1,000,060,1,0,1,4,2,61,5,1,9,00,2,1,1,200800025642B01,7,22,1
200800025665,2008-05-26,2008,mai,lundi,17:25,83,83061,0,0,2,1,3,1,1,4,2,02,2,1,000,060,1,0,1,3,1,16,5,1,9,00,2,3,15,200800025665A01,7,1,1
200800025667,2008-05-01,2008,mai,jeudi,10:15,83,83034,0,0,2,1,6,1,1,3,2,02,1,1,000,081,1,0,1,3,1,73,5,1,2,00,2,7,19,200800025667B01,7/ 33,1,2
200800025689,2008-05-10,2008,mai,samedi,13:05,83,83137,0,0,2,1,2,1,1,2,1,03,1,1,000,000,1,0,1,4,1,50,5,1,9,00,2,4,1,200800025689B01,7,1,1
200800025711,2008-05-17,2008,mai,samedi,93:0,83,83137,0,0,2,1,3,1,2,4,2,02,2,1,000,080,2,0,1,4,2,17,5,1,2,01,0,1,1,200800025711B01,7,22,1
200800025723,2008-05-07,2008,mai,mercredi,12:55,84,84007,0,0,1,1,3,1,1,4,2,01,1,1,000,052,1,0,5,4,1,58,1,1,9,00,2,1,15,200800025723B01,2,1,1
200800025737,2008-05-21,2008,mai,mercredi,13:30,84,84089,0,0,2,1,3,1,1,3,2,02,1,1,000,039,1,0,1,3,1,16,5,1,9,00,2,1,2,200800025737B01,7,2,1
200800025746,2008-05-02,2008,mai,vendredi,15:55,85,85194,0,0,2,6,3,1,1,4,2,02,1,1,000,050,1,0,1,4,2,61,5,1,9,00,2,1,2,200800025746B01,7,16,1
200800025748,2008-05-05,2008,mai,lundi,93:0,85,85194,0,0,2,6,6,1,1,4,-1,02,1,1,000,000,1,0,0,3,2,62,5,1,9,00,0,4,2,200800025748B01,7,2,1
200800025749,2008-05-06,2008,mai,mardi,17:10,85,85194,0,0,2,1,2,1,1,4,2,02,1,1,000,000,1,0,1,4,2,43,2,1,9,00,0,4,2,200800025749B01,7,2,1
200800025757,2008-05-07,2008,mai,mercredi,17:30,86,86194,0,0,2,1,6,1,1,9,2,01,2,1,000,000,1,2,5,3,1,42,1,1,9,00,1,1,1,200800025757A01,,,
200800025798,2008-05-05,2008,mai,lundi,13:15,88,88160,48.14879,6.45925,2,3,3,1,1,3,2,02,2,1,000,082,1,0,1,4,1,26,5,1,9,00,2,1,0,200800025798B01,7,19,1
200800025817,2008-05-25,2008,mai,dimanche,16:26,90,90099,0,0,2,1,6,1,1,4,-1,01,1,-1,000,025,1,0,5,1,2,13,5,1,9,00,1,1,0,200800025817A01,,,
200800025887,2008-05-21,2008,mai,mercredi,10:30,91,91477,0,0,1,1,6,1,1,3,1,02,1,1,000,000,1,3,1,2,1,82,5,1,2,00,2,4,12,200800025887B01,7,1,1
200800025895,2008-05-23,2008,mai,vendredi,15:12,91,91549,0,0,2,1,6,1,1,4,2,02,1,1,000,000,1,0,1,4,1,12,2,1,9,00,2,1,19,200800025895B01,33,1,1
200800025958,2008-05-21,2008,mai,mercredi,19:45,92,92024,0,0,2,1,3,1,1,3,1,03,1,1,000,000,1,0,1,4,2,28,1,1,9,01,0,1,21,200800025958B01,7,24,1
200800025973,2008-05-29,2008,mai,jeudi,13:00,92,92025,0,0,2,1,6,1,1,4,1,01,1,1,000,070,1,0,1,3,1,62,9,1,9,00,2,0,0,200800025973B01,7,2,1
200800025981,2008-05-13,2008,mai,mardi,19:35,92,92035,0,0,2,2,7,1,1,3,4,04,1,1,000,000,1,5,3,3,1,47,5,1,2,00,0,0,0,200800025981A01,,,
200800025982,2008-05-05,2008,mai,lundi,15:40,92,92035,0,0,2,1,6,1,1,3,2,02,1,1,000,000,1,0,1,4,1,49,0,1,2,00,1,1,1,200800025982A01,,,
200800025991,2008-05-05,2008,mai,lundi,17:50,92,92040,0,0,2,1,6,1,1,3,2,02,1,1,120,060,1,0,1,4,1,14,5,1,9,00,2,5,0,200800025991B01,32,17,1
200800026014,2008-05-06,2008,mai,mardi,94:5,92,92049,0,0,2,1,3,1,1,3,-1,02,-1,-1,000,000,-1,0,1,4,1,38,1,1,2,00,2,1,1,200800026014B01,34,1,1
200800026020,2008-05-24,2008,mai,samedi,20:25,92,92049,0,0,2,1,6,2,1,3,1,02,1,1,000,000,1,0,1,1,1,35,0,1,9,00,1,0,0,200800026020A01,,,