Num_Acc,date,an,mois,jour,hrmn,dep,com,lat,long,agg,int,col,lum,atm,catr,circ,nbv,prof,plan,lartpc,larrout,surf,infra,situ,grav,sexe,age,trajet,secuexist,equipement,obs,obsm,choc,manv,vehiculeid,typevehicules,manoeuvehicules,numVehicules
200800026020,2008-05-24,2008,mai,samedi,20:25,92,92049,0,0,2,1,6,2,1,3,1,02,1,1,000,000,1,0,1,4,1,37,5,0,0,00,1,0,0,200800026020A01,,,
200800026042,2008-05-13,2008,mai,mardi,11:20,92,92051,0,0,2,1,3,1,1,4,2,00,1,-1,000,000,1,0,1,4,2,25,4,1,9,00,0,2,0,200800026042B01,7,16,1
200800026046,2008-05-19,2008,mai,lundi,18:10,92,92062,0,0,2,3,6,1,1,4,2,02,1,1,000,090,1,0,1,4,1,12,5,1,2,01,0,1,15,200800026046A01,,,
200800026104,2008-05-22,2008,mai,jeudi,12:15,93,93005,0,0,2,1,3,1,1,3,3,04,1,1,000,000,1,0,5,3,1,40,0,1,9,00,2,7,21,200800026104B01,10,16,1
200800026149,2008-05-12,2008,mai,lundi,14:40,93,93079,0,0,2,1,3,1,1,4,2,02,1,1,000,000,1,0,1,4,1,76,0,1,9,00,2,6,2,200800026149B01,7,1,1
200800026160,2008-05-08,2008,mai,jeudi,19:00,93,93045,0,0,2,1,3,1,1,4,-1,00,1,1,000,000,1,0,1,4,1,41,5,1,9,00,2,8,2,200800026160B01,7,2,1
200800026164,2008-05-20,2008,mai,mardi,18:00,93,93045,0,0,2,1,2,1,1,4,2,02,1,1,000,050,1,0,1,4,1,12,5,1,2,00,2,1,2,200800026164A01,7,2,1
200800026167,2008-05-06,2008,mai,mardi,14:15,93,93074,0,0,2,5,3,1,1,2,1,01,2,1,000,000,1,3,1,4,1,47,0,1,9,00,0,3,19,200800026167B01,7,15,1
200800026188,2008-05-05,2008,mai,lundi,18:50,93,93049,0,0,2,1,4,1,1,4,2,02,1,1,000,060,1,0,1,3,1,35,0,1,9,01,0,1,1,200800026188B01,7,0/1,2
200800026189,2008-05-11,2008,mai,dimanche,12:10,93,93050,0,0,2,1,3,1,1,4,2,01,1,1,000,000,1,0,1,4,1,6,0,1,9,00,2,1,12,200800026189A01,7,1,1
200800026195,2008-05-24,2008,mai,samedi,13:50,93,93049,0,0,2,3,3,1,1,4,2,02,1,3,000,050,1,0,0,3,1,52,0,1,2,00,2,3,0,200800026195B01,7,0,1
200800026202,2008-05-10,2008,mai,samedi,11:28,93,93051,0,0,2,1,6,1,1,9,2,02,1,1,000,000,1,0,5,3,2,64,5,1,9,00,9,1,11,200800026202A01,,,
200800026202,2008-05-10,2008,mai,samedi,11:28,93,93051,0,0,2,1,6,1,1,9,2,02,1,1,000,000,1,0,5,3,2,87,5,0,0,00,9,1,11,200800026202A01,,,
200800026206,2008-05-21,2008,mai,mercredi,15:00,93,93051,0,0,2,3,3,1,1,4,2,02,2,1,000,050,1,0,1,3,1,18,2,1,9,00,2,1,1,200800026206A01,7,1,1
200800026217,2008-05-14,2008,mai,mercredi,72:5,93,93053,0,0,2,1,1,1,1,9,2,01,1,3,000,022,1,2,1,2,1,65,1,1,2,00,9,1,1,200800026217A01,1,1,1
200800026217,2008-05-14,2008,mai,mercredi,72:5,93,93053,0,0,2,1,1,1,1,9,2,01,1,3,000,022,1,2,1,4,1,44,1,1,2,00,9,1,1,200800026217B01,1,1,1
200800026251,2008-05-19,2008,mai,lundi,10:45,93,93066,0,0,2,1,2,1,1,2,1,03,1,1,000,060,1,2,1,3,1,39,0,1,2,00,2,4,2,200800026251B01,7,2,1
200800026252,2008-05-20,2008,mai,mardi,81:0,93,93066,0,0,2,1,3,1,1,9,-1,03,1,-1,000,000,1,0,0,4,1,48,1,1,9,00,0,1,11,200800026252B01,7,0,1
200800026263,2008-05-10,2008,mai,samedi,91:5,93,93066,0,0,2,1,3,1,1,3,1,01,1,1,000,000,-1,0,1,3,2,26,0,1,9,00,0,6,1,200800026263B01,7,0,1
200800026267,2008-05-12,2008,mai,lundi,19:35,93,93066,0,0,2,1,6,1,1,9,1,02,1,-1,000,060,1,0,1,4,2,10,5,1,9,00,2,3,19,200800026267B01,34,1,1
200800026316,2008-05-24,2008,mai,samedi,13:15,94,94071,0,0,1,1,3,1,1,3,2,02,1,1,000,000,1,0,1,4,1,25,1,1,2,00,2,5,15,200800026316A01,10,1,1
200800026324,2008-05-09,2008,mai,vendredi,19:35,94,94017,0,0,2,1,6,1,1,4,1,02,1,1,000,000,1,0,1,3,1,10,9,1,9,00,2,1,19,200800026324B01,7,1,1
200800026338,2008-05-31,2008,mai,samedi,11:57,94,94018,0,0,2,3,3,1,1,3,2,02,2,1,000,090,1,0,1,3,1,76,5,1,2,00,0,7,1,200800026338B01,10,15,1
200800026357,2008-05-03,2008,mai,samedi,18:15,94,94011,0,0,2,1,3,1,1,4,2,02,-1,-1,000,060,-1,0,1,4,2,61,5,1,9,00,0,8,0,200800026357B01,33,0,1
200800026370,2008-05-27,2008,mai,mardi,23:05,94,94028,0,0,2,1,3,1,1,2,-1,02,1,-1,000,060,1,0,1,4,1,68,5,1,9,00,0,0,0,200800026370B01,7,1,1
200800026375,2008-05-29,2008,mai,jeudi,22:00,94,94028,0,0,2,1,6,5,1,2,-1,02,1,1,000,060,1,0,1,4,1,45,1,1,2,00,2,0,13,200800026375A01,37,1,1
200800026377,2008-05-10,2008,mai,samedi,18:55,94,94033,0,0,2,1,6,1,1,4,2,02,-1,-1,000,050,1,0,0,1,1,14,5,1,2,00,1,0,0,200800026377A01,,,
200800026377,2008-05-10,2008,mai,samedi,18:55,94,94033,0,0,2,1,6,1,1,4,2,02,-1,-1,000,050,1,0,0,4,2,27,9,0,0,00,1,0,0,200800026377A01,,,
200800026390,2008-05-09,2008,mai,vendredi,20:00,94,94043,0,0,2,1,2,1,1,3,1,00,2,1,000,060,1,0,1,4,1,23,5,1,4,00,2,1,1,200800026390A01,7,16,1
200800026401,2008-05-17,2008,mai,samedi,18:20,94,94076,0,0,2,1,3,1,1,4,-1,00,2,1,000,000,1,0,1,4,1,36,0,1,9,09,0,0,0,200800026401B01,7,9,1
200800026403,2008-05-19,2008,mai,lundi,18:00,94,94003,0,0,1,1,6,1,1,9,3,00,-1,-1,000,000,-1,0,0,4,2,12,0,0,0,00,1,0,0,200800026403A01,,,
200800026403,2008-05-19,2008,mai,lundi,18:00,94,94003,0,0,1,1,6,1,1,9,3,00,-1,-1,000,000,-1,0,0,1,1,47,1,1,4,00,1,0,0,200800026403A01,,,
200800026413,2008-05-03,2008,mai,samedi,80:0,94,94065,0,0,2,1,3,1,1,4,1,03,1,1,000,000,1,0,1,4,1,58,4,1,9,00,2,1,9,200800026413B01,17,1,1
200800026427,2008-05-28,2008,mai,mercredi,15:35,94,94021,0,0,2,1,3,1,1,2,3,03,1,1,000,085,1,0,1,3,1,76,0,1,9,00,2,0,13,200800026427A01,36,0,1
200800026438,2008-05-03,2008,mai,samedi,16:45,94,94046,0,0,2,3,3,1,1,4,2,02,1,1,000,086,1,0,1,4,1,18,0,1,9,00,2,1,19,200800026438B01,7,21,1
200800026464,2008-05-16,2008,mai,vendredi,16:00,94,94068,0,0,2,1,6,1,1,4,1,02,1,2,000,083,1,0,1,4,2,65,5,1,9,00,2,8,1,200800026464B01,7,4,1
200800026495,2008-05-12,2008,mai,lundi,15:30,94,94081,0,0,2,1,3,1,1,4,2,02,2,1,000,000,1,0,1,3,2,14,5,1,2,00,0,8,19,200800026495B01,7,1,1
200800026497,2008-05-15,2008,mai,jeudi,85:5,94,94081,0,0,2,3,6,1,1,3,2,02,1,3,000,095,1,0,1,4,2,23,1,1,2,00,2,1,1,200800026497B01,10,15,1
200800026502,2008-05-21,2008,mai,mercredi,18:10,94,94081,0,0,2,1,6,1,1,4,2,00,1,1,000,000,1,0,1,4,1,12,0,1,9,00,0,4,2,200800026502B01,33,2,1
200800026518,2008-05-11,2008,mai,dimanche,12:50,95,95582,0,0,2,3,3,1,1,4,2,02,1,1,000,055,1,0,1,4,1,13,5,1,2,00,2,7,1,200800026518B01,7,15,1
200800026530,2008-05-29,2008,mai,jeudi,75:5,95,95176,0,0,2,1,1,1,1,4,2,02,1,1,001,042,1,0,5,1,1,12,9,1,2,00,2,1,1,200800026530A01,1,1,1
200800026530,2008-05-29,2008,mai,jeudi,75:5,95,95176,0,0,2,1,1,1,1,4,2,02,1,1,001,042,1,0,5,4,1,19,1,1,2,00,2,0,1,200800026530B01,1,1,1
200800026538,2008-05-02,2008,mai,vendredi,19:10,95,95203,0,0,2,3,6,1,1,3,2,02,1,1,000,000,1,0,1,4,1,16,0,1,2,00,2,5,13,200800026538A01,33,1,1
200800026540,2008-05-07,2008,mai,mercredi,12:20,95,95252,0,0,2,2,3,1,1,4,2,02,1,1,000,060,1,0,1,4,1,13,5,1,2,00,2,7,1,200800026540A01,7,1,1
200800026546,2008-05-16,2008,mai,vendredi,18:45,95,95203,0,0,2,2,3,1,1,4,2,02,1,1,000,000,1,0,1,4,2,52,0,1,2,00,2,1,1,200800026546B01,7,1,1
200800026553,2008-05-28,2008,mai,mercredi,17:30,95,95252,0,0,2,2,3,1,1,4,2,02,1,1,000,055,1,0,1,4,1,13,5,1,2,00,2,8,1,200800026553B01,7,1,1
200800026570,2008-05-27,2008,mai,mardi,13:00,95,95051,0,0,2,6,6,1,3,4,-1,01,1,-1,000,000,2,0,1,4,1,44,1,1,9,00,2,1,1,200800026570A01,7,0,1
200800026583,2008-05-03,2008,mai,samedi,15:0,69,69381,0,0,2,1,6,5,1,4,1,03,1,1,000,092,1,0,1,3,1,27,5,1,4,00,2,1,5,200800026583C01,10,13,1
200800026583,2008-05-03,2008,mai,samedi,15:0,69,69381,0,0,2,1,6,5,1,4,1,03,1,1,000,092,1,0,1,3,1,24,5,1,4,00,2,1,5,200800026583E01,10,13,1
200800026583,2008-05-03,2008,mai,samedi,15:0,69,69381,0,0,2,1,6,5,1,4,1,03,1,1,000,092,1,0,1,3,1,23,5,1,4,00,2,1,5,200800026583F01,10,13,1
200800026583,2008-05-03,2008,mai,samedi,15:0,69,69381,0,0,2,1,6,5,1,4,1,03,1,1,000,092,1,0,1,3,1,23,5,1,4,00,2,1,5,200800026583G01,10,13,1
200800026741,2008-05-07,2008,mai,mercredi,18:30,69,69382,0,0,2,2,3,1,1,4,1,01,1,1,000,000,1,0,1,3,1,11,5,1,2,00,2,1,11,200800026741B01,7,1,1
200800026742,2008-05-08,2008,mai,jeudi,12:0,69,69382,0,0,2,1,2,5,1,4,1,03,1,1,000,190,1,0,1,3,2,17,5,1,2,00,2,4,2,200800026742B01,7,2,1
200800026801,2008-05-16,2008,mai,vendredi,10:10,69,69383,0,0,2,1,3,1,1,4,2,02,1,1,000,000,1,0,1,4,1,33,1,1,2,00,2,1,1,200800026801B01,7,15,1
200800026803,2008-05-23,2008,mai,vendredi,12:15,69,69383,0,0,2,2,3,1,1,4,1,01,1,1,000,000,1,0,1,4,2,28,0,1,2,00,2,0,1,200800026803B01,7,15,1
200800026807,2008-05-28,2008,mai,mercredi,90:0,69,69383,0,0,2,2,6,1,1,4,1,00,1,1,000,000,1,0,1,4,1,66,0,1,9,00,0,0,0,200800026807B01,32,1,1
200800026834,2008-05-09,2008,mai,vendredi,10:20,69,69387,0,0,2,3,6,1,1,4,1,01,1,1,000,080,1,0,1,4,1,23,1,1,9,00,2,1,5,200800026834A01,7,15,1
200800026877,2008-05-06,2008,mai,mardi,12:35,69,69389,0,0,2,1,6,1,1,4,2,02,1,1,000,069,1,0,1,4,1,50,1,1,2,01,0,1,21,200800026877B01,7,24,1
200800026878,2008-05-12,2008,mai,lundi,12:55,69,69389,0,0,2,1,3,1,1,9,2,02,1,-1,000,070,1,0,1,4,2,28,5,1,2,00,2,0,3,200800026878B01,7,2,1
200800026881,2008-05-22,2008,mai,jeudi,18:10,69,69389,0,0,2,1,3,1,1,4,1,02,1,1,000,069,1,0,1,3,1,28,1,1,2,01,0,1,18,200800026881B01,7,22,1
200800026928,2008-05-11,2008,mai,dimanche,15:0,75,75102,0,0,2,2,6,5,1,4,1,01,1,1,000,110,1,0,1,4,1,56,0,1,2,00,0,1,2,200800026928A01,,,
200800026929,2008-05-12,2008,mai,lundi,53:0,75,75101,0,0,2,2,3,5,1,4,1,04,1,1,000,157,1,0,1,4,1,22,1,1,2,00,0,0,2,200800026929B01,7,2,1
200800026932,2008-05-17,2008,mai,samedi,18:10,75,75101,0,0,2,1,7,1,1,4,-1,00,2,1,000,090,1,1,1,4,1,27,5,1,2,00,0,1,1,200800026932A01,,,
200800026935,2008-05-21,2008,mai,mercredi,23:10,75,75101,0,0,2,1,6,5,1,4,1,03,1,1,000,190,1,0,4,4,2,32,5,1,2,14,0,0,1,200800026935A01,,,
200800026937,2008-05-28,2008,mai,mercredi,14:20,75,75101,0,0,2,4,2,1,1,4,1,01,1,-1,000,000,1,0,0,4,1,59,0,1,2,00,0,1,2,200800026937A01,33,2,1
200800026940,2008-05-31,2008,mai,samedi,35:0,75,75101,0,0,2,1,1,5,1,9,1,01,1,1,000,155,1,0,1,4,1,27,0,1,2,00,2,1,5,200800026940A01,7,7,1
200800026951,2008-05-07,2008,mai,mercredi,19:00,75,75103,0,0,2,1,3,1,1,4,1,01,1,-1,000,033,1,0,1,4,1,52,5,1,2,01,2,0,11,200800026951B01,33,1,1
200800026957,2008-05-22,2008,mai,jeudi,13:36,75,75103,0,0,2,1,7,1,1,4,1,01,1,1,000,040,1,0,1,4,1,53,9,1,9,00,0,7,0,200800026957A01,,,
200800026961,2008-05-23,2008,mai,vendredi,17:40,75,75103,0,0,2,2,3,1,1,4,1,03,1,1,000,090,1,0,1,4,1,35,1,1,2,00,0,3,0,200800026961B01,7,0,1
200800026970,2008-05-09,2008,mai,vendredi,12:05,75,75104,0,0,2,1,3,1,1,4,1,00,1,1,000,077,2,0,1,4,2,50,4,1,2,01,0,2,21,200800026970B01,10,22,1
200800026971,2008-05-12,2008,mai,lundi,18:05,75,75104,0,0,2,3,3,1,1,4,1,01,1,1,000,054,1,0,1,4,1,51,0,1,2,00,0,0,2,200800026971A01,7,0,1
200800026972,2008-05-14,2008,mai,mercredi,18:50,75,75104,0,0,2,1,7,1,2,4,1,01,1,-1,000,035,2,0,0,4,2,23,1,1,2,00,0,0,1,200800026972A01,,,
200800026976,2008-05-21,2008,mai,mercredi,12:50,75,75104,0,0,2,1,3,1,1,4,1,03,1,1,000,075,1,0,1,4,1,39,5,1,2,00,2,3,1,200800026976B01,10,11,1
200800026978,2008-05-28,2008,mai,mercredi,16:26,75,75104,0,0,2,1,3,1,1,4,1,03,1,1,000,130,1,0,1,4,2,53,5,1,2,00,2,2,13,200800026978B01,33,17,1
200800026979,2008-05-28,2008,mai,mercredi,19:10,75,75104,0,0,2,4,3,1,1,4,1,02,1,1,000,050,1,0,0,4,2,56,9,1,2,00,0,6,15,200800026979B01,33,1,1
200800026989,2008-05-24,2008,mai,samedi,10:45,75,75105,0,0,2,3,3,1,1,4,1,01,1,1,000,045,1,0,1,4,2,29,4,1,2,00,2,1,1,200800026989B01,7,15,1
200800026994,2008-05-07,2008,mai,mercredi,85:5,75,75106,0,0,2,5,3,1,1,4,2,00,1,1,000,000,1,0,1,4,1,53,1,1,2,00,2,8,1,200800026994A01,7,16,1
200800026997,2008-05-07,2008,mai,mercredi,18:55,75,75106,0,0,2,2,3,1,1,9,1,01,2,1,000,050,1,0,1,4,2,28,0,1,2,00,2,5,7,200800026997A01,7,1,1
200800027004,2008-05-16,2008,mai,vendredi,11:5,75,75106,0,0,2,2,2,5,1,4,1,01,1,1,000,086,1,0,0,4,2,30,0,1,2,00,0,0,0,200800027004B01,32,0,1
200800027013,2008-05-02,2008,mai,vendredi,17:45,75,75107,0,0,2,3,3,1,1,4,2,02,2,1,000,240,1,2,1,4,2,30,0,1,2,16,0,3,15,200800027013A01,33,1,1
200800027016,2008-05-05,2008,mai,lundi,18:40,75,75107,0,0,2,1,3,1,1,4,1,01,1,1,003,074,9,0,1,4,2,34,5,1,2,01,0,1,1,200800027016B01,7,22,1
200800027032,2008-05-24,2008,mai,samedi,11:15,75,75107,0,0,2,1,3,1,1,4,1,01,1,1,110,070,1,0,1,4,2,29,5,1,2,01,0,9,1,200800027032B01,7,22,1
200800027040,2008-05-01,2008,mai,jeudi,19:45,75,75108,0,0,2,2,7,1,1,4,1,04,2,1,005,080,1,0,0,4,2,27,5,1,2,00,0,1,1,200800027040A01,,,
200800027042,2008-05-04,2008,mai,dimanche,10:05,75,75108,0,0,2,5,6,1,7,4,2,00,1,1,010,200,1,0,1,4,1,40,5,1,2,00,2,6,1,200800027042A01,7,10,1
200800027044,2008-05-06,2008,mai,mardi,20:30,75,75108,0,0,2,1,4,1,1,4,2,08,1,-1,000,000,1,0,1,4,1,45,0,1,2,00,9,4,1,200800027044B01,7,17/24,2
200800027046,2008-05-07,2008,mai,mercredi,18:35,75,75108,0,0,2,1,3,1,1,4,1,01,1,-1,000,200,1,0,1,4,1,46,5,1,2,00,2,1,17,200800027046B01,7,11,1
200800027047,2008-05-10,2008,mai,samedi,16:25,75,75108,0,0,2,1,7,1,7,4,2,03,2,1,000,160,1,0,1,4,1,76,5,1,2,00,0,0,0,200800027047B01,7,0,1
200800027049,2008-05-11,2008,mai,dimanche,16:20,75,75108,0,0,2,2,3,1,1,4,-1,00,1,-1,000,000,1,0,1,4,2,49,5,1,2,00,2,8,1,200800027049A01,33,1,1
200800027056,2008-05-16,2008,mai,vendredi,85:4,75,75108,0,0,2,1,2,1,1,4,1,01,1,1,005,080,1,0,1,4,1,29,0,1,2,00,2,1,2,200800027056A01,7,2,1
200800027058,2008-05-16,2008,mai,vendredi,23:51,75,75108,0,0,2,2,1,5,2,4,2,02,1,1,000,000,2,5,1,4,1,27,5,1,2,00,2,1,15,200800027058A01,32,1,1
200800027064,2008-05-21,2008,mai,mercredi,85:0,75,75108,0,0,2,1,2,1,1,4,3,01,2,1,020,063,1,0,1,4,1,29,1,1,2,00,2,1,2,200800027064A01,7,23,1
200800027065,2008-05-21,2008,mai,mercredi,15:15,75,75108,0,0,2,1,7,1,1,4,1,05,2,1,000,250,1,0,1,4,2,21,5,1,2,00,0,0,1,200800027065A01,,,
200800027066,2008-05-22,2008,mai,jeudi,83:0,75,75108,0,0,2,2,3,1,1,4,1,01,1,1,000,063,1,0,1,4,2,24,1,1,9,00,2,2,1,200800027066A01,37,1,1
200800027073,2008-05-27,2008,mai,mardi,18:50,75,75108,0,0,2,2,7,1,2,4,2,02,1,1,000,060,2,0,1,4,2,38,1,1,2,00,0,7,7,200800027073B01,7,16,1
200800027077,2008-05-30,2008,mai,vendredi,10:,75,75108,0,0,2,2,3,5,1,4,1,03,2,1,000,000,1,5,1,4,1,25,0,1,2,00,2,7,15,200800027077A01,33,1,1
200800027092,2008-05-16,2008,mai,vendredi,15:00,75,75109,0,0,2,1,6,1,1,4,1,00,1,1,010,120,1,0,1,1,1,17,5,1,2,00,1,8,5,200800027092A01,,,
200800027102,2008-05-28,2008,mai,mercredi,17:20,75,75109,0,0,2,1,6,1,1,4,1,02,1,1,000,000,1,0,1,4,1,23,4,1,2,00,1,1,1,200800027102A01,,,
200800027103,2008-05-28,2008,mai,mercredi,20:30,75,75109,0,0,2,2,6,1,1,4,1,01,1,1,000,050,1,0,1,4,1,50,3,1,2,00,1,1,1,200800027103A01,,,
200800027107,2008-05-05,2008,mai,lundi,13:30,75,75110,0,0,2,1,3,1,1,4,2,04,1,1,000,160,1,0,1,4,1,35,5,1,2,01,0,1,1,200800027107B01,7,22,1
200800027109,2008-05-08,2008,mai,jeudi,13:55,75,75110,0,0,2,2,3,1,1,4,1,01,3,1,000,062,1,0,1,4,1,25,5,1,2,00,2,2,0,200800027109B01,7,0,1
200800027118,2008-05-17,2008,mai,samedi,83:5,75,75110,0,0,2,1,7,1,1,9,-1,01,1,1,000,008,1,0,5,4,1,39,2,1,2,00,0,0,1,200800027118A01,,,
200800027118,2008-05-17,2008,mai,samedi,83:5,75,75110,0,0,2,1,7,1,1,9,-1,01,1,1,000,008,1,0,5,4,1,7,0,1,2,00,0,0,1,200800027118A01,,,
200800027122,2008-05-18,2008,mai,dimanche,14:10,75,75110,0,0,2,3,3,1,1,4,2,01,1,1,000,080,1,0,0,4,1,60,5,1,2,00,2,1,1,200800027122A01,38,16,1
200800027123,2008-05-20,2008,mai,mardi,16:00,75,75110,0,0,2,2,6,1,1,4,1,01,1,1,000,050,1,0,1,4,2,32,5,1,2,00,9,0,2,200800027123B01,30,0,1
200800027126,2008-05-24,2008,mai,samedi,11:20,75,75110,0,0,2,2,3,1,1,4,1,02,1,1,000,110,1,5,1,4,1,32,3,1,2,00,2,2,1,200800027126B01,7,1,1
200800027127,2008-05-25,2008,mai,dimanche,22:39,75,75110,0,0,2,1,3,5,8,4,-1,00,1,2,000,000,1,0,1,4,1,34,5,1,2,01,0,1,17,200800027127B01,7,24,1
200800027135,2008-05-30,2008,mai,vendredi,19:15,75,75110,0,0,2,1,7,1,1,4,2,04,1,1,000,100,1,0,1,1,1,43,1,1,9,00,2,0,8,200800027135A01,37,7,1
200800027141,2008-05-08,2008,mai,jeudi,20:30,75,75111,0,0,2,1,6,1,1,4,2,02,1,1,000,053,1,0,1,4,2,25,5,1,2,01,0,1,1,200800027141A01,7,0,1
200800027146,2008-05-11,2008,mai,dimanche,19:10,75,75111,0,0,2,3,3,1,1,4,1,01,4,1,000,070,1,0,1,4,1,51,5,1,2,00,2,8,1,200800027146A01,7,12,1
200800027147,2008-05-12,2008,mai,lundi,14:00,75,75111,0,0,2,1,6,1,1,4,1,01,2,1,000,030,1,0,1,1,1,34,5,1,2,00,0,1,1,200800027147A01,,,
200800027156,2008-05-18,2008,mai,dimanche,11:32,75,75111,0,0,2,1,7,1,1,4,1,01,1,1,000,070,2,0,1,4,2,31,0,1,2,00,0,0,21,200800027156B01,7,22,1
200800027158,2008-05-20,2008,mai,mardi,10:00,75,75111,0,0,2,6,3,1,1,4,3,01,1,3,000,050,1,5,1,4,2,19,5,1,2,00,2,3,2,200800027158B01,7,2,1
200800027162,2008-05-24,2008,mai,samedi,18:25,75,75111,0,0,2,1,3,1,2,4,1,02,1,1,000,054,2,0,1,4,1,16,5,1,2,00,0,6,13,200800027162A01,32,17,1
200800027174,2008-05-31,2008,mai,samedi,16:05,75,75111,0,0,2,3,7,1,1,4,1,01,1,1,000,030,1,0,0,4,1,35,5,1,2,00,0,0,1,200800027174A01,,,
200800027180,2008-05-09,2008,mai,vendredi,19:48,75,75112,0,0,2,1,3,1,1,4,1,02,1,1,020,080,1,0,1,4,2,33,5,1,2,01,2,2,1,200800027180B01,7,22,1
200800027182,2008-05-10,2008,mai,samedi,13:26,75,75112,0,0,2,1,2,1,1,4,1,00,2,3,000,060,1,0,4,4,1,26,5,1,2,01,0,1,21,200800027182B01,17,24,1
200800027189,2008-05-13,2008,mai,mardi,91:0,75,75112,0,0,2,1,3,1,1,4,4,02,1,-1,000,060,1,0,5,4,1,67,5,1,2,00,2,0,1,200800027189B01,7,15,1
200800027191,2008-05-13,2008,mai,mardi,14:20,75,75112,0,0,2,1,6,1,1,4,2,03,1,1,000,080,1,0,1,4,1,40,5,1,2,01,0,8,1,200800027191B01,7,17,1
200800027192,2008-05-13,2008,mai,mardi,17:15,75,75112,0,0,2,5,2,1,7,4,-1,01,1,-1,000,140,1,0,1,4,2,48,1,1,2,00,2,4,23,200800027192B01,7,2,1
200800027194,2008-05-14,2008,mai,mercredi,91:0,75,75112,0,0,2,1,2,1,1,4,1,01,1,1,200,060,1,0,1,4,2,57,4,1,2,00,0,4,2,200800027194B01,10,2,1
200800027208,2008-05-20,2008,mai,mardi,83:0,75,75112,0,0,2,3,3,1,1,4,1,01,1,1,000,000,1,0,5,4,1,30,1,1,2,00,2,8,1,200800027208B01,7,16,1
200800027212,2008-05-22,2008,mai,jeudi,94:5,75,75112,0,0,2,1,6,1,1,4,-1,00,-1,-1,000,000,1,0,4,4,2,39,1,1,9,12,0,8,0,200800027212A01,,,
200800027215,2008-05-24,2008,mai,samedi,93:5,75,75112,0,0,2,1,3,1,1,4,2,02,1,1,000,140,1,0,1,4,2,52,5,1,2,01,0,2,1,200800027215B01,7,22,1
200800027216,2008-05-24,2008,mai,samedi,11:00,75,75112,0,0,2,1,6,1,1,4,2,02,1,1,015,140,1,0,1,4,1,36,5,1,2,00,1,1,1,200800027216A01,,,
200800027218,2008-05-26,2008,mai,lundi,21:05,75,75112,0,0,2,1,3,1,1,4,3,02,1,1,000,060,1,0,1,4,2,32,5,1,2,12,0,8,1,200800027218B01,32,17,1
200800027223,2008-05-30,2008,mai,vendredi,17:45,75,75112,0,0,2,1,3,1,1,4,2,06,2,1,000,000,1,0,5,4,1,44,5,1,2,00,0,7,2,200800027223B01,7,9,1
200800027226,2008-05-31,2008,mai,samedi,16:45,75,75112,0,0,2,1,6,1,1,4,1,01,2,1,000,060,1,0,1,1,1,32,5,1,2,00,1,1,5,200800027226A01,,,
200800027228,2008-05-03,2008,mai,samedi,14:50,75,75113,0,0,2,1,3,1,1,4,2,02,1,1,000,137,1,5,1,4,2,61,5,1,2,00,2,1,1,200800027228B01,10,11,1
200800027234,2008-05-07,2008,mai,mercredi,94:8,75,75113,0,0,2,2,3,1,1,4,2,02,1,1,000,098,1,0,1,4,1,23,1,1,2,00,2,1,7,200800027234A01,7,1,1
200800027245,2008-05-14,2008,mai,mercredi,53:5,75,75113,0,0,2,1,7,2,1,4,1,01,1,-1,000,040,1,0,4,4,1,31,1,1,2,00,0,0,1,200800027245A01,,,
200800027274,2008-05-10,2008,mai,samedi,11:50,75,75114,0,0,2,2,2,1,1,2,2,02,1,1,000,060,1,0,1,4,1,46,5,1,2,00,2,1,23,200800027274A01,7,2,1
200800027285,2008-05-20,2008,mai,mardi,18:10,75,75114,0,0,2,6,3,1,1,2,2,02,2,3,000,160,1,0,1,4,1,38,1,1,2,00,0,1,1,200800027285B01,7,16,1
200800027286,2008-05-21,2008,mai,mercredi,10:00,75,75114,0,0,2,1,3,1,1,9,1,00,1,1,000,054,1,0,1,4,1,44,1,1,2,00,0,0,1,200800027286B01,7,22,1
200800027288,2008-05-21,2008,mai,mercredi,22:15,75,75114,0,0,2,2,3,4,1,4,-1,02,1,1,000,000,1,0,0,4,1,38,1,1,2,00,2,3,1,200800027288B01,7,14,1
200800027289,2008-05-25,2008,mai,dimanche,10:15,75,75114,0,0,2,7,3,1,1,4,1,03,1,1,000,160,1,0,1,4,2,56,1,1,2,00,0,1,19,200800027289A01,31,9,1
200800027290,2008-05-25,2008,mai,dimanche,15:30,75,75114,0,0,2,1,3,1,1,4,-1,01,2,1,000,086,1,0,4,4,1,11,5,1,2,00,2,1,0,200800027290A01,7,0,1
200800027298,2008-05-01,2008,mai,jeudi,17:50,75,75115,0,0,2,1,3,1,1,4,2,02,2,1,000,086,1,0,0,4,2,47,5,1,2,00,2,7,13,200800027298A01,37,17,1
200800027306,2008-05-14,2008,mai,mercredi,12:55,75,75115,0,0,2,1,3,1,1,4,-1,00,1,1,050,110,1,0,1,4,2,28,1,1,2,01,0,2,1,200800027306B01,7,22,1
200800027323,2008-05-27,2008,mai,mardi,20:30,75,75115,0,0,2,1,3,2,2,3,2,01,1,1,000,025,2,0,1,4,2,35,1,1,2,00,0,3,1,200800027323B01,7,1,1
200800027350,2008-05-21,2008,mai,mercredi,10:50,75,75116,0,0,2,1,6,1,1,4,1,03,1,1,000,000,1,0,5,3,1,67,5,1,2,01,0,1,1,200800027350A01,,,
200800027393,2008-05-14,2008,mai,mercredi,10:02,75,75117,0,0,2,3,3,1,1,4,1,01,-1,-1,000,000,1,0,1,4,1,69,5,1,2,00,2,4,17,200800027393A01,7,15,1
200800027396,2008-05-15,2008,mai,jeudi,91:9,75,75117,0,0,2,2,6,1,1,3,2,03,2,1,000,150,1,0,1,4,1,34,1,1,2,01,2,1,2,200800027396A01,7,0,1
200800027400,2008-05-18,2008,mai,dimanche,18:20,75,75117,0,0,2,2,7,1,1,3,2,00,1,1,002,080,1,0,1,4,1,30,1,1,2,00,0,0,21,200800027400A01,,,
200800027418,2008-05-03,2008,mai,samedi,15:15,75,75118,0,0,2,1,3,1,1,4,1,01,1,1,100,040,1,1,4,4,1,24,5,1,2,00,2,1,1,200800027418A01,7,9,1
200800027419,2008-05-03,2008,mai,samedi,22:30,75,75118,0,0,2,1,7,5,1,9,1,02,1,1,080,030,1,0,0,4,1,29,0,1,2,00,9,0,14,200800027419A01,,,