Num_Acc,date,an,mois,jour,hrmn,dep,com,lat,long,agg,int,col,lum,atm,catr,circ,nbv,prof,plan,lartpc,larrout,surf,infra,situ,grav,sexe,age,trajet,secuexist,equipement,obs,obsm,choc,manv,vehiculeid,typevehicules,manoeuvehicules,numVehicules
200800027424,2008-05-07,2008,mai,mercredi,20:45,75,75118,0,0,2,1,3,2,1,4,3,04,1,1,000,100,1,0,1,4,1,43,0,1,2,00,0,1,7,200800027424B01,7,17,1
200800027431,2008-05-17,2008,mai,samedi,15:00,75,75118,0,0,2,1,6,1,2,4,1,01,2,1,000,000,2,0,1,4,1,66,5,1,2,01,0,7,1,200800027431B01,7,9,1
200800027445,2008-05-28,2008,mai,mercredi,10:50,75,75118,0,0,2,1,3,1,1,9,1,01,1,3,010,020,1,0,1,4,1,35,4,1,2,00,0,0,7,200800027445B01,7,16,1
200800027452,2008-05-05,2008,mai,lundi,13:40,75,75119,0,0,2,1,7,1,1,4,1,01,1,1,000,047,1,0,5,4,2,24,5,1,2,00,0,0,1,200800027452A01,,,
200800027460,2008-05-09,2008,mai,vendredi,19:10,75,75119,0,0,2,1,1,1,1,4,1,01,1,1,000,000,1,0,1,4,2,8,5,1,2,00,2,2,0,200800027460B01,7,1,1
200800027490,2008-05-03,2008,mai,samedi,45:,75,75120,0,0,2,3,6,5,1,4,2,02,2,1,000,070,1,0,1,4,1,50,0,1,2,00,0,8,15,200800027490B01,2,15,1
200800027504,2008-05-21,2008,mai,mercredi,84:2,75,75120,0,0,2,1,3,1,1,4,2,00,2,1,000,100,1,0,1,4,2,42,5,1,2,01,0,1,1,200800027504B01,7,22,1
200800027512,2008-05-29,2008,mai,jeudi,21:30,75,75120,0,0,2,1,3,2,1,9,4,02,1,1,000,040,1,0,4,4,1,8,0,1,2,00,0,5,1,200800027512B01,10,16,1
200800027514,2008-05-02,2008,mai,vendredi,17:35,75,75110,0,0,2,5,3,1,1,4,1,01,2,1,000,056,1,5,0,2,2,35,0,1,2,08,2,8,7,200800027514B01,37,17,1
200800027520,2008-05-09,2008,mai,vendredi,10:30,75,75102,0,0,2,1,6,1,1,4,2,03,1,1,000,103,1,0,1,3,2,34,5,1,2,14,0,1,1,200800027520B01,10,24,1
200800027541,2008-05-21,2008,mai,mercredi,10:30,75,75108,0,0,2,5,3,1,1,4,2,03,2,3,000,100,1,0,1,2,1,58,1,1,2,00,2,9,18,200800027541B01,14,16,1
200800027546,2008-05-23,2008,mai,vendredi,17:33,75,75110,0,0,2,1,3,1,1,4,2,02,1,1,000,161,1,0,1,4,1,45,5,1,2,00,2,2,9,200800027546A01,10,2,1
200800027560,2008-05-28,2008,mai,mercredi,14:10,75,75104,0,0,2,1,1,1,1,4,2,06,1,1,000,174,1,5,1,3,2,30,5,1,2,00,2,1,5,200800027560A01,31,1,1
200800027646,2008-05-03,2008,mai,samedi,19:00,59,59663,50.886,2.466,2,1,1,1,1,3,1,01,1,-1,090,000,1,0,0,3,1,32,0,1,2,00,2,0,1,200800027646B02,7,22,1
200800027646,2008-05-03,2008,mai,samedi,19:00,59,59663,50.886,2.466,2,1,1,1,1,3,1,01,1,-1,090,000,1,0,0,4,2,28,0,0,0,00,2,0,1,200800027646B02,7,22,1
200800027647,2008-05-14,2008,mai,mercredi,15:30,59,59416,0,0,1,1,1,1,1,3,2,02,1,1,000,083,1,0,1,3,1,51,5,0,0,00,2,8,1,200800027647B02,7,17,1
200800027656,2008-05-21,2008,mai,mercredi,90:0,59,59419,0,0,2,1,3,1,1,3,2,02,1,3,000,070,1,0,1,3,1,52,5,0,0,00,2,3,1,200800027656B02,7,15,1
200800027669,2008-05-02,2008,mai,vendredi,10:15,62,62284,50.256,3.072,2,1,1,1,1,4,2,00,1,1,000,000,1,0,1,3,2,64,3,0,0,00,2,1,1,200800027669B02,7,15,1
200800027703,2008-05-12,2008,mai,lundi,18:30,80,80584,50.04,2.28,2,9,7,1,1,3,2,02,2,3,000,000,1,0,1,3,1,49,0,0,0,12,0,0,0,200800027703A01,,,
200800027741,2008-05-18,2008,mai,dimanche,10:30,60,60663,0,0,2,1,3,1,1,4,2,02,4,2,000,060,1,0,1,4,1,37,5,1,2,00,2,3,1,200800027741B02,7,13,1
200800027744,2008-05-02,2008,mai,vendredi,19:30,60,60029,0,0,2,1,1,1,1,3,2,02,1,1,000,065,1,0,1,3,1,15,5,0,0,00,2,7,15,200800027744B02,7,1,1
200800027769,2008-05-10,2008,mai,samedi,10:30,60,60398,0,0,1,1,3,1,1,3,2,00,2,1,000,000,1,0,1,4,2,13,5,1,2,00,0,8,1,200800027769B02,7,17,1
200800027782,2008-05-31,2008,mai,samedi,16:30,76,76116,49.417,1.233,2,1,1,1,1,9,-1,01,-1,-1,000,000,-1,0,0,3,1,13,0,1,9,00,2,1,0,200800027782B02,14,15,1
200800027793,2008-05-06,2008,mai,mardi,17:45,76,76495,0,0,2,1,2,1,1,4,2,01,2,1,030,000,1,0,1,3,2,15,5,0,0,00,0,4,15,200800027793B02,30,2,1
200800027816,2008-05-17,2008,mai,samedi,19:30,27,27204,0,0,2,1,1,1,1,3,2,02,1,2,000,066,1,0,1,3,1,11,5,0,0,00,2,8,10,200800027816B02,10,1,1
200800027818,2008-05-25,2008,mai,dimanche,20:15,27,27237,49.187,0.53,2,1,1,2,1,3,2,02,1,4,000,050,1,0,1,4,1,47,5,0,0,00,2,1,13,200800027818A01,31,1,1
200800027836,2008-05-06,2008,mai,mardi,10:30,35,35240,0,0,1,1,3,1,7,3,2,02,1,-1,000,072,-1,0,1,4,1,50,5,1,2,00,2,8,1,200800027836B02,7,15,1
200800027855,2008-05-13,2008,mai,mardi,14:30,22,22136,0,0,1,1,1,1,1,3,2,02,1,1,000,065,1,0,1,4,1,15,5,1,9,00,0,4,5,200800027855B02,7,13,1
200800027866,2008-05-08,2008,mai,jeudi,84:5,22,22333,0,0,1,1,7,1,1,3,2,02,4,2,000,060,1,0,0,3,1,58,5,1,2,03,0,1,1,200800027866A01,,,
200800027878,2008-05-06,2008,mai,mardi,90:0,29,29220,0,0,2,6,1,1,1,4,1,01,1,2,000,070,1,5,1,3,2,54,3,0,0,00,2,4,1,200800027878B02,7,16,1
200800027879,2008-05-14,2008,mai,mercredi,18:15,29,29165,0,0,2,1,3,1,1,4,2,02,2,1,000,070,1,0,1,2,2,84,5,0,0,00,2,1,9,200800027879B02,7,1,1
200800027886,2008-05-12,2008,mai,lundi,13:15,29,29026,48.208,-4.081,1,1,3,1,1,3,2,02,1,1,050,080,1,0,1,2,1,73,5,0,0,00,2,8,13,200800027886A01,7,1,1
200800027895,2008-05-29,2008,mai,jeudi,11:00,56,56008,0,0,1,1,1,1,1,3,2,02,1,1,000,075,1,0,1,4,1,41,5,1,2,00,2,1,1,200800027895B02,7,19,1
200800027909,2008-05-21,2008,mai,mercredi,15:30,56,56074,47.912,-2.979,2,1,3,1,1,3,2,02,2,1,000,050,1,0,1,3,1,16,5,1,2,00,2,1,1,200800027909B02,7,1,1
200800027924,2008-05-02,2008,mai,vendredi,13:30,14,14229,49.23,-0.043,2,2,1,1,1,4,2,00,1,1,000,047,1,0,1,3,1,12,2,0,0,00,2,8,15,200800027924B02,7,1,1
200800027946,2008-05-08,2008,mai,jeudi,84:5,61,61258,0,0,2,1,1,1,1,3,2,02,2,2,000,071,1,0,1,3,1,15,1,1,2,00,0,8,1,200800027946B02,7,15,1
200800027961,2008-05-24,2008,mai,samedi,10:00,44,44036,47.719,-1.384,2,1,1,1,2,4,1,01,1,1,000,040,2,0,1,3,1,69,3,0,0,00,2,1,5,200800027961B02,7,1,1
200800027969,2008-05-04,2008,mai,dimanche,13:30,44,44131,47.111,-2.064,1,1,3,1,1,9,2,00,1,1,000,056,1,0,1,3,1,47,5,0,0,00,2,8,15,200800027969B02,7,1,1
200800027989,2008-05-12,2008,mai,lundi,18:00,49,49140,0,0,2,1,1,1,2,9,1,00,3,1,000,048,2,5,1,3,1,13,5,0,0,00,2,1,13,200800027989B02,7,1,1
200800027990,2008-05-28,2008,mai,mercredi,15:45,49,49274,0,0,2,1,1,1,1,4,2,00,1,1,000,049,1,0,1,3,1,8,5,1,2,00,2,1,19,200800027990A01,20,1,1
200800028005,2008-05-23,2008,mai,vendredi,12:00,72,72154,0,0,1,1,3,1,1,3,2,00,1,1,000,000,1,0,1,3,2,16,5,0,0,00,2,4,11,200800028005A01,7,1,1
200800028011,2008-05-09,2008,mai,vendredi,83:0,72,72264,0,0,2,1,6,1,1,4,2,02,-1,3,000,050,1,0,1,3,1,16,5,0,0,00,2,2,1,200800028011A01,,,
200800028016,2008-05-01,2008,mai,jeudi,16:45,72,72080,48.177,0.658,2,1,3,1,1,3,2,00,2,1,087,000,1,5,1,3,1,12,0,0,0,00,0,3,1,200800028016B02,7,1,1
200800028039,2008-05-19,2008,mai,lundi,19:30,33,33019,0,0,1,2,3,1,2,4,2,00,1,1,000,036,2,5,1,3,1,22,9,0,0,00,2,8,1,200800028039B02,7,1,1
200800028042,2008-05-10,2008,mai,samedi,20:00,33,33312,44.982,-0.56,1,1,2,1,1,3,2,02,-1,1,000,050,1,0,1,3,1,41,5,1,2,00,2,4,1,200800028042B02,7,1,1
200800028045,2008-05-13,2008,mai,mardi,81:5,33,33376,0,0,2,6,2,1,1,3,2,01,1,1,000,000,1,5,1,3,1,63,5,0,0,00,0,4,1,200800028045B02,7,9,1
200800028046,2008-05-18,2008,mai,dimanche,15:00,33,33200,0,0,2,1,1,1,1,4,2,02,1,1,000,040,1,0,4,3,2,4,5,0,0,00,2,7,1,200800028046B02,7,13,1
200800028049,2008-05-26,2008,mai,lundi,94:5,33,33003,44.918,-0.411,1,1,2,1,1,3,2,02,1,1,000,066,1,0,1,2,2,75,3,0,0,00,0,4,1,200800028049B02,7,1,1
200800028058,2008-05-03,2008,mai,samedi,11:45,33,33535,0,0,1,1,6,1,1,3,2,00,2,1,000,072,1,0,3,3,1,83,5,1,2,01,0,1,1,200800028058A01,,,
200800028066,2008-05-16,2008,mai,vendredi,15:45,33,33036,44.43,-0.21,2,1,6,1,1,9,2,02,4,3,000,000,1,0,4,3,1,13,2,0,0,06,0,1,1,200800028066A01,,,
200800028082,2008-05-16,2008,mai,vendredi,18:00,33,33001,0,0,2,1,3,1,1,4,2,00,2,2,000,000,1,0,1,3,1,16,5,0,0,00,2,1,15,200800028082A01,7,1,1
200800028088,2008-05-17,2008,mai,samedi,20:00,24,24372,0,0,2,1,7,1,1,4,-1,00,-1,-1,000,000,-1,0,0,3,1,11,0,1,9,00,0,1,21,200800028088A01,,,
200800028089,2008-05-08,2008,mai,jeudi,19:00,24,24182,44.884,0.249,2,1,3,1,1,3,2,00,1,1,000,000,1,0,1,3,1,10,5,0,0,00,2,8,9,200800028089B02,7,1,1
200800028145,2008-05-07,2008,mai,mercredi,17:45,86,86297,46.579,0.267,2,1,1,1,1,3,2,02,-1,1,000,060,1,0,1,3,2,15,5,0,0,00,2,1,15,200800028145B02,14,1,1
200800028151,2008-05-13,2008,mai,mardi,18:30,86,86253,0,0,2,1,3,1,1,4,2,02,1,1,000,059,1,5,1,3,1,37,1,0,0,00,2,1,1,200800028151B02,7,15,1
200800028157,2008-05-23,2008,mai,vendredi,21:15,86,86258,46.818,0.391,1,2,3,2,1,3,2,02,-1,1,000,060,1,0,1,2,1,15,5,0,0,00,2,2,19,200800028157B02,7,0,1
200800028173,2008-05-04,2008,mai,dimanche,11:5,16,16011,45.746,0.189,1,1,2,3,1,2,3,00,1,1,000,106,1,0,1,2,1,15,0,0,0,00,2,4,1,200800028173A01,38,1,1
200800028203,2008-05-10,2008,mai,samedi,11:30,17,17026,0,0,1,1,4,1,1,3,2,02,1,1,000,053,1,0,1,3,2,62,5,0,0,00,2,8,1,200800028203B02,7,17,1
200800028203,2008-05-10,2008,mai,samedi,11:30,17,17026,0,0,1,1,4,1,1,3,2,02,1,1,000,053,1,0,1,4,2,60,5,0,0,00,2,8,1,200800028203C03,7,17,1
200800028203,2008-05-10,2008,mai,samedi,11:30,17,17026,0,0,1,1,4,1,1,3,2,02,1,1,000,053,1,0,1,4,2,56,5,0,0,00,2,8,1,200800028203D04,7,17,1
200800028248,2008-05-28,2008,mai,mercredi,15:00,31,31435,0,0,2,1,3,1,1,3,2,02,-1,1,060,000,1,0,1,3,1,44,0,0,0,00,2,1,1,200800028248B02,7,15,1
200800028263,2008-05-31,2008,mai,samedi,10:00,12,12211,44.126,3.253,1,1,7,1,1,3,-1,02,2,3,000,060,1,0,3,3,1,23,5,1,2,13,0,1,13,200800028263A01,,,
200800028286,2008-05-25,2008,mai,dimanche,15:30,65,65025,43.012,-0.101,2,1,6,1,3,3,2,00,2,3,000,106,2,0,4,2,1,47,5,1,2,12,0,2,13,200800028286A01,,,
200800028311,2008-05-31,2008,mai,samedi,80:0,69,69286,0,0,2,3,1,1,1,4,2,02,1,1,000,060,2,0,1,4,1,41,5,0,0,00,2,3,1,200800028311A01,7,23,1
200800028313,2008-05-06,2008,mai,mardi,17:45,69,69289,45.65,5.018,2,1,1,1,1,4,-1,00,1,1,000,045,1,0,1,3,1,4,5,1,2,00,0,1,1,200800028313B02,7,15,1
200800028321,2008-05-01,2008,mai,jeudi,16:30,69,69028,0,0,2,6,1,1,1,3,4,02,1,2,000,060,1,5,1,3,1,72,5,1,2,00,2,5,19,200800028321B02,10,19,1
200800028336,2008-05-22,2008,mai,jeudi,20:15,69,69107,0,0,1,1,3,1,1,3,2,02,1,1,000,000,1,5,5,3,1,32,5,0,0,00,2,1,1,200800028336B02,7,15,1
200800028354,2008-05-31,2008,mai,samedi,14:30,01,01148,0,0,2,1,1,1,1,3,2,00,1,1,000,075,1,0,1,3,1,54,5,1,2,00,2,1,1,200800028354A01,7,15,1
200800028379,2008-05-09,2008,mai,vendredi,14:00,26,26166,0,0,1,6,3,1,1,2,1,01,1,3,000,000,1,0,1,3,1,49,3,0,0,00,2,8,15,200800028379B02,7,16,1
200800028386,2008-05-07,2008,mai,mercredi,16:30,26,26045,44.569,4.939,1,1,2,1,1,4,2,02,1,1,000,021,1,0,1,2,2,13,5,1,2,00,2,0,2,200800028386A01,1,2,1
200800028386,2008-05-07,2008,mai,mercredi,16:30,26,26045,44.569,4.939,1,1,2,1,1,4,2,02,1,1,000,021,1,0,1,1,1,11,5,1,2,00,2,0,2,200800028386B02,1,2,1
200800028407,2008-05-03,2008,mai,samedi,13:45,38,38418,0,0,1,1,1,1,1,3,2,02,2,2,000,050,1,0,1,3,1,47,5,0,0,00,2,1,1,200800028407A01,7,13,1
200800028437,2008-05-24,2008,mai,samedi,10:30,42,42208,45.534,4.47,1,1,3,1,1,3,2,02,-1,2,000,060,1,0,1,3,1,71,5,0,0,00,2,6,1,200800028437B02,7,17,1
200800028438,2008-05-10,2008,mai,samedi,16:30,42,42046,45.641,4.075,1,1,7,1,1,4,2,01,1,-1,000,000,1,0,1,3,2,9,5,0,0,00,0,0,0,200800028438A01,,,
200800028451,2008-05-30,2008,mai,vendredi,18:00,42,42332,46,4.044,2,1,3,1,1,3,2,02,2,2,000,000,1,0,1,4,1,48,1,0,0,00,2,2,1,200800028451A01,7,16,1
200800028453,2008-05-08,2008,mai,jeudi,10:30,42,42334,45.855,4.359,2,1,3,1,1,9,2,01,1,1,000,050,1,0,1,3,1,11,5,1,2,00,2,2,19,200800028453A01,7,1,1
200800028482,2008-05-28,2008,mai,mercredi,16:30,74,74264,0,0,2,6,2,1,1,4,-1,00,1,2,000,070,1,5,1,4,1,14,5,0,0,00,0,4,2,200800028482B02,7,2,1
200800028486,2008-05-26,2008,mai,lundi,13:30,74,74208,0,0,1,6,1,1,1,3,2,00,1,3,125,085,1,0,1,3,1,33,1,1,2,00,2,1,1,200800028486B02,7,9,1
200800028514,2008-05-22,2008,mai,jeudi,83:0,03,03156,46.595,3.49,2,1,3,1,1,3,2,02,1,1,000,050,1,0,1,3,1,9,2,0,0,00,2,1,19,200800028514A01,7,1,1
200800028519,2008-05-16,2008,mai,vendredi,15:30,03,03281,0,0,1,1,3,1,1,3,2,02,3,1,000,066,1,0,1,3,1,72,5,0,0,00,2,0,1,200800028519B02,15,17,1
200800028552,2008-05-27,2008,mai,mardi,90:0,57,57385,0,0,1,1,2,1,1,3,2,02,2,1,000,069,1,0,1,3,1,58,5,1,2,00,2,4,1,200800028552B02,7,17,1
200800028569,2008-05-01,2008,mai,jeudi,11:45,57,57102,0,0,1,1,2,1,8,3,2,02,1,1,000,071,2,0,1,4,1,33,0,1,2,00,2,8,1,200800028569B02,7,1,1
200800028574,2008-05-30,2008,mai,vendredi,17:00,54,54188,0,0,2,1,3,1,1,4,2,02,1,1,000,057,1,0,1,3,1,10,5,0,0,00,2,1,1,200800028574B02,7,1,1
200800028580,2008-05-12,2008,mai,lundi,15:15,54,54415,0,0,2,1,3,1,1,3,2,00,1,1,000,062,1,0,1,3,1,63,5,0,0,00,2,7,1,200800028580A01,7,15,1
200800028612,2008-05-28,2008,mai,mercredi,13:45,88,88259,0,0,1,1,3,1,1,3,2,00,2,1,000,055,1,0,1,3,1,12,5,0,0,00,2,1,9,200800028612A01,7,1,1
200800028635,2008-05-02,2008,mai,vendredi,15:00,67,67322,0,0,2,1,1,1,1,4,2,02,1,1,000,041,1,0,1,3,1,43,5,1,9,00,2,1,1,200800028635B02,7,13,1
200800028647,2008-05-14,2008,mai,mercredi,18:00,67,67281,48.172,7.555,2,9,1,1,1,6,-1,00,1,-1,000,000,1,0,0,4,2,71,5,0,0,00,2,7,1,200800028647B02,7,4,1
200800028658,2008-05-06,2008,mai,mardi,91:5,68,68345,48.093,7.491,2,1,1,1,1,3,2,00,1,1,000,000,1,0,1,3,1,19,5,0,0,01,0,1,2,200800028658B02,7,24,1
200800028659,2008-05-22,2008,mai,jeudi,83:0,68,68352,48.019,7.554,2,3,1,1,1,3,2,01,1,1,000,000,1,5,1,4,1,19,1,0,0,00,0,1,11,200800028659B02,7,2,1
200800028671,2008-05-24,2008,mai,samedi,13:45,68,68082,47.875,7.33,1,1,3,1,2,3,2,02,1,1,000,075,2,0,1,3,2,80,0,0,0,00,2,7,15,200800028671B02,7,1,1
200800028677,2008-05-06,2008,mai,mardi,15:30,68,68349,0,0,2,3,3,1,1,9,-1,00,1,1,000,035,1,0,5,3,1,51,5,0,0,00,0,8,1,200800028677B02,1,0,1
200800028677,2008-05-06,2008,mai,mardi,15:30,68,68349,0,0,2,3,3,1,1,9,-1,00,1,1,000,035,1,0,5,1,1,67,5,0,0,00,0,1,0,200800028677A01,1,1,1
200800028680,2008-05-06,2008,mai,mardi,14:45,68,68239,47.812,6.943,1,1,3,1,1,3,2,02,1,2,000,112,1,0,1,4,1,61,5,1,2,00,2,8,19,200800028680B02,7,1,1
200800028720,2008-05-31,2008,mai,samedi,15:45,52,52140,48.217,4.92,1,1,2,1,8,3,2,02,1,1,000,075,2,0,1,3,1,52,5,1,2,00,2,1,2,200800028720A01,7,23,1
200800028726,2008-05-04,2008,mai,dimanche,16:30,52,52431,47.868,5.123,1,1,7,1,1,4,2,02,4,3,000,040,1,0,1,3,2,16,5,1,2,00,0,7,13,200800028726A01,,,
200800028762,2008-05-13,2008,mai,mardi,17:45,71,71512,0,0,2,1,1,1,1,3,-1,00,-1,-1,000,000,-1,0,4,3,1,8,2,0,0,00,0,7,0,200800028762B02,14,9,1
200800028781,2008-05-12,2008,mai,lundi,11:30,89,89419,47.739,3.295,2,1,3,1,1,3,2,02,1,1,000,067,1,0,1,3,1,21,5,0,0,00,2,1,16,200800028781B02,7,1,1
200800028786,2008-05-11,2008,mai,dimanche,12:00,89,89371,0,0,2,1,3,1,1,3,2,00,-1,3,000,042,1,0,1,3,1,6,5,0,0,00,2,1,1,200800028786A01,7,1,1
200800028812,2008-05-03,2008,mai,samedi,16:15,25,25442,46.862,6.341,1,1,3,1,1,3,2,02,1,1,000,080,1,0,1,3,1,56,5,0,0,00,2,8,10,200800028812B02,7,1,1
200800028901,2008-05-04,2008,mai,dimanche,11:45,83,83042,0,0,2,6,1,1,1,3,1,00,-1,-1,000,000,-1,0,1,4,2,68,5,0,0,00,2,1,1,200800028901B02,10,17,1
200800028935,2008-05-11,2008,mai,dimanche,13:30,84,84017,44.126,5.25,1,1,1,1,1,3,2,01,2,4,000,000,1,0,1,3,1,59,5,1,2,00,2,2,1,200800028935A01,7,1,1
200800028939,2008-05-13,2008,mai,mardi,11:00,84,84078,0,0,2,1,1,1,1,9,-1,00,-1,-1,000,000,-1,0,0,3,2,57,0,1,2,00,2,7,1,200800028939B02,7,15,1
200800028947,2008-05-30,2008,mai,vendredi,84:5,34,34058,43.67,3.98,2,1,1,1,1,4,2,02,1,2,000,059,1,0,1,3,1,11,2,0,0,00,2,1,13,200800028947A01,7,1,1
200800029004,2008-05-02,2008,mai,vendredi,16:30,30,30348,0,0,1,1,3,1,1,3,2,04,2,1,013,140,1,0,1,2,1,71,0,0,0,00,2,6,15,200800029004B02,7,21,1
200800029008,2008-05-12,2008,mai,lundi,16:30,30,30174,0,0,1,1,7,1,1,3,2,02,2,4,000,058,1,0,3,3,1,51,5,1,2,00,0,0,0,200800029008A01,,,
200800029010,2008-05-24,2008,mai,samedi,14:15,30,30202,0,0,2,1,1,1,1,9,1,01,2,3,000,030,1,0,1,4,1,9,5,0,0,00,2,1,5,200800029010B02,7,1,1
200800029031,2008-05-16,2008,mai,vendredi,10:15,66,66227,42.655,2.929,1,1,6,1,1,3,3,02,1,1,000,000,1,0,2,3,1,73,5,0,0,01,0,1,1,200800029031A01,,,
200800029067,2008-05-13,2008,mai,mardi,93:0,78,78276,0,0,1,1,6,1,1,3,-1,00,-1,3,000,000,1,0,1,2,1,74,5,1,2,00,2,0,0,200800029067B02,7,0,1
200800029070,2008-05-26,2008,mai,lundi,14:30,78,78325,0,0,1,1,1,1,1,3,2,00,1,3,000,055,1,0,1,3,1,26,5,0,0,00,2,8,1,200800029070B02,7,13,1
200800029086,2008-05-31,2008,mai,samedi,84:5,91,91099,48.432,2.405,1,1,5,1,1,3,2,02,2,1,000,000,1,0,3,4,1,62,5,0,0,00,0,7,2,200800029086A01,1,2,2
200800029086,2008-05-31,2008,mai,samedi,84:5,91,91099,48.432,2.405,1,1,5,1,1,3,2,02,2,1,000,000,1,0,3,4,1,72,5,0,0,00,2,0,2,200800029086B02,1,2,2
200800029086,2008-05-31,2008,mai,samedi,84:5,91,91099,48.432,2.405,1,1,5,1,1,3,2,02,2,1,000,000,1,0,3,4,1,64,5,0,0,00,2,0,2,200800029086C03,1,2,2
200800029100,2008-05-14,2008,mai,mercredi,11:15,95,95094,0,0,1,1,6,1,1,3,2,00,1,1,000,059,1,0,5,3,1,62,5,0,0,00,2,7,1,200800029100B02,2,0,1
200800029127,2008-05-03,2008,mai,samedi,21:15,45,45087,0,0,2,1,1,2,1,3,2,02,4,1,000,069,1,5,1,3,1,15,5,0,0,00,2,1,1,200800029127B02,7,15,1
200800029165,2008-05-07,2008,mai,mercredi,11:45,37,37043,47.475,1.062,2,1,1,1,1,3,2,02,2,3,000,065,1,0,1,3,2,62,5,1,2,00,2,1,13,200800029165B02,38,1,1
200800029178,2008-05-01,2008,mai,jeudi,15:15,41,41137,0,0,2,1,1,1,1,4,-1,02,1,1,000,025,1,0,1,4,2,7,5,0,0,00,2,1,19,200800029178B02,10,1,1
200800029189,2008-05-14,2008,mai,mercredi,17:00,87,87192,45.767,1.241,1,3,3,1,1,3,2,02,1,1,000,063,1,5,1,3,1,45,5,1,2,00,2,4,1,200800029189A01,1,2,1
200800029189,2008-05-14,2008,mai,mercredi,17:00,87,87192,45.767,1.241,1,3,3,1,1,3,2,02,1,1,000,063,1,5,1,4,1,16,5,1,2,00,9,4,2,200800029189B02,1,1,1
200800029193,2008-05-27,2008,mai,mardi,17:45,67,67367,0,0,2,1,3,1,1,3,2,02,4,1,017,062,1,0,1,3,1,43,1,0,0,00,0,7,0,200800029193B02,31,0,1
200800029194,2008-05-10,2008,mai,samedi,16:45,33,33234,44.8,-0.51,1,6,3,1,1,3,3,02,1,1,000,039,1,5,1,4,1,31,5,1,2,00,2,7,16,200800029194B02,7,1,1
200800029239,2008-05-30,2008,mai,vendredi,93:0,53,53048,48.239,-0.865,1,1,3,1,1,4,2,02,4,2,000,054,1,0,1,2,1,79,5,1,2,00,2,8,15,200800029239B02,7,1,1
200800029294,2008-05-06,2008,mai,mardi,14:15,39,39030,0,0,1,6,3,1,1,4,2,02,1,2,000,050,1,0,1,3,1,71,5,1,2,00,2,2,21,200800029294A01,15,9,1
200800029305,2008-05-22,2008,mai,jeudi,15:15,74,74112,0,0,1,1,3,1,1,3,2,00,-1,3,000,000,1,0,1,3,1,60,5,0,0,00,2,8,19,200800029305A01,7,1,1
200800029309,2008-05-07,2008,mai,mercredi,17:30,62,62623,0,0,1,1,1,1,1,3,2,02,1,2,000,069,1,0,1,3,1,58,5,0,0,00,2,1,1,200800029309B02,33,17,1
200800029324,2008-05-06,2008,mai,mardi,20:45,95,95353,49.081,2.312,2,9,1,2,1,4,2,01,2,2,000,038,1,0,1,3,2,6,5,0,0,00,2,1,15,200800029324B02,7,4,1
200800029330,2008-05-14,2008,mai,mercredi,18:15,35,35275,0,0,1,1,1,1,3,3,2,02,3,1,000,070,2,0,1,3,1,52,1,0,0,00,9,8,1,200800029330B02,30,17,1
200800029387,2008-05-16,2008,mai,vendredi,14:45,62,62297,50.825,2.196,2,6,3,1,1,3,-1,01,1,-1,000,000,1,0,1,3,1,42,1,0,0,00,0,6,16,200800029387B02,7,16,1
200800029454,2008-06-05,2008,juin,jeudi,18:15,62,62014,0,0,1,1,2,1,1,4,2,02,2,2,000,060,1,2,1,4,1,44,0,0,0,00,0,4,2,200800029454B02,2,2,1
200800029458,2008-06-04,2008,juin,mercredi,17:15,62,62906,50.863,2.063,1,3,3,1,1,4,-1,00,1,3,000,050,1,0,1,3,1,14,5,0,0,00,2,3,1,200800029458A01,7,1,1
200800029460,2008-06-25,2008,juin,mercredi,18:30,62,62485,50.547,2.25,1,1,1,1,1,3,2,02,1,1,000,000,1,0,1,2,1,10,5,0,0,00,2,1,15,200800029460B02,7,1,1
200800029487,2008-06-11,2008,juin,mercredi,16:00,80,80058,49.86,2.647,1,1,1,1,1,3,2,02,1,1,000,064,1,0,1,3,2,46,1,0,0,00,2,4,1,200800029487A01,15,15,1
200800029502,2008-06-21,2008,juin,samedi,17:20,02,02131,49.39,3.41,2,1,1,1,1,4,2,02,2,-1,000,055,1,0,1,3,1,11,5,0,0,00,2,2,0,200800029502A01,7,1,1
200800029506,2008-06-15,2008,juin,dimanche,11:45,02,02548,0,0,1,1,3,1,1,3,2,02,-1,1,000,000,1,0,1,3,1,60,5,0,0,00,2,1,1,200800029506B02,7,19,1
200800029526,2008-06-04,2008,juin,mercredi,16:30,60,60022,49.229,2.505,2,1,6,1,1,9,2,00,4,1,000,050,1,0,1,3,1,13,5,0,0,06,0,1,1,200800029526A01,,,
200800029528,2008-06-18,2008,juin,mercredi,15:45,60,60430,49.324,2.937,1,1,3,1,1,3,2,00,1,-1,000,058,1,0,1,3,1,51,5,1,4,00,0,1,1,200800029528B02,7,1,1
200800029565,2008-06-28,2008,juin,samedi,16:00,27,27056,49.075,0.586,1,1,6,1,1,4,2,01,1,1,000,000,1,0,1,3,1,13,5,0,0,00,0,0,0,200800029565A01,,,
200800029571,2008-06-11,2008,juin,mercredi,15:00,27,27648,49.268,1.117,1,1,1,1,1,3,2,02,-1,1,000,000,1,0,3,3,1,71,5,0,0,00,2,2,10,200800029571B02,7,1,1
200800029581,2008-06-23,2008,juin,lundi,20:45,35,35128,48.309,-1.718,1,1,3,1,1,3,2,00,1,3,000,064,1,0,1,3,1,17,0,1,2,00,2,8,19,200800029581A01,7,1,1
200800029601,2008-06-10,2008,juin,mardi,10:45,35,35125,0,0,2,1,3,1,1,3,2,02,2,1,000,100,1,0,5,3,1,61,5,0,0,00,2,3,1,200800029601B02,7,16,1
200800029608,2008-06-11,2008,juin,mercredi,84:5,22,22300,48.272,-2.791,1,1,3,1,1,3,2,00,-1,1,000,092,1,5,1,3,1,86,5,0,0,00,2,8,19,200800029608A01,7,1,1