Num_Acc,date,an,mois,jour,hrmn,dep,com,lat,long,agg,int,col,lum,atm,catr,circ,nbv,prof,plan,lartpc,larrout,surf,infra,situ,grav,sexe,age,trajet,secuexist,equipement,obs,obsm,choc,manv,vehiculeid,typevehicules,manoeuvehicules,numVehicules
200800029609,2008-06-09,2008,juin,lundi,16:45,22,22186,0,0,2,2,3,1,1,9,2,00,2,1,000,060,1,0,1,3,1,15,0,0,0,00,2,1,19,200800029609A01,7,1,1
200800029611,2008-06-26,2008,juin,jeudi,14:15,22,22176,48.472,-2.761,2,1,3,1,1,4,2,01,1,1,000,048,1,0,1,3,1,12,5,1,2,00,2,8,19,200800029611A01,10,1,1
200800029637,2008-06-07,2008,juin,samedi,13:00,29,29191,48.47,-3.745,1,1,1,1,1,3,2,00,1,1,000,070,1,0,1,3,2,12,5,0,0,00,2,3,19,200800029637B02,7,1,1
200800029639,2008-06-10,2008,juin,mardi,13:30,29,29204,48.496,-4.165,1,3,3,1,1,4,2,02,2,1,000,060,1,0,1,3,2,14,5,0,0,00,2,1,15,200800029639A01,17,1,1
200800029640,2008-06-10,2008,juin,mardi,17:15,29,29010,48.518,-4.114,1,6,2,1,1,3,2,02,2,1,000,050,1,5,1,3,1,53,1,0,0,00,2,1,2,200800029640A01,7,2,1
200800029666,2008-06-14,2008,juin,samedi,91:5,14,14431,49.066,-0.084,1,1,2,1,1,3,2,00,-1,1,054,000,1,0,1,4,1,34,5,0,0,00,2,6,1,200800029666B02,7,1,1
200800029668,2008-06-30,2008,juin,lundi,18:45,14,14478,49.023,0.411,2,1,3,1,1,4,2,02,1,1,000,050,1,0,1,3,1,69,5,1,2,01,0,1,1,200800029668B02,7,22,1
200800029673,2008-06-12,2008,juin,jeudi,11:45,14,14352,0,0,1,1,3,1,1,4,2,00,1,1,000,045,1,0,1,3,1,73,5,1,2,00,2,1,1,200800029673B02,10,19,1
200800029676,2008-06-27,2008,juin,vendredi,20:00,50,50027,0,0,2,1,1,1,1,3,2,02,1,4,000,070,1,0,1,3,1,19,2,1,2,00,2,1,1,200800029676B02,7,15,1
200800029682,2008-06-22,2008,juin,dimanche,10:15,50,50412,49.339,-1.696,2,1,2,1,1,3,2,02,1,1,000,058,1,0,1,3,2,82,5,0,0,00,2,2,1,200800029682B02,7,4,1
200800029694,2008-06-11,2008,juin,mercredi,13:15,61,61093,0,0,1,9,3,1,1,3,2,02,1,1,000,050,1,0,1,3,2,10,5,0,0,00,2,1,1,200800029694B02,7,1,1
200800029713,2008-06-14,2008,juin,samedi,11:15,44,44128,47.531,-1.951,2,1,3,1,1,3,2,02,2,2,000,060,1,0,1,4,1,49,5,1,2,00,2,1,1,200800029713B02,7,15,1
200800029713,2008-06-14,2008,juin,samedi,11:15,44,44128,47.531,-1.951,2,1,3,1,1,3,2,02,2,2,000,060,1,0,1,3,1,43,0,1,2,00,2,1,1,200800029713B02,7,15,1
200800029719,2008-06-24,2008,juin,mardi,13:15,44,44154,0,0,2,1,3,1,1,4,2,02,1,1,000,059,1,0,1,3,1,61,5,0,0,00,2,1,1,200800029719B02,7,1,1
200800029751,2008-06-05,2008,juin,jeudi,15:30,49,49183,47.516,-0.942,1,1,1,1,1,3,2,00,-1,1,000,042,1,0,1,3,1,65,5,0,0,01,0,1,1,200800029751A01,7,24,1
200800029757,2008-06-29,2008,juin,dimanche,17:15,53,53016,0,0,2,1,3,1,1,3,2,02,2,1,000,058,1,5,1,3,1,55,5,0,0,00,2,1,1,200800029757B02,7,15,1
200800029760,2008-06-27,2008,juin,vendredi,12:15,72,72269,0,0,2,1,1,1,1,3,2,02,1,1,000,080,1,0,1,4,1,62,5,1,2,00,2,4,1,200800029760B02,7,1,1
200800029803,2008-06-24,2008,juin,mardi,12:30,85,85226,0,0,2,1,1,1,1,4,2,00,2,2,000,059,1,0,1,3,1,50,4,0,0,00,2,8,19,200800029803A01,7,1,1
200800029804,2008-06-28,2008,juin,samedi,17:15,85,85222,0,0,2,6,2,1,1,9,-1,02,1,3,000,050,1,0,1,3,1,18,5,1,2,00,2,1,1,200800029804B02,7,23,1
200800029816,2008-06-10,2008,juin,mardi,17:30,33,33162,0,0,2,1,3,1,1,4,2,00,-1,1,000,068,1,0,1,3,2,44,3,1,2,00,0,1,15,200800029816B02,7,1,1
200800029840,2008-06-28,2008,juin,samedi,10:30,33,33314,45.203,-0.749,2,1,2,1,1,4,2,00,1,1,000,070,1,0,1,4,1,40,5,0,0,00,2,4,1,200800029840B02,7,1,1
200800029842,2008-06-10,2008,juin,mardi,94:5,33,33174,44.926,-0.271,1,1,6,1,1,3,2,02,2,1,000,050,1,0,1,3,2,40,4,0,0,00,0,0,1,200800029842A01,7,19,1
200800029899,2008-06-24,2008,juin,mardi,10:45,64,64527,43.335,-1.465,1,1,5,1,1,3,2,02,2,4,000,070,1,0,1,3,1,32,5,1,2,00,2,1,1,200800029899A01,7,1,2
200800029899,2008-06-24,2008,juin,mardi,10:45,64,64527,43.335,-1.465,1,1,5,1,1,3,2,02,2,4,000,070,1,0,1,4,1,39,0,1,2,00,2,1,1,200800029899A01,7,1,2
200800029917,2008-06-21,2008,juin,samedi,22:15,86,86159,46.214,0.702,1,1,5,3,1,3,2,02,1,1,000,076,1,0,1,3,1,47,5,1,2,00,0,4,1,200800029917A01,7,12,1
200800029917,2008-06-21,2008,juin,samedi,22:15,86,86159,46.214,0.702,1,1,5,3,1,3,2,02,1,1,000,076,1,0,1,3,1,47,5,1,2,00,0,4,1,200800029917C03,7,12,1
200800029917,2008-06-21,2008,juin,samedi,22:15,86,86159,46.214,0.702,1,1,5,3,1,3,2,02,1,1,000,076,1,0,1,3,1,47,0,1,2,00,0,4,1,200800029917D04,7,12,1
200800029942,2008-06-24,2008,juin,mardi,10:15,17,17385,0,0,1,1,2,1,1,3,2,02,1,1,000,050,1,0,1,2,2,85,5,0,0,00,2,4,1,200800029942B02,7,1,1
200800029969,2008-06-25,2008,juin,mercredi,14:00,79,79056,0,0,1,1,1,1,1,3,2,01,1,1,000,070,9,0,1,3,1,60,5,1,2,00,2,1,11,200800029969A01,14,1,1
200800029972,2008-06-25,2008,juin,mercredi,10:00,79,79353,0,0,1,1,3,1,1,3,-1,02,1,1,000,062,1,0,1,3,1,68,5,0,0,00,2,8,1,200800029972B02,7,1,1
200800029980,2008-06-08,2008,juin,dimanche,16:00,87,87133,46.204,1.359,1,1,1,1,1,2,2,02,1,1,000,069,1,0,1,3,1,36,5,0,0,00,2,8,1,200800029980B02,7,17,1
200800029999,2008-06-19,2008,juin,jeudi,73:0,31,31417,43.625,1.287,2,1,1,1,1,9,2,02,4,-1,000,055,1,0,1,3,1,23,1,1,2,00,2,3,16,200800029999B02,7,23,1
200800030046,2008-06-09,2008,juin,lundi,13:30,32,32208,43.938,0.601,1,1,3,1,1,3,2,02,3,1,000,076,1,0,1,3,1,66,5,1,9,00,2,8,1,200800030046B02,7,17,1
200800030070,2008-06-21,2008,juin,samedi,11:00,65,65399,0,0,1,1,2,1,1,3,2,00,2,1,000,080,1,0,1,3,2,55,5,1,2,00,0,4,1,200800030070B02,14,1,1
200800030073,2008-06-22,2008,juin,dimanche,10:00,65,65320,0,0,1,1,1,1,1,3,2,02,-1,1,000,164,1,0,5,3,1,57,5,1,2,00,0,7,1,200800030073B02,7,19,1
200800030108,2008-06-18,2008,juin,mercredi,16:30,69,69203,0,0,1,1,1,1,1,3,2,02,-1,2,000,067,1,0,1,3,1,45,5,1,2,00,2,1,1,200800030108A01,10,13,1
200800030172,2008-06-21,2008,juin,samedi,83:0,07,07267,44.88,4.261,1,1,6,1,1,3,2,02,2,3,000,042,1,2,1,3,1,61,5,1,2,10,0,3,13,200800030172A01,,,
200800030179,2008-06-22,2008,juin,dimanche,11:45,26,26105,44.455,5.372,1,1,1,1,1,3,2,00,1,1,000,058,1,0,1,3,2,48,5,1,2,00,2,1,1,200800030179B02,7,17,1
200800030180,2008-06-23,2008,juin,lundi,84:5,26,26104,44.441,5.37,1,1,2,1,1,3,2,02,1,1,000,050,1,0,1,3,2,71,5,0,0,00,2,4,1,200800030180B02,7,1,1
200800030190,2008-06-20,2008,juin,vendredi,20:45,38,38158,45.157,5.736,2,6,1,1,7,4,-1,02,1,-1,051,000,1,0,5,3,2,33,0,0,0,00,2,7,0,200800030190B02,7,0,1
200800030213,2008-06-22,2008,juin,dimanche,11:15,38,38076,45.598,5.477,1,2,3,1,1,3,2,00,1,1,000,065,1,0,1,4,1,48,5,1,2,00,2,1,1,200800030213B02,7,19,1
200800030215,2008-06-17,2008,juin,mardi,14:15,44,44201,0,0,2,2,3,1,1,3,2,02,1,1,000,061,1,5,1,3,1,65,5,1,2,00,2,3,1,200800030215A01,7,1,1
200800030222,2008-06-04,2008,juin,mercredi,12:00,42,42295,45.405,3.324,1,1,3,1,2,3,2,00,1,3,000,076,2,5,1,3,1,71,5,0,0,00,2,9,19,200800030222A01,7,1,1
200800030245,2008-06-24,2008,juin,mardi,19:00,74,74182,0,0,2,1,1,1,1,9,2,02,3,1,000,073,1,0,1,3,1,16,0,1,2,00,2,1,0,200800030245B02,7,15,1
200800030247,2008-06-24,2008,juin,mardi,23:00,74,74104,0,0,1,1,3,3,1,3,2,02,1,1,000,000,1,0,1,1,1,30,0,1,4,00,2,8,1,200800030247B02,30,21,1
200800030249,2008-06-12,2008,juin,jeudi,21:15,74,74160,0,0,1,1,6,1,1,3,2,02,2,4,000,050,1,0,3,2,1,74,5,1,2,13,0,3,13,200800030249A01,,,
200800030253,2008-06-14,2008,juin,samedi,14:30,74,74056,0,0,2,1,6,1,1,4,2,01,2,1,000,048,1,0,1,3,1,45,0,0,0,00,2,1,2,200800030253A01,,,
200800030259,2008-06-23,2008,juin,lundi,17:30,74,74173,0,0,2,1,1,1,1,9,2,00,2,1,000,050,1,0,1,3,1,27,1,1,2,00,2,1,0,200800030259B02,10,10,1
200800030325,2008-06-07,2008,juin,samedi,18:45,15,15174,45.159,2.48,1,1,3,1,1,3,2,01,3,1,000,056,1,5,1,3,1,17,0,1,2,00,2,1,0,200800030325B02,7,1,1
200800030327,2008-06-25,2008,juin,mercredi,15:00,15,15068,44.968,3.163,1,1,6,1,1,3,2,02,2,1,000,055,1,0,1,3,2,60,5,0,0,00,0,0,1,200800030327A01,,,
200800030345,2008-06-24,2008,juin,mardi,18:45,57,57137,0,0,1,1,3,1,1,4,2,01,-1,3,000,059,1,0,1,3,1,49,5,1,2,00,2,1,16,200800030345A01,21,1,1
200800030351,2008-06-08,2008,juin,dimanche,16:15,57,57274,0,0,2,1,1,1,1,4,2,00,1,1,000,050,1,0,1,3,2,11,5,0,0,00,2,1,15,200800030351B02,7,1,1
200800030382,2008-06-30,2008,juin,lundi,14:00,54,54080,0,0,1,1,2,1,1,3,2,02,1,1,000,000,1,0,1,3,1,56,5,1,2,00,0,4,2,200800030382B02,38,2,1
200800030393,2008-06-04,2008,juin,mercredi,13:30,88,88090,0,0,2,1,2,1,1,4,2,02,1,1,000,050,1,0,1,4,1,45,1,1,2,00,2,0,2,200800030393B02,7,2,1
200800030397,2008-06-27,2008,juin,vendredi,18:00,88,88212,0,0,2,1,3,1,1,4,2,00,1,1,000,049,1,0,1,4,1,19,5,0,0,00,2,8,19,200800030397A01,10,1,1
200800030403,2008-06-20,2008,juin,vendredi,15:30,88,88498,47.982,6.637,2,9,2,1,1,3,2,02,1,3,000,055,1,0,1,3,1,60,5,0,0,00,2,8,19,200800030403A01,33,17,1
200800030405,2008-06-11,2008,juin,mercredi,17:45,88,88408,47.958,6.629,1,2,3,1,1,4,2,02,1,1,000,054,1,0,1,3,1,9,5,1,2,00,2,7,1,200800030405B02,7,1,1
200800030430,2008-06-10,2008,juin,mardi,15:00,67,67544,49.033,7.923,1,1,3,1,1,3,2,02,2,1,000,058,1,0,1,4,1,20,5,0,0,00,2,1,17,200800030430B02,21,15,1
200800030432,2008-06-18,2008,juin,mercredi,16:00,67,67544,49.037,7.946,2,1,3,1,1,4,2,00,1,1,000,000,1,0,4,3,1,24,0,0,0,00,2,1,1,200800030432B02,7,1,1
200800030447,2008-06-19,2008,juin,jeudi,64:5,68,68154,0,0,2,1,3,1,1,4,2,02,1,1,000,040,1,0,1,3,1,48,1,0,0,00,2,1,1,200800030447A01,7,9,1
200800030453,2008-06-22,2008,juin,dimanche,17:30,68,68171,47.947,6.963,1,1,7,1,1,3,2,02,1,-1,000,065,1,0,1,3,2,49,5,0,0,00,0,8,1,200800030453A01,,,
200800030480,2008-06-11,2008,juin,mercredi,14:15,10,10096,0,0,2,1,3,1,1,3,2,02,1,1,000,046,1,0,1,3,1,7,5,0,0,00,2,1,15,200800030480A01,7,1,1
200800030486,2008-06-26,2008,juin,jeudi,12:15,10,10296,0,0,1,1,3,1,1,3,2,02,3,1,000,061,1,0,1,3,1,17,1,1,2,00,2,1,15,200800030486A01,7,1,1
200800030493,2008-06-20,2008,juin,vendredi,16:30,52,52205,0,0,2,3,1,1,1,3,2,02,1,1,000,065,1,0,1,3,1,56,5,1,2,00,2,1,16,200800030493B02,15,13,1
200800030496,2008-06-01,2008,juin,dimanche,11:15,52,52058,0,0,2,3,3,1,1,3,2,00,1,1,000,050,1,0,1,3,2,11,5,1,2,00,2,1,19,200800030496B02,10,1,1
200800030501,2008-06-11,2008,juin,mercredi,70:0,52,52331,0,0,1,1,2,1,1,3,2,02,1,1,000,042,1,0,1,3,1,58,1,0,0,00,2,8,13,200800030501B02,7,2,1
200800030524,2008-06-20,2008,juin,vendredi,23:00,58,58261,47.408,2.951,2,1,2,3,1,3,2,02,1,1,000,060,1,0,1,2,1,19,5,0,0,00,2,4,1,200800030524A01,7,1,1
200800030558,2008-06-14,2008,juin,samedi,18:15,89,89206,47.983,3.424,2,9,3,1,1,3,2,02,3,3,000,068,1,0,1,2,1,15,5,0,0,00,0,1,1,200800030558B02,7,1,1
200800030558,2008-06-14,2008,juin,samedi,18:15,89,89206,47.983,3.424,2,9,3,1,1,3,2,02,3,3,000,068,1,0,1,3,1,9,0,0,0,00,0,1,1,200800030558B02,7,1,1
200800030575,2008-06-13,2008,juin,vendredi,14:00,25,25190,0,0,2,1,6,1,1,3,2,02,2,1,000,062,1,0,1,1,1,41,5,1,2,00,1,1,1,200800030575A01,,,
200800030582,2008-06-14,2008,juin,samedi,91:5,25,25382,47.367,6.121,2,1,1,1,1,3,2,02,1,3,000,100,1,5,1,3,1,52,5,0,0,00,2,1,1,200800030582B02,7,17,1
200800030591,2008-06-27,2008,juin,vendredi,17:00,25,25514,0,0,1,6,3,1,1,3,1,01,1,2,000,084,1,5,1,3,2,58,5,1,2,00,2,7,2,200800030591B02,7,1,1
200800030618,2008-06-13,2008,juin,vendredi,83:0,13,13060,43.482,5.506,2,1,3,1,1,4,2,02,-1,3,000,080,1,0,1,3,1,32,1,1,2,00,2,1,1,200800030618B02,7,15,1
200800030643,2008-06-13,2008,juin,vendredi,14:00,04,04045,43.861,5.563,1,1,1,1,1,3,2,02,1,1,000,064,1,0,1,4,1,67,5,1,2,00,2,0,21,200800030643B02,7,17,1
200800030647,2008-06-11,2008,juin,mercredi,15:45,04,04209,44.215,5.965,1,1,1,1,1,3,2,00,-1,2,000,055,-1,0,0,4,1,42,5,1,2,00,2,1,1,200800030647B02,30,1,1
200800030749,2008-06-27,2008,juin,vendredi,17:30,34,34327,0,0,1,1,1,1,1,3,2,02,1,1,160,015,1,0,1,4,2,53,1,0,0,00,2,7,19,200800030749B02,7,1,1
200800030760,2008-06-08,2008,juin,dimanche,11:45,34,34069,43.398,3.102,2,1,3,1,1,3,2,00,1,1,000,054,1,0,1,3,1,52,5,0,0,00,2,1,1,200800030760B02,7,15,1
200800030764,2008-06-23,2008,juin,lundi,94:5,34,34299,43.297,3.293,1,1,2,1,1,3,2,02,1,1,000,107,1,0,1,3,1,62,5,1,2,00,2,4,1,200800030764B02,7,14,1
200800030779,2008-06-18,2008,juin,mercredi,15:45,11,11185,43.09,2.62,2,1,1,1,1,3,2,00,-1,3,000,080,1,0,1,4,2,34,9,0,0,00,0,4,1,200800030779B02,7,2,1
200800030779,2008-06-18,2008,juin,mercredi,15:45,11,11185,43.09,2.62,2,1,1,1,1,3,2,00,-1,3,000,080,1,0,1,4,1,5,0,0,0,00,0,4,1,200800030779B02,7,2,1
200800030779,2008-06-18,2008,juin,mercredi,15:45,11,11185,43.09,2.62,2,1,1,1,1,3,2,00,-1,3,000,080,1,0,1,1,1,3,0,0,0,00,0,4,1,200800030779B02,7,2,1
200800030811,2008-06-27,2008,juin,vendredi,84:5,30,30167,44.276,4.18,1,1,1,1,1,3,2,02,2,3,000,071,1,0,1,2,2,27,1,0,0,00,2,3,15,200800030811B02,14,17,1
200800030822,2008-06-26,2008,juin,jeudi,19:30,48,48042,44.559,3.504,1,1,1,1,1,3,2,00,2,2,000,063,1,0,1,3,1,57,0,1,2,00,2,5,17,200800030822A01,7,1,1
200800030826,2008-06-02,2008,juin,lundi,10:45,66,66171,0,0,1,1,7,1,1,3,2,02,1,1,000,074,1,0,3,2,1,88,5,1,2,00,9,0,1,200800030826A01,,,
200800030830,2008-06-23,2008,juin,lundi,16:45,66,66008,0,0,2,1,1,1,1,4,2,02,1,1,000,000,1,0,1,3,1,78,5,0,0,00,2,8,19,200800030830B02,7,1,1
200800030869,2008-06-04,2008,juin,mercredi,16:00,78,78516,0,0,2,1,3,1,1,4,2,00,1,1,000,035,1,0,1,3,1,7,5,1,2,00,2,1,19,200800030869A01,7,1,1
200800030892,2008-06-25,2008,juin,mercredi,15:,91,91272,0,0,2,1,7,5,1,9,-1,00,2,-1,000,000,1,0,1,2,1,40,1,1,2,00,0,1,0,200800030892A01,,,
200800030895,2008-06-01,2008,juin,dimanche,12:45,95,95308,0,0,1,6,3,1,1,3,-1,00,-1,-1,000,077,9,5,1,3,1,50,5,1,9,00,0,7,1,200800030895B02,7,16,1
200800030904,2008-06-25,2008,juin,mercredi,12:45,77,77238,48.93,3.124,2,1,5,1,1,4,2,02,1,3,000,032,1,0,1,4,2,10,5,0,0,00,0,1,19,200800030904B02,14,1,1
200800030904,2008-06-25,2008,juin,mercredi,12:45,77,77238,48.93,3.124,2,1,5,1,1,4,2,02,1,3,000,032,1,0,1,4,1,4,5,0,0,00,0,1,19,200800030904C03,14,1,1
200800030906,2008-06-12,2008,juin,jeudi,17:30,77,77192,48.708,2.869,2,1,1,1,1,9,2,02,1,1,010,040,1,0,1,3,1,13,2,0,0,00,2,7,19,200800030906B02,7,1,1
200800030913,2008-06-22,2008,juin,dimanche,11:00,77,77308,49.03,2.768,1,1,3,1,1,3,2,02,1,2,000,065,1,5,1,4,1,53,5,1,2,00,2,1,16,200800030913B02,7,15,1
200800030929,2008-06-19,2008,juin,jeudi,14:00,45,45053,0,0,2,1,1,1,1,3,2,00,1,1,000,000,1,0,1,4,1,22,1,0,0,00,2,1,19,200800030929B02,7,15,1
200800030949,2008-06-01,2008,juin,dimanche,11:00,28,28298,48.596,1.551,1,4,1,1,1,3,2,00,2,1,000,055,1,0,1,4,2,31,5,1,2,00,2,1,15,200800030949B02,7,1,1
200800030963,2008-06-29,2008,juin,dimanche,20:00,36,36060,46.482,1.94,1,1,3,1,1,3,2,02,1,1,000,050,1,5,1,3,2,14,5,0,0,00,2,1,15,200800030963B02,7,1,1
200800030983,2008-06-23,2008,juin,lundi,20:30,41,41257,0,0,1,1,1,1,1,4,2,00,-1,1,000,027,1,0,1,3,1,8,5,0,0,00,2,1,9,200800030983B02,10,1,1
200800031084,2008-06-01,2008,juin,dimanche,12:15,78,78010,48.92,1.933,1,1,3,1,1,3,2,00,1,-1,000,000,1,0,1,3,2,61,5,1,2,00,2,4,1,200800031084B02,13,2,1
200800031139,2008-06-01,2008,juin,dimanche,17:45,74,74278,46.089,6.534,2,1,3,1,1,4,2,02,2,1,000,047,1,0,1,3,2,8,5,1,2,00,2,6,19,200800031139B02,7,1,1
200800031143,2008-06-30,2008,juin,lundi,17:30,74,74164,46.116,6.503,1,1,6,1,1,3,2,02,-1,1,000,072,1,0,1,1,1,54,1,1,2,00,2,1,1,200800031143A01,,,
200800031143,2008-06-30,2008,juin,lundi,17:30,74,74164,46.116,6.503,1,1,6,1,1,3,2,02,-1,1,000,072,1,0,1,3,1,40,0,1,2,00,2,1,1,200800031143A01,,,
200800031181,2008-06-25,2008,juin,mercredi,10:30,83,83091,0,0,2,1,3,1,1,3,2,02,2,1,000,075,1,5,1,4,1,59,5,1,2,00,2,8,15,200800031181B02,7,19,1
200800031209,2008-06-19,2008,juin,jeudi,18:55,01,01053,0,0,2,1,6,1,1,4,2,02,1,1,000,000,1,0,1,4,1,8,5,1,2,00,2,1,19,200800031209B01,7,1,1
200800031211,2008-06-28,2008,juin,samedi,12:15,01,01053,0,0,2,3,3,1,1,2,2,02,1,1,000,000,1,0,1,4,1,12,5,1,2,00,2,1,5,200800031211A01,7,0,1
200800031212,2008-06-21,2008,juin,samedi,20:35,01,01283,0,0,2,1,3,1,1,4,2,02,1,1,000,050,1,0,1,4,1,9,5,1,9,00,2,1,19,200800031212B01,7,0,1
200800031231,2008-06-04,2008,juin,mercredi,12:05,03,03095,0,0,2,3,3,1,1,4,2,02,1,1,000,090,1,5,1,4,1,34,4,1,2,00,2,1,1,200800031231B01,10,9,1
200800031236,2008-06-19,2008,juin,jeudi,17:10,03,03095,0,0,2,6,3,1,1,4,2,02,1,1,000,080,1,5,1,4,2,39,5,1,9,00,2,1,5,200800031236A01,7,9,1
200800031243,2008-06-30,2008,juin,lundi,11:40,04,04112,0,0,2,3,3,1,1,3,2,00,2,1,000,060,1,0,1,3,1,59,0,1,2,00,2,2,1,200800031243B01,7,15,1
200800031252,2008-06-12,2008,juin,jeudi,85:0,06,06004,0,0,2,1,3,1,1,3,3,03,1,4,017,110,1,0,1,3,1,60,5,1,2,00,2,0,1,200800031252B01,7,17,1
200800031257,2008-06-26,2008,juin,jeudi,12:45,06,06004,0,0,2,1,6,1,1,4,-1,01,1,-1,000,078,1,0,1,4,1,66,5,1,2,00,2,1,0,200800031257A01,7,0,1
200800031266,2008-06-10,2008,juin,mardi,14:10,06,06027,0,0,2,1,6,1,1,4,2,02,1,1,000,000,1,0,1,4,2,33,5,1,2,00,2,1,1,200800031266B01,10,22,1
200800031269,2008-06-13,2008,juin,vendredi,10:15,06,06123,0,0,2,1,2,1,1,4,1,02,1,1,000,000,1,0,1,1,1,27,5,1,2,00,2,4,18,200800031269A01,1,1,1
200800031269,2008-06-13,2008,juin,vendredi,10:15,06,06123,0,0,2,1,2,1,1,4,1,02,1,1,000,000,1,0,1,3,2,74,5,1,2,00,2,1,1,200800031269B01,1,18,1
200800031273,2008-06-27,2008,juin,vendredi,73:0,06,06027,0,0,2,1,3,1,1,4,3,02,1,1,000,000,1,0,5,4,1,29,1,1,2,00,2,1,1,200800031273B01,10,16,1
200800031379,2008-06-10,2008,juin,mardi,13:55,06,06088,0,0,2,1,6,1,1,4,2,02,2,3,000,050,1,0,1,1,1,32,5,1,9,00,1,1,21,200800031379A01,,,
200800031384,2008-06-12,2008,juin,jeudi,95:0,06,06088,0,0,2,1,3,1,1,4,1,02,1,1,000,050,1,0,1,4,1,19,0,1,2,00,2,1,1,200800031384B01,7,12,1
200800031428,2008-06-21,2008,juin,samedi,93:0,06,06088,0,0,2,1,3,1,1,4,-1,02,1,1,000,000,1,0,1,4,2,75,5,1,9,00,2,9,1,200800031428B01,7,16,1
200800031432,2008-06-21,2008,juin,samedi,20:25,06,06088,0,0,2,3,3,1,1,4,2,02,2,1,000,000,1,0,1,4,1,16,5,1,9,00,2,0,5,200800031432A01,7,1,1
200800031441,2008-06-24,2008,juin,mardi,80:0,06,06088,0,0,2,1,3,1,1,4,1,02,1,1,000,066,1,0,1,3,2,37,1,1,9,00,2,3,1,200800031441B01,14,12,1
200800031458,2008-06-28,2008,juin,samedi,95:5,06,06088,0,0,2,1,5,1,1,4,3,06,1,1,000,000,1,0,1,4,2,75,0,1,4,00,2,0,21,200800031458B01,7,22/2,2
200800031474,2008-06-07,2008,juin,samedi,15:55,10,10387,0,0,2,1,6,1,1,4,2,02,1,1,000,100,1,0,1,3,2,43,0,1,2,01,0,1,1,200800031474B01,7,22,1
200800031475,2008-06-10,2008,juin,mardi,12:10,10,10343,0,0,2,6,2,1,1,4,3,02,2,1,005,080,1,0,0,4,2,42,1,1,9,00,2,4,16,200800031475B01,7,16,1
200800031476,2008-06-10,2008,juin,mardi,12:15,10,10387,0,0,2,1,3,1,1,4,2,02,1,1,000,080,1,0,1,4,2,55,0,1,9,00,2,3,1,200800031476A01,7,17,1
200800031487,2008-06-14,2008,juin,samedi,16:40,11,11262,0,0,2,1,3,1,2,4,2,01,1,1,000,000,1,0,1,4,1,8,5,1,2,00,0,0,1,200800031487B01,7,1,1
200800031499,2008-06-02,2008,juin,lundi,18:05,12,12145,0,0,2,9,3,1,1,4,3,01,1,2,036,060,1,5,1,4,1,14,2,1,9,00,2,2,14,200800031499B01,7,13,1
200800031503,2008-06-27,2008,juin,vendredi,17:20,12,12145,0,0,2,1,1,1,1,4,2,02,2,1,000,066,1,0,1,4,1,67,5,1,9,00,2,2,17,200800031503A01,30,1,1
200800031515,2008-06-12,2008,juin,jeudi,10:40,13,13004,0,0,2,3,3,1,1,4,4,02,1,1,000,038,1,0,1,4,1,76,5,1,9,00,2,1,1,200800031515B01,7,15,1
200800031517,2008-06-22,2008,juin,dimanche,10:30,13,13004,0,0,1,1,5,1,1,4,2,02,1,1,000,060,1,2,1,3,1,63,5,1,2,00,2,1,1,200800031517B01,36,1,1
200800031517,2008-06-22,2008,juin,dimanche,10:30,13,13004,0,0,1,1,5,1,1,4,2,02,1,1,000,060,1,2,1,1,1,57,5,1,2,00,2,1,1,200800031517C01,36,1,1
200800031519,2008-06-30,2008,juin,lundi,10:15,13,13004,0,0,2,6,3,1,1,3,2,02,2,1,000,035,1,0,1,4,1,60,5,1,9,00,2,8,1,200800031519B01,7,12,1
200800031522,2008-06-02,2008,juin,lundi,10:00,13,13028,0,0,2,1,6,1,1,3,3,01,1,3,000,000,1,3,1,4,1,60,5,1,2,00,0,8,2,200800031522B01,7,17,1
200800031530,2008-06-17,2008,juin,mardi,10:30,13,13047,0,0,2,6,3,1,2,4,1,02,1,1,000,057,2,0,1,4,1,63,5,1,2,00,0,7,1,200800031530B01,13,1,1
200800031612,2008-06-05,2008,juin,jeudi,84:5,13,13055,0,0,2,3,3,1,1,4,2,01,2,1,000,070,1,0,1,4,1,41,0,0,0,00,2,1,1,200800031612B01,7,15,1
200800031655,2008-06-05,2008,juin,jeudi,11:35,13,13055,0,0,2,1,3,1,1,4,2,02,1,1,000,072,1,0,1,4,1,79,5,0,0,00,2,1,17,200800031655B01,7,17,1
200800031669,2008-06-23,2008,juin,lundi,19:30,13,13055,0,0,2,3,3,1,1,4,3,04,1,1,000,000,1,0,0,4,1,25,4,1,2,00,0,0,19,200800031669B01,7,1,1
200800031672,2008-06-19,2008,juin,jeudi,10:45,13,13055,0,0,2,1,3,1,1,4,1,01,1,1,000,035,1,0,1,4,1,19,5,1,4,00,2,8,15,200800031672A01,30,1,1
200800031683,2008-06-14,2008,juin,samedi,19:30,13,13055,0,0,2,3,6,1,1,4,1,01,1,1,000,040,1,0,1,3,1,36,0,1,9,00,2,3,16,200800031683B01,7,16,1
200800031739,2008-06-11,2008,juin,mercredi,50:0,13,13055,0,0,2,1,3,2,1,4,1,01,1,-1,000,000,1,0,1,4,1,24,1,1,9,00,2,1,5,200800031739A01,7,2,1
200800031802,2008-06-26,2008,juin,jeudi,17:30,13,13055,0,0,2,2,7,1,1,4,2,03,1,1,000,200,1,0,0,3,1,51,5,1,2,00,0,0,0,200800031802B01,7,0,1
200800031839,2008-06-30,2008,juin,lundi,84:0,13,13071,0,0,1,3,3,1,1,3,2,02,1,1,000,060,1,0,1,3,1,61,0,1,2,00,0,0,0,200800031839B01,7,15,1
200800031842,2008-06-05,2008,juin,jeudi,16:00,14,14327,0,0,2,1,2,1,1,4,2,02,1,-1,000,085,1,0,3,3,1,83,0,1,2,00,2,4,11,200800031842B01,7,0,1