Num_Acc,date,an,mois,jour,hrmn,dep,com,lat,long,agg,int,col,lum,atm,catr,circ,nbv,prof,plan,lartpc,larrout,surf,infra,situ,grav,sexe,age,trajet,secuexist,equipement,obs,obsm,choc,manv,vehiculeid,typevehicules,manoeuvehicules,numVehicules
200800031849,2008-06-13,2008,juin,vendredi,85:5,14,14118,0,0,2,1,6,1,1,4,2,02,2,2,000,070,1,0,1,1,1,43,1,1,2,00,1,1,1,200800031849A01,,,
200800031857,2008-06-11,2008,juin,mercredi,18:30,14,14117,0,0,2,2,3,1,1,4,1,02,1,1,000,070,1,0,0,4,2,53,5,1,2,00,2,1,1,200800031857B01,7,19,1
200800031864,2008-06-27,2008,juin,vendredi,18:50,15,15014,0,0,2,1,6,1,1,2,3,04,2,1,000,000,1,0,1,3,1,65,1,1,9,00,2,1,19,200800031864B01,7,1,1
200800031870,2008-06-08,2008,juin,dimanche,16:10,17,17299,0,0,2,6,7,1,1,4,2,02,1,1,000,070,1,5,1,4,1,55,5,1,2,00,0,0,1,200800031870A01,,,
200800031874,2008-06-15,2008,juin,dimanche,12:10,17,17299,0,0,2,6,3,1,1,4,2,02,1,1,000,060,1,5,1,4,1,78,5,1,4,00,2,1,1,200800031874A01,7,15,1
200800031881,2008-06-03,2008,juin,mardi,16:47,17,17300,0,0,2,1,7,1,1,4,3,02,1,1,100,060,1,0,1,4,1,36,0,1,9,00,0,0,0,200800031881A01,,,
200800031883,2008-06-04,2008,juin,mercredi,15:30,17,17300,0,0,2,9,6,1,1,5,2,01,2,2,000,000,1,0,1,2,2,3,5,1,9,00,2,8,1,200800031883B01,7,15,1
200800031892,2008-06-11,2008,juin,mercredi,12:35,17,17300,0,0,2,1,6,1,1,4,1,00,1,1,000,000,1,0,1,1,1,34,1,1,2,00,1,1,15,200800031892A01,,,
200800031893,2008-06-13,2008,juin,vendredi,85:0,17,17300,0,0,2,1,6,1,1,4,2,02,1,1,000,000,1,0,1,4,2,23,9,1,2,01,0,1,1,200800031893B01,7,22,1
200800031896,2008-06-17,2008,juin,mardi,12:15,17,17200,0,0,2,1,2,1,1,4,2,02,1,1,000,070,1,0,1,4,1,39,9,1,2,00,2,1,1,200800031896B01,7,16,1
200800031902,2008-06-23,2008,juin,lundi,84:0,17,17300,0,0,2,6,3,1,1,4,-1,02,-1,-1,000,050,-1,0,0,4,2,26,1,1,9,00,2,0,1,200800031902B01,7,0,1
200800031915,2008-06-22,2008,juin,dimanche,11:5,17,17306,0,0,2,1,6,3,1,3,-1,00,-1,-1,000,000,-1,0,1,1,1,43,0,1,9,00,2,0,1,200800031915C01,7,1,2
200800031916,2008-06-22,2008,juin,dimanche,11:40,17,17306,0,0,2,1,2,1,1,3,-1,00,-1,-1,000,000,-1,0,1,4,1,81,0,1,9,01,0,1,1,200800031916B01,7,23,1
200800031924,2008-06-13,2008,juin,vendredi,13:20,17,17415,0,0,2,1,2,1,1,4,4,04,2,1,000,000,1,2,1,4,1,16,5,1,9,00,2,1,1,200800031924B01,7,23,1
200800031934,2008-06-09,2008,juin,lundi,17:53,18,18033,0,0,2,1,6,1,1,4,2,02,-1,1,000,050,-1,0,1,4,1,8,5,1,9,00,0,7,19,200800031934B01,7,1,1
200800031942,2008-06-27,2008,juin,vendredi,70:0,18,18205,0,0,2,3,3,1,7,3,2,02,1,2,020,090,1,5,1,4,1,34,1,1,2,00,2,7,15,200800031942B01,7,9,1
200800031956,2008-06-20,2008,juin,vendredi,12:25,19,19031,45.15083,4.49945,2,1,7,1,1,4,2,02,1,1,000,000,1,0,1,4,1,45,1,1,2,00,0,0,1,200800031956B01,7,16,1
200800031977,2008-06-12,2008,juin,jeudi,17:48,21,21278,0,0,2,6,3,1,3,4,3,02,1,1,114,090,2,5,0,4,1,31,9,1,2,00,2,1,1,200800031977B01,7,1,1
200800031984,2008-06-19,2008,juin,jeudi,12:33,21,21231,0,0,2,2,3,1,1,4,1,01,1,1,000,055,1,5,0,4,1,24,5,1,2,00,2,2,1,200800031984B01,7,1,1
200800031990,2008-06-25,2008,juin,mercredi,12:15,21,21231,0,0,2,2,3,1,1,4,3,04,1,1,000,160,1,0,1,4,2,19,5,1,9,00,2,1,1,200800031990B01,7,16,1
200800031993,2008-06-27,2008,juin,vendredi,93:0,21,21231,0,0,2,1,2,1,1,4,2,02,1,1,000,076,1,0,1,4,1,25,1,1,2,01,0,2,1,200800031993B01,7,24,1
200800031999,2008-06-30,2008,juin,lundi,13:25,21,21231,0,0,2,3,2,1,1,4,2,02,1,1,000,000,1,0,0,4,1,56,1,1,2,01,2,4,1,200800031999B01,10,13,1
200800032006,2008-06-08,2008,juin,dimanche,34:,22,22278,0,0,2,2,3,5,1,4,-1,00,-1,-1,000,000,-1,0,0,4,1,57,0,1,9,00,2,0,5,200800032006A01,7,1,1
200800032009,2008-06-20,2008,juin,vendredi,17:25,22,22278,0,0,2,1,3,1,1,4,2,00,-1,1,000,069,1,0,1,3,1,13,5,1,2,00,2,1,19,200800032009A01,7,1,1
200800032023,2008-06-02,2008,juin,lundi,85:3,25,25056,0,0,2,9,3,1,1,4,-1,02,1,-1,000,070,1,0,1,4,1,52,5,1,9,00,2,7,19,200800032023B01,7,9,1
200800032032,2008-06-16,2008,juin,lundi,16:04,25,25056,0,0,2,1,3,1,2,4,4,02,1,1,000,000,1,0,4,4,1,28,5,1,2,00,2,1,1,200800032032B01,7,9,1
200800032034,2008-06-17,2008,juin,mardi,17:33,25,25056,0,0,2,1,3,1,1,4,-1,02,1,1,000,000,1,0,1,4,1,57,5,1,2,00,2,7,1,200800032034B01,7,9,1
200800032044,2008-06-18,2008,juin,mercredi,64:8,26,26198,0,0,1,1,2,2,1,3,2,02,1,1,000,074,1,0,1,3,1,23,1,1,4,00,0,4,1,200800032044B01,7,0,1
200800032052,2008-06-26,2008,juin,jeudi,85:0,26,26281,0,0,2,1,6,1,1,4,2,02,1,1,000,060,1,0,1,3,2,47,5,1,2,00,2,1,1,200800032052A01,7,22,1
200800032059,2008-06-16,2008,juin,lundi,74:2,26,26362,0,0,2,3,3,1,1,3,2,03,1,1,000,091,1,0,1,3,2,22,1,1,2,00,2,0,1,200800032059B01,7,16,1
200800032069,2008-06-07,2008,juin,samedi,16:20,27,27229,0,0,2,1,2,1,1,4,2,02,1,1,000,000,1,0,1,4,1,9,5,1,2,00,2,6,11,200800032069A01,7,1,1
200800032082,2008-06-12,2008,juin,jeudi,16:40,27,27681,0,0,2,1,6,1,1,4,2,02,1,1,000,058,1,0,1,4,2,16,5,1,2,00,2,1,19,200800032082B01,7,1,1
200800032084,2008-06-17,2008,juin,mardi,12:40,27,27681,0,0,2,3,6,1,1,2,-1,01,1,1,000,015,1,0,1,4,1,14,5,1,2,00,2,1,19,200800032084A01,7,23,1
200800032128,2008-06-25,2008,juin,mercredi,18:55,29,29019,0,0,2,1,3,1,1,9,2,02,1,1,000,000,1,0,1,4,2,22,0,1,9,00,2,3,0,200800032128B01,7,17,1
200800032172,2008-06-13,2008,juin,vendredi,15:40,30,30189,43.84583,3.45699,2,6,6,1,1,4,2,01,1,1,000,044,1,0,1,4,1,20,1,1,2,00,2,1,9,200800032172A01,14,1,1
200800032185,2008-06-26,2008,juin,jeudi,85:5,30,30189,43.81795,4.34795,2,6,6,1,1,4,1,02,1,1,000,085,1,0,1,4,1,50,0,1,2,00,2,1,0,200800032185A01,7,0,1
200800032208,2008-06-05,2008,juin,jeudi,70:0,31,31555,0,0,2,1,2,1,1,4,2,02,1,1,000,060,1,0,1,4,2,75,5,1,9,00,2,1,0,200800032208B01,10,4,1
200800032210,2008-06-05,2008,juin,jeudi,16:15,31,31555,0,0,2,1,3,1,1,4,2,02,1,1,000,060,1,0,1,4,1,17,2,1,2,00,2,7,19,200800032210A01,7,1,1
200800032241,2008-06-18,2008,juin,mercredi,74:5,31,31555,0,0,2,1,3,1,1,4,2,02,2,1,000,070,1,0,1,4,2,43,1,1,2,00,2,1,0,200800032241B01,7,0,1
200800032246,2008-06-18,2008,juin,mercredi,16:50,31,31555,0,0,2,1,1,1,1,4,2,02,2,1,000,070,-1,0,1,4,2,51,0,1,9,00,2,4,0,200800032246A01,7,0,1
200800032248,2008-06-19,2008,juin,jeudi,17:40,31,31555,0,0,2,1,3,1,1,4,1,02,1,3,000,000,1,0,1,4,2,41,0,1,9,00,2,8,0,200800032248A01,33,0,1
200800032269,2008-06-27,2008,juin,vendredi,16:30,31,31555,0,0,2,1,1,1,1,4,2,04,1,1,000,000,1,0,1,4,1,65,5,1,9,00,2,1,0,200800032269B01,7,0,1
200800032280,2008-06-20,2008,juin,vendredi,95:5,32,32013,0,0,2,6,3,1,2,2,2,02,1,3,000,100,2,0,1,3,1,49,5,1,2,00,2,1,1,200800032280B01,7,16,1
200800032287,2008-06-22,2008,juin,dimanche,13:35,33,33529,0,0,2,1,6,5,2,4,2,02,1,1,000,064,2,0,1,4,1,45,5,1,9,00,2,8,1,200800032287B01,7,1,1
200800032294,2008-06-04,2008,juin,mercredi,95:0,33,33063,0,0,2,1,2,1,1,4,2,02,1,1,000,000,1,0,1,4,2,32,0,1,4,01,2,1,1,200800032294B01,14,1,1
200800032317,2008-06-12,2008,juin,jeudi,93:0,33,33063,0,0,2,1,2,1,1,4,2,02,1,1,000,060,1,0,1,4,2,58,4,1,4,01,2,8,1,200800032317B01,7,17,1
200800032318,2008-06-12,2008,juin,jeudi,81:5,33,33063,0,0,2,3,3,1,1,4,1,01,1,1,000,087,1,0,1,4,2,28,4,1,4,00,2,1,1,200800032318A01,7,16,1
200800032326,2008-06-14,2008,juin,samedi,15:50,33,33063,0,0,2,1,3,1,1,4,3,30,1,1,000,000,1,0,1,4,2,21,0,1,4,00,2,2,19,200800032326B01,7,1,1
200800032336,2008-06-14,2008,juin,samedi,10:00,33,33119,0,0,2,6,2,1,1,4,3,02,1,2,000,092,1,5,1,4,1,24,0,1,4,00,0,4,0,200800032336B01,7,2,1
200800032347,2008-06-20,2008,juin,vendredi,74:0,33,33063,0,0,2,2,3,1,1,4,1,01,1,1,000,031,1,0,1,3,1,33,1,1,4,00,0,7,1,200800032347A01,7,1,1
200800032349,2008-06-20,2008,juin,vendredi,91:5,33,33063,0,0,2,2,3,1,1,4,1,01,1,1,000,050,1,0,1,4,1,20,0,1,4,12,2,1,1,200800032349A01,7,1,1
200800032350,2008-06-21,2008,juin,samedi,90:5,33,33063,0,0,2,1,4,1,1,4,2,02,1,1,000,070,1,0,1,4,1,17,0,0,0,01,0,2,1,200800032350B01,7/ 37,24/21,2
200800032352,2008-06-17,2008,juin,mardi,22:26,33,33318,0,0,2,1,3,2,1,4,2,01,1,1,000,066,1,0,1,4,1,4,0,1,9,00,0,0,19,200800032352B01,7,1,1
200800032354,2008-06-23,2008,juin,lundi,19:30,33,33063,0,0,2,6,3,1,1,4,2,02,1,3,000,080,1,5,1,4,1,65,0,1,4,00,2,1,16,200800032354B01,7,16,1
200800032355,2008-06-24,2008,juin,mardi,16:15,33,33063,0,0,2,1,3,1,8,4,2,02,1,1,000,060,1,0,1,1,2,46,0,1,4,00,0,0,14,200800032355B01,2,0,1
200800032386,2008-06-28,2008,juin,samedi,20:4,33,33522,0,0,2,1,2,5,1,4,3,02,1,1,000,065,1,0,1,4,1,53,1,1,4,00,0,4,1,200800032386B01,2,17,1
200800032425,2008-06-03,2008,juin,mardi,82:4,34,34172,0,0,2,2,3,1,1,9,4,01,1,1,000,050,1,6,1,4,2,37,1,1,9,00,4,6,19,200800032425A01,40,1,1
200800032426,2008-06-03,2008,juin,mardi,13:40,34,34172,0,0,2,3,1,1,1,4,2,02,1,1,000,600,1,0,1,4,1,28,0,1,9,00,2,1,1,200800032426B01,7,15,1
200800032435,2008-06-10,2008,juin,mardi,85:0,34,34172,0,0,2,2,3,1,1,4,2,02,1,1,000,060,1,0,1,4,1,24,2,1,9,00,0,7,19,200800032435A01,7,1,1
200800032438,2008-06-11,2008,juin,mercredi,16:50,34,34172,0,0,2,1,7,1,1,4,1,01,2,1,000,030,1,0,4,4,1,13,5,1,4,08,0,1,1,200800032438A01,,,
200800032439,2008-06-12,2008,juin,jeudi,14:23,34,34172,43.59151,3.87363,2,3,1,1,1,4,2,02,2,1,000,094,1,0,1,3,1,19,5,1,2,00,2,1,9,200800032439A01,7,1,1
200800032443,2008-06-14,2008,juin,samedi,11:05,34,34172,0,0,2,2,3,1,1,4,1,01,2,1,000,030,1,0,1,4,1,34,5,1,9,00,2,1,9,200800032443A01,7,1,1
200800032444,2008-06-14,2008,juin,samedi,15:20,34,34172,43.60071,3.89766,2,1,3,1,1,4,2,05,1,1,017,147,1,0,1,3,1,35,5,1,2,00,0,2,19,200800032444A01,33,1,1
200800032446,2008-06-15,2008,juin,dimanche,11:,34,34198,43.56555,3.94113,2,1,7,5,1,4,2,02,1,-1,000,060,1,0,1,3,2,19,0,1,4,00,0,1,0,200800032446A01,,,
200800032468,2008-06-27,2008,juin,vendredi,15:25,34,34172,43.62578,3.87172,2,1,3,1,1,4,2,02,2,1,000,060,1,0,1,3,2,55,5,1,9,00,2,7,1,200800032468B01,10,15,1
200800032469,2008-06-27,2008,juin,vendredi,15:44,34,34172,0,0,2,6,3,1,1,4,2,02,1,1,000,030,1,5,0,4,2,21,0,1,9,00,2,1,1,200800032469B01,7,9,1
200800032499,2008-06-11,2008,juin,mercredi,17:20,35,35238,0,0,2,2,7,1,1,4,-1,00,1,1,000,000,2,0,1,1,1,42,1,1,2,00,2,1,0,200800032499A01,1,1,1
200800032499,2008-06-11,2008,juin,mercredi,17:20,35,35238,0,0,2,2,7,1,1,4,-1,00,1,1,000,000,2,0,1,4,1,53,5,1,2,00,2,7,1,200800032499B01,1,0,1
200800032503,2008-06-13,2008,juin,vendredi,15:50,35,35238,0,0,2,2,7,1,1,4,-1,00,-1,-1,000,000,-1,0,0,3,1,16,0,1,2,12,0,1,1,200800032503A01,,,
200800032508,2008-06-17,2008,juin,mardi,75:5,35,35238,0,0,2,2,3,1,1,4,2,02,1,1,000,000,1,0,1,4,2,52,1,1,2,00,2,7,1,200800032508B01,7,16,1
200800032516,2008-06-20,2008,juin,vendredi,23:03,35,35238,0,0,2,1,6,5,1,4,-1,00,1,1,000,000,1,0,5,1,1,9,5,1,2,00,1,1,1,200800032516A01,,,
200800032521,2008-06-23,2008,juin,lundi,12:00,35,35238,0,0,2,2,3,1,1,4,1,02,1,1,000,000,1,0,1,4,2,49,0,1,2,00,2,0,1,200800032521A01,7,1,1
200800032526,2008-06-26,2008,juin,jeudi,11:00,35,35238,0,0,2,1,7,1,1,4,3,00,1,1,000,000,1,0,1,3,1,36,0,1,2,01,2,1,2,200800032526A01,,,
200800032550,2008-06-26,2008,juin,jeudi,17:12,36,36044,0,0,2,1,6,1,1,4,2,02,1,1,000,000,1,0,1,3,1,31,5,1,2,00,0,1,1,200800032550B01,7,22,1
200800032554,2008-06-26,2008,juin,jeudi,20:45,37,37261,0,0,2,2,3,1,1,4,2,02,1,1,000,048,1,0,1,3,1,7,5,1,9,00,2,3,1,200800032554B01,34,0,1
200800032557,2008-06-01,2008,juin,dimanche,15:40,38,38185,0,0,2,1,6,1,1,4,2,03,1,1,000,104,1,0,1,4,1,60,0,1,9,00,0,0,19,200800032557B01,7,1,1
200800032562,2008-06-03,2008,juin,mardi,84:5,38,38185,0,0,2,1,1,1,1,4,1,01,1,1,000,060,1,0,1,4,2,54,1,1,9,00,2,1,5,200800032562B01,7,15,1
200800032563,2008-06-05,2008,juin,jeudi,22:40,38,38185,0,0,2,1,3,5,2,4,2,03,1,1,000,120,2,5,1,4,2,20,1,1,9,00,2,1,1,200800032563B01,7,15,1
200800032565,2008-06-06,2008,juin,vendredi,19:30,38,38151,0,0,2,1,3,1,1,4,2,02,1,1,000,070,2,0,1,4,1,32,1,1,9,00,2,1,1,200800032565B01,10,15,1
200800032569,2008-06-11,2008,juin,mercredi,17:05,38,38185,0,0,2,1,3,1,2,4,-1,00,1,1,000,000,2,0,1,4,1,6,0,1,9,00,2,0,19,200800032569B01,10,1,1
200800032575,2008-06-15,2008,juin,dimanche,10:45,38,38185,0,0,2,1,3,1,1,4,2,03,1,1,000,090,1,0,1,4,1,12,0,1,9,00,2,1,19,200800032575B01,7,1,1
200800032579,2008-06-19,2008,juin,jeudi,16:30,38,38185,0,0,2,1,3,1,1,4,2,02,1,1,000,063,1,0,1,4,1,78,0,1,9,00,2,1,1,200800032579B01,7,15,1
200800032598,2008-06-07,2008,juin,samedi,15:50,40,40088,0,0,2,1,5,1,1,4,-1,02,-1,-1,000,000,1,0,4,4,1,15,5,1,9,00,0,8,0,200800032598B01,7,0,1
200800032598,2008-06-07,2008,juin,samedi,15:50,40,40088,0,0,2,1,5,1,1,4,-1,02,-1,-1,000,000,1,0,4,3,1,15,5,1,9,00,0,3,0,200800032598C01,7,0,1
200800032602,2008-06-29,2008,juin,dimanche,13:30,40,40192,0,0,2,1,6,1,1,4,2,01,1,1,000,100,1,0,1,3,1,26,5,1,2,00,2,1,1,200800032602B01,10,22,1
200800032605,2008-06-06,2008,juin,vendredi,18:20,41,41018,0,0,2,2,3,1,1,4,2,02,1,1,000,000,1,0,1,4,1,17,0,1,9,00,2,8,6,200800032605B01,7,1,1
200800032611,2008-06-10,2008,juin,mardi,17:00,41,41018,0,0,2,1,3,1,1,4,2,02,1,1,000,000,1,0,1,4,1,70,5,1,9,00,2,1,1,200800032611A01,7,16,1
200800032632,2008-06-16,2008,juin,lundi,90:0,42,42187,0,0,2,1,6,1,1,4,2,02,1,1,000,071,1,0,1,3,1,41,5,1,9,00,2,8,1,200800032632B01,7,17,1
200800032633,2008-06-21,2008,juin,samedi,15:35,42,42187,0,0,2,1,3,1,1,4,2,03,1,1,000,100,1,0,1,4,1,57,9,1,9,00,2,1,1,200800032633B01,7,16,1
200800032687,2008-06-16,2008,juin,lundi,74:5,44,44109,0,0,2,6,1,1,1,4,2,00,1,2,000,000,1,0,1,3,2,40,5,1,9,00,2,1,10,200800032687B01,7,9,1
200800032690,2008-06-17,2008,juin,mardi,13:40,44,44143,0,0,2,1,6,1,1,4,2,02,1,1,000,660,1,0,5,3,1,33,1,1,9,00,1,7,1,200800032690B01,7,22,1
200800032717,2008-06-10,2008,juin,mardi,81:0,44,44184,0,0,2,1,3,1,1,4,2,02,1,-1,000,040,1,0,1,3,1,85,4,1,9,00,2,8,0,200800032717A01,7,0,1
200800032723,2008-06-16,2008,juin,lundi,18:00,44,44184,0,0,2,6,3,1,1,4,2,02,1,-1,000,078,1,0,0,4,1,48,0,1,9,00,2,0,0,200800032723B01,7,16,1
200800032734,2008-06-09,2008,juin,lundi,20:45,45,45234,0,0,2,3,3,1,1,4,2,02,1,1,000,080,1,0,0,4,1,24,0,1,2,00,2,1,15,200800032734A01,7,1,1
200800032739,2008-06-17,2008,juin,mardi,82:5,45,45234,0,0,2,2,3,1,1,4,1,02,1,1,000,000,1,0,1,4,2,13,5,1,2,00,2,1,1,200800032739B01,7,1,1
200800032746,2008-06-18,2008,juin,mercredi,74:5,46,46042,0,0,2,1,7,1,1,4,2,01,1,1,000,070,1,0,1,3,1,53,1,1,9,00,2,8,1,200800032746B01,38,17,1
200800032756,2008-06-04,2008,juin,mercredi,91:2,49,49007,0,0,2,1,7,1,1,4,2,02,1,1,000,060,1,0,1,4,1,18,2,1,2,00,0,0,1,200800032756A01,,,
200800032759,2008-06-06,2008,juin,vendredi,21:26,49,49007,0,0,2,1,3,1,1,4,-1,01,1,1,000,000,1,0,1,4,1,27,0,1,2,00,2,1,0,200800032759B01,7,0,1
200800032760,2008-06-07,2008,juin,samedi,13:44,49,49007,0,0,2,1,3,1,1,4,-1,01,1,1,000,098,1,0,1,4,2,33,0,1,9,00,2,9,0,200800032760B01,7,0,1
200800032783,2008-06-23,2008,juin,lundi,22:28,49,49007,0,0,2,1,7,5,1,4,-1,02,1,1,000,000,1,0,1,4,1,26,0,1,2,00,0,0,0,200800032783A01,,,
200800032796,2008-06-27,2008,juin,vendredi,13:53,49,49007,0,0,2,1,7,1,1,4,-1,02,1,1,000,000,2,0,1,4,1,54,5,1,2,00,0,1,0,200800032796A01,,,
200800032800,2008-06-30,2008,juin,lundi,17:56,49,49007,0,0,2,1,3,1,1,4,2,02,1,1,000,033,1,0,1,4,1,43,1,1,2,00,2,1,2,200800032800A01,7,20,1
200800032802,2008-06-11,2008,juin,mercredi,92:0,49,49007,0,0,2,1,7,1,1,4,1,01,1,1,000,040,1,0,1,4,2,13,5,1,2,12,0,1,1,200800032802A01,,,
200800032809,2008-06-07,2008,juin,samedi,94:5,49,49328,0,0,2,1,2,1,1,4,2,00,1,1,000,097,1,0,1,3,2,66,0,1,9,00,2,4,1,200800032809B01,7,1,1
200800032824,2008-06-17,2008,juin,mardi,11:10,50,50129,0,0,2,1,6,1,1,4,3,06,1,1,070,065,1,0,1,3,2,46,1,1,2,00,2,8,1,200800032824A01,13,17,1
200800032837,2008-06-20,2008,juin,vendredi,17:45,51,51108,0,0,2,1,3,1,1,4,-1,02,2,1,000,085,1,0,1,3,1,17,5,1,9,00,2,1,19,200800032837B01,7,3,1
200800032842,2008-06-23,2008,juin,lundi,64:5,51,51230,0,0,2,6,3,1,1,4,2,02,1,1,000,000,1,5,1,4,1,28,1,1,9,00,2,1,1,200800032842B01,10,9,1
200800032845,2008-06-10,2008,juin,mardi,13:10,51,51454,0,0,2,1,6,1,1,4,2,02,1,1,000,000,1,0,1,4,1,17,0,1,9,01,2,1,1,200800032845A01,7,0,1
200800032867,2008-06-03,2008,juin,mardi,91:5,54,54329,0,0,2,3,3,1,1,4,2,02,1,-1,000,068,1,0,1,3,2,21,5,1,2,00,2,1,1,200800032867A01,7,15,1
200800032873,2008-06-09,2008,juin,lundi,13:20,54,54257,0,0,2,3,3,1,1,4,2,02,1,1,000,090,1,0,1,4,1,36,1,1,9,00,2,1,1,200800032873B01,7,15,1
200800032874,2008-06-11,2008,juin,mercredi,17:30,54,54482,0,0,1,1,1,1,1,9,2,02,1,4,000,000,1,0,0,3,1,50,5,1,2,00,2,1,1,200800032874B01,2,1,1
200800032885,2008-06-21,2008,juin,samedi,11:45,54,54274,0,0,2,1,6,1,1,4,2,02,1,1,000,000,1,0,1,4,1,61,5,1,2,00,2,1,1,200800032885B01,7,24,1
200800032886,2008-06-23,2008,juin,lundi,92:0,54,54526,0,0,2,1,3,1,1,4,2,02,1,1,000,080,1,0,4,4,1,53,5,1,2,00,2,1,1,200800032886A01,7,1,1
200800032887,2008-06-24,2008,juin,mardi,19:15,54,54300,0,0,1,1,2,1,1,4,2,02,1,1,000,000,1,0,3,4,1,40,5,1,2,00,2,1,1,200800032887A01,3,23,1
200800032889,2008-06-24,2008,juin,mardi,18:12,54,54395,0,0,2,3,2,1,1,4,2,02,1,1,000,051,1,0,1,4,1,30,5,1,9,00,2,1,1,200800032889A01,7,23,1
200800032893,2008-06-19,2008,juin,jeudi,10:10,54,54431,0,0,2,3,3,1,1,6,2,00,1,1,000,000,1,0,1,3,1,70,5,1,2,00,2,1,1,200800032893B01,30,15,1
200800032905,2008-06-04,2008,juin,mercredi,21:35,55,55545,0,0,2,1,7,2,1,3,2,02,2,1,000,078,1,0,4,4,1,13,5,1,9,12,0,0,15,200800032905A01,,,
200800032907,2008-06-01,2008,juin,dimanche,15:53,56,56162,0,0,2,1,3,1,1,9,2,02,1,1,000,000,1,0,1,4,1,16,5,1,9,00,2,1,15,200800032907B01,7,1,1
200800032923,2008-06-18,2008,juin,mercredi,15:52,56,56083,0,0,2,1,2,1,1,9,2,02,1,1,000,000,1,0,1,4,1,14,5,1,2,00,2,1,1,200800032923A01,7,23,1
200800032927,2008-06-21,2008,juin,samedi,18:03,56,56121,0,0,2,6,3,1,1,9,2,02,1,1,000,000,1,0,0,4,2,46,5,1,9,00,2,0,1,200800032927B01,7,16,1
200800032930,2008-06-24,2008,juin,mardi,10:50,56,56162,0,0,2,1,7,1,1,9,2,02,1,1,000,000,1,0,5,4,2,65,5,1,9,15,0,0,1,200800032930A01,,,
200800032931,2008-06-25,2008,juin,mercredi,17:45,56,56121,0,0,2,1,3,1,1,9,2,02,1,1,000,000,1,0,1,4,1,65,5,1,9,00,0,3,19,200800032931B01,7,1,1
200800032946,2008-06-30,2008,juin,lundi,13:35,56,56260,0,0,2,1,7,1,1,4,2,02,1,3,000,086,1,0,4,4,1,38,1,1,9,12,0,0,1,200800032946A01,,,
200800032968,2008-06-25,2008,juin,mercredi,17:25,57,57463,0,0,2,1,3,1,1,4,2,04,1,1,034,181,1,0,5,4,1,21,1,1,2,00,2,7,19,200800032968B01,7,1,1
200800032970,2008-06-26,2008,juin,jeudi,18:10,57,57480,0,0,2,3,3,1,1,4,-1,02,1,1,000,037,1,5,1,4,1,5,5,1,9,00,2,0,9,200800032970B01,99,1,1
200800032984,2008-06-10,2008,juin,mardi,84:0,57,57666,0,0,2,1,3,1,1,3,2,02,1,1,000,101,1,0,1,4,1,21,4,1,9,00,2,8,15,200800032984A01,7,17,1
200800032994,2008-06-23,2008,juin,lundi,18:40,57,57672,0,0,2,1,3,1,1,4,2,02,1,1,000,060,1,0,1,4,1,13,5,1,9,00,2,8,19,200800032994A01,7,1,1
200800032995,2008-06-21,2008,juin,samedi,11:10,57,57757,0,0,2,1,3,1,1,3,2,02,1,1,000,110,1,0,1,4,1,56,0,1,4,00,2,1,1,200800032995A01,7,1,1
200800033007,2008-06-24,2008,juin,mardi,15:20,58,58194,0,0,2,1,6,1,1,4,1,01,1,1,000,077,1,0,1,1,1,20,0,1,9,00,1,1,1,200800033007A01,,,
200800033008,2008-06-08,2008,juin,dimanche,14:20,59,59024,0,0,2,3,1,1,1,4,1,01,1,1,000,036,1,0,1,4,2,7,5,1,9,00,2,2,1,200800033008A01,7,1,1
200800033046,2008-06-05,2008,juin,jeudi,10:45,59,59009,0,0,2,3,3,1,1,4,2,02,1,1,000,105,1,0,1,4,1,15,2,1,2,00,2,1,1,200800033046B01,7,23,1
200800033052,2008-06-05,2008,juin,jeudi,19:00,59,59507,0,0,2,1,6,1,2,3,2,02,1,1,000,084,2,0,1,4,2,61,1,1,2,01,0,1,1,200800033052A01,,,
200800033057,2008-06-09,2008,juin,lundi,17:10,59,59009,0,0,2,1,6,1,1,4,2,02,1,1,000,049,1,0,1,1,1,11,0,1,4,00,1,1,2,200800033057A01,,,
200800033061,2008-06-10,2008,juin,mardi,14:10,59,59009,0,0,2,1,3,1,1,3,2,03,1,1,000,106,1,0,4,4,1,57,9,1,4,00,2,1,1,200800033061A01,7,4,1
200800033063,2008-06-11,2008,juin,mercredi,80:0,59,59378,0,0,2,1,3,1,1,4,3,05,1,1,031,092,1,0,1,4,1,15,2,1,2,00,2,1,19,200800033063A01,7,1,1
200800033067,2008-06-11,2008,juin,mercredi,18:45,59,59009,0,0,2,1,3,1,1,4,1,01,1,1,000,030,1,0,1,4,1,5,5,1,2,00,2,1,1,200800033067B01,7,1,1
200800033073,2008-06-05,2008,juin,jeudi,83:0,59,59350,0,0,2,1,6,1,1,3,2,02,1,1,000,000,1,0,1,4,1,45,0,1,2,00,2,1,2,200800033073B01,10,23,1
200800033089,2008-06-21,2008,juin,samedi,18:40,59,59527,0,0,2,4,3,1,1,4,2,02,1,1,000,060,1,0,1,4,2,15,5,0,0,00,2,1,17,200800033089A01,7,1,1
200800033099,2008-06-25,2008,juin,mercredi,19:30,59,59368,0,0,2,1,6,1,1,4,2,00,1,1,000,075,1,0,5,4,2,60,5,1,9,00,2,1,1,200800033099B01,7,15,1
200800033108,2008-06-28,2008,juin,samedi,20:35,59,59350,0,0,2,3,3,1,1,4,2,02,1,1,000,000,1,0,1,3,1,27,0,1,4,00,2,7,1,200800033108B01,7,1,1
200800033110,2008-06-29,2008,juin,dimanche,17:30,59,59350,0,0,1,1,6,1,1,6,-1,02,1,-1,000,000,1,0,0,4,2,9,9,1,9,01,0,1,0,200800033110B01,2,1,1
200800033127,2008-06-05,2008,juin,jeudi,10:10,59,59512,0,0,2,3,3,1,1,4,2,02,1,1,000,000,1,0,1,3,1,79,9,1,9,00,2,0,1,200800033127B01,7,15,1
200800033145,2008-06-27,2008,juin,vendredi,16:00,59,59163,0,0,1,2,3,1,1,4,2,02,1,1,000,000,1,0,1,3,1,14,9,1,9,14,2,1,1,200800033145A01,7,1,1