Num_Acc,date,an,mois,jour,hrmn,dep,com,lat,long,agg,int,col,lum,atm,catr,circ,nbv,prof,plan,lartpc,larrout,surf,infra,situ,grav,sexe,age,trajet,secuexist,equipement,obs,obsm,choc,manv,vehiculeid,typevehicules,manoeuvehicules,numVehicules
200800033150,2008-06-23,2008,juin,lundi,17:45,59,59646,0,0,1,1,1,1,1,4,3,02,1,1,000,000,1,0,5,3,1,17,9,1,9,00,2,0,13,200800033150A01,2,1,1
200800033160,2008-06-22,2008,juin,dimanche,15:30,59,59456,0,0,2,1,1,1,1,9,-1,01,1,2,040,040,1,0,0,3,2,39,5,1,9,00,9,1,14,200800033160A01,99,13,1
200800033178,2008-06-20,2008,juin,vendredi,13:10,59,59447,0,0,1,1,2,1,1,3,2,02,1,1,000,068,1,0,1,3,1,18,0,1,9,00,2,4,1,200800033178B01,7,17,1
200800033181,2008-06-19,2008,juin,jeudi,13:50,59,59032,0,0,2,1,6,1,1,4,2,02,1,1,000,060,1,0,1,3,2,16,0,1,9,00,2,0,19,200800033181B01,7,1,1
200800033182,2008-06-18,2008,juin,mercredi,14:20,59,59606,0,0,2,1,6,1,1,4,2,02,1,1,000,056,1,0,1,3,2,15,0,1,9,00,2,4,0,200800033182B01,7,0,1
200800033195,2008-06-03,2008,juin,mardi,91:0,61,61006,0,0,2,3,3,1,3,3,1,02,-1,-1,000,000,-1,0,1,4,1,82,5,1,2,00,2,7,0,200800033195B01,7,0,1
200800033198,2008-06-04,2008,juin,mercredi,13:00,61,61391,0,0,2,1,3,1,1,4,2,02,2,1,000,060,1,0,1,3,1,14,5,1,9,00,2,3,9,200800033198A01,10,1,1
200800033207,2008-06-09,2008,juin,lundi,13:15,62,62570,0,0,1,1,6,1,1,3,2,03,1,1,000,110,1,0,1,3,1,37,3,1,9,00,0,4,2,200800033207B01,7,2,1
200800033213,2008-06-17,2008,juin,mardi,11:45,62,62108,0,0,2,6,3,1,1,4,1,02,1,-1,100,048,1,5,1,3,1,58,5,0,0,00,2,3,2,200800033213B01,7,2,1
200800033224,2008-06-04,2008,juin,mercredi,12:00,62,62193,0,0,2,9,2,1,1,4,1,01,1,1,000,060,1,0,1,4,1,14,2,1,2,00,2,4,17,200800033224B01,7,1,1
200800033226,2008-06-11,2008,juin,mercredi,84:5,62,62193,0,0,2,1,6,1,1,4,2,02,1,1,000,100,1,0,1,4,1,18,1,1,2,00,0,4,23,200800033226B01,7,0,1
200800033229,2008-06-23,2008,juin,lundi,73:0,62,62193,0,0,2,1,6,1,1,4,2,02,1,1,000,100,1,0,1,4,1,22,1,1,9,00,0,0,15,200800033229B01,7,0,1
200800033238,2008-06-16,2008,juin,lundi,12:15,62,62427,0,0,2,1,6,1,1,4,2,02,1,1,000,068,1,0,1,4,1,33,1,1,4,01,0,1,1,200800033238B01,7,24,1
200800033240,2008-06-02,2008,juin,lundi,12:20,62,62498,0,0,2,1,6,1,1,4,2,02,1,1,000,048,1,0,1,3,1,8,5,1,9,00,2,0,19,200800033240A01,7,1,1
200800033257,2008-06-24,2008,juin,mardi,15:35,62,62737,0,0,2,1,6,1,1,3,2,01,2,1,026,038,1,0,1,3,2,48,3,1,9,00,2,0,2,200800033257B01,13,0,1
200800033262,2008-06-03,2008,juin,mardi,10:00,63,63113,0,0,2,2,3,1,1,4,1,03,1,1,000,090,1,5,1,4,1,55,1,1,2,00,2,1,1,200800033262A01,7,1,1
200800033300,2008-06-27,2008,juin,vendredi,50:0,63,63113,0,0,2,1,6,1,1,4,-1,00,-1,-1,000,000,-1,0,0,4,1,38,0,1,9,00,0,0,0,200800033300A01,,,
200800033344,2008-06-09,2008,juin,lundi,40:,64,64445,0,0,2,2,6,5,2,4,2,03,1,1,000,105,2,0,1,3,1,41,5,1,4,01,2,1,10,200800033344A01,7,1,1
200800033358,2008-06-23,2008,juin,lundi,82:0,64,64445,0,0,2,6,3,1,1,4,1,02,1,2,000,085,1,0,1,4,1,36,0,1,2,00,2,8,1,200800033358B01,10,1,1
200800033364,2008-06-21,2008,juin,samedi,33:0,64,64445,0,0,2,6,2,5,1,4,1,03,1,2,000,000,1,0,1,3,1,21,5,1,9,00,2,4,1,200800033364B01,7,0,1
200800033412,2008-06-03,2008,juin,mardi,19:24,67,67482,0,0,2,2,3,1,1,4,2,02,1,1,000,130,1,0,1,4,1,54,0,1,9,00,2,1,1,200800033412B01,7,15,1
200800033420,2008-06-08,2008,juin,dimanche,14:55,67,67482,0,0,2,1,3,1,1,4,2,02,1,1,000,120,1,0,1,3,1,17,5,1,2,00,2,7,19,200800033420B01,7,1,1
200800033423,2008-06-09,2008,juin,lundi,20:45,67,67482,0,0,2,1,1,1,1,4,2,02,1,3,000,040,1,0,1,3,1,12,5,1,2,00,2,1,1,200800033423B01,7,1,1
200800033424,2008-06-10,2008,juin,mardi,14:24,67,67482,0,0,2,1,3,1,1,4,2,03,1,1,000,100,1,0,1,4,1,34,5,1,9,00,2,8,1,200800033424B01,7,12,1
200800033426,2008-06-11,2008,juin,mercredi,12:40,67,67482,0,0,2,2,6,1,1,4,2,04,1,1,050,130,1,0,0,4,2,41,5,1,9,00,2,0,1,200800033426A01,7,15,1
200800033428,2008-06-11,2008,juin,mercredi,20:45,67,67482,0,0,2,2,3,1,1,4,2,02,1,1,000,025,1,0,1,1,1,26,4,1,2,00,2,1,1,200800033428B01,1,1,1
200800033428,2008-06-11,2008,juin,mercredi,20:45,67,67482,0,0,2,2,3,1,1,4,2,02,1,1,000,025,1,0,1,4,1,22,5,1,9,00,2,1,1,200800033428A01,1,1,1
200800033434,2008-06-13,2008,juin,vendredi,18:00,67,67482,0,0,2,1,1,1,1,4,1,02,2,1,000,120,1,2,4,3,1,23,0,1,2,00,2,1,1,200800033434B01,30,1,1
200800033437,2008-06-18,2008,juin,mercredi,17:00,67,67218,0,0,2,3,3,1,1,4,2,02,1,1,000,070,1,0,5,4,2,53,1,1,9,00,2,8,1,200800033437B01,7,16,1
200800033439,2008-06-18,2008,juin,mercredi,19:20,67,67482,0,0,2,3,3,1,1,4,1,01,1,1,000,036,1,0,1,4,1,8,5,1,9,00,2,8,19,200800033439B01,7,1,1
200800033440,2008-06-19,2008,juin,jeudi,20:15,67,67482,0,0,2,1,2,1,1,4,2,04,1,1,000,155,1,0,1,4,2,47,0,1,2,00,2,4,1,200800033440B01,7,1,1
200800033443,2008-06-20,2008,juin,vendredi,18:40,67,67482,0,0,2,2,3,1,1,4,1,01,1,1,000,000,1,0,1,4,2,38,1,1,9,00,2,0,16,200800033443A01,2,1,1
200800033444,2008-06-20,2008,juin,vendredi,20:25,67,67482,0,0,2,1,6,1,1,4,1,01,-1,1,000,070,1,0,1,4,1,6,0,1,9,00,2,1,19,200800033444B01,7,1,1
200800033444,2008-06-20,2008,juin,vendredi,20:25,67,67482,0,0,2,1,6,1,1,4,1,01,-1,1,000,070,1,0,1,4,1,5,0,1,9,00,2,1,19,200800033444B01,7,1,1
200800033446,2008-06-23,2008,juin,lundi,15:00,67,67482,0,0,2,2,3,1,1,4,3,04,1,1,000,180,1,0,1,4,2,52,5,1,9,00,2,1,1,200800033446B01,7,1,1
200800033451,2008-06-26,2008,juin,jeudi,14:10,67,67218,0,0,2,2,3,1,1,4,2,02,1,1,000,080,1,0,1,4,1,13,5,1,9,00,2,1,1,200800033451A01,7,1,1
200800033452,2008-06-26,2008,juin,jeudi,17:15,67,67482,0,0,2,1,6,1,1,4,2,03,1,1,000,075,1,4,5,4,2,30,5,1,9,00,1,1,1,200800033452A01,,,
200800033455,2008-06-27,2008,juin,vendredi,17:30,67,67482,0,0,2,1,2,1,1,4,2,03,1,1,000,070,1,0,1,4,1,29,0,1,9,00,2,1,1,200800033455A01,7,1,1
200800033457,2008-06-27,2008,juin,vendredi,18:35,67,67482,0,0,2,1,1,1,1,9,2,00,1,3,000,000,1,0,5,3,1,24,1,1,9,00,2,1,1,200800033457B01,30,1,1
200800033462,2008-06-02,2008,juin,lundi,74:2,68,68066,0,0,2,1,3,1,1,4,2,02,1,1,000,068,1,0,1,4,1,11,2,1,2,00,2,1,1,200800033462B01,7,1,1
200800033464,2008-06-17,2008,juin,mardi,18:14,68,68066,0,0,1,1,3,1,2,4,2,02,1,1,000,090,2,0,1,3,1,11,5,1,2,00,2,8,19,200800033464B01,7,1,1
200800033466,2008-06-18,2008,juin,mercredi,15:37,68,68066,0,0,2,2,3,1,1,3,2,03,1,3,000,120,1,0,1,3,2,30,5,1,2,00,2,3,16,200800033466B01,7,16,1
200800033467,2008-06-18,2008,juin,mercredi,12:45,68,68066,0,0,2,6,3,1,1,3,3,02,1,1,000,100,1,0,0,4,1,63,5,1,2,00,2,1,1,200800033467B01,7,16,1
200800033468,2008-06-20,2008,juin,vendredi,17:35,68,68066,0,0,2,1,6,1,1,4,1,01,1,1,000,100,1,0,1,1,2,6,5,1,2,00,1,1,15,200800033468A01,,,
200800033469,2008-06-25,2008,juin,mercredi,70:5,68,68066,0,0,2,2,3,1,1,3,2,04,1,1,000,120,1,0,0,3,1,24,1,1,9,00,2,1,5,200800033469B01,7,1,1
200800033470,2008-06-25,2008,juin,mercredi,12:15,68,68066,0,0,2,2,3,1,1,4,2,02,1,1,000,108,1,0,0,4,1,49,5,1,2,00,2,1,1,200800033470B01,7,1,1
200800033472,2008-06-17,2008,juin,mardi,16:20,68,68112,0,0,2,1,6,1,1,4,-1,01,1,1,000,067,1,0,1,4,1,49,5,1,9,00,1,0,1,200800033472A01,,,
200800033480,2008-06-19,2008,juin,jeudi,20:15,68,68224,0,0,2,2,3,1,1,4,2,04,1,1,000,110,1,5,1,3,1,21,0,1,9,00,2,3,1,200800033480B01,7,10,1
200800033498,2008-06-03,2008,juin,mardi,22:30,69,69091,0,0,2,1,3,5,1,4,3,02,4,1,010,110,1,0,1,3,1,70,5,1,4,00,2,1,1,200800033498B01,7,15,1
200800033502,2008-06-25,2008,juin,mercredi,10:50,69,69152,0,0,2,1,2,1,1,4,2,02,1,1,000,070,1,0,1,3,1,61,5,1,2,00,2,4,0,200800033502B01,7,0,1
200800033533,2008-06-25,2008,juin,mercredi,81:5,69,69266,0,0,2,2,3,1,1,4,2,02,1,1,000,075,1,0,1,4,2,44,1,1,2,00,2,1,1,200800033533B01,7,1,1
200800033540,2008-06-27,2008,juin,vendredi,18:40,71,71475,0,0,2,1,3,1,1,4,2,01,1,1,000,070,1,0,1,4,1,8,5,1,9,09,0,1,19,200800033540B01,7,1,1
200800033542,2008-06-12,2008,juin,jeudi,14:45,71,71153,0,0,2,2,3,1,1,3,2,02,1,2,025,060,2,0,1,4,1,18,5,1,9,00,2,1,1,200800033542A01,7,15,1
200800033572,2008-06-13,2008,juin,vendredi,11:00,72,72181,0,0,2,1,7,1,1,4,-1,02,1,1,000,000,1,0,1,4,1,58,5,1,9,00,0,0,0,200800033572A01,,,
200800033584,2008-06-26,2008,juin,jeudi,32:,73,73011,0,0,2,1,6,3,1,4,2,02,2,3,000,054,1,0,1,3,1,21,5,1,4,06,0,1,1,200800033584A01,,,
200800033584,2008-06-26,2008,juin,jeudi,32:,73,73011,0,0,2,1,6,3,1,4,2,02,2,3,000,054,1,0,1,3,1,21,0,1,9,06,0,1,1,200800033584A01,,,
200800033592,2008-06-22,2008,juin,dimanche,11:15,74,74010,0,0,2,1,6,1,1,4,2,02,-1,-1,000,000,1,0,5,1,1,50,0,1,2,00,2,1,13,200800033592A01,1,1,1
200800033592,2008-06-22,2008,juin,dimanche,11:15,74,74010,0,0,2,1,6,1,1,4,2,02,-1,-1,000,000,1,0,5,4,2,57,5,1,2,00,0,1,1,200800033592B01,1,13,1
200800033597,2008-06-22,2008,juin,dimanche,17:30,74,74281,0,0,2,5,6,1,9,4,2,02,1,3,000,000,1,0,1,4,2,25,0,1,9,00,2,8,1,200800033597B01,7,12,1
200800033608,2008-06-26,2008,juin,jeudi,15:55,76,76217,0,0,2,1,3,1,1,4,2,01,1,1,000,069,1,0,1,3,1,32,5,1,2,00,2,4,19,200800033608A01,7,1,1
200800033627,2008-06-14,2008,juin,samedi,11:45,76,76351,0,0,2,4,3,1,1,4,2,02,1,1,000,080,1,0,0,4,1,33,5,1,2,00,2,1,16,200800033627A01,7,15,1
200800033634,2008-06-03,2008,juin,mardi,13:20,77,77108,0,0,2,1,1,1,1,4,2,02,1,1,000,056,1,0,1,3,1,25,1,0,0,00,2,7,19,200800033634A01,7,0,1
200800033635,2008-06-14,2008,juin,samedi,94:5,77,77108,0,0,2,1,2,1,1,3,2,04,1,1,080,120,1,0,1,3,1,79,5,1,2,00,2,4,1,200800033635B01,7,1,1
200800033648,2008-06-24,2008,juin,mardi,71:5,77,77186,0,0,1,1,2,1,1,3,2,01,2,1,000,075,2,0,1,3,1,74,5,1,2,00,2,4,2,200800033648B01,7,2,1
200800033665,2008-06-17,2008,juin,mardi,16:10,77,77294,0,0,2,1,6,1,1,4,3,02,1,1,000,040,1,0,1,4,1,69,5,1,9,01,0,1,0,200800033665B01,7,24,1
200800033679,2008-06-03,2008,juin,mardi,16:00,77,77373,0,0,2,1,2,1,1,4,2,02,1,3,000,000,1,0,1,3,1,34,0,1,9,00,2,1,9,200800033679A01,15,1,1
200800033688,2008-06-19,2008,juin,jeudi,17:30,78,78015,0,0,2,1,3,1,1,4,2,02,2,2,000,070,2,0,1,3,1,17,5,1,9,00,2,3,13,200800033688A01,7,1,1
200800033694,2008-06-30,2008,juin,lundi,18:45,78,78297,0,0,2,1,6,1,1,4,2,00,1,1,000,000,1,0,1,4,1,53,1,1,2,01,0,0,1,200800033694B01,7,24,1
200800033695,2008-06-23,2008,juin,lundi,20:20,78,78297,0,0,2,3,2,1,2,4,2,02,1,2,000,000,1,0,0,4,2,54,1,1,2,00,0,6,15,200800033695B01,10,4,1
200800033697,2008-06-28,2008,juin,samedi,13:20,78,78358,0,0,2,5,3,1,1,4,2,02,-1,-1,000,080,-1,0,1,4,1,17,5,1,9,00,0,0,2,200800033697B01,7,1,1
200800033700,2008-06-06,2008,juin,vendredi,75:5,78,78362,0,0,2,1,1,1,1,4,2,02,1,3,000,000,1,2,5,4,1,12,2,1,9,00,2,1,1,200800033700B01,2,1,1
200800033712,2008-06-08,2008,juin,dimanche,11:45,78,78401,0,0,1,1,6,1,1,3,2,03,2,3,000,000,1,0,1,4,1,45,5,1,2,00,2,4,1,200800033712C01,33/ 7,17/1,2
200800033757,2008-06-13,2008,juin,vendredi,17:30,78,78586,0,0,2,3,2,1,1,3,2,02,1,1,000,080,1,0,1,4,1,17,0,1,2,00,2,1,1,200800033757A01,7,23,1
200800033800,2008-06-12,2008,juin,jeudi,16:05,80,80021,0,0,2,1,3,1,2,4,2,04,1,1,000,000,2,0,0,4,1,15,0,1,9,00,2,7,0,200800033800B01,7,1,1
200800033808,2008-06-13,2008,juin,vendredi,18:30,80,80021,0,0,2,1,3,1,1,4,2,02,1,1,050,160,1,0,1,4,1,12,5,1,9,00,2,2,19,200800033808A01,7,15,1
200800033815,2008-06-26,2008,juin,jeudi,15:20,80,80021,0,0,2,1,2,1,1,4,2,02,1,1,000,080,1,0,1,4,1,12,5,1,9,00,2,1,1,200800033815A01,7,1,1
200800033817,2008-06-24,2008,juin,mardi,17:20,80,80021,0,0,2,1,2,1,1,4,2,02,1,1,000,056,1,0,1,4,1,61,5,1,9,00,2,1,1,200800033817A01,7,1,1
200800033824,2008-06-23,2008,juin,lundi,12:30,81,81004,0,0,2,1,3,1,1,4,2,03,1,1,000,100,1,0,5,3,1,55,1,1,9,00,2,2,18,200800033824B01,10,22,1
200800033850,2008-06-12,2008,juin,jeudi,17:20,83,83126,0,0,2,1,2,1,1,3,1,02,1,2,000,080,1,5,1,4,2,47,1,1,2,00,2,4,1,200800033850B01,7,2,1
200800033870,2008-06-14,2008,juin,samedi,74:0,83,83137,0,0,2,1,2,1,1,4,2,00,2,-1,000,000,1,0,1,4,1,66,5,1,2,00,2,4,1,200800033870B01,7,0,1
200800033897,2008-06-11,2008,juin,mercredi,14:10,84,84007,0,0,2,1,6,1,1,2,2,04,1,1,000,120,1,0,5,3,1,15,9,1,9,00,2,1,1,200800033897B01,17,1,1
200800033921,2008-06-20,2008,juin,vendredi,20:14,85,85191,0,0,2,1,6,1,1,4,2,01,1,1,000,071,1,0,1,4,1,8,9,1,2,00,2,8,19,200800033921B01,7,1,1
200800033925,2008-06-11,2008,juin,mercredi,20:05,85,85194,0,0,2,2,3,1,1,3,4,02,1,1,000,088,1,0,1,3,2,47,1,1,9,00,2,8,15,200800033925A01,7,19,1
200800033926,2008-06-27,2008,juin,vendredi,90:0,85,85194,0,0,2,6,2,1,1,4,2,02,-1,-1,000,000,1,0,0,4,1,66,5,1,2,00,2,2,2,200800033926B01,7,9,1
200800033944,2008-06-04,2008,juin,mercredi,15:11,87,87085,0,0,2,2,3,1,1,4,2,02,-1,1,000,060,1,0,1,4,1,15,2,1,2,00,2,1,9,200800033944A01,7,1,1
200800033958,2008-06-11,2008,juin,mercredi,15:46,87,87085,0,0,2,1,7,1,1,4,2,02,-1,1,000,060,1,0,1,4,1,16,5,1,2,00,0,0,1,200800033958A01,,,
200800033964,2008-06-15,2008,juin,dimanche,90:7,87,87085,0,0,2,1,3,1,1,4,2,02,1,1,000,060,-1,0,1,3,1,55,5,1,2,00,2,0,2,200800033964B01,30,2,1
200800033967,2008-06-16,2008,juin,lundi,85:3,87,87065,0,0,2,1,3,1,1,4,2,02,-1,1,000,060,1,0,1,4,1,17,2,1,2,00,2,7,1,200800033967A01,7,9,1
200800033969,2008-06-17,2008,juin,mardi,15:02,87,87085,0,0,2,1,7,1,1,4,2,02,-1,1,000,080,1,0,1,4,1,19,5,1,2,00,0,0,0,200800033969A01,,,
200800033987,2008-06-28,2008,juin,samedi,15:23,87,87113,0,0,2,1,6,1,1,4,2,02,-1,1,000,060,1,0,1,4,1,16,5,1,2,00,0,0,1,200800033987A01,,,
200800034004,2008-06-18,2008,juin,mercredi,84:0,89,89387,0,0,2,3,6,1,1,4,2,02,1,1,000,070,1,0,1,3,1,48,5,1,9,00,2,4,0,200800034004B01,,,
200800034005,2008-06-27,2008,juin,vendredi,12:25,89,89387,0,0,2,1,3,1,1,6,1,00,1,-1,000,051,1,0,0,4,2,14,0,1,9,00,2,0,0,200800034005A01,7,1,1
200800034006,2008-06-01,2008,juin,dimanche,18:05,90,90010,0,0,2,1,2,1,1,4,2,02,1,1,000,070,1,0,1,4,1,17,9,1,9,00,2,1,2,200800034006A01,7,1,1
200800034030,2008-06-25,2008,juin,mercredi,84:0,91,91514,0,0,2,1,3,1,1,3,2,02,1,1,000,060,1,0,1,4,1,62,5,1,9,00,9,8,19,200800034030B01,33,1,1
200800034053,2008-06-23,2008,juin,lundi,21:00,91,91433,0,0,2,1,7,1,1,4,2,02,1,1,000,050,1,0,1,4,1,52,0,0,0,00,0,0,1,200800034053A01,,,
200800034057,2008-06-07,2008,juin,samedi,13:30,91,91228,0,0,2,6,3,1,1,4,3,02,1,1,000,000,1,0,1,4,1,34,0,1,9,00,2,2,15,200800034057B01,7,9,1
200800034068,2008-06-09,2008,juin,lundi,13:15,91,91191,0,0,2,1,3,1,1,3,2,02,-1,-1,000,020,1,0,5,4,1,62,0,1,2,00,2,1,0,200800034068B01,7,0,1
200800034071,2008-06-04,2008,juin,mercredi,18:50,91,91691,0,0,2,1,3,1,1,4,-1,00,-1,-1,000,000,1,0,1,4,1,11,0,1,9,00,2,2,0,200800034071B01,7,1,1
200800034075,2008-06-07,2008,juin,samedi,12:00,91,91645,0,0,2,1,1,1,1,4,2,02,2,1,000,000,1,0,1,3,1,37,5,1,2,00,2,1,13,200800034075A01,7,1,1
200800034083,2008-06-26,2008,juin,jeudi,72:0,91,91692,0,0,1,4,3,2,1,3,2,04,1,1,000,140,1,0,1,4,1,53,1,1,2,00,2,8,1,200800034083B01,7,15,1
200800034102,2008-06-06,2008,juin,vendredi,16:15,92,92007,0,0,2,3,3,1,1,3,2,01,1,4,000,050,1,0,0,4,1,17,2,1,2,00,2,7,1,200800034102B01,7,1,1
200800034103,2008-06-19,2008,juin,jeudi,14:00,92,92007,0,0,2,4,3,1,1,2,3,06,1,1,020,100,1,0,1,4,2,27,1,1,2,00,0,0,2,200800034103B01,20,2,1
200800034108,2008-06-05,2008,juin,jeudi,18:30,92,92012,0,0,2,1,3,1,1,2,-1,00,1,3,000,000,1,5,1,3,1,53,0,1,9,00,0,8,0,200800034108B01,13,0,1
200800034113,2008-06-17,2008,juin,mardi,83:0,92,92012,0,0,2,2,1,1,1,3,2,01,2,2,000,080,1,3,1,4,2,40,1,0,0,00,2,1,5,200800034113A01,7,1,1
200800034120,2008-06-20,2008,juin,vendredi,81:0,92,92012,0,0,2,6,3,1,1,3,3,02,1,-1,000,000,1,0,1,4,1,14,2,1,2,00,2,8,19,200800034120B01,7,16,1
200800034130,2008-06-06,2008,juin,vendredi,18:30,92,92023,0,0,2,3,3,1,1,3,2,02,1,1,000,000,1,0,1,4,1,30,1,1,9,00,2,1,1,200800034130B01,7,16,1
200800034132,2008-06-02,2008,juin,lundi,16:40,92,92023,0,0,2,2,2,1,2,3,1,02,1,1,000,000,2,0,1,4,1,48,0,1,9,00,2,4,0,200800034132B01,7,0,1
200800034142,2008-06-17,2008,juin,mardi,14:15,92,92024,0,0,2,2,3,1,1,2,1,03,1,1,000,000,1,0,1,4,1,18,4,1,2,00,2,8,1,200800034142B01,33,1,1
200800034143,2008-06-26,2008,juin,jeudi,18:10,92,92024,0,0,2,5,3,1,2,4,2,02,1,3,000,000,1,0,1,4,2,9,5,1,2,00,2,8,0,200800034143B01,7,1,1
200800034144,2008-06-01,2008,juin,dimanche,16:25,92,92025,0,0,2,1,3,1,1,4,2,02,1,1,000,070,1,0,1,4,1,33,9,1,9,00,2,3,2,200800034144B01,7,2,1
200800034145,2008-06-06,2008,juin,vendredi,14:05,92,92025,0,0,2,1,3,1,1,3,2,03,1,1,000,140,1,0,1,4,1,52,0,1,9,01,0,0,7,200800034145B01,10,7,1
200800034150,2008-06-24,2008,juin,mardi,20:55,92,92025,0,0,2,1,3,2,1,2,2,08,1,1,000,280,1,0,1,4,1,34,0,1,9,00,2,0,15,200800034150A01,7,2,1
200800034164,2008-06-27,2008,juin,vendredi,94:0,92,92026,0,0,2,2,2,1,1,9,2,02,1,1,000,034,1,0,1,4,2,33,1,1,2,00,2,8,1,200800034164B01,7,4,1
200800034168,2008-06-26,2008,juin,jeudi,16:05,92,92035,0,0,2,5,3,1,1,3,4,06,1,1,000,000,1,5,1,4,2,54,0,1,2,00,2,2,1,200800034168B01,7,15,1
200800034169,2008-06-06,2008,juin,vendredi,91:0,92,92036,0,0,2,9,3,1,1,4,2,05,1,1,000,200,1,0,1,4,1,16,2,1,9,00,2,1,19,200800034169A01,7,1,1
200800034199,2008-06-11,2008,juin,mercredi,10:15,92,92020,0,0,2,1,3,1,1,4,2,00,1,-1,000,000,1,0,4,4,1,58,5,1,9,00,2,8,1,200800034199A01,7,0,1
200800034247,2008-06-10,2008,juin,mardi,85:0,92,92022,0,0,2,1,2,1,1,3,2,02,1,2,000,112,1,0,1,3,2,48,5,1,2,00,2,4,1,200800034247B01,10,1,1
200800034258,2008-06-03,2008,juin,mardi,10:45,92,92075,0,0,2,1,6,1,1,3,2,02,1,1,000,000,1,0,1,4,1,45,1,1,9,00,2,7,1,200800034258A01,7,13,1
200800034259,2008-06-04,2008,juin,mercredi,10:45,92,92075,0,0,2,1,7,1,1,3,2,02,1,1,000,060,1,0,1,1,1,9,5,1,2,00,2,0,19,200800034259A01,33,1,1
200800034288,2008-06-25,2008,juin,mercredi,11:30,93,93001,0,0,2,4,3,1,1,3,1,00,1,-1,000,000,1,0,1,3,1,18,0,1,9,00,0,0,0,200800034288B01,7,0,1
200800034389,2008-06-21,2008,juin,samedi,82:0,93,93046,0,0,2,2,1,1,1,2,3,02,1,1,010,060,1,0,1,3,1,16,0,1,9,00,2,3,5,200800034389A01,7,1,1
200800034416,2008-06-20,2008,juin,vendredi,19:30,93,93050,0,0,2,2,3,1,1,3,2,01,1,1,000,000,1,5,1,3,2,12,3,1,2,00,0,3,13,200800034416A01,32,1,1
200800034416,2008-06-20,2008,juin,vendredi,19:30,93,93050,0,0,2,2,3,1,1,3,2,01,1,1,000,000,1,5,1,3,2,12,0,1,2,00,0,3,13,200800034416A01,32,1,1
200800034418,2008-06-23,2008,juin,lundi,13:00,93,93050,0,0,2,3,3,1,1,2,-1,02,1,1,000,000,1,0,1,4,2,52,1,1,9,00,2,0,19,200800034418B01,7,0,1
200800034421,2008-06-30,2008,juin,lundi,72:0,93,93050,0,0,2,1,3,1,1,2,2,06,1,1,020,140,1,0,1,4,1,36,1,1,9,00,2,1,8,200800034421A01,7,15,1
200800034426,2008-06-23,2008,juin,lundi,17:50,93,93051,0,0,1,1,1,1,1,9,2,02,1,1,000,020,1,0,5,4,1,17,5,1,9,00,0,0,0,200800034426A01,1,0,1
200800034426,2008-06-23,2008,juin,lundi,17:50,93,93051,0,0,1,1,1,1,1,9,2,02,1,1,000,020,1,0,5,4,1,37,5,1,2,00,0,0,0,200800034426B01,1,0,1
200800034427,2008-06-30,2008,juin,lundi,17:30,93,93051,0,0,2,6,2,1,1,4,-1,02,1,1,000,000,1,0,1,3,1,8,5,1,9,00,2,4,9,200800034427B01,7,1,1
200800034431,2008-06-05,2008,juin,jeudi,11:20,93,93053,0,0,2,9,3,1,1,4,1,00,1,1,000,000,1,0,1,3,1,39,0,1,9,00,0,3,0,200800034431B01,7,16,1
200800034435,2008-06-25,2008,juin,mercredi,18:00,93,93053,0,0,2,2,3,1,1,4,1,01,2,1,030,030,1,0,1,3,1,18,0,1,9,00,2,1,1,200800034435A01,7,1,1
200800034437,2008-06-02,2008,juin,lundi,83:0,93,93055,0,0,2,3,3,1,1,2,3,03,1,1,010,090,2,0,1,3,2,54,0,0,0,00,2,8,1,200800034437B01,7,15,1
200800034441,2008-06-04,2008,juin,mercredi,19:40,93,93014,0,0,2,1,3,1,1,3,2,04,1,1,000,100,1,0,1,3,1,19,9,1,9,00,2,1,5,200800034441B01,7,0,1
200800034442,2008-06-05,2008,juin,jeudi,13:24,93,93062,0,0,2,1,3,1,1,4,2,01,2,1,000,000,1,0,1,4,2,54,9,1,9,00,0,0,2,200800034442A01,7,2,1
200800034448,2008-06-30,2008,juin,lundi,13:30,93,93014,0,0,2,1,3,1,1,4,2,02,1,1,000,060,1,0,1,3,1,26,5,1,2,00,0,1,0,200800034448A01,7,0,1
200800034468,2008-06-22,2008,juin,dimanche,10:15,93,93066,0,0,2,1,6,1,1,4,3,02,1,1,005,060,1,0,1,3,1,16,5,1,9,00,2,1,19,200800034468B01,7,2,1
200800034468,2008-06-22,2008,juin,dimanche,10:15,93,93066,0,0,2,1,6,1,1,4,3,02,1,1,005,060,1,0,1,3,1,9,0,1,9,00,2,1,19,200800034468B01,7,2,1
200800034485,2008-06-30,2008,juin,lundi,19:30,93,93070,0,0,2,1,3,1,7,4,-1,00,1,1,000,045,1,0,1,4,1,31,0,0,0,00,2,2,1,200800034485B01,32,9,1
200800034488,2008-06-10,2008,juin,mardi,16:30,93,93071,0,0,2,1,2,1,1,4,2,02,1,1,000,000,1,0,1,3,1,26,0,1,4,00,2,1,1,200800034488A01,7,23,1
200800034497,2008-06-08,2008,juin,dimanche,15:10,93,93072,0,0,2,1,2,1,1,3,2,04,1,1,010,060,1,0,1,3,1,54,5,1,2,00,2,1,0,200800034497B01,13,0,1
200800034501,2008-06-25,2008,juin,mercredi,19:50,93,93059,0,0,2,1,3,1,1,4,1,01,1,1,000,030,1,0,5,3,1,41,1,1,9,00,2,1,2,200800034501B01,7,12,1
200800034555,2008-06-22,2008,juin,dimanche,18:00,94,94079,0,0,2,6,2,1,1,4,4,02,1,2,000,000,1,5,1,3,1,53,0,1,2,00,2,4,15,200800034555B01,7,9,1
200800034566,2008-06-07,2008,juin,samedi,19:00,94,94028,0,0,2,1,6,1,1,4,1,00,1,1,000,060,1,0,1,4,1,13,2,1,4,00,2,1,0,200800034566A01,7,2,1
200800034568,2008-06-11,2008,juin,mercredi,17:15,94,94028,0,0,2,1,6,1,1,4,3,04,1,1,010,060,1,0,1,4,1,17,5,1,9,00,2,1,2,200800034568B01,7,2,1
200800034583,2008-06-24,2008,juin,mardi,19:10,94,94028,0,0,2,1,1,1,1,4,1,01,1,-1,000,300,1,0,1,4,2,12,5,1,9,00,0,1,0,200800034583B01,7,2,1