Num_Acc,date,an,mois,jour,hrmn,dep,com,lat,long,agg,int,col,lum,atm,catr,circ,nbv,prof,plan,lartpc,larrout,surf,infra,situ,grav,sexe,age,trajet,secuexist,equipement,obs,obsm,choc,manv,vehiculeid,typevehicules,manoeuvehicules,numVehicules
200800034584,2008-06-28,2008,juin,samedi,18:10,94,94028,0,0,2,1,6,1,1,3,2,02,1,1,000,060,-1,0,1,4,1,7,5,1,9,00,2,1,19,200800034584B01,7,1,1
200800034590,2008-06-17,2008,juin,mardi,21:00,94,94033,0,0,2,3,3,5,1,4,2,02,4,1,000,000,1,0,1,3,1,25,1,1,9,00,2,1,1,200800034590B01,2,9,1
200800034599,2008-06-10,2008,juin,mardi,10:40,94,94043,0,0,2,9,3,1,1,2,1,04,1,-1,000,000,1,0,1,3,1,41,0,1,2,00,0,3,1,200800034599B01,7,0,1
200800034625,2008-06-19,2008,juin,jeudi,52:9,94,94065,0,0,1,1,3,2,1,4,3,02,-1,-1,000,035,-1,6,1,4,1,40,0,1,2,00,2,1,0,200800034625B01,7,1,1
200800034640,2008-06-24,2008,juin,mardi,16:25,94,94041,0,0,2,1,3,1,1,4,1,01,1,1,000,040,1,0,1,3,1,22,0,1,2,01,2,1,5,200800034640B01,7,1,1
200800034653,2008-06-30,2008,juin,lundi,18:35,94,94046,0,0,2,9,3,1,1,4,2,02,1,1,000,090,1,0,1,4,2,40,1,1,2,00,2,1,1,200800034653A01,7,15,1
200800034675,2008-06-10,2008,juin,mardi,17:40,94,94078,0,0,2,2,3,1,1,3,2,02,1,1,000,000,1,0,1,4,1,45,1,1,2,00,2,8,9,200800034675B01,7,0,1
200800034706,2008-06-04,2008,juin,mercredi,16:45,95,95018,0,0,2,1,6,1,1,4,2,02,4,1,000,043,1,0,1,4,1,15,5,1,2,12,0,1,14,200800034706A01,,,
200800034707,2008-06-05,2008,juin,jeudi,17:05,95,95018,0,0,2,2,3,1,1,4,2,02,1,1,000,070,1,0,1,3,1,13,9,1,2,00,2,8,19,200800034707B01,7,1,1
200800034712,2008-06-15,2008,juin,dimanche,16:20,95,95176,0,0,2,2,5,1,1,4,2,02,1,1,000,075,1,0,1,4,1,10,5,1,2,00,2,1,9,200800034712A01,7,15,1
200800034712,2008-06-15,2008,juin,dimanche,16:20,95,95176,0,0,2,2,5,1,1,4,2,02,1,1,000,075,1,0,1,4,1,9,5,1,2,00,2,1,9,200800034712B01,7,15,1
200800034719,2008-06-20,2008,juin,vendredi,18:55,95,95582,0,0,2,1,3,1,1,3,2,02,1,1,000,070,1,0,1,4,1,13,5,1,2,00,2,1,1,200800034719B01,10,9,1
200800034720,2008-06-24,2008,juin,mardi,10:50,95,95582,0,0,2,3,6,1,1,3,2,02,1,1,000,090,1,0,0,4,1,55,5,1,2,16,0,1,1,200800034720B01,7,22,1
200800034725,2008-06-27,2008,juin,vendredi,82:0,95,95176,0,0,2,9,6,1,1,9,-1,01,1,1,000,150,1,0,0,1,2,10,2,1,2,00,1,1,1,200800034725A01,,,
200800034725,2008-06-27,2008,juin,vendredi,82:0,95,95176,0,0,2,9,6,1,1,9,-1,01,1,1,000,150,1,0,0,2,2,31,5,0,0,00,1,1,1,200800034725A01,,,
200800034730,2008-06-06,2008,juin,vendredi,20:05,95,95427,0,0,2,4,5,2,1,4,1,00,1,1,000,000,1,0,1,4,1,21,9,1,9,00,2,7,0,200800034730A01,7,0/1,2
200800034738,2008-06-13,2008,juin,vendredi,15:40,95,95491,0,0,2,1,6,1,1,4,2,02,1,1,000,000,1,0,1,4,2,12,4,1,2,00,1,1,1,200800034738A01,,,
200800034741,2008-06-21,2008,juin,samedi,21:55,95,95252,0,0,2,1,6,5,1,4,2,02,2,2,000,000,1,0,1,4,1,38,1,1,2,00,2,1,1,200800034741B01,7,10,1
200800034743,2008-06-27,2008,juin,vendredi,19:20,95,95219,0,0,2,1,6,1,1,4,2,03,1,1,000,000,1,0,1,4,1,15,5,1,2,00,2,3,19,200800034743A01,7,1,1
200800034754,2008-06-24,2008,juin,mardi,10:00,95,95306,0,0,2,1,7,1,1,4,2,02,1,1,000,000,1,0,1,4,1,57,0,1,2,00,9,1,1,200800034754B01,,,
200800034761,2008-06-11,2008,juin,mercredi,18:25,95,95563,0,0,2,1,3,1,1,4,2,01,1,1,000,000,-1,0,1,4,1,12,2,1,2,00,2,2,19,200800034761A01,7,1,1
200800034774,2008-06-19,2008,juin,jeudi,75:0,69,69381,0,0,2,1,1,1,1,4,2,02,2,3,000,086,1,0,1,3,1,36,5,1,4,00,2,1,1,200800034774B01,7,5,1
200800034931,2008-06-14,2008,juin,samedi,15:25,2B,2B033,0,0,2,1,1,1,1,4,2,02,1,1,000,094,1,0,1,4,1,15,5,1,9,00,2,0,1,200800034931B01,7,1,1
200800034987,2008-06-05,2008,juin,jeudi,82:0,69,69383,0,0,2,2,3,1,2,4,1,01,1,1,000,000,2,0,1,4,1,52,0,1,2,00,2,1,1,200800034987B01,10,1,1
200800034995,2008-06-13,2008,juin,vendredi,11:00,69,69383,0,0,2,2,3,1,1,4,1,02,1,1,000,000,1,0,1,4,1,31,0,1,9,00,2,1,1,200800034995A01,7,1,1
200800034996,2008-06-17,2008,juin,mardi,17:15,69,69386,0,0,2,1,6,1,1,4,1,01,1,1,000,000,1,0,1,1,1,16,0,1,9,00,1,1,1,200800034996A01,,,
200800035049,2008-06-24,2008,juin,mardi,85:5,69,69387,0,0,2,1,2,1,1,4,1,01,1,1,000,074,1,0,1,4,2,28,1,1,9,00,2,1,2,200800035049B01,7,2,1
200800035086,2008-06-03,2008,juin,mardi,11:50,69,69389,0,0,2,1,6,1,1,4,2,02,1,1,000,026,1,0,5,4,2,54,1,1,2,00,2,1,1,200800035086A01,,,
200800035161,2008-06-21,2008,juin,samedi,16:10,75,75101,0,0,2,1,3,1,1,4,1,02,1,1,000,135,1,0,1,4,2,43,5,1,9,00,2,8,7,200800035161B01,37,7,1
200800035164,2008-06-25,2008,juin,mercredi,19:00,75,75101,0,0,2,2,6,1,1,4,2,02,1,1,000,190,1,0,1,1,1,32,0,1,9,00,1,1,1,200800035164A01,,,
200800035164,2008-06-25,2008,juin,mercredi,19:00,75,75101,0,0,2,2,6,1,1,4,2,02,1,1,000,190,1,0,1,4,1,30,4,0,0,00,1,1,1,200800035164A01,,,
200800035169,2008-06-01,2008,juin,dimanche,16:00,75,75102,0,0,2,2,3,1,8,4,1,04,1,1,000,000,2,0,5,4,1,36,0,1,9,00,0,5,2,200800035169B01,31,2,1
200800035185,2008-06-14,2008,juin,samedi,35:,75,75103,0,0,2,2,3,5,1,4,2,02,1,1,000,080,1,0,1,4,2,18,0,1,9,14,0,1,11,200800035185A01,32,1,1
200800035189,2008-06-25,2008,juin,mercredi,12:42,75,75103,0,0,2,3,2,1,1,4,1,00,1,1,000,053,1,0,1,4,2,38,5,1,9,00,0,4,2,200800035189B01,7,2,1
200800035198,2008-06-09,2008,juin,lundi,15:28,75,75104,0,0,2,3,3,1,1,4,1,01,1,1,000,034,1,0,1,4,1,40,1,1,9,00,0,0,0,200800035198B01,7,1,1
200800035207,2008-06-30,2008,juin,lundi,19:32,75,75104,0,0,2,2,6,1,1,4,-1,01,1,1,000,060,1,6,1,1,1,23,5,1,4,00,1,4,21,200800035207A01,,,
200800035207,2008-06-30,2008,juin,lundi,19:32,75,75104,0,0,2,2,6,1,1,4,-1,01,1,1,000,060,1,6,1,4,1,42,5,0,0,00,1,4,21,200800035207A01,,,
200800035208,2008-06-04,2008,juin,mercredi,16:15,75,75105,0,0,2,1,6,1,1,9,1,03,2,-1,000,140,1,0,0,1,1,18,0,1,2,00,1,1,0,200800035208A01,,,
200800035217,2008-06-15,2008,juin,dimanche,15:10,75,75105,0,0,2,2,3,1,1,4,1,03,1,1,000,000,1,0,1,4,1,27,0,1,9,00,9,7,15,200800035217A01,31,0,1
200800035218,2008-06-16,2008,juin,lundi,19:00,75,75105,0,0,2,1,6,1,1,4,2,03,1,1,000,000,1,0,1,4,2,21,5,1,9,00,0,0,1,200800035218A01,,,
200800035219,2008-06-17,2008,juin,mardi,91:0,75,75105,0,0,2,2,3,1,1,4,1,01,1,1,000,120,1,0,1,4,1,22,1,1,9,00,0,0,1,200800035219B01,2,2,1
200800035229,2008-06-26,2008,juin,jeudi,17:05,75,75105,0,0,2,1,3,1,1,4,3,03,1,1,010,198,1,0,1,4,1,38,5,1,9,15,0,0,7,200800035229B01,7,7,1
200800035236,2008-06-05,2008,juin,jeudi,20:20,75,75106,0,0,2,2,3,1,1,4,1,01,1,1,000,068,1,0,0,4,1,8,5,1,2,00,0,0,19,200800035236B01,7,1,1
200800035240,2008-06-11,2008,juin,mercredi,80:0,75,75106,0,0,2,1,3,1,1,4,2,00,2,1,000,000,1,0,1,4,1,35,5,1,2,00,0,8,13,200800035240A01,7,1,1
200800035261,2008-06-10,2008,juin,mardi,17:50,75,75107,0,0,2,4,3,1,1,4,1,01,1,1,000,037,1,0,1,4,1,58,1,1,2,00,2,1,7,200800035261B01,7,16,1
200800035264,2008-06-12,2008,juin,jeudi,17:50,75,75107,0,0,2,1,2,1,1,3,2,01,1,1,000,058,1,0,1,4,1,49,1,1,9,01,0,1,2,200800035264A01,10,2,1
200800035291,2008-06-10,2008,juin,mardi,20:45,75,75108,0,0,2,1,1,2,1,4,2,02,2,2,000,030,1,0,5,4,1,35,0,1,2,01,0,1,1,200800035291A01,1,13,1
200800035291,2008-06-10,2008,juin,mardi,20:45,75,75108,0,0,2,1,1,2,1,4,2,02,2,2,000,030,1,0,5,4,1,35,1,1,2,01,0,1,13,200800035291B01,1,1,1
200800035302,2008-06-21,2008,juin,samedi,12:45,75,75108,0,0,2,3,3,1,1,4,1,02,1,1,000,130,1,0,1,4,2,27,5,1,9,00,2,8,2,200800035302B01,7,2,1
200800035320,2008-06-05,2008,juin,jeudi,17:00,75,75109,0,0,2,1,7,1,1,4,1,01,1,1,000,040,1,0,1,4,2,52,5,1,2,00,0,0,21,200800035320A01,,,
200800035329,2008-06-18,2008,juin,mercredi,19:45,75,75109,0,0,2,1,2,1,1,4,1,04,1,1,000,200,1,0,1,4,1,49,4,1,9,00,0,4,1,200800035329B01,7,1,1
200800035330,2008-06-22,2008,juin,dimanche,19:35,75,75109,0,0,2,2,3,1,1,4,1,01,1,1,000,000,1,0,1,4,1,11,0,1,9,00,0,8,2,200800035330B01,7,2,1
200800035331,2008-06-24,2008,juin,mardi,5:,75,75109,0,0,2,1,6,5,1,4,2,03,1,1,000,070,1,0,1,4,2,41,5,1,9,01,0,1,2,200800035331B01,7,24,1
200800035335,2008-06-25,2008,juin,mercredi,12:20,75,75109,0,0,2,2,6,1,1,4,1,03,1,1,000,120,1,0,1,4,2,31,1,1,9,01,0,1,2,200800035335B01,7,22,1
200800035346,2008-06-01,2008,juin,dimanche,17:45,75,75110,0,0,2,1,1,1,1,4,1,02,2,1,020,060,1,6,1,1,1,22,0,1,9,00,0,1,0,200800035346A01,1,0,1
200800035346,2008-06-01,2008,juin,dimanche,17:45,75,75110,0,0,2,1,1,1,1,4,1,02,2,1,020,060,1,6,1,4,2,10,0,1,2,00,0,0,0,200800035346B01,1,0,1
200800035366,2008-06-16,2008,juin,lundi,17:55,75,75110,0,0,2,2,6,1,1,4,1,02,1,1,000,080,1,2,1,4,1,43,1,1,9,00,2,3,1,200800035366B01,30,0,1
200800035369,2008-06-20,2008,juin,vendredi,80:0,75,75110,0,0,2,1,7,1,1,4,1,01,1,1,000,060,1,0,1,4,1,49,0,1,9,00,0,0,0,200800035369A01,,,
200800035370,2008-06-20,2008,juin,vendredi,16:20,75,75110,0,0,2,1,3,1,1,4,-1,00,1,1,000,000,1,0,5,4,1,51,5,1,2,01,0,1,2,200800035370B01,7,22,1
200800035374,2008-06-24,2008,juin,mardi,16:00,75,75110,0,0,2,1,1,1,1,4,1,01,1,1,000,070,1,0,5,4,1,54,1,1,9,00,2,1,5,200800035374B01,31,0,1
200800035388,2008-06-09,2008,juin,lundi,19:30,75,75111,0,0,2,1,3,1,1,4,2,01,1,1,000,100,1,0,1,4,2,49,5,1,9,00,2,3,11,200800035388A01,7,1,1
200800035392,2008-06-10,2008,juin,mardi,22:45,75,75111,0,0,2,1,2,5,1,4,2,06,1,1,000,150,1,0,1,4,2,50,5,1,2,00,2,4,2,200800035392B01,7,2,1
200800035398,2008-06-18,2008,juin,mercredi,85:5,75,75111,0,0,2,1,2,1,1,4,2,02,2,1,000,140,1,0,1,4,2,48,1,1,9,00,0,1,2,200800035398B01,10,24,1
200800035402,2008-06-19,2008,juin,jeudi,21:45,75,75111,0,0,2,1,6,2,1,4,1,01,1,1,000,060,1,0,3,4,1,14,5,1,9,15,0,0,0,200800035402A01,,,
200800035414,2008-06-01,2008,juin,dimanche,12:20,75,75112,0,0,2,1,7,1,1,9,-1,01,-1,-1,000,040,-1,0,5,4,1,45,0,1,9,00,0,0,0,200800035414A01,,,
200800035415,2008-06-02,2008,juin,lundi,12:12,75,75112,0,0,2,1,3,1,1,4,2,02,1,1,000,080,1,0,1,4,2,51,1,1,2,01,0,2,1,200800035415B01,7,22,1
200800035435,2008-06-13,2008,juin,vendredi,12:0,75,75112,0,0,2,3,1,5,1,4,1,01,1,2,000,040,1,2,5,4,1,38,5,1,9,00,0,4,23,200800035435A01,37,15,1
200800035448,2008-06-21,2008,juin,samedi,90:5,75,75112,0,0,2,1,6,1,1,4,1,01,1,1,000,050,1,0,1,4,1,40,4,1,9,00,0,0,1,200800035448A01,,,
200800035449,2008-06-21,2008,juin,samedi,18:00,75,75112,0,0,2,3,6,1,1,4,1,01,1,1,000,036,1,0,1,1,1,15,5,1,2,00,1,1,1,200800035449A01,,,
200800035455,2008-06-25,2008,juin,mercredi,31:5,75,75112,0,0,2,1,6,5,1,2,2,02,1,1,000,030,1,0,1,4,1,54,1,1,9,15,0,1,0,200800035455A01,,,
200800035463,2008-06-26,2008,juin,jeudi,15:20,75,75112,0,0,2,1,6,1,1,4,2,04,1,1,000,060,1,0,5,1,1,32,1,1,9,00,1,1,1,200800035463A01,,,
200800035478,2008-06-03,2008,juin,mardi,19:42,75,75113,0,0,2,1,6,1,8,9,2,04,1,1,000,040,1,0,1,1,1,28,1,1,2,00,1,1,7,200800035478A01,,,
200800035480,2008-06-05,2008,juin,jeudi,17:15,75,75113,0,0,2,1,3,1,1,9,2,03,1,1,000,000,1,0,5,4,1,20,5,1,2,00,0,8,1,200800035480B01,7,16,1
200800035483,2008-06-09,2008,juin,lundi,92:5,75,75113,0,0,2,1,7,1,1,4,2,02,2,1,000,070,1,0,1,4,1,28,1,1,9,00,0,0,7,200800035483A01,,,
200800035492,2008-06-17,2008,juin,mardi,23:40,75,75113,0,0,2,2,6,5,1,4,-1,01,-1,-1,000,100,1,0,1,4,1,52,5,1,9,00,2,8,1,200800035492A01,7,16,1
200800035493,2008-06-19,2008,juin,jeudi,19:15,75,75113,0,0,2,2,3,1,1,4,-1,01,1,1,000,070,1,0,1,4,1,33,5,1,9,00,2,3,0,200800035493B01,7,0,1
200800035497,2008-06-24,2008,juin,mardi,16:15,75,75113,0,0,2,1,2,1,1,4,2,02,2,1,000,070,1,0,1,1,2,46,5,1,9,00,2,4,1,200800035497B01,7,14,1
200800035502,2008-06-27,2008,juin,vendredi,16:50,75,75113,0,0,2,1,6,1,1,4,2,04,-1,-1,000,120,1,0,1,4,1,24,1,1,9,00,0,0,12,200800035502B01,7,0,1
200800035511,2008-06-12,2008,juin,jeudi,17:20,75,75114,0,0,2,2,3,1,1,4,1,03,1,1,018,103,1,0,1,4,2,26,5,1,9,00,0,0,0,200800035511A01,32,0,1
200800035526,2008-06-23,2008,juin,lundi,13:25,75,75114,0,0,2,2,3,1,1,4,2,04,1,1,000,060,1,0,1,4,1,36,4,1,4,00,2,8,1,200800035526B01,37,16,1
200800035545,2008-06-03,2008,juin,mardi,90:0,75,75115,0,0,2,1,6,1,1,4,2,02,1,1,000,050,1,0,1,4,2,26,1,1,2,01,0,0,12,200800035545A01,,,
200800035547,2008-06-04,2008,juin,mercredi,16:40,75,75115,0,0,2,2,7,1,1,9,1,01,1,1,000,090,1,0,5,4,1,27,0,1,2,14,0,0,2,200800035547A01,,,
200800035553,2008-06-11,2008,juin,mercredi,20:50,75,75115,0,0,2,2,3,1,1,4,2,02,1,1,000,100,1,0,1,4,1,27,1,1,2,00,2,1,1,200800035553B01,7,15,1
200800035562,2008-06-17,2008,juin,mardi,18:55,75,75115,0,0,2,1,5,1,1,4,1,02,2,1,000,000,1,0,1,4,1,60,1,1,4,01,2,7,7,200800035562A01,10/ 7,0/1,2
200800035570,2008-06-23,2008,juin,lundi,12:15,75,75115,0,0,2,2,3,1,1,9,1,02,-1,1,000,000,1,0,1,4,1,42,5,1,9,00,0,1,19,200800035570B01,7,15,1
200800035575,2008-06-25,2008,juin,mercredi,13:25,75,75115,0,0,2,3,2,1,1,4,2,01,1,1,000,080,1,0,1,4,1,56,5,1,4,00,2,1,0,200800035575A01,7,16,1
200800035584,2008-06-30,2008,juin,lundi,19:55,75,75115,0,0,2,2,3,1,1,4,1,01,1,1,000,050,1,0,1,4,1,47,5,1,9,00,2,8,0,200800035584B01,10,2,1
200800035595,2008-06-05,2008,juin,jeudi,20:45,75,75116,0,0,2,1,7,2,1,4,1,01,1,3,000,040,1,0,1,3,1,15,5,1,2,00,2,0,21,200800035595A01,,,
200800035600,2008-06-08,2008,juin,dimanche,11:17,75,75116,0,0,2,1,2,1,1,9,3,01,1,1,000,000,1,0,5,4,1,48,5,1,2,00,2,1,2,200800035600A01,1,13,1
200800035600,2008-06-08,2008,juin,dimanche,11:17,75,75116,0,0,2,1,2,1,1,9,3,01,1,1,000,000,1,0,5,4,1,78,0,1,2,00,0,6,13,200800035600B01,1,2,1
200800035612,2008-06-13,2008,juin,vendredi,16:50,75,75116,0,0,2,1,7,1,1,4,2,00,1,1,000,000,1,0,1,4,1,80,5,1,9,00,0,0,0,200800035612A01,,,
200800035616,2008-06-16,2008,juin,lundi,11:25,75,75116,0,0,2,1,2,1,1,4,1,00,1,1,000,000,1,0,5,3,1,54,5,1,9,00,0,4,2,200800035616A01,1,2,1
200800035616,2008-06-16,2008,juin,lundi,11:25,75,75116,0,0,2,1,2,1,1,4,1,00,1,1,000,000,1,0,5,4,1,63,5,1,2,00,0,4,2,200800035616B01,1,2,1
200800035672,2008-06-19,2008,juin,jeudi,18:35,75,75117,0,0,2,1,2,1,8,4,1,03,2,1,000,200,1,0,1,4,2,32,1,1,4,00,2,1,21,200800035672B01,7,9,1
200800035681,2008-06-27,2008,juin,vendredi,19:30,75,75117,0,0,2,2,3,1,1,4,2,03,2,1,000,000,1,0,1,4,2,51,5,1,9,00,0,3,2,200800035681A01,38,16,1
200800035682,2008-06-28,2008,juin,samedi,13:20,75,75117,0,0,2,1,6,1,1,4,2,02,1,1,000,098,1,0,1,4,2,52,0,1,9,01,0,3,2,200800035682A01,7,22,1
200800035686,2008-06-30,2008,juin,lundi,90:0,75,75117,0,0,2,1,6,1,1,4,2,02,1,1,010,300,1,0,3,4,2,50,1,1,9,01,0,1,24,200800035686A01,,,
200800035694,2008-06-06,2008,juin,vendredi,10:0,75,75118,0,0,2,1,6,5,1,4,2,05,1,1,000,035,1,0,1,4,1,29,0,1,2,00,2,2,1,200800035694A01,7,10,1
200800035702,2008-06-13,2008,juin,vendredi,13:40,75,75118,0,0,2,1,6,1,1,4,1,01,2,1,000,040,1,0,1,1,1,29,1,1,9,00,1,1,0,200800035702A01,,,
200800035721,2008-06-30,2008,juin,lundi,18:00,75,75118,0,0,2,3,3,1,1,4,1,02,1,1,000,100,1,0,1,4,1,54,5,1,9,00,2,1,1,200800035721B01,7,16,1
200800035728,2008-06-10,2008,juin,mardi,13:20,75,75119,0,0,2,5,3,1,1,4,1,02,1,-1,000,100,1,0,0,1,1,59,5,1,2,00,2,1,1,200800035728B01,33,1,1
200800035732,2008-06-16,2008,juin,lundi,16:20,75,75119,0,0,2,3,3,1,8,4,2,02,1,1,000,140,1,0,1,4,1,33,9,1,9,00,2,1,1,200800035732A01,7,15,1
200800035736,2008-06-18,2008,juin,mercredi,18:00,75,75119,0,0,2,2,3,1,1,4,2,02,1,1,010,120,-1,0,1,4,1,30,1,1,9,00,9,1,1,200800035736B01,3,15,1
200800035740,2008-06-23,2008,juin,lundi,14:15,75,75119,0,0,2,1,3,1,1,4,2,02,1,-1,000,140,1,0,1,4,1,16,5,1,9,00,0,1,2,200800035740B01,10,2,1
200800035741,2008-06-24,2008,juin,mardi,14:0,75,75119,0,0,2,3,3,5,1,4,2,04,1,1,000,120,1,0,1,4,1,24,5,1,9,00,2,8,1,200800035741B01,10,0,1
200800035742,2008-06-25,2008,juin,mercredi,23:40,75,75119,0,0,2,1,3,5,1,4,2,06,1,1,000,150,1,0,1,4,1,56,0,1,9,00,2,0,0,200800035742A01,7,0,1
200800035744,2008-06-27,2008,juin,vendredi,80:5,75,75119,0,0,2,2,2,1,1,4,1,02,1,1,030,060,1,0,1,4,2,25,1,1,9,01,2,5,19,200800035744B01,7,2,1
200800035758,2008-06-06,2008,juin,vendredi,63:0,75,75120,0,0,2,3,3,1,2,4,1,01,2,1,007,064,2,0,5,4,1,46,1,1,2,00,2,1,1,200800035758B01,7,15,1
200800035773,2008-06-16,2008,juin,lundi,11:10,75,75120,0,0,2,1,2,1,1,4,1,00,1,1,094,087,1,0,5,4,2,41,5,1,2,01,0,0,0,200800035773B01,7,0,1
200800035779,2008-06-18,2008,juin,mercredi,17:19,75,75120,0,0,2,1,3,1,1,4,2,00,1,-1,000,000,1,0,0,4,1,17,5,1,9,00,0,0,0,200800035779A01,7,0,1
200800035780,2008-06-18,2008,juin,mercredi,18:55,75,75120,0,0,2,3,6,1,1,4,2,02,1,1,001,001,1,0,1,4,1,27,5,1,9,00,0,0,0,200800035780B01,7,0,1
200800035787,2008-06-26,2008,juin,jeudi,10:35,75,75120,0,0,2,1,2,1,1,4,2,00,2,1,000,098,1,0,0,4,1,30,0,1,9,00,2,3,2,200800035787B01,10,2,1
200800035808,2008-06-09,2008,juin,lundi,15:20,75,75116,0,0,2,1,7,1,1,4,2,02,1,1,000,096,1,0,1,4,2,23,4,1,2,00,0,0,0,200800035808A01,,,
200800035814,2008-06-13,2008,juin,vendredi,12:10,75,75114,0,0,2,1,3,1,1,4,2,03,1,1,000,083,1,0,1,4,1,37,5,1,4,00,2,8,15,200800035814A01,33,2,1
200800035829,2008-06-23,2008,juin,lundi,10:45,75,75105,0,0,2,2,3,1,7,4,1,03,1,1,000,136,1,0,1,2,2,42,1,1,9,00,2,0,0,200800035829B01,14,0,1
200800035959,2008-03-09,2008,mars,dimanche,11:24,62,62186,0,0,2,1,3,1,1,4,1,02,1,-1,000,080,1,0,0,4,1,46,5,1,2,00,2,1,1,200800035959B01,7,9,1
200800035962,2008-05-23,2008,mai,vendredi,17:45,62,62083,0,0,2,3,3,1,1,4,2,02,-1,-1,000,000,1,0,0,4,1,12,5,1,9,00,2,8,19,200800035962A01,7,1,1
200800035988,2008-06-25,2008,juin,mercredi,15:40,76,76681,0,0,2,1,6,1,7,4,2,02,3,1,000,080,1,0,1,3,1,12,5,1,2,00,2,0,19,200800035988A01,7,0,1
200800035989,2008-06-22,2008,juin,dimanche,17:50,76,76540,0,0,2,1,7,1,1,9,4,02,2,1,000,040,9,0,1,3,1,4,5,1,2,12,0,1,13,200800035989A01,,,
200800035990,2008-06-23,2008,juin,lundi,15:55,76,76681,0,0,2,6,6,1,1,4,2,02,1,-1,000,060,1,5,1,4,1,26,0,1,2,00,2,0,0,200800035990A01,7,0,1
200800035998,2008-06-30,2008,juin,lundi,19:10,76,76540,0,0,2,2,3,1,9,4,2,02,2,1,000,070,1,0,1,3,1,18,1,1,2,00,2,6,19,200800035998A01,30,1,1
200800035999,2008-06-02,2008,juin,lundi,93:0,77,77251,0,0,2,1,3,1,8,3,2,02,1,1,000,000,2,5,1,3,1,23,1,1,4,00,2,7,19,200800035999A01,37,1,1
200800036012,2008-06-27,2008,juin,vendredi,19:25,94,94067,0,0,2,1,6,1,1,2,2,06,1,1,000,000,1,0,1,4,1,38,0,1,9,00,2,1,18,200800036012B01,7,23,1
200800036014,2008-06-28,2008,juin,samedi,14:00,94,94067,0,0,2,1,3,1,1,3,2,01,1,-1,000,000,1,0,1,4,2,35,5,1,2,00,2,1,0,200800036014B01,7,0,1
200800036019,2008-05-30,2008,mai,vendredi,11:30,69,69383,0,0,2,1,6,1,1,4,1,01,1,1,000,000,1,0,5,4,2,52,0,1,9,01,0,1,1,200800036019B01,7,22,1
200800036050,2008-07-25,2008,juillet,vendredi,16:00,62,62447,50.37,2.04,2,1,3,1,1,3,2,03,1,2,008,070,1,5,1,3,2,46,3,0,0,00,2,7,1,200800036050B02,34,1,1
200800036066,2008-07-28,2008,juillet,lundi,15:15,80,80721,50.19,1.636,2,1,2,1,1,9,1,01,1,1,000,030,1,0,1,4,1,45,5,0,0,00,2,1,23,200800036066B02,7,4,1
200800036123,2008-07-20,2008,juillet,dimanche,91:5,60,60254,0,0,2,1,1,1,1,3,3,00,1,1,000,070,1,0,1,3,1,30,0,1,2,00,2,1,1,200800036123A01,7,0,1
200800036124,2008-07-04,2008,juillet,vendredi,20:30,60,60488,0,0,1,1,3,1,1,3,2,04,1,1,000,140,1,5,1,3,1,45,1,0,0,00,2,8,15,200800036124B02,7,2,1
200800036127,2008-07-17,2008,juillet,jeudi,17:45,60,60139,0,0,1,1,2,1,1,3,-1,00,1,1,070,000,1,0,1,3,1,11,5,0,0,00,2,6,15,200800036127B02,7,2,1
200800036129,2008-07-12,2008,juillet,samedi,16:30,60,60282,49.189,2.414,2,1,7,1,1,3,2,02,2,1,000,060,1,0,1,2,1,63,3,0,0,00,9,1,0,200800036129A01,,,
200800036148,2008-07-17,2008,juillet,jeudi,12:15,76,76021,49.682,0.433,2,6,3,1,1,3,2,02,1,1,000,059,1,5,1,3,1,45,5,1,2,00,2,1,1,200800036148B02,7,1,1
200800036186,2008-07-22,2008,juillet,mardi,10:30,35,35047,0,0,2,1,1,1,1,4,2,02,1,1,000,060,1,0,1,3,1,23,9,1,9,00,2,1,1,200800036186B02,7,19,1
200800036207,2008-07-07,2008,juillet,lundi,11:45,35,35228,0,0,1,1,2,1,1,3,3,02,1,1,020,070,1,0,1,2,2,55,5,0,0,00,2,4,1,200800036207B02,10,2,1
200800036210,2008-07-06,2008,juillet,dimanche,18:30,35,35327,0,0,2,1,3,1,1,4,2,00,1,1,000,000,1,0,1,3,1,9,5,1,2,00,2,1,1,200800036210B02,7,1,1
200800036212,2008-07-11,2008,juillet,vendredi,16:30,35,35333,0,0,1,1,2,1,1,3,2,02,-1,1,000,060,1,0,1,3,1,14,5,0,0,00,0,4,13,200800036212B02,7,17,1
200800036231,2008-07-20,2008,juillet,dimanche,94:5,22,22269,48.701,-3.217,2,1,1,1,1,3,2,00,1,1,000,090,1,0,1,3,2,63,5,1,2,00,2,1,1,200800036231B02,7,19,1
200800036232,2008-07-23,2008,juillet,mercredi,13:15,22,22212,48.672,-3.204,1,1,1,1,1,3,2,00,1,1,000,065,1,0,1,4,1,64,5,0,0,00,2,7,1,200800036232B02,7,19,1
200800036240,2008-07-22,2008,juillet,mardi,12:15,29,29220,0,0,2,6,1,1,1,9,1,00,1,2,000,000,1,0,1,4,2,49,5,0,0,00,2,4,1,200800036240A01,7,1,1
200800036260,2008-07-09,2008,juillet,mercredi,17:45,56,56183,0,0,2,3,3,1,1,4,2,02,1,1,000,050,1,0,1,3,1,10,5,0,0,00,2,8,16,200800036260A01,7,1,1
200800036267,2008-07-26,2008,juillet,samedi,20:45,56,56258,0,0,2,1,3,1,1,4,2,02,1,1,000,056,1,0,1,3,1,13,5,0,0,00,2,1,19,200800036267A01,7,1,1
200800036285,2008-07-02,2008,juillet,mercredi,19:15,14,14738,0,0,2,1,3,1,1,4,2,00,2,4,000,035,1,0,1,3,1,14,5,0,0,00,2,1,19,200800036285B02,7,1,1
200800036340,2008-07-20,2008,juillet,dimanche,84:5,61,61337,0,0,1,2,1,1,1,3,2,01,2,1,000,048,1,0,1,3,1,61,5,0,0,00,2,3,1,200800036340B02,30,1,1