Num_Acc,date,an,mois,jour,hrmn,dep,com,lat,long,agg,int,col,lum,atm,catr,circ,nbv,prof,plan,lartpc,larrout,surf,infra,situ,grav,sexe,age,trajet,secuexist,equipement,obs,obsm,choc,manv,vehiculeid,typevehicules,manoeuvehicules,numVehicules
200800036354,2008-07-30,2008,juillet,mercredi,15:15,44,44212,0,0,1,1,3,1,1,3,2,02,1,1,000,067,1,0,1,2,1,62,5,1,2,00,2,8,19,200800036354B02,7,1,1
200800036368,2008-07-05,2008,juillet,samedi,15:45,44,44069,0,0,2,9,1,1,1,3,3,04,1,1,000,000,1,0,1,3,2,47,3,1,2,00,2,3,1,200800036368B02,7,1,1
200800036369,2008-07-04,2008,juillet,vendredi,12:45,44,44069,0,0,1,6,1,1,1,3,-1,00,1,-1,000,000,1,5,1,3,2,58,5,0,0,00,2,8,13,200800036369B02,10,2,1
200800036370,2008-07-13,2008,juillet,dimanche,83:0,44,44175,0,0,1,1,2,1,1,3,2,02,3,1,000,063,1,0,1,2,1,62,5,0,0,00,2,6,1,200800036370A01,33,2,1
200800036388,2008-07-31,2008,juillet,jeudi,16:00,49,49308,47.383,-0.497,2,1,1,1,2,3,2,00,4,1,000,050,2,0,1,4,1,15,5,0,0,00,0,0,1,200800036388B02,2,1,1
200800036393,2008-07-01,2008,juillet,mardi,10:30,49,49092,0,0,2,1,3,1,1,3,2,02,1,1,000,079,1,0,1,3,1,62,0,0,0,00,2,1,1,200800036393B02,7,15,1
200800036399,2008-07-09,2008,juillet,mercredi,16:45,49,49069,47.338,-1.263,2,6,3,1,1,3,2,00,1,2,000,050,1,5,1,3,1,36,5,1,2,00,2,7,1,200800036399B02,7,1,1
200800036400,2008-07-29,2008,juillet,mardi,18:15,49,49296,47.291,-1.19,2,1,1,1,1,9,-1,00,1,2,000,045,1,0,1,3,2,3,5,0,0,00,2,1,13,200800036400B02,7,1,1
200800036431,2008-07-13,2008,juillet,dimanche,12:15,72,72098,47.695,0.201,2,1,3,1,1,3,2,00,2,3,000,000,1,0,1,3,1,41,5,0,0,00,2,1,16,200800036431B02,7,15,1
200800036447,2008-07-19,2008,juillet,samedi,12:00,85,85005,46.627,-0.777,1,1,2,1,1,3,3,02,2,1,049,070,1,5,1,3,1,88,0,0,0,00,2,4,13,200800036447B02,7,1,1
200800036471,2008-07-19,2008,juillet,samedi,12:00,33,33013,44.871,-0.498,2,1,1,1,1,9,2,02,-1,1,000,060,1,0,1,4,1,53,5,1,2,00,2,0,1,200800036471B02,7,15,1
200800036472,2008-07-29,2008,juillet,mardi,11:00,33,33061,0,0,1,1,7,1,1,3,2,02,1,1,000,095,1,0,1,3,1,56,5,0,0,00,0,1,1,200800036472A01,,,
200800036480,2008-07-01,2008,juillet,mardi,80:0,33,33476,45.304,-0.789,1,1,2,1,1,3,2,02,1,1,000,057,1,0,1,3,1,56,1,0,0,00,0,3,1,200800036480B02,2,1,1
200800036489,2008-07-13,2008,juillet,dimanche,18:00,33,33394,0,0,2,1,5,1,1,3,2,02,2,1,000,000,1,0,1,3,1,51,9,1,2,00,2,1,2,200800036489B02,7,15,1
200800036489,2008-07-13,2008,juillet,dimanche,18:00,33,33394,0,0,2,1,5,1,1,3,2,02,2,1,000,000,1,0,1,4,1,40,9,1,2,00,2,1,2,200800036489C03,7,15,1
200800036518,2008-07-24,2008,juillet,jeudi,14:45,40,40115,0,0,1,2,3,1,1,3,2,02,1,1,000,060,1,0,1,3,1,73,5,1,2,00,2,1,19,200800036518B02,7,1,1
200800036519,2008-07-25,2008,juillet,vendredi,16:00,40,40266,0,0,1,1,2,1,1,3,2,02,1,1,000,059,1,0,1,3,2,58,5,0,0,00,2,4,2,200800036519B02,7,2,1
200800036545,2008-07-17,2008,juillet,jeudi,17:30,40,40137,43.966,-0.314,1,9,3,1,1,3,2,02,1,1,000,178,1,3,1,3,1,55,9,0,0,00,2,8,15,200800036545B02,15,1,1
200800036563,2008-07-17,2008,juillet,jeudi,18:00,47,47175,44.54,0.759,2,1,2,1,1,3,2,01,2,1,000,048,1,0,1,3,2,14,5,0,0,00,2,8,15,200800036563B02,7,1,1
200800036574,2008-07-03,2008,juillet,jeudi,10:45,86,86297,0,0,2,1,3,1,1,3,2,02,1,1,000,056,1,0,4,4,1,15,5,0,0,00,2,1,19,200800036574B02,7,1,1
200800036589,2008-07-18,2008,juillet,vendredi,13:45,86,86140,46.404,0.725,2,1,1,1,1,3,2,02,1,3,000,068,1,5,1,3,1,15,5,1,2,00,2,7,19,200800036589B02,7,1,1
200800036591,2008-07-30,2008,juillet,mercredi,20:45,16,16287,0,0,2,1,3,2,1,3,2,02,1,-1,000,070,1,0,1,3,1,18,5,0,0,00,2,7,19,200800036591B02,7,1,1
200800036603,2008-07-14,2008,juillet,lundi,11:15,17,17194,46.139,-1.008,2,6,3,1,1,3,2,02,-1,1,000,000,1,5,1,4,1,53,5,1,2,00,2,7,15,200800036603B02,7,1,1
200800036608,2008-07-24,2008,juillet,jeudi,16:30,17,17360,0,0,1,1,3,1,1,3,-1,00,1,1,000,114,1,5,1,3,1,37,5,0,0,00,2,1,19,200800036608B02,7,1,1
200800036638,2008-07-03,2008,juillet,jeudi,21:30,79,79056,0,0,1,1,2,2,7,3,2,01,1,1,000,070,9,0,1,3,1,35,5,1,2,00,2,4,1,200800036638A01,7,17,1
200800036655,2008-07-12,2008,juillet,samedi,13:30,19,19076,0,0,1,1,1,1,1,3,2,02,1,1,000,072,1,0,1,2,1,57,5,1,2,00,0,4,2,200800036655B02,7,2,1
200800036668,2008-07-04,2008,juillet,vendredi,11:15,31,31079,0,0,1,1,1,1,1,3,2,02,4,3,000,070,1,0,1,3,1,11,5,0,0,00,2,1,19,200800036668B02,7,1,1
200800036685,2008-07-28,2008,juillet,lundi,10:45,31,31500,0,0,1,1,1,1,1,3,2,02,2,1,000,060,1,0,1,3,1,45,5,0,0,00,2,4,2,200800036685B02,10,2,1
200800036685,2008-07-28,2008,juillet,lundi,10:45,31,31500,0,0,1,1,1,1,1,3,2,02,2,1,000,060,1,0,1,3,1,36,0,0,0,00,2,4,2,200800036685B02,10,2,1
200800036696,2008-07-18,2008,juillet,vendredi,10:45,09,09261,42.981,1.157,2,1,3,1,7,3,2,00,1,1,000,000,1,0,1,3,1,41,5,1,2,00,2,1,1,200800036696B02,7,15,1
200800036711,2008-07-19,2008,juillet,samedi,21:00,32,32033,43.672,0.323,2,1,3,2,1,3,2,02,2,1,000,060,1,0,1,3,1,9,5,0,0,00,2,1,1,200800036711B02,7,1,1
200800036742,2008-07-10,2008,juillet,jeudi,10:45,81,81128,0,0,1,1,1,1,1,3,4,00,1,1,000,060,1,0,1,4,2,43,5,0,0,00,9,4,1,200800036742A01,1,1,1
200800036742,2008-07-10,2008,juillet,jeudi,10:45,81,81128,0,0,1,1,1,1,1,3,4,00,1,1,000,060,1,0,1,3,2,39,5,0,0,00,9,1,1,200800036742B02,1,1,1
200800036752,2008-07-03,2008,juillet,jeudi,19:45,82,82172,44.301,1.818,1,1,2,1,7,3,2,02,1,3,000,055,1,0,1,3,2,62,5,0,0,00,2,8,1,200800036752B02,10,1,1
200800036757,2008-07-14,2008,juillet,lundi,19:30,82,82150,0,0,2,3,3,1,1,3,2,02,1,1,000,068,1,0,1,2,1,87,5,0,0,00,2,8,16,200800036757B02,7,1,1
200800036762,2008-07-03,2008,juillet,jeudi,17:15,82,82186,0,0,2,1,1,1,1,3,2,02,1,1,000,000,1,0,1,3,2,43,5,0,0,00,2,1,1,200800036762A01,7,15,1
200800036769,2008-07-05,2008,juillet,samedi,94:5,69,69287,0,0,1,1,1,1,1,3,2,02,1,1,000,000,1,0,1,4,1,41,5,1,2,00,0,0,1,200800036769B02,7,1,1
200800036775,2008-07-15,2008,juillet,mardi,17:45,69,69175,0,0,1,1,1,1,1,4,2,00,-1,3,000,000,1,0,1,4,1,13,5,1,2,00,2,1,13,200800036775B02,7,1,1
200800036783,2008-07-11,2008,juillet,vendredi,14:15,69,69201,0,0,2,1,3,1,3,3,2,02,1,1,000,067,2,0,1,3,1,45,5,0,0,00,2,6,1,200800036783B02,7,15,1
200800036789,2008-07-31,2008,juillet,jeudi,11:00,69,69249,0,0,1,1,1,1,1,3,2,00,2,3,000,000,1,0,5,3,2,66,5,1,2,00,2,2,1,200800036789B02,7,0,1
200800036800,2008-07-18,2008,juillet,vendredi,14:00,01,01264,0,0,1,1,3,1,1,3,2,00,1,1,000,063,1,0,1,2,1,19,0,0,0,00,0,8,19,200800036800B02,7,1,1
200800036808,2008-07-25,2008,juillet,vendredi,11:15,01,01239,0,0,1,1,3,1,1,4,2,00,1,-1,000,000,1,0,1,3,1,72,5,0,0,00,2,8,13,200800036808B02,10,2,1
200800036810,2008-07-28,2008,juillet,lundi,10:30,01,01208,45.83,5.787,1,1,2,1,1,3,-1,00,1,1,000,070,1,0,1,3,2,61,5,1,2,00,2,4,1,200800036810B02,7,1,1
200800036813,2008-07-09,2008,juillet,mercredi,17:30,01,01063,0,0,2,9,3,1,1,6,-1,00,-1,-1,000,000,1,0,0,3,1,21,2,0,0,00,2,1,1,200800036813B02,7,1,1
200800036854,2008-07-11,2008,juillet,vendredi,15:45,26,26262,44.657,5.414,2,1,2,1,1,3,2,02,2,1,000,075,1,0,1,4,1,21,1,1,2,00,0,1,2,200800036854B02,7,23,1
200800036889,2008-07-10,2008,juillet,jeudi,11:30,38,38559,45.213,5.404,1,6,2,1,1,3,2,02,1,1,000,050,1,5,5,3,1,69,5,0,0,00,2,1,1,200800036889B02,7,16,1
200800036897,2008-07-30,2008,juillet,mercredi,12:15,38,38520,45.505,5.544,1,2,3,1,1,3,2,00,1,1,000,060,1,5,1,3,1,63,5,0,0,00,2,7,1,200800036897A01,7,19,1
200800036934,2008-07-24,2008,juillet,jeudi,13:45,42,42070,0,0,1,1,3,1,1,4,2,02,4,1,000,057,1,0,1,3,1,57,5,0,0,00,2,1,1,200800036934B02,7,1,1
200800036935,2008-07-27,2008,juillet,dimanche,19:45,42,42267,46.168,4.138,1,1,1,2,1,4,2,00,1,2,000,000,1,0,1,3,1,13,0,0,0,00,2,1,5,200800036935B02,7,1,1
200800036942,2008-07-15,2008,juillet,mardi,70:0,73,73219,45.547,5.763,2,1,5,1,7,3,2,00,1,1,000,063,1,0,1,4,1,23,9,1,2,00,0,3,1,200800036942B02,7,17,1
200800036942,2008-07-15,2008,juillet,mardi,70:0,73,73219,45.547,5.763,2,1,5,1,7,3,2,00,1,1,000,063,1,0,1,4,1,22,9,1,2,00,0,3,1,200800036942C03,7,17,1
200800036946,2008-07-20,2008,juillet,dimanche,13:15,73,73242,0,0,1,1,3,1,2,3,2,02,2,3,000,050,2,0,1,3,1,18,5,1,2,00,2,1,16,200800036946A01,10,15,1
200800036958,2008-07-05,2008,juillet,samedi,10:00,74,74169,0,0,2,6,3,1,1,4,1,01,1,1,000,000,1,0,1,4,1,23,3,0,0,00,0,3,2,200800036958A01,7,2,1
200800036961,2008-07-25,2008,juillet,vendredi,19:00,74,74236,45.897,6.691,1,1,1,1,1,3,2,02,2,4,000,070,1,0,1,3,1,44,5,1,2,00,2,1,1,200800036961B02,7,15,1
200800036962,2008-07-28,2008,juillet,lundi,18:00,74,74236,0,0,1,9,6,1,1,4,2,02,2,1,000,045,1,0,1,1,1,40,5,1,2,00,1,0,1,200800036962A01,,,
200800036977,2008-07-01,2008,juillet,mardi,12:00,74,74058,0,0,1,1,1,1,1,3,2,00,1,2,060,000,1,0,1,3,1,53,5,0,0,00,2,1,1,200800036977B02,10,19,1
200800036981,2008-07-18,2008,juillet,vendredi,91:5,74,74038,46.198,6.432,2,1,2,1,1,3,2,02,2,3,000,060,1,0,1,3,1,69,5,1,2,00,2,1,1,200800036981A01,17,1,1
200800036985,2008-07-04,2008,juillet,vendredi,90:0,63,63417,0,0,1,2,3,1,1,3,2,02,4,1,000,104,1,5,1,4,1,64,5,1,2,00,2,1,1,200800036985B02,7,19,1
200800036993,2008-07-12,2008,juillet,samedi,11:15,63,63178,45.55,3.249,2,1,6,1,1,4,2,02,1,1,000,090,1,0,1,3,1,66,5,0,0,00,2,8,1,200800036993A02,,,
200800037024,2008-07-28,2008,juillet,lundi,18:15,15,15113,45.087,2.671,1,1,1,1,1,3,2,02,2,2,000,058,1,0,1,3,1,24,5,1,2,00,2,8,1,200800037024B02,7,1,1
200800037027,2008-07-17,2008,juillet,jeudi,19:15,15,15127,45.234,3.127,2,3,3,1,1,2,2,02,1,1,000,058,1,5,1,3,1,16,5,1,2,00,2,8,19,200800037027B02,7,1,1
200800037032,2008-07-29,2008,juillet,mardi,19:00,43,43215,44.807,3.907,2,1,3,1,7,3,2,02,1,1,000,000,1,0,1,3,1,15,5,0,0,00,2,1,16,200800037032B02,7,1,1
200800037052,2008-07-31,2008,juillet,jeudi,18:30,57,57443,0,0,1,2,3,1,1,2,2,02,1,1,000,000,1,5,1,4,1,44,9,0,0,00,2,1,1,200800037052A01,7,1,1
200800037057,2008-07-11,2008,juillet,vendredi,11:45,57,57177,0,0,2,1,1,1,1,9,-1,00,1,1,000,000,1,0,1,3,1,13,5,1,2,00,0,0,0,200800037057B02,7,1,1
200800037062,2008-07-27,2008,juillet,dimanche,17:00,57,57197,49.063,6.983,2,1,2,1,1,3,2,00,3,3,000,070,-1,0,1,2,1,31,5,0,0,00,2,4,1,200800037062B02,7,1,1
200800037068,2008-07-10,2008,juillet,jeudi,15:00,57,57589,0,0,2,1,1,1,1,4,2,00,1,3,000,041,1,0,1,3,1,14,5,0,0,00,2,1,13,200800037068B02,2,1,1
200800037095,2008-07-09,2008,juillet,mercredi,31:5,55,55061,0,0,2,1,6,3,1,3,2,02,2,1,000,092,1,0,1,3,1,17,5,0,0,01,0,3,0,200800037095A01,,,
200800037099,2008-07-10,2008,juillet,jeudi,18:15,55,55463,48.894,5.544,2,1,3,1,1,9,2,02,1,1,000,000,1,0,1,3,1,69,5,0,0,00,0,1,13,200800037099B02,7,1,1
200800037100,2008-07-13,2008,juillet,dimanche,10:00,55,55229,48.863,5.524,1,1,1,1,1,3,2,02,2,3,000,068,1,0,1,3,1,78,5,1,4,00,2,6,2,200800037100B02,10,2,1
200800037114,2008-07-28,2008,juillet,lundi,17:00,88,88073,0,0,1,1,7,1,1,3,2,02,2,3,020,070,1,0,3,3,2,15,5,0,0,14,0,1,6,200800037114A01,,,
200800037124,2008-07-15,2008,juillet,mardi,18:30,88,88140,0,0,2,1,1,1,1,3,2,02,1,1,000,093,1,0,1,3,1,62,5,0,0,00,2,1,1,200800037124B02,7,11,1
200800037135,2008-07-19,2008,juillet,samedi,16:45,88,88492,48.072,7.022,1,1,3,1,8,3,2,02,1,3,000,060,1,0,1,3,1,41,5,1,2,00,0,8,1,200800037135B02,33,17,1
200800037136,2008-07-21,2008,juillet,lundi,15:30,88,88438,0,0,1,1,6,1,1,3,2,02,2,2,000,080,1,0,1,4,1,17,5,1,2,00,0,8,1,200800037136A01,,,
200800037146,2008-07-31,2008,juillet,jeudi,84:5,67,67137,0,0,2,1,1,1,1,3,2,02,1,-1,000,000,1,5,1,3,2,51,5,0,0,00,2,1,1,200800037146B02,7,15,1
200800037156,2008-07-12,2008,juillet,samedi,19:00,67,67347,0,0,2,1,3,1,1,3,2,02,1,1,000,079,1,0,1,3,1,71,5,1,2,00,2,1,1,200800037156B02,7,15,1
200800037192,2008-07-27,2008,juillet,dimanche,17:00,68,68235,47.996,7.384,1,1,3,1,1,3,2,02,1,1,000,000,1,0,1,3,1,36,5,1,2,00,2,1,1,200800037192B02,7,19,1
200800037217,2008-07-18,2008,juillet,vendredi,16:45,08,08188,49.825,4.83,2,3,1,1,1,3,2,02,1,1,000,000,1,5,1,3,1,51,5,0,0,00,2,3,15,200800037217B02,7,1,1
200800037261,2008-07-23,2008,juillet,mercredi,18:00,58,58086,0,0,2,1,3,1,1,4,2,02,1,1,000,063,1,0,1,3,1,46,5,0,0,00,2,3,15,200800037261B02,2,17,1
200800037268,2008-07-31,2008,juillet,jeudi,12:30,71,71170,0,0,2,1,3,1,1,4,2,02,1,1,000,050,1,0,1,4,1,48,5,0,0,00,2,1,15,200800037268B02,10,1,1
200800037286,2008-07-21,2008,juillet,lundi,18:00,89,89118,0,0,1,1,3,1,1,4,2,02,1,3,000,000,1,0,1,3,1,43,5,1,2,00,2,8,1,200800037286A01,33,1,1
200800037289,2008-07-10,2008,juillet,jeudi,17:45,89,89186,48.001,3.767,1,1,2,1,1,3,2,02,1,1,000,076,1,0,1,4,2,20,1,0,0,00,0,6,1,200800037289B02,7,2,1
200800037291,2008-07-21,2008,juillet,lundi,16:00,89,89382,0,0,1,1,3,1,1,2,2,00,1,2,000,073,1,0,1,3,1,32,5,1,2,00,2,8,15,200800037291B02,7,1,1
200800037333,2008-07-26,2008,juillet,samedi,90:0,39,39339,46.36,5.77,2,1,6,1,1,4,3,01,-1,3,038,027,1,5,4,1,1,44,5,1,2,00,9,4,2,200800037333A01,,,
200800037333,2008-07-26,2008,juillet,samedi,90:0,39,39339,46.36,5.77,2,1,6,1,1,4,3,01,-1,3,038,027,1,5,4,3,1,48,0,1,2,00,9,4,2,200800037333A01,,,
200800037337,2008-07-08,2008,juillet,mardi,13:00,70,70454,0,0,2,3,1,1,1,3,2,00,1,1,000,061,1,0,1,3,2,10,5,0,0,00,2,1,9,200800037337B02,7,1,1
200800037339,2008-07-23,2008,juillet,mercredi,17:30,70,70138,47.649,5.979,2,6,1,1,1,3,-1,01,1,2,000,000,1,5,1,3,1,37,5,1,2,00,2,1,1,200800037339B02,7,9,1
200800037344,2008-07-27,2008,juillet,dimanche,18:30,70,70220,0,0,2,1,3,1,1,4,2,02,1,1,000,000,1,0,1,3,1,13,5,0,0,00,0,3,15,200800037344A01,7,1,1
200800037347,2008-07-19,2008,juillet,samedi,12:45,70,70409,47.657,5.578,1,1,2,1,1,3,2,02,2,1,000,052,1,0,1,3,1,57,5,1,2,01,0,1,1,200800037347B02,10,23,1
200800037373,2008-07-22,2008,juillet,mardi,12:30,13,13014,43.505,5.152,1,1,3,1,1,3,2,02,-1,2,000,054,1,0,1,3,1,82,9,0,0,00,0,8,19,200800037373B02,7,1,1
200800037381,2008-07-04,2008,juillet,vendredi,15:15,04,04084,0,0,2,1,1,1,1,4,2,02,1,2,000,039,1,0,1,4,2,13,5,0,0,00,2,7,13,200800037381A01,7,1,1
200800037417,2008-07-10,2008,juillet,jeudi,90:0,06,06079,43.527,6.94,2,1,6,1,1,3,2,01,4,2,000,000,1,0,1,1,1,35,5,1,2,00,1,1,19,200800037417A01,,,
200800037479,2008-07-04,2008,juillet,vendredi,12:00,83,83071,43.136,6.219,1,1,1,1,1,4,2,02,1,1,000,000,1,0,1,4,1,60,5,0,0,00,0,1,0,200800037479B02,3,0,1
200800037483,2008-07-27,2008,juillet,dimanche,10:00,84,84054,0,0,2,1,1,1,7,3,2,02,1,2,000,075,1,0,5,3,2,20,1,0,0,00,2,1,1,200800037483B02,7,15,1
200800037487,2008-07-30,2008,juillet,mercredi,14:5,84,84092,43.965,4.855,2,1,1,5,1,4,1,01,1,1,049,000,1,0,1,3,1,34,1,0,0,00,2,1,1,200800037487B02,30,5,1
200800037493,2008-07-30,2008,juillet,mercredi,20:15,84,84086,0,0,1,1,2,2,1,3,2,00,1,1,000,071,1,0,1,3,1,55,5,0,0,00,0,0,0,200800037493B02,10,1,1
200800037500,2008-07-12,2008,juillet,samedi,17:30,84,84123,0,0,2,1,1,1,1,4,2,02,-1,2,000,000,1,0,1,3,1,16,5,1,2,00,2,1,16,200800037500B02,7,1,1
200800037506,2008-07-26,2008,juillet,samedi,11:15,84,84098,0,0,1,1,1,1,1,3,2,00,2,1,000,061,1,0,1,3,1,54,5,0,0,00,0,6,10,200800037506B02,7,1,1
200800037518,2008-07-22,2008,juillet,mardi,18:45,34,34189,0,0,1,1,1,1,1,3,2,00,2,1,000,084,1,0,1,4,2,43,5,0,0,00,0,8,10,200800037518A01,7,17,1
200800037526,2008-07-29,2008,juillet,mardi,21:00,34,34106,43.756,3.359,2,1,1,2,1,3,2,02,2,2,000,069,1,0,1,3,1,17,5,1,2,00,2,1,13,200800037526A01,7,1,1
200800037548,2008-07-14,2008,juillet,lundi,10:30,11,11188,0,0,1,1,1,1,1,3,2,02,-1,1,075,000,1,0,1,3,1,67,5,0,0,00,9,4,1,200800037548B02,2,1,1
200800037559,2008-07-08,2008,juillet,mardi,11:00,30,30341,0,0,1,1,1,1,1,4,2,01,2,3,000,047,1,0,1,3,1,29,5,1,9,00,2,1,23,200800037559B02,17,16,1
200800037560,2008-07-16,2008,juillet,mercredi,22:45,30,30276,43.651,4.199,1,1,2,3,1,3,2,04,1,1,000,144,1,0,1,3,1,47,5,0,0,00,0,4,1,200800037560B02,7,1,1
200800037562,2008-07-23,2008,juillet,mercredi,17:30,30,30344,0,0,1,1,2,1,1,3,2,02,1,3,000,068,1,0,1,4,2,38,5,1,2,00,2,4,1,200800037562B02,10,1,1
200800037657,2008-07-22,2008,juillet,mardi,19:00,91,91386,48.561,2.437,2,6,3,1,1,3,2,02,1,1,000,000,1,5,1,3,1,52,5,1,2,00,2,7,0,200800037657B02,7,1,1
200800037668,2008-07-15,2008,juillet,mardi,18:30,95,95142,49.163,1.94,2,1,3,1,1,3,2,02,-1,1,000,070,1,0,1,3,1,44,5,1,2,00,2,2,1,200800037668B02,38,15,1
200800037688,2008-07-01,2008,juillet,mardi,13:00,45,45098,0,0,2,1,1,1,1,4,2,00,1,-1,000,000,1,0,0,3,1,16,5,0,0,00,2,1,16,200800037688B02,7,1,1
200800037723,2008-07-13,2008,juillet,dimanche,16:45,28,28191,48.602,1.631,1,1,2,1,1,3,2,02,3,1,000,000,1,0,1,4,2,53,5,0,0,00,2,4,2,200800037723B02,7,2,1
200800037736,2008-07-11,2008,juillet,vendredi,64:5,28,28147,0,0,1,1,1,2,1,3,2,02,1,1,000,075,1,0,1,3,1,46,1,1,4,00,0,4,1,200800037736A01,7,1,1
200800037746,2008-07-30,2008,juillet,mercredi,11:30,36,36177,0,0,1,1,2,1,7,3,2,02,1,1,000,000,1,0,1,3,1,65,5,1,2,00,0,4,1,200800037746B02,7,2,1
200800037759,2008-07-24,2008,juillet,jeudi,18:45,37,37054,0,0,2,6,1,1,1,9,2,00,1,-1,000,050,1,5,1,3,2,10,5,0,0,00,2,0,1,200800037759B02,10,1,1
200800037772,2008-07-29,2008,juillet,mardi,93:0,41,41142,0,0,1,1,7,1,1,3,2,02,-1,3,000,040,1,0,0,3,1,67,5,1,2,00,0,3,14,200800037772A01,,,
200800037783,2008-07-25,2008,juillet,vendredi,14:30,29,29049,47.998,-3.893,2,1,1,1,2,4,2,00,4,1,000,053,2,0,1,4,1,11,5,0,0,00,2,3,15,200800037783B02,7,1,1
200800037794,2008-07-09,2008,juillet,mercredi,17:30,21,21515,0,0,1,1,3,1,1,3,2,02,1,1,000,090,1,5,1,3,1,19,1,0,0,00,2,1,1,200800037794B02,37,1,1
200800037795,2008-07-11,2008,juillet,vendredi,12:45,21,21540,0,0,1,1,2,1,1,3,2,00,2,2,066,000,1,0,1,3,1,37,3,1,4,00,2,4,1,200800037795B02,7,1,1
200800037881,2008-07-29,2008,juillet,mardi,21:30,67,67194,0,0,1,1,1,2,1,3,2,02,-1,1,000,068,1,0,1,3,2,44,5,1,9,00,2,8,2,200800037881B02,7,2,1
200800037881,2008-07-29,2008,juillet,mardi,21:30,67,67194,0,0,1,1,1,2,1,3,2,02,-1,1,000,068,1,0,1,3,1,9,0,1,4,00,2,8,2,200800037881B02,7,2,1
200800037946,2008-07-08,2008,juillet,mardi,19:15,42,42279,45.503,4.237,2,1,3,1,1,3,-1,00,-1,-1,000,000,-1,0,0,4,2,15,5,0,0,00,2,8,15,200800037946B02,7,17,1
200800037975,2008-07-28,2008,juillet,lundi,18:30,35,35210,0,0,1,2,1,1,1,4,2,00,1,1,000,047,1,0,1,3,1,15,5,0,0,00,2,8,19,200800037975B02,7,1,1
200800037977,2008-07-12,2008,juillet,samedi,16:00,56,56005,47.544,-2.873,1,1,1,1,1,3,2,02,1,1,000,080,1,0,3,3,1,70,5,1,2,00,0,0,5,200800037977B02,7,14,1
200800037981,2008-07-17,2008,juillet,jeudi,19:00,38,38339,45.609,5.171,2,1,3,1,1,4,2,00,1,1,000,000,1,0,1,3,1,13,0,0,0,00,0,1,1,200800037981B02,10,1,1
200800038023,2008-07-31,2008,juillet,jeudi,18:00,31,31175,43.125,0.728,2,6,1,1,1,1,1,01,1,3,000,060,1,3,1,3,2,19,1,0,0,00,2,7,19,200800038023A01,7,16,1
200800038039,2008-07-31,2008,juillet,jeudi,10:00,30,30034,0,0,1,4,5,1,1,3,2,00,-1,1,000,000,1,0,1,4,2,35,5,0,0,00,2,1,23,200800038039C03,10,15/1,2
200800038039,2008-07-31,2008,juillet,jeudi,10:00,30,30034,0,0,1,4,5,1,1,3,2,00,-1,1,000,000,1,0,1,1,1,33,5,0,0,00,2,4,23,200800038039D04,10,15/1,2
200800038039,2008-07-31,2008,juillet,jeudi,10:00,30,30034,0,0,1,4,5,1,1,3,2,00,-1,1,000,000,1,0,1,1,1,2,0,1,2,00,2,4,23,200800038039D04,10,15/1,2
200800038044,2008-07-21,2008,juillet,lundi,91:5,34,34192,0,0,1,2,2,1,1,3,2,02,-1,1,000,000,1,0,0,3,1,62,5,1,2,01,0,2,2,200800038044A01,10,0,1
200800038048,2008-07-26,2008,juillet,samedi,18:45,76,76252,0,0,2,1,3,1,1,6,-1,00,1,1,000,000,1,0,0,3,1,10,5,0,0,00,2,1,1,200800038048A01,7,1,1
200800038069,2008-07-05,2008,juillet,samedi,11:30,69,69260,0,0,2,1,7,1,1,3,2,02,1,1,010,063,1,0,1,3,1,70,5,1,2,00,0,7,1,200800038069A01,,,
200800038099,2008-07-03,2008,juillet,jeudi,17:15,59,59668,51.066,2.512,2,1,1,1,1,3,2,00,1,-1,000,074,1,0,1,3,1,14,5,1,2,00,2,2,17,200800038099A01,7,15,1
200800038103,2008-07-25,2008,juillet,vendredi,14:00,01,01053,0,0,2,1,3,1,1,4,2,02,1,1,000,000,1,0,1,4,1,12,5,1,9,00,2,7,9,200800038103A01,7,1,1
200800038112,2008-07-11,2008,juillet,vendredi,19:32,02,02691,0,0,2,1,3,1,1,4,2,02,2,2,000,072,1,0,1,4,1,16,5,1,9,00,2,7,19,200800038112B01,7,1,1
200800038114,2008-07-27,2008,juillet,dimanche,19:05,02,02691,0,0,2,1,6,1,1,4,1,01,1,1,000,055,1,0,1,4,1,25,5,1,9,00,2,7,23,200800038114B01,7,1,1
200800038132,2008-07-23,2008,juillet,mercredi,18:20,04,04112,0,0,1,1,3,1,1,3,-1,02,4,3,000,000,1,0,1,3,2,52,5,1,2,00,0,7,2,200800038132B01,33,2,1
200800038133,2008-07-20,2008,juillet,dimanche,10:40,05,05023,0,0,2,2,3,1,2,4,2,02,1,1,000,060,2,0,1,4,2,48,5,1,2,00,2,1,1,200800038133A01,7,15,1
200800038144,2008-07-05,2008,juillet,samedi,82:0,06,06004,0,0,2,1,3,1,1,4,2,02,-1,-1,000,070,1,0,1,4,1,72,5,1,2,00,2,0,0,200800038144A01,7,12,1
200800038181,2008-07-04,2008,juillet,vendredi,13:45,06,06029,0,0,2,1,3,1,1,4,1,02,1,1,000,080,1,0,1,4,1,14,0,1,9,00,2,1,0,200800038181B01,7,0,1
200800038190,2008-07-15,2008,juillet,mardi,21:40,06,06029,0,0,2,1,3,5,1,4,-1,02,1,1,000,100,-1,0,1,1,1,18,0,1,2,00,2,1,7,200800038190B01,7,15,1
200800038190,2008-07-15,2008,juillet,mardi,21:40,06,06029,0,0,2,1,3,5,1,4,-1,02,1,1,000,100,-1,0,1,4,2,18,0,1,2,00,2,1,7,200800038190B01,7,15,1