Num_Acc,date,an,mois,jour,hrmn,dep,com,lat,long,agg,int,col,lum,atm,catr,circ,nbv,prof,plan,lartpc,larrout,surf,infra,situ,grav,sexe,age,trajet,secuexist,equipement,obs,obsm,choc,manv,vehiculeid,typevehicules,manoeuvehicules,numVehicules
200800038207,2008-07-06,2008,juillet,dimanche,10:50,06,06069,0,0,2,3,3,1,1,3,2,02,2,1,000,000,1,0,1,4,2,20,0,1,9,00,2,2,17,200800038207A01,7,15,1
200800038229,2008-07-14,2008,juillet,lundi,12:45,06,06104,0,0,2,1,6,1,1,4,2,02,1,1,000,040,1,0,1,4,1,49,0,1,2,01,0,1,1,200800038229B01,7,24,1
200800038235,2008-07-25,2008,juillet,vendredi,17:50,06,06083,0,0,2,6,3,1,1,3,1,01,1,1,000,000,1,0,0,4,2,48,0,1,2,00,2,0,1,200800038235B01,7,0,1
200800038256,2008-07-04,2008,juillet,vendredi,15:03,06,06088,0,0,2,1,6,1,1,4,2,02,1,1,000,067,1,0,1,4,1,59,5,1,2,00,2,1,1,200800038256B01,10,4,1
200800038329,2008-07-21,2008,juillet,lundi,74:0,06,06088,0,0,1,1,2,1,1,4,3,05,1,1,040,102,1,0,1,4,1,60,0,1,2,00,0,4,2,200800038329B01,32,2,1
200800038368,2008-07-16,2008,juillet,mercredi,70:5,07,07281,0,0,2,1,3,1,7,4,2,02,1,4,000,100,1,5,5,4,1,53,1,1,4,00,2,1,2,200800038368B01,7,2,1
200800038387,2008-07-09,2008,juillet,mercredi,85:0,11,11262,0,0,2,3,3,1,1,4,2,02,1,1,000,000,1,0,1,4,1,17,4,1,9,00,2,2,1,200800038387B01,7,1,1
200800038392,2008-07-24,2008,juillet,jeudi,14:00,11,11262,0,0,2,2,6,1,1,4,1,01,1,1,000,000,1,0,1,3,1,29,5,1,9,00,2,6,1,200800038392A01,7,1,1
200800038426,2008-07-15,2008,juillet,mardi,30:,13,13004,0,0,2,1,1,5,1,4,2,03,1,1,000,094,1,0,1,4,1,18,5,1,9,00,2,1,5,200800038426A01,7,1,1
200800038431,2008-07-24,2008,juillet,jeudi,10:40,13,13004,0,0,1,1,3,1,1,3,2,02,1,1,000,123,1,0,1,4,1,74,5,1,2,00,2,8,1,200800038431B01,10,14,1
200800038449,2008-07-17,2008,juillet,jeudi,17:50,13,13063,0,0,2,1,7,1,1,4,3,02,1,1,000,000,1,0,1,4,2,5,5,1,2,00,2,3,19,200800038449B01,7,1,1
200800038449,2008-07-17,2008,juillet,jeudi,17:50,13,13063,0,0,2,1,7,1,1,4,3,02,1,1,000,000,1,0,1,4,2,7,5,1,2,00,2,7,19,200800038449C01,7,1,1
200800038508,2008-07-15,2008,juillet,mardi,10:10,13,13055,0,0,1,1,2,1,1,4,2,04,2,1,000,000,1,0,5,2,1,74,0,1,4,00,2,0,2,200800038508B01,7,14,1
200800038511,2008-07-08,2008,juillet,mardi,93:0,13,13055,0,0,2,1,2,1,1,4,2,05,1,1,017,149,1,0,1,4,1,69,5,1,2,00,2,4,1,200800038511B01,33,21,1
200800038673,2008-07-20,2008,juillet,dimanche,22:0,13,13055,0,0,2,2,6,5,1,4,2,03,1,1,000,223,1,0,1,4,2,24,1,1,9,00,0,8,2,200800038673B01,7,16,1
200800038731,2008-07-04,2008,juillet,vendredi,13:50,14,14327,0,0,1,1,2,1,1,3,1,03,1,1,000,000,1,0,1,3,2,50,1,1,2,00,0,4,1,200800038731B01,7,3,1
200800038733,2008-07-07,2008,juillet,lundi,16:45,14,14118,0,0,2,1,3,1,1,4,2,02,1,1,000,100,1,0,4,4,2,52,5,1,9,00,2,3,1,200800038733B01,7,15,1
200800038747,2008-07-29,2008,juillet,mardi,15:20,14,14366,0,0,2,3,6,1,1,4,2,02,1,-1,000,000,1,0,1,4,1,47,5,1,2,00,1,1,16,200800038747A01,,,
200800038750,2008-07-10,2008,juillet,jeudi,18:15,15,15014,0,0,2,2,3,1,1,4,2,02,3,1,000,000,-1,0,1,3,1,17,3,1,9,00,2,1,1,200800038750B01,7,9,1
200800038759,2008-07-19,2008,juillet,samedi,11:00,17,17299,0,0,2,3,3,1,1,4,2,02,1,1,000,060,1,5,1,4,2,18,5,1,9,00,2,1,1,200800038759A01,7,1,1
200800038761,2008-07-23,2008,juillet,mercredi,15:45,17,17299,0,0,2,1,7,1,1,4,2,02,1,1,000,100,1,0,1,4,1,14,5,1,2,00,0,1,1,200800038761A01,,,
200800038776,2008-07-14,2008,juillet,lundi,21:15,17,17300,0,0,2,1,1,1,1,4,2,00,1,1,000,000,1,0,1,4,2,23,5,1,2,00,2,1,9,200800038776A01,14,16,1
200800038782,2008-07-20,2008,juillet,dimanche,15:40,17,17300,0,0,2,2,3,1,1,4,2,02,1,1,000,000,1,0,1,4,1,27,0,1,4,00,2,1,1,200800038782B01,7,15,1
200800038793,2008-07-28,2008,juillet,lundi,10:25,17,17300,0,0,2,2,3,1,1,4,2,02,1,-1,000,000,1,0,1,4,1,6,5,1,9,00,2,1,1,200800038793A01,10,16,1
200800038794,2008-07-28,2008,juillet,lundi,15:55,17,17300,0,0,2,3,3,1,1,4,2,00,1,1,000,000,1,0,5,4,1,62,5,1,2,00,2,7,1,200800038794B01,7,1,1
200800038796,2008-07-29,2008,juillet,mardi,16:40,17,17300,0,0,2,1,1,1,1,9,2,02,1,1,000,030,1,0,5,4,1,68,0,1,9,00,2,1,1,200800038796B01,2,13,1
200800038815,2008-07-17,2008,juillet,jeudi,18:00,17,17306,0,0,2,1,2,1,1,4,2,02,1,1,000,000,1,0,1,4,2,18,5,1,9,00,2,1,1,200800038815A01,7,1,1
200800038826,2008-07-26,2008,juillet,samedi,83:0,17,17333,0,0,2,6,3,1,1,4,2,02,1,1,000,000,1,0,1,4,1,73,5,1,2,00,2,1,1,200800038826B01,7,9,1
200800038865,2008-07-05,2008,juillet,samedi,50:5,19,19031,0,0,2,1,6,5,1,4,-1,00,1,1,000,000,1,0,1,3,1,33,5,1,2,01,2,1,1,200800038865B01,7,1,1
200800038868,2008-07-12,2008,juillet,samedi,10:45,19,19031,0,0,2,1,3,1,1,4,1,02,1,1,000,000,1,0,1,4,1,90,5,1,2,00,2,4,1,200800038868B01,7,1,1
200800038887,2008-07-04,2008,juillet,vendredi,16:45,21,21231,0,0,2,2,3,1,1,4,1,02,-1,1,000,000,1,5,0,4,2,15,5,1,2,00,2,8,19,200800038887B01,7,1,1
200800038897,2008-07-09,2008,juillet,mercredi,19:55,21,21231,0,0,2,7,3,1,1,4,2,04,1,1,000,000,1,5,0,4,2,25,5,1,2,00,2,1,19,200800038897B01,7,1,1
200800038899,2008-07-10,2008,juillet,jeudi,18:07,21,21231,0,0,2,1,1,1,1,4,2,02,4,-1,000,000,1,6,1,4,2,46,1,1,2,00,2,1,1,200800038899B01,2,1,1
200800038912,2008-07-01,2008,juillet,mardi,18:00,22,22113,0,0,2,6,3,1,1,3,1,02,1,3,000,000,1,0,5,4,1,40,1,1,2,00,2,1,1,200800038912B01,14,16,1
200800038916,2008-07-04,2008,juillet,vendredi,93:5,22,22278,0,0,2,1,3,1,1,4,3,04,1,1,000,073,1,5,1,3,2,28,0,1,4,00,2,8,19,200800038916A01,7,1,1
200800038935,2008-07-17,2008,juillet,jeudi,19:00,24,24557,0,0,2,1,6,1,1,5,2,01,1,1,000,030,1,0,5,4,1,53,5,1,2,00,1,1,17,200800038935A01,,,
200800038935,2008-07-17,2008,juillet,jeudi,19:00,24,24557,0,0,2,1,6,1,1,5,2,01,1,1,000,030,1,0,5,4,2,17,0,0,0,00,1,1,17,200800038935A01,,,
200800038952,2008-07-28,2008,juillet,lundi,84:0,25,25056,0,0,2,1,3,1,1,4,-1,02,1,1,000,070,-1,0,1,4,1,43,0,0,0,00,0,1,1,200800038952B01,7,1,1
200800038967,2008-07-21,2008,juillet,lundi,13:45,26,26057,0,0,2,3,3,1,1,4,2,02,1,1,000,064,1,0,1,4,1,15,5,1,9,01,0,1,1,200800038967B01,7,0,1
200800038978,2008-07-29,2008,juillet,mardi,21:51,26,26362,0,0,2,2,3,5,1,3,1,02,1,1,000,040,1,0,1,4,1,61,0,1,9,00,2,1,1,200800038978A01,7,1,1
200800038988,2008-07-19,2008,juillet,samedi,14:50,27,27562,0,0,2,1,6,1,1,4,2,02,1,1,000,065,1,0,0,4,2,17,5,1,2,12,0,0,1,200800038988A01,,,
200800038991,2008-07-17,2008,juillet,jeudi,18:10,27,27681,0,0,2,2,6,1,1,3,2,02,1,1,000,072,1,0,1,3,1,13,0,1,2,00,2,1,15,200800038991B01,7,18,1
200800038991,2008-07-17,2008,juillet,jeudi,18:10,27,27681,0,0,2,2,6,1,1,3,2,02,1,1,000,072,1,0,1,4,1,14,5,1,2,00,2,1,15,200800038991B01,7,18,1
200800039001,2008-07-15,2008,juillet,mardi,15:30,28,28085,0,0,2,1,3,1,1,4,1,01,-1,-1,000,000,1,0,1,4,2,15,0,1,9,00,2,1,0,200800039001A01,7,16,1
200800039003,2008-07-28,2008,juillet,lundi,10:35,28,28085,0,0,2,1,6,1,1,4,2,01,1,1,000,000,1,0,1,4,1,81,0,1,2,00,2,4,2,200800039003B01,7,2,1
200800039005,2008-07-31,2008,juillet,jeudi,13:30,28,28134,0,0,2,3,3,1,1,4,2,02,1,1,000,000,1,0,0,3,1,8,5,1,9,00,2,1,5,200800039005A01,7,1,1
200800039025,2008-07-23,2008,juillet,mercredi,18:45,29,29151,0,0,1,1,3,1,1,3,2,02,1,2,000,054,1,0,3,4,1,69,5,1,2,00,2,6,17,200800039025B01,33,14,1
200800039031,2008-07-25,2008,juillet,vendredi,93:8,29,29232,0,0,2,6,3,1,1,4,3,04,3,1,000,060,1,0,1,4,1,34,0,0,0,00,2,7,1,200800039031B01,7,9,1
200800039065,2008-07-08,2008,juillet,mardi,10:40,30,30189,0,0,2,1,2,1,1,4,2,00,-1,1,000,118,1,0,1,4,1,16,0,1,2,00,2,0,1,200800039065A01,7,0,1
200800039068,2008-07-08,2008,juillet,mardi,18:21,30,30189,43.8272,4.37429,2,6,6,1,1,4,2,03,1,3,000,091,1,0,1,4,2,45,5,1,9,00,2,8,16,200800039068B01,7,9,1
200800039072,2008-07-10,2008,juillet,jeudi,18:07,30,30189,43.84015,4.36281,2,9,3,1,1,4,2,01,1,1,000,073,1,0,1,4,2,28,0,1,2,00,2,1,19,200800039072B01,7,1,1
200800039083,2008-07-17,2008,juillet,jeudi,90:0,30,30189,0,0,1,1,3,1,1,2,-1,02,-1,2,000,142,1,0,1,3,1,58,0,1,2,00,2,8,0,200800039083B01,99,0,1
200800039092,2008-07-25,2008,juillet,vendredi,12:10,30,30189,43.87625,4.31438,1,1,2,1,1,2,2,03,1,1,000,110,1,0,1,4,1,28,5,1,4,00,2,4,2,200800039092B01,7,2,1
200800039112,2008-07-24,2008,juillet,jeudi,72:0,31,31149,0,0,2,3,3,1,1,4,2,02,1,1,000,040,1,0,1,3,1,53,1,1,2,00,2,1,1,200800039112A01,7,1,1
200800039116,2008-07-01,2008,juillet,mardi,12:15,31,31555,0,0,2,6,3,1,1,4,1,02,2,1,000,000,1,0,1,4,2,61,5,1,2,00,2,4,1,200800039116B01,10,12,1
200800039130,2008-07-05,2008,juillet,samedi,20:20,31,31555,0,0,2,2,1,1,1,4,1,01,1,1,000,040,1,0,1,4,1,19,5,1,9,00,2,2,0,200800039130A01,7,0,1
200800039143,2008-07-13,2008,juillet,dimanche,17:30,31,31555,0,0,2,1,3,1,1,4,1,02,1,1,000,080,1,0,1,4,2,39,0,1,9,00,2,0,0,200800039143B01,7,0,1
200800039145,2008-07-15,2008,juillet,mardi,85:5,31,31555,0,0,2,1,6,1,1,4,2,04,1,1,000,120,1,0,1,4,2,43,5,1,2,01,0,1,1,200800039145B01,7,22,1
200800039146,2008-07-15,2008,juillet,mardi,91:0,31,31555,0,0,2,1,3,1,1,4,1,01,1,1,000,000,-1,0,1,4,1,45,0,1,9,00,2,2,0,200800039146B01,7,0,1
200800039176,2008-07-30,2008,juillet,mercredi,75:0,31,31555,0,0,2,1,3,1,1,4,1,01,1,1,000,075,1,0,1,1,1,29,0,1,2,00,2,0,0,200800039176B01,31,17,1
200800039192,2008-07-29,2008,juillet,mardi,12:20,33,33529,0,0,2,2,3,1,1,4,2,02,1,1,020,060,1,0,1,4,2,68,5,1,9,00,2,1,1,200800039192B01,7,1,1
200800039199,2008-07-02,2008,juillet,mercredi,10:30,33,33063,0,0,2,1,3,1,1,4,2,03,1,1,000,120,1,0,1,3,2,35,0,1,9,00,2,1,1,200800039199B01,7,22,1
200800039201,2008-07-04,2008,juillet,vendredi,19:15,33,33063,0,0,2,3,3,1,1,4,2,01,1,1,000,000,1,0,1,3,2,98,0,1,9,00,0,1,1,200800039201A01,7,15,1
200800039211,2008-07-08,2008,juillet,mardi,19:20,33,33063,0,0,2,1,3,1,1,4,2,02,1,1,000,000,-1,0,1,4,2,68,0,1,9,00,0,7,1,200800039211A01,32,1,1
200800039217,2008-07-10,2008,juillet,jeudi,12:00,33,33063,0,0,2,1,6,1,1,4,2,02,2,1,000,084,1,0,1,1,1,24,0,1,9,00,1,0,1,200800039217A01,,,
200800039221,2008-07-02,2008,juillet,mercredi,11:00,33,33069,0,0,2,6,3,1,1,4,1,01,1,3,000,000,1,0,1,4,1,19,4,1,9,00,0,7,1,200800039221B01,7,16,1
200800039228,2008-07-09,2008,juillet,mercredi,16:00,33,33281,0,0,2,1,3,1,1,4,1,01,4,4,000,040,1,0,1,3,1,79,5,1,2,00,2,1,1,200800039228A01,7,1,1
200800039241,2008-07-18,2008,juillet,vendredi,19:10,33,33063,0,0,2,2,3,1,1,4,2,02,1,1,000,000,1,0,1,4,1,20,0,1,4,00,2,1,1,200800039241B01,7,15,1
200800039242,2008-07-20,2008,juillet,dimanche,20:10,33,33063,0,0,2,1,2,1,1,4,2,02,1,1,000,072,1,0,1,4,1,26,0,1,4,00,2,1,1,200800039242A01,7,23,1
200800039254,2008-07-23,2008,juillet,mercredi,15:20,33,33063,0,0,2,2,2,2,1,4,2,02,1,1,000,000,1,0,1,4,2,41,4,1,9,00,0,4,1,200800039254A01,7,15,1
200800039256,2008-07-23,2008,juillet,mercredi,18:05,33,33063,0,0,2,2,3,1,1,4,2,02,1,1,000,000,1,0,1,4,1,48,0,1,9,00,0,3,1,200800039256B01,10,15,1
200800039262,2008-07-27,2008,juillet,dimanche,19:25,33,33063,0,0,2,1,6,1,1,4,1,01,4,1,000,080,1,6,1,1,1,32,0,1,4,00,1,0,1,200800039262A01,,,
200800039262,2008-07-27,2008,juillet,dimanche,19:25,33,33063,0,0,2,1,6,1,1,4,1,01,4,1,000,080,1,6,1,4,2,38,0,0,0,00,1,0,1,200800039262A01,,,
200800039263,2008-07-25,2008,juillet,vendredi,13:30,33,33063,0,0,2,3,3,1,1,4,1,01,1,1,000,000,1,0,1,4,2,29,0,1,4,00,2,0,1,200800039263A01,30,17,1
200800039275,2008-07-30,2008,juillet,mercredi,91:0,33,33063,0,0,2,2,3,1,1,4,2,02,1,3,000,000,1,0,1,4,2,48,1,1,9,00,2,1,1,200800039275B01,7,16,1
200800039276,2008-07-29,2008,juillet,mardi,19:00,33,33063,0,0,2,2,1,1,1,4,1,01,4,1,000,030,1,0,1,3,2,44,0,1,4,00,2,1,1,200800039276B01,1,1,1
200800039276,2008-07-29,2008,juillet,mardi,19:00,33,33063,0,0,2,2,1,1,1,4,1,01,4,1,000,030,1,0,1,1,1,18,0,1,4,00,2,1,1,200800039276A01,1,1,1
200800039280,2008-07-30,2008,juillet,mercredi,16:30,33,33063,0,0,2,1,3,1,1,4,3,05,1,1,030,106,1,0,5,4,1,31,4,1,4,01,0,1,1,200800039280B01,7,24,1
200800039338,2008-07-06,2008,juillet,dimanche,11:35,34,34129,43.5716,3.91502,2,6,3,1,1,4,2,02,1,4,000,034,1,0,0,3,1,61,5,1,9,00,0,7,1,200800039338B01,7,1,1
200800039387,2008-07-03,2008,juillet,jeudi,15:20,35,35238,0,0,2,1,7,1,1,4,-1,00,-1,-1,000,000,-1,0,1,3,2,42,0,1,2,00,0,0,11,200800039387A01,,,
200800039398,2008-07-12,2008,juillet,samedi,12:45,35,35238,0,0,2,1,6,1,1,4,2,00,-1,-1,000,000,1,0,1,4,2,46,9,1,9,16,0,0,1,200800039398A01,,,
200800039409,2008-07-21,2008,juillet,lundi,10:00,35,35238,0,0,1,6,3,1,1,4,2,02,1,1,000,000,1,0,1,4,2,16,5,1,9,00,2,0,1,200800039409B01,7,9,1
200800039410,2008-07-21,2008,juillet,lundi,18:03,35,35238,0,0,2,9,3,1,1,3,2,02,4,1,000,000,1,0,1,4,1,74,5,1,9,00,2,0,1,200800039410B01,7,9,1
200800039411,2008-07-22,2008,juillet,mardi,12:40,35,35281,0,0,2,1,7,1,1,4,2,00,1,1,000,000,1,0,1,4,1,51,0,1,9,00,0,0,21,200800039411A01,,,
200800039431,2008-07-07,2008,juillet,lundi,73:7,36,36044,0,0,2,1,7,1,1,4,2,02,1,1,000,090,1,0,1,4,1,44,5,1,9,00,0,0,1,200800039431A01,,,
200800039446,2008-07-03,2008,juillet,jeudi,11:30,37,37261,0,0,2,1,6,1,1,9,-1,01,1,1,000,000,1,0,5,4,1,13,0,1,9,01,0,0,0,200800039446A01,,,
200800039457,2008-07-09,2008,juillet,mercredi,17:03,38,38053,0,0,1,1,3,1,1,4,2,02,1,3,000,049,1,0,1,4,1,15,5,1,9,00,2,1,1,200800039457A01,7,1,1
200800039459,2008-07-01,2008,juillet,mardi,94:5,38,38421,0,0,2,1,3,1,1,4,2,05,1,1,000,180,1,0,5,3,1,74,0,1,9,00,2,1,1,200800039459B01,7,16,1
200800039461,2008-07-03,2008,juillet,jeudi,42:0,38,38516,0,0,2,1,6,5,1,4,2,02,1,2,000,070,1,0,1,4,2,29,1,1,9,00,2,1,14,200800039461B01,7,18,1
200800039471,2008-07-16,2008,juillet,mercredi,15:25,38,38185,0,0,2,1,3,1,1,4,2,05,1,1,000,160,1,0,1,3,1,13,9,1,9,00,2,1,19,200800039471B01,7,1,1
200800039479,2008-07-26,2008,juillet,samedi,13:40,38,38169,0,0,2,2,3,1,1,4,2,02,1,1,000,070,1,0,1,4,1,24,1,1,9,00,2,1,1,200800039479A01,30,1,1
200800039483,2008-07-30,2008,juillet,mercredi,19:40,38,38185,0,0,2,1,3,1,1,4,2,02,1,3,000,090,1,0,5,4,1,25,0,1,9,00,2,1,1,200800039483B01,10,15,1
200800039493,2008-07-25,2008,juillet,vendredi,17:18,39,39300,0,0,2,1,6,1,1,3,2,02,1,1,000,092,1,0,1,3,2,39,1,1,2,00,2,1,1,200800039493B01,7,13,1
200800039509,2008-07-26,2008,juillet,samedi,18:30,41,41018,0,0,2,1,7,1,1,4,2,02,1,1,000,000,1,0,1,4,1,20,0,1,9,15,2,1,2,200800039509B01,7,0,1
200800039535,2008-07-16,2008,juillet,mercredi,17:30,42,42187,0,0,2,2,3,1,1,3,2,02,1,1,000,095,1,0,1,3,2,55,5,1,9,00,2,4,2,200800039535B01,7,1,1
200800039549,2008-07-04,2008,juillet,vendredi,16:25,42,42218,0,0,2,1,2,1,1,4,2,04,1,1,000,120,1,0,1,4,2,21,5,1,9,00,2,1,2,200800039549A01,7,2,1
200800039557,2008-07-15,2008,juillet,mardi,13:21,42,42218,0,0,2,3,3,1,1,4,2,02,1,1,000,084,1,5,1,4,1,25,1,1,2,00,2,0,1,200800039557A01,10,0,1
200800039576,2008-07-05,2008,juillet,samedi,18:48,44,44132,0,0,2,1,3,1,1,4,1,01,1,2,000,080,1,0,5,4,2,35,0,1,2,00,9,8,2,200800039576B01,30,2,1
200800039579,2008-07-13,2008,juillet,dimanche,14:11,44,44132,0,0,2,1,1,1,1,4,2,01,1,2,000,048,1,0,5,4,1,44,0,1,2,00,2,2,1,200800039579B01,30,9,1
200800039581,2008-07-15,2008,juillet,mardi,16:40,44,44132,0,0,2,1,6,1,1,4,1,01,1,1,000,020,1,0,5,3,1,62,0,1,2,00,1,1,1,200800039581A01,,,
200800039586,2008-07-27,2008,juillet,dimanche,13:00,44,44135,0,0,2,6,7,1,1,4,2,02,1,1,000,050,1,5,1,4,1,74,5,1,2,00,2,8,16,200800039586B01,7,16,1
200800039590,2008-07-07,2008,juillet,lundi,21:50,44,44109,0,0,2,1,2,2,2,4,3,00,1,1,000,025,2,0,1,4,2,17,0,1,9,00,2,4,1,200800039590B01,7,0,1
200800039593,2008-07-04,2008,juillet,vendredi,13:15,44,44162,0,0,2,6,3,1,8,4,2,02,3,1,000,060,1,0,2,4,2,34,9,1,9,00,2,5,1,200800039593B01,7,9,1
200800039607,2008-07-18,2008,juillet,vendredi,18:30,44,44109,0,0,1,3,3,1,1,4,2,01,1,2,000,086,1,5,1,4,2,20,0,1,2,00,2,1,1,200800039607A01,7,15,1
200800039613,2008-07-24,2008,juillet,jeudi,80:0,44,44143,0,0,2,3,6,1,1,4,3,02,2,1,000,074,1,0,1,4,1,23,0,1,9,00,2,1,1,200800039613B01,10,16,1
200800039616,2008-07-23,2008,juillet,mercredi,13:30,44,44109,0,0,2,2,6,1,1,4,2,00,1,1,000,080,1,0,1,4,1,18,5,1,2,00,2,1,16,200800039616B01,7,13,1
200800039619,2008-07-27,2008,juillet,dimanche,11:50,44,44109,0,0,2,1,6,1,1,4,2,02,2,1,000,057,1,0,1,4,2,14,0,1,9,01,0,1,1,200800039619A01,,,
200800039629,2008-07-03,2008,juillet,jeudi,16:50,45,45285,0,0,2,1,1,1,1,4,2,02,1,1,000,058,1,0,1,4,1,11,0,1,2,00,2,1,19,200800039629A01,10,1,1
200800039639,2008-07-13,2008,juillet,dimanche,19:20,45,45284,0,0,2,3,3,1,1,4,2,02,1,1,000,062,1,0,1,4,1,17,9,1,2,00,2,0,15,200800039639B01,7,1,1
200800039641,2008-07-14,2008,juillet,lundi,12:10,45,45234,0,0,2,6,3,1,1,4,2,02,1,1,000,080,1,5,1,4,1,36,0,1,2,00,2,4,1,200800039641B01,7,9,1
200800039642,2008-07-15,2008,juillet,mardi,17:20,45,45285,0,0,2,1,3,1,1,4,2,02,1,1,000,029,1,0,1,3,1,10,0,1,2,00,2,8,19,200800039642A01,7,1,1
200800039644,2008-07-20,2008,juillet,dimanche,19:40,45,45234,0,0,2,2,3,1,1,4,2,02,1,1,000,097,1,0,0,4,1,12,5,1,2,00,2,1,15,200800039644B01,7,17,1
200800039660,2008-07-12,2008,juillet,samedi,18:10,47,47323,0,0,2,3,3,1,1,4,-1,02,2,-1,000,000,1,0,1,3,2,79,9,1,9,00,2,0,9,200800039660A01,30,1,1
200800039664,2008-07-01,2008,juillet,mardi,81:7,49,49007,0,0,2,1,7,1,1,4,2,02,1,1,000,000,1,0,1,4,2,13,2,1,2,00,0,0,0,200800039664A01,,,
200800039666,2008-07-01,2008,juillet,mardi,18:48,49,49007,0,0,2,1,6,1,1,4,2,02,1,1,000,000,1,0,1,4,1,24,5,1,2,00,2,7,2,200800039666A01,7,2,1
200800039669,2008-07-02,2008,juillet,mercredi,17:17,49,49007,0,0,2,1,3,1,1,4,-1,02,1,1,000,000,1,0,1,4,1,15,0,1,2,00,2,1,0,200800039669B01,7,0,1
200800039671,2008-07-07,2008,juillet,lundi,17:14,49,49007,0,0,2,1,7,1,1,4,2,02,1,1,000,080,1,0,1,4,1,53,0,1,2,00,0,0,0,200800039671A01,,,
200800039673,2008-07-06,2008,juillet,dimanche,10:23,49,49007,0,0,2,1,3,1,1,4,2,02,1,1,000,061,1,0,1,4,1,63,0,1,2,00,2,1,1,200800039673B01,7,16,1
200800039676,2008-07-13,2008,juillet,dimanche,16:00,49,49246,0,0,2,1,3,1,1,4,2,02,1,1,000,060,1,0,1,4,1,18,0,1,2,00,2,0,1,200800039676B01,30,17,1
200800039682,2008-07-24,2008,juillet,jeudi,17:38,49,49007,0,0,2,1,6,1,1,4,3,04,1,1,000,000,1,0,1,3,1,15,5,1,2,00,2,7,19,200800039682B01,7,1,1
200800039683,2008-07-24,2008,juillet,jeudi,85:0,49,49007,0,0,2,3,6,1,1,4,1,02,1,1,000,122,1,5,1,2,2,26,1,1,9,00,2,1,1,200800039683B01,17,16,1
200800039684,2008-07-25,2008,juillet,vendredi,90:8,49,49007,0,0,2,1,7,1,1,4,2,04,1,1,005,150,1,0,1,4,2,58,5,1,2,12,0,1,1,200800039684A01,,,
200800039692,2008-07-29,2008,juillet,mardi,10:30,49,49007,0,0,2,1,6,1,1,4,2,02,1,1,000,093,1,0,1,4,1,45,5,1,2,00,2,3,1,200800039692B01,10,17,1
200800039693,2008-07-29,2008,juillet,mardi,16:30,49,49007,0,0,2,1,7,1,1,4,2,02,1,1,000,060,1,0,1,4,2,44,0,1,2,00,0,0,1,200800039693A01,,,
200800039701,2008-07-18,2008,juillet,vendredi,14:30,49,49099,0,0,2,1,3,1,1,3,3,04,1,3,000,000,1,0,1,4,2,65,5,1,9,00,2,3,1,200800039701B01,30,9,1
200800039704,2008-07-30,2008,juillet,mercredi,10:30,49,49099,0,0,2,6,3,1,1,3,3,04,1,1,000,000,1,0,0,3,1,74,5,1,9,00,0,4,1,200800039704B01,7,1,1
200800039710,2008-07-04,2008,juillet,vendredi,17:30,50,50129,0,0,2,3,7,1,1,4,2,02,1,1,000,000,1,5,1,3,1,13,5,1,2,00,2,1,1,200800039710B01,7,15,1
200800039728,2008-07-22,2008,juillet,mardi,10:30,50,50165,0,0,2,1,3,1,1,4,2,02,1,1,044,030,1,0,1,4,2,63,5,1,9,00,2,8,1,200800039728B01,7,17,1
200800039735,2008-07-24,2008,juillet,jeudi,20:25,51,51108,0,0,2,9,6,1,1,4,1,01,2,1,000,000,1,0,0,4,2,16,5,1,4,00,2,1,1,200800039735A01,,,
200800039735,2008-07-24,2008,juillet,jeudi,20:25,51,51108,0,0,2,9,6,1,1,4,1,01,2,1,000,000,1,0,0,4,2,10,0,1,4,00,2,1,1,200800039735A01,,,
200800039747,2008-07-10,2008,juillet,jeudi,10:00,52,52121,0,0,2,1,6,1,1,4,2,02,1,1,000,055,1,0,1,4,1,18,5,1,9,00,2,1,1,200800039747B01,7,10,1
200800039749,2008-07-22,2008,juillet,mardi,15:10,52,52121,0,0,2,2,6,1,1,3,2,03,2,1,000,101,1,0,0,4,1,65,5,1,9,00,2,8,19,200800039749A01,7,21,1
200800039775,2008-07-07,2008,juillet,lundi,18:15,54,54257,0,0,2,1,6,1,1,4,2,02,1,1,000,000,1,0,4,1,1,20,5,1,2,00,1,1,1,200800039775A01,,,
200800039776,2008-07-09,2008,juillet,mercredi,12:50,54,54395,0,0,2,1,3,1,1,4,1,01,1,1,000,000,1,0,1,4,2,32,5,1,2,00,2,1,1,200800039776B01,7,24,1
200800039778,2008-07-10,2008,juillet,jeudi,94:5,54,54395,0,0,2,2,6,1,1,4,2,04,1,1,000,000,1,0,0,4,2,36,1,1,2,00,2,4,1,200800039778B01,2,2,1
200800039793,2008-07-19,2008,juillet,samedi,11:35,55,55029,0,0,2,1,6,1,1,4,2,02,1,1,000,120,1,0,1,4,1,17,5,1,9,16,0,0,1,200800039793A01,,,
200800039797,2008-07-06,2008,juillet,dimanche,19:00,55,55545,0,0,2,1,2,1,1,4,1,02,1,1,000,068,1,2,1,4,1,14,0,1,9,00,2,1,2,200800039797A01,7,2,1
200800039811,2008-07-17,2008,juillet,jeudi,16:55,56,56162,0,0,2,1,7,1,1,9,2,02,1,1,000,000,1,0,1,4,1,14,5,1,9,00,0,0,1,200800039811A01,,,
200800039814,2008-07-20,2008,juillet,dimanche,15:30,56,56107,0,0,2,1,7,1,1,9,2,02,2,1,000,000,1,0,1,4,1,44,5,1,2,00,0,0,1,200800039814A01,,,
200800039815,2008-07-21,2008,juillet,lundi,82:5,56,56121,0,0,2,1,3,1,1,9,2,02,2,1,000,000,1,0,1,4,1,36,5,1,9,00,2,1,10,200800039815B01,7,15,1