Num_Acc,date,an,mois,jour,hrmn,dep,com,lat,long,agg,int,col,lum,atm,catr,circ,nbv,prof,plan,lartpc,larrout,surf,infra,situ,grav,sexe,age,trajet,secuexist,equipement,obs,obsm,choc,manv,vehiculeid,typevehicules,manoeuvehicules,numVehicules
200800043249,2008-08-02,2008,août,samedi,17:20,92,92049,0,0,2,1,6,1,1,3,1,02,1,1,000,000,1,0,1,1,2,15,5,0,0,00,0,0,1,200800043249A01,,,
200800043253,2008-08-25,2008,août,lundi,16:30,92,92049,0,0,2,1,6,1,1,3,3,08,1,1,000,000,1,0,1,4,1,19,0,1,9,00,0,0,1,200800043253B01,10,24,1
200800043288,2008-08-05,2008,août,mardi,21:18,93,93001,0,0,2,1,3,2,1,4,1,01,1,1,000,060,1,0,1,3,1,8,0,1,9,00,2,0,0,200800043288B01,7,0,1
200800043322,2008-08-12,2008,août,mardi,13:05,93,93057,0,0,2,2,3,1,1,4,4,02,1,1,000,080,1,0,1,3,1,12,0,1,9,00,2,1,1,200800043322A01,7,2,1
200800043340,2008-08-05,2008,août,mardi,14:25,93,93032,0,0,2,1,2,1,1,4,1,02,1,1,000,070,1,0,1,4,1,17,5,1,2,00,2,4,2,200800043340B01,33,1,1
200800043394,2008-08-26,2008,août,mardi,14:57,93,93055,0,0,2,3,3,1,1,4,-1,01,1,3,000,030,1,0,1,3,1,47,9,1,9,00,2,0,1,200800043394B01,7,2,1
200800043401,2008-08-20,2008,août,mercredi,45:8,93,93014,0,0,2,2,1,5,1,4,2,02,1,2,000,040,1,0,0,3,1,33,1,1,4,00,2,1,1,200800043401B01,7,13,1
200800043409,2008-08-27,2008,août,mercredi,11:25,93,93064,0,0,2,1,3,1,1,2,1,01,1,1,000,000,1,0,4,4,1,39,0,1,9,00,2,1,1,200800043409A01,7,23,1
200800043433,2008-08-06,2008,août,mercredi,45:,93,93078,0,0,2,1,1,5,1,4,4,01,1,3,000,000,1,0,1,1,1,40,0,1,9,00,9,4,0,200800043433B01,1,0,1
200800043433,2008-08-06,2008,août,mercredi,45:,93,93078,0,0,2,1,1,5,1,4,4,01,1,3,000,000,1,0,1,3,1,41,9,1,9,01,0,4,0,200800043433A01,1,0,1
200800043437,2008-08-11,2008,août,lundi,12:00,94,94002,0,0,2,1,6,1,7,4,2,02,1,1,000,066,-1,0,1,3,1,40,5,1,9,01,0,1,1,200800043437A01,,,
200800043493,2008-08-30,2008,août,samedi,15:45,94,94073,0,0,2,1,3,1,1,4,3,02,1,1,000,000,1,0,1,4,1,30,5,0,0,12,2,8,2,200800043493B01,7,2,1
200800043499,2008-08-26,2008,août,mardi,17:55,94,94041,0,0,2,1,3,1,1,3,3,02,-1,-1,000,025,-1,0,1,4,1,28,1,1,2,00,2,1,1,200800043499A01,7,16,1
200800043523,2008-08-06,2008,août,mercredi,10:20,94,94080,0,0,2,2,3,1,1,3,1,01,1,1,000,000,1,0,1,4,1,57,0,1,9,00,2,0,1,200800043523B01,7,1,1
200800043595,2008-08-01,2008,août,vendredi,12:10,69,69386,0,0,2,3,3,1,1,4,2,02,1,1,000,000,2,0,1,4,2,19,1,1,2,00,2,4,15,200800043595B01,7,1,1
200800043597,2008-08-04,2008,août,lundi,18:30,69,69386,0,0,2,1,3,1,1,4,3,06,1,1,000,000,1,0,1,4,1,38,0,1,2,00,2,4,19,200800043597B01,7,1,1
200800043598,2008-08-07,2008,août,jeudi,18:05,69,69266,0,0,2,1,6,1,2,4,2,02,2,1,000,000,2,0,1,4,2,29,0,1,2,01,0,1,1,200800043598B01,7,22,1
200800043602,2008-08-26,2008,août,mardi,17:15,69,69383,0,0,2,2,3,1,1,4,1,01,1,1,000,000,1,0,1,4,2,37,1,1,2,00,2,1,1,200800043602B01,7,15,1
200800043608,2008-08-14,2008,août,jeudi,18:30,69,69383,0,0,2,1,6,1,1,4,2,04,1,1,000,000,1,2,4,1,1,40,0,1,2,00,1,1,1,200800043608A01,,,
200800043609,2008-08-31,2008,août,dimanche,12:00,69,69383,0,0,2,1,6,1,2,4,2,03,1,1,000,000,1,0,5,4,1,50,0,1,2,00,1,0,1,200800043609A01,,,
200800043609,2008-08-31,2008,août,dimanche,12:00,69,69383,0,0,2,1,6,1,2,4,2,03,1,1,000,000,1,0,5,1,1,38,0,0,0,00,1,0,1,200800043609A01,,,
200800043702,2008-08-22,2008,août,vendredi,17:40,33,33063,0,0,1,1,7,1,1,1,-1,02,2,1,010,015,1,2,1,4,1,13,5,1,2,00,0,0,2,200800043702A01,,,
200800043803,2008-08-05,2008,août,mardi,14:40,70,70550,0,0,1,6,6,1,1,3,1,02,1,1,000,092,1,0,1,2,2,39,5,1,2,00,2,1,1,200800043803B01,15,16,1
200800043825,2008-08-31,2008,août,dimanche,17:50,71,71306,0,0,2,1,1,1,3,4,2,02,1,1,000,070,2,0,1,3,1,46,9,1,2,00,2,1,5,200800043825B01,7,5,1
200800043839,2008-08-22,2008,août,vendredi,34:5,72,72181,0,0,2,1,6,5,2,9,1,01,1,1,000,044,2,0,1,3,1,53,0,1,4,01,0,1,1,200800043839A01,,,
200800043844,2008-08-30,2008,août,samedi,15:30,72,72181,0,0,2,1,1,1,1,9,2,01,1,3,000,000,1,0,1,4,1,15,5,1,2,00,0,1,1,200800043844B01,7,1,1
200800043849,2008-08-20,2008,août,mercredi,15:10,73,73008,0,0,2,1,3,1,1,4,2,02,1,1,000,065,1,0,1,4,1,55,5,1,2,00,2,7,17,200800043849A01,7,15,1
200800043852,2008-08-05,2008,août,mardi,18:00,74,74010,0,0,2,3,6,1,1,4,2,02,1,1,000,070,1,0,0,4,1,23,9,1,9,00,0,1,1,200800043852B01,2,10,1
200800043860,2008-08-08,2008,août,vendredi,13:15,76,76349,0,0,2,1,1,1,1,3,2,02,2,1,000,059,1,0,1,4,1,24,5,1,9,00,2,1,1,200800043860A01,7,1,1
200800043865,2008-08-22,2008,août,vendredi,15:11,76,76217,0,0,2,3,1,1,1,4,2,00,1,1,000,000,1,0,1,4,1,21,5,1,2,00,2,1,23,200800043865B01,7,15,1
200800043872,2008-08-11,2008,août,lundi,21:25,76,76351,0,0,2,1,7,2,1,4,1,02,2,2,000,136,1,0,1,3,1,74,5,1,2,00,0,0,0,200800043872A01,,,
200800043917,2008-08-04,2008,août,lundi,19:55,78,78168,0,0,2,3,3,1,1,4,1,01,1,3,000,000,1,0,1,4,1,61,5,1,2,00,2,8,15,200800043917A01,7,1,1
200800043933,2008-08-14,2008,août,jeudi,11:20,78,78498,0,0,2,2,3,1,1,3,2,02,1,2,000,050,1,5,1,4,1,29,1,1,2,00,2,1,1,200800043933A01,7,15,1
200800043941,2008-08-20,2008,août,mercredi,19:45,78,78621,0,0,2,1,6,1,1,4,2,02,1,1,000,061,1,0,1,4,1,6,5,1,2,00,2,8,19,200800043941B01,7,1,1
200800043943,2008-08-03,2008,août,dimanche,17:20,78,78322,0,0,2,3,3,1,1,4,2,02,1,1,000,072,1,0,0,4,1,37,5,1,2,00,2,1,1,200800043943A01,7,15,1
200800043959,2008-08-29,2008,août,vendredi,18:05,79,79191,0,0,2,2,3,1,1,4,2,02,1,1,000,060,1,0,1,3,1,12,5,1,2,00,2,2,1,200800043959B01,7,1,1
200800043978,2008-08-12,2008,août,mardi,16:00,80,80021,0,0,2,1,3,1,1,4,2,02,1,1,000,090,1,0,1,4,1,9,5,1,9,00,2,8,9,200800043978A01,7,1,1
200800044012,2008-08-04,2008,août,lundi,16:35,83,83050,0,0,2,1,3,1,1,4,2,03,1,1,000,098,1,0,1,4,1,42,0,1,2,00,2,8,19,200800044012B01,7,11,1
200800044014,2008-08-14,2008,août,jeudi,17:55,83,83050,0,0,2,1,7,1,1,4,-1,01,2,2,000,041,1,0,1,3,1,25,1,1,9,00,0,0,1,200800044014A01,,,
200800044028,2008-08-08,2008,août,vendredi,12:00,83,83009,0,0,2,1,3,1,1,3,3,02,1,4,000,034,1,0,1,3,1,51,9,0,0,00,0,1,1,200800044028B01,7,13,1
200800044030,2008-08-08,2008,août,vendredi,90:0,83,83129,0,0,2,1,6,1,1,4,2,02,2,1,000,078,1,0,1,3,1,63,5,1,2,00,2,8,1,200800044030B01,34,17,1
200800044042,2008-08-20,2008,août,mercredi,12:40,83,83137,0,0,2,1,1,1,1,4,2,03,2,1,000,150,1,0,1,3,1,33,5,1,2,00,0,0,0,200800044042B01,7,15,1
200800044055,2008-08-13,2008,août,mercredi,11:47,84,84007,0,0,2,1,3,1,1,4,1,02,1,1,000,070,1,5,1,4,1,56,5,1,2,00,2,4,1,200800044055B01,7,1,1
200800044057,2008-08-17,2008,août,dimanche,10:40,84,84007,0,0,2,1,6,1,1,4,3,03,1,1,000,120,1,0,1,3,1,46,5,1,9,00,2,3,1,200800044057B01,7,1,1
200800044063,2008-08-28,2008,août,jeudi,17:45,84,84007,0,0,2,1,3,1,1,4,2,02,1,1,000,000,1,0,1,4,1,29,1,1,9,00,2,8,15,200800044063A01,2,1,1
200800044069,2008-08-01,2008,août,vendredi,19:00,85,85194,0,0,2,1,6,1,1,4,1,01,2,1,000,000,1,0,1,4,1,63,5,1,9,01,0,7,2,200800044069B01,7,24,1
200800044070,2008-08-01,2008,août,vendredi,12:05,85,85194,0,0,2,1,2,1,1,4,3,02,1,1,000,000,1,0,5,3,1,59,0,1,9,00,2,0,23,200800044070B01,7,2,1
200800044076,2008-08-15,2008,août,vendredi,16:05,85,85194,0,0,2,1,6,1,1,4,1,01,1,1,000,000,1,0,1,4,1,55,5,1,9,00,2,4,2,200800044076B01,7,2,1
200800044091,2008-08-24,2008,août,dimanche,10:15,83,83123,0,0,2,1,6,1,1,3,2,02,2,2,000,070,1,0,1,1,1,41,5,1,9,00,1,1,21,200800044091A01,,,
200800044136,2008-08-21,2008,août,jeudi,12:16,87,87085,0,0,2,1,3,1,1,4,2,04,1,1,000,120,1,0,1,4,1,38,1,1,4,00,2,8,2,200800044136B01,7,17,1
200800044137,2008-08-21,2008,août,jeudi,15:48,87,87085,0,0,2,1,6,1,1,4,2,02,1,1,000,100,1,0,1,4,1,57,0,1,9,00,0,1,1,200800044137A01,,,
200800044152,2008-08-29,2008,août,vendredi,13:15,87,87065,0,0,1,1,6,1,1,3,2,02,1,1,000,060,1,0,1,4,1,25,1,1,2,12,0,7,2,200800044152A01,,,
200800044158,2008-08-30,2008,août,samedi,11:15,88,88209,0,0,2,1,3,1,1,4,2,01,1,1,000,059,1,0,1,4,1,14,5,1,2,00,2,8,9,200800044158A01,7,2,1
200800044163,2008-08-06,2008,août,mercredi,55:0,89,89287,0,0,2,1,6,2,2,4,2,02,1,1,000,070,2,0,1,3,1,17,1,1,2,00,2,8,1,200800044163B01,13,1,1
200800044171,2008-08-13,2008,août,mercredi,13:45,90,90010,0,0,2,3,3,1,1,4,2,02,1,1,000,000,1,1,5,1,1,16,5,1,9,00,2,0,0,200800044171A01,1,0,1
200800044171,2008-08-13,2008,août,mercredi,13:45,90,90010,0,0,2,3,3,1,1,4,2,02,1,1,000,000,1,1,5,4,2,80,5,1,2,00,2,1,0,200800044171B01,1,0,1
200800044173,2008-08-16,2008,août,samedi,16:15,90,90010,0,0,2,3,3,1,1,4,1,01,1,1,000,032,1,0,1,4,1,66,5,1,9,00,0,0,0,200800044173B01,7,14,1
200800044179,2008-08-30,2008,août,samedi,12:55,90,90010,0,0,2,1,6,1,1,6,-1,00,1,-1,000,080,1,0,0,4,2,19,5,1,9,00,2,4,0,200800044179A01,7,2,1
200800044185,2008-08-21,2008,août,jeudi,14:05,91,91114,0,0,2,1,3,1,1,4,2,04,1,1,020,020,1,0,5,4,1,20,5,1,2,00,2,1,1,200800044185B01,7,16,1
200800044192,2008-08-09,2008,août,samedi,11:30,34,34301,0,0,1,1,6,1,1,3,2,02,1,1,000,070,1,0,1,4,1,49,5,1,9,00,2,4,1,200800044192B01,7,14,1
200800044199,2008-08-04,2008,août,lundi,18:00,35,35238,0,0,2,1,6,1,1,4,2,02,2,1,000,000,1,0,1,4,1,22,1,1,2,01,0,1,1,200800044199B01,7,22,1
200800044223,2008-08-29,2008,août,vendredi,11:00,35,35238,0,0,2,1,7,1,1,4,-1,00,-1,-1,000,000,-1,0,1,4,2,30,0,1,2,00,0,0,0,200800044223A01,,,
200800044224,2008-08-29,2008,août,vendredi,16:15,35,35238,0,0,2,1,2,1,1,4,3,03,1,1,000,000,1,0,5,4,1,31,1,1,2,01,0,1,1,200800044224B01,10,23,1
200800044228,2008-08-06,2008,août,mercredi,80:0,35,35288,0,0,2,6,2,1,1,4,2,02,1,1,000,000,1,0,1,4,1,70,5,1,2,00,2,4,1,200800044228B01,7,16,1
200800044240,2008-08-25,2008,août,lundi,18:35,36,36044,0,0,2,1,6,1,1,4,2,02,1,1,000,000,1,0,3,3,1,5,9,1,2,00,2,1,0,200800044240B01,7,4,1
200800044245,2008-08-23,2008,août,samedi,14:50,37,37233,0,0,2,1,3,1,1,4,2,02,1,1,000,047,1,0,1,2,1,19,5,1,9,00,2,4,15,200800044245B01,7,1,1
200800044262,2008-08-22,2008,août,vendredi,17:50,38,38151,0,0,2,1,3,1,1,4,2,06,1,1,000,200,1,0,5,2,1,72,5,1,9,00,2,1,16,200800044262B01,40,1,1
200800044288,2008-08-02,2008,août,samedi,13:0,44,44055,0,0,2,3,3,5,1,4,1,01,1,1,000,052,1,0,1,4,1,18,5,1,2,00,2,1,1,200800044288A01,7,15,1
200800044299,2008-08-01,2008,août,vendredi,74:5,44,44190,0,0,2,1,6,1,1,3,2,02,2,1,000,000,1,0,1,4,1,48,1,1,9,00,2,0,1,200800044299B01,,,
200800044306,2008-08-09,2008,août,samedi,13:03,38,38544,0,0,2,3,2,1,1,4,2,02,1,1,000,060,1,0,1,3,1,32,5,1,9,00,0,1,13,200800044306A01,99,23,1
200800044311,2008-08-08,2008,août,vendredi,18:35,40,40279,0,0,2,1,5,1,1,4,2,02,1,1,000,070,1,0,1,3,1,16,5,1,2,00,2,7,19,200800044311B01,7,1/24,2
200800044318,2008-08-07,2008,août,jeudi,12:10,40,40088,0,0,2,7,6,1,1,4,2,02,1,1,000,066,1,0,1,3,1,35,1,1,2,00,1,1,1,200800044318A01,,,
200800044334,2008-08-28,2008,août,jeudi,18:25,41,41212,0,0,1,1,3,1,1,3,2,02,1,1,000,000,1,0,1,4,2,75,5,1,9,00,2,4,1,200800044334B01,7,15,1
200800044342,2008-08-29,2008,août,vendredi,19:00,42,42183,45.24561,4.21913,2,1,6,1,1,4,2,01,1,1,000,050,1,0,1,4,1,44,5,1,9,00,2,1,18,200800044342A01,7,2,1
200800044357,2008-08-14,2008,août,jeudi,19:20,48,48095,44.5234,3.48336,2,2,3,1,1,3,3,02,2,1,020,090,1,0,1,4,1,28,5,1,2,00,2,4,0,200800044357B01,7,15,1
200800044362,2008-08-03,2008,août,dimanche,13:50,49,49007,0,0,2,3,3,1,1,4,2,02,-1,-1,000,140,-1,0,0,3,1,23,0,1,9,00,2,8,0,200800044362B01,7,0,1
200800044365,2008-08-08,2008,août,vendredi,18:37,49,49246,0,0,2,3,3,1,1,4,2,00,1,1,000,060,1,0,0,4,1,15,0,1,9,00,2,1,15,200800044365A01,1,1,1
200800044365,2008-08-08,2008,août,vendredi,18:37,49,49246,0,0,2,3,3,1,1,4,2,00,1,1,000,060,1,0,0,4,1,16,0,1,2,00,2,1,1,200800044365B01,1,15,1
200800044372,2008-08-08,2008,août,vendredi,14:10,44,44109,0,0,2,6,3,1,1,4,2,01,1,1,000,000,1,0,1,4,1,82,0,1,2,00,2,7,1,200800044372B01,7,1,1
200800044375,2008-08-12,2008,août,mardi,95:5,44,44143,0,0,2,6,3,1,1,4,2,02,1,2,000,000,1,5,1,4,2,28,0,1,4,00,2,1,1,200800044375B01,7,9,1
200800044378,2008-08-18,2008,août,lundi,11:40,44,44190,0,0,2,6,3,1,1,4,2,02,1,1,000,000,1,5,1,4,1,68,5,1,4,00,2,1,1,200800044378B01,7,9,1
200800044381,2008-08-21,2008,août,jeudi,17:30,44,44109,0,0,2,6,3,1,1,4,2,02,1,1,000,097,1,5,1,3,2,55,0,1,9,00,2,0,0,200800044381B01,17,2,1
200800044417,2008-08-18,2008,août,lundi,19:15,45,45302,0,0,2,1,6,1,1,4,2,02,1,1,000,057,1,0,1,4,1,14,5,1,4,00,2,1,0,200800044417A01,7,1,1
200800044424,2008-08-20,2008,août,mercredi,18:03,49,49007,0,0,2,1,3,1,1,4,2,02,1,1,000,066,1,0,1,4,2,40,0,1,2,00,2,1,0,200800044424B01,7,0,1
200800044434,2008-08-28,2008,août,jeudi,15:24,49,49007,0,0,2,1,6,1,1,3,1,01,1,1,000,047,1,0,1,4,1,47,5,1,2,00,2,3,1,200800044434B01,7,17,1
200800044438,2008-08-29,2008,août,vendredi,18:37,49,49353,0,0,2,1,7,1,1,4,2,02,1,1,000,069,1,0,1,3,1,50,0,1,2,00,0,0,1,200800044438A01,,,
200800044441,2008-08-18,2008,août,lundi,52:5,49,49099,0,0,2,2,3,5,1,4,-1,02,1,-1,000,000,1,0,1,4,1,28,0,1,9,00,2,1,5,200800044441A01,3,16,1
200800044458,2008-08-20,2008,août,mercredi,18:10,50,50602,0,0,1,1,7,1,1,3,2,02,2,2,000,000,1,0,3,3,1,49,5,1,2,13,0,1,14,200800044458A01,,,
200800044462,2008-08-25,2008,août,lundi,13:30,50,50129,0,0,2,1,6,1,1,4,2,02,1,1,000,000,1,0,1,4,1,18,5,1,2,01,0,1,14,200800044462A01,,,
200800044466,2008-08-31,2008,août,dimanche,15:00,50,50129,0,0,2,3,3,1,1,4,2,02,1,1,000,000,1,0,1,4,2,18,5,1,2,00,2,1,1,200800044466A01,7,1,1
200800044469,2008-08-28,2008,août,jeudi,85:4,51,51108,0,0,2,1,2,1,1,4,-1,02,1,1,000,060,1,0,1,3,1,33,1,1,2,00,0,4,2,200800044469B01,7,2,1
200800044488,2008-08-14,2008,août,jeudi,10:40,52,52448,0,0,2,1,6,1,1,4,2,02,-1,-1,000,000,-1,0,1,1,1,24,5,1,2,00,1,1,0,200800044488A01,,,
200800044495,2008-08-02,2008,août,samedi,13:45,54,54184,0,0,2,6,3,1,1,4,1,02,1,2,000,000,1,0,1,3,1,53,5,1,2,00,2,4,1,200800044495B01,7,9,1
200800044501,2008-08-09,2008,août,samedi,17:10,54,54274,0,0,2,1,3,1,1,4,2,02,1,1,000,000,1,0,1,4,1,38,5,0,0,01,0,1,1,200800044501B01,7,22,1
200800044512,2008-08-25,2008,août,lundi,15:40,54,54395,0,0,2,2,6,1,1,4,1,02,2,1,000,000,1,0,1,1,1,15,5,1,2,00,1,1,1,200800044512A01,,,
200800044525,2008-08-04,2008,août,lundi,71:5,55,55505,0,0,2,3,3,1,3,3,2,02,1,1,000,080,2,0,1,4,1,48,1,1,9,10,2,1,1,200800044525B01,7,9,1
200800044533,2008-08-05,2008,août,mardi,13:40,56,56121,0,0,2,6,3,1,1,9,2,02,1,1,000,000,1,0,0,4,1,23,5,1,9,00,2,1,1,200800044533B01,7,15,1
200800044535,2008-08-06,2008,août,mercredi,93:7,56,56121,0,0,2,1,3,1,1,9,1,02,1,3,000,000,1,0,1,4,2,26,4,1,9,00,2,8,1,200800044535B01,7,1,1
200800044536,2008-08-07,2008,août,jeudi,21:50,56,56121,0,0,2,1,7,1,1,9,2,02,1,1,000,000,1,0,1,4,1,59,5,1,9,00,0,0,1,200800044536A01,,,
200800044537,2008-08-08,2008,août,vendredi,17:30,56,56121,0,0,2,1,7,1,1,9,2,02,2,1,000,000,1,0,4,4,2,84,5,1,9,12,0,0,1,200800044537A01,,,
200800044541,2008-08-13,2008,août,mercredi,13:25,56,56083,0,0,1,1,7,1,1,9,2,02,1,1,000,000,1,0,3,4,2,52,5,1,9,16,0,0,1,200800044541A01,,,
200800044546,2008-08-15,2008,août,vendredi,17:25,56,56121,0,0,2,2,3,1,1,9,2,02,1,1,000,000,1,0,1,4,1,18,5,1,9,00,2,1,1,200800044546A01,7,1,1
200800044547,2008-08-16,2008,août,samedi,50:4,56,56121,0,0,2,1,7,1,2,9,2,02,2,1,000,000,2,0,1,4,1,38,5,1,9,00,0,0,1,200800044547A01,,,
200800044550,2008-08-19,2008,août,mardi,11:00,56,56121,0,0,2,1,7,1,1,9,2,02,2,1,000,000,1,0,1,4,2,21,0,1,9,01,0,1,1,200800044550A01,,,
200800044559,2008-08-29,2008,août,vendredi,20:20,56,56098,0,0,2,1,7,1,1,4,2,02,1,1,000,000,1,0,1,4,1,65,0,1,9,00,0,0,1,200800044559A01,,,
200800044567,2008-08-08,2008,août,vendredi,13:25,56,56260,0,0,2,1,7,1,1,4,3,04,2,1,000,000,1,0,4,4,1,64,0,1,2,00,0,0,5,200800044567A01,,,
200800044589,2008-08-22,2008,août,vendredi,23:00,57,57463,0,0,2,2,3,5,2,4,1,01,1,1,000,000,2,0,1,4,1,28,1,1,4,00,2,1,4,200800044589A01,7,1,1
200800044592,2008-08-29,2008,août,vendredi,72:5,57,57463,0,0,2,1,3,1,1,3,2,02,1,1,000,050,1,0,1,4,1,38,1,1,4,00,2,1,1,200800044592A01,38,15,1
200800044601,2008-08-26,2008,août,mardi,92:0,57,57672,0,0,2,1,6,1,1,4,2,04,1,1,000,000,1,0,1,4,2,17,5,1,9,00,2,1,19,200800044601B01,7,1,1
200800044611,2008-08-29,2008,août,vendredi,17:25,58,58194,0,0,2,1,6,1,1,4,2,03,1,1,000,090,1,0,1,4,1,29,1,1,9,01,0,1,1,200800044611B01,7,22,1
200800044617,2008-08-24,2008,août,dimanche,14:10,59,59327,0,0,2,1,2,1,1,4,2,02,1,1,000,000,1,0,1,3,1,47,5,1,9,00,2,8,1,200800044617B01,10,1,1
200800044622,2008-08-20,2008,août,mercredi,72:0,59,59183,0,0,2,9,3,1,1,4,2,04,1,1,000,000,1,0,1,4,1,17,5,1,2,00,2,5,1,200800044622B01,7,15,1
200800044627,2008-08-24,2008,août,dimanche,5:,59,59273,0,0,2,2,3,5,1,4,2,02,2,1,000,032,1,0,1,2,1,23,5,1,9,00,0,0,0,200800044627A01,7,1,1
200800044643,2008-08-10,2008,août,dimanche,16:15,59,59350,0,0,2,2,3,1,1,4,2,02,1,1,000,060,1,0,1,4,1,30,5,1,2,00,2,1,15,200800044643A01,7,1,1
200800044644,2008-08-11,2008,août,lundi,11:00,59,59009,0,0,2,2,3,1,1,4,2,02,1,1,000,085,1,0,1,4,2,19,3,1,4,00,2,1,1,200800044644B01,7,16,1
200800044646,2008-08-11,2008,août,lundi,19:30,59,59350,0,0,2,1,3,1,1,4,1,01,1,1,000,030,1,0,1,4,2,72,5,1,2,00,2,1,1,200800044646B01,7,24,1
200800044650,2008-08-12,2008,août,mardi,20:50,59,59350,0,0,2,3,6,2,8,4,2,04,1,1,000,000,1,2,1,4,1,37,0,1,4,00,2,1,19,200800044650A01,7,1,1
200800044651,2008-08-15,2008,août,vendredi,19:15,59,59350,0,0,2,1,6,1,1,4,2,03,1,1,000,093,1,0,1,4,1,13,0,1,4,00,2,0,0,200800044651B01,7,0,1
200800044652,2008-08-16,2008,août,samedi,11:00,59,59350,0,0,2,3,3,1,1,4,1,01,1,1,000,040,1,0,1,4,2,17,0,1,2,00,2,1,1,200800044652A01,10,1,1
200800044683,2008-08-06,2008,août,mercredi,18:00,59,59512,0,0,1,2,3,1,1,4,2,02,1,1,000,000,1,0,1,3,1,51,9,1,9,00,2,0,1,200800044683B01,7,1,1
200800044690,2008-08-26,2008,août,mardi,17:00,59,59650,0,0,2,1,1,1,1,4,2,02,1,1,000,000,1,0,1,3,2,10,5,1,4,01,2,1,13,200800044690A01,7,1,1
200800044691,2008-08-29,2008,août,vendredi,13:45,59,59512,0,0,2,1,6,1,1,4,2,02,1,1,000,000,1,0,1,3,1,7,9,1,9,00,2,0,19,200800044691B01,7,1,1
200800044695,2008-08-20,2008,août,mercredi,75:3,59,59526,0,0,2,1,3,1,1,4,2,02,1,1,000,096,1,0,1,4,2,44,1,1,9,01,0,1,1,200800044695B01,7,22,1
200800044706,2008-08-29,2008,août,vendredi,21:30,59,59098,0,0,1,6,3,5,1,3,2,02,1,2,000,030,1,0,1,3,2,42,0,1,9,00,2,0,1,200800044706B01,7,9,1
200800044708,2008-08-31,2008,août,dimanche,15:30,59,59508,0,0,2,1,2,1,1,4,2,02,1,1,000,051,1,0,1,3,2,13,5,1,9,00,2,0,2,200800044708B01,2,2,1
200800044709,2008-08-24,2008,août,dimanche,18:45,59,59564,0,0,2,1,2,1,1,4,2,02,1,1,000,600,1,0,1,3,2,17,5,1,9,00,2,4,1,200800044709B01,7,0,1
200800044713,2008-08-19,2008,août,mardi,10:30,59,59479,0,0,2,1,6,1,1,4,2,02,1,1,000,050,1,0,1,3,1,44,5,1,9,00,1,1,1,200800044713A01,,,
200800044713,2008-08-19,2008,août,mardi,10:30,59,59479,0,0,2,1,6,1,1,4,2,02,1,1,000,050,1,0,1,3,2,61,5,0,0,00,1,1,1,200800044713A01,,,
200800044720,2008-08-25,2008,août,lundi,80:0,59,59369,0,0,2,6,6,1,1,4,2,02,1,-1,000,000,1,5,1,4,2,23,1,1,9,00,2,4,1,200800044720B01,7,0,1
200800044721,2008-08-05,2008,août,mardi,18:00,60,60057,0,0,2,1,6,1,1,4,1,01,1,1,000,090,1,0,1,3,1,9,5,1,2,00,2,1,19,200800044721B01,7,1,1
200800044728,2008-08-30,2008,août,samedi,15:50,61,61169,0,0,2,1,2,1,1,4,2,02,1,1,000,048,1,0,1,1,1,16,5,1,2,00,0,4,23,200800044728B01,2,2,1
200800044736,2008-08-20,2008,août,mercredi,11:35,62,62570,0,0,2,3,3,1,1,4,2,02,1,1,000,060,1,0,0,4,1,61,5,1,2,12,2,4,1,200800044736B01,7,15,1
200800044744,2008-08-31,2008,août,dimanche,13:20,62,62160,0,0,2,9,1,1,1,4,2,00,2,1,000,048,1,0,1,3,1,16,5,1,9,00,2,1,9,200800044744A01,7,21,1
200800044747,2008-08-01,2008,août,vendredi,19:30,62,62193,0,0,2,1,3,1,1,9,-1,00,1,-1,000,000,1,0,0,4,2,7,5,1,9,00,2,8,1,200800044747B01,2,16,1
200800044754,2008-08-12,2008,août,mardi,13:35,62,62215,0,0,2,2,3,1,1,4,2,03,1,1,000,097,1,5,1,4,1,29,5,1,9,00,2,1,2,200800044754B01,7,15,1
200800044757,2008-08-30,2008,août,samedi,16:35,62,62215,0,0,2,1,3,1,1,4,2,02,1,1,000,069,1,0,1,4,1,42,5,1,9,00,2,0,1,200800044757B01,7,15,1
200800044759,2008-08-26,2008,août,mardi,12:15,62,62413,0,0,2,1,3,1,1,4,-1,02,1,-1,025,070,1,0,1,4,2,49,4,1,9,00,2,1,1,200800044759B01,7,17,1
200800044764,2008-08-24,2008,août,dimanche,11:10,62,62133,0,0,2,1,6,1,1,4,2,02,1,1,000,030,1,0,1,1,1,12,5,1,4,00,1,1,1,200800044764A01,,,
200800044764,2008-08-24,2008,août,dimanche,11:10,62,62133,0,0,2,1,6,1,1,4,2,02,1,1,000,030,1,0,1,4,2,54,5,0,0,00,1,1,1,200800044764A01,,,
200800044771,2008-08-30,2008,août,samedi,84:5,62,62218,0,0,2,3,3,1,7,4,2,02,1,1,000,058,9,0,0,3,2,74,3,1,9,00,2,3,15,200800044771B01,7,1,1
200800044776,2008-08-30,2008,août,samedi,21:00,62,62386,0,0,2,1,6,2,1,4,1,02,1,1,000,059,1,0,1,1,1,27,5,1,4,00,1,1,0,200800044776A01,,,
200800044776,2008-08-30,2008,août,samedi,21:00,62,62386,0,0,2,1,6,2,1,4,1,02,1,1,000,059,1,0,1,4,2,6,5,0,0,00,1,1,0,200800044776A01,,,
200800044777,2008-08-10,2008,août,dimanche,17:40,62,62023,0,0,2,3,6,1,1,4,2,01,1,1,000,035,1,0,1,2,1,3,5,1,2,15,2,0,0,200800044777B01,7,0,1