Num_Acc,date,an,mois,jour,hrmn,dep,com,lat,long,agg,int,col,lum,atm,catr,circ,nbv,prof,plan,lartpc,larrout,surf,infra,situ,grav,sexe,age,trajet,secuexist,equipement,obs,obsm,choc,manv,vehiculeid,typevehicules,manoeuvehicules,numVehicules
200800046499,2008-08-21,2008,août,jeudi,21:15,67,67434,0,0,1,1,1,3,1,3,2,00,1,1,000,063,1,0,1,2,1,48,1,1,4,00,2,1,1,200800046499B02,7,17,1
200800046507,2008-08-31,2008,août,dimanche,18:00,67,67239,48.26,7.411,1,1,1,1,9,3,2,02,1,1,000,000,1,5,1,3,1,62,9,0,0,00,2,1,1,200800046507B02,7,17,1
200800046516,2008-08-03,2008,août,dimanche,18:30,74,74258,0,0,1,1,3,1,1,3,2,02,1,1,000,070,1,0,1,3,1,46,5,0,0,00,2,8,15,200800046516B02,7,17,1
200800046524,2008-08-27,2008,août,mercredi,11:30,59,59233,50.132,3.967,2,3,3,1,1,3,2,02,1,1,000,000,1,0,1,3,1,10,5,1,2,00,2,1,19,200800046524B02,7,1,1
200800046560,2008-08-10,2008,août,dimanche,16:30,80,80464,0,0,2,1,3,1,1,3,2,02,1,-1,000,076,1,0,1,3,1,82,5,1,2,00,2,1,1,200800046560B02,7,15,1
200800046605,2008-08-08,2008,août,vendredi,17:30,60,60103,49.67,2.423,2,9,3,1,1,3,2,02,1,1,000,064,1,0,1,1,2,31,5,0,0,00,0,4,1,200800046605B02,2,19,1
200800046629,2008-08-31,2008,août,dimanche,10:15,60,60351,0,0,1,1,6,1,1,3,2,00,1,1,000,073,1,0,1,2,1,49,0,1,2,00,0,4,1,200800046629B02,7,1,1
200800046656,2008-08-23,2008,août,samedi,13:45,76,76621,0,0,2,3,1,1,1,3,2,02,2,1,000,000,1,0,1,3,1,18,5,0,0,00,2,1,19,200800046656B02,7,1,1
200800046682,2008-08-08,2008,août,vendredi,16:00,27,27311,0,0,2,1,1,1,1,4,2,02,1,1,000,040,1,0,1,3,1,6,0,0,0,00,2,0,0,200800046682B02,2,0,1
200800046695,2008-08-11,2008,août,lundi,17:15,35,35023,0,0,2,1,1,1,1,3,2,00,1,1,000,066,1,0,1,3,1,15,5,1,2,00,2,1,1,200800046695B02,10,1,1
200800046699,2008-08-29,2008,août,vendredi,14:15,35,35115,0,0,2,1,7,1,1,3,-1,00,-1,-1,000,000,1,0,5,3,1,33,1,0,0,00,0,0,0,200800046699A01,,,
200800046708,2008-08-14,2008,août,jeudi,16:00,35,35057,0,0,1,1,3,1,1,3,2,02,1,1,078,000,1,0,1,3,1,61,5,1,2,00,2,8,10,200800046708A01,33,2,1
200800046715,2008-08-26,2008,août,mardi,73:0,35,35085,0,0,1,1,3,1,1,3,2,02,1,1,000,074,1,0,1,3,1,69,5,0,0,00,2,3,1,200800046715B02,10,1,1
200800046719,2008-08-01,2008,août,vendredi,22:00,35,35082,0,0,1,1,1,3,1,3,2,00,1,-1,000,048,1,0,1,3,2,62,5,1,9,00,2,1,1,200800046719B02,7,13,1
200800046721,2008-08-15,2008,août,vendredi,14:45,35,35108,47.954,-1.4,1,1,1,1,1,3,2,02,1,1,000,000,1,0,1,2,1,26,5,0,0,00,2,1,16,200800046721A01,7,1,1
200800046731,2008-08-15,2008,août,vendredi,19:30,22,22020,0,0,1,1,1,1,1,3,2,02,1,1,000,060,1,0,1,3,1,26,5,0,0,00,2,8,1,200800046731A01,21,14,1
200800046748,2008-08-30,2008,août,samedi,10:00,29,29058,47.893,-4.015,2,1,3,1,1,3,2,00,1,1,000,080,1,0,1,3,2,80,5,0,0,00,0,3,15,200800046748A01,7,17,1
200800046753,2008-08-25,2008,août,lundi,19:15,29,29171,0,0,1,1,1,1,1,4,2,01,1,1,000,072,1,0,1,3,1,14,5,0,0,00,2,2,19,200800046753B02,7,1,1
200800046756,2008-08-17,2008,août,dimanche,15:45,29,29016,48.324,-3.963,1,3,3,1,1,3,2,02,2,2,000,120,1,0,0,4,1,14,5,0,0,00,2,3,15,200800046756A01,33,1,1
200800046760,2008-08-09,2008,août,samedi,16:15,29,29022,0,0,1,1,1,1,1,3,2,00,4,4,053,000,1,0,1,3,1,43,0,1,2,00,2,1,1,200800046760B02,7,1,1
200800046760,2008-08-09,2008,août,samedi,16:15,29,29022,0,0,1,1,1,1,1,3,2,00,4,4,053,000,1,0,1,3,2,7,0,1,2,00,2,1,1,200800046760B02,7,1,1
200800046771,2008-08-14,2008,août,jeudi,19:00,56,56034,47.588,-3.092,2,1,3,1,1,4,2,02,2,1,000,058,1,0,1,4,1,17,5,0,0,00,2,3,19,200800046771A01,7,1,1
200800046789,2008-08-05,2008,août,mardi,20:45,14,14741,0,0,2,1,7,1,1,3,2,00,-1,2,000,050,1,0,1,3,1,21,5,0,0,16,0,0,1,200800046789A01,,,
200800046900,2008-08-01,2008,août,vendredi,11:00,72,72138,48.288,0.024,1,1,3,1,1,3,2,02,4,1,000,040,1,0,1,3,1,75,5,0,0,00,2,1,1,200800046900B02,10,1,1
200800046920,2008-08-14,2008,août,jeudi,17:00,85,85071,0,0,2,3,1,1,1,4,2,00,-1,2,000,000,1,0,1,3,2,70,3,0,0,00,2,2,5,200800046920B02,21,1,1
200800046923,2008-08-13,2008,août,mercredi,16:30,85,85234,46.794,-2.039,2,1,1,1,1,3,2,00,1,1,000,084,1,5,1,3,2,70,3,0,0,00,2,1,1,200800046923B02,7,15,1
200800046925,2008-08-17,2008,août,dimanche,13:15,85,85234,46.78,-2.051,2,1,1,1,1,4,2,02,1,1,000,000,-1,0,5,2,1,73,3,1,2,01,9,0,22,200800046925B02,7,22,1
200800046933,2008-08-22,2008,août,vendredi,64:5,33,33273,0,0,2,1,5,3,3,3,2,02,1,1,000,063,2,0,3,2,1,25,1,0,0,00,2,1,1,200800046933C03,10,17/1,2
200800046941,2008-08-08,2008,août,vendredi,18:15,33,33225,44.58,-0.4,2,1,2,1,1,3,2,02,2,1,064,000,1,0,3,3,1,81,5,0,0,01,0,1,14,200800046941B02,7,24,1
200800046949,2008-08-03,2008,août,dimanche,12:30,33,33471,0,0,1,1,7,1,1,4,2,00,1,1,000,040,1,0,1,2,1,63,5,1,2,00,0,0,1,200800046949A01,,,
200800046957,2008-08-17,2008,août,dimanche,11:5,33,33191,45.015,0.033,1,1,5,3,1,3,2,00,1,1,000,075,1,0,1,4,1,24,5,0,0,00,0,4,1,200800046957C03,7/ 2,1,2
200800047005,2008-08-21,2008,août,jeudi,19:45,47,47234,0,0,1,1,1,2,7,4,2,00,3,1,000,000,1,0,1,3,1,43,5,1,2,00,2,1,1,200800047005B02,7,1,1
200800047012,2008-08-13,2008,août,mercredi,10:30,47,47161,44.325,0.858,1,1,3,1,1,3,2,02,2,1,000,040,1,0,1,3,1,49,5,1,2,00,2,7,1,200800047012B02,7,1,1
200800047020,2008-08-29,2008,août,vendredi,11:00,64,64370,43.365,-0.287,1,1,1,1,1,3,3,02,1,1,000,057,1,0,1,3,1,19,4,1,2,01,0,1,5,200800047020B02,10,23,1
200800047026,2008-08-28,2008,août,jeudi,19:00,64,64062,0,0,2,1,3,1,1,3,2,02,1,1,018,075,1,5,1,3,1,10,5,0,0,00,2,3,9,200800047026A01,7,1,1
200800047053,2008-08-09,2008,août,samedi,15:00,16,16001,46.108,0.709,1,1,2,1,1,3,2,02,3,1,000,061,1,0,1,2,2,58,5,0,0,00,0,4,1,200800047053A01,7,2,1
200800047088,2008-08-24,2008,août,dimanche,18:00,17,17226,0,0,2,1,1,1,1,4,2,00,1,-1,042,000,1,0,1,3,1,25,0,0,0,00,2,1,1,200800047088B02,7,1,1
200800047103,2008-08-25,2008,août,lundi,19:30,79,79292,0,0,2,9,7,1,1,3,2,00,-1,4,062,000,1,2,1,3,1,61,5,0,0,00,0,0,1,200800047103A01,,,
200800047126,2008-08-27,2008,août,mercredi,15:30,19,19250,45.509,1.494,1,1,6,1,1,3,2,02,-1,1,000,030,1,0,1,3,1,61,5,1,2,00,5,2,1,200800047126A01,,,
200800047133,2008-08-23,2008,août,samedi,14:00,19,19230,45.426,1.448,1,1,1,1,1,3,2,02,2,3,000,042,1,0,1,3,1,14,9,1,2,00,2,1,5,200800047133A01,7,1,1
200800047159,2008-08-15,2008,août,vendredi,94:5,31,31080,0,0,2,1,1,1,1,3,2,00,1,1,000,000,1,0,1,4,1,65,5,1,2,00,2,1,1,200800047159B02,3,15,1
200800047161,2008-08-24,2008,août,dimanche,18:15,09,09108,43.024,1.337,2,1,1,1,1,3,2,02,1,1,000,073,1,0,1,3,1,6,5,0,0,00,2,7,19,200800047161B02,7,19,1
200800047186,2008-08-03,2008,août,dimanche,11:30,32,32408,43.807,-0.034,1,1,6,1,1,3,2,02,2,1,000,000,1,0,1,3,1,67,5,1,2,00,5,1,1,200800047186A01,,,
200800047195,2008-08-02,2008,août,samedi,18:15,32,32027,0,0,1,1,3,1,1,3,2,02,1,1,039,070,1,5,1,3,2,79,5,0,0,00,0,7,19,200800047195B02,33,1,1
200800047248,2008-08-21,2008,août,jeudi,16:45,34,34192,0,0,2,1,2,1,1,9,3,04,-1,1,060,040,1,6,1,4,2,84,0,1,2,00,2,8,2,200800047248B02,7,15,1
200800047269,2008-08-20,2008,août,mercredi,11:15,69,69260,0,0,2,9,6,1,1,3,2,00,1,1,000,070,1,0,1,3,1,59,5,0,0,00,1,1,1,200800047269A01,,,
200800047289,2008-08-05,2008,août,mardi,18:15,68,68178,47.95,7.139,2,1,1,1,1,3,2,02,-1,1,000,067,-1,0,1,1,1,66,5,0,0,00,2,1,15,200800047289B02,33,2,1
200800047336,2008-08-19,2008,août,mardi,12:00,08,08491,49.734,4.841,2,1,3,1,1,4,2,02,-1,-1,000,065,1,0,1,3,1,20,1,0,0,00,2,1,15,200800047336B02,7,1,1
200800047337,2008-08-06,2008,août,mercredi,18:30,08,08097,49.311,4.748,2,1,3,1,7,3,2,02,-1,1,000,101,1,0,1,3,1,79,5,0,0,00,0,8,1,200800047337B02,7,15,1
200800047349,2008-08-19,2008,août,mardi,19:15,10,10280,0,0,1,1,2,1,1,3,2,00,1,1,000,056,1,0,1,2,1,63,5,1,2,00,0,4,1,200800047349B02,7,1,1
200800047381,2008-08-27,2008,août,mercredi,16:45,58,58208,0,0,1,1,1,1,1,3,2,02,2,1,000,066,1,0,1,3,1,43,5,0,0,00,2,4,2,200800047381B02,7,2,1
200800047396,2008-08-24,2008,août,dimanche,10:00,71,71263,46.632,5.227,2,1,3,1,1,4,2,02,1,1,000,065,1,0,1,3,1,59,5,1,2,00,2,8,1,200800047396B02,7,15,1
200800047418,2008-08-28,2008,août,jeudi,11:45,89,89380,48.078,3.097,2,1,2,1,1,3,2,00,1,1,000,075,1,0,1,3,2,63,5,0,0,00,2,5,15,200800047418A01,7,1,1
200800047445,2008-08-26,2008,août,mardi,13:45,39,39415,46.939,5.341,2,2,6,1,1,4,2,00,-1,1,000,060,-1,0,1,3,2,77,3,0,0,00,0,3,15,200800047445A01,,,
200800047463,2008-08-06,2008,août,mercredi,81:5,13,13072,43.43,5.62,1,1,5,1,1,3,2,02,2,2,000,050,1,0,1,3,1,82,5,1,2,00,0,1,1,200800047463B02,10,1,1
200800047463,2008-08-06,2008,août,mercredi,81:5,13,13072,43.43,5.62,1,1,5,1,1,3,2,02,2,2,000,050,1,0,1,4,1,72,0,1,2,00,0,1,1,200800047463C03,10,1,1
200800047467,2008-08-17,2008,août,dimanche,12:15,13,13004,0,0,1,1,3,1,1,4,2,02,1,-1,000,041,1,0,1,3,1,55,5,0,0,00,2,8,1,200800047467B02,13,17,1
200800047480,2008-08-16,2008,août,samedi,16:15,04,04116,0,0,1,1,3,1,1,3,2,02,1,3,000,067,1,0,1,3,1,38,5,1,2,00,2,8,15,200800047480B02,10,17,1
200800047508,2008-08-03,2008,août,dimanche,11:45,06,06033,0,0,1,1,3,1,1,3,2,02,1,4,000,070,1,0,1,3,1,32,5,1,2,00,2,1,1,200800047508B02,7,15,1
200800047509,2008-08-22,2008,août,vendredi,91:5,06,06033,0,0,1,9,3,1,1,3,3,02,1,1,000,100,1,0,5,3,1,56,0,0,0,00,2,1,1,200800047509B02,7,19,1
200800047531,2008-08-05,2008,août,mardi,90:0,83,83093,0,0,1,1,3,1,1,4,2,00,2,3,000,040,-1,0,1,3,2,13,5,1,2,00,2,1,1,200800047531A01,7,1,1
200800047556,2008-08-13,2008,août,mercredi,83:0,83,83016,0,0,1,1,2,1,1,2,2,00,2,2,000,070,1,0,1,3,1,58,5,1,2,00,0,4,2,200800047556A01,33,2,1
200800047564,2008-08-19,2008,août,mardi,10:00,84,84054,0,0,2,6,2,1,1,4,4,01,1,1,000,000,1,0,1,3,1,71,5,1,2,00,2,1,1,200800047564B02,7,12,1
200800047572,2008-08-26,2008,août,mardi,80:0,84,84030,0,0,1,1,2,1,1,3,2,00,1,1,000,000,1,0,1,3,1,65,5,1,2,00,2,8,15,200800047572B02,7,17,1
200800047575,2008-08-16,2008,août,samedi,13:30,84,84069,0,0,1,1,1,1,1,3,2,02,4,3,000,080,1,0,1,3,1,29,5,1,2,00,2,1,13,200800047575A01,10,1,1
200800047576,2008-08-23,2008,août,samedi,14:45,84,84017,0,0,1,1,1,1,1,3,2,02,2,1,000,053,1,0,1,3,1,30,5,1,2,00,2,1,13,200800047576A01,10,1,1
200800047578,2008-08-02,2008,août,samedi,84:5,84,84019,44.281,4.775,1,1,7,1,1,3,2,02,4,1,000,055,1,0,3,3,1,56,5,1,2,13,0,2,1,200800047578A01,,,
200800047593,2008-08-28,2008,août,jeudi,10:30,34,34258,43.469,3.183,2,1,2,1,1,3,2,01,2,1,000,063,1,0,1,2,1,66,5,1,2,16,0,0,1,200800047593A01,1,1,1
200800047593,2008-08-28,2008,août,jeudi,10:30,34,34258,43.469,3.183,2,1,2,1,1,3,2,01,2,1,000,063,1,0,1,3,1,65,5,1,2,00,2,1,1,200800047593B02,1,1,1
200800047602,2008-08-14,2008,août,jeudi,81:5,34,34299,43.285,3.289,2,1,1,1,7,3,2,00,1,1,000,000,1,5,1,4,1,70,5,0,0,00,2,1,15,200800047602B02,7,15,1
200800047603,2008-08-18,2008,août,lundi,19:00,34,34299,43.277,3.286,1,1,5,1,1,3,2,00,1,1,000,070,1,0,1,4,1,39,5,0,0,00,2,3,1,200800047603B02,7,13,1
200800047603,2008-08-18,2008,août,lundi,19:00,34,34299,43.277,3.286,1,1,5,1,1,3,2,00,1,1,000,070,1,0,1,4,1,13,5,0,0,00,2,3,1,200800047603C03,7,13,1
200800047603,2008-08-18,2008,août,lundi,19:00,34,34299,43.277,3.286,1,1,5,1,1,3,2,00,1,1,000,070,1,0,1,4,1,7,5,0,0,00,2,3,1,200800047603D04,7,13,1
200800047624,2008-08-09,2008,août,samedi,83:0,11,11299,43.15,2.29,1,1,1,1,1,3,2,02,1,1,070,000,1,0,1,3,1,74,5,1,2,00,0,8,0,200800047624B02,7,21,1
200800047630,2008-08-13,2008,août,mercredi,22:00,11,11116,43.26,3.006,1,1,2,3,1,3,2,00,1,1,000,062,1,0,1,2,1,57,5,0,0,00,2,0,1,200800047630B02,38,1,1
200800047642,2008-08-25,2008,août,lundi,10:45,30,30333,0,0,2,1,2,1,1,4,2,02,1,-1,070,070,1,0,3,3,1,61,5,0,0,00,2,1,2,200800047642B02,10,4,1
200800047653,2008-08-03,2008,août,dimanche,12:00,30,30334,44.02,4.426,2,1,5,1,1,3,2,02,2,2,000,075,1,0,1,3,1,58,5,1,2,00,9,1,1,200800047653B02,10,1,1
200800047653,2008-08-03,2008,août,dimanche,12:00,30,30334,44.02,4.426,2,1,5,1,1,3,2,02,2,2,000,075,1,0,1,1,1,43,5,1,2,00,9,1,1,200800047653C03,10,1,1
200800047653,2008-08-03,2008,août,dimanche,12:00,30,30334,44.02,4.426,2,1,5,1,1,3,2,02,2,2,000,075,1,0,1,1,1,36,5,1,2,00,9,7,1,200800047653D04,10,1,1
200800047676,2008-08-02,2008,août,samedi,16:15,48,48080,44.741,3.838,1,1,3,1,1,3,2,02,2,1,000,063,1,0,1,4,1,57,5,1,2,00,2,8,1,200800047676B02,7,17,1
200800047688,2008-08-22,2008,août,vendredi,51:5,66,66008,0,0,1,1,1,3,1,3,2,02,1,1,000,060,1,2,5,3,1,38,1,0,0,00,2,1,1,200800047688B02,7,13,1
200800047693,2008-08-26,2008,août,mardi,14:00,66,66043,0,0,1,1,6,1,1,4,2,02,2,3,000,037,9,0,1,2,2,46,5,0,0,02,0,1,1,200800047693A01,,,
200800047706,2008-08-10,2008,août,dimanche,15:00,2A,2A160,41.805,8.988,1,1,1,1,1,3,2,02,-1,3,000,055,1,0,1,3,1,48,5,1,2,00,2,1,13,200800047706A01,7,1,1
200800047722,2008-08-27,2008,août,mercredi,93:0,2B,2B179,0,0,1,1,1,1,1,3,2,02,2,4,000,000,1,0,1,3,1,62,5,1,2,00,0,1,13,200800047722B02,10,1,1
200800047757,2008-08-28,2008,août,jeudi,17:30,45,45072,47.975,1.965,1,1,1,1,1,3,2,02,1,1,000,070,1,0,1,4,1,14,5,0,0,00,0,8,15,200800047757A01,10,2,1
200800047761,2008-08-05,2008,août,mardi,60:0,45,45317,47.77,1.611,2,1,6,2,1,2,2,02,1,1,000,070,1,0,1,2,1,32,1,1,4,00,2,4,2,200800047761A02,,,
200800047789,2008-08-06,2008,août,mercredi,18:30,28,28199,48.206,1.881,2,1,3,1,1,3,2,01,1,1,000,076,1,0,1,2,1,76,5,0,0,00,2,8,13,200800047789A01,17,17,1
200800047794,2008-08-06,2008,août,mercredi,15:30,28,28275,0,0,2,1,3,1,1,3,2,02,1,3,000,000,1,0,1,3,1,15,5,0,0,00,2,1,9,200800047794A01,7,1,1
200800047811,2008-08-05,2008,août,mardi,91:5,37,37031,0,0,1,1,1,1,1,4,2,02,1,1,000,000,1,0,1,1,1,64,5,1,2,00,2,1,1,200800047811A01,1,1,1
200800047811,2008-08-05,2008,août,mardi,91:5,37,37031,0,0,1,1,1,1,1,4,2,02,1,1,000,000,1,0,1,3,1,74,5,1,2,00,2,1,1,200800047811B02,1,1,1
200800047818,2008-08-25,2008,août,lundi,14:30,41,41252,0,0,1,1,5,1,1,3,2,02,1,1,000,075,1,0,1,3,1,46,5,0,0,00,2,4,2,200800047818B02,30,2,1
200800047818,2008-08-25,2008,août,lundi,14:30,41,41252,0,0,1,1,5,1,1,3,2,02,1,1,000,075,1,0,1,1,2,40,5,0,0,00,2,4,2,200800047818C03,30,2,1
200800047825,2008-08-02,2008,août,samedi,16:45,33,33503,0,0,2,1,2,1,2,3,2,02,1,1,000,059,2,0,1,3,1,77,5,0,0,00,2,8,1,200800047825B02,7,1,1
200800047849,2008-08-25,2008,août,lundi,14:45,51,51183,0,0,1,1,3,1,1,3,2,02,1,1,000,070,1,0,1,3,2,59,5,0,0,00,2,7,15,200800047849A01,7,1,1
200800047895,2008-08-11,2008,août,lundi,17:45,41,41067,0,0,1,1,2,1,1,3,2,00,1,1,000,068,1,0,1,2,2,62,3,1,9,00,9,4,2,200800047895B02,2,2,1
200800047910,2008-08-04,2008,août,lundi,94:5,38,38052,45.071,6.043,1,1,7,1,1,3,2,02,2,3,000,061,1,0,1,3,1,35,5,1,2,13,2,1,1,200800047910A01,,,
200800047911,2008-08-12,2008,août,mardi,18:45,38,38177,45.07,6.043,1,1,7,1,2,3,2,00,2,4,000,090,2,0,0,2,1,25,5,1,2,04,0,6,13,200800047911A01,,,
200800047965,2008-08-07,2008,août,jeudi,81:5,06,06152,0,0,1,6,1,1,1,3,1,02,1,2,000,075,1,5,1,3,1,30,1,1,2,00,2,7,2,200800047965B02,7,9,1
200800047974,2008-08-18,2008,août,lundi,19:00,56,56240,47.521,-2.78,1,1,1,1,1,4,2,00,2,-1,000,054,1,0,1,3,2,22,5,0,0,00,2,4,2,200800047974B02,10,2,1
200800047990,2008-08-10,2008,août,dimanche,16:15,67,67152,48.524,7.684,2,1,1,1,1,3,2,02,1,1,000,000,1,0,1,3,1,60,5,0,0,00,0,1,1,200800047990B02,7,17,1
200800047992,2008-08-03,2008,août,dimanche,12:30,67,67343,48.61,7.698,1,1,5,1,1,5,-1,00,1,1,000,000,1,0,5,1,1,50,1,0,0,00,2,1,1,200800047992A01,14,0,1
200800047992,2008-08-03,2008,août,dimanche,12:30,67,67343,48.61,7.698,1,1,5,1,1,5,-1,00,1,1,000,000,1,0,5,3,1,53,1,0,0,00,2,1,0,200800047992B02,14,0,1
200800047994,2008-08-28,2008,août,jeudi,17:15,67,67343,48.611,7.679,1,6,3,1,1,3,2,01,1,3,000,070,1,5,1,3,1,61,5,1,2,00,0,7,19,200800047994B02,7,16,1
200800047998,2008-08-28,2008,août,jeudi,21:00,38,38530,45.617,5.175,2,9,3,2,1,4,2,00,1,1,000,000,1,0,4,3,1,12,5,1,2,00,2,1,19,200800047998B02,7,1,1
200800048004,2008-08-02,2008,août,samedi,11:30,47,47036,0,0,1,1,3,1,1,3,2,00,4,1,060,000,1,0,1,3,1,31,0,0,0,00,2,0,2,200800048004B02,7,2,1
200800048012,2008-07-06,2008,juillet,dimanche,19:39,04,04070,0,0,2,1,7,1,1,2,3,02,1,1,000,030,1,0,5,3,1,52,1,1,9,00,0,1,2,200800048012A01,,,
200800048015,2008-07-07,2008,juillet,lundi,19:05,44,44109,0,0,2,6,6,1,2,4,-1,00,-1,-1,000,000,-1,0,0,4,1,55,0,1,9,00,0,0,1,200800048015B01,7,0,1
200800048018,2008-08-30,2008,août,samedi,16:25,94,94079,0,0,2,1,2,1,1,4,3,02,1,1,000,000,1,0,1,3,1,26,0,1,2,00,2,1,16,200800048018B01,34,18,1
200800048022,2008-07-08,2008,juillet,mardi,18:30,78,78646,0,0,2,3,3,1,1,3,2,05,1,1,000,165,1,0,1,4,2,54,9,1,9,00,2,1,8,200800048022B01,7,9,1
200800048046,2008-06-15,2008,juin,dimanche,18:00,69,69264,0,0,2,6,3,1,1,4,2,02,-1,-1,000,000,-1,0,1,4,1,14,5,1,9,00,2,0,2,200800048046B01,7,2,1
200800048060,2008-06-26,2008,juin,jeudi,11:35,77,77215,0,0,2,1,7,1,1,4,2,00,1,1,000,071,1,0,1,3,2,65,5,1,9,00,0,2,0,200800048060B01,7,0,1
200800048066,2008-04-03,2008,avril,jeudi,15:45,78,78383,0,0,2,1,2,1,1,4,2,02,1,1,000,074,1,0,1,3,2,61,5,1,2,00,0,1,1,200800048066A01,15,0,1
200800048068,2008-06-10,2008,juin,mardi,95:0,78,78208,0,0,2,1,1,1,1,4,-1,01,1,-1,000,000,1,0,0,4,1,23,5,1,2,00,2,1,1,200800048068A01,1,1,1
200800048068,2008-06-10,2008,juin,mardi,95:0,78,78208,0,0,2,1,1,1,1,4,-1,01,1,-1,000,000,1,0,0,1,2,40,4,1,2,00,2,1,1,200800048068B01,1,1,1
200800048069,2008-06-11,2008,juin,mercredi,14:00,78,78208,0,0,1,1,1,1,1,4,2,02,1,1,000,000,1,0,5,1,1,15,5,1,2,00,2,1,5,200800048069A01,1,1,1
200800048069,2008-06-11,2008,juin,mercredi,14:00,78,78208,0,0,1,1,1,1,1,4,2,02,1,1,000,000,1,0,5,4,2,41,1,1,2,00,2,1,1,200800048069B01,1,5,1
200800048078,2008-07-31,2008,juillet,jeudi,17:05,78,78383,0,0,2,3,3,1,1,4,2,01,1,1,025,041,1,0,1,3,1,18,5,1,2,00,2,1,15,200800048078B01,7,1,1
200800048080,2008-07-16,2008,juillet,mercredi,13:50,91,91549,0,0,2,1,6,1,1,3,3,02,1,1,000,000,1,0,1,4,1,27,5,1,2,00,2,2,1,200800048080A01,7,1,1
200800048143,2008-09-16,2008,septembre,mardi,10:00,69,69069,0,0,2,9,1,1,8,4,2,02,1,1,000,060,1,0,1,3,1,73,5,1,2,01,2,2,1,200800048143B02,7,22,1
200800048188,2008-09-15,2008,septembre,lundi,93:0,01,01094,0,0,1,1,3,1,7,3,2,00,-1,2,060,000,1,0,1,3,1,11,2,1,2,00,2,7,19,200800048188A01,10,1,1
200800048199,2008-09-15,2008,septembre,lundi,15:30,01,01004,0,0,2,1,3,1,1,4,2,02,1,1,015,105,1,0,1,4,1,29,5,1,2,00,2,1,1,200800048199A01,7,19,1
200800048213,2008-09-14,2008,septembre,dimanche,15:30,07,07076,0,0,1,1,2,1,1,3,2,02,1,1,000,074,1,0,1,2,1,57,5,0,0,00,2,4,2,200800048213B02,7,2,1
200800048214,2008-09-14,2008,septembre,dimanche,14:45,07,07348,0,0,2,9,3,1,1,4,-1,01,1,1,000,030,-1,0,1,3,2,12,5,1,2,02,2,3,15,200800048214B02,7,1,1
200800048229,2008-09-19,2008,septembre,vendredi,17:45,26,26313,0,0,2,2,3,1,1,4,2,00,1,1,000,020,1,0,1,3,2,10,5,0,0,00,2,1,1,200800048229B02,7,1,1
200800048246,2008-09-29,2008,septembre,lundi,11:15,26,26231,0,0,1,1,1,1,1,4,2,00,1,3,000,000,1,0,1,4,1,41,5,1,2,00,2,1,13,200800048246B02,7,1,1
200800048260,2008-09-21,2008,septembre,dimanche,12:00,38,38520,0,0,2,9,1,1,1,4,2,02,2,1,000,040,1,0,1,3,1,59,5,1,2,16,2,7,21,200800048260B02,7,13,1
200800048262,2008-09-19,2008,septembre,vendredi,14:00,38,38139,45.74,5.462,1,2,1,1,1,3,2,02,1,1,000,073,1,0,1,3,1,52,5,0,0,00,0,7,19,200800048262B02,7,1,1
200800048264,2008-09-11,2008,septembre,jeudi,16:30,38,38064,0,0,2,1,1,1,1,2,-1,00,-1,1,000,000,1,0,1,4,1,61,5,0,0,00,0,3,0,200800048264B02,10,2,1
200800048267,2008-09-02,2008,septembre,mardi,12:15,38,38110,0,0,1,1,3,1,1,3,2,02,1,3,000,052,1,0,1,4,2,60,5,1,2,00,2,8,1,200800048267B02,7,1,1
200800048299,2008-09-23,2008,septembre,mardi,80:0,73,73128,45.719,5.919,2,1,1,1,1,3,2,00,2,2,000,124,-1,0,0,3,1,42,1,0,0,00,0,6,1,200800048299B02,7,15,1
200800048301,2008-09-03,2008,septembre,mercredi,18:45,73,73051,0,0,2,1,1,2,2,6,-1,01,-1,-1,000,000,2,0,1,3,1,29,1,0,0,00,0,1,1,200800048301A01,7,9,1
200800048306,2008-09-07,2008,septembre,dimanche,16:15,73,73248,45.276,6.351,2,1,1,1,1,9,2,02,1,1,000,000,1,0,1,3,2,48,5,1,2,00,2,1,1,200800048306B02,7,15,1
200800048307,2008-09-17,2008,septembre,mercredi,15:00,73,73109,45.458,6.295,2,1,3,1,1,3,2,00,2,1,000,047,1,0,1,3,1,59,5,1,2,00,2,8,1,200800048307A01,1,1,1
200800048307,2008-09-17,2008,septembre,mercredi,15:00,73,73109,45.458,6.295,2,1,3,1,1,3,2,00,2,1,000,047,1,0,1,3,1,10,5,1,2,00,0,8,1,200800048307B02,1,1,1
200800048319,2008-09-03,2008,septembre,mercredi,15:45,74,74264,0,0,2,1,3,1,1,3,2,00,1,1,000,000,1,0,1,4,1,66,0,0,0,00,2,1,2,200800048319B02,7,1,1
200800048324,2008-09-04,2008,septembre,jeudi,17:45,74,74256,0,0,2,1,1,1,1,4,2,02,1,1,070,000,1,0,1,3,1,10,5,0,0,00,2,8,23,200800048324B02,14,1,1
200800048346,2008-09-17,2008,septembre,mercredi,17:00,63,63273,45.732,3.242,2,1,6,1,1,4,2,02,2,1,050,050,1,0,1,1,1,38,5,0,0,00,1,1,1,200800048346A01,,,
200800048363,2008-09-29,2008,septembre,lundi,14:15,63,63210,0,0,2,1,6,1,1,3,2,02,2,1,000,080,1,0,1,3,1,63,5,0,0,00,1,1,1,200800048363A01,,,