Num_Acc,date,an,mois,jour,hrmn,dep,com,lat,long,agg,int,col,lum,atm,catr,circ,nbv,prof,plan,lartpc,larrout,surf,infra,situ,grav,sexe,age,trajet,secuexist,equipement,obs,obsm,choc,manv,vehiculeid,typevehicules,manoeuvehicules,numVehicules
200800048369,2008-09-02,2008,septembre,mardi,11:15,03,03226,46.376,3.864,1,1,5,1,1,3,2,02,1,-1,000,000,1,0,3,3,1,31,5,1,2,00,0,4,1,200800048369A01,7,0,1
200800048369,2008-09-02,2008,septembre,mardi,11:15,03,03226,46.376,3.864,1,1,5,1,1,3,2,02,1,-1,000,000,1,0,3,3,1,38,5,1,2,00,0,4,1,200800048369B02,7,0,1
200800048377,2008-09-24,2008,septembre,mercredi,14:30,15,15265,0,0,1,1,1,1,1,3,3,03,2,1,107,000,1,5,1,3,1,58,5,1,2,00,2,8,19,200800048377B02,7,1,1
200800048403,2008-09-01,2008,septembre,lundi,16:15,57,57663,0,0,2,1,2,1,1,4,2,02,1,1,000,054,1,0,1,2,1,6,5,1,2,00,2,1,1,200800048403B02,20,4,1
200800048404,2008-09-02,2008,septembre,mardi,11:30,57,57156,0,0,2,1,1,1,1,3,2,02,1,1,000,061,1,0,3,4,1,41,5,1,2,00,2,1,21,200800048404B02,7,15,1
200800048414,2008-09-09,2008,septembre,mardi,14:30,57,57318,0,0,1,1,3,1,1,3,2,02,1,1,000,057,1,0,1,3,1,26,1,0,0,00,2,7,19,200800048414A01,7,1,1
200800048491,2008-09-26,2008,septembre,vendredi,16:00,67,67119,48.68,7.69,2,1,3,1,1,3,2,02,4,1,000,060,1,0,1,3,1,52,1,1,2,00,2,1,1,200800048491B02,7,23,1
200800048492,2008-09-01,2008,septembre,lundi,17:30,67,67202,48.76,7.584,2,1,1,1,1,3,2,02,1,1,000,079,1,0,1,3,1,81,5,0,0,00,0,6,13,200800048492B02,33,17,1
200800048501,2008-09-09,2008,septembre,mardi,16:00,68,68036,0,0,1,1,1,1,1,3,2,02,1,1,000,071,1,0,1,3,1,21,1,0,0,00,2,7,1,200800048501B02,31,1,1
200800048504,2008-09-13,2008,septembre,samedi,10:00,68,68338,48.089,7.29,1,9,2,1,2,3,2,02,1,1,000,073,2,0,1,4,1,60,9,0,0,00,2,4,13,200800048504B02,7,2,1
200800048509,2008-09-02,2008,septembre,mardi,17:30,68,68266,47.908,7.358,1,1,7,1,1,3,2,00,1,1,000,071,1,0,5,3,1,58,5,0,0,00,0,0,1,200800048509A01,,,
200800048541,2008-09-11,2008,septembre,jeudi,19:15,08,08119,49.668,4.882,2,2,3,1,1,4,2,02,1,1,000,048,1,0,1,3,1,12,5,1,2,00,2,1,19,200800048541B02,7,1,1
200800048589,2008-09-10,2008,septembre,mercredi,19:00,71,71294,0,0,2,3,1,1,1,4,2,02,2,1,000,057,1,0,1,3,1,19,1,0,0,00,2,1,16,200800048589A01,7,1,1
200800048599,2008-09-22,2008,septembre,lundi,11:15,71,71263,0,0,2,1,3,1,1,4,2,00,1,1,000,057,1,0,1,3,2,43,4,0,0,00,2,6,9,200800048599A01,10,1,1
200800048608,2008-09-12,2008,septembre,vendredi,14:15,89,89411,0,0,1,1,1,1,1,3,2,00,1,1,000,000,1,0,1,3,1,27,5,1,2,00,2,2,2,200800048608B02,30,1,1
200800048685,2008-09-15,2008,septembre,lundi,15:30,59,59388,50.556,2.86,2,1,6,1,1,3,2,02,1,1,000,060,1,0,1,1,1,59,5,0,0,00,1,1,1,200800048685A01,,,
200800048699,2008-09-26,2008,septembre,vendredi,16:30,62,62473,0,0,2,1,1,1,1,3,2,02,1,1,000,083,1,0,1,1,2,11,2,0,0,00,2,8,19,200800048699A01,30,1,1
200800048723,2008-09-17,2008,septembre,mercredi,17:15,80,80342,0,0,2,1,3,1,1,4,2,02,1,1,000,060,1,0,1,3,1,9,5,0,0,00,2,3,19,200800048723A01,10,1,1
200800048761,2008-09-06,2008,septembre,samedi,14:45,60,60129,49.53,3.006,1,1,1,1,1,3,2,02,1,1,000,000,1,0,1,4,1,35,5,0,0,00,0,4,1,200800048761B02,30,1,1
200800048771,2008-09-15,2008,septembre,lundi,16:45,60,60282,0,0,1,1,2,1,1,3,2,02,1,2,000,070,1,0,1,3,1,58,5,0,0,00,2,6,1,200800048771A01,7,1,1
200800048778,2008-09-21,2008,septembre,dimanche,10:15,76,76357,0,0,1,6,1,1,1,3,-1,01,1,-1,095,000,1,0,1,3,1,42,5,1,2,00,2,4,1,200800048778B02,7,1,1
200800048829,2008-09-03,2008,septembre,mercredi,15:30,35,35171,0,0,1,2,3,1,1,3,2,02,2,1,000,055,1,0,1,2,1,8,5,0,0,00,2,4,1,200800048829B02,10,1,1
200800048836,2008-09-10,2008,septembre,mercredi,14:45,35,35208,0,0,1,1,1,1,1,3,2,02,2,1,000,047,1,0,1,3,1,37,5,1,2,00,2,8,1,200800048836B02,10,17,1
200800048840,2008-09-14,2008,septembre,dimanche,10:00,35,35056,0,0,1,1,6,1,1,4,2,01,1,1,000,035,1,0,1,1,1,58,5,1,2,00,1,1,1,200800048840A01,,,
200800048912,2008-09-12,2008,septembre,vendredi,19:15,14,14712,0,0,2,6,3,1,1,3,2,02,1,1,050,070,1,5,1,3,1,12,5,0,0,00,2,7,13,200800048912A01,7,1,1
200800048935,2008-09-28,2008,septembre,dimanche,11:15,50,50412,49.342,-1.693,2,1,1,1,1,3,2,00,1,1,000,069,1,0,1,3,1,62,5,1,2,00,2,1,1,200800048935B02,7,15,1
200800048938,2008-09-09,2008,septembre,mardi,13:00,50,50350,0,0,1,1,1,1,3,3,2,00,-1,1,035,030,2,0,1,3,1,55,0,0,0,00,2,1,0,200800048938A01,7,6,1
200800048973,2008-09-18,2008,septembre,jeudi,64:5,49,49020,47.469,-0.633,1,1,1,3,1,3,3,02,2,1,010,111,1,0,1,2,1,18,9,1,4,00,2,7,19,200800048973B02,7,1,1
200800048997,2008-09-01,2008,septembre,lundi,15:45,49,49331,0,0,1,6,3,1,1,3,1,00,1,-1,000,000,1,5,1,4,1,59,5,1,2,00,2,7,1,200800048997B02,10,9,1
200800049029,2008-09-01,2008,septembre,lundi,17:30,85,85001,0,0,2,1,1,1,1,4,2,02,1,1,000,060,1,0,1,3,2,69,5,0,0,00,0,4,15,200800049029B02,7,2,1
200800049038,2008-09-22,2008,septembre,lundi,13:00,33,33498,0,0,1,1,2,1,1,3,2,00,1,1,000,076,1,0,1,3,1,37,5,0,0,01,0,1,1,200800049038B02,13,24,1
200800049053,2008-09-18,2008,septembre,jeudi,14:00,33,33433,44.925,-0.453,1,1,3,1,1,3,2,02,1,1,000,077,1,0,1,3,1,79,5,1,2,00,2,7,19,200800049053B02,7,1,1
200800049069,2008-09-13,2008,septembre,samedi,11:15,33,33125,45.22,-0.832,1,1,1,1,2,3,2,02,1,1,000,060,2,5,1,4,1,63,0,0,0,00,2,0,15,200800049069B02,7,17,1
200800049105,2008-09-27,2008,septembre,samedi,16:00,40,40150,43.879,-1.302,2,1,7,1,1,3,2,02,1,1,000,049,1,0,4,2,1,77,5,1,2,00,0,0,0,200800049105A01,,,
200800049115,2008-09-15,2008,septembre,lundi,15:30,40,40119,43.665,-0.602,1,1,5,1,1,3,2,02,4,3,070,000,1,0,1,4,1,62,5,1,2,00,2,8,1,200800049115B02,15,17,1
200800049115,2008-09-15,2008,septembre,lundi,15:30,40,40119,43.665,-0.602,1,1,5,1,1,3,2,02,4,3,070,000,1,0,1,3,1,71,5,1,2,00,2,8,1,200800049115C03,15,17,1
200800049125,2008-09-16,2008,septembre,mardi,13:30,47,47157,0,0,2,1,3,1,1,4,2,02,1,1,000,080,1,0,1,2,1,14,2,0,0,00,2,8,15,200800049125B02,7,17,1
200800049154,2008-09-02,2008,septembre,mardi,12:00,86,86115,0,0,2,6,3,1,1,4,-1,02,1,-1,000,000,1,0,1,3,1,65,0,1,2,00,2,7,6,200800049154B02,7,6,1
200800049173,2008-09-10,2008,septembre,mercredi,14:45,16,16094,0,0,1,1,1,1,1,3,2,00,1,1,000,045,1,0,1,3,1,64,5,0,0,00,2,1,1,200800049173B02,7,13,1
200800049177,2008-09-27,2008,septembre,samedi,14:30,17,17094,0,0,2,6,3,1,1,4,1,01,2,2,000,000,1,5,1,3,1,73,5,1,2,00,2,1,1,200800049177B02,7,9,1
200800049187,2008-09-22,2008,septembre,lundi,11:15,17,17340,0,0,1,1,1,1,1,3,2,02,1,1,000,066,1,0,1,3,2,59,5,1,2,00,0,0,2,200800049187B02,17,17,1
200800049202,2008-09-01,2008,septembre,lundi,17:00,17,17135,0,0,1,1,1,1,1,3,2,00,1,1,000,035,1,0,1,4,1,65,5,0,0,00,5,2,1,200800049202A01,1,1,1
200800049202,2008-09-01,2008,septembre,lundi,17:00,17,17135,0,0,1,1,1,1,1,3,2,00,1,1,000,035,1,0,1,4,1,64,5,0,0,00,2,1,1,200800049202B02,1,1,1
200800049206,2008-09-25,2008,septembre,jeudi,15:15,79,79189,0,0,1,1,1,1,1,3,2,02,-1,3,000,060,1,0,1,3,1,32,4,0,0,00,0,6,1,200800049206B02,10,21,1
200800049223,2008-09-14,2008,septembre,dimanche,11:45,19,19123,45.17,1.565,2,1,3,1,1,4,2,02,1,1,000,075,1,0,1,3,2,53,5,1,2,00,2,3,1,200800049223B02,7,15,1
200800049256,2008-09-25,2008,septembre,jeudi,18:45,31,31188,43.57,1.22,1,1,1,1,1,3,2,00,-1,1,000,060,1,0,1,3,1,16,5,1,2,00,0,1,1,200800049256B02,7,19,1
200800049261,2008-09-12,2008,septembre,vendredi,18:30,31,31082,43.592,1.693,1,1,1,1,1,3,2,02,2,1,000,040,1,0,1,3,1,10,5,0,0,00,2,1,11,200800049261B02,7,1,1
200800049263,2008-09-10,2008,septembre,mercredi,17:00,31,31429,43.496,1.518,2,9,6,1,1,4,2,02,4,1,000,045,1,0,4,3,2,14,5,1,2,12,0,1,1,200800049263A01,,,
200800049263,2008-09-10,2008,septembre,mercredi,17:00,31,31429,43.496,1.518,2,9,6,1,1,4,2,02,4,1,000,045,1,0,4,3,2,10,0,1,2,12,0,1,1,200800049263A01,,,
200800049298,2008-09-03,2008,septembre,mercredi,15:30,46,46226,0,0,1,1,1,1,1,3,2,01,1,1,000,000,1,0,1,4,1,8,0,0,0,00,2,1,19,200800049298B02,7,1,1
200800049316,2008-09-24,2008,septembre,mercredi,18:30,13,13024,43.723,5.25,2,3,3,1,1,3,2,02,1,1,000,067,1,0,1,3,1,9,5,1,2,00,2,8,19,200800049316B02,7,1,1
200800049379,2008-09-06,2008,septembre,samedi,81:5,50,50543,48.648,-1.328,1,1,1,1,1,3,2,00,1,2,000,070,1,0,1,3,1,56,5,1,2,00,2,8,2,200800049379B02,7,17,1
200800049388,2008-09-15,2008,septembre,lundi,12:45,83,83068,0,0,2,1,3,1,1,3,2,00,1,1,000,065,1,0,1,3,1,59,5,1,2,00,2,3,1,200800049388A01,15,17,1
200800049395,2008-09-07,2008,septembre,dimanche,12:45,83,83112,0,0,2,1,3,1,1,4,2,01,1,1,000,040,1,0,1,3,1,12,0,0,0,00,2,8,19,200800049395B02,7,1,1
200800049444,2008-09-24,2008,septembre,mercredi,90:0,34,34031,0,0,1,3,1,1,1,3,2,02,1,-1,000,000,1,0,1,3,1,57,5,0,0,00,2,3,15,200800049444B02,7,1,1
200800049496,2008-09-29,2008,septembre,lundi,15:00,66,66174,0,0,1,1,3,1,1,2,2,00,1,1,000,095,1,0,1,3,1,83,5,0,0,00,2,7,14,200800049496B02,7,1,1
200800049538,2008-09-11,2008,septembre,jeudi,12:45,78,78601,0,0,2,1,2,1,1,3,2,00,1,1,000,065,1,0,1,3,1,38,5,1,2,00,2,1,2,200800049538B02,99,23,1
200800049545,2008-09-01,2008,septembre,lundi,15:15,91,91458,48.666,2.249,2,1,1,1,1,4,2,00,1,-1,000,056,1,0,1,3,1,14,5,1,2,00,2,0,19,200800049545B02,7,1,1
200800049606,2008-09-03,2008,septembre,mercredi,20:15,28,28318,0,0,2,1,7,1,1,3,2,02,1,2,000,060,1,0,1,3,2,35,5,0,0,00,0,0,1,200800049606A01,,,
200800049622,2008-09-26,2008,septembre,vendredi,12:15,37,37179,47.45,0.725,1,1,2,1,1,3,3,02,1,1,020,120,1,0,1,3,1,41,1,0,0,00,0,4,2,200800049622B02,30,2,1
200800049634,2008-09-29,2008,septembre,lundi,18:30,41,41180,47.369,1.269,1,1,6,1,1,3,2,00,1,1,000,051,1,0,1,3,1,72,5,0,0,00,0,0,0,200800049634A01,10,1,1
200800049644,2008-09-10,2008,septembre,mercredi,15:00,13,13033,43.378,5.187,1,1,2,1,1,3,2,02,1,1,000,000,1,0,1,3,1,64,5,1,2,00,0,4,1,200800049644B02,10,16,1
200800049689,2008-09-26,2008,septembre,vendredi,15:30,37,37156,0,0,2,1,7,1,1,4,2,01,-1,-1,000,072,1,0,1,2,1,74,5,1,2,12,0,1,0,200800049689A01,,,
200800049693,2008-09-20,2008,septembre,samedi,23:00,67,67014,0,0,1,1,2,3,1,3,2,02,1,1,000,060,1,0,1,2,1,46,5,0,0,00,0,4,2,200800049693B02,7,2,1
200800049863,2008-09-01,2008,septembre,lundi,10:30,54,54280,0,0,2,2,3,1,2,4,2,02,1,1,000,105,2,0,0,2,1,82,3,1,9,00,2,1,15,200800049863B01,7,1,1
200800049883,2008-09-26,2008,septembre,vendredi,18:50,54,54395,0,0,2,1,6,1,1,4,2,04,1,1,000,000,1,0,1,1,1,23,2,1,2,00,1,1,1,200800049883A01,,,
200800049901,2008-09-24,2008,septembre,mercredi,15:30,55,55029,0,0,2,1,3,1,1,4,1,00,1,1,000,000,1,0,1,4,1,16,5,1,9,00,2,1,1,200800049901A01,7,1,1
200800049920,2008-09-09,2008,septembre,mardi,17:40,56,56098,0,0,2,1,3,1,1,4,2,02,1,1,000,000,1,0,1,4,1,40,0,1,9,00,2,1,1,200800049920B01,7,16,1
200800049926,2008-09-15,2008,septembre,lundi,11:10,56,56121,0,0,2,1,1,1,1,4,2,02,1,1,000,000,1,0,1,4,1,22,0,1,9,00,2,1,15,200800049926A01,7,1,1
200800049932,2008-09-23,2008,septembre,mardi,11:17,56,56162,0,0,1,2,3,1,1,4,2,02,1,1,000,000,1,0,1,4,1,21,0,1,2,00,2,0,1,200800049932B01,7,15,1
200800049935,2008-09-25,2008,septembre,jeudi,19:02,56,56098,0,0,2,1,7,1,1,9,2,02,1,1,000,000,1,0,1,4,1,20,5,1,9,00,0,0,1,200800049935A01,,,
200800049936,2008-09-26,2008,septembre,vendredi,20:50,56,56162,0,0,1,6,3,5,1,9,2,02,1,1,000,000,1,0,0,4,1,20,5,1,9,00,2,0,1,200800049936B01,7,1,1
200800049938,2008-09-27,2008,septembre,samedi,15:55,56,56121,0,0,2,1,3,1,1,9,2,02,1,1,000,000,1,0,1,4,1,9,9,1,9,00,0,1,19,200800049938A01,7,1,1
200800049976,2008-09-30,2008,septembre,mardi,10:40,57,57616,0,0,2,1,1,1,2,4,1,01,1,1,000,000,2,0,0,4,1,14,9,1,2,00,2,1,5,200800049976A01,7,1,1
200800049981,2008-09-03,2008,septembre,mercredi,14:45,57,57672,0,0,2,2,3,1,3,4,2,03,1,-1,000,071,2,5,1,4,1,61,0,1,9,00,2,1,19,200800049981B01,7,0,1
200800049988,2008-09-28,2008,septembre,dimanche,16:40,58,58194,0,0,2,1,7,1,1,4,-1,02,2,-1,000,000,1,5,1,4,1,59,0,1,9,00,0,0,1,200800049988A01,,,
200800050027,2008-09-02,2008,septembre,mardi,10:30,59,59350,0,0,2,1,6,1,1,4,2,02,1,1,000,060,1,0,1,4,1,40,5,0,0,00,2,1,1,200800050027B01,7,16,1
200800050031,2008-09-03,2008,septembre,mercredi,17:30,59,59378,0,0,2,2,3,1,2,4,-1,01,1,1,000,015,2,0,4,4,1,9,5,1,4,00,2,7,1,200800050031A01,7,1,1
200800050032,2008-09-04,2008,septembre,jeudi,15:10,59,59328,0,0,2,2,3,1,1,4,2,02,1,1,000,066,1,0,1,4,1,39,5,1,2,00,2,0,1,200800050032B01,7,15,1
200800050039,2008-09-08,2008,septembre,lundi,19:00,59,59009,0,0,2,2,3,1,1,4,2,02,1,1,000,065,1,0,1,4,2,14,5,1,4,00,2,1,1,200800050039A01,7,15,1
200800050040,2008-09-08,2008,septembre,lundi,17:10,59,59009,0,0,2,1,1,1,1,3,2,02,1,1,000,070,1,0,5,4,1,54,5,1,2,00,2,1,0,200800050040B01,2,1,1
200800050061,2008-09-16,2008,septembre,mardi,15:15,59,59350,0,0,2,1,6,1,1,4,2,02,1,1,000,000,1,0,1,4,2,42,0,1,4,00,2,1,19,200800050061A01,7,2,1
200800050069,2008-09-18,2008,septembre,jeudi,82:0,59,59350,0,0,2,3,6,1,1,4,1,01,1,1,000,000,1,0,1,4,2,32,0,1,4,00,2,1,19,200800050069B01,7,4,1
200800050070,2008-09-19,2008,septembre,vendredi,15:40,59,59346,0,0,2,1,3,1,1,4,3,04,1,1,024,207,1,0,1,4,1,16,0,1,9,00,2,1,1,200800050070B01,15,1,1
200800050090,2008-09-26,2008,septembre,vendredi,17:30,59,59350,0,0,2,1,6,1,1,4,1,02,1,1,000,110,1,0,4,4,1,29,5,1,9,00,2,1,1,200800050090A01,1,1,1
200800050090,2008-09-26,2008,septembre,vendredi,17:30,59,59350,0,0,2,1,6,1,1,4,1,02,1,1,000,110,1,0,4,4,2,20,5,1,9,00,2,1,1,200800050090B01,1,1,1
200800050100,2008-09-30,2008,septembre,mardi,14:00,59,59328,0,0,2,1,6,1,2,4,2,02,1,1,000,000,2,0,1,1,1,35,1,1,2,00,1,1,1,200800050100A01,,,
200800050117,2008-09-08,2008,septembre,lundi,18:40,59,59299,0,0,1,1,3,1,1,4,2,02,1,1,000,000,1,0,1,3,1,48,4,1,9,01,2,0,1,200800050117B01,7,22,1
200800050125,2008-09-12,2008,septembre,vendredi,22:00,59,59512,0,0,1,2,1,5,1,4,2,02,1,1,000,000,1,0,1,3,1,26,9,1,9,00,2,1,13,200800050125A01,7,1,1
200800050133,2008-09-22,2008,septembre,lundi,15:50,59,59512,0,0,2,1,3,1,1,4,2,02,1,1,000,000,1,0,1,3,1,21,9,1,9,01,2,0,1,200800050133B01,7,22,1
200800050141,2008-09-27,2008,septembre,samedi,12:30,59,59650,0,0,1,1,3,1,1,4,2,02,1,1,000,000,1,0,5,1,1,16,9,1,2,00,2,0,1,200800050141A01,2,1,1
200800050153,2008-09-27,2008,septembre,samedi,19:35,59,59599,0,0,2,1,3,2,1,5,-1,00,1,-1,000,000,-1,0,4,4,1,15,0,1,9,00,2,2,0,200800050153B01,7,9,1
200800050159,2008-09-13,2008,septembre,samedi,19:00,59,59606,0,0,2,2,6,5,2,4,2,02,1,1,000,073,2,0,1,4,1,41,0,1,9,00,2,1,1,200800050159A01,7,1,1
200800050168,2008-09-29,2008,septembre,lundi,18:50,59,59032,0,0,2,1,3,1,1,4,2,02,1,1,000,070,1,4,1,4,1,18,0,1,2,00,2,7,1,200800050168A01,7,1,1
200800050178,2008-09-30,2008,septembre,mardi,18:30,60,60414,0,0,1,1,7,1,2,4,2,02,1,1,000,090,2,0,1,3,1,64,5,1,9,00,2,1,2,200800050178B01,7,1,1
200800050213,2008-09-16,2008,septembre,mardi,91:0,62,62637,0,0,2,3,3,1,1,4,2,02,1,1,000,068,1,0,1,4,2,79,5,1,9,00,2,1,15,200800050213A01,30,1,1
200800050221,2008-09-07,2008,septembre,dimanche,16:50,62,62427,0,0,2,1,6,1,1,4,2,02,1,1,000,000,1,0,1,4,2,11,5,1,9,00,2,1,19,200800050221B01,10,1,1
200800050240,2008-09-01,2008,septembre,lundi,17:40,64,64445,0,0,2,4,3,1,1,4,2,02,1,1,000,000,1,5,1,4,2,27,9,1,9,00,2,8,15,200800050240A01,7,1,1
200800050243,2008-09-03,2008,septembre,mercredi,85:0,64,64445,0,0,2,1,6,1,1,4,2,03,1,1,000,127,1,0,1,3,2,79,5,1,2,00,2,1,1,200800050243B01,13,16,1
200800050244,2008-09-03,2008,septembre,mercredi,83:5,64,64445,0,0,2,2,3,1,1,4,2,02,1,1,000,110,1,0,1,4,2,39,1,1,9,00,2,1,1,200800050244B01,7,16,1
200800050247,2008-09-04,2008,septembre,jeudi,12:45,64,64335,0,0,2,1,1,1,1,5,2,02,3,3,000,071,1,0,1,3,1,12,2,1,2,00,2,1,13,200800050247A01,7,1,1
200800050256,2008-09-12,2008,septembre,vendredi,15:15,64,64445,0,0,2,1,3,1,1,4,2,02,1,1,000,123,1,0,1,4,1,60,0,1,2,00,2,6,19,200800050256A01,2,1,1
200800050257,2008-09-16,2008,septembre,mardi,18:35,64,64132,0,0,2,3,3,1,7,4,2,02,1,1,000,000,1,0,1,4,2,12,9,1,2,00,2,1,16,200800050257B01,7,1,1
200800050264,2008-09-25,2008,septembre,jeudi,84:5,64,64445,0,0,2,1,1,1,1,4,2,02,1,1,000,060,1,5,1,4,1,42,0,1,9,00,2,1,1,200800050264B01,7,15,1
200800050291,2008-09-01,2008,septembre,lundi,17:15,65,65226,0,0,1,1,6,1,1,2,2,02,1,1,018,091,1,0,1,3,1,64,9,1,9,00,2,7,2,200800050291B01,33,2,1
200800050302,2008-09-17,2008,septembre,mercredi,13:00,65,65440,0,0,2,2,3,1,1,4,1,01,1,1,000,042,1,0,0,4,1,83,0,1,2,00,2,1,1,200800050302A01,7,1,1
200800050309,2008-09-12,2008,septembre,vendredi,74:5,62,62498,0,0,2,1,1,1,3,4,1,01,1,1,000,050,2,0,1,4,2,49,1,1,9,00,2,1,5,200800050309A01,7,1,1
200800050321,2008-09-26,2008,septembre,vendredi,17:10,62,62510,0,0,1,1,3,1,1,3,2,02,1,1,000,180,1,6,0,3,1,12,5,1,2,00,2,7,0,200800050321B01,7,0,1
200800050343,2008-09-10,2008,septembre,mercredi,16:48,63,63014,0,0,2,2,3,1,1,4,2,02,1,1,000,000,1,0,1,4,1,14,0,1,2,00,2,7,0,200800050343A01,7,0,1
200800050395,2008-09-02,2008,septembre,mardi,20:15,34,34198,0,0,1,6,3,2,1,3,1,03,1,1,000,000,1,0,1,3,1,65,0,1,4,00,2,8,3,200800050395B01,7,2,1
200800050405,2008-09-08,2008,septembre,lundi,92:0,34,34172,43.62164,3.85546,2,1,3,1,1,4,2,02,1,1,000,060,1,0,5,4,2,52,1,1,9,00,2,3,1,200800050405B01,7,15,1
200800050408,2008-09-08,2008,septembre,lundi,18:04,34,34172,43.62084,3.87717,2,3,3,1,1,4,2,02,1,1,000,056,1,0,0,3,1,40,0,1,9,00,2,2,1,200800050408B01,7,16,1
200800050418,2008-09-13,2008,septembre,samedi,11:21,34,34172,0,0,2,1,3,1,1,4,-1,02,1,1,000,060,1,0,1,4,2,18,0,1,9,00,2,1,19,200800050418A01,7,1,1
200800050429,2008-09-23,2008,septembre,mardi,17:50,34,34172,0,0,2,2,1,1,1,4,1,01,-1,-1,000,000,-1,0,1,4,1,23,0,1,9,00,2,8,1,200800050429B01,7,15,1
200800050434,2008-09-27,2008,septembre,samedi,10:50,34,34172,0,0,2,3,3,1,1,4,1,03,1,1,000,060,1,0,1,4,1,76,3,1,9,00,2,8,1,200800050434B01,7,16,1
200800050442,2008-09-29,2008,septembre,lundi,90:0,34,34172,43.60091,3.8974,2,1,7,1,2,4,-1,00,1,1,000,000,2,0,4,4,1,29,1,1,2,00,0,0,1,200800050442A01,,,
200800050458,2008-09-04,2008,septembre,jeudi,91:0,35,35238,0,0,2,9,3,1,1,4,-1,00,1,1,000,000,1,0,2,4,1,35,1,1,2,00,2,1,1,200800050458B01,7,16,1
200800050460,2008-09-05,2008,septembre,vendredi,13:10,35,35238,0,0,2,9,3,1,2,4,2,04,4,1,000,120,2,0,5,4,2,37,1,1,9,00,2,0,1,200800050460B01,7,16,1
200800050462,2008-09-06,2008,septembre,samedi,70:0,35,35238,0,0,2,2,3,5,1,4,2,02,2,1,000,060,1,5,1,4,1,24,9,1,2,00,2,0,1,200800050462A01,37,1,1
200800050473,2008-09-17,2008,septembre,mercredi,84:5,35,35238,0,0,2,2,3,1,1,4,-1,00,-1,-1,000,000,-1,0,0,4,1,31,1,1,2,00,2,8,1,200800050473B01,7,15,1
200800050474,2008-09-17,2008,septembre,mercredi,16:30,35,35238,0,0,2,6,3,1,1,4,-1,00,-1,-1,000,000,1,5,0,4,1,20,2,1,2,00,2,1,1,200800050474A01,7,1,1
200800050476,2008-09-18,2008,septembre,jeudi,95:0,35,35238,0,0,2,5,6,1,1,4,-1,00,-1,-1,000,000,1,5,1,4,1,46,9,1,2,00,2,1,1,200800050476B01,,,
200800050478,2008-09-19,2008,septembre,vendredi,16:35,35,35238,0,0,2,1,6,1,1,4,3,01,1,1,109,045,1,0,5,3,2,43,1,1,2,01,0,1,1,200800050478B01,7,22,1
200800050485,2008-09-26,2008,septembre,vendredi,82:0,35,35238,0,0,2,6,3,1,1,3,-1,00,1,1,000,000,1,0,0,4,1,39,1,1,4,00,2,3,1,200800050485B01,30,17,1
200800050486,2008-09-28,2008,septembre,dimanche,30:0,35,35238,0,0,2,6,3,5,1,4,-1,00,1,-1,000,000,1,5,1,4,1,19,5,1,4,00,2,1,1,200800050486B01,7,9,1
200800050486,2008-09-28,2008,septembre,dimanche,30:0,35,35238,0,0,2,6,3,5,1,4,-1,00,1,-1,000,000,1,5,1,4,1,19,0,1,4,00,2,1,1,200800050486B01,7,9,1
200800050502,2008-09-01,2008,septembre,lundi,10:10,36,36044,0,0,2,1,3,1,2,4,2,02,1,1,000,000,2,0,1,3,1,40,5,1,2,00,2,1,1,200800050502B01,7,1,1
200800050503,2008-09-03,2008,septembre,mercredi,12:51,36,36044,0,0,2,6,3,1,2,3,1,01,1,-1,000,000,2,5,1,3,2,13,2,1,2,00,2,1,1,200800050503B01,7,9,1
200800050524,2008-09-17,2008,septembre,mercredi,18:50,37,37261,0,0,2,3,3,1,1,4,2,02,1,1,000,069,1,0,5,3,1,25,0,1,9,00,2,1,1,200800050524B01,7,16,1
200800050528,2008-09-18,2008,septembre,jeudi,17:55,37,37261,0,0,1,1,2,1,1,4,2,04,2,1,000,120,1,2,1,3,1,45,0,1,9,00,2,1,12,200800050528A01,10,1,1
200800050542,2008-09-17,2008,septembre,mercredi,20:20,38,38421,0,0,2,1,3,5,1,4,2,02,1,1,000,075,1,0,5,4,1,39,1,1,4,00,2,1,1,200800050542B01,10,15,1
200800050549,2008-09-23,2008,septembre,mardi,74:5,38,38185,0,0,2,1,3,1,1,4,2,03,1,1,000,126,1,0,1,3,1,20,2,1,9,00,2,1,1,200800050549B01,7,15,1
200800050551,2008-09-25,2008,septembre,jeudi,92:0,38,38185,0,0,2,1,3,1,1,4,2,02,1,1,000,070,1,0,1,4,2,16,0,1,9,01,4,1,1,200800050551B01,40,1,1
200800050564,2008-09-25,2008,septembre,jeudi,18:20,40,40281,0,0,2,1,3,1,1,4,2,01,4,1,000,140,1,0,1,1,2,16,5,1,9,00,2,8,19,200800050564A01,33,21,1
200800050569,2008-09-10,2008,septembre,mercredi,84:2,41,41018,0,0,2,1,3,1,1,4,2,02,1,1,000,102,1,0,1,2,2,81,3,1,9,00,2,8,11,200800050569B01,33,1,1
200800050588,2008-09-01,2008,septembre,lundi,18:25,42,42187,0,0,2,1,3,1,1,3,2,02,1,1,000,058,1,2,1,4,1,56,1,1,9,00,2,6,1,200800050588A01,7,1,1
200800050599,2008-09-17,2008,septembre,mercredi,17:00,42,42110,0,0,2,2,3,1,1,4,2,01,1,1,000,000,1,0,1,3,1,49,5,1,2,00,2,1,0,200800050599A01,7,1,1