Num_Acc,date,an,mois,jour,hrmn,dep,com,lat,long,agg,int,col,lum,atm,catr,circ,nbv,prof,plan,lartpc,larrout,surf,infra,situ,grav,sexe,age,trajet,secuexist,equipement,obs,obsm,choc,manv,vehiculeid,typevehicules,manoeuvehicules,numVehicules
200800050600,2008-09-12,2008,septembre,vendredi,17:20,42,42110,0,0,2,3,1,1,1,4,2,02,1,1,000,050,1,0,1,4,1,8,5,1,9,00,2,1,15,200800050600B01,7,1,1
200800050622,2008-09-24,2008,septembre,mercredi,13:55,42,42218,0,0,2,1,3,1,1,4,2,02,1,2,000,060,1,0,1,4,1,61,5,1,2,00,2,4,9,200800050622B01,14,9,1
200800050636,2008-09-12,2008,septembre,vendredi,80:0,44,44132,0,0,2,6,7,1,1,4,3,02,1,3,000,048,2,5,1,4,1,11,2,1,2,00,0,7,16,200800050636A01,7,16,1
200800050637,2008-09-17,2008,septembre,mercredi,12:00,44,44132,0,0,2,1,6,1,1,4,3,02,1,1,000,078,1,0,5,4,2,56,0,1,2,01,0,7,1,200800050637B01,7,24,1
200800050653,2008-09-08,2008,septembre,lundi,70:0,44,44162,0,0,2,1,3,2,1,4,2,02,1,1,000,060,1,0,5,4,1,49,0,1,9,00,2,3,1,200800050653B01,7,15,1
200800050654,2008-09-06,2008,septembre,samedi,90:5,44,44190,0,0,2,6,6,1,1,4,2,02,1,1,000,000,2,5,1,4,1,80,0,1,9,00,2,6,1,200800050654B01,7,16,1
200800050657,2008-09-09,2008,septembre,mardi,18:15,44,44109,0,0,2,3,6,1,1,4,1,01,3,1,000,000,1,0,1,3,1,17,9,1,9,00,2,1,1,200800050657A01,30,1,1
200800050663,2008-09-11,2008,septembre,jeudi,11:15,44,44109,0,0,2,6,3,1,3,4,2,02,1,1,000,000,2,0,1,4,1,30,0,1,9,00,2,1,1,200800050663B01,7,1,1
200800050683,2008-09-23,2008,septembre,mardi,94:0,44,44109,0,0,2,1,6,1,1,4,2,03,2,1,058,032,1,2,1,3,2,39,0,1,9,00,2,8,13,200800050683B01,33,17,1
200800050687,2008-09-24,2008,septembre,mercredi,73:5,44,44109,0,0,2,1,3,2,2,4,2,02,1,1,000,081,-1,0,1,4,1,13,0,1,4,00,2,1,2,200800050687B01,7,0,1
200800050690,2008-09-25,2008,septembre,jeudi,17:10,44,44143,0,0,2,1,6,1,1,4,1,02,1,2,000,000,1,0,1,3,1,67,0,1,2,00,2,8,1,200800050690B01,7,0,1
200800050691,2008-09-26,2008,septembre,vendredi,83:5,44,44143,0,0,2,6,2,1,1,4,2,02,1,-1,000,000,1,5,1,4,1,12,2,1,2,00,2,2,1,200800050691B01,7,9,1
200800050695,2008-09-26,2008,septembre,vendredi,14:40,44,44109,0,0,2,1,2,1,1,4,1,00,1,1,000,065,1,0,1,3,1,37,1,1,9,00,2,1,0,200800050695B01,7,16,1
200800050696,2008-09-28,2008,septembre,dimanche,16:25,44,44109,0,0,2,6,6,1,1,4,2,02,1,1,000,000,1,0,1,3,2,56,0,1,2,00,2,3,0,200800050696A01,7,0,1
200800050700,2008-09-28,2008,septembre,dimanche,15:20,44,44162,0,0,1,2,1,1,1,4,2,00,1,2,000,000,1,0,1,4,2,70,5,1,9,00,2,0,13,200800050700A01,7,0,1
200800050709,2008-09-30,2008,septembre,mardi,17:10,44,44184,0,0,2,2,3,1,1,4,2,02,1,1,000,000,1,0,1,4,2,10,0,0,0,00,2,9,1,200800050709B01,7,1,1
200800050711,2008-09-01,2008,septembre,lundi,11:20,45,45284,0,0,2,1,6,1,1,4,2,02,1,1,000,091,1,0,1,4,1,35,0,1,2,01,0,1,1,200800050711B01,10,22,1
200800050717,2008-09-09,2008,septembre,mardi,82:5,45,45232,0,0,2,3,3,1,1,4,2,03,1,1,000,090,1,0,1,4,2,48,5,1,2,00,2,4,1,200800050717B01,7,16,1
200800050720,2008-09-12,2008,septembre,vendredi,17:40,45,45232,0,0,2,1,6,1,1,4,2,02,1,1,000,066,1,0,1,4,2,23,0,1,2,00,2,1,1,200800050720B01,7,22,1
200800050731,2008-09-25,2008,septembre,jeudi,11:55,45,45234,0,0,2,1,3,1,1,4,2,02,1,1,000,070,1,0,1,4,1,48,1,1,2,00,2,7,1,200800050731B01,7,1,1
200800050739,2008-09-22,2008,septembre,lundi,71:5,46,46042,0,0,2,1,1,2,1,4,2,01,2,1,000,065,1,0,5,4,1,21,1,1,9,00,2,1,1,200800050739B01,2,5,1
200800050741,2008-09-07,2008,septembre,dimanche,16:10,47,47001,0,0,2,2,3,1,1,2,2,02,1,1,000,000,1,0,0,4,1,33,5,1,9,00,2,3,16,200800050741B01,7,1,1
200800050745,2008-09-21,2008,septembre,dimanche,93:0,47,47001,0,0,2,1,3,1,1,3,2,20,1,1,000,059,1,0,1,3,1,82,3,1,9,00,2,8,15,200800050745B01,7,1,1
200800050753,2008-09-01,2008,septembre,lundi,17:11,49,49007,0,0,2,1,3,1,1,4,1,02,1,1,000,070,1,0,1,4,2,23,5,1,2,00,2,1,1,200800050753B01,7,16,1
200800050772,2008-09-08,2008,septembre,lundi,15:52,49,49007,0,0,2,1,3,1,1,4,-1,02,-1,-1,000,000,-1,0,0,4,1,12,0,1,4,00,2,3,0,200800050772A01,7,0,1
200800050779,2008-09-12,2008,septembre,vendredi,11:34,49,49007,0,0,2,1,7,1,1,4,1,01,1,1,000,030,1,0,1,4,1,26,0,1,2,00,0,1,1,200800050779A01,,,
200800050782,2008-09-12,2008,septembre,vendredi,18:20,49,49007,0,0,2,2,3,1,2,4,2,02,1,1,000,061,2,5,1,4,1,33,5,1,2,00,2,1,1,200800050782B01,7,19,1
200800050789,2008-09-16,2008,septembre,mardi,14:52,49,49007,0,0,2,1,7,1,1,4,1,00,1,1,000,060,1,0,1,4,1,19,0,1,9,01,0,1,1,200800050789A01,,,
200800050790,2008-09-16,2008,septembre,mardi,16:40,49,49246,0,0,2,1,7,1,1,4,2,00,1,1,000,060,1,0,1,4,1,22,0,1,9,00,0,0,1,200800050790A01,,,
200800050791,2008-09-16,2008,septembre,mardi,17:06,49,49007,0,0,2,1,7,1,1,4,1,00,1,1,000,060,1,0,0,4,1,12,0,1,9,00,0,0,1,200800050791A01,,,
200800050794,2008-09-17,2008,septembre,mercredi,75:0,49,49007,0,0,2,1,7,1,1,4,-1,04,1,1,000,088,1,0,1,4,1,60,1,1,4,00,5,0,1,200800050794A01,,,
200800050796,2008-09-18,2008,septembre,jeudi,71:4,49,49007,0,0,2,1,7,2,1,4,1,01,1,1,000,065,1,0,1,4,1,52,0,1,2,00,0,0,1,200800050796A01,,,
200800050804,2008-09-23,2008,septembre,mardi,74:7,49,49007,0,0,2,1,3,2,1,4,-1,02,-1,-1,000,000,-1,0,1,4,2,18,0,1,2,00,2,1,0,200800050804B01,7,20,1
200800050805,2008-09-24,2008,septembre,mercredi,12:40,49,49007,0,0,2,6,7,1,1,4,2,02,1,1,000,090,2,5,1,4,1,13,2,1,2,00,0,0,1,200800050805A01,,,
200800050809,2008-09-26,2008,septembre,vendredi,17:47,49,49007,0,0,2,1,6,1,1,4,2,04,2,1,000,120,1,0,1,4,1,41,1,1,2,00,2,1,1,200800050809B01,7,17,1
200800050817,2008-09-24,2008,septembre,mercredi,11:20,49,49099,0,0,2,2,2,1,2,4,2,02,1,-1,000,000,2,0,1,4,1,13,2,1,4,00,2,4,1,200800050817A01,10,1,1
200800050846,2008-09-19,2008,septembre,vendredi,12:15,51,51108,0,0,2,6,3,1,1,4,2,02,1,1,000,070,1,0,1,3,1,54,5,1,9,00,2,3,1,200800050846B01,7,16,1
200800050850,2008-09-10,2008,septembre,mercredi,19:45,91,91114,0,0,2,1,3,1,1,4,2,02,1,1,020,020,1,0,1,4,1,75,5,1,2,00,2,8,1,200800050850B01,7,1,1
200800050880,2008-09-03,2008,septembre,mercredi,17:15,91,91687,0,0,2,1,6,1,1,4,2,02,1,1,000,000,-1,0,1,4,1,38,0,1,9,01,0,1,1,200800050880B01,7,22,1
200800050898,2008-09-05,2008,septembre,vendredi,21:30,91,91477,0,0,2,1,6,4,1,4,1,01,1,1,000,000,1,0,1,4,1,40,5,1,2,01,0,7,1,200800050898A01,,,
200800050903,2008-09-14,2008,septembre,dimanche,95:0,91,91477,0,0,2,3,6,1,1,4,1,01,1,1,000,032,1,0,1,4,1,45,5,1,2,00,2,3,5,200800050903B01,7,16,1
200800050907,2008-09-17,2008,septembre,mercredi,14:45,91,91064,0,0,2,1,4,1,1,3,2,02,1,-1,000,060,1,0,1,4,1,42,5,1,2,00,2,4,2,200800050907B01,10,2,1
200800050907,2008-09-17,2008,septembre,mercredi,14:45,91,91064,0,0,2,1,4,1,1,3,2,02,1,-1,000,060,1,0,1,1,1,35,5,1,2,00,2,4,1,200800050907C01,10,2,1
200800050913,2008-09-26,2008,septembre,vendredi,10:20,91,91312,0,0,2,1,3,1,1,4,2,02,1,1,000,000,1,0,1,4,1,78,5,1,2,00,2,0,0,200800050913B01,7,1,1
200800050940,2008-09-26,2008,septembre,vendredi,80:5,92,92004,0,0,1,3,3,1,1,3,2,02,1,1,000,080,1,0,1,4,1,15,2,1,9,00,2,1,18,200800050940B01,7,22,1
200800050945,2008-09-10,2008,septembre,mercredi,83:0,92,92007,0,0,2,2,3,1,1,3,2,03,1,1,000,120,1,0,1,4,1,42,1,1,2,00,2,1,1,200800050945A01,10,15,1
200800050984,2008-09-02,2008,septembre,mardi,15:30,92,92025,0,0,2,3,3,1,1,3,2,02,1,1,000,080,1,0,1,4,1,6,5,1,2,00,2,1,2,200800050984B01,10,21,1
200800051006,2008-09-23,2008,septembre,mardi,16:30,92,92026,0,0,2,3,6,1,1,4,2,02,1,1,000,000,1,0,4,1,1,14,5,1,9,00,1,1,1,200800051006A01,,,
200800051019,2008-09-29,2008,septembre,lundi,19:35,92,92036,0,0,2,9,3,5,1,3,3,02,1,1,030,200,1,0,1,4,1,18,1,1,9,00,2,6,1,200800051019B01,7,17,1
200800051027,2008-09-28,2008,septembre,dimanche,15:30,92,92040,0,0,2,1,7,1,1,3,1,02,1,1,000,100,1,0,1,3,1,16,5,1,9,00,0,0,1,200800051027A01,,,
200800051049,2008-09-14,2008,septembre,dimanche,18:30,92,92049,0,0,2,2,3,1,1,3,3,04,-1,-1,000,000,1,0,0,3,1,40,0,1,9,00,0,0,0,200800051049B01,7,0,1
200800051070,2008-09-24,2008,septembre,mercredi,11:40,92,92062,0,0,2,3,3,1,1,4,1,01,1,1,000,070,1,0,1,4,1,16,5,1,9,00,2,1,1,200800051070A01,7,1,1
200800051099,2008-09-20,2008,septembre,samedi,11:10,92,92022,0,0,2,1,6,1,1,4,2,02,2,1,000,052,1,0,1,3,1,52,5,1,2,00,1,1,1,200800051099A01,,,
200800051122,2008-09-08,2008,septembre,lundi,15:15,93,93001,0,0,2,1,6,1,1,4,1,01,1,1,000,050,-1,0,1,3,1,13,0,1,9,00,2,1,5,200800051122A01,7,1,1
200800051123,2008-09-11,2008,septembre,jeudi,19:20,93,93001,0,0,2,1,3,2,2,2,2,02,1,1,000,080,2,0,1,3,1,30,0,1,9,00,2,3,0,200800051123B01,7,1,1
200800051237,2008-09-30,2008,septembre,mardi,73:5,65,65440,0,0,2,2,3,2,1,4,1,01,1,1,000,045,1,0,1,4,1,20,9,1,4,00,2,1,2,200800051237A01,7,3,1
200800051245,2008-09-24,2008,septembre,mercredi,15:45,66,66136,0,0,2,1,6,1,1,4,2,00,1,1,000,000,1,0,1,4,2,19,5,1,4,00,2,4,1,200800051245A01,,,
200800051250,2008-09-03,2008,septembre,mercredi,13:48,67,67482,0,0,2,3,3,1,1,4,2,02,1,1,000,120,1,0,1,4,2,36,1,1,9,00,2,7,1,200800051250B01,13,16,1
200800051258,2008-09-08,2008,septembre,lundi,18:10,67,67482,0,0,2,1,6,1,1,4,2,02,1,1,000,140,1,0,1,4,1,7,5,1,9,00,2,1,1,200800051258B01,2,1,1
200800051259,2008-09-08,2008,septembre,lundi,19:35,67,67482,0,0,2,3,3,1,1,4,2,02,1,1,000,134,1,0,1,4,2,27,1,1,2,00,2,8,1,200800051259B01,7,16,1
200800051263,2008-09-09,2008,septembre,mardi,16:40,67,67482,0,0,2,7,6,1,1,4,1,01,1,1,000,050,1,0,1,4,2,57,5,1,9,00,2,1,1,200800051263B01,7,1,1
200800051273,2008-09-17,2008,septembre,mercredi,12:15,67,67365,0,0,2,1,6,1,1,4,2,01,1,1,000,050,1,0,5,4,1,23,1,1,9,00,1,1,1,200800051273A01,,,
200800051273,2008-09-17,2008,septembre,mercredi,12:15,67,67365,0,0,2,1,6,1,1,4,2,01,1,1,000,050,1,0,5,4,2,2,5,0,0,00,1,1,1,200800051273A01,,,
200800051275,2008-09-17,2008,septembre,mercredi,15:00,67,67482,0,0,2,1,1,1,1,4,2,02,1,2,000,000,1,0,5,1,1,10,5,1,9,00,2,1,15,200800051275A01,1,2,1
200800051275,2008-09-17,2008,septembre,mercredi,15:00,67,67482,0,0,2,1,1,1,1,4,2,02,1,2,000,000,1,0,5,4,1,59,5,1,9,00,2,1,2,200800051275B01,1,15,1
200800051276,2008-09-18,2008,septembre,jeudi,94:5,67,67482,0,0,2,1,6,1,1,4,1,01,1,1,000,030,1,0,5,1,1,18,2,1,9,00,1,3,1,200800051276A01,,,
200800051276,2008-09-18,2008,septembre,jeudi,94:5,67,67482,0,0,2,1,6,1,1,4,1,01,1,1,000,030,1,0,5,3,2,77,5,0,0,00,1,3,1,200800051276A01,,,
200800051277,2008-09-18,2008,septembre,jeudi,13:10,67,67482,0,0,2,3,6,1,1,4,2,02,1,1,000,000,1,0,4,1,1,39,0,1,9,00,2,7,1,200800051277B01,1,15,1
200800051277,2008-09-18,2008,septembre,jeudi,13:10,67,67482,0,0,2,3,6,1,1,4,2,02,1,1,000,000,1,0,4,4,2,44,1,1,2,00,2,1,15,200800051277A01,1,1,1
200800051279,2008-09-18,2008,septembre,jeudi,17:30,67,67482,0,0,2,1,1,1,1,4,2,02,1,1,000,060,1,0,1,4,1,15,5,1,9,00,2,1,0,200800051279A01,7,1,1
200800051280,2008-09-19,2008,septembre,vendredi,74:5,67,67482,0,0,2,2,3,1,1,4,1,01,1,1,000,090,1,0,1,4,1,48,1,1,9,00,2,1,1,200800051280A01,7,23,1
200800051281,2008-09-19,2008,septembre,vendredi,14:35,67,67482,0,0,2,1,6,1,1,4,2,02,1,1,000,070,1,6,1,1,1,21,0,1,2,00,1,1,1,200800051281A01,,,
200800051281,2008-09-19,2008,septembre,vendredi,14:35,67,67482,0,0,2,1,6,1,1,4,2,02,1,1,000,070,1,6,1,4,2,58,0,0,0,00,1,1,1,200800051281A01,,,
200800051293,2008-09-27,2008,septembre,samedi,25:,67,67482,0,0,2,3,6,5,1,4,2,02,1,1,000,100,1,0,1,4,1,20,0,1,4,00,2,1,0,200800051293A01,7,0,1
200800051301,2008-09-16,2008,septembre,mardi,16:30,68,68066,0,0,2,2,3,1,1,4,2,02,1,1,000,080,1,0,0,4,2,77,3,1,2,00,2,5,5,200800051301B01,2,1,1
200800051307,2008-09-30,2008,septembre,mardi,92:0,68,68066,0,0,2,2,3,1,1,3,2,03,1,1,000,120,1,0,5,3,1,60,5,1,2,00,2,8,1,200800051307B01,7,15,1
200800051308,2008-09-02,2008,septembre,mardi,16:55,68,68224,0,0,2,2,6,1,1,4,2,02,1,-1,000,000,1,5,1,4,1,43,5,1,9,00,2,1,1,200800051308A01,7,15,1
200800051310,2008-09-02,2008,septembre,mardi,17:25,68,68224,0,0,2,1,6,1,1,4,2,03,1,1,038,114,1,2,1,4,1,40,1,1,9,00,2,8,1,200800051310A01,7,1,1
200800051315,2008-09-06,2008,septembre,samedi,95:5,68,68224,0,0,2,1,3,1,2,2,3,01,1,-1,000,000,2,0,1,3,2,85,3,1,9,00,0,0,2,200800051315B01,7,16,1
200800051317,2008-09-07,2008,septembre,dimanche,16:07,68,68224,0,0,2,1,3,1,1,4,2,02,1,1,000,082,1,0,1,4,1,3,5,1,9,00,2,8,19,200800051317B01,7,0,1
200800051318,2008-09-08,2008,septembre,lundi,17:40,68,68224,0,0,2,1,3,1,1,4,2,03,1,1,000,100,1,0,1,4,2,54,1,1,2,00,2,1,2,200800051318B01,7,2,1
200800051323,2008-09-22,2008,septembre,lundi,21:00,68,68224,0,0,2,1,6,5,1,9,2,02,1,1,000,000,1,6,5,3,1,45,0,1,9,00,5,1,1,200800051323A01,,,
200800051324,2008-09-25,2008,septembre,jeudi,74:5,68,68224,0,0,1,1,3,1,1,3,2,02,-1,1,000,070,1,0,1,3,1,13,2,1,9,00,2,7,19,200800051324B01,7,1,1
200800051325,2008-09-21,2008,septembre,dimanche,17:00,68,68056,0,0,1,2,3,1,1,4,-1,02,1,1,000,000,1,0,1,4,1,58,0,1,2,00,2,1,1,200800051325B01,7,15,1
200800051329,2008-09-05,2008,septembre,vendredi,61:5,68,68297,0,0,2,3,3,5,2,2,4,03,2,3,000,120,2,0,1,3,1,37,1,1,4,00,2,7,15,200800051329A01,7,1,1
200800051358,2008-09-09,2008,septembre,mardi,13:40,69,69259,0,0,2,1,3,1,1,4,1,01,-1,4,000,041,1,0,1,4,1,33,0,1,2,00,2,0,9,200800051358B01,7,2,1
200800051360,2008-09-08,2008,septembre,lundi,14:40,69,69259,0,0,2,9,3,1,1,4,-1,02,1,1,000,095,1,0,1,4,1,57,0,1,2,00,2,1,1,200800051360B01,7,15,1
200800051365,2008-09-05,2008,septembre,vendredi,14:05,69,69266,0,0,2,3,3,1,1,4,1,00,1,1,000,050,1,0,1,4,1,72,5,1,2,00,2,7,1,200800051365B01,7,15,1
200800051379,2008-09-29,2008,septembre,lundi,18:15,69,69266,0,0,2,1,3,1,1,4,2,02,1,1,000,082,1,0,1,4,1,51,1,1,2,00,2,1,2,200800051379B01,7,22,1
200800051385,2008-09-04,2008,septembre,jeudi,16:35,71,71445,0,0,2,1,4,1,1,3,2,03,1,1,000,104,1,0,1,3,2,14,2,1,9,00,2,8,19,200800051385C01,7,1/23,2
200800051401,2008-09-11,2008,septembre,jeudi,23:15,71,71270,0,0,2,3,3,5,1,4,1,01,1,1,000,000,1,0,0,4,1,24,5,1,9,00,2,1,1,200800051401A01,7,19,1
200800051411,2008-09-09,2008,septembre,mardi,80:9,72,72181,0,0,2,1,6,1,7,9,2,02,1,1,000,000,1,0,1,4,2,50,1,1,2,00,2,4,1,200800051411B01,7,1,1
200800051416,2008-09-11,2008,septembre,jeudi,18:10,72,72181,0,0,2,3,3,1,1,9,-1,01,1,1,000,065,1,0,1,3,1,15,2,1,2,00,0,1,1,200800051416B01,7,1,1
200800051427,2008-09-23,2008,septembre,mardi,16:50,72,72181,0,0,2,1,3,1,1,9,3,02,1,1,019,000,1,0,1,3,2,51,9,1,2,00,0,3,11,200800051427B01,33,1,1
200800051438,2008-09-29,2008,septembre,lundi,17:15,73,73011,0,0,2,2,3,1,7,4,2,02,1,1,000,026,1,5,5,4,1,41,5,1,2,00,2,1,2,200800051438B01,7,0,1
200800051440,2008-09-02,2008,septembre,mardi,16:15,74,74010,0,0,2,2,3,1,1,4,2,03,1,1,000,000,1,0,0,3,2,69,5,1,4,00,0,2,19,200800051440A01,7,1,1
200800051479,2008-09-21,2008,septembre,dimanche,16:30,76,76351,0,0,2,1,6,1,1,4,2,02,1,1,000,120,1,0,4,1,1,37,5,1,9,00,1,1,1,200800051479A01,,,
200800051484,2008-09-06,2008,septembre,samedi,23:45,76,76552,0,0,2,1,6,4,1,4,2,02,1,1,000,090,1,0,1,3,1,16,5,1,9,00,2,8,1,200800051484B01,7,1,1
200800051543,2008-09-29,2008,septembre,lundi,17:00,77,77186,0,0,2,8,6,1,1,4,2,02,1,1,000,066,1,0,1,3,2,13,2,1,9,01,0,1,1,200800051543A01,,,
200800051547,2008-09-09,2008,septembre,mardi,85:0,77,77288,0,0,2,3,3,1,1,4,1,01,1,1,000,000,1,0,0,4,1,26,1,1,2,00,2,1,1,200800051547A01,7,9,1
200800051549,2008-09-28,2008,septembre,dimanche,12:00,77,77288,0,0,2,2,3,1,7,4,2,02,4,1,000,000,1,5,0,3,1,14,5,1,9,00,2,7,1,200800051549A01,7,1,1
200800051567,2008-09-13,2008,septembre,samedi,16:10,77,77373,0,0,2,9,3,1,1,4,2,02,1,1,000,063,1,0,5,4,1,15,5,1,2,00,2,1,1,200800051567B01,7,15,1
200800051577,2008-09-16,2008,septembre,mardi,16:10,78,78168,0,0,2,1,3,1,1,4,3,04,1,1,060,060,1,0,1,4,1,29,9,0,0,00,1,8,19,200800051577B01,7,1,1
200800051595,2008-09-22,2008,septembre,lundi,81:5,78,78124,0,0,2,1,6,1,1,4,2,02,1,1,000,037,1,0,1,4,1,24,1,1,2,01,0,1,1,200800051595B01,7,24,1
200800051597,2008-09-16,2008,septembre,mardi,20:30,78,78358,0,0,2,1,6,5,1,9,-1,00,1,1,000,080,1,0,4,1,1,25,0,1,9,00,0,1,0,200800051597A01,,,
200800051599,2008-09-21,2008,septembre,dimanche,17:30,78,78358,0,0,2,6,3,1,1,3,1,02,1,2,000,103,1,0,5,4,2,52,5,1,2,00,0,2,0,200800051599B01,33,0,1
200800051603,2008-09-08,2008,septembre,lundi,16:05,78,78362,0,0,2,1,3,1,1,4,2,02,1,1,000,000,1,0,1,4,1,16,5,1,9,00,2,3,19,200800051603A01,7,1,1
200800051621,2008-09-12,2008,septembre,vendredi,20:10,78,78490,0,0,2,1,3,5,1,3,3,02,1,1,049,070,1,0,1,3,1,54,1,1,2,00,2,8,19,200800051621B01,7,1,1
200800051624,2008-09-18,2008,septembre,jeudi,15:55,78,78674,0,0,2,3,3,1,1,4,2,00,1,1,000,050,1,0,1,4,2,31,1,1,2,00,2,8,15,200800051624B01,7,1,1
200800051628,2008-09-25,2008,septembre,jeudi,13:00,78,78165,0,0,2,1,7,1,1,4,2,02,1,2,004,020,1,0,1,4,1,14,5,1,2,00,0,0,1,200800051628A01,,,
200800051628,2008-09-25,2008,septembre,jeudi,13:00,78,78165,0,0,2,1,7,1,1,4,2,02,1,2,004,020,1,0,1,4,1,13,0,1,2,00,0,0,1,200800051628A01,,,
200800051632,2008-09-21,2008,septembre,dimanche,11:50,78,78123,0,0,2,1,3,1,1,3,2,04,1,1,000,070,1,0,1,4,1,34,9,1,2,00,2,8,1,200800051632B01,7,1,1
200800051634,2008-09-14,2008,septembre,dimanche,12:25,78,78498,0,0,1,3,6,1,1,3,2,02,1,1,000,062,1,0,1,3,1,49,5,1,2,00,2,4,1,200800051634A01,1,1,1
200800051634,2008-09-14,2008,septembre,dimanche,12:25,78,78498,0,0,1,3,6,1,1,3,2,02,1,1,000,062,1,0,1,1,1,45,5,1,2,00,2,4,1,200800051634B01,1,1,1
200800051660,2008-09-12,2008,septembre,vendredi,17:25,78,78646,0,0,2,2,6,1,1,4,2,02,1,1,000,070,1,0,0,1,1,14,5,1,9,00,1,2,1,200800051660A01,,,
200800051669,2008-09-20,2008,septembre,samedi,17:40,78,78650,0,0,2,3,3,1,1,3,2,02,4,1,000,065,1,2,1,4,1,34,5,1,2,00,2,1,18,200800051669B01,7,16,1
200800051675,2008-09-17,2008,septembre,mercredi,15:35,79,79191,0,0,1,2,2,1,1,3,2,02,4,1,010,134,1,0,1,4,1,73,5,1,2,00,2,4,2,200800051675B01,7,1,1
200800051679,2008-09-01,2008,septembre,lundi,73:0,80,80021,0,0,2,2,6,1,1,4,2,02,1,1,000,000,1,0,4,1,1,33,1,0,0,00,1,1,0,200800051679A01,,,
200800051695,2008-09-08,2008,septembre,lundi,18:15,80,80021,0,0,2,1,6,1,1,4,-1,00,1,1,000,200,1,6,1,1,1,17,5,0,0,00,1,1,1,200800051695A01,,,
200800051695,2008-09-08,2008,septembre,lundi,18:15,80,80021,0,0,2,1,6,1,1,4,-1,00,1,1,000,200,1,6,1,1,1,18,0,1,9,00,1,1,1,200800051695A01,,,
200800051722,2008-09-27,2008,septembre,samedi,23:15,81,81105,0,0,2,2,6,5,1,9,2,00,-1,-1,000,000,-1,0,1,4,1,84,5,1,2,14,0,1,2,200800051722A01,,,
200800051724,2008-09-12,2008,septembre,vendredi,16:10,81,81163,0,0,2,2,3,1,1,4,1,01,1,1,000,060,1,0,1,3,1,12,0,1,4,00,2,8,19,200800051724A01,7,1,1
200800051747,2008-09-28,2008,septembre,dimanche,10:30,83,83061,0,0,1,1,3,1,1,2,2,01,2,2,000,000,1,0,1,4,2,53,5,1,2,00,2,8,2,200800051747A01,33,2,1
200800051757,2008-09-17,2008,septembre,mercredi,92:0,83,83129,0,0,2,1,2,1,1,4,2,02,1,1,000,078,1,0,1,3,1,68,5,1,9,00,2,4,1,200800051757B01,7,1,1
200800051767,2008-09-23,2008,septembre,mardi,18:01,83,83126,0,0,1,1,1,1,8,3,2,02,2,2,000,000,1,0,1,3,1,59,5,1,4,00,2,1,13,200800051767A01,7,1,1
200800051781,2008-09-12,2008,septembre,vendredi,15:10,83,83137,0,0,2,1,1,1,1,4,2,02,1,1,000,000,1,0,1,4,1,13,5,1,9,00,2,8,19,200800051781B01,7,1,1
200800051784,2008-09-10,2008,septembre,mercredi,19:35,83,83137,0,0,2,1,3,1,1,4,1,02,1,2,000,000,1,0,1,3,1,56,1,1,2,00,2,1,16,200800051784B01,7,16,1
200800051795,2008-09-29,2008,septembre,lundi,11:20,83,83137,0,0,2,1,3,1,1,4,2,01,2,3,000,040,1,0,1,3,1,19,5,1,2,01,0,8,5,200800051795A01,7,0,1
200800051809,2008-09-05,2008,septembre,vendredi,75:0,84,84007,0,0,2,1,3,1,1,4,1,01,1,1,000,000,1,0,1,4,2,58,1,1,9,01,0,1,1,200800051809B01,7,24,1
200800051811,2008-09-17,2008,septembre,mercredi,17:00,84,84007,0,0,2,1,2,1,1,2,2,03,1,1,000,075,1,0,1,3,2,72,5,1,9,01,2,8,17,200800051811B01,7,17,1
200800051824,2008-09-02,2008,septembre,mardi,17:50,85,85191,0,0,2,3,5,1,3,4,2,02,2,1,000,090,2,0,1,3,1,69,5,1,2,00,2,1,9,200800051824A01,7,1,2
200800051853,2008-09-25,2008,septembre,jeudi,17:30,86,86194,0,0,2,2,3,1,1,3,3,08,1,1,020,250,1,5,1,3,1,11,9,1,9,00,2,4,19,200800051853A01,7,1,1
200800051881,2008-09-20,2008,septembre,samedi,11:10,87,87114,0,0,1,1,7,1,1,3,2,02,-1,1,000,060,1,0,1,4,1,69,5,1,2,13,0,0,1,200800051881A01,,,
200800051895,2008-09-27,2008,septembre,samedi,13:00,87,87085,0,0,2,1,7,1,1,4,2,02,-1,-1,000,060,1,0,1,4,1,13,5,1,2,00,0,1,0,200800051895A01,,,
200800051895,2008-09-27,2008,septembre,samedi,13:00,87,87085,0,0,2,1,7,1,1,4,2,02,-1,-1,000,060,1,0,1,4,1,9,0,1,2,00,0,1,0,200800051895A01,,,
200800051897,2008-09-14,2008,septembre,dimanche,18:00,88,88209,48.19765,6.43899,1,2,3,1,1,3,2,02,1,1,000,084,1,0,0,4,2,84,5,1,9,00,2,3,1,200800051897B01,7,16,1
200800051914,2008-09-11,2008,septembre,jeudi,15:45,90,90010,0,0,2,3,6,1,1,4,-1,01,1,1,000,062,1,0,1,4,1,24,0,0,0,00,1,1,1,200800051914A01,,,
200800051915,2008-09-15,2008,septembre,lundi,74:5,90,90010,0,0,2,1,7,1,1,3,3,03,1,1,000,000,1,0,1,4,1,18,0,1,9,00,0,0,0,200800051915A01,,,
200800051923,2008-09-27,2008,septembre,samedi,17:40,90,90010,0,0,2,1,3,1,1,3,2,02,1,1,000,000,1,0,1,4,1,58,5,0,0,00,0,1,3,200800051923B01,7,0,1