Num_Acc,date,an,mois,jour,hrmn,dep,com,lat,long,agg,int,col,lum,atm,catr,circ,nbv,prof,plan,lartpc,larrout,surf,infra,situ,grav,sexe,age,trajet,secuexist,equipement,obs,obsm,choc,manv,vehiculeid,typevehicules,manoeuvehicules,numVehicules
200800051927,2008-09-22,2008,septembre,lundi,11:40,91,91103,0,0,1,1,3,1,1,3,3,04,1,1,002,149,1,0,1,3,1,40,1,1,2,00,0,8,2,200800051927B01,14,17,1
200800051946,2008-09-09,2008,septembre,mardi,15:16,21,21054,0,0,2,1,2,1,1,4,2,02,1,1,000,000,1,0,1,4,1,49,0,1,9,00,2,1,1,200800051946A01,7,1,1
200800051953,2008-09-02,2008,septembre,mardi,12:35,21,21231,0,0,2,1,6,1,1,4,1,01,1,1,000,050,1,0,5,3,1,31,5,1,9,00,2,1,1,200800051953B01,7,15,1
200800051965,2008-09-11,2008,septembre,jeudi,13:25,21,21231,0,0,2,2,6,1,1,4,1,02,1,1,000,000,1,0,1,3,2,41,0,1,9,00,1,1,1,200800051965A01,,,
200800051998,2008-09-02,2008,septembre,mardi,15:35,22,22278,0,0,2,1,2,1,1,4,2,01,-1,1,000,000,-1,0,1,4,2,38,0,1,2,00,2,4,1,200800051998B01,7,2,1
200800052002,2008-09-05,2008,septembre,vendredi,60:0,22,22278,0,0,2,1,2,2,1,4,-1,00,-1,-1,000,000,-1,0,1,4,2,47,1,1,2,00,2,4,1,200800052002B01,7,0,1
200800052025,2008-09-28,2008,septembre,dimanche,20:00,22,22278,0,0,2,1,2,2,1,4,1,00,1,1,000,000,1,0,1,4,1,46,0,1,2,00,2,1,1,200800052025B01,10,0,1
200800052039,2008-09-02,2008,septembre,mardi,17:40,25,25056,0,0,2,1,3,1,1,4,2,02,1,1,000,000,1,0,1,4,1,30,5,1,2,00,2,1,1,200800052039B01,7,16,1
200800052045,2008-09-12,2008,septembre,vendredi,13:11,25,25056,0,0,2,6,2,1,2,4,1,02,1,-1,000,000,2,3,1,4,1,27,1,1,2,00,0,4,1,200800052045B01,7,9,1
200800052049,2008-09-17,2008,septembre,mercredi,80:0,25,25056,0,0,2,1,3,1,1,4,1,01,1,3,000,000,1,0,1,4,1,19,2,1,2,00,2,1,15,200800052049A01,7,1,1
200800052053,2008-09-21,2008,septembre,dimanche,17:57,25,25056,0,0,2,1,2,1,1,4,2,02,1,1,000,000,1,0,1,4,1,13,5,1,2,00,2,4,13,200800052053B01,7,17,1
200800052061,2008-09-09,2008,septembre,mardi,18:22,25,25462,0,0,2,1,3,1,1,4,2,01,1,1,000,070,1,0,1,3,1,10,5,1,9,00,2,3,19,200800052061A01,7,1,1
200800052062,2008-09-21,2008,septembre,dimanche,1:,26,26198,0,0,2,1,6,5,1,3,3,02,1,-1,000,000,1,0,1,4,1,36,5,1,9,00,0,0,2,200800052062B01,99,0,1
200800052066,2008-09-18,2008,septembre,jeudi,14:25,26,26281,0,0,2,1,3,1,1,4,2,02,1,1,000,040,1,0,1,4,1,41,5,1,9,00,2,1,17,200800052066B01,7,15,1
200800052083,2008-09-26,2008,septembre,vendredi,19:25,26,26362,0,0,2,6,3,1,1,4,2,02,1,1,000,000,1,0,0,4,1,13,4,1,2,00,2,1,1,200800052083A01,7,1,1
200800052084,2008-09-29,2008,septembre,lundi,13:50,26,26362,0,0,2,1,3,1,1,4,2,02,1,4,000,070,1,2,1,4,2,73,0,1,2,00,0,0,1,200800052084B01,7,16,1
200800052099,2008-09-20,2008,septembre,samedi,13:25,27,27588,0,0,2,3,6,1,1,2,2,02,1,1,000,110,1,0,4,4,1,30,1,1,2,00,2,1,1,200800052099B01,7,23,1
200800052115,2008-09-16,2008,septembre,mardi,19:30,28,28085,0,0,2,1,3,1,1,4,2,04,1,1,000,100,1,0,0,3,1,13,5,1,2,00,2,7,19,200800052115B01,7,1,1
200800052116,2008-09-18,2008,septembre,jeudi,15:00,28,28085,0,0,2,1,6,1,1,4,1,01,1,1,000,050,1,0,1,3,1,20,0,1,2,00,2,2,21,200800052116B01,7,24,1
200800052120,2008-09-21,2008,septembre,dimanche,10:45,28,28085,0,0,2,3,3,1,1,4,2,02,1,1,000,050,1,0,0,3,2,9,0,1,9,00,2,8,1,200800052120B01,7,0,1
200800052125,2008-09-29,2008,septembre,lundi,81:0,28,28085,0,0,2,3,3,1,5,4,-1,01,1,1,000,050,1,0,0,4,2,45,1,1,9,00,2,1,5,200800052125B01,7,15,1
200800052130,2008-09-09,2008,septembre,mardi,72:5,28,28134,0,0,2,2,6,2,1,4,2,02,1,1,000,000,1,0,1,4,1,28,1,1,4,00,2,1,1,200800052130B01,7,9,1
200800052140,2008-09-10,2008,septembre,mercredi,65:0,29,29019,0,0,2,2,3,3,1,9,2,50,2,1,000,000,1,0,1,4,1,51,1,1,2,00,2,7,1,200800052140A01,10,1,1
200800052156,2008-09-29,2008,septembre,lundi,13:50,29,29019,0,0,2,9,3,1,1,9,1,03,1,2,000,000,1,5,1,4,1,27,0,1,9,01,2,7,1,200800052156B01,7,9,1
200800052175,2008-09-30,2008,septembre,mardi,73:5,30,30007,0,0,2,1,3,1,1,4,1,02,1,2,000,080,2,0,1,4,2,50,1,1,9,00,2,1,1,200800052175B01,7,9,1
200800052185,2008-09-08,2008,septembre,lundi,17:30,30,30189,43.81429,4.32877,2,1,6,1,1,4,2,02,-1,3,000,064,1,0,1,4,1,17,0,1,2,01,0,0,0,200800052185A01,,,
200800052217,2008-09-27,2008,septembre,samedi,18:00,30,30189,0,0,2,2,3,1,1,4,-1,00,-1,1,000,000,1,0,1,4,2,42,0,1,9,00,2,1,0,200800052217A01,7,1,1
200800052224,2008-09-16,2008,septembre,mardi,19:50,30,30351,0,0,2,3,3,2,1,4,-1,01,2,3,000,030,9,0,1,3,1,15,5,1,9,00,2,1,1,200800052224A01,7,1,1
200800052227,2008-09-09,2008,septembre,mardi,17:35,31,31069,0,0,2,1,3,1,1,6,1,02,1,-1,000,061,1,0,0,4,2,21,1,1,4,00,2,1,9,200800052227A01,7,1,1
200800052234,2008-09-12,2008,septembre,vendredi,19:00,31,31149,0,0,2,3,3,1,1,4,2,02,1,1,000,051,1,0,1,3,1,13,5,1,2,00,2,1,1,200800052234A01,33,1,1
200800052235,2008-09-15,2008,septembre,lundi,18:00,31,31149,0,0,2,1,1,1,1,4,1,01,1,1,000,600,1,0,1,3,1,10,5,1,2,00,2,1,0,200800052235A01,7,1,1
200800052237,2008-09-05,2008,septembre,vendredi,13:40,31,31557,0,0,2,3,3,1,1,4,2,02,1,1,053,305,1,0,1,3,1,48,1,1,2,00,2,1,19,200800052237B01,7,16,1
200800052238,2008-09-15,2008,septembre,lundi,20:10,31,31557,0,0,2,6,3,5,1,3,1,02,1,4,129,086,1,0,1,4,1,20,5,1,2,00,2,1,6,200800052238A01,7,1,1
200800052239,2008-09-19,2008,septembre,vendredi,13:50,31,31557,0,0,2,2,3,1,1,4,-1,02,1,1,000,072,1,0,0,4,1,57,0,1,2,00,2,1,1,200800052239B01,7,19,1
200800052256,2008-09-05,2008,septembre,vendredi,74:5,33,33063,0,0,2,3,3,2,2,4,3,06,1,1,000,000,2,0,1,3,2,27,0,1,4,00,0,5,16,200800052256A01,31,1,1
200800052271,2008-09-10,2008,septembre,mercredi,19:40,33,33063,0,0,2,1,3,1,1,4,2,02,1,1,000,090,1,0,1,4,1,47,5,1,2,01,0,1,1,200800052271B01,7,24,1
200800052275,2008-09-10,2008,septembre,mercredi,18:30,33,33318,0,0,2,3,3,1,1,4,2,02,1,1,000,000,1,0,1,4,2,47,1,1,9,00,2,3,15,200800052275B01,7,17,1
200800052293,2008-09-17,2008,septembre,mercredi,14:05,33,33063,0,0,2,2,2,1,1,4,2,02,1,1,000,060,1,0,1,3,2,63,0,1,9,00,2,1,1,200800052293B01,7,4,1
200800052294,2008-09-14,2008,septembre,dimanche,18:45,33,33249,0,0,2,3,3,1,1,4,2,02,1,1,000,086,1,0,1,4,1,19,0,1,9,00,2,1,1,200800052294B01,7,15,1
200800052308,2008-09-18,2008,septembre,jeudi,83:5,33,33075,0,0,2,3,1,1,2,4,2,02,1,1,000,069,2,0,5,4,2,40,0,1,9,00,2,1,1,200800052308B01,2,1,1
200800052309,2008-09-19,2008,septembre,vendredi,18:00,33,33281,0,0,2,1,7,1,1,4,3,04,1,1,037,198,1,0,1,4,1,40,0,1,4,01,0,0,21,200800052309B01,7,24,1
200800052312,2008-09-22,2008,septembre,lundi,18:00,33,33167,0,0,2,1,3,1,1,4,2,02,1,1,000,070,1,0,1,4,1,14,0,1,4,00,0,7,13,200800052312A01,7,17,1
200800052313,2008-09-14,2008,septembre,dimanche,85:0,33,33192,0,0,2,1,1,1,1,4,2,02,-1,-1,000,059,-1,0,5,4,1,20,0,1,9,00,0,1,1,200800052313A01,1,1,1
200800052313,2008-09-14,2008,septembre,dimanche,85:0,33,33192,0,0,2,1,1,1,1,4,2,02,-1,-1,000,059,-1,0,5,4,1,48,0,1,9,00,0,1,1,200800052313B01,1,1,1
200800052328,2008-09-05,2008,septembre,vendredi,82:7,31,31555,0,0,2,1,3,1,1,4,2,00,1,3,000,000,1,0,1,4,1,44,1,1,9,00,2,1,0,200800052328B01,7,11,1
200800052348,2008-09-11,2008,septembre,jeudi,12:15,31,31555,0,0,2,1,3,1,1,4,1,02,1,1,000,060,1,0,5,4,1,45,0,1,9,00,2,1,0,200800052348A01,7,0,1
200800052352,2008-09-13,2008,septembre,samedi,10:00,31,31555,0,0,2,3,3,1,1,4,1,01,1,1,000,035,1,0,1,4,1,19,2,1,2,00,2,1,7,200800052352B01,7,16,1
200800052377,2008-09-20,2008,septembre,samedi,21:30,31,31555,0,0,2,1,3,5,1,4,2,02,1,1,000,075,1,0,1,4,1,12,0,1,2,00,2,6,1,200800052377B01,7,1,1
200800052386,2008-09-23,2008,septembre,mardi,19:55,31,31555,0,0,2,1,6,2,1,4,2,02,1,1,000,105,1,0,1,4,1,35,1,1,9,00,2,1,1,200800052386C01,7,22/1,2
200800052392,2008-09-24,2008,septembre,mercredi,21:10,31,31555,0,0,2,1,5,5,1,4,1,03,1,1,000,085,1,0,1,4,1,37,0,1,2,00,2,0,0,200800052392A01,7,23,2
200800052393,2008-09-24,2008,septembre,mercredi,23:10,31,31555,0,0,2,1,1,5,1,4,2,00,1,1,000,000,1,0,1,4,1,29,0,1,9,00,2,1,0,200800052393A01,7,1,1
200800052407,2008-09-25,2008,septembre,jeudi,80:0,01,01053,0,0,2,1,3,1,1,3,2,00,1,1,000,100,1,0,1,4,1,13,2,1,2,00,2,8,1,200800052407B01,14,16,1
200800052409,2008-09-20,2008,septembre,samedi,21:10,02,02408,0,0,2,2,3,5,1,9,2,02,1,-1,000,060,1,0,0,3,2,13,9,1,9,00,0,6,15,200800052409B01,7,2,1
200800052440,2008-09-12,2008,septembre,vendredi,11:00,05,05061,0,0,2,6,3,1,1,4,2,02,1,3,000,120,-1,0,1,3,1,84,3,1,2,00,2,2,1,200800052440B01,7,9,1
200800052472,2008-09-29,2008,septembre,lundi,18:50,31,31555,0,0,1,1,6,1,1,4,1,00,1,1,000,040,1,0,1,1,2,38,1,1,9,00,1,2,0,200800052472A01,,,
200800052472,2008-09-29,2008,septembre,lundi,18:50,31,31555,0,0,1,1,6,1,1,4,1,00,1,1,000,040,1,0,1,4,2,47,1,0,0,00,1,2,0,200800052472A01,,,
200800052476,2008-09-29,2008,septembre,lundi,95:5,31,31555,0,0,2,2,3,1,1,4,2,02,1,1,000,060,1,0,5,4,2,48,0,1,2,00,2,0,0,200800052476B01,7,0,1
200800052515,2008-09-30,2008,septembre,mardi,65:4,06,06030,0,0,2,1,2,2,1,4,2,02,-1,-1,000,080,1,0,1,4,1,43,0,1,2,00,2,4,1,200800052515B01,7,15,1
200800052610,2008-09-17,2008,septembre,mercredi,12:30,06,06088,0,0,2,1,3,1,1,4,1,01,1,1,000,030,1,0,1,3,1,13,5,1,2,00,2,1,19,200800052610A01,7,1,1
200800052614,2008-09-18,2008,septembre,jeudi,70:0,06,06088,0,0,2,2,3,2,1,4,2,02,2,1,000,000,1,0,1,4,1,40,1,1,9,00,2,1,1,200800052614B01,7,15,1
200800052661,2008-09-29,2008,septembre,lundi,14:20,06,06088,0,0,2,1,3,1,1,4,2,02,1,1,000,000,1,0,0,4,2,27,1,1,4,00,2,4,1,200800052661B01,7,1,1
200800052681,2008-09-15,2008,septembre,lundi,12:45,10,10343,0,0,2,6,6,1,1,4,2,02,1,1,000,070,1,0,1,4,2,21,0,1,9,00,0,8,15,200800052681B01,7,15,1
200800052720,2008-09-09,2008,septembre,mardi,73:0,13,13055,0,0,2,1,2,1,1,4,2,01,4,2,000,097,1,0,1,4,1,70,5,1,2,00,2,4,1,200800052720B01,7,14,1
200800052780,2008-09-04,2008,septembre,jeudi,18:15,13,13002,0,0,2,1,7,1,1,3,2,02,1,1,000,060,1,0,1,3,1,45,5,1,2,00,0,0,0,200800052780A01,,,
200800052796,2008-09-05,2008,septembre,vendredi,19:30,13,13055,0,0,2,1,2,1,1,6,-1,01,-1,-1,000,020,-1,0,0,4,1,6,0,1,9,00,0,0,0,200800052796B01,7,20,1
200800052869,2008-09-17,2008,septembre,mercredi,18:46,13,13055,0,0,2,9,6,1,1,6,2,02,1,1,000,000,1,0,1,4,1,11,5,1,2,00,2,0,19,200800052869B01,7,2,1
200800052908,2008-09-24,2008,septembre,mercredi,93:0,13,13055,0,0,2,1,7,1,1,4,2,02,2,1,000,060,1,0,1,4,1,54,5,0,0,12,0,1,1,200800052908B01,7,15,1
200800052931,2008-09-28,2008,septembre,dimanche,10:15,13,13002,0,0,1,1,2,1,1,3,2,02,-1,-1,000,060,1,0,1,4,1,58,5,1,2,00,0,4,2,200800052931B01,33,2,1
200800052936,2008-09-25,2008,septembre,jeudi,11:30,13,13055,0,0,2,1,2,1,1,9,1,01,1,2,000,000,1,0,1,4,1,33,5,1,9,00,2,4,2,200800052936B01,99,2,1
200800052967,2008-09-16,2008,septembre,mardi,17:20,13,13103,0,0,2,1,2,1,1,4,2,02,1,1,000,050,1,0,1,4,2,39,1,1,9,00,2,4,2,200800052967B01,7,2,1
200800052971,2008-09-21,2008,septembre,dimanche,18:43,13,13108,0,0,2,2,3,1,1,3,2,02,1,2,000,000,1,0,1,3,1,15,5,1,9,00,2,7,19,200800052971B01,7,15,1
200800052973,2008-09-28,2008,septembre,dimanche,11:45,13,13108,0,0,2,1,3,1,1,3,2,03,1,1,000,110,1,0,1,3,1,77,5,1,9,00,2,1,0,200800052973B01,7,15,1
200800052985,2008-09-18,2008,septembre,jeudi,13:25,13,13117,0,0,2,1,3,1,8,4,3,03,2,1,000,035,1,0,1,4,2,45,0,1,9,00,2,0,0,200800052985B01,7,10,1
200800053019,2008-09-13,2008,septembre,samedi,18:55,16,16015,0,0,2,2,3,1,1,4,-1,02,2,1,000,050,-1,0,1,4,1,14,5,1,4,00,2,8,1,200800053019B01,7,1,1
200800053026,2008-09-16,2008,septembre,mardi,16:15,17,17299,0,0,2,2,3,1,1,4,2,02,1,1,000,075,1,5,1,4,1,11,9,1,9,00,2,3,11,200800053026A01,7,17,1
200800053028,2008-09-24,2008,septembre,mercredi,10:30,17,17299,0,0,2,3,3,1,1,4,2,02,1,1,000,093,1,4,1,4,1,64,5,1,2,00,2,2,1,200800053028B01,7,16,1
200800053041,2008-09-09,2008,septembre,mardi,11:45,17,17300,0,0,2,1,2,1,3,4,2,02,1,1,000,000,2,0,1,4,1,13,0,1,2,00,2,1,2,200800053041B01,7,1,1
200800053048,2008-09-17,2008,septembre,mercredi,19:46,17,17200,0,0,2,9,1,1,1,4,2,02,1,-1,000,000,1,0,1,4,1,5,5,1,2,00,2,1,16,200800053048A01,7,15,1
200800053057,2008-09-13,2008,septembre,samedi,17:01,17,17306,0,0,2,1,2,1,1,4,2,02,1,1,000,000,1,0,1,4,1,16,5,1,2,00,2,1,1,200800053057A01,7,0,1
200800053064,2008-09-21,2008,septembre,dimanche,91:4,17,17380,0,0,2,1,6,2,1,4,2,02,1,1,000,000,1,0,1,4,1,69,5,1,2,01,0,2,1,200800053064B01,7,22,1
200800053068,2008-09-06,2008,septembre,samedi,16:45,17,17415,0,0,2,1,3,1,1,4,2,02,1,1,000,000,1,0,5,3,1,14,5,1,4,00,2,1,1,200800053068B01,7,20,1
200800053081,2008-09-08,2008,septembre,lundi,18:25,18,18033,0,0,1,4,3,1,1,4,2,04,1,1,000,000,1,0,0,3,2,70,5,1,9,00,2,3,19,200800053081B01,10,0,1
200800053089,2008-09-22,2008,septembre,lundi,15:30,18,18033,0,0,2,5,3,1,1,4,2,02,1,1,000,070,1,0,0,3,1,23,2,1,2,00,2,1,1,200800053089A01,7,1,1
200800053118,2008-09-17,2008,septembre,mercredi,18:45,33,33550,0,0,2,2,3,1,1,4,2,20,1,1,010,051,1,0,1,4,1,15,5,1,4,00,2,1,15,200800053118A01,7,1,1
200800053126,2008-09-26,2008,septembre,vendredi,74:5,33,33063,0,0,2,1,3,1,1,4,2,02,1,1,000,060,1,0,1,4,2,20,1,1,4,00,2,1,18,200800053126B01,7,23,1
200800053130,2008-09-22,2008,septembre,lundi,82:0,33,33281,0,0,2,2,3,1,1,4,3,02,1,1,028,120,1,0,5,4,1,26,1,1,4,00,0,5,1,200800053130B01,7,16,1
200800053134,2008-09-23,2008,septembre,mardi,75:0,33,33069,0,0,2,6,3,1,1,4,2,02,1,1,000,068,1,5,1,4,1,13,2,1,9,00,0,2,1,200800053134B01,7,9,1
200800053136,2008-09-25,2008,septembre,jeudi,15:50,33,33318,0,0,2,6,3,1,1,4,3,02,1,1,020,100,1,5,1,4,2,40,0,1,4,00,2,0,1,200800053136B01,7,16,1
200800053138,2008-09-25,2008,septembre,jeudi,81:5,33,33318,0,0,2,1,2,1,1,4,2,02,3,1,000,000,1,2,1,4,2,49,4,1,4,00,0,4,1,200800053138B01,7,1,1
200800053139,2008-09-30,2008,septembre,mardi,82:0,33,33039,0,0,2,2,3,1,1,4,2,02,2,1,000,000,1,0,1,4,2,52,1,1,4,00,2,2,1,200800053139B01,7,16,1
200800053141,2008-09-23,2008,septembre,mardi,84:0,33,33522,0,0,2,2,3,1,1,4,-1,01,1,1,000,000,1,0,5,4,1,47,0,1,2,00,0,3,1,200800053141B01,7,15,1
200800053161,2008-09-12,2008,septembre,vendredi,85:0,34,34003,0,0,2,3,3,1,1,4,1,02,1,1,000,065,1,0,1,3,2,57,4,1,9,00,2,2,1,200800053161B01,7,15,1
200800053196,2008-09-13,2008,septembre,samedi,16:30,75,75113,0,0,2,2,3,1,1,4,2,02,1,1,000,150,1,0,1,4,2,26,4,1,2,00,2,2,1,200800053196B01,7,16,1
200800053204,2008-09-14,2008,septembre,dimanche,16:05,75,75105,0,0,2,1,7,1,1,4,2,02,2,1,000,116,1,0,1,3,1,48,5,1,2,00,0,2,1,200800053204A01,,,
200800053205,2008-09-14,2008,septembre,dimanche,24:0,75,75105,0,0,2,2,6,5,1,4,1,00,1,1,000,110,1,0,1,4,1,30,0,1,2,00,1,1,7,200800053205A01,,,
200800053213,2008-09-14,2008,septembre,dimanche,17:59,75,75116,0,0,2,1,6,1,1,4,-1,00,2,1,000,040,1,0,4,1,1,17,0,1,2,00,1,7,1,200800053213A01,,,
200800053218,2008-09-14,2008,septembre,dimanche,22:35,75,75112,0,0,2,4,3,5,1,4,2,04,2,1,000,100,1,0,1,3,1,46,5,1,2,00,2,0,18,200800053218A01,7,16,1
200800053224,2008-09-15,2008,septembre,lundi,10:30,75,75105,0,0,2,2,2,1,1,4,2,02,2,1,000,085,1,0,1,1,1,27,1,1,2,00,2,4,13,200800053224B01,32,1,1
200800053225,2008-09-15,2008,septembre,lundi,94:5,75,75106,0,0,2,1,3,1,1,4,-1,01,1,1,000,000,1,0,0,4,1,36,1,1,2,00,2,1,1,200800053225B01,14,22,1
200800053228,2008-09-15,2008,septembre,lundi,20:35,75,75109,0,0,2,1,7,5,1,4,1,04,1,1,000,120,-1,0,1,4,1,23,5,1,2,00,0,8,7,200800053228A01,,,
200800053230,2008-09-15,2008,septembre,lundi,13:20,75,75109,0,0,2,5,6,1,1,4,1,00,1,-1,010,065,1,0,1,4,2,25,0,1,2,00,2,0,15,200800053230B01,7,17,1
200800053242,2008-09-15,2008,septembre,lundi,16:00,75,75116,0,0,2,1,3,1,1,4,2,02,1,-1,000,000,1,0,1,4,1,25,4,1,2,00,2,1,1,200800053242A01,7,22,1
200800053253,2008-09-15,2008,septembre,lundi,15:20,75,75112,0,0,2,2,3,1,1,4,2,02,1,1,000,000,1,0,1,4,1,63,5,1,2,00,2,3,1,200800053253B01,7,16,1
200800053261,2008-09-22,2008,septembre,lundi,19:15,75,75110,0,0,2,1,5,2,1,4,1,04,1,1,005,140,1,0,1,1,1,32,1,1,2,01,0,2,21,200800053261C01,32/ 37,2,2
200800053266,2008-09-23,2008,septembre,mardi,82:0,75,75111,0,0,2,4,3,1,1,4,1,01,1,1,000,040,1,0,1,4,2,59,0,1,2,00,2,1,1,200800053266B01,7,22,1
200800053285,2008-09-24,2008,septembre,mercredi,14:20,75,75111,0,0,2,3,3,1,1,4,1,01,1,1,000,054,1,0,0,3,2,58,5,1,9,00,2,8,2,200800053285B01,7,2,1
200800053294,2008-09-24,2008,septembre,mercredi,21:0,75,75119,0,0,2,7,3,5,2,4,2,00,1,1,000,100,2,0,0,4,1,24,0,1,9,00,0,1,1,200800053294B01,7,0,1
200800053310,2008-09-25,2008,septembre,jeudi,17:10,75,75111,0,0,2,1,3,1,1,4,1,01,2,1,000,000,1,0,2,4,2,36,5,1,2,00,2,1,1,200800053310B01,7,22,1
200800053322,2008-09-25,2008,septembre,jeudi,13:13,75,75120,0,0,2,1,3,1,1,4,1,01,1,1,000,000,1,0,1,4,1,21,9,1,2,00,2,1,1,200800053322A01,7,22,1
200800053326,2008-09-26,2008,septembre,vendredi,19:50,75,75104,0,0,2,2,3,5,1,4,1,02,1,-1,000,101,1,0,1,4,2,59,0,1,9,00,2,5,0,200800053326A01,7,0,1
200800053329,2008-09-22,2008,septembre,lundi,13:00,75,75116,0,0,2,1,6,1,1,4,2,02,1,-1,000,000,1,0,1,4,1,71,5,1,9,01,0,6,1,200800053329A01,,,
200800053332,2008-09-22,2008,septembre,lundi,19:45,75,75119,0,0,2,2,3,2,1,4,2,01,1,1,000,112,1,5,1,4,1,16,5,1,9,00,0,2,15,200800053332A01,33,1,1
200800053337,2008-09-23,2008,septembre,mardi,95:5,75,75102,0,0,2,2,3,1,1,4,1,01,1,1,000,064,1,0,1,4,2,31,4,1,2,00,2,7,16,200800053337B01,32,18,1
200800053341,2008-09-23,2008,septembre,mardi,15:25,75,75109,0,0,2,5,3,1,1,4,1,01,1,1,000,000,1,0,1,4,2,28,5,1,2,00,2,7,19,200800053341B01,7,1,1
200800053343,2008-09-26,2008,septembre,vendredi,18:55,75,75105,0,0,2,2,3,1,1,4,1,04,1,-1,000,143,1,5,1,4,1,24,2,1,9,00,2,6,1,200800053343A01,33,1,1
200800053351,2008-09-26,2008,septembre,vendredi,81:5,75,75111,0,0,2,1,3,1,1,4,2,02,1,1,000,126,1,0,1,4,2,48,1,1,9,00,2,3,2,200800053351A01,7,1,1
200800053353,2008-09-26,2008,septembre,vendredi,12:08,75,75111,0,0,2,1,2,1,1,4,2,00,1,1,000,103,1,0,0,4,2,26,5,1,4,00,2,6,1,200800053353A01,30,1,1
200800053360,2008-09-26,2008,septembre,vendredi,13:5,75,75114,0,0,2,1,2,5,1,4,1,02,1,1,000,054,1,0,1,3,1,42,0,1,2,00,2,1,2,200800053360A01,7,2,1
200800053364,2008-09-26,2008,septembre,vendredi,21:40,75,75115,0,0,2,2,3,5,1,4,1,02,1,1,000,030,1,0,1,4,1,41,1,1,9,00,2,1,1,200800053364B01,37,16,1
200800053384,2008-09-27,2008,septembre,samedi,11:15,75,75113,0,0,2,1,6,1,1,4,1,01,1,1,000,045,1,0,1,4,1,52,5,1,2,00,1,2,1,200800053384A01,,,
200800053407,2008-09-28,2008,septembre,dimanche,14:7,75,75119,0,0,2,3,3,5,1,4,1,01,2,1,000,030,1,5,1,4,1,27,0,1,2,00,2,7,15,200800053407B01,32,1,1
200800053421,2008-09-26,2008,septembre,vendredi,13:30,75,75105,0,0,2,2,3,1,1,4,2,02,2,1,000,120,1,0,1,4,2,27,2,1,9,00,2,1,1,200800053421B01,7,16,1
200800053445,2008-09-30,2008,septembre,mardi,11:10,75,75110,0,0,2,1,6,1,2,4,2,04,2,1,000,000,2,0,5,4,2,36,0,1,2,00,2,1,1,200800053445B01,7,20,1
200800053745,2008-09-05,2008,septembre,vendredi,94:5,75,75109,0,0,2,2,3,1,2,4,1,01,1,1,000,080,2,0,1,4,2,25,1,1,2,00,2,8,13,200800053745A01,7,1,1
200800053779,2008-09-16,2008,septembre,mardi,14:45,75,75104,0,0,2,3,5,1,1,4,1,01,1,1,000,057,1,0,0,4,1,30,5,1,2,00,2,1,1,200800053779A01,7,1/16,2
200800053787,2008-09-16,2008,septembre,mardi,11:00,75,75112,0,0,2,1,3,1,1,4,2,02,2,1,000,090,1,0,1,4,2,51,1,1,2,00,2,7,2,200800053787B01,10,24,1
200800053788,2008-09-16,2008,septembre,mardi,15:15,75,75112,0,0,2,1,2,1,1,4,1,02,1,-1,005,060,1,0,1,4,2,20,9,1,9,00,2,0,0,200800053788B01,2,0,1
200800053802,2008-09-16,2008,septembre,mardi,12:00,75,75111,0,0,2,1,3,1,1,4,2,02,1,1,000,150,1,0,1,4,1,14,2,1,2,00,2,8,1,200800053802B01,10,14,1
200800053813,2008-09-06,2008,septembre,samedi,17:10,75,75105,0,0,2,5,2,1,1,4,1,02,1,-1,007,134,1,0,1,4,1,43,0,1,2,00,2,0,2,200800053813A01,10,16,1
200800053852,2008-09-17,2008,septembre,mercredi,85:0,75,75111,0,0,2,2,2,1,1,4,1,01,3,1,000,090,1,0,0,4,2,41,5,1,2,00,2,8,14,200800053852B01,14,14,1
200800053854,2008-09-17,2008,septembre,mercredi,11:20,75,75104,0,0,2,6,3,1,1,4,-1,02,1,1,000,090,1,5,1,4,2,33,2,1,2,00,2,6,15,200800053854B01,7,15,1
200800053880,2008-09-08,2008,septembre,lundi,11:20,75,75115,0,0,2,4,6,1,1,4,2,03,-1,-1,020,061,1,0,1,4,1,33,1,1,2,15,1,1,1,200800053880A01,,,
200800053892,2008-09-08,2008,septembre,lundi,17:25,75,75120,0,0,2,3,3,1,1,4,2,02,2,1,000,071,1,5,1,4,1,45,5,1,2,00,2,7,17,200800053892A01,10,15,1
200800053894,2008-09-08,2008,septembre,lundi,91:0,75,75112,0,0,2,2,6,1,1,4,3,02,2,1,000,249,-1,0,5,1,1,64,5,1,2,01,2,0,14,200800053894A01,1,1,1
200800053894,2008-09-08,2008,septembre,lundi,91:0,75,75112,0,0,2,2,6,1,1,4,3,02,2,1,000,249,-1,0,5,3,1,84,5,1,2,00,2,1,1,200800053894B01,1,14,1
200800053901,2008-09-09,2008,septembre,mardi,11:50,75,75106,0,0,2,3,3,1,1,4,1,01,1,-1,000,056,1,0,1,1,2,32,5,1,2,00,2,1,1,200800053901B01,31,1,1
200800053905,2008-09-09,2008,septembre,mardi,17:45,75,75110,0,0,2,3,3,1,1,4,1,01,1,1,000,070,1,0,1,4,2,52,4,1,2,01,2,1,1,200800053905B01,7,22,1
200800053911,2008-09-09,2008,septembre,mardi,17:55,75,75120,0,0,2,1,3,1,1,4,2,02,1,1,000,100,1,0,1,4,1,50,5,1,2,00,2,0,18,200800053911A01,10,22,1