Num_Acc,date,an,mois,jour,hrmn,dep,com,lat,long,agg,int,col,lum,atm,catr,circ,nbv,prof,plan,lartpc,larrout,surf,infra,situ,grav,sexe,age,trajet,secuexist,equipement,obs,obsm,choc,manv,vehiculeid,typevehicules,manoeuvehicules,numVehicules
200800056635,2008-10-09,2008,octobre,jeudi,90:0,31,31157,43.544,1.34,2,1,3,1,1,4,2,02,1,3,070,070,1,0,1,3,2,14,2,0,0,00,2,8,19,200800056635B02,7,16,1
200800056654,2008-10-25,2008,octobre,samedi,12:15,06,06090,0,0,1,1,1,1,1,3,2,02,3,3,080,000,1,0,0,3,1,37,5,1,2,00,0,1,0,200800056654B02,7,11,1
200800056701,2008-10-20,2008,octobre,lundi,14:00,25,25542,47.249,5.946,1,1,2,1,1,3,2,02,1,1,000,072,1,0,1,2,1,70,5,1,2,00,2,4,1,200800056701B02,10,14,1
200800056735,2008-10-08,2008,octobre,mercredi,11:00,83,83019,0,0,2,1,3,1,1,3,2,02,1,1,000,062,1,0,1,3,1,64,5,1,2,00,2,8,13,200800056735B02,32,2,1
200800056757,2008-10-09,2008,octobre,jeudi,94:0,01,01283,0,0,2,1,6,1,1,4,1,01,1,1,000,000,1,0,1,1,1,29,9,1,9,00,1,7,0,200800056757A01,,,
200800056779,2008-10-30,2008,octobre,jeudi,15:10,03,03310,0,0,2,4,6,1,2,4,2,02,1,1,000,090,2,5,1,4,1,15,5,1,9,01,0,1,14,200800056779A01,7,16,1
200800056788,2008-10-02,2008,octobre,jeudi,12:10,06,06004,0,0,2,2,3,1,1,4,1,01,1,1,000,000,1,0,0,4,1,15,5,1,9,00,2,7,19,200800056788A01,7,1,1
200800056807,2008-10-13,2008,octobre,lundi,14:15,06,06027,0,0,2,1,3,1,1,3,2,03,-1,1,000,000,1,0,1,4,1,54,5,1,2,00,2,8,11,200800056807B01,7,12,1
200800056818,2008-10-26,2008,octobre,dimanche,10:45,06,06027,0,0,2,1,2,1,1,4,2,04,1,1,000,000,1,0,1,4,1,63,5,1,2,00,2,1,2,200800056818A01,7,2,1
200800056842,2008-10-01,2008,octobre,mercredi,11:55,06,06069,0,0,2,3,2,1,1,3,2,02,2,1,000,000,1,0,1,4,1,37,5,1,2,00,2,1,1,200800056842A01,7,15,1
200800056853,2008-10-08,2008,octobre,mercredi,15:15,06,06069,0,0,2,6,3,1,1,3,1,02,1,-1,000,000,1,0,1,4,1,62,0,1,9,00,2,6,2,200800056853B01,7,1,1
200800056945,2008-10-15,2008,octobre,mercredi,19:30,06,06088,0,0,2,1,2,5,1,4,1,03,1,1,000,000,1,0,1,4,1,41,0,1,2,00,2,0,0,200800056945B01,7,1,1
200800057065,2008-10-18,2008,octobre,samedi,19:25,13,13004,0,0,2,1,2,5,1,4,2,02,2,1,000,078,1,2,1,4,1,12,5,1,9,00,2,4,1,200800057065B01,7,1,1
200800057067,2008-10-21,2008,octobre,mardi,14:15,13,13004,0,0,2,6,2,1,1,4,2,02,1,1,000,000,1,0,1,4,2,42,0,1,9,00,2,1,9,200800057067B01,7,1,1
200800057085,2008-10-18,2008,octobre,samedi,14:45,13,13043,0,0,2,3,3,1,1,4,2,01,1,1,000,030,1,0,1,3,2,46,0,1,2,00,2,1,2,200800057085B01,7,15,1
200800057086,2008-10-23,2008,octobre,jeudi,11:30,13,13043,0,0,1,1,6,1,1,4,2,02,1,1,000,040,1,0,1,4,1,12,2,1,9,00,0,6,15,200800057086B01,30,2,1
200800057095,2008-10-08,2008,octobre,mercredi,19:30,13,13055,0,0,2,1,6,5,1,9,-1,02,-1,-1,000,000,-1,0,0,4,1,25,0,0,0,00,0,0,0,200800057095A01,,,
200800057097,2008-10-12,2008,octobre,dimanche,91:5,13,13002,0,0,2,1,1,1,1,4,2,01,2,1,000,026,1,0,1,3,1,42,5,1,2,00,2,1,1,200800057097A01,7,1,1
200800057117,2008-10-01,2008,octobre,mercredi,19:10,13,13055,0,0,2,1,2,2,1,4,2,00,1,1,000,060,1,0,1,3,1,21,5,1,9,00,2,4,15,200800057117A01,30,1,1
200800057205,2008-10-03,2008,octobre,vendredi,14:52,13,13055,0,0,2,1,3,1,1,4,2,06,1,1,000,120,1,0,1,4,1,36,5,1,9,00,2,3,0,200800057205B01,7,15,1
200800057221,2008-10-10,2008,octobre,vendredi,22:35,13,13055,0,0,2,2,3,5,1,4,1,02,1,1,000,000,1,0,0,4,1,37,5,1,2,00,2,1,1,200800057221A01,7,15,1
200800057277,2008-10-20,2008,octobre,lundi,16:45,13,13055,0,0,2,1,3,1,1,4,1,02,1,1,000,025,1,0,1,4,1,27,0,1,2,01,0,0,17,200800057277B01,7,15,1
200800057296,2008-10-03,2008,octobre,vendredi,14:15,13,13055,0,0,2,3,3,1,1,4,1,00,1,1,000,000,1,0,0,3,2,23,0,1,2,01,0,1,0,200800057296B01,7,0,1
200800057320,2008-10-06,2008,octobre,lundi,12:35,13,13103,0,0,2,1,6,1,1,4,2,01,2,1,000,046,1,0,1,4,1,13,5,1,9,01,0,1,2,200800057320A01,7,2,1
200800057322,2008-10-09,2008,octobre,jeudi,16:35,13,13108,0,0,2,2,3,1,1,4,-1,00,1,1,000,000,1,0,1,4,2,18,0,1,2,00,2,8,15,200800057322B01,7,2,1
200800057332,2008-10-19,2008,octobre,dimanche,11:30,13,13117,0,0,2,1,6,1,1,4,2,02,1,1,000,060,1,0,1,3,1,11,5,1,9,00,2,1,19,200800057332B01,7,1,1
200800057353,2008-10-15,2008,octobre,mercredi,80:0,14,14118,0,0,2,1,1,1,1,4,1,02,1,1,000,074,1,0,1,4,2,55,1,1,9,00,0,6,1,200800057353B01,7,1,1
200800057354,2008-10-17,2008,octobre,vendredi,82:0,14,14118,0,0,2,1,2,1,1,4,2,02,1,1,000,060,1,0,1,4,1,13,2,1,9,00,2,4,2,200800057354B01,7,2,1
200800057357,2008-10-23,2008,octobre,jeudi,12:15,14,14118,0,0,2,1,6,1,1,4,1,01,1,1,000,029,1,0,4,1,2,22,5,1,9,00,1,1,1,200800057357A01,,,
200800057362,2008-10-26,2008,octobre,dimanche,19:10,14,14118,0,0,2,1,6,3,3,5,-1,00,1,-1,000,020,2,3,0,4,2,63,0,0,0,00,1,1,1,200800057362A01,,,
200800057375,2008-10-02,2008,octobre,jeudi,16:35,17,17299,0,0,2,6,3,1,1,4,2,02,1,1,000,070,1,5,1,4,2,13,2,1,9,00,2,8,1,200800057375B01,7,2,1
200800057377,2008-10-10,2008,octobre,vendredi,12:45,17,17299,0,0,2,3,3,1,1,4,2,02,1,1,000,117,1,5,1,4,1,18,1,1,2,00,2,1,1,200800057377B01,7,19,1
200800057378,2008-10-10,2008,octobre,vendredi,17:10,17,17299,0,0,2,6,3,1,1,4,2,02,1,1,000,080,1,5,1,4,2,65,5,1,2,00,2,1,1,200800057378B01,7,16,1
200800057386,2008-10-01,2008,octobre,mercredi,85:3,17,17300,0,0,2,1,3,1,1,9,2,01,1,-1,000,000,1,0,5,4,2,19,0,1,2,00,2,8,1,200800057386A01,7,16,1
200800057400,2008-10-08,2008,octobre,mercredi,14:05,17,17300,0,0,2,1,1,1,1,4,2,02,1,1,000,000,1,0,1,4,1,20,9,1,2,00,2,3,21,200800057400B01,34,17,1
200800057409,2008-10-17,2008,octobre,vendredi,16:25,17,17300,0,0,2,2,3,1,1,4,2,02,1,1,000,000,1,0,1,4,1,14,2,1,2,00,2,7,1,200800057409A01,7,1,1
200800057413,2008-10-06,2008,octobre,lundi,10:24,17,17461,0,0,2,1,6,1,1,4,2,02,1,1,000,000,1,0,1,4,1,27,5,1,2,00,2,1,1,200800057413B01,7,15,1
200800057416,2008-10-15,2008,octobre,mercredi,15:15,17,17306,0,0,2,3,3,1,1,4,2,02,2,1,000,000,1,0,1,4,1,13,5,1,2,00,1,1,1,200800057416A01,7,1,1
200800057427,2008-10-12,2008,octobre,dimanche,19:16,17,17415,0,0,1,2,3,1,1,4,2,02,1,1,000,000,1,0,1,4,1,14,0,1,4,00,2,1,15,200800057427B01,7,1,1
200800057462,2008-10-27,2008,octobre,lundi,17:38,18,18279,0,0,2,3,3,2,2,4,2,01,1,1,000,000,9,0,1,2,2,52,3,0,0,14,2,9,9,200800057462B01,7,1,1
200800057467,2008-10-10,2008,octobre,vendredi,18:30,19,19031,45.17039,4.5125,2,1,6,1,1,4,2,00,1,3,000,000,1,0,1,3,1,5,5,1,2,00,2,0,0,200800057467B01,7,1,1
200800057488,2008-10-26,2008,octobre,dimanche,18:00,21,21054,0,0,2,1,3,5,1,4,2,02,1,1,000,000,1,0,5,1,1,21,0,1,9,00,2,0,0,200800057488A01,1,1,1
200800057488,2008-10-26,2008,octobre,dimanche,18:00,21,21054,0,0,2,1,3,5,1,4,2,02,1,1,000,000,1,0,5,3,2,39,0,1,9,00,2,0,1,200800057488B01,1,0,1
200800057490,2008-10-02,2008,octobre,jeudi,18:15,21,21617,0,0,2,1,3,1,1,4,2,02,1,1,000,120,1,0,1,4,1,13,2,1,9,00,2,5,15,200800057490B01,7,1,1
200800057499,2008-10-10,2008,octobre,vendredi,17:15,21,21231,0,0,2,2,3,1,1,4,2,04,1,1,000,128,1,0,1,4,2,20,5,1,9,00,2,1,0,200800057499A01,7,1,1
200800057500,2008-10-13,2008,octobre,lundi,13:52,21,21231,0,0,2,3,3,1,1,4,2,02,2,1,000,057,1,0,0,3,1,16,2,1,9,00,2,1,15,200800057500B01,7,1,1
200800057515,2008-10-29,2008,octobre,mercredi,13:15,21,21231,0,0,2,1,2,1,1,4,2,02,1,1,000,080,1,0,1,4,2,48,1,1,9,00,2,4,2,200800057515B01,2,2,1
200800057521,2008-10-19,2008,octobre,dimanche,10:30,22,22050,0,0,2,1,1,1,7,4,2,02,1,1,000,084,1,5,1,3,1,76,5,1,2,00,2,8,1,200800057521B01,7,1,1
200800057525,2008-10-04,2008,octobre,samedi,15:45,22,22360,0,0,1,1,7,1,6,4,2,00,2,1,000,045,1,0,1,1,1,8,5,1,2,00,2,1,1,200800057525A01,1,1,1
200800057525,2008-10-04,2008,octobre,samedi,15:45,22,22360,0,0,1,1,7,1,6,4,2,00,2,1,000,045,1,0,1,4,1,8,5,1,2,00,2,0,1,200800057525B01,1,1,1
200800057531,2008-10-13,2008,octobre,lundi,18:10,22,22278,0,0,1,1,7,1,1,6,2,00,1,1,000,000,1,0,1,3,1,23,5,1,9,00,0,0,1,200800057531A01,,,
200800057553,2008-10-09,2008,octobre,jeudi,73:6,24,24053,0,0,2,1,3,2,1,4,2,01,1,1,000,059,1,0,1,3,1,29,1,0,0,00,2,1,1,200800057553B01,7,15,1
200800057569,2008-10-08,2008,octobre,mercredi,12:37,25,25056,0,0,2,1,3,1,2,4,1,02,1,1,000,000,2,0,1,4,2,47,1,1,9,00,2,8,1,200800057569B01,15,12,1
200800057594,2008-10-19,2008,octobre,dimanche,93:0,25,25388,0,0,2,4,1,1,1,4,1,01,4,3,000,100,1,0,1,3,1,45,5,1,2,06,2,1,5,200800057594A01,10,15,1
200800057603,2008-10-20,2008,octobre,lundi,17:45,26,26281,0,0,2,2,3,1,1,4,2,02,2,1,000,050,1,0,1,3,2,16,2,1,2,00,2,1,9,200800057603A01,7,1,1
200800057614,2008-10-27,2008,octobre,lundi,12:16,26,26362,0,0,2,1,2,1,1,4,2,02,2,1,000,071,1,0,1,4,1,15,5,1,2,00,2,4,1,200800057614A01,7,0,1
200800057636,2008-10-14,2008,octobre,mardi,10:45,27,27681,0,0,2,1,6,1,1,4,2,06,1,1,000,177,1,0,5,3,2,78,5,1,2,00,2,1,1,200800057636A01,7,9,1
200800057651,2008-10-23,2008,octobre,jeudi,72:0,28,28085,0,0,2,3,3,5,1,4,2,02,2,1,000,070,1,0,1,4,1,14,0,1,9,00,2,0,0,200800057651A01,7,0,1
200800057686,2008-10-09,2008,octobre,jeudi,12:30,29,29254,0,0,2,1,3,1,7,4,1,02,1,1,010,085,1,2,1,4,1,34,5,1,2,00,2,4,1,200800057686B01,10,1,1
200800057693,2008-10-06,2008,octobre,lundi,17:16,30,30007,0,0,2,1,6,1,1,4,2,02,1,3,000,076,1,0,1,4,1,54,0,1,9,00,2,0,1,200800057693B01,7,9,1
200800057766,2008-10-01,2008,octobre,mercredi,14:30,31,31555,0,0,2,1,2,1,1,4,2,01,2,2,000,040,1,2,1,3,1,74,5,1,2,00,2,4,0,200800057766B01,7,0,1
200800057808,2008-10-16,2008,octobre,jeudi,81:5,31,31555,0,0,2,1,3,1,1,4,2,03,4,1,000,090,1,0,1,4,2,20,2,1,2,00,2,2,19,200800057808A01,2,1,1
200800057811,2008-10-17,2008,octobre,vendredi,20:15,31,31555,0,0,2,1,3,5,1,4,2,02,1,1,000,092,1,0,1,3,2,39,5,1,2,00,2,0,1,200800057811B01,7,22,1
200800057815,2008-10-18,2008,octobre,samedi,18:36,31,31555,0,0,2,1,3,2,1,4,2,02,1,1,000,060,1,0,1,4,1,31,5,1,2,00,2,1,0,200800057815B01,7,0,1
200800057829,2008-10-19,2008,octobre,dimanche,19:10,31,31555,0,0,2,2,3,5,1,4,1,01,3,1,000,045,1,0,1,4,2,21,2,1,2,00,2,1,15,200800057829B01,7,1,1
200800057840,2008-10-27,2008,octobre,lundi,16:57,31,31555,0,0,2,1,1,1,2,4,2,00,1,1,000,000,2,0,5,4,1,52,1,1,9,00,2,1,0,200800057840B01,2,0,1
200800057851,2008-10-31,2008,octobre,vendredi,75:4,31,31555,0,0,2,1,2,1,1,4,2,02,1,1,000,060,1,0,1,4,1,25,0,1,4,01,0,1,2,200800057851B01,7,2,1
200800057854,2008-10-31,2008,octobre,vendredi,17:45,31,31555,0,0,2,1,1,5,1,4,1,01,1,1,000,040,1,0,1,4,1,50,4,1,2,00,2,1,0,200800057854B01,7,0,1
200800057857,2008-10-05,2008,octobre,dimanche,83:0,31,31557,0,0,2,6,2,1,1,4,2,01,1,2,140,060,1,0,1,4,1,65,5,1,2,00,2,4,1,200800057857B01,7,1,1
200800057870,2008-10-04,2008,octobre,samedi,21:30,33,33063,0,0,2,2,3,5,1,4,3,02,1,1,015,085,1,4,1,3,1,51,0,1,4,00,0,0,1,200800057870A01,40,1,1
200800057881,2008-10-09,2008,octobre,jeudi,54:5,33,33063,0,0,2,2,3,5,1,4,2,02,1,1,000,139,1,0,1,2,2,25,1,1,4,00,2,1,0,200800057881B01,14,16,1
200800057884,2008-10-03,2008,octobre,vendredi,13:35,33,33039,0,0,2,1,2,1,1,4,2,02,2,1,000,076,2,0,1,4,1,13,0,1,9,00,0,4,13,200800057884B01,30,17,1
200800057909,2008-10-15,2008,octobre,mercredi,17:30,33,33063,0,0,2,1,3,1,1,4,3,02,1,1,000,095,1,2,1,4,1,74,0,1,4,00,1,1,2,200800057909B01,7,17,1
200800057922,2008-10-17,2008,octobre,vendredi,16:30,33,33063,0,0,2,1,3,1,1,4,3,03,-1,1,000,000,-1,0,1,4,1,50,0,1,4,00,2,1,17,200800057922B01,7,23,1
200800057931,2008-10-21,2008,octobre,mardi,17:10,33,33063,0,0,2,3,3,1,2,4,3,04,1,1,000,000,2,4,1,4,2,40,1,1,4,00,0,7,1,200800057931B01,7,16,1
200800057945,2008-10-25,2008,octobre,samedi,17:20,33,33063,0,0,2,1,3,1,1,4,3,02,1,1,000,000,1,0,1,4,2,30,0,1,4,00,2,0,1,200800057945B01,7,14,1
200800057946,2008-10-23,2008,octobre,jeudi,74:5,33,33119,0,0,2,6,3,5,1,4,1,02,1,2,000,000,1,0,1,4,1,44,0,1,4,00,0,5,1,200800057946B01,7,1,1
200800057949,2008-10-21,2008,octobre,mardi,74:0,33,33249,0,0,2,1,6,5,1,4,3,03,2,1,013,234,1,0,1,3,1,43,0,1,4,00,1,1,1,200800057949A01,,,
200800057950,2008-10-17,2008,octobre,vendredi,13:10,33,33192,0,0,2,1,3,1,1,4,2,02,1,1,000,070,1,0,1,4,2,23,2,1,4,00,2,1,15,200800057950A01,7,1,1
200800057956,2008-10-23,2008,octobre,jeudi,11:25,33,33550,0,0,2,6,3,1,1,3,3,02,1,1,020,104,1,5,1,4,2,33,0,1,9,00,2,2,1,200800057956B01,10,9,1
200800057960,2008-10-23,2008,octobre,jeudi,12:20,33,33069,0,0,2,1,6,1,1,4,2,02,1,1,000,155,1,0,1,4,1,49,0,1,9,01,0,1,1,200800057960B01,7,22,1
200800058020,2008-10-03,2008,octobre,vendredi,12:30,34,34172,0,0,2,1,3,1,1,4,1,01,1,1,000,030,1,0,1,4,1,11,2,1,9,00,2,8,5,200800058020B01,7,1,1
200800058038,2008-10-15,2008,octobre,mercredi,15:40,34,34172,43.61864,3.89353,2,2,3,1,1,4,2,02,1,1,000,060,1,0,1,4,1,51,1,1,9,00,2,3,1,200800058038A01,33,1,1
200800058047,2008-10-19,2008,octobre,dimanche,82:0,34,34172,0,0,2,1,2,1,1,4,2,02,2,1,000,060,1,0,1,4,1,71,5,1,2,00,2,1,1,200800058047A01,7,1,1
200800058052,2008-10-21,2008,octobre,mardi,17:25,34,34172,0,0,2,1,2,1,8,4,2,03,1,1,010,090,1,0,1,4,2,19,5,1,9,00,0,4,1,200800058052B01,7,1,1
200800058082,2008-10-01,2008,octobre,mercredi,12:55,35,35238,0,0,2,2,2,1,8,4,-1,00,-1,-1,000,000,1,5,0,4,2,60,1,1,9,00,2,4,1,200800058082B01,7,15,1
200800058099,2008-10-08,2008,octobre,mercredi,74:0,35,35238,0,0,1,1,7,3,1,3,2,02,2,1,000,060,9,0,5,4,1,48,1,1,4,00,0,0,1,200800058099A01,,,
200800058100,2008-10-08,2008,octobre,mercredi,12:15,35,35238,0,0,2,1,3,1,1,4,1,01,1,1,000,000,1,0,1,4,2,41,5,1,9,01,0,1,1,200800058100B01,7,22,1
200800058101,2008-10-09,2008,octobre,jeudi,15:20,35,35238,0,0,2,1,2,1,1,4,2,02,1,1,000,060,1,0,5,3,1,45,1,1,2,00,2,1,1,200800058101B01,7,14,1
200800058113,2008-10-14,2008,octobre,mardi,13:50,35,35238,0,0,2,1,6,1,8,4,-1,01,1,1,000,000,1,0,5,4,1,25,0,1,2,00,1,0,17,200800058113A01,,,
200800058113,2008-10-14,2008,octobre,mardi,13:50,35,35238,0,0,2,1,6,1,8,4,-1,01,1,1,000,000,1,0,5,4,1,68,0,0,0,00,1,0,17,200800058113A01,,,
200800058117,2008-10-16,2008,octobre,jeudi,12:50,35,35238,0,0,2,6,6,1,1,4,-1,00,-1,-1,000,000,-1,0,0,4,1,22,0,1,9,00,2,0,0,200800058117A01,,,
200800058130,2008-10-24,2008,octobre,vendredi,12:25,35,35055,0,0,2,6,3,1,2,4,2,02,4,-1,000,000,2,5,1,3,2,43,1,1,2,00,2,1,1,200800058130B01,10,9,1
200800058139,2008-10-29,2008,octobre,mercredi,18:55,35,35238,0,0,2,5,6,5,1,4,-1,00,1,-1,000,000,1,5,0,1,2,26,5,1,2,00,2,1,1,200800058139B01,2,1,1
200800058142,2008-10-08,2008,octobre,mercredi,17:20,35,35288,0,0,2,1,3,1,1,4,2,02,1,1,000,000,1,0,1,4,1,52,5,1,2,00,2,1,1,200800058142B01,7,15,1
200800058166,2008-10-11,2008,octobre,samedi,15:25,37,37261,0,0,2,1,3,1,1,4,2,02,1,1,000,090,1,0,0,3,1,26,0,1,9,00,2,8,1,200800058166B01,37,1,1
200800058169,2008-10-09,2008,octobre,jeudi,17:45,37,37261,0,0,2,1,7,1,1,4,1,01,1,1,000,000,1,0,4,1,1,56,5,1,9,00,0,0,1,200800058169A01,,,
200800058172,2008-10-01,2008,octobre,mercredi,17:35,38,38185,0,0,2,1,3,1,1,4,2,02,1,1,000,070,1,0,1,4,1,29,0,1,2,00,2,1,1,200800058172B01,7,15,1
200800058180,2008-10-11,2008,octobre,samedi,15:10,38,38169,0,0,2,1,1,1,1,4,1,01,1,1,000,036,1,0,1,4,1,14,0,1,9,00,2,1,1,200800058180B01,30,5,1
200800058181,2008-10-13,2008,octobre,lundi,91:0,38,38185,0,0,2,1,3,1,8,4,2,02,1,1,000,080,2,0,5,4,2,24,0,1,9,00,2,7,1,200800058181B01,7,15,1
200800058203,2008-10-08,2008,octobre,mercredi,10:00,40,40088,0,0,2,1,2,1,2,4,2,02,1,1,000,080,1,0,1,4,2,34,5,1,9,00,2,1,1,200800058203B01,7,22,1
200800058222,2008-10-08,2008,octobre,mercredi,17:45,41,41269,0,0,2,1,2,1,1,4,2,02,1,2,013,065,1,0,1,4,1,49,1,1,2,00,2,4,23,200800058222B01,7,1,1
200800058234,2008-10-03,2008,octobre,vendredi,12:20,42,42187,0,0,2,1,3,1,1,3,1,01,1,1,000,058,1,0,1,4,1,34,4,1,9,01,0,2,1,200800058234B01,7,22,1
200800058240,2008-10-09,2008,octobre,jeudi,15:15,42,42187,0,0,2,3,3,1,1,4,2,02,1,1,000,064,1,0,1,4,1,81,5,1,9,00,2,3,15,200800058240B01,7,1,1
200800058242,2008-10-17,2008,octobre,vendredi,12:17,42,42127,0,0,2,3,2,1,1,3,2,02,1,1,000,032,1,0,1,2,1,14,1,1,9,00,2,8,15,200800058242B01,34,17,1
200800058270,2008-10-12,2008,octobre,dimanche,16:27,42,42218,0,0,2,1,2,1,1,4,2,02,2,1,000,060,1,0,1,4,2,35,5,1,2,00,0,8,1,200800058270B01,7,17,1
200800058273,2008-10-14,2008,octobre,mardi,17:00,42,42218,0,0,2,2,2,1,1,4,1,01,1,1,000,030,1,1,1,4,2,23,2,1,2,00,2,1,15,200800058273B01,7,4,1
200800058284,2008-10-26,2008,octobre,dimanche,10:40,42,42218,0,0,2,2,3,1,1,4,2,02,1,1,000,085,1,5,1,4,1,73,5,1,2,00,2,1,21,200800058284B01,7,15,1
200800058297,2008-10-28,2008,octobre,mardi,17:40,44,44135,0,0,2,1,3,1,1,4,2,02,1,1,000,060,1,0,1,4,2,87,0,1,2,00,2,8,2,200800058297B01,7,2,1
200800058302,2008-10-02,2008,octobre,jeudi,17:20,44,44109,0,0,2,1,6,1,1,4,2,02,1,1,000,000,1,0,1,3,2,33,1,1,2,01,0,1,1,200800058302B01,7,24,1
200800058308,2008-10-05,2008,octobre,dimanche,13:5,44,44143,0,0,2,1,5,5,1,4,2,02,2,1,000,000,1,0,1,4,1,17,5,1,4,00,2,1,1,200800058308B01,7,5,1
200800058308,2008-10-05,2008,octobre,dimanche,13:5,44,44143,0,0,2,1,5,5,1,4,2,02,2,1,000,000,1,0,1,4,1,17,5,1,4,00,2,1,1,200800058308C01,7,5,1
200800058317,2008-10-08,2008,octobre,mercredi,15:35,44,44143,0,0,2,1,6,1,1,5,3,04,1,1,000,000,1,0,1,4,1,32,3,1,4,00,2,7,19,200800058317A01,7,1,1
200800058319,2008-10-04,2008,octobre,samedi,21:00,44,44109,0,0,2,1,1,5,1,4,2,02,2,1,000,000,1,0,1,4,1,42,0,1,9,00,2,1,1,200800058319B01,7,5,1
200800058321,2008-10-13,2008,octobre,lundi,81:5,44,44109,0,0,2,6,3,2,1,3,-1,00,-1,-1,000,000,-1,0,0,3,2,20,0,1,9,00,2,0,15,200800058321B01,7,0,1
200800058326,2008-10-17,2008,octobre,vendredi,17:25,44,44114,0,0,2,1,3,1,1,9,2,02,2,3,000,094,1,0,0,3,1,32,0,1,9,00,2,7,1,200800058326B01,7,6,1
200800058334,2008-10-22,2008,octobre,mercredi,74:5,44,44109,0,0,2,1,3,5,1,4,2,02,1,1,410,165,1,4,1,4,1,15,2,1,9,00,2,1,1,200800058334B01,7,16,1
200800058345,2008-10-28,2008,octobre,mardi,95:5,44,44143,0,0,2,1,6,1,1,4,3,04,1,1,000,000,1,0,1,4,2,71,5,1,9,01,0,1,1,200800058345B01,7,24,1
200800058373,2008-10-09,2008,octobre,jeudi,40:0,45,45234,0,0,2,1,2,5,1,4,2,03,1,1,000,120,1,2,1,4,1,26,5,1,2,00,2,1,2,200800058373A01,7,23,1
200800058385,2008-10-22,2008,octobre,mercredi,15:40,45,45274,0,0,2,2,3,1,1,4,2,02,1,1,000,061,1,0,0,4,2,57,5,1,2,00,2,1,15,200800058385B01,7,1,1
200800058387,2008-10-23,2008,octobre,jeudi,14:20,45,45234,0,0,2,1,6,1,1,4,1,01,1,1,000,061,1,0,1,1,1,16,0,0,0,00,1,1,0,200800058387A01,,,
200800058402,2008-10-01,2008,octobre,mercredi,21:47,49,49007,0,0,2,1,3,2,1,4,1,02,1,1,000,080,1,0,1,4,1,17,5,1,9,00,2,1,1,200800058402B01,7,16,1
200800058421,2008-10-10,2008,octobre,vendredi,11:44,49,49007,0,0,2,1,6,1,1,4,2,02,1,-1,000,079,1,0,1,4,1,74,5,1,9,01,0,1,1,200800058421B01,7,22,1
200800058423,2008-10-10,2008,octobre,vendredi,85:5,49,49007,0,0,2,1,3,1,1,4,2,02,1,1,024,092,1,5,1,4,2,26,4,1,9,00,2,1,1,200800058423B01,7,12,1
200800058436,2008-10-21,2008,octobre,mardi,75:8,49,49007,0,0,2,1,6,2,2,4,-1,02,-1,-1,000,000,2,0,0,4,1,26,1,1,4,00,0,0,0,200800058436A01,,,
200800058443,2008-10-27,2008,octobre,lundi,16:04,49,49353,0,0,2,1,3,1,1,4,-1,02,-1,-1,000,000,1,0,1,4,1,23,0,1,4,00,2,1,14,200800058443A01,37,1,1
200800058447,2008-10-29,2008,octobre,mercredi,81:4,49,49007,0,0,2,6,3,1,1,4,2,00,1,1,000,060,1,5,0,4,2,21,0,1,9,00,2,7,1,200800058447B01,7,9,1
200800058450,2008-10-23,2008,octobre,jeudi,73:8,49,49246,0,0,2,1,3,5,1,4,-1,02,-1,-1,000,110,1,0,1,4,1,12,2,1,4,00,2,7,15,200800058450B01,30,1,1
200800058454,2008-10-31,2008,octobre,vendredi,19:07,49,49007,0,0,2,1,7,5,1,4,2,00,1,-1,000,060,2,0,1,4,1,29,0,1,9,00,0,0,1,200800058454A01,,,
200800058459,2008-10-09,2008,octobre,jeudi,73:0,49,49099,0,0,2,1,6,1,1,4,2,02,1,1,000,000,1,0,4,3,1,47,1,1,9,00,1,1,5,200800058459A01,,,
200800058475,2008-10-02,2008,octobre,jeudi,16:25,50,50129,0,0,2,3,2,1,1,4,1,02,1,1,000,068,1,0,0,4,1,35,1,1,2,00,2,1,2,200800058475A01,7,1,1
200800058499,2008-10-26,2008,octobre,dimanche,19:02,51,51525,0,0,1,1,2,3,1,3,2,02,1,1,030,064,1,0,1,2,1,48,5,1,4,00,2,4,2,200800058499B01,2,2,1
200800058505,2008-10-08,2008,octobre,mercredi,19:30,51,51454,0,0,2,3,3,5,1,3,1,02,3,1,000,000,1,5,1,3,1,11,5,1,9,00,2,1,1,200800058505A01,7,1,1
200800058509,2008-10-26,2008,octobre,dimanche,11:10,51,51172,0,0,2,2,3,1,1,4,1,01,1,2,200,100,1,5,1,4,1,76,5,1,2,00,2,1,16,200800058509B01,7,9,1
200800058523,2008-10-06,2008,octobre,lundi,70:0,52,52448,0,0,2,1,1,5,1,4,2,01,1,1,000,000,-1,0,1,4,1,10,1,1,2,00,0,1,1,200800058523A01,7,12,1
200800058531,2008-10-17,2008,octobre,vendredi,16:40,53,53130,0,0,2,2,3,1,1,4,2,04,1,1,000,000,1,5,1,4,1,53,0,1,2,00,2,1,15,200800058531A01,7,1,1
200800058536,2008-10-27,2008,octobre,lundi,15:40,54,54159,0,0,2,1,3,1,2,3,1,00,4,1,055,030,2,0,3,4,1,82,3,1,9,00,2,8,2,200800058536A01,10,2,1
200800058538,2008-10-01,2008,octobre,mercredi,19:45,54,54547,0,0,2,1,3,5,1,4,2,02,1,1,000,000,1,0,1,4,1,11,5,1,2,00,2,2,19,200800058538B01,7,1,1
200800058541,2008-10-03,2008,octobre,vendredi,16:00,54,54395,0,0,2,1,2,1,1,4,1,02,1,1,000,030,1,0,1,4,1,25,5,1,9,00,2,4,1,200800058541B01,2,1,1
200800058559,2008-10-25,2008,octobre,samedi,15:00,54,54395,0,0,2,1,3,1,1,4,1,02,1,1,000,092,1,0,1,3,1,35,5,1,2,00,2,7,1,200800058559B01,7,11,1