Num_Acc,date,an,mois,jour,hrmn,dep,com,lat,long,agg,int,col,lum,atm,catr,circ,nbv,prof,plan,lartpc,larrout,surf,infra,situ,grav,sexe,age,trajet,secuexist,equipement,obs,obsm,choc,manv,vehiculeid,typevehicules,manoeuvehicules,numVehicules
200800058583,2008-10-04,2008,octobre,samedi,12:55,55,55545,0,0,2,1,3,1,1,4,1,02,1,1,000,080,1,0,1,4,1,22,5,1,2,00,2,8,19,200800058583A01,7,1,1
200800058605,2008-10-16,2008,octobre,jeudi,80:5,56,56098,0,0,2,1,7,1,8,9,2,02,1,1,000,000,2,0,1,4,2,7,2,1,9,00,0,0,1,200800058605A01,,,
200800058608,2008-10-21,2008,octobre,mardi,15:08,56,56098,0,0,2,2,6,1,1,9,2,02,1,1,000,000,1,0,1,4,1,12,5,1,9,00,2,1,1,200800058608A01,7,1,1
200800058608,2008-10-21,2008,octobre,mardi,15:08,56,56098,0,0,2,2,6,1,1,9,2,02,1,1,000,000,1,0,1,1,1,11,5,1,9,00,2,1,1,200800058608B01,7,1,1
200800058609,2008-10-22,2008,octobre,mercredi,17:31,56,56098,0,0,2,6,3,1,1,9,2,02,1,1,000,000,-1,0,0,4,2,59,5,1,9,00,2,1,1,200800058609B01,7,1,1
200800058611,2008-10-25,2008,octobre,samedi,14:20,56,56098,0,0,2,1,7,1,1,9,-1,00,1,1,000,000,1,0,1,4,1,10,5,1,9,00,0,0,1,200800058611A01,,,
200800058630,2008-10-18,2008,octobre,samedi,11:43,56,56260,0,0,2,6,6,1,1,4,2,02,1,1,000,000,1,0,1,4,2,13,5,1,2,00,2,0,0,200800058630B01,2,0,1
200800058646,2008-10-15,2008,octobre,mercredi,14:15,57,57591,0,0,2,1,3,1,2,4,2,02,1,2,000,060,2,0,1,4,1,11,5,1,2,00,2,2,14,200800058646B01,7,1,1
200800058648,2008-10-22,2008,octobre,mercredi,17:30,57,57253,0,0,2,1,7,1,1,4,2,02,1,1,000,052,1,0,4,4,1,10,5,1,2,00,0,0,1,200800058648B01,7,0,1
200800058668,2008-10-18,2008,octobre,samedi,95:0,57,57630,0,0,2,3,3,1,1,4,1,01,1,1,000,035,1,0,0,3,2,48,5,1,2,00,2,7,1,200800058668B01,7,15,1
200800058670,2008-10-09,2008,octobre,jeudi,74:0,57,57672,0,0,2,1,3,2,1,4,3,04,1,1,000,000,1,0,4,4,2,44,4,1,9,00,2,8,1,200800058670B01,7,20,1
200800058676,2008-10-17,2008,octobre,vendredi,17:05,57,57757,0,0,2,1,3,1,1,3,2,02,1,1,000,110,1,0,1,4,1,50,5,1,2,00,2,8,15,200800058676B01,2,17,1
200800058688,2008-10-31,2008,octobre,vendredi,18:50,57,57306,0,0,2,3,3,5,1,3,2,02,1,1,000,107,1,0,1,4,1,25,0,1,9,00,2,1,1,200800058688B01,7,9,1
200800058692,2008-10-04,2008,octobre,samedi,18:10,58,58194,0,0,2,1,2,1,1,4,2,02,1,1,000,000,1,0,1,3,1,44,0,1,9,00,0,4,23,200800058692B01,7,0,1
200800058698,2008-10-29,2008,octobre,mercredi,18:45,59,59008,0,0,2,1,1,5,1,3,2,01,1,1,000,070,1,0,1,4,2,10,5,1,9,00,2,8,19,200800058698B01,7,1,1
200800058700,2008-10-21,2008,octobre,mardi,16:30,59,59017,0,0,2,1,3,1,1,4,2,02,1,1,000,060,1,0,1,4,2,48,0,1,9,01,0,1,1,200800058700B01,7,1,1
200800058710,2008-10-22,2008,octobre,mercredi,16:00,59,59122,0,0,2,1,2,1,3,2,2,02,4,1,000,090,2,0,1,3,1,59,5,1,9,00,0,6,19,200800058710B01,7,17,1
200800058724,2008-10-19,2008,octobre,dimanche,71:5,59,59271,0,0,2,9,3,5,1,3,3,03,1,-1,000,074,1,5,0,2,1,12,5,1,4,00,2,1,1,200800058724B01,7,1,1
200800058726,2008-10-22,2008,octobre,mercredi,13:40,59,59183,0,0,2,2,3,1,1,4,2,02,1,1,000,000,1,0,1,4,1,18,5,1,2,00,2,0,1,200800058726A01,7,1,1
200800058739,2008-10-05,2008,octobre,dimanche,17:10,59,59350,0,0,2,3,6,1,1,4,1,05,1,1,000,160,1,0,1,4,2,20,0,1,4,00,2,1,1,200800058739B01,37,7,1
200800058742,2008-10-08,2008,octobre,mercredi,73:5,59,59368,0,0,2,3,3,2,1,4,2,02,1,1,000,000,1,0,0,4,2,11,2,1,4,00,2,5,15,200800058742B01,7,1,1
200800058750,2008-10-10,2008,octobre,vendredi,13:00,59,59527,0,0,2,4,6,1,1,4,2,02,1,2,000,279,1,0,1,4,1,82,0,1,9,00,2,1,2,200800058750B01,7,15,1
200800058762,2008-10-11,2008,octobre,samedi,75:0,59,59350,0,0,2,1,6,2,1,4,1,03,1,1,000,000,1,0,1,3,1,37,5,1,2,00,2,6,11,200800058762B01,30,1,1
200800058779,2008-10-18,2008,octobre,samedi,14:50,59,59220,0,0,2,1,6,1,1,4,2,00,1,2,000,050,1,0,1,4,1,19,5,1,2,00,2,1,1,200800058779B01,7,13,1
200800058780,2008-10-18,2008,octobre,samedi,18:00,59,59378,0,0,2,1,6,1,1,4,1,01,1,1,000,032,1,0,1,4,1,13,5,1,2,01,2,3,19,200800058780A01,7,1,1
200800058784,2008-10-20,2008,octobre,lundi,92:5,59,59350,0,0,2,9,3,1,1,4,2,02,1,1,000,075,1,0,1,4,1,43,1,1,9,00,2,1,1,200800058784B01,7,1,1
200800058793,2008-10-21,2008,octobre,mardi,84:5,59,59350,0,0,2,1,3,1,1,4,2,02,1,1,000,000,1,0,1,3,1,25,1,1,4,00,2,1,1,200800058793B01,7,15,1
200800058799,2008-10-22,2008,octobre,mercredi,21:50,59,59009,0,0,2,1,6,5,1,3,2,02,1,1,000,000,1,0,1,4,1,28,1,1,4,00,2,1,1,200800058799B01,7,15,1
200800058804,2008-10-24,2008,octobre,vendredi,82:5,59,59350,0,0,2,1,6,1,1,4,2,02,1,1,000,000,1,0,1,1,1,30,1,1,2,00,1,1,1,200800058804A01,,,
200800058811,2008-10-26,2008,octobre,dimanche,22:5,59,59378,0,0,2,1,1,5,1,3,3,02,1,1,060,150,1,0,5,4,1,47,0,1,4,00,2,1,1,200800058811B01,2,1,1
200800058824,2008-10-30,2008,octobre,jeudi,17:45,59,59527,0,0,1,3,6,2,1,4,1,01,1,1,000,000,-1,0,1,4,2,44,0,1,9,00,2,1,5,200800058824A01,7,15,1
200800058828,2008-10-16,2008,octobre,jeudi,20:05,59,59009,0,0,2,1,6,5,1,4,2,02,1,2,000,000,1,0,1,4,1,13,5,1,4,00,2,7,19,200800058828B01,7,1,1
200800058850,2008-10-09,2008,octobre,jeudi,80:5,59,59367,0,0,2,3,2,1,1,4,2,02,1,1,000,000,1,0,1,3,1,14,2,1,2,14,2,0,23,200800058850B01,7,2,1
200800058857,2008-10-12,2008,octobre,dimanche,18:10,59,59163,0,0,2,2,3,1,1,4,2,02,1,1,000,000,1,0,1,3,1,37,9,1,2,00,2,0,1,200800058857B01,7,1,1
200800058912,2008-10-08,2008,octobre,mercredi,10:30,59,59491,0,0,2,1,6,1,1,4,2,02,1,1,000,070,1,0,5,3,1,75,0,1,9,01,0,1,1,200800058912B01,7,22,1
200800058940,2008-10-02,2008,octobre,jeudi,94:0,62,62041,0,0,2,2,3,1,1,3,2,02,1,1,000,700,2,5,1,3,1,45,1,1,9,00,2,7,1,200800058940B01,10,9,1
200800058952,2008-10-10,2008,octobre,vendredi,12:00,62,62108,0,0,2,6,3,1,1,3,1,01,1,2,000,090,1,0,1,3,2,48,5,1,4,00,0,1,2,200800058952A01,7,2,1
200800058974,2008-10-17,2008,octobre,vendredi,73:0,62,62637,0,0,2,3,1,2,1,4,2,02,1,1,000,072,1,0,1,4,1,35,1,1,4,00,2,1,15,200800058974A01,7,15,1
200800058980,2008-10-08,2008,octobre,mercredi,13:55,62,62321,0,0,2,3,3,1,1,4,2,02,1,1,000,000,1,0,1,3,1,69,5,1,4,00,2,1,15,200800058980B01,7,1,1
200800059010,2008-10-06,2008,octobre,lundi,74:2,62,62186,0,0,2,1,2,2,1,4,2,02,1,1,000,134,1,0,0,3,1,13,2,1,4,00,2,4,1,200800059010B01,7,0,1
200800059013,2008-10-15,2008,octobre,mercredi,14:00,62,62737,0,0,2,8,3,1,2,4,3,02,2,-1,000,078,2,0,1,3,2,6,5,1,2,00,2,5,19,200800059013B01,10,0,1
200800059026,2008-10-10,2008,octobre,vendredi,72:5,63,63113,0,0,2,1,3,2,1,4,-1,02,2,1,000,000,1,0,4,4,1,29,5,1,4,00,2,1,21,200800059026B01,7,20,1
200800059038,2008-10-16,2008,octobre,jeudi,75:0,63,63113,0,0,2,1,7,1,1,4,1,03,1,1,000,100,2,0,1,4,2,15,2,1,2,00,0,0,1,200800059038A01,,,
200800059053,2008-10-21,2008,octobre,mardi,18:40,63,63113,0,0,2,6,3,2,2,4,2,04,1,1,000,000,2,5,1,4,2,21,3,1,4,00,2,1,15,200800059053B01,7,0,1
200800059081,2008-10-01,2008,octobre,mercredi,17:30,64,64024,0,0,2,6,3,1,8,4,2,02,1,-1,040,050,1,5,0,3,2,20,5,1,9,00,2,7,1,200800059081B01,7,9,1
200800059094,2008-10-06,2008,octobre,lundi,84:0,64,64122,0,0,2,1,3,1,1,9,-1,00,1,1,000,000,1,0,4,4,1,13,3,1,2,00,2,1,1,200800059094A01,7,9,1
200800059115,2008-10-10,2008,octobre,vendredi,10:55,64,64445,0,0,2,2,3,1,1,4,2,02,1,1,000,100,1,0,1,2,2,70,5,1,9,00,2,1,1,200800059115B01,17,16,1
200800059128,2008-10-20,2008,octobre,lundi,17:00,64,64445,0,0,2,1,3,1,1,4,2,02,1,2,000,100,1,0,1,4,1,14,0,1,9,00,2,1,15,200800059128A01,7,15,1
200800059129,2008-10-21,2008,octobre,mardi,21:30,64,64445,0,0,2,9,3,5,1,9,3,02,1,1,100,100,-1,6,1,4,1,22,5,1,9,00,2,2,1,200800059129B01,7,1,1
200800059130,2008-10-22,2008,octobre,mercredi,90:0,64,64132,0,0,2,1,3,1,2,4,2,02,1,1,000,087,2,0,1,3,2,57,5,1,9,00,2,3,1,200800059130B01,7,13,1
200800059168,2008-10-10,2008,octobre,vendredi,15:05,65,65440,0,0,2,1,6,1,1,3,2,02,1,1,000,000,1,0,1,1,1,16,9,1,4,00,1,1,2,200800059168A01,,,
200800059170,2008-10-13,2008,octobre,lundi,74:0,65,65417,0,0,2,2,3,2,2,3,2,02,1,1,000,120,2,0,1,3,1,14,2,1,9,00,0,8,19,200800059170A01,7,1,1
200800059175,2008-10-16,2008,octobre,jeudi,19:15,65,65047,0,0,2,3,3,5,2,4,1,01,1,2,000,070,2,1,1,3,2,39,3,1,4,00,2,2,1,200800059175B01,7,16,1
200800059200,2008-10-03,2008,octobre,vendredi,18:00,67,67482,0,0,2,2,3,1,2,4,1,01,1,1,000,060,2,0,1,3,1,56,0,1,2,00,2,2,1,200800059200A01,7,1,1
200800059201,2008-10-04,2008,octobre,samedi,12:55,67,67482,0,0,2,1,6,1,1,4,2,02,1,1,015,065,1,0,1,4,2,34,4,1,2,01,2,0,1,200800059201B01,7,22,1
200800059207,2008-10-08,2008,octobre,mercredi,19:00,67,67447,0,0,2,2,3,5,2,4,2,02,1,-1,150,036,2,0,5,4,1,19,0,1,2,00,2,1,1,200800059207A01,7,15,1
200800059209,2008-10-08,2008,octobre,mercredi,22:00,67,67482,0,0,2,3,3,5,2,4,2,03,1,1,000,089,2,0,1,4,2,23,5,1,2,00,2,2,1,200800059209B01,7,15,1
200800059212,2008-10-09,2008,octobre,jeudi,16:20,67,67218,0,0,2,1,6,1,1,4,3,02,1,1,070,060,1,4,1,3,1,28,1,1,2,00,2,1,19,200800059212A01,7,1,1
200800059219,2008-10-13,2008,octobre,lundi,18:40,67,67447,0,0,2,1,1,2,1,4,2,02,1,1,000,050,1,0,1,4,1,34,0,1,2,00,2,1,19,200800059219A01,7,1,1
200800059222,2008-10-14,2008,octobre,mardi,80:0,67,67482,0,0,2,2,3,1,1,4,1,01,1,1,000,045,1,0,1,4,2,44,1,1,9,00,2,7,1,200800059222B01,7,1,1
200800059224,2008-10-14,2008,octobre,mardi,20:05,67,67482,0,0,2,5,6,5,1,4,-1,05,1,-1,020,130,1,0,1,4,1,31,0,1,9,00,2,1,1,200800059224B01,7,15,1
200800059225,2008-10-15,2008,octobre,mercredi,33:0,67,67482,0,0,2,3,3,5,1,4,2,03,1,1,000,100,1,0,1,4,1,16,5,1,4,00,2,1,15,200800059225A01,7,1,1
200800059233,2008-10-17,2008,octobre,vendredi,13:30,67,67482,0,0,2,3,3,1,1,4,2,02,1,1,000,086,1,0,1,4,1,12,2,1,2,00,2,8,1,200800059233A01,7,1,1
200800059240,2008-10-19,2008,octobre,dimanche,17:55,67,67482,0,0,2,3,3,1,1,4,4,03,1,1,000,100,1,0,1,4,1,32,5,1,9,00,2,0,1,200800059240B01,7,15,1
200800059244,2008-10-21,2008,octobre,mardi,20:00,67,67482,0,0,2,2,1,5,2,4,2,02,1,1,000,060,2,0,1,4,1,32,0,1,2,00,2,1,1,200800059244A01,7,15,1
200800059253,2008-10-28,2008,octobre,mardi,19:00,67,67482,0,0,2,2,3,5,2,4,3,02,1,1,020,030,1,0,1,4,1,18,5,1,4,00,2,2,19,200800059253B01,7,15,1
200800059260,2008-10-09,2008,octobre,jeudi,16:35,68,68066,0,0,2,1,3,1,1,4,2,02,1,1,000,078,1,0,1,4,1,11,2,1,2,00,2,1,1,200800059260B01,7,15,1
200800059262,2008-10-13,2008,octobre,lundi,17:07,68,68066,0,0,2,2,3,1,1,3,2,02,1,1,000,100,1,0,1,3,1,19,5,1,2,00,2,1,1,200800059262A01,7,1,1
200800059262,2008-10-13,2008,octobre,lundi,17:07,68,68066,0,0,2,2,3,1,1,3,2,02,1,1,000,100,1,0,1,4,1,19,0,1,2,00,2,1,1,200800059262A01,7,1,1
200800059271,2008-10-29,2008,octobre,mercredi,19:41,68,68066,0,0,2,9,3,5,2,3,3,03,1,1,000,100,2,0,1,3,2,24,5,1,4,00,2,1,1,200800059271B01,7,1,1
200800059277,2008-10-11,2008,octobre,samedi,18:54,68,68224,0,0,2,1,3,2,1,3,2,02,1,1,000,090,1,0,1,4,1,56,5,1,4,01,0,6,1,200800059277B01,7,0,1
200800059278,2008-10-06,2008,octobre,lundi,16:50,68,68271,0,0,2,2,3,1,1,4,2,02,1,1,000,072,2,5,1,3,1,12,2,1,9,00,2,7,21,200800059278A01,7,1,1
200800059283,2008-10-19,2008,octobre,dimanche,95:5,68,68224,0,0,2,6,2,1,1,4,2,02,1,1,000,000,1,0,0,3,1,27,1,1,9,00,2,4,2,200800059283B01,7,2,1
200800059338,2008-10-08,2008,octobre,mercredi,90:5,69,69266,0,0,2,6,3,1,2,4,2,02,1,1,000,000,2,0,1,4,1,68,9,1,9,00,2,1,1,200800059338B01,7,1,1
200800059358,2008-10-26,2008,octobre,dimanche,15:30,69,69290,0,0,2,6,6,1,1,4,2,02,1,1,000,000,1,0,1,3,1,42,5,1,9,00,2,0,15,200800059358A01,7,1,1
200800059383,2008-10-15,2008,octobre,mercredi,19:15,71,71486,0,0,1,1,3,3,1,3,2,02,1,1,000,077,1,0,1,3,1,44,1,1,4,00,0,4,1,200800059383B01,10,17,1
200800059417,2008-10-29,2008,octobre,mercredi,16:35,74,74010,0,0,2,1,6,1,2,4,2,02,1,1,000,098,1,0,1,3,1,80,9,1,9,00,0,1,1,200800059417B01,7,15,1
200800059434,2008-10-06,2008,octobre,lundi,18:45,76,76349,0,0,1,1,3,2,8,3,1,02,1,1,000,070,2,0,1,4,1,52,5,1,2,00,2,4,1,200800059434B01,7,9,1
200800059466,2008-10-10,2008,octobre,vendredi,14:10,76,76575,0,0,2,3,3,1,1,4,2,02,1,1,000,050,1,0,1,4,2,35,9,1,9,00,2,1,19,200800059466B01,7,15,1
200800059467,2008-10-10,2008,octobre,vendredi,16:15,76,76575,0,0,2,1,6,1,1,4,2,02,1,1,000,080,1,0,1,4,1,27,5,0,0,00,2,0,0,200800059467A01,,,
200800059515,2008-10-18,2008,octobre,samedi,12:45,77,77320,0,0,2,3,3,1,1,9,-1,00,1,1,000,050,-1,0,0,4,1,19,5,1,9,00,2,8,15,200800059515B01,33,17,1
200800059521,2008-10-03,2008,octobre,vendredi,25:,77,77186,0,0,1,1,2,3,1,3,3,02,1,1,072,072,1,0,1,3,1,38,0,1,4,00,0,0,1,200800059521B01,7,1,1
200800059550,2008-10-09,2008,octobre,jeudi,16:30,77,77053,0,0,2,9,3,1,1,3,2,02,1,1,000,000,1,0,0,4,1,42,1,1,2,00,2,1,12,200800059550B01,7,15,1
200800059558,2008-10-18,2008,octobre,samedi,82:5,77,77482,0,0,2,9,2,2,5,3,2,03,1,-1,000,000,1,0,1,4,2,21,1,1,4,00,2,8,15,200800059558B01,7,1,1
200800059588,2008-10-10,2008,octobre,vendredi,16:55,78,78297,0,0,2,1,6,1,1,4,-1,00,1,1,000,000,1,6,4,1,1,42,1,1,9,00,1,1,1,200800059588A01,,,
200800059591,2008-10-17,2008,octobre,vendredi,85:0,78,78423,0,0,2,3,3,1,1,4,3,03,1,1,000,000,1,6,1,4,1,23,0,1,9,00,2,1,19,200800059591B01,7,16,1
200800059599,2008-10-09,2008,octobre,jeudi,73:5,78,78311,0,0,2,1,3,2,1,4,1,01,1,1,000,053,2,0,1,4,2,34,1,1,4,01,0,1,1,200800059599B01,7,24,1
200800059618,2008-10-24,2008,octobre,vendredi,10:40,78,78361,0,0,2,2,6,1,2,2,3,04,1,1,000,208,2,0,1,4,1,69,5,1,9,00,0,8,16,200800059618B01,10,16,1
200800059619,2008-10-27,2008,octobre,lundi,16:40,78,78118,0,0,2,1,3,1,2,4,2,02,1,1,000,040,2,0,1,4,1,13,5,1,9,00,0,3,11,200800059619A01,7,17,1
200800059633,2008-10-12,2008,octobre,dimanche,11:50,78,78401,0,0,2,2,2,1,1,3,2,02,1,1,000,070,1,0,1,3,1,72,5,1,2,00,0,4,2,200800059633B01,7,2,1
200800059652,2008-10-13,2008,octobre,lundi,15:55,78,78490,0,0,2,1,7,1,1,4,1,01,1,2,000,050,9,0,1,1,1,15,5,1,2,00,1,1,15,200800059652A01,,,
200800059688,2008-10-17,2008,octobre,vendredi,13:50,78,78621,0,0,2,1,1,1,1,3,2,02,1,1,025,085,1,0,1,3,1,62,5,1,2,00,2,0,0,200800059688B01,7,0,1
200800059694,2008-10-01,2008,octobre,mercredi,90:0,78,78646,0,0,2,1,3,1,1,4,2,02,1,1,000,000,1,0,1,4,1,12,2,1,9,00,2,8,15,200800059694B01,32,2,1
200800059696,2008-10-13,2008,octobre,lundi,17:05,78,78646,0,0,2,4,3,1,1,4,2,01,1,1,000,000,1,0,1,3,1,17,2,1,2,00,2,8,19,200800059696B01,7,1,1
200800059697,2008-10-09,2008,octobre,jeudi,19:25,78,78646,0,0,2,1,6,2,1,3,2,05,1,1,000,180,1,0,4,1,2,15,2,1,2,00,1,1,1,200800059697A01,,,
200800059704,2008-10-03,2008,octobre,vendredi,92:5,78,78650,0,0,2,6,3,1,1,3,3,04,1,1,014,120,2,0,1,4,2,16,2,1,2,00,0,1,19,200800059704B01,7,1,1
200800059710,2008-10-20,2008,octobre,lundi,72:0,79,79191,0,0,2,4,3,5,1,3,2,02,1,1,000,060,1,0,1,3,2,29,1,1,4,00,2,1,1,200800059710B01,7,15,1
200800059727,2008-10-06,2008,octobre,lundi,14:00,80,80021,0,0,2,3,3,1,1,4,2,02,1,1,000,000,1,0,1,4,2,20,0,1,2,00,2,1,1,200800059727B01,7,15,1
200800059730,2008-10-11,2008,octobre,samedi,18:05,80,80021,0,0,2,1,5,2,1,4,2,03,1,1,000,000,1,0,1,4,1,27,0,1,9,00,2,0,19,200800059730B01,33/ 7,21/23,2
200800059740,2008-10-14,2008,octobre,mardi,19:10,80,80021,0,0,2,1,3,5,1,4,2,02,1,1,000,100,1,0,1,4,1,22,0,1,2,00,2,1,0,200800059740B01,7,0,1
200800059746,2008-10-17,2008,octobre,vendredi,85:0,80,80021,0,0,2,2,3,1,1,4,2,02,1,1,000,000,1,0,1,4,1,18,2,1,9,00,2,1,19,200800059746A01,7,1,1
200800059752,2008-10-26,2008,octobre,dimanche,13:20,80,80021,0,0,2,1,7,1,1,4,2,02,1,1,000,000,1,0,1,4,1,12,5,1,4,01,0,0,0,200800059752A01,,,
200800059770,2008-10-10,2008,octobre,vendredi,19:40,82,82121,0,0,2,3,3,1,1,4,2,02,1,1,000,000,1,0,1,4,1,11,0,1,9,00,2,3,15,200800059770B01,34,1,1
200800059775,2008-10-31,2008,octobre,vendredi,13:40,82,82121,0,0,2,2,3,1,1,4,2,02,1,1,000,000,1,0,0,3,2,22,0,1,9,00,2,8,17,200800059775B01,7,1,1
200800059785,2008-10-30,2008,octobre,jeudi,11:35,83,83050,0,0,2,1,2,1,1,4,3,04,1,3,000,065,1,0,1,3,1,17,5,1,2,01,0,1,13,200800059785A01,7,23,1
200800059788,2008-10-20,2008,octobre,lundi,85:0,83,83061,0,0,2,1,3,1,1,4,3,02,1,-1,000,070,1,0,5,3,2,62,1,1,9,00,2,5,19,200800059788A01,7,1,1
200800059796,2008-10-21,2008,octobre,mardi,14:00,83,83129,0,0,1,3,3,1,1,4,2,02,2,1,000,067,1,0,1,4,1,15,2,1,9,00,2,1,19,200800059796A01,7,1,1
200800059825,2008-10-10,2008,octobre,vendredi,20:10,83,83137,0,0,2,1,2,5,1,4,2,04,1,1,000,038,1,0,1,4,1,37,0,1,9,00,2,1,2,200800059825B01,7,1,1
200800059865,2008-10-12,2008,octobre,dimanche,17:10,84,84035,0,0,2,1,3,1,1,4,-1,01,1,1,000,050,1,6,4,3,1,9,5,1,4,00,2,8,1,200800059865B01,31,1,1
200800059878,2008-10-13,2008,octobre,lundi,74:5,85,85194,0,0,2,6,3,4,5,3,2,02,1,1,000,000,1,5,1,3,1,12,2,1,9,00,2,7,19,200800059878B01,7,9,1
200800059883,2008-10-18,2008,octobre,samedi,16:00,86,86066,0,0,2,3,6,1,1,4,1,01,1,1,000,055,9,0,4,3,1,8,5,1,2,01,0,1,14,200800059883A01,,,
200800059904,2008-10-29,2008,octobre,mercredi,16:10,86,86194,0,0,2,1,6,1,1,4,3,02,1,1,000,000,-1,0,1,4,1,66,5,1,9,00,2,1,1,200800059904B01,7,22,1
200800059927,2008-10-08,2008,octobre,mercredi,18:19,87,87085,0,0,2,2,3,1,1,4,2,02,-1,1,000,060,1,0,1,3,1,16,5,1,2,00,2,1,1,200800059927A01,7,1,1
200800059927,2008-10-08,2008,octobre,mercredi,18:19,87,87085,0,0,2,2,3,1,1,4,2,02,-1,1,000,060,1,0,1,4,1,13,0,1,2,00,2,1,1,200800059927A01,7,1,1
200800059929,2008-10-09,2008,octobre,jeudi,55:0,87,87085,0,0,2,1,6,5,1,4,1,01,-1,1,000,030,1,0,1,4,1,40,1,1,2,00,0,0,1,200800059929A01,,,
200800059977,2008-10-23,2008,octobre,jeudi,12:15,88,88160,48.20364,6.45824,2,6,5,1,1,4,2,02,2,4,000,085,1,5,1,3,2,42,5,1,9,00,2,1,1,200800059977B01,7,9,1
200800059977,2008-10-23,2008,octobre,jeudi,12:15,88,88160,48.20364,6.45824,2,6,5,1,1,4,2,02,2,4,000,085,1,5,1,3,1,35,5,1,9,00,2,1,1,200800059977C01,7,9,1
200800059990,2008-10-07,2008,octobre,mardi,10:21,90,90010,0,0,2,1,7,1,1,4,2,02,2,1,000,060,2,0,1,4,1,77,5,1,9,00,0,0,1,200800059990A01,,,
200800059991,2008-10-08,2008,octobre,mercredi,11:45,90,90010,0,0,2,3,3,1,1,4,2,02,-1,1,000,000,1,0,1,4,1,18,1,1,2,00,2,1,1,200800059991A01,7,0,1
200800059993,2008-10-09,2008,octobre,jeudi,81:0,90,90010,0,0,2,1,2,1,2,4,1,01,1,1,000,000,2,0,1,4,2,22,1,1,2,00,0,4,0,200800059993B01,7,0,1
200800059995,2008-10-11,2008,octobre,samedi,16:25,90,90010,0,0,2,1,7,1,1,2,2,01,1,-1,000,041,1,0,1,4,2,25,0,1,9,00,0,0,1,200800059995A01,,,
200800060041,2008-10-03,2008,octobre,vendredi,16:00,91,91657,0,0,2,2,3,1,1,4,2,01,1,1,000,000,1,0,1,4,1,94,5,1,9,00,2,1,1,200800060041A01,7,1,1
200800060062,2008-10-20,2008,octobre,lundi,74:5,91,91687,0,0,2,3,3,5,1,3,2,02,1,1,000,060,1,0,1,2,1,83,0,1,9,00,2,8,15,200800060062A01,2,1,1
200800060070,2008-10-12,2008,octobre,dimanche,19:30,91,91691,0,0,2,1,3,1,1,3,2,02,2,1,000,050,1,0,1,4,1,9,5,1,2,00,2,1,19,200800060070B01,7,0,1
200800060072,2008-10-15,2008,octobre,mercredi,13:35,91,91691,0,0,2,1,6,1,1,3,-1,01,1,1,000,070,1,0,1,4,1,15,0,1,2,00,2,7,1,200800060072B01,7,1,1
200800060080,2008-10-04,2008,octobre,samedi,14:50,91,91645,0,0,2,1,3,1,1,4,2,02,2,1,000,000,1,0,1,4,1,45,0,1,2,00,2,8,2,200800060080B01,7,13,1
200800060093,2008-10-30,2008,octobre,jeudi,20:00,91,91471,0,0,1,6,3,3,1,2,2,02,2,1,000,000,1,0,1,4,1,24,5,1,2,00,2,1,1,200800060093B01,7,1,1
200800060095,2008-10-02,2008,octobre,jeudi,11:15,91,91570,0,0,2,7,1,1,1,4,2,02,2,2,000,070,1,5,0,4,2,33,4,1,4,00,2,1,1,200800060095B01,7,15,1
200800060113,2008-10-25,2008,octobre,samedi,10:00,92,92014,0,0,2,1,6,1,1,2,1,02,2,1,000,000,1,0,1,4,2,74,3,1,4,14,0,3,1,200800060113B01,7,1,1
200800060117,2008-10-13,2008,octobre,lundi,10:23,92,92009,0,0,2,1,3,1,1,3,2,02,1,1,000,040,1,4,1,2,1,22,2,1,9,00,2,1,0,200800060117B01,15,16,1
200800060118,2008-10-13,2008,octobre,lundi,19:15,92,92009,0,0,2,1,6,5,1,4,2,02,-1,-1,000,000,1,0,1,1,2,16,5,1,4,00,2,0,9,200800060118A01,32,21,1
200800060121,2008-10-16,2008,octobre,jeudi,18:15,92,92004,0,0,2,2,3,1,1,2,1,01,1,1,000,040,1,0,0,4,1,12,0,1,9,00,2,1,1,200800060121B01,7,15,1
200800060146,2008-10-16,2008,octobre,jeudi,19:45,92,92032,0,0,2,9,3,5,1,3,2,01,2,1,000,000,1,0,1,4,1,24,9,1,4,00,0,1,2,200800060146B01,7,15,1
200800060210,2008-10-26,2008,octobre,dimanche,22:00,92,92035,0,0,2,2,3,5,1,3,2,02,1,1,000,000,1,0,1,3,2,52,5,1,2,00,2,8,1,200800060210B01,31,1,1
200800060216,2008-10-03,2008,octobre,vendredi,81:0,92,92036,0,0,2,1,3,1,1,3,3,02,1,1,030,150,2,0,1,4,1,19,1,1,9,00,2,8,21,200800060216A01,7,1,1
200800060229,2008-10-15,2008,octobre,mercredi,16:20,92,92040,0,0,2,1,2,1,2,4,1,01,1,1,100,060,2,0,1,3,1,20,0,1,9,00,2,1,1,200800060229B01,10,16,1
200800060242,2008-10-28,2008,octobre,mardi,11:15,92,92044,0,0,2,7,2,1,1,4,1,01,1,1,000,000,1,0,1,4,2,36,4,1,9,00,2,1,1,200800060242B01,7,4,1
200800060261,2008-10-17,2008,octobre,vendredi,92:5,92,92020,0,0,2,2,5,1,1,3,2,02,-1,-1,000,000,1,0,1,4,1,52,5,1,9,00,0,0,16,200800060261C01,7,1/15,2
200800060279,2008-10-11,2008,octobre,samedi,15:10,92,92050,0,0,2,1,3,1,1,4,2,01,1,1,000,099,1,0,1,1,1,15,5,1,9,00,9,7,0,200800060279A01,1,0,1
200800060279,2008-10-11,2008,octobre,samedi,15:10,92,92050,0,0,2,1,3,1,1,4,2,01,1,1,000,099,1,0,1,3,1,13,5,1,9,00,9,7,0,200800060279B01,1,0,1
200800060283,2008-10-20,2008,octobre,lundi,84:0,92,92050,0,0,2,1,3,1,1,2,1,03,2,1,000,090,1,0,1,3,2,26,1,1,9,00,2,3,1,200800060283B01,31,16,1