Num_Acc,date,an,mois,jour,hrmn,dep,com,lat,long,agg,int,col,lum,atm,catr,circ,nbv,prof,plan,lartpc,larrout,surf,infra,situ,grav,sexe,age,trajet,secuexist,equipement,obs,obsm,choc,manv,vehiculeid,typevehicules,manoeuvehicules,numVehicules
200800060286,2008-10-24,2008,octobre,vendredi,83:0,92,92050,0,0,2,1,1,1,1,4,2,01,2,3,000,060,1,0,1,3,1,36,4,1,9,01,0,1,1,200800060286B01,7,24,1
200800060302,2008-10-23,2008,octobre,jeudi,70:5,92,92063,0,0,2,2,3,5,1,3,2,02,2,1,000,000,2,0,1,4,1,34,4,1,4,00,2,8,1,200800060302B01,7,1,1
200800060321,2008-10-04,2008,octobre,samedi,18:20,92,92077,0,0,2,1,7,1,1,4,2,02,1,1,000,027,1,0,1,4,1,51,5,1,2,00,0,0,1,200800060321A01,,,
200800060368,2008-10-23,2008,octobre,jeudi,15:50,93,93001,0,0,2,1,2,1,1,4,2,02,-1,-1,000,000,1,0,0,4,1,47,5,1,9,00,2,1,1,200800060368B01,7,20,1
200800060378,2008-10-16,2008,octobre,jeudi,16:30,93,93005,0,0,2,1,3,1,8,2,2,00,1,1,020,040,1,0,4,4,1,23,1,1,2,02,2,1,1,200800060378B01,10,0,1
200800060397,2008-10-21,2008,octobre,mardi,73:0,93,93008,0,0,2,6,6,5,2,2,1,02,1,2,000,025,2,5,1,3,1,46,1,1,2,00,2,0,1,200800060397A01,7,9,1
200800060399,2008-10-23,2008,octobre,jeudi,16:30,93,93008,0,0,2,2,6,1,1,4,1,02,1,-1,000,153,1,5,1,2,2,35,1,1,2,00,2,0,2,200800060399B01,14,16,1
200800060402,2008-10-31,2008,octobre,vendredi,13:05,93,93008,0,0,2,1,2,1,2,4,3,04,1,1,000,000,2,0,1,4,2,59,0,1,9,00,0,4,0,200800060402B01,30,2,1
200800060424,2008-10-05,2008,octobre,dimanche,21:00,93,93029,0,0,2,2,3,5,1,3,2,02,1,-1,000,150,1,0,1,4,1,33,5,1,9,00,2,1,17,200800060424B01,7,13,1
200800060434,2008-10-08,2008,octobre,mercredi,18:00,93,93079,0,0,2,1,3,1,1,2,-1,01,1,-1,000,018,1,0,1,4,1,72,9,1,9,00,2,1,0,200800060434A01,13,0,1
200800060474,2008-10-02,2008,octobre,jeudi,19:00,93,93048,0,0,2,1,2,2,2,4,1,01,2,1,000,040,2,0,1,4,2,57,1,1,2,00,2,0,17,200800060474B01,7,4,1
200800060478,2008-10-07,2008,octobre,mardi,12:50,93,93048,0,0,2,1,6,1,1,4,1,00,2,1,000,000,1,0,0,1,1,14,2,1,9,00,1,1,0,200800060478A01,,,
200800060481,2008-10-14,2008,octobre,mardi,14:50,93,93048,0,0,2,9,3,1,1,4,2,02,2,1,000,000,1,0,5,4,1,47,1,1,2,00,0,1,1,200800060481B01,7,16,1
200800060500,2008-10-27,2008,octobre,lundi,71:0,93,93051,0,0,2,2,1,2,3,3,2,01,1,-1,010,096,2,5,1,3,1,46,0,1,9,00,0,1,1,200800060500B01,7,15,1
200800060532,2008-10-21,2008,octobre,mardi,18:05,93,93064,0,0,2,2,3,1,1,3,2,02,2,1,000,000,1,0,1,4,2,14,0,1,2,00,2,1,1,200800060532A01,10,1,1
200800060589,2008-10-31,2008,octobre,vendredi,90:7,93,93073,0,0,2,1,6,1,2,4,1,01,1,1,000,030,2,0,4,4,1,27,1,1,9,00,0,1,0,200800060589A01,,,
200800060597,2008-10-17,2008,octobre,vendredi,11:20,94,94004,0,0,2,2,3,1,1,2,2,02,2,1,000,000,1,0,1,4,1,27,4,1,4,00,2,4,2,200800060597B01,7,2,1
200800060630,2008-10-23,2008,octobre,jeudi,12:10,94,94069,0,0,1,1,3,1,1,2,3,02,2,1,000,104,1,0,1,4,1,70,9,1,9,00,2,8,2,200800060630B01,7,2,1
200800060633,2008-10-31,2008,octobre,vendredi,13:30,94,94018,0,0,2,1,3,1,1,4,-1,00,1,1,000,000,2,0,1,3,1,27,5,1,9,00,0,0,17,200800060633B01,99,2,1
200800060636,2008-10-11,2008,octobre,samedi,11:25,94,94019,0,0,2,2,3,1,1,4,-1,02,1,1,000,040,1,0,1,4,1,45,0,1,9,00,9,1,19,200800060636B01,32,0,1
200800060643,2008-10-23,2008,octobre,jeudi,17:20,94,94079,0,0,2,1,3,1,1,4,-1,00,1,1,000,000,1,0,4,1,1,62,0,1,2,00,2,1,1,200800060643A01,7,15,1
200800060646,2008-10-29,2008,octobre,mercredi,30:5,94,94019,0,0,2,3,3,4,1,4,2,02,1,1,000,000,-1,0,1,4,1,22,0,1,4,00,2,1,1,200800060646A01,7,15,1
200800060699,2008-10-20,2008,octobre,lundi,18:00,94,94076,0,0,2,1,3,1,1,4,2,02,1,-1,000,000,1,0,1,4,1,29,1,1,2,00,9,8,2,200800060699B01,15,17,1
200800060702,2008-10-23,2008,octobre,jeudi,11:20,94,94076,0,0,2,1,3,1,1,2,3,03,1,1,000,000,1,0,1,4,1,22,1,0,0,00,2,8,5,200800060702B01,10,1,1
200800060712,2008-10-11,2008,octobre,samedi,18:20,94,94073,0,0,2,1,2,1,1,3,2,02,1,1,000,000,1,0,1,4,1,17,5,1,9,00,0,4,0,200800060712B01,7,1,1
200800060719,2008-10-20,2008,octobre,lundi,10:30,94,94038,0,0,2,6,6,1,1,3,4,02,1,2,000,040,1,5,1,4,2,42,4,1,9,00,2,8,0,200800060719B01,7,16,1
200800060730,2008-10-04,2008,octobre,samedi,80:5,94,94041,0,0,2,1,3,1,1,2,3,03,1,1,000,000,1,0,1,4,1,33,1,1,4,00,2,1,1,200800060730B01,7,22,1
200800060741,2008-10-27,2008,octobre,lundi,83:5,94,94041,0,0,2,1,7,1,2,2,2,00,1,1,000,000,2,0,1,4,1,26,1,1,4,00,2,1,13,200800060741B01,7,21,1
200800060750,2008-10-17,2008,octobre,vendredi,82:5,94,94046,0,0,2,1,6,1,1,2,2,05,1,1,000,092,1,5,1,2,2,21,2,1,9,00,2,7,16,200800060750B01,14,1,1
200800060769,2008-10-10,2008,octobre,vendredi,15:30,94,94068,0,0,2,2,3,1,1,4,1,01,1,1,000,050,1,0,1,4,1,84,5,1,4,00,2,3,1,200800060769B01,7,1,1
200800060777,2008-10-21,2008,octobre,mardi,17:55,94,94068,0,0,2,1,7,1,2,3,2,02,1,1,000,070,2,0,1,4,2,15,5,1,9,16,0,1,16,200800060777A01,,,
200800060790,2008-10-14,2008,octobre,mardi,12:15,94,94078,0,0,2,3,3,1,1,2,2,05,1,1,000,000,1,0,1,3,1,16,5,1,9,00,2,8,19,200800060790A01,7,1,1
200800060860,2008-10-09,2008,octobre,jeudi,18:45,95,95491,0,0,2,1,6,2,1,4,2,02,1,1,000,065,1,0,1,4,1,31,0,1,9,00,0,0,0,200800060860B01,31,1,1
200800060877,2008-10-16,2008,octobre,jeudi,80:1,95,95424,0,0,2,3,3,5,2,3,2,04,1,1,000,000,2,0,1,4,1,18,1,1,2,00,2,1,1,200800060877B01,7,15,1
200800060886,2008-10-09,2008,octobre,jeudi,13:20,95,95585,0,0,2,1,7,1,1,4,2,00,1,1,000,120,1,0,1,3,1,11,2,1,2,00,2,1,12,200800060886A01,10,1,1
200800061068,2008-10-17,2008,octobre,vendredi,17:20,91,91136,0,0,1,1,2,1,1,2,1,01,2,3,000,035,1,0,1,3,1,26,5,1,9,00,0,4,2,200800061068B01,7,1,1
200800061128,2008-10-06,2008,octobre,lundi,90:0,69,69382,0,0,2,2,3,1,8,4,1,00,1,1,000,000,1,0,1,4,1,58,1,1,4,00,2,7,1,200800061128B01,7,0,1
200800061132,2008-10-19,2008,octobre,dimanche,15:,69,69382,0,0,2,1,6,5,1,4,1,02,1,1,000,075,1,0,5,4,1,23,5,1,4,00,1,1,1,200800061132A01,,,
200800061201,2008-10-04,2008,octobre,samedi,13:30,69,69383,0,0,2,1,2,1,1,4,1,01,1,1,000,000,1,0,1,4,1,24,0,1,2,01,0,1,1,200800061201B01,7,23,1
200800061202,2008-10-09,2008,octobre,jeudi,18:25,69,69383,0,0,2,1,6,1,1,4,2,03,1,1,000,000,1,0,1,1,1,20,0,1,2,00,1,0,1,200800061202A01,,,
200800061204,2008-10-18,2008,octobre,samedi,13:20,69,69383,0,0,2,1,6,1,1,4,1,01,1,1,000,000,1,0,1,4,1,47,5,1,2,01,0,1,1,200800061204B01,7,22,1
200800061249,2008-10-09,2008,octobre,jeudi,17:30,69,69385,0,0,2,1,1,2,1,9,-1,00,1,1,000,000,1,0,5,1,1,32,1,1,9,00,9,1,0,200800061249B01,1,0,1
200800061249,2008-10-09,2008,octobre,jeudi,17:30,69,69385,0,0,2,1,1,2,1,9,-1,00,1,1,000,000,1,0,5,3,2,59,1,1,9,00,9,1,0,200800061249A01,1,0,1
200800061262,2008-10-01,2008,octobre,mercredi,13:45,69,69387,0,0,2,1,3,1,1,4,1,01,1,1,000,049,1,0,1,4,2,21,1,1,9,00,2,7,12,200800061262B01,7,2,1
200800061443,2008-10-11,2008,octobre,samedi,21:30,75,75103,0,0,2,2,2,5,1,4,1,02,1,1,000,124,1,0,1,4,1,28,5,1,2,00,2,1,2,200800061443A01,7,20,1
200800061446,2008-10-17,2008,octobre,vendredi,93:5,75,75103,0,0,2,2,7,1,1,4,1,01,1,1,000,030,1,0,1,4,1,14,0,1,2,00,1,1,21,200800061446A01,,,
200800061449,2008-10-20,2008,octobre,lundi,17:45,75,75103,0,0,2,1,6,1,1,4,1,01,1,1,000,050,1,0,1,4,1,31,1,1,2,00,1,7,1,200800061449A01,,,
200800061450,2008-10-24,2008,octobre,vendredi,13:05,75,75103,0,0,2,2,6,1,1,4,1,01,1,1,000,035,1,0,1,4,1,48,4,1,2,00,2,1,1,200800061450A01,13,1,1
200800061453,2008-10-12,2008,octobre,dimanche,17:00,75,75104,0,0,2,1,6,1,1,4,2,02,-1,-1,000,035,1,2,4,4,1,40,5,1,2,00,1,8,1,200800061453A01,,,
200800061455,2008-10-02,2008,octobre,jeudi,82:5,75,75104,0,0,2,3,3,1,1,4,1,01,1,1,000,087,1,0,1,4,1,14,0,1,2,00,2,0,19,200800061455B01,30,1,1
200800061465,2008-10-15,2008,octobre,mercredi,18:40,75,75104,0,0,2,6,3,2,2,4,1,02,1,-1,000,000,2,0,1,4,2,36,0,1,2,00,0,8,0,200800061465B01,7,0,1
200800061471,2008-10-23,2008,octobre,jeudi,15:05,75,75104,0,0,2,3,1,1,1,4,1,01,1,1,000,044,1,0,1,1,1,29,5,1,2,00,2,1,1,200800061471A01,1,15,1
200800061471,2008-10-23,2008,octobre,jeudi,15:05,75,75104,0,0,2,3,1,1,1,4,1,01,1,1,000,044,1,0,1,4,1,45,1,1,2,00,2,1,15,200800061471B01,1,1,1
200800061483,2008-10-20,2008,octobre,lundi,16:00,75,75105,0,0,2,5,3,1,1,4,2,03,1,1,000,101,1,0,1,4,2,51,5,1,2,00,2,7,1,200800061483A01,33,1,1
200800061496,2008-10-06,2008,octobre,lundi,13:00,75,75106,0,0,2,3,3,1,1,4,1,01,1,1,000,030,1,0,0,4,2,33,4,1,2,00,2,0,1,200800061496B01,7,22,1
200800061502,2008-10-17,2008,octobre,vendredi,10:40,75,75106,0,0,2,3,6,1,1,4,1,01,1,1,000,000,1,0,1,4,2,18,3,1,2,00,2,3,1,200800061502B01,7,1,2
200800061504,2008-10-24,2008,octobre,vendredi,14:25,75,75106,0,0,2,2,5,1,1,4,2,01,1,1,000,000,1,0,1,4,2,26,5,1,2,00,2,1,1,200800061504C01,10/ 7,4/1,2
200800061530,2008-10-23,2008,octobre,jeudi,16:55,75,75107,0,0,2,1,6,1,1,4,1,01,1,1,005,077,1,0,5,4,2,54,1,1,2,00,1,1,1,200800061530A01,,,
200800061544,2008-10-04,2008,octobre,samedi,16:35,75,75108,0,0,2,5,3,1,1,4,2,03,1,1,000,180,1,0,1,4,2,26,5,1,2,00,2,8,13,200800061544B01,38,17,1
200800061566,2008-10-18,2008,octobre,samedi,13:00,75,75108,0,0,2,2,3,1,1,4,1,01,1,1,000,060,1,0,1,4,2,37,5,1,2,00,2,1,3,200800061566A01,7,1,1
200800061590,2008-10-06,2008,octobre,lundi,93:0,75,75109,0,0,2,1,6,1,1,4,1,01,2,1,000,050,1,0,1,4,1,36,1,1,2,00,1,0,1,200800061590A01,,,
200800061611,2008-10-03,2008,octobre,vendredi,19:30,75,75110,0,0,2,1,7,5,2,4,-1,00,1,1,000,000,9,0,5,4,1,36,5,1,2,00,0,0,1,200800061611A01,,,
200800061625,2008-10-13,2008,octobre,lundi,14:15,75,75110,0,0,2,1,6,1,1,4,1,01,1,1,000,030,1,0,1,4,2,44,5,1,2,00,0,6,1,200800061625A01,30,17,1
200800061637,2008-10-25,2008,octobre,samedi,22:30,75,75110,0,0,2,2,3,5,1,4,2,02,1,1,000,100,1,5,1,4,2,24,5,1,2,00,2,1,1,200800061637A01,7,1,1
200800061638,2008-10-28,2008,octobre,mardi,23:15,75,75110,0,0,2,4,6,5,1,4,4,00,1,1,000,000,1,0,4,4,1,27,0,1,2,12,0,1,14,200800061638A01,,,
200800061639,2008-10-29,2008,octobre,mercredi,95:0,75,75110,0,0,2,1,3,1,1,4,1,01,1,1,000,025,1,0,1,4,1,52,1,1,2,00,2,1,17,200800061639A01,7,15,1
200800061649,2008-10-10,2008,octobre,vendredi,17:10,75,75111,0,0,2,5,2,1,1,4,1,02,1,1,000,230,1,0,1,4,2,43,0,1,2,00,2,4,1,200800061649B01,31,1,1
200800061653,2008-10-13,2008,octobre,lundi,15:10,75,75111,0,0,2,3,3,1,1,4,2,02,1,1,000,140,1,0,1,4,1,16,5,1,2,00,2,7,1,200800061653B01,7,1,1
200800061658,2008-10-17,2008,octobre,vendredi,21:10,75,75111,0,0,2,1,6,3,1,4,1,01,1,1,000,085,1,0,1,3,1,46,1,1,2,01,0,2,1,200800061658B01,7,1,1
200800061659,2008-10-18,2008,octobre,samedi,15:40,75,75111,0,0,2,2,3,1,1,4,1,02,3,1,000,050,1,0,1,4,1,31,5,1,2,00,2,1,1,200800061659B01,7,1,1
200800061708,2008-10-14,2008,octobre,mardi,16:30,75,75112,0,0,2,1,5,1,1,4,1,01,1,1,000,070,1,0,5,4,1,73,5,1,2,00,9,1,3,200800061708B01,1,0/2,2
200800061708,2008-10-14,2008,octobre,mardi,16:30,75,75112,0,0,2,1,5,1,1,4,1,01,1,1,000,070,1,0,5,4,1,52,5,1,2,00,0,9,0,200800061708A01,1,3/2,2
200800061708,2008-10-14,2008,octobre,mardi,16:30,75,75112,0,0,2,1,5,1,1,4,1,01,1,1,000,070,1,0,5,4,1,69,5,1,2,00,9,1,2,200800061708C01,1,3/0,2
200800061712,2008-10-15,2008,octobre,mercredi,21:50,75,75112,0,0,2,1,6,5,1,4,1,02,1,1,000,058,2,0,1,4,2,31,1,1,2,00,2,8,11,200800061712A01,33,21,1
200800061715,2008-10-16,2008,octobre,jeudi,19:55,75,75112,0,0,2,1,7,3,1,4,-1,00,1,1,000,000,-1,0,5,4,1,46,5,1,2,00,0,0,0,200800061715A01,,,
200800061722,2008-10-21,2008,octobre,mardi,40:,75,75112,0,0,2,1,3,5,1,4,2,02,1,-1,000,110,1,0,2,4,2,33,5,1,2,00,2,4,15,200800061722A01,32,17,1
200800061753,2008-10-07,2008,octobre,mardi,21:20,75,75113,0,0,2,4,6,5,3,4,2,04,1,1,000,120,2,0,1,1,1,37,5,1,2,00,1,2,7,200800061753A01,,,
200800061758,2008-10-14,2008,octobre,mardi,20:15,75,75113,0,0,2,2,7,5,1,4,-1,00,1,1,010,070,1,0,0,3,1,60,0,1,2,00,0,0,0,200800061758A01,,,
200800061764,2008-10-19,2008,octobre,dimanche,14:50,75,75113,0,0,2,2,6,1,1,4,-1,00,2,1,000,060,1,0,5,1,1,23,5,1,2,00,1,4,0,200800061764A01,,,
200800061768,2008-10-20,2008,octobre,lundi,11:35,75,75113,0,0,2,3,3,1,1,4,2,02,-1,1,000,070,1,0,1,4,1,50,0,1,2,00,2,1,7,200800061768B01,7,1,1
200800061772,2008-10-21,2008,octobre,mardi,91:0,75,75113,0,0,2,1,3,1,2,4,2,01,4,1,000,112,2,0,1,4,1,49,5,1,2,00,2,1,1,200800061772B01,7,22,1
200800061784,2008-10-29,2008,octobre,mercredi,10:45,75,75113,0,0,2,1,3,1,8,4,2,02,1,1,000,068,1,0,1,4,1,19,0,1,2,00,2,1,13,200800061784B01,7,7,1
200800061796,2008-10-07,2008,octobre,mardi,64:5,75,75114,0,0,2,3,3,2,1,4,1,02,1,1,000,150,2,5,1,4,1,43,1,1,2,00,2,3,1,200800061796B01,14,15,1
200800061797,2008-10-07,2008,octobre,mardi,18:30,75,75114,0,0,2,1,4,5,2,4,1,01,1,-1,000,034,2,0,1,4,1,50,1,1,2,00,2,1,1,200800061797B01,10,22/1,2
200800061814,2008-10-20,2008,octobre,lundi,11:25,75,75114,0,0,2,3,3,1,1,4,1,01,1,1,000,080,1,0,1,4,2,57,5,1,2,00,2,1,1,200800061814A01,10,15,1
200800061846,2008-10-08,2008,octobre,mercredi,15:08,75,75115,0,0,2,2,3,1,1,4,1,02,1,1,000,080,1,0,1,4,2,33,1,1,2,00,2,1,1,200800061846B01,10,16,1
200800061847,2008-10-09,2008,octobre,jeudi,84:5,75,75115,0,0,2,1,3,1,8,4,3,02,1,1,000,078,1,0,5,4,1,54,0,1,2,00,2,7,1,200800061847B01,7,22,1
200800061855,2008-10-17,2008,octobre,vendredi,18:45,75,75115,0,0,2,2,6,2,1,4,1,01,1,1,000,100,1,0,1,1,1,17,5,1,2,00,1,7,1,200800061855A01,,,
200800061873,2008-10-02,2008,octobre,jeudi,72:5,75,75116,0,0,2,1,6,2,1,4,2,02,1,1,000,090,1,0,1,4,1,79,5,1,2,15,2,8,1,200800061873B01,7,14,1
200800061889,2008-10-09,2008,octobre,jeudi,15:45,75,75116,0,0,2,1,6,1,1,4,1,01,1,1,000,000,1,0,5,4,1,48,0,1,2,00,1,2,1,200800061889A01,,,
200800061904,2008-10-15,2008,octobre,mercredi,20:45,75,75116,0,0,2,2,3,5,2,4,1,01,1,1,000,030,2,0,1,4,1,26,4,1,2,00,2,1,0,200800061904A01,7,1,1
200800061930,2008-10-28,2008,octobre,mardi,11:50,75,75116,0,0,2,5,6,1,1,4,-1,01,-1,-1,000,100,-1,0,0,4,1,43,0,1,2,00,2,0,1,200800061930A01,13,14,1
200800061992,2008-10-11,2008,octobre,samedi,42:5,75,75118,0,0,2,5,6,5,1,4,1,01,1,-1,000,040,1,0,1,3,1,27,0,1,2,01,0,0,15,200800061992A01,,,
200800061992,2008-10-11,2008,octobre,samedi,42:5,75,75118,0,0,2,5,6,5,1,4,1,01,1,-1,000,040,1,0,1,4,2,28,0,1,2,01,0,0,15,200800061992A01,,,
200800062011,2008-10-01,2008,octobre,mercredi,15:55,75,75119,0,0,2,1,3,1,2,4,3,03,1,1,047,091,2,0,1,4,1,12,5,1,2,00,2,8,19,200800062011B01,7,1,1
200800062024,2008-10-11,2008,octobre,samedi,23:30,75,75119,0,0,2,3,6,5,1,4,-1,02,1,-1,000,008,1,0,5,4,2,28,5,1,2,14,0,1,0,200800062024A01,,,
200800062055,2008-10-07,2008,octobre,mardi,15:0,75,75120,0,0,2,1,6,5,2,4,2,02,1,-1,000,110,2,0,4,1,1,32,0,1,2,00,1,1,1,200800062055A01,,,
200800062058,2008-10-10,2008,octobre,vendredi,81:5,75,75120,0,0,2,1,3,1,1,4,3,03,1,3,110,000,1,3,5,4,1,53,1,1,2,00,2,3,19,200800062058B01,7,1,1
200800062066,2008-10-13,2008,octobre,lundi,18:20,75,75120,0,0,2,1,5,1,1,4,3,02,1,1,000,180,1,0,1,4,1,39,5,1,2,00,0,4,2,200800062066C01,30/ 33,18/16,2
200800062082,2008-10-23,2008,octobre,jeudi,13:33,75,75120,0,0,2,1,6,1,1,4,3,00,1,1,000,000,1,0,1,4,1,60,0,1,2,00,2,7,1,200800062082B01,13,22,1
200800062108,2008-10-08,2008,octobre,mercredi,13:55,75,75113,0,0,2,1,2,1,1,4,1,04,1,2,000,050,1,0,1,4,1,24,9,1,2,00,2,4,2,200800062108B01,7,2,1
200800062113,2008-10-11,2008,octobre,samedi,24:0,75,75103,0,0,2,3,6,5,1,4,1,01,1,1,000,051,1,0,1,4,1,44,5,1,2,00,2,7,1,200800062113B01,33,13,1
200800062128,2008-10-17,2008,octobre,vendredi,61:4,75,75114,0,0,2,2,3,4,1,4,2,01,1,-1,000,223,1,0,1,2,1,21,0,1,2,00,2,0,0,200800062128B01,38,15,1
200800062252,2008-11-12,2008,novembre,mercredi,19:00,01,01007,0,0,1,1,2,3,1,3,2,00,1,1,060,000,1,0,1,3,1,34,1,1,4,00,2,4,1,200800062252B02,7,1,1
200800062263,2008-11-26,2008,novembre,mercredi,11:00,01,01143,0,0,2,6,1,1,1,3,-1,00,1,-1,000,000,1,5,1,3,1,47,0,1,4,00,2,4,9,200800062263B02,7,9,1
200800062287,2008-11-04,2008,novembre,mardi,12:45,26,26086,44.698,5.479,2,1,3,1,1,3,2,02,1,1,055,000,1,0,1,4,1,12,5,1,2,00,2,1,16,200800062287B02,7,1,1
200800062306,2008-11-21,2008,novembre,vendredi,21:00,38,38405,0,0,1,1,6,3,3,3,2,02,1,2,000,000,2,0,1,3,1,48,1,1,9,00,0,1,1,200800062306A01,,,
200800062330,2008-11-08,2008,novembre,samedi,15:00,38,38298,45.378,4.795,2,6,6,1,1,2,1,01,1,1,000,030,1,5,1,4,2,29,5,0,0,00,1,1,1,200800062330A01,,,
200800062332,2008-11-20,2008,novembre,jeudi,15:30,38,38072,45.324,4.813,1,6,1,1,1,2,1,00,1,3,000,040,1,3,1,2,1,58,9,1,2,00,2,1,6,200800062332B02,14,16,1
200800062335,2008-11-21,2008,novembre,vendredi,14:45,42,42092,45.81,4.63,2,1,1,1,1,3,2,00,1,-1,000,000,1,5,1,3,1,72,5,0,0,00,2,1,0,200800062335A01,7,15,1
200800062416,2008-11-21,2008,novembre,vendredi,14:15,43,43049,45.208,3.991,1,1,6,1,1,3,2,02,2,1,000,060,1,0,1,3,2,64,5,1,2,00,5,1,1,200800062416A01,,,
200800062435,2008-11-06,2008,novembre,jeudi,14:30,57,57160,49.219,6.695,2,1,1,5,1,3,2,02,1,3,000,080,1,0,1,3,1,16,5,0,0,00,2,1,1,200800062435B02,7,15,1
200800062450,2008-11-08,2008,novembre,samedi,15:15,54,54059,0,0,1,1,3,1,1,3,2,02,2,1,000,055,1,0,1,3,1,30,5,1,2,00,2,1,13,200800062450B02,17,15,1
200800062486,2008-11-25,2008,novembre,mardi,33:0,67,67130,48.41,7.64,1,1,1,3,4,3,3,02,1,1,000,070,5,0,1,1,2,23,0,1,4,00,2,8,1,200800062486B02,15,17,1
200800062487,2008-11-25,2008,novembre,mardi,13:30,67,67130,48.42,7.7,2,1,1,1,1,3,2,02,-1,1,116,000,1,0,1,3,1,27,1,1,2,00,0,3,0,200800062487B02,7,17,1
200800062547,2008-11-21,2008,novembre,vendredi,13:45,08,08477,49.635,5.029,1,1,1,1,8,3,2,02,4,1,000,066,2,0,1,3,1,51,5,1,2,00,2,0,1,200800062547B02,21,19,1
200800062561,2008-11-08,2008,novembre,samedi,14:00,52,52154,48.017,5.17,1,1,5,1,1,3,2,02,1,3,000,050,2,0,1,4,1,46,5,1,2,00,2,1,0,200800062561K11,7,0,1
200800062561,2008-11-08,2008,novembre,samedi,14:00,52,52154,48.017,5.17,1,1,5,1,1,3,2,02,1,3,000,050,2,0,1,1,1,23,5,1,2,00,2,1,0,200800062561U21,7,0,1
200800062561,2008-11-08,2008,novembre,samedi,14:00,52,52154,48.017,5.17,1,1,5,1,1,3,2,02,1,3,000,050,2,0,1,3,1,47,5,1,2,00,2,1,0,200800062561B02,7,0,1
200800062561,2008-11-08,2008,novembre,samedi,14:00,52,52154,48.017,5.17,1,1,5,1,1,3,2,02,1,3,000,050,2,0,1,1,1,55,5,1,2,00,2,1,0,200800062561L12,7,0,1
200800062561,2008-11-08,2008,novembre,samedi,14:00,52,52154,48.017,5.17,1,1,5,1,1,3,2,02,1,3,000,050,2,0,1,1,1,48,5,1,2,00,2,1,0,200800062561V22,7,0,1
200800062561,2008-11-08,2008,novembre,samedi,14:00,52,52154,48.017,5.17,1,1,5,1,1,3,2,02,1,3,000,050,2,0,1,3,1,44,5,1,2,00,2,1,0,200800062561C03,7,0,1
200800062561,2008-11-08,2008,novembre,samedi,14:00,52,52154,48.017,5.17,1,1,5,1,1,3,2,02,1,3,000,050,2,0,1,4,1,65,5,1,2,00,2,1,0,200800062561M13,7,0,1
200800062561,2008-11-08,2008,novembre,samedi,14:00,52,52154,48.017,5.17,1,1,5,1,1,3,2,02,1,3,000,050,2,0,1,1,1,48,5,1,2,00,2,1,0,200800062561W23,7,0,1
200800062561,2008-11-08,2008,novembre,samedi,14:00,52,52154,48.017,5.17,1,1,5,1,1,3,2,02,1,3,000,050,2,0,1,3,1,39,5,1,2,00,2,1,0,200800062561D04,7,0,1
200800062561,2008-11-08,2008,novembre,samedi,14:00,52,52154,48.017,5.17,1,1,5,1,1,3,2,02,1,3,000,050,2,0,1,1,1,24,5,1,2,00,2,1,0,200800062561N14,7,0,1
200800062561,2008-11-08,2008,novembre,samedi,14:00,52,52154,48.017,5.17,1,1,5,1,1,3,2,02,1,3,000,050,2,0,1,1,1,49,5,1,2,00,2,1,0,200800062561X24,7,0,1
200800062561,2008-11-08,2008,novembre,samedi,14:00,52,52154,48.017,5.17,1,1,5,1,1,3,2,02,1,3,000,050,2,0,1,4,1,59,5,1,2,00,2,0,0,200800062561E05,7,0,1
200800062561,2008-11-08,2008,novembre,samedi,14:00,52,52154,48.017,5.17,1,1,5,1,1,3,2,02,1,3,000,050,2,0,1,1,1,52,5,1,2,00,2,1,0,200800062561O15,7,0,1
200800062561,2008-11-08,2008,novembre,samedi,14:00,52,52154,48.017,5.17,1,1,5,1,1,3,2,02,1,3,000,050,2,0,1,4,1,62,5,1,2,00,2,0,0,200800062561F06,7,0,1
200800062561,2008-11-08,2008,novembre,samedi,14:00,52,52154,48.017,5.17,1,1,5,1,1,3,2,02,1,3,000,050,2,0,1,1,1,37,5,1,2,00,2,1,0,200800062561P16,7,0,1
200800062561,2008-11-08,2008,novembre,samedi,14:00,52,52154,48.017,5.17,1,1,5,1,1,3,2,02,1,3,000,050,2,0,1,1,1,31,5,1,2,00,2,1,0,200800062561G07,7,0,1
200800062561,2008-11-08,2008,novembre,samedi,14:00,52,52154,48.017,5.17,1,1,5,1,1,3,2,02,1,3,000,050,2,0,1,1,1,55,5,1,2,00,2,1,0,200800062561Q17,7,0,1
200800062561,2008-11-08,2008,novembre,samedi,14:00,52,52154,48.017,5.17,1,1,5,1,1,3,2,02,1,3,000,050,2,0,1,4,1,36,5,1,2,00,2,1,0,200800062561H08,7,0,1
200800062561,2008-11-08,2008,novembre,samedi,14:00,52,52154,48.017,5.17,1,1,5,1,1,3,2,02,1,3,000,050,2,0,1,1,1,52,5,1,2,00,2,1,0,200800062561R18,7,0,1
200800062561,2008-11-08,2008,novembre,samedi,14:00,52,52154,48.017,5.17,1,1,5,1,1,3,2,02,1,3,000,050,2,0,1,4,1,51,5,1,2,00,2,1,0,200800062561I09,7,0,1
200800062561,2008-11-08,2008,novembre,samedi,14:00,52,52154,48.017,5.17,1,1,5,1,1,3,2,02,1,3,000,050,2,0,1,1,1,51,5,1,2,00,2,1,0,200800062561S19,7,0,1
200800062561,2008-11-08,2008,novembre,samedi,14:00,52,52154,48.017,5.17,1,1,5,1,1,3,2,02,1,3,000,050,2,0,1,4,1,26,5,1,2,00,2,1,0,200800062561J10,7,0,1