Num_Acc,date,an,mois,jour,hrmn,dep,com,lat,long,agg,int,col,lum,atm,catr,circ,nbv,prof,plan,lartpc,larrout,surf,infra,situ,grav,sexe,age,trajet,secuexist,equipement,obs,obsm,choc,manv,vehiculeid,typevehicules,manoeuvehicules,numVehicules
200800062561,2008-11-08,2008,novembre,samedi,14:00,52,52154,48.017,5.17,1,1,5,1,1,3,2,02,1,3,000,050,2,0,1,1,1,58,5,1,2,00,2,1,0,200800062561T20,7,0,1
200800062608,2008-11-27,2008,novembre,jeudi,13:00,89,89460,0,0,1,1,2,1,1,3,2,02,1,1,000,054,1,0,1,3,1,19,5,0,0,00,2,4,1,200800062608B02,7,1,1
200800062619,2008-11-10,2008,novembre,lundi,18:00,25,25387,0,0,1,1,1,3,1,3,2,03,2,1,000,100,1,0,1,3,1,52,9,1,4,00,2,4,2,200800062619B02,7,2,1
200800062695,2008-11-01,2008,novembre,samedi,11:30,83,83015,0,0,1,1,3,1,1,3,2,02,2,1,000,060,1,0,1,3,1,54,5,1,2,00,2,8,1,200800062695B02,7,17,1
200800062699,2008-11-26,2008,novembre,mercredi,64:5,83,83023,0,0,1,1,2,3,1,3,2,02,1,1,000,075,1,0,1,3,1,59,0,1,4,00,0,4,2,200800062699B02,7,2,1
200800062724,2008-11-10,2008,novembre,lundi,18:15,84,84039,44.089,4.886,2,6,3,5,1,9,1,00,1,-1,000,000,1,5,1,3,1,45,5,1,2,00,2,1,1,200800062724B02,7,9,1
200800062771,2008-11-20,2008,novembre,jeudi,74:5,30,30020,0,0,2,1,3,1,1,3,2,02,1,1,000,084,1,0,1,3,2,45,1,0,0,00,2,7,1,200800062771B02,17,16,1
200800062772,2008-11-22,2008,novembre,samedi,11:45,30,30214,44.046,4.083,1,1,3,1,1,4,2,00,-1,1,000,000,1,0,1,4,1,14,5,0,0,00,2,8,19,200800062772B02,7,1,1
200800062797,2008-11-02,2008,novembre,dimanche,11:15,59,59630,0,0,2,2,3,1,1,3,2,02,4,1,000,055,1,5,1,3,2,54,5,1,2,00,2,1,1,200800062797B02,7,15,1
200800062807,2008-11-26,2008,novembre,mercredi,80:0,62,62080,0,0,1,3,1,1,5,3,2,02,1,1,000,067,2,0,1,3,1,37,1,1,9,00,2,1,1,200800062807B02,10,1,1
200800062818,2008-11-20,2008,novembre,jeudi,19:00,62,62201,50.57,1.6,2,1,6,3,2,4,2,02,1,1,000,070,2,0,1,3,2,62,9,1,4,00,0,1,1,200800062818A01,,,
200800062863,2008-11-12,2008,novembre,mercredi,14:15,60,60103,0,0,2,1,5,1,1,3,2,02,1,1,000,075,1,5,1,4,1,12,5,1,2,01,0,1,1,200800062863C03,7,15/1,2
200800062890,2008-11-13,2008,novembre,jeudi,17:15,76,76625,49.519,0.726,2,1,3,2,1,9,2,02,1,1,000,050,1,0,1,2,1,8,5,0,0,00,2,1,0,200800062890B02,14,1,1
200800062893,2008-11-29,2008,novembre,samedi,17:00,76,76342,49.656,0.553,1,1,1,1,1,3,2,02,1,1,000,059,1,0,1,3,1,5,0,0,0,00,2,8,19,200800062893A01,7,1,1
200800062918,2008-11-15,2008,novembre,samedi,20:15,27,27322,49.227,1.068,2,1,6,5,1,3,2,02,1,1,000,059,2,0,1,3,1,27,0,1,4,00,0,4,1,200800062918A01,,,
200800062939,2008-11-13,2008,novembre,jeudi,11:00,35,35358,0,0,1,3,3,1,1,3,2,02,1,1,000,068,1,0,1,4,1,35,5,1,2,00,2,7,1,200800062939B02,10,9,1
200800062945,2008-11-14,2008,novembre,vendredi,18:30,35,35339,0,0,1,1,1,3,2,3,2,02,1,1,000,056,2,0,1,4,1,50,5,0,0,00,2,1,5,200800062945B02,7,1,1
200800062967,2008-11-27,2008,novembre,jeudi,18:30,29,29173,48.003,-4.164,1,3,1,3,2,3,2,02,3,1,000,088,2,0,1,3,1,32,1,0,0,00,2,1,1,200800062967B02,7,15,1
200800062999,2008-11-26,2008,novembre,mercredi,93:0,56,56117,47.888,-2.831,2,6,3,1,1,3,2,02,1,-1,000,000,1,0,1,2,1,64,9,1,2,00,0,7,9,200800062999B02,7,9,1
200800063029,2008-11-04,2008,novembre,mardi,15:00,50,50252,0,0,1,1,2,1,1,3,2,02,1,1,054,000,1,0,1,3,1,59,0,1,2,00,0,4,2,200800063029B02,10,2,1
200800063055,2008-11-26,2008,novembre,mercredi,18:15,44,44054,47.705,-1.352,1,1,1,3,1,3,2,02,1,1,000,070,1,0,1,4,1,24,1,1,4,00,2,5,1,200800063055B02,7,1,1
200800063063,2008-11-19,2008,novembre,mercredi,18:00,44,44130,0,0,1,1,1,3,1,3,2,02,-1,1,000,063,1,0,1,3,1,11,5,1,2,00,2,7,15,200800063063B02,7,1,1
200800063076,2008-11-28,2008,novembre,vendredi,93:0,44,44053,0,0,2,1,4,1,8,3,2,02,1,1,000,060,2,0,1,3,2,58,0,0,0,00,2,8,0,200800063076C03,7,2,2
200800063165,2008-11-24,2008,novembre,lundi,18:15,33,33514,45.509,-1.121,2,1,1,5,2,4,2,02,1,1,018,123,2,0,1,3,2,13,2,0,0,00,2,1,6,200800063165A01,7,0,1
200800063165,2008-11-24,2008,novembre,lundi,18:15,33,33514,45.509,-1.121,2,1,1,5,2,4,2,02,1,1,018,123,2,0,1,3,2,15,0,0,0,00,2,1,6,200800063165A01,7,0,1
200800063194,2008-11-04,2008,novembre,mardi,93:0,40,40161,44.093,-0.024,1,1,2,1,1,3,2,02,1,1,000,074,1,0,1,3,1,57,5,0,0,00,2,4,2,200800063194B02,17,2,1
200800063208,2008-11-02,2008,novembre,dimanche,15:15,47,47324,44.639,0.735,2,1,1,1,1,3,2,00,1,1,029,060,1,5,1,3,2,83,3,0,0,00,2,0,1,200800063208B02,7,0,1
200800063209,2008-11-21,2008,novembre,vendredi,16:30,47,47185,0,0,1,1,6,1,2,3,2,02,1,1,000,000,2,0,1,3,1,76,5,0,0,00,2,1,1,200800063209A01,,,
200800063315,2008-11-03,2008,novembre,lundi,16:30,31,31561,43.651,1.47,2,1,1,1,1,3,2,02,2,1,000,000,1,0,0,3,1,37,5,0,0,00,2,1,2,200800063315B02,7,2,1
200800063338,2008-11-10,2008,novembre,lundi,16:45,12,12161,44.484,2.496,1,1,1,1,1,3,2,02,2,2,000,040,1,0,1,3,1,51,5,0,0,00,2,1,1,200800063338B02,7,1,1
200800063417,2008-11-19,2008,novembre,mercredi,81:5,01,01175,0,0,2,1,1,1,1,3,3,02,1,1,000,000,1,0,1,3,2,13,2,0,0,00,2,3,13,200800063417B02,7,17,1
200800063432,2008-11-23,2008,novembre,dimanche,11:45,66,66011,0,0,2,1,2,1,1,3,-1,02,1,-1,000,000,1,0,1,3,1,59,0,0,0,00,2,4,2,200800063432B02,7,2,1
200800063440,2008-11-13,2008,novembre,jeudi,13:45,66,66008,42.98,2.648,1,1,1,1,6,2,-1,00,1,3,000,060,1,3,1,2,1,78,5,0,0,00,2,1,5,200800063440A01,7,1,1
200800063505,2008-11-07,2008,novembre,vendredi,18:15,18,18197,46.718,2.534,1,1,2,3,2,3,2,02,1,1,000,045,2,0,1,3,1,75,5,1,4,00,2,4,1,200800063505B02,7,1,1
200800063568,2008-11-24,2008,novembre,lundi,17:30,47,47195,44.171,0.318,1,1,3,2,3,3,2,00,1,1,000,035,4,0,1,3,1,13,2,1,4,00,2,7,15,200800063568A01,7,1,1
200800063573,2008-11-18,2008,novembre,mardi,13:15,35,35051,0,0,1,6,1,1,8,3,2,02,-1,1,000,060,2,0,1,3,1,40,5,1,2,00,2,2,15,200800063573B02,7,9,1
200800063618,2008-11-25,2008,novembre,mardi,13:30,67,67106,48.769,7.954,2,1,3,1,1,4,2,02,1,1,000,055,1,0,1,3,1,9,2,1,2,00,2,8,19,200800063618B02,7,1,1
200800063623,2008-11-15,2008,novembre,samedi,16:30,41,41148,47.629,1.434,1,1,1,1,1,3,2,02,1,3,000,060,2,0,1,2,2,81,3,0,0,00,2,1,1,200800063623B02,7,13,1
200800063672,2008-11-21,2008,novembre,vendredi,11:45,34,34337,43.545,3.851,1,1,6,1,6,9,-1,00,1,1,000,020,1,0,5,4,1,63,5,1,2,08,0,1,1,200800063672A01,,,
200800063746,2008-11-13,2008,novembre,jeudi,17:30,68,68156,47.918,7.262,1,1,2,3,1,3,2,00,1,1,000,060,1,0,1,3,1,49,1,1,4,00,0,6,2,200800063746B02,7,2,1
200800063778,2008-11-17,2008,novembre,lundi,10:49,56,56162,0,0,2,1,3,1,1,9,2,02,1,1,000,000,1,0,1,3,1,68,5,1,9,00,2,1,1,200800063778A01,20,15,1
200800063779,2008-11-17,2008,novembre,lundi,14:06,56,56162,0,0,1,6,3,1,1,3,1,01,1,2,000,000,1,0,1,3,1,41,5,1,9,00,2,7,1,200800063779B01,7,1,1
200800063783,2008-11-19,2008,novembre,mercredi,14:00,56,56121,0,0,2,1,6,1,1,9,2,02,1,1,000,000,1,0,1,4,1,54,0,1,9,00,1,1,1,200800063783A01,,,
200800063785,2008-11-19,2008,novembre,mercredi,17:44,56,56121,0,0,2,6,3,1,1,9,1,02,1,2,000,000,1,0,1,4,2,45,0,1,9,00,2,5,1,200800063785B01,7,1,1
200800063787,2008-11-07,2008,novembre,vendredi,12:35,54,54395,0,0,2,3,3,1,1,4,1,01,1,1,000,000,1,0,1,4,2,46,1,1,2,00,2,1,1,200800063787B01,7,1,1
200800063789,2008-11-08,2008,novembre,samedi,20:50,54,54395,0,0,2,1,6,5,1,4,1,02,1,1,000,000,1,0,1,4,1,19,5,1,2,00,2,0,0,200800063789A01,7,0,1
200800063790,2008-11-09,2008,novembre,dimanche,11:15,54,54547,0,0,2,3,6,1,2,4,1,02,1,1,000,000,2,0,1,4,1,19,5,1,2,00,2,8,1,200800063790A01,7,16,1
200800063793,2008-11-13,2008,novembre,jeudi,13:10,54,54395,0,0,1,1,3,1,1,4,2,02,1,1,000,108,1,0,1,4,1,31,1,1,2,00,2,1,9,200800063793A01,7,1,1
200800063795,2008-11-17,2008,novembre,lundi,18:05,54,54274,0,0,2,3,7,5,1,4,2,02,1,1,000,000,1,0,0,4,1,29,5,1,9,00,1,1,1,200800063795A01,,,
200800063811,2008-11-26,2008,novembre,mercredi,13:40,54,54395,0,0,2,1,3,1,1,4,2,04,1,1,000,000,1,0,4,4,1,25,1,1,2,00,2,1,1,200800063811A01,7,1,1
200800063823,2008-11-06,2008,novembre,jeudi,17:30,55,55029,0,0,2,1,3,5,1,4,2,02,1,1,000,000,1,0,1,4,1,18,5,1,9,00,2,1,9,200800063823A01,7,1,1
200800063837,2008-11-05,2008,novembre,mercredi,13:55,58,58194,0,0,2,3,3,1,1,4,2,02,-1,1,000,061,1,0,1,3,1,16,5,1,9,00,2,1,1,200800063837A01,7,1,1
200800063840,2008-11-12,2008,novembre,mercredi,12:35,58,58194,0,0,2,1,6,1,2,4,2,02,1,1,000,085,2,0,1,3,1,41,9,1,9,01,0,0,1,200800063840A01,,,
200800063841,2008-11-17,2008,novembre,lundi,18:20,58,58194,0,0,2,3,3,5,1,4,1,01,1,1,000,060,1,0,0,4,2,64,0,1,9,00,2,3,1,200800063841B01,7,15,1
200800063856,2008-11-27,2008,novembre,jeudi,17:30,56,56098,0,0,2,6,3,1,1,9,1,02,1,2,000,000,1,0,1,3,1,47,0,1,9,00,2,5,1,200800063856B01,7,1,1
200800063870,2008-11-25,2008,novembre,mardi,13:55,56,56260,0,0,2,1,3,1,8,4,1,02,1,1,000,000,2,6,1,4,1,40,5,1,2,00,2,4,1,200800063870B01,7,1,1
200800063891,2008-11-22,2008,novembre,samedi,13:55,57,57463,0,0,2,1,6,1,1,4,2,02,2,1,000,082,1,0,1,4,1,12,5,1,4,00,2,1,9,200800063891A01,7,1,1
200800063945,2008-11-08,2008,novembre,samedi,12:30,59,59009,0,0,2,2,3,1,1,4,2,02,1,1,000,067,1,0,1,4,1,57,3,1,9,00,2,1,1,200800063945B01,7,1,1
200800063951,2008-11-11,2008,novembre,mardi,16:05,59,59009,0,0,2,1,3,1,1,4,-1,00,1,-1,000,000,1,0,1,4,2,24,9,1,9,00,2,8,19,200800063951B01,7,16,1
200800063961,2008-11-17,2008,novembre,lundi,84:5,59,59350,0,0,2,1,2,1,1,4,2,02,1,1,000,070,1,0,1,4,1,58,9,1,4,00,2,1,1,200800063961B01,7,20,1
200800063978,2008-11-24,2008,novembre,lundi,13:45,59,59328,0,0,1,9,6,1,1,4,2,00,1,1,000,120,1,0,1,3,2,21,1,1,9,00,2,7,19,200800063978A01,7,15,1
200800063987,2008-11-26,2008,novembre,mercredi,17:20,59,59378,0,0,2,2,3,5,2,4,2,02,1,1,000,000,2,5,1,4,2,56,1,1,2,00,2,1,1,200800063987B01,7,15,1
200800064026,2008-11-19,2008,novembre,mercredi,14:25,59,59339,0,0,1,4,1,1,1,4,2,02,1,1,000,000,1,0,1,3,1,17,9,1,2,00,2,1,5,200800064026A01,7,1,1
200800064055,2008-11-19,2008,novembre,mercredi,80:0,59,59484,0,0,2,3,2,1,1,4,2,02,1,1,000,070,2,0,1,4,1,17,0,1,9,00,2,8,15,200800064055B01,7,1,1
200800064066,2008-11-22,2008,novembre,samedi,13:10,59,59447,0,0,2,1,3,1,4,4,2,02,1,1,000,080,2,0,1,3,2,64,5,1,9,00,2,4,16,200800064066A01,7,1,1
200800064084,2008-11-08,2008,novembre,samedi,11:25,62,62724,0,0,1,6,3,1,1,3,2,02,1,3,000,000,1,5,1,4,1,46,5,1,9,00,2,4,1,200800064084B01,7,1,1
200800064102,2008-11-01,2008,novembre,samedi,30:,62,62244,0,0,2,1,6,3,2,3,2,02,1,1,000,080,2,0,1,3,2,21,0,1,4,00,0,4,1,200800064102B01,99,0,1
200800064111,2008-11-16,2008,novembre,dimanche,19:35,62,62215,0,0,1,1,2,3,2,3,-1,01,1,1,000,108,-1,0,5,4,1,19,5,1,9,00,2,0,0,200800064111B01,30,1,1
200800064123,2008-11-19,2008,novembre,mercredi,14:50,62,62186,0,0,2,6,3,1,1,4,2,02,1,-1,000,076,1,5,1,4,2,62,3,1,9,00,2,1,0,200800064123B01,10,9,1
200800064174,2008-11-26,2008,novembre,mercredi,18:20,66,66136,0,0,1,1,2,3,1,3,2,02,1,1,000,062,1,0,1,3,1,40,5,1,2,00,2,4,1,200800064174B01,7,1,1
200800064186,2008-11-04,2008,novembre,mardi,15:25,67,67482,0,0,2,3,3,1,1,4,2,02,1,1,000,120,1,0,1,4,1,80,5,1,2,00,2,1,1,200800064186A01,7,15,1
200800064194,2008-11-08,2008,novembre,samedi,15:05,67,67482,0,0,2,2,3,1,1,4,2,02,1,1,000,052,1,0,1,4,1,21,5,1,2,00,2,2,1,200800064194A01,7,1,1
200800064197,2008-11-12,2008,novembre,mercredi,12:30,67,67482,0,0,2,1,3,1,1,4,2,04,1,1,020,140,1,0,1,4,2,20,9,1,9,00,2,8,19,200800064197A01,33,15,1
200800064203,2008-11-19,2008,novembre,mercredi,19:10,67,67482,0,0,2,3,3,5,1,4,2,01,1,1,000,080,1,0,1,4,2,57,5,1,4,00,2,1,1,200800064203B01,7,15,1
200800064205,2008-11-21,2008,novembre,vendredi,18:05,67,67482,0,0,2,1,1,4,1,4,2,02,1,1,018,050,1,0,5,4,2,21,1,1,9,00,2,1,1,200800064205B01,2,1,1
200800064206,2008-11-21,2008,novembre,vendredi,94:5,67,67482,0,0,2,2,3,1,2,4,2,03,1,1,000,090,2,4,5,4,2,21,0,1,4,00,2,7,1,200800064206B01,7,15,1
200800064220,2008-11-09,2008,novembre,dimanche,19:15,63,63113,0,0,2,1,7,5,1,4,1,02,2,1,000,000,1,0,1,4,1,48,5,1,9,00,2,0,1,200800064220B01,7,16,1
200800064276,2008-11-10,2008,novembre,lundi,12:20,64,64445,0,0,2,2,3,1,1,4,2,03,1,1,000,130,1,0,1,4,1,27,2,1,2,00,2,0,1,200800064276B01,7,15,1
200800064284,2008-11-25,2008,novembre,mardi,14:45,64,64445,0,0,2,1,3,1,1,4,1,01,1,1,000,000,1,0,1,1,1,46,5,1,9,00,2,7,1,200800064284B01,37,16,1
200800064286,2008-11-27,2008,novembre,jeudi,14:10,64,64445,0,0,2,1,3,1,1,2,3,02,1,1,000,000,1,5,1,4,1,65,5,1,2,00,2,1,1,200800064286B01,7,16,1
200800064289,2008-11-26,2008,novembre,mercredi,16:00,64,64348,0,0,2,6,3,1,1,4,1,02,1,1,000,000,1,0,1,4,1,54,5,1,2,00,2,1,1,200800064289B01,7,1,1
200800064296,2008-11-14,2008,novembre,vendredi,90:0,64,64483,0,0,2,1,3,1,1,4,1,02,1,2,000,000,2,0,1,4,1,72,3,1,9,00,2,1,1,200800064296B01,7,1,1
200800064298,2008-11-10,2008,novembre,lundi,17:32,34,34172,43.62175,3.87446,2,3,3,5,1,4,2,02,1,1,000,060,1,0,1,4,1,40,5,1,9,00,2,1,1,200800064298A01,7,1,1
200800064368,2008-11-26,2008,novembre,mercredi,19:01,34,34172,0,0,2,1,3,5,1,4,1,01,1,1,000,035,1,0,1,3,1,49,0,1,2,00,2,0,0,200800064368B01,7,0,1
200800064369,2008-11-27,2008,novembre,jeudi,15:45,34,34172,0,0,2,1,1,1,1,4,2,02,2,1,005,040,1,0,1,4,1,18,5,1,9,00,2,2,7,200800064369A01,7,8,1
200800064383,2008-11-03,2008,novembre,lundi,13:25,35,35238,0,0,2,2,3,1,2,4,2,00,-1,1,000,000,2,5,0,4,1,20,2,1,4,00,2,1,1,200800064383A01,7,1,1
200800064387,2008-11-05,2008,novembre,mercredi,17:15,35,35238,0,0,2,1,3,1,8,4,1,02,3,1,000,060,1,0,1,4,2,14,5,1,2,00,2,8,19,200800064387A01,7,1,1
200800064389,2008-11-06,2008,novembre,jeudi,83:5,35,35238,0,0,2,2,3,1,1,4,2,02,1,1,000,060,1,0,1,4,2,15,2,1,2,00,2,1,15,200800064389B01,7,19,1
200800064390,2008-11-07,2008,novembre,vendredi,16:05,35,35238,0,0,2,1,6,1,1,4,2,02,1,1,000,000,1,6,1,4,1,18,2,1,2,00,1,1,1,200800064390A01,,,
200800064390,2008-11-07,2008,novembre,vendredi,16:05,35,35238,0,0,2,1,6,1,1,4,2,02,1,1,000,000,1,6,1,4,2,41,9,0,0,00,1,1,1,200800064390A01,,,
200800064407,2008-11-18,2008,novembre,mardi,75:5,35,35238,0,0,2,2,2,5,2,4,1,00,1,1,000,065,2,0,0,3,2,52,1,1,4,00,2,4,0,200800064407B01,7,16,1
200800064421,2008-11-25,2008,novembre,mardi,19:30,35,35238,0,0,2,2,6,5,2,4,2,00,-1,-1,000,060,2,5,0,1,2,18,2,1,4,00,1,1,1,200800064421A01,,,
200800064429,2008-11-01,2008,novembre,samedi,11:31,35,35288,0,0,2,6,3,1,3,4,2,02,1,1,000,000,2,0,1,4,1,43,1,1,2,00,0,7,1,200800064429B01,7,9,1
200800064437,2008-11-29,2008,novembre,samedi,10:30,35,35093,0,0,2,1,3,1,1,4,2,02,1,1,000,000,1,0,1,3,1,13,5,1,9,00,2,8,15,200800064437B01,7,17,1
200800064440,2008-11-13,2008,novembre,jeudi,18:25,36,36044,0,0,2,3,2,5,1,4,1,01,2,1,000,050,1,0,1,3,1,87,5,1,4,00,2,7,23,200800064440B01,7,4,1
200800064460,2008-11-04,2008,novembre,mardi,81:5,37,37195,0,0,2,6,3,1,1,4,-1,00,-1,-1,000,000,-1,0,0,2,2,18,4,1,2,00,2,1,19,200800064460B01,15,19,1
200800064468,2008-11-14,2008,novembre,vendredi,84:5,37,37261,0,0,2,3,3,1,8,4,2,02,1,1,000,070,2,0,1,4,2,52,1,1,9,00,2,8,15,200800064468B01,7,1,1
200800064475,2008-11-19,2008,novembre,mercredi,75:0,38,38185,0,0,2,1,3,1,1,4,1,01,1,1,000,033,1,0,1,3,2,39,1,1,2,00,2,0,16,200800064475B01,14,16,1
200800064491,2008-11-28,2008,novembre,vendredi,11:50,40,40192,0,0,2,1,3,1,1,4,2,02,1,1,000,068,1,0,1,3,1,88,5,1,2,00,2,8,15,200800064491B01,7,1,1
200800064508,2008-11-15,2008,novembre,samedi,15:15,41,41269,0,0,2,3,1,1,1,4,2,02,1,1,000,068,1,0,1,3,2,72,5,1,9,00,2,4,1,200800064508A01,7,1,1
200800064518,2008-11-10,2008,novembre,lundi,13:01,42,42187,46.0403,4.05354,2,3,3,1,1,4,2,02,1,1,000,070,1,5,1,4,1,17,5,1,4,00,2,7,0,200800064518A01,2,1,1
200800064537,2008-11-09,2008,novembre,dimanche,16:00,42,42218,0,0,2,1,3,1,1,4,2,02,2,1,000,060,1,0,1,4,2,48,5,1,2,00,2,1,1,200800064537B01,7,9,1
200800064557,2008-11-02,2008,novembre,dimanche,15:05,44,44135,0,0,2,1,3,1,1,4,2,01,1,1,000,080,1,0,1,4,2,79,0,1,2,01,0,7,1,200800064557B01,7,22,1
200800064567,2008-11-06,2008,novembre,jeudi,94:0,44,44162,0,0,2,6,5,1,1,3,2,02,1,3,000,000,1,0,1,4,1,19,0,1,9,00,0,7,6,200800064567B01,7,6,2
200800064568,2008-11-06,2008,novembre,jeudi,13:35,44,44190,0,0,2,1,6,1,1,4,2,02,1,2,000,000,1,0,1,3,1,55,1,1,2,00,2,4,1,200800064568B01,7,1,1
200800064598,2008-11-25,2008,novembre,mardi,91:2,44,44190,0,0,2,1,6,1,1,4,2,02,1,1,000,000,1,0,1,4,2,44,4,1,9,01,0,1,1,200800064598B01,7,22,1
200800064602,2008-11-17,2008,novembre,lundi,81:0,44,44114,0,0,2,6,6,2,1,4,-1,01,-1,-1,000,000,-1,0,0,4,1,14,2,1,9,00,2,0,1,200800064602A01,,,
200800064613,2008-11-19,2008,novembre,mercredi,10:45,44,44184,0,0,2,6,3,1,1,4,2,02,1,2,000,099,1,0,1,4,2,35,1,1,9,00,2,0,0,200800064613B01,7,1,1
200800064654,2008-11-12,2008,novembre,mercredi,11:00,47,47323,0,0,2,2,3,1,1,4,2,02,1,1,000,077,1,0,5,4,1,79,3,1,4,00,2,1,1,200800064654B01,7,9,1
200800064662,2008-11-05,2008,novembre,mercredi,80:1,49,49007,0,0,2,1,7,2,1,4,3,04,1,1,005,120,1,0,0,4,1,34,5,1,2,00,0,0,0,200800064662A01,,,
200800064673,2008-11-12,2008,novembre,mercredi,92:1,49,49007,0,0,2,1,7,1,1,4,1,01,1,1,000,037,1,0,1,4,1,55,1,1,2,00,0,0,0,200800064673A01,,,
200800064675,2008-11-12,2008,novembre,mercredi,14:55,49,49007,0,0,2,1,7,1,1,4,1,01,1,1,000,120,1,0,1,4,1,59,0,1,2,00,0,1,1,200800064675A01,,,
200800064681,2008-11-14,2008,novembre,vendredi,72:6,49,49007,0,0,2,1,6,2,1,4,-1,02,2,-1,000,000,-1,0,1,4,2,25,1,1,4,00,0,0,0,200800064681A01,,,
200800064691,2008-11-22,2008,novembre,samedi,12:15,49,49246,0,0,2,1,3,1,1,4,2,02,1,1,000,070,1,0,1,4,1,61,5,1,2,00,2,3,15,200800064691A01,3,1,1
200800064697,2008-11-26,2008,novembre,mercredi,91:5,49,49007,0,0,2,1,3,1,1,4,2,03,1,1,000,090,1,0,1,4,1,44,0,1,2,00,2,7,7,200800064697B01,10,16,1
200800064716,2008-11-18,2008,novembre,mardi,14:00,50,50129,0,0,2,4,3,1,1,3,3,04,1,1,000,000,1,5,1,4,1,83,5,1,2,00,2,1,1,200800064716A01,7,1,1
200800064757,2008-11-04,2008,novembre,mardi,12:27,54,54395,0,0,2,1,6,1,1,4,1,02,2,1,000,080,1,0,1,1,1,23,5,1,2,00,1,1,1,200800064757A01,,,
200800064807,2008-11-01,2008,novembre,samedi,15:15,93,93046,0,0,2,5,3,1,2,2,-1,02,1,1,000,000,2,5,1,4,1,12,0,1,9,00,2,2,15,200800064807B01,7,1,1
200800064834,2008-11-04,2008,novembre,mardi,14:10,93,93008,0,0,2,8,1,1,1,4,1,01,1,-1,000,020,1,4,1,4,1,7,5,1,9,00,2,5,19,200800064834B01,7,0,1
200800064856,2008-11-24,2008,novembre,lundi,16:30,93,93051,0,0,2,1,3,1,1,3,2,00,1,1,000,000,1,0,1,3,1,64,5,1,9,00,2,1,17,200800064856B01,7,15,1
200800064868,2008-11-19,2008,novembre,mercredi,13:00,93,93055,0,0,2,1,3,1,1,9,-1,01,1,2,000,000,2,0,5,3,2,43,9,1,9,00,2,7,0,200800064868B01,7,2,1
200800064899,2008-11-12,2008,novembre,mercredi,16:45,93,93066,0,0,2,9,6,1,1,3,2,04,1,1,000,200,1,0,1,4,1,34,0,1,9,01,0,1,1,200800064899B01,7,0,1
200800064975,2008-11-14,2008,novembre,vendredi,83:5,94,94017,0,0,2,2,6,1,2,4,-1,01,1,-1,000,000,2,0,1,4,2,23,1,1,9,00,2,4,1,200800064975B01,32,17,1
200800065021,2008-11-06,2008,novembre,jeudi,17:00,94,94076,0,0,2,2,3,1,1,2,2,02,1,1,000,000,1,5,0,4,1,59,0,0,0,00,2,1,1,200800065021B01,7,15,1
200800065108,2008-11-16,2008,novembre,dimanche,12:00,94,94068,0,0,2,1,6,1,1,4,2,02,1,1,000,042,1,0,1,4,1,71,5,1,2,01,0,1,21,200800065108B01,7,22,1
200800065126,2008-11-03,2008,novembre,lundi,63:5,95,95176,0,0,2,6,6,5,1,3,3,02,1,2,020,080,1,5,0,4,1,65,1,1,4,00,2,0,1,200800065126B01,7,0,1
200800065127,2008-11-04,2008,novembre,mardi,12:25,95,95176,0,0,2,2,3,1,1,4,1,01,4,1,000,058,1,0,1,4,1,19,1,1,2,00,2,1,1,200800065127A01,7,1,1
200800065153,2008-11-30,2008,novembre,dimanche,70:0,67,67482,0,0,2,2,3,5,1,4,2,02,1,1,020,150,1,0,1,4,1,65,0,1,9,00,2,7,19,200800065153B01,7,1,1
200800065178,2008-11-25,2008,novembre,mardi,18:10,68,68224,0,0,2,6,2,5,1,4,2,00,1,1,126,082,1,5,1,4,1,62,0,1,9,00,0,4,1,200800065178B01,7,1,1
200800065194,2008-11-27,2008,novembre,jeudi,18:50,69,69152,0,0,2,4,3,5,1,4,2,02,1,1,000,080,1,0,1,3,2,50,1,1,2,00,2,2,1,200800065194B01,7,15,1
200800065198,2008-11-04,2008,novembre,mardi,55:0,69,69199,0,0,2,2,3,5,1,3,1,01,-1,-1,000,060,-1,0,5,4,2,33,1,1,4,00,2,1,1,200800065198B01,7,1,1
200800065202,2008-11-13,2008,novembre,jeudi,15:05,69,69259,0,0,2,1,5,1,1,4,2,02,1,1,000,080,1,0,1,4,1,42,0,1,2,01,0,1,1,200800065202B01,7,22/0,2
200800065220,2008-11-08,2008,novembre,samedi,23:15,69,69266,0,0,2,1,3,5,1,4,2,02,1,1,000,225,1,0,1,4,1,20,5,1,9,00,2,4,19,200800065220A01,7,1,1
200800065222,2008-11-10,2008,novembre,lundi,18:30,69,69266,0,0,2,1,1,5,1,4,2,02,1,1,000,000,1,0,1,4,1,38,1,1,9,00,2,1,1,200800065222B01,7,10,1
200800065225,2008-11-22,2008,novembre,samedi,17:50,69,69266,0,0,2,4,1,5,2,4,2,00,1,1,070,011,1,0,1,4,1,20,5,1,4,00,2,1,1,200800065225B01,7,1,1
200800065226,2008-11-27,2008,novembre,jeudi,15:,67,67482,0,0,2,2,3,5,1,4,2,02,1,1,000,082,1,0,1,4,2,25,0,1,2,00,2,1,1,200800065226B01,7,1,1
200800065236,2008-11-22,2008,novembre,samedi,19:10,71,71076,0,0,2,1,3,5,1,3,2,02,1,1,000,000,1,0,1,3,1,22,9,1,4,00,2,8,19,200800065236B01,7,1,1
200800065238,2008-11-25,2008,novembre,mardi,18:00,71,71076,0,0,2,1,3,5,1,4,2,02,1,1,000,063,1,0,1,3,1,24,1,1,9,00,2,6,19,200800065238A01,7,1,1
200800065274,2008-11-28,2008,novembre,vendredi,73:5,74,74012,0,0,2,1,3,2,1,4,2,02,1,1,000,000,1,0,4,3,1,40,1,1,4,00,2,8,5,200800065274B01,7,16,1