Num_Acc,date,an,mois,jour,hrmn,dep,com,lat,long,agg,int,col,lum,atm,catr,circ,nbv,prof,plan,lartpc,larrout,surf,infra,situ,grav,sexe,age,trajet,secuexist,equipement,obs,obsm,choc,manv,vehiculeid,typevehicules,manoeuvehicules,numVehicules
200800065303,2008-11-11,2008,novembre,mardi,40:0,76,76351,0,0,2,1,6,5,1,4,2,02,-1,-1,000,000,1,0,1,4,2,25,0,1,9,00,2,0,0,200800065303A01,7,0,1
200800065315,2008-11-02,2008,novembre,dimanche,20:20,77,77152,0,0,2,1,3,5,1,3,-1,01,1,1,000,051,1,0,1,3,2,33,5,1,9,00,2,6,2,200800065315B01,7,2,1
200800065315,2008-11-02,2008,novembre,dimanche,20:20,77,77152,0,0,2,1,3,5,1,3,-1,01,1,1,000,051,1,0,1,3,2,4,0,1,2,00,2,6,2,200800065315B01,7,2,1
200800065320,2008-11-13,2008,novembre,jeudi,10:35,77,77186,0,0,2,1,6,1,1,4,2,02,1,1,000,103,1,0,1,3,2,58,5,1,2,01,0,1,17,200800065320B01,15,22,1
200800065351,2008-11-14,2008,novembre,vendredi,18:00,78,78297,0,0,2,2,3,5,2,3,2,01,1,1,000,000,2,0,1,3,1,11,5,1,9,00,2,7,0,200800065351A01,7,1,1
200800065363,2008-11-19,2008,novembre,mercredi,81:5,78,78354,0,0,2,2,3,1,1,3,2,02,1,1,000,000,1,0,1,4,2,47,1,1,9,00,0,1,1,200800065363A01,7,15,1
200800065430,2008-11-06,2008,novembre,jeudi,75:0,80,80021,0,0,2,1,6,1,1,4,2,02,1,1,000,050,1,0,1,4,1,20,0,1,4,00,1,1,1,200800065430A01,,,
200800065453,2008-11-25,2008,novembre,mardi,10:54,80,80021,0,0,2,2,3,1,1,4,2,02,1,1,000,000,-1,0,1,4,1,69,5,1,4,00,2,1,1,200800065453B01,7,15,1
200800065520,2008-11-21,2008,novembre,vendredi,14:48,83,83137,0,0,2,1,5,1,1,4,2,03,3,1,000,000,1,0,1,4,1,15,3,1,9,00,2,0,19,200800065520B01,7,23/0,2
200800065523,2008-11-24,2008,novembre,lundi,83:0,83,83137,0,0,2,1,6,1,1,4,-1,02,1,1,000,060,2,0,1,1,1,41,5,1,9,00,1,7,17,200800065523A01,,,
200800065565,2008-11-12,2008,novembre,mercredi,18:15,85,85194,0,0,2,2,2,5,1,4,2,02,1,1,000,000,1,0,1,4,1,48,1,1,9,00,2,4,15,200800065565B01,7,5,1
200800065568,2008-11-19,2008,novembre,mercredi,92:5,85,85194,0,0,2,6,3,1,1,4,1,01,1,-1,000,000,1,0,0,3,1,75,5,1,2,00,2,0,2,200800065568B01,7,2,1
200800065570,2008-11-28,2008,novembre,vendredi,10:25,86,86066,0,0,2,6,3,1,2,4,1,02,1,2,160,080,2,5,1,3,2,72,5,1,9,00,2,0,0,200800065570B01,7,9,1
200800065626,2008-11-01,2008,novembre,samedi,18:15,88,88160,0,0,2,1,2,5,2,3,2,02,1,1,000,070,2,0,1,3,1,26,1,1,4,00,0,4,2,200800065626A01,7,2,1
200800065634,2008-11-06,2008,novembre,jeudi,12:10,89,89387,0,0,2,1,3,1,1,4,2,02,1,1,000,096,1,0,5,4,1,14,9,1,2,00,2,0,5,200800065634A01,7,0,1
200800065647,2008-11-27,2008,novembre,jeudi,14:00,90,90010,0,0,2,1,3,1,1,4,1,00,1,1,000,000,1,0,1,4,2,74,5,1,9,00,2,2,1,200800065647B01,7,3,1
200800065674,2008-11-18,2008,novembre,mardi,14:00,91,91223,0,0,1,1,3,1,1,2,1,01,1,1,000,050,1,3,1,4,1,16,0,1,2,00,2,1,1,200800065674B01,15,1,1
200800065697,2008-11-25,2008,novembre,mardi,75:0,92,92009,0,0,2,1,6,1,1,2,2,02,1,1,000,060,1,0,1,4,2,15,2,1,9,00,2,1,1,200800065697B01,7,15,1
200800065699,2008-11-29,2008,novembre,samedi,10:05,92,92004,0,0,2,3,3,1,1,4,1,01,-1,-1,000,000,1,0,0,4,2,56,1,1,4,00,2,1,2,200800065699A01,7,15,1
200800065701,2008-11-04,2008,novembre,mardi,13:35,92,92032,0,0,2,3,3,1,1,3,2,01,2,2,000,035,1,5,1,4,1,19,5,1,2,00,2,1,1,200800065701B01,7,0,1
200800065712,2008-11-19,2008,novembre,mercredi,22:50,91,91691,0,0,2,3,3,5,1,3,2,02,1,1,000,070,1,0,1,4,1,19,0,1,2,00,2,1,5,200800065712B01,7,16,1
200800065721,2008-11-24,2008,novembre,lundi,20:00,91,91471,0,0,2,1,7,4,2,4,1,01,1,-1,000,000,2,0,1,4,1,51,0,1,2,00,0,0,1,200800065721A01,,,
200800065730,2008-11-07,2008,novembre,vendredi,12:20,91,91549,0,0,2,1,6,1,1,3,2,02,1,1,000,070,1,0,1,4,1,28,1,1,2,00,2,0,19,200800065730B01,7,1,1
200800065747,2008-11-03,2008,novembre,lundi,15:30,92,92004,0,0,2,2,3,1,1,4,2,02,-1,-1,000,000,1,0,1,4,1,8,5,1,2,00,2,8,0,200800065747A01,7,0,1
200800065770,2008-11-22,2008,novembre,samedi,19:00,92,92025,0,0,2,1,3,5,1,3,2,02,1,1,000,070,1,0,1,4,1,18,0,1,2,00,2,4,2,200800065770B01,7,22,1
200800065777,2008-11-14,2008,novembre,vendredi,84:5,92,92050,0,0,2,1,2,1,1,3,2,03,2,1,000,054,2,0,1,3,1,27,0,1,2,00,2,1,2,200800065777A01,7,2,1
200800065787,2008-11-21,2008,novembre,vendredi,84:0,92,92062,0,0,2,3,3,1,1,4,2,02,1,1,000,080,1,0,1,4,2,36,1,1,9,00,2,8,11,200800065787B01,2,1,1
200800065798,2008-11-17,2008,novembre,lundi,72:5,92,92026,0,0,2,2,3,5,8,3,2,02,1,1,000,120,1,0,1,4,1,41,1,1,9,00,2,8,15,200800065798B01,7,1,1
200800065838,2008-11-14,2008,novembre,vendredi,81:0,92,92020,0,0,2,1,3,2,1,3,3,04,1,-1,000,000,1,0,1,4,1,30,1,1,9,00,0,0,1,200800065838B01,7,16,1
200800065847,2008-11-26,2008,novembre,mercredi,72:0,92,92049,0,0,2,1,6,2,1,4,1,01,1,1,000,000,1,0,1,4,2,52,0,1,4,00,0,0,1,200800065847B01,7,24,1
200800065865,2008-11-20,2008,novembre,jeudi,16:45,92,92064,0,0,2,1,2,1,1,3,2,02,1,1,000,107,1,0,1,4,2,39,5,1,2,01,0,1,1,200800065865B01,7,22,1
200800065865,2008-11-20,2008,novembre,jeudi,16:45,92,92064,0,0,2,1,2,1,1,3,2,02,1,1,000,107,1,0,1,4,2,2,0,1,2,01,0,1,1,200800065865B01,7,22,1
200800065887,2008-11-12,2008,novembre,mercredi,14:20,92,92046,0,0,2,3,7,1,1,3,2,02,1,2,000,000,1,0,1,1,1,33,0,1,9,00,0,0,19,200800065887B01,33,1,1
200800065900,2008-11-03,2008,novembre,lundi,13:00,93,93001,0,0,2,1,6,1,1,6,2,02,1,2,000,040,1,0,0,3,1,9,5,1,2,00,2,1,1,200800065900A01,,,
200800065903,2008-11-05,2008,novembre,mercredi,12:20,93,93001,0,0,2,1,6,1,8,4,1,01,1,1,000,000,2,0,1,3,1,20,0,1,9,01,0,2,2,200800065903A01,,,
200800065929,2008-11-27,2008,novembre,jeudi,16:00,16,16089,0,0,2,3,3,1,1,4,2,02,1,2,000,000,1,0,1,3,1,74,5,1,2,00,2,1,1,200800065929B01,10,15,1
200800065937,2008-11-19,2008,novembre,mercredi,81:0,17,17299,0,0,2,6,3,1,1,4,2,02,1,1,022,082,1,5,1,4,1,73,9,1,9,00,2,1,1,200800065937B01,7,9,1
200800065942,2008-11-05,2008,novembre,mercredi,19:15,17,17300,0,0,2,1,6,3,1,4,-1,02,-1,-1,000,050,-1,0,1,4,1,17,0,1,9,00,2,1,0,200800065942B01,7,15,1
200800065946,2008-11-09,2008,novembre,dimanche,16:09,17,17300,0,0,2,1,6,1,2,4,2,02,2,2,000,000,2,2,1,4,1,14,5,1,2,00,2,1,15,200800065946B01,7,1,1
200800065948,2008-11-11,2008,novembre,mardi,17:50,17,17300,0,0,2,1,6,5,1,4,-1,01,1,1,000,000,2,0,4,4,2,17,0,1,9,00,2,1,1,200800065948B01,7,4,1
200800065967,2008-11-30,2008,novembre,dimanche,11:14,17,17028,0,0,2,1,7,1,1,4,2,02,1,1,000,050,1,0,1,4,2,52,0,1,9,00,0,0,0,200800065967A01,,,
200800065968,2008-11-17,2008,novembre,lundi,10:05,17,17300,0,0,1,1,2,1,1,3,2,02,1,1,000,078,1,0,1,2,1,76,5,1,4,00,2,4,1,200800065968B01,7,2,1
200800066030,2008-11-11,2008,novembre,mardi,74:0,21,21231,0,0,2,1,2,2,3,4,2,02,1,1,000,000,2,0,1,3,1,19,5,1,9,00,2,4,2,200800066030B01,7,2,1
200800066035,2008-11-13,2008,novembre,jeudi,10:53,21,21231,0,0,2,2,3,1,1,4,3,04,1,1,000,064,1,0,1,4,2,21,2,1,9,00,2,0,1,200800066035B01,7,11,1
200800066039,2008-11-14,2008,novembre,vendredi,15:50,21,21231,0,0,2,2,3,1,1,4,2,02,1,1,000,000,1,0,1,4,1,57,5,1,9,00,2,1,1,200800066039B01,7,15,1
200800066045,2008-11-18,2008,novembre,mardi,18:11,21,21231,0,0,2,1,6,5,2,4,2,02,1,1,000,080,2,0,1,4,2,20,0,1,9,00,2,1,19,200800066045B01,7,1,1
200800066057,2008-11-26,2008,novembre,mercredi,12:39,21,21231,0,0,2,1,6,1,1,4,3,05,1,1,000,140,1,0,4,1,1,57,5,1,2,00,1,1,1,200800066057A01,,,
200800066061,2008-11-28,2008,novembre,vendredi,85:4,21,21231,0,0,2,2,3,1,1,4,1,01,1,1,000,055,1,5,0,4,1,36,1,1,2,00,2,1,15,200800066061B01,7,19,1
200800066072,2008-11-08,2008,novembre,samedi,14:45,22,22278,0,0,2,1,3,1,1,4,2,02,1,1,000,090,1,0,1,4,1,51,5,1,2,01,0,1,1,200800066072B01,7,24,1
200800066077,2008-11-13,2008,novembre,jeudi,60:0,22,22278,0,0,2,1,6,5,1,4,2,02,-1,1,000,070,1,0,1,4,1,38,0,1,2,00,0,8,0,200800066077B01,7,1,1
200800066080,2008-11-14,2008,novembre,vendredi,15:25,22,22278,0,0,2,6,3,1,1,3,3,02,1,1,000,000,1,0,1,3,1,43,0,1,2,00,0,4,1,200800066080B01,7,9,1
200800066084,2008-11-20,2008,novembre,jeudi,12:53,22,22360,0,0,2,1,7,1,2,4,2,00,1,1,000,060,2,0,5,4,2,57,5,1,2,00,1,0,21,200800066084A01,,,
200800066085,2008-11-21,2008,novembre,vendredi,10:45,22,22278,0,0,1,1,7,1,1,4,-1,00,-1,-1,000,000,1,0,1,4,1,51,0,1,2,00,0,0,1,200800066085A01,,,
200800066102,2008-11-25,2008,novembre,mardi,20:25,25,25056,0,0,1,1,3,3,1,3,2,02,1,1,000,000,1,0,1,3,1,27,5,1,4,00,2,4,2,200800066102B01,7,2,1
200800066153,2008-11-25,2008,novembre,mardi,75:0,28,28229,0,0,2,2,3,5,1,4,2,02,1,1,000,050,1,0,1,4,1,53,1,1,4,00,2,1,1,200800066153B01,7,15,1
200800066160,2008-11-01,2008,novembre,samedi,12:43,29,29019,0,0,2,1,2,1,1,9,2,02,1,1,000,000,1,0,1,1,1,13,0,1,2,00,2,1,1,200800066160A01,1,1,1
200800066160,2008-11-01,2008,novembre,samedi,12:43,29,29019,0,0,2,1,2,1,1,9,2,02,1,1,000,000,1,0,1,4,2,13,0,1,2,00,2,4,1,200800066160B01,1,1,1
200800066162,2008-11-05,2008,novembre,mercredi,11:20,29,29019,0,0,2,2,3,1,1,9,2,02,-1,-1,000,000,-1,0,5,4,1,54,0,1,9,00,2,1,1,200800066162B01,7,1,1
200800066226,2008-11-08,2008,novembre,samedi,80:0,30,30189,43.85291,4.39785,2,6,3,5,1,4,1,01,1,2,000,051,1,5,1,4,1,72,0,1,9,00,2,7,1,200800066226B01,7,1,1
200800066235,2008-11-13,2008,novembre,jeudi,16:15,30,30189,43.83879,4.3583,2,1,6,1,1,4,-1,01,1,1,000,000,1,0,1,1,1,40,1,1,9,00,1,1,1,200800066235A01,,,
200800066235,2008-11-13,2008,novembre,jeudi,16:15,30,30189,43.83879,4.3583,2,1,6,1,1,4,-1,01,1,1,000,000,1,0,1,3,2,73,3,0,0,00,1,1,1,200800066235A01,,,
200800066261,2008-11-25,2008,novembre,mardi,13:25,30,30189,0,0,2,1,3,1,1,4,1,01,1,3,000,048,1,0,1,4,1,18,1,1,2,00,2,1,0,200800066261A01,10,1,1
200800066288,2008-11-07,2008,novembre,vendredi,82:0,33,33063,0,0,2,1,3,1,3,4,2,04,1,1,000,000,2,4,1,4,2,20,0,1,9,00,0,2,19,200800066288B01,32,1,1
200800066295,2008-11-10,2008,novembre,lundi,11:05,33,33063,0,0,2,1,6,1,1,4,2,02,1,1,000,096,1,0,1,4,1,70,5,1,9,01,0,1,1,200800066295B01,7,24,1
200800066309,2008-11-12,2008,novembre,mercredi,72:0,94,94021,0,0,2,1,1,5,1,5,2,02,1,1,000,000,1,0,1,2,1,39,4,1,4,00,2,7,19,200800066309B01,14,1,1
200800066405,2008-11-09,2008,novembre,dimanche,40:0,31,31555,0,0,2,1,3,5,2,4,2,02,1,1,000,060,2,0,1,4,2,29,5,1,2,00,2,1,0,200800066405B01,7,0,1
200800066417,2008-11-14,2008,novembre,vendredi,16:34,31,31555,0,0,2,2,1,1,1,4,2,02,1,1,000,063,1,0,1,4,1,34,0,1,9,00,2,1,2,200800066417B01,7,11,1
200800066420,2008-11-13,2008,novembre,jeudi,17:50,31,31555,0,0,2,1,3,5,1,4,2,04,1,1,000,100,1,0,1,4,1,2,0,1,4,00,2,1,1,200800066420B01,7,1,1
200800066450,2008-11-22,2008,novembre,samedi,13:40,31,31555,0,0,2,1,1,1,1,4,2,02,1,1,000,060,1,0,1,4,1,64,0,1,4,00,2,1,1,200800066450A01,2,1,1
200800066459,2008-11-04,2008,novembre,mardi,23:35,31,31555,0,0,2,1,1,5,3,4,1,02,1,2,000,054,2,0,1,4,1,20,5,1,2,00,2,1,5,200800066459A01,7,1,1
200800066479,2008-11-03,2008,novembre,lundi,15:25,92,92012,0,0,2,1,2,1,1,3,1,03,1,1,000,000,1,0,1,4,1,44,0,1,4,00,2,4,1,200800066479B01,10,1,1
200800066505,2008-11-14,2008,novembre,vendredi,13:55,01,01451,0,0,2,6,3,1,1,4,2,02,1,1,000,000,1,0,1,4,2,26,5,1,2,00,2,5,1,200800066505B01,7,9,1
200800066540,2008-11-29,2008,novembre,samedi,12:05,31,31555,0,0,2,1,3,1,1,4,1,02,1,1,000,095,1,0,1,4,1,52,5,1,2,00,2,1,5,200800066540A01,7,1,1
200800066566,2008-11-09,2008,novembre,dimanche,15:05,06,06155,0,0,2,3,3,1,1,4,2,02,2,1,000,060,1,0,1,4,1,10,0,1,2,01,2,8,15,200800066566A01,7,1,1
200800066569,2008-11-16,2008,novembre,dimanche,94:6,06,06004,0,0,1,1,1,1,1,2,2,02,1,1,000,052,1,0,1,3,1,54,5,1,2,00,2,1,17,200800066569B01,7,17,1
200800066581,2008-11-05,2008,novembre,mercredi,17:00,06,06123,0,0,2,1,6,1,2,4,2,02,1,1,000,000,2,0,4,1,1,16,5,1,2,00,1,1,1,200800066581A01,,,
200800066596,2008-11-23,2008,novembre,dimanche,11:30,06,06027,0,0,2,3,3,1,1,4,2,02,-1,1,000,000,1,0,4,4,1,32,9,1,2,00,2,4,1,200800066596A01,2,1,1
200800066626,2008-11-19,2008,novembre,mercredi,17:00,06,06069,0,0,2,1,7,1,1,4,2,02,-1,-1,000,000,1,0,1,4,2,14,0,1,9,00,0,0,0,200800066626A01,,,
200800066627,2008-11-19,2008,novembre,mercredi,17:25,06,06069,0,0,2,1,1,5,1,3,2,02,2,1,000,000,1,0,1,4,1,14,0,1,4,00,0,8,1,200800066627B01,7,15,1
200800066671,2008-11-11,2008,novembre,mardi,14:05,06,06088,0,0,2,1,3,1,1,4,1,02,1,1,000,000,1,0,1,4,1,44,0,1,2,00,2,1,1,200800066671A01,7,1,1
200800066689,2008-11-15,2008,novembre,samedi,16:00,06,06088,0,0,2,1,3,1,1,4,3,06,1,1,000,000,1,0,1,4,1,50,0,1,9,00,2,0,18,200800066689A01,7,23,1
200800066738,2008-11-26,2008,novembre,mercredi,74:5,06,06088,0,0,2,1,2,1,1,4,-1,02,-1,-1,000,000,-1,0,0,4,1,27,0,1,2,00,0,0,0,200800066738A01,1,0,1
200800066738,2008-11-26,2008,novembre,mercredi,74:5,06,06088,0,0,2,1,2,1,1,4,-1,02,-1,-1,000,000,-1,0,0,1,1,37,0,1,2,00,0,0,0,200800066738B01,1,0,1
200800066755,2008-11-13,2008,novembre,jeudi,11:45,07,07102,0,0,2,3,3,1,1,4,2,02,1,1,000,060,1,0,1,2,1,60,5,1,9,00,2,8,0,200800066755B01,7,1,1
200800066769,2008-11-18,2008,novembre,mardi,18:35,10,10387,0,0,2,1,7,5,1,6,2,02,1,1,000,000,1,0,0,1,1,17,0,1,9,00,1,1,0,200800066769A01,,,
200800066769,2008-11-18,2008,novembre,mardi,18:35,10,10387,0,0,2,1,7,5,1,6,2,02,1,1,000,000,1,0,0,4,2,40,5,0,0,00,1,1,0,200800066769A01,,,
200800066771,2008-11-26,2008,novembre,mercredi,14:45,10,10387,0,0,2,1,6,1,1,4,1,02,1,1,000,080,1,0,1,4,1,78,5,1,9,00,0,1,23,200800066771B01,7,4,1
200800066781,2008-11-13,2008,novembre,jeudi,17:00,11,11262,0,0,2,1,7,1,1,4,-1,02,1,1,000,000,-1,0,1,4,1,9,0,1,9,00,0,0,0,200800066781B01,7,4,1
200800066818,2008-11-08,2008,novembre,samedi,72:0,13,13005,0,0,1,6,2,1,1,3,1,01,1,2,000,050,1,0,1,3,1,78,5,1,2,00,2,1,13,200800066818B01,7,2,1
200800066848,2008-11-25,2008,novembre,mardi,90:0,13,13055,0,0,2,1,6,1,1,4,3,02,1,1,000,000,1,0,1,3,1,30,1,1,9,01,0,1,1,200800066848B01,7,22,1
200800066881,2008-11-07,2008,novembre,vendredi,10:40,13,13055,0,0,2,1,2,1,1,4,2,02,1,1,000,000,1,0,1,1,1,44,5,0,0,00,2,4,23,200800066881B01,30,1,1
200800066909,2008-11-01,2008,novembre,samedi,17:50,13,13055,0,0,2,1,3,5,1,4,3,06,2,3,000,000,1,0,1,4,2,41,5,1,2,00,2,8,1,200800066909A01,7,17,1
200800066939,2008-11-20,2008,novembre,jeudi,13:10,13,13055,0,0,2,1,3,1,1,4,2,02,1,1,000,073,1,0,1,4,1,12,0,1,9,00,2,4,15,200800066939B01,7,17,1
200800066990,2008-11-19,2008,novembre,mercredi,19:50,13,13055,0,0,2,2,3,5,1,4,1,01,-1,-1,000,000,-1,0,0,4,1,25,0,1,9,00,2,0,9,200800066990B01,7,1,1
200800067004,2008-11-21,2008,novembre,vendredi,16:45,13,13055,0,0,2,1,7,1,1,4,1,01,1,1,000,060,-1,0,1,4,2,47,1,1,2,00,0,0,1,200800067004B01,7,4,1
200800067064,2008-11-13,2008,novembre,jeudi,82:0,14,14118,0,0,2,1,2,1,1,4,2,02,1,-1,000,060,1,0,1,3,1,20,0,1,2,00,0,4,23,200800067064B01,7,1,1
200800067086,2008-11-08,2008,novembre,samedi,17:23,16,16015,0,0,2,1,2,2,1,4,1,01,1,1,000,035,1,0,1,3,2,76,5,1,4,00,2,4,1,200800067086B01,7,1,1
200800067090,2008-11-13,2008,novembre,jeudi,90:0,33,33063,0,0,2,1,3,1,1,4,1,03,1,1,000,080,1,0,1,4,2,27,0,1,9,00,0,1,14,200800067090B01,32,1,1
200800067107,2008-11-11,2008,novembre,mardi,55:0,33,33039,0,0,2,4,3,5,1,4,3,02,1,3,000,090,1,0,1,4,2,37,1,1,4,00,2,1,15,200800067107B01,10,15,1
200800067112,2008-11-20,2008,novembre,jeudi,12:50,33,33063,0,0,2,2,3,1,1,4,1,01,1,1,000,000,1,0,1,3,1,45,0,1,4,00,2,3,1,200800067112B01,10,16,1
200800067113,2008-11-20,2008,novembre,jeudi,17:50,33,33063,0,0,2,1,6,5,1,4,2,02,1,1,000,110,1,4,1,3,2,55,0,1,9,00,1,1,1,200800067113A01,,,
200800067117,2008-11-15,2008,novembre,samedi,20:28,33,33522,0,0,2,1,1,5,1,4,3,04,1,1,000,000,1,0,5,4,1,21,0,1,4,00,2,1,1,200800067117A01,1,15,1
200800067117,2008-11-15,2008,novembre,samedi,20:28,33,33522,0,0,2,1,1,5,1,4,3,04,1,1,000,000,1,0,5,3,1,21,0,1,9,00,2,1,15,200800067117B01,1,1,1
200800067123,2008-11-22,2008,novembre,samedi,75:0,33,33063,0,0,2,6,3,2,1,4,2,02,1,1,000,000,1,0,1,4,1,18,0,1,9,00,0,0,2,200800067123B01,7,2,1
200800067124,2008-11-21,2008,novembre,vendredi,73:0,33,33063,0,0,2,1,1,3,1,4,2,02,2,1,000,000,2,0,5,3,1,20,0,1,9,00,9,1,1,200800067124A01,1,1,1
200800067124,2008-11-21,2008,novembre,vendredi,73:0,33,33063,0,0,2,1,1,3,1,4,2,02,2,1,000,000,2,0,5,1,1,35,0,1,9,00,9,1,1,200800067124B01,1,1,1
200800067139,2008-11-26,2008,novembre,mercredi,11:50,33,33063,0,0,2,3,3,1,1,3,1,01,1,1,000,000,1,0,1,3,2,22,0,1,9,00,2,1,19,200800067139A01,7,1,1
200800067157,2008-11-27,2008,novembre,jeudi,10:00,33,33063,0,0,2,2,3,1,1,4,2,02,2,1,000,056,1,0,1,4,2,15,2,1,2,00,2,1,1,200800067157B01,7,1,1
200800067166,2008-11-27,2008,novembre,jeudi,83:0,33,33039,0,0,2,2,3,5,5,4,3,02,1,1,008,071,1,0,1,4,1,10,2,1,4,00,2,1,1,200800067166A01,7,15,1
200800067184,2008-11-20,2008,novembre,jeudi,15:30,95,95306,0,0,2,1,6,1,1,4,2,02,1,1,012,050,1,0,1,4,1,86,0,1,9,00,2,8,2,200800067184B01,7,2,1
200800067191,2008-11-13,2008,novembre,jeudi,85:0,95,95051,0,0,2,1,2,1,1,4,2,01,1,1,000,000,1,0,1,4,1,12,0,1,9,00,2,4,1,200800067191B01,7,1,1
200800067317,2008-11-29,2008,novembre,samedi,23:0,75,75120,0,0,2,1,6,5,1,4,2,02,3,1,000,100,1,0,5,4,1,26,5,1,2,00,2,4,2,200800067317A01,7,2,1
200800067332,2008-11-15,2008,novembre,samedi,23:35,75,75116,0,0,2,2,3,5,8,4,1,01,2,1,000,060,2,0,1,4,2,28,5,1,2,00,2,1,1,200800067332A01,7,1,1
200800067346,2008-11-27,2008,novembre,jeudi,19:15,75,75108,0,0,2,1,6,5,1,4,2,02,1,1,000,250,1,0,1,4,2,23,1,1,4,01,0,1,21,200800067346B01,7,22,1
200800067352,2008-11-27,2008,novembre,jeudi,10:00,75,75114,0,0,2,2,2,1,1,4,1,03,1,1,000,170,1,0,1,4,2,32,1,1,9,00,2,2,16,200800067352B01,37,1,1
200800067353,2008-11-27,2008,novembre,jeudi,10:01,75,75114,0,0,2,2,3,1,1,4,1,01,1,-1,000,099,1,0,1,1,1,23,4,1,9,00,2,2,15,200800067353B01,2,1,1
200800067361,2008-11-27,2008,novembre,jeudi,15:15,75,75119,0,0,2,2,6,1,1,4,2,02,1,3,000,000,1,0,1,4,1,18,2,1,9,00,1,1,1,200800067361A01,,,
200800067370,2008-11-29,2008,novembre,samedi,10:20,75,75101,0,0,2,3,7,1,1,4,1,04,1,1,000,144,1,0,1,4,2,37,5,1,2,00,2,9,17,200800067370B01,14,23,1
200800067383,2008-11-29,2008,novembre,samedi,15:15,75,75110,0,0,2,3,6,1,8,4,1,01,1,-1,020,030,2,0,1,4,1,41,5,1,2,01,0,1,13,200800067383A01,,,
200800067384,2008-11-29,2008,novembre,samedi,17:45,75,75110,0,0,2,1,3,5,1,4,1,02,2,1,000,060,1,0,1,4,1,31,1,1,2,00,2,1,1,200800067384B01,7,22,1
200800067725,2008-11-06,2008,novembre,jeudi,17:30,69,69383,0,0,2,2,3,5,2,4,-1,02,2,1,000,000,2,0,1,4,1,33,1,1,2,00,2,0,1,200800067725B01,7,1,1
200800067735,2008-11-19,2008,novembre,mercredi,91:5,69,69383,0,0,2,2,2,1,1,4,2,03,1,1,000,000,1,0,1,3,1,36,5,1,2,00,4,4,15,200800067735A01,40,1,1
200800067751,2008-11-10,2008,novembre,lundi,18:50,69,69387,0,0,2,3,3,5,1,4,2,02,1,1,000,000,1,0,1,4,1,33,5,1,4,00,2,1,1,200800067751B01,7,1,1
200800067758,2008-11-17,2008,novembre,lundi,14:35,69,69389,0,0,2,2,3,1,1,4,2,02,2,1,000,000,1,0,0,4,2,28,0,1,9,00,2,0,1,200800067758A01,7,11,1
200800067784,2008-11-03,2008,novembre,lundi,16:00,75,75113,0,0,2,1,3,1,1,4,2,04,1,1,000,176,1,0,5,4,1,13,5,1,2,00,2,6,13,200800067784B01,7,17,1
200800067792,2008-11-03,2008,novembre,lundi,93:0,75,75119,0,0,2,5,3,1,1,4,1,01,1,1,100,060,1,0,1,4,1,66,0,1,2,00,2,8,21,200800067792B01,10,1,1
200800067804,2008-11-04,2008,novembre,mardi,18:20,75,75108,0,0,2,1,3,5,1,4,1,01,1,3,200,400,1,0,1,4,1,46,1,1,2,00,2,3,1,200800067804B01,7,12,1
200800067820,2008-11-04,2008,novembre,mardi,14:05,75,75117,0,0,2,1,3,1,1,4,2,01,1,1,000,000,1,0,1,4,1,52,5,1,2,00,2,1,1,200800067820B01,7,22,1
200800067828,2008-11-05,2008,novembre,mercredi,14:45,75,75103,0,0,2,2,6,1,8,4,2,03,1,1,027,141,1,5,0,1,1,38,5,1,2,00,1,1,16,200800067828A01,,,
200800067846,2008-11-10,2008,novembre,lundi,10:40,75,75112,0,0,2,1,6,1,1,4,-1,02,1,1,000,120,1,0,4,4,1,33,1,1,2,08,2,8,1,200800067846A01,10,9,1
200800067849,2008-11-10,2008,novembre,lundi,18:42,75,75115,0,0,2,1,6,5,1,4,2,02,2,1,000,080,1,0,1,4,2,26,5,1,2,14,0,7,1,200800067849A01,,,
200800067856,2008-11-10,2008,novembre,lundi,10:55,75,75119,0,0,2,1,3,1,6,4,2,07,2,3,000,217,1,0,1,4,1,30,4,1,2,12,2,1,1,200800067856B01,7,22,1
200800067917,2008-11-10,2008,novembre,lundi,12:50,75,75110,0,0,2,1,2,1,1,4,1,01,1,1,010,060,1,0,1,4,1,16,0,1,2,00,2,1,2,200800067917A01,7,23,1
200800067942,2008-11-08,2008,novembre,samedi,50:4,75,75106,0,0,2,5,6,5,1,4,1,04,1,1,000,060,1,0,0,4,2,22,5,1,2,00,2,8,19,200800067942B01,31,1,1
200800067945,2008-11-08,2008,novembre,samedi,13:05,75,75109,0,0,2,2,7,1,1,4,1,01,1,1,000,040,1,0,1,4,1,25,0,1,2,00,0,0,1,200800067945A01,,,
200800067947,2008-11-08,2008,novembre,samedi,11:25,75,75112,0,0,2,1,6,1,1,4,2,01,1,1,000,130,2,0,5,1,1,75,5,1,2,00,1,7,17,200800067947A01,,,
200800067970,2008-11-07,2008,novembre,vendredi,90:5,75,75110,0,0,2,2,3,1,2,4,1,02,1,1,000,063,1,0,5,4,1,34,5,1,2,00,2,1,1,200800067970B01,7,15,1
200800067996,2008-11-12,2008,novembre,mercredi,15:50,75,75105,0,0,2,5,6,1,1,4,2,01,2,1,000,000,1,0,0,1,1,24,5,1,2,00,1,1,1,200800067996A01,,,
200800067997,2008-11-12,2008,novembre,mercredi,16:20,75,75106,0,0,2,1,2,1,1,4,1,02,1,1,000,071,1,0,1,4,1,48,1,1,2,00,2,1,2,200800067997B01,7,2,1