Num_Acc,date,an,mois,jour,hrmn,dep,com,lat,long,agg,int,col,lum,atm,catr,circ,nbv,prof,plan,lartpc,larrout,surf,infra,situ,grav,sexe,age,trajet,secuexist,equipement,obs,obsm,choc,manv,vehiculeid,typevehicules,manoeuvehicules,numVehicules
200800068052,2008-11-14,2008,novembre,vendredi,16:40,75,75112,0,0,2,1,3,2,2,4,2,02,1,1,000,000,2,0,1,4,2,28,5,1,2,00,2,2,1,200800068052B01,7,22,1
200800068078,2008-11-17,2008,novembre,lundi,12:48,75,75107,0,0,2,1,3,1,1,4,1,01,1,1,000,074,1,0,1,4,2,43,0,1,2,00,2,1,1,200800068078B01,7,22,1
200800068083,2008-11-17,2008,novembre,lundi,19:45,75,75111,0,0,2,1,6,5,8,4,1,01,1,1,060,030,1,0,5,4,2,31,1,1,2,00,2,8,1,200800068083A01,30,12,1
200800068091,2008-11-17,2008,novembre,lundi,11:05,75,75113,0,0,2,3,3,1,1,4,1,02,1,1,000,000,1,0,1,2,1,65,5,1,2,00,2,4,16,200800068091B01,14,18,1
200800068130,2008-11-21,2008,novembre,vendredi,81:5,75,75101,0,0,2,2,3,1,2,4,2,03,1,1,000,140,2,0,1,4,1,33,0,1,9,00,2,1,2,200800068130B01,7,2,1
200800068134,2008-11-21,2008,novembre,vendredi,75:8,75,75106,0,0,2,1,3,2,2,4,1,04,1,1,000,160,2,0,5,4,1,59,1,1,2,00,2,4,1,200800068134B01,7,16,1
200800068155,2008-11-21,2008,novembre,vendredi,15:40,75,75116,0,0,2,2,3,1,1,4,2,02,1,1,050,100,1,0,1,4,2,48,5,1,9,00,0,3,1,200800068155A01,3,1,1
200800068164,2008-11-23,2008,novembre,dimanche,13:20,75,75101,0,0,2,3,3,1,2,4,2,03,1,1,000,160,2,0,0,4,2,74,4,1,2,00,0,4,19,200800068164B01,34,0,1
200800068182,2008-11-22,2008,novembre,samedi,20:50,75,75110,0,0,2,2,1,5,1,4,1,04,1,1,007,150,1,0,1,4,1,50,9,1,4,00,2,1,13,200800068182A01,7,1,1
200800068195,2008-11-22,2008,novembre,samedi,18:45,75,75120,0,0,2,1,7,5,2,4,1,01,2,1,000,037,1,0,1,4,1,57,5,1,2,00,0,0,2,200800068195A01,,,
200800068230,2008-11-21,2008,novembre,vendredi,13:20,75,75115,0,0,2,1,3,1,1,4,1,01,1,1,000,000,1,0,1,3,1,32,0,1,2,00,2,8,13,200800068230B01,7,1,1
200800068240,2008-11-25,2008,novembre,mardi,90:0,75,75108,0,0,2,1,6,1,1,4,-1,00,1,2,000,200,1,0,1,4,2,19,2,1,9,00,2,4,15,200800068240B01,7,13,1
200800068247,2008-11-25,2008,novembre,mardi,15:50,75,75110,0,0,2,1,6,1,1,4,1,04,1,1,000,152,1,0,1,4,1,31,4,1,9,01,0,1,2,200800068247B01,10,22,1
200800068250,2008-11-25,2008,novembre,mardi,20:25,75,75112,0,0,2,2,3,5,1,4,2,02,1,1,000,000,1,0,1,4,1,7,5,1,9,00,2,0,19,200800068250B01,7,16,1
200800068272,2008-11-26,2008,novembre,mercredi,18:20,75,75111,0,0,2,1,3,5,1,4,1,00,1,1,000,045,1,0,1,4,1,40,5,1,9,00,0,7,18,200800068272B01,7,22,1
200800068274,2008-11-26,2008,novembre,mercredi,82:8,75,75114,0,0,2,1,3,1,1,4,1,01,-1,-1,000,060,1,0,1,4,2,54,4,1,9,01,0,2,1,200800068274B01,10,24,1
200800068307,2008-11-19,2008,novembre,mercredi,73:5,75,75120,0,0,2,2,3,1,1,4,2,02,1,1,000,110,1,0,1,4,1,16,1,1,2,00,2,1,1,200800068307B01,10,22,1
200800068358,2008-11-28,2008,novembre,vendredi,90:0,75,75115,0,0,2,3,6,1,1,4,2,02,1,1,000,109,1,0,1,4,1,36,1,1,9,00,0,1,2,200800068358B01,7,22,1
200800068505,2008-12-30,2008,décembre,mardi,22:45,59,59611,50.679,3.018,1,1,2,5,1,3,2,02,1,1,000,064,1,0,1,4,1,21,5,1,4,00,0,4,1,200800068505B02,7,2,1
200800068535,2008-12-20,2008,décembre,samedi,11:15,62,62174,50.86,1.97,2,2,1,1,1,4,1,01,1,1,000,051,1,0,1,3,1,18,5,0,0,00,2,7,5,200800068535A01,7,1,1
200800068564,2008-12-05,2008,décembre,vendredi,14:00,80,80016,50.006,2.647,2,1,3,1,3,9,2,00,2,-1,000,062,2,0,1,3,1,16,5,0,0,00,2,6,15,200800068564A01,7,1,1
200800068569,2008-12-02,2008,décembre,mardi,11:15,80,80579,0,0,2,1,3,1,1,3,2,02,1,1,000,096,1,0,1,3,2,74,3,0,0,00,2,4,1,200800068569B02,7,15,1
200800068597,2008-12-05,2008,décembre,vendredi,18:00,60,60573,0,0,1,1,2,3,1,3,2,02,1,1,075,000,1,0,1,3,1,37,0,1,2,00,2,4,1,200800068597B02,7,1,1
200800068691,2008-12-24,2008,décembre,mercredi,16:00,22,22213,48.511,-1.998,1,1,1,1,1,3,2,00,1,1,000,054,1,0,1,3,1,76,5,0,0,00,2,3,2,200800068691B02,7,2,1
200800068699,2008-12-03,2008,décembre,mercredi,17:30,22,22119,48.607,-3.539,1,1,2,2,8,3,2,02,1,1,000,050,2,0,1,3,2,47,5,1,4,00,0,4,2,200800068699B02,7,2,1
200800068733,2008-12-07,2008,décembre,dimanche,12:30,14,14592,49.083,-0.495,2,1,3,1,7,3,2,02,-1,1,000,060,1,0,1,3,2,57,5,0,0,00,2,8,1,200800068733B02,7,15,1
200800068758,2008-12-06,2008,décembre,samedi,19:15,50,50622,0,0,1,1,1,3,1,3,2,02,1,1,000,067,1,0,1,4,2,41,5,1,4,00,2,4,15,200800068758B02,7,2,1
200800068850,2008-12-30,2008,décembre,mardi,11:45,72,72051,47.819,0.072,1,1,3,1,1,4,2,00,1,2,000,050,1,0,1,3,1,56,5,0,0,00,2,8,19,200800068850B02,7,1,1
200800068886,2008-12-18,2008,décembre,jeudi,17:45,33,33013,0,0,2,1,3,5,1,3,2,02,-1,1,150,000,1,0,1,4,2,17,5,1,2,00,2,1,13,200800068886A01,7,1,1
200800068931,2008-12-01,2008,décembre,lundi,17:45,47,47310,44.397,0.306,2,1,1,3,1,4,2,00,1,3,000,000,2,5,1,3,2,53,1,1,4,00,2,1,1,200800068931B02,7,15,1
200800068939,2008-12-30,2008,décembre,mardi,16:15,64,64230,43.22,-0.38,2,1,1,1,1,3,2,00,-1,1,000,000,1,5,1,3,2,17,5,0,0,00,2,1,19,200800068939B02,7,1,1
200800068947,2008-12-27,2008,décembre,samedi,16:00,64,64422,43.195,-0.618,1,6,1,1,1,3,2,00,1,-1,000,000,1,0,5,3,2,76,3,1,2,00,0,7,1,200800068947B02,7,15,1
200800068972,2008-12-10,2008,décembre,mercredi,93:0,17,17121,46.195,-1.413,1,1,1,1,1,3,2,02,1,1,000,063,2,0,1,3,1,80,5,0,0,00,2,8,15,200800068972B02,10,17,1
200800068985,2008-12-04,2008,décembre,jeudi,71:5,17,17003,0,0,1,1,3,4,2,3,2,02,1,3,000,060,2,0,1,3,1,35,1,1,4,00,2,7,1,200800068985A01,7,15,1
200800069017,2008-12-21,2008,décembre,dimanche,14:30,19,19104,45.552,1.582,1,1,6,1,1,3,2,00,-1,1,000,057,1,0,1,3,1,61,5,1,2,00,0,0,0,200800069017A01,,,
200800069041,2008-12-30,2008,décembre,mardi,15:15,31,31170,0,0,1,1,2,1,7,3,2,02,1,1,000,060,1,5,1,3,1,58,5,0,0,00,2,4,2,200800069041B02,7,2,1
200800069118,2008-12-15,2008,décembre,lundi,16:00,69,69291,0,0,2,3,3,1,1,3,-1,02,2,3,031,195,1,0,1,4,1,40,1,1,2,00,2,1,1,200800069118A01,7,15,1
200800069166,2008-12-26,2008,décembre,vendredi,15:00,26,26347,45.082,4.832,1,1,6,1,1,2,2,02,1,1,000,000,1,0,1,2,2,15,3,0,0,00,0,0,13,200800069166B02,7,21,1
200800069170,2008-12-06,2008,décembre,samedi,90:0,38,38158,45.159,5.75,2,1,1,1,2,4,1,01,1,1,000,000,2,0,5,3,2,68,5,0,0,00,2,7,1,200800069170B02,7,23,1
200800069171,2008-12-02,2008,décembre,mardi,13:30,38,38317,0,0,2,1,1,1,1,2,3,02,1,1,000,000,1,0,1,4,1,12,2,0,0,00,2,8,1,200800069171B02,7,1,1
200800069200,2008-12-27,2008,décembre,samedi,11:15,38,38097,45.771,5.197,2,6,3,1,1,3,2,02,1,2,000,000,1,0,1,3,1,48,5,1,2,00,0,0,1,200800069200B02,7,16,1
200800069242,2008-12-02,2008,décembre,mardi,15:30,63,63042,0,0,2,1,1,1,7,3,2,02,1,1,000,070,1,0,1,4,1,25,5,1,2,00,2,1,1,200800069242B02,10,15,1
200800069249,2008-12-01,2008,décembre,lundi,10:45,63,63201,45.955,3.396,1,1,7,1,2,3,2,01,1,1,000,000,2,0,1,4,1,64,5,0,0,13,0,0,1,200800069249A01,,,
200800069301,2008-12-18,2008,décembre,jeudi,18:45,55,55122,48.762,5.61,2,1,5,3,2,3,2,02,1,1,000,075,2,0,1,4,1,35,3,1,4,00,0,4,1,200800069301B02,7,1,1
200800069301,2008-12-18,2008,décembre,jeudi,18:45,55,55122,48.762,5.61,2,1,5,3,2,3,2,02,1,1,000,075,2,0,1,3,1,13,3,1,4,00,0,4,1,200800069301C03,7,1,1
200800069370,2008-12-21,2008,décembre,dimanche,14:30,51,51046,0,0,1,1,2,1,1,4,2,02,3,1,000,050,2,0,1,4,2,43,5,0,0,00,0,4,2,200800069370B02,7,2,1
200800069392,2008-12-19,2008,décembre,vendredi,18:30,10,10262,48.04,4.421,1,1,2,3,5,3,2,02,1,1,000,000,2,0,1,3,1,56,5,0,0,00,0,4,1,200800069392B02,31,1,1
200800069462,2008-12-08,2008,décembre,lundi,14:00,25,25439,0,0,1,1,7,1,8,3,2,00,1,1,000,040,7,0,1,3,1,70,5,1,2,00,0,0,1,200800069462A01,,,
200800069503,2008-12-06,2008,décembre,samedi,19:45,13,13100,0,0,2,1,6,3,1,3,2,02,1,1,000,068,1,0,3,3,1,43,5,0,0,02,0,1,1,200800069503A01,,,
200800069555,2008-12-08,2008,décembre,lundi,15:30,83,83107,0,0,1,6,3,1,7,3,4,02,1,-1,000,080,1,0,1,2,1,86,9,0,0,00,2,2,1,200800069555B02,7,9,1
200800069564,2008-12-13,2008,décembre,samedi,12:45,83,83112,0,0,2,1,1,1,1,4,1,01,1,-1,000,000,1,0,0,4,1,45,5,1,9,00,2,1,19,200800069564A01,7,1,1
200800069615,2008-12-07,2008,décembre,dimanche,10:45,34,34039,43.458,3.655,1,1,2,1,1,3,2,00,-1,3,000,072,1,0,0,2,1,47,5,1,4,00,0,4,1,200800069615B02,7,1,1
200800069750,2008-12-17,2008,décembre,mercredi,16:15,29,29233,0,0,2,6,3,1,1,3,1,01,1,2,000,065,1,5,1,3,2,15,5,1,9,00,2,8,2,200800069750B02,7,16,1
200800069840,2008-12-09,2008,décembre,mardi,20:15,38,38397,0,0,2,1,1,4,1,3,2,02,-1,1,000,000,1,5,1,3,1,59,1,1,2,00,0,1,1,200800069840B02,7,15,1
200800069857,2008-12-18,2008,décembre,jeudi,74:5,06,06018,0,0,1,1,7,1,1,4,2,02,2,2,000,040,1,0,1,3,1,29,1,0,0,06,0,1,1,200800069857A01,,,
200800069937,2008-12-11,2008,décembre,jeudi,19:15,83,83054,0,0,1,6,1,3,1,3,1,02,1,-1,000,000,1,5,1,3,1,45,1,1,4,00,2,1,1,200800069937B02,7,5,1
200800070001,2008-12-22,2008,décembre,lundi,13:20,76,76410,0,0,1,1,3,1,2,3,2,02,3,1,000,093,2,0,0,3,1,70,5,1,2,00,2,1,10,200800070001B01,7,10,1
200800070043,2008-12-23,2008,décembre,mardi,18:25,92,92051,0,0,2,1,6,5,1,2,-1,00,1,1,000,000,1,0,0,3,2,59,0,1,9,00,2,8,1,200800070043B01,14,2,1
200800070068,2008-12-04,2008,décembre,jeudi,73:0,31,31555,0,0,2,3,3,2,2,4,2,02,3,1,000,060,2,0,1,3,1,60,1,1,4,00,2,5,1,200800070068A01,7,15,1
200800070075,2008-12-05,2008,décembre,vendredi,17:45,31,31555,0,0,2,1,6,5,2,4,1,02,1,1,000,060,2,0,1,1,1,18,0,1,4,00,1,1,2,200800070075A01,,,
200800070078,2008-12-06,2008,décembre,samedi,14:05,31,31555,0,0,2,1,1,1,1,4,2,02,1,1,000,060,1,0,1,4,1,48,0,1,9,00,2,1,5,200800070078A01,7,16,1
200800070083,2008-12-04,2008,décembre,jeudi,83:0,31,31555,0,0,2,3,3,1,8,4,2,02,1,1,000,000,2,0,1,4,1,71,5,1,2,00,2,0,0,200800070083B01,7,15,1
200800070111,2008-12-17,2008,décembre,mercredi,73:0,31,31555,0,0,2,6,2,2,1,4,2,02,1,1,000,000,1,0,1,3,1,11,2,1,9,00,2,4,1,200800070111B01,99,16,1
200800070114,2008-12-18,2008,décembre,jeudi,11:40,31,31555,0,0,2,1,3,1,1,4,1,02,1,1,000,075,1,0,5,4,1,17,2,1,2,00,2,7,1,200800070114B01,7,9,1
200800070116,2008-12-19,2008,décembre,vendredi,20:55,31,31555,0,0,2,1,1,5,2,4,2,04,1,1,000,120,2,0,1,4,2,52,1,1,2,00,0,0,0,200800070116B01,7,0,1
200800070120,2008-12-21,2008,décembre,dimanche,11:30,31,31555,0,0,2,3,3,1,1,4,1,02,1,1,000,125,1,0,1,4,2,30,5,1,2,00,2,2,1,200800070120B01,7,15,1
200800070121,2008-12-21,2008,décembre,dimanche,12:25,31,31555,0,0,2,1,6,1,1,4,2,03,1,1,000,090,1,0,0,3,1,60,0,1,2,01,0,1,0,200800070121A01,,,
200800070133,2008-12-29,2008,décembre,lundi,23:50,31,31555,0,0,2,1,3,5,2,4,2,02,1,1,000,060,2,0,1,4,1,19,5,1,4,00,2,8,15,200800070133A01,7,17,1
200800070138,2008-12-12,2008,décembre,vendredi,13:35,35,35288,0,0,2,2,2,1,1,4,2,02,1,1,000,000,1,0,1,4,1,12,2,1,2,00,2,4,15,200800070138B01,2,17,1
200800070151,2008-12-19,2008,décembre,vendredi,81:0,59,59526,0,0,2,3,6,5,1,3,2,02,1,1,049,082,2,5,1,3,1,67,5,1,4,00,2,6,9,200800070151B01,7,2,1
200800070161,2008-12-24,2008,décembre,mercredi,15:15,90,90010,0,0,2,1,3,1,1,4,2,04,1,1,000,109,1,2,1,4,2,18,0,1,2,00,2,1,1,200800070161B01,7,12,1
200800070210,2008-12-07,2008,décembre,dimanche,13:55,03,03321,0,0,2,6,2,1,1,3,2,02,1,1,000,700,1,5,0,3,2,21,5,1,2,00,0,4,1,200800070210B01,7,9,1
200800070228,2008-12-12,2008,décembre,vendredi,13:20,06,06004,0,0,2,1,6,1,1,4,2,02,1,1,000,092,1,0,1,4,1,34,5,0,0,00,1,2,1,200800070228A01,,,
200800070231,2008-12-21,2008,décembre,dimanche,12:44,06,06004,0,0,2,1,5,1,1,3,2,02,1,1,000,050,1,0,5,4,1,61,5,1,2,00,2,3,1,200800070231B01,7,15,1
200800070231,2008-12-21,2008,décembre,dimanche,12:44,06,06004,0,0,2,1,5,1,1,3,2,02,1,1,000,050,1,0,5,4,1,53,5,1,2,00,2,3,1,200800070231C01,7,15,1
200800070327,2008-12-04,2008,décembre,jeudi,74:0,06,06088,0,0,2,1,3,1,1,4,2,03,3,1,000,000,1,0,1,4,1,42,1,1,4,00,2,1,2,200800070327B01,7,22,1
200800070408,2008-12-29,2008,décembre,lundi,94:5,10,10387,0,0,2,1,7,1,1,4,2,02,1,1,000,065,1,0,1,4,2,33,0,1,2,00,2,3,1,200800070408B01,7,17,1
200800070421,2008-12-06,2008,décembre,samedi,94:0,11,11262,0,0,2,1,6,1,1,4,2,02,1,1,000,000,1,0,0,4,1,14,0,1,2,00,0,0,0,200800070421B01,7,0,1
200800070424,2008-12-15,2008,décembre,lundi,64:5,11,11262,0,0,2,1,6,3,1,4,-1,02,1,-1,000,000,1,0,0,4,1,33,0,1,9,00,2,4,0,200800070424B01,7,0,1
200800070458,2008-12-09,2008,décembre,mardi,17:15,13,13004,0,0,2,1,3,5,1,4,2,02,1,1,000,076,2,0,1,3,1,44,1,0,0,00,2,1,1,200800070458B01,10,15,1
200800070490,2008-12-10,2008,décembre,mercredi,16:30,13,13055,0,0,2,2,3,3,2,4,1,01,2,1,070,025,2,0,1,4,1,28,0,1,4,00,2,1,0,200800070490A01,7,0,1
200800070573,2008-12-10,2008,décembre,mercredi,12:10,13,13055,0,0,2,3,3,1,3,4,1,02,2,1,000,110,2,0,1,4,1,15,5,1,2,00,2,8,15,200800070573A01,7,1,1
200800070669,2008-12-23,2008,décembre,mardi,13:40,14,14118,0,0,2,3,3,1,1,4,1,02,1,3,000,070,1,0,1,4,1,47,5,1,2,00,0,8,1,200800070669B01,10,12,1
200800070689,2008-12-19,2008,décembre,vendredi,18:00,17,17449,0,0,2,6,3,5,1,3,2,02,1,1,000,072,1,5,5,4,1,25,1,1,4,00,2,2,1,200800070689B01,10,1,1
200800070692,2008-12-02,2008,décembre,mardi,90:0,17,17300,0,0,2,1,7,1,1,4,2,02,1,1,000,060,1,0,1,4,2,23,5,1,9,00,0,7,1,200800070692A01,,,
200800070696,2008-12-04,2008,décembre,jeudi,12:19,17,17028,0,0,2,1,3,1,1,4,2,02,1,1,000,050,1,5,1,4,2,31,0,1,9,00,2,0,9,200800070696B01,7,1,1
200800070703,2008-12-09,2008,décembre,mardi,92:0,17,17300,0,0,2,1,6,1,1,4,2,02,1,1,000,060,1,0,1,4,1,26,2,1,9,00,2,7,19,200800070703B01,7,1,1
200800070712,2008-12-16,2008,décembre,mardi,92:5,17,17300,0,0,2,1,2,1,1,4,2,02,1,1,000,000,1,0,1,4,1,12,0,1,9,00,2,6,1,200800070712B01,7,17,1
200800070717,2008-12-19,2008,décembre,vendredi,90:0,17,17300,0,0,2,9,3,1,1,4,4,02,2,-1,000,000,2,5,1,4,2,17,1,1,4,00,2,1,19,200800070717B01,7,1,1
200800070792,2008-12-08,2008,décembre,lundi,73:5,21,21231,0,0,2,1,3,5,5,4,2,03,1,1,000,100,9,0,1,4,1,31,9,1,2,00,2,3,9,200800070792A01,10,1,1
200800070795,2008-12-10,2008,décembre,mercredi,43:6,21,21231,0,0,2,7,3,5,4,4,2,03,1,1,000,100,2,5,0,4,1,46,1,1,9,00,2,1,1,200800070795A01,7,1,1
200800070830,2008-12-14,2008,décembre,dimanche,12:20,22,22278,0,0,2,6,3,1,1,4,-1,00,-1,-1,000,000,-1,0,0,4,1,27,0,1,9,00,2,0,0,200800070830A01,7,0,1
200800070895,2008-12-23,2008,décembre,mardi,17:30,27,27681,0,0,2,1,6,5,1,4,2,02,1,1,000,060,1,0,1,4,1,13,5,1,2,00,2,0,19,200800070895B01,7,1,1
200800070898,2008-12-28,2008,décembre,dimanche,19:25,27,27681,0,0,2,1,6,5,1,4,2,02,1,1,000,079,1,0,4,4,1,17,5,1,2,00,2,0,0,200800070898A01,7,0,1
200800070908,2008-12-08,2008,décembre,lundi,17:10,28,28085,0,0,2,3,6,2,1,4,2,02,1,1,000,050,1,0,1,4,1,12,0,1,9,00,2,0,19,200800070908B01,7,9,1
200800070918,2008-12-17,2008,décembre,mercredi,73:0,28,28229,0,0,2,1,6,2,1,4,2,02,1,1,000,050,2,0,1,4,1,10,1,1,4,00,2,1,2,200800070918B01,7,2,1
200800070944,2008-12-26,2008,décembre,vendredi,10:15,29,29019,0,0,2,6,3,1,1,9,-1,00,1,-1,000,000,1,1,1,4,1,66,5,1,4,00,2,5,1,200800070944B01,7,1,1
200800070972,2008-12-27,2008,décembre,samedi,13:30,30,30007,0,0,2,1,6,1,1,4,1,00,-1,-1,000,000,1,0,1,4,1,49,5,1,2,00,2,1,1,200800070972B01,7,5,1
200800071037,2008-12-20,2008,décembre,samedi,10:45,31,31149,0,0,2,1,6,1,1,4,2,02,1,1,000,075,2,0,1,4,1,48,5,1,2,00,2,1,1,200800071037A01,7,1,1
200800071049,2008-12-23,2008,décembre,mardi,19:30,33,33063,0,0,2,1,3,5,1,4,1,02,1,1,000,087,1,0,1,3,1,83,0,1,9,00,0,1,1,200800071049B01,17,17,1
200800071059,2008-12-02,2008,décembre,mardi,16:25,33,33063,0,0,2,3,3,1,1,4,1,01,3,-1,000,000,1,0,1,4,1,25,0,1,9,00,0,5,1,200800071059B01,7,16,1
200800071063,2008-12-02,2008,décembre,mardi,80:0,33,33281,0,0,2,1,3,5,1,4,2,02,1,1,000,090,1,0,1,4,2,12,2,1,4,00,2,7,19,200800071063B01,7,1,1
200800071075,2008-12-08,2008,décembre,lundi,12:30,33,33063,0,0,2,1,3,1,1,4,2,02,1,1,000,060,1,0,1,4,2,22,0,1,4,00,2,3,13,200800071075A01,7,17,1
200800071086,2008-12-09,2008,décembre,mardi,16:45,33,33063,0,0,2,1,3,1,1,4,1,01,1,1,000,000,1,0,1,3,2,65,0,1,4,00,0,0,0,200800071086B01,7,1,1
200800071107,2008-12-10,2008,décembre,mercredi,18:45,33,33550,0,0,2,1,1,5,1,4,2,02,-1,1,000,067,1,0,1,1,1,38,0,1,4,00,2,0,0,200800071107A01,1,1,1
200800071107,2008-12-10,2008,décembre,mercredi,18:45,33,33550,0,0,2,1,1,5,1,4,2,02,-1,1,000,067,1,0,1,4,1,13,0,1,4,00,2,1,1,200800071107B01,1,0,1
200800071113,2008-12-14,2008,décembre,dimanche,12:25,33,33063,0,0,2,3,3,1,1,4,3,08,1,1,000,000,1,4,1,4,1,25,5,0,0,00,2,1,1,200800071113A01,7,16,1
200800071116,2008-12-12,2008,décembre,vendredi,84:5,33,33063,0,0,2,2,3,1,1,4,1,01,1,1,000,000,1,0,1,1,2,29,9,1,4,00,2,8,19,200800071116A01,2,1,1
200800071116,2008-12-12,2008,décembre,vendredi,84:5,33,33063,0,0,2,2,3,1,1,4,1,01,1,1,000,000,1,0,1,4,2,2,0,1,2,00,2,8,19,200800071116A01,2,1,1
200800071122,2008-12-11,2008,décembre,jeudi,19:50,33,33069,0,0,2,2,3,5,1,4,2,02,1,1,000,093,1,0,1,3,1,58,0,1,9,00,0,5,1,200800071122A01,33,1,1
200800071137,2008-12-19,2008,décembre,vendredi,22:30,33,33063,0,0,2,2,3,5,1,4,1,02,1,1,000,063,1,0,1,3,1,33,0,1,4,00,2,2,1,200800071137A01,7,15,1
200800071145,2008-12-23,2008,décembre,mardi,14:55,33,33063,0,0,2,2,3,1,1,4,2,02,1,1,000,060,1,0,1,3,1,12,0,1,9,00,0,4,15,200800071145B01,7,17,1
200800071149,2008-12-26,2008,décembre,vendredi,18:10,33,33063,0,0,2,1,5,5,1,4,3,04,1,1,000,000,2,0,5,3,2,26,1,1,9,01,0,1,21,200800071149B01,7,22/1,2
200800071188,2008-12-04,2008,décembre,jeudi,15:22,34,34172,0,0,2,1,2,1,8,4,1,01,1,1,000,040,1,0,1,4,1,45,4,1,9,00,2,1,1,200800071188A01,7,1,1
200800071242,2008-12-08,2008,décembre,lundi,93:5,35,35238,0,0,2,2,2,1,1,4,2,02,1,1,000,092,2,5,1,4,2,56,3,1,4,00,2,1,15,200800071242A01,7,1,1
200800071256,2008-12-15,2008,décembre,lundi,13:15,35,35238,0,0,2,6,3,1,1,4,3,02,1,1,000,000,1,5,1,3,2,70,5,1,2,00,2,0,1,200800071256B01,7,9,1
200800071257,2008-12-15,2008,décembre,lundi,17:30,35,35238,0,0,2,2,3,5,8,4,1,02,1,1,000,000,1,0,1,4,1,22,5,1,2,00,2,1,7,200800071257B01,7,15,1
200800071258,2008-12-15,2008,décembre,lundi,17:45,35,35055,0,0,2,6,3,5,1,4,2,02,1,1,000,000,1,5,1,4,1,54,1,1,4,00,2,0,0,200800071258B01,7,0,1
200800071277,2008-12-31,2008,décembre,mercredi,13:20,35,35238,0,0,2,1,3,1,1,4,2,02,1,1,000,000,1,0,1,4,1,26,5,1,2,00,2,1,17,200800071277B01,7,9,1
200800071298,2008-12-09,2008,décembre,mardi,18:50,37,37261,0,0,2,2,3,5,1,4,2,02,1,1,000,000,2,0,1,4,1,13,5,1,9,00,2,1,1,200800071298A01,7,0,1
200800071310,2008-12-16,2008,décembre,mardi,16:30,38,38185,0,0,2,1,6,5,1,4,2,03,1,1,000,100,1,0,1,4,1,37,0,1,2,00,2,8,16,200800071310B01,7,15,1
200800071313,2008-12-20,2008,décembre,samedi,65:0,38,38185,0,0,2,3,3,2,1,4,2,02,1,1,000,030,1,0,1,3,2,20,5,1,2,00,2,8,1,200800071313B01,37,1,1
200800071357,2008-12-17,2008,décembre,mercredi,19:20,42,42187,46.03721,4.06469,2,6,3,5,4,3,2,02,1,1,000,068,2,5,1,4,2,51,0,1,9,00,2,1,1,200800071357B01,7,9,1
200800071360,2008-12-26,2008,décembre,vendredi,17:28,42,42187,0,0,2,3,3,2,1,4,-1,01,1,-1,000,040,1,0,1,3,1,26,5,1,9,00,2,0,15,200800071360B01,7,1,1
200800071401,2008-12-19,2008,décembre,vendredi,13:55,44,44132,0,0,2,1,2,1,1,4,1,00,1,3,000,080,1,0,1,4,1,59,0,1,2,00,2,0,2,200800071401B01,7,2,1
200800071428,2008-12-10,2008,décembre,mercredi,11:40,44,44143,0,0,2,2,6,1,1,4,-1,02,1,3,000,000,1,5,1,4,2,12,0,1,9,00,2,7,1,200800071428B01,7,1,1
200800071447,2008-12-18,2008,décembre,jeudi,19:30,44,44109,0,0,2,6,6,4,2,4,2,02,1,2,000,090,2,5,1,3,1,66,0,1,2,00,2,1,1,200800071447B01,7,15,1
200800071474,2008-12-11,2008,décembre,jeudi,75:5,44,44184,0,0,2,3,3,2,1,4,2,02,1,1,000,000,1,0,1,4,2,14,0,1,4,00,2,1,0,200800071474B01,7,0,1
200800071496,2008-12-18,2008,décembre,jeudi,10:06,45,45234,0,0,2,2,3,1,1,4,1,02,1,1,000,063,1,0,1,4,2,21,0,1,2,00,2,1,0,200800071496A01,7,1,1
200800071508,2008-12-17,2008,décembre,mercredi,75:5,47,47001,0,0,2,1,3,5,1,3,3,04,1,1,000,085,1,0,5,4,1,43,1,1,2,00,2,1,0,200800071508B01,7,0,1
200800071517,2008-12-03,2008,décembre,mercredi,16:29,49,49007,0,0,2,6,3,1,1,4,1,00,1,-1,000,000,1,5,0,4,1,21,0,1,9,01,2,1,15,200800071517B01,7,9,1
200800071521,2008-12-05,2008,décembre,vendredi,12:04,49,49007,0,0,2,1,7,1,1,4,2,00,1,1,000,000,1,0,1,4,2,60,0,1,4,00,0,0,1,200800071521A01,,,
200800071533,2008-12-11,2008,décembre,jeudi,75:5,49,49007,0,0,2,1,6,5,1,4,2,00,1,1,000,000,1,0,1,4,2,22,0,1,9,00,2,1,1,200800071533B01,7,22,1
200800071534,2008-12-11,2008,décembre,jeudi,84:0,49,49353,0,0,2,1,3,1,1,4,2,00,1,1,000,000,1,0,1,4,2,12,0,1,2,00,2,1,1,200800071534B01,7,1,1
200800071544,2008-12-16,2008,décembre,mardi,17:30,49,49007,0,0,2,1,3,5,1,4,2,00,1,1,000,000,1,0,1,4,2,23,0,1,9,00,2,1,1,200800071544B01,7,15,1
200800071553,2008-12-23,2008,décembre,mardi,13:30,49,49007,0,0,2,1,3,1,1,4,-1,02,1,1,000,053,1,0,1,3,1,15,1,1,9,00,2,1,19,200800071553B01,7,1,1
200800071554,2008-12-23,2008,décembre,mardi,13:24,49,49007,0,0,2,1,3,1,1,4,2,02,1,1,000,060,1,5,1,4,1,17,0,1,9,00,2,0,9,200800071554A01,7,1,1
200800071560,2008-12-05,2008,décembre,vendredi,75:5,49,49099,0,0,2,1,3,5,1,3,2,02,1,1,000,000,2,0,1,4,1,13,0,1,4,00,2,4,19,200800071560B01,7,1,1
200800071592,2008-12-15,2008,décembre,lundi,18:05,51,51108,0,0,2,2,2,5,1,9,2,02,1,-1,000,060,2,0,0,3,2,67,3,1,9,00,0,4,23,200800071592B01,7,9,1