Num_Acc,date,an,mois,jour,hrmn,dep,com,lat,long,agg,int,col,lum,atm,catr,circ,nbv,prof,plan,lartpc,larrout,surf,infra,situ,grav,sexe,age,trajet,secuexist,equipement,obs,obsm,choc,manv,vehiculeid,typevehicules,manoeuvehicules,numVehicules
200800071601,2008-12-17,2008,décembre,mercredi,12:35,51,51454,0,0,2,1,3,1,2,4,2,02,1,1,000,070,2,0,1,4,1,76,5,1,9,00,2,2,1,200800071601B01,7,9,1
200800071612,2008-12-12,2008,décembre,vendredi,16:40,52,52448,0,0,2,2,3,2,1,4,2,03,-1,-1,000,000,-1,0,1,4,1,74,5,1,9,00,2,0,2,200800071612B01,7,15,1
200800071632,2008-12-08,2008,décembre,lundi,12:20,54,54304,0,0,2,1,2,1,1,4,2,02,1,1,000,000,1,0,1,4,2,42,1,1,2,00,2,7,1,200800071632B01,7,18,1
200800071672,2008-12-26,2008,décembre,vendredi,92:0,55,55029,0,0,2,1,2,1,1,4,2,02,1,1,000,000,2,0,1,3,1,56,5,1,9,00,2,4,1,200800071672B01,7,1,1
200800071686,2008-12-11,2008,décembre,jeudi,10:40,56,56162,0,0,2,6,3,1,2,9,2,02,1,2,000,000,2,0,1,4,2,60,0,1,2,00,2,8,1,200800071686B01,7,16,1
200800071705,2008-12-27,2008,décembre,samedi,15:24,56,56083,0,0,2,1,7,1,1,9,1,01,1,1,000,000,1,0,1,4,1,23,0,1,9,00,0,0,1,200800071705B01,7,22,1
200800071714,2008-12-18,2008,décembre,jeudi,90:5,56,56260,0,0,2,6,3,1,1,4,1,02,1,2,000,000,1,0,1,4,2,18,2,1,2,00,2,8,19,200800071714B01,7,1,1
200800071717,2008-12-24,2008,décembre,mercredi,17:40,56,56260,0,0,2,6,3,2,1,4,3,03,1,3,000,000,1,5,1,4,1,75,5,1,9,00,2,1,1,200800071717B01,7,9,1
200800071769,2008-12-02,2008,décembre,mardi,21:20,59,59017,0,0,2,3,3,4,2,4,1,01,1,1,000,034,2,0,1,4,1,47,1,1,9,00,2,1,1,200800071769B01,7,15,1
200800071787,2008-12-17,2008,décembre,mercredi,21:15,59,59588,0,0,1,3,3,5,8,3,2,02,1,1,000,670,2,0,1,4,1,32,1,1,4,00,2,1,1,200800071787B01,7,15,1
200800071796,2008-12-08,2008,décembre,lundi,17:20,59,59295,0,0,2,1,3,2,1,4,2,02,1,1,000,000,1,0,1,4,1,10,5,1,4,00,2,1,0,200800071796A01,7,1,1
200800071800,2008-12-02,2008,décembre,mardi,92:0,59,59350,0,0,2,1,6,1,1,4,2,02,1,1,023,300,1,0,1,4,2,58,1,1,4,00,2,8,1,200800071800B01,15,1,1
200800071811,2008-12-07,2008,décembre,dimanche,93:5,59,59009,0,0,2,1,6,1,1,4,2,02,1,1,000,180,1,0,1,1,1,75,5,1,2,00,2,0,1,200800071811A01,1,1,1
200800071811,2008-12-07,2008,décembre,dimanche,93:5,59,59009,0,0,2,1,6,1,1,4,2,02,1,1,000,180,1,0,1,3,1,52,5,1,2,00,2,0,1,200800071811B01,1,1,1
200800071823,2008-12-10,2008,décembre,mercredi,17:20,59,59350,0,0,2,1,6,2,1,4,2,02,1,1,000,000,1,0,1,4,1,20,2,1,2,01,0,1,1,200800071823B01,7,24,1
200800071826,2008-12-11,2008,décembre,jeudi,12:05,59,59378,0,0,2,1,3,1,1,4,1,01,1,1,000,132,1,0,1,4,1,12,0,1,4,00,2,1,1,200800071826B01,7,15,1
200800071840,2008-12-19,2008,décembre,vendredi,10:10,59,59378,0,0,2,1,6,1,1,4,2,02,1,1,000,000,1,0,1,4,1,63,0,1,2,01,0,0,2,200800071840B01,7,24,1
200800071878,2008-12-11,2008,décembre,jeudi,10:45,59,59512,0,0,1,4,3,1,1,4,2,02,1,1,000,000,1,0,1,3,1,57,5,1,2,00,2,4,19,200800071878B01,7,1,1
200800071879,2008-12-15,2008,décembre,lundi,14:20,59,59512,0,0,1,2,3,1,1,4,2,02,1,1,000,000,1,0,1,3,1,38,4,1,2,00,2,9,16,200800071879B01,16,16,1
200800071888,2008-12-23,2008,décembre,mardi,75:0,59,59163,0,0,1,2,3,5,1,4,2,02,1,1,000,000,1,0,1,3,2,30,4,1,9,00,2,4,1,200800071888B01,7,15,1
200800071897,2008-12-07,2008,décembre,dimanche,17:10,59,59508,0,0,2,1,3,5,1,2,2,00,1,1,000,000,1,0,1,3,1,13,5,1,9,00,2,8,0,200800071897B01,7,1,1
200800071915,2008-12-10,2008,décembre,mercredi,18:10,59,59447,0,0,2,1,3,5,1,4,2,02,1,1,000,080,1,0,1,3,1,13,5,1,9,00,2,4,19,200800071915A01,7,1,1
200800071952,2008-12-02,2008,décembre,mardi,74:5,62,62413,0,0,1,1,2,1,1,4,2,02,1,1,000,060,1,0,1,4,1,13,2,1,9,00,2,4,1,200800071952B01,38,2,1
200800072002,2008-12-19,2008,décembre,vendredi,17:40,63,63113,0,0,2,1,1,5,1,4,2,02,2,3,000,083,1,0,1,4,1,49,1,1,2,00,2,1,1,200800072002B01,7,15,1
200800072042,2008-12-06,2008,décembre,samedi,18:30,64,64445,0,0,2,6,3,5,3,4,2,02,1,1,000,000,2,5,1,4,1,32,5,1,2,00,2,4,1,200800072042B01,7,9,1
200800072056,2008-12-31,2008,décembre,mercredi,95:5,64,64445,0,0,2,6,3,1,1,4,1,03,1,1,000,114,1,0,1,3,2,46,0,1,2,00,2,2,1,200800072056B01,7,9,1
200800072096,2008-12-01,2008,décembre,lundi,85:0,67,67482,0,0,2,2,3,1,1,4,2,03,1,1,000,000,1,0,1,4,1,74,0,1,9,00,2,1,19,200800072096B01,7,16,1
200800072098,2008-12-01,2008,décembre,lundi,17:25,67,67482,0,0,2,1,3,5,2,4,2,02,1,1,070,050,2,0,1,4,2,47,1,1,4,00,2,5,19,200800072098A01,10,1,1
200800072102,2008-12-03,2008,décembre,mercredi,14:30,67,67482,0,0,2,3,3,1,2,4,1,01,1,1,000,030,2,0,1,4,2,42,5,1,9,00,2,7,1,200800072102B01,7,15,1
200800072120,2008-12-12,2008,décembre,vendredi,18:40,67,67482,0,0,2,3,3,5,1,4,2,02,1,1,000,042,1,0,1,4,1,19,0,1,2,00,2,1,1,200800072120A01,7,1,1
200800072123,2008-12-16,2008,décembre,mardi,12:00,67,67482,0,0,2,1,3,1,1,6,-1,00,1,-1,000,050,1,0,0,3,2,18,0,1,9,00,2,1,1,200800072123A01,7,16,1
200800072126,2008-12-18,2008,décembre,jeudi,13:39,67,67447,0,0,2,1,6,1,1,4,2,02,1,1,000,104,1,0,1,4,2,24,0,1,2,01,0,1,1,200800072126B01,7,22,1
200800072128,2008-12-19,2008,décembre,vendredi,11:10,67,67447,0,0,2,1,2,1,2,4,2,02,1,1,000,060,2,0,1,4,1,50,5,1,4,00,2,4,23,200800072128B01,10,1,1
200800072136,2008-12-23,2008,décembre,mardi,19:40,67,67482,0,0,2,2,3,5,1,4,2,02,1,3,000,040,1,0,5,4,2,47,9,1,9,00,2,7,1,200800072136B01,2,1,1
200800072137,2008-12-23,2008,décembre,mardi,22:20,67,67482,0,0,2,2,3,5,1,4,2,02,1,1,000,080,1,0,1,3,2,42,5,1,9,00,2,7,19,200800072137B01,7,15,1
200800072138,2008-12-24,2008,décembre,mercredi,15:10,67,67482,0,0,2,1,6,1,5,4,2,03,1,1,000,060,1,0,1,4,2,47,5,1,2,01,0,1,22,200800072138B01,7,22,1
200800072147,2008-12-12,2008,décembre,vendredi,14:33,68,68066,0,0,2,4,6,1,1,4,1,02,1,2,000,070,2,0,1,3,1,70,5,1,2,00,2,1,5,200800072147B01,7,1,1
200800072151,2008-12-23,2008,décembre,mardi,11:07,68,68066,0,0,2,1,6,1,1,4,2,02,1,1,000,110,1,0,1,4,2,54,1,1,2,01,0,1,1,200800072151A01,,,
200800072201,2008-12-02,2008,décembre,mardi,75:0,69,69266,0,0,2,1,3,2,1,4,2,02,1,1,000,070,1,0,1,4,2,20,2,1,9,00,2,1,15,200800072201B01,7,17,1
200800072236,2008-12-24,2008,décembre,mercredi,12:15,71,71153,0,0,2,3,3,1,1,4,1,01,1,1,000,000,2,0,1,4,1,48,4,1,9,00,2,1,1,200800072236A01,7,15,1
200800072270,2008-12-24,2008,décembre,mercredi,14:25,72,72181,0,0,2,1,3,1,1,9,2,02,1,1,000,000,1,0,1,4,1,77,9,1,2,00,0,0,19,200800072270B01,7,1,1
200800072283,2008-12-12,2008,décembre,vendredi,14:20,74,74010,0,0,2,3,6,1,1,4,2,02,1,1,000,000,1,0,0,4,1,16,2,1,9,00,0,0,0,200800072283B01,7,4,1
200800072292,2008-12-08,2008,décembre,lundi,15:51,74,74218,0,0,2,2,3,1,1,3,1,01,1,1,000,000,1,0,1,3,1,15,0,1,2,00,2,7,0,200800072292B01,7,9,1
200800072302,2008-12-09,2008,décembre,mardi,73:0,76,76351,0,0,2,6,3,5,2,4,2,02,1,1,000,080,2,0,1,4,2,31,1,1,9,00,2,1,1,200800072302B01,10,9,1
200800072316,2008-12-15,2008,décembre,lundi,20:30,76,76351,0,0,2,1,6,5,1,4,2,02,1,1,000,150,1,0,1,4,1,19,5,1,9,01,0,1,1,200800072316B01,7,24,1
200800072343,2008-12-29,2008,décembre,lundi,10:50,77,77294,0,0,2,4,6,1,1,4,2,01,-1,-1,000,000,-1,0,1,3,1,74,5,1,9,00,2,8,1,200800072343B01,7,17,1
200800072367,2008-12-11,2008,décembre,jeudi,75:0,78,78172,0,0,2,2,3,2,1,4,2,02,1,1,000,060,1,0,1,4,2,33,1,1,9,00,2,1,1,200800072367B01,7,1,1
200800072370,2008-12-07,2008,décembre,dimanche,11:15,78,78208,0,0,2,2,3,1,1,4,3,02,1,1,000,120,1,0,1,3,1,71,5,1,2,00,2,0,19,200800072370A01,7,1,1
200800072377,2008-12-17,2008,décembre,mercredi,17:10,78,78397,0,0,2,2,3,2,8,4,2,02,1,1,000,072,2,0,1,4,2,48,5,1,2,00,2,2,1,200800072377B01,7,19,1
200800072386,2008-12-23,2008,décembre,mardi,15:35,78,78423,0,0,2,2,3,1,1,4,-1,00,2,1,000,000,1,0,0,4,1,18,5,1,2,00,2,8,1,200800072386A01,7,1,1
200800072452,2008-12-06,2008,décembre,samedi,75:0,80,80021,0,0,2,1,3,5,1,4,2,02,1,1,000,000,1,0,1,4,1,38,1,1,4,00,2,2,1,200800072452B01,7,1,1
200800072466,2008-12-20,2008,décembre,samedi,17:00,80,80261,0,0,1,1,7,2,1,3,2,02,1,1,000,000,1,0,1,4,2,32,5,1,2,00,9,4,0,200800072466B01,7,17,1
200800072486,2008-12-07,2008,décembre,dimanche,12:30,82,82121,0,0,2,3,3,1,1,3,2,00,2,1,000,000,1,0,1,4,1,55,5,1,2,00,2,1,2,200800072486B01,7,16,1
200800072493,2008-12-30,2008,décembre,mardi,17:00,82,82121,0,0,2,1,6,3,1,4,2,02,1,1,000,000,1,0,1,4,1,16,0,1,4,13,0,1,1,200800072493A01,,,
200800072502,2008-12-06,2008,décembre,samedi,14:05,83,83069,0,0,2,3,3,1,1,4,2,02,2,1,000,350,1,0,1,4,1,17,5,1,2,00,2,8,1,200800072502B01,7,11,1
200800072506,2008-12-06,2008,décembre,samedi,10:00,83,83129,0,0,2,1,6,1,1,4,1,01,1,1,000,031,1,0,1,3,2,76,5,0,0,00,1,0,1,200800072506A01,,,
200800072513,2008-12-28,2008,décembre,dimanche,11:35,83,83126,0,0,2,1,6,1,1,4,1,01,1,2,000,000,1,0,0,4,1,35,5,1,9,00,0,8,1,200800072513B01,7,15,1
200800072522,2008-12-11,2008,décembre,jeudi,17:50,83,83062,0,0,2,3,3,5,1,4,2,02,2,1,000,000,1,0,1,4,1,42,5,1,9,00,2,7,1,200800072522B01,7,15,1
200800072566,2008-12-15,2008,décembre,lundi,90:0,85,85191,0,0,2,1,6,2,1,4,1,01,1,1,000,070,1,0,1,1,1,14,5,1,9,00,1,1,5,200800072566A01,,,
200800072566,2008-12-15,2008,décembre,lundi,90:0,85,85191,0,0,2,1,6,2,1,4,1,01,1,1,000,070,1,0,1,4,2,30,4,0,0,00,1,1,5,200800072566A01,,,
200800072609,2008-12-07,2008,décembre,dimanche,95:1,87,87085,0,0,2,1,7,1,1,4,1,02,-1,2,000,060,7,0,1,3,1,45,5,1,2,00,0,0,0,200800072609A01,,,
200800072635,2008-12-24,2008,décembre,mercredi,15:53,87,87085,0,0,1,2,3,1,1,3,2,02,2,1,000,080,1,0,1,2,1,53,5,1,2,00,2,1,1,200800072635B01,7,19,1
200800072641,2008-12-31,2008,décembre,mercredi,12:50,87,87085,0,0,2,1,6,1,1,3,2,02,1,1,000,060,1,0,1,4,1,45,5,1,2,12,0,1,2,200800072641A01,,,
200800072692,2008-12-10,2008,décembre,mercredi,19:11,91,91223,0,0,2,2,3,5,1,4,2,02,2,1,000,045,1,0,1,4,1,19,0,1,4,00,2,8,1,200800072692B01,7,0,1
200800072718,2008-12-23,2008,décembre,mardi,15:00,91,91691,0,0,2,1,6,1,1,4,2,02,1,1,000,030,1,0,1,4,1,20,5,1,2,00,2,4,2,200800072718B01,7,2,1
200800072778,2008-12-15,2008,décembre,lundi,11:30,92,92004,0,0,2,2,6,1,1,4,1,01,1,1,000,000,1,0,0,1,1,51,4,1,9,00,2,3,18,200800072778A01,10,0,1
200800072806,2008-12-11,2008,décembre,jeudi,20:45,92,92025,0,0,2,1,7,5,1,4,1,01,1,1,000,060,1,0,1,1,1,14,0,1,9,00,0,0,1,200800072806B01,30,21,1
200800072832,2008-12-02,2008,décembre,mardi,12:10,92,92036,0,0,2,9,3,1,1,3,2,02,1,1,000,060,1,0,1,4,2,15,2,1,9,00,2,7,19,200800072832A01,7,1,1
200800072875,2008-12-01,2008,décembre,lundi,83:0,92,92049,0,0,2,1,6,2,1,3,2,04,1,1,000,000,-1,0,1,4,1,50,1,1,9,00,0,0,1,200800072875B01,20,23,1
200800072892,2008-12-01,2008,décembre,lundi,14:35,92,92050,0,0,2,3,3,1,2,2,1,02,1,1,000,074,2,0,1,3,1,73,0,1,9,00,2,1,1,200800072892B01,7,16,1
200800072924,2008-12-19,2008,décembre,vendredi,11:15,92,92063,0,0,2,1,6,1,1,4,1,01,1,1,000,000,1,0,4,4,2,45,5,1,9,00,2,1,1,200800072924A01,7,22,1
200800072947,2008-12-09,2008,décembre,mardi,93:5,92,92046,0,0,2,2,6,1,1,3,2,02,1,1,000,000,1,0,1,4,2,52,1,1,9,00,2,0,19,200800072947B01,32,1,1
200800072992,2008-12-22,2008,décembre,lundi,18:50,93,93008,0,0,2,3,3,5,2,4,-1,01,-1,-1,000,000,-1,0,0,3,1,13,0,1,9,00,2,2,1,200800072992A01,7,2,1
200800073009,2008-12-18,2008,décembre,jeudi,93:0,93,93057,0,0,2,1,6,1,8,4,-1,00,-1,-1,000,000,2,0,4,4,2,13,0,1,2,00,2,1,1,200800073009B01,7,1,1
200800073027,2008-12-04,2008,décembre,jeudi,16:05,93,93079,0,0,2,6,2,1,2,2,2,00,1,2,120,090,2,5,1,4,1,41,1,1,2,00,2,4,1,200800073027B01,7,1,1
200800073043,2008-12-17,2008,décembre,mercredi,15:35,93,93047,0,0,2,2,3,1,2,4,2,02,-1,1,000,060,2,0,1,4,2,10,5,1,9,00,2,8,1,200800073043B01,7,1,1
200800073046,2008-12-24,2008,décembre,mercredi,12:10,93,93045,0,0,2,3,6,1,1,4,2,01,1,1,000,000,1,0,1,4,1,20,1,1,9,00,0,8,0,200800073046B01,7,1,1
200800073065,2008-12-03,2008,décembre,mercredi,83:0,93,93048,0,0,2,2,1,1,2,4,2,02,1,1,000,000,1,5,1,3,1,24,1,1,9,00,2,1,13,200800073065A01,37,5,1
200800073069,2008-12-15,2008,décembre,lundi,11:45,93,93048,0,0,2,2,3,1,1,4,1,01,1,1,000,000,1,5,1,3,1,87,5,1,2,00,0,3,1,200800073069B01,7,2,1
200800073097,2008-12-27,2008,décembre,samedi,20:15,93,93055,0,0,2,1,5,3,1,9,2,00,1,4,000,030,1,0,5,3,1,30,0,1,9,00,2,1,1,200800073097B01,30,1,1
200800073097,2008-12-27,2008,décembre,samedi,20:15,93,93055,0,0,2,1,5,3,1,9,2,00,1,4,000,030,1,0,5,3,2,36,9,1,9,00,2,1,1,200800073097C01,30,1,1
200800073153,2008-12-26,2008,décembre,vendredi,10:45,93,93073,0,0,2,1,1,1,1,4,2,02,-1,-1,000,050,-1,0,1,4,1,59,0,1,2,00,2,1,1,200800073153B01,7,15,1
200800073164,2008-12-07,2008,décembre,dimanche,12:15,94,94071,0,0,2,1,2,1,1,3,1,01,1,-1,000,000,1,0,1,4,1,41,5,1,2,00,2,0,21,200800073164B01,10,0,1
200800073177,2008-12-02,2008,décembre,mardi,14:50,94,94044,0,0,2,3,3,1,1,4,2,02,-1,-1,000,000,-1,0,1,2,1,80,5,1,2,00,2,1,1,200800073177A01,7,15,1
200800073204,2008-12-21,2008,décembre,dimanche,17:20,94,94011,0,0,2,2,3,2,1,2,-1,02,1,1,000,030,1,0,5,4,2,38,0,1,2,00,0,1,2,200800073204B01,7,2,1
200800073233,2008-12-19,2008,décembre,vendredi,17:00,94,94021,0,0,2,3,3,5,1,3,2,02,-1,-1,000,000,-1,0,1,3,1,16,5,1,2,00,0,0,0,200800073233B01,10,0,1
200800073235,2008-12-23,2008,décembre,mardi,10:40,94,94021,0,0,2,2,3,1,8,4,2,02,1,1,000,000,2,0,1,4,1,54,0,1,2,00,2,0,1,200800073235B01,7,16,1
200800073252,2008-12-04,2008,décembre,jeudi,19:45,94,94052,0,0,2,3,1,5,2,4,2,02,1,1,000,060,2,0,1,4,1,31,5,1,2,00,2,1,14,200800073252B01,32,21,1
200800073268,2008-12-18,2008,décembre,jeudi,11:30,94,94068,0,0,2,1,3,1,2,4,1,01,1,1,000,060,2,0,1,4,1,63,5,1,9,00,2,8,1,200800073268B01,37,17,1
200800073321,2008-12-08,2008,décembre,lundi,20:05,95,95252,0,0,2,1,6,5,1,3,-1,02,1,-1,000,000,1,0,1,4,1,52,0,1,9,14,0,1,0,200800073321A01,,,
200800073323,2008-12-09,2008,décembre,mardi,17:40,95,95203,0,0,2,6,7,1,8,3,2,02,1,1,000,000,2,0,1,4,1,17,0,1,9,00,2,1,2,200800073323B01,7,2,1
200800073400,2008-12-01,2008,décembre,lundi,20:15,69,69383,0,0,2,1,6,5,8,4,2,03,1,1,000,000,2,0,1,4,1,31,5,1,2,00,2,1,1,200800073400B01,7,22,1
200800073410,2008-12-12,2008,décembre,vendredi,92:0,69,69386,0,0,2,1,3,1,1,4,1,01,1,1,000,000,1,0,5,4,2,43,1,1,9,01,2,1,1,200800073410B01,13,22,1
200800073435,2008-12-03,2008,décembre,mercredi,10:20,94,94017,0,0,2,1,6,1,2,4,-1,02,1,1,000,000,2,0,1,4,1,16,0,1,2,00,2,4,19,200800073435B01,7,1,1
200800073455,2008-12-01,2008,décembre,lundi,84:5,75,75110,0,0,2,3,3,1,8,4,2,05,1,1,000,050,2,0,1,4,1,20,5,1,2,00,2,1,7,200800073455B01,7,15,1
200800073459,2008-12-01,2008,décembre,lundi,13:15,75,75111,0,0,2,1,3,1,9,4,2,02,1,1,000,000,1,0,1,1,1,25,5,1,2,00,2,8,1,200800073459A01,30,1,1
200800073483,2008-12-07,2008,décembre,dimanche,72:0,75,75105,0,0,2,2,3,5,1,4,2,04,2,1,000,182,1,0,1,1,1,22,5,1,2,00,2,4,14,200800073483A01,1,7,1
200800073483,2008-12-07,2008,décembre,dimanche,72:0,75,75105,0,0,2,2,3,5,1,4,2,04,2,1,000,182,1,0,1,1,1,19,5,1,2,00,2,1,7,200800073483B01,1,14,1
200800073483,2008-12-07,2008,décembre,dimanche,72:0,75,75105,0,0,2,2,3,5,1,4,2,04,2,1,000,182,1,0,1,4,1,20,0,1,2,00,2,1,7,200800073483B01,1,14,1
200800073498,2008-12-02,2008,décembre,mardi,18:30,75,75103,0,0,2,3,3,5,2,4,1,01,1,1,000,035,2,0,0,4,2,61,5,1,2,00,2,1,17,200800073498B01,14,22,1
200800073500,2008-12-02,2008,décembre,mardi,17:50,75,75106,0,0,2,2,6,5,1,4,2,02,1,1,000,030,1,0,1,4,2,40,1,1,2,00,2,1,1,200800073500A01,30,1,1
200800073502,2008-12-02,2008,décembre,mardi,12:55,75,75108,0,0,2,1,3,1,1,4,1,00,1,-1,000,100,1,0,1,4,1,29,4,1,2,00,2,1,1,200800073502B01,7,22,1
200800073509,2008-12-02,2008,décembre,mardi,13:15,75,75112,0,0,2,2,6,2,1,4,2,00,1,1,000,000,1,0,1,4,1,46,1,1,2,14,0,1,1,200800073509A01,,,
200800073526,2008-12-08,2008,décembre,lundi,14:15,75,75104,0,0,2,2,3,1,1,4,1,03,1,1,000,123,1,0,1,4,1,17,0,1,2,00,2,7,17,200800073526B01,7,22,1
200800073527,2008-12-08,2008,décembre,lundi,11:35,75,75110,0,0,2,1,6,1,1,4,1,03,1,1,000,152,1,0,1,3,2,57,1,1,2,00,2,8,1,200800073527B01,13,14,1
200800073540,2008-12-08,2008,décembre,lundi,19:47,75,75119,0,0,2,1,6,5,1,4,3,01,1,1,000,120,1,0,5,4,1,25,9,1,2,08,1,3,1,200800073540A01,,,
200800073553,2008-12-06,2008,décembre,samedi,12:20,75,75114,0,0,2,3,3,1,1,4,1,02,1,-1,000,098,-1,0,1,4,2,31,5,1,2,00,2,2,7,200800073553A01,7,16,1
200800073554,2008-12-06,2008,décembre,samedi,11:30,75,75115,0,0,2,1,2,1,1,4,1,03,1,1,000,000,1,0,1,4,1,31,4,1,2,00,2,1,2,200800073554A01,1,2,1
200800073554,2008-12-06,2008,décembre,samedi,11:30,75,75115,0,0,2,1,2,1,1,4,1,03,1,1,000,000,1,0,1,1,1,32,4,1,2,00,2,4,2,200800073554B01,1,2,1
200800073577,2008-12-09,2008,décembre,mardi,22:55,75,75112,0,0,2,2,3,5,1,4,1,04,1,1,000,120,1,5,1,4,1,42,9,1,2,00,2,1,5,200800073577A01,7,1,1
200800073595,2008-12-09,2008,décembre,mardi,75:0,75,75117,0,0,2,1,3,2,1,4,2,00,1,1,000,098,1,0,1,3,1,48,1,1,2,00,2,1,1,200800073595B01,7,22,1
200800073604,2008-12-10,2008,décembre,mercredi,22:45,75,75109,0,0,2,2,3,5,1,4,1,01,1,1,020,050,1,0,1,4,1,28,5,1,2,00,2,7,1,200800073604A01,7,1,1
200800073605,2008-12-10,2008,décembre,mercredi,21:20,75,75110,0,0,2,2,3,5,1,4,1,01,2,1,000,050,1,2,1,1,2,40,0,1,2,00,2,0,1,200800073605B01,30,1,1
200800073607,2008-12-10,2008,décembre,mercredi,14:20,75,75111,0,0,2,1,6,1,1,4,2,03,1,1,000,150,1,0,5,4,2,24,1,1,2,00,2,2,7,200800073607B01,2,18,1
200800073608,2008-12-10,2008,décembre,mercredi,23:30,75,75111,0,0,2,2,3,5,1,4,2,02,2,-1,000,080,1,0,1,3,1,61,5,1,2,00,2,8,1,200800073608B01,7,1,1
200800073622,2008-12-10,2008,décembre,mercredi,5:,75,75119,0,0,2,1,7,5,9,4,-1,01,1,2,000,100,7,0,4,4,1,34,1,1,2,00,0,0,1,200800073622A01,,,
200800073628,2008-12-11,2008,décembre,jeudi,16:20,75,75101,0,0,2,1,6,1,1,4,1,01,1,1,000,000,-1,0,1,4,1,29,0,1,2,01,2,4,11,200800073628B01,32,1,1
200800073666,2008-12-12,2008,décembre,vendredi,12:32,75,75120,0,0,2,3,2,1,1,4,2,03,2,1,000,072,1,0,1,1,2,37,5,1,2,00,2,8,1,200800073666B01,31,17,1
200800073705,2008-12-14,2008,décembre,dimanche,10:30,75,75119,0,0,2,1,3,1,2,4,1,01,1,1,010,150,2,0,1,4,1,85,3,1,2,00,2,1,19,200800073705B01,10,1,1
200800073719,2008-12-15,2008,décembre,lundi,15:00,75,75112,0,0,2,1,7,1,8,4,-1,01,1,1,000,100,1,0,5,4,2,44,5,1,2,00,0,0,1,200800073719A01,,,
200800073724,2008-12-15,2008,décembre,lundi,12:25,75,75114,0,0,2,1,3,1,1,4,1,01,-1,-1,000,035,1,0,0,4,1,88,9,1,2,00,2,1,18,200800073724A01,7,22,1
200800073729,2008-12-15,2008,décembre,lundi,21:55,75,75117,0,0,2,2,3,5,2,4,1,00,1,3,000,000,1,0,1,4,1,48,9,1,2,00,2,4,14,200800073729A01,7,1,1
200800073754,2008-12-03,2008,décembre,mercredi,18:15,75,75112,0,0,2,2,2,5,2,4,2,02,1,1,000,020,2,0,1,4,1,16,5,1,2,00,2,1,2,200800073754A01,7,23,1
200800073770,2008-12-16,2008,décembre,mardi,14:55,75,75102,0,0,2,4,3,1,1,4,1,03,1,1,000,040,1,0,1,4,2,56,1,1,2,00,2,1,7,200800073770A01,10,22,1
200800073787,2008-12-04,2008,décembre,jeudi,17:25,75,75102,0,0,2,1,3,2,2,4,1,03,1,-1,000,124,1,0,5,4,1,42,0,1,2,00,2,7,7,200800073787B01,10,12,1
200800073795,2008-12-04,2008,décembre,jeudi,90:0,75,75111,0,0,2,5,6,1,2,4,1,01,1,1,000,127,2,0,0,4,2,40,1,1,2,00,2,4,1,200800073795B01,7,22,1
200800073799,2008-12-04,2008,décembre,jeudi,83:8,75,75112,0,0,2,1,6,1,2,4,2,02,2,1,000,100,2,0,5,4,2,27,2,1,2,08,2,1,1,200800073799B01,7,22,1
200800073826,2008-12-05,2008,décembre,vendredi,19:40,75,75108,0,0,2,1,6,5,1,4,2,01,1,1,000,000,2,0,1,4,2,41,5,1,2,14,2,1,1,200800073826B01,7,22,1
200800073833,2008-12-05,2008,décembre,vendredi,16:00,75,75112,0,0,2,3,7,1,2,4,1,01,1,1,000,080,2,0,0,4,2,38,5,1,2,00,0,0,21,200800073833A01,,,
200800073883,2008-12-20,2008,décembre,samedi,18:20,75,75105,0,0,2,5,6,2,8,4,-1,01,1,-1,000,139,-1,2,5,4,2,38,5,1,2,14,1,8,1,200800073883A01,,,
200800073892,2008-12-20,2008,décembre,samedi,53:0,75,75118,0,0,2,1,6,3,1,4,1,01,1,1,000,150,1,0,1,4,1,17,5,1,2,01,0,1,13,200800073892A01,,,
200800073896,2008-12-21,2008,décembre,dimanche,14:25,75,75105,0,0,2,4,3,1,1,4,1,01,1,1,000,048,1,0,1,4,2,21,5,1,2,00,2,1,1,200800073896B01,7,16,1
200800073901,2008-12-21,2008,décembre,dimanche,92:5,75,75110,0,0,2,1,3,1,1,4,1,01,1,-1,000,080,1,0,1,4,1,11,3,1,2,00,2,1,1,200800073901B01,7,16,1
200800073915,2008-12-22,2008,décembre,lundi,94:5,75,75108,0,0,2,1,6,1,1,4,1,02,2,1,000,090,-1,0,1,4,1,89,4,1,2,00,1,7,1,200800073915A01,,,
200800073917,2008-12-22,2008,décembre,lundi,11:50,75,75109,0,0,2,1,6,1,1,4,1,01,1,1,000,000,1,0,4,1,2,29,4,1,2,00,1,6,1,200800073917A01,,,
200800073938,2008-12-19,2008,décembre,vendredi,15:20,75,75106,0,0,2,2,6,1,1,4,1,01,1,1,000,074,1,0,1,1,1,20,1,1,2,00,1,1,1,200800073938A01,,,
200800073941,2008-12-19,2008,décembre,vendredi,12:10,75,75108,0,0,2,5,3,1,1,4,1,02,1,1,000,160,1,0,1,4,2,63,5,1,2,00,2,2,1,200800073941A01,10,1,1
200800073943,2008-12-19,2008,décembre,vendredi,12:00,75,75109,0,0,2,1,3,1,8,4,1,03,1,1,000,100,2,0,1,4,1,42,5,1,2,00,2,7,1,200800073943B01,30,18,1
200800073948,2008-12-19,2008,décembre,vendredi,15:50,75,75111,0,0,2,3,3,1,1,4,2,02,2,1,120,100,1,0,1,4,2,49,5,1,2,00,2,8,1,200800073948B01,7,17,1