Num_Acc,date,an,mois,jour,hrmn,dep,com,lat,long,agg,int,col,lum,atm,catr,circ,nbv,prof,plan,lartpc,larrout,surf,infra,situ,grav,sexe,age,trajet,secuexist,equipement,obs,obsm,choc,manv,vehiculeid,typevehicules,manoeuvehicules,numVehicules
200800073964,2008-12-23,2008,décembre,mardi,24:0,75,75113,0,0,2,5,7,5,8,4,-1,01,1,2,000,250,2,0,1,4,2,27,5,1,2,00,0,0,1,200800073964A01,,,
200800073985,2008-12-24,2008,décembre,mercredi,84:0,75,75111,0,0,2,1,6,1,1,4,2,01,1,1,000,100,1,0,1,1,1,49,1,1,2,00,1,0,7,200800073985A01,,,
200800074010,2008-12-26,2008,décembre,vendredi,17:28,75,75101,0,0,2,2,3,5,1,4,1,04,1,1,004,121,1,0,1,4,1,64,5,1,2,00,2,8,19,200800074010B01,7,1,1
200800074053,2008-12-28,2008,décembre,dimanche,15:00,75,75119,0,0,2,1,3,1,1,4,2,02,1,1,063,050,1,0,1,4,1,2,0,1,2,00,2,5,19,200800074053B01,7,4,1
200800074053,2008-12-28,2008,décembre,dimanche,15:00,75,75119,0,0,2,1,3,1,1,4,2,02,1,1,063,050,1,0,1,1,2,29,5,1,2,00,2,5,19,200800074053B01,7,4,1
200800074073,2008-12-17,2008,décembre,mercredi,16:30,75,75104,0,0,2,5,3,1,2,4,1,01,1,1,000,150,2,0,0,4,1,16,2,1,2,00,2,1,7,200800074073B01,7,1,1
200800074090,2008-12-17,2008,décembre,mercredi,14:10,75,75112,0,0,2,1,3,1,2,4,2,02,1,1,000,090,2,0,1,4,2,37,5,1,2,00,2,1,1,200800074090B01,7,22,1
200800074091,2008-12-17,2008,décembre,mercredi,14:35,75,75112,0,0,2,1,2,1,2,4,2,03,1,1,000,100,2,0,1,4,2,65,5,1,2,00,2,4,15,200800074091B01,10,17,1
200800074141,2008-12-31,2008,décembre,mercredi,14:50,75,75113,0,0,2,2,3,1,8,4,2,02,1,1,000,087,1,0,1,4,2,57,5,1,2,00,2,1,19,200800074141A01,32,1,1
200800074496,2008-01-16,2008,janvier,mercredi,12:45,972,97217,0,-0,1,1,3,1,1,3,2,02,1,1,000,067,1,0,1,2,1,19,5,0,0,00,0,8,19,200800074496B02,7,1,1
200800074503,2008-01-17,2008,janvier,jeudi,17:30,972,97201,0,-0,1,1,7,2,1,4,2,00,-1,3,000,060,2,0,1,3,1,49,1,0,0,13,0,1,1,200800074503A01,,,
200800074509,2008-01-18,2008,janvier,vendredi,17:00,971,97131,0,-0,1,1,1,1,1,4,2,02,-1,2,000,038,9,0,1,4,2,24,5,0,0,00,2,1,1,200800074509B02,7,13,1
200800074511,2008-01-10,2008,janvier,jeudi,90:0,971,97115,0,-0,1,1,3,1,1,4,2,00,-1,1,000,000,1,0,1,3,1,58,5,0,0,00,2,8,15,200800074511B02,10,1,1
200800074513,2008-01-06,2008,janvier,dimanche,73:0,971,97129,0,-0,2,1,1,1,1,2,2,02,2,4,070,000,1,0,1,2,1,50,5,1,2,00,2,1,1,200800074513B02,7,1,1
200800074523,2008-01-01,2008,janvier,mardi,16:30,973,97305,0,-0,1,1,2,1,8,2,2,02,1,1,000,070,2,0,1,4,1,53,5,0,0,00,2,4,13,200800074523A01,7,17,1
200800074524,2008-01-06,2008,janvier,dimanche,94:5,973,97305,0,-0,1,1,5,1,8,2,2,00,1,1,000,070,2,0,1,3,1,31,5,1,2,00,2,4,2,200800074524B02,7,2,1
200800074524,2008-01-06,2008,janvier,dimanche,94:5,973,97305,0,-0,1,1,5,1,8,2,2,00,1,1,000,070,2,0,1,4,1,30,5,1,2,00,2,4,2,200800074524C03,7,2,1
200800074526,2008-01-12,2008,janvier,samedi,15:00,973,97306,0,-0,1,1,3,1,1,2,2,02,1,1,000,068,1,0,1,4,1,59,5,0,0,00,2,3,15,200800074526B02,7,13,1
200800074530,2008-01-05,2008,janvier,samedi,19:15,974,97410,-0,0,1,1,1,2,1,3,2,02,2,4,000,000,1,0,1,3,1,16,5,1,4,00,2,1,13,200800074530B02,7,1,1
200800074536,2008-01-23,2008,janvier,mercredi,13:45,974,97422,-0,0,2,1,1,1,1,4,2,01,2,1,000,070,1,0,1,3,1,7,5,0,0,00,2,7,19,200800074536B02,7,4,1
200800074590,2008-01-12,2008,janvier,samedi,20:35,972,97209,0,0,1,1,1,4,1,4,2,02,1,1,000,055,1,0,1,4,1,22,0,1,2,00,2,1,1,200800074590A01,30,1,1
200800074602,2008-01-26,2008,janvier,samedi,19:15,972,97209,0,0,2,1,6,5,1,4,1,01,1,1,000,040,1,0,1,4,1,13,0,1,2,00,9,1,1,200800074602B01,30,1,1
200800074607,2008-01-30,2008,janvier,mercredi,10:13,972,97209,0,0,1,1,6,1,1,3,2,02,1,1,000,060,1,0,1,3,1,18,0,1,2,00,2,1,5,200800074607B01,7,1,1
200800074616,2008-01-13,2008,janvier,dimanche,17:40,972,97213,0,0,1,1,3,1,1,2,1,02,1,1,000,000,1,0,1,4,1,39,0,1,2,00,2,4,1,200800074616B01,7,0,1
200800074622,2008-01-25,2008,janvier,vendredi,17:15,972,97213,0,0,2,1,1,1,1,4,2,02,-1,-1,000,000,-1,0,1,4,1,15,0,1,2,00,2,1,1,200800074622B01,7,1,1
200800074624,2008-01-29,2008,janvier,mardi,71:5,972,97213,0,0,2,1,1,1,1,3,2,02,2,1,000,000,1,0,1,4,1,13,0,1,2,00,2,1,13,200800074624B01,7,1,1
200800074627,2008-01-01,2008,janvier,mardi,16:05,973,97302,0,0,2,1,1,1,1,3,2,02,1,1,000,113,1,0,1,4,1,17,0,1,9,00,9,1,0,200800074627A01,2,0,1
200800074628,2008-01-05,2008,janvier,samedi,18:40,973,97302,0,0,2,1,6,2,1,3,2,02,1,1,000,060,1,0,1,4,1,10,0,1,4,00,2,0,19,200800074628A01,7,1,1
200800074632,2008-01-10,2008,janvier,jeudi,82:2,973,97302,0,0,1,1,3,1,2,4,2,02,1,3,000,117,2,0,1,4,2,40,9,1,9,00,2,8,1,200800074632B01,7,1,1
200800074646,2008-01-23,2008,janvier,mercredi,10:10,973,97302,0,0,2,2,3,1,1,3,2,02,1,1,000,000,1,0,1,4,1,18,0,1,9,00,2,1,0,200800074646B01,7,0,1
200800074654,2008-01-28,2008,janvier,lundi,17:51,973,97302,0,0,2,3,6,1,1,3,2,02,1,-1,000,000,1,0,1,4,1,35,0,1,9,00,2,1,1,200800074654B01,7,15,1
200800074655,2008-01-29,2008,janvier,mardi,17:35,973,97302,0,0,2,1,2,1,1,4,1,01,1,1,000,073,1,0,1,4,1,16,3,1,9,00,2,4,5,200800074655A01,7,1,1
200800074655,2008-01-29,2008,janvier,mardi,17:35,973,97302,0,0,2,1,2,1,1,4,1,01,1,1,000,073,1,0,1,1,1,17,0,1,9,00,2,4,5,200800074655A01,7,1,1
200800074656,2008-01-29,2008,janvier,mardi,15:20,973,97302,0,0,2,1,3,1,1,3,2,02,1,1,000,080,1,0,1,4,1,38,0,1,9,00,2,0,1,200800074656B01,7,0,1
200800074661,2008-01-31,2008,janvier,jeudi,15:50,973,97302,0,0,2,1,3,1,1,4,2,02,1,1,000,000,1,0,1,4,1,17,0,1,9,00,2,1,0,200800074661B01,7,0,1
200800074663,2008-01-03,2008,janvier,jeudi,12:30,974,97407,0,0,2,3,3,1,1,4,1,01,1,1,000,030,1,0,0,4,1,5,5,1,9,00,2,1,1,200800074663A01,7,1,1
200800074670,2008-01-24,2008,janvier,jeudi,95:5,974,97407,0,0,2,6,3,1,1,4,2,02,1,1,000,075,1,0,0,4,1,12,5,1,9,00,2,1,9,200800074670A01,7,1,1
200800074673,2008-01-31,2008,janvier,jeudi,18:15,974,97407,0,0,2,1,3,2,2,4,2,02,1,1,000,065,2,0,4,4,1,9,3,1,9,00,9,1,1,200800074673A01,1,1,1
200800074680,2008-01-06,2008,janvier,dimanche,15:40,974,97411,0,0,2,3,3,1,1,4,2,04,1,1,000,124,1,0,1,2,1,14,0,1,2,00,2,1,16,200800074680A01,2,1,1
200800074697,2008-01-13,2008,janvier,dimanche,81:5,974,97411,0,0,1,1,3,1,1,3,2,02,2,2,000,060,1,0,1,4,1,46,5,1,9,00,2,8,10,200800074697A01,33,1,1
200800074702,2008-01-19,2008,janvier,samedi,10:35,974,97416,0,0,2,6,7,1,1,4,1,01,1,1,000,071,1,0,1,4,1,70,5,1,9,00,2,1,1,200800074702B01,37,1,1
200800074806,2008-02-10,2008,février,dimanche,10:30,971,97103,0,-0,1,1,2,1,1,2,3,02,1,1,000,075,1,0,2,3,1,20,9,1,2,01,0,1,1,200800074806B02,7,23,1
200800074811,2008-02-05,2008,février,mardi,19:45,973,97304,0,-0,2,1,3,5,2,4,2,02,1,1,000,055,2,0,1,3,2,8,5,0,0,00,2,7,1,200800074811B02,7,1,1
200800074826,2008-02-29,2008,février,vendredi,90:0,974,97404,-0,0,1,1,1,1,1,2,3,02,1,1,000,068,1,0,1,2,1,63,5,0,0,00,2,0,15,200800074826B02,7,1,1
200800074884,2008-02-23,2008,février,samedi,19:40,972,97213,0,0,1,1,1,3,1,3,2,02,1,1,000,090,1,0,1,4,1,29,5,1,9,00,2,1,5,200800074884A01,7,1,1
200800074890,2008-02-01,2008,février,vendredi,16:15,973,97302,0,0,2,1,6,1,1,3,2,02,1,1,000,120,1,0,1,4,1,27,0,1,2,00,2,1,1,200800074890B01,7,24,1
200800074896,2008-02-16,2008,février,samedi,20:54,973,97302,0,0,1,1,3,5,1,3,2,02,1,1,000,072,1,0,1,4,1,42,0,1,2,01,2,0,1,200800074896B01,7,1,1
200800074902,2008-02-26,2008,février,mardi,73:5,973,97302,0,0,2,1,6,1,1,3,2,02,1,1,000,000,1,0,1,4,1,29,0,1,2,00,2,0,0,200800074902B01,7,0,1
200800074903,2008-02-27,2008,février,mercredi,70:8,973,97302,0,0,2,3,6,1,1,3,2,02,1,1,000,074,1,0,1,4,1,33,0,1,2,00,2,1,1,200800074903B01,7,15,1
200800074909,2008-02-28,2008,février,jeudi,13:30,973,97302,0,0,1,1,3,1,1,3,2,02,1,1,000,070,1,0,5,1,1,19,5,1,9,00,9,4,1,200800074909B01,2,1,1
200800074936,2008-02-27,2008,février,mercredi,17:35,974,97411,0,0,2,1,2,1,2,4,2,02,2,1,000,060,2,0,1,3,1,33,9,1,9,01,2,1,1,200800074936B01,14,24,1
200800075025,2008-03-05,2008,mars,mercredi,13:00,973,97302,0,0,2,1,6,1,1,3,2,02,1,1,000,000,1,0,1,4,1,38,0,1,2,00,9,1,0,200800075025A01,2,0,1
200800075028,2008-03-14,2008,mars,vendredi,14:20,973,97302,0,0,1,1,6,1,1,3,2,02,1,1,000,090,1,0,3,4,1,26,5,1,9,00,2,0,1,200800075028B01,7,1,1
200800075032,2008-03-12,2008,mars,mercredi,19:20,973,97302,0,0,1,1,6,4,1,4,2,00,1,1,000,057,1,0,1,4,1,16,0,1,2,00,2,0,1,200800075032B01,,,
200800075037,2008-03-14,2008,mars,vendredi,12:43,973,97302,0,0,2,1,3,1,1,3,-1,02,1,1,000,060,1,0,1,4,1,35,0,1,2,00,2,8,0,200800075037A01,7,0,1
200800075038,2008-03-22,2008,mars,samedi,16:50,973,97302,0,0,2,1,6,1,1,4,1,01,1,1,000,060,1,0,1,4,1,11,0,1,9,00,2,0,0,200800075038A01,7,0,1
200800075042,2008-03-30,2008,mars,dimanche,18:15,973,97302,0,0,2,3,2,1,1,4,1,01,1,1,000,045,1,0,1,4,1,19,0,1,2,00,0,0,0,200800075042A01,7,16,1
200800075043,2008-03-08,2008,mars,samedi,84:5,974,97407,0,0,2,1,2,1,1,4,2,02,1,1,000,055,1,0,1,4,1,27,5,1,9,00,2,1,1,200800075043A01,7,1,1
200800075046,2008-03-18,2008,mars,mardi,17:00,974,97407,0,0,2,6,3,1,1,3,3,01,1,1,035,058,1,0,0,4,1,27,1,1,9,00,2,1,1,200800075046B01,7,16,1
200800075117,2008-03-16,2008,mars,dimanche,91:5,971,97118,0,-0,2,1,6,1,1,4,2,00,1,1,000,060,1,0,1,4,1,24,3,0,0,00,1,1,1,200800075117A01,,,
200800075131,2008-03-30,2008,mars,dimanche,19:45,973,97306,0,-0,1,1,2,3,1,3,2,02,1,1,000,044,9,0,3,3,1,40,5,0,0,00,2,4,1,200800075131B02,7,14,1
200800075195,2008-03-23,2008,mars,dimanche,16:30,974,97416,-0,0,2,1,1,1,1,4,-1,01,2,1,000,000,1,0,1,3,1,12,5,0,0,00,2,1,0,200800075195B02,7,15,1
200800075265,2008-04-16,2008,avril,mercredi,14:15,974,97410,-0,0,1,1,1,1,1,3,2,02,2,3,000,050,1,0,1,4,1,23,5,0,0,00,2,1,13,200800075265A01,10,1,1
200800075267,2008-04-14,2008,avril,lundi,12:45,974,97420,-0,0,1,1,1,1,1,2,3,04,-1,1,050,082,1,0,3,3,1,33,1,0,0,01,0,1,2,200800075267A01,14,24,1
200800075294,2008-04-28,2008,avril,lundi,16:30,971,97114,0,-0,1,1,1,1,1,4,2,00,2,2,000,040,1,0,1,3,1,14,5,0,0,00,2,1,13,200800075294B02,7,0,1
200800075295,2008-04-29,2008,avril,mardi,19:15,971,97107,0,-0,1,1,1,5,1,4,2,00,2,1,000,038,1,0,1,4,1,18,5,0,0,00,2,1,1,200800075295B02,7,15,1
200800075296,2008-04-25,2008,avril,vendredi,18:00,971,97107,0,-0,1,1,1,1,1,2,2,02,1,1,000,076,1,0,1,3,1,33,5,0,0,00,2,8,9,200800075296A01,10,1,1
200800075298,2008-04-06,2008,avril,dimanche,10:15,971,97109,0,-0,2,1,1,1,1,4,2,02,2,2,000,058,1,0,1,3,1,48,5,1,2,00,2,1,5,200800075298A01,7,1,1
200800075300,2008-04-30,2008,avril,mercredi,14:45,971,97132,0,-0,2,1,1,1,1,4,2,02,2,4,000,046,1,0,1,3,2,13,5,1,2,01,0,1,5,200800075300B02,7,1,1
200800075312,2008-04-23,2008,avril,mercredi,19:00,972,97229,0,-0,1,1,1,5,1,6,-1,00,2,1,000,000,1,0,1,3,1,14,5,0,0,00,2,1,17,200800075312B02,7,13,1
200800075336,2008-04-23,2008,avril,mercredi,64:5,974,97411,0,0,2,8,6,2,1,4,2,02,2,1,067,000,1,0,1,4,1,28,1,1,9,00,2,1,1,200800075336B01,7,11,1
200800075344,2008-04-20,2008,avril,dimanche,16:30,974,97411,0,0,1,1,1,1,1,4,2,02,2,2,000,000,1,0,1,4,1,20,5,1,2,00,2,1,1,200800075344A01,7,1,1
200800075350,2008-04-04,2008,avril,vendredi,51:0,971,97113,0,0,1,1,3,5,2,2,2,02,-1,-1,000,084,2,0,1,2,1,40,0,1,4,00,2,8,1,200800075350B01,7,1,1
200800075384,2008-04-30,2008,avril,mercredi,82:0,972,97209,0,0,2,1,6,1,1,4,2,02,1,1,000,060,1,0,1,1,1,42,5,1,2,00,1,1,2,200800075384A01,,,
200800075405,2008-04-11,2008,avril,vendredi,19:00,973,97302,0,0,1,1,1,5,1,4,2,02,1,1,000,060,1,0,1,3,1,12,5,1,9,00,2,1,5,200800075405A01,2,1,1
200800075423,2008-04-16,2008,avril,mercredi,14:25,974,97407,0,0,2,1,3,1,1,4,2,02,1,1,000,058,1,0,1,4,1,57,5,1,9,00,2,1,1,200800075423B01,7,4,1
200800075484,2008-03-08,2008,mars,samedi,14:10,974,97411,0,0,2,1,2,1,1,4,2,02,1,1,000,000,1,0,1,3,1,16,5,1,2,00,2,1,17,200800075484B01,7,10,1
200800075493,2008-03-12,2008,mars,mercredi,15:15,974,97411,0,0,2,3,3,1,1,4,2,02,1,1,000,000,1,0,0,4,1,16,5,1,9,00,2,1,1,200800075493B01,7,1,1
200800075503,2008-03-30,2008,mars,dimanche,15:20,974,97411,0,0,2,1,1,1,1,4,2,02,1,1,000,000,1,0,1,4,1,17,5,1,2,00,2,1,13,200800075503B01,7,1,1
200800075505,2008-03-27,2008,mars,jeudi,12:40,974,97411,0,0,2,1,6,1,1,4,2,02,1,1,000,000,1,0,1,1,1,18,9,1,2,00,1,1,1,200800075505A01,,,
200800075519,2008-05-25,2008,mai,dimanche,84:5,972,97231,0,-0,2,1,1,1,1,3,2,02,2,2,000,000,1,0,1,4,1,46,5,1,2,00,0,1,0,200800075519B02,31,0,1
200800075537,2008-05-13,2008,mai,mardi,16:30,971,97112,0,-0,1,1,1,1,1,4,2,01,2,2,000,000,1,0,1,3,1,14,5,0,0,00,2,1,13,200800075537A01,10,1,1
200800075541,2008-05-10,2008,mai,samedi,20:30,973,97312,0,-0,2,1,1,5,1,9,2,00,-1,-1,000,070,1,0,1,3,1,13,5,0,0,00,2,3,16,200800075541B02,10,16,1
200800075553,2008-05-18,2008,mai,dimanche,14:30,974,97405,-0,0,1,1,1,1,1,3,2,00,2,3,000,040,2,0,1,3,1,26,5,0,0,00,2,1,1,200800075553A01,7,1,1
200800075617,2008-05-19,2008,mai,lundi,15:35,971,97101,0,0,1,1,3,1,1,4,-1,00,1,-1,000,000,1,0,1,3,1,37,0,1,9,00,2,0,0,200800075617B01,7,0,1
200800075630,2008-05-05,2008,mai,lundi,22:45,972,97209,0,0,2,1,6,5,1,2,2,04,1,1,000,150,1,0,1,1,1,49,0,1,2,00,9,0,0,200800075630A01,31,0,1
200800075657,2008-05-22,2008,mai,jeudi,20:37,972,97213,0,0,1,1,6,3,1,3,2,02,1,1,000,090,1,0,1,4,1,45,5,1,4,00,9,8,1,200800075657B01,7,17,1
200800075666,2008-05-05,2008,mai,lundi,65:4,973,97302,0,0,2,2,2,2,1,3,2,02,1,1,000,112,1,0,1,4,1,34,0,1,9,00,2,1,1,200800075666B01,10,9,1
200800075699,2008-05-06,2008,mai,mardi,13:00,974,97411,0,0,2,1,6,1,1,4,2,02,1,1,000,057,1,0,1,4,1,16,5,1,2,00,0,8,1,200800075699B01,13,17,1
200800075763,2008-06-05,2008,juin,jeudi,20:30,971,97106,0,-0,1,2,1,3,1,2,2,00,1,3,000,060,1,0,1,3,1,21,5,0,0,00,2,0,1,200800075763B02,2,13,1
200800075768,2008-06-27,2008,juin,vendredi,11:00,971,97114,0,-0,1,1,1,1,1,4,2,00,-1,1,000,056,1,0,1,3,1,11,5,0,0,00,2,3,19,200800075768B02,7,1,1
200800075793,2008-06-21,2008,juin,samedi,10:15,974,97418,-0,0,2,1,1,1,1,3,2,00,1,3,000,000,1,0,5,3,1,59,5,1,2,00,2,1,1,200800075793B02,7,15,1
200800075802,2008-06-03,2008,juin,mardi,16:45,974,97422,-0,0,1,1,1,1,1,3,2,02,2,2,000,078,8,0,1,3,1,72,5,0,0,00,2,0,1,200800075802B02,7,17,1
200800075842,2008-06-03,2008,juin,mardi,15:45,973,97304,0,-0,2,1,5,1,1,4,2,02,1,1,000,060,1,0,1,3,1,23,5,0,0,00,0,4,1,200800075842C03,7/ 30,2/1,2
200800075902,2008-06-20,2008,juin,vendredi,19:20,972,97213,0,0,1,1,6,3,1,2,2,02,-1,-1,000,000,-1,0,1,4,1,17,0,0,0,00,2,0,10,200800075902B01,33,1,1
200800075906,2008-06-02,2008,juin,lundi,16:50,973,97302,0,0,2,1,3,1,1,4,2,02,1,1,000,087,1,0,1,4,1,58,0,1,9,00,9,1,19,200800075906B01,2,1,1
200800075909,2008-06-09,2008,juin,lundi,80:0,973,97302,0,0,2,2,3,1,1,4,2,02,1,1,000,066,1,0,1,4,2,13,9,1,9,00,2,0,15,200800075909B01,3,19,1
200800075913,2008-06-12,2008,juin,jeudi,18:16,973,97302,0,0,2,2,6,1,1,4,2,00,1,1,000,071,1,0,1,4,2,33,9,1,2,00,2,1,1,200800075913C01,7,16/15,2
200800075916,2008-06-17,2008,juin,mardi,18:13,973,97302,0,0,2,1,6,2,1,3,2,00,1,1,000,071,1,0,1,4,1,14,9,1,9,00,2,8,1,200800075916B01,7,15,1
200800075921,2008-06-27,2008,juin,vendredi,17:10,973,97302,0,0,1,3,3,1,1,3,2,02,1,1,000,079,1,0,1,4,1,65,9,1,9,00,2,0,0,200800075921A01,2,1,1
200800076042,2008-07-16,2008,juillet,mercredi,18:30,972,97222,0,-0,1,1,1,5,1,3,-1,02,2,3,000,061,1,0,1,4,1,16,5,0,0,00,2,1,13,200800076042B02,7,1,1
200800076046,2008-07-08,2008,juillet,mardi,14:30,971,97107,0,-0,1,1,1,1,1,3,2,00,2,3,000,042,1,0,1,3,1,24,5,0,0,00,2,1,13,200800076046A01,7,1,1
200800076047,2008-07-06,2008,juillet,dimanche,10:00,971,97107,0,-0,1,1,1,1,1,4,2,02,2,2,000,032,1,0,1,4,1,20,5,0,0,13,2,1,21,200800076047B02,7,1,1
200800076062,2008-07-12,2008,juillet,samedi,63:0,971,97117,0,-0,1,1,5,1,7,2,2,02,1,1,000,070,1,5,1,3,1,34,5,1,2,00,2,8,1,200800076062B02,7,15,1
200800076062,2008-07-12,2008,juillet,samedi,63:0,971,97117,0,-0,1,1,5,1,7,2,2,02,1,1,000,070,1,5,1,4,1,25,5,1,2,00,2,1,1,200800076062C03,7,15,1
200800076076,2008-07-13,2008,juillet,dimanche,10:15,973,97303,0,-0,1,1,1,1,1,2,2,02,1,3,000,060,1,0,1,4,1,70,3,0,0,00,0,8,15,200800076076B02,7,1,1
200800076087,2008-07-31,2008,juillet,jeudi,16:30,974,97403,-0,0,2,1,1,1,1,3,2,02,2,1,000,065,1,5,1,3,1,20,5,0,0,00,2,1,1,200800076087B02,10,15,1
200800076090,2008-07-09,2008,juillet,mercredi,15:45,974,97422,-0,0,2,1,1,1,1,4,2,00,2,2,000,060,1,0,1,3,1,19,5,0,0,00,2,1,5,200800076090A01,10,1,1
200800076157,2008-07-18,2008,juillet,vendredi,18:30,971,97101,0,0,1,1,6,1,1,4,-1,00,1,1,000,000,1,0,1,3,1,6,0,1,2,00,2,0,0,200800076157B01,10,0,1
200800076185,2008-07-13,2008,juillet,dimanche,16:45,972,97213,0,0,1,1,6,1,1,2,2,02,2,3,000,090,1,0,1,4,1,20,9,1,2,00,2,1,1,200800076185B01,30,5,1
200800076200,2008-07-06,2008,juillet,dimanche,11:5,973,97302,0,0,2,1,3,5,1,3,2,02,1,-1,000,055,1,0,1,2,1,16,5,1,9,01,2,8,15,200800076200A01,7,1,1
200800076243,2008-07-10,2008,juillet,jeudi,13:00,974,97411,0,0,2,1,4,1,1,4,2,02,1,1,000,060,1,0,1,4,1,16,5,1,9,00,2,1,1,200800076243B01,7,15,1
200800076243,2008-07-10,2008,juillet,jeudi,13:00,974,97411,0,0,2,1,4,1,1,4,2,02,1,1,000,060,1,0,1,4,1,15,5,1,9,00,2,1,1,200800076243C01,7,15,1
200800076245,2008-07-19,2008,juillet,samedi,63:0,974,97411,0,0,2,3,2,1,1,4,2,02,1,1,000,060,1,0,1,4,2,60,5,1,9,00,9,4,2,200800076245B01,33,2,1
200800076249,2008-07-24,2008,juillet,jeudi,19:01,974,97411,0,0,2,3,3,5,1,4,2,02,2,-1,000,060,1,0,1,3,1,15,0,1,4,01,2,1,5,200800076249B01,7,2,1
200800076253,2008-07-30,2008,juillet,mercredi,16:00,974,97411,0,0,2,1,1,1,1,4,2,02,2,3,000,060,1,0,1,4,1,23,5,1,9,00,2,3,5,200800076253A01,7,1,1
200800076255,2008-07-31,2008,juillet,jeudi,12:20,974,97411,0,0,2,1,2,1,1,4,2,04,4,1,000,120,-1,0,1,4,1,24,5,1,9,01,2,1,2,200800076255B01,7,23,1
200800076268,2008-07-25,2008,juillet,vendredi,13:30,974,97416,0,0,2,1,2,1,1,4,1,02,1,1,000,060,1,0,1,3,1,31,0,1,9,00,2,1,1,200800076268B01,7,1,1
200800076318,2008-08-18,2008,août,lundi,54:5,972,97231,0,-0,1,1,6,2,1,3,2,02,2,1,000,058,1,0,1,4,1,59,1,1,2,00,1,1,1,200800076318A01,,,
200800076351,2008-08-19,2008,août,mardi,19:30,973,97311,0,-0,2,1,6,5,1,9,2,00,1,1,000,074,1,0,1,3,1,43,5,1,4,00,2,5,15,200800076351B02,2,1,1
200800076426,2008-08-25,2008,août,lundi,17:25,974,97407,0,0,2,1,3,1,1,4,1,01,1,1,000,070,1,0,1,4,2,15,5,1,9,00,2,8,1,200800076426B01,7,1,1
200800076449,2008-08-30,2008,août,samedi,17:50,974,97411,0,0,2,1,1,2,1,4,2,02,-1,-1,000,060,1,0,1,4,1,17,5,1,9,00,9,0,1,200800076449B01,30,1,1
200800076450,2008-08-01,2008,août,vendredi,16:30,974,97414,0,0,2,3,1,1,1,4,-1,02,1,1,000,080,1,0,0,3,1,18,5,1,9,00,2,1,11,200800076450A01,37,1,1
200800076450,2008-08-01,2008,août,vendredi,16:30,974,97414,0,0,2,3,1,1,1,4,-1,02,1,1,000,080,1,0,0,2,2,19,0,1,9,00,2,1,11,200800076450A01,37,1,1
200800076459,2008-08-30,2008,août,samedi,17:30,974,97414,0,0,2,1,6,1,1,4,1,01,1,1,000,060,1,0,1,4,1,30,5,1,2,00,2,1,1,200800076459B01,7,22,1
200800076488,2008-08-11,2008,août,lundi,18:45,971,97113,0,0,2,1,6,5,1,4,2,01,2,1,000,049,1,0,1,3,1,11,0,1,2,00,2,0,5,200800076488B01,2,5,1
200800076499,2008-08-30,2008,août,samedi,23:26,971,97101,0,0,2,1,3,5,1,4,2,02,1,1,000,000,1,0,1,3,1,17,0,1,4,01,2,7,1,200800076499A01,7,0,1
200800076513,2008-08-27,2008,août,mercredi,11:36,972,97209,0,0,2,1,7,1,1,4,1,01,1,1,000,030,1,0,1,3,1,13,0,1,2,00,0,0,0,200800076513A01,,,
200800076556,2008-08-25,2008,août,lundi,11:51,973,97302,0,0,2,3,3,1,1,4,2,02,1,1,000,059,1,0,1,4,1,8,9,1,2,00,2,1,15,200800076556A01,7,1,1
200800076578,2008-09-19,2008,septembre,vendredi,14:45,971,97128,0,-0,1,1,3,1,1,3,2,00,1,1,000,045,1,0,1,3,1,37,5,0,0,00,2,1,1,200800076578A01,7,1,1
200800076595,2008-09-01,2008,septembre,lundi,17:15,974,97405,-0,0,1,1,1,1,1,3,2,00,-1,1,000,069,1,0,1,2,1,23,5,1,2,00,2,1,13,200800076595A01,7,1,1
200800076641,2008-09-19,2008,septembre,vendredi,12:30,971,97105,0,0,2,1,3,1,2,3,2,02,1,1,000,082,2,0,1,4,1,19,5,1,9,00,2,8,13,200800076641B01,7,17,1
200800076690,2008-09-02,2008,septembre,mardi,16:55,973,97302,0,0,2,3,3,1,1,3,2,02,1,1,000,110,1,0,1,4,1,16,0,1,9,00,2,1,5,200800076690A01,10,23,1
200800076703,2008-09-17,2008,septembre,mercredi,60:0,973,97302,0,0,1,6,3,2,1,2,3,04,1,1,000,069,1,0,0,4,1,26,0,1,2,00,2,1,1,200800076703B01,7,9,1
200800076704,2008-09-20,2008,septembre,samedi,12:47,973,97302,0,0,2,1,2,1,1,4,2,02,1,1,000,090,1,0,1,4,1,23,9,1,4,00,2,4,1,200800076704B01,2,1,1
200800076705,2008-09-22,2008,septembre,lundi,20:15,973,97302,0,0,2,3,3,5,1,4,2,02,1,1,000,091,1,0,1,4,1,27,9,1,4,00,2,1,1,200800076705B01,7,15,1
200800076707,2008-09-20,2008,septembre,samedi,95:6,973,97302,0,0,2,1,3,1,1,3,2,02,1,1,000,120,1,0,1,4,1,40,0,1,9,00,2,1,1,200800076707B01,10,9,1
200800076710,2008-09-25,2008,septembre,jeudi,17:20,973,97302,0,0,2,3,3,1,1,3,2,00,1,1,000,095,1,0,1,1,1,17,9,1,9,00,2,1,15,200800076710A01,7,1,1
200800076713,2008-09-05,2008,septembre,vendredi,17:50,974,97407,0,0,2,3,3,1,1,4,1,01,1,1,000,040,1,0,0,4,2,10,4,1,9,00,2,1,9,200800076713A01,7,1,1
200800076714,2008-09-09,2008,septembre,mardi,21:30,974,97407,0,0,2,1,7,3,1,4,2,02,1,1,000,060,1,0,1,4,1,14,5,1,9,00,0,0,1,200800076714A01,,,