Num_Acc,date,an,mois,jour,hrmn,dep,com,lat,long,agg,int,col,lum,atm,catr,circ,nbv,prof,plan,lartpc,larrout,surf,infra,situ,grav,sexe,age,trajet,secuexist,equipement,obs,obsm,choc,manv,vehiculeid,typevehicules,manoeuvehicules,numVehicules
200800076723,2008-09-06,2008,septembre,samedi,12:10,974,97409,0,0,2,3,3,1,1,4,2,02,3,1,000,080,1,0,0,4,1,12,9,1,9,00,2,0,19,200800076723B01,7,1,1
200800076738,2008-09-15,2008,septembre,lundi,19:15,974,97411,0,0,2,1,3,5,1,4,1,02,2,1,000,060,1,0,1,3,1,20,5,1,4,00,2,7,19,200800076738B01,7,1,1
200800076798,2008-10-05,2008,octobre,dimanche,83:0,972,97205,0,-0,2,1,1,3,1,2,2,00,2,3,000,104,1,0,1,3,1,15,5,0,0,00,2,5,5,200800076798B02,10,5,1
200800076802,2008-10-01,2008,octobre,mercredi,17:45,972,97232,0,-0,1,1,1,2,1,4,2,02,2,2,000,045,1,0,1,3,1,15,5,0,0,00,2,1,13,200800076802A01,7,1,1
200800076885,2008-10-16,2008,octobre,jeudi,13:00,973,97309,0,-0,1,2,3,1,1,2,2,02,1,1,000,070,1,0,1,2,1,11,9,0,0,00,2,8,1,200800076885B02,7,1,1
200800076896,2008-10-29,2008,octobre,mercredi,16:30,974,97498,-0,0,1,1,3,1,1,4,2,00,1,1,000,060,1,5,1,3,1,53,5,1,2,00,2,1,15,200800076896A01,7,0,1
200800076908,2008-10-10,2008,octobre,vendredi,75:0,971,97105,0,0,2,1,1,1,1,3,2,02,2,1,000,067,1,0,1,4,1,19,0,1,9,00,2,1,21,200800076908A01,7,1,1
200800076910,2008-10-04,2008,octobre,samedi,13:21,971,97107,0,0,2,7,1,1,1,4,2,00,1,1,000,000,-1,0,1,4,1,15,5,1,9,00,2,1,0,200800076910B01,7,0,1
200800076975,2008-10-10,2008,octobre,vendredi,70:5,973,97302,0,0,2,3,3,1,1,4,1,02,1,1,000,080,1,0,1,4,2,29,9,1,4,00,2,1,19,200800076975A01,7,1,1
200800076977,2008-10-14,2008,octobre,mardi,14:39,973,97302,0,0,1,6,3,1,1,2,3,04,1,1,000,080,1,0,1,4,1,18,0,1,9,00,2,1,5,200800076977A01,7,16,1
200800076980,2008-10-16,2008,octobre,jeudi,71:5,973,97302,0,0,2,1,3,1,1,3,2,02,1,1,000,080,1,0,1,4,2,17,2,1,4,00,2,0,15,200800076980B01,7,1,1
200800076987,2008-10-30,2008,octobre,jeudi,12:45,973,97302,0,0,2,1,3,1,1,3,2,02,1,1,000,070,1,0,1,4,2,13,9,1,4,00,2,1,15,200800076987A01,7,1,1
200800076994,2008-10-22,2008,octobre,mercredi,16:50,974,97407,0,0,2,6,3,1,1,4,2,01,1,1,000,071,1,5,1,4,1,51,0,1,9,00,2,1,1,200800076994B01,7,9,1
200800077027,2008-10-21,2008,octobre,mardi,20:00,974,97416,0,0,2,2,1,5,1,4,2,03,2,1,000,090,1,0,1,3,1,17,0,1,9,00,2,3,1,200800077027B01,2,15,1
200800077076,2008-11-08,2008,novembre,samedi,12:15,972,97225,0,-0,2,1,6,1,1,2,1,01,1,1,000,000,1,0,1,1,1,33,5,0,0,00,1,1,1,200800077076A01,,,
200800077092,2008-11-11,2008,novembre,mardi,84:5,971,97125,0,-0,1,1,5,1,1,3,2,02,1,1,000,062,1,0,1,3,1,59,5,1,2,00,0,4,0,200800077092B02,7,9,1
200800077092,2008-11-11,2008,novembre,mardi,84:5,971,97125,0,-0,1,1,5,1,1,3,2,02,1,1,000,062,1,0,1,4,1,44,0,1,2,00,0,4,0,200800077092C03,7,9,1
200800077093,2008-11-11,2008,novembre,mardi,18:15,971,97125,0,-0,1,1,6,3,1,3,2,00,-1,1,000,050,1,0,1,3,1,36,3,1,4,00,0,4,1,200800077093A01,7,0,1
200800077105,2008-11-24,2008,novembre,lundi,19:45,974,97418,-0,0,2,1,2,3,1,4,2,02,3,3,000,065,1,3,1,2,1,32,5,0,0,00,2,4,2,200800077105B02,7,1,1
200800077155,2008-11-17,2008,novembre,lundi,80:0,973,97309,0,-0,2,1,3,1,1,3,2,02,1,1,000,060,1,0,1,4,2,14,3,0,0,00,2,8,19,200800077155B02,7,1,1
200800077170,2008-11-05,2008,novembre,mercredi,17:45,971,97107,0,0,2,1,3,5,1,4,1,01,1,1,039,082,1,0,1,4,1,50,5,1,4,00,2,8,1,200800077170B01,33,1,1
200800077177,2008-11-10,2008,novembre,lundi,22:35,971,97101,0,0,2,1,3,3,1,3,-1,00,-1,-1,000,000,-1,0,1,3,1,18,0,1,9,00,2,7,9,200800077177B01,7,1,1
200800077223,2008-11-05,2008,novembre,mercredi,64:3,973,97302,0,0,2,4,3,1,1,3,3,02,1,1,000,044,1,0,1,3,1,13,2,1,9,00,2,1,15,200800077223A01,7,1,1
200800077225,2008-11-09,2008,novembre,dimanche,17:43,973,97302,0,0,2,3,3,1,1,4,1,02,1,1,000,058,1,0,1,4,2,16,9,1,2,00,2,5,15,200800077225A01,2,17,1
200800077231,2008-11-07,2008,novembre,vendredi,20:31,973,97302,0,0,1,1,3,5,1,3,2,02,1,1,000,070,1,0,1,4,1,51,0,1,2,00,2,1,15,200800077231A01,7,15,1
200800077250,2008-11-08,2008,novembre,samedi,13:45,974,97409,0,0,2,1,3,1,1,4,2,02,1,1,000,060,1,0,1,4,1,13,5,1,4,00,2,1,10,200800077250B01,7,2,1
200800077256,2008-11-09,2008,novembre,dimanche,70:0,974,97411,0,0,2,1,6,1,1,4,2,04,1,1,000,000,1,0,1,4,1,53,0,1,2,00,2,8,1,200800077256B01,7,1,1
200800077263,2008-11-21,2008,novembre,vendredi,13:40,974,97411,0,0,2,1,2,1,1,4,2,02,1,1,000,000,1,0,1,4,1,22,0,1,2,00,2,1,1,200800077263A01,7,1,1
200800077272,2008-11-25,2008,novembre,mardi,45:,974,97416,0,0,2,1,6,5,1,4,1,02,2,1,000,060,1,0,1,4,1,20,9,1,9,00,2,1,19,200800077272A01,,,
200800077276,2008-11-25,2008,novembre,mardi,17:15,974,97407,0,0,2,1,7,1,1,4,2,02,1,1,000,072,1,0,1,4,1,9,5,1,9,00,0,0,1,200800077276A01,,,
200800077338,2008-12-21,2008,décembre,dimanche,93:0,973,97307,0,-0,1,1,5,1,1,2,2,02,1,1,000,000,1,0,1,3,1,40,5,0,0,00,2,4,1,200800077338B02,7,1,1
200800077338,2008-12-21,2008,décembre,dimanche,93:0,973,97307,0,-0,1,1,5,1,1,2,2,02,1,1,000,000,1,0,1,3,1,59,5,0,0,00,2,4,1,200800077338C03,7,1,1
200800077350,2008-12-14,2008,décembre,dimanche,10:30,974,97420,-0,0,1,1,1,1,1,2,3,04,1,-1,000,070,1,0,2,3,1,49,5,0,0,00,0,4,1,200800077350B02,30,1,1
200800077352,2008-12-03,2008,décembre,mercredi,16:30,974,97410,-0,0,1,1,1,1,1,4,2,02,2,3,000,034,1,0,1,2,1,18,5,0,0,00,2,1,1,200800077352A01,20,1,1
200800077363,2008-12-14,2008,décembre,dimanche,80:0,974,97468,-0,0,1,1,3,1,1,2,2,00,1,1,000,000,1,0,5,3,2,44,5,0,0,00,2,7,1,200800077363B02,7,16,1
200800077418,2008-12-03,2008,décembre,mercredi,21:00,974,97415,-0,0,2,1,1,5,1,3,2,02,4,1,000,066,1,0,1,3,1,20,5,0,0,00,2,1,1,200800077418B02,7,17,1
200800077418,2008-12-03,2008,décembre,mercredi,21:00,974,97415,-0,0,2,1,1,5,1,3,2,02,4,1,000,066,1,0,1,3,1,17,0,0,0,00,2,1,1,200800077418B02,7,17,1
200800077421,2008-12-21,2008,décembre,dimanche,14:55,971,97107,0,0,2,1,1,1,1,4,2,01,1,3,000,047,1,0,1,4,1,23,5,1,9,00,2,1,0,200800077421B01,3,13,1
200800077440,2008-12-29,2008,décembre,lundi,10:30,971,97120,0,0,1,1,3,1,1,2,3,02,1,1,000,000,1,0,1,3,1,41,0,1,2,00,0,0,0,200800077440B01,7,0,1
200800077497,2008-12-27,2008,décembre,samedi,23:30,973,97302,0,0,2,1,1,5,3,4,2,02,1,1,000,076,2,0,1,4,1,21,9,1,4,00,2,1,16,200800077497B01,7,15,1
200800077502,2008-12-24,2008,décembre,mercredi,18:26,973,97302,0,0,2,3,3,1,3,4,2,02,1,-1,000,000,2,0,1,4,1,13,0,1,9,00,2,1,9,200800077502A01,10,15,1
200800077510,2008-12-09,2008,décembre,mardi,17:34,973,97302,0,0,1,3,6,1,1,4,2,02,2,1,000,100,1,0,1,1,1,24,9,1,4,00,1,1,1,200800077510A01,,,
200800077510,2008-12-09,2008,décembre,mardi,17:34,973,97302,0,0,1,3,6,1,1,4,2,02,2,1,000,100,1,0,1,4,1,54,9,0,0,00,1,1,1,200800077510A01,,,
200800077520,2008-12-15,2008,décembre,lundi,82:6,973,97302,0,0,1,3,3,1,1,3,2,02,1,1,000,105,1,0,1,4,2,15,0,1,9,00,2,8,1,200800077520B01,10,16,1
200800077528,2008-12-02,2008,décembre,mardi,18:35,974,97407,0,0,2,1,6,5,1,4,2,02,1,1,000,075,1,0,1,1,1,19,5,1,4,00,1,1,1,200800077528A01,,,
200800077541,2008-12-23,2008,décembre,mardi,15:50,974,97409,0,0,1,1,2,1,2,2,3,04,1,1,030,160,2,0,1,4,1,16,1,1,4,00,2,4,2,200800077541B01,7,12,1
200800077558,2008-12-19,2008,décembre,vendredi,17:45,974,97411,0,0,2,1,1,1,1,4,2,02,1,2,000,000,1,0,1,4,1,20,0,1,4,00,2,1,0,200800077558B01,2,0,1
200900000011,2009-01-23,2009,janvier,vendredi,14:00,44,44154,0.00004,NaN,2,6,1,1,1,4,1,00,2,2,000,000,1,0,1,4,1,37,0,1,1,12,2,8,1,200900000011B02,14,12,1
200900000039,2009-01-26,2009,janvier,lundi,14:20,75,75107,0,0,2,1,3,1,1,4,1,01,1,1,000,075,1,0,1,4,1,64,4,1,2,00,2,1,1,200900000039B01,10,22,1
200900000040,2009-01-11,2009,janvier,dimanche,15:30,75,75101,0,0,2,3,3,1,1,4,1,03,1,1,000,200,1,0,1,4,1,26,0,1,2,00,2,4,16,200900000040A01,33,1,1
200900000054,2009-01-31,2009,janvier,samedi,12:15,75,75113,0,0,2,3,7,1,1,4,1,03,1,-1,000,106,1,0,1,4,1,35,0,1,2,00,0,0,21,200900000054A01,,,
200900000123,2009-01-21,2009,janvier,mercredi,91:0,75,75106,0,0,2,1,7,1,1,4,1,04,1,1,032,000,1,0,1,4,2,55,1,1,9,12,0,0,0,200900000123A01,,,
200900000125,2009-01-28,2009,janvier,mercredi,71:5,75,75108,0,0,2,5,3,2,1,4,1,02,1,1,000,000,1,0,1,4,1,39,1,1,2,00,2,4,1,200900000125A01,7,1,1
200900000160,2009-01-04,2009,janvier,dimanche,12:40,75,75105,0,0,2,2,6,1,1,4,2,04,1,1,000,109,1,0,5,1,2,24,5,1,2,00,1,1,7,200900000160A01,,,
200900000167,2009-01-23,2009,janvier,vendredi,17:45,75,75119,0,0,2,1,3,5,8,4,1,02,1,1,000,000,1,0,1,4,1,29,4,1,2,00,2,1,17,200900000167B01,7,22,1
200900000169,2009-01-21,2009,janvier,mercredi,12:35,75,75111,0,0,2,1,3,1,1,4,1,01,1,1,000,080,1,0,1,4,2,39,1,1,2,01,0,7,1,200900000169B01,7,22,1
200900000171,2009-01-30,2009,janvier,vendredi,95:0,75,75112,0,0,2,1,7,1,1,4,1,01,1,1,000,030,7,0,1,4,1,35,1,1,2,00,0,0,1,200900000171A01,,,
200900000182,2009-01-07,2009,janvier,mercredi,90:0,75,75114,0,0,2,1,3,1,9,4,1,02,-1,-1,000,140,9,0,1,3,2,47,0,1,2,00,2,3,11,200900000182B01,31,1,1
200900000200,2009-01-29,2009,janvier,jeudi,19:43,75,75106,0,0,2,1,3,5,1,4,2,02,1,1,000,064,1,0,1,4,2,29,4,1,2,00,2,1,1,200900000200B01,7,22,1
200900000202,2009-01-22,2009,janvier,jeudi,10:0,75,75110,0,0,2,2,3,5,1,4,1,04,1,1,110,100,1,0,1,4,1,31,5,1,2,00,2,2,15,200900000202B01,30,1,1
200900000205,2009-01-14,2009,janvier,mercredi,95:0,75,75112,0,0,2,1,3,1,2,4,-1,00,1,1,000,000,2,0,4,4,2,35,1,1,2,00,2,1,1,200900000205A01,7,9,1
200900000217,2009-01-12,2009,janvier,lundi,17:05,75,75112,0,0,2,2,3,4,2,4,1,02,1,1,020,121,1,0,1,4,1,33,5,1,2,00,2,8,1,200900000217A01,37,10,1
200900000227,2009-01-16,2009,janvier,vendredi,11:15,75,75116,0,0,2,1,3,1,1,4,2,02,2,1,000,060,6,0,1,4,1,33,1,1,2,00,2,3,15,200900000227B01,32,17,1
200900000228,2009-01-12,2009,janvier,lundi,17:40,75,75112,0,0,2,4,1,2,1,4,2,02,1,1,000,000,2,0,1,4,1,67,3,1,2,00,2,7,1,200900000228B01,33,5,1
200900000233,2009-01-29,2009,janvier,jeudi,16:45,75,75118,0,0,2,1,6,1,1,4,2,02,2,1,000,080,1,0,1,4,2,44,0,1,2,00,2,7,1,200900000233B01,7,22,1
200900000255,2009-01-16,2009,janvier,vendredi,74:0,75,75109,0,0,2,2,3,1,1,4,1,02,2,1,000,000,-1,0,1,3,1,56,1,1,2,00,2,2,1,200900000255A01,7,1,1
200900000268,2009-01-13,2009,janvier,mardi,17:00,75,75115,0,0,2,3,7,5,2,4,-1,01,1,3,000,040,2,0,5,4,1,33,9,1,2,00,0,0,16,200900000268A01,,,
200900000273,2009-01-31,2009,janvier,samedi,17:30,75,75112,0,0,2,1,6,1,1,4,-1,01,1,1,000,040,1,6,1,4,1,68,5,1,2,00,5,0,1,200900000273A01,,,
200900000352,2009-01-31,2009,janvier,samedi,18:10,75,75112,0,0,2,1,3,5,1,4,1,01,1,1,000,060,1,0,1,4,2,51,5,1,2,00,2,1,1,200900000352B01,7,22,1
200900000354,2009-01-31,2009,janvier,samedi,18:50,75,75114,0,0,2,1,6,2,1,4,1,02,-1,-1,000,110,-1,0,1,4,1,68,5,1,2,00,1,1,1,200900000354A01,,,
200900000370,2009-01-05,2009,janvier,lundi,16:15,75,75111,0,0,2,4,3,1,4,4,1,01,1,1,000,120,5,0,1,4,2,31,1,1,2,00,2,1,1,200900000370B01,7,22,1
200900000391,2009-01-10,2009,janvier,samedi,92:5,75,75110,0,0,2,1,1,1,1,4,1,01,1,1,000,045,1,0,1,4,2,38,3,1,2,00,2,1,17,200900000391B01,7,17,1
200900000438,2009-01-22,2009,janvier,jeudi,94:0,75,75102,0,0,2,3,3,1,3,4,1,01,1,1,012,040,2,6,1,4,1,36,5,1,2,00,2,8,19,200900000438A01,7,15,1
200900000455,2009-01-31,2009,janvier,samedi,16:30,75,75109,0,0,2,1,3,1,1,4,3,02,1,1,000,060,1,0,1,3,1,29,5,1,2,00,2,3,1,200900000455B01,7,22,1
200900000469,2009-01-30,2009,janvier,vendredi,14:15,75,75101,0,0,2,1,6,1,1,4,1,03,1,1,007,136,1,0,4,1,1,32,5,1,2,00,1,2,7,200900000469A01,,,
200900000514,2009-01-06,2009,janvier,mardi,10:20,75,75113,0,0,2,4,3,1,1,4,1,01,1,-1,080,060,7,0,1,4,1,28,0,1,2,00,2,1,1,200900000514B01,10,16,1
200900000578,2009-02-10,2009,février,mardi,18:20,75,75118,0,0,2,1,3,5,2,4,-1,01,1,1,000,100,2,0,1,4,2,34,5,1,2,00,2,8,1,200900000578A01,7,1,1
200900000633,2009-02-02,2009,février,lundi,80:0,75,75106,0,0,2,3,2,1,4,4,2,02,1,1,010,068,5,5,1,4,1,19,2,1,2,00,2,4,7,200900000633B01,7,7,1
200900000645,2009-02-03,2009,février,mardi,12:25,75,75116,0,0,2,2,3,1,1,4,-1,00,1,1,000,000,1,0,1,4,1,13,2,1,2,00,2,7,19,200900000645B01,7,1,1
200900000650,2009-02-03,2009,février,mardi,13:40,75,75104,0,0,2,3,6,1,1,4,2,03,1,1,000,080,1,0,1,4,2,41,1,1,2,00,1,0,7,200900000650A01,,,
200900000658,2009-02-04,2009,février,mercredi,72:3,75,75113,0,0,2,1,3,5,1,4,-1,04,2,-1,000,210,1,0,1,4,1,51,1,1,2,00,2,7,11,200900000658B01,7,1,1
200900000669,2009-02-04,2009,février,mercredi,13:45,75,75112,0,0,2,1,3,1,1,4,2,02,2,1,000,060,1,0,1,4,2,22,1,1,2,00,2,0,1,200900000669B01,7,22,1
200900000682,2009-02-04,2009,février,mercredi,22:15,75,75115,0,0,2,2,3,5,1,4,2,03,1,1,000,106,1,5,1,4,2,37,5,1,2,00,2,8,1,200900000682B01,7,15,1
200900000691,2009-02-05,2009,février,jeudi,13:15,75,75105,0,0,2,5,3,1,2,4,1,00,2,1,099,059,2,0,1,4,2,59,0,1,2,00,2,1,1,200900000691B01,7,9,1
200900000692,2009-02-05,2009,février,jeudi,13:50,75,75113,0,0,2,1,6,1,1,4,-1,04,1,1,000,080,1,0,5,4,1,50,1,1,2,00,1,1,1,200900000692A01,,,
200900000697,2009-02-05,2009,février,jeudi,16:14,75,75116,0,0,2,3,6,1,1,4,1,01,1,1,000,000,1,6,4,1,1,27,5,1,2,00,1,4,1,200900000697A01,,,
200900000700,2009-02-05,2009,février,jeudi,17:15,75,75114,0,0,2,3,6,1,1,4,1,01,1,1,090,060,1,0,1,4,2,50,5,1,2,00,2,0,15,200900000700A01,32,17,1
200900000705,2009-02-05,2009,février,jeudi,20:35,75,75117,0,0,2,1,2,5,1,4,2,01,1,1,000,060,1,0,1,4,1,26,1,1,2,00,2,1,2,200900000705A01,7,23,1
200900000743,2009-02-08,2009,février,dimanche,10:45,75,75114,0,0,2,2,3,1,1,4,-1,02,-1,-1,000,140,1,0,1,4,1,19,5,1,2,00,2,7,17,200900000743A01,7,15,1
200900000756,2009-02-09,2009,février,lundi,11:00,75,75115,0,0,2,1,3,1,2,4,1,02,1,1,000,080,2,0,1,4,2,47,1,1,2,00,2,0,14,200900000756A01,7,1,1
200900000765,2009-02-09,2009,février,lundi,18:25,75,75118,0,0,2,1,3,5,1,4,2,02,1,1,030,090,2,0,1,4,1,53,1,1,2,00,2,1,1,200900000765B01,7,22,1
200900000793,2009-02-11,2009,février,mercredi,81:5,75,75105,0,0,2,1,3,1,1,4,1,01,1,1,000,000,1,0,1,1,1,47,1,1,2,00,2,3,15,200900000793A01,30,17,1
200900000808,2009-02-11,2009,février,mercredi,18:35,75,75120,0,0,2,1,6,5,1,4,2,01,2,1,000,096,1,0,0,4,1,48,1,1,2,00,2,4,7,200900000808A01,32,17,1
200900000819,2009-02-12,2009,février,jeudi,90:0,75,75105,0,0,2,2,2,1,1,4,1,04,1,1,000,120,1,0,1,4,2,24,2,1,2,00,2,1,2,200900000819A01,7,23,1
200900000852,2009-02-13,2009,février,vendredi,19:15,75,75110,0,0,2,2,3,5,2,4,2,03,1,1,000,120,1,0,1,4,2,25,0,1,2,00,2,8,1,200900000852B01,13,14,1
200900000854,2009-02-13,2009,février,vendredi,21:18,75,75105,0,0,2,2,3,5,1,4,1,01,1,1,000,070,1,0,1,4,1,50,1,1,2,00,2,1,1,200900000854A01,7,22,1
200900000885,2009-02-15,2009,février,dimanche,13:30,75,75119,0,0,2,3,3,1,1,4,1,01,1,1,000,048,1,0,1,4,2,45,5,1,2,00,2,8,18,200900000885A01,7,23,1
200900000889,2009-02-15,2009,février,dimanche,17:30,75,75105,0,0,2,3,6,1,1,4,1,03,1,1,000,122,1,0,5,1,1,44,5,1,2,00,1,0,1,200900000889A01,,,
200900000893,2009-02-16,2009,février,lundi,82:0,75,75114,0,0,2,1,3,1,1,4,1,01,-1,-1,000,054,-1,0,1,4,2,39,1,1,2,00,2,1,1,200900000893B01,7,22,1
200900000904,2009-02-16,2009,février,lundi,21:20,75,75105,0,0,2,3,3,5,1,4,2,04,1,1,015,057,1,0,1,1,1,21,1,1,2,00,2,8,13,200900000904B01,32,17,1
200900000923,2009-02-18,2009,février,mercredi,90:0,75,75114,0,0,2,3,3,1,1,4,1,01,-1,-1,000,070,1,0,1,4,1,50,4,1,2,00,2,7,5,200900000923B01,7,15,1
200900000930,2009-02-18,2009,février,mercredi,18:15,75,75113,0,0,2,1,6,2,1,4,3,00,1,1,000,000,1,0,5,1,1,32,1,1,2,00,1,1,1,200900000930A01,,,
200900000938,2009-02-19,2009,février,jeudi,10:05,75,75119,0,0,2,1,6,1,1,4,1,01,2,1,000,000,1,0,1,4,2,41,1,1,2,00,2,7,1,200900000938A01,7,9,1
200900000948,2009-02-19,2009,février,jeudi,16:45,75,75120,0,0,2,1,3,1,1,4,1,01,1,1,000,000,1,0,1,4,1,13,0,1,2,00,2,7,9,200900000948B01,10,1,1
200900000971,2009-02-21,2009,février,samedi,80:0,75,75110,0,0,2,2,3,1,1,4,1,03,1,1,000,040,1,0,1,4,1,23,4,1,2,00,2,1,1,200900000971B01,10,16,1
200900001015,2009-02-24,2009,février,mardi,84:3,75,75108,0,0,2,5,6,1,2,4,1,01,1,1,000,060,2,0,1,1,1,64,5,1,2,00,1,1,16,200900001015A01,,,
200900001025,2009-02-24,2009,février,mardi,18:55,75,75106,0,0,2,1,6,5,1,4,2,02,1,1,000,116,1,0,1,1,1,39,1,1,2,00,1,3,1,200900001025A01,,,
200900001028,2009-02-25,2009,février,mercredi,83:0,75,75117,0,0,2,5,3,1,1,4,1,01,1,2,010,010,1,0,1,4,1,51,1,1,2,00,2,7,1,200900001028B01,7,11,1
200900001030,2009-02-25,2009,février,mercredi,84:5,75,75112,0,0,2,1,3,1,1,4,1,01,1,1,000,090,1,0,1,4,1,56,5,1,2,00,2,1,1,200900001030B01,10,22,1
200900001035,2009-02-25,2009,février,mercredi,14:50,75,75114,0,0,2,1,6,1,1,4,2,01,-1,-1,000,055,-1,0,5,4,2,62,5,1,2,00,1,1,1,200900001035A01,,,
200900001044,2009-02-25,2009,février,mercredi,19:00,75,75113,0,0,2,3,6,5,1,4,1,01,1,1,000,091,1,0,0,4,2,27,0,1,2,00,2,8,1,200900001044A01,7,16,1
200900001049,2009-02-26,2009,février,jeudi,93:0,75,75110,0,0,2,1,6,1,8,4,1,01,1,1,005,040,1,0,1,4,2,60,1,1,2,00,1,1,1,200900001049A01,,,
200900001058,2009-02-26,2009,février,jeudi,19:10,75,75116,0,0,2,5,3,5,1,4,1,00,1,1,000,000,1,0,1,4,1,18,5,1,2,00,2,1,19,200900001058B01,7,16,1
200900001077,2009-02-27,2009,février,vendredi,18:15,75,75103,0,0,2,1,2,1,1,4,1,00,1,1,000,120,1,0,1,4,2,17,5,1,2,00,2,4,2,200900001077B01,7,2,1
200900001090,2009-02-28,2009,février,samedi,17:15,75,75113,0,0,2,1,2,1,1,4,-1,02,1,1,000,071,1,0,1,4,1,35,5,1,2,00,2,1,17,200900001090A01,7,23,1
200900001123,2009-01-30,2009,janvier,vendredi,17:55,22,22278,0,0,2,1,6,5,1,6,-1,00,-1,-1,000,000,1,0,1,4,1,12,5,1,2,15,0,0,1,200900001123A01,,,
200900001138,2009-01-23,2009,janvier,vendredi,18:45,22,22278,0,0,2,1,6,5,2,4,2,03,1,1,000,000,2,0,5,4,2,25,5,1,9,00,1,1,1,200900001138A01,,,
200900001171,2009-01-22,2009,janvier,jeudi,18:30,29,29045,0.00004,NaN,2,1,1,5,3,3,2,02,4,1,034,121,2,5,1,3,1,49,5,1,1,00,2,1,1,200900001171B02,10,6,1
200900001320,2009-01-21,2009,janvier,mercredi,11:30,44,44184,0,0,2,2,3,1,1,3,2,02,3,1,000,100,1,0,1,4,1,19,0,1,9,00,2,0,1,200900001320B01,7,15,1
200900001407,2009-03-29,2009,mars,dimanche,19:55,75,75118,0,0,2,1,3,1,1,4,1,01,2,1,000,060,1,6,4,4,2,34,5,1,2,00,2,3,9,200900001407B01,7,5,1
200900001484,2009-03-08,2009,mars,dimanche,18:52,75,75106,0,0,2,1,3,2,1,4,1,01,1,1,000,099,1,0,1,4,2,23,5,1,2,00,2,2,1,200900001484B01,7,22,1
200900001501,2009-03-02,2009,mars,lundi,19:35,75,75111,0,0,2,2,3,5,1,4,1,01,1,1,000,075,1,0,1,4,2,37,1,1,2,00,2,1,1,200900001501B01,7,22,1
200900001526,2009-03-30,2009,mars,lundi,18:40,75,75109,0,0,2,1,5,1,2,4,1,01,1,1,000,040,1,0,1,4,1,40,9,1,2,00,2,1,1,200900001526B01,7,22/17,2
200900001528,2009-03-30,2009,mars,lundi,19:00,75,75106,0,0,2,2,6,1,1,4,2,04,2,1,078,060,1,0,1,1,2,35,1,1,2,00,1,1,7,200900001528A01,,,
200900001550,2009-03-05,2009,mars,jeudi,22:15,75,75102,0,0,2,1,7,5,1,4,1,01,1,1,000,052,1,0,1,4,1,31,5,1,2,00,0,2,1,200900001550A01,,,
200900001557,2009-03-05,2009,mars,jeudi,84:5,75,75117,0,0,2,2,3,1,1,4,2,02,1,1,000,100,1,0,1,4,2,29,1,1,2,00,2,8,1,200900001557B01,14,14,1
200900001576,2009-03-04,2009,mars,mercredi,70:0,75,75113,0,0,2,2,3,5,2,4,1,02,2,1,000,100,2,0,1,4,1,51,1,1,2,00,2,7,1,200900001576A01,7,1,1
200900001600,2009-03-09,2009,mars,lundi,16:20,75,75105,0,0,2,2,6,1,1,4,1,03,1,1,000,100,1,0,1,4,2,27,4,1,2,00,2,8,15,200900001600A01,,,
200900001617,2009-03-05,2009,mars,jeudi,90:5,75,75112,0,0,2,1,7,1,1,4,2,01,2,1,000,080,1,0,1,4,1,48,4,1,2,00,0,0,1,200900001617A01,,,
200900001636,2009-03-10,2009,mars,mardi,13:55,75,75109,0,0,2,1,6,1,1,4,1,01,2,1,000,040,1,0,1,4,2,38,1,1,2,00,1,1,1,200900001636A01,,,
200900001655,2009-03-12,2009,mars,jeudi,20:50,75,75112,0,0,2,1,3,5,1,4,1,02,1,1,000,000,1,0,1,4,2,32,5,1,2,00,2,8,7,200900001655A01,14,17,1
200900001657,2009-03-12,2009,mars,jeudi,23:30,75,75120,0,0,2,2,3,5,1,4,2,02,1,1,000,068,1,0,1,4,1,24,0,1,2,00,2,1,1,200900001657B01,7,15,1
200900001662,2009-03-13,2009,mars,vendredi,84:5,75,75111,0,0,2,3,3,1,1,4,2,02,1,1,000,250,8,5,1,4,2,25,1,1,2,00,2,0,1,200900001662B01,32,1,1
200900001682,2009-03-10,2009,mars,mardi,18:45,75,75108,0,0,2,5,3,2,1,4,1,03,1,2,000,000,1,0,1,3,1,40,5,1,2,00,2,3,1,200900001682B01,7,16,1
200900001683,2009-03-10,2009,mars,mardi,19:05,75,75120,0,0,2,1,6,5,1,4,2,02,1,1,000,154,9,0,1,3,1,57,1,1,2,14,0,1,1,200900001683A01,,,
200900001684,2009-03-10,2009,mars,mardi,19:15,75,75104,0,0,2,2,6,5,1,4,1,01,1,1,000,050,1,0,1,4,1,17,0,1,2,06,0,2,21,200900001684A01,,,
200900001686,2009-03-10,2009,mars,mardi,22:15,75,75106,0,0,2,1,6,5,1,4,1,02,1,1,000,052,1,0,1,4,2,23,5,1,2,00,2,0,2,200900001686A01,7,2,1
200900001691,2009-03-11,2009,mars,mercredi,94:0,75,75115,0,0,2,1,3,1,1,4,1,01,1,1,000,094,1,0,1,4,1,51,1,1,2,00,2,7,17,200900001691B01,14,22,1
200900001697,2009-03-11,2009,mars,mercredi,15:15,75,75113,0,0,2,2,6,1,1,4,-1,02,2,1,000,100,1,0,1,4,1,13,5,1,2,00,2,0,19,200900001697A01,10,16,1
200900001703,2009-03-11,2009,mars,mercredi,17:45,75,75112,0,0,2,1,6,1,1,4,2,00,1,1,033,095,1,0,1,4,1,85,5,1,2,12,0,1,14,200900001703A01,,,
200900001704,2009-03-11,2009,mars,mercredi,17:45,75,75110,0,0,2,2,3,1,1,4,1,01,2,1,000,050,1,5,1,4,1,28,0,1,2,00,2,4,1,200900001704B01,7,1,1