Num_Acc,date,an,mois,jour,hrmn,dep,com,lat,long,agg,int,col,lum,atm,catr,circ,nbv,prof,plan,lartpc,larrout,surf,infra,situ,grav,sexe,age,trajet,secuexist,equipement,obs,obsm,choc,manv,vehiculeid,typevehicules,manoeuvehicules,numVehicules
200900001710,2009-03-12,2009,mars,jeudi,84:5,75,75112,0,0,2,1,6,1,2,4,2,00,1,-1,000,000,2,0,5,4,2,49,4,1,2,12,0,1,14,200900001710A01,,,
200900001720,2009-03-12,2009,mars,jeudi,14:25,75,75108,0,0,2,1,2,1,1,4,1,03,1,1,000,150,1,0,1,4,2,51,0,1,2,00,2,4,7,200900001720B01,30,7,1
200900001751,2009-03-15,2009,mars,dimanche,22:7,75,75110,0,0,2,1,3,5,1,4,1,00,1,1,000,020,1,0,5,4,1,26,5,1,2,00,2,8,13,200900001751B01,7,17,1
200900001753,2009-03-15,2009,mars,dimanche,11:05,75,75119,0,0,2,1,7,1,1,4,1,01,1,1,000,040,1,0,5,4,2,34,5,1,2,14,0,1,14,200900001753A01,,,
200900001756,2009-03-15,2009,mars,dimanche,17:30,75,75108,0,0,2,5,3,1,1,4,-1,02,1,3,000,080,1,0,1,4,1,27,5,1,2,00,2,8,18,200900001756A01,7,16,1
200900001763,2009-03-16,2009,mars,lundi,80:5,75,75119,0,0,2,2,3,1,2,4,2,02,1,1,000,000,1,0,5,3,2,42,4,1,2,00,2,3,1,200900001763B01,14,16,1
200900001791,2009-03-17,2009,mars,mardi,84:0,75,75114,0,0,2,5,6,1,1,4,1,04,1,-1,000,139,1,5,1,1,1,12,4,1,2,00,1,1,1,200900001791A01,,,
200900001798,2009-03-17,2009,mars,mardi,14:10,75,75111,0,0,2,2,3,1,1,4,2,02,1,1,200,150,1,0,1,1,1,23,5,1,2,00,2,7,1,200900001798A01,37,1,1
200900001801,2009-03-17,2009,mars,mardi,17:05,75,75111,0,0,2,1,3,1,1,4,2,02,1,1,000,150,1,0,1,4,1,69,5,1,2,00,2,3,17,200900001801B01,31,13,1
200900001809,2009-03-18,2009,mars,mercredi,11:05,75,75101,0,0,2,1,3,1,1,4,1,01,1,1,000,035,1,0,1,4,2,33,0,1,2,00,2,0,18,200900001809A01,7,22,1
200900001842,2009-03-19,2009,mars,jeudi,16:30,75,75116,0,0,2,1,7,1,1,4,1,01,1,3,000,000,1,0,5,4,1,54,5,1,2,00,0,7,1,200900001842A01,,,
200900001845,2009-03-19,2009,mars,jeudi,18:19,75,75112,0,0,2,1,7,1,1,4,1,01,2,1,000,040,1,0,5,4,1,65,5,1,2,00,0,0,1,200900001845A01,,,
200900001846,2009-03-19,2009,mars,jeudi,18:25,75,75113,0,0,2,5,6,1,1,4,2,02,1,1,000,057,1,0,1,1,1,41,1,1,2,00,1,8,1,200900001846A01,,,
200900001848,2009-03-19,2009,mars,jeudi,21:45,75,75109,0,0,2,2,2,5,1,4,1,01,1,1,000,050,1,0,1,4,2,63,5,1,2,00,2,4,23,200900001848B01,7,2,1
200900001854,2009-03-20,2009,mars,vendredi,81:0,75,75120,0,0,2,4,3,1,1,4,1,01,1,1,000,040,1,0,1,4,1,57,1,1,2,00,2,1,1,200900001854B01,7,15,1
200900001865,2009-03-20,2009,mars,vendredi,16:40,75,75101,0,0,2,1,6,1,1,4,1,02,1,1,000,060,1,0,5,4,2,25,5,1,2,01,0,1,21,200900001865A01,,,
200900001907,2009-03-23,2009,mars,lundi,12:10,75,75103,0,0,2,1,3,1,1,4,1,02,1,1,000,120,1,0,1,4,2,61,0,1,2,00,2,7,1,200900001907B01,7,22,1
200900001909,2009-03-23,2009,mars,lundi,15:30,75,75108,0,0,2,2,3,1,1,4,1,02,2,1,000,106,1,0,1,2,1,65,0,1,2,00,2,9,7,200900001909B01,14,16,1
200900001910,2009-03-23,2009,mars,lundi,16:40,75,75102,0,0,2,1,3,1,1,4,1,03,1,-1,120,120,1,0,0,4,2,34,0,1,2,00,2,7,13,200900001910A01,37,7,1
200900001921,2009-03-24,2009,mars,mardi,73:0,75,75111,0,0,2,5,4,1,1,4,1,00,1,2,000,170,1,0,1,4,1,50,1,1,2,00,2,4,23,200900001921C01,10/ 7,2/23,2
200900001928,2009-03-24,2009,mars,mardi,12:42,75,75107,0,0,2,2,6,1,1,4,1,01,1,1,000,080,1,0,1,1,2,50,4,1,2,00,1,1,17,200900001928A01,,,
200900001935,2009-03-24,2009,mars,mardi,19:35,75,75105,0,0,2,2,6,5,1,4,1,01,1,1,000,056,1,0,5,4,1,17,2,1,2,00,1,0,1,200900001935A01,,,
200900001936,2009-03-24,2009,mars,mardi,19:35,75,75118,0,0,2,2,3,5,1,4,1,01,1,1,000,040,1,0,1,4,1,35,1,1,2,00,2,8,7,200900001936A01,7,14,1
200900001939,2009-03-25,2009,mars,mercredi,81:0,75,75111,0,0,2,2,6,1,1,4,2,01,1,1,000,120,2,0,1,4,1,35,1,1,2,00,2,0,1,200900001939B01,7,13,1
200900001949,2009-03-25,2009,mars,mercredi,13:45,75,75103,0,0,2,1,6,1,1,4,1,02,1,1,000,051,1,0,1,4,2,29,1,1,2,00,2,0,2,200900001949A01,7,2,1
200900001967,2009-03-26,2009,mars,jeudi,13:10,75,75118,0,0,2,4,2,1,2,4,2,02,1,1,000,080,2,0,1,4,1,57,1,1,2,00,2,9,2,200900001967B01,13,2,1
200900002001,2009-03-27,2009,mars,vendredi,13:55,75,75115,0,0,2,2,3,1,1,4,-1,00,1,-1,000,000,1,0,0,4,1,58,9,1,2,00,2,8,15,200900002001B01,34,17,1
200900002039,2009-03-29,2009,mars,dimanche,75:7,75,75104,0,0,2,2,2,1,1,4,1,03,1,1,000,070,1,0,1,3,2,50,5,1,2,00,2,4,2,200900002039B01,7,2,1
200900002045,2009-03-29,2009,mars,dimanche,18:20,75,75108,0,0,2,1,3,1,1,4,1,03,1,1,000,120,1,0,1,4,1,28,5,1,2,00,2,1,13,200900002045A01,38,15,1
200900002050,2009-03-30,2009,mars,lundi,84:0,75,75116,0,0,2,5,3,1,1,4,1,03,-1,1,000,030,1,0,0,4,2,21,2,1,2,00,2,1,7,200900002050B01,7,16,1
200900002060,2009-03-30,2009,mars,lundi,15:18,75,75109,0,0,2,2,3,1,1,4,1,02,3,1,000,000,1,0,1,4,1,37,3,1,2,00,2,0,5,200900002060B01,7,1,1
200900002172,2009-01-30,2009,janvier,vendredi,11:00,03,03310,0,0,2,1,3,1,1,4,1,01,1,1,000,080,1,0,1,4,2,66,5,1,2,00,2,3,19,200900002172A01,7,23,1
200900002247,2009-01-13,2009,janvier,mardi,10:37,68,68066,0.00004,0,2,2,6,1,1,3,3,02,1,1,033,084,2,0,1,3,2,69,5,1,4,00,2,8,19,200900002247B01,7,15,1
200900002272,2009-01-27,2009,janvier,mardi,14:00,68,68298,0.00004,0,2,1,3,1,1,3,2,02,1,2,000,060,1,0,1,4,1,59,5,1,2,00,2,7,1,200900002272B02,7,19,1
200900002301,2009-01-03,2009,janvier,samedi,18:15,14,14366,0.00004,0,2,2,3,5,1,4,1,02,1,1,000,070,1,0,1,1,1,14,5,1,4,00,2,7,1,200900002301A01,7,1,1
200900002301,2009-01-03,2009,janvier,samedi,18:15,14,14366,0.00004,0,2,2,3,5,1,4,1,02,1,1,000,070,1,0,1,4,1,14,5,1,4,00,2,7,1,200900002301A01,7,1,1
200900002341,2009-01-20,2009,janvier,mardi,15:00,81,81242,0,0,1,1,1,1,1,3,2,02,1,1,000,061,1,0,1,3,1,72,0,1,1,00,2,1,1,200900002341B02,7,21,1
200900002376,2009-01-14,2009,janvier,mercredi,18:40,35,35281,0,0,2,1,2,5,2,4,2,00,1,1,000,000,2,0,1,3,1,53,1,1,4,00,2,4,1,200900002376B01,7,0,1
200900002379,2009-01-15,2009,janvier,jeudi,14:30,35,35131,0,0,2,1,3,1,1,3,2,02,1,1,000,060,2,0,1,2,2,67,5,1,2,00,0,8,1,200900002379B02,15,17,1
200900002391,2009-01-17,2009,janvier,samedi,15:40,35,35238,0,0,2,3,3,1,1,4,1,01,1,1,000,000,1,0,1,4,1,75,5,1,8,00,2,1,16,200900002391A01,7,1,1
200900002392,2009-01-17,2009,janvier,samedi,15:00,35,35238,0,0,2,3,3,1,1,4,3,02,1,1,130,070,1,0,1,4,2,49,1,1,8,00,2,7,1,200900002392B01,7,16,1
200900002394,2009-01-08,2009,janvier,jeudi,18:50,35,35238,0,0,2,2,7,5,1,4,2,02,1,1,000,060,1,5,1,4,1,53,5,1,8,00,0,0,1,200900002394A01,,,
200900002398,2009-01-21,2009,janvier,mercredi,20:10,35,35238,0,0,2,2,3,5,2,4,2,03,1,1,000,090,2,0,1,3,1,42,5,1,8,00,2,1,1,200900002398B01,7,15,1
200900002400,2009-01-22,2009,janvier,jeudi,80:5,35,35238,0,0,2,5,3,5,2,4,3,01,1,1,017,062,2,0,1,4,1,21,2,1,4,00,2,1,1,200900002400B01,7,15,1
200900002411,2009-01-16,2009,janvier,vendredi,17:45,35,35055,0,0,1,6,3,2,8,3,1,02,1,3,000,000,2,0,1,4,1,76,5,1,2,00,2,0,0,200900002411B01,7,9,1
200900002434,2009-01-15,2009,janvier,jeudi,10:06,49,49007,0,0,2,1,7,1,1,4,-1,01,1,1,000,000,1,0,1,4,2,21,0,1,2,00,0,0,0,200900002434A01,,,
200900002437,2009-01-07,2009,janvier,mercredi,17:38,49,49007,0,0,2,1,3,1,9,4,2,02,1,1,000,000,-1,0,1,4,1,26,0,1,2,00,2,1,1,200900002437B01,7,17,1
200900002440,2009-01-08,2009,janvier,jeudi,80:4,49,49007,0,0,2,1,3,1,1,4,2,02,1,1,000,094,-1,0,1,4,1,17,0,1,2,00,2,0,0,200900002440B01,7,15,1
200900002441,2009-01-06,2009,janvier,mardi,95:3,49,49267,0,0,1,1,3,1,4,4,1,02,1,1,000,092,7,0,1,4,2,22,0,1,2,00,2,7,0,200900002441B01,37,0,1
200900002453,2009-01-28,2009,janvier,mercredi,18:35,49,49246,0,0,2,1,3,1,2,4,-1,02,1,1,000,000,2,0,1,4,1,18,0,1,2,00,2,0,0,200900002453B01,7,0,1
200900002454,2009-01-17,2009,janvier,samedi,15:42,49,49267,0,0,2,1,7,1,1,4,-1,02,1,1,000,070,1,0,1,4,1,58,0,1,2,00,0,0,0,200900002454A01,,,
200900002490,2009-01-20,2009,janvier,mardi,85:0,49,49328,0,0,2,1,6,1,2,4,3,01,1,3,041,070,2,0,5,4,1,14,2,1,9,00,0,1,1,200900002490B01,7,2,1
200900002501,2009-01-12,2009,janvier,lundi,17:12,87,87085,0,0,2,1,1,1,1,4,2,02,-1,1,000,060,1,0,1,4,1,21,1,1,2,00,2,1,1,200900002501B01,30,15,1
200900002509,2009-01-17,2009,janvier,samedi,11:55,87,87050,0,0,2,6,6,1,2,3,2,02,1,1,000,000,8,0,1,3,1,73,5,1,2,00,0,8,1,200900002509A01,,,
200900002553,2009-02-04,2009,février,mercredi,16:45,49,49106,0,0,1,1,3,1,8,3,2,02,1,1,000,111,1,0,1,3,1,14,5,1,8,00,2,7,19,200900002553A01,7,1,1
200900002586,2009-02-11,2009,février,mercredi,75:8,49,49015,0,0,2,1,7,2,1,4,2,02,1,1,000,108,2,0,1,4,2,26,1,1,2,00,0,0,0,200900002586A01,,,
200900002589,2009-02-28,2009,février,samedi,16:02,49,49007,0,0,2,1,3,1,1,4,-1,02,1,1,000,050,1,0,1,4,1,79,0,1,2,00,2,0,0,200900002589B01,7,0,1
200900002590,2009-02-26,2009,février,jeudi,13:36,49,49007,0,0,2,1,7,1,1,4,-1,02,1,1,000,061,1,0,1,4,2,60,5,1,2,00,0,0,0,200900002590B01,7,0,1
200900002591,2009-02-28,2009,février,samedi,14:30,49,49007,0,0,2,1,3,1,1,4,2,02,1,1,000,069,1,0,1,4,1,74,0,1,2,00,2,0,0,200900002591B01,7,0,1
200900002593,2009-02-26,2009,février,jeudi,93:8,49,49007,0,0,2,1,7,1,1,4,-1,02,1,1,000,069,1,0,1,4,1,32,4,1,2,00,2,1,0,200900002593B01,99,0,1
200900002611,2009-04-05,2009,avril,dimanche,11:30,75,75103,0,0,2,2,3,1,1,4,1,01,1,1,000,000,1,0,1,4,1,60,5,1,2,00,2,1,1,200900002611A01,7,16,1
200900002613,2009-04-05,2009,avril,dimanche,13:10,75,75117,0,0,2,1,2,1,1,4,-1,00,1,-1,000,000,1,0,1,4,2,29,0,1,2,00,2,4,15,200900002613B01,7,2,1
200900002627,2009-04-04,2009,avril,samedi,73:0,75,75111,0,0,2,2,3,1,1,4,2,01,1,1,000,140,1,0,1,4,1,32,5,1,2,00,2,0,15,200900002627A01,7,17,1
200900002639,2009-04-04,2009,avril,samedi,23:25,75,75114,0,0,2,1,3,5,1,4,1,02,1,1,000,075,1,0,1,4,1,17,0,1,2,00,2,5,13,200900002639B01,37,17,1
200900002645,2009-04-03,2009,avril,vendredi,13:30,75,75115,0,0,2,1,7,1,1,4,3,01,2,1,000,010,1,0,5,4,2,53,0,1,2,00,0,0,1,200900002645A01,,,
200900002654,2009-04-03,2009,avril,vendredi,17:10,75,75119,0,0,2,1,3,1,1,4,2,02,1,1,000,000,1,0,1,4,2,14,0,1,2,00,2,7,19,200900002654B01,10,1,1
200900002662,2009-04-03,2009,avril,vendredi,75:0,75,75120,0,0,2,1,6,1,1,4,1,01,1,1,000,095,1,0,5,4,2,49,1,1,2,00,2,2,1,200900002662A01,30,9,1
200900002679,2009-04-02,2009,avril,jeudi,14:10,75,75118,0,0,2,2,6,1,1,4,1,02,1,1,000,030,1,0,1,1,1,54,0,1,2,00,1,1,1,200900002679A01,,,
200900002682,2009-04-02,2009,avril,jeudi,14:49,75,75106,0,0,2,2,3,1,1,4,2,02,1,1,160,160,1,0,1,1,2,27,0,1,2,00,2,1,15,200900002682A01,32,1,1
200900002695,2009-04-02,2009,avril,jeudi,21:43,75,75111,0,0,2,1,6,5,1,4,1,01,1,1,000,035,1,0,1,4,2,38,5,1,2,00,2,6,15,200900002695A01,32,17,1
200900002702,2009-04-01,2009,avril,mercredi,85:5,75,75112,0,0,2,2,3,1,1,4,-1,01,1,-1,000,095,1,0,0,4,1,49,1,1,2,00,2,5,1,200900002702A01,7,1,1
200900002740,2009-04-07,2009,avril,mardi,45:,75,75111,0,0,2,5,3,5,2,4,1,01,1,-1,120,060,2,0,1,4,2,31,5,1,2,00,2,2,1,200900002740A01,32,1,1
200900002748,2009-04-07,2009,avril,mardi,94:0,75,75112,0,0,2,1,6,1,2,4,2,02,1,2,000,090,2,0,1,1,1,46,5,1,2,00,1,1,1,200900002748A01,,,
200900002766,2009-04-07,2009,avril,mardi,18:00,75,75109,0,0,2,2,3,1,1,4,1,01,2,1,000,090,1,0,1,4,1,19,0,1,2,00,2,1,5,200900002766A01,10,15,1
200900002769,2009-04-07,2009,avril,mardi,19:30,75,75103,0,0,2,5,2,1,1,4,1,02,1,1,000,070,1,0,1,4,1,39,0,1,2,00,2,2,21,200900002769A01,14,23,1
200900002787,2009-04-08,2009,avril,mercredi,10:55,75,75118,0,0,2,2,3,1,2,4,2,04,1,1,000,100,2,0,1,4,1,60,5,1,2,00,2,5,19,200900002787B01,32,1,1
200900002794,2009-04-08,2009,avril,mercredi,13:12,75,75101,0,0,2,1,2,1,1,4,1,01,1,1,000,060,1,0,1,4,2,32,4,1,2,00,2,1,2,200900002794A01,7,23,1
200900002800,2009-04-08,2009,avril,mercredi,16:40,75,75108,0,0,2,3,3,1,1,4,2,02,2,1,000,120,1,0,1,4,1,15,5,1,2,00,2,1,1,200900002800B01,10,10,1
200900002808,2009-04-09,2009,avril,jeudi,72:0,75,75112,0,0,2,3,3,1,1,4,1,01,1,1,010,070,1,0,1,4,1,53,1,1,2,00,2,1,1,200900002808A01,10,15,1
200900002811,2009-04-09,2009,avril,jeudi,90:0,75,75112,0,0,2,1,3,1,1,4,1,01,1,1,000,120,1,0,5,4,1,52,1,1,2,00,2,1,1,200900002811B01,7,16,1
200900002833,2009-04-09,2009,avril,jeudi,23:15,75,75101,0,0,2,1,6,5,1,4,2,05,1,1,000,196,1,2,1,3,2,30,0,1,2,00,2,5,7,200900002833B01,33,7,1
200900002834,2009-04-09,2009,avril,jeudi,23:55,75,75119,0,0,2,1,3,5,1,4,1,02,1,1,000,000,1,0,5,4,2,28,0,1,2,00,2,0,5,200900002834B01,7,20,1
200900002837,2009-04-11,2009,avril,samedi,10:00,75,75119,0,0,2,4,3,1,1,4,1,01,1,1,000,000,1,0,5,4,1,39,5,1,2,00,2,1,1,200900002837B01,7,1,1
200900002849,2009-04-11,2009,avril,samedi,17:15,75,75116,0,0,2,2,3,1,1,4,2,01,1,2,000,060,1,0,1,4,2,23,5,1,2,00,2,1,1,200900002849B01,7,1,1
200900002861,2009-04-12,2009,avril,dimanche,13:30,75,75116,0,0,2,5,7,1,1,4,1,01,2,1,150,150,1,0,1,4,1,41,5,1,2,00,0,0,1,200900002861A01,,,
200900002862,2009-04-12,2009,avril,dimanche,15:20,75,75111,0,0,2,1,3,1,1,4,2,01,2,1,000,000,1,0,1,3,1,34,0,1,2,00,2,7,10,200900002862B01,33,1,1
200900002865,2009-04-12,2009,avril,dimanche,22:47,75,75101,0,0,2,1,6,5,1,4,1,04,1,1,000,200,1,0,1,4,2,31,0,1,2,14,0,0,13,200900002865A01,,,
200900002866,2009-04-12,2009,avril,dimanche,13:30,75,75117,0,0,2,3,7,1,1,4,2,03,2,1,000,100,1,0,1,4,2,38,5,1,2,00,0,1,1,200900002866A01,,,
200900002868,2009-04-14,2009,avril,mardi,90:0,75,75112,0,0,2,2,6,1,1,4,2,02,1,1,000,000,1,0,1,4,2,18,2,1,2,12,2,0,1,200900002868A01,7,17,1
200900002870,2009-04-14,2009,avril,mardi,11:06,75,75114,0,0,2,4,3,1,1,4,1,02,-1,-1,000,130,1,0,1,4,1,62,5,1,2,00,2,1,15,200900002870B01,7,17,1
200900002872,2009-04-14,2009,avril,mardi,13:15,75,75119,0,0,2,1,3,1,1,4,2,02,2,1,000,098,1,0,1,4,2,34,0,1,2,01,2,1,1,200900002872B01,7,22,1
200900002874,2009-04-14,2009,avril,mardi,15:15,75,75112,0,0,2,1,3,1,8,4,2,03,1,1,007,100,1,0,5,4,2,54,5,1,2,00,2,1,1,200900002874B01,7,15,1
200900002896,2009-04-13,2009,avril,lundi,19:25,75,75104,0,0,2,3,6,1,1,4,-1,02,1,1,040,152,1,0,1,4,2,67,5,1,9,00,2,8,2,200900002896B01,7,0,1
200900002922,2009-04-21,2009,avril,mardi,15:20,75,75111,0,0,2,2,3,1,1,4,1,00,1,-1,000,000,1,5,1,4,1,62,0,1,4,00,2,8,2,200900002922B01,10,2,1
200900002962,2009-04-10,2009,avril,vendredi,10:20,75,75111,0,0,2,1,7,1,1,4,2,01,1,1,000,050,1,0,1,4,2,45,1,1,2,00,0,7,1,200900002962A01,,,
200900002969,2009-04-10,2009,avril,vendredi,15:40,75,75103,0,0,2,5,3,1,1,4,2,04,-1,1,028,174,1,0,1,4,1,25,4,1,2,00,2,5,10,200900002969B01,7,1,1
200900002972,2009-04-10,2009,avril,vendredi,16:20,75,75101,0,0,2,1,7,1,1,4,-1,01,1,-1,000,020,1,0,5,4,1,61,5,1,2,00,0,0,1,200900002972A01,,,
200900002990,2009-04-19,2009,avril,dimanche,17:50,75,75118,0,0,2,1,3,1,1,4,1,01,1,1,000,035,1,0,1,4,1,34,0,1,9,01,0,1,1,200900002990B01,7,22,1
200900003003,2009-04-18,2009,avril,samedi,17:55,75,75113,0,0,2,3,3,1,2,4,3,00,1,1,000,000,2,0,1,4,2,33,4,1,2,00,2,3,1,200900003003B01,7,15,1
200900003009,2009-04-18,2009,avril,samedi,19:56,75,75115,0,0,2,1,3,5,2,4,2,04,1,1,000,140,1,0,1,4,1,31,5,1,2,00,2,2,1,200900003009B01,7,22,1
200900003018,2009-04-17,2009,avril,vendredi,15:25,75,75111,0,0,2,2,3,1,8,4,1,01,1,1,000,040,1,0,5,4,2,27,5,1,9,00,0,7,1,200900003018A01,33,1,1
200900003028,2009-04-17,2009,avril,vendredi,84:0,75,75113,0,0,2,1,7,1,1,4,1,03,1,1,001,086,1,0,1,4,1,42,1,1,2,00,0,0,1,200900003028A01,,,
200900003048,2009-04-25,2009,avril,samedi,18:10,75,75106,0,0,2,1,3,1,1,4,2,00,2,1,000,000,1,0,1,4,1,29,0,1,9,00,2,1,1,200900003048B01,7,22,1
200900003061,2009-04-22,2009,avril,mercredi,11:55,75,75105,0,0,2,1,7,1,1,4,1,02,1,1,014,154,1,0,5,4,1,35,1,1,9,00,0,3,21,200900003061A01,,,
200900003065,2009-04-22,2009,avril,mercredi,14:30,75,75110,0,0,2,1,3,1,1,4,1,01,1,1,000,030,1,0,1,4,1,29,4,1,4,01,0,1,1,200900003065A01,7,22,1
200900003073,2009-04-22,2009,avril,mercredi,19:00,75,75108,0,0,2,1,2,1,1,4,2,00,1,1,000,000,1,0,1,4,1,38,0,1,9,00,2,1,2,200900003073A01,7,2,1
200900003075,2009-04-22,2009,avril,mercredi,19:55,75,75111,0,0,2,1,2,2,1,4,1,00,1,1,000,062,1,0,1,4,2,37,5,1,9,00,0,8,0,200900003075B01,7,17,1
200900003076,2009-04-22,2009,avril,mercredi,20:20,75,75116,0,0,2,2,3,1,1,4,2,04,1,1,000,000,1,0,1,4,2,56,0,1,9,00,0,6,0,200900003076B01,10,1,1
200900003090,2009-04-20,2009,avril,lundi,17:20,75,75109,0,0,2,1,3,1,1,4,1,01,1,1,000,050,1,0,1,3,2,30,4,1,2,00,2,1,18,200900003090B01,7,22,1
200900003097,2009-04-20,2009,avril,lundi,20:30,75,75113,0,0,2,1,6,2,1,4,1,02,2,1,000,000,1,0,5,4,1,27,5,1,2,00,5,1,1,200900003097A01,,,
200900003114,2009-04-23,2009,avril,jeudi,16:45,75,75116,0,0,2,2,6,1,1,4,2,02,1,1,000,050,1,0,1,4,1,48,0,1,2,00,2,1,9,200900003114A01,7,1,1
200900003119,2009-04-23,2009,avril,jeudi,18:25,75,75115,0,0,2,4,3,1,1,4,1,00,1,-1,000,145,1,0,0,4,2,37,9,1,2,00,2,1,1,200900003119B01,7,16,1
200900003138,2009-04-24,2009,avril,vendredi,12:00,75,75105,0,0,2,1,3,1,1,4,2,01,1,1,020,084,1,0,1,3,2,64,5,1,2,00,2,3,19,200900003138B01,32,1,1
200900003149,2009-04-24,2009,avril,vendredi,15:55,75,75115,0,0,2,1,6,1,1,4,2,02,1,1,020,060,2,0,1,1,1,38,4,1,2,00,1,1,1,200900003149A01,,,
200900003151,2009-04-24,2009,avril,vendredi,16:35,75,75108,0,0,2,1,6,1,1,4,1,00,1,1,000,140,1,0,1,1,1,29,4,1,2,00,1,1,1,200900003151A01,,,
200900003156,2009-04-24,2009,avril,vendredi,18:35,75,75103,0,0,2,3,3,1,1,4,2,02,1,1,000,130,1,0,1,4,1,44,1,1,2,00,2,3,7,200900003156B01,7,16,1
200900003175,2009-04-26,2009,avril,dimanche,16:00,75,75110,0,0,2,2,3,1,1,4,1,01,1,-1,000,000,1,0,1,4,1,55,5,1,9,00,0,2,1,200900003175A01,7,2,1
200900003176,2009-04-26,2009,avril,dimanche,16:35,75,75120,0,0,2,1,2,1,1,4,2,02,1,1,000,090,1,0,1,4,1,18,0,1,2,01,0,1,11,200900003176A01,37,1,1
200900003188,2009-04-27,2009,avril,lundi,16:15,75,75115,0,0,2,2,3,1,1,4,2,02,1,1,000,060,1,0,1,4,1,30,9,1,2,00,2,0,7,200900003188B01,7,15,1
200900003189,2009-04-27,2009,avril,lundi,16:20,75,75112,0,0,2,5,3,1,1,4,2,02,1,1,020,100,1,0,1,4,2,47,1,1,2,00,2,3,1,200900003189B01,7,1,1
200900003193,2009-04-27,2009,avril,lundi,19:25,75,75114,0,0,2,4,7,1,2,4,3,02,1,1,000,120,2,0,1,4,2,61,1,1,2,00,0,0,21,200900003193A01,,,
200900003206,2009-04-28,2009,avril,mardi,21:14,75,75112,0,0,2,2,3,5,2,4,2,02,1,1,080,080,2,0,5,4,2,25,5,1,9,01,0,1,1,200900003206B01,7,1,1
200900003209,2009-04-28,2009,avril,mardi,11:40,75,75103,0,0,2,3,3,1,1,4,3,02,-1,1,026,085,1,0,1,4,1,24,0,1,4,00,2,2,16,200900003209B01,7,1,1
200900003216,2009-04-28,2009,avril,mardi,15:45,75,75105,0,0,2,1,6,1,2,4,2,02,1,1,000,120,2,0,1,1,1,47,5,1,9,00,1,1,1,200900003216A01,,,
200900003257,2009-04-30,2009,avril,jeudi,11:50,75,75113,0,0,2,1,6,1,1,4,2,02,1,1,000,022,1,0,5,4,2,22,2,1,9,00,1,0,2,200900003257A01,,,
200900003257,2009-04-30,2009,avril,jeudi,11:50,75,75113,0,0,2,1,6,1,1,4,2,02,1,1,000,022,1,0,5,1,1,27,1,1,9,00,1,0,2,200900003257A01,,,
200900003259,2009-04-30,2009,avril,jeudi,12:20,75,75119,0,0,2,2,6,1,1,4,1,01,1,1,000,073,1,0,1,4,1,57,1,1,9,00,2,0,1,200900003259A01,30,1,1
200900003263,2009-04-30,2009,avril,jeudi,13:00,75,75115,0,0,2,1,7,1,1,4,1,01,1,2,000,012,1,0,5,3,1,47,5,1,9,00,0,0,0,200900003263A01,,,
200900003268,2009-04-30,2009,avril,jeudi,16:20,75,75114,0,0,2,1,2,1,1,4,1,01,1,1,000,057,1,0,1,3,2,63,5,1,9,01,0,1,1,200900003268B01,7,22,1
200900003269,2009-04-30,2009,avril,jeudi,17:00,75,75101,0,0,2,1,6,1,1,4,2,,1,1,000,110,1,0,1,4,2,32,1,1,2,00,2,2,1,200900003269A01,7,2,1
200900003273,2009-04-30,2009,avril,jeudi,18:10,75,75114,0,0,2,1,3,1,1,4,1,03,-1,-1,000,057,1,5,1,4,1,59,0,1,9,00,2,3,1,200900003273B01,7,16,1
200900003284,2009-01-26,2009,janvier,lundi,18:15,30,30007,0,0,2,1,3,5,1,4,2,02,1,1,000,000,1,0,1,4,1,22,2,1,9,00,2,3,1,200900003284B01,7,15,1
200900003287,2009-01-22,2009,janvier,jeudi,10:15,30,30155,0.00004,0,1,1,1,1,1,3,2,02,1,1,000,037,1,0,1,3,1,74,5,1,2,00,2,1,1,200900003287A01,7,24,1
200900003300,2009-01-16,2009,janvier,vendredi,14:00,30,30020,0.00004,0,2,1,3,1,1,4,2,02,1,1,000,055,1,0,1,3,2,9,2,1,2,00,2,8,19,200900003300B02,7,1,1
200900003318,2009-01-11,2009,janvier,dimanche,90:5,30,30189,0.00004,0,2,6,3,1,1,2,1,02,1,3,000,087,1,0,1,4,1,75,5,1,2,00,2,4,1,200900003318B01,7,9,1
200900003349,2009-01-11,2009,janvier,dimanche,15:30,30,30012,0.00004,0,1,1,2,1,1,3,2,02,1,1,000,074,1,0,1,3,1,62,5,1,2,00,2,4,2,200900003349B02,10,2,1
200900003360,2009-01-21,2009,janvier,mercredi,16:50,30,30189,0.00004,0,2,6,3,1,1,3,2,00,1,1,000,077,1,0,0,3,1,25,5,1,9,00,0,6,0,200900003360A01,7,0,1
200900003398,2009-02-13,2009,février,vendredi,14:15,30,30178,0.00004,0,2,1,1,1,1,3,2,00,1,3,000,000,1,0,1,3,2,14,5,1,2,00,2,1,1,200900003398B02,7,1,1
200900003413,2009-02-06,2009,février,vendredi,14:50,30,30189,0.00004,0,2,1,6,1,3,3,1,03,1,1,000,707,2,0,1,3,1,32,5,1,9,00,2,9,19,200900003413B01,7,1,1
200900003492,2009-01-24,2009,janvier,samedi,13:02,83,83141,0,0,1,1,7,1,2,9,-1,01,2,1,000,025,6,0,1,2,1,62,0,1,9,00,0,0,0,200900003492A01,,,
200900003509,2009-01-29,2009,janvier,jeudi,84:5,83,83107,0,0,1,1,2,2,9,2,2,03,4,1,000,000,1,0,1,3,1,68,5,1,9,00,0,4,2,200900003509B02,7,2,1
200900003573,2009-02-19,2009,février,jeudi,64:0,83,83062,0,0,2,6,3,2,1,4,2,02,1,1,000,000,1,0,1,4,1,48,1,1,2,00,2,1,1,200900003573B01,3,15,1