Num_Acc,date,an,mois,jour,hrmn,dep,com,lat,long,agg,int,col,lum,atm,catr,circ,nbv,prof,plan,lartpc,larrout,surf,infra,situ,grav,sexe,age,trajet,secuexist,equipement,obs,obsm,choc,manv,vehiculeid,typevehicules,manoeuvehicules,numVehicules
200900003621,2009-01-13,2009,janvier,mardi,11:40,17,17300,0,0,2,1,1,1,1,4,2,02,1,1,000,000,1,0,1,4,2,22,0,1,9,00,2,6,1,200900003621B01,7,17,1
200900003639,2009-01-23,2009,janvier,vendredi,21:00,17,17300,0,0,2,1,2,5,2,4,2,02,1,1,000,000,2,0,5,2,2,49,1,1,2,00,2,4,1,200900003639B01,7,1,1
200900003643,2009-01-21,2009,janvier,mercredi,12:10,17,17300,0,0,2,1,2,1,2,4,2,02,1,1,000,000,2,0,1,4,2,48,0,1,2,00,2,5,1,200900003643B01,31,17,1
200900003776,2009-01-26,2009,janvier,lundi,17:50,24,24037,0,0,2,3,3,2,1,3,2,02,1,1,000,055,2,0,1,2,2,58,0,1,9,00,2,8,1,200900003776B01,38,17,1
200900003820,2009-02-04,2009,février,mercredi,85:7,68,68066,0,0,2,2,3,1,2,4,2,02,1,1,000,031,2,0,1,3,1,41,5,1,2,00,2,7,1,200900003820B01,7,1,1
200900003852,2009-01-06,2009,janvier,mardi,18:25,54,54395,0,0,2,1,6,5,1,4,2,02,3,1,089,068,1,0,1,3,1,40,5,1,2,00,2,0,0,200900003852A01,7,15,1
200900003869,2009-01-16,2009,janvier,vendredi,12:35,54,54483,0.00004,0,2,3,3,1,1,3,2,02,1,1,000,075,1,0,1,3,1,59,1,1,2,00,2,7,1,200900003869B01,7,9,1
200900003909,2009-02-11,2009,février,mercredi,17:15,54,54395,0,0,2,1,6,1,1,4,2,02,2,1,000,000,1,0,1,4,1,17,0,1,2,00,2,1,1,200900003909B01,7,9,1
200900003922,2009-02-27,2009,février,vendredi,17:10,54,54578,0,0,2,1,3,1,1,4,1,02,1,1,000,000,1,0,1,4,1,33,1,1,2,00,2,1,5,200900003922A01,7,1,1
200900003924,2009-02-19,2009,février,jeudi,75:5,54,54395,0,0,2,2,6,1,1,4,1,02,1,1,000,000,1,0,1,1,1,43,5,1,2,00,1,1,15,200900003924A01,,,
200900003950,2009-02-01,2009,février,dimanche,15:30,43,43032,0.00004,0,2,1,6,1,1,3,2,02,2,1,000,060,1,0,1,3,1,58,5,1,2,00,0,1,1,200900003950A01,,,
200900003991,2009-02-22,2009,février,dimanche,12:51,87,87085,0,0,2,1,6,1,1,4,2,04,1,1,000,120,1,0,1,4,1,20,5,1,4,16,0,8,2,200900003991A01,,,
200900004006,2009-02-28,2009,février,samedi,14:00,27,27467,0.00004,0,2,1,1,1,1,9,2,00,4,3,000,069,1,0,1,3,1,75,5,1,2,00,2,0,5,200900004006A01,7,13,1
200900004055,2009-02-09,2009,février,lundi,80:0,17,17300,0,0,2,2,5,5,2,4,2,02,1,1,000,000,2,0,1,2,1,26,1,1,2,00,2,1,1,200900004055B01,7,1/15,2
200900004064,2009-02-07,2009,février,samedi,16:25,17,17299,0,0,2,1,3,1,2,4,2,02,1,3,000,083,2,0,1,4,1,12,2,1,4,00,2,8,15,200900004064A01,7,1,1
200900004066,2009-02-06,2009,février,vendredi,85:8,17,17300,0,0,2,6,6,1,1,4,2,02,-1,-1,000,060,-1,5,5,4,2,63,0,1,9,00,2,1,1,200900004066B01,7,16,1
200900004090,2009-02-27,2009,février,vendredi,12:30,17,17300,0,0,2,1,6,1,1,4,2,02,1,1,000,000,1,0,5,4,1,55,9,1,2,00,2,8,1,200900004090B01,7,20,1
200900004111,2009-01-05,2009,janvier,lundi,17:45,74,74010,0,0,2,2,6,5,1,4,2,02,1,1,000,056,1,0,1,4,2,25,9,1,2,00,0,1,1,200900004111A01,7,15,1
200900004132,2009-01-31,2009,janvier,samedi,83:0,74,74011,0,0,2,6,3,1,8,4,1,01,-1,2,000,000,1,5,1,3,2,59,1,1,1,00,2,1,1,200900004132B02,7,23,1
200900004161,2009-01-06,2009,janvier,mardi,19:15,90,90039,0,0,2,1,3,5,8,4,2,02,2,1,000,078,7,0,1,4,1,21,5,1,4,00,2,1,2,200900004161B01,7,15,1
200900004168,2009-01-30,2009,janvier,vendredi,11:00,90,90010,0,0,2,1,3,1,1,4,2,02,1,1,000,090,1,0,4,4,1,30,0,1,9,00,2,8,0,200900004168B01,7,0,1
200900004184,2009-02-20,2009,février,vendredi,15:15,90,90041,0.00004,0,2,1,1,1,1,3,2,02,1,1,000,048,1,0,1,3,1,75,3,1,1,00,2,1,1,200900004184A01,10,19,1
200900004200,2009-03-28,2009,mars,samedi,93:0,86,86030,0.00004,0,1,1,1,1,1,3,2,02,1,1,000,062,1,0,1,3,1,54,5,1,1,00,9,1,1,200900004200B02,7,1,1
200900004260,2009-01-22,2009,janvier,jeudi,18:40,52,52448,0.00004,0,2,2,2,5,1,4,2,02,1,-1,000,000,1,0,1,4,1,35,9,1,2,00,2,4,2,200900004260B01,7,2,1
200900004269,2009-01-13,2009,janvier,mardi,19:35,52,52448,0.00004,0,1,1,2,3,1,2,3,02,1,1,000,000,1,0,1,1,1,30,4,1,1,00,2,4,0,200900004269A01,7,2,1
200900004304,2009-02-23,2009,février,lundi,17:10,74,74281,0,0,2,1,6,1,1,4,2,02,1,1,000,000,1,0,5,4,1,14,0,1,2,00,2,1,2,200900004304B01,7,15,1
200900004339,2009-03-03,2009,mars,mardi,18:00,81,81048,0.00004,0,2,1,6,2,1,4,-1,00,1,1,000,050,9,0,1,3,1,55,5,1,1,06,0,1,0,200900004339A01,,,
200900004388,2009-02-09,2009,février,lundi,15:00,79,79329,0,0,2,1,3,1,8,4,2,02,1,1,000,060,1,0,1,4,1,44,0,1,9,00,2,8,15,200900004388B01,7,17,1
200900004420,2009-03-17,2009,mars,mardi,10:45,27,27510,0.00004,0,1,1,2,1,1,2,3,05,2,2,100,075,1,0,1,3,1,48,5,1,2,00,2,6,2,200900004420B02,7,17,1
200900004421,2009-01-04,2009,janvier,dimanche,12:10,21,21231,0,0,2,4,3,1,1,4,2,02,1,1,000,080,1,5,0,4,1,25,5,1,2,00,2,7,1,200900004421B01,7,15,1
200900004426,2009-01-08,2009,janvier,jeudi,80:7,21,21231,0,0,2,4,2,2,1,4,2,03,1,1,000,090,1,5,1,4,1,30,1,1,2,00,2,0,0,200900004426B01,7,0,1
200900004465,2009-01-06,2009,janvier,mardi,18:00,95,95306,0.00004,0,2,3,3,3,4,4,1,01,1,1,000,060,5,0,1,4,1,28,0,1,4,00,2,7,1,200900004465B01,7,19,1
200900004523,2009-01-01,2009,janvier,jeudi,18:20,34,34032,0.00004,0,1,2,2,3,1,3,2,02,1,-1,000,075,-1,0,1,3,1,50,5,1,2,00,2,4,15,200900004523A01,7,17,1
200900004558,2009-01-11,2009,janvier,dimanche,90:0,34,34032,0.00004,0,1,1,4,1,1,3,2,02,-1,-1,000,080,1,0,1,4,1,60,0,1,9,00,2,6,2,200900004558B01,7,1,1
200900004558,2009-01-11,2009,janvier,dimanche,90:0,34,34032,0.00004,0,1,1,4,1,1,3,2,02,-1,-1,000,080,1,0,1,1,1,48,0,1,9,00,2,4,1,200900004558C01,7,1,1
200900004563,2009-01-13,2009,janvier,mardi,92:0,34,34172,0.00004,0,2,3,3,1,1,4,1,01,1,3,000,030,1,0,1,4,2,54,5,1,9,00,0,7,1,200900004563B01,7,16,1
200900004569,2009-01-14,2009,janvier,mercredi,13:15,34,34270,0.00004,0,1,6,3,1,1,3,1,02,1,2,000,070,1,0,1,4,1,37,0,1,9,00,2,5,1,200900004569B01,7,9,1
200900004575,2009-01-19,2009,janvier,lundi,18:45,34,34145,0.00004,0,2,1,3,5,2,3,2,02,1,1,000,094,2,0,1,3,1,64,3,1,9,00,0,6,13,200900004575B02,2,1,1
200900004592,2009-01-20,2009,janvier,mardi,12:35,34,34172,0.00004,0,2,1,6,1,1,4,2,02,1,1,000,060,1,0,5,4,1,62,1,1,9,00,2,1,1,200900004592B01,7,22,1
200900004594,2009-01-20,2009,janvier,mardi,11:26,34,34172,0.00004,0,2,1,7,1,1,4,1,01,1,1,000,030,1,0,1,1,1,23,5,1,9,00,1,1,1,200900004594A01,,,
200900004624,2009-01-27,2009,janvier,mardi,81:5,34,34057,0.00004,0,2,1,1,1,1,4,2,00,2,1,000,077,1,0,5,3,1,14,2,1,2,00,2,1,5,200900004624B02,14,16,1
200900004629,2009-02-09,2009,février,lundi,75:0,52,52121,0.00004,0,2,6,3,1,2,3,1,01,1,2,000,080,2,5,1,4,1,16,2,1,2,00,2,7,1,200900004629B01,7,9,1
200900004674,2009-01-27,2009,janvier,mardi,80:5,31,31557,0.00004,0,2,4,3,1,1,4,-1,01,1,3,000,051,1,0,0,4,1,38,1,1,4,00,2,8,1,200900004674B01,7,15,1
200900004690,2009-01-05,2009,janvier,lundi,18:25,31,31555,0,0,2,6,3,5,1,4,4,02,1,2,000,060,1,0,1,4,2,28,1,1,4,00,2,7,1,200900004690B01,7,9,1
200900004732,2009-01-19,2009,janvier,lundi,83:1,56,56121,0.00004,NaN,2,3,3,5,2,9,2,02,1,1,000,000,2,0,1,4,1,52,1,1,9,00,2,7,1,200900004732B01,7,15,1
200900004742,2009-01-21,2009,janvier,mercredi,11:04,56,56162,0,0,2,1,2,1,7,9,2,02,1,1,000,000,1,0,1,4,2,71,5,1,9,00,2,4,1,200900004742B01,7,1,1
200900004749,2009-01-17,2009,janvier,samedi,18:24,56,56121,0.00004,NaN,2,6,3,5,1,4,1,01,1,2,000,000,1,0,1,4,1,63,5,1,9,00,2,0,1,200900004749B01,7,1,1
200900004762,2009-01-08,2009,janvier,jeudi,16:00,56,56240,0,0,1,1,2,1,7,3,2,04,1,1,000,140,1,0,1,3,2,67,5,1,2,00,2,8,1,200900004762B02,7,1,1
200900004797,2009-02-17,2009,février,mardi,15:00,44,44015,0,0,2,6,6,1,1,2,2,02,1,-1,000,000,1,0,5,4,2,17,0,1,8,00,2,0,1,200900004797B01,10,1,1
200900004810,2009-02-12,2009,février,jeudi,73:0,44,44184,0,0,2,2,3,2,1,4,2,02,1,1,000,000,1,0,1,4,2,23,1,1,9,00,2,9,9,200900004810B01,7,9,1
200900004811,2009-02-28,2009,février,samedi,15:45,44,44184,0,0,2,6,3,1,1,3,2,00,1,1,000,000,1,0,1,1,1,21,5,1,2,00,2,1,1,200900004811B01,7,1,1
200900004816,2009-02-11,2009,février,mercredi,18:05,44,44162,0,0,2,1,6,1,1,3,2,02,2,1,000,000,1,2,1,4,2,21,0,1,9,00,2,0,2,200900004816B01,7,2,1
200900004832,2009-02-06,2009,février,vendredi,18:40,44,44190,0,0,2,6,6,5,1,4,2,02,1,1,000,000,1,5,1,4,2,16,0,1,9,00,2,2,1,200900004832B01,7,1,1
200900004868,2009-02-20,2009,février,vendredi,16:15,56,56192,0,0,2,1,1,1,1,3,2,01,1,1,000,041,1,0,3,3,1,78,5,1,9,00,2,4,23,200900004868B02,7,14,1
200900004871,2009-02-20,2009,février,vendredi,13:30,56,56010,0.00004,NaN,2,3,1,1,1,4,2,02,2,1,000,049,1,0,1,3,1,8,5,1,1,00,2,1,15,200900004871B02,7,1,1
200900004880,2009-02-03,2009,février,mardi,17:22,56,56121,0.00004,NaN,2,1,3,1,2,9,2,02,1,1,000,000,2,1,5,4,1,34,4,1,2,00,2,8,1,200900004880B01,7,1,1
200900004883,2009-02-05,2009,février,jeudi,17:45,56,56098,0.00004,NaN,2,1,3,1,2,9,2,02,1,1,000,000,2,0,1,4,1,13,5,1,9,00,2,4,0,200900004883B01,7,1,1
200900004900,2009-02-18,2009,février,mercredi,17:20,56,56162,0,0,1,6,3,1,1,3,2,02,1,1,000,000,1,0,1,4,2,18,5,1,9,00,2,2,1,200900004900B01,7,1,1
200900004920,2009-01-31,2009,janvier,samedi,10:00,19,19031,0.00004,0,2,2,6,1,1,4,2,02,1,1,000,000,1,0,1,4,1,17,0,1,2,00,2,4,1,200900004920B01,7,0,1
200900004935,2009-02-19,2009,février,jeudi,15:30,03,03207,0,-0,1,1,2,1,1,3,2,02,1,1,000,077,1,0,1,3,1,57,5,1,2,00,0,4,13,200900004935B02,7,17,1
200900004949,2009-02-06,2009,février,vendredi,20:20,03,03190,0,-0,2,6,3,5,3,3,1,01,1,2,000,000,2,5,1,4,2,30,1,1,2,00,0,1,1,200900004949B01,7,9,1
200900004953,2009-02-25,2009,février,mercredi,16:45,28,28213,0.00004,0,2,1,1,1,1,3,2,02,-1,1,000,000,1,0,0,3,1,11,5,1,2,00,2,8,15,200900004953A01,7,1,1
200900004968,2009-02-01,2009,février,dimanche,10:05,28,28220,0.00004,0,1,1,6,1,1,3,2,05,1,1,000,050,1,0,1,4,2,60,0,1,9,00,9,4,1,200900004968B01,7,1,1
200900004971,2009-02-25,2009,février,mercredi,17:20,28,28085,0.00004,0,2,1,3,1,1,4,2,02,1,1,000,050,1,0,1,3,1,18,0,1,2,00,2,1,1,200900004971B01,7,19,1
200900005008,2009-03-03,2009,mars,mardi,91:5,49,49246,0,0,2,1,7,1,1,4,-1,01,1,1,000,030,1,0,1,4,2,54,0,1,2,00,0,0,0,200900005008A01,,,
200900005010,2009-03-02,2009,mars,lundi,16:19,49,49353,0,0,2,1,7,1,1,4,-1,01,1,1,000,000,1,0,1,4,1,32,0,1,2,00,0,0,0,200900005010A01,,,
200900005012,2009-03-12,2009,mars,jeudi,12:39,49,49099,0,0,2,1,3,1,1,4,2,02,1,-1,000,000,1,0,1,4,1,35,1,1,9,00,2,1,1,200900005012A01,7,9,1
200900005016,2009-03-03,2009,mars,mardi,14:55,49,49328,0,0,1,2,3,1,1,3,2,02,1,1,000,054,1,0,1,3,1,67,5,1,2,00,2,7,1,200900005016B01,7,1,1
200900005023,2009-03-27,2009,mars,vendredi,14:27,49,49007,0,0,2,1,3,1,1,4,2,03,-1,1,000,000,1,0,1,4,2,20,0,1,9,00,2,1,1,200900005023B01,7,15,1
200900005025,2009-03-20,2009,mars,vendredi,12:00,49,49099,0,0,2,1,3,1,1,3,3,00,1,1,000,000,1,0,1,4,2,43,4,1,9,00,2,0,13,200900005025A01,7,1,1
200900005027,2009-03-17,2009,mars,mardi,75:0,49,49246,0,0,2,1,3,1,1,4,-1,01,1,1,000,095,1,0,1,4,1,52,0,1,2,00,2,0,0,200900005027B01,3,0,1
200900005034,2009-03-26,2009,mars,jeudi,13:37,49,49007,0,0,2,1,7,1,1,4,-1,02,1,1,000,040,1,0,1,3,2,21,0,1,2,00,0,0,0,200900005034A01,,,
200900005059,2009-03-30,2009,mars,lundi,80:0,49,49313,0,0,2,2,3,1,1,4,-1,00,-1,-1,000,000,-1,0,0,3,1,46,1,1,1,00,2,7,1,200900005059B02,7,1,1
200900005061,2009-03-24,2009,mars,mardi,17:45,49,49180,0,0,1,1,1,1,1,4,2,00,1,1,000,037,1,0,1,4,1,73,5,1,2,00,9,1,1,200900005061A01,1,1,1
200900005061,2009-03-24,2009,mars,mardi,17:45,49,49180,0,0,1,1,1,1,1,4,2,00,1,1,000,037,1,0,1,4,1,72,5,1,2,00,9,1,1,200900005061B02,1,1,1
200900005063,2009-03-09,2009,mars,lundi,15:15,49,49029,0,0,1,9,3,1,1,3,4,02,1,-1,000,000,1,0,1,2,1,36,5,1,2,00,2,7,19,200900005063A01,10,1,1
200900005070,2009-03-04,2009,mars,mercredi,14:45,49,49018,0,0,1,2,3,1,8,3,2,02,1,1,000,076,2,0,1,3,1,20,5,1,1,00,2,8,15,200900005070A01,7,17,1
200900005110,2009-03-19,2009,mars,jeudi,16:00,30,30007,0,0,2,3,3,1,1,4,2,02,1,1,000,000,1,0,1,4,1,12,5,1,9,00,2,8,1,200900005110B01,7,1,1
200900005143,2009-03-17,2009,mars,mardi,11:00,30,30004,0.00004,0,1,1,3,1,1,2,1,00,1,1,000,126,1,0,1,3,1,58,5,1,2,00,0,8,2,200900005143B02,7,1,1
200900005163,2009-01-08,2009,janvier,jeudi,18:00,01,01249,0.00004,0,2,4,2,5,1,2,2,02,1,1,000,100,1,0,1,3,1,39,1,1,1,00,0,4,15,200900005163B02,7,2,1
200900005168,2009-01-07,2009,janvier,mercredi,65:5,01,01053,0.00004,0,2,2,3,5,1,2,2,05,1,1,000,000,1,5,1,4,1,49,1,1,4,00,2,3,1,200900005168B01,7,15,1
200900005169,2009-01-22,2009,janvier,jeudi,13:20,01,01053,0,0,2,3,3,1,1,4,1,01,1,1,000,034,1,0,1,4,1,52,5,1,8,00,2,1,1,200900005169B01,7,15,1
200900005192,2009-01-19,2009,janvier,lundi,10:45,01,01045,0.00004,0,2,2,3,1,8,3,2,02,1,1,000,055,1,0,1,4,1,31,5,1,8,00,2,1,1,200900005192B02,10,19,1
200900005194,2009-01-07,2009,janvier,mercredi,20:45,01,01160,0.00004,0,1,1,2,5,1,3,-1,02,1,1,038,114,1,0,1,3,2,54,5,1,4,00,0,4,1,200900005194B02,7,2,1
200900005221,2009-03-21,2009,mars,samedi,30:,01,01320,0.00004,0,1,1,2,3,1,3,2,02,1,1,000,067,1,2,1,2,1,22,1,1,1,00,0,4,1,200900005221B02,7,2,1
200900005267,2009-03-05,2009,mars,jeudi,17:00,79,79191,0,0,2,6,2,1,1,3,2,02,1,1,000,070,1,0,1,3,1,52,1,1,9,08,2,4,1,200900005267B01,3,17,1
200900005268,2009-03-13,2009,mars,vendredi,15:15,79,79329,0,0,2,1,3,1,1,4,2,02,2,1,000,060,-1,0,1,4,2,45,1,1,2,00,2,8,2,200900005268B01,7,1,1
200900005289,2009-03-25,2009,mars,mercredi,10:25,54,54395,0,0,2,2,3,1,2,4,1,03,1,1,000,000,2,0,1,4,1,19,2,1,2,00,2,1,1,200900005289A01,7,1,1
200900005293,2009-03-29,2009,mars,dimanche,16:13,54,54329,0,0,2,9,3,1,1,4,2,01,1,-1,106,076,1,0,1,3,1,10,5,1,9,00,0,1,15,200900005293B01,7,1,1
200900005305,2009-03-11,2009,mars,mercredi,12:10,54,54395,0,0,2,3,3,1,1,4,-1,02,1,1,000,000,1,0,1,4,2,55,1,1,2,00,2,8,1,200900005305B01,7,17,1
200900005310,2009-03-18,2009,mars,mercredi,16:55,54,54395,0,0,2,3,3,1,1,4,1,01,2,1,000,000,1,0,1,4,1,10,5,1,2,00,2,1,15,200900005310A01,7,1,1
200900005334,2009-03-26,2009,mars,jeudi,74:7,83,83061,0,0,2,1,2,1,1,3,1,01,2,1,000,000,1,0,1,3,1,47,9,1,2,00,2,1,2,200900005334B01,7,2,1
200900005368,2009-03-10,2009,mars,mardi,11:00,83,83069,0,0,1,1,2,1,1,3,-1,02,1,1,000,061,1,0,1,3,1,78,5,1,2,00,2,4,1,200900005368B01,7,0,1
200900005397,2009-03-11,2009,mars,mercredi,15:45,83,83073,0,0,2,4,3,1,1,3,2,02,1,1,000,056,1,0,1,3,1,12,5,1,2,00,2,1,1,200900005397B02,7,1,1
200900005412,2009-03-20,2009,mars,vendredi,84:5,83,83107,0,0,1,6,2,1,1,3,2,02,1,1,000,000,1,5,1,4,1,27,5,1,2,00,2,1,1,200900005412B02,7,9,1
200900005443,2009-02-26,2009,février,jeudi,18:15,66,66124,0,0,2,1,1,1,1,3,2,02,2,1,120,000,1,0,1,3,1,20,1,1,2,00,2,2,21,200900005443B02,7,15,1
200900005447,2009-02-13,2009,février,vendredi,16:30,66,66136,0,0,2,1,6,1,1,4,2,00,1,3,000,080,1,0,1,4,1,60,5,1,9,00,2,7,5,200900005447B01,7,1,1
200900005455,2009-05-25,2009,mai,lundi,73:3,75,75112,0,0,2,1,1,1,1,4,-1,01,1,1,000,040,1,6,3,4,1,35,5,1,2,00,2,1,14,200900005455A01,1,1,1
200900005455,2009-05-25,2009,mai,lundi,73:3,75,75112,0,0,2,1,1,1,1,4,-1,01,1,1,000,040,1,6,3,4,1,48,5,1,2,00,2,1,1,200900005455B01,1,14,1
200900005456,2009-05-25,2009,mai,lundi,93:0,75,75118,0,0,2,3,3,1,1,4,2,02,2,2,000,060,1,0,1,4,1,53,1,1,2,00,2,1,1,200900005456B01,7,15,1
200900005466,2009-05-25,2009,mai,lundi,18:20,75,75109,0,0,2,1,3,1,1,4,1,01,1,1,030,100,1,0,1,4,2,45,0,1,2,00,2,7,7,200900005466B01,7,18,1
200900005507,2009-05-27,2009,mai,mercredi,14:30,75,75104,0,0,2,1,3,1,8,4,1,03,1,1,005,066,1,0,5,4,2,56,5,1,2,00,2,4,7,200900005507B01,7,17,1
200900005522,2009-05-30,2009,mai,samedi,50:0,75,75112,0,0,2,2,3,2,1,4,-1,02,1,-1,000,080,1,0,1,4,1,30,1,1,2,00,2,1,1,200900005522B01,7,15,1
200900005532,2009-05-30,2009,mai,samedi,17:50,75,75108,0,0,2,1,3,1,1,4,2,02,1,1,000,080,1,0,1,4,2,32,0,1,2,00,2,2,1,200900005532B01,7,22,1
200900005545,2009-05-28,2009,mai,jeudi,12:00,75,75110,0,0,2,1,6,1,1,4,1,01,1,1,000,057,1,0,5,4,2,38,4,1,9,00,1,1,21,200900005545A01,,,
200900005549,2009-05-28,2009,mai,jeudi,13:40,75,75120,0,0,2,2,6,1,1,4,2,02,2,1,000,096,1,0,1,4,1,31,5,1,2,00,2,1,2,200900005549A01,7,17,1
200900005559,2009-05-28,2009,mai,jeudi,20:05,75,75105,0,0,2,1,2,1,8,4,2,03,2,1,004,055,1,0,5,1,1,33,1,1,9,00,2,4,18,200900005559A01,1,1,1
200900005559,2009-05-28,2009,mai,jeudi,20:05,75,75105,0,0,2,1,2,1,8,4,2,03,2,1,004,055,1,0,5,4,2,44,1,1,9,00,2,1,1,200900005559B01,1,18,1
200900005569,2009-05-15,2009,mai,vendredi,80:5,75,75110,0,0,2,1,3,1,1,4,1,01,4,1,000,039,1,0,5,4,2,55,1,1,2,00,2,3,1,200900005569B01,7,16,1
200900005571,2009-05-15,2009,mai,vendredi,10:40,75,75113,0,0,2,5,3,1,1,4,-1,02,1,1,000,165,1,5,1,4,2,24,2,1,2,00,2,0,7,200900005571B01,37,1,1
200900005572,2009-05-15,2009,mai,vendredi,10:45,75,75111,0,0,2,5,3,1,8,4,2,04,2,1,000,080,1,5,1,4,2,53,0,1,2,00,2,7,15,200900005572B01,10,15,1
200900005585,2009-05-15,2009,mai,vendredi,16:30,75,75115,0,0,2,1,7,1,1,4,-1,02,1,1,000,100,1,0,5,4,1,14,5,1,2,00,0,0,1,200900005585A01,,,
200900005591,2009-05-15,2009,mai,vendredi,22:15,75,75105,0,0,2,1,2,5,1,4,1,04,1,1,000,045,1,0,1,4,2,20,5,1,2,00,2,1,7,200900005591A01,7,23,1
200900005593,2009-05-15,2009,mai,vendredi,23:12,75,75111,0,0,2,1,3,5,1,4,-1,02,1,-1,000,000,1,0,1,4,1,80,5,1,2,00,2,0,1,200900005593A01,7,22,1
200900005608,2009-05-14,2009,mai,jeudi,18:20,75,75105,0,0,2,3,3,2,2,4,1,01,1,1,010,040,2,0,1,4,1,35,1,1,2,00,2,7,17,200900005608B01,7,10,1
200900005610,2009-05-14,2009,mai,jeudi,18:49,75,75106,0,0,2,2,6,1,2,4,2,00,2,1,000,061,2,0,1,1,1,44,1,1,2,00,1,1,8,200900005610A01,,,
200900005614,2009-05-14,2009,mai,jeudi,19:55,75,75110,0,0,2,1,1,1,2,4,1,01,4,1,000,040,2,0,1,4,1,15,5,1,2,00,2,1,5,200900005614B01,7,1,1
200900005619,2009-05-17,2009,mai,dimanche,55:,75,75117,0,0,2,2,7,5,2,4,2,02,1,1,000,000,2,0,1,4,2,54,0,1,2,00,0,0,1,200900005619A01,,,
200900005639,2009-05-17,2009,mai,dimanche,18:31,75,75110,0,0,2,1,1,1,1,4,1,01,1,1,000,054,1,6,1,4,1,12,5,1,2,00,2,1,5,200900005639B01,34,1,1
200900005655,2009-05-18,2009,mai,lundi,12:35,75,75103,0,0,2,5,3,1,1,4,1,00,1,1,000,113,1,5,1,4,2,24,5,1,2,00,2,8,15,200900005655B01,7,17,1
200900005657,2009-05-18,2009,mai,lundi,13:25,75,75105,0,0,2,2,6,1,1,4,2,04,2,1,000,100,1,0,1,1,1,26,9,1,2,00,1,2,7,200900005657A01,,,
200900005662,2009-05-18,2009,mai,lundi,16:08,75,75113,0,0,2,2,6,1,1,4,1,01,1,1,000,034,1,0,1,4,1,68,5,1,2,00,2,4,2,200900005662B01,33,2,1
200900005671,2009-05-19,2009,mai,mardi,90:5,75,75110,0,0,2,1,2,1,1,4,1,04,2,1,000,200,1,0,1,1,2,31,1,1,2,00,2,4,1,200900005671B01,32,14,1
200900005673,2009-05-19,2009,mai,mardi,93:0,75,75102,0,0,2,3,7,1,1,4,1,04,1,1,000,140,1,0,1,3,1,45,0,1,2,00,0,0,1,200900005673A01,,,
200900005675,2009-05-19,2009,mai,mardi,95:0,75,75114,0,0,2,1,3,1,1,4,1,02,-1,-1,000,114,1,0,1,4,2,29,5,1,2,00,2,1,1,200900005675B01,7,22,1
200900005682,2009-05-19,2009,mai,mardi,16:20,75,75111,0,0,2,1,6,1,1,4,3,02,2,1,000,140,1,0,1,4,2,39,5,1,2,00,2,2,1,200900005682B01,10,22,1
200900005709,2009-05-21,2009,mai,jeudi,11:5,75,75101,0,0,2,2,3,5,1,4,2,04,1,1,000,133,1,0,1,1,1,22,5,1,2,00,2,6,16,200900005709A01,33,1,1
200900005720,2009-05-24,2009,mai,dimanche,30:,75,75117,0,0,2,1,6,5,1,4,1,01,1,1,000,000,1,0,1,4,1,35,5,1,2,00,2,1,1,200900005720A01,7,22/24,2
200900005724,2009-05-24,2009,mai,dimanche,13:10,75,75107,0,0,2,1,6,1,1,4,1,01,1,1,000,060,1,0,1,4,1,38,5,1,2,01,2,1,1,200900005724B01,7,22,1
200900005735,2009-05-23,2009,mai,samedi,92:5,75,75107,0,0,2,1,6,1,1,4,1,00,1,1,000,000,1,0,4,4,2,52,0,1,2,12,0,0,1,200900005735A01,,,
200900005741,2009-05-23,2009,mai,samedi,21:40,75,75111,0,0,2,1,3,5,1,4,1,00,1,1,000,100,1,0,1,4,2,31,5,1,2,00,2,2,1,200900005741B01,7,22,1
200900005751,2009-05-31,2009,mai,dimanche,15:00,75,75120,0,0,2,1,6,1,1,4,2,02,2,1,000,030,1,0,1,4,2,28,5,1,2,01,0,0,14,200900005751A01,,,
200900005756,2009-05-31,2009,mai,dimanche,21:55,75,75112,0,0,2,1,6,5,1,4,2,00,2,1,000,020,1,0,5,1,2,30,5,1,2,00,1,1,1,200900005756A01,,,
200900005765,2009-05-29,2009,mai,vendredi,84:5,75,75112,0,0,2,1,6,1,1,4,2,02,1,1,000,098,1,0,1,4,1,25,1,1,2,00,1,1,1,200900005765A01,,,
200900005782,2009-05-29,2009,mai,vendredi,11:45,75,75111,0,0,2,1,3,1,1,4,2,02,1,1,000,100,1,0,1,4,2,34,5,1,2,00,2,1,1,200900005782B01,10,22,1
200900005790,2009-05-29,2009,mai,vendredi,15:00,75,75112,0,0,2,3,2,1,1,4,1,00,1,1,000,000,1,0,1,4,1,54,5,1,2,00,2,4,2,200900005790A01,7,23,1
200900005793,2009-05-29,2009,mai,vendredi,17:05,75,75111,0,0,2,2,3,1,1,4,2,02,2,1,000,000,1,0,1,4,2,47,5,1,2,00,2,4,1,200900005793B01,7,15,1
200900005800,2009-05-22,2009,mai,vendredi,95:0,75,75111,0,0,2,1,3,1,1,4,2,02,1,1,000,122,1,0,1,4,2,30,1,1,2,00,2,1,1,200900005800B01,10,22,1
200900005808,2009-05-22,2009,mai,vendredi,16:03,75,75114,0,0,2,1,6,1,1,4,1,01,-1,1,000,060,1,0,4,1,2,12,5,1,2,00,1,1,1,200900005808A01,,,
200900005813,2009-05-22,2009,mai,vendredi,18:50,75,75104,0,0,2,3,3,1,1,4,1,01,1,2,000,030,1,0,0,1,2,36,0,1,2,00,2,0,15,200900005813B01,34,1,1
200900005820,2009-05-20,2009,mai,mercredi,83:0,75,75114,0,0,2,5,3,1,1,4,1,02,1,-1,022,220,1,5,1,4,2,57,1,1,2,00,2,1,1,200900005820B01,15,16,1