Num_Acc,date,an,mois,jour,hrmn,dep,com,lat,long,agg,int,col,lum,atm,catr,circ,nbv,prof,plan,lartpc,larrout,surf,infra,situ,grav,sexe,age,trajet,secuexist,equipement,obs,obsm,choc,manv,vehiculeid,typevehicules,manoeuvehicules,numVehicules
200900005822,2009-05-20,2009,mai,mercredi,85:5,75,75111,0,0,2,2,7,1,1,4,3,01,1,1,300,120,1,0,5,4,1,42,1,1,2,00,0,0,21,200900005822A01,,,
200900005831,2009-05-20,2009,mai,mercredi,13:30,75,75117,0,0,2,1,6,1,1,4,2,03,1,1,000,090,1,0,1,1,1,15,5,1,2,00,1,1,1,200900005831A01,,,
200900005860,2009-05-03,2009,mai,dimanche,12:55,75,75110,0,0,2,5,3,1,1,4,1,04,1,1,000,300,1,5,1,4,2,10,5,1,2,00,2,1,1,200900005860B01,7,16,1
200900005889,2009-05-06,2009,mai,mercredi,17:50,75,75109,0,0,2,2,6,1,1,4,1,02,2,1,010,090,1,0,1,1,2,18,2,1,2,00,1,1,17,200900005889A01,,,
200900005891,2009-05-06,2009,mai,mercredi,19:20,75,75111,0,0,2,2,3,1,1,4,2,02,2,1,000,120,1,5,1,4,1,37,1,1,2,00,2,8,1,200900005891B01,7,16,1
200900005909,2009-05-02,2009,mai,samedi,15:55,75,75118,0,0,2,1,6,1,1,4,1,02,1,1,000,050,1,0,5,1,1,33,5,1,2,00,1,1,1,200900005909A01,,,
200900005913,2009-05-01,2009,mai,vendredi,17:15,75,75117,0,0,2,4,3,1,1,4,2,03,1,1,000,000,1,0,1,4,1,15,5,1,2,00,2,2,17,200900005913B01,7,22,1
200900005925,2009-05-01,2009,mai,vendredi,17:20,75,75110,0,0,2,1,7,1,1,4,-1,02,1,1,015,060,1,0,1,4,1,50,5,1,2,00,0,0,1,200900005925A01,,,
200900005927,2009-05-01,2009,mai,vendredi,18:00,75,75107,0,0,2,1,6,1,1,4,1,00,1,1,065,101,9,0,1,3,1,62,5,1,2,12,2,8,13,200900005927B01,37,17,1
200900005930,2009-05-01,2009,mai,vendredi,20:20,75,75115,0,0,2,1,3,1,1,4,1,02,1,1,000,089,1,0,1,4,2,7,5,1,2,00,2,2,19,200900005930B01,7,1,1
200900005940,2009-05-04,2009,mai,lundi,17:50,75,75106,0,0,2,3,3,1,1,4,1,01,1,1,000,055,1,0,1,4,1,27,9,1,2,00,2,4,1,200900005940B01,7,16,1
200900005942,2009-05-04,2009,mai,lundi,18:54,75,75112,0,0,2,1,3,1,1,4,1,02,1,2,000,060,1,0,5,1,1,39,1,1,2,00,2,4,1,200900005942A01,1,1,1
200900005942,2009-05-04,2009,mai,lundi,18:54,75,75112,0,0,2,1,3,1,1,4,1,02,1,2,000,060,1,0,5,4,2,61,1,1,2,00,2,6,1,200900005942B01,1,1,1
200900005943,2009-05-04,2009,mai,lundi,19:10,75,75117,0,0,2,1,6,1,1,4,2,02,1,1,000,000,1,0,1,1,2,31,4,1,2,00,2,7,1,200900005943B01,32,18,1
200900005972,2009-05-05,2009,mai,mardi,18:05,75,75120,0,0,2,2,3,1,1,4,2,02,2,1,000,120,1,0,1,4,1,48,5,1,2,00,2,3,17,200900005972A01,7,15,1
200900005973,2009-05-05,2009,mai,mardi,18:47,75,75114,0,0,2,2,7,1,1,4,1,01,-1,-1,000,015,-1,0,5,4,1,52,1,1,2,00,0,0,21,200900005973A01,,,
200900005983,2009-05-07,2009,mai,jeudi,12:40,75,75111,0,0,2,2,3,1,1,4,2,02,1,1,000,140,1,0,1,4,2,31,4,1,2,00,2,4,17,200900005983B01,10,15,1
200900005987,2009-05-07,2009,mai,jeudi,15:40,75,75103,0,0,2,1,5,1,1,4,2,02,1,1,000,070,1,0,1,2,2,36,5,1,2,00,2,7,17,200900005987B01,10/ 37,22/1,2
200900005991,2009-05-07,2009,mai,jeudi,16:45,75,75105,0,0,2,1,6,1,1,4,2,02,2,1,000,043,1,1,1,4,1,28,0,1,2,12,0,1,14,200900005991A01,,,
200900006000,2009-05-07,2009,mai,jeudi,20:30,75,75111,0,0,2,1,6,2,1,4,1,01,1,1,000,100,1,0,5,1,1,30,5,1,2,00,1,3,1,200900006000A01,,,
200900006004,2009-05-07,2009,mai,jeudi,23:40,75,75102,0,0,2,3,3,5,1,4,1,02,1,1,050,160,1,0,5,4,1,35,0,1,2,00,2,1,7,200900006004B01,7,16,1
200900006020,2009-05-08,2009,mai,vendredi,22:5,75,75119,0,0,2,5,3,5,1,4,-1,01,1,1,000,000,1,0,1,4,2,36,0,1,2,00,2,4,1,200900006020B01,10,17,1
200900006025,2009-05-08,2009,mai,vendredi,15:40,75,75118,0,0,2,2,2,1,1,4,1,02,1,1,070,080,1,0,1,4,2,42,5,1,2,00,2,4,23,200900006025B01,7,2,1
200900006032,2009-05-09,2009,mai,samedi,22:46,75,75104,0,0,2,1,7,5,1,4,1,02,1,1,000,120,1,0,1,3,1,39,0,1,2,00,0,0,19,200900006032A01,,,
200900006040,2009-05-10,2009,mai,dimanche,15:10,75,75119,0,0,2,3,3,1,1,4,1,01,1,1,000,050,1,2,1,4,2,12,5,1,2,00,2,8,1,200900006040B01,33,17,1
200900006051,2009-05-11,2009,mai,lundi,84:0,75,75107,0,0,2,1,3,1,2,4,1,01,1,-1,000,050,2,0,0,4,1,43,0,1,2,00,2,0,1,200900006051B01,7,22,1
200900006057,2009-05-11,2009,mai,lundi,10:55,75,75111,0,0,2,1,3,1,2,4,2,03,1,1,000,105,2,0,1,4,1,61,1,1,2,00,2,2,7,200900006057A01,10,22,1
200900006061,2009-05-11,2009,mai,lundi,14:02,75,75104,0,0,2,1,3,1,1,4,2,03,1,-1,000,130,1,0,1,4,2,29,5,1,2,00,2,2,1,200900006061B01,7,22,1
200900006063,2009-05-11,2009,mai,lundi,18:25,75,75115,0,0,2,1,6,1,1,4,2,02,1,1,000,060,1,0,1,4,2,25,1,1,2,14,0,4,1,200900006063A01,,,
200900006072,2009-05-13,2009,mai,mercredi,15:15,75,75112,0,0,2,1,3,1,1,4,2,02,1,1,000,080,1,0,5,4,1,68,5,1,2,00,2,1,1,200900006072B01,7,15,1
200900006098,2009-05-12,2009,mai,mardi,16:05,75,75103,0,0,2,3,3,1,1,4,1,01,-1,-1,000,161,1,0,1,4,2,22,5,1,2,00,2,7,1,200900006098A01,7,16,1
200900006102,2009-05-12,2009,mai,mardi,17:50,75,75111,0,0,2,5,3,1,1,4,4,00,1,2,145,085,1,0,1,4,2,38,1,1,2,00,2,1,1,200900006102B01,7,1,1
200900006128,2009-03-11,2009,mars,mercredi,16:30,51,51550,0,0,1,1,2,1,1,3,2,02,2,1,000,069,1,0,1,3,1,63,5,1,2,00,2,4,13,200900006128A01,10,1,1
200900006138,2009-02-07,2009,février,samedi,15:00,31,31069,0,0,2,1,3,1,1,4,2,02,1,1,000,058,1,0,1,4,2,13,5,1,9,00,2,1,1,200900006138B01,7,1,1
200900006140,2009-02-01,2009,février,dimanche,20:30,31,31150,0.00004,0,2,1,2,3,8,3,2,02,-1,1,000,060,1,0,1,3,1,41,0,1,4,00,0,4,1,200900006140B01,7,1,1
200900006164,2009-02-07,2009,février,samedi,16:25,31,31555,0,0,2,1,3,1,1,4,2,02,1,1,000,125,1,0,1,4,2,37,0,1,2,00,2,0,1,200900006164B01,7,22,1
200900006174,2009-02-27,2009,février,vendredi,22:30,31,31555,0,0,2,1,1,3,1,4,1,00,1,1,000,000,1,0,1,4,2,25,0,1,9,00,2,0,0,200900006174B01,7,0,1
200900006189,2009-02-27,2009,février,vendredi,72:5,31,31555,0,0,2,1,3,2,1,4,2,04,1,1,000,120,1,0,1,4,2,19,1,1,4,00,2,4,1,200900006189B01,7,0,1
200900006191,2009-02-07,2009,février,samedi,11:10,31,31555,0,0,2,1,3,1,1,4,2,02,1,1,000,040,1,0,4,4,1,15,0,1,4,00,2,1,1,200900006191B01,7,0,1
200900006200,2009-02-05,2009,février,jeudi,18:15,31,31555,0,0,2,1,2,2,1,4,1,02,1,1,000,125,1,0,1,4,2,29,1,1,2,00,2,4,2,200900006200B01,10,1,1
200900006201,2009-02-13,2009,février,vendredi,18:10,31,31555,0,0,2,1,6,2,1,4,2,02,1,1,000,085,1,0,1,4,1,28,0,1,2,00,1,0,1,200900006201A01,7,1,1
200900006206,2009-02-06,2009,février,vendredi,20:0,31,31555,0,0,2,1,5,5,1,4,1,02,1,1,000,090,1,0,5,4,1,21,9,1,2,00,2,1,1,200900006206B01,7,5,1
200900006206,2009-02-06,2009,février,vendredi,20:0,31,31555,0,0,2,1,5,5,1,4,1,02,1,1,000,090,1,0,5,3,1,24,0,1,2,00,2,1,1,200900006206A01,7,5,1
200900006219,2009-02-28,2009,février,samedi,20:30,60,60089,0,0,1,1,3,3,1,3,2,02,1,1,000,070,1,0,1,3,1,44,1,1,2,00,2,8,1,200900006219A01,7,17,1
200900006237,2009-02-28,2009,février,samedi,16:50,60,60463,0,0,2,3,7,1,1,3,3,04,1,1,000,120,1,5,1,3,1,73,0,1,4,00,2,4,2,200900006237B01,7,2,1
200900006243,2009-03-20,2009,mars,vendredi,11:30,60,60159,0,0,2,7,6,1,1,4,-1,00,1,-1,000,000,1,6,4,1,1,9,5,1,9,00,1,1,1,200900006243A01,,,
200900006277,2009-01-02,2009,janvier,vendredi,20:10,85,85060,0,0,1,1,2,3,1,3,2,02,1,1,000,000,1,0,1,4,1,22,5,1,4,00,2,4,2,200900006277B01,7,2,1
200900006335,2009-03-07,2009,mars,samedi,17:20,85,85191,0.00004,NaN,2,3,3,1,1,4,2,01,1,1,000,060,1,0,1,4,1,15,5,1,9,00,0,8,9,200900006335A01,34,1,1
200900006386,2009-04-06,2009,avril,lundi,13:15,85,85069,0.00004,NaN,1,1,5,1,1,4,2,00,1,1,000,047,1,0,1,2,1,74,5,1,2,00,2,1,1,200900006386B02,7,13,1
200900006386,2009-04-06,2009,avril,lundi,13:15,85,85069,0.00004,NaN,1,1,5,1,1,4,2,00,1,1,000,047,1,0,1,2,2,71,5,1,2,00,2,1,1,200900006386C03,7,13,1
200900006400,2009-04-24,2009,avril,vendredi,11:45,85,85234,0.00004,NaN,2,6,3,1,1,4,3,02,1,-1,000,000,1,5,5,3,2,74,5,1,1,00,2,5,1,200900006400B02,99,16,1
200900006409,2009-04-03,2009,avril,vendredi,80:0,48,48061,0,0,2,1,1,1,1,4,2,01,1,1,000,000,2,0,1,4,1,13,2,1,1,00,2,1,5,200900006409A01,31,5,1
200900006451,2009-01-09,2009,janvier,vendredi,17:30,67,67482,0.00004,0,2,2,3,5,1,4,3,00,1,1,079,079,1,0,1,4,2,18,5,1,9,00,2,8,19,200900006451B01,7,15,1
200900006451,2009-01-09,2009,janvier,vendredi,17:30,67,67482,0.00004,0,2,2,3,5,1,4,3,00,1,1,079,079,1,0,1,1,1,18,5,1,9,00,2,8,19,200900006451B01,7,15,1
200900006453,2009-01-30,2009,janvier,vendredi,84:5,67,67482,0.00004,0,2,1,3,1,1,4,2,02,1,1,000,060,1,0,1,4,2,22,0,1,9,00,2,1,19,200900006453B01,7,1,1
200900006457,2009-01-08,2009,janvier,jeudi,12:20,67,67482,0.00004,0,2,2,5,1,1,4,2,02,1,1,000,060,1,0,1,4,2,16,2,1,4,00,2,1,1,200900006457C01,7,23/14,2
200900006458,2009-01-30,2009,janvier,vendredi,13:45,67,67482,0,0,2,3,1,1,1,4,1,01,1,1,000,045,1,0,1,4,1,35,0,1,9,00,2,1,5,200900006458A01,7,1,1
200900006463,2009-01-13,2009,janvier,mardi,18:20,67,67482,0,0,2,2,3,5,1,4,2,02,1,1,000,085,1,0,1,4,1,15,2,1,2,00,2,3,1,200900006463B01,7,1,1
200900006472,2009-01-22,2009,janvier,jeudi,93:5,67,67482,0,0,2,3,3,1,1,4,1,01,1,1,000,040,1,0,5,4,2,55,1,1,2,00,0,0,1,200900006472B01,7,15,1
200900006474,2009-01-28,2009,janvier,mercredi,18:40,67,67482,0.00004,0,2,2,6,2,1,4,2,02,1,1,000,000,1,0,1,4,2,55,0,1,2,00,2,1,0,200900006474B01,7,1,1
200900006477,2009-01-22,2009,janvier,jeudi,17:50,67,67447,0,0,2,9,3,5,1,4,2,02,1,3,000,070,1,5,1,4,1,56,1,1,9,00,2,8,19,200900006477B01,7,16,1
200900006488,2009-01-13,2009,janvier,mardi,16:45,67,67028,0.00004,0,2,1,3,1,1,4,2,02,1,2,000,000,1,0,1,3,1,59,5,1,1,00,2,1,1,200900006488B02,7,16,1
200900006503,2009-01-28,2009,janvier,mercredi,20:00,67,67482,0.00004,0,2,1,3,5,1,4,2,02,1,1,000,053,1,0,1,4,1,61,5,1,9,00,2,7,1,200900006503B01,7,1,1
200900006513,2009-01-13,2009,janvier,mardi,15:45,47,47157,0,0,2,1,1,1,1,3,4,03,1,1,000,000,1,5,1,3,1,82,5,1,2,00,2,6,11,200900006513B01,17,1,1
200900006518,2009-01-23,2009,janvier,vendredi,11:00,47,47052,0,0,2,3,3,1,3,3,2,02,1,1,000,076,2,0,1,3,2,83,3,1,1,00,2,7,1,200900006518A01,7,19,1
200900006537,2009-01-08,2009,janvier,jeudi,16:20,37,37261,0,0,2,1,3,1,8,4,2,01,1,1,000,041,2,0,1,3,1,75,5,1,9,00,2,8,1,200900006537B01,2,1,1
200900006547,2009-02-09,2009,février,lundi,75:0,37,37261,0,0,2,1,6,2,1,4,2,04,1,1,000,000,1,0,4,4,2,41,1,1,9,00,1,1,1,200900006547A01,,,
200900006552,2009-02-05,2009,février,jeudi,18:15,37,37188,0.00004,0,1,1,2,3,1,3,2,00,1,1,000,070,1,0,1,3,2,43,1,1,4,00,2,6,1,200900006552B02,3,1,1
200900006566,2009-02-20,2009,février,vendredi,10:15,53,53014,0,0,1,1,3,1,7,4,2,00,1,1,000,070,1,5,1,3,1,23,5,1,2,00,2,1,1,200900006566B02,7,11,1
200900006593,2009-02-09,2009,février,lundi,13:30,39,39056,0.00004,0,2,6,3,1,1,3,2,02,1,1,000,000,1,5,1,3,1,84,5,1,1,00,2,7,1,200900006593B02,7,1,1
200900006603,2009-04-01,2009,avril,mercredi,13:30,39,39015,0.00004,0,1,1,2,1,6,2,2,02,2,1,000,081,1,0,1,2,1,60,5,1,2,00,0,4,2,200900006603B02,7,17,1
200900006623,2009-01-03,2009,janvier,samedi,11:10,64,64445,0.00004,NaN,2,2,3,1,8,4,2,02,1,1,000,000,1,5,1,4,1,60,9,1,2,00,2,4,19,200900006623B01,7,16,1
200900006625,2009-01-04,2009,janvier,dimanche,17:35,64,64483,0.00004,NaN,2,1,3,1,1,3,2,02,3,1,000,080,1,0,1,3,1,39,5,1,2,00,2,4,2,200900006625B01,7,1,1
200900006627,2009-01-06,2009,janvier,mardi,75:0,64,64445,0.00004,NaN,2,2,3,1,1,4,2,01,1,1,000,000,1,0,1,4,1,59,5,1,9,00,2,2,15,200900006627B01,7,15,1
200900006668,2009-01-30,2009,janvier,vendredi,18:55,64,64260,0.00004,NaN,2,1,3,5,1,3,2,02,2,1,000,075,1,0,1,3,1,36,5,1,2,00,2,8,1,200900006668B01,7,15,1
200900006681,2009-01-27,2009,janvier,mardi,18:40,89,89287,0,0,2,3,3,5,1,4,2,02,1,1,000,062,1,0,1,3,1,31,1,1,4,00,2,0,1,200900006681B01,7,15,1
200900006696,2009-04-11,2009,avril,samedi,13:45,51,51636,0,0,2,1,1,1,1,3,2,02,1,3,000,060,1,0,1,4,1,12,5,1,2,00,2,1,13,200900006696B02,7,1,1
200900006697,2009-04-25,2009,avril,samedi,17:45,51,51217,0,0,1,1,7,1,2,3,2,02,1,1,000,070,1,0,1,4,1,46,1,1,2,00,2,8,1,200900006697A02,,,
200900006702,2009-04-04,2009,avril,samedi,19:00,51,51193,0,0,1,1,3,1,1,3,2,02,1,2,000,061,1,0,1,3,1,48,5,1,2,00,2,1,1,200900006702B02,7,19,1
200900006718,2009-02-04,2009,février,mercredi,18:10,64,64545,0.00004,NaN,1,1,2,1,3,3,2,02,1,1,000,000,1,0,1,4,1,65,5,1,4,00,2,4,1,200900006718B01,2,2,1
200900006758,2009-03-30,2009,mars,lundi,75:0,64,64129,0.00004,NaN,2,6,3,1,1,3,1,02,1,2,000,000,1,0,1,4,1,40,1,1,2,00,2,7,1,200900006758B01,7,9,1
200900006760,2009-03-13,2009,mars,vendredi,14:00,64,64445,0.00004,NaN,2,1,3,1,1,4,2,02,1,1,000,000,1,0,1,4,1,70,5,1,2,00,2,8,0,200900006760B01,7,9,1
200900006762,2009-03-09,2009,mars,lundi,84:5,64,64445,0.00004,NaN,2,1,6,1,2,4,2,01,1,1,000,000,2,0,1,4,1,23,9,1,2,00,2,4,9,200900006762B01,7,9,1
200900006791,2009-03-17,2009,mars,mardi,14:10,64,64483,0.00004,NaN,2,1,3,1,1,3,2,02,1,1,000,000,1,2,1,3,2,67,5,1,2,00,2,8,13,200900006791B01,7,17,1
200900006799,2009-03-25,2009,mars,mercredi,10:20,64,64445,0.00004,NaN,2,1,2,1,1,3,2,02,1,1,000,000,1,0,1,4,1,59,5,1,2,00,2,1,1,200900006799A01,10,0,1
200900006803,2009-03-20,2009,mars,vendredi,14:45,64,64165,0.00004,NaN,1,1,3,1,1,3,2,00,2,1,000,000,1,0,1,3,1,55,5,1,2,00,2,7,17,200900006803B02,17,15,1
200900006808,2009-03-22,2009,mars,dimanche,10:30,64,64471,0.00004,NaN,1,1,2,1,1,3,2,02,-1,1,000,070,1,0,0,3,1,71,5,1,2,00,2,4,2,200900006808B02,7,2,1
200900006813,2009-03-25,2009,mars,mercredi,17:20,64,64237,0.00004,NaN,2,6,6,1,1,3,1,01,1,2,000,000,1,0,1,4,1,38,5,1,2,00,2,7,1,200900006813B01,7,9,1
200900006815,2009-03-26,2009,mars,jeudi,93:5,64,64024,0.00004,NaN,2,3,7,1,1,4,-1,02,1,1,000,070,1,0,0,3,1,76,5,1,2,00,2,8,19,200900006815A01,10,16,1
200900006816,2009-03-26,2009,mars,jeudi,18:00,64,64443,0.00004,NaN,1,3,3,1,7,3,2,00,1,1,000,061,1,0,1,3,1,75,5,1,2,00,2,7,1,200900006816B02,7,15,1
200900006817,2009-03-26,2009,mars,jeudi,18:45,64,64445,0.00004,NaN,2,6,3,1,1,4,1,02,1,2,000,000,-1,0,1,4,2,31,5,1,2,00,2,0,1,200900006817B01,7,9,1
200900006823,2009-03-31,2009,mars,mardi,17:45,64,64129,0.00004,NaN,2,3,3,1,1,4,2,02,1,1,000,000,1,0,1,4,2,14,5,1,2,00,2,1,15,200900006823A01,7,1,1
200900006832,2009-02-21,2009,février,samedi,13:45,47,47252,0,0,2,6,3,1,1,4,1,00,1,-1,000,000,1,5,1,3,1,59,5,1,2,00,2,1,1,200900006832B02,7,1,1
200900006833,2009-02-17,2009,février,mardi,84:5,47,47157,0,0,1,1,1,1,1,3,3,02,1,1,030,064,1,5,1,3,1,78,5,1,1,00,2,2,1,200900006833A01,7,15,1
200900006846,2009-04-02,2009,avril,jeudi,10:45,64,64445,0.00004,NaN,2,6,6,1,1,4,1,02,1,-1,000,079,1,5,1,3,2,55,5,1,2,00,2,7,1,200900006846B01,7,9,1
200900006854,2009-04-03,2009,avril,vendredi,10:00,64,64445,0.00004,NaN,2,1,6,1,1,4,2,01,1,1,000,000,-1,0,1,1,1,43,5,1,2,00,1,1,0,200900006854A01,,,
200900006875,2009-04-03,2009,avril,vendredi,12:45,64,64213,0.00004,NaN,2,1,3,1,1,3,2,00,2,2,000,084,1,0,1,3,1,54,5,1,2,00,2,1,1,200900006875A01,7,19,1
200900006878,2009-04-17,2009,avril,vendredi,16:05,64,64122,0.00004,NaN,2,1,6,1,1,4,1,01,2,1,000,077,1,0,0,3,1,66,5,1,2,01,0,1,0,200900006878A01,,,
200900006887,2009-04-21,2009,avril,mardi,17:40,64,64189,0.00004,NaN,2,1,6,1,1,3,2,02,1,1,000,000,1,0,1,3,1,16,5,1,9,00,0,1,2,200900006887A01,,,
200900006889,2009-04-24,2009,avril,vendredi,11:30,64,64029,0.00004,NaN,2,1,1,1,1,3,2,00,3,1,000,090,1,0,3,3,1,75,5,1,2,00,0,0,0,200900006889A01,7,0,1
200900006899,2009-04-29,2009,avril,mercredi,16:25,64,64445,0.00004,NaN,2,6,6,1,1,4,2,02,1,2,000,078,1,0,1,4,2,18,9,1,9,00,2,1,2,200900006899B01,7,2,1
200900006913,2009-03-23,2009,mars,lundi,17:30,12,12138,0.00004,0,2,1,1,1,1,3,2,02,1,1,019,057,1,0,1,4,1,6,2,1,2,00,2,7,19,200900006913B02,7,1,1
200900006957,2009-01-26,2009,janvier,lundi,12:15,59,59155,0,0,2,1,2,1,1,4,2,02,1,1,000,060,1,0,1,4,2,35,1,1,2,00,2,1,1,200900006957B01,7,16,1
200900006958,2009-01-07,2009,janvier,mercredi,10:45,59,59350,0,0,2,1,3,1,1,4,2,02,1,1,000,000,1,0,1,4,1,38,4,1,9,00,2,7,1,200900006958B01,7,1,1
200900006961,2009-01-02,2009,janvier,vendredi,17:45,59,59172,0,0,2,1,6,5,8,4,2,01,1,1,000,062,2,0,1,4,2,45,4,1,9,01,0,1,1,200900006961A01,7,22,1
200900006989,2009-01-21,2009,janvier,mercredi,18:25,59,59350,0,0,2,3,6,5,1,4,3,04,1,1,000,000,1,0,1,4,1,30,0,1,4,00,2,1,0,200900006989B01,7,16,1
200900007015,2009-01-30,2009,janvier,vendredi,15:45,59,59335,0,0,2,1,1,1,7,3,2,02,1,1,000,060,1,0,1,3,1,52,5,1,2,00,2,1,1,200900007015B02,7,15,1
200900007045,2009-01-05,2009,janvier,lundi,81:5,59,59328,0,0,2,3,3,5,4,3,2,02,1,1,000,090,5,0,1,4,2,49,1,1,4,00,2,1,1,200900007045B01,7,15,1
200900007046,2009-01-16,2009,janvier,vendredi,82:0,59,59207,0,0,2,1,3,1,1,3,2,02,1,2,000,070,2,0,1,4,2,13,0,1,9,00,2,1,0,200900007046B01,7,1,1
200900007053,2009-01-30,2009,janvier,vendredi,90:0,59,59179,0,0,2,1,3,1,9,4,1,02,1,1,067,036,7,0,1,3,2,34,4,1,2,00,2,7,19,200900007053B01,7,1,1
200900007111,2009-02-12,2009,février,jeudi,83:0,59,59350,0,0,2,1,6,1,4,4,2,02,1,1,000,000,7,0,1,4,1,40,1,1,2,00,2,1,1,200900007111B01,7,1,1
200900007129,2009-02-03,2009,février,mardi,19:00,59,59410,0,0,2,1,3,5,1,4,2,02,1,1,000,070,1,0,1,4,1,61,1,1,2,01,0,1,1,200900007129B01,7,24,1
200900007140,2009-02-06,2009,février,vendredi,14:55,59,59205,0,0,2,1,3,1,1,4,2,02,1,1,000,076,1,0,1,3,1,80,3,1,9,00,2,1,1,200900007140B01,15,17,1
200900007148,2009-02-06,2009,février,vendredi,74:8,59,59131,0,0,2,1,6,2,1,4,2,02,1,1,000,066,1,0,1,3,2,53,1,1,2,01,0,0,1,200900007148B01,7,22,1
200900007208,2009-02-18,2009,février,mercredi,22:00,59,59183,0,0,2,1,2,5,1,4,1,03,1,1,000,086,1,2,1,4,1,21,5,1,9,00,2,4,1,200900007208B01,10,1,1
200900007210,2009-02-21,2009,février,samedi,17:15,59,59155,0,0,2,1,3,1,1,3,2,02,1,1,000,000,1,0,1,3,2,44,1,1,2,00,2,1,1,200900007210B01,33,16,1
200900007256,2009-04-24,2009,avril,vendredi,16:20,64,64102,0.00004,NaN,2,1,7,1,1,4,1,01,1,1,000,000,1,0,1,4,1,26,0,1,2,00,2,1,5,200900007256A01,7,1,1
200900007318,2009-01-10,2009,janvier,samedi,12:15,65,65440,0,0,2,6,6,1,1,4,-1,02,1,2,000,000,1,0,1,4,1,79,3,1,9,00,2,3,1,200900007318B01,7,1,1
200900007337,2009-01-30,2009,janvier,vendredi,10:35,38,38185,0,0,2,1,3,1,1,4,3,04,1,1,000,100,1,0,1,3,1,80,4,1,2,00,2,8,19,200900007337B01,40,1,1
200900007376,2009-01-30,2009,janvier,vendredi,94:0,38,38185,0,0,2,1,6,1,1,4,2,02,1,1,000,055,1,0,1,4,2,20,2,1,4,00,2,1,19,200900007376B01,7,21,1
200900007385,2009-02-04,2009,février,mercredi,11:15,38,38068,0.00004,0,1,1,3,1,1,3,2,00,-1,1,000,100,1,0,5,3,1,40,5,1,9,00,2,0,1,200900007385B02,7,17,1
200900007407,2009-02-03,2009,février,mardi,16:10,38,38185,0,0,2,1,3,1,1,4,2,04,1,1,000,140,1,0,5,3,1,24,0,1,9,00,2,1,1,200900007407B01,37,16,1
200900007485,2009-04-01,2009,avril,mercredi,17:53,49,49007,0,0,2,1,3,1,2,4,-1,01,1,1,000,000,1,0,1,4,1,25,0,1,2,00,2,1,0,200900007485A01,7,0,1
200900007518,2009-04-22,2009,avril,mercredi,90:5,49,49007,0,0,2,1,3,1,1,4,-1,02,1,1,000,057,1,0,1,4,2,45,0,1,2,00,2,0,19,200900007518B01,7,0,1
200900007519,2009-04-18,2009,avril,samedi,18:20,49,49007,0,0,2,1,7,1,1,4,-1,01,1,1,000,000,2,0,0,4,1,6,0,1,2,00,0,0,0,200900007519A01,,,
200900007526,2009-04-20,2009,avril,lundi,17:10,49,49007,0,0,2,1,7,1,1,4,-1,02,1,1,000,030,1,0,1,4,1,14,0,1,2,00,0,0,0,200900007526A01,,,
200900007536,2009-04-17,2009,avril,vendredi,42:6,49,49353,0,0,2,1,2,3,1,3,2,00,1,1,000,000,1,0,1,4,1,21,0,1,2,00,2,1,0,200900007536B01,30,0,1
200900007575,2009-03-18,2009,mars,mercredi,84:5,68,68224,0,0,2,6,3,1,7,3,2,02,1,1,000,000,1,5,1,4,2,31,1,1,2,00,2,7,1,200900007575B01,7,9,1
200900007593,2009-03-18,2009,mars,mercredi,19:15,68,68063,0.00004,0,2,2,3,2,1,3,2,02,1,1,,,1,0,1,3,1,14,0,1,9,00,2,1,1,200900007593B02,7,1,1
200900007598,2009-03-20,2009,mars,vendredi,17:45,68,68301,0,0,1,1,5,1,1,3,2,02,1,1,000,070,1,0,1,3,1,51,1,1,1,00,2,0,13,200900007598B02,7,17/24,2
200900007624,2009-02-06,2009,février,vendredi,74:5,32,32307,0.00004,0,1,1,3,2,1,3,2,02,1,1,000,000,1,0,1,4,1,46,1,1,4,00,2,8,1,200900007624B02,7,1,1
200900007640,2009-03-23,2009,mars,lundi,13:45,47,47201,0,0,2,1,3,1,1,4,2,,1,1,020,058,1,0,1,3,1,12,2,1,2,00,2,8,19,200900007640A01,7,1,1
200900007644,2009-03-05,2009,mars,jeudi,19:15,47,47310,0,0,2,2,1,2,1,4,2,02,1,1,000,094,2,0,1,3,1,62,5,1,4,00,2,4,2,200900007644B02,7,2,1
200900007655,2009-03-15,2009,mars,dimanche,16:45,47,47175,0,0,1,1,2,1,1,3,2,02,1,1,000,057,1,0,1,4,2,57,5,1,1,00,0,6,1,200900007655B02,3,1,1
200900007691,2009-02-05,2009,février,jeudi,18:40,73,73065,0,0,2,3,3,5,1,4,3,03,1,1,000,075,1,5,5,4,2,21,3,1,9,00,2,1,5,200900007691A01,7,16,1
200900007711,2009-02-14,2009,février,samedi,95:5,36,36202,0.00004,0,1,1,3,1,1,4,2,02,1,1,000,060,1,0,1,4,2,73,5,1,2,00,2,1,13,200900007711B01,7,17,1
200900007734,2009-03-30,2009,mars,lundi,17:11,36,36202,0,0,1,1,3,1,1,4,2,02,1,4,000,110,1,0,1,4,1,17,4,1,4,00,2,3,13,200900007734A01,7,1,1
200900007735,2009-03-31,2009,mars,mardi,14:00,36,36044,0.00004,0,2,1,3,1,1,4,2,02,1,1,020,115,1,0,1,4,1,20,4,1,4,00,2,3,1,200900007735B01,7,16,1
200900007769,2009-03-27,2009,mars,vendredi,11:15,73,73252,0.00004,0,2,1,3,1,1,3,2,00,-1,1,050,000,1,0,1,4,1,64,5,1,2,00,2,1,1,200900007769B02,7,15,1