Num_Acc,date,an,mois,jour,hrmn,dep,com,lat,long,agg,int,col,lum,atm,catr,circ,nbv,prof,plan,lartpc,larrout,surf,infra,situ,grav,sexe,age,trajet,secuexist,equipement,obs,obsm,choc,manv,vehiculeid,typevehicules,manoeuvehicules,numVehicules
200900007781,2009-03-21,2009,mars,samedi,12:12,17,17333,0,0,2,1,3,1,1,4,-1,02,-1,-1,000,000,-1,0,1,4,1,70,0,1,9,00,2,0,0,200900007781B01,7,0,1
200900007814,2009-03-24,2009,mars,mardi,18:45,17,17197,0.00004,NaN,1,1,3,1,1,3,2,02,2,1,000,064,1,0,1,4,1,21,3,1,2,00,0,8,1,200900007814B02,7,17,1
200900007839,2009-04-02,2009,avril,jeudi,17:45,68,68011,0.00004,0,2,4,3,1,7,3,2,02,1,1,074,000,1,0,1,3,1,39,5,1,2,00,2,1,1,200900007839B02,7,15,1
200900007848,2009-04-07,2009,avril,mardi,10:19,68,68066,0,0,2,1,3,1,1,3,2,02,1,1,000,090,1,0,5,4,2,54,5,1,2,00,2,2,1,200900007848B01,7,15,1
200900007866,2009-04-14,2009,avril,mardi,13:30,68,68166,0,0,2,1,2,1,1,3,2,02,1,3,000,080,1,0,1,3,2,33,1,1,9,00,2,1,2,200900007866B01,7,17,1
200900007880,2009-04-23,2009,avril,jeudi,16:52,68,68066,0,0,2,2,3,1,1,3,2,03,1,1,000,140,1,0,1,4,1,46,5,1,2,00,2,8,1,200900007880B01,30,1,1
200900007896,2009-04-20,2009,avril,lundi,18:00,36,36150,0.00004,0,1,1,3,1,1,3,2,02,4,1,000,060,1,0,1,3,1,52,5,1,2,00,0,8,1,200900007896B02,7,17,1
200900007906,2009-03-04,2009,mars,mercredi,11:00,05,05179,0,0,2,1,3,1,2,3,2,02,1,1,010,060,1,0,1,3,1,84,3,1,2,00,,3,1,200900007906B02,14,17,1
200900007910,2009-02-02,2009,février,lundi,18:30,95,95018,0.00004,0,2,3,4,5,2,4,2,02,1,1,000,040,1,0,1,4,1,12,0,1,2,00,2,0,19,200900007910B01,7,15/1,2
200900007966,2009-04-14,2009,avril,mardi,15:35,19,19031,0.00004,0,2,1,2,1,1,3,2,03,1,1,000,000,1,0,1,4,1,69,5,1,2,00,0,0,0,200900007966A01,7,0,1
200900008025,2009-03-15,2009,mars,dimanche,94:0,10,10387,0,0,2,1,3,1,1,4,2,02,1,1,000,070,1,0,1,4,1,14,5,1,9,00,2,1,1,200900008025A01,7,1,1
200900008046,2009-03-08,2009,mars,dimanche,91:5,32,32464,0.00004,0,1,1,5,1,8,2,2,02,1,1,000,069,1,0,1,3,1,44,5,1,2,00,2,4,1,200900008046C03,7,1,1
200900008046,2009-03-08,2009,mars,dimanche,91:5,32,32464,0.00004,0,1,1,5,1,8,2,2,02,1,1,000,069,1,0,1,4,1,48,5,1,2,00,2,4,1,200900008046E05,7,1,1
200900008046,2009-03-08,2009,mars,dimanche,91:5,32,32464,0.00004,0,1,1,5,1,8,2,2,02,1,1,000,069,1,0,1,2,1,55,5,1,2,00,2,4,1,200900008046B02,7,1,1
200900008046,2009-03-08,2009,mars,dimanche,91:5,32,32464,0.00004,0,1,1,5,1,8,2,2,02,1,1,000,069,1,0,1,3,1,73,5,1,2,00,2,4,1,200900008046D04,7,1,1
200900008046,2009-03-08,2009,mars,dimanche,91:5,32,32464,0.00004,0,1,1,5,1,8,2,2,02,1,1,000,069,1,0,1,3,1,43,5,1,2,00,2,4,1,200900008046H08,7,1,1
200900008046,2009-03-08,2009,mars,dimanche,91:5,32,32464,0.00004,0,1,1,5,1,8,2,2,02,1,1,000,069,1,0,1,3,1,54,5,1,2,00,2,4,1,200900008046F06,7,1,1
200900008046,2009-03-08,2009,mars,dimanche,91:5,32,32464,0.00004,0,1,1,5,1,8,2,2,02,1,1,000,069,1,0,1,3,1,37,5,1,2,00,2,4,1,200900008046G07,7,1,1
200900008046,2009-03-08,2009,mars,dimanche,91:5,32,32464,0.00004,0,1,1,5,1,8,2,2,02,1,1,000,069,1,0,1,4,1,46,5,1,2,00,2,4,1,200900008046J10,7,1,1
200900008046,2009-03-08,2009,mars,dimanche,91:5,32,32464,0.00004,0,1,1,5,1,8,2,2,02,1,1,000,069,1,0,1,3,1,51,5,1,2,00,2,4,1,200900008046I09,7,1,1
200900008050,2009-03-16,2009,mars,lundi,82:0,32,32013,0.00004,0,2,3,6,1,1,3,2,02,1,1,000,070,1,0,1,4,1,60,5,1,2,00,2,1,2,200900008050B01,7,16,1
200900008067,2009-01-26,2009,janvier,lundi,13:15,15,15119,0,-0,2,1,1,1,1,4,2,00,1,3,000,000,1,0,1,4,1,14,2,1,8,00,2,8,9,200900008067B02,7,1,1
200900008075,2009-01-09,2009,janvier,vendredi,10:00,55,55545,0,0,2,1,3,1,1,3,2,02,1,1,000,000,1,0,1,4,2,19,0,1,4,00,2,3,2,200900008075B01,7,2,1
200900008088,2009-03-16,2009,mars,lundi,15:05,41,41269,0,0,2,2,3,1,1,4,2,02,1,1,000,064,1,0,1,4,2,58,5,1,9,00,2,1,15,200900008088B01,30,1,1
200900008094,2009-03-02,2009,mars,lundi,17:10,41,41269,0,0,2,1,3,1,1,4,2,02,1,1,000,000,1,0,1,4,1,6,5,1,9,00,2,1,19,200900008094A01,7,1,1
200900008132,2009-03-07,2009,mars,samedi,20:00,28,28140,0.00004,0,1,1,7,3,1,3,2,02,1,1,004,070,1,0,1,3,1,38,0,1,4,12,0,1,1,200900008132A01,,,
200900008282,2009-04-29,2009,avril,mercredi,17:00,88,88528,0.00004,0,1,1,1,1,1,4,2,02,2,3,000,035,1,0,1,3,1,55,5,1,2,00,2,1,1,200900008282B02,10,1,1
200900008324,2009-04-14,2009,avril,mardi,17:45,73,73079,0,0,2,4,1,1,1,3,2,02,1,2,,065,1,0,0,3,2,11,5,1,2,00,2,1,1,200900008324B02,2,1,1
200900008327,2009-04-10,2009,avril,vendredi,15:20,73,73029,0,0,2,3,5,1,1,3,2,02,1,1,000,070,1,5,1,4,1,66,5,1,2,00,2,1,1,200900008327A01,7,0,1
200900008327,2009-04-10,2009,avril,vendredi,15:20,73,73029,0,0,2,3,5,1,1,3,2,02,1,1,000,070,1,5,1,4,2,55,5,1,2,00,2,8,0,200900008327B01,7,0,1
200900008328,2009-04-15,2009,avril,mercredi,13:45,73,73065,0,0,2,1,2,1,1,3,2,02,2,2,000,080,1,0,1,3,1,68,5,1,2,00,2,4,2,200900008328B01,7,2,1
200900008329,2009-04-07,2009,avril,mardi,70:5,73,73065,0,0,2,3,3,1,1,3,2,02,1,1,000,090,1,5,1,4,2,46,1,1,4,00,2,7,0,200900008329B01,7,15,1
200900008330,2009-04-20,2009,avril,lundi,64:5,73,73171,0,0,2,4,3,1,1,4,2,02,1,1,000,055,1,0,0,3,1,52,1,1,2,00,2,3,19,200900008330B02,7,1,1
200900008347,2009-04-09,2009,avril,jeudi,11:45,73,73081,0,0,1,1,3,1,1,3,2,02,1,2,000,070,1,0,1,4,1,58,5,1,2,00,2,3,2,200900008347B02,7,17,1
200900008355,2009-04-14,2009,avril,mardi,17:15,81,81066,0.00004,0,1,3,3,1,1,2,2,00,1,1,036,071,1,5,1,2,1,65,5,1,2,00,2,9,1,200900008355A01,14,16,1
200900008365,2009-03-27,2009,mars,vendredi,11:15,46,46102,0.00004,0,2,1,2,1,1,4,1,02,1,1,000,000,1,0,1,3,2,19,1,1,1,00,2,4,2,200900008365B02,15,2,1
200900008396,2009-01-30,2009,janvier,vendredi,18:15,25,25133,0.00004,0,2,1,2,3,1,3,2,00,1,2,000,060,2,0,1,3,1,78,5,1,1,00,2,4,1,200900008396B02,10,1,1
200900008466,2009-02-20,2009,février,vendredi,13:15,25,25047,0.00004,0,2,1,3,1,1,4,2,02,1,1,000,093,1,0,1,3,2,13,2,1,1,00,2,1,19,200900008466A01,37,16,1
200900008471,2009-03-06,2009,mars,vendredi,12:25,51,51454,0,0,2,1,3,1,1,4,2,02,1,1,000,078,1,0,1,3,1,21,5,1,2,00,2,7,1,200900008471A01,10,1,1
200900008475,2009-03-22,2009,mars,dimanche,17:35,51,51454,0,0,2,6,1,1,1,4,1,01,1,3,000,120,1,5,1,4,2,37,5,1,2,00,2,3,5,200900008475A01,7,1,1
200900008480,2009-04-01,2009,avril,mercredi,13:35,51,51454,0,0,2,3,3,1,1,4,1,01,3,1,000,000,1,0,1,4,1,55,5,1,2,00,2,1,17,200900008480B01,10,15,1
200900008487,2009-04-10,2009,avril,vendredi,19:45,01,01171,0.00004,0,1,1,1,1,1,3,2,02,2,4,000,040,1,0,1,4,1,56,5,1,1,00,2,4,1,200900008487B02,7,13,1
200900008503,2009-04-03,2009,avril,vendredi,17:15,01,01379,0.00004,0,2,1,3,1,1,3,2,02,1,1,010,076,1,0,1,3,2,60,5,1,2,00,2,6,1,200900008503B02,7,17,1
200900008537,2009-03-16,2009,mars,lundi,13:25,74,74010,0,0,2,2,3,1,1,4,1,01,1,-1,000,040,1,0,0,4,1,36,0,1,9,00,0,0,1,200900008537B01,10,1,1
200900008538,2009-03-16,2009,mars,lundi,16:00,74,74234,0,0,1,1,7,1,1,3,2,02,2,1,000,050,1,0,1,2,2,70,5,1,2,00,0,0,1,200900008538A01,,,
200900008544,2009-03-21,2009,mars,samedi,11:30,74,74242,0,0,2,3,1,1,1,4,,,,,,,,,1,3,2,71,3,1,9,00,2,8,9,200900008544A01,7,21,1
200900008591,2009-03-14,2009,mars,samedi,17:00,38,38198,0,0,2,2,1,1,1,4,2,02,1,1,000,063,1,0,1,3,2,63,5,1,1,00,2,2,1,200900008591B02,10,1,1
200900008599,2009-03-20,2009,mars,vendredi,17:45,38,38454,0,0,1,8,1,1,1,9,2,02,-1,1,000,000,9,4,1,2,1,12,3,1,2,00,4,7,1,200900008599B02,39,1,1
200900008611,2009-03-15,2009,mars,dimanche,10:30,38,38176,0,0,2,1,1,1,1,3,2,02,1,1,000,070,1,0,1,3,2,37,5,1,2,00,2,1,13,200900008611A01,7,1,1
200900008670,2009-04-24,2009,avril,vendredi,15:01,25,25056,0,0,2,1,6,1,1,4,2,01,1,1,000,000,1,0,1,1,1,47,5,1,2,00,1,1,1,200900008670A01,,,
200900008673,2009-04-08,2009,avril,mercredi,10:20,25,25580,0,0,2,1,6,1,1,4,-1,01,1,1,000,045,1,1,1,3,2,71,3,1,9,00,2,8,0,200900008673B01,,,
200900008677,2009-04-11,2009,avril,samedi,15:30,25,25031,0,0,2,1,3,1,1,4,2,02,1,1,000,042,1,0,1,4,1,12,5,1,9,00,2,5,9,200900008677A01,33,1,1
200900008678,2009-04-02,2009,avril,jeudi,20:13,25,25056,0,0,2,1,6,2,1,4,1,01,1,1,000,038,1,0,1,4,1,25,5,1,2,00,2,1,18,200900008678B01,7,22,1
200900008687,2009-04-09,2009,avril,jeudi,18:30,25,25244,0.00004,0,1,1,7,1,1,3,2,02,1,3,000,059,1,0,3,3,1,54,5,1,1,00,0,0,1,200900008687A01,,,
200900008691,2009-04-25,2009,avril,samedi,13:00,25,25393,0.00004,0,2,1,1,1,1,3,2,02,2,-1,000,045,1,0,1,3,1,13,5,1,1,00,2,1,13,200900008691A01,7,1,1
200900008710,2009-06-01,2009,juin,lundi,13:55,75,75110,0,0,2,1,6,1,1,4,-1,01,1,1,000,000,1,0,5,1,1,30,0,1,2,00,1,1,1,200900008710A01,,,
200900008712,2009-06-01,2009,juin,lundi,15:15,75,75107,0,0,2,2,3,1,1,4,1,03,1,1,000,080,1,0,1,4,1,28,1,1,2,00,2,8,16,200900008712B01,7,16,1
200900008713,2009-06-01,2009,juin,lundi,15:15,75,75111,0,0,2,1,6,1,1,4,1,00,1,1,000,050,1,0,4,1,1,8,5,1,2,00,1,2,2,200900008713A01,,,
200900008732,2009-06-02,2009,juin,mardi,11:50,75,75109,0,0,2,1,6,1,1,4,1,00,1,1,000,040,1,0,1,1,1,29,1,1,2,00,1,1,1,200900008732A01,,,
200900008757,2009-06-03,2009,juin,mercredi,92:0,75,75119,0,0,2,2,3,1,1,4,1,01,1,1,000,071,1,0,1,4,2,55,1,1,2,00,2,1,1,200900008757B01,7,15,1
200900008759,2009-06-03,2009,juin,mercredi,10:55,75,75102,0,0,2,1,7,1,1,4,1,01,2,1,000,055,1,0,1,4,2,29,4,1,2,00,0,0,1,200900008759A01,,,
200900008764,2009-06-03,2009,juin,mercredi,12:15,75,75119,0,0,2,1,3,1,1,4,1,02,1,1,000,000,1,0,5,4,1,31,1,1,2,00,2,1,1,200900008764A01,7,16,1
200900008777,2009-06-03,2009,juin,mercredi,17:45,75,75111,0,0,2,5,2,1,1,4,2,02,2,1,000,070,1,0,1,3,1,42,5,1,2,00,2,8,15,200900008777B01,7,1,1
200900008783,2009-06-03,2009,juin,mercredi,20:30,75,75110,0,0,2,1,6,1,1,4,2,,1,1,000,150,1,0,1,1,1,18,5,1,2,00,2,1,19,200900008783B01,2,7,1
200900008790,2009-06-04,2009,juin,jeudi,85:5,75,75109,0,0,2,1,3,1,1,4,1,05,1,1,000,100,1,0,1,4,1,45,1,1,2,00,2,4,11,200900008790B01,32,1,1
200900008792,2009-06-04,2009,juin,jeudi,93:5,75,75110,0,0,2,1,3,2,1,4,1,01,1,1,000,060,1,0,1,4,2,37,1,1,2,00,2,1,1,200900008792B01,7,22,1
200900008814,2009-06-04,2009,juin,jeudi,18:57,75,75113,0,0,2,2,3,1,1,4,3,00,1,1,000,100,1,0,1,4,1,30,5,1,2,00,2,1,1,200900008814B01,7,15,1
200900008821,2009-06-06,2009,juin,samedi,1:,75,75119,0,0,2,1,6,5,1,4,1,00,1,1,040,070,1,0,1,3,1,18,0,1,2,01,2,7,1,200900008821A01,7,13,1
200900008835,2009-06-06,2009,juin,samedi,19:10,75,75112,0,0,2,2,3,1,1,4,1,02,1,1,000,060,1,0,1,4,1,20,5,1,2,00,2,7,1,200900008835A01,32,1,1
200900008861,2009-06-05,2009,juin,vendredi,30:5,75,75113,0,0,2,1,6,5,1,4,3,,2,1,000,000,1,0,1,4,1,41,5,1,2,14,0,1,12,200900008861A01,,,
200900008866,2009-06-05,2009,juin,vendredi,95:5,75,75110,0,0,2,3,3,1,1,4,1,01,-1,-1,000,025,1,0,1,4,1,26,5,1,2,00,2,1,1,200900008866A01,7,16,1
200900008871,2009-06-05,2009,juin,vendredi,11:50,75,75114,0,0,2,1,3,1,1,4,1,02,-1,1,000,020,-1,0,1,4,2,23,5,1,2,00,2,1,1,200900008871B01,7,22,1
200900008872,2009-06-05,2009,juin,vendredi,13:00,75,75107,0,0,2,2,3,1,1,4,2,00,1,1,000,000,1,5,1,4,1,49,0,1,2,00,2,7,1,200900008872B01,7,1,1
200900008880,2009-06-05,2009,juin,vendredi,15:50,75,75113,0,0,2,2,3,1,1,4,-1,01,1,1,000,144,1,0,1,4,1,24,5,1,2,00,2,1,1,200900008880B01,7,15,1
200900008881,2009-06-05,2009,juin,vendredi,16:30,75,75101,0,0,2,1,3,1,1,4,1,00,1,-1,000,136,1,0,5,4,2,27,5,1,2,00,2,0,1,200900008881B01,7,22,1
200900008887,2009-06-05,2009,juin,vendredi,18:30,75,75115,0,0,2,5,3,1,1,4,1,02,1,1,000,000,1,0,1,4,1,30,5,1,2,00,2,8,19,200900008887B01,7,1,1
200900008918,2009-06-09,2009,juin,mardi,90:0,75,75109,0,0,2,1,7,1,1,4,1,02,1,1,000,000,1,0,1,4,1,54,1,1,2,00,0,3,21,200900008918A01,,,
200900008920,2009-06-09,2009,juin,mardi,93:0,75,75117,0,0,2,1,4,1,1,4,2,02,2,1,000,000,1,0,1,4,1,38,1,1,2,00,2,2,1,200900008920B01,7/ 13,1/22,2
200900008922,2009-06-09,2009,juin,mardi,10:55,75,75111,0,0,2,1,3,1,1,4,1,01,1,1,000,050,2,0,1,4,1,47,5,1,2,00,2,1,14,200900008922B01,7,24,1
200900008944,2009-06-10,2009,juin,mercredi,12:0,75,75118,0,0,2,1,2,5,1,4,2,02,2,2,000,100,1,0,1,4,1,31,0,1,2,00,2,1,2,200900008944A01,7,23,1
200900008949,2009-06-10,2009,juin,mercredi,85:0,75,75117,0,0,2,1,3,1,1,4,1,01,1,1,000,037,1,0,1,4,2,30,1,1,2,00,2,1,1,200900008949B01,7,22,1
200900008967,2009-06-10,2009,juin,mercredi,18:50,75,75112,0,0,2,1,7,1,3,4,1,02,1,1,000,060,2,0,5,4,2,56,5,1,9,00,0,0,0,200900008967A01,,,
200900008972,2009-06-11,2009,juin,jeudi,81:0,75,75114,0,0,2,2,3,1,1,4,1,03,1,1,000,155,1,0,1,4,2,51,1,1,4,00,0,1,19,200900008972B01,7,12,1
200900008977,2009-06-11,2009,juin,jeudi,13:15,75,75107,0,0,2,2,3,2,1,4,3,01,1,1,000,080,1,5,1,4,1,87,5,1,4,00,2,8,1,200900008977B01,7,1,1
200900008978,2009-06-11,2009,juin,jeudi,13:29,75,75112,0,0,2,1,3,1,1,4,2,02,1,1,000,080,1,0,1,4,2,28,5,1,9,00,2,8,0,200900008978A01,7,2,1
200900008983,2009-06-11,2009,juin,jeudi,15:30,75,75102,0,0,2,2,3,1,1,4,1,03,1,1,000,000,1,5,1,4,1,19,0,1,2,00,0,3,15,200900008983A01,7,2,1
200900009008,2009-06-12,2009,juin,vendredi,10:20,75,75102,0,0,2,2,6,1,1,4,1,01,1,1,000,055,1,0,1,4,1,41,1,1,9,00,2,4,2,200900009008B01,7,2,1
200900009012,2009-06-12,2009,juin,vendredi,12:35,75,75114,0,0,2,1,6,1,1,4,1,01,1,1,000,000,1,0,0,1,1,25,0,1,9,00,1,1,1,200900009012A01,,,
200900009022,2009-06-12,2009,juin,vendredi,20:15,75,75107,0,0,2,1,3,1,1,4,2,03,1,1,000,120,1,0,1,4,1,29,1,1,9,00,0,0,3,200900009022B01,7,0,1
200900009025,2009-06-13,2009,juin,samedi,42:0,75,75102,0,0,2,2,3,5,1,4,1,01,2,-1,000,000,1,0,1,4,1,23,0,1,9,00,2,1,0,200900009025B01,7,0,1
200900009027,2009-06-13,2009,juin,samedi,75:5,75,75116,0,0,2,2,3,1,1,4,2,02,1,1,000,000,-1,0,1,4,1,32,4,1,9,00,2,7,1,200900009027A01,7,1,1
200900009029,2009-06-13,2009,juin,samedi,11:45,75,75116,0,0,2,1,2,1,1,4,-1,00,1,3,000,000,1,0,1,4,1,29,0,1,2,00,0,0,0,200900009029A01,1,2,1
200900009029,2009-06-13,2009,juin,samedi,11:45,75,75116,0,0,2,1,2,1,1,4,-1,00,1,3,000,000,1,0,1,4,1,64,5,1,2,00,0,1,2,200900009029B01,1,0,1
200900009035,2009-06-13,2009,juin,samedi,15:45,75,75120,0,0,2,1,3,1,1,4,1,01,1,1,000,000,1,0,1,4,1,69,5,1,9,00,2,2,1,200900009035B01,7,1,1
200900009061,2009-06-14,2009,juin,dimanche,14:30,75,75116,0,0,2,1,6,1,1,4,2,02,2,1,000,080,1,0,5,1,1,50,5,1,2,00,1,1,1,200900009061A01,,,
200900009089,2009-06-15,2009,juin,lundi,15:30,75,75116,0,0,2,2,3,1,2,4,2,02,1,1,000,000,2,0,1,4,1,27,1,1,2,00,2,1,19,200900009089A01,7,1,1
200900009100,2009-06-16,2009,juin,mardi,94:5,75,75105,0,0,2,2,2,1,1,4,2,00,2,1,000,140,1,0,1,4,2,22,2,1,9,00,2,1,19,200900009100A01,7,0,1
200900009105,2009-06-16,2009,juin,mardi,13:40,75,75111,0,0,2,1,2,1,1,4,1,01,2,1,000,040,1,0,1,4,1,47,1,1,2,01,2,9,2,200900009105A01,7,22,1
200900009111,2009-06-16,2009,juin,mardi,17:50,75,75110,0,0,2,1,6,1,1,4,1,01,1,1,000,025,1,0,1,4,1,22,1,1,9,00,1,1,0,200900009111A01,,,
200900009113,2009-06-16,2009,juin,mardi,18:25,75,75111,0,0,2,1,2,1,1,4,2,02,1,1,000,170,1,0,1,4,1,50,4,1,4,00,0,4,15,200900009113B01,32,21,1
200900009126,2009-06-17,2009,juin,mercredi,10:10,75,75115,0,0,2,1,6,1,1,4,1,00,1,1,000,053,1,0,4,1,1,39,5,1,4,00,1,0,1,200900009126A01,,,
200900009137,2009-06-17,2009,juin,mercredi,17:45,75,75120,0,0,2,1,6,1,1,4,1,01,1,1,000,073,1,0,1,1,1,22,4,1,2,00,1,1,5,200900009137A01,,,
200900009140,2009-06-17,2009,juin,mercredi,19:35,75,75111,0,0,2,1,3,1,1,4,2,01,1,1,000,100,1,0,1,4,1,34,5,1,9,00,0,8,2,200900009140B01,7,2,1
200900009160,2009-06-18,2009,juin,jeudi,16:40,75,75104,0,0,2,2,2,1,1,4,1,03,1,1,000,130,1,0,1,4,1,54,5,1,2,00,2,1,2,200900009160A01,7,23,1
200900009166,2009-06-18,2009,juin,jeudi,19:25,75,75105,0,0,2,2,3,1,1,4,-1,01,2,1,000,000,1,0,0,4,1,31,0,1,9,00,0,0,0,200900009166B01,1,0,1
200900009166,2009-06-18,2009,juin,jeudi,19:25,75,75105,0,0,2,2,3,1,1,4,-1,01,2,1,000,000,1,0,0,4,1,51,9,1,9,00,0,0,0,200900009166A01,1,0,1
200900009181,2009-06-19,2009,juin,vendredi,20:00,75,75114,0,0,2,2,3,1,1,4,2,04,-1,-1,000,120,1,5,1,4,2,43,5,1,9,00,2,1,1,200900009181B01,10,15,1
200900009195,2009-06-20,2009,juin,samedi,91:5,75,75115,0,0,2,1,6,1,1,4,1,00,2,1,000,000,1,0,4,1,1,30,0,1,9,00,1,1,0,200900009195A01,,,
200900009198,2009-06-20,2009,juin,samedi,11:15,75,75113,0,0,2,1,6,1,1,4,1,01,2,1,000,077,1,0,1,1,1,39,3,1,4,00,1,2,5,200900009198A01,,,
200900009199,2009-06-20,2009,juin,samedi,12:40,75,75114,0,0,2,2,3,1,1,4,2,03,1,1,000,092,1,0,1,1,1,29,5,1,9,00,2,4,19,200900009199A01,2,1,1
200900009201,2009-06-20,2009,juin,samedi,13:30,75,75102,0,0,2,2,6,1,1,4,1,01,1,1,000,000,3,6,1,4,2,36,5,1,2,00,0,0,0,200900009201A01,,,
200900009207,2009-06-20,2009,juin,samedi,19:00,75,75112,0,0,2,3,3,1,1,4,2,04,1,1,000,200,1,0,1,4,1,40,5,1,9,00,2,1,1,200900009207B01,10,16,1
200900009209,2009-06-20,2009,juin,samedi,19:45,75,75115,0,0,2,1,3,1,1,4,-1,04,1,1,000,120,1,0,1,4,2,20,0,1,9,00,2,8,11,200900009209B01,30,2,1
200900009224,2009-06-21,2009,juin,dimanche,20:35,75,75105,0,0,2,2,6,1,1,4,1,03,1,1,000,120,1,0,1,4,1,21,5,1,9,00,1,1,1,200900009224A01,,,
200900009226,2009-06-21,2009,juin,dimanche,23:15,75,75111,0,0,2,2,6,5,1,4,2,02,-1,1,000,100,1,0,1,4,1,21,5,1,4,01,0,2,0,200900009226A01,,,
200900009237,2009-06-22,2009,juin,lundi,11:10,75,75112,0,0,2,1,3,1,1,4,2,02,1,1,000,080,1,0,4,4,2,64,5,1,9,00,2,1,1,200900009237B01,10,16,1
200900009241,2009-06-22,2009,juin,lundi,12:45,75,75116,0,0,2,2,7,1,1,4,2,02,2,1,000,000,1,0,0,3,1,17,2,1,9,00,0,0,0,200900009241A01,,,
200900009242,2009-06-22,2009,juin,lundi,13:35,75,75105,0,0,2,1,6,1,1,4,1,01,1,1,000,030,1,0,1,4,1,21,5,1,9,00,1,0,2,200900009242A01,,,
200900009243,2009-06-22,2009,juin,lundi,14:07,75,75114,0,0,2,2,3,1,1,4,1,02,-1,-1,000,086,-1,5,1,4,2,25,5,1,9,00,2,8,9,200900009243A01,15,16,1
200900009283,2009-06-23,2009,juin,mardi,22:00,75,75103,0,0,2,2,3,2,1,4,1,04,1,1,003,120,1,5,1,4,1,25,5,1,9,00,2,1,7,200900009283A01,2,0,1
200900009286,2009-06-24,2009,juin,mercredi,30:0,75,75116,0,0,2,1,7,5,1,4,2,00,1,1,000,000,1,0,1,4,1,23,0,1,9,00,0,0,1,200900009286A01,,,
200900009289,2009-06-24,2009,juin,mercredi,82:0,75,75109,0,0,2,2,6,1,1,4,1,02,1,1,000,000,1,0,1,4,1,42,1,1,9,00,0,0,0,200900009289A01,7,0,1
200900009310,2009-06-24,2009,juin,mercredi,18:45,75,75114,0,0,2,1,6,1,1,4,1,01,-1,-1,000,058,-1,0,1,1,1,37,9,1,9,00,1,1,1,200900009310A01,,,
200900009316,2009-06-24,2009,juin,mercredi,19:55,75,75115,0,0,2,2,3,1,1,4,1,01,2,1,000,110,1,0,1,4,2,20,5,1,9,00,0,7,1,200900009316A01,7,1,1
200900009321,2009-06-25,2009,juin,jeudi,91:5,75,75112,0,0,2,3,1,1,1,4,2,02,1,1,000,140,1,0,0,4,1,37,1,1,2,00,2,7,1,200900009321B01,10,16,1
200900009331,2009-06-25,2009,juin,jeudi,10:55,75,75111,0,0,2,2,6,1,1,4,2,04,1,1,000,120,1,0,1,4,1,29,5,1,9,00,0,8,2,200900009331B01,2/ 7,2/1,2
200900009336,2009-06-25,2009,juin,jeudi,14:55,75,75110,0,0,2,1,1,1,1,4,2,00,2,1,000,080,1,0,1,4,2,66,5,1,2,00,2,1,1,200900009336B01,34,1,1
200900009338,2009-06-25,2009,juin,jeudi,16:15,75,75103,0,0,2,2,3,1,1,4,2,02,1,1,000,098,1,0,1,4,1,59,0,1,9,00,2,7,1,200900009338A01,32,1,1
200900009341,2009-06-25,2009,juin,jeudi,17:30,75,75108,0,0,2,1,6,1,1,4,1,01,2,1,000,090,1,0,1,4,1,13,0,1,2,01,0,1,14,200900009341A01,,,
200900009342,2009-06-25,2009,juin,jeudi,18:00,75,75112,0,0,2,4,2,1,1,4,1,01,1,-1,000,000,1,0,1,1,1,44,2,1,9,00,2,3,1,200900009342B01,32,0,1
200900009344,2009-06-25,2009,juin,jeudi,18:40,75,75108,0,0,2,4,3,1,1,4,3,04,1,1,000,240,1,0,1,4,2,26,0,1,9,00,2,1,9,200900009344A01,7,2,1
200900009361,2009-06-26,2009,juin,vendredi,12:20,75,75117,0,0,2,2,6,1,1,4,1,01,1,-1,000,035,1,0,0,1,1,46,5,1,9,00,0,0,0,200900009361A01,,,
200900009381,2009-06-27,2009,juin,samedi,81:7,75,75101,0,0,2,2,6,1,1,4,1,03,1,1,007,127,1,0,1,4,2,38,5,1,9,00,0,3,11,200900009381B01,2,1,1
200900009384,2009-06-27,2009,juin,samedi,12:20,75,75105,0,0,2,1,7,1,1,4,1,03,1,1,000,094,1,0,1,4,1,35,5,1,9,14,0,0,2,200900009384A01,,,
200900009411,2009-06-28,2009,juin,dimanche,91:0,75,75112,0,0,2,3,1,1,1,4,2,03,2,1,000,080,1,0,5,4,1,28,5,1,2,00,2,1,1,200900009411B01,7,15,1
200900009416,2009-06-28,2009,juin,dimanche,17:25,75,75119,0,0,2,2,6,1,1,4,1,01,1,1,000,040,1,0,5,1,1,48,5,1,9,00,1,0,0,200900009416A01,,,
200900009421,2009-06-28,2009,juin,dimanche,20:20,75,75109,0,0,2,1,3,1,1,4,2,04,1,1,000,200,1,0,1,4,1,35,0,1,9,00,2,2,1,200900009421B01,33,13,1
200900009425,2009-06-29,2009,juin,lundi,11:50,75,75116,0,0,2,1,2,1,1,4,1,01,1,3,000,100,1,0,1,4,1,73,5,1,2,01,0,1,0,200900009425B01,7,0,1
200900009454,2009-06-29,2009,juin,lundi,18:00,75,75115,0,0,2,1,6,1,1,4,2,02,1,1,000,000,1,0,1,4,1,22,0,1,9,00,2,8,2,200900009454A01,30,17,1
200900009455,2009-06-29,2009,juin,lundi,18:08,75,75118,0,0,2,1,3,1,1,4,1,01,1,1,000,036,1,0,1,3,1,14,5,1,9,00,2,2,19,200900009455B01,7,1,1
200900009501,2009-03-22,2009,mars,dimanche,11:55,03,03185,0,0,2,1,6,1,1,4,3,04,4,1,000,000,1,0,1,1,1,39,5,1,2,00,1,1,1,200900009501A01,,,
200900009530,2009-03-25,2009,mars,mercredi,17:15,37,37100,0,0,2,1,7,1,1,4,2,02,2,2,000,050,1,0,1,3,1,11,5,1,2,00,0,1,1,200900009530A01,,,
200900009538,2009-04-11,2009,avril,samedi,11:40,41,41212,0,0,2,1,3,1,1,4,2,02,1,1,000,000,1,0,1,4,1,83,9,1,9,00,2,1,21,200900009538B01,7,22,1