Num_Acc,date,an,mois,jour,hrmn,dep,com,lat,long,agg,int,col,lum,atm,catr,circ,nbv,prof,plan,lartpc,larrout,surf,infra,situ,grav,sexe,age,trajet,secuexist,equipement,obs,obsm,choc,manv,vehiculeid,typevehicules,manoeuvehicules,numVehicules
200900009595,2009-03-19,2009,mars,jeudi,18:00,24,24445,0,0,2,1,7,1,1,4,2,02,2,1,000,040,1,0,1,3,1,12,5,1,1,00,0,1,1,200900009595A01,,,
200900009633,2009-04-09,2009,avril,jeudi,16:10,24,24312,0,0,2,3,3,1,1,4,2,02,1,1,000,080,1,0,1,4,1,33,1,1,2,00,2,2,1,200900009633B01,7,19,1
200900009665,2009-03-24,2009,mars,mardi,11:30,45,45239,0,0,1,1,3,1,1,3,2,02,1,1,000,055,1,0,1,3,2,23,5,1,9,00,2,6,15,200900009665A01,7,17,1
200900009674,2009-03-21,2009,mars,samedi,11:00,45,45234,0.00004,0,2,1,3,1,1,2,2,02,1,1,000,077,1,0,1,4,1,41,0,1,9,00,2,1,17,200900009674B01,7,15,1
200900009675,2009-03-30,2009,mars,lundi,18:00,45,45208,0.00004,0,2,1,3,1,1,3,2,02,1,1,000,080,1,0,1,4,2,41,0,1,9,01,0,1,0,200900009675B01,7,22,1
200900009685,2009-03-11,2009,mars,mercredi,17:00,18,18205,0,0,2,3,1,1,2,4,2,02,1,3,000,060,1,0,1,3,1,7,5,1,2,00,2,2,1,200900009685B01,7,15,1
200900009695,2009-03-14,2009,mars,samedi,10:40,18,18033,0,0,2,2,3,1,1,3,2,03,2,1,000,100,1,0,1,4,1,56,1,1,9,00,2,8,1,200900009695B01,7,17,1
200900009749,2009-03-12,2009,mars,jeudi,65:5,40,40088,0,0,2,6,3,2,1,3,1,01,1,2,000,050,1,5,1,3,1,52,1,1,2,00,2,1,1,200900009749B01,7,19,1
200900009758,2009-03-20,2009,mars,vendredi,73:0,40,40122,0,0,2,2,3,2,1,3,2,02,1,1,000,060,1,0,1,3,2,65,5,1,2,00,2,1,1,200900009758B02,10,19,1
200900009786,2009-04-10,2009,avril,vendredi,10:,37,37261,0,0,2,2,3,5,1,9,1,01,1,1,000,030,1,0,1,3,1,19,0,1,4,00,2,1,1,200900009786B01,7,1,1
200900009812,2009-05-13,2009,mai,mercredi,16:45,86,86194,0,0,2,1,3,1,1,4,2,02,2,1,000,086,1,0,1,4,1,59,9,1,2,00,2,1,1,200900009812B01,10,15,1
200900009827,2009-05-28,2009,mai,jeudi,14:15,86,86113,0,0,1,1,1,1,1,3,2,00,-1,3,000,055,1,0,1,2,1,58,5,1,2,00,2,1,1,200900009827B02,7,13,1
200900009829,2009-05-29,2009,mai,vendredi,15:45,86,86115,0,0,2,1,7,1,1,4,2,02,2,1,000,045,1,0,1,3,1,60,5,1,2,00,0,0,1,200900009829A01,,,
200900009841,2009-05-08,2009,mai,vendredi,21:30,04,04045,0,0,2,1,1,3,1,4,2,02,-1,2,000,040,-1,0,1,3,1,12,5,1,1,00,2,1,1,200900009841B02,2,1,1
200900009842,2009-05-24,2009,mai,dimanche,90:0,04,04039,0.00004,0,2,1,1,1,1,3,2,02,1,1,065,000,1,0,1,4,2,79,0,1,1,00,2,8,1,200900009842B02,7,17,1
200900009855,2009-04-22,2009,avril,mercredi,19:20,83,83137,0,0,2,1,1,1,1,4,2,02,1,1,000,060,1,0,1,4,1,15,5,1,9,00,2,1,1,200900009855A01,7,13,1
200900009864,2009-04-19,2009,avril,dimanche,15:30,83,83069,0,0,1,1,6,1,1,4,-1,01,1,-1,000,145,1,0,1,4,1,11,5,1,2,00,2,0,19,200900009864B01,7,0,1
200900009875,2009-04-17,2009,avril,vendredi,16:40,83,83137,0,0,2,1,3,1,1,4,2,02,2,-1,000,032,1,0,1,4,1,31,0,1,9,00,2,1,0,200900009875A01,7,1,1
200900009880,2009-04-25,2009,avril,samedi,16:55,83,83137,0,0,2,1,3,1,1,4,1,01,1,1,000,030,1,0,1,4,1,12,9,1,9,00,2,1,1,200900009880B01,99,22,1
200900009884,2009-04-14,2009,avril,mardi,19:10,83,83137,0,0,2,1,3,1,1,3,2,02,2,4,000,000,1,0,1,4,1,32,5,1,2,00,2,2,1,200900009884B01,7,17,1
200900009920,2009-04-10,2009,avril,vendredi,13:00,83,83133,0,0,1,1,2,1,1,3,2,02,-1,1,000,025,1,0,1,3,1,65,5,1,1,00,2,1,1,200900009920A01,10,1,1
200900009938,2009-05-18,2009,mai,lundi,18:15,64,64393,0.00004,NaN,2,1,1,1,1,3,2,02,1,1,000,000,1,0,1,3,1,18,5,1,2,00,2,1,15,200900009938B02,7,1,1
200900009956,2009-05-10,2009,mai,dimanche,16:25,64,64483,0.00004,NaN,2,1,3,1,1,4,2,02,1,-1,000,000,1,0,1,4,1,44,5,1,9,01,0,1,1,200900009956B01,7,22,1
200900009991,2009-05-26,2009,mai,mardi,84:0,64,64445,0.00004,NaN,2,1,3,1,1,4,2,02,1,1,037,090,1,0,1,4,1,22,1,1,9,00,2,1,1,200900009991B01,7,20,1
200900010003,2009-05-06,2009,mai,mercredi,10:50,64,64445,0.00004,NaN,2,1,6,1,1,4,1,01,1,1,000,000,1,0,1,4,1,67,5,1,2,00,2,1,1,200900010003B01,10,22,1
200900010010,2009-05-12,2009,mai,mardi,16:30,64,64527,0.00004,NaN,2,6,1,1,1,3,2,02,1,1,020,066,1,5,1,4,1,51,5,1,2,00,0,0,1,200900010010B02,7,17,1
200900010023,2009-05-27,2009,mai,mercredi,14:35,83,83126,0,0,2,1,6,1,1,4,2,02,1,1,000,070,1,0,1,3,1,8,5,1,9,00,2,7,8,200900010023A01,7,1,1
200900010033,2009-05-20,2009,mai,mercredi,84:0,83,83137,0,0,2,9,6,1,1,4,1,02,1,1,000,063,1,0,1,2,1,27,0,1,9,00,2,0,0,200900010033B01,14,1,1
200900010079,2009-05-16,2009,mai,samedi,11:15,83,83043,0,0,1,1,1,1,1,3,-1,02,2,3,000,000,1,0,1,3,1,40,0,1,2,13,0,1,2,200900010079B02,1,2,1
200900010079,2009-05-16,2009,mai,samedi,11:15,83,83043,0,0,1,1,1,1,1,3,-1,02,2,3,000,000,1,0,1,3,1,48,0,1,2,13,0,1,2,200900010079A01,1,2,1
200900010092,2009-05-27,2009,mai,mercredi,11:30,83,83094,0,0,1,1,1,1,1,3,2,02,2,4,000,050,-1,0,1,3,1,68,5,1,2,00,2,1,13,200900010092B02,7,13,1
200900010094,2009-05-17,2009,mai,dimanche,11:00,83,83101,0,0,1,6,1,1,1,3,2,00,2,-1,000,074,1,0,1,4,1,65,5,1,2,00,2,3,13,200900010094B02,7,1,1
200900010112,2009-05-12,2009,mai,mardi,83:0,83,83047,0,0,2,6,3,1,1,3,-1,02,1,2,000,063,1,0,1,3,1,62,5,1,2,00,2,1,1,200900010112B02,7,13,1
200900010119,2009-01-10,2009,janvier,samedi,15:25,57,57757,0,0,2,1,2,1,1,4,2,02,2,1,000,000,1,0,1,4,1,35,5,1,9,00,2,4,1,200900010119B01,7,1,1
200900010121,2009-01-08,2009,janvier,jeudi,18:00,57,57463,0,0,2,2,6,5,1,4,2,02,1,1,000,000,1,0,1,3,1,10,5,1,4,00,2,2,19,200900010121A01,7,1,1
200900010137,2009-01-17,2009,janvier,samedi,21:15,57,57253,0,0,2,3,6,5,1,4,2,02,1,1,000,100,1,0,1,3,1,89,5,1,9,00,2,1,1,200900010137B01,7,15,1
200900010172,2009-01-30,2009,janvier,vendredi,14:55,57,57143,0,0,2,3,6,1,1,4,2,02,1,1,000,000,1,0,1,4,1,25,0,1,4,00,2,1,1,200900010172B01,7,15,1
200900010228,2009-05-20,2009,mai,mercredi,14:30,12,12221,0.00004,0,1,1,1,1,1,3,2,02,2,3,000,072,1,5,1,3,1,48,5,1,2,00,2,1,1,200900010228B02,7,15,1
200900010231,2009-02-26,2009,février,jeudi,14:30,21,21268,0.00004,0,2,1,2,1,1,3,2,00,2,1,000,000,1,0,1,3,1,62,5,1,2,00,2,2,0,200900010231B02,7,4,1
200900010263,2009-02-08,2009,février,dimanche,84:6,21,21231,0,0,2,1,2,1,1,4,2,02,2,1,000,070,2,0,1,4,1,60,5,1,2,00,2,6,1,200900010263B01,7,17,1
200900010271,2009-03-19,2009,mars,jeudi,16:14,21,21231,0,0,2,1,3,1,1,4,3,04,1,1,044,140,1,0,4,4,1,28,5,1,2,00,2,1,1,200900010271A01,7,16,1
200900010274,2009-03-23,2009,mars,lundi,12:56,21,21231,0,0,2,3,3,1,1,4,3,04,2,1,038,150,1,5,1,4,1,10,0,1,2,00,2,1,19,200900010274B01,7,1,1
200900010281,2009-03-30,2009,mars,lundi,14:23,21,21231,0,0,2,3,3,1,1,4,2,02,1,1,000,000,1,0,0,4,2,51,5,1,2,00,2,8,1,200900010281B01,10,17,1
200900010282,2009-03-16,2009,mars,lundi,15:44,21,21231,0,0,2,3,2,1,1,4,2,02,1,1,000,070,1,5,0,4,1,22,2,1,2,00,2,1,2,200900010282A01,7,15,1
200900010284,2009-03-03,2009,mars,mardi,71:1,21,21231,0,0,2,2,3,2,1,4,1,01,1,1,000,055,1,5,1,4,1,22,0,1,2,00,2,1,1,200900010284B01,7,1,1
200900010289,2009-03-26,2009,mars,jeudi,17:01,21,21231,0,0,2,7,3,1,1,4,1,03,1,2,000,120,1,5,1,4,1,16,9,1,2,00,2,1,16,200900010289B01,7,1,1
200900010305,2009-03-12,2009,mars,jeudi,11:42,21,21231,0,0,2,1,2,1,1,4,1,01,1,1,000,000,1,0,1,4,1,52,5,1,2,01,0,2,1,200900010305B01,7,22,1
200900010325,2009-04-04,2009,avril,samedi,15:09,21,21231,0,0,2,3,3,1,1,4,1,01,1,1,000,060,1,5,0,4,1,45,5,1,2,00,2,1,1,200900010325B01,7,1,1
200900010330,2009-04-15,2009,avril,mercredi,14:10,21,21231,0,0,2,2,3,1,1,4,1,01,1,1,000,070,1,0,1,4,1,17,9,1,9,00,2,1,1,200900010330A01,7,1,1
200900010333,2009-04-24,2009,avril,vendredi,15:05,21,21355,0,0,2,2,3,1,1,4,3,02,1,1,020,125,1,0,1,4,1,33,1,1,9,00,2,1,1,200900010333B01,7,15,1
200900010364,2009-05-09,2009,mai,samedi,19:55,21,21231,0,0,2,1,6,1,1,4,4,01,1,1,000,000,1,0,1,4,1,5,5,1,9,00,2,1,1,200900010364B01,7,4,1
200900010376,2009-05-28,2009,mai,jeudi,65:6,21,21231,0,0,2,1,5,2,1,4,1,01,1,1,000,080,1,0,1,4,1,18,1,1,2,01,2,8,1,200900010376A01,7,24/1,2
200900010381,2009-05-14,2009,mai,jeudi,13:12,21,21231,0,0,2,1,3,1,1,4,3,04,1,1,000,000,1,5,1,4,1,21,1,1,2,00,2,1,1,200900010381A01,7,0,1
200900010394,2009-05-22,2009,mai,vendredi,10:04,21,21231,0,0,2,3,3,1,1,4,2,02,2,1,000,090,1,5,1,4,1,61,1,1,2,00,2,3,1,200900010394B01,7,16,1
200900010418,2009-05-07,2009,mai,jeudi,80:0,21,21292,0.00004,0,2,9,3,1,1,3,2,02,1,1,015,075,1,0,5,3,1,21,1,1,2,00,0,2,1,200900010418B02,7,15,1
200900010440,2009-04-05,2009,avril,dimanche,21:45,45,45234,0.00004,0,2,2,3,5,1,3,2,02,1,1,000,070,1,0,1,4,1,57,0,1,9,00,2,1,1,200900010440B01,7,15,1
200900010442,2009-04-09,2009,avril,jeudi,81:0,45,45169,0.00004,0,2,3,1,1,1,4,1,01,1,1,000,055,1,0,1,4,1,14,0,1,9,00,2,1,15,200900010442A01,7,1,1
200900010470,2009-04-21,2009,avril,mardi,20:00,45,45238,0.00004,0,2,1,3,1,1,4,2,02,1,1,000,035,1,0,1,3,1,15,5,1,2,00,2,8,9,200900010470A01,7,1,1
200900010493,2009-04-24,2009,avril,vendredi,15:30,52,52060,0.00004,0,2,1,7,1,1,4,-1,01,2,1,000,000,1,0,1,3,2,16,5,1,2,00,0,0,1,200900010493A01,,,
200900010496,2009-04-28,2009,avril,mardi,11:15,52,52331,0.00004,0,2,3,3,1,1,3,2,02,2,1,000,090,1,0,1,3,2,84,5,1,2,00,2,8,13,200900010496B02,7,17,1
200900010502,2009-02-12,2009,février,jeudi,18:30,57,57102,0,0,1,1,1,3,1,3,2,02,1,1,000,068,1,0,0,3,1,52,9,1,2,00,0,4,1,200900010502A01,13,1,1
200900010515,2009-02-02,2009,février,lundi,12:55,57,57463,0,0,2,3,2,1,4,4,2,02,1,3,000,044,5,0,1,4,1,47,1,1,4,00,2,4,1,200900010515B01,7,16,1
200900010516,2009-02-03,2009,février,mardi,72:0,57,57487,0,0,2,1,2,2,8,3,2,02,1,1,000,080,2,0,1,3,1,37,1,1,2,00,2,4,15,200900010516A01,7,1,1
200900010607,2009-05-07,2009,mai,jeudi,16:40,52,52448,0.00004,0,2,2,3,1,1,4,2,01,4,1,000,000,1,0,1,4,1,54,0,1,4,00,2,7,11,200900010607B01,7,1,1
200900010624,2009-05-16,2009,mai,samedi,18:00,52,52467,0.00004,0,1,1,7,1,1,3,2,02,2,2,000,050,9,0,1,3,1,65,5,1,2,16,0,0,1,200900010624A01,,,
200900010625,2009-03-06,2009,mars,vendredi,13:09,59,59431,0,0,2,1,3,1,1,4,2,02,1,1,000,000,1,0,5,3,1,49,5,1,9,00,2,1,1,200900010625B01,10,16,1
200900010630,2009-03-18,2009,mars,mercredi,13:10,59,59343,0,0,2,2,3,1,1,4,2,02,2,1,000,000,1,0,1,4,1,49,1,1,4,00,2,1,1,200900010630A01,7,1,1
200900010631,2009-03-22,2009,mars,dimanche,11:45,59,59183,0,0,2,1,2,1,1,4,2,02,1,1,000,000,-1,0,1,3,1,13,5,1,2,00,2,4,1,200900010631B01,2,1,1
200900010632,2009-03-16,2009,mars,lundi,17:00,59,59155,0,0,2,9,6,1,1,4,2,02,1,1,009,076,1,0,5,4,1,56,0,1,2,00,0,0,1,200900010632B01,2,0,1
200900010650,2009-03-18,2009,mars,mercredi,12:15,59,59350,0,0,2,6,3,1,1,4,1,02,1,2,000,110,1,0,1,4,2,23,0,1,4,00,2,6,19,200900010650B01,7,1,1
200900010664,2009-03-22,2009,mars,dimanche,12:30,59,59271,0,0,2,9,2,1,1,3,1,03,1,1,000,121,1,3,1,2,1,64,5,1,2,00,2,4,1,200900010664B01,7,9,1
200900010721,2009-03-11,2009,mars,mercredi,18:45,59,59079,0,0,2,1,3,1,1,4,2,02,1,1,000,060,1,0,1,3,2,14,5,1,9,00,2,8,1,200900010721B01,37,17,1
200900010723,2009-03-31,2009,mars,mardi,20:50,59,59426,0,0,2,1,3,5,1,4,2,02,1,1,000,050,1,0,1,3,1,50,0,1,2,01,0,1,1,200900010723B01,7,22,1
200900010755,2009-03-13,2009,mars,vendredi,12:45,59,59350,0,0,2,1,3,1,1,4,2,00,1,1,000,000,1,0,1,4,1,18,5,1,4,00,2,1,1,200900010755B01,7,16,1
200900010759,2009-03-18,2009,mars,mercredi,12:45,59,59009,0,0,2,1,6,1,1,4,2,02,1,1,000,071,1,0,1,1,1,18,2,1,2,00,1,1,1,200900010759A01,,,
200900010761,2009-03-02,2009,mars,lundi,17:40,59,59009,0,0,2,2,3,1,1,4,2,02,1,1,000,000,1,0,1,4,1,38,5,1,4,00,2,1,1,200900010761B01,7,16,1
200900010784,2009-03-01,2009,mars,dimanche,85:0,59,59512,0,0,1,1,3,1,1,4,2,02,1,1,000,000,1,0,1,3,1,53,9,1,2,01,0,0,1,200900010784B01,7,22,1
200900010792,2009-03-12,2009,mars,jeudi,13:30,59,59350,0,0,2,2,3,1,1,4,2,02,1,1,000,117,1,0,1,4,1,23,0,1,4,00,2,1,1,200900010792A01,7,1,1
200900010795,2009-03-30,2009,mars,lundi,17:50,59,59170,0,0,2,1,3,1,1,4,2,02,1,1,000,060,1,0,1,3,1,12,0,1,9,00,2,1,1,200900010795A01,33,1,1
200900010847,2009-03-14,2009,mars,samedi,11:55,57,57672,0,0,2,1,3,1,1,4,2,02,1,1,000,000,1,0,1,4,2,69,4,1,9,00,2,1,1,200900010847B01,7,9,1
200900010850,2009-03-29,2009,mars,dimanche,14:00,57,57019,0,0,2,1,2,1,1,3,2,02,1,1,034,057,1,0,1,4,1,15,5,1,2,00,2,4,1,200900010850B01,33,17,1
200900010887,2009-03-02,2009,mars,lundi,15:08,57,57463,0,0,2,3,2,1,1,3,4,03,1,1,000,091,1,0,1,3,1,59,1,1,4,00,2,4,1,200900010887B01,7,15,1
200900010888,2009-01-21,2009,janvier,mercredi,13:05,31,31555,0,0,2,1,6,1,1,4,2,02,1,1,000,060,1,0,1,4,2,19,2,1,9,00,0,0,0,200900010888B01,32,1,1
200900010917,2009-05-30,2009,mai,samedi,10:00,08,08188,0,-0,1,1,3,1,1,3,2,02,2,1,000,068,1,0,1,3,1,70,5,1,1,00,2,6,1,200900010917A01,30,17,1
200900010925,2009-04-04,2009,avril,samedi,21:00,87,87085,0,0,2,1,3,1,1,4,2,02,1,1,000,048,1,0,0,4,1,12,5,1,2,00,2,8,19,200900010925B01,7,2,1
200900010933,2009-04-10,2009,avril,vendredi,16:34,87,87050,0,0,1,1,6,1,1,3,2,02,-1,1,000,060,1,0,1,3,1,68,5,1,2,13,0,0,1,200900010933A01,,,
200900010945,2009-04-16,2009,avril,jeudi,17:37,87,87085,0,0,2,1,6,1,1,4,2,02,1,1,000,060,1,0,1,1,1,29,4,1,8,00,1,1,2,200900010945A01,,,
200900010971,2009-04-29,2009,avril,mercredi,16:00,27,27065,0.00004,0,2,1,3,1,1,3,2,00,1,1,000,000,1,0,1,3,1,12,5,1,1,00,2,1,19,200900010971B02,7,0,1
200900010993,2009-04-22,2009,avril,mercredi,18:15,27,27069,0.00004,0,1,3,1,1,7,3,2,02,1,1,000,060,1,0,1,3,1,64,5,1,2,00,2,8,1,200900010993B02,7,15,1
200900011009,2009-04-24,2009,avril,vendredi,16:40,27,27681,0,0,2,3,6,1,1,4,2,02,1,1,000,042,1,0,1,4,1,16,5,1,2,00,2,1,1,200900011009A01,7,1,1
200900011042,2009-05-25,2009,mai,lundi,17:15,37,37081,0.00004,0,1,1,6,1,1,3,2,02,1,1,000,000,1,0,1,3,1,12,2,1,2,00,2,8,15,200900011042B02,,,
200900011042,2009-05-25,2009,mai,lundi,17:15,37,37081,0.00004,0,1,1,6,1,1,3,2,02,1,1,000,000,1,0,1,1,1,46,1,1,2,00,2,8,15,200900011042B02,,,
200900011089,2009-05-28,2009,mai,jeudi,12:07,41,41018,0,0,2,1,3,1,1,4,2,02,2,1,000,000,1,0,1,4,1,18,9,1,9,00,2,1,1,200900011089B01,7,15,1
200900011125,2009-01-20,2009,janvier,mardi,12:30,71,71176,0.00004,0,2,1,2,1,1,3,2,02,1,1,000,074,1,0,1,3,2,59,5,1,9,00,0,4,1,200900011125B02,7,14,1
200900011166,2009-01-14,2009,janvier,mercredi,20:15,71,71153,0,0,2,3,3,5,5,4,2,02,1,1,000,000,2,0,1,4,1,55,5,1,4,00,2,1,1,200900011166B01,10,16,1
200900011177,2009-02-06,2009,février,vendredi,54:5,71,71556,0.00004,0,1,1,2,3,8,2,2,00,1,1,000,120,2,0,1,3,1,50,1,1,2,00,2,4,1,200900011177B02,7,1,1
200900011187,2009-02-19,2009,février,jeudi,72:5,71,71105,0,0,2,3,3,2,1,4,2,02,1,1,000,070,1,0,0,3,2,54,9,1,9,00,2,1,1,200900011187A01,7,1,1
200900011195,2009-02-25,2009,février,mercredi,14:15,71,71342,0,0,2,1,1,1,1,4,1,01,-1,1,000,041,1,0,1,4,1,11,5,1,4,00,2,1,5,200900011195A01,10,1,1
200900011205,2009-02-07,2009,février,samedi,63:0,67,67028,0.00004,0,2,1,3,5,2,4,2,02,1,1,000,000,2,5,1,4,2,55,1,1,1,00,2,8,1,200900011205B02,7,15,1
200900011207,2009-02-11,2009,février,mercredi,80:0,67,67482,0.00004,0,2,2,3,1,1,4,3,05,1,1,000,220,1,0,4,1,1,43,1,1,9,00,9,7,1,200900011207B01,1,1,1
200900011207,2009-02-11,2009,février,mercredi,80:0,67,67482,0.00004,0,2,2,3,1,1,4,3,05,1,1,000,220,1,0,4,4,1,48,1,1,9,00,2,0,1,200900011207A01,1,1,1
200900011218,2009-02-12,2009,février,jeudi,75:0,67,67482,0.00004,0,2,1,3,1,9,4,2,02,1,3,000,060,7,0,1,4,1,24,0,1,9,00,2,1,1,200900011218B01,7,1,1
200900011220,2009-02-13,2009,février,vendredi,91:0,67,67482,0.00004,0,2,3,6,1,1,4,2,02,1,1,000,080,1,0,1,4,2,42,0,1,9,00,2,1,1,200900011220B01,7,15,1
200900011237,2009-02-16,2009,février,lundi,18:25,67,67447,0.00004,0,2,2,6,4,4,4,2,05,1,1,023,122,2,0,1,4,2,35,9,1,9,00,2,4,19,200900011237B01,10,11,1
200900011239,2009-02-18,2009,février,mercredi,12:10,67,67482,0.00004,0,2,2,3,1,1,4,2,03,1,1,000,110,1,0,1,4,2,23,0,1,2,00,2,7,19,200900011239B01,7,1,1
200900011243,2009-02-24,2009,février,mardi,20:15,67,67482,0.00004,0,2,1,6,5,1,4,1,01,1,1,000,040,1,0,5,4,2,74,5,1,9,00,2,7,1,200900011243B01,2,1,1
200900011246,2009-02-27,2009,février,vendredi,23:20,67,67482,0.00004,0,2,1,3,5,1,4,2,02,1,1,000,119,1,0,1,4,1,16,0,1,9,00,2,2,19,200900011246A01,7,1,1
200900011301,2009-05-11,2009,mai,lundi,10:46,2A,2A004,0,-0,1,6,3,1,1,2,2,02,1,2,000,079,1,0,1,4,2,39,5,1,9,00,2,0,1,200900011301B01,7,12,1
200900011320,2009-04-18,2009,avril,samedi,16:50,10,10387,0,0,2,2,3,1,1,4,-1,01,2,1,000,030,1,6,1,4,1,21,0,1,9,00,2,1,1,200900011320B01,7,1,1
200900011336,2009-05-17,2009,mai,dimanche,16:40,43,43113,0.00004,0,2,1,3,1,1,3,2,00,1,1,000,058,1,0,1,3,2,7,5,1,8,00,2,8,1,200900011336B02,7,13,1
200900011358,2009-05-14,2009,mai,jeudi,10:45,68,68258,0.00004,0,2,3,3,1,1,3,2,02,1,1,000,000,1,0,5,3,2,76,3,1,9,00,2,5,1,200900011358B02,7,16,1
200900011365,2009-05-17,2009,mai,dimanche,19:15,68,68237,0.00004,0,2,1,7,1,1,3,2,02,2,1,000,072,1,0,1,3,1,48,0,1,9,00,0,1,1,200900011365A01,7,0,1
200900011367,2009-05-20,2009,mai,mercredi,18:00,68,68145,0,0,2,3,3,1,1,3,2,02,1,1,000,090,1,0,1,4,1,12,5,1,9,00,2,1,16,200900011367B02,15,1,1
200900011371,2009-05-23,2009,mai,samedi,14:00,68,68087,0.00004,0,2,2,3,1,1,3,2,02,1,1,000,050,1,0,1,4,1,36,5,1,9,00,2,1,1,200900011371B02,7,19,1
200900011373,2009-05-26,2009,mai,mardi,11:30,68,68374,0.00004,0,1,6,3,1,1,3,,,1,1,,,1,0,0,3,1,47,1,1,9,00,2,8,16,200900011373B02,14,16,1
200900011377,2009-05-30,2009,mai,samedi,13:19,68,68066,0,0,2,6,3,1,1,3,1,01,1,2,000,078,1,0,1,4,1,11,5,1,2,00,2,8,15,200900011377B01,2,1,1
200900011381,2009-05-30,2009,mai,samedi,13:44,68,68066,0,0,2,2,3,1,1,3,2,03,1,1,000,106,1,0,1,3,1,15,5,1,2,00,2,1,15,200900011381B01,7,12,1
200900011397,2009-03-18,2009,mars,mercredi,16:30,67,67218,0.00004,0,2,1,3,1,1,4,2,02,1,1,000,045,1,0,1,4,1,11,5,1,9,00,2,1,19,200900011397A01,7,1,1
200900011403,2009-03-25,2009,mars,mercredi,19:00,67,67482,0.00004,0,2,1,6,5,3,4,-1,02,1,1,000,060,2,0,1,4,2,19,5,1,9,01,0,1,1,200900011403B01,7,22,1
200900011404,2009-03-19,2009,mars,jeudi,18:00,67,67482,0,0,2,2,3,1,1,4,1,01,1,1,000,025,1,0,1,4,2,26,1,1,9,00,2,8,19,200900011404B01,7,15,1
200900011406,2009-03-11,2009,mars,mercredi,16:40,67,67482,0,0,2,1,6,1,1,4,2,02,1,1,000,110,1,0,5,4,2,34,5,1,9,00,2,1,1,200900011406B01,7,22,1
200900011407,2009-03-05,2009,mars,jeudi,21:15,67,67482,0.00004,0,2,2,3,5,2,4,2,03,1,1,000,092,2,0,1,4,2,22,5,1,4,00,2,1,19,200900011407B01,7,15,1
200900011409,2009-03-20,2009,mars,vendredi,81:0,67,67482,0,0,2,3,6,1,1,4,2,04,1,1,026,123,1,0,1,4,2,24,9,1,9,00,2,0,1,200900011409A01,7,15,1
200900011416,2009-03-30,2009,mars,lundi,20:15,67,67482,0.00004,0,2,3,3,5,2,4,2,04,1,1,000,090,1,0,0,4,2,22,0,1,2,00,2,1,1,200900011416B01,7,15,1
200900011417,2009-03-16,2009,mars,lundi,90:0,67,67482,0.00004,0,2,2,3,1,1,4,-1,02,-1,-1,110,080,-1,0,0,4,1,23,0,1,2,00,2,1,13,200900011417A01,37,1,1
200900011418,2009-03-20,2009,mars,vendredi,75:0,67,67447,0.00004,0,2,3,6,1,1,4,2,02,1,1,000,080,1,0,1,4,1,41,4,1,9,00,2,1,1,200900011418B01,7,15,1
200900011419,2009-03-30,2009,mars,lundi,84:5,67,67482,0.00004,0,2,2,3,1,1,4,2,04,4,1,000,140,1,0,1,4,1,63,5,1,9,00,2,7,19,200900011419B01,7,1,1
200900011420,2009-03-10,2009,mars,mardi,17:20,67,67482,0.00004,0,2,2,1,1,8,4,1,01,1,1,000,080,2,4,1,4,2,14,2,1,9,00,2,2,15,200900011420B01,7,1,1
200900011424,2009-03-16,2009,mars,lundi,16:30,67,67482,0.00004,0,2,1,6,1,1,4,2,02,1,1,180,030,1,0,5,1,1,43,1,1,2,00,1,1,1,200900011424A01,,,
200900011426,2009-03-17,2009,mars,mardi,84:5,67,67482,0.00004,0,2,1,6,1,1,4,2,02,1,1,000,070,1,0,5,4,1,35,5,1,9,00,2,0,1,200900011426B01,7,10,1
200900011430,2009-03-19,2009,mars,jeudi,81:5,67,67482,0.00004,0,2,2,3,1,1,4,2,04,1,1,000,100,1,0,1,4,2,44,1,1,2,00,2,1,1,200900011430B01,7,16,1
200900011459,2009-05-27,2009,mai,mercredi,94:5,60,60159,0,0,2,1,6,1,1,4,2,02,1,1,000,059,1,0,1,3,1,66,5,1,2,00,2,1,1,200900011459B01,7,9,1
200900011461,2009-05-07,2009,mai,jeudi,60:5,60,60057,0,0,2,2,3,2,1,4,2,02,1,1,000,061,1,5,1,3,2,52,1,1,9,00,2,1,1,200900011461B01,7,1,1
200900011463,2009-05-06,2009,mai,mercredi,15:15,60,60665,0,0,1,1,3,1,1,4,2,02,1,1,000,075,1,0,1,4,1,13,5,1,9,00,2,7,19,200900011463B01,7,1,1
200900011469,2009-05-15,2009,mai,vendredi,15:45,60,60439,0,0,2,1,1,1,1,3,2,02,1,1,000,050,1,0,0,3,1,13,5,1,2,00,2,1,9,200900011469B02,37,1,1
200900011503,2009-06-10,2009,juin,mercredi,13:10,60,60159,0,0,1,4,2,1,2,4,2,01,1,3,000,040,2,3,1,3,1,47,1,1,2,00,0,4,1,200900011503B01,7,12,1
200900011536,2009-06-03,2009,juin,mercredi,11:00,60,60670,0,0,2,1,3,1,1,4,2,02,2,1,000,050,1,0,1,3,1,14,5,1,2,00,2,7,21,200900011536B02,10,1,1
200900011550,2009-03-17,2009,mars,mardi,21:20,31,31555,0,0,2,1,3,3,1,4,2,03,1,1,000,085,1,0,1,4,2,19,0,1,2,00,2,0,0,200900011550A01,7,0,1
200900011552,2009-03-20,2009,mars,vendredi,18:05,31,31555,0,0,2,1,3,1,1,4,2,02,1,1,000,105,1,0,1,4,1,22,0,1,2,00,2,0,0,200900011552B01,7,1,1
200900011561,2009-03-04,2009,mars,mercredi,19:57,31,31555,0,0,2,2,3,5,2,4,2,00,1,1,000,000,2,0,1,4,1,31,1,1,4,00,2,1,0,200900011561B01,7,0,1
200900011574,2009-03-12,2009,mars,jeudi,17:30,31,31555,0,0,2,1,2,1,1,4,2,02,1,1,000,040,1,0,1,4,1,35,1,1,4,00,2,4,1,200900011574B01,7,9,1