Num_Acc,date,an,mois,jour,hrmn,dep,com,lat,long,agg,int,col,lum,atm,catr,circ,nbv,prof,plan,lartpc,larrout,surf,infra,situ,grav,sexe,age,trajet,secuexist,equipement,obs,obsm,choc,manv,vehiculeid,typevehicules,manoeuvehicules,numVehicules
200900011585,2009-03-19,2009,mars,jeudi,17:15,31,31555,0,0,2,1,3,1,1,4,2,02,1,1,000,085,1,0,1,4,2,11,0,1,2,00,2,0,0,200900011585B01,99,13,1
200900011586,2009-03-26,2009,mars,jeudi,17:10,31,31555,0,0,2,1,3,1,1,4,2,03,1,1,000,125,1,0,1,4,1,32,0,1,2,00,2,0,0,200900011586B01,7,0,1
200900011592,2009-03-20,2009,mars,vendredi,16:00,31,31555,0,0,2,1,3,1,1,4,2,02,1,1,000,085,1,0,1,4,2,24,0,1,2,00,2,0,5,200900011592A01,30,1,1
200900011606,2009-03-23,2009,mars,lundi,71:5,31,31113,0.00004,0,2,1,2,1,1,3,2,02,1,1,000,070,1,0,1,3,2,55,3,1,1,00,0,8,1,200900011606A01,14,1,1
200900011608,2009-03-21,2009,mars,samedi,16:15,31,31478,0.00004,0,1,3,3,1,1,3,2,02,1,1,067,000,1,0,1,3,1,17,5,1,1,00,2,8,15,200900011608A01,7,1,1
200900011620,2009-03-12,2009,mars,jeudi,18:50,31,31557,0.00004,0,2,1,3,1,1,3,3,02,1,1,010,060,1,0,1,3,1,48,5,1,2,00,2,8,1,200900011620B01,7,15,1
200900011624,2009-03-14,2009,mars,samedi,16:10,31,31555,0,0,2,1,3,1,1,4,2,02,1,1,000,095,1,0,1,4,2,25,0,1,2,00,2,0,0,200900011624B01,7,0,1
200900011658,2009-05-07,2009,mai,jeudi,11:30,45,45302,0.00004,0,2,1,3,1,1,3,2,02,1,1,000,057,1,0,1,4,2,58,4,1,9,00,9,0,1,200900011658B01,7,13,1
200900011661,2009-05-10,2009,mai,dimanche,16:25,45,45285,0.00004,0,2,2,3,1,1,4,2,02,1,1,000,074,1,0,1,3,1,13,0,1,9,00,2,1,19,200900011661A01,7,16,1
200900011664,2009-05-21,2009,mai,jeudi,16:50,45,45234,0.00004,0,2,1,3,1,1,4,3,02,1,1,000,093,1,0,1,3,2,9,0,1,2,00,2,0,19,200900011664A01,7,1,1
200900011669,2009-05-19,2009,mai,mardi,81:5,45,45298,0.00004,0,2,1,1,1,1,4,2,01,1,1,000,032,1,2,5,3,2,67,5,1,2,00,2,1,1,200900011669B01,1,1,1
200900011669,2009-05-19,2009,mai,mardi,81:5,45,45298,0.00004,0,2,1,1,1,1,4,2,01,1,1,000,032,1,2,5,1,1,46,4,1,2,00,2,1,1,200900011669A01,1,1,1
200900011700,2009-05-26,2009,mai,mardi,20:00,28,28134,0.00004,0,2,3,3,1,1,3,1,01,1,-1,000,000,1,0,0,3,1,22,0,1,1,00,2,0,19,200900011700B01,7,15,1
200900011712,2009-05-14,2009,mai,jeudi,83:0,28,28134,0.00004,0,2,1,7,1,1,3,2,02,1,1,000,000,1,0,1,4,1,13,5,1,2,00,0,1,1,200900011712A01,,,
200900011732,2009-05-18,2009,mai,lundi,17:30,28,28280,0.00004,0,2,1,1,1,1,3,2,00,1,1,000,070,1,5,1,3,1,73,5,1,1,00,2,8,19,200900011732B01,33,1,1
200900011734,2009-05-22,2009,mai,vendredi,13:30,28,28088,0.00004,0,2,4,3,1,1,3,2,02,2,1,000,060,1,0,1,3,1,70,5,1,2,00,2,2,1,200900011734B01,7,23,1
200900011783,2009-01-05,2009,janvier,lundi,15:50,33,33318,0,0,2,3,3,1,1,4,2,04,1,1,000,120,1,0,1,4,2,61,5,1,9,00,2,1,1,200900011783B01,10,15,1
200900011806,2009-01-12,2009,janvier,lundi,11:15,33,33069,0,0,2,1,2,1,1,4,2,02,1,1,000,074,1,0,1,4,1,58,5,1,9,00,0,4,0,200900011806B01,7,0,1
200900011807,2009-01-12,2009,janvier,lundi,13:29,33,33063,0,0,2,7,3,1,1,4,3,,1,1,000,000,1,0,1,3,2,25,4,1,4,00,2,1,1,200900011807B01,7,16,1
200900011819,2009-01-15,2009,janvier,jeudi,84:0,33,33063,0,0,2,2,3,2,1,4,2,03,1,1,000,000,2,0,1,4,1,43,0,1,9,00,2,0,1,200900011819B01,17,16,1
200900011822,2009-01-15,2009,janvier,jeudi,19:20,33,33063,0,0,2,6,3,5,1,4,2,02,1,1,000,078,1,0,1,4,1,44,0,1,4,00,2,3,1,200900011822B01,7,16,1
200900011840,2009-01-20,2009,janvier,mardi,80:0,33,33318,0,0,2,4,3,2,2,4,2,02,1,2,000,114,2,0,1,4,1,17,1,1,4,00,2,1,5,200900011840A01,10,16,1
200900011845,2009-01-21,2009,janvier,mercredi,85:0,33,33281,0,0,2,2,3,1,1,4,1,01,1,1,000,000,2,0,1,4,1,24,0,1,9,00,0,0,1,200900011845B01,7,1,1
200900011848,2009-01-22,2009,janvier,jeudi,11:00,33,33063,0,0,2,1,3,1,2,4,3,04,1,1,002,128,2,0,1,4,2,23,5,1,4,00,2,3,1,200900011848B01,7,17,1
200900011855,2009-01-26,2009,janvier,lundi,80:0,33,33522,0,0,2,6,6,2,2,4,2,02,3,1,030,072,2,0,1,4,2,24,1,1,2,00,0,0,0,200900011855B01,7,0,1
200900011865,2009-01-29,2009,janvier,jeudi,13:50,33,33063,0,0,2,1,6,1,1,4,2,02,1,1,000,000,1,0,1,1,2,29,5,1,1,00,1,1,1,200900011865A01,,,
200900011866,2009-01-30,2009,janvier,vendredi,93:0,33,33063,0,0,2,2,3,1,1,4,1,01,1,1,000,000,1,0,1,4,2,29,4,1,4,00,0,0,1,200900011866B01,10,1,1
200900011872,2009-01-22,2009,janvier,jeudi,74:2,33,33529,0,0,2,1,3,1,3,4,2,02,1,1,000,096,2,0,1,4,1,14,2,1,9,00,2,8,19,200900011872B01,7,1,1
200900011913,2009-01-23,2009,janvier,vendredi,14:00,33,33063,0,0,2,1,3,1,1,4,2,02,4,1,000,000,1,2,1,3,2,31,9,1,4,00,2,1,1,200900011913B01,7,22,1
200900011921,2009-02-21,2009,février,samedi,11:30,33,33312,0,0,1,3,3,1,1,4,2,02,-1,1,000,070,1,0,1,4,1,54,0,1,1,00,2,7,1,200900011921B02,7,19,1
200900011949,2009-02-08,2009,février,dimanche,16:15,33,33063,0,0,2,1,3,1,1,4,3,02,1,1,000,000,1,4,1,3,1,66,0,1,4,00,2,0,1,200900011949A01,7,1,1
200900011951,2009-02-07,2009,février,samedi,15:00,33,33318,0,0,2,2,3,1,1,4,3,02,1,1,010,090,1,0,1,4,1,17,0,1,4,00,2,1,15,200900011951A01,7,15,1
200900011960,2009-02-03,2009,février,mardi,82:0,33,33522,0,0,2,1,3,1,1,4,3,04,1,1,000,126,1,4,1,4,1,46,1,1,4,00,2,3,13,200900011960A01,7,17,1
200900011975,2009-02-09,2009,février,lundi,14:15,33,33550,0,0,2,2,3,1,1,4,2,02,1,1,000,000,1,0,1,3,2,31,0,1,9,00,0,4,1,200900011975A01,7,1,1
200900011987,2009-02-24,2009,février,mardi,16:00,33,33063,0,0,2,2,3,1,1,4,1,02,1,1,000,058,1,0,1,3,1,60,9,1,4,00,2,3,1,200900011987A01,7,1,1
200900012001,2009-02-25,2009,février,mercredi,19:30,33,33318,0,0,2,1,3,5,1,4,2,02,2,1,000,070,1,0,1,4,1,26,0,1,9,00,2,1,18,200900012001A01,7,1,1
200900012011,2009-02-20,2009,février,vendredi,19:50,33,33063,0,0,2,1,2,5,1,4,2,02,1,1,000,060,1,0,1,4,2,22,0,1,9,00,0,4,23,200900012011B01,7,1,1
200900012014,2009-02-25,2009,février,mercredi,16:40,33,33550,0,0,2,6,3,1,1,4,3,00,1,1,000,000,1,3,1,4,2,12,0,1,4,00,2,1,1,200900012014B01,7,1,1
200900012042,2009-02-10,2009,février,mardi,1:,33,33063,0,0,2,2,3,5,6,4,3,,1,1,000,000,1,0,1,4,1,18,0,1,9,00,2,1,19,200900012042A01,7,15,1
200900012049,2009-03-03,2009,mars,mardi,12:45,33,33529,0,0,2,1,3,1,1,4,2,02,1,1,000,070,1,0,1,3,1,59,5,1,2,00,2,1,1,200900012049B01,7,1,1
200900012063,2009-03-13,2009,mars,vendredi,18:45,33,33192,0,0,2,2,6,1,1,4,2,02,1,1,000,059,1,0,1,3,1,32,0,1,9,00,0,1,0,200900012063B01,7,0,1
200900012089,2009-03-09,2009,mars,lundi,17:05,33,33318,0,0,2,2,3,1,1,4,2,03,1,1,000,117,1,0,1,4,2,51,1,1,4,00,0,8,1,200900012089B01,7,15,1
200900012097,2009-03-13,2009,mars,vendredi,15:10,33,33063,0,0,2,2,3,1,1,4,1,01,1,1,000,071,1,0,1,4,1,13,5,1,4,00,2,1,1,200900012097A01,7,1,1
200900012105,2009-03-07,2009,mars,samedi,13:00,33,33063,0,0,2,2,3,1,1,4,2,02,1,1,000,073,1,0,1,4,2,70,5,1,4,00,2,1,1,200900012105B01,7,15,1
200900012109,2009-03-09,2009,mars,lundi,16:42,33,33063,0,0,2,1,3,1,1,4,1,01,1,1,000,030,1,0,1,4,2,59,0,1,4,00,2,1,1,200900012109B01,7,23,1
200900012113,2009-03-11,2009,mars,mercredi,75:5,33,33281,0,0,2,3,3,1,1,4,2,02,1,1,000,000,2,0,1,4,1,45,0,1,4,00,2,1,13,200900012113A01,7,16,1
200900012124,2009-03-20,2009,mars,vendredi,18:18,33,33063,0,0,2,1,3,1,1,4,3,04,2,1,053,171,1,0,1,4,1,57,0,1,9,01,2,1,17,200900012124A01,37,23,1
200900012151,2009-03-18,2009,mars,mercredi,17:45,33,33312,0.00004,NaN,2,1,2,3,1,4,2,02,1,1,000,070,1,0,1,4,1,16,5,1,1,00,2,4,1,200900012151B02,7,1,1
200900012186,2009-03-24,2009,mars,mardi,20:05,33,33039,0,0,2,3,3,5,1,4,1,01,1,1,000,050,1,0,1,4,1,32,0,1,9,00,0,0,1,200900012186B01,7,15,1
200900012190,2009-03-02,2009,mars,lundi,19:15,33,33069,0,0,2,2,3,2,1,4,2,02,1,1,000,114,1,0,1,4,1,33,0,1,4,00,0,1,15,200900012190B01,7,15,1
200900012222,2009-06-07,2009,juin,dimanche,10:45,51,51081,0,0,1,1,3,1,2,3,2,02,2,2,000,070,2,0,1,3,1,63,5,1,2,01,0,1,21,200900012222B02,7,23,1
200900012245,2009-06-14,2009,juin,dimanche,25:0,37,37261,0,0,2,1,2,5,1,9,2,04,2,1,000,130,1,2,1,3,1,42,5,1,4,00,2,6,1,200900012245B01,7,17,1
200900012259,2009-06-18,2009,juin,jeudi,17:15,37,37074,0,0,2,1,1,1,1,4,2,01,2,3,000,054,1,0,3,2,2,70,5,1,1,00,2,1,1,200900012259B02,31,13,1
200900012263,2009-06-28,2009,juin,dimanche,10:00,37,37052,0,0,1,1,1,1,7,9,-1,00,1,-1,000,000,9,0,0,3,1,48,5,1,2,00,2,1,5,200900012263B02,31,5,1
200900012272,2009-02-04,2009,février,mercredi,13:30,15,15012,0,-0,1,4,3,1,1,3,2,02,2,-1,000,054,1,0,1,3,1,51,5,1,2,00,2,3,15,200900012272B01,37,1,1
200900012273,2009-07-10,2009,juillet,vendredi,12:35,75,75116,0,0,2,5,3,1,1,4,2,02,1,1,000,000,1,0,1,4,2,30,1,1,2,00,2,0,23,200900012273B01,7,14,1
200900012294,2009-07-01,2009,juillet,mercredi,93:0,75,75117,0,0,2,5,3,1,1,4,1,01,1,1,000,000,1,0,1,4,2,51,1,1,2,00,2,8,18,200900012294A01,14,16,1
200900012316,2009-07-01,2009,juillet,mercredi,18:40,75,75120,0,0,2,1,6,1,1,4,2,02,1,1,000,100,1,0,1,4,1,70,5,1,2,00,2,2,16,200900012316A01,7,18,1
200900012337,2009-07-02,2009,juillet,jeudi,13:30,75,75114,0,0,2,1,3,1,1,4,1,01,1,1,000,030,1,0,1,3,2,48,0,1,2,00,2,8,9,200900012337B01,32,1,1
200900012350,2009-07-02,2009,juillet,jeudi,20:45,75,75101,0,0,2,1,7,1,1,4,1,01,1,-1,000,061,1,0,1,1,1,17,5,1,2,00,0,8,1,200900012350A01,,,
200900012350,2009-07-02,2009,juillet,jeudi,20:45,75,75101,0,0,2,1,7,1,1,4,1,01,1,-1,000,061,1,0,1,4,2,17,5,1,2,00,0,8,1,200900012350A01,,,
200900012353,2009-07-03,2009,juillet,vendredi,10:,75,75113,0,0,2,1,6,5,1,4,1,03,2,1,000,090,1,0,5,4,2,27,5,1,2,00,1,1,1,200900012353A01,,,
200900012357,2009-07-03,2009,juillet,vendredi,82:0,75,75115,0,0,2,1,3,1,1,4,1,02,1,1,000,120,1,0,1,4,1,53,4,1,2,00,2,7,17,200900012357B01,7,22,1
200900012364,2009-07-03,2009,juillet,vendredi,16:00,75,75112,0,0,2,1,2,1,1,4,1,01,1,3,000,104,1,0,5,3,1,61,5,1,2,00,2,0,2,200900012364A01,1,2,1
200900012364,2009-07-03,2009,juillet,vendredi,16:00,75,75112,0,0,2,1,2,1,1,4,1,01,1,3,000,104,1,0,5,4,1,56,5,1,2,00,2,1,2,200900012364B01,1,2,1
200900012367,2009-07-03,2009,juillet,vendredi,21:15,75,75112,0,0,2,1,6,1,1,4,1,01,1,1,000,076,1,0,1,4,2,31,5,1,2,00,2,1,1,200900012367B01,10,22,1
200900012379,2009-07-04,2009,juillet,samedi,13:45,75,75112,0,0,2,1,3,1,1,4,2,02,1,1,020,050,1,6,1,4,1,18,0,1,2,00,2,0,19,200900012379B01,7,1,1
200900012386,2009-07-04,2009,juillet,samedi,20:10,75,75107,0,0,2,1,2,1,1,4,1,01,1,-1,000,000,1,0,1,4,1,47,0,1,2,00,2,4,23,200900012386B01,37,2,1
200900012397,2009-07-05,2009,juillet,dimanche,16:00,75,75117,0,0,2,5,3,1,1,4,2,02,-1,-1,000,000,1,0,1,4,1,38,5,1,2,00,2,3,1,200900012397B01,7,15,1
200900012400,2009-07-05,2009,juillet,dimanche,17:00,75,75114,0,0,2,1,6,1,1,4,1,01,1,1,000,056,1,0,5,4,1,32,5,1,2,00,1,1,1,200900012400A01,,,
200900012432,2009-07-06,2009,juillet,lundi,21:00,75,75111,0,0,2,1,2,2,8,4,2,02,1,1,000,083,1,0,1,4,1,28,5,1,2,00,2,1,1,200900012432B01,7,9,1
200900012450,2009-07-07,2009,juillet,mardi,13:03,75,75119,0,0,2,5,6,1,1,4,1,03,1,3,000,120,1,0,1,4,2,39,0,1,2,00,2,8,1,200900012450A01,14,14,1
200900012465,2009-07-07,2009,juillet,mardi,23:05,75,75110,0,0,2,5,6,5,1,4,3,04,1,1,005,120,1,0,1,4,1,24,0,1,2,00,2,0,1,200900012465A01,7,1,1
200900012467,2009-07-08,2009,juillet,mercredi,82:0,75,75119,0,0,2,3,3,1,2,4,2,03,1,-1,000,300,2,0,1,4,2,47,1,1,2,00,2,8,15,200900012467B01,7,1,1
200900012468,2009-07-08,2009,juillet,mercredi,84:0,75,75108,0,0,2,1,7,1,2,4,2,00,1,-1,000,070,2,0,1,4,1,32,0,1,2,00,0,0,1,200900012468A01,,,
200900012475,2009-07-08,2009,juillet,mercredi,94:5,75,75113,0,0,2,1,6,1,1,4,1,03,1,1,000,115,1,2,1,4,2,37,1,1,2,00,2,6,13,200900012475A01,7,14,1
200900012505,2009-07-09,2009,juillet,jeudi,10:15,75,75112,0,0,2,1,7,1,1,4,2,00,1,1,015,020,9,0,5,4,2,59,5,1,2,00,0,0,1,200900012505A01,,,
200900012506,2009-07-09,2009,juillet,jeudi,10:15,75,75112,0,0,2,2,3,1,1,4,2,02,1,1,000,120,1,0,1,4,1,35,5,1,2,00,2,1,1,200900012506A01,7,1,1
200900012517,2009-07-09,2009,juillet,jeudi,17:40,75,75116,0,0,2,4,2,1,1,4,1,01,1,1,000,050,1,0,1,4,1,17,5,1,2,00,2,1,2,200900012517A01,7,23,1
200900012520,2009-07-09,2009,juillet,jeudi,21:00,75,75112,0,0,2,2,6,2,1,4,1,01,1,1,040,080,1,0,1,4,1,53,5,1,2,00,5,1,1,200900012520A01,,,
200900012539,2009-07-10,2009,juillet,vendredi,16:25,75,75106,0,0,2,3,1,1,1,4,4,04,1,1,000,135,1,0,1,4,2,35,5,1,2,00,2,1,5,200900012539B01,34,1,1
200900012544,2009-07-10,2009,juillet,vendredi,20:50,75,75105,0,0,2,1,3,1,1,4,2,03,1,1,000,139,1,0,1,4,1,25,5,1,2,00,2,8,13,200900012544B01,7,17,1
200900012581,2009-07-13,2009,juillet,lundi,95:0,75,75111,0,0,2,1,7,1,1,4,1,01,1,1,000,052,1,0,1,3,2,41,0,1,2,00,0,0,21,200900012581A01,,,
200900012601,2009-07-14,2009,juillet,mardi,18:30,75,75114,0,0,2,2,3,1,1,4,1,02,1,1,000,107,1,0,1,4,1,36,0,1,2,00,2,1,7,200900012601A01,37,14,1
200900012624,2009-07-15,2009,juillet,mercredi,85:0,75,75116,0,0,2,1,3,1,1,4,2,00,4,1,000,200,1,5,1,4,2,48,1,1,2,00,2,4,11,200900012624B01,7,1,1
200900012636,2009-07-15,2009,juillet,mercredi,18:30,75,75106,0,0,2,3,3,1,1,4,1,03,-1,-1,000,120,1,0,1,4,2,44,5,1,2,00,2,8,15,200900012636B01,32,17,1
200900012639,2009-07-15,2009,juillet,mercredi,21:30,75,75107,0,0,2,2,6,5,1,4,1,03,1,1,000,060,1,0,1,4,2,45,5,1,2,00,2,8,5,200900012639A01,7,16,1
200900012641,2009-07-16,2009,juillet,jeudi,30:,75,75110,0,0,2,2,3,5,1,4,2,04,1,1,000,120,1,0,5,4,2,24,5,1,2,00,2,6,1,200900012641B01,2,1,1
200900012646,2009-07-16,2009,juillet,jeudi,92:5,75,75115,0,0,2,1,3,1,1,4,1,01,2,1,000,035,1,0,1,4,2,30,5,1,2,00,2,1,1,200900012646B01,7,22,1
200900012650,2009-07-16,2009,juillet,jeudi,10:15,75,75111,0,0,2,2,3,1,1,4,1,01,1,1,000,050,1,0,1,4,1,39,1,1,2,00,2,8,1,200900012650A01,7,1,1
200900012660,2009-07-16,2009,juillet,jeudi,16:40,75,75120,0,0,2,1,6,1,1,4,2,01,1,1,010,030,1,0,1,1,1,32,5,1,2,00,1,8,1,200900012660A01,,,
200900012667,2009-07-16,2009,juillet,jeudi,19:02,75,75105,0,0,2,2,6,1,1,4,1,00,1,1,000,000,1,0,1,1,1,28,9,1,2,00,1,7,7,200900012667A01,,,
200900012668,2009-07-16,2009,juillet,jeudi,20:24,75,75101,0,0,2,4,3,1,1,4,2,02,1,1,000,100,1,0,1,1,1,33,9,1,2,00,2,3,13,200900012668A01,2,17,1
200900012675,2009-07-17,2009,juillet,vendredi,15:0,75,75111,0,0,2,1,6,5,8,4,1,01,1,1,000,050,2,0,1,4,2,28,5,1,2,01,0,1,14,200900012675A01,,,
200900012742,2009-07-20,2009,juillet,lundi,20:45,75,75115,0,0,2,2,3,5,1,4,2,02,2,1,000,050,-1,0,1,4,1,25,0,1,2,00,2,2,15,200900012742A01,2,1,1
200900012748,2009-07-21,2009,juillet,mardi,81:0,75,75114,0,0,2,4,6,1,1,4,1,02,1,1,000,116,1,0,1,1,2,47,1,1,2,00,1,1,1,200900012748A01,,,
200900012753,2009-07-21,2009,juillet,mardi,92:5,75,75112,0,0,2,1,1,1,1,4,1,02,2,1,000,180,1,0,1,4,2,33,1,1,2,00,2,1,5,200900012753B01,7,9,1
200900012758,2009-07-21,2009,juillet,mardi,11:44,75,75102,0,0,2,4,6,1,1,4,1,01,1,1,000,032,1,0,1,1,1,24,5,1,2,00,1,1,1,200900012758A01,,,
200900012773,2009-07-24,2009,juillet,vendredi,21:20,75,75110,0,0,2,1,6,5,1,4,-1,00,1,1,000,000,1,0,4,1,1,28,5,1,2,00,1,7,1,200900012773A01,,,
200900012774,2009-07-24,2009,juillet,vendredi,21:35,75,75118,0,0,2,2,3,1,1,4,3,02,1,1,015,070,1,0,1,4,1,24,1,1,2,00,2,3,16,200900012774B01,7,15,1
200900012779,2009-07-22,2009,juillet,mercredi,80:5,75,75110,0,0,2,2,3,1,1,4,1,00,1,1,000,030,1,0,1,4,1,50,1,1,2,00,2,7,1,200900012779B01,7,15,1
200900012781,2009-07-22,2009,juillet,mercredi,91:5,75,75115,0,0,2,2,7,1,7,4,4,02,1,-1,000,120,1,5,1,4,1,38,1,1,2,00,0,0,21,200900012781A01,,,
200900012809,2009-07-23,2009,juillet,jeudi,18:39,75,75104,0,0,2,3,3,1,1,4,1,01,1,1,000,056,1,0,1,4,1,26,5,1,2,00,2,8,5,200900012809A01,7,1,1
200900012810,2009-07-23,2009,juillet,jeudi,18:50,75,75104,0,0,2,3,3,1,8,4,-1,01,1,1,000,070,1,0,1,4,1,32,9,1,2,00,2,3,15,200900012810A01,7,1,1
200900012834,2009-07-25,2009,juillet,samedi,16:05,75,75114,0,0,2,1,2,1,1,4,2,04,1,1,000,120,1,0,1,4,2,29,5,1,2,00,2,7,16,200900012834A01,33,18,1
200900012835,2009-07-25,2009,juillet,samedi,16:45,75,75120,0,0,2,1,3,1,1,4,1,00,1,1,000,000,1,0,1,4,2,23,3,1,2,00,2,8,13,200900012835A01,37,17,1
200900012838,2009-07-25,2009,juillet,samedi,19:10,75,75112,0,0,2,2,3,1,1,4,2,02,1,1,000,100,1,2,1,3,1,20,5,1,2,00,2,3,19,200900012838B01,7,1,1
200900012843,2009-07-26,2009,juillet,dimanche,11:45,75,75104,0,0,2,3,3,1,1,4,1,01,1,1,000,070,1,0,1,1,1,53,5,1,2,00,2,7,5,200900012843A01,1,15,1
200900012843,2009-07-26,2009,juillet,dimanche,11:45,75,75104,0,0,2,3,3,1,1,4,1,01,1,1,000,070,1,0,1,4,1,77,5,1,2,00,2,1,15,200900012843B01,1,5,1
200900012844,2009-07-26,2009,juillet,dimanche,14:10,75,75112,0,0,2,1,7,1,1,4,1,02,2,1,000,095,1,1,1,4,1,19,5,1,2,00,0,0,1,200900012844A01,,,
200900012846,2009-07-26,2009,juillet,dimanche,18:30,75,75110,0,0,2,1,3,1,1,4,1,02,1,1,000,150,1,0,1,4,2,28,0,1,2,00,2,1,17,200900012846B01,7,22,1
200900012894,2009-07-29,2009,juillet,mercredi,12:00,75,75120,0,0,2,2,3,1,1,4,2,04,1,1,000,117,1,0,1,4,2,33,5,1,2,00,2,1,1,200900012894B01,10,1,1
200900012905,2009-07-30,2009,juillet,jeudi,64:0,75,75120,0,0,2,1,3,1,2,4,1,02,1,1,000,160,1,0,1,4,1,56,1,1,2,00,2,1,1,200900012905B01,10,10,1
200900012907,2009-07-30,2009,juillet,jeudi,14:05,75,75102,0,0,2,5,3,1,1,4,1,,1,2,000,161,1,0,1,4,1,31,5,1,2,00,2,1,1,200900012907A01,7,1,1
200900012929,2009-07-31,2009,juillet,vendredi,16:45,75,75118,0,0,2,1,3,1,1,4,2,01,2,1,000,100,1,0,1,4,2,50,5,1,2,00,2,2,1,200900012929B01,7,22,1
200900012931,2009-07-31,2009,juillet,vendredi,18:40,75,75106,0,0,2,5,6,1,1,4,2,02,2,1,000,089,1,0,1,4,2,31,1,1,2,00,2,2,14,200900012931B01,7,17,1
200900012931,2009-07-31,2009,juillet,vendredi,18:40,75,75106,0,0,2,5,6,1,1,4,2,02,2,1,000,089,1,0,1,1,1,68,0,1,2,12,2,8,23,200900012931C01,7,17,1
200900012940,2009-05-19,2009,mai,mardi,10:20,79,79329,0,0,1,1,6,1,1,3,2,02,1,1,000,070,1,0,3,3,1,15,2,1,9,00,0,1,1,200900012940A01,,,
200900012951,2009-05-04,2009,mai,lundi,20:20,79,79191,0,0,1,6,7,2,1,3,2,02,1,1,000,070,1,5,1,4,2,36,0,1,2,00,1,0,1,200900012951B01,7,9,1
200900012964,2009-05-29,2009,mai,vendredi,91:5,53,53119,0.00004,NaN,1,1,2,1,1,3,2,02,1,1,000,098,1,0,1,2,1,64,5,1,2,00,2,4,1,200900012964B02,7,1,1
200900012966,2009-05-27,2009,mai,mercredi,15:00,53,53123,0,0,1,3,1,1,1,3,2,02,1,1,000,057,1,0,1,2,1,81,0,1,1,00,2,7,1,200900012966A01,10,15,1
200900012992,2009-04-24,2009,avril,vendredi,80:0,31,31555,0,0,2,3,3,1,1,4,2,02,1,1,000,060,1,0,1,4,2,29,2,1,4,00,2,8,1,200900012992B01,7,19,1
200900012996,2009-04-18,2009,avril,samedi,21:5,31,31555,0,0,2,1,3,5,2,4,1,01,1,1,000,030,2,0,1,4,1,22,0,1,4,00,2,1,16,200900012996B01,7,1,1
200900013004,2009-04-18,2009,avril,samedi,91:0,31,31555,0,0,2,1,3,1,1,4,2,03,2,3,000,090,1,0,1,3,1,40,5,1,2,00,2,1,1,200900013004B01,7,15,1
200900013014,2009-04-12,2009,avril,dimanche,35:,31,31555,0,0,2,1,3,5,2,4,2,02,1,1,000,075,2,0,1,4,2,24,0,1,2,00,2,0,15,200900013014B01,7,16,1
200900013033,2009-04-29,2009,avril,mercredi,21:30,31,31446,0.00004,0,2,1,1,5,1,4,2,02,1,1,150,000,1,0,1,3,1,59,9,1,1,00,0,4,2,200900013033B01,7,2,1
200900013041,2009-04-28,2009,avril,mardi,12:00,31,31555,0,0,2,2,3,1,1,4,1,00,1,1,000,000,1,0,1,4,1,54,1,1,2,00,2,7,0,200900013041A01,2,0,1
200900013042,2009-04-03,2009,avril,vendredi,22:3,31,31555,0.00004,0,2,1,2,5,1,4,2,05,4,1,000,155,1,0,1,2,1,20,5,1,2,00,2,4,15,200900013042A01,7,1,1
200900013046,2009-04-23,2009,avril,jeudi,12:40,31,31555,0.00004,0,2,6,3,1,1,3,2,00,1,1,000,000,1,0,1,4,1,9,0,1,9,00,2,1,1,200900013046B01,7,0,1
200900013049,2009-04-16,2009,avril,jeudi,80:0,31,31555,0,0,2,1,4,1,1,4,2,02,1,1,000,085,1,0,1,4,2,47,4,1,2,00,2,0,13,200900013049C01,7,22/1,2
200900013060,2009-03-19,2009,mars,jeudi,16:15,15,15266,0,-0,2,1,1,1,1,2,2,02,1,1,000,080,1,0,1,2,1,72,5,1,2,00,2,1,0,200900013060B02,7,13,1
200900013074,2009-05-06,2009,mai,mercredi,94:0,31,31555,0,0,2,1,3,1,1,4,2,02,1,1,000,075,1,0,1,4,2,35,4,1,2,12,2,9,1,200900013074B01,7,14,1
200900013076,2009-05-22,2009,mai,vendredi,12:10,31,31555,0,0,2,1,3,1,1,4,3,00,2,1,000,000,1,0,1,4,1,75,0,1,9,00,2,0,0,200900013076A01,7,0,1
200900013095,2009-05-05,2009,mai,mardi,85:3,31,31555,0,0,2,6,3,1,1,4,2,00,1,1,000,000,1,0,1,4,1,66,0,1,9,00,2,1,0,200900013095B01,7,0,1
200900013099,2009-05-29,2009,mai,vendredi,11:40,31,31069,0,0,2,3,2,1,1,4,2,02,1,1,000,065,1,0,1,3,1,64,5,1,2,00,2,4,9,200900013099B01,7,2,1
200900013105,2009-05-08,2009,mai,vendredi,16:25,31,31555,0,0,2,1,3,1,1,4,1,02,1,1,000,125,1,0,1,4,1,24,9,1,2,00,2,4,1,200900013105B01,7,14,1
200900013124,2009-05-24,2009,mai,dimanche,19:15,31,31555,0,0,2,1,3,1,1,4,2,00,1,1,000,000,1,0,1,4,1,15,5,1,2,00,2,5,19,200900013124B01,33,3,1
200900013172,2009-05-19,2009,mai,mardi,15:45,15,15191,0,-0,1,1,2,1,1,3,2,02,2,1,000,052,1,0,1,3,1,68,5,1,2,00,2,1,1,200900013172A01,7,1,1
200900013183,2009-06-26,2009,juin,vendredi,84:5,04,04124,0.00004,0,1,1,7,1,1,3,2,00,2,1,000,052,1,0,1,3,2,60,5,1,2,00,0,7,1,200900013183A01,,,
200900013253,2009-03-14,2009,mars,samedi,91:5,71,71176,0.00004,0,2,1,5,1,1,3,2,00,1,1,000,000,1,0,5,3,1,64,5,1,2,00,2,2,1,200900013253B02,7,23/16,2
200900013276,2009-04-09,2009,avril,jeudi,90:5,17,17300,0,0,2,2,3,1,1,4,2,02,1,1,000,000,1,0,1,4,1,54,4,1,2,00,2,1,1,200900013276B01,7,15,1