Num_Acc,date,an,mois,jour,hrmn,dep,com,lat,long,agg,int,col,lum,atm,catr,circ,nbv,prof,plan,lartpc,larrout,surf,infra,situ,grav,sexe,age,trajet,secuexist,equipement,obs,obsm,choc,manv,vehiculeid,typevehicules,manoeuvehicules,numVehicules
200900013282,2009-04-09,2009,avril,jeudi,16:55,17,17300,0,0,2,1,6,1,1,4,1,01,1,1,000,000,1,0,1,4,2,46,0,1,9,01,0,1,1,200900013282B01,7,22,1
200900013289,2009-04-14,2009,avril,mardi,93:0,17,17300,0,0,2,1,3,1,1,4,2,02,1,1,000,000,1,0,1,4,1,30,1,1,2,00,2,4,15,200900013289B01,7,1,1
200900013295,2009-04-19,2009,avril,dimanche,10:30,17,17056,0,0,1,1,2,1,1,3,2,00,1,1,000,000,1,0,1,2,1,54,5,1,2,00,9,1,2,200900013295A01,1,2,1
200900013295,2009-04-19,2009,avril,dimanche,10:30,17,17056,0,0,1,1,2,1,1,3,2,00,1,1,000,000,1,0,1,1,1,63,5,1,2,00,9,4,2,200900013295B02,1,2,1
200900013319,2009-04-22,2009,avril,mercredi,18:15,17,17142,0,0,2,1,3,1,1,9,2,00,1,-1,000,000,1,0,1,3,1,19,1,1,1,00,2,1,19,200900013319A01,7,1,1
200900013332,2009-04-23,2009,avril,jeudi,10:59,17,17300,0,0,2,1,3,1,1,4,2,02,1,1,000,000,1,0,1,3,1,14,5,1,2,00,2,8,19,200900013332A01,7,1,1
200900013398,2009-03-31,2009,mars,mardi,18:30,70,70408,0.00004,0,2,2,3,1,1,3,2,00,-1,-1,000,061,-1,0,0,3,1,16,1,1,2,00,2,4,15,200900013398B02,7,23,1
200900013404,2009-04-18,2009,avril,samedi,16:15,70,70364,0.00004,0,2,1,1,1,8,3,2,02,4,3,000,080,1,0,1,3,1,53,5,1,2,00,2,1,1,200900013404B02,2,13,1
200900013418,2009-05-22,2009,mai,vendredi,81:5,47,47054,0,0,1,1,3,1,1,3,2,02,2,1,062,000,1,0,1,3,2,59,5,1,2,00,2,1,15,200900013418B02,7,1,1
200900013437,2009-05-27,2009,mai,mercredi,13:15,73,73084,0.00004,0,1,2,2,1,1,3,2,03,1,1,000,108,1,0,1,2,1,63,5,1,2,00,2,6,5,200900013437B02,7,17,1
200900013440,2009-05-26,2009,mai,mardi,91:5,73,73065,0,0,2,2,3,1,1,4,2,02,2,1,000,070,1,5,1,3,2,37,1,1,2,00,2,3,2,200900013440A01,14,16,1
200900013466,2009-06-02,2009,juin,mardi,90:0,47,47324,0,0,2,1,1,1,1,4,1,01,1,2,000,050,1,0,1,3,1,74,5,1,2,00,2,1,5,200900013466A01,7,15,1
200900013524,2009-02-02,2009,février,lundi,15:50,33,33063,0,0,2,2,3,1,1,4,1,02,1,1,000,100,1,0,1,3,2,85,0,1,4,00,2,1,0,200900013524B01,7,16,1
200900013532,2009-04-23,2009,avril,jeudi,18:20,74,74010,0,0,2,3,3,1,1,3,2,02,-1,1,000,080,1,0,1,4,2,41,9,1,9,00,2,1,19,200900013532A01,33,1,1
200900013551,2009-04-15,2009,avril,mercredi,71:5,74,74064,0,0,1,1,1,1,1,3,2,02,2,3,000,062,1,0,1,3,1,36,1,1,2,00,2,5,13,200900013551A01,14,1,1
200900013552,2009-04-15,2009,avril,mercredi,12:00,74,74056,0,0,1,3,3,1,1,4,2,00,1,1,000,041,1,0,1,3,2,63,5,1,9,00,2,1,16,200900013552B02,7,1,1
200900013574,2009-06-26,2009,juin,vendredi,19:05,15,15012,0,-0,2,3,1,1,1,4,2,02,1,1,000,080,1,0,1,3,1,14,5,1,2,00,2,1,16,200900013574A01,7,1,1
200900013594,2009-05-27,2009,mai,mercredi,20:03,07,07019,0,0,2,3,3,1,1,4,2,02,2,1,000,065,1,0,1,3,1,23,9,1,2,00,2,8,0,200900013594B01,7,15,1
200900013618,2009-04-07,2009,avril,mardi,12:30,60,60142,0,0,1,1,4,1,2,3,2,02,3,1,000,064,2,0,1,3,1,36,5,1,2,00,2,8,1,200900013618D04,7,1/17,3
200900013640,2009-01-23,2009,janvier,vendredi,74:5,50,50129,0.00004,NaN,2,1,3,5,2,4,3,04,1,1,025,072,2,0,5,4,1,18,1,1,2,00,2,1,1,200900013640B01,7,9,1
200900013649,2009-01-17,2009,janvier,samedi,11:00,50,50256,0.00004,NaN,1,1,3,1,7,3,2,02,1,1,000,061,1,0,1,3,1,81,5,1,8,00,0,4,1,200900013649B01,7,1,1
200900013677,2009-01-08,2009,janvier,jeudi,83:0,78,78490,0.00004,0,2,6,3,2,1,4,2,02,1,2,000,060,2,0,1,4,1,16,2,1,2,00,2,1,1,200900013677B01,7,9,1
200900013718,2009-01-19,2009,janvier,lundi,12:05,78,78168,0.00004,0,2,3,3,1,1,3,2,02,1,1,020,072,1,0,1,4,1,63,5,1,2,00,2,6,13,200900013718B01,7,1,1
200900013720,2009-01-19,2009,janvier,lundi,17:20,78,78146,0.00004,0,2,1,1,2,2,4,1,01,1,1,000,047,2,0,1,3,1,26,5,1,2,00,2,1,5,200900013720B01,7,1,1
200900013760,2009-01-31,2009,janvier,samedi,15:20,78,78220,0.00004,0,1,9,3,1,1,2,3,04,1,1,000,000,1,0,1,4,1,48,9,1,2,00,2,7,13,200900013760A01,7,1,1
200900013798,2009-03-15,2009,mars,dimanche,11:30,22,22360,0,0,2,1,7,1,1,4,2,02,2,1,000,000,1,0,1,3,1,60,5,1,2,00,0,1,1,200900013798A01,,,
200900013817,2009-03-04,2009,mars,mercredi,74:5,22,22360,0,0,2,3,7,2,1,3,2,02,1,1,000,070,2,0,1,4,1,14,2,1,9,00,0,0,1,200900013817A01,,,
200900013958,2009-05-03,2009,mai,dimanche,17:30,65,65440,0,0,2,1,3,1,1,4,1,01,1,1,000,030,1,0,1,3,2,11,5,1,2,00,2,0,0,200900013958A01,7,1,1
200900013962,2009-05-13,2009,mai,mercredi,17:55,65,65440,0,0,2,1,6,1,1,4,2,02,1,1,000,080,1,0,1,4,2,72,3,1,2,00,0,7,1,200900013962B01,7,22,1
200900013964,2009-05-06,2009,mai,mercredi,17:10,65,65440,0,0,2,1,6,1,1,3,2,03,1,1,000,110,1,0,1,3,1,70,5,1,2,00,0,0,1,200900013964B01,7,1,1
200900013980,2009-05-03,2009,mai,dimanche,13:45,65,65025,0,0,2,3,3,1,1,3,2,02,1,1,000,070,1,0,1,3,1,74,5,1,2,00,2,1,19,200900013980B02,7,1,1
200900013985,2009-06-11,2009,juin,jeudi,20:45,65,65440,0,0,2,1,6,1,1,4,2,02,1,1,000,058,1,0,1,4,1,58,5,1,2,01,0,1,1,200900013985B01,7,22,1
200900013986,2009-06-13,2009,juin,samedi,13:30,65,65145,0,0,1,1,1,1,1,3,2,00,1,3,000,074,1,0,1,3,1,51,5,1,2,00,2,1,13,200900013986A01,7,1,1
200900013992,2009-06-23,2009,juin,mardi,18:00,65,65340,0,0,1,1,2,1,1,2,2,03,-1,1,000,101,1,5,1,3,1,63,5,1,1,00,0,4,11,200900013992B02,10,2,1
200900014068,2009-01-09,2009,janvier,vendredi,73:0,11,11262,0,0,2,3,1,5,2,4,2,02,1,1,000,000,2,0,1,4,1,57,5,1,9,00,2,2,21,200900014068B01,7,1,1
200900014069,2009-01-29,2009,janvier,jeudi,18:40,11,11262,0,0,2,1,7,5,1,4,2,02,1,1,000,000,1,0,1,4,1,19,0,1,9,00,0,1,1,200900014069A01,,,
200900014275,2009-05-30,2009,mai,samedi,19:30,27,27022,0.00004,0,2,1,1,1,1,4,2,02,1,1,000,000,1,0,1,1,1,21,5,1,1,00,2,8,15,200900014275B02,2,2,1
200900014291,2009-05-13,2009,mai,mercredi,14:45,27,27008,0.00004,0,1,6,3,1,1,3,1,02,1,2,000,000,1,5,1,3,1,55,5,1,2,00,9,8,9,200900014291A01,1,16,1
200900014291,2009-05-13,2009,mai,mercredi,14:45,27,27008,0.00004,0,1,6,3,1,1,3,1,02,1,2,000,000,1,5,1,1,1,48,5,1,2,00,9,7,16,200900014291B02,1,9,1
200900014293,2009-05-17,2009,mai,dimanche,12:15,27,27207,0.00004,0,1,2,1,1,1,3,2,02,1,1,000,000,1,0,1,4,1,76,5,1,2,00,2,7,13,200900014293A01,7,1,1
200900014298,2009-05-20,2009,mai,mercredi,15:45,27,27681,0.00004,0,2,9,6,1,1,3,2,03,1,1,000,090,1,2,1,4,1,13,5,1,2,00,2,1,19,200900014298A01,7,16,1
200900014322,2009-04-03,2009,avril,vendredi,15:30,02,02810,0,0,2,7,1,1,1,4,3,01,1,-1,010,074,1,0,1,4,1,61,5,1,2,00,2,0,2,200900014322B02,7,17,1
200900014328,2009-04-05,2009,avril,dimanche,16:00,02,02221,0,0,2,3,3,1,1,3,-1,02,1,1,000,052,1,0,1,3,1,16,5,1,2,00,2,3,19,200900014328A01,7,1,1
200900014351,2009-03-11,2009,mars,mercredi,14:20,95,95018,0.00004,0,2,1,3,1,1,4,1,01,1,2,000,087,1,0,1,3,1,14,5,1,2,00,2,0,19,200900014351B01,7,1,1
200900014355,2009-03-11,2009,mars,mercredi,18:20,95,95252,0.00004,0,2,6,6,1,1,4,-1,02,1,1,000,000,1,5,0,4,2,42,0,1,9,00,0,1,1,200900014355B01,7,9,1
200900014374,2009-03-30,2009,mars,lundi,12:00,95,95203,0.00004,0,2,1,6,1,1,4,-1,02,1,1,000,000,1,0,1,4,1,31,0,1,9,00,0,1,1,200900014374B01,7,9,1
200900014385,2009-03-21,2009,mars,samedi,84:0,95,95252,0.00004,0,2,1,6,1,1,3,2,04,1,1,000,000,1,0,1,4,1,74,0,1,9,00,0,1,1,200900014385B01,7,1,1
200900014467,2009-04-04,2009,avril,samedi,15:55,90,90099,0,0,2,1,7,1,1,4,2,02,2,1,000,060,1,0,3,4,1,42,0,1,2,00,0,1,1,200900014467A01,,,
200900014468,2009-04-05,2009,avril,dimanche,43:0,90,90034,0,0,1,1,1,3,8,3,2,04,2,1,000,145,2,3,1,2,1,24,5,1,4,00,0,4,1,200900014468B02,7,9,1
200900014480,2009-05-02,2009,mai,samedi,11:25,90,90099,0,0,2,6,3,1,1,4,1,02,1,2,000,059,1,5,5,4,2,30,5,1,2,00,2,1,1,200900014480B01,7,16,1
200900014482,2009-05-04,2009,mai,lundi,12:46,90,90010,0,0,2,1,1,1,1,4,2,02,1,1,000,060,1,0,4,4,1,17,0,1,2,00,0,1,1,200900014482A01,7,1,1
200900014520,2009-01-14,2009,janvier,mercredi,53:0,77,77099,0.00004,0,1,1,2,3,5,3,2,02,2,1,000,070,2,0,1,3,1,36,1,1,4,00,0,4,2,200900014520B02,7,2,1
200900014595,2009-06-20,2009,juin,samedi,14:50,43,43041,0,0,2,6,6,1,1,2,1,02,1,2,000,086,1,0,1,4,2,80,3,1,9,00,2,0,0,200900014595B01,7,1,1
200900014605,2009-05-05,2009,mai,mardi,13:55,10,10387,0,0,2,2,3,1,2,4,2,03,1,1,000,105,2,0,1,4,2,41,4,1,2,00,2,8,1,200900014605B01,10,1,1
200900014606,2009-05-12,2009,mai,mardi,16:30,10,10362,0,0,2,2,3,1,1,4,1,01,1,1,000,070,1,0,1,3,1,6,0,1,2,00,2,1,1,200900014606A01,7,1,1
200900014625,2009-06-30,2009,juin,mardi,81:5,86,86121,0,0,2,1,1,1,1,3,2,02,1,1,000,063,1,0,1,3,1,69,0,1,2,00,2,1,1,200900014625B02,30,16,1
200900014661,2009-05-19,2009,mai,mardi,16:43,49,49007,0,0,2,2,1,1,1,4,2,02,1,1,000,142,1,0,1,4,1,17,0,1,9,00,0,1,0,200900014661B01,7,15,1
200900014666,2009-05-30,2009,mai,samedi,14:45,49,49007,0,0,2,1,1,1,1,4,2,01,1,1,000,020,1,0,1,4,1,7,5,1,9,00,0,0,2,200900014666B01,7,1,1
200900014667,2009-05-28,2009,mai,jeudi,13:55,49,49007,0,0,2,1,7,1,1,4,2,01,1,1,000,030,1,0,1,4,2,20,1,1,9,00,0,0,1,200900014667B01,7,24,1
200900014673,2009-05-23,2009,mai,samedi,15:55,49,49007,0,0,2,3,6,1,1,4,2,02,1,1,000,060,1,0,1,4,1,20,0,1,9,00,0,1,0,200900014673A01,7,0,1
200900014676,2009-05-19,2009,mai,mardi,17:28,49,49246,0,0,2,3,3,1,1,4,2,02,1,1,000,050,1,0,1,4,1,20,0,1,9,00,0,1,1,200900014676B01,7,15,1
200900014680,2009-05-04,2009,mai,lundi,10:53,49,49007,0,0,2,1,6,1,1,4,-1,02,1,-1,000,000,-1,0,1,4,2,37,0,1,2,00,2,0,0,200900014680B01,37,0,1
200900014730,2009-05-29,2009,mai,vendredi,17:02,49,49007,0,0,2,1,2,1,1,4,2,01,1,1,000,037,1,0,1,4,1,48,0,1,9,00,0,0,0,200900014730B01,7,0,1
200900014739,2009-06-13,2009,juin,samedi,11:45,79,79013,0,0,1,1,1,1,1,3,2,00,1,1,106,063,1,0,1,3,1,52,5,1,2,00,9,4,21,200900014739B02,7,17,1
200900014743,2009-06-18,2009,juin,jeudi,19:00,79,79265,0,0,2,1,1,1,1,3,2,00,-1,2,000,050,1,0,1,4,1,3,0,1,3,00,2,1,1,200900014743B02,30,1,1
200900014743,2009-06-18,2009,juin,jeudi,19:00,79,79265,0,0,2,1,1,1,1,3,2,00,-1,2,000,050,1,0,1,4,1,30,0,1,2,00,2,1,1,200900014743B02,30,1,1
200900014752,2009-06-22,2009,juin,lundi,12:17,79,79300,0,0,2,1,3,1,1,3,2,02,1,1,000,105,1,0,1,4,1,53,9,1,9,00,2,3,1,200900014752B01,7,15,1
200900014759,2009-06-26,2009,juin,vendredi,11:00,79,79191,0,0,2,1,7,1,1,4,2,02,1,1,000,065,1,0,1,4,1,83,0,1,9,00,0,0,2,200900014759B01,7,1,1
200900014781,2009-04-24,2009,avril,vendredi,16:00,30,30334,0.00004,0,2,1,1,1,1,4,2,02,1,1,000,000,1,0,1,3,1,73,5,1,1,00,2,3,13,200900014781B02,7,1,1
200900014810,2009-04-13,2009,avril,lundi,15:43,30,30189,0.00004,0,2,2,3,1,1,4,2,02,2,1,000,066,1,0,1,3,1,58,5,1,4,00,2,1,1,200900014810B01,7,15,1
200900014828,2009-05-08,2009,mai,vendredi,20:13,30,30189,0.00004,0,2,1,6,1,1,4,-1,01,1,1,000,012,1,0,1,3,1,7,9,1,9,00,2,0,0,200900014828B01,2,0,1
200900014898,2009-05-03,2009,mai,dimanche,12:30,30,30331,0,0,1,1,3,1,1,4,2,02,1,1,000,060,1,0,0,3,2,9,5,1,1,00,2,1,16,200900014898A01,10,1,1
200900014924,2009-01-14,2009,janvier,mercredi,14:50,82,82079,0.00004,0,1,4,5,1,1,3,2,02,1,1,000,042,1,0,1,3,1,40,5,1,2,00,2,1,15,200900014924B02,7,16,1
200900014924,2009-01-14,2009,janvier,mercredi,14:50,82,82079,0.00004,0,1,4,5,1,1,3,2,02,1,1,000,042,1,0,1,3,1,47,5,1,2,00,2,1,15,200900014924C03,7,16,1
200900014939,2009-02-04,2009,février,mercredi,74:5,82,82186,0.00004,0,1,1,1,2,1,3,2,02,1,1,000,060,1,0,1,3,2,47,1,1,9,00,2,8,1,200900014939B02,10,17,1
200900014958,2009-04-11,2009,avril,samedi,20:00,59,59365,0,0,2,3,1,1,1,3,2,02,1,1,000,090,1,0,1,4,1,14,5,1,9,16,0,1,9,200900014958C01,7,1,1
200900014959,2009-04-10,2009,avril,vendredi,15:10,59,59350,0,0,2,1,6,1,1,4,1,02,1,1,000,000,1,0,1,4,1,24,5,1,2,00,2,1,1,200900014959B01,7,15,1
200900014968,2009-04-10,2009,avril,vendredi,22:10,59,59234,0,0,1,1,2,3,1,3,1,02,1,1,000,000,1,0,1,3,1,21,5,1,9,00,0,4,2,200900014968B01,7,1,1
200900014975,2009-04-09,2009,avril,jeudi,14:45,59,59352,0,0,2,1,3,1,1,4,1,01,1,1,050,035,1,0,1,4,1,12,2,1,9,00,0,7,6,200900014975B01,7,1,1
200900015000,2009-04-15,2009,avril,mercredi,16:30,59,59122,0,0,2,1,6,1,1,4,2,02,2,1,000,070,1,0,1,3,2,10,5,1,9,00,2,5,1,200900015000B01,7,1,1
200900015029,2009-04-29,2009,avril,mercredi,11:00,59,59655,0,0,1,1,3,1,1,4,2,02,2,1,031,031,1,0,1,3,1,61,0,1,1,00,2,3,1,200900015029B02,7,1,1
200900015032,2009-04-20,2009,avril,lundi,21:30,59,59187,0.00005,0,1,1,1,3,1,2,2,02,1,1,000,000,1,0,1,3,1,25,5,1,8,00,0,4,2,200900015032B02,7,2,1
200900015062,2009-04-28,2009,avril,mardi,15:40,59,59599,0,0,2,1,1,1,1,4,2,02,1,1,000,040,1,0,0,4,1,12,5,1,9,00,0,8,0,200900015062B01,7,0,1
200900015066,2009-04-14,2009,avril,mardi,85:5,59,59350,0,0,2,2,6,1,1,4,1,01,1,1,000,300,1,0,1,4,2,19,2,1,4,00,2,8,1,200900015066B01,7,16,1
200900015067,2009-04-29,2009,avril,mercredi,12:30,59,59636,0,0,2,1,6,1,1,4,2,02,1,1,000,000,1,0,1,4,2,70,5,1,4,00,2,3,1,200900015067B01,7,17,1
200900015141,2009-04-26,2009,avril,dimanche,10:45,59,59253,0,0,2,1,1,1,1,3,2,02,1,1,000,060,1,0,1,3,1,12,3,1,9,00,2,0,0,200900015141B01,7,1,1
200900015155,2009-06-04,2009,juin,jeudi,18:50,28,28085,0.00004,0,2,1,3,1,1,4,2,02,1,1,000,100,1,0,1,4,1,41,0,1,4,00,2,1,1,200900015155B01,7,1,1
200900015197,2009-03-05,2009,mars,jeudi,10:00,82,82125,0.00004,0,2,1,3,1,1,3,-1,00,2,1,000,000,2,0,1,3,1,75,5,1,2,00,2,7,15,200900015197A01,7,1,1
200900015230,2009-03-19,2009,mars,jeudi,14:40,02,02691,0,0,2,2,3,1,1,4,1,01,2,1,000,082,1,0,1,3,1,33,5,1,9,00,2,8,1,200900015230A01,7,1,1
200900015232,2009-03-19,2009,mars,jeudi,12:40,02,02666,0,0,1,3,1,1,1,3,2,00,2,-1,000,062,1,0,1,2,1,15,5,1,2,00,0,1,1,200900015232A01,10,1,1
200900015248,2009-06-14,2009,juin,dimanche,11:00,73,73207,0.00004,0,1,1,7,1,1,3,1,02,-1,2,000,089,9,0,1,3,2,47,5,1,2,16,0,8,1,200900015248A01,,,
200900015264,2009-05-11,2009,mai,lundi,17:45,02,02691,0,0,2,3,3,1,1,4,2,02,1,1,000,071,1,0,1,4,1,24,0,1,9,00,2,8,1,200900015264B01,7,16,1
200900015281,2009-05-18,2009,mai,lundi,17:45,02,02511,0,0,2,1,1,1,1,4,2,02,2,1,000,054,1,0,1,3,1,6,5,1,2,00,2,7,19,200900015281B02,7,1,1
200900015283,2009-05-18,2009,mai,lundi,10:30,02,02383,0,0,1,1,2,1,1,3,2,02,2,1,000,075,1,0,1,3,1,64,5,1,2,00,0,4,1,200900015283B02,7,17,1
200900015291,2009-06-21,2009,juin,dimanche,20:40,02,02574,0,0,2,1,1,1,1,3,2,01,1,-1,000,000,1,0,1,3,1,17,5,1,2,00,2,8,0,200900015291B02,7,1,1
200900015308,2009-06-16,2009,juin,mardi,19:30,02,02381,0,0,2,1,3,1,1,4,2,02,1,1,000,058,1,0,1,3,1,10,5,1,1,00,2,8,19,200900015308A01,7,1,1
200900015325,2009-05-06,2009,mai,mercredi,20:39,36,36044,0,0,2,1,7,1,1,4,1,01,1,1,000,078,1,0,1,4,1,37,5,1,4,00,0,0,14,200900015325A01,,,
200900015337,2009-05-26,2009,mai,mardi,80:0,36,36044,0.00004,0,2,4,3,1,8,4,1,01,1,1,000,000,1,0,1,4,1,12,2,1,2,00,2,1,16,200900015337A01,7,1,1
200900015351,2009-05-14,2009,mai,jeudi,18:45,05,05046,0,0,2,6,3,1,2,2,2,02,1,3,076,052,2,5,1,3,2,16,5,1,2,00,2,1,1,200900015351B02,7,1,1
200900015352,2009-05-16,2009,mai,samedi,10:40,05,05061,0,0,2,3,3,1,1,3,2,02,2,1,000,056,1,0,4,4,1,51,3,1,9,,,1,1,200900015352A01,7,16,1
200900015360,2009-06-02,2009,juin,mardi,17:39,41,41018,0,0,2,1,2,1,1,4,2,02,1,1,000,000,1,0,1,4,1,23,9,1,9,00,2,1,1,200900015360B01,7,16,1
200900015439,2009-02-17,2009,février,mardi,18:15,35,35051,0,0,1,6,1,1,1,3,2,00,1,1,077,000,1,0,1,4,1,59,1,1,2,00,2,7,1,200900015439A01,7,9,1
200900015441,2009-02-28,2009,février,samedi,93:0,35,35337,0,0,1,1,1,1,1,3,2,02,-1,1,000,000,1,0,1,2,1,37,5,1,1,00,2,1,1,200900015441B02,7,15,1
200900015449,2009-04-09,2009,avril,jeudi,85:0,38,38185,0,0,2,1,7,1,1,4,2,02,1,1,000,126,1,0,5,4,2,24,0,1,9,01,0,0,1,200900015449B01,7,24,1
200900015464,2009-04-19,2009,avril,dimanche,18:45,38,38451,0,0,2,1,1,1,1,9,2,02,1,-1,060,000,1,0,4,3,2,5,5,1,1,00,2,0,1,200900015464B02,7,19,1
200900015464,2009-04-19,2009,avril,dimanche,18:45,38,38451,0,0,2,1,1,1,1,9,2,02,1,-1,060,000,1,0,4,4,2,39,5,1,1,00,2,0,1,200900015464B02,7,19,1
200900015464,2009-04-19,2009,avril,dimanche,18:45,38,38451,0,0,2,1,1,1,1,9,2,02,1,-1,060,000,1,0,4,3,1,8,5,1,1,00,2,0,1,200900015464B02,7,19,1
200900015464,2009-04-19,2009,avril,dimanche,18:45,38,38451,0,0,2,1,1,1,1,9,2,02,1,-1,060,000,1,0,4,4,2,33,5,1,1,00,2,0,1,200900015464B02,7,19,1
200900015464,2009-04-19,2009,avril,dimanche,18:45,38,38451,0,0,2,1,1,1,1,9,2,02,1,-1,060,000,1,0,4,4,1,34,5,1,1,00,2,0,1,200900015464B02,7,19,1
200900015464,2009-04-19,2009,avril,dimanche,18:45,38,38451,0,0,2,1,1,1,1,9,2,02,1,-1,060,000,1,0,4,3,2,4,5,1,1,00,2,0,1,200900015464B02,7,19,1
200900015481,2009-04-25,2009,avril,samedi,17:30,38,38214,0,0,2,1,1,1,1,3,2,00,1,1,000,076,1,0,1,3,1,59,5,1,2,00,2,1,1,200900015481B02,7,23,1
200900015492,2009-04-06,2009,avril,lundi,16:00,38,38507,0.00004,0,2,1,3,1,1,3,4,00,1,1,040,163,1,5,1,4,1,14,3,1,2,00,2,2,19,200900015492B02,33,1,1
200900015504,2009-04-30,2009,avril,jeudi,84:0,38,38421,0,0,2,1,3,1,1,4,2,00,1,1,000,074,1,3,1,4,2,36,0,1,9,00,2,1,1,200900015504B01,7,15,1
200900015509,2009-04-22,2009,avril,mercredi,16:15,38,38185,0,0,2,1,3,1,1,4,1,02,1,2,000,100,1,0,1,4,2,36,5,1,9,00,2,2,1,200900015509B01,7,9,1
200900015513,2009-04-24,2009,avril,vendredi,12:00,38,38423,0,0,2,1,3,1,1,4,3,02,1,-1,000,090,1,0,1,4,2,11,5,1,9,00,2,8,19,200900015513B01,7,1,1
200900015516,2009-04-17,2009,avril,vendredi,61:0,38,38185,0,0,2,1,7,2,1,4,2,03,1,1,000,105,1,0,1,3,1,42,0,1,9,12,2,0,1,200900015516B01,7,16,1
200900015537,2009-05-30,2009,mai,samedi,11:15,71,71581,0,0,1,1,3,1,1,3,2,02,2,1,075,000,1,0,1,4,1,71,5,1,4,00,2,8,1,200900015537B02,7,1,1
200900015542,2009-05-08,2009,mai,vendredi,11:45,71,71238,0.00004,0,2,1,6,1,1,3,2,02,2,1,075,000,1,0,4,3,1,32,5,1,1,01,0,1,14,200900015542A01,,,
200900015565,2009-05-27,2009,mai,mercredi,15:45,71,71153,0,0,2,3,3,1,1,3,2,02,1,1,000,107,1,0,1,4,1,12,5,1,9,00,2,0,15,200900015565B01,7,1,1
200900015577,2009-06-17,2009,juin,mercredi,14:45,16,16389,0.00005,0,2,1,3,1,1,3,2,00,1,1,000,051,1,0,1,3,1,9,5,1,2,00,2,8,1,200900015577B02,10,1,1
200900015627,2009-06-22,2009,juin,lundi,12:45,36,36046,0.00004,0,2,1,3,1,1,3,2,02,2,1,000,081,1,0,1,3,2,75,5,1,8,00,2,3,15,200900015627A01,17,17,1
200900015663,2009-05-31,2009,mai,dimanche,17:15,81,81315,0.00004,0,2,1,3,1,1,3,2,02,1,1,000,055,1,0,1,3,1,12,5,1,1,00,2,3,19,200900015663A01,7,1,1
200900015681,2009-06-19,2009,juin,vendredi,84:5,81,81120,0,0,1,1,7,1,1,2,2,02,1,1,000,070,1,0,1,3,1,42,5,1,2,13,0,1,1,200900015681A01,,,
200900015710,2009-02-11,2009,février,mercredi,14:20,84,84007,0,0,1,1,3,1,6,4,2,02,1,1,000,060,1,0,1,4,1,15,5,1,2,00,2,7,1,200900015710A01,7,1,1
200900015711,2009-02-06,2009,février,vendredi,19:30,84,84007,0,0,2,1,3,5,1,4,2,02,1,1,000,000,2,0,4,4,1,13,5,1,9,00,2,1,1,200900015711B01,7,1,1
200900015719,2009-02-18,2009,février,mercredi,13:45,84,84007,0,0,1,3,3,1,1,4,3,04,1,1,010,100,1,5,1,3,1,29,1,1,9,00,2,1,1,200900015719A01,17,16,1
200900015749,2009-03-09,2009,mars,lundi,15:20,84,84007,0,0,2,1,3,1,1,4,2,03,1,1,000,000,1,0,1,3,2,27,2,1,2,00,2,1,1,200900015749B01,7,15,1
200900015753,2009-03-14,2009,mars,samedi,13:10,84,84007,0,0,2,1,2,1,1,4,2,02,1,1,000,000,1,0,1,4,1,13,5,1,9,00,2,3,15,200900015753A01,7,1,1
200900015758,2009-03-28,2009,mars,samedi,11:30,84,84022,0,0,1,1,7,1,1,3,2,00,1,1,000,000,1,0,1,3,1,33,5,1,2,00,0,0,1,200900015758A01,,,
200900015778,2009-04-07,2009,avril,mardi,17:25,84,84087,0,0,2,1,3,1,1,4,2,02,1,1,000,075,1,0,1,3,1,12,5,1,2,00,2,1,19,200900015778B01,7,1,1
200900015792,2009-04-24,2009,avril,vendredi,19:00,84,84033,0.00004,0,1,3,1,1,1,3,-1,02,-1,1,000,056,1,0,1,3,1,11,0,1,2,00,2,8,15,200900015792B02,7,1,1
200900015805,2009-04-29,2009,avril,mercredi,11:00,84,84141,0,0,1,1,2,1,1,3,3,04,1,1,000,000,1,0,2,3,1,32,5,1,2,00,2,4,1,200900015805B02,7,1,1
200900015817,2009-04-25,2009,avril,samedi,16:45,84,84122,0.00004,0,2,1,1,1,1,3,2,02,-1,1,100,100,1,3,3,3,1,50,5,1,1,00,2,1,5,200900015817B02,31,1,1
200900015847,2009-05-26,2009,mai,mardi,11:05,84,84007,0,0,2,1,6,1,1,4,2,03,1,1,000,090,1,0,5,4,1,53,9,1,9,00,2,1,1,200900015847B01,7,15,1
200900015849,2009-05-22,2009,mai,vendredi,74:5,84,84007,0,0,2,6,3,1,1,3,1,03,1,2,300,090,1,5,1,3,1,59,5,1,9,00,2,7,1,200900015849B01,7,9,1
200900015857,2009-05-19,2009,mai,mardi,84:5,84,84092,0.00004,0,2,1,1,1,1,3,2,01,2,3,015,000,1,0,1,3,1,27,0,1,1,00,2,1,0,200900015857B02,7,19,1
200900015882,2009-08-12,2009,août,mercredi,17:15,75,75103,0,0,2,2,6,1,7,4,2,02,1,1,000,100,1,0,1,4,2,39,5,1,2,00,2,4,15,200900015882A01,7,2,1
200900015885,2009-08-12,2009,août,mercredi,21:40,75,75119,0,0,2,4,6,5,1,4,2,02,1,1,000,120,1,5,1,4,2,49,5,1,2,00,2,5,1,200900015885A01,7,1,1
200900015887,2009-08-13,2009,août,jeudi,19:10,75,75108,0,0,2,5,3,2,1,4,2,02,1,1,000,000,1,0,1,4,1,31,1,1,2,00,2,1,18,200900015887B01,7,16,1
200900015893,2009-08-13,2009,août,jeudi,81:0,75,75112,0,0,2,2,3,1,1,4,2,02,1,1,000,150,1,0,1,1,1,58,5,1,2,00,2,0,16,200900015893A01,32,1,1
200900015909,2009-08-14,2009,août,vendredi,13:45,75,75116,0,0,2,3,6,1,1,4,-1,01,1,-1,000,000,1,0,5,4,1,31,5,1,2,00,1,1,1,200900015909A01,,,