Num_Acc,date,an,mois,jour,hrmn,dep,com,lat,long,agg,int,col,lum,atm,catr,circ,nbv,prof,plan,lartpc,larrout,surf,infra,situ,grav,sexe,age,trajet,secuexist,equipement,obs,obsm,choc,manv,vehiculeid,typevehicules,manoeuvehicules,numVehicules
200900017695,2009-06-04,2009,juin,jeudi,90:0,49,49307,0,0,1,1,2,1,1,3,2,00,1,1,000,057,1,5,1,4,1,51,5,1,1,00,2,4,2,200900017695B02,7,2,1
200900017699,2009-06-22,2009,juin,lundi,20:15,49,49219,0.00004,0,1,1,5,1,1,3,2,02,1,1,000,000,1,0,1,4,1,33,5,1,1,00,0,4,1,200900017699B02,2,17,1
200900017699,2009-06-22,2009,juin,lundi,20:15,49,49219,0.00004,0,1,1,5,1,1,3,2,02,1,1,000,000,1,0,1,4,1,37,5,1,1,00,0,4,1,200900017699C03,2,17,1
200900017712,2009-06-23,2009,juin,mardi,14:10,49,49267,0,0,2,1,7,1,1,4,2,02,1,1,000,070,1,0,1,4,1,14,5,1,9,00,0,0,1,200900017712A01,,,
200900017714,2009-06-20,2009,juin,samedi,15:19,49,49007,0,0,2,1,7,1,1,4,2,02,1,1,000,000,1,0,1,4,1,34,9,1,9,15,0,0,0,200900017714A01,,,
200900017717,2009-06-27,2009,juin,samedi,11:35,49,49246,0,0,2,1,3,1,1,4,2,02,1,1,000,000,1,0,1,4,2,71,5,1,9,01,0,1,1,200900017717B01,7,24,1
200900017731,2009-06-17,2009,juin,mercredi,17:30,49,49007,0,0,2,1,3,1,1,4,2,02,1,1,000,050,1,0,1,4,2,33,0,1,9,00,0,0,15,200900017731B01,7,17,1
200900017756,2009-06-05,2009,juin,vendredi,17:45,27,27309,0.00004,0,2,1,3,1,1,3,2,02,2,1,000,000,1,0,1,3,1,14,0,1,8,00,2,1,0,200900017756B02,14,0,1
200900017764,2009-06-25,2009,juin,jeudi,16:45,27,27279,0.00004,0,2,4,5,1,1,3,2,02,1,1,019,060,1,0,1,3,1,64,5,1,1,00,0,1,0,200900017764C03,10,11,1
200900017764,2009-06-25,2009,juin,jeudi,16:45,27,27279,0.00004,0,2,4,5,1,1,3,2,02,1,1,019,060,1,0,1,2,1,58,5,1,1,00,0,0,0,200900017764B02,10,11,1
200900017765,2009-06-17,2009,juin,mercredi,21:00,27,27602,0.00004,0,1,1,2,1,1,3,2,02,1,1,000,000,1,0,1,4,1,17,5,1,4,00,0,4,0,200900017765B02,33,1,1
200900017766,2009-06-17,2009,juin,mercredi,17:15,27,27645,0.00004,0,1,3,3,1,1,3,2,02,1,1,053,000,1,0,1,3,2,15,5,1,2,00,2,2,19,200900017766A01,7,1,1
200900017813,2009-07-14,2009,juillet,mardi,91:5,60,60155,0,0,1,2,3,1,1,3,2,02,1,1,045,065,1,5,1,2,1,64,5,1,2,00,2,8,1,200900017813B02,7,19,1
200900017884,2009-02-09,2009,février,lundi,13:00,13,13001,0,0,2,3,6,1,1,9,2,02,1,1,000,000,1,0,1,4,1,69,0,1,9,00,2,1,1,200900017884B01,32,15,1
200900017940,2009-02-16,2009,février,lundi,17:00,13,13117,0,0,1,1,3,1,1,3,3,02,2,1,010,090,1,0,1,4,2,52,5,1,2,00,2,2,1,200900017940B01,33,9,1
200900017960,2009-02-26,2009,février,jeudi,14:25,13,13005,0,0,1,1,2,1,1,4,2,02,2,1,000,050,1,0,1,3,2,45,5,1,9,00,2,4,15,200900017960B01,10,1,1
200900018074,2009-02-20,2009,février,vendredi,12:35,13,13209,0,0,2,1,2,1,1,4,1,04,1,1,000,113,1,0,1,3,1,57,0,1,9,00,0,0,0,200900018074A01,7,2,1
200900018132,2009-02-26,2009,février,jeudi,23:35,13,13206,0,0,2,1,3,5,1,4,-1,00,1,1,000,000,1,0,1,4,2,22,0,1,9,01,0,0,0,200900018132B01,7,0,1
200900018170,2009-06-05,2009,juin,vendredi,19:15,01,01037,0.00004,0,1,1,7,1,1,3,2,00,2,3,000,060,1,0,1,3,1,52,5,1,2,13,0,1,14,200900018170A01,,,
200900018171,2009-06-02,2009,juin,mardi,18:55,01,01053,0.00004,0,2,2,3,1,1,2,2,04,1,1,000,120,1,0,1,4,1,32,1,1,8,00,2,1,1,200900018171B01,7,15,1
200900018185,2009-06-13,2009,juin,samedi,10:30,01,01447,0.00004,0,1,3,3,1,1,3,2,02,1,1,000,054,1,0,1,3,1,67,5,1,2,00,2,8,15,200900018185B02,7,1,1
200900018186,2009-06-14,2009,juin,dimanche,14:45,01,01297,0,0,1,1,1,1,1,4,2,02,1,1,000,030,1,0,1,3,1,10,5,1,8,00,2,8,13,200900018186B02,7,1,1
200900018188,2009-06-19,2009,juin,vendredi,91:5,01,01354,0.00004,0,1,6,3,1,1,3,2,02,1,1,000,000,1,5,1,3,1,69,5,1,9,00,2,8,5,200900018188B02,7,9,1
200900018201,2009-06-27,2009,juin,samedi,10:30,01,01290,0,0,2,1,6,1,1,4,1,01,4,1,000,032,1,0,1,1,1,19,9,1,2,00,1,1,21,200900018201A01,,,
200900018219,2009-07-20,2009,juillet,lundi,19:00,01,01240,0.00004,0,1,3,1,1,1,3,2,02,1,1,000,000,1,5,1,3,1,44,5,1,2,00,2,1,1,200900018219B02,7,15,1
200900018233,2009-07-23,2009,juillet,jeudi,21:15,01,01343,0,0,1,1,1,2,1,4,2,02,2,2,000,035,1,0,1,3,1,19,5,1,1,00,0,1,13,200900018233A01,7,1,1
200900018239,2009-07-03,2009,juillet,vendredi,14:15,01,01034,0,0,1,1,1,1,1,4,2,02,2,3,000,063,1,0,1,2,1,52,5,1,2,00,2,1,1,200900018239B02,10,13,1
200900018249,2009-06-02,2009,juin,mardi,16:45,68,68204,0.00004,0,1,1,7,1,1,4,-1,00,2,4,000,000,9,0,1,3,1,17,5,1,2,00,0,1,1,200900018249A01,,,
200900018256,2009-06-09,2009,juin,mardi,18:00,68,68224,0,0,2,8,3,1,1,4,1,01,1,1,000,055,1,5,1,4,1,78,5,1,2,00,2,3,9,200900018256B01,7,0,1
200900018257,2009-06-04,2009,juin,jeudi,18:00,68,68066,0,0,2,3,3,1,1,3,2,02,1,1,000,000,1,5,5,4,2,26,1,1,2,00,2,8,1,200900018257B01,7,15,1
200900018273,2009-06-12,2009,juin,vendredi,10:15,68,68297,0,0,2,7,3,1,1,4,2,02,1,1,000,070,1,0,1,4,2,19,1,1,2,00,2,7,1,200900018273B01,7,1,1
200900018276,2009-06-13,2009,juin,samedi,10:47,68,68224,0,0,2,2,3,1,1,4,1,01,1,1,000,080,1,5,1,3,1,81,3,1,9,00,2,1,19,200900018276B02,7,1,1
200900018290,2009-06-24,2009,juin,mercredi,20:00,68,68302,0.00004,0,1,1,2,1,1,3,2,02,1,1,000,062,1,0,1,3,1,48,5,1,9,00,0,4,2,200900018290B02,7,21,1
200900018292,2009-06-16,2009,juin,mardi,13:30,68,68066,0,0,2,1,3,1,1,4,2,02,1,1,000,080,1,0,1,3,1,10,2,1,2,00,2,6,19,200900018292B01,7,1,1
200900018296,2009-06-19,2009,juin,vendredi,11:00,68,68066,0,0,2,2,3,1,1,4,2,03,1,1,000,080,1,0,1,3,1,51,1,1,2,00,2,1,0,200900018296B01,7,1,1
200900018301,2009-06-24,2009,juin,mercredi,18:45,68,68224,0,0,2,2,3,1,1,4,2,02,1,1,000,058,1,0,0,3,2,41,5,1,2,00,2,1,19,200900018301B01,7,16,1
200900018304,2009-06-26,2009,juin,vendredi,17:15,68,68224,0,0,2,1,3,1,1,4,2,02,2,2,000,067,1,5,1,4,1,14,5,1,9,00,2,7,16,200900018304B01,7,0,1
200900018305,2009-07-29,2009,juillet,mercredi,14:00,88,88160,0.00004,0,2,2,3,1,1,3,2,02,1,1,000,063,1,0,5,4,2,16,5,1,8,00,2,1,1,200900018305B01,7,15,1
200900018312,2009-07-29,2009,juillet,mercredi,18:00,88,88196,0.00004,0,1,1,3,1,1,3,2,02,1,3,000,000,1,0,1,3,1,18,5,1,2,00,2,8,13,200900018312A01,7,1,1
200900018313,2009-07-24,2009,juillet,vendredi,13:30,88,88196,0.00004,0,2,1,6,1,1,3,1,02,1,1,000,040,1,0,1,4,1,62,5,1,2,00,1,1,1,200900018313A01,,,
200900018326,2009-07-31,2009,juillet,vendredi,18:10,88,88087,0.00004,0,2,2,3,1,1,3,2,02,2,1,000,063,1,0,1,3,1,50,5,1,8,00,2,2,1,200900018326B02,7,19,1
200900018336,2009-06-12,2009,juin,vendredi,11:15,32,32096,0.00004,NaN,1,1,3,1,1,2,2,02,2,1,000,065,1,0,1,3,1,81,5,1,2,00,2,8,0,200900018336B02,10,17,1
200900018370,2009-01-03,2009,janvier,samedi,16:20,94,94068,0.00004,0,2,1,2,2,1,4,1,01,1,1,000,000,1,0,1,4,2,77,5,1,9,00,2,1,1,200900018370B01,7,20,1
200900018382,2009-01-09,2009,janvier,vendredi,63:5,94,94001,0.00004,0,2,1,3,5,1,3,2,02,1,1,000,040,1,0,1,4,1,32,5,1,9,00,0,4,2,200900018382B01,7,17,1
200900018404,2009-01-12,2009,janvier,lundi,16:15,94,94058,0.00004,0,2,4,3,1,8,3,2,02,1,1,000,065,1,0,1,4,2,14,5,1,9,00,2,8,19,200900018404B01,7,17,1
200900018429,2009-01-19,2009,janvier,lundi,80:2,94,94052,0.00004,0,2,1,3,3,2,2,3,02,1,1,025,060,2,0,1,3,2,25,1,1,2,00,2,6,19,200900018429B01,7,1,1
200900018467,2009-01-24,2009,janvier,samedi,12:10,94,94042,0.00004,0,2,1,3,1,1,2,1,02,1,1,000,000,1,0,4,4,1,28,1,1,9,00,2,1,5,200900018467A01,33,9,1
200900018498,2009-02-01,2009,février,dimanche,12:10,94,94017,0.00004,0,2,1,4,1,1,2,1,00,2,2,000,000,1,0,1,4,1,59,5,1,2,00,2,4,2,200900018498C01,7,1,1
200900018498,2009-02-01,2009,février,dimanche,12:10,94,94017,0.00004,0,2,1,4,1,1,2,1,00,2,2,000,000,1,0,1,4,1,61,5,1,2,00,2,4,2,200900018498B01,7,1,1
200900018501,2009-02-25,2009,février,mercredi,19:50,94,94067,0.00004,0,2,2,1,5,1,2,2,05,1,1,000,000,1,0,1,4,1,58,5,1,9,00,2,1,1,200900018501B01,3,15,1
200900018551,2009-02-10,2009,février,mardi,12:50,94,94068,0.00004,0,2,2,6,1,2,3,2,01,1,1,000,075,2,0,1,4,2,56,1,1,9,00,2,8,19,200900018551B01,7,1,1
200900018594,2009-02-18,2009,février,mercredi,14:55,94,94077,0.00004,0,2,2,3,1,1,4,2,01,2,1,025,025,1,1,1,4,2,70,5,1,2,01,2,1,1,200900018594A01,7,1,1
200900018612,2009-02-22,2009,février,dimanche,15:55,94,94041,0.00004,0,2,1,3,1,1,2,2,04,1,1,000,000,1,0,1,4,1,52,5,1,2,00,2,1,1,200900018612B01,7,9,1
200900018619,2009-02-25,2009,février,mercredi,14:15,94,94073,0.00004,0,2,1,3,1,1,4,-1,02,1,1,000,000,1,0,0,4,1,57,5,1,9,00,0,6,2,200900018619B01,14,2,1
200900018623,2009-02-25,2009,février,mercredi,23:45,94,94033,0.00004,0,2,2,3,5,1,3,1,01,1,1,000,000,1,0,1,4,1,17,9,1,4,00,2,1,1,200900018623B01,10,1,1
200900018655,2009-03-07,2009,mars,samedi,15:40,56,56121,0.00004,NaN,2,1,3,1,1,4,2,02,1,1,000,000,1,0,1,4,1,26,0,1,2,00,2,1,1,200900018655B01,7,15,1
200900018664,2009-03-21,2009,mars,samedi,15:46,56,56098,0,0,2,1,7,1,1,9,2,02,1,1,000,000,1,0,1,4,1,15,5,1,9,00,0,0,1,200900018664A01,,,
200900018679,2009-03-26,2009,mars,jeudi,13:50,56,56260,0.00004,NaN,2,1,6,1,1,4,2,02,1,1,000,000,1,0,1,3,1,71,5,1,9,00,0,0,21,200900018679B01,7,22,1
200900018680,2009-03-19,2009,mars,jeudi,13:20,56,56260,0.00004,NaN,2,6,3,1,1,4,1,02,1,1,000,000,1,0,1,4,1,65,5,1,2,00,2,1,19,200900018680B01,7,1,1
200900018691,2009-03-05,2009,mars,jeudi,19:25,56,56260,0.00004,NaN,2,6,3,2,1,4,2,02,1,1,000,000,1,0,1,4,2,14,5,1,2,00,2,1,19,200900018691A01,7,1,1
200900018698,2009-03-23,2009,mars,lundi,85:7,56,56121,0.00004,NaN,2,6,3,1,1,3,1,01,2,3,000,000,1,0,1,4,2,26,5,1,9,00,2,7,1,200900018698B01,7,1,1
200900018703,2009-04-30,2009,avril,jeudi,16:00,56,56121,0.00004,NaN,2,1,7,1,1,9,2,02,1,1,000,000,1,0,4,4,1,69,5,1,9,12,0,7,1,200900018703A01,,,
200900018721,2009-04-28,2009,avril,mardi,18:25,56,56121,0.00004,NaN,2,1,6,1,1,9,2,02,2,2,000,000,1,0,1,1,1,32,5,1,9,00,1,1,1,200900018721A01,,,
200900018783,2009-03-08,2009,mars,dimanche,10:05,72,72181,0,0,2,1,3,1,2,4,2,04,1,1,000,000,2,0,0,4,1,62,5,1,2,00,0,8,1,200900018783B01,7,1,1
200900018786,2009-03-16,2009,mars,lundi,16:35,72,72181,0,0,2,1,6,1,1,4,1,02,1,1,000,065,1,0,1,4,1,49,1,1,2,00,0,7,1,200900018786B01,,,
200900018820,2009-05-10,2009,mai,dimanche,83:0,66,66074,0.00004,0,1,1,6,1,1,3,2,02,1,1,000,060,1,0,1,3,1,48,5,1,2,00,2,4,1,200900018820B02,,,
200900018830,2009-05-30,2009,mai,samedi,16:10,66,66136,0.00004,0,2,1,3,1,1,4,-1,00,1,1,000,000,1,0,1,4,1,19,5,1,2,00,2,7,19,200900018830B01,7,16,1
200900018885,2009-03-05,2009,mars,jeudi,17:00,94,94068,0.00004,0,2,2,3,1,1,4,2,02,3,1,000,000,1,0,1,4,1,12,2,1,9,00,2,1,1,200900018885A01,7,1,1
200900018922,2009-03-13,2009,mars,vendredi,15:40,94,94073,0.00004,0,2,1,6,1,1,4,2,02,1,1,000,000,1,0,1,4,1,41,5,1,2,01,0,2,1,200900018922A01,,,
200900018959,2009-03-19,2009,mars,jeudi,74:0,94,94052,0.00004,0,2,1,3,1,1,2,2,04,1,1,000,120,1,0,1,4,1,25,1,1,2,00,2,2,10,200900018959B01,7,1,1
200900018998,2009-03-24,2009,mars,mardi,10:10,94,94052,0.00004,0,2,1,3,1,1,4,1,01,2,1,000,050,1,0,1,4,1,19,2,1,9,00,2,1,19,200900018998B01,7,20,1
200900019002,2009-03-25,2009,mars,mercredi,10:25,94,94028,0.00004,0,2,1,6,1,2,4,2,02,1,1,000,060,1,0,1,4,1,30,9,1,9,01,0,1,1,200900019002A01,10,22,1
200900019007,2009-03-25,2009,mars,mercredi,13:50,94,94078,0.00004,0,2,1,2,1,1,4,2,02,1,1,000,060,1,0,1,4,1,13,1,1,9,01,0,1,0,200900019007A01,7,24,1
200900019035,2009-03-30,2009,mars,lundi,10:05,94,94067,0.00004,0,2,1,3,1,1,4,2,04,1,1,000,000,1,0,1,3,2,45,1,1,9,00,2,8,15,200900019035B01,17,11,1
200900019076,2009-04-02,2009,avril,jeudi,83:5,94,94028,0.00004,0,2,1,3,1,1,2,2,02,1,-1,000,060,1,0,1,4,2,36,1,1,9,00,2,8,1,200900019076B01,7,9,1
200900019077,2009-04-02,2009,avril,jeudi,18:10,94,94076,0.00004,0,2,3,6,1,1,3,1,02,1,1,000,000,1,0,1,1,1,39,9,1,9,00,0,1,0,200900019077A01,,,
200900019090,2009-04-07,2009,avril,mardi,19:45,94,94018,0.00004,0,2,3,3,1,1,4,2,02,1,1,000,000,1,5,1,3,1,30,5,1,9,00,2,1,5,200900019090B01,7,1,1
200900019094,2009-04-03,2009,avril,vendredi,17:30,94,94076,0.00004,0,2,2,6,1,1,4,2,02,2,1,000,000,1,0,1,4,2,28,1,1,2,00,0,7,1,200900019094A01,7,1,1
200900019106,2009-04-05,2009,avril,dimanche,18:40,94,94076,0.00004,0,2,1,3,1,1,4,2,00,1,1,000,050,1,0,1,3,2,16,5,1,9,00,0,1,19,200900019106B01,30,1,1
200900019112,2009-04-06,2009,avril,lundi,14:15,94,94068,0.00004,0,2,2,3,1,1,4,2,01,1,1,000,055,1,0,1,4,1,66,5,1,9,00,2,3,1,200900019112B01,7,14,1
200900019124,2009-04-08,2009,avril,mercredi,19:10,94,94038,0.00004,0,2,2,3,1,8,3,3,04,1,1,000,000,1,0,1,4,1,28,5,1,2,00,2,1,1,200900019124B01,7,15,1
200900019130,2009-04-09,2009,avril,jeudi,17:00,94,94041,0.00004,0,2,1,3,1,1,3,2,02,1,1,000,070,1,0,1,1,1,24,1,1,9,00,2,1,19,200900019130B01,7,2,1
200900019150,2009-04-11,2009,avril,samedi,13:20,94,94022,0.00004,0,2,1,5,1,1,3,-1,02,1,1,000,080,1,0,1,4,1,30,1,1,9,00,2,1,1,200900019150B01,7,15/21,2
200900019170,2009-04-16,2009,avril,jeudi,14:05,94,94043,0.00004,0,2,1,6,1,1,3,2,01,2,1,000,020,1,0,4,1,2,16,5,1,9,00,1,1,1,200900019170A01,,,
200900019170,2009-04-16,2009,avril,jeudi,14:05,94,94043,0.00004,0,2,1,6,1,1,3,2,01,2,1,000,020,1,0,4,1,2,16,5,1,9,00,1,1,1,200900019170A01,,,
200900019210,2009-04-24,2009,avril,vendredi,16:30,94,94068,0.00004,0,2,1,6,1,1,3,2,01,1,1,000,060,1,0,1,4,2,49,5,1,9,01,0,1,1,200900019210B01,7,22,1
200900019213,2009-04-24,2009,avril,vendredi,18:50,94,94033,0.00004,0,2,1,2,1,1,3,2,02,1,1,000,000,1,0,1,4,1,17,9,1,2,00,0,1,2,200900019213A01,7,2,1
200900019234,2009-04-29,2009,avril,mercredi,12:40,94,94056,0.00004,0,2,3,3,1,8,3,2,02,1,1,000,060,2,0,1,3,1,58,5,1,2,00,2,2,1,200900019234B01,7,15,1
200900019279,2009-04-12,2009,avril,dimanche,19:40,95,95018,0.00004,0,2,3,6,1,1,4,-1,01,1,1,000,130,1,6,0,4,2,15,5,1,2,00,2,4,2,200900019279B01,32,1,1
200900019311,2009-04-05,2009,avril,dimanche,13:35,95,95539,0.00004,0,2,2,3,1,1,4,2,02,1,1,,,1,0,1,4,1,45,5,1,2,00,2,0,15,200900019311B01,7,16,1
200900019328,2009-04-26,2009,avril,dimanche,12:15,95,95426,0.00004,0,2,1,7,1,1,3,2,02,2,1,000,070,1,0,1,4,1,59,0,1,9,00,0,9,1,200900019328A01,,,
200900019330,2009-04-29,2009,avril,mercredi,18:40,95,95203,0.00004,0,2,1,6,1,1,3,2,02,1,1,000,000,1,0,1,4,1,55,0,1,9,00,2,1,1,200900019330A01,7,9,1
200900019335,2009-04-09,2009,avril,jeudi,75:5,67,67043,0,0,2,2,3,1,1,4,2,02,1,1,000,060,1,0,1,4,2,54,0,1,2,00,2,8,1,200900019335B01,7,15,1
200900019339,2009-04-15,2009,avril,mercredi,10:45,67,67447,0,0,2,1,3,1,1,4,2,02,1,3,000,050,1,0,1,4,1,53,0,1,9,00,2,1,1,200900019339A01,7,16,1
200900019347,2009-04-01,2009,avril,mercredi,80:0,67,67482,0,0,2,1,3,1,1,4,2,02,1,1,000,050,1,0,1,4,1,16,2,1,9,00,2,1,1,200900019347B01,7,4,1
200900019356,2009-04-06,2009,avril,lundi,91:0,67,67482,0,0,2,3,3,1,1,4,1,01,1,1,000,050,1,0,1,4,2,29,5,1,9,00,2,7,1,200900019356B01,7,16,1
200900019358,2009-04-11,2009,avril,samedi,11:45,67,67482,0,0,2,3,6,1,1,4,2,02,1,1,000,060,1,0,1,4,1,8,5,1,2,00,2,1,19,200900019358B01,7,1,1
200900019360,2009-04-12,2009,avril,dimanche,10:30,67,67482,0,0,2,1,6,1,1,4,2,04,1,1,000,120,1,0,5,1,2,27,0,1,2,00,1,0,1,200900019360A01,,,
200900019373,2009-04-09,2009,avril,jeudi,17:45,67,67368,0.00004,0,2,1,3,1,1,3,2,02,2,3,000,000,1,5,1,4,1,46,5,1,2,00,2,1,1,200900019373B02,7,15,1
200900019389,2009-04-19,2009,avril,dimanche,18:20,67,67482,0,0,2,3,3,1,1,4,2,01,1,2,000,100,1,0,1,4,2,56,5,1,2,00,2,1,0,200900019389B01,7,0,1
200900019411,2009-04-12,2009,avril,dimanche,17:00,67,67482,0,0,2,1,3,1,1,4,1,01,1,1,000,060,1,0,1,4,1,21,0,1,2,00,2,3,19,200900019411A01,7,1,1
200900019412,2009-04-25,2009,avril,samedi,14:10,67,67482,0,0,2,2,3,1,1,4,3,01,1,1,000,070,1,0,4,4,1,58,5,1,9,00,2,1,16,200900019412B01,7,20,1
200900019452,2009-05-15,2009,mai,vendredi,15:35,95,95582,0.00004,0,2,3,3,1,1,3,2,02,1,1,000,072,1,0,1,4,1,13,2,1,2,00,2,1,15,200900019452A01,7,1,1
200900019454,2009-05-18,2009,mai,lundi,75:0,95,95176,0.00004,0,2,6,3,1,1,3,2,02,1,3,000,070,1,5,1,4,1,16,1,1,2,00,2,1,19,200900019454B01,7,16,1
200900019462,2009-05-27,2009,mai,mercredi,10:30,95,95219,0.00004,0,2,3,3,1,1,4,2,02,1,1,000,000,1,0,1,4,1,17,0,1,9,00,2,1,1,200900019462A01,7,9,1
200900019468,2009-05-06,2009,mai,mercredi,14:50,95,95051,0,0,2,9,2,1,1,4,2,02,1,1,000,060,1,0,1,4,1,56,5,1,2,00,2,2,1,200900019468B01,10,1,1
200900019473,2009-05-26,2009,mai,mardi,10:30,95,95252,0,0,2,1,1,1,8,4,2,01,1,1,000,000,1,0,1,4,1,22,9,1,9,00,2,3,0,200900019473B01,7,0,1
200900019481,2009-05-01,2009,mai,vendredi,14:5,95,95219,0.00004,0,2,3,3,5,1,3,2,04,1,1,029,076,1,0,1,3,1,20,1,1,9,00,2,1,1,200900019481A01,7,1,1
200900019485,2009-05-13,2009,mai,mercredi,93:0,95,95219,0.00004,0,2,3,3,1,1,3,2,02,1,1,000,062,1,0,1,4,1,45,4,1,9,00,0,1,16,200900019485B01,7,16,1
200900019491,2009-05-30,2009,mai,samedi,14:25,95,95018,0.00004,0,2,9,3,1,1,4,-1,00,1,1,000,310,1,6,0,4,1,8,5,1,2,00,2,1,1,200900019491B01,30,1,1
200900019499,2009-05-24,2009,mai,dimanche,13:45,95,95426,0,0,2,1,6,1,1,4,-1,01,2,1,000,060,1,0,1,4,1,18,5,1,2,00,1,1,1,200900019499A01,,,
200900019510,2009-07-12,2009,juillet,dimanche,10:15,83,83073,0.00004,0,1,1,1,1,1,3,2,02,1,1,000,041,1,0,1,3,1,43,5,1,2,00,2,1,5,200900019510B02,10,1,1
200900019518,2009-07-20,2009,juillet,lundi,20:00,83,83030,0,0,1,1,7,1,1,3,2,01,1,1,000,063,1,0,1,3,1,50,5,1,1,06,0,0,1,200900019518A01,,,
200900019519,2009-07-02,2009,juillet,jeudi,11:00,83,83106,0,0,2,1,3,1,1,3,2,02,2,-1,000,060,1,0,1,3,2,16,5,1,2,00,2,1,21,200900019519B02,7,15,1
200900019533,2009-07-05,2009,juillet,dimanche,73:0,83,83068,0.00004,0,1,1,5,1,1,3,4,03,1,2,000,120,1,5,1,2,1,85,5,1,2,00,2,8,19,200900019533A01,7,1/23,2
200900019539,2009-07-01,2009,juillet,mercredi,19:40,83,83098,0,0,2,1,5,1,3,4,2,02,1,3,000,069,2,0,1,4,2,62,5,1,2,00,2,8,1,200900019539B01,7,13,1
200900019539,2009-07-01,2009,juillet,mercredi,19:40,83,83098,0,0,2,1,5,1,3,4,2,02,1,3,000,069,2,0,1,3,1,68,5,1,2,00,2,8,1,200900019539C01,7,13,1
200900019561,2009-07-10,2009,juillet,vendredi,81:5,83,83098,0,0,1,1,2,1,1,3,2,02,1,1,000,060,1,0,1,4,1,59,5,1,2,00,2,4,1,200900019561B01,7,2,1
200900019563,2009-07-13,2009,juillet,lundi,70:0,83,83129,0,0,2,1,1,1,1,3,1,02,1,1,011,064,1,0,1,3,1,35,3,1,9,00,2,1,5,200900019563A01,7,5,1
200900019592,2009-07-30,2009,juillet,jeudi,17:45,83,83129,0,0,2,1,3,1,1,4,1,01,1,3,000,000,1,0,1,3,1,29,5,1,2,00,2,1,0,200900019592A01,7,1,1
200900019608,2009-07-18,2009,juillet,samedi,42:0,83,83137,0,0,2,1,6,5,6,4,2,04,1,1,000,120,1,0,4,2,1,33,5,1,2,09,0,1,1,200900019608A01,,,
200900019630,2009-06-18,2009,juin,jeudi,16:15,05,05162,0,0,2,4,3,1,1,4,2,02,2,1,000,115,1,,,3,1,14,5,1,2,00,0,8,19,200900019630B02,10,1,1
200900019634,2009-06-22,2009,juin,lundi,13:25,05,05061,0,0,2,1,3,1,1,4,1,01,1,1,000,063,1,0,1,3,1,13,2,1,2,00,0,3,13,200900019634A01,14,1,1
200900019635,2009-06-23,2009,juin,mardi,83:0,05,05061,0,0,2,6,3,1,1,3,2,02,1,2,038,094,1,5,1,4,2,12,2,1,2,00,,1,1,200900019635A01,10,1,1
200900019660,2009-07-20,2009,juillet,lundi,14:25,86,86041,0,0,2,6,3,1,1,4,1,01,1,4,000,000,1,0,1,4,1,32,5,1,9,00,2,1,1,200900019660B01,7,9,1
200900019674,2009-06-24,2009,juin,mercredi,14:30,10,10156,0,0,2,1,1,1,1,3,2,02,1,1,000,060,1,0,1,3,1,14,5,1,1,00,2,1,15,200900019674A01,10,1,1
200900019676,2009-06-26,2009,juin,vendredi,80:0,10,10384,0.00004,0,1,1,2,1,1,3,2,02,1,1,000,065,1,0,1,4,1,50,1,1,1,00,0,4,1,200900019676B02,2,1,1
200900019687,2009-06-23,2009,juin,mardi,12:15,10,10387,0,0,2,3,3,1,1,4,2,02,1,1,000,140,1,0,1,4,1,51,0,1,2,00,2,1,1,200900019687B01,7,16,1
200900019692,2009-06-04,2009,juin,jeudi,11:50,10,10081,0,0,2,6,3,1,1,4,2,02,1,1,020,070,1,5,1,3,2,65,0,1,9,00,2,1,0,200900019692B01,7,16,1
200900019696,2009-05-18,2009,mai,lundi,84:5,67,67482,0,0,2,3,3,1,1,4,2,02,1,1,000,080,1,0,1,4,2,24,5,1,9,00,2,1,15,200900019696A01,7,1,1
200900019698,2009-05-22,2009,mai,vendredi,21:15,67,67482,0,0,2,1,3,1,1,4,3,04,1,1,018,076,1,0,1,4,1,30,5,1,2,00,2,8,19,200900019698B01,7,15,1
200900019716,2009-05-20,2009,mai,mercredi,1:,67,67482,0,0,2,2,6,5,1,4,1,01,1,1,000,045,1,0,1,4,2,19,0,1,2,00,2,0,19,200900019716B01,7,0,1
200900019727,2009-05-24,2009,mai,dimanche,23:05,67,67482,0,0,2,1,1,5,1,4,1,02,1,1,000,081,1,0,4,4,2,25,5,1,9,00,2,1,1,200900019727B01,30,1,1
200900019728,2009-05-27,2009,mai,mercredi,12:30,67,67482,0,0,2,3,3,1,1,4,2,02,1,1,000,100,1,0,1,4,2,18,2,1,9,00,2,1,1,200900019728B01,7,16,1
200900019729,2009-05-27,2009,mai,mercredi,22:30,67,67482,0,0,2,3,3,5,1,4,2,02,1,1,000,108,1,0,1,4,2,29,9,1,9,00,2,8,1,200900019729B01,7,15,1
200900019731,2009-05-11,2009,mai,lundi,19:15,67,67482,0,0,2,2,3,1,1,4,2,04,1,1,000,050,1,0,1,4,2,24,1,1,9,00,2,0,1,200900019731B01,7,14,1
200900019733,2009-05-12,2009,mai,mardi,12:00,67,67447,0,0,2,2,3,1,2,4,2,02,1,1,000,039,2,0,1,4,1,14,2,1,2,00,2,1,1,200900019733A01,7,1,1
200900019737,2009-05-15,2009,mai,vendredi,19:30,67,67482,0,0,2,2,3,1,2,4,2,03,1,1,015,110,2,0,1,4,1,26,4,1,2,00,2,1,1,200900019737B01,7,15,1
200900019739,2009-05-05,2009,mai,mardi,13:50,67,67482,0,0,2,1,4,1,1,4,1,01,1,1,000,035,1,0,1,4,1,23,9,1,9,00,2,3,13,200900019739A01,7,24/1,2
200900019740,2009-05-14,2009,mai,jeudi,18:55,67,67482,0,0,2,2,3,1,1,4,2,02,1,1,000,060,1,0,1,4,1,17,5,1,9,00,2,1,1,200900019740A01,2,1,1