Num_Acc,date,an,mois,jour,hrmn,dep,com,lat,long,agg,int,col,lum,atm,catr,circ,nbv,prof,plan,lartpc,larrout,surf,infra,situ,grav,sexe,age,trajet,secuexist,equipement,obs,obsm,choc,manv,vehiculeid,typevehicules,manoeuvehicules,numVehicules
200900019745,2009-05-15,2009,mai,vendredi,18:20,67,67447,0,0,2,1,6,1,2,4,1,02,1,1,000,100,2,0,5,1,1,20,2,1,9,00,1,1,1,200900019745A01,,,
200900019746,2009-05-06,2009,mai,mercredi,94:5,67,67482,0,0,2,1,3,1,1,4,2,02,1,1,000,060,1,0,1,4,1,38,1,1,9,01,0,1,1,200900019746B01,7,24,1
200900019763,2009-05-29,2009,mai,vendredi,17:15,67,67416,0.00004,0,1,1,6,1,1,3,2,02,4,1,000,060,1,0,1,3,1,51,5,1,1,00,0,0,1,200900019763A01,,,
200900019770,2009-05-16,2009,mai,samedi,17:15,67,67154,0,0,2,1,3,1,1,4,2,02,1,1,000,000,1,0,1,4,1,15,5,1,2,00,2,1,16,200900019770B02,7,1,1
200900019772,2009-05-22,2009,mai,vendredi,15:45,67,67152,0.00004,0,2,3,3,1,1,3,2,02,1,1,000,027,1,5,5,3,1,53,5,1,2,00,2,1,1,200900019772A01,1,15,1
200900019772,2009-05-22,2009,mai,vendredi,15:45,67,67152,0.00004,0,2,3,3,1,1,3,2,02,1,1,000,027,1,5,5,1,1,8,5,1,2,00,2,1,15,200900019772B02,1,1,1
200900019773,2009-05-08,2009,mai,vendredi,10:00,67,67392,0,0,1,1,3,1,2,4,2,02,2,2,000,038,2,0,1,3,1,57,5,1,2,00,2,1,1,200900019773A01,7,1,1
200900019776,2009-05-20,2009,mai,mercredi,84:5,67,67538,0,0,2,1,3,1,1,4,2,02,1,1,000,062,1,0,1,3,1,77,5,1,2,00,2,0,1,200900019776B02,7,1,1
200900019788,2009-05-18,2009,mai,lundi,17:00,67,67462,0.00004,0,2,1,3,1,1,3,2,01,1,1,027,030,1,0,1,3,1,84,3,1,9,12,2,7,19,200900019788B01,37,1,1
200900019812,2009-07-28,2009,juillet,mardi,15:00,27,27055,0.00004,0,2,1,1,1,1,4,2,00,1,2,000,000,1,0,1,3,1,12,5,1,1,00,2,1,5,200900019812B02,7,1,1
200900019819,2009-07-02,2009,juillet,jeudi,19:30,27,27681,0.00004,0,2,3,6,1,1,3,2,02,1,1,000,060,1,0,1,3,1,19,5,1,2,00,2,1,17,200900019819B01,7,15,1
200900019820,2009-07-03,2009,juillet,vendredi,82:0,27,27681,0,0,2,3,3,1,1,4,2,04,1,1,000,080,1,0,5,3,2,70,5,1,2,00,2,1,2,200900019820A01,7,19,1
200900019823,2009-07-14,2009,juillet,mardi,17:00,27,27229,0.00004,0,2,6,3,1,1,3,2,02,1,1,000,000,1,5,1,4,1,18,5,1,2,00,2,3,1,200900019823B01,7,1,1
200900019828,2009-01-17,2009,janvier,samedi,15:35,69,69034,0,0,2,3,3,1,7,3,2,03,1,1,000,107,2,0,1,3,1,34,5,1,1,00,2,3,1,200900019828A01,7,15,1
200900019852,2009-01-25,2009,janvier,dimanche,10:30,69,69077,0.00004,0,2,1,1,1,8,3,2,00,-1,1,000,000,7,0,0,3,2,59,0,1,2,00,2,4,9,200900019852B02,7,1,1
200900019906,2009-01-09,2009,janvier,vendredi,14:00,69,69096,0,0,2,3,3,1,1,3,3,02,1,1,012,040,1,5,1,3,1,63,5,1,2,00,2,9,16,200900019906B01,15,16,1
200900019910,2009-01-06,2009,janvier,mardi,12:10,69,69386,0,0,2,1,3,1,1,4,2,04,1,1,000,000,1,0,1,4,1,30,0,1,9,00,2,1,1,200900019910B01,30,9,1
200900019979,2009-07-17,2009,juillet,vendredi,50:0,66,66017,0,0,1,1,2,3,1,3,3,00,1,1,010,103,1,0,1,2,1,71,5,1,8,00,0,4,2,200900019979B02,7,2,1
200900019988,2009-07-17,2009,juillet,vendredi,94:5,66,66171,0,0,2,1,3,1,1,4,2,00,1,1,000,088,1,0,1,3,2,71,5,1,2,00,2,1,1,200900019988B02,7,15,1
200900020005,2009-08-07,2009,août,vendredi,93:0,04,04226,0.00004,0,2,1,1,1,1,3,2,01,2,1,000,070,1,0,1,3,1,28,1,1,2,01,2,0,1,200900020005B02,7,4,1
200900020007,2009-08-15,2009,août,samedi,17:15,04,04124,0.00004,0,1,1,5,1,1,3,2,02,1,1,057,000,1,0,1,2,1,66,5,1,2,00,2,6,1,200900020007C03,7,17/1,2
200900020027,2009-02-07,2009,février,samedi,16:15,06,06064,0,0,1,1,3,1,8,3,2,02,2,2,000,075,2,0,1,2,1,30,5,1,2,00,2,1,13,200900020027A01,14,1,1
200900020057,2009-02-10,2009,février,mardi,13:00,06,06004,0,0,2,2,3,1,7,3,2,02,2,1,000,060,1,0,1,4,1,41,5,1,2,00,2,1,1,200900020057B01,7,19,1
200900020059,2009-02-10,2009,février,mardi,15:50,06,06004,0,0,2,1,3,1,1,4,1,02,1,1,000,090,1,0,1,4,1,17,0,1,9,00,2,1,1,200900020059A01,7,16,1
200900020076,2009-02-08,2009,février,dimanche,11:10,06,06088,0,0,2,1,6,1,1,4,2,01,2,1,000,025,1,0,1,3,1,38,5,1,9,00,2,1,13,200900020076A01,7,1,1
200900020210,2009-07-18,2009,juillet,samedi,17:45,37,37240,0.00004,0,2,1,3,1,1,3,2,02,1,1,060,000,1,0,1,3,2,13,5,1,1,00,2,8,16,200900020210B02,7,1,1
200900020214,2009-07-24,2009,juillet,vendredi,10:45,37,37038,0.00004,0,1,1,3,1,8,4,2,00,1,1,000,034,1,0,1,3,1,13,0,1,8,00,2,1,16,200900020214B02,7,1,1
200900020220,2009-09-01,2009,septembre,mardi,85:0,75,75102,0,0,2,5,1,1,2,4,-1,03,1,1,000,000,2,0,1,4,1,41,1,1,2,00,2,0,14,200900020220B01,33,1,1
200900020237,2009-09-01,2009,septembre,mardi,16:50,75,75119,0,0,2,2,3,1,1,4,2,02,1,-1,000,000,2,0,1,4,1,37,1,1,2,00,2,8,1,200900020237B01,7,15,1
200900020241,2009-09-01,2009,septembre,mardi,18:20,75,75104,0,0,2,2,3,1,1,4,2,04,1,1,000,145,1,0,1,1,2,35,0,1,2,00,2,8,7,200900020241B01,1,7,1
200900020241,2009-09-01,2009,septembre,mardi,18:20,75,75104,0,0,2,2,3,1,1,4,2,04,1,1,000,145,1,0,1,4,1,45,0,1,2,00,2,5,7,200900020241A01,1,7,1
200900020244,2009-09-01,2009,septembre,mardi,19:20,75,75116,0,0,2,1,6,1,1,4,2,01,-1,1,000,000,1,0,1,1,1,26,5,1,2,00,1,1,1,200900020244A01,,,
200900020245,2009-09-01,2009,septembre,mardi,19:56,75,75107,0,0,2,3,3,2,1,4,1,02,1,1,000,000,1,0,1,4,2,28,5,1,2,00,2,1,1,200900020245B01,7,22,1
200900020252,2009-09-02,2009,septembre,mercredi,10:10,75,75108,0,0,2,1,3,1,1,4,2,02,1,1,000,145,1,0,1,4,1,42,1,1,2,00,2,7,17,200900020252B01,7,22,1
200900020253,2009-09-02,2009,septembre,mercredi,11:00,75,75114,0,0,2,4,3,1,1,4,2,03,1,1,000,143,1,0,1,4,1,24,4,1,2,00,2,3,19,200900020253A01,33,1,1
200900020258,2009-09-02,2009,septembre,mercredi,13:25,75,75101,0,0,2,1,6,1,1,4,1,00,1,1,000,043,1,0,1,4,2,54,1,1,2,12,0,3,17,200900020258A01,,,
200900020265,2009-09-02,2009,septembre,mercredi,17:15,75,75112,0,0,2,1,6,1,1,4,1,01,1,1,070,080,1,0,5,1,1,32,5,1,2,00,1,8,1,200900020265A01,,,
200900020268,2009-09-02,2009,septembre,mercredi,18:30,75,75118,0,0,2,1,3,1,1,4,2,04,1,1,000,000,1,0,1,4,1,53,5,1,2,00,2,4,11,200900020268B01,7,1,1
200900020272,2009-09-02,2009,septembre,mercredi,22:30,75,75114,0,0,2,1,6,5,2,4,-1,00,1,1,000,000,2,0,5,4,1,43,0,1,2,08,0,3,14,200900020272A01,,,
200900020295,2009-09-03,2009,septembre,jeudi,17:49,75,75106,0,0,2,1,3,1,8,4,4,04,1,1,000,097,1,0,1,4,2,59,0,1,2,00,2,8,13,200900020295B01,10,1,1
200900020320,2009-09-04,2009,septembre,vendredi,12:55,75,75120,0,0,2,1,3,1,8,4,2,02,1,1,070,120,2,0,1,4,1,65,5,1,2,00,2,5,14,200900020320A01,7,24,1
200900020329,2009-09-04,2009,septembre,vendredi,17:18,75,75120,0,0,2,1,3,1,1,4,2,00,4,1,000,083,1,0,1,4,1,35,5,1,2,00,2,1,1,200900020329B01,7,9,1
200900020332,2009-09-04,2009,septembre,vendredi,19:40,75,75106,0,0,2,2,3,2,1,4,1,03,1,1,000,170,1,0,1,4,1,26,1,1,2,00,2,3,18,200900020332B01,14,22,1
200900020336,2009-09-05,2009,septembre,samedi,50:,75,75106,0,0,2,1,6,5,1,4,1,02,2,1,000,000,1,0,1,1,1,25,5,1,2,00,1,1,7,200900020336A01,,,
200900020345,2009-09-05,2009,septembre,samedi,19:30,75,75108,0,0,2,1,6,1,1,4,2,03,2,1,000,120,1,0,1,4,1,39,0,1,2,00,1,1,1,200900020345A01,,,
200900020368,2009-09-07,2009,septembre,lundi,10:00,75,75113,0,0,2,4,3,1,1,4,1,02,1,1,000,120,1,0,1,4,2,42,1,1,2,00,2,0,7,200900020368B01,7,15,1
200900020381,2009-09-07,2009,septembre,lundi,15:50,75,75104,0,0,2,5,6,1,1,4,2,02,1,-1,000,115,1,0,1,4,2,24,5,1,2,00,1,2,7,200900020381A01,,,
200900020388,2009-09-07,2009,septembre,lundi,16:50,75,75120,0,0,2,5,2,1,1,4,2,02,4,1,000,080,1,0,1,4,1,51,5,1,2,00,2,4,23,200900020388B01,7,2,1
200900020396,2009-09-07,2009,septembre,lundi,19:05,75,75115,0,0,2,1,2,1,1,4,2,02,1,1,000,060,1,0,0,4,1,61,0,1,2,00,2,0,1,200900020396B01,7,17,1
200900020429,2009-09-08,2009,septembre,mardi,22:20,75,75107,0,0,2,2,2,5,1,4,1,01,1,1,000,102,1,0,1,4,2,70,0,1,2,00,2,4,23,200900020429B01,7,2,1
200900020436,2009-09-09,2009,septembre,mercredi,63:5,75,75115,0,0,2,2,6,5,1,4,1,01,1,1,000,056,1,5,1,4,2,29,0,1,2,00,2,8,1,200900020436A01,14,16,1
200900020443,2009-09-09,2009,septembre,mercredi,11:25,75,75119,0,0,2,1,7,1,1,4,2,02,1,1,000,070,1,0,5,4,2,61,5,1,2,00,0,0,1,200900020443A01,,,
200900020451,2009-09-09,2009,septembre,mercredi,15:30,75,75107,0,0,2,3,6,1,8,4,1,00,1,1,000,130,1,0,1,4,2,50,0,1,2,00,2,2,1,200900020451A01,7,22,1
200900020457,2009-09-09,2009,septembre,mercredi,18:15,75,75113,0,0,2,1,5,1,1,4,2,04,1,1,000,000,1,0,1,4,1,50,5,1,2,00,2,4,2,200900020457B01,7,1/2,2
200900020458,2009-09-09,2009,septembre,mercredi,18:50,75,75120,0,0,2,1,3,2,8,4,1,01,2,1,000,000,1,6,1,3,2,9,3,1,2,00,2,2,19,200900020458A01,7,1,1
200900020461,2009-09-09,2009,septembre,mercredi,19:30,75,75111,0,0,2,1,3,1,1,4,2,01,2,1,000,111,1,0,1,4,2,28,5,1,2,00,2,0,1,200900020461B01,7,22,1
200900020469,2009-09-10,2009,septembre,jeudi,93:5,75,75113,0,0,2,5,1,1,8,4,2,03,1,1,050,110,1,0,1,4,1,35,9,1,2,00,2,1,5,200900020469A01,33,1,1
200900020472,2009-09-10,2009,septembre,jeudi,10:50,75,75111,0,0,2,5,6,1,1,4,2,03,1,1,000,140,2,0,1,1,1,36,5,1,2,00,1,0,1,200900020472A01,,,
200900020482,2009-09-10,2009,septembre,jeudi,17:10,75,75105,0,0,2,1,7,1,1,4,2,04,2,1,000,120,1,0,1,3,2,56,5,1,2,00,0,0,14,200900020482A01,,,
200900020515,2009-09-11,2009,septembre,vendredi,16:35,75,75120,0,0,2,3,3,1,1,4,2,02,1,1,000,070,1,0,1,4,1,43,4,1,2,00,2,3,15,200900020515A01,32,17,1
200900020521,2009-09-11,2009,septembre,vendredi,19:00,75,75107,0,0,2,1,3,1,1,4,1,01,1,1,000,075,1,0,1,1,2,51,5,1,2,00,2,3,9,200900020521B01,32,1,1
200900020543,2009-09-14,2009,septembre,lundi,13:20,75,75118,0,0,2,1,3,1,1,4,2,02,2,1,000,100,1,0,1,4,1,41,1,1,2,00,2,1,1,200900020543B01,7,22,1
200900020546,2009-09-14,2009,septembre,lundi,15:45,75,75116,0,0,2,1,2,1,1,4,1,01,1,1,000,000,1,0,1,1,1,38,5,1,2,00,2,4,23,200900020546A01,32,2,1
200900020551,2009-09-14,2009,septembre,lundi,17:10,75,75113,0,0,2,1,6,1,1,4,2,04,1,1,000,120,1,0,5,3,1,43,1,1,2,12,0,0,14,200900020551A01,,,
200900020559,2009-09-14,2009,septembre,lundi,20:45,75,75109,0,0,2,1,3,5,2,4,1,02,1,1,000,000,2,0,1,4,1,31,5,1,2,00,2,7,1,200900020559B01,7,9,1
200900020566,2009-09-13,2009,septembre,dimanche,20:5,75,75117,0,0,2,3,3,5,1,4,1,01,1,1,000,000,1,0,1,4,1,24,5,1,2,00,2,1,1,200900020566A01,7,15,1
200900020574,2009-09-13,2009,septembre,dimanche,18:00,75,75102,0,0,2,5,3,1,1,4,1,01,1,1,000,081,1,0,1,2,1,63,5,1,2,00,2,1,1,200900020574A01,38,1,1
200900020606,2009-09-12,2009,septembre,samedi,10:42,75,75112,0,0,2,1,6,1,1,4,1,01,1,1,000,100,1,0,5,3,1,46,5,1,2,00,0,1,1,200900020606A01,,,
200900020613,2009-09-12,2009,septembre,samedi,15:45,75,75120,0,0,2,3,3,1,1,4,1,01,1,1,000,110,1,0,1,4,1,5,5,1,2,00,2,1,19,200900020613B01,7,16,1
200900020630,2009-09-16,2009,septembre,mercredi,95:0,75,75104,0,0,2,3,3,1,8,4,1,01,1,1,000,031,1,0,1,4,2,34,4,1,2,00,2,1,1,200900020630B01,7,22,1
200900020682,2009-09-19,2009,septembre,samedi,5:,75,75108,0,0,2,1,2,3,1,4,-1,02,1,1,000,100,1,0,1,3,1,40,9,1,2,00,2,4,1,200900020682B01,7,1,1
200900020686,2009-09-19,2009,septembre,samedi,10:35,75,75112,0,0,2,1,2,1,1,4,2,04,1,1,000,110,1,0,1,4,2,56,5,1,2,00,2,1,1,200900020686A01,7,2,1
200900020726,2009-09-18,2009,septembre,vendredi,16:20,75,75116,0,0,2,4,3,1,1,4,2,02,1,1,000,100,1,0,1,4,1,80,5,1,2,00,2,0,1,200900020726B01,7,17,1
200900020736,2009-09-18,2009,septembre,vendredi,23:35,75,75120,0,0,2,1,6,5,1,4,2,02,1,3,000,060,1,0,1,1,1,26,0,1,2,00,1,1,1,200900020736A01,,,
200900020737,2009-09-22,2009,septembre,mardi,75:0,75,75106,0,0,2,1,3,1,1,4,2,02,1,1,130,070,1,1,1,4,1,27,0,1,2,00,2,1,18,200900020737B01,7,22,1
200900020748,2009-09-22,2009,septembre,mardi,16:20,75,75112,0,0,2,2,1,1,1,4,2,04,-1,-1,000,000,1,5,1,4,1,38,1,1,2,00,2,1,1,200900020748B01,7,15,1
200900020754,2009-09-22,2009,septembre,mardi,18:10,75,75112,0,0,2,1,6,1,1,4,-1,00,1,1,000,100,1,0,5,1,1,18,5,1,9,00,1,1,1,200900020754A01,,,
200900020755,2009-09-22,2009,septembre,mardi,18:55,75,75108,0,0,2,2,3,1,1,4,1,00,1,-1,180,450,1,0,1,4,1,47,5,1,2,00,2,7,16,200900020755B01,30,18,1
200900020772,2009-09-24,2009,septembre,jeudi,10:50,75,75111,0,0,2,1,7,1,8,4,1,01,1,1,000,078,1,0,5,4,1,27,1,1,2,00,1,0,21,200900020772A01,,,
200900020775,2009-09-24,2009,septembre,jeudi,14:50,75,75111,0,0,2,2,2,1,1,4,2,01,1,1,000,150,1,0,1,4,1,55,5,1,2,01,0,1,1,200900020775B01,7,22,1
200900020786,2009-09-24,2009,septembre,jeudi,19:00,75,75104,0,0,2,1,7,1,1,4,1,03,1,1,000,104,1,0,1,4,2,60,1,1,2,00,1,8,21,200900020786A01,,,
200900020805,2009-09-23,2009,septembre,mercredi,17:15,75,75111,0,0,2,1,7,1,1,4,1,01,1,1,000,040,1,0,1,4,1,32,1,1,2,00,0,0,21,200900020805A01,,,
200900020817,2009-09-21,2009,septembre,lundi,16:40,75,75105,0,0,2,2,3,1,1,4,2,03,1,1,000,150,1,0,1,4,2,28,5,1,2,00,2,1,7,200900020817B01,10,16,1
200900020827,2009-09-21,2009,septembre,lundi,10:10,75,75104,0,0,2,2,6,1,1,4,1,03,1,1,003,062,1,0,1,4,2,32,5,1,2,00,2,3,7,200900020827A01,13,17,1
200900020833,2009-09-21,2009,septembre,lundi,15:10,75,75119,0,0,2,1,3,1,1,4,1,01,1,1,000,030,1,0,5,4,1,36,1,1,2,00,2,1,1,200900020833B01,10,4,1
200900020840,2009-09-21,2009,septembre,lundi,20:10,75,75108,0,0,2,5,3,5,1,4,4,00,1,1,000,000,9,0,1,4,2,25,1,1,2,00,2,1,1,200900020840A01,7,16,1
200900020841,2009-09-21,2009,septembre,lundi,22:20,75,75115,0,0,2,3,3,5,1,4,1,01,1,1,000,080,1,0,1,4,2,19,0,1,2,00,2,8,5,200900020841A01,7,1,1
200900020843,2009-09-25,2009,septembre,vendredi,23:5,75,75104,0,0,2,2,6,5,1,4,1,04,1,-1,000,110,1,0,1,1,1,37,1,1,2,00,1,1,7,200900020843A01,,,
200900020846,2009-09-25,2009,septembre,vendredi,81:0,75,75111,0,0,2,2,6,1,1,4,1,01,1,1,000,078,1,0,1,1,1,17,2,1,2,00,1,1,1,200900020846A01,,,
200900020850,2009-09-25,2009,septembre,vendredi,91:5,75,75112,0,0,2,1,4,1,1,4,3,01,1,1,000,070,1,0,1,4,1,51,1,1,2,00,2,1,18,200900020850A01,7,16,1
200900020850,2009-09-25,2009,septembre,vendredi,91:5,75,75112,0,0,2,1,4,1,1,4,3,01,1,1,000,070,1,0,1,1,1,35,5,1,2,00,2,1,18,200900020850B01,7,16,1
200900020866,2009-09-25,2009,septembre,vendredi,16:45,75,75110,0,0,2,3,6,1,1,4,2,00,1,-1,000,030,1,0,1,4,2,35,5,1,2,00,2,8,1,200900020866B01,7,16,1
200900020870,2009-09-25,2009,septembre,vendredi,18:02,75,75108,0,0,2,2,6,1,1,4,2,06,-1,1,000,200,-1,0,1,4,1,45,1,1,2,00,2,0,1,200900020870A01,7,15,1
200900020893,2009-09-27,2009,septembre,dimanche,11:00,75,75116,0,0,2,4,3,1,1,4,-1,02,2,3,000,000,1,0,5,4,2,47,5,1,2,00,2,2,12,200900020893B01,1,1,1
200900020893,2009-09-27,2009,septembre,dimanche,11:00,75,75116,0,0,2,4,3,1,1,4,-1,02,2,3,000,000,1,0,5,4,1,44,5,1,2,00,2,1,1,200900020893A01,1,12,1
200900020903,2009-09-27,2009,septembre,dimanche,18:15,75,75118,0,0,2,1,2,1,1,4,2,06,2,1,000,120,1,3,1,4,1,28,5,1,2,00,2,4,2,200900020903B01,7,2,1
200900020905,2009-09-27,2009,septembre,dimanche,20:00,75,75117,0,0,2,1,2,5,1,4,1,00,1,1,000,000,1,0,1,4,1,27,0,1,2,00,2,4,12,200900020905A01,7,2,1
200900020908,2009-09-26,2009,septembre,samedi,42:0,75,75120,0,0,2,2,7,5,1,4,-1,01,2,1,000,030,1,6,0,4,1,26,0,1,2,00,0,0,1,200900020908A01,,,
200900020917,2009-09-26,2009,septembre,samedi,13:50,75,75120,0,0,2,2,2,1,1,4,-1,00,1,1,000,070,1,6,0,4,2,13,5,1,2,00,0,6,23,200900020917B01,2,1,1
200900020922,2009-09-26,2009,septembre,samedi,16:15,75,75119,0,0,2,1,3,1,1,4,1,01,1,1,000,094,1,0,5,4,1,43,0,1,2,00,2,1,1,200900020922B01,7,16,1
200900020933,2009-09-26,2009,septembre,samedi,23:15,75,75108,0,0,2,1,6,5,1,4,1,01,2,1,000,040,1,0,1,4,1,32,0,1,2,00,2,0,14,200900020933A01,7,7,1
200900020939,2009-09-28,2009,septembre,lundi,12:09,75,75108,0,0,2,3,3,1,1,4,1,01,1,1,000,030,1,0,1,4,2,57,5,1,2,00,2,8,15,200900020939B01,7,1,1
200900020952,2009-09-29,2009,septembre,mardi,62:0,75,75120,0,0,2,1,3,5,1,4,1,01,1,1,000,040,1,0,1,4,1,52,1,1,4,01,0,3,18,200900020952B01,13,22,1
200900020960,2009-09-29,2009,septembre,mardi,14:10,75,75108,0,0,2,2,5,1,1,4,2,04,1,1,000,150,1,0,1,4,1,49,1,1,2,00,2,1,1,200900020960C01,7/ 3,15,2
200900020964,2009-09-29,2009,septembre,mardi,14:55,75,75119,0,0,2,2,2,1,1,4,1,02,1,1,000,100,1,6,1,4,1,39,1,1,2,00,9,7,0,200900020964A01,1,11,1
200900020964,2009-09-29,2009,septembre,mardi,14:55,75,75119,0,0,2,2,2,1,1,4,1,02,1,1,000,100,1,6,1,1,1,13,5,1,2,00,9,1,11,200900020964B01,1,0,1
200900020972,2009-09-29,2009,septembre,mardi,20:55,75,75110,0,0,2,1,3,5,1,4,2,04,1,1,000,140,1,0,5,1,1,35,1,1,2,15,9,0,1,200900020972A01,1,14,1
200900020972,2009-09-29,2009,septembre,mardi,20:55,75,75110,0,0,2,1,3,5,1,4,2,04,1,1,000,140,1,0,5,4,1,28,1,1,2,15,9,0,14,200900020972B01,1,1,1
200900020980,2009-09-30,2009,septembre,mercredi,93:0,75,75106,0,0,2,2,7,1,1,4,1,03,1,1,011,104,2,0,1,4,2,32,1,1,2,00,0,0,7,200900020980A01,,,
200900020986,2009-09-30,2009,septembre,mercredi,12:05,75,75112,0,0,2,3,3,1,1,4,1,01,1,1,000,041,1,0,1,4,2,38,5,1,2,00,2,8,1,200900020986B01,10,16,1
200900020994,2009-09-30,2009,septembre,mercredi,18:00,75,75114,0,0,2,2,7,1,1,4,2,02,1,1,000,080,1,0,1,4,2,54,0,1,2,00,1,1,1,200900020994A01,,,
200900020995,2009-09-30,2009,septembre,mercredi,18:20,75,75105,0,0,2,2,3,1,1,4,2,04,2,1,000,150,1,0,1,4,1,45,4,1,2,00,2,8,7,200900020995B01,7,7,1
200900020998,2009-09-30,2009,septembre,mercredi,19:30,75,75112,0,0,2,1,3,2,1,4,2,01,1,-1,000,025,1,0,1,4,1,14,5,1,2,00,2,1,1,200900020998A01,7,1,1
200900021009,2009-06-29,2009,juin,lundi,16:15,51,51168,0,0,1,3,6,1,1,3,2,02,1,1,000,070,1,0,1,2,1,44,5,1,2,00,2,8,9,200900021009B01,15,1,1
200900021018,2009-05-03,2009,mai,dimanche,16:45,70,70025,0.00004,0,2,1,3,1,1,4,2,02,2,1,000,000,1,0,1,3,1,10,5,1,2,00,2,2,11,200900021018B02,7,1,1
200900021073,2009-06-25,2009,juin,jeudi,16:40,40,40117,0,0,2,1,3,1,1,3,2,02,1,1,000,075,1,0,1,3,2,64,5,1,1,00,2,1,1,200900021073B02,7,13,1
200900021076,2009-06-30,2009,juin,mardi,15:15,40,40157,0.00004,NaN,2,1,6,1,1,3,2,02,1,1,000,064,1,0,1,3,2,77,5,1,2,00,2,8,1,200900021076B02,7,1,1
200900021084,2009-06-04,2009,juin,jeudi,11:10,45,45234,0.00004,0,2,3,3,1,1,2,2,03,1,1,000,100,1,0,1,4,1,18,0,1,9,00,2,1,1,200900021084B01,7,1,1
200900021124,2009-06-25,2009,juin,jeudi,80:6,45,45004,0.00004,0,2,3,2,1,1,4,2,02,1,-1,000,090,1,0,1,4,1,12,2,1,9,01,0,1,2,200900021124A01,33,23,1
200900021129,2009-06-27,2009,juin,samedi,15:15,45,45068,0.00004,0,2,3,3,1,1,4,2,02,1,1,000,000,1,0,5,3,2,6,5,1,9,00,0,7,19,200900021129B01,7,15,1
200900021136,2009-06-18,2009,juin,jeudi,23:10,45,45284,0.00004,0,2,1,4,5,2,4,2,02,1,1,000,066,2,0,1,3,2,33,0,1,2,00,2,1,1,200900021136C01,7,2,1
200900021136,2009-06-18,2009,juin,jeudi,23:10,45,45284,0.00004,0,2,1,4,5,2,4,2,02,1,1,000,066,2,0,1,2,2,32,0,1,2,00,2,1,1,200900021136B01,7,2,1
200900021144,2009-06-29,2009,juin,lundi,21:40,45,45234,0.00004,0,2,1,6,1,1,4,3,02,1,1,000,070,1,0,1,4,1,49,1,1,2,00,1,1,1,200900021144A01,,,
200900021145,2009-06-21,2009,juin,dimanche,15:40,45,45234,0.00004,0,2,2,5,1,1,4,1,01,1,1,000,035,1,0,1,1,1,18,0,1,1,00,2,1,5,200900021145B01,7,1,1
200900021145,2009-06-21,2009,juin,dimanche,15:40,45,45234,0.00004,0,2,2,5,1,1,4,1,01,1,1,000,035,1,0,1,4,2,17,0,1,1,00,2,1,5,200900021145A01,7,1,1
200900021148,2009-06-02,2009,juin,mardi,74:5,67,67482,0,0,2,2,6,1,1,4,2,03,1,1,000,100,1,0,1,4,1,18,2,1,2,00,2,1,1,200900021148B01,7,16,1
200900021155,2009-06-15,2009,juin,lundi,12:45,67,67365,0,0,2,1,3,1,2,4,2,02,1,1,000,110,2,0,1,4,1,25,1,1,9,00,2,0,19,200900021155A01,7,1,1
200900021159,2009-06-06,2009,juin,samedi,18:58,67,67482,0,0,2,1,3,1,1,4,2,02,1,1,015,000,1,4,1,4,1,11,0,1,9,00,4,1,16,200900021159B01,40,1,1
200900021161,2009-06-10,2009,juin,mercredi,12:50,67,67482,0,0,2,2,3,1,1,4,2,02,1,1,000,090,1,0,1,4,2,30,1,1,2,00,2,1,1,200900021161B01,7,1,1
200900021163,2009-06-03,2009,juin,mercredi,90:0,67,67482,0,0,2,1,3,1,1,4,2,02,1,1,000,070,1,0,1,4,2,39,0,1,2,01,0,3,1,200900021163B01,7,22,1
200900021164,2009-06-12,2009,juin,vendredi,85:5,67,67447,0,0,2,3,3,1,1,4,2,05,1,1,025,170,1,0,1,4,2,33,1,1,2,00,2,8,1,200900021164B01,7,16,1
200900021165,2009-06-11,2009,juin,jeudi,20:45,67,67482,0,0,2,1,3,2,1,6,2,02,1,1,000,106,1,0,5,4,2,32,5,1,9,00,2,7,1,200900021165B01,7,16,1
200900021173,2009-06-08,2009,juin,lundi,82:0,67,67482,0,0,2,1,6,1,1,9,1,01,1,1,000,000,1,0,5,1,1,41,0,1,9,00,1,1,1,200900021173A01,,,
200900021175,2009-06-13,2009,juin,samedi,17:00,67,67482,0,0,2,3,3,1,1,4,2,02,1,1,000,060,1,0,1,4,2,55,3,1,2,00,2,1,19,200900021175A01,1,1,1
200900021175,2009-06-13,2009,juin,samedi,17:00,67,67482,0,0,2,3,3,1,1,4,2,02,1,1,000,060,1,0,1,4,1,32,5,1,2,00,2,1,1,200900021175B01,1,19,1
200900021177,2009-06-27,2009,juin,samedi,21:45,67,67522,0,0,2,3,3,2,1,4,2,00,1,2,000,052,1,0,0,4,1,8,5,1,1,00,2,1,16,200900021177B02,7,1,1
200900021183,2009-06-30,2009,juin,mardi,83:0,67,67389,0.00004,0,2,1,1,1,1,4,2,00,1,-1,000,045,1,0,1,3,2,75,9,1,1,00,2,1,19,200900021183A01,7,1,1
200900021194,2009-06-28,2009,juin,dimanche,10:15,67,67067,0.00004,0,2,1,1,1,1,6,-1,00,2,1,000,052,1,0,5,4,1,46,5,1,2,00,2,1,1,200900021194B02,7,23,1
200900021197,2009-06-17,2009,juin,mercredi,12:00,67,67028,0.00004,0,2,7,3,1,1,6,-1,02,1,1,000,090,1,0,0,3,2,45,1,1,1,00,2,7,21,200900021197B02,7,4,1