Num_Acc,date,an,mois,jour,hrmn,dep,com,lat,long,agg,int,col,lum,atm,catr,circ,nbv,prof,plan,lartpc,larrout,surf,infra,situ,grav,sexe,age,trajet,secuexist,equipement,obs,obsm,choc,manv,vehiculeid,typevehicules,manoeuvehicules,numVehicules
200900021204,2009-06-16,2009,juin,mardi,15:50,67,67482,0,0,2,2,3,1,1,4,2,01,1,1,000,110,1,0,1,4,2,47,0,1,2,00,2,5,15,200900021204B01,7,15,1
200900021216,2009-06-28,2009,juin,dimanche,17:50,67,67447,0,0,2,1,1,1,1,4,2,02,1,1,000,072,1,0,1,4,2,8,5,1,9,00,2,8,19,200900021216B01,7,1,1
200900021220,2009-06-25,2009,juin,jeudi,15:45,67,67482,0,0,2,1,2,1,1,4,2,02,1,1,000,090,1,0,1,4,2,49,1,1,9,00,2,4,1,200900021220B01,7,1,1
200900021222,2009-06-25,2009,juin,jeudi,83:0,67,67482,0,0,2,3,6,1,1,4,1,01,1,1,000,030,1,4,1,4,1,24,0,1,9,00,2,3,1,200900021222A01,7,15,1
200900021223,2009-06-30,2009,juin,mardi,10:45,67,67482,0,0,2,2,3,1,1,4,2,04,1,1,000,150,1,0,5,4,2,35,5,1,2,00,2,1,1,200900021223B01,7,16,1
200900021225,2009-06-28,2009,juin,dimanche,18:50,67,67482,0,0,2,3,3,1,1,4,2,03,1,1,000,119,1,0,1,4,1,59,0,1,2,00,2,8,1,200900021225B01,7,15,1
200900021226,2009-06-22,2009,juin,lundi,16:25,67,67482,0,0,2,1,6,1,3,4,1,03,1,1,000,000,2,0,1,3,2,26,1,1,9,00,2,1,1,200900021226B01,7,22,1
200900021226,2009-06-22,2009,juin,lundi,16:25,67,67482,0,0,2,1,6,1,3,4,1,03,1,1,000,000,2,0,1,1,1,20,0,1,9,00,2,1,1,200900021226B01,7,22,1
200900021240,2009-06-30,2009,juin,mardi,12:15,67,67462,0.00004,0,1,6,3,1,1,3,2,02,1,1,000,000,1,5,1,4,2,37,5,1,9,00,2,8,11,200900021240B01,7,9,1
200900021252,2009-05-11,2009,mai,lundi,20:00,59,59386,0,0,2,1,6,1,1,4,2,02,1,1,000,000,1,0,1,4,1,10,5,1,2,00,2,1,1,200900021252B01,7,1,1
200900021276,2009-05-14,2009,mai,jeudi,17:45,59,59378,0,0,2,1,6,1,1,4,2,02,1,1,000,049,1,0,1,4,1,39,1,1,2,00,1,1,1,200900021276A01,,,
200900021280,2009-05-18,2009,mai,lundi,75:5,59,59350,0,0,2,1,3,1,1,4,2,02,1,1,000,000,1,0,1,4,1,35,1,1,2,00,2,5,1,200900021280B01,7,22,1
200900021287,2009-05-23,2009,mai,samedi,95:0,59,59512,0,0,1,1,3,1,1,4,2,02,1,1,000,000,1,0,1,3,1,25,0,1,9,00,2,9,15,200900021287B01,7,1,1
200900021290,2009-05-29,2009,mai,vendredi,19:40,59,59368,0,0,2,1,3,1,1,4,2,00,1,1,000,000,1,0,1,4,1,14,5,1,2,00,2,1,11,200900021290A01,7,1,1
200900021320,2009-05-20,2009,mai,mercredi,13:50,59,59350,0,0,2,2,3,1,1,4,3,04,1,1,000,107,1,0,1,4,1,35,1,1,9,00,2,1,1,200900021320A01,33,1,1
200900021327,2009-05-08,2009,mai,vendredi,10:00,59,59636,0,0,2,1,6,1,1,4,2,02,1,1,000,107,1,0,1,4,1,54,5,1,4,14,0,1,1,200900021327A01,,,
200900021332,2009-05-15,2009,mai,vendredi,18:30,59,59512,0,0,1,3,1,1,1,4,1,02,1,1,000,000,2,0,1,3,2,24,9,1,9,00,2,1,5,200900021332A01,7,15,1
200900021336,2009-05-20,2009,mai,mercredi,15:30,59,59009,0,0,2,1,3,1,1,4,2,02,1,1,000,070,1,0,1,4,1,18,5,1,4,00,2,8,2,200900021336B01,15,1,1
200900021343,2009-05-10,2009,mai,dimanche,16:00,59,59367,0,0,1,1,3,1,1,9,2,02,1,3,000,000,9,0,3,3,1,40,5,1,2,00,2,0,1,200900021343B01,7,1,1
200900021344,2009-05-22,2009,mai,vendredi,19:40,59,59350,0,0,2,1,3,1,1,4,2,04,1,1,000,108,1,0,1,4,1,13,5,1,4,00,2,1,9,200900021344B01,33,1,1
200900021350,2009-05-03,2009,mai,dimanche,19:15,59,59350,0,0,2,1,6,1,1,4,2,02,1,1,000,000,1,0,1,3,1,48,0,1,4,00,2,1,5,200900021350B01,10,2,1
200900021411,2009-05-01,2009,mai,vendredi,14:58,59,59172,0,0,2,3,3,1,1,4,2,02,1,1,000,077,1,0,1,3,1,27,5,1,9,00,2,1,1,200900021411A01,7,15,1
200900021417,2009-05-17,2009,mai,dimanche,10:15,59,59098,0,0,1,2,3,1,1,4,2,02,1,1,000,054,1,5,1,3,1,48,5,1,2,00,0,7,2,200900021417A01,7,2,1
200900021434,2009-07-31,2009,juillet,vendredi,73:0,82,82121,0,0,1,3,3,1,1,4,2,02,1,1,000,000,1,0,0,1,1,24,0,1,9,00,2,1,19,200900021434A01,1,1,1
200900021434,2009-07-31,2009,juillet,vendredi,73:0,82,82121,0,0,1,3,3,1,1,4,2,02,1,1,000,000,1,0,0,3,1,59,5,1,9,00,2,1,1,200900021434B01,1,19,1
200900021440,2009-02-25,2009,février,mercredi,16:30,34,34320,0.00004,0,1,1,7,1,1,3,4,01,2,1,000,050,1,0,3,3,1,57,5,1,2,14,0,1,1,200900021440A01,,,
200900021471,2009-02-04,2009,février,mercredi,13:45,34,34074,0.00004,0,2,1,1,1,1,3,2,02,1,1,000,066,1,0,1,4,1,68,5,1,8,00,2,1,1,200900021471B02,10,17,1
200900021473,2009-02-04,2009,février,mercredi,16:40,34,34032,0.00004,0,2,3,1,1,1,4,2,02,1,1,000,060,1,0,0,3,2,13,0,1,9,00,2,3,1,200900021473A01,7,1,1
200900021521,2009-02-19,2009,février,jeudi,15:44,34,34172,0.00004,0,2,3,3,1,1,4,2,04,1,1,000,120,1,0,1,4,1,14,5,1,9,00,2,1,1,200900021521A01,7,1,1
200900021544,2009-05-07,2009,mai,jeudi,11:00,24,24341,0,0,1,1,7,1,1,3,2,00,2,3,000,060,1,0,1,3,1,69,5,1,2,00,0,7,1,200900021544A01,,,
200900021552,2009-05-26,2009,mai,mardi,20:00,24,24340,0.00004,0,2,1,3,2,1,9,2,01,1,1,098,048,1,0,1,3,2,4,5,1,2,00,2,1,19,200900021552B02,7,1,1
200900021569,2009-05-07,2009,mai,jeudi,70:0,24,24462,0.00004,0,1,1,2,1,1,3,2,02,1,1,000,000,1,0,1,3,1,64,1,1,1,00,0,4,0,200900021569B02,7,2,1
200900021596,2009-06-19,2009,juin,vendredi,14:15,24,24103,0.00004,0,1,1,3,1,1,3,2,00,1,1,000,100,1,0,1,4,1,57,5,1,1,00,2,4,1,200900021596B02,7,21,1
200900021614,2009-07-25,2009,juillet,samedi,11:00,24,24352,0.00004,0,2,6,3,1,1,3,2,01,1,3,000,050,1,0,1,3,1,56,5,1,2,00,2,8,16,200900021614B02,7,16,1
200900021615,2009-07-27,2009,juillet,lundi,11:30,24,24410,0,0,1,1,6,1,1,3,2,02,2,3,000,055,1,0,3,3,1,58,5,1,2,00,2,7,17,200900021615A01,,,
200900021627,2009-07-17,2009,juillet,vendredi,12:00,24,24563,0.00004,0,1,1,1,1,2,3,2,00,1,3,000,053,2,0,1,3,2,59,5,1,2,00,2,8,9,200900021627A01,7,1,1
200900021638,2009-06-19,2009,juin,vendredi,17:37,41,41018,0.00004,0,2,3,3,1,1,3,2,02,1,1,000,000,1,0,1,4,1,13,9,1,4,00,2,1,15,200900021638B01,7,1,1
200900021644,2009-07-29,2009,juillet,mercredi,18:30,41,41235,0.00004,0,1,2,1,1,1,3,2,02,1,1,000,075,1,0,1,3,2,15,5,1,8,00,2,8,15,200900021644A01,17,17,1
200900021651,2009-07-05,2009,juillet,dimanche,10:15,41,41230,0,0,1,1,7,1,1,4,2,01,1,2,000,000,1,0,0,3,2,58,5,1,2,14,0,0,14,200900021651A01,,,
200900021661,2009-07-03,2009,juillet,vendredi,16:50,41,41018,0.00004,0,2,2,3,1,1,3,2,02,4,1,000,000,1,0,1,4,1,32,9,1,9,00,2,1,1,200900021661B01,7,16,1
200900021662,2009-07-27,2009,juillet,lundi,18:45,41,41018,0.00004,0,2,1,3,1,1,3,2,02,4,1,000,000,1,0,1,4,1,19,9,1,9,00,2,1,1,200900021662B01,7,16,1
200900021690,2009-04-16,2009,avril,jeudi,16:30,72,72345,0,0,2,1,1,1,1,3,2,00,2,4,000,074,1,5,1,4,1,21,5,1,2,00,2,1,1,200900021690B02,7,1,1
200900021704,2009-04-23,2009,avril,jeudi,14:45,72,72058,0,0,1,1,3,1,1,3,3,04,1,1,030,140,1,0,1,3,1,71,5,1,2,00,2,8,1,200900021704B02,10,17,1
200900021718,2009-07-11,2009,juillet,samedi,11:15,04,04236,0.00004,0,2,1,1,1,1,2,2,02,2,3,065,000,1,0,1,3,1,67,5,1,9,00,2,1,1,200900021718B02,7,15,1
200900021726,2009-07-30,2009,juillet,jeudi,17:00,04,04244,0.00004,0,1,1,1,1,1,3,2,00,1,1,000,063,1,0,1,4,1,62,5,1,2,00,0,4,1,200900021726A01,7,14,1
200900021746,2009-07-28,2009,juillet,mardi,12:00,32,32208,0.00004,0,1,1,6,1,1,4,2,02,2,1,000,048,1,0,3,2,2,11,5,1,2,02,0,1,1,200900021746A01,,,
200900021761,2009-04-15,2009,avril,mercredi,15:25,80,80160,0,0,2,6,3,1,1,3,1,02,1,2,000,060,1,0,1,4,1,34,0,1,9,00,2,2,1,200900021761A01,7,1,1
200900021774,2009-04-06,2009,avril,lundi,17:45,80,80021,0,0,2,1,3,1,1,4,2,03,1,1,000,140,1,0,1,4,1,29,5,1,2,00,2,0,1,200900021774B01,7,18,1
200900021811,2009-04-26,2009,avril,dimanche,14:35,80,80724,0,0,2,2,3,1,1,3,2,02,1,1,000,090,1,0,1,4,1,15,5,1,2,00,2,4,5,200900021811A01,33,1,1
200900021812,2009-04-26,2009,avril,dimanche,15:35,80,80021,0,0,2,1,7,1,1,4,1,00,1,1,000,000,1,0,1,1,1,21,4,1,2,00,1,1,1,200900021812A01,,,
200900021815,2009-04-29,2009,avril,mercredi,20:15,80,80148,0,0,1,1,3,1,1,4,2,01,1,-1,000,070,1,0,0,4,1,18,5,1,2,00,0,1,1,200900021815B02,7,1,1
200900021817,2009-04-30,2009,avril,jeudi,16:20,80,80021,0,0,2,3,3,1,1,4,2,02,1,1,000,050,1,0,1,4,1,9,5,1,9,00,2,0,1,200900021817B01,7,1,1
200900021831,2009-05-09,2009,mai,samedi,19:30,72,72181,0,0,2,1,7,1,1,4,2,02,1,1,000,000,1,0,1,4,1,27,0,1,9,12,0,0,1,200900021831A01,,,
200900021853,2009-05-28,2009,mai,jeudi,18:30,72,72299,0,0,2,1,3,1,1,9,-1,02,2,1,000,054,1,0,1,3,1,6,5,1,1,00,2,8,19,200900021853A01,7,1,1
200900021863,2009-05-05,2009,mai,mardi,17:15,38,38151,0,0,2,1,3,1,6,4,2,03,2,1,000,117,1,2,1,2,2,28,1,1,2,00,2,1,1,200900021863B01,14,1,1
200900021873,2009-05-30,2009,mai,samedi,19:30,38,38185,0,0,2,3,3,1,1,4,1,03,1,1,000,097,1,0,1,4,1,22,5,1,2,00,2,1,1,200900021873B01,7,15,1
200900021888,2009-05-28,2009,mai,jeudi,17:45,38,38332,0,0,2,1,5,1,1,3,2,02,1,1,000,000,1,0,1,3,1,45,5,1,2,00,2,1,17,200900021888B02,38/ 7,20/17,2
200900021921,2009-05-30,2009,mai,samedi,55:,38,38185,0,0,1,1,2,3,1,1,3,04,1,1,000,170,1,0,1,2,1,47,9,1,9,00,2,4,0,200900021921B01,10,1,1
200900021923,2009-05-06,2009,mai,mercredi,21:50,38,38185,0,0,2,1,3,5,1,4,1,01,1,1,000,050,1,0,1,4,1,38,0,1,9,00,2,1,1,200900021923B01,7,16,1
200900021925,2009-05-30,2009,mai,samedi,16:30,38,38181,0,0,2,1,3,1,1,4,2,02,2,-1,000,000,1,5,1,4,1,13,5,1,1,00,2,1,1,200900021925B02,7,1,1
200900021953,2009-06-22,2009,juin,lundi,18:45,72,72300,0,0,2,2,1,1,1,4,2,02,1,1,000,000,1,0,1,3,1,14,5,1,1,00,2,1,1,200900021953B02,7,1,1
200900021956,2009-06-24,2009,juin,mercredi,12:00,72,72062,0.00004,0,2,1,1,1,1,3,2,00,1,1,011,060,1,0,1,3,2,63,5,1,1,14,0,8,1,200900021956B02,15,21,1
200900021975,2009-07-28,2009,juillet,mardi,18:00,12,12176,0,0,2,2,3,1,1,4,2,03,1,1,000,000,1,5,1,3,1,80,5,1,9,00,2,7,19,200900021975B01,7,1,1
200900022025,2009-07-08,2009,juillet,mercredi,19:20,53,53201,0,0,2,4,3,1,1,4,2,02,1,2,000,065,1,0,1,3,1,9,5,1,2,00,2,1,1,200900022025B01,7,1,1
200900022026,2009-07-28,2009,juillet,mardi,17:30,53,53130,0,0,1,6,3,1,1,2,2,02,1,1,000,000,1,0,1,3,1,70,5,1,2,00,2,2,13,200900022026B01,7,1,1
200900022034,2009-08-07,2009,août,vendredi,17:30,53,53097,0.00004,NaN,2,1,3,1,1,3,1,01,1,1,000,065,1,0,1,3,2,60,3,1,1,01,0,2,1,200900022034B02,7,22,1
200900022054,2009-06-12,2009,juin,vendredi,16:30,30,30047,0.00004,0,2,1,6,1,1,4,1,01,2,1,000,033,1,0,1,4,1,38,3,1,2,00,2,8,2,200900022054A01,,,
200900022061,2009-06-16,2009,juin,mardi,18:00,30,30274,0.00004,0,2,1,1,1,1,3,2,02,1,-1,000,000,-1,5,0,3,1,16,5,1,1,00,2,1,19,200900022061A01,99,1,1
200900022107,2009-06-02,2009,juin,mardi,12:30,30,30189,0.00004,0,2,2,3,1,1,4,2,03,1,1,000,029,1,0,1,4,1,68,3,1,9,00,2,1,1,200900022107B01,7,15,1
200900022141,2009-08-10,2009,août,lundi,17:55,51,51454,0,0,2,1,1,1,1,4,2,02,2,1,000,070,1,0,1,4,1,19,0,1,9,00,2,1,13,200900022141A01,7,1,1
200900022157,2009-08-31,2009,août,lundi,14:15,51,51599,0,0,1,1,2,1,1,3,2,00,4,1,000,058,1,0,1,3,1,41,5,1,2,00,0,4,2,200900022157B02,7,2,1
200900022183,2009-07-19,2009,juillet,dimanche,11:00,72,72135,0.00004,0,1,1,3,1,1,4,2,02,1,3,000,048,1,0,1,3,1,25,5,1,1,00,2,8,19,200900022183B02,7,1,1
200900022222,2009-05-12,2009,mai,mardi,18:30,54,54184,0,0,2,2,3,1,1,4,2,02,1,2,000,000,1,0,1,4,1,14,5,1,2,00,2,8,1,200900022222A01,7,1,1
200900022238,2009-05-18,2009,mai,lundi,16:15,54,54372,0.00004,0,2,1,3,1,1,3,2,02,1,1,000,048,-1,0,1,4,1,26,5,1,2,00,2,1,0,200900022238B02,7,1,1
200900022247,2009-05-24,2009,mai,dimanche,16:05,54,54528,0,0,2,1,6,1,1,4,2,02,1,1,000,087,1,0,1,4,1,8,9,1,4,00,2,6,15,200900022247B01,33,1,1
200900022253,2009-05-25,2009,mai,lundi,17:30,54,54498,0,0,2,6,3,1,1,4,1,02,1,1,000,000,1,0,1,4,2,36,5,1,2,00,2,1,1,200900022253B01,7,9,1
200900022263,2009-05-28,2009,mai,jeudi,19:00,54,54557,0.00004,0,2,1,1,1,1,3,2,02,1,-1,000,000,1,0,0,4,1,11,5,1,1,00,0,3,19,200900022263B02,7,11,1
200900022266,2009-05-31,2009,mai,dimanche,16:30,54,54305,0,0,2,2,3,1,1,3,2,00,2,1,000,062,1,5,1,3,1,20,5,1,2,00,2,8,19,200900022266B02,7,1,1
200900022286,2009-07-20,2009,juillet,lundi,19:15,52,52365,0.00004,0,2,1,3,1,1,4,2,02,1,1,000,108,1,0,1,2,1,10,5,1,2,00,2,1,19,200900022286A01,7,1,1
200900022294,2009-07-26,2009,juillet,dimanche,15:01,52,52448,0.00004,0,2,1,6,1,1,4,2,02,1,1,000,000,1,0,1,4,1,17,5,1,9,01,0,1,1,200900022294A01,,,
200900022297,2009-07-13,2009,juillet,lundi,17:30,52,52121,0.00004,0,1,1,1,1,1,4,2,02,2,2,000,051,1,0,1,3,1,15,5,1,2,00,2,1,13,200900022297B01,7,15,1
200900022337,2009-07-15,2009,juillet,mercredi,16:56,49,49007,0,0,2,1,1,1,1,6,-1,00,1,1,000,060,1,0,1,4,2,24,1,1,9,00,2,4,1,200900022337B01,7,1,1
200900022344,2009-07-09,2009,juillet,jeudi,15:10,49,49007,0,0,2,2,6,1,1,4,-1,00,1,1,000,000,1,0,1,4,1,81,0,1,9,00,2,2,0,200900022344B01,10,1,1
200900022375,2009-07-26,2009,juillet,dimanche,11:07,49,49007,0,0,2,1,7,1,1,4,1,02,1,1,000,066,1,0,5,4,1,53,5,1,9,00,0,2,1,200900022375A01,,,
200900022418,2009-05-19,2009,mai,mardi,94:0,51,51474,0,0,2,3,6,1,1,4,2,02,2,1,000,070,1,5,0,3,1,69,5,1,9,00,2,0,0,200900022418B01,15,15,1
200900022425,2009-08-21,2009,août,vendredi,17:30,72,72154,0.00004,NaN,2,1,1,1,1,4,2,00,4,1,000,000,1,0,1,3,1,55,9,1,1,00,2,4,13,200900022425B02,7,17,1
200900022447,2009-08-14,2009,août,vendredi,74:5,72,72181,0,0,2,1,7,1,1,4,1,01,2,1,000,000,1,0,5,4,1,49,1,1,9,12,0,7,1,200900022447A01,,,
200900022449,2009-08-14,2009,août,vendredi,17:45,72,72181,0,0,2,1,6,1,1,4,2,02,1,1,000,049,1,0,1,3,2,81,5,1,9,00,2,0,1,200900022449B01,2,18,1
200900022459,2009-08-31,2009,août,lundi,18:15,72,72132,0.00004,0,2,1,1,1,1,9,2,00,1,1,000,045,1,0,1,3,1,12,5,1,2,00,2,2,19,200900022459B02,7,1,1
200900022497,2009-07-29,2009,juillet,mercredi,15:40,25,25056,0,0,2,2,1,1,1,4,1,02,1,1,000,000,1,0,1,4,1,32,0,1,2,00,2,1,1,200900022497A01,7,15,1
200900022525,2009-05-22,2009,mai,vendredi,18:20,61,61001,0,0,2,1,3,1,1,4,2,02,1,1,000,060,9,0,1,3,1,14,5,1,9,00,2,1,19,200900022525B01,7,1,1
200900022540,2009-06-17,2009,juin,mercredi,20:15,46,46127,0.00004,0,1,1,7,1,1,4,2,02,4,3,000,028,1,0,1,3,1,30,5,1,4,00,0,7,1,200900022540A01,,,
200900022599,2009-07-11,2009,juillet,samedi,19:00,70,70112,0.00004,0,1,1,1,1,1,3,2,02,2,3,000,058,1,0,1,3,1,48,5,1,2,00,2,1,1,200900022599B02,7,13,1
200900022634,2009-03-14,2009,mars,samedi,51:5,11,11069,0,0,2,1,3,5,1,4,-1,01,1,-1,060,050,1,0,1,4,1,22,5,1,2,00,2,2,1,200900022634B01,7,1,1
200900022640,2009-03-24,2009,mars,mardi,15:00,11,11266,0.00004,0,2,1,3,1,1,9,-1,00,1,1,000,000,1,6,4,3,1,12,2,1,1,00,2,7,1,200900022640B02,30,1,1
200900022760,2009-03-23,2009,mars,lundi,13:45,06,06079,0.00004,0,2,1,1,1,1,3,1,00,1,3,000,040,1,0,5,3,1,45,5,1,2,00,2,3,1,200900022760B02,7,2,1
200900022761,2009-03-19,2009,mars,jeudi,80:0,06,06057,0,0,2,1,1,1,1,3,2,02,2,1,000,074,1,0,1,4,1,33,0,1,1,00,2,1,1,200900022761B02,7,9,1
200900022841,2009-03-06,2009,mars,vendredi,14:15,06,06004,0,0,2,1,3,1,1,3,3,03,1,1,000,101,1,0,1,4,2,31,0,1,9,00,2,3,11,200900022841A01,7,1,1
200900022863,2009-03-23,2009,mars,lundi,14:45,06,06088,0,0,2,1,3,1,1,4,1,02,1,1,000,000,1,0,1,4,1,53,1,1,9,00,2,9,1,200900022863B01,10,14,1
200900022870,2009-03-15,2009,mars,dimanche,11:30,06,06069,0,0,2,1,7,1,1,3,2,02,2,1,000,000,1,0,1,4,1,62,0,1,9,00,0,0,0,200900022870A01,,,
200900022900,2009-03-19,2009,mars,jeudi,13:30,06,06161,0,0,2,1,7,1,1,3,2,02,2,1,000,060,1,0,1,3,1,15,0,1,9,00,0,2,1,200900022900A01,,,
200900022900,2009-03-19,2009,mars,jeudi,13:30,06,06161,0,0,2,1,7,1,1,3,2,02,2,1,000,060,1,0,1,4,1,15,5,1,2,00,0,2,1,200900022900A01,,,
200900022933,2009-06-15,2009,juin,lundi,16:55,74,74010,0,0,2,2,3,1,1,4,1,01,1,1,000,069,1,0,0,4,1,53,1,1,2,00,0,1,1,200900022933B01,7,1,1
200900022965,2009-08-06,2009,août,jeudi,13:16,79,79191,0,0,2,9,3,1,1,6,-1,00,1,1,000,060,1,0,0,4,2,17,5,1,9,00,2,1,0,200900022965A01,7,1,1
200900022968,2009-08-26,2009,août,mercredi,18:45,79,79191,0,0,2,3,3,1,1,4,2,02,1,1,000,057,1,5,1,3,1,10,5,1,4,00,2,1,1,200900022968A01,7,1,1
200900022978,2009-04-01,2009,avril,mercredi,11:20,11,11262,0,0,2,2,6,1,1,4,2,02,1,1,000,000,1,0,1,4,1,34,5,1,8,00,2,6,1,200900022978B01,7,1,1
200900023015,2009-05-02,2009,mai,samedi,16:30,11,11091,0,0,1,1,1,1,1,3,2,02,1,1,000,057,1,0,1,2,1,68,5,1,2,00,2,1,1,200900023015B02,31,17,1
200900023042,2009-05-25,2009,mai,lundi,18:30,11,11069,0,0,2,1,3,1,1,4,2,02,1,1,030,010,1,0,1,4,1,35,5,1,9,00,0,1,0,200900023042A01,7,0,1
200900023047,2009-05-08,2009,mai,vendredi,64:2,56,56107,0,0,2,1,7,5,1,9,2,02,1,2,000,000,1,0,1,4,1,20,0,1,9,00,0,0,1,200900023047A01,,,
200900023056,2009-05-04,2009,mai,lundi,13:25,56,56121,0.00004,NaN,2,1,3,1,1,9,2,03,1,1,000,000,1,0,1,4,2,49,5,1,9,00,2,8,1,200900023056B01,37,1,1
200900023066,2009-05-06,2009,mai,mercredi,18:30,56,56158,0.00004,NaN,1,6,1,1,1,9,1,00,1,2,000,000,1,5,1,3,1,62,5,1,9,00,2,1,1,200900023066B02,7,9,1
200900023067,2009-05-10,2009,mai,dimanche,12:15,56,56240,0,0,1,2,1,1,1,3,3,01,1,1,000,000,1,0,1,3,1,45,5,1,2,00,2,7,1,200900023067B02,7,19,1
200900023067,2009-05-10,2009,mai,dimanche,12:15,56,56240,0,0,1,2,1,1,1,3,3,01,1,1,000,000,1,0,1,3,1,49,5,1,2,00,2,7,1,200900023067B02,7,19,1
200900023067,2009-05-10,2009,mai,dimanche,12:15,56,56240,0,0,1,2,1,1,1,3,3,01,1,1,000,000,1,0,1,3,1,63,5,1,2,00,2,7,1,200900023067B02,7,19,1
200900023093,2009-05-27,2009,mai,mercredi,81:0,56,56121,0.00004,NaN,2,2,3,1,1,9,2,02,1,1,000,000,1,5,1,4,1,16,0,1,9,00,2,1,1,200900023093A01,7,1,1
200900023112,2009-06-02,2009,juin,mardi,14:13,56,56098,0.00004,NaN,2,6,3,1,7,9,2,02,1,2,000,000,1,0,0,4,2,65,5,1,9,00,2,7,1,200900023112B01,7,1,1
200900023115,2009-06-07,2009,juin,dimanche,16:53,56,56121,0.00004,NaN,2,3,3,1,1,9,2,02,1,1,000,000,1,0,1,4,1,42,0,1,9,00,2,1,1,200900023115A01,7,15,1
200900023116,2009-06-10,2009,juin,mercredi,17:55,56,56260,0,0,2,1,6,1,1,4,2,02,1,1,000,000,1,0,1,3,2,64,0,1,9,14,0,1,2,200900023116B01,1,1,1
200900023116,2009-06-10,2009,juin,mercredi,17:55,56,56260,0,0,2,1,6,1,1,4,2,02,1,1,000,000,1,0,1,1,2,55,0,1,9,00,0,0,1,200900023116A01,1,2,1
200900023118,2009-06-02,2009,juin,mardi,15:07,56,56121,0.00004,NaN,2,1,3,1,7,9,2,02,1,3,000,000,1,0,1,4,2,17,2,1,9,00,2,6,1,200900023118B01,7,1,1
200900023119,2009-06-04,2009,juin,jeudi,15:59,56,56121,0.00004,NaN,2,2,2,1,1,9,2,02,2,1,000,000,1,0,0,4,1,43,0,1,9,00,2,1,1,200900023119A01,7,23,1
200900023121,2009-06-14,2009,juin,dimanche,15:26,56,56121,0.00004,NaN,2,1,2,1,1,4,2,02,2,1,000,000,1,0,1,4,1,16,0,1,9,00,2,1,1,200900023121B01,7,23,1
200900023132,2009-06-27,2009,juin,samedi,19:45,56,56081,0,0,1,1,2,1,1,3,2,02,1,2,060,000,1,0,1,3,1,54,5,1,4,00,0,4,1,200900023132B02,33,14,1
200900023144,2009-06-19,2009,juin,vendredi,18:23,56,56098,0.00004,NaN,2,2,3,1,1,4,-1,00,1,1,000,000,1,0,1,3,1,16,0,1,9,00,2,1,16,200900023144B01,7,15,1
200900023146,2009-06-19,2009,juin,vendredi,16:30,56,56121,0.00004,NaN,2,6,3,1,1,4,1,02,1,2,000,000,1,0,1,4,1,54,4,1,4,00,2,4,1,200900023146B01,7,16,1
200900023161,2009-08-31,2009,août,lundi,12:30,43,43167,0.00004,0,1,1,1,1,1,9,2,02,-1,2,036,000,1,0,1,3,1,9,5,1,2,00,2,1,0,200900023161B02,7,1,1
200900023188,2009-08-27,2009,août,jeudi,10:00,43,43038,0.00004,0,1,1,7,1,1,3,2,02,-1,1,000,062,1,0,1,2,1,49,5,1,2,00,0,0,1,200900023188A01,,,
200900023191,2009-08-22,2009,août,samedi,16:10,43,43041,0,0,2,1,6,1,1,3,2,02,1,1,000,067,1,0,1,4,2,67,5,1,2,00,2,3,1,200900023191B01,7,17,1
200900023196,2009-01-16,2009,janvier,vendredi,81:0,78,78646,0.00004,0,2,1,6,5,1,4,-1,00,1,1,000,000,1,0,4,4,2,58,0,1,2,00,2,1,1,200900023196B01,10,22,1
200900023203,2009-04-29,2009,avril,mercredi,19:07,54,54431,0,0,2,3,6,5,1,4,2,02,2,3,000,052,1,5,1,2,1,11,5,1,2,12,0,1,1,200900023203A01,,,
200900023207,2009-04-07,2009,avril,mardi,80:5,54,54395,0,0,2,1,6,1,1,4,1,01,2,1,000,048,1,0,0,4,2,50,1,1,2,00,2,1,0,200900023207A01,7,0,1
200900023233,2009-04-20,2009,avril,lundi,16:40,54,54300,0,0,1,1,5,1,1,4,2,02,1,1,000,000,1,0,1,4,1,62,5,1,2,00,2,1,17,200900023233A01,7,15,1
200900023233,2009-04-20,2009,avril,lundi,16:40,54,54300,0,0,1,1,5,1,1,4,2,02,1,1,000,000,1,0,1,4,1,46,5,1,2,00,2,1,17,200900023233B01,7,15,1
200900023301,2009-06-20,2009,juin,samedi,15:27,87,87085,0,0,2,1,6,1,1,6,-1,00,-1,-1,000,030,1,0,1,1,1,17,5,1,2,00,1,1,1,200900023301A01,,,
200900023312,2009-06-28,2009,juin,dimanche,17:52,87,87075,0,0,1,1,3,1,1,2,2,03,1,1,000,090,1,0,1,4,1,27,5,1,2,00,2,1,2,200900023312B01,7,15,1
200900023318,2009-06-04,2009,juin,jeudi,10:24,87,87085,0,0,2,1,6,1,1,3,2,02,1,1,000,120,1,0,1,1,1,39,5,1,2,00,1,1,2,200900023318A01,,,
200900023332,2009-03-16,2009,mars,lundi,18:10,31,31565,0,0,2,4,1,2,1,3,2,01,1,-1,000,070,1,5,1,3,1,60,5,1,9,00,9,1,0,200900023332B01,7,15,1
200900023347,2009-06-10,2009,juin,mercredi,80:0,54,54547,0,0,2,1,6,1,1,4,2,02,2,1,000,700,1,0,1,4,1,12,0,1,2,00,2,8,15,200900023347A01,7,2,1
200900023359,2009-06-22,2009,juin,lundi,85:0,54,54395,0,0,2,1,2,1,1,4,1,02,1,1,000,000,1,0,1,4,2,55,1,1,2,00,2,1,1,200900023359B01,7,22,1
200900023368,2009-06-24,2009,juin,mercredi,18:30,54,54395,0,0,1,1,6,1,1,4,2,02,2,1,000,000,1,0,1,4,1,10,5,1,2,01,0,1,14,200900023368A01,,,
200900023418,2009-07-15,2009,juillet,mercredi,17:23,87,87114,0,0,2,1,7,1,1,3,-1,02,1,1,000,060,1,0,1,4,2,12,5,1,4,16,0,1,2,200900023418A01,,,