Num_Acc,date,an,mois,jour,hrmn,dep,com,lat,long,agg,int,col,lum,atm,catr,circ,nbv,prof,plan,lartpc,larrout,surf,infra,situ,grav,sexe,age,trajet,secuexist,equipement,obs,obsm,choc,manv,vehiculeid,typevehicules,manoeuvehicules,numVehicules
200900023425,2009-07-02,2009,juillet,jeudi,23:40,87,87085,0,0,2,1,6,5,1,4,1,01,-1,1,000,030,1,0,1,4,1,29,5,1,2,01,0,1,13,200900023425A01,,,
200900023429,2009-07-12,2009,juillet,dimanche,15:,87,87113,0,0,2,9,6,5,1,4,2,02,1,1,000,060,1,0,1,4,1,18,5,1,4,16,0,1,2,200900023429A01,,,
200900023443,2009-07-08,2009,juillet,mercredi,13:17,87,87075,0,0,2,1,6,1,1,4,2,02,1,1,000,060,1,0,1,4,1,14,5,1,4,12,0,1,2,200900023443A01,,,
200900023452,2009-07-08,2009,juillet,mercredi,16:05,87,87085,0,0,2,1,6,1,1,3,2,02,1,1,000,060,1,0,1,4,2,22,1,1,2,00,2,1,2,200900023452A01,,,
200900023458,2009-07-04,2009,juillet,samedi,11:37,87,87085,0,0,2,1,3,2,1,4,2,09,1,1,015,270,1,0,1,1,1,55,4,1,1,00,2,8,2,200900023458A01,37,17,1
200900023466,2009-08-19,2009,août,mercredi,14:45,87,87131,0,0,2,2,3,1,1,3,2,02,2,1,000,068,1,0,1,3,1,50,5,1,1,00,2,1,1,200900023466A01,7,15,1
200900023481,2009-08-20,2009,août,jeudi,18:06,87,87085,0,0,2,1,6,1,1,4,2,02,-1,-1,000,060,1,0,1,4,1,59,5,1,2,00,0,0,0,200900023481A01,,,
200900023495,2009-08-02,2009,août,dimanche,16:58,87,87085,0,0,2,3,7,1,1,4,2,02,-1,1,000,060,1,0,1,3,1,62,5,1,2,00,0,1,21,200900023495B01,7,23,1
200900023496,2009-08-06,2009,août,jeudi,14:40,87,87085,0,0,2,1,6,1,1,4,1,01,1,1,000,033,1,0,1,3,2,23,1,1,2,00,2,8,19,200900023496B01,7,1,1
200900023506,2009-08-14,2009,août,vendredi,84:5,87,87048,0,0,1,1,6,1,1,3,2,02,-1,2,000,060,1,0,1,3,1,62,5,1,2,00,2,8,1,200900023506B01,7,1,1
200900023514,2009-08-01,2009,août,samedi,10:00,2A,2A247,0.00004,0,1,1,6,1,1,3,2,00,-1,4,000,000,1,0,1,3,2,52,5,1,1,00,0,0,1,200900023514A01,,,
200900023543,2009-08-19,2009,août,mercredi,22:00,2A,2A004,0.00004,0,2,1,1,5,1,2,2,02,1,1,000,000,1,0,0,4,1,13,9,1,4,00,2,1,0,200900023543B01,31,0,1
200900023589,2009-02-17,2009,février,mardi,18:00,78,78423,0.00004,0,2,1,3,1,1,4,2,01,1,1,000,140,1,0,1,4,1,10,5,1,2,00,2,1,19,200900023589B01,7,1,1
200900023625,2009-02-26,2009,février,jeudi,91:0,78,78498,0.00004,0,1,2,3,1,1,3,2,03,1,1,000,075,2,5,1,4,1,61,5,1,2,00,2,8,1,200900023625B01,17,1,1
200900023667,2009-07-15,2009,juillet,mercredi,94:5,51,51454,0,0,2,1,3,1,1,4,1,02,1,2,000,070,1,0,1,3,1,64,5,1,9,00,2,8,2,200900023667B01,10,2,1
200900023673,2009-08-23,2009,août,dimanche,14:40,51,51454,0,0,2,2,3,1,1,4,2,02,2,1,000,100,1,0,1,4,1,17,0,1,9,00,2,8,1,200900023673A01,10,1,1
200900023680,2009-04-21,2009,avril,mardi,18:00,22,22136,0.00004,NaN,1,1,1,1,1,3,2,02,1,1,000,000,1,0,1,4,1,80,5,1,1,00,0,8,19,200900023680A01,7,13,1
200900023688,2009-04-08,2009,avril,mercredi,13:45,22,22360,0,0,2,6,3,1,2,3,1,02,1,2,000,082,2,0,1,4,1,47,3,1,4,00,2,2,1,200900023688B01,10,9,1
200900023691,2009-04-26,2009,avril,dimanche,17:00,22,22278,0,0,2,1,7,1,2,4,2,01,4,1,000,023,2,1,1,3,1,9,5,1,2,06,9,1,21,200900023691A01,,,
200900023721,2009-07-15,2009,juillet,mercredi,19:20,90,90029,0,0,1,1,7,1,1,4,-1,00,2,-1,000,000,1,0,3,3,1,33,5,1,2,00,0,1,1,200900023721A01,,,
200900023724,2009-07-20,2009,juillet,lundi,12:05,90,90010,0,0,2,3,3,1,1,3,1,01,-1,-1,000,000,-1,0,1,4,2,24,5,1,9,00,2,8,19,200900023724A01,10,16,1
200900023730,2009-07-27,2009,juillet,lundi,53:0,90,90010,0,0,2,1,6,2,1,3,2,04,2,1,035,061,1,0,5,4,1,25,1,1,4,01,0,1,0,200900023730B01,7,22,1
200900023731,2009-07-27,2009,juillet,lundi,11:50,90,90099,0,0,2,3,3,1,1,3,2,02,1,1,000,000,1,0,1,4,1,44,0,1,9,00,2,8,15,200900023731A01,7,16,1
200900023739,2009-07-04,2009,juillet,samedi,19:28,90,90010,0,0,2,1,3,1,1,4,-1,02,1,1,000,060,1,0,1,4,1,17,0,1,9,00,2,0,15,200900023739A01,7,1,1
200900023748,2009-03-17,2009,mars,mardi,73:7,26,26362,0,0,2,3,2,1,1,4,-1,02,1,1,000,000,1,0,0,4,2,49,0,1,9,00,2,4,23,200900023748B01,7,1,1
200900023753,2009-03-20,2009,mars,vendredi,75:0,26,26281,0,0,2,1,6,1,1,4,2,02,1,1,000,060,1,0,1,4,1,16,2,1,9,00,2,1,1,200900023753A01,7,1,1
200900023787,2009-06-11,2009,juin,jeudi,18:00,90,90001,0,0,2,6,2,1,1,3,2,02,1,1,000,000,1,0,0,4,1,72,5,1,9,00,2,8,2,200900023787B01,7,1,1
200900023807,2009-06-27,2009,juin,samedi,18:20,90,90001,0,0,2,3,3,1,1,3,2,03,1,2,000,093,1,5,1,4,1,33,0,1,2,00,2,1,17,200900023807A01,7,15,1
200900023819,2009-05-16,2009,mai,samedi,12:30,2B,2B140,0,0,1,1,3,1,1,3,2,02,2,2,000,046,1,0,1,3,1,54,5,1,2,00,2,8,1,200900023819B02,7,1,1
200900023851,2009-06-19,2009,juin,vendredi,10:30,2B,2B120,0,0,2,1,3,1,1,4,-1,00,1,1,000,000,1,0,1,4,1,51,5,1,2,00,2,0,1,200900023851B01,7,9,1
200900023884,2009-05-20,2009,mai,mercredi,11:15,80,80130,0,0,1,1,2,1,1,3,2,02,2,1,000,060,1,0,1,2,1,76,5,1,1,00,0,4,1,200900023884A01,7,1,1
200900023915,2009-05-27,2009,mai,mercredi,12:40,80,80021,0,0,2,2,3,1,1,4,1,00,1,1,000,000,1,0,1,4,1,13,5,1,9,00,2,0,15,200900023915A01,7,1,1
200900023932,2009-07-04,2009,juillet,samedi,14:30,10,10323,0.00004,0,2,2,3,1,1,4,2,02,1,1,000,057,1,5,1,2,1,11,5,1,2,00,2,8,1,200900023932A01,7,1,1
200900023942,2009-07-16,2009,juillet,jeudi,20:50,10,10387,0,0,2,1,2,1,1,3,1,03,1,1,030,106,1,0,1,4,1,18,0,1,8,00,2,4,1,200900023942B01,10,1,1
200900023944,2009-07-22,2009,juillet,mercredi,54:5,10,10387,0,0,2,2,3,2,1,3,1,03,1,1,000,100,1,0,1,1,1,16,1,1,8,00,2,1,1,200900023944A01,2,1,1
200900024026,2009-07-14,2009,juillet,mardi,81:0,2B,2B037,0,0,2,1,2,1,1,2,3,04,1,1,000,000,1,0,2,2,1,16,5,1,2,00,2,4,1,200900024026B01,7,14,1
200900024100,2009-08-19,2009,août,mercredi,84:5,66,66008,0,0,2,1,7,1,1,4,2,02,2,1,000,000,1,0,1,3,1,53,5,1,2,00,0,0,0,200900024100A01,,,
200900024107,2009-08-12,2009,août,mercredi,11:05,66,66136,0,0,2,1,6,1,1,4,2,04,1,1,000,110,1,0,1,3,2,83,5,1,9,00,2,1,15,200900024107B01,7,1,1
200900024123,2009-05-28,2009,mai,jeudi,16:30,17,17300,0,0,2,9,6,1,1,4,1,02,1,2,000,000,1,0,5,4,2,87,5,1,2,00,2,3,1,200900024123B01,7,16,1
200900024135,2009-05-05,2009,mai,mardi,20:20,17,17300,0,0,2,9,3,1,1,4,2,02,1,1,000,000,1,0,5,4,1,22,5,1,2,00,2,7,0,200900024135B01,7,0,1
200900024138,2009-05-13,2009,mai,mercredi,17:00,17,17300,0,0,2,1,6,1,1,4,2,02,1,1,000,000,1,0,1,4,1,76,5,1,2,00,2,0,18,200900024138A01,10,16,1
200900024140,2009-05-01,2009,mai,vendredi,17:15,17,17274,0,0,2,1,3,1,1,4,2,02,1,1,000,050,1,0,1,4,2,42,0,1,2,00,2,8,1,200900024140B01,7,17,1
200900024141,2009-05-11,2009,mai,lundi,19:05,17,17028,0,0,2,1,2,1,1,4,2,02,1,1,000,000,1,0,1,3,1,86,5,1,2,00,2,4,1,200900024141B01,7,1,1
200900024143,2009-05-12,2009,mai,mardi,93:0,17,17300,0,0,2,1,6,1,1,4,1,02,1,1,000,000,1,0,1,4,1,31,0,1,9,00,2,1,1,200900024143B01,7,24,1
200900024157,2009-05-29,2009,mai,vendredi,17:10,17,17274,0,0,2,3,3,1,1,4,2,02,1,1,000,060,1,5,1,4,1,20,0,1,9,00,2,1,19,200900024157B01,7,1,1
200900024163,2009-05-10,2009,mai,dimanche,10:30,17,17449,0,0,2,1,7,1,1,4,2,02,2,1,000,056,1,0,1,4,1,65,5,1,2,00,0,1,1,200900024163A01,,,
200900024164,2009-05-05,2009,mai,mardi,17:20,17,17299,0,0,2,6,3,1,1,4,1,01,2,2,000,058,1,5,1,4,1,23,1,1,9,00,2,6,1,200900024164B01,7,1,1
200900024187,2009-05-04,2009,mai,lundi,16:30,17,17434,0,0,2,6,2,1,1,3,1,02,2,3,000,075,1,5,1,3,2,56,5,1,1,00,2,4,1,200900024187B02,7,16,1
200900024199,2009-05-13,2009,mai,mercredi,18:30,17,17264,0.00004,NaN,1,2,3,1,1,3,2,01,2,1,000,046,9,5,1,3,1,62,5,1,2,00,2,1,19,200900024199A01,7,1,1
200900024216,2009-05-23,2009,mai,samedi,18:10,17,17299,0,0,2,1,7,1,1,4,2,02,1,1,000,050,1,0,1,4,1,23,5,1,2,00,0,8,1,200900024216A01,,,
200900024265,2009-06-04,2009,juin,jeudi,18:10,80,80021,0,0,2,6,3,1,1,4,2,02,1,1,000,500,1,0,1,4,1,11,0,1,9,00,2,0,0,200900024265A01,7,1,1
200900024283,2009-07-01,2009,juillet,mercredi,18:31,37,37261,0,0,2,3,7,1,1,4,-1,00,-1,-1,000,000,-1,0,0,4,1,20,0,1,9,00,0,0,1,200900024283A01,,,
200900024287,2009-06-05,2009,juin,vendredi,14:00,17,17300,0,0,2,1,6,1,1,4,1,02,1,1,000,000,1,0,1,1,1,15,9,1,4,00,2,7,1,200900024287C01,7,1,1
200900024287,2009-06-05,2009,juin,vendredi,14:00,17,17300,0,0,2,1,6,1,1,4,1,02,1,1,000,000,1,0,1,4,1,15,9,1,9,00,2,7,1,200900024287B01,7,1,1
200900024289,2009-06-03,2009,juin,mercredi,10:41,17,17300,0,0,2,1,2,1,1,4,2,02,1,1,000,000,1,0,1,4,1,72,0,1,9,00,2,8,13,200900024289B01,7,1,1
200900024293,2009-06-15,2009,juin,lundi,14:20,17,17300,0,0,2,1,2,1,1,6,2,02,1,1,000,000,1,0,1,4,1,22,0,1,9,00,2,3,17,200900024293B01,7,13,1
200900024305,2009-06-02,2009,juin,mardi,16:15,17,17391,0.00004,NaN,1,1,2,1,1,3,2,02,1,1,000,000,1,0,1,3,1,63,5,1,2,00,2,6,2,200900024305B02,10,2,1
200900024318,2009-06-02,2009,juin,mardi,13:45,17,17299,0,0,2,1,7,1,1,4,1,01,1,2,000,065,1,0,4,3,1,60,1,1,9,12,0,1,1,200900024318A01,,,
200900024319,2009-06-11,2009,juin,jeudi,70:0,17,17299,0,0,2,1,1,1,1,4,2,02,2,1,000,087,1,0,1,4,1,55,1,1,9,00,2,1,1,200900024319B01,7,15,1
200900024332,2009-06-17,2009,juin,mercredi,10:10,17,17300,0,0,2,1,6,1,1,4,2,02,1,1,000,000,1,0,1,4,1,28,9,1,2,01,0,1,1,200900024332B01,7,24,1
200900024334,2009-06-18,2009,juin,jeudi,14:45,17,17300,0,0,2,1,6,1,1,4,3,04,1,1,020,120,1,0,1,4,2,21,0,1,9,00,2,0,0,200900024334B01,7,0,1
200900024339,2009-06-09,2009,juin,mardi,12:10,17,17299,0,0,2,3,6,1,1,4,2,02,2,1,000,000,1,5,1,3,2,73,3,1,9,00,2,1,2,200900024339B01,7,4,1
200900024346,2009-06-23,2009,juin,mardi,13:50,17,17300,0,0,2,1,6,1,1,4,1,01,1,1,000,000,1,0,1,4,1,61,0,1,9,00,2,1,1,200900024346B01,7,22,1
200900024350,2009-06-01,2009,juin,lundi,93:0,17,17333,0,0,2,1,3,1,1,4,-1,02,1,-1,000,000,1,0,1,4,1,64,5,1,2,00,2,1,1,200900024350B01,7,1,1
200900024354,2009-06-12,2009,juin,vendredi,20:15,17,17415,0,0,2,1,3,1,1,2,1,01,2,1,000,035,1,3,1,4,1,57,5,1,4,00,0,8,1,200900024354B01,10,17,1
200900024372,2009-06-24,2009,juin,mercredi,70:0,17,17415,0,0,2,6,3,1,1,2,1,02,1,2,000,000,1,5,1,4,1,37,1,1,2,00,2,7,1,200900024372B01,14,1,1
200900024376,2009-06-19,2009,juin,vendredi,83:0,37,37261,0,0,2,1,6,1,1,4,1,01,1,1,000,050,-1,0,1,4,2,37,1,1,2,00,2,1,0,200900024376B01,7,22,1
200900024388,2009-07-07,2009,juillet,mardi,14:30,67,67520,0.00004,0,1,2,3,1,1,3,2,00,4,1,000,040,1,0,1,4,2,79,5,1,2,00,2,2,1,200900024388A01,7,1,1
200900024390,2009-07-31,2009,juillet,vendredi,12:15,67,67192,0.00004,0,2,1,3,1,1,4,2,02,1,1,000,040,1,0,1,3,1,11,5,1,1,00,2,7,19,200900024390B02,10,1,1
200900024395,2009-07-11,2009,juillet,samedi,17:15,67,67268,0.00004,0,2,1,2,1,1,4,2,02,1,1,000,060,1,0,1,3,2,78,5,1,1,00,2,1,13,200900024395B02,7,4,1
200900024396,2009-07-20,2009,juillet,lundi,16:15,67,67296,0.00004,0,1,9,1,1,1,3,2,00,2,1,000,000,1,0,5,3,1,52,5,1,1,00,9,8,1,200900024396B02,17,15,1
200900024402,2009-07-02,2009,juillet,jeudi,21:10,67,67482,0,0,2,3,6,2,1,4,2,02,1,1,000,105,1,0,1,4,1,22,9,1,9,00,2,4,13,200900024402B01,2,1,1
200900024412,2009-07-06,2009,juillet,lundi,19:30,67,67482,0,0,2,3,3,1,1,4,2,02,1,1,000,080,1,0,1,4,1,41,0,1,9,00,2,1,1,200900024412B01,7,1,1
200900024413,2009-07-04,2009,juillet,samedi,94:5,67,67482,0,0,2,3,3,1,1,4,2,02,1,1,000,070,1,0,5,4,1,49,1,1,9,00,2,1,1,200900024413B01,7,15,1
200900024416,2009-07-06,2009,juillet,lundi,18:30,67,67482,0,0,2,1,6,1,1,4,2,01,2,4,000,040,1,0,5,4,1,26,0,1,9,00,2,0,1,200900024416A01,1,1,1
200900024416,2009-07-06,2009,juillet,lundi,18:30,67,67482,0,0,2,1,6,1,1,4,2,01,2,4,000,040,1,0,5,3,2,63,0,1,9,00,2,0,1,200900024416B01,1,1,1
200900024418,2009-07-04,2009,juillet,samedi,12:20,67,67482,0,0,2,2,3,1,1,4,2,02,1,1,000,050,1,0,1,4,2,37,5,1,2,00,2,1,19,200900024418A01,7,1,1
200900024424,2009-07-17,2009,juillet,vendredi,14:15,67,67218,0,0,2,2,3,1,2,4,3,02,1,1,015,200,2,0,1,4,2,55,1,1,9,00,2,1,15,200900024424B01,7,15,1
200900024428,2009-07-28,2009,juillet,mardi,20:50,67,67482,0,0,2,1,6,2,1,4,2,02,1,1,000,103,1,0,1,4,2,36,5,1,2,00,2,1,1,200900024428B01,7,24,1
200900024429,2009-07-19,2009,juillet,dimanche,15:40,67,67482,0,0,2,2,3,1,1,4,2,02,1,1,000,060,1,0,1,4,1,71,5,1,2,00,2,2,1,200900024429B01,7,15,1
200900024431,2009-07-29,2009,juillet,mercredi,20:40,67,67482,0,0,2,2,3,1,1,4,2,03,1,1,000,090,1,0,1,4,2,5,5,1,2,00,2,0,1,200900024431B01,7,16,1
200900024435,2009-07-21,2009,juillet,mardi,14:10,67,67482,0,0,2,2,3,1,1,4,2,02,1,1,000,097,1,0,1,4,2,53,0,1,9,00,2,1,5,200900024435A01,7,16,1
200900024437,2009-07-22,2009,juillet,mercredi,17:58,67,67482,0,0,2,2,3,1,1,4,2,03,1,2,000,000,1,0,1,4,1,20,1,1,2,00,2,1,1,200900024437B01,7,1,1
200900024438,2009-07-24,2009,juillet,vendredi,17:35,67,67482,0,0,2,1,3,1,1,4,2,04,1,1,000,060,1,0,1,4,2,37,0,1,9,00,2,0,19,200900024438B01,7,1,1
200900024439,2009-07-30,2009,juillet,jeudi,17:50,67,67482,0,0,2,9,6,1,1,4,2,02,1,1,000,060,1,0,1,4,2,43,0,1,2,01,2,1,1,200900024439B01,7,22,1
200900024440,2009-07-20,2009,juillet,lundi,82:5,67,67482,0,0,2,3,3,1,2,4,2,01,1,1,000,000,2,0,0,4,2,20,0,1,2,00,2,7,1,200900024440A01,7,1,1
200900024443,2009-07-31,2009,juillet,vendredi,22:00,67,67482,0,0,2,3,6,5,1,4,2,02,1,1,000,130,1,0,1,4,1,51,0,1,4,00,2,0,0,200900024443B01,7,0,1
200900024447,2009-07-21,2009,juillet,mardi,18:59,67,67482,0,0,2,1,3,1,1,4,2,02,1,2,000,139,1,0,1,4,2,28,0,1,4,00,2,1,1,200900024447B01,7,9,1
200900024453,2009-07-13,2009,juillet,lundi,13:45,67,67482,0,0,2,2,3,1,1,4,2,02,1,1,000,100,1,0,1,4,1,25,0,1,9,00,4,1,1,200900024453A01,40,1,1
200900024454,2009-07-15,2009,juillet,mercredi,15:30,67,67482,0,0,2,1,3,1,1,4,2,03,1,1,000,054,1,0,5,4,1,43,5,1,4,00,2,1,1,200900024454B01,7,16,1
200900024459,2009-07-31,2009,juillet,vendredi,16:00,67,67447,0,0,2,3,6,1,1,4,2,01,1,1,000,063,1,0,1,4,1,59,0,1,4,00,2,0,0,200900024459B01,7,0,1
200900024465,2009-07-04,2009,juillet,samedi,50:5,37,37261,0,0,2,1,7,3,1,4,1,00,1,1,000,060,1,0,1,4,1,35,5,1,9,00,0,7,1,200900024465A01,,,
200900024468,2009-07-08,2009,juillet,mercredi,21:3,37,37261,0,0,2,1,7,5,9,4,-1,00,-1,-1,000,000,-1,0,0,4,2,22,0,1,9,00,0,0,0,200900024468A01,,,
200900024471,2009-03-20,2009,mars,vendredi,13:20,61,61001,0.00004,0,2,1,6,1,1,3,2,02,1,1,000,072,1,0,1,3,1,52,5,1,4,00,2,3,1,200900024471A01,7,17,1
200900024473,2009-02-06,2009,février,vendredi,18:20,52,52121,0.00004,0,2,3,7,3,2,4,2,02,1,1,000,070,2,0,0,4,2,18,1,1,9,12,0,7,21,200900024473B01,7,13,1
200900024487,2009-07-09,2009,juillet,jeudi,18:30,30,30049,0.00004,0,1,1,6,1,1,3,2,02,1,1,000,065,1,0,1,4,1,59,5,1,1,00,0,7,1,200900024487A01,,,
200900024489,2009-07-11,2009,juillet,samedi,94:5,30,30269,0.00004,0,1,1,1,1,1,3,2,02,2,2,000,000,1,0,1,3,1,66,5,1,2,00,2,1,13,200900024489B02,7,21,1
200900024507,2009-07-20,2009,juillet,lundi,12:45,30,30133,0,0,2,2,1,1,1,4,3,01,1,1,005,000,1,0,1,4,2,58,5,1,1,12,2,8,1,200900024507B02,7,1,1
200900024519,2009-07-31,2009,juillet,vendredi,10:00,30,30034,0.00004,0,2,1,5,1,1,4,2,02,1,1,000,000,1,0,1,3,1,74,3,1,2,00,2,3,13,200900024519C03,7,22/17,2
200900024521,2009-07-20,2009,juillet,lundi,14:30,30,30272,0.00004,0,1,1,2,1,1,3,2,02,1,1,000,000,1,0,1,3,1,45,5,1,2,00,0,4,2,200900024521A01,7,2,1
200900024555,2009-07-19,2009,juillet,dimanche,20:05,30,30032,0.00004,0,2,1,3,1,1,4,2,02,1,1,000,000,1,0,1,4,1,24,5,1,2,00,2,4,13,200900024555A01,33,1,1
200900024587,2009-09-07,2009,septembre,lundi,92:5,72,72181,0,0,2,1,6,1,1,4,2,02,2,1,000,077,1,0,1,4,1,39,0,1,9,00,2,1,17,200900024587B01,7,15,1
200900024607,2009-09-19,2009,septembre,samedi,64:5,72,72181,0,0,2,1,2,5,1,4,2,02,1,1,000,058,2,0,1,4,1,23,1,1,9,00,0,4,1,200900024607B01,7,1,1
200900024609,2009-09-22,2009,septembre,mardi,11:30,72,72181,0,0,2,1,6,1,1,4,2,02,1,1,000,000,1,0,5,4,2,39,5,1,9,01,2,1,1,200900024609B01,7,22,1
200900024635,2009-07-30,2009,juillet,jeudi,17:30,17,17296,0,0,1,1,5,1,7,3,2,00,3,1,000,057,-1,0,1,4,1,61,0,1,2,00,2,0,0,200900024635D04,7,21,1
200900024635,2009-07-30,2009,juillet,jeudi,17:30,17,17296,0,0,1,1,5,1,7,3,2,00,3,1,000,057,-1,0,1,3,1,60,5,1,2,00,2,4,1,200900024635B02,7,21,1
200900024635,2009-07-30,2009,juillet,jeudi,17:30,17,17296,0,0,1,1,5,1,7,3,2,00,3,1,000,057,-1,0,1,3,2,51,5,1,2,00,2,4,0,200900024635C03,7,21,1
200900024639,2009-07-08,2009,juillet,mercredi,17:00,17,17300,0,0,2,1,6,1,1,5,-1,01,1,1,000,030,1,6,1,1,2,10,5,1,2,00,1,1,1,200900024639A01,,,
200900024640,2009-07-15,2009,juillet,mercredi,16:05,17,17300,0,0,2,1,3,1,1,4,2,05,1,1,000,000,1,0,1,4,2,43,5,1,2,00,2,8,11,200900024640B01,7,1,1
200900024641,2009-07-11,2009,juillet,samedi,19:50,17,17300,0,0,2,1,2,1,1,4,2,02,1,1,000,000,1,0,5,4,2,52,5,1,2,00,2,4,1,200900024641B01,7,1,1
200900024644,2009-07-15,2009,juillet,mercredi,13:35,17,17300,0,0,2,1,1,1,1,4,1,01,1,1,000,040,1,0,1,1,1,14,5,1,9,00,2,1,1,200900024644A01,1,1,1
200900024644,2009-07-15,2009,juillet,mercredi,13:35,17,17300,0,0,2,1,1,1,1,4,1,01,1,1,000,040,1,0,1,4,1,42,5,1,9,00,2,1,1,200900024644B01,1,1,1
200900024662,2009-07-30,2009,juillet,jeudi,12:50,17,17300,0,0,2,1,6,1,1,4,2,02,1,1,000,050,1,0,1,4,2,60,5,1,9,00,2,0,1,200900024662B01,7,17,1
200900024665,2009-07-16,2009,juillet,jeudi,12:50,17,17300,0,0,2,1,6,1,1,4,1,01,1,1,000,000,1,0,1,3,1,58,5,1,9,00,2,1,1,200900024665B01,7,22,1
200900024667,2009-07-17,2009,juillet,vendredi,17:00,17,17300,0,0,2,3,3,1,1,4,2,02,3,1,000,060,1,0,1,4,1,54,5,1,9,00,2,1,1,200900024667B01,7,16,1
200900024671,2009-07-08,2009,juillet,mercredi,18:10,17,17299,0,0,2,6,3,1,1,4,1,02,1,2,000,060,1,5,1,3,1,53,5,1,9,00,2,3,2,200900024671A01,33,16,1
200900024673,2009-07-09,2009,juillet,jeudi,19:45,17,17306,0,0,2,1,6,1,1,4,-1,00,-1,-1,000,000,-1,0,4,1,1,16,0,1,9,00,1,1,0,200900024673A01,,,
200900024674,2009-07-14,2009,juillet,mardi,95:0,17,17306,0,0,2,1,3,1,1,4,2,02,1,1,000,090,1,0,1,3,1,82,5,1,4,00,2,4,1,200900024674B01,7,1,1
200900024675,2009-07-01,2009,juillet,mercredi,16:30,17,17333,0,0,2,1,2,1,1,4,-1,02,-1,-1,000,000,-1,0,1,4,2,34,9,1,9,00,2,4,0,200900024675B01,7,0,1
200900024695,2009-07-15,2009,juillet,mercredi,20:00,17,17337,0,0,1,1,3,1,1,5,-1,00,-1,1,000,000,1,0,1,3,2,19,1,1,2,00,2,6,19,200900024695A01,7,1,1
200900024697,2009-07-20,2009,juillet,lundi,12:20,17,17380,0,0,2,1,3,1,1,3,1,02,2,1,000,000,1,0,1,4,2,56,5,1,9,00,2,4,0,200900024697B01,7,1,1
200900024704,2009-07-24,2009,juillet,vendredi,1:,17,17333,0,0,2,3,3,5,1,4,2,02,1,1,000,000,1,0,1,4,1,17,5,1,4,00,2,7,1,200900024704A01,7,1,1
200900024746,2009-07-02,2009,juillet,jeudi,20:02,45,45285,0.00004,0,2,3,3,1,1,4,2,02,1,1,000,070,1,0,0,3,1,14,5,1,2,00,2,3,19,200900024746A01,7,1,1
200900024746,2009-07-02,2009,juillet,jeudi,20:02,45,45285,0.00004,0,2,3,3,1,1,4,2,02,1,1,000,070,1,0,0,4,1,14,5,1,2,00,2,3,19,200900024746A01,7,1,1
200900024752,2009-07-18,2009,juillet,samedi,18:30,45,45169,0.00004,0,2,1,3,1,2,3,2,02,1,1,000,060,2,0,1,3,1,12,0,1,2,00,2,7,19,200900024752A01,7,1,1
200900024762,2009-06-25,2009,juin,jeudi,11:10,52,52121,0.00004,0,2,1,3,1,1,4,1,02,1,1,000,056,1,0,4,3,2,47,1,1,9,00,2,0,21,200900024762A01,7,13,1
200900024767,2009-06-04,2009,juin,jeudi,13:00,71,71306,0,0,2,1,2,1,1,4,2,02,2,2,000,069,1,0,1,2,1,17,1,1,9,00,0,4,2,200900024767B01,7,1,1
200900024790,2009-06-18,2009,juin,jeudi,15:45,71,71294,0,0,2,1,2,1,1,3,2,00,1,1,000,067,1,0,1,3,1,16,1,1,4,00,2,8,15,200900024790A01,7,17,1
200900024797,2009-06-26,2009,juin,vendredi,10:15,71,71059,0,0,1,1,3,1,1,3,2,02,1,1,000,075,1,0,1,4,1,82,5,1,2,00,2,8,1,200900024797B01,21,17,1
200900024814,2009-08-05,2009,août,mercredi,11:30,45,45249,0.00004,0,1,1,5,1,1,9,2,02,2,2,000,054,1,0,1,4,1,42,5,1,9,14,0,2,21,200900024814C01,7,13,1
200900024814,2009-08-05,2009,août,mercredi,11:30,45,45249,0.00004,0,1,1,5,1,1,9,2,02,2,2,000,054,1,0,1,2,1,62,5,1,9,00,2,1,1,200900024814B02,7,13,1
200900024861,2009-08-31,2009,août,lundi,20:38,45,45068,0.00004,0,2,3,3,2,1,4,2,02,2,1,000,060,1,0,1,3,1,10,5,1,9,00,2,2,19,200900024861B01,7,2,1
200900024861,2009-08-31,2009,août,lundi,20:38,45,45068,0.00004,0,2,3,3,2,1,4,2,02,2,1,000,060,1,0,1,3,1,10,5,1,9,00,2,2,19,200900024861B01,7,2,1
200900024864,2009-07-08,2009,juillet,mercredi,20:23,37,37261,0,0,2,1,6,1,1,4,2,00,1,1,000,000,1,0,1,4,1,10,5,1,9,00,0,0,1,200900024864A01,,,
200900024867,2009-07-10,2009,juillet,vendredi,30:5,37,37261,0,0,2,1,7,5,1,4,1,01,1,1,000,050,1,0,1,4,1,31,5,1,9,00,0,0,2,200900024867A01,,,
200900024872,2009-07-10,2009,juillet,vendredi,10:40,37,37122,0,0,2,6,3,1,1,4,1,01,1,-1,000,000,1,5,1,4,2,75,0,1,9,00,2,0,0,200900024872B01,7,9,1
200900024879,2009-07-15,2009,juillet,mercredi,18:10,64,64483,0.00004,NaN,2,1,2,1,1,4,2,02,1,-1,000,000,1,0,1,4,1,17,5,1,9,00,2,1,1,200900024879A01,7,2,1
200900024884,2009-06-30,2009,juin,mardi,13:00,28,28218,0.00004,0,2,1,1,1,1,4,2,02,1,1,000,060,1,0,1,4,1,13,5,1,2,00,2,1,17,200900024884A01,10,1,1
200900024889,2009-07-17,2009,juillet,vendredi,60:0,64,64348,0.00004,NaN,2,1,2,5,1,4,1,02,1,1,000,000,2,0,5,1,1,20,1,1,9,00,2,4,0,200900024889B01,30,1,1
200900024934,2009-07-01,2009,juillet,mercredi,18:55,28,28220,0.00004,0,2,1,6,1,1,3,2,02,1,4,000,060,1,0,1,3,1,4,5,1,4,00,2,1,1,200900024934B01,7,1,1