Num_Acc,date,an,mois,jour,hrmn,dep,com,lat,long,agg,int,col,lum,atm,catr,circ,nbv,prof,plan,lartpc,larrout,surf,infra,situ,grav,sexe,age,trajet,secuexist,equipement,obs,obsm,choc,manv,vehiculeid,typevehicules,manoeuvehicules,numVehicules
200900024940,2009-07-24,2009,juillet,vendredi,17:15,28,28220,0,0,2,1,3,1,1,4,2,02,1,1,000,070,1,0,1,3,1,22,0,1,2,00,2,3,15,200900024940B01,7,17,1
200900024956,2009-07-21,2009,juillet,mardi,23:,37,37261,0,0,2,1,7,5,1,4,3,03,1,1,000,085,1,0,1,4,1,18,5,1,9,00,0,0,1,200900024956A01,,,
200900024967,2009-07-23,2009,juillet,jeudi,10:00,37,37261,0,0,2,1,6,1,1,4,1,03,1,1,000,090,1,0,1,4,2,31,5,1,9,00,2,1,18,200900024967B01,7,22,1
200900024975,2009-07-24,2009,juillet,vendredi,13:45,37,37261,0,0,2,1,3,1,1,4,-1,00,-1,-1,000,000,-1,0,0,4,2,53,0,1,9,00,0,0,0,200900024975B01,7,0,1
200900024977,2009-07-25,2009,juillet,samedi,16:22,37,37208,0,0,2,1,7,1,1,4,2,02,2,3,000,000,1,0,1,4,1,10,5,1,9,00,0,1,1,200900024977A01,,,
200900024978,2009-07-28,2009,juillet,mardi,11:13,64,64445,0.00004,NaN,2,3,3,1,1,4,2,02,1,1,000,000,1,0,1,4,1,58,5,1,9,00,2,1,1,200900024978B01,7,1,1
200900024999,2009-07-30,2009,juillet,jeudi,16:03,64,64024,0.00004,NaN,2,1,7,1,1,4,2,02,1,1,000,080,1,0,1,4,1,65,9,1,2,01,0,0,1,200900024999B01,7,24,1
200900025008,2009-03-09,2009,mars,lundi,14:00,34,34079,0.00004,0,2,6,1,1,1,4,2,00,2,1,000,000,-1,0,1,3,1,57,1,1,9,00,0,1,15,200900025008B02,7,16,1
200900025041,2009-03-13,2009,mars,vendredi,12:10,34,34003,0.00004,0,2,1,7,1,1,4,2,02,1,1,000,000,9,0,1,3,1,63,5,1,9,14,0,1,1,200900025041A01,,,
200900025050,2009-03-17,2009,mars,mardi,13:30,34,34003,0,0,1,1,2,1,1,3,1,03,1,1,000,108,1,3,1,3,1,70,5,1,9,00,0,4,1,200900025050B01,7,9,1
200900025056,2009-03-27,2009,mars,vendredi,13:35,34,34003,0.00004,0,2,1,2,1,1,4,1,03,1,1,000,105,1,0,1,3,1,58,5,1,2,00,2,4,11,200900025056B01,7,1,1
200900025062,2009-03-06,2009,mars,vendredi,18:10,34,34172,0.00004,0,2,9,2,2,1,4,1,01,2,1,000,030,1,0,1,4,1,35,5,1,9,00,2,1,1,200900025062A01,7,23,1
200900025067,2009-03-06,2009,mars,vendredi,14:00,34,34172,0.00004,0,2,1,7,1,8,4,2,02,1,1,000,047,1,4,1,4,1,23,9,1,9,14,0,1,11,200900025067A01,,,
200900025077,2009-03-13,2009,mars,vendredi,85:0,34,34172,0.00004,0,2,1,3,1,1,4,2,04,1,1,000,120,1,0,1,4,2,59,1,1,9,00,2,1,1,200900025077B01,7,9,1
200900025094,2009-03-23,2009,mars,lundi,92:7,34,34172,0,0,2,1,2,1,1,4,2,03,1,1,000,090,1,0,1,4,2,24,2,1,9,00,2,4,15,200900025094B01,7,1,1
200900025157,2009-08-31,2009,août,lundi,18:30,60,60159,0,0,1,1,6,1,1,3,3,02,2,1,000,074,1,0,1,3,1,53,5,1,9,00,2,1,19,200900025157A01,7,1,1
200900025159,2009-03-03,2009,mars,mardi,15:00,85,85060,0.00004,NaN,2,1,7,1,1,4,2,02,1,1,000,000,1,0,5,3,1,35,0,1,2,00,0,1,2,200900025159A01,,,
200900025163,2009-03-18,2009,mars,mercredi,19:15,85,85194,0.00004,NaN,2,3,3,2,1,4,2,02,1,1,000,000,1,0,0,3,1,15,5,1,2,00,2,1,2,200900025163A01,10,2,1
200900025164,2009-03-23,2009,mars,lundi,16:00,85,85194,0.00004,NaN,1,1,3,1,1,4,2,02,1,1,000,050,1,0,5,3,1,75,5,1,2,00,2,3,1,200900025164B01,7,9,1
200900025166,2009-04-06,2009,avril,lundi,15:5,85,85194,0.00004,NaN,2,1,3,5,1,4,3,02,1,1,000,000,1,0,5,3,1,18,5,1,9,00,2,7,1,200900025166B01,10,14,1
200900025171,2009-04-26,2009,avril,dimanche,11:35,85,85060,0,0,2,1,4,1,1,3,2,02,1,1,000,000,1,0,1,1,1,74,5,1,2,00,0,0,1,200900025171D01,1,1,3
200900025171,2009-04-26,2009,avril,dimanche,11:35,85,85060,0,0,2,1,4,1,1,3,2,02,1,1,000,000,1,0,1,4,1,41,5,1,2,00,0,0,1,200900025171A01,1,1,3
200900025171,2009-04-26,2009,avril,dimanche,11:35,85,85060,0,0,2,1,4,1,1,3,2,02,1,1,000,000,1,0,1,4,1,31,5,1,2,00,2,1,1,200900025171B01,1,1,3
200900025171,2009-04-26,2009,avril,dimanche,11:35,85,85060,0,0,2,1,4,1,1,3,2,02,1,1,000,000,1,0,1,4,1,62,5,1,2,00,2,0,1,200900025171C01,1,1,3
200900025208,2009-03-19,2009,mars,jeudi,11:05,78,78517,0.00004,0,2,2,3,1,1,4,1,01,1,1,000,000,1,0,0,4,1,12,2,1,2,00,2,2,19,200900025208B01,7,1,1
200900025215,2009-03-20,2009,mars,vendredi,15:08,78,78498,0.00004,0,2,2,1,1,1,3,2,03,1,1,000,110,1,0,1,3,1,26,5,1,2,00,2,1,2,200900025215B01,7,15,1
200900025245,2009-03-26,2009,mars,jeudi,55:2,78,78401,0.00004,0,2,1,6,3,1,3,3,02,1,1,010,050,1,0,4,3,1,33,1,1,4,06,0,0,0,200900025245A01,,,
200900025270,2009-03-21,2009,mars,samedi,17:00,78,78624,0.00004,0,2,3,3,1,1,3,2,02,1,1,000,080,1,0,1,3,1,41,5,1,2,00,2,1,2,200900025270B01,7,15,1
200900025308,2009-08-31,2009,août,lundi,16:05,88,88424,0.00004,0,2,1,2,1,1,3,2,02,1,1,000,070,1,0,1,4,2,17,5,1,4,00,2,4,1,200900025308B02,7,1,1
200900025312,2009-08-05,2009,août,mercredi,10:55,88,88383,0.00004,0,2,2,3,1,1,3,2,04,1,1,000,122,1,5,1,3,2,76,3,1,8,00,2,3,1,200900025312A01,7,1,1
200900025313,2009-06-13,2009,juin,samedi,17:00,21,21425,0.00004,0,2,1,1,1,1,4,2,02,1,1,000,055,1,0,1,3,1,12,5,1,2,00,0,1,9,200900025313A01,7,1,1
200900025318,2009-06-17,2009,juin,mercredi,16:15,21,21714,0,0,1,1,2,1,1,3,2,00,1,1,000,000,1,0,1,2,1,61,5,1,2,00,2,4,1,200900025318B02,10,1,1
200900025327,2009-06-16,2009,juin,mardi,84:8,21,21231,0,0,2,1,3,1,1,4,2,02,1,1,000,000,1,0,1,4,2,50,1,1,2,00,2,1,1,200900025327B01,7,20,1
200900025337,2009-06-03,2009,juin,mercredi,80:1,21,21278,0,0,2,6,3,1,1,4,2,02,1,1,000,000,1,0,1,4,1,58,1,1,9,00,2,1,1,200900025337B01,7,9,1
200900025345,2009-06-29,2009,juin,lundi,16:54,21,21617,0,0,2,3,3,1,1,4,3,02,1,1,036,140,1,0,1,4,1,12,5,1,2,00,2,1,19,200900025345A01,7,1,1
200900025354,2009-06-05,2009,juin,vendredi,80:7,21,21231,0,0,2,4,2,1,1,4,2,02,1,1,000,080,1,5,1,4,2,28,4,1,2,00,2,4,23,200900025354B01,7,2,1
200900025358,2009-06-13,2009,juin,samedi,10:00,21,21231,0,0,2,1,2,1,1,4,2,03,2,1,000,082,1,0,1,4,1,20,1,1,2,01,0,2,1,200900025358B01,7,24,1
200900025361,2009-06-18,2009,juin,jeudi,84:7,21,21231,0,0,2,1,2,1,1,3,3,04,1,1,000,000,1,0,1,4,2,38,1,1,2,01,0,1,1,200900025361B01,10,24,1
200900025374,2009-06-12,2009,juin,vendredi,17:30,19,19062,0.00004,0,2,2,1,1,7,3,2,00,1,1,000,067,1,5,1,3,1,60,5,1,2,00,2,0,19,200900025374B02,7,1,1
200900025379,2009-06-16,2009,juin,mardi,93:5,19,19031,0.00004,0,2,1,1,1,1,4,2,02,1,1,000,075,1,0,1,4,1,50,1,1,2,00,2,1,1,200900025379B01,7,20,1
200900025382,2009-06-21,2009,juin,dimanche,12:30,19,19031,0.00004,0,2,1,3,1,1,4,2,02,1,1,000,000,1,0,4,4,1,46,0,1,2,00,2,1,1,200900025382A01,7,9,1
200900025400,2009-07-05,2009,juillet,dimanche,11:00,21,21408,0.00004,0,2,6,1,1,1,9,-1,01,1,-1,000,087,1,0,1,3,1,50,5,1,2,00,2,7,1,200900025400B02,7,9,1
200900025406,2009-07-25,2009,juillet,samedi,20:00,21,21038,0.00004,0,2,1,1,1,1,3,-1,02,1,1,000,080,1,0,1,3,1,39,5,1,2,00,2,1,1,200900025406B02,7,19,1
200900025409,2009-07-27,2009,juillet,lundi,74:5,21,21473,0.00004,0,1,1,2,1,1,3,2,03,1,1,000,127,1,5,1,3,1,64,5,1,1,00,2,4,11,200900025409B02,33,2,1
200900025425,2009-07-16,2009,juillet,jeudi,19:08,21,21231,0,0,2,3,3,1,7,4,-1,01,1,1,000,000,1,0,0,3,1,59,5,1,2,00,2,8,19,200900025425B01,7,1,1
200900025426,2009-07-17,2009,juillet,vendredi,83:2,21,21231,0,0,2,7,2,1,2,4,1,01,1,1,000,000,2,5,0,3,2,67,3,1,2,00,2,1,1,200900025426B01,7,23,1
200900025427,2009-07-20,2009,juillet,lundi,10:27,21,21231,0,0,2,7,2,1,1,4,2,02,1,1,000,360,1,0,1,4,1,45,5,1,2,00,2,6,1,200900025427B01,7,16,1
200900025430,2009-07-30,2009,juillet,jeudi,80:2,21,21231,0,0,2,6,3,1,1,4,1,03,1,2,000,130,1,5,1,3,1,70,5,1,2,00,2,1,1,200900025430B01,7,1,1
200900025433,2009-07-28,2009,juillet,mardi,17:16,21,21231,0,0,2,1,3,1,1,4,2,04,1,1,000,137,1,0,1,4,2,48,1,1,2,00,2,1,1,200900025433B01,7,23,1
200900025443,2009-08-10,2009,août,lundi,11:52,21,21231,0,0,2,3,3,1,2,4,3,04,1,1,020,179,2,5,5,4,2,23,4,1,2,00,2,1,1,200900025443B01,7,16,1
200900025444,2009-08-08,2009,août,samedi,20:50,21,21231,0,0,2,1,3,1,1,4,1,01,1,1,000,080,1,0,1,4,1,22,5,1,2,00,2,3,16,200900025444B01,7,1,1
200900025445,2009-08-15,2009,août,samedi,14:25,21,21231,0,0,2,2,3,1,7,4,2,02,1,1,000,000,1,0,1,4,2,14,5,1,9,00,2,1,15,200900025445B01,7,1,1
200900025447,2009-08-03,2009,août,lundi,14:13,21,21231,0,0,2,1,6,1,1,4,4,01,1,1,000,092,1,0,1,4,1,20,5,1,2,00,1,1,1,200900025447A01,,,
200900025459,2009-08-26,2009,août,mercredi,16:47,21,21231,0,0,2,1,2,1,1,4,2,06,1,1,000,000,1,0,1,4,2,71,5,1,9,00,2,6,15,200900025459B01,2,1,1
200900025462,2009-08-28,2009,août,vendredi,11:25,21,21231,0,0,2,6,3,1,1,4,3,04,1,1,209,130,1,5,1,4,1,40,5,1,9,00,2,1,1,200900025462B01,7,1,1
200900025463,2009-08-19,2009,août,mercredi,10:37,21,21231,0,0,2,2,3,1,1,4,2,02,1,1,000,000,1,0,1,4,1,51,0,1,2,00,2,1,1,200900025463B01,7,16,1
200900025464,2009-08-22,2009,août,samedi,23:07,21,21166,0,0,2,1,7,5,1,4,2,02,2,1,000,115,1,0,1,3,1,37,5,1,9,12,0,1,1,200900025464A01,,,
200900025470,2009-08-16,2009,août,dimanche,12:9,21,21166,0,0,2,1,2,5,1,4,2,03,1,1,000,000,1,0,1,4,2,38,5,1,9,00,2,4,2,200900025470B01,7,0,1
200900025474,2009-08-26,2009,août,mercredi,16:04,21,21231,0,0,2,1,2,1,1,4,2,02,2,1,000,086,1,0,1,4,2,39,0,1,9,00,2,1,2,200900025474A01,7,2,1
200900025487,2009-06-13,2009,juin,samedi,95:5,31,31555,0,0,2,1,3,1,1,4,2,00,1,1,000,000,1,0,1,4,1,43,0,1,9,01,0,1,1,200900025487B01,7,24,1
200900025499,2009-06-14,2009,juin,dimanche,33:5,31,31555,0,0,2,1,2,5,1,4,2,03,1,1,000,090,1,0,1,4,1,18,5,1,4,00,2,4,2,200900025499B01,7,2,1
200900025502,2009-06-02,2009,juin,mardi,20:,31,31555,0,0,2,1,3,5,1,4,1,01,1,1,000,125,1,0,1,4,1,20,5,1,2,00,2,0,0,200900025502A01,7,0,1
200900025563,2009-06-18,2009,juin,jeudi,84:8,31,31555,0,0,2,1,6,1,1,4,2,03,1,1,000,060,1,0,1,1,1,16,0,1,4,00,1,1,1,200900025563A01,,,
200900025567,2009-06-16,2009,juin,mardi,16:14,31,31555,0,0,2,1,6,1,1,4,2,06,1,1,000,135,1,0,1,4,1,60,5,1,2,00,2,0,0,200900025567B01,7,0,1
200900025578,2009-06-24,2009,juin,mercredi,74:5,31,31557,0.00004,0,2,3,1,1,1,3,-1,02,4,3,030,090,1,0,1,4,1,43,5,1,2,00,2,1,2,200900025578B01,7,15,1
200900025583,2009-08-06,2009,août,jeudi,14:00,49,49007,0,0,2,2,6,1,1,4,1,02,1,1,000,000,1,0,1,4,1,45,0,1,9,00,2,4,15,200900025583B01,,,
200900025584,2009-08-15,2009,août,samedi,19:10,49,49007,0,0,2,1,7,1,1,4,2,02,1,1,000,040,1,0,1,4,1,49,0,1,4,12,0,1,1,200900025584A01,,,
200900025586,2009-08-05,2009,août,mercredi,17:12,49,49007,0,0,2,3,7,1,1,4,2,02,1,1,000,060,1,0,1,4,1,20,5,1,9,00,0,4,9,200900025586A01,,,
200900025601,2009-08-06,2009,août,jeudi,13:45,49,49374,0,0,1,3,3,1,1,4,-1,00,1,1,000,035,1,0,1,4,2,23,1,1,1,00,2,8,15,200900025601B02,10,1,1
200900025611,2009-08-17,2009,août,lundi,10:45,49,49092,0,0,2,6,3,1,1,4,1,01,1,2,000,000,1,5,1,2,2,65,5,1,2,00,2,8,1,200900025611B02,7,17,1
200900025617,2009-08-29,2009,août,samedi,18:56,49,49007,0,0,2,3,2,1,1,4,1,02,1,1,000,090,1,0,1,4,1,18,5,1,9,00,0,1,2,200900025617A01,7,16,1
200900025621,2009-08-26,2009,août,mercredi,18:30,49,49007,0,0,2,2,3,1,1,4,2,02,1,1,000,067,1,0,0,4,1,34,0,1,9,00,2,1,1,200900025621A01,10,1,1
200900025624,2009-08-29,2009,août,samedi,10:02,49,49007,0,0,2,3,3,1,1,4,2,02,1,1,000,060,1,0,1,4,1,40,0,1,9,00,2,0,1,200900025624B01,7,15,1
200900025625,2009-08-17,2009,août,lundi,11:51,49,49353,0,0,2,2,2,1,1,4,2,02,1,1,000,078,1,5,1,4,2,71,5,1,4,00,2,1,1,200900025625B01,7,16,1
200900025630,2009-08-28,2009,août,vendredi,13:45,49,49328,0,0,2,6,6,1,1,4,-1,01,1,2,000,000,1,0,1,4,1,17,5,1,9,00,2,2,1,200900025630B01,7,9,1
200900025643,2009-03-19,2009,mars,jeudi,83:0,33,33013,0,0,2,1,1,1,1,4,2,00,-1,1,000,065,1,0,3,4,2,18,2,1,2,00,2,1,1,200900025643B02,7,16,1
200900025649,2009-07-09,2009,juillet,jeudi,11:00,31,31341,0.00004,0,2,6,1,1,1,3,-1,00,-1,-1,000,000,-1,0,0,3,2,64,5,1,2,00,2,0,18,200900025649B02,10,9,1
200900025655,2009-07-29,2009,juillet,mercredi,18:45,31,31584,0.00004,0,1,1,3,1,1,3,2,02,-1,1,000,070,1,0,1,3,1,14,5,1,8,00,2,1,15,200900025655B02,10,1,1
200900025659,2009-07-01,2009,juillet,mercredi,22:00,31,31179,0.00004,0,2,1,6,2,1,3,2,02,2,1,000,041,1,0,4,3,2,14,5,1,1,06,0,7,15,200900025659A01,,,
200900025697,2009-07-17,2009,juillet,vendredi,15:0,31,31555,0,0,2,1,3,5,2,4,2,02,1,1,000,075,2,0,1,4,1,23,5,1,4,00,2,1,1,200900025697A01,7,9,1
200900025700,2009-07-30,2009,juillet,jeudi,15:40,31,31555,0,0,2,1,3,1,1,4,2,03,1,1,000,085,1,0,1,1,1,45,0,1,8,00,2,4,0,200900025700A01,30,0,1
200900025704,2009-07-24,2009,juillet,vendredi,10:25,31,31555,0,0,2,1,3,1,1,4,3,03,3,2,000,090,1,0,1,4,2,63,5,1,2,00,2,7,19,200900025704A01,7,1,1
200900025705,2009-07-02,2009,juillet,jeudi,21:37,31,31555,0,0,2,1,3,5,1,4,2,02,1,1,000,060,1,0,1,4,1,11,5,1,4,00,2,4,15,200900025705B01,30,1,1
200900025719,2009-07-13,2009,juillet,lundi,10:52,31,31483,0.00004,0,2,3,3,1,1,3,2,02,1,2,000,137,1,0,1,3,1,44,5,1,2,00,2,1,1,200900025719B01,99,15,1
200900025744,2009-06-19,2009,juin,vendredi,19:00,95,95252,0,0,2,2,3,1,1,4,1,00,1,1,000,000,1,0,1,4,2,49,9,1,9,00,2,1,1,200900025744B01,7,16,1
200900025779,2009-06-25,2009,juin,jeudi,21:15,95,95018,0.00004,0,2,1,3,1,1,4,3,02,1,1,093,120,1,0,1,4,1,15,0,1,2,00,2,0,19,200900025779B01,30,1,1
200900025784,2009-06-30,2009,juin,mardi,17:55,95,95018,0.00004,0,2,1,7,1,1,4,2,02,1,1,000,122,1,0,1,4,1,42,1,1,2,00,0,0,1,200900025784A01,,,
200900025789,2009-06-17,2009,juin,mercredi,11:15,95,95491,0.00004,0,2,1,3,1,1,4,2,02,1,1,000,000,1,0,1,4,1,12,2,1,9,00,2,7,19,200900025789B01,7,1,1
200900025792,2009-06-18,2009,juin,jeudi,10:45,95,95306,0.00004,0,2,1,2,1,1,3,2,04,1,1,000,000,1,0,1,4,1,24,0,1,2,00,2,4,0,200900025792B01,7,0,1
200900025804,2009-06-25,2009,juin,jeudi,13:55,95,95176,0.00004,0,2,1,6,1,1,4,2,02,1,1,000,050,1,0,1,4,1,14,5,1,2,00,1,1,1,200900025804A01,,,
200900025810,2009-06-29,2009,juin,lundi,18:30,95,95313,0.00004,0,2,1,3,1,1,3,2,02,1,1,000,060,1,0,4,4,1,65,5,1,2,00,2,1,5,200900025810B01,7,9,1
200900025852,2009-08-25,2009,août,mardi,14:20,16,16015,0.00004,0,2,3,6,1,1,4,1,02,2,1,000,070,1,0,0,3,1,26,4,1,4,00,2,2,17,200900025852A01,7,15,1
200900025853,2009-01-02,2009,janvier,vendredi,12:15,58,58208,0,0,1,1,2,1,1,3,2,02,3,3,000,062,7,0,1,3,2,54,5,1,1,00,2,4,2,200900025853B02,10,2,1
200900025873,2009-02-16,2009,février,lundi,13:45,58,58194,0,0,2,1,2,1,1,4,2,02,1,1,000,000,1,0,1,4,1,18,1,1,9,00,0,4,1,200900025873B01,7,1,1
200900025893,2009-04-04,2009,avril,samedi,14:40,58,58194,0,0,2,1,3,1,1,4,1,01,2,1,000,059,1,0,1,4,1,22,5,1,9,00,2,1,1,200900025893A01,7,0,1
200900025897,2009-04-07,2009,avril,mardi,20:10,58,58194,0,0,2,1,7,2,2,4,2,01,2,-1,000,000,2,0,1,4,1,59,0,1,9,00,0,0,0,200900025897A01,,,
200900025921,2009-06-01,2009,juin,lundi,13:00,58,58194,0,0,2,6,3,1,1,4,2,02,1,1,000,000,1,5,0,4,1,16,5,1,9,00,2,3,21,200900025921A01,7,1,1
200900025950,2009-07-15,2009,juillet,mercredi,19:20,58,58194,0,0,2,1,3,1,1,4,2,02,1,1,000,000,1,0,1,3,2,40,5,1,2,00,2,1,17,200900025950A01,7,15,1
200900025952,2009-07-15,2009,juillet,mercredi,17:05,58,58194,0,0,2,3,3,1,1,4,2,02,1,1,000,000,1,0,0,4,1,48,5,1,2,00,2,1,1,200900025952B01,7,15,1
200900025954,2009-07-22,2009,juillet,mercredi,35:5,58,58194,0,0,2,1,7,5,2,4,2,02,-1,1,000,000,2,5,1,4,1,20,0,1,9,00,0,0,0,200900025954A01,,,
200900025976,2009-09-17,2009,septembre,jeudi,75:0,58,58194,0,0,2,1,2,1,1,3,2,02,1,1,000,050,1,0,1,4,1,22,0,1,9,00,2,4,2,200900025976B01,7,2,1
200900025991,2009-08-13,2009,août,jeudi,13:50,67,67482,0,0,2,9,3,1,1,4,-1,01,1,1,000,000,1,0,1,4,1,24,0,1,9,00,2,1,1,200900025991A01,1,1,1
200900025991,2009-08-13,2009,août,jeudi,13:50,67,67482,0,0,2,9,3,1,1,4,-1,01,1,1,000,000,1,0,1,4,1,41,0,1,9,00,2,8,1,200900025991B01,1,1,1
200900025995,2009-08-05,2009,août,mercredi,18:50,67,67482,0,0,2,1,1,1,1,4,2,02,1,3,000,065,1,0,5,4,1,44,1,1,2,00,2,1,1,200900025995B01,32,1,1
200900025997,2009-08-10,2009,août,lundi,13:00,67,67482,0,0,2,3,3,1,1,4,3,01,1,1,000,062,1,0,1,4,2,52,0,1,9,00,2,1,1,200900025997B01,7,16,1
200900026006,2009-08-22,2009,août,samedi,14:30,67,67331,0.00004,0,2,1,1,1,1,3,2,02,1,2,000,061,1,5,1,3,1,21,5,1,1,00,0,1,15,200900026006B02,10,1,1
200900026016,2009-08-08,2009,août,samedi,17:00,67,67507,0.00004,0,2,9,3,1,1,3,2,02,1,1,000,063,1,0,1,3,1,14,5,1,1,00,2,1,16,200900026016B02,7,1,1
200900026019,2009-08-25,2009,août,mardi,17:15,67,67001,0,0,2,1,7,1,2,3,2,00,1,4,000,000,2,0,1,3,1,53,5,1,2,00,0,8,1,200900026019A01,,,
200900026029,2009-08-24,2009,août,lundi,22:05,67,67043,0,0,2,1,6,5,1,4,2,01,2,1,300,900,1,0,1,3,1,40,0,1,2,01,0,1,1,200900026029A01,,,
200900026037,2009-08-20,2009,août,jeudi,10:,67,67482,0,0,2,1,6,5,1,4,2,01,1,1,000,040,1,0,5,3,2,52,0,1,9,08,0,1,1,200900026037A01,,,
200900026041,2009-08-21,2009,août,vendredi,1:,67,67043,0,0,2,1,3,5,1,4,3,00,1,1,000,000,1,0,1,4,2,16,5,1,4,00,2,8,1,200900026041B01,7,1,1
200900026042,2009-08-27,2009,août,jeudi,16:20,67,67482,0,0,2,1,1,1,1,4,1,02,1,1,000,070,1,0,1,4,1,29,0,1,9,00,2,1,21,200900026042A01,7,1,1
200900026043,2009-08-27,2009,août,jeudi,15:20,67,67482,0,0,2,1,3,1,1,4,2,03,1,1,000,127,1,0,1,4,1,82,0,1,9,00,2,8,18,200900026043B01,7,1,1
200900026045,2009-08-19,2009,août,mercredi,11:40,67,67482,0,0,2,1,6,1,1,4,2,02,1,1,000,070,1,0,4,1,2,19,0,1,9,00,1,1,1,200900026045A01,,,
200900026046,2009-08-28,2009,août,vendredi,10:15,67,67482,0,0,2,1,3,1,1,4,2,02,1,1,000,061,1,0,1,4,2,34,5,1,4,00,2,8,1,200900026046B01,7,17,1
200900026047,2009-08-28,2009,août,vendredi,16:45,67,67482,0,0,2,1,6,1,1,4,2,02,1,1,000,100,1,0,1,1,1,34,1,1,4,00,2,1,1,200900026047A01,,,
200900026047,2009-08-28,2009,août,vendredi,16:45,67,67482,0,0,2,1,6,1,1,4,2,02,1,1,000,100,1,0,1,3,1,8,5,1,9,00,2,1,1,200900026047A01,,,
200900026050,2009-08-28,2009,août,vendredi,18:50,67,67482,0,0,2,1,1,1,1,4,-1,01,1,1,000,150,1,0,1,4,1,14,5,1,4,00,2,1,1,200900026050B01,30,1,1
200900026058,2009-08-20,2009,août,jeudi,20:20,67,67482,0,0,2,1,3,1,1,4,1,01,1,1,025,120,1,0,1,4,1,57,4,1,9,00,2,2,1,200900026058B01,2,1,1
200900026060,2009-08-24,2009,août,lundi,83:0,67,67482,0,0,2,3,3,1,1,4,2,02,1,2,024,050,1,0,1,3,1,33,0,1,2,00,2,1,1,200900026060A01,7,1,1
200900026066,2009-04-24,2009,avril,vendredi,16:15,60,60406,0,0,1,6,3,1,1,3,2,02,1,1,000,000,1,5,1,4,2,52,5,1,2,00,2,2,16,200900026066B02,7,16,1
200900026091,2009-08-11,2009,août,mardi,19:45,31,31555,0,0,2,1,2,1,1,4,2,00,1,1,000,000,1,0,1,4,1,26,0,1,9,00,2,6,19,200900026091A01,7,1,1
200900026092,2009-08-10,2009,août,lundi,18:00,31,31555,0,0,2,6,3,1,1,4,2,00,1,1,000,000,1,0,1,4,1,43,5,1,2,00,2,1,0,200900026092B01,7,9,1
200900026093,2009-08-03,2009,août,lundi,16:32,31,31555,0,0,2,1,3,1,1,4,2,00,1,1,000,000,1,0,1,4,1,80,5,1,2,00,2,8,0,200900026093A01,33,0,1
200900026128,2009-08-21,2009,août,vendredi,10:30,31,31451,0.00004,0,2,3,3,1,1,3,2,02,2,1,000,070,1,0,1,3,1,60,5,1,1,00,2,1,1,200900026128B02,7,15,1
200900026131,2009-08-20,2009,août,jeudi,18:45,31,31157,0.00004,0,2,6,1,1,1,3,-1,00,1,3,000,000,1,0,1,3,1,84,0,1,1,00,2,8,0,200900026131B02,7,0,1
200900026136,2009-08-25,2009,août,mardi,20:00,31,31555,0,0,2,1,2,1,1,4,1,01,1,1,000,075,1,0,1,4,2,20,1,1,2,00,2,1,1,200900026136B01,33,9,1
200900026149,2009-08-11,2009,août,mardi,20:20,31,31557,0,0,2,1,1,1,1,4,2,02,1,3,000,058,1,0,1,4,1,10,5,1,2,00,2,1,13,200900026149A01,7,23,1
200900026150,2009-08-28,2009,août,vendredi,71:5,31,31557,0.00004,0,2,1,6,2,1,4,3,02,1,1,013,071,1,0,1,4,1,40,1,1,4,01,0,1,0,200900026150B01,7,22,1
200900026151,2009-08-19,2009,août,mercredi,94:5,31,31483,0.00004,0,2,1,2,1,1,3,2,01,1,1,000,100,1,0,1,4,2,82,3,1,9,00,2,4,19,200900026151B01,7,2,1
200900026163,2009-07-25,2009,juillet,samedi,17:15,88,88413,0.00004,0,2,1,6,1,1,3,2,02,1,1,000,080,1,0,5,4,1,28,5,1,8,00,0,1,1,200900026163B01,7,1,1
200900026179,2009-08-16,2009,août,dimanche,81:5,12,12208,0.00004,0,2,1,1,1,7,3,2,01,1,1,000,070,1,0,1,4,2,46,1,1,2,00,2,1,1,200900026179B02,7,15,1
200900026196,2009-09-23,2009,septembre,mercredi,18:30,88,88378,0,0,1,1,1,1,1,3,2,02,1,1,000,038,1,0,1,3,2,12,5,1,1,00,2,1,13,200900026196A01,7,1,1
200900026215,2009-04-03,2009,avril,vendredi,10:11,26,26281,0,0,2,1,7,1,1,4,3,04,1,1,000,060,1,0,1,3,1,66,5,1,9,00,2,1,18,200900026215A01,7,22,1
200900026233,2009-04-25,2009,avril,samedi,14:00,26,26323,0.00004,0,1,6,3,1,1,3,2,02,1,1,000,060,1,5,1,3,1,47,5,1,2,00,2,4,1,200900026233A01,7,1,1
200900026241,2009-04-11,2009,avril,samedi,14:00,26,26072,0.00004,0,1,1,2,1,8,3,2,02,1,1,000,071,1,0,1,3,1,75,5,1,2,00,2,4,1,200900026241B02,10,1,1
200900026243,2009-04-23,2009,avril,jeudi,15:50,26,26362,0,0,2,1,6,1,1,4,1,01,1,1,000,000,1,0,1,4,2,60,5,1,9,00,1,1,1,200900026243A01,,,
200900026243,2009-04-23,2009,avril,jeudi,15:50,26,26362,0,0,2,1,6,1,1,4,1,01,1,1,000,000,1,0,1,1,1,79,4,1,2,00,1,1,1,200900026243A01,,,
200900026243,2009-04-23,2009,avril,jeudi,15:50,26,26362,0,0,2,1,6,1,1,4,1,01,1,1,000,000,1,0,1,4,2,87,5,1,9,00,1,1,1,200900026243A01,,,
200900026253,2009-04-18,2009,avril,samedi,15:40,26,26198,0,0,1,1,2,1,1,3,2,02,1,1,000,000,1,0,3,3,1,35,5,1,9,00,2,4,2,200900026253B01,7,2,1
200900026254,2009-04-09,2009,avril,jeudi,17:30,26,26281,0.00004,0,2,6,6,1,1,3,3,02,1,4,000,060,1,5,1,2,2,51,5,1,2,00,2,3,18,200900026254B01,14,16,1
200900026255,2009-04-07,2009,avril,mardi,14:45,26,26166,0.00004,0,1,9,3,1,1,9,2,00,1,1,000,070,1,0,1,3,1,13,5,1,2,00,2,1,19,200900026255B02,7,1,1