Num_Acc,date,an,mois,jour,hrmn,dep,com,lat,long,agg,int,col,lum,atm,catr,circ,nbv,prof,plan,lartpc,larrout,surf,infra,situ,grav,sexe,age,trajet,secuexist,equipement,obs,obsm,choc,manv,vehiculeid,typevehicules,manoeuvehicules,numVehicules
200900026276,2009-07-21,2009,juillet,mardi,10:15,40,40046,0,0,2,1,6,1,1,9,2,02,1,1,000,041,1,0,5,3,1,65,5,1,2,00,5,1,1,200900026276A01,,,
200900026281,2009-09-03,2009,septembre,jeudi,20:47,51,51108,0,0,2,1,3,5,1,4,-1,00,1,1,000,072,1,0,1,3,1,18,0,1,4,01,0,1,19,200900026281B01,7,0,1
200900026282,2009-09-08,2009,septembre,mardi,18:10,51,51108,0,0,2,3,3,1,1,4,1,02,-1,2,000,071,1,0,1,4,1,30,1,1,2,00,2,1,1,200900026282B01,7,11,1
200900026288,2009-09-03,2009,septembre,jeudi,11:18,51,51230,0,0,2,1,2,1,1,4,2,01,1,1,000,058,1,0,1,3,1,20,5,1,4,00,0,4,1,200900026288B01,7,1,1
200900026289,2009-09-10,2009,septembre,jeudi,17:15,51,51012,0,0,1,1,1,1,1,3,2,02,1,1,000,065,1,0,1,3,1,55,5,1,2,00,0,0,0,200900026289B02,14,2,1
200900026312,2009-09-22,2009,septembre,mardi,10:00,51,51140,0,0,2,1,1,1,7,3,2,02,1,1,000,070,1,0,1,2,1,66,5,1,2,00,2,1,1,200900026312B02,7,17,1
200900026348,2009-09-29,2009,septembre,mardi,16:15,43,43256,0,0,1,1,7,1,1,4,2,02,2,1,000,033,6,0,1,3,2,49,0,1,9,00,0,0,1,200900026348A01,,,
200900026349,2009-08-02,2009,août,dimanche,17:03,90,90010,0,0,2,1,1,1,1,4,2,02,1,2,000,030,9,0,5,4,1,8,9,1,2,00,2,1,13,200900026349A01,1,1,1
200900026349,2009-08-02,2009,août,dimanche,17:03,90,90010,0,0,2,1,1,1,1,4,2,02,1,2,000,030,9,0,5,1,1,51,9,1,2,00,2,1,1,200900026349B01,1,13,1
200900026356,2009-08-16,2009,août,dimanche,11:17,90,90065,0,0,1,1,3,1,1,3,2,00,2,1,000,060,1,0,1,3,1,45,5,1,2,00,2,8,1,200900026356B02,7,17,1
200900026364,2009-08-22,2009,août,samedi,18:01,90,90010,0,0,2,1,3,1,1,3,2,04,2,1,000,120,1,2,1,4,1,14,0,1,9,00,2,8,2,200900026364B01,7,17,1
200900026371,2009-01-11,2009,janvier,dimanche,10:15,31,31149,0,0,2,1,3,1,1,4,2,00,1,1,000,070,1,0,1,4,1,38,5,1,2,00,2,7,19,200900026371B01,7,1,1
200900026373,2009-01-19,2009,janvier,lundi,73:0,31,31149,0,0,2,3,3,5,1,4,2,02,1,1,000,100,1,0,1,4,1,51,1,1,2,00,2,1,19,200900026373B01,7,15,1
200900026413,2009-07-04,2009,juillet,samedi,19:15,85,85294,0.00004,NaN,2,1,6,1,1,4,1,01,4,1,000,000,1,0,5,3,1,57,5,1,1,00,1,1,2,200900026413A01,,,
200900026413,2009-07-04,2009,juillet,samedi,19:15,85,85294,0.00004,NaN,2,1,6,1,1,4,1,01,4,1,000,000,1,0,5,3,2,65,5,1,8,00,1,1,2,200900026413A01,,,
200900026422,2009-07-13,2009,juillet,lundi,19:45,85,85113,0,0,2,6,3,1,1,3,2,01,1,1,000,000,1,5,1,4,2,57,9,1,1,00,2,8,1,200900026422B02,30,6,1
200900026424,2009-07-15,2009,juillet,mercredi,10:30,85,85226,0.00004,NaN,2,6,3,1,1,4,1,01,1,2,000,035,1,0,1,3,2,76,5,1,1,00,2,3,1,200900026424B02,7,16,1
200900026425,2009-07-16,2009,juillet,jeudi,12:45,85,85001,0,0,2,6,3,1,1,3,-1,00,1,2,000,025,1,5,1,3,2,60,3,1,1,00,2,3,1,200900026425B02,7,17,1
200900026437,2009-03-12,2009,mars,jeudi,10:55,31,31149,0,0,2,6,7,1,1,4,1,02,1,2,000,000,1,0,1,3,1,81,5,1,2,00,2,0,0,200900026437B01,7,0,1
200900026458,2009-06-10,2009,juin,mercredi,83:0,38,38151,0,0,2,1,3,1,1,4,1,01,1,1,000,070,1,0,1,4,1,73,5,1,2,00,2,1,21,200900026458B01,7,15,1
200900026459,2009-06-09,2009,juin,mardi,19:50,38,38185,0,0,2,1,6,1,1,4,-1,00,1,1,000,059,1,6,1,1,1,27,0,1,9,00,1,1,1,200900026459A01,,,
200900026459,2009-06-09,2009,juin,mardi,19:50,38,38185,0,0,2,1,6,1,1,4,-1,00,1,1,000,059,1,6,1,4,2,20,4,1,9,00,1,1,1,200900026459A01,,,
200900026461,2009-06-13,2009,juin,samedi,18:45,38,38169,0,0,2,1,6,1,1,4,2,03,1,1,000,089,1,0,1,4,1,14,5,1,2,00,2,7,15,200900026461B01,7,1,1
200900026465,2009-06-11,2009,juin,jeudi,17:00,38,38185,0,0,2,3,3,1,1,4,1,04,1,1,000,107,1,0,5,4,1,24,9,1,9,00,2,1,1,200900026465B01,7,15,1
200900026467,2009-06-09,2009,juin,mardi,21:30,38,38151,0,0,2,4,3,5,1,4,2,04,1,1,000,140,1,0,1,4,1,32,0,1,9,00,2,1,1,200900026467A01,7,1,1
200900026471,2009-06-09,2009,juin,mardi,10:00,38,38151,0,0,2,1,3,1,1,4,2,05,1,1,000,200,1,5,1,2,2,73,5,1,9,00,2,0,2,200900026471A01,14,2,1
200900026482,2009-06-27,2009,juin,samedi,45:,38,38011,0.00004,0,1,1,2,3,1,3,2,02,2,1,000,066,1,0,1,2,1,66,5,1,2,00,9,4,1,200900026482B02,7,1,1
200900026504,2009-06-03,2009,juin,mercredi,71:5,38,38353,0.00004,0,1,1,1,1,1,3,2,02,1,3,000,000,-1,0,0,3,1,81,5,1,2,00,2,1,1,200900026504B02,7,15,1
200900026508,2009-06-02,2009,juin,mardi,18:15,38,38288,0,0,1,1,1,1,1,4,2,02,-1,-1,000,046,1,0,0,3,1,10,5,1,2,00,0,4,13,200900026508B02,7,17,1
200900026534,2009-06-25,2009,juin,jeudi,73:0,38,38185,0,0,2,2,3,1,1,5,2,02,1,1,000,100,1,0,1,4,1,26,0,1,9,00,2,1,17,200900026534B01,7,1,1
200900026535,2009-06-26,2009,juin,vendredi,14:35,38,38185,0,0,2,2,3,1,1,4,2,07,1,1,000,293,1,0,1,3,1,40,1,1,9,00,2,1,1,200900026535B01,7,1,1
200900026537,2009-06-25,2009,juin,jeudi,17:25,38,38516,0,0,2,1,3,1,1,4,2,02,1,1,000,070,1,0,1,4,1,14,0,1,9,00,2,1,19,200900026537B01,7,1,1
200900026555,2009-09-22,2009,septembre,mardi,11:10,60,60159,0,0,2,6,7,1,1,4,4,02,1,-1,000,083,1,5,1,2,1,85,5,1,2,00,0,0,9,200900026555A01,,,
200900026571,2009-09-07,2009,septembre,lundi,18:30,60,60584,0,0,2,7,3,1,1,6,2,00,1,1,000,066,1,0,1,3,1,6,5,1,2,00,2,1,1,200900026571B02,7,1,1
200900026586,2009-09-09,2009,septembre,mercredi,13:45,60,60039,0,0,2,3,1,1,1,3,2,02,1,1,000,063,1,0,1,3,1,16,5,1,2,00,2,1,15,200900026586B02,14,1,1
200900026589,2009-09-28,2009,septembre,lundi,19:30,60,60162,0,0,1,1,1,1,1,3,2,00,4,1,000,000,1,0,1,3,1,43,5,1,1,16,9,1,1,200900026589A01,33,1,1
200900026616,2009-04-20,2009,avril,lundi,13:10,89,89387,0,0,2,3,3,1,1,4,2,02,1,1,000,050,1,0,1,3,1,18,5,1,2,00,2,1,15,200900026616B01,7,1,1
200900026624,2009-04-22,2009,avril,mercredi,18:30,89,89483,0,0,2,1,1,1,1,3,2,02,4,3,000,050,1,0,1,4,1,15,5,1,9,00,2,1,13,200900026624A01,7,20,1
200900026658,2009-10-02,2009,octobre,vendredi,74:5,75,75119,0,0,2,4,3,5,1,4,2,02,1,1,035,030,1,0,1,1,1,31,0,1,2,00,2,0,15,200900026658B01,31,17,1
200900026665,2009-10-02,2009,octobre,vendredi,10:15,75,75109,0,0,2,5,6,1,1,4,1,01,2,1,000,060,1,0,1,4,1,34,5,1,2,00,1,1,5,200900026665A01,,,
200900026674,2009-10-02,2009,octobre,vendredi,16:20,75,75107,0,0,2,1,6,1,1,4,2,00,1,1,000,035,1,0,1,1,1,61,4,1,2,00,1,1,1,200900026674A01,,,
200900026675,2009-10-02,2009,octobre,vendredi,16:20,75,75106,0,0,2,1,7,1,1,4,2,04,-1,-1,000,131,1,0,1,4,2,57,0,1,2,00,0,0,7,200900026675A01,,,
200900026698,2009-10-04,2009,octobre,dimanche,17:00,75,75110,0,0,2,2,6,1,1,4,2,00,2,1,000,060,1,5,1,4,1,43,5,1,2,00,2,3,23,200900026698B01,7,14,1
200900026706,2009-10-05,2009,octobre,lundi,71:5,75,75108,0,0,2,2,3,2,2,4,1,01,1,1,040,030,1,0,1,4,1,27,1,1,2,00,2,1,1,200900026706A01,10,1,1
200900026707,2009-10-05,2009,octobre,lundi,75:0,75,75112,0,0,2,2,3,2,2,4,2,01,1,1,000,100,2,0,1,4,1,31,0,1,2,00,2,1,1,200900026707B01,7,15,1
200900026716,2009-10-05,2009,octobre,lundi,91:5,75,75112,0,0,2,2,3,1,2,4,2,02,2,1,000,100,2,0,1,4,1,31,1,1,2,00,2,7,1,200900026716A01,7,1,1
200900026761,2009-10-01,2009,octobre,jeudi,12:15,75,75106,0,0,2,2,6,1,1,4,2,03,1,1,000,123,1,0,1,1,2,19,5,1,2,00,1,1,1,200900026761A01,,,
200900026772,2009-10-01,2009,octobre,jeudi,18:10,75,75105,0,0,2,3,6,1,1,4,1,01,2,1,000,072,1,0,1,4,1,30,1,1,2,00,1,1,1,200900026772A01,,,
200900026790,2009-10-03,2009,octobre,samedi,12:49,75,75116,0,0,2,5,3,1,1,4,2,04,1,1,037,277,1,0,5,4,2,61,5,1,2,00,2,7,19,200900026790B01,7,1,1
200900026792,2009-10-03,2009,octobre,samedi,14:25,75,75115,0,0,2,1,3,1,1,4,-1,00,1,1,000,000,1,0,5,3,2,57,5,1,2,00,2,1,1,200900026792B01,7,22,1
200900026797,2009-10-03,2009,octobre,samedi,16:18,75,75101,0,0,2,3,6,1,1,4,1,00,1,1,000,176,1,0,1,1,2,37,5,1,2,00,1,1,1,200900026797A01,,,
200900026805,2009-10-03,2009,octobre,samedi,21:00,75,75106,0,0,2,1,6,5,1,4,3,06,1,1,010,194,1,0,4,4,1,19,5,1,2,15,0,1,14,200900026805A01,,,
200900026834,2009-10-06,2009,octobre,mardi,13:10,75,75116,0,0,2,1,3,1,2,4,2,02,1,1,150,110,2,0,1,4,2,57,0,1,2,00,2,0,9,200900026834B01,30,1,1
200900026862,2009-10-07,2009,octobre,mercredi,14:30,75,75119,0,0,2,3,3,1,1,4,1,01,1,1,000,052,1,0,1,4,1,9,5,1,2,00,2,1,19,200900026862A01,7,1,1
200900026879,2009-10-09,2009,octobre,vendredi,16:30,75,75120,0,0,2,1,4,1,2,4,2,02,2,-1,000,000,1,0,1,4,1,23,4,1,2,00,2,4,23,200900026879C01,7,2,1
200900026879,2009-10-09,2009,octobre,vendredi,16:30,75,75120,0,0,2,1,4,1,2,4,2,02,2,-1,000,000,1,0,1,4,1,22,4,1,2,00,2,4,23,200900026879B01,7,2,1
200900026882,2009-10-09,2009,octobre,vendredi,17:45,75,75113,0,0,2,1,2,1,8,4,2,02,1,1,000,065,1,0,1,4,2,45,1,1,2,00,2,1,1,200900026882B01,7,22,1
200900026903,2009-10-09,2009,octobre,vendredi,14:50,75,75117,0,0,2,5,3,1,1,4,-1,01,2,2,000,000,1,0,1,4,1,25,5,1,2,00,2,3,1,200900026903A01,7,1,1
200900026906,2009-10-09,2009,octobre,vendredi,16:15,75,75109,0,0,2,5,6,1,1,4,1,01,1,1,000,000,1,0,1,3,2,14,5,1,2,00,2,0,15,200900026906A01,7,2,1
200900026919,2009-10-08,2009,octobre,jeudi,13:00,75,75110,0,0,2,1,3,1,8,4,2,04,1,1,000,128,1,0,5,4,1,28,0,1,2,00,2,8,1,200900026919B01,10,22,1
200900026932,2009-10-11,2009,octobre,dimanche,23:7,75,75112,0,0,2,3,3,5,1,4,2,02,1,1,010,110,1,5,1,4,1,19,0,1,2,00,2,1,1,200900026932A01,7,15,1
200900026935,2009-10-11,2009,octobre,dimanche,16:40,75,75104,0,0,2,2,2,1,1,4,1,01,1,1,000,102,1,0,1,4,2,52,0,1,2,00,2,7,23,200900026935B01,7,4,1
200900026955,2009-10-10,2009,octobre,samedi,12:00,75,75116,0,0,2,4,3,1,1,4,2,00,1,-1,000,000,1,0,1,4,2,18,5,1,2,00,2,8,9,200900026955A01,1,1,1
200900026955,2009-10-10,2009,octobre,samedi,12:00,75,75116,0,0,2,4,3,1,1,4,2,00,1,-1,000,000,1,0,1,4,1,63,5,1,2,00,2,1,1,200900026955B01,1,9,1
200900026960,2009-10-10,2009,octobre,samedi,14:35,75,75120,0,0,2,1,7,1,1,4,2,02,1,1,000,060,1,0,1,4,2,31,5,1,2,00,0,0,1,200900026960A01,,,
200900026978,2009-10-12,2009,octobre,lundi,83:5,75,75120,0,0,2,1,6,1,1,4,1,01,2,1,010,050,1,0,5,4,1,29,0,1,2,00,1,1,1,200900026978A01,,,
200900026985,2009-10-12,2009,octobre,lundi,11:50,75,75116,0,0,2,1,3,1,1,4,1,00,1,1,000,000,1,0,1,4,1,47,5,1,2,00,2,8,18,200900026985A01,7,16,1
200900027010,2009-10-13,2009,octobre,mardi,94:5,75,75111,0,0,2,2,3,1,1,4,3,04,-1,-1,000,000,1,0,1,3,2,41,5,1,2,00,2,8,1,200900027010B01,7,17,1
200900027016,2009-10-13,2009,octobre,mardi,11:40,75,75112,0,0,2,1,2,1,1,4,1,01,1,1,000,036,1,0,1,4,1,13,5,1,2,00,2,1,2,200900027016A01,13,23,1
200900027030,2009-10-13,2009,octobre,mardi,20:30,75,75103,0,0,2,1,3,5,1,4,4,00,1,1,000,144,1,0,1,4,2,35,5,1,2,00,2,8,7,200900027030B01,30,17,1
200900027036,2009-10-14,2009,octobre,mercredi,83:5,75,75119,0,0,2,5,3,1,1,4,1,01,1,1,000,100,1,5,1,4,1,62,5,1,2,00,2,1,1,200900027036B01,10,15,1
200900027037,2009-10-14,2009,octobre,mercredi,85:5,75,75111,0,0,2,2,3,1,1,4,2,02,1,-1,010,060,1,0,1,4,1,56,9,1,2,00,2,3,1,200900027037A01,7,1,1
200900027053,2009-10-14,2009,octobre,mercredi,16:30,75,75119,0,0,2,1,6,1,1,4,1,01,1,1,000,000,1,0,4,1,1,19,5,1,2,00,1,1,14,200900027053A01,,,
200900027059,2009-10-14,2009,octobre,mercredi,21:25,75,75103,0,0,2,2,6,5,1,4,1,03,1,1,050,113,1,0,1,1,2,31,1,1,2,00,1,1,7,200900027059A01,,,
200900027060,2009-10-14,2009,octobre,mercredi,21:25,75,75115,0,0,2,1,6,5,1,4,1,01,1,1,000,040,1,0,1,4,2,27,5,1,2,00,2,4,2,200900027060A01,7,2,1
200900027071,2009-10-15,2009,octobre,jeudi,80:5,75,75120,0,0,2,1,6,1,1,4,1,01,1,-1,000,000,1,0,1,1,2,38,1,1,2,00,1,1,1,200900027071A01,,,
200900027118,2009-10-18,2009,octobre,dimanche,16:40,75,75108,0,0,2,5,3,1,1,4,1,10,1,2,000,400,1,0,1,4,2,52,0,1,2,00,2,8,2,200900027118B01,2,14,1
200900027130,2009-10-16,2009,octobre,vendredi,85:5,75,75115,0,0,2,3,2,1,8,4,2,04,1,1,000,060,1,0,1,4,1,51,5,1,2,00,2,4,2,200900027130B01,7,2,1
200900027132,2009-10-16,2009,octobre,vendredi,92:7,75,75101,0,0,2,3,3,1,1,4,2,02,1,1,013,201,1,2,1,4,2,34,4,1,2,00,2,4,13,200900027132A01,33,1,1
200900027149,2009-10-16,2009,octobre,vendredi,17:20,75,75103,0,0,2,5,6,1,1,4,1,00,1,1,000,000,1,0,1,1,1,52,5,1,2,00,1,1,7,200900027149A01,,,
200900027159,2009-10-17,2009,octobre,samedi,11:5,75,75118,0,0,2,1,1,3,2,4,2,02,1,1,200,160,2,0,1,3,1,34,5,1,2,00,2,1,1,200900027159B01,30,13,1
200900027198,2009-10-20,2009,octobre,mardi,91:5,75,75112,0,0,2,1,3,1,1,4,-1,02,1,1,000,000,-1,0,1,4,2,57,1,1,2,00,2,7,7,200900027198B01,7,9,1
200900027223,2009-10-19,2009,octobre,lundi,15:00,75,75113,0,0,2,1,2,1,1,4,3,03,1,1,000,000,1,5,1,4,1,32,4,1,2,00,2,4,0,200900027223B01,7,2,1
200900027229,2009-10-19,2009,octobre,lundi,16:00,75,75105,0,0,2,1,2,1,1,4,2,04,1,1,000,120,1,0,1,4,1,50,1,1,2,00,2,0,1,200900027229A01,10,23,1
200900027269,2009-10-21,2009,octobre,mercredi,91:0,75,75106,0,0,2,3,3,1,2,4,1,04,1,1,000,000,2,0,1,4,2,25,2,1,2,00,2,0,7,200900027269B01,14,16,1
200900027289,2009-10-21,2009,octobre,mercredi,16:00,75,75105,0,0,2,3,6,1,2,4,2,02,1,1,000,074,2,0,1,1,1,60,5,1,2,00,1,1,16,200900027289A01,,,
200900027294,2009-10-21,2009,octobre,mercredi,17:45,75,75106,0,0,2,1,2,1,2,4,2,03,1,1,010,240,2,2,1,3,1,69,5,1,2,00,2,4,2,200900027294B01,7,2,1
200900027312,2009-10-23,2009,octobre,vendredi,11:25,75,75110,0,0,2,1,7,1,8,4,1,01,2,1,000,010,1,0,5,4,1,39,1,1,2,00,0,1,21,200900027312A01,,,
200900027329,2009-10-23,2009,octobre,vendredi,23:05,75,75101,0,0,2,2,1,3,1,4,1,01,1,1,000,080,1,0,1,1,1,32,5,1,2,00,2,1,5,200900027329A01,32,1,1
200900027338,2009-10-24,2009,octobre,samedi,93:0,75,75117,0,0,2,2,3,1,2,4,2,00,1,1,000,100,2,0,1,4,1,17,5,1,2,00,2,1,16,200900027338B01,7,1,1
200900027343,2009-10-24,2009,octobre,samedi,11:15,75,75110,0,0,2,2,3,1,2,4,2,02,1,1,000,080,2,0,1,4,2,41,5,1,4,00,2,3,19,200900027343B01,34,1,1
200900027366,2009-10-25,2009,octobre,dimanche,94:5,75,75110,0,0,2,1,3,1,1,4,1,01,2,1,000,040,1,0,1,4,1,55,5,1,2,00,2,0,1,200900027366B01,7,22,1
200900027374,2009-10-25,2009,octobre,dimanche,32:0,75,75118,0,0,2,1,2,5,1,4,2,02,1,1,000,030,1,0,0,4,1,28,0,1,2,00,2,1,2,200900027374A01,7,23,1
200900027375,2009-10-25,2009,octobre,dimanche,11:50,75,75118,0,0,2,5,3,1,1,4,1,01,1,1,000,030,1,0,5,4,1,40,4,1,2,00,2,1,1,200900027375B01,7,16,1
200900027396,2009-10-27,2009,octobre,mardi,19:00,75,75111,0,0,2,3,1,5,1,4,3,01,1,1,000,090,1,0,1,4,1,62,1,1,2,00,2,1,1,200900027396B01,7,15,1
200900027412,2009-10-26,2009,octobre,lundi,12:54,75,75115,0,0,2,2,3,1,1,4,3,06,1,1,000,000,1,4,1,4,1,43,1,1,2,00,2,8,19,200900027412B01,40,1,1
200900027425,2009-10-28,2009,octobre,mercredi,85:2,75,75110,0,0,2,1,3,1,1,4,1,03,1,1,000,094,1,0,1,4,1,44,1,1,2,00,2,5,11,200900027425A01,33,1,1
200900027451,2009-10-29,2009,octobre,jeudi,15:5,75,75107,0,0,2,5,7,5,1,4,2,00,1,1,000,000,1,0,1,4,2,18,9,1,2,00,0,0,1,200900027451A01,,,
200900027453,2009-10-29,2009,octobre,jeudi,94:8,75,75115,0,0,2,3,6,1,1,4,2,02,1,1,000,150,1,0,5,4,1,54,1,1,2,08,2,1,1,200900027453B01,7,22,1
200900027484,2009-10-30,2009,octobre,vendredi,13:55,75,75104,0,0,2,4,6,1,1,4,1,01,1,1,000,095,1,0,1,4,1,22,0,1,2,00,2,0,1,200900027484A01,7,16,1
200900027510,2009-10-31,2009,octobre,samedi,16:00,75,75106,0,0,2,2,7,1,1,4,1,02,2,1,000,072,1,0,1,4,2,61,5,1,2,00,0,0,1,200900027510A01,,,
200900027516,2009-10-03,2009,octobre,samedi,18:35,75,75112,0,0,2,1,3,1,1,4,1,02,4,1,000,000,1,0,1,2,1,36,5,1,2,00,2,7,17,200900027516A01,1,1,1
200900027516,2009-10-03,2009,octobre,samedi,18:35,75,75112,0,0,2,1,3,1,1,4,1,02,4,1,000,000,1,0,1,4,1,74,5,1,2,00,2,8,1,200900027516B01,1,17,1
200900027524,2009-08-15,2009,août,samedi,17:15,82,82121,0,0,1,3,3,1,1,3,2,02,1,1,000,000,1,0,1,4,1,46,0,1,9,00,2,1,19,200900027524A01,7,2,1
200900027527,2009-08-25,2009,août,mardi,18:55,82,82121,0,0,1,1,6,1,1,4,2,02,1,1,000,000,1,0,1,3,1,36,5,1,9,13,0,1,1,200900027527A01,,,
200900027528,2009-08-27,2009,août,jeudi,18:30,82,82121,0,0,2,6,6,1,1,4,1,01,1,2,000,000,1,0,1,4,2,50,5,1,9,00,2,1,5,200900027528A01,7,1,1
200900027531,2009-05-18,2009,mai,lundi,18:00,31,31557,0.00004,0,2,1,3,1,3,3,2,02,1,1,030,065,2,0,1,4,2,11,2,1,2,00,2,6,19,200900027531B01,2,17,1
200900027537,2009-07-28,2009,juillet,mardi,22:55,01,01053,0.00004,0,2,5,3,5,1,2,2,04,1,1,000,229,1,5,1,3,1,17,5,1,8,00,2,1,19,200900027537A01,7,1,1
200900027562,2009-06-02,2009,juin,mardi,16:20,89,89387,0,0,2,2,1,1,1,4,2,03,1,1,000,096,1,0,1,4,1,51,1,1,2,00,2,1,1,200900027562B01,7,15,1
200900027574,2009-06-18,2009,juin,jeudi,18:15,89,89025,0,0,2,1,1,1,1,4,2,00,-1,1,000,000,1,0,1,4,1,11,5,1,9,00,2,1,10,200900027574B02,7,1,1
200900027574,2009-06-18,2009,juin,jeudi,18:15,89,89025,0,0,2,1,1,1,1,4,2,00,-1,1,000,000,1,0,1,1,2,7,0,1,9,00,2,1,10,200900027574B02,7,1,1
200900027618,2009-09-24,2009,septembre,jeudi,11:40,82,82121,0,0,2,6,6,1,1,3,2,02,1,1,000,000,1,0,1,4,1,42,0,1,2,00,2,8,1,200900027618B01,10,1,1
200900027632,2009-02-02,2009,février,lundi,14:30,29,29122,0,0,1,1,2,1,8,3,2,02,4,1,000,000,1,0,1,3,1,66,5,1,1,00,2,4,1,200900027632A01,7,2,1
200900027655,2009-02-23,2009,février,lundi,70:0,29,29019,0,0,2,2,7,5,1,9,2,02,-1,1,000,000,2,0,1,4,1,39,0,1,4,00,2,0,1,200900027655B01,7,9,1
200900027660,2009-02-23,2009,février,lundi,13:45,29,29019,0,0,2,1,3,1,1,9,3,00,-1,1,000,000,1,0,1,4,2,21,2,1,9,00,2,7,1,200900027660B01,7,1,1
200900027665,2009-03-19,2009,mars,jeudi,18:50,29,29232,0,0,2,2,1,1,1,4,2,02,-1,1,000,050,-1,0,1,4,1,34,0,1,2,00,2,1,1,200900027665B01,7,15,1
200900027694,2009-03-07,2009,mars,samedi,18:15,29,29165,0,0,2,6,3,1,1,3,-1,00,1,1,000,000,1,5,1,3,1,24,5,1,1,00,2,1,1,200900027694B02,7,1,1
200900027709,2009-04-03,2009,avril,vendredi,11:33,29,29019,0,0,2,1,3,1,1,4,2,01,1,1,000,043,1,0,1,4,1,14,5,1,9,00,0,8,1,200900027709B01,10,17,1
200900027718,2009-04-23,2009,avril,jeudi,17:00,29,29019,0,0,2,2,3,1,1,9,2,02,1,1,000,000,1,0,1,3,1,38,0,1,2,00,2,0,1,200900027718B01,7,15,1
200900027729,2009-04-22,2009,avril,mercredi,13:45,29,29177,0.00004,NaN,1,1,3,1,1,3,-1,00,-1,-1,000,000,-1,0,0,4,1,17,4,1,1,00,2,1,6,200900027729B02,7,1,1
200900027733,2009-04-07,2009,avril,mardi,11:30,29,29199,0.00004,NaN,1,1,1,1,1,3,2,02,1,1,000,071,1,0,1,3,1,39,5,1,1,00,2,0,1,200900027733B02,13,1,1
200900027769,2009-05-15,2009,mai,vendredi,90:0,29,29105,0.00004,NaN,1,6,1,1,1,3,2,02,2,3,000,050,1,5,1,3,1,27,1,1,1,00,2,1,9,200900027769B02,14,9,1
200900027772,2009-05-28,2009,mai,jeudi,14:15,29,29210,0,0,2,6,3,1,1,3,2,02,1,1,000,065,1,5,1,3,1,74,5,1,1,00,2,1,9,200900027772B02,7,9,1
200900027802,2009-08-08,2009,août,samedi,15:15,27,27320,0.00004,0,1,1,2,1,1,3,2,02,1,2,000,065,1,0,1,3,2,65,5,1,1,00,0,4,1,200900027802B02,7,1,1
200900027833,2009-08-28,2009,août,vendredi,13:15,27,27056,0.00004,0,2,2,3,1,1,4,2,02,1,1,000,000,1,0,1,3,1,18,0,1,2,00,2,1,1,200900027833B02,7,1,1
200900027840,2009-08-31,2009,août,lundi,84:0,27,27229,0.00004,0,2,1,5,1,1,4,3,04,1,1,050,070,1,0,1,4,1,25,1,1,4,00,0,8,2,200900027840C01,7,2,1
200900027840,2009-08-31,2009,août,lundi,84:0,27,27229,0.00004,0,2,1,5,1,1,4,3,04,1,1,050,070,1,0,1,4,1,24,1,1,4,00,0,8,2,200900027840B01,7,2,1
200900027846,2009-07-02,2009,juillet,jeudi,12:10,19,19031,0.00004,0,2,1,3,1,1,4,2,02,1,1,000,000,1,0,1,4,1,46,4,1,2,00,2,1,1,200900027846B01,7,20,1
200900027889,2009-07-07,2009,juillet,mardi,60:0,68,68182,0,0,2,1,7,1,2,3,2,02,1,3,000,000,2,0,1,3,1,53,1,1,2,00,0,0,1,200900027889A01,,,
200900027890,2009-07-07,2009,juillet,mardi,75:7,68,68224,0,0,2,3,3,1,1,4,2,02,1,1,000,090,1,0,5,3,2,28,1,1,9,00,2,1,2,200900027890B01,7,16,1
200900027891,2009-07-07,2009,juillet,mardi,17:53,68,68224,0,0,2,1,6,1,1,4,1,00,1,-1,000,000,2,0,4,1,1,24,1,1,9,00,1,0,0,200900027891A01,,,
200900027895,2009-07-10,2009,juillet,vendredi,10:11,68,68066,0,0,2,2,3,1,2,3,2,03,1,1,000,107,2,0,1,4,1,61,5,1,2,00,2,1,1,200900027895B01,7,15,1
200900027897,2009-07-13,2009,juillet,lundi,11:44,68,68224,0,0,2,1,6,1,1,4,1,01,1,1,000,000,1,0,4,1,1,13,5,1,4,00,1,1,5,200900027897A01,,,
200900027897,2009-07-13,2009,juillet,lundi,11:44,68,68224,0,0,2,1,6,1,1,4,1,01,1,1,000,000,1,0,4,1,2,7,0,1,4,00,1,1,5,200900027897A01,,,
200900027904,2009-07-27,2009,juillet,lundi,15:52,68,68066,0,0,1,1,2,1,1,3,2,02,1,1,000,112,1,4,5,4,1,55,1,1,2,00,2,1,1,200900027904B01,7,23,1
200900027908,2009-07-20,2009,juillet,lundi,12:42,68,68224,0,0,2,3,3,1,1,4,2,02,1,1,000,100,1,0,1,2,1,83,5,1,2,00,2,2,9,200900027908B01,7,1,1
200900027909,2009-07-19,2009,juillet,dimanche,18:14,68,68066,0,0,2,1,5,1,1,3,2,04,3,3,000,168,1,2,5,3,1,18,5,1,2,00,2,1,1,200900027909B01,33,16,1
200900027909,2009-07-19,2009,juillet,dimanche,18:14,68,68066,0,0,2,1,5,1,1,3,2,04,3,3,000,168,1,2,5,1,1,18,5,1,2,00,2,1,1,200900027909C01,33,16,1
200900027955,2009-07-16,2009,juillet,jeudi,16:00,38,38474,0,0,2,6,1,1,1,3,3,00,-1,1,000,000,1,5,5,3,2,20,1,1,2,00,0,8,1,200900027955B02,7,1,1
200900027957,2009-07-29,2009,juillet,mercredi,94:5,38,38556,0.00004,0,1,1,1,1,1,3,2,00,2,4,000,000,1,0,1,2,1,53,5,1,2,00,2,1,0,200900027957B02,14,0,1