Num_Acc,date,an,mois,jour,hrmn,dep,com,lat,long,agg,int,col,lum,atm,catr,circ,nbv,prof,plan,lartpc,larrout,surf,infra,situ,grav,sexe,age,trajet,secuexist,equipement,obs,obsm,choc,manv,vehiculeid,typevehicules,manoeuvehicules,numVehicules
200900027960,2009-07-08,2009,juillet,mercredi,17:00,38,38558,0.00004,0,2,1,1,1,1,3,2,02,1,1,000,060,1,0,1,4,2,9,5,1,1,00,2,5,19,200900027960B02,13,1,1
200900027972,2009-07-26,2009,juillet,dimanche,11:10,38,38185,0,0,2,1,3,1,1,4,2,04,1,1,000,140,1,0,1,4,1,69,0,1,9,00,2,7,19,200900027972B01,7,1,1
200900027974,2009-07-30,2009,juillet,jeudi,16:00,38,38421,0,0,2,3,3,1,1,4,2,03,2,1,000,150,1,0,5,4,1,44,0,1,9,00,2,1,1,200900027974B01,7,16,1
200900028002,2009-09-16,2009,septembre,mercredi,23:45,89,89345,0,0,2,1,3,5,2,3,2,02,1,1,000,070,2,0,1,2,1,14,5,1,4,00,0,3,13,200900028002B02,7,17,1
200900028015,2009-05-30,2009,mai,samedi,17:15,22,22222,0,0,1,1,1,1,7,4,2,01,2,3,000,050,1,0,1,3,2,51,5,1,1,00,2,1,1,200900028015A01,7,1,1
200900028030,2009-05-20,2009,mai,mercredi,14:45,22,22002,0,0,2,2,3,1,1,3,2,02,2,1,000,068,1,5,1,3,1,62,5,1,2,00,2,8,1,200900028030A01,7,19,1
200900028048,2009-05-22,2009,mai,vendredi,14:00,22,22278,0,0,2,6,7,1,1,4,1,01,1,2,000,000,1,0,1,4,2,17,5,1,9,06,0,0,14,200900028048A01,30,1,1
200900028056,2009-05-13,2009,mai,mercredi,74:0,22,22278,0,0,1,1,7,1,1,4,2,02,3,4,000,000,1,0,1,4,1,42,1,1,2,00,0,7,1,200900028056A01,,,
200900028067,2009-05-24,2009,mai,dimanche,19:00,22,22205,0,0,1,2,3,1,1,3,2,01,1,3,000,044,1,0,1,4,1,18,5,1,2,00,2,7,19,200900028067A01,10,1,1
200900028097,2009-07-27,2009,juillet,lundi,14:34,89,89387,0,0,2,1,3,1,1,4,2,02,1,1,000,088,1,6,1,4,1,11,5,1,9,00,2,1,9,200900028097B01,7,1,1
200900028136,2009-08-30,2009,août,dimanche,14:20,89,89387,0,0,2,2,3,1,1,4,2,02,1,1,000,060,1,0,1,4,2,23,5,1,9,00,2,1,16,200900028136A01,7,1,1
200900028158,2009-04-04,2009,avril,samedi,12:15,55,55492,0.00004,0,2,1,1,1,1,3,2,02,1,2,000,070,1,0,1,3,1,59,5,1,2,00,2,8,1,200900028158B02,7,17,1
200900028199,2009-07-03,2009,juillet,vendredi,18:20,80,80021,0,0,2,4,3,1,1,4,2,02,2,1,000,080,1,0,1,4,1,20,0,1,9,00,2,1,5,200900028199A01,7,1,1
200900028199,2009-07-03,2009,juillet,vendredi,18:20,80,80021,0,0,2,4,3,1,1,4,2,02,2,1,000,080,1,0,1,4,1,17,0,1,9,00,2,1,5,200900028199A01,7,1,1
200900028208,2009-07-10,2009,juillet,vendredi,13:20,80,80021,0,0,2,1,3,1,1,4,2,02,2,1,000,100,1,0,1,4,1,26,0,1,9,00,2,8,15,200900028208A01,7,17,1
200900028220,2009-08-13,2009,août,jeudi,19:00,85,85047,0.00004,NaN,2,6,3,1,1,9,1,00,1,1,000,050,1,5,1,3,1,43,5,1,1,00,2,8,15,200900028220A01,14,16,1
200900028225,2009-08-14,2009,août,vendredi,17:45,85,85234,0,0,2,6,1,1,7,3,4,02,1,1,050,000,1,5,1,3,1,59,5,1,1,00,2,5,9,200900028225B02,10,1,1
200900028236,2009-08-25,2009,août,mardi,91:5,85,85164,0.00004,NaN,2,1,1,1,1,9,2,02,1,1,000,070,1,0,1,4,2,35,3,1,1,01,0,1,1,200900028236A01,7,22,1
200900028244,2009-08-28,2009,août,vendredi,19:00,85,85113,0.00004,NaN,2,1,3,1,1,4,2,02,1,1,000,000,1,0,1,3,2,51,5,1,1,00,2,8,1,200900028244B02,7,17,1
200900028268,2009-06-11,2009,juin,jeudi,14:15,26,26113,0.00004,0,1,3,3,1,1,3,2,00,1,1,025,054,1,5,1,3,2,48,5,1,2,00,0,7,6,200900028268B02,33,1,1
200900028279,2009-06-27,2009,juin,samedi,21:45,26,26281,0,0,2,1,6,5,8,4,2,02,2,3,000,081,1,0,1,2,1,53,0,1,2,00,2,4,1,200900028279B01,7,2,1
200900028281,2009-06-23,2009,juin,mardi,15:30,26,26281,0,0,2,7,6,1,1,4,2,02,1,1,000,060,1,0,1,4,2,15,5,1,2,00,2,1,19,200900028281A01,7,1,1
200900028302,2009-09-10,2009,septembre,jeudi,12:00,85,85234,0.00004,NaN,2,6,3,1,1,3,2,00,1,3,000,000,1,5,1,4,1,68,4,1,1,00,2,7,19,200900028302B02,10,16,1
200900028306,2009-09-22,2009,septembre,mardi,17:00,85,85019,0,0,2,1,1,1,1,3,2,02,1,3,000,060,1,0,1,3,1,7,2,1,2,00,2,8,1,200900028306B02,15,1,1
200900028313,2009-09-21,2009,septembre,lundi,15:45,85,85178,0,0,1,1,7,1,1,3,2,02,1,1,000,069,1,0,1,2,1,51,5,1,2,00,0,0,1,200900028313A01,,,
200900028319,2009-09-28,2009,septembre,lundi,81:5,85,85051,0,0,2,1,4,2,7,3,2,00,4,1,100,000,1,5,1,3,1,13,2,1,1,00,2,4,15,200900028319C03,10,1,1
200900028319,2009-09-28,2009,septembre,lundi,81:5,85,85051,0,0,2,1,4,2,7,3,2,00,4,1,100,000,1,5,1,4,2,14,2,1,1,00,2,4,15,200900028319B02,10,1,1
200900028353,2009-02-03,2009,février,mardi,83:5,91,91312,0,0,2,1,7,1,1,4,2,02,1,1,000,000,1,0,4,4,1,12,2,1,2,00,0,1,1,200900028353A01,,,
200900028370,2009-02-10,2009,février,mardi,19:00,91,91228,0,0,2,4,3,5,1,4,2,02,2,2,000,080,2,0,1,4,1,38,1,1,4,00,2,1,1,200900028370B01,7,15,1
200900028371,2009-02-11,2009,février,mercredi,93:0,91,91477,0,0,2,1,3,1,1,3,2,02,2,4,000,000,7,0,1,4,1,28,0,1,2,00,2,7,1,200900028371B01,7,9,1
200900028372,2009-02-11,2009,février,mercredi,11:01,91,91477,0,0,2,1,7,1,1,4,2,02,1,1,000,000,7,0,1,4,1,73,0,1,2,00,0,0,1,200900028372A01,,,
200900028379,2009-02-16,2009,février,lundi,16:30,91,91201,0,0,2,1,2,1,1,4,2,01,1,1,000,000,1,0,1,3,1,8,5,1,9,00,2,4,1,200900028379A01,30,1,1
200900028465,2009-03-05,2009,mars,jeudi,16:30,91,91645,0,0,2,1,7,1,1,4,2,02,1,1,000,000,1,0,1,4,1,13,0,1,2,00,0,8,1,200900028465A01,,,
200900028499,2009-03-11,2009,mars,mercredi,15:20,91,91570,0,0,2,3,3,1,1,4,-1,00,1,1,000,000,1,0,0,4,1,12,5,1,2,00,2,8,19,200900028499A01,7,1,1
200900028536,2009-03-30,2009,mars,lundi,18:10,91,91377,0,0,2,1,3,1,1,4,3,03,1,1,000,000,-1,0,1,1,2,58,0,1,2,00,0,1,19,200900028536A01,33,1,1
200900028543,2009-08-03,2009,août,lundi,14:25,01,01283,0.00004,0,2,3,3,1,1,3,2,02,1,3,000,070,1,0,1,4,2,52,5,1,8,00,2,1,1,200900028543B01,7,16,1
200900028573,2009-09-25,2009,septembre,vendredi,14:15,01,01053,0,0,2,1,3,1,1,4,1,01,1,1,000,043,1,5,1,4,1,16,1,1,9,00,0,1,1,200900028573B01,7,9,1
200900028577,2009-09-28,2009,septembre,lundi,94:5,01,01303,0,0,1,1,2,1,1,3,2,02,1,1,000,071,1,0,1,2,2,86,5,1,1,00,2,4,13,200900028577B02,31,17,1
200900028585,2009-09-28,2009,septembre,lundi,17:15,01,01043,0,0,2,1,2,1,1,3,2,02,1,1,000,000,1,0,1,3,2,21,2,1,2,00,2,4,13,200900028585B02,7,1,1
200900028586,2009-09-13,2009,septembre,dimanche,10:45,01,01095,0.00004,0,1,1,1,1,1,3,2,00,4,1,000,000,1,0,1,4,1,43,5,1,2,00,2,1,1,200900028586B02,7,15,1
200900028594,2009-09-30,2009,septembre,mercredi,19:15,01,01451,0,0,1,6,3,1,1,3,2,02,1,1,000,000,1,0,1,3,2,32,1,1,2,00,2,1,1,200900028594B01,7,14,1
200900028621,2009-02-26,2009,février,jeudi,17:00,69,69268,0.00004,0,1,1,1,1,7,3,2,00,1,3,130,000,1,0,1,3,1,79,5,1,1,00,2,4,1,200900028621B02,7,14,1
200900028629,2009-02-15,2009,février,dimanche,15:00,69,69214,0,0,1,1,1,1,1,3,2,00,1,2,035,098,1,0,1,4,1,54,5,1,2,00,0,8,13,200900028629B02,7,1,1
200900028669,2009-02-03,2009,février,mardi,19:20,69,69386,0,0,2,1,6,5,1,4,1,01,1,1,000,000,1,0,1,1,1,32,1,1,2,00,1,1,1,200900028669A01,,,
200900028712,2009-02-28,2009,février,samedi,16:10,69,69385,0,0,2,1,7,1,1,4,2,02,4,3,000,073,1,0,1,3,2,26,1,1,9,10,0,0,0,200900028712A01,,,
200900028722,2009-02-27,2009,février,vendredi,83:0,69,69141,0,0,2,3,3,1,1,3,2,02,1,1,000,000,1,0,1,3,1,74,3,1,2,00,2,8,15,200900028722B02,7,1,1
200900028746,2009-07-04,2009,juillet,samedi,85:5,95,95426,0.00004,0,2,2,3,1,1,3,2,02,1,1,000,000,1,0,1,4,1,67,5,1,9,00,2,1,1,200900028746B01,7,9,1
200900028747,2009-07-08,2009,juillet,mercredi,80:5,95,95607,0.00004,0,2,1,2,1,8,3,2,01,1,1,000,000,1,0,1,4,1,31,0,1,9,00,2,1,19,200900028747B01,7,1,1
200900028764,2009-07-26,2009,juillet,dimanche,17:00,95,95199,0.00004,0,2,1,3,1,1,3,2,02,2,1,000,097,1,0,1,3,1,11,5,1,3,00,2,1,19,200900028764B02,7,1,1
200900028767,2009-07-16,2009,juillet,jeudi,11:05,95,95607,0.00004,0,2,1,2,1,1,4,1,01,1,1,000,050,1,0,1,4,1,16,5,1,2,00,2,1,1,200900028767B01,10,1,1
200900028771,2009-07-19,2009,juillet,dimanche,19:00,95,95555,0.00004,0,2,1,1,1,1,4,2,01,-1,-1,000,000,1,5,1,4,2,7,4,1,2,00,2,1,0,200900028771B01,7,1,1
200900028785,2009-07-19,2009,juillet,dimanche,14:05,95,95176,0.00004,0,2,6,7,1,1,3,2,02,1,1,000,040,1,0,1,3,2,65,0,1,2,00,0,0,1,200900028785A01,,,
200900028802,2009-07-20,2009,juillet,lundi,15:45,61,61070,0.00004,NaN,1,2,3,1,2,3,2,02,1,1,000,050,2,0,1,2,1,14,5,1,1,00,2,6,19,200900028802A01,7,1,1
200900028803,2009-07-21,2009,juillet,mardi,91:5,61,61168,0.00004,NaN,1,1,3,1,1,3,2,02,3,1,000,062,1,0,1,3,1,68,5,1,2,00,2,8,1,200900028803B02,7,17,1
200900028818,2009-07-05,2009,juillet,dimanche,11:30,74,74261,0.00004,0,1,1,2,1,1,3,2,00,-1,4,000,060,1,0,1,3,1,71,5,1,2,00,0,4,1,200900028818B02,1,17,1
200900028818,2009-07-05,2009,juillet,dimanche,11:30,74,74261,0.00004,0,1,1,2,1,1,3,2,00,-1,4,000,060,1,0,1,1,1,67,5,1,2,00,2,1,17,200900028818A01,1,1,1
200900028824,2009-07-02,2009,juillet,jeudi,19:50,74,74010,0,0,2,1,6,1,1,3,2,00,1,1,000,000,1,0,1,4,1,33,9,1,2,00,0,4,1,200900028824B01,7,1,1
200900028824,2009-07-02,2009,juillet,jeudi,19:50,74,74010,0,0,2,1,6,1,1,3,2,00,1,1,000,000,1,0,1,3,1,4,9,1,2,00,0,4,1,200900028824B01,7,1,1
200900028848,2009-07-23,2009,juillet,jeudi,23:30,74,74024,0.00004,0,1,1,7,3,1,4,2,02,2,2,000,000,1,0,3,3,1,44,9,1,2,13,0,0,15,200900028848A01,,,
200900028856,2009-07-27,2009,juillet,lundi,11:00,74,74176,0,0,2,1,6,1,1,3,2,02,4,3,000,052,1,0,1,1,1,57,5,1,1,00,1,2,1,200900028856A01,,,
200900028879,2009-02-21,2009,février,samedi,18:10,81,81021,0,0,2,9,7,2,1,4,2,02,2,1,000,004,1,0,1,3,1,67,5,1,9,00,0,0,1,200900028879A01,,,
200900028915,2009-03-31,2009,mars,mardi,17:10,13,13001,0,0,2,1,2,1,1,4,2,02,-1,-1,000,000,-1,0,1,4,1,19,0,1,2,00,2,4,2,200900028915B01,7,2,1
200900028972,2009-03-04,2009,mars,mercredi,13:50,13,13001,0,0,2,6,3,1,2,9,2,00,-1,-1,000,000,-1,0,1,3,2,54,0,1,8,00,2,1,1,200900028972B01,7,1,1
200900029008,2009-03-18,2009,mars,mercredi,14:25,13,13056,0.00004,0,1,1,1,1,1,3,2,01,2,3,000,035,1,0,1,2,1,78,5,1,9,00,2,1,1,200900029008B01,7,1,1
200900029042,2009-03-23,2009,mars,lundi,73:0,13,13002,0,0,2,3,1,1,1,4,2,02,1,1,000,062,1,0,1,4,1,56,1,1,2,00,2,1,1,200900029042B01,7,15,1
200900029176,2009-03-14,2009,mars,samedi,21:00,13,13055,0,0,2,1,3,5,1,4,1,02,1,1,012,057,1,0,1,4,1,41,5,1,8,00,2,6,1,200900029176B01,37,1,1
200900029221,2009-03-13,2009,mars,vendredi,19:20,69,69388,0,0,2,3,3,5,1,4,3,04,2,1,000,200,1,0,1,3,2,21,0,1,4,00,2,2,15,200900029221A01,7,1,1
200900029250,2009-03-05,2009,mars,jeudi,14:00,69,69382,0,0,2,1,7,1,1,4,1,01,1,1,071,034,1,0,1,4,2,56,0,1,2,01,0,1,17,200900029250B01,10,23,1
200900029259,2009-03-08,2009,mars,dimanche,73:0,69,69152,0,0,2,6,3,1,1,4,3,02,1,2,000,000,1,0,5,4,1,50,5,1,2,00,2,5,1,200900029259B01,7,9,1
200900029267,2009-03-10,2009,mars,mardi,85:0,69,69029,0,0,2,1,6,1,1,4,1,01,1,1,000,000,-1,0,5,1,1,49,0,1,2,00,1,0,0,200900029267A01,,,
200900029267,2009-03-10,2009,mars,mardi,85:0,69,69029,0,0,2,1,6,1,1,4,1,01,1,1,000,000,-1,0,5,4,2,52,3,1,9,00,1,0,0,200900029267A01,,,
200900029271,2009-03-11,2009,mars,mercredi,74:5,69,69259,0,0,2,3,3,1,1,3,-1,02,1,1,000,000,1,0,1,4,1,36,1,1,2,00,2,1,15,200900029271A01,33,18,1
200900029283,2009-03-13,2009,mars,vendredi,11:15,69,69386,0,0,2,1,6,1,1,4,1,02,1,1,000,000,1,0,1,4,1,37,5,1,2,00,2,0,1,200900029283B01,13,21,1
200900029285,2009-03-13,2009,mars,vendredi,16:56,69,69389,0,0,2,2,3,1,1,4,1,01,2,2,000,050,1,0,1,4,1,39,5,1,2,00,2,1,0,200900029285B01,7,15,1
200900029312,2009-03-19,2009,mars,jeudi,16:50,69,69386,0,0,2,2,3,1,1,4,1,01,1,1,000,000,1,0,1,4,2,48,0,1,9,00,2,8,1,200900029312B01,7,16,1
200900029314,2009-03-20,2009,mars,vendredi,18:15,69,69266,0,0,2,9,6,1,1,4,2,01,1,1,000,000,1,0,1,4,1,19,2,1,2,00,2,0,1,200900029314A01,7,1,1
200900029315,2009-03-20,2009,mars,vendredi,17:35,69,69386,0,0,2,1,6,1,1,4,1,01,1,1,000,000,1,0,1,4,2,37,0,1,9,00,1,1,1,200900029315A01,,,
200900029331,2009-03-23,2009,mars,lundi,12:05,69,69259,0,0,2,1,6,1,1,3,-1,01,1,1,000,038,1,0,1,4,1,51,0,1,9,00,2,1,2,200900029331B01,7,2,1
200900029347,2009-03-18,2009,mars,mercredi,11:45,69,69029,0,0,2,1,3,1,1,4,2,02,1,2,000,000,-1,0,1,4,1,63,3,1,9,00,2,1,1,200900029347B01,7,15,1
200900029374,2009-08-04,2009,août,mardi,17:55,64,64445,0.00004,NaN,2,6,3,1,1,4,1,02,1,-1,000,080,1,0,1,4,1,58,5,1,2,00,2,3,1,200900029374B01,7,16,1
200900029382,2009-08-01,2009,août,samedi,14:05,64,64445,0.00004,NaN,2,1,3,1,1,4,2,02,1,1,000,000,1,0,1,4,1,25,5,1,9,00,0,7,1,200900029382B01,7,15,1
200900029393,2009-08-08,2009,août,samedi,10:10,64,64348,0.00004,NaN,2,6,3,1,1,3,1,02,1,2,015,060,1,0,1,3,1,39,5,1,2,00,2,4,1,200900029393B01,7,9,1
200900029425,2009-08-17,2009,août,lundi,11:00,64,64445,0.00004,NaN,2,6,3,1,2,4,2,02,1,1,000,078,2,0,1,4,2,19,5,1,2,00,2,7,1,200900029425B01,7,9,1
200900029435,2009-08-21,2009,août,vendredi,20:05,64,64335,0.00004,NaN,2,2,3,1,1,3,2,02,1,1,000,096,1,0,1,4,1,79,5,1,2,00,2,8,1,200900029435A01,33,1,1
200900029461,2009-09-15,2009,septembre,mardi,82:5,64,64122,0.00004,NaN,2,6,3,1,1,4,1,02,2,2,000,080,1,0,1,4,1,60,5,1,2,00,2,2,1,200900029461B01,7,9,1
200900029468,2009-09-02,2009,septembre,mercredi,14:30,64,64335,0.00004,NaN,2,1,3,1,1,4,2,02,1,1,000,000,1,0,1,4,2,17,5,1,9,00,2,1,1,200900029468B01,7,16,1
200900029473,2009-09-04,2009,septembre,vendredi,83:0,64,64445,0.00004,NaN,2,1,6,1,1,4,2,02,1,1,000,000,1,0,1,4,1,13,5,1,2,01,2,1,1,200900029473B01,7,22,1
200900029475,2009-09-06,2009,septembre,dimanche,11:40,64,64132,0.00004,NaN,2,1,2,1,1,3,2,02,1,1,000,080,1,0,1,4,1,39,0,1,2,00,2,1,1,200900029475A01,7,0,1
200900029476,2009-09-06,2009,septembre,dimanche,12:05,64,64125,0.00004,NaN,2,1,2,1,1,3,2,02,1,1,000,090,1,0,1,3,1,35,5,1,2,00,0,4,1,200900029476B01,7,1,1
200900029497,2009-09-21,2009,septembre,lundi,20:17,64,64122,0.00004,NaN,2,1,3,1,8,3,2,04,1,1,000,120,1,3,1,3,1,53,5,1,2,00,2,8,9,200900029497A01,7,1,1
200900029501,2009-09-21,2009,septembre,lundi,14:10,64,64445,0.00004,NaN,2,6,2,1,1,3,1,02,1,1,000,100,2,0,1,4,1,34,0,1,9,00,2,1,1,200900029501B01,7,1,1
200900029519,2009-09-09,2009,septembre,mercredi,15:25,64,64335,0.00004,NaN,2,3,3,1,1,3,2,02,1,1,000,071,1,0,1,4,1,62,5,1,2,00,2,1,1,200900029519B01,7,9,1
200900029525,2009-06-05,2009,juin,vendredi,73:5,84,84007,0,0,2,1,3,1,1,4,2,02,1,1,000,000,1,0,1,4,1,12,2,1,9,00,2,8,13,200900029525A01,37,17,1
200900029530,2009-06-15,2009,juin,lundi,16:10,84,84007,0,0,2,3,3,1,1,4,2,02,1,1,000,000,1,0,1,4,2,40,1,1,9,00,2,1,13,200900029530B01,7,1,1
200900029534,2009-06-21,2009,juin,dimanche,90:0,84,84072,0.00004,0,1,1,1,1,1,3,-1,02,2,4,000,000,1,0,1,3,1,53,5,1,2,00,0,1,1,200900029534B02,7,5,1
200900029536,2009-06-19,2009,juin,vendredi,71:5,84,84132,0,0,1,1,2,1,1,3,2,00,1,1,000,000,1,0,5,3,1,32,5,1,2,01,0,1,1,200900029536B02,7,24,1
200900029541,2009-06-04,2009,juin,jeudi,13:30,84,84040,0,0,1,1,5,1,1,3,-1,02,1,1,000,065,1,0,1,4,1,65,5,1,2,00,2,1,1,200900029541C03,1,1,2
200900029541,2009-06-04,2009,juin,jeudi,13:30,84,84040,0,0,1,1,5,1,1,3,-1,02,1,1,000,065,1,0,1,3,1,38,5,1,2,00,9,1,1,200900029541A01,1,1,2
200900029541,2009-06-04,2009,juin,jeudi,13:30,84,84040,0,0,1,1,5,1,1,3,-1,02,1,1,000,065,1,0,1,4,1,36,5,1,2,00,2,4,1,200900029541B02,1,1,2
200900029551,2009-06-22,2009,juin,lundi,74:5,84,84119,0,0,2,1,3,1,1,3,2,01,1,-1,000,000,1,0,1,3,1,24,1,1,2,00,2,1,1,200900029551A01,7,15,1
200900029556,2009-06-19,2009,juin,vendredi,17:25,84,84007,0,0,1,1,2,1,1,4,2,02,1,1,000,060,1,0,1,4,2,25,1,1,2,00,2,1,1,200900029556A01,7,1,1
200900029559,2009-06-22,2009,juin,lundi,17:45,84,84007,0,0,2,2,3,1,1,4,2,02,1,1,000,000,1,0,1,4,2,17,1,1,2,00,2,8,1,200900029559A01,7,1,1
200900029570,2009-07-29,2009,juillet,mercredi,71:5,84,84132,0,0,1,1,2,1,1,3,2,00,1,1,000,055,1,0,1,3,1,53,1,1,1,00,2,4,2,200900029570A01,13,2,1
200900029571,2009-07-05,2009,juillet,dimanche,90:0,84,84143,0.00004,0,1,1,1,1,1,3,2,02,2,1,000,045,1,0,1,3,1,69,5,1,2,00,2,1,1,200900029571A01,7,1,1
200900029578,2009-07-29,2009,juillet,mercredi,19:45,84,84129,0.00004,0,2,1,3,1,1,4,2,02,-1,2,000,049,1,5,1,3,1,36,5,1,1,00,2,8,1,200900029578B02,7,15,1
200900029586,2009-07-31,2009,juillet,vendredi,10:00,84,84099,0,0,2,1,1,1,1,3,2,00,1,1,000,052,1,0,1,3,2,32,5,1,1,00,2,6,0,200900029586B02,7,0,1
200900029598,2009-07-25,2009,juillet,samedi,20:15,84,84077,0,0,2,1,7,2,1,3,2,00,1,1,000,048,1,0,3,2,1,27,5,1,2,13,0,1,1,200900029598A01,,,
200900029602,2009-07-13,2009,juillet,lundi,17:30,84,84099,0,0,1,1,7,1,1,3,2,00,1,1,000,000,1,0,1,2,1,85,5,1,2,00,0,0,1,200900029602A01,,,
200900029610,2009-07-08,2009,juillet,mercredi,14:25,84,84007,0,0,2,1,6,1,1,4,-1,01,1,1,000,050,1,0,5,4,2,21,0,1,2,00,2,1,0,200900029610B01,7,1,1
200900029614,2009-07-24,2009,juillet,vendredi,81:5,84,84088,0.00004,0,1,6,1,1,1,3,4,00,1,2,000,080,1,0,1,3,1,52,5,1,2,00,2,7,1,200900029614B02,7,9,1
200900029619,2009-07-31,2009,juillet,vendredi,20:43,84,84035,0,0,2,1,1,1,1,4,2,02,2,1,000,050,1,0,1,3,1,18,5,1,2,00,2,1,1,200900029619B01,7,15,1
200900029629,2009-07-10,2009,juillet,vendredi,15:35,84,84007,0,0,2,1,3,1,1,4,2,03,1,1,000,090,1,0,5,4,1,52,5,1,2,00,2,1,1,200900029629B01,7,16,1
200900029637,2009-09-01,2009,septembre,mardi,11:00,81,81284,0,0,2,1,1,1,2,4,2,00,2,3,000,043,2,0,1,3,1,16,5,1,2,00,2,1,1,200900029637A01,7,1,1
200900029645,2009-09-29,2009,septembre,mardi,15:45,81,81052,0.00004,0,1,1,6,1,1,4,-1,02,2,2,000,047,9,0,1,3,1,42,9,1,1,13,0,1,1,200900029645A01,,,
200900029648,2009-05-24,2009,mai,dimanche,94:5,61,61006,0.00004,NaN,2,4,3,1,1,3,2,02,1,1,000,067,1,0,1,3,1,51,5,1,9,00,2,1,1,200900029648B01,13,15,1
200900029661,2009-09-25,2009,septembre,vendredi,93:5,64,64260,0.00004,NaN,2,1,1,1,1,4,2,02,1,1,000,050,1,0,1,4,2,78,5,1,2,00,2,1,5,200900029661A01,7,1,1
200900029686,2009-03-22,2009,mars,dimanche,15:15,35,35126,0.00004,NaN,2,3,3,1,1,9,2,02,4,1,000,050,1,0,1,3,1,8,5,1,1,00,2,1,15,200900029686A01,7,1,1
200900029687,2009-03-09,2009,mars,lundi,13:45,35,35047,0,0,2,6,1,1,1,3,1,00,-1,2,000,000,1,5,1,3,1,59,5,1,1,00,2,0,1,200900029687B02,7,9,1
200900029692,2009-03-03,2009,mars,mardi,13:40,35,35238,0,0,2,6,3,1,8,4,3,02,1,1,079,053,1,5,1,4,1,42,1,1,8,00,2,1,2,200900029692B01,7,2,1
200900029695,2009-03-02,2009,mars,lundi,17:10,35,35238,0,0,2,1,2,1,1,4,3,02,1,1,043,060,1,0,1,4,2,62,5,1,9,00,0,4,1,200900029695B01,10,1,1
200900029699,2009-03-05,2009,mars,jeudi,83:5,35,35238,0,0,2,2,3,1,1,4,2,03,2,1,000,090,2,5,1,4,1,23,2,1,2,00,2,1,1,200900029699B01,10,15,1
200900029713,2009-03-24,2009,mars,mardi,16:45,35,35238,0,0,2,1,6,1,1,4,2,02,1,1,000,063,1,0,1,4,1,61,5,1,8,00,2,1,1,200900029713A01,7,2,1
200900029715,2009-03-27,2009,mars,vendredi,20:07,35,35238,0,0,2,6,3,5,8,4,2,02,1,2,000,060,2,5,1,4,1,22,5,1,4,00,2,1,1,200900029715B01,7,1,1
200900029738,2009-04-15,2009,avril,mercredi,17:00,35,35279,0,0,1,1,1,1,1,4,2,01,1,1,000,030,1,0,1,3,1,18,5,1,2,00,0,0,0,200900029738B02,7,1,1
200900029741,2009-04-17,2009,avril,vendredi,11:45,35,35122,0,0,1,6,1,1,1,3,2,02,-1,-1,060,000,1,5,1,3,2,77,5,1,2,16,0,0,1,200900029741B02,7,16,1
200900029747,2009-04-09,2009,avril,jeudi,14:00,35,35024,0.00004,NaN,1,3,3,1,1,3,2,00,1,1,000,051,1,0,1,3,2,15,5,1,1,00,2,3,19,200900029747B02,7,1,1
200900029761,2009-04-21,2009,avril,mardi,15:50,35,35288,0,0,2,6,3,1,1,4,1,02,1,3,000,000,1,0,1,4,1,24,2,1,2,00,2,2,1,200900029761B01,3,1,1
200900029765,2009-04-13,2009,avril,lundi,17:00,35,35288,0,0,2,3,3,1,1,4,1,00,1,1,000,000,1,0,1,4,1,15,5,1,2,00,2,1,1,200900029765B01,7,16,1
200900029770,2009-04-01,2009,avril,mercredi,20:20,35,35238,0,0,2,1,6,2,1,4,1,01,1,1,000,040,1,0,1,4,1,28,5,1,8,09,0,0,1,200900029770A01,,,
200900029772,2009-04-03,2009,avril,vendredi,95:0,35,35238,0,0,2,2,5,1,8,4,2,02,1,1,000,060,1,0,1,1,1,25,1,1,2,00,2,8,1,200900029772C01,31,1,1
200900029772,2009-04-03,2009,avril,vendredi,95:0,35,35238,0,0,2,2,5,1,8,4,2,02,1,1,000,060,1,0,1,1,1,19,1,1,9,00,0,0,16,200900029772A01,31,1,1
200900029780,2009-04-09,2009,avril,jeudi,14:20,35,35238,0,0,2,2,3,1,1,4,2,02,2,1,000,060,1,0,1,4,2,35,5,1,2,00,2,1,1,200900029780B01,7,15,1
200900029781,2009-04-09,2009,avril,jeudi,15:20,35,35238,0,0,2,1,7,1,1,4,1,01,1,1,000,060,1,0,1,4,2,26,5,1,8,00,0,1,1,200900029781A01,,,
200900029825,2009-05-22,2009,mai,vendredi,20:08,18,18033,0,0,2,3,3,1,1,4,1,01,1,1,000,025,1,0,1,4,1,68,5,1,9,00,2,1,1,200900029825A01,7,1,1
200900029834,2009-04-01,2009,avril,mercredi,18:10,69,69383,0,0,2,1,6,1,1,4,2,03,1,1,000,000,1,0,1,4,1,56,1,1,2,00,2,8,13,200900029834A01,37,23,1
200900029846,2009-04-04,2009,avril,samedi,18:15,69,69388,0,0,2,1,6,1,1,4,2,04,1,1,000,272,1,0,5,4,1,13,0,1,9,01,0,1,1,200900029846A01,7,22,1
200900029853,2009-04-07,2009,avril,mardi,74:5,69,69383,0,0,2,1,3,1,1,4,2,03,1,1,000,000,1,0,1,4,1,24,1,1,9,00,2,8,11,200900029853A01,30,1,1
200900029854,2009-04-07,2009,avril,mardi,91:5,69,69084,0,0,1,1,3,1,8,3,2,02,1,1,000,061,1,0,1,3,2,67,5,1,1,00,2,8,15,200900029854B02,7,17,1
200900029859,2009-04-06,2009,avril,lundi,14:02,69,69029,0,0,2,1,2,1,1,4,2,02,1,1,035,074,1,0,5,3,1,66,0,1,2,01,0,1,1,200900029859B01,7,1,1
200900029862,2009-04-08,2009,avril,mercredi,11:10,69,69259,0,0,2,1,7,1,1,4,2,02,1,-1,000,053,1,0,1,4,2,21,5,1,9,00,2,0,21,200900029862B01,7,0,1