Num_Acc,date,an,mois,jour,hrmn,dep,com,lat,long,agg,int,col,lum,atm,catr,circ,nbv,prof,plan,lartpc,larrout,surf,infra,situ,grav,sexe,age,trajet,secuexist,equipement,obs,obsm,choc,manv,vehiculeid,typevehicules,manoeuvehicules,numVehicules
200900029865,2009-04-08,2009,avril,mercredi,11:25,69,69385,0,0,2,4,3,1,1,4,2,02,-1,1,000,000,1,0,1,4,1,26,0,1,9,00,2,3,1,200900029865A01,7,1,1
200900029884,2009-04-14,2009,avril,mardi,84:0,69,69383,0,0,2,1,6,1,1,4,1,02,1,3,000,000,1,0,1,4,2,27,1,1,2,00,2,1,11,200900029884A01,7,1,1
200900029885,2009-04-17,2009,avril,vendredi,14:15,69,69266,0,0,2,2,6,1,1,4,1,02,1,1,000,053,1,0,1,4,1,16,9,1,9,00,2,4,1,200900029885A01,7,1,1
200900029891,2009-04-15,2009,avril,mercredi,18:00,69,69194,0,0,2,1,1,1,1,3,2,00,2,1,000,040,1,0,1,1,1,42,5,1,2,00,0,6,15,200900029891B02,32,17,1
200900029942,2009-04-24,2009,avril,vendredi,14:45,69,69169,0.00004,0,1,1,3,1,1,3,2,02,2,3,000,099,1,0,5,4,1,55,5,1,2,00,2,8,1,200900029942A01,15,17,1
200900029948,2009-04-24,2009,avril,vendredi,19:50,69,69385,0,0,2,1,2,2,1,4,2,02,2,1,000,054,1,0,1,4,1,15,0,1,9,00,2,4,2,200900029948A01,7,1,1
200900029977,2009-04-30,2009,avril,jeudi,13:55,69,69386,0,0,2,2,6,1,1,4,1,01,1,1,000,000,1,0,1,3,2,19,5,1,2,00,2,4,11,200900029977B01,31,1,1
200900029980,2009-04-30,2009,avril,jeudi,23:50,69,69385,0,0,2,1,3,5,1,4,1,02,1,1,000,058,1,0,1,3,2,17,5,1,9,00,2,8,11,200900029980A01,37,2,1
200900030036,2009-10-08,2009,octobre,jeudi,13:45,72,72181,0,0,2,1,3,1,1,4,2,02,1,1,000,000,1,0,1,3,2,75,5,1,9,01,0,1,1,200900030036B01,7,24,1
200900030039,2009-10-09,2009,octobre,vendredi,17:30,72,72181,0,0,2,1,3,1,1,4,2,02,1,1,000,000,1,0,1,4,1,36,0,1,9,01,0,1,1,200900030039A01,7,24,1
200900030060,2009-04-16,2009,avril,jeudi,17:30,33,33318,0,0,2,1,2,1,1,4,3,02,1,1,000,000,1,0,1,3,1,64,0,1,9,00,2,1,1,200900030060B01,7,16,1
200900030062,2009-04-02,2009,avril,jeudi,11:50,33,33063,0,0,2,2,3,1,1,4,2,02,1,1,000,074,1,0,1,4,1,47,0,1,4,00,0,1,5,200900030062B01,7,1,1
200900030066,2009-04-29,2009,avril,mercredi,74:5,33,33063,0,0,2,1,3,1,2,4,2,02,1,1,000,100,2,0,1,3,1,14,2,1,4,00,2,1,1,200900030066B01,7,15,1
200900030077,2009-04-06,2009,avril,lundi,70:5,33,33318,0,0,2,6,3,5,1,4,1,02,1,2,000,000,1,0,1,4,1,16,0,1,4,00,0,4,1,200900030077B01,7,16,1
200900030085,2009-04-16,2009,avril,jeudi,16:30,33,33119,0,0,2,3,6,1,1,4,2,02,2,1,000,082,1,0,1,4,2,16,0,1,4,00,2,1,15,200900030085A01,7,1,1
200900030087,2009-04-22,2009,avril,mercredi,23:30,33,33522,0,0,2,1,3,5,1,4,3,02,1,1,000,000,1,0,1,4,1,30,0,1,4,00,2,1,1,200900030087A01,2,1,1
200900030094,2009-04-30,2009,avril,jeudi,13:55,33,33063,0,0,2,2,6,1,2,4,2,02,1,1,040,010,2,0,1,4,1,19,0,1,2,00,1,1,2,200900030094A01,,,
200900030098,2009-04-08,2009,avril,mercredi,16:15,33,33281,0,0,2,1,2,1,1,4,2,02,1,1,000,073,1,0,1,3,1,68,5,1,9,00,0,4,1,200900030098B01,7,1,1
200900030103,2009-04-01,2009,avril,mercredi,12:20,33,33063,0,0,2,3,1,1,1,4,1,01,1,1,000,041,1,0,1,4,2,21,0,1,2,00,2,1,5,200900030103A01,7,0,1
200900030110,2009-04-21,2009,avril,mardi,18:50,33,33281,0,0,2,2,3,1,1,4,2,02,1,1,000,090,1,0,1,4,1,13,0,1,4,00,2,1,15,200900030110B01,7,1,1
200900030124,2009-04-06,2009,avril,lundi,19:00,33,33063,0,0,2,1,3,1,1,4,3,05,1,1,000,000,1,4,1,3,2,27,0,1,4,00,0,2,1,200900030124A01,40,1,1
200900030128,2009-04-06,2009,avril,lundi,17:22,33,33063,0,0,2,3,3,1,1,4,3,02,1,1,000,000,1,5,1,3,1,28,0,1,4,00,4,1,15,200900030128A01,40,1,1
200900030131,2009-04-06,2009,avril,lundi,14:51,33,33063,0,0,2,1,3,1,1,4,1,01,1,1,000,030,1,5,1,3,2,22,0,1,4,00,2,4,1,200900030131B01,7,1,1
200900030132,2009-04-05,2009,avril,dimanche,20:30,33,33243,0,0,2,3,3,2,1,4,1,01,2,2,000,070,1,0,1,2,1,77,5,1,9,01,2,1,1,200900030132B01,7,23,1
200900030157,2009-04-09,2009,avril,jeudi,17:45,33,33227,0.00004,NaN,2,6,7,1,1,3,2,02,1,2,000,000,3,5,1,3,2,72,3,1,2,00,0,0,2,200900030157A01,,,
200900030163,2009-04-15,2009,avril,mercredi,19:00,33,33106,0.00004,NaN,1,1,3,1,1,3,2,02,3,3,000,060,1,0,1,3,1,53,5,1,2,00,2,8,1,200900030163B02,7,17,1
200900030187,2009-04-14,2009,avril,mardi,14:25,33,33529,0,0,2,9,2,1,1,4,2,02,1,1,000,081,1,0,1,4,1,17,2,1,9,00,0,6,1,200900030187B01,7,1,1
200900030236,2009-05-22,2009,mai,vendredi,95:0,33,33063,0,0,2,3,6,1,1,4,1,01,1,1,000,000,1,0,1,1,2,14,5,1,9,00,2,3,13,200900030236A01,33,21,1
200900030242,2009-05-19,2009,mai,mardi,14:35,33,33063,0,0,2,3,3,1,1,4,2,02,1,1,000,000,1,0,1,4,1,28,0,1,9,00,0,0,1,200900030242B01,7,1,1
200900030246,2009-05-11,2009,mai,lundi,71:0,33,33063,0,0,2,1,3,1,1,4,3,04,1,1,000,000,2,0,1,4,1,20,0,1,9,00,4,1,19,200900030246A01,40,1,1
200900030259,2009-05-16,2009,mai,samedi,21:05,33,33063,0,0,2,1,1,1,1,4,3,02,1,1,000,000,1,0,5,4,1,52,0,1,9,00,2,1,1,200900030259A01,99,0,1
200900030268,2009-05-20,2009,mai,mercredi,91:5,33,33119,0,0,2,1,3,1,1,4,3,02,1,1,000,000,1,0,5,4,1,32,0,1,9,00,2,0,1,200900030268B01,7,22,1
200900030275,2009-05-07,2009,mai,jeudi,74:0,33,33192,0,0,2,4,3,1,1,4,1,00,1,1,000,024,1,0,1,4,1,26,0,1,2,00,2,1,2,200900030275B01,7,16,1
200900030281,2009-05-10,2009,mai,dimanche,42:5,33,33063,0,0,2,1,6,5,1,4,3,04,1,1,000,000,1,4,1,3,2,36,5,1,4,00,0,4,1,200900030281B01,33,2,1
200900030281,2009-05-10,2009,mai,dimanche,42:5,33,33063,0,0,2,1,6,5,1,4,3,04,1,1,000,000,1,4,1,3,2,24,5,1,4,00,0,4,1,200900030281B01,33,2,1
200900030304,2009-05-13,2009,mai,mercredi,11:20,33,33281,0,0,2,1,1,1,1,4,2,02,1,3,000,055,1,0,1,4,1,14,0,1,4,00,2,1,13,200900030304A01,7,23,1
200900030329,2009-05-29,2009,mai,vendredi,12:00,33,33063,0,0,2,3,1,1,1,4,2,02,1,1,000,090,1,0,1,4,2,54,0,1,9,00,2,1,1,200900030329A01,7,15,1
200900030353,2009-05-16,2009,mai,samedi,80:0,33,33289,0.00004,0,2,1,1,1,1,3,2,02,-1,1,068,000,1,0,1,3,1,67,5,1,2,00,2,8,1,200900030353B02,3,15,1
200900030363,2009-05-06,2009,mai,mercredi,14:45,33,33165,0,0,1,1,5,1,1,3,2,02,1,1,000,000,1,0,1,3,1,75,5,1,2,00,2,8,1,200900030363C03,7/ 33,19/1,2
200900030369,2009-05-09,2009,mai,samedi,14:00,33,33437,0,0,2,1,3,1,1,4,2,01,-1,2,000,043,1,0,1,3,2,60,5,1,2,00,2,7,1,200900030369B02,7,13,1
200900030373,2009-05-17,2009,mai,dimanche,14:30,33,33122,0,0,1,6,3,1,1,3,-1,02,1,2,000,080,1,0,1,3,1,62,5,1,2,00,2,7,1,200900030373B02,7,9,1
200900030377,2009-05-31,2009,mai,dimanche,11:45,33,33095,0.00004,NaN,2,1,1,1,1,3,2,00,1,3,000,000,1,0,1,4,1,77,3,1,1,00,2,1,1,200900030377B02,7,1,1
200900030414,2009-05-15,2009,mai,vendredi,17:55,33,33063,0,0,2,2,3,1,1,4,1,01,1,1,000,025,1,0,1,1,1,27,0,1,9,00,0,5,1,200900030414A01,32,1,1
200900030453,2009-06-21,2009,juin,dimanche,20:45,33,33522,0,0,2,1,2,1,1,4,1,01,1,1,015,058,1,0,1,4,1,29,0,1,2,00,2,2,1,200900030453B01,7,20,1
200900030469,2009-06-02,2009,juin,mardi,82:0,33,33063,0,0,2,1,3,1,1,4,1,01,1,1,000,000,1,0,1,4,2,52,1,1,9,00,2,1,0,200900030469B01,7,22,1
200900030473,2009-06-26,2009,juin,vendredi,90:5,33,33063,0,0,2,3,3,1,1,4,2,02,1,1,000,000,1,0,1,4,1,23,0,1,9,00,0,8,19,200900030473A01,7,1,1
200900030483,2009-06-23,2009,juin,mardi,11:30,33,33063,0,0,2,1,3,1,1,4,2,02,2,2,000,000,1,0,1,4,2,29,0,1,9,00,0,8,0,200900030483B01,7,0,1
200900030486,2009-06-30,2009,juin,mardi,17:20,33,33063,0,0,2,2,3,1,1,4,1,01,1,1,000,000,1,0,1,4,2,14,0,1,9,00,2,1,1,200900030486A01,7,1,1
200900030515,2009-06-29,2009,juin,lundi,11:00,33,33063,0,0,2,1,6,1,1,4,2,02,1,1,000,060,1,0,1,4,1,18,0,1,2,00,2,8,1,200900030515B01,32/ 7,1/22,2
200900030519,2009-06-03,2009,juin,mercredi,12:00,33,33039,0,0,2,3,3,1,1,4,2,00,1,1,000,061,1,0,1,3,1,17,0,1,2,00,0,4,16,200900030519A01,7,2,1
200900030521,2009-06-17,2009,juin,mercredi,17:50,33,33063,0,0,2,3,3,1,1,4,3,02,1,1,000,000,1,4,1,4,1,47,0,1,9,00,2,1,1,200900030521B01,7,15,1
200900030523,2009-06-19,2009,juin,vendredi,65:0,33,33063,0,0,2,3,2,2,1,4,2,02,1,1,000,063,1,0,1,4,2,42,0,1,9,00,2,0,1,200900030523B01,7,4,1
200900030544,2009-06-20,2009,juin,samedi,11:15,33,33063,0,0,2,2,3,1,1,4,3,00,1,1,000,000,1,0,1,4,1,72,0,1,2,00,0,2,2,200900030544B01,7,15,1
200900030551,2009-06-04,2009,juin,jeudi,17:00,33,33251,0,0,2,1,3,1,1,3,2,00,1,1,000,054,1,0,1,3,2,18,5,1,1,00,2,8,15,200900030551B02,7,17,1
200900030614,2009-06-14,2009,juin,dimanche,20:30,18,18233,0,0,2,1,2,1,1,3,-1,02,2,1,000,065,1,2,1,3,2,54,5,1,9,00,2,6,1,200900030614B02,7,17,1
200900030618,2009-06-14,2009,juin,dimanche,11:05,18,18205,0,0,2,2,1,1,8,3,2,02,1,1,020,160,2,5,0,4,1,60,5,1,9,00,2,1,1,200900030618B01,10,15,1
200900030634,2009-06-25,2009,juin,jeudi,21:36,18,18033,0,0,2,2,1,1,1,4,2,00,2,2,000,060,1,0,1,4,2,18,5,1,9,00,2,1,5,200900030634A01,7,1,1
200900030650,2009-07-25,2009,juillet,samedi,80:0,33,33005,0,0,2,2,3,1,1,4,2,00,-1,1,000,047,1,0,1,3,1,68,5,1,1,00,0,7,1,200900030650A01,7,1,1
200900030661,2009-07-29,2009,juillet,mercredi,10:15,33,33122,0,0,2,1,2,1,1,3,2,02,1,1,000,087,1,0,1,3,1,61,5,1,2,00,0,4,15,200900030661A01,7,17,1
200900030716,2009-07-08,2009,juillet,mercredi,20:00,33,33063,0,0,2,1,6,1,1,4,3,04,1,1,000,000,1,0,5,4,1,74,0,1,9,00,0,0,1,200900030716B01,7,4,1
200900030724,2009-07-15,2009,juillet,mercredi,17:25,33,33281,0,0,2,1,3,1,1,4,3,02,1,1,028,120,1,0,1,3,1,31,1,1,2,00,2,1,1,200900030724A01,7,15,1
200900030731,2009-07-07,2009,juillet,mardi,21:15,33,33063,0,0,2,2,2,1,1,4,3,02,1,1,000,041,1,4,1,4,1,25,0,1,9,00,0,4,1,200900030731B01,7,1,1
200900030757,2009-07-29,2009,juillet,mercredi,17:00,33,33063,0,0,2,1,2,1,1,4,2,02,1,1,000,110,1,0,1,4,1,29,0,1,9,09,2,1,1,200900030757A01,7,15,1
200900030758,2009-07-16,2009,juillet,jeudi,17:55,33,33063,0,0,2,1,6,1,1,4,1,02,1,1,000,000,1,0,5,4,1,26,0,1,9,01,0,1,1,200900030758B01,7,22,1
200900030775,2009-07-20,2009,juillet,lundi,11:,33,33063,0,0,2,2,3,5,1,4,2,02,1,1,000,066,1,5,1,4,1,22,0,1,4,00,2,1,1,200900030775B01,7,23,1
200900030778,2009-07-16,2009,juillet,jeudi,21:55,33,33550,0,0,2,1,6,5,1,4,1,01,1,1,015,037,1,0,1,3,1,46,5,1,4,00,2,1,1,200900030778B01,7,24,1
200900030790,2009-07-29,2009,juillet,mercredi,94:5,33,33529,0,0,2,1,2,1,1,4,1,01,1,1,000,060,1,0,1,4,1,78,4,1,9,00,2,4,23,200900030790B01,7,1,1
200900030797,2009-07-26,2009,juillet,dimanche,16:50,33,33529,0,0,1,2,3,1,1,3,2,02,1,1,000,065,1,0,1,3,1,22,5,1,2,00,2,7,19,200900030797A01,7,1,1
200900030800,2009-07-30,2009,juillet,jeudi,16:40,33,33063,0,0,2,1,6,1,1,4,3,04,1,1,000,075,1,0,1,4,1,28,0,1,2,00,2,1,1,200900030800B01,7,22/1,2
200900030811,2009-08-17,2009,août,lundi,10:00,70,70536,0.00004,0,1,1,1,1,1,3,2,02,1,1,000,070,1,0,1,3,1,43,5,1,2,00,2,8,1,200900030811D04,21,17,1
200900030812,2009-08-18,2009,août,mardi,11:00,70,70550,0,0,2,6,3,1,1,3,1,01,1,2,080,077,1,5,1,4,2,57,5,1,2,00,2,3,1,200900030812B01,7,16,1
200900030819,2009-08-05,2009,août,mercredi,18:20,33,33063,0,0,2,3,3,1,1,4,2,02,1,1,000,062,1,0,1,4,2,44,1,1,9,00,2,1,1,200900030819B01,7,16,1
200900030824,2009-08-12,2009,août,mercredi,10:30,33,33063,0,0,2,3,3,1,1,4,1,02,1,1,000,054,1,0,5,4,2,45,4,1,9,00,2,1,5,200900030824A01,7,16,1
200900030839,2009-08-05,2009,août,mercredi,17:45,33,33039,0,0,2,1,1,1,1,4,2,02,1,1,000,078,1,0,1,4,1,19,0,1,9,00,2,1,19,200900030839B01,7,1,1
200900030841,2009-08-13,2009,août,jeudi,14:50,33,33063,0,0,2,2,3,1,1,4,1,02,1,1,000,000,1,0,1,3,1,30,0,1,9,00,0,8,1,200900030841A01,99,1,1
200900030848,2009-08-12,2009,août,mercredi,19:56,33,33039,0,0,2,2,3,1,1,4,2,03,1,1,000,000,1,0,1,3,1,10,0,1,9,00,2,1,1,200900030848A01,7,1,1
200900030869,2009-08-29,2009,août,samedi,15:30,33,33015,0,0,1,1,1,1,1,3,-1,00,1,-1,000,043,1,0,0,3,1,38,5,1,2,00,0,1,1,200900030869A01,2,1,1
200900030884,2009-08-26,2009,août,mercredi,18:00,33,33063,0,0,2,1,6,1,1,4,3,01,1,1,000,052,1,0,1,3,2,29,9,1,2,00,2,0,2,200900030884B01,16,2,1
200900030891,2009-08-21,2009,août,vendredi,21:45,33,33063,0,0,2,1,3,5,1,4,1,02,1,1,000,000,1,0,1,4,2,34,0,1,9,00,0,3,10,200900030891A01,7,1,1
200900030899,2009-08-17,2009,août,lundi,12:00,33,33318,0,0,2,6,3,1,1,4,2,02,1,1,000,000,1,0,1,4,2,19,1,1,9,00,2,1,2,200900030899B01,7,0,1
200900030925,2009-01-15,2009,janvier,jeudi,16:00,83,83137,0,0,2,1,3,1,1,4,2,02,1,1,000,090,1,0,1,4,1,62,5,1,9,00,2,6,19,200900030925B01,7,1,1
200900030926,2009-01-16,2009,janvier,vendredi,74:0,83,83137,0,0,2,1,3,1,1,4,-1,01,1,-1,000,000,1,0,0,3,1,37,1,1,2,00,2,3,9,200900030926B01,17,0,1
200900030932,2009-07-03,2009,juillet,vendredi,13:45,71,71448,0,0,2,9,1,1,1,3,2,02,1,1,000,000,1,0,3,3,1,37,1,1,4,00,2,1,0,200900030932B02,30,0,1
200900030946,2009-07-29,2009,juillet,mercredi,14:45,71,71110,0.00004,0,1,1,2,1,1,3,2,02,1,1,000,070,1,0,1,3,1,39,5,1,4,00,2,4,2,200900030946B02,10,2,1
200900030960,2009-07-20,2009,juillet,lundi,12:25,71,71270,0,0,2,3,3,1,1,4,1,01,1,1,000,000,1,2,1,4,1,36,1,1,9,00,2,7,1,200900030960B01,7,19,1
200900030961,2009-07-22,2009,juillet,mercredi,19:05,71,71153,0,0,2,3,3,1,1,4,2,02,1,1,000,064,1,0,1,4,2,8,5,1,9,00,2,1,1,200900030961A01,7,1,1
200900030966,2009-07-29,2009,juillet,mercredi,91:0,71,71270,0,0,2,6,3,1,1,4,2,02,1,2,000,000,1,0,1,3,1,69,5,1,9,00,2,1,1,200900030966B01,7,9,1
200900030989,2009-08-07,2009,août,vendredi,10:30,71,71082,0.00004,0,1,1,1,1,1,2,2,02,4,1,000,073,1,0,0,3,2,21,5,1,2,00,0,0,1,200900030989A01,17,3,1
200900031000,2009-08-15,2009,août,samedi,11:45,71,71074,0,0,1,1,3,1,1,3,2,02,1,1,000,062,1,0,1,4,1,53,5,1,2,00,2,1,1,200900031000B02,7,19,1
200900031005,2009-08-18,2009,août,mardi,14:45,71,71014,0,0,2,1,6,1,1,4,2,02,1,1,000,062,1,0,1,1,1,17,1,1,2,00,1,1,2,200900031005A01,,,
200900031014,2009-08-28,2009,août,vendredi,19:00,71,71373,0,0,2,1,2,1,1,3,2,02,1,1,000,038,1,0,1,3,1,80,5,1,2,00,2,4,2,200900031014B02,7,2,1
200900031088,2009-08-05,2009,août,mercredi,10:15,36,36200,0.00004,0,1,3,3,1,1,3,2,02,4,1,032,111,1,5,1,3,2,36,5,1,2,00,0,8,1,200900031088B02,7,12,1
200900031089,2009-08-09,2009,août,dimanche,35:5,36,36044,0.00004,0,2,1,7,5,1,4,2,02,1,1,000,075,1,0,1,4,1,21,1,1,4,00,0,0,14,200900031089A01,,,
200900031091,2009-08-11,2009,août,mardi,81:5,36,36044,0.00004,0,2,3,3,1,1,4,2,02,1,1,000,062,1,0,1,4,2,18,5,1,4,00,2,1,1,200900031091A01,7,1,1
200900031103,2009-08-28,2009,août,vendredi,22:15,36,36044,0.00004,0,2,1,7,5,1,4,2,02,1,1,000,110,1,0,1,4,1,49,5,1,4,00,0,0,14,200900031103A01,,,
200900031150,2009-09-16,2009,septembre,mercredi,16:00,36,36044,0.00004,0,2,1,2,1,2,4,2,02,1,1,000,000,2,0,1,4,1,45,9,1,2,00,2,4,23,200900031150B01,7,1,1
200900031172,2009-05-07,2009,mai,jeudi,14:50,69,69386,0,0,2,4,2,1,1,4,2,04,1,1,000,000,1,0,1,4,2,32,1,1,9,00,0,4,15,200900031172B01,7,16,1
200900031175,2009-05-07,2009,mai,jeudi,21:40,69,69259,0,0,2,3,3,5,9,4,2,01,1,1,000,080,2,0,0,4,1,16,5,1,9,00,2,7,1,200900031175A01,7,1,1
200900031180,2009-05-09,2009,mai,samedi,21:10,69,69266,0,0,2,2,6,5,1,4,2,02,1,1,000,100,1,0,1,4,2,21,5,1,2,00,2,1,0,200900031180B01,7,15,1
200900031189,2009-05-12,2009,mai,mardi,22:20,69,69388,0,0,2,1,3,5,1,4,1,02,1,1,000,064,1,0,1,4,1,17,0,1,9,00,2,8,19,200900031189A01,7,1,1
200900031197,2009-05-14,2009,mai,jeudi,54:5,69,69266,0,0,2,1,6,2,2,4,1,00,1,1,000,100,1,0,1,3,1,41,1,1,2,00,2,0,0,200900031197B01,10,1,1
200900031213,2009-05-02,2009,mai,samedi,14:50,69,69286,0,0,1,2,6,1,1,4,,,,,,,,,,3,1,54,0,1,2,00,2,1,19,200900031213B02,7,1,1
200900031220,2009-05-01,2009,mai,vendredi,17:20,69,69386,0,0,2,2,3,1,1,4,1,04,1,1,000,000,1,0,1,1,1,19,0,1,9,00,2,4,14,200900031220A01,30,1,1
200900031251,2009-05-19,2009,mai,mardi,15:40,69,69382,0,0,2,2,5,1,1,4,1,03,1,1,000,085,1,5,1,4,2,29,0,1,9,00,0,8,23,200900031251C01,33/ 7,2/0,2
200900031252,2009-05-19,2009,mai,mardi,17:20,69,69383,0,0,2,1,3,1,1,4,1,02,1,1,000,000,1,0,4,4,1,8,5,1,9,00,2,8,1,200900031252B01,7,1,1
200900031254,2009-05-19,2009,mai,mardi,20:45,69,69383,0,0,2,2,3,1,1,4,2,01,1,1,000,000,1,0,5,3,1,29,1,1,2,00,2,1,1,200900031254B01,7,15,1
200900031266,2009-05-21,2009,mai,jeudi,23:30,69,69389,0,0,2,2,3,5,1,4,2,04,1,1,000,120,1,0,1,3,1,28,5,1,9,00,2,1,19,200900031266A01,7,1,1
200900031276,2009-05-24,2009,mai,dimanche,20:00,69,69388,0,0,2,1,3,1,1,4,2,02,1,1,000,064,1,0,1,3,1,12,0,1,9,00,2,8,19,200900031276B01,7,1,1
200900031287,2009-05-27,2009,mai,mercredi,30:,69,69029,0,0,2,1,6,5,1,4,3,03,1,1,012,121,1,0,1,4,1,21,5,1,2,00,2,4,1,200900031287B01,7,15,1
200900031306,2009-05-31,2009,mai,dimanche,15:00,69,69256,0,0,1,1,3,1,1,9,2,02,1,2,000,053,1,0,1,4,1,22,5,1,9,00,2,1,1,200900031306B01,30,1,1
200900031314,2009-05-21,2009,mai,jeudi,10:45,69,69086,0,0,1,6,3,1,1,2,-1,00,1,2,000,000,1,5,1,3,1,48,5,1,2,00,2,1,1,200900031314B02,7,16,1
200900031317,2009-05-20,2009,mai,mercredi,17:45,69,69244,0,0,2,1,3,1,1,3,2,02,2,1,000,000,1,0,1,3,1,41,5,1,2,00,2,1,1,200900031317B02,7,15,1
200900031338,2009-05-26,2009,mai,mardi,13:00,69,69387,0,0,2,1,6,1,2,9,-1,00,1,1,000,000,2,6,4,1,1,23,1,1,9,00,1,0,0,200900031338A01,,,
200900031338,2009-05-26,2009,mai,mardi,13:00,69,69387,0,0,2,1,6,1,2,9,-1,00,1,1,000,000,2,6,4,4,2,60,1,1,9,00,1,0,0,200900031338A01,,,
200900031349,2009-05-25,2009,mai,lundi,15:0,69,69387,0,0,2,1,2,5,1,4,1,03,1,1,000,083,1,0,1,4,1,19,5,1,9,00,9,0,1,200900031349B01,7,1,1
200900031349,2009-05-25,2009,mai,lundi,15:0,69,69387,0,0,2,1,2,5,1,4,1,03,1,1,000,083,1,0,1,4,1,18,5,1,9,00,9,0,1,200900031349B01,7,1,1
200900031362,2009-05-14,2009,mai,jeudi,75:5,35,35055,0,0,1,1,2,1,1,4,2,02,2,1,000,060,1,0,1,4,1,52,1,1,2,00,2,1,2,200900031362A01,1,2,1
200900031362,2009-05-14,2009,mai,jeudi,75:5,35,35055,0,0,1,1,2,1,1,4,2,02,2,1,000,060,1,0,1,4,1,71,5,1,9,00,2,4,2,200900031362B01,1,2,1
200900031364,2009-05-08,2009,mai,vendredi,16:10,35,35288,0,0,2,3,3,1,1,4,2,02,1,1,000,000,1,0,1,4,1,15,5,1,2,00,2,0,15,200900031364B01,7,1,1
200900031392,2009-05-26,2009,mai,mardi,83:0,35,35047,0,0,2,1,6,1,2,9,2,00,1,1,000,000,2,0,1,4,1,17,2,1,1,00,1,1,1,200900031392A01,,,
200900031402,2009-05-05,2009,mai,mardi,16:55,35,35238,0,0,2,3,3,1,1,4,2,02,-1,-1,000,060,1,0,1,4,2,20,5,1,8,00,2,1,1,200900031402B01,7,16,1
200900031407,2009-05-08,2009,mai,vendredi,17:40,35,35238,0,0,2,2,3,1,1,4,2,02,1,1,000,064,1,0,1,3,1,10,5,1,8,00,2,1,19,200900031407A01,7,1,1
200900031411,2009-05-09,2009,mai,samedi,16:40,35,35238,0,0,2,1,7,1,1,4,2,02,1,1,000,060,1,0,1,4,1,14,5,1,8,00,2,1,2,200900031411B01,1,2,1
200900031411,2009-05-09,2009,mai,samedi,16:40,35,35238,0,0,2,1,7,1,1,4,2,02,1,1,000,060,1,0,1,4,1,14,5,1,8,00,2,1,2,200900031411A01,1,2,1
200900031415,2009-05-12,2009,mai,mardi,85:0,35,35238,0,0,2,2,3,1,8,4,2,02,1,1,000,060,1,0,1,3,1,60,5,1,2,00,2,1,1,200900031415B01,7,15,1
200900031424,2009-05-22,2009,mai,vendredi,10:40,35,35238,0,0,2,1,7,1,1,4,2,02,1,1,000,000,1,0,1,3,2,81,5,1,8,00,0,1,1,200900031424A01,,,
200900031436,2009-01-12,2009,janvier,lundi,10:20,35,35288,0,0,2,6,3,1,1,3,1,02,-1,3,000,000,1,5,1,3,1,74,0,1,2,00,2,0,1,200900031436B01,7,1,1
200900031439,2009-08-04,2009,août,mardi,74:5,37,37240,0.00004,0,1,1,1,1,1,2,3,01,1,-1,026,124,1,0,1,2,1,78,5,1,4,00,2,8,13,200900031439B02,7,17,1
200900031440,2009-08-04,2009,août,mardi,18:30,37,37132,0,0,2,1,1,1,1,3,2,00,-1,3,000,050,1,0,1,3,1,40,5,1,1,00,2,1,13,200900031440A01,7,1,1
200900031448,2009-08-21,2009,août,vendredi,12:15,37,37269,0,0,1,1,2,1,1,3,2,00,1,1,000,000,1,5,1,3,2,46,5,1,2,00,0,4,13,200900031448A01,7,17,1
200900031453,2009-08-27,2009,août,jeudi,11:45,37,37062,0.00004,0,2,1,1,1,1,3,2,00,1,1,000,050,1,0,1,3,1,68,3,1,2,01,0,1,1,200900031453B02,7,22,1
200900031456,2009-08-18,2009,août,mardi,19:30,37,37261,0,0,2,3,3,1,1,4,3,04,1,1,040,140,1,0,1,4,1,12,5,1,9,00,2,8,15,200900031456A01,7,1,1
200900031465,2009-08-31,2009,août,lundi,75:5,37,37195,0,0,2,6,3,1,1,3,2,00,1,1,000,000,1,0,1,4,1,56,5,1,9,00,2,7,1,200900031465B01,7,1,1
200900031481,2009-08-16,2009,août,dimanche,22:29,37,37261,0,0,2,1,7,5,1,4,2,04,1,1,000,210,1,2,4,4,2,79,5,1,4,10,0,0,1,200900031481A01,,,
200900031482,2009-08-19,2009,août,mercredi,10:40,37,37122,0,0,1,2,3,1,1,3,3,02,1,1,010,130,1,0,1,4,1,9,5,1,2,00,2,7,1,200900031482B01,7,15,1
200900031494,2009-08-07,2009,août,vendredi,16:52,37,37261,0,0,2,1,7,1,1,4,2,04,-1,-1,000,170,1,0,1,4,2,27,9,1,9,00,0,0,0,200900031494A01,7,0,1
200900031502,2009-05-27,2009,mai,mercredi,14:00,31,31490,0.00004,0,2,1,6,1,1,3,2,02,1,1,000,065,1,0,1,4,1,58,5,1,8,00,0,0,1,200900031502B01,7,17,1
200900031504,2009-08-18,2009,août,mardi,91:9,47,47001,0.00004,0,2,3,2,1,1,3,2,04,1,1,000,125,1,0,1,3,1,81,5,1,2,00,2,4,17,200900031504B01,7,15,1
200900031506,2009-09-26,2009,septembre,samedi,12:19,49,49007,0,0,2,1,7,1,1,4,2,02,1,1,000,078,1,0,4,4,1,24,9,1,2,00,0,0,1,200900031506A01,,,
200900031508,2009-09-07,2009,septembre,lundi,11:52,49,49007,0,0,2,1,7,1,1,6,-1,00,1,1,000,000,1,0,1,4,1,18,5,1,2,00,0,0,0,200900031508A01,,,
200900031534,2009-09-14,2009,septembre,lundi,19:02,49,49007,0,0,2,1,7,1,1,4,2,02,1,1,000,060,1,0,4,4,1,12,9,1,2,00,0,0,0,200900031534A01,,,
200900031538,2009-09-11,2009,septembre,vendredi,12:55,49,49007,0,0,2,1,3,1,1,4,-1,02,1,1,000,078,-1,0,1,4,2,43,0,1,2,00,2,0,0,200900031538B01,7,16,1