Num_Acc,date,an,mois,jour,hrmn,dep,com,lat,long,agg,int,col,lum,atm,catr,circ,nbv,prof,plan,lartpc,larrout,surf,infra,situ,grav,sexe,age,trajet,secuexist,equipement,obs,obsm,choc,manv,vehiculeid,typevehicules,manoeuvehicules,numVehicules
200900031540,2009-09-15,2009,septembre,mardi,11:02,49,49007,0,0,2,1,7,1,2,4,1,03,1,1,000,077,1,0,1,4,2,62,5,1,2,00,0,0,1,200900031540A01,,,
200900031542,2009-09-02,2009,septembre,mercredi,85:2,49,49007,0,0,2,1,3,1,1,4,1,01,1,1,000,042,1,0,1,4,1,53,0,1,9,00,2,1,1,200900031542A01,7,15,1
200900031546,2009-09-07,2009,septembre,lundi,81:8,49,49007,0,0,2,1,3,1,1,4,2,02,1,1,000,073,1,0,1,4,2,35,1,1,9,00,2,4,1,200900031546B01,7,15,1
200900031576,2009-09-25,2009,septembre,vendredi,12:10,49,49328,0,0,2,1,2,1,1,4,2,02,1,-1,000,000,1,0,1,4,1,15,5,1,9,00,2,1,2,200900031576A01,7,2,1
200900031583,2009-08-18,2009,août,mardi,74:5,30,30032,0.00004,0,1,6,3,1,1,3,-1,02,1,1,000,000,1,5,1,4,1,67,5,1,2,00,2,0,0,200900031583B01,7,9,1
200900031603,2009-08-10,2009,août,lundi,12:15,30,30293,0.00004,0,1,1,7,1,1,3,2,02,2,1,000,056,1,0,1,3,2,49,5,1,1,00,0,0,1,200900031603A01,,,
200900031605,2009-08-10,2009,août,lundi,71:5,30,30341,0.00004,0,2,1,1,1,1,3,2,00,-1,1,000,000,1,0,1,3,2,64,5,1,2,00,2,8,19,200900031605B02,7,4,1
200900031616,2009-08-14,2009,août,vendredi,93:0,30,30089,0.00004,0,1,1,1,1,7,3,2,02,-1,1,000,042,1,5,1,3,1,46,5,1,2,00,2,3,1,200900031616B02,7,15,1
200900031643,2009-08-27,2009,août,jeudi,80:0,30,30028,0.00004,0,2,3,6,1,1,4,1,01,3,1,000,030,1,6,0,3,2,51,1,1,2,00,9,1,5,200900031643A01,1,5,1
200900031643,2009-08-27,2009,août,jeudi,80:0,30,30028,0.00004,0,2,3,6,1,1,4,1,01,3,1,000,030,1,6,0,1,2,52,1,1,2,00,0,0,5,200900031643B01,1,5,1
200900031644,2009-08-27,2009,août,jeudi,11:00,30,30283,0.00004,0,1,1,1,1,1,3,2,00,2,2,039,049,9,0,1,4,1,42,5,1,2,00,2,1,1,200900031644B02,7,1,1
200900031652,2009-08-31,2009,août,lundi,16:15,30,30169,0,0,2,2,3,1,1,4,2,00,1,1,000,032,1,0,1,3,1,15,5,1,1,00,2,1,19,200900031652A01,7,1,1
200900031683,2009-08-19,2009,août,mercredi,11:00,05,05179,0,0,1,1,3,1,1,3,3,02,1,1,018,071,1,5,1,3,1,59,5,1,2,00,,1,1,200900031683A01,10,17,1
200900031685,2009-08-01,2009,août,samedi,11:00,05,05023,0,0,2,3,3,1,1,3,2,02,2,1,000,080,1,0,1,3,1,55,5,1,2,00,,1,1,200900031685B01,7,15,1
200900031689,2009-08-08,2009,août,samedi,12:45,05,05023,0,0,2,4,3,1,1,2,2,02,2,2,000,082,1,0,1,4,1,40,5,1,2,00,2,1,17,200900031689A01,7,15,1
200900031728,2009-06-28,2009,juin,dimanche,10:45,35,35128,0.00004,NaN,1,1,5,1,1,3,2,02,1,1,000,058,1,0,1,2,1,61,5,1,2,00,2,3,13,200900031728B02,7,1,1
200900031728,2009-06-28,2009,juin,dimanche,10:45,35,35128,0.00004,NaN,1,1,5,1,1,3,2,02,1,1,000,058,1,0,1,1,1,56,5,1,2,00,9,5,17,200900031728C03,7,1,1
200900031731,2009-06-27,2009,juin,samedi,50:0,35,35238,0,0,2,3,6,5,1,4,2,02,1,1,000,060,1,0,1,4,1,34,5,1,8,11,0,0,15,200900031731A01,,,
200900031738,2009-06-25,2009,juin,jeudi,85:5,35,35238,0,0,2,2,3,1,7,4,1,01,2,1,000,045,1,5,1,4,1,26,1,1,8,00,2,6,1,200900031738B01,7,15,1
200900031746,2009-06-19,2009,juin,vendredi,14:45,35,35238,0,0,2,1,3,1,1,4,1,01,1,1,000,030,1,0,1,4,1,82,5,1,2,00,2,1,1,200900031746B01,7,22,1
200900031747,2009-06-26,2009,juin,vendredi,17:20,35,35238,0,0,2,1,7,1,1,4,2,02,1,1,000,060,1,0,1,4,1,27,1,1,8,00,2,1,1,200900031747B01,7,15,1
200900031748,2009-06-10,2009,juin,mercredi,10:00,35,35115,0,0,2,1,3,1,1,9,-1,00,2,-1,000,000,1,0,1,4,2,23,1,1,9,00,2,1,6,200900031748B01,7,6,1
200900031755,2009-06-13,2009,juin,samedi,15:40,35,35352,0,0,2,3,3,1,1,4,2,02,3,1,000,000,1,0,1,4,2,19,1,1,2,00,2,1,19,200900031755B01,7,1,1
200900031775,2009-06-05,2009,juin,vendredi,10:00,35,35278,0,0,2,1,2,1,7,3,3,02,1,1,000,060,1,0,1,4,1,96,5,1,2,00,2,4,1,200900031775B01,7,2,1
200900031780,2009-06-04,2009,juin,jeudi,16:50,35,35238,0,0,2,2,3,1,1,4,2,02,-1,-1,000,060,1,5,1,4,2,43,5,1,2,00,2,0,1,200900031780B01,10,15,1
200900031794,2009-06-03,2009,juin,mercredi,18:30,69,69259,0,0,2,1,3,1,1,4,1,03,1,1,000,093,1,0,1,4,1,17,0,1,9,00,2,7,0,200900031794A01,7,0,1
200900031799,2009-06-05,2009,juin,vendredi,74:5,69,69034,0,0,2,1,3,1,1,4,2,02,1,1,000,070,1,0,1,4,1,17,2,1,9,00,2,0,19,200900031799B01,7,1,1
200900031804,2009-06-08,2009,juin,lundi,84:5,69,69259,0,0,2,3,1,1,1,4,1,01,2,1,000,030,1,0,1,4,1,22,1,1,2,00,2,1,5,200900031804A01,7,16,1
200900031814,2009-06-09,2009,juin,mardi,20:35,69,69383,0,0,2,2,3,1,1,4,2,03,1,1,000,000,1,0,1,4,1,15,0,1,9,00,2,1,1,200900031814A01,7,1,1
200900031822,2009-06-12,2009,juin,vendredi,18:40,69,69266,0,0,2,3,6,1,1,4,2,02,1,1,000,060,1,0,1,2,1,53,1,1,2,00,2,7,1,200900031822B01,7,1,1
200900031823,2009-06-12,2009,juin,vendredi,11:25,69,69096,0,0,2,1,3,1,1,4,2,02,1,1,000,000,1,0,1,3,1,62,5,1,9,00,2,7,1,200900031823B01,7,9,1
200900031830,2009-06-15,2009,juin,lundi,10:05,69,69383,0,0,2,1,3,1,1,4,1,01,1,1,000,000,1,0,1,4,1,37,0,1,9,00,0,1,1,200900031830B01,7,1,1
200900031835,2009-06-17,2009,juin,mercredi,13:15,69,69383,0,0,2,1,6,1,1,4,1,01,1,1,000,000,1,0,1,1,1,9,0,1,9,00,1,1,1,200900031835A01,,,
200900031835,2009-06-17,2009,juin,mercredi,13:15,69,69383,0,0,2,1,6,1,1,4,1,01,1,1,000,000,1,0,1,4,1,54,1,1,9,00,1,1,1,200900031835A01,,,
200900031848,2009-06-24,2009,juin,mercredi,10:00,69,69383,0,0,2,2,6,1,1,4,1,01,1,1,000,000,1,0,1,3,2,81,0,1,9,00,2,0,1,200900031848B01,7,1,1
200900031849,2009-06-29,2009,juin,lundi,94:0,69,69091,0,0,2,1,6,1,1,3,2,02,1,1,019,035,1,0,1,4,1,60,5,1,2,00,2,8,2,200900031849B01,15,1,1
200900031859,2009-06-29,2009,juin,lundi,19:00,69,69256,0,0,1,1,3,1,1,6,-1,00,1,1,000,000,1,0,0,4,2,30,4,1,2,00,2,3,1,200900031859B01,7,1,1
200900031961,2009-05-09,2009,mai,samedi,15:50,85,85166,0.00004,NaN,1,1,6,1,8,4,2,02,1,-1,000,000,1,0,1,3,1,61,5,1,9,00,2,4,1,200900031961B01,7,17,1
200900031967,2009-07-01,2009,juillet,mercredi,19:25,85,85166,0,0,1,1,5,1,1,3,3,02,1,2,000,000,1,0,5,4,2,69,5,1,9,00,2,4,1,200900031967C01,2,14,1
200900031967,2009-07-01,2009,juillet,mercredi,19:25,85,85166,0,0,1,1,5,1,1,3,3,02,1,2,000,000,1,0,5,4,1,76,5,1,9,00,2,4,6,200900031967B01,2,14,1
200900031969,2009-08-04,2009,août,mardi,82:5,85,85166,0.00004,NaN,2,1,2,1,1,4,-1,02,-1,-1,000,000,1,0,1,3,1,17,5,1,9,01,0,1,2,200900031969A01,99,23,1
200900031970,2009-08-08,2009,août,samedi,15:00,85,85060,0.00004,NaN,2,2,3,1,1,4,2,02,1,1,000,000,1,0,1,4,1,45,1,1,9,00,2,1,1,200900031970B01,7,19,1
200900031982,2009-09-30,2009,septembre,mercredi,15:30,70,70310,0,0,2,6,2,1,1,3,1,01,1,2,000,000,1,0,1,3,2,74,5,1,1,00,0,4,13,200900031982A01,7,1,1
200900031990,2009-06-30,2009,juin,mardi,20:05,88,88413,0.00004,0,2,3,3,1,1,3,2,02,1,1,015,105,1,0,1,4,1,12,5,1,9,00,2,8,19,200900031990A01,7,1,1
200900031991,2009-08-27,2009,août,jeudi,19:35,88,88424,0.00004,0,2,3,3,1,1,4,2,02,4,1,000,105,1,0,1,3,1,13,5,1,9,00,2,8,0,200900031991A01,7,1,1
200900032002,2009-10-12,2009,octobre,lundi,15:15,85,85222,0,0,2,6,1,1,1,3,1,01,1,2,000,000,1,0,1,3,2,57,5,1,3,00,2,1,1,200900032002B02,7,16,1
200900032036,2009-09-29,2009,septembre,mardi,17:15,47,47205,0.00004,0,1,1,2,1,1,3,-1,02,1,1,000,080,1,0,1,3,1,60,5,1,1,00,0,4,1,200900032036B02,7,17,1
200900032067,2009-08-13,2009,août,jeudi,16:36,68,68297,0,0,2,6,3,1,1,3,1,02,1,2,000,000,1,5,1,3,1,70,5,1,2,00,2,1,1,200900032067B01,7,16,1
200900032070,2009-08-22,2009,août,samedi,11:00,68,68224,0,0,2,2,3,1,1,4,2,02,1,1,000,090,1,0,1,4,2,15,5,1,4,00,2,5,1,200900032070A01,7,1,1
200900032071,2009-08-24,2009,août,lundi,11:14,68,68224,0,0,2,3,3,1,1,3,2,03,1,1,000,120,1,0,1,4,1,79,5,1,9,00,2,1,19,200900032071A01,7,15,1
200900032078,2009-08-30,2009,août,dimanche,12:00,68,68040,0,0,2,1,1,1,1,3,2,02,4,3,000,046,1,0,1,3,1,69,5,1,2,00,2,1,17,200900032078A01,7,17,1
200900032105,2009-08-22,2009,août,samedi,11:12,68,68066,0,0,2,2,3,1,1,3,2,03,1,1,000,108,1,5,1,4,1,72,5,1,2,00,2,1,1,200900032105B01,7,15,1
200900032107,2009-06-27,2009,juin,samedi,12:10,38,38053,0,0,2,2,3,1,1,4,1,00,1,1,000,030,-1,0,5,4,1,16,0,1,9,00,2,1,5,200900032107A01,7,19,1
200900032162,2009-08-04,2009,août,mardi,12:20,40,40192,0,0,2,1,6,1,1,3,1,01,2,1,000,040,1,0,1,4,2,42,5,1,2,01,0,1,1,200900032162B01,7,22,1
200900032173,2009-09-23,2009,septembre,mercredi,15:10,27,27229,0.00004,0,2,1,3,1,1,4,2,02,1,1,000,080,1,0,1,4,1,10,5,1,2,00,2,7,19,200900032173B01,7,1,1
200900032179,2009-09-04,2009,septembre,vendredi,16:00,27,27229,0.00004,0,2,3,3,1,1,3,2,02,1,1,000,157,1,0,1,4,1,18,5,1,4,00,2,1,1,200900032179A01,7,16,1
200900032183,2009-09-10,2009,septembre,jeudi,19:15,27,27458,0.00004,0,2,1,2,1,7,3,2,02,1,1,000,000,1,0,1,3,1,61,9,1,1,00,2,4,2,200900032183B02,7,2,1
200900032259,2009-10-05,2009,octobre,lundi,84:5,51,51454,0,0,2,1,4,1,2,4,-1,02,1,1,000,080,2,0,1,3,1,34,0,1,9,00,2,0,0,200900032259A01,7,0,2
200900032284,2009-11-17,2009,novembre,mardi,92:0,75,75118,0,0,2,1,6,1,2,4,1,02,1,1,000,060,2,0,1,1,1,24,0,1,2,00,1,1,1,200900032284A01,,,
200900032298,2009-11-13,2009,novembre,vendredi,18:30,75,75101,0,0,2,3,6,5,1,4,-1,01,1,1,000,043,1,0,1,4,2,51,5,1,2,00,5,1,1,200900032298A01,,,
200900032303,2009-11-13,2009,novembre,vendredi,22:30,75,75105,0,0,2,5,6,5,1,4,2,02,1,1,000,191,1,5,1,4,1,38,0,1,2,00,2,6,1,200900032303A01,7,1,1
200900032313,2009-11-17,2009,novembre,mardi,17:00,75,75112,0,0,2,1,3,2,1,4,2,02,1,1,010,100,1,0,5,4,1,52,5,1,2,00,2,2,1,200900032313A01,10,23,1
200900032323,2009-11-16,2009,novembre,lundi,90:5,75,75112,0,0,2,1,2,1,2,4,1,04,1,1,000,132,2,0,1,4,1,54,1,1,2,00,2,6,23,200900032323B01,2,7,1
200900032341,2009-11-16,2009,novembre,lundi,18:22,75,75113,0,0,2,5,3,5,2,4,2,02,1,1,000,143,2,0,1,4,2,28,1,1,2,00,2,8,1,200900032341A01,7,15,1
200900032354,2009-11-18,2009,novembre,mercredi,12:40,75,75101,0,0,2,2,6,1,1,4,2,03,1,1,000,040,1,0,1,1,1,52,0,1,2,00,1,1,7,200900032354A01,,,
200900032357,2009-11-18,2009,novembre,mercredi,14:50,75,75104,0,0,2,2,3,1,1,4,2,04,1,1,000,210,1,2,1,4,1,77,5,1,2,00,2,3,7,200900032357B01,7,21,1
200900032365,2009-11-18,2009,novembre,mercredi,18:55,75,75111,0,0,2,2,3,5,1,4,-1,01,1,1,000,070,1,0,1,4,2,25,9,1,2,00,2,1,1,200900032365B01,10,1,1
200900032370,2009-11-19,2009,novembre,jeudi,81:5,75,75117,0,0,2,5,3,1,1,4,1,01,1,1,120,080,1,0,1,4,2,46,0,1,2,00,2,2,1,200900032370B01,7,13,1
200900032375,2009-11-19,2009,novembre,jeudi,92:0,75,75108,0,0,2,1,6,1,1,4,1,04,1,1,000,200,1,0,1,1,2,44,1,1,2,00,2,0,1,200900032375A01,10/ 7,14/1,2
200900032382,2009-11-19,2009,novembre,jeudi,13:38,75,75105,0,0,2,2,6,1,1,4,1,04,2,1,000,100,1,0,1,4,2,25,2,1,2,00,2,1,1,200900032382A01,7,1,1
200900032392,2009-11-19,2009,novembre,jeudi,17:35,75,75106,0,0,2,1,1,5,1,4,3,06,1,1,000,212,1,0,1,3,1,65,5,1,2,00,2,1,7,200900032392B01,7,5,1
200900032397,2009-11-19,2009,novembre,jeudi,19:09,75,75109,0,0,2,3,6,5,1,4,2,02,1,1,000,000,1,0,1,1,1,30,1,1,2,00,1,1,7,200900032397A01,,,
200900032400,2009-11-19,2009,novembre,jeudi,21:40,75,75114,0,0,2,3,5,5,1,4,2,04,1,1,000,120,1,0,1,4,1,50,5,1,2,00,2,1,17,200900032400A01,7/ 2,23/1,2
200900032439,2009-11-23,2009,novembre,lundi,20:00,75,75114,0,0,2,1,3,2,1,4,1,01,1,1,000,065,1,0,1,4,2,46,0,1,2,00,2,0,1,200900032439B01,7,22,1
200900032442,2009-11-23,2009,novembre,lundi,22:25,75,75116,0,0,2,2,7,5,1,4,2,04,1,1,000,000,2,0,0,4,2,54,5,1,2,00,0,8,1,200900032442A01,,,
200900032469,2009-11-20,2009,novembre,vendredi,18:15,75,75101,0,0,2,2,3,5,1,4,1,01,1,1,000,085,1,5,1,4,2,63,0,1,2,00,2,1,17,200900032469A01,34,23,1
200900032483,2009-11-25,2009,novembre,mercredi,34:0,75,75109,0,0,2,5,7,5,1,4,1,01,2,3,000,060,1,0,1,4,1,25,5,1,2,00,0,0,1,200900032483A01,,,
200900032520,2009-11-22,2009,novembre,dimanche,12:35,75,75116,0,0,2,1,2,1,1,4,2,02,1,1,000,000,1,0,5,1,1,36,5,1,2,00,2,4,2,200900032520A01,1,2,1
200900032520,2009-11-22,2009,novembre,dimanche,12:35,75,75116,0,0,2,1,2,1,1,4,2,02,1,1,000,000,1,0,5,4,2,55,5,1,2,00,2,1,2,200900032520B01,1,2,1
200900032528,2009-11-22,2009,novembre,dimanche,19:45,75,75103,0,0,2,3,7,5,2,4,1,01,1,1,000,045,2,0,1,4,1,30,5,1,2,00,0,0,7,200900032528A01,,,
200900032536,2009-11-26,2009,novembre,jeudi,92:0,75,75120,0,0,2,3,6,1,1,4,2,01,2,1,000,080,1,0,1,1,2,25,1,1,2,00,1,1,1,200900032536A01,,,
200900032539,2009-11-26,2009,novembre,jeudi,10:15,75,75110,0,0,2,5,3,1,1,4,1,04,1,2,000,120,1,0,1,4,2,35,1,1,2,00,2,6,1,200900032539B01,7,12,1
200900032592,2009-11-28,2009,novembre,samedi,62:8,75,75112,0,0,2,5,3,5,2,4,2,06,1,1,000,320,2,0,0,4,1,55,1,1,2,00,2,1,1,200900032592B01,7,1,1
200900032656,2009-11-30,2009,novembre,lundi,18:00,75,75118,0,0,2,1,6,5,3,4,1,04,1,1,000,000,2,0,5,4,2,73,5,1,8,00,1,1,1,200900032656Z01,,,
200900032657,2009-11-30,2009,novembre,lundi,18:05,75,75112,0,0,2,1,3,5,3,4,1,00,1,1,000,090,2,2,1,4,1,43,4,1,2,00,2,4,12,200900032657B01,10,1,1
200900032667,2009-11-02,2009,novembre,lundi,64:5,75,75112,0,0,2,5,2,5,2,4,1,01,1,2,000,300,2,0,1,4,1,35,1,1,2,00,2,4,2,200900032667B01,7,2,1
200900032671,2009-11-02,2009,novembre,lundi,84:0,75,75112,0,0,2,5,3,1,1,4,2,02,1,-1,000,070,2,0,1,4,1,39,1,1,2,00,2,8,1,200900032671B01,14,16,1
200900032702,2009-11-04,2009,novembre,mercredi,14:00,75,75115,0,0,2,4,3,1,1,4,-1,00,4,-1,000,000,2,0,1,4,2,25,1,1,2,00,2,3,1,200900032702B01,7,10,1
200900032712,2009-11-04,2009,novembre,mercredi,21:15,75,75111,0,0,2,5,6,5,1,4,4,00,2,1,000,070,1,0,1,4,2,48,1,1,2,00,2,4,23,200900032712A01,7,2,1
200900032751,2009-11-08,2009,novembre,dimanche,17:00,75,75112,0,0,2,1,6,1,1,4,1,01,1,1,000,050,1,0,1,1,2,59,0,1,2,00,1,1,1,200900032751A01,,,
200900032772,2009-11-01,2009,novembre,dimanche,16:30,75,75111,0,0,2,2,3,2,3,4,1,01,1,1,000,070,2,5,0,4,1,22,5,1,2,00,2,1,1,200900032772B01,7,10,1
200900032786,2009-11-07,2009,novembre,samedi,10:55,75,75102,0,0,2,2,3,1,1,4,1,01,1,1,000,100,1,0,1,4,1,39,5,1,2,00,2,1,1,200900032786A01,7,16,1
200900032839,2009-11-09,2009,novembre,lundi,12:30,75,75111,0,0,2,3,3,1,1,4,2,02,1,1,000,128,1,0,1,4,2,52,4,1,2,00,2,4,1,200900032839B01,7,22,1
200900032844,2009-11-09,2009,novembre,lundi,16:50,75,75104,0,0,2,1,6,2,8,4,1,04,1,1,000,097,1,2,5,1,1,42,1,1,2,00,1,1,1,200900032844A01,,,
200900032865,2009-11-05,2009,novembre,jeudi,10:45,75,75103,0,0,2,1,3,1,1,4,1,01,1,1,000,035,1,0,2,4,2,32,5,1,2,00,2,7,1,200900032865B01,7,13,1
200900032868,2009-11-05,2009,novembre,jeudi,11:55,75,75119,0,0,2,5,3,1,1,4,1,00,1,1,000,000,1,0,1,4,1,67,0,1,2,00,2,1,1,200900032868B01,7,1,1
200900032870,2009-11-05,2009,novembre,jeudi,12:30,75,75115,0,0,2,2,7,1,1,4,2,02,-1,1,000,068,1,0,1,4,1,47,9,1,2,00,0,0,21,200900032870A01,,,
200900032879,2009-11-05,2009,novembre,jeudi,17:35,75,75114,0,0,2,1,3,1,1,4,1,03,1,1,000,090,1,0,1,4,1,44,0,1,2,00,2,1,18,200900032879B01,7,22,1
200900032887,2009-11-05,2009,novembre,jeudi,22:30,75,75108,0,0,2,2,3,5,1,4,2,02,2,1,000,100,1,0,1,4,2,29,0,1,2,00,2,1,1,200900032887B01,7,1,1
200900032891,2009-11-10,2009,novembre,mardi,92:5,75,75114,0,0,2,1,3,1,1,4,1,01,1,1,000,050,1,0,1,4,2,32,1,1,2,00,2,1,1,200900032891B01,7,22,1
200900032925,2009-11-12,2009,novembre,jeudi,33:5,75,75101,0,0,2,1,6,5,2,4,1,03,1,1,000,080,2,0,1,4,1,32,0,1,2,00,2,8,7,200900032925A01,7,14,1
200900032937,2009-11-12,2009,novembre,jeudi,15:50,75,75110,0,0,2,1,6,1,1,4,1,01,1,1,000,030,1,0,1,1,1,50,4,1,2,00,1,1,5,200900032937A01,,,
200900032987,2009-09-04,2009,septembre,vendredi,10:15,71,71076,0,0,2,9,3,1,3,4,2,02,1,1,000,069,2,0,1,3,1,73,5,1,2,00,2,1,1,200900032987B01,10,15,1
200900032996,2009-09-23,2009,septembre,mercredi,13:15,71,71076,0,0,2,6,3,1,1,4,1,01,1,2,000,074,1,0,5,4,1,39,1,1,2,00,2,1,1,200900032996B01,7,16,1
200900033020,2009-09-18,2009,septembre,vendredi,17:30,71,71014,0.00004,0,1,1,7,1,1,9,2,01,1,-1,000,070,1,0,1,3,2,22,5,1,2,00,0,0,2,200900033020A01,,,
200900033087,2009-09-07,2009,septembre,lundi,18:35,51,51454,0,0,2,6,3,1,1,4,1,02,1,3,070,095,1,5,0,3,1,46,5,1,9,00,2,7,1,200900033087B01,7,16,1
200900033113,2009-06-23,2009,juin,mardi,75:5,11,11069,0,0,1,1,3,1,1,3,2,02,1,-1,050,030,1,0,1,4,1,16,5,1,2,00,2,1,15,200900033113A01,7,0,1
200900033122,2009-06-15,2009,juin,lundi,14:02,11,11069,0,0,2,1,3,1,1,4,2,02,1,-1,040,020,1,0,0,4,2,15,5,1,2,00,2,7,1,200900033122B01,7,1,1
200900033128,2009-06-15,2009,juin,lundi,18:58,11,11069,0,0,2,1,3,1,1,4,-1,02,1,-1,030,020,1,0,0,4,1,11,5,1,2,00,2,7,0,200900033128B01,7,1,1
200900033129,2009-06-02,2009,juin,mardi,92:5,11,11069,0,0,2,2,3,1,1,4,1,00,1,1,,,1,0,1,3,1,87,5,1,8,00,2,0,1,200900033129A01,10,1,1
200900033133,2009-06-19,2009,juin,vendredi,92:0,11,11262,0,0,2,1,3,1,1,4,1,03,1,1,000,000,1,0,1,3,1,83,5,1,8,00,2,3,0,200900033133B01,7,1,1
200900033168,2009-07-02,2009,juillet,jeudi,15:05,11,11262,0,0,2,1,6,1,1,4,1,03,1,1,000,000,1,0,1,1,1,35,0,1,9,00,1,1,5,200900033168A01,,,
200900033169,2009-07-03,2009,juillet,vendredi,91:0,11,11076,0,0,2,6,3,1,1,3,1,02,2,4,300,080,1,5,1,3,2,66,5,1,8,00,2,0,1,200900033169B01,7,9,1
200900033172,2009-07-05,2009,juillet,dimanche,72:0,11,11262,0,0,2,3,3,1,1,4,2,02,1,1,000,000,1,0,1,3,1,29,5,1,2,00,2,1,1,200900033172B01,7,15,1
200900033178,2009-07-25,2009,juillet,samedi,85:5,11,11262,0,0,2,2,3,1,1,4,-1,02,1,1,000,068,1,0,1,3,1,87,5,1,9,00,2,1,1,200900033178B01,7,15,1
200900033198,2009-08-10,2009,août,lundi,14:30,95,95252,0.00004,0,2,1,2,1,1,4,1,01,1,1,000,000,1,0,1,4,1,66,0,1,9,00,2,4,13,200900033198A01,30,17,1
200900033202,2009-08-18,2009,août,mardi,10:30,95,95203,0.00004,0,2,6,3,1,1,3,2,02,1,-1,000,000,1,0,1,4,1,42,9,1,9,00,2,1,15,200900033202B01,7,1,1
200900033227,2009-06-02,2009,juin,mardi,13:30,22,22136,0,0,2,1,1,1,1,4,2,00,1,2,000,035,1,0,1,3,1,51,5,1,1,00,2,4,2,200900033227B02,7,2,1
200900033234,2009-06-20,2009,juin,samedi,15:25,22,22215,0,0,1,1,7,1,1,3,3,04,2,1,000,000,1,0,1,4,1,16,5,1,2,12,0,0,1,200900033234A01,,,
200900033242,2009-06-19,2009,juin,vendredi,18:40,22,22215,0,0,1,2,3,1,1,4,2,02,1,1,000,000,1,0,1,3,1,14,5,1,2,00,2,2,13,200900033242A01,7,1,1
200900033250,2009-06-02,2009,juin,mardi,15:45,22,22106,0,0,2,2,3,1,1,3,2,02,1,1,000,000,1,0,1,4,1,43,5,1,2,00,2,1,1,200900033250B01,7,19,1
200900033259,2009-06-05,2009,juin,vendredi,18:20,22,22050,0,0,2,2,3,1,1,4,2,02,1,1,000,000,1,5,1,4,1,12,5,1,9,00,2,2,19,200900033259A01,7,1,1
200900033259,2009-06-05,2009,juin,vendredi,18:20,22,22050,0,0,2,2,3,1,1,4,2,02,1,1,000,000,1,5,1,4,1,11,5,1,9,00,2,2,19,200900033259A01,7,1,1
200900033264,2009-06-19,2009,juin,vendredi,17:15,22,22208,0,0,2,1,3,1,1,4,2,02,2,1,000,052,1,0,1,3,2,74,5,1,9,00,2,8,2,200900033264B02,7,17,1
200900033286,2009-09-14,2009,septembre,lundi,10:30,41,41067,0.00004,0,1,9,1,1,1,3,2,02,1,1,000,045,1,0,1,2,1,27,5,1,1,00,2,1,19,200900033286B02,7,1,1
200900033288,2009-09-19,2009,septembre,samedi,16:00,41,41206,0.00004,0,1,1,1,1,1,3,-1,02,1,1,133,000,1,0,1,3,1,58,5,1,8,00,2,4,1,200900033288B02,7,1,1
200900033289,2009-09-05,2009,septembre,samedi,17:45,41,41055,0.00004,0,1,1,2,3,1,3,2,02,1,1,000,063,1,0,1,3,1,45,1,1,4,00,0,4,2,200900033289B02,7,2,1
200900033295,2009-09-24,2009,septembre,jeudi,74:5,41,41171,0.00004,0,1,1,2,2,1,3,2,02,1,1,000,057,1,0,1,2,1,14,2,1,8,00,2,4,1,200900033295A01,10,2,1
200900033304,2009-09-26,2009,septembre,samedi,19:24,41,41018,0,0,2,1,3,1,1,4,2,02,1,1,000,000,1,0,4,4,2,10,9,1,9,00,2,1,1,200900033304A01,7,9,1
200900033305,2009-09-24,2009,septembre,jeudi,13:25,41,41018,0.00004,0,2,6,3,1,1,3,1,02,1,2,000,000,1,0,1,4,2,22,5,1,9,00,2,3,1,200900033305B01,7,16,1
200900033323,2009-06-13,2009,juin,samedi,17:45,57,57031,0,0,2,1,3,1,1,4,2,00,-1,1,050,050,1,0,1,4,1,44,5,1,2,00,2,1,1,200900033323B02,7,16,1
200900033336,2009-06-10,2009,juin,mercredi,16:50,57,57240,0,0,2,3,3,1,1,4,1,01,2,1,000,000,1,0,0,3,2,10,5,1,9,00,2,1,19,200900033336B01,7,19,1
200900033357,2009-06-24,2009,juin,mercredi,14:15,57,57463,0,0,2,1,6,1,1,3,2,02,1,1,000,040,1,0,1,4,2,3,5,1,2,00,2,1,0,200900033357B01,7,0,1
200900033357,2009-06-24,2009,juin,mercredi,14:15,57,57463,0,0,2,1,6,1,1,3,2,02,1,1,000,040,1,0,1,4,2,12,5,1,2,00,2,1,0,200900033357B01,7,0,1
200900033357,2009-06-24,2009,juin,mercredi,14:15,57,57463,0,0,2,1,6,1,1,3,2,02,1,1,000,040,1,0,1,4,2,6,5,1,2,00,2,1,0,200900033357C01,7,0,1
200900033360,2009-06-25,2009,juin,jeudi,13:30,57,57483,0.00004,0,2,1,1,1,1,3,1,01,1,1,000,000,1,0,1,3,1,13,5,1,9,00,0,4,19,200900033360B02,10,0,1
200900033369,2009-06-17,2009,juin,mercredi,10:45,57,57672,0,0,2,1,3,1,1,4,2,02,1,1,000,079,1,0,1,4,2,9,5,1,9,00,2,8,1,200900033369B01,7,9,1
200900033377,2009-06-03,2009,juin,mercredi,10:50,57,57672,0,0,2,1,3,1,1,2,1,02,1,1,000,059,1,5,1,4,1,59,5,1,9,00,2,8,19,200900033377B01,7,1,1
200900033379,2009-06-20,2009,juin,samedi,10:50,57,57672,0,0,2,1,2,1,1,3,2,03,1,3,000,104,1,0,1,3,1,38,5,1,2,00,2,4,2,200900033379B01,7,1,1
200900033409,2009-01-12,2009,janvier,lundi,11:00,92,92048,0,0,2,1,3,1,1,4,2,02,1,1,000,042,1,0,1,4,2,43,5,1,2,00,2,1,1,200900033409A01,7,1,1
200900033426,2009-01-26,2009,janvier,lundi,72:0,92,92025,0,0,2,3,3,5,1,3,2,02,1,1,000,080,1,0,1,4,1,55,4,1,2,00,2,1,2,200900033426B01,7,15,1