Num_Acc,date,an,mois,jour,hrmn,dep,com,lat,long,agg,int,col,lum,atm,catr,circ,nbv,prof,plan,lartpc,larrout,surf,infra,situ,grav,sexe,age,trajet,secuexist,equipement,obs,obsm,choc,manv,vehiculeid,typevehicules,manoeuvehicules,numVehicules
200900033492,2009-01-10,2009,janvier,samedi,17:00,92,92026,0,0,2,1,6,5,1,4,2,02,1,1,000,064,1,0,1,1,2,40,0,1,9,00,1,1,1,200900033492A01,,,
200900033500,2009-01-21,2009,janvier,mercredi,14:55,92,92022,0,0,2,1,6,1,1,3,2,02,2,1,000,120,2,0,1,3,2,66,5,1,9,00,2,6,2,200900033500B01,7,2/24,2
200900033539,2009-01-22,2009,janvier,jeudi,18:10,92,92024,0,0,2,2,3,1,2,4,2,02,1,1,000,000,2,0,1,1,2,30,0,1,2,00,2,1,2,200900033539B01,2,2,1
200900033564,2009-01-24,2009,janvier,samedi,15:55,92,92051,0,0,2,1,3,1,1,4,2,01,1,1,000,075,1,0,1,4,1,11,5,1,9,00,2,0,0,200900033564B01,7,0,1
200900033585,2009-01-03,2009,janvier,samedi,17:50,92,92040,0,0,2,1,6,5,1,3,2,02,1,1,000,080,1,0,1,4,1,65,5,1,2,01,0,1,0,200900033585B01,7,0,2
200900033599,2009-07-25,2009,juillet,samedi,12:15,57,57151,0,0,2,1,3,1,1,3,2,02,1,1,000,071,1,0,1,3,1,36,5,1,2,00,2,1,1,200900033599B02,7,15,1
200900033601,2009-07-11,2009,juillet,samedi,11:15,57,57123,0,0,2,2,3,1,1,4,2,00,1,1,000,060,1,5,1,4,1,56,5,1,2,00,2,1,1,200900033601A01,7,1,1
200900033635,2009-07-16,2009,juillet,jeudi,16:30,57,57012,0,0,2,1,6,1,1,4,1,01,1,1,000,050,1,0,1,4,2,10,5,1,9,00,2,8,0,200900033635B01,7,1,1
200900033660,2009-09-10,2009,septembre,jeudi,11:40,57,57463,0,0,2,1,6,1,1,3,2,02,4,1,063,107,1,,1,2,1,50,5,1,2,00,2,0,9,200900033660B01,17,1,1
200900033672,2009-09-23,2009,septembre,mercredi,15:45,57,57463,0,0,2,3,3,1,1,3,2,02,2,1,000,000,1,0,1,4,1,14,5,1,2,00,2,8,19,200900033672B01,7,1,1
200900033680,2009-09-23,2009,septembre,mercredi,16:05,57,57672,0,0,2,3,2,1,1,4,2,02,1,1,000,091,1,0,1,4,1,79,5,1,9,00,2,4,2,200900033680B01,33,1,1
200900033717,2009-05-24,2009,mai,dimanche,11:00,26,26281,0,0,2,2,3,1,1,4,2,02,1,1,000,000,1,0,1,4,1,47,5,1,2,00,2,1,1,200900033717B01,7,16,1
200900033725,2009-05-20,2009,mai,mercredi,14:20,26,26058,0,0,2,6,3,1,1,4,2,02,1,1,000,000,1,5,1,4,1,61,0,1,9,00,2,1,9,200900033725B01,7,0,1
200900033731,2009-05-13,2009,mai,mercredi,74:0,26,26362,0,0,2,3,3,1,1,4,2,02,1,1,000,088,1,0,1,4,1,36,0,1,9,00,2,1,1,200900033731B01,7,15,1
200900033731,2009-05-13,2009,mai,mercredi,74:0,26,26362,0,0,2,3,3,1,1,4,2,02,1,1,000,088,1,0,1,4,1,5,0,1,3,00,2,1,1,200900033731B01,7,15,1
200900033731,2009-05-13,2009,mai,mercredi,74:0,26,26362,0,0,2,3,3,1,1,4,2,02,1,1,000,088,1,0,1,4,1,5,0,1,3,00,2,1,1,200900033731B01,7,15,1
200900033745,2009-05-01,2009,mai,vendredi,13:30,26,26193,0,0,1,1,3,1,1,3,2,02,1,1,000,060,1,0,1,3,1,41,5,1,9,00,2,1,1,200900033745B02,7,15,1
200900033775,2009-10-14,2009,octobre,mercredi,16:45,60,60636,0,0,2,3,1,1,1,4,2,00,2,1,,,1,5,1,4,2,31,5,1,9,00,0,3,1,200900033775B02,7,16,1
200900033794,2009-10-04,2009,octobre,dimanche,14:30,60,60360,0.00004,0,2,3,3,1,1,3,1,01,1,1,000,000,1,0,4,3,1,11,5,1,2,00,2,1,1,200900033794A01,7,1,1
200900033843,2009-09-29,2009,septembre,mardi,10:45,66,66008,0.00004,0,2,1,3,1,1,4,2,02,-1,1,000,055,1,0,1,3,1,57,5,1,1,00,2,8,15,200900033843A01,7,17,1
200900033855,2009-08-09,2009,août,dimanche,64:5,66,66130,0,0,1,1,5,2,1,3,2,00,2,1,000,075,1,0,3,3,2,27,1,1,2,13,2,4,1,200900033855C03,7/ 2,1,2
200900033880,2009-01-11,2009,janvier,dimanche,18:00,91,91461,0,0,2,4,1,5,8,4,2,02,1,1,,,1,0,1,3,1,16,5,1,4,00,2,1,1,200900033880A01,7,15,1
200900033907,2009-01-13,2009,janvier,mardi,14:35,91,91114,0,0,2,1,3,1,1,3,3,02,1,1,000,000,1,5,1,4,1,18,2,1,2,00,2,1,19,200900033907A01,7,0,1
200900033922,2009-01-20,2009,janvier,mardi,72:0,91,91471,0,0,2,1,3,2,2,4,2,02,1,1,000,000,2,0,1,4,2,29,1,1,4,00,2,0,1,200900033922B01,1,9,1
200900033922,2009-01-20,2009,janvier,mardi,72:0,91,91471,0,0,2,1,3,2,2,4,2,02,1,1,000,000,2,0,1,3,1,49,3,1,2,00,2,4,9,200900033922A01,1,1,1
200900033970,2009-04-12,2009,avril,dimanche,17:50,91,91223,0,0,2,1,6,1,1,4,-1,00,-1,-1,000,000,-1,0,0,1,1,4,0,1,9,00,1,0,0,200900033970A01,,,
200900033970,2009-04-12,2009,avril,dimanche,17:50,91,91223,0,0,2,1,6,1,1,4,-1,00,-1,-1,000,000,-1,0,0,4,2,60,0,1,9,00,1,0,0,200900033970A01,,,
200900033976,2009-04-09,2009,avril,jeudi,18:30,91,91433,0,0,2,1,6,1,1,4,-1,00,-1,-1,000,000,-1,0,0,4,1,15,0,1,2,00,1,0,0,200900033976A01,,,
200900034060,2009-04-26,2009,avril,dimanche,16:15,91,91235,0.00004,0,2,1,1,1,8,4,2,02,1,1,000,000,1,0,1,3,2,8,5,1,2,01,0,1,0,200900034060B02,7,1,1
200900034111,2009-03-31,2009,mars,mardi,81:0,92,92012,0,0,2,1,6,1,1,3,2,04,1,1,000,000,1,0,1,4,1,34,0,1,9,00,0,0,0,200900034111C01,13/ 7,0,2
200900034131,2009-03-04,2009,mars,mercredi,16:55,92,92004,0,0,2,1,2,1,1,4,1,02,-1,-1,000,080,1,0,1,3,1,76,0,1,9,00,9,4,2,200900034131B01,1,2,1
200900034131,2009-03-04,2009,mars,mercredi,16:55,92,92004,0,0,2,1,2,1,1,4,1,02,-1,-1,000,080,1,0,1,1,2,45,0,1,9,00,9,1,2,200900034131A01,1,2,1
200900034137,2009-03-09,2009,mars,lundi,18:45,92,92033,0,0,2,1,3,2,1,4,1,01,2,1,000,050,1,0,4,4,1,19,5,1,9,00,2,1,5,200900034137A01,7,20,1
200900034142,2009-03-13,2009,mars,vendredi,19:45,92,92026,0,0,2,3,3,4,1,3,3,04,1,1,000,000,1,0,1,3,1,36,1,1,9,00,2,1,1,200900034142B01,33,17,1
200900034148,2009-03-20,2009,mars,vendredi,23:50,92,92050,0,0,2,3,3,5,9,4,2,02,2,2,000,060,1,0,1,3,1,33,0,1,9,00,2,1,15,200900034148A01,7,15,1
200900034151,2009-03-07,2009,mars,samedi,63:0,92,92026,0,0,2,2,3,5,1,3,1,01,1,1,000,060,1,0,1,4,1,30,1,1,4,00,2,7,0,200900034151B01,7,0,1
200900034199,2009-03-25,2009,mars,mercredi,16:15,92,92063,0,0,2,1,3,1,1,3,2,04,1,1,000,000,1,0,1,4,2,15,5,1,4,00,2,7,19,200900034199B01,7,2,1
200900034236,2009-03-02,2009,mars,lundi,17:15,92,92049,0,0,2,1,3,1,1,4,4,01,1,-1,000,000,1,0,1,4,1,8,5,1,9,00,0,0,1,200900034236B01,10,0,1
200900034238,2009-03-27,2009,mars,vendredi,64:5,92,92071,0,0,2,2,3,2,1,3,1,01,1,1,000,080,1,0,1,4,1,39,1,1,4,00,2,3,1,200900034238B01,32,15,1
200900034264,2009-03-10,2009,mars,mardi,10:50,92,92004,0,0,2,1,6,1,2,4,2,02,1,1,000,080,2,0,1,1,1,35,4,1,9,00,1,1,1,200900034264A01,,,
200900034267,2009-03-30,2009,mars,lundi,16:30,92,92060,0,0,2,5,6,1,1,3,3,03,1,1,000,000,1,0,1,4,1,13,5,1,2,00,2,7,2,200900034267B01,7,2,1
200900034269,2009-03-18,2009,mars,mercredi,16:00,92,92004,0,0,2,1,3,1,1,4,1,01,-1,-1,000,060,1,0,1,4,2,17,5,1,4,01,0,1,0,200900034269B01,7,24,1
200900034271,2009-03-22,2009,mars,dimanche,13:20,92,92023,0,0,2,1,2,1,1,3,2,02,1,-1,000,125,1,0,1,4,1,17,5,1,2,00,2,4,1,200900034271B01,7,1,1
200900034304,2009-02-05,2009,février,jeudi,18:45,92,92026,0,0,2,1,7,5,1,3,1,01,1,1,000,059,1,0,4,4,2,12,2,1,9,12,0,1,0,200900034304A01,,,
200900034333,2009-02-18,2009,février,mercredi,12:50,92,92049,0,0,2,6,3,1,1,3,1,01,1,1,000,000,1,0,1,4,2,37,3,1,2,00,0,0,0,200900034333B01,7,0,1
200900034352,2009-02-28,2009,février,samedi,10:38,92,92063,0,0,2,1,6,1,1,3,2,02,1,1,000,000,1,0,1,1,1,25,9,1,9,00,1,1,1,200900034352A01,,,
200900034416,2009-02-06,2009,février,vendredi,14:25,92,92036,0,0,2,9,5,1,1,3,1,03,1,1,000,100,1,0,1,4,1,72,5,1,9,00,2,1,1,200900034416A01,14/ 7,1/16,2
200900034430,2009-10-16,2009,octobre,vendredi,64:5,27,27100,0.00004,0,1,1,1,3,1,3,2,02,1,1,000,073,1,0,1,3,1,65,9,1,4,00,0,4,0,200900034430B02,14,1,1
200900034437,2009-10-23,2009,octobre,vendredi,17:15,27,27467,0.00004,0,2,6,3,1,1,3,2,02,1,3,000,000,1,5,1,3,1,39,5,1,1,00,2,4,12,200900034437B02,7,1,1
200900034446,2009-08-21,2009,août,vendredi,20:55,57,57591,0,0,2,1,1,5,1,4,2,02,1,2,000,211,1,0,1,4,1,9,5,1,4,00,2,1,1,200900034446A01,7,5,1
200900034459,2009-08-06,2009,août,jeudi,15:45,57,57351,0,0,2,1,3,1,1,3,2,02,1,1,049,000,1,0,1,4,1,14,5,1,2,00,2,2,19,200900034459B02,7,1,1
200900034471,2009-08-11,2009,août,mardi,12:15,57,57238,0.00004,0,1,1,3,1,1,3,4,03,3,1,041,081,1,5,1,2,1,70,5,1,2,00,2,7,15,200900034471B02,7,1,1
200900034478,2009-08-26,2009,août,mercredi,17:45,57,57606,0,0,2,1,1,1,1,4,2,02,2,1,000,000,1,0,0,3,1,9,5,1,9,00,2,2,5,200900034478A01,7,0,1
200900034482,2009-08-22,2009,août,samedi,11:10,57,57463,0,0,2,1,3,1,1,4,1,01,2,1,000,068,1,0,1,4,1,12,5,1,2,00,2,1,9,200900034482A01,7,1,1
200900034538,2009-09-15,2009,septembre,mardi,92:0,33,33069,0,0,2,6,3,1,1,4,2,02,1,-1,000,060,-1,0,1,4,1,76,0,1,9,00,0,7,1,200900034538B01,7,9,1
200900034547,2009-09-15,2009,septembre,mardi,16:35,33,33069,0,0,2,2,1,1,2,4,2,02,1,1,000,000,2,0,1,4,1,12,0,1,9,00,0,0,0,200900034547B01,7,1,1
200900034555,2009-09-15,2009,septembre,mardi,14:05,33,33522,0,0,2,3,3,1,3,4,2,02,2,1,000,057,2,4,1,4,1,19,2,1,9,00,0,4,1,200900034555B01,7,1,1
200900034559,2009-09-02,2009,septembre,mercredi,14:10,33,33281,0,0,2,1,6,1,1,4,2,04,1,1,000,120,1,0,1,4,2,20,0,1,9,01,0,1,1,200900034559B01,7,22,1
200900034568,2009-09-08,2009,septembre,mardi,18:45,33,33063,0,0,2,5,3,1,1,4,1,01,4,1,000,050,1,0,1,4,2,54,0,1,2,00,2,1,2,200900034568B01,7,2,1
200900034579,2009-09-27,2009,septembre,dimanche,19:00,33,33063,0,0,2,2,3,1,1,4,3,08,1,1,000,000,1,4,1,4,1,14,0,1,9,00,2,1,1,200900034579B01,7,16,1
200900034580,2009-09-29,2009,septembre,mardi,92:8,33,33063,0,0,2,3,3,1,1,4,3,05,1,1,000,000,1,4,1,3,1,19,0,1,9,00,2,3,15,200900034580A01,40,1,1
200900034590,2009-09-24,2009,septembre,jeudi,72:0,33,33069,0,0,2,2,3,2,1,4,2,03,1,1,000,000,1,0,1,3,1,39,1,1,2,00,0,9,1,200900034590B01,7,1,1
200900034591,2009-09-24,2009,septembre,jeudi,18:40,33,33063,0,0,2,1,6,1,1,4,2,02,1,1,000,000,1,0,1,1,1,28,0,1,4,00,1,1,1,200900034591A01,,,
200900034598,2009-09-17,2009,septembre,jeudi,13:30,33,33063,0,0,2,1,1,1,1,4,1,00,1,1,000,000,1,0,1,4,1,45,0,1,2,00,2,1,2,200900034598B01,1,2,1
200900034598,2009-09-17,2009,septembre,jeudi,13:30,33,33063,0,0,2,1,1,1,1,4,1,00,1,1,000,000,1,0,1,1,1,16,0,1,2,00,2,1,2,200900034598A01,1,2,1
200900034609,2009-09-18,2009,septembre,vendredi,20:05,33,33522,0,0,2,2,3,5,1,4,2,02,-1,-1,000,000,-1,0,1,4,1,18,0,1,8,00,0,0,0,200900034609A01,7,1,1
200900034616,2009-09-23,2009,septembre,mercredi,15:40,33,33550,0,0,2,1,6,1,1,4,2,02,1,1,000,080,1,0,1,1,1,13,5,1,4,00,1,1,1,200900034616A01,,,
200900034622,2009-09-24,2009,septembre,jeudi,18:25,33,33039,0,0,2,3,3,1,1,4,2,02,1,1,000,079,1,0,1,3,1,60,0,1,4,00,2,3,16,200900034622B01,10,13,1
200900034628,2009-09-21,2009,septembre,lundi,18:55,33,33063,0,0,2,1,3,1,1,4,3,04,2,1,000,000,1,0,1,4,2,15,0,1,9,00,0,6,11,200900034628A01,33,1,1
200900034629,2009-09-22,2009,septembre,mardi,11:20,33,33318,0,0,2,1,3,1,1,4,2,02,1,1,000,072,1,0,1,4,1,36,5,1,9,00,2,1,18,200900034629A01,10,15,1
200900034631,2009-09-30,2009,septembre,mercredi,17:15,33,33075,0,0,2,1,3,1,1,4,2,02,1,1,000,068,1,0,1,4,1,40,5,1,2,00,2,2,1,200900034631B01,7,16,1
200900034635,2009-09-24,2009,septembre,jeudi,80:0,33,33119,0,0,2,7,3,1,1,4,1,02,1,2,000,000,1,0,1,4,1,52,1,1,4,00,2,3,1,200900034635B01,10,16,1
200900034638,2009-09-18,2009,septembre,vendredi,82:0,33,33063,0,0,2,1,3,2,2,4,3,04,1,1,000,000,2,0,5,4,1,61,0,1,9,00,2,0,1,200900034638B01,7,20,1
200900034653,2009-09-05,2009,septembre,samedi,17:45,33,33048,0.00004,NaN,2,1,1,1,1,3,2,00,1,1,000,100,1,0,3,3,1,14,5,1,1,00,2,1,15,200900034653B02,7,1,1
200900034673,2009-09-30,2009,septembre,mercredi,94:5,33,33314,0.00004,NaN,1,1,1,1,1,3,2,02,3,1,000,070,-1,5,1,2,1,64,5,1,2,00,2,7,15,200900034673B02,15,1,1
200900034678,2009-09-08,2009,septembre,mardi,11:00,33,33119,0,0,2,1,2,1,1,4,2,00,2,1,000,069,1,0,1,3,1,60,0,1,2,00,2,1,2,200900034678A01,7,2,1
200900034698,2009-09-03,2009,septembre,jeudi,14:20,33,33281,0,0,2,6,3,1,1,4,-1,00,-1,-1,000,000,1,0,1,4,1,59,0,1,2,00,2,1,9,200900034698B01,7,9,1
200900034714,2009-08-23,2009,août,dimanche,70:0,73,73054,0.00004,0,1,1,1,1,1,3,2,00,-1,1,000,000,1,0,1,3,1,44,5,1,2,00,0,4,1,200900034714B02,7,1,1
200900034715,2009-08-18,2009,août,mardi,12:30,73,73054,0.00004,0,1,1,1,1,1,3,2,02,2,3,000,060,1,0,1,3,1,13,5,1,2,00,2,1,17,200900034715A01,7,1,1
200900034717,2009-08-09,2009,août,dimanche,18:00,73,73007,0.00004,0,1,1,6,2,8,3,2,02,1,1,000,087,2,0,1,3,1,77,5,1,2,00,2,8,15,200900034717B02,7,17,1
200900034719,2009-08-22,2009,août,samedi,10:30,73,73304,0,0,2,1,1,1,1,4,2,02,2,1,000,047,1,0,1,3,2,25,9,1,2,00,2,8,19,200900034719B02,7,1,1
200900034720,2009-08-26,2009,août,mercredi,14:15,73,73157,0.00004,0,2,1,1,1,1,4,2,02,-1,1,000,035,1,0,1,4,1,13,5,1,2,00,2,7,1,200900034720A01,7,0,1
200900034721,2009-08-12,2009,août,mercredi,16:30,73,73026,0.00004,0,1,1,1,1,1,3,2,02,2,1,000,070,1,0,1,4,1,60,5,1,2,00,2,3,1,200900034721B02,33,1,1
200900034726,2009-08-15,2009,août,samedi,15:45,73,73011,0.00004,0,2,2,3,1,1,3,4,03,1,1,020,070,1,5,1,3,1,42,5,1,2,00,2,1,19,200900034726B01,7,15,1
200900034728,2009-08-04,2009,août,mardi,81:5,73,73328,0.00004,0,1,9,6,1,1,3,3,02,-1,2,020,100,1,5,5,3,2,73,5,1,2,00,2,6,1,200900034728B02,10,15,1
200900034730,2009-08-27,2009,août,jeudi,11:15,73,73085,0.00004,0,1,1,3,1,1,3,2,00,4,1,000,052,1,0,1,4,1,64,5,1,2,00,2,1,17,200900034730B02,7,15,1
200900034739,2009-06-03,2009,juin,mercredi,10:00,07,07219,0,0,1,1,7,1,1,3,2,01,2,1,000,062,1,0,1,2,1,50,5,1,1,00,0,9,1,200900034739A01,,,
200900034756,2009-07-18,2009,juillet,samedi,81:5,07,07030,0,0,1,1,1,1,8,3,2,02,1,4,000,000,1,0,1,4,1,39,5,1,2,00,2,1,1,200900034756B02,7,15,1
200900034758,2009-07-27,2009,juillet,lundi,13:00,07,07324,0.00004,0,2,1,1,1,1,3,2,02,-1,1,000,000,1,0,1,4,1,17,1,1,1,00,2,1,1,200900034758B02,17,1,1
200900034774,2009-08-10,2009,août,lundi,21:25,07,07102,0,0,2,1,3,2,1,4,2,02,4,2,081,061,1,5,1,4,1,20,5,1,2,00,2,5,1,200900034774B01,10,15,1
200900034778,2009-08-11,2009,août,mardi,14:00,07,07295,0,0,2,1,3,1,1,4,2,00,1,1,000,044,1,0,1,3,1,12,5,1,1,00,2,1,1,200900034778A01,7,1,1
200900034791,2009-08-29,2009,août,samedi,10:00,07,07240,0,0,1,1,1,1,1,9,2,01,2,4,000,035,9,0,1,3,1,40,5,1,1,00,2,1,21,200900034791B02,7,23,1
200900034800,2009-08-22,2009,août,samedi,17:30,07,07231,0,0,1,2,3,1,1,3,,,,,,,,,,3,1,43,5,1,9,00,2,1,1,200900034800B01,7,15,1
200900034804,2009-08-31,2009,août,lundi,11:00,07,07330,0,0,2,1,3,1,1,4,2,01,1,1,000,046,1,0,1,2,1,70,5,1,1,00,2,1,1,200900034804B02,7,15,1
200900034818,2009-09-30,2009,septembre,mercredi,12:09,67,67482,0,0,2,1,3,1,1,4,2,02,1,1,000,050,1,0,1,4,2,67,0,1,9,01,0,1,1,200900034818B01,7,22,1
200900034823,2009-09-24,2009,septembre,jeudi,74:0,67,67267,0,0,2,3,6,1,1,4,2,01,1,3,000,060,1,0,1,4,1,57,0,1,4,00,2,1,0,200900034823B01,7,16,1
200900034824,2009-09-18,2009,septembre,vendredi,16:02,67,67365,0,0,2,3,3,1,1,4,2,02,1,1,000,045,1,0,1,4,1,13,2,1,2,00,2,1,1,200900034824B01,7,1,1
200900034827,2009-09-14,2009,septembre,lundi,17:10,67,67447,0,0,2,1,3,1,1,4,2,03,1,1,000,102,1,0,1,4,2,43,9,1,9,00,2,1,1,200900034827B01,7,22,1
200900034829,2009-09-28,2009,septembre,lundi,15:20,67,67043,0,0,2,1,7,1,1,4,2,01,2,1,000,030,1,2,5,3,1,12,2,1,9,00,0,1,1,200900034829A01,,,
200900034834,2009-09-10,2009,septembre,jeudi,18:20,67,67482,0,0,2,2,3,1,1,4,3,04,1,1,000,060,1,0,1,3,1,31,0,1,9,00,4,7,1,200900034834B01,40,1,1
200900034838,2009-09-24,2009,septembre,jeudi,62:0,67,67447,0,0,2,1,6,5,1,4,1,01,1,2,030,012,1,0,5,4,1,34,1,1,4,00,2,1,1,200900034838B01,32,1,1
200900034848,2009-09-21,2009,septembre,lundi,18:35,67,67204,0,0,2,2,3,1,1,4,2,02,1,1,000,060,1,0,1,4,2,12,5,1,9,00,2,6,1,200900034848B01,7,1,1
200900034852,2009-09-01,2009,septembre,mardi,90:5,67,67482,0,0,2,3,3,1,1,4,2,02,1,1,000,060,1,0,1,4,1,24,4,1,4,00,2,1,1,200900034852A01,7,15,1
200900034856,2009-09-23,2009,septembre,mercredi,13:00,67,67482,0,0,2,3,6,1,1,4,2,02,1,1,010,105,1,0,1,3,1,30,0,1,4,00,2,8,18,200900034856A01,14,1,1
200900034858,2009-09-01,2009,septembre,mardi,17:50,67,67218,0,0,2,2,3,2,2,4,2,02,1,1,000,300,1,0,1,4,1,42,1,1,9,00,2,1,1,200900034858B01,7,1,1
200900034866,2009-09-09,2009,septembre,mercredi,19:45,67,67482,0,0,2,1,3,5,1,4,2,02,1,1,000,060,1,0,1,4,1,13,5,1,4,00,2,8,1,200900034866B01,7,17,1
200900034867,2009-09-21,2009,septembre,lundi,16:15,67,67482,0,0,2,1,3,1,1,4,1,01,1,1,000,020,1,0,1,4,2,22,0,1,9,01,0,1,1,200900034867B01,7,22,1
200900034868,2009-09-17,2009,septembre,jeudi,80:0,67,67482,0,0,2,2,3,1,1,4,2,01,1,1,000,040,1,6,1,4,2,19,2,1,9,00,2,1,1,200900034868A01,1,1,1
200900034868,2009-09-17,2009,septembre,jeudi,80:0,67,67482,0,0,2,2,3,1,1,4,2,01,1,1,000,040,1,6,1,1,2,27,1,1,9,00,2,0,1,200900034868B01,1,1,1
200900034869,2009-09-08,2009,septembre,mardi,13:45,67,67482,0,0,2,3,3,1,1,4,2,02,1,1,000,060,1,0,1,4,2,18,0,1,2,00,2,1,1,200900034869A01,7,1,1
200900034875,2009-09-10,2009,septembre,jeudi,90:5,67,67482,0,0,2,5,6,1,1,4,1,04,1,2,000,120,1,0,1,4,2,32,1,1,2,00,2,8,1,200900034875B01,7,16,1
200900034886,2009-09-13,2009,septembre,dimanche,15:00,67,67310,0.00004,0,1,3,3,1,1,3,2,02,1,1,000,000,1,0,1,3,2,15,5,1,2,00,2,8,15,200900034886A01,7,1,1
200900034888,2009-09-22,2009,septembre,mardi,20:00,67,67233,0,0,2,1,3,5,1,4,2,02,1,1,000,060,1,0,1,4,2,18,5,1,1,00,2,3,1,200900034888B02,30,1,1
200900034896,2009-09-30,2009,septembre,mercredi,18:30,67,67506,0.00004,0,2,1,3,1,1,9,-1,02,1,3,000,020,1,0,5,4,1,52,5,1,2,00,2,1,1,200900034896A01,1,15,1
200900034896,2009-09-30,2009,septembre,mercredi,18:30,67,67506,0.00004,0,2,1,3,1,1,9,-1,02,1,3,000,020,1,0,5,1,1,42,5,1,1,00,2,3,15,200900034896B02,1,1,1
200900034931,2009-01-26,2009,janvier,lundi,16:40,62,62215,0,0,1,1,1,1,1,3,2,02,1,1,000,000,1,0,5,4,1,28,5,1,9,00,2,1,1,200900034931B01,2,13,1
200900034947,2009-01-24,2009,janvier,samedi,17:45,62,62627,0.00005,0,1,1,2,3,8,3,2,02,-1,1,000,054,1,0,1,3,1,37,0,1,4,00,0,4,0,200900034947B02,7,2,1
200900034950,2009-01-26,2009,janvier,lundi,16:30,62,62473,0,0,2,1,2,1,7,4,2,02,1,1,000,040,1,0,1,3,2,43,3,1,8,00,2,4,2,200900034950B02,7,1,1
200900034964,2009-01-17,2009,janvier,samedi,14:10,62,62193,0,0,2,1,6,1,1,4,2,02,1,1,010,120,1,0,1,4,1,19,1,1,9,00,2,8,1,200900034964B01,7,16,1
200900034975,2009-01-08,2009,janvier,jeudi,18:30,62,62108,0,0,2,1,6,5,9,4,2,01,1,1,000,079,7,0,1,1,1,41,5,1,9,00,1,2,1,200900034975A01,,,
200900035032,2009-02-27,2009,février,vendredi,18:40,62,62108,0,0,2,3,1,5,8,4,-1,02,1,-1,000,030,1,0,0,4,1,55,1,1,4,00,2,1,16,200900035032A01,30,1,1
200900035077,2009-09-12,2009,septembre,samedi,15:30,08,08404,0,-0,2,2,3,1,1,3,2,02,1,1,000,000,1,0,1,3,1,9,5,1,1,00,2,1,1,200900035077A01,10,1,1
200900035085,2009-04-17,2009,avril,vendredi,81:0,06,06004,0,0,2,1,4,1,1,4,2,02,1,1,000,108,1,0,1,4,1,32,1,1,2,00,0,4,2,200900035085C01,10,2,2
200900035089,2009-04-29,2009,avril,mercredi,17:40,06,06069,0,0,2,1,1,1,1,5,2,01,2,2,000,000,1,0,1,4,1,14,0,1,9,00,2,1,13,200900035089A01,7,1,1
200900035119,2009-04-22,2009,avril,mercredi,18:45,06,06075,0,0,2,1,3,1,1,4,2,00,-1,1,000,000,1,0,1,3,1,13,5,1,1,00,2,1,15,200900035119B02,33,1,1
200900035135,2009-04-30,2009,avril,jeudi,15:25,06,06027,0,0,2,2,2,1,1,4,2,02,-1,1,000,000,1,0,1,4,1,49,5,1,2,00,2,4,2,200900035135B01,7,2,1
200900035164,2009-04-23,2009,avril,jeudi,21:50,06,06088,0,0,2,1,6,5,1,4,-1,01,1,1,000,030,1,0,1,4,1,12,0,1,9,00,1,1,1,200900035164A01,,,
200900035164,2009-04-23,2009,avril,jeudi,21:50,06,06088,0,0,2,1,6,5,1,4,-1,01,1,1,000,030,1,0,1,4,2,49,0,1,2,00,1,1,1,200900035164A01,,,
200900035168,2009-04-30,2009,avril,jeudi,10:55,06,06029,0,0,2,1,7,1,1,4,1,01,1,-1,000,070,1,0,1,1,1,62,0,1,9,00,1,1,1,200900035168A01,,,
200900035170,2009-04-22,2009,avril,mercredi,12:30,06,06088,0,0,2,2,3,1,1,4,3,00,1,1,000,000,1,0,0,4,1,17,0,1,9,00,2,0,1,200900035170B01,7,12,1
200900035206,2009-04-09,2009,avril,jeudi,16:10,06,06088,0,0,2,2,3,1,1,4,1,01,1,1,000,080,1,0,1,4,1,57,4,1,2,00,2,1,1,200900035206B01,7,16,1
200900035222,2009-04-21,2009,avril,mardi,12:45,06,06030,0,0,2,1,3,1,1,4,2,02,1,1,000,130,1,0,1,4,1,18,0,1,9,00,2,1,0,200900035222B01,7,0,1
200900035248,2009-04-08,2009,avril,mercredi,75:0,06,06029,0,0,2,1,3,1,1,4,2,05,1,1,010,110,1,0,1,1,1,39,0,1,9,00,2,4,6,200900035248A01,33,1,1
200900035258,2009-04-13,2009,avril,lundi,12:15,06,06138,0,0,2,1,1,1,1,3,-1,00,3,3,000,070,1,0,1,3,1,49,5,1,9,00,0,9,1,200900035258B02,33,1,1
200900035283,2009-09-10,2009,septembre,jeudi,12:15,72,72264,0.00004,NaN,2,9,3,1,1,3,2,02,2,1,000,000,1,0,5,3,1,43,1,1,1,00,2,1,1,200900035283B02,10,16,1
200900035303,2009-08-17,2009,août,lundi,63:0,02,02756,0.00004,0,1,1,2,2,1,3,3,02,1,1,015,070,1,0,1,2,1,48,1,1,4,00,0,4,2,200900035303B02,15,2,1
200900035316,2009-08-15,2009,août,samedi,10:45,02,02431,0,0,1,1,1,1,1,3,2,02,1,1,000,070,1,0,1,4,1,85,5,1,2,00,2,8,1,200900035316B02,7,17,1
200900035373,2009-10-01,2009,octobre,jeudi,83:0,72,72373,0.00004,0,1,1,1,1,1,3,2,01,-1,2,000,053,1,0,1,3,1,78,5,1,1,00,2,4,1,200900035373B02,7,1,1
200900035387,2009-09-30,2009,septembre,mercredi,17:30,72,72008,0.00004,0,2,1,1,1,1,9,2,00,2,1,000,070,1,5,1,3,1,57,5,1,2,00,2,1,1,200900035387B02,7,15,1
200900035397,2009-10-20,2009,octobre,mardi,12:30,72,72186,0.00004,0,2,1,3,1,1,3,-1,02,1,1,000,000,1,0,1,3,1,12,2,1,4,00,2,0,0,200900035397B02,7,1,1