Num_Acc,date,an,mois,jour,hrmn,dep,com,lat,long,agg,int,col,lum,atm,catr,circ,nbv,prof,plan,lartpc,larrout,surf,infra,situ,grav,sexe,age,trajet,secuexist,equipement,obs,obsm,choc,manv,vehiculeid,typevehicules,manoeuvehicules,numVehicules
200900035420,2009-10-02,2009,octobre,vendredi,12:10,64,64445,0.00004,NaN,2,3,3,1,1,4,2,02,1,1,000,092,1,0,1,3,2,66,5,1,9,00,2,8,1,200900035420B01,7,16,1
200900035437,2009-10-07,2009,octobre,mercredi,17:15,64,64445,0.00004,NaN,2,3,3,1,1,4,2,02,1,1,000,000,1,0,1,3,1,81,5,1,9,00,2,8,1,200900035437B01,7,15,1
200900035455,2009-10-15,2009,octobre,jeudi,74:5,64,64445,0.00004,NaN,2,2,3,2,1,4,2,02,1,1,000,070,1,0,1,4,1,15,5,1,9,00,2,2,0,200900035455B01,7,0,1
200900035456,2009-10-15,2009,octobre,jeudi,15:20,64,64335,0.00004,NaN,1,6,3,1,1,3,2,02,1,1,000,130,1,0,1,3,1,64,0,1,9,00,2,1,1,200900035456B01,7,9,1
200900035459,2009-08-31,2009,août,lundi,11:00,31,31418,0.00004,0,2,1,1,1,1,3,2,02,2,2,000,000,-1,0,0,3,2,13,5,1,8,00,0,0,13,200900035459A01,7,1,1
200900035467,2009-08-04,2009,août,mardi,90:0,52,52017,0.00004,0,2,4,3,1,1,3,2,02,4,1,000,070,1,0,1,2,1,69,5,1,2,00,2,1,15,200900035467A01,7,16,1
200900035470,2009-08-13,2009,août,jeudi,15:30,52,52348,0.00004,0,2,1,1,1,1,3,2,02,1,1,000,079,1,0,1,4,1,69,5,1,2,00,2,0,21,200900035470B02,7,16,1
200900035514,2009-04-10,2009,avril,vendredi,17:40,78,78297,0.00004,0,2,2,3,1,8,4,-1,00,2,1,000,000,1,0,1,4,1,13,0,1,4,00,2,1,19,200900035514A01,7,16,1
200900035517,2009-04-12,2009,avril,dimanche,15:00,78,78015,0.00004,0,2,1,3,1,1,4,2,02,1,1,000,060,1,0,1,3,1,7,5,1,4,00,2,2,19,200900035517B01,7,20,1
200900035594,2009-10-22,2009,octobre,jeudi,12:10,72,72181,0,0,2,1,3,1,1,4,1,02,2,3,000,000,1,0,1,4,2,23,4,1,4,00,0,8,1,200900035594B01,7,16,1
200900035613,2009-02-11,2009,février,mercredi,71:5,77,77483,0.00004,0,1,1,1,2,9,3,2,02,-1,2,000,060,7,0,0,3,1,39,1,1,2,00,2,1,1,200900035613B02,7,13,1
200900035623,2009-02-08,2009,février,dimanche,13:00,77,77059,0,0,2,6,3,1,8,4,-1,02,1,2,000,000,1,5,1,4,1,39,5,1,2,00,2,3,2,200900035623B01,7,2,1
200900035673,2009-03-20,2009,mars,vendredi,10:15,55,55181,0.00004,0,2,4,3,1,1,3,2,02,1,2,,075,1,0,1,4,2,75,3,1,2,00,2,7,1,200900035673B02,3,15,1
200900035718,2009-08-19,2009,août,mercredi,11:15,28,28363,0.00004,0,2,3,3,1,1,3,2,00,1,1,000,060,1,0,1,3,2,7,5,1,1,00,0,0,0,200900035718A01,17,1,1
200900035749,2009-09-02,2009,septembre,mercredi,17:30,28,28116,0.00004,0,2,1,7,1,1,4,2,01,1,1,000,050,1,0,1,3,1,10,5,1,1,00,0,0,1,200900035749A01,,,
200900035756,2009-09-09,2009,septembre,mercredi,17:00,28,28127,0.00004,0,2,1,1,1,1,3,2,02,1,1,060,000,1,0,1,3,2,10,5,1,1,00,2,8,19,200900035756B01,7,1,1
200900035764,2009-09-28,2009,septembre,lundi,17:35,28,28218,0.00004,0,2,1,2,1,1,4,2,02,1,1,000,100,1,0,1,4,2,3,0,1,9,00,2,8,1,200900035764B01,7,4,1
200900035766,2009-09-22,2009,septembre,mardi,11:50,28,28220,0.00004,0,2,6,3,1,1,3,1,01,1,2,000,050,1,0,1,4,2,43,0,1,4,00,2,3,15,200900035766B01,7,17,1
200900035785,2009-10-23,2009,octobre,vendredi,20:00,43,43224,0.00004,0,1,1,3,5,1,3,2,02,1,1,000,073,1,0,1,2,1,29,1,1,4,00,2,8,15,200900035785B02,7,17,1
200900035819,2009-10-08,2009,octobre,jeudi,15:00,49,49328,0,0,1,1,7,1,1,4,2,02,2,4,000,000,1,0,1,4,1,22,5,1,9,00,0,0,1,200900035819A01,,,
200900035841,2009-10-27,2009,octobre,mardi,15:20,49,49007,0,0,2,2,3,1,1,4,2,03,1,1,000,120,1,0,1,4,1,77,5,1,4,00,2,1,1,200900035841B01,7,16,1
200900035844,2009-10-21,2009,octobre,mercredi,17:55,49,49007,0,0,2,1,7,1,1,4,2,02,1,1,000,088,1,0,1,4,1,16,2,1,2,00,0,0,1,200900035844A01,,,
200900035849,2009-10-24,2009,octobre,samedi,90:5,49,49328,0,0,2,3,3,1,2,4,2,02,1,3,000,000,2,0,1,4,2,18,5,1,9,00,2,1,1,200900035849B01,7,15,1
200900035855,2009-10-23,2009,octobre,vendredi,80:0,49,49007,0,0,2,6,3,2,2,4,2,02,1,1,000,080,2,0,1,4,1,14,1,1,4,00,2,1,1,200900035855B01,7,0,1
200900035856,2009-10-16,2009,octobre,vendredi,18:49,49,49007,0,0,2,1,3,1,1,4,2,02,1,1,000,080,1,0,1,4,1,34,5,1,4,00,2,1,17,200900035856B01,7,15,1
200900035869,2009-10-14,2009,octobre,mercredi,84:1,49,49007,0,0,2,6,3,1,1,4,2,02,1,1,000,150,1,5,1,4,1,27,0,1,2,00,2,1,1,200900035869B01,7,9,1
200900035872,2009-10-09,2009,octobre,vendredi,84:1,49,49267,0,0,2,1,6,1,1,4,2,02,1,1,000,067,1,0,1,4,1,17,1,1,2,00,2,4,1,200900035872B01,,,
200900035873,2009-10-03,2009,octobre,samedi,14:18,49,49007,0,0,2,1,7,1,1,4,2,03,1,1,000,099,2,0,5,4,1,23,5,1,2,00,0,1,1,200900035873A01,,,
200900035885,2009-10-07,2009,octobre,mercredi,82:3,49,49007,0,0,2,6,1,1,1,4,-1,02,1,1,000,000,1,0,1,4,2,20,0,1,2,00,2,7,2,200900035885B01,7,16,1
200900035886,2009-10-09,2009,octobre,vendredi,12:19,49,49353,0,0,2,1,3,1,1,4,2,02,1,1,000,041,1,5,1,4,2,21,1,1,9,00,0,1,1,200900035886B01,7,9,1
200900035889,2009-10-05,2009,octobre,lundi,17:12,49,49007,0,0,2,1,7,1,1,4,-1,01,1,1,000,030,1,0,0,4,2,29,0,1,9,00,2,0,1,200900035889B01,7,1,1
200900035900,2009-08-26,2009,août,mercredi,13:45,10,10341,0,0,2,1,2,1,1,2,2,02,-1,1,000,070,1,0,1,2,1,53,5,1,1,00,2,4,2,200900035900B02,13,2,1
200900035912,2009-08-11,2009,août,mardi,94:5,10,10164,0.00004,0,1,1,2,1,7,3,2,02,3,1,000,054,1,0,1,3,1,8,5,1,2,00,2,4,2,200900035912B02,7,14,1
200900035923,2009-09-15,2009,septembre,mardi,93:0,10,10081,0,0,2,2,1,1,1,3,2,02,1,1,000,000,1,0,1,4,1,17,0,1,2,00,2,1,1,200900035923B01,7,15,1
200900035924,2009-09-03,2009,septembre,jeudi,18:00,10,10387,0,0,2,3,3,1,1,4,2,02,1,1,000,070,1,0,1,4,1,17,9,1,2,00,2,1,15,200900035924A01,7,1,1
200900035925,2009-09-03,2009,septembre,jeudi,10:20,10,10387,0.00004,0,2,1,2,1,1,3,1,02,1,1,000,070,1,0,1,4,1,80,0,1,9,00,2,8,11,200900035925A01,7,1,1
200900035933,2009-09-14,2009,septembre,lundi,18:15,10,10387,0,0,2,3,3,1,1,4,1,02,1,1,000,070,1,0,1,4,2,54,0,1,9,00,2,1,1,200900035933B01,7,16,1
200900035939,2009-09-11,2009,septembre,vendredi,71:5,10,10234,0.00004,0,1,6,1,1,1,3,-1,01,1,-1,000,081,1,0,1,3,1,32,1,1,1,00,2,1,1,200900035939A01,7,0,1
200900035953,2009-03-22,2009,mars,dimanche,12:55,59,59650,0,0,1,2,3,1,1,4,2,02,1,1,000,000,1,0,1,3,2,22,9,1,9,01,0,0,1,200900035953B01,7,22,1
200900035959,2009-10-15,2009,octobre,jeudi,18:18,79,79329,0,0,2,3,3,1,1,4,2,01,1,1,000,050,1,0,0,4,1,10,5,1,9,00,2,1,19,200900035959A01,7,1,1
200900035973,2009-10-22,2009,octobre,jeudi,17:10,79,79081,0,0,2,1,7,1,1,3,2,02,1,1,000,080,1,0,1,4,2,57,0,1,9,00,0,0,1,200900035973A01,,,
200900035990,2009-05-18,2009,mai,lundi,75:0,06,06088,0,0,2,2,3,1,1,4,2,02,1,1,000,080,1,0,1,4,1,33,0,1,9,00,2,0,1,200900035990B01,7,1,1
200900036002,2009-05-30,2009,mai,samedi,19:45,06,06088,0,0,2,1,3,1,1,4,2,00,1,1,000,000,1,0,1,3,1,56,5,1,9,00,2,1,1,200900036002A01,7,1,1
200900036127,2009-05-23,2009,mai,samedi,11:25,06,06069,0,0,2,1,3,1,1,4,2,02,1,1,000,000,1,0,1,4,2,10,0,1,9,00,2,0,9,200900036127B01,7,1,1
200900036130,2009-05-17,2009,mai,dimanche,93:0,06,06068,0,0,1,1,5,1,1,3,2,02,2,3,000,066,1,0,1,3,1,44,5,1,2,00,2,1,17,200900036130B02,7,1,1
200900036130,2009-05-17,2009,mai,dimanche,93:0,06,06068,0,0,1,1,5,1,1,3,2,02,2,3,000,066,1,0,1,3,1,41,5,1,2,00,2,1,17,200900036130C03,7,1,1
200900036133,2009-05-14,2009,mai,jeudi,80:0,06,06029,0,0,2,1,3,1,1,4,2,04,2,1,000,120,-1,0,1,4,1,64,0,1,9,00,2,1,1,200900036133B01,7,0,1
200900036169,2009-05-19,2009,mai,mardi,17:00,06,06091,0,0,2,1,1,1,1,3,2,02,1,1,000,058,1,0,1,3,1,74,5,1,1,00,2,4,1,200900036169B02,7,15,1
200900036171,2009-05-13,2009,mai,mercredi,18:30,06,06157,0,0,1,6,1,1,1,3,2,00,1,-1,000,000,1,0,1,3,1,42,5,1,1,00,0,4,0,200900036171B02,7,0,1
200900036277,2009-06-18,2009,juin,jeudi,18:15,06,06056,0.00004,0,1,1,7,1,1,3,2,02,2,2,000,047,1,0,1,3,1,62,5,1,2,03,0,2,1,200900036277A01,,,
200900036327,2009-06-02,2009,juin,mardi,10:30,06,06088,0,0,2,1,3,1,1,4,2,02,2,3,020,070,1,0,1,3,1,41,5,1,9,00,2,1,1,200900036327A01,7,1,1
200900036368,2009-06-09,2009,juin,mardi,13:05,06,06088,0,0,2,1,3,1,1,4,2,04,1,1,000,000,1,0,1,4,2,26,0,1,9,00,2,0,9,200900036368A01,7,1,1
200900036380,2009-06-09,2009,juin,mardi,19:15,06,06088,0,0,2,1,3,1,1,4,1,02,1,1,000,000,1,0,1,4,1,13,5,1,9,00,2,0,9,200900036380A01,7,1,1
200900036392,2009-06-08,2009,juin,lundi,75:0,06,06069,0,0,2,1,6,1,1,3,2,02,2,1,000,000,1,0,1,4,1,56,0,1,9,00,1,1,1,200900036392A01,7,1,1
200900036426,2009-06-19,2009,juin,vendredi,81:5,06,06088,0,0,2,1,2,1,1,4,2,01,1,1,000,042,1,0,1,3,1,85,0,1,9,00,2,4,15,200900036426B01,7,1,1
200900036434,2009-06-22,2009,juin,lundi,15:50,06,06029,0,0,2,1,5,1,1,4,2,04,1,1,000,130,1,0,1,4,1,59,5,1,9,00,2,1,1,200900036434C01,33/ 99,1/16,2
200900036459,2009-06-25,2009,juin,jeudi,70:5,06,06083,0,0,2,3,1,1,1,3,2,02,1,1,000,070,1,0,0,4,2,41,1,1,9,00,0,0,1,200900036459A01,30,5,1
200900036463,2009-06-24,2009,juin,mercredi,10:10,06,06104,0,0,2,1,3,1,1,3,2,03,2,1,000,105,1,0,1,4,1,36,4,1,2,01,0,1,1,200900036463B01,7,24,1
200900036475,2009-09-05,2009,septembre,samedi,13:0,52,52500,0.00004,0,1,1,2,3,1,3,2,01,1,1,000,000,1,0,1,4,1,22,5,1,4,00,2,4,1,200900036475B02,7,1,1
200900036476,2009-09-05,2009,septembre,samedi,16:22,52,52121,0.00004,0,1,2,3,1,1,2,2,02,1,1,000,072,1,0,1,4,2,63,5,1,2,00,2,7,1,200900036476B01,7,1,1
200900036482,2009-09-22,2009,septembre,mardi,17:10,52,52331,0.00004,0,2,3,3,1,7,4,2,00,1,1,000,060,1,0,1,4,1,13,2,1,2,00,2,8,15,200900036482B02,7,13,1
200900036497,2009-09-29,2009,septembre,mardi,84:5,52,52121,0.00004,0,2,1,3,1,1,4,1,02,1,1,000,054,1,0,1,4,2,37,1,1,2,00,2,7,19,200900036497A01,7,12,1
200900036527,2009-07-27,2009,juillet,lundi,12:45,35,35263,0,0,1,2,3,1,1,4,2,00,2,1,046,000,1,0,1,3,1,9,5,1,1,00,2,8,1,200900036527B02,7,16,1
200900036552,2009-07-09,2009,juillet,jeudi,10:40,35,35288,0,0,2,6,3,1,1,4,1,02,1,3,000,000,1,0,1,4,2,20,5,1,2,00,2,1,1,200900036552B01,7,0,1
200900036553,2009-07-27,2009,juillet,lundi,15:50,35,35115,0,0,2,1,3,1,1,9,2,02,2,1,000,070,1,0,1,4,1,20,5,1,2,00,0,1,17,200900036553A01,7,15,1
200900036570,2009-07-27,2009,juillet,lundi,23:30,35,35238,0,0,2,1,7,5,1,4,2,03,1,1,000,090,1,0,1,4,2,30,5,1,8,00,0,1,1,200900036570A01,,,
200900036571,2009-07-21,2009,juillet,mardi,75:0,35,35238,0,0,2,6,3,1,1,4,3,01,1,2,090,050,1,5,1,4,1,42,1,1,2,00,2,1,20,200900036571B01,7,16,1
200900036574,2009-07-27,2009,juillet,lundi,16:10,35,35238,0,0,2,1,3,1,1,4,2,02,1,1,000,060,1,0,4,4,2,22,5,1,8,00,2,8,1,200900036574A01,10,9,1
200900036624,2009-08-12,2009,août,mercredi,93:0,83,83107,0,0,2,1,3,1,1,4,2,02,4,1,000,000,1,0,1,3,1,64,5,1,2,00,2,8,1,200900036624B02,7,15,1
200900036635,2009-08-23,2009,août,dimanche,10:00,83,83027,0,0,1,1,1,1,1,3,2,02,1,1,000,000,1,0,1,3,1,39,5,1,2,00,2,2,1,200900036635B02,7,15,1
200900036654,2009-08-16,2009,août,dimanche,14:30,83,83098,0,0,2,1,3,1,1,4,2,02,1,1,000,110,1,0,1,4,1,15,5,1,2,00,2,8,16,200900036654A01,7,1,1
200900036658,2009-08-27,2009,août,jeudi,90:5,83,83137,0,0,1,1,6,1,1,6,2,02,1,1,000,000,1,0,1,4,1,36,1,1,9,01,0,1,21,200900036658A01,,,
200900036697,2009-08-08,2009,août,samedi,72:0,83,83153,0,0,2,2,3,2,1,3,2,02,1,-1,000,000,1,0,1,4,1,43,0,1,2,00,2,1,1,200900036697B01,7,15,1
200900036700,2009-08-01,2009,août,samedi,91:5,83,83064,0,0,1,6,2,1,1,3,1,02,1,-1,000,055,1,0,1,3,2,47,5,1,2,00,2,4,0,200900036700A01,7,16,1
200900036725,2009-09-18,2009,septembre,vendredi,13:10,83,83137,0,0,2,1,6,1,8,4,-1,01,2,2,000,100,1,6,0,1,1,18,5,1,9,00,1,0,21,200900036725A01,,,
200900036725,2009-09-18,2009,septembre,vendredi,13:10,83,83137,0,0,2,1,6,1,8,4,-1,01,2,2,000,100,1,6,0,3,2,41,4,1,9,00,1,0,21,200900036725A01,,,
200900036750,2009-09-09,2009,septembre,mercredi,73:0,83,83126,0,0,1,1,7,1,1,3,1,02,1,1,000,000,1,0,1,4,1,55,1,1,9,00,0,0,17,200900036750A01,,,
200900036836,2009-10-16,2009,octobre,vendredi,16:09,83,83137,0,0,2,2,3,1,1,4,1,03,1,1,000,030,1,0,1,4,1,46,1,1,2,00,2,1,1,200900036836B01,99,16,1
200900036867,2009-10-04,2009,octobre,dimanche,15:15,83,83123,0,0,2,1,1,1,1,4,2,02,1,2,000,060,1,0,1,3,1,12,5,1,2,00,2,1,5,200900036867A01,7,1,1
200900036871,2009-10-01,2009,octobre,jeudi,82:5,83,83137,0,0,2,3,3,1,1,4,2,02,1,1,000,060,1,0,1,4,1,13,5,1,9,00,2,0,0,200900036871A01,7,1,1
200900036873,2009-10-03,2009,octobre,samedi,17:05,83,83129,0,0,2,3,6,1,1,4,2,01,1,1,000,060,1,0,1,4,2,13,5,1,2,00,2,1,5,200900036873A01,7,1,1
200900036878,2009-10-09,2009,octobre,vendredi,21:10,83,83137,0,0,2,2,6,5,1,9,1,02,-1,-1,000,080,-1,0,1,4,1,29,0,1,9,00,1,1,0,200900036878A01,,,
200900036889,2009-09-09,2009,septembre,mercredi,16:30,80,80561,0,0,2,1,2,1,1,3,2,02,2,1,000,053,1,0,1,3,1,31,5,1,2,00,2,1,2,200900036889A01,7,2,1
200900036902,2009-09-09,2009,septembre,mercredi,17:40,80,80021,0,0,2,1,6,1,1,4,2,02,1,1,000,000,1,0,1,4,2,8,5,1,2,00,2,1,19,200900036902A01,7,1,1
200900036905,2009-09-10,2009,septembre,jeudi,12:20,80,80021,0,0,2,1,6,1,1,4,2,02,1,1,000,000,1,0,1,4,2,29,5,1,2,00,2,1,1,200900036905B01,7,22,1
200900036919,2009-09-20,2009,septembre,dimanche,12:30,80,80021,0,0,2,3,3,1,1,4,2,02,1,1,000,000,1,0,1,4,1,15,5,1,2,00,2,1,1,200900036919A01,7,14,1
200900036965,2009-11-21,2009,novembre,samedi,16:00,04,04028,0.00004,0,1,1,4,1,1,3,2,00,1,1,000,062,1,0,1,4,2,56,5,1,2,00,0,4,2,200900036965C03,7,2,1
200900036965,2009-11-21,2009,novembre,samedi,16:00,04,04028,0.00004,0,1,1,4,1,1,3,2,00,1,1,000,062,1,0,1,4,2,53,5,1,2,00,0,4,2,200900036965B02,7,2,1
200900036968,2009-02-17,2009,février,mardi,81:5,78,78299,0.00004,0,2,4,3,1,1,4,2,00,1,1,000,000,1,0,1,4,1,19,1,1,4,00,2,7,18,200900036968A01,7,0,1
200900036982,2009-10-16,2009,octobre,vendredi,17:45,52,52529,0.00004,0,1,1,3,1,1,3,4,03,1,1,000,108,1,0,1,3,2,32,1,1,2,00,2,6,10,200900036982A01,7,17,1
200900037003,2009-10-29,2009,octobre,jeudi,13:35,65,65440,0,0,2,6,3,1,1,4,3,02,1,1,010,120,1,0,0,4,1,61,5,1,2,00,0,5,1,200900037003B01,7,1,1
200900037009,2009-10-05,2009,octobre,lundi,12:20,65,65440,0,0,2,2,3,1,1,4,1,01,1,1,000,044,1,0,1,4,1,17,0,1,2,00,2,1,18,200900037009B01,7,16,1
200900037027,2009-02-12,2009,février,jeudi,19:25,14,14327,0.00004,NaN,2,1,3,5,1,4,2,02,2,2,000,000,1,0,1,3,1,64,5,1,4,00,2,1,1,200900037027B01,7,15,1
200900037062,2009-03-22,2009,mars,dimanche,11:30,14,14431,0.00004,NaN,2,1,6,1,1,9,2,02,1,1,000,046,1,0,1,3,1,18,5,1,2,01,0,1,1,200900037062A01,,,
200900037108,2009-06-02,2009,juin,mardi,17:30,29,29120,0.00004,NaN,2,1,3,1,1,3,2,02,1,1,000,055,1,0,1,3,2,9,5,1,1,00,2,7,19,200900037108B02,15,1,1
200900037129,2009-06-22,2009,juin,lundi,20:06,29,29232,0,0,2,1,6,1,1,4,2,02,1,1,000,000,1,0,1,4,2,51,0,1,2,01,0,2,1,200900037129B01,7,22,1
200900037168,2009-07-16,2009,juillet,jeudi,70:0,29,29019,0,0,2,1,3,1,1,9,2,00,1,1,000,000,1,0,1,4,1,33,1,1,2,00,2,7,1,200900037168B02,7,16,1
200900037172,2009-07-01,2009,juillet,mercredi,11:00,29,29071,0,0,1,1,1,1,1,4,2,02,2,1,056,000,1,0,1,3,1,56,5,1,1,00,2,1,1,200900037172B02,7,15,1
200900037177,2009-07-05,2009,juillet,dimanche,13:25,29,29019,0,0,2,6,3,1,1,4,3,04,1,4,040,149,1,0,1,4,1,39,0,1,2,00,0,7,1,200900037177B01,7,9,1
200900037210,2009-04-01,2009,avril,mercredi,17:00,14,14220,0.00004,0,2,6,6,1,1,3,3,04,1,-1,000,000,1,5,1,3,2,68,3,1,9,00,2,1,0,200900037210B01,7,16,1
200900037248,2009-04-30,2009,avril,jeudi,16:55,51,51644,0,0,2,2,3,1,1,3,2,02,1,1,000,069,1,0,1,4,2,10,5,1,1,00,2,7,19,200900037248A01,10,1,1
200900037284,2009-08-31,2009,août,lundi,19:15,48,48137,0,0,2,1,2,2,1,2,2,02,1,1,067,000,1,0,1,3,1,33,5,1,1,00,2,4,1,200900037284B02,7,2,1
200900037308,2009-10-20,2009,octobre,mardi,18:48,36,36044,0.00004,0,2,1,2,2,1,4,2,02,2,-1,000,060,1,0,1,4,1,11,0,1,9,00,2,1,2,200900037308A01,7,1,1
200900037379,2009-05-01,2009,mai,vendredi,17:40,55,55545,0,0,2,1,7,1,1,4,1,02,1,1,000,070,-1,0,4,1,1,19,0,1,2,00,1,1,1,200900037379A01,,,
200900037389,2009-06-17,2009,juin,mercredi,18:00,55,55166,0.00004,0,1,1,3,1,1,3,2,02,2,1,000,070,1,0,1,4,1,70,5,1,2,00,2,8,1,200900037389B02,15,17,1
200900037394,2009-06-29,2009,juin,lundi,19:10,55,55545,0,0,2,1,1,1,1,4,2,02,1,1,000,000,1,0,1,4,1,11,0,1,2,00,2,3,19,200900037394B01,7,1,1
200900037422,2009-08-08,2009,août,samedi,22:15,29,29178,0,0,1,1,3,4,1,4,2,02,1,1,000,140,1,0,1,3,1,24,5,1,4,00,2,8,15,200900037422B02,7,1,1
200900037430,2009-08-20,2009,août,jeudi,14:15,29,29040,0,0,2,1,3,1,1,4,2,02,1,1,000,060,1,5,1,4,1,64,5,1,2,00,2,1,1,200900037430B02,7,15,1
200900037431,2009-08-08,2009,août,samedi,14:45,29,29103,0,0,2,1,1,1,1,5,-1,00,1,2,000,000,1,0,0,3,2,9,5,1,1,00,2,1,5,200900037431B02,7,1,1
200900037437,2009-08-16,2009,août,dimanche,75:5,29,29019,0,0,2,6,3,1,2,4,2,02,1,1,000,060,2,0,1,4,1,29,1,1,9,01,2,8,1,200900037437B01,7,16,1
200900037468,2009-09-13,2009,septembre,dimanche,17:00,29,29158,0,0,1,1,4,1,1,4,-1,02,1,1,000,065,1,0,1,3,2,17,0,1,1,00,2,8,23,200900037468C03,7/ 2,23/1,2
200900037470,2009-09-30,2009,septembre,mercredi,13:15,29,29151,0,0,2,1,1,1,1,4,-1,00,2,1,000,000,1,0,1,4,1,39,9,1,4,00,2,1,1,200900037470B01,30,13,1
200900037482,2009-09-26,2009,septembre,samedi,11:40,29,29232,0,0,2,2,3,1,1,4,2,02,1,-1,000,000,-1,0,1,3,1,39,0,1,2,00,2,1,5,200900037482A01,7,23,1
200900037487,2009-09-02,2009,septembre,mercredi,14:30,29,29135,0,0,2,6,1,1,2,3,-1,00,1,-1,000,000,2,5,1,3,2,74,5,1,1,00,2,1,1,200900037487B02,7,9,1
200900037516,2009-10-12,2009,octobre,lundi,16:00,29,29020,0.00004,NaN,1,1,1,1,7,3,2,02,1,1,000,072,1,0,1,3,2,63,5,1,2,00,2,4,1,200900037516B02,30,1,1
200900037516,2009-10-12,2009,octobre,lundi,16:00,29,29020,0.00004,NaN,1,1,1,1,7,3,2,02,1,1,000,072,1,0,1,3,1,63,5,1,2,00,2,4,1,200900037516B02,30,1,1
200900037529,2009-10-27,2009,octobre,mardi,17:45,29,29272,0.00004,NaN,1,1,3,1,1,4,2,00,3,1,000,064,1,0,1,3,1,13,0,1,1,00,2,1,1,200900037529B02,7,1,1
200900037556,2009-10-10,2009,octobre,samedi,10:05,29,29019,0,0,2,6,2,1,1,9,2,00,1,1,000,000,1,0,1,4,1,19,0,1,2,00,2,4,1,200900037556B01,7,9,1
200900037571,2009-09-01,2009,septembre,mardi,16:10,95,95424,0.00004,0,2,1,3,1,1,3,3,04,1,1,020,160,1,0,1,4,1,48,1,1,2,00,2,1,1,200900037571B01,10,16,1
200900037573,2009-09-04,2009,septembre,vendredi,17:15,95,95582,0.00004,0,2,2,2,1,1,3,2,03,1,1,000,120,1,5,1,4,1,66,5,1,2,00,2,4,1,200900037573B02,7,2,1
200900037580,2009-09-14,2009,septembre,lundi,17:20,95,95018,0.00004,0,2,2,3,1,1,3,3,05,1,1,015,180,1,5,1,4,2,21,5,1,2,00,2,1,19,200900037580B01,7,17,1
200900037582,2009-09-15,2009,septembre,mardi,19:00,95,95313,0.00004,0,2,1,6,1,1,3,2,02,1,1,000,084,1,0,4,4,1,46,1,1,9,00,2,1,1,200900037582B02,7,1,1
200900037583,2009-09-21,2009,septembre,lundi,60:0,95,95063,0.00004,0,2,1,6,5,1,3,2,04,1,1,005,086,1,0,1,3,1,57,1,1,9,01,2,8,1,200900037583B01,7,1,1
200900037608,2009-09-20,2009,septembre,dimanche,10:50,95,95585,0,0,2,3,3,1,1,4,2,02,1,1,000,065,1,0,1,4,1,26,0,1,2,00,2,1,1,200900037608A01,10,1,1
200900037615,2009-09-28,2009,septembre,lundi,12:00,95,95219,0.00004,0,2,1,1,1,1,6,-1,00,2,3,000,000,1,0,1,4,1,32,5,1,9,00,2,1,1,200900037615B01,7,15,1
200900037616,2009-09-28,2009,septembre,lundi,19:45,95,95018,0.00004,0,2,5,6,5,1,3,3,04,1,1,025,120,1,0,0,4,1,12,5,1,2,00,2,2,19,200900037616A01,7,1,1
200900037623,2009-09-22,2009,septembre,mardi,12:20,95,95176,0.00004,0,2,1,2,1,1,3,2,02,1,-1,000,090,1,0,1,4,2,67,5,1,2,00,2,1,2,200900037623B01,15,2,1
200900037627,2009-09-21,2009,septembre,lundi,18:55,95,95018,0.00004,0,2,1,3,2,1,3,2,02,-1,-1,000,090,1,0,1,4,1,54,5,1,2,01,0,1,1,200900037627B01,7,22,1
200900037629,2009-09-26,2009,septembre,samedi,70:0,95,95018,0.00004,0,2,3,2,5,1,4,2,02,1,1,000,068,1,0,1,4,1,46,1,1,2,00,2,4,1,200900037629A01,10,2,1
200900037630,2009-09-08,2009,septembre,mardi,19:20,95,95607,0.00004,0,2,2,3,1,1,3,2,03,1,1,000,110,1,5,1,4,2,40,0,1,2,00,2,1,1,200900037630B01,7,16,1
200900037647,2009-10-02,2009,octobre,vendredi,82:5,95,95563,0.00004,0,2,1,6,1,1,3,2,02,1,1,000,000,1,0,1,4,1,12,9,1,2,00,2,4,1,200900037647A01,10,1,1
200900037661,2009-10-20,2009,octobre,mardi,15:40,95,95252,0.00004,0,2,3,2,1,1,3,3,02,1,1,000,000,1,0,1,4,1,59,9,1,9,00,2,4,1,200900037661B01,37,1,1
200900037663,2009-10-07,2009,octobre,mercredi,20:00,95,95042,0.00004,0,1,1,1,3,8,4,-1,00,1,2,000,070,1,0,1,2,1,39,5,1,2,00,2,1,1,200900037663B02,7,5,1
200900037681,2009-10-26,2009,octobre,lundi,14:10,95,95176,0.00004,0,2,6,7,1,1,3,2,02,1,2,000,070,1,5,0,4,1,36,1,1,2,16,0,1,1,200900037681A01,,,
200900037745,2009-08-25,2009,août,mardi,17:30,84,84017,0,0,1,1,7,1,8,3,2,00,2,3,000,000,1,0,3,3,1,44,5,1,2,02,0,1,1,200900037745A01,,,
200900037754,2009-08-20,2009,août,jeudi,10:15,84,84040,0,0,1,1,1,1,1,3,2,02,1,1,000,065,1,0,1,3,1,41,5,1,2,00,2,1,1,200900037754B02,7,15,1
200900037772,2009-08-11,2009,août,mardi,19:30,84,84007,0,0,2,1,6,1,1,4,-1,02,1,1,000,030,1,0,1,4,1,58,0,1,2,00,2,0,0,200900037772B01,2,0,1
200900037786,2009-08-24,2009,août,lundi,18:00,84,84007,0,0,2,1,2,1,1,4,2,02,1,1,000,060,1,0,1,3,1,8,5,1,2,00,2,4,0,200900037786B01,7,0,1
200900037797,2009-09-22,2009,septembre,mardi,84:0,84,84035,0,0,2,6,1,1,1,3,2,02,2,4,000,070,1,5,1,3,2,28,1,1,4,00,2,8,1,200900037797B01,15,16,1