Num_Acc,date,an,mois,jour,hrmn,dep,com,lat,long,agg,int,col,lum,atm,catr,circ,nbv,prof,plan,lartpc,larrout,surf,infra,situ,grav,sexe,age,trajet,secuexist,equipement,obs,obsm,choc,manv,vehiculeid,typevehicules,manoeuvehicules,numVehicules
200900037807,2009-09-01,2009,septembre,mardi,15:15,84,84072,0,0,2,1,1,1,1,3,2,00,1,1,000,000,1,0,1,3,1,17,5,1,2,00,2,1,0,200900037807B02,7,0,1
200900037819,2009-09-21,2009,septembre,lundi,91:0,84,84007,0,0,2,1,6,1,1,4,1,01,1,1,000,031,1,5,1,3,1,80,0,1,3,00,2,1,9,200900037819A01,7,0,1
200900037822,2009-09-25,2009,septembre,vendredi,91:0,84,84007,0,0,2,1,3,1,1,4,2,04,1,1,000,000,1,0,5,4,1,79,5,1,2,00,2,3,1,200900037822B01,15,16,1
200900037827,2009-09-07,2009,septembre,lundi,91:5,84,84007,0,0,2,1,3,1,1,4,2,02,1,3,000,060,1,0,1,4,2,49,9,1,9,00,2,8,1,200900037827B01,7,9,1
200900037828,2009-09-07,2009,septembre,lundi,18:00,84,84007,0,0,2,1,6,1,1,4,2,02,1,1,000,000,1,0,5,4,1,59,5,1,2,00,2,1,1,200900037828B01,7,22,1
200900037831,2009-09-11,2009,septembre,vendredi,11:25,84,84007,0,0,2,6,2,1,1,4,2,02,1,1,000,000,1,0,1,3,2,70,5,1,2,00,2,4,1,200900037831B01,15,9,1
200900037835,2009-09-29,2009,septembre,mardi,91:0,84,84007,0,0,2,1,6,1,1,3,2,04,1,1,000,100,1,0,1,4,2,53,9,1,9,00,2,1,23,200900037835B01,7,15,1
200900037848,2009-10-15,2009,octobre,jeudi,83:0,84,84043,0,0,2,1,3,1,1,4,2,02,1,1,054,000,1,0,1,3,2,65,9,1,1,00,2,7,1,200900037848B02,7,9,1
200900037852,2009-10-09,2009,octobre,vendredi,16:00,84,84129,0.00004,0,2,6,3,1,1,3,2,00,-1,3,031,160,1,5,1,3,2,22,1,1,2,00,0,8,2,200900037852B02,17,2,1
200900037864,2009-10-07,2009,octobre,mercredi,95:5,84,84007,0,0,1,2,3,1,1,4,1,01,1,1,000,000,1,0,5,3,1,54,5,1,2,00,2,2,1,200900037864A01,7,1,1
200900037891,2009-03-14,2009,mars,samedi,18:00,50,50173,0.00004,NaN,2,3,3,1,1,3,1,01,1,1,000,000,1,3,1,4,1,15,5,1,2,00,2,1,1,200900037891A01,7,1,1
200900037910,2009-03-20,2009,mars,vendredi,16:00,50,50484,0.00004,NaN,2,2,3,1,1,4,2,02,1,1,000,082,1,0,1,3,2,64,5,1,8,00,2,2,1,200900037910B01,7,19,1
200900037929,2009-04-16,2009,avril,jeudi,10:30,50,50243,0.00004,NaN,1,1,2,1,1,3,2,00,1,2,000,075,1,0,1,4,1,55,5,1,2,00,2,4,1,200900037929B01,7,1,1
200900037948,2009-04-01,2009,avril,mercredi,12:15,50,50165,0.00004,NaN,2,1,6,1,1,3,2,02,1,1,000,066,1,0,1,3,1,55,1,1,9,01,0,1,1,200900037948B01,7,1/22,2
200900037953,2009-04-06,2009,avril,lundi,18:25,50,50173,0.00004,NaN,2,1,3,1,1,4,1,01,1,1,000,050,1,0,1,3,2,11,5,1,8,00,2,8,9,200900037953A01,7,1,1
200900037964,2009-05-07,2009,mai,jeudi,17:15,50,50129,0.00004,NaN,2,1,1,1,1,9,2,02,1,1,000,060,1,0,5,4,1,60,5,1,2,00,2,1,1,200900037964B01,1,5,1
200900037964,2009-05-07,2009,mai,jeudi,17:15,50,50129,0.00004,NaN,2,1,1,1,1,9,2,02,1,1,000,060,1,0,5,1,1,16,5,1,2,00,2,1,5,200900037964A01,1,1,1
200900037972,2009-05-22,2009,mai,vendredi,70:0,50,50602,0.00004,NaN,2,1,3,2,1,3,2,02,1,1,000,000,1,0,5,4,2,29,0,1,2,00,2,8,1,200900037972B01,30,17,1
200900037978,2009-05-27,2009,mai,mercredi,15:40,50,50129,0.00004,NaN,2,3,3,1,3,4,2,03,1,1,000,080,2,5,1,3,1,88,5,1,2,00,2,1,1,200900037978B01,7,9,1
200900037997,2009-06-02,2009,juin,mardi,21:05,50,50147,0.00004,NaN,2,1,7,1,1,3,2,03,2,1,000,000,1,0,3,3,1,51,0,1,9,15,0,7,14,200900037997A01,,,
200900038032,2009-06-19,2009,juin,vendredi,11:45,50,50602,0.00004,NaN,2,2,3,1,1,4,2,02,1,1,000,055,1,5,0,4,1,24,1,1,2,00,2,1,5,200900038032A01,7,23,1
200900038040,2009-06-18,2009,juin,jeudi,19:25,50,50165,0.00004,NaN,2,1,6,1,1,3,2,02,2,1,009,069,1,0,1,4,1,62,5,1,9,00,0,3,0,200900038040B01,7,17,1
200900038059,2009-07-31,2009,juillet,vendredi,20:00,50,50256,0.00004,NaN,1,1,6,1,1,4,2,02,2,3,000,000,1,0,3,3,1,14,5,1,2,02,0,1,14,200900038059A01,,,
200900038105,2009-08-22,2009,août,samedi,11:00,50,50433,0.00004,NaN,1,3,1,1,1,3,2,02,1,2,000,000,1,0,1,4,2,60,5,1,2,00,2,1,1,200900038105B01,7,15,1
200900038123,2009-08-19,2009,août,mercredi,10:30,50,50577,0.00004,NaN,2,1,3,1,1,3,2,02,2,1,000,063,1,0,1,3,1,62,5,1,2,00,2,8,1,200900038123A01,7,11,1
200900038143,2009-08-28,2009,août,vendredi,17:15,50,50129,0.00004,NaN,2,2,3,1,1,4,1,01,2,1,000,060,1,5,1,4,1,13,5,1,2,00,2,1,5,200900038143A01,7,1,1
200900038154,2009-09-08,2009,septembre,mardi,19:55,50,50129,0.00004,NaN,2,7,1,1,7,3,2,03,1,1,000,105,1,5,0,4,2,16,5,1,2,00,2,1,1,200900038154B01,7,15,1
200900038190,2009-03-18,2009,mars,mercredi,90:0,42,42184,0,0,2,1,2,1,1,4,2,02,1,3,000,065,1,0,1,4,1,69,1,1,9,00,2,4,1,200900038190A01,7,1,1
200900038227,2009-07-07,2009,juillet,mardi,12:30,55,55029,0,0,2,1,3,1,1,4,2,00,1,1,000,100,1,0,1,4,1,19,5,1,9,00,0,7,1,200900038227B01,7,2,1
200900038240,2009-07-30,2009,juillet,jeudi,16:50,37,37122,0,0,2,6,6,1,1,4,4,02,1,1,000,042,1,0,5,4,2,39,5,1,9,00,2,0,0,200900038240B01,7,1,1
200900038246,2009-01-07,2009,janvier,mercredi,17:05,42,42184,0,0,2,1,7,1,1,4,2,02,2,1,000,050,1,0,1,2,1,55,5,1,9,16,0,2,1,200900038246A01,,,
200900038265,2009-01-13,2009,janvier,mardi,14:31,42,42218,0,0,2,2,3,1,1,4,2,02,1,1,000,060,1,0,1,4,1,49,1,1,9,00,2,1,15,200900038265B01,7,1,1
200900038283,2009-01-22,2009,janvier,jeudi,74:5,42,42187,0,0,2,6,3,1,1,4,2,02,1,1,000,070,1,5,1,3,1,46,4,1,9,00,2,8,1,200900038283B01,7,1,1
200900038312,2009-02-28,2009,février,samedi,17:00,42,42059,0.00004,0,1,1,2,1,1,3,2,02,2,1,000,105,1,0,1,3,1,36,5,1,2,00,2,4,1,200900038312B02,7,17,1
200900038362,2009-03-17,2009,mars,mardi,54:5,42,42218,0,0,2,2,3,5,1,4,2,02,1,1,000,060,1,0,1,4,1,25,1,1,2,12,2,3,16,200900038362B01,7,16,1
200900038376,2009-03-14,2009,mars,samedi,10:30,42,42305,0.00004,0,2,1,6,1,1,2,2,02,1,1,000,060,1,0,1,3,1,39,5,1,9,00,2,1,1,200900038376B01,7,1,1
200900038378,2009-03-25,2009,mars,mercredi,14:15,42,42184,0,0,2,6,3,1,1,3,1,01,1,2,000,079,1,5,1,4,2,77,5,1,4,00,2,1,1,200900038378B01,7,1,1
200900038381,2009-03-04,2009,mars,mercredi,11:32,42,42218,0,0,2,1,3,1,1,4,1,01,1,1,000,000,1,0,1,4,1,36,0,1,9,00,2,0,1,200900038381B01,7,9,1
200900038383,2009-03-07,2009,mars,samedi,15:00,42,42095,0.00004,0,2,1,3,1,1,3,3,02,2,1,000,000,1,0,1,4,1,38,5,1,9,00,2,1,0,200900038383B01,7,16,1
200900038408,2009-03-31,2009,mars,mardi,16:45,42,42038,0.00004,0,1,9,7,1,1,3,2,00,-1,-1,000,044,-1,0,0,2,1,64,5,1,1,00,0,1,2,200900038408A01,,,
200900038433,2009-07-25,2009,juillet,samedi,93:0,26,26333,0.00004,0,2,1,1,1,1,2,2,00,2,1,000,064,1,0,1,3,1,71,5,1,2,00,2,8,1,200900038433B02,7,17,1
200900038440,2009-07-01,2009,juillet,mercredi,94:5,26,26362,0,0,2,2,3,1,1,4,2,02,1,1,000,050,1,0,1,4,2,34,0,1,2,00,2,1,9,200900038440B01,7,1,1
200900038447,2009-07-02,2009,juillet,jeudi,17:58,26,26281,0,0,2,1,6,1,1,4,2,02,1,1,000,070,1,0,1,4,1,10,5,1,2,00,2,1,9,200900038447A01,7,1,1
200900038450,2009-07-15,2009,juillet,mercredi,75:7,26,26362,0,0,2,6,6,1,1,4,2,02,2,1,000,000,1,0,0,3,1,82,5,1,2,00,2,0,1,200900038450B01,7,15,1
200900038452,2009-07-30,2009,juillet,jeudi,81:5,26,26281,0,0,2,2,3,1,1,4,2,02,1,2,000,080,1,0,1,4,1,60,5,1,2,00,2,1,23,200900038452B01,7,15,1
200900038460,2009-07-18,2009,juillet,samedi,92:0,26,26198,0,0,2,1,6,1,1,4,3,02,1,1,000,123,1,0,1,3,2,69,0,1,9,00,2,4,2,200900038460B01,7,2,1
200900038503,2009-03-12,2009,mars,jeudi,83:0,77,77083,0,0,2,1,3,1,8,4,2,02,2,1,000,050,2,0,1,3,1,27,0,1,9,00,2,2,5,200900038503A01,7,2,1
200900038563,2009-11-04,2009,novembre,mercredi,16:45,51,51507,0.00004,0,1,1,2,2,7,3,2,02,1,1,000,079,2,0,1,3,1,14,5,1,2,00,2,4,2,200900038563B02,7,2,1
200900038569,2009-09-01,2009,septembre,mardi,17:50,30,30189,0.00004,0,2,1,6,1,1,4,2,02,1,1,000,065,1,0,1,3,1,47,9,1,9,01,0,1,0,200900038569A01,,,
200900038575,2009-09-02,2009,septembre,mercredi,15:22,30,30189,0.00004,0,2,1,2,1,1,4,1,03,1,1,000,088,1,0,1,3,2,50,5,1,9,00,0,0,0,200900038575B01,7,0,1
200900038616,2009-09-14,2009,septembre,lundi,16:09,30,30189,0.00004,0,2,2,3,1,1,4,1,01,1,1,000,000,1,0,1,4,1,39,0,1,2,00,2,7,1,200900038616B01,7,19,1
200900038621,2009-09-15,2009,septembre,mardi,15:07,30,30189,0.00004,0,2,1,3,1,1,2,3,04,1,1,000,000,1,0,1,4,1,15,0,1,2,00,2,7,19,200900038621A01,33,1,1
200900038633,2009-09-21,2009,septembre,lundi,73:0,30,30339,0.00004,0,2,1,1,1,1,4,2,02,2,2,000,048,1,0,1,4,1,11,2,1,2,00,2,1,13,200900038633A01,7,1,1
200900038644,2009-09-23,2009,septembre,mercredi,18:45,30,30012,0.00004,0,1,1,1,1,1,3,2,00,1,1,000,000,1,3,1,3,1,51,5,1,2,00,2,1,1,200900038644B02,7,11,1
200900038649,2009-09-25,2009,septembre,vendredi,95:0,30,30007,0,0,2,1,1,1,1,6,1,01,1,-1,000,000,1,0,1,4,1,75,5,1,9,00,2,1,0,200900038649A01,7,1,1
200900038651,2009-09-26,2009,septembre,samedi,85:2,30,30189,0.00004,0,2,1,6,1,1,2,1,03,1,2,000,000,1,0,1,3,1,79,0,1,9,00,0,0,0,200900038651B01,7,2,1
200900038654,2009-09-26,2009,septembre,samedi,12:30,30,30151,0.00004,0,1,1,1,1,1,3,2,02,1,1,060,060,1,0,1,2,1,67,5,1,2,00,2,7,19,200900038654B02,7,1,1
200900038681,2009-07-01,2009,juillet,mercredi,10:45,46,46329,0.00004,0,1,1,1,1,1,3,2,02,1,1,000,067,1,0,1,2,2,72,5,1,2,00,2,1,23,200900038681B02,10,4,1
200900038695,2009-09-25,2009,septembre,vendredi,84:5,15,15014,0,-0,2,6,2,1,1,4,1,01,1,2,000,000,1,0,1,4,1,27,1,1,2,00,2,5,0,200900038695B01,7,1,1
200900038720,2009-09-16,2009,septembre,mercredi,12:20,31,31555,0,0,2,1,3,1,1,4,2,02,1,1,000,075,1,0,1,4,2,18,5,1,2,00,2,8,19,200900038720A01,7,15,1
200900038732,2009-09-28,2009,septembre,lundi,14:45,31,31555,0.00004,0,2,1,2,1,1,3,1,02,1,1,000,085,1,0,1,2,1,58,0,1,2,00,2,0,0,200900038732B01,7,16,1
200900038744,2009-09-05,2009,septembre,samedi,23:55,31,31555,0,0,2,6,3,5,1,4,2,00,1,1,000,060,1,0,1,4,1,19,5,1,9,00,2,0,0,200900038744A01,10,0,1
200900038748,2009-09-15,2009,septembre,mardi,84:0,31,31557,0.00004,0,2,3,3,1,1,3,2,02,1,1,000,090,1,0,1,4,2,59,5,1,2,00,0,8,1,200900038748B01,7,16,1
200900038749,2009-09-07,2009,septembre,lundi,19:15,31,31555,0,0,2,1,2,1,1,4,2,00,1,1,000,069,1,0,1,4,2,23,4,1,2,00,2,4,1,200900038749B01,7,1,1
200900038756,2009-09-07,2009,septembre,lundi,90:2,31,31555,0,0,2,1,1,1,1,4,2,03,1,1,000,000,1,0,1,4,1,26,1,1,2,00,2,1,1,200900038756B01,7,15,1
200900038762,2009-09-03,2009,septembre,jeudi,95:5,31,31555,0,0,2,1,3,1,1,4,2,02,1,1,000,075,1,0,1,4,2,29,3,1,2,00,2,3,1,200900038762B01,7,15,1
200900038781,2009-09-17,2009,septembre,jeudi,15:00,31,31424,0.00004,0,1,1,2,1,1,3,2,00,1,1,065,000,1,0,1,3,1,78,5,1,2,00,2,1,1,200900038781B02,10,1,1
200900038795,2009-08-27,2009,août,jeudi,54:5,15,15014,0,-0,2,1,7,5,1,4,1,02,1,1,015,050,1,0,1,4,1,57,1,1,4,12,0,0,1,200900038795A01,7,12,1
200900038841,2009-08-16,2009,août,dimanche,16:00,09,09062,0,0,1,1,1,1,1,4,2,00,2,1,000,031,1,0,1,3,1,75,0,1,2,00,2,1,13,200900038841B02,7,1,1
200900038847,2009-08-12,2009,août,mercredi,10:25,09,09225,0,0,2,9,1,1,1,4,2,02,1,1,000,057,1,0,1,3,1,55,5,1,2,00,2,8,1,200900038847A01,7,2,1
200900038848,2009-08-13,2009,août,jeudi,65:0,09,09225,0,0,2,3,3,1,1,4,2,02,2,1,000,120,1,0,1,3,1,56,1,1,9,00,2,1,1,200900038848B01,7,11,1
200900038852,2009-04-06,2009,avril,lundi,17:30,09,09103,0,0,2,1,1,1,1,3,3,02,-1,-1,000,000,1,0,1,3,1,74,5,1,2,00,2,1,1,200900038852B02,7,15,1
200900038861,2009-10-29,2009,octobre,jeudi,14:20,09,09082,0,0,1,1,2,1,1,3,2,02,-1,1,000,000,1,0,1,2,1,61,5,1,9,00,0,4,2,200900038861B02,7,2,1
200900038870,2009-10-03,2009,octobre,samedi,12:30,09,09122,0,0,2,1,1,1,1,4,2,02,1,1,000,030,1,0,1,3,1,80,5,1,9,00,2,1,1,200900038870B01,7,17,1
200900038887,2009-07-09,2009,juillet,jeudi,33:0,18,18281,0.00004,0,1,1,1,3,1,3,2,02,1,1,000,076,1,0,1,2,1,18,5,1,4,00,0,9,2,200900038887B02,15,2,1
200900038906,2009-09-22,2009,septembre,mardi,20:30,18,18033,0,0,2,3,3,5,1,4,2,03,1,1,000,080,1,5,1,3,1,18,5,1,9,00,2,1,1,200900038906B01,7,15,1
200900038907,2009-09-17,2009,septembre,jeudi,18:30,18,18100,0,0,1,1,1,1,1,3,2,00,1,1,000,060,1,0,1,3,1,63,5,1,2,00,2,1,1,200900038907B02,17,19,1
200900038909,2009-09-24,2009,septembre,jeudi,81:5,18,18033,0,0,2,1,6,1,1,4,3,04,2,3,000,120,1,0,1,4,1,52,1,1,9,00,2,8,0,200900038909B01,7,21,1
200900038911,2009-09-26,2009,septembre,samedi,10:45,18,18011,0,0,1,1,2,1,1,3,2,02,1,1,000,048,1,0,1,2,1,61,5,1,1,00,0,4,1,200900038911B02,7,1,1
200900038916,2009-09-02,2009,septembre,mercredi,16:00,18,18205,0,0,2,2,6,1,1,3,2,02,1,1,000,080,1,1,1,4,2,82,3,1,9,00,2,1,1,200900038916A01,7,16,1
200900038921,2009-09-14,2009,septembre,lundi,75:5,18,18033,0,0,2,1,2,1,1,4,2,02,1,1,000,080,1,0,5,4,2,22,2,1,2,00,2,3,23,200900038921B01,7,1,1
200900038926,2009-09-13,2009,septembre,dimanche,16:15,18,18127,0.00004,0,2,1,2,1,1,3,2,02,1,3,000,055,1,0,1,4,2,10,5,1,1,00,0,6,1,200900038926B02,7,1,1
200900038937,2009-10-01,2009,octobre,jeudi,72:8,18,18033,0,0,2,6,3,2,1,3,1,02,1,-1,000,070,1,0,1,3,2,45,1,1,2,00,2,5,1,200900038937B01,7,9,1
200900038947,2009-10-14,2009,octobre,mercredi,13:30,18,18033,0,0,2,3,3,1,1,4,1,02,1,1,000,060,1,2,1,4,1,21,5,1,9,00,2,6,2,200900038947B01,7,2,1
200900038953,2009-10-27,2009,octobre,mardi,17:25,18,18205,0,0,2,2,3,1,1,3,2,02,2,1,000,070,1,0,1,3,2,16,0,1,9,00,2,7,19,200900038953B01,7,2,1
200900038955,2009-03-09,2009,mars,lundi,10:20,09,09225,0,0,1,1,2,1,1,3,1,01,2,3,000,045,1,0,1,3,1,79,3,1,9,00,2,4,2,200900038955B01,7,2,1
200900038959,2009-03-19,2009,mars,jeudi,18:15,09,09056,0,0,1,1,1,1,1,3,2,00,1,1,000,000,1,0,1,3,1,87,5,1,1,00,2,1,19,200900038959B02,7,1,1
200900038963,2009-08-06,2009,août,jeudi,14:00,18,18036,0,0,1,1,2,1,1,3,2,02,-1,1,000,061,1,0,1,3,1,63,5,1,2,00,2,4,1,200900038963B02,7,1,1
200900038968,2009-08-01,2009,août,samedi,19:40,18,18033,0,0,2,1,3,1,1,4,1,01,-1,-1,000,050,1,0,1,4,2,18,9,1,4,00,2,3,1,200900038968B01,2,17,1
200900038968,2009-08-01,2009,août,samedi,19:40,18,18033,0,0,2,1,3,1,1,4,1,01,-1,-1,000,050,1,0,1,4,2,16,5,1,4,00,2,3,1,200900038968B01,2,17,1
200900038980,2009-08-21,2009,août,vendredi,12:15,18,18063,0,0,1,1,7,1,1,3,2,02,1,1,000,061,1,0,1,3,1,37,5,1,2,00,2,6,1,200900038980B02,,,
200900038981,2009-08-29,2009,août,samedi,16:15,18,18160,0,0,2,1,1,1,1,3,2,02,1,1,000,072,1,0,1,3,1,8,5,1,9,00,2,7,15,200900038981A01,7,1,1
200900038989,2009-08-26,2009,août,mercredi,75:5,18,18033,0,0,2,6,3,1,1,4,2,02,1,-1,000,070,1,5,1,4,1,56,1,1,9,00,2,7,2,200900038989B01,7,9,1
200900038992,2009-08-25,2009,août,mardi,12:00,18,18206,0,0,1,1,2,1,1,3,2,02,1,1,000,065,1,0,1,3,1,66,5,1,2,01,0,1,1,200900038992A01,7,24,1
200900039013,2009-05-19,2009,mai,mardi,15:15,09,09122,0,0,1,6,3,1,1,4,1,01,1,2,000,050,1,0,1,3,1,60,5,1,2,00,2,4,1,200900039013B01,7,9,1
200900039050,2009-08-24,2009,août,lundi,17:30,46,46042,0,0,2,2,3,1,1,4,1,01,1,1,000,000,1,0,1,3,1,16,0,1,2,00,2,1,1,200900039050A01,7,1,1
200900039070,2009-07-26,2009,juillet,dimanche,11:30,65,65006,0.00004,0,1,1,1,1,1,3,2,00,2,3,000,040,1,0,1,3,1,14,5,1,2,00,2,1,0,200900039070A01,7,0,1
200900039074,2009-07-11,2009,juillet,samedi,18:15,65,65257,0,0,1,1,1,1,1,2,2,02,1,1,000,072,1,0,1,2,1,19,5,1,2,00,2,1,13,200900039074A01,7,1,1
200900039091,2009-07-13,2009,juillet,lundi,19:20,65,65440,0,0,2,1,3,1,1,2,3,04,2,1,000,068,1,2,1,3,1,45,5,1,2,00,0,8,1,200900039091B01,7,17,1
200900039096,2009-08-22,2009,août,samedi,10:18,65,65286,0,0,2,3,3,1,1,4,2,02,1,1,000,000,1,5,0,3,1,59,5,1,2,00,2,1,17,200900039096A01,7,1,1
200900039099,2009-08-17,2009,août,lundi,10:55,65,65047,0,0,2,3,6,1,1,2,2,02,1,3,000,128,1,0,1,4,2,62,3,1,9,00,2,8,0,200900039099B01,7,0,1
200900039102,2009-08-15,2009,août,samedi,11:45,65,65463,0,0,1,1,2,1,1,3,2,00,2,1,000,076,1,0,1,4,1,52,5,1,2,00,2,1,18,200900039102B02,7,1,1
200900039115,2009-08-31,2009,août,lundi,13:40,65,65047,0,0,2,1,6,1,1,4,2,02,1,1,000,060,1,0,0,4,2,55,0,1,2,00,0,0,0,200900039115B01,7,0,1
200900039130,2009-09-23,2009,septembre,mercredi,16:50,65,65440,0,0,2,2,1,1,1,4,1,01,1,1,000,075,1,0,0,4,1,64,5,1,2,00,0,1,1,200900039130B01,7,15,1
200900039158,2009-08-04,2009,août,mardi,10:00,74,74104,0,0,1,1,6,1,1,4,2,00,2,1,000,030,1,0,1,3,2,60,5,1,2,00,1,1,1,200900039158A01,,,
200900039162,2009-08-30,2009,août,dimanche,15:45,74,74243,0,0,1,1,1,1,1,6,-1,00,1,1,068,068,1,0,1,3,2,15,0,1,2,00,2,0,0,200900039162B02,7,4,1
200900039165,2009-08-21,2009,août,vendredi,18:30,74,74043,0.00004,0,2,3,6,1,1,3,2,02,1,3,,058,1,0,1,3,2,72,0,1,1,00,0,1,19,200900039165A01,7,1,1
200900039177,2009-08-27,2009,août,jeudi,13:30,74,74031,0,0,1,3,3,1,1,3,2,02,2,1,000,000,1,0,1,3,1,12,5,1,2,00,0,7,19,200900039177B02,7,1,1
200900039184,2009-08-29,2009,août,samedi,11:00,74,74165,0.00004,0,1,1,1,1,1,3,2,02,1,1,000,057,-1,0,0,3,1,54,0,1,2,00,0,1,0,200900039184B02,10,1,1
200900039191,2009-08-13,2009,août,jeudi,17:00,74,74042,0.00004,0,1,1,2,1,1,3,2,02,1,1,004,105,1,5,1,3,1,67,5,1,2,00,0,4,11,200900039191B02,33,1,1
200900039214,2009-09-07,2009,septembre,lundi,10:30,26,26058,0,0,2,1,2,1,2,4,2,02,1,1,000,000,1,0,0,4,1,46,0,1,9,00,2,4,0,200900039214B01,7,1,1
200900039220,2009-09-06,2009,septembre,dimanche,19:00,26,26281,0,0,2,1,6,1,1,3,2,03,2,1,000,080,1,2,1,4,1,18,5,1,9,00,2,1,1,200900039220B01,7,10,1
200900039222,2009-09-04,2009,septembre,vendredi,11:40,26,26281,0,0,2,2,3,1,1,4,2,02,1,1,000,057,1,0,5,4,1,46,1,1,2,00,2,1,1,200900039222B01,7,15,1
200900039230,2009-09-11,2009,septembre,vendredi,10:15,26,26197,0.00004,0,1,2,1,1,1,3,2,00,1,1,000,000,1,0,1,3,1,41,5,1,2,00,2,1,21,200900039230A01,7,19,1
200900039276,2009-01-20,2009,janvier,mardi,16:10,63,63113,0,0,2,9,3,1,1,4,2,04,2,1,000,120,1,0,1,4,2,20,9,1,9,00,2,0,1,200900039276B01,7,15,1
200900039303,2009-01-10,2009,janvier,samedi,93:0,63,63178,0,0,2,1,3,2,7,3,2,02,1,1,000,000,1,0,1,4,1,78,5,1,4,00,0,1,1,200900039303B02,7,0,1
200900039310,2009-01-05,2009,janvier,lundi,72:5,63,63113,0,0,2,1,1,5,1,4,2,03,4,1,000,090,1,0,1,4,1,32,0,1,2,00,2,1,1,200900039310B01,7,15,1
200900039318,2009-02-11,2009,février,mercredi,13:45,63,63273,0.00004,0,1,6,3,1,8,3,2,02,1,1,088,000,1,5,1,3,1,61,5,1,2,00,0,1,1,200900039318B02,7,16,1
200900039343,2009-02-25,2009,février,mercredi,17:30,63,63113,0,0,2,9,3,1,1,3,2,02,1,1,000,060,1,0,1,4,1,38,1,1,9,00,2,8,1,200900039343B01,7,0,1
200900039347,2009-02-26,2009,février,jeudi,17:15,63,63113,0,0,2,9,6,1,1,4,2,00,1,1,000,090,1,0,5,4,1,35,3,1,9,00,1,1,1,200900039347A01,,,
200900039355,2009-02-25,2009,février,mercredi,16:10,63,63113,0,0,2,1,3,1,1,4,2,02,2,2,000,074,1,0,1,4,2,40,1,1,2,00,2,2,1,200900039355B01,7,19,1
200900039356,2009-02-22,2009,février,dimanche,12:30,63,63075,0,0,2,2,6,1,1,4,2,02,1,1,000,000,1,0,1,4,1,48,5,1,2,00,2,0,1,200900039356B01,7,0,1
200900039390,2009-09-10,2009,septembre,jeudi,91:0,21,21231,0,0,2,7,2,1,1,4,2,02,1,1,000,090,1,0,0,4,1,50,4,1,2,00,2,1,0,200900039390A01,7,15,1
200900039395,2009-09-09,2009,septembre,mercredi,14:23,21,21231,0,0,2,1,6,1,1,4,2,03,1,1,000,135,1,5,1,4,1,40,5,1,2,00,1,1,18,200900039395A01,37,23,1
200900039408,2009-09-22,2009,septembre,mardi,17:30,21,21598,0.00004,0,1,1,3,1,1,3,2,02,1,1,040,037,1,0,1,2,1,80,5,1,2,00,2,6,13,200900039408B02,10,17,1
200900039416,2009-09-11,2009,septembre,vendredi,17:30,21,21383,0.00004,0,2,1,1,1,1,3,2,02,1,1,000,058,1,0,1,3,2,12,5,1,1,00,2,6,19,200900039416B02,7,1,1
200900039424,2009-09-22,2009,septembre,mardi,13:50,21,21231,0,0,2,1,3,1,1,4,2,01,1,1,000,056,1,0,1,4,1,46,5,1,2,00,2,2,19,200900039424B01,7,1,1
200900039430,2009-09-23,2009,septembre,mercredi,10:15,21,21231,0,0,2,2,3,1,1,4,3,04,1,1,018,140,1,5,1,4,2,53,5,1,2,00,2,3,1,200900039430B01,7,16,1
200900039433,2009-09-20,2009,septembre,dimanche,10:46,21,21355,0,0,2,1,6,1,1,4,2,02,1,1,000,000,1,0,1,4,2,41,5,1,2,00,2,1,1,200900039433B01,7,22,1
200900039454,2009-10-09,2009,octobre,vendredi,21:00,21,21408,0.00004,0,2,1,2,5,1,3,2,02,4,1,000,051,1,0,1,1,1,15,5,1,2,00,2,1,1,200900039454A01,7,4,1
200900039454,2009-10-09,2009,octobre,vendredi,21:00,21,21408,0.00004,0,2,1,2,5,1,3,2,02,4,1,000,051,1,0,1,3,2,16,0,1,1,00,2,1,1,200900039454A01,7,4,1
200900039462,2009-10-31,2009,octobre,samedi,16:45,21,21231,0,0,2,1,6,1,1,4,2,02,2,1,000,100,1,0,1,4,1,44,5,1,2,00,1,1,1,200900039462A01,,,
200900039465,2009-10-17,2009,octobre,samedi,17:41,21,21231,0,0,2,5,3,1,1,4,2,02,1,1,000,080,1,5,0,4,2,62,5,1,2,00,2,2,1,200900039465B01,10,16,1
200900039475,2009-10-08,2009,octobre,jeudi,17:40,21,21231,0,0,2,2,3,1,3,4,1,01,1,1,000,055,2,5,0,4,1,16,5,1,2,00,2,1,1,200900039475B01,7,1,1
200900039489,2009-10-15,2009,octobre,jeudi,21:06,21,21231,0,0,2,6,3,4,1,4,1,03,1,2,000,090,1,5,1,4,1,20,5,1,2,00,2,1,1,200900039489B01,7,1,1
200900039492,2009-10-06,2009,octobre,mardi,13:57,21,21231,0,0,2,3,3,1,1,4,2,02,1,1,000,000,1,5,0,4,1,66,9,1,2,00,2,3,1,200900039492B01,7,16,1
200900039519,2009-03-29,2009,mars,dimanche,18:40,63,63113,0,0,2,1,3,1,7,4,2,02,1,1,000,065,1,0,1,4,1,26,0,1,2,00,2,8,1,200900039519B01,7,17,1
200900039550,2009-03-17,2009,mars,mardi,17:50,63,63113,0,0,2,1,3,1,1,4,2,02,1,1,000,060,1,0,1,4,1,32,5,1,9,00,2,8,1,200900039550B01,7,15,1
200900039588,2009-08-14,2009,août,vendredi,12:49,56,56098,0,0,2,2,3,1,1,4,2,02,1,1,000,000,1,0,1,4,1,49,0,1,2,00,2,1,9,200900039588B01,7,9,1