Num_Acc,date,an,mois,jour,hrmn,dep,com,lat,long,agg,int,col,lum,atm,catr,circ,nbv,prof,plan,lartpc,larrout,surf,infra,situ,grav,sexe,age,trajet,secuexist,equipement,obs,obsm,choc,manv,vehiculeid,typevehicules,manoeuvehicules,numVehicules
200900039596,2009-08-11,2009,août,mardi,93:5,56,56121,0.00004,NaN,2,1,3,1,1,4,2,02,1,1,000,000,1,0,1,4,1,21,0,1,2,00,2,1,1,200900039596B01,7,15,1
200900039612,2009-08-23,2009,août,dimanche,13:45,56,56074,0.00004,NaN,1,1,3,1,1,3,2,02,4,2,000,060,1,0,1,3,1,46,5,1,2,00,2,7,13,200900039612A01,7,1,1
200900039615,2009-08-06,2009,août,jeudi,90:0,56,56193,0,0,2,6,2,1,8,3,1,02,1,2,230,045,1,5,1,3,1,43,5,1,9,00,2,4,2,200900039615A01,7,9,1
200900039622,2009-08-26,2009,août,mercredi,83:0,56,56101,0.00004,NaN,2,1,3,1,1,3,2,02,1,1,000,000,1,0,1,3,1,69,5,1,2,00,2,8,2,200900039622B02,7,17,1
200900039627,2009-08-13,2009,août,jeudi,15:30,56,56258,0,0,1,1,3,1,1,3,2,00,1,1,000,060,1,5,1,4,1,16,5,1,9,00,2,1,16,200900039627A01,7,1,1
200900039646,2009-08-01,2009,août,samedi,12:20,56,56260,0.00004,NaN,2,6,2,1,8,4,2,03,1,1,000,000,1,0,1,4,1,61,3,1,2,00,2,4,1,200900039646B01,7,9,1
200900039658,2009-08-06,2009,août,jeudi,80:0,56,56260,0.00004,NaN,2,6,3,1,1,4,2,02,2,1,000,000,1,0,1,4,1,30,1,1,9,00,2,7,21,200900039658B01,7,9,1
200900039742,2009-05-27,2009,mai,mercredi,18:25,63,63113,0,0,2,1,6,1,1,4,1,02,1,1,000,000,1,0,1,4,1,53,9,1,9,00,2,2,1,200900039742B01,7,15,1
200900039753,2009-05-26,2009,mai,mardi,14:45,63,63075,0,0,2,6,6,1,1,4,2,02,2,2,000,000,1,0,1,4,1,64,5,1,2,00,2,4,1,200900039753B01,7,1,1
200900039763,2009-05-07,2009,mai,jeudi,19:30,63,63113,0,0,2,1,6,1,1,4,1,01,2,1,000,000,1,0,1,4,2,55,5,1,4,00,1,1,1,200900039763A01,,,
200900039803,2009-06-02,2009,juin,mardi,84:0,63,63113,0,0,2,3,1,1,1,4,2,02,2,2,000,000,1,0,1,1,2,43,1,1,2,00,2,1,1,200900039803B01,7,1,1
200900039814,2009-06-04,2009,juin,jeudi,74:5,63,63124,0,0,2,6,3,1,1,4,2,01,1,1,086,080,1,5,1,3,1,51,5,1,2,00,2,4,1,200900039814B01,7,9,1
200900039820,2009-06-02,2009,juin,mardi,16:10,63,63113,0,0,2,1,6,1,1,4,1,03,1,1,000,000,1,0,1,4,1,26,5,1,9,00,0,1,1,200900039820A01,,,
200900039859,2009-07-16,2009,juillet,jeudi,10:45,63,63372,0.00004,0,1,1,5,1,1,3,2,02,1,1,000,060,1,0,1,4,2,64,5,1,2,00,2,4,1,200900039859C03,7,17/1,2
200900039860,2009-07-02,2009,juillet,jeudi,11:45,63,63307,0,0,2,1,1,1,1,3,2,02,2,2,000,065,1,0,1,3,1,43,5,1,2,00,2,1,1,200900039860B02,7,15,1
200900039873,2009-07-11,2009,juillet,samedi,22:00,63,63231,0,0,2,1,3,5,1,3,2,00,1,1,000,070,1,5,1,3,1,16,5,1,2,00,2,1,13,200900039873B02,7,1,1
200900039874,2009-07-03,2009,juillet,vendredi,16:58,63,63113,0,0,2,1,6,1,1,4,1,02,1,1,000,000,1,0,1,4,1,30,5,1,2,00,2,0,1,200900039874B01,7,11,1
200900039909,2009-07-24,2009,juillet,vendredi,11:20,63,63113,0,0,2,1,7,1,1,4,3,02,1,1,000,000,1,0,1,4,1,68,0,1,4,00,0,1,0,200900039909A01,,,
200900039941,2009-10-05,2009,octobre,lundi,17:15,56,56206,0,0,2,1,1,1,1,4,2,02,1,1,072,000,1,0,1,3,1,12,5,1,1,00,2,1,1,200900039941A01,7,1,1
200900039946,2009-10-28,2009,octobre,mercredi,95:3,56,56162,0,0,1,1,7,1,1,3,2,02,1,1,000,000,1,0,1,4,1,57,5,1,4,00,0,0,19,200900039946A01,,,
200900039953,2009-10-22,2009,octobre,jeudi,22:05,56,56098,0,0,2,1,3,5,1,4,2,02,-1,-1,000,000,-1,0,1,1,1,19,0,1,4,00,0,0,2,200900039953A01,1,2,1
200900039953,2009-10-22,2009,octobre,jeudi,22:05,56,56098,0,0,2,1,3,5,1,4,2,02,-1,-1,000,000,-1,0,1,4,2,23,0,1,4,00,0,0,2,200900039953B01,1,2,1
200900039958,2009-10-17,2009,octobre,samedi,18:33,56,56162,0,0,1,1,7,5,1,4,2,02,1,1,000,000,1,0,1,4,1,13,0,1,9,00,0,0,1,200900039958A01,,,
200900039958,2009-10-17,2009,octobre,samedi,18:33,56,56162,0,0,1,1,7,5,1,4,2,02,1,1,000,000,1,0,1,4,1,13,0,1,9,00,0,0,1,200900039958A01,,,
200900039969,2009-10-07,2009,octobre,mercredi,16:17,56,56121,0.00004,NaN,2,2,3,1,8,4,2,02,1,1,000,000,1,0,1,4,2,18,5,1,9,00,2,1,1,200900039969A01,7,1,1
200900039994,2009-08-15,2009,août,samedi,19:20,63,63113,0,0,2,9,6,1,1,4,2,02,2,3,000,000,1,0,0,4,1,29,5,1,2,00,2,7,15,200900039994A01,7,1,1
200900039996,2009-08-13,2009,août,jeudi,16:20,63,63113,0,0,2,1,6,1,1,4,2,02,2,1,000,090,1,0,1,3,1,10,5,1,2,00,2,8,19,200900039996A01,7,1,1
200900040001,2009-08-06,2009,août,jeudi,82:0,63,63113,0,0,2,6,6,1,1,4,1,02,1,-1,000,000,1,5,1,3,2,51,5,1,2,00,2,7,1,200900040001B01,10,9,1
200900040038,2009-08-26,2009,août,mercredi,18:32,63,63113,0,0,1,1,6,1,1,4,2,01,1,1,000,000,1,0,1,4,1,41,0,1,2,00,0,0,0,200900040038A01,,,
200900040061,2009-09-07,2009,septembre,lundi,90:0,12,12020,0.00004,0,1,1,1,1,1,3,2,02,1,1,028,116,1,5,1,2,1,65,5,1,1,00,2,8,15,200900040061B02,7,1,1
200900040088,2009-10-13,2009,octobre,mardi,14:30,32,32013,0.00004,0,2,1,6,1,1,4,1,02,1,1,000,086,1,0,1,4,2,80,5,1,8,00,1,6,2,200900040088B01,7,6,1
200900040116,2009-09-23,2009,septembre,mercredi,15:40,63,63014,0,0,2,1,3,1,1,4,1,02,1,2,000,000,1,0,1,4,1,61,5,1,2,00,2,1,1,200900040116B01,7,9,1
200900040119,2009-09-15,2009,septembre,mardi,12:35,63,63124,0,0,2,2,3,1,1,4,2,02,1,1,000,091,1,0,1,4,1,66,5,1,2,00,2,8,1,200900040119B01,7,16,1
200900040122,2009-09-15,2009,septembre,mardi,22:05,63,63113,0,0,2,1,3,5,1,4,1,03,2,2,000,000,1,0,1,4,1,21,9,1,9,00,2,7,19,200900040122B01,7,1,1
200900040123,2009-09-09,2009,septembre,mercredi,17:55,63,63014,0,0,2,2,6,1,1,4,2,02,1,1,000,000,1,0,1,4,1,70,5,1,2,00,2,7,1,200900040123B01,7,15,1
200900040250,2009-10-07,2009,octobre,mercredi,94:0,63,63014,0,0,2,1,7,1,1,4,2,02,2,1,000,000,1,0,1,4,2,58,5,1,2,00,0,1,1,200900040250A01,,,
200900040275,2009-10-20,2009,octobre,mardi,12:55,10,10387,0,0,2,1,6,1,1,4,2,04,1,1,000,000,1,0,1,2,1,28,1,1,2,00,2,0,21,200900040275B01,7,1/24,2
200900040276,2009-10-03,2009,octobre,samedi,81:0,10,10325,0,0,2,6,1,1,1,3,2,02,1,1,000,000,-1,0,0,3,2,35,0,1,2,00,2,0,0,200900040276B01,7,0,1
200900040277,2009-10-14,2009,octobre,mercredi,12:25,10,10387,0,0,2,1,3,1,1,6,-1,01,2,1,000,030,1,0,1,4,1,15,2,1,2,00,2,8,1,200900040277B01,7,1,1
200900040280,2009-10-06,2009,octobre,mardi,12:10,10,10297,0,0,2,2,3,1,1,4,2,02,1,1,000,070,2,0,1,4,1,13,2,1,2,00,2,8,1,200900040280A01,10,1,1
200900040281,2009-10-12,2009,octobre,lundi,16:58,10,10333,0,0,2,2,1,1,1,4,2,03,1,1,000,090,1,0,1,3,1,53,1,1,9,00,2,3,1,200900040281B01,7,15,1
200900040292,2009-08-30,2009,août,dimanche,21:30,55,55443,0.00004,0,1,1,2,3,8,3,2,00,1,1,000,063,1,0,1,3,1,21,5,1,4,00,2,4,1,200900040292B02,31,1,1
200900040304,2009-09-02,2009,septembre,mercredi,14:10,55,55545,0.00004,0,2,1,3,1,1,4,1,02,1,1,000,000,1,0,1,4,1,49,0,1,2,00,2,8,1,200900040304B01,7,1,1
200900040308,2009-09-07,2009,septembre,lundi,17:15,55,55204,0.00004,0,1,1,2,1,7,3,2,00,1,1,000,069,1,0,1,3,2,17,5,1,1,00,2,6,15,200900040308A01,7,1,1
200900040309,2009-09-09,2009,septembre,mercredi,18:15,55,55029,0,0,2,1,3,1,1,4,2,02,1,1,000,000,1,0,1,3,1,16,5,1,9,00,2,1,1,200900040309A01,7,15,1
200900040316,2009-09-26,2009,septembre,samedi,14:00,55,55029,0,0,2,1,6,1,1,3,2,02,1,1,000,060,1,0,1,4,1,14,5,1,9,00,2,8,1,200900040316B01,7,0,1
200900040332,2009-04-18,2009,avril,samedi,11:40,42,42218,0,0,2,2,3,1,1,4,2,02,1,1,000,083,1,5,1,4,1,83,5,1,2,00,2,6,1,200900040332B01,7,1,1
200900040353,2009-04-10,2009,avril,vendredi,16:45,77,77385,0.00004,0,2,1,3,1,1,3,2,02,1,1,000,000,1,0,1,4,1,12,0,1,2,00,2,8,19,200900040353B02,7,1,1
200900040355,2009-04-15,2009,avril,mercredi,17:00,77,77076,0,0,2,2,1,1,1,4,1,01,2,1,000,000,1,0,1,4,1,12,5,1,2,00,2,1,5,200900040355B02,33,1,1
200900040362,2009-04-06,2009,avril,lundi,17:00,77,77251,0,0,1,2,2,1,1,3,-1,00,-1,-1,000,000,-1,0,0,3,1,77,5,1,2,00,2,6,0,200900040362B01,7,2,1
200900040375,2009-04-16,2009,avril,jeudi,21:30,77,77284,0,0,2,1,3,5,8,4,3,04,1,1,060,120,2,0,1,4,1,25,5,1,2,00,2,7,12,200900040375A01,7,1,1
200900040408,2009-04-20,2009,avril,lundi,19:00,42,42207,0,0,2,1,3,1,1,4,3,02,2,1,030,070,1,0,1,3,1,13,5,1,9,00,2,7,15,200900040408B01,7,1,1
200900040423,2009-09-24,2009,septembre,jeudi,15:15,73,73241,0,0,1,1,1,1,1,3,2,02,1,1,000,062,1,0,1,3,2,60,5,1,2,00,0,0,1,200900040423B02,7,13,1
200900040489,2009-10-20,2009,octobre,mardi,16:35,73,73008,0,0,2,6,7,1,1,3,2,02,1,1,000,094,1,5,1,3,2,67,5,1,9,00,0,0,0,200900040489B01,7,0,1
200900040514,2009-11-20,2009,novembre,vendredi,13:10,72,72181,0,0,2,3,1,1,1,4,2,02,1,1,000,077,1,0,0,4,1,11,2,1,9,00,2,1,15,200900040514A01,7,1,1
200900040515,2009-11-20,2009,novembre,vendredi,15:35,72,72181,0,0,2,1,2,1,1,3,1,04,1,1,000,070,1,0,1,3,1,38,0,1,9,00,0,4,1,200900040515B01,7,9,1
200900040551,2009-08-19,2009,août,mercredi,94:5,54,54528,0,0,2,2,3,1,1,4,2,02,1,1,000,068,1,0,1,4,2,66,9,1,9,00,2,8,15,200900040551B01,7,15,1
200900040572,2009-08-03,2009,août,lundi,13:24,54,54051,0.00004,0,1,4,3,1,8,3,-1,02,1,2,000,076,1,0,1,2,1,13,5,1,2,00,2,8,15,200900040572A01,7,17,1
200900040599,2009-12-03,2009,décembre,jeudi,95:3,75,75101,0,0,2,1,1,1,1,4,2,03,1,1,000,115,1,2,1,4,2,45,1,1,2,00,2,1,5,200900040599A01,37,1,1
200900040616,2009-12-01,2009,décembre,mardi,85:5,75,75113,0,0,2,2,3,1,1,4,2,03,1,1,000,060,1,0,1,4,1,21,1,1,2,00,2,8,1,200900040616B01,7,1,1
200900040620,2009-12-01,2009,décembre,mardi,12:45,75,75104,0,0,2,1,6,1,1,4,1,03,1,1,007,109,1,0,1,4,2,38,4,1,2,00,2,0,11,200900040620A01,34,1,1
200900040623,2009-12-01,2009,décembre,mardi,14:25,75,75110,0,0,2,5,3,1,1,4,1,04,1,1,000,110,1,0,1,4,1,49,4,1,2,00,2,3,7,200900040623B01,7,16,1
200900040630,2009-12-01,2009,décembre,mardi,18:20,75,75118,0,0,2,1,1,5,1,4,2,02,1,1,000,080,1,0,1,1,1,31,1,1,2,00,2,1,1,200900040630B01,2,15,1
200900040635,2009-12-01,2009,décembre,mardi,20:20,75,75113,0,0,2,3,3,2,1,4,-1,03,1,1,000,000,1,0,1,4,2,15,2,1,2,00,2,3,15,200900040635B01,7,1,1
200900040649,2009-12-02,2009,décembre,mercredi,14:30,75,75119,0,0,2,1,6,1,2,4,1,02,1,1,030,050,2,0,1,4,1,50,5,1,2,00,2,2,1,200900040649A01,7/ 10,1/22,2
200900040663,2009-12-02,2009,décembre,mercredi,19:50,75,75110,0,0,2,1,3,5,2,4,1,01,2,2,070,070,2,0,1,3,2,38,0,1,2,00,2,2,1,200900040663B01,7,22,1
200900040680,2009-12-04,2009,décembre,vendredi,11:00,75,75104,0,0,2,1,3,1,1,4,-1,02,1,1,000,065,1,0,0,4,1,21,5,1,2,00,2,8,17,200900040680A01,33,1,1
200900040700,2009-12-04,2009,décembre,vendredi,18:50,75,75117,0,0,2,3,3,2,1,4,2,02,2,1,000,080,1,0,1,4,1,44,1,1,2,00,2,4,1,200900040700A01,2,15,1
200900040754,2009-12-05,2009,décembre,samedi,16:15,75,75117,0,0,2,3,6,1,1,4,1,00,1,1,000,000,1,0,1,1,1,58,0,1,2,00,1,1,1,200900040754A01,,,
200900040765,2009-12-08,2009,décembre,mardi,10:15,75,75112,0,0,2,1,3,1,1,4,1,04,1,1,000,140,1,2,1,4,2,24,5,1,2,00,2,4,1,200900040765B01,7,12,1
200900040776,2009-12-08,2009,décembre,mardi,13:40,75,75112,0,0,2,2,3,1,1,4,2,04,4,1,000,094,1,0,1,2,2,49,1,1,2,00,2,0,19,200900040776B01,13,16,1
200900040781,2009-12-08,2009,décembre,mardi,17:07,75,75111,0,0,2,1,3,2,1,4,1,01,1,1,000,035,1,0,1,4,2,50,1,1,2,00,2,8,18,200900040781B01,10,14,1
200900040809,2009-12-10,2009,décembre,jeudi,14:00,75,75102,0,0,2,3,6,1,1,4,1,02,1,1,000,000,1,0,1,4,2,41,0,1,2,00,2,7,1,200900040809A01,10,15,1
200900040814,2009-12-10,2009,décembre,jeudi,15:00,75,75111,0,0,2,3,3,1,1,4,2,02,1,1,000,030,1,0,1,4,1,16,5,1,2,00,2,8,7,200900040814A01,7,15,1
200900040816,2009-12-10,2009,décembre,jeudi,17:40,75,75118,0,0,2,1,6,5,1,4,1,02,1,1,020,040,1,0,1,1,1,35,0,1,2,00,1,0,1,200900040816A01,,,
200900040818,2009-12-10,2009,décembre,jeudi,18:15,75,75116,0,0,2,1,5,5,1,4,2,02,2,1,000,000,1,0,1,1,1,45,0,1,2,00,2,1,1,200900040818B01,32/ 7,17/23,2
200900040835,2009-12-11,2009,décembre,vendredi,10:35,75,75112,0,0,2,2,6,1,1,4,1,00,1,1,000,146,1,0,1,4,1,43,4,1,2,00,2,8,1,200900040835A01,7,1,1
200900040836,2009-12-11,2009,décembre,vendredi,11:30,75,75107,0,0,2,1,3,1,1,4,1,00,1,1,000,085,1,0,1,4,1,16,2,1,2,00,2,3,9,200900040836A01,7,1,1
200900040842,2009-12-11,2009,décembre,vendredi,13:00,75,75118,0,0,2,1,2,1,1,4,2,02,1,1,000,050,1,0,1,4,2,26,0,1,2,00,2,4,13,200900040842B01,30,1,1
200900040855,2009-12-12,2009,décembre,samedi,31:5,75,75101,0,0,2,2,3,5,1,4,1,03,1,-1,005,090,1,0,0,4,2,25,0,1,2,00,2,8,5,200900040855A01,7,15,1
200900040913,2009-12-09,2009,décembre,mercredi,10:25,75,75113,0,0,2,1,3,1,1,4,2,03,1,1,000,140,2,0,1,4,2,28,4,1,2,00,2,1,1,200900040913B01,14,22,1
200900040952,2009-12-15,2009,décembre,mardi,16:10,75,75110,0,0,2,5,6,2,1,4,1,01,1,1,000,025,-1,0,0,4,2,28,5,1,2,00,2,4,7,200900040952A01,37,17,1
200900040955,2009-12-15,2009,décembre,mardi,17:45,75,75105,0,0,2,5,3,5,1,4,2,02,2,1,000,040,1,0,1,4,1,35,0,1,2,00,2,1,1,200900040955A01,7,15,1
200900040981,2009-12-16,2009,décembre,mercredi,17:50,75,75112,0,0,2,1,6,3,1,4,1,01,1,-1,000,000,1,0,1,1,1,22,9,1,2,00,1,1,1,200900040981A01,,,
200900041006,2009-12-17,2009,décembre,jeudi,17:10,75,75118,0,0,2,1,7,1,4,4,-1,00,1,1,230,250,5,0,5,3,2,55,1,1,2,00,0,7,21,200900041006A01,,,
200900041022,2009-12-19,2009,décembre,samedi,24:5,75,75102,0,0,2,2,3,5,1,4,2,02,1,1,000,120,1,0,1,4,1,29,0,1,2,00,2,7,1,200900041022A01,7,1,1
200900041102,2009-12-26,2009,décembre,samedi,94:5,75,75110,0,0,2,3,3,1,1,4,1,00,1,1,000,030,1,0,0,4,1,34,1,1,2,00,2,1,1,200900041102B01,7,10,1
200900041108,2009-12-23,2009,décembre,mercredi,16:50,75,75118,0,0,2,1,3,1,1,4,3,04,1,2,000,000,1,0,3,4,1,36,0,1,2,00,2,1,1,200900041108B01,7,15,1
200900041114,2009-12-23,2009,décembre,mercredi,11:40,75,75112,0,0,2,1,3,1,1,4,1,02,1,1,000,080,1,0,4,4,1,29,4,1,2,00,2,2,1,200900041114A01,7,9,1
200900041158,2009-12-28,2009,décembre,lundi,17:05,75,75117,0,0,2,2,3,2,1,4,1,02,1,1,120,060,1,0,1,4,1,30,0,1,2,00,2,1,1,200900041158A01,7,1,1
200900041190,2009-12-30,2009,décembre,mercredi,18:00,75,75119,0,0,2,2,3,5,2,4,1,02,1,1,000,000,2,0,1,4,1,45,0,1,2,00,2,8,11,200900041190A01,32,1,1
200900041199,2009-12-31,2009,décembre,jeudi,13:30,75,75101,0,0,2,1,3,1,1,4,1,03,1,1,000,120,1,0,1,4,1,42,5,1,2,00,2,1,18,200900041199B01,7,22,1
200900041209,2009-12-11,2009,décembre,vendredi,15:10,75,75112,0,0,2,1,7,1,1,4,1,02,1,1,000,100,1,0,1,2,1,62,5,1,2,00,0,7,1,200900041209A01,,,
200900041215,2009-08-05,2009,août,mercredi,14:00,26,26362,0,0,2,3,3,1,1,4,-1,02,1,1,000,063,1,0,1,3,1,16,4,1,2,00,2,1,1,200900041215A01,7,1,1
200900041224,2009-08-09,2009,août,dimanche,11:15,26,26289,0.00004,0,1,1,3,1,1,3,-1,02,1,2,020,000,1,0,1,3,1,57,5,1,1,00,2,0,13,200900041224B02,7,1,1
200900041309,2009-04-04,2009,avril,samedi,18:00,13,13001,0,0,2,1,3,1,1,4,2,02,2,2,000,055,1,0,1,3,1,21,5,1,2,00,2,8,2,200900041309B01,7,2,1
200900041310,2009-04-10,2009,avril,vendredi,16:40,13,13028,0.00004,0,2,1,2,1,1,3,1,02,1,2,000,081,1,5,1,4,1,32,5,1,2,00,2,4,1,200900041310B01,7,1,1
200900041448,2009-04-17,2009,avril,vendredi,63:0,13,13211,0,0,2,3,1,2,1,4,1,01,1,1,000,043,1,0,0,3,1,29,1,1,4,00,2,7,1,200900041448B01,7,9,1
200900041457,2009-04-18,2009,avril,samedi,10:30,13,13211,0,0,2,3,3,1,1,4,2,02,1,1,000,037,1,0,1,1,1,76,5,1,2,00,2,4,2,200900041457B01,7,21,1
200900041566,2009-04-28,2009,avril,mardi,15:40,13,13055,0,0,2,9,6,1,1,4,2,04,2,1,000,000,1,0,5,4,1,10,5,1,2,00,2,4,19,200900041566B01,7,1,1
200900041616,2009-04-08,2009,avril,mercredi,20:00,13,13208,0,0,2,2,3,1,1,4,1,02,1,1,000,060,1,0,1,4,1,49,5,1,8,00,2,1,1,200900041616A01,7,1,1
200900041626,2009-04-26,2009,avril,dimanche,84:7,13,13209,0,0,2,3,3,1,3,4,2,02,1,1,000,080,2,0,0,3,1,65,5,1,2,00,2,1,1,200900041626B01,10,15,1
200900041687,2009-11-06,2009,novembre,vendredi,12:05,80,80021,0,0,2,2,3,1,1,4,2,02,1,1,000,060,1,0,1,4,1,52,5,1,9,00,2,0,1,200900041687B01,10,15,1
200900041700,2009-11-20,2009,novembre,vendredi,20:10,80,80021,0,0,2,1,6,5,1,4,2,02,2,1,000,000,1,0,1,4,1,29,9,1,2,00,2,1,19,200900041700B01,7,1,1
200900041701,2009-11-23,2009,novembre,lundi,17:00,80,80021,0,0,2,1,6,5,1,4,2,02,1,1,000,000,2,0,1,1,1,16,5,1,4,00,1,0,1,200900041701A01,,,
200900041704,2009-11-23,2009,novembre,lundi,12:10,80,80021,0,0,2,3,3,1,2,4,2,02,1,1,000,000,2,0,1,3,1,12,4,1,2,00,2,0,1,200900041704B01,7,14,1
200900041711,2009-11-07,2009,novembre,samedi,19:20,80,80021,0,0,2,2,6,5,1,4,2,02,1,1,000,000,1,0,1,4,2,29,0,1,2,00,2,1,1,200900041711A01,7,15,1
200900041715,2009-11-21,2009,novembre,samedi,17:50,63,63113,0,0,2,9,6,5,1,6,2,02,1,1,000,000,1,0,1,4,1,12,0,1,9,00,2,3,1,200900041715B01,7,0,1
200900041725,2009-11-26,2009,novembre,jeudi,12:00,02,02810,0,0,2,2,1,1,1,3,2,00,1,1,000,062,1,0,1,3,1,14,2,1,2,00,2,1,19,200900041725A01,7,1,1
200900041745,2009-11-30,2009,novembre,lundi,18:10,02,02691,0,0,2,1,6,5,2,4,2,02,1,1,000,000,2,0,5,3,1,28,1,1,4,01,0,1,1,200900041745B01,7,22,1
200900041751,2009-09-09,2009,septembre,mercredi,84:5,30,30032,0.00004,0,2,6,3,1,1,3,2,02,1,1,000,000,1,5,1,4,2,14,2,1,2,00,2,7,1,200900041751B01,7,9,1
200900041776,2009-09-22,2009,septembre,mardi,16:20,19,19031,0.00004,0,2,1,2,1,1,4,1,02,1,1,000,000,1,0,1,4,1,15,5,1,2,00,2,1,2,200900041776A01,7,23,1
200900041784,2009-09-30,2009,septembre,mercredi,18:25,19,19031,0.00004,0,2,1,3,1,1,4,2,00,1,1,000,000,1,6,1,4,1,12,5,1,9,00,2,0,0,200900041784A01,7,1,1
200900041790,2009-04-03,2009,avril,vendredi,17:15,91,91122,0,0,2,1,7,1,1,4,2,02,2,1,000,000,1,0,1,4,1,14,0,1,2,00,0,1,15,200900041790A01,,,
200900041833,2009-07-31,2009,juillet,vendredi,10:15,69,69197,0.00004,0,1,1,3,1,1,3,2,02,1,1,000,060,1,0,1,3,2,42,5,1,2,00,2,8,1,200900041833B02,10,15,1
200900041841,2009-07-30,2009,juillet,jeudi,17:15,69,69006,0,0,2,1,1,1,1,9,2,00,-1,3,000,000,1,1,1,3,1,14,5,1,2,00,2,3,13,200900041841A01,7,0,1
200900041842,2009-07-27,2009,juillet,lundi,17:15,69,69089,0,0,2,1,2,1,1,4,2,02,1,1,000,000,1,0,1,1,1,15,5,1,2,00,2,4,13,200900041842B02,30,17,1
200900041859,2009-07-08,2009,juillet,mercredi,16:45,69,69269,0,0,1,1,3,1,1,3,2,00,2,4,000,050,1,0,1,3,1,44,5,1,2,00,9,8,1,200900041859B02,1,1,1
200900041859,2009-07-08,2009,juillet,mercredi,16:45,69,69269,0,0,1,1,3,1,1,3,2,00,2,4,000,050,1,0,1,1,1,55,5,1,2,00,9,7,1,200900041859A01,1,1,1
200900041887,2009-07-23,2009,juillet,jeudi,17:35,69,69385,0,0,2,1,7,1,1,4,-1,02,2,1,000,000,1,0,1,3,1,50,5,1,2,00,0,8,1,200900041887A01,,,
200900041903,2009-07-14,2009,juillet,mardi,16:50,69,69034,0,0,2,1,6,1,1,4,2,00,1,1,000,072,1,0,1,4,1,13,5,1,9,00,2,1,9,200900041903A01,7,1,1
200900041905,2009-07-03,2009,juillet,vendredi,17:15,69,69387,0,0,2,1,6,1,1,4,-1,00,1,1,000,000,1,0,1,4,1,10,5,1,9,00,2,0,0,200900041905B01,7,4,1
200900041928,2009-07-09,2009,juillet,jeudi,15:50,69,69202,0,0,2,1,2,1,1,4,2,02,2,1,000,109,1,0,1,4,1,56,1,1,2,01,0,1,2,200900041928A01,7,24,1
200900041946,2009-07-21,2009,juillet,mardi,12:20,69,69256,0,0,2,3,3,1,1,4,2,02,1,1,000,065,1,0,1,3,1,21,4,1,2,00,2,3,16,200900041946B01,7,1,1
200900041950,2009-07-23,2009,juillet,jeudi,19:20,69,69152,0,0,2,1,3,1,1,4,3,02,1,1,033,072,1,0,1,4,1,60,5,1,9,00,2,1,1,200900041950B01,7,15,1
200900041959,2009-07-28,2009,juillet,mardi,14:40,69,69385,0,0,2,1,6,1,1,4,1,01,1,1,000,058,1,0,1,3,2,57,3,1,2,01,0,2,1,200900041959B01,7,22,1
200900041971,2009-07-02,2009,juillet,jeudi,12:10,69,69382,0,0,2,2,3,1,1,4,1,01,1,1,000,061,1,0,1,4,1,17,1,1,9,00,0,1,0,200900041971A01,7,1,1
200900041981,2009-08-27,2009,août,jeudi,20:50,69,69383,0,0,2,2,3,2,1,4,2,03,2,1,000,000,1,0,1,4,1,19,5,1,2,00,2,1,1,200900041981A01,7,1,1
200900041985,2009-08-17,2009,août,lundi,11:30,69,69238,0,0,2,1,1,1,1,3,2,02,-1,2,000,060,1,0,1,3,1,47,5,1,2,00,2,1,1,200900041985B02,7,19,1
200900041994,2009-08-22,2009,août,samedi,19:00,69,69286,0,0,2,1,1,1,1,3,-1,02,1,1,052,000,1,0,1,4,1,17,5,1,2,00,0,8,0,200900041994B02,7,1,1
200900042007,2009-08-29,2009,août,samedi,93:0,69,69389,0,0,2,9,3,1,1,4,3,02,2,3,044,054,1,0,1,4,1,69,5,1,2,00,2,2,1,200900042007B01,7,5,1
200900042008,2009-08-24,2009,août,lundi,21:15,69,69387,0,0,2,2,3,5,1,4,1,04,1,1,000,000,1,0,1,4,1,20,5,1,9,00,2,1,1,200900042008B01,7,1,1
200900042009,2009-08-27,2009,août,jeudi,17:30,69,69034,0,0,2,1,6,1,1,4,1,01,1,1,044,078,1,0,1,4,1,10,5,1,2,00,2,1,19,200900042009A01,7,1,1
200900042039,2009-08-03,2009,août,lundi,15:20,69,69386,0,0,2,1,3,1,1,4,2,04,1,1,000,000,1,0,1,4,2,28,5,1,9,00,2,1,1,200900042039A01,7,9,1
200900042040,2009-08-03,2009,août,lundi,17:45,69,69383,0,0,2,1,6,1,1,4,1,01,1,1,000,000,1,0,1,4,1,15,0,1,9,00,2,5,1,200900042040A01,7,1,1
200900042048,2009-08-06,2009,août,jeudi,16:09,69,69142,0,0,2,9,1,1,1,4,1,01,2,3,000,053,1,0,1,3,1,12,5,1,9,00,2,1,5,200900042048A01,7,1,1
200900042071,2009-08-15,2009,août,samedi,13:20,69,69385,0,0,2,1,7,1,1,4,3,02,2,2,030,071,1,0,1,4,2,22,5,1,9,00,0,0,0,200900042071A01,,,
200900042081,2009-08-19,2009,août,mercredi,18:15,69,69091,0,0,2,6,3,1,1,4,-1,00,1,-1,000,000,1,0,1,3,1,14,5,1,2,00,2,4,19,200900042081B01,7,1,1
200900042091,2009-09-07,2009,septembre,lundi,11:10,69,69386,0,0,2,1,6,1,1,4,1,01,1,1,000,000,1,0,1,4,2,22,1,1,2,01,0,1,1,200900042091B01,7,22,1
200900042093,2009-09-08,2009,septembre,mardi,74:0,69,69381,0,0,2,1,6,1,1,4,2,01,2,1,000,000,1,0,1,4,1,46,1,1,2,00,1,1,1,200900042093A01,,,