Num_Acc,date,an,mois,jour,hrmn,dep,com,lat,long,agg,int,col,lum,atm,catr,circ,nbv,prof,plan,lartpc,larrout,surf,infra,situ,grav,sexe,age,trajet,secuexist,equipement,obs,obsm,choc,manv,vehiculeid,typevehicules,manoeuvehicules,numVehicules
200900042095,2009-09-10,2009,septembre,jeudi,12:00,69,69389,0,0,2,1,3,1,1,4,2,02,1,1,000,101,1,0,1,4,1,26,5,1,2,00,2,7,17,200900042095B01,7,15,1
200900042098,2009-09-09,2009,septembre,mercredi,18:20,69,69386,0,0,2,3,6,1,1,4,1,03,1,1,000,000,1,0,1,4,2,54,1,1,9,00,2,4,1,200900042098B01,7,15,1
200900042123,2009-09-28,2009,septembre,lundi,17:20,69,69290,0,0,2,1,3,1,1,4,2,02,1,1,000,064,1,0,1,4,1,65,5,1,4,00,2,3,17,200900042123A01,7,1,1
200900042125,2009-09-29,2009,septembre,mardi,74:0,69,69387,0,0,2,2,3,1,1,4,2,05,1,1,000,000,1,0,1,4,1,18,2,1,2,00,0,8,0,200900042125B01,34,8,1
200900042140,2009-09-10,2009,septembre,jeudi,19:00,69,69074,0,0,1,1,1,1,1,3,2,00,1,1,000,000,1,5,5,3,1,70,5,1,2,00,2,1,1,200900042140B02,7,17,1
200900042182,2009-09-30,2009,septembre,mercredi,72:0,69,69386,0,0,2,1,6,1,1,4,1,01,1,1,000,000,1,0,0,4,2,23,5,1,9,00,2,1,17,200900042182B01,7,22,1
200900042191,2009-09-27,2009,septembre,dimanche,12:00,69,69389,0,0,2,1,3,1,1,4,2,03,1,1,000,080,1,0,1,4,1,38,5,1,2,00,2,8,2,200900042191B01,7,17,1
200900042199,2009-09-19,2009,septembre,samedi,18:50,69,69259,0,0,2,1,1,1,1,4,1,01,2,1,000,000,1,0,1,3,1,15,5,1,4,00,2,1,5,200900042199A01,7,1,1
200900042210,2009-04-07,2009,avril,mardi,72:0,91,91471,0,0,2,3,3,1,2,4,2,02,2,1,000,000,2,0,1,4,1,34,1,1,2,00,2,1,1,200900042210B01,7,15,1
200900042212,2009-04-11,2009,avril,samedi,14:15,91,91312,0,0,2,2,3,1,1,4,1,01,1,1,000,000,1,0,1,4,1,14,0,1,2,00,2,1,1,200900042212B01,7,1,1
200900042228,2009-05-09,2009,mai,samedi,16:12,42,42147,0,0,1,6,7,1,1,3,1,02,-1,3,000,040,8,0,1,3,1,54,5,1,2,00,0,0,1,200900042228A01,,,
200900042234,2009-08-31,2009,août,lundi,17:25,80,80021,0,0,2,1,3,1,1,4,2,02,1,1,028,140,1,0,1,4,1,62,5,1,9,00,2,4,1,200900042234B01,7,1,1
200900042235,2009-08-26,2009,août,mercredi,17:50,80,80261,0,0,1,1,4,1,1,4,2,02,2,2,000,600,1,0,1,4,1,16,5,1,9,00,2,6,1,200900042235C01,3,17,1
200900042235,2009-08-26,2009,août,mercredi,17:50,80,80261,0,0,1,1,4,1,1,4,2,02,2,2,000,600,1,0,1,4,1,15,0,1,9,00,2,3,1,200900042235B01,3,17,1
200900042241,2009-08-05,2009,août,mercredi,17:00,80,80021,0,0,2,1,3,1,1,4,2,05,2,1,000,000,1,0,1,4,2,22,5,1,8,01,2,1,1,200900042241B01,7,16,1
200900042252,2009-08-24,2009,août,lundi,12:30,80,80021,0,0,2,1,3,1,1,4,2,02,1,1,000,060,1,0,1,3,1,15,5,1,9,00,2,1,19,200900042252A01,7,1,1
200900042297,2009-10-01,2009,octobre,jeudi,18:45,30,30147,0.00004,0,2,2,1,2,1,3,2,02,1,1,000,060,1,0,1,3,1,55,5,1,2,00,2,1,0,200900042297B02,7,15,1
200900042343,2009-10-23,2009,octobre,vendredi,16:30,30,30167,0.00004,0,2,1,1,1,1,4,2,02,-1,2,000,055,1,0,1,4,1,20,5,1,1,00,2,1,1,200900042343B02,7,1,1
200900042402,2009-10-01,2009,octobre,jeudi,19:37,30,30189,0.00004,0,2,2,7,3,1,4,3,02,1,1,000,000,1,0,4,4,1,37,0,1,9,00,0,0,0,200900042402A01,,,
200900042405,2009-05-17,2009,mai,dimanche,11:15,42,42162,0.00004,0,2,1,1,1,1,3,2,02,1,3,000,066,1,0,1,3,1,31,5,1,8,00,2,1,1,200900042405B02,7,0,1
200900042413,2009-11-30,2009,novembre,lundi,17:54,63,63113,0,0,2,1,6,5,1,4,1,01,1,1,000,070,1,0,1,4,1,12,0,1,2,00,2,2,19,200900042413B01,7,16,1
200900042414,2009-11-29,2009,novembre,dimanche,20:45,63,63113,0,0,2,2,6,5,1,4,2,01,1,1,000,000,1,0,1,4,1,21,4,1,2,00,2,8,1,200900042414A01,7,1,1
200900042431,2009-05-15,2009,mai,vendredi,17:30,94,94068,0.00004,0,2,1,3,1,1,3,2,02,1,1,000,075,1,0,4,4,2,78,9,1,9,00,2,1,1,200900042431A01,10,9,1
200900042438,2009-05-04,2009,mai,lundi,17:35,94,94042,0.00004,0,2,2,2,1,1,3,2,01,1,1,000,119,1,0,1,3,1,24,1,1,2,00,2,1,1,200900042438B01,7,13,1
200900042442,2009-05-08,2009,mai,vendredi,18:40,94,94016,0.00004,0,2,1,7,1,1,4,2,01,2,1,000,000,1,0,1,4,2,37,5,1,9,14,0,0,1,200900042442A01,,,
200900042448,2009-05-06,2009,mai,mercredi,10:55,94,94068,0.00004,0,2,1,3,1,1,3,-1,00,1,-1,000,035,1,6,4,4,2,77,5,1,9,00,2,1,1,200900042448A01,7,21,1
200900042477,2009-05-14,2009,mai,jeudi,16:15,94,94028,0.00004,0,2,1,6,1,1,4,1,01,1,1,000,040,2,0,0,1,1,16,5,1,4,00,1,4,21,200900042477A01,,,
200900042484,2009-05-18,2009,mai,lundi,21:55,94,94081,0.00004,0,2,6,3,5,2,2,2,02,1,1,000,055,2,5,1,3,1,29,5,1,2,00,2,1,1,200900042484A01,37,1,1
200900042490,2009-05-15,2009,mai,vendredi,75:5,94,94080,0.00004,0,2,3,6,1,1,3,2,02,1,1,000,000,-1,0,1,1,1,38,4,1,9,00,1,1,1,200900042490A01,,,
200900042503,2009-05-20,2009,mai,mercredi,94:0,94,94080,0.00004,0,2,2,3,1,1,3,2,02,1,1,000,000,1,0,0,4,2,46,5,1,9,00,2,1,19,200900042503A01,7,1,1
200900042504,2009-05-25,2009,mai,lundi,21:00,94,94079,0.00004,0,2,1,3,1,1,3,2,02,1,1,000,066,1,0,1,4,1,50,1,1,9,00,2,8,1,200900042504B01,7,10,1
200900042517,2009-05-12,2009,mai,mardi,19:35,94,94081,0.00004,0,2,1,7,1,1,3,2,02,2,3,000,000,1,0,1,4,1,44,5,1,9,00,0,0,0,200900042517A01,7,0,1
200900042520,2009-05-11,2009,mai,lundi,90:5,94,94080,0.00004,0,2,2,1,1,2,3,2,02,1,1,000,000,2,0,1,4,2,54,4,1,2,00,2,1,1,200900042520B01,37,15,1
200900042521,2009-05-16,2009,mai,samedi,17:00,94,94021,0.00004,0,2,1,1,1,3,4,2,02,1,1,000,000,2,0,1,4,1,56,5,1,9,00,2,2,1,200900042521B01,7,9,1
200900042531,2009-05-26,2009,mai,mardi,16:40,94,94081,0.00004,0,2,2,3,1,1,4,2,02,1,1,000,070,1,5,1,4,2,37,1,1,2,00,2,2,1,200900042531A01,7,1,1
200900042564,2009-05-04,2009,mai,lundi,11:20,94,94046,0.00004,0,2,1,2,1,1,3,2,04,1,1,000,142,1,0,1,4,1,52,1,1,9,00,9,1,2,200900042564B01,14,2,1
200900042565,2009-05-13,2009,mai,mercredi,17:00,94,94019,0.00004,0,2,1,2,1,1,4,2,02,2,1,000,051,1,0,1,4,1,37,5,1,2,00,2,4,1,200900042565B01,7,1,1
200900042593,2009-05-27,2009,mai,mercredi,11:40,94,94022,0.00004,0,2,3,3,1,1,4,2,02,-1,-1,010,050,1,0,1,4,2,7,5,1,9,00,2,1,1,200900042593B01,7,1,1
200900042601,2009-05-28,2009,mai,jeudi,17:00,94,94022,0.00004,0,2,3,6,1,8,4,2,02,1,1,000,071,1,0,1,4,1,25,9,1,9,00,2,2,15,200900042601B01,7,1,1
200900042622,2009-05-07,2009,mai,jeudi,17:50,94,94075,0.00004,0,2,1,1,1,1,4,2,02,2,4,000,000,1,0,1,3,1,13,5,1,2,00,2,4,13,200900042622B01,7,17,1
200900042627,2009-05-24,2009,mai,dimanche,18:55,94,94028,0.00004,0,2,1,3,1,1,4,2,02,1,1,000,060,1,0,1,4,1,10,5,1,9,00,2,7,19,200900042627B01,7,1,1
200900042662,2009-05-19,2009,mai,mardi,18:40,42,42095,0.00004,0,2,1,3,1,1,4,1,01,2,-1,000,036,1,0,1,3,1,13,5,1,2,00,2,0,0,200900042662A01,7,1,1
200900042663,2009-05-05,2009,mai,mardi,18:55,42,42095,0,0,2,1,3,1,1,3,2,02,1,1,000,000,1,0,1,4,1,56,5,1,9,00,2,1,1,200900042663B01,7,0,1
200900042685,2009-05-20,2009,mai,mercredi,15:30,42,42279,0.00004,0,2,6,1,1,1,3,2,00,1,-1,000,000,1,0,0,4,1,75,5,1,2,00,2,1,15,200900042685B02,10,9,1
200900042686,2009-05-31,2009,mai,dimanche,14:30,42,42075,0.00004,0,1,1,3,1,1,4,2,01,1,1,000,038,1,0,1,3,2,63,5,1,1,00,2,8,1,200900042686A01,7,17,1
200900042724,2009-09-12,2009,septembre,samedi,84:3,37,37195,0,0,2,1,6,1,1,4,2,02,1,1,000,060,1,0,1,4,2,29,0,1,2,01,0,1,1,200900042724A01,,,
200900042730,2009-09-01,2009,septembre,mardi,80:0,37,37261,0,0,2,5,3,1,1,4,1,01,1,1,000,000,-1,0,1,4,1,52,1,1,2,00,0,3,1,200900042730B01,3,15,1
200900042748,2009-09-14,2009,septembre,lundi,17:30,37,37261,0,0,2,1,1,1,1,4,2,02,1,1,000,070,1,0,1,4,1,13,2,1,9,01,0,1,17,200900042748A01,7,24,1
200900042756,2009-09-16,2009,septembre,mercredi,84:5,37,37195,0,0,2,6,3,1,2,4,1,01,1,-1,000,050,2,5,1,4,1,33,1,1,2,00,2,0,1,200900042756B01,7,14,1
200900042765,2009-09-23,2009,septembre,mercredi,17:34,37,37261,0,0,1,1,7,1,1,4,2,02,2,1,000,060,1,0,1,4,1,15,0,1,9,00,0,0,1,200900042765A01,,,
200900042776,2009-09-29,2009,septembre,mardi,75:5,37,37214,0,0,2,6,6,2,1,4,-1,00,-1,-1,000,000,-1,0,1,3,1,32,0,1,9,00,0,0,0,200900042776B01,7,0,1
200900042778,2009-09-29,2009,septembre,mardi,13:34,37,37261,0,0,2,5,7,1,1,4,2,00,1,1,000,000,1,5,1,4,2,21,5,1,9,00,0,2,1,200900042778A01,,,
200900042781,2009-09-30,2009,septembre,mercredi,17:48,37,37261,0,0,2,1,6,1,1,4,2,01,2,1,000,000,1,0,1,4,2,19,0,1,9,12,0,1,15,200900042781A01,,,
200900042794,2009-09-30,2009,septembre,mercredi,16:15,37,37003,0,0,2,1,3,1,1,4,2,02,1,1,000,060,1,5,1,3,1,10,5,1,2,00,2,3,15,200900042794B02,7,17,1
200900042821,2009-05-20,2009,mai,mercredi,11:50,78,78361,0.00004,0,2,7,2,1,1,4,1,02,4,1,000,100,1,0,1,4,1,25,0,1,2,00,2,1,1,200900042821A01,10,1,1
200900042838,2009-05-08,2009,mai,vendredi,82:0,78,78168,0.00004,0,2,1,3,1,1,4,2,02,1,1,000,068,1,0,1,4,1,48,1,1,2,00,2,1,1,200900042838B01,7,15,1
200900042897,2009-05-10,2009,mai,dimanche,10:04,78,78640,0.00004,0,2,1,6,1,1,3,3,02,1,1,000,070,1,0,1,3,1,58,9,1,2,08,0,1,21,200900042897A01,,,
200900042933,2009-06-06,2009,juin,samedi,19:45,94,94028,0.00004,0,2,2,7,1,1,4,2,02,1,1,000,060,1,0,1,3,1,80,5,1,9,16,0,1,0,200900042933A01,,,
200900042937,2009-06-08,2009,juin,lundi,13:35,94,94078,0.00004,0,2,1,3,1,2,4,2,02,1,1,000,060,2,0,1,4,2,56,1,1,4,00,2,8,15,200900042937B01,7,1,1
200900042972,2009-06-23,2009,juin,mardi,13:10,94,94052,0.00004,0,2,1,6,1,1,2,2,04,2,1,000,119,1,0,1,4,1,46,5,1,2,00,1,1,2,200900042972A01,,,
200900042992,2009-06-29,2009,juin,lundi,16:55,94,94055,0.00004,0,2,1,3,1,1,3,2,02,2,1,000,073,1,0,1,4,1,13,5,1,2,00,2,7,19,200900042992A01,7,1,1
200900043000,2009-06-22,2009,juin,lundi,14:45,94,94059,0.00004,0,2,1,3,1,1,3,2,02,1,1,000,068,1,0,1,4,2,12,1,1,9,00,2,3,15,200900043000A01,7,17,1
200900043008,2009-06-20,2009,juin,samedi,20:30,94,94011,0.00004,0,2,4,3,1,1,4,-1,00,-1,-1,000,030,-1,0,1,4,1,9,5,1,9,14,0,2,15,200900043008A01,7,19,1
200900043013,2009-06-01,2009,juin,lundi,12:30,94,94042,0.00004,0,2,4,3,1,1,3,1,02,2,3,000,070,1,5,1,4,1,52,5,1,2,00,2,2,1,200900043013B01,7,15,1
200900043037,2009-06-23,2009,juin,mardi,90:5,94,94067,0.00004,0,2,1,3,1,1,4,2,04,1,1,000,000,1,0,1,4,1,60,5,1,9,00,2,1,1,200900043037B01,7,15,1
200900043047,2009-06-04,2009,juin,jeudi,19:10,94,94067,0.00004,0,2,3,6,1,1,4,1,01,1,1,000,000,1,0,1,4,1,14,5,1,9,01,0,1,1,200900043047B01,7,22,1
200900043048,2009-06-19,2009,juin,vendredi,20:55,94,94080,0.00004,0,2,2,2,1,1,3,2,02,1,1,000,000,1,0,1,4,1,34,5,1,9,00,2,1,1,200900043048B01,7,14,1
200900043054,2009-06-14,2009,juin,dimanche,17:50,94,94080,0.00004,0,2,1,6,1,1,3,2,02,1,1,000,000,1,0,1,4,2,19,5,1,9,01,0,1,1,200900043054B01,7,22,1
200900043060,2009-06-27,2009,juin,samedi,19:00,94,94016,0.00004,0,2,1,2,1,1,6,-1,00,2,-1,000,000,1,0,4,4,1,8,5,1,9,00,2,1,2,200900043060B01,7,4,1
200900043062,2009-06-20,2009,juin,samedi,55:,94,94003,0.00004,0,2,1,7,5,1,3,1,00,2,3,000,080,1,0,1,4,1,34,1,1,2,00,0,1,16,200900043062A01,,,
200900043063,2009-06-20,2009,juin,samedi,12:50,94,94016,0.00004,0,2,3,1,1,1,3,2,02,1,1,000,070,1,0,1,4,1,32,1,1,9,00,0,1,5,200900043063A01,7,2,1
200900043068,2009-06-28,2009,juin,dimanche,17:35,94,94080,0.00004,0,2,1,3,1,1,3,2,02,1,1,000,000,1,0,1,4,1,10,5,1,9,00,2,1,1,200900043068B01,7,22,1
200900043087,2009-06-03,2009,juin,mercredi,16:20,94,94081,0.00004,0,2,1,6,1,1,3,2,02,1,1,000,025,1,0,1,4,1,53,5,1,2,14,0,1,1,200900043087A01,7,23,1
200900043112,2009-06-17,2009,juin,mercredi,14:00,94,94042,0.00004,0,2,1,2,1,1,3,2,02,2,1,000,075,1,0,1,4,1,21,5,1,9,00,0,4,15,200900043112B01,33,13,1
200900043144,2009-06-29,2009,juin,lundi,15:10,94,94022,0.00004,0,2,1,3,1,1,2,2,02,1,1,000,066,1,0,1,3,1,22,5,1,2,00,2,3,6,200900043144A01,37,2,1
200900043154,2009-06-11,2009,juin,jeudi,17:25,94,94065,0.00004,0,2,3,7,1,1,4,2,02,1,1,000,000,1,0,1,4,1,48,5,1,2,00,0,7,0,200900043154A01,,,
200900043159,2009-06-02,2009,juin,mardi,13:25,94,94034,0.00004,0,2,1,3,1,1,3,3,04,1,1,000,000,1,0,1,3,1,26,4,1,9,00,0,8,19,200900043159B01,7,1,1
200900043214,2009-07-15,2009,juillet,mercredi,17:30,94,94077,0.00004,0,2,6,6,1,1,4,1,02,1,1,000,055,1,0,1,3,1,13,9,1,2,00,2,1,1,200900043214A01,7,1,1
200900043214,2009-07-15,2009,juillet,mercredi,17:30,94,94077,0.00004,0,2,6,6,1,1,4,1,02,1,1,000,055,1,0,1,3,1,14,9,1,2,00,2,1,1,200900043214A01,7,1,1
200900043289,2009-07-30,2009,juillet,jeudi,95:0,94,94068,0.00004,0,2,1,6,1,1,3,2,02,1,1,000,109,1,0,1,4,2,40,4,1,9,00,2,8,19,200900043289A01,2,1,1
200900043316,2009-07-16,2009,juillet,jeudi,18:35,94,94077,0.00004,0,2,1,3,1,1,4,3,02,1,1,000,000,1,0,1,4,2,25,5,1,9,00,2,6,15,200900043316B01,7,17,1
200900043351,2009-07-27,2009,juillet,lundi,93:0,94,94074,0.00004,0,2,1,3,1,1,3,-1,00,1,1,000,025,1,0,1,4,1,78,9,1,9,00,2,3,19,200900043351B01,7,1,1
200900043397,2009-04-07,2009,avril,mardi,18:30,92,92026,0,0,2,1,3,1,1,4,2,02,-1,1,000,000,1,0,5,4,1,39,5,1,2,00,2,3,1,200900043397B01,33,18,1
200900043444,2009-04-14,2009,avril,mardi,91:5,92,92046,0,0,2,2,6,1,1,3,2,02,1,1,000,000,1,5,1,4,1,32,1,1,2,00,1,1,1,200900043444A01,,,
200900043515,2009-04-30,2009,avril,jeudi,85:5,92,92064,0,0,2,1,6,1,1,3,2,02,2,1,000,080,1,0,1,4,1,29,1,1,2,00,1,1,17,200900043515A01,,,
200900043563,2009-10-31,2009,octobre,samedi,10:15,80,80063,0,0,1,6,1,1,1,3,2,02,1,-1,000,060,1,5,1,3,1,43,5,1,2,00,2,1,1,200900043563B02,7,19,1
200900043564,2009-10-04,2009,octobre,dimanche,14:15,80,80484,0,0,2,1,3,1,3,3,2,00,2,2,000,120,2,0,1,3,1,13,5,1,1,00,2,1,1,200900043564A01,7,19,1
200900043570,2009-10-28,2009,octobre,mercredi,15:45,80,80410,0.00004,0,2,6,1,1,1,3,-1,00,2,-1,000,000,1,5,1,3,1,74,5,1,2,00,2,7,0,200900043570B02,7,5,1
200900043601,2009-10-23,2009,octobre,vendredi,82:5,80,80632,0,0,2,1,3,1,1,4,1,01,1,3,000,100,1,0,1,4,2,25,1,1,9,00,2,0,1,200900043601B01,7,9,1
200900043602,2009-10-06,2009,octobre,mardi,16:30,80,80021,0,0,2,1,7,1,3,4,1,02,4,3,000,070,2,0,1,4,1,49,1,1,9,00,2,0,1,200900043602B01,7,1,1
200900043603,2009-10-22,2009,octobre,jeudi,13:15,80,80021,0,0,2,3,3,1,1,4,1,01,1,1,000,000,1,0,1,4,1,17,5,1,9,00,2,1,1,200900043603A01,7,16,1
200900043604,2009-10-23,2009,octobre,vendredi,14:55,80,80021,0,0,2,2,3,1,1,4,1,01,3,1,000,060,1,0,1,4,1,25,1,1,9,00,2,1,1,200900043604A01,7,1,1
200900043624,2009-10-20,2009,octobre,mardi,13:35,80,80021,0,0,2,1,3,1,1,4,2,02,1,1,000,000,1,0,1,4,2,34,0,1,9,00,2,0,1,200900043624A01,7,16,1
200900043664,2009-07-04,2009,juillet,samedi,16:15,22,22389,0,0,2,1,3,1,1,4,2,02,1,1,000,065,1,0,1,3,1,8,5,1,9,00,2,5,19,200900043664B02,7,1,1
200900043668,2009-07-14,2009,juillet,mardi,10:15,22,22203,0.00004,NaN,1,1,1,1,1,3,2,02,2,1,000,053,1,0,1,4,1,58,5,1,2,00,2,1,1,200900043668B02,10,15,1
200900043668,2009-07-14,2009,juillet,mardi,10:15,22,22203,0.00004,NaN,1,1,1,1,1,3,2,02,2,1,000,053,1,0,1,4,2,61,5,1,2,00,2,1,1,200900043668B02,10,15,1
200900043668,2009-07-14,2009,juillet,mardi,10:15,22,22203,0.00004,NaN,1,1,1,1,1,3,2,02,2,1,000,053,1,0,1,3,1,65,5,1,2,00,2,1,1,200900043668B02,10,15,1
200900043668,2009-07-14,2009,juillet,mardi,10:15,22,22203,0.00004,NaN,1,1,1,1,1,3,2,02,2,1,000,053,1,0,1,4,2,59,5,1,2,00,2,1,1,200900043668B02,10,15,1
200900043668,2009-07-14,2009,juillet,mardi,10:15,22,22203,0.00004,NaN,1,1,1,1,1,3,2,02,2,1,000,053,1,0,1,3,1,51,5,1,2,00,2,1,1,200900043668B02,10,15,1
200900043668,2009-07-14,2009,juillet,mardi,10:15,22,22203,0.00004,NaN,1,1,1,1,1,3,2,02,2,1,000,053,1,0,1,3,1,58,5,1,2,00,2,1,1,200900043668B02,10,15,1
200900043680,2009-07-06,2009,juillet,lundi,13:00,22,22278,0,0,2,1,7,1,1,4,2,02,1,1,000,000,1,0,1,4,1,53,1,1,4,03,0,2,14,200900043680A01,,,
200900043722,2009-05-17,2009,mai,dimanche,10:45,91,91312,0,0,2,1,7,1,2,3,2,02,1,1,000,000,2,0,1,4,1,14,5,1,2,00,0,0,1,200900043722A01,,,
200900043725,2009-05-26,2009,mai,mardi,18:15,91,91471,0,0,2,1,3,1,1,4,2,02,1,2,000,060,1,0,1,3,1,13,5,1,2,00,2,1,1,200900043725A01,7,16,1
200900043737,2009-05-01,2009,mai,vendredi,15:45,91,91174,0,0,2,1,3,1,1,4,1,02,-1,-1,025,060,-1,0,1,4,2,34,5,1,9,00,0,0,0,200900043737B01,7,0,1
200900043812,2009-06-12,2009,juin,vendredi,16:10,91,91097,0,0,2,1,6,1,1,4,-1,02,2,1,000,000,1,1,5,3,1,65,5,1,9,00,9,0,1,200900043812A01,7,1,1
200900043818,2009-06-05,2009,juin,vendredi,10:40,91,91223,0,0,2,1,7,1,1,4,2,02,1,1,000,060,1,0,1,4,1,52,5,1,2,00,0,0,0,200900043818A01,,,
200900043827,2009-06-14,2009,juin,dimanche,19:40,91,91223,0,0,2,1,6,1,1,4,2,02,1,1,000,070,1,0,4,4,1,28,5,1,2,04,0,0,0,200900043827A01,,,
200900043827,2009-06-14,2009,juin,dimanche,19:40,91,91223,0,0,2,1,6,1,1,4,2,02,1,1,000,070,1,0,4,4,1,5,5,1,2,04,0,0,0,200900043827A01,,,
200900043830,2009-06-07,2009,juin,dimanche,11:35,91,91692,0,0,2,6,3,1,1,3,3,04,1,1,000,000,1,0,1,4,1,48,5,1,2,00,2,0,1,200900043830B01,7,1,1
200900043831,2009-06-03,2009,juin,mercredi,20:30,91,91691,0,0,2,3,3,1,1,4,2,02,1,1,000,070,1,0,1,4,1,11,5,1,9,00,0,7,19,200900043831A02,7,1,1
200900043831,2009-06-03,2009,juin,mercredi,20:30,91,91691,0,0,2,3,3,1,1,4,2,02,1,1,000,070,1,0,1,4,1,15,5,1,9,00,0,7,19,200900043831A02,7,1,1
200900043852,2009-06-19,2009,juin,vendredi,16:45,91,91573,0.00004,0,2,2,3,1,1,4,2,02,1,1,,,1,0,0,3,1,10,2,1,2,00,2,1,19,200900043852B02,7,1,1
200900043871,2009-06-30,2009,juin,mardi,20:15,91,91097,0,0,2,1,2,1,1,4,2,02,2,1,000,000,1,0,1,4,1,42,5,1,2,00,2,1,1,200900043871B01,37,9,1
200900043872,2009-06-24,2009,juin,mercredi,10:40,91,91477,0,0,2,1,6,1,1,4,2,02,1,1,000,000,1,0,1,1,1,14,2,1,2,00,1,1,1,200900043872A01,,,
200900043877,2009-06-19,2009,juin,vendredi,20:30,91,91570,0,0,2,2,3,2,1,4,2,02,2,1,000,000,1,0,1,4,1,47,0,1,9,00,2,1,1,200900043877B01,7,0,1
200900043881,2009-06-17,2009,juin,mercredi,17:35,91,91549,0,0,2,2,3,1,1,4,1,01,1,1,000,000,1,0,1,4,1,15,0,1,9,00,2,8,1,200900043881A01,7,1,1
200900043937,2009-06-25,2009,juin,jeudi,16:40,91,91223,0,0,2,1,7,1,1,4,2,02,2,1,000,050,1,0,1,4,1,11,5,1,9,00,0,1,0,200900043937A01,,,
200900043940,2009-06-03,2009,juin,mercredi,17:55,91,91347,0,0,2,3,3,1,1,3,2,02,2,1,000,052,1,0,1,3,1,14,5,1,2,01,2,1,1,200900043940A01,7,16,1
200900043948,2009-06-28,2009,juin,dimanche,18:30,91,91521,0,0,2,1,3,1,1,4,2,02,1,1,000,080,1,0,1,4,2,6,5,1,2,00,2,1,1,200900043948A01,7,1,1
200900043955,2009-09-09,2009,septembre,mercredi,18:15,40,40065,0,0,2,3,3,1,1,4,2,02,1,1,000,050,1,0,1,3,1,11,5,1,2,00,2,8,15,200900043955B02,7,17,1
200900043972,2009-09-23,2009,septembre,mercredi,17:00,40,40046,0,0,1,1,2,1,1,5,2,02,1,1,,061,1,0,1,4,1,57,1,1,2,00,2,4,14,200900043972A01,7,1,1
200900043976,2009-09-30,2009,septembre,mercredi,17:40,40,40036,0,0,2,1,3,1,1,4,2,02,1,1,000,058,1,0,1,3,1,5,5,1,2,00,2,1,19,200900043976A01,10,1,1
200900043982,2009-09-13,2009,septembre,dimanche,18:00,40,40002,0,0,1,1,1,1,1,3,2,02,1,2,000,059,1,5,1,3,2,68,5,1,2,00,2,8,19,200900043982A01,7,1,1
200900043990,2009-10-15,2009,octobre,jeudi,19:10,82,82121,0,0,2,5,3,1,1,4,2,01,1,1,000,000,1,5,1,4,1,18,5,1,9,00,2,1,1,200900043990B01,10,1,1
200900043997,2009-10-13,2009,octobre,mardi,17:10,82,82121,0,0,2,1,5,1,1,4,2,02,1,1,000,000,1,0,1,4,1,48,5,1,9,00,2,1,14,200900043997A01,7/ 10,2,2
200900044021,2009-05-26,2009,mai,mardi,10:30,39,39415,0.00004,0,2,3,3,1,1,3,2,00,1,1,000,056,1,0,4,2,2,78,3,1,2,00,2,1,19,200900044021A01,21,16,1
200900044023,2009-05-22,2009,mai,vendredi,18:00,39,39128,0.00004,0,1,1,3,1,1,3,2,00,1,3,000,064,1,0,1,3,2,70,3,1,2,00,0,8,1,200900044023B02,7,17,1
200900044036,2009-09-01,2009,septembre,mardi,17:00,74,74220,0.00004,0,2,1,5,1,1,3,2,00,1,1,000,000,1,0,1,4,1,37,1,1,2,01,0,7,1,200900044036C03,7,22/1,2
200900044047,2009-09-08,2009,septembre,mardi,19:15,74,74213,0.00004,0,2,1,3,1,1,3,2,02,2,3,000,090,1,5,1,4,2,26,5,1,2,00,2,8,1,200900044047B02,7,15,1
200900044051,2009-09-11,2009,septembre,vendredi,12:10,74,74010,0,0,2,1,6,1,1,4,2,02,1,1,025,085,1,0,1,4,1,44,9,1,9,00,2,1,15,200900044051A01,10,1,1
200900044059,2009-09-13,2009,septembre,dimanche,11:00,74,74056,0,0,1,1,1,1,1,4,2,02,1,1,000,067,1,0,1,4,1,33,5,1,2,00,2,1,1,200900044059B02,7,15,1
200900044061,2009-09-14,2009,septembre,lundi,62:5,74,74010,0,0,2,3,6,1,1,3,2,04,1,1,000,116,1,0,1,3,1,34,0,1,2,00,0,0,1,200900044061B01,7,15,1
200900044067,2009-09-20,2009,septembre,dimanche,11:45,74,74272,0,0,2,3,1,1,1,4,2,02,,,,060,,,,3,1,41,5,1,2,00,2,3,1,200900044067B02,7,15,1
200900044078,2009-09-30,2009,septembre,mercredi,13:40,74,74305,0,0,2,9,3,1,1,3,1,01,1,3,000,000,1,0,1,3,2,76,5,1,9,00,2,1,5,200900044078B01,7,1,1
200900044112,2009-10-21,2009,octobre,mercredi,18:25,64,64445,0.00004,NaN,2,3,6,1,1,4,1,01,1,1,000,000,1,0,1,4,1,18,5,1,9,00,2,8,19,200900044112B01,7,0,1
200900044114,2009-07-08,2009,juillet,mercredi,94:0,69,69383,0,0,2,1,2,1,1,4,2,03,1,1,000,000,1,0,1,4,1,46,1,1,9,00,2,1,1,200900044114B01,7,1,1
200900044128,2009-10-26,2009,octobre,lundi,16:45,64,64335,0.00004,NaN,2,1,2,1,1,3,1,02,1,2,000,000,1,0,1,1,1,45,5,1,9,00,2,1,2,200900044128A01,1,2,1
200900044128,2009-10-26,2009,octobre,lundi,16:45,64,64335,0.00004,NaN,2,1,2,1,1,3,1,02,1,2,000,000,1,0,1,4,2,14,5,1,9,00,2,4,2,200900044128B01,1,2,1
200900044132,2009-10-30,2009,octobre,vendredi,17:45,64,64445,0.00004,NaN,2,1,6,1,1,4,2,02,1,1,000,070,1,0,1,4,1,15,5,1,9,00,2,7,19,200900044132B01,30,1,1