Num_Acc,date,an,mois,jour,hrmn,dep,com,lat,long,agg,int,col,lum,atm,catr,circ,nbv,prof,plan,lartpc,larrout,surf,infra,situ,grav,sexe,age,trajet,secuexist,equipement,obs,obsm,choc,manv,vehiculeid,typevehicules,manoeuvehicules,numVehicules
200900044142,2009-10-07,2009,octobre,mercredi,10:30,2B,2B217,0,0,1,1,1,1,1,3,2,02,2,3,000,032,-1,0,1,3,1,14,5,1,2,00,2,1,1,200900044142A01,7,1,1
200900044142,2009-10-07,2009,octobre,mercredi,10:30,2B,2B217,0,0,1,1,1,1,1,3,2,02,2,3,000,032,-1,0,1,3,1,16,0,1,2,00,2,1,1,200900044142A01,7,1,1
200900044165,2009-09-06,2009,septembre,dimanche,14:05,87,87085,0,0,2,1,6,1,1,6,-1,00,-1,1,000,050,1,0,1,4,1,15,5,1,2,00,0,0,0,200900044165A01,,,
200900044170,2009-09-09,2009,septembre,mercredi,81:1,87,87085,0,0,2,3,3,1,1,4,2,02,1,1,000,060,1,0,1,4,1,21,2,1,4,00,2,7,2,200900044170B01,7,15,1
200900044174,2009-09-24,2009,septembre,jeudi,17:56,87,87050,0,0,2,1,6,1,1,4,-1,01,-1,1,000,060,-1,0,0,4,1,55,5,1,2,00,0,0,0,200900044174A01,,,
200900044193,2009-09-24,2009,septembre,jeudi,19:10,87,87085,0,0,2,1,3,1,1,4,2,02,1,1,000,058,1,0,1,4,1,10,5,1,2,00,2,1,2,200900044193B01,1,2,1
200900044193,2009-09-24,2009,septembre,jeudi,19:10,87,87085,0,0,2,1,3,1,1,4,2,02,1,1,000,058,1,0,1,4,1,13,5,1,2,00,2,1,2,200900044193A01,1,2,1
200900044282,2009-11-05,2009,novembre,jeudi,15:00,30,30069,0.00004,0,1,1,1,1,7,3,2,02,1,1,000,000,1,0,1,3,1,60,5,1,1,00,2,1,1,200900044282B02,10,15,1
200900044286,2009-11-10,2009,novembre,mardi,15:30,30,30133,0.00004,0,1,1,2,1,1,3,3,02,1,1,058,130,1,0,1,2,1,70,3,1,1,00,0,4,2,200900044286B02,7,2,1
200900044305,2009-11-27,2009,novembre,vendredi,71:5,30,30107,0.00004,0,1,1,2,2,1,2,2,00,1,1,000,073,1,0,1,3,2,33,5,1,1,00,0,4,2,200900044305B02,10,2,1
200900044319,2009-11-03,2009,novembre,mardi,80:0,30,30007,0,0,2,1,3,1,1,4,2,02,1,1,000,000,1,0,1,4,1,19,1,1,9,00,2,4,15,200900044319A01,7,1,1
200900044404,2009-11-18,2009,novembre,mercredi,14:40,64,64445,0.00004,NaN,2,3,3,1,1,4,2,03,1,1,000,087,1,0,1,4,2,58,5,1,2,00,2,1,1,200900044404A01,7,16,1
200900044419,2009-11-24,2009,novembre,mardi,12:15,64,64445,0.00004,NaN,2,3,3,1,1,4,2,02,1,1,000,120,1,0,1,3,2,34,1,1,9,00,2,8,1,200900044419B01,7,15,1
200900044427,2009-11-28,2009,novembre,samedi,20:,64,64024,0.00004,NaN,2,1,6,5,1,3,2,04,1,1,000,144,1,2,1,4,1,35,5,1,2,00,2,0,0,200900044427A01,33,0,1
200900044427,2009-11-28,2009,novembre,samedi,20:,64,64024,0.00004,NaN,2,1,6,5,1,3,2,04,1,1,000,144,1,2,1,4,2,21,5,1,2,00,2,0,0,200900044427A01,33,0,1
200900044462,2009-05-02,2009,mai,samedi,13:10,13,13001,0,0,2,4,2,1,1,4,2,02,1,1,000,000,1,0,0,4,1,76,5,1,2,00,2,4,0,200900044462B01,2,0,1
200900044508,2009-05-07,2009,mai,jeudi,12:35,13,13117,0,0,1,6,3,1,1,3,1,02,1,2,000,060,1,0,1,4,1,62,5,1,2,00,2,6,0,200900044508A01,7,0,1
200900044525,2009-05-19,2009,mai,mardi,11:25,13,13028,0.00004,0,2,1,1,1,1,3,2,02,2,4,000,064,1,0,1,4,1,32,5,1,2,00,2,1,1,200900044525B01,7,15,1
200900044546,2009-05-24,2009,mai,dimanche,10:00,13,13074,0.00004,0,1,1,3,1,1,2,2,00,1,1,000,104,1,0,1,3,1,62,5,1,2,00,2,1,1,200900044546B02,7,6,1
200900044573,2009-05-12,2009,mai,mardi,81:5,13,13047,0.00004,0,2,1,3,1,1,3,2,02,1,1,000,060,1,0,1,3,1,14,5,1,2,00,2,8,15,200900044573B01,7,17,1
200900044575,2009-05-16,2009,mai,samedi,17:55,13,13047,0.00004,0,1,1,6,1,1,3,2,02,1,1,000,074,1,0,2,3,1,56,5,1,2,00,2,1,1,200900044575B01,7,1,1
200900044587,2009-05-29,2009,mai,vendredi,13:00,13,13055,0,0,2,3,3,1,1,4,-1,00,1,1,000,123,1,0,1,1,1,40,5,1,2,00,2,0,0,200900044587A01,7,0,1
200900044651,2009-05-11,2009,mai,lundi,70:0,13,13210,0,0,2,1,3,1,1,4,2,02,1,-1,000,080,1,0,1,4,1,42,1,1,9,00,2,8,1,200900044651B01,7,1,1
200900044720,2009-05-26,2009,mai,mardi,15:30,13,13055,0,0,2,1,3,1,1,4,1,01,2,2,000,090,1,0,1,3,1,62,5,1,9,00,2,0,0,200900044720B01,7,1,1
200900044852,2009-11-17,2009,novembre,mardi,16:00,27,27137,0.00004,0,1,2,3,2,2,3,2,02,1,1,000,000,2,0,1,3,1,65,5,1,2,00,2,1,1,200900044852B02,7,19,1
200900044856,2009-06-05,2009,juin,vendredi,18:15,42,42218,0.00004,0,2,2,2,1,1,4,2,04,4,1,000,000,1,5,1,4,2,14,5,1,2,,2,1,2,200900044856A01,7,23,1
200900044856,2009-06-05,2009,juin,vendredi,18:15,42,42218,0.00004,0,2,2,2,1,1,4,2,04,4,1,000,000,1,5,1,3,2,17,5,1,2,,2,1,2,200900044856A01,7,23,1
200900044861,2009-06-09,2009,juin,mardi,16:10,42,42044,0.00004,0,2,9,3,1,1,3,1,01,1,2,000,087,1,5,1,4,1,37,1,1,2,00,2,3,1,200900044861B01,7,16,1
200900044899,2009-11-23,2009,novembre,lundi,74:5,49,49007,0,0,2,2,3,5,1,4,2,02,1,1,000,000,2,1,5,4,1,15,2,1,2,00,2,1,1,200900044899B01,7,15,1
200900044903,2009-11-26,2009,novembre,jeudi,17:45,49,49099,0,0,2,1,2,5,2,4,2,02,1,1,000,000,2,0,1,4,1,65,5,1,4,00,2,4,13,200900044903A01,7,1,1
200900044906,2009-11-20,2009,novembre,vendredi,80:0,49,49007,0,0,2,2,2,5,1,4,2,02,1,1,000,000,2,0,1,4,2,14,2,1,9,00,2,4,1,200900044906A01,7,15,1
200900044909,2009-11-19,2009,novembre,jeudi,12:15,49,49007,0,0,2,1,3,1,1,4,2,02,1,1,000,060,-1,0,1,4,1,12,0,1,2,00,2,1,15,200900044909B01,7,1,1
200900044915,2009-11-27,2009,novembre,vendredi,15:50,49,49353,0,0,2,1,2,1,1,4,2,02,1,1,000,075,2,0,1,2,2,71,3,1,4,00,2,0,1,200900044915B01,7,2,1
200900044916,2009-11-18,2009,novembre,mercredi,12:15,49,49099,0,0,2,3,3,1,1,4,3,04,1,1,000,000,1,0,1,3,1,87,5,1,9,00,2,1,1,200900044916B01,7,16,1
200900044918,2009-11-27,2009,novembre,vendredi,16:05,49,49007,0,0,2,2,3,1,1,4,2,02,1,1,000,057,2,0,1,4,1,18,9,1,2,00,2,1,1,200900044918B01,7,1,1
200900044919,2009-11-28,2009,novembre,samedi,90:0,49,49015,0,0,2,1,1,1,2,4,2,02,1,3,000,063,2,0,1,2,1,68,5,1,9,00,2,1,1,200900044919B01,7,15,1
200900044942,2009-11-12,2009,novembre,jeudi,18:11,49,49007,0,0,2,3,3,5,1,4,2,02,1,1,000,072,1,0,1,3,2,88,5,1,2,00,2,8,15,200900044942B01,7,1,1
200900044962,2009-05-06,2009,mai,mercredi,16:04,92,92040,0,0,2,2,6,1,1,3,2,02,1,1,000,096,1,0,1,4,1,62,5,1,9,00,2,4,15,200900044962B01,7,1,1
200900044969,2009-05-17,2009,mai,dimanche,17:00,92,92022,0,0,2,1,3,1,1,3,2,02,2,1,000,120,1,0,1,4,2,36,9,1,2,00,2,1,1,200900044969B01,7,22,1
200900044971,2009-05-17,2009,mai,dimanche,10:40,92,92047,0,0,2,9,6,1,2,4,-1,00,1,2,000,070,2,0,1,4,2,74,5,1,9,00,1,1,15,200900044971A01,,,
200900044971,2009-05-17,2009,mai,dimanche,10:40,92,92047,0,0,2,9,6,1,2,4,-1,00,1,2,000,070,2,0,1,1,1,43,5,1,2,00,1,1,15,200900044971A01,,,
200900044974,2009-05-30,2009,mai,samedi,18:20,92,92026,0,0,2,1,7,1,1,9,-1,00,1,-1,000,000,1,6,0,4,1,4,5,1,9,00,1,1,1,200900044974A01,,,
200900044974,2009-05-30,2009,mai,samedi,18:20,92,92026,0,0,2,1,7,1,1,9,-1,00,1,-1,000,000,1,6,0,1,1,58,5,1,2,00,1,1,1,200900044974A01,,,
200900044979,2009-05-13,2009,mai,mercredi,93:7,92,92051,0,0,2,1,6,1,1,4,-1,02,1,1,000,000,1,0,1,1,2,28,4,1,9,00,1,1,0,200900044979A01,,,
200900044988,2009-05-22,2009,mai,vendredi,83:5,92,92063,0,0,2,3,6,1,1,4,2,02,2,1,000,000,1,0,1,4,1,16,1,1,9,01,0,1,16,200900044988A01,,,
200900045007,2009-05-29,2009,mai,vendredi,95:0,92,92026,0,0,2,2,2,1,1,3,3,03,1,1,000,260,1,0,1,4,1,37,0,1,2,00,2,1,1,200900045007A01,10,15,1
200900045015,2009-05-24,2009,mai,dimanche,15:55,92,92064,0,0,1,1,3,1,1,9,2,01,2,1,000,045,1,0,0,3,1,30,5,1,9,00,2,1,1,200900045015B01,1,10,1
200900045015,2009-05-24,2009,mai,dimanche,15:55,92,92064,0,0,1,1,3,1,1,9,2,01,2,1,000,045,1,0,0,4,1,16,5,1,9,00,9,2,10,200900045015A01,1,1,1
200900045021,2009-05-16,2009,mai,samedi,17:35,92,92026,0,0,2,2,7,1,2,3,1,03,-1,-1,000,000,-1,0,0,4,1,30,5,1,2,00,0,0,0,200900045021A01,,,
200900045027,2009-05-30,2009,mai,samedi,94:0,92,92036,0,0,2,1,3,1,1,3,2,03,1,1,000,120,1,0,1,4,1,47,5,1,9,01,0,7,1,200900045027B01,7,22,1
200900045033,2009-05-15,2009,mai,vendredi,17:45,92,92020,0,0,2,1,3,1,1,4,2,02,1,1,000,000,1,0,1,4,1,18,0,1,2,00,0,0,0,200900045033A01,10,0,1
200900045056,2009-05-05,2009,mai,mardi,19:10,92,92049,0,0,2,1,6,1,1,3,2,02,1,1,000,000,1,0,1,4,1,15,5,1,9,00,0,0,0,200900045056B01,7,1,1
200900045057,2009-05-11,2009,mai,lundi,18:00,92,92063,0,0,2,1,3,1,1,4,2,02,1,1,000,054,1,0,1,4,1,19,0,1,9,00,0,0,19,200900045057B01,7,1,1
200900045064,2009-05-11,2009,mai,lundi,18:30,92,92050,0,0,2,1,1,1,1,3,2,01,2,1,000,015,1,0,5,1,2,20,5,1,9,00,9,1,1,200900045064B01,99,1,1
200900045111,2009-05-15,2009,mai,vendredi,20:25,92,92004,0,0,2,1,6,4,1,4,2,02,-1,-1,000,000,1,0,4,1,2,19,5,1,4,00,1,1,0,200900045111A01,,,
200900045113,2009-05-23,2009,mai,samedi,19:45,92,92004,0,0,2,3,7,1,1,4,2,02,-1,-1,000,000,1,0,1,3,1,42,0,1,4,14,0,0,16,200900045113A01,,,
200900045123,2009-10-05,2009,octobre,lundi,73:0,87,87017,0.00004,0,1,6,6,3,1,2,2,02,1,-1,000,096,1,0,0,2,1,19,1,1,8,00,0,8,0,200900045123A01,,,
200900045158,2009-10-13,2009,octobre,mardi,16:19,87,87085,0.00004,0,2,2,3,1,1,2,2,05,1,1,000,150,1,0,0,4,1,24,5,1,2,00,2,1,2,200900045158A01,7,2,1
200900045181,2009-09-01,2009,septembre,mardi,17:00,31,31149,0,0,2,1,1,1,1,4,2,02,1,3,000,060,1,0,1,4,2,44,1,1,2,00,2,1,1,200900045181B01,17,1,1
200900045185,2009-10-12,2009,octobre,lundi,17:20,31,31555,0,0,2,1,3,1,1,4,2,02,1,1,000,075,1,0,1,4,1,11,2,1,2,00,2,0,19,200900045185A01,7,1,1
200900045247,2009-10-30,2009,octobre,vendredi,20:0,31,31555,0,0,2,1,1,5,1,4,1,02,1,1,000,085,1,0,1,4,1,25,5,1,2,00,2,1,5,200900045247A01,30,1,1
200900045263,2009-10-30,2009,octobre,vendredi,14:00,31,31555,0,0,2,1,3,1,1,4,2,03,1,1,000,084,1,0,1,4,1,72,5,1,2,00,2,1,1,200900045263B01,7,14,1
200900045267,2009-10-02,2009,octobre,vendredi,11:50,31,31555,0,0,2,2,3,1,1,4,-1,00,-1,-1,000,000,-1,0,0,4,1,63,5,1,2,00,2,8,1,200900045267B01,7,15,1
200900045283,2009-10-09,2009,octobre,vendredi,17:30,31,31557,0.00004,0,2,6,3,1,1,3,2,02,1,1,000,089,1,0,1,4,2,11,2,1,8,00,2,8,19,200900045283B01,7,1,1
200900045294,2009-10-19,2009,octobre,lundi,72:5,31,31149,0,0,2,6,3,1,1,4,2,02,1,1,000,080,1,0,1,3,1,64,5,1,2,00,2,1,1,200900045294B01,7,1,1
200900045304,2009-06-12,2009,juin,vendredi,19:05,42,42218,0.00004,0,2,1,2,1,1,4,1,02,1,1,000,000,1,0,1,3,1,29,5,1,4,00,2,4,1,200900045304B01,7,1,1
200900045313,2009-01-14,2009,janvier,mercredi,63:0,92,92044,0,0,2,2,3,5,1,4,1,01,1,1,000,000,1,0,1,4,1,40,1,1,9,00,2,4,1,200900045313B01,7,1,1
200900045333,2009-04-04,2009,avril,samedi,51:5,92,92044,0,0,2,9,6,5,1,3,1,00,1,-1,000,000,1,6,1,4,1,19,9,1,9,00,0,1,2,200900045333A01,,,
200900045358,2009-10-16,2009,octobre,vendredi,15:16,66,66136,0.00004,0,2,1,6,1,1,4,2,04,1,1,000,000,1,0,1,4,2,42,1,1,9,00,2,0,19,200900045358C01,7,1,2
200900045360,2009-10-26,2009,octobre,lundi,16:35,66,66136,0,0,1,1,2,1,1,3,1,04,1,1,018,167,1,0,1,3,1,44,5,1,2,00,2,4,1,200900045360B01,14,1,1
200900045373,2009-11-10,2009,novembre,mardi,17:30,87,87050,0,0,2,1,6,1,1,4,2,02,1,1,000,060,1,0,1,4,1,21,5,1,4,16,0,1,2,200900045373A01,,,
200900045403,2009-11-30,2009,novembre,lundi,17:10,87,87085,0,0,2,1,6,5,1,4,2,02,-1,1,000,060,2,0,1,3,1,85,5,1,2,00,5,0,1,200900045403A01,,,
200900045415,2009-11-17,2009,novembre,mardi,17:47,87,87085,0,0,2,1,6,5,1,4,2,02,-1,1,000,060,1,0,1,4,1,14,2,1,2,00,2,0,19,200900045415B01,7,1,1
200900045422,2009-11-24,2009,novembre,mardi,16:14,87,87085,0.00004,0,2,1,3,1,1,2,2,02,-1,1,000,060,1,0,1,4,1,60,5,1,2,00,2,1,1,200900045422B01,7,15,1
200900045427,2009-06-18,2009,juin,jeudi,17:30,42,42330,0.00004,0,2,4,1,1,1,4,1,01,2,2,000,030,1,0,1,4,1,50,5,1,2,00,2,1,1,200900045427B01,7,16,1
200900045428,2009-06-22,2009,juin,lundi,11:43,42,42218,0.00004,0,2,1,3,1,1,4,2,02,2,1,000,071,1,0,1,4,1,38,5,1,2,00,2,1,1,200900045428B01,30,11,1
200900045433,2009-07-07,2009,juillet,mardi,14:30,91,91549,0,0,2,6,3,1,1,4,1,02,1,2,000,000,1,5,1,4,2,20,5,1,9,00,2,1,1,200900045433B01,7,9,1
200900045447,2009-07-26,2009,juillet,dimanche,10:45,91,91577,0.00004,0,2,1,1,1,1,4,2,02,1,2,000,072,1,0,1,3,1,75,0,1,2,00,2,1,5,200900045447B02,7,1,1
200900045455,2009-07-02,2009,juillet,jeudi,74:5,91,91191,0,0,2,1,6,1,1,4,1,01,-1,-1,000,000,-1,0,1,4,2,42,0,1,9,00,2,8,2,200900045455B01,7,1,1
200900045472,2009-07-21,2009,juillet,mardi,14:30,91,91421,0,0,2,1,3,1,1,4,2,02,1,1,000,040,1,0,1,4,1,13,5,1,9,00,2,1,13,200900045472B01,7,1,1
200900045485,2009-07-08,2009,juillet,mercredi,16:15,91,91223,0,0,2,1,7,1,2,4,2,02,1,1,000,060,2,0,1,3,2,51,0,1,2,00,0,0,0,200900045485A01,,,
200900045495,2009-07-06,2009,juillet,lundi,15:10,91,91589,0,0,2,1,6,1,1,3,3,01,1,1,000,000,1,0,0,3,1,22,1,1,2,00,0,8,1,200900045495B01,7,17,1
200900045537,2009-06-29,2009,juin,lundi,16:00,42,42187,0.00004,0,2,2,3,1,1,3,2,02,1,1,000,070,1,0,1,4,1,60,5,1,8,00,2,8,15,200900045537B01,7,1,1
200900045545,2009-06-03,2009,juin,mercredi,19:15,42,42249,0.00004,0,1,1,3,1,1,3,2,02,2,2,000,000,1,0,3,4,1,40,5,1,8,00,2,1,1,200900045545B02,7,15,1
200900045553,2009-06-21,2009,juin,dimanche,63:0,42,42026,0.00004,0,1,1,1,1,1,3,2,02,1,1,000,060,1,0,1,3,1,63,5,1,8,00,0,1,1,200900045553B02,7,13,1
200900045573,2009-06-29,2009,juin,lundi,19:15,42,42184,0,0,2,1,2,1,1,4,2,02,1,1,000,048,1,0,0,3,1,17,5,1,2,00,2,4,15,200900045573B01,7,1,1
200900045575,2009-06-30,2009,juin,mardi,92:0,42,42187,0,0,2,2,3,1,1,4,2,02,1,1,000,075,1,0,1,4,1,79,3,1,9,00,2,8,17,200900045575B01,7,0,1
200900045576,2009-06-30,2009,juin,mardi,91:5,42,42071,0,0,2,1,6,1,1,4,2,02,1,-1,000,040,1,0,1,4,2,54,5,1,9,00,2,0,1,200900045576B01,7,1,1
200900045601,2009-08-14,2009,août,vendredi,10:45,86,86194,0,0,2,1,3,1,1,3,3,07,1,1,040,250,1,0,1,4,1,54,5,1,2,00,2,4,1,200900045601B01,7,12,1
200900045621,2009-09-20,2009,septembre,dimanche,74:5,86,86048,0,0,1,1,3,1,1,3,2,02,-1,1,000,060,1,0,1,3,1,52,5,1,2,00,2,4,1,200900045621B02,7,1,1
200900045625,2009-09-09,2009,septembre,mercredi,16:45,86,86226,0,0,1,3,3,1,1,3,2,02,1,1,000,080,1,0,1,3,1,47,5,1,1,00,2,8,19,200900045625B02,7,1,1
200900045646,2009-10-06,2009,octobre,mardi,18:15,86,86142,0,0,2,1,1,1,1,3,2,00,1,3,000,042,1,0,1,3,2,9,5,1,2,00,2,1,1,200900045646B02,7,1,1
200900045658,2009-10-19,2009,octobre,lundi,19:10,86,86194,0,0,2,1,3,2,1,4,2,02,1,1,000,070,1,0,1,4,1,20,9,1,9,00,2,7,19,200900045658A01,7,1,1
200900045664,2009-10-15,2009,octobre,jeudi,90:5,86,86194,0,0,2,3,3,1,1,4,2,02,1,1,000,065,1,0,1,4,2,38,1,1,9,00,2,1,1,200900045664B01,7,15,1
200900045702,2009-10-06,2009,octobre,mardi,74:5,67,67544,0.00004,0,2,1,1,1,8,3,2,02,1,1,068,068,1,0,1,3,1,15,2,1,1,00,2,8,1,200900045702A01,10,1,1
200900045713,2009-10-23,2009,octobre,vendredi,11:00,67,67482,0,0,2,2,6,1,2,4,3,02,1,1,000,060,2,0,1,4,1,22,0,1,9,00,2,1,1,200900045713A01,7,1,1
200900045718,2009-10-20,2009,octobre,mardi,16:30,67,67482,0,0,2,1,3,1,1,4,2,02,1,1,000,060,1,0,1,4,1,21,9,1,9,00,2,1,19,200900045718B01,10,1,1
200900045720,2009-10-20,2009,octobre,mardi,19:10,67,67482,0,0,2,1,3,5,1,4,2,02,1,1,020,090,1,0,1,4,2,27,2,1,9,00,2,7,19,200900045720B01,7,1,1
200900045725,2009-10-21,2009,octobre,mercredi,17:15,67,67482,0,0,2,2,3,1,1,4,2,02,1,1,000,050,1,0,1,4,1,19,5,1,9,00,2,1,19,200900045725A01,7,15,1
200900045727,2009-10-17,2009,octobre,samedi,35:0,67,67482,0,0,2,2,3,5,2,4,2,02,1,1,000,064,2,2,1,4,1,23,0,1,9,00,2,4,1,200900045727B01,7,1,1
200900045730,2009-10-13,2009,octobre,mardi,93:0,67,67378,0,0,2,1,3,1,1,4,3,02,-1,1,030,050,1,5,1,3,1,77,5,1,2,00,2,8,1,200900045730B02,7,15,1
200900045731,2009-10-22,2009,octobre,jeudi,17:40,67,67482,0,0,2,3,3,1,1,4,2,02,1,1,000,100,1,0,1,4,2,55,1,1,4,00,2,1,1,200900045731B01,7,16,1
200900045736,2009-10-19,2009,octobre,lundi,13:10,67,67218,0,0,2,9,6,1,1,4,2,02,1,1,019,090,1,0,1,4,1,55,1,1,2,00,2,0,0,200900045736B01,7,0,1
200900045749,2009-10-01,2009,octobre,jeudi,18:05,67,67482,0,0,2,1,6,1,1,4,2,02,1,1,000,080,1,0,1,4,1,23,2,1,4,01,0,1,1,200900045749B01,7,22,1
200900045750,2009-10-03,2009,octobre,samedi,16:50,67,67218,0,0,2,3,6,1,1,6,-1,00,1,1,000,070,1,0,5,4,1,46,5,1,2,00,2,1,1,200900045750B01,7,19,1
200900045752,2009-10-03,2009,octobre,samedi,11:00,67,67447,0,0,2,1,3,1,1,4,2,02,1,1,000,070,1,0,1,4,2,33,5,1,2,00,2,1,1,200900045752B01,7,16,1
200900045757,2009-10-11,2009,octobre,dimanche,22:,67,67482,0,0,2,2,3,5,1,4,1,01,1,1,000,050,1,0,1,4,1,57,9,1,9,00,2,1,1,200900045757A01,7,1,1
200900045759,2009-10-12,2009,octobre,lundi,71:6,67,67482,0,0,2,2,3,1,1,4,1,02,1,1,000,060,2,0,1,4,1,21,0,1,4,00,2,1,19,200900045759A01,7,1,1
200900045770,2009-10-13,2009,octobre,mardi,18:30,67,67482,0,0,2,1,3,1,1,4,2,02,1,1,000,070,1,0,1,4,1,14,5,1,9,00,2,8,9,200900045770B01,7,5,1
200900045772,2009-10-10,2009,octobre,samedi,13:45,67,67482,0,0,2,2,3,1,3,4,4,00,1,1,000,075,2,0,1,4,1,20,0,1,4,00,2,1,19,200900045772B01,7,1,1
200900045778,2009-10-12,2009,octobre,lundi,18:00,67,67482,0,0,2,2,6,1,1,4,-1,02,1,1,000,070,1,0,1,4,1,26,9,1,9,00,2,7,19,200900045778B01,7,1,1
200900045788,2009-11-16,2009,novembre,lundi,10:30,66,66186,0.00004,0,2,1,3,1,1,3,2,02,1,1,000,059,1,0,1,3,2,74,5,1,2,00,2,3,2,200900045788B02,10,2,1
200900045823,2009-08-06,2009,août,jeudi,84:5,17,17300,0,0,2,9,3,1,1,4,1,02,1,-1,000,060,1,0,1,3,1,73,5,1,9,00,2,7,19,200900045823B01,7,1,1
200900045824,2009-08-07,2009,août,vendredi,17:15,17,17291,0,0,2,1,3,1,1,4,2,02,1,1,000,000,1,0,1,4,1,21,5,1,2,00,2,8,15,200900045824A01,7,17,1
200900045832,2009-08-13,2009,août,jeudi,16:23,17,17300,0,0,2,9,6,1,1,4,2,02,1,1,000,000,1,0,1,4,1,20,5,1,2,00,2,1,1,200900045832B01,7,15,1
200900045837,2009-08-02,2009,août,dimanche,10:05,17,17300,0,0,2,1,7,1,1,4,2,02,2,1,000,000,1,0,1,4,1,50,5,1,2,00,0,0,1,200900045837A01,,,
200900045850,2009-08-18,2009,août,mardi,13:15,17,17323,0,0,1,1,3,1,1,3,2,00,1,1,000,060,1,0,1,3,2,19,4,1,1,00,2,8,19,200900045850A01,7,1,1
200900045862,2009-08-08,2009,août,samedi,12:15,17,17094,0.00004,NaN,2,1,3,1,1,3,1,01,1,1,000,039,1,0,1,4,2,67,0,1,1,00,2,8,1,200900045862B02,7,17,1
200900045877,2009-08-28,2009,août,vendredi,17:30,17,17200,0,0,2,1,7,1,1,9,2,02,-1,1,000,000,1,0,5,3,1,76,5,1,2,00,0,0,14,200900045877A01,,,
200900045878,2009-08-20,2009,août,jeudi,17:30,17,17300,0,0,2,1,6,1,1,4,2,02,1,1,000,000,1,0,1,4,2,41,3,1,2,00,2,0,15,200900045878B01,2,17,1
200900045882,2009-08-27,2009,août,jeudi,32:0,17,17300,0,0,2,1,6,5,1,4,3,02,1,1,000,000,1,0,1,4,2,23,0,1,2,00,2,8,1,200900045882B01,7,17,1
200900045894,2009-08-26,2009,août,mercredi,20:20,17,17300,0,0,2,1,6,1,1,6,-1,01,-1,-1,000,040,-1,0,0,4,1,20,0,1,9,00,2,0,0,200900045894B01,7,0,1
200900045896,2009-08-22,2009,août,samedi,20:30,17,17299,0,0,2,1,7,1,1,4,2,02,1,1,000,000,1,2,1,3,1,39,5,1,9,00,0,1,1,200900045896A01,,,
200900045897,2009-08-27,2009,août,jeudi,14:40,17,17028,0,0,2,9,6,1,1,4,2,02,1,1,000,000,1,0,1,4,2,38,5,1,9,00,2,1,15,200900045897B01,7,16,1
200900045910,2009-08-18,2009,août,mardi,14:50,17,17415,0,0,2,1,6,1,1,4,2,02,1,1,000,000,1,0,4,1,1,25,0,1,9,00,1,4,0,200900045910A01,,,
200900045914,2009-08-24,2009,août,lundi,11:00,17,17300,0,0,2,1,6,1,1,4,2,02,1,1,000,000,1,0,1,4,2,43,5,1,4,00,2,7,1,200900045914B01,7,17,1
200900045915,2009-08-23,2009,août,dimanche,19:10,17,17200,0,0,2,2,3,1,1,4,2,02,1,1,000,000,1,0,1,4,2,13,5,1,2,00,2,8,1,200900045915B01,7,15,1
200900045917,2009-08-08,2009,août,samedi,12:00,17,17380,0,0,1,1,6,1,1,4,1,02,1,1,000,000,1,0,1,3,2,59,0,1,9,00,2,1,11,200900045917A01,31,2,1
200900045930,2009-08-30,2009,août,dimanche,10:45,17,17380,0,0,2,1,6,1,1,4,2,02,1,-1,000,000,1,0,1,4,2,72,5,1,4,00,2,1,1,200900045930B01,7,22,1
200900045938,2009-08-14,2009,août,vendredi,16:45,17,17306,0,0,2,3,3,1,1,4,1,01,1,1,000,000,1,0,1,4,1,70,5,1,2,00,2,1,1,200900045938B01,7,15,1
200900045945,2009-05-28,2009,mai,jeudi,94:0,03,03310,0,-0,2,1,7,1,8,3,2,02,1,1,000,050,1,0,1,3,1,70,0,1,9,12,0,1,14,200900045945A01,,,
200900045956,2009-05-02,2009,mai,samedi,10:15,03,03301,0,-0,2,1,2,1,1,3,-1,02,2,1,000,000,1,0,1,4,2,28,5,1,1,00,0,0,21,200900045956B02,7,4,1
200900045966,2009-05-21,2009,mai,jeudi,10:45,03,03006,0,-0,1,1,1,1,1,3,2,00,1,2,000,047,2,0,3,4,1,23,5,1,2,00,2,1,13,200900045966A01,7,1,1
200900045987,2009-06-17,2009,juin,mercredi,17:30,03,03095,0,0,2,2,3,1,1,4,2,02,1,2,000,080,1,5,1,4,2,15,4,1,9,00,2,1,9,200900045987A01,7,1,1
200900046020,2009-10-20,2009,octobre,mardi,17:50,28,28218,0.00004,0,2,1,3,2,2,4,2,02,1,1,000,080,2,0,1,4,1,39,0,1,2,00,2,2,1,200900046020B01,7,21,1
200900046040,2009-10-03,2009,octobre,samedi,13:25,28,28110,0.00004,0,2,1,1,1,1,3,2,02,1,1,000,060,1,0,1,4,2,12,0,1,2,00,2,1,1,200900046040B01,7,1,1
200900046069,2009-08-05,2009,août,mercredi,19:15,24,24082,0,0,1,1,3,1,1,9,2,02,1,1,000,000,1,5,1,3,1,30,5,1,2,00,2,7,19,200900046069A01,30,1,1
200900046078,2009-09-13,2009,septembre,dimanche,11:44,24,24053,0,0,2,1,5,1,1,4,2,02,2,1,000,061,1,0,1,4,1,40,5,1,2,00,2,1,2,200900046078C01,1,1/2,2
200900046078,2009-09-13,2009,septembre,dimanche,11:44,24,24053,0,0,2,1,5,1,1,4,2,02,2,1,000,061,1,0,1,4,1,54,5,1,2,00,2,1,1,200900046078A01,1,2,2
200900046078,2009-09-13,2009,septembre,dimanche,11:44,24,24053,0,0,2,1,5,1,1,4,2,02,2,1,000,061,1,0,1,3,1,63,5,1,2,00,2,1,2,200900046078B01,1,2/1,2
200900046140,2009-09-07,2009,septembre,lundi,83:5,17,17299,0,0,2,6,3,1,1,4,2,02,1,2,000,088,1,5,1,4,2,42,5,1,9,00,2,7,15,200900046140B01,7,1,1