Num_Acc,date,an,mois,jour,hrmn,dep,com,lat,long,agg,int,col,lum,atm,catr,circ,nbv,prof,plan,lartpc,larrout,surf,infra,situ,grav,sexe,age,trajet,secuexist,equipement,obs,obsm,choc,manv,vehiculeid,typevehicules,manoeuvehicules,numVehicules
200900046141,2009-09-02,2009,septembre,mercredi,16:00,17,17300,0,0,2,1,3,1,1,4,2,02,1,1,000,000,1,0,1,4,2,52,5,1,2,00,2,7,1,200900046141B01,7,1,1
200900046143,2009-09-14,2009,septembre,lundi,85:0,17,17300,0,0,2,1,3,1,1,4,2,02,1,1,000,060,-1,6,1,4,1,57,0,1,9,00,2,7,19,200900046143B01,7,1,1
200900046148,2009-09-29,2009,septembre,mardi,71:5,17,17299,0,0,2,1,7,5,1,4,2,02,1,1,000,100,1,0,1,4,1,15,2,1,4,00,0,0,1,200900046148A01,,,
200900046152,2009-09-17,2009,septembre,jeudi,10:5,17,17300,0,0,2,1,6,5,1,4,2,02,1,1,000,000,1,0,1,4,2,20,0,1,2,00,0,0,1,200900046152A01,,,
200900046155,2009-09-03,2009,septembre,jeudi,91:0,17,17300,0,0,2,1,2,1,1,4,1,02,1,1,000,050,-1,0,0,3,2,23,9,1,9,00,2,3,1,200900046155B01,7,0,1
200900046159,2009-09-14,2009,septembre,lundi,16:45,17,17200,0,0,2,1,6,1,1,4,2,02,1,1,000,000,-1,0,5,1,2,15,5,1,9,00,1,1,1,200900046159A01,,,
200900046160,2009-09-23,2009,septembre,mercredi,18:45,17,17449,0,0,2,1,7,1,1,4,3,02,2,1,025,093,1,0,5,4,2,81,5,1,9,00,1,1,1,200900046160A01,,,
200900046160,2009-09-23,2009,septembre,mercredi,18:45,17,17449,0,0,2,1,7,1,1,4,3,02,2,1,025,093,1,0,5,1,1,61,1,1,2,00,1,1,1,200900046160A01,,,
200900046165,2009-09-02,2009,septembre,mercredi,75:0,17,17299,0,0,2,6,3,1,1,4,2,02,1,1,000,071,1,5,1,4,1,29,1,1,9,00,2,7,1,200900046165B01,7,1,1
200900046167,2009-09-28,2009,septembre,lundi,15:50,17,17300,0,0,2,1,6,1,1,4,2,02,1,1,000,000,1,0,1,4,1,26,0,1,2,00,2,8,13,200900046167B01,2,17,1
200900046168,2009-09-24,2009,septembre,jeudi,12:05,17,17449,0,0,2,1,3,1,1,4,2,02,1,1,000,060,1,0,4,4,1,22,2,1,9,00,2,1,1,200900046168A01,7,9,1
200900046174,2009-09-08,2009,septembre,mardi,75:6,17,17300,0,0,2,6,2,1,1,4,-1,02,1,-1,000,000,1,5,0,4,2,19,2,1,2,00,2,6,1,200900046174B01,7,16,1
200900046180,2009-09-27,2009,septembre,dimanche,16:45,17,17258,0,0,1,1,2,1,1,3,2,02,-1,1,000,056,1,5,1,3,1,78,5,1,1,00,2,8,15,200900046180A01,7,17,1
200900046206,2009-09-07,2009,septembre,lundi,84:0,17,17306,0,0,2,1,6,1,1,4,2,02,2,1,000,000,1,0,1,3,2,65,4,1,9,00,2,0,0,200900046206B01,7,17,1
200900046210,2009-09-29,2009,septembre,mardi,11:31,17,17333,0,0,2,3,3,1,1,4,2,02,1,1,000,000,1,0,0,4,2,68,0,1,9,00,2,1,1,200900046210B01,7,1,1
200900046212,2009-09-11,2009,septembre,vendredi,16:00,17,17306,0,0,2,1,6,1,1,4,2,02,1,1,000,000,1,0,1,4,2,12,2,1,4,00,2,7,1,200900046212B01,7,17,1
200900046256,2009-12-05,2009,décembre,samedi,12:25,64,64348,0.00004,NaN,2,6,3,1,1,4,1,01,1,3,000,000,1,0,1,4,1,21,5,1,9,00,2,7,1,200900046256B01,7,1,1
200900046269,2009-12-11,2009,décembre,vendredi,82:5,64,64445,0.00004,NaN,2,6,3,1,1,4,2,01,1,1,000,000,1,0,1,4,2,54,5,1,2,00,2,1,2,200900046269B01,7,9,1
200900046342,2009-01-08,2009,janvier,jeudi,92:5,93,93031,0.00004,0,2,1,3,1,1,2,3,01,1,1,000,060,1,0,1,3,1,22,0,1,9,00,2,6,0,200900046342A01,37,17,1
200900046345,2009-01-04,2009,janvier,dimanche,12:30,93,93008,0.00004,0,2,9,1,1,1,3,2,00,1,-1,000,000,1,0,5,4,1,56,5,1,2,00,9,1,0,200900046345B01,1,0,1
200900046345,2009-01-04,2009,janvier,dimanche,12:30,93,93008,0.00004,0,2,9,1,1,1,3,2,00,1,-1,000,000,1,0,5,4,1,55,5,1,2,00,9,1,0,200900046345A01,1,0,1
200900046430,2009-08-17,2009,août,lundi,16:40,33,33009,0,0,2,1,2,1,1,4,2,02,1,1,000,000,1,0,5,3,1,65,5,1,9,00,0,1,1,200900046430B01,1,1,1
200900046430,2009-08-17,2009,août,lundi,16:40,33,33009,0,0,2,1,2,1,1,4,2,02,1,1,000,000,1,0,5,1,2,43,5,1,9,00,2,1,1,200900046430A01,1,1,1
200900046431,2009-08-19,2009,août,mercredi,11:30,33,33009,0,0,2,2,3,1,1,4,1,01,2,1,000,040,1,0,1,3,1,34,5,1,9,00,2,8,1,200900046431B01,7,1,1
200900046435,2009-08-23,2009,août,dimanche,10:25,33,33529,0,0,1,1,1,1,1,3,2,02,1,1,000,056,1,0,1,3,2,50,5,1,2,00,2,1,1,200900046435B01,7,13,1
200900046441,2009-09-29,2009,septembre,mardi,17:45,33,33003,0,0,2,6,3,1,1,4,2,01,1,3,000,070,1,0,1,3,1,55,5,1,2,00,2,8,2,200900046441B02,7,2,1
200900046445,2009-10-27,2009,octobre,mardi,11:16,90,90005,0,0,2,1,3,1,1,3,2,02,1,1,000,064,1,0,0,2,1,14,5,1,4,00,2,8,1,200900046445A01,17,17,1
200900046457,2009-10-06,2009,octobre,mardi,12:00,90,90029,0,0,2,1,1,1,1,4,-1,01,1,1,000,000,1,0,1,4,1,71,5,1,9,00,2,1,1,200900046457B01,7,9,1
200900046509,2009-09-04,2009,septembre,vendredi,15:30,90,90032,0,0,2,1,3,1,1,4,-1,00,1,-1,000,000,1,0,5,4,1,19,0,1,2,00,2,7,0,200900046509B01,7,0,1
200900046510,2009-09-16,2009,septembre,mercredi,11:45,90,90010,0,0,2,1,3,1,1,4,-1,02,1,-1,000,063,1,0,1,4,1,44,5,1,9,00,2,1,1,200900046510A01,7,1,1
200900046511,2009-09-08,2009,septembre,mardi,19:00,90,90032,0,0,2,1,3,1,1,4,-1,00,1,1,000,078,1,0,1,4,1,13,5,1,2,00,2,3,9,200900046511B01,7,9,1
200900046543,2009-08-13,2009,août,jeudi,10:30,22,22074,0.00004,NaN,2,1,6,1,1,3,2,02,2,1,000,068,1,0,1,3,1,70,5,1,2,00,2,8,1,200900046543B02,,,
200900046544,2009-08-30,2009,août,dimanche,11:30,22,22133,0.00004,NaN,1,1,2,1,1,3,2,00,4,1,000,075,1,0,1,3,1,41,5,1,2,00,2,1,1,200900046544B02,17,4,1
200900046565,2009-08-26,2009,août,mercredi,16:25,22,22278,0,0,2,1,6,1,1,4,2,02,2,1,000,000,1,0,4,4,1,22,5,1,9,00,1,2,1,200900046565A01,,,
200900046566,2009-08-17,2009,août,lundi,18:30,22,22278,0,0,2,6,3,1,1,4,2,02,1,1,000,044,1,5,5,4,2,31,1,1,4,00,2,1,1,200900046566B01,7,16,1
200900046572,2009-10-17,2009,octobre,samedi,12:30,01,01289,0,0,1,2,5,1,1,3,2,02,1,1,000,074,1,0,1,3,1,82,5,1,9,00,0,8,1,200900046572B01,7,23/19,2
200900046575,2009-10-17,2009,octobre,samedi,22:00,01,01344,0,0,2,1,2,5,1,4,2,02,1,1,000,000,2,0,1,3,1,42,5,1,2,00,2,6,1,200900046575B01,7,0,1
200900046578,2009-10-25,2009,octobre,dimanche,11:30,01,01344,0,0,2,1,3,1,1,4,2,02,1,4,000,000,1,0,1,3,2,66,5,1,2,00,0,7,19,200900046578B01,7,1,1
200900046595,2009-10-15,2009,octobre,jeudi,18:45,01,01139,0,0,2,9,1,1,1,3,-1,02,1,1,000,069,1,0,1,4,1,15,0,1,2,06,0,1,0,200900046595B02,7,1,1
200900046606,2009-10-13,2009,octobre,mardi,16:00,01,01007,0,0,1,1,2,1,6,3,2,02,1,1,000,063,1,0,1,2,1,56,5,1,2,00,2,4,1,200900046606B02,7,17,1
200900046614,2009-10-27,2009,octobre,mardi,14:15,01,01283,0,0,2,9,3,1,1,4,1,01,1,-1,000,000,1,0,1,1,1,12,5,1,9,15,2,7,5,200900046614B01,7,1,1
200900046624,2009-11-13,2009,novembre,vendredi,65:0,01,01344,0,0,2,1,6,3,8,3,2,02,1,1,000,000,2,0,1,4,1,19,1,1,4,00,0,8,1,200900046624B01,7,1,1
200900046687,2009-09-08,2009,septembre,mardi,16:25,22,22278,0,0,2,1,3,1,1,3,2,02,1,1,000,000,1,0,1,4,1,12,2,1,4,00,2,8,19,200900046687B01,7,1,1
200900046703,2009-09-02,2009,septembre,mercredi,15:20,22,22278,0,0,2,1,7,1,1,4,-1,01,1,1,000,000,2,0,1,4,1,18,5,1,4,00,0,0,1,200900046703A01,,,
200900046736,2009-10-30,2009,octobre,vendredi,14:30,55,55569,0.00004,0,2,3,3,1,1,3,2,00,1,1,000,070,1,0,1,3,1,8,5,1,1,00,2,1,1,200900046736B02,7,1,1
200900046754,2009-12-03,2009,décembre,jeudi,17:30,33,33069,0,0,2,1,3,5,2,4,2,02,1,1,000,000,1,0,1,3,1,15,0,1,9,00,2,1,15,200900046754A01,7,1,1
200900046765,2009-12-04,2009,décembre,vendredi,80:0,33,33281,0,0,2,6,3,1,2,4,2,02,1,1,000,094,1,0,1,4,1,25,0,1,9,00,2,8,2,200900046765B01,7,16,1
200900046769,2009-12-03,2009,décembre,jeudi,82:0,33,33318,0,0,2,6,3,1,2,4,2,02,1,1,000,105,2,0,1,4,2,57,0,1,9,00,2,1,2,200900046769B01,7,9,1
200900046771,2009-12-10,2009,décembre,jeudi,22:20,33,33063,0,0,2,2,3,5,1,4,2,04,1,1,000,000,1,4,1,4,2,23,5,1,9,00,2,1,1,200900046771A01,33,0,1
200900046787,2009-12-04,2009,décembre,vendredi,17:00,33,33063,0,0,2,2,3,1,1,4,2,01,1,1,000,000,1,0,1,4,1,21,0,1,9,00,2,7,1,200900046787A01,7,1,1
200900046860,2009-12-15,2009,décembre,mardi,12:35,49,49007,0,0,2,1,6,1,1,6,3,02,1,1,000,051,1,1,0,4,2,53,1,1,9,01,0,1,1,200900046860B01,7,24,1
200900046865,2009-12-03,2009,décembre,jeudi,10:22,49,49007,0,0,2,1,7,1,1,4,3,04,1,1,000,070,1,0,1,4,2,17,0,1,9,01,0,1,1,200900046865A01,,,
200900046871,2009-12-05,2009,décembre,samedi,21:05,49,49007,0,0,2,1,6,5,1,4,1,00,1,1,000,032,1,0,1,4,1,37,0,1,9,01,0,1,1,200900046871A01,,,
200900046872,2009-12-02,2009,décembre,mercredi,16:00,49,49007,0,0,2,2,1,1,1,4,2,02,1,1,000,077,2,0,1,4,2,46,1,1,9,00,2,1,1,200900046872B01,7,15,1
200900046875,2009-12-02,2009,décembre,mercredi,18:00,49,49007,0,0,2,1,7,5,1,4,-1,00,2,1,000,000,2,0,1,4,1,49,1,1,9,00,0,0,1,200900046875A01,,,
200900046918,2009-12-16,2009,décembre,mercredi,14:40,49,49099,0,0,2,3,3,1,1,4,2,02,1,1,000,000,1,0,1,3,1,66,0,1,9,00,2,1,1,200900046918A01,7,16,1
200900046922,2009-12-17,2009,décembre,jeudi,20:00,49,49007,0,0,2,1,7,5,8,4,-1,00,1,1,000,000,7,0,1,4,1,57,1,1,9,00,0,0,1,200900046922A01,,,
200900046935,2009-10-21,2009,octobre,mercredi,16:45,74,74310,0,0,1,1,1,1,2,4,2,00,2,1,000,039,1,0,1,1,1,13,5,1,2,00,0,1,0,200900046935B02,1,0,1
200900046935,2009-10-21,2009,octobre,mercredi,16:45,74,74310,0,0,1,1,1,1,2,4,2,00,2,1,000,039,1,0,1,3,1,13,5,1,2,00,9,1,0,200900046935A01,1,0,1
200900047019,2009-10-19,2009,octobre,lundi,83:0,17,17047,0,0,1,1,4,1,1,3,2,02,1,1,000,067,1,0,1,4,1,59,5,1,2,00,0,8,1,200900047019C03,10,17,1
200900047019,2009-10-19,2009,octobre,lundi,83:0,17,17047,0,0,1,1,4,1,1,3,2,02,1,1,000,067,1,0,1,2,1,61,5,1,2,00,2,4,1,200900047019B02,10,17,1
200900047023,2009-10-14,2009,octobre,mercredi,14:15,17,17016,0,0,2,1,3,1,1,3,2,01,1,1,078,000,1,0,1,3,1,5,5,1,1,00,2,9,19,200900047023B02,7,1,1
200900047025,2009-10-08,2009,octobre,jeudi,18:45,17,17447,0,0,2,1,1,1,1,4,2,02,-1,1,000,055,1,0,1,4,2,25,5,1,2,00,2,1,15,200900047025A01,7,1,1
200900047049,2009-10-16,2009,octobre,vendredi,17:05,17,17300,0,0,2,1,6,1,1,4,2,02,1,1,000,050,1,0,1,4,1,11,0,1,9,00,2,3,13,200900047049B01,7,1,1
200900047055,2009-10-29,2009,octobre,jeudi,11:50,17,17300,0,0,2,1,6,1,1,4,2,02,1,1,000,000,1,0,5,4,1,26,0,1,2,00,2,7,1,200900047055B01,7,20,1
200900047059,2009-10-29,2009,octobre,jeudi,18:37,17,17300,0,0,2,9,2,5,1,4,2,02,1,1,000,000,1,0,1,1,2,17,5,1,9,00,2,4,13,200900047059B01,33,1,1
200900047063,2009-10-27,2009,octobre,mardi,91:5,17,17300,0,0,2,1,2,1,1,4,2,02,-1,1,000,000,1,0,1,4,2,51,0,1,2,00,2,4,1,200900047063B01,7,4,1
200900047081,2009-10-30,2009,octobre,vendredi,50:5,17,17299,0,0,2,3,3,5,1,4,2,02,2,1,000,102,1,5,1,3,1,19,5,1,9,00,2,8,15,200900047081A01,7,1,1
200900047085,2009-10-25,2009,octobre,dimanche,15:05,17,17299,0,0,2,6,3,1,1,4,1,02,1,2,000,075,1,5,1,4,1,35,5,1,2,00,2,1,1,200900047085B01,7,16,1
200900047091,2009-10-12,2009,octobre,lundi,18:36,17,17291,0,0,2,9,3,1,1,4,1,02,1,1,000,000,1,0,1,3,1,6,5,1,9,00,2,1,1,200900047091B01,7,1,1
200900047092,2009-10-06,2009,octobre,mardi,93:5,17,17300,0,0,2,1,2,1,1,4,2,02,-1,-1,000,000,-1,0,1,4,2,12,5,1,2,00,0,4,2,200900047092A01,7,2,1
200900047093,2009-10-02,2009,octobre,vendredi,18:15,17,17300,0,0,2,1,6,1,1,4,2,02,1,1,000,000,1,0,5,3,1,41,0,1,2,00,2,8,1,200900047093B01,7,22,1
200900047102,2009-10-03,2009,octobre,samedi,18:40,17,17300,0,0,2,1,2,1,1,4,2,02,1,1,000,000,1,0,1,4,1,13,0,1,9,00,2,4,1,200900047102B01,7,1,1
200900047111,2009-10-08,2009,octobre,jeudi,15:10,17,17300,0,0,2,1,1,1,1,4,1,01,1,1,000,000,1,0,1,4,1,12,0,1,9,00,2,1,0,200900047111B01,7,1,1
200900047113,2009-10-06,2009,octobre,mardi,17:12,17,17300,0,0,2,3,5,1,1,4,1,01,1,1,000,000,1,0,1,4,2,18,0,1,2,00,2,2,15,200900047113A01,7,1,2
200900047120,2009-10-05,2009,octobre,lundi,80:5,17,17300,0,0,2,3,3,2,1,4,2,02,1,1,000,060,2,5,1,4,1,46,0,1,9,00,2,0,1,200900047120B01,7,9,1
200900047136,2009-02-11,2009,février,mercredi,13:55,93,93053,0.00004,0,2,3,2,1,1,3,2,02,1,1,000,000,1,0,1,1,1,16,5,1,9,00,0,4,15,200900047136A01,33,2,1
200900047177,2009-02-17,2009,février,mardi,18:10,93,93008,0.00004,0,2,1,6,2,2,4,2,02,-1,-1,000,000,-1,0,1,3,1,15,5,1,2,00,2,8,13,200900047177A01,7,17,1
200900047233,2009-02-16,2009,février,lundi,17:15,93,93029,0.00004,0,2,1,3,1,1,3,2,02,1,-1,000,180,1,0,1,3,1,67,0,1,9,00,0,0,17,200900047233B01,7,22,1
200900047245,2009-02-06,2009,février,vendredi,74:0,93,93005,0.00004,0,2,6,3,2,1,4,2,02,1,1,000,000,1,5,1,3,1,39,1,1,4,00,2,1,1,200900047245B01,7,9,1
200900047257,2009-02-11,2009,février,mercredi,11:45,93,93005,0.00004,0,2,1,3,1,1,4,2,02,-1,-1,000,000,2,0,1,4,1,14,0,1,9,00,1,0,0,200900047257B01,33,0,1
200900047274,2009-02-11,2009,février,mercredi,16:30,93,93066,0.00004,0,2,1,3,1,1,4,2,02,1,1,000,060,1,6,1,1,1,54,5,1,2,00,2,8,1,200900047274B01,30,1,1
200900047292,2009-12-05,2009,décembre,samedi,18:00,01,01160,0,0,2,4,3,3,1,3,-1,00,-1,-1,000,000,-1,0,0,3,2,18,5,1,2,00,2,8,13,200900047292B02,7,1,1
200900047298,2009-12-31,2009,décembre,jeudi,16:30,01,01450,0,0,2,3,1,1,7,9,-1,00,2,1,000,041,1,0,0,4,2,69,9,1,1,00,2,1,1,200900047298A01,7,9,1
200900047309,2009-12-11,2009,décembre,vendredi,16:30,01,01378,0,0,2,1,2,1,7,3,2,02,1,1,000,060,1,0,1,4,1,62,5,1,1,00,2,4,2,200900047309A01,7,2,1
200900047316,2009-06-02,2009,juin,mardi,20:35,92,92050,0,0,2,1,3,1,1,4,2,02,1,1,000,080,1,0,1,4,1,6,5,1,9,00,2,1,1,200900047316B01,7,16,1
200900047421,2009-06-27,2009,juin,samedi,63:5,92,92026,0,0,2,3,3,1,1,3,2,02,1,1,000,000,1,5,1,4,1,63,5,1,9,00,2,1,19,200900047421A01,7,15,1
200900047422,2009-06-16,2009,juin,mardi,94:5,92,92075,0,0,2,2,6,1,1,3,2,02,1,1,000,000,1,5,1,4,1,33,1,1,2,00,1,1,1,200900047422A01,,,
200900047433,2009-06-22,2009,juin,lundi,17:55,92,92025,0,0,2,1,3,1,1,4,2,02,1,1,000,080,1,0,1,4,2,39,0,1,9,00,2,1,18,200900047433B01,7,22,1
200900047434,2009-06-22,2009,juin,lundi,18:50,92,92063,0,0,2,1,6,1,1,4,1,01,1,1,000,000,1,0,1,4,1,33,1,1,9,01,0,1,1,200900047434A01,7,24,1
200900047469,2009-06-19,2009,juin,vendredi,18:30,92,92048,0,0,1,2,3,1,1,4,2,02,1,3,000,050,1,0,1,4,1,48,9,1,2,00,2,2,1,200900047469A01,7,15,1
200900047471,2009-06-26,2009,juin,vendredi,19:00,92,92050,0,0,2,1,2,1,1,3,2,02,2,1,000,070,1,0,1,3,1,47,9,1,9,00,2,6,2,200900047471B01,7,2,1
200900047479,2009-06-11,2009,juin,jeudi,18:15,92,92048,0,0,2,2,3,1,1,4,2,02,1,1,000,049,1,0,1,4,1,13,5,1,9,00,2,8,1,200900047479B01,7,1,1
200900047483,2009-06-08,2009,juin,lundi,83:0,92,92048,0,0,2,1,3,1,1,4,2,02,2,3,000,045,1,0,1,4,1,42,1,1,2,00,2,1,17,200900047483B01,7,9,1
200900047486,2009-06-19,2009,juin,vendredi,17:50,92,92036,0,0,2,1,3,1,1,3,1,01,1,1,000,050,1,0,1,3,1,18,5,1,9,00,2,3,19,200900047486A01,7,1,1
200900047518,2009-06-22,2009,juin,lundi,83:0,92,92009,0,0,2,1,3,1,1,4,2,02,1,1,000,000,1,0,1,4,2,19,0,1,9,00,2,3,17,200900047518A01,7,17,1
200900047539,2009-06-04,2009,juin,jeudi,82:5,92,92024,0,0,2,1,6,1,1,3,2,02,1,1,000,000,1,0,1,4,1,38,0,1,2,00,1,1,17,200900047539A01,,,
200900047541,2009-06-17,2009,juin,mercredi,92:5,92,92024,0,0,2,2,3,1,1,3,2,02,1,1,000,000,1,0,1,2,2,36,1,1,2,00,2,9,0,200900047541B01,14,16,1
200900047569,2009-03-21,2009,mars,samedi,84:5,93,93005,0.00004,0,2,1,3,1,1,4,2,02,1,1,000,050,1,0,1,3,1,17,0,1,9,01,0,0,1,200900047569B01,7,24,1
200900047626,2009-03-08,2009,mars,dimanche,10:15,93,93046,0.00004,0,2,3,3,1,2,4,1,00,-1,-1,000,000,2,0,1,4,2,48,5,1,2,00,2,7,1,200900047626B01,7,1,1
200900047630,2009-03-17,2009,mars,mardi,17:30,93,93014,0.00004,0,2,2,3,1,1,2,2,02,2,1,000,000,1,0,1,3,1,40,5,1,2,00,2,1,2,200900047630B01,7,10,1
200900047653,2009-03-28,2009,mars,samedi,19:25,93,93066,0.00004,0,2,1,3,5,2,4,2,01,1,1,000,000,2,0,1,3,1,16,0,1,9,00,2,8,11,200900047653B01,7,1,1
200900047671,2009-03-05,2009,mars,jeudi,84:0,93,93066,0.00004,0,2,1,3,1,1,4,-1,01,1,1,000,000,1,0,1,4,2,22,2,1,9,00,0,1,1,200900047671B01,7,15,1
200900047697,2009-03-27,2009,mars,vendredi,16:52,93,93066,0.00004,0,2,1,3,1,1,2,1,02,1,-1,000,000,1,0,1,3,1,18,2,1,2,01,0,7,2,200900047697B01,7,2,1
200900047708,2009-03-19,2009,mars,jeudi,15:00,93,93051,0.00004,0,2,2,3,1,7,2,2,02,1,1,000,075,1,0,1,4,1,79,5,1,2,00,0,8,2,200900047708B01,7,1,1
200900047741,2009-11-09,2009,novembre,lundi,90:0,17,17224,0.00004,NaN,2,1,3,1,7,4,2,02,1,-1,000,000,1,5,1,3,2,77,3,1,1,00,0,1,1,200900047741B02,7,15,1
200900047752,2009-11-05,2009,novembre,jeudi,21:10,17,17299,0,0,2,1,3,5,2,4,1,01,1,1,000,055,2,0,1,3,2,57,5,1,9,00,2,8,19,200900047752A01,1,1,1
200900047754,2009-11-30,2009,novembre,lundi,10:00,17,17300,0,0,2,1,6,1,1,4,2,04,1,1,000,000,1,0,1,4,1,56,5,1,9,00,2,6,1,200900047754B01,7,1,1
200900047770,2009-11-25,2009,novembre,mercredi,82:5,17,17306,0,0,2,1,2,2,1,4,-1,00,-1,-1,000,000,-1,0,0,4,2,13,0,1,9,00,2,1,0,200900047770B01,7,4,1
200900047786,2009-11-04,2009,novembre,mercredi,12:25,17,17300,0,0,2,1,6,1,3,3,-1,02,1,1,000,000,1,0,0,4,2,43,0,1,9,00,1,1,1,200900047786A01,,,
200900047786,2009-11-04,2009,novembre,mercredi,12:25,17,17300,0,0,2,1,6,1,3,3,-1,02,1,1,000,000,1,0,0,4,2,,9,1,9,00,1,1,1,200900047786A01,,,
200900047826,2009-12-11,2009,décembre,vendredi,19:00,86,86157,0,0,1,3,3,3,1,3,2,02,1,1,000,000,1,0,1,4,1,18,9,1,2,00,2,1,1,200900047826B01,7,15,1
200900047847,2009-12-20,2009,décembre,dimanche,10:45,86,86194,0,0,2,1,6,1,1,4,2,02,1,1,000,070,5,0,1,1,1,9,5,1,9,00,1,1,1,200900047847A01,,,
200900047851,2009-12-21,2009,décembre,lundi,14:35,86,86194,0,0,2,1,3,1,3,4,2,02,1,1,000,080,2,0,1,4,1,22,1,1,9,00,2,1,18,200900047851B01,7,16,1
200900047858,2009-12-01,2009,décembre,mardi,15:25,17,17299,0,0,1,1,2,1,1,3,2,02,1,2,000,070,1,0,1,3,1,57,5,1,9,00,2,4,1,200900047858B01,10,1,1
200900047864,2009-12-01,2009,décembre,mardi,94:0,17,17461,0,0,1,1,3,1,1,3,-1,00,-1,-1,000,000,-1,0,0,4,1,60,0,1,4,00,2,8,0,200900047864B01,7,0,1
200900047891,2009-12-10,2009,décembre,jeudi,73:0,17,17193,0,0,1,1,2,3,1,3,2,01,1,1,000,067,1,0,1,2,2,44,5,1,4,00,0,4,2,200900047891B02,7,2,1
200900047900,2009-12-18,2009,décembre,vendredi,82:0,17,17300,0,0,2,6,3,2,1,4,2,02,1,2,000,000,-1,0,5,4,1,42,0,1,2,00,2,7,1,200900047900A01,7,9,1
200900047912,2009-12-18,2009,décembre,vendredi,15:05,17,17300,0,0,2,1,3,1,1,4,2,02,1,1,000,000,1,0,4,3,2,59,0,1,9,00,2,1,1,200900047912B01,7,9,1
200900047919,2009-12-21,2009,décembre,lundi,94:0,17,17300,0,0,2,2,3,1,1,4,1,01,1,1,000,000,1,0,1,4,1,70,0,1,2,00,2,1,1,200900047919B01,7,1,1
200900047935,2009-04-23,2009,avril,jeudi,12:20,17,17299,0,0,2,1,2,1,1,4,2,02,1,1,000,082,1,0,1,4,2,64,4,1,2,00,2,1,1,200900047935A01,7,1,1
200900047942,2009-12-16,2009,décembre,mercredi,15:35,12,12202,0,0,2,1,7,1,1,4,2,03,1,1,000,000,1,0,1,3,2,52,3,1,9,00,0,0,11,200900047942A01,,,
200900047953,2009-11-24,2009,novembre,mardi,15:45,07,07301,0.00004,0,1,1,7,1,1,9,2,01,-1,2,000,033,1,0,1,2,1,68,5,1,2,00,0,0,1,200900047953A01,,,
200900047988,2009-04-29,2009,avril,mercredi,17:00,44,44143,0,0,2,1,6,1,1,4,2,02,2,1,000,000,-1,0,1,4,1,52,1,1,4,00,2,1,1,200900047988B01,7,24,1
200900047989,2009-04-30,2009,avril,jeudi,17:50,44,44109,0,0,2,1,6,1,1,4,2,02,1,1,000,000,2,0,5,4,1,16,0,1,9,00,2,1,1,200900047989B01,7,23,1
200900048009,2009-04-16,2009,avril,jeudi,10:15,44,44109,0,0,2,1,6,1,1,4,1,02,1,2,000,000,1,5,1,4,2,18,4,1,4,00,2,1,1,200900048009B01,7,14,1
200900048026,2009-04-06,2009,avril,lundi,19:15,44,44109,0,0,2,6,3,1,2,4,2,02,1,2,000,080,2,5,1,3,1,54,0,1,4,00,2,1,1,200900048026B01,7,16,1
200900048043,2009-04-14,2009,avril,mardi,15:45,44,44098,0,0,1,1,3,1,1,4,2,02,2,1,000,074,1,0,1,3,1,13,5,1,2,00,2,1,19,200900048043A01,7,1,1
200900048064,2009-04-25,2009,avril,samedi,14:45,44,44114,0,0,2,1,7,1,1,4,2,02,2,1,000,069,1,0,1,3,1,15,5,1,9,00,0,0,1,200900048064A01,,,
200900048075,2009-04-21,2009,avril,mardi,16:55,44,44055,0,0,2,1,6,1,1,4,3,01,1,1,000,030,1,0,1,1,2,18,0,1,2,00,1,1,1,200900048075A01,,,
200900048088,2009-05-24,2009,mai,dimanche,12:05,44,44055,0,0,2,1,1,1,1,4,2,02,1,1,000,080,1,0,1,4,1,11,5,1,2,00,2,1,15,200900048088A01,7,1,1
200900048092,2009-05-21,2009,mai,jeudi,18:31,44,44055,0,0,2,1,2,1,1,4,1,01,1,1,000,080,1,0,1,4,2,17,0,1,2,00,2,4,15,200900048092B01,33,2,1
200900048098,2009-05-04,2009,mai,lundi,16:40,44,44184,0,0,2,1,3,1,1,4,2,02,1,1,000,079,1,0,1,4,1,17,9,1,9,00,2,0,9,200900048098A01,7,1,1
200900048110,2009-05-30,2009,mai,samedi,15:10,44,44162,0,0,2,1,3,1,1,4,2,02,1,1,000,030,1,0,1,4,1,12,0,1,9,00,2,8,19,200900048110B01,7,1,1
200900048122,2009-05-27,2009,mai,mercredi,82:5,44,44132,0,0,2,2,3,1,1,4,2,02,1,1,000,080,-1,0,1,4,2,56,1,1,2,00,2,8,1,200900048122A01,7,0,1
200900048159,2009-05-12,2009,mai,mardi,19:25,44,44109,0,0,2,6,3,1,2,4,2,02,1,1,000,000,2,0,1,3,1,51,5,1,9,00,2,1,1,200900048159B01,7,19,1
200900048168,2009-05-25,2009,mai,lundi,19:00,44,44109,0,0,2,6,3,1,3,4,2,02,1,1,000,000,2,0,1,4,1,31,0,1,2,00,2,0,5,200900048168B01,7,1,1
200900048186,2009-06-24,2009,juin,mercredi,90:0,44,44109,0,0,2,1,3,1,1,4,1,01,1,1,000,032,1,0,1,4,1,43,0,1,9,00,2,1,0,200900048186B01,7,15,1
200900048188,2009-06-18,2009,juin,jeudi,16:55,44,44109,0,0,2,2,3,1,8,4,2,02,1,1,000,000,1,0,1,3,1,10,2,1,2,00,2,3,19,200900048188B01,7,15,1
200900048194,2009-06-24,2009,juin,mercredi,13:40,44,44162,0,0,2,6,3,1,1,3,1,02,1,2,000,000,1,0,1,4,1,23,9,1,9,00,2,7,1,200900048194B01,10,9,1