Num_Acc,date,an,mois,jour,hrmn,dep,com,lat,long,agg,int,col,lum,atm,catr,circ,nbv,prof,plan,lartpc,larrout,surf,infra,situ,grav,sexe,age,trajet,secuexist,equipement,obs,obsm,choc,manv,vehiculeid,typevehicules,manoeuvehicules,numVehicules
200900048204,2009-06-30,2009,juin,mardi,12:25,44,44109,0,0,2,1,3,1,1,4,2,02,1,1,000,030,1,0,1,4,2,46,0,1,2,01,0,0,1,200900048204B01,10,22,1
200900048222,2009-06-06,2009,juin,samedi,19:15,44,44117,0,0,2,1,3,1,1,4,2,02,1,1,000,043,1,0,1,3,2,8,5,1,2,00,2,7,16,200900048222A01,7,1,1
200900048223,2009-06-03,2009,juin,mercredi,15:30,44,44175,0,0,1,2,3,1,1,3,2,00,1,1,000,064,1,5,1,3,1,12,5,1,1,00,2,8,19,200900048223A01,7,1,1
200900048233,2009-06-23,2009,juin,mardi,18:15,44,44096,0,0,1,1,3,1,1,3,2,00,-1,1,000,060,1,0,1,3,1,72,0,1,1,00,2,1,1,200900048233B02,21,15,1
200900048239,2009-06-13,2009,juin,samedi,19:00,44,44122,0,0,1,1,1,1,1,3,2,02,1,1,000,060,1,0,1,3,1,14,5,1,1,00,2,8,19,200900048239B02,7,1,1
200900048248,2009-06-05,2009,juin,vendredi,20:40,44,44109,0,0,2,1,6,1,1,4,2,02,2,1,000,600,1,0,1,4,2,11,0,1,9,00,2,1,14,200900048248B01,2,17,1
200900048268,2009-06-19,2009,juin,vendredi,23:05,44,44184,0,0,1,1,3,4,1,4,2,02,4,1,000,000,1,0,1,4,2,45,0,1,9,00,2,1,1,200900048268B01,7,15,1
200900048279,2009-07-21,2009,juillet,mardi,11:30,44,44198,0,0,2,1,3,1,1,9,3,02,1,1,000,000,1,0,1,2,2,62,5,1,1,00,2,8,19,200900048279B02,7,1,1
200900048280,2009-07-25,2009,juillet,samedi,15:15,44,44052,0,0,2,1,1,1,1,4,2,02,1,1,000,060,1,0,1,3,1,83,5,1,1,00,2,8,15,200900048280A01,7,0,1
200900048288,2009-07-08,2009,juillet,mercredi,10:15,44,44087,0,0,1,1,3,1,1,3,2,02,1,1,000,067,1,0,1,3,1,88,3,1,1,00,2,8,13,200900048288B02,7,17,1
200900048307,2009-07-30,2009,juillet,jeudi,16:44,44,44109,0,0,2,2,3,1,9,4,-1,00,-1,-1,000,000,-1,0,1,4,2,23,5,1,9,00,2,3,1,200900048307B01,7,16,1
200900048314,2009-07-28,2009,juillet,mardi,17:45,44,44135,0,0,2,1,2,1,1,4,2,02,1,1,000,000,1,0,1,2,2,60,9,1,2,00,2,8,2,200900048314B01,14,1,1
200900048320,2009-07-15,2009,juillet,mercredi,15:55,44,44109,0,0,2,1,6,1,1,4,1,01,1,3,000,000,1,5,1,3,1,70,0,1,4,00,2,1,1,200900048320B01,7,9,1
200900048324,2009-07-28,2009,juillet,mardi,12:10,44,44109,0,0,2,3,3,1,1,4,2,02,1,1,000,064,1,0,1,3,1,41,0,1,2,00,2,1,1,200900048324A01,7,1,1
200900048325,2009-07-22,2009,juillet,mercredi,12:01,44,44055,0,0,2,2,3,1,1,4,-1,02,1,1,000,060,1,0,1,3,2,34,0,1,9,00,2,0,15,200900048325B01,7,1,1
200900048333,2009-07-10,2009,juillet,vendredi,17:45,44,44190,0,0,2,1,6,1,1,4,2,02,1,1,000,000,1,0,1,4,1,26,0,1,4,00,2,7,19,200900048333A01,7,1,1
200900048340,2009-07-19,2009,juillet,dimanche,15:01,44,44184,0,0,2,1,3,1,1,4,2,02,1,1,000,000,1,0,1,3,1,10,5,1,2,00,2,0,9,200900048340A01,7,1,1
200900048346,2009-07-26,2009,juillet,dimanche,94:5,44,44184,0,0,2,2,3,1,1,4,2,02,1,1,000,000,1,0,1,3,1,57,0,1,2,00,2,0,1,200900048346B01,7,1,1
200900048369,2009-08-19,2009,août,mercredi,19:05,44,44184,0,0,2,3,3,1,1,4,2,02,2,1,000,000,1,0,1,3,1,34,5,1,2,00,2,1,1,200900048369B01,7,15,1
200900048378,2009-08-04,2009,août,mardi,13:15,44,44052,0,0,2,9,1,1,1,4,-1,00,-1,-1,000,047,1,0,0,3,1,16,5,1,1,00,2,1,13,200900048378B02,7,1,1
200900048383,2009-08-10,2009,août,lundi,10:00,44,44010,0,0,2,1,1,1,1,4,2,02,1,1,000,000,-1,0,1,2,1,84,5,1,2,00,2,3,1,200900048383B02,7,1,1
200900048410,2009-08-03,2009,août,lundi,31:0,44,44135,0,0,2,1,6,4,1,4,-1,02,1,1,000,060,-1,0,1,4,1,25,0,1,2,01,0,1,1,200900048410A01,,,
200900048424,2009-08-29,2009,août,samedi,22:45,44,44109,0,0,2,2,6,5,1,4,2,02,1,3,000,069,1,0,1,3,2,15,0,1,9,00,2,0,1,200900048424A01,7,1,1
200900048430,2009-08-16,2009,août,dimanche,12:20,44,44135,0,0,2,1,6,1,1,4,1,01,1,1,000,020,1,0,5,3,2,74,5,1,2,00,1,7,1,200900048430A01,,,
200900048433,2009-08-15,2009,août,samedi,18:15,44,44132,0,0,2,6,3,1,1,4,-1,02,1,1,000,000,1,5,1,4,2,14,0,1,2,00,2,7,18,200900048433A01,7,1,1
200900048436,2009-08-10,2009,août,lundi,12:40,44,44109,0,0,2,9,6,1,1,4,2,00,-1,-1,000,000,-1,0,5,3,1,37,0,1,9,07,0,0,1,200900048436B01,10,1,1
200900048440,2009-08-29,2009,août,samedi,74:5,44,44109,0,0,2,1,6,1,1,4,2,02,1,1,000,033,1,0,1,3,2,31,1,1,9,01,0,1,21,200900048440B01,7,23,1
200900048457,2009-09-30,2009,septembre,mercredi,14:35,44,44184,0,0,2,1,6,1,1,4,2,02,1,1,000,000,1,0,4,1,1,16,2,1,8,00,0,0,0,200900048457A01,,,
200900048460,2009-09-29,2009,septembre,mardi,19:45,44,44135,0,0,2,6,3,1,1,4,2,02,1,1,000,060,1,5,1,4,2,30,5,1,2,00,2,2,1,200900048460B01,7,1,1
200900048469,2009-09-26,2009,septembre,samedi,19:50,44,44109,0,0,2,3,3,2,1,4,2,02,3,1,000,051,1,0,1,4,1,8,5,1,2,00,2,1,1,200900048469A01,7,1,1
200900048471,2009-09-28,2009,septembre,lundi,13:20,44,44109,0,0,2,6,3,1,1,4,2,04,3,1,020,110,1,0,1,3,1,72,5,1,2,00,2,5,15,200900048471B01,7,1,1
200900048476,2009-09-23,2009,septembre,mercredi,17:15,44,44109,0,0,2,1,3,1,1,4,2,02,2,1,000,133,1,0,0,3,1,63,0,1,9,00,0,2,1,200900048476B01,7,20,1
200900048480,2009-09-21,2009,septembre,lundi,16:10,44,44109,0,0,2,1,6,1,1,4,2,02,1,1,015,105,1,0,1,3,1,46,0,1,4,01,0,1,1,200900048480B01,7,22,1
200900048481,2009-09-18,2009,septembre,vendredi,17:10,44,44109,0,0,2,6,6,1,1,4,2,02,1,1,000,000,1,0,1,3,1,29,0,1,9,00,2,1,0,200900048481B01,10,1,1
200900048483,2009-09-15,2009,septembre,mardi,17:50,44,44109,0,0,2,1,6,1,1,4,1,01,1,1,000,070,1,6,1,1,1,20,0,1,9,00,1,1,1,200900048483A01,,,
200900048494,2009-09-07,2009,septembre,lundi,10:15,44,44109,0,0,2,1,6,1,1,4,2,02,2,1,000,000,1,0,1,4,2,57,0,1,2,00,0,0,1,200900048494B01,7,16,1
200900048498,2009-09-12,2009,septembre,samedi,21:10,44,44143,0,0,2,1,6,5,1,4,2,02,1,1,000,000,1,0,1,4,2,29,0,1,4,00,2,1,1,200900048498A01,7,15,1
200900048501,2009-09-08,2009,septembre,mardi,85:0,44,44143,0,0,2,1,6,1,1,5,-1,00,-1,2,000,000,-1,0,0,1,1,40,0,1,9,00,2,1,1,200900048501A01,1,1,1
200900048501,2009-09-08,2009,septembre,mardi,85:0,44,44143,0,0,2,1,6,1,1,5,-1,00,-1,2,000,000,-1,0,0,4,1,12,2,1,9,00,2,1,1,200900048501B01,1,1,1
200900048507,2009-09-29,2009,septembre,mardi,12:05,44,44109,0,0,2,6,3,1,1,4,2,02,1,1,000,000,1,0,1,4,2,19,1,1,2,00,2,8,19,200900048507B01,7,1,1
200900048514,2009-09-07,2009,septembre,lundi,15:15,44,44209,0,0,1,1,2,1,1,3,4,00,1,1,000,080,1,0,1,3,1,85,5,1,2,00,2,4,15,200900048514B02,7,2,1
200900048517,2009-09-04,2009,septembre,vendredi,19:15,44,44110,0,0,1,1,1,1,7,4,2,02,1,2,000,036,1,0,1,3,1,11,5,1,1,00,2,1,5,200900048517A01,7,1,1
200900048519,2009-09-12,2009,septembre,samedi,11:30,44,44068,0,0,1,1,6,1,1,4,2,02,1,1,000,056,1,0,1,3,1,32,3,1,1,00,0,0,1,200900048519A01,7,21,1
200900048534,2009-10-02,2009,octobre,vendredi,15:00,44,44109,0,0,1,1,3,1,1,4,2,00,1,1,000,090,1,0,1,4,1,24,0,1,2,00,2,0,5,200900048534A01,2,0,1
200900048535,2009-10-15,2009,octobre,jeudi,18:40,44,44109,0,0,2,1,2,2,1,4,3,02,2,1,000,065,1,4,1,4,1,32,0,1,2,01,0,1,1,200900048535B01,7,23,1
200900048545,2009-10-08,2009,octobre,jeudi,13:50,44,44109,0,0,2,1,3,1,1,4,2,02,1,1,000,000,1,0,1,4,2,16,2,1,2,00,2,0,13,200900048545A01,37,17,1
200900048571,2009-10-01,2009,octobre,jeudi,17:30,44,44109,0,0,2,2,6,1,1,4,2,02,1,1,000,000,1,5,1,3,1,76,5,1,2,00,2,9,0,200900048571B01,14,16,1
200900048577,2009-10-27,2009,octobre,mardi,19:00,44,44109,0,0,2,2,1,5,1,4,2,02,1,1,000,070,1,5,1,4,1,12,5,1,2,00,2,1,15,200900048577A01,7,15,1
200900048578,2009-10-08,2009,octobre,jeudi,15:00,44,44143,0,0,2,2,6,1,2,4,2,02,1,1,000,086,2,5,1,4,2,11,0,1,9,00,2,1,1,200900048578B01,7,1,1
200900048589,2009-10-26,2009,octobre,lundi,90:0,44,44010,0,0,1,6,3,1,9,3,1,01,-1,2,000,090,2,5,1,3,1,52,5,1,1,00,2,2,1,200900048589B02,10,16,1
200900048597,2009-10-07,2009,octobre,mercredi,74:5,44,44026,0,0,1,1,2,2,1,4,2,00,2,1,000,050,1,0,5,3,1,21,2,1,4,00,0,4,1,200900048597B02,31,1,1
200900048598,2009-10-26,2009,octobre,lundi,20:30,44,44193,0,0,1,1,3,3,1,3,2,02,2,1,000,000,1,0,1,3,1,48,5,1,4,00,2,2,19,200900048598A01,7,1,1
200900048611,2009-10-06,2009,octobre,mardi,11:35,44,44184,0,0,2,4,3,1,2,4,3,01,1,2,000,000,2,0,1,4,2,20,0,1,9,00,2,2,1,200900048611A01,7,1,1
200900048619,2009-10-17,2009,octobre,samedi,18:52,44,44184,0,0,2,4,3,1,1,4,2,02,3,1,000,000,1,0,1,4,1,12,0,1,9,00,2,1,15,200900048619B01,7,1,1
200900048620,2009-10-27,2009,octobre,mardi,17:15,44,44184,0,0,2,6,3,1,1,4,2,02,1,-1,000,000,1,0,1,4,1,9,0,1,9,00,2,0,1,200900048620B01,7,1,1
200900048635,2009-09-12,2009,septembre,samedi,14:25,56,56260,0,0,2,1,3,1,1,4,2,02,1,1,000,000,1,0,1,4,1,16,5,1,2,00,2,7,19,200900048635A01,7,1,1
200900048644,2009-09-26,2009,septembre,samedi,15:15,56,56120,0,0,1,1,1,1,7,3,2,02,2,1,000,072,1,0,1,3,1,23,0,1,2,00,0,3,1,200900048644B02,7,17,1
200900048678,2009-09-12,2009,septembre,samedi,15:00,56,56089,0.00004,NaN,1,1,1,1,1,4,2,02,-1,1,000,058,1,0,1,3,2,6,5,1,2,00,2,1,9,200900048678B02,7,1,1
200900048703,2009-11-11,2009,novembre,mercredi,16:00,55,55398,0.00004,0,2,1,2,1,7,3,2,02,1,1,000,059,1,0,1,2,1,88,5,1,2,00,2,4,23,200900048703B02,7,1,1
200900048716,2009-07-21,2009,juillet,mardi,74:5,56,56263,0,0,2,1,1,1,1,4,2,00,1,1,000,058,1,0,1,3,1,67,5,1,1,00,2,1,1,200900048716B02,7,1,1
200900048722,2009-07-28,2009,juillet,mardi,13:15,56,56094,0.00004,NaN,1,6,7,1,1,3,1,02,1,2,000,070,8,0,1,3,1,39,1,1,2,00,0,1,1,200900048722A01,,,
200900048740,2009-07-21,2009,juillet,mardi,15:00,56,56177,0.00004,NaN,1,1,1,1,8,9,2,00,1,1,045,000,1,0,1,2,1,15,5,1,2,00,2,1,15,200900048740B02,7,1,1
200900048741,2009-07-22,2009,juillet,mercredi,17:30,56,56034,0.00004,NaN,2,1,3,1,1,4,2,02,1,3,000,050,1,0,1,3,1,20,5,1,1,00,2,1,1,200900048741B02,7,1,1
200900048753,2009-07-07,2009,juillet,mardi,12:33,56,56098,0.00004,NaN,2,6,3,1,1,4,2,02,1,1,000,000,1,0,1,4,1,43,0,1,2,00,2,7,1,200900048753B01,7,9,1
200900048756,2009-07-29,2009,juillet,mercredi,10:05,56,56260,0.00004,NaN,2,6,3,1,1,4,3,04,1,1,042,067,1,0,1,3,2,61,5,1,2,00,2,8,19,200900048756A01,31,1,1
200900048757,2009-07-15,2009,juillet,mercredi,82:5,56,56121,0.00004,NaN,2,2,3,1,1,4,2,02,1,1,000,000,1,0,1,4,1,26,5,1,9,00,2,1,1,200900048757A01,7,1,1
200900048777,2009-06-04,2009,juin,jeudi,19:30,59,59332,0,0,1,3,3,1,1,4,2,02,1,1,000,000,1,0,1,3,2,15,9,1,9,00,2,1,16,200900048777B01,7,1,1
200900048784,2009-06-22,2009,juin,lundi,15:45,59,59230,0,0,2,1,6,1,1,4,2,02,1,2,000,060,1,0,1,3,1,3,4,1,2,01,0,1,1,200900048784A01,,,
200900048823,2009-06-19,2009,juin,vendredi,13:45,59,59461,0,0,2,1,1,1,1,4,2,02,-1,1,000,047,1,0,1,3,1,15,5,1,1,00,2,1,2,200900048823B02,7,23,1
200900048864,2009-06-04,2009,juin,jeudi,17:00,59,59491,0,0,2,1,6,1,1,4,2,02,1,1,000,050,1,0,1,4,1,9,5,1,9,00,2,7,0,200900048864A01,7,1,1
200900048865,2009-06-22,2009,juin,lundi,13:00,59,59350,0,0,2,1,6,1,1,4,3,04,1,1,000,000,1,2,1,4,1,28,5,1,2,00,2,8,19,200900048865B01,7,15,1
200900048888,2009-06-25,2009,juin,jeudi,82:5,59,59350,0,0,2,3,3,1,1,4,1,01,1,1,000,030,1,0,1,4,2,22,9,1,4,00,2,1,1,200900048888B01,7,15,1
200900048889,2009-06-23,2009,juin,mardi,74:0,59,59350,0,0,2,1,3,1,1,4,2,02,1,1,000,000,1,0,1,4,2,13,2,1,9,00,2,1,0,200900048889B01,7,1,1
200900048907,2009-06-22,2009,juin,lundi,18:15,59,59279,0,0,2,1,2,1,1,4,-1,02,1,1,000,052,1,0,5,3,1,47,9,1,9,00,0,4,1,200900048907A01,2,14,1
200900048908,2009-06-18,2009,juin,jeudi,16:30,59,59009,0,0,2,1,3,1,1,4,2,02,1,-1,000,060,-1,0,1,4,1,15,0,1,4,00,2,1,19,200900048908A01,7,1,1
200900048916,2009-06-25,2009,juin,jeudi,15:5,59,59350,0,0,2,1,2,5,2,4,2,02,1,1,000,050,1,0,1,3,1,42,0,1,9,00,2,4,1,200900048916B01,7,1,1
200900048936,2009-06-13,2009,juin,samedi,17:40,59,59350,0,0,2,3,3,1,1,4,2,02,1,1,000,000,1,0,1,4,1,14,5,1,2,00,2,0,1,200900048936A01,7,1,1
200900048939,2009-06-30,2009,juin,mardi,14:20,59,59512,0,0,2,3,3,1,1,4,2,02,1,-1,000,000,1,0,1,1,1,13,9,1,9,00,2,0,19,200900048939A01,2,1,1
200900048954,2009-06-01,2009,juin,lundi,13:30,59,59599,0,0,2,6,3,1,1,4,1,02,-1,-1,000,000,1,5,1,4,2,16,5,1,2,00,2,1,15,200900048954B01,7,16,1
200900048955,2009-06-15,2009,juin,lundi,18:50,59,59152,0,0,1,2,2,1,2,3,2,01,1,1,000,143,2,0,1,3,1,16,0,1,2,00,0,4,15,200900048955B01,7,1,1
200900048973,2009-07-24,2009,juillet,vendredi,14:00,59,59258,0,0,1,1,1,1,1,3,2,02,1,3,000,058,1,0,1,3,1,16,5,1,1,00,2,1,13,200900048973B02,7,1,1
200900048989,2009-07-01,2009,juillet,mercredi,20:35,59,59178,0,0,2,2,3,2,1,4,2,02,1,1,000,071,1,0,0,3,1,22,5,1,2,00,2,8,19,200900048989A01,7,1,1
200900048990,2009-07-06,2009,juillet,lundi,14:00,59,59155,0,0,2,1,3,1,1,4,2,02,1,1,011,105,1,0,1,3,1,58,1,1,2,00,2,1,1,200900048990B01,7,15,1
200900048994,2009-07-06,2009,juillet,lundi,90:5,59,59183,0,0,2,2,3,1,1,4,2,02,1,1,000,073,1,0,1,3,2,64,5,1,4,00,2,0,19,200900048994A01,7,1,1
200900048998,2009-07-07,2009,juillet,mardi,95:5,59,59155,0,0,2,1,7,1,1,4,2,02,1,1,000,090,1,0,1,4,1,77,5,1,9,00,0,0,1,200900048998B01,7,1,1
200900049012,2009-07-28,2009,juillet,mardi,74:5,59,59009,0,0,2,2,6,1,1,4,2,03,1,2,000,000,1,0,1,4,1,46,0,1,4,00,2,1,1,200900049012B01,7,2,1
200900049013,2009-07-17,2009,juillet,vendredi,12:20,59,59350,0,0,2,1,6,1,1,4,2,02,1,-1,000,000,1,0,1,4,1,53,1,1,4,00,2,1,1,200900049013B01,7,9,1
200900049023,2009-07-17,2009,juillet,vendredi,15:45,59,59009,0,0,2,1,2,1,1,4,2,02,1,1,000,060,1,0,1,4,1,16,5,1,4,00,2,4,17,200900049023B01,37,17,1
200900049025,2009-07-14,2009,juillet,mardi,16:40,59,59527,0,0,2,1,6,1,1,4,1,02,1,1,000,000,1,0,1,4,1,15,5,1,2,01,0,1,2,200900049025A01,7,24,1
200900049040,2009-07-17,2009,juillet,vendredi,15:50,59,59179,0,0,2,1,3,1,1,4,2,02,1,1,000,060,1,0,1,3,2,13,5,1,2,00,2,8,9,200900049040B01,7,1,1
200900049047,2009-07-08,2009,juillet,mercredi,18:20,59,59009,0,0,2,3,3,1,1,4,1,02,1,1,000,000,2,0,1,4,1,11,5,1,9,00,2,1,1,200900049047B01,7,1,1
200900049145,2009-08-22,2009,août,samedi,13:50,59,59512,0,0,1,2,1,1,1,4,2,02,1,1,000,000,1,0,1,3,1,13,9,1,9,00,2,1,15,200900049145A01,7,1,1
200900049153,2009-08-27,2009,août,jeudi,10:00,59,59163,0,0,1,1,2,1,1,4,2,02,1,1,000,000,1,0,1,3,1,13,0,1,9,00,2,0,2,200900049153B01,7,4,1
200900049157,2009-08-22,2009,août,samedi,15:10,59,59514,0,0,2,3,3,1,1,3,2,02,1,1,000,064,1,0,1,4,1,10,5,1,9,00,2,3,15,200900049157B01,7,15,1
200900049184,2009-08-08,2009,août,samedi,19:20,59,59588,0,0,2,9,3,1,1,4,2,02,1,1,000,063,-1,0,1,4,1,19,5,1,2,00,2,6,1,200900049184B01,7,16,1
200900049198,2009-08-24,2009,août,lundi,83:0,59,59401,0,0,2,1,1,1,7,3,2,02,1,1,000,060,1,0,1,4,1,71,5,1,1,00,2,1,1,200900049198B02,7,15,1
200900049206,2009-08-31,2009,août,lundi,16:45,59,59663,0,0,1,1,7,1,1,3,2,02,1,1,000,000,1,0,1,2,1,65,5,1,2,00,0,1,1,200900049206A01,,,
200900049207,2009-08-20,2009,août,jeudi,12:30,59,59641,0,0,1,1,1,1,1,3,2,02,1,1,000,093,1,0,5,3,2,53,5,1,1,00,2,1,1,200900049207B02,7,19,1
200900049212,2009-08-25,2009,août,mardi,15:30,59,59011,0,0,2,1,1,1,1,3,2,02,1,1,000,060,1,0,1,2,1,59,9,1,1,00,0,1,1,200900049212B02,7,21,1
200900049221,2009-08-17,2009,août,lundi,51:0,59,59540,0,0,2,1,6,5,1,4,2,02,1,1,000,080,1,0,1,4,1,43,1,1,9,00,2,8,1,200900049221B01,7,1,1
200900049277,2009-08-25,2009,août,mardi,70:0,59,59488,0,0,2,1,2,5,1,3,2,02,2,1,000,000,1,0,1,3,2,53,1,1,9,00,0,4,1,200900049277A01,2,1,1
200900049283,2009-08-14,2009,août,vendredi,17:40,59,59512,0,0,1,1,6,1,1,4,1,02,1,1,000,000,1,0,1,3,1,12,0,1,2,01,2,0,19,200900049283A01,,,
200900049314,2009-09-14,2009,septembre,lundi,13:20,59,59650,0,0,1,1,3,1,1,4,3,02,1,1,000,000,1,4,0,3,1,25,9,1,9,00,2,0,1,200900049314B01,7,1,1
200900049317,2009-09-07,2009,septembre,lundi,16:30,59,59512,0,0,2,7,3,1,1,4,2,02,1,1,000,000,1,0,1,3,2,17,5,1,9,00,2,0,19,200900049317B01,7,1,1
200900049330,2009-09-05,2009,septembre,samedi,18:15,59,59540,0,0,2,1,6,1,1,4,-1,01,1,1,000,000,1,0,1,4,1,11,5,1,9,00,2,8,1,200900049330A01,7,1,1
200900049337,2009-09-17,2009,septembre,jeudi,19:50,59,59368,0,0,2,2,6,5,1,4,3,02,1,1,121,086,1,0,0,4,1,7,5,1,4,00,2,8,19,200900049337B01,7,1,1
200900049340,2009-09-14,2009,septembre,lundi,11:10,59,59540,0,0,2,2,3,1,1,4,2,02,1,1,000,000,1,0,1,3,1,18,4,1,2,00,2,9,1,200900049340B01,14,16,1
200900049344,2009-09-05,2009,septembre,samedi,16:25,59,59350,0,0,2,1,6,1,1,4,2,02,1,1,000,000,1,0,1,4,1,20,0,1,9,00,2,2,1,200900049344B01,7,16,1
200900049375,2009-09-26,2009,septembre,samedi,10:45,59,59657,0.00005,0,1,2,5,1,1,3,2,02,-1,1,000,060,1,5,1,3,1,54,5,1,2,00,0,7,1,200900049375A01,7,19,1
200900049375,2009-09-26,2009,septembre,samedi,10:45,59,59657,0.00005,0,1,2,5,1,1,3,2,02,-1,1,000,060,1,5,1,3,1,55,5,1,2,00,0,7,1,200900049375B02,7,19,1
200900049404,2009-09-04,2009,septembre,vendredi,11:30,59,59160,0,0,2,1,3,1,1,4,2,02,1,1,000,060,1,0,4,4,2,46,4,1,9,00,2,1,0,200900049404B01,7,4,1
200900049408,2009-09-30,2009,septembre,mercredi,17:40,59,59386,0,0,2,1,2,1,1,3,2,02,1,1,021,196,1,0,1,4,1,19,1,1,9,00,2,1,1,200900049408A01,7,23,1
200900049426,2009-10-17,2009,octobre,samedi,15:00,59,59280,0,0,2,1,5,1,1,3,-1,02,1,2,000,060,1,0,1,1,1,46,9,1,2,00,2,1,13,200900049426C03,7,15,1
200900049426,2009-10-17,2009,octobre,samedi,15:00,59,59280,0,0,2,1,5,1,1,3,-1,02,1,2,000,060,1,0,1,3,1,28,9,1,2,00,2,1,13,200900049426B02,7,15,1
200900049442,2009-10-06,2009,octobre,mardi,93:0,59,59051,0,0,2,9,3,1,2,9,2,02,1,1,000,000,2,0,1,3,2,60,5,1,1,00,2,6,2,200900049442B02,15,2,1
200900049443,2009-10-25,2009,octobre,dimanche,11:00,59,59319,0.00005,0,1,1,1,1,1,3,2,02,1,3,000,059,1,0,1,3,1,31,5,1,1,00,2,1,1,200900049443B02,7,1,1
200900049513,2009-10-09,2009,octobre,vendredi,11:15,59,59350,0,0,2,1,6,1,1,4,2,02,1,1,000,034,1,0,1,3,1,72,5,1,2,00,2,8,1,200900049513B01,14,16,1
200900049514,2009-10-23,2009,octobre,vendredi,90:0,59,59350,0,0,2,1,6,1,1,4,1,01,1,1,000,000,1,0,5,4,1,15,5,1,2,00,2,7,1,200900049514B01,7,9,1
200900049516,2009-10-09,2009,octobre,vendredi,20:30,59,59350,0,0,2,1,3,4,6,4,2,02,1,1,000,000,2,0,1,4,2,21,5,1,4,00,2,1,19,200900049516B01,7,1,1
200900049524,2009-10-13,2009,octobre,mardi,83:5,59,59350,0,0,2,1,6,1,1,4,4,04,1,1,000,000,1,0,1,4,1,17,2,1,2,00,2,1,1,200900049524B01,7,15,1
200900049527,2009-10-23,2009,octobre,vendredi,19:30,59,59350,0,0,2,1,2,5,2,4,2,02,4,1,000,063,2,2,1,4,1,20,5,1,4,00,2,4,1,200900049527B01,7,1,1
200900049545,2009-10-22,2009,octobre,jeudi,18:30,59,59350,0,0,2,9,6,2,1,4,2,02,1,1,000,070,1,0,1,4,2,36,5,1,2,00,2,1,1,200900049545B01,7,15,1
200900049546,2009-10-09,2009,octobre,vendredi,17:00,59,59009,0,0,2,1,6,1,1,4,2,02,1,1,000,041,1,0,1,4,1,15,0,1,4,00,2,5,19,200900049546B01,7,1,1
200900049552,2009-10-21,2009,octobre,mercredi,15:00,59,59350,0,0,2,1,3,1,1,4,2,02,1,1,000,090,1,0,1,4,2,22,5,1,4,00,2,8,1,200900049552B01,37,1,1
200900049581,2009-10-07,2009,octobre,mercredi,18:55,59,59350,0,0,2,1,3,2,2,4,1,04,1,1,000,000,2,0,1,4,2,33,1,1,4,00,2,1,1,200900049581B01,7,1,1
200900049587,2009-10-05,2009,octobre,lundi,16:30,59,59360,0,0,2,2,6,1,1,4,2,02,1,1,000,000,1,0,1,4,2,54,0,1,9,00,2,1,1,200900049587B01,7,1,1
200900049589,2009-10-05,2009,octobre,lundi,17:35,59,59599,0,0,2,1,2,1,2,4,2,02,1,2,000,090,2,0,1,3,1,11,0,1,2,00,2,1,2,200900049589A01,7,2,1
200900049592,2009-11-05,2009,novembre,jeudi,90:0,59,59586,0,0,2,1,3,1,2,3,2,02,1,1,000,000,2,5,1,3,2,64,3,1,1,00,2,1,19,200900049592B02,7,1,1
200900049595,2009-11-07,2009,novembre,samedi,19:00,59,59051,0,0,2,1,1,5,1,3,2,00,1,1,000,094,1,0,1,3,2,48,5,1,1,01,0,1,1,200900049595B02,7,24,1
200900049601,2009-11-06,2009,novembre,vendredi,20:45,59,59400,0.00005,0,1,1,2,3,8,3,2,02,-1,1,000,060,2,0,1,3,1,39,5,1,4,00,2,4,1,200900049601B02,7,1,1
200900049640,2009-11-29,2009,novembre,dimanche,11:45,59,59569,0,0,2,1,6,1,1,4,2,02,1,1,000,000,-1,0,1,4,1,64,0,1,8,00,2,1,5,200900049640A01,7,1,1
200900049674,2009-11-02,2009,novembre,lundi,16:15,59,59350,0,0,2,2,3,1,1,4,2,02,1,1,000,000,1,0,1,4,2,36,3,1,4,00,2,1,15,200900049674B01,7,15,1
200900049690,2009-11-24,2009,novembre,mardi,19:10,59,59350,0,0,2,2,6,5,1,4,3,02,1,1,000,000,2,0,1,4,1,18,0,1,4,00,2,1,15,200900049690B01,7,0,1
200900049697,2009-11-24,2009,novembre,mardi,18:05,59,59328,0,0,2,1,6,5,1,4,2,02,1,1,000,000,1,0,1,4,2,13,5,1,4,00,2,1,19,200900049697A01,7,1,1
200900049702,2009-11-02,2009,novembre,lundi,17:40,59,59410,0,0,2,1,2,1,1,4,3,02,1,1,000,042,1,0,1,4,1,63,5,1,4,00,2,4,1,200900049702B01,7,1,1
200900049706,2009-11-06,2009,novembre,vendredi,74:5,59,59508,0,0,2,3,5,2,1,4,2,02,2,1,000,000,2,0,1,3,1,13,2,1,9,00,2,0,5,200900049706D01,10,15/14,2
200900049714,2009-11-23,2009,novembre,lundi,75:0,59,59512,0,0,1,1,1,1,3,4,2,02,1,1,000,000,2,0,5,4,1,20,1,1,9,00,2,1,1,200900049714B01,31,5,1
200900049718,2009-11-17,2009,novembre,mardi,12:10,59,59368,0,0,2,9,3,1,1,4,2,03,1,1,000,100,1,0,4,4,1,12,2,1,4,00,2,8,1,200900049718B01,7,15,1
200900049725,2009-11-07,2009,novembre,samedi,11:00,59,59009,0,0,1,6,3,1,1,4,2,02,1,1,030,075,1,0,1,4,1,35,5,1,4,00,2,5,1,200900049725B01,7,1,1
200900049755,2009-12-04,2009,décembre,vendredi,13:25,59,59009,0,0,2,1,2,1,2,4,2,02,1,1,000,000,2,0,1,4,1,46,1,1,2,00,2,4,11,200900049755B01,7,11,1