Num_Acc,date,an,mois,jour,hrmn,dep,com,lat,long,agg,int,col,lum,atm,catr,circ,nbv,prof,plan,lartpc,larrout,surf,infra,situ,grav,sexe,age,trajet,secuexist,equipement,obs,obsm,choc,manv,vehiculeid,typevehicules,manoeuvehicules,numVehicules
200900049770,2009-12-13,2009,décembre,dimanche,17:00,59,59350,0,0,2,2,6,4,1,4,1,02,1,1,000,000,1,0,1,4,1,39,0,1,4,00,2,1,2,200900049770A01,,,
200900049795,2009-12-14,2009,décembre,lundi,83:5,59,59512,0,0,1,2,3,1,1,4,3,02,1,1,000,000,1,0,1,4,1,30,9,1,4,00,2,0,1,200900049795B01,7,1,1
200900049808,2009-12-06,2009,décembre,dimanche,14:00,59,59368,0,0,2,1,3,1,2,4,2,03,1,1,000,080,1,0,1,4,1,19,0,1,4,01,0,1,1,200900049808B01,7,24,1
200900049809,2009-12-30,2009,décembre,mercredi,1:,59,59183,0,0,2,3,3,5,2,4,2,02,1,1,000,080,2,0,1,4,2,17,9,1,4,00,2,1,1,200900049809A01,7,1,1
200900049817,2009-12-03,2009,décembre,jeudi,11:50,59,59350,0,0,2,1,6,1,1,4,2,02,1,1,000,000,1,0,1,4,1,40,1,1,2,01,2,1,1,200900049817B01,7,24/1,2
200900049849,2009-09-30,2009,septembre,mercredi,15:05,59,59350,0,0,1,3,3,1,1,4,1,01,1,1,000,036,1,0,1,4,2,12,5,1,4,00,2,3,19,200900049849A01,7,1,1
200900049871,2009-12-16,2009,décembre,mercredi,15:30,46,46127,0,0,2,1,3,1,8,9,1,00,1,1,000,000,1,0,1,3,1,58,5,1,9,00,2,1,13,200900049871A01,13,15,1
200900049883,2009-11-09,2009,novembre,lundi,15:45,31,31265,0.00004,0,1,1,6,1,8,3,2,00,1,1,000,034,1,0,1,3,1,68,5,1,2,00,5,1,21,200900049883A01,,,
200900049918,2009-11-26,2009,novembre,jeudi,22:00,31,31555,0,0,2,1,3,5,1,4,2,04,1,1,000,070,1,0,1,4,1,22,5,1,4,00,2,1,19,200900049918A01,7,1,1
200900049930,2009-11-27,2009,novembre,vendredi,14:15,31,31555,0,0,2,6,3,1,1,4,2,02,1,1,000,000,-1,0,1,4,1,60,5,1,9,00,2,7,15,200900049930B01,7,6,1
200900049984,2009-12-17,2009,décembre,jeudi,13:42,33,33063,0,0,2,2,3,1,1,4,1,02,1,1,000,000,1,0,1,2,2,20,9,1,9,00,2,6,1,200900049984B01,17,16,1
200900049999,2009-12-22,2009,décembre,mardi,18:27,33,33063,0,0,2,1,3,5,2,4,1,00,1,1,000,000,2,0,1,4,1,49,0,1,2,00,2,0,2,200900049999A01,40,2,1
200900050005,2009-12-26,2009,décembre,samedi,11:00,33,33063,0,0,2,3,3,1,1,4,1,01,1,1,000,060,1,0,1,4,2,19,0,1,2,00,2,1,2,200900050005A01,7,16,1
200900050007,2009-12-26,2009,décembre,samedi,18:45,33,33075,0,0,2,2,3,5,1,4,2,02,1,1,000,075,1,0,1,4,2,15,5,1,2,01,1,7,2,200900050007B01,7,15,1
200900050007,2009-12-26,2009,décembre,samedi,18:45,33,33075,0,0,2,2,3,5,1,4,2,02,1,1,000,075,1,0,1,4,2,15,5,1,2,01,1,7,2,200900050007B01,7,15,1
200900050042,2009-12-15,2009,décembre,mardi,13:50,31,31555,0,0,2,1,3,1,1,4,2,02,1,1,000,085,1,0,1,4,1,59,1,1,2,00,2,0,1,200900050042B01,7,15,1
200900050077,2009-12-24,2009,décembre,jeudi,17:06,31,31555,0,0,2,1,3,2,2,4,2,00,1,1,000,000,2,0,1,4,1,83,0,1,9,00,0,0,0,200900050077B01,7,0,1
200900050084,2009-12-16,2009,décembre,mercredi,81:0,31,31555,0,0,2,1,3,1,1,4,1,01,1,1,000,035,1,0,1,4,2,38,1,1,4,00,2,1,1,200900050084B01,7,15,1
200900050117,2009-10-29,2009,octobre,jeudi,90:5,37,37261,0,0,2,1,3,1,1,4,2,02,1,1,016,116,1,0,1,2,1,69,5,1,9,00,2,8,0,200900050117B01,7,17,1
200900050128,2009-10-21,2009,octobre,mercredi,75:0,37,37261,0,0,2,1,3,2,2,4,2,04,1,1,000,120,2,0,1,1,1,14,2,1,9,00,2,1,19,200900050128B01,10,1,1
200900050134,2009-10-01,2009,octobre,jeudi,81:8,37,37261,0,0,2,1,6,2,1,4,-1,00,-1,-1,000,000,-1,0,1,4,2,69,0,1,9,00,2,0,0,200900050134B01,7,0,1
200900050135,2009-10-02,2009,octobre,vendredi,82:0,37,37261,0,0,2,2,3,1,1,4,2,02,1,1,000,150,1,5,1,3,1,42,5,1,9,00,2,7,1,200900050135B01,7,13,1
200900050143,2009-10-08,2009,octobre,jeudi,12:20,37,37122,0,0,1,1,6,1,1,9,2,02,1,1,000,080,1,0,1,4,2,12,2,1,9,00,0,0,1,200900050143B01,7,1,1
200900050143,2009-10-08,2009,octobre,jeudi,12:20,37,37122,0,0,1,1,6,1,1,9,2,02,1,1,000,080,1,0,1,4,1,11,2,1,9,00,0,0,1,200900050143C01,7,1,1
200900050192,2009-12-12,2009,décembre,samedi,18:35,72,72181,0,0,2,1,2,5,1,4,3,04,1,1,000,038,1,0,1,3,1,51,0,1,9,00,2,1,19,200900050192A01,7,1,1
200900050213,2009-12-23,2009,décembre,mercredi,11:30,72,72231,0.00004,0,1,2,3,1,1,3,2,02,4,1,000,054,1,0,1,3,1,45,5,1,2,00,2,8,1,200900050213B02,7,19,1
200900050216,2009-12-19,2009,décembre,samedi,15:30,72,72300,0,0,1,3,3,1,4,4,2,00,1,1,000,040,5,0,1,3,2,43,5,1,1,00,0,8,1,200900050216B02,7,14,1
200900050228,2009-03-16,2009,mars,lundi,18:30,31,31555,0,0,2,1,6,1,1,4,2,02,1,1,000,060,1,0,1,3,1,6,5,1,3,00,2,1,1,200900050228B01,13,4,1
200900050230,2009-05-31,2009,mai,dimanche,12:20,31,31555,0,0,2,2,3,1,1,4,2,02,1,1,000,060,1,0,1,3,1,12,5,1,9,00,2,1,15,200900050230B01,7,1,1
200900050238,2009-12-02,2009,décembre,mercredi,82:5,31,31557,0.00004,0,2,1,3,2,8,3,3,02,1,1,064,048,2,0,5,4,1,12,2,1,2,00,2,8,1,200900050238B01,7,1,1
200900050254,2009-04-28,2009,avril,mardi,11:30,34,34151,0,0,1,1,6,1,1,3,2,00,1,1,000,045,1,0,1,3,1,59,5,1,2,00,5,3,1,200900050254A01,,,
200900050258,2009-04-16,2009,avril,jeudi,14:15,34,34151,0.00004,0,1,1,3,1,1,3,2,02,1,1,000,065,1,0,1,2,1,66,5,1,2,00,0,8,15,200900050258B02,7,17,1
200900050271,2009-04-27,2009,avril,lundi,18:45,34,34327,0.00004,0,2,2,3,1,1,4,2,02,1,1,000,069,1,0,1,3,1,66,5,1,1,00,2,8,1,200900050271B02,7,1,1
200900050277,2009-04-22,2009,avril,mercredi,16:00,34,34299,0.00004,0,1,1,2,1,6,3,2,00,1,1,000,070,1,0,1,3,2,43,5,1,2,00,2,4,2,200900050277B02,7,2,1
200900050354,2009-06-28,2009,juin,dimanche,17:45,14,14523,0.00004,NaN,1,3,3,1,1,3,2,02,1,1,000,000,1,0,1,3,1,10,5,1,2,00,2,1,15,200900050354B02,7,1,1
200900050360,2009-06-26,2009,juin,vendredi,11:15,14,14494,0.00004,NaN,1,2,3,1,1,3,1,01,2,3,000,064,1,0,1,3,1,59,5,1,2,00,2,7,1,200900050360B02,7,1,1
200900050413,2009-07-20,2009,juillet,lundi,75:0,14,14118,0,0,2,6,3,1,1,4,1,03,1,2,000,000,1,0,5,3,1,37,1,1,2,00,2,7,1,200900050413B01,7,9,1
200900050422,2009-08-10,2009,août,lundi,22:00,14,14366,0,0,2,3,3,2,1,4,1,01,1,1,000,000,1,0,1,4,1,15,5,1,4,00,2,8,1,200900050422B01,7,16,1
200900050427,2009-08-14,2009,août,vendredi,18:45,14,14565,0.00004,NaN,2,2,5,1,1,3,2,02,2,1,000,073,1,0,1,4,1,39,5,1,2,00,2,8,1,200900050427B02,10/ 7,23/19,2
200900050427,2009-08-14,2009,août,vendredi,18:45,14,14565,0.00004,NaN,2,2,5,1,1,3,2,02,2,1,000,073,1,0,1,1,2,1,0,1,1,00,2,8,1,200900050427B02,10/ 7,23/19,2
200900050429,2009-08-14,2009,août,vendredi,11:15,14,14656,0.00004,NaN,2,1,1,1,1,3,2,02,1,1,000,070,1,0,1,4,1,48,1,1,2,00,2,0,1,200900050429B02,7,17,1
200900050439,2009-08-11,2009,août,mardi,94:5,14,14675,0.00004,NaN,1,1,2,1,1,3,2,02,1,1,000,060,1,0,1,3,1,58,5,1,2,00,0,0,2,200900050439B02,7,1,1
200900050451,2009-08-22,2009,août,samedi,20:55,14,14366,0,0,2,6,3,2,1,4,3,02,1,2,000,000,1,0,1,4,1,75,5,1,4,00,2,1,1,200900050451B01,7,1,1
200900050475,2009-09-26,2009,septembre,samedi,93:0,14,14530,0.00004,NaN,1,6,3,1,7,3,1,02,1,-1,000,076,1,5,1,3,2,45,5,1,2,00,2,7,1,200900050475B02,7,9,1
200900050500,2009-10-15,2009,octobre,jeudi,15:00,14,14754,0.00004,0,1,3,3,1,7,3,2,02,1,3,000,055,1,0,1,2,1,75,5,1,9,00,2,8,15,200900050500B02,10,1,1
200900050514,2009-10-29,2009,octobre,jeudi,91:0,14,14366,0.00004,0,2,1,6,1,1,3,2,02,1,1,000,075,1,0,1,4,1,88,5,1,4,00,2,8,1,200900050514B01,7,17,1
200900050535,2009-11-08,2009,novembre,dimanche,11:00,14,14514,0.00004,0,1,3,5,1,1,3,2,02,1,1,013,036,2,5,1,3,1,70,5,1,2,00,2,1,1,200900050535B02,10,16,1
200900050535,2009-11-08,2009,novembre,dimanche,11:00,14,14514,0.00004,0,1,3,5,1,1,3,2,02,1,1,013,036,2,5,1,4,1,67,5,1,2,00,2,7,1,200900050535C03,10,16,1
200900050553,2009-11-30,2009,novembre,lundi,23:30,14,14118,0.00004,NaN,2,1,1,5,1,4,1,01,1,3,000,080,1,0,1,3,2,22,5,1,2,00,2,1,5,200900050553A01,7,1,1
200900050608,2009-10-07,2009,octobre,mercredi,13:30,26,26139,0,0,2,3,3,1,1,3,2,02,1,1,000,070,1,0,1,3,1,15,5,1,2,00,2,1,15,200900050608B02,10,1,1
200900050623,2009-10-29,2009,octobre,jeudi,16:10,26,26281,0,0,2,3,6,1,1,4,2,02,1,1,000,070,1,0,1,4,1,10,5,1,9,00,2,2,15,200900050623A01,7,1,1
200900050627,2009-10-27,2009,octobre,mardi,16:35,26,26281,0,0,2,3,6,1,1,3,2,02,1,1,000,070,1,0,1,4,2,48,1,1,9,00,2,3,15,200900050627B01,7,17,1
200900050628,2009-10-23,2009,octobre,vendredi,17:00,26,26281,0,0,2,3,6,1,1,4,2,02,1,1,000,080,1,0,1,4,1,10,5,1,2,00,2,7,9,200900050628B01,7,16,1
200900050654,2009-11-22,2009,novembre,dimanche,15:00,59,59512,0,0,1,1,6,1,1,4,2,02,-1,-1,000,000,1,0,1,4,1,38,0,1,2,00,2,8,1,200900050654B01,7,17,1
200900050661,2009-10-20,2009,octobre,mardi,18:00,53,53062,0,0,2,1,3,1,1,4,-1,00,1,1,000,070,1,0,1,3,1,10,9,1,2,00,2,1,2,200900050661B02,7,1,1
200900050664,2009-10-31,2009,octobre,samedi,14:45,53,53265,0.00004,NaN,1,2,3,1,1,3,2,02,1,1,000,052,1,0,1,3,1,14,5,1,1,00,2,0,1,200900050664B02,7,1,1
200900050665,2009-10-20,2009,octobre,mardi,17:15,53,53084,0.00004,NaN,2,1,2,1,1,3,2,02,1,1,000,055,1,0,1,3,2,13,2,1,1,00,0,4,15,200900050665B02,7,13,1
200900050693,2009-07-24,2009,juillet,vendredi,10:30,03,03310,0,0,2,1,3,1,1,4,2,02,1,1,000,070,1,0,1,3,2,59,5,1,2,00,2,8,15,200900050693B01,7,17,1
200900050738,2009-03-29,2009,mars,dimanche,91:0,62,62083,0,0,2,1,2,1,1,3,-1,02,1,1,000,000,2,0,1,4,1,56,5,1,2,00,2,4,2,200900050738A01,7,2,1
200900050748,2009-03-14,2009,mars,samedi,11:40,62,62570,0,0,2,1,6,1,1,4,1,01,1,1,000,046,1,0,1,1,1,34,5,1,4,00,1,1,5,200900050748A01,,,
200900050754,2009-03-11,2009,mars,mercredi,13:30,62,62498,0,0,2,1,6,1,1,4,2,02,1,1,031,093,1,0,1,4,1,21,5,1,9,00,1,0,1,200900050754A01,,,
200900050791,2009-03-19,2009,mars,jeudi,83:0,62,62095,0.00005,0,2,2,3,1,1,3,2,00,1,1,000,050,1,0,1,3,1,64,5,1,1,00,0,6,1,200900050791B02,7,15,1
200900050812,2009-04-16,2009,avril,jeudi,80:0,62,62637,0,0,2,1,1,1,2,4,2,02,1,1,000,055,2,0,1,4,1,22,2,1,9,00,2,1,19,200900050812A01,7,1,1
200900050820,2009-04-04,2009,avril,samedi,13:50,62,62250,0,0,2,1,3,1,1,4,2,02,1,1,000,072,1,0,1,3,1,67,5,1,9,00,2,1,1,200900050820B01,3,10,1
200900050957,2009-05-19,2009,mai,mardi,15:00,62,62811,0.00005,0,2,1,1,1,1,3,2,02,1,1,000,069,1,0,1,2,2,68,3,1,1,00,2,6,0,200900050957B02,14,1,1
200900050982,2009-06-15,2009,juin,lundi,13:25,62,62193,0,0,2,1,6,1,1,4,2,02,1,3,000,080,1,0,1,3,1,17,2,1,2,00,2,8,1,200900050982B01,21,17,1
200900050983,2009-06-25,2009,juin,jeudi,19:05,62,62108,0,0,2,3,3,1,1,4,2,01,1,1,000,000,1,0,1,3,1,14,5,1,2,00,0,4,0,200900050983B01,30,17,1
200900050988,2009-06-14,2009,juin,dimanche,12:00,62,62065,0,0,2,1,3,1,3,4,2,02,1,1,000,072,2,0,1,4,1,38,5,1,9,00,2,1,1,200900050988B01,7,10,1
200900051007,2009-06-16,2009,juin,mardi,16:15,62,62038,0.00005,0,2,1,3,1,1,3,2,00,1,1,062,000,1,0,1,3,1,15,2,1,2,00,2,1,19,200900051007B02,7,1,1
200900051010,2009-06-19,2009,juin,vendredi,19:15,62,62441,0,0,2,1,1,1,1,3,2,01,1,3,000,051,1,5,1,3,1,51,0,1,2,00,2,1,1,200900051010B02,7,15,1
200900051038,2009-06-24,2009,juin,mercredi,15:25,62,62277,0,0,2,6,4,1,1,3,1,01,1,2,240,090,1,0,1,4,1,13,5,1,9,00,9,4,2,200900051038A01,7,2,1
200900051038,2009-06-24,2009,juin,mercredi,15:25,62,62277,0,0,2,6,4,1,1,3,1,01,1,2,240,090,1,0,1,1,1,13,5,1,2,00,9,7,2,200900051038B01,7,2,1
200900051107,2009-12-20,2009,décembre,dimanche,10:30,41,41194,0,0,2,1,1,1,4,4,2,02,1,4,000,056,2,0,1,3,2,44,9,1,9,00,2,1,1,200900051107B01,7,13,1
200900051127,2009-04-06,2009,avril,lundi,15:,93,93046,0.00004,0,2,5,3,5,1,2,-1,01,1,1,000,000,1,0,1,4,1,18,0,1,9,00,2,1,1,200900051127B01,7,1,1
200900051127,2009-04-06,2009,avril,lundi,15:,93,93046,0.00004,0,2,5,3,5,1,2,-1,01,1,1,000,000,1,0,1,4,1,19,0,1,9,00,2,1,1,200900051127B01,7,1,1
200900051131,2009-04-16,2009,avril,jeudi,16:42,93,93048,0.00004,0,2,1,3,1,2,4,2,04,1,1,000,000,2,0,1,3,1,26,0,1,8,00,0,0,0,200900051131B01,7,2,1
200900051180,2009-04-11,2009,avril,samedi,19:45,93,93066,0.00004,0,2,1,6,1,1,4,2,01,1,1,000,000,1,0,4,4,1,4,0,1,9,00,1,1,0,200900051180A01,,,
200900051180,2009-04-11,2009,avril,samedi,19:45,93,93066,0.00004,0,2,1,6,1,1,4,2,01,1,1,000,000,1,0,4,1,1,36,0,1,9,00,1,1,0,200900051180A01,,,
200900051199,2009-04-12,2009,avril,dimanche,16:00,93,93070,0.00004,0,2,2,3,1,1,3,1,00,-1,-1,000,000,1,0,1,3,1,73,0,1,9,00,2,1,1,200900051199A01,10,0,1
200900051230,2009-04-29,2009,avril,mercredi,18:50,93,93032,0.00004,0,2,1,3,1,1,4,2,01,1,-1,000,070,1,0,1,3,2,10,5,1,2,00,0,8,0,200900051230B01,7,0,1
200900051236,2009-04-24,2009,avril,vendredi,14:16,93,93029,0.00004,0,2,3,3,1,1,3,2,04,1,1,000,120,1,0,1,4,1,10,0,1,9,00,2,8,13,200900051236B01,7,2,1
200900051255,2009-04-17,2009,avril,vendredi,12:10,93,93005,0.00004,0,2,1,3,1,1,4,2,02,1,1,000,000,1,0,1,3,1,15,0,1,9,00,2,1,2,200900051255B01,7,17,1
200900051270,2009-04-30,2009,avril,jeudi,17:45,93,93077,0.00004,0,2,4,2,1,1,3,2,02,1,4,000,000,1,0,1,4,2,46,0,1,9,00,2,1,19,200900051270A01,7,15,1
200900051337,2009-05-04,2009,mai,lundi,21:20,78,78646,0.00004,0,2,1,7,5,1,4,2,02,1,1,000,080,1,0,1,4,2,21,4,1,2,00,0,0,21,200900051337A01,,,
200900051342,2009-05-15,2009,mai,vendredi,74:5,78,78646,0.00004,0,2,1,6,1,1,4,2,02,1,1,000,000,1,0,1,3,1,44,1,1,2,00,1,1,1,200900051342A01,,,
200900051345,2009-05-19,2009,mai,mardi,84:0,78,78646,0.00004,0,2,2,3,1,1,3,2,04,1,1,000,180,1,0,1,4,2,50,1,1,8,00,2,2,19,200900051345B01,7,1,1
200900051356,2009-11-07,2009,novembre,samedi,85:0,64,64445,0.00004,NaN,2,6,3,1,2,4,1,01,1,1,000,000,2,0,1,4,1,47,0,1,9,00,9,1,1,200900051356B01,7,16,1
200900051368,2009-06-04,2009,juin,jeudi,81:5,78,78490,0.00004,0,2,3,3,1,1,4,2,02,1,1,000,061,1,0,1,4,1,12,2,1,8,00,2,1,1,200900051368B01,7,17,1
200900051423,2009-06-17,2009,juin,mercredi,65:0,78,78624,0.00004,0,2,3,3,2,1,4,2,02,2,1,000,035,1,0,1,2,1,39,1,1,2,00,2,1,16,200900051423A01,7,1,1
200900051436,2009-06-26,2009,juin,vendredi,91:5,78,78674,0.00004,0,2,2,3,1,2,4,2,02,1,2,000,059,2,0,1,3,2,73,5,1,9,00,2,1,1,200900051436B01,7,15,1
200900051455,2009-06-17,2009,juin,mercredi,18:00,78,78524,0.00004,0,1,4,3,1,1,3,2,01,1,3,000,030,1,0,1,3,1,17,1,1,2,00,2,1,1,200900051455B01,7,1,1
200900051459,2009-06-22,2009,juin,lundi,18:10,78,78646,0.00004,0,2,1,3,1,1,3,2,02,1,1,020,100,1,5,1,4,1,37,1,1,2,00,2,8,18,200900051459A01,7,22,1
200900051471,2009-11-09,2009,novembre,lundi,82:5,64,64445,0.00004,NaN,2,3,3,1,1,4,2,02,1,1,000,000,1,0,1,4,1,77,5,1,9,00,2,1,16,200900051471B01,7,16,1
200900051473,2009-11-13,2009,novembre,vendredi,15:20,64,64445,0.00004,NaN,2,1,3,1,1,3,2,00,2,2,000,000,1,0,1,4,1,63,5,1,9,00,2,9,1,200900051473B01,7,17,1
200900051510,2009-12-16,2009,décembre,mercredi,18:00,64,64348,0.00004,NaN,2,9,6,1,1,4,1,02,1,2,000,000,1,0,1,4,1,14,0,1,9,00,2,1,1,200900051510B01,7,9,1
200900051561,2009-11-20,2009,novembre,vendredi,17:45,79,79100,0,0,2,6,1,1,1,9,1,01,1,1,000,041,1,0,1,3,1,13,2,1,9,00,2,8,19,200900051561A01,7,1,1
200900051577,2009-12-10,2009,décembre,jeudi,18:25,79,79191,0,0,2,2,3,5,1,3,3,04,1,1,010,160,1,0,1,4,1,13,0,1,4,00,2,7,19,200900051577A01,7,1,1
200900051578,2009-12-14,2009,décembre,lundi,15:20,79,79191,0,0,2,3,3,1,2,4,2,02,1,1,,,2,,1,4,2,39,0,1,4,00,2,0,0,200900051578B01,7,0,1
200900051591,2009-12-26,2009,décembre,samedi,20:05,79,79081,0,0,2,1,1,5,1,4,2,02,1,1,000,060,1,0,1,4,1,21,0,1,4,00,2,1,1,200900051591B01,7,15,1
200900051635,2009-05-27,2009,mai,mercredi,15:00,34,34172,0,0,2,1,3,1,1,3,3,02,1,1,010,090,1,2,1,3,1,37,5,1,9,00,0,5,13,200900051635B01,7,11,1
200900051642,2009-05-31,2009,mai,dimanche,20:35,34,34172,0.00004,0,2,3,7,5,1,4,2,02,1,1,000,000,1,0,1,3,1,38,5,1,9,08,0,0,13,200900051642A01,,,
200900051647,2009-05-27,2009,mai,mercredi,82:5,34,34172,0.00004,0,2,1,3,1,1,4,2,03,1,1,005,090,1,0,1,4,1,78,5,1,9,00,2,3,9,200900051647A01,37,7,1
200900051655,2009-05-27,2009,mai,mercredi,17:23,34,34172,0.00004,0,2,1,6,1,1,4,1,02,3,1,000,060,1,0,4,4,1,24,0,1,9,00,2,1,17,200900051655B01,7,22,1
200900051658,2009-05-06,2009,mai,mercredi,19:20,34,34172,0.00004,0,2,1,3,1,1,4,2,02,1,1,000,060,1,0,1,4,2,15,5,1,9,00,2,7,19,200900051658A01,7,1,1
200900051666,2009-05-29,2009,mai,vendredi,16:35,34,34003,0,0,2,1,6,1,1,4,1,01,1,1,000,053,1,0,1,3,1,83,5,1,9,00,2,8,1,200900051666B01,99,1,1
200900051668,2009-05-15,2009,mai,vendredi,75:5,34,34003,0.00004,0,2,1,6,1,8,4,2,02,1,1,000,110,2,0,1,3,2,57,1,1,9,00,2,1,18,200900051668B01,7,22,1
200900051690,2009-10-29,2009,octobre,jeudi,15:00,40,40001,0,0,1,3,3,1,1,3,2,02,1,1,000,062,1,0,1,3,1,14,5,1,2,00,2,1,19,200900051690A01,7,1,1
200900051716,2009-07-06,2009,juillet,lundi,18:00,39,39333,0.00004,0,1,1,2,1,1,3,2,02,1,3,080,080,1,0,1,3,2,28,5,1,2,00,0,4,2,200900051716B02,10,2,1
200900051724,2009-01-02,2009,janvier,vendredi,15:05,52,52448,0.00004,0,2,1,2,1,7,4,2,02,1,3,000,000,1,0,1,3,2,54,0,1,9,00,2,3,2,200900051724B01,7,1,1
200900051742,2009-05-27,2009,mai,mercredi,15:00,93,93064,0.00004,0,2,7,6,1,1,4,1,00,1,1,000,000,1,0,1,4,1,41,0,1,9,00,2,1,1,200900051742B01,7,15,1
200900051817,2009-05-23,2009,mai,samedi,13:20,93,93007,0.00004,0,2,1,3,1,1,4,3,01,1,-1,000,000,1,0,1,3,1,46,0,1,2,00,2,1,0,200900051817B01,7,0,1
200900051820,2009-05-19,2009,mai,mardi,11:20,93,93005,0.00004,0,2,1,6,1,1,4,2,01,1,1,080,060,1,0,1,3,1,76,0,1,9,01,0,1,1,200900051820B01,7,0,1
200900051821,2009-05-25,2009,mai,lundi,17:55,93,93005,0.00004,0,2,1,5,1,1,4,2,02,2,1,050,050,1,2,0,1,1,41,0,1,2,00,2,1,0,200900051821C01,7,0,2
200900051841,2009-05-20,2009,mai,mercredi,82:0,93,93027,0.00004,0,2,1,3,1,1,2,3,02,1,1,000,000,1,0,1,3,1,35,5,1,2,00,2,1,0,200900051841B01,7,0,1
200900051861,2009-05-10,2009,mai,dimanche,13:45,93,93073,0.00004,0,1,3,3,1,1,4,-1,00,1,1,000,000,1,6,5,3,2,52,0,1,2,00,2,8,0,200900051861B01,2,0,1
200900051863,2009-05-15,2009,mai,vendredi,22:20,93,93078,0.00004,0,2,3,7,5,1,4,2,02,1,1,000,050,1,0,1,4,1,16,5,1,2,00,0,8,15,200900051863A01,,,
200900051910,2009-05-01,2009,mai,vendredi,15:50,93,93029,0.00004,0,2,6,3,1,1,2,2,04,2,1,000,200,1,5,1,4,1,66,5,1,4,00,2,1,0,200900051910B01,7,9,1
200900051934,2009-11-16,2009,novembre,lundi,90:0,19,19014,0.00004,0,2,3,1,1,1,3,2,01,1,1,000,042,2,0,1,3,1,80,5,1,2,00,2,3,15,200900051934B02,13,2,1
200900051949,2009-11-20,2009,novembre,vendredi,15:30,19,19031,0.00004,0,2,3,3,1,1,3,2,02,1,1,000,000,1,0,1,4,1,39,5,1,2,00,2,1,1,200900051949B01,13,9,1
200900051960,2009-12-01,2009,décembre,mardi,75:5,65,65047,0,0,2,6,3,5,3,3,1,01,1,2,000,000,2,0,1,4,1,15,0,1,9,00,2,1,1,200900051960B01,7,1,1
200900051996,2009-11-18,2009,novembre,mercredi,17:50,28,28218,0.00004,0,2,1,6,1,1,4,-1,01,1,1,000,070,1,0,1,4,1,,0,1,9,00,0,4,1,200900051996A01,,,
200900052050,2009-11-11,2009,novembre,mercredi,14:45,26,26258,0,0,1,1,1,1,1,3,2,00,4,-1,000,056,1,0,1,3,1,56,5,1,2,00,2,1,13,200900052050A01,7,1,1
200900052062,2009-11-05,2009,novembre,jeudi,93:0,26,26317,0.00004,0,1,1,1,1,1,3,2,02,2,1,000,070,1,0,1,3,1,62,5,1,8,00,0,0,0,200900052062B02,7,2,1
200900052071,2009-11-24,2009,novembre,mardi,16:00,26,26058,0,0,1,1,4,1,1,4,2,02,1,1,000,000,1,0,0,4,1,69,5,1,2,00,2,1,0,200900052071C01,7,0,1
200900052071,2009-11-24,2009,novembre,mardi,16:00,26,26058,0,0,1,1,4,1,1,4,2,02,1,1,000,000,1,0,0,4,1,59,5,1,2,00,2,1,0,200900052071B01,7,0,1
200900052072,2009-11-24,2009,novembre,mardi,11:20,26,26281,0,0,2,4,3,1,1,4,2,02,1,1,020,180,1,0,1,4,2,14,2,1,9,00,2,1,1,200900052072B01,7,9,1
200900052092,2009-09-14,2009,septembre,lundi,11:00,39,39097,0,0,2,6,2,1,1,3,1,01,-1,2,000,084,1,5,1,3,2,59,5,1,2,00,2,3,1,200900052092B02,7,16,1
200900052095,2009-09-06,2009,septembre,dimanche,94:5,39,39097,0,0,2,1,1,1,1,4,2,00,1,1,000,000,1,0,1,3,1,47,5,1,2,01,0,1,1,200900052095B02,7,0,1
200900052103,2009-06-03,2009,juin,mercredi,13:15,39,39068,0,0,1,1,6,1,1,3,2,02,2,1,000,059,1,0,1,3,1,51,5,1,2,00,0,3,0,200900052103A01,,,
200900052142,2009-12-21,2009,décembre,lundi,16:20,26,26281,0,0,2,2,6,1,1,3,2,02,1,1,000,084,1,0,1,4,1,73,5,1,9,00,2,8,1,200900052142B01,30/ 7,13/0,2
200900052146,2009-10-31,2009,octobre,samedi,16:45,39,39101,0,0,2,3,3,1,1,3,2,02,-1,1,000,068,1,0,1,3,1,32,5,1,2,00,2,1,15,200900052146B02,7,1,1
200900052165,2009-06-09,2009,juin,mardi,16:00,34,34032,0,0,2,1,7,1,1,4,2,02,1,1,000,040,1,0,1,4,1,2,5,1,2,00,1,6,2,200900052165A01,,,
200900052209,2009-06-27,2009,juin,samedi,17:45,34,34081,0,0,1,1,3,1,1,4,2,00,1,1,000,000,1,0,1,3,1,63,0,1,2,00,0,1,17,200900052209B02,1,13,1
200900052209,2009-06-27,2009,juin,samedi,17:45,34,34081,0,0,1,1,3,1,1,4,2,00,1,1,000,000,1,0,1,1,1,16,5,1,2,00,0,4,13,200900052209A01,1,17,1
200900052224,2009-06-22,2009,juin,lundi,21:10,34,34032,0,0,2,6,2,1,1,4,2,01,2,1,000,075,1,1,1,3,1,40,0,1,9,00,2,4,2,200900052224B01,7,1,1
200900052241,2009-06-17,2009,juin,mercredi,15:50,34,34172,0.00004,0,2,1,3,1,1,4,1,02,2,1,000,060,1,0,1,4,1,17,2,1,4,00,2,1,1,200900052241A01,7,9,1
200900052283,2009-06-23,2009,juin,mardi,11:05,34,34172,0.00004,0,2,6,1,1,1,4,1,02,1,2,000,060,1,0,1,4,1,31,0,1,9,00,2,4,12,200900052283B01,7,9,1
200900052286,2009-06-16,2009,juin,mardi,18:26,34,34172,0.00004,0,2,2,1,1,8,4,2,03,1,1,000,108,1,5,1,2,1,15,5,1,9,00,2,8,19,200900052286B01,10,1,1
200900052287,2009-06-11,2009,juin,jeudi,20:30,13,13004,0,0,2,3,3,1,1,4,1,01,1,1,000,050,1,0,1,4,2,30,5,1,9,00,2,8,1,200900052287A01,7,15,1