Num_Acc,date,an,mois,jour,hrmn,dep,com,lat,long,agg,int,col,lum,atm,catr,circ,nbv,prof,plan,lartpc,larrout,surf,infra,situ,grav,sexe,age,trajet,secuexist,equipement,obs,obsm,choc,manv,vehiculeid,typevehicules,manoeuvehicules,numVehicules
200900052291,2009-06-04,2009,juin,jeudi,16:40,13,13004,0,0,2,1,3,1,1,4,1,01,2,1,000,054,1,0,1,4,1,62,0,1,2,00,2,8,1,200900052291B01,7,17,1
200900052302,2009-06-11,2009,juin,jeudi,14:45,13,13004,0,0,2,1,3,1,1,4,4,03,1,1,000,101,1,0,1,3,2,8,4,1,9,00,2,7,19,200900052302B01,7,1,1
200900052334,2009-06-17,2009,juin,mercredi,15:30,13,13060,0,0,1,1,3,1,7,3,2,00,2,-1,000,064,1,0,1,3,1,40,5,1,2,00,2,1,14,200900052334B02,7,16,1
200900052340,2009-06-20,2009,juin,samedi,15:15,13,13030,0.00004,0,1,1,5,1,1,3,2,02,2,3,000,063,1,0,1,1,1,22,5,1,1,00,0,0,13,200900052340C03,7/ 32,1,2
200900052379,2009-06-12,2009,juin,vendredi,10:20,13,13001,0,0,1,2,3,1,1,4,2,02,-1,-1,000,050,-1,0,1,4,1,61,5,1,2,00,2,0,1,200900052379B01,7,0,1
200900052384,2009-06-24,2009,juin,mercredi,92:0,13,13063,0,0,2,1,5,1,1,4,2,02,1,1,000,000,1,0,1,4,1,,3,1,9,00,0,4,1,200900052384A01,7,0/12,2
200900052400,2009-06-27,2009,juin,samedi,15:00,13,13001,0,0,2,1,2,1,1,4,-1,02,1,-1,000,000,1,0,1,4,1,18,5,1,9,00,2,4,1,200900052400B01,7,2,1
200900052436,2009-06-24,2009,juin,mercredi,10:00,13,13203,0,0,2,1,6,1,1,4,1,01,4,1,000,035,1,0,1,4,1,17,0,1,9,00,0,0,1,200900052436B01,7,1,1
200900052462,2009-06-27,2009,juin,samedi,12:30,13,13208,0,0,2,1,2,1,1,4,3,04,1,1,016,142,1,0,1,4,1,15,5,1,8,00,2,1,2,200900052462A01,7,1,1
200900052498,2009-06-21,2009,juin,dimanche,15:00,13,13055,0,0,2,1,1,1,1,3,2,02,2,2,000,082,1,0,1,3,1,37,5,1,9,00,2,1,0,200900052498B01,7,11,1
200900052506,2009-06-19,2009,juin,vendredi,12:40,13,13002,0.00004,0,2,1,1,1,1,3,2,02,1,2,000,060,1,0,1,4,1,32,5,1,2,00,2,1,1,200900052506B01,7,15,1
200900052517,2009-06-26,2009,juin,vendredi,11:55,13,13209,0,0,2,1,6,1,1,4,2,02,1,1,000,120,1,0,1,3,2,42,0,1,8,00,2,7,0,200900052517B01,7,16,1
200900052519,2009-06-10,2009,juin,mercredi,18:15,13,13204,0,0,2,1,2,1,1,4,2,02,3,3,000,050,1,0,1,4,1,35,0,1,2,00,0,4,1,200900052519B01,7,0,1
200900052524,2009-06-10,2009,juin,mercredi,95:0,13,13201,0,0,2,1,2,1,1,4,1,01,1,1,000,020,1,0,1,4,2,55,0,1,9,00,2,4,1,200900052524B01,15,1,1
200900052591,2009-06-18,2009,juin,jeudi,84:5,13,13002,0,0,2,6,2,1,1,4,2,02,1,2,000,070,1,0,1,4,1,56,5,1,9,00,2,9,2,200900052591B01,7,2,1
200900052592,2009-06-04,2009,juin,jeudi,11:30,13,13208,0,0,2,1,3,1,1,4,2,04,1,1,000,118,1,0,1,3,1,62,0,1,9,00,2,7,3,200900052592A01,14,1,1
200900052661,2009-12-07,2009,décembre,lundi,16:00,52,52121,0.00004,0,2,2,1,1,2,4,2,02,1,-1,000,105,2,0,1,4,1,75,5,1,2,00,2,3,21,200900052661B01,7,15,1
200900052690,2009-08-18,2009,août,mardi,18:20,11,11262,0,0,2,1,6,1,1,4,2,02,1,-1,000,000,1,0,1,4,1,13,0,1,2,00,0,0,0,200900052690B01,7,0,1
200900052691,2009-08-06,2009,août,jeudi,90:5,11,11262,0,0,2,3,6,1,1,4,2,02,1,1,000,000,1,0,0,4,1,43,5,1,2,00,2,8,1,200900052691B01,7,15,1
200900052694,2009-08-05,2009,août,mercredi,12:17,11,11262,0,0,2,1,2,1,1,4,2,02,1,1,000,080,1,0,1,3,1,22,1,1,9,00,2,4,1,200900052694B01,7,1,1
200900052698,2009-08-31,2009,août,lundi,13:30,11,11262,0,0,2,2,3,1,1,4,2,02,1,1,000,140,1,0,1,3,1,54,5,1,9,00,2,5,1,200900052698B01,7,0,1
200900052712,2009-09-25,2009,septembre,vendredi,17:50,11,11262,0,0,2,1,2,1,1,4,2,02,1,1,000,068,1,0,1,4,1,86,9,1,9,00,2,6,2,200900052712B01,7,1,1
200900052716,2009-09-02,2009,septembre,mercredi,14:05,11,11262,0,0,2,1,3,1,1,4,2,02,1,1,000,000,1,0,1,4,1,53,0,1,9,00,0,0,0,200900052716B01,7,0,1
200900052717,2009-09-18,2009,septembre,vendredi,50:5,11,11262,0,0,2,3,3,5,1,4,1,03,1,1,,089,2,0,1,3,2,46,1,1,9,00,2,1,1,200900052717B01,7,0,1
200900052743,2009-05-20,2009,mai,mercredi,18:00,2B,2B120,0,0,2,1,1,1,1,4,2,02,2,1,000,050,1,0,1,4,1,10,5,1,9,00,2,0,13,200900052743A01,7,1,1
200900052774,2009-07-22,2009,juillet,mercredi,22:30,13,13040,0.00004,0,1,1,2,3,1,2,2,00,2,4,000,063,1,0,1,3,1,41,5,1,1,00,2,0,1,200900052774B02,32,1,1
200900052879,2009-07-21,2009,juillet,mardi,95:5,13,13055,0.00004,0,2,1,3,1,1,3,1,03,1,2,010,090,1,0,1,2,1,9,0,1,9,00,0,8,11,200900052879A01,7,1,1
200900052906,2009-07-07,2009,juillet,mardi,80:0,13,13208,0,0,2,1,2,1,1,4,2,03,1,1,000,000,1,0,1,3,1,30,1,1,9,00,2,1,0,200900052906A01,7,0,1
200900052944,2009-07-06,2009,juillet,lundi,18:10,13,13208,0,0,2,6,3,1,1,4,2,06,1,1,000,000,1,0,1,3,1,48,0,1,9,00,0,3,15,200900052944B01,7,15,1
200900052948,2009-07-10,2009,juillet,vendredi,19:05,13,13209,0,0,2,6,3,2,1,4,2,02,1,1,000,000,1,0,1,4,2,40,5,1,2,00,2,7,1,200900052948B01,7,9,1
200900052974,2009-07-02,2009,juillet,jeudi,17:15,13,13055,0,0,2,1,3,1,1,4,-1,01,1,1,000,060,1,0,1,4,1,20,5,1,9,00,2,8,11,200900052974B01,34,0,1
200900052988,2009-07-17,2009,juillet,vendredi,85:0,13,13055,0,0,2,4,3,1,1,4,2,02,1,1,000,080,1,0,1,4,1,30,1,1,9,00,2,1,1,200900052988B01,7,15,1
200900053019,2009-07-12,2009,juillet,dimanche,65:5,13,13055,0,0,2,1,2,1,1,4,2,04,1,1,000,120,1,0,1,3,1,46,5,1,9,00,0,4,1,200900053019A01,7,0,1
200900053035,2009-07-26,2009,juillet,dimanche,18:40,13,13208,0,0,2,1,3,1,1,4,3,02,1,1,000,000,1,0,1,3,2,59,0,1,9,00,0,8,19,200900053035B01,33,1,1
200900053126,2009-10-21,2009,octobre,mercredi,17:40,11,11262,0,0,2,1,2,1,1,4,2,02,1,-1,000,000,-1,0,1,4,1,36,0,1,2,00,0,0,0,200900053126A01,7,0,1
200900053153,2009-07-02,2009,juillet,jeudi,19:09,34,34172,0,0,2,3,3,1,1,4,2,02,2,1,000,060,1,0,1,3,1,17,0,1,9,00,2,0,19,200900053153A01,7,15,1
200900053163,2009-07-07,2009,juillet,mardi,10:00,34,34172,0.00004,0,2,3,2,1,1,4,1,03,1,1,000,110,1,5,1,4,1,22,1,1,2,00,2,1,2,200900053163A01,7,23,1
200900053165,2009-07-02,2009,juillet,jeudi,18:19,34,34172,0,0,2,1,6,1,1,9,-1,00,1,-1,000,000,1,6,1,4,2,5,0,1,9,00,1,1,1,200900053165A01,,,
200900053165,2009-07-02,2009,juillet,jeudi,18:19,34,34172,0,0,2,1,6,1,1,9,-1,00,1,-1,000,000,1,6,1,1,1,34,0,1,9,00,1,1,1,200900053165A01,,,
200900053179,2009-07-09,2009,juillet,jeudi,20:45,34,34172,0.00004,0,2,1,3,1,1,4,2,02,1,1,000,060,1,0,1,4,1,30,0,1,9,00,2,8,19,200900053179A01,33,1,1
200900053207,2009-07-29,2009,juillet,mercredi,80:0,34,34183,0.00004,0,2,2,3,1,1,3,2,03,1,1,000,075,1,0,1,4,1,74,5,1,9,00,2,1,1,200900053207B02,10,19,1
200900053209,2009-07-08,2009,juillet,mercredi,19:00,34,34082,0,0,1,1,2,1,1,3,2,00,2,1,000,041,1,0,1,3,2,48,5,1,2,00,2,4,1,200900053209A01,7,1,1
200900053212,2009-07-29,2009,juillet,mercredi,84:5,34,34199,0.00004,0,1,1,1,1,7,3,2,00,1,1,000,075,1,0,1,3,1,72,5,1,2,00,2,1,1,200900053212A01,15,15,1
200900053228,2009-07-11,2009,juillet,samedi,17:00,34,34150,0,0,2,1,3,1,1,3,2,02,1,1,080,000,1,0,1,3,1,64,5,1,2,00,2,7,19,200900053228B02,7,1,1
200900053241,2009-07-31,2009,juillet,vendredi,20:0,34,34315,0.00004,0,1,1,1,3,1,3,2,02,1,1,000,043,1,0,1,3,1,18,5,1,4,00,2,1,1,200900053241A01,1,1,1
200900053241,2009-07-31,2009,juillet,vendredi,20:0,34,34315,0.00004,0,1,1,1,3,1,3,2,02,1,1,000,043,1,0,1,3,1,18,5,1,4,00,2,1,1,200900053241B02,1,1,1
200900053246,2009-07-22,2009,juillet,mercredi,18:45,34,34282,0.00004,0,1,1,1,1,1,3,2,02,1,1,000,070,1,0,1,3,1,45,5,1,2,00,2,1,1,200900053246B02,10,17,1
200900053247,2009-07-29,2009,juillet,mercredi,16:45,34,34134,0.00004,0,2,1,3,1,1,4,2,00,-1,1,000,000,1,0,1,3,2,39,5,1,1,00,2,8,1,200900053247B02,7,15,1
200900053264,2009-07-18,2009,juillet,samedi,18:45,34,34003,0,0,2,1,3,1,1,4,-1,02,1,1,000,070,1,0,1,3,1,63,5,1,9,00,2,7,19,200900053264B01,7,2,1
200900053265,2009-07-11,2009,juillet,samedi,11:00,34,34003,0,0,2,1,3,1,1,4,1,03,1,1,000,105,1,0,1,4,1,13,5,1,9,00,2,6,19,200900053265B01,33,2,1
200900053274,2009-07-25,2009,juillet,samedi,18:30,34,34003,0,0,2,1,3,1,1,4,1,02,1,1,154,076,1,0,1,4,1,41,5,1,2,00,2,8,19,200900053274B01,7,0,1
200900053278,2009-07-06,2009,juillet,lundi,5:,34,34003,0,0,2,1,3,5,1,4,1,01,1,1,000,035,1,0,1,2,1,59,5,1,9,00,0,8,19,200900053278B01,7,1,1
200900053305,2009-01-19,2009,janvier,lundi,21:15,92,92050,0,0,2,2,3,5,1,3,1,02,1,1,000,000,1,0,1,3,1,34,0,1,9,00,2,1,1,200900053305B01,7,1,1
200900053311,2009-06-13,2009,juin,samedi,12:27,92,92023,0,0,2,1,2,1,1,4,1,01,1,1,000,000,1,0,1,4,1,14,5,1,9,00,2,1,2,200900053311A01,7,2,1
200900053333,2009-06-23,2009,juin,mardi,16:05,92,92007,0,0,2,6,2,1,1,3,2,04,1,1,000,000,1,0,0,4,2,34,1,1,9,00,2,5,3,200900053333B01,7,1,1
200900053360,2009-06-14,2009,juin,dimanche,11:30,93,93033,0.00004,0,2,1,1,1,1,4,2,02,2,2,000,025,1,0,5,4,1,31,5,1,2,00,9,1,13,200900053360B01,1,14,1
200900053360,2009-06-14,2009,juin,dimanche,11:30,93,93033,0.00004,0,2,1,1,1,1,4,2,02,2,2,000,025,1,0,5,4,1,59,5,1,2,00,9,1,14,200900053360A01,1,13,1
200900053377,2009-06-11,2009,juin,jeudi,17:30,93,93031,0.00004,0,2,1,2,1,1,2,2,02,1,1,000,000,1,0,1,3,1,27,0,1,9,00,0,1,2,200900053377A01,37,2,1
200900053379,2009-06-08,2009,juin,lundi,70:0,93,93005,0.00004,0,2,1,3,1,1,4,2,02,1,1,000,030,1,2,1,3,1,48,1,1,2,00,0,8,2,200900053379A01,99,2,1
200900053388,2009-06-25,2009,juin,jeudi,18:35,93,93048,0.00004,0,2,1,3,1,1,2,2,02,1,1,000,000,1,0,1,4,1,39,1,1,2,01,2,8,2,200900053388B01,7,2,1
200900053395,2009-06-18,2009,juin,jeudi,10:30,93,93048,0.00004,0,2,2,3,1,1,3,-1,00,1,-1,000,000,1,5,0,3,1,14,2,1,9,00,0,0,0,200900053395B01,32,0,1
200900053405,2009-06-24,2009,juin,mercredi,17:25,93,93048,0.00004,0,2,1,3,1,1,3,-1,00,1,1,000,000,1,0,4,3,2,5,0,1,9,00,0,0,0,200900053405B01,7,0,1
200900053427,2009-06-24,2009,juin,mercredi,17:45,93,93047,0.00004,0,2,1,1,1,1,4,2,02,1,1,000,000,1,0,1,3,1,13,5,1,9,00,2,1,5,200900053427A01,2,1,1
200900053439,2009-06-16,2009,juin,mardi,17:40,93,93066,0.00004,0,2,1,1,1,1,3,2,00,1,1,000,000,1,0,1,4,1,12,0,1,9,00,2,7,6,200900053439A01,7,1,1
200900053463,2009-06-22,2009,juin,lundi,83:0,93,93051,0.00004,0,2,6,3,1,1,3,1,03,1,2,000,060,1,0,1,4,1,77,5,1,2,00,2,6,2,200900053463B01,7,2,1
200900053503,2009-06-20,2009,juin,samedi,20:05,93,93070,0.00004,0,2,1,1,1,1,4,2,02,1,1,000,035,1,0,1,4,1,57,9,1,9,00,2,1,2,200900053503B01,2,5,1
200900053561,2009-07-05,2009,juillet,dimanche,19:30,92,92049,0,0,2,2,3,1,1,3,1,03,1,1,000,000,1,0,1,4,2,24,5,1,4,00,0,0,1,200900053561B01,7,16,1
200900053562,2009-07-06,2009,juillet,lundi,19:10,92,92036,0,0,2,9,3,1,1,4,2,02,1,1,000,060,1,0,1,4,1,12,5,1,9,00,2,3,19,200900053562A01,7,1,1
200900053585,2009-07-19,2009,juillet,dimanche,23:5,92,92050,0,0,2,2,3,5,9,3,1,02,2,1,000,098,1,3,1,3,1,35,5,1,9,00,2,7,1,200900053585A01,33,1,1
200900053591,2009-07-15,2009,juillet,mercredi,18:15,92,92019,0,0,2,6,3,1,1,3,-1,01,1,2,000,090,1,0,1,4,2,49,1,1,2,00,2,1,0,200900053591A01,7,1,1
200900053595,2009-07-15,2009,juillet,mercredi,19:55,92,92022,0,0,2,1,6,1,1,4,1,01,1,1,000,069,1,0,4,4,1,20,5,1,2,00,2,1,1,200900053595B01,7,4,1
200900053631,2009-07-18,2009,juillet,samedi,12:30,92,92073,0,0,2,1,3,1,1,3,3,02,2,1,000,000,1,0,1,4,1,39,9,1,9,00,2,8,2,200900053631B01,7,2,1
200900053638,2009-07-01,2009,juillet,mercredi,19:50,92,92025,0,0,2,1,6,1,1,6,2,01,-1,1,080,080,1,6,0,3,1,2,5,1,9,00,1,1,1,200900053638A01,,,
200900053638,2009-07-01,2009,juillet,mercredi,19:50,92,92025,0,0,2,1,6,1,1,6,2,01,-1,1,080,080,1,6,0,1,1,36,5,1,9,00,1,1,1,200900053638A01,,,
200900053648,2009-07-17,2009,juillet,vendredi,91:0,92,92063,0,0,2,1,3,1,1,4,2,02,1,2,000,060,1,0,1,4,1,34,4,1,9,00,0,1,1,200900053648B01,7,1,1
200900053657,2009-07-29,2009,juillet,mercredi,12:45,92,92004,0,0,2,1,3,1,1,4,1,01,-1,-1,000,050,1,0,1,4,1,18,5,1,4,00,2,1,0,200900053657A01,7,15,1
200900053661,2009-07-17,2009,juillet,vendredi,15:00,92,92024,0,0,2,9,3,1,1,4,1,01,1,1,000,000,1,0,1,4,1,56,5,1,2,00,2,1,2,200900053661B01,7,9,1
200900053696,2009-07-01,2009,juillet,mercredi,15:40,92,92023,0,0,2,1,3,1,1,4,2,02,1,1,000,000,-1,0,0,4,1,24,5,1,9,00,0,0,0,200900053696B01,99,0,1
200900053726,2009-08-04,2009,août,mardi,10:00,92,92026,0,0,2,1,2,1,1,3,2,06,1,1,000,150,1,0,1,4,1,15,9,1,2,00,2,4,7,200900053726B01,37,1,1
200900053735,2009-08-07,2009,août,vendredi,81:0,92,92049,0,0,2,2,3,1,1,3,2,02,1,-1,000,000,1,5,1,2,2,43,1,1,4,00,0,0,0,200900053735B01,17,16,1
200900053753,2009-08-21,2009,août,vendredi,15:35,92,92064,0,0,2,2,3,1,1,4,1,01,4,1,000,043,1,0,1,4,2,8,5,1,2,00,2,1,5,200900053753B01,7,15,1
200900053775,2009-08-26,2009,août,mercredi,17:10,92,92004,0,0,2,1,6,1,1,3,2,02,1,1,000,120,1,0,1,4,1,11,5,1,9,01,2,3,19,200900053775A01,7,1,1
200900053780,2009-08-26,2009,août,mercredi,14:25,92,92004,0,0,2,1,3,1,1,3,2,04,1,1,000,130,1,0,1,4,2,9,5,1,9,00,2,3,19,200900053780A01,7,1,1
200900053793,2009-08-23,2009,août,dimanche,13:25,92,92050,0,0,2,1,3,1,1,3,2,02,1,1,000,020,1,0,5,3,1,15,5,1,9,00,2,1,1,200900053793B01,30,1,1
200900053794,2009-08-27,2009,août,jeudi,18:45,92,92004,0,0,2,1,6,1,1,4,1,01,1,1,000,055,1,0,1,1,1,40,0,1,9,00,0,0,1,200900053794A01,,,
200900053882,2009-09-25,2009,septembre,vendredi,10:30,92,92050,0,0,2,2,3,1,1,4,1,02,1,1,000,071,1,0,1,4,1,64,5,1,2,00,2,8,1,200900053882B01,7,15,1
200900053896,2009-09-24,2009,septembre,jeudi,13:55,92,92050,0,0,2,1,6,1,9,4,2,02,1,1,000,050,1,0,1,3,1,13,0,1,9,00,2,4,13,200900053896B01,7,1,1
200900053902,2009-09-24,2009,septembre,jeudi,17:45,92,92004,0,0,2,2,3,1,1,3,2,02,1,1,000,080,1,0,0,4,1,25,1,1,9,00,2,3,1,200900053902B01,7,15,1
200900053923,2009-09-27,2009,septembre,dimanche,12:20,92,92049,0,0,2,1,3,1,1,3,2,08,1,-1,000,000,-1,0,4,4,2,42,5,1,4,00,0,7,1,200900053923A01,7,16,1
200900053934,2009-09-10,2009,septembre,jeudi,17:30,92,92062,0,0,2,4,3,1,1,4,2,02,2,1,000,071,1,0,1,3,1,42,1,1,2,00,2,7,12,200900053934B01,2,1,1
200900053962,2009-09-07,2009,septembre,lundi,17:55,92,92025,0,0,2,3,3,1,1,4,2,01,1,1,900,900,1,0,0,3,2,36,2,1,2,00,2,1,19,200900053962A01,7,2,1
200900053962,2009-09-07,2009,septembre,lundi,17:55,92,92025,0,0,2,3,3,1,1,4,2,01,1,1,900,900,1,0,0,3,2,2,2,1,2,00,2,1,19,200900053962A01,7,2,1
200900053964,2009-09-25,2009,septembre,vendredi,90:5,92,92050,0,0,2,3,1,1,1,3,1,01,1,1,000,048,1,3,1,4,1,34,1,1,2,00,2,8,1,200900053964A01,7,16,1
200900053966,2009-09-29,2009,septembre,mardi,18:45,92,92071,0,0,2,1,6,1,1,9,2,01,2,1,000,030,1,0,5,4,2,46,1,1,2,00,1,1,1,200900053966A01,,,
200900053991,2009-09-29,2009,septembre,mardi,16:00,92,92023,0,0,2,2,6,1,1,4,2,02,1,1,000,090,1,0,1,4,1,21,5,1,8,00,1,1,1,200900053991A01,,,
200900054024,2009-12-09,2009,décembre,mercredi,12:05,48,48095,0.00004,0,2,1,6,1,1,4,2,01,2,1,000,046,1,0,1,4,1,15,5,1,9,00,2,8,1,200900054024B01,7,1,1
200900054027,2009-12-23,2009,décembre,mercredi,74:5,48,48140,0,0,1,1,3,2,8,3,2,02,1,1,000,060,2,0,3,3,1,42,1,1,4,00,2,3,1,200900054027A01,7,13,1
200900054032,2009-12-15,2009,décembre,mardi,64:0,33,33529,0,0,1,1,2,3,1,3,3,04,1,1,000,075,1,0,1,3,1,42,1,1,9,00,2,8,2,200900054032B01,7,2,1
200900054066,2009-10-22,2009,octobre,jeudi,72:5,50,50147,0.00004,NaN,2,6,2,5,1,4,2,02,2,1,000,060,2,5,1,4,1,17,2,1,4,00,2,4,2,200900054066B01,10,2,1
200900054067,2009-10-02,2009,octobre,vendredi,16:10,50,50129,0.00004,NaN,2,1,6,1,1,4,1,01,1,1,000,000,1,0,1,1,1,15,2,1,2,00,2,2,17,200900054067B01,1,13,1
200900054067,2009-10-02,2009,octobre,vendredi,16:10,50,50129,0.00004,NaN,2,1,6,1,1,4,1,01,1,1,000,000,1,0,1,4,1,61,1,1,2,01,2,3,13,200900054067A01,1,17,1
200900054068,2009-10-11,2009,octobre,dimanche,18:20,50,50129,0.00004,NaN,2,1,3,1,1,4,2,02,1,1,000,050,2,0,1,4,1,16,5,1,2,00,2,1,9,200900054068A01,7,1,1
200900054077,2009-10-06,2009,octobre,mardi,72:0,50,50129,0.00004,NaN,2,3,3,5,3,4,1,02,1,1,000,069,2,0,1,4,1,49,1,1,2,00,2,2,1,200900054077B01,7,9,1
200900054121,2009-12-09,2009,décembre,mercredi,60:0,50,50129,0.00004,NaN,2,1,7,5,2,4,2,02,2,1,000,000,2,0,1,4,2,20,1,1,2,08,0,1,1,200900054121A01,,,
200900054164,2009-08-04,2009,août,mardi,18:45,34,34003,0,0,2,1,3,1,1,4,1,02,1,1,000,070,1,0,0,4,1,13,5,1,9,00,2,7,19,200900054164B01,7,1,1
200900054166,2009-08-07,2009,août,vendredi,12:40,34,34003,0,0,2,1,3,1,1,3,2,02,2,1,000,047,1,0,1,3,1,69,5,1,9,00,2,1,16,200900054166B01,7,9,1
200900054234,2009-08-03,2009,août,lundi,10:45,34,34172,0.00004,0,1,1,2,1,2,3,2,06,1,1,005,120,2,0,1,3,1,48,5,1,2,00,2,4,0,200900054234B01,10,1,1
200900054266,2009-11-09,2009,novembre,lundi,10:15,33,33318,0,0,2,5,6,1,1,4,2,02,1,3,000,000,1,0,1,3,2,44,0,1,9,00,2,1,16,200900054266A01,7,2,1
200900054286,2009-11-13,2009,novembre,vendredi,18:35,33,33063,0,0,2,2,3,5,1,4,1,01,1,1,000,045,1,0,1,4,2,40,0,1,9,00,2,1,1,200900054286B01,7,1,1
200900054296,2009-11-05,2009,novembre,jeudi,84:0,33,33063,0,0,2,1,3,1,2,4,2,02,2,1,000,108,2,0,1,4,1,41,1,1,2,01,0,5,1,200900054296B01,7,24,1
200900054297,2009-11-05,2009,novembre,jeudi,14:00,33,33522,0,0,2,1,2,1,3,4,3,02,1,1,000,000,2,4,1,4,1,20,5,1,9,00,2,1,3,200900054297A01,7,23,1
200900054302,2009-11-13,2009,novembre,vendredi,82:0,33,33550,0,0,2,2,3,1,1,4,2,02,1,1,000,000,1,0,1,4,1,49,0,1,9,00,2,1,1,200900054302B01,7,15,1
200900054310,2009-11-06,2009,novembre,vendredi,90:0,33,33039,0,0,2,1,2,1,1,4,2,02,1,1,000,099,1,0,1,4,2,41,5,1,2,00,2,1,2,200900054310A01,7,1,1
200900054324,2009-11-03,2009,novembre,mardi,16:10,33,33063,0,0,2,1,7,1,1,4,-1,00,-1,-1,000,000,-1,0,1,4,1,12,0,1,9,00,1,1,2,200900054324A01,,,
200900054324,2009-11-03,2009,novembre,mardi,16:10,33,33063,0,0,2,1,7,1,1,4,-1,00,-1,-1,000,000,-1,0,1,1,1,49,0,1,2,00,1,1,2,200900054324A01,,,
200900054326,2009-11-20,2009,novembre,vendredi,91:5,33,33533,0,0,1,1,7,1,1,3,2,02,1,1,000,000,9,0,1,3,1,61,3,1,8,14,0,1,21,200900054326A01,,,
200900054351,2009-11-22,2009,novembre,dimanche,15:15,33,33046,0.00004,NaN,2,1,3,1,1,9,-1,00,-1,1,000,020,2,0,0,3,1,10,5,1,1,00,2,7,1,200900054351B02,36,1,1
200900054377,2009-11-19,2009,novembre,jeudi,13:15,33,33063,0,0,2,1,3,1,1,4,1,02,1,1,000,000,1,0,1,4,1,29,1,1,9,00,2,8,17,200900054377B01,37,17,1
200900054380,2009-11-26,2009,novembre,jeudi,80:5,33,33119,0,0,2,1,3,1,2,4,3,08,1,1,000,000,2,4,1,4,2,52,5,1,4,00,2,1,1,200900054380B01,7,1,1
200900054391,2009-11-27,2009,novembre,vendredi,17:10,33,33281,0,0,2,1,3,1,1,4,2,02,1,1,000,050,1,0,1,4,1,14,0,1,9,00,2,0,2,200900054391B01,7,2,1
200900054403,2009-11-18,2009,novembre,mercredi,10:25,33,33522,0,0,2,4,3,1,1,4,2,02,1,2,000,071,1,0,1,4,2,17,0,1,9,00,0,7,15,200900054403B01,7,15,1
200900054410,2009-11-17,2009,novembre,mardi,85:5,33,33063,0,0,2,3,3,1,1,4,1,01,1,1,000,000,1,0,1,4,2,20,1,1,9,00,2,1,5,200900054410B01,7,16,1
200900054467,2009-11-03,2009,novembre,mardi,10:10,33,33529,0,0,2,1,2,1,8,4,2,02,1,1,000,120,2,0,1,4,1,21,9,1,9,00,2,1,1,200900054467A01,7,1,1
200900054479,2009-10-16,2009,octobre,vendredi,19:20,33,33318,0,0,2,1,3,5,1,4,2,02,1,1,000,000,1,0,1,3,2,24,0,1,9,00,2,0,2,200900054479B01,2,2,1
200900054491,2009-10-26,2009,octobre,lundi,18:25,33,33281,0,0,2,6,1,5,1,4,3,02,1,1,018,094,1,5,1,4,1,44,0,1,9,00,2,1,5,200900054491A01,7,1,1
200900054504,2009-10-21,2009,octobre,mercredi,13:50,33,33063,0,0,2,1,3,1,8,4,2,02,1,1,000,070,1,0,1,4,2,53,1,1,9,01,0,1,1,200900054504B01,7,24,1
200900054505,2009-10-16,2009,octobre,vendredi,74:5,33,33550,0,0,2,4,6,1,1,4,2,02,1,1,000,000,1,0,1,4,1,11,5,1,2,00,2,9,13,200900054505B01,,,
200900054507,2009-10-20,2009,octobre,mardi,16:35,33,33063,0,0,2,2,7,1,1,4,1,01,1,3,000,022,1,0,1,4,2,58,0,1,9,00,0,1,2,200900054507A01,,,
200900054514,2009-10-14,2009,octobre,mercredi,15:15,33,33238,0,0,1,1,3,1,1,3,2,02,1,1,000,067,1,0,1,4,1,67,5,1,1,00,2,8,15,200900054514A01,10,17,1
200900054517,2009-10-31,2009,octobre,samedi,16:00,33,33051,0.00004,NaN,1,1,6,1,1,4,2,01,1,1,000,045,1,0,1,2,1,91,5,1,2,00,5,2,1,200900054517A01,,,
200900054519,2009-10-17,2009,octobre,samedi,18:00,33,33268,0.00004,NaN,2,1,1,1,1,3,2,02,1,1,000,058,1,0,1,3,1,24,5,1,2,00,2,1,1,200900054519B02,7,15,1
200900054521,2009-10-15,2009,octobre,jeudi,74:5,33,33466,0.00004,NaN,1,1,2,3,1,3,2,02,1,1,000,057,1,0,1,3,1,13,2,1,4,00,2,4,13,200900054521B02,10,1,1
200900054531,2009-10-24,2009,octobre,samedi,10:45,33,33213,0,0,2,1,1,1,1,3,2,02,1,1,000,060,2,0,1,3,1,14,5,1,2,01,0,1,1,200900054531B02,7,22,1
200900054557,2009-10-12,2009,octobre,lundi,18:05,33,33281,0,0,2,2,3,1,1,4,-1,00,-1,-1,000,000,1,0,1,4,1,63,0,1,2,00,2,1,2,200900054557B01,7,15,1
200900054599,2009-10-30,2009,octobre,vendredi,19:30,33,33063,0,0,2,1,3,5,1,4,2,02,1,1,000,100,1,0,1,4,2,16,0,1,9,00,2,0,18,200900054599B01,7,13,1
200900054639,2009-10-14,2009,octobre,mercredi,17:50,33,33281,0,0,2,3,3,1,1,4,-1,00,-1,-1,000,000,1,0,1,4,2,17,0,1,2,01,0,1,2,200900054639B01,7,24,1
200900054642,2009-10-13,2009,octobre,mardi,18:50,33,33063,0,0,2,1,3,1,2,4,1,01,1,2,000,000,1,5,1,1,1,34,0,1,4,00,0,4,0,200900054642B01,30,0,1
200900054653,2009-10-08,2009,octobre,jeudi,12:30,33,33281,0,0,2,6,7,1,1,4,2,02,1,1,000,000,1,0,1,3,1,60,0,1,4,00,0,0,1,200900054653A01,,,
200900054705,2009-11-28,2009,novembre,samedi,50:0,56,56121,0,0,2,1,2,5,6,9,2,02,1,1,000,000,2,0,1,3,2,25,1,1,4,00,2,4,2,200900054705B01,7,2,1