Num_Acc,date,an,mois,jour,hrmn,dep,com,lat,long,agg,int,col,lum,atm,catr,circ,nbv,prof,plan,lartpc,larrout,surf,infra,situ,grav,sexe,age,trajet,secuexist,equipement,obs,obsm,choc,manv,vehiculeid,typevehicules,manoeuvehicules,numVehicules
200900054709,2009-11-22,2009,novembre,dimanche,16:40,56,56121,0.00004,NaN,2,1,7,1,1,4,2,02,1,1,000,000,-1,0,1,4,1,43,0,1,9,00,0,0,1,200900054709A01,,,
200900054732,2009-11-04,2009,novembre,mercredi,15:48,56,56121,0.00004,NaN,2,1,7,1,1,4,-1,00,-1,-1,000,000,1,0,1,4,1,23,0,1,9,00,0,0,0,200900054732A01,,,
200900054739,2009-11-15,2009,novembre,dimanche,12:08,56,56121,0.00004,NaN,2,1,7,1,1,4,-1,01,1,1,000,000,-1,0,5,1,1,42,5,1,9,00,2,0,0,200900054739A01,1,0,1
200900054739,2009-11-15,2009,novembre,dimanche,12:08,56,56121,0.00004,NaN,2,1,7,1,1,4,-1,01,1,1,000,000,-1,0,5,3,1,39,5,1,9,00,2,0,0,200900054739B01,1,0,1
200900054752,2009-07-18,2009,juillet,samedi,11:30,56,56121,0.00004,NaN,2,1,7,1,1,4,2,02,1,1,000,000,1,0,1,4,2,46,0,1,9,01,0,0,2,200900054752B01,7,22,1
200900054756,2009-07-24,2009,juillet,vendredi,10:57,56,56162,0,0,1,1,7,1,1,3,2,02,1,1,000,000,1,0,1,4,1,49,0,1,2,00,0,0,1,200900054756A01,,,
200900054759,2009-07-27,2009,juillet,lundi,94:4,56,56121,0.00004,NaN,2,6,3,1,1,4,1,01,1,2,000,000,1,0,1,4,1,18,4,1,9,00,2,1,1,200900054759B01,7,9,1
200900054775,2009-10-26,2009,octobre,lundi,17:45,22,22151,0.00004,NaN,2,9,1,1,1,4,2,00,1,1,000,000,1,0,1,3,1,9,5,1,2,00,0,1,15,200900054775B02,33,1,1
200900054797,2009-10-05,2009,octobre,lundi,72:5,22,22215,0,0,1,1,2,5,2,3,3,04,3,1,000,070,2,0,1,4,1,47,1,1,2,00,2,4,1,200900054797B01,7,2,1
200900054826,2009-10-29,2009,octobre,jeudi,15:15,47,47175,0.00004,0,2,1,6,1,1,4,1,01,2,2,000,032,1,0,4,3,2,16,5,1,1,12,0,2,1,200900054826A01,,,
200900054838,2009-10-08,2009,octobre,jeudi,10:30,47,47001,0.00004,0,2,1,1,1,2,4,1,01,1,1,000,000,2,0,0,3,1,14,2,1,9,00,2,0,19,200900054838B01,7,16,1
200900054855,2009-11-25,2009,novembre,mercredi,10:20,47,47001,0.00004,0,2,5,2,1,1,4,,,,,,,,,,4,1,92,3,1,9,00,2,0,2,200900054855B01,7,16,1
200900054870,2009-11-17,2009,novembre,mardi,18:36,47,47001,0.00004,0,2,3,1,5,1,4,,,,,,,,0,0,4,1,68,5,1,2,00,2,0,1,200900054870B01,7,15,1
200900054872,2009-11-30,2009,novembre,lundi,15:36,47,47001,0.00004,0,2,2,3,1,8,4,1,01,1,1,000,000,2,0,1,4,2,28,1,1,9,00,2,1,1,200900054872A01,7,1,1
200900054880,2009-12-11,2009,décembre,vendredi,15:45,47,47181,0.00004,0,1,3,7,1,1,3,2,02,1,3,000,000,9,0,0,3,1,58,5,1,2,00,0,7,16,200900054880A01,,,
200900054890,2009-12-07,2009,décembre,lundi,11:10,47,47323,0.00004,0,2,1,2,1,2,3,2,02,1,1,000,078,2,6,1,3,1,77,5,1,9,00,2,0,13,200900054890B01,7,1,1
200900054896,2009-12-21,2009,décembre,lundi,18:45,47,47001,0.00004,0,2,1,5,5,1,3,2,02,1,1,000,085,1,0,5,4,1,25,1,1,2,00,2,1,21,200900054896B01,7/ 10,1/22,2
200900054922,2009-11-05,2009,novembre,jeudi,18:15,88,88465,0.00004,0,2,3,3,5,8,4,2,02,2,1,000,054,1,0,1,3,1,76,5,1,1,00,2,7,23,200900054922B02,7,15,1
200900054931,2009-11-17,2009,novembre,mardi,18:30,88,88372,0.00004,0,2,1,2,5,3,4,2,00,1,1,000,047,2,0,1,4,1,66,5,1,9,00,2,4,2,200900054931B02,2,2,1
200900054959,2009-09-28,2009,septembre,lundi,65:0,34,34172,0.00004,0,2,3,3,5,1,4,2,02,1,1,000,170,1,0,1,4,1,44,1,1,2,00,2,1,16,200900054959A01,7,1,1
200900054960,2009-09-15,2009,septembre,mardi,11:50,34,34172,0.00004,0,2,1,2,1,1,4,1,01,1,1,000,030,1,0,1,4,1,14,2,1,9,00,2,1,2,200900054960A01,7,2,1
200900054969,2009-09-24,2009,septembre,jeudi,93:5,34,34172,0.00004,0,2,1,7,1,1,4,-1,00,1,1,000,000,1,6,1,4,2,52,0,1,9,00,0,0,0,200900054969A01,,,
200900054973,2009-09-25,2009,septembre,vendredi,80:5,34,34129,0.00004,0,1,1,3,1,1,3,3,01,1,3,000,039,1,0,1,4,1,55,1,1,2,00,2,4,19,200900054973A01,10,16,1
200900054977,2009-09-12,2009,septembre,samedi,10:40,34,34129,0.00004,0,2,3,1,1,1,4,2,02,1,1,000,050,1,0,1,4,1,17,5,1,2,00,2,1,16,200900054977B01,37,13,1
200900054982,2009-09-02,2009,septembre,mercredi,13:00,34,34172,0.00004,0,2,1,6,1,1,4,3,02,2,1,030,060,1,0,5,4,2,63,0,1,9,00,1,1,2,200900054982A01,,,
200900054982,2009-09-02,2009,septembre,mercredi,13:00,34,34172,0.00004,0,2,1,6,1,1,4,3,02,2,1,030,060,1,0,5,1,1,39,5,1,9,00,1,1,2,200900054982A01,,,
200900054986,2009-09-15,2009,septembre,mardi,16:15,34,34301,0.00004,0,2,3,3,1,1,4,1,01,1,1,000,030,1,0,1,3,1,16,9,1,9,00,2,1,1,200900054986A01,7,1,1
200900054991,2009-09-09,2009,septembre,mercredi,93:0,34,34145,0,0,1,1,3,1,7,3,2,00,1,1,000,000,1,0,1,3,1,77,5,1,2,00,2,1,1,200900054991B02,7,1,1
200900055000,2009-09-29,2009,septembre,mardi,11:45,34,34192,0,0,1,1,6,1,1,9,-1,00,2,1,000,000,1,0,5,3,1,62,0,1,1,00,1,1,5,200900055000A01,,,
200900055000,2009-09-29,2009,septembre,mardi,11:45,34,34192,0,0,1,1,6,1,1,9,-1,00,2,1,000,000,1,0,5,3,1,63,0,1,8,00,1,1,5,200900055000A01,,,
200900055015,2009-09-03,2009,septembre,jeudi,91:5,34,34063,0.00004,0,1,1,1,1,1,3,2,02,1,1,085,000,1,0,1,3,1,55,5,1,2,00,2,4,1,200900055015B02,7,1,1
200900055027,2009-09-02,2009,septembre,mercredi,13:50,34,34172,0.00004,0,2,3,6,1,1,4,2,02,2,1,000,060,1,0,0,4,2,37,9,1,2,00,2,1,1,200900055027B01,7,15,1
200900055029,2009-09-03,2009,septembre,jeudi,20:30,34,34172,0.00004,0,2,1,3,5,1,4,3,02,1,3,000,060,1,5,1,4,1,28,0,1,2,00,2,8,19,200900055029B01,7,1,1
200900055041,2009-09-10,2009,septembre,jeudi,14:35,34,34172,0.00004,0,2,1,7,1,1,4,1,02,1,2,000,030,1,0,1,4,1,16,2,1,2,00,0,0,2,200900055041A01,,,
200900055110,2009-08-05,2009,août,mercredi,18:30,25,25056,0,0,2,1,3,1,7,4,2,02,1,1,000,000,1,0,4,4,2,52,0,1,9,01,0,1,1,200900055110B01,7,24,1
200900055111,2009-08-05,2009,août,mercredi,71:1,25,25056,0,0,2,4,3,1,1,4,2,01,1,2,000,000,1,0,1,3,1,29,1,1,2,00,2,1,16,200900055111B01,7,1,1
200900055112,2009-08-05,2009,août,mercredi,12:08,25,25056,0,0,2,1,3,1,1,4,2,02,1,1,000,000,1,0,1,4,1,54,5,1,2,00,2,1,1,200900055112B01,7,20,1
200900055122,2009-08-15,2009,août,samedi,16:45,25,25578,0,0,2,1,3,1,1,9,2,02,1,1,000,068,1,0,1,3,1,11,5,1,1,00,2,8,15,200900055122B02,7,1,1
200900055137,2009-08-23,2009,août,dimanche,18:55,25,25056,0,0,2,2,1,1,1,4,2,02,1,1,000,000,1,0,0,4,2,60,0,1,2,00,2,1,2,200900055137B01,7,15,1
200900055140,2009-08-17,2009,août,lundi,18:35,25,25056,0,0,2,1,7,1,1,4,-1,02,2,1,000,000,1,0,1,3,1,51,5,1,2,00,0,0,2,200900055140A01,,,
200900055152,2009-09-24,2009,septembre,jeudi,14:10,25,25056,0,0,2,1,3,1,1,4,1,02,1,1,000,079,1,0,1,3,1,33,5,1,9,00,2,1,1,200900055152A01,7,1,1
200900055164,2009-09-30,2009,septembre,mercredi,14:05,25,25031,0,0,2,1,3,1,1,9,2,02,1,1,000,048,1,0,1,3,2,38,5,1,4,00,2,1,19,200900055164A01,7,1,1
200900055177,2009-09-22,2009,septembre,mardi,80:6,25,25056,0,0,2,6,3,1,1,4,1,01,1,1,000,000,1,0,0,4,2,18,2,1,2,00,2,1,1,200900055177B01,7,9,1
200900055199,2009-09-08,2009,septembre,mardi,13:05,25,25056,0,0,2,1,2,1,1,4,-1,02,1,1,000,000,1,0,0,4,1,45,1,1,9,00,2,1,1,200900055199B01,32,1,1
200900055211,2009-10-07,2009,octobre,mercredi,14:00,25,25024,0.00004,0,1,1,2,1,1,3,2,02,1,1,000,072,1,0,1,3,1,47,5,1,2,00,0,4,1,200900055211B02,10,1,1
200900055216,2009-10-07,2009,octobre,mercredi,12:30,25,25442,0,0,1,3,3,1,1,3,2,02,1,3,000,074,1,5,1,2,1,86,5,1,2,00,2,8,19,200900055216A01,7,1,1
200900055247,2009-10-15,2009,octobre,jeudi,15:14,25,25056,0,0,2,1,7,1,1,4,2,02,1,1,000,000,1,0,4,4,1,13,5,1,2,12,0,1,3,200900055247Y01,,,
200900055248,2009-10-13,2009,octobre,mardi,16:50,25,25580,0,0,2,1,3,1,1,9,1,01,1,1,000,000,1,0,1,3,1,66,9,1,2,01,0,1,2,200900055248B01,7,24,1
200900055250,2009-10-13,2009,octobre,mardi,17:39,25,25056,0,0,2,1,2,1,1,4,2,02,2,1,000,000,1,0,1,4,1,18,0,1,2,00,2,1,2,200900055250A01,7,2,1
200900055251,2009-10-07,2009,octobre,mercredi,75:5,25,25056,0,0,2,9,3,1,1,4,2,03,1,1,024,106,1,0,1,3,2,41,1,1,4,00,2,1,1,200900055251B01,33,15,1
200900055266,2009-11-17,2009,novembre,mardi,18:16,25,25056,0,0,2,3,3,1,2,4,2,02,1,1,000,000,2,0,1,4,1,22,2,1,4,00,2,2,1,200900055266B01,7,15,1
200900055286,2009-12-09,2009,décembre,mercredi,14:05,25,25388,0,0,2,1,2,1,1,9,2,02,1,1,000,060,1,0,1,3,1,15,0,1,9,00,2,5,2,200900055286A01,7,2,1
200900055309,2009-10-19,2009,octobre,lundi,14:39,09,09225,0,0,1,3,3,1,1,2,2,02,1,1,000,070,1,0,1,3,1,84,3,1,9,00,0,8,13,200900055309B01,15,17,1
200900055325,2009-09-13,2009,septembre,dimanche,12:10,03,03310,0,0,2,2,3,1,1,4,2,03,1,1,000,080,1,5,1,3,1,85,5,1,9,00,2,1,1,200900055325A01,7,15,1
200900055356,2009-09-26,2009,septembre,samedi,90:0,45,45224,0.00004,0,1,1,6,1,1,3,2,02,1,1,000,079,1,0,1,2,2,57,5,1,9,00,2,1,1,200900055356A01,99,13,1
200900055365,2009-09-08,2009,septembre,mardi,18:55,45,45234,0.00004,0,2,4,3,1,1,4,1,01,1,1,000,050,1,0,1,4,1,19,5,1,2,00,2,2,1,200900055365B01,7,1,1
200900055373,2009-09-18,2009,septembre,vendredi,16:50,45,45075,0.00004,0,2,3,1,1,1,2,2,02,1,1,000,104,1,0,1,3,1,18,0,1,9,00,2,1,19,200900055373A01,7,23,1
200900055411,2009-11-06,2009,novembre,vendredi,10:40,95,95219,0.00004,0,2,6,6,1,1,4,2,02,1,2,000,000,1,0,1,4,2,16,0,1,9,00,2,1,12,200900055411B01,7,16,1
200900055412,2009-11-20,2009,novembre,vendredi,84:5,95,95203,0.00004,0,2,3,1,1,1,3,1,00,1,1,000,000,1,0,5,3,1,61,1,1,2,00,2,1,1,200900055412B01,10,15,1
200900055426,2009-11-05,2009,novembre,jeudi,17:48,95,95018,0.00004,0,2,3,6,5,2,4,1,01,1,1,,080,2,0,1,4,1,11,5,1,2,00,2,1,1,200900055426A01,7,15,1
200900055428,2009-11-04,2009,novembre,mercredi,85:0,95,95203,0.00004,0,2,6,6,1,1,3,2,02,1,2,000,000,1,0,1,1,1,60,0,1,1,00,2,1,1,200900055428A01,1,1,1
200900055428,2009-11-04,2009,novembre,mercredi,85:0,95,95203,0.00004,0,2,6,6,1,1,3,2,02,1,2,000,000,1,0,1,4,1,46,0,1,9,00,2,1,1,200900055428B01,1,1,1
200900055432,2009-11-19,2009,novembre,jeudi,15:30,95,95527,0.00004,0,2,1,1,1,1,4,2,03,1,1,000,000,1,0,1,3,1,26,9,1,2,00,2,1,17,200900055432B02,7,1,1
200900055445,2009-10-07,2009,octobre,mercredi,16:30,03,03093,0,-0,2,1,1,1,1,3,2,02,2,1,120,075,1,0,1,3,1,57,5,1,2,00,2,8,1,200900055445A01,38,17,1
200900055461,2009-10-12,2009,octobre,lundi,74:5,03,03095,0,-0,2,2,1,5,2,3,2,02,1,1,000,070,2,5,1,4,1,57,1,1,2,00,2,3,9,200900055461B01,7,15,1
200900055463,2009-10-02,2009,octobre,vendredi,65:0,03,03023,0,-0,2,5,3,5,1,3,2,02,1,1,000,060,1,5,1,4,1,57,5,1,9,00,2,7,15,200900055463B01,7,9,1
200900055465,2009-05-26,2009,mai,mardi,15:30,77,77326,0,0,1,1,1,1,8,3,2,02,2,1,000,123,1,0,1,3,1,21,9,1,9,00,2,1,1,200900055465B01,7,14,1
200900055477,2009-05-27,2009,mai,mercredi,11:40,77,77305,0,0,2,6,3,1,1,3,2,02,1,3,000,070,1,0,1,3,1,87,5,1,9,00,2,8,1,200900055477B01,99,9,1
200900055512,2009-05-03,2009,mai,dimanche,93:0,77,77470,0,0,1,1,1,1,1,3,2,00,2,1,061,000,1,0,1,4,1,56,5,1,2,00,0,4,0,200900055512B02,36,2,1
200900055528,2009-05-21,2009,mai,jeudi,15:00,77,77192,0,0,2,2,3,1,1,4,-1,00,-1,-1,000,000,-1,0,0,3,2,9,5,1,2,00,0,1,5,200900055528B02,7,1,1
200900055557,2009-05-21,2009,mai,jeudi,95:0,77,77390,0,0,2,1,6,1,1,3,2,02,2,3,000,074,1,2,5,1,1,17,5,1,2,00,1,3,1,200900055557A01,,,
200900055569,2009-11-14,2009,novembre,samedi,15:20,03,03310,0,0,2,1,3,1,1,4,1,01,1,1,000,030,1,0,1,4,1,9,5,1,2,00,2,8,19,200900055569B01,7,1,1
200900055570,2009-11-04,2009,novembre,mercredi,82:0,03,03310,0,0,2,3,3,1,2,4,2,02,1,1,000,060,2,5,1,4,2,54,5,1,9,00,2,3,1,200900055570B01,7,14,1
200900055598,2009-10-25,2009,octobre,dimanche,16:30,45,45224,0.00004,0,1,1,3,1,7,3,2,02,1,3,000,070,1,0,1,3,1,60,5,1,2,00,2,8,1,200900055598B02,7,17,1
200900055609,2009-10-06,2009,octobre,mardi,20:20,45,45147,0.00004,0,2,1,3,5,1,3,2,02,1,1,000,070,1,0,4,4,1,40,0,1,4,00,2,1,13,200900055609B01,7,9,1
200900055619,2009-10-19,2009,octobre,lundi,80:0,45,45075,0.00004,0,2,1,3,1,1,2,3,02,1,1,015,070,1,0,4,3,1,45,4,1,2,00,2,1,1,200900055619A01,7,9,1
200900055623,2009-10-21,2009,octobre,mercredi,84:0,45,45284,0.00004,0,2,3,3,1,2,2,3,02,1,1,030,090,2,0,1,4,2,19,0,1,2,00,2,1,15,200900055623B01,7,1,1
200900055664,2009-05-24,2009,mai,dimanche,17:20,59,59017,0,0,2,9,6,1,1,3,2,02,1,1,000,103,1,0,1,4,2,12,5,1,2,00,2,0,2,200900055664C01,7,2,1
200900055664,2009-05-24,2009,mai,dimanche,17:20,59,59017,0,0,2,9,6,1,1,3,2,02,1,1,000,103,1,0,1,4,2,12,5,1,2,00,2,0,2,200900055664B01,7,2,1
200900055669,2009-06-28,2009,juin,dimanche,20:30,59,59017,0,0,2,1,6,1,1,4,2,03,1,1,020,100,1,0,1,3,1,20,5,1,2,00,2,0,19,200900055669A01,7,1,1
200900055671,2009-08-14,2009,août,vendredi,18:50,59,59317,0,0,1,6,3,1,1,3,2,02,-1,-1,000,000,-1,0,0,3,1,64,5,1,9,00,2,4,1,200900055671B01,7,1,1
200900055690,2009-07-02,2009,juillet,jeudi,15:00,06,06088,0,0,2,1,2,1,1,4,1,03,1,3,000,000,1,0,1,4,2,23,0,1,8,00,2,1,11,200900055690A01,37,1,1
200900055740,2009-07-02,2009,juillet,jeudi,22:00,06,06088,0,0,2,1,3,5,1,4,1,01,1,1,000,000,1,0,1,4,1,25,5,1,2,00,2,5,19,200900055740B01,7,1,1
200900055849,2009-07-12,2009,juillet,dimanche,12:20,06,06029,0,0,2,1,6,1,1,4,2,02,1,1,000,130,1,0,1,3,2,70,0,1,9,00,2,8,1,200900055849B01,7,17,1
200900055888,2009-07-24,2009,juillet,vendredi,10:20,06,06004,0,0,2,2,3,1,1,3,-1,00,-1,-1,000,000,-1,0,1,3,2,35,0,1,9,00,2,0,1,200900055888B01,7,1,1
200900055912,2009-07-23,2009,juillet,jeudi,15:40,06,06069,0,0,2,1,7,1,1,4,2,02,2,1,000,000,1,0,1,4,1,15,5,1,9,00,0,0,13,200900055912A01,,,
200900056009,2009-06-04,2009,juin,jeudi,20:05,77,77108,0,0,2,3,3,1,1,4,2,02,1,1,000,062,1,0,1,4,1,16,5,1,4,00,2,7,19,200900056009B01,7,16,1
200900056070,2009-06-30,2009,juin,mardi,16:50,77,77407,0,0,2,1,1,1,1,4,2,02,2,1,000,049,1,0,1,3,1,11,5,1,9,00,2,1,13,200900056070A01,7,14,1
200900056084,2009-06-21,2009,juin,dimanche,19:45,77,77445,0,0,2,3,1,1,1,4,2,01,1,1,000,000,1,0,0,3,1,10,5,1,9,00,2,8,9,200900056084B01,7,1,1
200900056088,2009-06-21,2009,juin,dimanche,12:15,77,77373,0,0,2,1,7,1,1,4,1,01,2,1,000,000,1,0,1,3,1,76,0,1,2,00,0,0,21,200900056088A01,,,
200900056103,2009-07-23,2009,juillet,jeudi,93:0,77,77100,0,0,2,1,1,1,1,4,2,00,1,1,000,000,1,0,1,3,2,72,3,1,2,00,2,7,1,200900056103B02,7,16,1
200900056108,2009-07-09,2009,juillet,jeudi,17:30,77,77018,0,0,2,3,3,1,1,4,2,02,1,1,121,058,1,0,1,3,1,13,5,1,2,00,2,1,16,200900056108B01,7,1,1
200900056125,2009-07-05,2009,juillet,dimanche,18:30,77,77384,0,0,1,2,3,1,1,3,3,02,1,1,020,040,1,5,1,3,1,53,4,1,9,00,0,9,15,200900056125A01,33,17,1
200900056160,2009-07-22,2009,juillet,mercredi,90:0,77,77374,0,0,1,6,3,1,1,3,2,02,1,-1,000,000,1,0,1,4,1,49,0,1,8,00,0,0,1,200900056160B01,7,9,1
200900056161,2009-07-06,2009,juillet,lundi,13:15,77,77373,0,0,2,1,3,1,1,3,2,04,1,1,000,080,1,0,1,3,1,24,1,1,1,00,0,8,19,200900056161B01,7,1,1
200900056170,2009-11-26,2009,novembre,jeudi,91:5,74,74293,0,0,1,1,2,1,1,3,2,02,1,1,000,000,1,0,1,3,1,61,1,1,2,00,0,4,2,200900056170B02,7,2,1
200900056191,2009-11-20,2009,novembre,vendredi,70:5,74,74298,0,0,2,1,3,5,1,3,2,02,1,1,000,000,1,0,1,4,1,17,2,1,2,00,2,1,2,200900056191B01,7,2,1
200900056192,2009-11-23,2009,novembre,lundi,17:30,74,74256,0,0,1,8,1,5,8,3,2,00,1,1,000,000,2,4,5,3,1,40,0,1,9,00,0,7,0,200900056192B02,7,1,1
200900056198,2009-07-07,2009,juillet,mardi,92:0,92,92051,0,0,2,1,2,1,1,4,2,02,1,1,000,000,1,0,1,4,2,35,4,1,9,00,2,4,2,200900056198B01,7,2,1
200900056222,2009-12-01,2009,décembre,mardi,12:45,10,10033,0.00004,0,2,7,3,1,1,4,2,00,1,1,000,040,-1,5,1,3,1,13,2,1,2,00,2,6,19,200900056222B02,7,1,1
200900056267,2009-11-06,2009,novembre,vendredi,18:05,37,37261,0,0,2,1,6,2,1,4,-1,00,-1,-1,000,000,-1,0,1,4,2,49,0,1,9,00,0,0,0,200900056267B01,32,0,1
200900056277,2009-11-13,2009,novembre,vendredi,16:40,37,37261,0,0,2,2,3,1,1,4,2,02,1,1,000,070,1,0,1,4,2,13,2,1,9,00,2,1,5,200900056277A01,7,15,1
200900056277,2009-11-13,2009,novembre,vendredi,16:40,37,37261,0,0,2,2,3,1,1,4,2,02,1,1,000,070,1,0,1,4,2,13,2,1,9,00,2,1,5,200900056277A01,7,15,1
200900056283,2009-11-30,2009,novembre,lundi,80:9,37,37233,0,0,1,1,6,2,1,4,-1,00,-1,-1,000,000,-1,0,1,4,1,8,0,1,9,00,0,0,0,200900056283B01,7,0,1
200900056314,2009-10-07,2009,octobre,mercredi,15:45,92,92024,0,0,2,1,3,1,1,3,1,03,1,1,000,000,1,0,1,4,1,59,9,1,2,00,2,8,1,200900056314B01,10,17,1
200900056319,2009-10-14,2009,octobre,mercredi,14:05,92,92019,0,0,2,1,3,1,1,4,1,01,-1,1,000,060,1,0,1,4,1,64,1,1,2,00,2,2,1,200900056319B01,7,9,1
200900056327,2009-10-19,2009,octobre,lundi,82:0,92,92026,0,0,2,2,6,1,1,4,2,02,1,1,000,068,1,0,1,4,1,47,1,1,9,01,0,1,1,200900056327B01,7,22,1
200900056333,2009-10-16,2009,octobre,vendredi,21:35,92,92046,0,0,2,3,3,5,1,3,2,01,1,1,000,000,1,0,1,3,2,52,5,1,2,00,2,3,1,200900056333B01,7,15,1
200900056342,2009-10-24,2009,octobre,samedi,13:25,92,92032,0,0,2,1,6,1,1,3,1,01,2,3,000,060,1,0,0,1,1,26,0,1,9,00,1,1,5,200900056342A01,,,
200900056346,2009-10-25,2009,octobre,dimanche,16:05,92,92036,0,0,2,3,1,1,1,4,1,01,1,1,000,060,1,0,1,4,1,11,5,1,9,00,2,1,5,200900056346B01,7,15,1
200900056380,2009-10-30,2009,octobre,vendredi,12:40,92,92036,0,0,2,2,3,1,1,3,2,02,1,1,000,120,1,0,1,4,1,65,5,1,9,00,2,7,9,200900056380A01,7,1,1
200900056381,2009-10-16,2009,octobre,vendredi,12:35,92,92048,0,0,2,3,6,1,1,4,2,02,1,1,000,045,1,0,1,1,1,57,5,1,2,00,1,1,1,200900056381A01,,,
200900056383,2009-10-16,2009,octobre,vendredi,14:00,92,92049,0,0,2,1,6,1,1,3,2,02,2,1,000,000,1,0,5,4,1,39,1,1,2,00,0,1,1,200900056383B01,7,22,1
200900056471,2009-10-27,2009,octobre,mardi,13:00,92,92009,0,0,2,1,3,1,1,4,2,01,1,1,000,060,1,0,1,3,1,87,5,1,9,00,2,3,1,200900056471B01,31,1,1
200900056478,2009-10-12,2009,octobre,lundi,12:30,92,92004,0,0,2,9,6,1,1,3,1,02,2,1,000,090,1,3,1,4,1,41,0,1,9,00,2,4,0,200900056478B01,7,0,1
200900056480,2009-10-21,2009,octobre,mercredi,19:52,92,92004,0,0,2,2,3,5,2,3,2,02,1,1,000,000,2,0,1,4,2,28,3,1,9,00,0,3,15,200900056480B01,32,2,1
200900056514,2009-10-01,2009,octobre,jeudi,17:20,92,92033,0,0,2,1,3,1,1,4,2,02,2,1,010,080,1,0,1,4,1,20,5,1,9,00,2,1,1,200900056514B01,7,15,1
200900056518,2009-10-04,2009,octobre,dimanche,14:00,92,92026,0,0,2,1,6,1,1,3,2,02,1,1,000,150,1,0,4,4,1,13,9,1,9,02,0,1,0,200900056518A01,,,
200900056527,2009-10-02,2009,octobre,vendredi,17:50,92,92026,0,0,2,1,2,1,1,3,3,03,1,1,000,260,1,0,1,4,1,32,4,1,9,00,2,1,1,200900056527A01,7,23,1
200900056528,2009-10-05,2009,octobre,lundi,19:20,92,92036,0,0,2,9,3,2,1,4,1,01,1,1,000,060,1,0,1,4,1,18,5,1,9,00,2,7,19,200900056528B01,7,16,1
200900056536,2009-10-13,2009,octobre,mardi,80:0,92,92076,0,0,2,2,3,2,1,4,1,,1,1,000,117,1,0,1,4,1,17,2,1,9,00,2,4,1,200900056536B01,7,15,1
200900056542,2009-10-14,2009,octobre,mercredi,18:25,92,92025,0,0,2,2,3,1,1,4,2,05,1,1,000,120,1,0,1,4,1,15,0,1,9,00,2,4,19,200900056542B01,7,17,1
200900056562,2009-10-06,2009,octobre,mardi,11:55,92,92020,0,0,2,1,3,1,1,3,2,04,2,1,000,000,1,0,1,4,2,25,5,1,2,00,0,0,19,200900056562A01,33,1,1
200900056564,2009-10-08,2009,octobre,jeudi,19:45,92,92026,0,0,2,1,6,5,9,3,2,02,1,1,000,000,2,0,1,1,2,28,5,1,9,00,2,4,16,200900056564B01,31,1,1
200900056578,2009-10-03,2009,octobre,samedi,10:20,92,92063,0,0,2,9,3,1,1,3,3,05,1,1,000,000,1,2,1,3,2,35,0,1,9,00,2,4,1,200900056578B01,7,9,1
200900056610,2009-12-09,2009,décembre,mercredi,11:5,80,80021,0,0,2,2,3,5,2,4,2,02,1,1,000,000,2,0,1,4,1,33,5,1,4,00,2,1,16,200900056610B01,7,16,1
200900056620,2009-12-06,2009,décembre,dimanche,15:,80,80021,0,0,2,3,6,5,1,4,2,02,1,1,000,000,1,0,1,4,1,24,5,1,4,00,2,1,1,200900056620B01,,,
200900056625,2009-12-07,2009,décembre,lundi,71:0,80,80021,0,0,2,3,3,5,1,4,2,02,1,1,000,000,1,0,1,4,1,46,5,1,4,00,2,1,1,200900056625B01,7,15,1
200900056628,2009-12-04,2009,décembre,vendredi,80:0,80,80021,0,0,2,3,3,2,1,4,1,01,2,3,000,000,1,0,1,4,1,26,5,1,4,00,2,1,1,200900056628B01,7,15,1
200900056644,2009-11-17,2009,novembre,mardi,61:5,44,44171,0,0,1,1,1,3,2,3,2,02,1,3,000,055,2,0,1,3,1,45,1,1,4,00,2,8,1,200900056644A01,7,13,1
200900056648,2009-11-14,2009,novembre,samedi,16:30,44,44154,0.00004,NaN,2,1,5,1,6,4,2,01,1,1,000,069,1,0,1,3,2,12,5,1,2,00,2,4,13,200900056648A01,7,1,1
200900056648,2009-11-14,2009,novembre,samedi,16:30,44,44154,0.00004,NaN,2,1,5,1,6,4,2,01,1,1,000,069,1,0,1,1,2,13,5,1,2,00,2,4,1,200900056648B02,7,1,1
200900056656,2009-11-02,2009,novembre,lundi,13:50,44,44109,0,0,2,2,3,1,1,4,1,02,1,1,000,050,1,0,1,4,1,15,0,1,2,00,2,2,1,200900056656A01,7,1,1
200900056667,2009-11-22,2009,novembre,dimanche,10:00,44,44109,0,0,2,6,3,1,8,4,2,01,2,2,000,000,2,0,1,3,1,54,5,1,2,00,2,7,1,200900056667B01,7,9,1
200900056690,2009-11-30,2009,novembre,lundi,83:0,44,44184,0,0,2,2,3,1,1,4,2,02,1,1,000,000,1,0,1,4,1,14,2,1,4,00,0,0,0,200900056690B01,7,15,1
200900056691,2009-11-20,2009,novembre,vendredi,84:5,44,44190,0,0,2,6,3,1,1,4,1,01,1,2,000,000,1,5,1,4,2,14,2,1,4,00,2,2,1,200900056691B01,7,9,1
200900056699,2009-11-20,2009,novembre,vendredi,90:0,44,44143,0,0,2,2,6,1,1,3,2,02,1,1,000,000,1,5,1,3,2,13,2,1,4,00,2,7,1,200900056699B01,7,1,1
200900056703,2009-11-20,2009,novembre,vendredi,10:20,44,44109,0,0,2,2,3,1,1,4,2,02,1,1,000,060,1,0,1,2,2,26,0,1,2,00,2,4,1,200900056703B01,14,16,1
200900056704,2009-11-16,2009,novembre,lundi,91:5,44,44109,0,0,2,6,3,1,1,4,1,01,1,2,000,090,2,4,1,4,1,22,4,1,9,00,2,1,1,200900056704B01,7,1,1