Num_Acc,date,an,mois,jour,hrmn,dep,com,lat,long,agg,int,col,lum,atm,catr,circ,nbv,prof,plan,lartpc,larrout,surf,infra,situ,grav,sexe,age,trajet,secuexist,equipement,obs,obsm,choc,manv,vehiculeid,typevehicules,manoeuvehicules,numVehicules
200900056711,2009-11-23,2009,novembre,lundi,90:0,44,44109,0,0,2,1,2,1,8,4,2,02,1,1,000,000,2,0,1,3,2,46,0,1,4,00,2,4,11,200900056711B01,32,1,1
200900056719,2009-12-03,2009,décembre,jeudi,10:50,44,44109,0,0,2,6,2,1,1,4,2,00,1,4,000,000,2,0,1,3,1,34,1,1,2,00,2,1,0,200900056719B01,7,9,1
200900056722,2009-12-03,2009,décembre,jeudi,18:20,44,44109,0,0,2,3,3,4,1,4,2,02,1,1,000,080,1,0,1,4,2,12,0,1,2,00,2,3,19,200900056722B01,7,16,1
200900056744,2009-12-03,2009,décembre,jeudi,18:25,44,44109,0,0,2,3,3,5,1,4,2,00,1,1,000,000,1,0,1,3,1,34,0,1,2,00,2,1,1,200900056744B01,7,15,1
200900056759,2009-12-27,2009,décembre,dimanche,10:45,44,44072,0,0,1,1,2,1,1,3,2,02,2,1,000,070,1,0,1,3,1,60,5,1,2,00,2,8,1,200900056759A01,7,1,1
200900056781,2009-12-01,2009,décembre,mardi,15:30,44,44204,0,0,2,6,3,1,1,3,2,02,1,3,000,000,1,5,1,3,2,77,0,1,2,00,0,1,1,200900056781B02,7,16,1
200900056821,2009-08-12,2009,août,mercredi,74:5,77,77508,0.00004,0,1,1,3,1,1,3,2,02,1,1,000,055,1,0,1,3,1,70,5,1,2,00,2,8,1,200900056821B02,7,17,1
200900056825,2009-08-22,2009,août,samedi,20:00,77,77158,0,0,1,1,2,1,1,3,2,02,1,1,054,000,1,0,1,3,1,56,5,1,2,00,0,4,2,200900056825B02,7,2,1
200900056835,2009-08-28,2009,août,vendredi,17:45,77,77186,0,0,1,1,5,1,1,3,2,01,1,1,000,000,1,0,1,3,1,36,5,1,2,00,2,4,1,200900056835C01,7,1,2
200900056848,2009-08-28,2009,août,vendredi,16:10,77,77296,0,0,1,1,3,1,1,4,2,02,1,3,000,061,1,0,1,4,2,55,5,1,9,00,2,8,1,200900056848C01,33,19,1
200900056856,2009-08-11,2009,août,mardi,19:10,77,77373,0,0,2,1,3,1,1,6,-1,00,1,1,000,000,1,0,1,4,1,10,5,1,9,00,2,1,0,200900056856A01,7,2,1
200900056877,2009-08-08,2009,août,samedi,14:40,13,13005,0,0,2,1,2,1,1,2,2,02,1,-1,000,087,1,0,1,3,1,14,5,1,9,00,2,4,1,200900056877B01,34,1,1
200900056959,2009-08-29,2009,août,samedi,92:9,13,13028,0.00004,0,2,6,6,1,1,3,1,02,1,2,000,089,1,0,1,3,1,71,5,1,2,00,2,0,1,200900056959B01,7,9,1
200900057019,2009-08-19,2009,août,mercredi,20:40,13,13212,0,0,2,2,3,1,1,4,2,00,1,-1,000,087,1,0,1,4,1,37,5,1,2,00,0,2,0,200900057019B01,7,16,1
200900057218,2009-09-30,2009,septembre,mercredi,15:15,13,13039,0,0,2,3,3,1,1,4,2,02,1,1,000,030,1,0,1,4,1,11,5,1,2,00,2,9,1,200900057218A01,7,16,1
200900057251,2009-09-10,2009,septembre,jeudi,18:05,13,13215,0,0,2,1,1,1,1,4,3,02,-1,1,000,070,1,0,1,3,1,14,5,1,2,00,2,1,19,200900057251B01,10,1,1
200900057255,2009-09-21,2009,septembre,lundi,12:45,13,13211,0,0,2,3,1,1,1,4,2,02,1,1,000,078,1,0,1,4,1,37,5,1,2,00,0,1,1,200900057255B01,7,15,1
200900057292,2009-09-03,2009,septembre,jeudi,15:45,13,13204,0,0,2,1,3,1,1,4,2,02,1,1,000,050,1,0,1,4,2,30,0,1,2,00,0,6,13,200900057292B01,7,1,1
200900057344,2009-09-09,2009,septembre,mercredi,16:50,13,13055,0,0,2,1,6,1,1,4,1,01,1,1,000,000,1,0,1,4,1,12,5,1,9,01,2,4,9,200900057344B01,37,1,1
200900057431,2009-09-25,2009,septembre,vendredi,72:0,13,13004,0,0,2,2,2,1,1,4,2,02,1,2,000,000,1,0,1,4,2,59,1,1,9,00,2,6,1,200900057431B01,7,1,1
200900057446,2009-09-10,2009,septembre,jeudi,19:40,13,13004,0,0,2,2,3,1,1,4,2,02,1,1,000,112,1,0,1,4,1,52,1,1,9,00,2,8,19,200900057446B01,30,16,1
200900057448,2009-09-09,2009,septembre,mercredi,12:40,13,13004,0,0,2,1,3,1,1,4,2,02,1,1,000,000,1,0,1,4,1,41,0,1,2,00,2,3,1,200900057448B01,7,20,1
200900057472,2009-09-17,2009,septembre,jeudi,13:50,13,13055,0,0,2,1,3,1,1,2,2,02,1,1,000,070,1,0,1,3,1,61,5,1,9,00,2,8,1,200900057472B01,7,0,1
200900057477,2009-09-04,2009,septembre,vendredi,19:00,13,13055,0,0,2,1,2,1,1,4,1,00,2,1,000,000,1,0,1,3,1,37,0,1,8,00,0,4,2,200900057477A01,7,2,1
200900057525,2009-09-12,2009,septembre,samedi,22:50,13,13102,0,0,2,1,1,5,1,4,2,02,1,1,000,065,1,0,1,3,1,17,0,1,4,00,2,4,2,200900057525A01,7,1,1
200900057545,2009-11-24,2009,novembre,mardi,14:00,81,81065,0,0,2,2,3,1,1,3,1,01,1,1,000,050,1,0,1,3,1,83,5,1,9,00,0,8,1,200900057545B01,7,1,1
200900057652,2009-10-06,2009,octobre,mardi,20:00,13,13106,0.00004,0,2,1,1,5,1,2,2,00,-1,3,000,070,1,0,1,3,2,30,1,1,2,00,2,1,1,200900057652B02,14,5,1
200900057751,2009-10-23,2009,octobre,vendredi,17:30,13,13212,0,0,2,1,3,1,1,4,3,03,4,1,011,116,1,0,1,3,1,15,5,1,8,00,2,1,1,200900057751B01,7,15,1
200900057795,2009-10-15,2009,octobre,jeudi,18:35,13,13055,0,0,2,2,6,2,1,4,-1,02,-1,-1,000,000,-1,0,0,4,2,90,0,1,9,00,1,1,9,200900057795A01,,,
200900057795,2009-10-15,2009,octobre,jeudi,18:35,13,13055,0,0,2,2,6,2,1,4,-1,02,-1,-1,000,000,-1,0,0,1,1,15,5,1,9,00,1,1,9,200900057795A01,,,
200900057850,2009-10-26,2009,octobre,lundi,13:05,13,13201,0,0,2,1,3,1,1,4,2,03,1,1,000,000,1,0,1,3,1,46,0,1,2,00,2,1,17,200900057850A01,33,19,1
200900057942,2009-10-02,2009,octobre,vendredi,11:15,13,13071,0,0,2,6,3,1,1,4,2,02,1,1,000,035,1,0,1,4,1,19,1,1,2,00,2,1,1,200900057942B01,7,9,1
200900057965,2009-11-26,2009,novembre,jeudi,14:00,13,13066,0.00004,0,1,1,1,1,1,3,2,02,1,1,000,000,1,0,1,3,1,75,5,1,2,00,2,8,1,200900057965A01,17,1,1
200900058001,2009-11-09,2009,novembre,lundi,94:9,13,13028,0.00004,0,2,6,3,1,1,3,1,02,1,2,000,075,1,5,1,3,2,36,0,1,2,00,2,8,2,200900058001B01,7,16,1
200900058007,2009-11-20,2009,novembre,vendredi,16:10,13,13004,0,0,2,1,6,1,1,4,2,02,2,1,000,080,1,0,1,4,1,16,1,1,2,00,2,4,2,200900058007A01,7,2,1
200900058152,2009-11-24,2009,novembre,mardi,14:00,13,13201,0,0,2,2,1,1,1,4,1,02,2,1,025,025,1,0,1,3,2,21,0,1,2,00,2,1,1,200900058152A01,7,1,1
200900058172,2009-11-12,2009,novembre,jeudi,10:00,13,13216,0,0,2,1,6,1,1,4,1,03,1,2,000,124,1,0,1,3,1,45,0,1,1,00,0,0,2,200900058172B01,7,2,1
200900058229,2009-11-15,2009,novembre,dimanche,14:45,13,13213,0,0,2,1,3,1,1,4,1,01,1,-1,000,030,1,0,1,3,1,15,0,1,2,00,2,1,0,200900058229A01,7,1,1
200900058242,2009-11-06,2009,novembre,vendredi,17:50,13,13001,0,0,2,6,3,1,1,9,2,02,1,1,000,000,1,0,1,4,1,59,1,1,9,00,2,7,1,200900058242B01,7,1,1
200900058248,2009-11-19,2009,novembre,jeudi,13:30,13,13047,0,0,2,1,3,1,1,4,3,02,1,1,000,074,1,0,1,4,1,77,0,1,2,00,2,0,19,200900058248B01,7,1,1
200900058342,2009-12-11,2009,décembre,vendredi,12:25,13,13208,0,0,2,1,2,1,1,4,2,06,1,1,000,180,1,0,1,4,1,51,5,1,9,00,2,8,19,200900058342B01,7,4,1
200900058427,2009-12-27,2009,décembre,dimanche,91:0,13,13055,0,0,2,1,2,1,1,4,2,02,3,1,000,064,1,0,1,4,1,49,5,1,2,00,2,4,1,200900058427B01,7,1,1
200900058471,2009-12-05,2009,décembre,samedi,18:10,13,13209,0,0,2,1,3,5,1,4,2,04,2,1,000,138,1,0,1,3,1,45,5,1,2,00,2,3,1,200900058471B01,7,15,1
200900058525,2009-12-04,2009,décembre,vendredi,90:0,13,13047,0,0,2,6,3,1,1,4,1,02,1,3,000,082,1,0,1,4,1,69,5,1,2,00,2,1,16,200900058525B01,7,9,1
200900058593,2009-10-26,2009,octobre,lundi,91:5,34,34332,0.00004,0,1,1,1,1,1,3,2,03,1,1,000,120,1,0,1,3,1,61,5,1,1,00,2,0,1,200900058593B02,10,17,1
200900058604,2009-10-29,2009,octobre,jeudi,14:30,34,34298,0,0,2,1,3,1,1,4,2,02,1,1,000,060,1,0,1,3,2,15,5,1,1,00,2,1,19,200900058604A01,7,1,1
200900058653,2009-10-01,2009,octobre,jeudi,95:0,34,34003,0,0,1,1,2,1,1,4,3,03,1,1,000,072,1,0,1,4,2,64,5,1,9,00,2,4,1,200900058653B01,7,11,1
200900058707,2009-11-13,2009,novembre,vendredi,17:15,34,34172,0.00004,0,2,3,3,5,8,4,2,02,1,1,000,060,2,5,1,4,2,47,1,1,4,00,2,8,2,200900058707B01,7,1,1
200900058721,2009-11-12,2009,novembre,jeudi,74:0,34,34032,0.00004,0,2,1,6,1,1,4,-1,02,-1,-1,000,075,-1,0,1,4,2,12,0,1,2,00,0,1,0,200900058721B01,7,0,1
200900058728,2009-11-07,2009,novembre,samedi,14:50,34,34032,0.00004,0,2,1,7,1,1,4,-1,02,-1,-1,000,075,-1,0,0,4,1,4,0,1,2,00,2,0,0,200900058728A01,7,0,1
200900058742,2009-11-20,2009,novembre,vendredi,13:00,34,34038,0.00004,0,2,1,6,1,1,4,2,02,2,2,000,030,1,0,1,3,1,9,0,1,1,06,0,1,14,200900058742A01,,,
200900058766,2009-12-25,2009,décembre,vendredi,10:45,34,34310,0.00004,0,1,1,3,1,7,3,2,00,-1,1,000,075,1,0,5,3,1,52,5,1,2,00,2,8,1,200900058766B02,7,1,1
200900058778,2009-12-15,2009,décembre,mardi,15:15,34,34174,0.00004,0,1,1,6,1,1,3,2,02,-1,1,000,000,1,0,1,2,1,46,5,1,8,00,0,4,1,200900058778B02,7,1,1
200900058778,2009-12-15,2009,décembre,mardi,15:15,34,34174,0.00004,0,1,1,6,1,1,3,2,02,-1,1,000,000,1,0,1,3,1,40,5,1,8,00,0,4,1,200900058778C03,7,1,1
200900058825,2009-12-26,2009,décembre,samedi,30:,34,34301,0.00004,0,2,1,3,5,1,4,2,02,1,1,000,060,1,0,1,3,1,16,9,1,9,00,2,1,15,200900058825A01,7,1,1
200900058882,2009-08-05,2009,août,mercredi,16:00,06,06088,0,0,2,1,6,1,1,4,3,05,1,1,000,000,1,0,1,1,1,32,0,1,9,00,1,1,0,200900058882A01,,,
200900058922,2009-08-14,2009,août,vendredi,11:30,06,06088,0,0,2,1,3,1,1,4,2,06,1,1,000,000,1,0,1,4,1,32,0,1,2,00,2,1,1,200900058922B01,10,16,1
200900058927,2009-08-13,2009,août,jeudi,15:30,06,06088,0,0,2,3,3,1,1,4,1,03,1,1,000,000,1,0,1,4,1,70,0,1,2,00,2,0,15,200900058927B01,10,15,1
200900058928,2009-08-09,2009,août,dimanche,17:45,06,06088,0,0,2,1,7,1,1,4,1,01,1,1,000,000,1,0,1,4,1,20,0,1,9,00,2,8,14,200900058928B01,7,17,1
200900058990,2009-08-28,2009,août,vendredi,12:30,06,06069,0,0,2,1,7,1,1,3,2,02,2,1,000,000,1,0,1,4,1,53,4,1,2,00,0,0,0,200900058990A01,,,
200900058993,2009-08-19,2009,août,mercredi,17:05,06,06069,0,0,2,1,3,1,1,4,2,02,-1,-1,000,000,1,0,1,4,2,14,5,1,9,00,0,8,1,200900058993B01,7,17,1
200900058993,2009-08-19,2009,août,mercredi,17:05,06,06069,0,0,2,1,3,1,1,4,2,02,-1,-1,000,000,1,0,1,4,2,14,5,1,9,00,0,8,1,200900058993B01,7,17,1
200900058999,2009-08-16,2009,août,dimanche,20:30,06,06069,0,0,2,1,7,1,1,4,2,02,1,4,000,000,-1,0,1,4,1,46,0,1,9,00,0,0,0,200900058999A01,,,
200900059029,2009-08-31,2009,août,lundi,10:15,06,06088,0,0,2,1,2,1,1,4,2,03,1,1,000,076,1,0,1,4,1,56,5,1,2,00,2,6,1,200900059029B01,31,1,1
200900059033,2009-08-22,2009,août,samedi,10:20,06,06088,0,0,2,2,6,1,1,4,2,02,1,1,000,000,1,0,1,4,2,54,0,1,4,00,2,4,0,200900059033B01,7,1,1
200900059040,2009-08-21,2009,août,vendredi,13:15,06,06088,0,0,2,1,6,1,2,4,2,02,1,1,000,065,2,0,2,4,1,13,5,1,2,02,0,0,0,200900059040A01,,,
200900059041,2009-08-19,2009,août,mercredi,14:40,06,06088,0,0,2,1,1,1,1,4,2,02,2,2,000,070,1,0,1,4,1,14,5,1,9,00,2,1,0,200900059041A01,7,1,1
200900059044,2009-08-22,2009,août,samedi,15:15,06,06088,0,0,2,1,3,1,1,4,1,02,1,1,000,080,1,0,1,3,1,62,5,1,2,00,2,4,0,200900059044B01,7,1,1
200900059064,2009-08-14,2009,août,vendredi,12:20,06,06029,0,0,2,1,6,1,1,4,-1,02,1,1,000,080,-1,0,1,4,1,63,0,1,9,00,2,1,0,200900059064B01,7,0,1
200900059078,2009-08-28,2009,août,vendredi,12:15,06,06123,0,0,2,1,2,1,1,4,3,05,1,1,000,000,1,0,1,4,2,38,5,1,2,00,2,4,1,200900059078B01,7,14,1
200900059079,2009-08-08,2009,août,samedi,12:15,06,06027,0,0,2,3,3,1,1,4,2,04,1,1,000,000,1,0,1,4,1,79,5,1,2,00,2,8,1,200900059079B01,7,16,1
200900059108,2009-04-27,2009,avril,lundi,12:10,69,69388,0,0,2,1,2,1,1,4,2,02,1,3,019,073,1,0,1,4,2,57,1,1,2,00,2,1,1,200900059108A01,7,23,1
200900059110,2009-04-30,2009,avril,jeudi,19:20,69,69388,0,0,2,1,3,1,1,4,2,02,1,1,000,064,1,0,1,1,1,16,5,1,9,00,2,8,15,200900059110A01,32,1,1
200900059111,2009-05-15,2009,mai,vendredi,15:15,69,69388,0,0,2,1,3,1,2,4,2,01,1,1,025,107,2,0,1,4,1,16,2,1,9,00,0,1,13,200900059111A01,7,2,1
200900059130,2009-12-11,2009,décembre,vendredi,12:20,87,87085,0,0,2,2,6,1,1,4,2,03,1,1,000,180,1,0,1,4,1,24,5,1,2,00,2,7,15,200900059130B01,37,15,1
200900059180,2009-11-18,2009,novembre,mercredi,18:10,40,40192,0,0,2,1,3,3,1,3,2,02,1,1,000,085,1,0,1,3,1,57,5,1,4,00,2,1,1,200900059180B02,7,15,1
200900059207,2009-11-09,2009,novembre,lundi,10:30,22,22228,0.00004,NaN,2,6,3,1,1,3,-1,02,1,-1,000,000,2,0,1,3,1,63,5,1,1,00,2,2,1,200900059207A01,10,9,1
200900059209,2009-11-27,2009,novembre,vendredi,15:45,22,22237,0,0,1,3,3,1,1,4,2,02,3,1,000,000,1,0,1,3,1,14,9,1,9,00,2,3,15,200900059209B02,7,1,1
200900059260,2009-06-29,2009,juin,lundi,19:40,69,69266,0,0,2,1,2,1,1,4,1,02,1,1,000,062,1,0,1,4,1,18,5,1,9,00,2,4,1,200900059260B01,10,1,1
200900059300,2009-09-10,2009,septembre,jeudi,15:15,69,69386,0,0,2,1,2,1,1,4,3,06,1,2,000,000,1,0,1,4,1,15,2,1,2,00,2,1,2,200900059300A01,7,2,1
200900059309,2009-09-21,2009,septembre,lundi,16:44,69,69388,0,0,2,1,3,1,1,4,2,02,1,1,000,180,1,0,1,3,1,44,4,1,2,01,0,1,1,200900059309B01,7,22,1
200900059314,2009-09-24,2009,septembre,jeudi,20:10,69,69382,0,0,2,1,3,5,1,9,2,03,1,1,178,150,1,0,1,3,1,45,0,1,9,00,2,2,2,200900059314A01,7,2,1
200900059320,2009-08-02,2009,août,dimanche,14:40,36,36044,0,0,2,6,2,1,1,4,1,02,1,2,000,080,1,0,1,4,2,46,5,1,9,00,2,4,2,200900059320B01,7,2,1
200900059323,2009-12-08,2009,décembre,mardi,19:00,56,56162,0,0,2,1,1,5,2,4,2,02,1,1,000,000,2,0,1,4,2,52,4,1,9,00,2,1,13,200900059323B01,7,15,1
200900059358,2009-12-02,2009,décembre,mercredi,17:45,56,56101,0.00004,NaN,2,1,3,5,8,3,2,00,1,1,000,060,2,0,1,3,1,12,5,1,2,00,0,2,19,200900059358A01,7,1,1
200900059361,2009-12-18,2009,décembre,vendredi,15:45,56,56206,0.00004,NaN,2,1,3,1,1,3,2,02,2,1,000,000,2,6,1,3,1,13,5,1,2,00,2,8,19,200900059361B02,7,1,1
200900059381,2009-08-22,2009,août,samedi,16:45,92,92051,0,0,2,1,3,1,1,4,2,00,1,1,000,000,1,0,1,4,2,43,5,1,9,00,2,1,1,200900059381B01,7,22,1
200900059384,2009-08-06,2009,août,jeudi,18:02,69,69266,0,0,2,1,6,1,1,4,1,01,1,1,000,000,1,0,1,4,1,23,0,1,2,00,2,1,1,200900059384B01,7,4,1
200900059412,2009-11-25,2009,novembre,mercredi,12:55,36,36044,0.00004,0,2,1,2,1,2,4,3,02,1,1,012,115,2,0,1,3,1,87,5,1,4,01,2,1,1,200900059412A01,7,23,1
200900059456,2009-08-30,2009,août,dimanche,19:50,69,69275,0,0,1,3,3,1,1,4,2,02,2,1,040,060,1,0,5,4,1,17,5,1,2,00,2,0,0,200900059456B01,7,0,1
200900059482,2009-01-09,2009,janvier,vendredi,19:05,76,76178,0,0,2,3,3,5,1,4,2,00,1,1,000,060,1,5,1,3,1,15,5,1,4,00,2,6,15,200900059482A01,7,1,1
200900059516,2009-01-28,2009,janvier,mercredi,22:00,76,76540,0,0,2,1,6,5,1,4,2,00,1,1,000,000,1,0,1,1,1,29,0,1,2,09,1,1,1,200900059516A01,,,
200900059548,2009-12-05,2009,décembre,samedi,16:20,21,21231,0,0,2,1,2,1,1,4,3,03,1,2,000,140,1,0,1,4,1,23,5,1,2,00,2,8,13,200900059548A01,7,1,1
200900059550,2009-12-02,2009,décembre,mercredi,20:24,21,21231,0,0,2,2,1,5,1,4,2,03,1,1,000,092,2,5,1,3,2,17,5,1,2,00,2,8,1,200900059550B01,7,15,1
200900059551,2009-12-08,2009,décembre,mardi,19:45,21,21231,0,0,2,2,3,5,8,4,1,01,1,1,000,056,2,0,1,3,2,20,5,1,2,00,2,2,1,200900059551B01,7,1,1
200900059593,2009-09-19,2009,septembre,samedi,10:40,69,69388,0,0,2,2,3,1,1,4,2,02,1,1,000,080,1,0,1,4,2,66,5,1,9,00,2,8,5,200900059593A01,7,16,1
200900059599,2009-09-27,2009,septembre,dimanche,21:5,69,69382,0,0,2,2,3,5,1,4,1,01,1,1,000,000,1,0,1,4,2,23,5,1,2,00,2,1,9,200900059599B01,7,0,1
200900059602,2009-09-27,2009,septembre,dimanche,19:20,69,69199,0,0,2,2,3,2,1,4,2,03,1,1,000,100,1,0,1,4,1,13,0,1,9,00,2,1,19,200900059602B01,7,1,1
200900059615,2009-05-29,2009,mai,vendredi,19:10,18,18279,0,0,2,3,3,1,1,4,2,02,1,-1,000,000,1,0,1,3,1,16,0,1,2,00,2,1,1,200900059615A01,7,1,1
200900059666,2009-10-30,2009,octobre,vendredi,10:40,51,51454,0.00004,0,2,6,3,1,1,4,2,02,1,1,000,100,1,0,1,4,2,30,4,1,4,00,0,0,1,200900059666B01,7,1,1
200900059751,2009-09-28,2009,septembre,lundi,16:45,77,77379,0,0,2,3,3,1,1,3,1,00,1,2,070,090,1,0,1,4,2,14,2,1,2,00,2,2,21,200900059751B01,7,15,1
200900059758,2009-09-10,2009,septembre,jeudi,18:50,77,77108,0,0,2,2,3,1,1,4,2,02,1,1,000,061,1,0,1,4,1,11,3,1,9,00,2,0,0,200900059758A01,7,1,1
200900059770,2009-09-03,2009,septembre,jeudi,62:0,77,77350,0,0,2,2,1,5,1,4,2,01,1,1,000,050,1,0,1,4,1,66,5,1,2,00,2,1,1,200900059770B01,7,15,1
200900059774,2009-09-30,2009,septembre,mercredi,21:5,77,77014,0,0,2,1,6,5,1,4,1,01,2,3,000,054,1,0,1,3,1,38,5,1,2,01,0,1,1,200900059774A01,,,
200900059775,2009-09-23,2009,septembre,mercredi,19:45,77,77350,0,0,2,1,6,5,1,3,2,02,1,1,000,000,1,0,1,3,1,12,0,1,2,00,2,1,19,200900059775B01,7,1,1
200900059806,2009-10-01,2009,octobre,jeudi,16:45,77,77406,0,0,1,1,2,1,1,3,2,02,1,1,000,070,1,0,1,3,2,43,1,1,1,00,2,4,15,200900059806B02,7,1,1
200900059810,2009-10-03,2009,octobre,samedi,21:00,77,77107,0,0,1,4,1,3,1,3,2,02,3,3,000,071,1,0,1,3,1,40,5,1,4,00,2,8,16,200900059810B02,3,15,1
200900059817,2009-10-17,2009,octobre,samedi,16:45,77,77219,0,0,2,1,1,1,2,4,-1,02,1,-1,000,000,2,0,1,4,1,38,5,1,2,00,0,1,13,200900059817B02,7,1,1
200900059825,2009-10-22,2009,octobre,jeudi,16:30,77,77142,0,0,2,2,1,1,1,3,-1,00,-1,-1,000,000,-1,0,0,4,2,51,1,1,1,00,0,3,2,200900059825B02,15,2,1
200900059887,2009-10-19,2009,octobre,lundi,74:0,77,77514,0,0,2,1,6,2,1,3,2,01,1,4,000,070,1,0,1,1,1,16,2,1,4,00,1,1,1,200900059887A01,,,
200900059894,2009-10-06,2009,octobre,mardi,63:5,77,77121,0,0,2,1,6,1,1,4,-1,00,1,1,000,060,1,0,1,4,1,34,0,1,9,00,2,1,1,200900059894B01,7,9,1
200900059954,2009-11-30,2009,novembre,lundi,70:0,77,77305,0,0,2,7,3,2,2,3,1,06,1,-1,000,000,2,0,1,4,1,37,1,1,9,00,0,4,1,200900059954B01,7,2,1
200900059965,2009-11-13,2009,novembre,vendredi,15:20,77,77249,0,0,2,1,3,1,1,4,2,02,1,1,000,000,1,0,1,3,2,68,5,1,9,00,2,8,2,200900059965B01,7,2,1
200900060008,2009-12-28,2009,décembre,lundi,16:30,77,77118,0,0,1,1,2,1,1,3,2,01,2,1,000,050,2,0,1,3,1,61,0,1,2,00,0,4,2,200900060008B01,7,2,1
200900060010,2009-12-17,2009,décembre,jeudi,63:0,77,77390,0,0,2,3,3,5,4,3,2,02,1,2,000,000,5,0,1,3,1,59,0,1,2,00,2,2,0,200900060010A01,99,2,1
200900060011,2009-05-01,2009,mai,vendredi,17:00,78,78029,0.00004,0,2,2,1,1,1,4,1,00,1,1,000,000,1,0,1,4,1,18,0,1,2,00,2,1,5,200900060011A01,7,1,1
200900060012,2009-05-09,2009,mai,samedi,11:30,78,78615,0.00004,0,1,1,3,1,1,4,2,00,1,1,000,000,1,0,1,3,1,65,5,1,2,00,2,1,1,200900060012B01,7,9,1
200900060014,2009-05-25,2009,mai,lundi,17:15,78,78172,0.00004,0,2,3,3,1,1,4,2,00,1,1,000,000,1,0,1,4,2,62,3,1,2,00,2,7,15,200900060014B01,14,1,1
200900060045,2009-12-07,2009,décembre,lundi,17:00,37,37261,0,0,2,1,3,2,1,4,1,02,1,1,000,070,1,0,1,4,1,15,2,1,2,00,2,1,19,200900060045A01,7,1,1
200900060061,2009-12-21,2009,décembre,lundi,15:48,37,37261,0,0,2,1,6,1,1,4,-1,00,-1,-1,000,000,1,0,4,1,1,15,0,1,9,00,1,0,0,200900060061A01,,,
200900060067,2009-12-11,2009,décembre,vendredi,13:57,37,37261,0,0,2,1,6,1,1,4,-1,00,1,1,000,000,1,0,1,3,1,66,0,1,9,00,0,0,0,200900060067A01,,,
200900060069,2009-12-09,2009,décembre,mercredi,60:0,37,37122,0,0,2,3,3,5,2,4,2,02,1,1,000,080,2,0,1,4,1,19,1,1,4,00,2,1,15,200900060069A01,7,1,1
200900060073,2009-12-16,2009,décembre,mercredi,15:20,37,37261,0,0,2,2,6,1,1,4,-1,00,-1,-1,000,000,-1,0,1,4,1,64,0,1,9,00,2,0,0,200900060073B01,16,0,1
200900060091,2009-12-15,2009,décembre,mardi,94:5,22,22113,0,0,2,1,1,1,8,4,2,00,1,1,000,050,2,0,1,4,1,56,5,1,2,00,2,1,1,200900060091B01,7,13,1
200900060101,2009-12-17,2009,décembre,jeudi,16:45,22,22093,0.00004,NaN,2,6,2,1,8,4,2,02,2,1,000,060,1,5,1,3,1,25,5,1,2,00,2,1,1,200900060101B02,38,1,1
200900060113,2009-12-03,2009,décembre,jeudi,11:15,22,22261,0,0,2,1,2,1,2,4,2,02,1,1,000,060,2,0,1,3,2,58,5,1,2,00,2,4,1,200900060113B02,7,2,1
200900060124,2009-12-25,2009,décembre,vendredi,16:15,22,22047,0,0,2,3,3,1,7,3,2,02,1,2,000,057,1,0,1,3,1,50,5,1,2,00,2,8,1,200900060124B02,7,15,1
200900060182,2009-10-13,2009,octobre,mardi,15:50,69,69386,0,0,2,1,6,1,1,4,1,01,1,1,000,000,1,0,1,1,1,22,0,1,9,00,1,1,1,200900060182A01,,,
200900060186,2009-10-14,2009,octobre,mercredi,13:40,69,69383,0,0,2,2,6,1,1,4,2,03,1,1,000,000,1,0,1,4,1,22,2,1,2,00,1,1,1,200900060186A01,,,
200900060188,2009-10-14,2009,octobre,mercredi,18:00,69,69149,0,0,2,3,2,1,1,3,2,02,3,1,000,102,1,0,1,4,2,54,1,1,9,00,2,4,1,200900060188B01,7,16,1
200900060324,2009-10-13,2009,octobre,mardi,13:30,69,69282,0,0,2,1,6,1,1,4,2,02,1,-1,000,056,1,0,4,4,1,13,2,1,9,00,0,6,23,200900060324B01,30,0,1
200900060336,2009-10-15,2009,octobre,jeudi,18:10,69,69266,0,0,2,1,3,2,1,4,2,02,1,1,000,080,1,0,1,4,1,23,5,1,2,00,2,8,15,200900060336A01,7,1,1
200900060340,2009-10-26,2009,octobre,lundi,16:20,69,69266,0,0,2,2,3,1,1,4,2,02,1,1,000,082,1,5,1,4,1,81,3,1,2,00,2,8,1,200900060340B01,7,15,1
200900060348,2009-10-10,2009,octobre,samedi,25:5,69,69381,0,0,2,1,2,5,2,4,2,04,1,1,000,000,2,2,1,4,1,18,5,1,9,00,2,4,1,200900060348A01,7,1,1
200900060360,2009-10-29,2009,octobre,jeudi,21:40,69,69381,0,0,2,1,1,5,1,4,2,02,2,2,000,072,1,0,1,4,1,15,5,1,2,01,2,1,21,200900060360A01,7,0,1
200900060361,2009-10-02,2009,octobre,vendredi,80:0,69,69266,0,0,2,1,2,1,1,4,2,02,1,1,000,085,1,0,1,4,1,22,2,1,9,00,2,1,18,200900060361B01,10,20,1
200900060370,2009-10-15,2009,octobre,jeudi,10:20,69,69388,0,0,2,2,3,1,1,4,1,01,1,1,000,000,1,0,0,4,2,32,4,1,9,00,2,8,1,200900060370B01,7,1,1
200900060371,2009-10-21,2009,octobre,mercredi,10:45,69,69387,0,0,2,3,3,1,8,4,2,02,1,1,000,080,1,0,1,4,2,10,5,1,2,00,2,1,1,200900060371B01,10,1,1
200900060373,2009-10-04,2009,octobre,dimanche,50:,69,69387,0,0,2,1,3,5,1,4,1,00,1,1,000,000,1,2,1,4,1,19,5,1,2,00,2,1,16,200900060373A01,7,16,1