Num_Acc,date,an,mois,jour,hrmn,dep,com,lat,long,agg,int,col,lum,atm,catr,circ,nbv,prof,plan,lartpc,larrout,surf,infra,situ,grav,sexe,age,trajet,secuexist,equipement,obs,obsm,choc,manv,vehiculeid,typevehicules,manoeuvehicules,numVehicules
200900060373,2009-10-04,2009,octobre,dimanche,50:,69,69387,0,0,2,1,3,5,1,4,1,00,1,1,000,000,1,2,1,1,2,16,5,1,2,00,2,1,16,200900060373A01,7,16,1
200900060383,2009-10-03,2009,octobre,samedi,16:20,18,18279,0,0,2,1,3,1,1,4,2,00,2,1,000,070,1,0,1,4,1,8,5,1,8,00,2,8,19,200900060383B01,7,1,1
200900060390,2009-09-05,2009,septembre,samedi,13:02,68,68224,0,0,2,3,3,1,1,4,2,02,1,1,000,000,1,0,1,3,1,31,5,1,2,00,2,1,1,200900060390B01,7,15,1
200900060400,2009-09-04,2009,septembre,vendredi,93:5,68,68112,0,0,2,3,1,1,1,3,2,02,2,1,000,074,1,0,1,3,1,62,5,1,9,00,2,1,5,200900060400A01,7,15,1
200900060401,2009-09-03,2009,septembre,jeudi,60:4,68,68066,0,0,2,2,6,5,1,3,1,02,1,1,000,110,1,0,1,4,1,52,1,1,2,14,0,1,1,200900060401A01,,,
200900060402,2009-09-30,2009,septembre,mercredi,15:21,68,68066,0,0,2,1,3,1,1,3,2,02,1,1,000,090,1,0,5,4,1,16,5,1,2,00,2,1,1,200900060402B01,7,15,1
200900060404,2009-09-01,2009,septembre,mardi,10:26,68,68066,0,0,2,2,3,1,1,3,2,02,1,1,000,130,1,0,1,3,2,64,5,1,2,00,0,1,1,200900060404B01,7,1,1
200900060406,2009-09-04,2009,septembre,vendredi,81:0,68,68066,0,0,2,1,2,1,1,4,2,02,1,1,000,084,1,0,1,4,2,40,2,1,2,00,2,1,1,200900060406B01,7,22,1
200900060409,2009-09-09,2009,septembre,mercredi,75:0,68,68066,0,0,2,2,3,1,1,4,2,02,1,1,000,107,1,0,5,4,2,57,1,1,2,00,2,1,1,200900060409B01,10,1,1
200900060421,2009-09-05,2009,septembre,samedi,15:15,68,68241,0.00004,0,2,2,6,1,1,3,2,02,1,1,000,043,1,5,1,1,2,38,0,1,1,00,0,8,19,200900060421B02,7,1,1
200900060421,2009-09-05,2009,septembre,samedi,15:15,68,68241,0.00004,0,2,2,6,1,1,3,2,02,1,1,000,043,1,5,1,3,1,82,5,1,2,00,0,8,19,200900060421B02,7,1,1
200900060443,2009-10-27,2009,octobre,mardi,16:00,68,68135,0,0,2,4,3,1,7,3,2,02,-1,1,,,1,0,0,3,1,44,5,1,2,00,2,1,1,200900060443A01,7,15,1
200900060461,2009-10-29,2009,octobre,jeudi,83:0,68,68233,0.00004,0,2,1,3,1,7,3,2,02,1,1,000,060,1,0,1,2,2,75,5,1,9,00,2,8,0,200900060461B02,7,17,1
200900060476,2009-10-10,2009,octobre,samedi,14:30,68,68112,0,0,2,1,3,1,1,3,2,02,1,1,000,063,1,0,1,4,1,50,9,1,2,00,2,1,2,200900060476B01,7,17,1
200900060490,2009-10-02,2009,octobre,vendredi,11:45,68,68224,0,0,2,3,6,1,1,3,2,02,1,1,000,000,1,0,0,1,1,54,1,1,9,00,1,1,1,200900060490A01,,,
200900060498,2009-10-09,2009,octobre,vendredi,15:13,68,68066,0,0,2,2,3,1,1,3,2,02,1,1,000,102,1,0,1,3,1,80,5,1,2,00,2,1,1,200900060498B01,7,16,1
200900060499,2009-10-09,2009,octobre,vendredi,17:25,68,68224,0,0,2,2,3,1,1,4,2,02,1,1,000,080,1,5,1,4,1,5,5,1,9,00,2,1,9,200900060499A01,7,1,1
200900060500,2009-10-10,2009,octobre,samedi,93:8,68,68224,0,0,2,3,3,1,1,4,2,02,1,1,000,076,2,0,1,4,1,8,0,1,9,00,2,8,19,200900060500B01,7,1,1
200900060511,2009-12-02,2009,décembre,mercredi,70:0,28,28209,0.00004,0,2,1,2,2,1,3,-1,01,1,1,000,070,1,0,1,4,1,54,0,1,4,00,2,0,0,200900060511B01,7,0,1
200900060559,2009-12-09,2009,décembre,mercredi,17:30,30,30254,0.00004,0,1,1,1,2,1,3,2,00,1,3,000,045,1,0,1,3,1,16,5,1,2,00,2,1,1,200900060559A01,7,1,1
200900060567,2009-12-12,2009,décembre,samedi,11:45,30,30295,0.00004,0,1,1,6,1,6,3,2,02,2,2,000,000,1,0,3,3,1,63,5,1,2,13,0,1,1,200900060567A01,,,
200900060580,2009-12-01,2009,décembre,mardi,83:0,30,30007,0,0,2,1,3,1,1,4,2,02,1,1,000,000,1,0,1,4,1,78,5,1,9,00,2,1,1,200900060580B01,7,9,1
200900060622,2009-12-08,2009,décembre,mardi,12:10,30,30007,0,0,2,1,3,1,1,4,2,02,1,1,000,098,1,0,1,3,1,36,5,1,9,00,2,1,1,200900060622B01,7,15,1
200900060636,2009-12-29,2009,décembre,mardi,11:15,30,30243,0,0,2,1,3,1,1,3,2,02,1,1,000,000,-1,0,1,4,1,79,0,1,9,00,2,0,1,200900060636B01,7,1,1
200900060668,2009-11-27,2009,novembre,vendredi,18:15,68,68068,0.00004,0,1,1,6,5,1,3,2,00,-1,1,000,061,1,0,3,3,1,44,3,1,1,00,0,4,13,200900060668A01,,,
200900060718,2009-12-27,2009,décembre,dimanche,35:5,74,74010,0,0,1,6,3,5,1,4,1,02,1,1,000,000,1,0,0,3,1,19,1,1,2,00,2,1,1,200900060718B01,7,0,1
200900060730,2009-12-02,2009,décembre,mercredi,12:45,68,68224,0,0,2,3,3,1,1,4,1,01,1,1,000,062,1,0,5,3,2,50,3,1,9,00,2,3,19,200900060730B01,7,9,1
200900060731,2009-12-02,2009,décembre,mercredi,15:01,68,68066,0,0,2,4,3,1,1,3,2,02,1,1,000,092,1,0,1,4,1,37,5,1,2,00,2,1,9,200900060731B01,7,16,1
200900060749,2009-12-21,2009,décembre,lundi,85:5,68,68066,0,0,2,2,3,1,1,3,2,03,1,1,000,160,2,0,1,4,2,37,1,1,2,00,2,7,19,200900060749B01,7,16,1
200900060751,2009-12-22,2009,décembre,mardi,10:37,68,68224,0,0,2,2,3,1,3,4,1,02,1,1,000,094,2,5,1,3,1,83,3,1,9,00,1,8,6,200900060751A01,7,15,1
200900060758,2009-08-07,2009,août,vendredi,18:47,62,62617,0,0,2,1,2,1,1,3,-1,02,1,1,000,000,1,0,1,3,1,37,5,1,9,14,9,1,2,200900060758A01,7,23,1
200900060760,2009-08-10,2009,août,lundi,19:25,62,62427,0,0,2,1,6,1,1,4,2,02,1,1,000,072,1,0,1,3,1,51,5,1,4,00,2,1,1,200900060760B01,7,13,1
200900060773,2009-08-23,2009,août,dimanche,17:15,62,62560,0.00005,0,1,6,1,1,1,3,3,00,1,3,000,000,1,5,1,3,1,50,5,1,2,00,2,8,17,200900060773B02,7,2,1
200900060787,2009-08-17,2009,août,lundi,21:15,62,62183,0,0,2,1,1,1,1,3,2,00,-1,1,000,070,1,0,1,3,1,15,5,1,1,00,2,4,17,200900060787B02,21,1,1
200900060798,2009-08-04,2009,août,mardi,74:5,62,62861,0.00005,0,1,9,2,1,1,2,2,00,2,3,030,080,1,3,1,3,1,65,5,1,2,00,2,4,15,200900060798B02,7,15,1
200900060822,2009-08-30,2009,août,dimanche,15:15,62,62842,0,0,2,1,6,1,1,4,1,02,1,2,000,100,1,5,1,4,2,29,5,1,9,00,2,8,1,200900060822B01,7,16,1
200900060826,2009-08-27,2009,août,jeudi,90:5,62,62215,0,0,2,1,3,1,1,4,2,02,1,1,000,080,1,0,1,4,1,11,5,1,9,00,2,1,9,200900060826B01,7,1,1
200900060851,2009-08-05,2009,août,mercredi,91:0,62,62765,0,0,1,6,2,1,1,3,2,02,1,3,030,077,1,0,1,4,2,56,5,1,2,03,2,4,16,200900060851B01,7,16,1
200900060862,2009-07-16,2009,juillet,jeudi,18:15,62,62014,0,0,2,1,1,1,1,3,2,02,2,1,000,060,1,0,1,3,1,14,5,1,1,00,2,7,15,200900060862B02,7,1,1
200900060871,2009-07-16,2009,juillet,jeudi,18:30,62,62332,0.00005,0,1,1,2,1,1,3,2,00,2,3,068,000,1,0,0,3,1,30,1,1,1,00,2,4,1,200900060871B02,7,1,1
200900060873,2009-07-24,2009,juillet,vendredi,11:30,62,62054,0.00005,0,2,1,1,1,1,4,1,00,2,1,035,000,1,0,1,3,1,28,5,1,2,00,2,1,1,200900060873B02,7,16,1
200900060874,2009-07-19,2009,juillet,dimanche,10:00,62,62273,0,0,2,1,1,1,8,3,2,02,4,2,000,048,2,0,1,3,1,19,5,1,1,00,2,1,1,200900060874B02,7,13,1
200900060884,2009-07-12,2009,juillet,dimanche,12:35,62,62771,0,0,2,1,6,1,1,2,2,02,1,1,030,080,1,0,1,4,1,34,5,1,9,00,2,0,2,200900060884B01,7,2,1
200900060887,2009-07-08,2009,juillet,mercredi,11:00,62,62033,0,0,2,2,3,1,1,4,2,02,1,1,000,070,1,5,1,4,2,12,5,1,9,00,2,8,2,200900060887B01,7,15,1
200900060890,2009-07-01,2009,juillet,mercredi,16:15,62,62907,0,0,2,1,3,1,1,4,2,02,1,3,000,090,1,0,1,4,2,47,1,1,9,00,2,4,19,200900060890B01,7,1,1
200900060907,2009-07-23,2009,juillet,jeudi,16:30,62,62215,0,0,2,2,3,1,1,4,2,02,1,1,000,072,1,5,1,4,2,12,5,1,2,00,2,8,19,200900060907B01,7,1,1
200900060920,2009-07-09,2009,juillet,jeudi,11:45,62,62510,0,0,2,2,3,1,1,4,1,02,1,1,000,127,1,0,1,3,1,16,5,1,2,00,2,1,0,200900060920B01,7,0,1
200900060927,2009-07-20,2009,juillet,lundi,92:0,62,62826,0,0,2,1,7,1,1,4,1,01,1,1,000,059,1,0,1,4,2,64,0,1,4,00,0,0,1,200900060927B01,7,20,1
200900060930,2009-07-23,2009,juillet,jeudi,20:,62,62139,0,0,2,1,1,5,1,3,2,02,2,3,000,480,1,0,0,3,1,30,5,1,9,00,0,0,0,200900060930B01,7,1,1
200900060945,2009-09-26,2009,septembre,samedi,16:40,62,62826,0,0,2,2,3,1,1,4,2,02,1,-1,000,068,1,5,1,4,1,17,5,1,9,00,2,1,19,200900060945B01,7,15,1
200900060949,2009-09-08,2009,septembre,mardi,12:20,62,62178,0,0,2,3,3,1,1,4,1,02,1,1,000,000,1,0,1,4,1,15,0,1,9,00,2,7,19,200900060949A01,7,1,1
200900060954,2009-09-17,2009,septembre,jeudi,13:20,62,62498,0,0,2,1,6,1,1,4,2,03,1,1,000,094,1,0,1,3,2,39,1,1,9,00,9,0,1,200900060954B01,20,17,1
200900060956,2009-09-06,2009,septembre,dimanche,11:50,62,62573,0,0,2,2,3,1,1,3,4,02,1,1,000,120,1,5,1,3,1,45,5,1,9,00,2,1,1,200900060956B01,7,1,1
200900061009,2009-09-27,2009,septembre,dimanche,93:0,62,62724,0,0,2,1,7,1,1,4,2,02,2,3,000,063,1,0,1,3,1,61,5,1,2,00,0,0,1,200900061009A01,,,
200900061014,2009-09-19,2009,septembre,samedi,11:05,62,62224,0,0,2,2,5,1,1,4,2,00,1,1,000,055,1,0,0,3,1,82,5,1,2,00,2,8,1,200900061014C01,7,1,1
200900061014,2009-09-19,2009,septembre,samedi,11:05,62,62224,0,0,2,2,5,1,1,4,2,00,1,1,000,055,1,0,0,4,1,77,5,1,2,00,2,8,1,200900061014B01,7,1,1
200900061034,2009-11-18,2009,novembre,mercredi,17:30,29,29058,0,0,2,1,3,2,8,3,2,00,1,1,000,070,1,0,1,3,2,12,5,1,2,00,2,8,15,200900061034B02,7,17,1
200900061044,2009-11-08,2009,novembre,dimanche,18:20,29,29051,0,0,2,1,6,5,1,3,2,02,1,1,000,000,-1,0,1,3,1,40,0,1,2,00,2,1,1,200900061044B01,7,15,1
200900061078,2009-12-29,2009,décembre,mardi,15:00,29,29054,0,0,1,1,2,1,2,3,2,02,1,1,000,075,2,0,1,3,1,53,5,1,2,00,2,8,1,200900061078A01,7,17,1
200900061103,2009-12-01,2009,décembre,mardi,12:30,29,29260,0.00004,NaN,2,6,3,1,1,4,2,01,1,2,000,000,1,0,1,4,1,62,5,1,2,00,2,1,9,200900061103A01,7,9,1
200900061104,2009-12-06,2009,décembre,dimanche,11:45,29,29113,0.00004,NaN,1,1,1,1,1,3,2,00,1,1,000,070,1,0,1,3,1,73,5,1,2,00,0,4,1,200900061104B02,7,1,1
200900061163,2009-02-18,2009,février,mercredi,82:5,76,76575,0,0,2,1,3,2,1,4,2,02,1,1,000,030,1,0,1,4,1,38,1,1,2,00,2,7,13,200900061163B01,7,1,1
200900061202,2009-11-18,2009,novembre,mercredi,16:30,84,84043,0,0,2,1,1,1,1,4,2,00,-1,-1,000,000,1,0,5,4,1,73,5,1,2,00,2,0,0,200900061202B02,31,1,1
200900061205,2009-11-01,2009,novembre,dimanche,16:30,84,84131,0,0,1,1,1,1,1,3,2,02,1,1,000,054,1,0,1,3,1,8,5,1,1,00,2,8,1,200900061205B02,33,17,1
200900061210,2009-11-07,2009,novembre,samedi,18:45,84,84007,0,0,2,1,6,3,1,4,2,02,1,1,000,080,1,0,5,3,1,73,0,1,9,00,2,0,0,200900061210B01,7,1,1
200900061252,2009-12-01,2009,décembre,mardi,12:00,63,63113,0,0,2,1,6,1,1,4,2,03,2,1,000,000,1,0,1,4,1,13,5,1,9,00,2,7,19,200900061252A01,30,1,1
200900061301,2009-05-07,2009,mai,jeudi,94:5,14,14164,0.00004,NaN,1,3,3,1,1,3,2,02,1,1,000,052,1,0,1,2,1,74,5,1,2,00,2,8,19,200900061301A01,38,1,1
200900061307,2009-05-13,2009,mai,mercredi,15:10,14,14118,0.00004,NaN,2,3,3,1,1,4,3,02,1,1,000,075,1,0,1,3,1,20,1,1,2,00,2,1,19,200900061307A01,10,16,1
200900061315,2009-05-20,2009,mai,mercredi,15:15,14,14685,0.00004,NaN,2,1,1,1,1,3,2,02,2,2,000,066,1,0,1,2,1,57,5,1,2,00,2,1,1,200900061315B02,31,5,1
200900061330,2009-05-29,2009,mai,vendredi,18:50,14,14570,0.00004,0,1,3,3,1,1,3,2,02,1,1,000,041,1,0,1,3,1,20,5,1,2,00,2,2,15,200900061330B02,7,1,1
200900061332,2009-05-30,2009,mai,samedi,17:26,14,14409,0.00004,NaN,2,1,2,1,1,3,2,02,1,1,000,070,1,0,1,3,1,62,5,1,2,00,2,1,2,200900061332A01,7,23,1
200900061343,2009-11-23,2009,novembre,lundi,10:15,67,67248,0,0,2,1,2,1,1,4,-1,00,1,1,000,069,1,0,1,3,2,72,3,1,1,00,2,4,2,200900061343B02,7,4,1
200900061359,2009-11-21,2009,novembre,samedi,62:0,67,67482,0,0,2,2,3,5,1,4,2,02,1,1,102,264,1,0,1,4,2,27,1,1,9,00,2,8,1,200900061359A01,10,1,1
200900061375,2009-11-25,2009,novembre,mercredi,23:20,67,67267,0,0,2,2,6,5,1,4,2,03,1,1,000,124,1,0,1,4,1,46,0,1,9,00,2,4,1,200900061375B01,7,15,1
200900061379,2009-11-20,2009,novembre,vendredi,12:30,67,67447,0,0,2,2,2,1,1,4,2,02,1,1,000,100,1,4,1,4,1,33,5,1,9,00,2,1,2,200900061379A01,7,2,1
200900061413,2009-11-12,2009,novembre,jeudi,18:55,67,67447,0,0,2,1,3,5,1,4,2,02,1,1,000,075,1,0,5,4,1,15,5,1,9,00,2,8,1,200900061413B01,7,16,1
200900061415,2009-11-14,2009,novembre,samedi,13:55,67,67365,0,0,2,2,3,1,2,4,2,02,1,1,000,215,2,5,1,3,1,62,5,1,9,00,2,7,19,200900061415B01,7,15,1
200900061416,2009-11-05,2009,novembre,jeudi,90:0,67,67482,0,0,2,2,3,1,1,4,2,02,1,1,000,100,1,0,1,4,1,38,0,1,9,00,2,1,1,200900061416B01,7,1,1
200900061421,2009-11-11,2009,novembre,mercredi,17:15,67,67482,0,0,2,2,3,2,1,4,2,02,1,1,000,070,1,0,1,4,1,54,5,1,2,00,2,7,1,200900061421B01,7,1,1
200900061430,2009-12-29,2009,décembre,mardi,81:5,02,02810,0,0,2,3,1,2,2,4,1,01,,,,,,0,1,3,2,21,1,1,2,00,2,7,5,200900061430B02,7,15,1
200900061439,2009-12-16,2009,décembre,mercredi,13:30,02,02613,0,0,1,1,1,1,1,3,2,02,1,1,000,000,1,0,1,4,1,71,5,1,1,00,2,0,1,200900061439A01,7,17,1
200900061492,2009-11-19,2009,novembre,jeudi,15:15,09,09047,0.00004,NaN,2,4,3,1,1,4,2,02,,,,,,,,4,1,48,5,1,2,00,2,1,1,200900061492A01,21,15,1
200900061544,2009-03-12,2009,mars,jeudi,10:45,76,76351,0,0,2,3,3,1,1,4,2,02,1,1,000,120,1,0,1,3,1,81,5,1,9,00,2,1,15,200900061544B01,7,1,1
200900061547,2009-03-03,2009,mars,mardi,21:15,76,76351,0,0,2,1,2,5,1,4,2,02,1,1,000,090,1,0,1,4,1,49,5,1,9,00,2,4,1,200900061547B01,7,1,1
200900061560,2009-03-21,2009,mars,samedi,12:30,76,76447,0,0,2,1,6,1,1,3,2,02,1,1,000,089,1,0,1,3,1,10,0,1,9,00,2,8,19,200900061560B01,37,0,1
200900061585,2009-03-23,2009,mars,lundi,18:40,76,76681,0,0,2,2,3,2,1,4,2,01,1,2,000,045,1,0,1,3,1,14,5,1,2,00,2,0,1,200900061585B01,7,1,1
200900061636,2009-11-14,2009,novembre,samedi,14:15,05,05061,0,0,2,6,3,1,1,3,2,02,1,1,000,070,1,5,1,3,1,62,5,1,2,00,,7,1,200900061636B01,7,15,1
200900061642,2009-05-28,2009,mai,jeudi,83:5,78,78481,0.00004,0,2,3,3,1,1,3,3,02,1,1,000,000,1,0,1,4,2,28,1,1,4,00,2,8,19,200900061642B01,7,16,1
200900061652,2009-04-01,2009,avril,mercredi,21:30,76,76341,0,0,2,1,7,5,1,4,2,02,1,1,000,072,1,0,1,2,1,54,1,1,2,00,0,0,1,200900061652A01,,,
200900061661,2009-04-08,2009,avril,mercredi,18:30,76,76351,0,0,2,1,3,1,8,4,2,,1,1,000,104,2,0,1,3,1,16,5,1,9,00,2,8,9,200900061661A01,7,1,1
200900061663,2009-04-01,2009,avril,mercredi,12:20,76,76705,0,0,2,4,3,1,1,4,2,01,2,2,000,065,1,5,1,3,1,45,5,1,4,00,2,1,1,200900061663B01,7,15,1
200900061666,2009-04-18,2009,avril,samedi,15:15,76,76259,0,0,2,9,3,1,2,3,1,01,1,2,000,090,2,0,1,4,1,15,5,1,2,00,2,7,1,200900061666B01,7,9,1
200900061668,2009-04-24,2009,avril,vendredi,80:0,76,76568,0,0,2,1,1,1,1,4,2,02,1,1,000,050,-1,0,1,4,1,13,0,1,9,00,0,0,0,200900061668B02,7,1,1
200900061670,2009-04-16,2009,avril,jeudi,17:30,76,76291,0.00004,0,1,1,3,1,1,3,2,02,2,1,000,000,1,0,1,2,1,33,5,1,1,00,2,1,1,200900061670B02,7,13,1
200900061713,2009-04-15,2009,avril,mercredi,13:20,76,76217,0,0,2,2,3,1,1,4,2,01,1,1,000,060,1,0,1,3,1,19,4,1,2,00,2,1,1,200900061713A01,7,1,1
200900061724,2009-04-05,2009,avril,dimanche,16:25,76,76575,0,0,2,2,3,1,1,4,2,02,1,1,000,050,1,0,1,4,1,11,0,1,2,00,0,1,0,200900061724A01,7,1,1
200900061728,2009-04-28,2009,avril,mardi,14:10,76,76575,0,0,2,1,6,1,1,4,2,02,1,1,000,065,1,0,1,4,1,13,5,1,2,00,0,0,19,200900061728B01,7,1,1
200900061744,2009-04-23,2009,avril,jeudi,13:50,76,76157,0,0,1,3,2,1,1,3,2,02,2,2,,,1,0,1,3,2,42,5,1,2,00,2,8,2,200900061744B01,7,16,1
200900061755,2009-06-03,2009,juin,mercredi,18:40,14,14197,0.00004,NaN,2,2,3,1,1,3,2,02,1,2,013,066,1,5,1,3,1,58,5,1,2,00,2,8,0,200900061755B02,30,15,1
200900061758,2009-06-13,2009,juin,samedi,10:10,14,14117,0.00004,NaN,2,6,3,1,1,3,2,02,1,2,000,080,1,5,1,3,2,62,5,1,2,00,2,1,1,200900061758B01,7,16,1
200900061770,2009-06-29,2009,juin,lundi,20:10,14,14523,0.00004,NaN,1,4,1,1,7,3,2,02,2,1,000,065,1,0,1,3,1,55,5,1,2,00,2,3,1,200900061770B02,7,15,1
200900061780,2009-05-30,2009,mai,samedi,10:25,76,76481,0,0,2,3,6,1,1,4,2,02,1,1,000,044,1,0,0,3,1,55,5,1,2,00,2,0,1,200900061780A01,7,15,1
200900061789,2009-05-06,2009,mai,mercredi,14:45,76,76351,0,0,2,1,3,1,1,4,2,02,1,1,000,080,1,0,1,3,1,10,5,1,9,00,2,0,9,200900061789A01,14,1,1
200900061791,2009-05-07,2009,mai,jeudi,15:20,76,76351,0,0,2,2,7,1,1,3,2,03,1,1,000,000,1,0,1,4,2,43,5,1,9,00,0,0,1,200900061791B01,10,15,1
200900061870,2009-06-30,2009,juin,mardi,13:05,14,14069,0.00004,0,1,3,3,1,1,4,2,02,1,2,000,000,1,0,1,4,1,19,1,1,2,00,2,3,1,200900061870B01,10,15,1
200900061910,2009-06-30,2009,juin,mardi,17:30,76,76101,0.00004,0,2,1,5,1,1,3,2,00,1,1,000,063,1,0,1,3,1,19,1,1,9,00,2,4,1,200900061910A01,2/ 7,0,2
200900061936,2009-06-04,2009,juin,jeudi,12:11,76,76217,0,0,2,9,3,1,1,9,2,00,1,1,000,080,1,0,4,4,1,36,9,1,2,00,2,1,1,200900061936B01,7,1,1
200900061941,2009-06-04,2009,juin,jeudi,17:00,76,76429,0,0,1,1,3,1,1,3,3,02,2,1,000,030,1,0,1,4,1,71,0,1,9,00,0,8,1,200900061941B01,7,1,1
200900061954,2009-06-05,2009,juin,vendredi,15:30,76,76103,0,0,2,1,2,1,1,4,2,03,1,1,000,087,1,0,5,4,1,73,0,1,2,00,2,8,1,200900061954B01,7,15,1
200900061956,2009-06-19,2009,juin,vendredi,18:00,76,76540,0,0,2,1,3,1,1,4,2,00,2,1,000,050,1,0,1,4,2,29,0,1,2,02,0,1,1,200900061956B01,7,16,1
200900061966,2009-06-12,2009,juin,vendredi,18:00,76,76410,0,0,2,1,3,1,1,4,2,02,1,1,000,040,1,0,1,4,1,11,5,1,2,00,2,8,19,200900061966B01,7,0,1
200900061977,2009-06-03,2009,juin,mercredi,90:5,76,76540,0,0,2,1,7,1,1,4,1,03,1,1,000,070,-1,0,4,3,2,55,0,1,2,00,0,0,0,200900061977A01,,,
200900061984,2009-06-15,2009,juin,lundi,21:20,76,76498,0,0,2,1,6,1,1,4,-1,00,-1,-1,000,000,9,0,4,3,1,15,0,1,2,00,0,4,0,200900061984A01,,,
200900062030,2009-12-08,2009,décembre,mardi,20:15,18,18033,0,0,2,6,3,5,3,4,2,02,-1,2,000,060,2,0,1,4,2,27,1,1,2,00,2,7,2,200900062030B01,7,2,1
200900062061,2009-07-06,2009,juillet,lundi,18:30,76,76624,0,0,2,1,1,1,1,9,1,00,1,1,000,041,1,0,1,4,2,52,3,1,1,00,2,7,5,200900062061B02,7,19,1
200900062080,2009-07-02,2009,juillet,jeudi,14:00,76,76302,0,0,1,1,2,1,1,3,2,02,1,1,000,000,1,0,1,3,1,65,5,1,2,00,2,4,2,200900062080B02,7,2,1
200900062143,2009-07-29,2009,juillet,mercredi,15:20,76,76157,0,0,2,1,1,1,1,4,2,00,1,1,000,058,1,0,1,3,1,6,9,1,2,00,2,8,1,200900062143B01,7,1,1
200900062154,2009-07-29,2009,juillet,mercredi,13:50,76,76351,0,0,2,3,3,1,1,4,2,02,1,1,000,108,1,0,1,3,2,30,0,1,9,00,2,1,19,200900062154B01,14,16,1
200900062156,2009-10-05,2009,octobre,lundi,19:45,59,59350,0,0,2,2,6,5,1,4,3,02,1,1,000,070,-1,0,1,4,2,24,0,1,4,00,2,1,19,200900062156B01,7,15,1
200900062171,2009-11-13,2009,novembre,vendredi,13:35,65,65440,0,0,2,7,3,1,1,4,1,01,1,1,000,000,1,0,0,4,2,53,1,1,2,00,0,5,1,200900062171B01,7,16,1
200900062178,2009-09-24,2009,septembre,jeudi,19:20,69,69264,0,0,2,6,2,1,1,4,3,03,1,1,000,109,1,0,0,3,1,57,3,1,2,00,2,3,1,200900062178B01,10,1,1
200900062187,2009-09-30,2009,septembre,mercredi,18:50,69,69266,0,0,2,1,6,1,1,4,2,03,2,1,000,100,1,2,1,3,1,44,5,1,2,00,2,7,9,200900062187A01,14,1,1
200900062193,2009-07-16,2009,juillet,jeudi,17:10,42,42218,0.00004,0,2,1,6,1,1,4,1,01,1,1,000,030,1,0,1,4,1,55,0,1,2,01,0,1,1,200900062193B01,7,24,1
200900062232,2009-04-11,2009,avril,samedi,10:45,59,59512,0,0,1,2,3,1,1,4,3,02,1,1,000,000,1,0,1,3,2,68,0,1,9,00,2,0,1,200900062232B01,7,1,1
200900062241,2009-07-17,2009,juillet,vendredi,17:15,59,59616,0,0,2,1,1,1,1,4,2,01,1,-1,000,070,1,0,1,2,1,70,5,1,2,00,2,1,0,200900062241B01,7,0,1
200900062258,2009-09-01,2009,septembre,mardi,21:00,59,59350,0,0,2,1,6,5,1,4,3,02,1,1,000,000,1,3,1,4,1,12,5,1,2,00,2,1,1,200900062258B01,7,15,1
200900062271,2009-09-10,2009,septembre,jeudi,21:00,59,59350,0,0,2,1,3,5,1,4,2,02,1,1,000,070,1,1,1,4,1,33,5,1,4,00,2,1,1,200900062271B01,7,14,1
200900062280,2009-09-16,2009,septembre,mercredi,17:45,59,59512,0,0,1,1,3,1,8,4,2,02,1,1,000,000,1,0,1,3,2,5,9,1,9,00,2,0,19,200900062280B01,7,1,1
200900062282,2009-09-17,2009,septembre,jeudi,12:45,59,59512,0,0,1,1,3,1,1,4,2,02,1,1,000,000,1,0,1,3,1,21,9,1,2,00,2,0,19,200900062282B01,7,1,1
200900062309,2009-11-06,2009,novembre,vendredi,12:50,59,59178,0,0,2,3,6,1,1,4,2,02,1,1,000,060,1,0,1,3,2,46,0,1,2,00,2,4,1,200900062309B01,7,1,1
200900062330,2009-11-25,2009,novembre,mercredi,14:25,54,54526,0,0,2,1,6,1,1,4,2,02,2,1,000,060,1,0,1,3,1,57,5,1,8,00,2,0,2,200900062330B01,7,2,1
200900062340,2009-11-30,2009,novembre,lundi,60:5,54,54395,0,0,2,1,2,1,1,4,2,04,1,1,000,140,1,0,1,4,1,44,5,1,9,00,2,4,1,200900062340B01,10,20,1
200900062354,2009-11-22,2009,novembre,dimanche,16:20,54,54395,0,0,2,1,2,1,1,4,1,02,1,1,000,000,1,0,1,4,1,18,5,1,2,00,2,1,7,200900062354B01,7,22,1
200900062355,2009-11-27,2009,novembre,vendredi,21:25,54,54395,0,0,2,1,6,5,2,4,-1,02,3,1,000,000,2,0,1,4,1,33,5,1,2,00,9,1,0,200900062355B01,40,2,1
200900062365,2009-11-05,2009,novembre,jeudi,10:00,54,54395,0,0,2,3,3,1,2,4,1,02,1,1,000,070,2,0,1,4,2,43,1,1,9,00,0,0,0,200900062365B01,7,0,1
200900062375,2009-01-10,2009,janvier,samedi,12:35,92,92035,0,0,2,1,3,1,1,3,4,04,1,1,000,000,1,0,1,4,1,18,0,1,2,00,2,1,1,200900062375A01,37,9,1
200900062376,2009-01-12,2009,janvier,lundi,10:30,92,92035,0,0,2,6,3,1,1,3,4,03,1,1,000,000,1,0,1,4,1,57,1,1,2,00,2,8,1,200900062376B01,7,16,1
200900062382,2009-01-21,2009,janvier,mercredi,12:20,31,31555,0,0,2,1,3,1,1,4,2,04,1,1,000,120,1,0,1,4,2,16,0,1,4,00,2,0,13,200900062382B01,7,1,1
200900062405,2009-04-03,2009,avril,vendredi,90:5,92,92035,0,0,2,2,3,1,1,4,2,02,1,1,000,000,1,0,1,4,2,21,1,1,2,00,2,7,5,200900062405B01,7,1,1
200900062413,2009-04-14,2009,avril,mardi,14:15,92,92035,0,0,2,3,6,1,1,3,2,02,1,1,000,000,1,0,1,4,2,46,5,1,2,00,2,1,1,200900062413C01,7,1,1