Num_Acc,date,an,mois,jour,hrmn,dep,com,lat,long,agg,int,col,lum,atm,catr,circ,nbv,prof,plan,lartpc,larrout,surf,infra,situ,grav,sexe,age,trajet,secuexist,equipement,obs,obsm,choc,manv,vehiculeid,typevehicules,manoeuvehicules,numVehicules
200900064751,2009-12-04,2009,décembre,vendredi,10:20,57,57757,0,0,2,1,3,1,1,3,2,02,1,1,000,065,1,0,1,4,1,28,5,1,9,01,0,1,1,200900064751B01,7,24,1
200900064804,2009-09-02,2009,septembre,mercredi,18:35,35,35238,0.00004,NaN,2,3,3,1,2,4,2,02,1,1,000,060,2,0,4,4,2,28,1,1,8,00,2,6,5,200900064804A01,7,9,1
200900064805,2009-09-17,2009,septembre,jeudi,94:0,35,35238,0.00004,NaN,2,1,2,1,8,4,2,02,1,1,000,060,1,0,1,4,2,41,5,1,8,00,2,1,13,200900064805A01,7,1,1
200900064818,2009-09-09,2009,septembre,mercredi,75:0,35,35238,0.00004,NaN,2,2,3,1,1,4,2,02,3,1,000,060,1,0,1,4,1,58,1,1,2,00,2,1,1,200900064818B01,7,9,1
200900064830,2009-09-01,2009,septembre,mardi,19:00,35,35238,0.00004,NaN,2,2,3,1,1,4,2,02,1,1,000,060,1,0,1,4,2,33,5,1,8,00,2,1,1,200900064830B01,10,1,1
200900064836,2009-09-01,2009,septembre,mardi,12:10,35,35238,0.00004,NaN,2,1,3,1,1,4,3,02,1,1,040,060,1,0,1,4,2,46,1,1,8,00,0,1,5,200900064836A01,10,16,1
200900064837,2009-09-04,2009,septembre,vendredi,11:15,35,35238,0,0,2,1,6,1,1,4,-1,02,1,-1,000,000,1,0,1,4,2,65,5,1,9,00,2,1,1,200900064837B01,7,22,1
200900064845,2009-09-02,2009,septembre,mercredi,15:45,35,35223,0,0,1,1,1,1,1,3,2,02,-1,1,000,060,1,0,1,3,1,81,5,1,9,00,2,8,1,200900064845B02,7,1,1
200900064850,2009-09-30,2009,septembre,mercredi,18:15,35,35059,0,0,2,3,1,1,1,4,2,02,1,1,000,056,1,0,1,3,1,6,5,1,1,00,2,1,19,200900064850B02,7,1,1
200900064863,2009-09-28,2009,septembre,lundi,16:15,35,35239,0,0,2,1,2,1,1,3,2,02,1,1,000,065,1,5,1,4,2,12,2,1,8,00,0,4,15,200900064863B02,7,1,1
200900064864,2009-09-16,2009,septembre,mercredi,93:0,35,35318,0,0,1,1,7,1,1,3,2,00,2,1,000,000,1,0,1,2,2,84,5,1,2,00,9,1,1,200900064864A01,,,
200900064888,2009-05-04,2009,mai,lundi,15:55,11,11262,0,0,2,1,7,1,1,4,2,02,1,1,000,000,1,0,1,4,1,80,5,1,8,00,2,0,1,200900064888A01,31,1,1
200900064900,2009-10-22,2009,octobre,jeudi,13:00,35,35238,0.00004,NaN,2,3,3,1,2,4,2,02,1,1,000,060,2,0,1,4,2,24,5,1,8,00,2,1,19,200900064900A01,7,1,1
200900064906,2009-10-31,2009,octobre,samedi,19:00,35,35238,0.00004,NaN,2,1,7,5,1,4,3,02,1,1,000,060,1,0,1,4,1,18,5,1,8,00,0,1,1,200900064906A01,,,
200900064926,2009-10-15,2009,octobre,jeudi,14:45,35,35051,0,0,2,6,1,1,7,4,2,02,1,-1,000,000,1,0,1,3,1,69,5,1,2,00,0,7,1,200900064926B02,10,1,1
200900064934,2009-10-08,2009,octobre,jeudi,18:00,35,35360,0,0,2,6,3,1,1,9,3,02,1,1,061,026,1,0,1,3,2,48,1,1,1,00,2,6,19,200900064934B02,31,16,1
200900064942,2009-10-30,2009,octobre,vendredi,14:30,35,35115,0,0,2,4,7,1,1,4,2,00,2,2,000,000,1,0,1,4,1,84,5,1,9,14,0,0,2,200900064942A01,,,
200900064946,2009-10-27,2009,octobre,mardi,13:00,35,35288,0,0,2,1,5,1,1,4,2,02,1,1,000,000,1,0,1,3,1,46,1,1,2,01,0,1,1,200900064946B01,7/ 38,24/17,2
200900064955,2009-10-12,2009,octobre,lundi,10:15,35,35238,0.00004,NaN,2,6,3,1,1,4,2,02,1,1,000,060,1,5,1,4,1,22,2,1,8,00,2,1,1,200900064955B01,7,1,1
200900064965,2009-10-01,2009,octobre,jeudi,16:00,35,35055,0,0,2,2,3,1,1,3,-1,00,-1,-1,000,000,-1,0,0,4,1,49,5,1,4,00,2,1,19,200900064965A01,13,1,1
200900064967,2009-10-06,2009,octobre,mardi,18:05,35,35238,0.00004,NaN,2,4,3,1,1,4,2,02,1,1,000,060,1,0,1,4,1,32,5,1,8,00,2,7,1,200900064967A01,7,14,1
200900064969,2009-10-03,2009,octobre,samedi,90:0,35,35281,0,0,2,6,3,1,1,4,-1,02,4,3,000,000,1,0,1,4,2,54,3,1,4,00,2,1,19,200900064969B01,7,1,1
200900064975,2009-06-09,2009,juin,mardi,14:00,11,11262,0,0,2,1,6,1,1,4,2,02,1,1,000,070,1,0,1,3,1,65,5,1,9,00,2,1,1,200900064975B01,7,9,1
200900065007,2009-11-24,2009,novembre,mardi,11:50,35,35281,0,0,2,2,6,1,8,4,-1,00,-1,-1,000,000,2,0,0,4,1,18,0,1,4,00,2,1,1,200900065007B01,1,1,1
200900065007,2009-11-24,2009,novembre,mardi,11:50,35,35281,0,0,2,2,6,1,8,4,-1,00,-1,-1,000,000,2,0,0,4,1,44,1,1,4,00,2,1,1,200900065007A01,1,1,1
200900065013,2009-11-09,2009,novembre,lundi,12:30,35,35238,0.00004,NaN,2,2,3,1,1,4,1,01,1,1,000,040,1,5,1,4,1,22,2,1,8,00,2,1,1,200900065013B01,7,23,1
200900065019,2009-11-10,2009,novembre,mardi,20:30,35,35238,0.00004,NaN,2,6,7,5,2,4,1,01,1,2,000,060,2,5,1,4,1,41,5,1,8,00,0,0,1,200900065019A01,,,
200900065024,2009-11-24,2009,novembre,mardi,19:10,35,35238,0.00004,NaN,2,1,3,5,1,4,2,02,1,1,000,060,1,0,1,3,1,35,5,1,4,00,2,1,16,200900065024B01,7,16,1
200900065029,2009-11-23,2009,novembre,lundi,92:0,35,35288,0,0,2,1,3,1,1,4,2,02,1,1,000,000,1,0,1,4,1,90,5,1,2,00,2,0,2,200900065029B01,7,1,1
200900065037,2009-11-23,2009,novembre,lundi,81:5,35,35238,0.00004,NaN,2,6,6,1,2,4,2,02,1,1,000,060,2,0,1,4,1,14,2,1,8,00,2,1,19,200900065037A01,7,1,1
200900065038,2009-11-25,2009,novembre,mercredi,17:20,35,35055,0,0,2,9,3,3,1,4,-1,00,2,1,000,000,-1,0,1,3,2,80,5,1,4,00,2,1,1,200900065038A01,7,15,1
200900065045,2009-12-09,2009,décembre,mercredi,10:07,35,35238,0.00004,NaN,2,1,7,1,2,4,2,02,1,1,000,060,2,0,1,4,2,46,1,1,8,00,0,0,1,200900065045A01,,,
200900065053,2009-12-02,2009,décembre,mercredi,13:45,35,35238,0.00004,NaN,2,1,3,1,2,4,3,01,1,1,025,050,2,0,1,4,2,23,1,1,8,00,0,0,1,200900065053B01,7,22,1
200900065057,2009-12-09,2009,décembre,mercredi,80:0,35,35055,0,0,2,1,3,5,2,4,-1,00,2,2,000,000,2,0,0,4,2,66,1,1,9,00,2,1,1,200900065057B01,7,1,1
200900065061,2009-12-15,2009,décembre,mardi,17:45,35,35238,0.00004,NaN,2,2,7,5,1,4,2,02,1,1,000,060,7,5,1,3,1,50,1,1,2,00,0,1,16,200900065061A01,,,
200900065065,2009-12-08,2009,décembre,mardi,80:0,35,35238,0,0,2,2,3,5,1,4,2,02,1,1,000,000,1,0,1,4,1,45,1,1,4,00,2,1,1,200900065065B01,7,15,1
200900065067,2009-12-08,2009,décembre,mardi,12:30,35,35238,0.00004,NaN,2,1,6,1,8,4,1,01,4,1,000,030,2,0,1,4,1,13,2,1,8,01,0,1,1,200900065067A01,,,
200900065081,2009-12-26,2009,décembre,samedi,11:30,35,35130,0.00004,NaN,1,1,1,1,8,3,2,02,1,1,000,000,2,0,1,3,1,77,5,1,2,00,2,7,1,200900065081B02,7,1,1
200900065103,2009-12-22,2009,décembre,mardi,16:40,35,35238,0.00004,NaN,2,2,3,1,1,4,1,02,1,1,000,060,1,5,1,4,1,21,5,1,8,00,2,1,1,200900065103A01,7,1,1
200900065108,2009-12-14,2009,décembre,lundi,17:35,35,35288,0,0,2,7,6,2,1,4,2,01,1,1,000,000,1,0,1,1,1,14,5,1,2,00,1,2,15,200900065108A01,,,
200900065112,2009-12-22,2009,décembre,mardi,19:15,35,35238,0.00004,NaN,2,3,6,5,1,4,3,02,1,1,015,060,1,5,1,4,1,40,5,1,2,00,0,0,1,200900065112A01,,,
200900065121,2009-08-13,2009,août,jeudi,13:05,91,91549,0,0,2,6,3,1,1,3,1,02,1,2,000,000,1,0,1,4,1,28,1,1,9,00,2,8,15,200900065121B01,7,9,1
200900065149,2009-08-05,2009,août,mercredi,17:00,91,91477,0,0,2,4,1,1,1,4,1,02,1,1,,,1,0,1,4,1,66,5,1,2,00,2,1,1,200900065149B01,7,1,1
200900065156,2009-08-31,2009,août,lundi,17:00,91,91235,0.00004,0,1,9,2,1,1,2,3,00,1,1,000,124,1,2,1,4,1,65,9,1,1,00,2,4,2,200900065156B02,99,9,1
200900065162,2009-08-31,2009,août,lundi,12:20,91,91223,0,0,2,1,3,1,1,4,2,02,1,1,000,000,1,0,1,4,1,22,0,1,2,00,2,7,1,200900065162A01,7,14,1
200900065172,2009-08-24,2009,août,lundi,21:20,91,91471,0,0,2,1,1,5,1,4,1,01,1,1,000,000,2,0,1,4,1,16,5,1,2,00,2,1,5,200900065172A01,7,1,1
200900065180,2009-08-17,2009,août,lundi,18:10,91,91097,0,0,2,1,7,1,1,4,2,02,2,1,010,040,1,0,1,4,1,29,5,1,9,00,0,1,1,200900065180A01,,,
200900065183,2009-08-06,2009,août,jeudi,15:50,91,91228,0,0,2,1,2,1,1,2,2,04,1,1,000,180,1,0,1,4,1,38,1,1,2,00,2,4,1,200900065183B01,7,1,1
200900065217,2009-11-19,2009,novembre,jeudi,91:5,83,83107,0,0,1,1,3,1,1,3,2,02,3,1,000,070,1,0,1,3,2,71,5,1,2,00,2,8,2,200900065217B02,7,17,1
200900065219,2009-11-25,2009,novembre,mercredi,15:45,83,83070,0,0,2,6,3,1,1,4,-1,00,-1,-1,000,000,1,5,0,3,2,66,3,1,2,00,0,2,1,200900065219B02,7,1,1
200900065260,2009-11-18,2009,novembre,mercredi,73:5,83,83137,0,0,2,1,3,1,1,4,2,02,1,1,000,060,1,0,1,4,1,50,1,1,2,00,2,0,1,200900065260B01,7,10,1
200900065361,2009-12-22,2009,décembre,mardi,84:5,83,83137,0,0,2,3,1,1,1,4,2,02,1,1,000,090,2,0,1,3,1,49,5,1,2,00,2,1,1,200900065361B01,7,15,1
200900065389,2009-11-12,2009,novembre,jeudi,17:30,76,76202,0,0,1,2,1,2,8,3,2,02,1,1,000,060,2,0,1,3,1,30,5,1,8,00,2,1,1,200900065389B02,7,19,1
200900065396,2009-11-18,2009,novembre,mercredi,10:15,76,76490,0.00004,0,1,2,5,1,1,3,2,00,-1,1,090,000,1,0,1,1,1,60,5,1,2,00,2,1,1,200900065396B02,7,1,1
200900065396,2009-11-18,2009,novembre,mercredi,10:15,76,76490,0.00004,0,1,2,5,1,1,3,2,00,-1,1,090,000,1,0,1,3,1,56,5,1,2,00,2,1,1,200900065396C03,7,1,1
200900065415,2009-11-12,2009,novembre,jeudi,81:0,76,76681,0,0,2,1,6,1,1,4,2,02,1,1,000,070,2,0,1,3,1,11,9,1,9,00,0,0,0,200900065415A01,,,
200900065426,2009-11-25,2009,novembre,mercredi,15:50,76,76474,0,0,1,1,6,1,1,3,2,02,1,2,000,071,2,0,1,3,2,15,5,1,2,00,2,9,1,200900065426C01,7,2,1
200900065426,2009-11-25,2009,novembre,mercredi,15:50,76,76474,0,0,1,1,6,1,1,3,2,02,1,2,000,071,2,0,1,4,1,21,5,1,2,00,2,4,1,200900065426B01,7,2,1
200900065436,2009-11-12,2009,novembre,jeudi,16:10,76,76351,0,0,2,1,7,1,1,4,2,03,1,1,000,105,1,0,1,3,1,73,5,1,2,00,0,0,1,200900065436A01,,,
200900065449,2009-11-06,2009,novembre,vendredi,16:05,76,76540,0,0,2,1,7,1,1,4,2,01,2,1,000,050,2,0,1,3,1,44,0,1,9,00,0,0,0,200900065449B01,37,2,1
200900065451,2009-11-09,2009,novembre,lundi,15:15,76,76547,0,0,1,1,5,1,1,3,2,02,3,1,000,070,2,0,1,1,1,79,5,1,9,00,2,8,1,200900065451C03,17/ 7,1/13,2
200900065530,2009-12-01,2009,décembre,mardi,84:5,69,69383,0,0,2,2,3,1,1,4,1,00,1,1,000,000,1,0,5,3,1,28,1,1,2,00,2,0,1,200900065530B01,7,1,1
200900065582,2009-12-05,2009,décembre,samedi,18:45,69,69384,0,0,2,1,6,5,1,4,2,02,2,1,000,068,1,0,1,4,1,16,5,1,4,00,1,1,1,200900065582A01,,,
200900065594,2009-12-10,2009,décembre,jeudi,18:20,69,69387,0,0,2,2,6,5,1,4,1,01,1,1,000,000,1,0,1,1,1,28,0,1,9,00,1,0,1,200900065594A01,,,
200900065595,2009-12-17,2009,décembre,jeudi,75:5,69,69388,0,0,2,3,3,1,1,4,1,02,1,1,000,055,1,0,1,4,1,14,0,1,2,00,2,1,1,200900065595A01,7,23,1
200900065596,2009-12-18,2009,décembre,vendredi,11:30,69,69383,0,0,2,2,3,1,4,4,2,02,1,1,000,000,2,0,1,4,2,20,5,1,9,00,2,1,5,200900065596A01,7,15,1
200900065624,2009-12-23,2009,décembre,mercredi,14:15,69,69382,0,0,2,9,6,1,1,4,1,01,1,1,000,000,1,0,4,4,1,25,1,1,2,00,2,0,11,200900065624B01,7,0,1
200900065629,2009-12-18,2009,décembre,vendredi,15:46,69,69266,0,0,2,2,6,1,4,4,2,04,1,1,000,000,2,0,1,4,2,65,0,1,2,00,2,4,15,200900065629B01,10,1,1
200900065656,2009-08-11,2009,août,mardi,19:05,14,14225,0.00004,NaN,2,3,3,1,1,3,2,02,1,1,000,075,1,0,1,4,2,65,5,1,2,00,2,8,15,200900065656B02,2,17,1
200900065658,2009-08-30,2009,août,dimanche,19:20,14,14557,0.00004,0,1,6,3,1,1,3,2,02,1,2,000,070,1,5,1,3,1,48,5,1,2,00,2,7,1,200900065658B02,7,9,1
200900065661,2009-12-08,2009,décembre,mardi,71:0,67,67482,0,0,2,1,2,2,2,4,2,04,1,1,000,120,2,0,1,4,2,34,1,1,2,00,2,4,1,200900065661B01,7,1,1
200900065666,2009-12-14,2009,décembre,lundi,14:51,67,67482,0,0,2,3,3,1,1,4,2,02,1,1,000,045,1,0,5,4,2,19,0,1,9,00,2,1,1,200900065666B01,7,15,1
200900065676,2009-12-10,2009,décembre,jeudi,74:5,67,67482,0,0,2,3,3,5,2,4,2,02,1,1,000,065,2,0,1,4,2,20,2,1,4,00,2,1,1,200900065676B01,14,9,1
200900065677,2009-12-09,2009,décembre,mercredi,13:50,67,67482,0,0,2,3,3,1,1,4,2,03,1,1,000,130,1,0,0,4,1,9,0,1,2,00,2,2,1,200900065677B01,7,1,1
200900065680,2009-12-04,2009,décembre,vendredi,18:45,67,67482,0,0,2,1,6,5,1,4,1,02,1,1,090,030,1,0,5,4,2,58,1,1,9,00,2,1,5,200900065680B01,1,5,1
200900065680,2009-12-04,2009,décembre,vendredi,18:45,67,67482,0,0,2,1,6,5,1,4,1,02,1,1,090,030,1,0,5,1,1,41,5,1,9,00,2,1,5,200900065680A01,1,5,1
200900065682,2009-12-04,2009,décembre,vendredi,74:5,67,67462,0,0,2,2,6,5,8,3,2,01,1,1,000,000,1,0,1,4,1,13,2,1,9,00,2,1,19,200900065682A01,,,
200900065716,2009-12-30,2009,décembre,mercredi,65:5,67,67482,0,0,2,2,3,5,2,4,4,04,1,1,000,130,2,0,1,4,1,46,1,1,4,00,2,8,19,200900065716B01,7,1,1
200900065733,2009-08-11,2009,août,mardi,16:45,23,23169,0,0,1,1,3,1,1,3,2,02,1,1,000,074,1,0,1,3,1,19,5,1,1,00,2,8,15,200900065733A01,7,17,1
200900065755,2009-09-23,2009,septembre,mercredi,11:15,23,23008,0,0,2,1,1,1,1,4,2,03,4,1,000,130,1,0,1,2,1,66,5,1,1,00,2,3,1,200900065755B02,10,15,1
200900065761,2009-10-03,2009,octobre,samedi,15:15,23,23219,0,0,2,1,6,1,1,3,2,00,1,1,000,075,1,5,1,3,1,10,5,1,1,00,0,0,0,200900065761A01,7,1,1
200900065823,2009-08-25,2009,août,mardi,20:05,94,94054,0.00004,0,2,1,2,1,1,4,2,01,2,1,000,030,1,0,4,4,1,8,5,1,9,00,2,6,1,200900065823B01,7,4,1
200900065838,2009-08-27,2009,août,jeudi,73:0,94,94019,0.00004,0,2,1,3,1,1,3,2,02,1,1,000,060,1,0,1,4,1,53,1,1,9,00,0,8,2,200900065838B01,37,17,1
200900065848,2009-08-24,2009,août,lundi,22:20,94,94041,0.00004,0,2,2,3,5,1,3,1,02,2,1,000,000,1,0,1,4,1,20,5,1,4,00,2,8,5,200900065848A01,7,15,1
200900065862,2009-08-23,2009,août,dimanche,19:40,94,94022,0.00004,0,2,1,3,1,1,4,-1,00,1,1,001,043,1,0,0,3,1,13,5,1,9,00,2,2,19,200900065862B01,7,1,1
200900065870,2009-08-07,2009,août,vendredi,12:50,94,94017,0.00004,0,2,2,3,1,1,4,1,01,1,1,000,000,1,0,1,3,2,54,9,1,2,00,2,1,1,200900065870B01,7,1,1
200900065880,2009-08-30,2009,août,dimanche,20:10,94,94042,0.00004,0,2,1,2,2,1,2,3,02,2,1,000,075,1,2,1,4,1,30,5,1,2,00,2,1,7,200900065880A01,7,2,1
200900065890,2009-08-17,2009,août,lundi,5:,94,94048,0.00004,0,2,1,1,5,1,3,2,02,1,3,000,058,1,0,1,3,1,16,5,1,9,00,2,1,1,200900065890B01,7,12,1
200900065976,2009-09-24,2009,septembre,jeudi,15:40,94,94068,0.00004,0,2,1,6,1,1,4,2,02,1,1,000,060,1,0,1,4,1,18,5,1,9,00,2,7,16,200900065976A01,10,1,1
200900065988,2009-09-18,2009,septembre,vendredi,84:0,94,94033,0.00004,0,2,2,3,1,1,4,2,02,1,1,000,000,1,0,0,4,1,55,5,1,2,00,2,1,1,200900065988B01,7,15,1
200900065997,2009-09-08,2009,septembre,mardi,62:4,94,94002,0.00004,0,2,2,1,5,1,4,2,02,1,-1,000,148,1,0,1,3,1,51,1,1,4,00,2,7,2,200900065997B01,7,1,1
200900066012,2009-09-11,2009,septembre,vendredi,18:00,94,94068,0.00004,0,2,1,3,1,1,4,2,02,1,1,000,054,1,0,1,4,1,12,5,1,9,00,2,1,19,200900066012A01,7,1,1
200900066031,2009-09-22,2009,septembre,mardi,18:43,94,94001,0.00004,0,2,1,6,2,1,3,1,01,1,2,000,025,1,0,1,4,1,57,9,1,2,00,2,8,17,200900066031B01,7,15,1
200900066046,2009-09-11,2009,septembre,vendredi,21:45,94,94042,0.00004,0,2,2,3,5,1,3,2,02,1,2,000,000,1,0,1,3,1,30,9,1,3,00,2,3,19,200900066046B01,30,3,1
200900066048,2009-09-03,2009,septembre,jeudi,10:25,94,94042,0.00004,0,2,3,1,1,1,4,2,02,1,1,000,050,1,0,1,3,1,57,5,1,2,00,2,1,1,200900066048A01,7,15,1
200900066061,2009-09-16,2009,septembre,mercredi,73:0,94,94042,0.00004,0,2,4,3,2,1,3,1,02,2,2,000,069,1,0,1,3,1,35,1,1,2,00,2,1,2,200900066061B01,7,2,1
200900066084,2009-09-02,2009,septembre,mercredi,15:50,94,94058,0.00004,0,2,2,3,1,1,4,1,02,2,1,000,058,1,0,1,4,1,11,5,1,2,00,2,1,16,200900066084A01,33,1,1
200900066134,2009-09-23,2009,septembre,mercredi,16:10,94,94003,0.00004,0,2,1,7,1,1,4,2,00,2,3,000,000,1,0,4,4,1,13,5,1,9,06,0,1,1,200900066134A01,,,
200900066146,2009-09-30,2009,septembre,mercredi,20:27,94,94080,0.00004,0,2,1,7,5,1,4,1,01,1,1,000,000,1,0,1,3,2,26,1,1,9,01,0,7,21,200900066146B01,7,24,1
200900066156,2009-10-27,2009,octobre,mardi,93:0,94,94019,0.00004,0,2,6,3,1,7,3,1,02,1,-1,000,050,1,5,0,3,1,38,1,1,2,00,2,7,1,200900066156B01,7,9,1
200900066193,2009-10-26,2009,octobre,lundi,13:30,94,94022,0.00004,0,2,3,3,1,1,4,2,00,1,1,000,000,1,0,1,3,1,13,2,1,9,00,2,3,16,200900066193B01,10,1,1
200900066240,2009-10-29,2009,octobre,jeudi,18:20,94,94034,0.00004,0,2,2,1,5,1,3,2,02,1,1,000,000,1,0,1,4,1,42,5,1,2,00,0,8,19,200900066240B01,7,1,1
200900066277,2009-10-01,2009,octobre,jeudi,18:00,94,94028,0.00004,0,2,1,7,1,1,2,2,04,1,1,120,060,1,0,1,3,1,34,5,1,9,08,0,1,1,200900066277A01,7,1,1
200900066287,2009-10-13,2009,octobre,mardi,74:5,94,94068,0.00004,0,2,1,2,2,1,4,1,01,1,1,000,059,1,0,0,4,2,35,1,1,9,00,2,1,1,200900066287B01,10,4,1
200900066336,2009-10-15,2009,octobre,jeudi,10:25,94,94052,0.00004,0,2,2,3,1,1,2,2,02,1,1,000,125,1,5,1,4,1,54,5,1,2,00,2,1,1,200900066336B01,7,15,1
200900066367,2009-10-04,2009,octobre,dimanche,44:0,94,94016,0.00004,0,2,1,7,5,1,3,-1,00,1,1,000,000,1,0,1,4,1,25,9,1,9,00,0,0,0,200900066367A01,,,
200900066414,2009-10-13,2009,octobre,mardi,12:15,94,94080,0.00004,0,2,3,3,1,1,3,1,01,1,1,000,000,1,0,1,4,1,33,1,1,9,00,2,1,18,200900066414B01,7,22,1
200900066417,2009-05-26,2009,mai,mardi,18:00,07,07186,0,0,2,7,3,1,1,4,2,02,2,1,000,046,1,0,1,4,1,71,3,1,2,00,2,1,1,200900066417B01,7,15,1
200900066449,2009-10-10,2009,octobre,samedi,18:35,78,78646,0.00004,0,2,3,3,1,1,4,1,01,1,1,000,030,1,0,1,4,1,13,5,1,2,00,2,1,1,200900066449B01,7,2,1
200900066452,2009-06-02,2009,juin,mardi,19:45,78,78146,0.00004,0,2,2,3,1,1,4,1,02,1,1,000,069,1,0,1,3,1,36,5,1,4,00,2,8,1,200900066452B01,7,15,1
200900066470,2009-09-06,2009,septembre,dimanche,11:35,78,78297,0.00004,0,2,6,3,1,1,3,1,03,1,2,000,000,1,0,1,3,1,52,5,1,2,00,2,7,2,200900066470B01,7,9,1
200900066473,2009-09-09,2009,septembre,mercredi,17:05,78,78423,0.00004,0,1,1,1,1,1,3,2,02,1,4,000,000,1,0,5,4,1,32,5,1,2,00,2,1,1,200900066473B01,2,13,1
200900066480,2009-09-28,2009,septembre,lundi,16:10,78,78646,0.00004,0,2,1,2,1,1,4,1,01,1,1,000,080,1,0,1,3,1,13,2,1,4,00,2,1,2,200900066480A01,7,23,1
200900066482,2009-10-01,2009,octobre,jeudi,10:20,78,78646,0.00004,0,2,3,3,1,1,3,3,00,1,1,050,260,1,0,1,4,2,18,2,1,2,00,2,1,19,200900066482A01,7,1,1
200900066486,2009-10-06,2009,octobre,mardi,81:0,78,78297,0.00004,0,2,6,3,3,2,3,2,02,1,1,000,000,2,0,0,4,1,14,2,1,9,00,2,7,15,200900066486B01,7,9,1
200900066488,2009-10-07,2009,octobre,mercredi,80:0,78,78423,0.00004,0,2,3,3,1,1,4,3,06,1,1,000,071,1,0,1,3,2,15,2,1,9,00,2,8,19,200900066488B01,38,1,1
200900066505,2009-11-05,2009,novembre,jeudi,15:25,78,78423,0,0,2,3,3,1,3,4,3,02,1,1,000,070,2,0,1,3,1,33,1,1,9,00,2,8,19,200900066505B01,7,1,1
200900066510,2009-11-13,2009,novembre,vendredi,13:45,78,78297,0,0,2,1,3,1,1,4,-1,01,2,1,000,000,1,0,4,4,2,37,1,1,2,00,2,7,1,200900066510B01,7,1,1
200900066525,2009-12-10,2009,décembre,jeudi,14:30,78,78423,0,0,2,6,3,1,1,4,2,02,-1,-1,000,000,-1,0,1,4,1,15,2,1,9,00,2,1,5,200900066525B01,7,2,1
200900066550,2009-09-09,2009,septembre,mercredi,10:30,38,38344,0.00004,0,2,1,3,1,1,3,2,02,1,1,000,070,1,0,1,3,1,54,5,1,1,00,2,1,2,200900066550B02,7,16,1
200900066558,2009-09-25,2009,septembre,vendredi,21:00,38,38111,0,0,2,1,1,5,1,3,2,00,2,1,000,000,1,0,1,4,1,34,1,1,2,00,2,1,1,200900066558B02,7,15,1
200900066569,2009-09-11,2009,septembre,vendredi,17:30,38,38511,0,0,2,1,1,1,1,4,2,00,2,3,000,000,1,0,1,3,1,41,5,1,2,00,2,1,13,200900066569B02,7,1,1
200900066583,2009-09-24,2009,septembre,jeudi,18:45,38,38185,0,0,2,1,3,1,1,4,1,02,1,1,000,100,1,0,5,4,2,60,0,1,9,00,2,8,1,200900066583B01,15,15,1
200900066589,2009-09-27,2009,septembre,dimanche,13:25,38,38185,0,0,2,3,3,1,1,4,1,01,1,1,000,069,1,0,1,4,1,62,0,1,9,00,2,7,1,200900066589B01,7,16,1
200900066590,2009-09-11,2009,septembre,vendredi,80:0,38,38185,0,0,2,2,3,1,1,4,2,03,1,1,000,107,1,0,1,4,1,15,2,1,2,00,2,1,15,200900066590B01,7,1,1
200900066600,2009-10-05,2009,octobre,lundi,13:00,38,38397,0,0,1,1,3,1,1,3,2,02,4,3,000,187,1,0,1,3,1,67,5,1,1,00,2,7,15,200900066600B02,7,1,1
200900066632,2009-10-22,2009,octobre,jeudi,16:45,38,38185,0,0,2,1,3,1,1,4,2,02,1,1,000,240,1,0,1,3,2,16,2,1,2,00,2,8,19,200900066632B01,10,1,1
200900066633,2009-10-16,2009,octobre,vendredi,18:50,38,38516,0,0,2,1,3,2,1,4,2,04,1,1,000,129,1,0,1,3,2,22,1,1,9,00,2,1,19,200900066633B01,37,1,1
200900066639,2009-10-12,2009,octobre,lundi,16:45,38,38516,0,0,2,1,3,1,1,4,2,02,2,1,000,092,1,2,1,3,1,58,0,1,9,00,2,1,15,200900066639A01,7,1,1
200900066647,2009-04-29,2009,avril,mercredi,10:20,14,14699,0,0,2,1,3,1,1,9,2,02,1,1,000,000,1,0,1,4,2,48,5,1,2,01,0,1,1,200900066647B01,7,24,1
200900066679,2009-11-24,2009,novembre,mardi,14:00,38,38215,0.00004,0,1,1,1,1,8,3,3,02,2,4,000,050,2,0,1,2,1,44,5,1,2,00,2,1,13,200900066679A01,14,1,1
200900066682,2009-11-20,2009,novembre,vendredi,10:00,38,38468,0,0,2,1,6,1,1,4,3,02,1,-1,025,152,1,0,1,3,2,17,1,1,8,00,0,0,1,200900066682A01,7,15,1
200900066706,2009-11-26,2009,novembre,jeudi,20:10,38,38185,0,0,2,3,3,5,1,4,2,04,1,1,000,240,1,2,1,4,1,58,0,1,9,00,2,1,0,200900066706B01,7,16,1
200900066731,2009-12-11,2009,décembre,vendredi,14:00,38,38185,0,0,2,2,6,1,1,4,1,03,1,1,000,110,1,0,1,3,1,31,5,1,2,00,4,7,19,200900066731B01,40,1,1
200900066749,2009-12-09,2009,décembre,mercredi,73:0,38,38528,0,0,1,1,1,3,1,3,-1,00,-1,-1,000,000,-1,0,0,2,1,50,0,1,8,00,0,1,1,200900066749B02,7,0,1
200900066797,2009-08-31,2009,août,lundi,15:15,38,38105,0,0,2,1,3,1,1,3,2,00,1,1,000,060,1,0,1,3,1,44,5,1,1,00,2,1,1,200900066797B02,7,9,1
200900066801,2009-08-29,2009,août,samedi,10:45,38,38133,0.00004,0,1,1,6,1,1,3,2,00,2,3,000,070,1,0,0,3,1,77,5,1,2,00,2,8,1,200900066801B02,,,