Num_Acc,date,an,mois,jour,hrmn,dep,com,lat,long,agg,int,col,lum,atm,catr,circ,nbv,prof,plan,lartpc,larrout,surf,infra,situ,grav,sexe,age,trajet,secuexist,equipement,obs,obsm,choc,manv,vehiculeid,typevehicules,manoeuvehicules,numVehicules
200900066807,2009-08-14,2009,août,vendredi,10:00,38,38324,0.00004,0,1,6,2,1,1,3,,,,,,,,,,3,1,30,5,1,9,00,2,6,2,200900066807A01,7,2,1
200900066817,2009-08-23,2009,août,dimanche,11:30,38,38535,0,0,1,6,1,1,1,3,2,02,1,2,000,000,1,5,5,3,1,72,5,1,2,00,2,6,1,200900066817B02,7,16,1
200900066823,2009-08-21,2009,août,vendredi,12:15,38,38038,0.00004,0,2,1,6,1,1,4,2,02,4,2,000,060,1,0,0,2,1,16,5,1,1,06,0,1,1,200900066823A01,,,
200900066833,2009-08-13,2009,août,jeudi,75:0,38,38053,0,0,2,6,3,2,1,3,2,02,1,1,000,000,1,5,1,4,1,56,1,1,9,00,2,7,1,200900066833B01,7,9,1
200900066837,2009-08-12,2009,août,mercredi,18:30,38,38185,0,0,2,2,3,1,1,4,1,01,1,1,000,050,1,0,1,4,1,37,1,1,9,00,2,1,1,200900066837B01,7,15,1
200900066840,2009-08-24,2009,août,lundi,14:40,38,38185,0,0,2,3,3,1,1,4,2,03,1,1,000,105,1,0,1,4,1,19,0,1,9,00,2,1,1,200900066840A01,7,16,1
200900066844,2009-08-16,2009,août,dimanche,19:10,38,38185,0,0,2,6,3,1,1,4,2,03,1,1,000,100,1,0,1,4,1,39,5,1,2,00,2,1,1,200900066844B01,7,9,1
200900066859,2009-08-08,2009,août,samedi,22:10,38,38053,0,0,1,1,2,3,1,3,2,02,1,1,000,065,1,0,1,2,1,60,5,1,9,00,0,4,2,200900066859B01,7,2,1
200900066877,2009-10-22,2009,octobre,jeudi,73:5,58,58194,0,0,2,1,3,5,2,4,2,02,1,1,000,170,1,0,1,3,1,18,1,1,9,00,0,0,2,200900066877B01,7,2,1
200900066883,2009-10-03,2009,octobre,samedi,18:35,58,58194,0,0,2,1,6,1,1,4,2,02,1,1,000,000,1,0,4,1,1,13,0,1,9,00,1,1,1,200900066883A01,,,
200900066887,2009-10-06,2009,octobre,mardi,12:15,58,58194,0,0,2,1,6,1,1,4,2,02,1,1,000,000,1,0,4,4,2,12,0,1,9,00,0,0,0,200900066887A01,,,
200900066941,2009-07-24,2009,juillet,vendredi,14:00,13,13055,0,0,2,3,3,1,1,4,2,02,1,1,000,000,1,0,1,1,1,32,1,1,9,00,0,6,15,200900066941B01,30,3,1
200900066944,2009-08-18,2009,août,mardi,13:00,13,13214,0,0,2,1,3,1,1,4,2,02,2,1,000,030,1,0,1,4,1,40,0,1,9,00,2,8,2,200900066944B01,7,2,1
200900066951,2009-09-07,2009,septembre,lundi,18:30,42,42318,0.00004,0,2,4,3,1,7,3,2,02,1,2,000,067,1,0,1,3,2,68,5,1,1,00,2,8,1,200900066951B02,7,17,1
200900066952,2009-09-08,2009,septembre,mardi,12:45,42,42155,0.00004,0,2,2,5,1,1,3,2,02,-1,1,000,063,1,0,1,3,1,39,5,1,2,00,2,8,1,200900066952B02,7,19/23,2
200900066961,2009-09-14,2009,septembre,lundi,91:5,42,42011,0.00004,0,1,1,2,1,1,3,2,00,-1,1,000,065,1,0,1,4,2,50,5,1,2,00,0,4,1,200900066961B02,10,1,1
200900066970,2009-09-17,2009,septembre,jeudi,15:30,42,42041,0.00004,0,1,1,3,1,1,3,2,02,1,1,000,064,1,0,1,3,1,61,5,1,2,00,0,4,1,200900066970B02,10,17,1
200900066977,2009-09-17,2009,septembre,jeudi,16:30,42,42216,0.00004,0,1,1,3,1,1,3,2,00,-1,1,000,060,1,0,1,3,1,52,5,1,1,00,2,1,1,200900066977B02,7,1,1
200900067026,2009-09-05,2009,septembre,samedi,17:30,42,42187,0.00004,0,2,1,3,1,1,4,4,00,1,1,000,058,1,0,1,3,1,79,5,1,9,00,2,8,1,200900067026A01,7,16,1
200900067046,2009-10-12,2009,octobre,lundi,12:45,42,42311,0.00004,0,2,9,3,1,1,3,4,03,1,1,000,000,2,5,1,4,1,21,0,1,2,12,0,8,1,200900067046B02,31,15,1
200900067059,2009-09-08,2009,septembre,mardi,11:15,54,54111,0.00004,0,2,1,1,1,1,3,2,00,2,2,000,000,1,0,1,3,1,48,5,1,2,00,2,0,1,200900067059B02,7,15,1
200900067070,2009-09-23,2009,septembre,mercredi,18:30,54,54507,0.00004,0,1,1,1,1,1,3,2,02,4,2,000,000,1,0,1,2,1,49,5,1,8,00,2,1,1,200900067070A01,7,1,1
200900067082,2009-09-29,2009,septembre,mardi,92:5,54,54304,0,0,2,1,3,1,1,4,2,04,1,1,003,120,1,0,1,3,1,56,0,1,2,00,2,9,17,200900067082A01,15,2,1
200900067095,2009-09-01,2009,septembre,mardi,93:0,54,54547,0,0,2,1,7,1,1,4,-1,01,1,-1,000,000,1,0,5,4,1,28,0,1,9,00,9,1,0,200900067095A01,,,
200900067101,2009-09-05,2009,septembre,samedi,14:00,54,54079,0,0,2,3,1,1,1,4,2,02,-1,1,000,000,1,0,1,3,1,48,5,1,9,00,2,8,1,200900067101B01,10,15,1
200900067103,2009-09-26,2009,septembre,samedi,12:00,54,54357,0,0,2,1,2,1,1,4,2,02,2,1,000,000,1,0,1,4,1,7,5,1,2,00,2,1,1,200900067103B01,7,1,1
200900067127,2009-10-26,2009,octobre,lundi,80:0,61,61078,0,0,1,1,1,1,7,3,2,02,1,1,000,046,1,0,1,2,2,59,3,1,9,00,2,3,1,200900067127B02,7,13,1
200900067145,2009-10-03,2009,octobre,samedi,12:30,61,61466,0.00004,NaN,2,1,2,1,1,3,2,02,4,1,000,074,1,0,1,3,2,60,5,1,9,00,0,6,2,200900067145B01,7,2,1
200900067165,2009-12-15,2009,décembre,mardi,17:05,06,06069,0,0,2,1,3,5,1,3,2,02,2,-1,000,000,-1,0,1,3,1,39,1,1,4,00,2,1,1,200900067165B01,10,15,1
200900067175,2009-12-08,2009,décembre,mardi,17:25,06,06088,0,0,2,2,6,1,1,4,2,04,2,1,000,100,1,0,1,1,1,41,5,1,9,00,1,0,0,200900067175A01,,,
200900067197,2009-12-06,2009,décembre,dimanche,16:00,06,06088,0,0,2,1,2,1,1,4,3,04,1,2,000,000,1,0,1,4,1,36,0,1,9,00,2,4,2,200900067197B01,7,1,1
200900067293,2009-12-08,2009,décembre,mardi,18:15,06,06027,0,0,2,1,6,5,1,4,2,04,1,1,000,000,1,0,5,3,1,52,1,1,2,00,1,1,1,200900067293A01,,,
200900067309,2009-12-02,2009,décembre,mercredi,84:5,06,06029,0,0,2,1,3,1,1,4,3,02,1,1,000,130,1,0,1,1,1,22,0,1,8,00,2,1,5,200900067309A01,30,0,1
200900067371,2009-10-16,2009,octobre,vendredi,22:00,76,76540,0,0,2,1,3,5,1,4,2,02,2,1,000,070,1,0,1,4,1,23,0,1,2,00,2,1,1,200900067371B01,7,15,1
200900067375,2009-10-28,2009,octobre,mercredi,15:35,76,76216,0,0,2,1,4,1,1,4,2,02,1,1,000,060,1,0,1,4,1,27,9,1,9,00,2,1,0,200900067375C01,7,0,2
200900067419,2009-11-29,2009,novembre,dimanche,83:0,61,61145,0,0,1,1,3,2,1,3,2,03,4,3,000,115,1,0,1,3,1,42,5,1,2,00,2,1,1,200900067419B02,10,15,1
200900067438,2009-10-08,2009,octobre,jeudi,17:17,42,42218,0.00004,0,2,1,6,1,1,4,2,04,1,1,000,120,1,0,1,4,1,69,5,1,2,00,0,4,1,200900067438B01,7,12,1
200900067489,2009-10-10,2009,octobre,samedi,10:30,42,42177,0.00004,0,2,1,3,1,1,4,2,00,1,3,000,000,1,0,1,3,1,13,5,1,1,00,2,1,1,200900067489B02,7,1,1
200900067490,2009-10-05,2009,octobre,lundi,73:0,42,42208,0.00004,0,1,1,1,2,1,3,1,00,2,4,000,000,1,0,1,2,1,47,1,1,2,00,2,1,1,200900067490A01,30,13,1
200900067506,2009-10-13,2009,octobre,mardi,12:05,42,42187,0.00004,0,2,3,3,1,1,4,2,02,1,1,000,061,1,5,1,4,1,30,1,1,4,00,2,1,1,200900067506B01,10,1,1
200900067509,2009-10-06,2009,octobre,mardi,83:5,42,42187,0.00004,0,2,1,3,1,1,3,2,02,1,1,000,080,1,0,1,4,1,84,5,1,9,00,2,6,1,200900067509B01,7,1,1
200900067525,2009-10-22,2009,octobre,jeudi,19:25,42,42218,0.00004,0,2,1,2,5,3,4,2,02,1,1,000,070,2,0,1,3,1,14,5,1,2,00,2,4,13,200900067525B01,7,2,1
200900067646,2009-09-01,2009,septembre,mardi,16:15,06,06088,0,0,2,1,6,1,1,9,-1,01,1,1,010,010,1,2,4,4,1,45,5,1,2,00,2,1,0,200900067646A01,33,0,1
200900067656,2009-09-30,2009,septembre,mercredi,11:55,06,06123,0,0,2,1,2,1,1,4,3,03,1,1,000,000,1,0,1,4,1,51,5,1,2,00,2,4,1,200900067656B01,7,9,1
200900067664,2009-09-07,2009,septembre,lundi,16:10,06,06123,0,0,2,1,3,1,1,4,1,02,1,1,000,000,1,0,1,4,2,39,5,1,2,00,2,7,1,200900067664B01,7,11,1
200900067702,2009-09-11,2009,septembre,vendredi,74:5,06,06150,0,0,1,1,1,2,1,3,2,02,2,1,000,075,1,0,1,2,2,45,5,1,9,00,2,1,1,200900067702B02,7,17,1
200900067742,2009-09-30,2009,septembre,mercredi,11:10,06,06104,0,0,2,1,7,1,1,4,1,01,1,1,000,072,1,0,1,3,2,50,5,1,9,00,0,0,1,200900067742A01,7,22,1
200900067768,2009-09-24,2009,septembre,jeudi,73:0,06,06088,0,0,2,1,3,1,1,3,3,04,1,1,030,068,1,0,1,3,1,31,0,1,2,00,2,4,1,200900067768B01,14,13,1
200900067773,2009-10-01,2009,octobre,jeudi,19:00,54,54395,0,0,2,2,3,2,1,4,1,01,1,1,000,000,1,0,1,4,1,36,0,1,9,00,2,1,7,200900067773B01,7,0,1
200900067781,2009-10-06,2009,octobre,mardi,70:5,54,54079,0,0,2,1,3,5,1,3,1,01,1,1,000,091,1,0,5,3,1,51,1,1,9,01,0,1,1,200900067781B01,7,22,1
200900067790,2009-10-09,2009,octobre,vendredi,95:0,54,54395,0,0,2,2,3,1,1,4,1,02,2,1,000,057,1,5,1,4,2,16,2,1,9,00,2,7,1,200900067790A01,7,1,1
200900067804,2009-10-24,2009,octobre,samedi,14:25,54,54547,0,0,2,2,3,1,1,4,1,02,1,1,000,000,1,0,1,4,1,28,5,1,2,00,2,8,1,200900067804B01,7,0,1
200900067841,2009-11-18,2009,novembre,mercredi,94:5,42,42187,0.00004,0,2,1,3,1,1,3,2,02,4,1,000,068,1,0,1,4,1,59,5,1,4,00,2,1,1,200900067841B01,7,15,1
200900067876,2009-11-17,2009,novembre,mardi,13:20,42,42316,0.00004,0,2,2,3,1,1,3,1,01,1,-1,000,090,1,5,1,3,1,78,0,1,2,00,2,1,0,200900067876B01,7,9,1
200900067947,2009-11-07,2009,novembre,samedi,93:0,06,06088,0,0,2,1,2,1,1,4,3,06,1,1,000,000,1,0,1,4,1,61,5,1,4,00,2,4,2,200900067947B01,7,2,1
200900067951,2009-11-20,2009,novembre,vendredi,17:05,06,06088,0,0,2,1,3,2,1,4,2,02,1,1,000,000,1,0,1,3,1,45,1,1,2,00,2,1,17,200900067951B01,7,10,1
200900068049,2009-11-04,2009,novembre,mercredi,16:25,06,06069,0,0,1,1,7,1,1,3,2,02,-1,-1,000,000,-1,0,1,4,2,6,0,1,9,00,0,0,0,200900068049A01,,,
200900068049,2009-11-04,2009,novembre,mercredi,16:25,06,06069,0,0,1,1,7,1,1,3,2,02,-1,-1,000,000,-1,0,1,4,1,14,0,1,9,00,0,0,0,200900068049A01,,,
200900068066,2009-11-09,2009,novembre,lundi,74:5,06,06029,0,0,2,2,3,1,1,4,1,01,1,1,000,080,1,0,1,3,2,16,0,1,9,00,2,1,1,200900068066B01,7,15,1
200900068107,2009-10-25,2009,octobre,dimanche,15:00,06,06004,0,0,2,1,2,1,1,4,-1,02,1,1,000,000,1,0,1,4,2,44,5,1,2,00,2,4,2,200900068107B01,7,2,1
200900068164,2009-10-05,2009,octobre,lundi,14:40,06,06083,0,0,2,1,3,1,1,3,2,02,1,1,000,058,1,0,1,3,1,76,5,1,9,00,0,8,1,200900068164B01,7,17,1
200900068183,2009-10-30,2009,octobre,vendredi,10:30,06,06159,0,0,2,1,3,1,1,4,3,04,1,1,000,085,1,5,1,4,1,86,5,1,4,00,2,0,0,200900068183B01,7,2,1
200900068267,2009-09-04,2009,septembre,vendredi,21:05,27,27681,0.00004,0,2,9,6,5,1,4,2,02,1,1,000,060,1,0,1,3,1,52,9,1,2,00,9,1,0,200900068267B01,2,0,1
200900068278,2009-12-06,2009,décembre,dimanche,23:5,54,54184,0,0,2,1,7,5,1,4,2,02,1,-1,000,000,1,0,1,3,2,24,5,1,2,14,0,1,1,200900068278A01,,,
200900068288,2009-12-31,2009,décembre,jeudi,14:20,54,54395,0,0,2,2,6,1,3,4,-1,01,1,1,000,111,2,0,1,4,1,59,5,1,2,00,9,1,2,200900068288A01,7,23,1
200900068325,2009-12-29,2009,décembre,mardi,19:25,54,54184,0,0,2,3,3,5,1,4,2,02,1,1,000,000,1,0,0,4,1,23,5,1,2,00,2,1,19,200900068325A01,7,23,1
200900068333,2009-08-19,2009,août,mercredi,15:45,76,76217,0,0,2,5,3,1,1,2,1,02,2,1,000,070,1,0,1,4,1,66,5,1,9,00,2,7,15,200900068333B01,7,16,1
200900068334,2009-11-09,2009,novembre,lundi,18:00,55,55186,0,0,1,1,3,3,2,3,2,02,1,1,000,140,2,0,5,4,2,24,5,1,4,00,2,8,1,200900068334B01,7,14,1
200900068336,2009-08-28,2009,août,vendredi,16:20,76,76565,0,0,2,1,3,1,1,2,2,03,1,1,024,095,1,0,1,3,1,32,5,1,2,01,0,1,1,200900068336B01,7,1,1
200900068337,2009-11-04,2009,novembre,mercredi,16:38,78,78123,0,0,2,1,7,1,1,3,3,02,1,1,010,120,1,0,1,4,1,25,1,1,2,00,0,0,2,200900068337A01,,,
200900068354,2009-10-04,2009,octobre,dimanche,12:00,89,89136,0.00004,0,1,1,3,1,1,3,2,02,1,1,000,065,1,0,1,3,1,42,5,1,9,00,0,8,1,200900068354B02,7,15,1
200900068361,2009-10-09,2009,octobre,vendredi,20:30,89,89418,0,0,2,1,6,5,1,3,2,02,2,1,000,058,1,0,4,2,1,43,5,1,9,08,0,1,1,200900068361A01,,,
200900068371,2009-10-28,2009,octobre,mercredi,14:30,89,89255,0.00004,0,1,1,3,1,1,3,2,02,1,1,000,100,1,0,1,3,2,72,5,1,9,00,2,1,1,200900068371B02,7,1,1
200900068388,2009-09-09,2009,septembre,mercredi,12:55,76,76217,0,0,2,1,7,1,1,9,1,02,1,1,000,100,1,0,1,3,2,26,5,1,2,00,2,0,1,200900068388A01,15,21,1
200900068419,2009-07-01,2009,juillet,mercredi,19:40,54,54395,0,0,2,2,7,1,1,4,2,04,1,1,020,059,1,0,1,4,1,42,1,1,2,16,0,1,1,200900068419B01,7,2,1
200900068422,2009-07-02,2009,juillet,jeudi,10:50,54,54547,0,0,2,3,3,1,1,4,2,03,1,1,000,144,1,5,1,4,1,15,5,1,9,00,2,1,1,200900068422A01,7,1,1
200900068427,2009-07-03,2009,juillet,vendredi,81:5,54,54397,0,0,2,3,3,1,1,4,2,02,1,1,000,060,1,0,1,4,1,63,5,1,2,00,2,1,11,200900068427A01,7,16,1
200900068429,2009-07-03,2009,juillet,vendredi,19:45,54,54329,0.00004,0,2,1,3,1,1,3,2,01,1,1,000,000,1,0,1,3,1,61,5,1,9,00,0,3,2,200900068429B01,7,2,1
200900068457,2009-07-28,2009,juillet,mardi,14:00,54,54102,0,0,2,1,2,1,1,4,2,02,2,1,000,000,1,0,1,3,1,48,5,1,2,00,2,1,21,200900068457B02,7,4,1
200900068472,2009-11-16,2009,novembre,lundi,10:30,89,89101,0,0,2,3,1,1,1,3,-1,02,1,1,000,065,2,0,1,2,1,73,3,1,4,00,2,1,15,200900068472B02,7,1,1
200900068499,2009-12-14,2009,décembre,lundi,73:0,89,89478,0,0,1,9,1,3,1,3,-1,02,1,1,000,070,1,0,1,3,1,30,0,1,4,00,2,1,1,200900068499B02,10,15,1
200900068499,2009-12-14,2009,décembre,lundi,73:0,89,89478,0,0,1,9,1,3,1,3,-1,02,1,1,000,070,1,0,1,4,1,31,1,1,4,00,2,1,1,200900068499B02,10,15,1
200900068530,2009-04-04,2009,avril,samedi,11:20,93,93055,0.00004,0,2,3,2,1,1,3,2,02,1,1,000,006,1,0,1,1,2,58,5,1,9,00,0,4,1,200900068530B01,7,1,1
200900068537,2009-05-30,2009,mai,samedi,19:15,93,93073,0.00004,0,2,1,6,1,1,4,-1,01,1,1,000,000,9,0,5,1,1,30,5,1,2,00,1,4,2,200900068537A01,,,
200900068537,2009-05-30,2009,mai,samedi,19:15,93,93073,0.00004,0,2,1,6,1,1,4,-1,01,1,1,000,000,9,0,5,4,2,55,5,1,9,00,1,4,2,200900068537A01,,,
200900068538,2009-05-30,2009,mai,samedi,20:00,93,93055,0.00004,0,2,1,2,1,1,4,1,01,1,1,000,040,1,0,1,4,2,9,5,1,2,00,0,4,2,200900068538B01,30,2,1
200900068555,2009-06-21,2009,juin,dimanche,15:20,93,93055,0.00004,0,2,1,1,1,1,3,2,02,1,1,000,060,1,0,1,3,2,26,5,1,9,00,2,1,1,200900068555B01,7,17,1
200900068560,2009-10-29,2009,octobre,jeudi,13:20,14,14715,0.00004,0,2,7,6,1,1,9,1,02,1,1,000,080,1,0,1,3,2,86,5,1,9,00,2,0,1,200900068560B01,7,16,1
200900068588,2009-12-10,2009,décembre,jeudi,10:10,76,76165,0,0,2,5,3,1,1,4,2,01,1,1,000,000,1,5,1,3,2,77,3,1,4,00,2,0,0,200900068588B01,17,1,1
200900068621,2009-10-22,2009,octobre,jeudi,16:35,93,93046,0.00004,0,2,6,3,1,1,4,2,02,1,-1,000,000,1,0,0,4,1,16,2,1,2,09,2,7,1,200900068621B01,7,1,1
200900068671,2009-10-19,2009,octobre,lundi,95:0,93,93051,0.00004,0,2,3,3,1,8,3,1,02,-1,1,010,050,1,0,1,4,2,41,1,1,2,00,2,1,9,200900068671B01,7,12,1
200900068721,2009-10-12,2009,octobre,lundi,80:0,93,93008,0.00004,0,2,6,2,1,1,2,1,02,2,2,000,080,2,0,1,3,2,59,1,1,2,00,0,6,3,200900068721A01,7,1,1
200900068755,2009-10-12,2009,octobre,lundi,20:00,93,93005,0.00004,0,2,1,1,5,1,4,2,02,1,-1,000,000,1,0,4,3,2,10,0,1,9,00,0,0,0,200900068755A01,1,0,1
200900068755,2009-10-12,2009,octobre,lundi,20:00,93,93005,0.00004,0,2,1,1,5,1,4,2,02,1,-1,000,000,1,0,4,3,1,9,5,1,9,00,0,0,0,200900068755B01,1,0,1
200900068824,2009-10-01,2009,octobre,jeudi,11:40,93,93001,0.00004,0,2,1,2,1,1,3,1,01,1,-1,060,060,1,0,1,1,1,48,5,1,4,00,0,4,2,200900068824B01,33,2,1
200900068827,2009-10-16,2009,octobre,vendredi,14:30,93,93008,0.00004,0,2,2,6,1,1,3,1,01,-1,-1,000,000,-1,0,1,4,2,39,0,1,9,00,2,0,2,200900068827B01,7,2,1
200900068900,2009-07-02,2009,juillet,jeudi,17:10,93,93062,0.00004,0,2,3,1,1,1,3,3,02,1,1,060,120,1,0,1,4,1,56,0,1,9,00,2,8,0,200900068900B01,7,15,1
200900068942,2009-07-31,2009,juillet,vendredi,17:45,93,93051,0.00004,0,2,1,6,1,1,4,2,02,1,1,000,000,1,0,5,1,2,8,5,1,2,00,1,4,2,200900068942A01,,,
200900068942,2009-07-31,2009,juillet,vendredi,17:45,93,93051,0.00004,0,2,1,6,1,1,4,2,02,1,1,000,000,1,0,5,3,2,53,5,1,9,00,1,4,2,200900068942A01,,,
200900068955,2009-07-09,2009,juillet,jeudi,14:45,93,93046,0.00004,0,2,2,1,1,1,4,2,02,1,1,000,035,1,0,1,4,1,31,5,1,2,00,2,1,1,200900068955A01,7,1,1
200900068960,2009-07-16,2009,juillet,jeudi,21:25,93,93073,0.00004,0,1,1,3,2,1,4,2,03,1,1,000,060,-1,0,0,4,1,18,5,1,4,00,2,7,15,200900068960A01,7,2,1
200900068979,2009-07-05,2009,juillet,dimanche,11:28,93,93073,0.00004,0,2,2,3,1,1,4,-1,00,1,-1,000,000,1,0,0,3,1,10,0,1,2,00,2,0,0,200900068979B01,7,0,1
200900068984,2009-07-28,2009,juillet,mardi,83:0,93,93066,0.00004,0,2,1,3,1,1,3,3,04,1,1,020,120,1,0,1,3,1,42,5,1,2,00,0,0,2,200900068984B01,33,9,1
200900068991,2009-07-04,2009,juillet,samedi,19:00,93,93073,0.00004,0,2,1,1,1,1,4,4,02,1,1,000,030,1,0,1,3,1,64,5,1,2,00,0,9,15,200900068991B01,7,15,1
200900069039,2009-07-03,2009,juillet,vendredi,10:05,93,93059,0.00004,0,2,1,3,1,1,4,-1,00,2,1,000,000,1,0,4,4,1,10,5,1,9,00,2,1,1,200900069039A01,7,1,1
200900069043,2009-07-16,2009,juillet,jeudi,19:00,93,93005,0.00004,0,2,1,3,1,1,4,1,02,1,1,040,090,1,0,1,3,1,28,1,1,9,00,0,9,9,200900069043B01,7,1,1
200900069071,2009-08-13,2009,août,jeudi,81:5,93,93055,0.00004,0,2,3,1,1,1,3,2,04,1,1,000,120,1,0,1,3,1,31,9,1,9,00,2,7,1,200900069071A01,7,15,1
200900069085,2009-08-26,2009,août,mercredi,10:35,93,93027,0.00004,0,2,1,3,1,1,3,2,02,1,1,000,000,1,0,4,4,1,15,0,1,2,00,2,1,0,200900069085B01,7,9,1
200900069136,2009-08-18,2009,août,mardi,15:15,93,93008,0.00004,0,2,2,1,1,1,3,2,01,1,1,000,060,1,5,1,4,1,9,5,1,9,00,2,7,19,200900069136B01,10,2,1
200900069160,2009-08-29,2009,août,samedi,16:00,93,93051,0.00004,0,2,1,3,2,1,4,2,02,1,3,000,060,1,0,1,3,1,14,5,1,2,00,2,3,2,200900069160A01,37,13,1
200900069168,2009-08-30,2009,août,dimanche,16:45,93,93066,0.00004,0,2,1,1,1,1,4,2,00,1,1,000,000,1,0,1,4,1,7,5,1,9,00,2,3,1,200900069168B01,34,1,1
200900069174,2009-08-29,2009,août,samedi,13:50,93,93048,0.00004,0,2,2,3,1,1,4,1,01,1,1,000,080,1,0,1,4,1,17,5,1,2,00,2,4,5,200900069174B01,10,1,1
200900069180,2009-08-26,2009,août,mercredi,18:30,93,93078,0.00004,0,2,1,1,1,1,4,2,01,1,1,010,040,1,0,1,4,2,40,0,1,2,00,0,1,2,200900069180B01,7,2,1
200900069208,2009-08-20,2009,août,jeudi,14:35,93,93005,0.00004,0,2,1,2,1,1,3,3,00,1,-1,000,000,1,0,1,4,1,46,0,1,4,00,0,0,0,200900069208B01,7,0,1
200900069217,2009-09-23,2009,septembre,mercredi,93:0,93,93055,0.00004,0,2,6,3,1,1,4,-1,00,2,3,000,000,-1,5,0,3,1,32,0,1,2,00,2,1,9,200900069217B01,7,16,1
200900069218,2009-09-10,2009,septembre,jeudi,80:5,93,93055,0.00004,0,2,3,3,1,1,3,2,02,1,1,000,030,1,0,1,3,1,30,0,1,2,00,2,6,2,200900069218B01,7,16,1
200900069219,2009-09-07,2009,septembre,lundi,65:5,93,93055,0.00004,0,2,3,3,1,1,3,2,02,1,1,000,050,1,0,5,4,1,56,1,1,2,00,2,8,19,200900069219B01,7,2,1
200900069223,2009-09-26,2009,septembre,samedi,16:40,93,93055,0.00004,0,2,1,6,1,1,4,1,01,1,1,000,040,1,0,1,3,1,11,0,1,2,00,0,7,19,200900069223B01,7,1,1
200900069242,2009-09-18,2009,septembre,vendredi,14:00,93,93077,0.00004,0,2,1,3,1,1,2,2,02,1,1,000,100,1,0,1,4,1,13,2,1,9,00,2,1,19,200900069242A01,7,1,1
200900069251,2009-09-04,2009,septembre,vendredi,70:0,93,93039,0.00004,0,2,1,3,2,3,4,2,01,1,1,000,000,2,0,1,3,1,24,0,1,9,00,0,0,0,200900069251B01,7,1,1
200900069261,2009-09-12,2009,septembre,samedi,17:10,93,93031,0.00004,0,2,1,3,1,1,2,3,00,-1,-1,000,000,1,0,1,3,2,67,0,1,9,00,0,0,0,200900069261B01,7,0,1
200900069294,2009-09-11,2009,septembre,vendredi,17:00,93,93032,0.00004,0,2,1,3,1,1,4,2,01,1,1,000,000,-1,1,1,3,1,15,5,1,2,00,2,7,19,200900069294A01,7,1,1
200900069300,2009-09-26,2009,septembre,samedi,16:30,93,93031,0.00004,0,2,1,6,1,1,2,3,02,1,1,010,050,1,0,1,3,2,16,0,1,9,00,2,0,0,200900069300B01,7,0,1
200900069310,2009-09-09,2009,septembre,mercredi,11:20,93,93048,0.00004,0,2,1,3,1,1,4,1,00,-1,-1,000,000,1,0,1,4,1,10,2,1,2,00,2,3,19,200900069310B01,7,1,1
200900069314,2009-09-20,2009,septembre,dimanche,13:30,93,93046,0.00004,0,2,1,3,1,1,4,1,00,1,1,000,000,1,0,5,4,2,71,5,1,2,00,2,5,1,200900069314B01,7,9,1
200900069322,2009-09-11,2009,septembre,vendredi,13:40,93,93001,0.00004,0,2,1,1,1,1,4,2,02,1,1,000,000,1,0,1,3,1,34,1,1,2,00,2,7,1,200900069322B01,7,9,1
200900069370,2009-09-16,2009,septembre,mercredi,13:20,93,93063,0.00004,0,2,1,3,1,1,3,2,00,1,-1,000,000,1,0,1,4,1,7,0,1,2,00,0,0,0,200900069370B01,10,17,1
200900069391,2009-09-22,2009,septembre,mardi,11:30,93,93005,0.00004,0,2,6,1,1,1,2,1,00,1,1,000,000,1,0,1,3,1,67,0,1,9,00,2,7,6,200900069391B01,7,1,1
200900069392,2009-09-10,2009,septembre,jeudi,85:0,93,93027,0.00004,0,2,1,3,1,1,2,3,06,1,1,010,180,1,0,1,3,1,50,0,1,2,00,2,1,1,200900069392A01,10,19,1
200900069417,2009-09-24,2009,septembre,jeudi,18:10,93,93007,0.00004,0,2,3,3,1,1,4,2,02,1,1,000,060,1,0,0,3,2,37,0,1,2,00,0,0,0,200900069417B01,7,0,1
200900069553,2009-11-09,2009,novembre,lundi,23:20,93,93057,0.00004,0,2,1,3,5,1,3,2,02,1,-1,000,060,1,0,1,4,1,73,0,1,9,00,2,8,2,200900069553B01,7,2,1
200900069604,2009-12-04,2009,décembre,vendredi,12:50,93,93073,0.00004,0,2,5,2,1,1,4,2,02,1,1,000,050,2,0,1,3,1,11,0,1,8,00,2,4,0,200900069604B01,7,2,1
200900069687,2009-12-15,2009,décembre,mardi,15:00,93,93046,0.00004,0,2,2,3,1,1,4,1,01,1,1,000,000,1,0,0,4,2,45,1,1,9,00,2,7,1,200900069687B01,7,15,1
200900069730,2009-10-05,2009,octobre,lundi,16:10,61,61001,0.00004,0,2,2,3,1,1,3,2,02,1,1,000,071,1,0,1,3,1,13,5,1,9,00,2,3,19,200900069730A01,7,1,1
200900069738,2009-04-23,2009,avril,jeudi,22:45,76,76476,0,0,1,1,1,3,1,3,2,02,1,1,000,046,1,0,1,3,1,36,9,1,4,00,2,8,13,200900069738A01,7,1,1
200900069757,2009-06-04,2009,juin,jeudi,17:20,91,91377,0,0,2,3,3,1,1,4,-1,01,1,1,000,000,1,0,1,3,2,9,9,1,2,00,2,8,19,200900069757B01,10,1,1
200900069758,2009-07-02,2009,juillet,jeudi,14:15,91,91687,0,0,2,3,3,1,1,4,2,02,1,1,000,000,1,0,1,4,1,32,9,1,9,00,2,1,1,200900069758B01,7,15,1
200900069792,2009-12-01,2009,décembre,mardi,13:20,77,77123,0,0,1,1,2,1,1,3,1,02,2,-1,036,073,1,3,0,3,1,26,0,1,9,00,0,0,0,200900069792B01,33,0,1