Num_Acc,date,an,mois,jour,hrmn,dep,com,lat,long,agg,int,col,lum,atm,catr,circ,nbv,prof,plan,lartpc,larrout,surf,infra,situ,grav,sexe,age,trajet,secuexist,equipement,obs,obsm,choc,manv,vehiculeid,typevehicules,manoeuvehicules,numVehicules
200900069863,2009-12-31,2009,décembre,jeudi,16:09,42,42218,0.00004,0,2,6,3,1,1,4,2,02,1,1,015,040,1,0,1,3,1,84,5,1,9,00,0,7,1,200900069863B01,7,9,1
200900069868,2009-02-10,2009,février,mardi,16:00,42,42110,0.00004,0,2,1,6,1,1,4,2,01,1,3,000,080,-1,0,1,3,1,78,5,1,2,00,2,8,0,200900069868B01,38,17,1
200900069923,2009-08-05,2009,août,mercredi,10:26,11,11069,0,0,1,1,3,1,1,3,2,02,1,1,060,040,1,0,1,4,1,64,0,1,2,00,2,0,1,200900069923B01,7,1,1
200900069933,2009-03-14,2009,mars,samedi,16:15,93,93055,0.00004,0,2,1,2,1,1,2,3,01,1,1,000,000,1,0,1,4,1,36,0,1,8,00,0,0,0,200900069933B01,7,0,1
200900069936,2009-03-20,2009,mars,vendredi,17:30,93,93055,0.00004,0,2,1,6,1,1,2,1,01,1,1,000,020,1,0,1,3,1,51,1,1,2,01,0,1,18,200900069936B01,7,22,1
200900069999,2009-05-19,2009,mai,mardi,11:10,93,93070,0.00004,0,2,1,3,1,1,4,1,00,1,-1,000,000,1,0,1,3,1,20,2,1,9,01,0,1,0,200900069999A01,7,1,1
200900070000,2009-05-26,2009,mai,mardi,19:35,93,93070,0.00004,0,2,1,1,1,1,4,-1,01,1,1,000,000,1,0,1,4,1,11,0,1,9,00,2,7,19,200900070000B01,7,0,1
200900070003,2009-07-06,2009,juillet,lundi,18:20,93,93070,0.00004,0,2,1,3,1,1,3,2,02,1,1,000,000,1,0,0,3,1,30,0,1,9,00,0,8,0,200900070003B01,7,0,1
200900070025,2009-02-10,2009,février,mardi,20:10,69,69387,0,0,2,2,6,2,1,4,1,00,1,1,000,093,1,0,1,4,1,6,9,1,9,00,2,1,5,200900070025B01,7,1,1
200900070031,2009-03-17,2009,mars,mardi,20:20,69,69387,0,0,2,2,6,5,1,4,4,04,1,1,000,105,1,0,1,4,1,24,5,1,2,15,2,8,19,200900070031B01,7,15,1
200900070038,2009-04-01,2009,avril,mercredi,95:0,69,69387,0,0,2,2,3,1,1,4,1,02,1,1,000,060,1,0,0,4,1,71,5,1,9,00,2,8,19,200900070038B01,14,16,1
200900070078,2009-11-18,2009,novembre,mercredi,11:10,83,83069,0,0,2,6,3,1,1,3,1,02,1,1,000,085,1,0,1,3,1,75,0,1,2,00,2,7,1,200900070078B01,7,16,1
200900070084,2009-04-24,2009,avril,vendredi,13:35,69,69387,0,0,2,1,6,1,1,4,1,01,1,1,000,066,1,0,1,4,2,25,5,1,2,00,2,1,1,200900070084B01,10,24,1
200900070105,2009-10-10,2009,octobre,samedi,16:50,69,69029,0,0,2,2,3,1,2,4,3,05,3,1,000,000,2,0,1,4,1,40,1,1,4,00,2,8,2,200900070105A01,7,17,1
200900070108,2009-11-04,2009,novembre,mercredi,17:50,69,69290,0,0,2,3,3,5,2,4,2,02,1,1,000,000,2,0,1,4,1,42,5,1,4,00,2,0,19,200900070108A01,33,1,1
200900070113,2009-11-20,2009,novembre,vendredi,19:05,69,69385,0,0,2,1,3,5,1,3,2,02,1,1,000,000,1,0,1,4,2,19,2,1,2,00,2,8,1,200900070113B01,7,15,1
200900070114,2009-11-26,2009,novembre,jeudi,73:0,69,69385,0,0,2,1,3,1,1,4,3,04,2,3,000,180,1,0,1,4,1,50,1,1,9,00,2,8,2,200900070114B01,7,14,1
200900070127,2009-01-31,2009,janvier,samedi,95:5,13,13054,0,0,2,3,3,1,1,4,-1,02,2,1,000,046,1,0,1,4,1,51,5,1,2,00,2,7,1,200900070127B01,7,15,1
200900070143,2009-07-15,2009,juillet,mercredi,19:20,14,14566,0.00004,NaN,2,1,6,1,1,4,2,02,1,1,000,000,1,0,1,3,2,56,5,1,8,00,1,7,1,200900070143A01,,,
200900070155,2009-12-11,2009,décembre,vendredi,90:0,85,85060,0.00004,NaN,2,2,3,1,1,4,2,02,1,1,000,060,1,0,1,4,1,24,1,1,9,00,2,1,1,200900070155B01,7,15,1
200900070166,2009-12-08,2009,décembre,mardi,11:15,59,59512,0,0,1,1,3,1,1,4,2,02,-1,-1,000,000,1,0,1,4,2,38,4,1,9,00,2,3,1,200900070166B01,7,17,1
200900070179,2009-04-21,2009,avril,mardi,19:00,76,76217,0,0,2,2,3,1,1,4,2,02,2,1,000,070,1,0,1,3,1,14,5,1,2,00,2,1,16,200900070179A01,7,1,1
200900070204,2009-09-20,2009,septembre,dimanche,10:30,25,25462,0,0,2,3,6,1,1,4,2,02,4,1,000,000,1,5,0,3,1,15,5,1,9,00,1,7,16,200900070204A01,,,
200900070231,2009-09-05,2009,septembre,samedi,17:15,91,91434,0,0,2,6,3,1,1,4,1,01,1,2,000,000,1,0,1,4,2,80,0,1,8,00,2,7,1,200900070231B01,7,9,1
200900070261,2009-09-14,2009,septembre,lundi,18:00,91,91477,0,0,2,1,3,1,1,4,2,02,1,1,000,000,1,0,1,4,1,22,5,1,2,00,2,1,1,200900070261B01,7,24,1
200900070306,2009-09-08,2009,septembre,mardi,21:10,91,91182,0,0,2,2,3,5,1,4,2,02,1,1,000,000,1,0,1,4,1,56,0,1,2,00,2,1,1,200900070306B01,7,15,1
200900070315,2009-09-22,2009,septembre,mardi,21:00,91,91340,0.00004,0,2,1,2,5,1,4,2,02,1,1,000,061,1,0,1,3,1,18,5,1,4,00,0,4,15,200900070315B02,33,17,1
200900070317,2009-09-11,2009,septembre,vendredi,70:0,91,91494,0.00004,0,2,3,3,2,1,4,2,02,1,1,,,1,0,1,3,1,37,1,1,4,00,2,1,1,200900070317B02,10,15,1
200900070347,2009-09-22,2009,septembre,mardi,15:35,91,91223,0,0,2,4,2,1,1,4,2,02,1,1,000,000,1,0,5,4,1,67,0,1,9,00,0,4,2,200900070347B01,7,2,1
200900070354,2009-10-18,2009,octobre,dimanche,11:45,91,91689,0,0,2,1,6,1,1,9,-1,02,1,2,000,027,1,0,5,3,1,56,5,1,2,00,0,1,1,200900070354A01,,,
200900070354,2009-10-18,2009,octobre,dimanche,11:45,91,91689,0,0,2,1,6,1,1,9,-1,02,1,2,000,027,1,0,5,4,1,30,5,1,9,00,0,1,1,200900070354A01,,,
200900070387,2009-10-07,2009,octobre,mercredi,82:0,91,91549,0,0,2,1,3,2,1,4,2,02,1,1,000,000,1,0,1,3,1,13,2,1,2,00,2,1,9,200900070387A01,10,2,1
200900070388,2009-10-28,2009,octobre,mercredi,11:15,91,91645,0,0,2,1,2,1,1,4,2,02,1,1,000,000,1,0,1,4,1,52,0,1,2,00,2,1,1,200900070388A01,7,2,1
200900070475,2009-10-13,2009,octobre,mardi,90:0,91,91122,0,0,2,6,1,1,1,4,1,01,1,2,000,000,1,5,1,4,1,20,0,1,2,00,2,2,5,200900070475A01,7,1,1
200900070476,2009-10-02,2009,octobre,vendredi,19:30,91,91657,0,0,2,1,3,5,1,4,2,02,1,1,000,000,1,0,1,4,1,72,5,1,4,00,2,8,15,200900070476A01,32,1,1
200900070478,2009-10-03,2009,octobre,samedi,15:45,91,91645,0,0,2,1,1,1,1,4,2,02,1,4,000,000,1,0,1,4,1,8,5,1,2,00,2,1,5,200900070478A01,10,1,1
200900070501,2009-11-10,2009,novembre,mardi,70:0,91,91589,0,0,2,6,2,2,1,4,1,01,2,2,000,000,-1,5,1,3,1,50,1,1,9,00,2,4,1,200900070501B01,7,2,1
200900070502,2009-11-04,2009,novembre,mercredi,15:50,91,91687,0,0,2,3,3,1,1,4,2,02,1,1,000,000,1,0,1,4,1,12,5,1,2,00,2,7,5,200900070502B01,7,1,1
200900070671,2009-12-11,2009,décembre,vendredi,84:5,91,91114,0,0,2,1,6,1,1,4,2,02,1,1,020,040,1,0,1,4,2,15,2,1,2,00,9,1,1,200900070671A01,,,
200900070722,2009-12-13,2009,décembre,dimanche,11:45,91,91235,0.00004,0,1,1,1,1,1,3,3,02,1,1,000,000,1,0,1,4,1,31,5,1,2,00,0,4,1,200900070722B02,7,1,1
200900070730,2009-12-07,2009,décembre,lundi,91:0,91,91228,0,0,2,9,3,1,5,2,1,01,1,1,000,000,2,3,1,4,2,30,5,1,2,00,2,8,1,200900070730B01,7,1,1
200900070754,2009-12-26,2009,décembre,samedi,18:10,91,91201,0,0,2,2,3,2,1,3,2,02,1,1,000,000,1,1,1,4,1,14,5,1,9,00,2,1,1,200900070754B01,7,1,1
200900070758,2009-12-07,2009,décembre,lundi,11:45,91,91216,0,0,2,1,1,1,1,3,1,01,4,1,000,000,1,0,1,3,1,56,5,1,4,00,2,7,1,200900070758B01,7,1,1
200900070767,2009-06-03,2009,juin,mercredi,92:0,93,93066,0.00004,0,2,1,3,1,1,3,2,03,1,1,000,000,1,0,1,3,1,47,1,1,2,00,0,0,1,200900070767B01,7,15,1
200900070778,2009-11-01,2009,novembre,dimanche,11:10,93,93014,0.00004,0,2,3,3,1,2,4,2,02,2,1,020,020,2,0,1,4,1,14,5,1,2,00,0,0,21,200900070778B01,7,15,1
200900070789,2009-12-11,2009,décembre,vendredi,85:0,93,93048,0.00004,0,2,1,5,1,1,3,2,00,1,1,000,000,1,0,1,1,1,35,0,1,9,00,0,0,0,200900070789A01,7/ 32,0,2
200900070843,2009-08-17,2009,août,lundi,18:00,93,93007,0.00004,0,2,1,3,1,1,4,2,02,1,1,000,000,1,0,1,3,1,55,9,1,9,00,2,1,0,200900070843A01,33,0,1
200900070905,2009-11-24,2009,novembre,mardi,12:05,94,94028,0.00004,0,2,3,3,1,1,2,2,02,1,1,000,000,1,0,1,4,1,62,5,1,9,00,2,1,1,200900070905B01,7,15,1
200900070906,2009-11-24,2009,novembre,mardi,13:55,94,94058,0.00004,0,2,2,3,1,8,4,1,01,1,1,000,000,1,0,1,4,2,60,5,1,9,00,2,2,1,200900070906B01,7,1,1
200900070931,2009-11-04,2009,novembre,mercredi,17:40,94,94068,0.00004,0,2,2,3,5,2,3,2,02,1,1,000,081,2,0,1,4,1,11,5,1,9,00,2,1,19,200900070931B01,7,15,1
200900070967,2009-11-13,2009,novembre,vendredi,75:5,94,94017,0.00004,0,2,2,1,2,1,4,1,01,1,-1,000,000,2,0,0,4,1,63,9,1,9,00,0,1,5,200900070967B01,7,1,1
200900070973,2009-11-16,2009,novembre,lundi,92:0,94,94016,0.00004,0,2,3,3,1,1,3,2,02,1,1,000,000,1,0,1,4,2,62,1,1,9,00,2,1,1,200900070973B01,7,15,1
200900071002,2009-11-02,2009,novembre,lundi,11:00,94,94028,0.00004,0,2,1,6,1,1,2,1,02,1,1,000,060,1,0,1,4,1,59,5,1,9,14,2,8,1,200900071002B01,7,17,1
200900071072,2009-11-28,2009,novembre,samedi,83:0,94,94067,0.00004,0,2,1,6,1,2,4,1,01,1,1,000,000,2,0,4,1,1,17,4,1,9,00,1,0,5,200900071072A01,,,
200900071073,2009-11-29,2009,novembre,dimanche,10:45,94,94041,0.00004,0,2,2,2,1,1,3,2,04,4,1,000,150,1,2,1,4,1,36,9,1,9,00,2,1,2,200900071073A01,7,16,1
200900071092,2009-11-09,2009,novembre,lundi,17:00,94,94058,0.00004,0,2,1,2,2,1,3,2,02,1,1,000,060,1,0,1,4,1,12,9,1,2,00,2,4,19,200900071092B01,7,1,1
200900071126,2009-11-23,2009,novembre,lundi,10:25,94,94068,0.00004,0,2,1,7,1,8,3,2,02,1,1,000,060,1,0,1,4,1,13,5,1,9,00,0,0,19,200900071126B01,7,1,1
200900071172,2009-03-23,2009,mars,lundi,82:0,21,21054,0,0,2,6,3,1,1,4,2,02,1,2,000,000,1,0,1,4,2,76,3,1,9,00,2,2,15,200900071172B01,7,15,1
200900071178,2009-05-16,2009,mai,samedi,19:33,21,21054,0,0,2,1,3,1,1,4,1,03,1,1,000,000,1,0,1,4,1,13,0,1,9,00,2,8,19,200900071178B01,7,1,1
200900071179,2009-06-15,2009,juin,lundi,65:5,21,21054,0,0,2,3,7,1,3,4,2,02,1,1,000,000,2,0,1,3,1,51,1,1,9,00,2,8,1,200900071179B01,7,1,1
200900071182,2009-06-20,2009,juin,samedi,11:00,21,21054,0,0,2,3,3,1,1,4,2,02,1,1,000,000,1,0,1,4,1,42,5,1,9,00,2,1,2,200900071182B01,7,15,1
200900071183,2009-07-08,2009,juillet,mercredi,18:10,21,21054,0,0,2,1,3,1,1,3,1,03,1,1,040,110,1,0,1,4,2,48,1,1,9,00,2,1,17,200900071183B01,7,9,1
200900071202,2009-11-06,2009,novembre,vendredi,84:4,21,21355,0,0,2,3,3,1,1,4,2,02,1,1,000,070,2,0,1,4,2,37,1,1,2,00,2,4,1,200900071202B01,7,15,1
200900071206,2009-11-09,2009,novembre,lundi,12:10,21,21278,0,0,2,6,3,1,2,4,2,02,1,1,000,100,2,5,1,3,1,56,1,1,2,00,2,1,1,200900071206B01,7,1,1
200900071256,2009-12-08,2009,décembre,mardi,90:0,94,94018,0.00004,0,2,3,3,1,1,4,2,02,1,1,000,113,2,6,1,4,2,32,1,1,9,00,2,0,19,200900071256B01,34,21,1
200900071305,2009-12-08,2009,décembre,mardi,19:30,94,94017,0.00004,0,2,1,6,5,1,2,2,02,1,1,000,000,1,0,1,4,2,25,9,1,3,00,2,1,1,200900071305B01,7,1,1
200900071320,2009-12-11,2009,décembre,vendredi,82:0,94,94068,0.00004,0,2,2,3,1,1,4,1,01,1,1,000,060,1,0,1,4,1,13,1,1,9,00,2,7,1,200900071320A01,7,1,1
200900071326,2009-12-12,2009,décembre,samedi,16:00,94,94080,0.00004,0,2,1,6,1,1,3,2,01,1,1,000,000,1,0,1,4,1,25,1,1,9,00,2,1,17,200900071326B01,7,10,1
200900071416,2009-12-11,2009,décembre,vendredi,11:40,94,94028,0.00004,0,2,2,6,1,1,2,2,04,1,1,000,120,1,0,1,1,1,35,5,1,9,00,1,1,1,200900071416A01,,,
200900071421,2009-12-15,2009,décembre,mardi,12:42,94,94028,0.00004,0,2,1,3,1,1,4,2,02,1,1,000,030,1,0,1,4,1,15,2,1,9,00,2,1,15,200900071421B01,37,17,1
200900071442,2009-06-03,2009,juin,mercredi,13:50,78,78481,0.00004,0,2,3,3,1,1,3,2,02,2,1,006,084,1,0,1,3,1,36,4,1,2,00,2,1,1,200900071442A01,7,15,1
200900071451,2009-08-31,2009,août,lundi,94:5,63,63113,0,0,2,1,6,1,1,4,2,02,2,1,000,000,1,0,1,4,1,29,9,1,2,00,2,1,1,200900071451B01,7,15,1
200900071478,2009-11-15,2009,novembre,dimanche,11:55,92,92064,0,0,2,1,3,1,1,4,1,01,1,3,000,000,1,0,1,4,1,40,0,1,2,00,2,1,19,200900071478B01,7,1,1
200900071482,2009-10-12,2009,octobre,lundi,17:55,92,92023,0,0,2,3,3,1,1,4,2,02,1,1,000,000,1,0,1,4,1,53,1,1,2,00,2,1,0,200900071482B01,7,15,1
200900071490,2009-06-04,2009,juin,jeudi,85:5,92,92060,0,0,2,1,2,1,1,3,2,04,1,1,000,000,1,0,1,4,2,31,1,1,8,00,2,4,0,200900071490B01,33,1,1
200900071535,2009-10-29,2009,octobre,jeudi,17:15,33,33529,0,0,2,2,3,1,1,4,2,02,1,1,022,070,1,0,1,4,2,22,5,1,9,00,2,2,1,200900071535B01,7,1,1
200900071542,2009-05-23,2009,mai,samedi,92:0,33,33243,0,0,2,6,3,1,1,4,2,00,2,1,000,070,1,0,1,3,1,45,5,1,9,00,2,1,1,200900071542B01,7,9,1
200900071550,2009-08-25,2009,août,mardi,16:55,60,60414,0,0,2,3,6,1,1,4,2,01,1,1,000,050,-1,0,1,3,1,27,5,1,2,00,2,1,19,200900071550A01,7,1,1
200900071570,2009-10-08,2009,octobre,jeudi,21:05,02,02408,0,0,1,1,2,3,1,3,2,02,-1,1,000,070,1,0,1,2,1,34,0,1,4,00,2,4,2,200900071570B01,7,2,1
200900071576,2009-08-19,2009,août,mercredi,17:25,58,58194,0,0,2,6,3,1,1,4,2,02,4,1,012,070,1,5,0,4,1,16,5,1,9,00,2,5,1,200900071576B01,7,1,1
200900071582,2009-08-31,2009,août,lundi,15:15,58,58194,0,0,2,1,3,1,1,4,2,02,1,1,000,000,1,0,1,3,2,80,0,1,2,00,2,0,1,200900071582B01,7,16,1
200900071586,2009-12-26,2009,décembre,samedi,17:00,58,58194,0,0,2,1,7,1,1,4,1,02,1,1,000,000,2,0,1,4,1,42,0,1,9,00,0,0,0,200900071586A01,,,
200900071593,2009-03-20,2009,mars,vendredi,16:55,63,63113,0,0,2,1,6,1,1,4,2,03,1,1,000,000,1,0,1,1,1,31,9,1,4,00,1,1,1,200900071593A01,,,
200900071610,2009-09-12,2009,septembre,samedi,16:30,63,63063,0,0,2,3,3,1,1,4,2,02,1,2,045,052,1,5,1,4,1,41,5,1,2,00,2,2,1,200900071610B01,7,15,1
200900071637,2009-06-13,2009,juin,samedi,15:,94,94068,0.00004,0,2,2,3,5,1,4,1,01,1,1,000,048,1,0,1,4,1,15,5,1,9,00,2,8,1,200900071637B01,7,1,1
200900071658,2009-08-11,2009,août,mardi,10:05,36,36207,0.00004,0,1,1,2,1,1,3,2,02,1,3,000,000,1,0,1,1,2,58,5,1,2,00,2,4,1,200900071658B02,30,1,1
200900071660,2009-09-25,2009,septembre,vendredi,12:40,64,64545,0.00004,NaN,1,1,3,1,1,3,1,02,1,2,000,000,1,0,1,4,2,64,5,1,2,00,2,7,1,200900071660B01,7,1,1
200900071664,2009-09-10,2009,septembre,jeudi,18:15,64,64483,0.00004,NaN,2,1,6,1,1,4,2,02,-1,-1,000,000,1,0,1,4,1,85,0,1,2,00,2,1,1,200900071664B01,7,16,1
200900071723,2009-11-02,2009,novembre,lundi,10:25,14,14118,0.00004,NaN,2,3,3,1,,4,2,03,1,1,000,000,-1,0,1,4,1,25,5,1,8,00,2,1,1,200900071723A01,7,9,1
200900071748,2009-10-21,2009,octobre,mercredi,14:05,59,59350,0,0,2,1,6,1,1,4,2,02,1,1,000,031,1,0,1,4,1,15,5,1,4,00,2,1,1,200900071748A01,7,1,1
200900071753,2009-10-27,2009,octobre,mardi,14:20,59,59378,0,0,2,1,6,1,1,3,3,05,1,1,000,000,1,0,1,4,1,11,0,1,2,00,2,1,19,200900071753B01,31,1,1
200900071754,2009-10-28,2009,octobre,mercredi,13:00,59,59350,0,0,2,2,6,1,1,4,2,02,1,1,000,000,1,0,1,4,2,35,0,1,9,00,2,1,2,200900071754B01,1,1,1
200900071754,2009-10-28,2009,octobre,mercredi,13:00,59,59350,0,0,2,2,6,1,1,4,2,02,1,1,000,000,1,0,1,1,1,23,0,1,2,00,2,1,1,200900071754A01,1,2,1
200900071783,2009-02-17,2009,février,mardi,15:30,49,49364,0,0,1,1,3,1,1,3,2,02,1,1,000,000,1,0,1,3,1,25,5,1,2,00,2,3,1,200900071783B02,7,17,1
200900071795,2009-10-05,2009,octobre,lundi,16:49,49,49007,0,0,2,1,7,1,1,4,-1,01,1,1,000,000,1,0,4,4,1,12,2,1,2,00,0,1,1,200900071795A01,,,
200900071802,2009-02-26,2009,février,jeudi,17:10,40,40046,0,-0,1,1,2,1,1,5,2,02,1,1,000,060,1,0,1,3,1,52,1,1,2,00,2,4,17,200900071802A01,37,17,1
200900071803,2009-04-09,2009,avril,jeudi,14:45,40,40323,0,-0,1,1,3,1,1,4,2,01,1,1,000,035,1,0,0,3,1,71,5,1,8,00,2,3,1,200900071803B01,20,15,1
200900071836,2009-06-19,2009,juin,vendredi,74:0,78,78440,0.00004,0,2,1,6,1,1,3,2,00,-1,1,000,000,1,0,5,4,1,29,1,1,4,11,0,1,21,200900071836A01,,,
200900071838,2009-06-23,2009,juin,mardi,17:15,78,78688,0.00004,0,2,1,3,1,1,4,2,00,1,1,000,000,1,0,1,4,1,10,5,1,2,00,2,1,9,200900071838A01,7,1,1
200900071856,2009-07-26,2009,juillet,dimanche,19:30,59,59009,0,0,2,1,6,1,1,3,-1,00,2,2,000,000,2,0,5,3,1,16,5,1,8,01,0,0,1,200900071856B01,7,22,1
200900071881,2009-08-12,2009,août,mercredi,17:52,78,78440,0.00004,0,1,6,3,1,1,3,2,00,1,1,000,000,1,0,1,4,1,13,5,1,4,00,2,1,19,200900071881A01,10,16,1
200900071882,2009-08-13,2009,août,jeudi,60:0,78,78208,0.00004,0,2,6,3,2,1,3,2,00,1,1,000,000,1,0,1,3,2,56,1,1,2,00,2,0,19,200900071882B01,7,1,1
200900071884,2009-08-25,2009,août,mardi,15:30,78,78337,0.00004,0,2,2,3,1,1,3,2,00,1,1,000,000,1,0,1,4,1,75,5,1,2,00,2,0,1,200900071884A01,1,0,1
200900071897,2009-07-27,2009,juillet,lundi,15:30,88,88349,0.00004,0,2,3,3,1,1,4,2,02,1,1,000,036,1,0,1,3,1,14,5,1,1,00,2,1,1,200900071897A02,7,1,1
200900071906,2009-09-25,2009,septembre,vendredi,17:30,88,88391,0.00004,0,1,1,1,1,1,3,2,02,1,1,000,067,1,0,1,2,1,61,5,1,2,00,2,1,13,200900071906B02,7,1,1
200900071922,2009-07-18,2009,juillet,samedi,14:40,37,37261,0,0,2,3,7,1,1,4,3,00,1,1,000,000,1,0,0,4,2,33,0,1,2,00,0,0,1,200900071922A01,,,
200900071928,2009-09-23,2009,septembre,mercredi,18:35,78,78165,0.00004,0,2,6,2,1,1,4,2,00,1,1,000,000,1,0,1,4,1,49,5,1,2,00,2,4,1,200900071928B01,7,9,1
200900071931,2009-09-02,2009,septembre,mercredi,12:20,78,78575,0.00004,0,2,3,2,1,1,3,2,00,1,1,000,000,1,0,1,4,1,61,5,1,2,00,2,4,1,200900071931B01,30,17,1
200900071934,2009-09-19,2009,septembre,samedi,12:45,78,78674,0.00004,0,1,1,3,1,1,3,3,04,1,1,000,000,1,0,1,4,1,36,1,1,2,00,2,8,11,200900071934B01,31,17,1
200900071936,2009-09-27,2009,septembre,dimanche,20:11,78,78586,0.00004,0,2,1,5,5,1,4,2,00,1,1,000,000,1,0,1,3,1,57,5,1,2,00,2,4,1,200900071936B01,7,1/17,2
200900071957,2009-08-29,2009,août,samedi,10:30,59,59526,0,0,2,3,6,1,1,4,2,02,1,1,000,210,1,2,1,3,2,65,5,1,2,00,2,7,16,200900071957B01,17,16,1
200900071969,2009-10-16,2009,octobre,vendredi,17:05,78,78646,0.00004,0,2,6,3,1,1,3,1,00,1,2,000,000,1,0,1,4,1,39,1,1,2,00,2,2,1,200900071969B01,7,9,1
200900072018,2009-01-28,2009,janvier,mercredi,41:0,67,67389,0.00004,0,1,1,2,3,1,3,2,02,1,1,000,070,1,0,1,3,1,41,1,1,4,00,2,4,2,200900072018B02,14,2,1
200900072081,2009-06-28,2009,juin,dimanche,15:40,67,67338,0.00004,0,1,1,2,1,1,3,2,02,1,1,000,066,1,0,1,3,1,68,5,1,1,00,0,4,2,200900072081B02,7,2,1
200900072098,2009-07-20,2009,juillet,lundi,15:20,67,67511,0.00004,0,2,1,1,1,1,3,2,01,1,-1,000,060,1,0,1,2,1,63,0,1,2,00,0,7,1,200900072098B02,7,16,1
200900072119,2009-09-07,2009,septembre,lundi,19:50,67,67237,0.00004,0,2,1,1,1,1,3,2,00,1,1,000,090,1,0,1,3,1,35,5,1,2,00,2,1,1,200900072119B02,7,15,1
200900072130,2009-09-27,2009,septembre,dimanche,14:30,67,67213,0,0,2,1,3,1,,3,-1,00,-1,-1,000,000,-1,0,1,4,1,14,5,1,8,00,0,8,1,200900072130B01,7,17,1
200900072140,2009-10-06,2009,octobre,mardi,17:25,67,67486,0,0,2,1,3,1,1,4,2,02,1,1,000,066,1,0,1,3,1,12,2,1,2,00,2,3,19,200900072140B02,7,1,1
200900072170,2009-12-01,2009,décembre,mardi,75:0,67,67007,0.00004,0,2,1,1,1,1,3,-1,00,-1,-1,000,000,-1,0,0,3,2,11,2,1,1,00,2,8,9,200900072170B02,14,16,1
200900072188,2009-05-04,2009,mai,lundi,16:40,67,67482,0,0,2,2,3,1,1,4,2,02,1,1,000,060,1,0,5,3,1,34,3,1,2,00,2,7,5,200900072188A01,7,16,1
200900072195,2009-07-23,2009,juillet,jeudi,19:45,67,67482,0,0,2,5,3,1,2,4,1,01,1,-1,000,047,1,0,1,4,1,15,5,1,2,00,2,0,5,200900072195A01,7,23,1
200900072197,2009-09-07,2009,septembre,lundi,16:30,67,67482,0,0,2,2,6,1,1,4,2,04,1,1,000,100,1,1,1,4,1,25,5,1,4,00,2,7,11,200900072197A01,7,1,1
200900072202,2009-10-07,2009,octobre,mercredi,18:15,67,67482,0,0,2,1,1,2,1,4,1,01,1,1,000,030,1,0,5,4,2,58,5,1,9,00,2,1,5,200900072202A01,1,1,1
200900072202,2009-10-07,2009,octobre,mercredi,18:15,67,67482,0,0,2,1,1,2,1,4,1,01,1,1,000,030,1,0,5,4,1,27,1,1,9,00,2,1,1,200900072202B01,1,5,1
200900072204,2009-10-30,2009,octobre,vendredi,19:30,67,67482,0,0,2,3,6,5,1,4,2,03,1,1,000,090,1,0,1,3,2,30,5,1,2,01,0,1,1,200900072204B01,7/ 10,1/22,2
200900072206,2009-12-02,2009,décembre,mercredi,13:55,67,67482,0,0,2,2,3,1,1,4,2,02,1,1,000,072,1,0,1,4,1,59,5,1,9,00,2,7,1,200900072206B01,7,1,1
200900072243,2009-04-05,2009,avril,dimanche,17:25,01,01444,0.00004,0,2,3,7,1,1,3,2,03,1,1,000,100,1,5,1,3,1,29,5,1,2,00,0,0,21,200900072243B01,7,16,1
200900072274,2009-07-26,2009,juillet,dimanche,12:00,01,01376,0.00004,0,2,1,6,1,1,2,2,02,1,1,020,080,1,0,1,4,1,44,5,1,2,01,0,1,1,200900072274B01,7,24,1
200900072280,2009-08-25,2009,août,mardi,82:0,01,01026,0.00004,0,2,3,3,1,1,3,2,02,1,1,000,065,1,0,1,3,1,85,5,1,8,00,2,8,15,200900072280B02,7,15,1
200900072292,2009-10-21,2009,octobre,mercredi,13:35,93,93071,0,0,2,1,3,1,9,3,1,02,1,1,000,000,2,0,1,3,1,14,0,1,9,00,2,1,0,200900072292A01,7,0,1
200900072472,2009-01-27,2009,janvier,mardi,11:30,971,97125,0,-0,1,1,6,1,1,2,2,00,2,1,000,060,1,0,1,4,1,48,5,1,1,00,2,8,1,200900072472A01,,,
200900072480,2009-01-17,2009,janvier,samedi,70:0,971,97127,0,-0,1,1,2,1,7,3,2,02,-1,1,000,050,1,0,1,4,1,30,5,1,2,00,0,4,1,200900072480B02,7,1,1
200900072486,2009-01-07,2009,janvier,mercredi,19:30,971,97101,0,0,2,1,2,3,1,3,2,01,1,1,000,800,1,0,1,3,1,16,5,1,2,00,2,1,1,200900072486B01,37,1,1
200900072486,2009-01-07,2009,janvier,mercredi,19:30,971,97101,0,0,2,1,2,3,1,3,2,01,1,1,000,800,1,0,1,3,1,15,5,1,2,00,2,1,1,200900072486B01,37,1,1
200900072492,2009-01-01,2009,janvier,jeudi,18:30,971,97107,0,0,2,1,3,5,1,2,2,02,-1,1,000,000,1,0,1,3,1,14,5,1,9,00,0,1,19,200900072492B01,10,1,1
200900072504,2009-02-13,2009,février,vendredi,12:40,971,97107,0,0,2,1,1,1,1,4,2,02,1,1,000,000,9,0,0,4,1,15,5,1,2,00,2,1,1,200900072504A01,7,1,1
200900072507,2009-03-18,2009,mars,mercredi,19:30,971,97127,0,-0,2,1,1,5,1,2,2,02,1,1,060,000,1,0,1,3,1,55,9,1,1,00,0,7,2,200900072507B02,10,2,1
200900072515,2009-03-31,2009,mars,mardi,17:00,971,97103,0,-0,1,1,2,1,7,2,2,00,-1,1,000,058,1,0,5,3,1,64,5,1,1,01,0,1,1,200900072515B02,7,24,1