Num_Acc,date,an,mois,jour,hrmn,dep,com,lat,long,agg,int,col,lum,atm,catr,circ,nbv,prof,plan,lartpc,larrout,surf,infra,situ,grav,sexe,age,trajet,secuexist,equipement,obs,obsm,choc,manv,vehiculeid,typevehicules,manoeuvehicules,numVehicules
200900072517,2009-03-05,2009,mars,jeudi,17:30,971,97115,0,-0,1,1,1,1,1,4,2,02,-1,1,000,056,1,0,1,3,1,9,5,1,1,00,2,1,5,200900072517B02,37,1,1
200900072533,2009-04-01,2009,avril,mercredi,18:30,971,97104,0.00001,-0.00006,2,1,3,5,1,3,2,02,2,1,000,000,1,0,1,3,1,14,5,1,8,01,2,1,1,200900072533B02,7,15,1
200900072571,2009-01-17,2009,janvier,samedi,19:45,974,97402,-0,0,1,9,2,3,9,2,3,02,1,1,000,000,2,3,1,3,1,16,9,1,4,00,0,4,12,200900072571B02,10,2,1
200900072575,2009-01-17,2009,janvier,samedi,14:00,974,97455,-0,0,1,1,2,1,1,2,-1,01,1,1,000,037,1,0,1,3,1,32,0,1,2,00,0,4,1,200900072575B02,7,2,1
200900072583,2009-01-04,2009,janvier,dimanche,21:01,974,97411,0,0,2,1,2,5,1,4,2,02,1,1,000,000,1,0,1,4,1,18,0,1,2,00,2,4,1,200900072583B01,7,1,1
200900072589,2009-01-19,2009,janvier,lundi,65:0,974,97407,0,0,2,6,3,1,1,4,2,02,1,1,000,072,1,0,0,4,1,33,5,1,4,00,2,5,19,200900072589B01,7,1,1
200900072596,2009-02-09,2009,février,lundi,60:0,974,97407,0,0,2,2,3,1,1,4,3,02,1,1,045,075,1,0,1,4,1,48,1,1,9,00,2,1,1,200900072596B01,7,1,1
200900072598,2009-02-07,2009,février,samedi,19:30,974,97409,0,0,2,1,3,3,1,4,2,02,1,1,000,080,1,0,1,4,1,29,0,1,9,00,2,7,15,200900072598A01,7,1,1
200900072622,2009-02-20,2009,février,vendredi,63:0,974,97403,-0,0,1,1,6,1,1,3,2,02,2,3,000,073,1,0,1,3,1,32,1,1,1,00,1,1,1,200900072622A01,,,
200900072625,2009-02-15,2009,février,dimanche,19:15,974,97422,-0,0,1,1,1,5,1,3,2,02,2,3,064,000,1,0,1,4,1,15,5,1,4,00,2,1,1,200900072625B02,7,15,1
200900072626,2009-02-28,2009,février,samedi,19:25,974,97407,0,0,2,1,1,5,1,4,2,02,1,1,000,072,1,0,1,4,1,37,9,1,4,00,2,1,13,200900072626A01,7,1,1
200900072627,2009-02-19,2009,février,jeudi,22:20,974,97407,0,0,2,2,3,5,1,4,2,02,1,1,000,082,1,5,0,4,1,18,5,1,4,00,2,7,15,200900072627A01,7,1,1
200900072628,2009-02-24,2009,février,mardi,75:0,974,97407,0,0,2,1,6,1,1,4,1,01,1,1,000,068,1,0,1,3,1,68,5,1,9,14,2,1,1,200900072628B01,7,22/1,2
200900072634,2009-02-22,2009,février,dimanche,17:00,974,97409,0,0,1,3,7,1,1,4,2,02,1,1,000,060,1,0,1,3,1,10,5,1,2,00,2,1,13,200900072634B01,7,1,1
200900072636,2009-02-05,2009,février,jeudi,16:05,974,97414,0,0,2,1,1,1,1,4,2,02,1,1,000,050,1,0,1,4,1,13,0,1,9,00,2,1,16,200900072636B01,7,1,1
200900072638,2009-02-27,2009,février,vendredi,20:25,974,97411,0,0,2,1,6,5,1,4,2,02,1,1,000,000,1,0,1,3,1,32,0,1,9,00,1,1,1,200900072638A01,,,
200900072638,2009-02-27,2009,février,vendredi,20:25,974,97411,0,0,2,1,6,5,1,4,2,02,1,1,000,000,1,0,1,3,1,15,5,1,9,00,1,1,1,200900072638A01,,,
200900072644,2009-02-03,2009,février,mardi,64:5,974,97407,0,0,2,1,1,1,1,4,2,02,1,1,000,067,1,0,1,4,1,54,1,1,9,00,2,1,9,200900072644A01,7,1,1
200900072652,2009-02-11,2009,février,mercredi,71:8,974,97411,0,0,2,1,6,1,1,3,2,02,2,1,000,000,1,0,1,4,1,38,0,1,2,00,2,0,0,200900072652B01,7,0,1
200900072664,2009-03-16,2009,mars,lundi,19:05,971,97107,0,0,2,3,3,5,1,4,2,02,1,-1,000,072,1,0,0,4,1,7,5,1,3,00,2,8,23,200900072664B01,7,23,1
200900072710,2009-03-22,2009,mars,dimanche,73:0,974,97409,0,0,2,3,3,1,1,4,2,02,1,1,000,060,1,0,1,4,1,44,5,1,2,00,2,1,1,200900072710B01,7,15,1
200900072715,2009-03-21,2009,mars,samedi,18:00,974,97409,0,0,2,9,3,2,1,4,2,02,4,1,000,050,1,0,1,4,1,17,9,1,9,00,2,1,0,200900072715B01,7,15,1
200900072722,2009-03-07,2009,mars,samedi,14:5,974,97448,-0,0,1,1,6,5,1,3,-1,02,-1,3,000,000,-1,0,0,3,1,30,5,1,1,00,2,1,1,200900072722A01,,,
200900072724,2009-03-23,2009,mars,lundi,19:15,974,97416,-0,0,1,1,2,3,1,2,3,04,2,1,015,150,1,0,1,4,1,17,5,1,4,00,2,4,2,200900072724B02,7,2,1
200900072743,2009-03-03,2009,mars,mardi,80:0,974,97414,0,0,1,1,2,1,1,2,1,02,1,1,000,080,1,0,1,4,1,36,9,1,9,00,2,4,2,200900072743B01,7,2,1
200900072774,2009-04-26,2009,avril,dimanche,19:30,974,97415,-0,0,1,1,1,3,1,3,2,00,1,1,000,000,1,0,1,3,1,30,0,1,1,00,2,1,13,200900072774B02,7,1,1
200900072780,2009-04-08,2009,avril,mercredi,13:30,974,97407,0,0,2,6,3,1,1,4,3,02,1,1,037,076,1,0,1,4,1,63,4,1,9,00,2,1,9,200900072780A01,7,1,1
200900072783,2009-04-25,2009,avril,samedi,83:0,974,97407,0,0,2,6,6,1,1,4,1,01,1,1,000,063,1,0,0,4,2,62,5,1,9,00,2,7,1,200900072783B01,7,9,1
200900072793,2009-04-10,2009,avril,vendredi,17:05,974,97407,0,0,2,1,2,1,2,4,1,01,1,1,000,076,2,0,1,4,1,18,9,1,9,00,2,8,1,200900072793B01,7,1,1
200900072801,2009-04-22,2009,avril,mercredi,11:10,974,97414,0,0,2,1,1,1,1,4,2,02,1,1,000,050,1,2,1,4,1,19,0,1,9,00,2,1,17,200900072801B01,7,1,1
200900072807,2009-04-17,2009,avril,vendredi,73:0,974,97411,0,0,2,1,6,1,1,4,1,03,1,1,000,000,1,0,1,4,1,34,1,1,2,00,2,3,1,200900072807B01,7,1,1
200900072841,2009-01-17,2009,janvier,samedi,15:30,972,97213,0,0,1,1,3,1,1,3,2,04,1,3,000,000,1,0,1,4,1,15,5,1,9,00,2,1,9,200900072841B01,7,1,1
200900072851,2009-01-25,2009,janvier,dimanche,14:25,972,97213,0,0,1,1,1,1,1,4,2,02,2,2,000,000,1,0,1,3,1,19,5,1,9,00,2,1,5,200900072851B01,7,0,1
200900072853,2009-01-29,2009,janvier,jeudi,92:5,972,97209,0,0,2,1,6,1,1,4,2,02,2,2,000,000,1,0,1,4,1,12,5,1,2,00,2,1,2,200900072853A01,7,2,1
200900072866,2009-05-06,2009,mai,mercredi,82:0,974,97407,0,0,2,1,6,1,1,4,1,01,1,1,000,075,1,0,1,4,1,23,9,1,9,01,0,1,1,200900072866B01,7,24,1
200900072868,2009-05-20,2009,mai,mercredi,17:25,974,97407,0,0,2,1,3,1,1,4,2,02,1,1,000,082,1,0,1,3,1,13,5,1,9,00,2,1,19,200900072868B01,17,1,1
200900072938,2009-02-05,2009,février,jeudi,17:45,972,97213,0,0,1,1,3,1,1,2,1,02,1,3,000,000,1,0,1,4,1,26,0,1,2,00,2,2,1,200900072938B01,7,9,1
200900072940,2009-02-18,2009,février,mercredi,85:5,972,97213,0,0,2,1,2,1,1,3,2,02,1,1,000,000,1,0,1,4,1,26,5,1,2,00,2,4,2,200900072940B01,34,2,1
200900072945,2009-02-16,2009,février,lundi,15:30,972,97213,0,0,1,6,3,1,1,3,1,00,4,2,000,000,1,0,1,3,1,19,5,1,2,00,2,1,2,200900072945B01,7,2,1
200900072948,2009-02-21,2009,février,samedi,15:45,972,97213,0,0,1,6,3,1,1,2,1,02,1,2,000,000,1,0,1,4,1,16,5,1,2,00,2,8,2,200900072948B01,7,2,1
200900072960,2009-02-08,2009,février,dimanche,18:15,972,97209,0,0,2,1,6,5,1,3,2,02,2,3,000,000,1,3,1,3,1,15,5,1,9,00,2,1,6,200900072960A01,7,1,1
200900072970,2009-02-10,2009,février,mardi,17:45,972,97222,0,-0,1,1,1,1,1,4,2,02,2,4,000,041,1,0,1,3,1,15,5,1,1,00,2,1,13,200900072970B02,7,1,1
200900073000,2009-05-09,2009,mai,samedi,15:45,971,97128,0,-0,1,1,1,1,1,3,2,00,1,1,000,000,1,0,1,2,1,49,5,1,2,00,2,1,1,200900073000B02,7,1,1
200900073008,2009-05-20,2009,mai,mercredi,15:00,971,97127,0,-0,2,1,1,1,1,2,2,00,3,-1,000,000,1,0,0,3,1,14,2,1,1,00,2,0,0,200900073008B02,7,21,1
200900073026,2009-06-30,2009,juin,mardi,80:0,971,97125,0,-0,1,3,3,1,1,3,2,02,1,1,000,055,1,0,3,3,1,17,5,1,9,00,0,7,16,200900073026B02,7,1,1
200900073042,2009-06-15,2009,juin,lundi,10:00,974,97411,0,0,2,2,3,1,1,4,-1,01,1,-1,000,000,1,0,1,4,2,28,0,1,9,00,2,1,1,200900073042B01,13,1,1
200900073043,2009-06-06,2009,juin,samedi,21:40,974,97407,0,0,2,1,6,3,1,4,2,02,1,1,000,071,1,0,1,4,1,36,9,1,4,00,2,8,1,200900073043B01,7,1,1
200900073054,2009-06-21,2009,juin,dimanche,81:5,974,97402,-0,0,1,9,2,1,1,2,-1,00,1,1,000,000,1,0,2,3,1,54,5,1,1,03,0,4,1,200900073054A01,7,1,1
200900073058,2009-06-21,2009,juin,dimanche,19:00,974,97424,-0,0,1,1,1,3,1,3,2,02,2,2,000,050,1,0,1,2,1,47,5,1,4,00,2,1,1,200900073058B02,7,1,1
200900073066,2009-06-17,2009,juin,mercredi,90:0,974,97415,-0,0,2,1,1,1,1,3,3,02,2,3,065,000,1,0,1,3,1,21,9,1,1,00,2,1,1,200900073066A01,7,1,1
200900073075,2009-06-10,2009,juin,mercredi,61:0,974,97407,0,0,1,1,2,3,1,2,3,02,1,1,035,091,1,3,1,4,1,40,1,1,4,00,2,4,1,200900073075A01,7,9,1
200900073149,2009-04-15,2009,avril,mercredi,94:5,972,97224,0,-0,1,1,1,1,1,5,2,01,3,3,000,036,2,0,1,3,1,41,5,1,1,00,2,1,13,200900073149B02,7,1,1
200900073207,2009-06-17,2009,juin,mercredi,21:05,974,97407,0,0,2,1,3,5,1,4,2,02,1,1,000,060,1,0,1,4,1,21,5,1,4,00,2,3,10,200900073207A01,31,1,1
200900073218,2009-01-25,2009,janvier,dimanche,17:15,973,97302,0,0,1,1,3,1,2,4,2,02,1,1,000,070,2,0,1,4,2,19,9,1,4,00,2,5,19,200900073218B01,7,1,1
200900073224,2009-01-17,2009,janvier,samedi,63:0,973,97306,0,-0,1,1,3,2,1,3,2,00,-1,1,000,000,1,0,1,2,1,63,9,1,1,00,9,7,1,200900073224B02,30,1,1
200900073230,2009-01-01,2009,janvier,jeudi,14:5,973,97304,0,-0,2,1,5,5,1,4,2,00,1,3,000,000,1,0,1,4,1,45,0,1,1,00,2,1,1,200900073230B02,30,13,1
200900073230,2009-01-01,2009,janvier,jeudi,14:5,973,97304,0,-0,2,1,5,5,1,4,2,00,1,3,000,000,1,0,1,3,2,52,0,1,1,00,2,1,1,200900073230C03,30,13,1
200900073230,2009-01-01,2009,janvier,jeudi,14:5,973,97304,0,-0,2,1,5,5,1,4,2,00,1,3,000,000,1,0,1,4,1,9,0,1,1,00,2,1,1,200900073230C03,30,13,1
200900073235,2009-01-06,2009,janvier,mardi,14:56,973,97302,0,0,2,2,2,1,1,3,2,00,1,1,000,086,1,0,1,4,2,14,9,1,2,00,2,4,15,200900073235A01,7,19,1
200900073236,2009-01-06,2009,janvier,mardi,16:25,973,97302,0,0,2,1,6,1,1,3,2,02,1,1,000,069,1,0,1,4,2,14,2,1,9,00,2,4,19,200900073236A01,2,1,1
200900073237,2009-01-06,2009,janvier,mardi,18:00,973,97307,0,-0,1,1,3,1,1,2,2,02,1,1,000,070,1,0,1,4,1,20,2,1,1,00,2,8,13,200900073237A01,10,2,1
200900073238,2009-01-13,2009,janvier,mardi,10:30,973,97302,0,0,1,4,3,1,1,3,2,02,1,1,000,050,1,0,1,4,2,22,3,1,4,00,2,1,1,200900073238B01,7,16,1
200900073257,2009-02-05,2009,février,jeudi,18:30,973,97302,0,0,1,1,3,1,1,3,2,02,1,1,000,076,1,0,1,4,2,13,9,1,4,00,2,4,19,200900073257B01,7,1,1
200900073260,2009-02-10,2009,février,mardi,75:0,973,97302,0,0,1,6,3,1,2,3,4,02,1,1,000,110,2,0,1,4,1,10,2,1,4,00,2,1,19,200900073260B01,7,1,1
200900073266,2009-02-21,2009,février,samedi,71:0,973,97302,0,0,1,1,3,1,1,2,1,02,1,1,000,070,1,0,5,2,1,16,0,1,4,00,2,4,1,200900073266B01,7,14,1
200900073267,2009-02-21,2009,février,samedi,71:5,973,97302,0,0,1,1,6,1,1,2,1,00,1,1,000,061,1,0,1,4,1,48,9,1,2,00,2,0,1,200900073267B01,7,1,1
200900073270,2009-02-26,2009,février,jeudi,22:00,973,97302,0,0,2,2,3,5,2,4,2,00,1,1,000,067,1,0,1,4,2,14,9,1,9,00,2,1,19,200900073270B01,7,15,1
200900073273,2009-03-21,2009,mars,samedi,54:7,973,97302,0,0,1,2,3,2,1,4,2,02,1,1,000,045,1,0,1,4,1,36,0,1,9,00,2,1,1,200900073273B01,7,9,1
200900073280,2009-03-14,2009,mars,samedi,21:45,973,97307,0,-0,2,1,6,1,1,2,2,01,1,1,000,035,1,0,3,3,1,21,5,1,4,00,2,0,1,200900073280A01,,,
200900073282,2009-03-12,2009,mars,jeudi,13:15,973,97309,0,-0,2,1,3,1,1,3,2,02,1,1,035,080,1,0,1,3,2,33,5,1,1,00,2,2,0,200900073282B02,10,14,1
200900073285,2009-03-15,2009,mars,dimanche,16:30,973,97304,0,-0,2,1,3,1,1,9,2,00,-1,1,060,000,1,0,1,3,1,14,0,1,1,00,2,7,15,200900073285B02,7,1,1
200900073311,2009-05-12,2009,mai,mardi,83:0,972,97227,0,-0,1,1,2,1,1,2,3,00,2,1,000,108,1,0,1,3,1,32,5,1,2,00,0,4,1,200900073311B02,7,17,1
200900073325,2009-05-17,2009,mai,dimanche,19:10,972,97209,0,0,1,1,6,5,1,2,2,02,2,3,000,000,1,0,1,4,1,14,5,1,2,00,2,4,2,200900073325B01,32,2,1
200900073326,2009-05-18,2009,mai,lundi,16:20,972,97213,0,0,1,1,6,1,1,9,2,02,1,1,000,000,-1,0,1,4,1,56,0,1,2,00,2,1,21,200900073326B01,7,20,1
200900073359,2009-04-16,2009,avril,jeudi,12:05,973,97302,0,0,2,1,2,1,1,4,1,02,1,1,000,098,1,0,1,4,1,19,9,1,4,00,2,1,2,200900073359A01,7,23,1
200900073367,2009-05-15,2009,mai,vendredi,74:0,973,97302,0,0,1,1,3,1,1,4,2,00,1,1,000,076,1,0,1,4,1,14,9,1,2,00,0,0,1,200900073367B01,7,2,1
200900073379,2009-05-22,2009,mai,vendredi,16:30,973,97304,0,-0,1,1,2,1,1,9,2,02,1,1,000,070,1,0,1,3,1,53,5,1,2,00,0,6,0,200900073379B02,14,1,1
200900073380,2009-05-29,2009,mai,vendredi,19:45,973,97307,0,-0,1,1,1,3,1,4,2,02,1,1,000,068,1,0,1,3,1,24,5,1,1,00,2,0,1,200900073380A01,99,0,1
200900073385,2009-05-18,2009,mai,lundi,17:19,973,97302,0,0,1,4,3,1,2,3,2,00,1,1,000,120,1,0,1,4,1,52,9,1,4,00,2,8,1,200900073385B01,37,17,1
200900073389,2009-05-21,2009,mai,jeudi,19:20,973,97302,0,0,1,3,3,5,1,3,2,02,1,1,000,090,1,0,5,4,1,12,3,1,4,00,2,1,16,200900073389A01,2,1,1
200900073391,2009-05-25,2009,mai,lundi,15:55,973,97302,0,0,1,1,3,1,1,4,2,00,1,1,000,065,1,0,1,4,1,29,9,1,2,00,2,8,1,200900073391A01,7,1,1
200900073394,2009-06-15,2009,juin,lundi,20:42,973,97302,0,0,2,1,3,5,1,4,2,02,1,1,000,070,1,0,1,4,1,18,9,1,4,00,2,1,1,200900073394B01,7,17,1
200900073394,2009-06-15,2009,juin,lundi,20:42,973,97302,0,0,2,1,3,5,1,4,2,02,1,1,000,070,1,0,1,4,1,13,9,1,9,00,2,1,1,200900073394B01,7,17,1
200900073397,2009-06-19,2009,juin,vendredi,19:15,973,97304,0,-0,1,1,1,3,1,2,2,02,-1,-1,000,073,1,0,1,3,1,8,0,1,8,00,2,0,0,200900073397B02,7,0,1
200900073399,2009-06-05,2009,juin,vendredi,18:45,973,97304,0,-0,2,1,3,5,1,9,2,00,1,1,000,060,1,0,1,3,1,17,5,1,4,00,2,7,15,200900073399B02,33,1,1
200900073400,2009-06-21,2009,juin,dimanche,10:30,973,97307,0,-0,1,1,2,1,1,3,2,02,1,1,000,000,1,0,1,3,1,33,5,1,2,00,2,1,2,200900073400A01,7,1,1
200900073404,2009-06-30,2009,juin,mardi,14:45,973,97311,0,-0,2,1,2,1,1,9,-1,00,1,1,000,048,1,0,1,3,1,48,5,1,1,01,0,1,2,200900073404A01,7,23,1
200900073406,2009-06-24,2009,juin,mercredi,10:30,973,97302,0,0,2,1,3,1,1,4,1,02,1,1,000,035,1,0,1,4,1,7,9,1,4,00,0,0,0,200900073406A01,10,15,1
200900073409,2009-06-16,2009,juin,mardi,21:23,973,97302,0,0,1,3,3,5,1,4,2,02,1,1,000,072,1,0,1,4,1,20,9,1,4,00,2,4,15,200900073409B01,7,1,1
200900073413,2009-06-11,2009,juin,jeudi,18:47,973,97302,0,0,1,1,3,5,1,3,2,02,1,1,000,072,1,0,5,4,1,56,9,1,4,00,2,1,1,200900073413B01,10,16,1
200900073433,2009-07-11,2009,juillet,samedi,14:30,971,97128,0,-0,1,1,1,1,1,3,2,02,1,1,000,059,1,0,1,3,1,35,0,1,1,00,2,1,19,200900073433A01,10,0,1
200900073434,2009-07-12,2009,juillet,dimanche,83:0,971,97119,0,-0,1,1,3,1,1,4,2,02,1,1,000,055,1,0,1,3,1,24,5,1,1,00,0,3,9,200900073434B02,7,1,1
200900073445,2009-07-31,2009,juillet,vendredi,16:00,971,97108,0,-0,1,1,1,1,1,4,2,00,2,1,000,050,1,0,1,3,1,13,5,1,1,00,0,1,2,200900073445B02,2,2,1
200900073451,2009-01-27,2009,janvier,mardi,19:30,971,97101,0,0,2,1,3,5,2,4,2,02,2,1,000,000,1,0,1,3,1,18,0,1,2,00,2,1,1,200900073451B01,7,1,1
200900073453,2009-01-30,2009,janvier,vendredi,10:20,971,97101,0,0,1,1,6,1,1,3,2,02,1,1,000,000,1,0,0,3,1,11,0,1,9,00,2,0,0,200900073453B01,7,0,1
200900073467,2009-03-24,2009,mars,mardi,60:0,971,97113,0,0,1,1,6,1,1,2,2,01,1,1,000,000,1,0,1,4,1,29,1,1,2,00,9,0,1,200900073467B01,7,9,1
200900073469,2009-03-25,2009,mars,mercredi,71:0,971,97101,0,0,2,1,6,1,1,3,2,02,1,1,000,000,1,0,0,4,1,13,2,1,2,00,2,1,0,200900073469B01,7,9,1
200900073483,2009-05-10,2009,mai,dimanche,94:0,971,97101,0,0,1,1,2,1,1,2,1,02,3,1,000,090,1,0,0,4,1,41,0,1,2,00,2,4,0,200900073483B01,7,0,1
200900073495,2009-06-01,2009,juin,lundi,11:35,971,97113,0,0,1,1,6,1,1,4,2,02,1,1,000,000,1,0,0,3,1,13,9,1,2,00,0,0,0,200900073495B01,7,0,1
200900073506,2009-06-24,2009,juin,mercredi,18:00,971,97113,0,0,1,1,5,2,2,2,1,02,1,2,000,000,1,0,0,3,1,51,0,1,2,00,0,4,0,200900073506B01,30,0,1
200900073506,2009-06-24,2009,juin,mercredi,18:00,971,97113,0,0,1,1,5,2,2,2,1,02,1,2,000,000,1,0,0,3,1,44,0,1,2,00,0,0,0,200900073506C01,30,0,1
200900073514,2009-08-09,2009,août,dimanche,13:27,971,97120,0,0,2,1,3,1,1,4,1,01,1,1,000,000,1,0,1,3,2,18,0,1,2,00,2,0,9,200900073514A01,7,1,1
200900073523,2009-08-21,2009,août,vendredi,16:00,971,97117,0,-0,2,1,1,1,1,9,2,02,2,1,000,000,1,0,1,3,1,10,5,1,8,00,2,1,1,200900073523B02,7,1,1
200900073542,2009-08-04,2009,août,mardi,94:5,971,97116,0,-0,1,1,6,1,1,3,2,00,2,1,000,070,1,0,1,4,1,70,5,1,1,00,0,0,1,200900073542A01,7,15,1
200900073575,2009-07-26,2009,juillet,dimanche,51:0,971,97113,0,0,2,1,6,2,1,2,2,02,1,1,000,000,1,0,0,4,1,19,0,1,2,00,0,0,0,200900073575B01,7,0,1
200900073585,2009-08-10,2009,août,lundi,20:24,973,97302,0,0,2,1,6,3,1,4,1,01,1,1,000,000,1,0,1,4,1,14,0,1,9,00,6,0,0,200900073585B01,99,0,1
200900073586,2009-08-11,2009,août,mardi,17:55,973,97302,0,0,2,2,6,1,1,4,1,01,1,1,000,083,1,0,1,4,1,17,0,1,2,00,2,8,1,200900073586A01,7,1,1
200900073592,2009-08-01,2009,août,samedi,64:5,973,97311,0,-0,2,1,1,2,7,3,2,00,1,1,000,060,1,0,1,3,1,63,1,1,1,00,0,4,2,200900073592B02,7,2,1
200900073599,2009-08-05,2009,août,mercredi,19:00,973,97302,0,0,2,1,6,2,1,3,2,02,1,1,000,027,1,0,1,4,1,15,0,1,9,00,9,1,0,200900073599B01,2,0,1
200900073608,2009-08-23,2009,août,dimanche,19:29,973,97302,0,0,1,1,6,5,1,3,2,02,1,1,000,034,1,0,1,4,2,7,0,1,9,00,2,1,1,200900073608B01,7,0,1
200900073618,2009-04-01,2009,avril,mercredi,15:55,973,97302,0,0,2,6,3,1,1,4,3,02,1,1,000,070,1,0,1,4,1,54,0,1,9,00,2,7,1,200900073618B01,7,9,1
200900073623,2009-07-23,2009,juillet,jeudi,91:3,973,97302,0,0,2,1,6,1,1,4,2,02,1,1,000,073,1,0,1,4,2,15,0,1,2,00,2,1,0,200900073623A01,7,0,1
200900073624,2009-07-28,2009,juillet,mardi,74:5,973,97302,0,0,2,1,6,1,1,4,2,02,1,1,000,075,1,0,1,4,1,31,0,1,2,00,2,0,0,200900073624B01,7,0,1
200900073658,2009-07-03,2009,juillet,vendredi,12:30,974,97414,0,0,1,1,3,1,1,4,2,02,1,1,000,050,1,0,1,4,1,8,9,1,2,00,2,1,1,200900073658B01,7,1,1
200900073670,2009-07-27,2009,juillet,lundi,10:35,974,97416,0,0,2,9,3,1,1,4,2,02,1,1,000,060,1,0,5,3,1,43,9,1,9,00,2,3,1,200900073670B01,7,15,1
200900073677,2009-07-22,2009,juillet,mercredi,11:10,974,97407,0,0,2,1,2,1,1,4,1,01,1,1,000,065,1,0,4,4,1,11,5,1,9,00,2,4,0,200900073677B01,7,20,1
200900073680,2009-07-20,2009,juillet,lundi,18:50,974,97407,0,0,2,1,2,5,1,4,2,02,1,1,000,072,1,0,1,3,1,17,5,1,4,00,2,4,13,200900073680A01,7,1,1
200900073682,2009-07-17,2009,juillet,vendredi,16:30,974,97411,0,0,2,6,3,1,1,4,1,02,1,2,000,000,1,5,1,3,1,56,5,1,2,00,2,1,12,200900073682A01,7,1,1
200900073689,2009-07-17,2009,juillet,vendredi,11:15,974,97416,0,0,1,2,3,1,1,4,2,02,1,1,000,080,1,0,1,4,1,38,9,1,2,00,2,1,17,200900073689B01,7,15,1
200900073691,2009-07-20,2009,juillet,lundi,11:47,974,97411,0,0,2,1,6,1,1,4,2,02,1,1,000,000,1,0,1,4,1,40,0,1,9,00,0,0,0,200900073691A01,,,
200900073795,2009-06-08,2009,juin,lundi,18:15,972,97220,0,-0,2,1,3,1,1,4,2,02,2,3,000,063,1,0,1,3,1,14,5,1,1,00,2,2,13,200900073795A01,10,1,1
200900073803,2009-06-17,2009,juin,mercredi,15:00,972,97213,0,0,2,3,1,1,1,4,2,02,1,1,000,000,1,0,1,3,1,17,0,1,9,00,2,0,15,200900073803B01,10,1,1
200900073818,2009-07-29,2009,juillet,mercredi,14:20,972,97213,0,0,1,1,3,1,1,1,3,06,1,1,000,000,1,0,1,3,1,31,0,1,2,00,2,8,2,200900073818B01,7,2,1
200900073824,2009-07-03,2009,juillet,vendredi,15:35,972,97209,0,0,2,1,6,1,1,3,2,00,1,1,000,000,1,0,1,4,1,18,5,1,2,00,2,1,2,200900073824A01,7,1,1
200900073833,2009-07-09,2009,juillet,jeudi,17:30,972,97213,0,0,1,1,1,1,1,4,2,02,2,3,000,000,1,0,1,3,1,18,0,1,9,00,2,1,0,200900073833B01,7,1,1
200900073882,2009-09-19,2009,septembre,samedi,71:5,971,97103,0,-0,1,4,1,1,1,4,2,00,1,2,000,040,-1,0,1,3,1,43,5,1,1,00,0,5,1,200900073882B02,7,0,1
200900073887,2009-09-25,2009,septembre,vendredi,17:45,971,97125,0,-0,1,1,2,3,1,2,-1,02,4,1,000,060,1,0,1,3,1,24,0,1,1,00,0,4,0,200900073887B02,7,1,1
200900073895,2009-08-07,2009,août,vendredi,14:40,974,97416,0,0,2,9,3,1,1,6,1,01,1,1,000,030,1,0,1,3,1,12,9,1,9,00,2,1,19,200900073895B01,7,20,1
200900073909,2009-08-08,2009,août,samedi,23:00,974,97422,-0,0,2,3,6,5,1,3,2,02,1,2,000,062,1,0,1,3,1,17,5,1,1,00,2,1,19,200900073909A01,,,
200900073910,2009-08-18,2009,août,mardi,15:00,974,97414,-0,0,1,1,1,1,1,2,2,02,1,2,000,060,1,0,1,3,1,27,5,1,1,00,2,1,13,200900073910A01,7,1,1
200900073917,2009-08-22,2009,août,samedi,12:15,974,97409,0,0,2,3,3,1,1,4,1,01,1,-1,000,030,1,0,1,4,1,9,0,1,9,00,2,0,0,200900073917B01,7,0,1
200900073921,2009-08-18,2009,août,mardi,11:47,974,97407,0,0,2,6,3,1,1,4,2,02,1,1,000,075,1,0,0,4,1,33,5,1,9,00,2,7,1,200900073921B01,7,9,1
200900073921,2009-08-18,2009,août,mardi,11:47,974,97407,0,0,2,6,3,1,1,4,2,02,1,1,000,075,1,0,0,4,2,4,5,1,9,00,2,7,1,200900073921B01,7,9,1
200900073929,2009-08-01,2009,août,samedi,12:00,974,97409,0,0,2,3,1,1,1,4,2,02,1,4,000,040,1,0,1,4,1,11,5,1,9,00,2,1,15,200900073929B01,7,1,1
200900073931,2009-08-17,2009,août,lundi,10:50,974,97409,0,0,2,1,3,1,1,4,1,01,1,3,000,030,1,0,1,4,1,15,0,1,9,00,0,6,10,200900073931B01,31,2,1
200900073935,2009-08-03,2009,août,lundi,17:30,974,97407,0,0,2,6,3,1,1,4,2,02,1,1,000,068,1,0,0,3,1,40,9,1,9,00,2,7,1,200900073935B01,7,9,1
200900073940,2009-08-06,2009,août,jeudi,17:26,974,97411,0,0,2,1,6,1,1,4,2,02,1,1,000,000,1,0,1,1,1,35,0,1,2,00,2,4,1,200900073940B01,33,1,1
200900073951,2009-09-26,2009,septembre,samedi,10:00,974,97411,0,0,2,1,6,1,1,4,2,02,1,1,000,000,1,0,1,4,1,55,5,1,2,00,2,8,1,200900073951B01,7,17,1
200900073962,2009-09-19,2009,septembre,samedi,14:15,974,97407,0,0,2,6,3,1,1,4,2,02,1,1,000,072,1,0,0,4,1,15,5,1,9,00,2,8,19,200900073962A01,7,1,1
200900073967,2009-09-15,2009,septembre,mardi,17:15,974,97409,0,0,2,2,6,1,1,4,-1,02,1,1,000,040,1,0,0,4,1,13,0,1,9,00,9,4,16,200900073967A01,30,0,1
200900073985,2009-09-18,2009,septembre,vendredi,60:0,974,97405,-0,0,1,1,1,1,1,3,3,00,2,1,000,000,1,0,1,3,1,45,1,1,1,00,0,8,1,200900073985B02,13,1,1