Num_Acc,date,an,mois,jour,hrmn,dep,com,lat,long,agg,int,col,lum,atm,catr,circ,nbv,prof,plan,lartpc,larrout,surf,infra,situ,grav,sexe,age,trajet,secuexist,equipement,obs,obsm,choc,manv,vehiculeid,typevehicules,manoeuvehicules,numVehicules
200900073997,2009-09-02,2009,septembre,mercredi,10:18,974,97414,0,0,1,1,6,1,1,4,1,01,1,1,000,040,1,0,1,4,1,23,9,1,2,00,2,1,1,200900073997B01,7,1,1
200900074023,2009-08-21,2009,août,vendredi,19:26,972,97209,0,0,2,1,6,5,1,4,1,01,1,1,000,000,1,0,1,1,1,12,5,1,2,00,1,1,1,200900074023A01,,,
200900074044,2009-08-30,2009,août,dimanche,16:00,972,97213,0,0,1,3,3,1,1,3,2,02,1,2,000,000,1,0,1,4,1,13,5,1,2,00,2,4,1,200900074044B01,7,1,1
200900074044,2009-08-30,2009,août,dimanche,16:00,972,97213,0,0,1,3,3,1,1,3,2,02,1,2,000,000,1,0,1,4,1,14,5,1,2,00,2,4,1,200900074044B01,7,1,1
200900074050,2009-10-03,2009,octobre,samedi,14:35,971,97113,0,0,2,1,6,1,1,3,2,02,4,4,000,000,1,0,0,3,1,45,0,1,2,00,0,0,0,200900074050B01,7,0,1
200900074052,2009-10-13,2009,octobre,mardi,14:45,971,97120,0,0,2,1,6,1,1,3,2,02,1,-1,000,000,1,0,0,3,2,15,0,1,2,00,2,0,5,200900074052A01,7,0,1
200900074059,2009-10-09,2009,octobre,vendredi,23:10,971,97101,0,0,2,1,6,5,1,3,2,02,1,1,000,000,1,0,0,1,1,18,0,1,8,00,0,0,0,200900074059B01,33,0,1
200900074093,2009-09-17,2009,septembre,jeudi,55:0,972,97209,0,0,2,1,1,2,1,2,2,02,1,2,000,000,1,0,1,4,1,44,5,1,2,00,2,1,1,200900074093B01,7,13,1
200900074101,2009-09-05,2009,septembre,samedi,73:0,972,97217,0,-0,1,1,1,1,1,2,2,02,2,2,028,074,1,0,1,3,1,18,0,1,2,00,2,1,13,200900074101B02,10,1,1
200900074104,2009-09-25,2009,septembre,vendredi,16:15,972,97229,0,-0,1,1,7,1,1,4,2,02,2,2,000,000,1,0,1,3,1,48,1,1,2,00,0,0,0,200900074104A01,,,
200900074147,2009-11-01,2009,novembre,dimanche,20:45,971,97125,0,-0,1,1,4,3,3,2,2,02,3,2,000,059,2,0,1,3,1,44,9,1,4,00,9,0,19,200900074147A01,7,2,2
200900074153,2009-11-12,2009,novembre,jeudi,10:30,971,97107,0,-0,1,6,1,1,1,2,1,01,1,2,313,075,1,0,1,3,1,52,1,1,1,00,2,7,2,200900074153B02,10,2,1
200900074158,2009-11-22,2009,novembre,dimanche,18:15,971,97128,0,-0,1,1,6,3,2,4,2,00,2,2,000,000,2,0,1,3,1,17,5,1,1,00,0,0,0,200900074158B02,7,1,1
200900074172,2009-10-19,2009,octobre,lundi,50:0,974,97411,0,0,2,1,1,5,1,4,2,02,1,1,000,000,1,0,1,3,1,40,0,1,2,00,2,1,1,200900074172B01,7,15,1
200900074177,2009-10-19,2009,octobre,lundi,22:10,974,97411,0,0,2,3,3,5,1,4,2,02,2,1,000,000,1,0,1,1,1,16,5,1,9,00,2,0,16,200900074177A01,33,1,1
200900074177,2009-10-19,2009,octobre,lundi,22:10,974,97411,0,0,2,3,3,5,1,4,2,02,2,1,000,000,1,0,1,1,1,16,5,1,9,00,2,0,16,200900074177A01,33,1,1
200900074201,2009-10-02,2009,octobre,vendredi,23:00,974,97440,-0,0,2,1,1,5,1,4,2,02,2,2,000,050,1,0,1,1,1,21,5,1,1,00,2,1,13,200900074201B02,2,13,1
200900074209,2009-10-30,2009,octobre,vendredi,12:15,974,97407,0,0,2,1,2,1,1,4,1,01,1,1,000,068,1,0,1,4,1,25,5,1,9,01,0,1,1,200900074209A01,38,24,1
200900074219,2009-10-08,2009,octobre,jeudi,17:35,974,97407,0,0,1,1,3,2,1,4,2,02,2,1,000,071,1,0,1,4,1,52,1,1,2,00,2,8,1,200900074219B01,10,13,1
200900074223,2009-10-07,2009,octobre,mercredi,10:25,974,97407,0,0,1,1,3,1,1,2,1,02,2,1,000,072,1,0,1,4,1,55,9,1,9,00,2,8,19,200900074223A01,7,9,1
200900074244,2009-11-12,2009,novembre,jeudi,63:0,971,97101,0,0,2,1,6,1,1,3,1,01,1,-1,000,000,1,0,0,3,1,38,0,1,2,00,0,0,0,200900074244E01,7,0,4
200900074251,2009-09-04,2009,septembre,vendredi,12:00,973,97302,0,0,2,1,6,1,1,4,1,01,1,1,000,000,1,0,1,4,1,14,0,1,2,00,2,0,0,200900074251B01,7,0,1
200900074252,2009-09-01,2009,septembre,mardi,14:09,973,97302,0,0,2,3,6,1,1,3,2,02,1,1,000,072,1,0,1,4,1,11,0,1,2,00,9,0,0,200900074252A01,33,0,1
200900074272,2009-09-09,2009,septembre,mercredi,15:45,973,97307,0,-0,1,1,4,1,1,2,2,02,1,1,000,072,1,0,3,3,1,14,5,1,2,00,1,7,5,200900074272B02,7,14,1
200900074272,2009-09-09,2009,septembre,mercredi,15:45,973,97307,0,-0,1,1,4,1,1,2,2,02,1,1,000,072,1,0,3,3,1,15,5,1,2,00,2,2,5,200900074272C03,7,14,1
200900074279,2009-09-19,2009,septembre,samedi,15:08,973,97302,0,0,2,1,6,1,1,3,2,02,1,1,000,105,1,0,1,4,1,53,0,1,9,00,2,1,0,200900074279B01,7,0,1
200900074280,2009-09-19,2009,septembre,samedi,18:16,973,97302,0,0,2,1,3,1,1,3,1,01,1,1,000,107,1,0,1,4,1,57,0,1,9,00,2,1,2,200900074280B01,7,24,1
200900074282,2009-09-21,2009,septembre,lundi,84:0,973,97302,0,0,2,3,2,1,1,3,2,02,1,1,000,120,1,0,1,4,1,30,0,1,9,00,2,0,1,200900074282B01,7,15,1
200900074309,2009-10-02,2009,octobre,vendredi,19:40,973,97302,0,0,2,3,3,5,1,4,1,02,1,1,000,064,1,0,1,4,1,16,0,1,9,00,2,4,9,200900074309B01,7,15,1
200900074313,2009-10-08,2009,octobre,jeudi,17:30,973,97302,0,0,2,3,6,1,1,4,2,02,1,1,000,090,1,0,1,4,1,22,0,1,9,00,9,1,1,200900074313B01,2,0,1
200900074319,2009-10-05,2009,octobre,lundi,17:08,973,97302,0,0,2,1,6,1,1,3,-1,02,1,1,000,000,1,0,1,4,1,20,0,1,9,00,2,0,0,200900074319A01,7,0,1
200900074320,2009-11-02,2009,novembre,lundi,14:15,973,97307,0,-0,2,1,7,1,1,2,2,02,1,1,000,000,1,0,3,3,1,29,5,1,1,00,0,0,1,200900074320A01,,,
200900074327,2009-11-06,2009,novembre,vendredi,21:40,973,97302,0,0,2,3,6,5,1,3,2,02,1,1,000,060,1,0,1,4,1,23,0,1,9,00,2,0,0,200900074327B01,7,0,1
200900074334,2009-11-18,2009,novembre,mercredi,13:40,973,97302,0,0,1,6,3,1,1,2,1,02,1,2,000,110,1,0,1,4,2,34,9,1,4,00,2,1,15,200900074334A01,7,16,1
200900074350,2009-12-01,2009,décembre,mardi,22:00,973,97302,0,0,1,3,6,5,1,4,1,01,1,1,000,051,1,0,1,4,1,38,9,1,9,00,9,1,5,200900074350A01,2,0,1
200900074355,2009-12-05,2009,décembre,samedi,13:00,973,97307,0,-0,2,1,3,1,1,4,2,00,1,1,000,000,1,0,1,3,1,29,0,1,1,00,2,1,12,200900074355B02,7,1,1
200900074361,2009-12-09,2009,décembre,mercredi,17:15,973,97304,0,-0,2,1,1,1,8,9,2,01,1,1,000,040,2,0,1,3,1,12,5,1,2,00,2,1,17,200900074361A01,7,1,1
200900074362,2009-12-01,2009,décembre,mardi,11:45,973,97304,0,-0,2,1,1,1,1,4,2,02,1,1,000,000,1,0,1,1,1,12,5,1,1,00,0,0,21,200900074362A01,2,21,1
200900074363,2009-12-07,2009,décembre,lundi,19:00,973,97303,0,-0,1,1,2,3,1,2,2,02,1,3,000,062,1,0,1,3,1,26,5,1,4,00,0,4,1,200900074363B02,7,1,1
200900074368,2009-12-30,2009,décembre,mercredi,15:00,973,97309,0,-0,2,1,1,1,1,3,2,02,1,1,000,050,1,0,0,3,1,29,5,1,1,00,2,2,1,200900074368A01,10,15,1
200900074371,2009-12-18,2009,décembre,vendredi,20:20,973,97302,0,0,2,1,6,5,1,4,1,01,1,1,000,000,1,0,1,4,1,16,0,1,9,00,2,4,0,200900074371B01,7,0,1
200900074372,2009-12-21,2009,décembre,lundi,84:0,973,97302,0,0,1,1,6,1,1,3,1,01,1,1,000,075,1,0,1,4,1,22,0,1,9,00,9,1,0,200900074372A01,2,0,1
200900074375,2009-12-23,2009,décembre,mercredi,10:41,973,97302,0,0,2,1,6,1,1,3,2,02,1,1,000,066,1,0,1,4,1,19,0,1,9,00,2,4,0,200900074375A01,7,0,1
200900074377,2009-12-24,2009,décembre,jeudi,16:00,973,97302,0,0,2,1,7,1,1,4,1,01,1,-1,000,130,1,0,1,4,1,16,0,1,2,00,2,0,0,200900074377A01,7,0,1
200900074381,2009-11-12,2009,novembre,jeudi,17:30,974,97408,-0,0,1,6,3,1,1,2,1,02,1,-1,000,000,1,3,1,3,1,72,5,1,1,00,2,4,1,200900074381A01,10,9,1
200900074383,2009-11-12,2009,novembre,jeudi,18:15,974,97404,-0,0,2,1,3,2,1,3,2,00,1,3,000,060,1,0,1,3,1,30,1,1,1,00,2,8,15,200900074383B02,38,13,1
200900074396,2009-11-28,2009,novembre,samedi,16:30,974,97409,0,0,2,1,3,1,1,4,2,02,2,3,000,050,1,0,1,3,1,28,0,1,9,00,2,1,13,200900074396A01,7,1,1
200900074408,2009-11-11,2009,novembre,mercredi,17:35,974,97411,0,0,2,1,1,1,1,4,2,02,1,1,000,000,1,0,1,4,1,11,5,1,2,00,2,1,13,200900074408A01,7,1,1
200900074416,2009-11-12,2009,novembre,jeudi,11:59,974,97411,0,0,2,1,2,1,1,5,2,02,1,2,000,000,1,0,1,4,1,52,5,1,2,00,2,1,1,200900074416A01,7,1,1
200900074428,2009-11-21,2009,novembre,samedi,73:0,974,97416,0,0,2,1,3,1,1,4,2,02,1,1,000,050,1,0,5,4,1,53,9,1,2,01,0,1,1,200900074428B01,7,22,1
200900074500,2009-12-01,2009,décembre,mardi,91:0,974,97411,0,0,2,1,6,1,1,4,1,02,1,1,000,000,1,0,1,4,2,56,0,1,2,00,2,0,0,200900074500B01,7,0,1
200900074502,2009-12-04,2009,décembre,vendredi,74:0,974,97411,0,0,2,3,3,1,1,4,2,02,1,1,000,000,1,0,1,4,1,16,2,1,2,00,2,1,1,200900074502A01,7,1,1
200900074507,2009-12-08,2009,décembre,mardi,74:5,974,97411,0,0,1,1,6,1,1,4,1,01,1,1,000,000,1,0,1,1,1,24,5,1,2,00,1,1,1,200900074507A01,,,
200900074512,2009-12-10,2009,décembre,jeudi,20:00,974,97407,0,0,2,1,6,3,1,4,2,02,1,1,000,081,1,0,1,4,1,40,5,1,4,00,2,8,1,200900074512B01,7,17,1
200900074519,2009-12-15,2009,décembre,mardi,17:00,974,97420,-0,0,1,1,1,1,1,3,2,00,-1,1,000,062,1,0,1,3,1,38,5,1,2,00,2,4,1,200900074519B02,7,1,1
200900074523,2009-12-20,2009,décembre,dimanche,19:50,974,97407,0,0,2,1,2,5,1,4,2,02,1,1,000,072,1,0,1,3,1,14,5,1,2,01,9,8,19,200900074523A01,33,1,1
200900074537,2009-12-28,2009,décembre,lundi,13:00,974,97411,0,0,2,6,2,1,1,4,1,02,1,1,000,000,1,0,1,4,2,27,5,1,9,00,2,4,1,200900074537B01,7,1,1
200900074543,2009-12-29,2009,décembre,mardi,14:30,974,97411,0,0,2,1,6,2,1,4,2,02,1,1,000,000,1,0,1,4,1,5,5,1,9,00,2,8,13,200900074543B01,7,1,1
200900074551,2009-12-20,2009,décembre,dimanche,53:0,974,97416,0,0,2,1,2,3,1,4,1,01,1,1,000,040,1,0,1,4,1,22,9,1,2,00,2,1,1,200900074551B01,7,13,1
200900074561,2009-12-20,2009,décembre,dimanche,54:0,974,97416,0,0,1,1,2,2,1,3,2,02,1,1,000,050,1,0,1,2,1,52,9,1,9,00,2,4,1,200900074561B01,7,1,1
200900074615,2009-12-26,2009,décembre,samedi,17:00,972,97212,0,-0,1,1,6,2,1,4,2,01,1,1,000,031,1,0,3,2,1,18,5,1,1,00,0,0,0,200900074615A01,,,
200900074642,2009-12-29,2009,décembre,mardi,17:00,972,97213,0,0,1,1,1,1,1,4,2,02,2,1,000,000,1,0,1,4,1,18,0,1,9,00,2,1,5,200900074642B01,7,5,1
200900074693,2009-11-25,2009,novembre,mercredi,15:00,972,97210,0,-0,1,1,3,1,1,2,2,02,-1,3,000,075,1,0,1,3,1,55,5,1,2,00,0,8,0,200900074693B02,10,16,1
200900074699,2009-11-10,2009,novembre,mardi,93:0,972,97232,0,-0,2,2,3,1,8,2,2,02,4,1,000,000,2,0,1,3,1,68,9,1,2,00,0,1,1,200900074699B02,7,19,1
201000000004,2010-09-22,2010,septembre,mercredi,16:30,59,59477,50.518,2.925,2,1,6,1,1,3,2,02,1,1,000,068,1,0,1,3,2,14,5,1,8,00,0,0,0,201000000004A01,10,1,1
201000000017,2010-07-16,2010,juillet,vendredi,15:45,59,59586,0,0,2,1,1,1,1,4,2,00,1,1,000,000,1,0,1,3,1,67,5,1,2,00,0,0,1,201000000017B02,7,22,1
201000000025,2010-09-08,2010,septembre,mercredi,54:5,59,59452,50.469,3.029,1,2,2,3,3,3,2,02,1,1,000,075,2,0,1,2,1,49,1,1,4,00,0,4,2,201000000025B02,7,2,1
201000000052,2010-06-02,2010,juin,mercredi,15:30,59,59581,50.705,2.765,2,1,1,1,1,3,2,02,1,1,000,056,1,0,1,4,2,13,5,1,1,00,2,3,16,201000000052A01,33,1,1
201000000070,2010-08-20,2010,août,vendredi,94:5,59,59135,50.813,2.488,1,1,3,1,1,3,2,00,2,1,000,069,1,0,1,3,1,79,5,1,1,00,2,8,15,201000000070B02,7,17,1
201000000080,2010-01-20,2010,janvier,mercredi,20:30,59,59123,0,0,2,1,1,5,1,3,2,02,-1,-1,000,000,1,0,1,3,2,45,5,1,1,00,2,1,1,201000000080B02,7,11,1
201000000093,2010-10-03,2010,octobre,dimanche,91:5,59,59092,0,0,2,1,6,1,1,3,2,02,1,1,000,000,1,0,5,3,1,72,5,1,9,00,9,1,1,201000000093A01,,,
201000000115,2010-08-19,2010,août,jeudi,11:00,59,59242,0,0,2,1,1,1,7,3,2,02,1,3,000,000,1,0,1,3,1,60,0,1,2,00,2,8,15,201000000115A01,7,1,1
201000000152,2010-09-22,2010,septembre,mercredi,16:30,59,59139,0,0,2,1,1,1,1,9,2,02,1,1,000,000,1,0,1,1,1,16,5,1,1,00,0,1,19,201000000152A01,2,0,1
201000000181,2010-03-04,2010,mars,jeudi,63:0,59,59105,50.457,3.239,2,1,2,2,1,4,2,00,-1,-1,000,030,9,0,1,3,1,60,1,1,4,00,0,4,2,201000000181B02,7,2,1
201000000189,2010-02-06,2010,février,samedi,15:00,59,59396,50.279,3.801,2,1,1,1,1,3,2,01,2,2,000,059,1,0,1,3,2,8,5,1,8,00,0,4,1,201000000189B02,7,1,1
201000000223,2010-02-28,2010,février,dimanche,10:15,62,62557,50.326,2.701,2,1,7,1,2,3,2,02,4,1,000,060,9,0,1,2,1,67,5,1,2,08,0,1,1,201000000223A01,,,
201000000253,2010-07-13,2010,juillet,mardi,16:00,62,62376,0,0,2,2,1,1,1,3,2,02,1,1,000,062,1,0,1,3,1,39,5,1,2,00,2,1,1,201000000253A01,7,19,1
201000000260,2010-03-11,2010,mars,jeudi,17:00,62,62338,0,0,1,4,1,1,1,3,2,02,1,2,000,055,1,0,1,3,1,48,5,1,1,00,2,1,1,201000000260A01,7,15,1
201000000278,2010-07-23,2010,juillet,vendredi,16:45,62,62474,50.676,1.659,2,1,6,1,1,3,3,02,1,1,000,052,1,0,3,4,1,25,1,1,1,00,2,1,1,201000000278B02,,,
201000000292,2010-10-24,2010,octobre,dimanche,15:15,62,62302,50.587,1.984,2,1,1,1,1,3,2,02,-1,1,000,060,1,0,1,3,1,11,0,1,8,00,2,8,19,201000000292B02,7,1,1
201000000351,2010-05-23,2010,mai,dimanche,14:45,62,62644,50.652,2.137,2,1,5,1,1,3,2,02,1,1,000,062,1,0,1,1,1,8,5,1,1,00,0,0,23,201000000351E05,7,13,1
201000000351,2010-05-23,2010,mai,dimanche,14:45,62,62644,50.652,2.137,2,1,5,1,1,3,2,02,1,1,000,062,1,0,1,1,1,14,5,1,1,00,0,0,23,201000000351G07,7,13,1
201000000351,2010-05-23,2010,mai,dimanche,14:45,62,62644,50.652,2.137,2,1,5,1,1,3,2,02,1,1,000,062,1,0,1,1,2,11,5,1,1,00,0,0,23,201000000351F06,7,13,1
201000000351,2010-05-23,2010,mai,dimanche,14:45,62,62644,50.652,2.137,2,1,5,1,1,3,2,02,1,1,000,062,1,0,1,3,1,10,5,1,1,00,2,0,23,201000000351D04,7,13,1
201000000351,2010-05-23,2010,mai,dimanche,14:45,62,62644,50.652,2.137,2,1,5,1,1,3,2,02,1,1,000,062,1,0,1,3,1,14,5,1,1,00,2,1,23,201000000351B02,7,13,1
201000000351,2010-05-23,2010,mai,dimanche,14:45,62,62644,50.652,2.137,2,1,5,1,1,3,2,02,1,1,000,062,1,0,1,3,1,8,5,1,1,00,2,1,23,201000000351C03,7,13,1
201000000437,2010-04-01,2010,avril,jeudi,18:30,80,80791,0,0,2,1,1,1,1,3,3,00,4,3,000,059,1,0,1,3,1,54,5,1,2,00,0,0,0,201000000437A01,7,23,1
201000000447,2010-07-06,2010,juillet,mardi,20:30,80,80180,0,0,2,2,1,1,1,3,2,02,1,1,000,000,1,0,1,3,1,6,5,1,2,00,2,1,1,201000000447B02,7,0,1
201000000498,2010-10-13,2010,octobre,mercredi,15:45,80,80029,0,0,2,1,3,1,1,3,2,02,4,1,000,057,1,0,1,2,1,11,5,1,2,00,2,1,16,201000000498B02,13,1,1
201000000498,2010-10-13,2010,octobre,mercredi,15:45,80,80029,0,0,2,1,3,1,1,3,2,02,4,1,000,057,1,0,1,3,1,9,0,1,2,00,2,1,16,201000000498B02,13,1,1
201000000533,2010-03-24,2010,mars,mercredi,17:45,80,80086,0,0,2,1,1,1,1,9,2,02,1,1,000,050,1,0,1,3,1,9,5,1,4,00,2,8,16,201000000533B02,7,2,1
201000000541,2010-10-02,2010,octobre,samedi,16:30,80,80318,0,0,2,1,6,1,1,3,2,02,2,2,000,060,1,0,4,4,1,27,5,1,4,01,0,4,14,201000000541A01,,,
201000000551,2010-04-18,2010,avril,dimanche,14:45,80,80293,0,0,1,1,4,1,1,3,2,02,1,1,000,060,1,0,1,2,1,16,9,1,2,00,2,4,1,201000000551C03,7,1,2
201000000637,2010-05-24,2010,mai,lundi,17:15,02,02560,0,0,1,3,3,1,1,4,2,02,2,4,000,050,1,0,1,3,1,14,5,1,2,00,0,0,0,201000000637B02,7,23,1
201000000679,2010-03-06,2010,mars,samedi,10:45,02,02453,0,0,1,1,3,1,1,3,3,00,1,3,000,000,1,0,1,3,1,56,5,1,2,00,2,8,2,201000000679B02,7,2,1
201000000688,2010-04-04,2010,avril,dimanche,11:30,02,02217,0,0,2,3,1,1,1,3,2,02,,,,,,0,1,3,1,57,5,1,2,00,2,1,1,201000000688B02,7,15,1
201000000753,2010-08-28,2010,août,samedi,14:45,02,02775,0,0,2,1,1,1,1,3,2,00,1,1,000,040,1,2,1,4,1,16,5,1,2,10,2,8,18,201000000753B02,21,1,1
201000000753,2010-08-28,2010,août,samedi,14:45,02,02775,0,0,2,1,1,1,1,3,2,00,1,1,000,040,1,2,1,3,1,11,0,1,2,10,2,8,18,201000000753B02,21,1,1
201000000759,2010-04-25,2010,avril,dimanche,14:00,02,02245,0,0,2,1,1,1,1,4,2,01,1,1,056,056,1,0,1,3,1,10,5,1,2,00,2,8,9,201000000759B02,7,1,1
201000000772,2010-10-21,2010,octobre,jeudi,13:25,02,02110,0,0,2,2,1,1,1,4,,,,,,,,,,3,1,15,2,1,1,00,2,8,1,201000000772B02,7,1,1
201000000773,2010-10-27,2010,octobre,mercredi,17:50,02,02620,0,0,1,2,1,1,1,3,-1,02,-1,1,000,000,1,0,1,3,1,14,5,1,2,00,2,1,19,201000000773A01,7,1,1
201000000803,2010-01-20,2010,janvier,mercredi,10:30,02,02135,0,0,1,1,2,1,1,3,2,00,1,1,000,074,1,0,1,3,2,52,3,1,2,00,0,4,15,201000000803B02,7,17,1
201000000825,2010-09-22,2010,septembre,mercredi,12:55,02,02830,0,0,2,1,1,1,1,4,2,02,1,1,000,100,1,0,1,4,1,11,2,1,2,00,0,5,19,201000000825A01,7,1,1
201000000827,2010-03-25,2010,mars,jeudi,20:45,02,02495,0,0,1,1,2,3,2,3,2,00,3,1,000,076,2,0,1,3,1,55,5,1,4,00,2,4,1,201000000827B02,7,1,1
201000000844,2010-08-18,2010,août,mercredi,19:30,60,60310,0,0,1,3,1,1,1,3,2,02,1,1,000,068,1,0,1,3,1,22,5,1,2,00,2,9,1,201000000844B02,7,15,1
201000000845,2010-09-16,2010,septembre,jeudi,18:00,60,60428,49.462,2,1,1,1,1,1,3,2,02,2,1,000,065,1,0,1,2,1,44,1,1,2,00,2,1,1,201000000845B02,7,17,1
201000000859,2010-09-01,2010,septembre,mercredi,14:00,60,60616,49.347,1.775,1,1,1,1,1,3,2,02,1,1,000,065,1,0,1,4,1,23,5,1,1,00,2,0,1,201000000859B02,2,13,1
201000000869,2010-05-26,2010,mai,mercredi,15:00,60,60528,0,0,1,1,3,1,1,3,2,02,-1,1,000,070,1,0,1,3,1,12,5,1,2,00,0,7,10,201000000869A01,7,21,1
201000000916,2010-09-23,2010,septembre,jeudi,13:15,60,60570,0,0,1,1,1,1,1,3,2,02,1,1,000,000,1,0,1,3,2,50,5,1,2,00,0,7,1,201000000916B02,7,14,1
201000000939,2010-08-03,2010,août,mardi,11:15,60,60007,0,0,2,9,2,1,1,3,2,02,1,1,000,000,1,0,1,4,1,60,5,1,2,00,0,1,1,201000000939B02,3,17,1
201000000983,2010-02-09,2010,février,mardi,14:45,60,60151,0,0,1,6,3,1,1,3,2,02,1,-1,000,000,2,0,1,4,1,33,5,1,2,00,2,7,1,201000000983A01,7,9,1
201000000990,2010-04-01,2010,avril,jeudi,17:45,60,60373,0,0,1,1,1,1,1,3,2,02,1,1,000,000,1,0,1,3,2,15,0,1,2,00,2,4,15,201000000990B02,7,13,1
201000000990,2010-04-01,2010,avril,jeudi,17:45,60,60373,0,0,1,1,1,1,1,3,2,02,1,1,000,000,1,0,1,4,2,15,5,1,2,00,2,4,15,201000000990B02,7,13,1
201000000992,2010-04-25,2010,avril,dimanche,17:30,60,60156,0,0,2,1,3,1,1,4,2,00,1,1,000,050,1,0,1,4,1,11,5,1,2,00,2,1,19,201000000992A01,7,1,1
201000001071,2010-05-31,2010,mai,lundi,15:00,60,60060,0,0,1,1,1,1,1,3,2,02,1,1,075,000,1,0,1,2,1,63,5,1,2,00,2,4,13,201000001071B02,7,17,1
201000001094,2010-09-02,2010,septembre,jeudi,14:00,60,60282,0,0,2,1,6,1,1,4,2,02,1,1,000,060,1,0,4,4,1,17,5,1,2,00,2,2,5,201000001094B02,7,20,1
201000001129,2010-05-24,2010,mai,lundi,16:30,60,60666,49.106,2.686,2,1,6,1,1,3,2,02,2,1,000,000,1,0,1,3,1,32,5,1,2,01,0,1,0,201000001129A01,,,
201000001165,2010-09-01,2010,septembre,mercredi,13:00,76,76377,49.501,1.139,2,2,3,1,1,3,2,02,3,1,000,067,1,5,1,3,1,14,5,1,2,00,2,8,19,201000001165C03,7,1,1
201000001240,2010-07-12,2010,juillet,lundi,19:30,76,76647,0,0,2,1,3,1,1,3,2,02,1,1,000,000,1,0,1,3,1,49,5,1,1,00,2,1,1,201000001240B02,7,0,1
201000001247,2010-04-10,2010,avril,samedi,17:00,76,76427,49.757,1.404,1,1,3,1,1,3,2,02,1,1,000,061,1,5,1,3,1,21,5,1,1,00,2,8,15,201000001247B02,7,17,1
201000001267,2010-07-05,2010,juillet,lundi,18:15,76,76343,0,0,1,1,3,1,1,4,2,00,1,1,000,040,1,0,1,4,1,14,5,1,1,00,2,8,1,201000001267B02,30,1,1
201000001279,2010-12-17,2010,décembre,vendredi,20:30,76,76142,0,0,2,1,1,3,4,3,2,02,-1,1,000,000,5,0,1,3,1,37,5,1,4,00,0,1,1,201000001279B02,21,1,1
201000001301,2010-06-03,2010,juin,jeudi,17:45,76,76151,0,0,2,1,3,1,1,4,-1,02,-1,1,000,032,1,0,0,3,1,13,5,1,1,00,2,0,19,201000001301B02,7,1,1
201000001328,2010-03-21,2010,mars,dimanche,11:45,27,27641,49.0873,0.91866,1,1,2,1,1,3,1,02,1,1,000,000,1,0,1,3,1,78,5,1,2,00,0,4,1,201000001328B02,30,1,1
201000001341,2010-08-04,2010,août,mercredi,15:00,27,27306,48.958,1.16154,1,1,1,1,1,3,2,02,1,1,000,000,1,0,1,3,1,15,5,1,1,00,2,1,13,201000001341A01,7,0,1
201000001385,2010-06-01,2010,juin,mardi,19:00,27,27278,48.8996,1.45223,1,1,1,1,2,3,2,02,1,1,000,060,2,0,1,4,1,12,5,1,2,00,2,1,15,201000001385B02,7,1,1
201000001450,2010-04-29,2010,avril,jeudi,10:45,27,27056,49.095,0.59401,1,6,1,1,1,9,-1,02,1,2,000,000,1,5,1,3,2,80,5,1,1,00,2,7,0,201000001450B02,7,9,1
201000001575,2010-07-28,2010,juillet,mercredi,17:45,27,27167,49.3225,0.59455,1,1,6,1,1,3,2,00,2,2,000,000,1,0,1,3,1,19,5,1,1,00,2,1,13,201000001575A01,,,
201000001582,2010-01-19,2010,janvier,mardi,10:45,35,35128,48.281,-1.711,1,1,1,1,1,3,2,02,2,1,000,061,2,0,1,2,1,38,5,1,2,00,2,1,1,201000001582B02,7,1,1
201000001583,2010-03-06,2010,mars,samedi,14:45,35,35177,0,0,1,1,1,1,1,3,2,02,1,1,000,075,1,0,1,3,1,60,5,1,2,00,2,4,1,201000001583B02,7,1,1
201000001590,2010-07-23,2010,juillet,vendredi,14:00,35,35120,48.23,-1.785,1,1,3,1,1,3,2,02,4,1,000,054,1,0,1,3,1,13,5,1,1,00,2,8,15,201000001590B02,7,1,1
201000001591,2010-08-05,2010,août,jeudi,21:00,35,35120,0,0,2,1,3,1,1,4,2,02,1,1,010,035,1,5,1,4,1,35,5,1,2,00,2,1,1,201000001591B02,7,15,1
201000001616,2010-10-25,2010,octobre,lundi,18:00,35,35240,0,0,2,1,1,1,1,9,2,02,2,1,000,000,1,0,1,3,1,11,0,1,1,00,0,3,0,201000001616B02,37,0,1
201000001674,2010-09-16,2010,septembre,jeudi,16:30,35,35126,0,0,1,1,1,1,1,4,2,02,2,1,000,037,1,0,1,3,1,72,5,1,2,00,2,1,1,201000001674B02,21,15,1
201000001678,2010-10-27,2010,octobre,mercredi,74:5,35,35126,0,0,1,1,2,2,1,3,2,02,2,1,000,056,1,0,1,3,1,22,1,1,4,00,2,4,1,201000001678A01,30,1,1
201000001722,2010-08-22,2010,août,dimanche,94:5,35,35299,0,0,1,1,2,1,1,3,2,00,1,1,000,074,1,0,1,3,1,83,5,1,1,00,0,4,1,201000001722B02,10,1,1
201000001784,2010-06-07,2010,juin,lundi,12:00,35,35096,0,0,2,6,3,1,1,3,-1,02,1,-1,000,000,1,5,1,3,1,50,1,1,1,00,2,8,1,201000001784A01,7,2,1
201000001792,2010-09-21,2010,septembre,mardi,17:15,35,35204,0,0,2,1,3,1,1,9,2,02,2,1,000,000,1,0,1,3,1,8,5,1,2,00,2,1,13,201000001792A01,10,1,1