Num_Acc,date,an,mois,jour,hrmn,dep,com,lat,long,agg,int,col,lum,atm,catr,circ,nbv,prof,plan,lartpc,larrout,surf,infra,situ,grav,sexe,age,trajet,secuexist,equipement,obs,obsm,choc,manv,vehiculeid,typevehicules,manoeuvehicules,numVehicules
201000001820,2010-11-16,2010,novembre,mardi,83:0,22,22232,48.62499,-2.86119,1,1,1,1,1,3,2,02,1,3,000,057,1,0,1,2,1,76,5,1,2,00,2,1,1,201000001820B02,10,19,1
201000001823,2010-01-29,2010,janvier,vendredi,10:15,22,22002,48.4881,-2.56161,2,1,7,1,1,3,2,02,2,1,000,000,1,0,1,3,1,63,5,1,4,00,0,1,1,201000001823A01,,,
201000001826,2010-10-08,2010,octobre,vendredi,18:30,22,22151,48.436,-2.606,2,3,3,5,1,3,2,02,1,1,000,048,1,0,1,3,1,12,0,1,2,00,2,1,16,201000001826B02,7,1,1
201000001832,2010-03-24,2010,mars,mercredi,94:5,22,22296,48.3753,-2.52753,1,4,6,1,1,3,2,02,2,2,,,1,0,1,3,1,74,5,1,9,00,2,7,1,201000001832B02,10,9,1
201000001844,2010-02-05,2010,février,vendredi,19:45,22,22136,0,0,2,1,2,5,2,9,2,00,1,1,097,000,2,0,1,3,1,62,5,1,1,00,2,4,1,201000001844B02,3,2,1
201000001850,2010-06-07,2010,juin,lundi,15:00,22,22136,48.15733,-2.69757,1,2,3,1,1,4,2,02,1,1,000,030,1,0,1,3,2,63,5,1,2,00,2,1,19,201000001850B02,7,1,1
201000001869,2010-11-13,2010,novembre,samedi,19:30,22,22242,0,0,1,1,2,3,2,3,2,00,1,1,000,065,2,0,1,3,1,35,5,1,1,00,0,4,1,201000001869B02,7,1,1
201000001876,2010-09-20,2010,septembre,lundi,14:15,22,22287,48.46982,-2.88391,2,3,1,1,1,3,2,02,2,1,000,084,1,0,1,3,1,71,5,1,4,12,2,7,1,201000001876A01,14,1,1
201000001885,2010-02-24,2010,février,mercredi,93:0,22,22118,48.4543,-2.02702,2,4,1,1,1,3,2,02,1,1,000,000,2,5,1,3,1,54,5,1,9,00,2,1,1,201000001885B02,7,15,1
201000001888,2010-05-09,2010,mai,dimanche,19:30,22,22299,48.45651,-1.97552,1,2,3,1,1,3,2,02,1,1,000,058,1,0,1,3,1,60,5,1,9,00,2,1,19,201000001888B02,7,1,1
201000001903,2010-04-07,2010,avril,mercredi,70:0,22,22391,48.36152,-2.16359,1,2,2,3,2,3,2,02,2,1,000,000,2,0,1,2,1,16,2,1,4,00,2,4,15,201000001903A01,10,1,1
201000001926,2010-12-21,2010,décembre,mardi,12:00,22,22192,48.53823,-2.14443,2,1,5,1,9,3,2,02,4,1,000,060,7,0,1,3,1,65,5,1,2,00,5,1,1,201000001926A01,99,0,1
201000001926,2010-12-21,2010,décembre,mardi,12:00,22,22192,48.53823,-2.14443,2,1,5,1,9,3,2,02,4,1,000,060,7,0,1,4,1,63,5,1,2,00,5,4,1,201000001926B02,99,0,1
201000001929,2010-05-02,2010,mai,dimanche,14:30,22,22066,48.31548,-2.50367,1,1,3,1,1,3,2,02,2,1,000,065,1,0,1,3,1,75,5,1,9,00,2,8,2,201000001929B02,7,17,1
201000001967,2010-09-11,2010,septembre,samedi,83:0,22,22207,48.615,-3.481,2,1,6,1,2,4,2,02,2,3,000,000,2,0,0,3,1,85,3,1,2,00,0,7,17,201000001967A01,,,
201000001967,2010-09-11,2010,septembre,samedi,83:0,22,22207,48.615,-3.481,2,1,6,1,2,4,2,02,2,3,000,000,2,0,0,1,1,60,5,1,2,00,0,7,17,201000001967A01,,,
201000001995,2010-07-11,2010,juillet,dimanche,90:0,29,29214,47.91491,-4.3605,2,1,6,1,1,4,2,02,1,1,000,060,1,0,1,1,1,52,5,1,2,00,1,1,1,201000001995A01,,,
201000001998,2010-09-08,2010,septembre,mercredi,10:00,29,29215,47.98556,-4.42581,1,1,3,1,1,4,2,00,1,1,000,056,1,0,1,3,1,69,5,1,2,00,2,4,15,201000001998B02,7,17,1
201000002008,2010-07-11,2010,juillet,dimanche,81:5,29,29058,47.89821,-4.01453,2,6,7,1,1,3,2,00,2,1,000,030,2,5,1,3,1,60,5,1,2,00,0,8,1,201000002008A01,,,
201000002030,2010-12-21,2010,décembre,mardi,10:30,29,29220,47.86406,-4.23752,2,6,3,1,1,4,-1,00,1,1,000,000,1,5,1,3,1,75,3,1,1,00,2,1,1,201000002030A01,7,9,1
201000002054,2010-02-09,2010,février,mardi,18:15,29,29055,48.56305,-4.33393,2,1,1,1,1,3,2,00,1,1,000,000,1,0,1,4,2,14,5,1,1,00,2,7,19,201000002054B02,7,1,1
201000002059,2010-07-12,2010,juillet,lundi,10:45,29,29055,48.56449,-4.3437,2,1,5,1,8,4,2,00,1,1,000,060,2,0,5,3,1,63,5,1,2,00,2,7,1,201000002059C03,7,9,1
201000002059,2010-07-12,2010,juillet,lundi,10:45,29,29055,48.56449,-4.3437,2,1,5,1,8,4,2,00,1,1,000,060,2,0,5,3,1,66,5,1,2,00,2,1,1,201000002059B02,7,9,1
201000002070,2010-05-05,2010,mai,mercredi,11:30,29,29101,48.5865,-4.57258,2,1,1,1,1,4,2,00,1,1,000,000,1,0,1,3,1,11,0,1,2,00,2,1,15,201000002070B02,7,1,1
201000002076,2010-06-05,2010,juin,samedi,17:15,29,29109,48.53008,-4.73744,1,1,1,1,1,3,2,02,1,1,064,000,1,0,1,3,2,12,5,1,1,00,2,8,15,201000002076B02,7,17,1
201000002077,2010-07-05,2010,juillet,lundi,10:00,29,29260,48.43688,-4.669,1,1,6,1,1,3,2,02,-1,1,000,060,1,0,1,3,1,67,5,1,2,00,2,8,1,201000002077B02,,,
201000002087,2010-10-06,2010,octobre,mercredi,15:30,29,29139,48.27736,-4.04796,2,1,1,1,1,4,-1,02,-1,-1,000,056,1,0,1,3,1,9,5,1,1,00,2,1,15,201000002087A01,13,1,1
201000002097,2010-09-19,2010,septembre,dimanche,13:15,29,29081,48.36325,-3.74829,2,1,1,1,1,9,1,00,3,-1,000,000,1,0,0,3,1,41,5,1,2,00,2,4,0,201000002097B02,7,1,1
201000002108,2010-06-30,2010,juin,mercredi,10:00,29,29027,48.18644,-3.82473,2,1,3,1,1,3,2,00,1,1,000,060,9,0,1,3,1,71,5,1,1,00,2,3,1,201000002108B02,7,1,1
201000002137,2010-09-12,2010,septembre,dimanche,16:45,29,29163,48.49383,-3.90264,1,1,1,1,1,4,2,02,2,2,000,050,1,0,1,3,1,14,5,1,1,00,2,1,13,201000002137A01,7,1,1
201000002153,2010-10-18,2010,octobre,lundi,12:00,29,29111,48.57973,-4.21068,2,1,3,1,1,4,2,01,1,-1,000,000,1,0,1,3,1,9,2,1,1,00,2,1,19,201000002153B02,21,1,1
201000002183,2010-04-16,2010,avril,vendredi,21:30,56,56001,0,0,1,1,2,3,1,3,2,02,1,1,000,074,1,0,1,2,1,25,0,1,4,00,0,4,2,201000002183B02,7,2,1
201000002199,2010-07-26,2010,juillet,lundi,21:30,56,56058,47.46905,-2.34615,1,1,1,1,7,4,2,00,1,3,000,000,1,0,1,3,1,8,5,1,2,00,2,7,13,201000002199B02,7,1,1
201000002205,2010-10-31,2010,octobre,dimanche,11:15,56,56250,47.57338,-2.12418,1,1,1,1,7,4,2,00,2,1,064,000,1,0,1,3,1,75,5,1,9,00,0,8,1,201000002205B02,3,15,1
201000002235,2010-04-02,2010,avril,vendredi,83:0,56,56186,47.48738,-3.12411,2,1,3,1,3,9,2,00,1,1,000,000,2,0,1,3,2,49,1,1,9,00,0,2,1,201000002235B02,7,16,1
201000002239,2010-07-16,2010,juillet,vendredi,17:15,56,56186,47.49095,-3.12141,2,6,1,1,1,3,2,02,1,-1,065,066,1,0,1,3,1,49,1,1,1,00,2,1,1,201000002239A01,1,5,1
201000002239,2010-07-16,2010,juillet,vendredi,17:15,56,56186,47.49095,-3.12141,2,6,1,1,1,3,2,02,1,-1,065,066,1,0,1,1,1,50,3,1,1,00,2,1,5,201000002239B02,1,1,1
201000002241,2010-08-15,2010,août,dimanche,93:0,56,56034,47.56931,-3.07922,2,1,6,1,1,4,2,02,2,1,000,070,1,0,5,3,2,64,3,1,2,00,1,1,1,201000002241A01,,,
201000002242,2010-08-25,2010,août,mercredi,53:0,56,56258,47.58622,-3.02696,2,1,1,5,8,4,2,03,1,1,000,100,2,0,1,3,1,21,5,1,2,07,2,7,14,201000002242B02,2,13,1
201000002250,2010-04-08,2010,avril,jeudi,17:00,56,56185,47.78782,-3.42224,2,1,3,1,1,9,2,02,1,1,000,070,1,0,1,3,1,50,1,1,2,00,2,4,15,201000002250B02,33,18,1
201000002260,2010-07-25,2010,juillet,dimanche,18:30,56,56040,47.85342,-3.38167,2,1,1,1,1,4,2,00,2,1,000,000,1,0,1,4,1,10,5,1,4,00,2,0,11,201000002260B02,10,1,1
201000002269,2010-02-08,2010,février,lundi,11:15,56,56161,0,0,1,1,3,1,1,3,2,02,1,1,000,059,1,0,1,3,1,77,5,1,2,00,2,8,13,201000002269B02,7,17,1
201000002272,2010-04-20,2010,avril,mardi,14:00,56,56054,47.64344,-3.1593,2,1,1,1,1,4,2,00,1,1,000,060,1,0,1,4,1,16,5,1,1,00,0,7,19,201000002272A01,7,1,1
201000002279,2010-07-10,2010,juillet,samedi,18:00,56,56193,47.71994,-3.31787,2,1,3,1,1,3,2,02,2,1,000,060,1,0,1,3,1,14,5,1,2,00,2,8,15,201000002279B02,7,1,1
201000002321,2010-08-12,2010,août,jeudi,12:15,56,56219,0,0,1,1,2,1,1,3,2,02,4,1,000,068,-1,0,0,3,1,67,5,1,9,00,0,6,0,201000002321B02,10,2,1
201000002336,2010-08-30,2010,août,lundi,18:45,56,56160,0,0,1,1,2,1,1,3,2,02,2,1,000,067,1,0,1,2,1,15,5,1,9,00,0,4,15,201000002336B02,33,1,1
201000002347,2010-04-20,2010,avril,mardi,18:15,56,56178,48.05563,-2.94643,2,6,1,1,1,3,2,02,2,1,000,080,1,5,1,3,1,39,9,1,9,00,2,5,15,201000002347B02,7,9,1
201000002368,2010-04-27,2010,avril,mardi,18:45,56,56010,0,0,1,3,3,2,1,2,1,00,-1,1,000,040,1,3,1,3,1,36,5,1,2,00,2,1,1,201000002368A01,7,15,1
201000002371,2010-08-14,2010,août,samedi,12:00,56,56173,47.95767,-2.97242,2,6,7,1,1,4,1,01,4,3,035,075,1,5,1,3,1,76,5,1,2,00,0,0,13,201000002371A01,,,
201000002376,2010-09-12,2010,septembre,dimanche,10:45,56,56074,47.90774,-2.97954,2,1,1,1,1,4,2,02,2,3,000,045,1,0,1,4,1,19,5,1,2,00,2,1,13,201000002376A01,7,1,1
201000002443,2010-09-20,2010,septembre,lundi,16:00,14,14047,49.293,-0.719,2,1,3,1,1,3,2,02,4,1,000,066,1,0,1,2,1,82,5,1,1,00,0,8,2,201000002443B02,21,17,1
201000002449,2010-04-30,2010,avril,vendredi,11:45,14,14342,0,0,2,1,1,1,1,3,2,02,1,1,000,072,1,0,1,3,2,56,1,1,1,00,2,8,19,201000002449B02,10,15,1
201000002504,2010-09-17,2010,septembre,vendredi,20:00,14,14599,0,0,1,1,2,1,1,3,2,02,1,1,000,045,1,0,1,3,1,17,5,1,1,00,0,4,1,201000002504B02,10,1,1
201000002576,2010-10-11,2010,octobre,lundi,10:00,50,50455,49.1905,-1.04097,1,2,3,1,1,3,2,02,-1,1,070,000,1,5,1,2,1,84,5,1,2,00,2,7,19,201000002576A01,7,1,1
201000002618,2010-01-18,2010,janvier,lundi,16:45,50,50516,48.6553,-1.35304,1,6,3,1,1,3,2,02,1,1,000,000,1,5,1,3,1,59,5,1,2,00,2,7,1,201000002618B01,7,9,1
201000002622,2010-09-11,2010,septembre,samedi,14:30,50,50489,48.6985,-1.36175,2,3,1,1,1,3,2,02,1,1,000,074,1,0,1,3,1,67,5,1,2,00,0,1,1,201000002622B01,7,15,1
201000002641,2010-10-23,2010,octobre,samedi,19:45,50,50247,48.8217,-1.38629,1,1,2,3,8,3,2,02,1,1,000,062,2,0,1,3,1,14,5,1,2,00,2,4,2,201000002641B01,7,2,1
201000002695,2010-03-01,2010,mars,lundi,91:5,50,50567,49.5857,-1.51494,1,2,3,1,7,3,2,02,2,1,000,000,2,5,1,3,1,41,5,1,2,00,2,1,1,201000002695B01,7,19,1
201000002697,2010-03-31,2010,mars,mercredi,14:00,50,50087,49.5499,-1.55904,1,2,3,1,1,3,2,02,1,1,060,068,1,0,1,3,1,15,1,1,8,00,2,0,19,201000002697A01,7,1,1
201000002707,2010-09-15,2010,septembre,mercredi,93:0,50,50077,49.6567,-1.52152,2,1,1,1,7,3,2,02,-1,1,060,000,1,0,1,4,1,61,5,1,2,00,2,1,1,201000002707B01,7,15,1
201000002729,2010-10-20,2010,octobre,mercredi,94:5,50,50603,49.0548,-1.50359,1,1,2,1,1,3,2,02,1,1,000,058,1,0,1,2,1,15,5,1,8,00,2,4,2,201000002729B01,7,2,1
201000002737,2010-04-27,2010,avril,mardi,12:00,50,50143,48.8852,-1.51759,1,1,1,1,1,3,2,02,2,2,000,040,1,0,1,3,2,11,5,1,2,00,2,1,5,201000002737A01,10,1,1
201000002757,2010-08-28,2010,août,samedi,12:15,50,50642,49.3381,-1.42989,1,2,2,1,1,3,2,02,1,1,000,060,1,0,1,3,1,39,5,1,2,00,2,4,15,201000002757B01,7,17,1
201000002766,2010-05-14,2010,mai,vendredi,17:45,50,50043,48.672,-0.99426,1,1,7,1,1,4,2,02,2,1,039,060,1,0,1,3,1,54,5,1,2,00,0,1,2,201000002766A01,,,
201000002779,2010-09-18,2010,septembre,samedi,15:45,50,50452,48.5552,-1.11874,1,3,1,1,1,3,2,02,2,1,000,062,1,0,1,3,1,15,5,1,2,00,2,8,9,201000002779B01,7,1,1
201000002829,2010-05-11,2010,mai,mardi,18:35,01,01053,0,0,2,1,1,1,3,4,2,02,2,1,000,077,2,1,1,4,2,41,1,1,2,00,2,1,13,201000002829A01,7,1,1
201000002833,2010-05-23,2010,mai,dimanche,17:10,01,01451,0,0,1,1,6,1,1,3,3,04,1,1,007,070,1,0,1,3,1,84,5,1,9,00,0,8,1,201000002833B01,7,17,1
201000002864,2010-08-03,2010,août,mardi,20:20,01,01289,0,0,1,3,3,1,1,3,2,02,1,1,000,000,1,0,1,3,1,42,9,1,2,00,2,1,1,201000002864B01,7,19,1
201000002871,2010-08-31,2010,août,mardi,14:20,01,01344,0,0,1,1,3,1,1,3,2,02,1,1,000,000,1,0,1,3,1,80,5,1,9,00,2,0,15,201000002871A01,15,1,1
201000002881,2010-10-06,2010,octobre,mercredi,17:15,01,01451,0,0,1,2,6,1,1,4,2,02,1,1,000,000,1,0,1,4,2,54,1,1,9,00,2,8,1,201000002881B01,7,17,1
201000002886,2010-10-13,2010,octobre,mercredi,23:50,01,01053,0,0,2,1,6,5,1,3,2,02,1,1,000,000,1,0,1,4,1,29,5,1,2,00,2,0,0,201000002886B01,7,0,1
201000002891,2010-10-28,2010,octobre,jeudi,17:30,01,01053,0,0,2,3,3,1,1,4,2,02,1,1,000,058,1,0,1,4,1,30,1,1,9,00,2,3,1,201000002891B01,7,15,1
201000002900,2010-11-16,2010,novembre,mardi,13:10,01,01344,0,0,2,3,6,1,1,4,1,01,1,1,000,076,1,0,1,4,1,11,2,1,9,00,2,1,15,201000002900A01,37,1,1
201000002908,2010-12-14,2010,décembre,mardi,65:5,01,01053,0,0,2,3,3,5,1,4,2,02,1,1,000,068,1,0,1,4,2,30,1,1,9,00,2,1,1,201000002908B01,7,16,1
201000002912,2010-12-30,2010,décembre,jeudi,20:20,01,01053,0,0,2,3,3,4,1,3,2,02,3,3,000,000,1,0,1,3,1,76,5,1,2,00,2,1,1,201000002912B01,10,15,1
201000002919,2010-10-07,2010,octobre,jeudi,17:00,61,61412,48.5062,0.37003,1,3,3,1,1,2,3,04,1,1,015,075,1,5,1,3,1,13,2,1,9,00,0,7,1,201000002919A01,7,15,1
201000002934,2010-06-18,2010,juin,vendredi,17:30,61,61150,48.739,0.3871,2,3,3,1,1,3,2,02,2,1,000,043,1,0,1,4,1,8,5,1,4,00,2,1,15,201000002934B02,7,1,1
201000002955,2010-03-06,2010,mars,samedi,14:15,61,61326,0,0,2,3,3,1,1,4,2,02,1,1,050,040,1,0,1,3,1,10,5,1,2,00,2,3,15,201000002955B02,10,1,1
201000002966,2010-06-15,2010,juin,mardi,19:30,61,61044,48.841,-0.49404,1,3,3,1,1,3,2,02,-1,1,000,053,1,0,1,3,1,11,5,1,2,00,0,8,19,201000002966B02,7,1,1
201000002973,2010-01-21,2010,janvier,jeudi,16:45,61,61293,48.5207,0.54469,2,4,3,1,1,3,2,02,1,1,000,050,1,0,1,4,1,60,5,1,9,00,2,7,1,201000002973B02,7,16,1
201000002985,2010-07-05,2010,juillet,lundi,19:30,61,61405,48.3128,0.7386,2,3,3,1,1,3,-1,02,2,1,000,050,1,0,1,3,2,8,5,1,9,00,2,2,19,201000002985A01,10,1,1
201000002987,2010-12-03,2010,décembre,vendredi,40:0,61,61356,48.302,0.71236,1,1,2,3,4,3,2,02,2,1,000,050,5,0,1,3,1,43,1,1,4,00,2,4,1,201000002987B02,7,1,1
201000002997,2010-10-08,2010,octobre,vendredi,18:00,61,61456,48.784,0.66153,1,1,2,1,1,3,2,02,1,1,000,061,1,0,1,3,1,35,5,1,2,00,0,3,1,201000002997B02,7,2,1
201000003005,2010-02-27,2010,février,samedi,17:00,61,61147,48.4237,0.80185,2,1,1,1,2,3,2,02,1,1,000,050,2,0,1,4,1,38,5,1,9,00,2,4,1,201000003005B02,7,21,1
201000003021,2010-10-31,2010,octobre,dimanche,15:45,44,44026,47.292,-1.463,1,1,5,1,1,3,2,00,1,1,000,060,1,5,1,3,1,48,5,1,2,00,2,1,23,201000003021D04,7,2/14/23,3
201000003021,2010-10-31,2010,octobre,dimanche,15:45,44,44026,47.292,-1.463,1,1,5,1,1,3,2,00,1,1,000,060,1,5,1,1,2,46,0,1,2,00,2,3,23,201000003021E05,7,2/14/23,3
201000003050,2010-07-29,2010,juillet,jeudi,16:15,44,44041,47.086,-1.584,1,1,1,1,1,3,2,02,-1,-1,000,000,1,0,0,2,1,74,5,1,2,00,0,8,15,201000003050A01,10,1,1
201000003053,2010-11-02,2010,novembre,mardi,11:30,44,44188,47.041,-1.618,1,1,6,1,2,4,2,02,1,3,000,000,2,0,1,3,1,56,5,1,2,00,1,1,1,201000003053A01,,,
201000003067,2010-08-24,2010,août,mardi,19:00,44,44003,0,0,2,1,2,1,1,4,2,02,-1,1,000,072,1,0,1,3,1,16,5,1,1,00,2,4,15,201000003067A01,33,17,1
201000003089,2010-08-26,2010,août,jeudi,19:15,44,44077,0,0,1,1,2,1,1,3,2,02,1,1,000,068,1,0,1,3,1,12,5,1,1,00,2,3,13,201000003089A01,7,1,1
201000003103,2010-08-26,2010,août,jeudi,17:00,44,44078,0,0,2,1,1,1,1,9,-1,00,1,1,000,000,1,0,1,3,2,14,5,1,8,00,2,7,23,201000003103B02,7,4,1
201000003110,2010-03-28,2010,mars,dimanche,10:00,44,44015,47.462,-1.692,1,1,1,1,8,3,2,02,1,1,000,055,2,0,1,3,1,20,5,1,1,00,2,1,1,201000003110B02,7,1,1
201000003130,2010-09-11,2010,septembre,samedi,17:15,44,44073,47.433,-1.681,1,2,3,1,1,4,2,02,1,1,000,045,1,5,1,2,2,87,5,1,2,00,2,1,19,201000003130B02,7,1,1
201000003137,2010-04-11,2010,avril,dimanche,90:0,44,44086,47.681,-1.565,1,1,2,1,1,3,2,02,1,1,000,065,1,0,1,3,1,60,5,1,1,01,0,1,1,201000003137B02,7,24,1
201000003151,2010-11-24,2010,novembre,mercredi,16:45,44,44120,0,0,1,1,3,2,7,3,2,02,1,1,000,060,1,0,1,2,1,82,5,1,1,00,2,4,2,201000003151B02,7,2,1
201000003187,2010-02-19,2010,février,vendredi,11:45,44,44220,47.189,-1.858,2,1,1,1,1,3,2,02,2,1,000,075,1,0,1,2,1,21,5,1,2,00,2,1,13,201000003187B02,14,1,1
201000003194,2010-07-27,2010,juillet,mardi,18:15,44,44178,0,0,1,1,1,1,1,3,2,02,-1,1,000,000,1,0,1,3,1,56,5,1,2,00,2,3,1,201000003194B02,7,17,1
201000003209,2010-01-17,2010,janvier,dimanche,17:15,44,44069,47.324,-2.414,1,6,1,1,8,3,2,02,1,1,000,063,1,6,1,3,1,70,5,1,2,00,2,8,19,201000003209A01,10,16,1
201000003216,2010-05-16,2010,mai,dimanche,11:15,44,44125,47.391,-2.526,2,1,2,1,1,3,2,00,2,2,000,000,1,5,1,4,1,61,5,1,1,00,2,4,1,201000003216A01,7,1,1
201000003274,2010-03-12,2010,mars,vendredi,13:00,44,44217,0,0,1,1,3,1,1,3,2,03,1,1,000,104,1,0,1,3,1,54,5,1,1,00,2,1,1,201000003274B02,7,15,1
201000003288,2010-03-03,2010,mars,mercredi,16:30,44,44025,0,0,1,1,1,1,1,3,2,00,3,2,000,000,1,0,1,3,1,44,5,1,2,00,2,1,1,201000003288B02,7,13,1
201000003298,2010-09-01,2010,septembre,mercredi,18:15,49,49035,47.4284,-0.61454,1,1,3,1,1,3,2,03,-1,1,000,106,1,0,1,3,1,34,1,1,2,00,2,6,1,201000003298B02,7,17,1
201000003310,2010-08-17,2010,août,mardi,15:15,49,49021,47.4354,-0.21485,1,2,3,1,1,3,3,02,1,1,015,121,1,0,1,3,2,70,5,1,1,00,2,8,18,201000003310B02,15,16,1
201000003315,2010-12-30,2010,décembre,jeudi,14:30,49,49194,47.4564,-0.26705,2,2,3,1,1,4,2,00,1,1,000,000,1,0,1,3,2,12,0,1,2,00,2,1,19,201000003315B02,7,1,1
201000003324,2010-06-25,2010,juin,vendredi,93:0,49,49001,47.3289,-0.38926,1,3,3,1,1,3,2,02,1,1,000,000,1,0,1,4,1,73,5,1,1,00,2,1,1,201000003324B02,7,16,1
201000003340,2010-05-17,2010,mai,lundi,15:30,49,49129,47.4973,-0.52559,1,1,6,1,1,4,2,01,2,3,000,057,1,0,5,3,1,16,2,1,1,00,0,0,0,201000003340B02,7,0,1
201000003360,2010-06-02,2010,juin,mercredi,19:15,49,49082,47.3254,-0.74086,1,1,2,1,1,3,2,00,2,1,030,062,1,0,1,3,1,24,1,1,2,00,0,4,19,201000003360A01,33,1,1
201000003360,2010-06-02,2010,juin,mercredi,19:15,49,49082,47.3254,-0.74086,1,1,2,1,1,3,2,00,2,1,030,062,1,0,1,1,2,11,5,1,1,00,0,4,19,201000003360A01,33,1,1
201000003363,2010-07-16,2010,juillet,vendredi,13:30,49,49259,47.3557,-0.6619,2,1,1,1,1,3,-1,00,1,1,000,065,1,0,1,2,2,11,5,1,2,00,0,4,13,201000003363B02,38,17,1
201000003375,2010-01-27,2010,janvier,mercredi,15:00,49,49110,47.5681,-0.36284,2,1,3,1,1,4,2,02,2,3,000,070,1,0,1,3,1,12,5,1,1,00,2,1,9,201000003375B02,10,1,1
201000003375,2010-01-27,2010,janvier,mercredi,15:00,49,49110,47.5681,-0.36284,2,1,3,1,1,4,2,02,2,3,000,070,1,0,1,4,1,12,0,1,1,00,2,1,9,201000003375B02,10,1,1
201000003378,2010-04-09,2010,avril,vendredi,17:45,49,49110,47.5391,-0.32826,1,1,1,1,1,3,2,02,-1,3,000,058,1,0,1,3,1,51,5,1,1,00,2,4,1,201000003378B02,7,1,1
201000003380,2010-05-22,2010,mai,samedi,12:45,49,49163,47.5544,-0.21698,1,9,2,1,1,3,2,02,1,1,000,070,1,0,1,2,1,15,2,1,1,00,2,4,15,201000003380B02,7,1,1
201000003389,2010-04-15,2010,avril,jeudi,18:45,49,49375,47.1747,-1.04509,1,3,3,1,1,3,2,02,1,-1,000,072,1,0,1,3,1,55,5,1,1,00,2,1,5,201000003389B02,7,15,1
201000003390,2010-04-20,2010,avril,mardi,13:30,49,49092,47.2119,-0.71992,2,6,3,1,1,3,1,01,1,2,000,091,1,5,1,3,2,50,1,1,2,00,2,5,2,201000003390B02,7,2,1
201000003395,2010-07-28,2010,juillet,mercredi,51:5,49,49092,47.1958,-0.71381,1,1,3,3,1,3,2,02,1,1,000,060,1,0,1,3,2,53,1,1,4,00,2,8,1,201000003395B02,7,1,1
201000003415,2010-09-05,2010,septembre,dimanche,11:15,49,49343,47.019,-0.84018,1,1,3,1,1,3,2,02,1,1,042,000,1,0,1,2,1,59,5,1,1,00,2,7,1,201000003415B02,7,1,1
201000003421,2010-01-14,2010,janvier,jeudi,17:30,49,49177,47.3477,-1.16462,2,1,7,1,1,3,2,00,2,1,000,000,1,0,1,3,1,67,5,1,1,12,0,1,1,201000003421A01,,,
201000003436,2010-04-01,2010,avril,jeudi,84:5,49,49018,47.5477,-0.12722,1,1,3,1,1,3,3,02,-1,1,000,000,1,0,1,3,1,18,1,1,4,00,2,8,1,201000003436B02,7,1,1
201000003450,2010-03-24,2010,mars,mercredi,15:30,49,49121,47.2427,-0.27774,1,2,3,1,1,3,2,00,-1,-1,000,000,-1,0,0,3,2,15,5,1,1,00,2,1,15,201000003450A01,7,1,1
201000003473,2010-05-09,2010,mai,dimanche,16:15,49,49261,47.3655,-0.24096,1,2,3,1,1,4,-1,00,1,1,000,037,1,0,1,3,1,40,5,1,1,00,2,8,1,201000003473B02,7,1,1
201000003478,2010-07-16,2010,juillet,vendredi,12:15,49,49361,47.2476,-0.00559,1,1,1,1,1,3,2,00,-1,1,000,064,1,0,1,2,2,66,1,1,1,00,2,1,1,201000003478B02,7,13,1
201000003501,2010-07-27,2010,juillet,mardi,18:30,49,49053,47.168,-0.21334,1,1,2,1,1,3,2,02,1,1,000,075,1,0,1,2,1,63,5,1,1,00,2,4,1,201000003501B02,10,1,1
201000003545,2010-09-24,2010,septembre,vendredi,16:45,49,49347,47.6157,-0.46657,2,1,2,1,1,4,2,02,4,1,000,000,1,0,1,1,1,10,2,1,4,00,0,4,15,201000003545A01,30,17,1
201000003547,2010-11-25,2010,novembre,jeudi,17:15,49,49048,47.5666,-0.50243,2,2,1,2,1,3,2,02,1,1,000,058,1,5,1,3,1,18,5,1,1,00,2,3,15,201000003547A01,7,1,1
201000003572,2010-06-23,2010,juin,mercredi,12:15,53,53097,48.152,-0.395,2,3,1,1,1,4,2,00,1,-1,000,000,1,0,0,3,1,11,5,1,1,00,2,8,15,201000003572A01,7,1,1
201000003580,2010-03-13,2010,mars,samedi,93:0,53,53062,0,0,1,1,2,1,1,3,2,02,3,1,000,104,1,0,5,3,1,63,5,1,2,00,2,4,1,201000003580B02,7,1,1
201000003620,2010-06-19,2010,juin,samedi,17:45,53,53154,48.39,-0.988,2,3,1,1,1,3,2,02,1,1,000,000,1,0,1,3,2,11,5,1,1,00,2,1,19,201000003620B02,7,1,1
201000003653,2010-04-17,2010,avril,samedi,19:55,01,01014,0,0,2,1,3,2,1,6,2,01,1,1,000,060,1,0,1,4,1,12,5,1,9,00,2,1,1,201000003653B01,7,1,1
201000003657,2010-07-05,2010,juillet,lundi,17:30,01,01283,0,0,2,1,3,1,1,4,2,02,1,1,000,088,1,0,1,4,1,6,5,1,2,00,2,1,19,201000003657B01,7,1,1
201000003687,2010-04-29,2010,avril,jeudi,17:45,72,72205,0,0,2,6,1,1,1,3,2,00,1,1,064,000,-1,5,1,4,1,24,5,1,1,00,2,7,1,201000003687B02,7,1,1
201000003688,2010-07-31,2010,juillet,samedi,18:15,72,72289,48.155,0.153,1,1,2,1,1,3,2,02,1,1,000,067,1,0,1,3,1,43,9,1,4,00,0,4,11,201000003688B02,7,1,1