Num_Acc,date,an,mois,jour,hrmn,dep,com,lat,long,agg,int,col,lum,atm,catr,circ,nbv,prof,plan,lartpc,larrout,surf,infra,situ,grav,sexe,age,trajet,secuexist,equipement,obs,obsm,choc,manv,vehiculeid,typevehicules,manoeuvehicules,numVehicules
201000003717,2010-09-17,2010,septembre,vendredi,73:0,72,72154,47.701,-0.074,2,1,3,2,5,3,2,00,-1,1,000,000,1,0,1,3,1,14,2,1,2,00,2,8,1,201000003717B02,10,15,1
201000003719,2010-11-13,2010,novembre,samedi,11:00,72,72154,47.709,-0.09,2,1,1,1,2,4,3,02,-1,1,035,077,2,0,1,3,1,78,3,1,4,00,2,8,19,201000003719A01,7,0,1
201000003722,2010-12-17,2010,décembre,vendredi,12:30,72,72154,47.706,-0.085,2,6,1,1,1,9,3,00,-1,-1,000,000,1,0,1,3,2,38,1,1,4,00,0,6,1,201000003722B02,7,2,1
201000003741,2010-11-15,2010,novembre,lundi,20:30,72,72050,47.978,-0.23,1,1,6,3,1,3,2,02,1,1,000,065,1,0,1,3,1,34,1,1,4,00,0,4,1,201000003741A01,,,
201000003748,2010-05-15,2010,mai,samedi,18:15,72,72243,47.759,0.193,2,1,2,1,1,4,2,02,1,1,000,000,1,5,1,3,1,49,9,1,4,00,2,1,1,201000003748A01,7,15,1
201000003760,2010-10-21,2010,octobre,jeudi,90:0,72,72051,0,0,1,1,2,1,7,4,2,00,1,1,000,040,1,0,1,3,2,46,4,1,2,00,2,4,2,201000003760B02,7,2,1
201000003813,2010-03-28,2010,mars,dimanche,11:00,72,72011,48.3,0.016,1,1,3,1,1,3,2,01,-1,1,000,060,1,0,1,2,1,55,5,1,1,00,2,4,1,201000003813B02,7,1,1
201000003845,2010-06-09,2010,juin,mercredi,14:15,85,85051,0,0,1,1,2,1,3,3,3,01,1,3,028,072,2,0,1,3,1,16,5,1,2,01,0,1,1,201000003845B02,14,24,1
201000003864,2010-04-23,2010,avril,vendredi,13:30,85,85242,0,0,2,1,3,1,1,3,2,02,1,1,000,000,1,5,1,3,1,11,5,1,2,00,2,1,19,201000003864B02,7,1,1
201000003907,2010-08-17,2010,août,mardi,18:45,85,85003,0,0,1,1,2,1,1,3,2,02,-1,1,000,060,1,0,1,2,1,48,5,1,2,00,2,4,1,201000003907B02,7,1,1
201000004008,2010-11-14,2010,novembre,dimanche,22:15,85,85236,0,0,1,1,2,3,8,3,2,00,1,1,000,055,1,0,1,3,1,19,5,1,9,00,2,4,2,201000004008B02,7,2,1
201000004022,2010-07-13,2010,juillet,mardi,20:15,85,85071,0,0,1,3,3,1,1,3,,,,,,,,,,2,1,43,9,1,2,00,2,8,19,201000004022A01,7,1,1
201000004026,2010-08-29,2010,août,dimanche,18:30,85,85070,0,0,1,1,5,1,1,3,2,02,1,1,000,000,1,0,1,3,1,46,5,1,2,00,0,4,1,201000004026B02,7,2,1
201000004026,2010-08-29,2010,août,dimanche,18:30,85,85070,0,0,1,1,5,1,1,3,2,02,1,1,000,000,1,0,1,3,2,40,5,1,2,00,0,4,0,201000004026C03,7,2,1
201000004027,2010-09-06,2010,septembre,lundi,15:45,85,85226,46.70977,-1.96097,2,6,2,1,2,4,-1,00,1,-1,000,000,2,5,1,3,1,71,5,1,2,00,0,8,2,201000004027B02,10,2,1
201000004067,2010-03-08,2010,mars,lundi,90:0,33,33019,0,0,2,1,3,1,1,9,2,02,1,1,000,050,1,0,3,3,2,40,1,1,8,00,2,0,0,201000004067B02,14,14,1
201000004069,2010-08-05,2010,août,jeudi,93:0,33,33555,0,0,1,6,5,1,1,3,3,00,1,3,000,000,1,3,1,3,1,60,5,1,2,00,0,4,2,201000004069D04,7,2,1
201000004069,2010-08-05,2010,août,jeudi,93:0,33,33555,0,0,1,6,5,1,1,3,3,00,1,3,000,000,1,3,1,3,1,63,5,1,2,00,0,4,2,201000004069B02,7,2,1
201000004069,2010-08-05,2010,août,jeudi,93:0,33,33555,0,0,1,6,5,1,1,3,3,00,1,3,000,000,1,3,1,3,1,57,5,1,2,00,0,4,2,201000004069C03,7,2,1
201000004076,2010-07-04,2010,juillet,dimanche,21:15,33,33056,44.951,-0.589,2,1,5,1,1,4,2,00,-1,1,000,030,1,0,5,2,2,25,5,1,1,00,2,1,1,201000004076C03,7,14,1
201000004076,2010-07-04,2010,juillet,dimanche,21:15,33,33056,44.951,-0.589,2,1,5,1,1,4,2,00,-1,1,000,030,1,0,5,2,1,25,5,1,1,06,2,1,1,201000004076B02,7,14,1
201000004119,2010-06-09,2010,juin,mercredi,15:15,33,33449,0,0,2,3,3,1,1,4,2,00,1,1,000,000,1,0,1,3,1,16,5,1,2,00,2,2,23,201000004119B02,7,1,1
201000004146,2010-08-23,2010,août,lundi,12:15,33,33035,45.059,-0.598,1,3,3,1,1,3,2,02,1,1,000,070,1,0,1,3,1,46,5,1,2,00,2,1,1,201000004146B02,7,1,1
201000004171,2010-04-24,2010,avril,samedi,10:45,33,33435,44.572,-0.228,1,1,3,1,1,3,2,02,1,3,000,060,1,5,1,3,1,16,5,1,1,00,2,8,19,201000004171B02,7,16,1
201000004179,2010-09-01,2010,septembre,mercredi,18:00,33,33293,0,0,1,1,1,1,1,9,-1,00,-1,-1,000,000,-1,0,0,3,1,63,0,1,1,00,0,8,0,201000004179B02,7,13,1
201000004188,2010-05-26,2010,mai,mercredi,19:00,33,33454,44.625,0.502,1,1,7,1,1,4,2,02,1,1,000,035,1,0,1,3,1,55,5,1,1,00,0,0,0,201000004188A01,,,
201000004198,2010-06-27,2010,juin,dimanche,20:00,33,33033,0,0,2,1,1,1,1,3,2,02,1,1,000,060,1,0,1,3,1,15,5,1,1,00,0,4,13,201000004198B02,7,2,1
201000004208,2010-02-01,2010,février,lundi,64:5,33,33013,0,0,2,1,7,4,1,9,2,00,2,1,000,070,7,0,4,3,1,55,1,1,2,06,0,0,1,201000004208A01,,,
201000004223,2010-11-24,2010,novembre,mercredi,18:45,33,33274,44.721,-0.527,1,1,5,3,1,3,2,02,2,1,000,042,1,0,1,3,1,48,5,1,4,00,2,4,2,201000004223B02,7,1/2,2
201000004236,2010-09-28,2010,septembre,mardi,14:15,33,33205,44.618,-0.408,1,1,1,1,1,3,2,02,1,4,000,046,1,0,1,3,1,66,5,1,2,00,2,1,1,201000004236B02,14,1,1
201000004247,2010-09-14,2010,septembre,mardi,17:45,33,33366,0,0,2,1,1,1,1,3,2,02,1,1,000,070,1,0,1,3,2,77,3,1,1,00,2,8,1,201000004247B02,10,17,1
201000004270,2010-07-16,2010,juillet,vendredi,17:00,33,33130,44.494,-0.226,1,1,1,1,1,9,2,01,1,2,000,110,1,0,1,3,1,50,5,1,2,00,0,0,1,201000004270B02,7,13,1
201000004314,2010-11-06,2010,novembre,samedi,14:30,33,33240,45.318,-0.925,2,1,3,1,1,9,2,01,1,1,000,060,1,0,4,3,1,5,5,1,2,00,2,6,1,201000004314B02,30,13,1
201000004318,2010-04-18,2010,avril,dimanche,15:45,33,33297,0,0,1,1,1,1,1,3,2,02,1,1,000,000,1,0,1,3,1,41,5,1,1,00,2,0,1,201000004318B02,7,1,1
201000004318,2010-04-18,2010,avril,dimanche,15:45,33,33297,0,0,1,1,1,1,1,3,2,02,1,1,000,000,1,0,1,3,2,7,5,1,1,00,2,0,1,201000004318B02,7,1,1
201000004368,2010-11-05,2010,novembre,vendredi,18:45,33,33396,0,0,2,1,1,5,8,3,2,02,-1,-1,000,046,2,0,1,3,1,39,5,1,1,00,0,1,1,201000004368B02,7,1,1
201000004393,2010-08-26,2010,août,jeudi,11:45,33,33402,0,0,2,1,2,1,1,4,1,01,1,1,000,063,1,0,1,3,1,56,5,1,1,00,2,7,1,201000004393B02,10,4,1
201000004394,2010-09-02,2010,septembre,jeudi,13:25,33,33402,0,0,2,1,3,1,1,3,2,02,1,1,000,000,-1,5,0,3,2,51,5,1,1,00,2,1,1,201000004394B02,7,1,1
201000004422,2010-10-03,2010,octobre,dimanche,18:45,24,24092,0,0,2,1,1,1,1,4,2,02,-1,-1,000,055,1,0,1,4,1,13,5,1,2,00,2,1,0,201000004422B02,7,1,1
201000004456,2010-08-07,2010,août,samedi,18:45,24,24550,45.137,1.097,1,1,1,1,1,4,2,02,2,3,000,050,1,0,1,2,2,66,5,1,2,00,2,1,1,201000004456B02,7,13,1
201000004523,2010-06-25,2010,juin,vendredi,94:5,24,24462,0,0,1,1,2,1,1,3,2,02,1,1,000,071,1,0,1,2,1,78,5,1,2,00,2,4,2,201000004523B02,7,2,1
201000004538,2010-05-24,2010,mai,lundi,10:00,24,24089,0,0,2,9,3,1,1,3,2,02,1,1,000,072,1,0,1,3,1,76,5,1,1,00,2,4,15,201000004538A01,33,1,1
201000004613,2010-03-03,2010,mars,mercredi,94:0,40,40179,0,0,1,1,2,1,1,3,3,02,1,1,000,072,1,0,1,2,1,70,5,1,2,00,2,4,1,201000004613B02,14,2,1
201000004631,2010-07-28,2010,juillet,mercredi,90:0,40,40194,0,0,2,1,6,1,1,3,2,02,1,1,000,080,1,6,1,1,1,60,5,1,2,00,1,1,1,201000004631A01,,,
201000004644,2010-09-06,2010,septembre,lundi,17:10,40,40269,0,0,1,1,3,1,1,4,2,02,1,1,000,038,1,0,1,3,1,5,2,1,2,00,2,1,1,201000004644B02,14,17,1
201000004666,2010-08-13,2010,août,vendredi,14:10,40,40036,0,0,1,1,3,1,1,3,3,01,3,1,101,000,1,0,1,3,1,67,5,1,2,00,2,4,1,201000004666B02,14,17,1
201000004668,2010-08-28,2010,août,samedi,18:30,40,40065,0,0,2,1,3,1,1,3,3,01,1,1,039,050,1,0,1,3,2,79,3,1,2,00,2,8,19,201000004668B02,7,1,1
201000004677,2010-03-22,2010,mars,lundi,10:30,40,40310,0,0,1,1,3,1,1,4,1,01,1,2,000,040,1,0,5,4,1,65,5,1,2,00,2,1,1,201000004677B02,7,16,1
201000004680,2010-05-27,2010,mai,jeudi,11:00,40,40304,0,0,2,2,3,1,1,4,2,02,2,1,000,061,1,0,1,3,2,13,5,1,2,00,2,1,19,201000004680A02,7,1,1
201000004688,2010-08-21,2010,août,samedi,10:45,40,40310,0,0,2,2,6,1,1,4,2,02,1,1,000,071,1,0,0,3,2,10,5,1,4,00,2,3,19,201000004688B02,31,17,1
201000004690,2010-09-04,2010,septembre,samedi,11:30,40,40181,0,0,1,1,2,1,1,3,2,02,2,1,000,055,1,0,1,3,1,58,5,1,2,00,2,4,1,201000004690B02,7,2,1
201000004715,2010-03-16,2010,mars,mardi,18:45,40,40257,0,0,1,1,5,1,1,3,2,02,1,1,000,062,1,0,1,4,1,47,5,1,2,00,2,1,2,201000004715A01,1,2/1,2
201000004715,2010-03-16,2010,mars,mardi,18:45,40,40257,0,0,1,1,5,1,1,3,2,02,1,1,000,062,1,0,1,1,1,46,5,1,2,00,2,4,2,201000004715B02,1,2/1,2
201000004715,2010-03-16,2010,mars,mardi,18:45,40,40257,0,0,1,1,5,1,1,3,2,02,1,1,000,062,1,0,1,1,1,51,5,1,2,00,0,0,1,201000004715C03,1,2,2
201000004716,2010-03-21,2010,mars,dimanche,10:35,40,40046,0,0,2,1,6,1,1,4,2,02,1,1,000,060,1,0,1,1,1,19,4,1,2,00,1,1,1,201000004716A01,,,
201000004746,2010-05-19,2010,mai,mercredi,19:50,40,40227,0,0,2,1,3,1,1,3,2,02,1,1,,070,1,0,1,4,1,46,5,1,2,00,2,1,15,201000004746A01,7,1,1
201000004774,2010-10-26,2010,octobre,mardi,17:00,40,40282,0,0,2,3,3,1,1,3,2,02,2,1,000,070,1,0,1,4,1,32,5,1,2,00,2,1,1,201000004774A01,7,9,1
201000004774,2010-10-26,2010,octobre,mardi,17:00,40,40282,0,0,2,3,3,1,1,3,2,02,2,1,000,070,1,0,1,1,1,53,0,1,2,00,2,1,1,201000004774A01,7,9,1
201000004812,2010-04-13,2010,avril,mardi,15:30,47,47069,0,0,1,1,3,1,1,3,2,02,1,1,000,070,1,0,1,4,1,72,5,1,9,00,2,7,21,201000004812B02,7,10,1
201000004821,2010-08-11,2010,août,mercredi,18:15,47,47246,44.2548,0.56178,1,1,1,1,1,4,2,00,1,4,000,051,1,0,1,3,1,69,5,1,2,00,9,1,2,201000004821A01,1,1,1
201000004821,2010-08-11,2010,août,mercredi,18:15,47,47246,44.2548,0.56178,1,1,1,1,1,4,2,00,1,4,000,051,1,0,1,1,1,34,5,1,2,00,0,4,1,201000004821B02,1,2,1
201000004833,2010-07-13,2010,juillet,mardi,14:45,47,47004,0,0,1,1,3,1,1,3,2,02,1,1,073,013,1,5,1,3,1,32,5,1,2,00,2,1,1,201000004833B02,7,15,1
201000004860,2010-10-18,2010,octobre,lundi,18:15,47,47086,44.6768,0.18663,2,4,3,1,7,3,2,02,1,1,000,000,1,5,1,3,1,55,5,1,2,00,2,1,1,201000004860A01,7,6,1
201000004863,2010-05-28,2010,mai,vendredi,17:15,47,47115,44.398,0.029,1,3,3,1,1,4,2,02,1,1,,,1,,,3,1,55,5,1,2,00,2,6,15,201000004863B02,7,1,1
201000004884,2010-07-06,2010,juillet,mardi,93:0,47,47052,44.312,0.079,2,1,2,1,1,3,2,02,1,1,000,079,1,0,1,2,1,84,3,1,1,00,2,4,1,201000004884B02,10,1,1
201000004924,2010-04-06,2010,avril,mardi,14:15,47,47106,0,0,2,1,3,1,7,3,2,02,1,1,000,087,1,0,1,3,1,19,5,1,9,00,2,8,19,201000004924A01,7,1,1
201000004933,2010-07-18,2010,juillet,dimanche,12:15,47,47185,44.487,0.969,1,1,5,1,1,3,2,02,1,-1,000,080,1,0,1,4,1,66,0,1,2,00,2,6,1,201000004933C03,7,1,1
201000004933,2010-07-18,2010,juillet,dimanche,12:15,47,47185,44.487,0.969,1,1,5,1,1,3,2,02,1,-1,000,080,1,0,1,4,1,60,5,1,2,00,2,3,1,201000004933B02,7,1,1
201000004941,2010-05-20,2010,mai,jeudi,12:45,47,47252,0,0,2,1,3,1,1,4,2,01,4,2,000,000,1,0,1,3,1,13,0,1,2,00,2,1,13,201000004941B02,7,1,1
201000004941,2010-05-20,2010,mai,jeudi,12:45,47,47252,0,0,2,1,3,1,1,4,2,01,4,2,000,000,1,0,1,3,1,14,2,1,2,00,2,1,13,201000004941B02,7,1,1
201000004959,2010-01-24,2010,janvier,dimanche,11:45,64,64405,43.3509,-0.26365,2,4,1,1,2,3,2,00,1,1,000,070,2,0,1,3,2,77,5,1,2,00,2,1,9,201000004959B02,7,1,1
201000004974,2010-04-07,2010,avril,mercredi,11:30,64,64417,43.1775,-0.26209,2,1,1,1,1,3,2,02,1,1,000,065,1,0,1,3,1,17,4,1,2,00,2,8,13,201000004974A01,7,1,1
201000004997,2010-11-19,2010,novembre,vendredi,16:00,64,64256,43.4165,-1.31177,1,1,1,1,8,3,2,03,1,1,000,000,1,0,1,3,1,29,5,1,2,00,0,1,1,201000004997A01,7,15,1
201000004999,2010-01-20,2010,janvier,mercredi,15:45,64,64504,43.3105,-1.5724,2,1,6,1,1,3,2,00,1,1,000,050,1,0,1,4,1,49,5,1,2,00,5,1,1,201000004999A01,,,
201000005004,2010-05-13,2010,mai,jeudi,11:45,64,64495,43.3724,-1.51792,1,1,3,1,2,3,2,02,1,2,000,075,2,0,1,3,1,48,5,1,2,00,2,8,2,201000005004B02,7,2,1
201000005006,2010-07-30,2010,juillet,vendredi,10:30,64,64504,43.3201,-1.53948,1,1,1,1,1,3,2,00,2,3,000,063,1,0,1,4,2,45,5,1,2,00,2,1,5,201000005006A01,7,1,1
201000005010,2010-09-27,2010,septembre,lundi,11:30,64,64065,43.3329,-1.60687,1,1,1,1,1,3,2,02,2,2,000,063,1,0,1,3,1,56,5,1,2,00,2,0,2,201000005010B02,7,17,1
201000005017,2010-03-24,2010,mars,mercredi,10:15,64,64547,43.3953,-1.45308,2,1,6,1,1,3,2,00,1,1,000,047,1,0,1,1,1,37,5,1,2,00,1,3,1,201000005017A01,,,
201000005017,2010-03-24,2010,mars,mercredi,10:15,64,64547,43.3953,-1.45308,2,1,6,1,1,3,2,00,1,1,000,047,1,0,1,3,1,87,5,1,8,00,1,3,1,201000005017A01,,,
201000005038,2010-12-06,2010,décembre,lundi,17:45,64,64188,43.2278,-0.88206,2,6,3,5,1,4,1,02,1,-1,000,050,1,5,1,3,1,66,9,1,2,00,2,1,1,201000005038B02,7,9,1
201000005137,2010-04-16,2010,avril,vendredi,14:45,86,86092,46.932,0.61,2,1,1,1,1,3,2,02,1,2,000,068,1,0,1,3,1,63,5,1,2,00,2,1,1,201000005137B02,7,13,1
201000005138,2010-05-06,2010,mai,jeudi,74:5,86,86186,46.885,0.612,1,3,3,1,1,4,2,02,1,1,000,030,1,0,1,3,1,14,2,1,1,00,2,8,15,201000005138B02,7,1,1
201000005139,2010-05-22,2010,mai,samedi,93:0,86,86183,0,0,1,1,3,1,1,3,2,00,1,1,000,109,1,0,1,3,2,64,3,1,2,00,2,3,1,201000005139B02,3,15,1
201000005149,2010-08-19,2010,août,jeudi,93:0,86,86265,46.87,0.37,1,1,1,1,1,3,2,02,4,1,000,048,1,0,1,4,1,49,5,1,2,00,2,1,0,201000005149B02,7,13,1
201000005151,2010-10-03,2010,octobre,dimanche,81:5,86,86272,46.817,0.433,1,1,1,1,1,4,2,00,3,4,000,041,1,0,1,3,1,58,0,1,2,00,2,1,0,201000005151B02,7,0,1
201000005157,2010-09-22,2010,septembre,mercredi,11:00,86,86229,0,0,2,9,1,1,1,4,2,02,-1,1,000,053,1,0,1,3,1,15,5,1,1,00,2,1,15,201000005157B02,7,1,1
201000005158,2010-10-14,2010,octobre,jeudi,20:00,86,86137,47.023,0.068,1,1,1,1,1,3,2,00,1,-1,000,000,1,0,1,2,1,32,5,1,1,00,0,8,15,201000005158C03,17,2,1
201000005236,2010-05-08,2010,mai,samedi,18:30,16,16057,45.6036,-0.1366,2,2,3,1,1,4,2,02,2,3,000,034,1,0,1,3,1,10,5,1,2,00,2,1,16,201000005236B02,7,1,1
201000005237,2010-08-06,2010,août,vendredi,73:0,16,16243,50.794,2.865,2,1,2,1,1,3,2,02,1,1,000,059,1,0,1,3,1,31,1,1,2,00,2,4,1,201000005237B02,7,1,1
201000005240,2010-08-29,2010,août,dimanche,11:15,16,16167,50.75,2.8,2,1,3,1,1,4,1,01,1,1,000,041,1,0,1,3,1,60,5,1,2,01,0,1,1,201000005240B02,7,22,1
201000005259,2010-08-16,2010,août,lundi,19:45,16,16164,46.046,0.627,1,2,3,2,1,3,2,02,1,1,000,050,1,5,1,3,1,15,5,1,4,00,2,8,15,201000005259B02,7,1,1
201000005278,2010-04-28,2010,avril,mercredi,14:30,16,16391,45.981,0.158,2,3,3,1,1,3,2,02,1,1,000,049,1,0,1,3,1,12,5,1,9,00,2,1,19,201000005278A01,7,1,1
201000005315,2010-04-20,2010,avril,mardi,19:45,17,17315,0,0,2,1,3,1,1,4,-1,00,-1,-1,000,000,1,0,1,3,1,29,1,1,1,00,2,1,1,201000005315B02,7,1,1
201000005317,2010-05-06,2010,mai,jeudi,17:30,17,17094,0,0,2,1,3,1,1,4,2,00,1,1,000,000,1,0,1,3,2,69,3,1,1,00,0,1,19,201000005317B02,7,1,1
201000005319,2010-06-05,2010,juin,samedi,11:15,17,17315,46.14,-0.943,1,2,3,1,1,3,2,02,1,1,000,050,1,5,1,4,1,46,5,1,2,00,2,1,1,201000005319B02,7,1,1
201000005335,2010-07-04,2010,juillet,dimanche,18:00,17,17472,0,0,2,1,3,1,1,3,2,02,2,1,000,061,1,0,1,4,1,49,5,1,4,00,2,8,2,201000005335B02,13,2,1
201000005346,2010-04-08,2010,avril,jeudi,17:15,17,17161,46.192,-1.329,2,1,3,1,1,4,2,00,-1,-1,000,000,1,0,1,3,2,12,0,1,2,00,2,1,9,201000005346A01,10,1,1
201000005351,2010-07-20,2010,juillet,mardi,14:00,17,17019,0,0,1,1,2,1,1,3,-1,00,1,1,008,071,1,0,1,3,1,70,5,1,1,00,2,1,15,201000005351B02,37,2,1
201000005353,2010-07-26,2010,juillet,lundi,12:00,17,17369,0,0,2,6,3,1,1,4,2,02,1,1,000,057,1,0,1,3,1,59,5,1,1,00,0,1,1,201000005353B02,7,1,1
201000005354,2010-07-30,2010,juillet,vendredi,14:45,17,17019,0,0,2,1,3,1,1,3,-1,00,1,1,000,039,-1,0,1,3,2,16,5,1,1,00,2,1,1,201000005354B02,14,16,1
201000005354,2010-07-30,2010,juillet,vendredi,14:45,17,17019,0,0,2,1,3,1,1,3,-1,00,1,1,000,039,-1,0,1,4,2,17,0,1,1,00,2,1,1,201000005354B02,14,16,1
201000005356,2010-08-25,2010,août,mercredi,22:15,17,17051,46.17,-1.355,1,1,1,3,1,3,2,00,-1,1,000,000,1,0,5,3,2,39,5,1,4,00,2,1,1,201000005356A01,1,1,1
201000005356,2010-08-25,2010,août,mercredi,22:15,17,17051,46.17,-1.355,1,1,1,3,1,3,2,00,-1,1,000,000,1,0,5,1,1,18,0,1,4,00,2,1,1,201000005356B02,1,1,1
201000005358,2010-03-07,2010,mars,dimanche,10:00,17,17476,0,0,1,1,2,1,1,3,2,02,1,-1,000,067,1,0,1,2,1,57,5,1,2,00,2,8,1,201000005358B02,1,1,1
201000005358,2010-03-07,2010,mars,dimanche,10:00,17,17476,0,0,1,1,2,1,1,3,2,02,1,-1,000,067,1,0,1,1,1,37,5,1,2,13,0,0,1,201000005358C03,1,1,1
201000005362,2010-05-02,2010,mai,dimanche,11:45,17,17082,0,0,1,1,2,1,1,3,2,02,2,3,000,058,1,0,1,3,1,72,5,1,2,00,2,4,1,201000005362B02,7,1,1
201000005390,2010-04-20,2010,avril,mardi,18:00,17,17309,45.174,-0.051,1,4,3,1,1,3,2,00,-1,1,000,700,1,0,1,3,1,14,5,1,1,00,2,8,15,201000005390A01,7,1,1
201000005392,2010-08-21,2010,août,samedi,18:30,17,17241,45.225,-0.192,1,3,3,1,1,3,2,02,1,1,000,057,1,0,1,3,1,14,5,1,1,00,2,1,16,201000005392B02,7,1,1
201000005405,2010-10-18,2010,octobre,lundi,91:5,17,17351,0,0,1,1,1,1,1,3,2,02,1,1,000,070,1,0,1,3,1,63,5,1,2,01,0,1,1,201000005405A01,10,23,1
201000005407,2010-12-11,2010,décembre,samedi,91:5,17,17058,0,0,1,9,2,1,9,3,2,00,1,1,000,000,7,0,1,3,1,64,5,1,1,00,2,4,1,201000005407B02,7,1,1
201000005417,2010-06-02,2010,juin,mercredi,14:30,17,17337,45.976,-1.35,2,1,1,1,1,3,2,00,1,1,000,000,1,0,1,3,1,64,5,1,1,00,0,4,6,201000005417B02,33,1,1
201000005420,2010-06-08,2010,juin,mardi,17:00,17,17323,0,0,2,1,3,1,1,3,2,00,1,1,000,060,1,0,1,3,1,76,5,1,2,00,2,8,1,201000005420B02,7,17,1
201000005421,2010-06-18,2010,juin,vendredi,94:5,17,17486,0,0,2,2,1,1,1,4,2,02,1,1,000,060,1,5,1,3,1,75,5,1,1,00,2,1,1,201000005421A01,7,16,1
201000005422,2010-06-30,2010,juin,mercredi,12:15,17,17337,45.966,-1.321,1,1,1,1,1,4,-1,02,1,3,000,054,1,0,1,2,1,69,5,1,1,00,2,1,9,201000005422B02,7,1,1
201000005430,2010-07-28,2010,juillet,mercredi,11:15,17,17411,0,0,2,1,3,1,1,3,-1,01,1,1,000,029,1,0,5,3,1,61,5,1,2,00,9,3,1,201000005430A01,1,1,1
201000005430,2010-07-28,2010,juillet,mercredi,11:15,17,17411,0,0,2,1,3,1,1,3,-1,01,1,1,000,029,1,0,5,1,1,15,5,1,2,00,9,3,1,201000005430B02,1,1,1
201000005431,2010-08-04,2010,août,mercredi,90:0,17,17323,0,0,2,1,3,1,1,4,2,02,1,4,000,000,1,0,1,4,1,42,5,1,1,00,2,8,1,201000005431B02,7,1,1
201000005439,2010-11-10,2010,novembre,mercredi,11:15,17,17093,45.89,-1.206,2,1,1,1,1,4,2,02,1,1,060,000,1,5,1,3,2,62,5,1,1,00,2,0,1,201000005439B02,7,15,1
201000005457,2010-08-01,2010,août,dimanche,17:30,17,17452,0,0,1,1,5,1,1,3,2,02,4,1,000,000,1,0,1,3,1,50,5,1,2,13,0,0,2,201000005457C03,7,2/15,2
201000005467,2010-07-18,2010,juillet,dimanche,21:5,17,17004,0,0,1,1,1,5,1,3,2,02,1,2,000,046,1,0,1,3,1,44,5,1,2,00,2,1,1,201000005467B02,1,1,1
201000005467,2010-07-18,2010,juillet,dimanche,21:5,17,17004,0,0,1,1,1,5,1,3,2,02,1,2,000,046,1,0,1,3,1,16,5,1,2,00,2,5,1,201000005467A01,1,1,1
201000005471,2010-08-15,2010,août,dimanche,10:45,17,17075,0,0,1,1,1,1,1,3,2,02,-1,1,000,060,1,5,1,2,1,82,5,1,2,00,2,1,1,201000005471A01,7,1,1
201000005513,2010-08-29,2010,août,dimanche,22:00,17,17083,0,0,2,1,6,3,1,3,2,02,-1,1,000,065,1,0,4,3,1,34,0,1,4,08,0,1,0,201000005513A01,,,
201000005533,2010-06-24,2010,juin,jeudi,19:00,17,17421,0,0,2,9,3,1,1,3,2,02,1,1,000,062,1,0,1,3,1,13,5,1,1,00,2,8,19,201000005533A01,7,1,1
201000005540,2010-09-27,2010,septembre,lundi,16:30,17,17437,0,0,1,1,3,1,1,3,2,02,1,1,000,030,1,0,1,3,1,25,5,1,1,00,2,8,1,201000005540B02,7,12,1
201000005559,2010-11-02,2010,novembre,mardi,18:15,17,17040,0,0,2,1,2,4,3,3,2,02,1,1,000,050,2,0,1,3,1,20,5,1,4,00,0,4,1,201000005559A01,7,1,1
201000005585,2010-02-10,2010,février,mercredi,11:00,79,79127,0,0,1,2,3,1,1,3,2,01,1,1,000,052,1,5,1,2,1,61,5,1,9,00,2,1,1,201000005585B02,7,1,1
201000005662,2010-11-23,2010,novembre,mardi,80:0,79,79061,0,0,2,2,2,1,8,4,2,02,1,1,000,067,1,0,1,3,2,17,1,1,4,00,0,4,13,201000005662B02,7,1,1
201000005708,2010-11-19,2010,novembre,vendredi,21:15,87,87107,0,0,1,1,2,5,1,3,2,02,1,1,000,062,1,0,1,3,1,23,9,1,2,00,2,4,1,201000005708B01,7,1,1
201000005723,2010-04-21,2010,avril,mercredi,16:30,87,87029,45.6734,1.05896,1,1,6,1,1,3,2,02,2,1,070,000,1,0,3,3,1,59,5,1,2,08,0,7,1,201000005723A01,,,
201000005762,2010-05-08,2010,mai,samedi,15:45,87,87110,45.9299,1.04505,1,4,3,1,1,3,2,00,4,1,008,000,1,0,1,3,1,73,5,1,2,00,2,1,19,201000005762B01,7,1,1
201000005817,2010-06-04,2010,juin,vendredi,94:5,19,19060,45.45515,1.58363,1,1,3,1,1,3,2,02,-1,1,000,052,1,0,1,3,1,69,9,1,2,00,2,8,1,201000005817B02,7,17,1
201000005827,2010-07-09,2010,juillet,vendredi,94:5,19,19123,45.1686,1.56029,2,9,1,1,1,6,2,02,1,1,000,060,1,0,1,3,1,61,3,1,1,00,2,7,1,201000005827B02,7,1,1
201000005851,2010-04-13,2010,avril,mardi,13:45,19,19015,45.24872,1.32601,2,3,3,1,1,3,2,00,2,1,000,061,1,0,1,3,1,12,5,1,1,00,2,1,15,201000005851B02,7,1,1
201000005874,2010-04-17,2010,avril,samedi,11:00,23,23254,0,0,1,1,7,1,1,3,2,02,2,3,000,040,1,0,3,3,1,49,5,1,2,13,0,0,1,201000005874A01,,,
201000005917,2010-12-14,2010,décembre,mardi,71:5,23,23155,46.01,1.862,1,1,1,3,5,3,2,00,2,2,000,060,2,0,1,2,1,44,1,1,1,00,2,7,1,201000005917B02,7,5,1
201000005919,2010-12-30,2010,décembre,jeudi,22:15,23,23124,46.112,1.611,1,1,1,3,5,3,2,02,2,3,000,067,1,0,1,3,1,21,1,1,4,00,0,1,1,201000005919B02,7,1,1
201000005935,2010-06-25,2010,juin,vendredi,16:30,31,31162,0,0,2,1,3,1,1,3,2,02,1,1,000,000,1,0,1,3,1,75,5,1,2,00,2,1,1,201000005935B02,7,15,1