Num_Acc,date,an,mois,jour,hrmn,dep,com,lat,long,agg,int,col,lum,atm,catr,circ,nbv,prof,plan,lartpc,larrout,surf,infra,situ,grav,sexe,age,trajet,secuexist,equipement,obs,obsm,choc,manv,vehiculeid,typevehicules,manoeuvehicules,numVehicules
201000005942,2010-01-24,2010,janvier,dimanche,16:30,31,31346,0,0,1,1,1,1,8,3,2,02,1,1,000,043,1,0,1,3,1,6,5,1,2,00,2,1,13,201000005942A01,7,1,1
201000005945,2010-03-27,2010,mars,samedi,83:0,31,31516,0,0,1,6,3,1,2,3,2,02,-1,2,000,050,2,0,1,4,1,64,5,1,1,00,2,8,1,201000005945B02,7,2,1
201000005963,2010-01-13,2010,janvier,mercredi,10:00,31,31232,0,0,2,6,3,1,7,3,2,00,1,3,000,000,2,5,1,3,1,71,3,1,1,00,2,7,2,201000005963B01,7,9,1
201000006011,2010-06-09,2010,juin,mercredi,17:15,31,31420,43.5,1.4,1,1,1,1,1,3,2,01,1,1,000,060,1,0,1,3,1,43,5,1,2,00,2,1,1,201000006011B02,7,15,1
201000006047,2010-07-09,2010,juillet,vendredi,73:0,31,31395,0,0,2,6,1,1,1,9,-1,01,-1,-1,000,000,1,5,1,3,1,40,1,1,2,00,2,1,0,201000006047B02,7,12,1
201000006051,2010-01-22,2010,janvier,vendredi,80:0,31,31033,0,0,2,6,2,2,1,3,-1,00,-1,-1,000,000,-1,0,0,3,1,60,5,1,4,00,0,4,1,201000006051B01,7,1,1
201000006054,2010-03-19,2010,mars,vendredi,15:45,31,31033,0,0,2,3,3,1,1,4,2,02,1,1,000,050,1,0,1,4,1,68,5,1,8,00,2,7,1,201000006054B01,7,15,1
201000006071,2010-10-05,2010,octobre,mardi,16:15,31,31517,43.336,1.373,1,1,5,1,1,3,2,02,2,1,000,060,1,0,1,3,1,62,5,1,2,00,2,4,1,201000006071C03,17,17,1
201000006071,2010-10-05,2010,octobre,mardi,16:15,31,31517,43.336,1.373,1,1,5,1,1,3,2,02,2,1,000,060,1,0,1,3,1,54,5,1,2,00,2,4,1,201000006071B02,17,17,1
201000006114,2010-05-20,2010,mai,jeudi,16:30,31,31042,0,0,1,1,1,1,1,3,2,02,2,3,000,080,1,0,1,3,2,52,5,1,2,00,2,1,13,201000006114A01,7,1,1
201000006116,2010-06-25,2010,juin,vendredi,17:15,31,31144,0,0,1,1,3,1,1,3,2,02,1,1,000,084,1,0,1,3,1,82,5,1,1,00,2,8,19,201000006116A01,38,1,1
201000006136,2010-08-08,2010,août,dimanche,12:45,31,31020,0,0,2,2,2,1,1,3,2,02,4,2,000,038,1,0,1,3,1,56,5,1,2,00,2,1,16,201000006136B02,7,4,1
201000006170,2010-04-25,2010,avril,dimanche,10:50,09,09303,0,0,1,1,5,1,1,3,2,02,2,2,000,058,1,0,1,4,1,47,5,1,2,00,2,4,1,201000006170C03,7/ 10,21/1,2
201000006185,2010-08-08,2010,août,dimanche,11:10,09,09238,0,0,2,3,1,1,1,3,2,02,1,1,000,040,1,0,0,4,1,35,5,1,2,00,2,3,1,201000006185B02,7,15,1
201000006187,2010-08-21,2010,août,samedi,14:15,09,09185,0,0,1,1,6,1,1,4,2,01,1,1,000,000,1,0,1,4,2,16,1,1,8,00,0,0,1,201000006187A01,7,21,1
201000006193,2010-03-21,2010,mars,dimanche,80:0,09,09277,0,0,1,1,6,1,8,3,2,02,2,2,000,062,1,0,3,3,2,25,1,1,4,02,0,1,14,201000006193A01,,,
201000006194,2010-03-24,2010,mars,mercredi,14:40,09,09042,0,0,1,3,1,1,1,3,2,02,1,1,000,061,1,5,1,3,1,51,5,1,2,00,2,3,15,201000006194B02,7,17,1
201000006231,2010-08-13,2010,août,vendredi,11:00,09,09065,0,0,1,1,3,1,1,3,2,02,2,2,,,1,0,1,4,1,21,5,1,2,00,2,1,13,201000006231B01,7,1,1
201000006232,2010-09-04,2010,septembre,samedi,14:10,09,09057,0,0,1,1,7,1,1,3,2,02,1,1,000,054,-1,0,3,3,1,58,5,1,2,02,0,2,1,201000006232A01,,,
201000006248,2010-07-21,2010,juillet,mercredi,18:30,12,12102,44.316,2.585,1,1,1,1,1,3,2,02,1,1,000,060,1,0,1,3,1,52,1,1,2,00,2,8,1,201000006248B02,7,17,1
201000006318,2010-01-31,2010,janvier,dimanche,14:45,12,12044,43.849,2.899,1,1,1,1,1,3,2,02,2,2,000,038,1,0,1,3,1,67,5,1,2,00,2,1,13,201000006318A01,7,1,1
201000006324,2010-07-16,2010,juillet,vendredi,11:45,12,12300,44.366,2.04199,2,1,1,1,1,3,2,01,1,1,000,082,1,0,1,3,1,41,5,1,2,00,2,1,1,201000006324B02,7,15,1
201000006338,2010-06-13,2010,juin,dimanche,83:0,32,32368,43.7554,0.62,1,2,3,1,1,2,2,02,1,1,000,110,1,0,1,3,1,84,5,1,2,00,2,7,19,201000006338A01,7,1,1
201000006341,2010-07-26,2010,juillet,lundi,10:45,32,32381,43.5813,0.54034,1,1,3,1,1,2,2,02,4,1,000,070,1,0,1,2,1,75,9,1,2,00,2,8,2,201000006341B02,17,2,1
201000006433,2010-07-07,2010,juillet,mercredi,11:45,32,32208,43.9233,0.62367,1,1,3,1,1,2,2,00,1,1,000,068,1,0,1,3,1,56,5,1,2,00,2,0,15,201000006433A01,7,17,1
201000006439,2010-09-11,2010,septembre,samedi,10:00,32,32078,43.8762,0.67128,1,4,3,1,1,3,2,02,2,3,000,000,1,0,1,3,1,59,5,1,2,00,2,1,1,201000006439B02,7,15,1
201000006501,2010-04-29,2010,avril,jeudi,90:0,46,46102,44.6089,2.02039,2,1,2,1,1,3,1,01,1,1,000,050,1,0,1,3,1,82,5,1,1,00,2,4,13,201000006501B02,7,1,1
201000006518,2010-06-25,2010,juin,vendredi,93:0,46,46228,44.8932,1.78655,1,3,1,1,1,3,-1,00,1,1,000,000,-1,0,1,3,1,48,5,1,1,00,2,1,1,201000006518A01,7,15,1
201000006519,2010-07-18,2010,juillet,dimanche,14:45,46,46029,44.9271,1.86475,2,1,7,1,1,3,2,02,1,1,000,060,1,0,5,3,1,13,5,1,2,00,0,0,1,201000006519A01,,,
201000006575,2010-03-22,2010,mars,lundi,16:45,65,65007,43.309,0.07,1,1,1,1,1,3,3,01,1,1,048,066,1,0,1,3,1,77,5,1,1,00,0,0,13,201000006575B02,7,1,1
201000006587,2010-04-02,2010,avril,vendredi,16:30,65,65164,43.114,0.037,1,1,2,1,1,3,2,02,1,1,000,051,1,0,1,2,1,70,5,1,2,00,2,4,1,201000006587B02,10,17,1
201000006590,2010-08-11,2010,août,mercredi,17:00,65,65192,42.801,0.017,1,1,6,1,1,3,2,02,1,2,000,065,1,0,1,3,1,51,5,1,2,06,0,1,1,201000006590A01,,,
201000006601,2010-07-18,2010,juillet,dimanche,11:00,65,65069,43.092,0.375,1,1,2,1,1,3,2,02,1,1,000,000,1,0,1,3,1,56,5,1,2,00,0,4,1,201000006601B02,7,2,1
201000006603,2010-08-25,2010,août,mercredi,17:45,65,65258,43.125,0.402,2,6,6,1,1,3,2,02,1,-1,040,084,1,5,1,3,1,58,5,1,1,00,0,4,2,201000006603A01,,,
201000006619,2010-07-27,2010,juillet,mardi,17:00,81,81155,43.9166,2.2795,1,1,6,1,1,3,2,02,2,1,000,092,1,0,3,4,1,47,5,1,2,01,0,1,1,201000006619A01,,,
201000006621,2010-08-09,2010,août,lundi,93:0,81,81222,43.7701,2.17244,2,1,2,1,1,3,2,00,1,1,000,069,1,0,1,3,2,60,5,1,2,00,2,1,1,201000006621B02,7,16,1
201000006636,2010-09-13,2010,septembre,lundi,17:45,81,81249,44.0771,2.18999,1,1,3,1,7,2,2,02,1,2,000,067,1,0,1,3,1,78,5,1,1,00,2,8,1,201000006636B02,10,1,1
201000006653,2010-01-23,2010,janvier,samedi,16:15,81,81025,43.6572,1.75624,1,1,2,1,1,3,2,01,1,1,000,045,1,0,1,3,1,11,5,1,2,00,2,4,19,201000006653A01,7,1,1
201000006707,2010-06-01,2010,juin,mardi,18:50,02,02157,0,0,2,1,1,1,2,4,1,00,1,2,000,070,2,0,1,3,1,17,5,1,9,00,2,1,5,201000006707B01,7,1,1
201000006763,2010-06-08,2010,juin,mardi,17:45,82,82087,0,0,1,1,2,1,1,3,2,02,2,1,000,000,1,0,1,3,1,36,1,1,2,00,0,6,15,201000006763B02,7,17,1
201000006820,2010-04-30,2010,avril,vendredi,22:00,82,82080,0,0,2,1,7,3,1,4,2,02,1,1,000,051,1,0,3,3,1,51,5,1,9,13,0,1,1,201000006820A01,,,
201000006823,2010-06-25,2010,juin,vendredi,10:45,82,82112,0,0,2,1,1,1,1,3,2,02,1,1,000,100,1,5,1,2,1,65,5,1,2,00,0,8,1,201000006823B02,15,16,1
201000006852,2010-10-02,2010,octobre,samedi,10:30,82,82186,44.103,0.898,1,1,2,1,1,3,2,02,1,1,000,064,1,0,1,2,1,74,3,1,2,00,0,4,1,201000006852B02,7,1,1
201000006878,2010-05-07,2010,mai,vendredi,15:00,69,69194,0,0,2,1,3,1,1,3,2,00,-1,1,000,000,1,5,1,3,1,44,5,1,2,00,2,1,1,201000006878B02,7,15,1
201000006890,2010-03-02,2010,mars,mardi,71:5,69,69068,0,0,2,1,1,2,1,3,3,00,1,1,003,000,2,0,1,3,1,52,1,1,2,14,0,3,19,201000006890A01,14,1,1
201000006927,2010-09-17,2010,septembre,vendredi,74:5,69,69286,0,0,1,1,3,1,1,4,2,00,1,2,000,000,1,0,1,4,2,54,1,1,4,00,2,7,1,201000006927B02,7,19,1
201000006938,2010-10-06,2010,octobre,mercredi,84:5,69,69204,45.7,4.824,2,1,1,1,1,4,2,00,1,1,000,000,1,0,5,3,2,33,1,1,9,00,2,1,1,201000006938B02,7,22,1
201000006954,2010-06-29,2010,juin,mardi,11:30,69,69273,45.677,4.89999,2,1,3,1,1,4,2,02,2,1,000,090,1,0,1,3,1,54,5,1,2,00,2,1,1,201000006954B02,14,11,1
201000007016,2010-08-07,2010,août,samedi,10:45,69,69269,0,0,1,1,3,1,1,3,2,02,2,1,000,066,1,0,1,4,1,62,5,1,2,00,0,0,1,201000007016A01,21,0,1
201000007017,2010-09-04,2010,septembre,samedi,11:15,69,69094,0,0,1,1,1,1,1,3,2,00,2,-1,000,052,1,0,1,4,1,49,5,1,2,00,2,0,1,201000007017B02,7,17,1
201000007018,2010-09-21,2010,septembre,mardi,10:30,69,69269,0,0,1,1,1,1,1,3,2,00,-1,-1,000,000,1,0,0,4,1,72,5,1,2,00,0,0,0,201000007018A01,1,0,1
201000007018,2010-09-21,2010,septembre,mardi,10:30,69,69269,0,0,1,1,1,1,1,3,2,00,-1,-1,000,000,1,0,0,3,2,69,5,1,2,00,0,0,0,201000007018B02,1,0,1
201000007038,2010-08-05,2010,août,jeudi,10:45,69,69228,0,0,1,1,1,1,1,3,2,02,1,1,000,000,1,0,1,3,1,64,5,1,2,00,2,1,1,201000007038B02,7,15,1
201000007039,2010-08-07,2010,août,samedi,64:5,69,69180,0,0,1,1,7,1,1,3,2,02,2,1,000,000,9,0,1,2,1,76,5,1,2,00,0,8,1,201000007039A01,,,
201000007042,2010-09-14,2010,septembre,mardi,15:15,69,69136,0,0,2,1,1,1,1,3,-1,00,4,-1,000,000,1,5,1,3,1,71,5,1,2,00,0,1,1,201000007042B02,14,15,1
201000007051,2010-11-13,2010,novembre,samedi,14:45,69,69236,45.569,4.701,1,1,5,1,1,3,2,02,1,3,000,065,1,0,1,3,1,55,5,1,2,00,2,3,1,201000007051D04,7/ 33,1/16,3
201000007057,2010-06-17,2010,juin,jeudi,13:30,69,69151,0,0,1,1,2,1,1,3,2,02,1,3,000,000,1,0,1,4,1,17,1,1,1,00,2,4,13,201000007057B02,7,1,1
201000007067,2010-06-06,2010,juin,dimanche,12:45,69,69126,45.92,4.689,1,1,6,1,1,3,2,00,2,2,000,060,9,0,1,3,2,44,5,1,2,00,0,1,1,201000007067A01,,,
201000007072,2010-07-25,2010,juillet,dimanche,11:15,69,69009,0,0,2,1,1,1,1,3,2,00,-1,1,010,065,1,0,1,3,1,73,5,1,2,00,2,8,1,201000007072B02,7,17,1
201000007075,2010-09-16,2010,septembre,jeudi,17:15,69,69140,45.908,4.702,1,1,1,1,1,3,2,02,-1,1,080,000,1,0,1,3,1,61,5,1,2,00,9,7,1,201000007075B02,7,1,1
201000007089,2010-09-19,2010,septembre,dimanche,18:00,69,69267,46.17,4.701,1,1,2,1,1,3,2,02,2,3,000,060,1,0,1,3,1,63,5,1,2,00,0,4,1,201000007089B02,7,2,1
201000007119,2010-02-21,2010,février,dimanche,10:45,69,69056,0,0,1,1,1,1,7,3,2,03,1,3,000,000,1,5,5,3,1,53,5,1,8,00,2,8,1,201000007119B02,7,15,1
201000007150,2010-08-08,2010,août,dimanche,18:15,69,69060,46.103,4.491,2,1,1,1,1,4,2,01,2,2,000,000,1,0,1,4,1,12,5,1,2,00,2,1,1,201000007150A01,7,0,1
201000007173,2010-04-21,2010,avril,mercredi,17:45,01,01447,46.207,5.396,2,3,3,1,1,4,2,01,2,1,000,035,1,0,1,3,1,18,5,1,1,00,2,1,16,201000007173B02,7,1,1
201000007211,2010-04-20,2010,avril,mardi,17:30,01,01304,0,0,2,1,6,1,1,4,2,00,1,1,000,070,1,0,1,4,1,52,5,1,2,00,1,1,1,201000007211A01,,,
201000007217,2010-08-01,2010,août,dimanche,12:00,01,01374,0,0,1,1,5,1,1,3,2,02,1,1,000,070,1,0,1,2,1,58,5,1,1,00,2,4,2,201000007217C03,7,1,1
201000007217,2010-08-01,2010,août,dimanche,12:00,01,01374,0,0,1,1,5,1,1,3,2,02,1,1,000,070,1,0,1,2,1,60,5,1,1,00,2,4,2,201000007217B02,7,1,1
201000007218,2010-10-26,2010,octobre,mardi,14:45,01,01363,0,0,2,1,3,1,1,4,2,00,1,1,000,056,1,0,1,3,1,11,5,1,2,00,2,1,1,201000007218A01,7,1,1
201000007260,2010-11-04,2010,novembre,jeudi,14:30,01,01228,0,0,1,1,3,1,8,3,2,02,1,1,000,078,1,0,1,3,2,50,0,1,2,00,0,8,1,201000007260B02,7,16,1
201000007283,2010-05-07,2010,mai,vendredi,17:00,01,01313,46.255,6.075,2,1,1,1,1,4,2,02,1,4,000,060,1,0,1,3,1,46,5,1,2,00,2,1,1,201000007283B02,7,13,1
201000007284,2010-05-08,2010,mai,samedi,17:30,01,01160,46.26,6.111,2,1,2,1,2,4,2,00,1,1,000,060,2,0,1,3,1,48,5,1,2,00,0,4,1,201000007284A01,7,16,1
201000007289,2010-07-16,2010,juillet,vendredi,64:5,01,01313,46.25,6.082,1,6,3,2,7,3,4,00,1,2,000,000,1,5,1,3,1,41,1,1,2,00,2,7,15,201000007289B02,7,9,1
201000007303,2010-11-19,2010,novembre,vendredi,17:30,01,01157,0,0,1,1,2,2,8,3,2,02,1,1,000,080,2,0,1,2,1,79,5,1,4,00,2,4,1,201000007303B02,7,1,1
201000007330,2010-07-18,2010,juillet,dimanche,16:00,01,01361,0,0,2,1,1,1,1,3,2,00,1,1,000,060,1,0,1,3,1,14,5,1,1,00,2,4,1,201000007330B02,7,1,1
201000007332,2010-09-15,2010,septembre,mercredi,10:30,01,01290,0,0,1,1,2,1,1,3,2,00,1,1,000,072,1,0,1,3,1,42,5,1,4,00,2,6,1,201000007332B02,7,17,1
201000007336,2010-03-02,2010,mars,mardi,10:30,01,01043,0,0,2,6,2,1,1,9,-1,00,1,2,000,000,1,0,0,4,1,65,5,1,2,00,2,4,2,201000007336B02,7,14,1
201000007348,2010-07-11,2010,juillet,dimanche,23:15,01,01027,0,0,1,1,5,3,1,3,2,02,1,1,000,059,1,0,1,4,1,29,9,1,4,00,0,4,2,201000007348C03,7,2,1
201000007348,2010-07-11,2010,juillet,dimanche,23:15,01,01027,0,0,1,1,5,3,1,3,2,02,1,1,000,059,1,0,1,3,1,23,9,1,4,00,0,4,2,201000007348B02,7,2,1
201000007357,2010-04-10,2010,avril,samedi,19:15,01,01371,45.954,4.987,2,1,3,1,1,4,2,00,-1,-1,000,000,-1,0,0,3,1,7,0,1,1,00,2,8,1,201000007357B02,7,1,1
201000007361,2010-07-27,2010,juillet,mardi,15:45,01,01207,0,0,2,1,3,1,1,3,2,00,1,1,000,055,1,0,1,4,1,6,5,1,1,00,2,1,19,201000007361B02,7,1,1
201000007387,2010-08-25,2010,août,mercredi,14:30,07,07268,0,0,1,1,2,1,1,3,4,01,1,1,000,040,1,2,1,3,1,14,5,1,1,00,2,1,1,201000007387A01,7,1,1
201000007389,2010-03-02,2010,mars,mardi,15:45,07,07083,44.826,4.665,2,1,7,1,1,3,1,01,1,1,000,060,1,0,1,3,1,62,5,1,2,14,0,7,14,201000007389A01,,,
201000007412,2010-12-23,2010,décembre,jeudi,15:45,07,07319,0,0,2,1,1,1,2,4,2,00,-1,1,000,066,2,0,1,3,1,34,3,1,1,00,2,7,0,201000007412B02,7,0,1
201000007420,2010-03-20,2010,mars,samedi,16:30,07,07261,0,0,1,9,3,1,1,3,2,02,-1,-1,000,060,-1,0,0,2,1,17,0,1,2,00,2,8,0,201000007420B02,7,0,1
201000007428,2010-07-19,2010,juillet,lundi,19:30,07,07255,0,0,1,1,1,1,1,3,2,00,1,1,000,067,1,0,1,3,1,71,5,1,4,00,2,6,1,201000007428B02,7,17,1
201000007485,2010-05-29,2010,mai,samedi,17:15,07,07269,0,0,1,1,6,1,1,3,2,02,-1,2,000,066,1,0,1,1,1,69,5,1,2,00,0,1,1,201000007485A01,,,
201000007485,2010-05-29,2010,mai,samedi,17:15,07,07269,0,0,1,1,6,1,1,3,2,02,-1,2,000,066,1,0,1,2,1,61,5,1,2,00,0,1,1,201000007485A01,,,
201000007501,2010-04-02,2010,avril,vendredi,16:45,26,26212,44.876,5.023,2,1,3,1,1,3,2,02,1,1,000,080,1,0,1,4,1,12,5,1,2,00,2,0,10,201000007501A01,7,1,1
201000007502,2010-05-14,2010,mai,vendredi,11:30,26,26313,44.975,4.958,2,1,3,1,1,3,2,02,1,1,000,076,1,0,1,3,1,13,5,1,4,00,2,3,19,201000007502B02,7,1,1
201000007504,2010-08-25,2010,août,mercredi,20:15,26,26064,44.916,5.03,1,1,1,1,1,3,2,00,1,1,000,080,1,0,1,3,1,47,5,1,2,00,2,4,1,201000007504A01,7,0,1
201000007508,2010-07-23,2010,juillet,vendredi,93:0,26,26108,0,0,2,1,6,1,1,3,2,00,1,3,000,103,1,0,1,3,1,84,5,1,1,00,0,0,0,201000007508A01,7,1,1
201000007522,2010-07-16,2010,juillet,vendredi,12:00,26,26165,0,0,1,1,3,1,7,2,2,00,1,1,000,000,1,0,1,3,1,44,1,1,2,00,0,4,2,201000007522B02,10,2,1
201000007545,2010-08-26,2010,août,jeudi,10:15,26,26113,44.739,5.391,1,1,6,1,1,3,2,02,-1,1,000,060,1,0,1,4,2,47,5,1,2,00,2,8,1,201000007545A01,,,
201000007557,2010-07-21,2010,juillet,mercredi,19:00,26,26262,44.67,5.427,1,3,1,1,1,3,2,02,1,1,000,000,1,0,1,3,1,55,5,1,2,00,2,0,21,201000007557A01,7,19,1
201000007574,2010-10-09,2010,octobre,samedi,18:00,26,26116,0,0,1,1,3,1,1,3,2,02,1,1,000,070,1,0,1,3,1,13,5,1,2,00,2,7,19,201000007574B02,33,1,1
201000007663,2010-09-11,2010,septembre,samedi,16:00,26,26088,45.02,5.083,1,2,3,1,1,3,2,00,-1,1,000,125,1,0,1,2,1,85,5,1,2,00,2,1,19,201000007663A01,7,1,1
201000007717,2010-02-16,2010,février,mardi,12:35,02,02722,0,0,2,3,3,1,1,4,2,02,1,1,000,020,1,5,1,3,1,15,5,1,9,00,2,1,1,201000007717A01,7,1,1
201000007736,2010-06-27,2010,juin,dimanche,12:30,38,38150,0,0,1,1,6,1,1,5,-1,00,1,1,000,000,-1,0,5,4,1,53,5,1,1,00,2,1,5,201000007736A01,,,
201000007803,2010-09-03,2010,septembre,vendredi,15:45,02,02738,0,0,2,3,6,1,1,4,2,01,1,1,000,068,1,0,1,3,1,12,5,1,9,00,2,1,2,201000007803B02,15,15,1
201000007853,2010-09-29,2010,septembre,mercredi,13:45,38,38095,45.135,5.299,1,1,3,1,1,4,2,02,1,1,000,053,1,0,1,3,1,72,5,1,2,00,2,0,1,201000007853B02,7,19,1
201000007861,2010-07-06,2010,juillet,mardi,12:00,38,38219,45.3051,5.0859,2,1,2,1,1,3,2,02,1,1,000,064,1,0,1,3,2,57,5,1,2,01,2,1,17,201000007861A01,1,13,1
201000007861,2010-07-06,2010,juillet,mardi,12:00,38,38219,45.3051,5.0859,2,1,2,1,1,3,2,02,1,1,000,064,1,0,1,1,1,61,5,1,2,00,2,4,13,201000007861B02,1,17,1
201000007863,2010-07-11,2010,juillet,dimanche,16:00,38,38219,45.3021,5.0988,1,1,2,1,1,3,2,02,-1,1,000,000,1,0,1,3,2,47,0,1,2,00,2,4,2,201000007863B02,7,2,1
201000007873,2010-05-23,2010,mai,dimanche,17:00,38,38275,45.2388,5.36129,1,1,2,1,1,3,2,02,1,1,000,070,1,0,1,3,1,17,5,1,1,00,2,4,1,201000007873B02,7,1,1
201000007906,2010-08-12,2010,août,jeudi,10:00,38,38257,45.4828,5.40351,1,1,3,1,1,3,2,02,2,2,000,050,1,0,1,3,1,65,5,1,2,00,2,3,1,201000007906A01,7,1,1
201000007910,2010-11-21,2010,novembre,dimanche,16:00,38,38182,45.39,5.43,1,1,2,1,1,3,2,02,1,1,000,000,1,0,1,3,1,52,5,1,2,00,0,4,13,201000007910B02,33,17,1
201000007945,2010-10-04,2010,octobre,lundi,14:45,44,44035,0,0,2,6,3,1,2,4,-1,01,1,-1,000,040,2,0,1,3,1,63,5,1,1,00,2,1,1,201000007945B02,7,1,1
201000007948,2010-11-25,2010,novembre,jeudi,16:30,44,44209,47.297,-1.609,1,1,6,1,1,3,2,02,1,1,000,000,1,0,1,3,1,67,5,1,2,00,2,4,1,201000007948A01,,,
201000007979,2010-06-29,2010,juin,mardi,71:5,38,38240,45.383,4.98,1,1,1,1,7,3,2,00,1,1,000,050,1,0,1,3,1,73,5,1,2,00,0,4,1,201000007979B02,7,1,1
201000008043,2010-05-24,2010,mai,lundi,10:45,42,42326,45.37613,4.59949,1,1,1,1,7,3,2,02,2,1,000,049,1,0,1,4,1,55,5,1,2,00,2,1,1,201000008043B02,7,15,1
201000008052,2010-05-25,2010,mai,mardi,91:5,42,42097,45.49519,4.3199,2,1,1,1,1,3,2,00,4,3,000,000,1,1,1,3,1,70,5,1,1,00,2,1,1,201000008052B02,7,15,1
201000008053,2010-12-24,2010,décembre,vendredi,15:45,42,42092,45.49886,4.38466,1,1,3,1,4,3,2,01,2,2,000,062,5,0,1,3,1,14,5,1,8,00,2,8,1,201000008053B02,7,13,1
201000008071,2010-08-09,2010,août,lundi,11:30,42,42035,45.8032,3.97293,1,1,1,1,1,4,2,02,2,2,000,027,1,0,1,3,1,28,5,1,2,00,2,1,1,201000008071B02,7,1,1
201000008087,2010-05-23,2010,mai,dimanche,18:15,42,42193,45.7945,4.27405,2,3,1,1,1,3,2,02,1,1,000,000,1,5,1,3,1,8,5,1,8,00,0,1,19,201000008087B02,7,0,1
201000008110,2010-04-27,2010,avril,mardi,15:30,42,42200,45.65262,4.25739,2,1,1,1,1,3,2,00,1,3,000,048,1,0,1,4,1,43,5,1,2,00,2,1,5,201000008110B02,7,15,1
201000008115,2010-07-08,2010,juillet,jeudi,94:5,42,42149,45.64235,4.22334,1,1,2,1,1,3,2,02,2,1,000,074,1,0,1,2,1,29,5,1,1,00,0,4,1,201000008115B02,7,1,1
201000008118,2010-07-22,2010,juillet,jeudi,10:15,42,42323,45.56146,4.28822,2,6,1,1,1,3,2,02,1,2,000,060,1,5,1,3,1,78,3,1,2,00,2,7,11,201000008118B02,14,11,1
201000008132,2010-03-31,2010,mars,mercredi,14:15,42,42168,45.42069,4.67435,2,1,6,1,1,4,2,00,1,2,000,000,1,0,1,4,1,15,5,1,2,00,0,7,1,201000008132B02,,,
201000008172,2010-04-07,2010,avril,mercredi,15:00,42,42215,46.176,4.21,2,1,1,1,1,3,2,00,1,1,000,046,1,0,1,3,1,15,5,1,9,00,2,1,16,201000008172B02,7,1,1
201000008172,2010-04-07,2010,avril,mercredi,15:00,42,42215,46.176,4.21,2,1,1,1,1,3,2,00,1,1,000,046,1,0,1,3,2,14,0,1,9,00,2,1,16,201000008172B02,7,1,1
201000008206,2010-07-19,2010,juillet,lundi,90:0,73,73249,45.533,5.995,2,1,7,1,1,4,2,01,3,1,000,041,9,0,1,3,1,61,5,1,2,00,0,0,0,201000008206A01,,,
201000008212,2010-06-29,2010,juin,mardi,11:15,73,73084,0,0,2,2,3,1,1,3,2,02,2,1,000,065,1,5,1,3,1,15,5,1,2,00,2,8,19,201000008212B01,7,,1
201000008216,2010-11-03,2010,novembre,mercredi,63:0,73,73082,45.499,6.061,1,3,3,3,5,3,2,02,2,1,000,080,1,0,1,3,1,32,1,1,1,00,2,1,1,201000008216A01,7,15,1
201000008221,2010-06-27,2010,juin,dimanche,12:00,73,73051,45.632,5.874,1,2,3,1,1,4,2,02,1,1,000,040,1,0,5,3,2,39,5,1,2,00,2,1,19,201000008221A01,7,1,1
201000008223,2010-07-02,2010,juillet,vendredi,10:30,73,73330,45.723,5.777,1,1,2,1,1,3,2,02,1,1,000,060,1,0,1,2,2,70,5,1,2,00,2,4,2,201000008223B02,10,2,1
201000008242,2010-07-27,2010,juillet,mardi,17:45,73,73233,0,0,1,1,3,1,1,3,2,02,1,1,000,060,1,0,1,3,1,59,5,1,2,00,2,8,1,201000008242B02,7,17,1
201000008254,2010-09-12,2010,septembre,dimanche,13:20,73,73053,0,0,1,6,3,1,1,3,2,02,1,1,000,075,1,5,1,4,2,69,5,1,2,12,2,1,1,201000008254B01,7,1,1
201000008255,2010-09-19,2010,septembre,dimanche,13:15,73,73053,45.667,6.39,2,6,3,1,1,3,2,02,1,-1,000,090,1,0,1,4,1,69,5,1,2,00,2,1,1,201000008255B02,7,0,1
201000008263,2010-06-06,2010,juin,dimanche,11:00,73,73262,0,0,1,1,7,1,1,3,2,02,2,3,000,074,1,0,3,2,1,40,5,1,2,04,0,8,1,201000008263A01,,,
201000008272,2010-11-19,2010,novembre,vendredi,17:30,73,73154,45.67,6.345,1,2,3,2,7,3,2,02,2,2,000,073,1,0,1,3,1,45,5,1,2,00,2,1,1,201000008272B02,7,15,1
201000008287,2010-07-09,2010,juillet,vendredi,17:30,73,73054,45.625,6.807,1,1,1,1,1,3,2,02,2,3,000,046,1,0,1,3,1,45,5,1,2,00,2,8,13,201000008287B02,7,1,1
201000008292,2010-09-05,2010,septembre,dimanche,12:40,73,73176,0,0,2,1,3,1,1,3,2,02,2,1,000,070,1,0,1,4,1,58,5,1,2,00,2,1,2,201000008292B02,7,9,1
201000008316,2010-09-12,2010,septembre,dimanche,83:0,73,73177,0,0,1,2,1,1,1,3,-1,00,1,1,000,062,1,0,0,3,1,15,0,1,2,00,2,1,19,201000008316A01,7,0,1
201000008329,2010-06-28,2010,juin,lundi,16:00,73,73290,0,0,1,3,3,1,1,3,2,02,2,1,000,070,1,0,1,4,1,54,5,1,2,00,2,1,2,201000008329A01,7,15,1
201000008330,2010-07-10,2010,juillet,samedi,11:30,73,73290,45.281,6.815,2,1,2,1,1,3,2,02,4,2,000,071,1,0,1,4,2,58,5,1,2,00,2,1,1,201000008330B02,7,12,1
201000008339,2010-04-24,2010,avril,samedi,19:00,74,74234,0,0,1,1,1,1,1,3,2,02,2,4,000,000,1,0,1,3,1,41,5,1,8,00,2,4,2,201000008339B02,7,2,1