Num_Acc,date,an,mois,jour,hrmn,dep,com,lat,long,agg,int,col,lum,atm,catr,circ,nbv,prof,plan,lartpc,larrout,surf,infra,situ,grav,sexe,age,trajet,secuexist,equipement,obs,obsm,choc,manv,vehiculeid,typevehicules,manoeuvehicules,numVehicules
201000008342,2010-06-13,2010,juin,dimanche,16:30,74,74275,0,0,1,1,1,1,1,3,2,02,-1,3,000,061,1,0,1,3,1,65,5,1,2,00,0,0,0,201000008342A01,7,1,1
201000008345,2010-07-08,2010,juillet,jeudi,90:0,74,74242,0,0,1,2,3,1,1,3,2,02,1,1,000,100,1,0,1,3,2,64,5,1,9,00,2,2,9,201000008345B02,30,1,1
201000008348,2010-08-01,2010,août,dimanche,24:5,74,74104,0,0,1,1,2,3,1,3,2,02,1,1,000,071,1,2,1,3,1,21,5,1,9,00,2,4,1,201000008348A01,7,1,1
201000008350,2010-08-04,2010,août,mercredi,16:45,74,74275,0,0,1,1,6,1,1,3,2,02,2,4,000,000,1,2,1,3,1,41,5,1,2,03,0,1,0,201000008350A01,,,
201000008354,2010-11-13,2010,novembre,samedi,14:00,74,74108,0,0,1,1,7,1,1,9,2,00,1,1,000,000,1,1,5,3,1,43,5,1,2,00,5,0,1,201000008354A01,,,
201000008385,2010-04-25,2010,avril,dimanche,14:15,74,74045,0,0,1,1,7,1,1,3,2,02,2,4,000,055,1,0,1,3,1,57,5,1,2,00,0,0,1,201000008385A01,,,
201000008397,2010-01-29,2010,janvier,vendredi,13:30,74,74042,46.077,6.396,2,1,3,1,1,3,2,02,-1,1,000,000,1,0,4,3,2,54,0,1,2,00,2,1,1,201000008397B02,7,9,1
201000008443,2010-05-20,2010,mai,jeudi,14:45,74,74236,45.896,6.689,1,1,1,1,1,3,2,02,2,1,000,070,1,0,1,3,1,44,5,1,9,00,2,1,1,201000008443B02,7,15,1
201000008447,2010-08-13,2010,août,vendredi,18:45,74,74215,0,0,2,1,1,1,1,4,2,00,-1,1,000,000,1,0,1,3,2,10,5,1,9,00,2,3,13,201000008447B02,7,1,1
201000008463,2010-06-11,2010,juin,vendredi,10:30,74,74253,0,0,2,1,3,1,1,4,-1,00,-1,1,000,040,1,0,1,3,1,70,5,1,2,00,2,1,1,201000008463B02,2,10,1
201000008480,2010-06-18,2010,juin,vendredi,93:0,74,74208,0,0,1,1,1,3,1,3,2,00,2,4,000,000,1,0,1,3,1,17,9,1,2,00,2,1,1,201000008480B02,7,13,1
201000008490,2010-07-12,2010,juillet,lundi,13:00,74,74258,46.112,6.698,1,1,7,1,1,3,2,00,2,1,000,051,1,0,1,2,1,52,5,1,8,16,0,0,1,201000008490A01,,,
201000008491,2010-07-14,2010,juillet,mercredi,93:0,74,74223,0,0,1,3,3,1,1,3,,,,,,,,,,3,1,27,5,1,2,00,2,1,1,201000008491B02,7,15,1
201000008567,2010-08-29,2010,août,dimanche,16:00,74,74001,0,0,1,1,3,1,1,3,2,02,1,1,000,062,1,0,1,3,2,29,5,1,2,00,2,8,1,201000008567B02,10,13,1
201000008589,2010-06-12,2010,juin,samedi,15:45,74,74025,46.305,6.379,1,1,3,1,1,3,2,00,-1,1,000,050,-1,0,1,3,1,46,5,1,2,00,0,8,17,201000008589B02,7,17,1
201000008595,2010-07-13,2010,juillet,mardi,73:0,74,74070,46.292,6.269,1,1,1,1,1,3,2,02,1,1,000,075,1,0,1,2,1,62,5,1,2,00,0,4,2,201000008595B02,7,2,1
201000008596,2010-07-18,2010,juillet,dimanche,81:5,74,74163,46.349,6.418,1,1,1,1,1,2,1,01,1,1,084,042,1,0,1,3,2,64,5,1,2,00,2,8,2,201000008596B02,7,2,1
201000008613,2010-07-15,2010,juillet,jeudi,18:45,74,74249,0,0,1,1,6,1,1,4,-1,00,-1,2,000,060,1,0,1,3,1,15,5,1,9,00,2,0,15,201000008613A01,,,
201000008622,2010-07-04,2010,juillet,dimanche,10:30,74,74295,46.319,6.606,1,1,1,1,1,3,2,02,2,2,000,065,1,0,1,3,1,46,5,1,2,00,2,3,1,201000008622B02,33,13,1
201000008630,2010-09-19,2010,septembre,dimanche,11:45,63,63263,0,0,1,1,3,1,1,3,2,02,2,1,000,100,1,0,1,3,1,53,5,1,2,00,2,1,1,201000008630B02,7,15,1
201000008634,2010-06-03,2010,juin,jeudi,11:00,63,63273,45.733,3.231,2,1,7,1,1,4,1,01,2,1,000,025,1,0,1,3,1,71,5,1,2,00,0,1,2,201000008634A01,,,
201000008654,2010-01-13,2010,janvier,mercredi,15:15,63,63263,45.773,3.025,2,1,6,1,1,3,2,00,2,2,000,050,1,0,1,4,1,24,5,1,2,00,1,1,17,201000008654A01,,,
201000008664,2010-11-13,2010,novembre,samedi,16:00,63,63284,45.799,3.23,2,6,3,1,1,3,2,00,-1,-1,000,064,1,5,1,3,1,58,5,1,2,00,2,3,1,201000008664B02,7,1,1
201000008707,2010-01-28,2010,janvier,jeudi,19:00,63,63178,45.558,3.25,2,1,3,5,1,3,2,02,1,1,000,060,1,0,1,3,1,16,5,1,4,00,2,3,15,201000008707B02,7,1,1
201000008714,2010-10-04,2010,octobre,lundi,20:00,63,63178,0,0,2,1,2,5,3,3,2,02,1,1,000,075,2,0,1,3,1,14,5,1,4,00,0,4,0,201000008714B02,7,1,1
201000008716,2010-12-30,2010,décembre,jeudi,94:5,63,63178,45.547,3.25,2,1,1,1,7,4,2,00,1,1,000,000,1,0,1,3,1,66,5,1,2,00,2,1,1,201000008716B02,7,15,1
201000008726,2010-07-03,2010,juillet,samedi,19:00,63,63202,45.436,3.188,2,1,1,1,1,3,2,02,1,3,000,040,9,0,1,2,2,7,5,1,2,00,2,4,11,201000008726B02,21,4,1
201000008732,2010-05-10,2010,mai,lundi,18:30,63,63397,0,0,2,1,1,1,7,3,2,02,4,3,000,084,1,0,1,3,1,44,5,1,2,00,2,1,1,201000008732B02,7,19,1
201000008734,2010-06-14,2010,juin,lundi,15:30,63,63397,45.627,2.689,1,1,1,1,1,3,2,02,1,1,000,063,1,0,1,3,1,57,5,1,2,00,0,3,1,201000008734B02,10,13,1
201000008735,2010-09-01,2010,septembre,mercredi,16:45,63,63426,45.59,2.648,1,1,1,1,1,3,2,02,2,2,000,070,1,5,1,2,1,70,5,1,2,00,2,8,15,201000008735B02,10,1,1
201000008755,2010-06-01,2010,juin,mardi,15:00,63,63424,0,0,1,1,2,1,1,3,2,02,2,1,000,000,1,0,1,3,1,54,5,1,2,00,0,6,1,201000008755B02,30,17,1
201000008758,2010-09-15,2010,septembre,mercredi,81:5,63,63148,0,0,2,1,3,1,8,4,2,02,-1,1,000,061,1,0,1,3,2,22,5,1,1,00,2,1,19,201000008758A01,7,1,1
201000008809,2010-05-26,2010,mai,mercredi,13:30,63,63210,45.926,3.332,2,1,1,1,1,4,1,01,1,1,000,000,1,0,1,4,2,11,5,1,2,00,2,1,1,201000008809B02,7,1,1
201000008898,2010-07-15,2010,juillet,jeudi,20:45,03,03082,0,-0,2,1,2,1,7,9,2,00,3,1,000,062,1,0,1,3,1,62,5,1,1,00,0,4,1,201000008898B02,10,1,1
201000008899,2010-08-26,2010,août,jeudi,13:45,03,03052,0,-0,1,3,3,1,1,3,2,00,1,1,077,000,1,0,1,3,1,51,5,1,1,00,2,3,17,201000008899A01,7,1,1
201000008905,2010-09-17,2010,septembre,vendredi,10:30,03,03104,0,-0,1,1,3,1,1,3,2,02,1,1,000,060,1,0,1,3,1,60,5,1,2,00,2,8,1,201000008905B02,7,17,1
201000008923,2010-05-24,2010,mai,lundi,10:00,03,03118,0,-0,2,1,3,1,1,4,2,00,1,1,000,053,1,0,1,3,2,64,3,1,1,00,2,8,19,201000008923A01,7,1,1
201000008934,2010-09-15,2010,septembre,mercredi,15:00,03,03201,0,0,1,1,1,1,1,4,2,02,2,3,000,030,1,0,1,3,1,68,5,1,2,00,2,1,1,201000008934B02,7,1,1
201000008967,2010-07-15,2010,juillet,jeudi,21:00,15,15255,44.9,2.51673,1,9,1,2,1,3,2,02,2,1,000,070,1,0,1,4,1,35,5,1,2,00,2,1,2,201000008967A01,1,2,1
201000008967,2010-07-15,2010,juillet,jeudi,21:00,15,15255,44.9,2.51673,1,9,1,2,1,3,2,02,2,1,000,070,1,0,1,3,1,32,5,1,2,00,2,1,2,201000008967B02,1,2,1
201000009008,2010-05-03,2010,mai,lundi,10:15,43,43230,0,0,1,1,3,1,1,3,2,00,1,3,000,060,1,0,1,3,1,67,5,1,2,00,2,6,1,201000009008B02,7,1,1
201000009113,2010-06-04,2010,juin,vendredi,15:43,03,03185,0,-0,2,1,6,1,1,3,2,02,1,1,000,064,1,0,1,2,2,69,5,1,9,00,0,0,0,201000009113B01,14,16,1
201000009115,2010-06-26,2010,juin,samedi,18:05,03,03185,0,0,2,3,3,1,1,4,1,01,2,1,000,075,1,0,0,3,1,13,5,1,9,00,2,1,19,201000009115A01,10,1,1
201000009146,2010-10-14,2010,octobre,jeudi,19:00,03,03190,0,0,2,1,3,5,1,4,2,02,1,1,000,072,1,0,1,3,2,42,0,1,9,00,2,4,11,201000009146B01,7,2,1
201000009154,2010-05-19,2010,mai,mercredi,15:45,57,57620,49.203,5.991,1,9,3,1,1,3,2,02,1,1,000,150,1,0,1,3,1,45,5,1,2,00,0,8,1,201000009154B02,7,9,1
201000009177,2010-05-02,2010,mai,dimanche,91:5,57,57443,0,0,2,1,1,1,1,3,2,02,1,1,000,070,1,0,1,4,1,14,5,1,1,00,2,8,13,201000009177B02,7,17,1
201000009282,2010-06-16,2010,juin,mercredi,17:45,57,57483,0,0,2,1,6,1,1,9,-1,02,-1,1,000,060,1,0,1,3,1,10,0,1,2,00,2,8,1,201000009282B02,10,,1
201000009282,2010-06-16,2010,juin,mercredi,17:45,57,57483,0,0,2,1,6,1,1,9,-1,02,-1,1,000,060,1,0,1,4,1,8,0,1,2,00,2,8,1,201000009282B02,10,,1
201000009285,2010-08-28,2010,août,samedi,10:0,57,57711,0,0,2,1,6,4,1,3,2,00,1,1,000,053,1,0,1,2,1,39,5,1,2,11,0,1,1,201000009285A01,,,
201000009304,2010-10-08,2010,octobre,vendredi,16:15,57,57321,0,0,2,1,1,1,1,3,2,02,-1,1,000,070,1,0,1,3,1,10,5,1,8,00,2,7,19,201000009304A01,7,1,1
201000009309,2010-08-23,2010,août,lundi,13:45,57,57540,0,0,2,3,3,1,1,4,-1,00,2,1,000,000,1,0,1,3,1,8,5,1,1,00,2,1,15,201000009309B02,7,1,1
201000009336,2010-09-22,2010,septembre,mercredi,11:15,57,57191,49.374,6.29,2,1,1,1,1,4,2,02,1,1,000,000,1,0,1,4,1,9,5,1,2,00,2,1,16,201000009336B02,7,1,1
201000009338,2010-10-10,2010,octobre,dimanche,94:5,57,57331,49.303,6.353,1,1,2,1,1,3,3,03,2,1,000,100,1,0,1,2,1,50,0,1,2,00,0,4,1,201000009338B02,33,2,1
201000009378,2010-07-14,2010,juillet,mercredi,12:30,54,54115,0,0,2,1,6,1,1,3,4,00,1,1,000,000,1,0,4,1,1,32,9,1,1,00,1,1,1,201000009378A01,,,
201000009379,2010-07-23,2010,juillet,vendredi,10:15,54,54150,48.7901,6.14303,2,6,3,1,1,3,1,01,1,-1,000,000,1,0,1,3,1,77,5,1,2,00,0,5,0,201000009379B02,10,16,1
201000009390,2010-09-04,2010,septembre,samedi,16:00,54,54432,0,0,2,1,6,1,1,4,1,01,-1,1,000,069,1,0,0,4,2,54,5,1,2,00,1,1,1,201000009390A01,,,
201000009428,2010-03-26,2010,mars,vendredi,18:05,03,03310,0,0,2,4,3,1,2,4,2,02,2,1,000,100,2,5,1,3,2,73,3,1,9,00,2,8,19,201000009428A01,7,1,1
201000009431,2010-04-01,2010,avril,jeudi,17:00,03,03310,0,0,2,1,1,1,1,4,1,01,1,1,000,040,1,0,1,4,1,54,0,1,9,00,2,3,5,201000009431A01,7,1,1
201000009434,2010-04-08,2010,avril,jeudi,17:00,03,03310,0,0,2,1,6,1,1,4,2,01,1,1,000,030,1,0,5,1,1,15,5,1,2,00,0,1,1,201000009434A01,,,
201000009450,2010-07-01,2010,juillet,jeudi,13:40,03,03310,0,0,2,4,3,1,1,4,1,01,2,1,000,100,1,5,1,3,1,13,5,1,2,00,2,1,9,201000009450A01,7,1,1
201000009454,2010-07-20,2010,juillet,mardi,16:30,03,03310,0,0,2,1,6,1,1,4,3,02,1,1,012,084,1,0,1,4,1,18,5,1,2,00,2,8,1,201000009454B01,10,17,1
201000009478,2010-10-09,2010,octobre,samedi,14:20,03,03001,0,-0,2,4,3,1,1,3,2,02,2,2,000,070,1,5,0,4,1,12,5,1,9,00,2,8,15,201000009478B01,7,15,1
201000009483,2010-10-22,2010,octobre,vendredi,14:10,03,03023,0,0,2,1,3,1,1,6,2,02,1,1,000,080,1,5,1,4,1,58,5,1,9,00,2,1,1,201000009483A01,7,1,1
201000009484,2010-10-25,2010,octobre,lundi,19:00,03,03023,0,0,2,6,3,5,1,3,3,02,1,2,050,060,1,5,1,3,1,58,5,1,4,00,2,3,9,201000009484A01,7,1,1
201000009510,2010-05-22,2010,mai,samedi,18:00,54,54029,49.4062,5.76106,1,1,3,1,1,3,-1,00,1,-1,054,000,1,0,1,3,1,10,5,1,1,00,2,1,19,201000009510B02,7,19,1
201000009516,2010-04-05,2010,avril,lundi,16:45,54,54152,48.5594,6.37512,2,1,1,1,1,3,2,02,1,1,000,090,1,0,1,3,1,37,5,1,2,00,2,1,5,201000009516A01,7,1,1
201000009522,2010-10-11,2010,octobre,lundi,17:00,54,54076,48.558,6.404,2,1,2,1,1,4,2,00,1,1,000,000,1,0,1,3,2,72,0,1,2,01,0,7,1,201000009522B02,7,24,1
201000009539,2010-05-16,2010,mai,dimanche,10:15,54,54583,0,0,1,1,3,1,1,4,2,01,2,3,000,050,1,0,1,3,1,52,5,1,2,00,2,3,13,201000009539B02,7,1,1
201000009557,2010-05-29,2010,mai,samedi,18:00,54,54466,48.7973,5.85171,1,1,1,1,1,3,2,02,4,1,000,065,1,0,1,3,2,32,5,1,1,00,2,8,15,201000009557B02,33,17,1
201000009557,2010-05-29,2010,mai,samedi,18:00,54,54466,48.7973,5.85171,1,1,1,1,1,3,2,02,4,1,000,065,1,0,1,3,1,6,5,1,1,00,2,8,15,201000009557B02,33,17,1
201000009577,2010-06-13,2010,juin,dimanche,83:0,55,55010,0,0,1,1,3,1,1,3,2,02,1,1,002,058,1,0,1,3,2,64,5,1,1,00,2,8,2,201000009577B02,7,2,1
201000009654,2010-09-22,2010,septembre,mercredi,12:45,55,55105,49.14857,5.53218,1,1,3,1,1,3,2,02,1,2,000,048,1,0,1,3,1,72,5,1,2,00,2,0,1,201000009654C03,7,13,1
201000009667,2010-08-02,2010,août,lundi,15:15,88,88233,48.1463,6.27454,1,2,1,1,1,3,2,02,2,1,000,077,1,0,1,3,1,12,5,1,8,00,2,8,19,201000009667A01,7,1,1
201000009686,2010-06-10,2010,juin,jeudi,17:15,88,88090,48.3733,6.29413,2,1,7,1,1,9,2,00,2,1,000,050,1,0,1,4,1,16,2,1,1,01,0,0,0,201000009686A01,,,
201000009690,2010-11-18,2010,novembre,jeudi,71:5,88,88513,48.3415,6.33324,2,2,3,2,2,3,2,02,1,1,000,000,2,5,1,4,2,37,1,1,8,00,2,7,1,201000009690A01,10,15,1
201000009693,2010-06-10,2010,juin,jeudi,14:45,88,88124,48.1026,5.72555,1,1,1,1,1,3,2,02,1,1,000,063,1,0,1,3,1,63,5,1,2,00,0,1,13,201000009693B02,7,1,1
201000009696,2010-06-22,2010,juin,mardi,17:30,88,88251,48.3306,6.70498,2,1,3,1,1,4,2,00,2,1,000,049,1,0,1,3,1,13,5,1,2,00,2,1,19,201000009696A01,7,1,1
201000009755,2010-05-12,2010,mai,mercredi,10:00,88,88447,47.9506,6.77793,1,2,3,1,1,4,2,02,2,1,000,067,1,5,1,2,1,71,5,1,2,00,2,8,19,201000009755B02,10,21,1
201000009757,2010-06-09,2010,juin,mercredi,16:15,88,88442,48.0126,6.75673,1,1,6,1,1,3,2,02,1,1,000,070,1,0,1,3,1,18,5,1,8,00,0,0,1,201000009757A01,,,
201000009776,2010-10-11,2010,octobre,lundi,11:45,88,88468,47.8744,6.76171,2,1,7,1,1,9,2,02,2,1,000,075,1,0,1,3,1,88,5,1,1,00,0,1,1,201000009776A01,,,
201000009802,2010-08-19,2010,août,jeudi,11:45,88,88196,48.0444,6.86796,1,1,7,1,1,3,2,02,2,3,000,076,1,0,3,2,1,15,5,1,2,13,0,1,1,201000009802A01,,,
201000009819,2010-05-07,2010,mai,vendredi,82:5,67,67055,0,0,2,1,2,1,1,3,2,02,1,1,000,000,1,0,1,3,2,41,3,1,2,00,0,9,2,201000009819B02,7,2,1
201000009820,2010-07-03,2010,juillet,samedi,10:30,67,67028,48.37,7.61,1,1,1,1,1,3,2,00,2,1,000,077,1,5,5,3,2,59,1,1,9,00,2,1,1,201000009820B02,30,5,1
201000009828,2010-09-14,2010,septembre,mardi,16:05,67,67137,0,0,2,1,3,1,1,3,2,02,1,1,000,070,1,0,1,3,2,67,3,1,9,00,2,1,15,201000009828B02,7,17,1
201000009837,2010-03-22,2010,mars,lundi,18:15,67,67130,0,0,2,1,3,1,1,3,2,02,1,1,000,000,1,0,1,3,1,18,5,1,2,00,2,8,15,201000009837B02,7,17,1
201000009840,2010-04-07,2010,avril,mercredi,90:7,67,67130,0,0,2,1,3,1,1,6,-1,00,-1,1,000,000,1,0,1,3,2,63,3,1,9,00,2,8,1,201000009840B02,7,1,1
201000009866,2010-08-04,2010,août,mercredi,18:15,67,67345,0,0,1,1,1,1,1,4,2,00,1,1,000,044,1,0,1,3,2,22,5,1,9,00,2,0,2,201000009866B02,2,2,1
201000009876,2010-09-01,2010,septembre,mercredi,17:45,67,67313,48.535,7.466,2,9,3,1,7,3,2,00,-1,1,008,072,1,0,5,3,2,64,1,1,9,00,2,3,1,201000009876B02,7,1,1
201000009880,2010-02-27,2010,février,samedi,11:00,67,67299,48.515,7.387,2,1,1,1,1,3,2,02,2,1,000,052,1,0,1,2,1,49,5,1,2,00,2,1,13,201000009880A01,10,1,1
201000009909,2010-03-22,2010,mars,lundi,16:55,67,67061,48.831,7.466,1,6,1,1,1,3,-1,00,1,3,000,058,1,0,1,3,2,40,5,1,9,00,2,8,15,201000009909B02,7,16,1
201000009916,2010-04-15,2010,avril,jeudi,18:30,67,67302,48.762,7.394,2,1,1,1,1,4,2,02,1,1,000,053,1,0,1,3,1,8,5,1,2,00,0,1,15,201000009916B02,7,1,1
201000009929,2010-02-09,2010,février,mardi,10:30,67,67392,0,0,2,1,1,1,1,4,2,00,-1,-1,000,055,1,0,1,3,1,15,0,1,2,00,0,0,0,201000009929B02,10,0,1
201000009945,2010-10-28,2010,octobre,jeudi,13:30,67,67191,49.009,7.07,1,1,1,1,1,3,2,02,1,1,070,000,1,0,1,3,1,63,5,1,1,00,2,8,11,201000009945A01,10,17,1
201000009954,2010-08-26,2010,août,jeudi,15:45,67,67067,0,0,2,1,3,1,1,3,2,02,1,1,000,075,1,5,5,3,1,63,5,1,9,00,2,1,19,201000009954B02,7,15,1
201000009982,2010-10-25,2010,octobre,lundi,17:45,67,67202,48.762,7.578,2,3,3,2,1,3,2,00,2,1,000,060,1,5,1,3,1,16,5,1,2,00,2,8,19,201000009982B02,7,1,1
201000009982,2010-10-25,2010,octobre,lundi,17:45,67,67202,48.762,7.578,2,3,3,2,1,3,2,00,2,1,000,060,1,5,1,3,2,16,0,1,2,00,2,8,19,201000009982B02,7,1,1
201000009985,2010-11-17,2010,novembre,mercredi,14:00,67,67253,48.645,7.532,1,9,1,1,8,3,2,00,1,1,000,064,1,0,1,3,1,14,5,1,2,00,2,9,9,201000009985B02,7,1,1
201000009991,2010-03-29,2010,mars,lundi,12:00,67,67519,48.669,7.821,1,1,3,1,1,3,2,00,1,1,000,000,1,0,1,3,2,12,2,1,9,00,2,8,19,201000009991A01,7,1,1
201000009993,2010-04-29,2010,avril,jeudi,14:30,67,67151,48.699,7.887,2,1,3,1,1,3,2,00,1,1,000,000,1,5,1,4,1,46,5,1,9,00,2,1,1,201000009993A01,7,0,1
201000009999,2010-11-18,2010,novembre,jeudi,13:30,67,67519,0,0,2,1,1,1,1,3,2,00,1,3,070,000,1,0,1,4,2,20,0,1,1,00,2,2,1,201000009999B02,7,24,1
201000010005,2010-04-30,2010,avril,vendredi,90:5,67,67001,0,0,2,1,1,1,1,4,3,00,2,1,000,000,1,0,1,2,1,71,3,1,2,00,2,7,16,201000010005B02,15,1,1
201000010010,2010-10-07,2010,octobre,jeudi,54:5,67,67118,0,0,2,1,3,5,1,3,2,00,1,1,000,000,1,0,4,3,1,50,1,1,9,00,2,2,1,201000010010A01,99,1,1
201000010011,2010-05-21,2010,mai,vendredi,16:05,67,67094,48.314,7.421,2,1,1,1,1,4,2,01,2,1,000,000,1,0,1,4,1,12,2,1,8,00,2,2,15,201000010011B02,38,1,1
201000010012,2010-07-24,2010,juillet,samedi,12:10,67,67445,48.289,7.425,2,1,1,1,1,9,2,00,1,1,000,050,1,0,1,3,1,42,5,1,2,00,0,3,2,201000010012B02,7,16,1
201000010024,2010-07-02,2010,juillet,vendredi,10:15,67,67311,48.274,7.538,2,1,3,1,1,4,2,00,1,1,000,050,1,0,1,3,1,87,5,1,9,00,2,1,1,201000010024A01,7,1,1
201000010026,2010-08-19,2010,août,jeudi,11:45,67,67547,48.2654,7.5955,2,1,2,1,7,3,2,02,1,1,000,063,1,0,1,3,2,58,5,1,9,00,2,4,2,201000010026B02,7,2,1
201000010037,2010-03-15,2010,mars,lundi,16:45,67,67544,49.041,7.958,2,1,6,1,1,3,-1,00,1,3,000,000,1,0,4,4,1,15,2,1,8,00,1,1,18,201000010037A01,,,
201000010054,2010-07-08,2010,juillet,jeudi,21:30,67,67184,48.906,7.981,2,1,1,2,1,4,2,00,-1,1,000,000,-1,0,0,4,1,14,0,1,9,00,0,0,0,201000010054B02,7,1,1
201000010062,2010-11-17,2010,novembre,mercredi,80:0,67,67474,48.946,7.861,2,1,1,1,1,3,2,01,3,-1,000,050,1,0,1,3,2,69,3,1,1,00,0,5,1,201000010062A01,7,0,1
201000010093,2010-09-04,2010,septembre,samedi,15:15,68,68204,48.0175,7.07627,1,1,6,1,1,4,-1,02,1,2,000,025,1,0,5,4,1,60,5,1,2,00,0,3,1,201000010093A01,30,0,1
201000010099,2010-10-07,2010,octobre,jeudi,70:0,68,68143,48.11045,7.42416,2,1,3,2,1,3,2,02,1,1,000,060,1,0,1,3,2,80,5,1,9,00,0,6,19,201000010099B02,30,1,1
201000010100,2010-11-06,2010,novembre,samedi,83:0,68,68008,48.02944,7.44307,2,1,3,1,1,3,2,02,1,1,000,053,1,0,1,4,2,19,1,1,4,00,0,4,19,201000010100B02,7,1,1
201000010104,2010-04-29,2010,avril,jeudi,73:0,68,68310,48.13253,7.31791,1,6,3,1,1,3,1,01,1,2,000,000,1,0,1,3,2,51,1,1,4,00,2,1,1,201000010104B02,7,9,1
201000010106,2010-07-14,2010,juillet,mercredi,16:15,68,68283,48.29212,7.25878,1,1,1,1,1,3,2,02,2,4,000,057,1,0,1,4,1,21,5,1,2,00,2,1,13,201000010106A01,7,1,1
201000010111,2010-08-27,2010,août,vendredi,19:45,68,68298,48.24083,7.17917,2,3,3,2,2,3,2,02,1,1,000,060,2,0,1,3,1,13,3,1,2,00,2,1,19,201000010111B02,7,1,1
201000010115,2010-03-24,2010,mars,mercredi,14:30,68,68155,48.10103,7.31319,1,1,3,1,1,4,2,02,1,1,000,070,1,0,1,3,1,19,5,1,2,00,2,7,19,201000010115B02,10,1,1
201000010118,2010-06-29,2010,juin,mardi,80:0,68,68374,48.08538,7.31989,2,6,3,1,1,4,-1,00,1,2,000,000,1,5,1,3,1,33,1,1,9,00,2,2,0,201000010118B02,10,1,1
201000010120,2010-07-21,2010,juillet,mercredi,19:15,68,68338,48.08579,7.27045,1,3,3,1,1,3,2,02,1,1,000,071,1,0,1,3,1,41,5,1,2,00,2,2,1,201000010120B02,7,15,1
201000010124,2010-10-05,2010,octobre,mardi,11:30,68,68374,48.07189,7.26561,1,1,3,1,1,4,2,02,2,2,000,050,1,0,1,3,1,41,5,1,2,00,2,3,13,201000010124A01,7,21,1
201000010178,2010-07-11,2010,juillet,dimanche,93:0,68,68287,47.96198,7.29311,2,1,1,1,1,4,2,02,2,1,000,000,1,0,0,4,1,39,5,1,2,00,2,1,1,201000010178B02,7,9,1
201000010186,2010-07-15,2010,juillet,jeudi,17:00,68,68154,47.78152,7.34783,2,3,3,1,1,4,2,02,-1,-1,,,-1,0,0,3,2,28,5,1,9,00,2,7,1,201000010186B02,7,23,1
201000010216,2010-03-13,2010,mars,samedi,15:00,68,68348,47.80119,7.11687,2,6,3,1,1,4,1,01,1,2,000,000,1,5,1,4,1,69,5,1,2,00,2,1,1,201000010216B02,7,1,1
201000010218,2010-05-04,2010,mai,mardi,16:15,68,68334,47.80679,7.10082,2,3,1,1,8,4,2,02,1,1,,,1,0,0,3,1,14,5,1,8,00,2,1,1,201000010218B02,7,1,1
201000010223,2010-09-22,2010,septembre,mercredi,16:15,68,68348,47.80323,7.11858,2,1,2,1,1,4,2,02,1,1,000,063,1,0,1,3,1,77,5,1,2,00,2,8,1,201000010223B02,7,17,1
201000010227,2010-08-05,2010,août,jeudi,15:00,68,68063,47.80922,7.18027,2,1,2,1,1,3,2,02,1,1,000,151,1,0,1,3,2,57,5,1,9,00,2,4,1,201000010227B02,7,1,1
201000010242,2010-04-02,2010,avril,vendredi,14:45,68,68314,47.725,7.077,1,1,5,1,1,3,2,02,2,3,000,061,1,0,1,3,2,41,5,1,9,00,2,1,1,201000010242B02,7,17,1
201000010242,2010-04-02,2010,avril,vendredi,14:45,68,68314,47.725,7.077,1,1,5,1,1,3,2,02,2,3,000,061,1,0,1,3,1,10,5,1,9,00,2,1,1,201000010242C03,7,17,1
201000010258,2010-08-03,2010,août,mardi,15:15,51,51482,0,0,2,2,3,1,1,3,2,02,1,1,000,058,1,0,1,3,1,70,5,1,1,00,2,2,1,201000010258B02,21,19,1
201000010268,2010-03-21,2010,mars,dimanche,11:45,51,51251,0,0,2,2,3,1,8,3,2,02,1,1,000,059,1,0,1,3,1,60,5,1,2,00,2,1,21,201000010268B02,7,23,1
201000010269,2010-05-23,2010,mai,dimanche,11:15,51,51630,0,0,2,3,3,1,1,3,2,02,1,1,,060,1,,1,4,1,20,5,1,2,00,2,1,16,201000010269B02,7,1,1
201000010322,2010-09-15,2010,septembre,mercredi,17:45,51,51250,0,0,2,1,1,1,1,4,2,00,-1,3,,065,1,0,1,3,1,10,5,1,8,00,2,1,13,201000010322B02,10,1,1
201000010328,2010-04-09,2010,avril,vendredi,10:30,51,51569,0,0,1,2,3,1,1,3,2,02,1,1,000,060,1,0,1,3,1,58,5,1,2,00,2,1,1,201000010328A01,7,1,1
201000010336,2010-10-03,2010,octobre,dimanche,10:15,51,51391,0,0,1,1,2,1,7,3,2,02,2,1,000,076,1,0,3,3,1,63,5,1,2,00,2,5,2,201000010336B02,7,2,1
201000010340,2010-04-22,2010,avril,jeudi,15:45,51,51028,0,0,1,1,6,1,1,3,2,02,1,1,000,075,1,0,1,1,1,64,5,1,2,14,2,1,2,201000010340A01,1,2,1
201000010340,2010-04-22,2010,avril,jeudi,15:45,51,51028,0,0,1,1,6,1,1,3,2,02,1,1,000,075,1,0,1,3,1,64,5,1,2,00,2,1,2,201000010340B02,1,2,1
201000010348,2010-10-03,2010,octobre,dimanche,18:00,51,51052,0,0,2,2,3,1,1,4,2,02,2,1,,,1,0,1,3,1,7,0,1,1,00,0,7,19,201000010348B02,7,1,1
201000010354,2010-05-14,2010,mai,vendredi,64:5,51,51065,0,0,1,1,6,2,1,4,2,01,1,1,000,036,1,0,1,4,1,20,1,1,4,00,2,1,23,201000010354B02,,,