Num_Acc,date,an,mois,jour,hrmn,dep,com,lat,long,agg,int,col,lum,atm,catr,circ,nbv,prof,plan,lartpc,larrout,surf,infra,situ,grav,sexe,age,trajet,secuexist,equipement,obs,obsm,choc,manv,vehiculeid,typevehicules,manoeuvehicules,numVehicules
201000010389,2010-04-19,2010,avril,lundi,81:5,08,08096,0,-0,2,1,6,1,1,3,2,02,1,1,000,030,1,0,1,3,1,63,5,1,2,00,2,8,1,201000010389A01,7,0,1
201000010393,2010-09-11,2010,septembre,samedi,10:00,08,08263,0,-0,1,2,3,1,1,3,2,02,2,1,000,000,1,5,1,3,1,69,5,1,1,00,2,1,1,201000010393B02,7,1,1
201000010407,2010-05-09,2010,mai,dimanche,11:30,08,08058,0,-0,1,3,3,1,1,3,2,02,4,1,000,063,1,0,1,3,1,55,5,1,1,00,2,8,13,201000010407B02,7,17,1
201000010461,2010-09-22,2010,septembre,mercredi,80:0,08,08048,0,-0,1,1,1,1,1,3,2,02,3,3,000,060,1,0,1,3,1,33,5,1,1,00,2,4,2,201000010461B02,7,2,1
201000010515,2010-08-03,2010,août,mardi,16:00,10,10238,48.2426,4.3531,1,1,5,1,1,3,2,02,1,2,000,080,1,0,1,3,2,18,0,1,9,00,2,4,1,201000010515B02,7,1,1
201000010515,2010-08-03,2010,août,mardi,16:00,10,10238,48.2426,4.3531,1,1,5,1,1,3,2,02,1,2,000,080,1,0,1,3,1,13,0,1,9,00,2,4,1,201000010515C03,7,1,1
201000010554,2010-11-10,2010,novembre,mercredi,16:45,10,10323,48.50731,3.72386,2,2,4,1,2,4,2,02,-1,1,000,079,2,5,1,3,2,77,3,1,2,00,0,1,23,201000010554C02,7,19/1,2
201000010681,2010-06-20,2010,juin,dimanche,15:00,21,21657,47.3471,5.12174,1,1,3,1,8,3,2,02,1,1,000,072,2,0,1,4,1,74,5,1,1,00,0,8,15,201000010681A01,7,1,1
201000010695,2010-07-27,2010,juillet,mardi,14:30,21,21106,47.256,5.103,1,1,1,1,1,9,-1,00,1,1,000,042,1,0,1,1,2,12,5,1,1,00,2,7,14,201000010695B02,30,1,1
201000010710,2010-06-05,2010,juin,samedi,22:30,21,21316,47.3299,5.44906,2,1,2,5,1,3,2,02,1,1,000,047,1,0,1,3,1,21,5,1,4,00,2,4,1,201000010710A01,7,2,1
201000010744,2010-07-19,2010,juillet,lundi,15:45,21,21712,47.0051,4.77582,2,1,6,1,1,4,2,00,2,1,000,000,1,0,3,3,1,71,5,1,2,06,0,1,1,201000010744A01,,,
201000010761,2010-07-25,2010,juillet,dimanche,18:00,21,21210,47.2358,4.57648,1,1,1,1,1,3,2,02,1,1,000,000,1,0,1,3,1,53,5,1,2,00,0,4,2,201000010761B02,7,2,1
201000010829,2010-10-01,2010,octobre,vendredi,17:45,58,58095,0,0,2,1,3,1,1,3,3,02,1,1,000,050,1,0,1,3,1,14,5,1,1,00,2,7,19,201000010829A01,7,1,1
201000010832,2010-08-02,2010,août,lundi,13:15,58,58121,0,0,1,1,2,1,1,3,2,02,1,1,000,078,1,0,1,3,2,67,5,1,1,00,0,4,1,201000010832B02,7,1,1
201000010846,2010-09-11,2010,septembre,samedi,16:00,58,58260,0,0,1,1,3,1,1,3,2,02,1,1,000,000,1,0,1,3,1,46,5,1,2,00,2,1,19,201000010846B02,7,1,1
201000010868,2010-05-26,2010,mai,mercredi,15:45,58,58016,0,0,1,1,2,1,1,3,2,02,1,1,000,061,1,5,1,2,1,78,5,1,4,00,0,4,15,201000010868B02,17,17,1
201000010876,2010-09-01,2010,septembre,mercredi,14:00,58,58108,47.354,3.838,1,1,1,1,1,3,2,02,2,2,000,040,1,0,1,3,1,14,5,1,2,00,2,1,13,201000010876A01,7,1,1
201000010938,2010-08-30,2010,août,lundi,94:5,71,71192,46.87,4.191,2,1,1,1,1,3,2,02,1,1,000,066,1,0,1,3,1,46,5,1,2,00,2,1,1,201000010938B02,7,15,1
201000010940,2010-08-31,2010,août,mardi,16:00,71,71063,46.887,4.307,1,3,3,1,1,3,2,02,2,3,000,064,1,0,1,3,1,61,5,1,2,00,2,1,1,201000010940A01,10,15,1
201000010946,2010-05-10,2010,mai,lundi,17:00,71,71392,0,0,1,2,3,1,1,4,2,02,-1,1,000,041,1,5,0,4,2,63,5,1,2,00,2,1,1,201000010946B02,10,1,1
201000010950,2010-09-06,2010,septembre,lundi,15:15,71,71102,0,0,2,1,1,1,8,4,2,00,1,1,000,051,1,0,1,3,2,54,5,1,2,00,2,1,13,201000010950A01,7,1,1
201000010951,2010-09-20,2010,septembre,lundi,17:15,71,71302,0,0,2,1,1,1,1,3,2,02,2,1,000,060,1,0,1,3,1,74,5,1,2,00,0,0,1,201000010951B02,7,15,1
201000010971,2010-06-07,2010,juin,lundi,19:15,71,71555,0,0,2,1,1,1,1,4,2,00,1,2,000,000,1,0,1,2,1,12,5,1,4,00,0,1,15,201000010971B02,7,1,1
201000011002,2010-10-02,2010,octobre,samedi,11:00,71,71399,0,0,1,1,3,1,1,3,2,02,1,1,000,050,1,0,1,3,2,72,5,1,4,00,0,8,1,201000011002B02,21,1,1
201000011076,2010-03-17,2010,mars,mercredi,13:45,89,89438,0,0,2,3,1,1,1,4,2,02,1,1,,050,1,,,3,1,9,0,1,9,00,2,1,19,201000011076A01,7,1,1
201000011078,2010-04-10,2010,avril,samedi,17:45,89,89013,0,0,2,1,6,1,1,4,2,02,2,2,000,060,1,0,1,3,1,10,5,1,2,01,0,1,14,201000011078A01,,,
201000011088,2010-10-21,2010,octobre,jeudi,15:45,89,89453,0,0,1,6,3,1,1,3,1,02,1,2,000,080,1,5,1,4,1,65,5,1,2,00,2,4,16,201000011088B02,7,9,1
201000011097,2010-07-08,2010,juillet,jeudi,17:00,89,89479,0,0,2,1,1,1,1,3,2,02,1,1,000,050,9,0,1,3,1,61,5,1,9,00,2,7,17,201000011097B02,21,1,1
201000011115,2010-10-06,2010,octobre,mercredi,19:45,89,89026,0,0,1,1,3,3,1,3,2,02,1,1,000,070,1,0,1,3,1,57,9,1,2,00,0,4,1,201000011115A01,2,1,1
201000011127,2010-03-10,2010,mars,mercredi,53:0,89,89263,47.852,3.549,1,1,2,3,1,3,2,03,1,1,000,105,1,0,1,4,1,27,1,1,4,00,2,4,1,201000011127B02,15,1,1
201000011131,2010-04-17,2010,avril,samedi,14:30,89,89282,47.963,3.577,1,1,1,1,1,3,2,02,2,1,000,063,1,0,1,3,1,12,5,1,9,00,2,1,15,201000011131A01,7,1,1
201000011173,2010-05-14,2010,mai,vendredi,12:00,89,89206,47.987,3.413,2,1,3,1,8,4,2,02,1,1,000,050,1,0,1,3,1,8,5,1,2,00,0,1,19,201000011173B02,7,1,1
201000011183,2010-05-08,2010,mai,samedi,90:0,89,89384,0,0,1,1,1,1,1,3,2,02,1,1,000,061,1,0,1,3,1,52,5,1,2,00,2,1,1,201000011183B02,7,17,1
201000011252,2010-03-23,2010,mars,mardi,18:30,25,25418,47.248,6.158,1,1,2,1,7,3,2,00,1,1,000,072,1,0,1,2,2,38,5,1,9,00,2,4,1,201000011252B02,7,1,1
201000011265,2010-02-22,2010,février,lundi,13:30,25,25287,0,0,2,1,1,1,1,4,2,02,2,1,000,060,1,0,1,3,1,36,5,1,2,00,2,1,1,201000011265B02,7,0,1
201000011274,2010-07-06,2010,juillet,mardi,12:15,25,25164,47.221,5.822,2,1,1,1,1,4,2,00,1,3,000,060,1,0,1,3,1,7,5,1,2,00,2,1,19,201000011274B02,7,1,1
201000011301,2010-06-09,2010,juin,mercredi,11:30,25,25367,47.449,6.817,2,9,3,1,1,3,2,02,1,1,000,085,1,0,5,4,1,61,5,1,2,00,2,1,1,201000011301B02,7,15,1
201000011323,2010-04-07,2010,avril,mercredi,14:45,25,25370,47.435,6.784,2,1,3,1,1,3,2,00,1,1,000,059,1,0,1,2,1,54,5,1,2,00,2,8,13,201000011323B02,17,1,1
201000011328,2010-10-26,2010,octobre,mardi,17:30,25,25615,47.376,6.873,2,1,3,1,1,3,2,02,2,1,007,050,1,0,1,3,1,31,5,1,2,00,2,1,1,201000011328B02,7,15,1
201000011334,2010-05-10,2010,mai,lundi,17:45,25,25520,0,0,1,1,1,1,1,4,-1,02,1,3,035,000,1,0,1,3,1,7,5,1,2,00,2,1,1,201000011334B02,7,1,1
201000011335,2010-06-24,2010,juin,jeudi,16:15,25,25094,0,0,2,1,3,1,1,3,2,02,-1,1,000,028,1,0,1,3,1,9,5,1,2,00,2,8,19,201000011335B02,7,1,1
201000011350,2010-12-30,2010,décembre,jeudi,19:15,25,25495,0,0,1,1,7,3,9,4,2,02,-1,-1,000,043,7,0,1,3,1,46,1,1,4,00,0,0,1,201000011350A01,,,
201000011371,2010-05-23,2010,mai,dimanche,11:30,25,25442,0,0,1,3,3,1,1,3,2,02,-1,3,000,074,1,5,0,4,1,40,5,1,2,00,0,7,1,201000011371A01,7,16,1
201000011371,2010-05-23,2010,mai,dimanche,11:30,25,25442,0,0,1,3,3,1,1,3,2,02,-1,3,000,074,1,5,0,4,1,39,0,1,2,00,0,7,1,201000011371A01,7,16,1
201000011409,2010-09-15,2010,septembre,mercredi,18:20,04,04070,0,0,2,1,6,2,1,4,2,02,1,1,000,082,1,0,1,3,1,71,5,1,9,00,2,8,1,201000011409B01,7,1,1
201000011469,2010-10-24,2010,octobre,dimanche,10:00,39,39462,47.127,5.552,1,1,1,1,1,3,2,02,1,1,000,000,2,0,1,3,1,63,0,1,2,00,2,8,0,201000011469B02,7,17,1
201000011526,2010-06-27,2010,juin,dimanche,11:00,70,70516,0,0,1,1,2,1,1,3,2,02,1,1,000,070,1,0,1,3,2,56,5,1,2,00,0,3,15,201000011526B02,33,1,1
201000011530,2010-11-13,2010,novembre,samedi,14:45,70,70219,0,0,2,1,3,1,1,3,2,00,1,1,000,054,1,0,1,3,1,20,4,1,2,00,2,1,19,201000011530A01,7,1,1
201000011540,2010-03-23,2010,mars,mardi,16:00,70,70421,0,0,1,1,2,1,1,3,2,02,1,1,000,062,1,0,1,3,2,9,5,1,1,00,0,4,1,201000011540B02,7,17,1
201000011556,2010-11-17,2010,novembre,mercredi,10:45,70,70447,0,0,2,1,2,1,1,4,2,02,1,1,000,054,1,0,1,3,1,66,5,1,9,00,2,1,19,201000011556A01,7,20,1
201000011571,2010-10-31,2010,octobre,dimanche,13:45,70,70455,0,0,1,1,1,1,2,3,2,00,1,1,000,051,2,0,1,3,1,11,5,1,9,00,2,8,19,201000011571A01,7,1,1
201000011578,2010-06-12,2010,juin,samedi,13:00,70,70414,0,0,1,1,1,1,1,3,2,02,1,1,000,060,1,0,1,3,1,51,5,1,9,00,2,1,1,201000011578B02,7,15,1
201000011589,2010-06-25,2010,juin,vendredi,73:0,70,70497,0,0,1,1,3,1,1,3,2,02,1,3,000,072,1,0,0,3,1,76,5,1,2,00,2,8,19,201000011589A01,33,1,1
201000011599,2010-07-25,2010,juillet,dimanche,16:45,70,70176,0,0,1,1,1,1,1,3,2,02,2,4,000,086,1,0,1,3,1,60,5,1,2,00,2,4,13,201000011599A01,7,1,1
201000011600,2010-08-04,2010,août,mercredi,16:30,70,70470,0,0,1,1,1,1,1,3,2,00,1,1,000,000,1,0,1,3,1,64,5,1,2,00,0,0,1,201000011600B02,7,17,1
201000011622,2010-07-14,2010,juillet,mercredi,10:15,70,70255,0,0,1,1,1,1,1,3,2,00,2,1,000,065,1,0,1,3,1,79,5,1,2,00,2,1,0,201000011622B02,7,17,1
201000011630,2010-10-30,2010,octobre,samedi,16:15,70,70514,0,0,1,1,1,1,2,4,2,01,2,1,000,055,2,0,1,3,1,15,5,1,9,00,2,1,13,201000011630A01,7,1,1
201000011646,2010-08-04,2010,août,mercredi,16:00,90,90081,0,0,2,1,1,1,1,4,-1,00,2,2,000,075,1,0,1,2,1,3,0,1,1,00,2,0,0,201000011646B02,14,1,1
201000011733,2010-07-13,2010,juillet,mardi,10:45,13,13074,43.6464,5.58388,2,1,1,1,1,3,2,02,1,1,000,000,1,0,1,4,1,73,5,1,2,00,2,1,1,201000011733B02,7,1,1
201000011746,2010-09-14,2010,septembre,mardi,19:00,13,13106,0,0,2,1,3,1,1,4,2,01,2,-1,000,000,1,0,1,3,1,13,5,1,1,00,2,1,16,201000011746B02,7,1,1
201000011749,2010-12-11,2010,décembre,samedi,11:30,13,13106,43.403,5.366,2,1,1,1,1,3,2,00,1,2,000,056,1,5,1,4,1,47,5,1,2,00,2,0,1,201000011749B02,7,15,1
201000011771,2010-12-26,2010,décembre,dimanche,16:00,13,13015,43.435,5.41099,2,6,3,1,1,4,1,02,1,2,000,060,1,5,1,3,2,51,5,1,2,00,0,5,1,201000011771B02,7,9,1
201000011803,2010-08-17,2010,août,mardi,60:0,13,13027,0,0,2,1,3,5,1,4,2,02,1,1,000,000,1,0,1,3,1,36,9,1,4,00,2,6,0,201000011803B02,14,19,1
201000011808,2010-11-09,2010,novembre,mardi,16:15,13,13066,43.8434,4.89498,1,2,3,1,1,3,-1,00,-1,1,000,040,1,0,0,3,1,16,5,1,2,00,2,7,19,201000011808B02,7,1,1
201000011814,2010-04-24,2010,avril,samedi,10:30,13,13097,43.6297,4.91912,1,1,4,1,1,3,2,02,1,1,000,074,1,0,1,2,2,49,5,1,2,00,0,4,1,201000011814B02,14/ 7,2,2
201000011825,2010-10-13,2010,octobre,mercredi,19:30,13,13097,0,0,2,1,1,5,1,9,2,00,1,1,000,060,-1,5,1,3,1,45,3,1,1,00,2,1,1,201000011825B02,10,15,1
201000011854,2010-05-20,2010,mai,jeudi,19:00,13,13023,43.232,5.6604,1,1,3,1,1,3,2,02,2,2,000,070,1,0,1,2,1,51,5,1,2,00,2,1,13,201000011854A01,7,1,1
201000011864,2010-02-20,2010,février,samedi,90:0,13,13119,43.2597,5.57149,2,1,5,1,1,3,2,02,-1,1,000,130,1,0,1,4,1,61,5,1,2,00,0,8,1,201000011864B02,7,1,1
201000011864,2010-02-20,2010,février,samedi,90:0,13,13119,43.2597,5.57149,2,1,5,1,1,3,2,02,-1,1,000,130,1,0,1,1,1,65,5,1,2,00,0,8,1,201000011864C03,7,1,1
201000011872,2010-05-22,2010,mai,samedi,19:30,13,13086,43.3356,5.60118,1,1,3,1,1,3,2,00,1,1,000,070,1,0,1,3,1,38,5,1,1,00,2,1,1,201000011872B02,7,15,1
201000011882,2010-01-31,2010,janvier,dimanche,18:45,13,13014,0,0,2,1,1,5,1,4,2,02,1,1,000,000,1,5,1,4,1,16,5,1,1,00,2,1,1,201000011882B02,7,1,1
201000011901,2010-11-09,2010,novembre,mardi,17:15,13,13092,43.5377,5.12033,1,1,6,1,1,3,2,02,1,1,000,000,1,0,3,3,1,62,5,1,2,00,2,8,1,201000011901A01,,,
201000011947,2010-09-11,2010,septembre,samedi,15:45,13,13082,43.7121,5.3483,1,1,2,1,1,3,2,02,1,2,000,065,1,0,1,3,2,13,5,1,1,00,2,4,1,201000011947B02,7,1,1
201000011962,2010-04-10,2010,avril,samedi,14:00,04,04143,43.89,5.91,1,1,5,1,1,3,2,02,1,2,000,000,1,5,1,2,2,80,5,1,2,00,2,8,19,201000011962B02,7,13/1,2
201000011980,2010-08-21,2010,août,samedi,13:15,04,04237,0,0,1,1,3,1,1,3,2,00,1,-1,000,000,1,0,1,3,1,9,5,1,4,00,2,7,19,201000011980A01,7,13,1
201000012019,2010-06-25,2010,juin,vendredi,10:00,04,04197,0,0,2,1,3,1,1,3,2,02,1,2,000,070,1,0,1,3,1,63,5,1,2,00,0,1,2,201000012019B02,7,16,1
201000012035,2010-07-12,2010,juillet,lundi,14:30,04,04222,44.403,6.171,2,1,6,1,1,4,2,02,2,3,000,035,1,0,3,3,1,12,5,1,2,08,0,1,13,201000012035A01,,,
201000012056,2010-07-30,2010,juillet,vendredi,10:15,05,05139,0,0,1,3,3,1,1,3,2,02,1,2,000,070,1,0,1,3,1,43,5,1,2,00,0,1,1,201000012056B02,7,15,1
201000012077,2010-04-13,2010,avril,mardi,23:00,05,05065,0,0,1,1,5,3,1,3,2,02,1,1,000,070,1,0,1,3,1,16,5,1,4,00,0,4,1,201000012077B02,7,1,1
201000012077,2010-04-13,2010,avril,mardi,23:00,05,05065,0,0,1,1,5,3,1,3,2,02,1,1,000,070,1,0,1,3,1,18,5,1,4,00,0,4,1,201000012077C03,7,1,1
201000012145,2010-03-28,2010,mars,dimanche,11:00,06,06161,0,0,2,1,3,1,1,3,2,00,-1,1,000,046,1,0,1,4,1,61,5,1,2,00,2,8,1,201000012145B02,7,16,1
201000012146,2010-04-04,2010,avril,dimanche,16:00,06,06044,43.687,7.117,2,1,1,1,2,3,3,02,1,1,000,119,2,0,1,3,1,14,5,1,2,16,0,1,6,201000012146A01,7,1,1
201000012156,2010-06-23,2010,juin,mercredi,12:00,06,06161,0,0,2,1,3,1,1,3,3,03,1,1,000,000,1,0,4,3,1,42,1,1,1,00,2,1,1,201000012156B02,7,19,1
201000012168,2010-08-11,2010,août,mercredi,10:45,06,06161,43.662,7.117,1,9,3,1,1,3,2,02,1,1,000,060,1,0,1,3,1,72,5,1,9,00,0,7,16,201000012168B02,7,1,1
201000012174,2010-10-12,2010,octobre,mardi,93:0,06,06161,43.633,7.117,2,1,5,1,1,3,2,00,-1,1,000,000,1,0,1,4,1,63,5,1,2,00,2,3,1,201000012174C03,7/ 33,15/17,2
201000012174,2010-10-12,2010,octobre,mardi,93:0,06,06161,43.633,7.117,2,1,5,1,1,3,2,00,-1,1,000,000,1,0,1,4,2,63,5,1,2,00,2,3,1,201000012174D04,7/ 33,15/17,2
201000012210,2010-02-28,2010,février,dimanche,15:45,06,06140,0,0,1,1,1,1,1,3,2,02,-1,2,000,066,1,0,1,3,1,19,5,1,2,00,2,1,5,201000012210A01,7,1,1
201000012214,2010-06-13,2010,juin,dimanche,18:30,06,06003,0,0,1,1,6,1,1,3,2,01,1,1,000,070,1,0,1,3,1,56,5,1,1,16,0,0,14,201000012214A01,,,
201000012216,2010-08-05,2010,août,jeudi,15:45,06,06045,0,0,1,1,7,1,1,3,2,02,-1,4,000,075,1,0,1,2,1,55,5,1,1,00,0,0,1,201000012216A01,,,
201000012217,2010-08-09,2010,août,lundi,21:15,06,06134,0,0,2,1,6,2,1,3,2,02,2,-1,000,000,1,0,3,3,1,10,5,1,1,00,5,1,1,201000012217A01,,,
201000012300,2010-07-24,2010,juillet,samedi,12:00,83,83148,0,0,2,1,5,1,1,2,2,02,1,1,000,000,1,0,1,3,2,49,0,1,1,00,2,4,1,201000012300D04,7,23/2,2
201000012300,2010-07-24,2010,juillet,samedi,12:00,83,83148,0,0,2,1,5,1,1,2,2,02,1,1,000,000,1,0,1,4,2,49,0,1,1,00,2,4,1,201000012300C03,7,23/2,2
201000012314,2010-05-24,2010,mai,lundi,19:15,83,83081,0,0,1,1,3,1,1,3,2,02,1,1,000,070,1,0,1,3,1,10,5,1,2,00,2,1,15,201000012314A01,7,1,1
201000012318,2010-08-12,2010,août,jeudi,10:00,83,83124,0,0,1,1,1,1,1,3,2,02,1,3,000,043,-1,0,1,3,1,47,5,1,2,00,2,1,13,201000012318A01,10,1,1
201000012383,2010-11-06,2010,novembre,samedi,15:30,83,83151,0,0,1,1,3,1,1,3,2,02,1,1,000,065,1,0,1,3,1,11,5,1,2,00,2,3,15,201000012383B02,7,17,1
201000012397,2010-02-15,2010,février,lundi,13:00,83,83104,0,0,2,1,3,1,8,3,2,02,1,1,000,068,1,0,1,3,1,14,5,1,2,00,2,8,19,201000012397A01,7,1,1
201000012413,2010-07-13,2010,juillet,mardi,91:5,83,83108,43.345,5.974,2,1,1,1,1,3,2,02,1,1,070,000,1,5,1,4,1,70,5,1,2,00,2,1,17,201000012413B02,13,16,1
201000012415,2010-07-21,2010,juillet,mercredi,22:15,83,83088,0,0,2,1,1,5,1,4,2,02,1,1,000,040,1,0,1,3,1,19,5,1,2,00,2,1,1,201000012415B02,7,15,1
201000012433,2010-05-18,2010,mai,mardi,10:45,83,83097,0,0,1,1,7,1,1,3,2,02,2,3,000,070,1,0,1,2,1,59,5,1,2,00,0,0,1,201000012433A01,,,
201000012482,2010-08-24,2010,août,mardi,12:00,83,83152,43.275,6.776,1,1,2,1,1,3,2,02,2,4,000,035,1,0,1,3,1,66,5,1,2,00,2,1,2,201000012482B02,7,2,1
201000012488,2010-03-28,2010,mars,dimanche,11:00,83,83043,0,0,1,1,7,1,1,3,2,00,2,4,000,000,1,0,1,3,1,49,5,1,2,02,0,9,1,201000012488A01,,,
201000012502,2010-06-05,2010,juin,samedi,94:5,83,83068,0,0,1,1,3,1,1,3,2,02,1,3,000,065,1,0,1,3,1,58,5,1,2,00,2,7,15,201000012502B02,7,9,1
201000012512,2010-07-21,2010,juillet,mercredi,74:5,83,83042,43.416,6.903,2,6,3,1,1,3,1,01,1,2,000,079,1,5,1,3,1,62,5,1,2,00,2,4,1,201000012512B02,7,9,1
201000012535,2010-05-22,2010,mai,samedi,15:45,83,83115,0,0,1,1,1,1,1,3,2,02,1,2,000,000,1,0,1,3,2,65,5,1,4,00,2,8,1,201000012535B02,7,17,1
201000012559,2010-01-21,2010,janvier,jeudi,15:45,83,83035,0,0,1,1,1,1,1,3,2,02,2,4,000,060,1,0,1,3,1,19,5,1,9,00,2,1,13,201000012559A01,7,1,1
201000012570,2010-08-01,2010,août,dimanche,11:00,83,83016,0,0,1,1,7,1,1,3,2,02,3,1,000,060,1,0,1,3,1,34,5,1,2,00,0,0,1,201000012570A01,,,
201000012585,2010-02-02,2010,février,mardi,10:00,83,83071,43,6,2,6,1,1,1,3,2,00,1,-1,000,057,1,5,1,3,1,73,5,1,1,00,2,4,1,201000012585B02,7,9,1
201000012587,2010-07-19,2010,juillet,lundi,84:5,83,83071,0,0,1,1,1,1,1,3,3,00,-1,1,000,000,1,0,1,2,1,70,5,1,2,00,0,1,0,201000012587B02,14,0,1
201000012590,2010-03-17,2010,mars,mercredi,10:00,83,83112,0,0,2,6,1,1,1,3,1,00,1,-1,000,000,1,0,1,3,2,70,0,1,1,00,2,8,1,201000012590B02,7,16,1
201000012624,2010-05-26,2010,mai,mercredi,15:00,84,84054,43.924,5.033,2,1,3,1,1,3,2,02,1,1,000,073,1,0,1,3,1,17,2,1,1,00,2,3,9,201000012624B02,33,1,1
201000012629,2010-10-20,2010,octobre,mercredi,18:00,84,84054,0,0,1,1,3,1,1,4,2,01,1,1,000,000,1,0,1,3,1,12,9,1,8,00,0,0,0,201000012629B02,7,2,1
201000012632,2010-12-23,2010,décembre,jeudi,19:00,84,84054,0,0,1,1,2,3,2,3,2,02,1,1,000,044,2,0,1,2,1,85,5,1,4,00,2,4,2,201000012632B02,7,1,1
201000012637,2010-06-28,2010,juin,lundi,83:0,84,84141,43.986,4.887,1,6,3,1,1,3,-1,00,1,2,000,100,-1,0,1,3,2,49,1,1,1,00,2,8,23,201000012637B02,17,16,1
201000012679,2010-04-17,2010,avril,samedi,11:45,84,84076,0,0,1,1,2,1,1,3,2,02,1,1,000,058,1,0,1,2,1,74,5,1,2,00,2,4,2,201000012679B02,7,2,1
201000012714,2010-07-11,2010,juillet,dimanche,12:30,84,84069,44.265,5.247,1,1,1,1,1,3,2,00,2,3,000,081,1,0,1,3,1,45,5,1,2,00,2,1,13,201000012714A01,33,1,1
201000012720,2010-12-10,2010,décembre,vendredi,12:15,84,84008,44.146,5.096,2,1,3,1,1,3,2,00,2,1,075,000,1,0,1,3,1,57,5,1,1,00,2,1,1,201000012720B02,7,10,1
201000012734,2010-11-05,2010,novembre,vendredi,11:00,84,84127,0,0,1,6,1,1,1,3,2,02,1,1,074,047,1,0,1,3,1,71,5,1,2,00,2,1,2,201000012734A01,7,23,1
201000012738,2010-04-26,2010,avril,lundi,74:5,84,84019,44.283,4.783,2,3,3,1,7,3,2,00,4,1,000,000,1,0,1,3,1,14,1,1,1,00,2,7,5,201000012738A01,10,16,1
201000012747,2010-10-28,2010,octobre,jeudi,14:00,84,84019,0,0,1,1,3,1,1,4,2,01,1,1,000,000,1,0,1,3,1,14,5,1,1,00,2,1,0,201000012747B02,7,1,1
201000012756,2010-05-18,2010,mai,mardi,17:30,84,84137,0,0,1,1,2,1,1,3,2,02,1,1,000,041,1,0,1,3,1,13,2,1,1,00,2,4,15,201000012756A01,7,1,1
201000012771,2010-08-17,2010,août,mardi,17:45,84,84138,44.408,4.99,1,1,5,1,1,3,2,02,1,1,000,050,1,0,1,3,1,69,5,1,2,00,2,4,2,201000012771B02,33,5/21,2
201000012799,2010-09-21,2010,septembre,mardi,22:15,34,34244,43.66764,4.04559,1,1,2,3,1,2,2,00,1,1,000,100,1,0,1,2,1,20,5,1,4,00,2,4,2,201000012799B02,7,2,1
201000012803,2010-11-04,2010,novembre,jeudi,18:15,34,34058,0,0,1,1,3,2,1,3,2,00,1,1,000,070,1,0,1,3,1,24,5,1,4,00,2,1,1,201000012803A01,7,15,1
201000012822,2010-03-17,2010,mars,mercredi,16:15,34,34145,43.68017,4.14506,2,1,1,1,1,2,2,00,1,1,000,000,1,0,1,3,1,52,5,1,2,00,2,1,1,201000012822B02,7,15,1
201000012826,2010-04-08,2010,avril,jeudi,61:5,34,34145,43.68297,4.15064,2,6,1,5,8,2,-1,00,1,2,000,000,2,5,1,3,2,36,1,1,4,00,2,7,1,201000012826B02,7,9,1
201000012827,2010-05-21,2010,mai,vendredi,84:5,34,34145,43.68951,4.13599,2,1,3,1,1,4,2,02,1,1,049,019,1,0,1,3,1,16,2,1,8,00,2,5,19,201000012827B02,7,1,1
201000012856,2010-03-14,2010,mars,dimanche,10:00,34,34318,43.80443,3.95403,1,1,1,1,1,3,2,02,2,4,000,043,1,2,1,3,1,69,5,1,2,00,2,8,1,201000012856B02,7,1,1
201000012860,2010-08-05,2010,août,jeudi,20:00,34,34322,43.78806,3.834,1,1,1,2,7,3,2,02,1,1,000,054,1,0,1,2,1,52,5,1,2,00,2,1,1,201000012860B02,33,1,1
201000012861,2010-09-16,2010,septembre,jeudi,83:0,34,34322,43.79097,3.85021,1,1,3,1,1,3,2,02,1,1,000,050,1,0,1,3,1,36,5,1,2,00,2,8,1,201000012861B02,7,17,1
201000012863,2010-12-04,2010,décembre,samedi,10:30,34,34276,43.774,3.869,2,6,3,1,1,3,2,02,1,1,000,056,1,5,1,4,1,21,5,1,2,00,2,7,1,201000012863A01,7,1,1
201000012865,2010-01-06,2010,janvier,mercredi,14:45,34,34211,43.575,2.989,1,1,7,1,1,3,2,02,-1,3,000,064,1,0,0,3,1,76,5,1,1,00,0,0,1,201000012865A01,,,
201000012870,2010-03-14,2010,mars,dimanche,11:30,34,34096,43.56317,3.17843,1,1,1,1,1,3,2,00,-1,1,000,130,1,0,1,3,1,74,5,1,2,00,2,4,1,201000012870B02,7,1,1
201000012872,2010-04-05,2010,avril,lundi,18:00,34,34235,43.00853,4.3667,2,9,1,1,1,3,-1,01,1,1,000,059,1,0,1,3,1,13,5,1,2,00,2,3,19,201000012872B02,7,1,1
201000012890,2010-08-28,2010,août,samedi,14:15,34,34052,43.33576,3.04061,1,1,6,1,1,3,2,00,4,1,000,000,1,0,1,2,1,64,5,1,2,00,9,5,2,201000012890A01,,,
201000012895,2010-03-23,2010,mars,mardi,15:30,34,34069,43.37947,3.10929,1,1,5,1,1,3,2,02,-1,1,000,060,1,0,1,1,2,57,5,1,2,00,2,4,1,201000012895C03,7,1,1
201000012895,2010-03-23,2010,mars,mardi,15:30,34,34069,43.37947,3.10929,1,1,5,1,1,3,2,02,-1,1,000,060,1,0,1,2,1,62,5,1,2,00,2,4,1,201000012895B02,7,1,1
201000012906,2010-10-01,2010,octobre,vendredi,16:00,34,34092,43.3841,2.93652,1,1,1,1,1,3,2,01,2,2,000,052,1,0,1,2,1,47,1,1,2,00,2,0,1,201000012906B02,14,1,1