Num_Acc,date,an,mois,jour,hrmn,dep,com,lat,long,agg,int,col,lum,atm,catr,circ,nbv,prof,plan,lartpc,larrout,surf,infra,situ,grav,sexe,age,trajet,secuexist,equipement,obs,obsm,choc,manv,vehiculeid,typevehicules,manoeuvehicules,numVehicules
201000015779,2010-10-27,2010,octobre,mercredi,18:00,06,06029,0,0,2,1,3,2,1,4,2,02,1,1,000,060,1,0,1,4,2,67,0,1,2,00,2,8,1,201000015779B01,7,16,1
201000015798,2010-11-29,2010,novembre,lundi,10:40,06,06030,0,0,2,1,3,1,1,4,1,01,2,1,000,070,1,0,0,4,1,61,0,1,2,00,2,1,0,201000015798B01,7,0,1
201000015813,2010-12-15,2010,décembre,mercredi,14:20,06,06029,0,0,2,1,6,1,1,4,1,01,1,2,000,070,1,0,1,1,1,20,0,1,9,00,2,1,1,201000015813A01,,,
201000015917,2010-06-14,2010,juin,lundi,16:25,06,06069,0,0,2,1,3,1,1,3,2,02,2,1,000,000,1,0,1,4,1,67,0,1,2,00,2,0,1,201000015917B01,7,9,1
201000015949,2010-07-18,2010,juillet,dimanche,19:00,06,06069,0,0,2,1,7,1,1,3,2,02,-1,-1,000,000,1,0,1,4,2,42,0,1,9,00,0,0,0,201000015949A01,,,
201000015957,2010-07-24,2010,juillet,samedi,11:30,06,06069,0,0,2,1,6,1,1,4,2,02,-1,-1,000,000,1,0,1,4,1,64,0,1,2,00,1,0,1,201000015957A01,,,
201000015965,2010-08-04,2010,août,mercredi,16:45,06,06069,0,0,2,1,3,1,1,3,1,01,2,2,000,000,1,0,1,4,1,25,0,1,9,00,0,7,1,201000015965B01,7,0,1
201000016009,2010-09-26,2010,septembre,dimanche,12:15,06,06069,0,0,1,1,2,1,1,4,2,02,1,1,000,000,1,0,1,4,1,36,5,1,9,00,2,1,21,201000016009A01,7,15,1
201000016014,2010-10-04,2010,octobre,lundi,75:0,06,06069,0,0,2,1,3,1,2,3,2,02,2,1,000,000,2,0,1,4,1,24,0,1,9,00,2,1,1,201000016014A01,7,15,1
201000016119,2010-04-02,2010,avril,vendredi,17:10,06,06083,0,0,2,3,3,1,1,3,1,02,1,1,020,120,1,0,1,4,1,30,3,1,2,00,0,8,16,201000016119A01,32,1,1
201000016125,2010-04-15,2010,avril,jeudi,19:40,06,06083,0,0,2,1,6,1,1,9,-1,02,1,1,000,070,1,0,4,1,2,22,0,1,4,00,1,1,1,201000016125A01,,,
201000016134,2010-05-02,2010,mai,dimanche,84:0,06,06104,0,0,2,1,1,1,8,3,2,02,3,1,000,060,2,0,1,3,1,35,9,1,2,00,0,1,1,201000016134A01,7,13,1
201000016178,2010-09-13,2010,septembre,lundi,83:0,06,06083,0,0,2,3,3,1,1,4,2,02,1,1,000,141,1,0,1,3,2,84,5,1,2,00,2,1,1,201000016178B01,7,16,1
201000016225,2010-01-05,2010,janvier,mardi,17:30,06,06088,0,0,1,1,3,1,1,4,1,01,1,1,000,064,1,0,1,4,1,44,1,1,9,00,2,1,0,201000016225A01,7,1,1
201000016229,2010-01-06,2010,janvier,mercredi,18:25,06,06088,0,0,2,1,6,5,1,4,1,03,1,1,000,000,1,0,1,4,1,44,0,1,9,00,2,0,11,201000016229A01,7,1,1
201000016264,2010-01-18,2010,janvier,lundi,10:30,06,06088,0,0,2,1,6,1,1,4,1,03,1,1,000,100,1,0,1,4,2,44,9,1,9,00,2,8,1,201000016264B01,,,
201000016267,2010-01-18,2010,janvier,lundi,16:55,06,06088,0,0,2,1,6,1,1,4,1,02,1,1,000,000,1,0,1,2,2,37,5,1,4,00,0,0,0,201000016267B01,14,0,1
201000016317,2010-02-02,2010,février,mardi,19:00,06,06088,0,0,2,1,1,5,1,4,2,01,1,1,000,000,1,0,5,4,1,30,5,1,2,00,2,1,1,201000016317B01,1,1,1
201000016317,2010-02-02,2010,février,mardi,19:00,06,06088,0,0,2,1,1,5,1,4,2,01,1,1,000,000,1,0,5,4,1,19,5,1,9,00,9,1,1,201000016317A01,1,1,1
201000016344,2010-02-10,2010,février,mercredi,15:40,06,06088,0,0,2,1,3,1,1,4,2,03,1,1,000,087,1,0,1,4,1,62,0,1,9,00,2,6,1,201000016344A01,2,1,1
201000016380,2010-02-24,2010,février,mercredi,84:0,06,06088,0,0,2,1,3,1,1,4,1,01,1,1,000,000,1,0,1,4,1,20,0,1,9,00,2,1,1,201000016380A01,7,16,1
201000016469,2010-03-24,2010,mars,mercredi,15:15,06,06088,0,0,2,2,3,1,1,4,2,02,1,1,000,060,1,0,1,4,1,49,5,1,4,00,2,0,21,201000016469A01,7,2,1
201000016472,2010-03-25,2010,mars,jeudi,16:30,06,06088,0,0,2,3,3,1,1,4,1,02,2,1,003,095,1,0,1,4,2,15,5,1,9,00,2,2,15,201000016472A01,7,1,1
201000016481,2010-03-29,2010,mars,lundi,16:45,06,06088,0,0,2,1,3,1,1,4,1,01,1,1,000,000,1,0,1,4,1,38,1,1,4,00,2,0,2,201000016481B01,7,20,1
201000016496,2010-04-02,2010,avril,vendredi,82:5,06,06088,0,0,2,1,5,1,1,4,2,03,2,1,000,000,1,0,1,4,1,19,1,1,2,14,0,3,3,201000016496B01,7,23/22,2
201000016516,2010-04-09,2010,avril,vendredi,23:0,06,06088,0,0,2,1,6,5,1,4,2,05,1,1,000,000,1,0,1,4,1,22,5,1,2,00,2,2,12,201000016516A01,7,1,1
201000016517,2010-04-09,2010,avril,vendredi,15:15,06,06088,0,0,2,1,3,1,1,4,1,02,1,1,000,050,1,0,1,4,1,51,0,1,9,00,2,3,11,201000016517B01,7,1,1
201000016528,2010-04-13,2010,avril,mardi,10:45,06,06088,0,0,2,3,6,1,1,4,1,02,1,1,000,000,1,0,1,1,1,43,5,1,4,00,1,1,0,201000016528A01,,,
201000016529,2010-04-13,2010,avril,mardi,17:25,06,06088,0,0,2,3,6,1,1,4,2,02,2,1,000,000,1,0,1,4,1,13,0,1,9,00,2,0,0,201000016529A01,7,0,1
201000016577,2010-04-26,2010,avril,lundi,81:5,06,06088,0,0,2,1,3,1,1,4,2,02,1,1,000,000,1,0,1,4,2,44,1,1,4,00,2,7,2,201000016577B01,7,20,1
201000016596,2010-04-30,2010,avril,vendredi,14:45,06,06088,0,0,2,1,6,1,1,4,2,02,1,1,000,000,1,0,1,1,1,52,5,1,9,00,1,1,1,201000016596A01,,,
201000016619,2010-05-07,2010,mai,vendredi,81:0,06,06088,0,0,2,1,6,1,1,4,2,04,1,1,000,000,1,0,1,1,1,20,0,1,9,00,1,1,1,201000016619A01,,,
201000016619,2010-05-07,2010,mai,vendredi,81:0,06,06088,0,0,2,1,6,1,1,4,2,04,1,1,000,000,1,0,1,4,2,49,1,1,9,00,1,1,1,201000016619A01,,,
201000016647,2010-05-18,2010,mai,mardi,10:20,06,06088,0,0,2,1,6,1,1,4,1,01,1,1,000,035,1,0,1,4,1,57,5,1,9,00,2,1,1,201000016647B01,7,22,1
201000016656,2010-05-21,2010,mai,vendredi,12:51,06,06088,0,0,2,1,6,1,1,4,1,02,1,1,000,095,1,0,1,1,1,39,5,1,2,00,1,1,1,201000016656A01,,,
201000016657,2010-05-21,2010,mai,vendredi,13:15,06,06088,0,0,2,2,6,1,1,4,2,02,1,1,000,000,1,4,1,4,1,26,0,1,9,00,2,9,1,201000016657C01,99/ 7,1,2
201000016673,2010-05-28,2010,mai,vendredi,18:35,06,06088,0,0,2,1,6,1,1,4,1,03,1,1,000,000,1,0,1,4,1,53,1,1,2,00,2,1,2,201000016673A01,99,16,1
201000016673,2010-05-28,2010,mai,vendredi,18:35,06,06088,0,0,2,1,6,1,1,4,1,03,1,1,000,000,1,0,1,1,1,23,1,1,9,00,0,0,13,201000016673C01,99,16,1
201000016677,2010-05-29,2010,mai,samedi,19:00,06,06088,0,0,2,1,6,1,1,4,1,02,1,1,000,000,1,0,1,4,2,43,0,1,9,00,2,1,1,201000016677B01,7,24,1
201000016719,2010-06-14,2010,juin,lundi,70:0,06,06088,0,0,2,1,6,1,1,4,2,04,2,1,000,000,1,0,1,1,1,37,4,1,2,00,1,1,1,201000016719A01,,,
201000016732,2010-06-17,2010,juin,jeudi,17:00,06,06088,0,0,2,1,6,1,1,4,2,05,1,1,000,000,1,0,1,4,2,28,5,1,2,00,2,7,15,201000016732A01,7,8,1
201000016733,2010-06-18,2010,juin,vendredi,17:55,06,06088,0,0,2,1,6,2,1,4,2,02,1,1,010,060,1,0,1,2,1,47,0,1,9,00,9,1,1,201000016733A01,,,
201000016757,2010-06-24,2010,juin,jeudi,10:25,06,06088,0,0,2,1,4,1,1,4,1,03,1,1,000,000,1,0,1,4,1,25,5,1,2,00,2,4,1,201000016757B01,7,16/14,2
201000016763,2010-06-26,2010,juin,samedi,18:45,06,06088,0,0,2,1,1,1,1,4,1,01,2,4,000,000,1,0,1,1,1,20,0,1,2,00,2,1,5,201000016763A01,32,1,1
201000016854,2010-07-21,2010,juillet,mercredi,16:20,06,06088,0,0,2,1,6,1,1,4,2,02,1,1,000,000,1,0,4,1,1,22,0,1,9,00,1,1,1,201000016854A01,,,
201000016856,2010-07-22,2010,juillet,jeudi,15:00,06,06088,0,0,2,1,3,1,1,4,1,03,1,1,017,112,1,0,1,4,1,39,5,1,9,00,2,8,0,201000016856A01,7,1,1
201000016876,2010-07-28,2010,juillet,mercredi,33:5,06,06088,0,0,2,1,1,5,1,4,1,01,2,1,000,000,1,0,1,3,1,15,5,1,9,00,2,1,5,201000016876A01,7,1,1
201000016891,2010-08-01,2010,août,dimanche,92:0,06,06088,0,0,2,1,1,1,1,9,2,02,1,2,000,000,1,0,1,4,2,79,0,1,9,00,2,1,1,201000016891A01,1,1,1
201000016891,2010-08-01,2010,août,dimanche,92:0,06,06088,0,0,2,1,1,1,1,9,2,02,1,2,000,000,1,0,1,4,2,34,5,1,9,00,2,1,1,201000016891B01,1,1,1
201000016895,2010-08-02,2010,août,lundi,10:00,06,06088,0,0,2,1,3,1,1,4,1,04,1,1,000,000,1,0,1,4,1,46,5,1,9,00,2,1,1,201000016895B01,14,15,1
201000016900,2010-08-03,2010,août,mardi,83:0,06,06088,0,0,2,1,3,1,1,4,2,02,1,1,000,090,1,0,0,3,1,70,5,1,2,00,2,0,1,201000016900B01,7,9,1
201000016934,2010-08-14,2010,août,samedi,14:5,06,06088,0,0,2,1,2,5,1,4,2,04,1,1,000,000,1,0,1,4,2,26,5,1,4,00,0,0,0,201000016934A01,7,23,1
201000016954,2010-08-25,2010,août,mercredi,16:30,06,06088,0,0,2,2,3,1,1,4,2,02,1,1,000,000,1,0,1,4,1,39,1,1,9,00,2,8,0,201000016954A01,7,1,1
201000017012,2010-09-14,2010,septembre,mardi,15:30,06,06088,0,0,2,2,3,1,1,4,1,01,1,1,000,078,1,0,1,4,2,32,0,1,9,00,2,8,1,201000017012B01,7,1,1
201000017023,2010-09-16,2010,septembre,jeudi,17:15,06,06088,0,0,2,1,3,1,1,4,3,03,1,1,000,072,1,0,1,4,1,14,2,1,9,00,1,0,5,201000017023A01,7,15,1
201000017046,2010-09-22,2010,septembre,mercredi,16:40,06,06088,0,0,1,1,3,1,1,4,1,02,1,1,000,000,1,0,1,3,2,62,5,1,9,00,2,3,1,201000017046B01,7,20,1
201000017048,2010-09-23,2010,septembre,jeudi,10:00,06,06088,0,0,2,3,3,1,1,4,1,01,3,1,000,000,1,0,1,4,1,17,5,1,9,00,2,1,16,201000017048A01,7,1,1
201000017052,2010-09-25,2010,septembre,samedi,17:40,06,06088,0,0,2,1,3,1,1,3,3,04,1,1,025,120,1,0,1,4,1,56,0,1,2,00,2,3,13,201000017052A01,7,1,1
201000017098,2010-10-05,2010,octobre,mardi,12:30,06,06088,0,0,2,1,3,1,1,4,2,06,1,1,000,000,1,0,1,4,1,51,1,1,9,00,2,7,1,201000017098B01,7,15,1
201000017117,2010-10-10,2010,octobre,dimanche,65:0,06,06088,0,0,2,2,3,5,1,4,1,01,1,1,000,000,1,0,1,4,1,26,5,1,9,00,2,9,1,201000017117B01,7,0,1
201000017137,2010-10-18,2010,octobre,lundi,15:10,06,06088,0,0,2,1,3,1,1,4,2,02,1,1,000,000,1,0,5,4,2,60,5,1,9,00,2,7,1,201000017137B01,31,9,1
201000017181,2010-11-04,2010,novembre,jeudi,11:50,06,06088,0,0,2,1,3,1,1,4,2,02,1,1,000,000,1,0,1,4,1,46,5,1,9,00,2,1,1,201000017181B01,7,15,1
201000017195,2010-11-11,2010,novembre,jeudi,14:20,06,06088,0,0,2,2,3,1,1,4,1,01,1,1,000,000,1,0,1,3,1,57,5,1,2,00,2,2,1,201000017195A01,7,1,1
201000017199,2010-11-12,2010,novembre,vendredi,18:00,06,06088,0,0,1,1,3,5,1,4,2,02,-1,1,000,000,1,0,1,3,1,25,0,1,9,00,2,1,1,201000017199A01,7,1,1
201000017260,2010-12-07,2010,décembre,mardi,16:30,06,06088,0,0,1,1,3,1,1,4,2,02,1,1,000,100,1,0,1,3,1,77,5,1,9,00,2,8,9,201000017260B01,33,1,1
201000017282,2010-12-13,2010,décembre,lundi,83:0,06,06088,0,0,2,3,3,1,1,4,1,01,1,1,000,055,1,0,1,4,1,72,0,1,9,00,2,1,1,201000017282B01,7,15,1
201000017305,2010-12-20,2010,décembre,lundi,10:30,06,06088,0,0,2,1,6,1,1,3,2,02,2,3,000,064,1,0,1,1,1,44,1,1,2,00,1,0,1,201000017305A01,,,
201000017306,2010-12-20,2010,décembre,lundi,12:00,06,06088,0,0,2,1,6,1,1,4,2,02,1,1,000,079,1,0,1,1,1,36,0,1,2,00,1,1,1,201000017306A01,,,
201000017342,2010-06-24,2010,juin,jeudi,18:30,58,58207,47.097,3.165,1,1,1,1,1,3,2,02,1,1,000,061,1,0,1,3,1,41,5,1,1,00,0,4,2,201000017342B02,7,2,1
201000017354,2010-04-16,2010,avril,vendredi,90:0,13,13025,43.4896,5.54566,1,1,2,1,7,3,2,00,-1,1,000,070,1,0,1,2,1,62,5,1,2,00,2,4,1,201000017354B02,7,1,1
201000017386,2010-07-05,2010,juillet,lundi,11:45,07,07010,0,0,2,1,1,1,1,4,2,02,2,1,000,068,1,0,1,3,1,67,5,1,2,00,2,1,1,201000017386B01,7,13,1
201000017410,2010-07-05,2010,juillet,lundi,18:00,07,07102,0,0,2,2,3,1,1,4,2,03,1,1,006,095,1,0,1,3,2,52,9,1,2,00,2,1,1,201000017410B01,7,16,1
201000017416,2010-07-24,2010,juillet,samedi,83:0,11,11202,42.854,3.045,2,1,1,1,6,9,2,00,1,1,000,000,1,0,1,4,1,69,5,1,1,00,0,4,1,201000017416B02,14,17,1
201000017444,2010-02-25,2010,février,jeudi,21:45,34,34123,43.61416,3.81558,2,1,3,5,1,3,2,02,2,1,000,059,1,5,1,3,1,38,0,1,8,00,2,1,15,201000017444B02,7,1,1
201000017448,2010-04-05,2010,avril,lundi,13:45,34,34202,43.57809,3.7604,1,1,2,1,1,3,2,00,1,1,000,000,1,0,5,4,1,55,5,1,8,00,0,4,1,201000017448B01,31,2,1
201000017456,2010-11-22,2010,novembre,lundi,83:0,34,34202,43.586,3.757,2,1,3,1,1,4,2,00,1,3,000,050,1,0,1,3,2,11,2,1,2,00,2,1,1,201000017456B02,7,19,1
201000017462,2010-06-21,2010,juin,lundi,17:45,35,35051,48.119,-1.633,2,6,3,1,1,4,3,00,1,-1,034,082,1,0,1,3,2,28,1,1,1,00,2,1,1,201000017462B02,7,16,1
201000017479,2010-09-18,2010,septembre,samedi,12:00,23,23257,45.936,2.052,1,1,1,1,1,4,2,01,2,4,000,024,1,0,1,3,1,6,5,1,2,00,2,1,13,201000017479B02,21,23,1
201000017522,2010-02-01,2010,février,lundi,16:30,69,69064,0,0,2,1,3,1,1,3,2,01,1,1,000,066,1,0,1,3,1,14,2,1,1,00,2,2,1,201000017522A01,38,2,1
201000017526,2010-08-22,2010,août,dimanche,61:0,69,69064,0,0,2,1,6,2,1,4,1,01,1,1,000,000,1,0,3,1,1,21,5,1,2,00,1,1,5,201000017526A01,,,
201000017526,2010-08-22,2010,août,dimanche,61:0,69,69064,0,0,2,1,6,2,1,4,1,01,1,1,000,000,1,0,3,3,1,69,0,1,8,00,1,1,5,201000017526A01,,,
201000017544,2010-09-16,2010,septembre,jeudi,91:5,37,37243,47.3456,0.53041,1,1,2,1,1,3,2,02,1,1,000,055,1,0,1,3,1,54,1,1,2,00,2,4,2,201000017544B02,7,2,1
201000017545,2010-10-12,2010,octobre,mardi,18:30,37,37050,0,0,2,3,6,1,1,4,1,00,1,1,000,000,1,6,1,3,2,10,5,1,1,00,2,8,15,201000017545B02,,,
201000017725,2010-05-16,2010,mai,dimanche,13:00,60,60173,0,0,1,1,5,1,1,3,2,00,2,3,000,051,1,0,3,4,2,31,5,1,2,00,2,8,24,201000017725C03,7,1,1
201000017725,2010-05-16,2010,mai,dimanche,13:00,60,60173,0,0,1,1,5,1,1,3,2,00,2,3,000,051,1,0,3,4,1,31,5,1,2,00,2,8,24,201000017725B02,7,1,1
201000017725,2010-05-16,2010,mai,dimanche,13:00,60,60173,0,0,1,1,5,1,1,3,2,00,2,3,000,051,1,0,3,3,2,3,5,1,2,00,2,8,24,201000017725B02,7,1,1
201000017725,2010-05-16,2010,mai,dimanche,13:00,60,60173,0,0,1,1,5,1,1,3,2,00,2,3,000,051,1,0,3,1,2,6,5,1,2,00,2,3,24,201000017725D04,7,1,1
201000017728,2010-06-23,2010,juin,mercredi,15:45,60,60074,0,0,2,3,3,1,1,3,-1,02,1,1,000,064,1,0,1,3,1,12,5,1,1,00,2,8,1,201000017728B02,14,1,1
201000017798,2010-04-28,2010,avril,mercredi,17:30,21,21408,47.3899,5.02658,1,1,2,1,1,3,2,02,1,3,000,080,1,0,1,3,1,46,5,1,2,00,0,4,17,201000017798B02,7,1,1
201000017803,2010-09-19,2010,septembre,dimanche,91:5,21,21003,47.3577,5.03382,1,6,3,1,1,3,1,01,1,2,000,000,1,5,1,3,1,47,5,1,1,00,2,4,1,201000017803B02,3,9,1
201000017805,2010-10-06,2010,octobre,mercredi,18:30,21,21408,47.4076,5.00378,1,1,1,1,1,3,2,02,1,-1,000,053,1,0,1,3,1,57,5,1,2,00,0,1,15,201000017805B02,7,15,1
201000017839,2010-10-29,2010,octobre,vendredi,15:30,68,68278,47.76748,7.39245,2,2,1,1,1,3,2,02,1,1,000,089,1,5,1,3,1,74,0,1,2,00,2,1,1,201000017839B02,7,15,1
201000017852,2010-08-29,2010,août,dimanche,18:00,53,53226,48.232,-0.944,1,1,7,1,1,3,2,02,2,3,000,050,1,0,1,3,1,83,5,1,2,00,9,0,1,201000017852A01,,,
201000017969,2010-06-26,2010,juin,samedi,10:30,37,37027,0,0,2,1,3,1,1,4,2,02,1,1,000,066,1,0,1,3,1,11,5,1,1,00,2,1,1,201000017969B02,7,15,1
201000017970,2010-07-07,2010,juillet,mercredi,19:00,37,37267,0,0,1,1,7,1,1,4,2,01,1,1,000,053,1,0,1,3,1,47,5,1,2,00,0,0,1,201000017970B02,,,
201000018065,2010-04-14,2010,avril,mercredi,16:57,08,08105,0,-0,2,1,3,1,1,3,2,02,1,1,000,065,1,0,1,3,1,40,1,1,4,00,2,7,17,201000018065A01,7,13,1
201000018068,2010-03-24,2010,mars,mercredi,65:0,08,08105,0,-0,2,1,3,2,1,4,2,04,1,1,000,128,1,0,1,3,1,53,1,1,2,00,2,1,15,201000018068A01,7,1,1
201000018097,2010-06-13,2010,juin,dimanche,94:5,13,13068,43.7176,4.78791,2,2,3,1,1,3,2,02,1,1,000,053,1,5,1,3,1,63,5,1,2,00,2,7,1,201000018097A01,7,1,1
201000018226,2010-04-27,2010,avril,mardi,12:45,38,38485,0,0,2,1,3,1,1,4,2,01,1,-1,000,000,1,5,1,4,1,55,5,1,1,00,2,1,19,201000018226A01,7,1,1
201000018379,2010-04-11,2010,avril,dimanche,10:45,66,66012,0,0,1,6,3,1,7,3,1,01,-1,2,000,000,1,5,1,3,1,63,5,1,2,00,0,7,0,201000018379B02,7,1,1
201000018389,2010-11-15,2010,novembre,lundi,18:00,74,74081,0,0,2,1,3,3,2,4,2,00,1,1,000,070,2,0,5,4,1,24,0,1,4,00,0,1,1,201000018389B02,7,16,1
201000018390,2010-10-28,2010,octobre,jeudi,19:00,74,74169,0,0,2,1,6,2,1,4,2,00,-1,2,000,000,1,0,4,4,1,60,5,1,2,00,2,1,0,201000018390B02,99,0,1
201000018432,2010-07-16,2010,juillet,vendredi,20:00,09,09122,0,0,2,1,1,1,1,4,2,02,1,2,000,055,1,0,1,4,1,9,5,1,9,00,2,1,13,201000018432A01,7,1,1
201000018448,2010-08-22,2010,août,dimanche,17:30,38,38253,45.041,6.13299,1,1,6,1,1,3,2,02,2,2,000,105,1,0,3,3,1,42,5,1,2,04,0,1,1,201000018448A01,,,
201000018488,2010-08-08,2010,août,dimanche,10:30,46,46227,44.3837,1.8318,1,1,3,1,1,3,2,02,-1,-1,000,000,1,0,1,3,1,35,5,1,2,00,2,0,0,201000018488B01,7,17,1
201000018526,2010-08-09,2010,août,lundi,18:15,38,38431,45.2606,5.84443,2,1,1,1,7,3,2,00,2,1,000,060,1,0,1,2,1,56,5,1,2,00,2,1,0,201000018526B02,7,13,1
201000018532,2010-11-30,2010,novembre,mardi,13:45,38,38397,0,0,2,1,3,1,1,2,2,02,1,1,024,064,1,0,1,3,1,17,3,1,4,00,2,8,19,201000018532B02,7,1,1
201000018540,2010-07-06,2010,juillet,mardi,91:5,06,06085,0,0,2,1,5,1,1,3,2,02,2,2,000,000,1,0,1,4,1,49,4,1,2,00,0,4,1,201000018540B02,7,1,1
201000018540,2010-07-06,2010,juillet,mardi,91:5,06,06085,0,0,2,1,5,1,1,3,2,02,2,2,000,000,1,0,1,4,1,47,4,1,2,00,0,4,1,201000018540C03,7,1,1
201000018611,2010-07-20,2010,juillet,mardi,15:45,74,74268,45.861,6.065,1,1,3,1,1,3,2,02,1,1,000,000,1,0,1,3,1,72,5,1,2,00,2,8,1,201000018611B02,7,17,1
201000018638,2010-06-28,2010,juin,lundi,18:30,42,42279,45.51321,4.26349,2,1,3,1,1,3,2,02,1,1,000,078,1,0,1,3,1,49,1,1,2,00,2,1,1,201000018638B02,7,15,1
201000018639,2010-07-09,2010,juillet,vendredi,15:15,42,42256,45.47516,4.14613,1,1,3,1,1,3,2,02,2,1,000,069,1,0,1,3,1,18,0,1,2,00,2,1,9,201000018639B02,7,1,1
201000018691,2010-12-13,2010,décembre,lundi,16:00,31,31588,0,0,2,4,3,1,1,3,2,01,2,2,000,000,1,0,1,4,2,65,5,1,1,00,2,2,1,201000018691A01,10,9,1
201000018697,2010-04-20,2010,avril,mardi,15:15,06,06152,0,0,2,1,1,1,1,3,2,02,1,1,000,064,1,0,1,3,1,23,5,1,2,00,2,1,1,201000018697B02,7,15,1
201000018712,2010-12-01,2010,décembre,mercredi,18:45,06,06018,0,0,2,9,3,2,1,3,2,00,-1,1,000,070,-1,0,1,3,1,27,0,1,4,00,2,1,1,201000018712B02,7,17,1
201000018725,2010-05-14,2010,mai,vendredi,10:15,69,69244,0,0,2,1,6,1,1,4,2,02,-1,2,000,000,1,0,1,4,1,63,3,1,2,00,1,1,1,201000018725A01,,,
201000018748,2010-11-21,2010,novembre,dimanche,11:30,38,38378,45.4364,4.77041,2,6,6,1,2,3,2,02,1,2,000,000,2,5,1,4,2,23,5,1,9,00,0,7,1,201000018748B02,7,0,1
201000018765,2010-08-26,2010,août,jeudi,21:45,74,74022,45.978,6.219,1,1,3,3,1,3,2,02,2,4,000,066,1,0,1,4,1,57,5,1,4,00,1,8,15,201000018765B02,7,1,1
201000018794,2010-06-28,2010,juin,lundi,16:45,78,78233,48.8841,1.98261,1,6,3,1,1,3,2,00,1,-1,000,000,1,0,1,4,1,62,5,1,2,00,2,7,1,201000018794B01,7,9,1
201000018833,2010-07-27,2010,juillet,mardi,16:00,56,56251,0,0,1,1,5,1,1,3,2,02,1,1,100,070,1,0,1,2,2,47,5,1,1,00,0,3,1,201000018833C03,10/ 17,1/15,2
201000018837,2010-09-25,2010,septembre,samedi,11:45,56,56243,47.61818,-2.72143,1,2,3,1,1,4,2,01,1,1,000,000,1,0,1,3,2,16,5,1,1,00,2,1,19,201000018837B02,7,1,1
201000018944,2010-02-24,2010,février,mercredi,85:5,10,10387,48.3043,4.08807,2,4,2,1,1,3,1,05,1,1,000,090,1,0,1,4,1,54,4,1,2,00,2,1,0,201000018944B01,37,15,1
201000018945,2010-02-24,2010,février,mercredi,10:45,10,10387,48.2962,4.07422,2,1,2,1,1,4,1,01,1,1,000,035,1,6,1,4,2,81,5,1,2,00,2,1,1,201000018945B01,10,4,1
201000018947,2010-03-04,2010,mars,jeudi,72:5,10,10357,48.30314,4.09953,2,1,3,1,1,3,2,02,1,1,000,070,1,0,1,4,1,18,2,1,2,00,2,3,15,201000018947B01,30,17,1
201000018952,2010-03-13,2010,mars,samedi,80:5,10,10387,48.28252,4.08967,2,1,1,1,1,4,2,02,1,3,000,070,1,0,1,3,2,77,5,1,2,00,2,0,1,201000018952B01,7,1,1
201000018969,2010-04-19,2010,avril,lundi,19:40,10,10387,48.3116,4.06433,2,2,6,1,1,4,2,02,1,1,000,070,1,0,1,1,1,41,0,1,2,00,2,7,17,201000018969A01,1,1,1
201000018969,2010-04-19,2010,avril,lundi,19:40,10,10387,48.3116,4.06433,2,2,6,1,1,4,2,02,1,1,000,070,1,0,1,3,1,90,0,1,2,00,2,8,1,201000018969B01,1,17,1
201000018970,2010-04-29,2010,avril,jeudi,18:20,10,10387,48.28671,4.08222,2,1,7,1,1,4,1,01,1,1,000,060,1,0,4,4,1,12,0,1,2,00,2,0,0,201000018970B01,7,0,1
201000018971,2010-04-20,2010,avril,mardi,80:5,10,10297,48.31749,4.0976,2,1,6,1,9,4,2,02,1,1,000,070,1,0,1,1,1,15,2,1,2,00,0,1,2,201000018971A01,2,2,1
201000018974,2010-05-18,2010,mai,mardi,80:5,10,10387,0,0,2,6,6,1,1,4,1,02,1,1,000,050,1,5,5,4,1,29,0,1,2,00,2,8,1,201000018974B01,7,16,1
201000018985,2010-06-23,2010,juin,mercredi,12:20,10,10081,0,0,2,1,6,1,1,3,2,02,1,1,000,060,1,0,1,3,1,10,0,1,2,00,2,8,19,201000018985B01,7,2,1
201000018990,2010-07-06,2010,juillet,mardi,21:55,10,10387,48.27212,4.08103,2,3,6,2,1,4,2,02,1,1,000,070,1,0,1,4,1,7,5,1,9,00,2,8,19,201000018990A01,7,1,1
201000018992,2010-07-12,2010,juillet,lundi,94:5,10,10357,48.30362,4.09811,2,5,6,1,1,3,2,04,1,1,000,150,2,5,1,4,1,32,0,1,2,00,2,2,1,201000018992B01,7,15,1
201000018995,2010-07-29,2010,juillet,jeudi,19:45,10,10387,48.3006,4.07547,2,2,7,1,1,3,2,04,1,1,000,140,1,0,1,4,1,14,0,1,2,00,2,1,19,201000018995A01,7,1,1
201000018997,2010-07-30,2010,juillet,vendredi,13:50,10,10387,48.30935,4.0681,2,1,3,1,1,3,1,03,1,1,000,110,1,0,1,4,2,28,0,1,2,00,2,8,11,201000018997A01,2,1,1
201000018999,2010-08-08,2010,août,dimanche,16:40,10,10387,48.29323,4.09311,2,1,6,1,1,4,2,02,1,1,000,070,1,0,1,4,1,5,0,1,2,00,2,7,19,201000018999B01,7,1,1
201000019004,2010-08-24,2010,août,mardi,21:37,10,10081,48.31568,4.04256,2,1,2,2,1,3,1,02,2,1,030,070,1,0,1,4,1,52,1,1,2,00,2,6,2,201000019004B01,7,1,1
201000019005,2010-08-27,2010,août,vendredi,15:50,10,10321,48.28851,4.03599,2,4,3,1,3,3,2,02,1,2,000,070,2,0,1,4,1,65,0,1,2,00,2,8,18,201000019005B01,10,16,1
201000019027,2010-10-12,2010,octobre,mardi,18:20,10,10387,48.30733,4.08201,2,2,3,1,1,4,2,02,1,1,000,070,1,0,1,3,1,30,0,1,2,00,2,3,15,201000019027A01,7,1,1