Num_Acc,date,an,mois,jour,hrmn,dep,com,lat,long,agg,int,col,lum,atm,catr,circ,nbv,prof,plan,lartpc,larrout,surf,infra,situ,grav,sexe,age,trajet,secuexist,equipement,obs,obsm,choc,manv,vehiculeid,typevehicules,manoeuvehicules,numVehicules
201000019031,2010-10-18,2010,octobre,lundi,18:05,10,10387,48.2741,4.08051,2,2,6,1,1,4,2,02,1,1,000,070,1,0,1,4,2,16,0,1,2,00,2,0,16,201000019031B01,7,0,1
201000019038,2010-11-14,2010,novembre,dimanche,13:05,10,10081,48.30414,4.03287,2,2,6,1,2,3,2,03,1,1,000,110,2,0,1,3,1,16,5,1,9,00,2,1,19,201000019038A01,7,1,1
201000019048,2010-05-28,2010,mai,vendredi,13:25,67,67152,48.537,7.691,2,2,3,1,1,3,2,00,2,3,000,000,1,0,5,3,2,53,0,1,9,00,2,1,1,201000019048B02,7,1,1
201000019064,2010-11-19,2010,novembre,vendredi,18:00,67,67389,0,0,1,1,2,3,1,3,2,02,1,1,000,060,1,0,1,3,1,48,1,1,4,00,2,4,1,201000019064B02,7,1,1
201000019073,2010-10-16,2010,octobre,samedi,11:00,06,06148,0,0,1,1,1,1,1,3,2,00,2,3,000,070,1,0,1,3,1,73,5,1,2,00,2,1,1,201000019073B02,7,6,1
201000019089,2010-10-31,2010,octobre,dimanche,16:30,38,38530,45.6121,5.20242,1,6,1,1,3,2,2,02,1,1,000,000,2,0,3,4,1,26,5,1,2,13,2,8,23,201000019089B02,7,19,1
201000019224,2010-02-16,2010,février,mardi,17:30,11,11069,0,0,2,1,1,1,1,4,2,02,1,1,030,020,-1,0,1,4,1,87,5,1,9,00,0,0,0,201000019224B01,7,0,1
201000019279,2010-06-25,2010,juin,vendredi,19:56,11,11069,0,0,1,1,3,1,1,4,2,01,1,1,050,030,1,0,1,4,1,25,0,1,2,00,2,0,1,201000019279B01,7,1,1
201000019296,2010-07-18,2010,juillet,dimanche,18:31,11,11069,0,0,1,1,7,1,1,4,-1,02,2,-1,030,020,1,0,0,4,1,18,5,1,2,00,0,0,1,201000019296A01,,,
201000019300,2010-08-03,2010,août,mardi,93:9,11,11069,0,0,2,2,3,1,1,4,2,04,2,1,000,080,1,0,1,4,1,16,5,1,2,00,2,0,0,201000019300B01,7,15,1
201000019304,2010-08-14,2010,août,samedi,15:30,11,11069,0,0,2,2,3,1,1,4,-1,00,1,-1,015,010,1,0,0,4,1,10,5,1,2,00,2,1,0,201000019304A01,7,0,1
201000019347,2010-04-03,2010,avril,samedi,11:45,11,11076,0,0,2,1,6,1,8,4,2,02,1,1,000,063,1,0,1,4,1,65,5,1,9,00,1,1,1,201000019347A01,,,
201000019351,2010-12-06,2010,décembre,lundi,84:5,11,11076,0,0,2,2,3,1,1,4,2,00,1,1,,,-1,0,1,4,1,41,1,1,9,00,2,1,15,201000019351B01,7,1,1
201000019381,2010-04-07,2010,avril,mercredi,82:0,11,11262,0,0,2,1,6,1,1,4,3,01,1,1,000,050,1,0,1,3,1,88,5,1,8,00,2,3,1,201000019381A01,37,1,1
201000019383,2010-01-22,2010,janvier,vendredi,17:30,11,11262,0,0,2,2,3,1,1,4,1,03,1,1,000,000,1,0,1,4,1,38,5,1,9,00,2,0,1,201000019383B01,7,1,1
201000019409,2010-02-17,2010,février,mercredi,18:15,11,11262,0,0,2,1,6,1,1,4,2,02,1,1,000,000,1,0,1,4,1,20,0,1,9,00,2,9,0,201000019409B01,7,0,1
201000019411,2010-09-08,2010,septembre,mercredi,17:25,11,11262,0,0,2,6,3,1,1,3,1,02,1,-1,000,000,1,0,1,4,1,30,5,1,2,00,2,8,1,201000019411B01,7,16,1
201000019443,2010-04-01,2010,avril,jeudi,17:10,11,11262,0,0,2,1,2,1,1,4,2,02,1,1,000,000,1,0,1,4,2,15,0,1,2,00,2,0,0,201000019443A01,7,2,1
201000019464,2010-06-03,2010,juin,jeudi,16:40,11,11262,0,0,2,1,7,1,1,4,2,02,1,1,000,070,1,0,1,3,1,89,0,1,2,00,0,0,0,201000019464A01,,,
201000019485,2010-07-16,2010,juillet,vendredi,25:0,11,11262,0,0,2,1,7,5,1,3,3,04,1,1,000,000,1,0,4,4,1,18,1,1,4,00,0,0,1,201000019485A01,,,
201000019492,2010-07-26,2010,juillet,lundi,22:45,11,11262,0,0,2,1,6,5,1,4,-1,02,1,1,000,000,1,0,1,4,1,21,0,1,4,00,2,0,0,201000019492B01,7,0,1
201000019497,2010-08-15,2010,août,dimanche,85:5,11,11262,0,0,2,6,3,1,1,3,1,02,1,-1,000,090,1,0,1,3,2,45,5,1,2,00,2,8,1,201000019497B01,7,0,1
201000019518,2010-10-21,2010,octobre,jeudi,13:55,11,11262,0,0,2,1,2,1,1,4,2,02,1,1,000,000,1,0,1,4,2,39,0,1,9,00,2,1,2,201000019518A01,7,2,1
201000019583,2010-01-23,2010,janvier,samedi,17:15,74,74240,0,0,1,1,7,1,1,3,2,01,2,1,000,041,2,0,3,3,1,55,5,1,2,00,0,0,1,201000019583A01,,,
201000019635,2010-04-23,2010,avril,vendredi,13:15,12,12145,0,0,2,3,6,1,8,4,1,01,1,1,000,080,1,0,1,3,1,52,1,1,9,01,0,3,2,201000019635B01,7,24,1
201000019637,2010-05-18,2010,mai,mardi,18:30,12,12145,0,0,2,1,2,1,1,4,-1,01,1,-1,000,000,1,0,1,3,1,80,5,1,9,00,0,4,2,201000019637B01,7,2,1
201000019642,2010-07-08,2010,juillet,jeudi,90:5,12,12145,0,0,2,1,3,1,1,4,-1,02,2,-1,000,000,-1,0,5,3,2,50,1,1,2,00,0,8,15,201000019642B01,7,15,1
201000019643,2010-07-19,2010,juillet,lundi,75:5,12,12145,0,0,2,1,3,1,7,4,2,02,3,3,031,048,1,0,1,3,1,38,1,1,9,00,2,1,2,201000019643B01,10,11,1
201000019656,2010-03-21,2010,mars,dimanche,13:50,12,12202,0,0,2,1,3,1,1,4,1,01,2,1,000,045,1,0,1,3,1,56,5,1,2,00,2,3,1,201000019656B01,7,17,1
201000019671,2010-06-17,2010,juin,jeudi,20:20,12,12202,0,0,2,6,3,2,1,4,1,02,1,1,000,080,1,0,1,3,1,55,5,1,2,00,2,4,1,201000019671B01,7,1,1
201000019764,2010-03-18,2010,mars,jeudi,17:45,13,13001,0,0,2,1,6,1,1,4,2,02,2,3,000,000,1,0,1,3,1,46,5,1,2,00,2,1,1,201000019764A01,7,23,1
201000019773,2010-03-27,2010,mars,samedi,12:25,13,13001,43.5302,5.41026,2,6,3,1,1,3,1,02,1,2,000,000,1,0,1,3,1,76,5,1,9,00,2,0,0,201000019773B01,7,9,1
201000019791,2010-04-26,2010,avril,lundi,10:10,13,13001,43.5163,5.46672,2,6,3,1,1,3,1,02,1,-1,000,000,1,5,1,3,1,62,5,1,9,00,0,1,1,201000019791B01,7,12,1
201000019820,2010-05-25,2010,mai,mardi,81:8,13,13001,0,0,1,1,6,1,1,4,1,01,2,3,000,029,1,0,1,4,1,64,5,1,2,00,2,8,0,201000019820B01,7/ 33,1/18,2
201000019882,2010-08-08,2010,août,dimanche,19:30,13,13001,0,0,2,1,6,1,1,4,2,02,2,1,000,080,1,0,1,4,1,43,5,1,2,00,2,1,1,201000019882B01,7,15,1
201000019887,2010-08-19,2010,août,jeudi,11:00,13,13001,0,0,1,1,6,1,1,3,4,01,1,2,000,000,1,5,1,4,1,60,5,1,2,00,0,5,0,201000019887A01,,,
201000019892,2010-08-28,2010,août,samedi,19:50,13,13001,0,0,1,1,3,1,1,3,2,02,1,1,000,046,1,0,1,4,1,17,0,1,9,00,2,4,1,201000019892B01,7,2,1
201000019910,2010-09-20,2010,septembre,lundi,20:00,13,13001,0,0,1,3,3,1,1,3,2,01,1,1,000,000,1,0,1,4,1,43,5,1,2,00,2,4,9,201000019910A01,32,1,1
201000019920,2010-10-01,2010,octobre,vendredi,15:35,13,13001,43.5769,5.4104,1,2,3,1,1,3,2,02,1,1,000,000,1,0,1,3,1,64,5,1,2,00,2,3,16,201000019920B01,7,19,1
201000019921,2010-10-01,2010,octobre,vendredi,17:30,13,13001,0,0,2,1,3,1,1,4,-1,01,-1,-1,000,000,-1,0,1,4,2,51,0,1,2,00,2,0,0,201000019921B01,7,0,1
201000019976,2010-07-27,2010,juillet,mardi,15:15,13,13001,0,0,2,1,2,1,1,4,2,03,2,1,000,085,1,0,1,3,1,30,0,1,9,00,0,0,0,201000019976A01,7,1,1
201000019982,2010-03-11,2010,mars,jeudi,82:5,13,13004,43.6796,4.63385,2,3,6,1,1,4,2,02,1,1,000,078,1,0,1,3,1,10,2,1,2,00,2,1,1,201000019982B01,14,15,1
201000019989,2010-04-21,2010,avril,mercredi,12:55,13,13004,43.6795,4.63389,2,3,3,1,1,4,1,01,1,1,000,000,1,0,1,3,2,25,5,1,9,00,2,1,15,201000019989B01,33,17,1
201000020002,2010-06-12,2010,juin,samedi,19:20,13,13004,0,0,2,1,3,1,1,4,2,02,1,1,000,000,1,0,1,3,2,74,5,1,9,00,2,1,19,201000020002A01,7,1,1
201000020004,2010-06-22,2010,juin,mardi,15:45,13,13004,0,0,2,6,3,1,1,2,2,02,1,1,000,070,1,0,0,3,2,35,5,1,2,00,2,1,1,201000020004B01,7,16,1
201000020019,2010-09-02,2010,septembre,jeudi,10:40,13,13004,0,0,2,1,6,1,1,4,2,02,1,1,000,083,1,0,1,4,2,84,5,1,9,00,2,7,1,201000020019A01,99,0,1
201000020024,2010-10-07,2010,octobre,jeudi,91:0,13,13004,0,0,1,6,3,1,1,4,1,01,1,2,000,082,1,0,1,4,1,62,0,1,2,00,2,8,1,201000020024B01,7,16,1
201000020091,2010-03-24,2010,mars,mercredi,17:10,13,13028,43.1835,5.60161,2,1,3,1,1,4,2,00,1,1,000,000,1,0,1,3,1,62,5,1,2,00,2,3,15,201000020091B01,7,17,1
201000020156,2010-04-06,2010,avril,mardi,18:00,13,13098,0,0,1,9,6,1,1,4,1,01,2,-1,000,000,1,0,1,4,1,8,0,1,9,00,2,9,19,201000020156B01,7,1,1
201000020173,2010-07-22,2010,juillet,jeudi,18:35,13,13047,0,0,1,1,7,1,1,3,-1,02,2,3,000,040,1,0,3,3,1,70,0,1,2,00,0,0,14,201000020173A01,,,
201000020177,2010-08-03,2010,août,mardi,11:10,13,13047,0,0,2,1,2,1,1,4,2,02,1,1,000,091,1,0,1,4,1,59,0,1,2,00,0,1,2,201000020177B01,7,2,1
201000020183,2010-09-01,2010,septembre,mercredi,19:20,13,13063,0,0,1,1,2,1,1,4,2,02,1,1,000,060,1,0,1,4,1,6,5,1,2,00,2,1,19,201000020183A01,7,1,1
201000020284,2010-10-19,2010,octobre,mardi,12:20,13,13054,0,0,2,1,3,1,1,4,-1,02,1,2,000,000,1,0,1,3,2,30,4,1,9,00,0,6,0,201000020284B01,7,16,1
201000020287,2010-11-03,2010,novembre,mercredi,91:0,13,13054,0,0,2,1,7,1,1,4,2,02,1,1,000,000,1,2,4,3,1,64,5,1,9,00,2,0,2,201000020287B01,14,2,1
201000020360,2010-12-02,2010,décembre,jeudi,18:30,13,13055,0,0,2,6,3,5,1,4,1,00,2,2,000,060,1,0,1,4,1,55,5,1,4,00,0,4,1,201000020360B01,7,1,1
201000020463,2010-01-23,2010,janvier,samedi,18:15,13,13055,43.3421,5.42006,2,2,3,4,1,4,2,04,3,1,010,100,1,0,1,4,1,19,0,1,4,00,2,1,19,201000020463B01,7,15,1
201000020467,2010-02-02,2010,février,mardi,83:0,13,13055,0,0,2,1,6,1,1,4,2,02,1,1,000,060,1,0,0,1,1,39,1,1,9,00,1,1,7,201000020467A01,,,
201000020470,2010-12-28,2010,décembre,mardi,10:30,13,13055,0,0,2,1,2,1,1,4,2,02,1,1,000,064,1,0,1,4,1,20,5,1,4,00,2,1,1,201000020470A01,7,1,1
201000020474,2010-12-27,2010,décembre,lundi,17:40,13,13055,0,0,2,1,3,5,1,4,2,06,1,1,000,075,1,0,1,3,2,29,1,1,9,00,2,8,19,201000020474A01,37,8,1
201000020506,2010-02-08,2010,février,lundi,17:15,13,13002,0,0,1,1,6,1,1,3,2,00,2,1,000,000,1,0,1,4,2,51,4,1,9,00,2,0,1,201000020506B01,7,17,1
201000020593,2010-02-22,2010,février,lundi,18:25,13,13055,43.2436,5.38474,2,3,3,5,3,4,2,03,-1,1,000,091,2,0,1,3,2,60,5,1,4,00,2,7,0,201000020593B01,7,0,1
201000020619,2010-02-01,2010,février,lundi,17:00,13,13055,0,0,2,9,3,1,1,4,2,02,1,1,000,065,1,0,1,4,1,52,1,1,9,00,0,2,1,201000020619B01,7,0,1
201000020626,2010-03-06,2010,mars,samedi,16:10,13,13055,0,0,2,1,6,1,1,4,-1,00,-1,1,000,000,1,0,1,4,1,46,0,1,9,00,2,1,1,201000020626B01,10,0,1
201000020657,2010-02-26,2010,février,vendredi,17:15,13,13055,43.2373,5.36357,2,3,3,1,1,4,2,01,1,1,000,000,1,0,1,3,1,32,0,1,9,00,2,1,1,201000020657B01,7,15,1
201000020836,2010-04-05,2010,avril,lundi,21:30,13,13055,0,0,2,1,2,5,1,4,2,00,1,1,000,000,1,0,1,4,2,21,0,1,9,00,2,4,1,201000020836B01,7,1,1
201000020899,2010-04-18,2010,avril,dimanche,15:30,13,13055,0,0,2,1,3,1,1,4,1,01,1,3,000,030,1,0,1,3,1,1,5,1,9,00,2,8,19,201000020899B01,7,1,1
201000020962,2010-04-30,2010,avril,vendredi,17:26,13,13055,0,0,2,1,6,1,1,4,1,00,1,1,000,000,1,0,1,4,1,48,1,1,9,00,2,9,1,201000020962B01,7,0,1
201000021007,2010-04-05,2010,avril,lundi,10:00,13,13055,0,0,2,1,3,1,1,4,2,02,1,1,000,100,1,0,4,3,1,40,5,1,9,00,2,1,0,201000021007B01,7,15,1
201000021013,2010-04-26,2010,avril,lundi,18:05,13,13055,0,0,2,1,6,1,1,4,2,03,2,1,000,110,1,0,0,4,1,28,5,1,2,00,0,0,0,201000021013A01,10,0,1
201000021016,2010-04-18,2010,avril,dimanche,93:0,13,13055,0,0,2,1,1,1,1,4,2,00,1,1,000,000,1,0,1,4,1,60,0,1,9,00,2,1,1,201000021016B01,7,11,1
201000021020,2010-05-02,2010,mai,dimanche,16:30,13,13055,0,0,2,1,1,1,1,4,2,00,1,1,000,000,1,0,1,4,1,39,5,1,9,00,0,1,0,201000021020B01,31,0,1
201000021045,2010-05-04,2010,mai,mardi,92:5,13,13055,0,0,2,1,6,1,1,4,1,00,1,1,000,000,1,0,1,4,1,34,1,1,9,00,2,2,1,201000021045B01,7,1,1
201000021171,2010-05-19,2010,mai,mercredi,14:45,13,13055,0,0,2,1,3,1,1,4,2,00,1,1,000,000,1,0,1,4,1,61,5,1,9,00,2,7,0,201000021171B01,30,3,1
201000021198,2010-05-27,2010,mai,jeudi,15:45,13,13055,0,0,2,1,1,1,1,4,2,02,1,1,000,050,1,0,1,3,1,44,0,1,9,00,2,1,5,201000021198A01,7,0,1
201000021205,2010-05-12,2010,mai,mercredi,18:00,13,13055,0,0,2,1,2,1,1,4,-1,00,1,1,000,000,1,0,1,4,1,14,0,1,9,00,0,4,1,201000021205B01,7,2,1
201000021224,2010-05-02,2010,mai,dimanche,17:50,13,13055,0,0,2,1,1,1,1,4,2,02,1,1,000,065,1,0,1,4,1,11,5,1,9,00,2,1,1,201000021224A01,7,1,1
201000021234,2010-05-28,2010,mai,vendredi,20:20,13,13055,0,0,2,4,2,1,1,4,1,01,2,3,000,035,1,0,1,4,1,21,5,1,9,00,2,4,16,201000021234A01,7,2,1
201000021301,2010-05-28,2010,mai,vendredi,15:00,13,13055,0,0,2,1,6,1,1,4,2,02,1,1,000,000,1,0,1,3,1,33,0,1,9,00,2,8,1,201000021301B01,7,17,1
201000021352,2010-06-11,2010,juin,vendredi,74:5,13,13055,0,0,2,3,2,1,1,4,1,00,1,1,000,000,1,0,1,4,1,39,1,1,9,00,2,6,11,201000021352B01,7,11,1
201000021377,2010-06-08,2010,juin,mardi,11:45,13,13055,0,0,2,2,3,1,1,3,4,00,1,1,000,000,1,0,1,4,1,24,0,1,2,00,0,1,0,201000021377B01,7,15,1
201000021422,2010-06-25,2010,juin,vendredi,17:50,13,13002,0,0,2,3,3,1,1,4,3,02,2,1,020,060,1,0,1,4,1,44,5,1,9,00,2,1,18,201000021422A01,7,15,1
201000021537,2010-07-02,2010,juillet,vendredi,84:5,13,13055,0,0,2,1,2,1,1,4,2,00,1,1,000,000,1,0,1,4,1,38,0,1,9,00,2,4,1,201000021537B01,30,1,1
201000021544,2010-04-08,2010,avril,jeudi,14:30,13,13055,0,0,2,1,3,1,1,4,1,01,1,2,000,035,1,0,1,3,1,18,5,1,9,00,2,1,0,201000021544B01,7,5,1
201000021556,2010-07-11,2010,juillet,dimanche,19:50,13,13055,0,0,2,1,3,1,1,4,2,02,1,1,000,030,1,0,1,4,1,13,5,1,9,00,2,8,19,201000021556B01,7,2,1
201000021660,2010-07-17,2010,juillet,samedi,18:30,13,13055,0,0,2,3,1,1,1,4,2,00,1,1,000,000,1,0,1,4,2,28,0,1,9,00,0,2,0,201000021660B01,7,0,1
201000021752,2010-04-22,2010,avril,jeudi,18:50,13,13055,0,0,2,1,3,1,1,4,2,02,1,1,052,130,1,0,1,4,1,57,5,1,2,00,2,1,17,201000021752B01,7,6,1
201000021846,2010-08-19,2010,août,jeudi,83:0,13,13055,0,0,2,1,3,1,1,4,1,01,1,2,280,086,1,5,1,4,1,64,5,1,4,00,2,8,6,201000021846B01,7,16,1
201000021854,2010-06-19,2010,juin,samedi,70:5,13,13055,0,0,2,1,3,2,1,4,2,02,2,1,000,060,1,0,1,4,1,40,5,1,4,00,2,8,2,201000021854B01,7,2,1
201000021908,2010-09-07,2010,septembre,mardi,13:10,13,13055,0,0,2,2,3,1,1,4,2,00,1,1,000,000,1,0,1,4,1,48,5,1,9,00,2,1,14,201000021908A01,7,1,1
201000021925,2010-09-06,2010,septembre,lundi,20:10,13,13055,0,0,2,1,6,5,1,4,2,00,1,1,000,000,1,0,1,4,1,8,5,1,9,00,2,1,1,201000021925B01,7,1,1
201000021983,2010-07-19,2010,juillet,lundi,11:40,13,13055,0,0,2,1,3,1,1,4,2,02,2,1,000,060,1,0,1,3,1,60,3,1,2,00,2,1,0,201000021983B01,7,0,1
201000022009,2010-09-17,2010,septembre,vendredi,19:45,13,13055,0,0,2,3,6,2,1,4,2,00,1,1,000,000,-1,0,1,4,1,36,0,1,2,00,2,1,1,201000022009B01,7,9,1
201000022015,2010-08-21,2010,août,samedi,30:,13,13055,0,0,2,1,6,5,1,4,1,00,1,1,000,000,1,0,1,4,1,50,0,1,9,00,1,0,1,201000022015Z01,,,
201000022109,2010-09-23,2010,septembre,jeudi,91:0,13,13055,0,0,2,1,6,1,1,4,1,00,2,1,000,000,1,0,1,1,1,26,0,1,9,00,1,1,5,201000022109A01,,,
201000022307,2010-08-29,2010,août,dimanche,15:10,13,13055,0,0,2,1,6,1,1,4,2,00,1,1,000,000,1,0,1,4,1,22,0,1,9,00,2,4,1,201000022307B01,7,1,1
201000022328,2010-10-01,2010,octobre,vendredi,21:50,13,13055,0,0,2,6,3,5,1,4,2,00,1,1,000,000,1,0,1,4,2,22,5,1,9,00,2,8,19,201000022328A01,7,1,1
201000022348,2010-10-01,2010,octobre,vendredi,14:10,13,13055,0,0,2,1,6,1,1,4,2,00,1,1,000,000,1,0,1,1,1,17,0,1,9,00,1,1,1,201000022348A01,,,
201000022415,2010-11-04,2010,novembre,jeudi,10:30,13,13055,0,0,2,1,6,1,1,4,1,00,1,1,000,000,1,0,1,4,2,65,9,1,9,00,2,0,0,201000022415B01,30,1,1
201000022527,2010-11-10,2010,novembre,mercredi,17:45,13,13055,0,0,1,1,6,2,1,5,-1,00,1,1,000,000,1,0,1,4,1,38,5,1,4,00,2,0,1,201000022527B01,7,1,1
201000022544,2010-11-19,2010,novembre,vendredi,16:00,13,13055,0,0,1,1,6,1,1,4,2,00,2,1,000,000,1,0,1,4,1,80,4,1,4,00,2,0,1,201000022544B01,7,1,1
201000022551,2010-11-19,2010,novembre,vendredi,23:45,13,13055,0,0,2,3,3,5,1,4,2,02,2,1,000,000,1,0,0,4,2,23,5,1,4,00,2,3,1,201000022551B01,7,15,1
201000022573,2010-11-22,2010,novembre,lundi,21:00,13,13055,0,0,2,3,3,5,1,4,2,02,1,1,000,050,1,0,1,4,1,38,1,1,4,00,2,1,1,201000022573A01,7,15,1
201000022688,2010-11-29,2010,novembre,lundi,19:45,13,13055,0,0,2,1,6,5,1,4,2,02,2,1,000,060,1,0,1,4,1,14,0,1,4,00,2,1,1,201000022688B01,7,12,1
201000022745,2010-12-07,2010,décembre,mardi,72:0,13,13055,0,0,2,3,3,1,1,3,1,01,1,1,000,000,1,0,1,4,1,41,1,1,2,00,2,1,13,201000022745A01,7,15,1
201000022788,2010-01-07,2010,janvier,jeudi,81:5,13,13055,43.2722,5.39133,2,1,6,1,1,3,2,06,1,1,000,164,1,0,1,3,2,45,1,1,9,00,2,7,19,201000022788A01,7,1/23,2
201000022803,2010-01-18,2010,janvier,lundi,12:25,13,13211,0,0,2,6,2,1,1,4,2,02,1,1,040,159,1,0,0,4,1,63,5,1,9,00,2,4,1,201000022803B01,7,1,1
201000022843,2010-01-02,2010,janvier,samedi,10:20,13,13002,43.3415,5.47312,2,1,7,1,1,4,2,02,1,1,000,035,1,0,1,3,1,69,5,1,2,00,0,1,0,201000022843A01,,,
201000022865,2010-01-15,2010,janvier,vendredi,74:5,13,13039,0,0,2,2,3,2,1,4,-1,01,-1,-1,000,090,1,5,1,4,1,46,1,1,9,00,2,5,1,201000022865B01,7,0,1
201000022915,2010-06-06,2010,juin,dimanche,11:40,13,13026,0,0,2,1,3,1,1,4,1,02,1,1,000,000,1,0,1,4,1,30,9,1,9,01,0,1,14,201000022915A01,7,24,1
201000022918,2010-07-27,2010,juillet,mardi,72:0,13,13039,0,0,1,1,3,2,1,4,-1,01,1,2,000,000,1,5,1,3,1,76,3,1,9,00,2,0,9,201000022918A01,33,1,1
201000022952,2010-09-23,2010,septembre,jeudi,11:03,13,13056,0,0,2,1,3,1,1,4,3,02,2,1,000,000,1,0,1,4,1,69,5,1,2,00,2,8,1,201000022952B01,7,14,1
201000023020,2010-10-14,2010,octobre,jeudi,16:50,13,13103,43.6848,5.09389,2,1,3,1,1,3,3,02,1,-1,000,000,1,0,1,4,1,43,2,1,2,00,2,8,1,201000023020B01,7,1,1
201000023025,2010-01-05,2010,janvier,mardi,17:20,13,13108,43.7796,4.68126,1,2,3,3,2,3,2,02,1,1,000,040,2,0,0,2,1,49,1,1,4,00,2,8,15,201000023025B01,10,2,1
201000023041,2010-06-19,2010,juin,samedi,14:00,13,13108,0,0,1,1,3,1,1,3,2,02,1,3,000,063,1,0,1,4,1,71,5,1,9,00,2,8,15,201000023041B01,7,2,1
201000023129,2010-05-29,2010,mai,samedi,21:30,13,13117,0,0,2,1,2,5,1,4,1,01,1,1,000,000,1,0,1,1,1,13,5,1,9,00,2,4,13,201000023129B01,7,2,1
201000023277,2010-03-28,2010,mars,dimanche,10:15,78,78561,48.7286,2.00212,2,3,7,1,2,4,1,01,1,1,000,000,2,0,1,3,2,56,5,1,2,00,0,1,1,201000023277A01,,,
201000023327,2010-01-16,2010,janvier,samedi,17:40,14,14327,49.2049,-0.33471,2,3,3,2,8,4,2,02,1,1,000,070,2,0,1,4,1,39,5,1,1,00,2,1,15,201000023327A01,7,1,1
201000023372,2010-06-18,2010,juin,vendredi,15:45,14,14341,0,0,2,2,3,1,1,4,,,,,,,,,1,3,1,58,4,1,2,00,2,1,1,201000023372B01,7,1,1
201000023382,2010-07-23,2010,juillet,vendredi,18:45,14,14327,0,0,2,1,6,1,7,9,2,01,1,1,000,030,9,0,5,2,1,43,5,1,9,14,0,0,1,201000023382A01,,,
201000023385,2010-07-31,2010,juillet,samedi,10:10,14,14383,0,0,2,6,3,1,1,3,2,02,1,1,000,000,1,5,1,3,2,60,5,1,2,00,2,2,1,201000023385B01,7,9,1
201000023386,2010-08-18,2010,août,mercredi,14:40,14,14327,0,0,2,1,6,1,1,9,2,01,1,1,000,020,1,0,5,3,1,22,5,1,2,00,1,1,1,201000023386A01,,,
201000023396,2010-09-22,2010,septembre,mercredi,18:50,14,14118,0,0,2,6,3,1,1,4,-1,02,1,1,000,000,1,0,0,4,2,37,1,1,9,00,2,7,1,201000023396B01,7,1,1
201000023400,2010-10-11,2010,octobre,lundi,85:5,14,14118,0,0,2,3,3,1,1,4,2,05,2,1,000,000,1,5,1,3,1,16,2,1,2,00,2,1,1,201000023400B01,7,15,1
201000023403,2010-10-22,2010,octobre,vendredi,40:0,14,14118,0,0,2,1,6,5,1,4,2,02,2,1,000,000,1,0,1,4,1,21,1,1,4,00,2,8,1,201000023403A01,99,1,1
201000023419,2010-12-23,2010,décembre,jeudi,19:10,14,14118,0,0,2,1,3,5,1,4,1,02,1,3,000,070,1,0,1,4,1,48,1,1,9,00,2,1,1,201000023419B01,7,9,1
201000023443,2010-10-11,2010,octobre,lundi,18:00,30,30034,43.78143,4.55321,1,1,1,1,1,3,2,00,-1,1,000,080,1,0,1,4,1,31,3,1,1,00,2,8,1,201000023443B02,7,17,1
201000023448,2010-11-04,2010,novembre,jeudi,14:30,30,30356,44.01576,4.42498,1,1,2,1,1,3,2,02,1,2,000,071,1,0,3,2,2,84,5,1,2,00,2,4,23,201000023448B02,7,2,1
201000023536,2010-07-28,2010,juillet,mercredi,16:35,14,14220,0,0,2,2,6,1,1,9,1,01,1,1,000,000,1,0,4,1,1,13,5,1,9,00,1,0,15,201000023536A01,,,
201000023536,2010-07-28,2010,juillet,mercredi,16:35,14,14220,0,0,2,2,6,1,1,9,1,01,1,1,000,000,1,0,4,1,1,15,5,1,9,00,1,0,15,201000023536A01,,,
201000023536,2010-07-28,2010,juillet,mercredi,16:35,14,14220,0,0,2,2,6,1,1,9,1,01,1,1,000,000,1,0,4,1,1,15,5,1,9,00,1,0,15,201000023536A01,,,
201000023536,2010-07-28,2010,juillet,mercredi,16:35,14,14220,0,0,2,2,6,1,1,9,1,01,1,1,000,000,1,0,4,1,1,13,5,1,9,00,1,0,15,201000023536A01,,,
201000023536,2010-07-28,2010,juillet,mercredi,16:35,14,14220,0,0,2,2,6,1,1,9,1,01,1,1,000,000,1,0,4,1,1,15,5,1,9,00,1,0,15,201000023536A01,,,
201000023544,2010-10-10,2010,octobre,dimanche,15:25,14,14715,0,0,2,1,7,1,1,9,2,02,1,1,000,000,1,0,1,4,2,76,5,1,2,00,0,0,21,201000023544B01,7,24,1
201000023559,2010-06-29,2010,juin,mardi,17:45,14,14715,0,0,1,1,6,1,1,3,2,02,1,1,000,000,1,0,1,4,1,59,5,1,2,00,2,1,10,201000023559A01,7,1,1
201000023572,2010-12-06,2010,décembre,lundi,19:00,14,14220,0,0,2,1,2,5,1,9,2,02,1,1,000,000,1,0,1,4,1,20,5,1,2,00,2,1,1,201000023572B01,7,1,1
201000023579,2010-01-30,2010,janvier,samedi,10:00,13,13010,43.9026,4.75169,2,1,3,1,1,3,2,02,1,2,000,078,1,0,1,4,1,43,5,1,1,00,2,1,1,201000023579B02,7,15,1
201000023581,2010-02-24,2010,février,mercredi,16:15,13,13045,0,0,1,1,1,1,1,3,2,03,1,1,000,090,1,5,1,4,1,59,5,1,2,00,2,1,1,201000023581B02,7,15,1
201000023656,2010-04-14,2010,avril,mercredi,19:00,31,31341,43.705,1.319,1,1,2,1,1,3,2,02,1,1,000,000,1,0,1,3,2,35,5,1,4,00,0,0,15,201000023656A01,7,17,1
201000023666,2010-11-16,2010,novembre,mardi,15:30,31,31032,0,0,1,1,2,1,1,4,2,02,1,1,000,063,1,0,1,3,1,66,5,1,1,00,2,4,1,201000023666B02,7,1,1
201000023671,2010-09-22,2010,septembre,mercredi,16:30,25,25265,47.329,5.972,2,1,3,1,1,4,2,00,1,2,000,062,1,0,1,3,1,50,5,1,2,00,2,8,1,201000023671B02,7,17,1