Num_Acc,date,an,mois,jour,hrmn,dep,com,lat,long,agg,int,col,lum,atm,catr,circ,nbv,prof,plan,lartpc,larrout,surf,infra,situ,grav,sexe,age,trajet,secuexist,equipement,obs,obsm,choc,manv,vehiculeid,typevehicules,manoeuvehicules,numVehicules
201000023680,2010-07-04,2010,juillet,dimanche,20:00,95,95637,49.0308,2.0146,2,6,3,1,1,4,2,00,1,1,000,000,1,5,1,3,2,50,5,1,1,14,0,7,15,201000023680B02,7,1,1
201000023693,2010-09-13,2010,septembre,lundi,11:30,95,95134,49.1379,2.248,2,3,1,1,1,3,2,02,1,1,000,090,1,0,5,3,1,70,5,1,4,00,2,3,19,201000023693B02,10,16,1
201000023724,2010-05-04,2010,mai,mardi,17:30,35,35024,48.185,-1.638,2,6,1,1,1,4,1,00,1,-1,000,000,1,0,1,3,2,49,3,1,1,00,2,3,19,201000023724B02,7,12,1
201000023801,2010-10-07,2010,octobre,jeudi,16:20,16,16015,45.643,0.136,2,6,6,1,1,3,1,01,1,2,014,075,1,5,1,4,1,58,5,1,9,00,2,2,16,201000023801B01,10,1,1
201000023827,2010-11-24,2010,novembre,mercredi,13:35,16,16015,45.6515,0.1776,2,2,6,1,1,4,1,01,2,1,000,050,-1,0,1,3,1,55,2,1,2,00,9,1,16,201000023827B01,7,22,1
201000023870,2010-04-24,2010,avril,samedi,1:,16,16102,45.6931,-0.3254,2,6,6,5,1,4,2,02,1,1,000,055,1,0,1,1,1,41,5,1,9,00,1,1,1,201000023870A01,,,
201000023873,2010-06-15,2010,juin,mardi,91:5,16,16102,45.6849,-0.3289,2,6,3,1,1,3,1,01,1,-1,100,080,1,5,1,4,2,22,1,1,9,00,2,1,1,201000023873B01,7,12,1
201000023878,2010-08-28,2010,août,samedi,18:30,16,16089,45.6819,-0.2928,2,6,4,1,1,3,1,02,1,3,400,080,1,5,1,3,1,59,5,1,2,00,2,4,16,201000023878A01,7,2/12,2
201000023889,2010-04-12,2010,avril,lundi,12:45,69,69100,0,0,1,6,6,1,1,3,2,02,1,3,000,000,1,5,1,1,1,24,5,1,2,00,2,5,1,201000023889B02,,,
201000023889,2010-04-12,2010,avril,lundi,12:45,69,69100,0,0,1,6,6,1,1,3,2,02,1,3,000,000,1,5,1,3,1,52,5,1,2,00,2,5,1,201000023889B02,,,
201000023902,2010-01-15,2010,janvier,vendredi,75:5,17,17299,0,0,2,1,2,5,1,4,2,02,2,1,000,059,1,0,1,3,2,51,1,1,4,00,2,4,1,201000023902B01,2,1,1
201000023905,2010-01-20,2010,janvier,mercredi,11:25,17,17449,0,0,1,6,3,1,1,3,2,02,1,1,000,090,2,5,1,3,2,60,5,1,9,00,2,1,1,201000023905B01,7,1,1
201000023912,2010-02-03,2010,février,mercredi,12:00,17,17299,0,0,2,1,2,1,1,4,2,02,1,1,000,070,1,0,1,4,1,50,4,1,4,00,2,4,1,201000023912B01,7,1,1
201000023915,2010-02-20,2010,février,samedi,95:5,17,17299,0,0,2,1,3,1,1,4,2,02,1,1,000,080,1,0,1,4,1,50,5,1,4,00,2,3,15,201000023915A01,33,17,1
201000023922,2010-03-07,2010,mars,dimanche,17:55,17,17449,0,0,2,3,3,1,1,4,2,02,1,1,000,050,1,5,1,4,1,15,5,1,4,00,2,1,1,201000023922A01,7,1,1
201000023937,2010-05-20,2010,mai,jeudi,10:30,17,17299,0,0,2,1,6,1,1,4,2,02,1,1,000,075,1,0,1,4,1,86,5,1,4,00,2,8,1,201000023937B01,7,14,1
201000023943,2010-06-06,2010,juin,dimanche,19:40,17,17299,0,0,2,1,6,1,1,4,2,02,2,1,000,090,1,0,1,4,2,37,0,1,9,01,0,1,1,201000023943A01,,,
201000023950,2010-06-29,2010,juin,mardi,11:40,17,17299,0,0,1,6,7,1,1,4,1,02,1,2,000,100,8,5,1,3,1,62,5,1,2,00,0,8,1,201000023950A01,,,
201000023953,2010-07-07,2010,juillet,mercredi,10:20,17,17299,0,0,2,3,3,1,1,4,2,02,1,1,000,105,1,5,1,4,2,59,5,1,2,00,2,1,1,201000023953B01,7,15,1
201000023961,2010-07-20,2010,juillet,mardi,19:35,17,17299,0,0,2,3,3,1,1,4,2,02,1,1,000,050,1,5,1,4,1,9,5,1,4,00,2,1,1,201000023961A01,7,1,1
201000023962,2010-07-20,2010,juillet,mardi,22:45,17,17299,0,0,2,6,3,5,1,4,1,01,1,2,000,068,1,5,1,4,2,17,5,1,4,00,2,1,1,201000023962A01,7,1,1
201000023971,2010-08-23,2010,août,lundi,11:20,17,17299,0,0,2,6,3,1,1,4,1,01,1,2,000,050,1,5,1,4,2,73,5,1,2,00,2,1,15,201000023971B01,7,17,1
201000023982,2010-09-21,2010,septembre,mardi,19:30,17,17299,0,0,2,6,3,1,1,4,2,02,1,1,000,080,1,5,1,4,1,30,5,1,9,00,2,5,1,201000023982B01,7,1,1
201000023987,2010-10-05,2010,octobre,mardi,11:15,17,17299,0,0,2,3,3,1,2,3,2,00,2,1,000,000,2,0,1,3,2,78,5,1,9,00,2,7,1,201000023987B01,7,22,1
201000024006,2010-11-30,2010,novembre,mardi,18:00,17,17299,0,0,2,1,3,5,1,4,2,02,1,1,000,043,1,0,1,4,2,16,5,1,2,01,0,1,0,201000024006A01,7,22,1
201000024044,2010-02-12,2010,février,vendredi,18:25,17,17300,0,0,2,1,6,5,1,4,-1,02,-1,-1,000,000,-1,0,1,4,1,34,0,1,2,00,2,0,0,201000024044A01,7,0,1
201000024046,2010-02-16,2010,février,mardi,72:7,17,17300,0,0,2,1,2,3,1,9,1,01,1,1,000,000,2,0,1,4,1,17,9,1,9,00,2,8,1,201000024046B01,7,17,1
201000024049,2010-02-18,2010,février,jeudi,64:5,17,17300,0,0,2,9,6,5,1,4,2,02,1,1,000,000,1,0,1,4,1,43,1,1,9,00,2,1,1,201000024049B01,7,1,1
201000024063,2010-03-11,2010,mars,jeudi,80:0,17,17300,0,0,2,1,6,1,1,4,1,01,1,1,000,000,1,0,5,4,2,14,0,1,9,00,1,0,1,201000024063A01,,,
201000024064,2010-03-11,2010,mars,jeudi,10:20,17,17274,0,0,2,1,6,1,1,4,2,02,-1,-1,000,000,-1,0,1,4,1,62,0,1,2,01,0,1,1,201000024064B01,7,24,1
201000024070,2010-03-19,2010,mars,vendredi,11:19,17,17300,0,0,2,1,6,1,1,4,1,02,1,1,000,000,1,0,1,3,2,24,5,1,9,00,2,1,1,201000024070B01,7,1,1
201000024071,2010-03-20,2010,mars,samedi,11:00,17,17300,0,0,2,6,6,1,1,4,2,02,-1,-1,000,000,-1,0,0,4,1,77,0,1,2,00,2,5,1,201000024071B01,7,9,1
201000024073,2010-03-22,2010,mars,lundi,18:11,17,17300,0,0,2,1,1,1,1,4,-1,02,1,1,000,000,1,0,5,4,1,13,0,1,9,00,2,1,1,201000024073A01,1,1,1
201000024073,2010-03-22,2010,mars,lundi,18:11,17,17300,0,0,2,1,1,1,1,4,-1,02,1,1,000,000,1,0,5,1,1,57,0,1,9,00,2,1,1,201000024073B01,1,1,1
201000024086,2010-04-09,2010,avril,vendredi,12:10,17,17300,0,0,2,1,6,1,1,4,1,01,-1,1,000,000,1,0,1,4,2,39,4,1,9,00,2,1,1,201000024086B01,7,22,1
201000024099,2010-04-23,2010,avril,vendredi,84:5,17,17300,0,0,2,1,7,1,1,4,-1,02,-1,-1,000,000,-1,0,0,4,2,14,2,1,2,16,0,0,0,201000024099A01,,,
201000024127,2010-05-16,2010,mai,dimanche,14:05,17,17300,0,0,2,1,7,1,1,4,2,02,-1,-1,000,000,-1,0,0,3,1,35,0,1,2,14,0,0,1,201000024127A01,,,
201000024128,2010-05-17,2010,mai,lundi,18:35,17,17300,0,0,2,1,6,1,1,4,2,02,1,1,000,000,-1,0,1,4,1,19,9,1,9,00,0,0,0,201000024128A01,,,
201000024138,2010-05-26,2010,mai,mercredi,18:25,17,17300,0,0,2,2,3,1,8,4,2,02,1,1,000,000,2,0,1,3,2,21,2,1,9,00,2,8,15,201000024138B01,7,1,1
201000024139,2010-05-26,2010,mai,mercredi,20:05,17,17300,0,0,2,1,7,1,1,4,2,02,-1,-1,000,000,-1,0,1,4,2,61,5,1,2,01,0,1,21,201000024139B01,7,22,1
201000024143,2010-06-01,2010,juin,mardi,13:45,17,17300,0,0,2,1,3,1,1,4,2,02,-1,-1,000,000,-1,0,1,4,1,18,0,1,2,00,2,1,1,201000024143B01,7,1,1
201000024151,2010-06-06,2010,juin,dimanche,20:10,17,17300,0,0,2,1,7,1,1,4,2,02,1,1,000,000,1,0,1,3,1,40,0,1,9,00,0,0,0,201000024151A01,,,
201000024152,2010-06-08,2010,juin,mardi,18:30,17,17300,0,0,2,2,3,1,1,4,2,02,-1,-1,000,000,-1,0,1,4,1,23,0,1,2,00,2,0,0,201000024152B01,7,0,1
201000024161,2010-06-16,2010,juin,mercredi,10:15,17,17028,0,0,2,1,6,1,1,4,2,02,1,1,000,000,1,0,1,3,2,56,9,1,9,00,4,3,1,201000024161B01,7,17,1
201000024162,2010-06-18,2010,juin,vendredi,17:20,17,17291,0,0,2,2,3,1,8,4,-1,02,-1,-1,000,000,2,0,1,4,1,29,0,1,2,00,2,0,13,201000024162B01,7,15,1
201000024166,2010-06-22,2010,juin,mardi,35:0,17,17028,0,0,2,1,2,5,1,4,2,02,1,1,000,000,1,0,1,3,1,25,1,1,2,00,2,4,1,201000024166B01,7,1,1
201000024167,2010-06-22,2010,juin,mardi,35:0,17,17028,0,0,2,1,2,5,1,4,2,02,-1,-1,000,000,-1,0,1,3,1,20,5,1,2,00,2,1,1,201000024167B01,7,1,1
201000024170,2010-06-26,2010,juin,samedi,45:0,17,17300,0,0,2,1,7,5,1,4,1,01,1,1,000,000,1,0,1,4,1,25,0,1,9,16,0,7,0,201000024170A01,,,
201000024173,2010-06-30,2010,juin,mercredi,11:40,17,17300,0,0,2,1,2,1,1,4,2,02,1,1,000,000,1,0,1,4,1,15,9,1,9,00,2,1,1,201000024173A01,7,1,1
201000024178,2010-07-07,2010,juillet,mercredi,10:30,17,17300,0,0,2,1,6,1,1,4,2,02,1,1,000,000,2,0,1,4,1,31,0,1,9,00,0,9,0,201000024178A01,,,
201000024182,2010-07-10,2010,juillet,samedi,19:45,17,17300,0,0,2,1,6,1,1,4,2,02,1,1,000,000,1,0,1,4,1,15,0,1,9,14,0,1,1,201000024182A01,,,
201000024185,2010-07-13,2010,juillet,mardi,81:5,17,17300,0,0,2,1,6,1,1,4,2,02,-1,-1,000,000,-1,0,1,4,2,17,0,1,2,00,2,0,0,201000024185B01,7,0,1
201000024190,2010-07-20,2010,juillet,mardi,20:16,17,17300,0,0,2,1,6,1,1,4,2,02,1,1,000,000,1,0,1,4,2,10,0,1,9,00,2,1,1,201000024190B01,7,17,1
201000024206,2010-08-04,2010,août,mercredi,15:50,17,17300,0,0,2,9,6,1,1,4,2,02,1,1,000,000,1,0,1,4,2,16,5,1,2,00,2,0,1,201000024206A01,33,1,1
201000024208,2010-08-05,2010,août,jeudi,17:15,17,17300,0,0,2,1,6,1,1,4,2,02,1,1,000,000,-1,0,1,1,1,74,0,1,9,00,2,8,1,201000024208A01,1,17,1
201000024208,2010-08-05,2010,août,jeudi,17:15,17,17300,0,0,2,1,6,1,1,4,2,02,1,1,000,000,-1,0,1,4,1,49,9,1,9,00,2,5,17,201000024208B01,1,1,1
201000024211,2010-08-06,2010,août,vendredi,10:24,17,17300,0,0,2,1,2,1,1,4,2,02,1,1,000,000,1,0,1,4,2,31,0,1,9,00,2,2,0,201000024211B01,7,17,1
201000024222,2010-08-20,2010,août,vendredi,14:18,17,17300,0,0,2,1,2,1,1,4,1,02,-1,-1,000,000,-1,0,1,4,2,48,0,1,2,00,2,1,1,201000024222B01,7,1,1
201000024235,2010-08-31,2010,août,mardi,16:22,17,17300,0,0,2,1,6,1,1,4,2,02,1,1,000,000,1,0,1,4,1,16,5,1,2,00,2,8,13,201000024235A01,7,1,1
201000024241,2010-09-13,2010,septembre,lundi,10:35,17,17300,0,0,2,1,1,1,2,4,2,00,-1,1,000,000,-1,0,0,4,2,21,2,1,9,00,2,1,1,201000024241B01,7,21,1
201000024242,2010-09-08,2010,septembre,mercredi,92:0,17,17300,0,0,2,1,2,1,1,4,2,02,1,1,000,000,1,0,1,4,2,69,9,1,9,00,2,1,1,201000024242B01,7,15,1
201000024245,2010-09-11,2010,septembre,samedi,12:30,17,17200,0,0,2,1,2,1,1,4,2,02,1,1,000,000,2,0,1,4,1,51,0,1,9,00,2,8,1,201000024245B01,7,17,1
201000024249,2010-09-14,2010,septembre,mardi,18:55,17,17300,0,0,2,2,6,1,1,4,-1,01,1,-1,000,000,1,0,1,1,2,18,5,1,9,00,1,1,1,201000024249A01,,,
201000024250,2010-09-15,2010,septembre,mercredi,16:40,17,17300,0,0,2,1,1,1,1,4,1,01,1,1,000,000,1,0,1,3,1,12,5,1,9,00,2,1,5,201000024250A01,7,1,1
201000024252,2010-09-16,2010,septembre,jeudi,10:58,17,17300,0,0,2,9,3,1,1,4,2,02,4,1,000,000,1,0,5,3,2,62,1,1,2,00,2,0,1,201000024252B01,7,9,1
201000024255,2010-09-21,2010,septembre,mardi,13:50,17,17300,0,0,2,1,3,1,1,4,-1,01,1,1,000,000,1,0,1,4,1,14,0,1,9,00,2,1,9,201000024255B01,7,1,1
201000024261,2010-09-27,2010,septembre,lundi,93:5,17,17300,0,0,2,6,6,1,1,4,2,02,-1,-1,000,000,-1,0,0,4,2,41,0,1,9,00,2,7,1,201000024261B01,7,9,1
201000024265,2010-10-02,2010,octobre,samedi,14:32,17,17274,0,0,2,6,3,1,1,3,2,02,-1,-1,000,000,-1,0,1,3,1,72,0,1,2,00,2,1,1,201000024265B01,7,9,1
201000024274,2010-10-13,2010,octobre,mercredi,74:5,17,17300,0,0,2,1,6,5,1,4,2,02,1,1,000,000,1,0,1,4,2,14,5,1,9,00,2,7,15,201000024274A01,7,1,1
201000024277,2010-10-16,2010,octobre,samedi,10:20,17,17291,0,0,2,1,2,1,1,4,2,02,1,1,000,000,1,0,1,4,2,75,9,1,9,00,2,4,1,201000024277A01,2,1,1
201000024278,2010-10-19,2010,octobre,mardi,94:0,17,17300,0,0,2,1,7,1,1,4,-1,01,1,1,000,000,1,0,1,4,2,43,4,1,9,00,0,0,0,201000024278A01,,,
201000024286,2010-10-26,2010,octobre,mardi,15:45,17,17200,0,0,2,1,2,1,1,4,1,02,-1,-1,000,000,-1,0,0,4,1,81,0,1,2,00,2,4,1,201000024286B01,7,9,1
201000024291,2010-11-03,2010,novembre,mercredi,73:0,17,17300,0,0,2,1,7,2,2,4,2,02,-1,-1,000,000,-1,0,0,3,1,78,5,1,2,00,0,0,0,201000024291A01,,,
201000024304,2010-11-15,2010,novembre,lundi,16:25,17,17300,0,0,2,6,1,1,1,4,-1,00,1,-1,000,000,1,0,1,4,1,53,1,1,9,00,2,0,0,201000024304B01,7,0,1
201000024306,2010-11-15,2010,novembre,lundi,20:15,17,17300,0,0,2,1,6,3,1,4,2,02,1,1,000,000,1,0,1,4,1,21,0,1,4,00,0,0,1,201000024306B01,7,15,1
201000024307,2010-11-18,2010,novembre,jeudi,10:05,17,17300,0,0,2,1,2,1,1,4,2,02,1,1,000,000,1,0,1,4,1,22,0,1,9,00,2,1,1,201000024307B01,7,23,1
201000024311,2010-11-19,2010,novembre,vendredi,17:00,17,17300,0,0,2,2,3,2,1,4,1,01,1,1,000,000,1,5,1,4,2,16,0,1,4,00,2,0,1,201000024311B01,7,1,1
201000024323,2010-11-30,2010,novembre,mardi,16:12,17,17300,0,0,2,1,3,1,1,4,-1,02,-1,-1,000,000,-1,0,1,4,2,19,0,1,4,00,2,3,11,201000024323B01,7,1,1
201000024328,2010-12-09,2010,décembre,jeudi,10:09,17,17300,0,0,2,6,3,1,1,4,2,02,1,-1,000,000,1,0,5,4,1,54,0,1,9,00,2,8,1,201000024328B01,7,16,1
201000024351,2010-02-16,2010,février,mardi,17:35,17,17306,0,0,2,1,6,1,1,4,2,02,3,1,000,000,1,0,1,4,1,20,5,1,2,00,2,1,1,201000024351C01,7,1,1
201000024351,2010-02-16,2010,février,mardi,17:35,17,17306,0,0,2,1,6,1,1,4,2,02,3,1,000,000,1,0,1,4,1,33,5,1,2,00,2,1,1,201000024351B01,7,1,1
201000024371,2010-04-16,2010,avril,vendredi,15:55,17,17306,0,0,2,2,3,1,1,4,2,02,1,1,000,000,1,0,1,4,1,39,5,1,2,00,2,1,1,201000024371B01,7,0,1
201000024392,2010-06-20,2010,juin,dimanche,17:15,17,17333,0,0,2,1,2,1,1,4,2,02,1,1,000,000,1,0,1,4,2,22,5,1,9,00,2,4,16,201000024392A01,33,1,1
201000024406,2010-07-14,2010,juillet,mercredi,19:25,17,17461,0,0,2,1,3,1,1,4,-1,02,-1,-1,000,000,-1,0,1,4,1,16,0,1,2,00,2,8,0,201000024406B01,7,0,1
201000024409,2010-07-17,2010,juillet,samedi,12:15,17,17306,0,0,2,1,2,1,1,4,-1,02,-1,-1,000,000,-1,0,0,4,1,57,9,1,9,00,2,4,0,201000024409B01,7,0,1
201000024422,2010-07-29,2010,juillet,jeudi,10:56,17,17333,0,0,2,1,2,1,1,4,2,02,1,1,000,000,1,0,1,4,1,64,0,1,2,00,2,4,1,201000024422A01,1,1,1
201000024422,2010-07-29,2010,juillet,jeudi,10:56,17,17333,0,0,2,1,2,1,1,4,2,02,1,1,000,000,1,0,1,4,1,12,5,1,2,00,2,1,1,201000024422B01,1,1,1
201000024430,2010-08-10,2010,août,mardi,12:34,17,17306,0,0,2,1,7,1,1,4,2,02,1,3,000,000,1,0,1,3,1,76,5,1,2,00,0,0,1,201000024430A01,,,
201000024433,2010-08-13,2010,août,vendredi,11:10,17,17306,0,0,2,1,2,1,1,4,2,02,1,1,000,000,1,0,1,4,1,16,5,1,2,00,2,1,1,201000024433B01,7,22,1
201000024455,2010-10-04,2010,octobre,lundi,93:9,17,17306,0,0,2,1,7,2,3,4,2,02,2,1,000,000,1,0,1,3,2,16,2,1,2,00,0,1,1,201000024455A01,,,
201000024457,2010-10-12,2010,octobre,mardi,19:50,17,17306,0,0,2,1,3,2,1,4,-1,02,-1,-1,000,000,-1,0,1,4,2,45,9,1,2,00,2,1,0,201000024457B01,7,0,1
201000024471,2010-12-30,2010,décembre,jeudi,15:00,17,17306,0,0,2,6,6,1,1,4,-1,02,1,-1,000,000,1,0,1,3,1,58,9,1,2,00,2,1,0,201000024471A01,7,1,1
201000024506,2010-04-27,2010,avril,mardi,72:5,17,17415,0,0,1,1,6,1,1,4,1,02,-1,-1,000,050,1,0,1,4,1,59,0,1,9,00,0,7,0,201000024506B01,7,0,1
201000024532,2010-07-10,2010,juillet,samedi,11:40,17,17415,0,0,1,1,6,1,1,4,2,02,-1,-1,000,040,1,0,1,4,1,70,0,1,4,00,2,2,2,201000024532B01,3,2,1
201000024534,2010-08-01,2010,août,dimanche,19:00,17,17415,0,0,2,1,2,1,1,4,2,02,-1,-1,000,060,1,0,1,4,1,71,0,1,9,00,2,1,2,201000024534A01,7,2,1
201000024535,2010-08-10,2010,août,mardi,11:40,17,17415,0,0,2,1,6,1,1,4,2,02,-1,-1,000,060,1,0,1,4,2,62,5,1,4,00,0,8,1,201000024535B01,7,14,1
201000024537,2010-08-15,2010,août,dimanche,13:00,17,17415,0,0,2,1,2,1,1,4,2,02,1,1,000,050,1,0,1,4,1,57,9,1,9,00,2,1,2,201000024537A01,7,2,1
201000024548,2010-10-06,2010,octobre,mercredi,75:5,17,17415,0,0,2,1,6,1,1,4,-1,02,-1,-1,000,040,1,0,1,4,1,18,2,1,4,00,2,1,0,201000024548B01,7,0,1
201000024604,2010-09-01,2010,septembre,mercredi,15:15,30,30302,44.06269,4.64231,2,1,3,1,1,4,2,00,1,1,000,062,1,0,1,2,1,11,5,1,2,00,2,1,19,201000024604B02,7,1,1
201000024608,2010-11-03,2010,novembre,mercredi,16:45,30,30081,44.14824,4.68987,1,1,3,1,1,3,-1,02,2,1,000,000,1,0,1,3,1,51,1,1,2,00,2,6,15,201000024608B02,33,17,1
201000024635,2010-09-15,2010,septembre,mercredi,83:0,83,83132,0,0,2,1,3,1,1,3,2,02,1,1,000,120,1,0,1,3,1,65,5,1,2,00,2,8,15,201000024635A01,7,2,1
201000024715,2010-07-02,2010,juillet,vendredi,21:10,18,18267,47.0256,2.3903,1,1,2,1,1,3,2,02,2,1,000,079,1,0,1,2,1,38,5,1,2,07,2,4,1,201000024715B01,15,1,1
201000024740,2010-08-12,2010,août,jeudi,17:50,18,18205,47.1061,2.35681,2,1,3,1,1,3,2,02,2,1,000,060,1,0,1,4,2,26,5,1,2,00,2,1,1,201000024740B01,10,20,1
201000024748,2010-08-31,2010,août,mardi,74:5,18,18255,47.033,2.31415,1,1,3,1,1,4,-1,02,1,1,000,060,1,0,3,4,1,37,1,1,2,00,2,8,2,201000024748B01,7,2,1
201000024768,2010-10-01,2010,octobre,vendredi,12:05,18,18033,47.0952,2.4234,2,3,2,1,1,4,1,02,2,3,000,070,1,2,1,4,2,76,5,1,9,00,2,4,12,201000024768B01,7,1,1
201000024788,2010-11-03,2010,novembre,mercredi,17:10,18,18033,47.0713,2.38837,2,2,3,1,1,4,2,00,1,1,000,000,1,0,0,4,1,12,0,1,9,00,2,8,11,201000024788A01,7,11,1
201000024813,2010-12-30,2010,décembre,jeudi,13:30,18,18033,47.0791,2.39862,2,1,3,1,1,6,-1,00,1,-1,000,000,1,0,1,4,1,80,5,1,2,00,2,1,1,201000024813A01,7,1,1
201000024825,2010-09-20,2010,septembre,lundi,12:30,83,83091,0,0,2,1,1,1,1,4,2,00,-1,-1,000,000,1,0,1,3,1,43,5,1,9,00,2,1,1,201000024825B02,10,16,1
201000024948,2010-01-13,2010,janvier,mercredi,18:25,18,18279,47.2276,2.07611,2,1,1,5,1,4,2,02,2,1,000,060,1,0,1,4,1,33,9,1,9,00,2,1,1,201000024948B01,7,15,1
201000024956,2010-04-02,2010,avril,vendredi,13:45,18,18279,47.2214,2.06772,2,3,3,1,2,4,2,02,1,1,000,060,2,0,1,3,2,54,0,1,9,00,0,8,15,201000024956B01,2,17,1
201000024999,2010-10-08,2010,octobre,vendredi,15:30,18,18279,47.2213,2.06507,2,1,6,1,1,4,2,02,2,1,000,056,1,0,1,4,1,20,5,1,2,00,2,1,1,201000024999B01,7,15,1
201000025017,2010-05-17,2010,mai,lundi,19:15,72,72008,0,0,2,1,1,1,1,9,2,00,1,1,000,000,1,0,1,3,1,45,9,1,9,00,2,8,11,201000025017B02,7,1,1
201000025039,2010-05-11,2010,mai,mardi,11:45,83,83019,0,0,1,6,1,1,1,3,2,02,1,-1,000,000,1,5,0,3,2,56,5,1,2,00,2,7,1,201000025039B02,15,17,1
201000025043,2010-06-19,2010,juin,samedi,81:5,83,83019,0,0,2,1,3,1,1,4,2,00,1,1,000,000,1,0,0,4,1,55,0,1,2,00,2,0,2,201000025043B02,7,16,1
201000025053,2010-09-13,2010,septembre,lundi,84:5,83,83019,0,0,2,1,1,2,7,3,-1,02,2,1,000,000,1,0,1,3,1,36,1,1,8,00,2,9,1,201000025053B02,7,15,1
201000025064,2010-01-08,2010,janvier,vendredi,75:5,19,19031,45.14676,1.48262,2,6,2,2,1,3,2,03,1,1,000,000,1,0,1,3,1,50,1,1,2,00,2,4,1,201000025064B01,7,9,1
201000025069,2010-01-20,2010,janvier,mercredi,20:15,19,19031,45.16068,1.52317,2,2,3,5,2,4,2,03,1,1,000,000,2,0,1,4,1,15,5,1,4,00,2,1,1,201000025069A01,7,1,1
201000025077,2010-01-29,2010,janvier,vendredi,17:35,19,19031,45.16464,1.49768,2,3,3,2,2,3,2,02,1,1,000,000,2,0,1,4,1,35,0,1,4,00,2,1,1,201000025077B01,7,9,1
201000025115,2010-04-08,2010,avril,jeudi,11:20,19,19031,45.15929,1.53061,2,2,6,1,1,4,2,02,1,1,000,062,1,5,1,4,1,79,5,1,2,00,2,1,1,201000025115A01,7,16,1
201000025116,2010-04-21,2010,avril,mercredi,19:10,19,19031,45.1603,1.53187,2,1,2,1,1,4,1,03,1,1,000,000,1,0,1,3,2,63,0,1,2,00,2,7,1,201000025116B01,7,4,1
201000025121,2010-04-28,2010,avril,mercredi,19:10,19,19031,45.15797,1.55525,2,1,2,1,1,4,2,02,1,1,000,000,1,0,1,4,1,13,5,1,2,00,2,1,2,201000025121A01,7,23,1
201000025160,2010-08-14,2010,août,samedi,12:45,19,19031,45.15892,1.51133,2,6,3,1,1,4,2,02,1,2,000,000,1,0,1,4,2,25,5,1,2,00,2,1,1,201000025160B01,7,17,1
201000025185,2010-10-14,2010,octobre,jeudi,73:5,19,19031,45.1607,1.52269,2,3,3,2,1,4,2,00,1,1,000,000,1,0,1,4,2,42,1,1,2,00,2,0,1,201000025185B01,7,12,1
201000025205,2010-11-22,2010,novembre,lundi,74:0,19,19031,45.15044,1.53703,2,3,3,2,2,4,2,02,1,1,000,000,2,0,1,4,2,16,0,1,9,00,2,1,9,201000025205B01,7,1,1
201000025234,2010-05-25,2010,mai,mardi,13:00,19,19275,45.54202,2.30779,2,1,1,1,1,4,2,02,2,1,000,074,1,0,1,4,1,12,5,1,9,00,2,4,0,201000025234A01,7,1,1
201000025246,2010-07-02,2010,juillet,vendredi,74:5,68,68300,47.77975,7.36491,2,6,3,1,1,3,2,02,1,1,063,077,1,5,5,3,2,53,1,1,9,00,2,1,1,201000025246A01,7,9,1
201000025253,2010-01-14,2010,janvier,jeudi,12:20,21,21054,47.0242,4.82904,2,1,3,1,8,3,2,02,1,1,000,000,1,0,1,3,1,15,2,1,2,00,2,1,9,201000025253A01,7,2,1
201000025266,2010-06-27,2010,juin,dimanche,11:25,21,21054,47.0221,4.83004,2,3,3,1,1,4,2,02,1,1,000,000,1,5,1,4,1,83,5,1,2,00,2,7,1,201000025266A01,7,16,1
201000025270,2010-09-07,2010,septembre,mardi,18:24,21,21054,47.0209,4.84595,2,3,1,1,1,4,1,01,1,1,000,000,1,0,0,4,1,37,5,1,9,00,2,1,5,201000025270A01,7,16,1
201000025271,2010-09-10,2010,septembre,vendredi,85:3,21,21054,0,0,2,1,2,1,1,3,2,02,1,1,000,000,1,0,1,4,1,22,0,1,9,00,2,1,1,201000025271A01,7,16,1
201000025283,2010-01-08,2010,janvier,vendredi,12:24,21,21231,47.3157,5.02787,2,1,2,1,8,3,3,03,1,1,020,085,1,0,1,4,2,33,2,1,2,00,2,1,1,201000025283B01,10,22,1
201000025284,2010-01-08,2010,janvier,vendredi,12:37,21,21231,47.3169,5.03944,2,5,2,1,8,4,1,02,1,1,000,084,1,5,1,4,1,33,1,1,2,00,2,3,1,201000025284A01,7,16,1
201000025287,2010-01-14,2010,janvier,jeudi,80:0,21,21231,47.302,5.01858,2,1,1,1,5,4,2,02,1,1,000,070,2,0,1,4,1,47,1,1,2,00,2,3,1,201000025287B01,7,15,1
201000025320,2010-02-19,2010,février,vendredi,94:3,21,21166,47.2924,5.00932,2,1,2,1,1,4,2,02,1,1,000,090,1,0,1,4,1,16,5,1,2,00,2,1,1,201000025320B01,7,2,1
201000025341,2010-03-13,2010,mars,samedi,12:19,21,21231,47.3245,5.04231,2,1,2,1,1,4,2,02,1,1,000,094,1,0,1,3,1,27,1,1,2,00,2,1,2,201000025341A01,10,23,1
201000025360,2010-03-30,2010,mars,mardi,14:16,21,21231,47.3203,5.0337,2,1,6,1,2,4,1,01,1,1,000,048,2,0,1,1,1,21,5,1,2,00,1,1,1,201000025360A01,,,
201000025363,2010-04-01,2010,avril,jeudi,10:01,21,21231,47.3133,5.05331,2,2,3,1,1,4,2,02,1,1,000,060,1,0,0,4,2,61,3,1,2,00,2,3,23,201000025363B01,10,15,1
201000025369,2010-04-06,2010,avril,mardi,15:31,21,21231,47.3218,5.03955,2,1,6,1,1,4,1,01,1,1,000,060,1,0,1,1,1,31,5,1,2,00,1,1,1,201000025369A01,,,