Num_Acc,date,an,mois,jour,hrmn,dep,com,lat,long,agg,int,col,lum,atm,catr,circ,nbv,prof,plan,lartpc,larrout,surf,infra,situ,grav,sexe,age,trajet,secuexist,equipement,obs,obsm,choc,manv,vehiculeid,typevehicules,manoeuvehicules,numVehicules
201000025371,2010-04-15,2010,avril,jeudi,17:06,21,21278,47.3557,5.03476,2,6,2,1,1,4,1,00,1,2,000,000,1,5,1,1,2,28,5,1,2,00,2,3,1,201000025371A01,2,16,1
201000025372,2010-04-15,2010,avril,jeudi,22:15,21,21231,47.342,5.04466,2,3,3,5,1,3,2,02,1,-1,000,100,1,5,1,1,1,9,5,1,2,00,2,1,16,201000025372A01,7,1,1
201000025372,2010-04-15,2010,avril,jeudi,22:15,21,21231,47.342,5.04466,2,3,3,5,1,3,2,02,1,-1,000,100,1,5,1,4,1,16,5,1,2,00,2,1,16,201000025372A01,7,1,1
201000025373,2010-04-16,2010,avril,vendredi,14:15,21,21231,47.3059,5.0467,2,3,1,1,1,4,-1,00,1,1,000,000,1,0,0,4,1,16,5,1,2,00,2,2,0,201000025373A01,7,1,1
201000025376,2010-04-27,2010,avril,mardi,74:9,21,21231,47.3089,5.03773,2,2,2,1,1,4,2,05,1,1,000,162,1,5,1,4,1,15,2,1,2,00,2,2,1,201000025376B01,15,16,1
201000025377,2010-04-27,2010,avril,mardi,80:6,21,21231,47.3187,5.05154,2,2,2,1,1,4,3,05,1,1,020,160,1,5,5,4,1,56,1,1,2,00,2,3,18,201000025377A01,7,16,1
201000025414,2010-05-29,2010,mai,samedi,12:09,21,21231,47.3439,5.0487,2,3,3,1,1,4,2,01,1,2,000,050,1,5,5,4,1,46,4,1,9,00,2,4,1,201000025414B01,7,15,1
201000025420,2010-06-05,2010,juin,samedi,13:53,21,21231,0,0,2,1,6,1,1,4,2,02,1,1,000,000,1,0,1,3,1,13,5,1,9,00,2,1,19,201000025420B01,7,1,1
201000025440,2010-06-29,2010,juin,mardi,15:31,21,21231,47.3265,5.03806,2,7,3,1,1,4,-1,00,-1,-1,000,000,-1,0,0,4,1,14,5,1,2,00,2,1,19,201000025440B01,7,1,1
201000025464,2010-07-30,2010,juillet,vendredi,13:45,21,21231,47.3089,5.03773,2,2,3,1,1,4,2,03,1,1,000,104,1,5,1,4,2,38,5,1,2,00,2,3,1,201000025464B01,7,16,1
201000025475,2010-08-30,2010,août,lundi,17:29,21,21231,47.3219,5.04354,2,2,3,1,1,4,1,01,1,1,000,042,1,0,1,4,1,51,5,1,2,00,2,2,1,201000025475A01,7,1,1
201000025483,2010-09-06,2010,septembre,lundi,16:22,21,21231,47.3216,5.05447,2,3,3,1,1,4,2,02,1,1,000,082,1,0,1,4,1,53,1,1,2,00,2,1,1,201000025483B01,7,15,1
201000025486,2010-09-10,2010,septembre,vendredi,12:23,21,21231,47.336,5.04922,2,6,3,1,1,4,2,02,1,1,000,080,1,0,1,3,1,42,1,1,2,00,2,2,15,201000025486B01,7,16,1
201000025493,2010-09-20,2010,septembre,lundi,19:12,21,21231,47.3134,5.05451,2,3,6,2,1,4,2,02,2,1,000,086,1,0,4,1,1,20,5,1,2,00,1,2,1,201000025493A01,,,
201000025506,2010-10-07,2010,octobre,jeudi,14:25,21,21231,47.3368,5.05613,2,7,3,1,1,4,2,02,1,1,000,000,1,0,0,4,2,19,2,1,2,00,2,6,0,201000025506B01,31,1,1
201000025518,2010-10-20,2010,octobre,mercredi,13:17,21,21231,47.3375,5.04021,2,3,3,1,1,3,2,02,1,1,000,080,2,5,5,4,1,50,1,1,2,00,2,1,1,201000025518B01,7,15,1
201000025522,2010-10-22,2010,octobre,vendredi,22:10,21,21231,47.3187,5.04046,2,7,3,5,1,4,1,01,1,1,000,000,1,5,0,3,2,27,5,1,2,00,2,3,1,201000025522B01,7,1,1
201000025526,2010-10-27,2010,octobre,mercredi,17:05,21,21231,47.3019,5.01855,2,1,3,1,1,3,2,02,1,-1,000,108,1,0,1,4,1,33,5,1,2,01,0,1,1,201000025526B01,7,20,1
201000025527,2010-10-26,2010,octobre,mardi,18:27,21,21231,47.3232,5.06196,2,3,3,2,1,4,2,02,2,1,000,000,1,5,0,4,1,68,5,1,2,00,2,1,1,201000025527B01,7,16,1
201000025548,2010-03-29,2010,mars,lundi,91:5,42,42271,45.48381,4.56169,2,1,1,1,1,4,2,00,2,4,000,048,1,0,1,4,1,60,0,1,2,00,0,1,1,201000025548B02,7,13,1
201000025551,2010-05-28,2010,mai,vendredi,16:15,42,42085,45.42903,4.58005,1,1,1,1,1,3,2,00,2,2,000,000,-1,0,1,3,1,59,0,1,2,00,2,1,5,201000025551A01,10,1,1
201000025552,2010-05-31,2010,mai,lundi,16:45,42,42308,45.44727,4.58365,2,1,3,1,1,3,-1,00,-1,1,000,100,1,0,1,3,2,56,5,1,2,00,2,3,1,201000025552B02,7,15,1
201000025559,2010-05-01,2010,mai,samedi,17:00,22,22050,48.45071,-2.04407,2,1,2,1,1,3,2,02,1,1,000,000,1,0,1,4,1,13,5,1,2,00,2,1,2,201000025559B01,7,2,1
201000025612,2010-01-18,2010,janvier,lundi,82:0,22,22215,48.5014,-2.7808,2,1,7,2,9,4,2,02,1,1,000,060,7,0,4,3,2,50,1,1,4,12,0,2,0,201000025612A01,,,
201000025623,2010-02-03,2010,février,mercredi,85:5,22,22278,48.52279,-2.75351,1,1,7,1,1,4,2,02,1,1,000,000,2,0,1,4,2,59,5,1,4,00,0,0,1,201000025623A01,,,
201000025631,2010-02-12,2010,février,vendredi,10:35,22,22360,48.488,-2.74013,2,6,3,1,1,4,2,02,1,1,,,1,0,1,4,2,58,5,1,4,00,2,4,1,201000025631B01,7,9,1
201000025657,2010-03-31,2010,mars,mercredi,12:20,22,22215,48.50108,-2.77953,2,6,3,1,1,3,1,02,1,1,000,000,1,0,1,4,1,56,1,1,4,00,2,8,1,201000025657B01,7,16,1
201000025666,2010-04-15,2010,avril,jeudi,16:20,22,22215,48.50112,-2.78026,2,6,3,1,1,3,2,02,1,2,000,060,1,5,1,4,2,63,5,1,9,00,2,1,9,201000025666A01,10,1,1
201000025670,2010-05-02,2010,mai,dimanche,12:05,22,22215,48.48273,-2.79344,1,6,3,1,1,3,1,02,1,2,000,000,1,5,1,4,1,55,5,1,2,00,2,7,1,201000025670B01,7,13,1
201000025671,2010-05-03,2010,mai,lundi,16:25,22,22278,48.51239,-2.76223,2,1,2,1,1,4,2,02,4,1,000,000,1,0,1,4,1,13,2,1,4,00,2,1,2,201000025671A01,7,1,1
201000025700,2010-06-09,2010,juin,mercredi,85:5,22,22278,48.51388,-2.7401,2,1,3,1,1,4,2,02,1,1,000,000,1,0,1,4,1,16,5,1,4,00,2,4,19,201000025700B01,7,1,1
201000025710,2010-07-03,2010,juillet,samedi,17:35,22,22278,48.51949,-2.74722,2,1,7,1,1,4,2,02,2,1,000,000,1,0,1,4,2,49,5,1,9,00,0,0,1,201000025710A01,,,
201000025712,2010-07-02,2010,juillet,vendredi,12:15,22,22215,48.50181,-2.78105,2,1,7,1,1,4,2,02,1,1,000,000,1,0,1,4,1,13,5,1,2,00,0,1,1,201000025712A01,,,
201000025747,2010-09-27,2010,septembre,lundi,16:55,22,22278,48.4985,-2.75267,2,3,3,1,1,4,2,02,1,1,,,1,0,4,4,2,27,4,1,2,00,2,3,5,201000025747B01,7,9,1
201000025756,2010-10-25,2010,octobre,lundi,95:5,22,22278,48.50807,-2.76557,2,1,3,1,1,4,2,02,1,1,000,000,1,5,1,4,1,58,5,1,2,00,2,8,19,201000025756B01,7,1,1
201000025766,2010-11-15,2010,novembre,lundi,13:50,22,22278,48.51104,-2.75915,2,6,3,1,1,4,2,02,3,3,000,000,1,5,1,4,2,19,1,1,9,00,2,5,1,201000025766B01,7,9,1
201000025778,2010-12-07,2010,décembre,mardi,12:30,22,22278,48.51926,-2.79154,2,6,3,1,1,4,1,01,1,2,000,000,1,0,1,4,2,77,3,1,9,00,2,1,9,201000025778B01,7,1,1
201000025793,2010-12-28,2010,décembre,mardi,15:,22,22278,48.51225,-2.75175,2,4,3,5,3,4,1,01,1,1,000,000,2,0,1,3,1,29,1,1,4,00,2,8,1,201000025793B01,7,15,1
201000025795,2010-12-30,2010,décembre,jeudi,16:40,22,22278,48.5058,-2.76138,2,1,3,1,1,4,2,03,1,1,000,000,1,0,5,4,2,50,5,1,2,01,0,1,1,201000025795B01,7,22,1
201000025801,2010-05-19,2010,mai,mercredi,17:50,23,23096,0,0,2,1,3,1,1,4,1,01,2,1,000,063,1,0,1,4,2,12,0,1,9,00,2,8,1,201000025801B01,7,1,1
201000025844,2010-06-12,2010,juin,samedi,10:45,82,82073,0,0,1,1,2,1,1,3,2,00,-1,1,000,074,1,5,1,3,1,59,5,1,1,00,2,1,1,201000025844B02,7,15,1
201000025864,2010-05-06,2010,mai,jeudi,80:0,37,37011,0,0,1,1,1,1,1,4,2,00,1,1,000,059,1,0,1,3,2,42,1,1,1,00,2,3,15,201000025864A01,7,2,1
201000025890,2010-07-21,2010,juillet,mercredi,12:15,01,01366,0,0,2,1,3,1,1,3,3,02,1,3,000,000,1,0,1,3,1,61,5,1,2,00,2,7,1,201000025890B02,7,16,1
201000025913,2010-11-11,2010,novembre,jeudi,16:00,38,38022,0,0,2,1,3,1,1,3,2,02,1,1,000,073,1,0,1,2,1,13,5,1,1,00,2,8,0,201000025913B02,7,1,1
201000025924,2010-05-10,2010,mai,lundi,15:30,24,24037,0,0,1,1,6,1,1,3,2,02,1,1,000,060,1,0,1,4,1,52,5,1,4,00,2,0,2,201000025924B01,7,17,1
201000025928,2010-07-16,2010,juillet,vendredi,64:5,24,24037,0,0,2,6,3,1,7,2,2,02,1,-1,000,000,1,0,1,3,1,27,1,1,4,01,2,4,0,201000025928B01,7,9,1
201000025930,2010-08-14,2010,août,samedi,18:45,24,24037,0,0,2,1,2,1,1,4,2,02,1,1,000,096,1,0,1,3,1,18,5,1,4,00,0,0,2,201000025930B01,7,2,1
201000026004,2010-04-20,2010,avril,mardi,74:1,25,25056,0,0,2,1,3,1,1,4,3,02,2,1,000,000,1,0,5,4,1,47,1,1,2,00,2,7,2,201000026004B01,7,9,1
201000026028,2010-07-21,2010,juillet,mercredi,82:6,25,25056,0,0,2,1,3,1,1,4,1,01,2,1,000,000,1,0,1,4,2,26,0,1,9,00,2,1,1,201000026028B01,7,9,1
201000026038,2010-09-10,2010,septembre,vendredi,17:33,25,25056,0,0,2,1,2,1,1,3,1,02,2,1,000,000,1,0,1,3,1,72,1,1,9,00,2,1,1,201000026038B01,7,2,1
201000026049,2010-11-29,2010,novembre,lundi,17:13,25,25056,0,0,2,1,6,2,1,4,-1,00,-1,-1,000,000,-1,0,4,1,1,40,0,1,9,00,1,0,0,201000026049A01,,,
201000026065,2010-04-13,2010,avril,mardi,17:45,25,25230,0,0,2,1,1,1,1,3,2,01,1,1,000,060,1,0,1,4,1,2,0,1,9,00,2,8,1,201000026065B01,7,1,1
201000026066,2010-04-19,2010,avril,lundi,12:30,25,25388,0,0,2,1,3,1,1,3,1,01,1,1,000,025,1,0,5,3,1,59,1,1,2,01,0,1,1,201000026066B01,10,0,1
201000026067,2010-04-21,2010,avril,mercredi,82:0,25,25388,0,0,2,3,1,1,1,4,2,03,2,2,014,044,1,5,1,3,1,74,5,1,2,00,2,1,1,201000026067B01,14,15,1
201000026080,2010-07-15,2010,juillet,jeudi,16:20,25,25031,0,0,2,3,3,1,1,3,2,02,1,1,000,000,1,0,1,3,2,63,0,1,9,00,2,1,0,201000026080B01,7,1,1
201000026085,2010-09-25,2010,septembre,samedi,14:25,25,25031,0,0,1,1,3,1,1,4,2,02,1,1,000,065,1,0,1,3,1,66,5,1,2,00,2,8,1,201000026085B01,7,17,1
201000026094,2010-12-09,2010,décembre,jeudi,62:1,25,25388,0,0,2,6,3,5,1,3,-1,02,-1,2,000,000,1,0,0,4,1,17,0,1,4,00,0,0,0,201000026094B01,7,0,1
201000026101,2010-04-26,2010,avril,lundi,14:45,25,25204,0,0,1,6,3,1,1,2,1,02,1,2,000,112,1,5,1,4,1,64,5,1,2,00,2,7,1,201000026101B01,7,9,1
201000026125,2010-04-26,2010,avril,lundi,11:15,59,59319,50.977,2.441,2,6,3,1,1,3,-1,02,1,-1,000,070,1,0,1,3,1,40,5,1,2,00,2,5,1,201000026125B02,7,9,1
201000026152,2010-10-28,2010,octobre,jeudi,12:00,59,59553,50.59,2.972,2,1,1,1,1,4,2,02,1,1,000,060,1,0,1,3,2,53,1,1,9,01,0,1,2,201000026152B02,7,2,1
201000026165,2010-09-11,2010,septembre,samedi,16:00,74,74182,0,0,2,7,6,1,1,9,-1,00,-1,-1,000,000,1,0,0,1,1,13,5,1,1,00,1,1,1,201000026165A01,,,
201000026223,2010-02-05,2010,février,vendredi,10:50,26,26281,45.0567,5.0888,2,1,7,1,3,4,2,02,1,1,000,070,2,0,1,2,1,76,5,1,2,14,0,1,1,201000026223A01,,,
201000026226,2010-03-04,2010,mars,jeudi,73:0,26,26057,45.0398,5.0458,2,2,1,2,2,4,2,02,1,4,000,070,2,0,1,4,1,33,1,1,2,00,0,4,1,201000026226B01,7,9,1
201000026227,2010-03-04,2010,mars,jeudi,74:0,26,26281,0,0,2,6,3,2,2,3,2,02,1,1,010,060,2,0,1,4,1,58,1,1,2,00,0,7,1,201000026227B01,7,9,1
201000026258,2010-06-21,2010,juin,lundi,12:15,26,26281,45.0493,5.0342,2,1,3,1,1,4,2,02,1,1,000,080,1,0,1,4,1,9,5,1,2,00,0,6,9,201000026258A01,7,1,1
201000026259,2010-06-22,2010,juin,mardi,18:35,26,26057,45.0409,5.0468,2,1,6,1,1,4,2,02,1,1,000,064,1,0,1,4,1,10,5,1,9,00,2,1,19,201000026259A01,7,1,1
201000026279,2010-09-04,2010,septembre,samedi,16:55,26,26057,0,0,2,1,3,1,1,3,2,02,2,3,000,075,1,0,1,4,1,44,5,1,2,00,2,1,1,201000026279B01,37,13,1
201000026287,2010-09-26,2010,septembre,dimanche,16:00,26,26281,45.0441,5.0532,2,1,1,1,1,4,1,01,2,1,000,080,1,0,1,4,1,15,5,1,2,00,2,1,5,201000026287A01,7,1,1
201000026295,2010-10-15,2010,octobre,vendredi,16:10,26,26281,45.0568,5.0577,2,6,3,1,1,4,1,01,1,2,000,080,1,0,1,4,2,59,3,1,4,00,0,7,1,201000026295B01,7,9,1
201000026317,2010-02-17,2010,février,mercredi,13:45,26,26362,44.9208,4.9083,2,3,3,1,1,4,2,01,1,1,000,030,2,0,1,4,1,60,1,1,2,00,2,1,1,201000026317B01,7,15,1
201000026345,2010-04-14,2010,avril,mercredi,15:50,26,26362,44.9293,4.894,2,1,6,1,1,4,2,02,1,1,000,060,1,0,1,1,1,21,0,1,9,00,1,0,1,201000026345A01,,,
201000026352,2010-05-10,2010,mai,lundi,16:45,26,26362,44.9387,4.914,2,1,6,1,1,4,2,02,1,1,000,000,1,0,0,4,2,20,0,1,2,00,2,0,0,201000026352B01,7,0,1
201000026380,2010-07-24,2010,juillet,samedi,10:05,26,26058,44.5655,4.5328,2,3,3,1,1,4,2,02,1,1,000,000,1,0,1,4,1,71,0,1,2,00,2,0,1,201000026380B01,7,0,1
201000026385,2010-08-09,2010,août,lundi,14:35,26,26058,44.9429,4.8928,2,1,2,1,1,4,2,02,1,1,000,050,1,0,1,4,1,20,0,1,2,00,2,4,0,201000026385B01,7,0,1
201000026386,2010-08-14,2010,août,samedi,80:0,26,26362,44.9222,4.891,2,6,3,1,1,4,2,02,1,1,000,070,1,0,1,4,2,50,1,1,9,00,2,7,0,201000026386B01,10,9,1
201000026390,2010-08-23,2010,août,lundi,17:40,26,26362,44.9302,4.8943,2,2,3,1,1,4,2,02,1,1,000,000,1,0,0,4,1,75,0,1,9,00,2,8,0,201000026390B01,7,0,1
201000026402,2010-09-10,2010,septembre,vendredi,83:0,26,26058,0,0,1,2,3,1,1,3,2,02,1,1,000,070,1,5,0,3,1,55,5,1,2,00,2,1,19,201000026402B01,7,15,1
201000026404,2010-09-17,2010,septembre,vendredi,19:25,26,26362,0,0,1,1,3,1,1,3,3,02,1,1,000,039,1,0,1,3,2,19,5,1,2,00,2,0,15,201000026404B01,7,1,1
201000026538,2010-04-22,2010,avril,jeudi,15:45,27,27701,49.2838,1.22316,1,3,6,1,1,9,2,02,1,1,000,160,1,0,1,4,1,55,5,1,2,00,2,7,1,201000026538B01,7,15,1
201000026587,2010-09-20,2010,septembre,lundi,17:55,27,27554,49.1111,1.45227,2,1,6,1,1,4,2,02,1,2,000,049,1,0,1,4,1,6,5,1,2,00,2,1,1,201000026587A01,,,
201000026592,2010-03-29,2010,mars,lundi,19:00,17,17407,0,0,2,1,1,1,1,4,2,02,2,4,000,053,1,0,1,3,1,11,5,1,2,00,2,1,13,201000026592B02,7,1,1
201000026619,2010-01-25,2010,janvier,lundi,80:0,28,28085,48.4515,1.48602,2,1,2,1,1,4,-1,01,-1,-1,000,070,-1,0,1,4,1,13,0,1,2,00,2,0,19,201000026619B01,7,2,1
201000026620,2010-01-26,2010,janvier,mardi,16:35,28,28229,48.4603,1.4614,1,1,2,1,1,3,2,02,1,1,000,070,1,0,1,4,1,17,0,1,2,00,2,1,1,201000026620B01,7,23,1
201000026663,2010-04-14,2010,avril,mercredi,18:05,28,28085,48.4435,1.5108,2,2,3,1,1,3,-1,02,-1,-1,000,070,1,0,1,4,2,25,0,1,2,00,2,1,1,201000026663B01,7,15,1
201000026686,2010-05-17,2010,mai,lundi,14:50,28,28085,48.4446,1.48032,2,1,3,1,1,3,-1,02,1,1,000,070,1,0,1,4,2,47,0,1,9,00,2,1,5,201000026686B01,7,15,1
201000026710,2010-06-14,2010,juin,lundi,16:55,28,28085,48.4228,1.48431,2,1,2,2,1,4,2,02,-1,-1,000,070,1,0,1,4,1,22,0,1,2,00,2,4,1,201000026710B01,7,1,1
201000026717,2010-07-01,2010,juillet,jeudi,13:30,28,28218,48.4358,1.44696,2,1,3,1,1,4,-1,02,1,1,000,070,1,0,1,4,1,19,0,1,2,00,2,7,19,201000026717B01,7,1,1
201000026729,2010-08-03,2010,août,mardi,85:5,28,28085,48.4351,1.48062,2,1,6,1,1,4,2,02,1,1,000,070,1,0,1,4,2,35,1,1,9,00,2,1,1,201000026729B01,7,24,1
201000026738,2010-08-23,2010,août,lundi,11:30,28,28085,48.4421,1.49347,2,3,7,1,3,4,2,02,2,1,000,070,2,0,1,4,2,24,1,1,2,00,0,0,16,201000026738A01,,,
201000026749,2010-09-07,2010,septembre,mardi,20:10,28,28085,48.4376,1.49611,2,1,2,1,1,4,-1,02,-1,-1,000,070,-1,0,1,4,2,66,0,1,9,00,2,1,1,201000026749B01,7,20,1
201000026758,2010-10-05,2010,octobre,mardi,18:50,28,28085,48.4407,1.50676,2,2,3,1,1,3,2,02,3,1,000,070,2,0,1,3,2,37,1,1,9,00,2,2,15,201000026758A01,7,15,1
201000026760,2010-10-08,2010,octobre,vendredi,55:7,28,28085,48.4505,1.48484,2,1,2,5,1,4,2,01,1,1,000,070,1,0,1,4,1,29,4,1,9,00,2,4,1,201000026760B01,7,1,1
201000026770,2010-10-18,2010,octobre,lundi,11:47,28,28209,48.4695,1.46996,1,1,1,1,1,3,1,01,1,1,000,070,1,0,5,3,1,70,0,1,9,00,2,1,1,201000026770B01,2,1,1
201000026775,2010-10-25,2010,octobre,lundi,12:30,28,28085,48.4419,1.49177,2,1,3,1,1,4,1,02,1,1,000,070,1,5,1,4,1,28,0,1,2,00,2,1,19,201000026775A01,7,1,1
201000026779,2010-10-26,2010,octobre,mardi,18:45,28,28085,48.4453,1.48351,2,4,3,5,1,4,1,01,1,1,000,030,1,0,1,3,1,62,5,1,4,00,2,1,1,201000026779B01,7,15,1
201000026848,2010-05-08,2010,mai,samedi,17:35,28,28404,48.7166,1.33728,2,1,6,1,1,4,2,02,1,1,000,000,1,0,1,1,1,15,5,1,4,00,1,7,2,201000026848A01,,,
201000026848,2010-05-08,2010,mai,samedi,17:35,28,28404,48.7166,1.33728,2,1,6,1,1,4,2,02,1,1,000,000,1,0,1,4,2,16,5,1,9,00,1,7,2,201000026848A01,,,
201000026865,2010-06-30,2010,juin,mercredi,17:15,28,28134,48.7454,1.39171,1,6,3,1,1,2,1,02,1,4,000,000,1,0,1,3,2,56,1,1,9,00,2,8,2,201000026865B01,7,16,1
201000026887,2010-09-27,2010,septembre,lundi,14:10,28,28134,48.7302,1.38022,2,1,3,1,1,3,2,02,1,1,000,070,1,0,1,3,1,33,1,1,2,00,2,1,19,201000026887A01,7,2,1
201000026913,2010-08-09,2010,août,lundi,20:45,01,01354,0,0,1,9,3,1,1,3,2,02,1,1,000,073,1,5,1,3,1,23,1,1,1,00,2,8,19,201000026913B02,33,1,1
201000026964,2010-02-18,2010,février,jeudi,12:05,29,29019,48.38324,-4.53128,2,1,3,1,1,9,-1,00,-1,1,000,000,1,0,1,4,1,5,5,1,2,00,2,7,19,201000026964B01,7,1,1
201000026966,2010-02-26,2010,février,vendredi,12:25,29,29019,48.39654,-4.47525,2,5,3,1,1,9,2,00,-1,-1,000,000,1,0,1,4,2,57,9,1,9,00,2,7,0,201000026966A01,7,0,1
201000026992,2010-04-28,2010,avril,mercredi,16:00,29,29019,48.39322,-4.51976,2,6,3,1,1,4,1,00,2,4,000,000,1,5,1,4,1,46,0,1,2,00,2,7,1,201000026992B01,7,9,1
201000027004,2010-05-23,2010,mai,dimanche,14:30,29,29019,48.40528,-4.47805,2,6,3,1,1,9,2,02,1,-1,000,000,1,0,1,4,1,40,5,1,2,00,2,7,1,201000027004B01,7,6,1
201000027045,2010-09-08,2010,septembre,mercredi,19:20,29,29019,48.378,-4.52626,2,1,3,1,1,9,1,01,-1,-1,000,000,1,0,1,4,1,5,0,1,9,00,2,1,9,201000027045B01,7,2,1
201000027059,2010-10-02,2010,octobre,samedi,91:5,29,29019,48.41342,-4.48668,2,2,3,1,1,9,2,02,1,1,000,000,1,0,1,4,1,54,5,1,2,00,2,1,1,201000027059B01,7,15,1
201000027069,2010-10-06,2010,octobre,mercredi,18:20,29,29019,48.37266,-4.52873,2,3,2,1,1,9,2,01,-1,-1,000,000,1,0,1,4,1,43,5,1,9,00,2,1,1,201000027069B01,7,4,1
201000027078,2010-10-18,2010,octobre,lundi,74:5,29,29019,48.38368,-4.4999,2,3,6,3,1,9,2,02,-1,1,000,000,1,0,1,4,1,21,0,1,4,00,2,1,1,201000027078B01,7,15,1
201000027081,2010-10-28,2010,octobre,jeudi,13:00,29,29019,48.41752,-4.48453,2,1,6,1,1,9,2,00,1,1,000,000,1,0,1,4,1,6,0,1,2,00,2,8,19,201000027081B01,7,1,1
201000027092,2010-11-23,2010,novembre,mardi,13:55,29,29019,48.3943,-4.51942,2,3,3,1,1,4,2,02,-1,-1,000,060,2,0,1,3,1,24,4,1,9,00,2,1,1,201000027092B01,7,15,1
201000027097,2010-11-27,2010,novembre,samedi,17:25,29,29019,48.39755,-4.48272,2,1,6,1,1,4,2,02,1,1,000,000,2,0,1,3,1,47,0,1,9,00,2,1,1,201000027097B01,7,15,1
201000027109,2010-12-15,2010,décembre,mercredi,73:0,29,29019,48.3934,-4.44529,2,6,3,5,2,3,2,02,1,1,000,000,2,0,1,4,1,45,0,1,9,00,2,1,1,201000027109B01,7,9,1
201000027127,2010-04-08,2010,avril,jeudi,19:10,29,29039,47.87027,-3.90687,1,3,2,1,1,3,-1,02,1,1,000,075,1,0,1,1,1,21,5,1,9,00,2,4,15,201000027127B01,31,17,1
201000027128,2010-04-15,2010,avril,jeudi,19:05,29,29039,47.87011,-3.92198,2,1,1,1,1,4,2,02,1,-1,000,000,1,0,1,4,2,14,5,1,9,00,2,1,15,201000027128A01,7,1,1
201000027132,2010-05-19,2010,mai,mercredi,10:5,29,29039,47.87101,-3.91809,2,1,1,5,1,4,2,02,1,1,000,000,1,0,1,3,2,44,5,1,9,01,0,0,13,201000027132A01,7,24,1
201000027134,2010-05-25,2010,mai,mardi,16:27,29,29039,47.87708,-3.90936,2,6,3,1,1,4,1,01,1,-1,240,100,1,0,1,4,2,31,5,1,9,00,2,6,11,201000027134A01,7,16,1
201000027141,2010-06-30,2010,juin,mercredi,16:15,29,29039,47.88254,-3.9238,2,6,7,1,1,4,-1,01,1,2,000,060,1,0,0,3,1,49,5,1,9,00,0,0,0,201000027141A01,,,
201000027142,2010-07-03,2010,juillet,samedi,18:20,29,29039,47.87676,-3.93026,2,1,3,1,1,4,2,02,1,1,000,060,1,0,1,4,1,24,5,1,9,00,2,0,19,201000027142A01,7,1,1
201000027198,2010-06-03,2010,juin,jeudi,15:07,29,29151,48.58788,-3.81788,2,1,3,1,1,9,-1,01,1,1,000,000,1,6,1,4,1,13,5,1,9,00,0,0,2,201000027198B01,1,2,1
201000027198,2010-06-03,2010,juin,jeudi,15:07,29,29151,48.58788,-3.81788,2,1,3,1,1,9,-1,01,1,1,000,000,1,6,1,4,1,14,5,1,9,00,9,0,2,201000027198A01,1,2,1
201000027214,2010-11-09,2010,novembre,mardi,73:0,29,29151,48.58003,-3.81048,2,1,3,5,3,4,2,02,1,1,000,000,2,0,1,3,1,43,1,1,2,00,2,7,1,201000027214B01,10,0,1
201000027242,2010-04-20,2010,avril,mardi,19:35,29,29232,47.97556,-4.1324,2,2,3,1,1,4,2,02,2,1,000,000,1,0,1,3,1,8,5,1,3,00,2,0,19,201000027242A01,2,1,1
201000027285,2010-07-17,2010,juillet,samedi,12:30,29,29232,48.02483,-4.08627,1,1,2,1,1,9,1,01,2,1,000,000,1,0,0,4,2,72,5,1,9,00,2,1,1,201000027285B01,7,4,1
201000027295,2010-08-05,2010,août,jeudi,13:15,29,29232,48.00913,-4.09619,2,1,6,1,1,4,2,02,3,1,000,000,1,0,1,4,2,53,1,1,4,01,0,1,1,201000027295B01,7,22,1
201000027301,2010-08-25,2010,août,mercredi,75:0,29,29232,47.99513,-4.07249,2,6,3,1,1,3,3,04,1,-1,000,000,1,0,0,4,1,21,0,1,4,00,2,7,0,201000027301B01,7,9,1
201000027323,2010-10-12,2010,octobre,mardi,18:20,29,29232,47.97186,-4.08362,2,3,3,1,1,4,2,02,1,-1,000,000,1,0,1,3,2,7,0,1,2,00,2,7,9,201000027323B01,7,1,1
201000027341,2010-11-15,2010,novembre,lundi,16:30,29,29232,47.9786,-4.12167,2,3,3,1,1,3,-1,03,2,1,000,000,1,0,0,4,1,57,5,1,2,00,2,1,1,201000027341B01,7,15,1
201000027359,2010-12-20,2010,décembre,lundi,18:25,29,29232,47.978,-4.12289,2,3,7,2,8,3,2,03,2,3,000,000,2,0,1,4,1,27,0,1,2,00,0,0,1,201000027359B01,7,15,1
201000027395,2010-04-08,2010,avril,jeudi,15:21,30,30007,44.11996,4.1067,2,2,3,1,1,4,-1,00,-1,1,000,000,1,0,1,4,2,10,5,1,2,00,2,1,1,201000027395A01,7,1,1
201000027398,2010-04-25,2010,avril,dimanche,10:15,30,30007,0,0,2,1,3,1,1,4,1,02,1,2,000,000,1,0,1,4,1,66,5,1,2,00,2,1,5,201000027398B01,7,1,1
201000027417,2010-05-25,2010,mai,mardi,10:35,30,30007,0,0,2,1,3,1,1,4,1,02,1,2,000,000,1,0,1,4,1,38,0,1,9,00,2,8,1,201000027417B01,7,16,1
201000027418,2010-05-26,2010,mai,mercredi,12:08,30,30007,44.11294,4.10644,2,1,3,1,1,3,1,02,1,2,000,000,1,0,1,4,2,66,5,1,9,00,2,0,1,201000027418B01,7,9,1
201000027429,2010-06-18,2010,juin,vendredi,18:35,30,30007,0,0,2,3,1,1,8,4,2,00,1,1,000,000,1,0,1,4,1,16,5,1,2,00,2,7,19,201000027429A01,7,1,1