Num_Acc,date,an,mois,jour,hrmn,dep,com,lat,long,agg,int,col,lum,atm,catr,circ,nbv,prof,plan,lartpc,larrout,surf,infra,situ,grav,sexe,age,trajet,secuexist,equipement,obs,obsm,choc,manv,vehiculeid,typevehicules,manoeuvehicules,numVehicules
201000027430,2010-06-22,2010,juin,mardi,11:45,30,30007,0,0,2,1,2,1,1,4,2,02,2,1,000,000,1,0,1,4,2,58,5,1,2,00,2,1,2,201000027430A01,7,2,1
201000027435,2010-06-28,2010,juin,lundi,19:42,30,30007,44.14595,4.101,2,2,3,1,1,3,3,03,1,1,050,047,1,0,1,4,1,28,0,1,9,00,2,1,1,201000027435B01,7,15,1
201000027489,2010-10-05,2010,octobre,mardi,19:05,30,30007,0,0,2,1,3,1,1,2,2,02,1,1,000,000,1,0,1,3,1,61,5,1,2,00,2,1,15,201000027489B01,7,1,1
201000027513,2010-12-08,2010,décembre,mercredi,14:15,30,30007,44.14567,4.08831,2,1,3,1,8,4,2,03,1,1,000,000,2,0,1,3,2,43,5,1,2,00,2,4,1,201000027513B01,7,15,1
201000027573,2010-07-25,2010,juillet,dimanche,12:10,30,30032,0,0,1,1,3,1,1,3,2,02,1,1,000,000,1,0,1,4,1,31,0,1,2,00,0,0,15,201000027573B01,7,13,1
201000027614,2010-02-03,2010,février,mercredi,82:0,30,30189,43.83285,4.38567,2,3,3,1,1,4,1,01,1,1,000,031,1,0,1,4,1,52,1,1,4,00,2,1,1,201000027614B01,7,16,1
201000027661,2010-03-15,2010,mars,lundi,15:25,30,30189,43.83422,4.37182,2,1,1,1,1,4,1,01,1,1,000,040,1,0,1,4,1,49,1,1,9,00,2,1,1,201000027661B01,30,5,1
201000027672,2010-04-05,2010,avril,lundi,16:13,30,30189,43.82687,4.3531,2,2,6,1,1,4,2,02,1,1,000,000,1,0,1,3,1,16,5,1,9,00,2,1,1,201000027672B01,7,1,1
201000027687,2010-04-30,2010,avril,vendredi,18:25,30,30189,43.84082,4.36293,2,1,1,1,1,4,1,01,1,1,000,058,1,0,1,4,2,22,2,1,9,00,2,1,5,201000027687A01,7,15,1
201000027711,2010-06-12,2010,juin,samedi,95:6,30,30189,43.84468,4.38335,2,1,6,1,1,4,2,02,1,1,000,066,1,0,1,3,1,38,0,1,9,00,2,4,2,201000027711A01,37,2,1
201000027734,2010-07-15,2010,juillet,jeudi,16:25,30,30189,43.84102,4.37099,2,1,3,1,1,4,-1,01,1,1,000,000,1,0,1,4,1,48,0,1,2,00,0,0,0,201000027734B01,7,0,1
201000027745,2010-07-29,2010,juillet,jeudi,19:14,30,30189,43.81654,4.32264,1,1,6,1,1,4,-1,02,1,1,000,068,1,0,1,3,1,3,0,1,3,00,2,1,1,201000027745A01,7,1,1
201000027764,2010-08-19,2010,août,jeudi,71:8,30,30189,43.8075,4.37163,2,1,6,1,1,3,-1,02,1,1,000,000,-1,0,0,4,1,37,0,1,2,00,2,8,0,201000027764B01,7,0,1
201000027776,2010-09-07,2010,septembre,mardi,18:05,30,30189,43.84072,4.35539,2,2,3,1,1,4,-1,01,-1,1,000,052,1,0,0,4,1,15,0,1,9,00,2,1,0,201000027776B01,7,0,1
201000027777,2010-09-08,2010,septembre,mercredi,18:15,30,30189,43.83675,4.33415,1,1,6,2,1,3,2,02,-1,1,000,079,1,0,1,3,1,45,0,1,2,00,2,1,1,201000027777A01,7,0,1
201000027788,2010-09-19,2010,septembre,dimanche,15:25,30,30189,43.83976,4.35299,2,2,3,1,1,4,-1,01,-1,1,000,042,1,0,1,4,1,25,0,1,2,00,2,0,0,201000027788B01,7,0,1
201000027809,2010-10-28,2010,octobre,jeudi,18:20,30,30189,43.83939,4.36266,2,1,6,1,1,4,1,01,1,1,000,035,1,0,1,1,1,19,0,1,4,00,1,1,5,201000027809A01,,,
201000027826,2010-11-21,2010,novembre,dimanche,12:05,30,30189,43.83651,4.33703,2,2,2,1,1,3,2,02,1,1,000,062,-1,0,1,4,1,39,0,1,9,00,2,1,1,201000027826B01,7,15,1
201000027834,2010-11-26,2010,novembre,vendredi,15:25,30,30189,43.81651,4.39284,2,6,3,1,1,3,1,02,1,3,000,090,1,5,1,4,1,82,0,1,4,00,2,0,0,201000027834B01,7,0,1
201000027836,2010-11-27,2010,novembre,samedi,90:5,30,30189,43.82729,4.36429,2,1,3,1,1,4,2,02,1,1,000,058,1,0,1,4,1,63,0,1,4,00,2,0,1,201000027836B01,7,19,1
201000027856,2010-12-21,2010,décembre,mardi,91:5,30,30189,43.83938,4.36267,2,2,6,1,8,4,1,01,1,1,000,028,2,0,1,4,2,39,0,1,4,01,2,7,1,201000027856B01,7,0,1
201000027877,2010-02-02,2010,février,mardi,81:0,31,31069,0,0,2,1,2,1,1,4,2,02,1,1,000,064,1,0,1,2,2,91,3,1,2,00,2,6,1,201000027877B01,7,1,1
201000027878,2010-02-14,2010,février,dimanche,10:50,31,31069,0,0,2,6,3,1,4,4,1,02,1,3,000,000,2,0,1,4,1,51,5,1,2,00,2,5,1,201000027878B01,7,9,1
201000027890,2010-10-13,2010,octobre,mercredi,80:3,31,31069,0,0,2,6,6,2,1,4,3,04,1,1,012,076,1,2,1,4,1,28,1,1,4,00,2,5,1,201000027890B01,7,0,1
201000027921,2010-08-13,2010,août,vendredi,81:0,31,31483,0,0,2,2,3,1,1,3,-1,04,1,1,066,066,1,5,1,4,2,18,1,1,9,00,0,0,1,201000027921B01,7,1,1
201000027942,2010-01-04,2010,janvier,lundi,16:10,31,31555,43.6059,1.42816,2,2,3,1,1,4,-1,00,-1,-1,000,000,-1,0,0,4,1,51,1,1,2,00,2,1,1,201000027942B01,7,15,1
201000027945,2010-01-06,2010,janvier,mercredi,14:10,31,31555,43.6047,1.44174,2,3,2,1,1,4,-1,00,-1,-1,000,000,-1,0,0,1,2,28,5,1,2,00,2,2,16,201000027945B01,2,1,1
201000027947,2010-01-07,2010,janvier,jeudi,75:5,31,31555,43.5844,1.41557,2,2,3,2,1,4,2,02,1,1,000,095,1,0,1,3,1,22,2,1,4,00,2,1,1,201000027947B01,7,1,1
201000027955,2010-01-14,2010,janvier,jeudi,72:5,31,31555,43.5903,1.3795,2,1,2,5,1,4,2,00,1,1,000,000,1,0,1,4,1,37,1,1,2,00,2,1,0,201000027955B01,10,0,1
201000027963,2010-01-15,2010,janvier,vendredi,70:5,31,31555,43.6132,1.45985,2,1,2,5,1,4,2,00,2,1,000,000,1,0,0,4,1,40,1,1,9,00,2,1,0,201000027963B01,10,20,1
201000027992,2010-02-08,2010,février,lundi,11:10,31,31555,0,0,2,1,6,1,1,4,-1,02,1,1,000,085,1,0,1,4,1,11,2,1,2,00,2,7,6,201000027992B01,7,1,1
201000028028,2010-03-05,2010,mars,vendredi,10:45,31,31555,0,0,2,1,5,1,1,4,2,02,1,1,000,064,1,0,1,4,1,37,4,1,2,00,2,7,15,201000028028A01,7,1,2
201000028031,2010-03-06,2010,mars,samedi,20:10,31,31555,0,0,2,1,6,3,1,4,2,02,1,1,000,070,1,0,1,4,1,22,0,1,4,00,2,0,0,201000028031B01,31,0,1
201000028043,2010-03-11,2010,mars,jeudi,82:0,31,31555,0,0,2,1,2,1,8,4,2,02,1,1,000,000,1,0,1,4,1,30,4,1,9,00,2,1,0,201000028043A01,7,0,1
201000028071,2010-03-28,2010,mars,dimanche,14:40,31,31555,0,0,2,1,6,1,1,4,1,02,1,1,000,047,1,0,1,4,1,24,0,1,2,00,2,0,0,201000028071A01,7,0,1
201000028077,2010-03-31,2010,mars,mercredi,13:45,31,31555,0,0,2,1,3,1,1,4,2,03,1,1,000,000,1,0,1,4,2,19,1,1,2,00,2,0,0,201000028077A01,7,0,1
201000028090,2010-04-06,2010,avril,mardi,17:00,31,31555,0,0,2,1,2,1,1,4,1,01,1,1,000,085,1,0,1,4,2,53,4,1,2,00,2,4,0,201000028090B01,7,0,1
201000028097,2010-04-12,2010,avril,lundi,19:35,31,31555,0,0,2,3,3,1,1,4,2,02,1,1,000,085,1,0,1,3,2,19,0,1,2,00,2,4,1,201000028097B01,7,1,1
201000028100,2010-04-13,2010,avril,mardi,18:48,31,31555,0,0,2,1,6,1,1,4,2,00,1,1,000,000,1,0,1,3,1,47,1,1,2,00,1,1,0,201000028100A01,,,
201000028100,2010-04-13,2010,avril,mardi,18:48,31,31555,0,0,2,1,6,1,1,4,2,00,1,1,000,000,1,0,1,4,1,79,0,1,9,00,1,1,0,201000028100A01,,,
201000028109,2010-04-16,2010,avril,vendredi,10:30,31,31555,0,0,2,1,7,1,1,4,2,06,1,1,000,125,1,0,1,4,2,59,3,1,2,00,0,0,1,201000028109B01,7,14,1
201000028129,2010-04-27,2010,avril,mardi,70:0,31,31555,0,0,2,3,3,1,1,4,2,02,1,1,000,067,1,0,1,4,2,39,0,1,4,00,2,1,1,201000028129B01,10,15,1
201000028130,2010-04-27,2010,avril,mardi,90:6,31,31555,0,0,2,1,6,1,1,4,1,01,1,1,000,094,1,0,1,4,2,39,1,1,2,00,2,1,1,201000028130B01,7,22,1
201000028133,2010-04-28,2010,avril,mercredi,83:7,31,31555,0,0,2,3,3,1,1,4,2,02,1,1,000,075,1,0,1,4,1,30,1,1,2,00,2,1,1,201000028133B01,7,15,1
201000028139,2010-05-01,2010,mai,samedi,11:56,31,31555,0,0,2,1,6,1,1,4,1,02,1,1,000,000,-1,0,1,1,1,31,0,1,2,00,2,1,0,201000028139A01,,,
201000028139,2010-05-01,2010,mai,samedi,11:56,31,31555,0,0,2,1,6,1,1,4,1,02,1,1,000,000,-1,0,1,4,2,51,0,1,9,00,2,1,0,201000028139A01,,,
201000028159,2010-05-12,2010,mai,mercredi,16:47,31,31555,0,0,2,1,6,1,1,4,2,00,1,1,000,000,1,0,1,4,2,42,0,1,9,00,2,1,0,201000028159B01,10,0,1
201000028165,2010-05-14,2010,mai,vendredi,15:10,31,31555,0,0,2,1,2,1,1,4,2,00,1,1,000,000,1,0,1,4,1,45,0,1,2,00,2,1,0,201000028165B01,7,0,1
201000028173,2010-05-20,2010,mai,jeudi,22:30,31,31555,0,0,2,1,6,5,1,4,2,02,1,1,000,085,1,0,1,4,1,31,5,1,2,00,2,0,1,201000028173C01,14,17,1
201000028173,2010-05-20,2010,mai,jeudi,22:30,31,31555,0,0,2,1,6,5,1,4,2,02,1,1,000,085,1,0,1,4,2,30,0,1,2,00,2,0,1,201000028173B01,14,17,1
201000028179,2010-05-21,2010,mai,vendredi,20:15,31,31555,0,0,2,1,6,1,1,4,2,02,3,1,000,070,1,0,1,4,1,26,1,1,9,01,0,1,1,201000028179A01,7,22,1
201000028181,2010-05-27,2010,mai,jeudi,17:30,31,31555,0,0,2,1,5,1,1,4,2,02,1,1,000,085,1,0,1,1,1,49,5,1,2,00,0,0,0,201000028181C01,7/ 33,0,2
201000028186,2010-05-31,2010,mai,lundi,18:45,31,31555,0,0,2,1,3,1,1,4,2,02,1,1,000,085,1,0,1,4,1,5,0,1,2,00,2,1,1,201000028186A01,7,1,1
201000028203,2010-06-08,2010,juin,mardi,14:50,31,31555,0,0,2,1,3,1,1,6,2,02,1,1,000,070,1,0,1,4,2,41,0,1,9,00,2,1,1,201000028203B01,7,0,1
201000028224,2010-06-23,2010,juin,mercredi,16:00,31,31555,0,0,2,1,3,1,1,4,2,05,1,1,000,175,1,0,1,4,1,28,1,1,9,00,2,4,1,201000028224A01,34,0,1
201000028240,2010-07-06,2010,juillet,mardi,20:02,31,31555,0,0,2,1,3,1,1,4,2,00,1,1,000,000,1,0,1,4,1,30,0,1,2,00,0,1,0,201000028240B01,7,0,1
201000028250,2010-07-09,2010,juillet,vendredi,54:5,31,31555,0,0,2,1,2,5,1,4,3,02,2,1,000,000,1,1,1,3,1,30,1,1,2,00,2,1,1,201000028250B01,10,0,1
201000028257,2010-07-15,2010,juillet,jeudi,11:25,31,31555,0,0,2,1,1,1,1,4,2,00,1,1,000,000,1,0,1,4,2,27,5,1,9,00,2,1,1,201000028257B01,7,15,1
201000028259,2010-07-15,2010,juillet,jeudi,19:00,31,31555,0,0,2,1,3,1,1,4,2,01,1,3,000,055,1,0,5,4,2,50,5,1,9,00,2,1,1,201000028259B01,31,1,1
201000028267,2010-07-21,2010,juillet,mercredi,45:0,31,31555,0,0,2,1,3,5,1,4,2,02,1,1,000,085,1,0,1,4,1,59,4,1,9,00,2,0,1,201000028267B01,7,0,1
201000028274,2010-07-23,2010,juillet,vendredi,11:30,31,31555,0,0,2,1,2,1,1,4,2,02,1,1,000,145,1,0,1,4,1,18,1,1,9,00,2,1,2,201000028274A01,7,23,1
201000028279,2010-07-28,2010,juillet,mercredi,10:35,31,31555,0,0,2,1,6,1,1,4,1,02,1,1,000,105,1,0,1,1,2,24,0,1,2,00,1,1,1,201000028279A01,,,
201000028288,2010-08-07,2010,août,samedi,83:0,31,31555,0,0,2,3,5,1,1,4,2,03,1,1,000,070,1,0,1,4,2,44,5,1,2,00,2,4,23,201000028288B01,7,13/23,2
201000028289,2010-06-18,2010,juin,vendredi,14:00,31,31555,0,0,2,3,2,1,1,4,2,02,1,1,000,070,1,0,5,4,2,55,0,1,4,00,2,0,1,201000028289B01,7,15,1
201000028291,2010-08-11,2010,août,mercredi,11:45,31,31555,0,0,2,1,6,1,1,4,2,02,1,1,000,070,1,0,1,3,1,75,0,1,2,01,0,1,1,201000028291B01,7,22,1
201000028310,2010-09-02,2010,septembre,jeudi,17:25,31,31555,0,0,2,1,3,1,1,4,2,00,1,1,000,000,1,0,1,4,1,56,0,1,9,01,0,1,0,201000028310B01,7,0,1
201000028314,2010-09-05,2010,septembre,dimanche,16:25,31,31555,0,0,2,1,3,1,1,4,2,02,1,1,000,085,1,0,1,4,2,18,5,1,4,00,2,1,0,201000028314B01,30,0,1
201000028320,2010-09-08,2010,septembre,mercredi,10:02,31,31555,0,0,2,3,3,1,1,4,2,02,1,1,000,085,1,0,1,4,2,48,5,1,9,00,2,8,1,201000028320B01,7,15,1
201000028326,2010-09-10,2010,septembre,vendredi,85:5,31,31555,0,0,2,1,2,1,1,4,2,02,1,1,000,060,1,0,1,4,2,36,5,1,2,00,2,4,2,201000028326B01,7,1,1
201000028334,2010-09-16,2010,septembre,jeudi,17:20,31,31555,0,0,2,2,3,1,1,4,2,05,1,1,000,157,2,0,1,4,1,22,1,1,2,00,2,1,1,201000028334B01,7,15,1
201000028341,2010-09-20,2010,septembre,lundi,90:0,31,31555,0,0,2,1,3,1,1,4,2,03,1,1,000,110,1,0,1,4,1,35,1,1,2,00,2,1,1,201000028341B01,7,16,1
201000028343,2010-09-21,2010,septembre,mardi,18:04,31,31555,0,0,2,1,1,1,1,4,2,00,1,1,000,000,1,0,1,4,1,43,1,1,9,00,2,3,1,201000028343B01,7,13,1
201000028345,2010-09-22,2010,septembre,mercredi,11:50,31,31555,0,0,2,1,3,1,1,4,1,01,1,1,000,075,1,0,1,4,2,55,0,1,2,00,2,8,0,201000028345A01,7,0,1
201000028351,2010-09-28,2010,septembre,mardi,73:0,31,31555,0,0,2,1,3,5,1,4,2,00,1,1,000,066,1,0,1,4,1,55,0,1,9,00,2,1,0,201000028351B01,7,0,1
201000028362,2010-10-06,2010,octobre,mercredi,17:12,31,31555,0,0,2,1,3,1,1,4,1,00,1,1,000,000,1,0,1,4,1,27,0,1,9,00,2,1,0,201000028362B01,7,0,1
201000028366,2010-10-06,2010,octobre,mercredi,17:50,31,31555,0,0,2,1,6,1,1,4,-1,02,-1,-1,000,075,-1,0,1,1,1,7,0,1,2,00,1,0,0,201000028366A01,,,
201000028375,2010-10-07,2010,octobre,jeudi,84:5,31,31555,0,0,2,1,3,1,1,4,2,02,1,1,000,025,1,0,1,4,1,11,0,1,2,00,2,0,0,201000028375B01,1,0,1
201000028375,2010-10-07,2010,octobre,jeudi,84:5,31,31555,0,0,2,1,3,1,1,4,2,02,1,1,000,025,1,0,1,1,2,51,0,1,2,00,2,0,0,201000028375A01,1,0,1
201000028379,2010-10-13,2010,octobre,mercredi,18:10,31,31555,0,0,2,1,3,5,1,4,2,02,1,1,000,085,1,0,1,4,1,24,1,1,2,00,2,7,0,201000028379A01,30,0,1
201000028389,2010-10-18,2010,octobre,lundi,17:00,31,31555,0,0,2,1,2,1,1,4,2,00,1,1,000,000,1,0,1,4,1,56,0,1,4,00,2,1,0,201000028389B01,7,0,1
201000028417,2010-10-30,2010,octobre,samedi,14:15,31,31555,0,0,2,1,2,1,1,4,2,04,1,1,000,150,1,0,1,4,1,36,5,1,2,00,2,4,1,201000028417B01,7,1,1
201000028430,2010-11-04,2010,novembre,jeudi,20:45,31,31555,0,0,2,1,3,5,1,4,1,02,1,1,000,085,1,0,1,4,1,43,1,1,4,00,2,7,1,201000028430B01,31,0,1
201000028440,2010-11-12,2010,novembre,vendredi,90:0,31,31555,0,0,2,1,3,1,1,4,2,02,1,1,000,085,1,0,1,3,1,42,1,1,2,00,2,0,1,201000028440B01,7,17,1
201000028451,2010-11-18,2010,novembre,jeudi,16:20,31,31555,0,0,2,1,6,1,1,4,2,02,1,1,000,074,1,0,1,4,1,31,5,1,2,01,0,1,1,201000028451B01,7,22,1
201000028510,2010-12-14,2010,décembre,mardi,75:0,31,31555,0,0,1,6,3,1,1,4,2,00,1,3,000,000,1,0,1,4,2,37,0,1,9,00,2,2,0,201000028510B01,7,0,1
201000028539,2010-01-17,2010,janvier,dimanche,13:30,31,31557,0,0,2,1,3,1,1,3,2,02,1,1,000,073,1,0,4,4,2,8,5,1,2,00,2,8,1,201000028539B01,7,1,1
201000028541,2010-01-21,2010,janvier,jeudi,11:15,31,31557,0,0,2,1,6,1,8,4,-1,01,1,2,071,000,2,6,5,1,1,68,3,1,2,00,1,1,0,201000028541A01,,,
201000028543,2010-03-17,2010,mars,mercredi,83:0,31,31557,43.58616,3.45699,2,3,3,1,1,4,2,02,1,1,000,070,1,0,1,4,1,15,2,1,2,00,2,1,1,201000028543B01,7,1,1
201000028546,2010-04-16,2010,avril,vendredi,19:55,31,31557,0,0,2,6,3,2,1,4,2,02,1,1,037,080,1,0,1,4,1,12,0,1,2,00,2,1,19,201000028546B01,7,1,1
201000028547,2010-04-29,2010,avril,jeudi,80:0,31,31557,0,0,2,9,3,1,1,4,-1,01,1,3,000,060,1,0,1,4,1,28,4,1,2,00,2,7,19,201000028547A01,7,16,1
201000028553,2010-07-31,2010,juillet,samedi,90:0,31,31557,0,0,2,6,3,1,1,3,-1,02,1,1,000,000,1,0,0,3,1,81,5,1,2,00,0,4,2,201000028553B01,7,2,1
201000028563,2010-10-27,2010,octobre,mercredi,83:0,31,31557,0,0,2,1,3,1,1,3,2,02,1,3,129,074,1,0,1,4,1,84,5,1,9,00,2,3,12,201000028563B01,7,1,1
201000028566,2010-12-19,2010,décembre,dimanche,20:20,31,31557,0,0,2,6,3,5,1,3,1,02,1,2,129,164,1,0,1,4,2,26,1,1,4,00,2,7,1,201000028566B01,7,9,1
201000028579,2010-06-05,2010,juin,samedi,15:45,32,32013,43.6519,0.53097,1,1,4,1,1,3,2,02,3,2,000,061,1,0,1,3,1,50,5,1,9,13,2,1,1,201000028579B01,7/ 33,1/13,2
201000028585,2010-09-23,2010,septembre,jeudi,14:15,32,32013,43.6497,0.59806,2,3,3,1,1,3,2,02,2,1,000,000,1,0,1,4,1,16,5,1,2,00,2,1,1,201000028585B02,7,15,1
201000028594,2010-01-13,2010,janvier,mercredi,16:10,33,33529,0,0,2,1,6,1,7,4,2,02,1,1,000,076,1,0,5,3,1,82,5,1,9,00,0,1,1,201000028594B01,7,16,1
201000028607,2010-04-13,2010,avril,mardi,16:50,33,33009,0,0,2,7,6,1,1,4,2,02,1,1,000,000,1,0,1,4,1,61,5,1,9,00,0,2,1,201000028607B01,7,9,1
201000028608,2010-04-19,2010,avril,lundi,10:25,33,33529,0,0,2,1,2,1,1,3,2,02,3,3,000,061,1,0,1,4,1,16,5,1,2,00,0,4,1,201000028608B01,7,1,1
201000028619,2010-06-02,2010,juin,mercredi,75:0,33,33529,0,0,1,1,3,2,1,3,1,02,1,1,000,080,1,0,1,4,1,15,2,1,9,00,2,1,1,201000028619A01,37,1,1
201000028620,2010-06-02,2010,juin,mercredi,18:45,33,33009,0,0,2,1,6,1,1,4,1,01,1,1,000,070,1,0,1,4,1,40,5,1,2,00,0,1,1,201000028620B01,7,1,1
201000028621,2010-06-03,2010,juin,jeudi,10:00,33,33529,0,0,2,1,3,1,1,4,2,02,1,1,000,000,1,0,1,4,1,49,0,1,2,00,2,1,1,201000028621B01,7,1,1
201000028626,2010-06-02,2010,juin,mercredi,16:18,33,33529,0,0,2,3,6,1,1,4,1,01,1,1,000,036,1,0,1,4,1,64,5,1,9,00,2,6,16,201000028626B01,7,1,1
201000028630,2010-07-13,2010,juillet,mardi,15:45,33,33009,0,0,2,2,3,1,1,4,2,02,1,1,000,050,1,0,1,4,1,68,5,1,9,00,2,2,1,201000028630A01,7,1,1
201000028640,2010-08-06,2010,août,vendredi,14:05,33,33529,0,0,1,1,1,1,1,3,2,02,1,1,033,105,1,0,1,2,1,9,5,1,2,00,2,7,15,201000028640B01,7,1,1
201000028648,2010-08-17,2010,août,mardi,12:10,33,33009,0,0,2,1,6,1,1,4,2,02,1,1,000,068,1,0,1,4,2,58,5,1,2,00,2,1,1,201000028648B01,7,9,1
201000028650,2010-08-11,2010,août,mercredi,93:5,33,33529,0,0,2,1,6,1,1,3,2,02,1,2,000,088,1,0,1,3,2,36,5,1,2,00,2,1,1,201000028650B01,7,16,1
201000028651,2010-08-21,2010,août,samedi,10:11,33,33529,0,0,2,1,6,1,1,4,2,02,1,1,000,100,1,0,1,4,2,61,5,1,9,00,2,8,1,201000028651B01,7,14,1
201000028658,2010-09-04,2010,septembre,samedi,12:15,33,33529,0,0,2,1,3,1,1,4,2,01,1,1,000,070,1,0,1,4,1,63,5,1,9,00,2,5,1,201000028658B01,7,1,1
201000028662,2010-09-23,2010,septembre,jeudi,16:20,33,33529,0,0,1,1,3,1,1,4,2,02,1,1,000,075,1,0,1,4,1,63,5,1,9,00,2,6,1,201000028662B01,7,1,1
201000028665,2010-10-01,2010,octobre,vendredi,11:40,33,33529,0,0,2,3,3,1,1,4,2,02,1,1,000,040,1,0,1,4,1,54,5,1,9,00,2,2,1,201000028665B01,7,0,1
201000028681,2010-12-02,2010,décembre,jeudi,19:15,33,33529,0,0,1,1,2,3,4,4,2,02,1,1,000,040,5,0,1,4,1,17,9,1,9,00,0,4,1,201000028681B01,7,1,1
201000028722,2010-01-15,2010,janvier,vendredi,17:15,33,33063,0,0,2,2,1,1,1,4,1,02,1,-1,000,070,1,0,1,1,1,35,0,1,9,00,2,1,2,201000028722B01,2,2,1
201000028726,2010-01-12,2010,janvier,mardi,73:0,33,33069,0,0,2,4,3,5,1,4,2,02,1,1,000,062,7,0,1,4,1,28,0,1,2,00,2,1,2,201000028726B01,7,15,1
201000028727,2010-01-18,2010,janvier,lundi,15:40,33,33063,0,0,2,3,3,1,1,4,2,04,1,1,000,056,1,0,1,4,1,44,0,1,9,00,2,1,2,201000028727B01,7,2,1
201000028732,2010-01-12,2010,janvier,mardi,10:00,33,33039,0,0,2,2,3,1,1,4,2,04,1,1,000,000,1,0,1,4,1,31,0,1,9,00,2,1,2,201000028732A01,7,2,1
201000028735,2010-01-12,2010,janvier,mardi,15:00,33,33281,0,0,2,6,3,1,2,4,3,02,1,1,000,104,2,0,1,4,1,56,0,1,9,00,0,4,2,201000028735B01,7,2,1
201000028798,2010-02-04,2010,février,jeudi,85:0,33,33063,0,0,2,6,3,1,1,4,1,01,1,1,000,000,1,0,1,4,2,20,0,1,9,00,2,8,15,201000028798A01,7,15,1
201000028814,2010-02-07,2010,février,dimanche,17:30,33,33063,0,0,2,2,3,1,1,4,1,01,1,1,000,000,1,0,1,4,1,33,0,1,9,00,2,1,1,201000028814B01,7,16,1
201000028822,2010-02-12,2010,février,vendredi,11:20,33,33063,0,0,2,1,6,1,1,4,2,02,1,1,000,060,1,0,1,4,2,67,0,1,9,00,2,9,1,201000028822A01,,,
201000028827,2010-02-15,2010,février,lundi,18:10,33,33063,0,0,2,2,5,1,1,4,2,04,1,1,000,060,1,0,1,3,2,58,0,1,4,00,2,1,1,201000028827B01,7/ 33,1,2
201000028830,2010-02-16,2010,février,mardi,17:00,33,33063,0,0,2,1,1,1,1,4,2,02,1,1,000,000,1,0,1,4,1,36,0,1,9,00,2,1,1,201000028830B01,7,0,1
201000028835,2010-02-10,2010,février,mercredi,13:30,33,33069,0,0,2,2,3,1,1,4,2,02,1,1,000,062,1,0,1,4,1,13,0,1,4,00,2,1,15,201000028835B01,7,1,1
201000028840,2010-02-18,2010,février,jeudi,93:0,33,33063,0,0,2,4,3,1,1,4,2,02,1,1,000,000,1,0,1,4,2,16,0,1,9,00,2,2,1,201000028840B01,7,15,1
201000028845,2010-02-20,2010,février,samedi,40:2,33,33063,0,0,2,1,3,5,2,4,3,04,1,1,040,057,2,6,1,3,1,24,9,1,4,00,2,0,1,201000028845B01,7,1,1
201000028858,2010-02-25,2010,février,jeudi,93:0,33,33063,0,0,2,2,3,1,1,4,2,02,1,1,000,000,1,0,1,4,1,49,4,1,9,00,2,1,1,201000028858B01,7,16,1
201000028870,2010-03-07,2010,mars,dimanche,5:,33,33063,0,0,2,1,6,5,1,4,2,02,1,1,000,000,1,0,5,1,1,50,9,1,9,00,1,1,1,201000028870A01,,,
201000028870,2010-03-07,2010,mars,dimanche,5:,33,33063,0,0,2,1,6,5,1,4,2,02,1,1,000,000,1,0,5,4,2,17,9,1,8,00,1,1,1,201000028870A01,,,
201000028880,2010-03-09,2010,mars,mardi,18:00,33,33063,0,0,2,1,6,1,1,4,2,02,1,1,000,000,1,0,1,4,2,15,9,1,9,00,0,2,1,201000028880A01,7,1,1
201000028892,2010-03-10,2010,mars,mercredi,17:38,33,33063,0,0,2,1,2,1,8,4,-1,02,2,1,000,000,1,0,1,4,1,17,5,1,9,00,2,1,2,201000028892A01,10,23,1
201000028907,2010-03-13,2010,mars,samedi,14:40,33,33063,0,0,2,5,3,1,1,4,2,03,1,1,000,102,1,4,1,3,1,49,5,1,9,00,0,1,1,201000028907B01,1,1,1
201000028907,2010-03-13,2010,mars,samedi,14:40,33,33063,0,0,2,5,3,1,1,4,2,03,1,1,000,102,1,4,1,1,1,24,5,1,9,00,2,7,1,201000028907A01,1,1,1
201000028913,2010-03-15,2010,mars,lundi,18:15,33,33063,0,0,2,3,3,1,1,4,1,01,1,1,000,000,1,4,1,2,1,58,9,1,9,00,0,3,1,201000028913A01,40,1,1
201000028915,2010-03-16,2010,mars,mardi,91:0,33,33063,0,0,2,1,3,1,1,4,1,01,1,1,000,000,1,0,1,4,2,34,1,1,9,01,2,1,1,201000028915B01,7,22,1
201000028924,2010-03-17,2010,mars,mercredi,72:5,33,33063,0,0,2,1,3,1,1,4,2,02,1,1,000,065,1,0,1,4,1,34,9,1,9,00,2,1,1,201000028924B01,7,15,1
201000028944,2010-03-18,2010,mars,jeudi,93:0,33,33522,0,0,2,3,3,1,1,4,2,00,1,1,000,098,1,0,1,4,1,56,4,1,9,00,0,7,1,201000028944B01,7,9,1
201000028949,2010-03-25,2010,mars,jeudi,10:35,33,33063,0,0,2,3,2,1,1,4,2,02,1,1,000,000,1,0,1,4,2,54,4,1,9,00,2,1,1,201000028949A01,7,23,1
201000028967,2010-03-26,2010,mars,vendredi,15:07,33,33069,0,0,2,2,3,1,1,4,2,02,1,1,000,000,1,0,1,4,1,50,1,1,9,00,0,1,1,201000028967B01,10,16,1
201000028983,2010-04-01,2010,avril,jeudi,19:35,33,33167,0,0,2,2,6,1,1,4,2,01,1,1,000,000,1,0,1,4,1,30,0,1,9,00,2,1,1,201000028983B01,7,22,1
201000028984,2010-04-06,2010,avril,mardi,16:25,33,33063,0,0,2,1,6,1,1,4,2,04,1,1,010,024,1,0,1,4,1,50,9,1,9,00,2,1,1,201000028984B01,7,24,1