Num_Acc,date,an,mois,jour,hrmn,dep,com,lat,long,agg,int,col,lum,atm,catr,circ,nbv,prof,plan,lartpc,larrout,surf,infra,situ,grav,sexe,age,trajet,secuexist,equipement,obs,obsm,choc,manv,vehiculeid,typevehicules,manoeuvehicules,numVehicules
201000028986,2010-04-07,2010,avril,mercredi,12:10,33,33063,0,0,2,2,3,1,2,4,3,07,1,1,000,065,2,0,1,4,1,15,0,1,9,00,2,1,1,201000028986A01,37,1,1
201000028996,2010-04-11,2010,avril,dimanche,11:20,33,33063,0,0,2,2,3,1,1,4,2,00,1,1,000,000,1,0,1,4,2,66,0,1,9,00,2,1,1,201000028996A01,7,1,1
201000028998,2010-04-11,2010,avril,dimanche,17:00,33,33063,0,0,2,2,2,1,1,4,2,02,1,1,000,000,1,0,1,3,2,42,5,1,2,00,2,4,23,201000028998B01,33,1,1
201000029001,2010-04-11,2010,avril,dimanche,18:00,33,33063,0,0,2,5,3,1,1,4,3,00,1,2,000,092,1,0,1,4,1,16,0,1,9,00,2,1,15,201000029001A01,40,1,1
201000029004,2010-04-06,2010,avril,mardi,11:20,33,33039,0,0,2,2,3,1,1,4,2,01,1,3,000,060,1,0,1,4,1,65,0,1,9,00,2,4,1,201000029004B01,7,15,1
201000029006,2010-04-07,2010,avril,mercredi,16:50,33,33550,0,0,2,1,3,1,1,4,2,02,1,1,000,090,1,0,1,4,1,80,0,1,9,00,2,4,1,201000029006B01,7,20,1
201000029015,2010-04-15,2010,avril,jeudi,20:15,33,33063,0,0,2,1,3,2,1,4,1,00,1,1,000,000,1,0,1,4,1,38,0,1,9,00,2,0,1,201000029015A01,7,1,1
201000029030,2010-04-11,2010,avril,dimanche,20:00,33,33063,0,0,2,1,3,1,1,4,2,02,1,1,000,050,1,0,1,4,2,13,5,1,9,00,2,0,13,201000029030A01,7,1,1
201000029039,2010-04-18,2010,avril,dimanche,82:1,33,33192,0,0,2,2,3,1,1,4,2,02,1,1,000,000,1,0,1,3,1,44,0,1,2,00,2,1,1,201000029039A01,7,1,1
201000029051,2010-04-20,2010,avril,mardi,17:35,33,33318,0,0,2,4,3,1,1,4,2,02,2,1,000,070,1,0,1,4,1,12,0,1,9,00,2,9,15,201000029051A01,7,1,1
201000029057,2010-04-24,2010,avril,samedi,11:45,33,33063,0,0,2,5,3,1,1,4,3,02,1,1,000,000,1,0,1,4,1,36,0,1,9,00,2,1,1,201000029057B01,7,1,1
201000029061,2010-04-27,2010,avril,mardi,12:30,33,33063,0,0,2,2,3,1,1,4,1,01,1,1,000,000,1,0,1,3,2,24,0,1,9,00,2,1,1,201000029061A01,7,1,1
201000029076,2010-04-30,2010,avril,vendredi,74:5,33,33063,0,0,2,6,3,1,1,4,1,01,1,1,000,000,1,2,1,4,2,27,1,1,2,00,2,1,1,201000029076B01,7,1,1
201000029079,2010-04-29,2010,avril,jeudi,13:05,33,33039,0,0,2,2,3,1,1,4,2,02,1,1,000,000,1,0,1,3,1,74,9,1,9,00,2,1,1,201000029079B01,7,1,1
201000029112,2010-05-15,2010,mai,samedi,23:20,33,33063,0,0,2,3,1,5,1,4,2,01,1,1,000,000,1,0,1,4,1,21,0,1,2,00,2,1,0,201000029112A01,7,1,1
201000029114,2010-05-13,2010,mai,jeudi,11:10,33,33032,0,0,2,1,7,1,1,4,3,04,1,1,015,068,1,0,1,2,1,63,5,1,9,14,0,0,1,201000029114A01,,,
201000029127,2010-05-14,2010,mai,vendredi,20:10,33,33522,0,0,2,2,3,1,1,4,2,05,1,1,000,000,1,0,1,4,1,65,0,1,9,00,2,1,1,201000029127A01,7,1,1
201000029132,2010-05-20,2010,mai,jeudi,85:0,33,33063,0,0,2,3,1,1,1,4,3,02,1,1,000,000,1,0,1,4,2,23,0,1,2,00,2,1,0,201000029132A01,7,0,1
201000029134,2010-05-18,2010,mai,mardi,16:10,33,33281,0,0,2,6,3,1,1,4,3,02,1,-1,000,060,1,0,1,4,1,83,0,1,9,00,2,4,1,201000029134B01,7,9,1
201000029139,2010-05-22,2010,mai,samedi,20:0,33,33063,0,0,2,2,3,5,1,4,2,01,1,1,000,000,1,0,1,3,2,31,0,1,9,00,2,1,1,201000029139B01,7,1,1
201000029145,2010-05-19,2010,mai,mercredi,85:3,33,33063,0,0,2,1,2,1,1,4,3,02,1,1,000,060,1,0,1,4,2,26,1,1,9,00,2,0,1,201000029145B01,7,24,1
201000029146,2010-05-25,2010,mai,mardi,15:35,33,33063,0,0,2,1,3,1,1,4,2,02,1,1,000,000,1,0,1,4,2,87,0,1,9,00,2,7,1,201000029146A01,40,2,1
201000029149,2010-05-20,2010,mai,jeudi,22:40,33,33063,0,0,2,1,7,5,1,4,3,04,1,1,000,000,1,0,1,3,1,21,0,1,9,00,0,0,0,201000029149A01,,,
201000029152,2010-05-26,2010,mai,mercredi,16:30,33,33063,0,0,2,1,2,1,1,4,2,05,1,-1,000,125,1,0,1,4,1,23,0,1,9,00,2,4,1,201000029152A01,7,1,1
201000029155,2010-05-27,2010,mai,jeudi,13:40,33,33063,0,0,2,2,3,1,1,4,3,02,1,1,000,000,1,0,1,3,1,60,0,1,9,00,2,1,0,201000029155A01,7,1,1
201000029157,2010-05-27,2010,mai,jeudi,90:5,33,33063,0,0,2,1,3,1,1,4,2,02,1,1,000,040,9,0,1,4,1,33,0,1,9,00,0,3,1,201000029157B01,7,17,1
201000029158,2010-05-20,2010,mai,jeudi,18:10,33,33281,0,0,2,2,3,1,1,4,2,02,1,1,000,000,1,0,1,4,1,16,5,1,9,00,2,4,13,201000029158B01,7,1,1
201000029159,2010-05-28,2010,mai,vendredi,19:15,33,33318,0,0,2,1,3,1,1,4,2,02,2,1,000,000,1,0,1,3,1,13,0,1,9,00,2,3,2,201000029159B01,31,1,1
201000029159,2010-05-28,2010,mai,vendredi,19:15,33,33318,0,0,2,1,3,1,1,4,2,02,2,1,000,000,1,0,1,3,1,13,0,1,9,00,2,3,2,201000029159B01,31,1,1
201000029178,2010-06-01,2010,juin,mardi,18:45,33,33063,0,0,2,2,3,1,1,4,2,02,2,1,000,000,1,0,1,3,2,57,0,1,9,00,2,8,1,201000029178A01,7,1,1
201000029185,2010-06-07,2010,juin,lundi,15:57,33,33063,0,0,2,3,5,1,1,4,1,02,1,1,000,108,1,0,1,4,2,21,5,1,9,01,2,6,1,201000029185B01,10/ 37,0/17,2
201000029187,2010-06-07,2010,juin,lundi,14:05,33,33063,0,0,2,2,3,1,1,4,3,05,1,-1,000,000,1,4,1,4,2,28,0,1,4,00,2,1,19,201000029187A01,7,2,1
201000029196,2010-06-04,2010,juin,vendredi,13:50,33,33119,0,0,2,3,3,1,1,4,3,02,2,-1,000,000,1,0,0,4,1,35,0,1,4,00,0,1,1,201000029196B01,7,16,1
201000029198,2010-06-04,2010,juin,vendredi,20:22,33,33039,0,0,2,2,3,1,1,4,2,02,1,1,000,065,1,0,1,3,1,29,0,1,2,00,0,0,1,201000029198B01,7,15,1
201000029199,2010-06-03,2010,juin,jeudi,82:0,33,33192,0,0,2,1,3,1,1,4,2,04,1,1,000,089,1,0,5,4,1,38,0,1,4,00,0,2,1,201000029199B01,7,16,1
201000029202,2010-06-10,2010,juin,jeudi,14:00,33,33522,0,0,2,6,3,1,1,4,3,04,1,1,000,000,1,4,1,2,2,78,0,1,9,00,0,3,19,201000029202A01,40,1,1
201000029212,2010-06-12,2010,juin,samedi,19:45,33,33063,0,0,2,4,3,1,1,4,2,01,1,1,000,000,1,0,1,4,1,16,9,1,9,00,2,8,0,201000029212B01,7,1,1
201000029228,2010-06-17,2010,juin,jeudi,16:25,33,33063,0,0,2,4,6,1,1,4,-1,01,1,1,000,000,1,0,1,1,1,41,0,1,9,00,1,1,1,201000029228A01,,,
201000029240,2010-06-21,2010,juin,lundi,92:0,33,33063,0,0,2,4,3,1,1,4,3,04,1,1,000,000,1,0,1,3,1,64,0,1,2,00,2,1,1,201000029240B01,10,15,1
201000029245,2010-06-22,2010,juin,mardi,84:5,33,33063,0,0,2,1,3,1,1,4,2,01,1,2,000,000,9,0,1,4,1,56,1,1,4,00,2,2,13,201000029245B01,7,1,1
201000029250,2010-06-17,2010,juin,jeudi,16:05,33,33039,0,0,2,2,3,1,1,4,2,02,1,1,000,000,1,0,1,3,1,12,5,1,4,00,2,1,0,201000029250A01,7,1,1
201000029253,2010-06-24,2010,juin,jeudi,18:08,33,33063,0,0,2,4,3,1,1,4,2,02,1,1,000,000,1,0,1,4,1,36,0,1,9,00,2,8,1,201000029253B01,7,16,1
201000029262,2010-06-25,2010,juin,vendredi,85:0,33,33063,0,0,2,3,3,1,1,4,1,01,1,1,000,000,1,0,1,4,1,41,0,1,9,00,2,1,15,201000029262B01,7,1,1
201000029280,2010-07-01,2010,juillet,jeudi,13:50,33,33063,0,0,2,1,3,1,1,4,2,02,1,1,000,000,1,0,1,4,1,32,1,1,4,00,2,1,1,201000029280B01,10,15,1
201000029285,2010-07-04,2010,juillet,dimanche,18:00,33,33063,0,0,2,1,3,1,1,4,2,06,1,1,000,000,1,4,1,4,1,15,0,1,4,00,4,8,19,201000029285B01,40,1,1
201000029287,2010-06-28,2010,juin,lundi,85:0,33,33075,0,0,2,1,6,1,1,4,3,02,1,1,000,000,1,0,1,3,2,54,4,1,9,01,0,1,1,201000029287B01,7,24,1
201000029297,2010-07-06,2010,juillet,mardi,16:00,33,33281,0,0,2,6,7,1,1,4,2,02,1,-1,000,000,1,0,1,4,1,17,9,1,9,00,2,1,1,201000029297B01,7,1,1
201000029307,2010-06-30,2010,juin,mercredi,85:2,33,33318,0,0,2,3,3,1,1,4,1,01,1,1,000,000,1,0,1,4,1,60,0,1,9,00,2,4,15,201000029307B01,7,15,1
201000029313,2010-07-02,2010,juillet,vendredi,11:05,33,33522,0,0,2,2,3,1,1,4,3,02,1,2,000,000,1,0,1,4,1,84,0,1,4,00,2,1,1,201000029313B01,7,16,1
201000029320,2010-07-10,2010,juillet,samedi,94:0,33,33063,0,0,2,1,6,1,1,4,3,02,1,1,000,000,1,0,1,3,1,77,0,1,9,00,2,1,1,201000029320B01,7,1,1
201000029324,2010-07-11,2010,juillet,dimanche,11:40,33,33063,0,0,2,2,3,1,1,4,3,05,1,1,000,000,1,0,1,4,2,72,0,1,9,00,2,4,1,201000029324B01,3,16,1
201000029341,2010-07-20,2010,juillet,mardi,22:10,33,33063,0,0,2,5,3,2,1,4,3,04,-1,1,000,000,1,0,1,4,2,36,0,1,9,00,2,1,1,201000029341B01,7,1,1
201000029361,2010-07-23,2010,juillet,vendredi,16:35,33,33063,0,0,2,2,3,1,1,4,1,01,1,1,000,000,1,0,1,4,1,24,0,1,9,00,2,1,1,201000029361A01,7,1,1
201000029363,2010-07-20,2010,juillet,mardi,17:50,33,33075,0,0,2,4,3,1,1,4,2,02,1,1,000,000,1,0,1,4,1,31,0,1,9,00,2,9,1,201000029363A01,7,1,1
201000029365,2010-07-21,2010,juillet,mercredi,16:45,33,33063,0,0,2,1,6,1,1,4,1,01,1,3,000,059,1,0,1,4,1,33,4,1,4,01,0,1,1,201000029365B01,7,22,1
201000029368,2010-07-29,2010,juillet,jeudi,16:25,33,33063,0,0,2,1,7,1,1,4,1,01,1,1,000,051,1,0,1,3,1,52,0,1,9,06,0,0,0,201000029368A01,,,
201000029397,2010-08-09,2010,août,lundi,18:20,33,33063,0,0,2,1,6,1,1,4,1,03,1,-1,000,000,1,0,1,4,1,36,5,1,9,00,1,1,0,201000029397A01,,,
201000029397,2010-08-09,2010,août,lundi,18:20,33,33063,0,0,2,1,6,1,1,4,1,03,1,-1,000,000,1,0,1,4,2,12,0,1,9,00,1,1,0,201000029397A01,,,
201000029401,2010-08-11,2010,août,mercredi,45:,33,33063,0,0,2,1,7,5,1,4,1,01,1,1,000,000,1,0,0,3,1,26,5,1,9,00,0,0,0,201000029401A01,,,
201000029402,2010-08-07,2010,août,samedi,14:10,33,33318,0,0,2,1,2,1,1,4,2,02,1,1,012,030,1,0,5,4,1,17,5,1,9,15,0,1,1,201000029402B01,10,23,1
201000029406,2010-08-12,2010,août,jeudi,11:15,33,33063,0,0,2,2,3,1,1,4,1,02,1,1,000,000,1,0,1,1,1,41,4,1,2,00,2,8,0,201000029406B01,14,16,1
201000029416,2010-08-17,2010,août,mardi,12:25,33,33063,0,0,2,3,3,1,1,4,2,02,1,1,000,000,1,0,1,4,2,33,0,1,9,00,2,1,6,201000029416A01,37,2,1
201000029417,2010-08-19,2010,août,jeudi,10:,33,33063,0,0,2,1,6,4,1,4,2,02,1,1,000,097,1,0,1,3,2,44,0,1,4,01,0,0,14,201000029417A01,,,
201000029442,2010-08-24,2010,août,mardi,11:50,33,33550,0,0,2,6,3,1,1,4,2,02,1,1,000,070,1,5,1,4,1,69,0,1,4,00,0,0,1,201000029442B01,10,1,1
201000029447,2010-08-31,2010,août,mardi,22:30,33,33063,0,0,2,2,3,5,1,4,3,01,1,1,000,065,1,6,1,4,1,29,5,1,9,00,4,1,1,201000029447A01,40,1,1
201000029498,2010-09-11,2010,septembre,samedi,18:55,33,33063,0,0,2,2,3,1,1,4,1,02,1,1,000,000,1,0,1,4,1,52,0,1,9,00,2,1,1,201000029498A01,33,1,1
201000029501,2010-09-13,2010,septembre,lundi,81:5,33,33063,0,0,2,2,6,1,1,4,3,04,1,1,000,000,1,0,1,1,1,23,1,1,9,00,1,1,1,201000029501A01,,,
201000029503,2010-09-09,2010,septembre,jeudi,17:35,33,33318,0,0,2,1,6,1,1,4,2,02,1,1,000,050,1,0,3,4,1,53,1,1,4,00,2,1,1,201000029503B01,7,16,1
201000029519,2010-09-15,2010,septembre,mercredi,16:20,33,33063,0,0,2,3,3,1,1,4,1,01,1,1,000,000,1,5,0,4,1,41,5,1,2,00,2,0,1,201000029519B01,7,15,1
201000029526,2010-09-13,2010,septembre,lundi,16:40,33,33522,0,0,2,1,3,1,1,4,3,04,1,1,000,028,1,4,0,4,1,21,2,1,9,00,4,8,6,201000029526A01,40,1,1
201000029536,2010-09-17,2010,septembre,vendredi,11:45,33,33032,0,0,2,6,3,1,1,4,2,02,1,1,000,000,1,5,1,4,1,57,0,1,9,00,0,4,1,201000029536B01,7,1,1
201000029539,2010-09-16,2010,septembre,jeudi,64:5,33,33550,0,0,2,3,3,5,2,4,3,04,1,1,000,000,2,0,1,4,1,63,0,1,9,00,0,0,1,201000029539B01,7,15,1
201000029541,2010-09-17,2010,septembre,vendredi,20:10,33,33063,0,0,2,1,3,2,1,4,3,05,1,1,000,000,1,0,1,3,1,16,0,1,9,00,0,4,13,201000029541B01,7,1,1
201000029542,2010-09-20,2010,septembre,lundi,83:0,33,33039,0,0,2,1,3,1,1,4,2,02,1,1,000,113,1,0,1,4,1,68,5,1,9,00,2,1,1,201000029542B01,7,15,1
201000029545,2010-09-17,2010,septembre,vendredi,84:0,33,33063,0,0,2,6,3,1,1,4,3,04,1,1,000,000,1,5,5,4,2,30,0,1,9,00,0,0,1,201000029545B01,2,1,1
201000029553,2010-09-21,2010,septembre,mardi,13:45,33,33318,0,0,2,1,3,1,1,4,3,05,1,1,000,094,1,0,1,4,1,35,1,1,9,00,2,1,19,201000029553A01,10,1,1
201000029566,2010-09-25,2010,septembre,samedi,16:05,33,33167,0,0,2,1,3,1,1,4,2,02,1,1,000,059,1,0,1,4,1,35,5,1,9,00,2,2,1,201000029566B01,7,10,1
201000029571,2010-09-28,2010,septembre,mardi,10:45,33,33550,0,0,2,1,3,1,1,4,2,02,1,1,000,048,1,0,1,4,2,54,0,1,9,00,2,1,13,201000029571B01,7,17,1
201000029575,2010-10-02,2010,octobre,samedi,13:30,33,33063,0,0,2,1,2,1,1,4,3,04,1,1,000,000,1,0,1,4,2,55,0,1,9,00,2,1,1,201000029575B01,10,4,1
201000029591,2010-10-05,2010,octobre,mardi,71:5,33,33063,0,0,2,1,3,2,1,4,2,02,1,1,000,060,1,0,1,3,1,46,0,1,2,00,2,1,1,201000029591B01,7,10,1
201000029594,2010-10-06,2010,octobre,mercredi,16:00,33,33063,0,0,2,3,3,1,1,4,4,03,1,3,000,000,1,0,1,3,2,70,0,1,4,00,2,1,1,201000029594B01,7,16,1
201000029606,2010-10-07,2010,octobre,jeudi,15:25,33,33063,0,0,2,2,3,1,1,4,3,04,1,1,000,000,1,5,0,4,2,14,2,1,9,00,0,2,19,201000029606B01,7,16,1
201000029607,2010-10-07,2010,octobre,jeudi,14:35,33,33069,0,0,2,1,3,1,1,4,2,02,1,1,000,100,1,0,1,4,2,37,5,1,9,00,0,0,19,201000029607A01,7,20,1
201000029613,2010-10-08,2010,octobre,vendredi,17:55,33,33063,0,0,2,6,3,1,1,4,2,02,1,1,000,000,1,5,1,4,1,92,0,1,9,00,2,1,1,201000029613B01,7,1,1
201000029615,2010-10-06,2010,octobre,mercredi,13:15,33,33318,0,0,2,2,3,1,1,4,2,03,1,1,000,082,1,5,0,4,1,29,0,1,9,00,2,3,1,201000029615B01,10,15,1
201000029624,2010-10-12,2010,octobre,mardi,14:28,33,33063,0,0,2,2,3,1,1,4,1,02,1,1,000,070,1,4,0,3,1,28,5,1,2,00,2,1,19,201000029624A01,2,1,1
201000029628,2010-10-13,2010,octobre,mercredi,92:5,33,33318,0,0,2,2,3,1,1,5,2,02,1,1,000,064,9,4,0,3,1,20,0,1,9,00,4,2,19,201000029628A01,40,1,1
201000029635,2010-10-13,2010,octobre,mercredi,85:0,33,33249,0,0,2,6,6,1,1,3,3,02,1,-1,000,050,1,0,1,3,1,27,0,1,9,00,2,9,1,201000029635A01,7,0,1
201000029645,2010-10-16,2010,octobre,samedi,15:50,33,33063,0,0,2,1,3,1,1,4,2,02,1,-1,000,000,1,0,1,4,1,44,0,1,9,00,2,1,1,201000029645B01,7,23,1
201000029668,2010-10-26,2010,octobre,mardi,16:40,33,33063,0,0,2,9,3,1,1,4,2,01,1,1,010,206,1,0,1,4,1,52,0,1,9,00,2,8,15,201000029668A01,7,1,1
201000029669,2010-10-25,2010,octobre,lundi,16:20,33,33063,0,0,2,2,1,1,1,4,2,02,1,1,000,000,1,0,1,3,2,20,0,1,4,00,2,1,1,201000029669A01,7,15,1
201000029679,2010-10-28,2010,octobre,jeudi,17:15,33,33063,0,0,2,1,6,1,1,4,2,02,1,1,000,000,1,0,1,4,1,20,1,1,9,00,2,1,1,201000029679B01,7,22,1
201000029680,2010-10-28,2010,octobre,jeudi,18:25,33,33281,0,0,2,6,3,1,1,4,2,00,1,-1,000,135,1,0,1,3,1,24,0,1,9,00,2,0,1,201000029680B01,14,14,1
201000029693,2010-11-02,2010,novembre,mardi,17:20,33,33063,0,0,2,2,3,5,1,4,2,02,1,1,000,050,1,0,1,4,2,56,0,1,4,00,2,1,17,201000029693B01,7,15,1
201000029699,2010-10-29,2010,octobre,vendredi,90:0,33,33318,0,0,2,1,6,1,1,4,2,03,1,1,000,000,1,0,5,4,2,22,1,1,4,01,0,1,1,201000029699A01,,,
201000029703,2010-11-07,2010,novembre,dimanche,21:30,33,33063,0,0,2,3,3,5,1,4,2,02,1,1,000,060,1,0,1,3,2,25,0,1,4,00,2,8,1,201000029703A01,7,17,1
201000029722,2010-11-10,2010,novembre,mercredi,19:45,33,33063,0,0,2,7,6,5,1,4,3,06,1,1,000,000,2,0,1,1,1,34,0,1,4,00,1,1,1,201000029722A01,,,
201000029733,2010-11-12,2010,novembre,vendredi,16:20,33,33063,0,0,2,1,3,1,1,3,3,00,1,1,000,000,1,0,1,4,1,20,0,1,9,00,2,9,1,201000029733B01,7,0,1
201000029737,2010-11-09,2010,novembre,mardi,64:0,33,33318,0,0,2,5,3,5,1,4,2,02,1,1,000,093,1,0,1,4,1,31,0,1,9,00,2,2,1,201000029737B01,7,15,1
201000029745,2010-11-09,2010,novembre,mardi,83:0,33,33281,0,0,2,1,3,1,2,4,2,02,1,1,000,055,1,0,1,4,1,30,1,1,4,00,2,8,19,201000029745A01,7,1,1
201000029756,2010-11-20,2010,novembre,samedi,12:45,33,33063,0,0,2,1,6,1,8,4,-1,01,2,1,000,100,1,0,1,1,1,34,0,1,9,00,1,0,1,201000029756A01,,,
201000029756,2010-11-20,2010,novembre,samedi,12:45,33,33063,0,0,2,1,6,1,8,4,-1,01,2,1,000,100,1,0,1,4,1,38,0,1,9,00,1,0,1,201000029756A01,,,
201000029789,2010-11-29,2010,novembre,lundi,82:0,33,33063,0,0,2,3,6,1,1,4,3,07,1,1,000,030,2,0,1,4,2,25,2,1,4,00,2,1,19,201000029789B01,10,15,1
201000029801,2010-12-03,2010,décembre,vendredi,84:0,33,33063,0,0,2,4,3,1,1,4,1,04,1,1,000,000,1,0,1,4,2,18,0,1,9,00,2,1,5,201000029801A01,7,16,1
201000029820,2010-12-12,2010,décembre,dimanche,12:35,33,33063,0,0,2,2,6,1,1,4,-1,02,1,1,000,068,1,0,0,4,2,35,4,1,4,00,0,3,1,201000029820B01,7,15,1
201000029825,2010-12-07,2010,décembre,mardi,19:00,33,33075,0,0,2,3,2,5,1,4,2,02,2,1,000,055,1,0,1,4,1,14,0,1,9,00,2,1,2,201000029825A01,10,15,1
201000029838,2010-12-15,2010,décembre,mercredi,16:35,33,33063,0,0,2,3,3,1,1,4,1,01,1,1,000,000,1,0,1,4,2,15,0,1,2,00,2,5,0,201000029838B01,31,0,1
201000029844,2010-12-10,2010,décembre,vendredi,18:41,33,33192,0,0,2,3,3,5,1,4,2,02,1,1,000,072,1,0,1,4,1,19,0,1,9,00,2,1,0,201000029844A01,7,15,1
201000029851,2010-12-18,2010,décembre,samedi,19:40,33,33063,0,0,2,2,3,5,2,4,2,03,1,1,000,082,1,0,1,3,1,43,0,1,9,00,2,0,1,201000029851B01,7,16,1
201000029858,2010-12-17,2010,décembre,vendredi,81:5,33,33063,0,0,2,2,3,4,1,4,2,02,1,1,000,100,2,0,1,4,2,25,0,1,9,00,2,0,15,201000029858B01,7,0,1
201000029865,2010-12-20,2010,décembre,lundi,82:4,33,33522,0,0,2,4,3,1,1,4,2,02,1,1,000,070,1,0,1,4,1,30,0,1,9,00,2,1,1,201000029865B01,7,15,1
201000029866,2010-12-20,2010,décembre,lundi,17:55,33,33281,0,0,2,1,6,5,1,4,2,02,1,1,000,070,1,0,1,4,1,57,1,1,2,01,0,1,1,201000029866B01,7,22,1
201000029868,2010-12-25,2010,décembre,samedi,15:00,33,33063,0,0,2,2,3,1,1,4,1,01,1,1,000,085,1,0,1,3,1,37,0,1,4,00,2,1,1,201000029868B01,7,15,1
201000029871,2010-12-21,2010,décembre,mardi,18:25,33,33522,0,0,2,2,3,5,2,4,-1,03,1,1,000,000,2,5,0,4,1,12,0,1,9,00,2,0,1,201000029871B01,7,16,1
201000029892,2010-04-14,2010,avril,mercredi,12:30,33,33243,0,0,2,2,3,1,1,4,-1,02,1,1,000,000,1,0,1,3,1,51,5,1,9,00,2,1,19,201000029892A01,7,1,1
201000029893,2010-06-09,2010,juin,mercredi,18:25,33,33243,0,0,2,3,6,1,1,4,1,01,1,1,000,040,1,0,1,3,1,69,5,1,2,00,2,1,1,201000029893B01,,,
201000029894,2010-06-22,2010,juin,mardi,92:0,33,33243,0,0,2,6,3,1,1,3,2,02,1,-1,000,057,1,5,1,3,2,72,3,1,4,00,2,8,2,201000029894B01,7,2,1
201000029900,2010-08-24,2010,août,mardi,17:40,33,33243,0,0,2,6,3,1,1,4,1,01,1,1,000,062,1,0,5,3,2,79,3,1,4,00,2,1,5,201000029900B01,7,9,1
201000029901,2010-09-11,2010,septembre,samedi,23:46,33,33243,0,0,2,2,3,5,1,4,1,01,1,-1,000,055,1,0,1,3,1,15,5,1,4,00,2,1,1,201000029901A01,7,1,1
201000029915,2010-05-29,2010,mai,samedi,11:40,34,34003,43.30895,3.51352,1,1,6,1,1,3,1,03,1,1,000,093,1,3,1,3,2,55,1,1,9,00,2,5,1,201000029915B01,34,13,1
201000029918,2010-04-28,2010,avril,mercredi,19:15,34,34003,0,0,2,1,2,1,1,4,1,03,1,3,000,000,1,0,1,4,1,35,5,1,2,00,2,0,0,201000029918A01,7,0,1
201000029921,2010-07-19,2010,juillet,lundi,11:55,34,34003,43.28986,3.50716,1,1,2,1,1,4,1,03,1,1,000,000,1,0,1,3,1,39,5,1,9,00,2,4,1,201000029921B01,7,11,1
201000029923,2010-08-06,2010,août,vendredi,23:30,34,34003,43.29037,3.51491,2,1,3,3,1,4,2,01,1,1,000,077,1,0,1,3,1,16,5,1,9,00,2,1,2,201000029923B01,10,1,1
201000029925,2010-08-23,2010,août,lundi,14:40,34,34003,43.28956,3.50745,2,1,2,1,1,3,1,03,2,1,000,100,1,0,1,4,1,43,9,1,9,00,2,5,3,201000029925B01,7,2,1
201000029970,2010-03-31,2010,mars,mercredi,16:30,34,34336,43.32001,3.27958,2,1,3,1,1,4,-1,02,1,1,000,075,1,0,1,4,1,12,5,1,9,00,2,1,1,201000029970A01,7,1,1
201000029977,2010-04-19,2010,avril,lundi,12:05,34,34032,43.32862,3.24254,2,1,2,2,1,3,-1,02,1,1,000,075,1,0,1,4,1,54,0,1,9,00,2,1,1,201000029977B01,7,17,1
201000030017,2010-07-22,2010,juillet,jeudi,75:0,34,34032,0,0,2,6,3,1,1,4,-1,01,-1,-1,000,067,1,0,1,4,1,49,0,1,9,00,0,0,0,201000030017B01,7,0,1
201000030039,2010-09-18,2010,septembre,samedi,10:15,34,34032,43.34267,3.23324,2,1,7,1,1,4,-1,02,-1,-1,000,075,-1,0,1,4,1,14,0,1,9,00,0,0,0,201000030039A01,7,0,1
201000030042,2010-09-29,2010,septembre,mercredi,14:45,34,34032,43.34283,3.26184,2,1,6,2,1,3,-1,03,1,-1,000,075,-1,0,0,4,1,73,0,1,4,00,0,0,0,201000030042B01,7,0,1
201000030117,2010-01-06,2010,janvier,mercredi,15:00,34,34172,43.60415,3.85828,2,2,3,1,1,4,2,02,1,1,000,060,1,5,1,4,2,29,5,1,9,00,2,2,15,201000030117A01,7,1,1
201000030122,2010-01-11,2010,janvier,lundi,15:15,34,34172,43.62159,3.86866,2,2,3,1,1,4,2,02,1,1,000,060,1,5,1,4,1,23,5,1,9,00,2,1,19,201000030122A01,7,1,1
201000030131,2010-01-18,2010,janvier,lundi,17:00,34,34172,43.62437,3.86278,2,2,6,1,1,4,2,05,1,1,000,165,1,5,1,4,2,22,2,1,9,00,2,8,19,201000030131A01,10,17,1
201000030143,2010-01-26,2010,janvier,mardi,10:15,34,34172,43.60272,3.87096,2,2,3,1,1,4,1,03,1,1,000,120,1,5,1,4,2,68,5,1,9,00,2,8,19,201000030143B01,7,8,1
201000030211,2010-03-09,2010,mars,mardi,18:30,34,34198,43.5541,3.96735,2,3,1,1,1,3,2,02,2,2,000,000,1,0,0,3,1,43,1,1,2,00,2,1,16,201000030211A01,7,1,1
201000030226,2010-03-18,2010,mars,jeudi,11:40,34,34172,43.61578,3.87238,2,3,3,1,1,4,1,01,1,2,000,035,1,0,1,4,2,23,5,1,4,00,2,2,2,201000030226B01,7,9,1
201000030242,2010-03-27,2010,mars,samedi,17:00,34,34172,43.59784,3.88126,2,2,3,1,1,4,1,01,1,1,000,030,1,0,1,4,1,9,5,1,9,00,2,1,1,201000030242A01,10,1,1
201000030247,2010-03-31,2010,mars,mercredi,82:0,34,34172,43.62581,3.86569,2,1,3,1,1,4,1,01,1,1,000,060,1,0,4,4,1,41,1,1,2,00,2,1,5,201000030247A01,7,15,1
201000030262,2010-04-12,2010,avril,lundi,16:00,34,34172,43.61655,3.88367,2,2,5,1,1,4,1,01,1,1,000,030,1,0,1,4,1,15,5,1,9,00,2,2,1,201000030262A01,7,1,1
201000030262,2010-04-12,2010,avril,lundi,16:00,34,34172,43.61655,3.88367,2,2,5,1,1,4,1,01,1,1,000,030,1,0,1,1,1,17,5,1,9,00,2,1,1,201000030262C01,7,1,1
201000030274,2010-04-19,2010,avril,lundi,12:30,34,34198,43.55308,3.96824,2,3,1,1,1,4,2,02,1,1,000,060,1,0,1,4,2,66,5,1,2,00,2,7,2,201000030274B01,7,15,1