Num_Acc,date,an,mois,jour,hrmn,dep,com,lat,long,agg,int,col,lum,atm,catr,circ,nbv,prof,plan,lartpc,larrout,surf,infra,situ,grav,sexe,age,trajet,secuexist,equipement,obs,obsm,choc,manv,vehiculeid,typevehicules,manoeuvehicules,numVehicules
201000030285,2010-04-26,2010,avril,lundi,11:00,34,34172,0,0,2,1,6,1,1,4,2,02,1,1,000,060,1,0,4,1,1,19,5,1,9,00,1,2,0,201000030285A01,,,
201000030287,2010-04-27,2010,avril,mardi,84:5,34,34172,43.63067,3.84285,2,1,3,1,1,4,2,04,1,1,040,120,1,0,1,4,2,55,1,1,9,00,2,3,1,201000030287B01,1,0,1
201000030308,2010-05-10,2010,mai,lundi,18:45,34,34172,43.62726,3.8916,2,1,1,1,1,4,2,02,1,1,030,030,1,0,5,4,2,10,5,1,9,00,2,1,1,201000030308B01,30,16,1
201000030312,2010-05-13,2010,mai,jeudi,11:20,34,34172,43.61866,3.92099,2,3,6,1,1,4,2,01,4,1,000,030,9,0,1,4,1,9,5,1,9,00,2,1,9,201000030312A01,,,
201000030324,2010-05-22,2010,mai,samedi,17:50,34,34172,43.60835,3.8709,2,1,2,1,1,4,1,01,1,2,000,025,1,0,1,4,1,42,5,1,9,00,2,4,1,201000030324B01,7,1,1
201000030347,2010-06-09,2010,juin,mercredi,83:5,34,34129,43.34785,3.55038,1,1,7,1,8,4,2,02,1,1,000,060,1,2,5,4,1,15,2,1,9,04,0,1,1,201000030347A01,,,
201000030353,2010-06-11,2010,juin,vendredi,13:55,34,34172,43.3652,3.53808,2,1,7,1,2,6,1,01,2,1,000,030,2,0,1,3,2,56,1,1,9,00,0,0,1,201000030353A01,,,
201000030357,2010-06-13,2010,juin,dimanche,18:15,34,34172,43.3716,3.53277,2,3,3,1,8,4,3,04,1,1,022,100,2,5,1,3,2,23,5,1,2,00,2,7,19,201000030357B01,7,1,1
201000030362,2010-06-15,2010,juin,mardi,10:25,34,34172,43.36922,3.51391,2,1,2,1,2,4,2,02,1,1,000,060,1,0,1,3,2,63,1,1,9,00,2,8,19,201000030362B01,7,4,1
201000030367,2010-06-20,2010,juin,dimanche,13:30,34,34172,43.36931,3.50308,2,1,6,1,1,4,2,01,1,1,000,040,1,0,1,4,1,14,5,1,2,00,2,8,19,201000030367A01,7,1,1
201000030369,2010-06-22,2010,juin,mardi,19:45,34,34172,43.36152,3.51355,2,1,3,1,1,4,2,04,1,1,010,120,1,0,1,4,1,39,1,1,2,00,2,8,11,201000030369B01,7,1,1
201000030372,2010-06-23,2010,juin,mercredi,15:30,34,34172,43.36361,3.52038,2,2,3,1,1,4,1,02,1,1,000,056,1,0,1,3,1,32,5,1,2,00,2,1,1,201000030372A01,10,1,1
201000030400,2010-07-11,2010,juillet,dimanche,20:45,34,34172,43.3562,3.53709,2,1,6,1,1,4,2,02,1,1,000,066,1,0,1,3,1,16,5,1,4,00,2,4,1,201000030400B01,,,
201000030402,2010-07-13,2010,juillet,mardi,16:25,34,34172,43.37556,3.52932,2,1,3,1,1,4,2,04,2,1,000,120,1,0,1,4,1,59,5,1,9,00,2,8,1,201000030402B01,7,12,1
201000030403,2010-07-15,2010,juillet,jeudi,75:0,34,34172,43.36715,3.51825,2,1,7,1,1,4,2,03,1,1,000,090,1,0,1,4,1,32,5,1,9,09,0,1,1,201000030403A01,,,
201000030424,2010-07-22,2010,juillet,jeudi,17:30,34,34172,43.64805,3.84067,2,1,3,1,1,4,2,02,2,3,000,060,1,0,1,4,1,19,0,1,9,00,2,1,13,201000030424A01,7,1,1
201000030447,2010-08-10,2010,août,mardi,18:30,34,34129,43.56566,3.91365,2,3,3,1,1,3,2,02,1,1,025,060,1,0,1,4,1,51,5,1,9,00,2,1,1,201000030447A01,7,1,1
201000030449,2010-08-12,2010,août,jeudi,91:5,34,34129,43.58389,3.92633,2,1,1,1,1,3,2,03,1,1,013,127,1,0,1,3,2,21,1,1,9,00,2,7,19,201000030449B01,7,1,1
201000030455,2010-08-08,2010,août,dimanche,17:20,34,34172,43.60172,3.85242,2,6,3,1,1,4,3,02,1,1,000,000,1,5,1,4,1,15,5,1,9,00,2,2,9,201000030455B01,7,1,1
201000030467,2010-08-21,2010,août,samedi,18:30,34,34172,43.61066,3.87649,2,1,6,1,1,4,4,01,2,1,000,100,1,0,1,1,1,20,5,1,2,00,1,1,1,201000030467A01,,,
201000030476,2010-08-29,2010,août,dimanche,18:25,34,34172,43.60511,3.85034,2,6,3,1,1,4,2,02,1,1,000,060,1,0,1,4,2,15,5,1,9,00,2,3,1,201000030476B01,7,1,1
201000030496,2010-09-07,2010,septembre,mardi,20:30,34,34172,43.59291,3.82346,2,1,5,3,3,3,2,02,4,1,000,000,2,0,1,4,2,31,5,1,4,00,2,4,1,201000030496C01,7,1,1
201000030496,2010-09-07,2010,septembre,mardi,20:30,34,34172,43.59291,3.82346,2,1,5,3,3,3,2,02,4,1,000,000,2,0,1,3,1,32,5,1,4,00,2,4,1,201000030496B01,7,1,1
201000030524,2010-09-17,2010,septembre,vendredi,17:50,34,34172,43.63496,3.86224,2,1,7,1,1,4,2,02,2,1,000,060,1,0,1,4,1,30,2,1,9,12,0,1,1,201000030524A01,,,
201000030549,2010-09-29,2010,septembre,mercredi,91:5,34,34172,43.62857,3.87814,2,1,3,1,7,4,2,02,2,1,000,060,1,0,1,4,2,35,0,1,2,00,0,1,1,201000030549B01,7,0,1
201000030551,2010-10-01,2010,octobre,vendredi,20:20,34,34172,43.58718,3.85864,2,1,3,5,1,3,3,04,1,1,000,130,1,0,5,4,2,9,5,1,2,00,2,8,19,201000030551A01,7,1,1
201000030552,2010-10-02,2010,octobre,samedi,11:5,34,34172,43.60161,3.86826,2,1,1,5,1,4,1,01,1,1,000,000,1,3,1,3,1,28,5,1,4,00,2,1,5,201000030552A01,7,1,1
201000030554,2010-10-04,2010,octobre,lundi,21:15,34,34172,43.60552,3.87083,2,2,3,5,1,4,1,01,2,1,000,000,1,0,1,3,1,27,5,1,4,00,2,1,5,201000030554A01,7,1,1
201000030572,2010-10-15,2010,octobre,vendredi,19:25,34,34172,43.60114,3.84627,2,1,3,4,1,4,2,02,2,1,000,060,1,0,1,4,1,56,5,1,2,00,1,4,1,201000030572B01,7,1,1
201000030590,2010-10-27,2010,octobre,mercredi,19:30,34,34172,43.62085,3.85751,2,1,3,5,1,4,2,02,1,1,000,060,1,0,1,4,1,51,5,1,2,00,2,2,2,201000030590A01,7,15,1
201000030591,2010-10-29,2010,octobre,vendredi,83:0,34,34172,43.60505,3.88058,2,1,7,1,1,4,2,01,1,1,000,060,1,6,1,1,1,33,1,1,2,00,1,2,1,201000030591A01,,,
201000030612,2010-11-05,2010,novembre,vendredi,16:20,34,34129,43.57339,3.90065,2,1,6,1,1,9,-1,00,1,1,000,000,1,6,0,1,1,15,0,1,9,00,1,1,0,201000030612A01,,,
201000030612,2010-11-05,2010,novembre,vendredi,16:20,34,34129,43.57339,3.90065,2,1,6,1,1,9,-1,00,1,1,000,000,1,6,0,4,2,80,5,1,9,00,1,1,0,201000030612A01,,,
201000030626,2010-11-13,2010,novembre,samedi,84:5,34,34172,43.59596,3.83608,2,6,3,1,1,4,1,02,1,-1,000,060,1,5,1,4,1,58,5,1,9,00,2,7,1,201000030626B01,7,9,1
201000030630,2010-11-15,2010,novembre,lundi,80:0,34,34172,0,0,2,1,3,1,2,4,2,02,2,1,000,060,2,0,1,4,1,15,2,1,9,00,2,7,17,201000030630B01,7,15,1
201000030632,2010-11-15,2010,novembre,lundi,12:35,34,34172,43.62395,3.86217,2,2,3,1,2,4,2,05,4,1,011,150,2,0,1,4,1,23,5,1,9,00,2,1,19,201000030632A01,7,1,1
201000030647,2010-11-24,2010,novembre,mercredi,19:10,34,34172,43.60277,3.85529,2,1,3,5,1,4,2,04,1,1,000,120,1,0,1,4,1,23,5,1,9,00,2,1,19,201000030647A01,7,1,1
201000030657,2010-11-27,2010,novembre,samedi,17:25,34,34172,43.61717,3.84263,2,1,3,5,1,4,2,04,2,1,000,120,1,0,1,4,1,38,0,1,4,00,2,1,1,201000030657B01,7,16,1
201000030671,2010-12-07,2010,décembre,mardi,16:50,34,34172,43.61006,3.8995,2,3,3,2,8,4,2,05,2,1,010,150,2,0,1,4,1,53,5,1,2,00,2,7,1,201000030671B01,7,9,1
201000030680,2010-12-10,2010,décembre,vendredi,18:45,34,34172,43.63948,3.83944,2,3,2,5,1,4,2,02,1,1,000,080,1,5,1,4,1,23,2,1,2,00,2,1,1,201000030680B01,7,16,1
201000030691,2010-12-16,2010,décembre,jeudi,81:0,34,34172,43.62866,3.84541,2,2,1,1,1,4,2,02,1,1,000,060,1,0,1,4,1,25,1,1,4,00,2,8,1,201000030691A01,7,15,1
201000030701,2010-12-31,2010,décembre,vendredi,16:25,34,34172,43.62862,3.84534,2,3,3,1,1,4,2,02,1,1,000,060,1,0,1,4,1,28,5,1,2,00,2,1,1,201000030701B01,7,14,1
201000030723,2010-06-23,2010,juin,mercredi,23:30,34,34301,0,0,2,1,1,3,1,4,1,01,1,1,000,050,1,0,1,3,1,20,9,1,9,00,2,1,5,201000030723A01,7,1,1
201000030789,2010-01-06,2010,janvier,mercredi,19:30,35,35238,48.1307,-1.69006,2,1,6,5,4,4,2,02,1,1,000,060,5,0,1,4,1,64,5,1,8,00,0,1,1,201000030789A01,,,
201000030802,2010-01-19,2010,janvier,mardi,20:00,35,35238,48.1086,-1.682,2,2,3,5,2,4,2,02,1,1,000,060,2,0,1,4,1,23,5,1,8,00,2,2,1,201000030802A01,7,1,1
201000030812,2010-01-28,2010,janvier,jeudi,19:25,35,35238,48.1101,-1.68621,2,2,3,5,1,4,1,01,1,1,000,030,1,0,1,3,2,51,5,1,4,00,2,1,19,201000030812A01,37,1,1
201000030823,2010-02-04,2010,février,jeudi,17:20,35,35238,0,0,2,1,7,1,1,4,-1,00,-1,-1,000,000,1,0,5,3,2,64,0,1,4,00,0,1,1,201000030823A01,,,
201000030835,2010-02-16,2010,février,mardi,18:20,35,35238,0,0,2,2,2,5,1,4,1,02,1,1,000,000,1,0,1,4,2,20,5,1,9,00,2,1,1,201000030835A01,7,2,1
201000030854,2010-03-05,2010,mars,vendredi,18:00,35,35238,0,0,2,1,6,1,1,4,1,00,1,1,000,000,1,0,5,4,2,50,0,1,4,00,1,1,1,201000030854A01,,,
201000030856,2010-03-06,2010,mars,samedi,14:57,35,35281,0,0,2,1,7,1,1,4,-1,00,-1,-1,000,000,-1,0,1,4,2,60,0,1,4,14,0,0,1,201000030856A01,,,
201000030858,2010-03-08,2010,mars,lundi,17:30,35,35238,0,0,2,3,3,1,1,4,-1,00,1,3,000,000,1,0,1,4,1,51,1,1,4,00,2,0,1,201000030858B01,7,1,1
201000030863,2010-03-09,2010,mars,mardi,80:7,35,35238,0,0,2,1,7,1,1,4,-1,00,-1,-1,000,000,1,0,0,4,2,31,0,1,4,00,0,0,0,201000030863A01,,,
201000030867,2010-03-11,2010,mars,jeudi,90:0,35,35238,0,0,2,1,6,1,1,4,2,02,1,1,000,000,1,0,1,4,2,27,1,1,4,00,2,1,1,201000030867B01,7,22,1
201000030869,2010-03-13,2010,mars,samedi,17:30,35,35238,0,0,2,1,6,1,1,4,-1,01,-1,-1,000,000,-1,0,1,3,1,71,0,1,4,00,0,0,1,201000030869A01,,,
201000030875,2010-03-16,2010,mars,mardi,11:10,35,35238,0,0,2,1,6,1,1,4,-1,01,-1,-1,000,000,1,0,1,4,2,41,0,1,4,00,0,0,1,201000030875A01,,,
201000030897,2010-04-09,2010,avril,vendredi,31:0,35,35238,48.1037,-1.66239,2,1,6,3,1,4,-1,02,3,1,000,040,1,0,1,1,1,29,5,1,4,00,1,0,1,201000030897A01,,,
201000030901,2010-04-10,2010,avril,samedi,65:0,35,35238,48.1102,-1.67414,2,2,7,1,1,4,1,01,1,1,000,070,1,5,1,4,1,36,5,1,4,00,0,1,1,201000030901A01,,,
201000030908,2010-04-19,2010,avril,lundi,16:00,35,35238,48.1057,-1.66601,2,5,3,1,1,4,2,05,4,1,000,150,1,5,1,3,2,49,5,1,2,00,2,0,1,201000030908B01,7,16,1
201000030927,2010-05-06,2010,mai,jeudi,12:10,35,35238,48.107,-1.67098,2,1,3,1,1,4,2,02,1,1,000,060,1,0,1,4,1,24,5,1,8,00,2,1,1,201000030927B01,7,22,1
201000030941,2010-05-16,2010,mai,dimanche,11:10,35,35238,48.1028,-1.6766,2,1,3,1,1,4,2,04,2,1,000,120,1,0,1,4,1,32,5,1,4,00,2,4,1,201000030941B01,7,13,1
201000030942,2010-05-17,2010,mai,lundi,84:0,35,35238,48.1095,-1.69286,2,1,3,1,1,4,2,02,1,1,000,060,1,0,1,3,2,55,9,1,4,00,2,1,15,201000030942A01,7,1,1
201000030946,2010-05-20,2010,mai,jeudi,19:15,35,35238,48.1074,-1.68037,2,2,3,1,1,4,3,02,1,1,025,060,1,5,1,4,2,25,5,1,9,00,2,0,1,201000030946B01,7,1,1
201000030948,2010-05-21,2010,mai,vendredi,84:0,35,35238,48.0935,-1.66945,2,1,7,1,1,4,2,02,1,1,000,000,1,0,5,4,2,46,1,1,4,01,0,1,1,201000030948A01,,,
201000030953,2010-05-23,2010,mai,dimanche,11:45,35,35281,0,0,1,3,3,1,1,3,3,02,1,1,000,000,1,5,1,4,1,75,0,1,4,00,2,0,15,201000030953A01,7,1,1
201000030956,2010-05-26,2010,mai,mercredi,11:10,35,35238,0,0,2,1,7,1,1,4,-1,00,1,1,000,000,1,0,1,3,1,75,0,1,4,00,0,0,1,201000030956A01,,,
201000030957,2010-05-26,2010,mai,mercredi,14:45,35,35238,48.1096,-1.68019,2,1,6,1,1,4,2,02,1,1,000,060,1,6,4,1,1,24,5,1,8,00,1,0,1,201000030957A01,,,
201000030963,2010-05-27,2010,mai,jeudi,13:50,35,35238,48.1102,-1.68531,2,1,6,1,1,4,3,03,1,1,015,090,1,0,1,3,1,64,5,1,8,09,0,1,19,201000030963A01,,,
201000030971,2010-06-04,2010,juin,vendredi,93:5,35,35238,48.1016,-1.70854,2,1,3,1,1,4,2,02,1,1,000,060,1,0,4,1,1,49,1,1,1,00,2,1,1,201000030971A01,7,9,1
201000030975,2010-06-10,2010,juin,jeudi,10:10,35,35238,48.1105,-1.70884,2,1,3,1,8,4,2,02,1,1,000,060,2,0,1,3,1,81,5,1,8,00,2,1,1,201000030975B01,10,22,1
201000030984,2010-06-16,2010,juin,mercredi,18:35,35,35238,48.1107,-1.67328,2,1,2,1,1,4,1,01,1,1,000,050,1,0,1,1,2,55,1,1,8,00,2,1,1,201000030984A01,1,2,1
201000030984,2010-06-16,2010,juin,mercredi,18:35,35,35238,48.1107,-1.67328,2,1,2,1,1,4,1,01,1,1,000,050,1,0,1,4,2,43,1,1,8,00,2,4,2,201000030984B01,1,1,1
201000030995,2010-06-24,2010,juin,jeudi,81:5,35,35238,48.0915,-1.66153,2,6,3,1,1,4,3,01,1,1,020,050,1,5,1,4,1,55,1,1,8,00,2,1,1,201000030995B01,7,9,1
201000030996,2010-06-24,2010,juin,jeudi,92:5,35,35238,48.09,-1.6893,2,3,3,1,1,4,2,02,1,1,000,060,1,0,1,4,2,19,5,1,8,00,2,8,5,201000030996A01,7,15,1
201000031005,2010-06-30,2010,juin,mercredi,14:15,35,35055,0,0,2,6,3,1,1,4,2,00,1,2,000,000,1,0,1,4,2,28,1,1,9,00,2,1,1,201000031005B01,7,16,1
201000031011,2010-07-03,2010,juillet,samedi,13:00,35,35238,48.0876,-1.65516,2,1,3,1,1,4,3,01,1,1,000,040,1,0,1,4,1,52,5,1,8,00,2,1,1,201000031011B01,7,22,1
201000031012,2010-07-04,2010,juillet,dimanche,18:15,35,35238,48.1277,-1.65209,2,6,3,1,1,4,1,02,1,1,000,060,1,5,1,4,2,10,5,1,4,00,2,1,19,201000031012B01,7,1,1
201000031015,2010-07-07,2010,juillet,mercredi,16:35,35,35238,48.1169,-1.65615,2,2,3,1,1,4,2,02,1,1,000,060,1,0,1,4,2,43,5,1,2,00,2,1,1,201000031015B01,7,15,1
201000031038,2010-07-29,2010,juillet,jeudi,16:00,35,35238,48.0853,-1.65098,2,2,3,1,1,4,3,02,1,1,025,060,1,0,1,4,1,8,5,1,8,00,2,0,19,201000031038A01,7,1,1
201000031045,2010-08-09,2010,août,lundi,17:55,35,35238,48.1063,-1.69447,2,1,6,1,1,4,2,02,1,1,000,060,1,0,1,4,1,53,5,1,8,12,0,1,1,201000031045A01,,,
201000031052,2010-08-16,2010,août,lundi,15:20,35,35238,0,0,2,1,7,1,1,4,-1,02,-1,-1,000,000,1,0,5,4,2,71,5,1,4,00,0,0,1,201000031052A01,,,
201000031054,2010-08-19,2010,août,jeudi,20:35,35,35238,48.1285,-1.69927,2,3,2,1,1,4,-1,02,1,1,000,000,1,5,1,4,1,61,5,1,2,00,2,0,1,201000031054A01,7,1,1
201000031056,2010-08-22,2010,août,dimanche,17:55,35,35238,48.0927,-1.63034,2,1,6,1,8,4,2,02,1,1,000,070,1,0,1,4,1,18,1,1,8,01,0,0,1,201000031056B01,,,
201000031057,2010-08-23,2010,août,lundi,10:30,35,35238,48.1191,-1.71517,2,1,3,1,1,4,2,02,1,1,000,060,1,0,1,4,2,23,4,1,2,00,2,3,1,201000031057B01,10,22,1
201000031063,2010-08-30,2010,août,lundi,16:15,35,35238,48.1038,-1.67711,2,3,6,1,1,4,2,00,1,1,000,000,1,0,1,4,1,50,5,1,8,12,0,0,1,201000031063A01,,,
201000031081,2010-09-14,2010,septembre,mardi,16:46,35,35238,48.092,-1.62827,2,5,6,1,1,2,3,00,1,1,000,000,1,0,1,3,1,15,5,1,8,12,0,1,1,201000031081A01,,,
201000031082,2010-09-15,2010,septembre,mercredi,80:0,35,35238,48.1074,-1.67455,2,3,3,1,2,4,3,04,1,3,000,000,2,0,1,4,1,33,1,1,8,00,2,1,1,201000031082B01,7,16,1
201000031095,2010-09-22,2010,septembre,mercredi,13:00,35,35238,48.1086,-1.682,2,2,3,1,1,4,2,02,1,1,000,060,1,0,1,4,1,68,5,1,8,00,2,1,1,201000031095B01,7,15,1
201000031097,2010-09-24,2010,septembre,vendredi,85:0,35,35238,48.1101,-1.68621,2,2,3,1,8,4,2,02,1,1,000,000,1,0,1,4,1,59,1,1,8,00,2,1,1,201000031097B01,7,15,1
201000031110,2010-10-01,2010,octobre,vendredi,81:0,35,35238,48.1076,-1.67254,2,1,2,1,2,4,2,02,1,1,000,000,2,0,1,4,2,44,1,1,4,00,2,1,1,201000031110B01,7,4,1
201000031117,2010-10-04,2010,octobre,lundi,80:0,35,35238,48.1104,-1.67641,2,3,3,5,3,4,1,01,1,1,000,000,2,0,1,4,1,13,2,1,8,00,2,1,1,201000031117A01,7,16,1
201000031155,2010-11-05,2010,novembre,vendredi,43:5,35,35238,48.1323,-1.6545,2,1,7,5,1,4,2,02,1,1,000,050,1,0,1,4,1,20,5,1,8,00,0,1,1,201000031155A01,,,
201000031156,2010-11-05,2010,novembre,vendredi,11:50,35,35238,0,0,2,3,7,1,2,4,3,04,1,1,000,000,2,0,1,4,2,26,1,1,4,00,2,0,1,201000031156B01,7,19,1
201000031157,2010-11-05,2010,novembre,vendredi,18:35,35,35238,48.1077,-1.66584,2,3,1,5,1,4,2,04,1,1,000,120,1,0,1,4,1,22,0,1,1,00,2,1,13,201000031157A01,7,0,1
201000031163,2010-11-07,2010,novembre,dimanche,23:10,35,35238,48.1046,-1.67264,2,4,3,5,2,4,2,04,1,1,000,000,2,0,5,4,1,20,5,1,4,00,2,1,1,201000031163B01,7,16,1
201000031166,2010-11-08,2010,novembre,lundi,12:10,35,35238,48.1186,-1.65552,2,6,3,1,1,4,2,02,1,1,000,060,2,0,1,4,1,17,2,1,8,00,2,2,1,201000031166B01,7,9,1
201000031168,2010-11-08,2010,novembre,lundi,19:50,35,35238,48.1218,-1.66273,2,3,3,5,1,4,2,02,1,1,000,060,2,0,1,4,1,26,5,1,8,00,2,1,9,201000031168A01,7,15,1
201000031177,2010-11-16,2010,novembre,mardi,13:50,35,35238,48.1219,-1.68356,2,1,3,1,1,4,2,02,1,1,000,000,1,0,1,4,1,70,5,1,2,01,0,1,1,201000031177B01,7,22,1
201000031188,2010-11-21,2010,novembre,dimanche,21:0,35,35238,48.0865,-1.6657,2,1,2,5,1,4,2,02,1,1,000,000,1,0,1,4,2,56,5,1,8,00,2,4,1,201000031188B01,7,0,1
201000031191,2010-11-23,2010,novembre,mardi,80:0,35,35238,48.1275,-1.65246,2,6,3,5,1,4,3,02,1,1,000,000,1,5,1,4,2,52,1,1,4,00,2,0,1,201000031191B01,7,16,1
201000031207,2010-12-06,2010,décembre,lundi,12:35,35,35281,0,0,2,6,3,1,2,2,1,00,2,1,000,000,2,5,1,4,2,44,0,1,4,00,2,1,1,201000031207B01,7,9,1
201000031209,2010-12-07,2010,décembre,mardi,82:5,35,35238,48.0997,-1.64764,2,1,3,2,1,4,2,02,2,1,000,000,1,0,1,4,1,57,0,1,2,00,2,0,1,201000031209B01,7,9,1
201000031217,2010-12-10,2010,décembre,vendredi,16:05,35,35238,0,0,2,1,3,1,1,4,2,02,1,1,000,000,1,0,1,4,1,24,5,1,4,00,2,1,1,201000031217B01,7,15,1
201000031218,2010-12-09,2010,décembre,jeudi,16:05,35,35238,48.1174,-1.69402,2,1,3,1,1,4,2,02,1,1,000,000,1,0,1,4,1,24,5,1,8,00,2,1,1,201000031218B01,7,0,1
201000031233,2010-12-17,2010,décembre,vendredi,95:0,35,35238,48.112,-1.70237,2,2,3,1,1,4,3,02,4,1,000,000,2,5,1,4,1,44,1,1,8,00,2,1,1,201000031233B01,10,15,1
201000031238,2010-12-20,2010,décembre,lundi,12:10,35,35238,48.1055,-1.68963,2,1,6,1,1,4,2,02,1,1,000,000,1,0,4,1,1,36,1,1,8,00,1,1,1,201000031238A01,,,
201000031254,2010-03-02,2010,mars,mardi,15:45,35,35288,0,0,2,1,3,1,1,4,2,02,2,1,000,000,1,0,1,3,1,79,0,1,2,00,2,3,1,201000031254B01,7,17,1
201000031261,2010-04-18,2010,avril,dimanche,16:27,35,35093,0,0,2,1,7,1,1,4,1,01,1,1,000,000,1,0,1,4,2,10,5,1,2,00,0,0,1,201000031261B01,7,17,1
201000031262,2010-04-15,2010,avril,jeudi,18:48,35,35093,0,0,2,1,6,1,1,4,2,00,1,1,000,000,1,0,1,1,1,34,5,1,2,00,1,0,1,201000031262A01,,,
201000031269,2010-06-07,2010,juin,lundi,18:15,35,35288,0,0,2,3,3,1,1,4,1,01,1,1,000,000,1,0,1,4,1,21,1,1,2,00,2,7,9,201000031269A01,10,1,1
201000031282,2010-08-11,2010,août,mercredi,45:0,35,35288,0,0,2,1,7,5,1,4,2,02,4,2,000,000,2,0,1,3,2,18,5,1,2,00,0,0,1,201000031282A01,,,
201000031282,2010-08-11,2010,août,mercredi,45:0,35,35288,0,0,2,1,7,5,1,4,2,02,4,2,000,000,2,0,1,4,2,18,5,1,2,00,0,0,1,201000031282A01,,,
201000031291,2010-10-08,2010,octobre,vendredi,19:25,35,35288,0,0,2,3,3,1,1,4,2,02,1,1,000,000,1,0,1,3,1,21,5,1,2,00,2,1,19,201000031291A01,7,1,1
201000031292,2010-10-12,2010,octobre,mardi,10:00,35,35288,0,0,2,6,3,1,1,4,1,02,1,1,000,000,1,0,1,2,2,79,5,1,2,00,2,1,1,201000031292B01,7,9,1
201000031294,2010-10-20,2010,octobre,mercredi,94:5,35,35288,0,0,2,6,3,1,1,4,2,02,1,1,000,000,1,1,1,4,2,40,1,1,2,00,2,5,1,201000031294B01,7,1,1
201000031305,2010-01-12,2010,janvier,mardi,71:1,36,36044,46.8044,1.69914,2,4,3,5,1,4,1,01,1,1,000,000,7,0,1,3,1,48,5,1,2,00,2,1,1,201000031305B01,10,15,1
201000031319,2010-04-27,2010,avril,mardi,81:0,36,36044,46.809,1.68105,2,1,2,1,1,4,2,00,1,1,000,000,1,0,1,3,1,66,5,1,9,00,2,4,1,201000031319B01,7,1,1
201000031333,2010-07-07,2010,juillet,mercredi,19:03,36,36044,46.8169,1.69695,2,1,3,1,1,4,2,02,2,1,020,100,1,0,5,3,1,23,5,1,9,00,2,1,1,201000031333B01,7,16,1
201000031335,2010-07-16,2010,juillet,vendredi,16:50,36,36044,46.8069,1.69611,2,1,2,1,1,4,2,02,1,1,000,000,1,0,1,4,2,11,5,1,2,00,2,6,1,201000031335B01,7,0,1
201000031357,2010-12-14,2010,décembre,mardi,19:00,36,36063,46.8282,1.71138,2,3,1,5,1,4,2,02,1,3,000,060,1,0,1,3,1,80,5,1,9,00,2,1,1,201000031357B01,7,15,1
201000031366,2010-04-03,2010,avril,samedi,19:45,36,36044,46.8126,1.69696,2,6,3,1,1,4,2,00,1,1,000,000,2,0,1,4,2,29,5,1,2,00,2,1,1,201000031366B01,7,9,1
201000031367,2010-04-05,2010,avril,lundi,17:18,36,36202,0,0,2,1,2,1,1,4,2,02,1,2,000,080,1,0,1,4,1,48,5,1,2,00,2,4,2,201000031367B01,33,2,1
201000031380,2010-05-17,2010,mai,lundi,17:55,36,36044,46.8044,1.68157,2,1,3,1,1,4,2,02,1,1,000,000,1,0,1,4,1,13,5,1,2,00,2,1,9,201000031380B01,7,1,1
201000031391,2010-06-25,2010,juin,vendredi,17:30,36,36044,46.8084,1.67141,2,3,3,1,1,4,1,01,1,1,000,060,1,0,1,4,1,8,5,1,4,00,2,1,1,201000031391A01,7,1,1
201000031395,2010-07-12,2010,juillet,lundi,18:55,36,36044,46.7932,1.71132,2,6,3,1,1,4,1,01,1,2,050,027,1,0,1,4,1,38,0,1,9,00,2,1,1,201000031395B01,7,1,1
201000031407,2010-08-04,2010,août,mercredi,14:15,36,36044,46.8214,1.6975,2,1,3,1,1,4,2,02,1,1,000,000,1,0,1,4,2,12,5,1,9,00,2,7,19,201000031407B01,2,18,1
201000031418,2010-09-14,2010,septembre,mardi,18:15,36,36044,46.7917,1.71204,2,6,2,1,1,3,2,02,1,1,000,080,1,0,1,4,1,58,0,1,2,00,2,4,2,201000031418B01,7,2,1
201000031420,2010-09-23,2010,septembre,jeudi,75:0,36,36044,46.8,1.69011,2,1,6,1,1,4,2,02,1,1,000,050,-1,0,1,4,1,16,0,1,9,01,0,3,1,201000031420A01,,,
201000031448,2010-11-21,2010,novembre,dimanche,16:30,36,36044,46.8004,1.7102,2,1,7,1,1,4,2,02,1,1,000,095,1,0,1,4,1,15,5,1,4,00,0,0,14,201000031448A01,,,
201000031455,2010-12-12,2010,décembre,dimanche,11:17,36,36063,46.8316,1.71561,2,9,7,1,2,4,2,02,1,1,020,096,2,0,1,4,1,59,5,1,4,00,0,0,1,201000031455A01,,,
201000031458,2010-12-19,2010,décembre,dimanche,21:20,36,36044,46.8016,1.68602,2,1,7,5,1,4,2,02,1,1,000,076,-1,0,1,4,1,50,5,1,4,00,0,0,1,201000031458A01,,,
201000031467,2010-01-13,2010,janvier,mercredi,17:15,37,37261,47.3635,0.67944,2,6,3,1,1,4,2,02,1,1,000,065,2,0,0,4,2,32,1,1,2,00,2,8,19,201000031467B01,7,1,1
201000031476,2010-07-09,2010,juillet,vendredi,15:15,37,37261,47.3913,0.69662,2,1,6,1,1,9,2,04,1,1,040,140,1,0,1,3,2,19,5,1,9,00,2,7,19,201000031476B01,7,1,1
201000031481,2010-01-29,2010,janvier,vendredi,13:03,37,37261,47.381,0.70621,2,6,2,1,1,4,4,00,1,1,000,000,1,2,1,4,2,65,0,1,9,00,0,4,0,201000031481B01,7,0,1