Num_Acc,date,an,mois,jour,hrmn,dep,com,lat,long,agg,int,col,lum,atm,catr,circ,nbv,prof,plan,lartpc,larrout,surf,infra,situ,grav,sexe,age,trajet,secuexist,equipement,obs,obsm,choc,manv,vehiculeid,typevehicules,manoeuvehicules,numVehicules
201000031483,2010-01-05,2010,janvier,mardi,18:00,37,37214,47.4051,0.6462,2,1,1,2,1,4,-1,00,-1,-1,000,000,1,0,1,4,2,18,0,1,9,00,2,0,1,201000031483B01,7,1,1
201000031494,2010-01-29,2010,janvier,vendredi,75:3,37,37261,47.3864,0.68039,2,1,6,2,1,4,-1,00,-1,-1,000,000,1,0,1,4,1,25,0,1,9,00,2,0,0,201000031494B01,7,15,1
201000031528,2010-02-08,2010,février,lundi,17:51,37,37233,47.396,0.72488,2,1,3,1,1,4,2,02,1,1,000,060,1,0,1,4,1,25,5,1,9,00,2,1,1,201000031528B01,7,15,1
201000031531,2010-02-15,2010,février,lundi,84:0,37,37261,47.3701,0.67668,2,1,6,1,2,4,2,02,1,1,030,120,1,0,5,4,2,32,5,1,9,00,2,3,1,201000031531A01,10,1,1
201000031535,2010-03-12,2010,mars,vendredi,85:0,37,37261,47.3744,0.7052,2,1,2,1,1,3,2,04,1,1,000,120,1,0,5,4,1,17,2,1,9,00,0,1,1,201000031535A01,10,0,1
201000031549,2010-04-12,2010,avril,lundi,17:00,37,37261,47.3772,0.70344,2,1,3,1,1,4,2,01,1,1,000,042,1,0,1,4,1,6,5,1,9,00,2,8,0,201000031549A01,7,1,1
201000031553,2010-03-03,2010,mars,mercredi,85:0,37,37261,47.3919,0.68804,2,1,7,1,1,4,2,02,1,1,000,000,1,0,1,4,2,36,1,1,9,12,0,0,1,201000031553A01,,,
201000031566,2010-05-21,2010,mai,vendredi,12:40,37,37261,0,0,2,1,3,1,1,4,1,01,1,1,000,050,1,0,1,4,1,13,2,1,2,00,2,6,1,201000031566A01,10,1,1
201000031579,2010-02-11,2010,février,jeudi,90:5,37,37261,47.3911,0.6819,2,1,6,1,1,4,-1,00,1,1,000,000,1,0,1,4,2,31,0,1,9,00,0,0,1,201000031579A01,,,
201000031581,2010-02-12,2010,février,vendredi,61:1,37,37261,47.407,0.6814,2,1,6,2,9,4,-1,00,-1,-1,000,000,1,0,1,4,2,89,0,1,9,00,0,0,0,201000031581A01,,,
201000031594,2010-02-03,2010,février,mercredi,18:08,37,37261,47.3913,0.69652,2,1,6,2,1,4,3,00,1,1,000,000,1,0,1,4,2,17,0,1,9,00,2,0,0,201000031594B01,7,15,1
201000031594,2010-02-03,2010,février,mercredi,18:08,37,37261,47.3913,0.69652,2,1,6,2,1,4,3,00,1,1,000,000,1,0,1,4,1,8,0,1,9,00,2,0,0,201000031594B01,7,15,1
201000031596,2010-02-21,2010,février,dimanche,10:10,37,37261,47.3729,0.67094,1,1,7,1,1,4,2,02,1,1,000,050,1,0,1,4,1,70,5,1,9,00,0,0,1,201000031596A01,,,
201000031606,2010-04-27,2010,avril,mardi,17:00,37,37208,47.3568,0.7315,2,2,3,1,1,4,2,02,1,1,000,060,1,0,1,4,2,12,2,1,9,00,2,1,1,201000031606A01,7,1,1
201000031611,2010-05-26,2010,mai,mercredi,13:48,37,37261,47.3804,0.69734,2,1,2,1,1,4,1,02,1,2,050,070,1,5,1,4,1,14,0,1,4,00,2,4,1,201000031611B01,7,16,1
201000031613,2010-02-18,2010,février,jeudi,91:0,37,37214,47.4137,0.67078,2,1,6,1,1,4,2,00,1,1,000,000,1,0,0,4,1,59,0,1,2,00,2,0,0,201000031613B01,7,0,1
201000031621,2010-06-06,2010,juin,dimanche,23:20,37,37261,47.3765,0.67931,2,1,6,5,1,4,1,02,2,1,000,090,1,0,1,3,1,26,5,1,9,00,0,1,0,201000031621A01,,,
201000031622,2010-06-09,2010,juin,mercredi,21:25,37,37261,47.3908,0.69216,2,2,3,2,1,4,3,03,1,1,015,120,-1,5,1,3,2,29,5,1,2,00,2,8,1,201000031622B01,7,16,1
201000031623,2010-06-11,2010,juin,vendredi,41:5,37,37261,47.3798,0.67985,2,2,3,5,8,4,2,02,1,1,000,082,1,0,1,3,2,20,0,1,9,00,2,8,1,201000031623A01,7,1,1
201000031628,2010-07-13,2010,juillet,mardi,23:15,37,37261,47.4048,0.69544,2,1,1,5,1,4,2,02,2,3,000,050,1,0,1,4,1,29,1,1,9,00,2,1,1,201000031628B01,2,13,1
201000031636,2010-03-23,2010,mars,mardi,13:45,37,37208,47.3645,0.71857,2,2,6,1,1,4,-1,00,-1,-1,000,000,-1,0,1,4,1,52,0,1,9,00,2,0,0,201000031636B01,7,0,1
201000031639,2010-03-30,2010,mars,mardi,13:35,37,37261,47.3735,0.68503,2,1,3,1,1,4,3,04,1,1,060,120,1,0,1,3,1,52,0,1,9,00,2,8,19,201000031639B01,7,1,1
201000031641,2010-03-31,2010,mars,mercredi,72:5,37,37261,47.4266,0.69669,2,1,6,1,1,4,2,02,1,1,000,080,1,0,4,1,1,19,2,1,9,00,1,1,0,201000031641A01,,,
201000031642,2010-04-17,2010,avril,samedi,17:53,37,37261,47.3655,0.67837,2,1,3,1,1,9,2,02,1,1,000,070,1,0,1,3,1,15,5,1,9,00,2,1,19,201000031642B01,7,1,1
201000031649,2010-04-19,2010,avril,lundi,12:39,37,37233,47.3874,0.72282,2,2,3,1,1,4,2,04,1,1,020,120,1,0,1,3,1,62,5,1,9,00,2,1,19,201000031649B01,7,16,1
201000031651,2010-04-01,2010,avril,jeudi,90:8,37,37261,47.3923,0.69135,2,1,6,1,1,9,1,01,1,1,000,080,1,6,1,3,1,18,2,1,9,08,0,1,1,201000031651A01,,,
201000031656,2010-04-23,2010,avril,vendredi,15:06,37,37208,47.3557,0.72493,2,1,7,1,1,4,1,01,1,1,000,040,1,0,1,3,1,14,2,1,9,00,0,7,1,201000031656A01,,,
201000031660,2010-04-28,2010,avril,mercredi,17:00,37,37261,47.3947,0.68686,2,1,6,1,1,4,2,02,1,1,000,070,1,0,1,1,1,30,0,1,2,00,1,1,1,201000031660A01,,,
201000031660,2010-04-28,2010,avril,mercredi,17:00,37,37261,47.3947,0.68686,2,1,6,1,1,4,2,02,1,1,000,070,1,0,1,3,2,21,5,1,9,00,1,1,1,201000031660A01,,,
201000031661,2010-04-30,2010,avril,vendredi,12:50,37,37261,47.3959,0.68625,2,1,6,1,1,4,2,02,1,1,000,070,1,6,1,1,1,23,5,1,9,00,1,1,1,201000031661A01,,,
201000031661,2010-04-30,2010,avril,vendredi,12:50,37,37261,47.3959,0.68625,2,1,6,1,1,4,2,02,1,1,000,070,1,6,1,3,2,25,5,1,9,00,1,1,1,201000031661A01,,,
201000031673,2010-05-25,2010,mai,mardi,11:20,37,37233,47.3928,0.72926,2,2,3,1,1,4,2,02,1,1,000,120,1,0,1,3,2,,5,1,9,00,2,1,1,201000031673B01,7,9,1
201000031674,2010-05-25,2010,mai,mardi,82:5,37,37261,47.4122,0.70276,2,2,6,1,1,4,-1,02,1,2,000,070,1,0,1,3,1,11,2,1,9,00,2,4,9,201000031674B01,7,9,1
201000031676,2010-06-03,2010,juin,jeudi,19:30,37,37233,47.3898,0.72375,2,1,2,1,1,4,2,02,1,1,000,060,1,0,1,3,1,20,0,1,9,00,0,1,1,201000031676A01,7,23,1
201000031677,2010-06-05,2010,juin,samedi,90:5,37,37261,47.3901,0.67876,2,2,3,1,1,9,1,01,1,1,000,040,1,0,1,3,2,38,5,1,9,00,2,1,0,201000031677A01,7,15,1
201000031691,2010-06-14,2010,juin,lundi,17:10,37,37261,47.3861,0.67658,1,2,3,1,1,4,2,02,1,1,000,060,1,0,1,4,1,37,1,1,9,00,2,5,1,201000031691B01,7,1,1
201000031700,2010-07-20,2010,juillet,mardi,16:25,37,37261,47.3847,0.69081,2,1,1,1,1,4,2,06,1,1,000,160,1,0,1,4,1,24,5,1,9,00,2,8,11,201000031700B01,38,2,1
201000031702,2010-08-03,2010,août,mardi,75:3,37,37208,47.357,0.71762,2,3,3,1,1,4,2,00,1,1,000,060,1,0,1,4,1,45,1,1,4,00,2,1,15,201000031702B01,7,1,1
201000031712,2010-08-18,2010,août,mercredi,15:07,37,37261,47.3947,0.69412,2,1,7,1,1,4,2,02,1,1,000,070,1,0,1,4,2,50,0,1,9,00,2,0,2,201000031712B01,7,2,1
201000031717,2010-04-17,2010,avril,samedi,17:30,37,37261,47.3625,0.68933,2,1,7,1,1,4,-1,00,-1,-1,000,000,-1,0,1,4,1,61,0,1,9,00,0,0,0,201000031717A01,,,
201000031718,2010-04-20,2010,avril,mardi,18:45,37,37122,47.3465,0.64751,2,6,6,1,1,4,-1,00,-1,-1,000,000,-1,0,1,4,1,62,0,1,9,00,2,0,0,201000031718B01,7,0,1
201000031722,2010-04-27,2010,avril,mardi,16:50,37,37195,47.3842,0.65171,2,1,3,1,1,4,-1,00,-1,-1,000,000,-1,0,1,4,1,11,0,1,9,00,2,0,1,201000031722B01,7,0,1
201000031724,2010-04-30,2010,avril,vendredi,16:55,37,37261,47.4216,0.69735,2,1,7,1,1,4,4,00,-1,-1,000,000,-1,0,1,4,2,13,0,1,9,00,0,0,1,201000031724A01,,,
201000031725,2010-05-05,2010,mai,mercredi,11:45,37,37261,47.3851,0.70039,2,1,7,1,1,4,-1,00,-1,-1,000,000,-1,0,1,4,1,18,0,1,9,00,0,0,1,201000031725A01,,,
201000031748,2010-06-18,2010,juin,vendredi,11:30,37,37261,47.3697,0.67659,2,1,3,1,1,4,2,02,1,1,000,070,1,0,5,3,1,22,0,1,9,00,2,1,1,201000031748B01,10,23,1
201000031769,2010-08-08,2010,août,dimanche,22:05,37,37261,47.3807,0.69247,2,1,3,5,1,4,2,04,1,1,000,000,1,5,1,3,1,48,5,1,9,01,0,2,7,201000031769A01,37,24,1
201000031797,2010-08-16,2010,août,lundi,15:15,37,37261,47.3884,0.69045,2,1,3,1,1,4,1,02,1,1,000,070,1,0,1,4,2,52,5,1,2,00,2,1,1,201000031797B01,7,20,1
201000031799,2010-08-24,2010,août,mardi,12:05,37,37261,47.394,0.70335,2,1,7,1,1,4,2,04,1,1,020,140,1,0,1,4,2,62,1,1,2,00,0,8,0,201000031799A01,,,
201000031802,2010-09-03,2010,septembre,vendredi,18:30,37,37261,47.3961,0.6819,2,1,2,1,1,4,2,04,1,1,015,160,1,0,1,4,2,17,5,1,2,00,2,1,1,201000031802A01,7,23,1
201000031813,2010-09-03,2010,septembre,vendredi,74:0,37,37261,47.3964,0.69314,2,2,3,1,1,4,2,01,1,1,000,050,1,5,1,3,1,21,1,1,9,00,2,1,19,201000031813A01,7,1,1
201000031816,2010-08-05,2010,août,jeudi,11:30,37,37261,47.3914,0.68818,2,1,6,1,1,4,2,02,1,1,000,060,1,0,1,3,1,22,0,1,2,00,1,1,1,201000031816A01,,,
201000031851,2010-08-24,2010,août,mardi,16:25,37,37261,47.3889,0.6793,2,2,3,1,1,4,1,01,1,1,000,060,1,0,1,4,2,18,0,1,4,00,2,1,19,201000031851B01,7,1,1
201000031853,2010-09-05,2010,septembre,dimanche,15:30,37,37261,0,0,2,1,3,1,1,4,2,02,1,1,010,060,1,0,1,4,1,13,5,1,2,00,2,1,19,201000031853B01,7,1,1
201000031879,2010-10-13,2010,octobre,mercredi,16:30,37,37261,47.4296,0.6806,2,1,3,1,1,4,2,02,1,1,000,070,1,0,5,3,1,52,0,1,9,00,2,6,1,201000031879B01,1,9,1
201000031879,2010-10-13,2010,octobre,mercredi,16:30,37,37261,47.4296,0.6806,2,1,3,1,1,4,2,02,1,1,000,070,1,0,5,1,1,15,0,1,9,00,2,2,9,201000031879A01,1,1,1
201000031902,2010-11-02,2010,novembre,mardi,15:55,37,37261,47.367,0.70031,2,3,3,1,2,4,2,02,1,1,000,060,2,0,1,4,1,21,5,1,2,00,2,4,1,201000031902B01,7,15,1
201000031918,2010-10-09,2010,octobre,samedi,10:,37,37261,47.386,0.70158,2,1,3,5,1,4,1,01,1,1,000,030,1,0,1,3,1,35,5,1,2,00,2,7,0,201000031918B01,1,1,1
201000031952,2010-12-06,2010,décembre,lundi,11:51,37,37261,47.3938,0.68721,2,1,6,1,1,4,2,02,1,1,000,080,1,0,1,1,1,18,0,1,9,00,1,1,1,201000031952A01,,,
201000031970,2010-10-19,2010,octobre,mardi,11:30,37,37261,47.3833,0.69629,2,7,6,1,1,4,2,02,1,1,000,000,1,0,2,4,2,32,9,1,9,00,2,0,1,201000031970B01,7,1,1
201000031976,2010-10-31,2010,octobre,dimanche,12:15,37,37122,0,0,1,2,6,1,1,4,-1,00,-1,-1,000,000,-1,0,1,4,1,70,0,1,9,00,2,0,0,201000031976A01,7,0,1
201000031979,2010-12-20,2010,décembre,lundi,17:45,37,37233,0,0,2,2,3,2,1,4,-1,00,-1,-1,000,000,-1,0,1,4,2,66,0,1,9,00,2,0,0,201000031979B01,7,0,1
201000031998,2010-12-11,2010,décembre,samedi,13:0,37,37122,0,0,2,1,6,5,1,4,-1,00,-1,-1,000,000,-1,0,1,4,1,23,1,1,4,00,0,0,0,201000031998B01,7,0,1
201000032007,2010-04-30,2010,avril,vendredi,15:26,37,37122,47.3577,0.6471,2,6,3,1,1,4,2,02,1,1,000,080,1,0,1,2,2,43,5,1,2,00,2,8,1,201000032007B01,10,17,1
201000032011,2010-03-30,2010,mars,mardi,10:30,37,37261,47.3926,0.68072,2,2,3,1,1,4,2,02,1,1,000,060,1,0,1,4,2,53,1,1,9,00,2,1,1,201000032011B01,7,1,1
201000032018,2010-06-22,2010,juin,mardi,16:52,37,37261,47.3888,0.67125,2,1,3,1,1,9,1,01,1,1,000,050,1,0,1,3,2,61,1,1,9,00,2,0,0,201000032018B01,7,9,1
201000032025,2010-09-01,2010,septembre,mercredi,14:15,37,37233,47.3922,0.72507,2,2,3,1,1,9,2,02,1,1,000,550,1,0,1,3,1,6,5,1,9,00,2,1,19,201000032025A01,7,1,1
201000032031,2010-08-19,2010,août,jeudi,65:5,37,37214,47.3976,0.66737,2,6,3,1,1,4,2,04,1,1,042,165,1,0,0,3,1,24,5,1,2,00,2,2,1,201000032031A01,7,1,1
201000032035,2010-07-16,2010,juillet,vendredi,10:35,37,37261,47.3953,0.67514,2,2,3,1,1,4,-1,00,-1,-1,000,000,-1,0,1,3,1,78,0,1,9,00,0,0,0,201000032035B01,15,0,1
201000032047,2010-10-20,2010,octobre,mercredi,15:20,37,37261,47.3677,0.70923,2,1,3,1,1,4,2,02,1,1,000,057,1,0,1,3,1,34,5,1,9,00,2,1,19,201000032047B01,10,1,1
201000032053,2010-11-21,2010,novembre,dimanche,12:25,37,37261,0,0,2,2,6,1,1,4,1,02,1,1,000,053,1,5,1,1,1,13,0,1,9,00,1,1,1,201000032053A01,,,
201000032099,2010-01-27,2010,janvier,mercredi,82:4,38,38421,45.1844,5.76821,2,2,3,1,1,2,3,04,1,1,000,120,1,0,1,2,2,23,2,1,2,00,2,0,19,201000032099B01,15,16,1
201000032103,2010-02-11,2010,février,jeudi,10:30,38,38185,45.186,5.74646,2,2,3,1,4,3,2,02,1,2,000,070,1,0,1,4,1,19,0,1,9,00,2,1,1,201000032103B01,7,1,1
201000032113,2010-03-09,2010,mars,mardi,84:0,38,38185,45.1918,5.71511,2,1,6,1,1,4,-1,02,1,1,000,070,1,0,1,4,1,32,1,1,2,00,1,1,1,201000032113A01,,,
201000032113,2010-03-09,2010,mars,mardi,84:0,38,38185,45.1918,5.71511,2,1,6,1,1,4,-1,02,1,1,000,070,1,0,1,4,1,23,1,1,9,00,1,1,1,201000032113A01,,,
201000032117,2010-03-17,2010,mars,mercredi,75:5,38,38185,45.1898,5.71329,2,2,6,1,1,3,2,02,1,1,000,020,1,0,5,1,1,26,0,1,9,00,1,1,1,201000032117A01,,,
201000032136,2010-05-27,2010,mai,jeudi,15:15,38,38169,45.2052,5.68617,2,1,3,1,1,4,2,02,1,3,000,074,1,0,5,4,1,64,1,1,9,00,2,1,1,201000032136B01,7,1,1
201000032139,2010-06-04,2010,juin,vendredi,13:00,38,38185,0,0,2,1,3,1,1,4,2,02,1,1,000,085,1,0,5,3,1,58,0,1,9,00,2,6,1,201000032139B01,7,1,1
201000032141,2010-06-07,2010,juin,lundi,90:0,38,38185,45.1914,5.72507,2,3,3,1,1,4,1,01,1,2,000,086,1,0,5,4,2,27,0,1,9,00,2,0,1,201000032141B01,7,1,1
201000032144,2010-06-14,2010,juin,lundi,16:45,38,38185,0,0,2,2,3,1,1,4,2,03,1,1,000,115,1,0,1,4,2,47,5,1,2,00,2,1,19,201000032144B01,30,1,1
201000032145,2010-06-11,2010,juin,vendredi,85:0,38,38421,0,0,2,2,3,1,1,4,3,04,1,1,000,320,1,0,1,4,1,45,1,1,2,00,2,1,1,201000032145B01,7,16,1
201000032156,2010-06-25,2010,juin,vendredi,14:00,38,38185,0,0,2,2,3,1,1,4,2,02,1,1,000,150,1,0,1,4,1,13,5,1,2,00,2,5,19,201000032156B01,7,1,1
201000032161,2010-06-29,2010,juin,mardi,85:0,38,38185,45.1807,5.71957,2,2,3,1,1,2,2,04,1,1,000,210,1,0,5,4,1,26,0,1,9,00,2,8,1,201000032161B01,7,15,1
201000032166,2010-07-06,2010,juillet,mardi,22:50,38,38185,45.179,5.75102,2,2,3,5,1,3,2,02,1,1,000,105,1,0,1,4,1,30,0,1,9,00,2,1,1,201000032166B01,7,15,1
201000032175,2010-08-09,2010,août,lundi,17:35,38,38185,0,0,2,1,1,1,1,3,2,02,1,2,000,025,1,0,1,4,2,32,1,1,9,00,2,1,1,201000032175B01,32,1,1
201000032177,2010-08-14,2010,août,samedi,91:0,38,38151,45.1491,5.70181,2,3,3,1,1,4,2,02,1,1,000,070,1,0,1,4,1,39,5,1,2,00,2,3,15,201000032177B01,7,1,1
201000032178,2010-08-24,2010,août,mardi,92:0,38,38185,0,0,2,1,6,1,1,2,2,06,1,-1,000,200,1,0,1,4,2,38,1,1,9,00,2,7,19,201000032178B01,30,1,1
201000032199,2010-10-27,2010,octobre,mercredi,16:30,38,38185,45.1636,5.71079,2,1,3,1,1,2,3,00,1,1,000,210,1,0,1,4,2,43,4,1,2,00,2,1,1,201000032199B01,7,16,1
201000032201,2010-10-28,2010,octobre,jeudi,92:5,38,38185,45.1801,5.70815,2,1,6,1,1,2,3,04,1,1,000,000,1,0,1,3,2,26,1,1,9,00,2,1,19,201000032201B01,7,1,1
201000032219,2010-12-13,2010,décembre,lundi,91:5,38,38185,45.188,5.74608,2,2,6,1,1,2,3,05,1,3,000,125,1,5,1,3,1,83,5,1,9,00,2,4,19,201000032219B01,7,16,1
201000032226,2010-12-27,2010,décembre,lundi,18:45,38,38185,45.1704,5.73805,2,1,2,5,2,3,2,02,1,1,000,064,2,0,1,4,1,32,9,1,2,00,2,4,1,201000032226B01,7,2,1
201000032285,2010-07-08,2010,juillet,jeudi,13:45,39,39411,0,0,2,1,1,1,1,3,2,02,2,1,000,000,1,0,1,3,1,18,1,1,2,00,0,1,15,201000032285B01,7,1,1
201000032287,2010-09-22,2010,septembre,mercredi,94:5,39,39300,0,0,2,1,6,1,1,4,2,01,1,1,000,033,1,0,1,1,1,12,2,1,2,00,1,1,1,201000032287A01,,,
201000032303,2010-05-10,2010,mai,lundi,18:05,40,40088,0,0,2,1,6,1,1,4,2,04,1,1,000,080,1,0,1,3,1,28,1,1,2,00,1,1,1,201000032303A01,,,
201000032328,2010-04-26,2010,avril,lundi,17:25,40,40192,0,0,2,1,2,1,1,3,2,02,1,1,000,105,1,0,5,4,1,20,2,1,2,01,2,1,1,201000032328B01,7,24,1
201000032336,2010-06-22,2010,juin,mardi,17:40,40,40192,0,0,2,1,3,1,1,4,2,02,1,1,,080,1,0,1,4,1,10,3,1,2,00,2,8,19,201000032336B01,7,1,1
201000032360,2010-01-24,2010,janvier,dimanche,19:05,41,41018,47.5819,1.30052,2,1,2,3,1,3,2,02,1,1,000,000,1,0,1,4,1,38,5,1,9,00,2,8,1,201000032360B01,7,17,1
201000032375,2010-03-08,2010,mars,lundi,13:45,41,41018,0,0,2,1,1,1,1,4,1,01,1,1,000,000,1,0,1,4,1,20,9,1,9,00,2,1,5,201000032375B01,7,9,1
201000032376,2010-03-12,2010,mars,vendredi,10:56,41,41018,0,0,2,3,3,1,1,4,2,02,1,3,000,000,1,0,1,4,1,40,9,1,2,00,2,1,1,201000032376B01,7,15,1
201000032393,2010-04-27,2010,avril,mardi,15:09,41,41047,0,0,1,1,3,1,1,4,2,02,1,1,000,000,1,0,1,4,1,11,5,1,9,00,2,8,19,201000032393A01,7,1,1
201000032446,2010-08-21,2010,août,samedi,20:55,41,41018,0,0,2,1,3,2,1,4,2,02,1,1,000,000,1,0,1,4,1,6,5,1,9,00,2,0,13,201000032446B01,7,21,1
201000032484,2010-10-23,2010,octobre,samedi,18:33,41,41047,0,0,2,1,7,2,1,4,1,01,1,1,000,000,2,0,1,4,2,40,9,1,9,00,0,1,1,201000032484A01,,,
201000032535,2010-02-24,2010,février,mercredi,20:50,41,41226,47.8042,1.07108,2,5,3,5,1,2,3,04,1,1,000,070,1,5,1,4,2,31,1,1,9,00,2,1,19,201000032535B01,7,15,1
201000032539,2010-04-09,2010,avril,vendredi,14:00,41,41269,0,0,2,2,7,1,1,4,2,03,4,1,000,137,1,0,1,3,1,62,5,1,2,00,5,0,1,201000032539A01,,,
201000032563,2010-11-30,2010,novembre,mardi,10:00,41,41269,0,0,2,2,3,1,1,4,2,02,1,1,000,082,1,0,1,4,2,43,4,1,9,00,2,1,1,201000032563B01,7,1,1
201000032586,2010-05-20,2010,mai,jeudi,16:20,42,42316,45.40607,4.25601,2,1,3,1,1,3,2,02,1,1,000,000,1,0,1,3,1,64,5,1,2,00,2,8,0,201000032586B01,99,2,1
201000032588,2010-06-09,2010,juin,mercredi,19:15,42,42044,45.39474,4.30203,2,3,3,1,1,4,1,01,2,1,000,034,1,0,1,4,2,6,5,1,9,00,2,1,1,201000032588A01,7,15,1
201000032618,2010-03-30,2010,mars,mardi,16:15,42,42147,45.60767,4.06808,2,3,2,1,1,4,1,02,1,1,000,057,1,5,0,4,2,26,1,1,4,00,2,4,2,201000032618B01,7,2,1
201000032621,2010-05-10,2010,mai,lundi,13:40,42,42299,45.60105,4.09333,1,6,2,1,1,3,1,01,1,2,000,088,1,5,1,4,1,75,5,1,2,00,0,4,0,201000032621B01,7,9,1
201000032644,2010-05-22,2010,mai,samedi,16:50,42,42225,45.52187,4.5914,2,1,1,1,1,4,2,02,1,3,000,045,1,0,1,3,1,14,5,1,2,00,2,1,13,201000032644A01,7,1,1
201000032653,2010-11-13,2010,novembre,samedi,15:30,42,42186,45.53314,4.63019,2,1,3,1,1,4,2,02,1,1,000,098,1,0,5,3,2,56,5,1,9,00,2,8,0,201000032653A01,7,15,1
201000032656,2010-01-12,2010,janvier,mardi,17:45,42,42187,46.03462,4.07361,2,1,3,5,1,4,2,02,1,1,000,072,1,0,1,4,2,32,1,1,9,00,2,8,1,201000032656B01,7,15,1
201000032659,2010-01-18,2010,janvier,lundi,75:0,42,42127,46.08482,4.06869,2,1,3,1,1,4,2,02,1,1,000,071,1,0,1,4,1,12,2,1,4,00,2,6,19,201000032659B01,7,1,1
201000032663,2010-01-13,2010,janvier,mercredi,18:30,42,42187,46.03865,4.06838,1,6,3,5,1,4,2,02,1,1,000,070,1,5,1,3,1,42,5,1,9,00,2,5,1,201000032663A01,7,1,1
201000032681,2010-03-16,2010,mars,mardi,83:5,42,42187,46.03693,4.07718,2,5,3,1,1,3,2,05,1,1,000,195,1,0,1,2,2,78,5,1,9,00,2,8,1,201000032681A01,14,16,1
201000032694,2010-04-24,2010,avril,samedi,19:10,42,42184,46.0398,4.05212,2,2,3,1,1,3,4,02,1,2,000,050,1,0,1,3,1,20,5,1,9,00,2,7,1,201000032694B01,7,1,1
201000032702,2010-04-28,2010,avril,mercredi,11:50,42,42184,46.0492,4.05199,2,6,3,1,1,4,2,02,1,1,000,064,1,5,1,4,1,52,5,1,9,00,2,7,1,201000032702B01,7,1,1
201000032708,2010-05-07,2010,mai,vendredi,12:15,42,42127,46.08087,4.06676,2,1,2,1,1,3,2,02,1,2,000,043,1,0,1,4,1,72,5,1,9,00,2,4,15,201000032708A01,7,1,1
201000032725,2010-06-07,2010,juin,lundi,16:50,42,42187,46.04065,4.07531,2,2,3,1,1,4,2,02,1,1,000,079,1,0,1,4,2,49,1,1,9,00,2,7,15,201000032725A01,7,1,1
201000032727,2010-06-12,2010,juin,samedi,15:35,42,42187,46.03604,4.06393,2,6,3,1,1,3,2,02,1,1,000,065,1,5,1,4,2,74,5,1,9,00,2,1,1,201000032727A01,7,1,1
201000032746,2010-07-21,2010,juillet,mercredi,17:35,42,42127,46.06428,4.05534,2,1,6,1,1,3,1,00,2,2,000,070,1,0,1,4,1,17,5,1,9,00,2,8,1,201000032746B01,7,16,1
201000032748,2010-08-01,2010,août,dimanche,12:15,42,42187,46.05329,4.093,2,1,3,1,1,4,2,02,1,1,000,078,1,0,1,4,1,22,5,1,2,00,2,1,15,201000032748A01,7,17,1
201000032750,2010-08-05,2010,août,jeudi,22:45,42,42184,46.05427,4.06419,2,2,3,5,1,3,2,02,1,1,000,082,1,5,1,4,1,21,5,1,9,00,2,1,1,201000032750A01,7,1,1
201000032766,2010-09-20,2010,septembre,lundi,84:5,42,42187,46.03357,4.07806,2,6,3,1,1,3,1,01,1,2,000,050,1,0,1,4,1,51,5,1,9,00,2,5,1,201000032766B01,7,9,1
201000032776,2010-10-08,2010,octobre,vendredi,17:45,42,42187,46.03202,4.06827,2,6,2,1,1,3,4,01,1,2,000,040,1,0,1,4,1,15,2,1,9,00,2,4,1,201000032776A01,7,1,1
201000032777,2010-10-14,2010,octobre,jeudi,75:5,42,42071,0,0,2,3,3,1,1,4,2,02,1,1,000,067,1,0,1,4,1,25,1,1,2,00,2,1,16,201000032777B01,7,16,1
201000032778,2010-10-14,2010,octobre,jeudi,81:5,42,42071,46.0311,4.08535,2,1,6,1,1,4,2,02,1,1,000,065,1,0,1,3,2,41,1,1,4,00,2,0,1,201000032778B01,7,17,1
201000032796,2010-11-11,2010,novembre,jeudi,14:45,42,42127,46.07972,4.07315,2,1,3,1,1,3,2,02,1,1,000,081,1,0,5,3,1,65,5,1,9,00,2,1,1,201000032796B01,7,4,1
201000032798,2010-11-13,2010,novembre,samedi,16:05,42,42187,46.03173,4.04824,2,3,3,1,1,4,2,02,1,1,000,070,1,0,5,4,1,77,5,1,2,00,2,8,1,201000032798B01,7,15,1
201000032823,2010-12-29,2010,décembre,mercredi,80:0,42,42187,46.06441,4.07867,2,3,3,1,1,4,2,02,1,1,000,079,1,5,1,4,1,16,1,1,2,00,2,1,1,201000032823A01,7,15,1
201000032855,2010-01-21,2010,janvier,jeudi,18:40,42,42218,45.43659,4.3926,2,2,3,5,1,4,1,01,1,1,000,000,1,0,1,4,1,35,0,1,4,00,2,7,5,201000032855A01,7,1,1
201000032884,2010-02-25,2010,février,jeudi,14:50,42,42218,45.43575,4.43802,2,1,3,1,1,4,1,02,1,2,000,060,1,0,1,4,1,42,5,1,2,00,2,3,18,201000032884A01,17,16,1
201000032888,2010-03-03,2010,mars,mercredi,12:20,42,42305,45.47332,4.44015,2,1,3,1,1,4,2,01,1,1,000,060,2,0,4,4,1,21,5,1,2,00,0,8,1,201000032888A01,7,9,1
201000032903,2010-03-18,2010,mars,jeudi,16:17,42,42218,45.44361,4.38145,2,1,6,1,1,4,1,01,1,1,000,000,1,0,1,4,1,18,0,1,9,00,2,0,1,201000032903B01,7,22,1
201000032905,2010-03-30,2010,mars,mardi,92:2,42,42218,45.47084,4.36354,2,1,6,1,2,4,1,02,2,1,000,078,2,0,1,1,1,22,1,1,2,00,1,7,5,201000032905A01,,,