Num_Acc,date,an,mois,jour,hrmn,dep,com,lat,long,agg,int,col,lum,atm,catr,circ,nbv,prof,plan,lartpc,larrout,surf,infra,situ,grav,sexe,age,trajet,secuexist,equipement,obs,obsm,choc,manv,vehiculeid,typevehicules,manoeuvehicules,numVehicules
201000032927,2010-04-23,2010,avril,vendredi,17:29,42,42218,45.44116,4.37416,2,3,3,1,1,4,2,02,1,1,011,078,1,5,1,4,1,56,1,1,4,00,2,8,1,201000032927B01,7,15,1
201000032936,2010-04-29,2010,avril,jeudi,17:20,42,42218,45.46316,4.40688,2,1,2,1,1,4,2,01,2,1,000,000,1,0,1,4,1,31,1,1,2,00,2,1,1,201000032936A01,7,23,1
201000032953,2010-05-24,2010,mai,lundi,11:20,42,42218,45.4162,4.30066,1,2,3,1,1,3,2,02,2,3,000,069,1,5,1,4,2,66,5,1,2,00,2,1,1,201000032953B01,7,16,1
201000032963,2010-06-01,2010,juin,mardi,20:38,42,42218,45.44641,4.38656,2,1,3,1,1,4,1,01,1,1,000,076,1,0,1,4,2,21,5,1,2,00,2,1,5,201000032963B01,7,9,1
201000032965,2010-06-03,2010,juin,jeudi,18:15,42,42218,45.46558,4.41134,2,3,3,1,1,4,2,02,1,1,000,160,1,0,1,3,1,51,5,1,9,00,0,1,1,201000032965B01,7,15,1
201000032973,2010-06-12,2010,juin,samedi,84:6,42,42189,45.43964,4.32924,2,2,3,1,1,4,2,01,1,1,000,060,1,0,1,4,1,66,5,1,9,00,0,7,1,201000032973B01,7,15,1
201000032982,2010-06-24,2010,juin,jeudi,16:50,42,42218,45.41903,4.41148,2,3,3,1,1,4,2,01,2,1,020,060,1,0,5,4,1,21,3,1,2,00,2,0,1,201000032982B01,7,16,1
201000032991,2010-07-06,2010,juillet,mardi,75:0,42,42218,0,0,2,1,3,1,1,4,2,04,1,1,000,000,1,0,1,4,1,57,1,1,9,00,0,8,2,201000032991B01,7,2,1
201000033003,2010-07-29,2010,juillet,jeudi,15:40,42,42218,45.41563,4.40655,2,1,1,1,1,4,2,01,2,3,000,030,1,0,5,4,1,38,1,1,2,00,2,1,1,201000033003B01,10,13,1
201000033065,2010-11-02,2010,novembre,mardi,23:37,42,42218,45.41318,4.39045,2,1,1,5,1,4,1,01,2,1,000,030,1,0,1,3,1,26,5,1,9,00,2,1,5,201000033065A01,7,1,1
201000033083,2010-11-19,2010,novembre,vendredi,13:32,42,42218,45.43956,4.39786,2,3,3,1,1,4,2,02,1,1,000,000,1,0,1,3,1,79,5,1,2,00,2,1,1,201000033083B01,10,16,1
201000033130,2010-05-22,2010,mai,samedi,18:00,43,43002,0,0,2,1,1,1,1,4,2,02,2,3,000,062,-1,0,1,3,1,20,5,1,2,00,2,1,1,201000033130B01,7,1,1
201000033167,2010-02-23,2010,février,mardi,17:50,44,44132,0,0,2,6,3,1,1,4,-1,02,1,2,000,000,1,0,1,4,1,38,5,1,2,00,0,7,15,201000033167A01,10,15,1
201000033172,2010-03-29,2010,mars,lundi,12:0,44,44055,0,0,2,1,7,3,1,4,2,02,1,3,000,000,1,0,1,1,1,23,5,1,9,00,1,1,2,201000033172A01,,,
201000033182,2010-04-27,2010,avril,mardi,11:15,44,44055,0,0,2,1,3,1,1,4,2,02,1,1,000,000,1,0,5,3,1,69,5,1,2,00,2,1,2,201000033182B01,7,20,1
201000033202,2010-06-29,2010,juin,mardi,10:55,44,44055,0,0,2,1,6,1,1,4,3,02,1,1,010,040,1,0,5,4,1,58,5,1,2,00,1,1,1,201000033202A01,,,
201000033203,2010-07-03,2010,juillet,samedi,11:27,44,44055,0,0,2,3,3,1,1,4,1,01,1,1,000,040,1,0,5,4,1,41,1,1,2,00,2,8,1,201000033203B01,7,16,1
201000033206,2010-07-07,2010,juillet,mercredi,18:10,44,44055,0,0,2,1,3,1,1,4,1,01,1,1,000,000,1,0,5,4,2,39,0,1,2,00,0,2,2,201000033206B01,1,13,1
201000033206,2010-07-07,2010,juillet,mercredi,18:10,44,44055,0,0,2,1,3,1,1,4,1,01,1,1,000,000,1,0,5,4,2,13,5,1,9,00,9,3,13,201000033206A01,1,2,1
201000033223,2010-08-11,2010,août,mercredi,10:30,44,44135,0,0,2,1,3,1,1,4,2,02,1,3,000,050,1,0,1,3,1,71,5,1,9,01,0,2,1,201000033223B01,7,0,1
201000033226,2010-08-20,2010,août,vendredi,94:4,44,44055,0,0,2,1,2,1,1,4,3,02,1,1,000,000,1,0,1,4,2,51,5,1,2,00,2,4,16,201000033226B01,7,16,1
201000033230,2010-08-31,2010,août,mardi,15:50,44,44055,0,0,2,1,3,1,1,4,3,00,1,1,000,000,1,0,5,4,2,69,5,1,9,00,2,7,1,201000033230B01,7,22,1
201000033233,2010-09-11,2010,septembre,samedi,12:00,44,44055,0,0,2,1,6,1,1,9,-1,00,1,1,000,000,1,6,4,4,2,26,1,1,9,00,1,1,2,201000033233A01,,,
201000033233,2010-09-11,2010,septembre,samedi,12:00,44,44055,0,0,2,1,6,1,1,9,-1,00,1,1,000,000,1,6,4,1,2,27,1,1,9,00,1,1,2,201000033233A01,,,
201000033235,2010-09-12,2010,septembre,dimanche,11:20,44,44055,0,0,2,6,3,1,1,4,1,01,1,2,000,000,1,0,1,3,2,38,5,1,9,00,2,7,1,201000033235B01,7,9,1
201000033239,2010-09-16,2010,septembre,jeudi,16:00,44,44135,0,0,2,1,3,1,1,4,2,02,1,1,000,000,1,0,1,4,1,67,5,1,9,00,2,8,0,201000033239B01,7,2,1
201000033240,2010-09-17,2010,septembre,vendredi,81:5,44,44132,0,0,2,1,2,1,1,4,2,02,4,1,000,000,1,0,1,4,1,72,5,1,2,00,2,1,2,201000033240A01,7,2,1
201000033258,2010-12-22,2010,décembre,mercredi,11:50,44,44055,0,0,2,6,3,1,1,4,2,01,1,1,000,000,1,0,1,4,2,59,0,1,9,00,2,8,2,201000033258B01,7,1,1
201000033260,2010-01-04,2010,janvier,lundi,21:40,44,44109,0,0,2,1,6,5,1,4,2,00,2,2,000,000,1,0,1,1,1,23,2,1,9,00,0,0,0,201000033260B01,30,1,1
201000033268,2010-01-18,2010,janvier,lundi,12:15,44,44109,0,0,2,6,3,1,1,4,2,02,4,-1,000,076,1,5,1,3,1,12,0,1,4,00,2,1,0,201000033268B01,7,0,1
201000033294,2010-02-01,2010,février,lundi,16:10,44,44162,0,0,2,6,3,1,1,4,1,00,2,3,000,076,1,0,1,4,1,73,5,1,2,00,2,5,0,201000033294B01,7,0,1
201000033315,2010-02-26,2010,février,vendredi,45:0,44,44109,0,0,2,6,3,5,1,4,1,01,-1,2,000,000,2,0,1,4,1,38,1,1,2,00,2,1,1,201000033315B01,7,16,1
201000033333,2010-03-03,2010,mars,mercredi,20:35,44,44162,0,0,2,1,6,2,9,4,-1,01,-1,-1,000,000,-1,0,5,4,2,49,0,1,9,00,2,1,1,201000033333A01,7,0,1
201000033339,2010-03-15,2010,mars,lundi,18:05,44,44190,0,0,2,1,6,1,1,4,2,02,1,1,000,050,1,0,1,3,1,18,9,1,9,14,2,8,1,201000033339A01,,,
201000033366,2010-04-07,2010,avril,mercredi,14:00,44,44109,0,0,2,1,6,1,1,4,1,01,1,1,000,042,1,0,1,4,1,36,0,1,2,01,0,1,1,201000033366B01,7,22,1
201000033392,2010-05-01,2010,mai,samedi,11:20,44,44109,0,0,2,1,3,1,1,4,2,02,-1,-1,000,000,1,5,1,4,1,65,5,1,9,00,2,1,1,201000033392B01,7,9,1
201000033407,2010-05-11,2010,mai,mardi,16:17,44,44190,0,0,2,1,6,1,1,4,2,02,1,1,000,000,1,0,0,4,1,15,0,1,4,00,2,7,2,201000033407B01,2,18,1
201000033418,2010-05-23,2010,mai,dimanche,20:00,44,44109,0,0,2,6,3,1,1,4,2,02,1,2,000,000,1,0,1,4,1,43,0,1,2,00,2,5,1,201000033418B01,7,1,1
201000033430,2010-06-01,2010,juin,mardi,17:40,44,44190,0,0,2,6,3,1,1,4,2,02,1,1,000,000,1,5,1,3,1,64,0,1,4,00,2,7,1,201000033430B01,10,9,1
201000033435,2010-06-06,2010,juin,dimanche,18:25,44,44114,0,0,2,1,1,1,1,4,2,04,1,1,000,060,1,0,1,4,1,23,0,1,9,00,2,1,1,201000033435A01,10,9,1
201000033442,2010-06-15,2010,juin,mardi,17:30,44,44109,0,0,2,3,3,1,1,4,2,02,1,1,000,085,1,0,1,3,1,45,0,1,9,00,2,1,1,201000033442B01,7,15,1
201000033445,2010-06-21,2010,juin,lundi,91:0,44,44109,0,0,2,1,3,1,1,4,2,02,1,1,000,057,1,0,1,4,1,29,1,1,9,00,2,3,15,201000033445B01,30,17,1
201000033454,2010-06-24,2010,juin,jeudi,18:15,44,44109,0,0,2,6,2,1,1,4,-1,00,-1,-1,000,000,-1,0,1,3,2,63,5,1,9,00,2,4,1,201000033454B01,7,15,1
201000033457,2010-06-21,2010,juin,lundi,17:42,44,44162,0,0,2,1,6,1,1,6,-1,00,-1,-1,000,000,1,0,1,4,1,48,5,1,9,00,2,8,1,201000033457B01,7,4,1
201000033459,2010-06-29,2010,juin,mardi,10:25,44,44109,0,0,2,2,6,1,1,4,2,02,2,1,000,050,1,4,1,3,1,18,5,1,2,00,9,1,0,201000033459A01,40,1,1
201000033468,2010-07-13,2010,juillet,mardi,53:0,44,44109,0,0,2,1,3,2,1,4,2,01,1,-1,000,000,1,0,1,3,2,21,1,1,2,00,2,0,0,201000033468B01,7,0,1
201000033487,2010-07-28,2010,juillet,mercredi,11:50,44,44109,0,0,2,6,3,1,1,4,2,02,1,2,000,000,1,0,1,4,1,30,0,1,2,00,2,1,1,201000033487A01,7,1,1
201000033508,2010-08-21,2010,août,samedi,53:0,44,44109,0,0,2,1,3,5,1,4,2,02,1,1,000,000,1,0,5,4,1,23,0,1,4,00,2,1,1,201000033508A01,7,9,1
201000033509,2010-08-29,2010,août,dimanche,14:00,44,44109,0,0,2,6,3,1,1,4,2,02,1,2,000,000,1,0,1,3,1,21,0,1,2,00,2,4,1,201000033509B01,7,9,1
201000033513,2010-08-24,2010,août,mardi,75:0,44,44190,0,0,2,6,3,1,7,4,2,01,1,1,000,000,1,5,1,4,1,63,0,1,4,00,2,1,1,201000033513B01,7,9,1
201000033518,2010-08-31,2010,août,mardi,90:0,44,44109,0,0,2,2,6,1,1,4,2,02,1,1,000,000,1,0,1,4,1,51,1,1,2,00,2,1,1,201000033518B01,7,15,1
201000033524,2010-09-02,2010,septembre,jeudi,92:0,44,44190,0,0,2,1,2,1,1,4,2,02,1,1,000,000,1,0,1,4,1,70,0,1,4,00,2,1,1,201000033524B01,7,9,1
201000033529,2010-09-08,2010,septembre,mercredi,19:40,44,44114,0,0,2,1,3,1,1,4,2,02,2,1,000,051,1,0,1,4,1,16,9,1,9,01,2,1,18,201000033529A01,7,16,1
201000033534,2010-09-16,2010,septembre,jeudi,18:40,44,44109,0,0,2,6,3,1,1,4,1,02,1,2,000,000,1,0,1,3,2,47,0,1,2,00,2,7,1,201000033534B01,7,9,1
201000033547,2010-09-24,2010,septembre,vendredi,92:2,44,44109,0,0,2,1,3,1,1,4,3,00,2,1,029,057,1,0,4,4,2,28,2,1,2,00,2,1,0,201000033547B01,7,0,1
201000033548,2010-09-22,2010,septembre,mercredi,80:8,44,44109,0,0,2,6,3,1,1,4,2,02,1,1,000,096,1,5,1,3,1,50,0,1,9,00,2,1,15,201000033548B01,7,1,1
201000033561,2010-10-11,2010,octobre,lundi,19:10,44,44109,0,0,2,1,6,1,1,4,2,02,2,1,000,000,1,0,0,4,1,63,0,1,9,00,2,3,2,201000033561A01,7,17,1
201000033572,2010-09-23,2010,septembre,jeudi,85:0,44,44143,0,0,2,1,7,1,1,4,2,02,2,1,000,000,1,0,1,4,2,37,1,1,2,00,0,0,0,201000033572A01,7,22,1
201000033573,2010-10-16,2010,octobre,samedi,15:00,44,44109,0,0,2,1,7,1,1,4,2,02,1,1,000,087,1,0,1,4,1,65,0,1,2,00,0,0,1,201000033573B01,7,24,1
201000033576,2010-10-16,2010,octobre,samedi,15:35,44,44162,0,0,2,1,3,1,1,4,2,02,2,3,025,149,1,0,1,4,1,14,5,1,9,00,2,7,19,201000033576A01,7,1,1
201000033576,2010-10-16,2010,octobre,samedi,15:35,44,44162,0,0,2,1,3,1,1,4,2,02,2,3,025,149,1,0,1,1,1,14,4,1,9,00,2,7,19,201000033576A01,7,1,1
201000033585,2010-10-20,2010,octobre,mercredi,18:10,44,44109,0,0,2,2,3,1,1,4,2,02,1,1,000,000,1,0,1,4,1,13,5,1,2,00,2,8,1,201000033585B01,7,15,1
201000033591,2010-10-25,2010,octobre,lundi,10:45,44,44114,0,0,2,1,6,1,9,4,2,02,-1,-1,000,000,-1,0,1,4,2,14,2,1,9,00,2,3,2,201000033591B01,7,17,1
201000033595,2010-11-08,2010,novembre,lundi,18:05,44,44109,0,0,2,1,6,2,1,4,2,02,1,1,000,064,1,0,1,2,1,63,0,1,2,00,9,7,1,201000033595B01,7,22,1
201000033608,2010-11-25,2010,novembre,jeudi,18:20,44,44109,0,0,2,1,6,5,1,4,2,02,1,1,000,000,1,0,1,3,1,33,0,1,4,01,2,1,18,201000033608B01,7,1,1
201000033626,2010-12-09,2010,décembre,jeudi,81:0,44,44109,0,0,2,6,3,1,1,4,-1,00,-1,-1,000,000,-1,0,1,3,1,52,1,1,9,00,2,7,1,201000033626B01,10,1,1
201000033628,2010-12-09,2010,décembre,jeudi,15:25,44,44162,0,0,2,1,3,1,1,4,1,01,1,2,000,000,1,0,1,4,1,73,0,1,9,00,2,7,1,201000033628B01,7,9,1
201000033639,2010-12-17,2010,décembre,vendredi,70:0,44,44109,0,0,2,1,2,5,1,4,1,01,1,1,000,040,2,0,1,4,1,29,1,1,2,00,2,4,0,201000033639B01,33,1,1
201000033670,2010-03-23,2010,mars,mardi,17:30,44,44184,0,0,2,3,3,1,1,4,2,02,1,1,000,000,1,0,1,4,1,33,9,1,4,00,2,1,9,201000033670A01,7,15,1
201000033674,2010-04-19,2010,avril,lundi,16:45,44,44184,0,0,2,1,3,1,1,4,2,02,1,1,000,000,1,0,1,4,1,8,4,1,9,00,2,1,9,201000033674B01,7,1,1
201000033684,2010-05-14,2010,mai,vendredi,14:30,44,44184,0,0,2,1,3,1,1,4,2,02,-1,-1,000,000,1,0,1,4,1,15,0,1,9,00,2,0,0,201000033684A01,7,1,1
201000033688,2010-05-26,2010,mai,mercredi,12:30,44,44184,0,0,2,1,6,1,1,4,2,02,1,1,000,000,1,0,4,1,1,26,0,1,9,00,1,0,1,201000033688A01,,,
201000033701,2010-07-16,2010,juillet,vendredi,16:55,44,44184,0,0,2,3,3,1,1,3,2,02,1,1,000,000,1,0,1,3,1,41,1,1,9,00,2,1,1,201000033701B01,7,1,1
201000033707,2010-08-16,2010,août,lundi,18:40,44,44184,0,0,2,6,3,1,1,4,3,02,1,1,000,360,1,0,5,4,1,4,5,1,2,00,2,8,19,201000033707B01,10,1,1
201000033708,2010-09-02,2010,septembre,jeudi,94:0,44,44184,0,0,2,6,2,1,7,4,1,01,1,3,000,000,1,0,1,4,1,66,5,1,2,00,2,4,1,201000033708B01,7,1,1
201000033709,2010-09-02,2010,septembre,jeudi,17:20,44,44184,0,0,2,3,3,1,1,4,2,02,1,1,000,000,1,0,1,4,1,13,5,1,2,00,2,1,19,201000033709A01,31,1,1
201000033717,2010-09-18,2010,septembre,samedi,17:50,44,44184,0,0,2,1,6,1,1,4,2,02,1,1,000,000,1,0,1,4,2,60,5,1,9,00,9,0,1,201000033717B01,10,1,1
201000033717,2010-09-18,2010,septembre,samedi,17:50,44,44184,0,0,2,1,6,1,1,4,2,02,1,1,000,000,1,0,1,4,2,63,5,1,9,00,9,0,1,201000033717C01,10,1,1
201000033723,2010-09-29,2010,septembre,mercredi,10:25,44,44184,0,0,2,6,3,1,1,4,1,01,1,3,000,000,1,0,1,4,1,18,1,1,9,00,2,1,1,201000033723B01,7,16,1
201000033725,2010-09-30,2010,septembre,jeudi,18:10,44,44184,0,0,2,1,3,1,8,6,2,02,1,1,000,000,-1,0,1,4,1,14,5,1,9,00,2,0,0,201000033725B01,7,1,1
201000033728,2010-10-14,2010,octobre,jeudi,19:40,44,44184,0,0,2,1,3,2,1,4,2,02,1,1,000,068,1,0,1,4,1,47,0,1,9,00,2,1,18,201000033728A01,7,16,1
201000033731,2010-10-26,2010,octobre,mardi,15:55,44,44184,0,0,2,1,6,1,1,4,1,02,1,1,000,000,1,0,1,4,2,56,5,1,9,00,1,0,1,201000033731A01,,,
201000033739,2010-11-22,2010,novembre,lundi,10:25,44,44184,0,0,2,1,6,1,1,4,2,02,1,1,000,000,1,0,1,3,1,77,5,1,9,00,2,1,11,201000033739B01,7,1,1
201000033742,2010-11-24,2010,novembre,mercredi,18:30,44,44184,0,0,2,1,3,5,1,4,2,02,1,-1,000,000,1,0,1,4,1,11,5,1,9,00,2,8,19,201000033742B01,7,1,1
201000033751,2010-12-29,2010,décembre,mercredi,10:15,44,44184,0,0,2,3,3,1,2,4,2,02,2,1,000,000,2,0,1,4,1,35,5,1,9,00,2,1,1,201000033751B01,7,15,1
201000033764,2010-03-16,2010,mars,mardi,91:0,45,45338,47.97388,2.71897,2,1,3,1,1,4,2,02,1,1,000,050,1,0,1,3,2,77,5,1,9,00,2,7,1,201000033764B01,10,9,1
201000033779,2010-04-26,2010,avril,lundi,12:05,45,45004,47.97391,2.73339,2,6,3,1,1,3,2,02,1,2,000,055,1,5,1,4,2,37,5,1,9,00,2,1,1,201000033779B01,7,9,1
201000033791,2010-05-31,2010,mai,lundi,17:50,45,45208,48.00031,2.73925,2,1,3,1,1,4,1,01,1,1,000,035,1,0,1,4,2,6,5,1,9,00,2,1,19,201000033791B01,7,1,1
201000033813,2010-09-10,2010,septembre,vendredi,16:30,45,45208,47.99535,2.73066,2,2,1,1,1,4,1,01,1,-1,000,045,1,5,1,4,1,13,0,1,9,00,2,1,15,201000033813A01,7,1,1
201000033826,2010-10-13,2010,octobre,mercredi,75:0,45,45338,47.98229,2.70596,2,2,3,5,1,4,2,02,1,1,000,050,1,5,1,4,1,18,2,1,9,00,2,1,1,201000033826A01,7,16,1
201000033853,2010-01-21,2010,janvier,jeudi,70:5,45,45285,47.89952,1.87293,2,1,3,3,5,4,3,04,1,1,010,087,1,0,1,4,2,33,1,1,4,08,2,1,5,201000033853A01,7,1,1
201000033854,2010-01-21,2010,janvier,jeudi,12:27,45,45234,47.90148,1.90552,2,1,3,1,1,4,2,02,1,1,000,047,1,0,1,4,1,19,9,1,2,00,2,8,1,201000033854B01,7,1,1
201000033891,2010-03-29,2010,mars,lundi,18:25,45,45234,0,0,2,1,3,1,1,4,2,02,1,1,000,060,1,0,1,4,1,12,0,1,2,00,2,8,9,201000033891A01,7,1,1
201000033912,2010-05-10,2010,mai,lundi,11:15,45,45234,47.8993,1.90412,2,1,3,1,1,4,3,04,1,1,000,028,1,4,1,4,1,19,0,1,9,00,2,8,19,201000033912A01,7,1,1
201000033918,2010-05-25,2010,mai,mardi,14:00,45,45234,47.91432,1.92973,2,1,3,1,1,4,2,02,1,1,000,046,1,0,1,4,1,60,0,1,9,00,2,1,1,201000033918B01,10,22,1
201000033922,2010-06-02,2010,juin,mercredi,20:15,45,45075,47.89212,1.83403,2,6,3,1,1,4,2,02,1,1,000,045,1,0,1,4,2,31,9,1,9,00,2,1,1,201000033922B01,7,9,1
201000033937,2010-06-28,2010,juin,lundi,83:2,45,45234,47.90895,1.8994,2,1,3,1,1,4,1,01,1,1,000,030,1,0,1,4,2,33,9,1,9,00,2,1,2,201000033937B01,7,22,1
201000033938,2010-06-28,2010,juin,lundi,18:20,45,45286,47.88759,1.92629,2,1,3,1,1,3,2,02,1,1,000,055,1,0,1,3,2,45,9,1,9,00,2,3,9,201000033938A01,7,1,1
201000033943,2010-07-05,2010,juillet,lundi,12:25,45,45234,47.90221,1.88934,2,2,3,1,1,4,2,02,1,1,000,071,1,0,1,4,2,48,9,1,9,00,2,8,15,201000033943A01,7,1,1
201000033946,2010-07-08,2010,juillet,jeudi,22:55,45,45234,47.89789,1.90616,2,1,1,1,1,3,2,02,1,1,000,060,1,0,1,4,1,15,9,1,9,00,2,1,13,201000033946A01,7,1,1
201000033965,2010-08-24,2010,août,mardi,20:00,45,45234,47.92247,1.89378,2,2,3,2,1,4,2,02,1,1,000,060,1,0,1,4,2,33,9,1,9,00,2,1,15,201000033965A01,7,15,1
201000033967,2010-08-27,2010,août,vendredi,90:0,45,45147,47.92119,1.9056,2,3,3,1,1,4,2,02,1,1,000,080,1,0,1,3,1,71,9,1,9,00,2,1,1,201000033967B01,7,16,1
201000033979,2010-09-11,2010,septembre,samedi,15:40,45,45234,47.91849,1.89347,2,1,3,1,1,4,2,02,1,1,000,067,1,0,1,4,1,8,0,1,9,00,2,1,1,201000033979B01,7,22,1
201000033984,2010-09-16,2010,septembre,jeudi,18:00,45,45285,0,0,2,1,3,1,1,3,3,02,1,1,036,083,1,0,1,4,1,69,9,1,9,00,2,3,13,201000033984A01,33,1,1
201000033989,2010-09-24,2010,septembre,vendredi,15:00,45,45147,47.93431,1.89625,2,1,3,1,1,3,2,04,1,1,015,142,1,0,1,3,2,29,9,1,9,00,2,3,1,201000033989B01,7,0,1
201000034003,2010-10-08,2010,octobre,vendredi,16:25,45,45285,47.91245,1.86498,2,1,3,1,1,4,2,02,1,1,000,069,1,0,1,3,1,13,9,1,9,00,2,6,19,201000034003A01,7,1,1
201000034006,2010-10-11,2010,octobre,lundi,19:50,45,45147,47.93192,1.90999,2,1,6,1,1,4,2,02,1,1,000,071,1,0,1,3,1,52,9,1,9,00,0,1,1,201000034006A01,,,
201000034015,2010-10-25,2010,octobre,lundi,17:55,45,45284,47.91417,1.96425,2,2,3,2,1,3,2,02,1,1,000,055,1,0,1,3,2,40,9,1,9,00,2,1,1,201000034015A01,7,16,1
201000034016,2010-10-26,2010,octobre,mardi,75:2,45,45234,47.92085,1.89662,2,2,3,1,1,4,2,02,1,1,000,049,1,0,1,4,1,58,9,1,9,00,2,7,1,201000034016A01,7,1,1
201000034017,2010-10-26,2010,octobre,mardi,91:3,45,45234,47.91603,1.93097,2,3,3,1,1,4,2,02,1,1,000,058,1,0,1,4,1,76,9,1,9,00,2,1,1,201000034017A01,7,15,1
201000034031,2010-11-17,2010,novembre,mercredi,12:20,45,45075,47.89282,1.82579,2,1,2,1,1,4,2,02,1,1,000,055,1,0,1,3,2,11,2,1,9,00,2,1,2,201000034031A01,7,1,1
201000034035,2010-11-25,2010,novembre,jeudi,15:51,45,45234,47.8849,1.90449,2,2,3,1,2,3,2,02,1,1,000,081,2,0,1,3,1,12,2,1,4,00,2,1,1,201000034035A01,7,1,1
201000034035,2010-11-25,2010,novembre,jeudi,15:51,45,45234,47.8849,1.90449,2,2,3,1,2,3,2,02,1,1,000,081,2,0,1,1,1,12,0,1,9,00,2,1,1,201000034035A01,7,1,1
201000034099,2010-07-16,2010,juillet,vendredi,13:05,47,47032,0,0,2,1,3,1,1,4,1,01,1,1,000,000,1,0,1,3,1,15,5,1,9,00,2,1,1,201000034099A01,20,1,1
201000034106,2010-08-24,2010,août,mardi,20:10,47,47001,44.1975,0.62038,2,3,3,1,1,3,2,02,1,1,000,086,1,0,5,4,1,53,1,1,9,00,2,1,1,201000034106B01,7,16,1
201000034109,2010-09-01,2010,septembre,mercredi,16:20,47,47201,44.1983,0.59578,2,1,3,1,1,4,2,02,1,1,000,062,1,0,1,3,2,81,5,1,9,00,2,8,9,201000034109B01,14,1,1
201000034119,2010-11-24,2010,novembre,mercredi,17:35,47,47031,0,0,2,3,3,1,1,4,2,02,1,1,000,080,1,0,1,4,1,14,5,1,9,00,2,1,1,201000034119A01,7,1,1
201000034137,2010-06-17,2010,juin,jeudi,82:0,47,47323,0,0,2,1,3,1,1,4,1,01,1,1,000,000,1,0,0,4,1,20,0,1,9,00,0,3,11,201000034137B01,7,2,1
201000034154,2010-12-19,2010,décembre,dimanche,21:00,47,47323,0,0,2,2,3,4,1,4,1,01,1,1,000,050,1,0,1,4,1,24,5,1,9,00,0,0,1,201000034154B01,7,1,1
201000034161,2010-09-13,2010,septembre,lundi,16:10,48,48095,44.52132,3.51525,2,1,7,1,1,4,2,01,-1,1,000,048,1,0,1,3,1,14,5,1,9,00,0,0,1,201000034161B01,7,1,1
201000034164,2010-01-04,2010,janvier,lundi,13:00,49,49007,47.459,-0.54716,2,2,3,1,1,4,2,02,1,1,000,061,1,0,1,4,1,66,5,1,9,00,2,1,1,201000034164B01,7,15,1
201000034168,2010-01-09,2010,janvier,samedi,15:50,49,49007,47.4541,-0.57724,2,1,7,1,1,4,-1,01,1,1,000,000,1,0,0,4,1,22,0,1,9,01,0,0,0,201000034168A01,,,
201000034178,2010-01-13,2010,janvier,mercredi,19:20,49,49007,47.4745,-0.5468,2,2,1,5,1,4,2,02,1,1,000,000,2,0,1,4,2,21,5,1,9,00,2,1,16,201000034178B01,7,1,1
201000034183,2010-01-21,2010,janvier,jeudi,13:40,49,49267,47.4769,-0.5071,2,6,3,1,1,4,2,02,1,1,000,000,1,0,1,4,1,30,1,1,9,00,2,4,1,201000034183B01,7,9,1
201000034193,2010-02-03,2010,février,mercredi,19:21,49,49007,47.4738,-0.5757,2,1,7,5,1,4,1,00,-1,-1,000,060,-1,0,1,3,1,18,0,1,9,00,0,0,1,201000034193A01,,,
201000034199,2010-02-09,2010,février,mardi,10:48,49,49007,47.4657,-0.55608,2,1,7,1,1,4,1,01,1,1,000,000,1,0,1,4,1,37,5,1,2,14,0,1,1,201000034199A01,,,
201000034227,2010-03-12,2010,mars,vendredi,18:04,49,49007,47.466,-0.54359,2,4,2,1,1,4,2,02,1,1,000,075,1,0,1,1,1,23,1,1,2,01,2,4,15,201000034227B01,31,17,1
201000034228,2010-03-13,2010,mars,samedi,12:4,49,49007,47.4746,-0.5469,2,2,6,4,1,4,3,04,1,1,000,000,1,0,1,4,1,31,0,1,2,01,2,0,1,201000034228A01,7,1,1
201000034230,2010-03-15,2010,mars,lundi,73:7,49,49007,47.4633,-0.53208,2,1,7,1,1,4,3,01,1,1,000,060,1,0,5,4,2,23,1,1,2,00,0,0,1,201000034230A01,,,
201000034234,2010-03-18,2010,mars,jeudi,75:3,49,49246,47.4348,-0.52476,2,1,7,1,1,4,3,02,2,1,000,041,1,0,1,4,1,13,9,1,2,00,0,0,1,201000034234A01,,,
201000034246,2010-03-23,2010,mars,mardi,10:40,49,49246,47.4322,-0.5289,2,1,7,1,1,3,2,02,1,1,000,070,1,0,1,4,1,60,0,1,2,00,1,1,1,201000034246A01,,,
201000034246,2010-03-23,2010,mars,mardi,10:40,49,49246,47.4322,-0.5289,2,1,7,1,1,3,2,02,1,1,000,070,1,0,1,1,1,40,0,1,9,00,1,1,1,201000034246A01,,,
201000034252,2010-03-26,2010,mars,vendredi,16:45,49,49007,47.4647,-0.54099,2,1,2,1,1,4,2,02,1,1,000,052,1,0,1,4,1,50,5,1,2,01,2,1,2,201000034252A01,7,2,1
201000034275,2010-04-20,2010,avril,mardi,19:22,49,49246,47.4445,-0.51666,2,1,7,1,1,4,2,02,1,1,000,094,1,0,1,4,1,48,5,1,9,00,0,0,1,201000034275A01,,,
201000034277,2010-04-21,2010,avril,mercredi,16:55,49,49246,47.4308,-0.53868,2,1,7,1,1,3,2,02,1,1,000,035,1,0,1,4,1,16,5,1,9,00,0,0,1,201000034277A01,,,
201000034282,2010-04-26,2010,avril,lundi,15:15,49,49007,47.4793,-0.56092,2,1,7,1,1,4,2,03,1,1,000,000,1,0,5,4,1,52,1,1,9,00,2,0,1,201000034282B01,7,20,1
201000034283,2010-04-28,2010,avril,mercredi,93:0,49,49007,47.4517,-0.53581,2,2,1,1,1,4,2,02,1,1,000,054,1,0,1,4,2,51,5,1,9,00,2,1,16,201000034283B01,7,15,1