Num_Acc,date,an,mois,jour,hrmn,dep,com,lat,long,agg,int,col,lum,atm,catr,circ,nbv,prof,plan,lartpc,larrout,surf,infra,situ,grav,sexe,age,trajet,secuexist,equipement,obs,obsm,choc,manv,vehiculeid,typevehicules,manoeuvehicules,numVehicules
201000034287,2010-04-28,2010,avril,mercredi,17:54,49,49007,47.4724,-0.55454,2,1,1,1,1,4,2,02,1,1,000,039,1,0,1,1,1,16,5,1,2,00,2,0,9,201000034287A01,1,1,1
201000034287,2010-04-28,2010,avril,mercredi,17:54,49,49007,47.4724,-0.55454,2,1,1,1,1,4,2,02,1,1,000,039,1,0,1,1,1,13,5,1,2,00,2,0,9,201000034287A01,1,1,1
201000034287,2010-04-28,2010,avril,mercredi,17:54,49,49007,47.4724,-0.55454,2,1,1,1,1,4,2,02,1,1,000,039,1,0,1,4,2,52,1,1,2,00,2,1,1,201000034287B01,1,9,1
201000034298,2010-05-06,2010,mai,jeudi,18:44,49,49007,47.4534,-0.5259,2,6,3,2,1,4,2,02,1,1,000,000,1,0,1,4,2,58,1,1,2,00,2,1,0,201000034298B01,7,16,1
201000034305,2010-05-15,2010,mai,samedi,12:15,49,49007,47.4603,-0.61081,2,1,7,1,1,4,-1,01,1,1,000,000,1,0,1,4,2,9,5,1,2,00,0,0,1,201000034305A01,,,
201000034310,2010-05-20,2010,mai,jeudi,16:00,49,49007,47.4705,-0.56352,2,1,7,1,1,4,1,01,1,1,000,030,1,0,4,3,2,54,1,1,2,00,1,0,1,201000034310A01,,,
201000034312,2010-05-22,2010,mai,samedi,14:47,49,49007,47.4893,-0.5198,2,1,7,1,1,4,1,01,1,1,000,015,1,0,5,4,1,61,0,1,2,00,0,0,1,201000034312A01,,,
201000034314,2010-05-21,2010,mai,vendredi,80:0,49,49007,47.4705,-0.55557,2,7,2,1,1,4,2,02,1,1,000,060,1,0,1,4,1,16,1,1,2,00,2,1,2,201000034314A01,7,20,1
201000034315,2010-05-21,2010,mai,vendredi,15:00,49,49007,47.4549,-0.55243,2,1,7,1,1,4,2,02,1,1,000,061,1,0,1,4,2,58,5,1,9,00,0,1,1,201000034315A01,,,
201000034332,2010-06-10,2010,juin,jeudi,18:23,49,49007,47.4719,-0.56701,2,2,3,1,1,4,2,04,1,1,000,060,1,0,1,4,1,24,0,1,9,00,2,1,1,201000034332B01,7,1,1
201000034337,2010-06-11,2010,juin,vendredi,16:20,49,49007,47.4723,-0.54625,2,3,3,1,1,4,3,02,1,1,000,090,1,0,1,4,2,61,9,1,2,00,2,7,1,201000034337B01,7,15,1
201000034339,2010-06-14,2010,juin,lundi,14:50,49,49267,47.4726,-0.49337,2,6,3,1,2,4,2,02,1,1,000,060,1,0,1,4,1,31,5,1,9,00,2,1,1,201000034339B01,7,16,1
201000034340,2010-06-14,2010,juin,lundi,17:50,49,49007,47.4733,-0.5955,2,1,7,1,1,4,2,02,1,1,000,060,1,0,1,4,2,19,0,1,2,12,0,0,1,201000034340A01,,,
201000034349,2010-06-21,2010,juin,lundi,14:00,49,49007,47.4698,-0.56626,2,1,7,1,1,4,2,02,1,1,000,060,1,0,4,4,1,19,9,1,2,09,0,2,1,201000034349A01,,,
201000034352,2010-06-22,2010,juin,mardi,17:54,49,49007,47.4582,-0.54476,2,6,3,1,1,4,2,02,1,-1,000,060,1,0,1,3,2,77,0,1,2,00,2,2,1,201000034352B01,7,9,1
201000034356,2010-06-25,2010,juin,vendredi,82:2,49,49007,47.4517,-0.53581,2,3,1,1,1,4,2,02,1,1,000,060,1,0,1,4,1,10,0,1,2,00,2,0,0,201000034356B01,7,0,1
201000034357,2010-06-29,2010,juin,mardi,14:00,49,49007,47.4536,-0.57233,2,1,7,1,1,4,2,02,1,1,000,060,1,0,1,4,1,14,9,1,2,01,0,8,1,201000034357A01,,,
201000034359,2010-06-29,2010,juin,mardi,15:25,49,49007,47.4572,-0.53247,2,1,3,1,1,4,2,02,1,1,000,076,1,0,1,4,2,70,0,1,2,00,2,3,9,201000034359A01,37,1,1
201000034368,2010-07-05,2010,juillet,lundi,19:27,49,49007,47.4637,-0.53817,2,3,7,1,1,4,1,02,1,1,000,060,1,0,1,4,2,31,0,1,9,00,0,1,1,201000034368A01,,,
201000034384,2010-07-19,2010,juillet,lundi,15:55,49,49007,47.4815,-0.57486,2,1,7,1,1,4,2,02,1,1,000,060,1,0,1,4,1,31,9,1,9,00,0,0,1,201000034384A01,,,
201000034393,2010-07-30,2010,juillet,vendredi,15:30,49,49015,47.4999,-0.62168,2,2,3,1,1,3,2,02,1,1,000,090,1,1,1,4,1,15,5,1,2,00,2,1,1,201000034393B01,7,15,1
201000034395,2010-08-02,2010,août,lundi,19:54,49,49353,47.4437,-0.49832,2,2,3,1,1,4,2,02,1,1,000,052,1,0,1,4,1,58,5,1,9,00,2,1,1,201000034395A01,7,1,1
201000034401,2010-08-09,2010,août,lundi,18:29,49,49007,47.4579,-0.52274,2,1,3,1,1,4,-1,02,1,1,000,052,1,0,1,4,1,41,5,1,9,00,2,3,0,201000034401B01,7,0,1
201000034402,2010-08-10,2010,août,mardi,14:00,49,49007,47.448,-0.56699,2,1,3,1,8,4,-1,02,1,1,000,054,1,0,1,4,1,10,9,1,9,00,2,0,0,201000034402B01,7,1,1
201000034402,2010-08-10,2010,août,mardi,14:00,49,49007,47.448,-0.56699,2,1,3,1,8,4,-1,02,1,1,000,054,1,0,1,4,1,10,0,1,9,00,2,0,0,201000034402B01,7,1,1
201000034404,2010-08-13,2010,août,vendredi,19:07,49,49007,47.4768,-0.5408,2,1,6,2,1,4,2,02,2,1,000,600,1,0,1,3,2,26,1,1,9,01,0,0,1,201000034404A01,,,
201000034407,2010-08-20,2010,août,vendredi,83:5,49,49246,47.4412,-0.54112,2,6,2,1,1,4,2,02,1,1,000,050,1,0,1,4,1,60,0,1,2,00,2,4,9,201000034407A01,7,15,1
201000034411,2010-08-29,2010,août,dimanche,92:3,49,49007,47.4878,-0.57378,2,1,6,1,1,4,-1,02,1,1,000,033,1,0,1,4,1,31,0,1,9,01,0,1,0,201000034411B01,7,0,1
201000034415,2010-08-30,2010,août,lundi,14:40,49,49007,47.4731,-0.59981,2,2,3,1,1,4,2,02,1,1,000,065,1,0,1,4,2,18,1,1,9,02,2,1,1,201000034415A01,7,1,1
201000034420,2010-09-02,2010,septembre,jeudi,91:0,49,49007,47.4517,-0.53581,2,2,3,1,1,4,2,02,1,1,000,081,1,0,1,4,2,70,9,1,2,00,2,2,1,201000034420B01,7,15,1
201000034421,2010-09-02,2010,septembre,jeudi,16:43,49,49007,47.4619,-0.54844,2,2,3,1,1,4,2,02,1,1,000,075,1,0,1,4,2,50,1,1,2,00,2,1,1,201000034421B01,7,15,1
201000034424,2010-08-28,2010,août,samedi,13:17,49,49007,47.475,-0.53418,2,1,7,1,1,4,1,01,1,1,000,020,1,0,1,4,2,26,5,1,9,00,0,1,1,201000034424A01,,,
201000034428,2010-08-30,2010,août,lundi,75:0,49,49007,47.453,-0.53872,2,2,3,1,1,4,2,02,1,1,000,070,1,0,1,1,1,18,1,1,2,00,2,8,9,201000034428A01,33,1,1
201000034432,2010-09-07,2010,septembre,mardi,16:44,49,49007,47.4678,-0.55655,2,1,7,1,1,4,2,04,1,1,000,140,2,0,5,4,2,73,9,1,2,00,2,1,5,201000034432A01,99,19,1
201000034438,2010-09-10,2010,septembre,vendredi,16:00,49,49007,47.4812,-0.54303,2,2,1,1,1,4,2,02,1,1,000,074,1,0,1,4,1,15,5,1,2,00,2,1,1,201000034438B01,7,16,1
201000034441,2010-09-11,2010,septembre,samedi,85:6,49,49007,47.4547,-0.53322,2,2,1,1,1,4,2,02,1,1,000,063,1,0,1,4,2,46,5,1,9,00,2,1,1,201000034441B01,7,15,1
201000034450,2010-09-16,2010,septembre,jeudi,17:30,49,49007,47.4649,-0.54905,2,6,3,1,1,4,2,02,1,1,000,080,1,0,1,4,2,20,1,1,2,00,2,1,1,201000034450B01,7,1,1
201000034452,2010-09-19,2010,septembre,dimanche,18:00,49,49007,47.4745,-0.5468,2,2,3,1,1,4,2,02,1,1,000,062,1,0,1,3,2,23,5,1,9,00,2,1,1,201000034452B01,7,16,1
201000034455,2010-09-18,2010,septembre,samedi,12:40,49,49007,47.4743,-0.54636,2,1,7,1,1,4,2,03,1,1,000,080,1,0,1,4,1,55,0,1,2,00,0,1,1,201000034455A01,,,
201000034462,2010-09-20,2010,septembre,lundi,81:1,49,49007,47.4639,-0.53059,2,3,1,1,1,4,2,02,1,1,000,090,1,0,1,4,1,15,2,1,2,00,0,1,13,201000034462B01,7,1,1
201000034467,2010-09-24,2010,septembre,vendredi,10:00,49,49007,47.4729,-0.58347,2,1,7,1,1,4,2,02,1,1,000,075,2,0,1,4,1,17,4,1,2,00,0,0,1,201000034467A01,,,
201000034469,2010-09-24,2010,septembre,vendredi,17:00,49,49007,47.4454,-0.54608,2,1,1,1,1,4,2,02,1,1,000,000,2,0,0,4,1,83,0,1,9,00,2,0,0,201000034469B01,3,0,1
201000034474,2010-09-27,2010,septembre,lundi,11:03,49,49353,47.4427,-0.48166,2,1,5,1,1,3,2,02,1,2,000,070,1,0,4,4,1,62,5,1,9,00,2,1,1,201000034474A01,7,1,1
201000034474,2010-09-27,2010,septembre,lundi,11:03,49,49353,47.4427,-0.48166,2,1,5,1,1,3,2,02,1,2,000,070,1,0,4,1,2,43,4,1,2,00,2,1,1,201000034474B01,7,1,1
201000034477,2010-09-29,2010,septembre,mercredi,90:3,49,49007,47.4703,-0.53143,2,1,6,1,1,4,2,02,-1,-1,000,050,1,0,0,4,1,22,0,1,9,15,0,1,1,201000034477A01,,,
201000034483,2010-10-01,2010,octobre,vendredi,93:0,49,49007,47.4582,-0.54476,2,6,3,1,1,4,2,02,1,1,000,065,1,0,1,4,2,20,1,1,2,00,2,7,1,201000034483B01,7,9,1
201000034487,2010-10-03,2010,octobre,dimanche,53:,49,49007,47.4717,-0.55397,2,1,7,5,1,4,1,01,2,1,000,040,-1,0,4,4,1,16,0,1,9,00,0,1,1,201000034487A01,,,
201000034493,2010-10-04,2010,octobre,lundi,15:45,49,49246,47.4197,-0.52353,2,1,7,1,8,4,2,02,1,1,000,055,2,0,1,4,2,70,5,1,2,12,0,1,1,201000034493A01,,,
201000034494,2010-10-05,2010,octobre,mardi,71:5,49,49246,47.434,-0.52269,2,1,7,5,2,4,2,02,1,1,000,060,2,0,0,4,1,52,0,1,4,00,0,7,1,201000034494A01,,,
201000034499,2010-10-05,2010,octobre,mardi,17:45,49,49007,47.4767,-0.59793,2,3,3,1,2,4,2,02,1,1,000,060,2,0,0,4,1,18,0,1,9,00,2,1,9,201000034499A01,7,1,1
201000034511,2010-10-09,2010,octobre,samedi,12:00,49,49007,47.4762,-0.54508,2,2,3,1,1,4,2,02,1,1,000,065,1,0,1,4,1,19,1,1,2,00,2,1,1,201000034511B01,7,9,1
201000034512,2010-10-10,2010,octobre,dimanche,17:20,49,49007,47.4613,-0.53103,2,1,7,1,1,4,2,02,1,1,000,060,1,0,1,4,2,19,4,1,2,12,0,7,1,201000034512A01,,,
201000034513,2010-10-11,2010,octobre,lundi,15:20,49,49007,47.4767,-0.55038,2,1,7,1,1,4,2,02,1,1,000,060,1,0,1,4,2,28,4,1,2,01,0,0,1,201000034513B01,7,24,1
201000034514,2010-10-11,2010,octobre,lundi,17:20,49,49007,47.4763,-0.56645,2,2,3,1,1,4,2,03,1,1,000,085,1,0,1,4,1,44,5,1,2,00,2,0,1,201000034514B01,7,16,1
201000034515,2010-10-11,2010,octobre,lundi,17:05,49,49007,47.4734,-0.59018,2,1,7,1,1,4,2,02,1,1,000,085,2,0,1,4,1,37,0,1,2,16,0,1,1,201000034515A01,,,
201000034517,2010-10-12,2010,octobre,mardi,18:21,49,49007,47.472,-0.57488,2,1,5,1,1,4,2,06,1,1,025,075,1,0,1,4,1,18,0,1,9,00,2,7,19,201000034517A01,7,1,2
201000034527,2010-10-20,2010,octobre,mercredi,74:5,49,49007,47.4551,-0.53407,2,4,3,2,1,4,4,03,1,1,000,120,1,0,1,4,2,16,2,1,9,00,2,3,19,201000034527B01,7,1,1
201000034529,2010-10-21,2010,octobre,jeudi,80:3,49,49007,47.4527,-0.55955,2,1,3,2,1,4,2,02,1,2,000,070,1,0,1,4,1,45,1,1,2,01,0,1,1,201000034529B01,7,24,1
201000034538,2010-10-28,2010,octobre,jeudi,16:11,49,49007,47.4604,-0.59826,2,1,7,1,1,4,-1,00,-1,-1,000,000,-1,0,0,4,1,15,0,1,9,00,0,1,1,201000034538A01,,,
201000034542,2010-11-01,2010,novembre,lundi,15:33,49,49007,47.4886,-0.53369,2,3,3,1,1,4,2,02,1,1,000,060,1,0,1,4,1,10,5,1,2,00,2,1,1,201000034542B01,7,15,1
201000034544,2010-11-04,2010,novembre,jeudi,80:5,49,49007,47.4751,-0.58723,2,3,3,2,2,4,2,02,1,1,000,050,2,0,1,4,2,56,1,1,2,00,2,5,15,201000034544B01,7,17,1
201000034547,2010-11-05,2010,novembre,vendredi,19:15,49,49007,47.4773,-0.52064,2,1,3,5,1,4,3,04,1,1,000,120,1,0,1,4,1,26,4,1,2,00,2,1,1,201000034547B01,7,9,1
201000034559,2010-11-09,2010,novembre,mardi,75:7,49,49007,47.473,-0.55001,2,2,1,2,1,4,-1,01,1,1,000,080,2,6,1,4,1,18,2,1,2,00,2,1,1,201000034559B01,7,19,1
201000034575,2010-11-18,2010,novembre,jeudi,21:30,49,49007,47.4714,-0.54697,2,4,3,5,1,4,3,05,1,1,000,151,1,0,1,4,1,19,9,1,2,00,2,8,1,201000034575B01,7,15,1
201000034576,2010-11-18,2010,novembre,jeudi,17:22,49,49007,47.4649,-0.54875,2,7,7,1,1,4,2,02,1,1,000,060,2,0,1,4,2,5,2,1,2,16,0,0,1,201000034576A01,,,
201000034584,2010-11-25,2010,novembre,jeudi,84:1,49,49007,47.4576,-0.55411,2,1,7,1,8,4,2,02,1,1,000,066,2,0,1,4,1,38,1,1,2,14,0,1,1,201000034584A01,,,
201000034599,2010-12-03,2010,décembre,vendredi,75:8,49,49007,47.4668,-0.54278,2,2,3,2,1,4,1,01,1,1,000,055,1,0,1,4,2,38,1,1,9,00,2,4,5,201000034599A01,7,15,1
201000034606,2010-12-07,2010,décembre,mardi,17:20,49,49007,47.4676,-0.5561,2,1,7,5,3,4,2,04,1,-1,000,120,2,0,1,4,2,61,5,1,2,14,0,1,1,201000034606A01,,,
201000034614,2010-12-09,2010,décembre,jeudi,85:0,49,49007,47.4705,-0.56631,2,1,7,1,1,4,2,02,1,1,000,065,7,0,1,4,1,46,9,1,9,16,0,0,1,201000034614A01,,,
201000034625,2010-12-17,2010,décembre,vendredi,95:0,49,49007,47.4692,-0.52543,2,1,7,1,1,4,2,02,1,1,000,060,7,0,1,4,2,19,1,1,2,16,0,1,1,201000034625A01,,,
201000034633,2010-12-29,2010,décembre,mercredi,18:09,49,49267,47.4703,-0.51581,2,6,7,5,2,4,2,02,1,1,000,000,2,5,0,4,1,28,0,1,9,00,0,0,1,201000034633A01,,,
201000034658,2010-05-05,2010,mai,mercredi,16:14,49,49099,47.0441,-0.88939,2,1,3,1,1,3,3,04,1,1,000,000,1,0,1,4,1,88,5,1,9,00,2,1,13,201000034658A01,7,1,1
201000034669,2010-06-28,2010,juin,lundi,82:5,49,49099,47.0484,-0.88109,2,3,3,1,2,4,2,02,1,1,000,000,1,0,1,3,1,57,1,1,9,00,2,1,1,201000034669B01,7,9,1
201000034672,2010-07-14,2010,juillet,mercredi,20:09,49,49099,47.0509,-0.85097,2,6,3,1,1,3,4,02,1,1,000,000,2,0,1,4,1,52,5,1,9,00,2,1,1,201000034672B01,7,9,1
201000034720,2010-03-13,2010,mars,samedi,11:40,49,49328,47.2638,-0.08104,2,3,3,1,1,4,2,02,1,-1,000,000,1,0,1,4,1,8,0,1,9,00,0,5,1,201000034720B01,7,1,1
201000034734,2010-05-14,2010,mai,vendredi,17:25,49,49328,47.2586,-0.07887,2,1,7,1,1,4,1,01,1,1,000,048,1,0,1,4,1,12,5,1,9,00,1,0,1,201000034734A01,,,
201000034738,2010-05-19,2010,mai,mercredi,16:30,49,49328,47.263,-0.07958,2,2,3,1,1,4,1,01,1,1,000,051,1,5,5,4,2,30,5,1,9,00,0,8,1,201000034738B01,7,1,1
201000034741,2010-06-03,2010,juin,jeudi,18:00,49,49328,47.2774,-0.06272,2,1,3,1,1,4,2,02,1,1,000,000,1,0,1,3,1,51,5,1,9,00,2,1,1,201000034741B01,7,15,1
201000034745,2010-06-17,2010,juin,jeudi,75:0,49,49328,47.2431,-0.09433,2,4,3,1,2,4,2,01,1,1,000,106,2,0,1,3,2,16,2,1,9,00,0,1,15,201000034745B01,7,1,1
201000034746,2010-06-20,2010,juin,dimanche,16:20,49,49328,47.2564,-0.07761,2,1,7,1,1,4,-1,01,1,1,000,064,1,0,1,4,2,16,0,1,9,00,0,0,0,201000034746A01,,,
201000034752,2010-07-06,2010,juillet,mardi,23:50,49,49328,47.274,-0.07069,2,1,7,3,1,4,2,02,1,1,000,000,1,0,5,4,1,19,5,1,9,00,0,0,1,201000034752A01,,,
201000034759,2010-07-22,2010,juillet,jeudi,20:05,49,49328,47.2834,-0.1417,2,1,7,1,1,4,2,02,2,1,000,000,1,0,1,4,1,12,0,1,9,00,0,0,0,201000034759A01,,,
201000034763,2010-08-30,2010,août,lundi,13:55,49,49328,47.2626,-0.07897,2,9,7,1,1,4,2,01,2,1,000,025,1,0,5,4,1,,0,1,9,00,0,0,2,201000034763A01,,,
201000034769,2010-09-17,2010,septembre,vendredi,73:5,49,49328,47.2603,-0.08901,2,6,2,2,1,4,2,01,1,1,000,080,1,0,1,4,2,16,2,1,9,00,0,4,2,201000034769B01,10,2,1
201000034771,2010-09-21,2010,septembre,mardi,11:20,49,49328,47.2469,-0.07715,2,6,2,1,1,4,2,01,1,1,000,000,1,5,1,3,1,61,5,1,9,00,2,4,1,201000034771B01,10,0,1
201000034772,2010-09-21,2010,septembre,mardi,17:00,49,49328,47.2881,-0.10278,1,1,3,1,1,3,3,01,1,1,000,000,1,4,5,4,1,80,0,1,9,00,2,0,1,201000034772A01,2,0,1
201000034773,2010-09-21,2010,septembre,mardi,18:00,49,49328,47.2567,-0.08491,2,1,7,1,1,4,2,01,1,1,000,067,1,0,1,4,2,12,5,1,9,02,0,1,0,201000034773A01,,,
201000034785,2010-11-22,2010,novembre,lundi,11:30,49,49328,47.2586,-0.07878,2,1,6,1,1,4,1,01,1,1,000,000,1,0,1,4,2,48,1,1,2,00,0,1,1,201000034785B01,7,0,1
201000034791,2010-12-09,2010,décembre,jeudi,84:5,49,49328,47.2614,-0.08964,2,1,7,2,9,4,1,01,1,1,000,000,7,0,1,4,2,28,1,1,9,00,0,0,1,201000034791A01,,,
201000034833,2010-03-18,2010,mars,jeudi,19:50,50,50129,49.6371,-1.61969,2,1,2,2,1,4,1,03,-1,-1,000,000,-1,0,1,3,1,20,5,1,2,00,2,4,11,201000034833A01,37,1,1
201000034841,2010-04-03,2010,avril,samedi,12:0,50,50129,49.6347,-1.62583,2,1,3,3,1,3,3,04,2,1,000,060,1,0,1,4,2,22,1,1,2,00,2,3,1,201000034841B01,7,17,1
201000034856,2010-05-12,2010,mai,mercredi,19:26,50,50129,49.645,-1.63556,2,2,3,1,1,4,3,04,1,1,000,000,1,5,5,4,1,20,5,1,2,00,2,7,9,201000034856A01,7,1,1
201000034864,2010-05-27,2010,mai,jeudi,14:00,50,50602,49.6392,-1.60551,2,2,3,1,1,4,2,02,1,1,000,000,1,5,1,3,1,38,5,1,2,00,2,1,0,201000034864A01,7,16,1
201000034892,2010-06-28,2010,juin,lundi,74:5,50,50129,49.6393,-1.60542,2,2,1,1,7,4,2,02,1,1,000,059,1,5,1,4,1,50,1,1,2,00,2,7,1,201000034892B01,7,15,1
201000034893,2010-06-30,2010,juin,mercredi,13:15,50,50602,49.6507,-1.55362,1,1,7,1,1,3,2,02,2,4,000,046,1,0,1,3,1,64,5,1,2,16,0,0,1,201000034893A01,,,
201000034908,2010-07-29,2010,juillet,jeudi,51:5,50,50129,49.6331,-1.61358,2,1,7,3,1,9,-1,00,1,1,000,000,1,0,1,3,1,42,5,1,2,00,0,0,1,201000034908A01,,,
201000034953,2010-10-15,2010,octobre,vendredi,95:0,50,50602,49.6501,-1.58567,2,1,6,1,1,4,2,02,1,4,000,030,1,0,5,3,1,63,5,1,2,14,0,2,1,201000034953A01,,,
201000034985,2010-12-12,2010,décembre,dimanche,11:45,50,50129,49.6392,-1.60548,2,2,1,1,1,4,2,02,1,1,000,058,1,5,1,3,1,47,5,1,2,00,2,3,1,201000034985B01,7,15,1
201000034999,2010-07-28,2010,juillet,mercredi,13:50,50,50147,49.0575,-1.43045,2,3,3,1,1,3,2,02,3,1,000,080,1,0,1,4,1,55,1,1,9,00,2,7,1,201000034999B01,7,15,1
201000035023,2010-08-18,2010,août,mercredi,14:40,50,50165,48.8522,-1.56211,2,1,7,1,1,3,2,02,2,2,000,065,1,0,3,3,1,15,5,1,2,00,0,0,14,201000035023A01,,,
201000035043,2010-06-30,2010,juin,mercredi,13:20,50,50502,49.1119,-1.06982,2,6,3,1,1,4,2,02,4,1,000,083,1,5,1,4,1,63,5,1,2,00,2,4,1,201000035043B01,7,1,1
201000035060,2010-11-17,2010,novembre,mercredi,15:25,50,50502,49.1155,-1.08308,2,2,3,1,1,2,1,02,1,-1,078,097,1,0,1,4,2,54,1,1,2,00,2,1,1,201000035060B01,7,9,1
201000035078,2010-08-20,2010,août,vendredi,13:45,51,51108,0,0,2,3,3,1,1,4,2,02,1,1,000,050,1,0,1,4,2,22,1,1,4,00,2,2,19,201000035078B01,7,1,1
201000035121,2010-02-25,2010,février,jeudi,83:5,51,51172,49.2164,4.05112,2,6,3,1,2,3,3,04,1,1,020,120,2,5,0,4,1,46,1,1,2,00,2,7,15,201000035121B01,7,16,1
201000035125,2010-03-09,2010,mars,mardi,18:15,51,51454,0,0,2,1,3,2,1,4,2,03,1,1,000,096,1,0,1,3,1,27,1,1,2,00,2,1,1,201000035125B01,7,13,1
201000035129,2010-03-19,2010,mars,vendredi,75:5,51,51573,0,0,2,6,3,1,1,4,1,02,1,-1,,086,1,0,1,4,1,23,1,1,9,00,2,7,15,201000035129B01,7,9,1
201000035143,2010-05-16,2010,mai,dimanche,18:30,51,51454,0,0,2,1,6,1,1,4,-1,00,1,1,000,000,1,6,0,1,1,18,5,1,9,00,1,1,0,201000035143A01,,,
201000035143,2010-05-16,2010,mai,dimanche,18:30,51,51454,0,0,2,1,6,1,1,4,-1,00,1,1,000,000,1,6,0,4,1,4,5,1,9,00,1,1,0,201000035143A01,,,
201000035194,2010-09-30,2010,septembre,jeudi,16:20,51,51454,0,0,2,6,3,1,1,3,1,01,1,2,000,086,1,5,1,3,1,32,0,1,2,00,2,8,2,201000035194B01,14,2,1
201000035201,2010-10-10,2010,octobre,dimanche,2:,51,51172,0,0,2,1,3,5,1,4,2,02,1,1,000,072,1,0,1,4,1,31,1,1,4,00,0,8,1,201000035201B01,7,2,1
201000035202,2010-10-15,2010,octobre,vendredi,73:0,51,51454,0,0,2,1,3,5,1,4,2,04,1,2,000,112,1,0,1,4,1,25,0,1,2,00,2,7,1,201000035202B01,7,1,1
201000035209,2010-10-25,2010,octobre,lundi,75:0,51,51454,0,0,2,1,1,2,1,4,2,02,1,1,000,058,1,0,1,3,1,40,1,1,9,00,0,0,0,201000035209B01,7,0,1
201000035218,2010-11-22,2010,novembre,lundi,18:00,51,51055,0,0,1,1,2,3,2,4,2,02,2,1,000,065,2,2,1,3,1,41,5,1,9,00,2,4,2,201000035218B01,7,2,1
201000035234,2010-04-22,2010,avril,jeudi,15:30,52,52121,48.1028,5.13478,2,2,2,1,1,4,2,03,1,1,000,078,1,0,1,4,2,60,5,1,9,00,2,4,23,201000035234B01,10,0,1
201000035262,2010-06-05,2010,juin,samedi,82:5,52,52448,48.6366,4.9557,2,6,3,1,1,4,1,01,2,1,000,066,1,0,1,3,1,52,5,1,9,00,2,3,1,201000035262A01,7,9,1
201000035265,2010-06-09,2010,juin,mercredi,10:35,52,52448,48.6387,4.9598,2,1,6,1,1,4,3,02,1,1,000,000,1,0,1,1,1,19,0,1,2,00,1,0,1,201000035265A01,,,
201000035291,2010-04-13,2010,avril,mardi,18:00,53,53130,0,0,2,1,2,1,1,4,2,02,2,1,000,078,-1,0,1,3,1,90,5,1,2,14,0,1,1,201000035291A01,7,23,1
201000035292,2010-05-10,2010,mai,lundi,84:0,53,53130,0,0,2,3,6,1,2,4,2,03,1,1,000,090,2,5,1,1,1,38,5,1,2,00,0,8,23,201000035292C01,7,1/15,2
201000035300,2010-10-08,2010,octobre,vendredi,18:50,53,53130,0,0,2,1,3,1,1,4,2,02,2,1,000,000,1,0,1,3,1,20,2,1,2,00,2,1,18,201000035300B01,7,14,1
201000035324,2010-04-28,2010,avril,mercredi,21:00,54,54159,0,0,2,3,3,1,1,9,2,02,1,1,000,055,1,0,1,4,1,15,5,1,9,00,2,1,9,201000035324A01,7,1,1
201000035334,2010-07-22,2010,juillet,jeudi,20:45,54,54323,0,0,2,1,3,2,1,4,2,02,1,1,000,000,1,0,1,3,1,38,5,1,2,00,2,1,1,201000035334B01,7,15,1
201000035342,2010-01-28,2010,janvier,jeudi,17:00,54,54329,0,0,2,3,3,2,1,3,2,03,1,1,000,100,1,0,5,4,1,39,0,1,9,00,2,1,1,201000035342B01,10,15,1
201000035358,2010-01-05,2010,janvier,mardi,83:0,54,54395,0,0,2,3,3,1,1,4,2,00,1,1,000,000,1,0,1,4,1,30,2,1,2,00,2,1,1,201000035358B01,7,9,1
201000035358,2010-01-05,2010,janvier,mardi,83:0,54,54395,0,0,2,3,3,1,1,4,2,00,1,1,000,000,1,0,1,4,1,9,2,1,2,00,2,1,1,201000035358B01,7,9,1
201000035379,2010-01-28,2010,janvier,jeudi,21:30,54,54395,0,0,2,1,3,5,2,4,1,01,2,1,000,090,2,0,1,4,2,56,1,1,4,00,2,8,1,201000035379A01,7,2,1
201000035470,2010-04-09,2010,avril,vendredi,75:9,54,54395,0,0,2,1,6,1,1,4,2,02,1,1,020,090,-1,0,1,4,1,57,1,1,2,00,1,1,0,201000035470A01,,,
201000035482,2010-04-22,2010,avril,jeudi,16:00,54,54304,0,0,2,1,3,1,1,4,2,02,2,1,000,000,1,0,1,4,2,74,3,1,2,00,2,1,1,201000035482B01,10,16,1
201000035485,2010-04-23,2010,avril,vendredi,18:30,54,54578,0,0,2,4,6,1,1,4,2,00,1,1,000,000,1,0,1,4,1,8,0,1,2,00,0,0,0,201000035485A01,7,1,1
201000035492,2010-04-28,2010,avril,mercredi,16:40,54,54395,0,0,2,1,6,1,1,4,2,02,1,1,000,000,1,0,1,4,1,61,1,1,9,00,2,8,1,201000035492B01,7,1,1
201000035493,2010-04-29,2010,avril,jeudi,10:00,54,54547,0,0,1,1,6,1,1,4,2,02,2,-1,000,000,1,0,1,4,1,71,5,1,2,00,2,3,15,201000035493A01,7,17,1
201000035494,2010-04-29,2010,avril,jeudi,16:40,54,54547,0,0,2,1,6,1,1,4,1,04,1,1,030,071,1,0,1,4,2,80,5,1,9,00,2,0,0,201000035494B01,14,0,1
201000035515,2010-05-18,2010,mai,mardi,13:15,54,54304,0,0,2,1,3,1,1,4,3,04,1,1,000,000,1,0,1,4,1,38,1,1,2,00,2,8,1,201000035515B01,7,1,1
201000035516,2010-05-18,2010,mai,mardi,19:15,54,54547,0,0,2,3,3,1,1,4,1,02,1,1,000,000,1,0,1,3,1,64,9,1,9,00,2,1,1,201000035516A01,7,16,1