Num_Acc,date,an,mois,jour,hrmn,dep,com,lat,long,agg,int,col,lum,atm,catr,circ,nbv,prof,plan,lartpc,larrout,surf,infra,situ,grav,sexe,age,trajet,secuexist,equipement,obs,obsm,choc,manv,vehiculeid,typevehicules,manoeuvehicules,numVehicules
201000035527,2010-05-28,2010,mai,vendredi,18:15,54,54395,0,0,2,1,2,1,1,4,2,01,1,1,000,000,1,0,1,4,2,52,1,1,2,00,2,1,1,201000035527B01,7,4,1
201000035531,2010-06-01,2010,juin,mardi,60:5,54,54395,0,0,2,1,3,1,1,4,2,04,1,1,020,164,1,0,4,4,1,38,9,1,9,00,2,1,1,201000035531A01,7,0,1
201000035535,2010-06-06,2010,juin,dimanche,18:20,54,54395,0,0,2,2,6,1,1,4,1,02,3,1,000,045,1,0,1,4,1,25,0,1,2,00,2,1,1,201000035535A01,7,1,1
201000035542,2010-06-13,2010,juin,dimanche,12:55,54,54395,0,0,2,1,2,1,1,4,1,03,1,3,000,000,1,0,1,4,1,66,5,1,2,00,2,1,1,201000035542B01,7,4,1
201000035557,2010-06-24,2010,juin,jeudi,13:00,54,54482,0,0,2,3,6,1,1,4,2,02,3,1,010,070,1,0,0,4,1,19,1,1,2,00,2,3,15,201000035557A01,7,1,1
201000035564,2010-07-03,2010,juillet,samedi,15:56,54,54547,48.66972,6.1699,2,3,6,1,1,3,2,02,1,1,000,000,1,4,1,3,1,15,0,1,9,00,2,1,1,201000035564A01,7,15,1
201000035582,2010-07-24,2010,juillet,samedi,16:20,54,54578,0,0,2,1,1,1,1,4,2,02,4,3,000,000,1,0,1,4,1,14,5,1,2,00,2,7,5,201000035582A01,7,1,1
201000035594,2010-08-05,2010,août,jeudi,94:5,54,54395,0,0,2,1,6,1,1,4,2,02,2,1,000,063,1,0,4,1,1,25,1,1,2,00,1,1,1,201000035594A01,,,
201000035601,2010-08-12,2010,août,jeudi,82:5,54,54395,0,0,2,1,6,1,1,4,1,02,1,1,000,000,2,0,1,4,1,29,5,1,2,00,2,7,1,201000035601B01,7,22,1
201000035608,2010-08-20,2010,août,vendredi,15:50,54,54395,0,0,2,1,2,1,1,4,2,01,3,2,000,000,1,0,5,4,1,40,5,1,2,00,2,7,1,201000035608B01,2,1,1
201000035642,2010-09-09,2010,septembre,jeudi,62:5,54,54395,0,0,2,7,3,5,1,4,1,02,1,2,000,000,1,0,0,3,1,33,1,1,2,00,2,7,19,201000035642A01,7,16,1
201000035653,2010-09-16,2010,septembre,jeudi,75:0,54,54395,0,0,2,2,3,1,1,4,1,00,1,1,000,000,1,0,1,4,1,36,4,1,2,00,2,1,1,201000035653A01,7,1,1
201000035655,2010-09-18,2010,septembre,samedi,13:10,54,54395,0,0,2,1,6,1,1,4,1,01,2,1,000,000,1,0,1,4,1,19,5,1,2,01,0,1,21,201000035655A01,,,
201000035659,2010-09-20,2010,septembre,lundi,75:0,54,54395,0,0,2,2,6,1,1,4,1,01,1,1,000,090,1,0,0,4,2,19,0,1,2,00,2,6,0,201000035659A01,7,0,1
201000035681,2010-10-04,2010,octobre,lundi,18:45,54,54547,0,0,2,1,3,1,1,4,3,04,1,1,000,000,1,0,1,4,1,9,5,1,2,00,2,1,9,201000035681B01,7,1,1
201000035692,2010-10-10,2010,octobre,dimanche,16:20,54,54265,0,0,2,2,3,1,7,4,2,02,2,2,000,070,-1,0,1,4,1,56,0,1,2,00,2,1,1,201000035692B01,7,15,1
201000035717,2010-10-19,2010,octobre,mardi,74:5,54,54395,0,0,2,1,3,2,2,4,1,02,2,1,000,090,2,0,1,4,2,24,1,1,2,00,2,1,1,201000035717B01,7,9,1
201000035726,2010-10-28,2010,octobre,jeudi,11:29,54,54395,0,0,2,1,3,1,9,4,1,01,1,1,000,000,1,0,1,3,1,64,1,1,2,01,0,1,1,201000035726B01,7,22,1
201000035771,2010-12-06,2010,décembre,lundi,75:0,54,54395,0,0,2,2,3,1,4,4,1,02,1,1,000,061,2,0,1,4,1,19,2,1,9,00,2,1,1,201000035771A01,7,1,1
201000035791,2010-07-11,2010,juillet,dimanche,19:00,54,54332,0,0,2,3,3,1,1,4,2,01,2,1,000,060,1,0,1,3,2,42,5,1,2,00,2,6,15,201000035791A01,7,1,1
201000035794,2010-12-08,2010,décembre,mercredi,74:5,54,54431,0,0,1,1,3,3,3,3,3,02,1,1,000,000,2,0,1,3,1,44,5,1,4,00,2,4,1,201000035794B01,7,1,1
201000035806,2010-04-24,2010,avril,samedi,14:00,54,54528,48.6497,5.87004,1,1,6,1,1,3,2,02,1,1,000,105,1,0,1,2,1,17,9,1,9,00,2,8,15,201000035806B01,7,1,1
201000035809,2010-06-11,2010,juin,vendredi,21:00,54,54528,0,0,2,2,3,1,1,4,1,01,1,1,000,043,1,0,1,4,1,13,9,1,9,00,2,1,15,201000035809B01,7,1,1
201000035815,2010-09-23,2010,septembre,jeudi,17:40,54,54174,48.6697,5.86588,2,1,3,1,1,3,2,02,1,1,000,065,1,0,1,4,1,21,1,1,9,00,2,1,15,201000035815A01,33,1,1
201000035816,2010-09-26,2010,septembre,dimanche,15:15,54,54528,0,0,2,3,3,1,2,4,2,02,1,1,000,084,2,0,1,4,1,82,9,1,2,00,0,8,15,201000035816B01,7,15,1
201000035818,2010-10-21,2010,octobre,jeudi,11:30,54,54528,0,0,2,4,3,1,1,4,2,02,1,1,000,075,1,0,1,4,1,33,5,1,9,00,2,7,1,201000035818B01,7,15,1
201000035830,2010-10-18,2010,octobre,lundi,61:5,54,54580,0,0,2,1,3,5,1,4,2,02,1,1,000,078,1,0,1,3,1,53,1,1,4,00,2,3,1,201000035830B01,7,20,1
201000035850,2010-05-28,2010,mai,vendredi,11:05,55,55029,48.77178,5.17056,2,1,3,1,1,3,2,02,1,4,000,091,1,0,1,3,1,70,5,1,2,00,2,1,1,201000035850B01,10,1,1
201000035857,2010-10-03,2010,octobre,dimanche,10:45,55,55029,48.76049,5.14287,1,3,3,1,1,3,2,02,2,1,000,000,1,5,0,3,1,58,5,1,2,00,2,1,1,201000035857B01,7,9,1
201000035863,2010-10-14,2010,octobre,jeudi,17:45,55,55186,48.79789,5.12278,2,1,3,1,1,3,2,02,1,1,000,000,1,0,1,4,2,21,5,1,2,00,2,8,1,201000035863B01,7,17,1
201000035875,2010-07-06,2010,juillet,mardi,12:05,55,55545,49.15799,5.39548,2,6,3,1,1,3,3,01,1,1,000,000,1,0,1,4,1,17,0,1,9,00,2,1,9,201000035875A01,7,1,1
201000035882,2010-11-09,2010,novembre,mardi,82:0,55,55545,0,0,2,6,3,2,2,4,2,02,1,-1,000,062,2,0,1,4,2,50,1,1,9,00,0,0,0,201000035882B01,7,0,1
201000035912,2010-02-06,2010,février,samedi,16:35,56,56083,47.80442,-3.2733,2,1,7,1,1,4,2,02,1,1,000,000,1,0,1,4,1,48,0,1,9,12,0,1,14,201000035912A01,,,
201000035926,2010-03-03,2010,mars,mercredi,13:10,56,56162,47.70984,-3.43761,2,1,7,1,1,3,2,02,1,1,000,000,1,0,1,3,1,47,0,1,2,00,2,0,1,201000035926B01,7,0,1
201000035930,2010-03-07,2010,mars,dimanche,13:30,56,56098,47.76225,-3.34504,2,1,7,1,1,4,2,02,1,1,000,000,1,0,1,3,1,21,5,1,9,00,2,0,19,201000035930B01,7,1,1
201000035936,2010-03-17,2010,mars,mercredi,82:5,56,56121,47.75265,-3.39123,2,1,3,1,1,4,2,02,1,1,000,000,1,0,1,4,1,43,9,1,9,00,2,0,1,201000035936B01,7,16,1
201000035953,2010-04-06,2010,avril,mardi,75:8,56,56121,47.74128,-3.3729,2,6,3,1,1,4,3,02,1,1,000,000,1,0,1,4,2,18,0,1,9,00,2,0,1,201000035953B01,7,9,1
201000035967,2010-05-06,2010,mai,jeudi,12:10,56,56098,47.76468,-3.35117,2,3,3,1,1,4,2,02,1,1,000,000,1,0,1,4,1,14,2,1,9,00,2,6,1,201000035967B01,7,16,1
201000035969,2010-05-07,2010,mai,vendredi,84:6,56,56098,47.76778,-3.3544,2,1,6,1,1,4,2,02,1,1,000,000,1,0,1,4,1,24,1,1,9,00,2,0,1,201000035969B01,7,1,1
201000035979,2010-05-28,2010,mai,vendredi,12:50,56,56121,47.75801,-3.38985,2,7,3,1,1,4,2,02,1,1,000,000,1,0,1,4,1,42,5,1,9,00,2,1,1,201000035979B01,7,9,1
201000035981,2010-05-30,2010,mai,dimanche,11:13,56,56162,0,0,1,2,3,1,1,3,2,02,1,1,000,000,1,0,1,4,1,56,5,1,9,00,2,1,1,201000035981B01,7,15,1
201000035990,2010-06-04,2010,juin,vendredi,11:53,56,56098,47.76526,-3.34845,2,1,7,1,1,4,2,02,1,2,000,000,1,0,1,4,1,14,0,1,9,00,0,0,1,201000035990A01,,,
201000036018,2010-07-18,2010,juillet,dimanche,84:5,56,56121,47.76388,-3.39455,2,1,7,1,1,9,2,02,2,1,000,000,1,0,1,4,1,29,0,1,4,11,0,1,1,201000036018A01,,,
201000036019,2010-07-18,2010,juillet,dimanche,12:12,56,56107,0,0,2,1,3,1,1,3,2,02,1,1,000,000,1,0,1,4,2,19,1,1,4,00,0,1,1,201000036019B01,7,17,1
201000036026,2010-07-27,2010,juillet,mardi,18:52,56,56162,47.73384,-3.43666,2,1,7,1,1,4,2,02,1,1,000,000,1,0,1,4,1,21,0,1,9,00,0,0,1,201000036026A01,,,
201000036032,2010-08-09,2010,août,lundi,62:0,56,56098,47.76601,-3.32902,2,6,3,5,1,3,2,02,1,1,000,000,1,0,0,3,2,38,0,1,2,00,2,0,1,201000036032B01,7,1,1
201000036043,2010-08-26,2010,août,jeudi,17:52,56,56107,0,0,1,4,3,1,2,3,2,02,1,1,000,000,2,3,1,4,1,17,5,1,2,00,2,5,12,201000036043A01,7,1,1
201000036047,2010-08-31,2010,août,mardi,15:24,56,56121,47.77171,-3.40381,2,1,7,1,1,4,2,02,1,1,000,000,1,0,5,4,1,71,0,1,9,00,9,0,1,201000036047A01,,,
201000036049,2010-09-01,2010,septembre,mercredi,11:20,56,56121,47.75079,-3.376,2,2,3,1,1,4,2,02,1,1,000,000,1,0,1,4,1,71,0,1,9,00,2,7,15,201000036049A01,33,1,1
201000036054,2010-09-03,2010,septembre,vendredi,81:6,56,56121,47.75583,-3.39142,2,1,7,1,1,4,2,02,1,1,000,000,1,0,1,4,1,53,1,1,9,00,2,1,1,201000036054B01,7,22,1
201000036064,2010-09-10,2010,septembre,vendredi,18:09,56,56121,47.73588,-3.3805,2,1,7,1,1,4,2,02,1,1,000,000,1,1,1,4,1,5,5,1,9,00,2,0,1,201000036064B01,7,1,1
201000036094,2010-10-10,2010,octobre,dimanche,11:02,56,56098,47.76808,-3.34284,2,1,6,1,1,4,2,02,1,1,000,000,1,0,1,4,1,16,0,1,2,01,0,1,1,201000036094B01,7,24,1
201000036098,2010-10-12,2010,octobre,mardi,13:55,56,56121,47.7457,-3.38068,2,1,6,1,1,9,2,02,2,2,000,000,1,0,4,4,1,18,2,1,9,07,0,1,1,201000036098A01,,,
201000036099,2010-10-12,2010,octobre,mardi,17:35,56,56121,47.74645,-3.37361,2,2,3,1,1,9,2,02,1,1,000,000,1,0,1,4,2,12,5,1,9,00,2,1,1,201000036099A01,7,1,1
201000036133,2010-11-10,2010,novembre,mercredi,12:50,56,56098,47.76201,-3.35582,2,2,7,1,1,4,2,02,1,1,000,000,1,0,1,4,2,54,4,1,9,00,2,1,19,201000036133A01,7,1,1
201000036134,2010-11-12,2010,novembre,vendredi,18:24,56,56121,47.7529,-3.37741,2,2,3,1,2,4,2,02,1,1,000,000,2,0,1,3,1,15,5,1,2,00,2,1,1,201000036134B01,7,15,1
201000036148,2010-12-02,2010,décembre,jeudi,13:35,56,56121,47.74837,-3.39607,2,6,3,1,1,9,1,02,1,2,000,000,1,0,1,4,1,16,2,1,4,00,1,0,1,201000036148B01,7,1,1
201000036155,2010-12-11,2010,décembre,samedi,12:28,56,56121,47.74613,-3.367,2,1,3,1,1,9,2,,1,1,000,000,1,0,1,4,2,14,9,1,4,00,2,0,0,201000036155B01,7,1,1
201000036157,2010-12-15,2010,décembre,mercredi,12:18,56,56083,47.80746,-3.28332,2,1,7,1,1,9,2,02,1,1,000,000,1,0,1,4,1,31,1,1,4,00,0,1,1,201000036157B01,7,22,1
201000036169,2010-12-24,2010,décembre,vendredi,18:04,56,56083,47.80004,-3.28774,2,6,6,5,1,4,1,02,1,2,000,000,1,0,1,4,2,43,5,1,9,00,2,1,5,201000036169A01,7,9,1
201000036193,2010-04-18,2010,avril,dimanche,11:30,56,56260,47.65928,-2.77274,2,3,2,1,1,4,2,02,1,1,000,000,1,0,0,4,1,50,3,1,2,14,0,1,1,201000036193B01,7,23,1
201000036197,2010-06-06,2010,juin,dimanche,75:0,56,56260,47.65962,-2.71517,2,1,6,1,1,4,2,02,1,1,000,000,1,0,1,4,2,47,5,1,2,00,2,8,1,201000036197A01,,,
201000036199,2010-05-19,2010,mai,mercredi,18:05,56,56260,47.65999,-2.78691,2,3,2,1,1,4,2,03,1,1,000,000,1,0,1,4,1,36,1,1,2,00,2,1,2,201000036199A01,7,1,1
201000036203,2010-07-08,2010,juillet,jeudi,17:45,56,56260,47.66286,-2.76223,2,6,3,1,1,4,2,02,1,1,000,000,1,0,1,3,2,41,0,1,2,00,2,8,1,201000036203B01,7,1,1
201000036206,2010-07-24,2010,juillet,samedi,14:55,56,56260,47.63884,-2.76705,2,1,3,1,1,4,2,02,2,1,000,000,1,0,1,3,2,18,5,1,2,00,2,8,19,201000036206A01,7,1,1
201000036244,2010-04-25,2010,avril,dimanche,18:10,56,56260,47.65354,-2.75736,2,1,3,1,1,4,2,03,1,1,000,000,1,0,1,4,1,56,5,1,2,00,2,1,1,201000036244B01,7,16,1
201000036246,2010-05-17,2010,mai,lundi,12:00,56,56260,47.66614,-2.77064,2,6,3,1,1,4,2,03,2,1,000,000,1,0,1,4,2,49,0,1,2,00,2,1,1,201000036246B01,7,16,1
201000036254,2010-07-30,2010,juillet,vendredi,22:25,56,56260,47.65508,-2.76452,2,3,3,5,1,4,1,01,1,1,000,000,1,0,1,4,1,70,9,1,2,00,2,8,0,201000036254A01,7,1,1
201000036257,2010-09-15,2010,septembre,mercredi,15:40,56,56260,47.64679,-2.77897,2,1,3,1,1,4,2,02,1,1,000,000,1,0,1,4,1,7,5,1,9,00,2,0,0,201000036257A01,7,0,1
201000036260,2010-10-07,2010,octobre,jeudi,16:40,56,56260,47.65977,-2.7811,2,6,6,1,1,4,3,01,1,-1,000,000,1,0,1,4,2,20,0,1,4,00,9,1,0,201000036260A01,2,0,1
201000036292,2010-05-22,2010,mai,samedi,19:25,57,57019,0,0,2,1,3,1,1,6,-1,,1,1,000,074,1,0,1,4,1,7,5,1,2,00,2,1,1,201000036292A01,7,1,1
201000036333,2010-03-02,2010,mars,mardi,13:40,57,57463,0,0,2,1,3,1,1,3,2,02,1,1,000,060,1,0,1,3,1,37,9,1,4,00,2,3,13,201000036333A01,3,17,1
201000036344,2010-04-21,2010,avril,mercredi,18:00,57,57463,0,0,2,1,2,1,1,4,3,01,1,1,150,092,1,0,1,1,2,20,5,1,9,00,9,4,0,201000036344A01,33,1,1
201000036346,2010-04-23,2010,avril,vendredi,16:15,57,57463,0,0,2,1,3,1,1,3,4,03,1,1,000,080,1,0,1,4,2,15,5,1,2,00,2,1,1,201000036346B01,7,9,1
201000036348,2010-04-24,2010,avril,samedi,21:35,57,57463,0,0,2,2,1,5,1,4,2,02,1,1,000,000,1,0,1,4,1,37,5,1,4,00,2,1,0,201000036348B01,2,0,1
201000036351,2010-04-28,2010,avril,mercredi,17:15,57,57463,0,0,2,2,6,1,1,4,2,02,1,1,000,090,1,0,1,4,1,13,0,1,9,00,2,1,19,201000036351A01,7,1,1
201000036360,2010-06-02,2010,juin,mercredi,16:45,57,57463,0,0,2,4,2,1,1,3,2,02,1,1,000,140,1,0,1,4,1,42,5,1,2,00,2,8,1,201000036360B01,7,1,1
201000036370,2010-06-30,2010,juin,mercredi,14:20,57,57616,0,0,2,3,3,1,1,3,2,02,1,1,000,095,1,0,1,3,1,42,5,1,2,00,9,1,15,201000036370B01,7,1,1
201000036386,2010-08-09,2010,août,lundi,84:0,57,57480,0,0,2,1,3,1,1,4,2,00,1,1,000,029,1,0,1,4,2,35,5,1,9,00,2,1,1,201000036386B01,7,24,1
201000036392,2010-09-02,2010,septembre,jeudi,71:5,57,57463,0,0,2,4,3,1,1,2,3,04,1,1,000,072,1,0,1,3,1,40,1,1,9,00,2,1,1,201000036392B01,7,9,1
201000036403,2010-10-07,2010,octobre,jeudi,16:10,57,57463,0,0,2,2,3,1,1,3,4,04,1,1,000,104,1,0,1,4,1,11,2,1,9,00,2,8,19,201000036403B01,7,1,1
201000036438,2010-10-06,2010,octobre,mercredi,15:35,57,57630,0,0,2,2,3,1,1,4,-1,02,-1,-1,000,000,-1,0,0,3,2,54,5,1,2,00,2,8,0,201000036438B01,7,1,1
201000036474,2010-03-12,2010,mars,vendredi,15:25,57,57221,0,0,2,3,3,1,1,4,2,02,1,1,000,060,1,0,1,4,1,14,5,1,2,00,2,1,1,201000036474A01,7,15,1
201000036490,2010-04-16,2010,avril,vendredi,17:10,57,57672,0,0,2,1,3,1,1,4,2,02,1,-1,000,058,1,0,1,4,1,9,5,1,9,00,2,8,19,201000036490A01,7,1,1
201000036533,2010-07-11,2010,juillet,dimanche,90:5,57,57672,0,0,2,6,2,1,1,4,1,01,1,2,050,150,1,5,1,4,1,54,5,1,9,00,0,4,1,201000036533B01,7,17,1
201000036536,2010-07-27,2010,juillet,mardi,12:50,57,57672,0,0,1,1,2,1,1,3,3,04,2,-1,000,000,1,0,1,3,1,47,5,1,9,00,2,4,2,201000036536B01,7,1,1
201000036539,2010-08-11,2010,août,mercredi,83:0,57,57672,0,0,2,1,3,1,1,4,3,04,-1,1,000,000,1,0,1,4,2,27,4,1,9,00,2,1,1,201000036539B01,7,0,1
201000036544,2010-08-25,2010,août,mercredi,23:05,57,57306,0,0,2,1,3,5,1,4,2,02,-1,1,000,079,1,0,1,4,1,24,5,1,9,00,2,8,1,201000036544B01,7,17,1
201000036545,2010-08-26,2010,août,jeudi,14:23,57,57441,0,0,1,1,1,1,1,9,2,02,-1,1,000,000,1,0,5,4,1,14,5,1,9,00,2,1,13,201000036545A01,1,1,1
201000036545,2010-08-26,2010,août,jeudi,14:23,57,57441,0,0,1,1,1,1,1,9,2,02,-1,1,000,000,1,0,5,3,1,54,5,1,9,00,2,1,1,201000036545B01,1,13,1
201000036549,2010-09-12,2010,septembre,dimanche,12:55,57,57441,0,0,1,1,3,1,1,3,-1,02,-1,-1,000,115,1,0,0,4,1,70,5,1,9,00,2,1,1,201000036549B01,7,1,1
201000036551,2010-09-23,2010,septembre,jeudi,16:10,57,57672,0,0,2,1,1,1,8,3,2,04,-1,-1,000,090,1,0,5,4,1,45,5,1,2,00,2,1,1,201000036551B01,2,13,1
201000036559,2010-10-09,2010,octobre,samedi,18:10,57,57757,0,0,2,1,3,1,1,3,2,02,1,1,000,092,1,0,1,4,2,15,9,1,9,00,2,8,0,201000036559B01,7,24,1
201000036566,2010-10-17,2010,octobre,dimanche,13:30,57,57221,0,0,2,1,7,1,1,3,2,02,1,1,000,080,1,0,1,3,1,37,5,1,9,00,2,0,1,201000036566B01,7,1,1
201000036598,2010-12-23,2010,décembre,jeudi,15:15,57,57672,0,0,2,1,6,1,1,4,2,02,1,1,000,078,5,0,1,4,1,24,9,1,2,00,0,1,0,201000036598B01,7,22,1
201000036607,2010-06-13,2010,juin,dimanche,12:00,58,58194,0,0,2,1,7,1,1,4,2,02,2,1,000,000,1,0,1,4,1,9,0,1,9,00,0,0,0,201000036607A01,,,
201000036608,2010-07-19,2010,juillet,lundi,13:55,58,58194,0,0,2,1,7,1,1,4,2,00,1,1,000,000,1,0,1,4,2,42,5,1,2,00,0,0,0,201000036608A01,,,
201000036625,2010-02-26,2010,février,vendredi,17:10,58,58194,0,0,2,1,7,1,1,4,1,01,1,1,000,051,1,0,1,4,2,8,5,1,9,00,0,0,1,201000036625A01,,,
201000036647,2010-05-31,2010,mai,lundi,20:25,58,58194,0,0,2,1,3,1,1,4,2,02,1,1,000,000,1,0,1,4,1,34,9,1,9,00,2,2,1,201000036647B01,7,16,1
201000036655,2010-08-26,2010,août,jeudi,83:5,58,58194,0,0,2,6,6,1,1,4,2,02,1,1,000,137,1,0,1,4,2,48,1,1,9,00,2,0,0,201000036655B01,7,0,1
201000036667,2010-10-07,2010,octobre,jeudi,16:10,58,58194,0,0,2,1,1,1,1,4,2,02,1,1,000,070,1,0,1,3,2,51,0,1,2,00,2,0,0,201000036667A01,15,1,1
201000036672,2010-10-29,2010,octobre,vendredi,95:0,58,58194,0,0,2,1,3,1,1,4,2,02,1,1,000,000,1,0,1,3,1,50,0,1,9,00,2,0,0,201000036672A01,7,0,1
201000036677,2010-11-16,2010,novembre,mardi,18:20,58,58194,0,0,2,1,1,2,1,4,2,02,1,1,000,075,1,0,1,4,1,15,0,1,9,00,2,2,5,201000036677B01,7,0,1
201000036697,2010-07-05,2010,juillet,lundi,15:00,59,59008,0,0,2,1,3,1,1,3,2,02,1,1,000,000,1,0,1,3,1,11,5,1,9,00,0,4,19,201000036697B01,7,1,1
201000036708,2010-03-07,2010,mars,dimanche,11:40,59,59143,0,0,1,1,2,1,1,3,2,01,1,1,000,032,1,0,5,3,1,72,5,1,2,00,0,4,1,201000036708B01,7,14,1
201000036714,2010-05-22,2010,mai,samedi,19:45,59,59017,0,0,2,3,1,1,1,4,2,00,1,1,000,040,1,0,1,4,1,9,5,1,9,00,2,1,15,201000036714A01,7,1,1
201000036715,2010-06-04,2010,juin,vendredi,10:45,59,59143,0,0,1,1,1,1,1,3,2,00,1,1,000,045,1,0,1,3,1,25,5,1,9,00,2,0,0,201000036715A01,7,2,1
201000036719,2010-06-24,2010,juin,jeudi,19:05,59,59317,0,0,2,3,3,1,1,9,2,00,1,1,000,000,1,0,0,4,1,57,5,1,9,00,2,1,0,201000036719A01,7,17,1
201000036729,2010-09-06,2010,septembre,lundi,12:30,59,59017,0,0,2,1,3,1,1,4,2,02,1,4,000,000,1,0,1,3,1,66,0,1,2,00,2,7,0,201000036729B01,10,1,1
201000036740,2010-11-01,2010,novembre,lundi,10:00,59,59143,0,0,2,1,7,1,1,3,-1,00,1,2,014,049,1,0,0,3,1,39,5,1,2,16,0,2,2,201000036740A01,,,
201000036744,2010-10-19,2010,octobre,mardi,13:15,59,59317,0,0,2,1,2,1,1,4,2,01,1,1,000,000,1,0,1,3,2,12,2,1,9,00,0,4,2,201000036744A01,7,17,1
201000036751,2010-11-30,2010,novembre,mardi,18:40,59,59017,0,0,2,1,6,5,1,4,2,02,1,1,000,000,1,0,1,4,1,50,5,1,9,00,2,1,2,201000036751B01,7,1,1
201000036775,2010-04-15,2010,avril,jeudi,12:05,59,59122,0,0,2,2,3,1,1,4,2,01,2,1,000,063,1,0,1,3,1,59,5,1,9,00,2,8,2,201000036775B01,7,2,1
201000036779,2010-08-11,2010,août,mercredi,20:18,59,59122,0,0,2,3,3,1,1,3,2,02,1,1,000,070,1,0,1,3,1,13,5,1,2,00,2,3,15,201000036779A01,7,1,1
201000036784,2010-02-06,2010,février,samedi,15:00,59,59253,0,0,2,1,3,1,1,4,2,02,1,1,000,059,1,0,1,3,1,73,5,1,9,00,2,6,2,201000036784B01,7,2,1
201000036813,2010-01-06,2010,janvier,mercredi,12:05,59,59178,0,0,2,6,3,1,1,4,2,02,1,1,010,089,1,0,5,3,1,55,1,1,2,00,2,7,1,201000036813B01,7,1,1
201000036827,2010-03-06,2010,mars,samedi,21:40,59,59211,0,0,1,1,2,3,1,3,2,02,1,1,000,000,1,0,1,4,1,56,5,1,4,00,0,4,1,201000036827B01,7,0,1
201000036837,2010-05-22,2010,mai,samedi,15:20,59,59178,0,0,2,1,6,1,1,4,1,01,1,1,000,000,1,0,1,3,1,42,1,1,9,00,2,7,1,201000036837B01,10,4,1
201000036866,2010-03-21,2010,mars,dimanche,11:30,59,59183,0,0,2,1,6,1,1,4,-1,02,-1,-1,000,000,-1,0,1,4,1,29,0,1,2,00,2,8,1,201000036866B01,7,17,1
201000036877,2010-04-13,2010,avril,mardi,17:20,59,59155,0,0,2,3,3,1,1,4,2,03,1,1,000,100,1,2,1,4,1,15,5,1,2,00,2,7,19,201000036877B01,7,1,1
201000036879,2010-04-13,2010,avril,mardi,13:40,59,59155,0,0,2,1,2,1,1,4,1,01,1,1,000,000,1,0,1,4,1,25,1,1,2,00,2,8,1,201000036879A01,7,1,1
201000036880,2010-04-19,2010,avril,lundi,13:00,59,59588,0,0,1,1,3,1,1,3,2,02,1,4,000,062,1,0,1,3,1,46,1,1,2,00,2,1,1,201000036880B01,37,17,1
201000036897,2010-06-15,2010,juin,mardi,16:30,59,59271,0,0,2,9,6,1,1,4,2,02,1,1,000,068,1,0,1,3,2,18,9,1,2,00,2,0,19,201000036897B01,7,1,1
201000036904,2010-06-27,2010,juin,dimanche,17:35,59,59183,0,0,2,9,6,1,1,4,3,02,1,1,016,160,1,2,1,3,1,12,9,1,2,00,2,7,19,201000036904A01,7,1,1
201000036914,2010-07-18,2010,juillet,dimanche,18:05,59,59183,0,0,2,1,1,1,1,4,1,01,1,2,000,068,2,0,1,3,2,10,9,1,2,00,2,4,1,201000036914B01,7,1,1
201000036918,2010-08-04,2010,août,mercredi,11:15,59,59183,0,0,2,9,6,1,1,4,2,02,1,1,000,058,1,0,1,3,2,8,5,1,9,00,2,1,1,201000036918B01,7,16,1
201000036926,2010-08-22,2010,août,dimanche,13:30,59,59183,0,0,2,2,3,1,1,4,2,03,1,1,000,000,1,0,1,4,1,18,5,1,9,00,2,4,15,201000036926B01,7,1,1
201000036936,2010-10-11,2010,octobre,lundi,17:55,59,59271,0,0,2,3,3,1,7,4,2,02,1,1,000,060,1,0,1,3,1,74,0,1,9,00,2,8,15,201000036936B01,7,1,1
201000036937,2010-10-13,2010,octobre,mercredi,73:0,59,59271,0,0,2,9,6,2,1,4,2,01,1,3,000,000,1,0,1,3,2,12,2,1,2,00,2,1,9,201000036937A01,7,1,1
201000036939,2010-10-18,2010,octobre,lundi,19:15,59,59183,0,0,2,3,1,5,1,4,1,01,1,-1,000,124,1,0,1,4,2,36,1,1,9,00,2,1,16,201000036939B01,7,1,1
201000036944,2010-10-11,2010,octobre,lundi,12:15,59,59183,0,0,2,9,6,1,1,4,2,03,1,1,000,122,1,0,5,1,1,23,0,1,9,00,2,1,19,201000036944A01,33,1,1
201000036984,2010-11-11,2010,novembre,jeudi,19:15,59,59359,0,0,1,1,2,3,6,3,2,04,3,1,000,142,2,2,1,2,1,29,5,1,9,00,0,4,1,201000036984B01,7,17,1
201000037003,2010-01-06,2010,janvier,mercredi,19:00,59,59350,0,0,2,1,6,5,1,4,2,02,1,1,000,000,1,0,1,1,1,21,0,1,4,00,1,2,1,201000037003A01,,,
201000037017,2010-01-21,2010,janvier,jeudi,21:15,59,59350,0,0,2,1,6,5,8,4,2,02,1,1,000,000,1,0,1,4,2,38,0,1,4,00,2,1,2,201000037017B01,7,10,1
201000037021,2010-01-22,2010,janvier,vendredi,18:00,59,59507,0,0,2,1,3,5,8,4,2,02,1,1,000,000,2,0,1,4,1,14,5,1,4,00,2,8,9,201000037021B01,7,1,1
201000037030,2010-01-19,2010,janvier,mardi,19:00,59,59386,0,0,2,1,3,5,1,4,2,02,1,1,000,000,1,0,1,4,1,52,5,1,9,00,2,7,1,201000037030B01,7,9,1
201000037050,2010-02-11,2010,février,jeudi,11:45,59,59009,0,0,2,2,6,1,1,4,1,01,1,-1,000,060,1,0,1,4,1,47,0,1,4,00,2,1,1,201000037050B01,7,1,1
201000037056,2010-02-18,2010,février,jeudi,17:15,59,59378,0,0,2,1,3,1,1,4,1,02,1,1,000,000,1,0,1,4,1,36,1,1,4,00,2,0,1,201000037056A01,7,1,1