Num_Acc,date,an,mois,jour,hrmn,dep,com,lat,long,agg,int,col,lum,atm,catr,circ,nbv,prof,plan,lartpc,larrout,surf,infra,situ,grav,sexe,age,trajet,secuexist,equipement,obs,obsm,choc,manv,vehiculeid,typevehicules,manoeuvehicules,numVehicules
201000037063,2010-02-24,2010,février,mercredi,18:15,59,59009,0,0,2,1,3,5,1,4,2,02,1,1,000,000,1,0,1,4,1,30,1,1,2,00,2,3,1,201000037063B01,7,1,1
201000037068,2010-03-01,2010,mars,lundi,19:05,59,59350,0,0,2,1,3,5,1,4,1,02,1,1,000,000,1,3,1,4,1,33,5,1,2,00,2,4,1,201000037068B01,7,1,1
201000037099,2010-03-24,2010,mars,mercredi,16:50,59,59386,0,0,2,1,2,1,1,4,2,02,1,1,000,061,1,0,1,4,1,77,5,1,2,00,2,2,1,201000037099B01,7,4,1
201000037117,2010-04-03,2010,avril,samedi,84:0,59,59527,0,0,2,2,6,2,2,4,2,02,1,1,000,000,2,0,1,4,2,13,0,1,9,00,2,1,0,201000037117B01,7,2,1
201000037128,2010-04-14,2010,avril,mercredi,90:5,59,59350,0,0,2,1,3,1,1,4,2,04,1,1,000,000,1,0,1,4,2,24,1,1,4,00,2,1,1,201000037128A01,7,1,1
201000037142,2010-04-23,2010,avril,vendredi,17:20,59,59350,0,0,2,2,6,1,1,4,2,02,1,1,000,000,1,0,1,3,1,12,9,1,4,00,2,1,1,201000037142A01,7,2,1
201000037146,2010-04-25,2010,avril,dimanche,21:15,59,59350,0,0,2,1,6,5,1,4,2,02,1,1,000,000,1,0,1,1,1,22,5,1,9,00,1,1,1,201000037146A01,,,
201000037152,2010-04-29,2010,avril,jeudi,17:45,59,59350,0,0,2,1,6,1,1,4,2,02,1,1,000,060,1,0,1,4,1,9,5,1,4,00,2,7,19,201000037152B01,7,1,1
201000037155,2010-05-01,2010,mai,samedi,14:45,59,59410,0,0,2,3,3,1,1,4,2,02,1,1,015,060,1,0,1,4,1,17,9,1,4,00,2,1,1,201000037155A01,7,1,1
201000037156,2010-05-02,2010,mai,dimanche,17:15,59,59350,0,0,2,3,6,1,1,4,2,02,1,1,000,000,1,0,1,4,1,23,5,1,4,00,2,1,15,201000037156B01,,,
201000037167,2010-05-10,2010,mai,lundi,19:20,59,59378,0,0,2,1,1,1,1,4,2,02,1,1,000,020,1,0,5,4,1,34,0,1,4,00,2,1,1,201000037167B01,2,13,1
201000037169,2010-05-12,2010,mai,mercredi,12:10,59,59350,0,0,2,3,6,1,1,4,-1,02,1,1,000,000,1,0,1,3,1,21,0,1,4,00,2,4,15,201000037169B01,7,1,1
201000037180,2010-05-21,2010,mai,vendredi,20:30,59,59009,0,0,2,6,3,1,1,4,2,02,1,1,000,000,1,0,1,4,1,37,1,1,2,00,2,7,1,201000037180B01,7,9,1
201000037185,2010-05-27,2010,mai,jeudi,14:15,59,59378,0,0,2,1,6,1,1,4,2,02,1,1,000,000,1,0,1,4,2,19,5,1,2,00,2,2,15,201000037185A01,7,1,1
201000037191,2010-05-28,2010,mai,vendredi,16:20,59,59350,0,0,2,1,3,1,1,4,3,04,1,1,000,000,1,0,1,3,1,40,5,1,2,00,2,7,19,201000037191A01,37,1,1
201000037196,2010-06-01,2010,juin,mardi,74:0,59,59350,0,0,2,2,3,1,1,4,1,01,1,1,000,030,1,0,1,4,1,29,1,1,4,00,2,1,1,201000037196A01,33,1,1
201000037198,2010-06-02,2010,juin,mercredi,5:,59,59350,0,0,2,1,6,5,2,4,1,01,1,1,000,000,2,0,1,4,1,32,1,1,4,01,0,1,1,201000037198B01,7,22,1
201000037226,2010-06-14,2010,juin,lundi,20:40,59,59368,0,0,2,3,3,1,1,4,1,01,1,1,000,000,1,0,1,1,1,20,5,1,4,00,2,1,15,201000037226A01,1,1,1
201000037226,2010-06-14,2010,juin,lundi,20:40,59,59368,0,0,2,3,3,1,1,4,1,01,1,1,000,000,1,0,1,4,2,23,5,1,4,00,2,1,1,201000037226B01,1,15,1
201000037251,2010-06-23,2010,juin,mercredi,12:15,59,59350,0,0,2,1,6,1,1,4,3,02,1,1,000,000,1,0,1,4,1,23,5,1,2,01,0,1,1,201000037251B01,7,24,1
201000037273,2010-07-07,2010,juillet,mercredi,18:40,59,59009,0,0,2,1,3,1,1,3,3,05,1,1,000,000,1,0,5,4,2,47,1,1,2,00,2,8,1,201000037273B01,7,1,1
201000037275,2010-07-08,2010,juillet,jeudi,17:15,59,59368,0,0,1,1,6,1,1,4,3,04,1,1,022,060,1,0,4,4,2,19,1,1,2,00,2,8,1,201000037275A01,7,1,1
201000037282,2010-06-22,2010,juin,mardi,20:15,59,59386,0,0,2,2,6,1,1,4,2,02,1,1,000,000,2,0,1,4,1,26,0,1,4,00,2,0,2,201000037282B01,7,15,1
201000037295,2010-07-23,2010,juillet,vendredi,71:0,59,59560,0,0,2,1,2,1,1,4,2,02,1,1,000,070,1,0,1,4,2,45,0,1,4,00,2,4,1,201000037295B01,3,1,1
201000037300,2010-07-27,2010,juillet,mardi,12:10,59,59527,0,0,2,2,3,1,1,4,2,02,1,1,000,000,1,0,1,4,2,20,1,1,4,00,2,8,15,201000037300A01,7,1,1
201000037301,2010-07-13,2010,juillet,mardi,80:0,59,59360,0,0,2,1,6,1,1,4,2,02,1,1,000,000,1,0,1,4,1,21,5,1,2,01,0,1,1,201000037301B01,10,24,1
201000037306,2010-08-03,2010,août,mardi,16:45,59,59009,0,0,2,1,6,1,1,4,2,03,1,1,000,090,1,0,1,3,1,32,0,1,4,00,2,4,11,201000037306B01,7,1,1
201000037310,2010-08-04,2010,août,mercredi,14:05,59,59328,0,0,2,2,3,1,1,4,2,02,1,1,000,000,1,0,1,3,1,76,5,1,2,00,2,1,1,201000037310A01,7,1,1
201000037321,2010-08-15,2010,août,dimanche,22:35,59,59350,0,0,2,1,3,5,1,4,2,02,1,1,000,060,1,0,1,4,1,41,0,1,4,00,2,0,0,201000037321B01,7,1,1
201000037337,2010-08-29,2010,août,dimanche,17:25,59,59350,0,0,2,1,6,1,1,4,2,02,1,1,000,000,1,0,1,4,2,23,5,1,4,00,2,8,1,201000037337B01,7,15,1
201000037342,2010-09-01,2010,septembre,mercredi,18:00,59,59386,0,0,2,1,3,1,1,4,2,02,1,1,000,000,1,0,1,4,1,16,5,1,9,00,2,1,19,201000037342A01,7,1,1
201000037357,2010-09-10,2010,septembre,vendredi,90:0,59,59343,0,0,2,2,3,1,1,4,2,02,1,1,000,000,1,0,1,4,1,59,1,1,2,00,2,1,1,201000037357B01,7,19,1
201000037359,2010-09-10,2010,septembre,vendredi,18:20,59,59350,0,0,2,1,6,1,1,4,1,02,1,1,000,000,1,3,1,4,1,20,0,1,4,00,2,1,19,201000037359B01,7,2,1
201000037374,2010-09-16,2010,septembre,jeudi,16:30,59,59368,0,0,2,1,6,1,1,4,2,02,1,1,000,000,1,0,1,4,1,46,1,1,2,00,2,3,11,201000037374B01,7,13,1
201000037381,2010-09-21,2010,septembre,mardi,11:20,59,59350,0,0,2,2,3,1,1,4,2,02,1,1,000,070,1,0,1,4,2,17,5,1,4,00,2,1,1,201000037381A01,7,1,1
201000037384,2010-09-23,2010,septembre,jeudi,16:45,59,59378,0,0,2,1,2,1,1,4,3,04,1,1,000,000,1,0,1,4,1,12,5,1,2,00,2,4,11,201000037384B01,37,1,1
201000037387,2010-09-28,2010,septembre,mardi,16:10,59,59350,0,0,2,1,3,1,1,4,1,02,1,1,000,070,1,0,1,4,1,44,1,1,4,00,2,1,1,201000037387A01,7,1,1
201000037398,2010-10-04,2010,octobre,lundi,18:15,59,59220,0,0,2,1,1,1,1,4,2,02,1,1,000,000,1,0,1,3,1,16,5,1,2,00,2,1,17,201000037398B01,7,1,1
201000037412,2010-10-12,2010,octobre,mardi,10:25,59,59328,0,0,2,1,3,1,1,4,2,02,1,-1,000,070,1,0,1,4,2,47,0,1,9,00,2,7,1,201000037412A01,7,15,1
201000037417,2010-10-08,2010,octobre,vendredi,17:05,59,59566,0,0,2,1,3,1,1,4,2,02,1,1,000,000,1,0,1,3,1,13,2,1,2,00,2,3,15,201000037417B01,7,17,1
201000037442,2010-10-20,2010,octobre,mercredi,15:15,59,59350,0,0,2,4,6,1,1,4,2,02,1,2,000,000,1,0,1,4,2,14,5,1,2,00,2,8,1,201000037442B01,7,16,1
201000037443,2010-10-20,2010,octobre,mercredi,16:20,59,59286,0,0,2,1,3,1,1,4,1,01,1,1,000,000,1,0,1,4,2,49,1,1,2,00,2,1,1,201000037443A01,7,1,1
201000037444,2010-10-20,2010,octobre,mercredi,18:10,59,59350,0,0,2,2,6,1,1,4,2,02,1,1,000,000,2,0,1,4,1,20,2,1,9,00,2,1,1,201000037444B01,7,16,1
201000037450,2010-10-23,2010,octobre,samedi,18:10,59,59350,0,0,2,2,3,2,1,4,2,04,1,1,000,090,1,0,1,4,1,19,0,1,4,00,2,1,1,201000037450A01,7,1,1
201000037454,2010-10-25,2010,octobre,lundi,73:0,59,59507,0,0,2,2,6,2,2,4,3,02,1,1,000,000,2,0,1,4,1,16,5,1,2,00,2,8,1,201000037454B01,7,15,1
201000037469,2010-11-03,2010,novembre,mercredi,13:55,59,59350,0,0,2,1,6,1,1,4,3,05,1,1,015,120,1,0,1,4,2,21,5,1,4,00,2,2,19,201000037469B01,7,1,1
201000037487,2010-11-09,2010,novembre,mardi,10:20,59,59410,0,0,2,2,6,1,2,4,3,04,1,1,000,000,2,0,1,4,2,42,0,1,4,00,2,1,2,201000037487A01,10,1,1
201000037494,2010-11-10,2010,novembre,mercredi,19:30,59,59350,0,0,2,1,3,5,2,4,2,02,1,1,000,000,2,0,1,4,2,23,1,1,9,00,2,1,17,201000037494A01,7,1,1
201000037515,2010-11-22,2010,novembre,lundi,75:0,59,59350,0,0,2,1,6,1,1,4,1,04,1,1,000,000,1,0,1,4,1,36,5,1,4,00,2,1,1,201000037515B01,7,15,1
201000037521,2010-11-27,2010,novembre,samedi,10:,59,59350,0,0,2,2,6,5,8,4,1,02,1,1,000,000,1,0,1,4,1,28,0,1,4,00,2,1,1,201000037521B01,7,1,1
201000037549,2010-12-22,2010,décembre,mercredi,15:30,59,59350,0,0,2,2,6,1,5,4,3,04,1,1,000,000,1,0,5,2,2,12,0,1,4,00,2,8,1,201000037549B01,14,16,1
201000037561,2010-02-06,2010,février,samedi,20:10,59,59392,0,0,1,1,6,3,1,9,1,01,-1,1,000,000,1,2,5,1,1,19,5,1,4,00,1,1,1,201000037561A01,,,
201000037561,2010-02-06,2010,février,samedi,20:10,59,59392,0,0,1,1,6,3,1,9,1,01,-1,1,000,000,1,2,5,3,1,42,5,1,9,00,1,1,1,201000037561A01,,,
201000037564,2010-04-14,2010,avril,mercredi,16:10,59,59543,0,0,2,3,3,1,1,3,2,01,2,1,000,092,1,0,1,3,1,75,5,1,4,00,2,3,9,201000037564B01,7,1,1
201000037566,2010-05-28,2010,mai,vendredi,82:0,59,59291,0,0,2,1,3,1,1,3,1,01,2,-1,000,045,1,0,1,3,1,34,1,1,2,00,2,7,19,201000037566B01,7,1,1
201000037571,2010-08-24,2010,août,mardi,73:5,59,59225,0,0,2,1,1,1,1,4,2,02,1,4,000,035,-1,0,1,2,1,81,5,1,2,00,2,0,1,201000037571B01,7,1,1
201000037637,2010-03-04,2010,mars,jeudi,13:40,59,59512,0,0,1,3,1,1,1,4,2,02,1,3,000,000,1,0,1,4,1,12,0,1,2,00,2,1,1,201000037637A01,7,16,1
201000037648,2010-03-10,2010,mars,mercredi,16:30,59,59332,0,0,1,3,6,1,1,4,1,02,-1,-1,000,000,1,0,1,4,1,65,0,1,2,00,2,7,1,201000037648B01,7,18,1
201000037651,2010-03-22,2010,mars,lundi,81:0,59,59512,0,0,1,1,3,1,1,4,1,02,1,1,000,000,1,0,1,4,1,38,9,1,2,00,2,8,18,201000037651B01,7,23,1
201000037654,2010-04-05,2010,avril,lundi,16:30,59,59512,0,0,1,2,3,1,1,4,2,02,1,1,000,000,1,0,1,4,1,41,4,1,2,00,2,8,15,201000037654B01,7,15,1
201000037656,2010-03-31,2010,mars,mercredi,12:30,59,59339,0,0,1,1,6,1,1,4,-1,02,-1,-1,000,000,-1,0,1,4,1,15,0,1,2,00,2,7,19,201000037656B01,7,1,1
201000037660,2010-04-06,2010,avril,mardi,17:00,59,59646,0,0,1,6,3,1,1,4,1,02,1,1,000,000,1,0,1,4,2,50,9,1,2,00,2,8,1,201000037660B01,7,1,1
201000037668,2010-04-20,2010,avril,mardi,17:55,59,59512,0,0,1,3,3,1,1,4,2,02,1,1,000,000,1,5,1,4,1,68,9,1,2,00,2,6,1,201000037668B01,7,1,1
201000037671,2010-04-21,2010,avril,mercredi,11:45,59,59512,0,0,2,1,6,1,1,4,2,02,-1,-1,000,000,-1,0,5,4,1,15,2,1,2,00,2,7,1,201000037671B01,7,0,1
201000037673,2010-05-03,2010,mai,lundi,13:55,59,59512,0,0,2,3,6,1,2,4,2,02,1,1,000,000,2,0,1,4,1,17,9,1,2,00,2,8,16,201000037673B01,7,1,1
201000037676,2010-05-04,2010,mai,mardi,20:05,59,59646,0,0,2,1,2,4,1,4,2,02,1,1,000,000,1,0,1,4,1,29,0,1,2,00,2,1,1,201000037676A01,7,1,1
201000037703,2010-05-17,2010,mai,lundi,15:30,59,59650,0,0,2,2,3,1,1,4,2,02,1,1,000,000,1,5,1,4,1,71,9,1,2,00,2,8,16,201000037703B01,15,16,1
201000037716,2010-05-29,2010,mai,samedi,10:25,59,59163,0,0,2,1,2,1,1,4,2,00,1,1,000,000,1,5,1,4,1,21,4,1,2,00,2,7,1,201000037716B01,7,20,1
201000037729,2010-05-23,2010,mai,dimanche,19:50,59,59512,0,0,1,1,3,1,1,4,3,02,1,1,000,000,1,0,1,4,1,14,9,1,2,00,2,8,1,201000037729B01,7,1,1
201000037736,2010-06-09,2010,juin,mercredi,13:50,59,59646,0,0,2,1,3,1,1,4,3,02,1,1,000,000,1,0,5,4,1,14,9,1,2,00,2,8,1,201000037736A01,14,24,1
201000037750,2010-06-22,2010,juin,mardi,17:55,59,59646,0,0,2,3,3,1,1,4,2,02,1,1,000,000,1,5,1,4,2,22,9,1,2,00,2,1,16,201000037750A01,7,16,1
201000037754,2010-06-26,2010,juin,samedi,14:00,59,59299,0,0,2,1,3,1,1,4,2,02,1,1,000,000,1,5,1,4,1,13,5,1,2,00,2,1,9,201000037754B01,7,1,1
201000037757,2010-06-28,2010,juin,lundi,12:30,59,59512,0,0,2,3,3,1,1,4,2,02,1,1,000,000,1,5,1,4,1,43,9,1,2,00,2,8,15,201000037757A01,7,1,1
201000037760,2010-06-26,2010,juin,samedi,18:20,59,59512,0,0,2,1,1,1,1,4,2,02,1,1,000,000,1,5,1,4,1,10,9,1,2,00,2,1,1,201000037760B01,7,15,1
201000037773,2010-05-22,2010,mai,samedi,15:20,59,59512,0,0,2,3,3,1,1,4,2,02,1,2,000,000,1,5,4,4,1,11,9,1,2,00,2,1,1,201000037773B01,7,1,1
201000037776,2010-06-16,2010,juin,mercredi,11:55,59,59339,0,0,2,3,6,1,1,4,2,02,1,1,000,000,1,5,1,4,2,12,9,1,2,00,2,8,15,201000037776B01,7,1,1
201000037781,2010-07-15,2010,juillet,jeudi,13:55,59,59512,0,0,2,2,3,1,1,4,2,02,1,1,000,000,1,5,1,4,1,36,9,1,2,00,2,7,1,201000037781A01,7,1,1
201000037783,2010-07-19,2010,juillet,lundi,19:15,59,59163,0,0,2,1,6,1,1,4,2,02,-1,-1,000,000,-1,0,1,4,1,16,9,1,2,00,2,8,1,201000037783B01,7,1,1
201000037791,2010-06-02,2010,juin,mercredi,17:00,59,59650,0,0,2,1,2,1,1,4,-1,00,1,1,000,000,1,5,1,4,1,20,0,1,2,00,2,4,23,201000037791B01,99,0,1
201000037792,2010-08-13,2010,août,vendredi,11:5,59,59646,0,0,2,1,2,5,2,4,2,02,1,1,000,062,1,0,1,2,1,18,9,1,2,00,2,1,5,201000037792B01,7,1,1
201000037797,2010-08-10,2010,août,mardi,17:20,59,59512,0,0,2,2,1,1,2,4,2,02,1,1,000,000,2,5,1,4,1,41,0,1,2,00,2,1,1,201000037797B01,7,15,1
201000037822,2010-09-10,2010,septembre,vendredi,13:20,59,59512,0,0,2,2,1,1,1,4,2,02,1,1,000,000,1,5,1,4,2,12,9,1,2,00,2,1,1,201000037822A01,7,1,1
201000037843,2010-09-28,2010,septembre,mardi,17:45,59,59650,0,0,2,2,1,1,2,4,2,02,1,1,000,000,2,5,1,4,1,17,2,1,2,00,2,1,1,201000037843B01,7,1,1
201000037852,2010-10-10,2010,octobre,dimanche,20:15,59,59512,0,0,2,1,3,5,1,4,2,02,1,1,000,000,1,0,1,4,1,13,9,1,9,00,2,8,19,201000037852B01,7,1,1
201000037859,2010-09-20,2010,septembre,lundi,12:45,59,59650,0,0,2,3,3,1,1,4,2,02,1,1,000,000,2,5,1,4,1,30,9,1,2,00,2,8,1,201000037859B01,7,1,1
201000037861,2010-10-14,2010,octobre,jeudi,16:00,59,59512,0,0,2,2,3,1,1,4,2,02,1,1,000,000,1,5,1,4,1,11,9,1,2,00,2,7,19,201000037861B01,7,16,1
201000037865,2010-10-17,2010,octobre,dimanche,95:5,59,59512,0,0,2,3,3,1,1,4,2,02,1,1,000,000,1,5,1,4,1,43,9,1,2,00,2,7,1,201000037865B01,7,1,1
201000037866,2010-10-15,2010,octobre,vendredi,13:55,59,59512,0,0,2,3,6,1,2,4,2,02,1,1,000,000,2,5,1,4,1,15,2,1,2,00,4,0,1,201000037866A01,40,1,1
201000037935,2010-02-21,2010,février,dimanche,17:45,59,59352,0,0,2,6,3,1,1,4,-1,02,1,-1,010,030,1,0,1,4,1,34,5,1,9,00,0,7,9,201000037935B01,7,9,1
201000037976,2010-07-06,2010,juillet,mardi,14:40,59,59421,0,0,2,4,1,1,1,4,2,02,1,-1,000,075,1,0,1,3,1,36,1,1,2,00,0,0,0,201000037976B01,7,15,1
201000037982,2010-07-24,2010,juillet,samedi,12:00,59,59599,0,0,2,1,3,1,1,3,3,00,1,1,000,000,1,0,1,4,2,71,0,1,9,00,0,0,0,201000037982B01,7,0,1
201000037990,2010-08-20,2010,août,vendredi,11:35,59,59421,0,0,2,3,3,1,1,4,2,02,1,1,000,000,1,0,1,4,1,26,0,1,9,01,0,0,0,201000037990B01,7,0,1
201000037998,2010-09-09,2010,septembre,jeudi,17:40,59,59599,0,0,2,1,3,1,1,4,1,01,2,1,000,000,1,0,4,3,1,41,0,1,9,00,2,1,1,201000037998A01,7,1,1
201000038022,2010-11-09,2010,novembre,mardi,17:00,59,59090,0,0,1,6,3,5,2,4,1,01,1,2,000,075,2,0,1,3,1,34,0,1,9,00,0,0,2,201000038022B01,7,9,1
201000038038,2010-07-07,2010,juillet,mercredi,18:20,59,59544,0,0,2,2,6,1,1,3,2,02,1,1,000,000,1,0,1,3,1,60,1,1,9,00,2,8,0,201000038038B01,7,0,1
201000038050,2010-02-20,2010,février,samedi,53:0,59,59112,0,0,2,1,2,4,1,4,2,02,1,1,000,060,1,0,1,3,1,21,1,1,9,00,2,4,1,201000038050B01,7,0,1
201000038070,2010-04-21,2010,avril,mercredi,13:30,59,59606,0,0,2,2,3,1,1,4,2,02,1,1,000,080,1,5,1,3,2,27,5,1,9,00,2,6,1,201000038070B01,7,16,1
201000038074,2010-04-23,2010,avril,vendredi,17:00,59,59606,0,0,2,1,3,1,1,4,3,02,1,1,060,060,1,4,0,3,1,17,9,1,9,00,4,3,6,201000038074A01,38,1,1
201000038075,2010-04-29,2010,avril,jeudi,17:00,59,59606,0,0,2,1,2,1,1,4,2,03,1,1,000,105,1,0,1,3,1,15,2,1,9,00,2,1,1,201000038075A01,7,23,1
201000038100,2010-04-01,2010,avril,jeudi,65:0,59,59383,0,0,2,2,3,2,3,3,2,03,1,1,010,115,2,5,1,3,1,23,1,1,4,00,2,7,1,201000038100B01,7,1,1
201000038109,2010-06-11,2010,juin,vendredi,17:45,59,59383,0,0,2,1,6,1,1,4,2,02,1,1,000,000,1,0,1,4,1,7,0,1,9,00,2,0,0,201000038109B01,7,1,1
201000038122,2010-08-06,2010,août,vendredi,16:00,59,59447,0,0,1,1,6,1,1,3,2,02,1,1,000,000,1,0,1,2,1,22,5,1,2,01,0,1,1,201000038122B01,7,0,1
201000038128,2010-09-09,2010,septembre,jeudi,19:57,59,59484,0,0,2,1,1,2,1,3,2,02,1,1,000,161,1,0,1,2,1,15,5,1,9,00,2,1,11,201000038128B01,7,17,1
201000038128,2010-09-09,2010,septembre,jeudi,19:57,59,59484,0,0,2,1,1,2,1,3,2,02,1,1,000,161,1,0,1,3,1,15,5,1,9,00,2,1,11,201000038128B01,7,17,1
201000038141,2010-09-30,2010,septembre,jeudi,12:25,59,59606,0,0,2,1,3,1,1,4,2,02,1,1,000,000,1,0,1,4,1,13,0,1,4,00,2,8,19,201000038141B01,7,1,1
201000038142,2010-09-30,2010,septembre,jeudi,18:25,59,59606,0,0,2,1,3,1,1,4,2,02,1,1,000,060,1,0,1,4,1,17,0,1,9,00,2,2,19,201000038142B01,7,1,1
201000038167,2010-01-29,2010,janvier,vendredi,82:0,60,60057,0,0,2,2,3,2,2,4,2,02,1,1,000,000,2,0,1,3,1,19,9,1,2,00,2,1,1,201000038167B01,7,1,1
201000038173,2010-07-29,2010,juillet,jeudi,11:20,60,60057,0,0,2,1,6,1,1,4,1,02,1,1,000,000,1,0,1,3,1,73,5,1,9,00,2,0,1,201000038173B01,7,0,1
201000038177,2010-10-05,2010,octobre,mardi,12:10,60,60057,0,0,2,1,3,1,1,4,1,03,1,1,000,128,1,0,1,3,1,58,0,1,2,00,2,4,11,201000038177B01,7,1,1
201000038184,2010-01-26,2010,janvier,mardi,10:30,60,60159,0,0,2,2,2,1,1,4,4,03,1,1,000,000,1,0,1,4,1,85,5,1,9,00,2,8,1,201000038184B01,7,1,1
201000038186,2010-02-22,2010,février,lundi,17:40,60,60159,0,0,2,6,3,1,1,4,4,02,1,2,000,080,1,0,1,3,1,44,1,1,9,00,2,7,1,201000038186B01,7,1,1
201000038205,2010-05-20,2010,mai,jeudi,15:00,60,60159,0,0,1,6,2,1,1,4,4,02,1,2,000,063,1,5,1,4,1,41,5,1,9,00,0,4,1,201000038205B01,7,9,1
201000038208,2010-06-22,2010,juin,mardi,91:0,60,60382,0,0,2,1,6,1,1,4,2,02,1,1,000,000,1,0,1,3,2,42,0,1,9,00,2,1,17,201000038208A01,10,1,1
201000038214,2010-09-01,2010,septembre,mercredi,13:50,60,60159,0,0,2,6,3,1,1,4,4,02,1,2,000,120,1,5,1,4,1,18,5,1,2,00,2,7,1,201000038214B01,7,1,1
201000038262,2010-10-02,2010,octobre,samedi,15:00,60,60175,0,0,2,1,6,1,2,4,1,01,2,1,000,090,2,0,1,4,1,10,3,1,4,01,0,1,2,201000038262A01,,,
201000038263,2010-10-30,2010,octobre,samedi,10:5,60,60463,0,0,1,1,2,3,2,3,4,04,1,-1,000,120,2,0,1,3,1,30,0,1,4,00,2,4,2,201000038263B01,7,2,1
201000038269,2010-03-08,2010,mars,lundi,11:25,61,61001,0,0,2,2,3,1,1,4,1,01,1,1,000,060,1,0,1,4,1,36,4,1,2,00,2,1,1,201000038269A01,7,19,1
201000038276,2010-05-31,2010,mai,lundi,83:0,61,61117,48.4303,0.05333,2,1,3,1,1,3,-1,02,1,1,000,060,1,0,1,4,1,35,1,1,9,00,2,8,1,201000038276A01,7,17,1
201000038283,2010-08-25,2010,août,mercredi,14:50,61,61001,48.4232,0.08961,2,6,3,1,1,3,2,02,1,1,000,048,1,5,1,2,1,35,5,1,9,00,2,0,13,201000038283B01,15,1,1
201000038303,2010-06-16,2010,juin,mercredi,17:10,61,61006,0,0,2,3,3,1,1,4,2,02,1,1,000,045,1,0,1,3,2,13,5,1,2,00,2,3,15,201000038303A01,7,1,1
201000038305,2010-08-06,2010,août,vendredi,14:45,61,61006,48.7471,-0.03123,2,6,2,1,1,3,1,02,1,3,000,092,1,0,1,4,1,16,5,1,9,00,0,4,16,201000038305B01,7,1,1
201000038307,2010-09-09,2010,septembre,jeudi,14:00,61,61006,0,0,2,3,3,1,1,4,2,02,1,1,000,082,1,0,1,4,1,45,1,1,9,00,2,1,1,201000038307B01,7,15,1
201000038325,2010-05-22,2010,mai,samedi,18:40,62,62041,0,0,1,2,3,1,1,3,2,02,1,2,000,061,1,0,1,4,1,24,5,1,2,00,2,6,15,201000038325B01,7,1,1
201000038337,2010-09-08,2010,septembre,mercredi,13:05,62,62041,0,0,2,1,3,1,3,4,3,04,1,2,000,000,2,0,1,3,1,62,5,1,9,00,2,0,19,201000038337A01,7,1,1
201000038366,2010-01-17,2010,janvier,dimanche,11:50,62,62065,0,0,2,4,3,1,1,4,2,01,1,1,000,063,2,0,1,4,1,62,5,1,2,00,2,9,15,201000038366B01,7,1,1
201000038375,2010-04-16,2010,avril,vendredi,18:20,62,62570,0,0,2,1,7,1,1,4,2,01,1,1,000,000,1,0,1,3,1,17,5,1,2,00,0,7,16,201000038375A01,,,
201000038395,2010-01-04,2010,janvier,lundi,15:35,62,62108,0,0,2,1,6,1,1,4,2,02,1,1,000,080,1,0,1,4,2,18,5,1,2,01,0,1,1,201000038395B01,7,22,1
201000038397,2010-02-11,2010,février,jeudi,17:25,62,62108,0,0,2,2,3,1,1,4,2,02,1,1,000,100,1,0,1,3,1,55,1,1,9,00,2,4,11,201000038397B01,7,1,1
201000038401,2010-04-28,2010,avril,mercredi,13:00,62,62688,0,0,1,1,7,1,1,4,4,01,1,3,000,033,1,0,1,2,1,5,5,1,2,00,2,8,2,201000038401B01,7,2,1
201000038408,2010-08-21,2010,août,samedi,11:45,62,62108,0,0,2,1,2,1,1,4,2,02,1,1,000,078,1,0,1,4,1,65,5,1,2,00,9,0,2,201000038408B01,7,17,1
201000038409,2010-10-06,2010,octobre,mercredi,30:,62,62108,0,0,2,1,2,4,3,4,1,01,1,3,000,033,2,0,1,3,1,23,5,1,9,00,2,4,1,201000038409A01,7,2,1
201000038417,2010-04-24,2010,avril,samedi,22:50,62,62735,0,0,1,1,6,5,1,4,2,02,1,1,000,070,1,0,1,4,2,28,1,1,4,00,0,8,2,201000038417A01,10,2,1
201000038475,2010-03-15,2010,mars,lundi,22:25,62,62193,0,0,2,1,6,5,1,4,3,02,1,1,015,180,1,0,1,3,1,37,5,1,9,00,2,7,1,201000038475A01,7,0,1
201000038477,2010-03-23,2010,mars,mardi,17:20,62,62193,0,0,2,1,6,1,1,4,3,02,1,1,010,180,1,0,1,3,2,11,5,1,9,00,2,3,15,201000038477A01,7,1,1
201000038490,2010-07-05,2010,juillet,lundi,17:50,62,62193,0,0,2,1,6,1,1,4,3,02,1,1,010,130,1,0,1,3,2,18,0,1,9,01,0,1,1,201000038490A01,7,23,1
201000038501,2010-08-24,2010,août,mardi,17:00,62,62193,0,0,2,3,3,1,1,4,2,02,1,1,000,049,1,0,1,3,1,10,5,1,9,00,2,1,19,201000038501A01,7,1,1
201000038521,2010-12-17,2010,décembre,vendredi,11:30,62,62193,0,0,2,3,1,1,1,4,2,02,1,1,000,070,1,0,1,4,2,38,4,1,4,00,2,1,1,201000038521B01,7,1,1
201000038534,2010-02-22,2010,février,lundi,16:50,62,62250,0,0,2,1,3,1,2,4,2,02,1,1,000,083,2,0,1,4,1,18,5,1,9,00,2,1,9,201000038534A01,7,1,1
201000038543,2010-04-24,2010,avril,samedi,16:35,62,62413,0,0,2,2,3,1,1,4,2,02,1,1,000,054,1,0,1,4,1,10,5,1,9,00,2,7,1,201000038543B01,7,1,1
201000038545,2010-04-21,2010,avril,mercredi,18:45,62,62250,0,0,2,1,6,1,1,3,1,01,1,-1,000,084,1,0,1,4,2,28,1,1,9,00,0,1,1,201000038545B01,7/ 10,0,2
201000038549,2010-05-18,2010,mai,mardi,16:40,62,62215,0,0,2,2,3,1,1,4,2,02,1,1,000,000,1,0,1,4,2,11,5,1,9,00,2,0,19,201000038549B01,7,1,1