Num_Acc,date,an,mois,jour,hrmn,dep,com,lat,long,agg,int,col,lum,atm,catr,circ,nbv,prof,plan,lartpc,larrout,surf,infra,situ,grav,sexe,age,trajet,secuexist,equipement,obs,obsm,choc,manv,vehiculeid,typevehicules,manoeuvehicules,numVehicules
201000038552,2010-05-27,2010,mai,jeudi,70:0,62,62215,0,0,1,1,2,1,1,3,2,02,1,1,000,074,1,0,1,4,1,35,9,1,4,00,2,4,0,201000038552B01,7,2,1
201000038555,2010-06-15,2010,juin,mardi,17:20,62,62413,0,0,2,1,3,1,1,4,2,02,1,1,000,080,1,0,1,3,1,12,5,1,9,00,2,8,19,201000038555B01,7,1,1
201000038563,2010-07-01,2010,juillet,jeudi,64:5,62,62215,0,0,2,2,3,1,1,4,2,02,1,1,000,060,1,0,1,4,1,48,1,1,9,00,2,7,1,201000038563B01,14,15,1
201000038571,2010-07-09,2010,juillet,vendredi,18:15,62,62250,0,0,2,1,3,1,1,4,2,02,1,1,000,065,1,0,1,3,1,13,5,1,9,00,2,8,19,201000038571B01,7,1,1
201000038572,2010-07-16,2010,juillet,vendredi,23:15,62,62907,0,0,2,1,6,5,1,4,2,02,1,1,000,077,1,0,1,4,1,39,5,1,4,00,0,1,15,201000038572A01,,,
201000038585,2010-09-07,2010,septembre,mardi,12:15,62,62215,0,0,2,1,3,1,1,4,2,02,1,1,000,064,1,0,1,3,1,16,0,1,9,00,2,1,9,201000038585A01,7,1,1
201000038586,2010-09-13,2010,septembre,lundi,22:15,62,62666,0,0,2,3,3,5,1,4,2,02,1,1,000,050,1,5,1,4,1,14,5,1,9,00,2,3,9,201000038586A01,7,1,1
201000038592,2010-09-28,2010,septembre,mardi,65:0,62,62215,0,0,2,1,6,1,1,4,2,02,1,1,000,058,1,0,1,4,1,72,5,1,9,01,0,5,1,201000038592B01,7,22,1
201000038594,2010-10-21,2010,octobre,jeudi,17:15,62,62413,0,0,2,2,3,1,1,4,2,02,2,1,000,060,1,5,1,4,2,17,5,1,9,00,2,1,0,201000038594A01,7,1,1
201000038594,2010-10-21,2010,octobre,jeudi,17:15,62,62413,0,0,2,2,3,1,1,4,2,02,2,1,000,060,1,5,1,4,2,12,5,1,9,00,2,1,0,201000038594A01,7,1,1
201000038597,2010-11-10,2010,novembre,mercredi,84:5,62,62215,0,0,2,3,3,1,2,4,2,02,1,3,000,070,2,0,1,4,2,55,5,1,9,00,2,7,15,201000038597A01,7,15,1
201000038598,2010-11-12,2010,novembre,vendredi,93:0,62,62215,0,0,2,1,1,1,1,4,2,02,1,1,000,035,1,0,1,3,2,44,4,1,9,00,2,8,1,201000038598B01,7,13,1
201000038612,2010-12-31,2010,décembre,vendredi,20:05,62,62427,0,0,2,1,3,2,8,4,2,02,1,1,000,000,1,0,1,4,2,12,5,1,4,00,2,8,19,201000038612B01,7,1,1
201000038627,2010-04-09,2010,avril,vendredi,22:10,62,62497,0,0,1,9,2,5,1,4,2,02,1,2,000,000,1,0,1,3,1,54,5,1,4,00,2,8,1,201000038627B01,7,16,1
201000038630,2010-04-15,2010,avril,jeudi,20:20,62,62249,0,0,2,9,1,1,1,4,2,02,1,1,000,000,1,0,1,3,1,7,5,1,4,00,2,8,9,201000038630B01,7,9,1
201000038637,2010-05-23,2010,mai,dimanche,14:55,62,62497,0,0,2,3,3,1,1,4,2,02,1,1,000,000,1,0,1,3,1,13,5,1,4,03,2,1,15,201000038637A01,7,1,1
201000038638,2010-06-01,2010,juin,mardi,15:55,62,62249,0,0,2,1,6,1,1,4,2,02,1,1,000,000,1,0,1,3,2,53,5,1,4,00,0,0,0,201000038638A01,7,1,1
201000038664,2010-01-27,2010,janvier,mercredi,21:10,62,62498,0,0,2,1,6,5,2,4,1,02,1,2,000,100,2,0,1,4,1,18,5,1,4,00,2,1,1,201000038664B01,7,9,1
201000038672,2010-03-19,2010,mars,vendredi,19:35,62,62842,0,0,1,1,6,4,2,3,2,02,1,1,000,074,2,5,1,4,1,16,5,1,2,00,2,7,19,201000038672B01,7,1,1
201000038685,2010-05-27,2010,mai,jeudi,84:5,62,62498,0,0,2,1,6,1,1,6,-1,00,1,-1,000,000,1,0,1,4,1,30,1,1,9,00,2,0,0,201000038685A01,7,0,1
201000038686,2010-06-04,2010,juin,vendredi,12:15,62,62498,0,0,2,1,6,1,1,6,-1,00,1,1,000,000,1,0,0,1,1,18,9,1,9,00,1,1,1,201000038686A01,,,
201000038686,2010-06-04,2010,juin,vendredi,12:15,62,62498,0,0,2,1,6,1,1,6,-1,00,1,1,000,000,1,0,0,3,2,4,5,1,9,00,1,1,1,201000038686A01,,,
201000038699,2010-07-22,2010,juillet,jeudi,15:05,62,62842,0,0,2,3,3,1,1,4,2,01,1,1,000,067,1,0,1,4,1,6,5,1,9,00,2,8,19,201000038699A01,7,1,1
201000038735,2010-03-31,2010,mars,mercredi,13:50,62,62510,0,0,2,1,3,1,1,4,2,02,1,1,000,155,1,0,1,4,1,13,5,1,2,00,2,5,2,201000038735B01,3,0,1
201000038737,2010-04-24,2010,avril,samedi,10:45,62,62186,0,0,2,1,3,1,1,4,2,02,1,1,000,000,1,0,1,3,2,46,1,1,9,00,2,8,2,201000038737B01,7,0,1
201000038756,2010-07-17,2010,juillet,samedi,14:25,62,62186,0,0,2,1,3,1,1,4,2,02,1,1,000,125,1,0,1,3,2,12,5,1,2,00,2,0,0,201000038756B01,7,0,1
201000038764,2010-08-19,2010,août,jeudi,14:10,62,62510,0,0,2,1,6,1,1,4,2,02,1,1,000,000,1,0,0,4,1,14,5,1,4,00,2,0,2,201000038764B01,30,2,1
201000038807,2010-04-09,2010,avril,vendredi,14:03,62,62040,0,0,2,1,3,1,1,3,2,00,1,1,000,000,1,0,1,3,1,7,5,1,9,00,2,7,19,201000038807A01,7,0,1
201000038839,2010-01-19,2010,janvier,mardi,15:35,63,63113,0,0,2,1,3,1,1,4,2,02,1,1,000,090,1,0,1,4,1,35,1,1,2,00,2,1,1,201000038839B01,7,15,1
201000038885,2010-03-05,2010,mars,vendredi,12:00,63,63113,0,0,2,1,6,1,1,4,1,01,1,1,000,070,1,0,1,1,1,21,0,1,2,00,1,1,1,201000038885A01,,,
201000038885,2010-03-05,2010,mars,vendredi,12:00,63,63113,0,0,2,1,6,1,1,4,1,01,1,1,000,070,1,0,1,4,2,67,0,1,9,00,1,1,1,201000038885A01,,,
201000038890,2010-03-09,2010,mars,mardi,64:3,63,63113,0,0,2,1,6,5,1,4,2,02,-1,-1,000,000,1,0,1,4,1,26,1,1,4,00,0,0,0,201000038890B01,7,0,1
201000038925,2010-04-03,2010,avril,samedi,13:50,63,63113,0,0,2,1,3,1,1,4,2,02,1,3,000,070,1,0,1,4,1,13,0,1,2,00,2,2,1,201000038925B01,7,16,1
201000038928,2010-04-07,2010,avril,mercredi,15:15,63,63113,0,0,2,6,3,1,1,3,3,04,1,3,000,130,1,5,1,4,1,80,0,1,2,00,2,2,1,201000038928B01,7,9,1
201000038937,2010-04-16,2010,avril,vendredi,16:50,63,63113,0,0,2,1,6,1,1,3,2,04,1,1,000,000,1,0,1,4,2,20,5,1,2,00,2,8,1,201000038937B01,7,17,1
201000038946,2010-04-21,2010,avril,mercredi,95:0,63,63113,0,0,2,2,3,1,1,4,2,02,1,1,000,070,1,5,1,4,2,35,0,1,2,00,2,8,1,201000038946A01,7,1,1
201000038958,2010-04-28,2010,avril,mercredi,92:0,63,63113,0,0,2,1,2,1,1,3,1,01,1,3,000,000,1,3,1,3,1,22,1,1,9,00,2,1,2,201000038958A01,7,2,1
201000038977,2010-05-17,2010,mai,lundi,72:0,63,63113,0,0,2,1,6,1,1,4,2,01,-1,-1,000,000,1,0,5,1,1,52,0,1,9,00,2,0,0,201000038977A01,7,0,1
201000038979,2010-05-18,2010,mai,mardi,11:10,63,63113,0,0,2,1,6,1,1,4,2,02,1,1,000,000,1,0,1,4,1,77,5,1,2,00,2,0,19,201000038979A01,7,0,1
201000038994,2010-05-27,2010,mai,jeudi,14:44,63,63113,0,0,2,1,6,1,1,4,2,03,2,1,000,100,1,0,4,3,1,17,5,1,2,00,2,1,0,201000038994A01,7,15,1
201000039000,2010-05-28,2010,mai,vendredi,19:25,63,63113,0,0,2,1,6,1,1,4,2,00,1,1,000,000,1,0,1,4,1,12,5,1,9,00,2,1,0,201000039000A01,7,0,1
201000039004,2010-05-31,2010,mai,lundi,21:00,63,63113,0,0,2,1,6,2,1,4,2,02,1,1,000,000,1,0,1,4,1,12,5,1,9,00,2,5,19,201000039004A01,7,1,1
201000039009,2010-06-02,2010,juin,mercredi,15:10,63,63113,0,0,2,2,6,1,1,4,1,01,1,1,000,000,1,0,1,4,1,11,5,1,2,00,2,1,0,201000039009A01,,,
201000039010,2010-06-03,2010,juin,jeudi,17:20,63,63113,0,0,2,1,6,1,1,4,2,02,2,1,000,000,1,0,1,4,1,22,5,1,2,00,0,1,0,201000039010A01,,,
201000039032,2010-06-24,2010,juin,jeudi,12:25,63,63113,0,0,2,1,3,1,1,4,2,03,1,-1,000,100,1,0,1,4,1,78,0,1,2,00,2,0,19,201000039032B01,7,15,1
201000039095,2010-08-31,2010,août,mardi,64:5,63,63113,0,0,2,1,6,5,1,4,1,02,1,1,000,000,1,0,5,4,2,39,0,1,9,00,2,1,1,201000039095B01,7,9,1
201000039098,2010-09-02,2010,septembre,jeudi,13:00,63,63113,0,0,2,1,6,1,1,4,1,01,1,1,000,000,1,0,1,4,1,26,5,1,2,00,2,1,1,201000039098B01,7,1,1
201000039104,2010-09-03,2010,septembre,vendredi,18:48,63,63113,0,0,2,2,6,1,1,4,1,03,1,1,000,000,1,0,1,4,2,16,9,1,2,00,2,0,19,201000039104A01,7,17,1
201000039107,2010-09-06,2010,septembre,lundi,80:0,63,63113,0,0,2,1,6,1,1,4,-1,01,2,1,000,000,1,0,1,1,1,18,2,1,2,00,1,1,1,201000039107A01,,,
201000039123,2010-09-18,2010,septembre,samedi,11:45,63,63113,0,0,2,1,6,1,1,4,2,02,1,1,000,000,1,0,1,4,1,88,3,1,9,00,2,8,0,201000039123A01,34,0,1
201000039133,2010-09-23,2010,septembre,jeudi,17:56,63,63113,0,0,2,1,6,1,1,3,3,04,1,1,000,000,1,0,5,4,1,21,5,1,9,00,2,1,0,201000039133B01,7,9,1
201000039134,2010-09-23,2010,septembre,jeudi,22:50,63,63113,0,0,2,1,6,5,1,4,1,03,1,1,000,000,1,0,1,4,1,23,5,1,2,00,2,1,1,201000039134B01,7,15,1
201000039144,2010-09-30,2010,septembre,jeudi,19:15,63,63113,0,0,1,1,3,1,1,3,3,04,1,1,030,140,1,0,1,4,1,45,0,1,2,00,2,1,1,201000039144B01,7,9,1
201000039182,2010-10-25,2010,octobre,lundi,74:1,63,63113,0,0,2,1,6,2,1,4,1,01,1,-1,000,,1,0,1,4,1,23,1,1,2,00,2,1,0,201000039182B01,10,9,1
201000039187,2010-10-28,2010,octobre,jeudi,11:00,63,63113,0,0,2,1,6,1,1,4,3,04,1,1,000,,1,0,5,4,1,35,5,1,9,00,2,1,0,201000039187B01,10,0,1
201000039205,2010-11-16,2010,novembre,mardi,73:0,63,63113,0,0,2,1,3,1,1,3,3,04,1,1,030,140,1,0,1,4,1,54,0,1,2,00,2,0,0,201000039205B01,7,1,1
201000039257,2010-12-19,2010,décembre,dimanche,11:00,63,63113,0,0,2,1,6,1,1,3,3,06,1,1,,,1,0,1,4,1,13,9,1,4,00,2,4,19,201000039257A01,7,1,1
201000039285,2010-02-03,2010,février,mercredi,12:30,63,63164,0,0,2,6,3,1,1,3,3,02,1,4,000,065,1,5,1,2,1,75,5,1,9,00,2,7,1,201000039285B01,17,16,1
201000039295,2010-10-16,2010,octobre,samedi,15:55,63,63113,0,0,2,2,3,1,1,3,3,04,1,1,020,045,1,5,1,4,1,16,5,1,9,00,2,1,19,201000039295A01,7,1,1
201000039306,2010-07-02,2010,juillet,vendredi,18:25,63,63300,0,0,2,1,1,1,1,3,2,02,1,1,015,095,1,0,5,4,1,56,1,1,9,00,2,1,1,201000039306B01,38,16,1
201000039348,2010-04-02,2010,avril,vendredi,83:0,64,64024,43.5258,-1.51426,2,1,3,1,8,3,1,02,1,2,000,000,2,0,1,3,1,47,1,1,9,00,2,7,1,201000039348B01,7,9,1
201000039367,2010-05-27,2010,mai,jeudi,14:38,64,64140,43.5243,-1.49338,2,1,6,1,1,3,2,02,-1,-1,000,070,1,0,1,4,1,67,5,1,2,00,0,0,0,201000039367B01,1,0,1
201000039367,2010-05-27,2010,mai,jeudi,14:38,64,64140,43.5243,-1.49338,2,1,6,1,1,3,2,02,-1,-1,000,070,1,0,1,3,1,68,5,1,2,00,0,0,0,201000039367A01,1,0,1
201000039407,2010-08-30,2010,août,lundi,14:30,64,64102,43.4842,-1.44726,2,6,3,1,1,4,4,02,1,3,080,070,1,5,1,3,1,66,5,1,9,00,2,0,1,201000039407B01,10,16,1
201000039414,2010-09-20,2010,septembre,lundi,14:10,64,64102,43.4907,-1.47151,1,2,1,1,1,4,2,01,1,1,000,070,1,0,1,3,1,40,5,1,9,00,2,1,0,201000039414B01,37,15,1
201000039534,2010-10-08,2010,octobre,vendredi,11:20,64,64125,43.4457,-1.57635,2,1,3,1,1,4,2,02,2,1,000,060,1,0,1,4,2,24,0,1,9,00,2,4,1,201000039534B01,7,14,1
201000039562,2010-01-07,2010,janvier,jeudi,20:15,64,64445,43.3114,-0.36338,2,6,3,5,2,4,1,02,1,1,000,000,2,0,1,4,2,25,5,1,9,00,2,8,1,201000039562B01,7,1,1
201000039565,2010-01-11,2010,janvier,lundi,75:5,64,64445,43.3057,-0.37035,2,2,3,2,1,4,2,02,1,1,000,073,1,0,1,4,1,15,0,1,9,00,2,1,1,201000039565B01,7,15,1
201000039583,2010-01-22,2010,janvier,vendredi,16:45,64,64445,43.2981,-0.36486,2,1,3,1,1,4,2,02,1,1,015,091,1,0,1,4,1,40,5,1,2,00,2,1,1,201000039583B01,7,15,1
201000039593,2010-01-29,2010,janvier,vendredi,18:55,64,64445,43.2925,-0.37814,2,1,3,5,3,4,2,02,1,1,000,000,2,0,1,4,1,51,0,1,2,00,2,1,1,201000039593B01,7,9,1
201000039599,2010-02-02,2010,février,mardi,14:10,64,64445,43.2942,-0.36291,2,1,6,1,1,4,2,02,1,1,000,000,1,0,1,4,1,58,5,1,9,00,2,8,19,201000039599A01,7,1,1
201000039617,2010-03-02,2010,mars,mardi,12:45,64,64348,43.3207,-0.39175,2,6,6,1,1,4,2,02,1,1,000,000,1,0,1,4,1,17,5,1,9,00,2,8,15,201000039617B01,7,16,1
201000039618,2010-03-02,2010,mars,mardi,11:00,64,64335,43.3273,-0.43915,2,6,6,1,1,4,2,02,1,1,000,000,1,0,1,4,2,20,5,1,2,00,2,4,16,201000039618B01,10,15,1
201000039619,2010-03-02,2010,mars,mardi,12:15,64,64445,0,0,2,1,2,1,1,4,2,02,1,1,000,000,1,0,1,4,1,83,5,1,2,00,2,4,2,201000039619B01,7,2,1
201000039629,2010-03-15,2010,mars,lundi,13:35,64,64348,43.3131,-0.41634,2,1,3,1,1,4,2,02,1,1,000,104,1,0,1,4,1,77,5,1,9,00,2,1,10,201000039629A01,7,1,1
201000039633,2010-03-23,2010,mars,mardi,80:0,64,64445,43.3165,-0.37484,2,1,3,1,1,3,2,02,1,1,000,060,1,0,1,4,2,20,2,1,9,00,2,1,1,201000039633B01,7,9,1
201000039639,2010-04-05,2010,avril,lundi,14:10,64,64445,43.3111,-0.37717,2,1,6,1,1,4,2,02,1,1,000,000,1,0,1,1,1,54,5,1,2,00,1,1,1,201000039639A01,,,
201000039639,2010-04-05,2010,avril,lundi,14:10,64,64445,43.3111,-0.37717,2,1,6,1,1,4,2,02,1,1,000,000,1,0,1,4,1,44,5,1,9,00,1,1,1,201000039639A01,,,
201000039650,2010-04-19,2010,avril,lundi,13:55,64,64348,43.3235,-0.39803,2,1,3,1,1,4,2,02,1,1,000,000,1,0,1,4,2,78,5,1,2,00,2,7,1,201000039650B01,7,16,1
201000039655,2010-04-27,2010,avril,mardi,10:47,64,64373,43.2818,-0.36112,2,1,2,1,1,3,2,02,1,1,015,028,1,0,1,4,2,57,5,1,2,00,2,4,2,201000039655B01,7,2,1
201000039678,2010-05-22,2010,mai,samedi,14:20,64,64445,43.2993,-0.3713,2,3,2,1,1,4,2,02,1,1,000,000,1,0,1,4,1,56,5,1,9,00,2,0,16,201000039678A01,7,23,1
201000039682,2010-05-25,2010,mai,mardi,82:0,64,64445,43.3103,-0.33969,2,9,3,1,1,4,2,02,1,1,000,000,1,0,1,4,2,48,5,1,2,00,2,1,1,201000039682B01,7,9,1
201000039689,2010-05-31,2010,mai,lundi,82:5,64,64445,0,0,2,1,3,1,1,4,2,02,1,1,000,000,1,0,1,4,1,21,5,1,2,00,2,7,1,201000039689B01,7,1,1
201000039700,2010-06-09,2010,juin,mercredi,17:25,64,64445,43.2962,-0.37285,2,1,6,1,1,4,2,02,1,1,000,000,1,0,1,1,1,16,5,1,9,00,1,1,1,201000039700A01,,,
201000039713,2010-06-22,2010,juin,mardi,19:30,64,64129,43.3156,-0.37802,2,1,6,1,1,4,2,02,1,1,000,000,1,0,1,4,1,29,5,1,2,01,0,1,1,201000039713B01,7,24,1
201000039723,2010-07-02,2010,juillet,vendredi,17:46,64,64445,43.3008,-0.3618,2,2,3,1,1,4,2,02,1,1,000,092,1,0,1,3,1,54,5,1,2,00,2,1,1,201000039723A01,7,1,1
201000039732,2010-07-14,2010,juillet,mercredi,19:50,64,64445,43.308,-0.33843,2,6,3,1,1,4,2,02,1,-1,000,000,1,0,1,4,2,34,1,1,2,00,2,4,1,201000039732B01,7,9,1
201000039735,2010-07-17,2010,juillet,samedi,10:25,64,64269,43.2981,-0.30294,2,3,3,1,1,3,2,02,1,1,000,000,1,0,1,4,2,21,5,1,2,00,2,9,1,201000039735B01,7,16,1
201000039739,2010-07-26,2010,juillet,lundi,14:20,64,64445,43.3192,-0.36594,2,1,3,1,1,4,2,02,1,1,000,000,1,0,5,1,1,26,5,1,2,00,2,1,9,201000039739A01,1,1,1
201000039739,2010-07-26,2010,juillet,lundi,14:20,64,64445,43.3192,-0.36594,2,1,3,1,1,4,2,02,1,1,000,000,1,0,5,4,1,41,5,1,2,00,2,9,1,201000039739B01,1,9,1
201000039740,2010-07-28,2010,juillet,mercredi,18:15,64,64335,43.3434,-0.41491,1,1,3,1,1,3,2,02,1,1,000,000,1,0,1,4,1,56,1,1,2,00,2,1,1,201000039740B01,7,10,1
201000039750,2010-08-11,2010,août,mercredi,17:35,64,64237,43.2879,-0.3758,2,1,6,1,1,3,2,02,1,1,000,000,1,0,1,4,2,16,5,1,2,00,2,1,1,201000039750B01,7,22,1
201000039753,2010-08-16,2010,août,lundi,20:15,64,64445,43.3164,-0.33958,2,3,3,1,1,4,2,02,1,1,000,000,1,0,1,4,1,52,5,1,2,00,2,1,1,201000039753B01,7,15,1
201000039757,2010-08-20,2010,août,vendredi,11:45,64,64445,43.3081,-0.33938,2,6,3,1,1,4,1,02,1,1,000,000,1,0,1,4,2,70,5,1,2,00,2,1,1,201000039757B01,7,9,1
201000039758,2010-08-20,2010,août,vendredi,17:30,64,64445,43.3115,-0.3658,2,3,3,1,1,4,2,02,1,1,000,000,1,0,1,4,1,42,5,1,2,00,2,1,1,201000039758B01,7,16,1
201000039763,2010-08-31,2010,août,mardi,19:40,64,64445,43.3041,-0.36656,2,1,6,1,1,4,2,02,1,1,000,120,1,0,1,4,2,28,5,1,2,01,0,1,1,201000039763B01,7,22,1
201000039781,2010-09-11,2010,septembre,samedi,14:25,64,64348,43.3189,-0.41911,2,1,6,1,1,4,2,02,1,1,000,000,1,0,1,4,1,10,5,1,9,00,2,8,9,201000039781B01,7,1,1
201000039799,2010-10-01,2010,octobre,vendredi,18:20,64,64237,43.2794,-0.37561,2,1,3,1,1,3,2,02,1,2,000,000,1,0,1,4,2,15,5,1,2,00,2,9,1,201000039799B01,7,9,1
201000039802,2010-10-05,2010,octobre,mardi,12:10,64,64269,43.3002,-0.29985,2,2,3,1,1,4,1,02,1,1,000,000,1,0,1,4,1,83,5,1,9,00,2,0,16,201000039802B01,7,1,1
201000039811,2010-10-11,2010,octobre,lundi,16:10,64,64445,43.2968,-0.37155,2,1,6,1,1,4,1,01,1,1,000,000,1,0,1,4,1,26,5,1,9,00,2,1,1,201000039811B01,7,22,1
201000039817,2010-10-15,2010,octobre,vendredi,65:0,64,64445,43.311,-0.36286,2,1,6,5,1,4,1,02,1,1,000,000,1,0,1,4,1,27,4,1,9,00,2,5,1,201000039817B01,7,9,1
201000039818,2010-10-15,2010,octobre,vendredi,11:10,64,64445,43.2963,-0.37637,2,1,2,1,1,4,2,02,1,1,000,000,1,0,1,4,1,20,5,1,9,00,2,1,2,201000039818A01,7,2,1
201000039822,2010-10-19,2010,octobre,mardi,18:05,64,64445,43.3035,-0.3571,2,3,3,1,1,4,2,02,1,1,000,000,1,0,1,4,1,54,5,1,9,00,2,8,1,201000039822B01,7,15,1
201000039824,2010-10-21,2010,octobre,jeudi,75:5,64,64348,43.3074,-0.42536,2,1,3,5,1,4,2,02,1,1,000,000,1,0,1,4,2,23,5,1,9,00,2,7,15,201000039824B01,7,17,1
201000039828,2010-10-21,2010,octobre,jeudi,11:40,64,64445,43.3226,-0.34637,2,1,6,1,1,4,2,02,1,1,000,000,1,1,1,4,1,67,5,1,2,00,2,0,1,201000039828B01,7,0,1
201000039845,2010-11-03,2010,novembre,mercredi,73:5,64,64445,43.3074,-0.35659,2,1,3,2,2,4,2,02,1,1,000,090,1,0,1,4,2,14,5,1,9,00,2,9,17,201000039845B01,7,22,1
201000039859,2010-11-13,2010,novembre,samedi,10:10,64,64237,43.2799,-0.3805,2,6,6,1,1,3,1,02,1,2,000,000,1,0,1,4,1,48,5,1,2,00,2,8,1,201000039859B01,7,9,1
201000039876,2010-11-25,2010,novembre,jeudi,13:05,64,64445,43.3085,-0.37386,2,1,3,1,1,4,2,02,1,1,000,000,1,0,1,4,2,45,4,1,9,00,2,8,15,201000039876B01,7,1,1
201000039885,2010-12-03,2010,décembre,vendredi,15:55,64,64335,43.3262,-0.4405,2,6,3,1,2,4,2,00,1,4,000,000,2,0,1,2,1,62,0,1,2,00,2,0,0,201000039885B01,15,16,1
201000039894,2010-12-10,2010,décembre,vendredi,12:30,64,64445,43.2946,-0.37718,2,1,3,1,1,4,2,03,1,1,000,000,1,0,1,4,1,45,1,1,2,00,2,1,1,201000039894B01,30,15,1
201000039903,2010-12-17,2010,décembre,vendredi,18:25,64,64445,43.3212,-0.35859,2,6,3,5,4,4,1,02,1,1,000,000,2,0,1,4,1,22,5,1,2,00,2,7,2,201000039903B01,7,2,1
201000039907,2010-12-21,2010,décembre,mardi,10:06,64,64129,43.2996,-0.40472,2,3,3,1,2,4,2,02,1,1,000,073,2,0,1,4,1,75,5,1,9,00,0,9,1,201000039907B01,7,16,1
201000039912,2010-12-29,2010,décembre,mercredi,16:00,64,64445,43.3101,-0.36888,2,1,1,1,1,4,1,01,1,1,000,000,1,0,1,4,1,10,5,1,9,00,2,8,19,201000039912A01,7,1,1
201000039924,2010-02-02,2010,février,mardi,16:00,64,64483,43.3929,-1.65235,2,1,3,1,1,3,2,00,1,-1,000,000,1,0,1,4,1,43,0,1,9,00,2,1,1,201000039924B01,7,15,1
201000039946,2010-06-27,2010,juin,dimanche,85:0,64,64260,43.3723,-1.78083,2,1,3,1,1,4,2,02,1,1,000,112,1,0,1,4,1,45,5,1,2,00,2,1,1,201000039946B01,3,15,1
201000039960,2010-04-17,2010,avril,samedi,10:00,64,64189,43.3878,-1.67037,2,1,6,1,1,3,2,01,1,1,000,000,1,0,1,4,1,66,5,1,4,00,1,1,1,201000039960A01,,,
201000039960,2010-04-17,2010,avril,samedi,10:00,64,64189,43.3878,-1.67037,2,1,6,1,1,3,2,01,1,1,000,000,1,0,1,1,1,25,0,1,9,00,1,1,1,201000039960A01,,,
201000039978,2010-05-31,2010,mai,lundi,18:45,64,64483,0,0,2,1,3,1,1,4,1,02,1,1,000,000,1,0,1,4,1,12,0,1,2,00,2,7,19,201000039978A01,7,1,1
201000040032,2010-12-20,2010,décembre,lundi,11:55,64,64483,43.3829,-1.64652,2,1,3,1,1,3,2,02,1,1,000,000,1,0,1,4,1,71,5,1,2,00,2,8,1,201000040032B01,7,16,1
201000040053,2010-05-28,2010,mai,vendredi,17:00,64,64483,43.3752,-1.63795,2,1,3,1,1,3,3,04,1,1,000,000,1,0,1,3,1,57,5,1,4,00,2,8,1,201000040053A01,7,16,1
201000040069,2010-07-06,2010,juillet,mardi,12:10,64,64260,43.371,-1.7729,2,1,6,1,1,3,2,02,1,1,000,033,1,0,1,4,1,58,5,1,2,01,0,1,1,201000040069B01,7,22,1
201000040073,2010-08-06,2010,août,vendredi,19:05,64,64545,43.359,-1.7311,1,1,2,1,1,3,2,02,1,1,025,080,1,0,1,2,1,73,5,1,2,00,2,4,1,201000040073B01,7,2,1
201000040085,2010-09-21,2010,septembre,mardi,11:20,64,64483,43.3836,-1.65516,2,1,1,1,1,4,2,02,1,1,000,000,1,0,1,4,1,71,5,1,2,00,2,1,1,201000040085B01,7,19,1
201000040100,2010-04-28,2010,avril,mercredi,19:53,65,65286,0,0,2,6,3,1,1,4,3,02,1,1,000,080,1,0,1,4,1,64,5,1,2,00,2,7,1,201000040100B01,7,9,1
201000040116,2010-08-17,2010,août,mardi,17:20,65,65286,0,0,1,2,3,1,1,3,2,02,1,1,000,117,1,0,1,4,1,19,5,1,2,00,2,1,1,201000040116B01,7,16,1
201000040120,2010-10-27,2010,octobre,mercredi,16:55,65,65286,0,0,2,1,1,1,1,4,2,02,2,1,000,070,1,0,1,3,1,65,9,1,2,00,2,1,13,201000040120A01,7,1,1
201000040128,2010-01-05,2010,janvier,mardi,71:0,65,65440,0,0,2,3,6,5,2,4,2,02,1,1,000,000,2,0,1,4,2,18,2,1,4,00,2,7,1,201000040128A01,,,
201000040132,2010-01-13,2010,janvier,mercredi,12:40,65,65440,0,0,2,4,3,1,2,4,2,02,1,1,000,190,2,0,1,3,2,61,5,1,9,00,0,7,1,201000040132B01,7,1,1
201000040146,2010-02-24,2010,février,mercredi,10:00,65,65440,0,0,2,1,3,1,1,4,1,01,1,1,000,030,1,0,1,4,2,22,0,1,2,00,0,8,1,201000040146B01,10,14,1
201000040158,2010-04-06,2010,avril,mardi,15:30,65,65047,0,0,2,3,6,1,1,4,2,02,1,1,000,000,1,0,1,4,1,30,0,1,2,00,2,0,1,201000040158B01,7,1,1
201000040160,2010-04-14,2010,avril,mercredi,11:05,65,65440,0,0,2,1,6,1,1,4,1,01,1,1,000,079,1,0,1,2,1,60,3,1,2,01,2,0,1,201000040160C01,7,22/1,2
201000040168,2010-05-25,2010,mai,mardi,15:50,65,65440,0,0,2,3,3,1,1,4,2,02,1,1,000,060,1,0,0,4,1,71,5,1,2,00,0,0,0,201000040168B01,7,0,1
201000040188,2010-07-27,2010,juillet,mardi,16:50,65,65440,0,0,2,6,3,1,1,4,3,04,1,1,000,000,1,0,0,3,1,83,0,1,2,00,2,7,0,201000040188B01,7,1,1
201000040189,2010-07-28,2010,juillet,mercredi,10:20,65,65047,0,0,2,3,3,1,1,4,1,01,1,1,000,034,1,0,1,4,1,72,3,1,2,00,0,7,1,201000040189B01,7,22,1
201000040191,2010-08-04,2010,août,mercredi,12:30,65,65440,43.2344,0.07274,2,1,6,1,1,4,1,01,1,1,000,042,1,0,4,1,1,17,3,1,2,00,1,1,1,201000040191A01,,,
201000040192,2010-08-04,2010,août,mercredi,12:35,65,65440,0,0,2,2,3,1,1,4,1,01,1,1,000,000,1,0,1,4,2,39,1,1,9,00,2,7,1,201000040192B01,7,1,1
201000040201,2010-08-26,2010,août,jeudi,80:0,65,65440,0,0,2,1,3,1,1,4,2,03,1,1,000,109,1,0,1,3,2,49,1,1,2,00,0,8,1,201000040201B01,7,1,1