Num_Acc,date,an,mois,jour,hrmn,dep,com,lat,long,agg,int,col,lum,atm,catr,circ,nbv,prof,plan,lartpc,larrout,surf,infra,situ,grav,sexe,age,trajet,secuexist,equipement,obs,obsm,choc,manv,vehiculeid,typevehicules,manoeuvehicules,numVehicules
201000040216,2010-09-30,2010,septembre,jeudi,90:5,65,65440,0,0,2,1,3,1,2,4,2,02,1,1,000,085,2,0,1,4,2,25,3,1,2,00,0,7,1,201000040216B01,7,22,1
201000040231,2010-10-27,2010,octobre,mercredi,12:00,65,65440,0,0,2,3,3,1,1,4,2,02,1,1,000,071,1,0,0,4,2,53,1,1,2,00,0,8,1,201000040231B01,7,15,1
201000040242,2010-11-30,2010,novembre,mardi,11:50,65,65440,0,0,2,2,1,1,1,4,2,02,1,1,000,086,1,0,1,3,2,46,0,1,2,00,0,1,1,201000040242B01,7,15,1
201000040256,2010-01-08,2010,janvier,vendredi,12:29,66,66136,42.71276,2.88585,2,1,3,1,1,4,1,01,1,1,000,035,2,0,1,3,1,26,1,1,2,01,0,1,1,201000040256B01,7,24,1
201000040264,2010-01-21,2010,janvier,jeudi,74:0,66,66136,42.69618,2.90628,2,1,3,1,1,4,2,02,1,1,000,080,1,0,1,4,2,33,1,1,4,00,2,1,1,201000040264B01,7,16,1
201000040280,2010-03-03,2010,mars,mercredi,14:33,66,66136,42.69731,2.88773,2,1,3,1,3,4,2,01,1,1,000,720,2,0,1,4,1,49,5,1,4,00,2,8,1,201000040280B01,7,17,1
201000040298,2010-04-02,2010,avril,vendredi,14:18,66,66136,42.69768,2.90418,2,1,3,1,1,4,2,04,1,1,015,080,1,5,1,4,1,13,9,1,9,00,2,1,19,201000040298B01,7,1,1
201000040303,2010-04-09,2010,avril,vendredi,17:50,66,66136,42.69055,2.89902,2,1,3,1,1,4,2,01,1,1,000,080,1,0,1,4,2,27,1,1,2,00,2,5,15,201000040303A01,7,21,1
201000040341,2010-06-04,2010,juin,vendredi,18:14,66,66136,42.69903,2.90613,2,2,3,1,1,4,2,02,1,1,000,100,1,0,5,4,1,47,0,1,2,00,2,1,19,201000040341B01,7,1,1
201000040346,2010-06-07,2010,juin,lundi,18:00,66,66136,42.69967,2.90255,2,3,3,1,1,4,2,01,1,1,000,070,1,0,5,3,1,40,1,1,2,00,2,8,1,201000040346B01,7,1,1
201000040366,2010-08-01,2010,août,dimanche,20:55,66,66136,0,0,1,1,2,1,1,3,2,02,1,1,000,101,1,0,1,4,1,85,5,1,2,00,2,4,1,201000040366B01,7,17,1
201000040369,2010-08-09,2010,août,lundi,17:50,66,66136,42.69108,2.90013,2,1,3,1,1,4,3,03,1,1,010,106,1,0,1,3,1,70,5,1,4,00,2,8,19,201000040369B01,31,1,1
201000040376,2010-08-13,2010,août,vendredi,22:20,66,66136,42.71528,2.87315,1,1,2,3,1,4,2,02,1,1,000,060,1,0,1,3,1,66,5,1,9,00,2,4,1,201000040376B01,33,1,1
201000040378,2010-08-21,2010,août,samedi,92:9,66,66136,42.68745,2.87136,1,1,3,1,1,4,2,02,1,1,053,026,1,0,5,4,1,72,5,1,2,00,2,7,1,201000040378B01,7,1,1
201000040408,2010-10-05,2010,octobre,mardi,11:30,66,66136,42.71035,2.89034,2,1,3,1,1,4,2,02,1,1,000,110,1,0,1,4,1,58,5,1,9,00,2,3,1,201000040408B01,7,15,1
201000040431,2010-11-16,2010,novembre,mardi,80:0,66,66136,42.67202,2.90497,2,1,3,1,1,4,2,02,1,1,000,118,1,0,1,4,1,39,1,1,4,00,2,8,19,201000040431A01,7,15,1
201000040473,2010-06-28,2010,juin,lundi,16:05,67,67180,0,0,2,1,3,1,1,4,2,02,1,1,000,088,1,0,1,3,1,10,2,1,2,00,2,3,2,201000040473B01,7,17,1
201000040485,2010-09-27,2010,septembre,lundi,13:28,67,67462,0,0,2,2,3,1,1,4,2,02,1,1,000,000,1,0,1,3,1,6,2,1,9,00,2,7,19,201000040485B01,7,1,1
201000040491,2010-01-05,2010,janvier,mardi,13:50,67,67482,0,0,2,2,3,1,1,4,2,02,1,1,000,086,1,0,1,4,2,57,4,1,2,00,2,1,15,201000040491A01,1,1,1
201000040491,2010-01-05,2010,janvier,mardi,13:50,67,67482,0,0,2,2,3,1,1,4,2,02,1,1,000,086,1,0,1,1,1,15,2,1,9,00,2,1,1,201000040491B01,1,15,1
201000040494,2010-01-09,2010,janvier,samedi,18:15,67,67482,0,0,2,1,3,5,4,4,2,02,1,1,000,070,5,0,1,4,1,46,1,1,2,00,2,4,15,201000040494B01,7,1,1
201000040508,2010-01-26,2010,janvier,mardi,84:0,67,67482,0,0,2,2,6,1,1,4,2,02,1,1,000,112,1,0,1,4,2,33,0,1,2,00,2,7,19,201000040508B01,7,16,1
201000040510,2010-01-28,2010,janvier,jeudi,60:0,67,67482,0,0,2,1,2,2,4,4,2,04,1,1,000,120,5,0,1,2,2,56,0,1,9,00,2,4,1,201000040510B01,7,1,1
201000040525,2010-02-19,2010,février,vendredi,13:00,67,67482,0,0,2,1,3,1,2,4,2,02,1,1,000,060,2,0,1,4,2,19,9,1,9,00,2,3,19,201000040525B01,7,17,1
201000040525,2010-02-19,2010,février,vendredi,13:00,67,67482,0,0,2,1,3,1,2,4,2,02,1,1,000,060,2,0,1,4,2,9,0,1,9,00,2,3,19,201000040525B01,7,17,1
201000040529,2010-02-22,2010,février,lundi,17:45,67,67447,0,0,2,2,6,1,1,4,1,02,1,1,000,087,1,0,1,4,2,48,9,1,9,00,2,5,15,201000040529A01,7,1,1
201000040533,2010-02-25,2010,février,jeudi,84:0,67,67482,0,0,2,2,3,1,1,4,2,02,1,1,000,056,1,0,1,4,2,21,9,1,9,00,2,1,1,201000040533A01,7,1,1
201000040537,2010-02-27,2010,février,samedi,15:30,67,67482,0,0,2,1,3,1,1,4,2,02,1,1,000,040,1,0,5,1,2,30,9,1,2,00,2,1,19,201000040537A01,1,1,1
201000040537,2010-02-27,2010,février,samedi,15:30,67,67482,0,0,2,1,3,1,1,4,2,02,1,1,000,040,1,0,5,4,1,84,5,1,2,00,2,1,1,201000040537B01,1,19,1
201000040543,2010-03-02,2010,mars,mardi,80:5,67,67482,0,0,2,2,3,1,2,4,1,02,1,1,000,060,1,0,2,4,2,22,2,1,4,00,2,3,19,201000040543B01,7,1,1
201000040545,2010-03-02,2010,mars,mardi,13:20,67,67482,0,0,2,2,3,1,8,4,1,01,1,1,000,080,1,0,5,4,2,29,1,1,4,00,2,7,19,201000040545B01,7,1,1
201000040548,2010-03-03,2010,mars,mercredi,15:30,67,67482,0,0,2,1,6,1,1,4,2,02,1,1,000,062,1,0,1,4,2,38,1,1,2,01,0,3,1,201000040548B01,7,24,1
201000040553,2010-03-05,2010,mars,vendredi,12:30,67,67482,0,0,2,1,6,1,1,4,2,02,1,1,000,120,1,0,1,4,1,61,1,1,9,01,0,1,1,201000040553B01,7,24,1
201000040569,2010-03-17,2010,mars,mercredi,83:0,67,67482,0,0,2,2,3,1,2,4,2,00,2,1,000,120,2,0,1,4,1,57,1,1,4,00,2,8,19,201000040569A01,10,1,1
201000040570,2010-03-16,2010,mars,mardi,16:10,67,67218,0,0,2,1,6,1,1,4,1,01,1,1,000,060,1,0,1,1,1,24,1,1,9,00,1,0,1,201000040570A01,,,
201000040573,2010-03-17,2010,mars,mercredi,19:54,67,67482,0,0,2,2,3,5,1,4,1,03,1,1,000,070,1,0,1,4,1,23,0,1,9,00,2,4,19,201000040573B01,7,1,1
201000040576,2010-03-19,2010,mars,vendredi,17:30,67,67482,0,0,2,1,6,1,1,4,2,02,1,1,000,092,1,0,1,1,1,25,9,1,9,00,1,1,1,201000040576A01,,,
201000040578,2010-03-22,2010,mars,lundi,84:0,67,67482,0,0,2,3,3,1,1,4,2,02,1,1,000,060,1,0,1,4,1,66,5,1,2,00,2,1,15,201000040578A01,7,1,1
201000040589,2010-03-27,2010,mars,samedi,11:55,67,67218,0,0,1,1,3,1,1,4,2,03,1,1,000,112,1,0,1,4,2,44,4,1,9,00,2,3,1,201000040589B01,7,11,1
201000040593,2010-03-30,2010,mars,mardi,92:0,67,67482,0,0,2,2,3,1,1,4,2,03,1,1,000,120,1,0,1,4,2,24,1,1,4,00,2,7,19,201000040593B01,7,16,1
201000040597,2010-04-01,2010,avril,jeudi,84:0,67,67267,0,0,2,1,6,1,1,4,2,02,1,1,000,060,1,0,1,4,1,20,1,1,9,01,0,1,1,201000040597B01,7,22,1
201000040606,2010-04-08,2010,avril,jeudi,17:15,67,67482,0,0,2,1,3,1,8,4,1,02,1,1,025,127,1,0,1,1,2,12,0,1,2,00,2,7,19,201000040606B01,7,1,1
201000040606,2010-04-08,2010,avril,jeudi,17:15,67,67482,0,0,2,1,3,1,8,4,1,02,1,1,025,127,1,0,1,4,2,12,0,1,2,00,2,7,19,201000040606B01,7,1,1
201000040613,2010-04-13,2010,avril,mardi,14:50,67,67482,0,0,2,1,6,1,1,4,2,02,1,1,000,080,1,0,1,4,2,52,0,1,9,01,0,1,1,201000040613B01,7,22,1
201000040616,2010-04-15,2010,avril,jeudi,11:50,67,67482,0,0,2,1,3,1,1,4,2,03,1,3,000,100,1,0,1,4,2,21,5,1,4,00,2,1,7,201000040616A01,37,16,1
201000040625,2010-04-19,2010,avril,lundi,17:30,67,67482,0,0,2,1,3,1,2,4,2,02,1,1,000,050,1,0,0,4,1,20,2,1,9,00,2,7,19,201000040625A01,7,1,1
201000040626,2010-04-21,2010,avril,mercredi,14:05,67,67482,0,0,2,1,3,1,1,4,1,04,1,2,000,080,1,0,5,4,1,47,5,1,9,00,2,7,1,201000040626B01,1,1,1
201000040626,2010-04-21,2010,avril,mercredi,14:05,67,67482,0,0,2,1,3,1,1,4,1,04,1,2,000,080,1,0,5,1,1,37,4,1,9,00,2,7,1,201000040626A01,1,1,1
201000040627,2010-04-21,2010,avril,mercredi,14:20,67,67482,0,0,2,3,3,1,1,4,1,01,1,1,000,070,1,0,0,4,2,55,5,1,9,00,2,8,15,201000040627B01,7,4,1
201000040628,2010-04-21,2010,avril,mercredi,16:47,67,67447,0,0,2,1,3,1,1,4,2,02,1,3,000,190,1,0,1,4,1,81,5,1,4,00,2,1,1,201000040628B01,10,10,1
201000040630,2010-04-23,2010,avril,vendredi,94:0,67,67482,0,0,2,3,6,1,1,4,2,02,1,1,000,115,1,0,1,4,2,42,1,1,9,00,2,1,1,201000040630B01,7,16,1
201000040637,2010-04-28,2010,avril,mercredi,20:40,67,67482,0,0,2,2,3,2,1,4,2,03,1,-1,000,100,1,0,1,4,1,28,0,1,9,00,2,4,0,201000040637B01,7,16,1
201000040640,2010-04-30,2010,avril,vendredi,18:20,67,67482,0,0,2,2,3,1,1,4,3,01,1,1,040,040,1,0,1,4,2,31,0,1,9,00,2,3,1,201000040640A01,7,1,1
201000040648,2010-05-07,2010,mai,vendredi,26:,67,67482,0,0,2,1,6,5,2,4,2,04,2,1,000,140,2,0,1,3,2,19,1,1,9,00,2,1,5,201000040648B01,3,1,1
201000040651,2010-05-09,2010,mai,dimanche,21:50,67,67482,0,0,2,3,3,5,2,4,3,04,1,1,000,040,2,0,1,4,2,49,5,1,9,00,2,8,19,201000040651B01,7,16,1
201000040655,2010-05-12,2010,mai,mercredi,17:00,67,67482,0,0,2,1,6,1,1,4,3,01,1,1,070,089,1,0,1,3,2,17,2,1,2,01,0,1,21,201000040655B01,7/ 37,22/17,2
201000040657,2010-05-14,2010,mai,vendredi,12:30,67,67482,0,0,2,2,1,1,1,4,1,01,1,1,000,028,1,0,1,4,2,37,5,1,9,00,2,1,15,201000040657A01,7,1,1
201000040664,2010-05-18,2010,mai,mardi,17:00,67,67482,0,0,2,1,1,1,1,9,-1,00,1,-1,000,000,1,0,3,4,1,21,0,1,9,00,2,1,1,201000040664A01,1,1,1
201000040664,2010-05-18,2010,mai,mardi,17:00,67,67482,0,0,2,1,1,1,1,9,-1,00,1,-1,000,000,1,0,3,4,2,19,5,1,9,00,2,1,1,201000040664B01,1,1,1
201000040673,2010-05-21,2010,mai,vendredi,81:0,67,67482,0,0,2,1,6,1,8,4,-1,01,1,1,000,000,1,6,1,1,1,21,2,1,9,00,1,1,1,201000040673A01,,,
201000040673,2010-05-21,2010,mai,vendredi,81:0,67,67482,0,0,2,1,6,1,8,4,-1,01,1,1,000,000,1,6,1,4,2,55,5,1,9,00,1,1,1,201000040673A01,,,
201000040684,2010-05-26,2010,mai,mercredi,18:20,67,67482,0,0,2,1,6,1,2,4,2,02,1,1,000,100,2,0,4,1,2,25,5,1,2,00,1,1,1,201000040684A01,,,
201000040690,2010-05-29,2010,mai,samedi,14:00,67,67482,0,0,2,2,3,1,1,4,1,02,1,1,000,031,1,0,1,4,1,15,5,1,9,00,2,7,15,201000040690A01,7,1,1
201000040696,2010-06-04,2010,juin,vendredi,73:0,67,67482,0,0,2,1,3,1,1,4,3,02,1,1,000,000,1,0,4,4,1,39,0,1,4,00,2,1,1,201000040696B01,10,0,1
201000040698,2010-06-04,2010,juin,vendredi,94:0,67,67482,0,0,2,1,6,1,1,4,-1,03,1,2,000,060,1,0,1,4,1,68,5,1,4,00,2,1,5,201000040698B01,7,0,1
201000040699,2010-06-04,2010,juin,vendredi,16:40,67,67482,0,0,2,2,6,1,1,4,2,02,1,1,000,060,1,0,1,4,2,38,1,1,4,00,2,8,1,201000040699B01,30,16,1
201000040701,2010-06-04,2010,juin,vendredi,20:15,67,67482,0,0,2,2,6,1,1,4,2,02,1,1,070,090,1,0,1,1,1,24,1,1,4,00,2,1,1,201000040701A01,1,0,1
201000040701,2010-06-04,2010,juin,vendredi,20:15,67,67482,0,0,2,2,6,1,1,4,2,02,1,1,070,090,1,0,1,3,1,46,5,1,4,00,2,1,0,201000040701B01,1,1,1
201000040702,2010-06-05,2010,juin,samedi,14:20,67,67482,0,0,2,1,6,1,1,4,2,02,1,1,000,057,1,0,1,4,1,15,5,1,2,00,0,4,0,201000040702B01,7,24,1
201000040706,2010-06-05,2010,juin,samedi,19:55,67,67447,0,0,2,1,2,1,1,4,2,02,1,1,000,090,1,0,1,4,1,17,5,1,9,00,2,4,2,201000040706B01,30,2,1
201000040708,2010-06-05,2010,juin,samedi,20:20,67,67482,0,0,2,5,6,1,1,4,2,03,1,1,079,080,1,0,1,3,1,64,9,1,9,00,2,0,1,201000040708A01,7,16,1
201000040711,2010-06-07,2010,juin,lundi,12:10,67,67482,0,0,2,1,3,1,1,4,2,02,1,1,000,050,1,0,4,4,1,41,0,1,9,00,2,8,1,201000040711A01,7,1,1
201000040712,2010-06-07,2010,juin,lundi,16:21,67,67482,0,0,2,1,3,1,1,4,2,03,1,1,000,070,1,0,1,4,1,12,9,1,2,00,2,7,19,201000040712B01,7,1,1
201000040717,2010-06-11,2010,juin,vendredi,12:00,67,67482,0,0,2,1,3,1,1,4,3,04,1,1,110,150,1,4,4,4,1,28,1,1,2,00,2,1,13,201000040717B01,7,20,1
201000040719,2010-06-12,2010,juin,samedi,10:35,67,67482,0,0,2,2,3,1,1,4,2,02,1,1,000,060,1,0,1,4,1,23,5,1,4,00,2,1,1,201000040719A01,7,1,1
201000040727,2010-06-16,2010,juin,mercredi,17:50,67,67267,0,0,2,3,3,1,1,4,2,02,1,1,000,090,1,0,1,4,1,36,1,1,9,00,0,1,19,201000040727A01,7,1,1
201000040731,2010-06-18,2010,juin,vendredi,13:45,67,67482,0,0,2,2,3,1,1,4,2,03,1,-1,010,080,1,0,1,4,1,40,0,1,9,00,4,3,19,201000040731A01,40,1,1
201000040736,2010-06-21,2010,juin,lundi,74:0,67,67482,0,0,2,5,3,1,1,4,1,04,1,1,000,100,1,0,5,4,2,45,0,1,2,00,2,0,1,201000040736B01,7,1,1
201000040738,2010-06-22,2010,juin,mardi,16:50,67,67447,0,0,2,3,2,1,1,4,2,02,1,1,000,070,1,5,1,4,2,31,0,1,9,00,2,4,15,201000040738B01,7,1,1
201000040739,2010-06-22,2010,juin,mardi,17:45,67,67043,0,0,2,6,3,1,1,4,2,02,1,1,000,060,1,0,1,4,2,30,1,1,9,00,2,7,15,201000040739B01,7,15,1
201000040740,2010-06-22,2010,juin,mardi,20:30,67,67218,0,0,2,1,3,1,1,4,2,02,1,1,000,080,1,0,1,4,1,16,5,1,9,00,2,0,0,201000040740B01,7,0,1
201000040741,2010-06-23,2010,juin,mercredi,14:45,67,67482,0,0,2,2,3,1,1,4,4,03,1,1,000,100,1,0,1,4,2,65,5,1,4,00,2,1,1,201000040741A01,14,1,1
201000040743,2010-06-23,2010,juin,mercredi,18:45,67,67218,0,0,2,2,3,1,1,4,2,02,1,1,000,090,1,0,1,4,1,20,5,1,9,00,2,1,15,201000040743A01,7,1,1
201000040746,2010-06-24,2010,juin,jeudi,92:0,67,67482,0,0,2,2,7,1,1,4,2,02,1,1,000,077,1,0,1,1,1,20,0,1,9,00,2,0,1,201000040746A01,33,1,1
201000040748,2010-06-25,2010,juin,vendredi,90:0,67,67482,0,0,2,1,3,1,1,4,1,01,1,1,090,042,1,0,5,4,2,58,5,1,9,01,0,1,1,201000040748B01,7,22,1
201000040752,2010-06-25,2010,juin,vendredi,22:20,67,67482,0,0,2,1,7,3,1,9,-1,00,1,1,000,000,1,0,0,4,1,21,0,1,9,00,0,0,0,201000040752A01,,,
201000040756,2010-06-29,2010,juin,mardi,12:21,67,67482,0,0,2,2,3,1,1,4,3,02,1,1,000,050,1,0,1,3,1,37,0,1,9,00,2,1,1,201000040756B01,7,1,1
201000040760,2010-06-30,2010,juin,mercredi,13:40,67,67267,0,0,2,2,3,1,1,4,2,02,1,1,000,070,1,0,1,4,2,11,5,1,9,00,2,8,1,201000040760A01,10,1,1
201000040767,2010-07-02,2010,juillet,vendredi,21:30,67,67482,0,0,2,3,6,5,1,4,2,02,1,1,000,050,1,0,1,4,1,2,5,1,9,00,1,0,0,201000040767Z01,,,
201000040768,2010-07-02,2010,juillet,vendredi,10:00,67,67482,0,0,2,3,3,1,7,4,2,02,1,1,000,060,1,0,1,4,2,26,1,1,4,00,2,1,1,201000040768B01,7,15,1
201000040769,2010-07-02,2010,juillet,vendredi,11:20,67,67482,0,0,2,2,3,1,1,4,2,02,1,1,000,130,1,0,1,3,2,40,0,1,4,00,2,8,18,201000040769B01,15,16,1
201000040770,2010-07-02,2010,juillet,vendredi,17:00,67,67482,0,0,2,2,3,1,1,4,2,02,1,1,000,120,1,0,1,3,1,48,1,1,2,00,2,5,1,201000040770A01,7,1,1
201000040772,2010-07-04,2010,juillet,dimanche,18:20,67,67482,0,0,2,3,3,1,1,4,2,02,1,1,000,070,1,0,1,4,1,12,5,1,9,00,2,8,15,201000040772B01,7,1,1
201000040778,2010-07-07,2010,juillet,mercredi,11:55,67,67482,0,0,2,1,3,1,1,4,2,01,1,1,000,046,1,6,1,1,1,52,5,1,2,00,2,1,1,201000040778B01,10,16,1
201000040778,2010-07-07,2010,juillet,mercredi,11:55,67,67482,0,0,2,1,3,1,1,4,2,01,1,1,000,046,1,6,1,4,2,5,5,1,2,00,2,1,1,201000040778B01,10,16,1
201000040779,2010-07-07,2010,juillet,mercredi,13:20,67,67482,0,0,2,3,3,1,1,4,2,02,1,1,000,080,1,0,1,4,2,34,5,1,9,00,2,1,1,201000040779A01,7,16,1
201000040788,2010-07-10,2010,juillet,samedi,20:10,67,67204,0,0,2,2,3,1,1,4,2,03,1,1,000,095,1,0,1,4,1,17,5,1,9,00,2,1,1,201000040788A01,7,1,1
201000040788,2010-07-10,2010,juillet,samedi,20:10,67,67204,0,0,2,2,3,1,1,4,2,03,1,1,000,095,1,0,1,4,1,18,5,1,9,00,2,1,1,201000040788A01,7,1,1
201000040791,2010-07-12,2010,juillet,lundi,71:0,67,67482,0,0,2,1,3,1,1,4,3,02,1,1,000,040,1,0,1,4,2,49,1,1,4,00,2,1,1,201000040791A01,7,16,1
201000040796,2010-07-16,2010,juillet,vendredi,19:55,67,67482,0,0,2,3,3,1,1,4,2,02,1,1,000,050,1,0,1,4,2,45,0,1,9,00,2,1,1,201000040796B01,7,15,1
201000040804,2010-07-21,2010,juillet,mercredi,19:35,67,67482,0,0,2,2,2,1,1,4,2,00,1,1,000,060,1,0,0,4,1,26,5,1,2,00,2,4,1,201000040804A01,7,15,1
201000040807,2010-07-23,2010,juillet,vendredi,12:00,67,67482,0,0,2,2,6,1,1,4,2,04,2,1,000,140,1,0,1,4,1,73,5,1,9,00,2,0,1,201000040807B01,10,1,1
201000040809,2010-07-23,2010,juillet,vendredi,19:00,67,67482,0,0,2,2,3,2,2,4,-1,01,1,1,000,070,2,0,1,4,2,22,9,1,9,00,2,1,1,201000040809A01,7,1,1
201000040812,2010-07-28,2010,juillet,mercredi,20:25,67,67482,0,0,2,2,3,1,1,4,2,04,1,1,080,094,1,0,5,4,1,58,5,1,9,00,2,1,1,201000040812B01,7,14,1
201000040813,2010-07-29,2010,juillet,jeudi,16:48,67,67482,0,0,2,1,6,1,1,4,1,02,1,1,000,052,1,0,1,4,1,81,5,1,9,00,2,7,19,201000040813A01,40,1,1
201000040815,2010-07-30,2010,juillet,vendredi,18:10,67,67482,0,0,2,1,6,1,2,4,2,02,1,1,000,060,1,0,1,4,1,17,5,1,2,00,2,1,15,201000040815B01,7,1,1
201000040817,2010-07-31,2010,juillet,samedi,17:25,67,67482,0,0,2,2,3,1,1,4,2,02,1,1,000,060,1,0,0,4,1,11,5,1,2,00,2,1,1,201000040817B01,7,1,1
201000040826,2010-08-13,2010,août,vendredi,18:05,67,67447,0,0,2,3,3,1,1,4,2,02,1,1,000,060,1,0,1,4,2,26,3,1,2,00,2,8,1,201000040826B01,7,16,1
201000040828,2010-08-13,2010,août,vendredi,19:45,67,67482,0,0,2,2,6,1,1,4,1,00,1,1,000,051,1,0,1,4,1,24,5,1,9,00,2,2,1,201000040828A01,7,1,1
201000040841,2010-08-24,2010,août,mardi,1:,67,67447,0,0,2,3,6,5,1,4,2,02,1,1,000,074,2,0,5,4,1,62,5,1,4,00,2,1,5,201000040841B01,7,23,1
201000040849,2010-08-28,2010,août,samedi,16:00,67,67447,0,0,1,1,3,1,2,4,2,02,1,1,000,100,1,0,1,4,1,28,1,1,9,00,2,8,1,201000040849B01,7,17,1
201000040859,2010-09-05,2010,septembre,dimanche,45:1,67,67482,0,0,2,1,3,5,1,4,2,02,1,1,000,050,1,0,1,4,1,24,5,1,9,00,2,6,9,201000040859A01,7,1,1
201000040872,2010-09-12,2010,septembre,dimanche,18:25,67,67482,0,0,2,1,3,1,1,4,2,02,1,1,000,040,1,0,4,4,2,53,5,1,2,00,2,1,1,201000040872B01,7,22,1
201000040874,2010-09-13,2010,septembre,lundi,18:10,67,67482,0,0,2,3,3,1,1,4,2,03,1,1,000,080,1,0,1,4,1,53,5,1,9,00,2,8,19,201000040874B01,7,15,1
201000040878,2010-09-16,2010,septembre,jeudi,75:0,67,67482,0,0,2,3,3,1,1,4,2,04,1,1,000,095,1,0,1,4,1,20,1,1,9,00,2,1,1,201000040878A01,7,1,1
201000040890,2010-09-21,2010,septembre,mardi,18:40,67,67482,0,0,2,1,3,1,1,4,2,02,1,1,000,040,1,0,5,1,1,17,5,1,9,00,2,1,9,201000040890A01,1,1,1
201000040890,2010-09-21,2010,septembre,mardi,18:40,67,67482,0,0,2,1,3,1,1,4,2,02,1,1,000,040,1,0,5,4,2,36,1,1,9,00,2,7,1,201000040890B01,1,9,1
201000040904,2010-10-02,2010,octobre,samedi,85:0,67,67482,0,0,2,3,3,1,2,4,2,02,1,1,030,040,2,0,1,4,1,25,1,1,2,00,2,8,1,201000040904B01,7,15,1
201000040908,2010-10-04,2010,octobre,lundi,95:0,67,67218,0,0,2,9,6,1,1,4,1,01,1,1,000,058,1,0,1,4,1,22,1,1,9,00,2,1,1,201000040908B01,7,22,1
201000040911,2010-10-04,2010,octobre,lundi,19:40,67,67482,0,0,2,2,6,5,1,4,2,03,1,1,000,180,1,0,1,4,2,26,1,1,2,00,2,8,19,201000040911B01,7,16,1
201000040916,2010-10-05,2010,octobre,mardi,19:45,67,67218,0,0,2,1,3,4,1,4,2,02,1,1,000,070,1,0,1,3,1,45,0,1,4,00,2,4,1,201000040916B01,7,1,1
201000040919,2010-10-06,2010,octobre,mercredi,19:35,67,67482,0,0,2,1,3,5,1,4,2,02,1,3,000,070,1,0,1,4,2,41,0,1,9,00,2,8,19,201000040919B01,33,17,1
201000040921,2010-10-08,2010,octobre,vendredi,18:00,67,67482,0,0,2,3,3,1,1,4,2,02,1,1,006,052,1,0,5,4,2,56,1,1,2,00,2,7,1,201000040921B01,7,9,1
201000040923,2010-10-10,2010,octobre,dimanche,12:20,67,67482,0,0,2,3,3,1,1,4,2,03,1,1,000,100,1,0,0,4,1,47,4,1,9,00,2,8,1,201000040923B01,7,16,1
201000040928,2010-10-15,2010,octobre,vendredi,75:0,67,67482,0,0,2,3,3,1,1,4,2,04,1,1,000,000,1,0,1,4,2,16,0,1,2,00,2,3,1,201000040928B01,7,1,1
201000040934,2010-10-20,2010,octobre,mercredi,14:30,67,67482,0,0,2,1,3,1,2,4,2,02,1,1,000,100,2,0,1,4,1,17,0,1,4,00,2,1,9,201000040934A01,31,1,1
201000040936,2010-10-21,2010,octobre,jeudi,14:00,67,67482,0,0,2,2,3,1,1,4,1,01,1,1,000,070,1,0,1,4,2,46,5,1,9,00,2,3,1,201000040936B01,7,15,1
201000040939,2010-10-22,2010,octobre,vendredi,11:55,67,67482,0,0,2,2,3,1,1,4,2,00,1,1,000,060,1,4,1,4,2,24,1,1,9,00,2,0,1,201000040939B01,7,15,1
201000040946,2010-10-27,2010,octobre,mercredi,16:45,67,67482,0,0,2,1,3,1,1,4,2,03,1,1,000,100,1,0,1,4,1,35,1,1,9,00,2,8,1,201000040946A01,7,1,1
201000040952,2010-11-02,2010,novembre,mardi,16:05,67,67482,0,0,2,1,6,1,1,4,2,02,1,1,000,090,1,0,1,4,1,34,5,1,9,00,2,1,1,201000040952B01,7,24,1
201000040953,2010-11-02,2010,novembre,mardi,17:20,67,67482,0,0,2,2,6,5,1,4,2,02,1,1,000,000,1,0,4,4,2,24,5,1,9,00,2,1,1,201000040953B01,30,15,1
201000040954,2010-11-03,2010,novembre,mercredi,14:30,67,67482,0,0,2,1,3,1,1,4,3,04,1,1,020,060,1,0,1,4,1,32,0,1,9,00,2,5,19,201000040954B01,7,1,1
201000040959,2010-11-05,2010,novembre,vendredi,10:10,67,67482,0,0,2,1,3,1,1,4,1,02,1,1,000,130,1,0,4,4,2,36,5,1,9,00,2,1,1,201000040959B01,7,9,1
201000040960,2010-11-05,2010,novembre,vendredi,13:50,67,67482,0,0,2,2,3,1,1,4,1,02,1,1,000,040,1,0,1,4,1,25,0,1,4,00,2,5,1,201000040960B01,7,9,1
201000040965,2010-11-08,2010,novembre,lundi,16:30,67,67482,0,0,2,1,6,1,1,4,2,03,1,1,000,100,1,0,1,1,1,23,0,1,9,00,1,1,1,201000040965A01,,,
201000040966,2010-11-08,2010,novembre,lundi,17:30,67,67482,0,0,2,3,3,1,1,4,-1,02,1,1,000,080,1,0,1,4,1,54,1,1,2,00,2,3,1,201000040966B01,7,15,1
201000040970,2010-11-10,2010,novembre,mercredi,83:0,67,67482,0,0,2,3,6,1,2,4,1,01,2,1,000,035,2,0,1,1,2,20,0,1,9,00,1,1,1,201000040970A01,,,
201000040971,2010-11-10,2010,novembre,mercredi,91:5,67,67482,0,0,2,1,6,1,2,4,2,02,1,1,000,052,2,0,4,1,1,56,0,1,9,00,1,1,1,201000040971A01,,,
201000040976,2010-11-13,2010,novembre,samedi,43:5,67,67482,0,0,2,2,3,5,6,4,2,02,1,2,000,066,1,0,1,3,2,34,1,1,9,00,2,6,1,201000040976B01,7,16,1
201000040981,2010-11-16,2010,novembre,mardi,18:30,67,67482,0,0,2,2,3,1,1,4,2,02,1,1,000,080,1,0,1,4,1,53,0,1,2,00,2,1,1,201000040981B01,7,1,1