Num_Acc,date,an,mois,jour,hrmn,dep,com,lat,long,agg,int,col,lum,atm,catr,circ,nbv,prof,plan,lartpc,larrout,surf,infra,situ,grav,sexe,age,trajet,secuexist,equipement,obs,obsm,choc,manv,vehiculeid,typevehicules,manoeuvehicules,numVehicules
201000040982,2010-11-17,2010,novembre,mercredi,75:7,67,67482,0,0,2,1,6,1,1,4,2,04,1,1,030,060,1,0,1,4,1,14,2,1,2,00,2,8,15,201000040982B01,7,1,1
201000040984,2010-11-17,2010,novembre,mercredi,12:35,67,67218,0,0,2,1,6,1,1,4,2,02,1,-1,000,070,1,0,5,4,1,43,1,1,9,00,1,1,1,201000040984A01,,,
201000040988,2010-11-18,2010,novembre,jeudi,81:0,67,67043,0,0,2,3,3,1,1,4,2,02,1,1,000,070,1,0,1,4,2,33,0,1,2,00,2,6,1,201000040988B01,7,16,1
201000040993,2010-11-19,2010,novembre,vendredi,23:55,67,67482,0,0,2,1,3,5,1,4,1,01,1,1,000,000,1,0,5,4,2,28,9,1,4,00,9,1,13,201000040993A01,1,1,1
201000040993,2010-11-19,2010,novembre,vendredi,23:55,67,67482,0,0,2,1,3,5,1,4,1,01,1,1,000,000,1,0,5,4,2,34,1,1,9,00,2,1,1,201000040993B01,1,13,1
201000040996,2010-11-22,2010,novembre,lundi,18:15,67,67447,0,0,2,1,3,5,2,4,2,02,1,1,000,070,2,0,1,4,1,18,2,1,9,00,2,1,17,201000040996A01,7,9,1
201000040997,2010-11-23,2010,novembre,mardi,12:05,67,67043,0,0,2,1,3,1,1,4,2,02,1,1,000,040,1,0,1,4,1,82,5,1,9,00,2,0,0,201000040997A01,7,1,1
201000041001,2010-11-24,2010,novembre,mercredi,18:30,67,67043,0,0,2,6,3,5,2,4,1,01,1,2,000,000,2,0,1,4,2,37,1,1,9,00,2,1,1,201000041001A01,7,1,1
201000041012,2010-12-04,2010,décembre,samedi,15:18,67,67482,0,0,2,2,7,1,1,4,3,02,1,1,070,150,1,5,0,4,2,26,5,1,9,00,2,0,18,201000041012B01,7,1,1
201000041016,2010-12-07,2010,décembre,mardi,80:0,67,67204,0,0,2,2,6,2,2,4,2,02,1,1,000,060,2,0,1,4,1,21,1,1,2,00,2,8,1,201000041016B01,7,24,1
201000041017,2010-12-07,2010,décembre,mardi,82:0,67,67482,0,0,2,2,3,1,2,4,1,02,1,1,000,045,2,4,1,4,1,34,5,1,2,00,2,7,1,201000041017B01,7,15,1
201000041020,2010-12-08,2010,décembre,mercredi,17:15,67,67482,0,0,2,2,3,5,2,4,2,02,1,1,000,078,2,0,1,4,1,26,0,1,9,00,4,7,19,201000041020A01,40,1,1
201000041031,2010-12-16,2010,décembre,jeudi,16:10,67,67482,0,0,2,3,3,2,6,4,2,02,1,1,000,060,2,0,1,4,1,31,5,1,9,00,2,8,1,201000041031B01,7,15,1
201000041035,2010-12-22,2010,décembre,mercredi,73:0,67,67482,0,0,2,1,1,2,2,4,2,02,1,1,000,070,2,0,1,1,1,48,5,1,9,00,2,1,1,201000041035B01,1,1,1
201000041035,2010-12-22,2010,décembre,mercredi,73:0,67,67482,0,0,2,1,1,2,2,4,2,02,1,1,000,070,2,0,1,4,2,26,1,1,9,00,2,1,1,201000041035A01,1,1,1
201000041043,2010-12-30,2010,décembre,jeudi,33:5,67,67482,0,0,2,3,2,5,4,4,2,02,1,1,000,000,5,0,1,4,1,18,1,1,9,00,2,4,1,201000041043A01,7,1,1
201000041045,2010-01-16,2010,janvier,samedi,10:56,68,68066,48.07745,7.33597,2,2,3,1,1,3,3,02,1,1,056,072,1,0,1,3,1,76,5,1,2,00,2,5,1,201000041045B01,7,21,1
201000041046,2010-01-16,2010,janvier,samedi,14:26,68,68066,48.07842,7.35996,2,1,6,1,1,4,1,01,1,1,000,120,1,0,1,1,1,13,5,1,2,00,1,1,1,201000041046A01,,,
201000041057,2010-03-26,2010,mars,vendredi,20:04,68,68066,48.08358,7.35633,2,1,2,5,1,3,2,04,1,1,000,120,1,0,1,4,1,40,1,1,4,00,2,4,1,201000041057B01,7,2,1
201000041068,2010-05-19,2010,mai,mercredi,15:02,68,68066,48.06952,7.36047,2,2,3,1,1,4,2,04,1,1,000,126,1,0,1,3,1,19,5,1,2,00,2,1,1,201000041068B01,7,15,1
201000041069,2010-05-18,2010,mai,mardi,12:10,68,68066,48.07622,7.34748,2,4,2,1,1,3,2,02,1,2,000,120,1,0,1,4,1,30,1,1,2,00,2,4,1,201000041069B01,7,16,1
201000041075,2010-05-31,2010,mai,lundi,17:07,68,68066,48.09321,7.3553,2,6,3,1,1,3,3,02,1,1,000,070,1,2,1,4,1,38,5,1,2,00,2,2,19,201000041075B01,7,1,1
201000041077,2010-05-28,2010,mai,vendredi,20:25,68,68066,48.07211,7.35368,2,3,1,1,1,4,2,02,1,1,000,080,1,0,5,1,1,29,5,1,2,00,2,1,5,201000041077A01,1,1,1
201000041077,2010-05-28,2010,mai,vendredi,20:25,68,68066,48.07211,7.35368,2,3,1,1,1,4,2,02,1,1,000,080,1,0,5,4,2,69,5,1,2,00,2,1,1,201000041077B01,1,5,1
201000041078,2010-06-17,2010,juin,jeudi,15:04,68,68066,48.0804,7.36373,2,2,3,1,1,4,1,01,1,1,000,080,1,0,0,4,1,82,3,1,2,00,2,1,1,201000041078B01,7,1,1
201000041081,2010-06-26,2010,juin,samedi,13:37,68,68066,48.08024,7.36448,2,2,3,1,1,3,3,02,1,1,000,105,1,0,1,4,2,69,5,1,2,00,2,1,1,201000041081A01,7,1,1
201000041083,2010-07-22,2010,juillet,jeudi,16:15,68,68066,48.07721,7.34791,2,2,6,1,1,3,2,04,1,1,020,140,1,0,1,1,1,15,5,1,4,00,1,0,1,201000041083A01,,,
201000041085,2010-07-30,2010,juillet,vendredi,11:45,68,68066,48.07966,7.37356,2,3,3,1,1,3,2,02,1,1,000,088,1,0,1,2,1,65,5,1,4,00,2,8,1,201000041085B01,14,1,1
201000041090,2010-09-05,2010,septembre,dimanche,18:02,68,68066,48.08381,7.34761,2,1,6,1,1,3,2,04,1,1,000,140,1,0,1,4,1,14,5,1,9,01,2,2,19,201000041090B01,7,1,1
201000041092,2010-09-06,2010,septembre,lundi,18:28,68,68066,48.08294,7.36308,2,3,3,1,1,3,3,02,1,1,020,160,1,0,1,3,1,19,5,1,2,00,2,1,5,201000041092A01,7,9,1
201000041097,2010-09-20,2010,septembre,lundi,12:00,68,68066,48.07252,7.36056,2,4,3,1,1,3,2,04,1,1,000,120,1,0,5,4,1,12,2,1,2,00,2,1,1,201000041097B01,7,16,1
201000041108,2010-11-02,2010,novembre,mardi,18:45,68,68066,48.08054,7.33526,2,1,6,5,1,4,2,02,1,1,000,110,1,0,5,4,2,29,0,1,2,00,2,1,1,201000041108B01,7,22,1
201000041113,2010-12-22,2010,décembre,mercredi,15:55,68,68066,48.08029,7.3817,2,6,3,1,1,3,2,02,1,1,016,124,2,0,1,3,1,47,5,1,2,00,2,5,19,201000041113B01,7,1,1
201000041116,2010-05-27,2010,mai,jeudi,13:35,68,68112,47.90633,7.21311,2,3,3,1,1,4,1,01,1,1,000,050,1,0,0,3,2,10,5,1,2,00,2,7,5,201000041116B01,7,1,1
201000041117,2010-05-27,2010,mai,jeudi,17:35,68,68112,47.70223,7.2152,2,3,3,1,1,3,2,02,1,1,000,000,1,0,1,4,2,81,5,1,2,00,2,8,1,201000041117B01,7,1,1
201000041120,2010-09-28,2010,septembre,mardi,14:40,68,68112,47.90438,7.22189,2,1,2,1,1,3,3,02,2,1,004,072,1,0,1,3,1,51,0,1,9,00,2,5,2,201000041120B01,7,11,1
201000041124,2010-01-12,2010,janvier,mardi,54:7,68,68224,47.75229,7.30341,2,6,3,5,8,3,2,03,1,-1,050,100,7,5,1,3,1,51,1,1,2,00,2,7,1,201000041124B01,7,15,1
201000041129,2010-01-25,2010,janvier,lundi,17:45,68,68224,47.74244,7.33928,2,1,6,5,1,4,1,01,1,1,000,060,1,0,1,1,1,26,0,1,4,00,1,1,0,201000041129A01,,,
201000041130,2010-01-21,2010,janvier,jeudi,11:34,68,68224,47.7561,7.3425,2,1,3,1,1,4,2,02,1,1,000,078,1,0,1,3,1,86,5,1,2,01,2,8,15,201000041130A01,7,17,1
201000041152,2010-03-19,2010,mars,vendredi,13:15,68,68224,47.7516,7.30919,2,3,3,1,1,4,2,02,1,1,020,120,1,5,5,3,1,58,5,1,2,00,2,8,1,201000041152B01,7,15,1
201000041153,2010-03-29,2010,mars,lundi,14:05,68,68224,47.75345,7.33628,2,1,7,1,1,4,2,03,1,1,000,138,1,0,1,4,1,80,0,1,9,00,2,2,12,201000041153A01,37,1,1
201000041175,2010-06-07,2010,juin,lundi,18:59,68,68224,47.75353,7.33193,2,2,3,1,1,4,1,01,1,1,000,064,1,0,1,4,1,14,5,1,2,00,2,7,1,201000041175B01,7,1,1
201000041178,2010-06-25,2010,juin,vendredi,70:5,68,68224,47.77815,7.3287,2,3,3,1,7,3,2,02,1,1,000,032,1,0,5,3,2,40,1,1,2,00,2,7,21,201000041178B01,7,16,1
201000041192,2010-08-20,2010,août,vendredi,15:00,68,68224,47.76891,7.32611,2,1,7,1,1,3,2,02,1,1,000,000,1,0,5,4,2,59,5,1,2,00,0,0,21,201000041192B01,7,24,1
201000041203,2010-09-27,2010,septembre,lundi,14:00,68,68224,47.71847,7.34472,1,1,1,1,1,3,2,02,1,1,000,064,1,0,1,3,1,66,5,1,2,00,2,1,1,201000041203B01,7,15,1
201000041207,2010-10-01,2010,octobre,vendredi,21:45,68,68224,47.73845,7.29528,2,6,3,5,1,4,3,02,1,1,020,172,1,0,1,3,2,58,1,1,9,00,2,8,1,201000041207B01,7,2,1
201000041217,2010-11-01,2010,novembre,lundi,16:05,68,68224,47.73721,7.33445,2,1,6,1,1,3,2,02,1,1,000,000,1,0,1,4,1,32,5,1,2,00,1,1,1,201000041217A01,,,
201000041221,2010-11-17,2010,novembre,mercredi,13:15,68,68224,47.75597,7.35052,2,1,3,1,1,4,-1,00,1,-1,020,060,1,0,1,3,1,74,3,1,9,00,2,0,19,201000041221A01,7,1,1
201000041230,2010-02-17,2010,février,mercredi,61:7,68,68297,47.59145,7.55761,2,6,3,5,4,3,1,02,1,2,000,000,1,0,5,4,1,53,1,1,9,00,2,2,15,201000041230B01,7,9,1
201000041235,2010-07-28,2010,juillet,mercredi,12:10,68,68297,47.58081,7.55291,2,3,3,1,3,3,2,03,1,1,000,100,2,0,1,3,1,44,1,1,4,00,0,1,1,201000041235B01,7,15,1
201000041237,2010-10-11,2010,octobre,lundi,80:5,68,68149,47.59651,7.5647,2,3,3,1,1,3,2,03,1,1,000,049,1,5,1,3,1,41,1,1,4,00,2,7,1,201000041237B01,7,15,1
201000041250,2010-11-05,2010,novembre,vendredi,12:35,68,68376,47.80234,7.31686,2,1,3,1,1,4,2,01,1,1,,080,1,0,1,4,2,14,2,1,9,00,0,8,15,201000041250B01,7,1,1
201000041255,2010-03-05,2010,mars,vendredi,22:25,69,69029,0,0,2,1,3,5,1,4,2,02,2,1,000,000,1,0,1,3,1,55,9,1,2,00,2,1,1,201000041255B01,7,15,1
201000041256,2010-03-16,2010,mars,mardi,73:0,69,69029,0,0,2,1,3,1,1,4,2,00,1,1,000,000,1,6,1,3,1,61,5,1,2,00,2,4,1,201000041256B01,7,15,1
201000041257,2010-04-12,2010,avril,lundi,16:40,69,69029,0,0,2,9,3,1,1,4,-1,01,1,1,000,055,1,0,4,3,1,15,0,1,9,00,2,3,9,201000041257B01,32,1,1
201000041280,2010-01-28,2010,janvier,jeudi,83:0,69,69034,0,0,2,1,6,1,1,4,2,02,4,1,000,025,1,2,1,4,1,59,1,1,2,00,1,1,1,201000041280B01,,,
201000041297,2010-04-17,2010,avril,samedi,19:39,69,69034,0,0,2,1,6,1,1,4,1,01,1,1,000,107,1,0,1,3,1,18,4,1,2,00,0,0,1,201000041297B01,7,0,1
201000041298,2010-04-24,2010,avril,samedi,16:30,69,69034,0,0,2,2,6,1,1,4,2,02,1,1,000,064,1,0,1,4,2,51,5,1,2,00,2,1,19,201000041298B01,7,16,1
201000041309,2010-08-12,2010,août,jeudi,12:07,69,69034,0,0,2,2,3,1,1,4,2,02,1,1,000,070,1,0,1,3,2,45,5,1,2,00,2,9,19,201000041309B01,10,1,1
201000041313,2010-09-22,2010,septembre,mercredi,85:5,69,69034,0,0,2,2,3,1,1,4,2,01,1,1,000,045,1,6,1,3,1,64,5,1,2,00,2,8,19,201000041313B01,7,1,1
201000041381,2010-10-21,2010,octobre,jeudi,84:0,69,69096,45.6101,4.77823,2,1,5,1,1,4,2,02,2,1,000,068,1,0,1,4,1,39,1,1,2,00,2,1,1,201000041381D01,7,1,3
201000041388,2010-01-04,2010,janvier,lundi,72:0,69,69149,0,0,2,1,5,2,4,4,2,02,2,1,000,076,5,0,1,4,2,28,1,1,4,00,2,1,2,201000041388B01,7,21,2
201000041394,2010-02-03,2010,février,mercredi,20:25,69,69202,0,0,2,2,3,5,1,4,2,02,2,1,000,100,1,0,1,4,1,13,0,1,9,00,2,1,19,201000041394A01,7,2,1
201000041412,2010-04-27,2010,avril,mardi,18:30,69,69202,0,0,2,1,3,1,1,4,2,02,1,-1,000,086,1,5,1,3,2,46,5,1,9,00,2,1,1,201000041412B01,7,15,1
201000041430,2010-08-03,2010,août,mardi,17:43,69,69149,0,0,2,2,3,1,1,4,4,03,1,1,000,086,1,5,1,3,1,38,5,1,9,00,2,7,15,201000041430A01,7,1,1
201000041443,2010-09-21,2010,septembre,mardi,21:20,69,69152,45.6952,4.82601,2,6,3,5,1,4,1,01,1,2,000,080,1,2,1,4,1,48,1,1,2,00,2,0,1,201000041443A01,34,1,1
201000041470,2010-12-06,2010,décembre,lundi,81:8,69,69152,0,0,2,3,3,1,2,4,2,02,2,1,000,000,3,0,1,4,1,33,1,1,2,00,2,1,1,201000041470B01,7,15,1
201000041497,2010-04-20,2010,avril,mardi,16:20,69,69256,0,0,2,1,1,1,1,4,2,01,1,1,000,063,1,0,1,3,1,16,0,1,2,00,2,1,5,201000041497A01,7,1,1
201000041504,2010-05-09,2010,mai,dimanche,15:50,69,69256,0,0,2,1,3,1,1,4,2,02,1,1,000,030,1,0,5,4,1,63,5,1,9,00,9,6,1,201000041504B01,1,17,1
201000041504,2010-05-09,2010,mai,dimanche,15:50,69,69256,0,0,2,1,3,1,1,4,2,02,1,1,000,030,1,0,5,4,2,46,5,1,9,00,9,7,17,201000041504A01,1,1,1
201000041505,2010-05-20,2010,mai,jeudi,17:30,69,69256,0,0,2,3,3,1,1,4,1,01,1,1,000,038,1,0,1,4,1,9,5,1,2,00,2,7,19,201000041505A01,7,1,1
201000041523,2010-08-03,2010,août,mardi,19:45,69,69256,0,0,2,1,6,1,1,4,2,02,1,1,000,000,1,0,5,3,1,51,5,1,2,01,0,2,1,201000041523A01,,,
201000041529,2010-09-06,2010,septembre,lundi,91:5,69,69256,45.7493,4.9339,2,1,3,1,1,4,-1,00,1,-1,000,000,1,0,0,4,2,40,0,1,2,00,2,0,0,201000041529B01,7,16,1
201000041559,2010-01-17,2010,janvier,dimanche,13:25,69,69259,0,0,2,3,3,1,1,4,3,04,2,1,020,110,2,0,1,4,1,52,5,1,2,00,2,1,0,201000041559A01,7,15,1
201000041571,2010-03-01,2010,mars,lundi,17:35,69,69199,0,0,2,3,1,1,1,4,2,02,2,1,000,000,1,0,1,4,1,10,5,1,2,00,2,1,0,201000041571B01,7,15,1
201000041571,2010-03-01,2010,mars,lundi,17:35,69,69199,0,0,2,3,1,1,1,4,2,02,2,1,000,000,1,0,1,4,1,11,5,1,2,00,2,1,0,201000041571B01,7,15,1
201000041590,2010-04-22,2010,avril,jeudi,81:0,69,69259,0,0,2,3,3,1,1,4,2,00,1,1,000,038,-1,1,1,4,1,24,0,1,2,00,2,1,0,201000041590B01,7,1,1
201000041608,2010-06-04,2010,juin,vendredi,17:40,69,69259,0,0,2,1,5,1,1,4,2,04,1,1,000,044,1,0,1,4,1,17,0,1,2,00,2,8,19,201000041608B01,7,9/15,2
201000041628,2010-07-21,2010,juillet,mercredi,17:40,69,69199,0,0,2,1,3,1,1,4,2,02,-1,-1,000,070,1,0,1,4,1,31,1,1,4,00,2,1,2,201000041628B01,7,24,1
201000041709,2010-09-11,2010,septembre,samedi,17:25,69,69264,0,0,2,1,3,1,1,3,3,04,1,1,000,000,1,0,1,3,1,68,0,1,2,00,0,7,3,201000041709B01,7,1,1
201000041743,2010-04-20,2010,avril,mardi,82:5,69,69266,0,0,2,3,3,1,1,4,2,03,1,1,010,090,1,0,1,4,1,40,1,1,9,00,2,1,9,201000041743A01,2,1,1
201000041747,2010-05-07,2010,mai,vendredi,18:15,69,69266,0,0,2,3,6,1,1,4,2,00,1,1,000,000,1,0,1,4,1,22,0,1,2,00,4,1,1,201000041747B01,40,1,1
201000041759,2010-06-03,2010,juin,jeudi,75:5,69,69266,0,0,2,3,3,1,1,4,1,01,1,2,000,080,1,0,5,4,1,43,9,1,9,00,2,1,1,201000041759B01,7,23,1
201000041767,2010-06-30,2010,juin,mercredi,17:50,69,69266,0,0,2,1,6,1,1,4,2,04,1,1,000,120,1,2,1,4,1,42,1,1,9,00,2,4,1,201000041767B01,33,1,1
201000041768,2010-06-08,2010,juin,mardi,15:10,69,69266,0,0,2,1,3,1,1,4,2,02,1,1,000,065,1,0,1,4,1,45,5,1,9,01,2,1,1,201000041768B01,7,22,1
201000041769,2010-07-07,2010,juillet,mercredi,13:10,69,69266,0,0,2,3,6,1,1,4,2,02,1,1,000,057,1,0,1,4,1,21,4,1,2,00,2,7,1,201000041769B01,7,15,1
201000041793,2010-09-28,2010,septembre,mardi,84:5,69,69266,0,0,2,2,6,1,1,4,2,02,1,1,000,000,1,0,1,4,1,36,0,1,2,00,2,1,1,201000041793B01,7,1,1
201000041794,2010-10-01,2010,octobre,vendredi,15:50,69,69266,0,0,2,3,3,1,1,4,2,02,1,1,000,000,1,0,0,3,1,15,2,1,2,00,2,1,0,201000041794B01,33,1,1
201000041802,2010-10-26,2010,octobre,mardi,11:55,69,69266,0,0,2,6,3,1,1,4,2,02,1,2,000,089,1,0,1,3,1,32,1,1,2,00,2,1,1,201000041802A01,7,1,1
201000041817,2010-12-04,2010,décembre,samedi,18:40,69,69266,0,0,2,2,6,5,2,4,2,02,1,1,000,000,1,0,1,4,1,28,0,1,2,00,2,1,1,201000041817A01,7,15,1
201000041819,2010-01-29,2010,janvier,vendredi,16:45,69,69275,0,0,2,1,3,1,1,4,2,02,1,1,000,045,1,0,0,4,1,43,5,1,2,00,2,1,0,201000041819B01,7,15,1
201000041825,2010-04-16,2010,avril,vendredi,21:10,69,69275,0,0,2,6,3,5,1,4,1,02,1,3,000,084,1,5,1,3,1,52,1,1,9,00,2,7,5,201000041825B01,7,0,1
201000041846,2010-06-04,2010,juin,vendredi,15:22,69,69282,0,0,2,3,3,1,1,4,2,03,1,1,030,060,1,0,1,4,1,56,5,1,2,00,2,8,2,201000041846V01,7,9,1
201000041869,2010-03-02,2010,mars,mardi,19:30,69,69290,0,0,2,3,1,5,1,4,1,01,1,1,000,050,1,0,1,4,1,37,5,1,4,00,2,1,1,201000041869B01,7,15,1
201000041895,2010-07-04,2010,juillet,dimanche,19:30,69,69290,0,0,2,6,3,1,1,4,2,02,4,3,000,071,1,0,1,4,1,54,5,1,4,00,2,2,18,201000041895A01,7,1,1
201000041914,2010-09-12,2010,septembre,dimanche,17:10,69,69290,0,0,2,1,3,1,1,4,3,02,2,1,000,000,1,4,4,4,2,11,5,1,2,00,2,1,1,201000041914A01,7,16,1
201000041923,2010-10-02,2010,octobre,samedi,18:30,69,69290,0,0,2,2,3,1,1,4,2,02,1,1,000,000,1,0,1,4,1,79,5,1,9,00,2,1,1,201000041923A01,7,1,1
201000041972,2010-01-31,2010,janvier,dimanche,5:,71,71076,0,0,2,3,3,5,1,2,2,02,1,1,000,106,1,0,1,3,1,19,1,1,2,00,2,1,19,201000041972A01,7,1,1
201000041986,2010-07-06,2010,juillet,mardi,74:0,71,71445,0,0,1,9,3,2,1,3,1,02,1,3,000,036,1,0,1,3,1,54,1,1,9,00,0,8,2,201000041986B01,7,2,1
201000041996,2010-09-22,2010,septembre,mercredi,13:40,71,71445,0,0,2,3,3,1,1,4,2,02,1,1,000,071,1,0,1,4,1,60,5,1,2,00,2,7,1,201000041996B01,7,16,1
201000042023,2010-03-14,2010,mars,dimanche,16:45,71,71153,0,0,2,1,6,1,1,4,2,02,1,1,000,000,1,0,0,4,1,67,5,1,2,00,2,7,1,201000042023B01,7,17,1
201000042067,2010-04-29,2010,avril,jeudi,11:10,71,71270,0,0,2,1,3,1,1,4,2,02,1,3,000,000,1,0,1,3,1,37,1,1,9,00,2,8,1,201000042067B01,7,1,1
201000042105,2010-06-01,2010,juin,mardi,17:20,71,71306,0,0,2,2,3,1,1,4,2,02,1,1,000,064,1,0,1,3,1,12,5,1,9,00,2,1,15,201000042105A01,7,1,1
201000042112,2010-10-08,2010,octobre,vendredi,16:45,71,71306,0,0,2,1,3,1,1,4,3,04,1,1,040,142,1,0,1,3,1,14,3,1,9,00,2,1,19,201000042112B01,7,1,1
201000042120,2010-01-05,2010,janvier,mardi,16:00,72,72181,0,0,2,1,6,1,1,3,2,02,1,1,000,000,1,0,1,3,1,67,5,1,2,00,0,1,1,201000042120B01,14,16,1
201000042128,2010-01-26,2010,janvier,mardi,10:12,72,72181,0,0,2,5,3,1,1,4,3,02,1,3,000,000,1,0,1,4,2,36,4,1,9,00,0,6,15,201000042128B01,7,16,1
201000042153,2010-03-05,2010,mars,vendredi,23:40,72,72181,0,0,2,2,3,5,1,4,-1,01,1,1,000,000,1,4,0,4,1,21,5,1,9,00,2,1,1,201000042153A01,7,1,1
201000042181,2010-04-28,2010,avril,mercredi,17:45,72,72181,0,0,2,1,3,1,1,4,2,02,3,1,000,000,1,0,1,3,1,22,2,1,9,00,2,1,19,201000042181A01,7,1,1
201000042187,2010-05-14,2010,mai,vendredi,11:35,72,72181,0,0,2,1,6,1,1,9,2,02,2,1,000,000,1,0,1,4,1,21,0,1,9,00,2,1,1,201000042187B01,7,20,1
201000042189,2010-05-20,2010,mai,jeudi,82:0,72,72181,0,0,2,2,3,1,1,9,2,02,1,1,000,000,1,0,1,3,2,48,0,1,9,00,0,1,1,201000042189B01,7,15,1
201000042238,2010-09-02,2010,septembre,jeudi,65:0,72,72181,0,0,2,2,6,2,1,4,2,02,1,1,000,080,1,0,1,4,1,53,0,1,9,00,2,8,1,201000042238B01,7,15,1
201000042243,2010-09-05,2010,septembre,dimanche,11:35,72,72181,0,0,2,3,3,1,1,4,2,02,1,1,000,000,1,0,1,4,2,60,0,1,9,00,0,1,15,201000042243B01,7,1,1
201000042246,2010-09-08,2010,septembre,mercredi,17:15,72,72181,0,0,2,1,6,1,1,5,-1,01,1,1,000,000,1,0,0,3,1,7,5,1,9,00,0,0,0,201000042246B01,7,0,1
201000042264,2010-09-22,2010,septembre,mercredi,55:0,72,72181,0,0,2,3,3,1,1,4,2,02,1,1,000,000,1,0,0,4,1,25,0,1,9,00,0,7,1,201000042264B01,7,15,1
201000042265,2010-09-22,2010,septembre,mercredi,16:00,72,72181,0,0,2,3,3,1,1,4,1,01,1,1,000,000,1,0,0,4,1,84,5,1,9,00,2,1,1,201000042265B01,7,15,1
201000042282,2010-10-18,2010,octobre,lundi,15:18,72,72181,0,0,2,1,3,1,1,4,2,02,1,1,000,000,1,0,1,3,1,6,5,1,9,00,0,0,19,201000042282B01,7,1,1
201000042332,2010-12-15,2010,décembre,mercredi,10:30,72,72181,0,0,2,2,3,1,1,4,2,03,1,1,000,000,1,0,5,3,1,78,0,1,9,00,2,1,1,201000042332B01,14,16,1
201000042333,2010-12-16,2010,décembre,jeudi,12:05,72,72181,0,0,2,1,3,1,1,4,2,04,1,1,000,000,9,2,1,3,1,53,0,1,9,12,2,1,1,201000042333B01,7,17,1
201000042345,2010-07-10,2010,juillet,samedi,11:41,73,73008,0,0,2,1,2,1,1,4,2,02,1,1,000,095,1,0,1,4,1,62,5,1,9,00,0,4,15,201000042345A01,33,1,1
201000042346,2010-07-28,2010,juillet,mercredi,11:46,73,73008,0,0,2,6,3,1,1,3,4,02,1,2,034,110,1,5,1,2,2,67,5,1,9,00,9,0,1,201000042346B01,14,1,1
201000042347,2010-08-13,2010,août,vendredi,91:2,73,73008,0,0,2,2,3,1,1,4,2,02,1,1,000,070,1,0,1,4,1,12,5,1,4,00,2,6,19,201000042347B01,7,1,1
201000042349,2010-12-14,2010,décembre,mardi,85:5,73,73008,0,0,2,6,3,1,1,3,2,04,1,1,020,110,1,5,1,4,1,78,5,1,4,00,2,1,1,201000042349B01,7,9,1
201000042360,2010-03-17,2010,mars,mercredi,10:15,73,73065,0,0,2,6,3,1,1,4,2,02,1,1,000,070,1,5,0,3,1,80,3,1,2,00,2,3,16,201000042360B02,7,12,1
201000042366,2010-05-08,2010,mai,samedi,15:25,73,73065,0,0,2,1,6,1,1,3,2,02,1,1,000,060,1,0,4,3,2,11,5,1,2,00,2,7,1,201000042366B02,2,1,1
201000042373,2010-07-02,2010,juillet,vendredi,14:10,73,73065,0,0,2,6,6,1,1,4,2,02,1,1,000,060,1,5,0,3,2,62,0,1,2,00,2,2,1,201000042373B01,7,22,1
201000042390,2010-05-17,2010,mai,lundi,12:00,74,74010,0,0,2,7,6,1,1,4,2,02,1,1,000,050,1,0,0,4,1,20,9,1,2,00,0,1,1,201000042390B01,7,16,1
201000042395,2010-06-23,2010,juin,mercredi,11:55,74,74010,0,0,2,3,6,1,1,3,2,04,1,1,000,140,1,0,1,4,2,28,9,1,2,00,0,1,1,201000042395B01,7,1,1
201000042402,2010-08-10,2010,août,mardi,82:0,74,74010,0,0,2,3,6,1,1,4,2,02,1,1,000,000,1,0,0,3,1,73,3,1,9,00,2,8,19,201000042402B01,7,1,1
201000042427,2010-04-13,2010,avril,mardi,13:55,74,74133,0,0,2,3,3,1,1,4,2,02,1,1,000,060,1,0,1,3,1,55,5,1,9,00,2,1,19,201000042427A01,10,2,1
201000042430,2010-05-19,2010,mai,mercredi,17:00,74,74012,0,0,2,1,2,1,7,3,3,00,1,1,010,060,1,0,1,3,1,16,5,1,2,00,2,1,2,201000042430A01,7,2,1
201000042453,2010-08-22,2010,août,dimanche,13:55,74,74281,0,0,2,1,1,1,1,4,2,02,1,1,000,000,1,0,1,4,1,14,5,1,9,00,0,1,9,201000042453A01,7,0,1
201000042491,2010-05-14,2010,mai,vendredi,10:00,76,76217,0,0,2,1,3,1,1,4,1,02,1,1,000,070,1,0,1,4,1,47,5,1,2,00,2,1,1,201000042491B01,7,9,1
201000042494,2010-05-19,2010,mai,mercredi,23:10,76,76217,0,0,2,3,3,5,1,3,2,04,2,1,000,132,1,0,1,4,1,17,0,1,2,00,2,1,1,201000042494A01,7,1,1
201000042494,2010-05-19,2010,mai,mercredi,23:10,76,76217,0,0,2,3,3,5,1,3,2,04,2,1,000,132,1,0,1,1,1,17,9,1,2,00,2,1,1,201000042494A01,7,1,1
201000042511,2010-07-20,2010,juillet,mardi,10:35,76,76217,0,0,2,1,2,1,1,4,2,01,1,1,000,075,1,0,1,4,1,19,5,1,2,00,2,1,1,201000042511A01,7,23,1
201000042531,2010-11-08,2010,novembre,lundi,94:5,76,76217,0,0,2,3,3,1,3,4,1,02,1,1,000,064,2,0,0,4,1,53,5,1,2,00,2,2,1,201000042531B01,7,1,1
201000042563,2010-07-26,2010,juillet,lundi,1:,76,76259,0,0,2,1,6,5,1,4,2,02,1,1,000,000,1,0,4,3,1,42,5,1,2,12,0,1,0,201000042563A01,,,
201000042575,2010-01-25,2010,janvier,lundi,13:40,76,76351,0,0,2,3,6,1,1,4,2,03,1,1,000,240,1,0,1,3,1,55,1,1,2,00,2,1,19,201000042575B01,14,16,1