Num_Acc,date,an,mois,jour,hrmn,dep,com,lat,long,agg,int,col,lum,atm,catr,circ,nbv,prof,plan,lartpc,larrout,surf,infra,situ,grav,sexe,age,trajet,secuexist,equipement,obs,obsm,choc,manv,vehiculeid,typevehicules,manoeuvehicules,numVehicules
201000042616,2010-04-12,2010,avril,lundi,21:20,76,76351,0,0,2,3,3,2,1,4,2,02,1,1,000,057,1,0,1,3,1,39,1,1,2,00,2,1,1,201000042616B01,7,15,1
201000042653,2010-06-03,2010,juin,jeudi,73:0,76,76351,0,0,2,3,3,1,1,4,1,02,1,1,000,110,1,0,1,3,1,59,1,1,2,00,2,1,1,201000042653B01,10,1,1
201000042667,2010-06-25,2010,juin,vendredi,20:45,76,76351,0,0,2,1,2,1,1,4,2,04,1,1,000,120,1,0,1,4,1,29,0,1,9,00,2,4,1,201000042667B01,7,1,1
201000042676,2010-07-03,2010,juillet,samedi,12:00,76,76351,0,0,2,1,6,1,1,4,2,02,1,1,000,120,1,0,1,3,1,26,1,1,2,01,0,1,1,201000042676B01,7,22,1
201000042681,2010-07-07,2010,juillet,mercredi,16:40,76,76351,0,0,2,6,5,1,1,4,1,02,1,2,000,075,1,0,1,3,1,22,5,1,4,00,2,4,1,201000042681C01,7,9/1,2
201000042712,2010-08-18,2010,août,mercredi,14:45,76,76351,0,0,2,1,7,1,1,4,2,02,4,1,000,060,1,0,1,3,1,17,5,1,2,00,0,0,1,201000042712A01,,,
201000042716,2010-09-02,2010,septembre,jeudi,50:,76,76351,49.48995,0.12595,2,1,6,4,1,4,2,02,1,-1,000,315,1,0,1,3,1,27,5,1,2,00,2,1,0,201000042716B01,7,0,1
201000042728,2010-09-20,2010,septembre,lundi,17:40,76,76351,0,0,2,1,6,1,1,4,2,02,1,1,000,090,1,0,1,3,1,21,1,1,9,00,2,7,19,201000042728B01,7,15,1
201000042733,2010-10-01,2010,octobre,vendredi,17:50,76,76351,0,0,2,1,7,1,1,3,2,01,1,1,000,120,1,0,1,4,2,26,0,1,9,00,0,1,1,201000042733A01,,,
201000042752,2010-11-04,2010,novembre,jeudi,16:35,76,76351,0,0,2,1,6,1,1,4,2,05,1,1,010,171,1,0,1,1,1,48,0,1,9,00,1,1,0,201000042752A01,,,
201000042761,2010-11-18,2010,novembre,jeudi,17:40,76,76351,0,0,2,1,6,2,2,4,1,03,1,1,000,000,2,2,1,4,1,35,0,1,9,00,2,1,19,201000042761B01,7,1,1
201000042769,2010-11-26,2010,novembre,vendredi,85:0,76,76351,0,0,2,1,6,1,1,4,2,04,1,1,000,000,2,0,1,4,1,35,1,1,9,00,2,3,19,201000042769B01,7,1,1
201000042771,2010-11-29,2010,novembre,lundi,18:15,76,76351,0,0,2,1,6,5,4,4,2,02,1,1,000,000,2,0,1,4,1,14,5,1,9,00,2,3,19,201000042771B01,7,1,1
201000042773,2010-12-02,2010,décembre,jeudi,19:00,76,76351,0,0,2,3,3,5,1,4,2,02,2,1,000,070,1,0,1,4,1,43,5,1,2,00,2,1,1,201000042773B01,7,15,1
201000042784,2010-12-28,2010,décembre,mardi,22:00,76,76351,0,0,1,3,6,5,2,4,3,02,1,1,010,066,2,0,1,4,1,38,5,1,4,00,2,0,1,201000042784B01,17,1,1
201000042799,2010-09-30,2010,septembre,jeudi,18:15,76,76351,0,0,2,1,6,1,1,4,2,02,1,1,000,000,1,0,5,4,1,64,5,1,9,00,2,1,0,201000042799B01,7,0,1
201000042822,2010-02-01,2010,février,lundi,17:35,76,76540,0,0,2,1,6,5,1,3,2,02,1,1,000,060,1,0,1,4,1,36,1,1,2,00,2,2,1,201000042822B01,10,15,1
201000042837,2010-02-24,2010,février,mercredi,17:20,76,76216,0,0,2,1,3,1,2,4,2,02,1,1,000,053,2,0,1,3,1,41,0,1,2,00,2,8,15,201000042837A01,30,1,1
201000042851,2010-03-19,2010,mars,vendredi,17:35,76,76451,0,0,2,1,5,1,3,4,2,02,2,3,025,059,2,0,1,3,1,24,5,1,2,00,0,0,0,201000042851A01,7/ 37,0/1,2
201000042854,2010-04-03,2010,avril,samedi,16:10,76,76540,0,0,2,2,6,1,1,2,-1,04,-1,-1,000,060,-1,0,1,4,1,36,0,1,2,00,2,8,19,201000042854A01,33/ 7,1/2,2
201000042884,2010-04-26,2010,avril,lundi,83:0,76,76429,0,0,1,1,3,1,1,4,2,01,1,1,000,000,1,0,1,4,1,15,2,1,9,01,2,0,1,201000042884B01,7,22,1
201000042945,2010-06-28,2010,juin,lundi,16:50,76,76681,0,0,2,1,3,1,1,4,1,01,1,1,000,040,1,4,1,4,2,11,0,1,2,00,0,1,15,201000042945A01,40,19,1
201000042963,2010-06-26,2010,juin,samedi,11:00,76,76319,0,0,2,1,1,1,9,4,2,00,1,4,000,060,1,0,1,4,1,60,5,1,2,00,0,0,5,201000042963A01,31,0,1
201000042972,2010-07-10,2010,juillet,samedi,10:30,76,76474,0,0,2,1,6,1,1,4,2,01,1,1,000,060,1,0,1,4,1,15,5,1,9,00,2,1,1,201000042972B01,7,1,1
201000042973,2010-07-16,2010,juillet,vendredi,16:10,76,76322,0,0,2,1,3,1,1,4,1,02,1,2,000,000,1,0,1,4,1,37,5,1,2,00,2,0,0,201000042973B01,7,16,1
201000042974,2010-07-13,2010,juillet,mardi,16:10,76,76322,49.39775,1.05592,2,1,3,1,1,4,1,02,1,2,000,000,1,0,1,4,1,37,5,1,2,00,2,0,0,201000042974B01,7,16,1
201000042979,2010-07-19,2010,juillet,lundi,94:0,76,76108,0,0,2,1,3,1,1,3,2,02,1,3,000,050,1,0,1,4,1,78,5,1,2,00,2,1,1,201000042979B01,7,15,1
201000043001,2010-06-27,2010,juin,dimanche,18:00,76,76484,0,0,2,1,2,1,1,4,-1,01,1,1,000,300,1,6,4,3,1,10,5,1,9,00,2,1,1,201000043001B01,30,1,1
201000043026,2010-09-16,2010,septembre,jeudi,16:50,76,76498,0,0,2,1,3,1,1,4,2,02,1,1,000,000,1,0,1,4,1,12,5,1,9,00,2,4,19,201000043026B01,7,1,1
201000043026,2010-09-16,2010,septembre,jeudi,16:50,76,76498,0,0,2,1,3,1,1,4,2,02,1,1,000,000,1,0,1,4,1,12,5,1,9,00,2,4,19,201000043026B01,7,1,1
201000043036,2010-10-02,2010,octobre,samedi,14:10,76,76540,0,0,2,1,3,1,2,4,2,03,1,1,000,090,2,0,1,4,2,27,9,1,9,00,2,1,1,201000043036B01,37,15,1
201000043057,2010-10-28,2010,octobre,jeudi,12:55,76,76322,49.41433,1.03776,2,3,6,1,9,4,2,02,2,1,000,050,1,0,1,3,2,12,4,1,9,00,2,1,19,201000043057A01,7,1,1
201000043075,2010-11-24,2010,novembre,mercredi,20:25,76,76540,49.4432,1.07789,2,1,3,5,8,4,1,02,1,1,000,050,2,0,1,4,1,19,5,1,2,00,2,1,19,201000043075B01,7,1,1
201000043082,2010-10-11,2010,octobre,lundi,61:0,76,76108,49.45357,1.10444,2,1,3,5,1,3,2,02,2,1,000,100,1,0,1,4,1,37,1,1,2,00,2,1,21,201000043082B01,7,10,1
201000043104,2010-04-11,2010,avril,dimanche,12:40,77,77479,0,0,1,1,6,1,1,5,-1,00,1,1,000,025,1,0,0,1,2,22,5,1,4,00,1,1,1,201000043104A01,,,
201000043104,2010-04-11,2010,avril,dimanche,12:40,77,77479,0,0,1,1,6,1,1,5,-1,00,1,1,000,025,1,0,0,4,2,47,4,1,9,00,1,1,1,201000043104A01,,,
201000043104,2010-04-11,2010,avril,dimanche,12:40,77,77479,0,0,1,1,6,1,1,5,-1,00,1,1,000,025,1,0,0,4,2,62,5,1,9,00,1,1,1,201000043104A01,,,
201000043107,2010-05-20,2010,mai,jeudi,90:0,77,77108,0,0,2,1,6,1,1,4,2,02,1,1,010,060,1,0,1,3,2,25,1,1,9,00,2,8,1,201000043107B01,7,1,1
201000043145,2010-06-18,2010,juin,vendredi,19:30,77,77018,0,0,2,1,6,1,1,4,2,02,1,1,000,048,1,0,1,3,2,6,5,1,2,00,0,8,9,201000043145B01,7,1,1
201000043145,2010-06-18,2010,juin,vendredi,19:30,77,77018,0,0,2,1,6,1,1,4,2,02,1,1,000,048,1,0,1,4,2,10,5,1,2,00,0,8,9,201000043145C01,7,1,1
201000043179,2010-06-09,2010,juin,mercredi,17:30,77,77131,0,0,2,3,3,1,2,3,2,01,1,1,000,000,2,0,5,4,2,35,1,1,2,00,0,1,0,201000043179B01,10,0,1
201000043190,2010-07-16,2010,juillet,vendredi,11:40,77,77131,0,0,2,1,3,1,1,3,2,01,1,1,000,000,1,0,4,4,1,16,5,1,2,00,2,7,2,201000043190B01,7,2,1
201000043194,2010-07-25,2010,juillet,dimanche,16:30,77,77131,0,0,2,3,6,1,1,4,2,01,1,1,000,050,1,0,1,4,2,11,5,1,2,00,2,8,15,201000043194B01,7,21,1
201000043198,2010-08-05,2010,août,jeudi,14:55,77,77131,0,0,2,1,3,1,1,4,-1,00,1,1,000,060,1,0,5,4,1,32,5,1,9,00,2,5,1,201000043198B01,10,23,1
201000043207,2010-09-28,2010,septembre,mardi,80:0,77,77433,0,0,1,2,3,1,1,4,2,00,-1,-1,000,000,-1,0,1,3,1,32,9,1,2,00,0,0,0,201000043207B01,7,9,1
201000043231,2010-02-22,2010,février,lundi,10:40,77,77186,0,0,1,1,2,1,1,3,2,02,1,2,000,060,1,0,1,3,1,22,5,1,2,00,2,8,1,201000043231B01,7,1,1
201000043237,2010-04-21,2010,avril,mercredi,94:0,77,77186,0,0,1,1,2,1,1,4,2,02,1,1,000,060,1,0,1,3,1,64,5,1,2,00,2,4,2,201000043237B01,7,2,1
201000043246,2010-06-24,2010,juin,jeudi,21:40,77,77014,0,0,2,1,7,5,1,4,1,01,1,1,000,000,1,0,1,3,1,47,0,1,2,12,0,0,1,201000043246A01,,,
201000043252,2010-07-20,2010,juillet,mardi,95:5,77,77186,0,0,1,1,2,1,1,3,2,01,2,4,000,000,1,0,1,1,1,55,5,1,2,00,2,4,2,201000043252B01,1,2,1
201000043252,2010-07-20,2010,juillet,mardi,95:5,77,77186,0,0,1,1,2,1,1,3,2,01,2,4,000,000,1,0,1,3,1,67,5,1,2,00,2,2,2,201000043252A01,1,2,1
201000043253,2010-07-28,2010,juillet,mercredi,12:40,77,77533,0,0,2,1,7,1,1,4,2,02,1,1,000,000,1,0,4,3,2,41,5,1,2,00,0,0,1,201000043253A01,,,
201000043260,2010-09-11,2010,septembre,samedi,20:45,77,77186,0,0,1,1,2,2,1,3,3,01,1,1,000,000,1,0,1,2,1,50,0,1,4,00,2,6,1,201000043260B01,7,1,1
201000043264,2010-10-31,2010,octobre,dimanche,11:20,77,77037,0,0,2,1,6,1,1,4,2,02,1,1,000,000,1,0,1,3,1,70,5,1,2,01,0,1,1,201000043264A01,,,
201000043270,2010-11-30,2010,novembre,mardi,11:10,77,77186,0,0,2,1,2,1,8,4,2,02,1,1,000,075,1,0,1,4,2,59,1,1,2,00,2,4,2,201000043270B01,7,2,1
201000043271,2010-11-30,2010,novembre,mardi,21:35,77,77014,0,0,2,6,3,5,1,4,1,01,1,1,000,000,1,0,5,3,1,47,1,1,2,12,2,1,1,201000043271B01,7,9,1
201000043274,2010-06-07,2010,juin,lundi,10:50,77,77464,0,0,2,1,2,1,1,3,2,00,1,1,000,000,1,0,1,2,1,65,0,1,9,00,2,1,2,201000043274B01,7,2,1
201000043278,2010-11-28,2010,novembre,dimanche,64:5,77,77085,0,0,1,1,6,3,1,3,2,00,1,1,000,000,1,0,0,2,1,44,1,1,4,00,0,8,0,201000043278B01,7,17,1
201000043304,2010-06-05,2010,juin,samedi,23:55,77,77284,0,0,2,1,2,5,1,4,3,04,1,1,010,120,1,0,1,4,1,32,5,1,2,12,0,4,1,201000043304B01,3,2,1
201000043328,2010-12-30,2010,décembre,jeudi,17:30,77,77255,0,0,1,1,2,3,8,3,2,02,1,1,000,071,1,0,1,3,1,49,0,1,2,00,0,4,1,201000043328B01,7,1,1
201000043346,2010-04-18,2010,avril,dimanche,21:25,77,77255,0,0,1,1,2,3,1,3,3,02,1,-1,000,066,1,0,1,3,1,58,0,1,4,00,0,6,2,201000043346B01,31,2,1
201000043373,2010-09-14,2010,septembre,mardi,15:40,77,77285,0,0,2,1,6,1,1,4,2,02,-1,-1,000,000,-1,0,1,4,1,19,5,1,2,00,2,0,0,201000043373A01,30,0,2
201000043373,2010-09-14,2010,septembre,mardi,15:40,77,77285,0,0,2,1,6,1,1,4,2,02,-1,-1,000,000,-1,0,1,4,2,16,5,1,2,00,2,0,0,201000043373A01,30,0,2
201000043384,2010-11-08,2010,novembre,lundi,13:00,77,77407,0,0,2,1,7,1,3,4,-1,01,2,3,000,027,2,1,1,2,2,45,2,1,9,06,0,0,0,201000043384A01,99,0,1
201000043430,2010-04-14,2010,avril,mercredi,15:15,77,77114,0,0,1,1,7,1,1,3,3,02,1,1,000,080,9,0,3,3,1,73,5,1,9,00,0,0,0,201000043430A01,,,
201000043452,2010-11-19,2010,novembre,vendredi,18:05,77,77180,0,0,1,1,6,3,1,4,2,02,1,1,000,050,1,0,1,3,1,25,0,1,9,00,2,0,0,201000043452B01,7,0,1
201000043454,2010-11-23,2010,novembre,mardi,18:30,77,77122,0,0,2,6,1,5,1,4,1,01,1,2,055,050,1,0,1,3,1,38,5,1,2,00,0,3,9,201000043454A01,30,15,1
201000043499,2010-01-05,2010,janvier,mardi,11:40,77,77146,0,0,2,6,3,1,9,3,-1,02,1,2,000,000,9,0,1,3,1,46,5,1,2,00,2,7,2,201000043499B01,7,1,1
201000043500,2010-01-02,2010,janvier,samedi,71:0,77,77468,0,0,2,2,3,5,1,3,2,02,1,1,000,000,1,5,1,3,1,21,1,1,9,00,2,1,1,201000043500B01,7,1,1
201000043508,2010-06-03,2010,juin,jeudi,12:50,77,77468,0,0,2,9,3,1,1,3,2,02,1,-1,000,000,1,0,1,4,1,41,0,1,2,00,0,7,0,201000043508B01,33,0,1
201000043516,2010-08-17,2010,août,mardi,14:00,77,77468,0,0,2,3,3,1,8,4,2,02,2,2,000,030,-1,5,1,3,1,30,5,1,2,00,2,7,1,201000043516A01,7,15,1
201000043526,2010-10-07,2010,octobre,jeudi,16:40,77,77146,0,0,2,3,3,1,7,4,2,02,1,-1,000,060,1,0,1,3,1,63,5,1,9,00,2,6,19,201000043526B01,7,1,1
201000043547,2010-04-05,2010,avril,lundi,12:15,77,77249,0,0,2,4,3,1,1,4,2,02,1,3,000,000,1,0,1,4,2,8,5,1,2,00,2,8,19,201000043547B01,33,15,1
201000043553,2010-05-17,2010,mai,lundi,17:40,77,77350,0,0,2,1,3,1,1,4,1,01,1,1,000,035,1,0,1,4,1,15,2,1,8,00,0,0,0,201000043553B01,7,0,1
201000043563,2010-08-09,2010,août,lundi,14:35,77,77373,0,0,2,1,1,1,1,4,2,01,1,1,000,067,1,0,1,3,1,27,0,1,2,00,2,3,1,201000043563B01,10,20,1
201000043572,2010-10-25,2010,octobre,lundi,15:30,77,77390,0,0,2,1,3,1,1,4,2,02,1,3,000,040,1,0,1,3,1,12,5,1,2,00,2,2,9,201000043572A01,7,0,1
201000043592,2010-05-24,2010,mai,lundi,15:20,77,77514,0,0,2,1,1,1,1,9,-1,01,2,-1,000,025,1,0,5,3,1,77,5,1,9,00,9,1,1,201000043592A01,1,1,1
201000043592,2010-05-24,2010,mai,lundi,15:20,77,77514,0,0,2,1,1,1,1,9,-1,01,2,-1,000,025,1,0,5,3,2,38,5,1,9,00,9,1,1,201000043592B01,1,1,1
201000043594,2010-07-08,2010,juillet,jeudi,19:25,77,77514,0,0,1,9,5,1,1,2,1,02,1,3,000,080,1,0,1,1,1,22,5,1,9,00,0,0,9,201000043594D01,7,2/24,3
201000043616,2010-06-07,2010,juin,lundi,16:40,78,78015,48.9919,2.06001,1,1,6,1,1,3,2,02,2,1,000,070,1,0,1,2,1,60,5,1,2,12,0,1,1,201000043616A01,,,
201000043621,2010-10-20,2010,octobre,mercredi,12:10,78,78172,0,0,1,4,3,1,1,2,1,01,2,1,000,042,1,3,1,2,1,65,5,1,2,00,2,8,12,201000043621B01,15,16,1
201000043624,2010-09-21,2010,septembre,mardi,18:59,78,78172,0,0,2,2,3,2,1,4,2,02,1,1,000,070,1,5,1,4,2,75,3,1,9,00,2,7,1,201000043624B01,7,9,1
201000043652,2010-10-30,2010,octobre,samedi,15:40,78,78168,0,0,2,1,6,1,8,2,3,02,1,1,000,000,1,5,1,4,1,79,5,1,9,00,2,8,0,201000043652B01,7,9,1
201000043662,2010-01-29,2010,janvier,vendredi,81:5,78,78423,48.7638,2.03628,2,1,3,1,2,4,1,02,1,1,000,000,2,0,1,4,1,13,2,1,3,00,2,8,19,201000043662B01,7,0,1
201000043669,2010-03-23,2010,mars,mardi,10:40,78,78688,48.7624,2.04427,2,2,3,1,1,3,3,02,1,1,000,060,1,0,1,2,1,73,5,1,2,00,2,4,2,201000043669B01,17,0,1
201000043682,2010-06-02,2010,juin,mercredi,19:25,78,78297,48.7754,2.07334,2,6,6,1,1,3,2,00,1,1,000,000,1,6,1,4,1,5,5,1,4,00,2,0,19,201000043682A01,7,1,1
201000043688,2010-07-01,2010,juillet,jeudi,18:20,78,78297,48.7798,2.04364,2,1,3,1,1,4,1,01,1,1,000,063,1,0,1,4,1,13,0,1,2,00,2,7,19,201000043688B01,7,1,1
201000043689,2010-07-07,2010,juillet,mercredi,21:25,78,78423,48.7919,2.03562,2,1,6,2,7,4,-1,00,-1,-1,000,000,1,0,4,4,1,40,1,1,2,12,0,1,1,201000043689A01,,,
201000043691,2010-07-12,2010,juillet,lundi,16:45,78,78688,48.7653,2.05937,2,1,3,1,1,4,2,02,1,1,000,070,1,0,1,4,1,12,5,1,2,00,2,8,19,201000043691B01,7,1,1
201000043697,2010-09-07,2010,septembre,mardi,10:00,78,78423,0,0,2,1,6,1,1,4,2,02,1,1,000,072,1,0,1,4,2,38,4,1,2,01,0,1,1,201000043697B01,7,22,1
201000043699,2010-09-10,2010,septembre,vendredi,16:00,78,78297,0,0,2,1,6,1,1,4,3,02,1,1,000,060,1,0,1,4,1,43,1,1,9,01,0,1,2,201000043699A01,,,
201000043709,2010-10-24,2010,octobre,dimanche,16:00,78,78297,0,0,2,1,6,1,1,4,2,02,-1,-1,000,000,1,0,5,4,1,27,5,1,2,00,2,1,19,201000043709B01,2,3,1
201000043717,2010-03-23,2010,mars,mardi,13:15,78,78311,48.9303,2.2025,2,3,3,1,1,4,2,02,1,1,000,048,1,0,0,4,1,12,0,1,9,00,2,1,1,201000043717A01,7,1,1
201000043733,2010-10-08,2010,octobre,vendredi,17:15,78,78311,0,0,2,1,2,1,1,3,3,01,1,1,022,037,1,0,1,1,1,18,0,1,9,00,0,4,13,201000043733B01,32,2,1
201000043774,2010-05-19,2010,mai,mercredi,12:55,78,78267,48.9894,1.80895,2,1,3,1,1,3,2,02,1,1,000,060,1,6,1,4,1,13,2,1,9,00,0,0,19,201000043774B01,7,1,1
201000043782,2010-06-13,2010,juin,dimanche,11:10,78,78335,48.9797,1.75562,2,6,6,1,1,3,3,02,1,2,000,000,1,5,1,4,1,34,1,1,4,00,2,1,15,201000043782B01,7,9,1
201000043787,2010-07-08,2010,juillet,jeudi,73:0,78,78402,48.9621,1.79866,2,9,6,1,1,3,3,03,1,1,000,000,1,0,1,3,1,39,1,1,9,00,2,1,1,201000043787B01,10,16,1
201000043838,2010-01-06,2010,janvier,mercredi,81:0,78,78299,49.0049,1.90125,2,2,3,2,1,3,2,02,1,1,000,000,1,0,1,4,1,27,3,1,9,00,2,1,19,201000043838B01,7,16,1
201000043860,2010-05-06,2010,mai,jeudi,13:50,78,78440,48.9928,1.90869,2,3,3,1,1,4,1,00,1,1,000,000,1,0,1,4,2,66,3,1,4,00,2,2,19,201000043860A01,7,1,1
201000043863,2010-05-13,2010,mai,jeudi,10:00,78,78638,49.0051,1.96568,2,1,4,1,1,3,2,02,1,1,000,000,1,0,1,3,1,39,5,1,2,00,2,1,1,201000043863B01,7,22,1
201000043863,2010-05-13,2010,mai,jeudi,10:00,78,78638,49.0051,1.96568,2,1,4,1,1,3,2,02,1,1,000,000,1,0,1,3,1,38,5,1,2,00,2,1,1,201000043863C01,7,22,1
201000043875,2010-07-23,2010,juillet,vendredi,12:20,78,78440,48.9837,1.89215,2,6,3,1,1,3,1,02,1,3,000,000,1,0,1,4,1,43,0,1,2,00,2,3,1,201000043875B01,7,14,1
201000043878,2010-08-05,2010,août,jeudi,18:30,78,78440,48.9904,1.90271,2,1,3,1,1,4,2,00,1,1,000,000,1,0,1,4,1,11,5,1,2,00,0,0,19,201000043878B01,7,1,1
201000043886,2010-08-31,2010,août,mardi,19:30,78,78440,49,1.91811,2,3,3,1,1,4,1,01,1,1,000,000,1,6,1,3,1,11,5,1,2,00,2,2,19,201000043886B01,7,1,1
201000043902,2010-11-26,2010,novembre,vendredi,13:00,78,78238,0,0,2,1,2,1,1,4,2,02,2,1,000,000,2,0,1,3,1,60,0,1,9,00,0,4,2,201000043902B01,7,2,1
201000043936,2010-04-07,2010,avril,mercredi,17:10,78,78674,48.8299,1.9954,2,6,3,1,1,3,2,02,1,-1,000,070,1,0,1,4,1,81,5,1,2,00,2,8,1,201000043936B01,7,16,1
201000043949,2010-06-08,2010,juin,mardi,19:45,78,78165,48.8235,1.97587,2,1,2,1,1,4,2,02,1,3,000,054,1,0,1,4,2,12,9,1,2,00,2,0,0,201000043949B01,7,0,1
201000043956,2010-07-08,2010,juillet,jeudi,10:15,78,78674,48.8418,2.00705,1,1,7,1,1,3,2,02,1,1,000,048,1,0,3,4,2,57,5,1,2,00,0,0,21,201000043956B01,7,17,1
201000043957,2010-07-19,2010,juillet,lundi,17:40,78,78165,48.8188,1.98693,2,2,3,1,1,4,2,02,2,1,000,056,1,0,1,4,1,14,5,1,2,00,2,0,15,201000043957B01,7,2,1
201000043959,2010-08-27,2010,août,vendredi,14:55,78,78674,48.8347,2.01061,2,3,3,1,1,4,2,02,1,1,000,060,1,0,1,4,1,12,5,1,2,00,2,4,1,201000043959B01,7,1,1
201000043960,2010-09-05,2010,septembre,dimanche,18:45,78,78490,0,0,2,1,5,1,1,4,2,02,1,1,000,054,1,0,1,4,2,14,5,1,2,00,2,1,0,201000043960A01,7,1,2
201000043960,2010-09-05,2010,septembre,dimanche,18:45,78,78490,0,0,2,1,5,1,1,4,2,02,1,1,000,054,1,0,1,4,1,10,5,1,2,00,2,1,0,201000043960A01,7,1,2
201000043964,2010-10-03,2010,octobre,dimanche,92:0,78,78674,0,0,1,1,7,1,1,3,2,02,2,1,000,068,1,0,1,3,1,61,5,1,2,00,0,1,0,201000043964A01,,,
201000043973,2010-11-19,2010,novembre,vendredi,16:05,78,78165,0,0,2,6,3,1,1,4,3,00,1,1,000,000,1,0,1,4,2,12,2,1,2,00,2,1,1,201000043973B01,7,21,1
201000043974,2010-12-16,2010,décembre,jeudi,80:3,78,78674,0,0,2,3,3,5,2,3,2,02,2,1,030,060,2,0,1,4,1,18,2,1,4,00,2,1,1,201000043974A01,7,15,1
201000043978,2010-01-30,2010,janvier,samedi,19:15,78,78672,48.9349,1.99956,2,2,3,5,1,3,2,02,1,1,000,067,1,0,1,4,1,46,5,1,2,00,2,1,2,201000043978B01,7,15,1
201000043985,2010-03-29,2010,mars,lundi,83:0,78,78642,48.9786,1.97129,2,1,2,1,2,4,1,01,1,1,000,046,2,0,1,4,1,15,2,1,2,00,2,1,9,201000043985A01,7,1,1
201000044001,2010-06-16,2010,juin,mercredi,15:45,78,78624,48.9832,2.00483,2,3,3,1,1,3,2,02,2,2,000,040,1,0,1,3,1,72,0,1,2,00,2,1,16,201000044001A01,7,2,1
201000044058,2010-05-30,2010,mai,dimanche,19:20,78,78624,48.9879,2.00785,2,3,7,1,1,4,-1,01,1,1,000,050,1,0,1,4,1,32,5,1,2,00,0,0,2,201000044058A01,,,
201000044069,2010-07-23,2010,juillet,vendredi,10:15,78,78123,48.9564,2.04264,1,1,2,1,1,3,2,02,3,1,010,090,1,0,1,3,1,67,5,1,2,00,2,1,2,201000044069B01,7,2,1
201000044101,2010-04-18,2010,avril,dimanche,11:00,78,78517,48.623,1.82243,2,6,3,1,1,3,2,02,1,2,024,126,1,5,5,3,1,54,5,1,2,00,2,1,1,201000044101B01,7,9,1
201000044130,2010-02-07,2010,février,dimanche,11:50,78,78242,48.81,2.05091,2,1,6,1,2,4,2,00,1,1,000,000,2,0,1,4,2,12,5,1,1,00,2,1,1,201000044130B01,7,1,1
201000044160,2010-06-04,2010,juin,vendredi,10:10,78,78551,48.9009,2.06354,2,9,3,1,1,2,2,01,1,1,010,090,1,2,5,4,2,18,2,1,2,00,2,6,9,201000044160B01,30,1,1
201000044161,2010-06-22,2010,juin,mardi,11:13,78,78551,48.8997,2.08476,2,3,6,1,1,4,2,02,1,1,000,071,1,0,1,3,2,34,1,1,2,00,2,1,1,201000044161B01,14,16,1
201000044194,2010-04-17,2010,avril,samedi,11:30,78,78586,48.9374,2.15616,2,1,6,1,1,3,2,02,1,1,018,060,1,0,1,4,1,64,5,1,2,01,0,1,1,201000044194B01,7,22,1
201000044198,2010-06-03,2010,juin,jeudi,19:45,78,78586,48.9304,2.16334,2,3,3,1,1,4,2,02,1,-1,000,090,1,0,5,4,1,19,5,1,2,00,2,1,1,201000044198B01,7,15,1
201000044239,2010-10-06,2010,octobre,mercredi,12:35,78,78621,0,0,2,3,6,1,1,3,1,01,1,3,000,041,1,0,1,4,1,30,1,1,2,00,2,1,19,201000044239A01,7,1,1
201000044253,2010-02-24,2010,février,mercredi,17:23,78,78322,48.7698,2.14874,2,1,6,1,8,3,2,02,1,1,000,068,2,0,1,1,1,24,5,1,2,00,1,1,1,201000044253A01,,,
201000044255,2010-03-18,2010,mars,jeudi,71:0,78,78640,48.7833,2.20595,1,6,7,1,1,4,-1,00,-1,-1,000,000,-1,0,0,3,1,45,1,1,2,14,0,0,2,201000044255A01,,,
201000044256,2010-03-22,2010,mars,lundi,12:35,78,78686,48.8038,2.16738,2,1,3,1,1,3,2,02,1,1,000,120,1,0,1,4,2,49,0,1,2,00,2,1,1,201000044256B01,7,4,1
201000044257,2010-03-23,2010,mars,mardi,19:40,78,78686,48.7984,2.16748,2,1,2,5,1,4,2,02,1,1,000,000,1,0,1,3,1,17,5,1,4,00,0,4,2,201000044257B01,7,2,1
201000044261,2010-04-13,2010,avril,mardi,18:40,78,78322,0,0,2,1,3,1,1,3,2,02,1,1,000,000,1,0,1,4,1,21,5,1,2,00,2,8,19,201000044261A01,7,1,1
201000044274,2010-08-22,2010,août,dimanche,10:55,78,78322,48.7649,2.16809,2,3,3,1,1,4,2,02,1,1,000,062,1,0,1,3,1,41,5,1,2,00,2,1,1,201000044274B01,7,15,1
201000044276,2010-06-30,2010,juin,mercredi,95:0,78,78686,48.7993,2.15961,2,1,3,1,1,3,2,02,1,1,000,000,1,0,4,4,2,30,5,1,9,00,2,7,1,201000044276B01,7,9,1
201000044288,2010-01-12,2010,janvier,mardi,17:00,78,78646,48.798,2.12751,2,1,6,1,1,4,1,01,1,1,000,040,1,0,4,1,1,17,5,1,2,00,1,1,1,201000044288A01,,,
201000044293,2010-03-04,2010,mars,jeudi,16:30,78,78646,48.8153,2.12856,2,6,3,1,1,3,3,02,1,3,040,140,1,5,5,3,2,50,1,1,4,00,2,1,19,201000044293B01,7,16,1
201000044317,2010-06-11,2010,juin,vendredi,14:20,78,78646,48.8025,2.15295,2,6,3,1,1,4,2,02,1,1,000,110,1,0,0,4,1,15,0,1,4,00,2,8,19,201000044317B01,7,9,1
201000044329,2010-08-19,2010,août,jeudi,16:45,78,78158,48.8271,2.11634,2,1,3,1,1,4,3,00,1,1,040,140,1,0,1,3,2,5,5,1,2,00,2,4,19,201000044329B01,7,1,1
201000044333,2010-09-13,2010,septembre,lundi,85:0,78,78646,0,0,2,1,3,1,1,3,3,08,1,1,000,100,1,0,1,4,1,28,5,1,2,00,2,1,8,201000044333B01,32,15,1