Num_Acc,date,an,mois,jour,hrmn,dep,com,lat,long,agg,int,col,lum,atm,catr,circ,nbv,prof,plan,lartpc,larrout,surf,infra,situ,grav,sexe,age,trajet,secuexist,equipement,obs,obsm,choc,manv,vehiculeid,typevehicules,manoeuvehicules,numVehicules
201000046541,2010-04-08,2010,avril,jeudi,92:0,88,88160,48.1749,6.45244,2,3,3,1,2,4,1,01,1,1,000,106,2,0,0,3,1,61,5,1,2,00,2,1,1,201000046541B01,7,15,1
201000046546,2010-05-17,2010,mai,lundi,10:30,88,88160,48.1902,6.44849,2,1,6,1,1,3,2,02,2,2,000,080,1,0,1,3,1,56,5,1,9,00,0,0,2,201000046546B01,10,17,1
201000046549,2010-06-23,2010,juin,mercredi,13:20,88,88209,48.1841,6.42646,2,1,6,1,1,4,2,02,1,3,000,050,1,0,1,3,1,6,5,1,9,00,2,0,0,201000046549B01,10,1,1
201000046601,2010-08-08,2010,août,dimanche,18:20,88,88413,48.2905,6.93985,2,1,3,1,1,4,2,02,1,1,000,057,1,0,1,3,1,9,5,1,9,00,2,2,19,201000046601A01,7,1,1
201000046609,2010-11-09,2010,novembre,mardi,11:35,88,88413,48.287,6.94857,2,2,1,1,1,4,2,02,1,1,000,060,1,0,0,3,1,77,3,1,4,00,2,8,1,201000046609B01,7,15,1
201000046634,2010-05-23,2010,mai,dimanche,11:20,89,89024,0,0,2,1,6,1,1,4,2,02,1,2,000,070,1,0,1,3,2,59,5,1,2,00,2,8,1,201000046634B01,7,17,1
201000046644,2010-03-01,2010,mars,lundi,17:00,89,89387,0,0,2,1,2,1,1,4,2,02,1,1,000,050,1,0,1,3,1,16,2,1,9,00,2,6,2,201000046644B01,7,1,1
201000046659,2010-09-07,2010,septembre,mardi,94:0,89,89387,0,0,2,1,2,1,1,4,2,02,1,1,000,060,1,0,1,3,2,37,4,1,2,00,2,4,0,201000046659B01,7,1,1
201000046682,2010-02-01,2010,février,lundi,91:0,90,90010,0,0,2,3,3,1,1,3,1,02,1,1,000,000,5,0,1,4,1,20,5,1,9,00,2,1,1,201000046682A01,7,1,1
201000046693,2010-03-15,2010,mars,lundi,90:5,90,90010,0,0,2,1,6,1,1,3,1,02,-1,-1,000,071,2,0,1,4,2,57,1,1,9,00,0,7,2,201000046693B01,13,2,1
201000046708,2010-04-12,2010,avril,lundi,12:05,90,90010,0,0,2,1,3,1,1,3,2,02,1,1,000,080,1,0,4,4,1,62,0,1,9,00,2,1,1,201000046708B01,7,16,1
201000046713,2010-04-29,2010,avril,jeudi,21:49,90,90010,0,0,2,1,7,5,1,3,1,02,-1,-1,000,060,1,0,1,4,1,31,0,1,9,01,0,0,0,201000046713A01,,,
201000046721,2010-05-25,2010,mai,mardi,18:00,90,90010,0,0,2,1,3,1,1,4,-1,01,1,2,000,000,1,0,5,4,1,44,1,1,2,00,2,1,0,201000046721B01,7,0,1
201000046726,2010-06-01,2010,juin,mardi,11:00,90,90099,0,0,2,1,3,1,1,4,-1,01,1,1,000,061,1,0,1,4,2,56,5,1,9,00,2,2,0,201000046726B01,7,0,1
201000046727,2010-06-01,2010,juin,mardi,11:30,90,90010,0,0,2,1,6,1,1,4,-1,01,2,1,000,000,1,0,1,4,1,33,5,1,9,00,2,0,2,201000046727B01,7,2,1
201000046730,2010-06-09,2010,juin,mercredi,93:8,90,90032,0,0,2,1,2,1,1,3,3,02,1,1,000,080,1,0,1,4,1,82,5,1,2,00,2,4,2,201000046730B01,7,2,1
201000046733,2010-06-12,2010,juin,samedi,11:35,90,90010,0,0,2,1,6,1,1,4,2,02,1,1,000,060,1,0,1,1,1,36,5,1,2,00,0,1,1,201000046733A01,,,
201000046749,2010-07-17,2010,juillet,samedi,91:6,90,90029,0,0,2,1,6,1,1,4,1,01,1,1,000,036,-1,0,1,4,1,80,3,1,2,01,0,1,1,201000046749A01,,,
201000046767,2010-08-26,2010,août,jeudi,17:25,90,90001,0,0,2,1,1,1,1,4,2,02,1,2,000,043,1,0,5,4,1,45,5,1,2,00,2,1,1,201000046767B01,1,11,1
201000046767,2010-08-26,2010,août,jeudi,17:25,90,90001,0,0,2,1,1,1,1,4,2,02,1,2,000,043,1,0,5,4,2,15,5,1,2,00,2,1,11,201000046767A01,1,1,1
201000046785,2010-09-14,2010,septembre,mardi,17:40,90,90010,0,0,2,3,6,1,1,4,2,02,-1,-1,000,060,1,0,0,1,1,30,5,1,9,00,0,1,1,201000046785A01,,,
201000046787,2010-09-20,2010,septembre,lundi,11:55,90,90010,0,0,2,1,3,1,1,3,2,02,2,3,000,090,1,2,1,4,1,42,1,1,9,00,2,1,1,201000046787B01,7,15,1
201000046800,2010-10-10,2010,octobre,dimanche,11:50,90,90032,0,0,2,6,3,1,1,3,-1,01,1,2,000,063,1,3,3,4,1,21,0,1,2,00,0,0,0,201000046800A01,7,0,1
201000046823,2010-11-11,2010,novembre,jeudi,19:10,90,90010,0,0,2,1,3,5,3,4,2,02,1,1,000,000,1,0,1,4,1,47,5,1,4,00,2,3,0,201000046823A01,7,1,1
201000046865,2010-04-30,2010,avril,vendredi,18:50,91,91339,0,0,1,1,2,1,1,2,3,02,1,-1,005,025,1,0,1,3,1,28,5,1,2,00,2,4,0,201000046865B01,7,0,1
201000046872,2010-06-05,2010,juin,samedi,13:40,91,91103,0,0,1,1,1,1,1,4,2,02,1,1,000,041,1,0,5,4,1,63,5,1,2,00,2,1,1,201000046872B01,7,13,1
201000046879,2010-07-04,2010,juillet,dimanche,20:00,91,91103,0,0,2,1,3,1,1,4,2,02,1,4,000,048,1,0,1,4,2,65,0,1,2,00,2,8,1,201000046879B01,7,17,1
201000046885,2010-07-28,2010,juillet,mercredi,18:30,91,91425,0,0,2,1,3,1,1,4,1,02,1,2,000,000,1,0,1,3,2,45,5,1,2,00,2,8,1,201000046885B01,7,16,1
201000046895,2010-08-31,2010,août,mardi,11:10,91,91425,0,0,2,1,2,1,1,4,1,02,1,2,000,000,1,0,1,4,1,29,9,1,2,01,0,1,1,201000046895A01,15,24,1
201000046927,2010-04-12,2010,avril,lundi,83:0,91,91479,0,0,2,6,6,1,1,4,1,01,1,2,000,000,1,0,1,4,2,64,1,1,9,00,0,1,1,201000046927B01,7,9,1
201000046938,2010-10-09,2010,octobre,samedi,17:35,91,91479,0,0,1,1,6,1,1,9,2,02,1,1,000,000,1,1,5,4,1,17,5,1,2,00,1,1,1,201000046938A01,,,
201000046938,2010-10-09,2010,octobre,samedi,17:35,91,91479,0,0,1,1,6,1,1,9,2,02,1,1,000,000,1,1,5,3,2,8,5,1,9,00,1,1,1,201000046938A01,,,
201000046940,2010-10-20,2010,octobre,mercredi,17:55,91,91027,0,0,2,1,6,1,1,4,3,01,2,1,000,000,1,0,1,3,1,28,1,1,2,12,0,0,0,201000046940A01,,,
201000046961,2010-04-17,2010,avril,samedi,16:15,91,91215,0,0,2,1,3,1,1,3,2,02,1,1,000,000,1,0,1,4,1,26,5,1,9,00,2,8,13,201000046961A01,7,18,1
201000046964,2010-04-27,2010,avril,mardi,16:30,91,91114,0,0,2,1,3,1,1,6,-1,01,1,-1,000,000,1,0,5,4,1,70,0,1,9,00,2,2,1,201000046964B01,7,0,1
201000046982,2010-08-19,2010,août,jeudi,14:00,91,91215,0,0,2,1,1,1,1,4,2,02,1,1,000,000,1,0,1,4,1,5,5,1,2,00,0,8,19,201000046982B01,7,1,1
201000046989,2010-09-11,2010,septembre,samedi,15:20,91,91114,0,0,2,2,3,1,1,4,1,02,1,2,020,020,1,0,1,4,1,61,0,1,2,00,2,1,5,201000046989B01,7,1,1
201000046995,2010-10-11,2010,octobre,lundi,18:45,91,91114,0,0,2,1,6,2,1,3,-1,02,-1,-1,020,020,1,0,1,4,1,20,0,1,2,00,1,1,1,201000046995A01,,,
201000046995,2010-10-11,2010,octobre,lundi,18:45,91,91114,0,0,2,1,6,2,1,3,-1,02,-1,-1,020,020,1,0,1,4,2,35,0,1,9,00,1,1,1,201000046995A01,,,
201000047010,2010-02-24,2010,février,mercredi,12:55,91,91174,0,0,2,3,3,1,1,4,-1,02,1,1,040,040,1,0,1,4,1,52,1,1,9,00,2,1,1,201000047010A01,7,1,1
201000047026,2010-08-23,2010,août,lundi,12:18,91,91174,0,0,2,3,3,1,3,4,1,00,1,1,000,000,2,0,1,4,1,19,1,1,2,00,2,1,1,201000047026A01,7,1,1
201000047049,2010-01-02,2010,janvier,samedi,19:25,91,91201,0,0,2,1,2,3,1,3,2,01,2,1,000,000,1,0,1,4,1,14,5,1,9,00,2,1,1,201000047049B01,7,1,1
201000047068,2010-05-20,2010,mai,jeudi,20:50,91,91657,0,0,2,1,2,2,1,4,2,02,1,1,000,000,1,0,1,4,2,34,5,1,9,00,2,1,1,201000047068B01,7,23,1
201000047095,2010-09-22,2010,septembre,mercredi,19:00,91,91657,0,0,2,1,3,1,1,4,2,01,1,1,000,000,1,0,1,4,1,10,5,1,9,00,2,8,19,201000047095B01,7,1,1
201000047103,2010-09-12,2010,septembre,dimanche,11:10,91,91657,0,0,2,6,6,1,1,3,2,02,-1,-1,000,000,-1,0,1,4,1,18,0,1,9,00,2,0,0,201000047103B01,7,0,1
201000047112,2010-10-07,2010,octobre,jeudi,17:20,91,91201,0,0,2,2,3,1,1,3,2,01,2,1,000,000,1,0,1,4,1,34,1,1,9,00,2,1,1,201000047112B01,7,15,1
201000047161,2010-06-11,2010,juin,vendredi,82:5,91,91223,0,0,2,6,2,1,1,4,2,02,-1,-1,000,000,1,0,1,4,1,39,0,1,9,00,2,1,1,201000047161B01,7,2,1
201000047166,2010-07-06,2010,juillet,mardi,15:19,91,91223,0,0,2,2,2,1,1,3,2,03,2,1,000,000,1,0,1,4,2,76,0,1,9,00,2,1,1,201000047166A01,1,16,1
201000047166,2010-07-06,2010,juillet,mardi,15:19,91,91223,0,0,2,2,2,1,1,3,2,03,2,1,000,000,1,0,1,1,1,15,0,1,9,00,2,4,16,201000047166B01,1,1,1
201000047220,2010-11-20,2010,novembre,samedi,10:00,91,91223,0,0,1,1,7,1,1,3,2,02,1,1,000,000,1,0,1,4,1,53,0,1,2,00,1,0,1,201000047220A01,,,
201000047267,2010-06-01,2010,juin,mardi,11:26,91,91228,0,0,2,1,6,1,4,3,2,00,1,1,000,000,1,0,0,4,2,39,0,1,9,00,2,0,19,201000047267B01,7,1,1
201000047269,2010-06-11,2010,juin,vendredi,11:40,91,91228,0,0,2,1,2,1,1,4,3,00,1,1,000,000,1,0,1,3,1,49,0,1,2,00,0,4,2,201000047269B01,7,2,1
201000047306,2010-05-24,2010,mai,lundi,16:30,91,91687,0,0,2,1,6,1,1,6,-1,00,1,1,000,000,1,0,0,3,2,46,3,1,9,00,2,7,1,201000047306B01,7,4,1
201000047327,2010-11-25,2010,novembre,jeudi,17:00,91,91286,0,0,2,1,6,2,4,4,2,02,1,1,000,000,5,0,1,4,1,32,0,1,2,00,2,8,19,201000047327B01,7,1,1
201000047331,2010-04-16,2010,avril,vendredi,16:35,91,91161,0,0,2,2,3,1,1,3,3,00,1,-1,000,000,1,0,1,4,1,61,5,1,2,00,2,3,0,201000047331A01,15,16,1
201000047385,2010-07-06,2010,juillet,mardi,73:0,91,91191,0,0,1,1,6,1,1,9,2,01,1,1,000,050,1,0,1,1,1,49,5,1,9,00,1,1,2,201000047385A01,,,
201000047385,2010-07-06,2010,juillet,mardi,73:0,91,91191,0,0,1,1,6,1,1,9,2,01,1,1,000,050,1,0,1,3,2,72,5,1,9,00,1,1,2,201000047385A01,,,
201000047394,2010-09-02,2010,septembre,jeudi,17:45,91,91191,0,0,2,1,3,1,1,3,2,02,1,1,000,070,1,0,4,4,1,31,5,1,9,00,2,1,1,201000047394A01,7,16,1
201000047412,2010-11-09,2010,novembre,mardi,16:45,91,91421,0,0,2,1,6,1,2,4,2,02,1,1,000,070,2,0,1,4,2,18,9,1,9,00,0,8,19,201000047412B01,7,1,1
201000047416,2010-11-23,2010,novembre,mardi,17:30,91,91691,0,0,2,6,3,1,1,4,1,02,1,2,000,070,1,0,1,4,1,14,2,1,9,00,0,5,1,201000047416B01,7,1,1
201000047418,2010-11-29,2010,novembre,lundi,16:15,91,91421,0,0,2,1,1,1,1,3,2,02,2,1,000,050,-1,0,1,2,1,83,0,1,9,00,2,1,0,201000047418B01,7,0,1
201000047461,2010-04-15,2010,avril,jeudi,18:55,91,91645,0,0,2,1,1,2,1,4,-1,01,2,-1,000,000,1,0,5,4,1,55,5,1,2,00,2,1,1,201000047461B01,1,1,1
201000047468,2010-05-09,2010,mai,dimanche,17:50,91,91122,0,0,2,1,3,1,1,4,2,02,2,2,000,000,1,0,1,4,1,6,5,1,2,00,2,1,1,201000047468A01,7,1,1
201000047486,2010-06-30,2010,juin,mercredi,17:40,91,91477,0,0,2,1,7,1,1,4,2,02,-1,-1,000,000,1,0,1,4,1,15,0,1,2,00,0,0,1,201000047486A01,,,
201000047499,2010-08-21,2010,août,samedi,90:0,91,91645,0,0,2,6,3,1,1,4,2,02,1,-1,000,000,1,0,1,4,1,29,5,1,2,00,2,4,15,201000047499B01,7,1,1
201000047517,2010-09-29,2010,septembre,mercredi,11:30,91,91064,0,0,2,3,3,1,1,3,2,02,4,1,000,000,1,0,1,4,1,72,5,1,2,00,2,1,1,201000047517B01,7,15,1
201000047531,2010-10-29,2010,octobre,vendredi,16:15,91,91477,0,0,2,3,1,1,1,4,1,01,2,1,000,000,1,0,1,4,1,17,9,1,2,00,2,1,1,201000047531B01,7,15,1
201000047547,2010-11-27,2010,novembre,samedi,11:35,91,91692,0,0,1,1,2,1,1,3,3,04,1,1,000,000,1,0,1,4,1,59,5,1,2,00,2,1,2,201000047547A01,10,1,1
201000047590,2010-05-25,2010,mai,mardi,80:0,91,91570,0,0,2,1,3,1,1,4,2,02,1,1,000,000,1,0,1,3,1,12,2,1,9,00,2,1,9,201000047590A01,7,1,1
201000047594,2010-06-04,2010,juin,vendredi,16:55,91,91549,0,0,2,2,3,1,1,4,2,02,2,1,000,000,1,0,1,4,1,41,1,1,9,00,2,8,1,201000047594B01,7,1,1
201000047599,2010-07-04,2010,juillet,dimanche,20:10,91,91216,0,0,2,3,3,1,1,3,2,02,1,1,000,000,1,0,1,3,1,36,5,1,9,00,2,1,1,201000047599B01,7,15,1
201000047626,2010-09-19,2010,septembre,dimanche,13:50,91,91549,0,0,2,9,3,1,1,3,1,01,2,1,000,000,1,0,1,4,1,53,5,1,2,00,2,7,1,201000047626B01,7,0,1
201000047633,2010-10-11,2010,octobre,lundi,16:40,91,91549,0,0,2,1,6,1,1,4,1,01,1,1,000,000,1,0,1,1,1,16,2,1,9,00,1,1,5,201000047633A01,,,
201000047640,2010-11-15,2010,novembre,lundi,94:5,91,91570,0,0,2,6,3,1,1,4,2,02,1,1,000,000,1,0,1,2,1,69,0,1,4,00,2,8,1,201000047640B01,30,1,1
201000047645,2010-11-27,2010,novembre,samedi,17:20,91,91216,0,0,2,2,3,5,1,3,3,02,1,1,000,000,1,0,1,3,1,21,0,1,9,00,0,7,1,201000047645B01,7,1,1
201000047667,2010-04-19,2010,avril,lundi,14:55,91,91432,0,0,2,1,2,1,1,3,3,01,1,1,000,060,-1,0,1,4,1,75,0,1,9,00,2,1,2,201000047667B01,7,23,1
201000047682,2010-08-10,2010,août,mardi,19:00,91,91589,0,0,2,1,1,1,1,4,1,01,1,2,000,000,-1,0,1,3,2,12,0,1,9,00,2,0,1,201000047682A01,7,1,1
201000047737,2010-01-14,2010,janvier,jeudi,15:00,92,92004,0,0,2,1,6,1,1,3,1,01,2,1,000,000,1,0,1,4,2,25,1,1,9,01,0,1,1,201000047737B01,13,22,1
201000047790,2010-06-12,2010,juin,samedi,18:20,92,92004,0,0,2,3,2,1,1,4,1,02,1,1,010,070,1,0,0,4,1,13,5,1,9,00,2,1,1,201000047790B01,7,0,1
201000047802,2010-07-21,2010,juillet,mercredi,75:5,92,92009,0,0,2,1,6,1,1,4,2,02,2,1,000,000,1,0,1,4,2,41,1,1,9,01,0,1,1,201000047802B01,10,24,1
201000047810,2010-08-31,2010,août,mardi,93:0,92,92004,0,0,2,1,6,1,1,3,2,02,1,1,000,000,1,0,1,4,1,51,1,1,9,00,2,2,1,201000047810B01,7,22,1
201000047815,2010-09-15,2010,septembre,mercredi,11:45,92,92009,0,0,2,1,3,1,1,4,1,01,1,1,000,050,1,0,1,4,1,74,5,1,9,00,0,0,1,201000047815B01,37,1,1
201000047831,2010-10-13,2010,octobre,mercredi,15:30,92,92009,0,0,2,1,6,1,1,3,1,01,1,1,000,000,1,0,1,4,1,32,1,1,2,00,1,1,1,201000047831A01,,,
201000047834,2010-10-21,2010,octobre,jeudi,90:5,92,92004,0,0,2,3,3,1,1,3,2,02,1,1,000,000,1,5,1,4,2,34,1,1,9,00,2,7,17,201000047834A01,7,15,1
201000047843,2010-11-19,2010,novembre,vendredi,16:30,92,92004,0,0,2,1,3,2,1,3,1,,1,1,000,040,1,0,1,3,1,13,5,1,2,00,2,3,19,201000047843B01,7,1,1
201000047843,2010-11-19,2010,novembre,vendredi,16:30,92,92004,0,0,2,1,3,2,1,3,1,,1,1,000,040,1,0,1,3,1,15,5,1,2,00,2,3,19,201000047843B01,7,1,1
201000047854,2010-12-13,2010,décembre,lundi,83:5,92,92004,0,0,2,4,3,2,1,3,3,05,2,1,000,078,1,3,1,4,2,39,1,1,2,00,2,6,13,201000047854A01,32,1,1
201000047864,2010-01-14,2010,janvier,jeudi,74:5,92,92007,0,0,2,3,6,2,8,4,3,02,2,1,008,050,2,0,1,4,1,13,2,1,9,00,2,7,1,201000047864B01,7,1,1
201000047875,2010-04-07,2010,avril,mercredi,75:0,92,92007,0,0,2,6,2,1,1,4,1,02,1,2,000,000,1,5,1,4,1,50,1,1,9,00,2,3,3,201000047875B01,7,16,1
201000047887,2010-07-08,2010,juillet,jeudi,18:40,92,92007,0,0,2,1,6,1,1,3,-1,00,1,1,000,000,1,0,4,1,1,51,3,1,9,00,1,1,1,201000047887A01,,,
201000047894,2010-09-15,2010,septembre,mercredi,83:5,92,92007,0,0,2,1,3,1,2,3,2,02,1,1,000,000,2,0,1,4,2,39,4,1,9,00,2,7,1,201000047894B01,7,9,1
201000047907,2010-11-18,2010,novembre,jeudi,20:25,92,92007,0,0,2,1,6,5,2,3,2,03,1,1,000,000,2,0,1,4,1,15,5,1,9,00,9,1,1,201000047907B01,1,1,1
201000047907,2010-11-18,2010,novembre,jeudi,20:25,92,92007,0,0,2,1,6,5,2,3,2,03,1,1,000,000,2,0,1,4,1,14,5,1,9,00,9,1,1,201000047907A01,1,1,1
201000047939,2010-02-22,2010,février,lundi,11:40,92,92012,0,0,2,1,6,1,1,4,1,00,1,1,000,000,1,0,1,4,2,65,5,1,9,00,2,1,14,201000047939B01,99,22,1
201000047954,2010-03-23,2010,mars,mardi,19:10,92,92012,0,0,2,2,1,2,1,4,2,02,1,-1,000,000,-1,0,1,4,1,66,5,1,9,00,2,1,1,201000047954B01,7,15,1
201000047960,2010-04-14,2010,avril,mercredi,85:0,92,92012,0,0,2,1,3,1,1,4,2,01,1,1,000,000,1,0,1,4,1,28,4,1,2,00,2,1,1,201000047960B01,7,22,1
201000047969,2010-05-04,2010,mai,mardi,11:30,92,92012,0,0,2,1,3,1,6,3,2,02,1,1,000,000,1,0,1,4,2,65,5,1,9,01,0,7,1,201000047969B01,10,0,1
201000047988,2010-06-03,2010,juin,jeudi,15:00,92,92012,0,0,2,1,6,1,1,4,2,02,1,1,000,000,1,0,1,4,2,19,0,1,9,00,1,1,1,201000047988A01,,,
201000048021,2010-08-04,2010,août,mercredi,90:0,92,92012,0,0,2,1,6,1,1,3,2,02,1,1,000,000,1,0,1,1,1,24,1,1,9,00,1,1,1,201000048021A01,,,
201000048041,2010-09-26,2010,septembre,dimanche,11:10,92,92012,0,0,2,6,3,1,1,4,1,02,1,2,000,000,1,0,1,4,1,47,5,1,9,00,2,1,1,201000048041B01,7,9,1
201000048047,2010-09-29,2010,septembre,mercredi,12:00,92,92012,0,0,2,2,1,1,1,4,2,02,1,1,000,000,1,0,1,4,1,65,5,1,2,00,2,1,1,201000048047B01,7,15,1
201000048056,2010-10-25,2010,octobre,lundi,95:0,92,92012,0,0,2,1,3,1,1,4,2,02,1,1,000,000,1,0,1,4,1,45,4,1,9,00,2,1,1,201000048056B01,7,22,1
201000048071,2010-11-10,2010,novembre,mercredi,92:0,92,92012,0,0,2,1,3,1,1,4,2,02,1,1,000,000,1,0,1,4,1,28,1,1,9,01,0,7,17,201000048071B02,13,24,1
201000048073,2010-11-10,2010,novembre,mercredi,11:15,92,92012,0,0,2,2,6,1,1,3,2,02,1,1,000,000,1,0,1,4,2,32,9,1,9,11,2,8,1,201000048073B02,14,16,1
201000048103,2010-01-29,2010,janvier,vendredi,18:40,92,92019,0,0,2,1,6,5,2,3,2,02,1,1,000,140,2,0,4,4,1,55,1,1,2,00,1,1,1,201000048103A01,,,
201000048120,2010-05-22,2010,mai,samedi,12:50,92,92019,0,0,2,1,6,1,1,5,-1,01,1,1,000,000,9,0,0,4,1,42,0,1,2,00,1,1,0,201000048120A01,,,
201000048120,2010-05-22,2010,mai,samedi,12:50,92,92019,0,0,2,1,6,1,1,5,-1,01,1,1,000,000,9,0,0,4,1,71,0,1,9,00,1,1,0,201000048120A01,,,
201000048121,2010-05-26,2010,mai,mercredi,17:20,92,92019,0,0,2,2,3,1,2,3,2,02,1,1,000,170,2,0,1,4,1,19,5,1,9,00,2,1,1,201000048121B01,7,15,1
201000048124,2010-06-05,2010,juin,samedi,10:40,92,92019,0,0,2,6,3,1,1,3,3,02,1,1,000,000,1,0,1,4,2,14,2,1,9,00,2,8,0,201000048124B01,7,0,1
201000048135,2010-09-02,2010,septembre,jeudi,84:0,92,92019,0,0,1,1,6,1,7,3,2,02,2,4,000,139,1,0,1,4,1,25,0,1,2,00,2,1,5,201000048135A01,7,2,1
201000048136,2010-09-16,2010,septembre,jeudi,82:0,92,92071,0,0,2,2,3,1,1,3,2,02,2,1,000,190,1,5,1,3,1,42,1,1,2,00,2,1,1,201000048136A01,7,15,1
201000048145,2010-10-21,2010,octobre,jeudi,10:20,92,92019,0,0,2,1,1,1,1,3,2,02,1,1,000,060,1,0,1,3,1,53,1,1,2,00,2,1,1,201000048145B01,7,13,1
201000048162,2010-01-20,2010,janvier,mercredi,82:0,92,92060,0,0,2,1,6,1,3,3,2,02,1,1,000,000,2,0,1,3,1,37,1,1,9,00,2,1,2,201000048162B01,7,1,1
201000048190,2010-05-24,2010,mai,lundi,19:05,92,92023,0,0,2,2,2,1,1,4,2,02,1,1,000,000,1,0,1,4,1,28,5,1,9,00,2,1,2,201000048190A01,7,23,1
201000048201,2010-06-28,2010,juin,lundi,11:40,92,92060,0,0,2,2,3,1,1,4,1,01,1,1,000,000,1,0,1,4,1,62,0,1,9,00,2,0,2,201000048201B01,7,2,1
201000048202,2010-06-28,2010,juin,lundi,14:05,92,92023,0,0,2,1,3,1,7,4,1,02,1,1,000,000,1,0,5,4,1,29,5,1,2,01,0,8,1,201000048202B01,10,24,1
201000048204,2010-07-01,2010,juillet,jeudi,12:20,92,92023,0,0,2,1,3,1,1,4,2,02,1,1,000,000,1,0,1,4,2,27,1,1,2,01,0,1,1,201000048204B01,10,24,1
201000048231,2010-09-19,2010,septembre,dimanche,11:10,92,92060,0,0,2,4,3,1,1,4,2,02,2,1,000,000,1,0,1,4,1,39,1,1,9,00,0,7,1,201000048231B01,7,15,1
201000048233,2010-09-29,2010,septembre,mercredi,10:30,92,92023,0,0,2,4,3,1,1,3,3,04,1,2,000,000,1,0,1,4,2,53,5,1,9,00,2,1,19,201000048233B01,13,16,1
201000048235,2010-10-17,2010,octobre,dimanche,14:5,92,92023,0,0,2,2,2,5,1,3,2,03,2,1,000,000,1,0,1,4,1,19,5,1,4,00,2,4,15,201000048235B01,7,17,1
201000048282,2010-04-12,2010,avril,lundi,18:25,92,92024,0,0,2,1,3,1,1,3,1,03,1,1,000,000,1,0,1,4,1,64,1,1,2,00,2,1,1,201000048282B01,15,0,1
201000048308,2010-06-17,2010,juin,jeudi,12:35,92,92024,0,0,2,1,3,1,1,3,2,02,1,1,000,000,1,0,1,4,2,44,5,1,2,00,2,7,14,201000048308A01,7,1,1
201000048342,2010-09-30,2010,septembre,jeudi,10:00,92,92024,0,0,2,2,3,1,1,3,1,03,1,1,000,000,1,0,1,1,1,23,5,1,1,00,2,1,1,201000048342A01,7,1,1
201000048348,2010-10-10,2010,octobre,dimanche,15:45,92,92024,0,0,2,1,3,1,1,3,2,02,1,1,000,000,1,0,2,4,1,13,5,1,9,00,2,8,19,201000048348B01,7,1,1
201000048411,2010-09-06,2010,septembre,lundi,17:30,92,92025,0,0,2,1,1,1,1,4,1,01,1,3,000,060,1,0,1,4,1,14,0,1,2,00,2,1,16,201000048411A01,7,1,1
201000048418,2010-09-17,2010,septembre,vendredi,83:0,92,92025,0,0,2,1,2,1,1,4,1,01,1,1,000,500,1,0,1,4,1,39,0,1,9,00,2,4,23,201000048418B01,7,2,1
201000048427,2010-10-06,2010,octobre,mercredi,16:35,92,92025,0,0,2,2,3,1,2,4,2,02,1,1,000,100,2,5,1,4,1,10,2,1,2,00,2,1,1,201000048427A01,2,1,1
201000048439,2010-11-21,2010,novembre,dimanche,19:20,92,92025,0,0,2,1,3,5,2,4,1,01,1,1,000,060,2,0,1,4,1,38,5,1,9,00,2,1,3,201000048439A01,7,23,1
201000048465,2010-02-05,2010,février,vendredi,17:15,92,92026,0,0,2,5,3,1,1,3,2,02,1,1,000,000,1,0,0,4,1,60,9,1,2,00,2,7,23,201000048465B01,7,16,1
201000048476,2010-03-03,2010,mars,mercredi,17:45,92,92026,0,0,2,1,7,1,1,3,3,04,1,1,000,168,1,0,1,4,1,32,1,1,2,00,2,8,3,201000048476A01,,,
201000048501,2010-05-11,2010,mai,mardi,18:00,92,92026,0,0,2,1,7,1,2,3,1,01,1,1,000,049,2,0,1,4,2,27,9,1,2,00,0,0,1,201000048501A01,,,
201000048522,2010-07-01,2010,juillet,jeudi,95:0,92,92026,0,0,2,2,7,1,1,9,3,02,2,1,000,110,1,0,5,4,1,14,5,1,2,00,0,0,1,201000048522A01,,,
201000048525,2010-07-02,2010,juillet,vendredi,12:30,92,92026,0,0,2,3,3,1,1,9,1,01,1,1,000,042,1,0,1,4,1,81,5,1,2,00,2,1,1,201000048525A01,7,24,1
201000048529,2010-07-20,2010,juillet,mardi,10:30,92,92026,0,0,2,3,3,1,1,3,1,04,1,3,000,000,1,0,4,4,1,39,5,1,9,00,2,3,1,201000048529B01,7,12,1
201000048530,2010-07-21,2010,juillet,mercredi,15:30,92,92026,0,0,2,3,6,1,1,3,2,02,1,1,000,088,1,0,1,1,1,42,5,1,2,00,1,1,1,201000048530A01,,,
201000048548,2010-09-28,2010,septembre,mardi,17:15,92,92026,0,0,2,2,3,1,1,4,1,01,1,1,000,000,1,0,1,4,1,17,2,1,9,00,2,0,0,201000048548A01,31,15,1
201000048554,2010-10-12,2010,octobre,mardi,20:20,92,92026,0,0,2,3,3,4,1,3,2,02,1,1,000,000,1,0,1,4,2,44,9,1,9,00,2,2,2,201000048554B01,7,15,1
201000048562,2010-11-18,2010,novembre,jeudi,18:00,92,92026,0,0,2,1,3,5,1,3,2,02,1,1,000,088,1,0,1,3,1,32,1,1,9,00,2,7,1,201000048562B01,7,9,1
201000048578,2010-01-20,2010,janvier,mercredi,84:5,92,92035,0,0,2,1,6,1,2,4,1,01,1,1,000,000,1,0,1,1,1,23,1,1,2,00,1,1,1,201000048578A01,,,
201000048599,2010-06-20,2010,juin,dimanche,16:07,92,92035,0,0,2,2,6,1,1,4,1,02,1,1,000,000,1,0,1,1,1,18,5,1,2,00,1,0,0,201000048599B01,1,15,1
201000048599,2010-06-20,2010,juin,dimanche,16:07,92,92035,0,0,2,2,6,1,1,4,1,02,1,1,000,000,1,0,1,1,1,23,5,1,2,00,1,0,15,201000048599A01,1,0,1