Num_Acc,date,an,mois,jour,hrmn,dep,com,lat,long,agg,int,col,lum,atm,catr,circ,nbv,prof,plan,lartpc,larrout,surf,infra,situ,grav,sexe,age,trajet,secuexist,equipement,obs,obsm,choc,manv,vehiculeid,typevehicules,manoeuvehicules,numVehicules
201000048633,2010-02-26,2010,février,vendredi,22:55,92,92036,0,0,2,9,3,5,1,3,3,02,1,1,050,180,1,0,1,4,1,22,5,1,9,00,2,8,1,201000048633B01,7,17,1
201000048638,2010-03-22,2010,mars,lundi,19:50,92,92036,0,0,2,9,3,2,1,3,1,02,1,1,000,060,1,0,1,3,2,38,1,1,4,00,2,8,19,201000048638B01,7,1,1
201000048661,2010-07-06,2010,juillet,mardi,20:15,92,92036,0,0,2,1,3,1,1,4,2,02,1,1,000,060,1,0,1,4,1,61,5,1,9,00,2,8,1,201000048661B01,34,17,1
201000048672,2010-08-28,2010,août,samedi,15:15,92,92036,0,0,2,9,3,1,1,3,1,01,1,1,000,060,1,0,1,4,1,24,5,1,9,00,2,8,15,201000048672A01,7,1,1
201000048702,2010-01-27,2010,janvier,mercredi,14:05,92,92040,0,0,2,1,3,1,1,4,1,01,1,1,000,034,1,0,1,4,2,13,5,1,9,00,0,3,0,201000048702A01,33,0,1
201000048712,2010-03-17,2010,mars,mercredi,12:20,92,92040,0,0,2,1,6,1,1,3,2,02,2,1,000,080,1,0,1,4,1,12,0,1,9,00,2,3,0,201000048712A01,33,0,1
201000048726,2010-05-11,2010,mai,mardi,20:40,92,92040,0,0,2,1,6,1,1,3,2,02,1,1,000,100,1,0,1,4,1,42,5,1,9,00,2,1,1,201000048726A01,33,1,1
201000048731,2010-06-03,2010,juin,jeudi,18:45,92,92040,0,0,2,1,1,1,1,3,2,02,1,1,000,070,1,0,1,3,2,17,3,1,2,00,2,1,0,201000048731B01,7,0,1
201000048754,2010-08-28,2010,août,samedi,18:50,92,92040,0,0,2,1,6,1,1,3,2,06,1,1,000,100,1,0,1,4,2,25,5,1,9,00,2,1,1,201000048754B01,7,1,1
201000048787,2010-02-01,2010,février,lundi,10:,92,92044,0,0,2,2,3,5,1,4,1,00,1,1,000,000,1,0,0,4,2,20,5,1,2,00,2,3,1,201000048787B01,7,1,1
201000048828,2010-06-28,2010,juin,lundi,10:50,92,92044,0,0,2,1,3,1,1,4,1,00,1,1,000,000,1,0,1,4,1,30,1,1,4,00,2,1,0,201000048828B01,7,22,1
201000048832,2010-07-05,2010,juillet,lundi,23:12,92,92044,0,0,2,2,3,5,1,4,1,02,1,1,000,000,1,0,1,3,1,18,5,1,9,00,2,6,0,201000048832B01,7,0,1
201000048884,2010-05-15,2010,mai,samedi,18:45,92,92048,0,0,2,1,2,1,1,4,2,02,1,1,000,073,1,0,1,4,1,62,9,1,9,00,2,4,1,201000048884A01,30,2,1
201000048936,2010-03-16,2010,mars,mardi,10:15,92,92049,0,0,2,1,7,1,1,3,2,04,1,1,000,000,-1,0,1,3,1,52,1,1,9,00,0,0,0,201000048936A01,,,
201000048965,2010-05-17,2010,mai,lundi,20:30,92,92020,0,0,2,6,3,1,1,3,2,02,1,-1,000,000,1,5,1,4,2,24,0,1,9,00,2,0,0,201000048965B01,7,0,1
201000048968,2010-05-26,2010,mai,mercredi,84:4,92,92049,0,0,2,1,6,1,1,3,1,01,1,1,000,000,1,0,4,3,2,65,0,1,9,00,1,1,5,201000048968A01,,,
201000049042,2010-12-07,2010,décembre,mardi,92:0,92,92049,0,0,2,1,5,1,1,3,2,02,1,1,000,000,1,0,1,4,2,49,9,1,9,01,0,1,1,201000049042B01,7/ 10,22/1,2
201000049055,2010-01-26,2010,janvier,mardi,17:45,92,92050,0,0,2,1,2,5,8,4,1,03,1,1,000,138,1,0,1,2,1,61,9,1,9,00,2,8,13,201000049055B01,7,1,1
201000049062,2010-02-19,2010,février,vendredi,90:5,92,92050,0,0,2,1,3,1,7,4,3,03,1,1,000,060,1,0,1,4,1,23,1,1,9,00,2,4,0,201000049062B01,7,15,1
201000049115,2010-07-24,2010,juillet,samedi,90:5,92,92050,0,0,2,1,3,1,1,3,3,04,1,1,000,120,1,0,1,3,1,65,9,1,9,00,2,8,0,201000049115B01,7,1,1
201000049129,2010-09-01,2010,septembre,mercredi,15:50,92,92050,0,0,2,1,3,1,1,3,1,03,1,1,000,063,1,0,1,3,1,23,5,1,1,00,2,8,1,201000049129B01,7,16,1
201000049197,2010-04-04,2010,avril,dimanche,12:00,92,92051,0,0,2,1,3,1,8,4,1,01,1,1,000,000,1,0,1,4,1,65,5,1,9,00,2,0,0,201000049197A01,7,0,1
201000049201,2010-04-17,2010,avril,samedi,11:40,92,92051,0,0,2,2,3,1,1,3,2,05,1,1,000,000,1,0,1,4,1,58,0,1,9,00,2,1,0,201000049201B01,7,0,1
201000049202,2010-04-13,2010,avril,mardi,80:7,92,92051,0,0,2,1,3,1,1,4,1,01,1,1,000,000,1,0,1,4,1,57,1,1,1,00,2,1,1,201000049202A01,7,1,1
201000049218,2010-05-11,2010,mai,mardi,18:30,92,92051,0,0,2,2,3,2,1,4,2,02,1,1,000,000,2,0,1,3,1,28,5,1,9,00,2,7,1,201000049218B01,7,1,1
201000049227,2010-05-25,2010,mai,mardi,13:10,92,92051,0,0,2,1,6,1,1,4,2,02,1,1,000,000,1,0,1,4,1,30,1,1,9,01,0,1,1,201000049227B01,7,24,1
201000049236,2010-06-26,2010,juin,samedi,10:40,92,92051,0,0,2,1,2,1,1,4,-1,01,1,1,000,000,1,0,1,4,1,76,5,1,9,00,9,1,0,201000049236A01,1,0,1
201000049236,2010-06-26,2010,juin,samedi,10:40,92,92051,0,0,2,1,2,1,1,4,-1,01,1,1,000,000,1,0,1,4,1,60,5,1,9,00,9,1,0,201000049236B01,1,0,1
201000049251,2010-06-17,2010,juin,jeudi,17:00,92,92051,0,0,2,1,3,1,1,4,2,00,1,1,000,000,1,2,1,4,1,39,5,1,2,00,2,1,1,201000049251B01,10,0,1
201000049258,2010-08-25,2010,août,mercredi,13:45,92,92051,0,0,2,1,3,1,1,4,2,02,1,1,000,000,1,0,1,4,1,49,5,1,9,00,0,0,0,201000049258B01,7,0,1
201000049271,2010-09-17,2010,septembre,vendredi,93:5,92,92051,0,0,2,1,6,1,1,4,2,02,1,1,000,000,1,0,1,4,2,27,5,1,9,00,2,1,1,201000049271B01,7,22,1
201000049273,2010-10-01,2010,octobre,vendredi,19:00,92,92051,0,0,2,2,3,2,2,4,2,04,1,1,000,000,2,0,1,4,2,39,1,1,9,00,2,1,1,201000049273B01,7,15,1
201000049277,2010-09-30,2010,septembre,jeudi,82:0,92,92051,0,0,2,1,3,1,2,2,1,04,1,-1,000,000,2,0,1,4,1,10,5,1,9,00,2,7,1,201000049277B01,10,9,1
201000049284,2010-10-12,2010,octobre,mardi,11:15,92,92051,0,0,2,1,3,1,1,4,2,01,1,1,000,000,1,0,1,4,2,33,4,1,9,00,2,1,17,201000049284B01,13,22,1
201000049304,2010-11-25,2010,novembre,jeudi,74:5,92,92051,0,0,2,1,3,2,2,3,2,00,1,1,000,000,1,0,0,4,1,32,5,1,9,00,2,0,19,201000049304B01,33,1,1
201000049319,2010-02-05,2010,février,vendredi,17:10,92,92062,0,0,2,3,1,1,1,4,1,01,1,1,000,060,1,0,1,4,1,16,5,1,9,00,2,1,1,201000049319A01,7,15,1
201000049328,2010-05-05,2010,mai,mercredi,19:10,92,92062,0,0,2,2,2,1,1,4,-1,01,1,1,000,070,1,0,1,4,1,16,5,1,9,00,2,1,2,201000049328A01,7,23,1
201000049342,2010-06-28,2010,juin,lundi,90:0,92,92062,0,0,2,3,2,1,1,3,3,03,2,1,005,090,1,2,1,4,2,44,1,1,4,00,2,4,1,201000049342B01,10,1,1
201000049343,2010-07-08,2010,juillet,jeudi,85:5,92,92062,0,0,2,2,3,1,1,3,1,02,1,1,000,080,1,0,1,4,1,44,1,1,2,00,2,1,1,201000049343B01,7,1,1
201000049346,2010-07-28,2010,juillet,mercredi,20:15,92,92062,0,0,2,1,2,1,1,4,1,01,1,1,000,080,1,0,1,4,1,19,5,1,9,00,2,1,1,201000049346A01,7,23,1
201000049355,2010-09-17,2010,septembre,vendredi,15:00,92,92062,0,0,2,3,6,1,1,4,1,01,1,1,000,080,1,0,1,4,1,74,4,1,9,00,2,7,1,201000049355B01,2,1,1
201000049359,2010-10-04,2010,octobre,lundi,82:5,92,92062,0,0,2,2,3,1,3,4,2,03,1,1,000,090,2,0,1,4,2,42,1,1,2,00,2,1,21,201000049359B01,7,15,1
201000049361,2010-10-09,2010,octobre,samedi,18:30,92,92062,0,0,2,1,6,1,1,3,2,02,2,1,000,060,1,0,1,4,2,50,5,1,9,01,0,1,1,201000049361B01,7,2,1
201000049370,2010-10-22,2010,octobre,vendredi,91:5,92,92062,0,0,2,2,3,1,1,3,3,04,1,1,005,120,1,0,1,4,1,43,1,1,9,00,2,8,19,201000049370A01,33,1,1
201000049406,2010-04-23,2010,avril,vendredi,21:50,92,92063,0,0,1,3,6,1,1,3,2,04,2,3,000,000,1,0,1,4,1,51,0,1,4,00,2,1,1,201000049406A01,7,15,1
201000049415,2010-05-15,2010,mai,samedi,16:40,92,92063,0,0,1,1,6,1,1,9,2,01,-1,-1,000,000,1,0,0,1,1,11,5,1,9,00,0,0,0,201000049415B01,1,0,3
201000049415,2010-05-15,2010,mai,samedi,16:40,92,92063,0,0,1,1,6,1,1,9,2,01,-1,-1,000,000,1,0,0,1,1,12,5,1,9,00,0,0,0,201000049415A01,1,0,3
201000049415,2010-05-15,2010,mai,samedi,16:40,92,92063,0,0,1,1,6,1,1,9,2,01,-1,-1,000,000,1,0,0,4,2,87,5,1,9,00,0,0,0,201000049415A01,1,0,3
201000049415,2010-05-15,2010,mai,samedi,16:40,92,92063,0,0,1,1,6,1,1,9,2,01,-1,-1,000,000,1,0,0,1,1,13,5,1,9,00,0,0,0,201000049415D01,1,0,3
201000049415,2010-05-15,2010,mai,samedi,16:40,92,92063,0,0,1,1,6,1,1,9,2,01,-1,-1,000,000,1,0,0,1,1,11,5,1,9,00,0,0,0,201000049415C01,1,0,3
201000049417,2010-05-27,2010,mai,jeudi,16:10,92,92063,0,0,2,1,6,1,2,3,3,04,1,1,000,000,2,0,1,4,1,17,0,1,9,00,0,0,19,201000049417B01,7,2,1
201000049418,2010-05-31,2010,mai,lundi,85:5,92,92063,0,0,2,1,3,1,1,3,2,03,1,1,000,000,1,0,5,4,1,45,1,1,2,00,2,1,2,201000049418B01,7,20,1
201000049424,2010-06-21,2010,juin,lundi,11:25,92,92063,0,0,2,1,6,1,1,3,3,04,1,1,000,000,1,0,1,4,1,14,0,1,4,00,2,0,0,201000049424B01,7,0,1
201000049426,2010-06-27,2010,juin,dimanche,17:20,92,92063,0,0,2,1,6,1,1,4,2,01,2,3,000,000,1,0,1,1,1,60,5,1,4,00,1,1,0,201000049426A01,,,
201000049426,2010-06-27,2010,juin,dimanche,17:20,92,92063,0,0,2,1,6,1,1,4,2,01,2,3,000,000,1,0,1,4,2,79,5,1,9,00,1,1,0,201000049426A01,,,
201000049429,2010-07-26,2010,juillet,lundi,19:25,92,92063,0,0,2,1,6,1,1,4,2,01,1,1,000,000,1,0,1,4,2,43,5,1,2,01,0,1,2,201000049429B01,7,24,1
201000049440,2010-09-22,2010,septembre,mercredi,10:15,92,92063,0,0,2,1,1,1,1,9,2,01,2,3,000,000,1,0,5,4,2,25,1,1,9,00,9,1,1,201000049440A01,1,1,1
201000049440,2010-09-22,2010,septembre,mercredi,10:15,92,92063,0,0,2,1,1,1,1,9,2,01,2,3,000,000,1,0,5,4,1,14,2,1,9,00,9,1,1,201000049440B01,1,1,1
201000049443,2010-10-07,2010,octobre,jeudi,17:40,92,92063,0,0,2,1,1,1,1,3,2,04,1,1,000,000,1,0,5,4,1,42,9,1,9,01,0,1,1,201000049443B01,7,22,1
201000049445,2010-10-13,2010,octobre,mercredi,90:0,92,92063,0,0,2,2,3,1,1,3,2,05,1,1,000,000,1,0,5,4,2,35,1,1,9,00,2,1,2,201000049445B01,7,10,1
201000049463,2010-12-17,2010,décembre,vendredi,10:30,92,92063,0,0,2,1,3,1,1,3,3,03,1,1,000,000,1,0,1,4,1,56,1,1,4,00,2,1,1,201000049463A01,7,15,1
201000049502,2010-06-02,2010,juin,mercredi,15:00,92,92033,0,0,2,1,6,1,1,3,3,02,1,1,000,040,1,0,1,4,1,16,2,1,2,00,2,1,13,201000049502B01,7,1/23,2
201000049504,2010-06-05,2010,juin,samedi,16:45,92,92064,0,0,1,9,3,1,7,9,2,01,2,1,000,040,1,0,0,4,1,43,5,1,2,00,2,1,1,201000049504A01,30,1,1
201000049517,2010-07-06,2010,juillet,mardi,18:00,92,92033,0,0,2,9,3,1,1,9,2,01,1,1,000,070,1,0,1,4,2,16,5,1,2,00,2,1,19,201000049517A01,7,1,1
201000049519,2010-07-20,2010,juillet,mardi,15:15,92,92064,0,0,2,3,3,1,1,4,2,02,2,1,000,067,1,0,1,4,1,42,5,1,9,00,2,1,17,201000049519A01,7,15,1
201000049537,2010-10-07,2010,octobre,jeudi,93:0,92,92064,0,0,2,1,2,1,1,3,2,02,1,1,000,000,1,3,1,4,1,48,1,1,2,00,2,0,23,201000049537B01,7,23,1
201000049549,2010-12-01,2010,décembre,mercredi,13:05,92,92064,0,0,2,1,3,1,1,4,1,01,2,1,000,031,1,0,1,4,1,13,2,1,9,00,2,8,5,201000049549B01,7,1,1
201000049578,2010-03-29,2010,mars,lundi,19:00,92,92077,0,0,2,1,6,1,2,3,2,02,2,1,000,084,2,0,1,4,1,17,5,1,1,00,0,1,1,201000049578A01,,,
201000049597,2010-06-04,2010,juin,vendredi,20:00,92,92022,0,0,2,2,2,1,1,3,2,04,1,1,000,000,1,6,1,4,1,39,5,1,2,00,2,4,1,201000049597B01,7,1,1
201000049599,2010-06-14,2010,juin,lundi,18:25,92,92022,0,0,2,3,3,1,1,4,2,01,1,1,000,051,1,0,1,4,1,39,5,1,2,00,2,7,17,201000049599B01,7,15,1
201000049600,2010-06-24,2010,juin,jeudi,10:00,92,92072,0,0,2,1,2,1,1,3,2,05,1,1,000,059,1,6,1,3,1,35,4,1,9,00,2,1,0,201000049600B01,10,11,1
201000049603,2010-07-07,2010,juillet,mercredi,11:05,92,92072,0,0,2,1,6,1,1,9,-1,00,2,1,000,000,1,0,0,4,1,56,5,1,2,00,0,0,1,201000049603A01,,,
201000049609,2010-08-11,2010,août,mercredi,11:40,92,92072,0,0,2,3,7,1,2,3,2,02,4,1,000,000,2,0,0,4,1,18,4,1,9,00,0,0,15,201000049609A01,,,
201000049618,2010-09-22,2010,septembre,mercredi,10:30,92,92072,0,0,2,6,6,1,1,3,2,02,1,1,000,060,1,6,1,1,1,24,0,1,9,00,1,1,1,201000049618A01,,,
201000049625,2010-10-09,2010,octobre,samedi,10:35,92,92077,0,0,2,2,2,1,1,3,2,02,1,1,000,090,1,6,1,4,1,77,5,1,9,00,2,4,15,201000049625A01,10,1,1
201000049632,2010-11-01,2010,novembre,lundi,11:00,92,92022,0,0,2,1,3,1,1,3,2,04,1,1,000,120,1,0,1,4,2,35,5,1,2,00,2,1,1,201000049632B01,7,22,1
201000049660,2010-04-13,2010,avril,mardi,17:15,92,92073,0,0,2,1,6,1,1,3,2,04,2,2,000,000,1,0,1,3,1,38,0,1,9,00,2,1,1,201000049660B01,7,1,2
201000049670,2010-06-05,2010,juin,samedi,12:15,92,92073,0,0,2,4,6,1,1,4,1,01,1,1,000,000,1,0,1,4,1,47,5,1,9,01,0,1,1,201000049670B01,7,22,1
201000049685,2010-08-29,2010,août,dimanche,14:30,92,92073,0,0,2,2,6,1,1,3,2,04,1,1,000,000,1,0,1,4,1,88,5,1,9,00,2,0,0,201000049685B01,30,1,1
201000049713,2010-03-04,2010,mars,jeudi,20:20,92,92046,0,0,1,2,6,5,1,3,2,02,1,1,000,088,1,0,1,4,1,47,5,1,2,00,2,1,19,201000049713A01,7,1,1
201000049734,2010-06-29,2010,juin,mardi,15:00,92,92046,0,0,2,1,6,1,1,3,2,04,1,1,000,090,1,5,1,1,1,39,5,1,9,00,1,1,1,201000049734A01,,,
201000049740,2010-08-02,2010,août,lundi,15:0,92,92046,0,0,2,1,2,5,1,3,2,04,1,1,000,059,1,0,1,4,1,31,5,1,9,00,2,1,11,201000049740B01,7,1,1
201000049743,2010-08-23,2010,août,lundi,20:40,92,92046,0,0,2,1,6,1,1,3,2,02,1,1,000,000,1,0,1,4,2,29,3,1,2,01,0,2,1,201000049743B01,7,22,1
201000049755,2010-09-30,2010,septembre,jeudi,73:0,92,92075,0,0,2,1,2,2,2,3,2,02,2,1,000,060,2,0,1,4,1,46,1,1,4,00,2,4,1,201000049755B01,7,1,1
201000049760,2010-10-24,2010,octobre,dimanche,15:00,92,92046,0,0,2,3,3,1,2,3,2,02,1,1,000,055,2,0,1,3,1,12,5,1,9,00,2,1,19,201000049760B01,7,1,1
201000049884,2010-06-03,2010,juin,jeudi,16:50,93,93001,48.9097,2.37859,2,1,6,1,1,2,-1,00,1,-1,000,000,1,0,4,3,1,44,9,1,9,00,2,1,1,201000049884A01,7,9,1
201000049960,2010-11-10,2010,novembre,mercredi,11:20,93,93001,0,0,2,1,6,1,1,4,2,02,2,1,000,000,2,0,1,3,1,20,0,1,2,00,1,1,1,201000049960A01,,,
201000049965,2010-11-23,2010,novembre,mardi,15:55,93,93001,0,0,2,2,3,1,1,4,2,01,1,1,000,080,1,0,1,3,1,46,9,1,9,00,2,7,2,201000049965B01,10,2,1
201000049974,2010-01-10,2010,janvier,dimanche,17:05,93,93005,48.9567,2.47934,2,1,3,5,4,3,1,02,1,1,000,060,2,0,1,4,1,41,5,1,2,00,2,7,19,201000049974B01,7,1,1
201000050032,2010-06-04,2010,juin,vendredi,10:20,93,93005,48.9375,2.49473,2,5,3,1,1,4,2,02,1,1,000,000,-1,0,1,3,2,17,9,1,9,00,0,0,1,201000050032B01,7,1,1
201000050047,2010-07-10,2010,juillet,samedi,20:40,93,93005,0,0,2,2,3,1,1,4,2,01,1,1,000,000,1,5,1,3,1,17,0,1,9,00,2,7,1,201000050047B01,7,1,1
201000050105,2010-12-02,2010,décembre,jeudi,18:00,93,93005,0,0,2,1,6,5,9,3,2,02,1,1,000,050,1,0,0,3,1,11,0,1,2,00,2,7,19,201000050105B01,7,1,1
201000050119,2010-09-05,2010,septembre,dimanche,19:00,93,93071,0,0,2,1,3,1,1,4,2,02,1,1,000,000,1,0,1,4,1,26,0,1,2,01,2,1,1,201000050119B01,7,11,1
201000050133,2010-03-24,2010,mars,mercredi,12:00,93,93071,48.9453,2.51934,2,3,3,1,1,4,2,00,-1,-1,000,000,1,0,0,4,1,53,0,1,2,00,2,7,0,201000050133B01,7,0,1
201000050155,2010-08-18,2010,août,mercredi,17:25,93,93071,0,0,2,1,6,1,1,9,-1,00,2,1,000,000,1,0,5,4,1,35,0,1,2,00,0,0,0,201000050155A01,,,
201000050155,2010-08-18,2010,août,mercredi,17:25,93,93071,0,0,2,1,6,1,1,9,-1,00,2,1,000,000,1,0,5,3,1,44,0,1,8,00,0,0,0,201000050155A01,,,
201000050173,2010-12-19,2010,décembre,dimanche,10:17,93,93071,0,0,2,1,3,1,4,4,2,02,1,-1,000,000,7,0,1,3,1,21,0,1,9,00,2,0,0,201000050173B01,7,0,1
201000050199,2010-04-24,2010,avril,samedi,20:25,93,93007,48.9443,2.44728,2,1,3,2,1,3,2,01,1,1,000,000,1,0,1,4,2,36,9,1,2,00,2,8,1,201000050199B01,36,1,1
201000050215,2010-07-04,2010,juillet,dimanche,20:20,93,93007,0,0,2,1,2,1,1,4,2,02,2,2,000,000,1,2,1,4,1,15,5,1,2,00,2,4,1,201000050215B01,7,18,1
201000050248,2010-01-14,2010,janvier,jeudi,15:55,93,93008,48.9162,2.47544,2,1,3,1,1,4,2,02,1,2,000,000,1,0,1,4,1,29,0,1,9,00,2,1,1,201000050248V01,7,15,1
201000050266,2010-03-29,2010,mars,lundi,14:55,93,93008,48.9035,2.44563,2,1,6,1,1,3,1,02,1,1,000,000,1,0,1,4,2,74,0,1,9,00,2,1,5,201000050266V01,7,16,1
201000050269,2010-04-09,2010,avril,vendredi,18:45,93,93008,48.9089,2.44208,2,6,3,1,1,4,3,02,-1,-1,000,000,1,0,1,3,1,77,0,1,9,00,0,0,0,201000050269B01,7,12,1
201000050303,2010-08-31,2010,août,mardi,18:00,93,93008,0,0,2,1,3,1,1,9,-1,01,1,1,000,040,1,0,1,3,1,11,5,1,2,00,0,1,0,201000050303V01,7,0,1
201000050313,2010-09-17,2010,septembre,vendredi,12:00,93,93008,0,0,2,3,3,1,1,3,2,01,1,3,000,060,1,0,0,3,1,25,0,1,2,00,2,6,13,201000050313B01,7,1,1
201000050319,2010-09-29,2010,septembre,mercredi,1:,93,93008,0,0,2,6,3,3,1,4,3,02,-1,-1,000,000,2,0,1,3,1,36,0,1,9,00,0,0,0,201000050319B01,7,0,1
201000050322,2010-10-08,2010,octobre,vendredi,12:30,93,93008,0,0,2,1,3,1,1,4,1,01,1,1,000,000,1,0,4,4,1,53,1,1,2,00,2,0,0,201000050322B01,7,2,1
201000050334,2010-11-27,2010,novembre,samedi,15:10,93,93008,0,0,2,1,3,2,1,3,2,02,1,-1,000,000,1,4,1,3,1,48,0,1,9,00,0,3,0,201000050334B01,40,0,1
201000050367,2010-03-24,2010,mars,mercredi,16:20,93,93057,48.9058,2.50071,2,3,2,1,1,3,2,02,1,1,000,000,1,0,1,4,2,61,5,1,9,00,2,4,15,201000050367B01,7,1,1
201000050379,2010-04-25,2010,avril,dimanche,18:55,93,93010,48.8964,2.47931,2,3,3,1,1,4,2,01,1,1,000,050,1,0,1,3,1,11,5,1,9,00,2,1,11,201000050379B01,7,1,1
201000050397,2010-06-02,2010,juin,mercredi,15:25,93,93010,48.9077,2.49254,2,1,4,1,1,2,3,00,1,1,000,000,1,5,1,1,1,50,9,1,9,00,0,7,19,201000050397C01,7,23/2,2
201000050397,2010-06-02,2010,juin,mercredi,15:25,93,93010,48.9077,2.49254,2,1,4,1,1,2,3,00,1,1,000,000,1,5,1,1,2,10,0,1,9,00,0,7,19,201000050397C01,7,23/2,2
201000050421,2010-08-01,2010,août,dimanche,17:30,93,93010,0,0,2,1,2,1,1,2,1,00,1,-1,000,000,1,0,1,4,1,16,5,1,2,00,2,1,2,201000050421B01,7,2,1
201000050450,2010-10-25,2010,octobre,lundi,12:50,93,93010,0,0,2,1,3,1,1,9,1,02,1,1,020,030,1,0,0,1,1,14,0,1,9,00,2,0,5,201000050450B01,7,0,1
201000050467,2010-12-20,2010,décembre,lundi,21:35,93,93010,0,0,2,1,2,5,4,4,2,02,1,1,000,120,2,0,1,3,1,15,0,1,9,00,2,4,1,201000050467C01,7,0,1
201000050475,2010-07-26,2010,juillet,lundi,10:05,93,93013,0,0,2,1,3,1,1,2,2,06,1,1,010,150,1,0,1,4,1,45,0,1,9,00,2,8,2,201000050475A01,17,2,1
201000050478,2010-07-24,2010,juillet,samedi,20:00,93,93027,0,0,2,1,6,1,1,4,-1,01,1,1,000,000,1,0,1,3,1,20,9,1,2,00,2,4,0,201000050478A01,,,
201000050526,2010-08-31,2010,août,mardi,14:55,93,93013,0,0,2,1,5,1,1,2,1,02,2,1,000,000,1,0,1,4,1,77,0,1,2,00,0,4,0,201000050526C01,7,0,2
201000050532,2010-09-20,2010,septembre,lundi,19:30,93,93030,0,0,2,2,3,2,1,4,1,02,1,1,000,000,1,0,1,3,1,26,5,1,2,00,0,0,19,201000050532B01,7,15,1
201000050532,2010-09-20,2010,septembre,lundi,19:30,93,93030,0,0,2,2,3,2,1,4,1,02,1,1,000,000,1,0,1,3,2,3,5,1,3,00,0,0,19,201000050532B01,7,15,1
201000050569,2010-11-02,2010,novembre,mardi,73:0,93,93013,0,0,2,1,3,1,1,2,3,04,1,1,000,000,1,0,1,3,1,47,0,1,9,00,2,8,3,201000050569A01,15,1,1
201000050594,2010-03-02,2010,mars,mardi,17:10,93,93029,48.9282,2.43646,2,1,3,1,1,3,2,02,1,1,000,040,1,0,1,3,1,27,9,1,9,00,2,1,1,201000050594B01,7,22,1
201000050609,2010-04-24,2010,avril,samedi,17:25,93,93029,48.9255,2.43137,2,2,3,1,1,4,1,01,1,1,000,000,1,0,1,3,1,46,5,1,2,00,2,7,23,201000050609B01,7,15,1
201000050611,2010-04-28,2010,avril,mercredi,19:18,93,93029,48.9218,2.45531,2,1,6,1,1,3,2,02,1,1,000,180,1,0,1,4,1,17,5,1,9,00,2,1,2,201000050611A01,7,1,1
201000050614,2010-05-10,2010,mai,lundi,19:58,93,93029,48.9192,2.43728,2,1,3,1,2,4,2,02,1,1,000,000,2,0,5,3,1,27,9,1,9,01,2,3,1,201000050614B01,7,22,1
201000050619,2010-06-08,2010,juin,mardi,84:0,93,93029,48.9192,2.46236,2,6,3,1,1,4,1,01,1,1,000,050,1,0,1,4,1,18,9,1,9,00,2,1,1,201000050619B01,10,22,1
201000050622,2010-06-17,2010,juin,jeudi,90:7,93,93029,48.9226,2.4526,2,2,3,1,1,4,1,01,1,1,000,050,1,0,1,4,1,14,9,1,9,00,2,7,5,201000050622B01,7,1,1
201000050627,2010-07-12,2010,juillet,lundi,16:30,93,93029,0,0,2,1,3,1,1,4,-1,03,1,1,000,000,1,0,0,3,1,15,5,1,9,00,0,1,0,201000050627A01,7,0,1
201000050627,2010-07-12,2010,juillet,lundi,16:30,93,93029,0,0,2,1,3,1,1,4,-1,03,1,1,000,000,1,0,0,3,1,10,5,1,9,00,0,1,0,201000050627A01,7,0,1
201000050628,2010-07-24,2010,juillet,samedi,81:5,93,93029,0,0,2,1,3,1,1,4,2,02,1,-1,000,000,1,0,1,3,2,25,1,1,9,00,0,7,0,201000050628B01,7,0,1
201000050631,2010-08-03,2010,août,mardi,15:38,93,93029,0,0,2,1,3,1,1,4,2,00,1,-1,000,000,1,0,1,4,1,23,0,1,9,00,2,2,0,201000050631B01,7,0,1
201000050636,2010-08-19,2010,août,jeudi,15:45,93,93029,0,0,2,1,6,1,1,4,2,02,1,1,000,060,1,0,1,4,2,16,5,1,2,01,0,1,2,201000050636B01,7,22,1
201000050641,2010-09-11,2010,septembre,samedi,11:45,93,93029,0,0,2,1,6,1,1,4,2,02,1,1,000,000,1,0,1,3,1,74,5,1,9,01,0,1,0,201000050641B01,7,2,1
201000050645,2010-09-17,2010,septembre,vendredi,19:50,93,93029,0,0,2,1,6,1,1,4,2,02,1,1,000,000,1,0,1,4,1,51,1,1,9,00,2,1,0,201000050645B01,7,1,1
201000050702,2010-04-27,2010,avril,mardi,11:35,93,93031,48.9572,2.3213,2,1,6,1,1,3,2,02,1,-1,000,000,-1,0,0,3,1,15,5,1,9,00,2,1,19,201000050702B01,7,1,1
201000050728,2010-08-05,2010,août,jeudi,18:15,93,93031,0,0,2,1,3,1,1,4,2,02,1,1,000,040,1,0,1,4,2,20,5,1,9,00,0,7,16,201000050728B01,33,1,1
201000050754,2010-10-13,2010,octobre,mercredi,17:15,93,93031,0,0,2,3,1,1,1,4,2,02,1,1,000,030,1,0,1,3,2,53,0,1,9,00,0,0,19,201000050754B01,10,16,1
201000050793,2010-04-20,2010,avril,mardi,18:30,93,93047,48.8968,2.57568,2,3,2,1,1,4,1,01,2,1,000,000,1,0,1,4,1,28,1,1,2,00,2,1,17,201000050793A01,7,15,1
201000050799,2010-05-06,2010,mai,jeudi,16:15,93,93032,48.8842,2.53681,2,1,7,1,1,4,1,01,2,1,000,025,1,0,3,3,1,16,2,1,9,01,0,1,1,201000050799A01,,,
201000050801,2010-05-20,2010,mai,jeudi,19:45,93,93032,48.8767,2.54936,2,1,2,1,1,2,3,02,1,1,000,000,1,0,1,3,1,31,9,1,9,00,2,1,2,201000050801B01,7,13,1
201000050806,2010-06-06,2010,juin,dimanche,15:00,93,93047,48.8985,2.5614,2,1,3,1,1,4,1,00,1,1,000,000,1,0,1,3,1,12,5,1,9,00,2,1,9,201000050806A01,7,1,1