Num_Acc,date,an,mois,jour,hrmn,dep,com,lat,long,agg,int,col,lum,atm,catr,circ,nbv,prof,plan,lartpc,larrout,surf,infra,situ,grav,sexe,age,trajet,secuexist,equipement,obs,obsm,choc,manv,vehiculeid,typevehicules,manoeuvehicules,numVehicules
201000050820,2010-07-14,2010,juillet,mercredi,11:00,93,93047,0,0,2,2,3,1,2,3,2,02,1,1,000,000,2,0,1,3,1,17,9,1,2,00,2,1,2,201000050820B01,7,10,1
201000050824,2010-08-10,2010,août,mardi,64:5,93,93047,0,0,2,1,2,1,1,4,2,00,2,1,000,060,1,0,1,3,1,32,1,1,9,00,2,1,1,201000050824B01,7,2,1
201000050863,2010-06-25,2010,juin,vendredi,13:35,93,93006,48.8676,2.42958,2,1,6,1,1,4,2,01,1,1,000,000,1,0,1,3,1,45,5,1,2,00,1,1,1,201000050863B01,,,
201000050866,2010-07-15,2010,juillet,jeudi,16:58,93,93006,0,0,2,1,1,1,1,4,2,01,1,1,000,000,1,0,1,3,1,11,5,1,9,00,2,8,9,201000050866B01,7,1,1
201000050891,2010-05-09,2010,mai,dimanche,14:00,93,93006,48.873,2.42911,2,1,2,1,1,3,2,01,1,1,000,000,1,0,1,3,2,27,0,1,2,00,2,1,1,201000050891B01,7,23,1
201000050893,2010-01-08,2010,janvier,vendredi,91:0,93,93061,48.887,2.40778,2,3,3,1,8,4,2,01,1,1,000,000,1,0,1,3,1,34,1,1,9,00,0,0,5,201000050893B01,10,17,1
201000050924,2010-06-25,2010,juin,vendredi,21:45,93,93006,48.8699,2.42116,2,2,7,1,1,4,2,01,1,1,000,000,1,0,1,3,2,19,9,1,9,00,0,7,1,201000050924A01,,,
201000050982,2010-03-21,2010,mars,dimanche,83:5,93,93015,48.9244,2.5699,2,6,3,1,1,3,2,02,1,1,000,000,1,0,1,3,1,66,5,1,2,00,2,7,1,201000050982B01,7,9,1
201000050992,2010-04-07,2010,avril,mercredi,15:05,93,93046,48.9235,2.54588,2,3,3,1,1,2,3,02,1,1,020,120,1,0,1,4,2,76,9,1,2,00,2,7,1,201000050992B01,7,9,1
201000051005,2010-05-09,2010,mai,dimanche,18:10,93,93046,48.9312,2.5454,2,1,3,1,1,4,2,02,1,1,000,000,1,5,1,4,1,12,5,1,2,01,2,1,6,201000051005B01,7,2,1
201000051016,2010-06-09,2010,juin,mercredi,18:15,93,93046,48.9129,2.52213,2,3,1,1,3,4,2,02,1,1,000,000,2,0,1,3,1,51,5,1,4,00,2,7,1,201000051016B01,7,16,1
201000051053,2010-09-21,2010,septembre,mardi,17:24,93,93046,0,0,2,1,1,1,1,4,2,,2,1,000,060,1,0,1,4,1,16,1,1,2,00,2,0,0,201000051053B01,7,1,1
201000051058,2010-09-28,2010,septembre,mardi,65:5,93,93074,0,0,2,1,6,1,1,4,1,01,1,1,000,120,1,0,1,4,1,36,1,1,2,00,2,1,1,201000051058B01,7,22,1
201000051066,2010-10-07,2010,octobre,jeudi,10:45,93,93015,0,0,1,6,1,1,1,4,2,02,2,1,000,060,1,0,1,4,1,73,5,1,2,00,2,7,1,201000051066B01,7,1,1
201000051072,2010-10-30,2010,octobre,samedi,10:55,93,93046,0,0,2,3,1,1,2,4,-1,01,1,1,000,000,2,0,1,4,1,52,4,1,9,00,2,1,5,201000051072A01,7,11,1
201000051090,2010-01-05,2010,janvier,mardi,81:5,93,93048,48.851,2.42312,2,1,1,2,1,4,2,02,1,1,000,060,1,0,1,3,2,19,2,1,2,00,2,1,1,201000051090B01,10,1,1
201000051108,2010-03-13,2010,mars,samedi,20:00,93,93048,48.8619,2.43695,2,1,3,5,1,3,1,01,1,1,000,060,1,0,1,4,1,55,1,1,2,09,2,1,15,201000051108Y01,10,2,1
201000051109,2010-03-11,2010,mars,jeudi,20:10,93,93048,48.8735,2.45395,2,1,6,4,1,2,2,02,1,1,000,000,1,0,1,4,2,29,9,1,2,00,1,1,1,201000051109A01,,,
201000051121,2010-04-23,2010,avril,vendredi,84:5,93,93048,48.8537,2.43312,2,2,3,1,1,4,2,01,1,1,000,000,1,0,1,4,2,39,1,1,2,00,0,8,1,201000051121B01,10,1,1
201000051142,2010-06-23,2010,juin,mercredi,18:40,93,93048,48.8765,2.45464,2,2,1,1,1,4,2,01,1,1,000,040,1,0,1,3,1,16,9,1,9,00,2,7,1,201000051142B01,7,1,1
201000051143,2010-06-25,2010,juin,vendredi,15:25,93,93048,48.8574,2.44007,2,2,3,1,1,3,4,04,2,1,000,060,1,5,1,4,2,30,9,1,2,12,2,1,1,201000051143A01,7,15,1
201000051197,2010-10-12,2010,octobre,mardi,82:5,93,93048,0,0,2,3,7,1,1,4,2,01,1,1,050,050,1,0,1,1,1,59,0,1,9,01,0,0,13,201000051197A01,32,13,1
201000051207,2010-10-26,2010,octobre,mardi,19:30,93,93048,0,0,2,2,3,5,1,3,2,00,1,1,000,000,1,0,1,4,1,24,0,1,2,00,0,1,2,201000051207B01,7,2,1
201000051244,2010-05-21,2010,mai,vendredi,14:45,93,93050,48.8712,2.53396,2,6,3,1,1,4,1,02,1,2,000,000,1,0,1,4,2,40,5,1,9,00,2,8,9,201000051244B01,7,17,1
201000051289,2010-02-15,2010,février,lundi,83:5,93,93051,48.8451,2.54942,2,3,6,1,1,4,-1,01,-1,1,000,000,1,0,4,4,2,28,9,1,9,06,1,1,1,201000051289A01,,,
201000051297,2010-04-29,2010,avril,jeudi,17:15,93,93051,48.8303,2.58477,2,2,3,1,1,2,3,02,1,1,000,000,1,5,1,3,1,59,5,1,9,00,2,7,1,201000051297B01,7,1,1
201000051314,2010-07-20,2010,juillet,mardi,12:40,93,93051,0,0,2,3,6,1,1,4,-1,01,1,3,040,020,1,0,4,1,1,18,5,1,2,00,1,1,16,201000051314A01,,,
201000051317,2010-08-31,2010,août,mardi,16:00,93,93051,0,0,2,1,6,1,1,4,2,01,1,1,000,035,1,0,1,3,2,33,0,1,9,00,0,0,0,201000051317A01,,,
201000051327,2010-10-22,2010,octobre,vendredi,17:00,93,93033,0,0,2,1,2,1,1,4,2,02,1,1,000,070,1,0,1,4,1,14,5,1,2,00,2,1,2,201000051327A01,7,2,1
201000051330,2010-10-26,2010,octobre,mardi,18:30,93,93051,0,0,2,1,3,5,1,4,2,00,1,1,000,075,1,0,1,3,1,10,5,1,9,00,0,1,0,201000051330B01,7,0,1
201000051332,2010-11-04,2010,novembre,jeudi,19:10,93,93051,0,0,2,1,2,5,1,4,2,02,1,1,000,050,1,0,1,3,1,30,5,1,9,00,2,1,2,201000051332B01,7,2,1
201000051384,2010-09-20,2010,septembre,lundi,20:05,93,93053,0,0,2,1,6,5,1,4,-1,01,1,1,000,000,1,0,1,3,1,15,0,1,9,00,9,1,0,201000051384B01,33,0,1
201000051394,2010-11-12,2010,novembre,vendredi,12:50,93,93053,0,0,2,1,6,1,2,4,1,01,1,1,000,050,2,0,1,3,2,36,5,1,2,01,0,1,1,201000051394A01,,,
201000051476,2010-11-24,2010,novembre,mercredi,63:5,93,93055,0,0,2,3,6,5,3,2,2,04,1,1,000,180,2,0,1,4,1,38,1,1,2,00,0,1,8,201000051476B01,7,15,1
201000051499,2010-03-10,2010,mars,mercredi,13:00,93,93014,48.9082,2.53391,2,1,2,1,1,4,2,02,1,1,015,060,1,0,1,4,1,48,1,1,2,00,2,1,2,201000051499A01,7,1,1
201000051517,2010-05-21,2010,mai,vendredi,11:30,93,93014,48.9131,2.54827,2,2,6,1,1,2,2,02,2,1,000,040,1,5,1,4,1,64,9,1,9,00,1,6,1,201000051517A01,,,
201000051518,2010-05-22,2010,mai,samedi,16:50,93,93062,48.8968,2.52418,2,3,3,1,1,3,2,02,2,1,000,000,1,0,1,3,1,17,5,1,9,14,2,1,1,201000051518A01,7,1,1
201000051536,2010-09-03,2010,septembre,vendredi,10:59,93,93014,0,0,2,3,3,1,1,4,3,02,2,1,000,110,1,0,4,3,2,27,4,1,2,00,0,3,0,201000051536B01,7,0,1
201000051541,2010-10-06,2010,octobre,mercredi,16:24,93,93062,0,0,2,1,1,1,8,4,2,02,2,1,000,080,2,0,1,3,1,12,5,1,9,00,2,7,1,201000051541B01,7,1,1
201000051542,2010-10-10,2010,octobre,dimanche,16:00,93,93077,0,0,2,2,1,1,1,3,-1,00,1,1,000,000,1,0,1,4,1,10,0,1,2,00,2,1,16,201000051542A01,7,23,1
201000051621,2010-07-05,2010,juillet,lundi,12:10,93,93077,0,0,2,2,6,1,1,4,1,01,1,1,000,050,1,0,1,4,1,65,5,1,2,00,2,1,1,201000051621B01,7,24,1
201000051633,2010-08-06,2010,août,vendredi,14:40,93,93064,0,0,2,1,2,1,1,3,2,03,1,1,000,120,1,0,1,4,1,53,5,1,9,00,2,1,0,201000051633B01,7,0,1
201000051654,2010-11-28,2010,novembre,dimanche,17:35,93,93064,0,0,2,2,6,1,1,2,2,04,1,1,000,150,1,0,1,4,1,29,5,1,9,00,2,1,1,201000051654B01,7,1,1
201000051687,2010-02-19,2010,février,vendredi,13:30,93,93066,48.9186,2.36177,2,1,3,1,1,4,2,02,1,1,000,000,1,0,1,4,2,28,1,1,2,00,2,0,1,201000051687B01,7,22,1
201000051707,2010-03-19,2010,mars,vendredi,19:00,93,93066,48.9309,2.34144,2,1,3,5,2,2,1,02,1,1,000,000,2,0,1,3,1,61,1,1,9,00,0,3,17,201000051707B01,7,14,1
201000051740,2010-04-27,2010,avril,mardi,18:25,93,93066,48.9094,2.35854,2,2,3,1,1,2,1,02,1,1,000,080,1,0,1,3,2,9,5,1,9,00,2,1,19,201000051740B01,7,2,1
201000051744,2010-05-04,2010,mai,mardi,16:35,93,93066,48.9307,2.34135,2,1,7,1,1,2,2,04,1,1,000,000,1,1,1,1,1,77,0,1,9,00,2,0,12,201000051744A01,33,2,1
201000051805,2010-07-04,2010,juillet,dimanche,18:36,93,93066,0,0,2,2,3,1,1,3,2,02,-1,-1,000,000,-1,0,1,4,2,23,0,1,9,00,0,0,2,201000051805A01,7,2,1
201000051818,2010-07-26,2010,juillet,lundi,13:50,93,93066,0,0,2,1,6,1,1,4,1,01,1,1,000,100,1,0,1,3,1,19,9,1,9,00,2,7,16,201000051818B01,7,2,1
201000051877,2010-11-08,2010,novembre,lundi,12:00,93,93066,0,0,2,1,3,1,3,4,2,04,1,1,000,000,2,0,1,3,1,42,0,1,9,00,2,0,0,201000051877A01,7,0,1
201000051883,2010-11-15,2010,novembre,lundi,18:17,93,93039,0,0,2,1,1,5,8,3,2,02,1,1,000,025,2,0,1,3,1,52,1,1,2,00,0,8,11,201000051883A01,10,1,1
201000051887,2010-11-18,2010,novembre,jeudi,21:00,93,93066,0,0,2,2,3,5,1,3,2,04,1,1,000,000,2,5,1,4,1,37,0,1,2,00,2,8,1,201000051887A01,10,1,1
201000051888,2010-11-19,2010,novembre,vendredi,80:0,93,93066,0,0,2,1,3,1,8,3,2,00,1,1,000,000,2,0,1,3,1,54,0,1,2,00,0,0,0,201000051888B01,7,15,1
201000051896,2010-11-30,2010,novembre,mardi,18:00,93,93066,0,0,2,1,3,3,8,4,1,02,1,1,000,000,1,0,1,3,1,49,0,1,2,00,0,0,0,201000051896B01,7,0,1
201000051934,2010-04-29,2010,avril,jeudi,11:46,93,93070,48.9133,2.33555,2,1,2,1,1,3,1,03,1,1,000,000,1,0,1,4,1,61,4,1,2,00,2,4,11,201000051934B01,34,1,1
201000051950,2010-06-13,2010,juin,dimanche,20:55,93,93070,48.9012,2.33502,2,2,3,2,1,4,1,01,-1,-1,000,000,-1,0,1,4,1,15,5,1,9,00,2,7,6,201000051950B01,7,1,1
201000052093,2010-04-01,2010,avril,jeudi,16:35,93,93078,48.9525,2.53008,2,1,1,1,1,3,2,02,1,1,000,080,1,0,1,4,2,19,5,1,2,00,0,1,19,201000052093A01,7,1,1
201000052179,2010-05-08,2010,mai,samedi,21:35,94,94002,48.7868,2.42583,2,4,1,5,2,4,2,02,1,1,000,048,2,0,1,4,1,10,3,1,9,00,2,7,19,201000052179B01,7,1,1
201000052214,2010-02-01,2010,février,lundi,14:45,94,94075,48.7209,2.52529,2,1,2,1,1,4,2,00,1,1,030,060,1,0,1,4,1,46,5,1,9,00,2,1,1,201000052214B01,7,4,1
201000052277,2010-09-16,2010,septembre,jeudi,13:40,94,94044,48.7442,2.47588,2,1,3,1,8,4,2,02,1,3,000,000,1,0,1,3,1,64,5,1,9,00,2,5,17,201000052277A01,37,1,1
201000052280,2010-09-22,2010,septembre,mercredi,15:05,94,94071,48.7638,2.52468,2,1,3,1,1,4,2,02,2,1,060,060,1,0,1,4,1,13,5,1,9,00,2,4,19,201000052280B01,37,1,1
201000052282,2010-09-27,2010,septembre,lundi,20:45,94,94044,48.7519,2.48753,2,3,3,5,1,3,2,02,1,3,000,000,1,0,1,4,1,44,9,1,9,00,2,3,1,201000052282B01,7,1,1
201000052295,2010-10-22,2010,octobre,vendredi,71:5,94,94044,0,0,2,1,3,5,1,3,2,04,1,1,150,060,1,5,1,4,1,30,1,1,9,00,2,2,15,201000052295A01,7,1,1
201000052348,2010-02-23,2010,février,mardi,84:0,94,94017,48.8159,2.56161,2,6,7,1,2,4,1,02,1,2,000,000,2,0,1,4,1,48,5,1,9,00,2,4,1,201000052348B01,7,1,1
201000052363,2010-04-10,2010,avril,samedi,22:00,94,94017,48.8119,2.5128,2,2,4,5,1,3,1,01,1,1,000,000,1,0,1,4,1,16,5,1,9,00,2,1,1,201000052363B01,7,1,1
201000052363,2010-04-10,2010,avril,samedi,22:00,94,94017,48.8119,2.5128,2,2,4,5,1,3,1,01,1,1,000,000,1,0,1,4,1,17,5,1,9,00,2,2,1,201000052363C01,7,1,1
201000052378,2010-05-17,2010,mai,lundi,10:00,94,94017,48.8143,2.50865,2,3,3,1,1,2,-1,01,1,-1,000,000,1,0,1,4,1,38,5,1,2,01,0,1,1,201000052378B01,13,22,1
201000052400,2010-07-04,2010,juillet,dimanche,19:35,94,94017,48.8305,2.49858,2,4,3,1,1,4,2,02,1,1,000,000,1,0,1,4,1,34,5,1,2,00,2,1,1,201000052400B01,7,15,1
201000052409,2010-08-02,2010,août,lundi,12:50,94,94017,48.8307,2.49777,2,1,3,1,1,4,2,02,1,3,000,000,1,0,1,4,1,26,1,1,9,00,2,1,1,201000052409B01,10,4,1
201000052426,2010-10-01,2010,octobre,vendredi,16:25,94,94017,0,0,2,2,3,1,1,2,2,02,1,1,000,000,1,0,1,4,1,19,9,1,2,00,2,8,13,201000052426B01,7,15,1
201000052432,2010-10-11,2010,octobre,lundi,10:35,94,94017,0,0,2,1,2,1,1,4,2,01,1,1,000,000,1,0,1,4,1,18,9,1,2,00,2,1,2,201000052432B01,10,23,1
201000052475,2010-05-11,2010,mai,mardi,14:00,94,94069,48.8179,2.44273,2,1,6,1,2,3,2,02,1,1,000,080,2,6,0,3,2,29,1,1,2,00,0,6,11,201000052475B01,7,1,1
201000052504,2010-08-13,2010,août,vendredi,13:05,94,94069,48.8213,2.42017,2,1,6,1,1,4,1,01,1,1,000,000,1,0,4,1,1,62,5,1,9,00,1,2,1,201000052504A01,,,
201000052509,2010-09-21,2010,septembre,mardi,83:0,94,94018,48.8251,2.4061,2,1,3,1,1,3,-1,03,1,1,000,060,1,0,1,4,2,55,1,1,9,01,2,1,1,201000052509B01,7,22,1
201000052523,2010-10-26,2010,octobre,mardi,15:15,94,94018,0,0,2,1,3,1,1,3,1,01,2,1,000,061,1,0,1,4,1,24,9,1,2,01,0,1,1,201000052523B01,7,22,1
201000052570,2010-04-08,2010,avril,jeudi,16:45,94,94079,48.8244,2.53432,2,1,7,1,1,4,2,02,2,1,000,075,1,0,1,3,1,17,5,1,9,14,0,1,1,201000052570A01,,,
201000052639,2010-10-07,2010,octobre,jeudi,14:50,94,94055,0,0,2,1,3,1,1,3,2,02,1,1,000,040,1,0,1,3,2,12,5,1,2,00,2,1,1,201000052639B01,15,17,1
201000052696,2010-04-21,2010,avril,mercredi,11:10,94,94022,48.7629,2.40145,2,2,3,1,7,2,3,04,1,1,000,000,1,0,1,3,2,39,5,1,2,00,2,8,16,201000052696B01,7,15,1
201000052711,2010-07-21,2010,juillet,mercredi,93:5,94,94054,48.7458,2.41029,1,6,1,1,2,3,2,01,1,1,000,042,2,0,1,4,1,55,5,1,9,00,2,7,15,201000052711B01,7,9,1
201000052796,2010-04-05,2010,avril,lundi,19:00,94,94028,48.7801,2.4454,2,1,6,1,1,6,-1,00,-1,-1,000,000,1,6,0,1,1,10,5,1,9,00,1,1,1,201000052796A01,,,
201000052803,2010-04-18,2010,avril,dimanche,18:31,94,94028,48.7838,2.44727,2,1,3,1,1,2,2,04,1,1,030,060,1,0,1,3,2,9,5,1,9,00,1,1,15,201000052803A01,7,1,1
201000052811,2010-04-23,2010,avril,vendredi,19:25,94,94028,48.7974,2.45643,2,3,1,1,1,2,2,04,1,1,000,000,1,0,1,4,2,11,1,1,4,00,2,1,5,201000052811B01,7,16,1
201000052846,2010-06-25,2010,juin,vendredi,18:30,94,94028,48.7867,2.46892,2,3,3,1,1,2,2,04,1,1,040,120,1,0,1,4,2,55,5,1,2,00,2,1,19,201000052846B01,7,16,1
201000052871,2010-08-20,2010,août,vendredi,15:06,94,94028,48.7877,2.45059,2,3,2,1,1,2,2,04,1,1,060,120,1,0,1,4,2,17,5,1,2,00,2,4,1,201000052871B01,30,1,1
201000052871,2010-08-20,2010,août,vendredi,15:06,94,94028,48.7877,2.45059,2,3,2,1,1,2,2,04,1,1,060,120,1,0,1,4,2,1,0,1,2,00,2,4,1,201000052871B01,30,1,1
201000052896,2010-10-11,2010,octobre,lundi,18:15,94,94028,0,0,2,6,3,1,1,4,2,02,1,1,060,060,1,5,1,4,1,35,9,1,2,00,2,7,1,201000052896B01,7,9,1
201000052904,2010-10-25,2010,octobre,lundi,90:0,94,94028,0,0,2,4,3,1,1,4,2,02,1,1,,,1,5,1,4,1,40,5,1,4,00,2,8,1,201000052904B01,7,15,1
201000052935,2010-12-01,2010,décembre,mercredi,21:10,94,94028,0,0,2,1,2,5,4,4,2,02,1,1,060,060,5,0,1,4,2,29,9,1,4,00,2,4,1,201000052935A01,7,1,1
201000052989,2010-11-25,2010,novembre,jeudi,11:30,94,94033,0,0,2,6,3,1,1,4,1,02,4,3,,,1,0,5,4,1,20,9,1,2,00,2,8,5,201000052989A01,7,16,1
201000053001,2010-02-05,2010,février,vendredi,75:5,94,94003,48.8048,2.3252,2,1,3,2,2,2,1,02,1,1,000,120,2,0,1,4,1,27,9,1,9,00,0,1,1,201000053001B01,33,1,1
201000053047,2010-04-14,2010,avril,mercredi,16:20,94,94003,48.8101,2.32675,2,5,3,1,1,2,2,04,1,3,000,000,1,6,5,4,1,12,5,1,9,00,0,7,19,201000053047B01,7,1,1
201000053079,2010-06-07,2010,juin,lundi,16:05,94,94076,48.7976,2.35486,2,1,7,1,1,4,2,01,1,1,000,000,1,0,4,4,1,79,5,1,9,14,0,0,1,201000053079A01,,,
201000053097,2010-07-08,2010,juillet,jeudi,73:5,94,94003,48.8082,2.32638,2,3,2,1,1,2,1,04,1,1,030,120,1,0,1,4,1,40,5,1,2,00,2,3,21,201000053097B01,10,16,1
201000053141,2010-09-20,2010,septembre,lundi,12:35,94,94016,48.7948,2.33502,2,2,6,1,1,3,-1,00,1,1,000,000,1,0,1,4,2,31,9,1,9,00,2,8,19,201000053141B02,32,1,1
201000053159,2010-10-18,2010,octobre,lundi,15:45,94,94076,0,0,2,1,3,1,1,2,3,03,1,1,015,030,1,0,1,4,1,36,0,1,9,00,2,4,9,201000053159A01,32,14,1
201000053163,2010-10-23,2010,octobre,samedi,17:50,94,94037,0,0,2,4,7,1,8,3,2,01,1,1,,,1,6,1,4,1,26,9,1,9,00,2,1,1,201000053163B01,7,14,1
201000053192,2010-12-07,2010,décembre,mardi,85:5,94,94076,0,0,1,1,7,1,8,2,1,03,1,1,000,000,1,0,1,4,1,53,9,1,9,00,0,8,17,201000053192B01,14,1,1
201000053194,2010-12-08,2010,décembre,mercredi,19:05,94,94016,0,0,2,1,2,5,4,3,2,02,1,1,000,000,5,0,1,4,2,49,9,1,4,00,2,4,23,201000053194B01,7,2,1
201000053255,2010-05-20,2010,mai,jeudi,13:15,94,94065,48.7479,2.36786,2,1,6,1,1,2,1,02,1,1,000,000,1,0,1,4,1,42,1,1,2,00,0,0,11,201000053255B01,34,1,1
201000053266,2010-06-02,2010,juin,mercredi,23:20,94,94073,48.7525,2.37194,2,1,1,4,1,4,1,00,2,1,000,000,1,0,1,4,1,47,5,1,9,00,2,1,1,201000053266B01,7,5,1
201000053309,2010-09-04,2010,septembre,samedi,14:10,94,94038,48.7763,2.34011,2,2,3,1,1,3,3,04,1,1,000,000,1,0,1,4,1,42,5,1,1,00,0,8,1,201000053309B01,7,15,1
201000053317,2010-09-16,2010,septembre,jeudi,93:5,94,94038,48.7788,2.35204,2,3,3,1,7,4,1,01,1,-1,000,000,1,0,1,4,1,31,1,1,1,00,2,1,2,201000053317A01,7,15,1
201000053325,2010-10-12,2010,octobre,mardi,84:0,94,94038,0,0,2,1,3,1,1,3,2,01,1,1,000,000,1,0,1,4,1,55,1,1,9,00,2,8,2,201000053325B01,32,17,1
201000053421,2010-07-20,2010,juillet,mardi,11:55,94,94041,48.8017,2.3792,2,1,3,1,1,2,2,01,1,1,000,200,1,0,4,4,1,24,4,1,9,00,2,1,1,201000053421B01,10,9,1
201000053434,2010-09-22,2010,septembre,mercredi,84:0,94,94041,48.819,2.37382,2,1,6,1,1,3,2,01,1,1,000,086,1,0,5,4,2,34,1,1,2,00,2,1,1,201000053434B01,7,9,1
201000053436,2010-09-29,2010,septembre,mercredi,19:20,94,94041,48.8216,2.39381,2,1,3,1,8,2,1,01,1,1,000,030,1,0,4,4,1,19,9,1,2,00,2,1,1,201000053436A01,10,16,1
201000053452,2010-11-09,2010,novembre,mardi,84:5,94,94041,0,0,2,3,7,1,2,4,1,01,1,1,,,2,,3,4,1,18,9,1,4,01,0,1,1,201000053452A01,,,
201000053570,2010-01-21,2010,janvier,jeudi,95:0,94,94052,48.8426,2.4917,2,3,3,1,2,4,1,01,1,1,107,050,2,0,1,4,1,34,4,1,2,00,2,7,19,201000053570B01,7,1,1
201000053604,2010-05-22,2010,mai,samedi,11:25,94,94042,48.8201,2.47438,2,6,5,1,1,2,2,03,1,1,000,118,1,0,1,3,2,60,5,1,2,00,2,1,1,201000053604B01,7,20/1,2
201000053625,2010-07-21,2010,juillet,mercredi,19:30,94,94042,48.8201,2.47936,2,1,2,1,8,2,2,02,1,1,000,148,1,0,1,4,1,27,5,1,9,00,2,1,2,201000053625A01,2,1,1
201000053634,2010-09-04,2010,septembre,samedi,13:40,94,94052,48.8355,2.49405,2,2,3,1,1,3,2,02,1,1,000,000,1,5,1,4,1,24,5,1,2,00,2,8,1,201000053634B01,7,15,1
201000053641,2010-09-12,2010,septembre,dimanche,10:20,94,94058,48.8492,2.50888,2,1,2,1,2,3,2,01,1,1,000,083,1,0,1,4,1,39,5,1,2,00,2,1,1,201000053641A01,7,1,1
201000053642,2010-09-15,2010,septembre,mercredi,10:15,94,94058,48.8421,2.5048,2,1,3,1,1,3,2,02,1,1,000,060,1,0,1,4,1,13,2,1,2,00,2,8,19,201000053642A01,32,1,1
201000053662,2010-11-08,2010,novembre,lundi,19:00,94,94052,0,0,2,2,3,5,8,4,2,02,2,-1,000,065,2,0,1,4,1,33,1,1,9,00,0,3,1,201000053662B01,7,1,1
201000053684,2010-02-08,2010,février,lundi,13:25,94,94068,48.7981,2.48402,2,1,3,1,1,4,1,01,1,1,000,059,1,0,1,4,1,49,1,1,9,00,2,1,19,201000053684A01,7,1,1
201000053686,2010-02-15,2010,février,lundi,19:00,94,94068,48.7954,2.47669,2,3,3,5,1,4,2,02,1,1,000,065,1,0,1,3,2,15,5,1,9,00,2,0,15,201000053686B01,7,1,1
201000053701,2010-04-02,2010,avril,vendredi,84:8,94,94068,48.7891,2.47653,2,2,3,1,1,4,1,01,1,1,000,060,1,0,1,4,2,19,9,1,9,00,2,1,1,201000053701A01,7,1,1
201000053706,2010-04-08,2010,avril,jeudi,15:20,94,94068,48.8053,2.48395,2,2,2,1,1,4,4,02,3,1,000,040,1,0,1,4,2,44,5,1,9,00,2,1,16,201000053706B01,7,15,1
201000053710,2010-04-13,2010,avril,mardi,18:30,94,94068,48.7992,2.47275,2,1,3,1,1,3,2,02,-1,-1,000,060,1,0,1,4,1,59,1,1,9,00,2,8,1,201000053710B01,10,16,1
201000053717,2010-05-04,2010,mai,mardi,16:45,94,94068,48.8005,2.51211,2,1,2,1,1,4,2,02,1,1,000,060,1,0,1,3,2,46,1,1,9,00,2,3,2,201000053717B01,10,4,1
201000053730,2010-06-24,2010,juin,jeudi,22:40,94,94068,48.8108,2.48183,2,1,2,5,1,4,1,01,3,1,000,038,1,0,1,4,2,63,5,1,9,00,2,1,1,201000053730B01,7,4,1
201000053732,2010-06-29,2010,juin,mardi,10:50,94,94068,48.8043,2.48638,2,1,3,1,1,3,2,02,1,1,000,088,1,0,1,4,2,53,9,1,9,00,2,8,1,201000053732B01,7,2,1
201000053733,2010-06-29,2010,juin,mardi,20:15,94,94068,48.8096,2.49554,2,1,3,1,1,4,2,02,1,1,000,070,1,0,1,4,1,12,5,1,9,00,2,1,9,201000053733A01,7,1,1
201000053758,2010-10-06,2010,octobre,mercredi,85:0,94,94068,0,0,2,2,3,1,1,3,2,02,1,1,000,080,1,0,1,4,1,15,2,1,9,00,2,7,1,201000053758A01,7,17,1
201000053763,2010-10-18,2010,octobre,lundi,83:0,94,94068,0,0,2,4,2,1,1,2,3,02,2,2,000,060,1,5,1,4,1,28,9,1,9,00,2,1,2,201000053763A01,7,16,1
201000053769,2010-11-09,2010,novembre,mardi,14:25,94,94068,0,0,2,1,3,1,8,3,2,02,1,1,000,030,2,0,1,4,1,19,9,1,9,00,2,1,9,201000053769A01,10,1,1
201000053796,2010-02-04,2010,février,jeudi,95:5,94,94074,48.7573,2.45249,2,1,7,1,1,4,2,02,1,1,000,060,1,0,1,4,1,69,5,1,2,00,2,3,19,201000053796B01,7,1,1
201000053819,2010-04-18,2010,avril,dimanche,11:00,94,94074,48.7479,2.4675,2,1,3,1,1,3,2,02,2,1,000,050,1,0,1,4,1,15,5,1,2,00,2,1,17,201000053819B01,7,15,1
201000053888,2010-10-12,2010,octobre,mardi,14:20,94,94077,0,0,2,2,3,1,1,4,1,01,1,1,000,050,1,5,1,4,2,43,1,1,2,00,2,3,1,201000053888B01,7,1,1
201000053925,2010-01-04,2010,janvier,lundi,75:5,94,94080,48.8466,2.45608,2,3,3,3,1,4,2,02,1,1,000,000,1,0,1,4,2,42,9,1,9,00,2,1,19,201000053925B01,7,15,1
201000053929,2010-01-14,2010,janvier,jeudi,18:30,94,94080,48.8452,2.43155,2,2,3,5,7,2,2,02,1,1,000,000,1,0,1,4,2,33,1,1,9,01,0,2,1,201000053929B01,7,22,1
201000053932,2010-01-29,2010,janvier,vendredi,14:25,94,94080,48.8487,2.42971,2,1,3,1,2,3,2,02,1,1,000,000,-1,0,1,4,1,38,5,1,9,01,0,1,1,201000053932B01,7,22,1
201000053943,2010-03-14,2010,mars,dimanche,11:30,94,94067,48.8454,2.41987,2,1,6,1,1,3,2,02,1,1,000,000,1,0,1,1,1,36,5,1,9,00,1,1,1,201000053943A01,,,
201000053961,2010-06-02,2010,juin,mercredi,21:30,94,94080,48.845,2.43459,2,2,1,2,7,2,2,04,1,1,000,000,1,0,1,4,1,63,5,1,9,00,2,7,15,201000053961A01,7,1,1
201000053964,2010-06-08,2010,juin,mardi,14:00,94,94080,48.846,2.43087,2,2,2,1,1,4,1,01,1,1,000,030,1,0,1,4,1,16,4,1,9,00,2,1,1,201000053964A01,7,23,1