Num_Acc,date,an,mois,jour,hrmn,dep,com,lat,long,agg,int,col,lum,atm,catr,circ,nbv,prof,plan,lartpc,larrout,surf,infra,situ,grav,sexe,age,trajet,secuexist,equipement,obs,obsm,choc,manv,vehiculeid,typevehicules,manoeuvehicules,numVehicules
201000058804,2010-05-28,2010,mai,vendredi,17:20,69,69387,0,0,2,3,3,1,2,4,2,04,1,1,000,000,2,0,1,4,2,19,0,1,9,00,2,1,1,201000058804B01,7,1,1
201000058806,2010-06-02,2010,juin,mercredi,17:05,69,69387,0,0,2,1,7,1,1,4,2,02,1,1,000,100,1,0,5,4,1,56,9,1,9,00,0,1,1,201000058806A01,,,
201000058807,2010-06-02,2010,juin,mercredi,15:35,69,69387,0,0,2,1,1,1,1,4,2,02,2,1,000,000,1,2,5,4,1,29,1,1,9,00,9,1,1,201000058807B01,1,5,1
201000058807,2010-06-02,2010,juin,mercredi,15:35,69,69387,0,0,2,1,1,1,1,4,2,02,2,1,000,000,1,2,5,1,2,19,5,1,9,00,9,1,5,201000058807A01,1,1,1
201000058822,2010-07-19,2010,juillet,lundi,19:30,69,69387,0,0,2,1,1,1,1,4,1,01,1,1,000,103,1,0,1,4,2,27,5,1,2,00,2,1,1,201000058822B01,7,24,1
201000058829,2010-08-25,2010,août,mercredi,14:15,69,69387,0,0,2,2,7,1,1,4,2,03,1,1,000,102,1,0,1,4,1,29,5,1,2,00,0,0,8,201000058829B01,7,15,1
201000058833,2010-09-04,2010,septembre,samedi,18:00,69,69387,0,0,2,1,3,1,1,4,1,03,1,1,000,095,1,0,1,4,1,65,5,1,2,00,2,0,19,201000058833B01,7,1,1
201000058847,2010-10-08,2010,octobre,vendredi,16:25,69,69387,0,0,2,2,3,1,1,4,2,01,1,1,000,082,1,0,1,4,2,26,5,1,2,00,2,1,1,201000058847A01,7,1,1
201000058847,2010-10-08,2010,octobre,vendredi,16:25,69,69387,0,0,2,2,3,1,1,4,2,01,1,1,000,082,1,0,1,1,2,3,9,1,2,00,2,1,1,201000058847A01,7,1,1
201000058848,2010-10-12,2010,octobre,mardi,19:40,69,69387,0,0,2,2,6,5,1,4,1,03,1,1,000,000,1,0,5,4,2,51,5,1,2,00,1,0,0,201000058848A01,,,
201000058848,2010-10-12,2010,octobre,mardi,19:40,69,69387,0,0,2,2,6,5,1,4,1,03,1,1,000,000,1,0,5,1,1,60,0,1,9,00,1,0,0,201000058848A01,,,
201000058854,2010-10-25,2010,octobre,lundi,82:0,69,69387,0,0,2,2,3,1,1,4,1,01,1,1,000,042,1,0,1,4,2,36,1,1,2,00,2,7,1,201000058854B01,10,1,1
201000058863,2010-11-22,2010,novembre,lundi,17:30,69,69387,0,0,2,2,3,5,2,4,1,03,1,1,000,112,2,2,1,4,1,42,0,1,2,00,2,8,19,201000058863B01,10,16,1
201000058865,2010-12-07,2010,décembre,mardi,10:50,69,69387,0,0,2,2,3,1,8,4,1,03,1,1,000,083,2,0,1,4,1,45,9,1,2,00,2,1,19,201000058865B01,7,15,1
201000058877,2010-12-24,2010,décembre,vendredi,22:20,69,69387,0,0,2,1,6,5,4,4,2,04,1,1,000,244,1,0,4,1,1,30,5,1,2,00,1,1,1,201000058877A01,,,
201000058879,2010-12-08,2010,décembre,mercredi,81:0,69,69387,0,0,2,1,6,1,1,4,1,01,2,1,000,048,1,0,1,4,1,36,1,1,2,01,0,1,1,201000058879B01,10,22,1
201000058888,2010-01-24,2010,janvier,dimanche,17:04,69,69388,0,0,2,1,3,1,2,4,2,04,1,1,150,080,1,5,1,4,1,60,0,1,4,00,2,2,2,201000058888B01,7,21,1
201000058890,2010-02-05,2010,février,vendredi,15:40,69,69388,0,0,2,2,6,1,2,4,-1,01,1,-1,000,000,2,0,1,4,1,20,5,1,9,00,9,3,0,201000058890A01,7,0,1
201000058907,2010-03-08,2010,mars,lundi,64:0,69,69388,0,0,2,1,6,2,1,4,1,01,1,1,000,000,1,0,1,3,1,50,0,1,2,01,0,1,1,201000058907B01,7,22,1
201000058925,2010-04-15,2010,avril,jeudi,12:40,69,69388,0,0,2,1,6,1,1,4,2,03,1,1,000,059,1,0,5,4,2,31,1,1,2,01,0,1,22,201000058925B01,7,0,1
201000058927,2010-04-17,2010,avril,samedi,91:5,69,69388,0,0,2,1,6,1,1,4,2,03,1,1,000,041,1,0,5,3,1,34,0,1,9,01,0,1,1,201000058927B01,7,24,1
201000058930,2010-04-28,2010,avril,mercredi,73:5,69,69388,0,0,2,4,6,2,1,4,-1,02,1,-1,000,000,1,0,1,1,1,24,1,1,2,00,0,4,2,201000058930A01,2/ 7,2,2
201000058934,2010-05-18,2010,mai,mardi,18:35,69,69388,0,0,2,2,2,1,1,4,1,01,1,1,000,070,1,0,1,4,2,32,2,1,4,00,2,4,2,201000058934B01,7,2,1
201000058936,2010-05-20,2010,mai,jeudi,22:00,69,69388,0,0,2,1,6,5,1,4,2,02,1,1,000,075,1,0,1,4,2,26,0,1,2,00,2,8,1,201000058936B01,7,1,1
201000058950,2010-09-05,2010,septembre,dimanche,18:30,69,69388,0,0,2,1,6,1,1,4,3,01,1,1,000,000,1,0,1,4,1,14,0,1,2,00,2,1,0,201000058950B01,7,16,1
201000058950,2010-09-05,2010,septembre,dimanche,18:30,69,69388,0,0,2,1,6,1,1,4,3,01,1,1,000,000,1,0,1,4,2,4,0,1,2,00,2,1,0,201000058950B01,7,16,1
201000058953,2010-06-22,2010,juin,mardi,90:5,69,69388,0,0,2,2,3,1,1,4,2,02,1,1,000,000,1,0,1,4,2,62,0,1,2,00,2,1,0,201000058953B01,7,0,1
201000058954,2010-06-29,2010,juin,mardi,92:5,69,69388,0,0,2,1,7,1,1,4,2,02,1,1,000,150,1,0,4,4,2,43,4,1,9,00,2,7,0,201000058954A01,7,0,1
201000058956,2010-07-03,2010,juillet,samedi,11:45,69,69388,0,0,2,1,6,1,1,4,2,02,1,1,000,100,1,0,1,4,1,61,1,1,2,01,2,1,22,201000058956B01,7,22,1
201000058971,2010-07-24,2010,juillet,samedi,22:45,69,69388,0,0,2,2,6,5,1,4,2,02,1,1,000,110,1,0,1,4,1,23,0,1,9,00,2,1,1,201000058971B01,7,1,1
201000058980,2010-07-15,2010,juillet,jeudi,14:20,69,69388,0,0,2,1,3,1,1,4,2,04,1,1,120,015,1,4,5,4,2,26,4,1,2,00,0,7,1,201000058980B01,7,14,1
201000058985,2010-09-15,2010,septembre,mercredi,15:06,69,69388,0,0,2,2,3,1,1,4,1,03,1,-1,000,000,1,0,1,4,1,27,5,1,9,00,2,3,0,201000058985A01,10,1,1
201000058992,2010-07-23,2010,juillet,vendredi,81:5,69,69388,0,0,2,2,3,1,1,4,3,02,1,1,000,000,1,0,1,3,1,21,0,1,2,00,2,3,0,201000058992A01,10,0,1
201000060137,2010-02-05,2010,février,vendredi,19:00,75,75101,0,0,2,5,6,5,1,4,2,03,2,1,000,180,1,0,1,1,1,37,0,1,2,00,1,2,15,201000060137A01,,,
201000060146,2010-03-13,2010,mars,samedi,19:20,75,75101,0,0,2,1,6,5,1,4,2,06,1,1,022,192,1,0,1,1,1,23,5,1,2,00,1,1,1,201000060146A01,,,
201000060149,2010-03-19,2010,mars,vendredi,16:20,75,75101,0,0,2,5,3,1,1,4,1,05,1,-1,000,190,1,0,1,4,2,48,5,1,2,00,2,5,14,201000060149A01,10,23,1
201000060154,2010-03-27,2010,mars,samedi,23:55,75,75101,0,0,2,2,3,5,1,4,1,01,1,1,222,138,1,0,1,4,1,24,5,1,2,00,2,1,1,201000060154B01,7,16,1
201000060155,2010-03-29,2010,mars,lundi,14:10,75,75101,0,0,2,5,6,1,1,4,1,01,1,1,000,100,1,0,1,1,2,44,5,1,2,00,1,3,1,201000060155A01,,,
201000060170,2010-04-13,2010,avril,mardi,85:5,75,75101,0,0,2,3,3,1,1,4,2,04,1,1,010,161,1,0,1,4,2,56,1,1,2,00,2,3,13,201000060170B01,7,17,1
201000060173,2010-04-24,2010,avril,samedi,18:54,75,75101,0,0,2,1,6,1,1,4,1,01,1,1,000,057,1,0,3,4,2,19,5,1,2,01,0,1,5,201000060173A01,,,
201000060183,2010-06-01,2010,juin,mardi,18:30,75,75101,0,0,2,2,3,1,3,4,-1,01,1,-1,090,090,2,0,0,4,1,50,0,1,2,00,2,0,1,201000060183B01,33,16,1
201000060192,2010-06-17,2010,juin,jeudi,10:56,75,75101,0,0,2,2,7,1,1,4,1,03,1,-1,000,000,1,0,0,4,1,55,5,1,2,00,0,0,1,201000060192A01,,,
201000060197,2010-07-03,2010,juillet,samedi,15:40,75,75101,0,0,2,1,4,1,1,4,1,01,1,1,000,083,1,0,1,4,2,21,5,1,2,00,2,0,1,201000060197B01,7,1/22,2
201000060208,2010-07-13,2010,juillet,mardi,17:45,75,75101,0,0,2,1,3,1,1,4,1,01,1,1,000,100,1,0,5,4,1,21,5,1,2,00,2,2,1,201000060208B01,7,22,1
201000060217,2010-07-24,2010,juillet,samedi,12:25,75,75101,0,0,2,1,3,1,1,4,1,01,1,1,000,087,1,0,1,4,2,26,5,1,2,00,2,2,1,201000060217B01,7,22,1
201000060231,2010-09-08,2010,septembre,mercredi,13:50,75,75101,0,0,2,5,6,1,2,4,-1,01,1,-1,000,100,2,6,0,1,1,30,5,1,2,00,1,1,1,201000060231A01,,,
201000060231,2010-09-08,2010,septembre,mercredi,13:50,75,75101,0,0,2,5,6,1,2,4,-1,01,1,-1,000,100,2,6,0,4,1,5,5,1,8,00,1,1,1,201000060231A01,,,
201000060235,2010-09-17,2010,septembre,vendredi,13:15,75,75101,0,0,2,2,3,1,1,4,1,04,1,1,000,000,1,0,1,4,2,18,5,1,2,00,0,4,7,201000060235B01,37,17,1
201000060237,2010-09-22,2010,septembre,mercredi,93:0,75,75101,0,0,2,3,6,1,1,4,1,01,1,1,000,000,1,0,0,4,2,37,1,1,2,00,1,0,1,201000060237A01,,,
201000060238,2010-09-22,2010,septembre,mercredi,14:30,75,75101,0,0,2,3,3,1,1,4,2,04,1,1,003,160,1,0,1,4,1,36,1,1,2,00,2,9,7,201000060238B01,14,16,1
201000060239,2010-09-22,2010,septembre,mercredi,15:25,75,75101,0,0,2,5,3,1,1,4,1,02,1,1,000,080,1,2,1,4,1,28,0,1,2,00,2,0,19,201000060239A01,7,1,1
201000060248,2010-10-04,2010,octobre,lundi,20:40,75,75101,0,0,2,1,7,5,1,4,1,04,1,1,005,125,1,0,5,4,1,18,5,1,2,00,0,0,7,201000060248A01,,,
201000060263,2010-10-29,2010,octobre,vendredi,12:15,75,75101,0,0,2,2,2,1,1,4,2,02,1,1,000,130,1,0,1,4,2,47,5,1,2,00,2,5,1,201000060263A01,7,1,1
201000060281,2010-11-30,2010,novembre,mardi,11:25,75,75101,0,0,2,1,3,1,1,4,1,01,1,1,000,050,2,0,1,3,1,62,5,1,2,00,2,0,5,201000060281A01,37,1,1
201000060284,2010-12-03,2010,décembre,vendredi,15:45,75,75101,0,0,2,5,3,1,1,4,1,01,1,1,000,069,1,0,1,4,1,25,1,1,2,00,2,1,1,201000060284B01,7,22,1
201000060296,2010-03-10,2010,mars,mercredi,83:0,75,75118,0,0,1,1,7,1,1,4,1,01,2,1,000,050,1,0,1,4,2,57,1,1,2,00,0,0,1,201000060296A01,,,
201000060312,2010-03-29,2010,mars,lundi,85:5,75,75102,0,0,2,2,6,1,1,4,1,04,1,1,000,175,1,0,1,4,2,40,1,1,2,00,2,8,1,201000060312A01,32,1,1
201000060313,2010-04-06,2010,avril,mardi,10:05,75,75102,0,0,2,1,7,1,1,4,1,03,1,1,000,117,1,0,1,4,2,38,1,1,2,00,0,0,21,201000060313A01,,,
201000060321,2010-05-04,2010,mai,mardi,11:50,75,75102,0,0,2,2,6,1,1,4,1,02,1,1,000,040,1,0,1,4,1,22,9,1,2,01,2,1,5,201000060321A01,10,1,1
201000060326,2010-05-08,2010,mai,samedi,17:30,75,75102,0,0,2,1,6,1,1,4,1,03,1,1,000,000,1,0,1,4,1,35,5,1,2,00,1,1,7,201000060326A01,,,
201000060341,2010-06-15,2010,juin,mardi,13:10,75,75102,0,0,2,1,3,1,1,4,3,05,1,-1,020,084,1,0,0,4,2,18,5,1,2,00,2,2,7,201000060341B01,7,17,1
201000060344,2010-06-20,2010,juin,dimanche,12:25,75,75102,0,0,2,1,6,1,1,4,1,01,1,1,000,042,1,6,1,4,1,37,5,1,2,00,2,1,1,201000060344B01,30,5,1
201000060347,2010-06-22,2010,juin,mardi,81:5,75,75102,0,0,2,1,2,1,1,4,1,01,1,1,000,145,1,0,1,4,2,30,4,1,2,00,0,0,1,201000060347A01,7,23,1
201000060354,2010-07-15,2010,juillet,jeudi,14:50,75,75102,0,0,2,5,3,1,1,4,1,04,1,1,000,166,1,0,1,1,1,22,4,1,2,00,2,3,23,201000060354B01,2,14,1
201000060355,2010-07-20,2010,juillet,mardi,23:25,75,75102,0,0,2,2,3,5,1,4,2,02,-1,1,000,000,1,0,1,4,2,53,0,1,2,00,2,3,1,201000060355B01,2,1,1
201000060361,2010-08-14,2010,août,samedi,12:0,75,75102,0,0,2,5,3,4,1,4,1,04,2,1,000,000,2,0,1,4,1,26,5,1,2,00,2,1,1,201000060361A01,7,1,1
201000060365,2010-08-23,2010,août,lundi,13:55,75,75102,0,0,2,2,3,1,2,4,1,01,1,-1,000,055,2,6,1,4,1,35,5,1,2,00,2,3,15,201000060365B01,33,15,1
201000060371,2010-09-02,2010,septembre,jeudi,19:00,75,75102,0,0,2,2,2,1,1,4,1,03,1,1,000,087,1,0,1,4,2,39,5,1,2,00,2,3,23,201000060371B01,10,4,1
201000060378,2010-09-24,2010,septembre,vendredi,10:40,75,75102,0,0,2,2,3,1,8,4,-1,01,1,1,000,000,1,0,0,3,1,82,5,1,2,00,2,1,1,201000060378A01,14,1,1
201000060379,2010-09-25,2010,septembre,samedi,19:40,75,75102,0,0,2,1,3,5,8,4,2,03,1,1,000,180,1,0,1,4,1,28,5,1,2,00,2,1,17,201000060379B01,7,22,1
201000060380,2010-09-29,2010,septembre,mercredi,92:0,75,75102,0,0,2,1,2,1,1,4,1,01,1,1,000,040,1,0,1,4,2,30,0,1,2,00,0,4,23,201000060380B01,32,1,1
201000060381,2010-10-02,2010,octobre,samedi,20:45,75,75103,0,0,2,3,3,5,1,4,1,02,1,1,000,129,1,0,1,4,2,56,0,1,2,00,2,0,7,201000060381B01,7,16,1
201000060423,2010-02-16,2010,février,mardi,20:15,75,75103,0,0,2,1,3,5,1,4,2,01,1,1,000,081,1,0,1,4,2,54,5,1,2,00,2,1,1,201000060423B01,7,22,1
201000060434,2010-03-23,2010,mars,mardi,15:25,75,75103,0,0,2,2,3,1,1,4,1,01,1,1,000,000,1,0,1,4,2,26,5,1,2,00,2,1,1,201000060434B01,7,22,1
201000060437,2010-04-06,2010,avril,mardi,18:20,75,75103,0,0,2,2,3,1,1,4,1,01,1,1,000,058,1,5,1,1,1,25,0,1,2,00,2,4,5,201000060437A01,32,1,1
201000060438,2010-04-07,2010,avril,mercredi,14:45,75,75103,0,0,2,1,6,1,8,4,2,02,1,1,000,081,1,0,1,4,1,41,1,1,2,00,1,1,1,201000060438A01,,,
201000060443,2010-04-15,2010,avril,jeudi,17:15,75,75103,0,0,2,3,2,1,1,4,2,02,1,1,000,080,1,0,1,4,1,16,2,1,2,00,2,1,17,201000060443A01,7,16,1
201000060447,2010-04-26,2010,avril,lundi,10:40,75,75103,0,0,2,5,3,1,1,4,1,01,1,1,000,079,1,0,1,4,1,20,4,1,2,01,0,8,13,201000060447A01,7,24,1
201000060452,2010-05-22,2010,mai,samedi,18:55,75,75103,0,0,2,2,7,1,1,4,1,01,1,1,000,056,1,0,0,4,1,43,3,1,2,00,0,0,1,201000060452A01,,,
201000060458,2010-06-04,2010,juin,vendredi,14:05,75,75103,0,0,2,2,1,1,1,4,1,01,1,1,000,059,1,0,1,1,2,26,5,1,2,00,2,7,5,201000060458A01,34,1,1
201000060469,2010-06-30,2010,juin,mercredi,75:0,75,75103,0,0,2,1,7,1,1,4,1,03,1,1,040,100,9,0,1,3,1,49,4,1,2,00,0,1,7,201000060469A01,,,
201000060470,2010-07-05,2010,juillet,lundi,18:15,75,75103,0,0,2,2,6,1,1,4,1,04,1,1,000,000,1,0,1,1,1,34,5,1,2,00,2,0,23,201000060470A01,30,7,1
201000060470,2010-07-05,2010,juillet,lundi,18:15,75,75103,0,0,2,2,6,1,1,4,1,04,1,1,000,000,1,0,1,4,2,13,5,1,2,00,2,0,23,201000060470A01,30,7,1
201000060472,2010-07-06,2010,juillet,mardi,20:15,75,75110,0,0,2,1,2,1,1,4,1,03,1,1,000,120,1,0,1,4,2,31,4,1,2,00,2,4,2,201000060472B01,7,2,1
201000060478,2010-08-14,2010,août,samedi,10:45,75,75103,0,0,2,2,3,1,1,4,1,03,1,1,003,046,1,0,1,4,2,28,5,1,2,00,2,7,1,201000060478B01,10,5,1
201000060483,2010-09-02,2010,septembre,jeudi,93:0,75,75103,0,0,2,2,3,1,1,4,2,01,1,1,000,078,1,0,1,4,2,38,0,1,2,00,2,2,1,201000060483B01,13,22,1
201000060484,2010-09-06,2010,septembre,lundi,10:00,75,75103,0,0,2,2,3,1,1,4,1,02,1,1,050,110,1,0,5,4,1,26,1,1,2,00,2,3,1,201000060484B01,2,12,1
201000060485,2010-09-18,2010,septembre,samedi,20:50,75,75103,0,0,2,2,3,5,1,4,1,02,1,1,000,120,1,0,1,4,2,24,1,1,2,00,9,0,7,201000060485A01,7,16,1
201000060492,2010-10-12,2010,octobre,mardi,12:00,75,75103,0,0,2,5,2,1,1,4,3,04,1,1,028,088,1,0,1,1,1,52,5,1,2,00,2,4,2,201000060492A01,1,2,1
201000060492,2010-10-12,2010,octobre,mardi,12:00,75,75103,0,0,2,5,2,1,1,4,3,04,1,1,028,088,1,0,1,4,1,69,5,1,2,00,2,1,2,201000060492B01,1,2,1
201000060493,2010-10-13,2010,octobre,mercredi,75:5,75,75103,0,0,2,5,3,2,1,4,1,02,-1,1,000,086,1,0,1,4,1,38,4,1,2,00,2,1,1,201000060493B01,7,16,1
201000060505,2010-11-13,2010,novembre,samedi,12:55,75,75103,0,0,2,5,3,1,3,4,1,03,1,-1,000,000,2,0,1,4,2,47,0,1,2,00,2,1,7,201000060505B01,7,16,1
201000060509,2010-12-01,2010,décembre,mercredi,81:2,75,75103,0,0,2,1,7,2,8,4,1,01,1,1,000,071,1,0,1,4,1,19,0,1,2,00,0,0,1,201000060509A01,,,
201000060513,2010-12-18,2010,décembre,samedi,17:15,75,75103,0,0,2,2,3,5,4,4,1,02,1,1,000,075,2,0,1,4,2,69,5,1,2,00,2,1,1,201000060513B01,3,22,1
201000060515,2010-12-20,2010,décembre,lundi,93:0,75,75103,0,0,2,2,7,1,4,4,1,01,1,1,000,035,5,0,1,4,2,61,1,1,2,00,0,0,21,201000060515A01,,,
201000060527,2010-01-28,2010,janvier,jeudi,16:30,75,75101,0,0,2,1,3,1,1,4,2,04,1,1,000,063,1,0,1,4,1,21,0,1,2,00,2,4,9,201000060527B01,7,1,1
201000060545,2010-02-26,2010,février,vendredi,16:10,75,75104,0,0,2,2,3,1,1,4,1,04,-1,-1,000,136,1,0,1,4,1,58,1,1,2,00,2,1,1,201000060545B01,7,22,1
201000060580,2010-05-29,2010,mai,samedi,22:00,75,75104,0,0,2,1,7,5,1,4,1,03,1,1,005,120,1,0,1,4,1,28,5,1,2,00,2,0,21,201000060580A01,,,
201000060584,2010-06-07,2010,juin,lundi,16:30,75,75104,0,0,2,2,6,1,1,4,2,02,1,1,024,062,1,0,4,1,1,21,5,1,2,00,1,1,1,201000060584A01,,,
201000060585,2010-06-07,2010,juin,lundi,19:40,75,75104,0,0,2,1,3,1,1,4,2,00,1,1,000,209,1,0,1,4,2,33,1,1,2,00,2,0,13,201000060585B01,32,17,1
201000060592,2010-06-26,2010,juin,samedi,11:30,75,75104,0,0,2,1,3,1,1,4,1,01,1,1,000,072,1,0,1,4,1,39,1,1,2,01,0,1,1,201000060592B01,7,22,1
201000060595,2010-06-28,2010,juin,lundi,17:50,75,75104,0,0,2,2,2,1,1,4,1,02,1,1,000,120,1,0,0,4,1,34,5,1,2,00,2,8,1,201000060595A01,32,1,1
201000060602,2010-07-14,2010,juillet,mercredi,40:5,75,75104,0,0,2,3,6,5,1,4,-1,03,1,1,000,090,1,0,1,4,2,23,5,1,2,00,1,1,7,201000060602A01,,,
201000060603,2010-07-15,2010,juillet,jeudi,10:00,75,75104,0,0,2,3,7,1,1,4,2,02,1,1,000,060,1,0,1,4,1,38,1,1,2,00,0,7,21,201000060603A01,,,
201000060605,2010-07-16,2010,juillet,vendredi,16:15,75,75104,0,0,2,2,3,1,1,4,2,02,1,1,000,052,1,0,1,3,2,35,5,1,2,00,2,8,1,201000060605B01,2,1,1
201000060624,2010-08-27,2010,août,vendredi,15:25,75,75104,0,0,2,1,3,1,8,4,1,04,1,1,006,132,1,0,1,4,1,14,5,1,2,00,2,7,17,201000060624B01,14,22,1
201000060625,2010-08-27,2010,août,vendredi,22:00,75,75104,0,0,2,5,3,5,8,4,4,01,1,2,000,125,2,5,1,4,2,41,5,1,2,00,2,7,1,201000060625A01,7,1,1
201000060629,2010-09-16,2010,septembre,jeudi,84:3,75,75104,0,0,2,5,6,1,1,4,1,03,2,1,005,091,1,0,1,1,1,57,0,1,2,00,1,1,16,201000060629A01,,,
201000060651,2010-10-21,2010,octobre,jeudi,15:15,75,75104,0,0,2,1,6,1,1,4,1,01,1,1,000,000,1,0,4,1,1,19,2,1,2,00,1,1,1,201000060651A01,,,
201000060663,2010-11-18,2010,novembre,jeudi,91:0,75,75104,0,0,2,2,3,1,1,4,2,02,1,1,000,130,1,0,1,4,2,23,1,1,2,00,2,3,19,201000060663B01,7,16,1
201000060671,2010-12-17,2010,décembre,vendredi,17:40,75,75104,0,0,2,1,7,5,4,4,2,02,1,1,000,000,2,0,5,4,1,53,1,1,2,00,0,0,21,201000060671A01,,,
201000060672,2010-12-19,2010,décembre,dimanche,51:5,75,75104,0,0,2,5,3,5,9,4,1,02,1,-1,000,000,7,0,1,4,2,31,5,1,2,00,2,1,1,201000060672A01,7,1,1
201000060674,2010-12-30,2010,décembre,jeudi,14:20,75,75104,0,0,2,5,3,1,1,4,1,02,1,-1,000,000,1,0,0,4,2,42,5,1,2,00,2,3,15,201000060674A01,7,1,1
201000060701,2010-03-05,2010,mars,vendredi,13:50,75,75105,0,0,2,2,2,1,1,4,1,00,-1,-1,000,060,1,0,1,4,1,46,1,1,2,00,2,3,13,201000060701A01,7,1,1
201000060712,2010-03-24,2010,mars,mercredi,82:5,75,75105,0,0,2,2,3,1,1,4,1,03,1,1,000,152,1,0,1,4,1,21,0,1,2,00,2,1,7,201000060712B01,7,16,1
201000060717,2010-04-09,2010,avril,vendredi,95:5,75,75105,0,0,2,3,6,1,1,4,1,01,1,1,000,000,-1,0,1,4,2,49,0,1,2,08,0,7,1,201000060717A01,,,
201000060752,2010-06-25,2010,juin,vendredi,15:35,75,75105,0,0,2,1,6,1,1,4,1,01,1,1,000,099,1,0,1,1,1,32,1,1,2,00,1,8,1,201000060752A01,,,
201000060755,2010-06-29,2010,juin,mardi,15:55,75,75105,0,0,2,5,6,1,1,4,2,04,2,1,000,120,1,0,1,4,2,16,9,1,2,00,1,1,1,201000060755A01,,,
201000060760,2010-07-03,2010,juillet,samedi,18:25,75,75105,0,0,2,1,1,1,8,4,-1,01,2,1,000,051,1,0,1,4,1,49,5,1,2,00,2,1,13,201000060760A01,7,1,1
201000060773,2010-08-10,2010,août,mardi,18:35,75,75105,0,0,2,2,6,1,1,4,1,04,1,1,000,109,1,0,5,1,2,53,5,1,2,00,1,1,1,201000060773A01,,,
201000060787,2010-09-11,2010,septembre,samedi,12:55,75,75105,0,0,2,3,3,1,1,4,2,02,1,1,000,075,1,0,1,4,1,24,1,1,2,00,2,3,1,201000060787B01,7,15,1
201000060788,2010-09-11,2010,septembre,samedi,16:33,75,75105,0,0,2,5,2,1,1,4,2,02,2,1,000,120,1,0,1,4,2,52,1,1,2,00,2,5,2,201000060788A01,7,23,1
201000060793,2010-09-17,2010,septembre,vendredi,13:40,75,75105,0,0,2,3,6,1,1,4,1,03,1,1,000,120,1,0,1,1,1,18,2,1,2,00,2,4,1,201000060793C01,2/ 33,1/16,2
201000060794,2010-09-17,2010,septembre,vendredi,21:30,75,75113,0,0,2,1,3,5,1,4,3,06,-1,-1,005,180,-1,0,1,4,1,52,1,1,2,00,2,3,7,201000060794B01,7,11,1
201000060796,2010-09-21,2010,septembre,mardi,19:54,75,75105,0,0,2,5,3,5,1,4,1,00,1,1,000,120,1,0,0,3,1,54,1,1,2,00,2,1,19,201000060796A01,37,1,1
201000060797,2010-09-23,2010,septembre,jeudi,19:15,75,75105,0,0,2,1,3,1,1,4,2,02,1,1,000,080,1,0,1,4,2,40,5,1,2,00,2,5,18,201000060797B01,7,22,1
201000060807,2010-10-12,2010,octobre,mardi,95:0,75,75105,0,0,2,1,3,1,1,4,1,00,1,1,100,047,1,0,1,4,1,36,0,1,2,00,2,3,18,201000060807A01,7,7,1
201000060809,2010-10-13,2010,octobre,mercredi,20:00,75,75105,0,0,2,1,3,3,1,4,1,02,1,1,005,070,1,0,1,4,2,36,1,1,2,00,2,1,18,201000060809A01,7,16,1
201000060813,2010-10-20,2010,octobre,mercredi,19:05,75,75105,0,0,2,1,1,5,1,4,1,01,1,1,000,035,1,0,1,4,2,59,0,1,2,00,0,8,5,201000060813B01,32,1,1
201000060825,2010-11-08,2010,novembre,lundi,91:2,75,75105,0,0,2,5,3,1,8,4,1,01,1,1,000,078,1,0,1,4,1,25,0,1,2,00,2,0,1,201000060825B01,7,22,1
201000060835,2010-11-20,2010,novembre,samedi,15:55,75,75105,0,0,2,1,6,1,1,4,1,04,2,1,000,130,1,0,1,4,1,21,5,1,2,00,1,1,7,201000060835A01,,,
201000060836,2010-11-24,2010,novembre,mercredi,14:25,75,75105,0,0,2,1,3,1,1,4,2,04,2,1,004,174,1,0,1,4,1,29,5,1,2,00,2,2,1,201000060836B01,7,20,1
201000060836,2010-11-24,2010,novembre,mercredi,14:25,75,75105,0,0,2,1,3,1,1,4,2,04,2,1,004,174,1,0,1,4,2,3,5,1,3,00,2,2,1,201000060836B01,7,20,1
201000060839,2010-11-30,2010,novembre,mardi,10:45,75,75105,0,0,2,5,2,1,1,4,2,02,2,1,000,120,1,0,1,4,2,69,5,1,2,00,2,1,1,201000060839B01,14,24,1
201000060862,2010-01-26,2010,janvier,mardi,20:00,75,75106,0,0,2,1,3,5,1,4,2,02,1,1,000,100,1,0,1,4,2,56,0,1,2,00,2,7,17,201000060862B01,7,22,1
201000060864,2010-01-29,2010,janvier,vendredi,82:5,75,75106,0,0,2,3,3,1,2,4,1,01,1,1,000,060,2,0,0,4,2,59,0,1,2,00,2,1,17,201000060864B01,7,22,1
201000060869,2010-02-04,2010,février,jeudi,18:20,75,75106,0,0,2,2,6,5,1,4,1,01,1,3,000,000,1,0,1,4,1,31,1,1,2,00,2,1,17,201000060869A01,7,13,1
201000060874,2010-02-21,2010,février,dimanche,16:20,75,75106,0,0,2,1,3,1,1,4,1,01,1,1,000,045,1,0,1,4,1,59,5,1,2,00,2,8,13,201000060874B01,7,17,1
201000060886,2010-03-22,2010,mars,lundi,10:05,75,75106,0,0,2,1,7,1,1,4,2,02,1,1,160,084,1,0,1,4,1,40,4,1,2,00,0,0,21,201000060886A01,,,
201000060917,2010-05-20,2010,mai,jeudi,65:0,75,75106,0,0,2,2,3,2,1,4,1,04,1,1,008,136,1,0,1,4,1,51,1,1,2,00,2,1,7,201000060917B01,14,16,1
201000060922,2010-05-29,2010,mai,samedi,16:45,75,75106,0,0,2,1,3,1,1,4,1,01,1,1,000,060,1,0,1,4,2,32,0,1,2,00,2,1,1,201000060922B01,7,22,1
201000060926,2010-06-03,2010,juin,jeudi,14:45,75,75106,0,0,2,4,2,1,1,4,2,04,1,1,000,000,1,0,0,4,1,49,1,1,2,00,2,1,2,201000060926A01,7,2,1