Num_Acc,date,an,mois,jour,hrmn,dep,com,lat,long,agg,int,col,lum,atm,catr,circ,nbv,prof,plan,lartpc,larrout,surf,infra,situ,grav,sexe,age,trajet,secuexist,equipement,obs,obsm,choc,manv,vehiculeid,typevehicules,manoeuvehicules,numVehicules
201000065322,2010-07-07,2010,juillet,mercredi,20:40,75,75118,0,0,2,2,3,1,1,4,1,02,1,1,000,040,1,0,1,4,2,30,1,1,2,00,2,5,1,201000065322B01,7,1,1
201000065340,2010-07-20,2010,juillet,mardi,15:15,75,75118,0,0,2,2,2,1,1,4,2,02,1,1,000,040,1,0,1,1,1,20,0,1,2,00,2,4,23,201000065340B01,2,2,1
201000065351,2010-07-29,2010,juillet,jeudi,12:15,75,75118,0,0,2,5,6,1,1,4,2,02,2,1,000,000,1,0,1,1,1,28,5,1,2,00,1,1,1,201000065351A01,,,
201000065354,2010-08-03,2010,août,mardi,13:35,75,75118,0,0,2,1,4,1,1,4,2,03,1,1,000,090,1,0,1,4,1,32,0,1,2,00,2,1,17,201000065354C01,10/ 7,22/1,2
201000065357,2010-08-06,2010,août,vendredi,18:20,75,75118,0,0,2,1,3,1,1,4,3,02,1,1,000,060,1,0,4,4,1,20,5,1,2,00,2,8,7,201000065357B01,10,17,1
201000065363,2010-08-17,2010,août,mardi,14:20,75,75118,0,0,2,3,3,1,1,4,2,02,1,2,170,080,1,0,4,4,1,32,1,1,2,00,2,3,19,201000065363B01,10,15,1
201000065370,2010-08-24,2010,août,mardi,17:50,75,75118,0,0,2,5,3,1,1,4,1,01,1,1,000,060,1,0,1,4,1,62,0,1,2,00,2,8,1,201000065370B01,7,4,1
201000065376,2010-09-01,2010,septembre,mercredi,94:0,75,75118,0,0,2,1,3,1,1,4,1,00,2,1,000,035,1,0,1,4,1,39,1,1,2,00,2,1,1,201000065376B01,10,22,1
201000065406,2010-09-24,2010,septembre,vendredi,17:25,75,75118,0,0,2,2,3,1,2,4,1,02,1,1,000,060,2,0,1,4,2,20,2,1,2,00,2,7,1,201000065406A01,7,1,1
201000065417,2010-10-05,2010,octobre,mardi,10:50,75,75118,0,0,2,3,3,1,2,4,1,02,1,1,005,060,2,0,1,4,1,39,0,1,2,00,2,0,16,201000065417B01,14,16,1
201000065430,2010-10-21,2010,octobre,jeudi,20:15,75,75118,0,0,2,5,3,5,1,4,3,05,1,1,030,150,1,0,1,4,1,73,5,1,2,00,2,8,15,201000065430A01,34,1,1
201000065447,2010-11-08,2010,novembre,lundi,19:40,75,75118,0,0,2,1,7,2,2,4,1,01,1,1,000,030,2,6,1,3,2,60,5,1,2,00,0,0,1,201000065447A01,,,
201000065467,2010-11-29,2010,novembre,lundi,62:0,75,75118,0,0,2,2,3,5,4,4,1,01,1,1,000,045,2,0,1,4,1,38,5,1,2,00,2,1,1,201000065467A01,10,1,1
201000065486,2010-12-21,2010,décembre,mardi,18:45,75,75118,0,0,2,1,3,5,1,4,2,04,1,1,000,100,1,0,1,4,1,31,1,1,2,00,2,8,7,201000065486B01,7,10,1
201000065508,2010-01-23,2010,janvier,samedi,11:5,75,75119,0,0,2,1,6,5,1,4,2,02,2,1,000,060,1,0,3,4,1,43,5,1,2,01,0,1,13,201000065508A01,,,
201000065522,2010-02-17,2010,février,mercredi,22:40,75,75119,0,0,2,1,3,5,8,4,1,02,1,1,000,040,2,0,1,3,2,34,1,1,2,00,2,1,1,201000065522B01,37,12,1
201000065545,2010-03-27,2010,mars,samedi,18:00,75,75119,0,0,2,2,3,1,1,4,1,01,1,1,000,030,1,0,1,4,1,23,0,1,2,00,2,3,1,201000065545B01,7,15,1
201000065549,2010-04-06,2010,avril,mardi,14:20,75,75119,0,0,2,1,7,1,1,4,2,02,1,1,000,130,1,0,1,3,1,47,5,1,2,00,0,0,1,201000065549A01,,,
201000065559,2010-04-12,2010,avril,lundi,22:10,75,75119,0,0,2,5,3,5,1,4,2,02,1,1,000,000,1,0,1,4,2,26,5,1,2,00,2,3,15,201000065559A01,7,1,1
201000065565,2010-04-15,2010,avril,jeudi,72:5,75,75119,0,0,2,1,3,1,1,4,1,01,2,1,000,040,1,0,1,4,1,43,1,1,2,00,2,1,17,201000065565B01,10,22,1
201000065594,2010-05-06,2010,mai,jeudi,80:0,75,75119,0,0,2,1,6,1,1,4,1,01,3,1,000,090,-1,0,1,1,1,48,1,1,2,00,1,2,5,201000065594A01,,,
201000065599,2010-05-09,2010,mai,dimanche,10:30,75,75119,0,0,2,3,3,1,1,4,1,01,1,1,000,000,1,0,1,4,2,29,0,1,2,00,2,1,17,201000065599B01,7,15,1
201000065650,2010-06-27,2010,juin,dimanche,18:30,75,75119,0,0,2,1,1,1,1,4,2,03,4,3,064,032,1,0,1,4,1,15,5,1,2,00,2,1,13,201000065650A01,7,1,1
201000065656,2010-07-02,2010,juillet,vendredi,90:7,75,75119,0,0,2,1,3,1,1,4,2,02,1,1,120,073,1,0,1,4,2,30,0,1,2,00,2,1,1,201000065656B01,3,22,1
201000065665,2010-07-07,2010,juillet,mercredi,21:40,75,75119,0,0,2,1,3,2,1,4,1,02,1,-1,000,070,1,0,1,4,1,61,5,1,2,00,2,1,1,201000065665B01,7,22,1
201000065668,2010-07-10,2010,juillet,samedi,64:5,75,75119,0,0,2,3,6,1,1,4,1,02,1,1,000,000,1,0,1,3,1,31,0,1,2,00,2,1,16,201000065668A01,7,7,1
201000065676,2010-07-18,2010,juillet,dimanche,13:45,75,75119,0,0,2,1,2,1,1,4,4,01,1,-1,000,000,1,0,1,4,1,31,5,1,2,00,2,8,11,201000065676B01,7,17,1
201000065680,2010-07-22,2010,juillet,jeudi,22:25,75,75119,0,0,2,3,6,5,1,4,1,01,1,1,000,030,1,0,1,4,2,28,5,1,2,00,2,1,5,201000065680A01,7,15,1
201000065680,2010-07-22,2010,juillet,jeudi,22:25,75,75119,0,0,2,3,6,5,1,4,1,01,1,1,000,030,1,0,1,4,2,23,5,1,2,00,2,1,5,201000065680A01,7,15,1
201000065744,2010-10-18,2010,octobre,lundi,14:30,75,75119,0,0,2,1,6,1,1,4,1,01,1,-1,000,000,1,0,5,4,2,62,3,1,2,00,1,1,1,201000065744A01,,,
201000065745,2010-10-20,2010,octobre,mercredi,93:0,75,75119,0,0,2,4,3,1,1,4,2,02,2,1,000,000,1,0,5,4,1,34,0,1,2,00,2,1,18,201000065745B01,7,16,1
201000065747,2010-10-21,2010,octobre,jeudi,1:,75,75119,0,0,2,2,3,5,1,4,2,02,1,1,000,080,1,0,1,4,1,38,0,1,2,00,2,0,1,201000065747A01,7,1,1
201000065810,2010-12-11,2010,décembre,samedi,23:05,75,75119,0,0,2,3,6,5,1,4,2,02,1,1,000,000,1,0,1,4,1,42,1,1,2,00,2,7,19,201000065810A01,7,15,1
201000065821,2010-08-20,2010,août,vendredi,22:50,75,75119,0,0,2,4,3,3,1,4,3,01,2,1,020,100,1,0,1,4,1,55,0,1,2,00,2,1,1,201000065821B01,7,15,1
201000065868,2010-03-04,2010,mars,jeudi,16:40,75,75120,0,0,2,2,6,1,1,4,1,02,3,1,000,250,1,0,1,4,1,72,0,1,2,00,2,8,19,201000065868A01,10,1,1
201000065873,2010-03-07,2010,mars,dimanche,19:40,75,75120,0,0,2,1,7,5,1,4,1,01,2,2,000,040,1,0,1,4,1,31,5,1,2,00,0,1,1,201000065873A01,,,
201000065875,2010-03-12,2010,mars,vendredi,83:0,75,75120,0,0,2,1,6,1,1,4,1,01,2,1,006,078,1,0,1,4,2,47,0,1,2,00,1,1,1,201000065875A01,,,
201000065893,2010-03-27,2010,mars,samedi,16:40,75,75120,0,0,2,5,7,1,1,4,1,01,2,2,010,100,1,0,1,4,1,38,5,1,2,00,0,0,1,201000065893A01,,,
201000065909,2010-04-12,2010,avril,lundi,83:5,75,75120,0,0,2,1,6,1,1,4,1,01,1,1,000,000,1,0,1,4,2,22,4,1,2,00,1,1,1,201000065909A01,,,
201000065926,2010-04-29,2010,avril,jeudi,95:0,75,75120,0,0,2,1,6,1,1,4,1,02,1,-1,000,089,1,6,4,4,1,15,5,1,2,15,0,0,13,201000065926A01,,,
201000065931,2010-05-05,2010,mai,mercredi,15:25,75,75120,0,0,2,2,6,1,1,4,1,02,2,1,000,100,-1,0,1,4,1,10,5,1,2,00,2,6,19,201000065931A01,7,1,1
201000065940,2010-05-15,2010,mai,samedi,16:45,75,75120,0,0,2,1,7,1,1,4,2,02,2,1,000,080,1,0,1,4,1,34,0,1,2,00,0,0,1,201000065940A01,,,
201000065957,2010-06-07,2010,juin,lundi,16:05,75,75119,0,0,2,1,3,1,1,4,2,04,1,1,000,100,1,0,1,4,1,55,5,1,2,00,2,1,9,201000065957A01,7,1,1
201000065961,2010-06-08,2010,juin,mardi,90:0,75,75120,0,0,2,2,3,1,1,4,2,01,1,1,000,070,1,0,1,3,2,30,0,1,2,00,0,1,13,201000065961B01,10,17,1
201000065970,2010-06-13,2010,juin,dimanche,12:10,75,75120,0,0,2,1,3,1,1,4,2,02,2,1,000,080,1,0,1,4,1,65,0,1,2,00,0,7,17,201000065970B01,7,15,1
201000065976,2010-06-18,2010,juin,vendredi,19:40,75,75120,0,0,2,1,7,1,1,4,2,00,1,1,000,000,1,0,5,4,1,16,5,1,2,00,0,0,1,201000065976A01,,,
201000065983,2010-06-22,2010,juin,mardi,92:5,75,75120,0,0,2,1,6,1,1,4,2,02,2,1,000,060,1,6,1,1,2,33,5,1,2,00,1,8,1,201000065983A01,,,
201000065990,2010-06-26,2010,juin,samedi,18:20,75,75120,0,0,2,2,6,1,1,4,2,02,2,1,000,000,1,0,5,4,1,40,5,1,2,00,2,1,1,201000065990A01,2,5,1
201000066013,2010-07-28,2010,juillet,mercredi,18:40,75,75120,0,0,2,1,7,1,1,4,1,01,1,1,000,072,1,0,1,4,2,27,9,1,2,00,0,0,1,201000066013A01,,,
201000066018,2010-08-13,2010,août,vendredi,2:,75,75120,0,0,2,1,6,5,1,4,1,01,1,3,000,000,1,0,5,4,1,71,0,1,2,14,0,1,13,201000066018A01,,,
201000066030,2010-08-30,2010,août,lundi,91:0,75,75120,0,0,2,2,6,1,1,4,2,02,1,-1,000,050,1,0,1,4,1,25,1,1,2,00,1,1,1,201000066030A01,,,
201000066034,2010-09-01,2010,septembre,mercredi,11:00,75,75120,0,0,2,4,6,1,1,4,2,02,2,1,000,000,1,0,1,1,1,76,5,1,2,00,0,7,1,201000066034A01,,,
201000066035,2010-09-01,2010,septembre,mercredi,18:50,75,75120,0,0,2,2,3,1,1,4,1,01,2,1,000,000,1,0,1,4,1,50,0,1,2,00,2,1,1,201000066035B01,7,15,1
201000066036,2010-09-01,2010,septembre,mercredi,23:20,75,75120,0,0,2,2,3,5,1,4,1,01,1,1,000,030,1,0,1,4,1,32,5,1,2,00,2,8,1,201000066036B01,32,1,1
201000066050,2010-09-14,2010,septembre,mardi,12:10,75,75120,0,0,2,2,3,1,1,4,1,01,1,1,000,070,1,0,1,4,1,36,9,1,2,00,2,6,1,201000066050B01,10,15,1
201000066056,2010-09-21,2010,septembre,mardi,13:55,75,75120,0,0,2,1,6,1,1,4,1,01,1,1,000,025,1,0,1,4,1,62,5,1,2,00,1,0,1,201000066056A01,,,
201000066147,2010-12-14,2010,décembre,mardi,80:6,75,75120,0,0,2,5,3,2,8,4,1,01,1,1,080,080,2,5,1,4,2,60,1,1,2,00,2,3,1,201000066147B01,7,14,1
201000066149,2010-12-15,2010,décembre,mercredi,17:30,75,75120,0,0,2,5,3,5,1,4,2,02,1,1,020,040,1,0,1,4,1,38,0,1,2,00,2,3,1,201000066149B01,7,16,1
201000066189,2010-02-04,2010,février,jeudi,12:00,75,75110,0,0,2,1,3,1,1,4,1,02,1,1,000,000,-1,0,1,4,1,28,4,1,2,00,2,2,23,201000066189B01,7,4,1
201000066196,2010-02-08,2010,février,lundi,15:00,75,75115,0,0,2,5,3,1,8,4,2,04,1,1,070,100,2,0,5,3,1,16,0,1,2,00,2,1,1,201000066196B01,10,1,1
201000066217,2010-03-03,2010,mars,mercredi,14:30,75,75118,0,0,2,1,3,1,1,4,1,02,2,2,000,053,1,0,1,4,1,35,4,1,2,00,2,1,1,201000066217B01,7,22,1
201000066248,2010-03-21,2010,mars,dimanche,11:19,75,75112,0,0,1,1,6,1,1,4,1,01,1,1,000,000,1,0,1,1,1,41,5,1,2,00,1,3,1,201000066248A01,,,
201000066276,2010-04-19,2010,avril,lundi,92:0,75,75116,0,0,2,1,6,1,1,4,2,04,1,1,000,120,1,0,1,4,2,46,1,1,2,00,2,7,14,201000066276B01,33,18,1
201000066312,2010-05-19,2010,mai,mercredi,19:24,75,75110,0,0,2,3,6,1,1,4,2,04,2,1,000,172,1,5,1,3,1,45,0,1,2,00,0,8,21,201000066312A01,,,
201000066315,2010-05-22,2010,mai,samedi,73:0,75,75105,0,0,2,2,6,1,1,4,2,02,2,1,000,000,1,5,1,4,2,25,1,1,2,12,0,5,15,201000066315A01,,,
201000066321,2010-05-23,2010,mai,dimanche,17:30,75,75117,0,0,2,5,3,1,1,4,1,05,1,-1,000,215,1,0,1,4,1,63,5,1,2,00,2,1,1,201000066321B01,38,16,1
201000066325,2010-05-24,2010,mai,lundi,19:55,75,75114,0,0,2,1,6,1,1,4,2,02,1,-1,000,055,1,0,5,3,1,53,5,1,2,12,0,1,12,201000066325A01,,,
201000066340,2010-06-05,2010,juin,samedi,11:15,75,75112,0,0,2,1,6,1,1,4,1,02,1,1,000,100,1,0,5,4,1,45,5,1,2,12,2,7,2,201000066340A01,1,2,5
201000066340,2010-06-05,2010,juin,samedi,11:15,75,75112,0,0,2,1,6,1,1,4,1,02,1,1,000,100,1,0,5,4,1,50,5,1,2,00,2,0,2,201000066340B01,1,2,5
201000066340,2010-06-05,2010,juin,samedi,11:15,75,75112,0,0,2,1,6,1,1,4,1,02,1,1,000,100,1,0,5,4,1,38,5,1,2,00,2,8,2,201000066340E01,1,2,5
201000066340,2010-06-05,2010,juin,samedi,11:15,75,75112,0,0,2,1,6,1,1,4,1,02,1,1,000,100,1,0,5,4,1,50,5,1,2,00,2,1,2,201000066340D01,1,2,5
201000066340,2010-06-05,2010,juin,samedi,11:15,75,75112,0,0,2,1,6,1,1,4,1,02,1,1,000,100,1,0,5,4,1,40,5,1,2,00,2,0,2,201000066340C01,1,2,5
201000066340,2010-06-05,2010,juin,samedi,11:15,75,75112,0,0,2,1,6,1,1,4,1,02,1,1,000,100,1,0,5,4,1,33,5,1,2,00,2,8,2,201000066340F01,1,2,5
201000066370,2010-06-27,2010,juin,dimanche,16:25,75,75101,0,0,2,1,7,1,1,4,1,02,1,1,000,000,1,1,1,4,2,35,5,1,2,00,0,0,1,201000066370A01,,,
201000066374,2010-06-29,2010,juin,mardi,90:0,75,75111,0,0,2,1,3,1,1,4,2,02,2,1,000,000,1,0,1,4,2,29,1,1,2,01,0,1,1,201000066374B01,7,22,1
201000066411,2010-07-29,2010,juillet,jeudi,43:,75,75110,0,0,2,2,3,5,1,4,1,01,1,1,000,063,1,0,1,4,1,32,5,1,2,00,2,1,5,201000066411B01,7,1,1
201000066417,2010-08-03,2010,août,mardi,10:02,75,75101,0,0,2,2,6,1,1,4,2,03,1,1,000,090,1,0,1,3,1,27,1,1,2,00,2,2,15,201000066417A01,34,1,1
201000066479,2010-09-22,2010,septembre,mercredi,50:,75,75117,0,0,2,2,6,5,1,4,2,04,1,1,000,000,1,5,1,4,1,32,0,1,2,00,2,2,5,201000066479A01,10,1,1
201000066504,2010-10-11,2010,octobre,lundi,92:5,75,75108,0,0,2,1,3,1,7,4,2,08,1,1,000,280,1,0,1,2,1,66,5,1,4,00,2,8,1,201000066504B01,38,14,1
201000066511,2010-10-14,2010,octobre,jeudi,13:45,75,75106,0,0,2,2,3,1,1,4,2,06,1,1,000,150,1,5,1,3,2,30,0,1,2,00,2,9,1,201000066511B01,14,16,1
201000066537,2010-11-03,2010,novembre,mercredi,16:20,75,75116,0,0,2,1,3,1,1,4,2,02,1,3,000,120,1,0,1,4,1,67,9,1,2,00,2,1,2,201000066537B01,1,2,1
201000066537,2010-11-03,2010,novembre,mercredi,16:20,75,75116,0,0,2,1,3,1,1,4,2,02,1,3,000,120,1,0,1,4,1,79,9,1,2,00,2,4,2,201000066537A01,1,2,1
201000066544,2010-11-06,2010,novembre,samedi,19:30,75,75117,0,0,2,2,5,5,3,4,1,01,1,1,000,051,2,0,0,4,1,24,4,1,2,00,2,8,1,201000066544B01,7,15/1,2
201000066588,2010-12-16,2010,décembre,jeudi,82:0,75,75116,0,0,2,5,3,2,2,4,1,03,1,2,000,260,2,0,1,2,1,71,0,1,2,00,2,8,0,201000066588B01,7,1,1
201000066594,2010-12-18,2010,décembre,samedi,34:5,75,75110,0,0,2,2,3,5,8,4,2,04,1,1,000,140,2,5,1,3,2,16,5,1,2,00,2,7,1,201000066594B01,7,1,1
201000067309,2010-12-05,2010,décembre,dimanche,10:00,972,97205,0,-0,2,1,1,1,1,2,2,02,1,1,000,070,1,5,1,3,1,58,5,1,2,00,2,8,1,201000067309B02,10,19,1
201000067333,2010-02-27,2010,février,samedi,16:00,972,97207,0,-0,1,1,5,1,1,3,2,02,2,4,000,054,1,0,1,4,1,23,9,1,2,00,2,1,13,201000067333C03,7,1,1
201000067333,2010-02-27,2010,février,samedi,16:00,972,97207,0,-0,1,1,5,1,1,3,2,02,2,4,000,054,1,0,1,3,1,30,9,1,2,00,2,1,13,201000067333B02,7,1,1
201000067344,2010-04-30,2010,avril,vendredi,13:45,972,97223,0,-0,2,1,3,1,1,4,2,00,1,1,000,000,1,0,1,4,1,23,5,1,2,00,2,1,18,201000067344A01,14,16,1
201000067419,2010-02-18,2010,février,jeudi,11:45,972,97214,0,-0,2,1,1,1,1,2,2,00,-1,4,000,060,1,0,1,3,1,18,5,1,1,00,2,1,17,201000067419A01,10,1,1
201000067477,2010-06-21,2010,juin,lundi,74:5,971,97132,0,-0,1,1,1,1,1,2,2,02,2,3,000,095,2,0,1,3,1,48,5,1,2,00,0,4,2,201000067477B02,7,2,1
201000067482,2010-11-20,2010,novembre,samedi,18:45,971,97132,0,-0,2,1,1,3,1,3,2,02,4,1,000,039,1,0,1,3,1,21,5,1,2,00,2,1,1,201000067482B02,7,1,1
201000067499,2010-02-27,2010,février,samedi,17:30,971,97115,0,-0,2,2,3,1,1,4,2,02,2,1,000,049,1,0,0,3,1,18,0,1,1,00,2,3,16,201000067499A01,7,1,1
201000067519,2010-10-03,2010,octobre,dimanche,15:30,971,97118,0,-0,1,1,2,1,1,2,3,04,1,3,026,140,1,0,1,3,1,24,5,1,1,00,2,4,1,201000067519B02,7,21,1
201000067522,2010-01-24,2010,janvier,dimanche,70:0,971,97129,0,-0,2,1,1,1,1,3,2,02,-1,1,000,000,1,0,1,3,1,59,0,1,1,00,2,1,1,201000067522B02,7,1,1
201000067534,2010-01-19,2010,janvier,mardi,17:15,971,97112,0,-0,1,1,2,2,7,2,2,02,1,1,000,067,1,0,1,3,1,39,5,1,1,00,2,4,2,201000067534B02,7,1,1
201000067535,2010-03-09,2010,mars,mardi,19:00,971,97108,0,-0,1,1,2,3,1,3,2,00,1,1,000,058,1,0,1,3,1,48,0,1,1,00,2,4,2,201000067535A01,7,2,1
201000067543,2010-12-19,2010,décembre,dimanche,17:15,971,97112,0,-0,1,1,3,2,1,2,2,02,1,1,070,000,1,0,1,3,1,51,5,1,1,00,2,1,1,201000067543B02,7,15,1
201000067559,2010-08-27,2010,août,vendredi,16:00,971,97117,0,-0,1,1,3,1,1,3,2,00,-1,1,000,000,1,0,1,4,1,15,5,1,2,00,2,8,1,201000067559B02,10,17,1
201000067564,2010-04-04,2010,avril,dimanche,13:45,971,97122,0,-0,1,1,2,1,1,2,2,01,3,1,000,054,1,0,1,2,1,16,5,1,1,00,0,4,1,201000067564B02,7,2,1
201000067565,2010-05-25,2010,mai,mardi,64:5,971,97122,0,-0,2,1,3,1,1,3,2,00,1,-1,000,000,1,0,1,4,1,59,5,1,1,00,2,8,0,201000067565B02,7,1,1
201000067590,2010-10-24,2010,octobre,dimanche,53:0,971,97125,0,-0,1,1,1,3,1,4,2,01,2,2,000,035,2,0,1,3,1,56,5,1,4,00,2,1,1,201000067590B02,30,1,1
201000067613,2010-10-30,2010,octobre,samedi,15:45,971,97128,0,-0,2,1,3,1,1,3,2,02,2,1,000,055,1,0,1,3,1,18,5,1,1,00,2,1,1,201000067613B02,7,15,1
201000067623,2010-09-09,2010,septembre,jeudi,17:30,971,97116,0,-0,1,1,1,1,1,3,2,02,-1,1,000,060,1,0,1,3,1,72,0,1,1,00,2,4,1,201000067623B02,7,2,1
201000067634,2010-04-14,2010,avril,mercredi,16:15,973,97305,0,-0,1,1,3,1,1,2,2,00,-1,1,000,060,1,0,1,3,1,56,0,1,1,00,2,2,0,201000067634A01,7,0,1
201000067644,2010-09-10,2010,septembre,vendredi,20:30,973,97305,0,-0,1,1,1,3,1,2,2,02,1,1,000,075,1,0,1,4,1,20,5,1,4,00,2,4,2,201000067644B02,7,2,1
201000067646,2010-09-18,2010,septembre,samedi,70:0,973,97305,0,-0,1,1,2,1,1,2,2,02,1,1,000,000,1,0,1,2,1,57,1,1,1,00,2,4,2,201000067646B02,7,2,1
201000067647,2010-11-13,2010,novembre,samedi,18:45,973,97305,0,-0,1,1,2,3,1,2,2,02,1,1,074,000,1,0,1,3,1,40,5,1,4,00,2,4,2,201000067647B02,7,2,1
201000067690,2010-10-22,2010,octobre,vendredi,14:15,974,97408,-0,0,2,1,3,1,1,4,2,00,1,1,000,065,1,0,1,1,1,13,5,1,1,00,2,8,19,201000067690A01,7,1,1
201000067690,2010-10-22,2010,octobre,vendredi,14:15,974,97408,-0,0,2,1,3,1,1,4,2,00,1,1,000,065,1,0,1,3,1,10,0,1,1,00,2,8,19,201000067690A01,7,1,1
201000067705,2010-09-19,2010,septembre,dimanche,19:00,974,97418,-0,0,2,1,1,3,1,4,2,02,2,1,000,055,1,0,1,3,1,15,5,1,1,00,2,1,1,201000067705A01,7,1,1
201000067729,2010-12-18,2010,décembre,samedi,74:5,974,97406,-0,0,2,1,1,1,1,2,2,02,1,1,000,081,1,0,1,3,1,12,5,1,1,00,2,8,19,201000067729A01,10,1,1
201000067733,2010-02-05,2010,février,vendredi,94:5,974,97415,-0,0,2,1,3,1,1,9,2,02,1,1,000,072,1,0,1,3,1,51,5,1,2,00,2,1,1,201000067733B02,7,10,1
201000067759,2010-04-08,2010,avril,jeudi,15:00,974,97423,-0,0,2,1,6,1,1,4,-1,02,2,3,000,049,1,0,1,4,1,21,0,1,1,09,0,0,5,201000067759A01,,,
201000067759,2010-04-08,2010,avril,jeudi,15:00,974,97423,-0,0,2,1,6,1,1,4,-1,02,2,3,000,049,1,0,1,3,1,24,5,1,1,09,0,0,5,201000067759A01,,,
201000067759,2010-04-08,2010,avril,jeudi,15:00,974,97423,-0,0,2,1,6,1,1,4,-1,02,2,3,000,049,1,0,1,4,1,23,0,1,1,09,0,0,5,201000067759A01,,,
201000067760,2010-06-10,2010,juin,jeudi,13:00,974,97423,-0,0,2,1,3,1,1,3,2,00,2,3,000,067,1,0,1,3,1,15,2,1,1,00,2,1,15,201000067760A01,7,1,1
201000067768,2010-03-13,2010,mars,samedi,15:00,974,97414,-0,0,1,1,1,1,1,4,2,00,-1,-1,000,050,-1,0,0,3,2,15,5,1,1,00,0,0,21,201000067768A01,7,1,1
201000067788,2010-09-26,2010,septembre,dimanche,14:00,974,97414,-0,0,2,1,1,1,1,4,2,02,2,3,040,046,1,5,1,3,1,24,5,1,1,00,2,1,1,201000067788B02,2,13,1
201000067794,2010-01-31,2010,janvier,dimanche,13:30,974,97424,-0,0,2,6,3,1,1,4,2,00,2,1,000,000,1,5,1,3,1,17,5,1,1,00,2,1,5,201000067794A01,7,1,1
201000067805,2010-05-04,2010,mai,mardi,84:5,974,97412,-0,0,1,1,1,1,2,4,2,00,2,2,000,053,2,0,1,3,1,46,5,1,1,00,2,1,1,201000067805B02,7,13,1
201000067814,2010-08-19,2010,août,jeudi,81:5,974,97417,-0,0,1,1,7,1,1,2,-1,02,2,3,000,061,1,0,1,3,1,51,9,1,1,00,0,0,1,201000067814A01,,,
201000067835,2010-02-14,2010,février,dimanche,74:5,971,97103,0,-0,1,1,1,1,1,3,3,00,1,1,000,000,1,0,3,4,1,47,5,1,2,00,2,4,2,201000067835B02,7,2,1
201000067862,2010-07-01,2010,juillet,jeudi,16:45,973,97309,0,-0,2,1,1,1,1,4,2,00,2,2,000,000,1,0,1,3,1,14,5,1,1,00,2,1,13,201000067862A01,7,1,1
201000067867,2010-08-25,2010,août,mercredi,12:15,973,97309,0,-0,1,1,1,1,1,3,2,02,1,1,000,050,1,0,1,3,1,15,5,1,8,00,2,8,10,201000067867B02,7,2,1
201000067870,2010-10-20,2010,octobre,mercredi,17:45,973,97309,0,-0,2,6,3,1,1,3,2,02,-1,-1,000,000,1,0,1,3,1,35,5,1,1,00,0,1,0,201000067870B02,7,15,1
201000067897,2010-09-27,2010,septembre,lundi,18:15,973,97304,0,-0,2,1,1,5,1,4,2,00,2,2,000,000,1,0,1,3,1,44,0,1,1,00,2,1,15,201000067897B02,7,1,1
201000067913,2010-02-03,2010,février,mercredi,16:15,973,97307,0,-0,1,1,1,1,1,3,-1,00,1,1,000,000,1,0,1,2,1,17,9,1,1,12,0,1,1,201000067913A01,10,1,1
201000067922,2010-06-16,2010,juin,mercredi,63:0,973,97307,0,-0,1,1,3,1,2,4,2,02,1,1,000,045,2,0,1,4,1,12,2,1,9,00,2,0,15,201000067922B02,2,11,1
201000067927,2010-09-07,2010,septembre,mardi,20:30,973,97307,0,-0,1,1,2,3,1,3,2,02,1,1,000,070,1,0,3,4,1,19,5,1,1,00,2,4,1,201000067927B02,30,1,1
201000067937,2010-12-01,2010,décembre,mercredi,14:45,973,97307,0,-0,1,1,3,1,1,2,2,00,-1,1,000,000,1,5,1,3,1,38,5,1,1,00,2,5,19,201000067937A01,7,1,1
201000067950,2010-11-20,2010,novembre,samedi,19:30,974,97415,-0,0,1,1,7,3,3,3,2,02,2,1,000,064,2,0,3,2,1,49,5,1,2,13,0,1,0,201000067950A01,,,
201000067955,2010-07-15,2010,juillet,jeudi,15:15,974,97404,-0,0,1,1,2,1,1,3,3,00,1,1,020,085,1,0,2,3,1,61,5,1,2,00,0,8,1,201000067955B02,7,14,1
201000067958,2010-02-01,2010,février,lundi,21:40,971,97105,0,0,2,1,1,4,1,3,2,02,2,1,000,110,1,0,1,3,1,18,5,1,9,00,2,1,13,201000067958B01,7,1,1
201000068008,2010-07-03,2010,juillet,samedi,13:10,971,97107,0,0,2,1,3,1,1,3,1,01,1,1,020,020,1,0,1,4,1,36,5,1,4,00,0,1,2,201000068008B01,7,0,1
201000068024,2010-01-13,2010,janvier,mercredi,14:00,971,97101,0,0,1,1,6,1,1,3,2,02,1,2,000,000,1,0,0,3,1,30,0,1,2,00,0,0,0,201000068024A01,7,0,1
201000068041,2010-02-03,2010,février,mercredi,16:20,971,97101,0,0,1,1,6,1,1,3,2,02,1,1,000,000,1,0,0,3,1,38,0,1,2,00,2,0,0,201000068041B01,7,0,1
201000068060,2010-02-18,2010,février,jeudi,20:25,971,97120,0,0,2,1,2,5,1,3,2,01,1,1,000,000,1,0,1,4,1,44,0,1,2,00,2,0,1,201000068060B01,7,1,1
201000068064,2010-03-10,2010,mars,mercredi,63:5,971,97101,0,0,1,1,3,2,1,3,2,01,2,-1,000,000,1,0,1,4,1,46,0,1,2,00,2,1,0,201000068064B01,7,15,1
201000068068,2010-03-25,2010,mars,jeudi,16:30,971,97101,0,0,2,1,1,1,1,3,2,01,1,1,000,000,1,0,1,3,1,16,0,1,2,00,2,0,17,201000068068B01,10,1,1
201000068071,2010-03-18,2010,mars,jeudi,65:0,971,97101,0,0,1,1,3,1,1,3,2,01,2,2,000,000,1,0,1,4,1,45,0,1,2,00,0,0,0,201000068071B01,7,21,1