Num_Acc,date,an,mois,jour,hrmn,dep,com,lat,long,agg,int,col,lum,atm,catr,circ,nbv,prof,plan,lartpc,larrout,surf,infra,situ,grav,sexe,age,trajet,secuexist,equipement,obs,obsm,choc,manv,vehiculeid,typevehicules,manoeuvehicules,numVehicules
201000068074,2010-03-22,2010,mars,lundi,15:10,971,97120,0,0,2,1,1,1,1,6,1,01,-1,1,000,000,1,0,1,3,1,12,0,1,2,00,2,9,9,201000068074B01,37,20,1
201000068076,2010-03-31,2010,mars,mercredi,14:00,971,97120,0,0,2,1,1,1,1,3,3,01,1,1,000,000,1,0,1,3,1,8,0,1,2,00,2,0,9,201000068076B01,7,1,1
201000068079,2010-04-08,2010,avril,jeudi,10:10,971,97101,0,0,1,1,3,1,1,3,2,02,2,4,000,000,1,0,1,2,1,13,0,1,2,00,0,0,0,201000068079B01,7,17,1
201000068095,2010-05-01,2010,mai,samedi,16:55,971,97113,0,0,2,1,3,1,1,3,2,01,1,1,000,000,1,0,1,4,1,13,0,1,2,00,2,9,1,201000068095B01,10,15,1
201000068114,2010-05-13,2010,mai,jeudi,71:5,971,97113,0,0,2,1,3,1,1,3,2,01,2,1,000,000,1,0,1,4,1,58,0,1,4,00,2,0,24,201000068114B01,7,13,1
201000068116,2010-05-26,2010,mai,mercredi,17:00,971,97101,0,0,1,1,2,1,1,3,2,01,1,-1,000,000,2,0,1,4,1,18,0,1,2,01,0,0,1,201000068116B01,7,24,1
201000068116,2010-05-26,2010,mai,mercredi,17:00,971,97101,0,0,1,1,2,1,1,3,2,01,1,-1,000,000,2,0,1,4,1,12,0,1,2,01,0,0,1,201000068116B01,7,24,1
201000068181,2010-09-05,2010,septembre,dimanche,17:20,971,97101,0,0,2,1,3,1,1,2,1,01,3,1,000,000,1,1,1,4,1,42,5,1,2,00,2,0,1,201000068181B01,7,1,1
201000068202,2010-10-12,2010,octobre,mardi,13:10,971,97101,0,0,2,1,3,1,1,3,2,01,1,-1,000,000,1,0,1,3,1,9,5,1,2,00,2,0,1,201000068202B01,7,1,1
201000068202,2010-10-12,2010,octobre,mardi,13:10,971,97101,0,0,2,1,3,1,1,3,2,01,1,-1,000,000,1,0,1,1,1,12,5,1,2,00,2,0,1,201000068202B01,7,1,1
201000068203,2010-10-03,2010,octobre,dimanche,91:5,971,97113,0,0,2,1,3,1,1,3,2,01,1,-1,000,000,1,0,1,4,1,12,5,1,2,00,2,9,16,201000068203A01,7,1,1
201000068230,2010-11-14,2010,novembre,dimanche,85:0,971,97101,0,0,1,1,2,1,1,2,1,00,1,1,000,000,1,0,1,3,1,36,5,1,2,00,2,4,1,201000068230B01,7,1,1
201000068248,2010-12-12,2010,décembre,dimanche,11:10,971,97101,0,0,2,1,3,1,1,4,2,01,1,1,000,000,1,0,1,3,1,56,5,1,2,00,2,1,9,201000068248B01,7,0,1
201000068343,2010-08-20,2010,août,vendredi,17:55,972,97209,0,0,2,1,1,1,1,3,2,02,2,2,000,000,-1,0,1,4,1,14,5,1,2,00,2,1,5,201000068343A01,7,1,1
201000068422,2010-02-27,2010,février,samedi,17:35,972,97213,0,0,1,9,3,1,1,4,2,02,-1,-1,000,000,1,0,1,4,1,13,5,1,2,00,2,1,9,201000068422B01,7,1,1
201000068583,2010-02-18,2010,février,jeudi,93:8,973,97302,0,0,1,9,3,1,1,3,2,00,1,3,000,158,1,0,1,3,1,43,0,1,9,00,2,1,1,201000068583B01,7,0,1
201000068598,2010-04-02,2010,avril,vendredi,21:13,973,97302,0,0,1,1,1,5,1,3,2,02,1,1,000,112,1,0,1,3,1,17,9,1,4,00,2,1,1,201000068598B01,2,17,1
201000068600,2010-03-29,2010,mars,lundi,19:50,973,97302,0,0,1,1,3,4,1,4,2,02,1,1,000,055,1,0,1,4,1,14,9,1,4,00,2,1,10,201000068600A01,2,1,1
201000068605,2010-04-16,2010,avril,vendredi,20:07,973,97302,0,0,2,1,3,4,1,4,2,02,1,1,000,056,1,0,1,3,1,20,9,1,4,00,9,1,1,201000068605B01,2,15,1
201000068619,2010-05-25,2010,mai,mardi,19:13,973,97302,0,0,1,1,3,5,1,3,2,02,1,1,000,070,1,0,1,4,1,19,5,1,2,00,2,1,0,201000068619A01,7,0,1
201000068620,2010-05-29,2010,mai,samedi,21:02,973,97302,0,0,2,6,3,5,1,4,-1,02,1,1,000,069,1,0,1,4,1,40,0,1,9,00,2,9,1,201000068620B01,7,19,1
201000068623,2010-06-09,2010,juin,mercredi,72:0,973,97302,0,0,1,1,3,1,1,3,2,02,1,1,000,067,1,0,1,4,1,18,0,1,2,00,2,1,16,201000068623A01,7,1,1
201000068627,2010-06-11,2010,juin,vendredi,65:0,973,97302,0,0,2,1,3,1,2,4,4,02,1,1,000,051,1,0,1,4,1,52,0,1,2,00,0,1,0,201000068627B01,7,0,1
201000068634,2010-06-16,2010,juin,mercredi,14:50,973,97302,0,0,2,1,6,1,1,4,2,02,1,1,000,080,1,5,1,1,1,14,9,1,9,00,9,2,1,201000068634B01,30,21,1
201000068636,2010-06-15,2010,juin,mardi,18:48,973,97302,0,0,1,6,1,5,1,3,4,02,1,1,000,000,2,0,1,4,1,29,0,1,2,00,2,1,0,201000068636A01,7,0,1
201000068637,2010-06-18,2010,juin,vendredi,16:16,973,97302,0,0,1,1,3,1,1,4,2,02,1,1,000,052,1,0,1,4,1,76,0,1,2,00,0,0,0,201000068637B01,7,0,1
201000068659,2010-07-15,2010,juillet,jeudi,20:31,973,97302,0,0,2,3,3,1,1,4,2,,1,1,000,000,1,0,1,4,1,13,0,1,2,00,9,0,0,201000068659A01,2,0,1
201000068664,2010-08-05,2010,août,jeudi,18:31,973,97302,0,0,2,2,3,5,1,4,2,02,1,1,000,090,1,0,1,1,1,17,0,1,2,00,0,2,0,201000068664A01,7,0,1
201000068671,2010-08-20,2010,août,vendredi,14:25,973,97302,0,0,2,1,1,1,1,4,2,02,1,1,000,079,1,0,1,4,1,33,0,1,2,00,0,1,0,201000068671A01,7,0,1
201000068680,2010-09-06,2010,septembre,lundi,84:5,973,97302,0,0,2,6,3,1,1,4,1,02,1,1,000,069,1,0,1,4,1,18,0,1,2,00,0,1,19,201000068680B01,7,19,1
201000068682,2010-09-12,2010,septembre,dimanche,12:15,973,97302,0,0,2,1,3,1,1,3,2,,1,1,000,068,1,0,1,4,1,59,0,1,2,00,0,6,0,201000068682B01,10,16,1
201000068688,2010-09-22,2010,septembre,mercredi,19:49,973,97302,0,0,2,1,6,4,1,4,1,02,1,1,000,000,1,0,1,4,1,7,0,1,2,00,2,7,5,201000068688A01,7,1,1
201000068695,2010-10-01,2010,octobre,vendredi,16:46,973,97302,0,0,1,6,3,1,1,3,2,02,1,1,000,040,1,0,1,4,2,15,0,1,2,00,2,1,19,201000068695B01,7,0,1
201000068699,2010-10-14,2010,octobre,jeudi,17:11,973,97302,0,0,1,1,6,1,1,4,2,02,1,1,000,060,1,0,1,4,1,16,0,1,2,00,1,0,1,201000068699A01,,,
201000068699,2010-10-14,2010,octobre,jeudi,17:11,973,97302,0,0,1,1,6,1,1,4,2,02,1,1,000,060,1,0,1,4,1,12,0,1,9,00,1,0,1,201000068699A01,,,
201000068701,2010-10-18,2010,octobre,lundi,10:00,973,97302,0,0,1,3,3,1,1,4,2,02,1,1,000,052,1,0,1,4,1,79,0,1,4,00,2,4,19,201000068701B01,7,15,1
201000068731,2010-12-02,2010,décembre,jeudi,14:18,973,97302,0,0,2,6,3,1,1,4,4,02,1,1,000,069,1,0,1,4,2,17,9,1,9,00,9,1,19,201000068731B01,7,19,1
201000068732,2010-12-10,2010,décembre,vendredi,23:18,973,97302,0,0,1,1,1,5,1,4,2,02,1,1,000,098,1,0,1,4,1,16,5,1,4,00,2,1,11,201000068732A01,7,1,1
201000068733,2010-12-03,2010,décembre,vendredi,12:14,973,97302,0,0,2,3,3,1,8,3,2,02,1,1,000,071,2,0,1,3,1,21,0,1,4,00,2,7,19,201000068733A01,7,1,1
201000068734,2010-12-09,2010,décembre,jeudi,14:35,973,97302,0,0,2,3,1,1,1,4,2,02,1,2,000,040,1,0,1,4,2,18,0,1,2,00,2,0,16,201000068734B01,7,15,1
201000068748,2010-12-24,2010,décembre,vendredi,19:30,973,97312,0,0,1,1,1,3,1,2,2,02,1,1,000,078,1,0,1,4,1,40,9,1,4,00,2,1,14,201000068748A01,33,1,1
201000068753,2010-01-28,2010,janvier,jeudi,85:0,974,97407,0,0,2,2,3,1,1,4,1,01,1,1,000,058,1,0,0,4,1,49,5,1,9,00,2,1,1,201000068753B01,7,9,1
201000068755,2010-02-20,2010,février,samedi,91:5,974,97407,0,0,2,2,3,1,1,4,3,01,1,1,035,068,1,0,1,4,1,16,5,1,9,00,2,1,1,201000068755B01,7,1,1
201000068755,2010-02-20,2010,février,samedi,91:5,974,97407,0,0,2,2,3,1,1,4,3,01,1,1,035,068,1,0,1,4,1,15,5,1,9,00,2,1,1,201000068755B01,7,1,1
201000068779,2010-05-21,2010,mai,vendredi,19:45,974,97407,0,0,2,1,6,5,1,4,2,02,1,1,000,071,1,0,1,4,1,18,5,1,9,15,0,1,1,201000068779A01,,,
201000068787,2010-06-23,2010,juin,mercredi,11:55,974,97407,0,0,2,1,6,1,1,4,3,02,1,1,048,070,1,0,1,4,1,23,5,1,9,00,0,0,21,201000068787B01,7,22,1
201000068791,2010-07-20,2010,juillet,mardi,11:30,974,97407,0,0,1,1,6,1,1,4,2,02,1,3,000,071,1,0,1,2,1,35,5,1,9,00,2,8,10,201000068791B01,7,13,1
201000068795,2010-08-09,2010,août,lundi,10:40,974,97407,0,0,2,1,2,1,1,4,2,02,1,1,000,071,1,0,1,4,1,15,5,1,9,00,2,1,1,201000068795B01,7,23,1
201000068796,2010-08-12,2010,août,jeudi,19:50,974,97407,0,0,2,3,3,5,2,4,2,02,1,1,000,068,2,0,1,4,1,18,9,1,4,00,2,7,1,201000068796A01,7,1,1
201000068800,2010-08-27,2010,août,vendredi,16:45,974,97407,0,0,2,3,7,1,3,4,2,02,1,1,000,065,2,0,0,4,1,37,5,1,9,00,0,0,9,201000068800A01,,,
201000068805,2010-09-15,2010,septembre,mercredi,15:50,974,97407,0,0,2,1,6,1,1,4,1,02,1,1,000,068,1,0,1,4,1,27,9,1,9,00,2,1,5,201000068805A01,7,15,1
201000068807,2010-09-16,2010,septembre,jeudi,15:15,974,97407,0,0,2,3,3,1,1,4,2,02,1,1,000,067,1,0,1,4,1,16,5,1,9,00,2,1,9,201000068807A01,7,1,1
201000068814,2010-10-08,2010,octobre,vendredi,92:5,974,97407,0,0,2,9,3,1,1,4,2,02,1,1,000,067,1,0,1,4,1,46,0,1,9,00,0,7,1,201000068814B01,7,9,1
201000068816,2010-10-12,2010,octobre,mardi,17:55,974,97407,0,0,2,3,3,1,1,4,1,01,1,1,000,058,1,0,1,4,1,12,5,1,4,00,2,1,5,201000068816A01,7,15,1
201000068831,2010-12-18,2010,décembre,samedi,20:10,974,97407,0,0,2,1,6,5,1,4,2,02,1,1,000,071,1,0,1,1,1,22,0,1,4,00,0,1,1,201000068831B01,2,17,1
201000068837,2010-06-04,2010,juin,vendredi,17:00,974,97409,0,0,1,1,2,1,1,4,-1,02,-1,-1,000,000,-1,0,0,4,1,18,0,1,9,00,2,4,1,201000068837B01,7,1,1
201000068846,2010-12-19,2010,décembre,dimanche,93:0,974,97409,0,0,2,1,2,1,1,4,2,01,1,-1,000,060,1,3,1,3,1,26,5,1,2,00,0,4,2,201000068846B01,7,2,1
201000068849,2010-10-01,2010,octobre,vendredi,23:09,974,97409,0,0,1,1,7,3,1,4,2,01,-1,-1,000,060,1,0,1,4,1,18,5,1,2,00,0,0,0,201000068849A01,,,
201000068857,2010-11-22,2010,novembre,lundi,22:20,974,97409,0,0,2,1,7,3,1,4,2,01,1,-1,000,060,1,0,1,4,1,21,5,1,2,13,0,1,1,201000068857A01,,,
201000068858,2010-11-22,2010,novembre,lundi,80:0,974,97409,0,0,2,1,2,1,1,4,2,01,1,-1,000,060,1,0,1,4,1,20,1,1,2,00,2,3,15,201000068858B01,37,2,1
201000068865,2010-01-02,2010,janvier,samedi,19:15,974,97409,0,0,2,3,3,5,1,4,1,01,1,1,000,000,1,0,1,4,1,5,5,1,2,00,2,3,0,201000068865B01,7,1,1
201000068867,2010-01-10,2010,janvier,dimanche,95:0,974,97409,0,0,2,6,3,1,1,3,2,02,1,-1,000,000,1,0,1,4,1,39,0,1,2,00,2,1,1,201000068867B01,7,0,1
201000068868,2010-01-31,2010,janvier,dimanche,93:0,974,97409,0,0,2,3,3,1,1,3,2,02,1,-1,000,000,1,0,1,4,1,12,0,1,2,00,2,1,1,201000068868B01,7,1,1
201000068874,2010-03-16,2010,mars,mardi,15:55,974,97409,0,0,1,1,3,1,1,4,2,02,-1,-1,000,000,-1,0,1,3,1,11,0,1,2,00,2,1,0,201000068874B01,7,1,1
201000068882,2010-05-28,2010,mai,vendredi,15:45,974,97409,0,0,2,1,2,1,1,4,2,02,1,-1,000,000,1,0,1,4,1,12,0,1,2,00,2,1,2,201000068882B01,7,2,1
201000068910,2010-01-27,2010,janvier,mercredi,19:20,974,97411,0,0,2,1,6,5,1,4,2,02,1,1,060,060,-1,0,1,4,1,8,0,1,4,00,2,0,19,201000068910B01,7,0,1
201000068911,2010-01-27,2010,janvier,mercredi,19:49,974,97411,0,0,2,1,2,5,1,4,2,02,1,1,060,060,-1,0,1,4,1,46,0,1,9,00,2,0,13,201000068911B01,37,1,1
201000068946,2010-03-01,2010,mars,lundi,11:50,974,97411,0,0,2,1,2,1,1,4,2,02,1,1,000,060,1,0,1,4,1,18,0,1,2,00,2,0,0,201000068946B01,2,0,1
201000068954,2010-03-06,2010,mars,samedi,14:30,974,97411,0,0,2,1,6,1,1,4,2,02,1,1,000,060,1,5,1,4,1,43,0,1,2,00,2,0,0,201000068954A01,,,
201000068974,2010-03-23,2010,mars,mardi,21:15,974,97411,0,0,2,6,3,5,1,4,3,04,2,1,000,120,1,0,1,4,1,17,0,1,4,00,2,1,9,201000068974B01,7,1,1
201000068986,2010-04-05,2010,avril,lundi,41:2,974,97411,0,0,2,1,7,2,1,4,1,01,-1,-1,000,060,1,0,1,4,1,43,5,1,4,12,0,1,0,201000068986A01,,,
201000068993,2010-04-18,2010,avril,dimanche,18:08,974,97411,0,0,2,1,7,1,1,9,-1,00,-1,-1,000,040,-1,0,0,4,1,9,0,1,9,00,0,0,0,201000068993A01,,,
201000068997,2010-04-25,2010,avril,dimanche,63:0,974,97411,0,0,2,6,6,2,1,4,2,02,1,3,000,035,1,5,1,4,1,76,5,1,2,00,0,8,1,201000068997B01,7,16,1
201000069030,2010-05-29,2010,mai,samedi,20:06,974,97411,0,0,1,1,6,3,1,3,2,02,3,-1,000,000,1,0,1,4,1,38,5,1,2,00,2,1,1,201000069030B01,7,15,1
201000069045,2010-06-17,2010,juin,jeudi,15:00,974,97411,0,0,2,1,3,1,1,4,2,02,1,1,000,050,1,0,1,4,1,51,0,1,9,00,2,1,1,201000069045B01,7,0,1
201000069084,2010-08-04,2010,août,mercredi,12:20,974,97411,0,0,2,6,2,1,1,4,1,02,1,2,000,040,1,0,1,4,1,33,1,1,4,00,2,4,2,201000069084B01,7,2,1
201000069088,2010-08-10,2010,août,mardi,17:25,974,97411,0,0,2,1,3,1,1,4,-1,02,2,1,000,050,1,0,1,4,1,17,0,1,4,00,2,8,18,201000069088B01,7,16,1
201000069091,2010-08-16,2010,août,lundi,19:00,974,97411,0,0,2,1,3,5,1,4,2,02,1,1,000,060,1,0,1,4,1,16,5,1,4,00,2,1,1,201000069091A01,7,1,1
201000069128,2010-09-29,2010,septembre,mercredi,19:30,974,97411,0,0,2,2,5,5,1,4,2,03,1,1,000,110,1,5,1,3,1,15,0,1,2,00,2,1,0,201000069128A01,7,0,1
201000069128,2010-09-29,2010,septembre,mercredi,19:30,974,97411,0,0,2,2,5,5,1,4,2,03,1,1,000,110,1,5,1,3,1,16,0,1,2,00,2,1,0,201000069128B01,7,0,1
201000069135,2010-10-09,2010,octobre,samedi,17:45,974,97411,0,0,2,1,6,1,1,4,2,02,1,-1,000,060,1,0,1,4,1,21,0,1,2,00,1,1,0,201000069135A01,,,
201000069135,2010-10-09,2010,octobre,samedi,17:45,974,97411,0,0,2,1,6,1,1,4,2,02,1,-1,000,060,1,0,1,4,1,6,0,1,9,00,1,1,0,201000069135A01,,,
201000069136,2010-10-13,2010,octobre,mercredi,10:10,974,97411,0,0,2,3,3,1,1,4,2,01,1,1,000,060,1,0,1,4,1,13,5,1,2,00,2,1,9,201000069136B01,7,1,1
201000069173,2010-11-28,2010,novembre,dimanche,13:50,974,97411,0,0,2,1,6,1,1,4,1,01,1,1,000,030,1,0,0,4,1,18,5,1,2,00,2,1,2,201000069173A01,,,
201000069195,2010-12-22,2010,décembre,mercredi,21:02,974,97411,0,0,1,1,2,5,1,2,-1,00,1,-1,000,060,1,0,0,4,1,13,0,1,9,00,2,0,0,201000069195B01,7,0,1
201000069210,2010-01-29,2010,janvier,vendredi,19:25,974,97416,0,0,1,1,1,3,1,4,2,02,1,1,000,050,1,0,1,4,1,17,9,1,9,00,2,1,1,201000069210B01,7,1,1
201000069221,2010-02-20,2010,février,samedi,82:0,974,97416,0,0,1,1,3,1,1,4,2,02,1,1,000,060,1,0,1,4,1,50,9,1,2,00,2,1,1,201000069221B01,7,15,1
201000069228,2010-03-12,2010,mars,vendredi,14:10,974,97416,0,0,2,3,3,1,1,4,1,01,1,1,000,040,1,0,1,4,1,22,9,1,2,00,2,7,1,201000069228A01,7,1,1
201000069245,2010-04-24,2010,avril,samedi,20:35,974,97416,0,0,2,1,3,3,1,4,2,00,1,1,000,050,1,0,1,4,1,14,9,1,9,00,2,2,1,201000069245A01,7,1,1
201000069251,2010-05-17,2010,mai,lundi,17:15,974,97416,0,0,1,1,3,2,1,4,2,02,1,1,000,040,1,0,1,4,1,19,9,1,9,00,2,3,15,201000069251A01,7,1,1
201000069269,2010-06-22,2010,juin,mardi,14:30,974,97416,0,0,1,1,7,1,1,2,1,02,1,1,000,060,1,0,1,4,1,28,9,1,2,00,0,0,1,201000069269A01,,,
201000069278,2010-07-11,2010,juillet,dimanche,18:24,974,97416,0,0,1,1,7,3,1,3,2,02,-1,-1,000,050,1,0,3,4,1,73,9,1,2,00,0,0,1,201000069278A01,,,
201000069291,2010-08-14,2010,août,samedi,14:15,974,97416,0,0,2,6,3,1,1,4,2,02,1,1,000,050,1,0,1,4,1,39,9,1,9,00,2,7,1,201000069291A01,7,1,1
201000069300,2010-08-27,2010,août,vendredi,21:30,974,97416,0,0,2,1,7,3,1,4,2,02,1,1,000,050,1,0,1,4,1,18,9,1,9,00,0,0,1,201000069300A01,,,
201000069312,2010-09-10,2010,septembre,vendredi,19:20,974,97416,0,0,2,1,3,5,1,4,2,02,1,1,000,050,1,0,1,4,1,14,0,1,2,00,2,6,15,201000069312A01,30,1,1
201000069321,2010-09-22,2010,septembre,mercredi,19:00,974,97416,0,0,1,1,3,3,1,4,2,02,1,1,000,050,1,0,1,4,1,17,9,1,2,00,2,1,1,201000069321A01,7,15,1
201000069385,2010-12-30,2010,décembre,jeudi,18:05,974,97416,0,0,2,1,3,2,1,4,2,01,2,1,000,050,1,0,1,4,2,29,9,1,9,00,2,1,21,201000069385B01,7,15,1
201000069386,2010-12-31,2010,décembre,vendredi,20:25,974,97416,0,0,2,1,3,3,1,4,2,02,1,1,000,060,1,0,1,4,1,14,9,1,2,00,2,1,17,201000069386B01,7,1,1
201100000004,2011-09-22,2011,septembre,jeudi,15:15,59,59011,50.51861,2.93043,2,1,5,1,1,3,2,00,1,1,000,058,1,0,1,4,1,40,5,1,2,00,2,0,1,201100000004A01,7,15,1
201100000004,2011-09-22,2011,septembre,jeudi,15:15,59,59011,50.51861,2.93043,2,1,5,1,1,3,2,00,1,1,000,058,1,0,1,3,1,31,5,1,2,00,2,0,1,201100000004B02,7,15,1
201100000006,2011-11-14,2011,novembre,lundi,17:45,59,59011,50.52684,2.93423,2,1,2,5,1,3,2,00,-1,1,000,000,1,0,1,3,1,23,1,1,2,01,0,1,0,201100000006A01,7,23,1
201100000020,2011-01-27,2011,janvier,jeudi,18:00,59,59256,50.55818,3.13667,2,1,3,5,1,4,2,02,1,1,000,060,1,0,1,3,2,37,9,1,4,00,2,2,1,201100000020B02,7,24,1
201100000022,2011-09-01,2011,septembre,jeudi,19:45,59,59256,50.55448,3.1266,2,1,1,2,1,5,2,02,1,1,000,060,1,0,1,3,1,16,5,1,1,00,2,3,1,201100000022B02,7,1,1
201100000035,2011-04-23,2011,avril,samedi,11:15,59,59159,50.96744,2.23993,1,1,2,1,1,3,2,02,1,1,000,052,1,0,1,3,1,46,4,1,1,00,2,1,2,201100000035A01,17,2,1
201100000037,2011-07-08,2011,juillet,vendredi,16:15,59,59094,50.95868,2.18583,1,1,1,1,1,3,2,03,1,1,000,000,1,0,1,3,1,57,5,1,2,00,2,4,13,201100000037B02,7,17,1
201100000044,2011-08-15,2011,août,lundi,13:30,59,59200,50.89535,2.3468,2,1,3,1,1,4,2,00,1,1,000,045,1,0,1,3,1,5,0,1,1,00,0,0,0,201100000044B02,7,2,1
201100000060,2011-05-11,2011,mai,mercredi,14:00,59,59073,50.78713,2.67061,1,1,3,1,1,4,2,02,4,1,000,052,1,0,1,3,1,55,5,1,1,00,2,8,1,201100000060B02,7,1,1
201100000098,2011-01-22,2011,janvier,samedi,11:45,59,59482,50.72196,3.02526,1,1,1,1,1,3,2,00,1,2,000,051,1,0,1,3,1,46,5,1,2,00,0,3,1,201100000098B02,7,13,1
201100000099,2011-05-31,2011,mai,mardi,13:00,59,59611,50.68509,2.97949,2,1,1,1,1,4,2,01,1,4,000,034,1,0,1,3,1,41,5,1,2,00,2,8,1,201100000099B02,21,1,1
201100000155,2011-08-28,2011,août,dimanche,17:00,59,59055,50.09182,3.5889,2,1,1,1,1,3,2,00,2,2,000,000,1,0,4,3,2,10,9,1,9,00,0,1,0,201100000155B02,10,1,1
201100000170,2011-08-26,2011,août,vendredi,15:00,59,59545,50.05597,3.53921,2,1,3,1,1,3,2,02,2,1,000,000,1,0,1,2,1,13,5,1,1,00,2,7,1,201100000170A01,14,1,1
201100000188,2011-09-07,2011,septembre,mercredi,19:00,59,59449,50.4773,3.24602,2,1,1,1,1,4,2,00,-1,1,000,080,1,0,1,4,1,24,1,1,1,00,2,3,9,201100000188B02,7,1,1
201100000195,2011-11-23,2011,novembre,mercredi,71:5,59,59617,50.25049,3.85199,1,1,1,3,5,3,2,02,2,2,000,000,2,0,1,3,1,35,1,1,1,00,2,1,13,201100000195A01,7,1,1
201100000202,2011-10-01,2011,octobre,samedi,18:45,59,59619,50.25797,3.65474,2,1,1,1,7,3,2,00,3,2,000,070,1,0,1,3,1,41,5,1,1,00,2,1,17,201100000202A01,7,1,1
201100000217,2011-08-29,2011,août,lundi,83:0,62,62080,0,0,2,1,2,1,1,3,2,02,1,1,000,066,1,0,1,2,2,73,9,1,4,00,2,4,0,201100000217B02,7,1,1
201100000239,2011-08-14,2011,août,dimanche,10:45,62,62609,50.371,2.727,1,1,1,1,1,4,2,01,1,3,000,000,2,0,1,3,1,56,5,1,2,00,2,1,1,201100000239B02,7,13,1
201100000251,2011-08-29,2011,août,lundi,17:30,62,62042,0,0,2,3,1,1,1,3,2,00,2,1,000,064,1,0,1,3,1,16,5,1,1,00,2,1,1,201100000251A01,7,1,1
201100000275,2011-03-06,2011,mars,dimanche,83:0,62,62706,0,0,2,1,3,1,7,3,2,00,-1,2,000,076,1,0,1,3,1,64,5,1,2,00,2,8,1,201100000275B02,7,13,1
201100000283,2011-07-12,2011,juillet,mardi,10:45,62,62338,50.648,2.853,1,1,2,1,8,3,2,02,1,1,000,064,1,0,1,3,1,79,5,1,1,00,0,4,1,201100000283B02,7,1,1
201100000292,2011-03-26,2011,mars,samedi,17:00,62,62773,0,0,2,1,1,1,1,3,2,00,-1,1,000,000,1,0,1,3,1,13,5,1,2,00,2,1,9,201100000292B02,7,1,1
201100000313,2011-04-02,2011,avril,samedi,18:30,62,62207,0,0,1,6,1,1,1,3,-1,00,1,2,000,040,1,5,1,3,1,41,5,1,2,00,2,4,2,201100000313B02,7,2,1
201100000322,2011-10-11,2011,octobre,mardi,11:30,62,62670,0,0,2,1,2,1,2,3,-1,02,2,-1,000,000,2,0,1,2,1,73,5,1,1,00,0,4,2,201100000322B02,7,2,1
201100000331,2011-05-15,2011,mai,dimanche,10:00,62,62318,50.541,1.625,2,1,3,1,1,3,2,01,1,1,000,000,1,0,5,3,1,65,5,1,2,00,2,1,1,201100000331A01,7,15,1
201100000332,2011-10-10,2011,octobre,lundi,18:45,62,62318,0,0,2,6,1,1,1,3,2,02,1,-1,000,000,1,0,1,3,1,30,0,1,2,00,2,7,1,201100000332B02,7,9,1
201100000347,2011-06-30,2011,juin,jeudi,17:30,62,62431,0,0,2,1,1,1,1,3,2,02,-1,2,000,058,1,0,1,3,1,10,5,1,1,00,2,1,1,201100000347B02,7,1,1
201100000348,2011-08-02,2011,août,mardi,10:00,62,62684,50.696,2.362,2,1,1,1,7,3,2,02,1,1,000,080,1,0,1,3,2,47,9,1,1,00,0,6,2,201100000348B02,7,2,1
201100000351,2011-12-11,2011,décembre,dimanche,80:0,62,62811,0,0,1,1,2,2,1,3,2,02,1,1,000,072,2,0,1,3,1,42,5,1,1,00,0,4,2,201100000351B02,7,2,1
201100000359,2011-08-12,2011,août,vendredi,16:00,62,62645,0,0,1,1,2,1,1,3,2,00,-1,1,000,120,1,0,1,4,1,26,5,1,1,00,2,4,2,201100000359A01,7,1,1
201100000372,2011-01-27,2011,janvier,jeudi,17:30,62,62837,50.667,2.031,1,2,3,1,1,3,2,00,4,1,000,000,1,0,0,3,1,28,1,1,4,00,2,1,1,201100000372B02,7,1,1
201100000387,2011-04-24,2011,avril,dimanche,15:45,62,62258,50.36,2.268,2,1,1,1,1,3,2,00,-1,1,000,065,1,0,1,3,1,5,0,1,1,00,2,0,13,201100000387B02,7,1,1
201100000397,2011-09-27,2011,septembre,mardi,21:00,62,62416,0,0,1,1,1,3,1,3,2,02,1,1,000,077,1,0,1,3,1,17,5,1,1,00,2,1,0,201100000397B02,7,0,1
201100000424,2011-05-13,2011,mai,vendredi,18:45,80,80530,0,0,1,1,3,1,1,3,2,01,1,1,000,065,1,5,1,4,1,62,5,1,2,00,2,1,1,201100000424B02,7,15,1
201100000432,2011-11-22,2011,novembre,mardi,13:45,80,80212,0,0,2,6,3,1,7,3,1,01,1,2,000,080,1,5,1,4,1,19,9,1,2,00,2,1,1,201100000432A01,7,1,1
201100000446,2011-01-23,2011,janvier,dimanche,10:45,80,80791,0,0,1,2,3,1,1,3,2,02,2,1,000,064,1,0,1,3,1,61,5,1,2,00,2,1,1,201100000446A01,7,19,1
201100000474,2011-12-07,2011,décembre,mercredi,18:45,80,80011,0,0,2,1,1,4,1,3,3,00,1,1,000,000,1,0,1,3,1,18,5,1,9,00,0,3,15,201100000474B02,33,1,1
201100000502,2011-08-24,2011,août,mercredi,16:45,80,80721,0,0,2,1,1,1,1,4,1,01,1,1,000,031,1,0,1,3,2,70,5,1,2,00,2,1,1,201100000502A01,7,4,1
201100000515,2011-06-01,2011,juin,mercredi,11:45,80,80228,0,0,2,1,3,1,1,4,2,02,2,1,000,041,1,0,0,3,1,78,5,1,2,00,2,8,1,201100000515B02,7,1,1
201100000561,2011-04-03,2011,avril,dimanche,15:30,80,80685,0,0,2,1,3,1,1,4,1,00,-1,1,000,073,1,0,1,4,2,16,5,1,4,00,2,8,15,201100000561A01,33,17,1
201100000565,2011-10-13,2011,octobre,jeudi,14:15,80,80685,0,0,2,6,2,1,1,4,2,02,1,2,000,000,1,5,1,3,2,51,0,1,2,00,2,1,2,201100000565B02,7,2,1