Num_Acc,date,an,mois,jour,hrmn,dep,com,lat,long,agg,int,col,lum,atm,catr,circ,nbv,prof,plan,lartpc,larrout,surf,infra,situ,grav,sexe,age,trajet,secuexist,equipement,obs,obsm,choc,manv,vehiculeid,typevehicules,manoeuvehicules,numVehicules
201100000599,2011-12-13,2011,décembre,mardi,81:5,80,80016,0,0,2,1,1,3,2,4,2,02,1,1,000,000,2,0,1,3,1,10,2,1,4,01,0,7,0,201100000599B02,7,22,1
201100000633,2011-12-02,2011,décembre,vendredi,18:30,02,02237,0,0,1,1,1,3,1,3,2,00,1,1,000,057,1,0,1,3,1,34,1,1,4,00,0,4,1,201100000633B02,7,1,1
201100000663,2011-11-11,2011,novembre,vendredi,13:50,02,02550,0,0,2,3,3,1,1,3,2,02,1,1,000,051,1,0,1,3,1,4,5,1,2,00,2,8,19,201100000663B02,7,1,1
201100000672,2011-04-10,2011,avril,dimanche,15:30,02,02346,0,0,2,1,6,1,1,3,2,02,1,1,000,000,1,0,1,4,1,14,5,1,2,00,2,8,1,201100000672A01,7,17,1
201100000691,2011-05-15,2011,mai,dimanche,91:5,02,02555,0,0,1,1,2,1,1,3,2,02,-1,1,000,062,1,0,1,3,1,58,5,1,2,00,0,4,2,201100000691B02,7,2,1
201100000713,2011-03-22,2011,mars,mardi,21:10,02,02359,0,0,1,1,2,3,1,3,2,02,1,1,000,000,1,0,1,2,1,19,1,1,4,00,0,4,2,201100000713B02,7,2,1
201100000717,2011-06-05,2011,juin,dimanche,14:15,02,02420,0,0,1,1,1,1,1,3,2,02,2,1,000,075,-1,0,1,3,1,63,5,1,2,00,0,0,2,201100000717A01,1,2,1
201100000717,2011-06-05,2011,juin,dimanche,14:15,02,02420,0,0,1,1,1,1,1,3,2,02,2,1,000,075,-1,0,1,3,2,64,5,1,2,00,9,1,2,201100000717B02,1,2,1
201100000719,2011-08-18,2011,août,jeudi,14:00,02,02355,0,0,2,9,3,1,1,3,2,02,1,1,000,070,1,0,1,4,1,14,5,1,2,00,2,1,19,201100000719B02,7,1,1
201100000724,2011-07-08,2011,juillet,vendredi,23:00,02,02095,0,0,1,1,6,3,1,3,2,01,-1,2,000,000,1,0,1,3,2,55,5,1,4,00,0,8,2,201100000724B02,7,13,1
201100000727,2011-07-28,2011,juillet,jeudi,15:30,02,02334,0,0,2,1,1,1,1,4,2,02,2,-1,000,070,1,0,4,3,1,12,5,1,2,,2,1,1,201100000727A02,7,9,1
201100000766,2011-08-04,2011,août,jeudi,10:00,02,02687,49.309,3.214,1,1,1,1,1,3,2,00,1,1,000,052,1,0,1,4,1,55,0,1,9,00,2,2,13,201100000766B02,7,18,1
201100000774,2011-12-05,2011,décembre,lundi,17:35,02,02810,49.24686,3.08732,2,4,1,5,3,4,2,02,1,-1,000,070,2,0,1,3,1,55,1,1,2,00,2,1,15,201100000774B02,7,9,1
201100000795,2011-04-08,2011,avril,vendredi,16:55,02,02830,0,0,1,9,3,1,1,3,2,00,1,1,000,060,1,0,1,3,1,10,5,1,2,00,0,3,19,201100000795B02,10,1,1
201100000807,2011-06-14,2011,juin,mardi,14:00,02,02381,0,0,2,9,6,1,1,4,2,02,4,1,000,060,1,0,1,2,1,20,0,1,2,00,2,8,19,201100000807B02,7,21,1
201100000927,2011-08-14,2011,août,dimanche,94:5,60,60104,0,0,2,6,1,1,2,3,2,02,4,-1,000,000,2,0,1,3,1,73,5,1,2,00,2,8,1,201100000927B02,7,1,1
201100000956,2011-12-02,2011,décembre,vendredi,16:45,60,60456,0,0,2,2,1,2,1,3,2,02,1,1,000,000,1,5,1,3,2,70,5,1,2,00,2,7,1,201100000956A01,7,1,1
201100000980,2011-12-24,2011,décembre,samedi,11:30,60,60151,0,0,2,6,3,1,1,3,4,00,1,2,000,000,1,5,1,4,1,38,5,1,2,00,2,0,1,201100000980B02,7,9,1
201100000989,2011-03-28,2011,mars,lundi,15:15,60,60125,0,0,1,1,1,1,1,3,2,02,1,1,000,070,1,0,1,4,1,61,5,1,2,00,2,1,1,201100000989A01,1,2,1
201100000989,2011-03-28,2011,mars,lundi,15:15,60,60125,0,0,1,1,1,1,1,3,2,02,1,1,000,070,1,0,1,1,1,74,5,1,2,00,2,1,2,201100000989B02,1,1,1
201100001008,2011-02-22,2011,février,mardi,16:00,60,60603,0,0,2,3,1,1,1,4,2,02,2,1,056,000,1,0,1,4,1,12,5,1,2,00,2,8,16,201100001008B02,7,1,1
201100001033,2011-04-25,2011,avril,lundi,10:15,60,60212,0,0,1,1,3,1,7,3,2,02,2,1,000,050,1,0,1,4,1,61,5,1,2,00,2,8,1,201100001033B02,10,17,1
201100001051,2011-02-28,2011,février,lundi,21:00,60,60589,0,0,1,6,1,5,1,4,-1,02,-1,3,000,000,1,0,1,4,1,28,1,1,4,12,2,3,1,201100001051B02,7,16,1
201100001091,2011-05-08,2011,mai,dimanche,11:00,60,60509,0,0,2,1,3,1,7,3,3,00,-1,1,000,000,1,5,1,4,1,76,5,1,2,00,2,1,11,201100001091B02,7,1,1
201100001094,2011-08-18,2011,août,jeudi,81:5,60,60509,49.311,2.579,2,1,1,1,1,4,2,00,1,1,000,000,1,0,1,3,1,83,3,1,2,00,0,4,2,201100001094B02,7,2,1
201100001123,2011-09-16,2011,septembre,vendredi,16:15,76,76624,49.87928,1.21897,2,1,6,1,1,4,1,01,-1,1,000,047,1,0,1,1,1,43,5,1,9,00,1,0,1,201100001123A01,,,
201100001148,2011-04-05,2011,avril,mardi,17:45,76,76750,49.4577,0.82032,1,1,1,1,1,3,2,02,-1,2,000,052,1,0,1,3,1,49,5,1,2,00,2,4,1,201100001148B02,7,1,1
201100001219,2011-04-12,2011,avril,mardi,93:0,76,76067,49.491,1.613,1,1,2,1,1,3,2,02,1,2,000,060,1,0,1,2,2,58,4,1,4,00,2,4,1,201100001219B02,7,2,1
201100001287,2011-11-12,2011,novembre,samedi,1:,27,27306,48.9749,1.15867,2,1,2,3,1,3,-1,02,1,1,000,000,1,0,1,2,1,18,9,1,1,00,2,1,5,201100001287B02,7,1,1
201100001378,2011-12-23,2011,décembre,vendredi,20:15,27,27226,49.3146,1.60332,1,1,5,3,3,3,2,02,1,1,000,068,2,0,1,2,1,49,5,1,4,00,2,4,2,201100001378B02,7,1,1
201100001378,2011-12-23,2011,décembre,vendredi,20:15,27,27226,49.3146,1.60332,1,1,5,3,3,3,2,02,1,1,000,068,2,0,1,4,2,55,5,1,4,00,0,8,2,201100001378C03,7,1,1
201100001439,2011-04-25,2011,avril,lundi,15:30,27,27322,49.2322,1.07332,2,1,1,1,1,4,2,02,1,3,000,050,1,0,1,3,1,37,5,1,2,00,2,1,1,201100001439B02,10,13,1
201100001452,2011-04-13,2011,avril,mercredi,10:15,27,27428,49.1438,0.90254,2,3,3,1,1,3,2,02,1,1,000,060,1,5,1,3,1,17,1,1,1,14,0,1,1,201100001452B02,10,23,1
201100001469,2011-06-13,2011,juin,lundi,80:0,27,27263,49.3783,0.56077,1,1,2,2,1,3,2,02,1,1,000,067,1,0,1,3,1,60,5,1,2,00,0,6,1,201100001469B02,7,2,1
201100001477,2011-03-30,2011,mars,mercredi,17:45,27,27228,49.3586,0.68874,1,1,2,1,2,3,2,02,1,1,000,060,2,0,1,2,1,17,5,1,1,00,2,4,1,201100001477B02,7,14,1
201100001497,2011-05-24,2011,mai,mardi,19:45,35,35047,48.02107,-1.72154,1,3,3,2,1,3,2,02,2,1,000,062,1,0,1,2,1,16,5,1,2,00,2,8,19,201100001497B01,7,1,1
201100001503,2011-02-28,2011,février,lundi,17:45,35,35193,48.23972,-1.71215,1,2,3,1,1,3,,,,,,,,5,1,3,1,26,5,1,2,00,2,6,1,201100001503A01,7,1,1
201100001514,2011-04-10,2011,avril,dimanche,16:00,35,35143,48.249,-2.003,1,2,1,1,1,3,2,02,2,1,000,064,1,0,1,3,1,7,5,1,2,00,2,4,13,201100001514C03,15,1,1
201100001519,2011-08-01,2011,août,lundi,17:15,35,35297,48.214,-2.174,1,1,3,1,1,3,2,00,2,1,070,000,1,0,1,3,1,20,0,1,2,00,2,1,13,201100001519B02,17,1,1
201100001521,2011-08-22,2011,août,lundi,19:30,35,35171,48.279,-2.03399,1,1,3,1,2,3,2,00,2,1,000,060,2,0,1,2,1,58,5,1,2,00,2,8,13,201100001521B02,14,17,1
201100001523,2011-10-01,2011,octobre,samedi,19:30,35,35234,0,0,1,1,1,1,1,4,-1,02,1,-1,029,000,1,0,1,3,1,64,5,1,1,00,2,0,15,201100001523B02,30,1,1
201100001529,2011-12-11,2011,décembre,dimanche,12:30,35,35117,48.152,-2.235,1,1,3,1,8,3,2,00,1,2,000,046,1,0,1,3,1,51,5,1,2,00,0,8,2,201100001529B02,99,17,1
201100001543,2011-10-01,2011,octobre,samedi,16:30,35,35240,48.083,-1.77,1,1,2,1,1,3,2,02,1,1,000,000,1,0,1,3,1,61,5,1,2,00,2,4,1,201100001543A01,1,1,1
201100001543,2011-10-01,2011,octobre,samedi,16:30,35,35240,48.083,-1.77,1,1,2,1,1,3,2,02,1,1,000,000,1,0,1,1,1,60,5,1,2,00,2,1,1,201100001543B02,1,1,1
201100001549,2011-12-20,2011,décembre,mardi,90:0,35,35240,0,0,1,6,1,1,8,3,2,02,1,3,066,129,1,0,1,3,1,66,5,1,2,00,2,7,1,201100001549B02,7,9,1
201100001667,2011-11-19,2011,novembre,samedi,93:0,35,35222,48.548,-1.56,1,1,3,1,1,3,2,00,-1,1,000,060,1,0,1,1,2,16,5,1,8,00,9,7,14,201100001667A01,1,1,1
201100001667,2011-11-19,2011,novembre,samedi,93:0,35,35222,48.548,-1.56,1,1,3,1,1,3,2,00,-1,1,000,060,1,0,1,3,2,17,5,1,8,00,9,8,1,201100001667B02,1,14,1
201100001676,2011-07-04,2011,juillet,lundi,84:5,35,35360,0,0,1,1,6,1,1,3,2,00,1,1,000,040,1,0,1,2,1,61,5,1,2,14,0,1,1,201100001676A01,,,
201100001678,2011-07-03,2011,juillet,dimanche,91:5,35,35360,0,0,2,6,3,1,1,4,2,02,1,2,000,000,1,5,1,3,1,74,5,1,1,00,2,1,1,201100001678A01,7,9,1
201100001682,2011-09-26,2011,septembre,lundi,11:00,35,35360,48.126,-1.21,2,1,3,1,1,4,2,00,2,1,000,000,1,0,1,3,1,74,5,1,2,01,0,1,1,201100001682A01,7,22,1
201100001689,2011-01-18,2011,janvier,mardi,90:0,35,35254,0,0,1,1,2,1,1,3,2,02,-1,1,000,072,1,0,1,3,1,37,5,1,9,00,0,4,13,201100001689B02,7,21,1
201100001713,2011-08-02,2011,août,mardi,18:45,35,35088,47.983,-1.571,1,3,2,1,1,3,2,02,1,3,000,067,1,0,1,3,1,17,5,1,1,00,0,5,15,201100001713A01,7,1,1
201100001726,2011-04-18,2011,avril,lundi,13:30,22,22007,48.6022,-2.83922,1,4,3,1,1,3,2,02,1,1,000,000,1,0,1,3,1,44,4,1,2,00,2,3,11,201100001726B02,7,1,1
201100001742,2011-03-22,2011,mars,mardi,15:45,22,22151,48.45312,-2.59705,1,3,3,1,1,4,2,02,1,1,,,1,0,1,3,1,71,5,1,9,00,2,8,15,201100001742B02,7,1,1
201100001743,2011-04-15,2011,avril,vendredi,18:45,22,22098,48.43268,-2.53772,2,3,3,1,1,4,2,02,1,1,000,075,1,0,1,3,1,8,5,1,2,00,2,1,19,201100001743B02,7,1,1
201100001755,2011-03-17,2011,mars,jeudi,18:45,22,22203,48.34331,-2.77522,1,3,1,1,1,3,2,02,1,1,000,064,1,0,1,3,1,66,5,1,2,00,2,1,1,201100001755B02,7,15,1
201100001766,2011-08-04,2011,août,jeudi,18:00,22,22275,48.141,-2.699,2,1,1,1,1,4,2,02,1,2,000,058,1,0,1,3,1,15,5,1,1,00,2,1,13,201100001766A01,7,13,1
201100001774,2011-12-12,2011,décembre,lundi,11:00,22,22136,48.175,-2.753,2,6,3,1,7,4,-1,00,1,2,000,085,2,0,1,2,1,84,5,1,2,00,2,2,1,201100001774B02,7,12,1
201100001785,2011-08-30,2011,août,mardi,12:15,22,22162,48.76899,-3.05178,2,3,3,1,1,4,2,02,1,1,,,1,0,1,3,1,30,1,1,9,00,2,1,19,201100001785B01,7,1,1
201100001792,2011-07-03,2011,juillet,dimanche,90:0,22,22081,48.48167,-2.64573,1,6,2,1,1,3,1,02,1,2,000,000,1,0,1,2,1,79,5,1,2,00,2,4,1,201100001792B02,7,1,1
201100001814,2011-06-19,2011,juin,dimanche,12:30,22,22180,48.44235,-2.23109,1,2,3,1,1,3,2,02,1,1,000,059,1,0,1,3,1,47,5,1,2,00,2,7,1,201100001814A01,7,1,1
201100001818,2011-07-22,2011,juillet,vendredi,16:00,22,22118,48.453,-2.007,1,1,1,1,1,3,2,02,4,1,000,069,1,0,1,4,1,62,5,1,2,00,2,6,2,201100001818B02,7,2,1
201100001818,2011-07-22,2011,juillet,vendredi,16:00,22,22118,48.453,-2.007,1,1,1,1,1,3,2,02,4,1,000,069,1,0,1,3,2,58,0,1,2,00,2,6,2,201100001818B02,7,2,1
201100001839,2011-02-09,2011,février,mercredi,15:30,22,22172,48.52259,-2.23256,2,1,2,1,1,3,2,02,1,1,000,000,1,0,1,3,1,15,5,1,9,00,2,4,1,201100001839B01,7,1,1
201100001841,2011-02-12,2011,février,samedi,13:45,22,22190,48.53243,-2.05619,1,1,2,1,1,3,2,02,1,1,000,037,1,0,1,4,1,26,4,1,2,00,2,4,1,201100001841A01,10,17,1
201100001843,2011-03-25,2011,mars,vendredi,91:5,22,22209,48.58,-2.14,1,1,1,1,1,3,2,02,2,2,000,079,1,5,1,3,2,82,5,1,8,00,2,2,19,201100001843B02,7,21,1
201100001845,2011-04-10,2011,avril,dimanche,84:5,22,22143,0,0,2,1,6,1,1,3,2,02,2,1,000,000,1,0,0,2,1,69,5,1,2,00,2,4,1,201100001845A01,,,
201100001854,2011-08-15,2011,août,lundi,18:30,22,22179,48.64,-2.409,2,1,1,1,1,3,2,02,1,1,000,062,1,0,1,3,1,58,5,1,1,00,2,2,17,201100001854A01,7,15,1
201100001866,2011-07-10,2011,juillet,dimanche,12:45,22,22183,48.17882,-2.57895,2,3,7,1,1,4,2,02,1,1,,,1,0,4,3,1,50,1,1,2,12,0,8,16,201100001866A01,,,
201100001877,2011-10-14,2011,octobre,vendredi,17:00,22,22070,48.567,-3.149,2,1,1,1,1,4,2,00,3,-1,000,000,1,0,1,4,1,64,5,1,1,00,2,4,2,201100001877B02,7,2,1
201100001898,2011-06-29,2011,juin,mercredi,11:15,22,22207,0,0,1,1,2,1,1,3,2,00,1,1,000,000,1,0,1,3,2,64,5,1,2,16,0,6,2,201100001898A01,1,0,1
201100001898,2011-06-29,2011,juin,mercredi,11:15,22,22207,0,0,1,1,2,1,1,3,2,00,1,1,000,000,1,0,1,3,2,59,0,1,2,00,0,2,0,201100001898B02,1,2,1
201100001920,2011-08-20,2011,août,samedi,11:45,22,22152,48.7572,-3.27886,1,2,3,1,1,3,2,02,3,1,000,080,1,5,1,3,1,24,5,1,2,00,2,8,15,201100001920B02,7,17,1
201100001921,2011-08-24,2011,août,mercredi,15:30,22,22196,48.75744,-3.15311,1,4,2,1,1,3,2,02,1,1,,,1,0,1,2,2,49,5,1,2,00,2,1,2,201100001921A01,1,21,1
201100001921,2011-08-24,2011,août,mercredi,15:30,22,22196,48.75744,-3.15311,1,4,2,1,1,3,2,02,1,1,,,1,0,1,1,1,33,5,1,2,00,2,4,21,201100001921B02,1,2,1
201100001927,2011-11-27,2011,novembre,dimanche,12:15,22,22199,48.785,-3.183,1,1,1,1,1,3,2,00,1,1,000,073,2,0,1,2,1,45,5,1,1,00,0,8,1,201100001927B02,7,19,1
201100001938,2011-06-07,2011,juin,mardi,18:00,29,29008,48.06605,-4.55759,1,1,1,1,1,3,2,00,2,1,000,000,1,0,1,3,1,38,5,1,1,00,2,1,1,201100001938B02,7,13,1
201100001951,2011-05-01,2011,mai,dimanche,16:45,29,29046,48.08407,-4.31361,2,1,3,1,1,4,2,00,2,1,000,060,1,0,1,3,1,11,5,1,1,00,2,8,11,201100001951B02,7,17,1
201100001954,2011-10-27,2011,octobre,jeudi,16:30,29,29046,48.09394,-4.34129,2,1,3,1,8,6,1,01,1,1,000,030,2,0,1,3,1,40,1,1,1,00,2,1,1,201100001954B02,7,1,1
201100001959,2011-02-22,2011,février,mardi,73:0,29,29058,47.89961,-4.02043,2,9,1,5,2,9,2,00,1,1,000,000,2,0,1,4,1,21,1,1,4,00,2,1,1,201100001959B02,7,15,1
201100001966,2011-08-07,2011,août,dimanche,11:30,29,29058,47.89867,-4.01399,1,1,1,1,1,4,2,02,4,1,000,000,1,0,5,3,1,66,5,1,2,00,2,1,1,201100001966A01,7,23,1
201100001974,2011-12-09,2011,décembre,vendredi,17:45,29,29058,47.8842,-4.00635,1,1,3,3,1,3,2,00,1,1,000,060,2,0,1,3,1,81,5,1,2,00,2,1,15,201100001974B02,7,1,1
201100001980,2011-05-04,2011,mai,mercredi,14:45,29,29284,47.82141,-4.2587,1,1,3,1,1,3,2,02,1,-1,000,065,1,0,1,3,1,48,5,1,1,00,2,1,1,201100001980B02,7,15,1
201100002014,2011-05-04,2011,mai,mercredi,14:30,29,29195,48.61612,-4.5133,1,3,3,1,1,4,2,02,1,1,000,040,1,0,1,3,1,19,5,1,2,00,0,1,5,201100002014B02,10,1,1
201100002023,2011-03-13,2011,mars,dimanche,73:0,29,29149,48.46026,-4.5809,1,1,6,2,1,3,2,02,1,1,000,000,1,5,1,3,1,46,5,1,2,00,2,1,1,201100002023A01,,,
201100002027,2011-11-05,2011,novembre,samedi,13:15,29,29178,48.54114,-4.65654,2,6,3,1,1,3,2,00,1,1,000,000,1,5,1,3,1,18,5,1,2,00,2,1,1,201100002027B02,7,15,1
201100002034,2011-09-23,2011,septembre,vendredi,18:15,29,29302,48.25884,-4.08122,2,1,3,1,1,3,2,02,2,1,000,065,1,0,1,3,1,13,5,1,1,00,2,8,19,201100002034B02,33,1,1
201100002035,2011-09-29,2011,septembre,jeudi,71:5,29,29026,48.19676,-4.09345,2,6,1,2,1,3,2,02,1,1,000,000,1,5,1,3,1,56,1,1,1,00,2,7,1,201100002035B02,7,9,1
201100002037,2011-10-29,2011,octobre,samedi,93:0,29,29044,48.19161,-4.17268,1,1,3,1,1,3,2,00,1,-1,000,064,1,0,1,3,1,55,5,1,1,00,2,8,1,201100002037B02,7,17,1
201100002081,2011-03-29,2011,mars,mardi,17:45,29,29265,48.5583,-3.87984,2,9,1,1,1,4,2,00,1,1,000,062,-1,0,1,3,1,11,0,1,2,00,2,3,9,201100002081B02,14,1,1
201100002082,2011-04-29,2011,avril,vendredi,22:15,29,29163,48.53434,-3.87301,1,1,6,3,1,3,2,02,-1,3,000,073,1,0,1,3,1,56,5,1,9,00,2,4,1,201100002082A01,,,
201100002087,2011-04-17,2011,avril,dimanche,18:00,29,29259,48.68211,-3.97044,2,1,1,1,1,3,2,00,1,1,000,046,1,0,1,3,1,44,5,1,2,00,2,3,1,201100002087B02,7,13,1
201100002089,2011-04-27,2011,avril,mercredi,11:30,29,29271,48.60516,-4.12341,2,6,1,1,1,3,1,01,-1,2,000,000,1,0,1,3,1,62,5,1,2,00,2,1,1,201100002089B02,7,9,1
201100002090,2011-07-14,2011,juillet,jeudi,15:15,29,29210,48.57349,-4.01127,1,1,1,1,1,4,2,02,1,2,052,000,1,0,1,3,2,8,5,1,1,00,2,1,5,201100002090A01,10,1,1
201100002107,2011-09-10,2011,septembre,samedi,93:0,56,56164,47.65607,-2.86714,2,1,5,1,1,4,2,02,-1,4,000,065,1,5,1,4,1,33,5,1,2,00,2,1,1,201100002107B02,7,15,1
201100002107,2011-09-10,2011,septembre,samedi,93:0,56,56164,47.65607,-2.86714,2,1,5,1,1,4,2,02,-1,4,000,065,1,5,1,4,1,30,5,1,2,00,2,1,1,201100002107C03,7,15,1
201100002113,2011-10-28,2011,octobre,vendredi,14:15,56,56132,0,0,1,1,1,1,1,3,2,02,-1,2,000,000,1,0,1,2,1,77,5,1,2,00,2,4,14,201100002113A01,14,1,1
201100002114,2011-11-12,2011,novembre,samedi,18:00,56,56164,47.6584,-2.85076,2,1,3,5,1,4,2,02,1,-1,000,050,1,0,1,3,1,10,5,1,4,00,2,1,0,201100002114B02,7,0,1
201100002122,2011-07-23,2011,juillet,samedi,19:00,56,56223,47.63555,-2.1208,2,1,1,1,1,9,2,00,4,1,000,070,1,0,1,3,1,41,5,1,2,00,2,1,13,201100002122A01,7,1,1
201100002160,2011-01-10,2011,janvier,lundi,11:45,56,56007,47.67551,-2.99407,2,6,3,1,1,4,2,00,1,1,000,000,1,5,1,3,1,72,5,1,8,00,2,6,1,201100002160B02,3,16,1
201100002167,2011-04-30,2011,avril,samedi,17:45,56,56167,47.63464,-2.91487,1,1,5,1,1,4,2,02,1,1,000,049,1,0,1,4,1,21,5,1,2,00,2,1,2,201100002167C03,10,9,1
201100002167,2011-04-30,2011,avril,samedi,17:45,56,56167,47.63464,-2.91487,1,1,5,1,1,4,2,02,1,1,000,049,1,0,1,4,1,20,5,1,2,00,2,1,2,201100002167B02,10,9,1
201100002189,2011-04-29,2011,avril,vendredi,12:00,56,56034,47.57205,-3.0716,2,1,3,1,1,4,1,00,1,1,000,000,1,0,0,4,2,56,5,1,9,00,2,7,1,201100002189B02,7,15,1
201100002191,2011-05-13,2011,mai,vendredi,11:00,56,56186,47.48479,-3.11892,2,1,2,1,1,4,1,01,1,1,000,000,1,0,1,3,2,59,3,1,2,00,0,4,1,201100002191B02,7,1,1
201100002195,2011-07-22,2011,juillet,vendredi,20:30,56,56186,47.48102,-3.11831,2,1,1,1,1,4,3,02,4,-1,000,075,1,5,5,4,2,30,1,1,9,00,0,7,0,201100002195B02,10,9,1
201100002205,2011-01-19,2011,janvier,mercredi,18:30,56,56166,47.933,-3.3443,1,1,1,3,1,4,2,01,1,1,000,050,1,0,1,3,1,20,5,1,9,00,2,1,21,201100002205B02,3,0,1
201100002214,2011-05-18,2011,mai,mercredi,80:0,56,56036,47.78298,-3.33852,2,6,3,1,1,4,1,01,1,3,000,000,1,0,1,3,1,49,1,1,4,00,2,4,1,201100002214B02,7,9,1
201100002218,2011-07-17,2011,juillet,dimanche,10:15,56,56040,47.83977,-3.35746,1,1,3,1,8,4,2,00,1,4,000,000,2,0,1,3,1,52,5,1,9,00,2,1,1,201100002218B02,7,19,1
201100002237,2011-07-05,2011,juillet,mardi,17:45,56,56013,0,0,1,1,3,1,8,3,2,00,1,1,000,060,1,5,1,3,1,87,5,1,2,00,2,7,1,201100002237B02,7,19,1
201100002238,2011-08-18,2011,août,jeudi,51:5,56,56119,0,0,1,1,1,3,5,3,2,02,2,1,000,063,1,0,1,3,1,19,1,1,9,00,2,3,1,201100002238A01,7,17,1
201100002255,2011-06-23,2011,juin,jeudi,17:30,56,56227,0,0,1,1,2,1,1,3,2,02,3,1,000,062,1,0,1,2,1,66,5,1,2,00,0,4,2,201100002255B02,7,1,1
201100002260,2011-07-18,2011,juillet,lundi,19:30,56,56165,0,0,1,6,2,1,1,3,4,02,1,-1,000,000,1,0,1,4,1,40,5,1,2,00,0,4,1,201100002260B02,7,9,1
201100002279,2011-07-26,2011,juillet,mardi,11:00,56,56020,47.78936,-2.4624,1,1,3,1,1,4,2,01,2,1,000,030,1,5,1,3,1,63,5,1,2,00,2,1,1,201100002279A01,7,15,1
201100002299,2011-07-23,2011,juillet,samedi,12:00,56,56017,0,0,1,1,3,1,1,3,2,00,1,1,000,071,1,0,1,3,1,41,5,1,9,00,2,3,15,201100002299A01,7,1,1
201100002307,2011-11-25,2011,novembre,vendredi,18:15,56,56017,0,0,1,1,6,3,1,3,2,02,1,1,000,060,1,0,1,4,1,46,3,1,4,00,2,8,1,201100002307B02,,,
201100002324,2011-08-01,2011,août,lundi,18:45,56,56076,48.03108,-3.08969,1,1,1,1,1,4,2,00,1,1,000,042,1,0,1,3,1,9,5,1,9,00,2,8,9,201100002324B02,7,1,1
201100002345,2011-08-29,2011,août,lundi,18:45,56,56174,0,0,1,9,3,1,1,3,2,02,1,3,000,072,1,0,1,3,1,14,5,1,2,00,2,8,15,201100002345A01,7,1,1
201100002347,2011-11-13,2011,novembre,dimanche,10:0,56,56074,0,0,1,1,3,3,1,3,3,04,-1,1,010,070,1,0,1,2,1,19,5,1,9,00,2,7,14,201100002347A01,7,1,1
201100002369,2011-06-12,2011,juin,dimanche,83:0,14,14384,49.3033,-0.35659,1,3,3,1,1,3,2,02,2,1,000,043,1,0,1,3,1,79,5,1,2,00,2,8,15,201100002369A02,7,21,1
201100002386,2011-03-23,2011,mars,mercredi,14:00,14,14074,49.0868,-0.19118,1,3,1,1,1,4,2,02,2,3,000,026,1,0,3,3,1,12,5,1,8,00,2,1,1,201100002386B02,10,1,1
201100002387,2011-03-28,2011,mars,lundi,10:30,14,14486,48.9808,-0.21362,1,1,7,1,1,3,2,02,2,1,000,027,1,0,1,3,1,52,5,1,2,00,0,0,1,201100002387A01,,,
201100002399,2011-03-28,2011,mars,lundi,15:00,14,14488,49.2872,-0.24968,2,1,3,1,1,4,2,02,1,2,000,000,9,0,5,3,1,63,5,1,8,00,2,1,1,201100002399B01,17,16,1
201100002402,2011-05-03,2011,mai,mardi,90:0,14,14166,49.2729,-0.30093,2,2,3,1,1,3,2,02,-1,1,000,000,1,0,1,3,1,59,5,1,8,00,2,1,15,201100002402B01,7,1,1
201100002409,2011-03-22,2011,mars,mardi,15:00,14,14724,49.271,-0.159,1,1,1,1,1,4,2,02,1,1,000,043,1,0,1,3,2,42,5,1,1,00,2,8,13,201100002409B02,7,21,1
201100002430,2011-04-17,2011,avril,dimanche,12:00,14,14468,0,0,1,1,1,1,1,3,2,02,2,2,000,050,1,0,1,3,1,51,5,1,2,00,2,1,13,201100002430A01,7,1,1
201100002459,2011-04-20,2011,avril,mercredi,15:05,14,14099,49.0292,-0.02636,1,1,1,1,1,3,2,02,1,1,000,070,1,0,1,3,1,59,5,1,9,00,2,8,2,201100002459B02,7,1,1
201100002466,2011-08-19,2011,août,vendredi,94:5,14,14431,49.077,-0.07,2,6,3,1,1,3,2,02,1,1,000,060,1,5,1,3,1,65,5,1,2,00,2,1,1,201100002466A01,7,9,1
201100002497,2011-04-26,2011,avril,mardi,15:00,14,14231,0,0,1,3,3,1,1,3,2,02,-1,1,046,000,1,0,1,3,2,14,5,1,1,00,2,9,9,201100002497B02,7,1,1
201100002499,2011-05-29,2011,mai,dimanche,11:15,14,14198,49.2333,0.02531,1,3,3,1,1,3,2,02,1,2,000,000,1,0,1,3,1,45,5,1,2,00,2,1,16,201100002499A01,7,1,1
201100002522,2011-10-31,2011,octobre,lundi,15:15,14,14347,0,0,1,1,1,1,1,4,2,00,-1,-1,000,000,-1,0,1,3,1,7,0,1,2,00,2,1,5,201100002522B02,7,0,1
201100002540,2011-06-16,2011,juin,jeudi,18:30,50,50356,0,0,2,1,1,1,1,9,2,02,2,-1,000,052,1,0,1,3,1,8,5,1,1,00,2,8,15,201100002540B02,7,2,1
201100002546,2011-10-26,2011,octobre,mercredi,19:00,50,50292,0,0,2,1,1,5,1,4,1,01,-1,2,000,063,1,0,1,3,1,82,5,1,4,00,2,1,5,201100002546A01,7,1,1
201100002573,2011-04-16,2011,avril,samedi,15:50,94,94054,48.7392,2.36359,1,4,3,1,1,1,1,01,2,1,000,050,1,3,1,4,2,68,5,1,9,00,2,7,12,201100002573A01,7,1,1
201100002579,2011-09-15,2011,septembre,jeudi,91:5,50,50202,0,0,1,1,3,1,1,3,2,02,2,1,000,000,1,5,1,3,2,15,2,1,1,00,2,1,1,201100002579B02,7,15,1