Num_Acc,date,an,mois,jour,hrmn,dep,com,lat,long,agg,int,col,lum,atm,catr,circ,nbv,prof,plan,lartpc,larrout,surf,infra,situ,grav,sexe,age,trajet,secuexist,equipement,obs,obsm,choc,manv,vehiculeid,typevehicules,manoeuvehicules,numVehicules
201100002593,2011-07-13,2011,juillet,mercredi,17:00,50,50025,0,0,2,1,3,1,1,3,2,00,1,1,000,000,1,0,1,3,2,12,5,1,1,00,2,8,19,201100002593B02,7,1,1
201100002604,2011-07-03,2011,juillet,dimanche,11:45,50,50066,0,0,2,1,1,1,1,3,2,02,2,2,000,000,1,0,1,3,1,13,5,1,2,00,2,1,13,201100002604A01,10,0,1
201100002607,2011-09-05,2011,septembre,lundi,15:15,50,50027,48.725,-1.424,1,1,1,1,1,3,2,02,1,2,000,057,1,0,1,2,1,58,5,1,1,00,0,1,0,201100002607B02,10,0,1
201100002610,2011-01-21,2011,janvier,vendredi,11:00,50,50331,0,0,1,1,1,1,1,3,2,01,1,1,000,033,1,0,1,3,1,72,5,1,2,00,2,3,15,201100002610B02,7,1,1
201100002621,2011-09-13,2011,septembre,mardi,16:15,50,50065,48.557,-1.49,1,1,2,1,1,3,2,02,1,1,000,062,1,0,1,3,1,58,5,1,2,14,0,1,2,201100002621B02,7,2,1
201100002654,2011-03-23,2011,mars,mercredi,16:00,50,50178,0,0,2,1,1,1,1,3,2,02,2,1,000,000,1,0,1,3,1,65,5,1,2,00,0,6,1,201100002654B02,7,17,1
201100002661,2011-06-13,2011,juin,lundi,18:00,50,50618,0,0,1,1,1,1,1,3,2,02,-1,1,000,060,1,0,1,3,2,82,5,1,1,00,2,8,19,201100002661A01,7,1,1
201100002664,2011-08-02,2011,août,mardi,17:30,50,50342,0,0,1,1,1,1,1,3,2,00,1,1,000,064,1,0,1,3,1,30,5,1,2,00,2,1,1,201100002664B02,7,15,1
201100002676,2011-12-09,2011,décembre,vendredi,12:30,50,50058,0,0,1,1,2,1,1,3,2,02,1,2,025,084,1,5,1,3,1,64,3,1,8,00,0,4,1,201100002676B02,7,1,1
201100002689,2011-10-20,2011,octobre,jeudi,91:5,50,50626,0,0,1,1,2,1,1,3,2,02,2,1,000,050,1,0,1,3,1,70,5,1,1,00,2,4,1,201100002689B02,7,1,1
201100002695,2011-05-12,2011,mai,jeudi,19:30,50,50403,49.194,-1.572,1,1,3,1,1,3,2,02,1,3,000,050,-1,0,1,3,1,12,5,1,1,00,2,0,19,201100002695B02,7,1,1
201100002702,2011-10-22,2011,octobre,samedi,11:15,50,50510,49.183,-1.37,1,1,2,1,1,3,2,02,1,1,000,070,1,0,1,3,1,60,5,1,2,00,0,4,1,201100002702B02,7,1,1
201100002707,2011-11-27,2011,novembre,dimanche,17:45,50,50510,0,0,1,1,3,2,1,3,2,02,1,1,000,072,1,0,1,3,1,51,5,1,2,00,2,8,2,201100002707B02,7,2,1
201100002720,2011-06-24,2011,juin,vendredi,18:45,50,50484,0,0,2,1,1,1,1,3,2,00,1,1,000,060,1,0,1,4,1,42,5,1,2,00,2,1,1,201100002720B02,7,15,1
201100002733,2011-01-24,2011,janvier,lundi,65:0,01,01053,0,0,2,3,6,5,1,3,2,02,1,1,000,000,1,0,1,4,1,48,1,1,4,00,2,8,15,201100002733A01,7,1,1
201100002750,2011-03-10,2011,mars,jeudi,15:40,01,01053,0,0,2,1,7,1,1,3,2,04,1,1,000,000,1,0,4,3,1,59,0,1,9,00,0,0,0,201100002750A01,,,
201100002758,2011-03-24,2011,mars,jeudi,20:00,01,01053,0,0,2,3,6,5,1,4,2,02,1,1,000,000,1,0,0,3,1,51,9,1,4,00,2,4,15,201100002758A01,7,1,1
201100002786,2011-06-17,2011,juin,vendredi,21:30,01,01053,0,0,2,2,3,5,2,4,-1,02,1,1,000,000,2,0,1,3,1,15,5,1,9,00,2,1,15,201100002786A01,7,1,1
201100002797,2011-07-12,2011,juillet,mardi,12:25,01,01053,0,0,2,1,6,1,1,4,-1,01,1,1,000,000,1,0,4,4,2,41,4,1,9,15,0,1,1,201100002797A01,10,23,1
201100002801,2011-08-05,2011,août,vendredi,10:05,01,01053,0,0,2,3,3,1,1,4,2,02,1,1,000,078,9,0,1,4,2,51,1,1,4,00,2,1,0,201100002801A01,7,0,1
201100002831,2011-10-31,2011,octobre,lundi,15:45,01,01053,0,0,2,1,3,1,1,4,2,02,1,1,000,070,1,0,1,4,1,70,5,1,2,00,2,1,1,201100002831B01,7,15,1
201100002835,2011-11-08,2011,novembre,mardi,74:0,01,01053,0,0,2,1,7,1,1,4,1,02,2,1,000,090,1,0,1,4,1,47,1,1,2,01,0,1,1,201100002835B01,7,24,1
201100002836,2011-11-08,2011,novembre,mardi,16:55,01,01053,0,0,2,1,6,5,1,4,2,02,1,1,000,000,2,0,1,4,1,11,2,1,2,00,2,8,19,201100002836B01,30,1,1
201100002838,2011-11-12,2011,novembre,samedi,16:10,01,01053,0,0,2,6,3,1,1,3,-1,00,1,-1,000,000,-1,0,1,4,1,21,0,1,9,00,0,5,0,201100002838B01,7,0,1
201100002841,2011-11-14,2011,novembre,lundi,65:0,01,01451,0,0,1,1,2,3,1,3,2,02,1,1,000,037,1,0,1,3,1,58,1,1,4,00,2,4,2,201100002841B01,2,2,1
201100002876,2011-05-23,2011,mai,lundi,18:00,61,61352,0,0,2,1,3,1,1,3,2,02,1,1,000,055,1,0,1,3,2,10,5,1,9,00,2,1,1,201100002876A01,7,1,1
201100002877,2011-07-06,2011,juillet,mercredi,19:30,61,61494,0,0,2,3,5,1,1,4,2,02,1,3,000,034,1,0,1,3,1,8,5,1,2,00,2,3,15,201100002877B02,7,1,1
201100002877,2011-07-06,2011,juillet,mercredi,19:30,61,61494,0,0,2,3,5,1,1,4,2,02,1,3,000,034,1,0,1,3,1,7,5,1,2,00,2,3,15,201100002877C03,7,1,1
201100002893,2011-05-06,2011,mai,vendredi,17:15,61,61091,0,0,1,2,3,1,1,3,2,02,1,2,000,064,1,5,1,3,1,53,5,1,2,00,2,1,1,201100002893B02,7,19,1
201100002897,2011-08-01,2011,août,lundi,12:30,61,61091,0,0,1,2,3,1,7,3,2,02,1,1,,055,2,,1,3,1,74,5,1,2,00,2,1,19,201100002897A01,7,1,1
201100002984,2011-12-09,2011,décembre,vendredi,11:30,44,44172,47.262,-1.479,2,1,3,1,2,4,2,02,1,1,070,000,2,0,1,3,1,11,2,1,8,00,2,1,19,201100002984A01,7,1,1
201100003002,2011-04-08,2011,avril,vendredi,17:15,44,44223,47.071,-1.524,2,2,3,1,1,4,2,00,1,1,035,000,1,0,1,3,1,15,5,1,2,00,2,3,1,201100003002B02,10,1,1
201100003021,2011-06-01,2011,juin,mercredi,14:00,44,44215,0,0,2,1,1,1,1,4,-1,00,2,-1,000,035,1,0,1,3,1,14,5,1,2,00,2,8,1,201100003021B02,7,1,1
201100003024,2011-01-09,2011,janvier,dimanche,11:30,44,44003,0,0,1,1,1,1,2,3,2,00,1,1,000,000,2,0,1,3,1,66,5,1,2,00,2,4,1,201100003024B02,7,1,1
201100003029,2011-08-29,2011,août,lundi,11:45,44,44191,0,0,1,2,3,1,1,3,2,02,3,1,000,067,1,5,1,2,1,53,5,1,2,00,2,7,19,201100003029B02,7,1,1
201100003031,2011-09-27,2011,septembre,mardi,15:00,44,44163,0,0,1,4,1,1,1,3,2,02,1,2,000,066,1,0,1,2,1,73,5,1,2,00,2,8,15,201100003031B02,7,1,1
201100003035,2011-12-26,2011,décembre,lundi,13:30,44,44213,0,0,1,1,7,1,1,4,2,00,4,1,000,000,1,0,1,3,1,68,5,1,2,00,0,0,1,201100003035A01,,,
201100003081,2011-08-31,2011,août,mercredi,91:5,44,44023,47.425,-1.881,1,1,2,1,1,3,2,02,3,1,000,060,1,0,1,3,1,62,5,1,2,00,2,4,1,201100003081B02,7,1,1
201100003097,2011-11-30,2011,novembre,mercredi,12:45,44,44015,47.48,-1.722,2,3,3,1,1,4,2,02,1,1,000,050,1,0,1,3,1,72,5,1,2,00,2,7,13,201100003097B02,7,16,1
201100003109,2011-02-24,2011,février,jeudi,15:00,44,44086,47.686,-1.611,1,1,3,1,1,3,2,01,1,1,000,053,1,0,1,3,1,64,5,1,2,00,2,1,1,201100003109B02,21,15,1
201100003110,2011-03-12,2011,mars,samedi,17:00,44,44086,47.668,-1.604,1,2,3,1,1,3,2,02,2,1,000,067,1,0,1,3,1,71,5,1,2,00,2,1,1,201100003110A01,7,1,1
201100003115,2011-10-06,2011,octobre,jeudi,18:15,44,44193,47.659,-1.501,2,1,1,1,1,3,2,02,1,1,000,000,1,0,1,3,1,17,5,1,2,00,2,8,15,201100003115A01,7,1,1
201100003142,2011-12-12,2011,décembre,lundi,15:45,44,44131,0,0,2,1,1,1,6,4,1,01,2,4,000,000,1,0,1,4,1,67,5,1,1,00,2,1,0,201100003142B02,7,0,1
201100003161,2011-02-09,2011,février,mercredi,10:15,44,44087,0,0,2,1,1,1,1,6,2,00,-1,1,000,043,1,0,1,3,2,63,0,1,2,00,2,7,1,201100003161B02,7,16,1
201100003172,2011-12-10,2011,décembre,samedi,12:00,44,44157,0,0,2,1,3,1,1,3,2,02,1,2,000,077,1,5,1,2,1,70,5,1,1,00,2,8,1,201100003172B02,7,15,1
201100003176,2011-03-01,2011,mars,mardi,15:30,44,44047,47.226,-1.688,2,6,3,1,1,9,2,00,1,-1,000,070,1,5,1,3,2,42,9,1,2,00,2,8,18,201100003176A01,17,15,1
201100003185,2011-09-12,2011,septembre,lundi,14:30,44,44047,0,0,2,6,1,1,2,9,-1,01,1,-1,000,040,2,5,1,3,1,48,5,1,2,00,2,7,1,201100003185B02,7,9,1
201100003197,2011-04-20,2011,avril,mercredi,12:45,44,44151,47.339,-2.312,1,2,1,1,1,4,2,00,4,1,000,036,1,0,1,3,1,53,5,1,8,00,2,8,1,201100003197B02,38,1,1
201100003206,2011-07-15,2011,juillet,vendredi,15:00,44,44097,47.402,-2.481,2,1,3,1,2,3,2,00,1,1,000,000,2,0,1,3,1,54,5,1,2,01,0,1,1,201100003206B02,10,22,1
201100003208,2011-08-16,2011,août,mardi,10:00,44,44049,47.287,-2.505,2,6,3,1,1,4,2,02,1,1,000,000,1,5,1,3,1,35,5,1,2,00,2,1,9,201100003208B02,7,9,1
201100003209,2011-08-20,2011,août,samedi,84:5,44,44183,47.374,-2.409,1,1,2,1,1,3,2,02,1,3,000,060,1,0,1,3,2,69,5,1,2,00,2,4,15,201100003209B02,7,2,1
201100003230,2011-11-20,2011,novembre,dimanche,10:15,44,44168,47.374,-2.196,1,2,3,1,1,3,2,02,1,1,000,060,1,0,1,3,1,61,5,1,2,00,2,3,15,201100003230A01,7,1,1
201100003236,2011-04-04,2011,avril,lundi,16:45,44,44129,47.435,-2.11,2,1,1,1,1,4,2,02,-1,-1,000,032,1,0,1,3,1,15,2,1,2,00,0,1,19,201100003236A01,10,1,1
201100003286,2011-03-27,2011,mars,dimanche,71:5,49,49222,47.37731,-0.55345,1,1,2,2,2,3,2,03,2,1,000,000,2,0,3,3,1,35,5,1,2,00,0,4,1,201100003286B02,7,2,1
201100003292,2011-07-15,2011,juillet,vendredi,18:00,49,49345,47.27306,-0.52246,1,3,3,1,1,3,2,00,1,1,000,048,1,0,0,3,1,19,9,1,2,00,2,1,9,201100003292B01,7,1,1
201100003321,2011-12-10,2011,décembre,samedi,11:15,49,49323,47.52033,-0.47398,2,1,1,1,1,9,2,01,1,1,000,050,1,5,1,3,1,47,5,1,2,00,2,1,5,201100003321A01,10,1,1
201100003332,2011-11-13,2011,novembre,dimanche,21:00,49,49244,47.35772,-0.86057,2,1,6,5,1,3,2,02,1,1,000,061,1,0,1,3,1,36,5,1,2,00,2,0,0,201100003332A01,,,
201100003363,2011-06-15,2011,juin,mercredi,80:0,49,49192,47.01532,-0.74425,1,1,3,1,1,3,2,02,-1,1,000,060,1,5,1,3,1,62,5,1,2,00,2,8,1,201100003363B02,7,19,1
201100003367,2011-09-22,2011,septembre,jeudi,15:30,49,49285,47.10995,-1.12308,1,1,1,1,1,3,2,02,4,1,000,070,1,0,1,2,2,71,5,1,2,00,0,1,1,201100003367A01,3,2,1
201100003369,2011-10-11,2011,octobre,mardi,17:30,49,49260,47.07052,-1.02409,1,1,3,1,1,3,2,02,2,1,000,060,1,0,1,3,1,64,5,1,2,00,2,1,1,201100003369B02,7,15,1
201100003382,2011-10-14,2011,octobre,vendredi,14:15,49,49276,47.36522,-0.96448,1,1,1,1,1,3,2,02,1,1,000,064,1,0,1,3,1,73,5,1,2,00,2,3,1,201100003382B02,7,17,1
201100003385,2011-11-19,2011,novembre,samedi,15:30,49,49204,47.36679,-0.9333,2,3,3,1,7,3,2,00,1,1,000,000,1,0,1,4,1,37,5,1,2,00,2,7,1,201100003385B02,7,9,1
201100003397,2011-06-11,2011,juin,samedi,13:30,49,49373,47.13525,-0.57798,1,1,1,1,1,3,2,00,3,1,000,045,1,0,1,3,2,59,5,1,2,00,2,0,13,201100003397B02,7,1,1
201100003422,2011-08-21,2011,août,dimanche,10:00,49,49149,47.30711,-0.28889,1,1,1,1,1,3,2,00,-1,1,056,000,1,0,1,3,1,42,5,1,2,00,2,1,2,201100003422A01,1,2,1
201100003422,2011-08-21,2011,août,dimanche,10:00,49,49149,47.30711,-0.28889,1,1,1,1,1,3,2,00,-1,1,056,000,1,0,1,1,1,37,5,1,2,00,2,4,2,201100003422B02,1,2,1
201100003435,2011-04-13,2011,avril,mercredi,15:45,49,49253,47.15348,-0.24974,1,1,1,1,1,3,2,02,1,1,000,057,1,0,3,3,1,19,5,1,2,00,2,1,1,201100003435B02,7,13,1
201100003438,2011-04-28,2011,avril,jeudi,19:00,49,49060,47.214,-0.06876,2,1,6,1,1,4,2,00,1,1,000,045,1,0,1,3,1,16,0,1,2,01,0,1,1,201100003438A01,,,
201100003463,2011-02-19,2011,février,samedi,18:00,49,49367,47.58012,-0.85457,1,1,5,1,1,3,2,02,-1,1,000,057,2,0,1,3,1,50,5,1,2,00,2,1,0,201100003463B02,10,1,1
201100003463,2011-02-19,2011,février,samedi,18:00,49,49367,47.58012,-0.85457,1,1,5,1,1,3,2,02,-1,1,000,057,2,0,1,2,2,23,5,1,2,00,2,1,1,201100003463C03,10,1,1
201100003481,2011-08-16,2011,août,mardi,13:45,49,49347,47.60165,-0.45827,1,3,3,1,1,3,2,02,1,1,000,056,1,0,3,3,1,17,1,1,2,00,2,8,15,201100003481B02,7,1,1
201100003508,2011-09-22,2011,septembre,jeudi,71:5,53,53097,48.15568,-0.3505,1,1,2,3,5,3,2,02,4,1,000,063,1,0,1,3,1,25,1,1,4,00,2,4,2,201100003508B02,10,2,1
201100003536,2011-09-23,2011,septembre,vendredi,18:30,53,53084,47.85222,-0.94462,1,1,2,1,7,3,2,02,-1,1,000,054,1,0,1,3,2,84,9,1,2,00,0,4,2,201100003536B02,7,2,1
201100003563,2011-08-25,2011,août,jeudi,11:15,53,53132,48.41874,-0.8993,1,1,2,1,1,3,2,02,1,1,000,065,1,0,1,2,1,86,5,1,1,00,0,4,0,201100003563B02,7,14,1
201100003566,2011-11-19,2011,novembre,samedi,15:15,53,53181,48.42385,-1.06354,1,1,2,1,7,3,2,02,1,1,000,060,1,0,1,3,1,56,5,1,2,00,0,8,1,201100003566B02,7,1,1
201100003572,2011-05-03,2011,mai,mardi,13:00,53,53160,48.37834,-0.53175,1,1,6,1,1,3,2,03,2,1,000,099,1,0,1,3,1,21,4,1,2,00,2,1,5,201100003572A01,7,17,1
201100003591,2011-06-07,2011,juin,mardi,11:15,53,53185,48.481,-0.155,1,1,1,1,1,2,2,02,1,1,000,075,1,0,1,4,1,54,5,1,2,00,2,1,1,201100003591B02,7,15,1
201100003604,2011-06-11,2011,juin,samedi,18:50,01,01283,0,0,2,1,1,1,1,4,2,02,1,2,000,060,-1,0,1,3,1,8,0,1,9,00,2,1,0,201100003604B01,7,0,1
201100003605,2011-07-03,2011,juillet,dimanche,80:0,01,01283,0,0,2,1,3,1,7,9,2,01,1,-1,000,000,1,0,1,3,1,31,5,1,2,00,0,7,2,201100003605B01,10,2,1
201100003622,2011-07-13,2011,juillet,mercredi,18:45,72,72042,47.98,0.561,2,1,1,1,1,3,2,00,1,1,055,000,1,0,1,4,1,18,5,1,9,00,2,0,9,201100003622B02,10,1,1
201100003627,2011-03-25,2011,mars,vendredi,11:00,72,72386,0,0,1,2,1,1,1,3,2,00,2,1,000,000,1,0,1,4,1,36,5,1,2,00,0,1,1,201100003627B02,7,1,1
201100003680,2011-12-05,2011,décembre,lundi,17:15,72,72075,47.932,-0.028,1,1,5,3,1,3,2,01,1,1,000,057,1,0,1,3,1,44,0,1,2,00,0,4,1,201100003680C03,37/ 7,1/17,2
201100003747,2011-08-24,2011,août,mercredi,93:0,72,72170,0,0,1,1,6,1,1,3,2,02,-1,1,000,070,1,0,1,3,1,48,5,1,2,00,2,0,1,201100003747B02,17,17,1
201100003759,2011-05-09,2011,mai,lundi,14:45,72,72383,0,0,2,1,7,1,1,3,2,02,2,1,000,054,1,0,3,3,2,54,5,1,4,00,0,0,2,201100003759A01,,,
201100003760,2011-05-18,2011,mai,mercredi,19:15,72,72081,0,0,2,6,1,1,1,3,2,02,1,1,000,056,1,5,1,3,2,24,1,1,1,00,2,2,1,201100003760B02,7,9,1
201100003769,2011-12-08,2011,décembre,jeudi,41:5,72,72080,0,0,1,1,5,3,2,3,2,02,2,2,000,000,2,0,1,3,1,58,1,1,9,00,2,8,2,201100003769A01,13/ 7,1/21,2
201100003796,2011-04-14,2011,avril,jeudi,11:15,85,85051,46.67491,-1.04709,2,3,3,1,1,4,2,02,1,1,000,040,1,0,1,3,1,62,5,1,2,00,2,1,16,201100003796A01,7,1,1
201100003817,2011-04-17,2011,avril,dimanche,18:15,85,85109,46.86866,-0.9884,2,1,7,1,1,4,2,02,2,1,000,000,1,0,1,3,2,16,5,1,9,00,0,0,0,201100003817A01,,,
201100003824,2011-08-11,2011,août,jeudi,11:30,85,85301,0,0,1,1,1,1,1,3,2,02,1,1,000,072,1,0,3,3,2,61,5,1,2,00,2,8,1,201100003824B02,15,21,1
201100003827,2011-08-30,2011,août,mardi,83:0,85,85215,0,0,2,1,3,2,7,3,2,02,1,1,000,064,1,0,1,3,1,42,5,1,2,00,0,8,1,201100003827B02,7,15,1
201100003832,2011-11-10,2011,novembre,jeudi,13:30,85,85109,0,0,2,6,3,1,1,3,-1,00,1,-1,000,000,1,0,1,3,2,57,1,1,9,00,2,1,1,201100003832B02,7,16,1
201100003848,2011-12-05,2011,décembre,lundi,74:5,85,85107,0,0,1,1,2,2,8,3,2,02,1,1,000,000,2,0,1,3,1,31,1,1,9,00,0,4,15,201100003848B02,7,17,1
201100003864,2011-05-27,2011,mai,vendredi,16:30,85,85178,0,0,1,6,3,1,1,3,1,00,1,2,000,000,1,5,1,3,1,21,5,1,2,00,2,4,1,201100003864B02,7,1,1
201100003868,2011-09-20,2011,septembre,mardi,70:0,85,85003,0,0,1,1,3,2,1,3,2,02,1,1,000,000,1,0,1,2,2,15,2,1,4,00,2,7,19,201100003868A01,7,1,1
201100003893,2011-11-06,2011,novembre,dimanche,18:15,85,85227,0,0,2,1,3,3,2,3,2,02,4,2,065,000,2,0,1,3,1,51,5,1,9,00,2,1,1,201100003893B02,7,15,1
201100003928,2011-06-24,2011,juin,vendredi,16:15,85,85113,46.71608,-2.32321,1,2,5,1,1,4,2,01,1,1,000,037,1,0,1,2,2,18,5,1,9,00,2,8,19,201100003928B02,7,13,1
201100003928,2011-06-24,2011,juin,vendredi,16:15,85,85113,46.71608,-2.32321,1,2,5,1,1,4,2,01,1,1,000,037,1,0,1,1,1,18,5,1,9,00,2,8,19,201100003928C03,7,13,1
201100003936,2011-08-07,2011,août,dimanche,10:45,85,85161,0,0,1,3,5,1,2,3,2,02,1,3,000,050,2,5,1,3,1,59,5,1,2,00,2,3,1,201100003936B02,7,15,1
201100003936,2011-08-07,2011,août,dimanche,10:45,85,85161,0,0,1,3,5,1,2,3,2,02,1,3,000,050,2,5,1,3,1,59,5,1,2,00,2,3,1,201100003936C03,7,15,1
201100003965,2011-08-02,2011,août,mardi,16:45,85,85234,0,0,2,2,4,1,3,3,2,02,1,1,000,072,2,5,5,3,1,58,5,1,2,00,0,8,1,201100003965A01,7,19/23,2
201100003973,2011-11-29,2011,novembre,mardi,84:5,85,85234,0,0,2,1,3,1,1,4,2,02,1,1,000,060,1,0,1,3,2,59,1,1,9,00,2,1,1,201100003973B02,7,15,1
201100004022,2011-10-15,2011,octobre,samedi,16:00,33,33236,0,0,2,1,3,1,1,3,2,00,1,1,000,077,1,0,5,3,2,50,5,1,1,00,2,6,1,201100004022B02,7,1,1
201100004029,2011-01-21,2011,janvier,vendredi,23:30,33,33449,0,0,2,6,2,5,1,3,-1,01,-1,2,000,088,1,5,1,3,1,20,1,1,2,00,2,4,1,201100004029A01,7,1,1
201100004050,2011-10-27,2011,octobre,jeudi,16:00,33,33449,0,0,2,1,6,1,1,4,2,02,-1,1,000,000,1,0,1,3,1,13,5,1,8,00,2,3,13,201100004050A01,14,1,1
201100004082,2011-05-06,2011,mai,vendredi,16:15,33,33438,44.577,-0.249,1,1,6,1,1,3,2,02,1,1,000,068,1,0,1,1,1,47,0,1,2,00,2,8,1,201100004082B02,,,
201100004082,2011-05-06,2011,mai,vendredi,16:15,33,33438,44.577,-0.249,1,1,6,1,1,3,2,02,1,1,000,068,1,0,1,3,2,65,0,1,2,00,2,8,1,201100004082B02,,,
201100004097,2011-05-11,2011,mai,mercredi,15:30,33,33084,0,0,1,1,4,1,1,3,2,00,1,1,000,066,1,0,1,3,1,77,5,1,2,00,2,4,2,201100004097C03,7,2,2
201100004103,2011-12-12,2011,décembre,lundi,63:0,33,33363,0,0,1,1,1,3,3,3,2,02,1,1,000,060,2,0,1,2,1,41,1,1,4,00,2,1,1,201100004103B02,7,17,1
201100004123,2011-07-03,2011,juillet,dimanche,91:5,33,33452,44.62,-0.411,1,1,1,1,1,3,2,02,1,1,000,056,1,0,1,3,1,57,5,1,9,00,9,8,15,201100004123B02,1,17,1
201100004123,2011-07-03,2011,juillet,dimanche,91:5,33,33452,44.62,-0.411,1,1,1,1,1,3,2,02,1,1,000,056,1,0,1,4,1,39,5,1,9,00,9,7,17,201100004123A01,1,15,1
201100004141,2011-04-08,2011,avril,vendredi,64:5,33,33227,0,0,2,6,1,5,1,2,-1,00,1,-1,000,000,1,5,1,3,1,40,1,1,4,00,2,1,0,201100004141A01,7,9,1
201100004147,2011-04-03,2011,avril,dimanche,13:30,33,33195,44.395,-0.038,2,1,1,1,1,4,2,02,1,1,000,120,1,0,1,3,1,9,5,1,2,00,2,8,19,201100004147B02,7,1,1
201100004213,2011-10-14,2011,octobre,vendredi,15:00,33,33538,0,0,1,1,1,1,1,3,2,02,1,1,000,043,1,0,1,3,1,25,5,1,2,00,0,1,0,201100004213B02,14,1,1
201100004250,2011-08-01,2011,août,lundi,18:15,33,33154,0,0,1,1,2,1,1,3,2,00,1,1,000,000,1,0,1,3,1,80,5,1,1,00,2,8,15,201100004250B02,7,1,1
201100004262,2011-03-05,2011,mars,samedi,15:30,33,33402,0,0,2,1,1,1,1,9,1,00,1,-1,000,041,1,0,1,3,2,79,3,1,2,01,0,7,1,201100004262B02,7,22,1
201100004303,2011-07-02,2011,juillet,samedi,15:30,24,24561,45.533,0.056,1,1,1,1,1,3,-1,02,1,1,000,060,1,0,1,4,2,59,5,1,1,00,2,1,2,201100004303A01,1,2,1
201100004303,2011-07-02,2011,juillet,samedi,15:30,24,24561,45.533,0.056,1,1,1,1,1,3,-1,02,1,1,000,060,1,0,1,1,1,61,5,1,1,00,2,0,2,201100004303B02,1,2,1
201100004351,2011-05-29,2011,mai,dimanche,10:30,24,24223,44.83,0.7,2,1,3,1,1,3,2,02,1,1,000,069,1,0,1,3,1,48,5,1,2,00,2,1,17,201100004351B02,7,15,1
201100004366,2011-08-25,2011,août,jeudi,17:30,24,24335,44.416,0.374,1,1,1,1,1,3,2,02,1,1,000,065,1,0,1,3,1,61,5,1,2,00,2,8,13,201100004366A01,7,1,1
201100004444,2011-09-06,2011,septembre,mardi,16:30,24,24091,44.804,1.204,2,1,1,1,1,3,2,00,4,1,000,000,1,0,1,3,1,62,5,1,2,00,2,1,1,201100004444B02,7,15,1
201100004457,2011-08-04,2011,août,jeudi,10:15,24,24396,0,0,2,9,6,1,1,4,1,01,1,1,000,000,1,0,1,1,1,40,5,1,2,00,1,1,1,201100004457A01,,,
201100004519,2011-10-25,2011,octobre,mardi,11:25,40,40150,0,0,1,2,3,1,2,5,2,02,1,3,000,060,2,0,1,4,1,44,5,1,9,00,2,1,19,201100004519B02,7,1,1
201100004534,2011-02-13,2011,février,dimanche,15:15,40,40233,0,0,1,1,3,1,1,3,2,02,1,1,000,062,1,0,1,3,2,80,5,1,4,00,2,8,19,201100004534A01,7,1,1
201100004538,2011-04-21,2011,avril,jeudi,17:00,40,40233,0,0,1,1,1,1,1,3,2,02,2,2,000,065,1,0,1,2,1,37,5,1,2,00,2,1,1,201100004538B02,7,13,1
201100004577,2011-08-07,2011,août,dimanche,11:20,40,40181,0,0,1,1,5,1,1,3,2,02,1,1,000,065,1,0,1,1,1,38,5,1,2,00,0,4,2,201100004577C03,7,2/1,2
201100004577,2011-08-07,2011,août,dimanche,11:20,40,40181,0,0,1,1,5,1,1,3,2,02,1,1,000,065,1,0,1,4,2,36,5,1,2,00,0,4,2,201100004577D04,7,2/1,2
201100004588,2011-08-25,2011,août,jeudi,10:10,40,40312,0,0,2,1,2,1,1,3,2,02,1,1,000,072,1,0,2,3,1,70,5,1,2,01,0,1,1,201100004588A01,7,24,1
201100004592,2011-09-09,2011,septembre,vendredi,20:5,40,40209,0,0,1,1,2,3,1,3,3,02,1,1,000,105,1,0,1,3,1,45,0,1,4,00,2,4,1,201100004592B02,7,2,1
201100004597,2011-04-06,2011,avril,mercredi,90:0,40,40046,0,0,2,2,3,1,1,4,2,02,1,1,000,000,1,0,1,3,1,61,5,1,2,00,2,3,1,201100004597B02,7,19,1
201100004642,2011-08-02,2011,août,mardi,10:40,40,40185,0,0,1,1,3,1,1,3,2,02,1,1,000,051,1,0,1,3,1,10,5,1,4,00,2,7,9,201100004642A01,7,1,1
201100004665,2011-04-12,2011,avril,mardi,16:45,47,47091,44.1854,0.58053,2,1,3,1,1,4,2,02,1,1,000,043,1,0,1,3,1,11,5,1,2,00,2,1,19,201100004665A01,7,1,1
201100004676,2011-09-06,2011,septembre,mardi,84:5,47,47100,44.2546,0.63947,1,1,3,1,1,3,2,02,2,1,000,071,1,0,1,3,1,57,5,1,2,00,0,8,2,201100004676B02,7,2,1
201100004677,2011-09-12,2011,septembre,lundi,17:15,47,47100,44.2506,0.651,1,1,1,1,1,2,2,02,1,1,000,071,1,0,1,3,1,35,5,1,1,00,0,4,2,201100004677B02,10,2,1
201100004679,2011-09-18,2011,septembre,dimanche,23:00,47,47145,44.1468,0.65942,1,1,1,3,1,3,2,02,1,1,000,067,1,0,1,3,1,20,5,1,4,00,2,3,2,201100004679B02,15,2,1
201100004694,2011-09-04,2011,septembre,dimanche,10:15,47,47125,44.33,0.45255,1,1,1,1,1,3,2,02,2,1,000,054,1,0,1,3,1,70,5,1,1,00,2,8,1,201100004694A01,7,17,1
201100004706,2011-06-24,2011,juin,vendredi,10:30,47,47157,44.5025,0.17177,2,3,6,1,1,4,2,02,1,1,000,000,1,0,1,4,2,86,3,1,2,00,2,2,1,201100004706B01,7,16,1
201100004747,2011-11-06,2011,novembre,dimanche,12:00,47,47310,44.39,0.30995,2,2,3,1,2,3,2,02,1,1,,,1,0,1,3,2,21,5,1,2,00,2,5,19,201100004747B02,7,1,1
201100004757,2011-11-11,2011,novembre,vendredi,15:30,47,47078,44.2866,0.28022,2,1,6,1,1,4,2,02,1,1,000,046,1,0,1,4,1,13,5,1,2,00,1,2,1,201100004757A01,,,