Num_Acc,date,an,mois,jour,hrmn,dep,com,lat,long,agg,int,col,lum,atm,catr,circ,nbv,prof,plan,lartpc,larrout,surf,infra,situ,grav,sexe,age,trajet,secuexist,equipement,obs,obsm,choc,manv,vehiculeid,typevehicules,manoeuvehicules,numVehicules
201100004764,2011-07-19,2011,juillet,mardi,20:00,47,47280,44.3981,0.79761,2,1,6,1,2,3,2,02,1,1,000,074,2,0,1,3,1,21,1,1,9,00,0,8,15,201100004764A01,7,17,1
201100004805,2011-10-11,2011,octobre,mardi,17:00,47,47306,44.3861,0.49639,1,1,1,1,1,3,2,00,1,1,000,059,1,0,1,2,1,13,2,1,2,00,2,1,15,201100004805A01,10,1,1
201100004811,2011-03-27,2011,mars,dimanche,16:30,64,64230,43.2297,-0.38869,2,1,1,1,1,2,2,02,-1,1,000,075,1,0,1,3,2,53,5,1,4,00,2,1,18,201100004811A01,7,16,1
201100004817,2011-10-24,2011,octobre,lundi,83:0,64,64315,0,0,2,6,3,1,1,3,2,01,1,2,000,070,1,5,1,4,1,68,5,1,2,00,2,1,1,201100004817B02,7,1,1
201100004865,2011-05-01,2011,mai,dimanche,14:30,64,64495,0,0,1,6,3,1,1,3,1,01,1,2,000,080,1,0,1,4,1,25,5,1,2,00,2,7,17,201100004865B02,7,13,1
201100004872,2011-06-25,2011,juin,samedi,11:15,64,64495,43.356,-1.5677,2,1,7,1,1,3,2,02,1,1,000,055,1,0,1,3,1,45,5,1,2,14,0,9,1,201100004872A01,,,
201100004876,2011-08-23,2011,août,mardi,16:45,64,64495,43.3807,-1.60877,1,1,3,1,1,3,2,02,1,1,000,058,1,0,1,4,2,43,5,1,2,00,2,8,1,201100004876B02,21,0,1
201100004877,2011-09-02,2011,septembre,vendredi,17:15,64,64504,43.3148,-1.56126,1,1,7,1,2,3,2,02,2,3,000,064,2,0,1,3,1,60,5,1,2,00,0,7,1,201100004877A01,,,
201100004895,2011-08-13,2011,août,samedi,11:45,64,64279,0,0,1,1,2,1,1,3,2,00,2,2,000,073,1,0,3,2,1,59,5,1,2,00,2,4,1,201100004895B02,7,14,1
201100004899,2011-10-13,2011,octobre,jeudi,18:00,64,64213,43.3353,-1.45922,1,1,3,1,1,3,2,00,1,2,000,000,1,0,1,3,1,54,5,1,2,00,2,1,1,201100004899B02,7,15,1
201100004907,2011-08-04,2011,août,jeudi,13:45,64,64485,43.052,-1.057,1,1,1,1,1,3,2,02,1,4,000,060,1,0,1,3,1,68,5,1,2,00,2,3,1,201100004907B02,7,17,1
201100004908,2011-08-09,2011,août,mardi,10:00,64,64303,43.105,-0.835,1,1,5,1,1,3,2,02,1,1,000,065,1,0,1,4,1,56,5,1,2,00,0,6,1,201100004908B02,7,1,1
201100004908,2011-08-09,2011,août,mardi,10:00,64,64303,43.105,-0.835,1,1,5,1,1,3,2,02,1,1,000,065,1,0,1,3,2,55,5,1,2,00,0,6,1,201100004908C03,7,1,1
201100004947,2011-04-16,2011,avril,samedi,11:45,64,64466,0,0,1,1,2,1,1,3,2,02,1,1,000,105,1,0,1,3,2,78,0,1,2,00,0,4,2,201100004947B02,7,2,1
201100004950,2011-09-23,2011,septembre,vendredi,15:00,64,64420,43.335,-0.712,1,1,5,1,1,3,2,02,4,1,000,000,1,0,1,1,1,26,5,1,4,00,0,0,21,201100004950C03,7,13/1,2
201100004978,2011-07-12,2011,juillet,mardi,19:30,86,86039,46.226,0.206,1,9,1,1,1,4,2,01,1,1,000,028,1,0,1,3,2,10,5,1,8,00,2,7,9,201100004978B02,7,1,1
201100005002,2011-10-17,2011,octobre,lundi,74:5,86,86294,0,0,2,1,1,2,1,3,2,02,1,1,000,000,1,0,1,3,2,12,2,1,1,00,0,0,2,201100005002A01,7,17,1
201100005015,2011-09-16,2011,septembre,vendredi,17:45,86,86178,46.488,0.454,2,1,1,1,1,4,-1,00,-1,-1,050,000,1,0,1,3,1,12,5,1,2,00,2,1,19,201100005015B02,7,1,1
201100005019,2011-02-28,2011,février,lundi,12:30,86,86174,0,0,1,1,3,1,1,3,3,00,3,1,052,148,1,0,1,2,2,83,5,1,2,00,2,3,2,201100005019B02,17,17,1
201100005028,2011-09-03,2011,septembre,samedi,15:30,86,86258,46.82,0.414,2,1,1,1,1,4,2,02,-1,1,000,045,1,0,1,3,1,14,5,1,1,00,2,1,1,201100005028B02,7,1,1
201100005054,2011-10-08,2011,octobre,samedi,16:00,86,86154,46.809,0.089,1,1,6,1,1,3,2,00,2,1,000,053,1,1,1,3,1,67,5,1,2,00,5,1,2,201100005054A01,,,
201100005054,2011-10-08,2011,octobre,samedi,16:00,86,86154,46.809,0.089,1,1,6,1,1,3,2,00,2,1,000,053,1,1,1,1,2,53,9,1,8,00,5,1,2,201100005054A01,,,
201100005122,2011-11-19,2011,novembre,samedi,10:45,16,16090,45.6135,-0.0409,1,1,1,1,1,9,2,02,1,1,000,037,1,0,1,3,1,52,5,1,2,01,0,1,1,201100005122B02,10,24,1
201100005127,2011-04-14,2011,avril,jeudi,12:15,16,16363,45.9451,0.786,1,1,2,1,1,3,2,02,2,1,000,047,1,0,1,2,1,79,5,1,4,01,0,1,2,201100005127A01,14,24,1
201100005146,2011-04-13,2011,avril,mercredi,18:30,16,16370,45.6298,0.0186,1,2,3,1,1,3,2,02,1,1,000,040,1,0,1,3,1,7,5,1,2,00,2,1,19,201100005146B02,7,1,1
201100005212,2011-08-12,2011,août,vendredi,10:0,17,17051,0,0,2,1,1,5,1,4,1,01,1,1,000,053,1,0,1,3,2,19,5,1,4,00,2,1,5,201100005212A01,7,1,1
201100005216,2011-09-08,2011,septembre,jeudi,11:30,17,17019,0,0,2,1,1,1,1,4,2,00,1,3,000,105,1,0,1,3,1,75,5,1,2,00,2,1,19,201100005216A01,7,13,1
201100005219,2011-10-14,2011,octobre,vendredi,14:45,17,17121,46.211,-1.446,1,1,1,1,1,9,2,00,1,1,000,046,1,0,1,3,2,63,5,1,1,00,2,3,1,201100005219B02,17,1,1
201100005225,2011-08-03,2011,août,mercredi,94:5,17,17106,0,0,2,1,3,1,1,3,2,02,1,1,000,065,1,0,1,3,2,38,5,1,1,00,2,8,1,201100005225B02,10,1,1
201100005232,2011-03-09,2011,mars,mercredi,14:45,17,17052,0,0,1,1,3,1,1,3,2,02,3,1,000,000,1,0,1,3,1,62,5,1,2,00,2,1,13,201100005232A01,10,1,1
201100005261,2011-02-16,2011,février,mercredi,12:00,17,17484,0,0,2,1,1,1,1,9,2,00,-1,1,000,054,1,0,1,3,1,77,0,1,2,00,2,7,15,201100005261A01,7,1,1
201100005277,2011-08-24,2011,août,mercredi,20:45,17,17093,0,0,2,1,1,5,1,4,2,02,1,1,000,030,1,0,1,3,1,87,5,1,1,00,2,1,1,201100005277B02,30,1,1
201100005280,2011-10-03,2011,octobre,lundi,10:30,17,17337,45.976,-1.347,2,7,1,1,1,6,2,00,1,1,000,000,1,0,1,3,2,63,5,1,2,00,2,1,1,201100005280B02,36,1,1
201100005307,2011-05-18,2011,mai,mercredi,17:00,17,17447,46.1,-0.94,1,2,3,1,1,3,2,00,1,1,000,000,1,5,1,3,1,18,3,1,1,00,2,7,19,201100005307B02,7,1,1
201100005380,2011-06-05,2011,juin,dimanche,11:00,17,17277,0,0,1,1,2,1,1,3,2,02,1,1,000,065,1,0,1,3,2,53,5,1,2,00,2,4,20,201100005380B02,7,17,1
201100005399,2011-04-06,2011,avril,mercredi,15:30,17,17024,0,0,2,1,3,1,1,3,2,00,2,1,000,050,1,0,1,3,1,16,5,1,2,00,2,6,11,201100005399A01,33,2,1
201100005400,2011-05-24,2011,mai,mardi,93:0,17,17257,0,0,1,1,6,1,1,3,2,02,1,1,000,046,1,0,1,1,2,33,2,1,2,00,0,6,2,201100005400B02,,,
201100005400,2011-05-24,2011,mai,mardi,93:0,17,17257,0,0,1,1,6,1,1,3,2,02,1,1,000,046,1,0,1,3,1,80,5,1,1,00,0,6,2,201100005400B02,,,
201100005437,2011-08-23,2011,août,mardi,19:00,79,79170,0,0,2,3,1,1,1,3,2,02,1,4,000,062,1,0,1,3,1,12,5,1,2,00,2,1,13,201100005437A01,7,1,1
201100005443,2011-10-26,2011,octobre,mercredi,10:00,79,79078,0,0,1,1,1,1,1,3,2,02,1,1,000,070,1,0,1,3,1,70,5,1,9,00,0,8,1,201100005443B02,7,1,1
201100005444,2011-11-09,2011,novembre,mercredi,17:45,79,79058,0,0,1,1,2,2,8,3,2,02,1,1,000,072,1,0,1,3,1,15,5,1,9,00,0,4,1,201100005444B02,7,1,1
201100005449,2011-03-25,2011,mars,vendredi,10:30,79,79201,0,0,1,1,1,1,1,3,2,02,1,1,000,062,1,0,1,3,1,64,5,1,4,00,0,0,10,201100005449B02,7,1,1
201100005450,2011-05-08,2011,mai,dimanche,90:0,79,79319,0,0,1,1,2,1,1,3,2,02,1,1,000,057,1,0,1,2,1,70,5,1,9,00,2,4,1,201100005450B02,7,17,1
201100005468,2011-05-26,2011,mai,jeudi,17:30,79,79210,0,0,2,2,3,1,1,3,2,00,1,1,000,045,1,5,1,3,1,8,5,1,9,00,2,8,19,201100005468A01,7,1,1
201100005477,2011-01-23,2011,janvier,dimanche,10:30,79,79013,0,0,1,2,3,1,1,3,2,02,3,1,000,073,1,5,1,3,1,54,5,1,4,00,2,7,1,201100005477B02,7,1,1
201100005487,2011-08-24,2011,août,mercredi,21:30,79,79299,0,0,1,1,6,5,1,3,2,02,4,1,000,045,1,2,3,3,1,40,1,1,2,03,0,7,1,201100005487A01,,,
201100005502,2011-09-13,2011,septembre,mardi,13:30,79,79061,0,0,2,2,1,1,2,4,2,02,1,1,000,068,2,0,1,3,2,35,9,1,9,00,2,8,19,201100005502B02,7,1,1
201100005518,2011-06-08,2011,juin,mercredi,18:15,79,79029,0,0,1,2,3,1,1,3,2,02,1,1,000,053,1,0,1,3,1,18,5,1,2,00,2,1,1,201100005518A01,7,19,1
201100005520,2011-06-23,2011,juin,jeudi,11:30,79,79202,0,0,2,1,3,1,1,3,-1,02,1,1,000,075,1,5,1,2,1,42,9,1,2,00,2,8,0,201100005520B02,7,17,1
201100005536,2011-04-09,2011,avril,samedi,15:30,79,79326,0,0,1,1,1,1,1,3,2,02,1,1,000,048,1,0,1,4,2,63,5,1,2,00,0,0,1,201100005536B02,7,1,1
201100005541,2011-10-19,2011,octobre,mercredi,12:45,79,79135,0,0,1,1,5,1,1,3,2,02,1,1,000,052,2,0,1,3,1,64,5,1,2,00,2,8,1,201100005541C03,7,21/1,2
201100005604,2011-11-19,2011,novembre,samedi,90:0,87,87018,0,0,1,1,3,1,1,3,2,02,2,1,000,065,1,0,1,2,1,41,4,1,2,00,2,8,1,201100005604B02,14,1,1
201100005623,2011-04-08,2011,avril,vendredi,18:00,87,87126,45.8376,0.84163,1,6,3,1,1,3,2,02,-1,-1,000,060,1,5,0,3,1,54,1,1,2,00,2,1,1,201100005623B01,7,1,1
201100005642,2011-02-23,2011,février,mercredi,18:15,19,19010,45.0937,1.93101,2,3,1,1,2,3,3,02,1,1,024,136,1,5,1,4,2,52,1,1,1,00,2,1,19,201100005642B02,7,1,1
201100005677,2011-10-05,2011,octobre,mercredi,15:15,19,19066,45.1441,1.32547,1,1,2,1,1,3,2,02,1,1,000,066,1,0,1,2,1,53,1,1,2,00,2,4,2,201100005677B01,7,2,1
201100005693,2011-05-05,2011,mai,jeudi,16:15,19,19278,45.1917,1.45607,1,6,1,1,1,3,2,02,1,2,065,000,1,0,1,3,1,51,5,1,1,00,0,0,1,201100005693B02,7,1,1
201100005736,2011-09-01,2011,septembre,jeudi,16:45,23,23207,46.289,1.565,1,1,1,1,1,3,2,00,-1,3,000,036,1,0,1,3,1,16,5,1,2,00,2,1,13,201100005736A01,7,1,1
201100005766,2011-07-02,2011,juillet,samedi,11:15,31,31501,43.66339,1.6072,1,2,5,1,1,3,2,02,1,1,000,061,1,5,1,3,1,56,5,1,2,14,0,1,0,201100005766B02,7,19,1
201100005766,2011-07-02,2011,juillet,samedi,11:15,31,31501,43.66339,1.6072,1,2,5,1,1,3,2,02,1,1,000,061,1,5,1,3,2,53,0,1,2,00,0,0,0,201100005766C03,7,19,1
201100005789,2011-04-20,2011,avril,mercredi,12:45,31,31584,43.863,1.49563,2,2,3,1,1,4,,,,,,,,,,3,1,16,5,1,2,00,2,1,1,201100005789B02,10,1,1
201100005800,2011-02-05,2011,février,samedi,15:30,31,31356,0,0,2,1,1,1,1,3,2,02,1,1,000,053,1,2,1,3,1,15,5,1,2,00,2,1,11,201100005800B02,7,1,1
201100005850,2011-05-23,2011,mai,lundi,18:15,31,31182,0,0,1,6,1,1,1,3,,,,,,,1,0,1,3,2,34,1,1,1,00,2,0,1,201100005850B02,7,9,1
201100005873,2011-11-18,2011,novembre,vendredi,16:00,31,31395,43.4705,1.25418,1,1,2,1,1,3,2,02,-1,1,000,060,1,0,1,3,1,70,5,1,2,00,0,4,1,201100005873B02,7,1,1
201100005877,2011-04-12,2011,avril,mardi,61:5,31,31033,0,0,2,4,3,4,1,3,2,02,2,2,000,067,1,5,1,3,1,18,2,1,2,00,2,6,19,201100005877B02,7,1,1
201100005894,2011-10-14,2011,octobre,vendredi,11:45,31,31375,43.20639,1.22831,2,1,3,1,1,3,2,00,1,3,000,060,1,0,1,3,2,74,5,1,1,00,2,1,1,201100005894B02,7,15,1
201100005920,2011-07-01,2011,juillet,vendredi,16:00,31,31308,43.0071,0.62289,1,1,1,1,1,2,2,02,1,3,000,061,1,0,1,3,1,33,5,1,2,01,0,1,0,201100005920B02,7,1,1
201100005921,2011-07-23,2011,juillet,samedi,16:30,31,31430,0,0,1,1,3,1,8,3,2,02,1,2,000,048,1,0,1,3,2,62,5,1,2,00,2,1,1,201100005921B02,7,15,1
201100005924,2011-09-01,2011,septembre,jeudi,13:45,31,31427,0,0,1,1,6,1,1,3,2,02,2,-1,000,050,1,0,1,3,1,16,5,1,2,00,0,4,1,201100005924A01,,,
201100005930,2011-12-23,2011,décembre,vendredi,16:00,31,31246,43.1,0.82,2,1,1,1,1,3,2,02,1,1,000,000,1,0,1,3,1,73,5,1,2,00,2,1,1,201100005930B02,10,13,1
201100005932,2011-05-20,2011,mai,vendredi,17:30,31,31042,42.79509,0.59436,2,6,1,1,3,3,2,00,1,3,000,000,2,5,1,2,1,61,5,1,8,00,0,7,2,201100005932B02,7,16,1
201100005933,2011-07-01,2011,juillet,vendredi,18:15,31,31524,0,0,1,1,2,1,1,3,2,02,3,1,000,060,1,0,1,3,1,68,5,1,1,00,2,4,15,201100005933B02,7,2,1
201100005965,2011-07-31,2011,juillet,dimanche,18:00,09,09079,43.16395,1.40051,1,1,7,1,1,3,2,00,4,1,000,048,1,0,1,2,1,57,5,1,2,00,0,1,1,201100005965A01,,,
201100005969,2011-05-29,2011,mai,dimanche,10:15,09,09336,42.91567,1.80761,1,2,3,1,7,3,2,02,1,1,000,104,1,5,1,4,1,75,5,1,2,00,2,3,1,201100005969A01,7,19,1
201100005990,2011-06-26,2011,juin,dimanche,90:0,09,09265,43.08115,1.62406,2,2,3,1,1,3,2,02,2,1,000,060,1,5,1,3,1,65,5,1,2,00,2,1,1,201100005990A01,7,19,1
201100006099,2011-09-02,2011,septembre,vendredi,14:00,12,12233,43.933,2.664,1,1,6,1,1,4,2,01,2,-1,000,000,1,0,3,4,1,11,5,1,2,06,0,1,1,201100006099A01,,,
201100006127,2011-06-23,2011,juin,jeudi,12:15,32,32312,0,0,2,1,6,1,8,4,2,02,4,2,000,048,1,0,3,3,1,64,5,1,2,15,0,7,1,201100006127A01,,,
201100006130,2011-07-28,2011,juillet,jeudi,13:30,32,32060,0,0,1,1,3,1,1,4,2,01,1,1,000,042,1,2,1,3,1,85,5,1,2,00,2,3,1,201100006130B02,21,1,1
201100006137,2011-11-08,2011,novembre,mardi,16:45,32,32249,43.735,0.872,2,1,3,1,1,3,2,02,1,3,000,060,1,0,1,4,1,69,5,1,8,00,0,8,1,201100006137B02,10,15,1
201100006150,2011-05-30,2011,mai,lundi,16:30,32,32418,43.454,0.873,1,1,1,1,1,3,2,01,1,1,000,056,1,0,1,2,2,51,5,1,1,00,2,4,2,201100006150B02,10,2,1
201100006157,2011-10-03,2011,octobre,lundi,13:45,32,32076,43.598,0.731,1,1,5,1,1,3,2,02,2,3,000,070,1,0,1,1,2,71,5,1,2,00,0,0,1,201100006157A01,1,1/21,4
201100006157,2011-10-03,2011,octobre,lundi,13:45,32,32076,43.598,0.731,1,1,5,1,1,3,2,02,2,3,000,070,1,0,1,3,1,74,5,1,2,14,0,1,1,201100006157B02,1,1/21,4
201100006157,2011-10-03,2011,octobre,lundi,13:45,32,32076,43.598,0.731,1,1,5,1,1,3,2,02,2,3,000,070,1,0,1,4,1,71,5,1,2,14,0,0,21,201100006157C03,1,1/21,4
201100006157,2011-10-03,2011,octobre,lundi,13:45,32,32076,43.598,0.731,1,1,5,1,1,3,2,02,2,3,000,070,1,0,1,4,1,66,5,1,2,14,0,0,21,201100006157D04,1,1/21,4
201100006157,2011-10-03,2011,octobre,lundi,13:45,32,32076,43.598,0.731,1,1,5,1,1,3,2,02,2,3,000,070,1,0,1,4,1,60,0,1,2,14,0,0,21,201100006157E05,1,1/21,4
201100006175,2011-04-04,2011,avril,lundi,16:15,32,32107,43.965,0.367,2,1,7,1,1,4,1,01,1,2,060,000,1,0,4,3,1,84,5,1,2,12,0,1,1,201100006175A01,,,
201100006188,2011-10-12,2011,octobre,mercredi,13:00,32,32107,43.963,0.371,2,3,3,1,1,4,1,01,2,1,000,045,1,0,1,4,1,7,5,1,2,00,2,1,19,201100006188B02,7,1,1
201100006199,2011-04-19,2011,avril,mardi,18:45,32,32189,43.906,-0.197,1,1,1,1,1,3,2,02,2,2,000,056,1,0,1,4,1,10,5,1,2,00,2,1,13,201100006199A01,7,1,1
201100006208,2011-06-15,2011,juin,mercredi,18:15,32,32096,43.957,-0.034,2,1,7,1,1,2,2,01,2,1,000,065,1,0,1,4,1,24,5,1,2,12,0,7,1,201100006208A01,,,
201100006260,2011-09-30,2011,septembre,vendredi,10:30,32,32426,43.496,0.593,2,1,4,1,1,3,2,02,1,1,000,071,1,0,1,3,1,77,5,1,2,00,2,8,1,201100006260B02,7,15/23,2
201100006273,2011-05-18,2011,mai,mercredi,11:15,32,32355,43.399,0.347,1,1,1,1,1,4,2,00,-1,1,000,060,1,0,1,3,2,9,5,1,8,00,2,1,19,201100006273B02,7,1,1
201100006285,2011-09-11,2011,septembre,dimanche,10:30,32,32319,0,0,2,1,1,1,1,4,2,02,1,1,000,059,1,5,1,4,2,73,0,1,2,00,2,0,15,201100006285A01,7,1,1
201100006308,2011-08-12,2011,août,vendredi,10:00,46,46199,44.549,1.068,1,1,3,1,1,3,2,00,2,4,000,045,1,0,1,3,1,80,5,1,2,00,2,8,1,201100006308A01,7,1,1
201100006314,2011-05-25,2011,mai,mercredi,10:45,46,46057,44.69,2.001,1,1,7,1,1,3,2,00,-1,1,000,000,1,0,0,2,1,63,5,1,2,13,0,0,13,201100006314A01,,,
201100006343,2011-07-28,2011,juillet,jeudi,18:45,46,46215,44.826,1.476,1,1,2,1,1,3,3,03,2,1,000,120,1,0,1,3,1,61,5,1,2,00,2,4,2,201100006343B02,7,2,1
201100006363,2011-08-01,2011,août,lundi,18:30,46,46330,44.947,1.677,1,1,3,1,1,3,2,02,1,1,000,064,1,0,3,3,1,37,5,1,2,00,2,8,1,201100006363B02,7,1,1
201100006398,2011-04-13,2011,avril,mercredi,16:15,65,65176,0,0,1,1,7,1,1,3,2,02,-1,3,000,056,1,0,3,3,1,45,5,1,8,13,0,9,14,201100006398A01,,,
201100006401,2011-06-19,2011,juin,dimanche,16:45,65,65025,42.993,-0.107,1,1,7,1,1,3,-1,00,-1,4,000,000,1,0,1,3,1,33,5,1,2,00,0,0,1,201100006401A01,,,
201100006402,2011-07-15,2011,juillet,vendredi,12:15,65,65032,0,0,1,1,1,1,1,3,2,02,2,2,000,051,1,0,1,1,1,38,5,1,2,00,9,1,1,201100006402A01,1,1,1
201100006402,2011-07-15,2011,juillet,vendredi,12:15,65,65032,0,0,1,1,1,1,1,3,2,02,2,2,000,051,1,0,1,3,1,40,5,1,2,00,0,1,1,201100006402B02,1,1,1
201100006403,2011-08-12,2011,août,vendredi,11:00,65,65036,42.977,-0.026,1,1,3,1,1,3,2,02,2,3,000,062,1,0,1,3,1,72,5,1,2,00,2,1,0,201100006403B02,14,15,1
201100006412,2011-08-15,2011,août,lundi,18:00,65,65481,0,0,1,1,1,1,5,3,2,00,2,1,000,055,1,0,1,3,1,57,5,1,2,00,0,1,13,201100006412B02,33,1,1
201100006422,2011-09-23,2011,septembre,vendredi,14:00,65,65287,43.031,0.602,2,1,1,1,1,3,2,00,1,1,000,000,-1,0,0,3,1,64,5,1,8,01,0,1,1,201100006422B02,7,22,1
201100006433,2011-03-08,2011,mars,mardi,15:15,81,81147,43.818,2.1693,1,1,1,1,1,3,2,02,1,1,068,000,1,0,1,3,1,51,5,1,1,00,2,8,1,201100006433A01,7,1,1
201100006449,2011-07-11,2011,juillet,lundi,22:45,81,81139,43.705,2.13602,2,1,6,3,1,4,2,00,2,2,000,035,1,0,1,3,1,17,5,1,1,00,2,1,1,201100006449B02,7,0,1
201100006451,2011-09-13,2011,septembre,mardi,18:30,81,81105,43.76,1.96834,2,3,1,1,7,3,-1,00,-1,-1,000,000,-1,0,0,2,1,51,5,1,2,00,2,1,1,201100006451B02,7,15,1
201100006453,2011-04-08,2011,avril,vendredi,18:30,81,81124,43.7144,2.73555,2,1,4,1,1,3,2,02,4,1,000,064,1,0,1,3,1,50,5,1,1,00,2,4,1,201100006453C03,7,2,2
201100006481,2011-08-03,2011,août,mercredi,22:15,81,81225,43.9197,1.98178,1,1,2,3,1,3,2,02,1,1,000,000,1,0,1,3,1,53,5,1,4,00,2,6,2,201100006481B02,7,21,1
201100006498,2011-06-14,2011,juin,mardi,18:45,02,02408,0,0,2,3,3,1,1,4,2,01,2,1,000,070,1,0,1,4,1,34,0,1,2,00,2,7,11,201100006498B01,7,15,1
201100006500,2011-07-01,2011,juillet,vendredi,11:00,02,02028,0,0,2,1,7,1,1,4,-1,02,1,1,000,050,1,0,1,3,1,75,5,1,9,00,0,8,21,201100006500B01,7,24,1
201100006509,2011-08-20,2011,août,samedi,10:15,81,81217,43.9913,1.71448,1,1,1,1,1,4,2,00,2,4,000,038,1,0,1,2,1,53,5,1,2,00,2,2,13,201100006509A01,7,1,1
201100006552,2011-03-14,2011,mars,lundi,20:30,82,82149,0,0,1,1,1,3,6,4,2,02,-1,2,000,045,1,0,1,3,1,50,1,1,2,00,2,1,1,201100006552B02,2,13,1
201100006557,2011-06-24,2011,juin,vendredi,18:45,82,82090,0,0,1,1,3,1,1,4,2,00,2,1,000,000,1,0,1,3,1,41,5,1,8,00,0,1,1,201100006557B02,7,1,1
201100006581,2011-09-11,2011,septembre,dimanche,10:30,82,82134,44.076,1.537,2,6,2,1,1,3,2,02,1,1,000,076,-1,5,1,3,1,46,5,1,2,00,2,4,1,201100006581B02,7,1,1
201100006609,2011-04-29,2011,avril,vendredi,11:30,82,82117,0,0,1,3,3,1,7,3,2,02,1,1,000,060,1,5,1,3,1,61,5,1,2,00,0,7,1,201100006609A01,7,16,1
201100006637,2011-04-13,2011,avril,mercredi,18:00,82,82050,44.1,0.768,2,1,1,1,1,3,2,02,3,3,000,000,1,0,1,3,1,11,5,1,2,00,2,7,19,201100006637A01,7,1,1
201100006665,2011-10-10,2011,octobre,lundi,70:0,69,69049,0,0,1,1,2,3,2,3,2,02,1,3,000,060,2,0,1,3,1,62,5,1,1,00,2,4,2,201100006665B02,15,21,1
201100006707,2011-06-10,2011,juin,vendredi,40:0,69,69288,45.68,5.076,1,1,1,2,1,3,2,03,1,1,000,000,1,0,3,4,1,43,1,1,4,00,0,6,2,201100006707B02,10,2,1
201100006732,2011-04-12,2011,avril,mardi,14:15,69,69171,0,0,2,1,1,1,1,3,2,02,1,1,000,000,1,0,1,3,1,75,5,1,2,00,2,1,1,201100006732B02,7,15,1
201100006752,2011-06-07,2011,juin,mardi,16:30,69,69110,0,0,1,1,1,1,1,4,2,01,2,4,000,030,1,0,1,3,1,49,5,1,2,00,2,1,1,201100006752A01,21,1,1
201100006777,2011-10-04,2011,octobre,mardi,73:0,69,69272,0,0,1,1,3,2,1,3,2,02,1,1,000,000,1,0,1,3,2,21,1,1,4,00,2,1,9,201100006777B02,7,1,1
201100006803,2011-12-05,2011,décembre,lundi,14:15,69,69136,0,0,1,1,5,1,1,3,2,02,1,1,000,060,1,0,1,3,1,72,5,1,2,00,2,1,21,201100006803B02,7,17/1,2
201100006829,2011-06-08,2011,juin,mercredi,13:00,69,69196,46.151,4.539,2,1,1,1,1,3,2,01,2,3,000,034,2,0,1,4,1,13,2,1,2,00,2,1,13,201100006829B02,7,13,1
201100006851,2011-04-09,2011,avril,samedi,16:30,69,69017,0,0,1,1,3,1,1,3,2,00,-1,1,000,000,1,0,5,3,2,57,5,1,2,00,9,8,1,201100006851B02,10,0,1
201100006853,2011-06-26,2011,juin,dimanche,83:0,69,69246,0,0,1,1,6,1,1,4,2,00,2,2,000,000,1,0,3,3,1,18,5,1,2,06,0,1,0,201100006853A01,,,
201100006916,2011-03-15,2011,mars,mardi,10:45,01,01196,0,0,2,1,2,1,1,4,2,02,1,1,000,064,1,0,1,3,2,66,5,1,1,00,2,4,1,201100006916B02,7,1,1
201100006917,2011-03-21,2011,mars,lundi,16:30,01,01305,0,0,1,1,2,1,7,3,2,02,1,1,000,063,1,0,1,2,1,74,5,1,1,01,0,1,2,201100006917B02,10,23,1
201100006920,2011-05-21,2011,mai,samedi,18:15,01,01364,0,0,1,3,1,1,1,3,2,02,-1,1,000,055,1,5,1,3,1,10,5,1,2,00,2,1,9,201100006920A01,7,1,1
201100006930,2011-08-19,2011,août,vendredi,13:30,01,01229,46.342,5.136,1,1,2,1,1,3,2,00,1,1,000,059,1,0,1,4,2,60,5,1,2,00,0,4,1,201100006930B02,7,16,1
201100006938,2011-05-01,2011,mai,dimanche,11:30,01,01374,0,0,2,1,1,1,1,3,2,02,2,3,000,074,1,0,1,3,1,64,5,1,2,00,2,1,1,201100006938B02,7,15,1
201100006940,2011-07-16,2011,juillet,samedi,18:15,01,01363,0,0,2,1,3,1,1,4,2,00,-1,1,060,000,1,0,1,3,1,18,5,1,2,00,2,1,1,201100006940B02,7,15,1
201100006955,2011-06-15,2011,juin,mercredi,74:5,01,01134,0,0,2,1,1,1,1,3,2,02,1,1,000,067,1,0,1,3,1,17,1,1,1,00,2,4,18,201100006955A01,13,16,1
201100006956,2011-06-14,2011,juin,mardi,17:00,01,01026,0,0,2,2,1,1,1,3,2,02,1,1,000,059,1,0,1,3,1,65,0,1,2,00,2,7,1,201100006956B02,7,1,1
201100006992,2011-02-26,2011,février,samedi,15:45,01,01173,0,0,1,3,3,1,8,3,2,00,1,1,000,087,1,0,1,3,1,39,0,1,2,00,2,3,1,201100006992B02,7,15,1
201100007024,2011-07-15,2011,juillet,vendredi,10:45,01,01381,46.063,5.157,1,1,1,1,1,3,2,02,1,1,000,052,1,0,1,2,1,47,5,1,2,00,2,1,13,201100007024B02,7,1,1
201100007025,2011-07-23,2011,juillet,samedi,13:15,01,01383,46.104,5.137,2,1,1,1,1,9,2,02,2,1,000,053,1,0,1,3,1,12,5,1,2,00,2,1,0,201100007025B02,7,1,1
201100007032,2011-03-04,2011,mars,vendredi,14:45,01,01001,0,0,1,1,3,1,1,3,2,02,2,1,000,060,1,0,1,2,1,77,5,1,2,00,2,1,15,201100007032A01,7,1,1