Num_Acc,date,an,mois,jour,hrmn,dep,com,lat,long,agg,int,col,lum,atm,catr,circ,nbv,prof,plan,lartpc,larrout,surf,infra,situ,grav,sexe,age,trajet,secuexist,equipement,obs,obsm,choc,manv,vehiculeid,typevehicules,manoeuvehicules,numVehicules
201100007045,2011-08-17,2011,août,mercredi,94:5,01,01156,0,0,1,1,3,1,1,3,2,02,1,1,000,060,1,0,1,2,1,77,5,1,2,00,2,8,19,201100007045B02,7,1,1
201100007046,2011-02-05,2011,février,samedi,16:45,01,01376,45.833,4.977,2,1,1,1,1,3,3,02,1,1,032,131,1,0,1,3,1,62,5,1,2,01,0,1,1,201100007046B02,7,24,1
201100007061,2011-05-25,2011,mai,mercredi,11:30,01,01398,45.987,4.871,2,1,3,1,1,4,2,01,1,1,000,038,1,0,1,3,2,7,5,1,2,00,2,2,19,201100007061B02,7,1,1
201100007076,2011-07-10,2011,juillet,dimanche,11:15,07,07158,0,0,1,1,7,1,8,3,2,02,2,1,000,000,1,0,1,2,1,65,5,1,2,14,0,2,1,201100007076A01,,,
201100007087,2011-07-16,2011,juillet,samedi,16:00,07,07295,0,0,1,1,1,1,1,3,2,02,-1,2,000,073,1,0,3,3,2,10,5,1,2,10,0,1,1,201100007087A01,1,1,1
201100007087,2011-07-16,2011,juillet,samedi,16:00,07,07295,0,0,1,1,1,1,1,3,2,02,-1,2,000,073,1,0,3,1,2,10,5,1,2,00,2,1,1,201100007087B02,1,1,1
201100007094,2011-09-16,2011,septembre,vendredi,17:30,07,07319,0,0,2,1,3,1,1,4,2,01,2,2,000,050,1,0,1,3,1,5,5,1,1,00,0,1,15,201100007094A01,7,1,1
201100007110,2011-06-25,2011,juin,samedi,19:30,07,07181,0,0,2,7,6,1,1,6,-1,00,1,-1,000,000,1,0,4,1,1,16,5,1,1,00,1,1,1,201100007110A01,,,
201100007112,2011-07-12,2011,juillet,mardi,10:30,07,07261,0,0,1,1,2,1,1,4,2,02,1,1,000,060,1,0,1,3,1,75,5,1,2,01,0,1,1,201100007112B02,15,23,1
201100007124,2011-07-26,2011,juillet,mardi,16:00,07,07117,0,0,1,1,2,1,1,3,2,00,1,1,000,066,1,0,1,1,1,56,5,1,1,00,9,4,1,201100007124B02,1,1,1
201100007124,2011-07-26,2011,juillet,mardi,16:00,07,07117,0,0,1,1,2,1,1,3,2,00,1,1,000,066,1,0,1,2,2,57,5,1,1,00,9,1,1,201100007124A01,1,1,1
201100007144,2011-02-05,2011,février,samedi,14:30,07,07207,0,0,1,1,1,1,1,3,2,00,1,1,000,043,1,0,1,3,2,65,5,1,2,00,2,8,1,201100007144B02,7,17,1
201100007147,2011-06-21,2011,juin,mardi,93:0,07,07328,0,0,2,1,1,1,1,3,2,00,-1,1,000,000,1,0,1,3,1,58,5,1,1,00,2,1,0,201100007147B02,7,15,1
201100007182,2011-10-10,2011,octobre,lundi,14:00,07,07078,0,0,1,1,1,1,1,3,3,02,1,1,008,108,1,0,1,3,1,63,5,1,2,00,2,4,19,201100007182B02,7,13,1
201100007233,2011-09-01,2011,septembre,jeudi,10:00,26,26208,0,0,1,1,5,1,1,3,3,02,-1,1,000,000,1,0,1,3,1,73,5,1,2,00,9,1,1,201100007233A01,7,16,1
201100007233,2011-09-01,2011,septembre,jeudi,10:00,26,26208,0,0,1,1,5,1,1,3,3,02,-1,1,000,000,1,0,1,4,1,42,5,1,2,00,9,4,1,201100007233B02,7,16,1
201100007234,2011-09-02,2011,septembre,vendredi,90:0,26,26144,0,0,1,1,1,1,2,3,3,00,-1,1,000,000,1,0,1,3,1,74,5,1,2,00,2,0,0,201100007234A01,7,0,1
201100007239,2011-06-18,2011,juin,samedi,15:00,26,26113,44.753,5.382,2,6,3,1,1,3,1,00,-1,2,000,090,1,0,1,3,2,64,5,1,2,00,2,0,1,201100007239B02,7,16,1
201100007308,2011-03-05,2011,mars,samedi,14:45,02,02525,49.86467,3.31072,1,1,1,1,1,5,2,01,1,1,000,000,1,0,0,3,1,76,5,1,4,00,2,1,5,201100007308B01,30,13,1
201100007320,2011-04-13,2011,avril,mercredi,63:0,02,02371,0,0,1,1,1,2,1,4,2,02,1,1,000,080,1,0,1,4,1,38,1,1,4,00,2,1,1,201100007320B01,7,17,1
201100007324,2011-04-21,2011,avril,jeudi,82:5,02,02691,0,0,2,3,6,1,1,4,2,02,1,1,000,109,1,0,1,4,1,64,5,1,2,00,2,1,1,201100007324B01,7,15,1
201100007337,2011-08-07,2011,août,dimanche,10:50,02,02549,0,0,2,3,3,1,1,3,2,02,1,1,000,060,1,0,1,3,1,67,5,1,9,00,2,3,1,201100007337B01,7,15,1
201100007369,2011-08-07,2011,août,dimanche,11:00,26,26079,0,0,1,1,5,1,1,3,2,00,1,3,000,057,1,0,1,3,1,24,0,1,2,00,2,1,13,201100007369C03,7,1,1
201100007369,2011-08-07,2011,août,dimanche,11:00,26,26079,0,0,1,1,5,1,1,3,2,00,1,3,000,057,1,0,1,3,1,19,9,1,2,00,2,1,13,201100007369B02,7,1,1
201100007389,2011-01-19,2011,janvier,mercredi,94:5,26,26347,45.077,4.835,2,3,1,1,1,2,2,02,1,3,000,081,1,0,1,2,1,77,5,1,4,00,2,8,16,201100007389B02,17,1,1
201100007394,2011-06-24,2011,juin,vendredi,13:30,26,26347,0,0,2,1,1,1,1,2,3,02,1,1,000,000,1,0,1,2,1,16,5,1,1,00,0,4,17,201100007394B02,17,2,1
201100007394,2011-06-24,2011,juin,vendredi,13:30,26,26347,0,0,2,1,1,1,1,2,3,02,1,1,000,000,1,0,1,2,2,15,0,1,1,00,0,4,17,201100007394B02,17,2,1
201100007413,2011-05-28,2011,mai,samedi,14:06,02,02722,0,0,1,1,6,1,1,4,2,02,2,1,000,070,1,0,1,4,1,15,5,1,9,01,0,1,21,201100007413A01,,,
201100007423,2011-07-01,2011,juillet,vendredi,14:35,02,02722,0,0,2,6,6,1,1,4,1,02,1,2,000,070,1,0,1,4,1,69,0,1,2,00,2,5,1,201100007423B01,7,9,1
201100007427,2011-07-05,2011,juillet,mardi,85:3,02,02722,0,0,2,1,6,1,1,4,1,01,1,1,000,040,1,0,1,4,2,36,1,1,2,00,2,1,1,201100007427B01,7,22,1
201100007429,2011-07-15,2011,juillet,vendredi,18:05,02,02722,0,0,2,1,3,1,1,4,2,01,1,1,000,035,1,0,1,4,2,46,1,1,2,00,2,8,1,201100007429B01,15,17,1
201100007437,2011-09-05,2011,septembre,lundi,14:50,02,02722,0,0,1,6,3,1,1,2,4,02,1,-1,000,070,1,0,1,4,2,23,0,1,9,00,2,7,1,201100007437B01,7,9,1
201100007441,2011-09-22,2011,septembre,jeudi,12:10,02,02722,0,0,2,1,6,1,1,4,2,01,1,1,000,059,1,0,1,4,1,82,3,1,9,00,2,0,19,201100007441A01,1,1,1
201100007441,2011-09-22,2011,septembre,jeudi,12:10,02,02722,0,0,2,1,6,1,1,4,2,01,1,1,000,059,1,0,1,1,1,18,0,1,9,00,2,0,1,201100007441B01,1,19,1
201100007451,2011-11-25,2011,novembre,vendredi,91:5,02,02722,49.36491,3.33867,2,6,6,1,1,4,4,02,-1,-1,000,059,-1,5,1,4,2,34,0,1,9,00,2,0,1,201100007451B01,7,1,1
201100007465,2011-01-29,2011,janvier,samedi,14:30,38,38150,45.2051,5.82536,2,6,6,1,1,4,-1,02,1,-1,000,000,-1,0,0,3,2,55,5,1,1,00,2,6,1,201100007465B02,7,0,1
201100007474,2011-06-15,2011,juin,mercredi,16:00,38,38158,0,0,2,1,2,1,1,3,2,00,2,1,000,000,1,0,1,4,1,12,5,1,2,00,0,1,1,201100007474A01,7,1,1
201100007475,2011-10-29,2011,octobre,samedi,21:00,38,38158,0,0,2,1,2,5,1,3,2,00,1,1,000,000,1,0,1,3,1,25,0,1,4,00,0,4,2,201100007475B02,34,1,1
201100007497,2011-07-08,2011,juillet,vendredi,17:00,38,38281,0,0,1,6,3,1,1,3,2,02,1,-1,000,000,1,5,1,3,1,67,5,1,2,00,2,8,2,201100007497B02,14,16,1
201100007510,2011-09-26,2011,septembre,lundi,19:00,38,38187,45.0483,5.66842,2,1,3,1,1,3,2,02,3,-1,000,000,1,0,1,3,1,16,5,1,1,00,2,3,1,201100007510A01,7,1,1
201100007511,2011-11-25,2011,novembre,vendredi,17:00,38,38524,0,0,2,6,3,1,1,3,1,02,1,2,000,000,1,5,1,3,1,55,5,1,2,00,2,1,1,201100007511B02,10,12,1
201100007513,2011-09-02,2011,septembre,vendredi,14:45,38,38205,45.142,5.588,1,4,3,1,7,3,2,02,-1,1,000,112,1,0,1,3,1,60,5,1,2,00,2,1,1,201100007513A01,7,19,1
201100007530,2011-08-11,2011,août,jeudi,13:59,02,02738,0,0,2,3,3,1,1,4,2,02,1,1,000,070,1,5,1,3,2,81,5,1,9,00,2,7,2,201100007530B01,7,2,1
201100007533,2011-08-29,2011,août,lundi,94:5,38,38565,0,0,1,1,1,1,1,4,2,00,1,1,000,000,1,0,5,3,1,81,5,1,2,00,2,1,1,201100007533B02,7,1,1
201100007556,2011-02-14,2011,février,lundi,81:5,38,38068,45.1027,5.71411,1,6,2,1,1,2,2,02,1,2,000,000,1,0,1,4,2,49,1,1,1,00,2,5,0,201100007556B02,7,14,1
201100007571,2011-08-10,2011,août,mercredi,16:15,38,38360,45.1247,5.28021,1,2,1,1,1,3,2,02,2,2,000,060,1,0,1,3,1,47,5,1,2,00,2,1,13,201100007571A01,7,1,1
201100007593,2011-11-09,2011,novembre,mercredi,10:15,38,38559,0,0,2,1,2,1,1,3,2,02,1,1,000,071,1,0,1,3,1,39,5,1,2,00,2,1,1,201100007593B02,7,13,1
201100007594,2011-11-20,2011,novembre,dimanche,15:30,38,38278,45.244,5.403,1,1,1,1,1,3,2,02,1,1,000,050,1,0,1,3,2,67,5,1,2,00,2,3,1,201100007594B02,7,13,1
201100007606,2011-04-10,2011,avril,dimanche,11:30,38,38451,45.7285,5.23176,1,1,5,1,1,3,2,00,1,3,000,000,1,0,1,3,2,44,5,1,2,00,2,7,19,201100007606B02,7,1/24,2
201100007606,2011-04-10,2011,avril,dimanche,11:30,38,38451,45.7285,5.23176,1,1,5,1,1,3,2,00,1,3,000,000,1,0,1,3,1,55,0,1,8,00,2,7,19,201100007606B02,7,1/24,2
201100007612,2011-09-30,2011,septembre,vendredi,84:5,38,38451,0,0,1,1,3,1,1,3,2,00,1,1,000,000,1,0,1,2,2,60,5,1,2,00,9,8,2,201100007612B02,14,17,1
201100007623,2011-09-21,2011,septembre,mercredi,80:0,38,38063,45.43,5.442,1,1,3,1,1,3,2,02,2,3,000,000,1,0,1,3,1,74,5,1,1,00,2,7,9,201100007623B02,7,1,1
201100007650,2011-09-09,2011,septembre,vendredi,17:30,38,38261,0,0,2,1,1,1,1,4,2,02,1,2,000,069,1,0,1,2,1,13,5,1,2,00,2,0,1,201100007650A01,7,1,1
201100007667,2011-08-25,2011,août,jeudi,83:0,38,38343,45.4283,5.56372,1,1,1,1,1,3,2,02,1,1,000,000,1,0,1,3,1,70,5,1,1,00,0,7,1,201100007667B02,10,19,1
201100007729,2011-11-18,2011,novembre,vendredi,64:5,38,38161,45.402,5.142,1,1,1,3,5,3,2,01,1,1,000,061,1,0,1,3,1,48,5,1,1,00,0,4,1,201100007729B02,7,1,1
201100007779,2011-10-26,2011,octobre,mercredi,17:15,38,38349,45.323,4.776,2,1,1,1,1,3,2,00,1,1,000,066,1,2,1,4,1,12,5,1,1,00,2,8,0,201100007779B02,7,1,1
201100007793,2011-01-12,2011,janvier,mercredi,22:45,42,42224,45.34021,4.42016,2,1,1,5,1,3,2,02,2,1,000,000,1,5,1,4,1,28,1,1,2,00,2,8,1,201100007793B02,7,19,1
201100007802,2011-02-17,2011,février,jeudi,17:00,42,42097,45.50638,4.30063,1,1,1,1,1,3,2,02,1,1,000,060,1,0,1,4,1,60,5,1,2,00,2,3,1,201100007802B02,7,0,1
201100007808,2011-06-24,2011,juin,vendredi,14:15,42,42208,45.52779,4.4642,1,1,5,1,1,3,2,00,2,2,000,000,1,0,1,3,2,64,5,1,2,00,2,4,1,201100007808B02,7,17,1
201100007808,2011-06-24,2011,juin,vendredi,14:15,42,42208,45.52779,4.4642,1,1,5,1,1,3,2,00,2,2,000,000,1,0,1,4,2,64,5,1,2,00,2,4,1,201100007808D04,7,17,1
201100007808,2011-06-24,2011,juin,vendredi,14:15,42,42208,45.52779,4.4642,1,1,5,1,1,3,2,00,2,2,000,000,1,0,1,4,2,63,5,1,2,00,2,4,1,201100007808C03,7,17,1
201100007822,2011-01-15,2011,janvier,samedi,15:30,42,42005,45.52884,4.25979,2,1,7,1,1,9,2,00,2,1,000,076,1,0,1,3,1,47,5,1,1,00,0,1,0,201100007822A01,,,
201100007826,2011-09-29,2011,septembre,jeudi,10:15,42,42304,45.53758,4.18802,2,6,1,1,1,3,1,00,-1,-1,000,000,1,0,1,3,1,60,5,1,1,00,2,4,1,201100007826B02,7,1,1
201100007839,2011-04-17,2011,avril,dimanche,18:00,42,42094,45.73657,4.2251,2,1,3,1,1,4,2,03,1,1,000,105,1,0,1,3,2,9,0,1,1,00,0,7,19,201100007839B02,7,1,1
201100007852,2011-01-08,2011,janvier,samedi,10:30,42,42206,45.53896,4.32085,2,6,7,1,1,3,-1,00,1,2,000,000,-1,5,0,3,1,75,5,1,2,00,0,0,15,201100007852A01,,,
201100007862,2011-04-30,2011,avril,samedi,15:15,42,42323,45.5625,4.31058,1,6,3,1,1,3,4,00,1,-1,000,000,1,5,1,3,1,52,5,1,2,00,2,7,1,201100007862B02,7,9,1
201100007863,2011-05-01,2011,mai,dimanche,84:5,42,42038,45.64576,4.18832,1,1,5,1,1,3,2,00,-1,1,060,000,1,2,1,4,1,57,5,1,1,00,2,6,1,201100007863C03,7,13/1,2
201100007864,2011-05-07,2011,mai,samedi,10:15,42,42206,45.54936,4.32731,2,1,3,1,1,3,2,02,2,1,048,000,1,0,1,4,1,48,5,1,2,00,2,8,1,201100007864A01,10,15,1
201100007872,2011-08-18,2011,août,jeudi,15:15,42,42206,45.54284,4.33203,2,1,3,1,1,3,2,00,2,1,000,053,1,0,1,3,1,15,5,1,1,00,2,1,1,201100007872B02,7,1,1
201100007872,2011-08-18,2011,août,jeudi,15:15,42,42206,45.54284,4.33203,2,1,3,1,1,3,2,00,2,1,000,053,1,0,1,3,1,13,0,1,1,00,2,1,1,201100007872B02,7,1,1
201100007895,2011-10-02,2011,octobre,dimanche,11:00,42,42201,45.33218,4.64061,1,1,1,1,1,3,2,00,1,1,000,000,1,0,1,3,1,14,5,1,2,00,0,3,10,201100007895B02,7,13,1
201100007904,2011-06-05,2011,juin,dimanche,12:00,42,42120,45.9927,3.98414,1,1,1,1,1,3,-1,01,1,1,000,000,1,5,1,4,1,49,5,1,2,00,2,0,1,201100007904B02,7,19,1
201100007906,2011-07-08,2011,juillet,vendredi,17:45,42,42294,46.0171,4.10658,1,1,3,1,1,3,2,02,1,1,000,000,1,0,1,3,1,56,5,1,2,00,2,1,17,201100007906B02,30,15,1
201100007908,2011-10-04,2011,octobre,mardi,16:45,42,42166,45.99308,4.10609,1,3,3,1,1,3,2,02,1,1,006,065,1,5,1,4,2,54,1,1,2,00,2,4,15,201100007908A01,7,15,1
201100007944,2011-04-10,2011,avril,dimanche,17:00,73,73300,45.68112,5.894,1,1,7,1,1,3,2,02,-1,1,000,070,9,0,3,3,2,46,5,1,2,00,0,1,0,201100007944A01,,,
201100007964,2011-05-24,2011,mai,mardi,13:30,73,73091,45.8,5.812,1,1,1,1,1,3,2,00,-1,2,000,040,1,0,1,3,1,36,5,1,2,00,2,1,13,201100007964A01,7,1,1
201100007994,2011-08-05,2011,août,vendredi,10:30,73,73068,45.55095,6.20288,1,1,1,1,1,3,2,02,1,1,000,065,1,0,1,3,1,75,5,1,2,00,2,0,13,201100007994B02,7,17,1
201100007995,2011-10-22,2011,octobre,samedi,14:45,73,73068,45.55106,6.20332,1,3,2,1,1,3,2,02,1,1,000,000,1,0,1,3,1,44,5,1,2,00,2,1,1,201100007995B02,7,15,1
201100008006,2011-05-29,2011,mai,dimanche,90:0,73,73124,45.657,6.34,1,3,5,1,7,3,2,02,1,1,000,132,1,0,1,3,1,43,5,1,2,00,2,1,1,201100008006A01,7,15,1
201100008006,2011-05-29,2011,mai,dimanche,90:0,73,73124,45.657,6.34,1,3,5,1,7,3,2,02,1,1,000,132,1,0,1,4,1,55,5,1,2,00,2,1,21,201100008006B02,7,15,1
201100008012,2011-09-01,2011,septembre,jeudi,11:00,73,73063,45.59417,6.44724,2,1,1,1,1,3,2,02,2,4,000,084,1,0,1,3,1,46,5,1,2,00,2,1,1,201100008012B02,7,5,1
201100008028,2011-05-28,2011,mai,samedi,13:00,73,73054,0,0,2,1,3,1,1,3,2,02,2,4,000,065,1,0,1,3,1,57,5,1,2,00,2,8,1,201100008028B02,33,17,1
201100008040,2011-10-27,2011,octobre,jeudi,20:0,73,73015,45.673,6.948,1,1,7,5,1,4,2,00,2,2,000,117,1,0,1,3,1,39,0,1,2,00,0,0,1,201100008040A01,,,
201100008074,2011-07-10,2011,juillet,dimanche,17:20,73,73157,0,0,2,1,1,1,1,3,2,02,1,1,000,060,1,0,1,3,1,17,5,1,2,00,2,1,13,201100008074A01,7,1,1
201100008077,2011-10-22,2011,octobre,samedi,18:30,73,73157,45.19905,6.66969,2,1,6,1,1,4,2,02,4,1,000,035,1,0,1,3,2,13,5,1,2,00,0,7,1,201100008077A01,,,
201100008077,2011-10-22,2011,octobre,samedi,18:30,73,73157,45.19905,6.66969,2,1,6,1,1,4,2,02,4,1,000,035,1,0,1,1,1,8,0,1,2,00,0,7,1,201100008077A01,,,
201100008079,2011-02-23,2011,février,mercredi,12:00,74,74267,0,0,2,2,3,1,1,4,2,02,-1,1,000,060,1,0,5,4,2,74,5,1,2,00,2,1,1,201100008079B02,7,19,1
201100008088,2011-04-22,2011,avril,vendredi,18:15,74,74242,0,0,2,2,1,1,1,4,2,02,1,1,000,000,1,0,5,4,1,44,5,1,2,00,2,1,1,201100008088B02,7,19,1
201100008089,2011-06-11,2011,juin,samedi,18:30,74,74232,0,0,1,1,1,1,1,3,2,02,2,4,070,000,1,0,1,2,1,67,5,1,2,00,2,1,13,201100008089A01,33,1,1
201100008091,2011-06-27,2011,juin,lundi,12:00,74,74242,0,0,2,2,1,1,1,4,-1,00,1,1,000,000,1,0,5,3,1,58,5,1,1,00,2,7,1,201100008091B02,7,19,1
201100008096,2011-03-05,2011,mars,samedi,15:00,74,74255,0,0,1,1,3,1,1,3,2,02,1,1,000,060,1,0,1,3,2,25,5,1,2,00,2,7,1,201100008096B02,10,12,1
201100008125,2011-02-21,2011,février,lundi,15:30,74,74042,46.065,6.397,2,1,1,1,1,3,2,02,1,1,050,000,1,0,1,3,1,40,5,1,2,00,2,1,1,201100008125B02,7,15,1
201100008130,2011-05-06,2011,mai,vendredi,17:00,74,74042,0,0,2,1,3,1,1,4,2,00,1,1,000,070,1,0,1,3,1,34,5,1,2,00,2,1,1,201100008130B02,7,15,1
201100008142,2011-08-04,2011,août,jeudi,12:15,74,74236,0,0,1,1,6,1,1,4,2,02,2,3,000,000,-1,0,1,3,1,16,5,1,2,00,0,0,1,201100008142A01,,,
201100008149,2011-09-24,2011,septembre,samedi,11:30,74,74236,0,0,2,3,3,1,1,3,2,00,2,1,000,060,1,0,1,3,1,54,5,1,2,00,2,1,1,201100008149B03,7,15,1
201100008172,2011-11-20,2011,novembre,dimanche,10:00,74,74250,0,0,2,1,2,1,1,3,2,02,1,1,000,000,1,0,1,3,1,57,5,1,2,00,2,4,2,201100008172B02,7,2,1
201100008209,2011-04-22,2011,avril,vendredi,15:15,74,74185,0,0,1,1,7,1,1,3,2,00,2,1,000,055,1,0,1,3,1,46,5,1,2,00,0,1,1,201100008209A01,,,
201100008220,2011-10-12,2011,octobre,mercredi,20:45,74,74197,0,0,1,1,1,3,1,3,2,03,1,1,000,000,1,2,1,2,1,63,5,1,4,00,2,4,1,201100008220B02,7,1,1
201100008222,2011-11-05,2011,novembre,samedi,13:45,74,74220,0,0,1,4,1,1,1,4,2,02,1,1,000,043,1,0,1,3,1,44,5,1,2,00,2,1,15,201100008222A01,7,21,1
201100008253,2011-08-22,2011,août,lundi,20:00,74,74063,46.234,6.793,1,1,1,2,8,3,2,02,2,2,000,045,1,0,1,3,1,35,5,1,2,00,2,0,1,201100008253B02,7,1,1
201100008256,2011-10-04,2011,octobre,mardi,20:00,74,74063,46.245,6.852,1,1,1,3,1,3,2,00,2,4,000,000,1,0,1,2,1,46,5,1,2,00,2,1,13,201100008256A02,7,0,1
201100008306,2011-06-26,2011,juin,dimanche,64:5,74,74188,0,0,1,1,1,1,7,3,2,02,2,1,000,060,1,0,1,3,1,31,1,1,2,00,0,4,1,201100008306B02,7,1,1
201100008308,2011-07-11,2011,juillet,lundi,15:15,74,74191,46.188,6.713,1,1,6,1,1,3,2,02,-1,3,000,000,1,0,1,3,1,31,5,1,2,,2,5,13,201100008308B02,7,21,1
201100008318,2011-04-17,2011,avril,dimanche,17:30,63,63040,45.75,3.328,1,1,6,1,1,3,2,02,2,1,000,071,1,0,1,3,1,36,5,1,2,00,2,7,1,201100008318A01,,,
201100008321,2011-06-09,2011,juin,jeudi,16:00,63,63229,45.77907,3.3584,2,6,2,1,1,3,1,01,-1,2,000,060,1,5,1,4,1,43,5,1,9,00,0,4,2,201100008321B02,7,2,1
201100008343,2011-06-26,2011,juin,dimanche,11:30,63,63284,45.8402,3.23201,1,1,7,1,1,3,2,02,2,1,000,059,1,0,1,3,2,58,5,1,2,00,0,8,1,201100008343A01,,,
201100008364,2011-07-24,2011,juillet,dimanche,10:45,63,63405,45.654,3.263,1,1,5,1,1,3,2,02,2,2,000,045,1,0,1,3,1,17,5,1,2,00,2,8,13,201100008364B02,7,1,1
201100008364,2011-07-24,2011,juillet,dimanche,10:45,63,63405,45.654,3.263,1,1,5,1,1,3,2,02,2,2,000,045,1,0,1,4,1,36,5,1,2,00,2,1,2,201100008364C03,7,1,1
201100008364,2011-07-24,2011,juillet,dimanche,10:45,63,63405,45.654,3.263,1,1,5,1,1,3,2,02,2,2,000,045,1,0,1,3,1,43,5,1,2,00,2,1,2,201100008364D04,7,1,1
201100008364,2011-07-24,2011,juillet,dimanche,10:45,63,63405,45.654,3.263,1,1,5,1,1,3,2,02,2,2,000,045,1,0,1,4,1,63,5,1,2,00,2,1,2,201100008364E05,7,1,1
201100008401,2011-09-02,2011,septembre,vendredi,18:00,63,63178,45.55096,3.26517,2,3,1,1,1,4,2,01,1,1,,,1,,,3,1,17,0,1,2,00,2,1,19,201100008401B02,7,1,1
201100008445,2011-06-15,2011,juin,mercredi,14:45,63,63362,0,0,2,1,1,1,1,3,2,02,2,2,000,060,1,0,1,4,1,27,5,1,2,00,2,1,13,201100008445A01,7,1,1
201100008479,2011-09-30,2011,septembre,vendredi,18:45,63,63430,0,0,2,1,3,1,1,3,3,03,1,1,000,000,1,0,1,3,1,53,5,1,2,00,0,1,1,201100008479B02,7,15,1
201100008490,2011-01-13,2011,janvier,jeudi,11:30,63,63196,45.9678,3.4503,1,1,3,1,1,3,2,02,-1,1,000,000,1,0,1,4,1,79,0,1,2,00,0,4,1,201100008490B02,7,1,1
201100008511,2011-09-03,2011,septembre,samedi,12:15,03,03085,46.558,3.27,1,1,2,1,1,3,2,00,1,1,000,067,1,0,1,3,1,45,5,1,2,00,0,4,1,201100008511B02,7,17,1
201100008590,2011-04-01,2011,avril,vendredi,94:5,03,03045,46.066,3.505,2,1,5,1,1,3,2,00,2,1,000,050,1,0,1,3,1,41,5,1,2,00,0,3,1,201100008590C03,7,23/15,2
201100008629,2011-07-17,2011,juillet,dimanche,16:45,03,03235,46.244,3.518,1,1,3,1,1,3,2,00,1,1,000,060,1,0,1,3,2,75,5,1,1,00,2,8,19,201100008629A01,33,1,1
201100008650,2011-02-16,2011,février,mercredi,15:45,15,15258,44.879,2.582,1,1,7,1,1,3,-1,00,-1,-1,000,000,-1,0,0,3,1,45,5,1,8,00,0,0,0,201100008650A01,,,
201100008663,2011-07-08,2011,juillet,vendredi,15:30,15,15153,45.123,2.281,1,3,3,1,1,3,2,02,1,1,000,040,1,0,1,2,2,16,5,1,1,00,2,8,15,201100008663A01,10,1,1
201100008665,2011-09-15,2011,septembre,jeudi,12:15,15,15079,45.268,2.361,1,1,2,1,1,3,2,02,2,1,000,075,1,0,1,3,1,65,5,1,2,00,2,8,2,201100008665B02,7,2,1
201100008714,2011-05-30,2011,mai,lundi,12:30,43,43078,0,0,1,1,1,1,1,3,2,00,1,1,000,000,1,0,1,3,1,77,5,1,2,00,2,8,2,201100008714B02,7,2,1
201100008716,2011-08-01,2011,août,lundi,10:45,43,43092,44.987,4.229,2,1,1,1,1,3,2,01,2,1,000,047,1,0,1,3,1,60,5,1,2,00,2,1,1,201100008716B02,10,15,1
201100008726,2011-09-16,2011,septembre,vendredi,18:00,43,43140,45.061,3.916,1,6,2,1,1,3,2,02,-1,2,000,040,1,0,1,3,1,57,5,1,2,00,0,4,15,201100008726B02,7,15,1
201100008763,2011-02-05,2011,février,samedi,14:45,43,43117,0,0,1,1,1,1,1,3,2,00,2,1,000,000,1,0,1,1,1,70,0,1,2,00,0,8,2,201100008763B02,1,2,1
201100008763,2011-02-05,2011,février,samedi,14:45,43,43117,0,0,1,1,1,1,1,3,2,00,2,1,000,000,1,0,1,3,1,70,5,1,2,00,0,8,2,201100008763A01,1,2,1
201100008789,2011-04-08,2011,avril,vendredi,94:5,43,43185,45.411,3.325,2,1,2,1,7,9,2,02,2,1,000,060,1,0,1,3,1,60,5,1,2,00,0,4,1,201100008789B02,7,17,1
201100008804,2011-08-06,2011,août,samedi,10:30,43,43166,0,0,1,1,3,1,1,3,2,02,1,1,000,062,1,0,1,3,1,22,5,1,2,00,2,6,1,201100008804B02,10,17,1
201100008862,2011-04-02,2011,avril,samedi,18:15,03,03262,0,0,2,1,6,1,1,4,2,01,2,-1,000,033,1,0,1,3,1,9,5,1,2,00,2,1,13,201100008862A01,7,1,1
201100008877,2011-10-08,2011,octobre,samedi,45:,03,03185,0,0,2,2,3,5,1,4,1,02,1,1,000,000,2,0,1,3,1,21,5,1,4,00,2,7,2,201100008877A01,7,1,1
201100008886,2011-05-26,2011,mai,jeudi,95:0,03,03190,0,0,2,4,3,1,2,4,2,01,2,2,000,000,1,0,1,4,1,66,5,1,2,00,2,6,1,201100008886B01,7,2,1
201100008902,2011-05-08,2011,mai,dimanche,12:00,57,57443,0,0,1,6,6,1,1,2,,,,,,,,,1,3,1,42,5,1,2,00,0,3,1,201100008902A01,10,9,1
201100008913,2011-04-25,2011,avril,lundi,13:15,57,57708,0,0,2,1,3,1,1,3,2,02,1,1,000,084,1,0,1,4,1,18,5,1,9,00,2,1,19,201100008913A01,7,2,1
201100008913,2011-04-25,2011,avril,lundi,13:15,57,57708,0,0,2,1,3,1,1,3,2,02,1,1,000,084,1,0,1,4,1,18,0,1,9,00,2,1,19,201100008913A01,7,2,1
201100008915,2011-05-28,2011,mai,samedi,16:45,57,57162,0,0,1,1,1,1,1,3,2,02,2,1,000,171,1,0,1,2,1,73,5,1,1,00,2,4,1,201100008915A01,7,1,1
201100008919,2011-08-22,2011,août,lundi,17:45,57,57218,0,0,1,1,2,1,1,3,2,02,3,1,000,073,1,0,1,2,1,61,5,1,2,00,2,4,2,201100008919B02,7,2,1
201100008946,2011-05-25,2011,mai,mercredi,16:00,57,57160,0,0,2,1,3,1,1,3,2,00,2,-1,075,000,1,5,1,3,1,75,5,1,1,00,2,1,1,201100008946B02,7,15,1