Num_Acc,date,an,mois,jour,hrmn,dep,com,lat,long,agg,int,col,lum,atm,catr,circ,nbv,prof,plan,lartpc,larrout,surf,infra,situ,grav,sexe,age,trajet,secuexist,equipement,obs,obsm,choc,manv,vehiculeid,typevehicules,manoeuvehicules,numVehicules
201100008997,2011-08-24,2011,août,mercredi,10:00,57,57180,0,0,2,3,3,1,1,3,2,02,-1,1,000,060,1,0,1,3,1,41,5,1,2,00,2,1,1,201100008997B02,7,15,1
201100009037,2011-10-01,2011,octobre,samedi,15:00,57,57345,0,0,1,3,3,1,1,3,2,02,1,2,000,063,1,0,1,4,1,14,5,1,2,00,2,1,1,201100009037B02,7,15,1
201100009047,2011-06-24,2011,juin,vendredi,15:30,57,57361,0,0,1,3,3,1,1,3,2,02,4,1,000,055,1,5,0,3,1,59,5,1,2,00,2,1,1,201100009047A01,14,15,1
201100009052,2011-04-10,2011,avril,dimanche,19:15,57,57582,0,0,1,1,1,1,1,3,2,02,1,1,000,047,1,2,1,2,1,62,5,1,2,00,0,0,0,201100009052B02,7,1,1
201100009054,2011-09-28,2011,septembre,mercredi,20:15,57,57582,0,0,1,1,1,3,1,3,2,00,1,1,000,070,1,0,1,2,1,15,5,1,1,00,0,4,1,201100009054B02,7,1,1
201100009067,2011-09-15,2011,septembre,jeudi,14:00,54,54468,48.55,6.3,2,1,2,1,1,4,2,02,3,2,046,000,-1,0,1,2,1,66,5,1,2,01,0,1,1,201100009067B02,14,23,1
201100009073,2011-01-08,2011,janvier,samedi,10:45,54,54150,48.78825,6.14405,2,6,2,1,1,3,-1,00,-1,3,000,000,-1,5,1,4,1,39,5,1,2,00,2,0,1,201100009073B02,7,16,1
201100009102,2011-05-25,2011,mai,mercredi,19:30,54,54364,48.59539,6.15276,2,1,5,1,1,3,2,02,2,3,000,068,1,0,1,3,1,52,5,1,2,00,2,1,1,201100009102B02,7,15/1,2
201100009107,2011-06-26,2011,juin,dimanche,18:00,54,54505,48.629,6.045,1,1,1,1,1,3,-1,02,-1,1,000,058,1,0,1,3,1,62,0,1,2,00,0,0,1,201100009107B02,7,17,1
201100009122,2011-06-14,2011,juin,mardi,19:00,54,54415,48.98755,6.02299,2,1,2,1,1,3,2,02,1,1,000,073,1,0,1,3,1,72,5,1,8,00,2,4,1,201100009122B02,7,1,1
201100009131,2011-02-28,2011,février,lundi,14:45,03,03001,0,0,2,1,3,1,1,3,2,02,1,1,000,060,1,0,1,4,1,20,5,1,2,00,2,3,1,201100009131A01,17,17,1
201100009139,2011-04-08,2011,avril,vendredi,22:30,03,03310,0,0,2,1,2,5,1,4,1,01,1,2,000,060,1,0,1,4,2,67,9,1,2,00,2,1,1,201100009139B01,7,4,1
201100009149,2011-05-20,2011,mai,vendredi,16:50,03,03095,0,0,1,1,3,1,1,3,2,02,1,1,000,060,1,0,1,4,1,11,5,1,9,00,2,3,13,201100009149B01,38,17,1
201100009168,2011-08-25,2011,août,jeudi,15:30,03,03023,0,0,2,6,3,1,1,3,1,01,1,3,000,060,1,5,1,4,1,29,5,1,9,00,2,3,1,201100009168A01,7,17,1
201100009273,2011-04-16,2011,avril,samedi,15:45,55,55504,48.729,5.227,2,1,3,1,1,9,2,02,2,1,000,040,1,0,1,3,1,12,5,1,2,00,2,1,19,201100009273B02,36,1,1
201100009297,2011-11-16,2011,novembre,mercredi,19:00,55,55247,0,0,1,1,2,3,5,3,2,02,-1,1,000,055,9,0,1,2,1,77,5,1,4,00,0,4,2,201100009297B02,7,2,1
201100009302,2011-05-03,2011,mai,mardi,16:15,55,55582,49.45636,5.17607,2,3,3,1,1,4,2,02,1,1,,040,1,0,0,3,2,8,5,1,2,00,2,7,1,201100009302B02,10,1,1
201100009309,2011-07-13,2011,juillet,mercredi,17:45,55,55193,49.2747,5.28077,1,1,3,1,1,3,2,02,1,2,000,058,1,0,1,3,2,53,5,1,2,00,2,8,1,201100009309B02,10,17,1
201100009315,2011-06-08,2011,juin,mercredi,14:30,55,55073,49.20863,5.37652,2,1,3,1,1,3,2,02,1,1,016,068,1,0,1,3,1,11,5,1,2,00,2,3,19,201100009315B02,7,1,1
201100009362,2011-06-03,2011,juin,vendredi,11:30,88,88166,48.34493,6.29997,1,1,2,1,1,3,2,02,3,3,000,080,1,0,1,3,1,54,5,1,2,00,2,4,2,201100009362B02,7,21,1
201100009366,2011-09-24,2011,septembre,samedi,18:45,88,88286,48.40302,6.15545,2,1,1,1,1,3,2,02,1,1,000,000,1,0,1,3,1,10,5,1,1,00,2,1,16,201100009366B02,7,1,1
201100009372,2011-02-17,2011,février,jeudi,17:15,88,88381,48.1225,6.02611,1,1,1,1,1,3,2,02,1,1,000,061,1,0,1,3,1,65,5,1,2,00,0,3,1,201100009372B02,7,17,1
201100009378,2011-06-11,2011,juin,samedi,14:30,88,88258,48.05958,5.75429,1,1,7,1,1,3,2,02,2,2,000,061,1,0,1,3,2,24,5,1,2,00,0,1,1,201100009378A01,,,
201100009389,2011-03-12,2011,mars,samedi,11:00,88,88099,48.23883,6.43497,2,1,2,1,1,4,2,02,1,1,000,060,1,0,1,3,1,60,5,1,2,00,2,3,23,201100009389B02,7,17,1
201100009412,2011-10-15,2011,octobre,samedi,17:00,88,88083,48.31236,5.72176,2,1,3,1,1,4,2,02,-1,-1,000,000,-1,0,0,3,1,9,5,1,1,00,2,3,19,201100009412B02,7,1,1
201100009425,2011-12-20,2011,décembre,mardi,71:5,88,88304,48.29042,6.12875,2,1,2,5,4,3,2,02,2,1,000,073,2,0,1,3,1,34,1,1,4,00,2,4,2,201100009425A01,7,2,1
201100009427,2011-01-22,2011,janvier,samedi,82:6,88,88516,48.19556,5.94723,2,1,3,1,1,4,2,02,2,1,000,062,1,0,1,3,1,73,5,1,2,00,2,1,1,201100009427B02,7,9,1
201100009430,2011-06-16,2011,juin,jeudi,11:20,88,88516,48.19846,5.93986,2,2,3,1,1,3,2,02,1,1,,,1,0,1,4,2,44,5,1,9,00,2,3,1,201100009430B01,7,1,1
201100009434,2011-03-22,2011,mars,mardi,15:30,88,88358,48.11218,6.55203,2,1,2,1,1,3,2,02,1,1,000,067,1,0,1,3,2,74,3,1,4,00,0,4,2,201100009434B02,7,2,1
201100009443,2011-03-23,2011,mars,mercredi,10:00,88,88486,48.018,6.716,2,1,1,1,1,4,2,02,-1,1,000,050,1,0,1,3,1,80,5,1,4,00,2,0,15,201100009443A02,7,15,1
201100009488,2011-05-07,2011,mai,samedi,11:30,88,88196,48.07351,6.83226,1,1,2,1,1,3,2,02,1,1,000,074,1,0,1,3,1,63,5,1,2,01,0,1,1,201100009488B02,7,23,1
201100009495,2011-04-05,2011,avril,mardi,19:30,88,88372,48.40068,6.83528,2,1,3,1,1,4,2,00,1,1,000,056,1,0,1,3,1,69,5,1,1,00,2,7,1,201100009495B02,7,0,1
201100009516,2011-06-23,2011,juin,jeudi,91:5,67,67130,0,0,2,1,3,1,1,4,2,00,1,1,000,000,1,0,1,3,2,47,1,1,1,00,0,1,1,201100009516B02,7,16,1
201100009520,2011-09-23,2011,septembre,vendredi,13:45,67,67266,0,0,1,3,3,1,1,3,-1,02,1,1,000,111,1,0,5,3,1,64,5,1,2,00,2,1,19,201100009520B02,7,16,1
201100009534,2011-02-12,2011,février,samedi,16:15,67,67458,0,0,1,6,3,1,1,3,2,00,-1,1,000,000,1,5,1,4,1,50,5,1,2,00,2,4,2,201100009534B02,99,9,1
201100009564,2011-09-20,2011,septembre,mardi,17:15,67,67448,48.483,7.22,2,1,3,1,1,3,2,02,1,1,065,000,1,0,1,3,1,9,5,1,1,00,2,3,19,201100009564B02,7,1,1
201100009572,2011-06-10,2011,juin,vendredi,19:45,67,67139,48.575,7.429,2,1,1,2,8,4,2,02,2,1,000,060,1,0,1,3,1,7,5,1,8,00,0,0,0,201100009572B02,7,1,1
201100009580,2011-05-25,2011,mai,mercredi,13:15,67,67289,48.866,7.491,2,1,3,1,1,3,2,02,1,1,000,000,1,0,1,3,1,50,1,1,8,00,0,8,13,201100009580A01,30,13,1
201100009613,2011-05-18,2011,mai,mercredi,15:30,67,67381,48.918,7.317,2,1,1,1,1,4,2,02,1,1,000,045,1,0,1,3,1,13,5,1,1,00,0,2,1,201100009613B02,2,1,1
201100009629,2011-11-10,2011,novembre,jeudi,81:5,67,67067,48.737,7.71,2,1,3,1,8,3,2,00,1,1,000,066,2,0,1,3,1,13,2,1,1,00,0,7,19,201100009629B02,7,1,1
201100009630,2011-11-15,2011,novembre,mardi,17:15,67,67033,0,0,1,6,3,5,1,3,-1,00,1,-1,000,070,1,0,1,3,1,62,3,1,4,00,2,7,1,201100009630B02,7,1,1
201100009656,2011-08-31,2011,août,mercredi,17:00,67,67495,48.665,7.606,2,1,3,1,1,3,3,01,1,1,032,109,1,5,1,3,1,40,5,1,1,00,2,1,1,201100009656B02,7,19,1
201100009677,2011-02-08,2011,février,mardi,73:0,67,67182,0,0,2,1,7,2,1,3,2,02,2,3,000,000,1,0,1,3,1,52,1,1,2,00,0,7,1,201100009677A01,,,
201100009683,2011-10-04,2011,octobre,mardi,17:30,67,67118,0,0,2,1,1,1,1,9,2,00,1,4,000,000,1,0,5,1,1,15,2,1,1,00,2,1,1,201100009683A01,1,1,1
201100009683,2011-10-04,2011,octobre,mardi,17:30,67,67118,0,0,2,1,1,1,1,9,2,00,1,4,000,000,1,0,5,4,1,39,1,1,1,00,2,1,1,201100009683B02,1,1,1
201100009708,2011-10-28,2011,octobre,vendredi,15:30,67,67281,48.129,7.57,1,1,1,1,1,3,2,00,1,1,000,066,1,0,1,2,1,66,5,1,2,00,2,1,1,201100009708B02,7,17,1
201100009711,2011-03-14,2011,mars,lundi,13:45,67,67544,0,0,2,1,5,1,1,3,2,00,4,-1,000,000,1,0,1,4,1,13,2,1,2,00,2,1,1,201100009711C03,7,15/0,2
201100009721,2011-11-17,2011,novembre,jeudi,17:30,67,67541,48.933,8.10399,1,1,2,3,1,3,3,02,1,1,000,064,1,0,1,3,1,50,0,1,4,00,2,4,1,201100009721B02,7,1,1
201100009722,2011-03-15,2011,mars,mardi,12:15,67,67184,0,0,1,1,3,1,1,3,2,02,1,1,000,075,1,0,1,3,1,55,5,1,2,00,2,7,15,201100009722A01,7,1,1
201100009724,2011-05-09,2011,mai,lundi,15:00,67,67339,0,0,2,1,1,1,7,3,2,02,1,1,000,000,1,0,1,4,1,87,5,1,1,00,2,0,19,201100009724A01,14,1,1
201100009733,2011-10-14,2011,octobre,vendredi,11:30,67,67339,48.899,7.938,1,1,2,1,1,3,2,02,-1,1,000,057,1,0,1,3,1,40,5,1,1,00,0,0,1,201100009733A01,2,1,1
201100009747,2011-03-04,2011,mars,vendredi,16:45,68,68007,48.06091,7.42143,2,6,3,1,1,3,2,01,1,2,070,055,1,0,1,3,1,73,3,1,9,00,2,5,13,201100009747B02,10,1,1
201100009752,2011-08-13,2011,août,samedi,12:30,68,68331,48.05105,7.40109,1,1,3,1,1,3,2,02,1,2,000,065,1,0,1,4,2,53,5,1,9,00,0,8,1,201100009752B02,7,17,1
201100009766,2011-06-03,2011,juin,vendredi,13:42,68,68311,47.98894,7.06916,1,1,2,1,1,3,2,02,4,2,000,060,1,0,1,3,1,72,5,1,2,00,2,1,1,201100009766B02,1,,1
201100009766,2011-06-03,2011,juin,vendredi,13:42,68,68311,47.98894,7.06916,1,1,2,1,1,3,2,02,4,2,000,060,1,0,1,3,1,67,5,1,2,00,2,4,,201100009766A01,1,1,1
201100009769,2011-06-30,2011,juin,jeudi,16:15,68,68117,48.04555,7.16752,2,1,7,1,1,3,2,02,1,1,000,000,9,0,1,3,1,78,5,1,2,14,0,1,1,201100009769A01,,,
201100009771,2011-07-14,2011,juillet,jeudi,19:15,68,68317,48.07296,7.10061,2,3,3,1,1,3,2,02,2,2,000,000,1,0,1,3,1,51,5,1,2,00,2,3,15,201100009771B02,7,1,1
201100009781,2011-03-07,2011,mars,lundi,11:30,68,68036,48.04416,7.54682,2,1,3,1,1,4,2,02,1,1,000,000,1,0,1,3,1,9,2,1,9,00,2,1,16,201100009781B02,7,1,1
201100009785,2011-05-23,2011,mai,lundi,11:45,68,68352,48.01125,7.53417,1,1,2,1,1,3,2,02,1,1,000,062,1,0,1,2,1,67,3,1,9,00,0,4,1,201100009785B02,7,17,1
201100009789,2011-09-27,2011,septembre,mardi,15:45,68,68352,48.02539,7.53349,2,1,3,1,1,3,2,02,1,3,000,064,1,0,1,4,2,58,5,1,2,00,2,8,1,201100009789B02,7,17,1
201100009815,2011-10-18,2011,octobre,mardi,19:00,68,68134,48.02671,7.31775,1,1,2,3,1,3,2,02,1,1,000,060,1,3,1,2,1,51,5,1,2,00,2,4,1,201100009815B02,7,1,1
201100009816,2011-10-21,2011,octobre,vendredi,74:5,68,68374,48.06916,7.30066,2,3,3,1,8,3,2,03,1,1,000,140,1,0,5,3,1,35,1,1,2,00,2,1,1,201100009816B02,7,15,1
201100009845,2011-07-29,2011,juillet,vendredi,18:30,68,68087,47.53586,7.2652,2,6,3,1,1,3,2,02,1,1,010,060,1,5,1,3,1,26,1,1,9,00,2,7,1,201100009845A01,7,1,1
201100009850,2011-03-15,2011,mars,mardi,10:00,68,68082,47.86198,7.3717,1,3,3,1,1,3,2,02,1,3,000,070,1,0,1,3,1,63,5,1,9,00,2,7,1,201100009850A01,7,15,1
201100009867,2011-08-17,2011,août,mercredi,19:45,68,68154,47.78407,7.35086,2,2,3,1,1,4,2,02,1,1,,050,1,0,1,3,1,73,5,1,2,00,2,8,15,201100009867B02,7,1,1
201100009873,2011-12-03,2011,décembre,samedi,10:45,68,68384,47.6957,7.29791,2,3,1,1,8,4,2,02,1,1,,059,1,0,0,3,2,65,3,1,9,00,2,1,16,201100009873A01,7,15,1
201100009900,2011-07-12,2011,juillet,mardi,12:15,68,68063,47.79443,7.17194,2,1,3,1,1,3,2,02,1,1,000,095,1,0,5,3,1,65,5,1,2,00,2,2,1,201100009900B02,7,16,1
201100009901,2011-08-05,2011,août,vendredi,17:15,68,68063,47.78731,7.18214,1,1,3,1,8,2,3,04,1,1,000,000,1,3,1,3,1,62,5,1,9,00,2,1,6,201100009901B02,7,1,1
201100009941,2011-05-17,2011,mai,mardi,17:45,51,51627,0,0,1,1,2,1,1,3,2,02,1,1,000,063,1,0,1,3,2,44,5,1,2,00,2,6,2,201100009941B02,7,21,1
201100009987,2011-06-01,2011,juin,mercredi,80:0,51,51279,0,0,2,1,3,1,1,3,2,02,1,1,000,060,1,0,1,2,2,91,5,1,2,00,2,8,19,201100009987B02,7,1,1
201100009995,2011-09-24,2011,septembre,samedi,15:30,51,51535,48.72565,3.70549,2,6,1,1,1,4,1,02,1,2,000,082,1,5,1,4,1,42,5,1,2,00,2,1,1,201100009995B02,7,16,1
201100010038,2011-09-02,2011,septembre,vendredi,94:5,51,51649,48.72595,4.58028,2,2,3,1,1,4,2,02,1,1,000,065,1,0,1,4,1,74,5,1,2,00,2,7,1,201100010038B02,7,1,1
201100010045,2011-10-25,2011,octobre,mardi,14:30,51,51065,48.72998,4.57171,1,1,2,1,1,3,2,02,1,1,000,078,1,0,2,2,1,45,1,1,4,00,2,4,2,201100010045B02,13,2,1
201100010064,2011-06-01,2011,juin,mercredi,17:15,51,51027,49.03607,4.69364,2,3,3,1,7,3,2,02,2,1,,058,1,0,1,2,1,12,5,1,9,00,2,1,19,201100010064B02,7,1,1
201100010077,2011-06-01,2011,juin,mercredi,16:15,08,08302,49.8815,4.73011,2,9,1,1,1,3,2,02,1,1,000,065,-1,0,1,4,1,63,5,1,2,00,2,2,1,201100010077B02,7,19,1
201100010104,2011-12-02,2011,décembre,vendredi,93:0,08,08156,49.8911,4.38854,2,1,1,1,1,4,2,00,2,1,000,040,1,0,1,3,2,77,3,1,1,00,2,1,1,201100010104B02,7,4,1
201100010146,2011-07-13,2011,juillet,mercredi,14:00,08,08403,49.505,4.363,2,1,1,1,1,3,2,02,1,1,000,065,1,0,1,3,1,18,5,1,1,00,2,1,9,201100010146A01,7,1,1
201100010154,2011-06-30,2011,juin,jeudi,19:00,08,08024,49.4704,4.11476,2,1,1,1,1,4,2,02,1,1,000,078,1,0,1,3,1,64,5,1,1,00,2,2,1,201100010154B02,7,15,1
201100010158,2011-12-02,2011,décembre,vendredi,15:30,08,08039,49.4685,4.08988,1,1,1,1,7,3,2,01,2,1,000,053,1,0,1,3,1,73,5,1,2,00,2,6,2,201100010158B02,7,2,1
201100010178,2011-01-16,2011,janvier,dimanche,10:45,10,10359,0,0,2,3,1,1,1,3,2,02,2,1,000,060,1,0,1,3,2,58,5,1,2,00,0,0,1,201100010178A01,7,15,1
201100010240,2011-04-08,2011,avril,vendredi,18:45,10,10187,48.074,4.477,1,1,1,1,7,4,2,02,2,2,000,044,1,0,1,4,1,13,5,1,9,00,2,1,13,201100010240A01,7,1,1
201100010242,2011-04-20,2011,avril,mercredi,20:15,10,10079,0,0,2,3,3,1,1,3,2,02,1,1,,064,1,0,1,3,1,12,5,1,9,00,2,1,19,201100010242A01,7,1,1
201100010274,2011-09-26,2011,septembre,lundi,14:00,52,52538,47.96754,5.20146,1,1,1,1,1,3,2,02,1,1,000,045,1,0,1,3,1,77,5,1,2,00,2,0,1,201100010274B02,7,13,1
201100010353,2011-09-21,2011,septembre,mercredi,14:45,52,52550,48.49493,4.91601,1,1,3,1,1,3,2,02,2,1,000,064,1,0,1,3,1,68,5,1,2,00,0,8,1,201100010353B02,10,17,1
201100010370,2011-08-11,2011,août,jeudi,19:30,21,21038,0,0,2,1,6,1,1,3,2,00,1,1,000,057,1,0,1,3,1,18,9,1,1,00,2,4,2,201100010370B02,,,
201100010374,2011-02-19,2011,février,samedi,14:45,21,21632,47.2215,5.12967,2,1,1,1,1,3,-1,02,-1,1,020,105,1,0,1,3,2,57,5,1,2,00,0,8,2,201100010374B02,7,2,1
201100010375,2011-03-26,2011,mars,samedi,15:15,21,21656,47.2279,5.19321,2,1,1,1,8,3,2,02,1,-1,000,065,1,0,1,3,1,38,3,1,1,00,2,1,5,201100010375A01,7,1,1
201100010377,2011-04-06,2011,avril,mercredi,19:15,21,21353,0,0,2,1,1,1,1,6,-1,00,1,1,000,000,1,0,1,3,1,37,5,1,1,00,2,7,1,201100010377B02,7,20,1
201100010410,2011-04-20,2011,avril,mercredi,17:15,21,21599,0,0,2,3,3,1,1,4,2,02,4,1,000,055,1,0,1,3,2,14,5,1,4,00,2,1,19,201100010410A01,7,1,1
201100010410,2011-04-20,2011,avril,mercredi,17:15,21,21599,0,0,2,3,3,1,1,4,2,02,4,1,000,055,1,0,1,3,2,14,5,1,4,00,2,1,19,201100010410A01,7,1,1
201100010414,2011-09-12,2011,septembre,lundi,13:45,21,21317,47.5128,5.10892,2,6,2,1,1,3,2,02,3,1,000,070,1,0,1,3,1,48,1,1,1,00,2,4,1,201100010414A01,7,1,1
201100010421,2011-03-23,2011,mars,mercredi,17:15,21,21590,47.0627,4.84313,1,1,1,1,1,3,2,02,-1,1,000,070,1,0,1,4,1,14,5,1,2,00,2,1,2,201100010421B02,7,1,1
201100010434,2011-02-12,2011,février,samedi,13:15,21,21441,0,0,1,1,6,1,1,3,2,02,2,1,000,000,1,0,1,3,1,56,5,1,8,00,0,0,0,201100010434B01,7,15,1
201100010479,2011-11-02,2011,novembre,mercredi,12:00,21,21449,47.3939,4.34853,1,1,5,1,1,3,2,02,4,1,036,074,1,5,1,2,1,13,5,1,1,00,2,8,13,201100010479A01,7/ 10,21,2
201100010485,2011-04-21,2011,avril,jeudi,15:30,58,58250,0,0,2,1,3,1,1,4,2,00,2,1,000,031,1,0,1,3,1,16,5,1,2,00,2,8,15,201100010485B02,7,1,1
201100010489,2011-09-23,2011,septembre,vendredi,18:15,58,58046,0,0,2,9,1,1,7,3,2,02,1,1,000,099,1,5,1,3,2,14,3,1,4,00,0,5,15,201100010489B02,33,17,1
201100010496,2011-04-29,2011,avril,vendredi,12:30,58,58134,46.931,3.264,2,2,3,1,1,4,2,00,-1,-1,000,000,1,0,1,3,1,16,5,1,1,00,2,1,1,201100010496A01,10,1,1
201100010497,2011-07-08,2011,juillet,vendredi,84:5,58,58269,0,0,1,3,5,1,1,3,2,02,2,1,000,000,1,0,1,3,2,21,1,1,1,00,2,8,19,201100010497C03,7,17/1,2
201100010516,2011-07-21,2011,juillet,jeudi,11:45,58,58262,47.069,3.793,1,1,1,1,1,4,2,02,2,3,000,034,1,0,1,3,1,28,5,1,2,00,2,1,1,201100010516A01,21,1,1
201100010544,2011-05-28,2011,mai,samedi,17:15,58,58193,0,0,1,1,6,1,1,3,2,02,1,1,000,000,1,0,1,3,2,36,5,1,2,00,2,8,2,201100010544A01,,,
201100010588,2011-10-10,2011,octobre,lundi,14:00,71,71134,0,0,2,1,1,1,1,4,2,01,2,2,000,030,1,0,1,2,1,49,5,1,2,00,2,8,21,201100010588A01,10,1,1
201100010593,2011-02-10,2011,février,jeudi,15:30,71,71156,0,0,2,1,2,1,1,4,2,02,-1,1,000,062,1,0,1,4,1,6,5,1,4,00,2,1,15,201100010593A01,10,1,1
201100010648,2011-01-15,2011,janvier,samedi,17:00,71,71512,0,0,1,1,2,1,7,3,2,00,-1,1,000,000,1,0,1,4,1,54,5,1,2,00,2,7,2,201100010648B02,7,2,1
201100010651,2011-03-12,2011,mars,samedi,16:00,71,71328,0,0,2,2,3,1,1,3,2,02,1,1,000,060,1,6,1,3,1,69,5,1,2,00,2,2,17,201100010651B02,3,10,1
201100010672,2011-11-19,2011,novembre,samedi,12:15,71,71176,46.488,3.977,2,1,3,1,1,3,2,04,1,1,000,159,1,0,1,3,1,37,5,1,2,00,2,4,9,201100010672B02,10,1,1
201100010673,2011-12-23,2011,décembre,vendredi,16:45,71,71176,46.493,3.998,2,1,3,1,1,4,2,02,1,1,000,070,1,0,1,3,1,66,5,1,2,00,2,7,16,201100010673A01,7,1,1
201100010687,2011-04-06,2011,avril,mercredi,18:15,71,71342,0,0,2,2,6,1,1,4,4,03,1,1,010,200,1,0,1,4,1,17,5,1,8,00,2,5,1,201100010687A01,7,0,1
201100010691,2011-11-03,2011,novembre,jeudi,18:15,71,71342,0,0,2,6,3,5,1,3,1,01,1,2,000,077,1,5,1,3,2,56,0,1,9,00,2,1,1,201100010691B02,7,16,1
201100010692,2011-04-07,2011,avril,jeudi,15:30,71,71282,0,0,1,1,2,1,1,3,2,02,4,1,000,059,1,0,1,3,1,71,5,1,2,00,0,4,2,201100010692B02,7,2,1
201100010776,2011-08-23,2011,août,mardi,81:5,89,89479,0,0,2,1,5,1,1,3,2,02,1,1,000,042,1,0,1,3,1,49,5,1,2,00,2,6,1,201100010776C03,7,17,1
201100010776,2011-08-23,2011,août,mardi,81:5,89,89479,0,0,2,1,5,1,1,3,2,02,1,1,000,042,1,0,1,4,1,75,5,1,2,00,2,6,1,201100010776B02,7,17,1
201100010789,2011-08-17,2011,août,mercredi,17:15,89,89439,0,0,2,1,1,1,2,3,2,02,2,3,000,062,2,0,3,3,1,54,5,1,2,00,2,3,1,201100010789B02,7,17,1
201100010852,2011-03-03,2011,mars,jeudi,15:,89,89037,47.981,3.349,1,1,6,3,1,3,2,03,1,1,000,108,1,0,1,4,1,24,1,1,4,00,0,4,0,201100010852A01,,,
201100010853,2011-03-18,2011,mars,vendredi,18:45,89,89206,0,0,2,3,3,1,1,9,2,02,1,1,000,060,1,5,4,3,1,36,5,1,9,00,2,8,1,201100010853B02,7,15,1
201100010903,2011-06-02,2011,juin,jeudi,10:00,89,89414,0,0,1,1,2,1,1,9,1,01,4,1,000,045,1,0,0,4,1,25,5,1,2,00,2,9,0,201100010903A01,1,0,1
201100010903,2011-06-02,2011,juin,jeudi,10:00,89,89414,0,0,1,1,2,1,1,9,1,01,4,1,000,045,1,0,0,4,1,25,5,1,2,00,2,1,0,201100010903B02,1,0,1
201100010919,2011-03-27,2011,mars,dimanche,11:15,89,89142,0,0,1,1,2,1,1,3,2,02,1,1,000,056,1,0,1,4,1,46,0,1,9,00,2,1,1,201100010919B02,7,4,1
201100010939,2011-07-25,2011,juillet,lundi,11:15,25,25328,47.18,5.973,1,1,2,1,1,3,2,02,1,2,000,070,1,0,1,3,1,73,5,1,2,00,2,0,2,201100010939B02,14,0,1
201100010945,2011-10-02,2011,octobre,dimanche,11:00,25,25532,47.227,6.119,2,1,2,1,1,3,2,02,-1,1,000,057,1,0,1,3,1,68,5,1,2,00,2,4,1,201100010945B02,7,17,1
201100010960,2011-07-02,2011,juillet,samedi,15:00,25,25527,47.186,5.815,2,1,7,1,1,4,2,02,2,2,000,000,1,0,4,2,1,49,5,1,2,12,0,8,13,201100010960A01,,,
201100010992,2011-08-08,2011,août,lundi,14:00,25,25519,47.327,6.817,1,1,7,1,8,3,2,02,-1,3,000,060,1,0,1,3,2,65,5,1,2,00,0,7,17,201100010992A01,,,
201100011005,2011-06-15,2011,juin,mercredi,15:30,25,25156,47.399,6.502,2,2,3,1,1,3,2,02,1,1,000,000,1,5,1,2,1,9,5,1,2,00,2,1,13,201100011005B02,15,1,1
201100011018,2011-04-03,2011,avril,dimanche,21:5,25,25432,0,0,2,1,3,5,1,4,2,02,2,1,000,087,1,0,1,3,1,14,0,1,2,00,2,1,0,201100011018A01,2,0,1
201100011055,2011-09-20,2011,septembre,mardi,17:30,25,25320,0,0,2,2,3,1,1,3,2,02,1,1,,,1,5,1,4,1,42,5,1,2,00,2,1,1,201100011055B02,7,1,1
201100011057,2011-10-06,2011,octobre,jeudi,15:00,25,25320,0,0,1,1,6,1,1,3,2,02,1,1,000,074,1,0,1,3,1,57,5,1,2,07,0,1,1,201100011057A01,,,
201100011087,2011-06-05,2011,juin,dimanche,12:00,39,39519,0,0,1,1,1,1,1,3,-1,02,1,1,000,070,1,0,1,2,1,49,5,1,2,00,2,1,1,201100011087B02,7,1,1
201100011100,2011-03-30,2011,mars,mercredi,14:30,39,39475,0,0,1,1,2,1,1,3,2,02,2,1,000,070,1,0,1,3,1,60,5,1,2,00,0,4,1,201100011100B02,7,1,1
201100011121,2011-06-14,2011,juin,mardi,11:00,39,39013,46.907,5.781,2,1,6,1,1,4,1,01,2,1,043,000,1,0,1,1,1,50,4,1,2,00,1,1,1,201100011121A01,,,
201100011168,2011-08-01,2011,août,lundi,10:15,39,39368,0,0,2,1,6,1,1,4,1,01,1,1,000,000,1,0,1,1,1,26,5,1,2,00,1,1,1,201100011168A01,,,
201100011188,2011-04-09,2011,avril,samedi,17:30,70,70373,0,0,2,7,2,1,1,9,2,00,2,2,000,150,1,0,1,3,2,3,5,1,9,00,0,4,13,201100011188B02,10,13,1
201100011265,2011-07-23,2011,juillet,samedi,10:30,70,70279,0,0,2,7,3,1,1,9,1,00,1,2,064,064,1,0,1,3,1,61,5,1,9,00,2,1,1,201100011265B02,7,2,1
201100011295,2011-11-07,2011,novembre,lundi,16:45,90,90095,47.556,7.076,2,1,2,2,2,3,2,02,1,1,000,050,1,0,1,3,1,65,5,1,2,00,0,4,2,201100011295B02,10,17,1
201100011371,2011-09-03,2011,septembre,samedi,13:00,13,13060,0,0,1,1,5,1,1,3,2,02,4,3,000,051,1,0,0,3,1,52,5,1,1,00,2,4,2,201100011371B02,7,2,1
201100011371,2011-09-03,2011,septembre,samedi,13:00,13,13060,0,0,1,1,5,1,1,3,2,02,4,3,000,051,1,0,0,2,2,42,5,1,1,00,2,4,2,201100011371C03,7,2,1
201100011404,2011-08-18,2011,août,jeudi,74:5,13,13015,0,0,1,1,2,1,1,3,2,01,-1,1,000,049,1,0,1,4,1,57,5,1,2,00,2,8,1,201100011404B02,10,2,1
201100011410,2011-03-19,2011,mars,samedi,10:15,13,13079,0,0,1,1,3,1,1,3,-1,02,1,1,063,000,1,0,1,3,1,79,5,1,2,00,2,8,15,201100011410A01,7,1,1