Num_Acc,date,an,mois,jour,hrmn,dep,com,lat,long,agg,int,col,lum,atm,catr,circ,nbv,prof,plan,lartpc,larrout,surf,infra,situ,grav,sexe,age,trajet,secuexist,equipement,obs,obsm,choc,manv,vehiculeid,typevehicules,manoeuvehicules,numVehicules
201100011454,2011-07-02,2011,juillet,samedi,11:30,13,13097,0,0,1,1,1,1,1,4,2,02,1,1,000,000,1,0,5,3,2,62,5,1,2,00,2,8,1,201100011454B02,7,1,1
201100011456,2011-09-01,2011,septembre,jeudi,10:00,13,13097,0,0,1,1,2,1,1,3,2,02,1,1,000,060,1,0,5,3,2,63,0,1,1,01,0,1,0,201100011456B02,7,0,1
201100011499,2011-06-09,2011,juin,jeudi,11:30,13,13085,0,0,1,1,3,1,1,3,2,02,3,3,000,070,1,0,1,3,1,43,5,1,1,00,2,8,1,201100011499B02,33,1,1
201100011529,2011-07-22,2011,juillet,vendredi,19:30,13,13035,0,0,1,1,6,1,1,3,2,02,2,1,000,064,1,0,1,2,1,46,5,1,1,00,0,0,1,201100011529A01,,,
201100011561,2011-07-29,2011,juillet,vendredi,20:30,13,13084,0,0,2,1,3,1,1,4,2,02,1,1,000,061,1,0,1,3,1,42,5,1,1,00,2,1,9,201100011561A01,7,1,1
201100011576,2011-05-30,2011,mai,lundi,83:0,04,04035,0,0,1,1,1,1,1,3,2,02,1,1,000,051,1,0,1,3,1,81,5,1,2,00,2,1,1,201100011576B02,7,1,1
201100011607,2011-08-12,2011,août,vendredi,11:00,04,04226,0,0,1,1,3,1,1,3,2,02,2,3,000,064,1,0,1,3,1,29,5,1,2,00,2,8,21,201100011607A01,33,21,1
201100011611,2011-08-25,2011,août,jeudi,16:15,04,04096,0,0,1,1,1,1,1,4,2,02,2,2,000,053,1,0,1,3,1,24,5,1,2,00,2,1,13,201100011611A01,7,1,1
201100011621,2011-07-28,2011,juillet,jeudi,11:30,04,04039,43.837,6.483,1,1,3,1,1,3,2,02,1,2,000,061,1,0,1,3,1,65,5,1,1,00,2,3,1,201100011621B02,33,17,1
201100011646,2011-04-09,2011,avril,samedi,13:00,04,04088,0,0,2,1,3,1,1,4,2,02,2,3,000,000,1,5,1,3,1,15,5,1,2,00,2,1,2,201100011646B02,7,20,1
201100011706,2011-08-13,2011,août,samedi,83:0,05,05133,44.92766,6.59929,1,1,2,1,1,3,2,02,2,1,000,070,1,0,1,3,1,53,5,1,2,00,0,4,1,201100011706B02,10,2,1
201100011726,2011-03-19,2011,mars,samedi,11:00,06,06014,43.841,7.295,2,1,7,1,1,4,2,01,2,1,000,040,1,0,1,3,1,63,5,1,2,14,0,0,1,201100011726A01,,,
201100011729,2011-08-22,2011,août,lundi,81:5,06,06043,43.871,7.294,2,1,1,1,1,3,2,00,2,4,000,056,1,0,1,3,1,12,5,1,1,00,2,1,13,201100011729A01,7,13,1
201100011799,2011-11-01,2011,novembre,mardi,83:0,06,06044,0,0,2,1,3,1,1,3,2,02,2,1,000,060,1,0,1,3,1,68,5,1,2,00,2,1,1,201100011799A01,7,15,1
201100011805,2011-03-20,2011,mars,dimanche,10:15,06,06079,43.529,6.943,2,1,1,1,1,3,2,02,2,1,000,000,1,0,1,3,1,48,5,1,2,00,2,3,1,201100011805B02,7,15,1
201100011825,2011-01-21,2011,janvier,vendredi,17:00,06,06157,0,0,1,1,1,1,1,3,2,02,-1,2,000,000,1,0,0,3,1,42,5,1,2,00,2,1,13,201100011825A01,7,13,1
201100011832,2011-07-24,2011,juillet,dimanche,17:00,06,06157,0,0,2,9,1,1,1,3,2,00,2,3,000,000,1,0,1,3,1,36,5,1,8,00,2,1,1,201100011832A01,7,1,1
201100011878,2011-06-25,2011,juin,samedi,15:45,06,06056,0,0,1,1,2,1,1,3,-1,02,-1,2,000,080,1,0,1,4,1,44,5,1,2,00,2,4,0,201100011878B02,33,21,1
201100011880,2011-08-04,2011,août,jeudi,13:00,06,06071,0,0,1,1,7,1,1,3,2,02,2,4,000,063,1,0,1,2,2,65,5,1,2,10,0,8,1,201100011880A01,,,
201100011918,2011-03-31,2011,mars,jeudi,21:45,83,83055,0,0,1,1,6,3,1,3,2,02,2,1,000,069,1,0,1,3,1,22,0,1,2,00,2,4,1,201100011918B02,,,
201100011966,2011-06-22,2011,juin,mercredi,13:45,83,83023,0,0,1,1,1,1,1,3,1,02,-1,1,030,090,1,0,1,3,1,75,5,1,1,00,0,0,1,201100011966B02,14,17,1
201100011983,2011-04-06,2011,avril,mercredi,17:15,83,83032,0,0,2,1,5,1,1,3,2,00,1,1,000,060,1,0,1,1,1,18,5,1,2,00,0,0,1,201100011983A01,7,13/1,2
201100011986,2011-06-11,2011,juin,samedi,10:00,83,83032,0,0,1,1,2,1,1,3,2,02,1,1,000,045,1,0,1,3,1,63,5,1,1,00,0,4,1,201100011986B02,7,17,1
201100011990,2011-10-26,2011,octobre,mercredi,12:15,83,83012,0,0,1,1,2,1,7,3,2,02,2,2,000,085,1,0,1,3,1,68,5,1,1,00,0,4,2,201100011990B02,7,2,1
201100011995,2011-05-21,2011,mai,samedi,15:00,83,83150,0,0,2,1,1,1,7,3,2,02,2,1,000,058,1,2,1,3,1,12,5,1,1,00,2,8,19,201100011995B02,7,1,1
201100012001,2011-11-19,2011,novembre,samedi,10:00,83,83146,0,0,2,1,2,1,1,3,2,02,4,1,000,058,1,2,1,4,1,52,5,1,9,00,2,1,1,201100012001B02,10,1,1
201100012016,2011-09-05,2011,septembre,lundi,20:30,83,83108,0,0,1,1,5,3,1,3,2,02,1,1,000,060,1,0,1,4,1,61,5,1,2,00,2,1,0,201100012016C03,7,15,1
201100012016,2011-09-05,2011,septembre,lundi,20:30,83,83108,0,0,1,1,5,3,1,3,2,02,1,1,000,060,1,0,1,4,2,56,5,1,2,00,2,8,1,201100012016B02,7,15,1
201100012103,2011-08-18,2011,août,jeudi,13:00,83,83115,0,0,2,6,3,1,1,3,-1,00,1,2,000,000,1,0,1,3,1,54,5,1,2,00,2,2,16,201100012103B02,7,18,1
201100012120,2011-08-16,2011,août,mardi,21:45,83,83119,0,0,2,9,1,5,1,4,1,00,-1,-1,000,100,1,0,1,3,1,53,5,1,8,00,2,7,19,201100012120B02,32,1,1
201100012128,2011-04-14,2011,avril,jeudi,15:45,83,83035,0,0,1,1,2,1,1,3,2,00,2,1,000,062,1,0,1,2,1,73,5,1,2,00,2,4,2,201100012128B02,7,2,1
201100012136,2011-11-16,2011,novembre,mercredi,94:5,83,83016,0,0,1,1,3,1,1,3,3,00,2,2,000,000,1,0,1,3,1,55,5,1,2,00,2,8,1,201100012136B02,14,1,1
201100012181,2011-04-29,2011,avril,vendredi,11:15,84,84054,43.936,5.065,2,6,3,1,1,3,1,02,1,2,000,080,1,0,1,4,1,26,5,1,1,00,2,1,1,201100012181B02,10,16,1
201100012189,2011-12-06,2011,décembre,mardi,18:45,84,84054,43.937,5.066,2,1,1,5,1,3,1,01,1,1,010,043,1,0,1,4,1,56,3,1,2,00,2,8,13,201100012189A01,7,1,1
201100012193,2011-05-28,2011,mai,samedi,11:30,84,84092,0,0,2,1,3,1,1,4,2,02,1,1,000,000,1,0,1,3,1,12,5,1,2,00,2,1,15,201100012193B02,7,1,1
201100012207,2011-04-07,2011,avril,jeudi,22:45,84,84129,44.025,4.885,2,1,2,3,1,3,2,02,1,1,000,000,1,0,1,2,1,18,5,1,1,00,0,4,2,201100012207B02,7,2,1
201100012230,2011-06-05,2011,juin,dimanche,22:00,84,84020,43.866,5.278,1,1,1,3,1,3,-1,00,1,1,000,000,1,0,1,2,1,47,5,1,2,00,0,4,1,201100012230B02,7,2,1
201100012235,2011-08-14,2011,août,dimanche,11:00,84,84151,0,0,1,1,1,1,1,3,2,00,4,2,000,055,1,0,1,3,1,31,5,1,2,00,2,1,1,201100012235B02,7,17,1
201100012268,2011-07-11,2011,juillet,lundi,19:30,84,84077,0,0,1,1,6,1,1,4,2,00,2,3,000,038,1,0,3,2,1,61,9,1,1,10,0,1,1,201100012268A01,,,
201100012271,2011-08-13,2011,août,samedi,11:45,84,84017,0,0,1,1,7,1,1,3,2,00,2,3,050,000,1,0,1,3,1,45,5,1,2,00,0,0,1,201100012271A01,,,
201100012277,2011-01-15,2011,janvier,samedi,13:45,84,84142,0,0,1,1,5,1,1,3,2,00,1,1,120,000,1,0,5,4,1,68,5,1,2,00,0,0,0,201100012277C03,3,16,1
201100012277,2011-01-15,2011,janvier,samedi,13:45,84,84142,0,0,1,1,5,1,1,3,2,00,1,1,120,000,1,0,5,3,1,68,5,1,2,00,0,0,0,201100012277B02,3,16,1
201100012298,2011-04-03,2011,avril,dimanche,11:30,84,84130,0,0,1,1,1,1,1,3,2,00,2,4,000,055,1,0,1,4,1,62,5,1,2,00,2,3,1,201100012298B02,31,1,1
201100012320,2011-06-16,2011,juin,jeudi,90:0,84,84137,0,0,1,1,2,1,1,3,2,00,-1,1,032,095,1,5,1,3,1,66,3,1,1,00,0,4,11,201100012320B02,7,2,1
201100012353,2011-09-02,2011,septembre,vendredi,12:15,34,34057,43.6307,3.90932,2,1,1,1,1,4,2,01,1,1,000,000,1,0,1,3,1,26,5,1,2,00,2,1,13,201100012353A01,10,1,1
201100012364,2011-11-16,2011,novembre,mercredi,15:15,34,34058,0,0,1,1,1,1,1,3,2,00,1,2,000,047,1,0,1,3,1,45,5,1,2,00,2,3,1,201100012364B02,7,1,1
201100012380,2011-08-02,2011,août,mardi,15:15,34,34344,43.57054,4.10304,2,9,3,1,1,6,-1,00,-1,-1,000,000,1,0,0,3,2,11,5,1,2,00,2,8,15,201100012380B02,7,1,1
201100012382,2011-09-25,2011,septembre,dimanche,18:00,34,34344,0,0,2,1,1,1,1,4,3,00,1,1,120,020,1,0,1,4,2,40,5,1,1,00,2,8,0,201100012382B02,10,1,1
201100012383,2011-10-02,2011,octobre,dimanche,13:15,34,34344,43.937,4.142,2,1,1,1,1,4,2,02,1,1,000,080,1,0,1,3,1,11,5,1,1,00,2,8,19,201100012383B02,7,1,1
201100012388,2011-03-12,2011,mars,samedi,11:30,34,34145,43.67747,4.12185,2,1,3,1,1,4,1,01,1,1,000,041,1,5,3,4,1,37,5,1,2,00,2,1,5,201100012388A01,7,9,1
201100012436,2011-05-11,2011,mai,mercredi,11:15,34,34052,43.32968,3.04186,2,1,6,1,1,3,-1,00,-1,1,057,000,1,0,1,2,1,64,5,1,2,00,1,1,1,201100012436A01,,,
201100012479,2011-09-06,2011,septembre,mardi,10:45,34,34063,43.50853,3.3663,2,3,1,1,1,3,2,02,1,1,000,060,1,0,1,3,1,66,5,1,2,00,2,3,1,201100012479B02,10,15,1
201100012510,2011-05-13,2011,mai,vendredi,84:5,34,34299,43.27329,3.28468,1,1,2,1,1,3,3,00,-1,1,010,040,1,0,1,3,1,79,3,1,2,00,2,6,2,201100012510B02,7,2,1
201100012530,2011-04-01,2011,avril,vendredi,14:30,34,34175,43.60846,3.32264,1,1,5,1,1,3,2,02,1,3,071,000,1,0,1,3,1,65,5,1,2,00,2,3,1,201100012530B02,33,13,1
201100012530,2011-04-01,2011,avril,vendredi,14:30,34,34175,43.60846,3.32264,1,1,5,1,1,3,2,02,1,3,071,000,1,0,1,3,1,70,5,1,2,00,2,3,1,201100012530C03,33,13,1
201100012530,2011-04-01,2011,avril,vendredi,14:30,34,34175,43.60846,3.32264,1,1,5,1,1,3,2,02,1,3,071,000,1,0,1,3,1,57,0,1,2,00,2,3,1,201100012530D04,33,13,1
201100012569,2011-10-17,2011,octobre,lundi,11:00,34,34003,43.326,3.539,2,1,1,1,1,3,2,02,-1,2,070,000,1,2,5,3,2,44,0,1,2,00,2,1,1,201100012569B02,1,1,1
201100012569,2011-10-17,2011,octobre,lundi,11:00,34,34003,43.326,3.539,2,1,1,1,1,3,2,02,-1,2,070,000,1,2,5,1,1,48,5,1,2,00,2,1,1,201100012569A01,1,1,1
201100012573,2011-07-06,2011,juillet,mercredi,17:30,34,34023,43.45797,3.69794,1,1,1,1,1,3,2,03,4,3,000,087,1,0,1,3,1,45,5,1,1,00,2,4,1,201100012573B02,7,1,1
201100012575,2011-01-13,2011,janvier,jeudi,17:15,34,34039,0,0,2,1,3,1,1,4,2,02,-1,-1,000,000,1,0,1,4,1,58,4,1,2,00,2,0,1,201100012575A01,14,21,1
201100012712,2011-08-01,2011,août,lundi,11:30,30,30133,43.55179,4.11632,1,1,3,1,1,3,2,02,1,1,000,072,1,0,1,3,1,40,5,1,1,00,2,8,19,201100012712A01,7,1,1
201100012725,2011-04-19,2011,avril,mardi,18:30,30,30023,43.79331,4.11876,2,1,1,1,1,3,2,02,1,1,057,057,1,0,1,3,2,14,0,1,1,00,0,8,0,201100012725B02,7,0,1
201100012733,2011-08-12,2011,août,vendredi,19:45,30,30138,43.80996,4.24504,1,6,2,1,1,3,4,00,2,2,000,080,1,5,1,3,1,16,5,1,1,00,0,6,15,201100012733B02,7,16,1
201100012769,2011-05-22,2011,mai,dimanche,16:45,30,30344,0,0,2,1,3,1,1,4,1,00,2,1,000,046,1,0,1,3,1,52,5,1,2,00,2,7,1,201100012769B02,7,19,1
201100012814,2011-12-15,2011,décembre,jeudi,15:30,30,30307,44.1991,4.00947,2,1,7,1,1,3,2,00,2,1,000,040,1,0,1,3,1,65,5,1,2,00,0,1,1,201100012814A01,,,
201100012848,2011-06-25,2011,juin,samedi,14:30,30,30345,44.27876,3.99794,1,1,1,1,1,3,2,02,1,1,000,070,1,0,1,3,1,14,5,1,2,00,2,1,19,201100012848B02,7,1,1
201100012931,2011-09-12,2011,septembre,lundi,13:00,30,30012,43.89733,4.68926,2,3,1,1,1,4,2,02,2,1,000,050,1,0,1,3,1,12,2,1,1,00,2,1,5,201100012931B02,7,1,1
201100012965,2011-06-03,2011,juin,vendredi,12:15,30,30026,43.96875,3.60184,1,1,3,1,1,3,2,02,2,-1,000,067,1,0,1,3,1,63,5,1,1,00,2,0,1,201100012965B02,7,17,1
201100013027,2011-02-05,2011,février,samedi,15:00,48,48034,0,0,2,1,3,1,1,3,2,02,1,1,000,070,1,0,1,3,1,32,5,1,2,00,2,1,1,201100013027B02,7,15,1
201100013079,2011-05-02,2011,mai,lundi,93:0,66,66017,0,0,1,1,1,1,1,3,3,05,1,1,020,200,1,3,1,3,1,79,5,1,2,00,0,4,1,201100013079B02,7,3,1
201100013094,2011-11-02,2011,novembre,mercredi,10:00,66,66044,0,0,1,1,5,1,1,3,2,02,1,3,000,060,1,0,1,3,1,61,5,1,2,00,0,4,2,201100013094B02,7,17,1
201100013094,2011-11-02,2011,novembre,mercredi,10:00,66,66044,0,0,1,1,5,1,1,3,2,02,1,3,000,060,1,0,1,3,1,61,5,1,2,00,0,4,2,201100013094C03,7,17,1
201100013094,2011-11-02,2011,novembre,mercredi,10:00,66,66044,0,0,1,1,5,1,1,3,2,02,1,3,000,060,1,0,1,3,1,72,5,1,2,00,0,4,2,201100013094D04,7,17,1
201100013094,2011-11-02,2011,novembre,mercredi,10:00,66,66044,0,0,1,1,5,1,1,3,2,02,1,3,000,060,1,0,1,3,1,63,5,1,2,00,0,4,2,201100013094E05,7,17,1
201100013150,2011-09-13,2011,septembre,mardi,16:00,2A,2A098,0,0,1,1,3,1,1,3,2,02,1,1,000,068,1,0,1,3,1,35,1,1,9,00,2,3,15,201100013150A01,30,1,1
201100013184,2011-08-16,2011,août,mardi,12:00,2A,2A247,0,0,1,1,1,1,1,3,2,02,2,1,000,058,1,0,1,3,1,60,5,1,2,00,2,1,1,201100013184B02,7,5,1
201100013221,2011-08-19,2011,août,vendredi,11:45,2B,2B148,0,0,1,1,1,1,1,3,2,00,1,1,000,064,1,0,1,3,1,60,5,1,2,01,0,2,1,201100013221B02,38,23,1
201100013246,2011-08-08,2011,août,lundi,10:45,2B,2B298,0,0,2,1,2,1,1,3,3,02,1,1,000,035,1,0,1,4,2,43,5,1,2,00,2,8,1,201100013246B02,7,17,1
201100013263,2011-04-08,2011,avril,vendredi,13:45,2B,2B168,0,0,2,9,3,1,1,2,2,02,2,3,000,064,1,0,1,2,1,52,5,1,2,00,2,1,15,201100013263A01,10,1,1
201100013316,2011-04-06,2011,avril,mercredi,16:00,2B,2B307,0,0,1,1,1,1,1,2,2,00,1,1,000,098,1,0,1,3,2,16,1,1,2,00,2,7,19,201100013316B02,10,1,1
201100013333,2011-07-22,2011,juillet,vendredi,17:50,05,05023,44.89477,6.63317,2,1,2,1,1,3,2,03,1,1,000,090,1,0,1,3,1,69,5,1,2,00,,3,1,201100013333B01,7,2,1
201100013334,2011-08-06,2011,août,samedi,16:20,05,05023,44.90067,6.64411,2,7,6,1,8,4,2,02,4,1,000,033,1,0,,1,1,13,5,1,9,00,1,1,2,201100013334A01,,,
201100013338,2011-08-26,2011,août,vendredi,13:00,05,05023,44.90562,6.6294,2,3,1,1,1,2,2,02,2,1,000,110,1,0,1,3,1,44,5,1,2,00,,1,1,201100013338B01,7,15,1
201100013348,2011-06-20,2011,juin,lundi,93:5,05,05061,44.57453,6.08263,2,1,1,1,1,4,2,02,2,3,000,000,1,0,1,3,2,49,3,1,2,00,,1,5,201100013348A01,7,1,1
201100013349,2011-06-30,2011,juin,jeudi,14:35,05,05061,44.54554,6.06291,2,6,3,1,1,2,1,01,1,2,000,080,1,5,,3,2,35,1,1,2,00,,1,19,201100013349B02,7,16,1
201100013353,2011-07-14,2011,juillet,jeudi,93:5,05,05061,44.5627,6.08388,2,1,3,1,1,2,2,03,1,1,000,102,1,0,1,3,1,68,3,1,4,00,2,4,19,201100013353A01,33,1,1
201100013355,2011-08-03,2011,août,mercredi,16:20,05,05061,44.55479,6.07878,2,3,3,1,1,3,2,02,1,1,000,062,1,0,1,4,1,20,5,1,2,00,2,1,1,201100013355A01,7,1,1
201100013378,2011-04-17,2011,avril,dimanche,20:00,78,78089,49.0374,1.58044,2,1,3,1,1,3,2,02,1,1,000,000,1,0,1,3,1,19,1,1,4,00,2,8,13,201100013378B02,7,17,1
201100013398,2011-09-14,2011,septembre,mercredi,74:5,78,78048,0,0,1,1,2,2,7,3,2,00,-1,1,000,000,1,0,1,3,1,50,1,1,4,00,2,4,1,201100013398B02,7,1,1
201100013413,2011-01-08,2011,janvier,samedi,10:30,78,78108,48.7312,1.83496,1,4,6,1,6,3,2,00,-1,-1,000,000,-1,5,0,3,1,43,9,1,4,00,2,8,15,201100013413A01,7,17,1
201100013441,2011-08-04,2011,août,jeudi,11:15,78,78443,48.815,1.865,1,1,1,1,1,3,2,02,-1,-1,000,000,1,0,1,3,1,47,5,1,2,00,2,7,21,201100013441A01,7,1,1
201100013485,2011-03-12,2011,mars,samedi,16:30,91,91095,0,0,2,1,3,1,1,3,2,02,1,1,000,060,2,0,1,4,1,15,0,1,2,00,2,1,15,201100013485B02,7,13,1
201100013545,2011-04-04,2011,avril,lundi,16:30,91,91272,0,0,2,1,1,1,1,2,2,02,1,1,070,000,1,0,1,3,2,15,5,1,2,00,2,1,1,201100013545B02,7,1,1
201100013546,2011-04-27,2011,avril,mercredi,81:5,91,91272,0,0,2,1,1,1,1,4,2,02,1,1,000,075,1,0,1,4,1,23,1,1,2,00,2,1,1,201100013546B02,7,15,1
201100013550,2011-07-05,2011,juillet,mardi,12:00,91,91679,0,0,1,1,1,1,1,3,2,02,1,1,000,000,1,0,1,3,1,59,5,1,2,00,2,1,1,201100013550B02,1,1,1
201100013550,2011-07-05,2011,juillet,mardi,12:00,91,91679,0,0,1,1,1,1,1,3,2,02,1,1,000,000,1,0,1,3,1,60,5,1,2,00,2,1,1,201100013550A01,1,1,1
201100013577,2011-12-26,2011,décembre,lundi,13:15,95,95023,49.1774,2.0926,1,1,3,1,1,3,2,02,2,2,000,070,1,0,1,4,1,20,5,1,2,00,2,1,1,201100013577B02,7,15,1
201100013581,2011-06-08,2011,juin,mercredi,16:10,95,95628,49.0934,2.1952,2,3,1,1,8,3,2,02,1,1,,,1,0,1,3,1,41,5,1,2,00,2,1,17,201100013581A01,7,16,1
201100013583,2011-09-26,2011,septembre,lundi,17:30,95,95211,49.0709,2.1035,2,1,1,1,1,4,2,01,2,1,000,070,1,0,1,3,1,14,5,1,2,,2,1,15,201100013583B02,7,1,1
201100013599,2011-05-11,2011,mai,mercredi,18:00,95,95489,49.0185,2.3496,2,1,3,1,1,4,2,02,2,1,000,073,1,0,1,3,1,49,3,1,4,00,2,5,19,201100013599B02,7,2,1
201100013619,2011-04-15,2011,avril,vendredi,23:45,77,77100,0,0,2,2,3,5,1,3,2,02,1,1,,,1,5,1,3,1,63,5,1,4,00,2,2,1,201100013619A02,7,15,1
201100013622,2011-01-13,2011,janvier,jeudi,22:15,77,77107,0,0,1,4,3,3,1,3,2,02,3,3,000,000,1,0,1,2,1,21,5,1,4,00,2,1,1,201100013622B02,7,15,1
201100013629,2011-08-28,2011,août,dimanche,16:15,77,77086,0,0,2,1,3,1,1,3,2,02,1,1,000,057,1,5,1,3,1,14,5,1,9,00,2,1,1,201100013629B02,7,1,1
201100013634,2011-02-02,2011,février,mercredi,74:5,77,77104,0,0,1,1,1,2,9,3,2,02,1,1,000,000,7,0,1,4,1,53,1,1,2,00,0,6,2,201100013634B02,7,2,1
201100013688,2011-12-31,2011,décembre,samedi,17:30,77,77063,48.8,2.963,1,1,2,2,2,3,2,02,1,1,000,062,2,0,1,2,1,20,5,1,9,00,2,4,2,201100013688B02,7,2,1
201100013688,2011-12-31,2011,décembre,samedi,17:30,77,77063,48.8,2.963,1,1,2,2,2,3,2,02,1,1,000,062,2,0,1,2,2,16,0,1,9,00,2,4,2,201100013688B02,7,2,1
201100013706,2011-06-12,2011,juin,dimanche,14:5,77,77230,0,0,1,1,2,3,1,3,2,02,1,1,000,060,1,0,1,2,1,39,5,1,4,00,2,6,2,201100013706B02,7,2,1
201100013710,2011-09-11,2011,septembre,dimanche,18:30,77,77297,0,0,1,2,3,1,1,3,2,02,1,1,000,070,1,0,1,2,1,80,5,1,9,00,2,7,19,201100013710B02,7,1,1
201100013772,2011-03-10,2011,mars,jeudi,22:15,77,77383,0,0,1,1,1,3,1,3,2,02,2,1,000,000,1,0,0,2,1,24,1,1,4,00,2,4,1,201100013772A01,7,1,1
201100013818,2011-09-15,2011,septembre,jeudi,81:5,45,45173,47.86461,2.12598,2,3,3,1,1,4,2,02,1,1,000,070,1,0,1,3,2,55,1,1,9,00,2,1,1,201100013818A01,7,15,1
201100013845,2011-04-19,2011,avril,mardi,18:00,45,45025,48.14398,2.07906,2,3,3,1,1,4,2,02,1,1,000,060,1,0,1,2,1,13,5,1,2,00,2,1,15,201100013845A01,10,1,1
201100013856,2011-04-23,2011,avril,samedi,14:00,45,45227,47.71381,2.58943,1,6,3,1,1,3,1,02,1,2,000,040,1,0,1,3,1,76,5,1,2,00,2,2,1,201100013856B02,7,1,1
201100013869,2011-07-02,2011,juillet,samedi,19:00,45,45040,47.57131,2.86358,1,1,3,1,1,4,2,02,1,1,000,030,1,0,1,3,1,9,5,1,2,00,2,1,9,201100013869A01,7,1,1
201100013877,2011-03-02,2011,mars,mercredi,10:45,45,45063,47.63669,2.44842,1,2,3,1,1,3,2,02,1,1,000,063,1,0,1,2,1,72,5,1,9,00,2,3,15,201100013877B02,10,17,1
201100013888,2011-10-24,2011,octobre,lundi,14:15,45,45315,47.74836,2.36606,2,9,3,1,1,4,2,02,1,1,000,069,1,0,1,3,2,58,5,1,4,00,2,1,1,201100013888B02,10,9,1
201100013892,2011-12-23,2011,décembre,vendredi,16:00,45,45297,0,0,2,1,3,1,1,3,2,02,1,1,000,060,1,0,1,4,1,51,5,1,2,00,2,3,1,201100013892B02,15,17,1
201100013915,2011-11-24,2011,novembre,jeudi,17:45,45,45257,47.87081,2.73791,1,1,2,3,1,3,2,03,4,1,000,090,1,0,1,3,2,55,5,1,4,00,0,6,1,201100013915B02,7,17,1
201100013919,2011-04-18,2011,avril,lundi,18:30,45,45104,48.03569,2.71498,2,2,3,1,1,4,1,01,1,1,000,040,1,0,1,3,2,11,5,1,2,00,2,1,0,201100013919B02,7,1,1
201100013951,2011-07-19,2011,juillet,mardi,11:00,18,18197,0,0,2,1,2,1,2,3,3,02,1,-1,000,070,2,0,1,3,1,63,5,1,1,00,2,0,2,201100013951B02,7,1,1
201100013953,2011-08-23,2011,août,mardi,19:00,18,18038,46.7693,2.43455,2,1,3,1,1,3,2,02,1,4,000,055,1,0,1,3,2,8,5,1,1,00,2,3,1,201100013953A01,7,1,1
201100013955,2011-11-23,2011,novembre,mercredi,14:45,18,18197,46.728,2.502,2,1,3,1,1,4,2,02,1,1,000,100,1,0,5,3,2,16,5,1,2,01,0,1,1,201100013955B02,7,24,1
201100013957,2011-12-15,2011,décembre,jeudi,17:45,18,18197,46.726,2.50729,2,1,2,5,3,3,2,02,1,1,000,000,2,0,1,3,1,65,5,1,4,01,0,4,2,201100013957B02,31,2,1
201100013992,2011-07-14,2011,juillet,jeudi,10:00,18,18165,47.3456,2.24491,1,1,5,1,1,3,2,02,1,1,000,065,1,0,1,4,1,67,5,1,2,00,0,2,1,201100013992C03,1,1,2
201100013992,2011-07-14,2011,juillet,jeudi,10:00,18,18165,47.3456,2.24491,1,1,5,1,1,3,2,02,1,1,000,065,1,0,1,4,1,67,5,1,2,00,0,2,1,201100013992B02,1,1,2
201100013992,2011-07-14,2011,juillet,jeudi,10:00,18,18165,47.3456,2.24491,1,1,5,1,1,3,2,02,1,1,000,065,1,0,1,3,1,53,5,1,2,00,0,2,1,201100013992A01,1,1,2
201100014020,2011-07-16,2011,juillet,samedi,15:15,18,18138,47.0809,2.32653,1,1,3,1,1,3,2,02,1,1,000,070,1,0,1,3,1,15,5,1,1,00,2,8,13,201100014020A01,7,1,1
201100014031,2011-06-03,2011,juin,vendredi,14:15,18,18035,47.1148,2.6161,1,2,3,1,1,2,2,02,1,1,000,088,1,0,1,3,1,17,5,1,1,00,2,1,19,201100014031A01,7,1,1
201100014086,2011-11-25,2011,novembre,vendredi,73:0,28,28194,48.44,1.632,1,1,1,2,5,3,2,02,-1,1,000,050,1,0,1,3,1,78,5,1,4,00,2,3,1,201100014086B02,7,1,1
201100014104,2011-11-19,2011,novembre,samedi,90:0,28,28422,0,0,2,1,2,1,1,3,2,02,-1,1,000,060,1,0,1,3,2,80,3,1,1,00,0,6,1,201100014104B02,7,1,1
201100014115,2011-06-05,2011,juin,dimanche,18:45,28,28051,48.19,1.38,1,1,1,1,1,2,2,03,3,1,000,126,1,0,1,3,1,56,5,1,1,00,2,8,19,201100014115B02,7,1,1
201100014139,2011-06-18,2011,juin,samedi,12:00,28,28178,48.748,1.493,1,1,7,1,6,3,2,02,1,1,042,000,1,0,1,2,1,54,5,1,2,00,0,7,1,201100014139A01,,,
201100014169,2011-02-12,2011,février,samedi,80:0,28,28280,48.321,0.796,1,1,1,2,8,3,2,02,1,1,000,070,1,0,1,3,1,67,5,1,4,00,2,1,1,201100014169B02,7,9,1
201100014185,2011-09-19,2011,septembre,lundi,16:30,28,28214,48.46898,1.00885,2,1,3,1,1,4,2,02,2,1,000,060,1,0,1,2,1,5,5,1,2,00,2,3,9,201100014185B02,7,1,1
201100014197,2011-04-30,2011,avril,samedi,19:30,36,36031,46.8897,1.42275,2,3,5,1,1,3,2,02,1,1,000,000,1,5,1,4,1,12,5,1,8,00,2,1,1,201100014197C03,7,15,1
201100014197,2011-04-30,2011,avril,samedi,19:30,36,36031,46.8897,1.42275,2,3,5,1,1,3,2,02,1,1,000,000,1,5,1,4,2,54,5,1,8,00,2,1,1,201100014197B02,7,15,1
201100014216,2011-10-21,2011,octobre,vendredi,19:00,36,36093,46.9744,1.61197,2,2,3,1,1,4,2,02,1,1,000,000,1,5,1,3,1,55,5,1,8,00,0,8,1,201100014216B02,7,19,1