Num_Acc,date,an,mois,jour,hrmn,dep,com,lat,long,agg,int,col,lum,atm,catr,circ,nbv,prof,plan,lartpc,larrout,surf,infra,situ,grav,sexe,age,trajet,secuexist,equipement,obs,obsm,choc,manv,vehiculeid,typevehicules,manoeuvehicules,numVehicules
201100014221,2011-05-24,2011,mai,mardi,18:15,36,36087,46.6029,0.94929,1,1,3,1,1,3,2,02,2,1,000,037,1,0,1,3,1,59,3,1,8,00,2,3,13,201100014221B02,37,17,1
201100014225,2011-08-25,2011,août,jeudi,15:00,36,36220,46.6019,1.41927,1,1,2,1,1,3,2,02,2,1,000,053,1,0,1,3,1,10,5,1,2,00,2,4,2,201100014225B02,7,2,1
201100014247,2011-06-13,2011,juin,lundi,10:00,36,36210,46.6129,1.92964,1,1,3,1,1,3,2,02,2,2,000,037,1,0,1,3,1,61,5,1,2,00,2,8,1,201100014247B02,7,17,1
201100014248,2011-06-27,2011,juin,lundi,14:00,36,36001,46.4404,1.82065,2,1,3,1,1,3,2,02,1,1,000,070,1,0,3,4,1,29,1,1,8,15,2,1,1,201100014248B02,7,9,1
201100014262,2011-06-06,2011,juin,lundi,51:5,36,36179,46.9241,1.93339,1,1,7,1,1,2,2,02,1,1,000,070,1,0,3,3,1,70,5,1,4,00,0,0,1,201100014262A01,,,
201100014300,2011-06-17,2011,juin,vendredi,19:30,37,37251,47.5221,0.39643,2,2,1,2,8,4,2,00,2,1,000,043,2,0,1,2,1,14,5,1,8,00,2,1,1,201100014300B02,38,1,1
201100014322,2011-09-24,2011,septembre,samedi,10:30,37,37167,47.5633,0.54981,1,1,1,1,1,3,2,02,3,1,000,075,1,0,1,3,1,80,5,1,4,00,2,8,1,201100014322B02,7,17,1
201100014325,2011-01-11,2011,janvier,mardi,15:30,37,37281,47.452,0.78689,1,1,1,1,6,3,2,02,1,1,000,056,1,0,1,3,1,61,5,1,9,01,0,1,1,201100014325A01,13,24,1
201100014339,2011-06-30,2011,juin,jeudi,10:00,37,37276,47.5465,0.86379,1,1,7,1,1,4,2,00,2,1,000,030,1,0,3,3,1,43,5,1,1,00,0,0,1,201100014339A01,,,
201100014364,2011-08-25,2011,août,jeudi,16:45,37,37038,47.2973,0.36538,1,1,3,1,1,4,-1,00,1,-1,000,026,1,0,1,3,1,66,5,1,8,00,2,3,16,201100014364B02,7,15,1
201100014382,2011-03-17,2011,mars,jeudi,18:15,37,37183,47.1011,1.01181,1,1,1,1,1,3,2,01,1,1,000,035,1,0,1,3,2,59,5,1,1,00,2,2,15,201100014382A01,7,1,1
201100014388,2011-05-28,2011,mai,samedi,14:15,37,37097,47.2019,0.88658,1,4,3,1,1,3,2,00,1,1,000,000,-1,0,0,3,1,9,5,1,1,00,2,3,15,201100014388B02,7,1,1
201100014409,2011-08-13,2011,août,samedi,21:15,37,37028,46.7786,0.94611,1,1,5,2,1,3,2,02,3,1,000,050,1,0,1,4,2,61,5,1,1,00,0,0,2,201100014409C03,2,2,1
201100014409,2011-08-13,2011,août,samedi,21:15,37,37028,46.7786,0.94611,1,1,5,2,1,3,2,02,3,1,000,050,1,0,1,1,1,26,5,1,1,00,0,4,2,201100014409B02,2,2,1
201100014433,2011-02-07,2011,février,lundi,14:30,41,41085,47.6531,1.67195,2,1,1,1,1,3,2,02,1,1,000,063,1,0,1,3,1,66,5,1,1,00,0,3,1,201100014433B02,7,15,1
201100014460,2011-02-14,2011,février,lundi,13:45,41,41237,0,0,1,1,2,1,1,4,2,02,1,1,000,030,1,0,1,3,2,84,9,1,1,00,2,1,1,201100014460B02,7,4,1
201100014471,2011-08-30,2011,août,mardi,10:45,41,41258,0,0,2,1,1,1,1,4,2,02,1,1,000,036,1,0,1,3,1,11,5,1,2,00,2,1,15,201100014471B02,7,1,1
201100014481,2011-10-07,2011,octobre,vendredi,17:30,41,41276,0,0,2,1,3,1,1,4,2,02,1,1,000,000,1,0,1,3,1,16,1,1,2,00,2,4,16,201100014481B02,7,1,1
201100014517,2011-08-07,2011,août,dimanche,11:45,41,41149,47.7739,0.80803,1,1,4,1,1,3,2,02,1,1,000,062,1,0,1,4,1,9,5,1,2,00,2,6,1,201100014517C03,7,1,1
201100014517,2011-08-07,2011,août,dimanche,11:45,41,41149,47.7739,0.80803,1,1,4,1,1,3,2,02,1,1,000,062,1,0,1,3,1,43,5,1,2,00,2,4,1,201100014517B02,7,1,1
201100014532,2011-06-30,2011,juin,jeudi,16:30,41,41248,48.042,0.86801,2,1,3,1,1,4,2,02,1,1,000,059,1,0,1,4,1,62,5,1,2,00,2,8,15,201100014532A01,7,1,1
201100014564,2011-08-08,2011,août,lundi,13:00,29,29031,47.77443,-3.59201,1,1,1,1,1,4,2,00,1,1,054,068,1,0,1,3,1,17,5,1,1,00,2,1,16,201100014564B02,10,1,1
201100014586,2011-11-18,2011,novembre,vendredi,71:5,13,13104,0,0,2,3,3,2,1,4,2,02,2,1,000,065,1,0,1,3,1,18,2,1,1,00,2,1,16,201100014586A01,7,1,1
201100014589,2011-04-14,2011,avril,jeudi,12:00,95,95058,49.1609,2.2973,2,1,1,1,1,3,2,02,1,1,,,1,0,1,3,1,15,5,1,2,00,2,3,19,201100014589B02,7,1,1
201100014592,2011-11-26,2011,novembre,samedi,14:45,95,95026,49.1445,2.3796,1,1,1,1,1,4,2,02,1,3,,,1,0,1,3,1,13,5,1,2,00,2,1,15,201100014592B02,7,21,1
201100014599,2011-05-25,2011,mai,mercredi,11:00,33,33199,0,0,2,1,3,1,1,4,2,02,1,1,000,050,1,0,1,3,2,74,5,1,1,00,2,1,1,201100014599A01,14,16,1
201100014649,2011-05-23,2011,mai,lundi,15:35,06,06004,0,0,2,1,3,1,1,4,3,02,1,1,035,030,1,0,5,3,2,43,5,1,2,01,0,1,1,201100014649B01,7,22,1
201100014661,2011-06-24,2011,juin,vendredi,18:30,06,06004,0,0,2,1,3,1,1,4,2,02,1,1,000,000,1,0,1,3,1,45,5,1,2,00,2,1,18,201100014661B01,7,14,1
201100014662,2011-07-05,2011,juillet,mardi,20:00,06,06004,0,0,1,1,3,1,1,3,2,02,1,1,000,000,1,0,5,3,2,34,5,1,2,00,0,0,1,201100014662B01,7,10,1
201100014718,2011-01-21,2011,janvier,vendredi,14:55,06,06027,0,0,2,1,6,1,1,9,2,00,1,1,000,000,1,0,5,4,1,72,5,1,2,00,1,0,1,201100014718A01,,,
201100014756,2011-04-15,2011,avril,vendredi,21:20,06,06123,0,0,2,3,3,5,1,4,3,02,-1,1,000,000,1,0,1,4,1,23,5,1,2,00,2,1,1,201100014756A01,10,15,1
201100014765,2011-04-27,2011,avril,mercredi,75:5,06,06123,0,0,2,1,2,1,1,4,1,01,-1,1,000,000,1,0,1,4,1,50,1,1,2,00,2,4,2,201100014765B01,10,1,1
201100014766,2011-04-29,2011,avril,vendredi,14:00,06,06027,0,0,2,3,3,1,1,4,2,02,-1,1,000,000,1,0,1,1,1,81,5,1,2,00,2,8,15,201100014766A01,31,1,1
201100014776,2011-05-10,2011,mai,mardi,75:0,06,06027,0,0,2,1,3,1,1,4,3,04,1,1,000,000,1,0,1,4,1,15,5,1,2,00,2,8,19,201100014776B01,10,1,1
201100014777,2011-05-11,2011,mai,mercredi,92:0,06,06027,0,0,2,1,2,1,1,4,2,04,1,1,000,000,1,0,1,4,1,36,5,1,2,00,2,1,2,201100014777A01,7,2,1
201100014783,2011-05-22,2011,mai,dimanche,83:5,06,06027,0,0,2,1,3,1,1,4,2,02,-1,1,000,000,1,0,1,4,1,64,5,1,2,00,2,0,1,201100014783B01,7,14,1
201100014794,2011-06-03,2011,juin,vendredi,10:20,06,06123,0,0,2,3,3,1,1,4,1,02,-1,3,000,000,1,0,1,4,1,59,1,1,2,00,2,1,19,201100014794A01,10,16,1
201100014805,2011-06-22,2011,juin,mercredi,15:15,06,06027,0,0,2,1,3,1,1,4,3,04,1,1,000,000,1,0,5,4,1,35,5,1,2,00,2,1,1,201100014805B01,33,16,1
201100014826,2011-07-31,2011,juillet,dimanche,10:00,06,06123,0,0,2,1,3,1,1,4,1,01,1,1,000,000,1,0,1,3,1,53,5,1,2,00,2,1,9,201100014826A01,7,1,1
201100014844,2011-09-06,2011,septembre,mardi,80:0,06,06027,0,0,2,2,3,1,1,4,2,03,-1,1,000,000,1,0,1,4,2,56,5,1,2,00,2,0,15,201100014844A01,30,1,1
201100014850,2011-09-14,2011,septembre,mercredi,10:10,06,06123,0,0,2,1,3,1,1,4,2,02,-1,1,000,000,1,0,4,4,2,54,4,1,2,00,2,1,1,201100014850A01,7,1,1
201100014860,2011-10-07,2011,octobre,vendredi,15:35,06,06027,0,0,2,1,3,1,1,4,1,02,1,1,000,000,1,0,5,4,2,53,5,1,2,00,2,1,1,201100014860B01,7,16,1
201100014884,2011-11-12,2011,novembre,samedi,14:50,06,06027,0,0,2,1,3,1,1,4,3,04,1,1,000,000,1,0,5,4,1,65,5,1,2,00,2,1,1,201100014884A01,7,16,1
201100014903,2011-12-08,2011,décembre,jeudi,11:00,06,06123,0,0,2,3,3,1,1,4,2,02,-1,1,000,000,1,0,1,4,1,26,5,1,2,00,2,1,1,201100014903B01,7,15,1
201100014917,2011-01-11,2011,janvier,mardi,81:5,06,06029,0,0,2,1,3,1,1,4,-1,02,1,-1,000,060,1,0,1,4,1,62,5,1,2,00,2,1,0,201100014917B01,10,0,1
201100014955,2011-03-22,2011,mars,mardi,12:50,06,06029,0,0,2,1,3,1,1,4,2,04,2,1,000,000,1,0,1,3,1,36,1,1,2,00,2,1,0,201100014955B01,7,20,1
201100014987,2011-05-02,2011,mai,lundi,18:15,06,06029,0,0,2,1,3,1,1,3,2,02,1,1,000,070,1,0,1,4,1,45,0,1,9,00,2,1,1,201100014987B01,7,22,1
201100015049,2011-08-07,2011,août,dimanche,16:05,06,06029,0,0,2,1,6,1,1,4,1,01,2,1,000,060,1,0,1,4,1,20,0,1,9,00,1,1,0,201100015049A01,,,
201100015054,2011-08-13,2011,août,samedi,16:30,06,06029,0,0,2,1,6,1,1,4,1,01,1,1,000,040,-1,0,1,4,2,68,5,1,9,01,0,1,1,201100015054B01,7,22,1
201100015061,2011-08-21,2011,août,dimanche,22:00,06,06029,0,0,2,1,2,5,1,4,1,01,1,1,000,040,1,0,1,3,1,11,0,1,9,01,0,1,2,201100015061A01,7,20,1
201100015079,2011-09-07,2011,septembre,mercredi,18:00,06,06029,0,0,2,1,3,1,1,4,2,02,-1,-1,000,050,1,0,1,4,1,12,0,1,2,00,0,0,0,201100015079A01,34,1,1
201100015096,2011-09-30,2011,septembre,vendredi,75:0,06,06029,0,0,2,1,3,1,1,4,2,04,1,1,000,110,1,0,1,3,1,14,2,1,9,00,2,8,19,201100015096B01,33,1,1
201100015140,2011-12-27,2011,décembre,mardi,13:30,06,06029,0,0,2,9,3,1,1,4,2,02,1,1,000,080,-1,0,0,4,1,50,0,1,2,00,2,1,0,201100015140B01,7,0,1
201100015230,2011-05-23,2011,mai,lundi,13:05,06,06069,0,0,1,1,7,1,1,4,2,02,2,3,000,000,1,0,3,2,1,36,1,1,9,16,0,1,13,201100015230A01,,,
201100015257,2011-06-23,2011,juin,jeudi,73:0,06,06069,0,0,2,1,2,1,1,3,2,02,-1,-1,000,000,-1,0,1,4,2,68,0,1,2,00,2,1,2,201100015257A01,1,2,1
201100015257,2011-06-23,2011,juin,jeudi,73:0,06,06069,0,0,2,1,2,1,1,3,2,02,-1,-1,000,000,-1,0,1,1,1,56,0,1,2,00,0,4,2,201100015257B01,1,2,1
201100015270,2011-07-11,2011,juillet,lundi,18:10,06,06069,0,0,2,1,2,1,1,4,2,02,-1,-1,000,000,1,0,1,4,1,19,5,1,9,00,2,4,1,201100015270B01,33,17,1
201100015321,2011-09-20,2011,septembre,mardi,13:25,06,06069,0,0,2,1,7,1,1,4,2,02,-1,-1,000,000,-1,0,1,4,1,59,0,1,2,00,0,0,0,201100015321A01,,,
201100015330,2011-10-04,2011,octobre,mardi,19:15,06,06069,0,0,2,9,6,1,1,5,-1,01,2,1,000,000,1,0,0,4,1,15,0,1,9,15,0,1,0,201100015330A01,,,
201100015330,2011-10-04,2011,octobre,mardi,19:15,06,06069,0,0,2,9,6,1,1,5,-1,01,2,1,000,000,1,0,0,1,1,11,0,1,9,15,0,1,0,201100015330A01,,,
201100015354,2011-10-31,2011,octobre,lundi,16:45,06,06069,0,0,2,1,6,1,1,5,-1,00,-1,-1,000,000,-1,0,0,4,1,9,0,1,9,00,2,4,0,201100015354A01,2,0,1
201100015403,2011-01-03,2011,janvier,lundi,12:20,06,06083,0,0,2,1,6,1,1,3,1,02,1,1,000,060,1,0,1,3,1,74,5,1,9,00,0,4,13,201100015403A01,32,1,1
201100015408,2011-02-04,2011,février,vendredi,13:00,06,06083,0,0,2,1,3,1,1,3,1,02,1,1,000,100,1,0,1,3,1,67,5,1,9,00,0,0,1,201100015408B01,7,17,1
201100015480,2011-09-07,2011,septembre,mercredi,64:0,06,06083,0,0,2,1,3,2,1,3,3,02,1,-1,030,060,1,0,1,2,1,92,3,1,9,00,0,8,9,201100015480B01,7,1,1
201100015516,2011-01-06,2011,janvier,jeudi,18:40,06,06088,0,0,2,1,3,5,2,4,2,02,1,1,000,000,2,4,0,4,2,31,0,1,9,00,4,2,16,201100015516A01,40,1,1
201100015547,2011-01-17,2011,janvier,lundi,17:20,06,06088,0,0,2,1,3,2,1,4,3,02,1,1,025,060,1,0,1,4,1,37,5,1,2,00,2,0,9,201100015547A01,7,1,1
201100015569,2011-01-25,2011,janvier,mardi,13:10,06,06088,0,0,2,2,3,1,1,4,2,02,1,1,000,000,1,0,1,4,1,45,1,1,9,00,2,1,1,201100015569B01,10,1,1
201100015604,2011-02-07,2011,février,lundi,14:30,06,06088,0,0,2,1,6,1,1,4,1,03,1,1,020,100,1,0,1,4,2,26,0,1,9,00,2,1,0,201100015604A01,7,0,1
201100015606,2011-02-08,2011,février,mardi,74:5,06,06088,0,0,2,2,3,1,1,4,1,02,1,1,000,060,1,0,1,3,1,24,5,1,9,00,2,8,1,201100015606A01,37,1,1
201100015610,2011-02-09,2011,février,mercredi,13:00,06,06088,0,0,2,1,6,1,1,4,1,03,1,1,000,120,1,0,1,4,1,61,5,1,9,00,2,1,1,201100015610B01,7,16,1
201100015654,2011-02-25,2011,février,vendredi,91:0,06,06088,0,0,2,1,6,1,1,4,1,01,1,1,000,050,1,0,1,1,1,44,5,1,2,00,1,1,1,201100015654A01,,,
201100015657,2011-02-25,2011,février,vendredi,15:20,06,06088,0,0,2,1,3,1,1,4,2,04,1,1,000,125,1,0,1,4,1,23,5,1,9,00,2,8,1,201100015657B01,7,15,1
201100015725,2011-03-23,2011,mars,mercredi,14:40,06,06088,0,0,2,1,6,1,1,4,2,02,1,1,000,000,1,0,1,3,1,33,0,1,2,01,0,1,1,201100015725B01,7,22,1
201100015730,2011-03-25,2011,mars,vendredi,13:45,06,06088,0,0,2,1,3,1,1,4,3,04,1,1,000,000,1,0,1,4,2,19,0,1,9,00,2,1,9,201100015730A01,7,1,1
201100015772,2011-04-10,2011,avril,dimanche,17:30,06,06088,0,0,2,1,6,1,1,4,-1,02,1,1,000,000,1,0,1,1,1,33,0,1,9,00,1,1,1,201100015772A01,,,
201100015772,2011-04-10,2011,avril,dimanche,17:30,06,06088,0,0,2,1,6,1,1,4,-1,02,1,1,000,000,1,0,1,4,2,4,0,1,9,00,1,1,1,201100015772A01,,,
201100015782,2011-04-13,2011,avril,mercredi,16:10,06,06088,0,0,2,3,7,1,1,4,1,01,1,1,000,000,1,0,1,1,1,23,4,1,2,00,2,0,15,201100015782A01,30,21,1
201100015801,2011-04-18,2011,avril,lundi,17:00,06,06088,0,0,2,1,6,1,1,3,1,02,1,1,000,000,1,0,1,2,2,61,5,1,9,00,0,0,1,201100015801A01,,,
201100015805,2011-04-19,2011,avril,mardi,18:45,06,06088,0,0,2,1,3,1,1,4,3,03,1,1,000,000,1,0,1,4,1,13,5,1,2,00,2,1,1,201100015805B01,7,1,1
201100015810,2011-04-21,2011,avril,jeudi,90:0,06,06088,0,0,2,1,6,1,1,9,2,01,1,1,000,000,1,6,5,4,2,50,5,1,2,00,0,1,1,201100015810B01,14,4,1
201100015858,2011-05-08,2011,mai,dimanche,74:5,06,06088,0,0,2,2,3,1,1,4,1,02,1,1,000,000,1,0,1,3,1,48,5,1,2,00,2,1,1,201100015858A01,7,15,1
201100015876,2011-05-13,2011,mai,vendredi,11:30,06,06088,0,0,2,1,3,1,1,4,2,03,1,1,000,000,1,0,1,4,1,25,5,1,9,00,2,1,1,201100015876A01,2,1,1
201100015977,2011-06-15,2011,juin,mercredi,21:50,06,06159,0,0,1,1,6,3,1,4,2,02,1,1,000,000,-1,0,1,3,2,26,0,1,9,00,0,9,1,201100015977A01,,,
201100015995,2011-06-23,2011,juin,jeudi,23:25,06,06088,0,0,2,2,3,5,1,4,-1,04,1,1,000,000,1,0,1,4,1,20,5,1,9,00,2,0,0,201100015995A01,7,0,1
201100015996,2011-06-24,2011,juin,vendredi,10:00,06,06088,0,0,2,1,3,1,1,4,2,04,1,1,000,000,1,0,1,4,1,44,2,1,2,00,2,1,1,201100015996B01,7,15,1
201100016014,2011-06-28,2011,juin,mardi,22:36,06,06088,0,0,2,1,3,1,1,4,3,03,1,1,000,000,1,0,1,1,1,29,5,1,9,00,2,0,13,201100016014A01,32,1,1
201100016038,2011-07-07,2011,juillet,jeudi,85:5,06,06088,0,0,2,1,6,1,1,4,2,04,1,1,000,148,1,0,1,4,1,78,5,1,9,01,0,2,1,201100016038B01,7,22,1
201100016109,2011-08-02,2011,août,mardi,13:15,06,06088,0,0,2,3,6,1,1,4,1,02,1,1,000,100,1,0,1,4,2,70,5,1,9,00,2,8,17,201100016109B01,37/ 7,9/24,2
201100016116,2011-08-04,2011,août,jeudi,83:0,06,06088,0,0,2,1,6,1,1,4,2,04,1,1,000,000,1,0,1,4,2,59,1,1,2,00,2,4,1,201100016116B01,7,2,1
201100016175,2011-08-29,2011,août,lundi,15:50,06,06088,0,0,2,1,3,1,1,4,1,02,1,2,000,000,1,1,1,4,1,49,5,1,2,00,2,8,1,201100016175B01,7,9,1
201100016180,2011-08-31,2011,août,mercredi,16:30,06,06088,0,0,2,1,2,1,1,3,1,02,1,1,000,000,1,0,1,4,1,46,0,1,2,00,2,4,2,201100016180B01,2,1,1
201100016190,2011-09-06,2011,septembre,mardi,84:5,06,06088,0,0,2,2,3,1,1,4,1,01,1,1,000,000,1,0,1,4,1,67,5,1,2,00,2,8,1,201100016190B01,7,1,1
201100016195,2011-09-08,2011,septembre,jeudi,14:55,06,06088,0,0,2,6,2,1,1,3,3,05,1,1,000,000,1,0,1,4,1,43,0,1,9,00,2,6,1,201100016195B01,7,14,1
201100016223,2011-09-17,2011,septembre,samedi,23:15,06,06088,0,0,2,2,3,5,1,4,3,02,1,1,000,000,1,0,1,4,2,18,5,1,9,00,2,1,0,201100016223A01,7,1,1
201100016229,2011-09-21,2011,septembre,mercredi,20:00,06,06088,0,0,2,1,6,5,1,9,2,00,1,1,000,000,1,0,0,1,1,17,5,1,9,00,9,1,13,201100016229B01,1,1,1
201100016229,2011-09-21,2011,septembre,mercredi,20:00,06,06088,0,0,2,1,6,5,1,9,2,00,1,1,000,000,1,0,0,4,1,50,1,1,9,00,9,2,1,201100016229A01,1,13,1
201100016249,2011-09-29,2011,septembre,jeudi,21:0,06,06088,0,0,2,3,3,5,1,4,1,01,1,1,000,000,1,0,0,3,1,16,5,1,9,00,2,8,5,201100016249A01,7,1,1
201100016258,2011-10-03,2011,octobre,lundi,13:15,06,06088,0,0,2,2,3,1,1,4,1,02,1,1,000,000,1,0,1,1,2,54,0,1,2,00,2,1,1,201100016258A01,30,1,1
201100016306,2011-10-16,2011,octobre,dimanche,90:0,06,06088,0,0,2,1,1,1,1,4,2,01,1,1,000,100,1,0,1,4,1,26,0,1,9,00,2,1,12,201100016306A01,7,1,1
201100016320,2011-10-19,2011,octobre,mercredi,90:5,06,06088,0,0,2,1,3,1,1,4,2,02,1,1,000,000,1,0,1,4,1,63,5,1,2,00,2,0,15,201100016320A01,31,17,1
201100016330,2011-10-22,2011,octobre,samedi,13:45,06,06088,0,0,2,1,5,1,1,4,1,03,1,1,000,000,1,0,1,4,2,36,1,1,2,00,2,1,1,201100016330B01,32/ 7,1/22,2
201100016344,2011-10-29,2011,octobre,samedi,12:50,06,06088,0,0,2,1,6,1,1,4,2,03,1,1,000,000,1,0,1,1,1,52,0,1,2,00,2,4,1,201100016344B01,30,1,1
201100016393,2011-11-20,2011,novembre,dimanche,14:00,06,06088,0,0,2,3,3,1,1,4,2,04,-1,-1,000,000,-1,0,1,3,1,43,1,1,9,00,2,1,0,201100016393A01,7,15,1
201100016472,2011-12-17,2011,décembre,samedi,83:0,06,06088,0,0,2,1,6,1,1,3,1,04,1,1,000,000,1,0,1,3,1,66,5,1,2,00,2,0,1,201100016472B01,38,17,1
201100016487,2011-12-21,2011,décembre,mercredi,23:25,06,06088,0,0,2,1,3,5,1,4,2,02,1,1,000,000,1,0,1,1,1,37,5,1,4,00,2,6,15,201100016487A01,30,0,1
201100016551,2011-06-07,2011,juin,mardi,16:40,07,07019,0,0,1,6,3,1,1,2,1,01,4,2,000,086,1,5,1,3,1,76,5,1,2,00,2,8,15,201100016551B01,7,15,1
201100016566,2011-05-28,2011,mai,samedi,16:50,07,07102,0,0,2,6,3,1,1,4,2,02,1,4,000,100,1,5,1,4,2,60,5,1,9,00,2,5,1,201100016566B01,7,16,1
201100016568,2011-08-09,2011,août,mardi,10:15,07,07281,0,0,2,3,6,1,1,4,2,02,1,1,000,077,1,0,1,4,2,53,5,1,2,00,2,1,5,201100016568A01,7,16,1
201100016569,2011-09-03,2011,septembre,samedi,12:50,07,07281,0,0,1,1,3,1,1,3,2,02,2,2,000,072,1,0,1,3,1,51,5,1,2,00,2,1,13,201100016569A01,7,1,1
201100016580,2011-09-24,2011,septembre,samedi,18:30,57,57096,0,0,1,1,1,1,1,3,3,02,1,1,000,000,1,0,1,4,1,44,5,1,1,00,0,0,0,201100016580B02,7,16,1
201100016612,2011-05-13,2011,mai,vendredi,11:00,35,35051,48.10537,-1.62901,2,3,1,1,1,4,,,,,,,,5,,3,2,29,0,1,2,00,0,1,23,201100016612B02,10,15,1
201100016613,2011-11-22,2011,novembre,mardi,14:00,35,35334,48.153,-1.59,1,6,2,1,1,2,1,00,-1,3,000,000,1,3,1,3,1,34,5,1,2,00,2,4,1,201100016613A01,7,9,1
201100016648,2011-04-09,2011,avril,samedi,16:00,51,51232,0,0,1,1,2,1,1,3,2,02,2,1,000,066,1,0,1,1,1,52,5,1,2,00,2,4,2,201100016648B02,7,17,1
201100016648,2011-04-09,2011,avril,samedi,16:00,51,51232,0,0,1,1,2,1,1,3,2,02,2,1,000,066,1,0,1,3,2,52,5,1,2,00,2,4,2,201100016648B02,7,17,1
201100016666,2011-01-30,2011,janvier,dimanche,17:00,37,37243,0,0,1,3,1,1,1,3,2,02,1,1,030,030,1,0,1,2,1,10,5,1,8,00,2,8,1,201100016666B02,7,1,1
201100016673,2011-08-11,2011,août,jeudi,18:00,37,37018,47.3398,0.62234,2,1,1,1,1,4,2,00,1,1,000,000,1,0,1,3,1,16,5,1,8,00,2,3,15,201100016673B02,7,1,1
201100016675,2011-10-07,2011,octobre,vendredi,15:30,37,37018,47.3507,0.62857,2,1,1,1,1,6,-1,00,2,3,000,032,9,6,1,2,2,54,1,1,8,00,2,1,1,201100016675B02,32,1,1
201100016839,2011-03-08,2011,mars,mardi,14:15,60,60086,0,0,1,1,5,1,1,3,2,02,2,1,000,062,1,0,1,4,1,31,5,1,2,00,0,0,21,201100016839C03,10,17/1,2
201100016900,2011-07-29,2011,juillet,vendredi,19:00,21,21479,47.511,4.781,2,3,3,1,1,9,2,00,2,1,000,066,1,0,1,3,2,10,5,1,2,00,2,8,15,201100016900B02,7,1,1
201100016946,2011-10-04,2011,octobre,mardi,16:15,53,53005,48.19258,-0.79333,1,1,5,1,1,3,2,02,1,3,000,050,1,0,1,3,1,66,5,1,2,00,2,1,13,201100016946A01,7,1,1
201100016946,2011-10-04,2011,octobre,mardi,16:15,53,53005,48.19258,-0.79333,1,1,5,1,1,3,2,02,1,3,000,050,1,0,1,3,1,64,5,1,2,00,0,8,1,201100016946C03,7,1,1
201100016946,2011-10-04,2011,octobre,mardi,16:15,53,53005,48.19258,-0.79333,1,1,5,1,1,3,2,02,1,3,000,050,1,0,1,4,1,67,5,1,2,00,0,8,1,201100016946D04,7,1,1
201100016958,2011-07-03,2011,juillet,dimanche,17:00,95,95371,49.0846,2.5035,2,3,3,1,1,4,2,02,2,3,000,051,1,0,1,3,1,13,5,1,9,00,2,1,1,201100016958B02,7,1,1
201100017134,2011-03-28,2011,mars,lundi,95:5,08,08346,49.7551,4.70025,2,4,3,1,1,3,2,02,1,3,000,000,1,5,1,3,1,53,5,1,2,00,2,7,1,201100017134B01,7,19,1
201100017141,2011-05-28,2011,mai,samedi,16:15,08,08298,49.7951,4.74883,1,1,2,1,1,3,2,03,2,3,000,130,1,0,5,3,1,30,5,1,2,00,0,4,1,201100017141B01,7,14,1
201100017208,2011-05-07,2011,mai,samedi,14:00,69,69268,0,0,1,1,2,1,1,3,2,00,4,2,000,000,1,0,1,3,2,17,5,1,2,00,2,4,2,201100017208B02,7,2,1
201100017258,2011-07-11,2011,juillet,lundi,90:0,31,31506,0,0,1,1,3,1,1,3,2,02,2,1,000,053,1,0,1,3,1,64,5,1,1,00,2,8,1,201100017258B02,10,1,1
201100017294,2011-04-27,2011,avril,mercredi,19:45,91,91105,0,0,1,1,1,2,1,4,2,02,-1,-1,000,000,-1,0,1,4,1,34,5,1,2,00,2,1,1,201100017294B02,7,15,1
201100017302,2011-05-16,2011,mai,lundi,18:45,38,38485,45.1849,5.69712,2,3,3,1,1,3,2,02,1,-1,000,000,1,5,1,3,1,22,1,1,1,00,2,8,19,201100017302B02,7,15,1
201100017310,2011-07-08,2011,juillet,vendredi,15:00,38,38527,0,0,1,9,6,1,1,3,2,02,2,1,000,000,1,0,1,2,2,43,5,1,2,01,0,1,13,201100017310A01,,,
201100017311,2011-07-31,2011,juillet,dimanche,19:15,38,38052,0,0,1,1,6,1,1,3,2,02,2,1,000,061,1,0,1,3,1,15,5,1,1,10,0,1,1,201100017311A01,,,
201100017420,2011-01-03,2011,janvier,lundi,14:30,66,66172,42.7076,2.84068,2,1,3,1,1,3,2,02,1,1,000,000,1,0,1,3,1,80,5,1,2,00,2,4,0,201100017420B02,7,1,1
201100017429,2011-03-08,2011,mars,mardi,18:15,74,74264,0,0,2,1,1,1,1,3,3,02,1,1,000,000,1,0,1,4,1,60,9,1,2,00,2,4,19,201100017429B02,7,0,1
201100017436,2011-05-19,2011,mai,jeudi,91:5,74,74264,0,0,2,1,1,1,1,4,2,00,-1,1,000,000,1,6,1,3,1,15,2,1,9,00,2,1,19,201100017436B02,7,1,1
201100017445,2011-08-24,2011,août,mercredi,84:5,74,74014,0,0,1,1,1,1,1,3,2,00,-1,4,000,000,1,0,1,3,1,60,5,1,2,00,2,3,17,201100017445A01,7,1,1
201100017484,2011-01-30,2011,janvier,dimanche,15:00,09,09225,42.9776,1.611,2,2,1,1,1,4,2,01,1,1,000,064,1,5,1,3,1,57,5,1,9,00,2,3,2,201100017484B01,7,15,1
201100017488,2011-05-20,2011,mai,vendredi,16:30,09,09225,43.10772,1.61791,2,1,3,1,1,4,2,02,1,1,000,097,1,0,1,3,1,43,3,1,9,00,2,1,16,201100017488B01,7,16,1
201100017576,2011-11-07,2011,novembre,lundi,13:15,38,38397,0,0,1,1,2,1,1,3,2,00,2,3,000,000,1,0,1,3,1,76,5,1,2,00,2,4,19,201100017576B02,7,1,1
201100017590,2011-01-16,2011,janvier,dimanche,12:30,78,78466,48.9244,1.99445,2,1,2,1,1,3,3,01,1,1,000,033,1,0,1,3,1,63,5,1,4,00,2,1,1,201100017590B01,7,23,1