Num_Acc,date,an,mois,jour,hrmn,dep,com,lat,long,agg,int,col,lum,atm,catr,circ,nbv,prof,plan,lartpc,larrout,surf,infra,situ,grav,sexe,age,trajet,secuexist,equipement,obs,obsm,choc,manv,vehiculeid,typevehicules,manoeuvehicules,numVehicules
201100017595,2011-10-15,2011,octobre,samedi,16:45,78,78431,48.948,1.963,2,1,7,1,1,3,2,00,4,1,000,050,1,0,1,3,1,62,5,1,2,14,0,8,2,201100017595A01,,,
201100017597,2011-04-15,2011,avril,vendredi,14:00,33,33122,0,0,1,3,1,1,1,3,2,00,-1,1,000,000,1,0,1,4,1,73,0,1,2,00,2,7,1,201100017597B02,7,19,1
201100017604,2011-05-03,2011,mai,mardi,18:45,66,66140,42.69178,2.76904,2,1,1,1,1,4,2,02,1,-1,000,000,1,0,1,3,1,16,5,1,2,00,2,6,16,201100017604A01,7,1,1
201100017639,2011-04-22,2011,avril,vendredi,10:00,22,22251,48.576,-2.815,2,6,3,1,1,4,2,01,-1,1,000,000,1,0,1,4,1,67,5,1,2,00,0,7,1,201100017639B02,7,1,1
201100017653,2011-05-16,2011,mai,lundi,10:30,74,74268,45.89,6.1,2,6,1,1,1,4,-1,00,-1,-1,,,-1,0,5,3,2,62,5,1,2,00,0,4,1,201100017653B02,7,9,1
201100017684,2011-04-11,2011,avril,lundi,18:15,51,51450,0,0,1,1,2,1,1,3,2,02,1,1,000,064,1,0,1,2,1,46,5,1,8,00,2,4,1,201100017684B02,7,1,1
201100017696,2011-07-06,2011,juillet,mercredi,94:5,31,31203,43.52212,1.32172,2,3,3,1,1,4,2,02,1,1,000,032,1,0,1,3,1,80,5,1,2,00,2,1,1,201100017696B02,7,1,1
201100017708,2011-08-08,2011,août,lundi,13:30,06,06018,0,0,1,1,1,1,1,3,2,02,2,1,000,080,1,0,1,3,1,42,5,1,2,00,2,6,1,201100017708B02,7,17,1
201100017718,2011-05-15,2011,mai,dimanche,80:0,69,69063,0,0,1,1,2,1,1,3,2,00,1,3,000,068,1,0,1,3,1,41,5,1,2,00,0,8,0,201100017718B02,7,13,1
201100017743,2011-04-20,2011,avril,mercredi,14:00,74,74011,0,0,2,3,1,1,1,4,-1,00,2,-1,000,000,1,0,1,4,1,11,5,1,2,00,2,1,15,201100017743A01,7,1,1
201100017762,2011-11-09,2011,novembre,mercredi,10:00,34,34255,0,0,1,1,1,1,1,3,3,04,3,1,015,140,1,0,1,4,2,45,5,1,2,00,2,8,2,201100017762B02,10,14,1
201100017808,2011-08-05,2011,août,vendredi,90:0,56,56214,0,0,1,6,1,1,1,3,1,00,1,4,000,055,1,0,1,3,1,55,5,1,9,00,2,1,1,201100017808B02,7,1,1
201100017811,2011-11-19,2011,novembre,samedi,12:15,56,56243,47.6525,-2.73135,2,9,3,1,1,3,2,00,1,1,000,076,1,0,1,3,1,71,3,1,9,00,2,5,9,201100017811A01,32,21,1
201100017843,2011-01-31,2011,janvier,lundi,14:15,14,14200,0,0,1,2,1,1,8,3,2,02,-1,1,000,071,1,5,1,3,1,59,5,1,2,00,2,1,1,201100017843A01,7,19,1
201100017854,2011-06-11,2011,juin,samedi,93:0,13,13051,0,0,1,1,5,1,1,3,2,02,-1,3,052,000,1,0,1,4,1,47,5,1,2,00,2,8,1,201100017854D04,7,1/17,2
201100017854,2011-06-11,2011,juin,samedi,93:0,13,13051,0,0,1,1,5,1,1,3,2,02,-1,3,052,000,1,0,1,3,1,39,5,1,2,00,2,8,1,201100017854C03,7,1/17,2
201100017866,2011-08-10,2011,août,mercredi,10:45,05,05174,44.91276,6.67196,1,3,2,1,1,2,2,03,1,1,000,117,1,5,1,3,1,52,5,1,2,00,,4,11,201100017866B02,7,1,1
201100017894,2011-12-18,2011,décembre,dimanche,15:56,10,10343,0,0,2,1,3,1,1,4,2,02,1,1,000,070,1,0,1,3,2,5,5,1,9,00,2,8,2,201100017894B02,7,2,1
201100017911,2011-02-16,2011,février,mercredi,16:40,10,10387,0,0,2,6,3,1,1,4,1,02,1,2,000,070,1,5,5,4,1,61,0,1,2,00,2,1,1,201100017911B01,7,1,1
201100017933,2011-04-17,2011,avril,dimanche,17:55,10,10333,0,0,2,3,6,1,1,3,2,02,1,1,000,070,1,0,1,3,2,12,0,1,2,00,2,3,15,201100017933B01,7,11,1
201100017939,2011-04-07,2011,avril,jeudi,91:5,10,10387,0,0,2,1,6,1,1,5,-1,01,1,1,000,000,1,6,0,1,1,17,2,1,4,00,1,1,1,201100017939A01,,,
201100017941,2011-05-06,2011,mai,vendredi,11:35,10,10387,0,0,2,6,6,1,1,4,2,02,1,1,000,070,1,5,5,3,1,21,0,1,2,00,2,1,1,201100017941B01,7,16,1
201100017945,2011-05-14,2011,mai,samedi,19:35,10,10333,0,0,2,6,6,1,1,3,2,02,1,1,000,070,1,5,1,4,1,24,0,1,2,00,2,7,1,201100017945B01,7,9,1
201100017947,2011-05-23,2011,mai,lundi,91:0,10,10333,0,0,2,4,6,1,1,3,2,02,1,1,000,070,1,0,1,3,1,29,1,1,2,00,2,8,15,201100017947A01,7,17,1
201100017949,2011-06-08,2011,juin,mercredi,19:52,10,10387,0,0,2,3,3,1,1,4,2,02,1,1,000,070,1,0,1,4,1,34,5,1,9,00,2,3,0,201100017949A01,37,1,1
201100017960,2011-07-22,2011,juillet,vendredi,19:10,10,10387,0,0,2,1,6,1,1,4,1,02,1,1,000,070,2,0,5,4,2,18,1,1,9,00,0,1,1,201100017960B01,7,9,1
201100017961,2011-07-21,2011,juillet,jeudi,12:00,10,10387,0,0,2,3,3,1,2,4,1,01,1,1,000,060,2,0,1,4,2,32,1,1,9,00,2,1,5,201100017961A01,7,15,1
201100017966,2011-08-21,2011,août,dimanche,12:49,10,10387,0,0,1,1,3,1,1,4,1,02,-1,2,000,050,1,5,1,4,1,19,0,1,9,00,2,8,1,201100017966B01,7,1,1
201100017969,2011-08-24,2011,août,mercredi,84:5,10,10387,0,0,2,2,3,1,1,4,2,02,1,1,000,070,1,0,1,3,1,74,1,1,2,00,2,8,2,201100017969B01,7,2,1
201100017977,2011-09-03,2011,septembre,samedi,11:30,10,10387,0,0,2,2,3,1,1,4,2,02,1,1,000,060,1,0,1,4,2,15,0,1,9,00,2,8,1,201100017977A01,7,1,1
201100017989,2011-09-27,2011,septembre,mardi,82:5,10,10387,0,0,2,3,3,1,1,4,2,02,1,1,000,070,1,0,1,4,2,48,1,1,9,00,2,1,1,201100017989B01,7,9,1
201100018002,2011-10-14,2011,octobre,vendredi,17:20,10,10343,48.16187,4.52646,2,6,3,1,1,4,2,02,1,1,000,070,1,0,1,4,2,15,0,1,9,00,0,0,0,201100018002B01,7,0,1
201100018004,2011-11-10,2011,novembre,jeudi,19:03,10,10387,48.16284,4.4472,2,1,3,5,1,4,2,02,1,1,000,070,1,0,1,4,1,20,0,1,9,00,2,7,1,201100018004B01,7,20,1
201100018005,2011-11-14,2011,novembre,lundi,20:15,10,10387,48.15545,4.41354,2,2,3,5,1,4,2,03,1,1,000,090,1,5,1,3,1,35,1,1,4,00,2,1,1,201100018005B01,7,15,1
201100018006,2011-11-26,2011,novembre,samedi,11:20,10,10333,48.28937,4.06746,2,1,6,1,1,3,2,02,1,1,000,070,1,0,1,4,2,17,5,1,9,00,0,4,0,201100018006B01,7,14,1
201100018022,2011-05-30,2011,mai,lundi,81:5,67,67152,48.522,7.65,2,1,1,1,1,3,2,00,-1,1,000,065,1,0,1,3,2,8,0,1,1,00,0,8,19,201100018022B02,2,17,1
201100018029,2011-09-06,2011,septembre,mardi,90:0,67,67309,0,0,2,1,1,1,7,3,1,00,1,3,000,000,1,5,1,4,1,75,5,1,1,00,2,1,19,201100018029B02,7,1,1
201100018035,2011-04-09,2011,avril,samedi,18:45,06,06105,0,0,2,1,3,1,1,4,2,00,1,1,000,055,1,0,1,3,1,11,5,1,2,00,2,3,19,201100018035A01,7,1,1
201100018054,2011-07-08,2011,juillet,vendredi,12:15,38,38193,45.6153,5.2257,2,6,3,1,1,3,-1,00,-1,-1,000,000,-1,0,0,2,1,68,5,1,4,00,0,1,0,201100018054B02,7,0,1
201100018057,2011-12-05,2011,décembre,lundi,71:5,38,38193,0,0,1,1,6,3,2,6,-1,00,-1,-1,000,000,2,0,1,4,1,37,1,1,4,00,2,3,1,201100018057A02,7,13,1
201100018072,2011-10-11,2011,octobre,mardi,74:5,29,29019,48.3778,-4.5068,2,6,1,5,1,5,2,00,1,3,000,060,2,0,1,3,1,28,1,1,2,00,0,3,2,201100018072B02,7,2,1
201100018095,2011-08-21,2011,août,dimanche,21:15,35,35206,48.086,-1.693,1,1,2,2,1,3,1,01,-1,2,000,000,1,0,1,2,1,27,5,1,1,00,2,4,1,201100018095B02,7,1,1
201100018113,2011-05-25,2011,mai,mercredi,17:00,62,62439,0,0,2,1,3,1,1,4,2,02,1,3,000,033,1,0,1,3,1,22,5,1,1,00,2,3,13,201100018113B02,14,1,1
201100018142,2011-11-03,2011,novembre,jeudi,19:53,11,11069,0,0,1,1,5,3,1,3,3,02,1,1,000,000,2,0,1,3,1,50,0,1,4,00,2,4,3,201100018142A01,7,17/1,2
201100018154,2011-02-10,2011,février,jeudi,63:5,11,11069,0,0,2,1,3,2,1,4,1,01,1,1,000,020,1,0,1,4,1,40,0,1,2,00,2,7,1,201100018154B01,7,0,1
201100018155,2011-02-11,2011,février,vendredi,16:26,11,11069,0,0,2,1,7,1,1,9,-1,01,2,1,000,010,1,0,0,4,2,24,5,1,2,00,0,0,1,201100018155A01,,,
201100018171,2011-04-30,2011,avril,samedi,20:19,11,11069,0,0,1,1,3,3,1,4,-1,01,1,1,000,020,1,0,1,4,1,6,5,1,2,00,2,8,1,201100018171B01,7,0,1
201100018176,2011-05-20,2011,mai,vendredi,17:51,11,11069,0,0,2,1,3,1,1,4,1,01,1,1,000,030,1,0,0,4,1,85,5,1,2,00,2,0,0,201100018176B01,7,1,1
201100018179,2011-06-14,2011,juin,mardi,81:4,11,11069,0,0,2,1,3,1,1,4,2,02,1,1,000,030,1,0,1,4,2,50,5,1,2,00,2,8,1,201100018179B01,7,1,1
201100018185,2011-06-30,2011,juin,jeudi,16:27,11,11069,0,0,2,2,3,1,1,4,2,02,1,1,000,030,1,0,1,3,1,29,5,1,2,01,2,0,1,201100018185A01,7,15,1
201100018190,2011-07-12,2011,juillet,mardi,10:31,11,11069,0,0,1,1,2,1,1,3,2,02,1,1,000,030,1,0,1,4,1,63,5,1,2,00,2,0,0,201100018190B01,7,0,1
201100018193,2011-08-03,2011,août,mercredi,35:4,11,11069,0,0,1,1,2,4,1,3,2,02,1,1,000,000,1,0,1,4,1,27,0,1,4,15,0,1,0,201100018193B01,7,0,1
201100018201,2011-08-27,2011,août,samedi,83:9,11,11069,0,0,2,1,7,1,1,3,1,00,1,1,000,000,1,0,1,4,1,23,5,1,9,00,0,0,0,201100018201A01,,,
201100018228,2011-11-01,2011,novembre,mardi,12:27,11,11069,0,0,2,2,1,1,1,3,-1,01,1,2,000,000,1,2,1,4,1,51,0,1,9,00,2,1,1,201100018228B01,7,15,1
201100018229,2011-11-02,2011,novembre,mercredi,17:04,11,11069,0,0,1,1,6,1,1,3,-1,02,1,2,000,000,1,0,1,4,1,55,0,1,9,00,2,0,0,201100018229B01,7,0,1
201100018238,2011-12-04,2011,décembre,dimanche,90:5,11,11069,0,0,2,3,3,1,1,3,1,01,1,-1,000,000,1,0,1,4,1,18,5,1,9,00,2,1,5,201100018238A01,7,15,1
201100018252,2011-10-28,2011,octobre,vendredi,19:15,11,11076,0,0,1,1,3,3,2,3,2,02,2,1,000,076,2,0,1,3,1,32,5,1,9,00,2,8,10,201100018252A01,7,1,1
201100018265,2011-01-03,2011,janvier,lundi,14:00,11,11262,0,0,2,1,3,1,1,4,2,02,1,1,000,060,1,0,1,4,1,23,9,1,9,00,2,8,13,201100018265A01,7,1,1
201100018303,2011-06-21,2011,juin,mardi,18:10,11,11262,0,0,2,3,3,1,1,4,1,01,1,1,,067,1,0,0,4,2,59,5,1,9,00,2,1,18,201100018303B01,7,15,1
201100018304,2011-06-22,2011,juin,mercredi,12:15,11,11262,0,0,2,1,3,1,1,4,2,00,1,1,000,000,1,0,5,4,2,49,4,1,9,00,2,1,1,201100018304B01,7,0,1
201100018309,2011-07-13,2011,juillet,mercredi,21:05,11,11262,0,0,2,1,6,1,1,4,1,01,1,1,000,000,1,0,1,1,1,27,5,1,9,00,1,1,1,201100018309A01,,,
201100018309,2011-07-13,2011,juillet,mercredi,21:05,11,11262,0,0,2,1,6,1,1,4,1,01,1,1,000,000,1,0,1,4,2,6,0,1,9,00,1,1,1,201100018309A01,,,
201100018311,2011-02-21,2011,février,lundi,12:40,11,11262,0,0,2,1,3,1,1,4,2,00,1,1,000,000,1,0,4,4,2,43,4,1,4,00,2,0,1,201100018311A01,7,0,1
201100018318,2011-09-09,2011,septembre,vendredi,74:5,11,11262,0,0,2,3,3,1,1,4,2,02,1,1,000,071,1,0,1,3,1,48,1,1,8,00,2,8,1,201100018318B01,7,15,1
201100018319,2011-02-25,2011,février,vendredi,19:00,11,11262,0,0,2,3,3,2,1,4,2,01,1,1,000,000,1,0,1,4,1,24,5,1,9,00,2,0,1,201100018319A01,7,15,1
201100018324,2011-09-21,2011,septembre,mercredi,83:5,11,11262,0,0,2,6,2,1,1,4,1,01,1,-1,000,063,1,0,1,4,1,76,5,1,9,00,2,6,1,201100018324B01,7,1,1
201100018328,2011-10-07,2011,octobre,vendredi,92:0,11,11262,0,0,1,6,3,1,1,4,2,02,1,1,000,000,1,0,1,4,1,50,1,1,4,00,2,7,1,201100018328B01,7,1,1
201100018330,2011-11-09,2011,novembre,mercredi,75:0,11,11262,0,0,2,3,3,2,1,4,2,02,1,1,000,000,1,0,1,4,1,56,5,1,4,00,2,4,1,201100018330B01,7,1,1
201100018340,2011-12-10,2011,décembre,samedi,12:00,11,11262,0,0,2,1,3,1,1,4,3,02,1,1,000,000,1,0,1,4,2,58,5,1,9,00,2,2,15,201100018340B01,7,15,1
201100018364,2011-05-20,2011,mai,vendredi,12:10,11,11262,0,0,2,1,7,1,1,4,2,02,1,1,000,000,1,0,1,3,1,12,0,1,2,00,0,0,0,201100018364A01,,,
201100018365,2011-05-20,2011,mai,vendredi,11:50,11,11262,0,0,2,1,2,1,1,4,-1,02,1,1,000,000,1,0,1,4,1,39,0,1,4,00,0,0,0,201100018365A01,7,2,1
201100018368,2011-05-26,2011,mai,jeudi,18:20,11,11262,0,0,2,1,7,1,1,4,2,02,1,1,000,000,1,0,1,4,2,24,0,1,2,00,2,0,0,201100018368B01,7,0,1
201100018390,2011-08-21,2011,août,dimanche,17:55,11,11262,0,0,2,1,7,1,1,4,-1,02,1,1,000,000,1,0,1,4,1,52,0,1,4,00,0,0,0,201100018390A01,,,
201100018396,2011-08-30,2011,août,mardi,19:15,11,11262,0,0,2,1,7,1,1,4,-1,02,1,1,000,000,1,0,1,4,2,58,0,1,9,00,0,0,0,201100018396A01,,,
201100018404,2011-09-16,2011,septembre,vendredi,95:0,11,11262,0,0,2,1,6,1,1,4,2,00,1,3,000,000,1,0,1,4,2,36,1,1,4,00,2,0,0,201100018404B01,10,0,1
201100018415,2011-10-19,2011,octobre,mercredi,18:00,11,11262,0,0,2,6,3,1,1,4,2,02,1,1,000,000,1,0,1,4,1,61,0,1,9,00,2,0,1,201100018415B01,7,9,1
201100018424,2011-12-20,2011,décembre,mardi,14:25,11,11262,0,0,2,3,3,1,1,4,2,02,1,1,000,000,1,0,1,4,1,79,4,1,9,00,2,1,1,201100018424B01,7,15,1
201100018474,2011-06-04,2011,juin,samedi,10:15,74,74164,0,0,2,1,3,1,1,3,3,02,1,1,000,000,1,0,1,3,2,55,5,1,2,00,0,8,1,201100018474B02,7,2,1
201100018503,2011-03-08,2011,mars,mardi,16:46,12,12089,0,0,2,3,3,1,1,3,2,02,3,1,000,300,1,5,1,3,1,49,1,1,4,00,2,7,1,201100018503B01,10,16,1
201100018522,2011-09-20,2011,septembre,mardi,18:10,12,12145,0,0,2,3,3,1,1,4,2,02,2,1,118,076,1,5,1,3,1,78,5,1,2,00,2,1,1,201100018522B01,7,15,1
201100018552,2011-09-20,2011,septembre,mardi,10:05,12,12176,0,0,2,1,7,1,1,6,-1,01,1,1,000,000,1,0,1,3,1,76,5,1,2,12,0,1,1,201100018552Y01,,,
201100018621,2011-04-02,2011,avril,samedi,13:30,13,13001,0,0,1,1,7,1,1,3,2,02,2,1,000,035,1,0,1,3,1,77,5,1,2,00,0,0,1,201100018621A01,,,
201100018671,2011-09-13,2011,septembre,mardi,75:0,13,13001,0,0,2,6,3,1,1,4,2,00,2,-1,000,000,1,3,0,4,1,19,2,1,9,00,2,9,19,201100018671B01,37,16,1
201100018735,2011-08-02,2011,août,mardi,18:40,13,13004,0,0,2,1,1,1,1,4,1,01,1,1,000,050,1,0,1,4,2,54,0,1,9,00,2,1,1,201100018735B01,7,1,1
201100018746,2011-10-20,2011,octobre,jeudi,12:30,13,13004,0,0,2,3,6,1,1,4,2,02,1,1,000,057,1,0,1,4,1,71,3,1,9,00,2,1,19,201100018746B01,7,23,1
201100018761,2011-03-08,2011,mars,mardi,91:5,13,13005,0,0,2,1,6,1,1,9,1,02,1,2,000,000,1,0,1,3,1,76,5,1,2,00,2,8,0,201100018761B01,7,0,1
201100018807,2011-10-12,2011,octobre,mercredi,18:50,13,13070,0,0,2,3,3,2,1,2,2,02,1,1,000,000,1,5,1,3,1,18,5,1,9,00,2,3,1,201100018807B01,7,1,1
201100018815,2011-10-27,2011,octobre,jeudi,74:5,13,13005,0,0,1,1,3,2,1,3,2,02,1,1,015,100,1,0,1,4,1,62,5,1,4,00,0,6,13,201100018815B01,34,1,1
201100018865,2011-01-16,2011,janvier,dimanche,10:23,13,13063,0,0,1,1,5,1,1,3,2,02,1,3,000,060,2,0,3,4,1,63,5,1,4,00,2,0,1,201100018865K03,33,17,1
201100018865,2011-01-16,2011,janvier,dimanche,10:23,13,13063,0,0,1,1,5,1,1,3,2,02,1,3,000,060,2,0,3,4,1,60,5,1,4,00,2,1,1,201100018865G02,33,17,1
201100018865,2011-01-16,2011,janvier,dimanche,10:23,13,13063,0,0,1,1,5,1,1,3,2,02,1,3,000,060,2,0,3,3,1,57,5,1,4,00,2,3,1,201100018865C01,33,17,1
201100018865,2011-01-16,2011,janvier,dimanche,10:23,13,13063,0,0,1,1,5,1,1,3,2,02,1,3,000,060,2,0,3,4,1,63,5,1,9,00,0,8,1,201100018865B01,33,17,1
201100018865,2011-01-16,2011,janvier,dimanche,10:23,13,13063,0,0,1,1,5,1,1,3,2,02,1,3,000,060,2,0,3,4,1,59,5,1,4,00,2,1,1,201100018865E01,33,17,1
201100018865,2011-01-16,2011,janvier,dimanche,10:23,13,13063,0,0,1,1,5,1,1,3,2,02,1,3,000,060,2,0,3,4,1,70,5,1,4,00,2,1,1,201100018865F02,33,17,1
201100018865,2011-01-16,2011,janvier,dimanche,10:23,13,13063,0,0,1,1,5,1,1,3,2,02,1,3,000,060,2,0,3,1,1,60,5,1,4,00,0,0,1,201100018865I02,33,17,1
201100018865,2011-01-16,2011,janvier,dimanche,10:23,13,13063,0,0,1,1,5,1,1,3,2,02,1,3,000,060,2,0,3,3,1,63,5,1,4,00,0,0,0,201100018865D01,33,17,1
201100018865,2011-01-16,2011,janvier,dimanche,10:23,13,13063,0,0,1,1,5,1,1,3,2,02,1,3,000,060,2,0,3,4,1,60,5,1,4,00,0,0,1,201100018865J02,33,17,1
201100018865,2011-01-16,2011,janvier,dimanche,10:23,13,13063,0,0,1,1,5,1,1,3,2,02,1,3,000,060,2,0,3,1,1,69,5,1,4,00,0,0,1,201100018865H02,33,17,1
201100018870,2011-02-26,2011,février,samedi,15:15,13,13047,0,0,1,1,2,1,1,2,1,02,2,2,000,053,1,0,1,4,1,61,5,1,9,03,2,1,1,201100018870C01,7,2,1
201100018971,2011-12-24,2011,décembre,samedi,19:00,13,13055,43.29585,5.45789,2,1,7,5,1,4,3,02,2,1,015,090,1,0,1,3,1,7,5,1,4,11,0,1,1,201100018971A01,,,
201100019033,2011-01-17,2011,janvier,lundi,90:0,13,13055,0,0,2,1,6,1,1,4,2,00,1,1,000,000,1,0,1,4,2,47,0,1,9,00,2,8,1,201100019033B01,7,14,1
201100019110,2011-12-31,2011,décembre,samedi,13:00,13,13055,0,0,2,2,3,1,1,4,1,01,1,1,000,040,1,0,1,4,2,40,0,1,9,00,2,1,1,201100019110B01,7,0,1
201100019217,2011-08-06,2011,août,samedi,18:30,13,13055,0,0,2,4,3,1,1,4,2,02,2,3,000,000,1,0,1,4,1,64,5,1,9,00,2,0,1,201100019217B01,7,15,1
201100019333,2011-02-13,2011,février,dimanche,20:00,13,13055,0,0,2,1,7,5,1,4,2,02,2,1,000,070,1,0,1,4,1,25,5,1,9,00,0,0,1,201100019333B01,7,15,1
201100019350,2011-01-26,2011,janvier,mercredi,10:50,13,13075,0,0,1,1,1,1,1,4,2,00,-1,-1,000,000,1,0,1,4,1,48,5,1,9,00,2,1,1,201100019350B01,7,17,1
201100019361,2011-03-02,2011,mars,mercredi,95:0,13,13055,0,0,2,1,6,1,1,4,2,02,1,1,000,060,1,0,1,4,2,28,0,1,9,00,2,8,1,201100019361B01,2,1,1
201100019372,2011-01-24,2011,janvier,lundi,12:00,13,13055,0,0,2,3,3,1,1,4,2,02,1,1,000,050,1,0,1,4,1,43,4,1,9,00,9,1,0,201100019372B01,30,0,1
201100019410,2011-02-24,2011,février,jeudi,94:0,13,13055,0,0,2,1,7,1,1,4,2,02,1,1,000,100,1,0,1,4,1,15,2,1,2,00,2,8,13,201100019410B01,10,1,1
201100019487,2011-02-05,2011,février,samedi,13:00,13,13055,43.28687,5.39054,2,1,6,1,1,4,-1,00,1,1,000,000,-1,0,0,3,1,32,0,1,9,00,2,0,0,201100019487A01,7,0,1
201100019504,2011-03-11,2011,mars,vendredi,13:00,13,13055,0,0,2,1,1,1,1,4,2,02,1,3,000,035,1,0,1,4,1,15,0,1,9,00,2,8,15,201100019504A01,7,17,1
201100019575,2011-01-08,2011,janvier,samedi,18:15,13,13055,0,0,2,1,6,5,1,4,2,02,1,1,000,045,1,0,1,4,1,22,5,1,9,00,0,1,1,201100019575B01,7,0,1
201100019593,2011-03-24,2011,mars,jeudi,21:00,13,13055,0,0,2,3,6,5,1,4,1,00,1,1,000,000,1,0,1,4,1,25,0,1,9,00,2,4,1,201100019593B01,7,15,1
201100019594,2011-03-03,2011,mars,jeudi,12:00,13,13055,43.28784,5.37823,2,1,6,1,1,4,-1,00,1,1,000,000,1,0,0,3,1,22,0,1,2,02,2,0,0,201100019594A01,7,0,2
201100019607,2011-03-06,2011,mars,dimanche,13:30,13,13055,0,0,2,1,2,1,1,4,3,04,1,1,000,000,1,0,1,4,1,37,5,1,9,00,0,1,2,201100019607B01,7,23,1
201100019632,2011-03-30,2011,mars,mercredi,13:40,13,13055,43.29237,5.43564,2,1,1,1,1,4,3,02,2,1,000,060,1,4,1,3,1,13,5,1,2,00,2,1,16,201100019632A01,7,1,1
201100019634,2011-03-29,2011,mars,mardi,12:15,13,13055,0,0,2,1,1,1,1,4,1,01,1,1,000,060,1,0,1,4,1,57,0,1,4,00,2,1,5,201100019634A01,7,1,1
201100019648,2011-03-26,2011,mars,samedi,95:0,13,13055,0,0,2,3,6,1,1,4,2,00,1,1,000,000,1,0,1,4,1,47,5,1,9,00,2,3,2,201100019648A01,7,15,1
201100019679,2011-04-14,2011,avril,jeudi,18:30,13,13055,0,0,2,3,2,1,1,4,2,01,1,1,000,050,1,0,1,4,2,10,5,1,9,00,2,8,23,201100019679B01,7,4,1
201100019685,2011-04-05,2011,avril,mardi,10:40,13,13055,0,0,2,2,6,1,1,4,2,02,4,3,000,120,1,0,1,4,1,101,5,1,2,00,2,1,1,201100019685B01,13,16,1
201100019725,2011-03-30,2011,mars,mercredi,80:0,13,13055,0,0,2,6,3,1,1,9,-1,02,1,-1,000,070,1,0,1,4,1,22,2,1,9,00,2,7,1,201100019725A01,7,0,1
201100019868,2011-04-21,2011,avril,jeudi,73:0,13,13055,0,0,2,2,3,1,1,4,2,02,2,1,000,079,1,0,1,4,1,28,1,1,9,00,2,1,1,201100019868B01,7,1,1
201100019881,2011-05-06,2011,mai,vendredi,15:10,13,13055,0,0,2,1,6,1,1,4,2,00,-1,-1,000,000,1,0,1,4,2,35,1,1,9,00,2,0,1,201100019881B01,7,16,1
201100019910,2011-08-11,2011,août,jeudi,21:45,13,13055,0,0,2,2,3,5,1,4,1,00,1,1,000,000,1,0,1,4,2,29,0,1,9,00,2,4,1,201100019910B01,7,1,1
201100019928,2011-05-01,2011,mai,dimanche,16:40,13,13055,0,0,2,3,3,1,1,4,2,02,2,3,000,116,1,0,1,4,1,15,9,1,9,00,2,1,1,201100019928A01,7,1,1
201100020016,2011-05-29,2011,mai,dimanche,17:00,13,13055,0,0,2,1,3,1,1,4,2,02,1,1,000,000,1,2,1,4,1,11,5,1,9,00,2,0,2,201100020016B01,30,2,1
201100020017,2011-05-25,2011,mai,mercredi,92:5,13,13055,0,0,2,2,3,1,1,4,1,01,2,1,000,000,1,0,0,4,1,61,0,1,9,00,2,1,1,201100020017B01,7,1,1
201100020021,2011-05-07,2011,mai,samedi,15:00,13,13055,0,0,2,1,3,1,1,9,2,02,1,1,000,000,1,0,1,4,1,13,9,1,9,00,2,1,0,201100020021A01,33,19,1
201100020051,2011-05-20,2011,mai,vendredi,18:00,13,13055,0,0,2,1,2,1,1,4,2,02,1,1,000,089,1,0,1,4,2,56,1,1,2,00,2,4,2,201100020051B01,31,2,1
201100020062,2011-06-02,2011,juin,jeudi,11:00,13,13002,0,0,1,1,6,1,1,4,2,00,2,1,000,000,1,0,1,4,1,46,5,1,9,00,2,1,21,201100020062B01,7,10,1
201100020091,2011-04-29,2011,avril,vendredi,74:5,13,13055,0,0,2,2,6,1,1,4,-1,00,1,1,000,000,1,0,1,4,2,25,1,1,4,00,2,8,1,201100020091B01,10,16,1
201100020109,2011-06-19,2011,juin,dimanche,20:00,13,13055,0,0,2,1,3,1,1,4,2,02,2,1,000,040,1,0,1,4,1,11,5,1,9,00,2,7,19,201100020109A01,32,1,1
201100020119,2011-06-12,2011,juin,dimanche,11:20,13,13002,0,0,1,1,6,1,1,3,2,02,2,3,000,060,1,0,1,3,1,74,9,1,2,00,0,0,1,201100020119A01,99,1,1
201100020125,2011-06-08,2011,juin,mercredi,30:,13,13055,0,0,2,1,3,5,1,4,3,05,1,1,000,000,1,0,1,4,1,26,0,1,9,00,2,1,1,201100020125B01,7,11,1
201100020145,2011-06-21,2011,juin,mardi,83:0,13,13055,0,0,2,1,6,1,1,4,2,00,1,1,000,000,1,0,1,4,1,65,0,1,9,00,2,0,0,201100020145B01,14,1,1
201100020166,2011-06-23,2011,juin,jeudi,13:40,13,13055,0,0,2,1,3,1,1,4,2,04,1,1,010,100,1,0,1,4,1,68,5,1,2,00,2,8,11,201100020166B01,7,1,1
201100020205,2011-05-25,2011,mai,mercredi,90:0,13,13055,0,0,2,1,3,1,1,4,-1,00,2,1,000,000,1,0,1,4,1,21,0,1,9,00,2,0,0,201100020205B01,7,0,1
201100020224,2011-06-23,2011,juin,jeudi,18:25,13,13055,0,0,2,1,2,1,1,4,2,02,1,1,000,050,1,0,1,4,1,18,5,1,9,00,2,1,16,201100020224A01,30,1,1
201100020237,2011-05-28,2011,mai,samedi,93:0,13,13055,0,0,2,6,3,1,1,4,2,02,1,-1,000,070,1,0,1,4,2,38,4,1,9,00,2,1,1,201100020237A01,7,1,1
201100020239,2011-06-10,2011,juin,vendredi,16:45,13,13055,0,0,2,1,2,1,1,4,2,03,1,2,000,090,1,0,1,4,2,39,1,1,2,00,2,5,1,201100020239B01,7,0,1
201100020253,2011-07-08,2011,juillet,vendredi,84:0,13,13055,43.29049,5.4395,2,1,2,1,1,3,3,05,1,1,008,105,1,0,1,3,1,36,1,1,4,00,2,6,11,201100020253A01,7,1,1