Num_Acc,date,an,mois,jour,hrmn,dep,com,lat,long,agg,int,col,lum,atm,catr,circ,nbv,prof,plan,lartpc,larrout,surf,infra,situ,grav,sexe,age,trajet,secuexist,equipement,obs,obsm,choc,manv,vehiculeid,typevehicules,manoeuvehicules,numVehicules
201100020257,2011-06-30,2011,juin,jeudi,60:0,13,13055,0,0,2,2,3,2,1,4,1,00,1,1,000,000,1,0,1,4,1,57,0,1,4,00,2,0,1,201100020257B01,7,1,1
201100020274,2011-06-08,2011,juin,mercredi,11:30,13,13055,0,0,2,1,2,1,1,4,2,04,1,1,000,120,1,0,1,4,1,38,0,1,9,00,0,1,2,201100020274A01,37,23,1
201100020316,2011-06-18,2011,juin,samedi,13:00,13,13055,0,0,2,1,3,1,1,4,1,01,1,2,000,088,1,0,1,4,1,35,5,1,4,00,2,8,1,201100020316B01,7,16,1
201100020325,2011-07-07,2011,juillet,jeudi,23:30,13,13055,43.3201,5.37109,2,1,3,5,1,4,1,01,1,1,000,030,1,3,1,3,1,14,5,1,4,00,0,7,0,201100020325A01,10,1,1
201100020329,2011-06-23,2011,juin,jeudi,20:30,13,13055,43.24896,5.45208,2,1,3,2,1,3,2,02,2,1,000,060,1,0,1,3,1,57,5,1,2,00,2,1,2,201100020329B01,7,15,1
201100020342,2011-07-08,2011,juillet,vendredi,83:5,13,13055,0,0,2,1,3,1,1,4,2,01,1,1,000,000,1,0,1,4,1,48,0,1,9,00,2,7,1,201100020342B01,7,15,1
201100020480,2011-07-07,2011,juillet,jeudi,60:5,13,13055,0,0,2,1,6,2,1,9,-1,00,2,-1,000,000,1,0,1,4,1,23,1,1,9,00,2,0,1,201100020480B01,10,0,1
201100020503,2011-06-30,2011,juin,jeudi,18:45,13,13055,0,0,2,1,3,1,1,4,2,03,1,1,000,081,1,0,1,4,2,52,1,1,4,00,2,1,15,201100020503B01,7,1,1
201100020593,2011-07-15,2011,juillet,vendredi,19:20,13,13055,0,0,2,1,1,1,1,4,2,01,1,2,000,000,1,0,1,4,2,41,5,1,4,00,2,1,1,201100020593B01,7,0,1
201100020620,2011-08-09,2011,août,mardi,12:20,13,13055,0,0,2,1,3,1,1,4,2,02,1,-1,000,080,1,0,1,4,2,56,1,1,9,00,2,8,1,201100020620B01,7,17,1
201100020625,2011-08-27,2011,août,samedi,82:0,13,13055,0,0,2,1,3,1,1,4,4,02,1,-1,000,060,1,0,1,4,1,38,1,1,9,00,2,7,1,201100020625B01,7,9,1
201100020737,2011-09-14,2011,septembre,mercredi,15:50,13,13055,43.30831,5.43602,2,1,2,1,1,4,2,02,1,1,000,025,1,0,1,3,1,14,5,1,9,00,2,0,2,201100020737A01,7,2,1
201100020748,2011-09-16,2011,septembre,vendredi,85:0,13,13075,0,0,2,1,6,1,1,4,-1,00,1,1,000,000,1,0,1,4,1,13,2,1,9,00,2,0,23,201100020748B01,7,4,1
201100020838,2011-10-05,2011,octobre,mercredi,12:50,13,13055,0,0,2,1,3,1,1,4,2,02,1,1,027,050,1,0,1,4,1,17,5,1,4,00,2,7,16,201100020838A01,30,2,1
201100020880,2011-09-26,2011,septembre,lundi,12:25,13,13055,0,0,2,1,6,1,1,4,-1,00,1,1,000,000,1,0,1,4,1,40,0,1,9,00,1,0,1,201100020880B01,7,1,1
201100020889,2011-10-01,2011,octobre,samedi,11:20,13,13055,0,0,2,1,3,1,1,4,2,03,2,3,000,106,1,0,1,3,1,56,5,1,2,00,2,8,1,201100020889B01,10,17,1
201100020921,2011-07-03,2011,juillet,dimanche,11:18,13,13055,0,0,2,1,3,1,1,3,2,02,-1,4,000,058,1,0,1,4,1,46,0,1,9,00,2,1,0,201100020921B01,33,0,1
201100020931,2011-09-30,2011,septembre,vendredi,84:5,13,13055,0,0,2,1,5,1,1,4,2,03,1,1,000,085,1,0,1,4,1,2011,0,1,9,00,2,1,3,201100020931A01,7/ 37,15/16,2
201100020932,2011-10-08,2011,octobre,samedi,19:00,13,13055,0,0,2,1,6,5,1,4,-1,00,1,1,000,000,1,0,1,4,1,11,0,1,9,00,2,1,0,201100020932A01,7,0,1
201100020961,2011-10-05,2011,octobre,mercredi,18:15,13,13055,0,0,2,1,3,1,1,4,1,02,2,2,000,060,1,0,1,4,1,46,1,1,9,00,2,4,5,201100020961A01,7,1,1
201100021040,2011-08-03,2011,août,mercredi,13:30,13,13055,0,0,2,1,2,1,1,4,2,02,1,-1,090,045,1,0,1,4,1,43,0,1,9,00,2,4,2,201100021040B01,7,2,1
201100021435,2011-12-14,2011,décembre,mercredi,10:00,13,13055,43.30979,5.37959,2,2,3,1,1,4,1,00,1,1,000,050,1,0,0,3,2,27,0,1,9,00,2,1,0,201100021435A01,10,0,1
201100021488,2011-03-20,2011,mars,dimanche,10:50,13,13056,0,0,2,1,3,1,1,4,1,02,-1,-1,000,000,-1,0,1,4,1,10,5,1,9,00,0,1,1,201100021488B01,7,12,1
201100021507,2011-05-12,2011,mai,jeudi,14:30,13,13056,0,0,2,1,2,1,1,4,2,01,2,2,000,000,1,0,1,4,1,9,5,1,9,00,2,1,1,201100021507B01,7,1,1
201100021512,2011-05-27,2011,mai,vendredi,13:55,13,13056,0,0,2,3,3,1,1,4,1,01,1,1,000,000,1,0,1,4,1,47,5,1,9,00,2,1,19,201100021512A01,7,1,1
201100021554,2011-08-30,2011,août,mardi,81:5,13,13026,0,0,1,1,3,1,1,2,4,02,1,3,000,050,1,5,1,3,1,58,0,1,9,00,2,8,1,201100021554B01,7,12,1
201100021556,2011-09-03,2011,septembre,samedi,19:20,13,13026,0,0,1,2,3,1,7,2,-1,01,1,1,000,000,1,0,1,4,1,63,0,1,9,00,2,1,1,201100021556B01,7,16,1
201100021585,2011-10-20,2011,octobre,jeudi,14:45,13,13056,0,0,2,1,3,1,1,4,2,02,2,1,000,000,1,0,1,4,1,76,0,1,9,00,2,3,19,201100021585B01,7,16,1
201100021626,2011-06-18,2011,juin,samedi,12:00,13,13103,43.64051,5.10647,2,6,1,1,2,3,2,02,1,-1,090,060,2,0,1,3,1,56,5,1,2,00,2,1,0,201100021626B01,7,5,1
201100021659,2011-09-30,2011,septembre,vendredi,11:30,13,13108,0,0,2,1,3,1,1,3,2,01,1,1,000,088,1,0,1,3,1,13,2,1,9,00,2,3,2,201100021659A01,7,17,1
201100021659,2011-09-30,2011,septembre,vendredi,11:30,13,13108,0,0,2,1,3,1,1,3,2,01,1,1,000,088,1,0,1,4,1,13,2,1,9,00,2,3,2,201100021659A01,7,17,1
201100021661,2011-11-02,2011,novembre,mercredi,81:5,13,13108,0,0,2,6,3,1,1,4,1,01,1,2,000,060,1,0,1,4,2,18,1,1,4,00,2,5,11,201100021661B01,7,1,1
201100021670,2011-01-07,2011,janvier,vendredi,13:20,13,13117,0,0,1,1,2,1,1,3,1,02,2,1,000,120,1,0,1,3,1,55,5,1,2,00,2,6,2,201100021670B01,30,2,1
201100021721,2011-04-11,2011,avril,lundi,18:45,13,13071,43.40946,5.32068,2,1,6,1,1,4,2,02,1,1,020,058,1,0,1,3,2,28,5,1,9,12,0,1,14,201100021721A01,,,
201100021769,2011-06-16,2011,juin,jeudi,16:10,13,13071,0,0,2,1,3,1,1,3,2,02,2,1,010,000,1,0,1,3,1,73,0,1,9,00,2,8,11,201100021769A01,7,2,1
201100021772,2011-06-17,2011,juin,vendredi,16:15,13,13071,0,0,1,1,1,1,1,4,2,01,1,3,000,000,1,0,1,4,1,15,5,1,9,00,2,1,16,201100021772B01,7,15,1
201100021775,2011-06-22,2011,juin,mercredi,11:40,13,13117,0,0,2,1,3,1,1,4,-1,00,4,-1,000,000,1,0,1,4,1,37,5,1,2,00,2,1,1,201100021775B01,7,9,1
201100021868,2011-11-08,2011,novembre,mardi,15:30,13,13117,0,0,2,1,3,1,1,4,2,02,1,1,000,035,1,0,1,4,1,12,2,1,2,00,2,1,11,201100021868A01,7,2,1
201100021890,2011-12-01,2011,décembre,jeudi,90:0,13,13117,0,0,1,1,2,1,2,3,1,01,2,1,000,032,2,0,1,4,1,74,5,1,9,00,2,4,0,201100021890B01,33,12,1
201100021932,2011-05-05,2011,mai,jeudi,13:45,78,78356,48.734,2.076,1,1,5,1,1,3,2,02,1,2,000,063,1,0,1,3,1,60,5,1,2,12,2,0,1,201100021932C03,10,17,1
201100021932,2011-05-05,2011,mai,jeudi,13:45,78,78356,48.734,2.076,1,1,5,1,1,3,2,02,1,2,000,063,1,0,1,4,1,37,5,1,2,00,2,6,1,201100021932B02,10,17,1
201100021994,2011-01-24,2011,janvier,lundi,75:0,14,14118,49.1839,-0.37573,2,4,3,2,2,4,2,02,2,1,000,000,2,0,1,3,1,42,1,1,2,00,2,1,23,201100021994B01,7,15,1
201100022061,2011-12-18,2011,décembre,dimanche,93:0,14,14327,0,0,2,3,3,1,8,4,2,02,1,1,000,000,2,0,1,3,2,44,5,1,9,00,2,1,1,201100022061B01,7,1,1
201100022090,2011-10-08,2011,octobre,samedi,12:15,30,30034,43.73759,4.51974,2,1,2,1,1,4,2,02,1,1,000,000,1,0,1,3,2,48,4,1,1,00,2,4,2,201100022090B02,31,2,1
201100022099,2011-04-10,2011,avril,dimanche,10:15,14,14536,49.4117,0.25241,2,6,2,1,1,3,2,02,1,1,016,078,1,0,1,4,1,26,5,1,2,00,2,4,16,201100022099B01,7,14,1
201100022108,2011-11-16,2011,novembre,mercredi,17:53,14,14333,0,0,2,1,3,5,1,3,2,01,1,-1,000,076,1,0,1,4,2,21,9,1,9,01,0,1,21,201100022108B01,7,24,1
201100022130,2011-04-23,2011,avril,samedi,11:45,14,14366,49.1605,0.22695,2,1,3,1,1,4,4,01,3,1,000,053,1,0,1,4,1,16,5,1,2,00,2,1,16,201100022130A01,7,1,1
201100022159,2011-12-08,2011,décembre,jeudi,13:45,14,14366,0,0,2,1,3,1,1,4,2,01,1,1,000,060,1,0,1,4,1,20,5,1,9,00,2,1,19,201100022159A01,7,1,1
201100022161,2011-10-29,2011,octobre,samedi,15:40,14,14557,0,0,1,1,6,1,1,3,2,02,1,1,000,000,1,0,1,4,1,64,5,1,9,00,2,7,1,201100022161B01,7,9,1
201100022190,2011-11-29,2011,novembre,mardi,18:30,14,14715,0,0,2,1,6,5,2,9,1,01,1,1,000,000,2,0,1,4,1,43,5,1,9,00,2,1,1,201100022190B01,7,16,1
201100022200,2011-04-28,2011,avril,jeudi,16:45,13,13010,0,0,1,3,1,1,1,3,2,00,2,1,000,060,1,0,1,3,1,58,5,1,2,00,0,8,1,201100022200A01,7,16,1
201100022207,2011-03-25,2011,mars,vendredi,12:00,34,34192,43.52956,3.92331,2,6,3,1,1,3,1,02,1,2,000,088,1,0,1,3,2,69,5,1,2,00,2,1,12,201100022207B02,7,2,1
201100022313,2011-06-04,2011,juin,samedi,83:0,95,95183,49.0379,1.9956,1,6,3,1,1,3,2,02,1,1,000,043,1,5,1,4,1,45,5,1,2,00,2,7,1,201100022313B02,7,9,1
201100022361,2011-05-22,2011,mai,dimanche,11:00,35,35152,48.19404,-1.51234,1,1,1,1,1,3,2,00,-1,-1,000,075,1,0,1,3,1,61,5,1,2,00,2,8,1,201100022361B02,7,17,1
201100022450,2011-04-30,2011,avril,samedi,12:27,16,16015,0,0,2,1,6,1,1,4,-1,01,-1,-1,000,000,-1,0,1,3,1,17,5,1,9,00,2,7,19,201100022450B01,37,1,1
201100022460,2011-05-21,2011,mai,samedi,15:30,16,16113,0,0,1,3,3,1,1,3,2,02,1,1,000,060,1,0,1,3,1,70,5,1,2,00,2,6,1,201100022460B01,7,15,1
201100022463,2011-06-02,2011,juin,jeudi,15:37,16,16154,0,0,2,3,3,1,1,3,2,02,1,1,000,057,1,0,1,3,1,15,5,1,2,00,2,1,16,201100022463B01,7,1,1
201100022472,2011-06-21,2011,juin,mardi,18:35,16,16015,0,0,2,3,3,1,1,4,2,02,2,1,000,047,1,0,1,4,1,12,5,1,2,00,2,1,1,201100022472B01,7,15,1
201100022504,2011-09-18,2011,septembre,dimanche,18:50,16,16015,45.65298,0.16476,2,2,3,1,1,3,2,02,2,1,025,130,1,5,1,4,1,23,5,1,2,00,2,1,7,201100022504A01,7,1,1
201100022509,2011-09-30,2011,septembre,vendredi,15:20,16,16015,45.65363,0.16194,2,1,3,1,1,4,1,01,1,1,000,037,1,0,1,3,1,15,5,1,2,00,2,1,15,201100022509B01,13,16,1
201100022513,2011-09-25,2011,septembre,dimanche,18:40,16,16015,45.65685,0.17066,2,1,6,2,1,3,2,03,1,1,020,100,1,0,1,4,1,13,5,1,2,00,2,0,19,201100022513B01,7,1,1
201100022536,2011-01-13,2011,janvier,jeudi,17:35,16,16102,45.69861,-0.32893,2,2,2,5,1,4,2,02,1,1,000,070,1,0,1,3,1,60,5,1,9,00,2,4,1,201100022536B01,7,16,1
201100022547,2011-12-09,2011,décembre,vendredi,16:30,16,16089,45.68141,-0.32856,2,6,2,1,1,3,1,01,1,1,010,070,1,5,1,3,1,63,5,1,9,00,2,4,1,201100022547B01,7,1,1
201100022558,2011-03-10,2011,mars,jeudi,17:00,69,69260,0,0,2,6,6,1,1,3,2,01,1,1,000,000,-1,0,1,3,1,76,5,1,2,00,2,1,2,201100022558A01,,,
201100022576,2011-08-29,2011,août,lundi,81:5,66,66028,42.6865,2.93478,2,6,3,1,7,3,1,02,1,2,000,086,1,3,1,3,2,63,5,1,2,00,0,1,1,201100022576B02,30,16,1
201100022578,2011-01-01,2011,janvier,samedi,15:10,17,17299,0,0,2,2,3,1,1,4,2,02,1,1,000,070,1,5,1,3,2,14,3,1,9,00,2,1,1,201100022578A01,7,1,1
201100022582,2011-01-19,2011,janvier,mercredi,17:20,17,17299,0,0,2,1,7,1,1,4,3,02,1,1,000,060,1,0,1,4,2,56,3,1,9,00,0,0,0,201100022582A01,,,
201100022594,2011-03-20,2011,mars,dimanche,16:15,17,17299,0,0,2,1,2,1,1,4,2,02,1,1,000,108,1,0,1,4,1,44,0,1,9,00,2,4,2,201100022594B01,7,2,1
201100022605,2011-04-28,2011,avril,jeudi,17:10,17,17299,0,0,2,6,3,1,1,4,2,02,1,1,000,039,1,0,5,4,2,15,0,1,9,00,2,8,0,201100022605B01,7,0,1
201100022610,2011-05-12,2011,mai,jeudi,14:35,17,17299,0,0,2,2,3,1,1,3,2,02,1,1,000,074,1,0,1,3,1,78,3,1,9,00,2,0,1,201100022610B01,17,16,1
201100022618,2011-06-17,2011,juin,vendredi,73:0,17,17299,0,0,2,6,3,1,1,4,1,01,1,2,000,040,1,0,1,4,1,34,1,1,9,00,2,4,0,201100022618B01,7,0,1
201100022619,2011-06-21,2011,juin,mardi,14:30,17,17299,0,0,1,6,2,1,1,3,2,02,1,1,000,070,1,0,1,4,1,36,0,1,9,00,2,4,2,201100022619B01,7,2,1
201100022636,2011-09-16,2011,septembre,vendredi,19:40,17,17299,0,0,2,6,3,1,1,4,2,02,1,1,000,105,1,0,1,4,2,47,0,1,9,00,2,7,0,201100022636B01,7,9,1
201100022641,2011-10-05,2011,octobre,mercredi,74:5,17,17449,0,0,2,1,3,1,1,4,2,02,2,1,000,050,1,0,1,4,1,41,1,1,9,00,2,1,1,201100022641B01,1,15,1
201100022641,2011-10-05,2011,octobre,mercredi,74:5,17,17449,0,0,2,1,3,1,1,4,2,02,2,1,000,050,1,0,1,1,1,15,2,1,9,00,2,6,15,201100022641A01,1,1,1
201100022659,2011-12-15,2011,décembre,jeudi,18:00,17,17449,0,0,2,6,3,4,3,4,2,02,2,1,000,064,2,5,1,4,1,14,2,1,9,00,2,7,0,201100022659B01,7,9,1
201100022670,2011-01-12,2011,janvier,mercredi,74:9,17,17300,0,0,2,6,6,5,2,4,2,02,1,1,000,000,2,0,5,4,1,24,1,1,4,00,2,1,1,201100022670B01,7,1,1
201100022672,2011-01-14,2011,janvier,vendredi,18:15,17,17300,0,0,2,1,6,2,1,4,1,01,1,1,000,000,1,0,1,1,1,52,0,1,9,00,1,1,1,201100022672A01,,,
201100022690,2011-02-06,2011,février,dimanche,18:09,17,17200,0,0,2,1,2,2,1,4,2,02,1,1,000,000,1,0,1,4,1,14,5,1,2,00,2,4,1,201100022690B01,7,1,1
201100022693,2011-02-08,2011,février,mardi,93:0,17,17274,0,0,2,1,7,1,1,4,-1,01,-1,-1,000,000,-1,0,0,3,1,62,0,1,2,00,0,0,0,201100022693A01,,,
201100022700,2011-02-16,2011,février,mercredi,94:0,17,17300,0,0,2,1,6,1,1,4,2,02,1,1,000,000,1,0,1,4,2,20,0,1,9,00,0,0,0,201100022700B01,7,17,1
201100022704,2011-02-23,2011,février,mercredi,91:4,17,17300,0,0,2,2,3,1,1,3,2,02,1,1,000,000,1,0,1,4,2,59,0,1,9,00,1,8,1,201100022704B01,7,1,1
201100022711,2011-03-01,2011,mars,mardi,16:42,17,17300,0,0,2,1,2,1,1,4,2,02,-1,-1,000,000,-1,0,1,4,2,65,5,1,2,00,2,4,1,201100022711B01,7,1,1
201100022714,2011-03-08,2011,mars,mardi,84:5,17,17300,0,0,2,1,6,1,1,4,2,02,1,1,000,000,1,0,1,4,2,13,9,1,2,00,2,8,19,201100022714B01,7,1,1
201100022739,2011-04-01,2011,avril,vendredi,11:30,17,17300,0,0,2,1,1,1,1,4,1,00,1,1,000,000,1,0,1,3,1,74,0,1,2,01,0,1,0,201100022739B01,7,0,1
201100022745,2011-04-08,2011,avril,vendredi,16:10,17,17300,0,0,2,2,3,1,1,4,-1,01,-1,1,000,000,-1,0,5,4,1,16,0,1,2,00,2,0,1,201100022745B01,10,1,1
201100022748,2011-04-11,2011,avril,lundi,16:34,17,17300,0,0,2,1,1,1,1,4,2,02,1,1,000,000,1,0,1,4,1,22,0,1,9,00,2,1,13,201100022748A01,7,1,1
201100022750,2011-04-12,2011,avril,mardi,14:35,17,17300,0,0,2,1,1,1,1,4,2,02,1,1,000,000,1,0,1,4,2,24,5,1,2,00,2,1,1,201100022750B01,33,1,1
201100022751,2011-04-13,2011,avril,mercredi,12:15,17,17300,0,0,2,1,3,1,1,4,1,00,1,1,000,000,1,0,1,4,2,25,5,1,2,00,2,1,9,201100022751B01,7,0,1
201100022761,2011-05-02,2011,mai,lundi,23:40,17,17300,0,0,2,3,3,5,1,4,1,01,-1,-1,000,000,-1,0,1,4,1,38,0,1,2,00,2,1,1,201100022761B01,7,1,1
201100022762,2011-05-03,2011,mai,mardi,5:,17,17200,0,0,2,1,7,5,1,4,2,02,1,1,000,000,1,0,1,1,1,23,0,1,2,16,0,1,1,201100022762A01,,,
201100022762,2011-05-03,2011,mai,mardi,5:,17,17200,0,0,2,1,7,5,1,4,2,02,1,1,000,000,1,0,1,4,2,67,0,1,2,16,0,1,1,201100022762A01,,,
201100022774,2011-05-17,2011,mai,mardi,11:10,17,17300,0,0,2,1,6,1,1,4,1,01,1,1,000,000,1,0,1,4,2,22,0,1,9,00,2,1,1,201100022774B01,7,22,1
201100022779,2011-05-20,2011,mai,vendredi,13:40,17,17300,0,0,2,2,3,1,1,4,2,02,1,1,000,000,1,0,1,4,1,12,0,1,9,00,2,8,15,201100022779A01,7,1,1
201100022789,2011-05-27,2011,mai,vendredi,90:8,17,17300,0,0,2,1,7,1,1,4,1,01,-1,-1,000,000,-1,0,1,4,2,43,1,1,2,00,2,8,0,201100022789B01,30,0,1
201100022797,2011-06-06,2011,juin,lundi,94:3,17,17300,0,0,2,1,1,1,1,4,2,02,1,2,000,000,1,0,1,4,2,65,0,1,2,00,2,1,1,201100022797B01,1,13,1
201100022797,2011-06-06,2011,juin,lundi,94:3,17,17300,0,0,2,1,1,1,1,4,2,02,1,2,000,000,1,0,1,1,1,22,0,1,2,00,2,1,13,201100022797A01,1,1,1
201100022806,2011-06-10,2011,juin,vendredi,17:57,17,17300,0,0,2,1,3,1,1,4,-1,00,1,-1,000,000,1,0,1,4,2,63,0,1,9,00,2,7,0,201100022806B01,7,0,1
201100022808,2011-06-15,2011,juin,mercredi,10:20,17,17300,0,0,2,1,6,1,1,9,-1,01,-1,-1,000,000,1,0,5,4,1,35,0,1,2,00,2,0,1,201100022808A01,7,19,1
201100022815,2011-06-23,2011,juin,jeudi,13:50,17,17300,0,0,2,1,3,1,1,4,2,04,-1,-1,000,000,-1,0,1,1,1,18,0,1,4,00,2,7,15,201100022815B01,2,1,1
201100022825,2011-07-02,2011,juillet,samedi,95:0,17,17300,0,0,2,1,6,1,1,4,1,01,-1,1,000,000,-1,0,0,4,1,33,0,1,2,01,0,0,0,201100022825B01,,,
201100022832,2011-07-06,2011,juillet,mercredi,13:45,17,17300,0,0,2,9,3,1,1,4,2,02,1,1,000,000,1,0,1,4,1,65,5,1,2,00,2,7,1,201100022832B01,7,1,1
201100022833,2011-07-06,2011,juillet,mercredi,19:40,17,17300,0,0,2,1,7,1,1,4,2,02,1,1,000,000,1,0,1,4,1,46,0,1,9,16,0,0,1,201100022833A01,,,
201100022838,2011-07-12,2011,juillet,mardi,16:06,17,17300,0,0,2,1,1,1,1,4,1,00,1,1,000,000,1,0,1,4,2,20,5,1,2,00,2,1,1,201100022838B01,7,0,1
201100022840,2011-07-15,2011,juillet,vendredi,10:5,17,17300,0,0,2,1,6,5,1,4,2,02,1,2,000,000,1,0,1,4,2,23,0,1,9,00,2,6,1,201100022840B01,7,14,1
201100022855,2011-08-03,2011,août,mercredi,14:00,17,17300,0,0,2,1,2,1,1,4,1,02,-1,-1,000,000,-1,0,1,4,1,47,0,1,4,00,2,1,1,201100022855B01,7,1,1
201100022860,2011-08-06,2011,août,samedi,17:50,17,17300,0,0,2,1,1,1,1,4,2,02,1,1,000,000,1,0,1,4,1,11,9,1,9,00,2,3,1,201100022860A01,7,17,1
201100022869,2011-08-20,2011,août,samedi,12:40,17,17300,0,0,2,1,1,1,1,4,1,00,1,1,000,000,1,0,1,4,1,35,0,1,2,00,2,1,0,201100022869A01,7,0,1
201100022875,2011-08-31,2011,août,mercredi,13:29,17,17274,0,0,2,6,6,1,1,2,3,04,-1,-1,000,000,-1,0,0,4,1,19,0,1,2,00,2,1,19,201100022875B01,7,9,1
201100022878,2011-09-03,2011,septembre,samedi,19:06,17,17300,0,0,2,1,6,1,1,4,2,02,1,1,000,000,1,0,1,4,1,14,5,1,2,00,2,0,1,201100022878B01,7,4,1
201100022883,2011-09-06,2011,septembre,mardi,18:00,17,17300,0,0,1,1,1,1,1,4,-1,00,1,1,000,000,1,0,1,4,1,82,0,1,2,00,2,1,0,201100022883B01,7,0,1
201100022887,2011-09-10,2011,septembre,samedi,18:59,17,17300,0,0,2,1,2,1,1,4,2,02,1,1,000,000,1,0,1,4,2,21,1,1,2,00,2,4,2,201100022887B01,30,1,1
201100022889,2011-09-16,2011,septembre,vendredi,22:10,17,17300,0,0,1,1,3,2,1,4,-1,00,1,-1,000,000,1,0,1,4,1,29,0,1,9,00,2,1,0,201100022889B01,7,0,1
201100022899,2011-09-27,2011,septembre,mardi,13:47,17,17300,0,0,2,1,7,1,1,4,1,00,1,1,000,000,1,0,5,4,1,58,1,1,4,00,0,0,2,201100022899A01,,,
201100022902,2011-09-28,2011,septembre,mercredi,80:0,17,17300,0,0,2,1,1,1,1,4,-1,00,1,1,000,000,1,0,1,4,1,23,0,1,9,00,2,1,0,201100022902B01,7,0,1
201100022903,2011-09-28,2011,septembre,mercredi,10:46,17,17300,0,0,2,9,3,1,1,4,2,02,1,1,000,000,1,0,1,4,1,82,5,1,9,00,2,0,1,201100022903B01,7,1,1
201100022905,2011-09-28,2011,septembre,mercredi,18:35,17,17300,0,0,2,1,6,2,1,4,2,02,-1,2,000,000,-1,0,0,4,2,54,0,1,4,00,2,0,1,201100022905B01,7,12,1
201100022909,2011-10-02,2011,octobre,dimanche,19:40,17,17300,0,0,2,1,2,1,1,4,2,02,1,1,000,000,1,0,1,4,1,25,9,1,9,00,2,1,1,201100022909A01,7,1,1
201100022918,2011-10-07,2011,octobre,vendredi,91:6,17,17028,0,0,2,9,6,1,1,4,2,02,1,1,000,000,1,0,1,4,1,69,5,1,2,00,2,0,1,201100022918A01,7,1,1
201100022941,2011-11-05,2011,novembre,samedi,10:39,17,17300,0,0,2,9,7,1,1,4,1,02,1,2,000,000,1,0,1,4,1,26,0,1,9,00,0,0,1,201100022941B01,7,9,1
201100022944,2011-11-07,2011,novembre,lundi,18:14,17,17028,0,0,2,9,6,5,1,4,2,02,1,1,000,000,1,0,1,4,1,17,0,1,4,00,2,1,1,201100022944B01,7,1,1
201100022954,2011-11-16,2011,novembre,mercredi,11:44,17,17300,0,0,2,1,6,1,1,4,2,02,1,1,000,000,1,0,1,3,2,77,5,1,9,00,2,0,19,201100022954B01,7,1,1
201100022960,2011-11-23,2011,novembre,mercredi,14:20,17,17300,0,0,2,1,1,1,1,4,-1,00,1,1,000,000,1,0,1,4,1,83,0,1,9,00,2,1,1,201100022960B01,7,1,1
201100022961,2011-11-23,2011,novembre,mercredi,18:50,17,17300,0,0,2,1,7,1,1,4,2,02,1,1,000,000,1,0,1,4,1,21,0,1,9,16,0,2,1,201100022961A01,,,
201100022964,2011-11-28,2011,novembre,lundi,85:0,17,17300,0,0,2,1,1,1,1,4,-1,00,1,1,000,000,1,0,1,4,2,19,5,1,9,00,2,1,1,201100022964B01,7,0,1
201100022979,2011-12-08,2011,décembre,jeudi,12:35,17,17300,0,0,2,1,1,1,1,4,1,00,1,1,000,000,1,0,1,4,2,22,0,1,9,00,2,1,0,201100022979B01,7,0,1
201100023000,2011-02-07,2011,février,lundi,14:15,17,17380,0,0,2,6,6,1,1,4,-1,02,-1,-1,000,000,-1,0,1,3,1,61,5,1,4,00,2,0,1,201100023000B01,7,0,1
201100023002,2011-02-24,2011,février,jeudi,16:30,17,17306,0,0,2,1,3,1,1,4,-1,02,-1,-1,000,000,-1,0,1,4,1,87,0,1,9,00,2,0,0,201100023002B01,7,0,1
201100023007,2011-03-23,2011,mars,mercredi,13:00,17,17380,0,0,2,1,6,1,1,4,-1,02,-1,-1,000,000,-1,0,1,3,1,66,5,1,2,00,2,0,1,201100023007B01,7,0,1
201100023009,2011-04-26,2011,avril,mardi,12:40,17,17306,0,0,2,1,3,1,1,4,-1,02,-1,-1,000,000,-1,0,1,4,1,23,9,1,9,00,2,1,0,201100023009B01,7,0,1
201100023010,2011-04-29,2011,avril,vendredi,15:14,17,17333,0,0,2,3,3,1,1,4,1,01,1,1,000,000,1,0,1,4,1,23,5,1,2,00,2,1,16,201100023010A01,7,1,1
201100023018,2011-06-01,2011,juin,mercredi,12:45,17,17306,0,0,2,1,3,1,1,4,-1,02,-1,-1,000,000,-1,0,1,4,2,25,0,1,2,00,2,0,0,201100023018B01,7,0,1
201100023024,2011-06-21,2011,juin,mardi,16:13,17,17306,0,0,2,1,2,1,1,4,-1,02,-1,-1,000,000,-1,0,1,4,1,15,9,1,4,00,2,0,0,201100023024A01,38,0,1
201100023025,2011-06-22,2011,juin,mercredi,23:0,17,17306,0,0,2,1,6,5,1,4,2,02,1,1,000,000,1,0,1,4,1,20,5,1,2,12,0,1,1,201100023025A01,,,
201100023031,2011-07-06,2011,juillet,mercredi,16:08,17,17461,0,0,2,1,2,1,1,4,2,02,1,1,000,000,1,0,1,4,1,16,5,1,2,00,2,1,1,201100023031A01,7,1,1
201100023039,2011-07-16,2011,juillet,samedi,52:5,17,17306,0,0,1,1,6,3,1,3,3,02,1,1,000,000,1,0,1,4,1,19,9,1,2,00,2,4,1,201100023039B01,7,1,1
201100023053,2011-08-03,2011,août,mercredi,18:00,17,17306,0,0,2,1,3,1,1,4,-1,00,-1,-1,000,000,-1,0,1,4,1,14,0,1,4,00,2,1,0,201100023053B01,7,0,1
201100023062,2011-08-12,2011,août,vendredi,12:15,17,17306,0,0,2,1,6,1,1,4,2,02,1,-1,000,000,1,0,1,4,1,69,5,1,2,00,2,1,0,201100023062A01,7,1,1
201100023064,2011-08-17,2011,août,mercredi,11:45,17,17380,0,0,2,1,6,1,1,4,2,02,1,1,000,000,1,0,1,4,2,58,5,1,2,00,1,1,1,201100023064A01,1,0,1