Num_Acc,date,an,mois,jour,hrmn,dep,com,lat,long,agg,int,col,lum,atm,catr,circ,nbv,prof,plan,lartpc,larrout,surf,infra,situ,grav,sexe,age,trajet,secuexist,equipement,obs,obsm,choc,manv,vehiculeid,typevehicules,manoeuvehicules,numVehicules
201100023064,2011-08-17,2011,août,mercredi,11:45,17,17380,0,0,2,1,6,1,1,4,2,02,1,1,000,000,1,0,1,4,1,65,5,1,2,00,2,1,0,201100023064B01,1,1,1
201100023075,2011-09-21,2011,septembre,mercredi,13:14,17,17306,0,0,2,3,6,1,1,4,2,02,1,1,000,000,1,0,1,4,2,64,5,1,2,00,2,7,15,201100023075B01,7,1,1
201100023117,2011-02-10,2011,février,jeudi,17:10,17,17415,0,0,2,1,6,1,1,4,-1,00,-1,-1,000,060,-1,0,4,1,1,24,0,1,4,00,1,1,1,201100023117A01,,,
201100023121,2011-02-17,2011,février,jeudi,15:13,17,17415,0,0,2,1,6,1,1,4,2,02,-1,-1,000,060,1,0,1,4,2,70,0,1,4,00,2,1,1,201100023121B01,7,9,1
201100023131,2011-04-08,2011,avril,vendredi,84:5,17,17415,0,0,2,1,6,1,1,4,2,02,-1,-1,000,060,1,0,1,4,1,65,0,1,4,00,2,1,1,201100023131B01,7,9,1
201100023134,2011-04-27,2011,avril,mercredi,17:15,17,17415,0,0,2,1,6,1,1,4,2,00,-1,-1,000,060,1,0,1,1,1,8,0,1,4,00,1,0,0,201100023134A01,,,
201100023134,2011-04-27,2011,avril,mercredi,17:15,17,17415,0,0,2,1,6,1,1,4,2,00,-1,-1,000,060,1,0,1,4,2,38,0,1,9,00,1,0,0,201100023134A01,,,
201100023162,2011-08-01,2011,août,lundi,10:25,17,17415,0,0,2,1,6,1,1,4,2,02,-1,-1,000,060,1,0,1,3,1,47,0,1,4,00,0,0,1,201100023162A01,,,
201100023163,2011-08-06,2011,août,samedi,10:30,17,17415,0,0,2,1,6,1,2,4,2,02,-1,-1,000,060,2,0,1,4,2,56,0,1,4,00,2,1,5,201100023163A01,7,15,1
201100023168,2011-08-22,2011,août,lundi,17:15,17,17415,0,0,2,1,6,1,1,3,2,02,-1,-1,000,060,1,0,0,4,1,12,0,1,4,01,0,2,0,201100023168B01,7,0,1
201100023187,2011-10-20,2011,octobre,jeudi,80:0,17,17415,0,0,2,1,6,1,1,4,2,02,-1,-1,000,040,1,0,1,4,1,45,0,1,4,00,0,4,0,201100023187B01,7,0,1
201100023188,2011-10-22,2011,octobre,samedi,91:0,17,17415,0,0,2,1,6,1,1,4,2,02,-1,-1,000,040,1,0,1,4,2,20,0,1,4,00,0,2,0,201100023188B01,7,0,1
201100023189,2011-11-02,2011,novembre,mercredi,16:00,17,17415,0,0,2,1,6,1,1,4,3,02,-1,-1,010,060,1,0,1,3,1,67,0,1,4,00,2,1,0,201100023189B01,7,0,1
201100023190,2011-11-15,2011,novembre,mardi,17:20,17,17415,0,0,2,1,6,1,1,4,-1,01,-1,-1,000,040,1,0,1,3,1,67,0,1,4,00,0,0,0,201100023190B01,7,0,1
201100023206,2011-12-22,2011,décembre,jeudi,84:5,17,17415,0,0,2,1,6,1,1,4,-1,02,-1,-1,000,060,1,0,1,4,2,23,1,1,4,00,2,8,1,201100023206B01,7,12,1
201100023233,2011-04-01,2011,avril,vendredi,11:5,66,66141,0,0,1,1,2,3,1,3,1,02,3,1,000,072,1,2,1,3,1,23,5,1,2,00,2,4,2,201100023233B02,7,2,1
201100023243,2011-05-04,2011,mai,mercredi,18:45,30,30076,44.11481,4.52942,1,1,1,1,1,3,2,02,1,3,043,000,1,0,1,4,1,53,5,1,2,00,2,1,1,201100023243B02,10,1,1
201100023320,2011-03-15,2011,mars,mardi,17:10,18,18033,47.0925,2.39391,2,1,6,1,1,4,3,04,1,1,010,150,1,0,1,4,1,45,1,1,9,00,1,1,1,201100023320A01,,,
201100023346,2011-04-23,2011,avril,samedi,90:0,18,18033,47.0963,2.39959,2,3,3,1,1,4,2,02,3,1,000,062,1,0,1,3,1,76,5,1,9,00,2,8,1,201100023346B01,3,1,1
201100023372,2011-06-11,2011,juin,samedi,18:05,18,18033,47.1036,2.41209,2,1,3,1,1,4,3,02,2,1,600,070,1,0,4,4,1,12,5,1,2,00,2,1,1,201100023372A01,7,9,1
201100023380,2011-07-02,2011,juillet,samedi,16:20,18,18033,47.0764,2.40074,2,1,1,1,1,4,2,02,1,1,000,060,1,0,1,4,1,15,0,1,9,00,2,1,15,201100023380B01,7,1,1
201100023403,2011-08-24,2011,août,mercredi,61:5,18,18033,47.0937,2.39409,2,6,3,3,1,4,1,04,1,2,000,080,1,5,1,4,1,44,1,1,2,00,2,0,1,201100023403B01,7,9,1
201100023410,2011-09-06,2011,septembre,mardi,14:08,18,18033,47.0977,2.41753,2,1,3,1,1,4,2,02,2,1,000,070,1,0,1,4,1,58,1,1,8,00,2,3,1,201100023410B01,7,17,1
201100023411,2011-09-07,2011,septembre,mercredi,18:15,18,18033,47.0727,2.39848,2,2,3,1,1,4,2,04,2,1,000,140,1,5,1,3,1,15,5,1,2,00,2,7,19,201100023411A01,7,1,1
201100023434,2011-10-16,2011,octobre,dimanche,11:44,18,18033,47.1258,2.39399,2,6,2,1,1,3,2,02,1,2,000,070,1,5,1,4,1,56,5,1,2,00,2,4,1,201100023434A01,7,1,1
201100023445,2011-11-08,2011,novembre,mardi,17:50,18,18033,47.1031,2.4295,2,1,3,5,1,4,2,02,1,1,000,071,1,0,1,1,1,18,3,1,4,00,0,3,15,201100023445A01,2,17,1
201100023477,2011-08-10,2011,août,mercredi,11:15,83,83091,0,0,1,1,1,1,1,3,2,02,1,1,000,053,1,0,1,3,2,19,5,1,2,00,2,1,13,201100023477B02,15,1,1
201100023600,2011-02-10,2011,février,jeudi,11:50,18,18279,47.219,2.06513,2,1,3,1,1,4,1,01,1,1,000,030,1,0,4,4,1,14,1,1,2,00,2,1,1,201100023600B01,7,1,1
201100023630,2011-09-30,2011,septembre,vendredi,83:0,18,18279,47.2153,2.05894,2,2,2,1,1,3,2,02,1,1,000,070,1,5,1,4,1,18,2,1,4,00,2,4,15,201100023630B01,7,1,1
201100023637,2011-10-21,2011,octobre,vendredi,75:5,18,18279,47.2106,2.06284,2,3,6,2,5,4,2,03,1,1,000,100,1,0,1,4,2,53,1,1,2,00,2,1,1,201100023637B01,7,1,1
201100023646,2011-12-05,2011,décembre,lundi,10:20,18,18279,47.223,2.06635,2,3,3,1,1,3,2,02,2,1,000,000,1,0,1,4,1,77,5,1,2,00,2,8,1,201100023646B01,7,15,1
201100023655,2011-02-04,2011,février,vendredi,16:45,72,72350,0,0,2,1,3,1,1,3,2,00,1,1,000,060,1,0,1,3,1,13,2,1,2,00,2,1,19,201100023655B02,7,1,1
201100023667,2011-07-05,2011,juillet,mardi,17:30,72,72350,0,0,2,1,1,1,1,9,1,01,1,3,000,051,1,0,1,3,1,49,5,1,2,01,0,2,1,201100023667B02,7,22,1
201100023676,2011-10-16,2011,octobre,dimanche,11:30,72,72260,47.922,0.41,1,1,1,1,1,4,2,01,1,2,000,028,1,0,1,3,1,58,5,1,2,00,2,3,1,201100023676A01,33,1,1
201100023681,2011-12-15,2011,décembre,jeudi,80:0,72,72155,47.872,0.232,1,1,3,3,1,3,2,02,1,2,000,000,1,0,1,3,1,15,2,1,4,00,2,1,1,201100023681B02,7,1,1
201100023748,2011-06-02,2011,juin,jeudi,10:55,19,19031,45.1565,1.50426,2,2,3,1,1,4,2,02,1,1,000,070,1,0,1,4,1,65,5,1,2,00,2,1,1,201100023748B01,7,16,1
201100023752,2011-06-11,2011,juin,samedi,15:40,19,19031,45.1594,1.53364,2,2,3,1,1,4,1,00,1,1,000,000,1,6,1,4,1,6,0,1,2,00,2,1,1,201100023752A01,7,1,1
201100023803,2011-11-16,2011,novembre,mercredi,14:55,19,19031,0,0,2,1,2,1,1,4,1,02,1,1,000,000,1,0,1,4,1,14,0,1,9,00,2,1,1,201100023803A01,7,23,1
201100023804,2011-11-18,2011,novembre,vendredi,80:5,19,19031,0,0,2,3,3,1,1,4,2,02,1,1,000,000,1,0,1,4,2,11,2,1,2,00,2,1,1,201100023804B01,7,9,1
201100023813,2011-12-03,2011,décembre,samedi,20:25,19,19031,45.1663,1.5418,2,6,2,5,9,3,2,02,1,1,000,000,2,0,1,4,2,30,5,1,2,00,2,4,1,201100023813B01,7,1,1
201100023826,2011-07-08,2011,juillet,vendredi,18:15,59,59046,50.90298,2.57729,2,1,1,1,8,3,2,02,1,3,000,000,1,5,1,3,2,18,5,1,1,00,2,1,15,201100023826B02,7,1,1
201100023828,2011-10-15,2011,octobre,samedi,10:30,59,59260,51.0532,2.52471,2,1,1,1,1,4,2,00,1,1,000,131,1,0,1,3,2,67,5,1,2,00,0,1,1,201100023828B02,7,15,1
201100023863,2011-08-29,2011,août,lundi,19:00,68,68015,47.80191,7.3878,2,1,3,2,1,3,2,02,1,1,000,069,1,0,1,3,2,13,5,1,9,00,2,8,19,201100023863B02,7,1,1
201100023864,2011-10-14,2011,octobre,vendredi,63:0,68,68300,47.77951,7.36502,2,6,3,5,1,3,3,02,-1,2,000,048,1,5,5,3,2,18,2,1,9,00,2,1,1,201100023864B02,7,16,1
201100023868,2011-01-27,2011,janvier,jeudi,65:0,21,21054,0,0,2,1,3,5,1,4,1,01,1,1,000,000,1,0,1,4,2,23,0,1,9,00,2,6,19,201100023868B01,7,1,1
201100023869,2011-01-26,2011,janvier,mercredi,16:30,21,21054,0,0,2,1,3,1,2,3,2,01,1,1,000,000,1,0,5,3,2,82,0,1,9,00,2,7,2,201100023869B01,7,9,1
201100023882,2011-09-06,2011,septembre,mardi,17:10,21,21054,47.0238,4.84429,2,2,3,1,1,4,2,02,1,2,000,000,1,5,1,4,2,14,2,1,9,00,2,1,19,201100023882B01,7,16,1
201100023886,2011-10-28,2011,octobre,vendredi,19:03,21,21054,47.0217,4.84094,2,1,3,5,1,4,2,01,1,1,000,000,2,0,5,4,2,25,2,1,9,00,2,5,1,201100023886B01,7,9,1
201100023895,2011-02-14,2011,février,lundi,12:11,21,21231,47.3188,5.04922,2,2,2,1,2,4,2,02,1,1,000,000,2,0,1,3,1,23,1,1,2,00,2,1,2,201100023895A01,7,16,1
201100023897,2011-02-22,2011,février,mardi,14:00,21,21231,47.3293,5.05956,2,1,1,1,1,4,2,02,4,1,000,064,1,0,1,3,1,20,2,1,2,00,2,1,1,201100023897B01,7,20,1
201100023902,2011-03-10,2011,mars,jeudi,25:5,21,21355,0,0,2,2,2,3,1,3,3,07,1,1,000,130,1,5,1,3,1,26,1,1,2,00,2,4,1,201100023902B01,15,12,1
201100023919,2011-05-17,2011,mai,mardi,85:5,21,21231,0,0,2,2,3,1,1,4,2,02,1,1,000,000,1,0,1,4,2,21,2,1,2,00,2,3,1,201100023919B01,99,16,1
201100023926,2011-06-20,2011,juin,lundi,20:30,21,21231,0,0,2,4,3,1,1,4,2,02,2,2,000,000,1,5,1,3,1,10,5,1,2,00,2,1,16,201100023926A01,7,1,1
201100023929,2011-07-05,2011,juillet,mardi,83:9,21,21231,0,0,2,2,3,1,1,3,3,05,1,1,000,000,1,5,1,2,2,20,0,1,9,00,2,1,1,201100023929B01,14,16,1
201100023934,2011-09-09,2011,septembre,vendredi,15:30,21,21231,0,0,2,1,2,1,1,4,1,02,1,1,000,000,1,0,1,4,1,38,4,1,2,00,2,1,1,201100023934B01,30,11,1
201100023938,2011-09-14,2011,septembre,mercredi,94:3,21,21231,0,0,2,3,1,1,1,4,2,02,2,1,000,000,1,0,0,3,2,45,1,1,2,00,2,1,1,201100023938B01,7,15,1
201100023952,2011-10-28,2011,octobre,vendredi,12:09,21,21231,0,0,2,2,5,1,1,4,2,03,1,1,000,000,1,5,1,4,1,21,2,1,2,00,2,1,1,201100023952C01,7,1/23,2
201100023965,2011-12-06,2011,décembre,mardi,84:0,21,21231,0,0,2,1,2,2,2,4,1,01,1,1,000,000,2,0,4,3,2,39,1,1,2,01,0,1,1,201100023965A01,7,22,1
201100023967,2011-12-08,2011,décembre,jeudi,18:08,21,21355,0,0,2,2,3,3,1,3,4,02,2,2,000,060,1,0,1,3,1,33,0,1,4,00,2,1,1,201100023967B01,7,15,1
201100023982,2011-02-06,2011,février,dimanche,93:0,22,22050,48.45618,-2.04925,2,6,3,1,1,3,1,02,1,2,000,070,1,0,1,4,1,38,5,1,2,00,2,7,1,201100023982B01,7,9,1
201100023984,2011-03-11,2011,mars,vendredi,18:35,22,22050,48.46067,-2.04631,2,3,3,1,1,4,2,02,2,2,000,040,1,0,1,4,1,19,5,1,9,00,2,3,9,201100023984A01,7,1,1
201100023985,2011-03-17,2011,mars,jeudi,17:30,22,22050,48.45759,-2.05347,2,1,2,1,1,3,2,02,1,1,000,070,1,4,1,4,1,58,1,1,2,00,2,1,2,201100023985A01,7,23,1
201100023988,2011-04-08,2011,avril,vendredi,10:45,22,22050,0,0,2,6,3,1,7,4,1,02,2,1,000,090,1,5,1,2,1,79,5,1,2,00,2,1,1,201100023988B01,7,1,1
201100023994,2011-06-29,2011,juin,mercredi,19:40,22,22050,48.44631,-2.04596,2,4,3,1,1,3,2,03,2,3,030,092,1,5,1,4,1,30,1,1,9,00,2,4,1,201100023994A01,7,15,1
201100023998,2011-08-12,2011,août,vendredi,73:5,22,22050,48.46485,-2.04152,2,1,3,1,1,4,2,02,1,1,000,066,1,0,1,4,2,50,1,1,4,00,2,7,3,201100023998B01,7,1,1
201100024000,2011-09-20,2011,septembre,mardi,74:0,22,22050,48.45654,-2.04888,2,6,3,1,1,3,1,01,1,2,000,000,1,5,1,4,1,17,2,1,4,00,2,1,1,201100024000B01,10,9,1
201100024017,2011-02-12,2011,février,samedi,10:45,22,22113,0,0,1,1,3,1,1,3,2,02,1,1,091,067,2,0,1,3,1,81,5,1,2,00,2,8,13,201100024017B01,7,17,1
201100024021,2011-03-28,2011,mars,lundi,13:40,22,22113,0,0,2,1,6,1,1,4,2,02,2,2,000,000,1,0,4,3,1,18,0,1,9,06,0,1,1,201100024021A01,,,
201100024029,2011-08-01,2011,août,lundi,95:0,22,22113,48.73206,-3.45843,2,1,7,1,1,6,-1,00,1,1,000,000,1,6,1,3,1,54,5,1,2,00,0,8,23,201100024029A01,,,
201100024031,2011-08-10,2011,août,mercredi,73:0,22,22113,0,0,2,6,3,1,1,4,2,02,1,1,000,074,1,0,1,4,1,32,1,1,9,00,2,7,1,201100024031B01,7,9,1
201100024045,2011-12-11,2011,décembre,dimanche,12:30,22,22113,48.74536,-3.46604,2,3,3,1,2,4,2,02,1,1,000,068,2,0,1,4,2,59,5,1,9,00,2,1,1,201100024045A01,7,15,1
201100024056,2011-01-16,2011,janvier,dimanche,91:5,22,22106,48.49338,-2.71045,1,1,7,1,1,3,2,02,1,1,000,070,1,0,1,4,1,60,0,1,9,00,0,1,1,201100024056A01,,,
201100024058,2011-01-19,2011,janvier,mercredi,12:20,22,22278,48.50184,-2.75534,2,4,3,1,1,4,2,02,1,1,000,058,1,0,1,4,1,12,5,1,2,00,2,3,15,201100024058B01,7,17,1
201100024077,2011-03-07,2011,mars,lundi,12:09,22,22278,48.50591,-2.7613,2,1,6,1,1,4,2,02,1,1,000,090,1,0,5,4,2,65,5,1,4,01,0,7,1,201100024077B01,7,22,1
201100024081,2011-03-13,2011,mars,dimanche,81:5,22,22360,48.48881,-2.76274,1,6,7,1,1,4,1,01,2,2,000,000,2,0,1,4,2,60,5,1,2,00,0,0,1,201100024081A01,,,
201100024088,2011-03-22,2011,mars,mardi,14:30,22,22278,48.50501,-2.77587,2,1,7,1,1,4,2,02,1,1,000,000,1,0,3,4,1,25,9,1,9,00,0,8,1,201100024088A01,,,
201100024096,2011-04-07,2011,avril,jeudi,19:05,22,22215,48.52303,-2.81917,1,1,2,1,1,3,2,02,2,2,000,038,1,0,1,4,1,28,1,1,2,00,2,4,1,201100024096B01,7,2,1
201100024136,2011-06-07,2011,juin,mardi,83:5,22,22360,48.49246,-2.73926,2,6,3,1,1,4,2,02,1,1,000,070,-1,5,1,4,2,26,4,1,9,00,2,7,1,201100024136B01,7,9,1
201100024146,2011-06-24,2011,juin,vendredi,82:0,22,22106,48.48576,-2.68377,2,2,3,1,1,3,2,02,4,1,000,082,1,0,1,4,1,57,0,1,9,00,2,1,1,201100024146B01,7,19,1
201100024182,2011-09-22,2011,septembre,jeudi,13:50,22,22278,48.51221,-2.7554,2,6,2,1,1,4,2,02,1,1,000,117,1,0,1,4,1,22,0,1,2,00,2,5,1,201100024182B01,7,9,1
201100024186,2011-10-04,2011,octobre,mardi,18:30,22,22360,0,0,1,1,7,1,1,4,2,02,2,3,000,060,1,0,1,4,2,17,5,1,2,00,0,0,1,201100024186A01,,,
201100024203,2011-11-23,2011,novembre,mercredi,14:35,22,22215,48.48969,-2.8408,1,3,3,1,1,3,2,02,2,1,000,060,1,0,1,4,1,57,5,1,2,00,2,1,17,201100024203A01,7,15,1
201100024207,2011-12-02,2011,décembre,vendredi,14:45,22,22106,48.49787,-2.73093,1,1,3,1,1,6,-1,00,1,1,000,000,1,0,1,4,1,50,9,1,9,00,2,3,19,201100024207A01,7,1,1
201100024224,2011-02-16,2011,février,mercredi,12:15,23,23096,0,0,2,6,6,1,1,4,1,01,1,2,000,040,1,0,1,4,2,33,4,1,9,00,0,8,1,201100024224B01,7,16,1
201100024233,2011-09-21,2011,septembre,mercredi,14:20,23,23096,0,0,1,1,3,1,1,3,2,02,2,2,000,106,1,0,1,4,1,24,5,1,9,00,0,3,2,201100024233B01,7,1,1
201100024234,2011-11-03,2011,novembre,jeudi,17:45,23,23096,0,0,2,1,3,5,2,3,2,02,1,1,000,073,2,0,1,4,1,18,2,1,8,00,2,1,1,201100024234B01,7,15,1
201100024261,2011-06-09,2011,juin,jeudi,21:00,50,50176,0,0,1,1,3,1,1,3,2,02,1,1,045,000,1,0,1,3,1,16,5,1,1,00,2,8,19,201100024261A01,7,1,1
201100024287,2011-10-31,2011,octobre,lundi,17:00,18,18074,0,0,2,1,6,1,1,9,-1,01,1,1,000,040,1,0,5,2,1,74,5,1,2,14,0,1,1,201100024287A01,,,
201100024292,2011-02-20,2011,février,dimanche,14:45,37,37031,47.2605,0.16982,2,1,2,1,1,4,2,02,1,1,000,049,1,0,1,2,1,64,5,1,2,00,0,6,2,201100024292B02,7,2,1
201100024310,2011-05-20,2011,mai,vendredi,15:00,01,01004,0,0,2,1,1,1,1,4,2,00,2,2,000,000,1,0,1,3,1,14,2,1,2,00,2,1,1,201100024310B02,7,1,1
201100024347,2011-09-26,2011,septembre,lundi,70:0,57,57124,0,0,1,1,6,2,1,3,2,02,1,1,000,075,1,0,1,3,1,30,1,1,4,00,2,8,1,201100024347B02,,,
201100024375,2011-10-05,2011,octobre,mercredi,71:5,10,10268,48.29338,3.30417,2,1,1,2,1,4,1,01,1,1,000,060,1,0,1,3,2,57,1,1,4,01,0,1,13,201100024375B02,7,24,1
201100024402,2011-06-29,2011,juin,mercredi,91:5,24,24322,0,0,2,1,1,1,1,9,2,01,1,3,000,041,1,0,3,1,2,19,0,1,9,00,2,1,15,201100024402A01,1,15,1
201100024402,2011-06-29,2011,juin,mercredi,91:5,24,24322,0,0,2,1,1,1,1,9,2,01,1,3,000,041,1,0,3,3,1,39,5,1,2,00,2,1,15,201100024402B01,1,15,1
201100024404,2011-07-31,2011,juillet,dimanche,12:00,24,24138,0,0,1,1,3,1,1,3,2,03,1,1,000,093,1,0,1,3,1,80,5,1,2,00,2,8,2,201100024404B01,7,2,1
201100024411,2011-10-17,2011,octobre,lundi,17:48,24,24102,0,0,2,6,3,1,1,4,2,02,1,1,000,030,1,0,1,3,1,65,5,1,2,00,2,1,19,201100024411B01,7,15,1
201100024419,2011-01-26,2011,janvier,mercredi,70:4,25,25056,0,0,2,6,3,5,4,2,3,04,1,-1,000,000,2,3,0,4,1,27,0,1,2,00,2,1,1,201100024419B01,7,9,1
201100024446,2011-04-07,2011,avril,jeudi,13:35,25,25056,0,0,2,1,3,1,1,4,1,01,2,1,000,000,1,0,1,4,1,19,2,1,9,00,2,1,19,201100024446B01,37,1,1
201100024448,2011-04-08,2011,avril,vendredi,17:33,25,25056,0,0,2,1,3,1,1,4,2,00,1,1,000,000,-1,0,4,4,1,28,0,1,2,00,2,1,1,201100024448B01,7,0,1
201100024455,2011-04-19,2011,avril,mardi,75:5,25,25056,0,0,2,2,3,1,1,4,1,01,1,1,000,000,1,0,1,3,2,46,1,1,2,00,2,1,19,201100024455B01,7,19,1
201100024460,2011-04-28,2011,avril,jeudi,10:24,25,25056,0,0,2,1,2,1,8,4,2,02,1,-1,000,000,1,0,1,4,1,16,0,1,9,00,2,1,2,201100024460A01,7,2,1
201100024462,2011-05-06,2011,mai,vendredi,17:24,25,25056,0,0,2,1,1,1,1,4,2,02,-1,-1,000,000,1,0,1,4,1,12,0,1,2,00,2,0,0,201100024462A01,7,1,1
201100024491,2011-06-20,2011,juin,lundi,13:28,25,25056,0,0,2,1,2,1,1,4,-1,03,-1,-1,000,000,1,0,1,4,1,17,0,1,9,00,2,1,2,201100024491A01,7,2,1
201100024507,2011-07-11,2011,juillet,lundi,12:00,25,25056,0,0,2,2,3,1,1,4,1,00,1,1,000,000,1,0,1,4,1,23,0,1,2,00,2,1,1,201100024507A01,7,1,1
201100024509,2011-07-16,2011,juillet,samedi,17:26,25,25056,0,0,2,1,1,1,1,4,2,01,2,3,000,000,1,0,1,4,1,58,5,1,2,00,2,1,0,201100024509B01,3,0,1
201100024522,2011-08-31,2011,août,mercredi,18:05,25,25056,0,0,2,3,3,1,1,4,-1,01,-1,-1,000,000,1,0,1,4,1,76,0,1,2,00,2,0,1,201100024522B01,7,9,1
201100024523,2011-09-02,2011,septembre,vendredi,14:25,25,25056,0,0,2,1,3,1,1,4,-1,01,-1,-1,000,000,-1,0,1,4,1,46,0,1,2,00,2,5,1,201100024523B01,7,4,1
201100024530,2011-09-12,2011,septembre,lundi,14:06,25,25056,0,0,2,1,6,1,1,4,2,02,2,1,000,000,1,0,1,4,1,41,1,1,4,00,2,8,1,201100024530B01,7,16,1
201100024539,2011-10-01,2011,octobre,samedi,17:07,25,25056,0,0,2,1,6,1,1,4,2,02,-1,-1,000,000,-1,0,0,4,1,68,0,1,9,00,2,0,0,201100024539A01,1,0,1
201100024539,2011-10-01,2011,octobre,samedi,17:07,25,25056,0,0,2,1,6,1,1,4,2,02,-1,-1,000,000,-1,0,0,4,1,9,0,1,9,00,2,0,0,201100024539B01,1,0,1
201100024551,2011-10-16,2011,octobre,dimanche,16:25,25,25056,0,0,1,1,6,1,1,4,-1,02,1,1,000,000,1,0,0,4,1,50,5,1,9,00,1,1,1,201100024551A01,,,
201100024551,2011-10-16,2011,octobre,dimanche,16:25,25,25056,0,0,1,1,6,1,1,4,-1,02,1,1,000,000,1,0,0,1,2,26,0,1,9,00,1,1,1,201100024551A01,,,
201100024552,2011-10-19,2011,octobre,mercredi,75:5,25,25056,0,0,2,1,1,2,2,4,2,02,1,1,000,000,2,0,1,4,1,19,2,1,9,00,2,1,0,201100024552B01,7,1,1
201100024556,2011-10-25,2011,octobre,mardi,93:7,25,25056,0,0,2,1,6,1,1,4,2,02,1,1,000,000,1,0,5,4,2,30,1,1,9,00,2,7,1,201100024556B01,7,9,1
201100024572,2011-11-26,2011,novembre,samedi,14:32,25,25056,0,0,2,1,6,1,2,4,2,02,2,1,000,040,2,0,1,4,1,19,5,1,9,00,2,1,2,201100024572B01,7,17,1
201100024574,2011-11-30,2011,novembre,mercredi,19:05,25,25056,0,0,2,6,2,5,1,4,-1,00,1,2,000,000,1,0,1,4,1,30,0,1,4,00,2,5,0,201100024574B01,7,0,1
201100024615,2011-08-19,2011,août,vendredi,17:30,25,25230,0,0,2,3,3,1,1,4,2,02,1,1,000,052,1,0,1,3,2,84,5,1,2,00,2,8,16,201100024615A01,7,1,1
201100024624,2011-11-14,2011,novembre,lundi,17:40,25,25580,0,0,2,1,3,5,8,4,1,01,1,1,000,000,1,0,1,3,1,17,9,1,2,00,2,1,1,201100024624B01,7,16,1
201100024637,2011-04-13,2011,avril,mercredi,12:25,25,25462,0,0,2,1,3,1,1,4,2,02,1,1,000,000,1,0,1,4,2,17,2,1,2,00,0,8,15,201100024637A01,7,1,1
201100024642,2011-06-07,2011,juin,mardi,17:35,25,25462,0,0,2,7,3,1,3,4,1,01,1,1,000,065,2,0,1,4,1,60,5,1,9,00,2,1,1,201100024642B01,7,9,1
201100024651,2011-10-12,2011,octobre,mercredi,15:25,25,25462,0,0,2,1,6,1,8,3,1,01,1,1,000,000,1,0,1,4,2,14,0,1,9,00,2,1,2,201100024651A01,7,9/2,2
201100024655,2011-11-25,2011,novembre,vendredi,13:35,25,25462,0,0,2,1,3,1,1,4,2,02,1,1,000,000,1,0,4,4,1,15,0,1,2,00,2,7,1,201100024655B01,7,20,1
201100024660,2011-06-26,2011,juin,dimanche,15:,84,84038,0,0,1,1,2,3,1,3,2,02,1,1,000,073,1,0,3,2,1,15,5,1,1,00,2,4,1,201100024660B02,7,1,1
201100024682,2011-02-24,2011,février,jeudi,18:15,59,59653,50.5638,2.92764,2,1,1,2,2,3,2,02,1,1,000,091,2,0,1,3,2,37,1,1,2,00,0,8,1,201100024682B02,7,1,1
201100024688,2011-08-09,2011,août,mardi,10:15,59,59653,50.5734,2.93867,2,1,1,1,1,4,1,02,1,1,000,062,1,0,1,3,1,80,5,1,1,00,2,8,19,201100024688A01,7,1,1
201100024711,2011-12-18,2011,décembre,dimanche,10:30,26,26198,0,0,2,1,3,1,1,3,2,02,1,1,000,076,1,0,1,4,1,47,5,1,9,00,2,9,19,201100024711B01,7,1,1
201100024726,2011-05-05,2011,mai,jeudi,11:55,26,26198,0,0,2,6,3,1,1,3,2,02,1,1,000,104,1,0,1,4,1,72,9,1,9,00,2,7,1,201100024726B01,7,9,1
201100024727,2011-05-21,2011,mai,samedi,18:00,26,26198,0,0,2,6,2,1,1,3,1,01,1,2,000,000,1,0,1,4,2,32,1,1,9,00,0,0,0,201100024727B01,7,0,1
201100024744,2011-01-06,2011,janvier,jeudi,17:45,26,26281,45.0424,5.0454,2,6,3,5,1,3,1,01,1,1,000,070,1,0,1,4,1,20,5,1,9,00,2,1,1,201100024744B01,7,9,1
201100024748,2011-01-18,2011,janvier,mardi,82:0,26,26281,0,0,2,6,3,1,1,3,1,01,1,1,000,050,1,0,1,3,2,82,3,1,9,00,2,7,1,201100024748B01,7,9,1
201100024760,2011-03-07,2011,mars,lundi,14:30,26,26057,0,0,1,1,1,1,1,3,2,02,1,1,000,071,1,0,1,3,1,24,5,1,4,00,2,1,1,201100024760B01,10,17,1
201100024779,2011-05-04,2011,mai,mercredi,72:0,26,26057,0,0,2,1,5,1,1,3,2,02,1,1,000,070,1,0,1,4,1,31,1,1,9,00,2,2,21,201100024779B01,7,17/22,2
201100024781,2011-05-08,2011,mai,dimanche,21:00,26,26281,45.043,5.035,2,9,3,2,1,4,2,02,1,1,000,072,1,0,1,4,1,12,5,1,4,00,0,0,9,201100024781A01,7,1,1
201100024789,2011-05-25,2011,mai,mercredi,14:45,26,26281,45.0492,5.0528,2,1,6,1,1,4,2,02,1,1,000,060,1,0,1,4,1,74,5,1,2,00,2,1,1,201100024789B01,7,22,1
201100024804,2011-07-13,2011,juillet,mercredi,16:10,26,26281,45.0533,5.0426,2,6,3,1,2,4,2,02,1,1,000,070,1,0,1,1,1,15,5,1,9,00,2,7,1,201100024804B01,7,9,1
201100024804,2011-07-13,2011,juillet,mercredi,16:10,26,26281,45.0533,5.0426,2,6,3,1,2,4,2,02,1,1,000,070,1,0,1,4,2,14,5,1,9,00,2,7,1,201100024804B01,7,9,1