Num_Acc,date,an,mois,jour,hrmn,dep,com,lat,long,agg,int,col,lum,atm,catr,circ,nbv,prof,plan,lartpc,larrout,surf,infra,situ,grav,sexe,age,trajet,secuexist,equipement,obs,obsm,choc,manv,vehiculeid,typevehicules,manoeuvehicules,numVehicules
201100024806,2011-07-20,2011,juillet,mercredi,74:8,26,26281,0,0,2,6,3,1,1,3,2,02,1,1,000,080,1,0,1,4,1,19,5,1,2,00,2,1,1,201100024806B01,7,9,1
201100024807,2011-07-20,2011,juillet,mercredi,11:30,26,26281,0,0,2,1,3,1,1,3,2,02,1,1,000,060,1,0,1,4,1,7,5,1,9,00,2,7,5,201100024807B01,7,1,1
201100024808,2011-07-20,2011,juillet,mercredi,14:39,26,26281,0,0,1,1,2,1,1,3,2,02,1,1,000,000,1,0,1,4,1,46,5,1,9,00,2,2,1,201100024808B01,10,23,1
201100024811,2011-07-27,2011,juillet,mercredi,18:30,26,26281,0,0,2,6,6,1,1,3,3,04,1,1,000,200,1,0,1,4,1,50,5,1,9,00,2,2,9,201100024811A01,7,16,1
201100024813,2011-08-03,2011,août,mercredi,13:45,26,26057,0,0,2,3,3,1,1,3,2,02,1,1,010,070,1,0,1,4,1,22,5,1,2,00,2,1,1,201100024813B01,7,15,1
201100024814,2011-08-13,2011,août,samedi,16:18,26,26281,0,0,2,3,4,1,1,3,2,02,1,1,000,122,1,0,1,4,1,55,5,1,9,00,0,4,23,201100024814B01,7,23/1,2
201100024816,2011-08-18,2011,août,jeudi,17:00,26,26281,45.0455,5.0493,2,2,3,1,2,4,1,01,1,1,000,039,2,0,1,4,1,19,5,1,2,00,2,1,9,201100024816A01,7,1,1
201100024825,2011-09-28,2011,septembre,mercredi,20:00,26,26281,45.0519,5.0649,2,3,3,5,1,4,2,02,1,1,000,000,1,0,1,4,1,34,5,1,9,00,2,1,1,201100024825B01,7,15,1
201100024837,2011-10-25,2011,octobre,mardi,15:00,26,26281,0,0,2,1,3,1,2,3,2,02,2,1,000,072,2,0,1,3,1,12,9,1,2,00,2,1,19,201100024837A01,7,1,1
201100024849,2011-12-08,2011,décembre,jeudi,93:0,26,26281,45.0533,5.0426,2,6,6,1,1,4,2,02,1,2,016,095,1,0,1,4,1,49,5,1,2,00,2,2,1,201100024849B01,7,1,1
201100024861,2011-01-12,2011,janvier,mercredi,12:15,26,26362,44.911,4.888,2,1,3,1,1,4,2,02,1,1,000,060,1,0,1,4,1,50,0,1,9,00,2,8,1,201100024861B01,7,17,1
201100024885,2011-04-08,2011,avril,vendredi,19:10,26,26362,44.94,4.916,2,6,3,1,1,4,1,02,1,1,000,000,1,0,1,4,1,16,0,1,9,00,2,8,0,201100024885B01,7,0,1
201100024890,2011-04-19,2011,avril,mardi,14:00,26,26362,0,0,2,1,1,1,1,3,2,01,1,1,000,040,1,0,1,4,1,56,0,1,2,00,2,1,16,201100024890B01,1,16,1
201100024890,2011-04-19,2011,avril,mardi,14:00,26,26362,0,0,2,1,1,1,1,3,2,01,1,1,000,040,1,0,1,4,1,50,0,1,2,00,2,1,16,201100024890A01,1,16,1
201100024906,2011-05-24,2011,mai,mardi,12:00,26,26058,44.9547,4.8999,2,2,3,1,1,4,-1,02,1,1,000,000,1,0,1,4,1,11,0,1,2,00,2,0,16,201100024906A01,7,1,1
201100024908,2011-05-26,2011,mai,jeudi,91:5,26,26058,44.9443,4.8952,1,1,3,1,1,4,2,00,1,1,000,000,1,0,1,4,1,83,0,1,9,00,2,7,0,201100024908A01,7,0,1
201100024909,2011-05-30,2011,mai,lundi,12:00,26,26362,44.932,4.8988,2,2,3,1,1,4,1,01,1,1,000,000,-1,0,0,1,1,19,0,1,9,00,2,0,0,201100024909A01,7,0,1
201100024925,2011-07-14,2011,juillet,jeudi,11:05,26,26362,44.9207,4.8859,2,1,7,1,1,4,2,02,1,1,000,000,1,0,1,4,1,13,0,1,2,00,2,7,0,201100024925B01,7,0,1
201100024936,2011-09-12,2011,septembre,lundi,84:0,26,26362,44.9279,4.9239,2,3,3,1,1,4,-1,00,-1,1,000,000,1,0,1,4,2,51,0,1,2,00,2,1,0,201100024936B01,7,0,1
201100024942,2011-09-22,2011,septembre,jeudi,17:10,26,26362,44.9129,4.8754,2,6,3,1,1,4,2,02,1,1,000,000,1,0,1,4,1,58,0,1,2,00,2,0,15,201100024942B01,10,9,1
201100024944,2011-09-27,2011,septembre,mardi,13:30,26,26362,44.922,4.892,2,6,7,1,1,4,2,02,1,1,000,080,1,0,0,4,1,58,1,1,2,00,2,0,1,201100024944B01,7,9,1
201100025024,2011-04-28,2011,avril,jeudi,12:00,27,27229,49.0283,1.1668,2,4,7,1,1,3,2,02,2,1,000,062,1,0,1,3,1,39,5,1,2,00,0,1,1,201100025024A01,7,0,1
201100025033,2011-07-04,2011,juillet,lundi,16:38,27,27229,49.0233,1.16946,2,2,3,1,1,3,2,02,1,1,000,000,1,5,1,3,1,64,5,1,2,00,2,8,16,201100025033B01,7,1,1
201100025048,2011-07-15,2011,juillet,vendredi,13:45,35,35353,48.109,-1.74,2,1,3,1,1,3,3,02,1,1,030,081,1,5,1,3,1,33,1,1,8,00,2,8,19,201100025048B02,15,16,1
201100025053,2011-05-14,2011,mai,samedi,19:00,27,27351,49.2314,1.17804,2,9,6,1,1,4,2,01,1,1,000,065,1,0,1,4,2,12,5,1,9,00,2,7,1,201100025053B01,31,1,1
201100025070,2011-05-07,2011,mai,samedi,16:15,06,06140,0,0,2,1,3,1,1,4,2,00,1,2,000,061,1,0,1,3,1,15,5,1,2,00,2,8,19,201100025070B02,7,1,1
201100025116,2011-06-03,2011,juin,vendredi,16:30,59,59266,50.54274,2.97803,2,1,7,1,1,3,2,02,1,1,000,062,1,0,4,4,1,12,2,1,1,00,0,8,0,201100025116A01,,,
201100025128,2011-01-17,2011,janvier,lundi,19:00,28,28085,0,0,1,1,2,3,1,3,2,02,-1,-1,000,060,-1,2,1,4,1,18,1,1,4,01,2,4,1,201100025128B01,7,1,1
201100025142,2011-03-23,2011,mars,mercredi,11:45,28,28218,48.43421,1.45866,2,3,7,1,7,4,2,02,1,2,000,000,1,0,1,3,2,49,5,1,2,00,0,0,1,201100025142B01,,,
201100025145,2011-03-26,2011,mars,samedi,10:30,28,28085,0,0,2,1,3,1,1,3,-1,00,-1,-1,000,000,-1,0,5,4,2,20,1,1,2,00,0,0,0,201100025145Y01,7,0,1
201100025146,2011-04-04,2011,avril,lundi,73:0,28,28085,0,0,1,1,2,1,5,3,-1,00,-1,-1,000,000,1,0,1,1,1,38,1,1,2,00,2,0,1,201100025146B01,30,1,1
201100025148,2011-04-06,2011,avril,mercredi,17:15,28,28085,0,0,2,1,3,1,1,3,-1,00,-1,-1,000,000,1,0,1,4,2,13,5,1,2,00,0,2,1,201100025148B01,7,23,1
201100025155,2011-04-17,2011,avril,dimanche,94:5,28,28085,0,0,2,7,1,1,1,3,2,00,1,1,000,000,1,0,1,4,1,61,5,1,2,00,2,1,1,201100025155B01,7,1,1
201100025171,2011-05-27,2011,mai,vendredi,13:55,28,28085,48.44743,0,2,5,3,1,1,3,1,01,2,-1,000,000,1,0,1,4,1,17,5,1,2,00,2,8,1,201100025171B01,7,15,1
201100025181,2011-06-28,2011,juin,mardi,17:12,28,28085,0,0,2,1,3,1,1,3,-1,00,-1,-1,000,000,1,0,1,4,1,64,5,1,2,00,2,1,1,201100025181A01,7,0,1
201100025189,2011-09-12,2011,septembre,lundi,12:30,28,28085,48.44117,1.49401,2,3,3,1,1,3,2,02,2,1,000,000,-1,0,1,4,1,18,2,1,9,00,2,8,2,201100025189A01,7,0,1
201100025207,2011-11-08,2011,novembre,mardi,22:40,28,28085,48.44798,1.48192,2,1,3,5,5,3,2,02,1,-1,000,000,2,0,1,4,1,47,1,1,4,00,2,3,15,201100025207B01,2,2,1
201100025219,2011-12-02,2011,décembre,vendredi,14:00,28,28218,0,0,2,1,2,1,7,3,2,02,1,2,000,000,-1,0,1,2,1,61,5,1,9,00,2,6,1,201100025219B01,7,22,1
201100025241,2011-10-18,2011,octobre,mardi,16:45,42,42284,46.06787,3.97834,1,1,2,1,1,3,-1,02,1,1,000,053,1,0,1,3,1,61,5,1,2,00,2,4,1,201100025241B02,1,1,1
201100025241,2011-10-18,2011,octobre,mardi,16:45,42,42284,46.06787,3.97834,1,1,2,1,1,3,-1,02,1,1,000,053,1,0,1,3,1,72,5,1,2,00,2,1,1,201100025241A01,1,1,1
201100025352,2011-09-10,2011,septembre,samedi,10:15,54,54428,49.428,5.702,1,1,2,1,1,3,2,02,-1,3,000,067,1,0,0,2,1,39,5,1,2,00,0,4,2,201100025352B02,7,2,1
201100025399,2011-01-09,2011,janvier,dimanche,18:32,29,29019,48.40054,-4.49989,2,1,6,1,1,9,-1,00,-1,-1,000,000,-1,0,0,4,1,27,0,1,4,00,0,1,9,201100025399B01,7,0,1
201100025402,2011-01-21,2011,janvier,vendredi,70:0,29,29019,48.38282,-4.50704,2,2,6,3,1,9,-1,00,-1,-1,000,000,1,0,1,4,1,31,0,1,9,00,0,0,0,201100025402B01,7,15,1
201100025410,2011-02-14,2011,février,lundi,14:15,29,29019,48.40479,-4.47866,2,6,3,1,3,4,2,02,1,1,000,060,2,5,1,4,1,56,0,1,9,00,0,7,1,201100025410B01,7,1,1
201100025431,2011-03-30,2011,mars,mercredi,74:5,29,29019,48.40651,-4.52034,2,6,3,1,1,4,-1,02,1,1,000,040,1,5,1,4,2,27,0,1,9,00,0,7,1,201100025431B01,7,9,1
201100025436,2011-04-04,2011,avril,lundi,16:05,29,29019,48.40218,-4.46004,2,3,3,1,1,4,-1,02,-1,-1,000,000,-1,0,0,4,1,38,0,1,9,00,2,1,1,201100025436B01,7,16,1
201100025442,2011-04-12,2011,avril,mardi,17:30,29,29019,48.42185,-4.46351,2,2,3,1,1,9,2,02,1,1,000,000,1,0,1,4,1,60,0,1,4,00,2,1,1,201100025442B01,7,15,1
201100025449,2011-04-22,2011,avril,vendredi,19:35,29,29019,48.3832,-4.53596,2,1,2,1,1,4,-1,02,1,1,000,000,1,0,0,4,1,64,0,1,2,00,2,1,0,201100025449B01,7,4,1
201100025464,2011-06-04,2011,juin,samedi,19:00,29,29019,48.39927,-4.44264,2,3,3,1,1,4,-1,02,2,-1,000,000,1,0,0,4,1,29,0,1,2,00,2,1,1,201100025464B01,7,1,1
201100025464,2011-06-04,2011,juin,samedi,19:00,29,29019,48.39927,-4.44264,2,3,3,1,1,4,-1,02,2,-1,000,000,1,0,0,4,1,8,9,1,2,00,2,1,1,201100025464B01,7,1,1
201100025467,2011-06-11,2011,juin,samedi,18:55,29,29019,48.39807,-4.47234,2,2,5,1,1,4,2,02,1,-1,000,000,1,0,1,4,2,47,0,1,2,00,2,0,15,201100025467B01,7,1/0,2
201100025518,2011-09-16,2011,septembre,vendredi,11:45,29,29019,48.41315,-4.48854,2,2,6,1,1,9,2,02,1,1,000,000,1,0,1,4,1,53,9,1,4,00,2,1,1,201100025518B01,7,15,1
201100025543,2011-11-10,2011,novembre,jeudi,90:0,29,29019,48.37966,-4.51947,2,3,6,1,1,9,2,00,2,-1,000,000,1,0,1,4,1,16,0,1,9,00,2,0,1,201100025543B01,7,16,1
201100025581,2011-04-02,2011,avril,samedi,19:50,29,29039,47.86933,-3.88452,2,1,3,1,1,4,2,00,1,1,000,000,1,0,1,4,1,26,0,1,9,00,2,1,0,201100025581A01,7,0,1
201100025603,2011-07-28,2011,juillet,jeudi,20:35,29,29039,47.89345,-3.90441,2,3,3,1,1,4,2,02,-1,-1,000,000,-1,0,5,4,1,43,5,1,2,00,0,0,0,201100025603B01,7,15,1
201100025607,2011-08-20,2011,août,samedi,14:00,29,29039,47.86913,-3.8952,1,9,2,1,1,3,2,02,1,1,000,000,1,0,1,4,1,60,5,1,9,00,0,4,1,201100025607B01,7,12,1
201100025644,2011-07-06,2011,juillet,mercredi,14:45,29,29151,48.58151,-3.82411,2,1,3,1,1,4,-1,02,1,1,000,000,1,0,1,1,1,18,5,1,9,00,0,8,1,201100025644B01,33,1,1
201100025710,2011-01-26,2011,janvier,mercredi,16:52,29,29232,47.98389,-4.11629,2,1,3,1,1,3,3,04,1,1,000,000,1,0,0,3,1,63,0,1,2,00,2,8,0,201100025710B01,7,14,1
201100025726,2011-02-22,2011,février,mardi,21:35,29,29232,47.99161,-4.11031,2,1,7,3,2,4,2,02,1,-1,000,000,1,0,0,4,1,29,0,1,2,01,0,1,1,201100025726B01,7,24,1
201100025748,2011-04-15,2011,avril,vendredi,10:45,29,29232,47.9951,-4.10812,2,1,7,1,1,3,2,02,1,-1,000,000,-1,0,0,4,1,39,0,1,2,00,0,0,1,201100025748A01,,,
201100025767,2011-05-25,2011,mai,mercredi,18:05,29,29051,48.01963,-4.02189,1,6,3,1,1,4,1,01,1,2,000,000,1,0,1,3,2,63,0,1,9,00,2,1,0,201100025767B01,7,9,1
201100025772,2011-06-05,2011,juin,dimanche,15:20,29,29232,47.9935,-4.10591,2,1,3,1,1,4,3,02,1,-1,000,000,1,2,0,3,1,37,5,1,9,00,2,8,0,201100025772B01,7,0,1
201100025783,2011-06-29,2011,juin,mercredi,12:0,29,29232,47.97727,-4.10102,1,1,7,5,1,4,-1,02,1,2,000,000,1,0,0,3,1,23,0,1,2,00,0,0,1,201100025783A01,,,
201100025813,2011-09-15,2011,septembre,jeudi,18:45,29,29232,48.01051,-4.09588,2,6,3,1,1,4,2,02,1,1,000,000,1,0,1,4,1,27,0,1,2,00,2,1,13,201100025813A01,7,1,1
201100025813,2011-09-15,2011,septembre,jeudi,18:45,29,29232,48.01051,-4.09588,2,6,3,1,1,4,2,02,1,1,000,000,1,0,1,1,1,23,0,1,2,00,2,1,13,201100025813A01,7,1,1
201100025817,2011-09-23,2011,septembre,vendredi,17:00,29,29232,47.99535,-4.09886,2,2,2,1,1,4,1,02,1,1,000,000,1,0,1,4,1,16,0,1,4,00,2,1,19,201100025817A01,7,15,1
201100025829,2011-10-09,2011,octobre,dimanche,93:0,29,29232,48.02507,-4.08376,1,1,7,1,1,4,2,02,1,-1,000,000,1,0,1,4,1,64,0,1,2,00,0,0,1,201100025829A01,,,
201100025884,2011-01-17,2011,janvier,lundi,13:01,30,30007,44.09984,4.07803,2,1,1,1,1,4,-1,00,2,3,000,000,1,0,1,4,1,27,1,1,9,00,2,1,1,201100025884B01,7,1,1
201100025899,2011-02-02,2011,février,mercredi,80:5,30,30007,0,0,2,1,7,1,1,4,2,02,1,1,000,000,1,0,1,3,1,83,3,1,9,00,0,0,1,201100025899A01,,,
201100025915,2011-03-20,2011,mars,dimanche,10:59,30,30007,0,0,2,1,2,1,1,3,2,02,-1,1,000,000,-1,0,1,4,1,74,5,1,9,00,2,4,2,201100025915B01,7,2,1
201100025981,2011-08-20,2011,août,samedi,15:,30,30007,44.12148,4.09004,2,1,1,5,1,2,2,00,1,1,000,000,1,0,1,4,1,37,0,1,9,00,2,0,1,201100025981B01,31,1,1
201100025989,2011-09-08,2011,septembre,jeudi,18:00,30,30007,44.10207,4.08054,2,1,2,1,3,4,-1,00,1,1,000,000,1,0,1,4,1,19,2,1,9,00,2,0,15,201100025989A01,7,15,1
201100026001,2011-10-03,2011,octobre,lundi,15:15,30,30007,44.12765,4.07325,2,1,1,1,1,4,-1,00,-1,1,000,000,1,0,1,3,1,13,5,1,9,00,2,1,1,201100026001A01,7,1,1
201100026010,2011-03-30,2011,mars,mercredi,15:05,30,30007,44.12935,4.10651,2,1,3,1,1,3,1,02,1,2,000,098,1,0,1,2,1,58,5,1,9,00,2,8,2,201100026010B01,15,2,1
201100026020,2011-02-09,2011,février,mercredi,19:50,30,30028,44.15502,4.61657,2,6,6,5,1,3,2,02,1,1,000,070,1,5,1,4,2,38,1,1,4,00,0,0,1,201100026020B01,7,15,1
201100026038,2011-07-27,2011,juillet,mercredi,13:40,30,30028,0,0,1,1,3,1,1,2,3,02,1,1,000,047,1,0,1,3,1,73,5,1,2,00,2,8,15,201100026038B01,7,1,1
201100026045,2011-09-30,2011,septembre,vendredi,10:00,30,30028,44.16043,4.60914,2,2,6,1,1,4,2,02,1,1,000,000,1,0,1,4,1,55,5,1,2,00,2,1,1,201100026045B01,10,16,1
201100026047,2011-10-19,2011,octobre,mercredi,18:05,30,30028,44.16636,4.61398,2,3,6,1,1,4,2,02,1,1,000,057,2,0,1,3,1,8,5,1,9,00,0,1,1,201100026047A01,7,23,1
201100026058,2011-01-10,2011,janvier,lundi,16:50,30,30032,43.80964,4.63859,2,1,6,1,1,3,2,03,2,1,000,099,1,0,1,4,2,22,5,1,4,00,0,4,11,201100026058A01,7,1,1
201100026101,2011-02-15,2011,février,mardi,82:0,30,30189,43.4941,4.2305,2,1,2,1,1,4,2,02,1,2,000,080,1,0,1,4,1,38,0,1,9,00,2,4,1,201100026101B01,7,15,1
201100026148,2011-05-17,2011,mai,mardi,12:35,30,30189,43.84055,4.36034,2,1,6,1,1,4,1,03,1,1,000,094,1,0,1,3,2,56,1,1,4,00,2,1,1,201100026148B01,7,20,1
201100026154,2011-05-20,2011,mai,vendredi,20:41,30,30189,43.82832,4.37325,2,3,3,1,1,4,2,02,1,1,000,070,1,0,1,3,2,64,9,1,4,00,2,1,19,201100026154B01,7,15,1
201100026175,2011-06-18,2011,juin,samedi,19:00,30,30189,43.83645,4.37621,2,2,3,1,1,4,1,01,1,1,000,038,1,0,1,4,1,14,0,1,2,00,2,1,5,201100026175A01,30,1,1
201100026209,2011-08-22,2011,août,lundi,75:0,30,30189,43.85715,4.40485,1,6,3,1,1,3,1,02,1,3,000,079,1,0,0,4,1,69,5,1,2,00,2,7,1,201100026209B01,7,16,1
201100026263,2011-10-18,2011,octobre,mardi,11:27,30,30189,43.82313,4.35158,2,1,3,1,1,4,2,03,1,1,000,096,1,0,1,3,1,78,0,1,9,00,2,8,15,201100026263B01,7,2,1
201100026265,2011-10-20,2011,octobre,jeudi,83:9,30,30189,43.82505,4.37874,2,3,3,1,1,2,2,04,1,1,000,130,1,5,1,3,1,66,0,1,9,00,2,8,1,201100026265B01,7,15,1
201100026266,2011-10-21,2011,octobre,vendredi,12:28,30,30189,43.80526,4.33644,2,2,3,1,1,3,2,02,1,1,000,072,1,0,1,4,1,28,0,1,4,00,2,0,1,201100026266B01,7,15,1
201100026311,2011-12-17,2011,décembre,samedi,8:,30,30189,43.85458,4.32204,1,1,2,3,2,2,3,02,1,1,000,173,2,0,1,3,1,44,1,1,4,00,2,4,2,201100026311B01,7,2,1
201100026336,2011-04-09,2011,avril,samedi,13:40,31,31069,0,0,2,1,3,1,1,4,1,01,1,-1,000,083,1,0,1,4,2,18,5,1,9,00,2,4,1,201100026336B01,7,0,1
201100026340,2011-03-26,2011,mars,samedi,18:00,31,31149,43.61284,1.33189,2,6,3,1,1,4,1,02,1,1,000,090,1,0,1,4,2,40,5,1,2,00,2,5,1,201100026340B01,7,1,1
201100026345,2011-06-08,2011,juin,mercredi,55:9,31,31149,43.61266,1.3326,2,1,2,2,1,4,1,02,1,1,015,077,1,0,1,2,1,68,5,1,2,00,2,4,1,201100026345A01,7,1,1
201100026347,2011-01-26,2011,janvier,mercredi,16:25,31,31483,0,0,2,1,3,1,1,3,1,02,1,-1,000,000,1,0,1,4,1,59,5,1,2,00,2,7,16,201100026347B01,7,9,1
201100026360,2011-04-02,2011,avril,samedi,16:35,31,31483,43.12899,0.72416,1,1,7,1,1,3,2,02,2,1,000,000,1,0,3,3,2,58,5,1,2,13,0,1,1,201100026360A01,,,
201100026385,2011-11-08,2011,novembre,mardi,11:20,31,31344,43.09306,0.74282,2,6,3,1,1,3,2,02,1,2,000,070,1,0,1,4,2,61,5,1,2,00,0,5,1,201100026385B01,7,9,1
201100026423,2011-01-18,2011,janvier,mardi,80:0,31,31555,0,0,2,1,3,1,1,4,2,02,1,1,000,100,1,0,1,4,1,48,1,1,2,00,2,5,19,201100026423B01,7,1,1
201100026459,2011-02-08,2011,février,mardi,15:50,31,31555,0,0,2,1,3,1,1,4,2,00,1,4,000,000,1,0,1,4,2,30,1,1,4,00,2,1,0,201100026459B01,7,0,1
201100026472,2011-02-14,2011,février,lundi,74:5,31,31555,0,0,2,6,2,2,2,4,2,02,1,1,000,095,1,0,1,3,1,58,1,1,2,00,2,4,1,201100026472B01,7,2,1
201100026477,2011-02-16,2011,février,mercredi,14:30,31,31555,0,0,2,1,3,1,1,4,1,02,1,1,000,085,1,0,1,4,1,49,4,1,2,00,2,0,1,201100026477B01,7,9,1
201100026484,2011-02-22,2011,février,mardi,17:05,31,31555,0,0,2,1,3,1,3,4,1,02,1,1,000,085,2,0,1,3,2,52,4,1,2,00,2,1,1,201100026484B01,7,9,1
201100026519,2011-03-11,2011,mars,vendredi,15:45,31,31555,0,0,2,3,3,1,1,4,2,02,1,2,000,060,1,0,1,4,1,93,5,1,2,00,2,7,1,201100026519A01,7,16,1
201100026541,2011-03-24,2011,mars,jeudi,17:15,31,31555,0,0,2,2,3,1,1,4,2,00,1,1,000,000,1,0,1,3,1,84,0,1,4,00,2,5,0,201100026541A01,7,0,1
201100026551,2011-04-01,2011,avril,vendredi,20:00,31,31555,0,0,2,1,6,5,1,4,2,02,1,1,000,075,1,0,1,4,1,28,5,1,2,01,0,1,1,201100026551B01,7,22,1
201100026576,2011-04-16,2011,avril,samedi,20:0,31,31555,0,0,2,1,3,5,1,4,1,03,1,2,000,000,1,0,1,4,2,26,5,1,2,00,2,8,15,201100026576A01,7,1,1
201100026583,2011-04-19,2011,avril,mardi,18:05,31,31555,0,0,2,1,2,1,1,4,1,00,1,1,000,000,1,0,1,2,1,64,0,1,4,00,2,1,0,201100026583A01,37,0,1
201100026588,2011-04-21,2011,avril,jeudi,21:16,31,31555,0,0,2,1,1,5,1,4,2,02,1,1,000,400,1,0,1,4,1,21,5,1,2,00,2,1,1,201100026588A01,7,5,1
201100026607,2011-05-10,2011,mai,mardi,5:,31,31555,0,0,2,3,3,5,1,4,1,01,1,1,000,100,1,0,1,4,1,30,0,1,2,00,2,1,1,201100026607A01,7,1,1
201100026613,2011-05-13,2011,mai,vendredi,16:40,31,31555,0,0,2,2,3,1,1,4,2,05,1,1,000,137,1,0,1,4,1,17,5,1,2,00,2,8,1,201100026613A01,7,16,1
201100026629,2011-05-23,2011,mai,lundi,81:5,31,31555,0,0,2,1,3,1,1,4,2,02,3,1,000,065,1,2,1,4,1,37,1,1,2,00,2,8,19,201100026629B01,33,1,1
201100026635,2011-05-25,2011,mai,mercredi,19:40,31,31555,0,0,2,1,6,1,1,4,-1,00,1,1,000,000,1,0,1,4,1,5,0,1,9,00,2,0,0,201100026635B01,2,0,1
201100026656,2011-06-17,2011,juin,vendredi,12:50,31,31555,0,0,2,1,2,1,1,4,2,02,1,1,000,085,1,0,1,4,1,18,5,1,2,00,2,1,1,201100026656A01,7,24,1
201100026663,2011-06-20,2011,juin,lundi,19:00,31,31555,0,0,2,3,3,1,1,4,2,03,1,1,000,095,1,0,1,4,1,56,1,1,2,00,2,1,1,201100026663B01,7,1,1
201100026672,2011-06-23,2011,juin,jeudi,11:15,31,31555,0,0,2,1,3,1,1,4,-1,00,1,2,000,000,1,0,1,4,2,22,0,1,4,00,2,6,0,201100026672B01,7,0,1
201100026716,2011-07-10,2011,juillet,dimanche,13:20,31,31555,0,0,2,1,2,1,1,4,2,02,1,1,000,075,1,0,1,4,1,61,0,1,2,00,2,4,1,201100026716B01,7,1,1
201100026727,2011-07-19,2011,juillet,mardi,92:0,31,31555,0,0,2,1,1,1,1,4,2,02,1,1,000,000,1,0,1,4,2,31,0,1,4,00,2,0,0,201100026727B01,10,0,1
201100026729,2011-07-18,2011,juillet,lundi,14:40,31,31149,43.61841,1.32741,2,1,3,1,1,4,2,00,1,1,000,000,1,0,1,4,1,20,5,1,2,00,2,1,1,201100026729A01,7,1,1
201100026730,2011-07-20,2011,juillet,mercredi,53:0,31,31555,0,0,2,3,3,5,1,4,1,00,1,1,000,000,1,0,1,4,2,34,0,1,2,00,2,7,0,201100026730A01,7,0,1
201100026737,2011-07-26,2011,juillet,mardi,18:10,31,31555,0,0,2,1,3,1,1,4,2,00,1,1,000,000,1,0,1,4,1,35,0,1,4,00,2,1,0,201100026737A01,7,16,1
201100026746,2011-08-01,2011,août,lundi,18:40,31,31555,0,0,2,3,3,1,1,4,1,01,1,1,000,000,1,0,0,4,2,24,5,1,2,00,2,1,1,201100026746B01,7,15,1
201100026755,2011-08-05,2011,août,vendredi,14:25,31,31149,43.61292,1.33826,2,1,3,1,1,3,2,00,1,2,000,000,1,0,1,4,2,36,5,1,2,00,2,0,1,201100026755B01,7,16,1
201100026781,2011-08-29,2011,août,lundi,16:05,31,31555,0,0,2,1,6,1,1,4,2,02,1,1,000,085,1,0,1,4,1,26,0,1,2,00,2,0,5,201100026781A01,7,9,1
201100026800,2011-09-06,2011,septembre,mardi,21:50,31,31555,0,0,1,1,3,1,1,4,2,00,1,1,000,000,1,0,1,4,1,21,0,1,2,00,2,7,0,201100026800A01,40,0,1
201100026807,2011-09-09,2011,septembre,vendredi,75:0,31,31555,0,0,2,1,2,1,1,4,-1,00,1,1,000,000,1,0,1,4,2,22,0,1,4,00,2,4,0,201100026807B01,7,0,1
201100026822,2011-09-16,2011,septembre,vendredi,21:15,31,31555,0,0,2,3,3,5,1,4,2,02,1,1,000,065,1,0,1,4,1,26,5,1,2,00,2,1,0,201100026822A01,7,1,1
201100026833,2011-09-15,2011,septembre,jeudi,20:10,31,31555,0,0,2,3,3,5,1,4,2,02,1,1,000,085,1,0,1,4,2,22,0,1,2,00,2,1,0,201100026833B01,7,15,1
201100026836,2011-09-22,2011,septembre,jeudi,80:5,31,31555,0,0,2,1,3,5,1,4,2,00,1,1,000,000,1,0,1,4,2,31,0,1,4,00,2,2,0,201100026836A01,30,0,1
201100026843,2011-09-23,2011,septembre,vendredi,17:10,31,31555,0,0,2,1,3,1,1,4,2,00,1,1,000,000,1,0,1,4,1,30,1,1,2,00,2,1,0,201100026843B01,31,0,1
201100026864,2011-10-01,2011,octobre,samedi,18:00,31,31555,0,0,2,1,2,1,1,4,1,02,1,1,000,085,1,0,1,4,1,18,0,1,2,00,2,1,1,201100026864A01,7,1,1
201100026873,2011-10-03,2011,octobre,lundi,17:35,31,31555,0,0,2,1,3,1,1,4,2,02,1,1,000,085,1,0,1,4,2,23,0,1,2,00,2,1,1,201100026873A01,7,1,1
201100026876,2011-10-05,2011,octobre,mercredi,18:40,31,31557,0,0,2,1,3,1,1,4,2,02,1,1,000,095,1,0,1,3,2,71,5,1,2,00,2,7,19,201100026876B01,7,1,1
201100026877,2011-10-08,2011,octobre,samedi,15:25,31,31555,0,0,2,1,3,1,1,4,1,02,1,1,000,085,1,0,1,3,1,63,5,1,2,00,2,0,1,201100026877A01,40,1,1
201100026889,2011-10-10,2011,octobre,lundi,13:50,31,31149,43.61702,1.33008,2,3,3,1,1,4,2,00,1,1,000,000,1,0,1,4,1,27,0,1,2,00,2,0,0,201100026889A01,10,0,1
201100026894,2011-10-17,2011,octobre,lundi,14:30,31,31557,0,0,2,1,1,1,1,4,-1,01,1,1,000,024,1,0,1,4,1,8,9,1,2,00,2,0,1,201100026894B01,2,1,1
201100026896,2011-10-16,2011,octobre,dimanche,30:,31,31555,0,0,2,1,3,5,1,4,1,02,1,1,000,085,1,0,1,4,1,28,0,1,2,00,2,2,15,201100026896A01,7,1,1
201100026905,2011-10-21,2011,octobre,vendredi,17:15,31,31555,0,0,2,1,3,1,1,4,2,02,1,1,000,075,1,0,1,1,2,25,0,1,2,00,2,0,10,201100026905A01,30,1,1
201100026968,2011-11-29,2011,novembre,mardi,13:50,31,31555,0,0,2,1,1,1,1,4,2,00,1,1,000,000,1,0,1,4,1,29,1,1,4,00,2,1,0,201100026968B01,7,0,1