Num_Acc,date,an,mois,jour,hrmn,dep,com,lat,long,agg,int,col,lum,atm,catr,circ,nbv,prof,plan,lartpc,larrout,surf,infra,situ,grav,sexe,age,trajet,secuexist,equipement,obs,obsm,choc,manv,vehiculeid,typevehicules,manoeuvehicules,numVehicules
201100026974,2011-12-01,2011,décembre,jeudi,20:10,31,31149,43.6084,1.353,2,6,2,5,1,2,1,01,1,3,000,085,1,0,1,4,1,30,1,1,2,00,2,4,1,201100026974B01,7,1,1
201100026975,2011-12-02,2011,décembre,vendredi,12:15,31,31069,43.64013,1.38869,2,1,3,1,1,3,2,02,1,1,000,085,1,0,1,3,1,18,1,1,2,00,2,1,9,201100026975A01,7,1,1
201100026976,2011-12-03,2011,décembre,samedi,11:18,31,31149,43.61762,1.31594,2,1,3,1,1,4,1,02,1,1,000,085,1,0,1,3,1,45,0,1,2,00,2,1,1,201100026976A01,7,1,1
201100026990,2011-12-08,2011,décembre,jeudi,18:25,31,31555,0,0,2,1,6,5,1,4,2,02,1,1,000,085,1,0,5,4,1,26,0,1,9,00,1,1,1,201100026990A01,,,
201100026990,2011-12-08,2011,décembre,jeudi,18:25,31,31555,0,0,2,1,6,5,1,4,2,02,1,1,000,085,1,0,5,4,1,72,0,1,9,00,1,1,1,201100026990A01,,,
201100026995,2011-12-07,2011,décembre,mercredi,12:45,31,31069,0,0,2,1,3,1,1,4,2,00,1,1,000,000,1,0,1,4,2,13,2,1,9,00,2,8,0,201100026995B01,7,0,1
201100026999,2011-12-13,2011,décembre,mardi,83:0,31,31555,0,0,2,1,3,1,1,4,2,02,1,1,000,085,1,0,1,4,1,39,0,1,9,00,2,0,1,201100026999B01,7,9,1
201100027000,2011-12-13,2011,décembre,mardi,10:15,31,31555,0,0,2,1,3,1,1,4,2,00,1,1,000,000,1,0,1,4,2,24,2,1,9,00,2,8,1,201100027000B01,7,0,1
201100027022,2011-12-16,2011,décembre,vendredi,17:40,31,31555,0,0,2,1,3,5,2,4,2,02,1,1,000,085,2,0,1,4,1,28,0,1,9,00,2,0,1,201100027022B01,7,22,1
201100027024,2011-12-16,2011,décembre,vendredi,85:0,31,31555,0,0,2,3,6,1,1,4,-1,02,1,1,000,100,1,0,0,4,1,21,1,1,9,00,2,1,1,201100027024B01,10,15,1
201100027034,2011-12-21,2011,décembre,mercredi,17:55,31,31555,0,0,2,1,3,5,1,4,-1,00,1,2,000,000,-1,0,1,4,2,31,0,1,9,00,0,0,0,201100027034B01,7,0,1
201100027042,2011-01-12,2011,janvier,mercredi,82:0,31,31557,0,0,2,1,3,1,1,3,2,02,1,1,050,116,1,0,1,4,1,15,2,1,2,00,2,8,19,201100027042B01,7,1,1
201100027050,2011-05-01,2011,mai,dimanche,18:00,31,31557,43.58907,1.3604,2,6,3,1,1,3,-1,01,-1,3,000,074,1,5,1,4,1,60,5,1,2,00,2,2,19,201100027050B01,33,16,1
201100027059,2011-04-22,2011,avril,vendredi,12:20,32,32013,0,0,2,3,7,1,1,3,2,02,1,1,000,080,1,0,1,1,1,50,5,1,2,00,1,1,1,201100027059A01,,,
201100027081,2011-02-01,2011,février,mardi,95:0,33,33529,0,0,2,2,3,1,1,4,2,02,1,1,000,070,1,0,1,4,2,26,5,1,9,00,2,5,1,201100027081B01,7,1,1
201100027083,2011-02-05,2011,février,samedi,11:05,33,33529,0,0,2,2,3,1,1,3,1,01,1,1,000,050,1,0,1,4,2,61,5,1,9,00,2,2,1,201100027083B01,7,16,1
201100027095,2011-05-15,2011,mai,dimanche,10:00,33,33009,0,0,2,1,3,1,1,4,2,02,1,1,000,085,1,0,1,4,1,43,5,1,9,00,2,1,1,201100027095B01,7,15,1
201100027100,2011-06-06,2011,juin,lundi,12:25,33,33529,0,0,2,1,3,1,2,4,1,02,1,2,000,080,1,0,1,3,1,55,5,1,9,00,2,8,1,201100027100B01,7,16,1
201100027110,2011-06-28,2011,juin,mardi,84:0,33,33529,0,0,2,1,2,1,1,4,1,01,1,1,000,070,1,0,1,4,2,88,5,1,9,00,2,4,1,201100027110B01,2,17,1
201100027111,2011-06-30,2011,juin,jeudi,15:20,33,33529,0,0,1,2,3,1,1,4,2,02,1,1,000,098,1,0,1,3,1,73,5,1,2,00,2,1,1,201100027111B01,7,1,1
201100027124,2011-08-22,2011,août,lundi,16:55,33,33529,0,0,1,1,1,1,1,4,2,02,1,1,000,090,1,0,1,4,2,18,5,1,9,00,2,3,1,201100027124B01,7,0,1
201100027131,2011-08-27,2011,août,samedi,17:20,33,33009,0,0,2,1,6,1,1,4,2,02,1,1,000,000,1,0,1,4,1,82,5,1,9,04,2,1,1,201100027131B01,37,17,1
201100027140,2011-10-12,2011,octobre,mercredi,15:15,33,33529,0,0,2,1,6,1,1,4,2,02,1,1,020,120,1,0,5,4,2,67,5,1,9,00,2,1,1,201100027140B01,7,1,1
201100027147,2011-07-15,2011,juillet,vendredi,17:45,33,33529,0,0,1,1,6,1,1,4,2,02,1,1,000,000,1,0,1,4,2,19,0,1,9,00,2,3,1,201100027147B01,7,0,1
201100027161,2011-01-06,2011,janvier,jeudi,10:0,33,33063,0,0,2,3,6,5,2,4,1,01,1,1,000,000,2,0,1,3,1,29,0,1,4,00,2,2,19,201100027161A01,7,1,1
201100027165,2011-01-03,2011,janvier,lundi,81:0,33,33281,0,0,2,3,3,2,1,4,2,04,1,1,000,000,1,0,5,4,1,49,0,1,4,00,2,1,1,201100027165B01,10,16,1
201100027181,2011-01-10,2011,janvier,lundi,17:05,33,33063,0,0,2,3,6,1,1,4,3,07,1,1,000,000,1,4,1,4,1,13,0,1,4,00,0,1,1,201100027181A01,7,1,1
201100027190,2011-01-12,2011,janvier,mercredi,12:01,33,33318,0,0,2,1,6,1,2,4,2,02,1,1,000,080,2,0,1,4,1,17,5,1,4,00,2,1,1,201100027190B01,7,21,1
201100027192,2011-01-10,2011,janvier,lundi,15:50,33,33069,0,0,2,1,6,1,1,4,2,02,1,1,000,120,1,0,1,3,1,79,5,1,4,01,0,1,1,201100027192B01,7,24,1
201100027215,2011-01-21,2011,janvier,vendredi,12:15,33,33063,0,0,2,2,3,1,1,4,1,01,1,1,000,080,1,0,1,3,2,25,5,1,9,00,2,0,1,201100027215B01,7,15,1
201100027217,2011-01-21,2011,janvier,vendredi,19:17,33,33063,0,0,2,3,3,5,1,4,2,02,1,1,000,050,1,0,1,4,1,40,0,1,2,00,2,1,7,201100027217A01,7,15,1
201100027219,2011-01-24,2011,janvier,lundi,75:5,33,33063,0,0,2,6,3,1,1,4,3,04,1,1,000,000,2,5,1,3,1,56,1,1,2,00,2,5,1,201100027219B01,7,1,1
201100027226,2011-01-27,2011,janvier,jeudi,18:45,33,33063,0,0,2,2,6,5,1,4,1,03,1,1,000,000,1,5,1,4,1,18,0,1,4,00,4,2,1,201100027226A01,40,1,1
201100027249,2011-02-05,2011,février,samedi,42:0,33,33063,0,0,2,5,2,5,1,4,1,00,1,1,000,000,1,0,1,3,1,19,0,1,4,00,2,4,2,201100027249B01,7,2,1
201100027249,2011-02-05,2011,février,samedi,42:0,33,33063,0,0,2,5,2,5,1,4,1,00,1,1,000,000,1,0,1,4,1,19,5,1,9,00,2,4,2,201100027249B01,7,2,1
201100027251,2011-02-03,2011,février,jeudi,92:3,33,33069,0,0,2,6,7,1,1,4,2,02,1,1,000,068,1,0,1,4,1,46,5,1,2,00,0,0,1,201100027251B01,7,16,1
201100027258,2011-02-04,2011,février,vendredi,81:5,33,33318,0,0,2,6,3,1,1,4,2,02,1,1,000,000,1,0,1,4,1,55,0,1,2,00,2,1,0,201100027258A01,7,16,1
201100027266,2011-02-10,2011,février,jeudi,19:00,33,33063,0,0,2,2,3,5,1,4,2,02,1,1,000,000,1,0,1,4,2,25,0,1,2,00,2,1,19,201100027266A01,7,1,1
201100027269,2011-02-09,2011,février,mercredi,12:35,33,33281,0,0,2,2,6,1,1,4,2,02,1,1,000,000,1,0,5,4,1,61,0,1,4,00,2,1,1,201100027269A01,,,
201100027282,2011-02-16,2011,février,mercredi,15:45,33,33063,0,0,2,2,3,1,1,4,2,02,2,1,000,095,1,0,1,4,1,55,0,1,2,00,2,1,1,201100027282B01,7,1,1
201100027284,2011-02-16,2011,février,mercredi,13:15,33,33063,0,0,2,1,6,1,1,4,1,02,1,1,000,000,1,0,1,4,2,22,5,1,2,00,2,1,1,201100027284B01,7,23,1
201100027299,2011-02-24,2011,février,jeudi,13:40,33,33063,0,0,2,1,6,1,1,4,2,02,1,1,000,000,1,4,1,1,1,18,2,1,2,00,1,1,1,201100027299A01,,,
201100027299,2011-02-24,2011,février,jeudi,13:40,33,33063,0,0,2,1,6,1,1,4,2,02,1,1,000,000,1,4,1,4,2,26,0,1,9,00,1,1,1,201100027299A01,,,
201100027307,2011-02-21,2011,février,lundi,85:5,33,33192,0,0,2,5,3,1,1,4,2,02,-1,-1,000,000,1,0,1,3,1,53,0,1,9,00,2,0,1,201100027307B01,7,1,1
201100027325,2011-03-04,2011,mars,vendredi,81:0,33,33063,0,0,2,2,6,1,1,4,3,04,1,1,000,000,1,0,1,4,2,32,1,1,4,00,2,1,1,201100027325A01,7,2/24,2
201100027335,2011-03-04,2011,mars,vendredi,21:10,33,33192,0,0,2,3,3,5,1,4,3,02,1,1,005,060,1,0,1,3,1,15,0,1,4,00,2,1,1,201100027335B01,7,1,1
201100027350,2011-03-11,2011,mars,vendredi,16:35,33,33063,0,0,2,1,6,1,1,4,3,04,1,1,000,000,1,0,1,4,2,25,0,1,4,00,2,1,1,201100027350B01,7,10,1
201100027352,2011-03-11,2011,mars,vendredi,23:40,33,33063,0,0,2,2,3,5,1,4,1,02,1,1,000,000,1,0,1,3,1,17,0,1,4,00,0,7,1,201100027352A01,7,1,1
201100027357,2011-03-11,2011,mars,vendredi,70:5,33,33192,0,0,2,2,6,2,1,4,2,02,1,1,000,000,1,5,1,4,1,49,0,1,4,00,2,1,1,201100027357B01,7,15,1
201100027370,2011-03-18,2011,mars,vendredi,81:5,33,33063,0,0,2,4,3,1,1,4,1,01,1,1,000,055,1,0,1,1,1,15,2,1,9,00,2,0,1,201100027370A01,7,16,1
201100027370,2011-03-18,2011,mars,vendredi,81:5,33,33063,0,0,2,4,3,1,1,4,1,01,1,1,000,055,1,0,1,4,1,15,2,1,9,00,2,0,1,201100027370A01,7,16,1
201100027374,2011-03-18,2011,mars,vendredi,85:5,33,33063,0,0,2,4,3,1,7,4,2,02,1,1,000,000,1,0,1,4,2,41,0,1,9,00,2,0,1,201100027374B01,7,15,1
201100027390,2011-03-24,2011,mars,jeudi,10:20,33,33032,0,0,2,1,7,1,1,4,2,02,1,1,000,000,1,0,1,4,2,39,5,1,2,01,0,0,2,201100027390B01,7,22,1
201100027395,2011-03-23,2011,mars,mercredi,19:45,33,33318,0,0,2,6,3,5,1,4,2,02,1,1,000,000,1,0,1,4,1,15,5,1,9,00,2,4,1,201100027395B01,10,9,1
201100027400,2011-03-25,2011,mars,vendredi,19:30,33,33063,0,0,2,1,6,5,1,4,2,03,1,-1,000,000,1,0,1,4,1,23,0,1,9,00,2,0,1,201100027400B01,7,22,1
201100027402,2011-03-24,2011,mars,jeudi,17:00,33,33318,0,0,2,1,6,1,1,4,2,02,1,1,000,067,1,0,1,4,1,13,0,1,4,00,0,3,19,201100027402B01,7,1,1
201100027407,2011-03-29,2011,mars,mardi,13:15,33,33063,0,0,2,5,6,1,1,4,2,03,1,1,000,000,1,0,1,4,1,13,0,1,4,00,0,4,15,201100027407B01,7,17,1
201100027409,2011-03-30,2011,mars,mercredi,10:30,33,33063,0,0,2,2,3,1,1,4,2,02,1,1,000,000,1,0,1,4,1,10,0,1,9,00,4,9,13,201100027409A01,40,1,1
201100027420,2011-04-01,2011,avril,vendredi,19:45,33,33063,0,0,2,3,6,1,1,4,2,10,1,1,000,000,1,4,1,4,1,47,4,1,4,00,2,1,19,201100027420B01,7,16,1
201100027433,2011-04-04,2011,avril,lundi,83:5,33,33281,0,0,2,1,6,1,1,4,2,05,1,1,000,210,1,0,1,3,1,64,0,1,9,00,0,0,0,201100027433A01,,,
201100027451,2011-04-07,2011,avril,jeudi,90:2,33,33192,0,0,2,6,3,1,1,4,3,02,1,-1,039,045,1,0,1,3,2,56,0,1,9,00,2,4,1,201100027451B01,17,16,1
201100027454,2011-04-06,2011,avril,mercredi,91:4,33,33522,0,0,2,1,6,1,1,6,2,02,1,-1,000,000,1,0,1,4,1,13,0,1,4,00,2,1,1,201100027454B01,7,1,1
201100027466,2011-04-18,2011,avril,lundi,16:30,33,33063,0,0,2,1,3,1,1,4,2,04,1,1,000,000,1,0,1,3,2,11,0,1,9,00,2,7,1,201100027466B01,7,1,1
201100027469,2011-04-19,2011,avril,mardi,19:00,33,33063,0,0,2,4,3,1,1,4,1,01,1,1,000,000,1,0,1,4,2,64,5,1,9,00,2,1,1,201100027469A01,37,1,1
201100027474,2011-04-21,2011,avril,jeudi,71:0,33,33522,0,0,2,5,6,1,1,4,2,05,1,1,000,000,1,5,1,4,1,39,4,1,4,00,2,1,15,201100027474A01,7,1,1
201100027488,2011-04-19,2011,avril,mardi,10:15,33,33281,0,0,2,1,6,1,1,4,2,03,1,1,000,000,1,0,1,4,1,47,5,1,2,00,0,1,1,201100027488B01,7,2,1
201100027489,2011-04-21,2011,avril,jeudi,10:25,33,33522,0,0,2,5,3,1,1,4,2,04,1,2,000,070,1,4,1,4,2,25,0,1,4,00,2,1,1,201100027489A01,7,1,1
201100027489,2011-04-21,2011,avril,jeudi,10:25,33,33522,0,0,2,5,3,1,1,4,2,04,1,2,000,070,1,4,1,1,2,2,0,1,2,00,2,1,1,201100027489A01,7,1,1
201100027500,2011-04-29,2011,avril,vendredi,18:00,33,33063,0,0,2,1,3,1,1,4,3,00,1,1,000,000,1,0,1,4,1,48,0,1,2,00,2,1,1,201100027500B01,7,16,1
201100027514,2011-05-05,2011,mai,jeudi,16:17,33,33063,0,0,2,1,7,1,1,4,1,02,1,1,000,140,1,0,1,3,1,36,0,1,2,00,0,0,0,201100027514A01,,,
201100027519,2011-05-06,2011,mai,vendredi,17:20,33,33063,0,0,2,2,3,1,1,4,2,04,1,1,000,150,1,0,1,3,2,18,0,1,9,00,2,1,1,201100027519B01,7,15,1
201100027540,2011-05-13,2011,mai,vendredi,21:30,33,33063,0,0,2,1,6,5,1,4,2,02,1,1,000,059,1,0,1,3,2,11,0,1,4,00,0,4,9,201100027540B01,33,1,1
201100027540,2011-05-13,2011,mai,vendredi,21:30,33,33063,0,0,2,1,6,5,1,4,2,02,1,1,000,059,1,0,1,4,2,11,0,1,4,00,0,4,9,201100027540B01,33,1,1
201100027541,2011-05-13,2011,mai,vendredi,18:30,33,33063,0,0,2,2,3,1,1,4,1,02,1,1,000,060,1,0,1,4,1,16,5,1,4,00,0,2,1,201100027541A01,7,1,1
201100027543,2011-05-13,2011,mai,vendredi,11:30,33,33063,0,0,2,5,3,1,1,4,3,02,1,1,000,000,1,0,1,4,1,48,1,1,9,00,2,1,1,201100027543B01,7,5,1
201100027547,2011-05-16,2011,mai,lundi,15:15,33,33063,0,0,2,1,6,1,1,4,1,01,1,1,000,036,1,0,1,4,2,38,0,1,4,01,2,1,1,201100027547B01,7,23,1
201100027559,2011-05-16,2011,mai,lundi,12:00,33,33318,0,0,2,1,6,1,1,4,2,02,1,1,000,070,1,0,1,4,2,74,5,1,4,00,2,1,1,201100027559B01,33,13,1
201100027566,2011-05-19,2011,mai,jeudi,18:05,33,33063,0,0,2,1,3,1,1,4,2,07,1,1,000,075,1,0,1,3,1,45,1,1,9,00,2,8,1,201100027566B01,33,1,1
201100027569,2011-05-19,2011,mai,jeudi,21:00,33,33119,0,0,2,1,3,1,1,4,1,01,1,1,000,060,1,0,1,4,1,7,0,1,4,00,0,0,19,201100027569B01,7,1,1
201100027571,2011-05-20,2011,mai,vendredi,90:0,33,33063,0,0,2,1,1,1,1,4,2,02,1,1,000,064,1,0,1,3,1,13,0,1,4,00,2,0,1,201100027571B01,7,15,1
201100027576,2011-05-16,2011,mai,lundi,17:10,33,33522,0,0,2,1,6,1,7,4,3,04,2,1,000,074,1,0,1,1,1,28,4,1,4,00,1,0,2,201100027576C01,1,2,2
201100027576,2011-05-16,2011,mai,lundi,17:10,33,33522,0,0,2,1,6,1,7,4,3,04,2,1,000,074,1,0,1,1,2,31,4,1,4,00,0,0,2,201100027576A01,1,2,2
201100027576,2011-05-16,2011,mai,lundi,17:10,33,33522,0,0,2,1,6,1,7,4,3,04,2,1,000,074,1,0,1,3,2,34,0,1,4,00,2,1,2,201100027576B01,1,2,2
201100027580,2011-05-24,2011,mai,mardi,17:05,33,33063,0,0,2,1,3,1,1,4,1,01,2,1,000,051,1,0,1,3,1,39,5,1,4,01,0,1,1,201100027580B01,7,24,1
201100027583,2011-05-24,2011,mai,mardi,12:06,33,33063,0,0,2,2,6,1,1,4,2,02,1,1,000,000,1,0,1,4,2,79,0,1,4,00,2,1,1,201100027583B01,7,9,1
201100027588,2011-05-29,2011,mai,dimanche,22:22,33,33063,0,0,2,2,6,5,1,4,1,02,1,1,000,067,1,4,1,4,2,49,0,1,4,00,2,0,6,201100027588A01,40,1,1
201100027591,2011-05-28,2011,mai,samedi,12:45,33,33063,0,0,2,2,6,1,1,4,1,01,1,1,000,000,1,0,1,3,1,29,0,1,9,00,2,1,1,201100027591B01,7,15,1
201100027608,2011-05-30,2011,mai,lundi,85:0,33,33318,0,0,2,3,3,1,1,4,1,01,1,1,000,034,1,0,1,3,2,25,0,1,2,00,0,8,15,201100027608A01,7,1,1
201100027611,2011-06-08,2011,juin,mercredi,12:15,33,33063,0,0,2,1,2,1,2,4,3,08,1,1,000,000,1,0,1,3,1,19,9,1,2,00,2,1,2,201100027611A01,7,2,1
201100027620,2011-06-09,2011,juin,jeudi,14:40,33,33063,0,0,2,4,3,1,1,4,2,03,1,1,000,000,1,0,1,3,2,55,0,1,9,00,2,0,1,201100027620A01,7,1,1
201100027623,2011-06-11,2011,juin,samedi,15:20,33,33063,0,0,2,1,3,1,1,4,3,04,1,1,000,000,1,0,1,4,1,27,0,1,2,00,0,3,16,201100027623B01,7,16,1
201100027636,2011-06-16,2011,juin,jeudi,90:5,33,33063,0,0,2,3,3,1,1,4,2,02,1,1,000,000,1,0,1,4,1,29,0,1,4,00,0,0,1,201100027636B01,30,15,1
201100027639,2011-06-13,2011,juin,lundi,14:45,33,33522,0,0,2,4,3,1,3,4,2,02,1,1,000,075,2,0,1,4,1,13,0,1,9,00,2,1,0,201100027639A01,7,1,1
201100027649,2011-06-17,2011,juin,vendredi,17:15,33,33063,0,0,2,4,3,1,1,4,2,02,1,1,000,000,1,0,1,4,2,37,0,1,2,00,2,0,1,201100027649B01,7,16,1
201100027651,2011-06-20,2011,juin,lundi,17:30,33,33063,0,0,2,2,3,1,1,4,2,03,1,1,000,000,1,0,1,1,1,33,0,1,2,00,2,1,1,201100027651B01,31,15,1
201100027652,2011-06-20,2011,juin,lundi,17:15,33,33063,0,0,2,3,1,1,1,4,2,02,1,1,000,000,1,0,1,4,1,54,0,1,4,00,0,0,1,201100027652B01,7,15,1
201100027653,2011-06-20,2011,juin,lundi,12:15,33,33063,0,0,2,5,3,1,1,4,-1,01,1,1,000,000,1,0,1,4,1,75,5,1,2,00,2,1,15,201100027653A01,7,17,1
201100027658,2011-06-20,2011,juin,lundi,20:35,33,33119,0,0,2,1,3,1,1,4,2,01,1,1,000,000,1,0,1,4,1,9,5,1,2,00,2,1,19,201100027658B01,7,1,1
201100027663,2011-06-22,2011,juin,mercredi,12:50,33,33063,0,0,2,1,6,2,1,4,3,03,1,1,000,000,1,0,1,4,1,32,5,1,2,00,0,3,1,201100027663A01,37,17,1
201100027684,2011-06-21,2011,juin,mardi,11:50,33,33522,0,0,2,3,3,1,1,4,-1,01,-1,-1,000,000,-1,0,0,4,1,27,0,1,2,00,2,4,1,201100027684B01,7,23,1
201100027691,2011-07-04,2011,juillet,lundi,17:30,33,33318,0,0,2,6,3,1,1,4,2,02,2,3,000,000,1,0,1,2,2,55,1,1,2,00,2,9,16,201100027691B01,17,16,1
201100027696,2011-07-06,2011,juillet,mercredi,12:20,33,33063,0,0,2,3,3,1,1,4,1,01,1,1,000,000,1,0,1,3,1,19,0,1,2,00,2,3,1,201100027696B01,7,1,1
201100027699,2011-07-06,2011,juillet,mercredi,75:0,33,33063,0,0,2,2,3,1,1,4,1,02,1,1,000,000,1,0,1,4,1,59,0,1,2,00,2,3,16,201100027699B01,7,16,1
201100027703,2011-07-01,2011,juillet,vendredi,81:0,33,33075,0,0,2,6,3,1,1,4,2,02,1,1,000,000,1,0,1,4,1,37,0,1,2,00,2,1,14,201100027703B01,7,16,1
201100027715,2011-07-08,2011,juillet,vendredi,72:0,33,33063,0,0,2,3,1,1,1,4,3,10,2,1,000,000,1,0,1,4,1,54,0,1,2,00,2,1,16,201100027715B01,2,15,1
201100027719,2011-07-14,2011,juillet,jeudi,10:00,33,33063,0,0,2,7,3,1,1,4,4,01,1,1,000,000,1,0,1,4,1,33,5,1,2,00,2,1,1,201100027719B01,7,1,1
201100027732,2011-07-21,2011,juillet,jeudi,19:10,33,33063,0,0,2,2,3,1,1,4,1,01,1,1,000,000,1,0,1,4,1,34,0,1,2,00,2,1,1,201100027732A01,7,1,1
201100027737,2011-07-22,2011,juillet,vendredi,12:10,33,33063,0,0,2,1,6,1,1,4,2,02,1,1,000,000,2,1,1,4,2,29,0,1,2,00,2,1,1,201100027737B01,10,22,1
201100027746,2011-07-23,2011,juillet,samedi,17:51,33,33522,0,0,2,6,3,1,1,4,3,04,1,1,000,000,2,0,1,4,1,22,5,1,2,00,2,9,9,201100027746A01,7,16,1
201100027748,2011-07-28,2011,juillet,jeudi,11:45,33,33063,0,0,2,3,3,1,1,4,2,03,1,1,000,000,1,0,1,4,2,47,0,1,2,00,2,4,0,201100027748A01,37,1,1
201100027755,2011-07-28,2011,juillet,jeudi,12:10,33,33318,0,0,2,1,3,1,1,4,2,02,1,1,000,000,1,0,1,4,2,27,0,1,2,00,2,1,1,201100027755A01,7,16,1
201100027762,2011-08-05,2011,août,vendredi,73:0,33,33063,0,0,2,7,3,2,2,4,3,04,1,2,000,000,1,4,1,4,1,62,4,1,2,00,0,0,19,201100027762B01,7,1,1
201100027783,2011-08-19,2011,août,vendredi,11:10,33,33063,0,0,2,3,3,1,1,4,1,01,1,1,000,000,1,0,0,4,2,18,1,1,9,00,2,1,5,201100027783B01,7,15,1
201100027784,2011-08-20,2011,août,samedi,30:,33,33063,0,0,2,2,3,5,1,4,3,03,1,1,000,000,2,0,1,3,2,18,5,1,2,00,2,1,0,201100027784A01,7,0,1
201100027807,2011-08-28,2011,août,dimanche,20:05,33,33281,0,0,2,3,3,1,1,4,2,02,1,1,000,000,2,0,1,4,1,17,0,1,2,00,0,0,16,201100027807A01,7,1,1
201100027811,2011-08-31,2011,août,mercredi,17:30,33,33063,0,0,2,2,6,1,1,4,1,02,1,1,000,000,1,0,1,1,1,52,5,1,2,00,1,1,1,201100027811A01,,,
201100027845,2011-09-07,2011,septembre,mercredi,18:10,33,33318,0,0,2,3,3,1,2,4,2,01,1,1,000,000,1,1,1,4,1,20,5,1,2,00,2,1,1,201100027845B01,7,1,1
201100027849,2011-09-13,2011,septembre,mardi,18:50,33,33063,0,0,2,3,3,1,1,4,1,01,1,1,000,000,1,0,1,1,1,44,0,1,2,00,2,1,16,201100027849B01,1,0,1
201100027849,2011-09-13,2011,septembre,mardi,18:50,33,33063,0,0,2,3,3,1,1,4,1,01,1,1,000,000,1,0,1,4,2,23,0,1,2,00,0,8,0,201100027849A01,1,16,1
201100027852,2011-09-07,2011,septembre,mercredi,12:30,33,33318,0,0,2,6,3,1,1,4,2,02,1,3,000,000,1,0,1,4,1,49,1,1,2,00,2,1,1,201100027852B01,7,9,1
201100027854,2011-09-14,2011,septembre,mercredi,17:45,33,33063,0,0,2,4,3,1,1,4,2,03,1,-1,000,000,1,0,1,4,1,16,0,1,9,00,2,1,15,201100027854B01,7,1,1
201100027861,2011-09-12,2011,septembre,lundi,16:35,33,33039,0,0,2,1,3,1,1,4,3,02,1,3,000,000,1,0,1,4,2,40,5,1,2,00,0,0,1,201100027861B01,7,1,1
201100027862,2011-09-13,2011,septembre,mardi,14:45,33,33318,0,0,2,4,3,1,1,4,2,02,1,3,000,000,1,0,1,4,2,32,5,1,2,00,2,8,0,201100027862B01,7,0,1
201100027872,2011-09-20,2011,septembre,mardi,11:20,33,33063,0,0,2,3,3,1,2,4,3,04,1,1,000,000,1,0,1,4,1,19,0,1,2,00,2,3,1,201100027872B01,7,15,1
201100027873,2011-09-20,2011,septembre,mardi,14:50,33,33063,0,0,2,1,3,1,1,4,3,04,1,1,000,000,1,0,1,4,1,45,0,1,2,00,2,3,13,201100027873A01,37,1,1
201100027879,2011-09-15,2011,septembre,jeudi,83:5,33,33522,0,0,2,6,3,1,1,4,3,02,-1,-1,000,000,1,0,1,4,2,58,0,1,9,00,2,1,1,201100027879A01,7,0,1
201100027886,2011-09-22,2011,septembre,jeudi,18:45,33,33063,0,0,2,3,3,1,1,4,2,02,1,1,000,000,1,0,1,4,2,16,5,1,2,00,2,1,1,201100027886A01,7,15,1
201100027894,2011-09-23,2011,septembre,vendredi,10:15,33,33063,0,0,2,5,3,1,1,4,1,01,1,1,000,000,1,4,1,4,1,20,0,1,2,00,2,1,1,201100027894A01,10,1,1
201100027899,2011-09-26,2011,septembre,lundi,91:0,33,33063,0,0,2,5,3,1,1,4,1,02,1,1,000,000,1,0,1,4,2,36,0,1,2,00,0,8,19,201100027899A01,30,1,1
201100027903,2011-09-16,2011,septembre,vendredi,17:40,33,33522,0,0,2,3,3,1,1,4,2,02,-1,1,000,000,1,0,1,4,2,30,0,1,2,00,0,8,1,201100027903B01,7,1,1
201100027908,2011-09-26,2011,septembre,lundi,14:15,33,33039,0,0,2,4,3,1,1,4,2,02,1,2,000,000,1,0,1,3,1,23,0,1,2,00,0,1,15,201100027908A01,7,1,1
201100027909,2011-09-27,2011,septembre,mardi,12:00,33,33063,0,0,2,1,3,1,1,4,2,02,1,1,000,000,1,0,1,4,1,49,0,1,9,01,0,3,1,201100027909A01,7,24,1
201100027910,2011-09-29,2011,septembre,jeudi,18:13,33,33063,0,0,2,2,3,1,1,4,2,02,1,1,000,000,1,0,1,4,2,13,0,1,2,00,0,7,1,201100027910A01,7,1,1
201100027917,2011-09-30,2011,septembre,vendredi,75:5,33,33063,0,0,2,3,3,1,2,4,2,02,1,1,000,000,1,0,1,3,1,19,4,1,2,00,2,7,15,201100027917A01,33,1,1
201100027919,2011-09-28,2011,septembre,mercredi,15:45,33,33281,0,0,2,1,2,1,1,4,2,02,1,1,000,000,1,0,1,4,1,21,0,1,2,00,0,0,0,201100027919A01,10,0,1
201100027933,2011-10-02,2011,octobre,dimanche,16:20,33,33318,0,0,2,1,1,1,1,4,2,02,1,1,000,000,1,0,1,4,1,46,0,1,2,00,2,1,1,201100027933B01,7,15,1
201100027952,2011-10-07,2011,octobre,vendredi,13:50,33,33318,0,0,2,1,3,1,1,4,2,04,1,3,000,000,1,0,1,4,1,41,1,1,9,00,2,1,1,201100027952B01,7,16,1
201100027965,2011-10-12,2011,octobre,mercredi,13:40,33,33063,0,0,2,1,6,1,1,4,1,02,1,1,000,000,1,0,1,3,2,18,0,1,9,00,2,0,1,201100027965B01,7,22,1
201100027966,2011-10-13,2011,octobre,jeudi,13:15,33,33063,0,0,2,6,3,1,1,4,2,02,1,3,000,000,1,0,1,4,1,13,0,1,9,00,2,8,9,201100027966B01,7,9,1
201100027972,2011-10-14,2011,octobre,vendredi,15:45,33,33063,0,0,2,2,3,1,1,4,1,01,1,1,000,000,1,0,1,4,1,16,0,1,2,00,0,2,1,201100027972A01,7,1,1
201100027975,2011-10-11,2011,octobre,mardi,82:5,33,33039,0,0,2,3,3,1,1,4,-1,01,1,1,000,000,1,0,1,4,2,70,0,1,9,00,2,1,2,201100027975B01,7,16,1