Num_Acc,date,an,mois,jour,hrmn,dep,com,lat,long,agg,int,col,lum,atm,catr,circ,nbv,prof,plan,lartpc,larrout,surf,infra,situ,grav,sexe,age,trajet,secuexist,equipement,obs,obsm,choc,manv,vehiculeid,typevehicules,manoeuvehicules,numVehicules
201100027978,2011-10-17,2011,octobre,lundi,14:50,33,33063,0,0,2,1,3,1,1,4,4,01,1,1,000,000,1,0,1,4,2,66,5,1,2,00,2,0,3,201100027978B01,1,1,1
201100027978,2011-10-17,2011,octobre,lundi,14:50,33,33063,0,0,2,1,3,1,1,4,4,01,1,1,000,000,1,0,1,1,1,25,0,1,2,00,2,0,1,201100027978A01,1,3,1
201100027987,2011-10-13,2011,octobre,jeudi,81:0,33,33281,0,0,2,6,2,1,1,4,2,02,1,3,000,000,1,0,1,4,2,48,0,1,4,00,0,5,16,201100027987B01,7,14,1
201100027995,2011-10-13,2011,octobre,jeudi,18:43,33,33281,0,0,2,3,3,1,1,4,-1,01,-1,-1,000,000,-1,0,0,4,1,37,0,1,2,00,2,1,1,201100027995B01,7,15,1
201100027996,2011-10-21,2011,octobre,vendredi,65:0,33,33063,0,0,2,2,3,5,1,4,1,01,1,1,000,000,1,0,1,4,2,43,0,1,4,00,0,7,1,201100027996B01,7,1,1
201100027998,2011-10-21,2011,octobre,vendredi,10:20,33,33063,0,0,2,3,3,1,1,4,1,01,1,1,000,000,1,0,1,4,2,23,0,1,2,00,2,1,5,201100027998A01,7,16,1
201100028001,2011-10-24,2011,octobre,lundi,94:0,33,33063,0,0,2,5,3,1,1,4,3,04,1,1,000,000,1,0,1,3,2,27,4,1,2,00,2,9,1,201100028001B01,14,16,1
201100028017,2011-10-20,2011,octobre,jeudi,92:0,33,33281,0,0,2,6,3,1,1,4,2,02,1,2,000,000,1,0,1,3,1,31,1,1,2,00,0,9,1,201100028017B01,7,9,1
201100028021,2011-10-19,2011,octobre,mercredi,80:0,33,33318,0,0,2,1,7,5,1,4,2,02,1,-1,020,060,1,0,1,4,2,18,0,1,9,00,2,1,1,201100028021B01,7,1,1
201100028031,2011-10-30,2011,octobre,dimanche,60:0,33,33063,0,0,2,3,6,5,1,4,2,00,1,1,000,000,1,0,1,3,1,21,5,1,9,00,0,4,1,201100028031B01,7,2,1
201100028047,2011-10-30,2011,octobre,dimanche,17:15,33,33281,0,0,2,3,3,1,1,4,2,02,1,1,000,000,1,0,1,4,1,8,5,1,9,00,0,8,19,201100028047B01,7,20,1
201100028091,2011-11-10,2011,novembre,jeudi,16:50,33,33192,0,0,2,1,3,1,1,4,2,02,1,1,000,000,1,0,1,4,1,69,0,1,2,00,2,1,1,201100028091B01,7,23,1
201100028095,2011-11-17,2011,novembre,jeudi,75:0,33,33281,0,0,2,2,3,2,5,4,2,02,-1,1,000,000,1,0,1,4,1,17,0,1,2,00,2,1,1,201100028095B01,7,15,1
201100028098,2011-11-21,2011,novembre,lundi,83:0,33,33063,0,0,2,2,3,1,1,4,2,02,1,1,000,000,1,0,1,4,1,41,0,1,2,00,0,0,1,201100028098B01,7,16,1
201100028104,2011-11-22,2011,novembre,mardi,16:38,33,33063,0,0,2,9,3,1,1,4,2,00,1,1,000,000,1,0,1,4,1,38,0,1,9,00,2,0,1,201100028104A01,7,0,1
201100028106,2011-11-18,2011,novembre,vendredi,16:05,33,33069,0,0,2,2,3,2,1,4,2,02,1,1,000,000,1,0,1,4,1,79,5,1,2,00,2,1,16,201100028106B01,7,15,1
201100028108,2011-11-17,2011,novembre,jeudi,15:15,33,33281,0,0,2,1,3,1,1,4,1,02,1,1,000,000,1,4,1,4,1,19,0,1,9,00,0,0,19,201100028108A01,7,1,1
201100028121,2011-11-24,2011,novembre,jeudi,17:45,33,33281,0,0,2,3,3,5,1,4,2,02,1,1,000,000,1,0,1,4,1,50,0,1,2,00,2,1,21,201100028121A01,7,15,1
201100028123,2011-11-28,2011,novembre,lundi,10:00,33,33063,0,0,2,2,3,1,1,4,1,01,1,1,000,000,2,0,1,4,2,27,0,1,2,00,2,0,5,201100028123A01,7,1,1
201100028138,2011-11-30,2011,novembre,mercredi,18:05,33,33063,0,0,2,1,3,5,1,4,2,02,1,2,000,000,1,0,1,3,2,39,1,1,4,00,2,2,2,201100028138B01,30,2,1
201100028144,2011-11-23,2011,novembre,mercredi,14:15,33,33550,0,0,2,1,3,1,1,4,2,02,1,1,000,000,2,0,1,4,1,38,0,1,2,01,0,2,1,201100028144B01,7,24,1
201100028164,2011-12-01,2011,décembre,jeudi,75:0,33,33318,0,0,2,6,3,2,1,4,2,02,1,1,000,081,1,0,1,4,2,44,0,1,9,00,2,1,1,201100028164B01,7,9,1
201100028176,2011-12-08,2011,décembre,jeudi,21:50,33,33063,0,0,2,4,3,5,8,4,-1,01,-1,-1,000,000,-1,1,1,4,2,33,0,1,4,00,2,2,1,201100028176A01,10,1,1
201100028180,2011-12-11,2011,décembre,dimanche,53:0,33,33063,0,0,2,1,7,5,1,4,4,08,1,1,000,060,1,4,1,3,2,30,0,1,4,00,0,1,0,201100028180A01,,,
201100028197,2011-12-14,2011,décembre,mercredi,21:0,33,33039,0,0,2,2,6,5,2,4,-1,01,-1,-1,000,000,-1,0,0,4,1,30,0,1,9,01,0,1,15,201100028197A01,,,
201100028208,2011-12-16,2011,décembre,vendredi,21:30,33,33063,0,0,2,5,3,5,3,4,2,02,1,3,000,000,2,4,1,4,1,23,0,1,9,00,2,4,19,201100028208A01,7,16,1
201100028212,2011-12-19,2011,décembre,lundi,21:15,33,33063,0,0,2,2,3,5,1,4,2,02,1,1,000,000,2,0,1,3,2,31,0,1,4,00,0,0,1,201100028212A01,7,1,1
201100028230,2011-12-22,2011,décembre,jeudi,12:45,33,33522,0,0,2,6,3,1,1,4,2,01,1,1,000,000,1,4,1,4,2,27,0,1,9,00,2,1,16,201100028230B01,7,1,1
201100028233,2011-12-26,2011,décembre,lundi,15:00,33,33119,0,0,2,1,3,1,1,4,2,04,1,1,000,000,1,0,1,4,1,86,5,1,9,00,0,8,2,201100028233B01,7,2,1
201100028242,2011-08-06,2011,août,samedi,16:00,33,33243,0,0,2,7,3,1,2,4,3,01,-1,1,000,500,2,0,1,3,1,60,5,1,2,00,2,1,0,201100028242B01,10,9,1
201100028251,2011-06-09,2011,juin,jeudi,12:05,34,34003,43.29212,3.45928,2,1,6,1,1,4,2,02,1,1,000,052,1,0,1,4,2,79,5,1,9,00,0,8,0,201100028251B01,7,17,1
201100028265,2011-10-04,2011,octobre,mardi,83:5,34,34003,0,0,2,1,2,1,1,4,3,03,1,1,000,103,1,0,1,3,1,70,5,1,2,00,2,4,2,201100028265B01,7,1,1
201100028274,2011-12-15,2011,décembre,jeudi,10:40,34,34003,0,0,2,6,3,1,1,4,2,02,1,-1,000,000,1,0,1,4,1,38,5,1,9,00,2,1,1,201100028274B01,7,9,1
201100028280,2011-01-13,2011,janvier,jeudi,18:40,34,34032,43.35243,3.22456,2,1,7,2,1,9,-1,02,-1,-1,000,075,-1,0,0,4,2,47,0,1,9,00,0,0,0,201100028280B01,7,0,1
201100028294,2011-02-19,2011,février,samedi,17:50,34,34032,43.35311,3.22457,2,1,6,1,1,4,-1,02,-1,-1,000,075,-1,0,0,4,1,75,0,1,9,00,2,0,0,201100028294B01,7,1,1
201100028331,2011-05-15,2011,mai,dimanche,21:10,34,34032,0,0,2,1,6,2,9,4,-1,00,-1,-1,000,000,-1,0,1,4,1,18,0,1,9,00,2,7,0,201100028331B01,7,0,1
201100028351,2011-07-05,2011,juillet,mardi,20:10,34,34336,43.31814,3.27839,2,1,6,1,1,4,-1,02,-1,-1,000,075,-1,0,0,4,1,28,0,1,2,00,0,0,0,201100028351B01,7,0,1
201100028353,2011-07-12,2011,juillet,mardi,91:0,34,34032,43.31164,3.28044,2,1,6,1,1,3,-1,02,-1,-1,000,075,-1,0,0,4,1,22,0,1,9,00,0,0,0,201100028353A01,7,0,1
201100028369,2011-08-27,2011,août,samedi,19:30,34,34032,0,0,1,3,3,1,1,4,2,01,1,1,000,020,1,0,1,3,1,9,5,1,9,00,2,1,0,201100028369A01,30,1,1
201100028447,2011-01-25,2011,janvier,mardi,18:00,34,34172,43.60164,3.86816,2,2,3,5,1,4,2,02,1,1,000,060,1,0,1,4,1,87,5,1,2,00,2,8,1,201100028447A01,32,1,1
201100028453,2011-01-30,2011,janvier,dimanche,18:45,34,34172,43.61685,3.86071,2,2,3,5,1,4,2,02,1,1,000,060,1,0,1,4,1,20,5,1,4,00,2,8,1,201100028453A01,7,15,1
201100028463,2011-02-04,2011,février,vendredi,85:5,34,34172,43.60696,3.83787,2,1,6,1,1,3,2,05,1,1,020,150,1,0,1,4,1,44,2,1,2,00,0,4,1,201100028463B01,7,1,1
201100028463,2011-02-04,2011,février,vendredi,85:5,34,34172,43.60696,3.83787,2,1,6,1,1,3,2,05,1,1,020,150,1,0,1,4,1,10,2,1,2,00,0,4,1,201100028463C01,7,1,1
201100028484,2011-02-15,2011,février,mardi,80:0,34,34172,43.60881,3.89428,2,1,4,1,1,4,1,03,1,1,000,090,1,0,1,4,1,61,1,1,4,00,2,4,2,201100028484B01,7,1/2,2
201100028496,2011-02-22,2011,février,mardi,18:20,34,34172,43.59112,3.88334,2,1,7,5,1,4,2,02,1,1,000,060,1,0,1,4,2,12,5,1,9,00,1,8,1,201100028496A01,7,16,1
201100028504,2011-02-26,2011,février,samedi,10:55,34,34129,43.58174,3.92102,2,1,3,1,1,3,1,02,1,2,150,060,1,0,1,4,1,73,5,1,9,00,2,1,5,201100028504A01,7,1,1
201100028524,2011-03-08,2011,mars,mardi,20:50,34,34172,43.62694,3.86967,2,2,7,5,1,4,2,04,1,1,010,168,1,0,1,1,1,26,5,1,4,00,0,0,0,201100028524A01,32,0,1
201100028524,2011-03-08,2011,mars,mardi,20:50,34,34172,43.62694,3.86967,2,2,7,5,1,4,2,04,1,1,010,168,1,0,1,1,2,27,5,1,9,00,0,0,0,201100028524C01,32,0,1
201100028561,2011-04-01,2011,avril,vendredi,17:45,34,34172,43.60345,3.89243,2,1,3,1,1,4,2,04,1,1,005,116,1,0,1,4,2,32,1,1,9,00,2,3,1,201100028561B01,7,22,1
201100028565,2011-04-03,2011,avril,dimanche,10:35,34,34172,43.61588,3.89755,2,3,3,1,1,4,2,02,1,1,000,060,1,0,5,4,2,60,5,1,2,00,2,7,1,201100028565B01,7,9,1
201100028566,2011-04-04,2011,avril,lundi,15:30,34,34172,43.60933,3.86682,2,1,6,1,1,4,1,01,1,1,000,040,1,0,1,4,1,29,0,1,9,00,2,8,1,201100028566C01,7,1/9,2
201100028569,2011-04-06,2011,avril,mercredi,91:5,34,34172,43.609,3.88947,2,1,3,1,1,4,1,02,1,1,000,060,1,0,1,4,1,36,5,1,9,00,2,7,19,201100028569A01,7,1,1
201100028570,2011-04-06,2011,avril,mercredi,18:40,34,34172,43.62647,3.8664,2,9,3,1,1,4,2,04,1,1,020,120,1,0,1,4,2,38,5,1,9,00,2,3,19,201100028570B01,7,1,1
201100028572,2011-04-09,2011,avril,samedi,41:5,34,34172,43.60263,3.84744,2,3,7,5,1,4,2,02,1,1,000,079,1,0,1,3,1,27,0,1,4,00,0,0,0,201100028572A01,7,0,1
201100028574,2011-04-11,2011,avril,lundi,17:45,34,34172,43.62175,3.84715,2,1,6,1,1,4,2,02,1,1,000,080,1,0,5,4,2,49,1,1,9,00,2,1,1,201100028574B01,7,22,1
201100028576,2011-04-13,2011,avril,mercredi,92:0,34,34172,43.61145,3.8642,2,1,3,1,1,4,2,02,1,1,000,060,1,0,1,4,1,12,4,1,9,00,2,2,19,201100028576B01,7,1,1
201100028582,2011-04-15,2011,avril,vendredi,91:5,34,34172,43.6334,3.86019,2,1,6,1,1,4,2,02,2,1,000,060,1,0,1,4,2,28,5,1,2,00,2,2,1,201100028582B01,7,24,1
201100028597,2011-04-21,2011,avril,jeudi,80:5,34,34172,43.60328,3.89373,2,1,6,1,1,4,1,01,1,1,000,030,1,0,5,4,1,28,1,1,2,00,2,1,1,201100028597B01,7,9,1
201100028618,2011-05-04,2011,mai,mercredi,15:30,34,34129,43.58519,3.92046,2,1,3,1,1,3,2,02,1,1,000,100,1,0,0,4,2,29,1,1,9,00,2,1,19,201100028618B01,7,1,1
201100028621,2011-05-06,2011,mai,vendredi,10:10,34,34172,43.61085,3.88085,2,9,6,1,1,9,4,01,1,1,000,040,1,6,1,1,1,17,5,1,2,00,1,3,1,201100028621A01,,,
201100028637,2011-05-17,2011,mai,mardi,83:5,34,34172,43.6085,3.8905,2,1,3,1,1,9,-1,01,1,1,000,010,1,0,0,1,1,44,1,1,2,00,2,7,1,201100028637A01,30,1,1
201100028652,2011-05-23,2011,mai,lundi,18:10,34,34172,43.63768,3.85968,2,3,3,1,1,4,2,02,1,1,000,060,1,0,1,4,2,22,5,1,9,00,2,3,5,201100028652A01,7,16,1
201100028654,2011-05-24,2011,mai,mardi,18:45,34,34172,43.61884,3.86358,2,2,1,1,1,4,2,02,1,1,000,060,1,0,1,4,2,21,5,1,2,00,2,1,1,201100028654A01,7,15,1
201100028655,2011-05-25,2011,mai,mercredi,11:05,34,34172,43.60419,3.87827,2,1,6,1,1,4,2,04,2,1,000,120,1,0,4,4,2,20,5,1,9,00,1,1,1,201100028655A01,,,
201100028662,2011-05-30,2011,mai,lundi,19:15,34,34172,43.60803,3.8736,2,1,6,1,1,4,2,02,2,1,000,062,1,0,1,4,2,24,5,1,9,00,2,8,1,201100028662B01,7,14,1
201100028669,2011-06-10,2011,juin,vendredi,15:35,34,34172,43.60656,3.89835,2,1,3,1,1,4,1,01,1,1,000,034,1,0,1,4,1,51,5,1,9,00,2,8,1,201100028669B01,7,1,1
201100028679,2011-06-15,2011,juin,mercredi,16:40,34,34172,43.60343,3.90631,2,1,6,1,1,4,1,04,1,1,000,200,1,0,1,1,1,23,5,1,2,00,1,1,1,201100028679A01,,,
201100028707,2011-06-29,2011,juin,mercredi,82:5,34,34172,43.57496,3.85993,2,1,3,1,1,4,1,02,1,2,000,060,1,0,1,4,1,30,4,1,2,00,2,7,1,201100028707B01,10,9,1
201100028713,2011-06-30,2011,juin,jeudi,13:00,34,34172,0,0,2,2,3,1,1,4,2,02,2,1,000,121,1,0,1,4,2,27,5,1,2,00,2,1,1,201100028713A01,7,1,1
201100028717,2011-07-01,2011,juillet,vendredi,17:50,34,34172,43.59925,3.89384,2,2,7,1,1,4,2,04,1,1,000,120,1,5,1,4,1,33,1,1,9,00,0,0,1,201100028717A01,,,
201100028729,2011-07-07,2011,juillet,jeudi,14:30,34,34172,43.59786,3.84169,2,1,1,1,1,4,2,02,1,2,000,000,1,0,1,4,1,23,5,1,9,00,2,1,13,201100028729A01,10,1,1
201100028761,2011-07-21,2011,juillet,jeudi,20:00,34,34172,43.6022,3.90198,2,1,3,1,1,3,3,04,1,1,000,120,1,0,1,4,1,45,5,1,9,00,2,3,5,201100028761A01,7,1,1
201100028775,2011-07-31,2011,juillet,dimanche,75:5,34,34172,43.60528,3.86035,2,1,1,1,1,4,2,02,2,3,000,060,1,0,1,3,1,47,5,1,9,00,2,1,0,201100028775B01,7,1,1
201100028808,2011-08-16,2011,août,mardi,19:38,34,34172,43.61625,3.84107,2,3,3,1,1,4,2,04,2,-1,000,120,1,0,1,4,2,11,0,1,9,00,2,1,0,201100028808A01,7,1,1
201100028813,2011-08-19,2011,août,vendredi,20:18,34,34172,0,0,2,1,3,1,1,3,1,02,1,2,000,060,1,0,1,4,1,25,1,1,9,00,2,1,1,201100028813B01,7,9,1
201100028836,2011-09-02,2011,septembre,vendredi,32:5,34,34172,43.59942,3.87112,2,1,2,5,1,4,2,04,1,1,000,160,1,0,1,4,1,61,1,1,2,00,2,4,1,201100028836B01,7,9,1
201100028860,2011-09-15,2011,septembre,jeudi,15:45,34,34172,43.61773,3.88587,2,3,1,1,1,4,2,05,1,1,010,150,1,5,1,4,1,13,5,1,2,00,2,7,19,201100028860B01,7,1,1
201100028869,2011-09-20,2011,septembre,mardi,35:,34,34172,43.61838,3.86465,2,1,2,5,1,4,2,01,2,3,000,036,1,0,1,4,1,64,5,1,4,00,0,1,1,201100028869B01,7,23,1
201100028871,2011-09-21,2011,septembre,mercredi,75:5,34,34172,43.6159,3.8746,2,1,1,1,1,9,-1,00,1,1,000,000,1,6,0,4,2,19,2,1,2,00,2,1,1,201100028871B01,7,0,1
201100028873,2011-09-21,2011,septembre,mercredi,20:15,34,34172,43.60312,3.8548,2,1,1,4,1,4,2,02,1,1,000,060,1,0,1,3,2,37,1,1,9,01,0,1,1,201100028873B01,7,24,1
201100028886,2011-09-28,2011,septembre,mercredi,17:15,34,34172,43.60383,3.85927,2,3,3,1,1,4,2,02,1,1,000,064,1,0,1,4,2,35,0,1,9,00,2,2,15,201100028886A01,32,1,1
201100028887,2011-09-29,2011,septembre,jeudi,11:35,34,34172,43.59025,3.86802,2,1,1,1,1,4,2,02,1,1,000,060,1,0,1,4,1,12,2,1,9,00,2,8,19,201100028887A01,7,1,1
201100028888,2011-09-29,2011,septembre,jeudi,14:35,34,34172,43.61405,3.88682,2,1,3,1,1,4,1,02,1,2,000,070,1,0,1,4,1,18,5,1,9,00,2,7,19,201100028888A01,33,1,1
201100028904,2011-10-09,2011,octobre,dimanche,17:30,34,34172,43.60033,3.86772,2,3,3,1,1,4,1,03,1,1,000,093,1,0,1,4,1,25,3,1,4,00,2,1,19,201100028904A01,7,16,1
201100028951,2011-11-04,2011,novembre,vendredi,18:40,34,34172,43.36882,3.53007,2,4,3,5,3,4,1,04,1,1,000,120,2,5,1,4,1,35,5,1,9,00,2,1,19,201100028951B01,10,1,1
201100028960,2011-11-15,2011,novembre,mardi,85:5,34,34172,43.62348,3.87206,2,1,6,1,1,3,2,02,1,1,000,080,1,0,5,4,1,24,2,1,2,00,2,7,1,201100028960B01,7,1/22,2
201100028966,2011-11-18,2011,novembre,vendredi,14:05,34,34172,43.58574,3.87665,2,1,2,1,1,4,2,02,1,1,000,108,1,0,1,4,1,15,1,1,9,00,2,4,2,201100028966B01,7,2,1
201100028988,2011-11-28,2011,novembre,lundi,20:00,34,34172,43.634,3.86003,2,1,3,5,1,4,2,02,2,1,000,060,1,0,1,4,1,18,5,1,9,00,2,6,9,201100028988A01,32,1,1
201100028993,2011-11-30,2011,novembre,mercredi,12:05,34,34172,0,0,2,1,7,1,1,9,-1,00,2,2,000,120,2,0,0,4,1,28,0,1,9,15,0,1,1,201100028993A01,,,
201100029009,2011-12-09,2011,décembre,vendredi,15:00,34,34172,43.61589,3.82056,2,1,6,1,1,4,2,05,1,1,020,160,1,0,1,4,1,69,5,1,4,00,2,7,11,201100029009A01,7,1,1
201100029022,2011-12-15,2011,décembre,jeudi,17:05,34,34172,43.61077,3.89866,2,1,3,2,1,4,2,02,1,-1,000,060,1,0,1,4,2,19,5,1,9,00,2,3,19,201100029022A01,7,1,1
201100029054,2011-03-30,2011,mars,mercredi,18:35,34,34108,43.43775,3.76047,1,6,3,1,1,3,2,02,1,3,000,065,1,0,1,4,1,68,9,1,9,00,2,1,15,201100029054B01,7,9,1
201100029073,2011-08-31,2011,août,mercredi,17:10,34,34108,0,0,1,1,3,1,1,3,1,01,1,2,000,078,1,0,1,4,1,70,9,1,9,00,2,1,1,201100029073B01,7,16,1
201100029075,2011-09-12,2011,septembre,lundi,15:00,34,34108,43.41685,3.72424,2,1,6,1,1,3,1,02,1,2,000,095,1,5,1,3,2,64,9,1,9,00,2,4,1,201100029075B01,16,16,1
201100029099,2011-03-13,2011,mars,dimanche,11:45,35,35115,48.36592,-1.18565,2,6,3,1,3,3,,,,,,,,5,0,4,1,42,5,1,2,00,2,8,1,201100029099B01,7,1,1
201100029104,2011-05-18,2011,mai,mercredi,21:10,35,35115,48.35034,-1.19712,2,1,2,1,1,4,3,02,2,1,000,069,1,0,1,3,1,55,5,1,9,01,0,1,1,201100029104A01,7,,1
201100029142,2011-01-17,2011,janvier,lundi,16:20,35,35238,48.1064,-1.67777,2,2,6,1,1,4,3,02,1,1,000,000,1,5,1,1,2,28,5,1,8,00,1,1,1,201100029142A01,,,
201100029143,2011-01-17,2011,janvier,lundi,18:35,35,35238,48.1006,-1.64978,2,1,3,5,1,4,2,02,1,1,000,000,1,0,1,4,2,30,1,1,8,00,2,8,2,201100029143B01,13,1,1
201100029146,2011-01-21,2011,janvier,vendredi,31:2,35,35238,48.1143,-1.65847,2,1,3,5,1,4,2,02,1,1,000,056,1,0,1,3,1,26,5,1,8,00,2,2,1,201100029146B01,7,18,1
201100029157,2011-01-29,2011,janvier,samedi,13:00,35,35238,48.0914,-1.65842,2,6,3,1,1,4,1,02,1,2,000,000,1,5,1,4,1,60,4,1,8,00,2,4,1,201100029157B01,7,9,1
201100029168,2011-02-09,2011,février,mercredi,14:10,35,35238,48.1203,-1.70841,2,2,6,1,1,4,2,02,1,1,000,000,1,0,1,4,1,70,5,1,2,00,5,1,1,201100029168A01,,,
201100029169,2011-02-10,2011,février,jeudi,14:10,35,35238,0,0,2,1,7,1,1,4,2,02,1,1,000,000,1,0,1,4,1,70,5,1,4,00,5,1,1,201100029169A01,,,
201100029175,2011-02-14,2011,février,lundi,82:0,35,35281,0,0,2,2,3,1,1,4,2,01,1,1,000,000,1,0,1,4,1,54,1,1,2,00,2,1,1,201100029175B01,7,9,1
201100029186,2011-02-22,2011,février,mardi,18:00,35,35238,48.1201,-1.63143,2,4,3,1,2,4,2,02,2,1,000,000,2,5,1,4,1,51,5,1,8,00,2,1,1,201100029186B01,7,15,1
201100029191,2011-02-25,2011,février,vendredi,82:5,35,35238,48.0974,-1.67515,2,2,3,2,2,4,1,02,1,1,000,000,2,5,5,4,2,20,5,1,8,00,2,1,1,201100029191B01,7,1,1
201100029192,2011-02-25,2011,février,vendredi,18:40,35,35238,48.1177,-1.63447,2,3,3,5,1,4,2,02,3,1,000,000,2,0,1,4,1,19,5,1,2,00,2,1,1,201100029192B01,7,15,1
201100029201,2011-03-10,2011,mars,jeudi,10:30,35,35238,48.0875,-1.64492,2,6,3,1,1,4,3,02,1,1,000,000,1,5,5,4,2,42,1,1,8,00,2,1,1,201100029201B01,7,16,1
201100029218,2011-03-25,2011,mars,vendredi,19:20,35,35238,48.1012,-1.67265,2,1,3,5,1,4,1,02,3,1,000,000,1,0,1,4,1,52,5,1,8,00,2,8,1,201100029218B01,7,14,1
201100029219,2011-03-29,2011,mars,mardi,12:20,35,35238,48.1101,-1.6846,2,2,3,1,1,4,3,04,1,3,000,000,1,5,1,4,2,24,2,1,8,00,2,1,1,201100029219A01,7,23,1
201100029224,2011-04-01,2011,avril,vendredi,16:40,35,35238,48.0897,-1.68563,2,2,3,1,1,4,2,02,1,1,000,000,1,0,1,4,1,63,5,1,8,00,2,1,1,201100029224B01,7,15,1
201100029230,2011-04-05,2011,avril,mardi,17:10,35,35238,48.0902,-1.65235,2,1,6,1,1,4,-1,00,1,1,000,000,1,6,1,1,1,6,5,1,8,00,1,1,1,201100029230A01,,,
201100029232,2011-04-06,2011,avril,mercredi,91:5,35,35238,48.1038,-1.67711,2,3,3,1,1,4,3,04,1,1,000,062,1,0,1,4,1,38,5,1,8,00,2,8,1,201100029232B01,10,16,1
201100029235,2011-04-08,2011,avril,vendredi,19:50,35,35238,48.1094,-1.68018,2,2,3,1,1,4,1,01,1,1,000,000,1,0,1,4,1,16,5,1,8,00,2,1,1,201100029235B01,7,9,1
201100029236,2011-04-09,2011,avril,samedi,85:0,35,35238,48.1102,-1.67641,2,3,3,1,1,4,1,01,1,1,000,000,1,0,1,4,1,29,1,1,8,00,2,1,1,201100029236B01,7,16,1
201100029237,2011-04-09,2011,avril,samedi,15:10,35,35238,48.1125,-1.67342,2,1,6,1,1,4,1,01,1,3,000,000,1,0,1,1,1,28,5,1,8,00,2,1,1,201100029237A01,,,
201100029239,2011-04-09,2011,avril,samedi,19:55,35,35238,48.1163,-1.70801,2,3,3,1,1,4,3,02,1,1,000,000,1,5,1,4,1,9,5,1,8,00,2,1,19,201100029239A01,7,1,1
201100029247,2011-04-12,2011,avril,mardi,19:00,35,35238,48.1214,-1.71279,2,1,3,1,1,4,2,01,1,1,000,000,1,0,1,4,1,9,5,1,8,00,2,1,9,201100029247A01,10,1,1
201100029256,2011-04-19,2011,avril,mardi,13:20,35,35238,48.1102,-1.67958,2,1,6,1,1,4,1,02,1,1,000,000,1,0,1,1,1,18,2,1,8,00,1,1,1,201100029256A01,,,
201100029270,2011-04-28,2011,avril,jeudi,82:5,35,35238,48.1038,-1.67711,2,3,3,1,1,4,1,02,1,1,000,000,1,0,1,4,1,59,1,1,8,00,2,1,1,201100029270B01,7,16,1
201100029274,2011-05-03,2011,mai,mardi,74:5,35,35238,48.1236,-1.70911,2,3,3,1,2,4,2,02,1,1,000,000,2,0,1,3,1,56,1,1,8,00,2,0,1,201100029274B01,7,15,1
201100029275,2011-05-04,2011,mai,mercredi,83:0,35,35238,48.1035,-1.66269,2,2,3,1,1,4,2,02,1,1,000,000,1,5,1,4,1,74,5,1,8,00,2,0,1,201100029275B01,7,16,1
201100029278,2011-05-05,2011,mai,jeudi,22:10,35,35238,48.1074,-1.67455,2,3,3,5,1,4,3,04,1,1,000,000,1,5,1,4,2,22,5,1,8,00,2,8,13,201100029278B01,7,17,1
201100029279,2011-05-07,2011,mai,samedi,12:20,35,35238,48.1051,-1.69183,2,1,3,1,1,4,2,02,1,1,000,000,1,0,1,4,2,47,5,1,8,00,2,1,1,201100029279B01,7,22,1
201100029283,2011-05-08,2011,mai,dimanche,19:38,35,35281,0,0,2,1,7,1,1,4,-1,00,-1,-1,000,000,-1,0,1,4,1,60,0,1,9,00,0,0,1,201100029283A01,,,
201100029291,2011-05-12,2011,mai,jeudi,15:00,35,35238,48.0867,-1.67499,2,2,3,1,1,4,2,02,1,1,000,000,1,5,1,4,1,81,5,1,2,00,2,0,1,201100029291B01,7,16,1
201100029303,2011-05-17,2011,mai,mardi,61:5,35,35238,48.0914,-1.65842,2,6,3,5,1,4,3,02,1,1,000,000,1,5,1,4,2,31,1,1,8,00,2,5,1,201100029303B01,7,1,1
201100029304,2011-05-17,2011,mai,mardi,80:2,35,35238,48.1008,-1.6945,2,1,6,1,1,4,2,02,1,1,000,000,1,0,4,4,1,22,1,1,8,00,0,1,1,201100029304A01,,,
201100029306,2011-05-18,2011,mai,mercredi,20:00,35,35238,48.1089,-1.71022,2,2,6,1,1,4,2,02,2,1,000,000,1,5,4,1,1,32,5,1,8,00,1,1,1,201100029306A01,,,
201100029309,2011-05-21,2011,mai,samedi,17:20,35,35238,48.0884,-1.66918,2,2,3,1,1,4,3,02,1,1,000,000,1,0,1,4,1,68,0,1,9,00,2,1,1,201100029309B01,7,1,1
201100029318,2011-05-26,2011,mai,jeudi,17:15,35,35238,48.1171,-1.70799,2,1,3,1,8,4,2,02,1,1,000,000,1,0,1,4,1,24,2,1,8,00,2,0,1,201100029318B01,7,15,1
201100029324,2011-06-01,2011,juin,mercredi,16:10,35,35238,48.1188,-1.66037,2,3,3,1,1,4,2,02,3,1,000,000,1,0,1,4,2,72,5,1,8,00,2,1,1,201100029324B01,1,15,1
201100029326,2011-06-01,2011,juin,mercredi,17:30,35,35055,0,0,2,1,3,1,1,4,-1,01,1,1,000,000,1,0,1,4,2,61,5,1,9,00,2,0,1,201100029326B01,30,19,1
201100029333,2011-06-10,2011,juin,vendredi,12:00,35,35055,0,0,2,6,2,1,1,4,2,02,1,1,000,000,1,0,1,4,1,17,5,1,2,00,2,1,1,201100029333A01,7,2,1
201100029343,2011-06-21,2011,juin,mardi,14:2,35,35238,48.1098,-1.67617,2,1,6,5,8,4,2,02,1,1,000,000,2,0,1,4,1,25,5,1,8,12,0,1,1,201100029343A01,,,