Num_Acc,date,an,mois,jour,hrmn,dep,com,lat,long,agg,int,col,lum,atm,catr,circ,nbv,prof,plan,lartpc,larrout,surf,infra,situ,grav,sexe,age,trajet,secuexist,equipement,obs,obsm,choc,manv,vehiculeid,typevehicules,manoeuvehicules,numVehicules
201100032481,2011-05-24,2011,mai,mardi,18:14,49,49007,47.46179,-0.54161,2,2,1,1,1,4,2,02,1,1,000,062,1,0,1,4,1,20,0,1,2,00,2,1,1,201100032481B01,7,1,1
201100032482,2011-05-26,2011,mai,jeudi,85:7,49,49007,47.47741,-0.55357,2,9,3,1,1,4,2,02,1,1,000,105,1,2,1,3,2,26,5,1,9,00,2,7,2,201100032482A01,14,2,1
201100032488,2011-05-31,2011,mai,mardi,11:23,49,49007,47.46565,-0.55394,2,1,7,1,2,4,2,02,1,1,000,110,2,0,1,4,2,14,0,1,2,00,0,0,0,201100032488A01,,,
201100032489,2011-05-30,2011,mai,lundi,75:6,49,49007,47.47512,-0.57027,2,1,6,1,1,4,2,02,1,1,000,056,1,0,1,1,1,34,1,1,2,00,1,2,1,201100032489A01,,,
201100032495,2011-06-06,2011,juin,lundi,13:30,49,49007,47.46634,-0.54771,2,2,3,1,1,4,2,02,1,1,000,060,1,0,1,4,2,25,5,1,2,00,2,1,1,201100032495A01,7,1,1
201100032513,2011-06-22,2011,juin,mercredi,13:46,49,49007,47.47941,-0.54978,2,1,7,1,1,4,1,01,1,1,000,035,1,0,0,4,2,26,0,1,9,00,0,0,1,201100032513A01,,,
201100032515,2011-06-24,2011,juin,vendredi,11:23,49,49007,47.4744,-0.55245,2,2,3,1,1,4,2,00,4,1,000,048,1,0,5,4,1,36,0,1,2,00,2,1,1,201100032515B01,7,15,1
201100032519,2011-06-28,2011,juin,mardi,11:54,49,49353,47.44089,-0.48973,2,1,3,1,1,4,2,02,1,1,000,045,1,0,1,3,2,76,5,1,9,00,2,1,1,201100032519B01,7,0,1
201100032522,2011-06-29,2011,juin,mercredi,19:10,49,49007,47.44912,-0.56533,2,2,3,1,1,4,2,00,1,1,000,104,1,0,1,4,2,10,5,1,2,00,2,1,1,201100032522B01,7,1,1
201100032525,2011-07-02,2011,juillet,samedi,14:37,49,49353,47.4394,-0.49451,2,1,7,1,1,4,2,02,1,1,000,080,1,0,1,4,2,11,5,1,2,00,0,1,1,201100032525A01,,,
201100032532,2011-07-06,2011,juillet,mercredi,20:28,49,49246,47.4344,-0.53007,2,2,3,1,1,4,2,00,1,1,000,032,1,0,1,1,1,21,5,1,2,00,2,1,15,201100032532A01,1,17,1
201100032532,2011-07-06,2011,juillet,mercredi,20:28,49,49246,47.4344,-0.53007,2,2,3,1,1,4,2,00,1,1,000,032,1,0,1,4,1,51,5,1,2,00,2,4,17,201100032532B01,1,15,1
201100032537,2011-07-12,2011,juillet,mardi,19:10,49,49007,47.48571,-0.5514,2,1,7,1,2,4,-1,00,1,1,000,020,2,0,1,4,1,23,5,1,2,00,0,0,1,201100032537A01,,,
201100032540,2011-07-15,2011,juillet,vendredi,17:50,49,49007,47.49267,-0.57771,2,3,6,1,1,4,-1,00,1,1,000,070,1,0,1,3,1,56,0,1,2,00,2,0,1,201100032540A01,37,1,1
201100032546,2011-07-25,2011,juillet,lundi,15:00,49,49007,47.46798,-0.55905,2,3,2,1,1,4,1,01,1,1,000,060,2,0,1,4,2,37,0,1,2,00,2,1,1,201100032546B01,7,1,1
201100032550,2011-07-29,2011,juillet,vendredi,15:40,49,49007,47.47048,-0.56878,2,7,6,1,1,4,3,03,1,1,000,075,1,0,1,1,1,23,0,1,9,00,1,1,1,201100032550A01,,,
201100032562,2011-08-08,2011,août,lundi,11:08,49,49007,47.48342,-0.51396,2,1,2,1,1,4,2,02,1,1,000,060,1,0,1,4,2,52,0,1,2,00,2,4,1,201100032562B01,7,1,1
201100032571,2011-08-17,2011,août,mercredi,15:42,49,49007,47.46993,-0.54822,2,3,3,1,2,4,2,02,1,1,000,110,2,0,1,4,2,30,0,1,2,00,2,1,15,201100032571A01,7,1,1
201100032572,2011-08-16,2011,août,mardi,20:55,49,49007,47.4651,-0.54963,2,1,7,2,1,4,2,00,1,1,000,070,1,0,1,3,1,49,5,1,2,00,0,0,19,201100032572A01,,,
201100032588,2011-08-26,2011,août,vendredi,17:25,49,49007,47.4732,-0.54796,2,2,3,1,1,4,1,01,2,1,000,068,1,0,1,4,1,25,0,1,9,00,2,8,1,201100032588A01,7,1,1
201100032590,2011-08-26,2011,août,vendredi,19:20,49,49246,47.441,-0.50472,2,1,7,1,1,4,1,01,1,3,000,041,1,0,0,4,1,58,5,1,9,00,2,1,1,201100032590A01,1,1,1
201100032591,2011-09-01,2011,septembre,jeudi,71:2,49,49007,47.46462,-0.54504,2,6,3,2,1,4,-1,02,1,-1,000,080,1,0,1,4,1,40,0,1,4,00,2,7,0,201100032591B01,7,0,1
201100032595,2011-09-03,2011,septembre,samedi,19:50,49,49007,47.46174,-0.54144,2,1,1,1,1,4,2,02,1,1,000,057,1,0,0,4,1,39,5,1,9,00,2,1,1,201100032595B01,2,15,1
201100032597,2011-09-07,2011,septembre,mercredi,19:10,49,49007,47.47474,-0.59368,2,1,6,1,1,4,2,02,1,1,000,058,1,0,1,4,1,9,0,1,2,01,0,1,1,201100032597A01,,,
201100032604,2011-09-13,2011,septembre,mardi,11:44,49,49007,47.46252,-0.55377,2,1,3,1,2,4,-1,00,1,1,000,050,2,0,1,3,1,82,5,1,2,00,2,8,1,201100032604B01,7,1,1
201100032605,2011-09-13,2011,septembre,mardi,15:05,49,49007,47.45632,-0.53359,2,1,7,1,1,4,2,00,1,1,000,090,2,0,1,3,2,64,0,1,2,00,0,0,0,201100032605A01,,,
201100032608,2011-09-14,2011,septembre,mercredi,13:07,49,49353,47.44554,-0.4658,2,1,7,1,1,4,2,02,1,1,000,075,1,0,1,4,2,82,5,1,2,12,0,0,1,201100032608A01,,,
201100032613,2011-09-15,2011,septembre,jeudi,95:7,49,49007,47.4638,-0.55531,2,1,7,1,1,4,3,02,1,1,000,060,1,0,1,4,2,24,0,1,2,00,0,0,1,201100032613A01,,,
201100032615,2011-09-16,2011,septembre,vendredi,17:53,49,49246,47.42534,-0.5255,2,1,6,1,1,4,2,02,1,1,000,030,1,0,1,4,1,35,5,1,2,00,2,8,1,201100032615B01,7,20,1
201100032618,2011-09-23,2011,septembre,vendredi,34:5,49,49007,47.47408,-0.55192,2,1,2,5,1,4,-1,02,1,1,000,040,1,0,1,4,1,20,5,1,9,00,2,1,1,201100032618A01,7,1,1
201100032619,2011-09-22,2011,septembre,jeudi,12:35,49,49007,47.47569,-0.59387,2,2,3,1,1,4,-1,02,1,1,000,060,1,0,1,4,2,58,0,1,2,00,2,7,1,201100032619B01,7,15,1
201100032623,2011-09-02,2011,septembre,vendredi,11:52,49,49015,47.50602,-0.58883,2,1,7,1,1,4,2,02,1,1,000,064,-1,0,0,4,2,16,5,1,4,12,0,1,1,201100032623A01,,,
201100032625,2011-09-22,2011,septembre,jeudi,21:15,49,49007,47.47106,-0.56488,2,1,2,2,1,4,2,02,1,1,000,060,1,0,1,4,2,27,2,1,2,00,2,4,10,201100032625B01,7,1,1
201100032627,2011-09-24,2011,septembre,samedi,17:45,49,49007,47.44664,-0.56259,2,1,7,1,1,4,2,02,1,1,000,060,1,0,1,4,1,73,5,1,2,00,0,0,1,201100032627A01,,,
201100032637,2011-09-27,2011,septembre,mardi,12:17,49,49007,47.47534,-0.54866,2,3,3,1,1,4,3,00,1,1,000,090,1,0,1,4,1,17,5,1,2,00,2,1,1,201100032637B01,7,16,1
201100032638,2011-09-28,2011,septembre,mercredi,13:45,49,49007,47.45299,-0.53871,2,2,3,1,1,4,3,00,1,1,000,060,1,0,1,4,2,39,5,1,2,00,2,7,15,201100032638A01,7,1,1
201100032640,2011-09-28,2011,septembre,mercredi,17:29,49,49007,47.47172,-0.53812,2,1,3,1,1,4,2,00,1,1,000,060,1,0,1,4,1,14,5,1,2,00,2,7,19,201100032640B01,7,1,1
201100032647,2011-10-04,2011,octobre,mardi,9:,49,49007,47.47403,-0.5374,2,3,3,5,1,4,2,02,1,1,000,100,1,0,1,4,2,23,5,1,2,00,2,1,15,201100032647A01,7,1,1
201100032657,2011-10-06,2011,octobre,jeudi,84:8,49,49015,47.51287,-0.61397,1,6,6,1,1,4,1,01,1,1,000,060,2,0,1,4,2,75,5,1,2,00,2,7,1,201100032657B01,7,9,1
201100032659,2011-10-08,2011,octobre,samedi,19:17,49,49007,47.4562,-0.56139,2,1,7,5,1,4,2,02,1,1,000,058,1,0,1,4,1,61,5,1,2,00,0,0,1,201100032659A01,,,
201100032662,2011-10-11,2011,octobre,mardi,14:36,49,49007,47.47313,-0.5583,2,1,6,1,1,4,-1,02,1,1,000,066,1,0,1,4,1,43,0,1,2,00,1,1,1,201100032662A01,,,
201100032667,2011-10-14,2011,octobre,vendredi,16:11,49,49007,47.46592,-0.56348,2,1,7,1,1,4,2,02,1,1,000,063,1,0,1,4,1,12,2,1,2,01,0,0,1,201100032667A01,,,
201100032669,2011-10-17,2011,octobre,lundi,16:57,49,49007,47.4899,-0.53355,2,1,6,1,1,4,2,02,1,1,000,030,1,0,1,4,1,51,1,1,2,00,2,8,1,201100032669B01,7,20,1
201100032671,2011-10-18,2011,octobre,mardi,13:54,49,49007,47.47331,-0.54576,2,3,2,1,1,4,2,03,1,1,000,090,1,0,1,4,1,33,1,1,2,00,2,8,1,201100032671B01,7,16,1
201100032674,2011-10-18,2011,octobre,mardi,14:40,49,49007,47.47192,-0.54562,2,3,7,1,1,4,2,02,1,1,000,060,2,0,1,3,2,61,5,1,2,00,0,0,1,201100032674A01,,,
201100032675,2011-10-18,2011,octobre,mardi,18:15,49,49007,47.47753,-0.60184,2,3,3,1,2,4,2,02,1,1,000,060,2,0,1,4,2,33,1,1,2,00,2,8,1,201100032675B01,7,15,1
201100032679,2011-10-20,2011,octobre,jeudi,85:4,49,49007,47.4675,-0.55558,2,2,3,2,1,4,3,04,1,1,000,090,1,0,1,4,2,19,9,1,2,00,2,3,1,201100032679B01,7,16,1
201100032682,2011-10-21,2011,octobre,vendredi,11:19,49,49007,47.4736,-0.54465,2,1,6,1,1,4,2,04,1,-1,000,120,1,0,1,4,2,62,0,1,4,00,2,0,11,201100032682B01,7,1,1
201100032685,2011-10-21,2011,octobre,vendredi,16:02,49,49246,47.41852,-0.52779,2,3,7,1,1,4,2,02,1,1,000,090,1,0,1,3,1,80,5,1,9,00,5,0,1,201100032685A01,,,
201100032688,2011-10-27,2011,octobre,jeudi,14:21,49,49007,47.47699,-0.59902,2,6,7,1,1,4,2,02,1,1,000,060,2,0,1,4,1,23,2,1,9,00,0,0,1,201100032688A01,,,
201100032691,2011-11-02,2011,novembre,mercredi,11:11,49,49007,47.457,-0.53333,2,1,2,1,1,4,2,02,1,1,000,072,1,0,1,3,1,83,5,1,2,00,2,1,1,201100032691B01,7,4,1
201100032692,2011-11-02,2011,novembre,mercredi,16:00,49,49007,47.46477,-0.55416,2,1,3,1,1,4,2,00,1,1,000,030,1,0,1,4,2,58,5,1,2,00,2,8,1,201100032692B01,7,16,1
201100032693,2011-11-06,2011,novembre,dimanche,10:10,49,49015,47.50538,-0.58801,2,1,7,1,1,4,2,02,1,1,000,040,2,0,1,3,1,54,5,1,2,14,0,0,1,201100032693A01,,,
201100032696,2011-11-07,2011,novembre,lundi,17:03,49,49246,47.41842,-0.52328,2,6,2,1,1,4,2,02,1,1,000,071,1,0,1,4,2,11,2,1,2,00,2,4,9,201100032696B01,7,1,1
201100032700,2011-11-08,2011,novembre,mardi,10:41,49,49007,47.48161,-0.57574,2,6,3,1,2,4,2,02,1,1,000,090,2,0,1,4,2,29,5,1,2,00,2,7,1,201100032700B01,7,9,1
201100032704,2011-11-09,2011,novembre,mercredi,94:4,49,49007,47.46649,-0.54987,2,1,7,1,1,4,2,02,1,1,000,071,1,5,1,3,2,18,5,1,9,00,0,0,0,201100032704A01,,,
201100032726,2011-11-25,2011,novembre,vendredi,90:0,49,49007,47.45096,-0.5399,2,1,7,1,1,4,2,04,1,1,020,060,1,0,1,3,1,42,4,1,9,00,2,4,1,201100032726B01,14,1,1
201100032728,2011-11-30,2011,novembre,mercredi,12:28,49,49007,47.46633,-0.55316,2,6,3,1,1,4,2,04,1,1,000,120,1,0,1,4,2,18,0,1,9,00,2,1,15,201100032728A01,7,1,1
201100032737,2011-12-05,2011,décembre,lundi,15:36,49,49007,47.47548,-0.56515,2,1,2,1,1,4,2,02,1,1,000,060,1,0,1,4,2,33,0,1,2,00,2,4,1,201100032737B01,7,1,1
201100032746,2011-11-15,2011,novembre,mardi,18:50,49,49007,47.47121,-0.58684,1,1,1,5,1,4,2,03,1,1,004,062,1,0,1,3,1,26,1,1,9,00,2,1,1,201100032746A01,7,11,1
201100032747,2011-12-09,2011,décembre,vendredi,18:24,49,49007,47.48338,-0.57595,2,6,3,5,1,4,2,02,1,-1,000,060,2,0,1,4,1,42,1,1,2,00,2,4,1,201100032747B01,7,0,1
201100032749,2011-11-15,2011,novembre,mardi,12:40,49,49007,47.47189,-0.54319,2,9,3,1,1,4,2,02,1,1,000,080,1,0,1,4,1,78,5,1,9,00,2,1,1,201100032749B01,7,15,1
201100032754,2011-12-14,2011,décembre,mercredi,15:57,49,49007,47.47239,-0.5572,2,2,3,1,2,4,2,02,1,1,000,070,2,0,1,4,1,33,5,1,2,00,2,7,1,201100032754B01,7,15,1
201100032756,2011-12-15,2011,décembre,jeudi,17:36,49,49007,47.47363,-0.58435,2,1,6,1,1,4,2,02,1,1,000,090,2,0,1,4,1,20,5,1,2,01,0,0,1,201100032756A01,,,
201100032758,2011-12-14,2011,décembre,mercredi,80:1,49,49007,47.45848,-0.55169,2,2,3,5,1,4,2,02,1,1,000,060,2,0,1,4,1,18,2,1,2,00,2,0,1,201100032758B01,7,15,1
201100032776,2011-12-30,2011,décembre,vendredi,16:30,49,49007,47.47849,-0.55624,1,2,3,1,2,4,2,03,1,1,000,080,2,0,1,4,1,54,0,1,2,00,2,1,15,201100032776B01,7,16,1
201100032784,2011-01-25,2011,janvier,mardi,13:35,49,49099,47.07088,-0.90169,2,1,2,1,1,3,3,04,1,1,000,000,1,0,1,4,1,70,5,1,9,00,2,4,1,201100032784B01,33,9,1
201100032797,2011-03-25,2011,mars,vendredi,11:45,49,49099,47.06929,-0.8531,2,6,3,1,1,3,3,04,1,1,000,000,1,0,1,4,1,66,5,1,9,00,2,8,1,201100032797B01,7,9,1
201100032813,2011-05-24,2011,mai,mardi,18:50,49,49099,47.05528,-0.89076,2,3,3,1,1,4,1,01,1,1,000,000,1,0,1,4,2,12,0,1,9,00,2,1,9,201100032813A01,7,1,1
201100032833,2011-08-22,2011,août,lundi,12:33,49,49099,47.06328,-0.87384,2,3,3,1,1,4,2,02,2,1,000,000,1,0,1,4,1,61,0,1,9,00,2,4,1,201100032833B01,7,9,1
201100032849,2011-12-02,2011,décembre,vendredi,11:30,49,49099,47.06398,-0.88109,2,3,1,1,1,4,2,02,2,1,000,077,1,0,1,3,1,78,5,1,9,00,2,1,1,201100032849B01,7,15,1
201100032877,2011-03-23,2011,mars,mercredi,14:10,49,49328,47.24704,-0.06835,2,1,7,1,1,6,-1,00,-1,-1,000,000,1,1,0,4,1,11,5,1,2,00,0,1,0,201100032877A01,,,
201100032884,2011-04-12,2011,avril,mardi,23:25,49,49328,47.26486,-0.08583,2,1,7,3,1,4,2,02,1,1,000,000,1,0,1,3,1,43,0,1,2,00,0,0,0,201100032884A01,,,
201100032887,2011-04-18,2011,avril,lundi,15:30,49,49328,47.25155,-0.07742,2,2,3,1,1,4,2,02,4,1,000,060,1,0,1,4,1,16,2,1,9,00,2,1,16,201100032887A01,10,1,1
201100032891,2011-04-29,2011,avril,vendredi,71:5,49,49328,47.2563,-0.07726,2,7,3,1,1,4,2,02,2,1,000,000,1,0,1,4,1,54,5,1,9,00,2,7,1,201100032891B01,1,9,1
201100032891,2011-04-29,2011,avril,vendredi,71:5,49,49328,47.2563,-0.07726,2,7,3,1,1,4,2,02,2,1,000,000,1,0,1,4,1,31,1,1,9,00,2,1,9,201100032891A01,1,1,1
201100032892,2011-05-01,2011,mai,dimanche,10:20,49,49328,47.24747,-0.08439,2,1,7,1,1,5,2,00,-1,1,000,030,1,0,1,3,1,58,5,1,2,00,0,0,1,201100032892A01,,,
201100032893,2011-05-04,2011,mai,mercredi,18:25,49,49328,47.26249,-0.07987,2,2,3,1,1,4,2,01,-1,1,000,053,1,0,1,4,1,12,5,1,2,00,2,1,1,201100032893B01,7,1,1
201100032897,2011-05-27,2011,mai,vendredi,84:5,49,49328,47.27739,-0.08215,2,1,7,1,1,4,2,02,1,-1,000,030,1,0,1,4,1,15,0,1,2,00,0,1,1,201100032897A01,,,
201100032900,2011-06-03,2011,juin,vendredi,22:45,49,49328,47.26465,-0.0979,2,1,7,4,1,4,2,02,1,-1,000,060,1,0,1,4,2,22,0,1,2,00,0,8,1,201100032900A01,,,
201100032901,2011-06-13,2011,juin,lundi,94:0,49,49328,47.24859,-0.05467,2,1,7,1,1,4,2,01,2,4,000,050,1,0,1,4,1,14,5,1,2,00,0,0,1,201100032901A01,,,
201100032912,2011-07-03,2011,juillet,dimanche,11:20,49,49328,47.2598,-0.07835,2,1,7,1,1,4,1,01,1,1,000,000,1,0,1,4,2,53,5,1,9,01,0,8,21,201100032912A01,,,
201100032913,2011-07-03,2011,juillet,dimanche,11:25,49,49328,47.26717,-0.06988,2,6,2,1,1,4,2,02,1,1,030,060,1,0,1,4,1,59,5,1,2,00,2,4,2,201100032913B01,7,2,1
201100032918,2011-07-06,2011,juillet,mercredi,15:20,49,49328,47.24193,-0.0795,2,1,7,1,1,4,2,02,1,1,000,000,1,0,1,4,2,21,5,1,2,00,0,0,1,201100032918A01,,,
201100032919,2011-07-06,2011,juillet,mercredi,19:50,49,49328,47.24765,-0.06789,2,1,7,1,1,4,1,01,2,2,000,000,1,0,1,4,1,13,0,1,2,00,0,0,1,201100032919A01,,,
201100032920,2011-07-13,2011,juillet,mercredi,14:50,49,49328,47.25533,-0.07208,2,6,3,1,1,4,2,02,3,1,000,000,1,5,1,4,1,13,5,1,2,00,2,7,2,201100032920B01,7,2,1
201100032922,2011-07-19,2011,juillet,mardi,14:15,49,49328,47.27344,-0.11569,1,1,7,1,2,4,2,02,1,1,000,000,2,0,1,4,1,16,5,1,2,00,0,0,1,201100032922A01,,,
201100032925,2011-07-23,2011,juillet,samedi,13:10,49,49328,47.25836,-0.07159,2,1,7,1,1,4,2,02,1,1,000,000,1,0,1,4,2,62,5,1,2,00,0,7,2,201100032925A01,,,
201100032928,2011-07-28,2011,juillet,jeudi,19:05,49,49328,47.25458,-0.08078,2,1,7,1,1,4,-1,00,1,1,000,000,9,0,1,4,1,36,5,1,2,00,0,7,1,201100032928A01,,,
201100032929,2011-08-01,2011,août,lundi,85:5,49,49328,47.25368,-0.08555,2,6,3,1,1,4,1,02,1,1,030,070,1,5,1,4,1,82,5,1,2,00,2,7,19,201100032929B01,10,1,1
201100032930,2011-08-03,2011,août,mercredi,17:40,49,49328,47.25793,-0.07074,2,1,2,1,1,4,2,02,-1,-1,000,000,1,0,1,4,1,52,5,1,2,00,2,1,1,201100032930A01,1,1,1
201100032930,2011-08-03,2011,août,mercredi,17:40,49,49328,47.25793,-0.07074,2,1,2,1,1,4,2,02,-1,-1,000,000,1,0,1,4,2,47,5,1,2,00,2,4,1,201100032930B01,1,1,1
201100032946,2011-09-27,2011,septembre,mardi,12:00,49,49328,47.26119,-0.09865,2,2,6,1,1,4,2,02,1,-1,000,000,1,0,1,4,1,42,5,1,9,00,2,1,1,201100032946B01,7,9,1
201100032946,2011-09-27,2011,septembre,mardi,12:00,49,49328,47.26119,-0.09865,2,2,6,1,1,4,2,02,1,-1,000,000,1,0,1,4,1,5,5,1,9,00,2,1,1,201100032946B01,7,9,1
201100032948,2011-09-29,2011,septembre,jeudi,12:10,49,49328,47.25525,-0.0803,2,3,6,1,1,4,1,01,1,1,000,044,1,0,1,4,1,13,9,1,9,00,2,4,19,201100032948B01,7,1,1
201100032954,2011-10-18,2011,octobre,mardi,17:35,49,49328,47.25253,-0.07037,2,2,7,1,2,4,2,02,1,1,000,000,2,0,1,4,1,20,2,1,9,00,0,0,16,201100032954A01,,,
201100032955,2011-10-20,2011,octobre,jeudi,14:30,49,49328,47.25601,-0.08656,2,1,7,1,1,4,2,02,1,1,000,330,1,0,1,4,1,13,5,1,9,00,0,0,1,201100032955A01,,,
201100032963,2011-11-14,2011,novembre,lundi,85:0,49,49328,47.2595,-0.08232,2,2,6,1,1,4,2,01,1,1,000,077,1,0,1,4,2,31,5,1,2,00,2,1,23,201100032963B01,10,15,1
201100032977,2011-12-17,2011,décembre,samedi,11:15,49,49328,47.2693,-0.06736,2,1,7,1,1,4,2,02,1,1,000,000,1,0,1,3,2,68,5,1,2,00,0,0,1,201100032977A01,,,
201100032992,2011-01-17,2011,janvier,lundi,20:00,50,50129,0,0,2,2,1,5,2,4,2,02,2,1,000,000,2,5,1,3,1,56,3,1,4,00,2,1,1,201100032992A01,7,15,1
201100032998,2011-01-24,2011,janvier,lundi,18:40,50,50129,0,0,2,3,3,5,1,4,2,02,1,3,000,045,1,5,1,4,1,29,5,1,9,00,2,8,1,201100032998B01,7,1,1
201100033016,2011-03-08,2011,mars,mardi,80:5,50,50129,0,0,2,1,7,1,1,3,3,03,1,2,000,000,1,0,1,3,2,42,1,1,2,12,0,2,14,201100033016A01,,,
201100033058,2011-05-19,2011,mai,jeudi,83:5,50,50129,0,0,2,3,7,1,1,3,2,02,1,1,000,090,1,0,1,1,1,58,5,1,2,00,1,1,1,201100033058B01,,,
201100033059,2011-05-21,2011,mai,samedi,13:15,50,50129,0,0,2,3,3,1,1,4,2,02,1,1,000,069,1,0,1,4,1,7,5,1,2,00,2,8,0,201100033059A01,7,1,1
201100033063,2011-05-25,2011,mai,mercredi,75:0,50,50129,0,0,2,6,3,1,1,4,2,02,1,1,000,000,1,0,1,4,1,45,1,1,2,00,2,1,1,201100033063B01,7,1,1
201100033070,2011-06-02,2011,juin,jeudi,17:50,50,50173,0,0,2,1,4,1,1,4,2,02,1,1,000,000,1,0,5,4,1,9,5,1,2,00,2,1,13,201100033070A01,1,1,2
201100033070,2011-06-02,2011,juin,jeudi,17:50,50,50173,0,0,2,1,4,1,1,4,2,02,1,1,000,000,1,0,5,1,1,15,5,1,2,00,2,1,1,201100033070C01,1,13/1,2
201100033070,2011-06-02,2011,juin,jeudi,17:50,50,50173,0,0,2,1,4,1,1,4,2,02,1,1,000,000,1,0,5,1,1,15,5,1,2,00,2,1,1,201100033070B01,1,13/1,2
201100033084,2011-06-29,2011,juin,mercredi,12:20,50,50173,0,0,2,1,6,1,1,4,2,02,1,1,000,060,1,0,1,4,1,16,1,1,2,00,2,1,2,201100033084A01,7,1,1
201100033091,2011-07-06,2011,juillet,mercredi,80:0,50,50129,0,0,2,1,6,1,2,4,2,02,2,1,000,085,2,0,1,4,1,26,1,1,2,00,0,0,1,201100033091A01,,,
201100033127,2011-10-02,2011,octobre,dimanche,12:30,50,50173,0,0,2,3,7,1,1,4,2,02,1,1,000,000,1,0,0,4,1,41,5,1,2,16,0,1,1,201100033127A01,7,1,1
201100033132,2011-10-14,2011,octobre,vendredi,20:45,50,50203,0,0,2,4,7,5,1,4,3,04,2,1,000,000,1,0,1,3,1,18,5,1,9,16,0,1,1,201100033132A01,,,
201100033134,2011-10-19,2011,octobre,mercredi,22:30,50,50129,0,0,2,3,3,5,2,4,2,02,1,1,000,050,2,5,1,3,2,37,5,1,2,00,2,1,9,201100033134A01,7,1,1
201100033144,2011-11-11,2011,novembre,vendredi,15:00,50,50602,0,0,2,1,7,1,1,4,2,02,2,2,000,060,1,0,1,4,1,15,5,1,2,00,0,7,1,201100033144A01,,,
201100033152,2011-11-28,2011,novembre,lundi,10:55,50,50602,0,0,2,1,3,1,1,4,2,02,2,1,000,075,1,0,1,4,1,72,5,1,2,00,2,1,1,201100033152B01,14,9,1
201100033155,2011-12-06,2011,décembre,mardi,75:5,50,50129,0,0,2,7,3,5,1,4,2,02,1,1,000,000,2,5,1,4,1,11,2,1,4,00,2,1,19,201100033155A01,7,1,1
201100033180,2011-02-26,2011,février,samedi,11:40,50,50147,0,0,2,3,3,1,8,4,2,02,2,1,000,130,2,0,1,3,1,12,5,1,2,00,2,3,16,201100033180A01,10,1,1
201100033181,2011-03-19,2011,mars,samedi,17:55,50,50147,0,0,1,1,5,1,1,3,2,01,2,1,000,079,1,0,1,3,1,60,5,1,2,00,0,4,2,201100033181C01,7,13/21,2
201100033213,2011-03-30,2011,mars,mercredi,13:34,50,50218,0,0,2,2,3,1,2,4,-1,02,2,1,000,000,2,5,1,4,1,21,1,1,9,00,2,2,1,201100033213A01,7,1,1
201100033234,2011-08-09,2011,août,mardi,17:45,50,50532,0,0,1,1,3,1,1,3,2,02,1,1,000,000,-1,0,1,3,1,17,5,1,9,00,2,2,11,201100033234A01,10,17,1
201100033248,2011-10-09,2011,octobre,dimanche,11:35,50,50532,0,0,2,6,3,1,1,3,2,02,1,1,000,050,1,5,1,4,1,65,5,1,2,00,2,6,0,201100033248B01,10,9,1
201100033275,2011-06-29,2011,juin,mercredi,18:00,50,50502,0,0,2,9,3,1,1,3,2,01,1,1,000,000,1,0,1,4,2,13,5,1,3,00,2,8,5,201100033275A01,7,9,1
201100033279,2011-07-29,2011,juillet,vendredi,15:45,50,50502,0,0,2,1,6,1,1,4,1,00,1,1,000,000,1,0,1,4,1,85,5,1,2,00,2,8,2,201100033279B01,7,17,1
201100033297,2011-11-25,2011,novembre,vendredi,13:05,50,50502,0,0,2,1,6,1,1,6,1,01,2,2,000,000,1,0,0,4,1,13,5,1,9,00,1,1,5,201100033297A01,,,
201100033297,2011-11-25,2011,novembre,vendredi,13:05,50,50502,0,0,2,1,6,1,1,6,1,01,2,2,000,000,1,0,0,4,2,87,3,1,9,00,1,1,5,201100033297A01,,,
201100033298,2011-11-28,2011,novembre,lundi,16:50,50,50502,0,0,2,1,3,2,1,4,3,02,1,1,000,000,1,0,1,3,1,15,0,1,9,00,2,3,2,201100033298B01,10,2,1
201100033312,2011-07-25,2011,juillet,lundi,12:20,51,51504,0,0,2,2,6,1,1,4,2,02,1,1,,068,1,0,1,4,1,49,5,1,2,00,0,1,21,201100033312B01,15,9/1,2
201100033313,2011-07-30,2011,juillet,samedi,10:20,51,51108,0,0,2,2,3,1,1,4,2,02,2,1,,080,1,0,1,4,2,20,5,1,2,00,2,1,1,201100033313B01,7,0,1
201100033315,2011-08-24,2011,août,mercredi,74:0,51,51504,0,0,2,6,2,1,1,4,1,02,1,2,000,075,1,0,1,4,1,56,1,1,4,00,2,4,2,201100033315B01,7,2,1
201100033332,2011-01-31,2011,janvier,lundi,72:0,51,51344,0,0,1,1,2,3,8,3,2,02,1,1,000,060,1,0,1,2,1,47,5,1,4,00,2,4,1,201100033332B01,7,13,1
201100033345,2011-01-31,2011,janvier,lundi,10:06,51,51454,0,0,2,6,3,1,1,4,2,02,1,3,097,096,1,5,1,4,1,78,3,1,9,00,2,5,1,201100033345B01,7,9,1
201100033360,2011-03-14,2011,mars,lundi,18:55,51,51454,0,0,2,3,3,2,1,4,2,02,2,1,000,070,1,0,1,4,2,13,5,1,4,00,2,3,19,201100033360A01,7,1,1