Num_Acc,date,an,mois,jour,hrmn,dep,com,lat,long,agg,int,col,lum,atm,catr,circ,nbv,prof,plan,lartpc,larrout,surf,infra,situ,grav,sexe,age,trajet,secuexist,equipement,obs,obsm,choc,manv,vehiculeid,typevehicules,manoeuvehicules,numVehicules
201100033360,2011-03-14,2011,mars,lundi,18:55,51,51454,0,0,2,3,3,2,1,4,2,02,2,1,000,070,1,0,1,4,2,13,5,1,4,00,2,3,19,201100033360A01,7,1,1
201100033370,2011-04-10,2011,avril,dimanche,95:0,51,51172,0,0,2,6,3,1,1,4,1,02,1,2,000,100,1,0,1,4,1,74,5,1,2,00,2,1,1,201100033370B01,7,1,1
201100033380,2011-04-27,2011,avril,mercredi,13:20,51,51454,0,0,2,2,3,1,1,4,2,04,1,1,,098,1,0,1,4,2,28,5,1,9,00,2,1,16,201100033380B01,7,15,1
201100033399,2011-07-10,2011,juillet,dimanche,16:20,51,51454,49.23391,3.9989,2,6,3,1,8,4,1,02,1,2,000,082,1,5,5,4,2,65,5,1,2,00,2,7,1,201100033399B01,7,9,1
201100033401,2011-08-01,2011,août,lundi,19:11,51,51573,0,0,2,1,6,1,1,4,2,04,3,1,000,138,1,0,1,1,1,17,0,1,4,00,2,1,1,201100033401C01,33/ 7,1/10,2
201100033427,2011-11-29,2011,novembre,mardi,75:5,51,51055,49.27001,4.04897,2,3,3,2,1,3,2,02,1,1,000,060,1,0,1,1,1,35,1,1,9,00,2,7,15,201100033427A01,2,1,1
201100033434,2011-03-18,2011,mars,vendredi,11:15,52,52121,0,0,2,1,6,1,1,4,2,02,1,1,000,083,1,0,1,4,1,14,2,1,9,00,2,8,19,201100033434A01,3,21,1
201100033441,2011-03-01,2011,mars,mardi,14:35,52,52121,0,0,1,1,6,1,1,3,2,02,2,2,000,058,1,0,1,3,1,63,5,1,2,00,2,8,1,201100033441A01,7,14,1
201100033458,2011-09-29,2011,septembre,jeudi,18:00,52,52121,48.12228,5.14495,2,3,3,1,1,3,2,03,2,3,000,100,1,0,1,4,1,54,5,1,2,00,2,8,15,201100033458B01,7,15,1
201100033474,2011-05-07,2011,mai,samedi,20:30,52,52104,48.66826,4.98609,2,1,6,1,1,4,2,02,2,2,000,000,1,0,1,3,1,35,1,1,4,00,0,0,1,201100033474A01,,,
201100033500,2011-04-07,2011,avril,jeudi,82:5,53,53054,48.09109,-0.76334,1,6,3,1,7,3,3,02,3,1,000,000,1,5,1,3,2,52,1,1,2,00,2,8,1,201100033500B01,7,9,1
201100033506,2011-05-25,2011,mai,mercredi,19:15,53,53130,48.06461,-0.77533,2,3,3,1,1,4,2,03,4,3,000,000,1,0,0,4,1,17,0,1,2,00,2,1,15,201100033506B01,7,1,1
201100033516,2011-09-14,2011,septembre,mercredi,82:5,53,53201,48.06358,-0.8111,2,3,6,2,1,3,2,02,-1,-1,000,000,-1,0,0,3,2,55,1,1,2,00,2,1,1,201100033516B01,7,15,1
201100033571,2011-01-10,2011,janvier,lundi,18:05,54,54116,48.59073,6.54468,1,1,3,3,8,3,2,02,1,1,000,110,1,0,1,3,1,29,5,1,4,00,0,6,2,201100033571A01,99,2,1
201100033580,2011-01-03,2011,janvier,lundi,73:0,54,54395,0,0,2,2,1,2,1,4,2,03,1,1,000,000,1,0,1,4,1,21,1,1,9,00,2,1,0,201100033580B01,7,0,1
201100033582,2011-01-04,2011,janvier,mardi,17:30,54,54395,0,0,2,1,6,5,1,4,1,02,1,1,000,000,1,0,1,4,1,49,1,1,2,01,0,1,1,201100033582B01,7,22,1
201100033590,2011-01-06,2011,janvier,jeudi,14:55,54,54395,0,0,2,2,6,1,2,4,2,00,1,1,000,086,2,0,1,4,1,29,5,1,2,00,2,1,15,201100033590A01,7,9,1
201100033601,2011-01-15,2011,janvier,samedi,16:25,54,54300,0,0,2,6,3,1,1,4,2,02,1,4,000,000,1,0,1,4,1,59,5,1,2,00,0,2,1,201100033601A01,7,9,1
201100033641,2011-02-22,2011,février,mardi,61:5,54,54395,0,0,2,2,6,5,1,4,1,01,2,1,000,000,1,4,1,4,1,47,1,1,2,00,2,8,1,201100033641B01,10,1,1
201100033656,2011-03-02,2011,mars,mercredi,18:00,54,54395,0,0,2,1,3,5,1,4,1,02,1,1,000,080,1,0,1,4,2,20,5,1,2,00,2,8,11,201100033656A01,7,1,1
201100033657,2011-03-04,2011,mars,vendredi,19:15,54,54395,0,0,2,2,3,2,1,4,1,03,1,1,000,000,1,0,1,4,1,18,5,1,2,00,4,1,15,201100033657A01,40,1,1
201100033668,2011-03-14,2011,mars,lundi,17:45,54,54257,48.65284,6.19275,2,1,3,1,1,4,2,02,1,1,000,000,1,0,1,4,1,40,1,1,2,00,2,1,1,201100033668B01,7,15,1
201100033679,2011-03-23,2011,mars,mercredi,16:50,54,54328,48.62203,6.17948,2,2,3,1,1,3,2,02,2,1,000,061,1,0,1,4,1,47,5,1,2,00,2,1,1,201100033679B01,10,1,1
201100033680,2011-03-23,2011,mars,mercredi,18:11,54,54300,48.65897,6.22837,2,6,3,1,1,3,2,02,1,2,000,000,1,0,1,4,2,17,0,1,2,00,2,3,9,201100033680A01,7,1,1
201100033683,2011-03-28,2011,mars,lundi,10:20,54,54395,0,0,2,1,3,1,1,9,-1,00,1,3,000,000,-1,0,0,4,2,49,0,1,9,00,2,1,0,201100033683A01,7,0,1
201100033697,2011-04-04,2011,avril,lundi,18:10,54,54547,0,0,2,2,3,1,1,4,2,02,1,-1,000,000,-1,0,0,4,1,20,0,1,2,00,2,1,1,201100033697A01,7,1,1
201100033722,2011-04-21,2011,avril,jeudi,14:00,54,54547,48.66615,6.16418,2,1,3,1,1,4,2,02,1,1,000,000,1,0,1,4,1,22,0,1,2,00,2,1,2,201100033722A01,7,16,1
201100033724,2011-04-22,2011,avril,vendredi,14:15,54,54395,48.70071,6.14549,2,1,1,1,1,4,2,01,1,1,000,074,1,0,4,4,2,16,4,1,2,00,2,1,1,201100033724A01,7,9,1
201100033745,2011-05-11,2011,mai,mercredi,17:30,54,54482,0,0,2,1,6,1,1,4,-1,00,-1,-1,000,000,-1,0,1,4,2,27,5,1,2,00,2,3,23,201100033745B01,10,17,1
201100033751,2011-05-16,2011,mai,lundi,12:20,54,54395,48.69598,6.17186,2,1,6,1,1,4,2,02,1,1,000,000,1,0,5,4,1,67,0,1,2,00,2,1,1,201100033751B01,7,22,1
201100033759,2011-05-22,2011,mai,dimanche,10:55,54,54265,48.64752,6.1825,1,3,3,1,1,4,1,02,1,1,000,000,1,0,5,4,1,76,0,1,2,00,2,7,1,201100033759A01,7,1,1
201100033763,2011-05-23,2011,mai,lundi,11:00,54,54395,48.67821,6.16935,2,1,3,1,1,4,1,02,1,1,000,000,1,0,5,4,1,21,5,1,2,00,2,1,1,201100033763B01,7,16,1
201100033775,2011-06-04,2011,juin,samedi,15:00,54,54184,0,0,2,1,3,1,1,4,2,04,1,1,000,000,1,0,5,4,1,69,5,1,2,00,2,1,19,201100033775A01,7,1,1
201100033779,2011-06-08,2011,juin,mercredi,12:09,54,54526,48.69156,6.21363,2,2,6,1,1,4,2,02,3,1,000,065,1,0,1,4,1,13,2,1,2,00,2,4,19,201100033779A01,7,1,1
201100033787,2011-06-15,2011,juin,mercredi,17:20,54,54578,48.65709,6.11195,2,2,1,1,1,4,2,04,1,1,000,000,1,0,1,4,1,67,5,1,2,00,2,1,1,201100033787B01,7,15,1
201100033793,2011-06-17,2011,juin,vendredi,16:30,54,54304,0,0,2,1,3,1,1,4,1,01,2,1,000,000,1,0,4,3,1,10,5,1,2,00,2,1,0,201100033793A01,7,0,1
201100033801,2011-06-21,2011,juin,mardi,17:35,54,54395,48.67455,6.16353,2,1,6,1,1,4,1,01,1,1,000,000,1,0,5,4,2,53,1,1,2,00,2,7,1,201100033801B01,7,22,1
201100033808,2011-06-22,2011,juin,mercredi,20:0,54,54274,0,0,2,3,6,5,1,4,-1,02,-1,-1,000,000,-1,0,0,4,1,19,5,1,2,00,2,1,1,201100033808A01,7,15,1
201100033830,2011-07-26,2011,juillet,mardi,74:0,54,54547,0,0,2,1,2,1,2,4,2,04,3,1,000,000,2,0,1,4,1,43,1,1,2,00,2,8,1,201100033830B01,7,17,1
201100033872,2011-09-05,2011,septembre,lundi,10:40,54,54395,0,0,2,1,3,1,1,4,1,01,2,1,000,000,1,0,4,4,1,17,5,1,2,00,2,1,1,201100033872A01,7,9,1
201100033873,2011-09-05,2011,septembre,lundi,18:25,54,54395,0,0,2,3,3,1,1,4,2,02,1,1,000,000,1,0,1,4,2,22,2,1,2,00,2,8,2,201100033873B01,37,2,1
201100033884,2011-09-14,2011,septembre,mercredi,10:24,54,54578,0,0,2,1,3,1,1,4,2,00,2,1,000,000,1,0,1,4,1,19,0,1,2,00,2,3,15,201100033884A01,7,17,1
201100033892,2011-09-19,2011,septembre,lundi,80:0,54,54357,0,0,2,1,3,1,1,6,-1,00,1,-1,000,000,-1,0,0,4,1,8,5,1,9,00,2,1,0,201100033892B01,7,0,1
201100033893,2011-09-19,2011,septembre,lundi,10:23,54,54526,0,0,2,1,3,1,1,4,2,02,1,1,000,000,1,0,1,4,1,28,1,1,2,00,2,1,2,201100033893B01,7,2,1
201100033896,2011-09-21,2011,septembre,mercredi,14:00,54,54395,0,0,2,1,3,1,1,4,1,02,1,1,000,000,1,0,1,4,2,51,1,1,9,00,2,0,1,201100033896B01,7,17,1
201100033906,2011-09-27,2011,septembre,mardi,18:35,54,54395,0,0,2,3,3,1,1,4,2,02,2,1,000,000,1,0,0,4,2,49,5,1,2,00,2,1,1,201100033906B01,7,16,1
201100033916,2011-10-03,2011,octobre,lundi,12:50,54,54395,0,0,2,1,2,1,1,4,2,00,-1,-1,000,000,-1,0,1,4,2,24,0,1,2,00,2,8,1,201100033916A01,14,15,1
201100033917,2011-10-03,2011,octobre,lundi,15:55,54,54184,0,0,2,1,3,1,1,4,1,02,1,1,000,000,1,0,1,4,1,12,5,1,2,00,2,7,19,201100033917B01,7,1,1
201100033924,2011-10-09,2011,octobre,dimanche,22:45,54,54547,0,0,2,3,2,5,2,4,1,02,1,1,000,000,2,0,0,4,1,21,5,1,2,00,2,1,7,201100033924B01,7,16,1
201100033928,2011-10-13,2011,octobre,jeudi,12:20,54,54547,0,0,2,2,3,1,2,4,1,03,1,1,000,000,2,0,1,3,2,29,5,1,2,00,4,1,1,201100033928A01,40,1,1
201100033960,2011-11-12,2011,novembre,samedi,20:45,54,54395,0,0,2,1,3,5,1,4,1,02,2,1,000,000,1,0,1,4,2,22,5,1,2,00,2,1,1,201100033960B01,7,1,1
201100033964,2011-11-17,2011,novembre,jeudi,16:55,54,54184,0,0,2,6,3,5,1,2,1,00,1,1,000,000,1,0,1,4,1,55,3,1,2,00,2,1,9,201100033964B01,7,9,1
201100034005,2011-12-20,2011,décembre,mardi,12:55,54,54547,0,0,2,1,3,1,1,4,2,02,1,1,000,000,1,0,1,4,2,59,5,1,2,00,2,3,9,201100034005A01,7,1,1
201100034017,2011-05-27,2011,mai,vendredi,20:15,54,54431,48.89993,6.05557,2,1,6,1,1,4,1,02,1,1,000,000,1,0,0,3,1,11,5,1,9,00,2,1,9,201100034017A01,7,9,1
201100034040,2011-09-09,2011,septembre,vendredi,14:35,54,54528,0,0,2,4,3,1,1,4,2,02,1,1,000,000,1,0,0,4,2,50,9,1,2,00,2,0,1,201100034040B01,7,16,1
201100034043,2011-11-20,2011,novembre,dimanche,14:00,54,54167,0,0,2,3,1,1,1,4,2,02,2,1,000,053,1,0,1,4,1,71,9,1,9,00,2,1,15,201100034043A01,10,1,1
201100034064,2011-05-04,2011,mai,mercredi,12:20,55,55029,0,0,2,6,3,1,1,4,-1,02,1,1,000,000,1,5,0,4,2,74,5,1,9,00,2,1,1,201100034064B01,7,9,1
201100034084,2011-04-10,2011,avril,dimanche,10:55,55,55505,49.16512,5.36234,2,3,3,1,1,3,2,02,1,1,000,080,1,0,1,4,2,41,5,1,9,00,2,8,15,201100034084B01,7,15,1
201100034085,2011-04-11,2011,avril,lundi,20:00,55,55042,0,0,1,1,6,1,1,4,2,01,1,1,000,054,1,0,1,4,1,4,5,1,9,00,2,0,0,201100034085B01,7,0,1
201100034091,2011-08-25,2011,août,jeudi,15:45,55,55545,0,0,2,1,6,1,1,9,2,00,1,1,000,030,1,0,1,1,1,15,5,1,9,00,1,1,1,201100034091A01,,,
201100034092,2011-09-16,2011,septembre,vendredi,14:15,55,55043,49.18606,5.37189,1,2,3,1,1,3,2,02,1,1,030,070,1,5,1,2,1,67,5,1,9,00,2,1,15,201100034092A01,16,1,1
201100034096,2011-10-18,2011,octobre,mardi,17:10,55,55545,0,0,2,6,3,2,2,3,1,01,1,2,000,000,2,0,1,3,1,82,5,1,2,00,2,1,15,201100034096B01,7,9,1
201100034102,2011-01-02,2011,janvier,dimanche,10:20,56,56107,47.70799,-3.41468,1,6,3,1,1,3,2,02,1,1,000,000,1,0,1,4,1,25,5,1,9,00,2,1,1,201100034102B01,7,9,1
201100034106,2011-01-07,2011,janvier,vendredi,82:9,56,56121,47.75365,-3.36951,2,1,7,5,6,9,2,02,1,1,000,000,2,0,4,4,2,28,0,1,4,12,0,2,1,201100034106A01,,,
201100034137,2011-02-24,2011,février,jeudi,18:50,56,56098,47.76217,-3.33805,2,1,7,2,1,4,2,02,1,1,000,000,1,0,1,4,1,16,0,1,9,00,0,0,0,201100034137A01,,,
201100034138,2011-02-28,2011,février,lundi,16:35,56,56121,47.76473,-3.39837,2,1,3,1,1,9,2,02,2,2,000,000,1,0,1,4,1,21,0,1,9,00,2,1,1,201100034138B01,7,15,1
201100034142,2011-03-08,2011,mars,mardi,13:47,56,56121,47.7721,-3.40451,2,1,1,1,1,9,2,02,1,1,000,000,1,0,5,1,1,17,5,1,2,00,2,1,1,201100034142A01,1,1,1
201100034142,2011-03-08,2011,mars,mardi,13:47,56,56121,47.7721,-3.40451,2,1,1,1,1,9,2,02,1,1,000,000,1,0,5,4,2,54,5,1,4,00,2,1,1,201100034142B01,1,1,1
201100034143,2011-03-17,2011,mars,jeudi,12:32,56,56121,47.74201,-3.39131,2,2,6,1,1,9,2,02,1,1,000,000,1,0,0,1,1,42,0,1,4,00,1,1,1,201100034143A01,,,
201100034148,2011-03-24,2011,mars,jeudi,75:5,56,56162,47.73696,-3.43667,2,6,2,1,7,9,2,02,1,1,000,000,1,0,0,4,1,13,2,1,2,00,2,7,1,201100034148B01,7,1,1
201100034154,2011-04-02,2011,avril,samedi,11:14,56,56121,47.75934,-3.3657,2,1,6,1,1,9,2,02,2,1,000,000,1,0,1,4,1,18,5,1,9,00,5,0,1,201100034154A01,,,
201100034157,2011-04-08,2011,avril,vendredi,17:05,56,56121,47.7582,-3.37102,2,3,3,1,1,9,2,02,2,1,000,000,1,0,1,4,1,59,1,1,9,00,2,1,1,201100034157B01,7,16,1
201100034160,2011-04-13,2011,avril,mercredi,74:7,56,56098,47.74763,-3.3741,2,3,3,1,1,9,2,02,1,1,000,000,1,0,1,4,1,46,1,1,4,00,2,1,23,201100034160B01,7,15,1
201100034165,2011-04-18,2011,avril,lundi,17:50,56,56121,47.7453,-3.36804,2,1,6,1,1,9,2,02,1,1,000,000,1,0,1,4,2,58,4,1,4,00,0,1,1,201100034165B01,7,22,1
201100034171,2011-04-29,2011,avril,vendredi,17:20,56,56121,47.74318,-3.37354,2,1,7,1,1,9,2,02,1,1,000,000,1,0,1,4,2,26,5,1,4,00,0,0,1,201100034171A01,,,
201100034183,2011-05-15,2011,mai,dimanche,19:55,56,56083,0,0,2,1,6,1,1,9,2,02,1,1,000,000,1,0,4,4,1,34,5,1,4,01,0,7,1,201100034183A01,,,
201100034186,2011-05-18,2011,mai,mercredi,18:55,56,56098,47.75807,-3.33895,2,1,3,1,1,9,2,00,-1,-1,000,000,-1,0,1,4,1,11,0,1,9,00,2,1,0,201100034186A01,7,1,1
201100034197,2011-05-30,2011,mai,lundi,16:53,56,56121,47.74095,-3.37274,2,2,3,1,1,4,1,01,1,1,000,000,1,0,1,4,1,13,0,1,9,00,2,5,1,201100034197B01,7,1,1
201100034216,2011-06-25,2011,juin,samedi,10:15,56,56121,47.73737,-3.38244,2,1,3,1,1,9,2,02,2,1,000,000,1,0,5,4,2,21,4,1,4,00,2,3,1,201100034216B01,7,16,1
201100034218,2011-06-26,2011,juin,dimanche,10:46,56,56162,0,0,1,2,3,1,1,3,2,02,1,2,000,000,1,0,1,4,1,77,5,1,4,00,2,1,1,201100034218B01,7,1,1
201100034219,2011-06-26,2011,juin,dimanche,14:40,56,56107,0,0,1,1,3,1,1,3,3,02,2,2,000,000,1,0,3,4,1,53,0,1,4,00,2,8,1,201100034219B01,7,1,1
201100034221,2011-06-27,2011,juin,lundi,18:40,56,56162,47.74034,-3.42763,2,1,3,1,1,9,2,02,1,1,000,000,1,0,1,4,2,20,5,1,4,00,2,1,19,201100034221B01,7,1,1
201100034236,2011-07-11,2011,juillet,lundi,19:41,56,56121,47.75284,-3.36167,2,4,1,1,1,9,2,02,-1,-1,000,000,1,0,1,4,1,43,0,1,9,00,2,1,16,201100034236A01,7,1,1
201100034238,2011-07-15,2011,juillet,vendredi,15:20,56,56121,47.73916,-3.37775,2,1,6,1,1,9,2,01,1,-1,000,000,1,0,1,4,2,8,0,1,2,00,2,1,0,201100034238A01,7,1,1
201100034258,2011-08-12,2011,août,vendredi,15:03,56,56121,47.76776,-3.40381,2,1,2,1,1,9,2,02,1,1,000,000,1,0,1,4,2,50,4,1,9,00,2,4,1,201100034258B01,7,1,1
201100034270,2011-08-23,2011,août,mardi,16:18,56,56083,47.79979,-3.26046,1,1,2,1,1,9,2,02,-1,-1,000,000,-1,0,1,4,2,43,0,1,9,00,2,0,0,201100034270B01,7,0,1
201100034271,2011-08-26,2011,août,vendredi,10:26,56,56162,47.70282,-3.43175,1,1,3,1,1,9,-1,02,-1,-1,000,000,-1,0,1,4,1,49,0,1,9,00,2,1,1,201100034271B01,7,15,1
201100034272,2011-08-27,2011,août,samedi,94:4,56,56162,47.73663,-3.42654,2,1,7,1,1,3,2,02,1,-1,000,000,1,0,1,4,2,50,0,1,9,01,0,2,1,201100034272B01,7,24,1
201100034274,2011-08-31,2011,août,mercredi,82:0,56,56083,47.79313,-3.26544,2,6,3,1,1,9,-1,02,2,-1,000,000,2,5,1,4,1,44,4,1,9,00,2,1,1,201100034274B01,7,9,1
201100034282,2011-09-12,2011,septembre,lundi,90:0,56,56121,47.74094,-3.37424,2,1,7,1,1,4,3,02,1,1,000,000,1,0,1,3,1,50,4,1,2,00,2,1,1,201100034282B01,7,22,1
201100034285,2011-09-14,2011,septembre,mercredi,14:45,56,56162,0,0,1,1,7,1,1,4,2,02,-1,-1,000,000,1,0,1,4,2,67,0,1,9,00,0,0,0,201100034285A01,,,
201100034289,2011-09-17,2011,septembre,samedi,16:40,56,56083,47.81328,-3.25981,2,3,3,1,1,9,-1,02,-1,-1,000,000,1,0,1,4,1,14,5,1,9,00,2,8,9,201100034289A01,7,1,1
201100034291,2011-09-19,2011,septembre,lundi,80:7,56,56098,47.76182,-3.35145,2,3,7,1,1,9,-1,02,-1,-1,000,000,-1,0,1,4,1,17,0,1,9,00,0,1,1,201100034291A01,,,
201100034292,2011-09-20,2011,septembre,mardi,19:35,56,56098,47.76628,-3.35687,2,1,7,1,1,9,2,02,1,1,000,000,1,0,1,4,1,28,5,1,9,01,0,0,0,201100034292B01,7,1,1
201100034297,2011-10-04,2011,octobre,mardi,18:59,56,56121,47.75567,-3.3915,2,1,7,1,1,4,2,02,1,1,000,000,1,0,1,1,1,21,0,1,9,00,1,1,17,201100034297A01,,,
201100034302,2011-10-08,2011,octobre,samedi,21:00,56,56121,47.74792,-3.36481,2,2,3,5,1,9,2,04,1,1,000,000,1,5,1,4,1,18,5,1,9,00,2,1,1,201100034302B01,7,9,1
201100034341,2011-11-17,2011,novembre,jeudi,18:10,56,56121,47.74158,-3.36407,2,1,7,3,1,9,1,01,1,1,000,000,1,0,1,4,2,22,5,1,9,00,1,1,1,201100034341A01,,,
201100034358,2011-12-09,2011,décembre,vendredi,91:5,56,56121,47.7522,-3.36991,2,1,3,1,2,4,2,02,1,3,000,000,2,0,1,4,1,15,0,1,9,00,2,0,19,201100034358B01,7,1,1
201100034383,2011-02-21,2011,février,lundi,13:15,56,56260,47.66646,-2.77018,2,1,6,1,2,4,3,04,1,1,000,063,2,0,1,3,1,58,0,1,2,00,2,8,19,201100034383B01,7,1,1
201100034395,2011-05-04,2011,mai,mercredi,11:40,56,56260,47.6537,-2.75917,2,6,6,1,1,4,1,01,1,2,000,069,1,0,1,3,1,63,5,1,2,00,2,0,1,201100034395B01,14,17,1
201100034398,2011-05-18,2011,mai,mercredi,19:05,56,56260,47.64883,-2.77036,2,1,3,1,1,4,2,02,1,1,000,000,1,0,5,4,2,64,0,1,2,00,2,8,1,201100034398B01,2,17,1
201100034409,2011-07-06,2011,juillet,mercredi,12:05,56,56243,47.65342,-2.72098,2,1,2,1,1,4,2,02,1,1,000,028,1,0,4,4,1,73,5,1,2,00,2,1,1,201100034409A01,7,23,1
201100034410,2011-06-30,2011,juin,jeudi,15:55,56,56260,47.65575,-2.7597,2,7,6,1,1,4,2,02,2,1,000,000,1,0,1,1,1,24,0,1,2,00,1,0,0,201100034410A01,,,
201100034415,2011-08-19,2011,août,vendredi,13:30,56,56260,47.66067,-2.74372,2,4,6,1,1,4,2,02,1,1,000,085,1,0,1,3,2,55,1,1,9,00,2,4,11,201100034415A01,33,1,1
201100034424,2011-10-07,2011,octobre,vendredi,10:20,56,56260,47.66392,-2.75565,2,6,6,1,1,4,1,01,1,2,000,000,1,0,1,4,2,20,1,1,2,00,2,1,21,201100034424B01,7,21,1
201100034429,2011-10-15,2011,octobre,samedi,94:5,56,56260,47.66596,-2.76759,2,1,2,1,1,4,2,02,1,1,000,000,1,0,1,4,2,23,1,1,9,00,2,4,9,201100034429A01,7,1,1
201100034448,2011-02-18,2011,février,vendredi,18:40,56,56260,47.65527,-2.77409,2,6,3,5,2,4,2,02,1,1,000,000,2,0,1,4,1,16,9,1,2,00,2,9,1,201100034448B01,7,15,1
201100034458,2011-07-21,2011,juillet,jeudi,82:5,56,56260,47.65475,-2.73851,2,1,3,2,1,4,2,02,1,1,000,000,1,0,1,4,2,28,1,1,2,00,2,1,1,201100034458B01,10,24,1
201100034459,2011-07-26,2011,juillet,mardi,17:40,56,56260,47.64961,-2.76534,2,1,3,1,1,4,2,02,1,1,000,000,1,0,1,4,1,4,5,1,9,00,2,1,9,201100034459A01,7,1,1
201100034464,2011-10-10,2011,octobre,lundi,15:50,56,56260,47.65495,-2.75602,2,4,3,1,8,4,2,02,2,3,000,000,1,0,1,3,2,15,0,1,2,00,2,1,1,201100034464B01,7,1,1
201100034504,2011-07-30,2011,juillet,samedi,15:15,57,57019,49.25355,6.14306,2,3,3,1,1,4,2,02,1,1,000,069,1,0,1,4,2,69,5,1,9,00,2,7,1,201100034504B01,7,15,1
201100034529,2011-03-15,2011,mars,mardi,60:5,57,57751,0,0,2,1,3,5,5,4,2,02,1,1,000,053,1,0,5,3,1,52,1,1,9,00,2,1,1,201100034529B01,7,9,1
201100034533,2011-03-25,2011,mars,vendredi,18:35,57,57463,0,0,2,1,6,2,1,3,4,04,1,1,000,132,1,1,1,4,1,22,2,1,9,00,2,1,17,201100034533A01,7,1,1
201100034570,2011-08-16,2011,août,mardi,14:55,57,57412,0,0,2,1,3,1,1,3,2,02,1,1,000,085,1,0,1,4,1,47,0,1,9,00,2,1,1,201100034570B01,7,15,1
201100034571,2011-08-16,2011,août,mardi,17:55,57,57463,49.11483,6.19081,2,6,3,1,1,4,2,02,1,1,000,000,1,0,1,4,1,15,5,1,2,00,2,0,19,201100034571B01,7,1,1
201100034578,2011-09-10,2011,septembre,samedi,10:40,57,57480,49.09507,6.13721,2,1,3,1,1,3,2,02,1,1,000,000,1,0,1,4,1,29,0,1,2,00,2,1,1,201100034578A01,10,1,1
201100034598,2011-11-24,2011,novembre,jeudi,18:55,57,57616,0,0,2,1,6,5,1,3,1,02,1,1,000,078,1,0,1,4,1,38,5,1,4,01,0,2,1,201100034598B01,10,22,1
201100034602,2011-12-07,2011,décembre,mercredi,15:10,57,57463,49.11332,6.18303,2,1,6,1,1,4,1,02,1,2,000,122,1,0,1,3,1,12,5,1,9,00,2,1,19,201100034602A01,7,1,1
201100034616,2011-08-06,2011,août,samedi,14:10,57,57630,0,0,1,2,3,1,3,3,2,02,1,1,000,115,2,0,1,3,1,54,5,1,2,00,2,1,1,201100034616B01,7,9,1
201100034648,2011-02-20,2011,février,dimanche,11:48,57,57221,0,0,1,1,1,1,2,3,1,02,2,-1,000,078,2,0,1,4,1,12,0,1,9,00,0,1,0,201100034648B01,7,9,1
201100034657,2011-03-15,2011,mars,mardi,63:0,57,57672,0,0,2,1,2,2,1,3,1,01,1,1,140,070,1,0,1,4,1,43,1,1,4,00,2,4,1,201100034657B01,7,1,1
201100034685,2011-05-09,2011,mai,lundi,75:0,57,57672,49.35535,6.15811,2,1,3,1,1,4,2,02,1,1,000,062,1,0,5,4,1,17,2,1,2,00,2,1,1,201100034685A01,7,1,1
201100034687,2011-05-12,2011,mai,jeudi,20:11,57,57306,0,0,1,3,3,1,1,3,2,03,1,1,000,116,1,0,1,4,1,33,5,1,2,00,2,1,1,201100034687B01,7,15,1
201100034692,2011-05-18,2011,mai,mercredi,13:20,57,57221,49.32964,6.13491,1,1,2,1,1,3,2,02,1,1,000,060,1,1,1,4,1,43,5,1,2,00,2,8,1,201100034692B01,10,1,1
201100034701,2011-06-14,2011,juin,mardi,14:00,57,57672,0,0,2,1,3,1,1,3,2,02,1,1,000,077,1,1,1,4,1,26,1,1,4,00,2,8,1,201100034701B01,7,20,1
201100034703,2011-06-16,2011,juin,jeudi,17:40,57,57672,0,0,1,1,6,1,1,3,2,03,1,2,000,120,1,0,1,4,1,39,1,1,9,00,2,8,1,201100034703B01,7,1,1
201100034704,2011-06-17,2011,juin,vendredi,17:10,57,57757,49.35331,6.21125,1,1,3,1,1,4,2,02,1,1,000,055,1,0,1,3,2,62,5,1,9,00,0,1,1,201100034704B01,7,9,1
201100034712,2011-07-07,2011,juillet,jeudi,73:0,57,57672,0,0,2,1,6,1,1,3,2,02,1,3,000,072,1,0,1,3,1,37,1,1,2,00,2,1,9,201100034712A01,7,1,1
201100034721,2011-08-09,2011,août,mardi,16:35,57,57221,0,0,1,1,2,1,2,3,2,02,1,1,000,070,2,2,1,4,1,44,5,1,2,00,2,4,2,201100034721B01,7,2,1
201100034728,2011-08-30,2011,août,mardi,91:5,57,57672,0,0,2,1,3,1,1,2,3,04,1,1,000,118,1,0,1,4,1,37,0,1,2,00,9,1,1,201100034728B01,7,1,1
201100034749,2011-10-26,2011,octobre,mercredi,15:15,57,57672,49.36255,6.17357,2,1,6,1,1,4,1,01,1,3,000,069,1,6,1,4,1,44,0,1,4,00,2,1,19,201100034749B01,7,16,1
201100034750,2011-10-30,2011,octobre,dimanche,19:40,57,57757,49.36168,6.19645,2,1,3,2,1,3,2,02,1,1,000,110,1,0,1,4,1,19,0,1,9,00,2,1,9,201100034750B01,7,1,1
201100034756,2011-11-18,2011,novembre,vendredi,18:35,57,57672,0,0,2,1,3,5,1,3,1,02,2,3,024,162,1,3,0,4,1,57,5,1,2,00,2,7,1,201100034756B01,7,16,1
201100034769,2011-12-19,2011,décembre,lundi,13:55,57,57672,0,0,1,1,2,1,1,3,2,02,1,1,000,060,1,1,1,4,1,47,0,1,4,00,2,4,13,201100034769A01,15,17,1
201100034773,2011-01-15,2011,janvier,samedi,15:05,58,58194,0,0,2,1,7,1,1,4,2,02,1,1,000,000,1,0,4,4,1,48,0,1,9,12,0,0,0,201100034773A01,,,