Num_Acc,date,an,mois,jour,hrmn,dep,com,lat,long,agg,int,col,lum,atm,catr,circ,nbv,prof,plan,lartpc,larrout,surf,infra,situ,grav,sexe,age,trajet,secuexist,equipement,obs,obsm,choc,manv,vehiculeid,typevehicules,manoeuvehicules,numVehicules
201100038938,2011-06-01,2011,juin,mercredi,19:09,67,67482,0,0,2,1,3,1,1,4,2,02,1,1,000,060,1,0,1,4,1,10,5,1,9,00,2,8,19,201100038938B01,7,1,1
201100038945,2011-06-06,2011,juin,lundi,18:00,67,67482,0,0,2,1,3,1,1,4,2,01,1,1,000,050,1,0,1,4,2,12,5,1,9,00,2,1,19,201100038945B01,7,1,1
201100038946,2011-06-06,2011,juin,lundi,18:10,67,67482,0,0,2,1,6,1,1,4,2,02,1,1,000,060,1,0,1,4,2,30,0,1,2,00,2,1,18,201100038946B01,7,23,1
201100038948,2011-06-07,2011,juin,mardi,15:20,67,67204,0,0,2,1,3,1,1,4,2,02,1,1,000,120,1,0,4,4,2,12,5,1,9,00,2,1,1,201100038948A01,7,15,1
201100038954,2011-06-10,2011,juin,vendredi,11:20,67,67482,0,0,2,1,6,1,1,4,1,02,1,1,000,102,1,6,1,1,1,29,0,1,2,00,1,1,1,201100038954A01,,,
201100038954,2011-06-10,2011,juin,vendredi,11:20,67,67482,0,0,2,1,6,1,1,4,1,02,1,1,000,102,1,6,1,4,2,72,5,1,9,00,1,1,1,201100038954A01,,,
201100038956,2011-06-11,2011,juin,samedi,14:45,67,67204,0,0,2,2,3,1,1,4,2,03,1,1,000,100,2,0,5,4,1,16,0,1,9,00,2,0,19,201100038956A01,7,1,1
201100038957,2011-06-11,2011,juin,samedi,18:25,67,67482,0,0,2,1,6,1,1,4,1,02,1,1,000,072,1,0,1,1,1,47,0,1,2,00,1,1,1,201100038957A01,,,
201100038960,2011-06-14,2011,juin,mardi,73:0,67,67482,0,0,2,5,3,1,1,4,2,02,1,1,000,052,1,4,1,4,2,15,2,1,9,00,4,1,0,201100038960A01,40,1,1
201100038961,2011-06-14,2011,juin,mardi,11:10,67,67267,0,0,2,1,3,1,1,4,2,02,1,1,000,072,1,0,1,3,1,60,5,1,9,01,0,1,1,201100038961B01,7,24,1
201100038963,2011-06-14,2011,juin,mardi,20:50,67,67482,0,0,2,1,1,1,1,4,2,02,2,2,000,100,1,0,5,4,1,33,5,1,9,00,2,1,1,201100038963A01,1,1,1
201100038963,2011-06-14,2011,juin,mardi,20:50,67,67482,0,0,2,1,1,1,1,4,2,02,2,2,000,100,1,0,5,1,1,31,5,1,9,00,2,1,1,201100038963B01,1,1,1
201100038966,2011-06-16,2011,juin,jeudi,12:50,67,67043,0,0,2,1,3,1,1,4,2,02,1,1,070,080,1,4,5,4,1,13,5,1,9,15,0,1,1,201100038966B01,7,23,1
201100038966,2011-06-16,2011,juin,jeudi,12:50,67,67043,0,0,2,1,3,1,1,4,2,02,1,1,070,080,1,4,5,4,1,12,2,1,9,15,0,1,1,201100038966B01,7,23,1
201100038968,2011-06-23,2011,juin,jeudi,83:5,67,67482,0,0,2,7,3,1,1,4,2,02,1,1,040,060,1,0,1,3,2,32,1,1,2,00,2,7,19,201100038968B01,7,1,1
201100038970,2011-06-23,2011,juin,jeudi,19:00,67,67482,0,0,2,3,3,1,1,4,2,02,1,3,000,080,2,0,0,4,2,28,1,1,9,00,2,8,1,201100038970B01,7,1,1
201100038971,2011-06-23,2011,juin,jeudi,21:08,67,67043,0,0,2,2,3,2,8,4,2,02,1,1,000,095,1,0,1,3,2,17,5,1,2,00,2,7,1,201100038971A01,7,1,1
201100038973,2011-06-24,2011,juin,vendredi,16:25,67,67482,0,0,2,1,2,1,1,4,1,02,1,1,000,068,1,0,1,4,1,18,5,1,9,01,2,1,1,201100038973A01,7,1,1
201100038974,2011-06-24,2011,juin,vendredi,21:40,67,67482,0,0,2,3,3,2,1,4,1,01,1,1,000,031,1,0,1,4,1,30,5,1,9,00,2,1,1,201100038974B01,7,1,1
201100038975,2011-06-25,2011,juin,samedi,10:40,67,67482,0,0,2,2,3,1,1,4,2,02,1,1,000,050,1,0,1,4,1,1,5,1,9,00,2,1,1,201100038975A01,7,1,1
201100038976,2011-06-26,2011,juin,dimanche,18:59,67,67482,0,0,2,2,3,1,1,4,1,02,1,1,000,060,1,0,1,4,1,62,5,1,9,00,2,1,1,201100038976B01,7,15,1
201100038977,2011-06-27,2011,juin,lundi,19:45,67,67043,0,0,2,3,3,1,1,4,2,02,1,1,000,055,1,0,1,4,2,57,1,1,9,00,2,1,1,201100038977B01,7,16,1
201100038984,2011-07-01,2011,juillet,vendredi,17:45,67,67482,0,0,2,1,6,1,1,4,2,02,1,1,000,050,1,0,5,1,1,72,5,1,9,00,1,1,1,201100038984A01,,,
201100038985,2011-07-01,2011,juillet,vendredi,17:55,67,67267,0,0,2,1,3,1,1,4,1,01,1,1,000,040,1,0,1,4,1,7,5,1,9,00,2,1,9,201100038985B01,7,1,1
201100038987,2011-07-04,2011,juillet,lundi,16:25,67,67482,0,0,2,1,3,1,1,4,2,02,1,1,000,060,1,0,1,4,1,23,9,1,9,00,2,1,19,201100038987A01,7,1,1
201100038994,2011-07-07,2011,juillet,jeudi,16:35,67,67482,0,0,2,3,3,1,2,4,3,02,1,1,030,150,1,0,1,3,1,15,5,1,2,00,2,3,1,201100038994A01,7,1,1
201100038997,2011-07-09,2011,juillet,samedi,91:7,67,67482,0,0,2,1,3,1,1,4,3,04,1,1,045,120,1,4,1,3,2,62,0,1,9,00,4,1,19,201100038997A01,40,1,1
201100038999,2011-07-11,2011,juillet,lundi,15:30,67,67267,0,0,2,1,1,1,1,4,2,02,1,2,000,025,1,0,5,4,2,20,9,1,9,00,2,1,13,201100038999A01,1,1,1
201100038999,2011-07-11,2011,juillet,lundi,15:30,67,67267,0,0,2,1,1,1,1,4,2,02,1,2,000,025,1,0,5,1,1,53,5,1,9,00,2,1,1,201100038999B01,1,13,1
201100039000,2011-07-11,2011,juillet,lundi,17:10,67,67482,0,0,2,1,6,1,1,4,2,01,1,1,000,011,1,0,5,4,1,44,9,1,9,00,1,1,1,201100039000A01,,,
201100039007,2011-07-15,2011,juillet,vendredi,10:40,67,67447,0,0,2,1,6,1,1,4,1,01,1,1,000,070,1,0,4,4,1,24,0,1,2,00,1,1,1,201100039007A01,,,
201100039009,2011-07-15,2011,juillet,vendredi,20:50,67,67482,0,0,2,2,3,1,1,4,3,02,1,1,015,070,1,0,1,4,1,17,5,1,9,00,2,7,1,201100039009A01,7,16,1
201100039017,2011-07-29,2011,juillet,vendredi,74:0,67,67482,0,0,2,1,3,2,1,4,2,02,1,1,000,060,1,0,1,3,1,42,1,1,9,00,0,0,0,201100039017B01,7,1,1
201100039023,2011-08-05,2011,août,vendredi,18:01,67,67482,0,0,2,1,6,1,1,4,2,02,1,1,000,070,1,0,4,1,1,21,0,1,9,00,1,1,1,201100039023Z01,,,
201100039029,2011-08-12,2011,août,vendredi,14:45,67,67043,0,0,2,2,3,1,1,4,2,02,1,1,000,090,1,0,1,3,1,9,5,1,9,00,2,1,1,201100039029B01,7,1,1
201100039032,2011-08-12,2011,août,vendredi,18:00,67,67482,0,0,2,2,3,1,1,4,3,03,1,1,020,080,1,0,1,4,2,82,0,1,2,00,2,2,19,201100039032B01,30,1,1
201100039041,2011-08-19,2011,août,vendredi,19:07,67,67482,0,0,2,2,3,1,1,4,2,02,2,1,000,060,1,0,1,4,1,20,5,1,2,00,2,1,1,201100039041B01,7,1,1
201100039049,2011-08-25,2011,août,jeudi,17:57,67,67482,0,0,2,2,3,1,1,4,2,06,1,1,020,070,1,0,1,4,1,19,5,1,4,00,2,8,1,201100039049A01,30,1,1
201100039055,2011-08-29,2011,août,lundi,14:10,67,67482,0,0,2,1,3,1,1,4,2,02,1,1,000,061,1,4,1,4,1,47,9,1,9,00,4,1,1,201100039055A01,39,1,1
201100039057,2011-08-30,2011,août,mardi,90:0,67,67482,0,0,2,2,3,1,1,4,2,03,1,-1,000,110,1,0,1,4,1,72,5,1,2,00,2,3,1,201100039057B01,7,16,1
201100039064,2011-09-03,2011,septembre,samedi,40:0,67,67482,0,0,2,2,3,5,1,4,1,02,1,3,000,056,1,0,1,3,1,19,5,1,9,00,2,3,19,201100039064B01,7,1,1
201100039064,2011-09-03,2011,septembre,samedi,40:0,67,67482,0,0,2,2,3,5,1,4,1,02,1,3,000,056,1,0,1,3,1,18,5,1,9,00,2,3,19,201100039064B01,7,1,1
201100039068,2011-09-06,2011,septembre,mardi,82:5,67,67482,0,0,2,1,2,1,1,4,2,03,1,1,000,090,1,0,1,4,2,37,1,1,9,00,2,1,18,201100039068A01,37,1,1
201100039069,2011-09-06,2011,septembre,mardi,10:00,67,67482,0,0,2,3,3,1,1,4,1,02,1,3,000,100,1,0,1,4,2,62,5,1,9,00,2,7,1,201100039069A01,3,16,1
201100039073,2011-09-08,2011,septembre,jeudi,84:5,67,67482,0,0,2,2,3,1,1,4,2,03,1,1,000,100,1,0,1,4,2,64,0,1,2,00,2,1,1,201100039073B01,7,15,1
201100039074,2011-09-08,2011,septembre,jeudi,13:35,67,67482,0,0,2,2,3,1,1,4,1,01,1,1,000,060,1,0,1,4,2,51,1,1,9,00,2,8,15,201100039074B01,7,16,1
201100039078,2011-09-12,2011,septembre,lundi,61:0,67,67482,0,0,2,2,3,2,1,4,2,03,1,2,000,165,1,0,1,4,2,27,1,1,9,00,2,7,19,201100039078A01,7,16,1
201100039080,2011-09-12,2011,septembre,lundi,15:30,67,67218,0,0,1,2,3,1,1,4,2,03,1,1,000,100,1,5,1,1,1,36,5,1,2,00,2,1,1,201100039080A01,7,15,1
201100039083,2011-09-14,2011,septembre,mercredi,12:05,67,67482,0,0,2,3,3,1,1,4,2,03,1,1,000,090,1,0,1,4,2,19,2,1,9,00,2,8,15,201100039083A01,7,1,1
201100039085,2011-09-16,2011,septembre,vendredi,94:0,67,67482,0,0,2,2,3,1,1,4,2,06,1,1,000,100,1,0,1,3,1,29,1,1,4,00,2,1,19,201100039085A01,7,1,1
201100039086,2011-09-16,2011,septembre,vendredi,12:50,67,67482,0,0,2,2,3,1,1,4,2,02,1,1,000,069,1,0,1,4,2,62,0,1,2,00,2,1,1,201100039086A01,7,1,1
201100039093,2011-09-23,2011,septembre,vendredi,10:35,67,67482,0,0,2,1,2,1,1,4,2,02,1,1,000,060,1,0,1,3,1,26,0,1,4,00,2,1,2,201100039093A01,7,2,1
201100039094,2011-09-23,2011,septembre,vendredi,15:40,67,67482,0,0,2,7,3,1,1,4,1,02,1,1,000,220,1,5,1,4,1,14,5,1,2,00,2,1,1,201100039094B01,7,1,1
201100039099,2011-09-25,2011,septembre,dimanche,18:35,67,67482,0,0,2,3,3,1,1,4,2,02,1,1,000,032,1,0,1,4,1,7,5,1,9,00,2,1,1,201100039099B01,7,1,1
201100039106,2011-09-28,2011,septembre,mercredi,17:08,67,67482,0,0,2,1,3,1,1,4,3,04,1,1,000,120,1,4,3,4,1,67,5,1,2,00,4,1,19,201100039106A01,40,1,1
201100039110,2011-09-29,2011,septembre,jeudi,18:38,67,67482,0,0,2,1,3,1,1,4,2,02,1,1,000,060,1,0,5,3,2,26,1,1,2,00,2,8,16,201100039110B01,32,1,1
201100039111,2011-09-29,2011,septembre,jeudi,20:10,67,67482,0,0,2,1,6,5,1,4,1,01,1,1,000,060,1,0,1,3,1,31,5,1,4,01,0,1,5,201100039111B01,7,22,1
201100039113,2011-09-30,2011,septembre,vendredi,85:5,67,67447,0,0,2,1,6,1,1,4,2,02,1,1,000,058,1,0,1,3,2,28,0,1,4,01,0,1,1,201100039113B01,7,24,1
201100039116,2011-10-01,2011,octobre,samedi,95:8,67,67482,0,0,2,2,3,1,1,4,2,03,1,1,000,050,1,0,1,4,2,20,4,1,9,00,2,8,1,201100039116B01,7,1,1
201100039118,2011-10-05,2011,octobre,mercredi,13:27,67,67482,0,0,2,1,6,1,1,4,1,01,1,1,000,060,1,0,1,4,2,52,1,1,2,00,2,1,1,201100039118B01,7,24,1
201100039120,2011-10-06,2011,octobre,jeudi,84:5,67,67482,0,0,2,1,3,1,1,4,2,02,1,1,000,080,1,0,1,4,2,32,0,1,9,01,0,1,1,201100039120B01,7,22,1
201100039122,2011-10-06,2011,octobre,jeudi,19:30,67,67482,0,0,2,3,3,5,3,4,2,02,1,1,000,115,2,0,1,3,1,27,1,1,4,00,2,1,1,201100039122B01,7,15,1
201100039127,2011-10-10,2011,octobre,lundi,18:50,67,67482,0,0,2,1,3,1,1,4,1,01,1,2,000,036,1,0,5,4,1,29,5,1,9,00,2,1,1,201100039127B01,7,16,1
201100039129,2011-10-11,2011,octobre,mardi,17:00,67,67482,0,0,2,1,3,1,1,4,2,03,1,1,000,070,1,0,1,4,1,11,2,1,2,00,2,1,19,201100039129A01,7,1,1
201100039141,2011-10-19,2011,octobre,mercredi,16:52,67,67482,0,0,2,2,3,1,1,4,2,03,1,1,000,080,1,0,1,4,1,29,9,1,9,00,2,7,19,201100039141B01,7,1,1
201100039144,2011-10-20,2011,octobre,jeudi,95:0,67,67482,0,0,2,3,3,1,1,4,2,02,1,1,000,060,1,0,1,4,1,41,1,1,9,00,2,1,5,201100039144A01,7,16,1
201100039164,2011-11-05,2011,novembre,samedi,11:40,67,67365,0,0,2,1,3,1,1,4,2,02,1,1,062,101,1,0,1,4,1,32,1,1,2,00,2,1,19,201100039164A01,7,1,1
201100039165,2011-11-05,2011,novembre,samedi,12:00,67,67482,0,0,2,1,6,1,1,4,1,02,1,1,000,000,1,0,1,4,2,52,5,1,2,00,1,1,1,201100039165A01,,,
201100039166,2011-11-05,2011,novembre,samedi,12:50,67,67482,0,0,2,1,1,1,1,4,2,02,1,3,000,020,1,0,5,4,2,16,2,1,9,00,2,1,13,201100039166A01,1,1,1
201100039166,2011-11-05,2011,novembre,samedi,12:50,67,67482,0,0,2,1,1,1,1,4,2,02,1,3,000,020,1,0,5,1,1,23,5,1,9,00,2,1,1,201100039166B01,1,13,1
201100039167,2011-11-06,2011,novembre,dimanche,13:10,67,67482,0,0,2,1,3,1,1,4,3,02,1,1,010,154,1,0,1,4,1,9,5,1,9,00,2,1,19,201100039167B01,7,1,1
201100039185,2011-11-16,2011,novembre,mercredi,11:30,67,67482,0,0,2,1,6,1,1,4,2,02,1,1,120,065,1,0,5,1,1,20,2,1,4,00,1,1,1,201100039185A01,,,
201100039188,2011-11-17,2011,novembre,jeudi,16:40,67,67043,0,0,2,3,3,2,1,4,2,10,2,2,010,100,1,4,1,3,1,13,2,1,9,00,2,1,21,201100039188A01,7,15,1
201100039197,2011-11-24,2011,novembre,jeudi,14:15,67,67482,0,0,2,2,3,1,8,4,1,01,1,1,000,050,1,0,1,4,1,43,9,1,2,00,2,1,1,201100039197A01,7,1,1
201100039207,2011-12-01,2011,décembre,jeudi,75:0,67,67447,0,0,2,1,3,1,1,4,2,02,1,1,040,030,1,2,1,4,1,17,2,1,9,00,2,1,19,201100039207A01,7,1,1
201100039208,2011-12-01,2011,décembre,jeudi,82:0,67,67043,0,0,2,3,3,1,1,4,2,02,1,1,000,060,1,0,1,4,2,23,0,1,9,00,2,1,1,201100039208B01,7,1,1
201100039213,2011-12-05,2011,décembre,lundi,85:5,67,67482,0,0,2,2,3,1,1,4,-1,01,1,1,000,035,1,0,1,4,2,23,9,1,9,00,2,1,1,201100039213B01,7,14,1
201100039216,2011-12-05,2011,décembre,lundi,13:50,67,67482,0,0,2,1,3,1,1,4,1,02,1,1,000,055,1,0,4,4,2,15,2,1,9,00,0,7,1,201100039216A01,7,1,1
201100039218,2011-12-06,2011,décembre,mardi,94:5,67,67482,0,0,1,2,3,2,2,4,2,02,1,-1,000,050,2,0,1,3,2,33,0,1,2,00,2,1,1,201100039218A01,7,1,1
201100039219,2011-12-06,2011,décembre,mardi,16:23,67,67482,0,0,2,1,6,2,2,4,2,02,1,1,000,050,2,0,5,4,1,51,0,1,9,00,2,1,1,201100039219B01,7,1,1
201100039226,2011-12-09,2011,décembre,vendredi,18:45,67,67482,0,0,2,2,3,5,3,4,2,02,1,1,000,126,2,5,1,4,2,23,5,1,9,00,2,1,1,201100039226A01,7,16,1
201100039229,2011-12-12,2011,décembre,lundi,16:20,67,67482,0,0,2,1,3,1,1,4,2,02,1,1,000,070,1,0,1,4,1,59,9,1,9,00,2,7,19,201100039229A01,37,1,1
201100039243,2011-12-28,2011,décembre,mercredi,14:15,67,67482,0,0,2,1,6,1,1,4,2,02,1,1,000,090,1,0,1,4,1,57,5,1,2,01,0,1,1,201100039243B01,7,24,1
201100039245,2011-12-28,2011,décembre,mercredi,21:10,67,67482,0,0,2,2,3,5,1,4,2,03,1,1,000,090,1,0,1,4,2,23,5,1,2,00,2,1,16,201100039245B01,7,1,1
201100039246,2011-12-29,2011,décembre,jeudi,21:15,67,67447,0,0,2,2,6,5,2,4,1,01,1,1,000,100,2,0,1,4,1,29,5,1,2,00,2,4,1,201100039246B01,7,15,1
201100039254,2011-02-07,2011,février,lundi,13:30,68,68066,48.06819,7.34403,2,1,3,1,1,4,1,02,2,3,000,080,1,2,1,3,1,83,5,1,2,00,2,8,1,201100039254A01,7,17,1
201100039269,2011-05-04,2011,mai,mercredi,17:15,68,68066,48.0717,7.34874,2,2,6,1,1,4,2,02,1,1,000,060,1,0,0,3,2,78,5,1,4,00,2,1,1,201100039269B01,7,1,1
201100039271,2011-05-05,2011,mai,jeudi,16:25,68,68066,48.0822,7.34736,2,2,3,1,2,4,2,02,1,1,000,064,1,6,1,4,1,47,2,1,4,00,2,6,19,201100039271B01,7,15,1
201100039272,2011-05-13,2011,mai,vendredi,83:5,68,68066,48.07472,7.34427,2,6,3,1,1,3,2,02,1,1,000,100,1,0,1,4,2,36,1,1,2,00,2,1,5,201100039272B01,7,9,1
201100039273,2011-05-16,2011,mai,lundi,15:45,68,68066,48.06762,7.35241,2,1,3,1,1,4,2,02,1,1,000,082,1,0,1,3,2,12,2,1,2,00,2,1,19,201100039273B01,7,1,1
201100039279,2011-06-06,2011,juin,lundi,19:10,68,68066,48.07851,7.32871,2,1,6,1,1,4,2,02,1,1,090,220,1,0,1,4,1,8,5,1,2,00,2,1,19,201100039279B01,7,1,1
201100039283,2011-06-14,2011,juin,mardi,13:55,68,68066,48.07861,7.34168,2,3,3,1,1,4,2,02,1,1,000,075,1,0,1,3,1,20,1,1,2,00,2,1,1,201100039283B01,7,16,1
201100039297,2011-08-23,2011,août,mardi,83:4,68,68066,48.08094,7.36431,2,2,3,1,1,3,2,04,1,1,020,190,1,0,1,2,1,18,5,1,2,00,2,8,1,201100039297B01,15,1,1
201100039304,2011-09-07,2011,septembre,mercredi,13:25,68,68066,48.08518,7.36704,2,3,3,1,2,3,2,02,1,1,000,120,2,0,1,4,1,25,5,1,2,00,2,1,19,201100039304B01,3,1,1
201100039309,2011-09-27,2011,septembre,mardi,15:00,68,68066,48.07725,7.3367,2,1,6,1,1,3,3,02,1,1,050,220,1,0,1,3,2,19,2,1,2,00,2,4,11,201100039309B01,7,1,1
201100039313,2011-10-11,2011,octobre,mardi,72:5,68,68066,48.10761,7.37968,2,6,3,2,1,4,1,02,1,2,000,010,1,5,1,4,1,43,1,1,9,00,0,5,2,201100039313A02,7,9,1
201100039314,2011-10-15,2011,octobre,samedi,10:50,68,68066,48.07763,7.35477,2,1,6,1,1,4,1,02,1,1,000,100,1,0,1,3,1,28,5,1,2,00,2,7,19,201100039314B01,7,1,1
201100039314,2011-10-15,2011,octobre,samedi,10:50,68,68066,48.07763,7.35477,2,1,6,1,1,4,1,02,1,1,000,100,1,0,1,4,1,5,0,1,3,00,2,7,19,201100039314B01,7,1,1
201100039317,2011-10-21,2011,octobre,vendredi,14:00,68,68066,48.08312,7.33939,2,1,6,1,1,4,2,02,1,1,000,090,1,0,1,1,1,16,5,1,2,00,2,1,1,201100039317A01,7,4,1
201100039317,2011-10-21,2011,octobre,vendredi,14:00,68,68066,48.08312,7.33939,2,1,6,1,1,4,2,02,1,1,000,090,1,0,1,4,2,17,0,1,2,00,2,1,1,201100039317A01,7,4,1
201100039318,2011-10-23,2011,octobre,dimanche,13:15,68,68066,48.07494,7.3447,2,6,6,1,1,3,2,02,1,2,000,120,1,0,1,4,1,30,0,1,2,00,2,8,19,201100039318B01,7,1,1
201100039321,2011-11-25,2011,novembre,vendredi,16:35,68,68066,48.06783,7.34571,2,2,6,2,1,4,2,02,1,1,000,090,1,0,0,4,2,10,2,1,2,00,2,1,19,201100039321B01,7,16,1
201100039334,2011-06-17,2011,juin,vendredi,13:25,68,68112,47.90285,7.22678,1,3,3,1,1,3,2,02,1,1,000,084,1,0,1,4,1,10,2,1,2,00,0,1,0,201100039334A01,7,1,1
201100039344,2011-02-10,2011,février,jeudi,71:0,68,68271,47.7565,7.37883,2,6,1,2,8,3,1,02,1,2,146,080,1,5,1,2,2,25,1,1,4,00,9,7,1,201100039344B01,14,9,1
201100039357,2011-03-29,2011,mars,mardi,18:22,68,68224,47.74461,7.34586,2,1,3,1,1,4,2,02,2,1,000,000,1,2,1,3,2,41,5,1,2,00,0,7,19,201100039357B01,7,1,1
201100039361,2011-04-16,2011,avril,samedi,16:40,68,68056,47.73159,7.3191,2,2,3,1,1,3,2,02,1,1,000,033,1,0,1,4,2,26,5,1,2,00,2,8,19,201100039361B01,7,1,1
201100039363,2011-04-28,2011,avril,jeudi,14:45,68,68224,47.7609,7.3444,2,1,3,1,1,4,1,01,1,1,000,050,1,0,4,4,1,54,5,1,2,00,2,1,1,201100039363B01,7,9,1
201100039368,2011-05-17,2011,mai,mardi,85:7,68,68224,47.77616,7.31822,2,1,1,1,1,4,2,02,1,1,000,106,1,0,1,4,1,81,3,1,9,00,2,3,15,201100039368B01,7,9,1
201100039374,2011-06-05,2011,juin,dimanche,14:21,68,68224,47.74592,7.34563,2,1,3,1,1,4,2,02,1,1,000,062,1,0,1,3,1,10,5,1,2,00,2,8,9,201100039374B01,7,1,1
201100039376,2011-06-03,2011,juin,vendredi,22:00,68,68224,47.74494,7.33897,2,1,1,5,1,4,2,02,1,1,070,080,1,0,1,4,1,25,5,1,2,00,0,0,0,201100039376B01,7,1,1
201100039390,2011-08-05,2011,août,vendredi,17:15,68,68224,0,0,2,1,1,1,1,4,-1,01,1,1,000,000,1,0,5,3,2,37,5,1,2,00,2,1,1,201100039390B01,2,5,1
201100039398,2011-08-31,2011,août,mercredi,95:3,68,68224,47.74966,7.34096,2,1,3,1,7,4,1,01,1,3,000,000,1,0,1,4,2,26,1,1,2,00,4,1,1,201100039398A01,40,1,1
201100039399,2011-09-03,2011,septembre,samedi,11:55,68,68224,47.751,7.33169,2,3,3,1,1,4,2,02,1,1,000,000,1,0,1,3,1,47,5,1,2,00,2,1,1,201100039399A01,10,15,1
201100039404,2011-09-12,2011,septembre,lundi,20:55,68,68224,47.7486,7.34099,2,3,3,5,1,4,1,01,1,-1,000,000,1,0,1,4,2,30,5,1,9,00,2,1,0,201100039404B01,3,9,1
201100039407,2011-10-05,2011,octobre,mercredi,16:25,68,68224,47.75224,7.33574,2,2,3,1,1,4,2,02,1,1,000,000,1,0,0,4,1,29,5,1,2,00,2,8,19,201100039407A01,7,15,1
201100039409,2011-10-06,2011,octobre,jeudi,95:5,68,68271,47.75382,7.36418,2,1,6,1,1,3,2,02,1,1,000,000,1,0,1,4,2,63,5,1,9,00,2,4,11,201100039409B01,7,1,1
201100039412,2011-10-29,2011,octobre,samedi,14:40,68,68224,47.75438,7.34614,2,1,3,1,1,4,1,02,1,1,000,055,1,0,1,3,1,38,5,1,9,00,2,1,19,201100039412A01,7,1,1
201100039422,2011-11-30,2011,novembre,mercredi,16:10,68,68224,47.76104,7.33893,2,1,3,1,1,4,1,01,1,1,000,000,1,0,5,4,1,69,5,1,2,00,2,1,1,201100039422B01,7,9,1
201100039424,2011-12-05,2011,décembre,lundi,62:4,68,68224,47.77691,7.3308,2,1,2,3,1,3,3,02,1,1,015,132,1,3,1,3,1,60,5,1,9,00,2,4,2,201100039424B01,7,12,1
201100039430,2011-02-05,2011,février,samedi,15:05,68,68149,47.59111,7.57443,2,3,1,1,1,3,2,03,1,1,000,100,1,0,1,3,1,90,5,1,2,00,2,1,1,201100039430B01,7,15,1
201100039434,2011-08-22,2011,août,lundi,15:30,68,68149,47.59247,7.58523,2,2,3,1,1,4,2,02,1,1,000,064,1,0,4,3,1,57,5,1,9,00,2,8,19,201100039434B01,7,1,1
201100039439,2011-10-11,2011,octobre,mardi,19:25,68,68297,47.58495,7.56176,2,1,3,5,1,3,1,01,1,1,000,100,1,0,1,4,1,68,5,1,9,00,2,8,15,201100039439B01,7,1,1
201100039441,2011-03-14,2011,mars,lundi,16:20,68,68376,47.80321,7.31186,2,3,3,1,7,3,2,02,1,1,000,207,1,0,1,3,1,55,5,1,9,00,2,2,1,201100039441B01,7,9,1
201100039445,2011-06-16,2011,juin,jeudi,65:5,68,68166,47.79135,7.32188,2,6,6,1,1,4,2,02,1,4,130,070,1,0,1,1,1,32,1,1,2,00,1,1,1,201100039445A01,,,
201100039448,2011-08-12,2011,août,vendredi,85:5,68,68166,47.7829,7.31675,2,1,3,1,1,3,2,03,1,1,000,113,1,0,5,3,1,51,5,1,2,00,2,1,1,201100039448B01,7,15,1
201100039449,2011-08-24,2011,août,mercredi,13:30,68,68376,47.80439,7.33066,2,1,3,1,1,3,2,02,1,1,000,063,1,0,1,4,2,19,9,1,2,00,2,8,19,201100039449B01,7,1,1
201100039461,2011-04-15,2011,avril,vendredi,13:30,69,69029,0,0,2,1,3,1,1,4,2,02,1,1,058,063,1,0,1,3,2,30,4,1,2,00,0,8,0,201100039461B01,14,9,1
201100039480,2011-11-29,2011,novembre,mardi,18:15,69,69029,0,0,2,1,3,5,1,4,2,01,1,1,000,060,1,0,1,3,1,38,5,1,9,00,2,8,1,201100039480B01,7,22,1
201100039502,2011-05-23,2011,mai,lundi,10:45,69,69034,0,0,2,2,6,1,1,4,2,03,1,1,000,063,1,0,1,4,1,80,5,1,2,00,2,7,18,201100039502A01,7,23,1
201100039520,2011-10-26,2011,octobre,mercredi,92:0,69,69034,0,0,2,1,3,1,1,4,3,00,1,-1,000,000,1,0,1,3,1,30,0,1,4,00,2,1,1,201100039520B01,7,11,1
201100039539,2011-06-21,2011,juin,mardi,74:0,69,69091,0,0,2,2,6,1,1,4,2,02,1,1,000,074,1,0,1,4,1,14,2,1,4,00,2,8,19,201100039539B01,7,23,1
201100039550,2011-09-13,2011,septembre,mardi,17:30,69,69091,0,0,2,1,2,1,1,4,2,02,1,1,000,000,1,0,1,4,1,47,5,1,2,00,2,1,1,201100039550A01,7,1,1
201100039556,2011-11-10,2011,novembre,jeudi,73:0,69,69091,0,0,2,1,3,2,1,4,2,02,1,1,000,000,1,0,1,4,1,14,2,1,9,00,2,1,19,201100039556A01,38,1,1
201100039561,2011-12-15,2011,décembre,jeudi,15:05,69,69091,0,0,2,3,6,1,1,3,2,02,1,1,000,000,1,0,1,4,1,69,5,1,2,00,2,1,1,201100039561B01,7,15,1
201100039599,2011-08-18,2011,août,jeudi,94:0,69,69149,0,0,2,9,3,1,1,3,2,02,1,1,000,073,1,0,1,4,2,49,5,1,9,01,0,1,1,201100039599B01,7,22,1
201100039633,2011-05-06,2011,mai,vendredi,17:15,69,69256,0,0,2,1,3,1,1,4,2,00,1,1,000,000,1,0,1,3,1,16,5,1,9,00,2,0,0,201100039633B01,7,1,1
201100039648,2011-07-23,2011,juillet,samedi,13:07,69,69256,0,0,2,3,3,1,1,4,2,02,1,1,000,057,1,0,1,3,1,12,5,1,2,00,2,8,19,201100039648A01,7,2,1
201100039703,2011-04-15,2011,avril,vendredi,14:25,69,69259,0,0,2,1,1,1,1,4,2,02,2,2,000,061,1,0,1,4,1,17,5,1,9,00,2,1,13,201100039703A01,7,1,1