Num_Acc,date,an,mois,jour,hrmn,dep,com,lat,long,agg,int,col,lum,atm,catr,circ,nbv,prof,plan,lartpc,larrout,surf,infra,situ,grav,sexe,age,trajet,secuexist,equipement,obs,obsm,choc,manv,vehiculeid,typevehicules,manoeuvehicules,numVehicules
201100039709,2011-05-08,2011,mai,dimanche,18:30,69,69276,0,0,2,1,1,1,1,4,2,02,2,1,000,105,1,0,1,4,1,31,5,1,4,00,2,1,13,201100039709A01,7,1,1
201100039714,2011-05-17,2011,mai,mardi,11:30,69,69259,0,0,2,1,2,1,1,4,2,02,1,1,000,075,1,0,1,4,1,73,0,1,2,00,2,1,0,201100039714A01,7,0,1
201100039717,2011-05-29,2011,mai,dimanche,20:10,69,69276,0,0,2,1,1,1,1,4,2,02,1,1,000,042,1,0,1,3,2,12,0,1,9,00,2,1,1,201100039717A01,7,1,1
201100039724,2011-06-14,2011,juin,mardi,19:00,69,69259,0,0,2,1,3,1,1,4,2,01,1,2,000,000,1,0,1,4,2,6,5,1,9,00,2,1,0,201100039724B01,7,0,1
201100039760,2011-10-01,2011,octobre,samedi,14:55,69,69259,0,0,2,9,1,1,1,4,2,02,1,1,000,000,1,0,1,3,1,43,5,1,2,00,2,1,1,201100039760B01,10,1,1
201100039801,2011-01-31,2011,janvier,lundi,19:00,69,69264,0,0,2,6,3,5,1,4,1,00,1,1,015,072,1,5,1,1,1,69,5,1,8,00,2,1,21,201100039801B01,7,16,1
201100039813,2011-04-20,2011,avril,mercredi,61:5,69,69264,0,0,2,5,3,2,1,4,2,01,1,1,000,042,1,0,1,3,1,32,1,1,9,00,9,7,15,201100039813B01,99,11,1
201100039816,2011-07-16,2011,juillet,samedi,16:35,69,69264,0,0,2,1,3,1,1,4,2,02,1,1,000,065,1,0,1,4,1,10,0,1,9,00,2,8,0,201100039816B01,7,0,1
201100039817,2011-07-31,2011,juillet,dimanche,30:0,69,69264,0,0,2,1,6,5,1,4,2,04,1,1,000,104,1,0,5,3,1,39,5,1,9,02,2,3,18,201100039817A01,7,2,1
201100039858,2011-06-18,2011,juin,samedi,19:00,69,69266,0,0,2,1,6,1,1,4,2,02,1,1,000,050,1,0,1,3,1,11,5,1,9,00,2,1,5,201100039858B01,7,1,1
201100039865,2011-07-23,2011,juillet,samedi,19:00,69,69266,0,0,2,1,6,1,2,4,1,01,1,1,000,048,2,0,1,4,2,50,0,1,9,00,0,0,1,201100039865B01,7,22,1
201100039870,2011-08-12,2011,août,vendredi,81:5,69,69266,0,0,2,2,6,1,1,4,2,02,1,1,000,068,1,0,1,3,2,27,1,1,2,00,2,1,1,201100039870C01,7,1,2
201100039926,2011-11-23,2011,novembre,mercredi,14:30,69,69275,0,0,2,1,3,1,1,4,2,02,1,1,000,065,1,0,1,3,1,14,3,1,9,00,2,8,2,201100039926B01,13,17,1
201100039947,2011-11-07,2011,novembre,lundi,17:35,69,69286,0,0,2,6,3,5,1,4,1,02,4,-1,000,030,1,5,1,4,1,49,5,1,4,00,2,0,15,201100039947B01,7,1,1
201100039958,2011-02-23,2011,février,mercredi,16:40,69,69290,0,0,2,6,3,1,1,4,1,01,1,2,000,080,1,5,1,4,2,31,1,1,4,00,2,0,1,201100039958B01,7,16,1
201100039977,2011-05-20,2011,mai,vendredi,19:30,69,69290,0,0,2,1,3,1,1,4,2,02,1,1,078,049,1,0,1,4,2,7,5,1,9,00,2,0,19,201100039977B01,7,1,1
201100040012,2011-09-30,2011,septembre,vendredi,13:30,69,69290,0,0,2,1,3,1,1,4,1,01,1,1,000,000,1,0,1,3,1,63,5,1,9,00,2,8,13,201100040012A01,7,1,1
201100040018,2011-10-27,2011,octobre,jeudi,18:30,69,69290,0,0,2,2,3,2,2,4,2,02,2,1,000,000,2,4,1,4,1,28,1,1,2,00,2,3,1,201100040018B01,7,15,1
201100040021,2011-11-10,2011,novembre,jeudi,13:05,69,69290,0,0,2,1,6,1,1,4,3,02,2,1,000,000,1,4,4,4,1,34,1,1,4,00,2,8,1,201100040021A01,7,16,1
201100040030,2011-12-25,2011,décembre,dimanche,95:0,69,69290,0,0,2,6,6,1,1,4,2,02,1,1,000,000,1,0,1,3,1,36,5,1,4,00,2,5,0,201100040030B01,7,9,1
201100040035,2011-04-26,2011,avril,mardi,18:05,70,70285,0,0,2,3,3,1,1,4,2,01,1,1,000,055,1,0,1,4,1,14,5,1,9,00,2,1,19,201100040035A01,7,1,1
201100040040,2011-09-20,2011,septembre,mardi,18:10,70,70285,0,0,2,6,3,1,1,4,2,02,-1,-1,000,000,-1,0,1,4,2,24,1,1,9,00,0,7,15,201100040040B01,7,9,1
201100040054,2011-04-18,2011,avril,lundi,10:05,70,70550,0,0,2,6,3,1,1,3,2,02,1,1,000,125,1,5,1,3,1,69,5,1,2,00,2,7,1,201100040054B01,7,9,1
201100040058,2011-05-09,2011,mai,lundi,19:45,70,70550,0,0,2,1,3,1,1,4,1,01,1,1,000,040,1,0,1,3,1,7,5,1,2,00,2,1,9,201100040058B01,7,1,1
201100040059,2011-05-13,2011,mai,vendredi,16:25,70,70550,0,0,2,1,3,1,1,2,-1,02,1,1,000,080,1,0,4,4,1,11,5,1,2,00,2,1,1,201100040059B01,7,9,1
201100040064,2011-09-03,2011,septembre,samedi,10:25,70,70513,0,0,1,3,3,1,1,3,2,02,1,1,000,078,1,0,1,3,2,63,5,1,2,00,2,6,15,201100040064B01,7,9,1
201100040067,2011-09-19,2011,septembre,lundi,16:15,70,70550,0,0,2,3,3,1,1,4,2,03,4,1,000,093,1,5,5,4,1,64,5,1,2,00,0,2,1,201100040067B01,7,15,1
201100040090,2011-06-27,2011,juin,lundi,10:50,71,71076,46.7976,4.84401,2,9,3,1,1,4,2,02,1,1,000,077,1,0,1,3,2,58,5,1,9,00,2,1,1,201100040090B01,7,1,1
201100040097,2011-08-07,2011,août,dimanche,17:50,71,71076,9.27915,-0,2,1,2,1,1,4,2,02,1,1,000,000,1,0,1,3,1,39,5,1,9,00,2,4,1,201100040097B01,7,1,1
201100040118,2011-05-18,2011,mai,mercredi,12:15,71,71153,9.28714,-0,2,1,6,1,1,3,2,02,2,1,000,000,1,0,1,3,1,54,5,1,2,13,0,1,13,201100040118A01,,,
201100040120,2011-06-24,2011,juin,vendredi,11:39,71,71153,9.29391,-0,2,1,1,1,1,3,2,02,2,4,000,000,1,0,1,4,1,41,1,1,2,00,2,1,1,201100040120A01,37,1,1
201100040133,2011-02-08,2011,février,mardi,72:5,71,71270,0,0,2,3,3,2,1,4,2,02,1,3,000,070,1,0,1,3,1,33,1,1,4,00,0,7,1,201100040133B01,7,15,1
201100040165,2011-11-12,2011,novembre,samedi,16:45,71,71260,0,0,2,1,3,1,1,4,2,02,1,1,000,080,1,0,1,3,1,65,5,1,2,00,2,1,1,201100040165B01,7,15,1
201100040176,2011-05-31,2011,mai,mardi,19:00,71,71499,9.15051,-0,2,1,1,1,1,4,2,02,1,1,000,069,1,0,1,4,1,45,5,1,9,00,2,1,1,201100040176A01,7,1,1
201100040184,2011-09-20,2011,septembre,mardi,82:5,71,71306,46.692,4.34849,2,1,2,1,1,3,2,02,1,1,000,081,1,0,1,3,1,87,0,1,4,00,0,4,1,201100040184B01,7,1,1
201100040211,2011-01-21,2011,janvier,vendredi,16:30,72,72181,0,0,2,3,3,1,1,4,1,01,1,1,000,000,1,0,1,4,2,55,1,1,9,00,0,7,1,201100040211B01,7,14,1
201100040227,2011-02-02,2011,février,mercredi,81:5,72,72181,0,0,2,1,2,5,1,4,2,02,1,1,000,000,1,0,1,4,1,15,2,1,9,00,2,1,2,201100040227A01,7,2,1
201100040240,2011-02-16,2011,février,mercredi,75:5,72,72181,0,0,2,3,3,5,2,4,2,02,1,1,000,000,2,0,1,4,1,17,2,1,9,00,2,1,1,201100040240A01,7,1,1
201100040246,2011-02-23,2011,février,mercredi,15:30,72,72095,0,0,1,1,2,1,2,4,3,05,1,1,000,000,2,5,1,3,1,47,1,1,4,00,0,4,1,201100040246B01,7,9,1
201100040260,2011-03-08,2011,mars,mardi,17:30,72,72181,0,0,2,2,3,1,1,4,1,02,1,1,000,000,1,0,1,4,2,24,0,1,9,00,2,1,1,201100040260B01,7,15,1
201100040265,2011-03-13,2011,mars,dimanche,10:18,72,72181,0,0,2,2,3,1,1,4,2,04,2,1,000,000,1,0,0,4,2,20,1,1,9,00,2,1,1,201100040265A01,7,1,1
201100040269,2011-03-15,2011,mars,mardi,17:35,72,72181,0,0,2,1,6,1,1,4,2,02,1,1,000,000,1,0,5,4,1,54,0,1,9,01,0,1,1,201100040269B01,7,24,1
201100040275,2011-03-22,2011,mars,mardi,18:00,72,72003,0,0,2,1,6,1,1,4,-1,00,1,1,000,000,1,0,4,1,1,17,2,1,9,00,1,1,1,201100040275A01,,,
201100040284,2011-04-02,2011,avril,samedi,18:10,72,72181,0,0,2,3,3,1,1,4,1,02,1,1,000,000,1,0,5,4,2,52,0,1,9,00,2,1,1,201100040284B01,7,15,1
201100040289,2011-04-11,2011,avril,lundi,12:50,72,72181,0,0,2,1,6,1,1,4,2,02,1,1,000,000,1,0,1,4,2,45,1,1,9,00,0,7,1,201100040289B01,7,22,1
201100040299,2011-04-18,2011,avril,lundi,11:53,72,72095,0,0,2,1,3,1,1,4,2,02,1,1,000,000,1,0,1,3,1,73,5,1,9,00,0,8,1,201100040299B01,7,16,1
201100040337,2011-05-25,2011,mai,mercredi,18:15,72,72181,0,0,2,6,3,1,1,4,2,02,1,1,000,000,1,0,0,4,1,42,0,1,9,00,0,8,15,201100040337B01,7,1,1
201100040339,2011-05-27,2011,mai,vendredi,23:10,72,72181,0,0,2,1,6,5,1,4,3,02,2,1,000,000,1,0,1,4,1,23,0,1,4,00,2,8,1,201100040339B01,7,16,1
201100040351,2011-06-10,2011,juin,vendredi,18:55,72,72181,0,0,2,6,6,1,1,4,1,02,1,-1,000,000,1,0,1,4,1,19,0,1,9,00,2,4,1,201100040351B01,7,16,1
201100040354,2011-06-16,2011,juin,jeudi,14:05,72,72181,0,0,2,1,6,1,1,4,3,04,1,1,000,000,1,0,1,4,1,20,0,1,9,00,2,1,19,201100040354B01,7,1,1
201100040364,2011-06-27,2011,juin,lundi,92:0,72,72181,0,0,2,6,3,1,1,4,2,02,1,1,000,000,1,0,0,4,2,51,0,1,9,00,0,4,1,201100040364B01,7,1,1
201100040379,2011-07-18,2011,juillet,lundi,13:48,72,72181,0,0,2,7,3,1,1,4,1,01,1,2,000,000,1,4,1,4,1,57,0,1,2,00,2,1,1,201100040379A01,7,1,1
201100040391,2011-08-05,2011,août,vendredi,16:15,72,72181,0,0,2,6,6,1,1,4,1,01,-1,2,000,000,1,0,1,4,2,80,5,1,9,00,2,1,1,201100040391B01,7,16,1
201100040404,2011-09-09,2011,septembre,vendredi,12:00,72,72181,0,0,2,1,7,1,1,4,2,02,1,1,000,000,1,0,1,4,2,53,1,1,9,16,0,8,21,201100040404B01,7,24,1
201100040435,2011-11-02,2011,novembre,mercredi,21:45,72,72181,0,0,2,6,3,5,1,4,1,02,1,2,000,000,2,5,1,4,1,31,0,1,9,00,2,8,2,201100040435B01,7,17,1
201100040464,2011-05-23,2011,mai,lundi,11:20,73,73008,0,0,2,6,3,1,1,3,2,03,1,3,020,151,1,5,1,3,1,79,0,1,2,00,2,8,15,201100040464B01,7,16,1
201100040465,2011-05-07,2011,mai,samedi,11:40,73,73008,0,0,2,1,6,1,1,3,2,02,1,1,000,070,1,0,1,3,1,57,0,1,2,01,0,1,1,201100040465B01,7,24,1
201100040477,2011-05-23,2011,mai,lundi,16:50,73,73011,45.66424,6.42761,2,1,2,1,1,3,2,02,1,2,000,060,1,0,1,3,1,44,5,1,2,00,2,1,2,201100040477A01,3,2,1
201100040487,2011-02-15,2011,février,mardi,21:15,73,73029,45.56953,5.94502,2,2,3,4,1,3,2,02,1,1,000,070,1,0,1,3,1,22,0,1,2,00,2,8,11,201100040487A01,10,1,1
201100040489,2011-04-17,2011,avril,dimanche,16:55,73,73065,45.56761,5.9377,2,3,3,1,1,4,2,00,3,2,000,000,1,5,1,4,2,20,5,1,2,00,2,1,1,201100040489B01,7,1,1
201100040490,2011-04-06,2011,avril,mercredi,15:00,73,73065,45.57629,5.88802,2,1,3,1,1,3,2,02,-1,-1,000,090,1,0,5,1,1,40,5,1,2,00,9,8,15,201100040490A01,1,1,1
201100040490,2011-04-06,2011,avril,mercredi,15:00,73,73065,45.57629,5.88802,2,1,3,1,1,3,2,02,-1,-1,000,090,1,0,5,3,1,55,5,1,2,00,9,1,1,201100040490B01,1,15,1
201100040494,2011-05-26,2011,mai,jeudi,11:20,73,73065,45.56367,5.90334,2,6,3,1,1,3,2,02,1,1,000,080,1,5,1,3,2,37,5,1,2,00,2,7,1,201100040494B02,7,0,1
201100040505,2011-08-01,2011,août,lundi,17:35,73,73065,45.57007,5.92019,2,1,3,1,1,4,1,01,1,1,000,070,1,6,4,3,1,53,1,1,2,00,2,1,2,201100040505A01,1,0,1
201100040505,2011-08-01,2011,août,lundi,17:35,73,73065,45.57007,5.92019,2,1,3,1,1,4,1,01,1,1,000,070,1,6,4,4,1,21,1,1,2,00,2,8,0,201100040505B01,1,2,1
201100040506,2011-08-02,2011,août,mardi,54:5,73,73065,45.59223,5.90253,2,1,6,3,1,3,2,02,1,1,000,110,1,0,1,3,2,38,1,1,2,00,5,1,0,201100040506A01,,,
201100040518,2011-02-08,2011,février,mardi,10:05,74,74010,0,0,2,3,6,1,1,4,2,03,1,1,000,120,1,0,1,3,1,64,9,1,2,00,0,1,1,201100040518B01,7,15,1
201100040523,2011-04-21,2011,avril,jeudi,14:25,74,74010,0,0,2,6,6,1,1,4,3,00,1,1,000,000,1,0,1,3,2,69,9,1,2,00,0,1,16,201100040523B01,13,16,1
201100040528,2011-06-06,2011,juin,lundi,16:15,74,74010,0,0,2,6,6,1,1,4,3,00,1,-1,000,000,1,0,1,3,2,72,5,1,2,00,0,1,0,201100040528B01,7,9,1
201100040529,2011-06-14,2011,juin,mardi,20:10,74,74010,0,0,2,6,6,1,1,4,3,00,1,1,000,000,1,0,1,3,2,54,4,1,2,00,0,1,19,201100040529B01,7,0,1
201100040544,2011-10-17,2011,octobre,lundi,71:0,74,74010,0,0,2,3,6,2,1,4,2,02,1,1,000,065,1,0,1,3,1,48,9,1,2,00,2,0,0,201100040544A01,33,1,1
201100040562,2011-09-24,2011,septembre,samedi,12:20,74,74012,0,0,2,6,2,1,1,3,1,02,1,3,000,000,1,5,1,3,2,59,5,1,2,00,2,4,16,201100040562B01,7,9,1
201100040589,2011-10-05,2011,octobre,mercredi,15:20,74,74218,0,0,2,1,3,1,1,3,-1,00,1,1,000,000,1,0,1,3,1,76,5,1,2,00,0,0,0,201100040589B01,7,2,1
201100040648,2011-06-20,2011,juin,lundi,72:8,76,76217,49.9234,1.11178,2,1,3,1,2,3,2,03,2,2,000,129,2,0,1,4,1,50,1,1,9,00,2,1,1,201100040648B01,7,10,1
201100040673,2011-08-23,2011,août,mardi,14:35,76,76217,49.90767,1.06324,2,1,3,1,1,4,2,02,1,1,000,070,1,0,1,4,1,5,5,1,4,00,2,8,19,201100040673A01,7,1,1
201100040708,2011-10-28,2011,octobre,vendredi,15:15,76,76391,49.3397,0.93988,1,1,7,1,1,9,2,01,1,1,000,050,1,5,1,2,1,68,5,1,2,00,0,1,0,201100040708A01,,,
201100040721,2011-03-24,2011,mars,jeudi,15:30,76,76165,49.2756,1.03434,2,3,3,1,1,3,2,02,1,1,000,080,1,0,1,4,2,77,5,1,9,00,2,8,16,201100040721A01,15,1,1
201100040732,2011-09-25,2011,septembre,dimanche,16:00,76,76259,49.75467,0.37196,2,2,3,1,1,4,2,02,2,-1,000,000,1,0,1,3,1,16,5,1,9,00,2,1,1,201100040732B01,7,1,1
201100040732,2011-09-25,2011,septembre,dimanche,16:00,76,76259,49.75467,0.37196,2,2,3,1,1,4,2,02,2,-1,000,000,1,0,1,1,1,17,5,1,9,00,2,1,1,201100040732B01,7,1,1
201100040783,2011-03-09,2011,mars,mercredi,75:0,76,76351,49.4931,0.12007,2,2,7,1,1,4,1,01,1,1,000,060,1,0,0,4,1,49,1,1,2,00,2,0,21,201100040783A01,7,11,1
201100040790,2011-03-26,2011,mars,samedi,12:05,76,76351,49.4996,0.1307,2,3,3,1,1,4,1,01,1,1,000,062,1,0,0,4,1,30,9,1,4,00,2,7,17,201100040790B01,7,15,1
201100040800,2011-04-10,2011,avril,dimanche,14:10,76,76270,49.5329,0.1403,2,1,2,1,1,4,2,02,1,1,000,055,1,0,1,4,1,6,5,1,2,00,2,4,1,201100040800A01,30,1,1
201100040847,2011-07-08,2011,juillet,vendredi,22:40,76,76351,49.4926,0.13219,2,1,2,2,1,4,2,02,3,1,000,072,1,2,1,3,1,43,5,1,4,00,2,4,1,201100040847B01,7,1,1
201100040856,2011-07-19,2011,juillet,mardi,16:15,76,76351,49.4586,0.19897,1,1,6,1,1,4,2,02,1,1,040,070,1,0,1,3,1,50,5,1,9,00,2,0,1,201100040856B01,17,17,1
201100040864,2011-07-28,2011,juillet,jeudi,17:30,76,76351,49.5003,0.1358,2,3,3,1,1,4,2,02,1,1,000,070,1,0,1,4,1,46,5,1,2,00,2,1,17,201100040864B01,7,15,1
201100040872,2011-08-03,2011,août,mercredi,17:20,76,76351,49.50158,0.11583,2,1,2,1,1,4,2,03,2,1,000,000,1,0,1,4,2,39,0,1,2,00,2,4,1,201100040872A01,7,2,1
201100040896,2011-09-11,2011,septembre,dimanche,21:20,76,76351,49.49731,0.12796,2,1,7,5,1,4,2,02,1,1,000,000,1,0,1,3,1,19,5,1,4,00,0,7,1,201100040896A01,,,
201100040937,2011-11-01,2011,novembre,mardi,16:50,76,76351,49.4977,0.13741,2,2,3,1,1,4,2,02,1,1,000,073,1,0,1,4,1,17,5,1,4,00,2,2,15,201100040937A01,7,1,1
201100040979,2011-03-17,2011,mars,jeudi,74:0,76,76447,49.5389,0.17432,2,1,2,1,1,3,2,04,2,1,000,000,1,0,1,3,1,27,1,1,4,00,2,4,1,201100040979B01,7,1,1
201100040980,2011-04-07,2011,avril,jeudi,17:30,76,76351,49.4983,0.09145,2,1,2,1,1,3,3,02,1,1,000,000,1,0,1,4,1,22,2,1,9,00,2,4,0,201100040980B01,7,1,1
201100040982,2011-05-08,2011,mai,dimanche,10:00,76,76351,49.522,0.13473,2,2,3,1,1,4,1,01,1,1,000,000,1,0,1,4,1,35,5,1,2,00,2,1,1,201100040982B01,7,1,1
201100040991,2011-09-01,2011,septembre,jeudi,21:00,76,76351,49.50308,0.13065,2,1,6,1,1,4,2,00,-1,1,000,000,1,0,1,4,2,37,1,1,9,00,2,0,1,201100040991A01,7,0,1
201100040998,2011-11-23,2011,novembre,mercredi,94:0,76,76681,49.4019,1.09929,2,1,3,1,1,4,2,02,1,1,000,045,1,0,1,4,1,37,1,1,9,00,2,3,15,201100040998A01,7,1,1
201100041017,2011-01-25,2011,janvier,mardi,63:0,76,76540,49.4301,1.07249,2,1,2,5,1,3,2,05,1,1,000,150,2,0,1,3,1,48,1,1,4,00,2,4,1,201100041017B01,7,1,1
201100041085,2011-04-22,2011,avril,vendredi,13:25,76,76681,49.4231,1.1063,2,1,3,1,1,3,1,02,1,1,000,040,1,0,1,3,1,55,1,1,2,00,2,9,2,201100041085A01,17,1,1
201100041089,2011-05-03,2011,mai,mardi,14:15,76,76484,49.3257,1.03533,2,1,6,1,1,3,2,01,1,1,000,050,1,0,1,4,1,70,5,1,2,00,2,1,1,201100041089B01,7,23,1
201100041089,2011-05-03,2011,mai,mardi,14:15,76,76484,49.3257,1.03533,2,1,6,1,1,3,2,01,1,1,000,050,1,0,1,4,2,60,5,1,2,00,2,8,1,201100041089C01,7,23,1
201100041104,2011-05-18,2011,mai,mercredi,13:35,76,76322,49.3926,1.0588,2,1,3,1,1,3,3,02,1,1,000,000,1,0,1,3,1,61,5,1,2,00,2,8,15,201100041104A01,7,1,1
201100041119,2011-05-31,2011,mai,mardi,20:25,76,76457,49.3422,0.96367,2,1,3,1,1,3,2,02,1,1,000,067,1,0,1,4,1,22,5,1,9,01,2,0,19,201100041119A01,7,1,1
201100041122,2011-04-22,2011,avril,vendredi,16:15,76,76540,49.4436,1.08498,2,1,2,1,1,3,2,03,2,1,000,000,1,0,1,4,1,34,5,1,2,00,2,1,2,201100041122A01,7,23,1
201100041153,2011-07-06,2011,juillet,mercredi,17:35,76,76319,49.3397,1.01462,1,1,3,1,1,3,2,02,2,1,020,099,1,0,1,3,1,46,5,1,2,00,2,1,19,201100041153B01,7,1,1
201100041162,2011-08-21,2011,août,dimanche,12:0,76,76540,49.4365,1.10012,2,1,6,5,1,2,1,00,1,1,000,090,1,0,1,3,1,28,5,1,9,00,2,0,1,201100041162B01,33,1,1
201100041164,2011-08-21,2011,août,dimanche,12:20,76,76484,49.3398,1.08979,2,1,3,1,2,4,2,02,1,1,000,035,1,0,1,4,1,6,5,1,2,00,2,8,1,201100041164B01,7,1,1
201100041258,2011-09-01,2011,septembre,jeudi,20:25,77,77108,48.9001,2.60437,2,1,1,5,1,4,1,01,1,1,000,052,1,0,1,3,1,14,5,1,9,00,2,1,0,201100041258A01,7,0,1
201100041263,2011-10-20,2011,octobre,jeudi,15:15,77,77139,0,0,2,1,1,1,1,3,2,02,1,1,000,060,1,0,1,2,1,58,5,1,2,00,2,1,1,201100041263B01,10,1,1
201100041286,2011-01-26,2011,janvier,mercredi,15:00,77,77131,48.80983,3.08288,2,1,3,1,2,4,1,02,1,1,000,060,2,0,0,1,1,66,5,1,9,00,0,8,9,201100041286A01,30,1,1
201100041290,2011-02-24,2011,février,jeudi,53:5,77,77131,0,0,2,6,3,5,2,3,-1,01,1,-1,000,000,2,5,1,4,2,25,1,1,4,00,2,5,1,201100041290B01,7,16,1
201100041297,2011-03-24,2011,mars,jeudi,18:10,77,77320,48.82061,3.04559,2,1,6,1,1,4,2,02,2,1,000,000,1,1,4,3,1,16,0,1,9,12,0,1,1,201100041297A01,,,
201100041309,2011-05-25,2011,mai,mercredi,18:30,77,77320,48.82105,3.03977,2,1,6,1,1,4,1,01,2,1,000,048,1,0,1,4,1,27,5,1,2,01,0,1,2,201100041309A01,,,
201100041315,2011-06-26,2011,juin,dimanche,13:25,77,77013,48.85045,3.05985,2,2,3,1,7,4,2,02,1,1,000,000,1,0,1,3,1,54,5,1,2,00,2,7,0,201100041315A01,7,0,1
201100041328,2011-09-02,2011,septembre,vendredi,13:50,77,77131,48.80432,3.09138,2,1,1,1,1,4,2,02,1,3,000,030,1,0,1,4,1,52,5,1,9,00,0,4,2,201100041328B01,7,2,1
201100041368,2011-01-10,2011,janvier,lundi,19:30,77,77441,0,0,1,1,2,3,1,3,2,02,1,1,000,062,1,0,1,4,1,22,1,1,4,00,2,4,2,201100041368B01,7,2,1
201100041376,2011-04-29,2011,avril,vendredi,15:35,77,77037,0,0,2,3,3,1,1,3,2,02,2,1,000,063,1,0,1,3,1,64,5,1,2,00,2,4,16,201100041376A01,37,1,1
201100041377,2011-05-07,2011,mai,samedi,82:5,77,77037,48.46485,2.6998,2,2,3,1,1,4,2,02,1,1,000,000,1,0,1,3,1,52,1,1,2,06,2,1,19,201100041377A01,7,1,1
201100041382,2011-06-15,2011,juin,mercredi,17:20,77,77186,0,0,1,1,2,1,1,3,2,02,2,1,000,000,1,0,1,3,1,57,5,1,2,00,0,4,2,201100041382B01,10,2,1
201100041385,2011-08-11,2011,août,jeudi,81:5,77,77186,0,0,1,2,3,1,1,3,3,02,1,1,000,087,1,5,1,3,1,87,5,1,2,00,2,2,19,201100041385A01,10,1,1
201100041420,2011-04-04,2011,avril,lundi,84:0,77,77199,0,0,1,1,2,1,1,3,2,02,1,1,000,070,1,0,1,3,1,36,1,1,2,00,2,4,2,201100041420B01,7,2,1
201100041427,2011-10-30,2011,octobre,dimanche,18:35,77,77199,0,0,1,1,2,3,1,3,2,02,1,1,000,000,1,0,1,3,1,42,5,1,4,00,0,4,2,201100041427B01,7,2,1
201100041470,2011-10-01,2011,octobre,samedi,19:10,77,77407,48.56495,2.54195,2,4,1,1,1,4,2,02,1,-1,000,080,1,0,1,3,2,61,5,1,2,00,0,1,1,201100041470B01,7,1,1
201100041475,2011-11-07,2011,novembre,lundi,74:9,77,77288,48.53695,2.66932,2,1,7,1,1,6,-1,00,2,2,000,078,1,0,1,3,1,47,1,1,4,00,0,0,1,201100041475A01,,,
201100041496,2011-08-08,2011,août,lundi,90:0,77,77294,0,0,2,3,6,1,1,3,2,00,1,1,000,000,1,5,1,4,1,62,5,1,9,00,2,1,1,201100041496B01,7,15,1
201100041520,2011-05-31,2011,mai,mardi,14:30,77,77445,48.58492,2.58165,2,1,3,1,1,4,2,02,1,1,000,060,1,0,1,3,1,8,5,1,9,00,2,1,0,201100041520A01,37,1,1
201100041530,2011-08-10,2011,août,mercredi,14:50,77,77251,0,0,2,6,5,1,1,3,1,02,1,-1,000,071,1,5,1,3,1,61,5,1,2,00,2,1,1,201100041530A01,37,1,1
201100041530,2011-08-10,2011,août,mercredi,14:50,77,77251,0,0,2,6,5,1,1,3,1,02,1,-1,000,071,1,5,1,3,1,54,5,1,2,00,2,1,1,201100041530B01,37,1,1
201100041543,2011-10-20,2011,octobre,jeudi,81:5,77,77251,48.63934,2.54326,2,3,3,1,1,4,2,02,1,1,000,033,1,0,1,3,1,69,5,1,9,00,0,1,1,201100041543B01,7,16,1
201100041566,2011-04-26,2011,avril,mardi,11:15,77,77482,0,0,1,3,3,1,1,3,2,01,1,1,000,000,1,0,1,2,1,77,5,1,9,00,2,8,15,201100041566B01,10,1,1
201100041576,2011-05-20,2011,mai,vendredi,17:15,77,77506,0,0,1,4,1,1,9,3,2,02,1,2,000,058,1,0,1,3,1,38,5,1,9,00,2,1,19,201100041576B01,7,15,1
201100041603,2011-02-21,2011,février,lundi,20:18,77,77258,48.84085,2.63862,2,1,7,5,1,4,-1,02,1,1,000,000,2,0,5,3,1,21,1,1,2,13,0,0,1,201100041603A01,,,
201100041613,2011-06-04,2011,juin,samedi,20:25,77,77083,48.85434,2.58049,2,1,2,1,1,4,2,02,1,-1,000,000,1,0,1,3,1,5,5,1,9,00,2,0,1,201100041613B01,33,1,1
201100041620,2011-07-15,2011,juillet,vendredi,18:35,77,77146,0,0,2,1,3,1,1,3,2,02,1,1,000,000,1,0,1,4,1,18,5,1,9,00,2,3,19,201100041620B01,7,1,1
201100041625,2011-08-12,2011,août,vendredi,11:15,77,77468,48.85503,2.6411,2,1,7,1,1,4,2,02,2,1,000,000,1,0,1,3,1,54,5,1,2,00,2,0,1,201100041625A01,7,2,1
201100041638,2011-11-25,2011,novembre,vendredi,17:30,77,77121,48.83726,2.66117,2,3,3,5,1,6,-1,00,1,1,000,000,1,0,1,4,2,10,5,1,4,00,2,6,19,201100041638B01,7,1,1
201100041656,2011-04-13,2011,avril,mercredi,20:40,77,77390,48.78436,2.64958,2,1,3,2,1,4,2,02,-1,-1,000,000,-1,0,1,3,1,7,5,1,9,00,2,8,19,201100041656B01,33,0,1
201100041661,2011-05-11,2011,mai,mercredi,13:20,77,77373,48.80309,2.61851,2,3,3,1,1,4,2,00,1,1,000,000,1,0,1,4,1,12,2,1,9,00,2,1,15,201100041661B01,7,0,1
201100041661,2011-05-11,2011,mai,mercredi,13:20,77,77373,48.80309,2.61851,2,3,3,1,1,4,2,00,1,1,000,000,1,0,1,1,1,17,0,1,9,00,2,1,15,201100041661B01,7,0,1
201100041666,2011-06-27,2011,juin,lundi,11:10,77,77215,0,0,2,1,6,1,1,3,2,02,1,1,000,000,1,0,1,4,1,34,5,1,9,00,2,7,1,201100041666A02,7,11,1
201100041679,2011-09-29,2011,septembre,jeudi,13:50,77,77373,48.79402,2.6045,2,2,6,1,1,4,2,02,1,1,000,000,1,0,1,3,1,14,0,1,2,00,2,1,0,201100041679B01,7,0,1