Num_Acc,date,an,mois,jour,hrmn,dep,com,lat,long,agg,int,col,lum,atm,catr,circ,nbv,prof,plan,lartpc,larrout,surf,infra,situ,grav,sexe,age,trajet,secuexist,equipement,obs,obsm,choc,manv,vehiculeid,typevehicules,manoeuvehicules,numVehicules
201100041707,2011-03-16,2011,mars,mercredi,18:30,77,77514,48.9503,2.61508,1,9,6,1,1,4,2,02,1,1,000,040,1,0,1,4,1,10,5,1,9,00,2,8,19,201100041707B01,7,1,1
201100041741,2011-08-29,2011,août,lundi,17:55,78,78138,0,0,2,2,1,1,1,3,-1,02,2,1,000,000,1,0,1,4,1,39,0,1,2,00,2,1,21,201100041741B01,7,15,1
201100041746,2011-01-18,2011,janvier,mardi,16:40,78,78383,48.7725,1.93978,2,2,3,1,1,4,-1,00,1,1,000,000,1,0,1,3,1,12,5,1,2,00,0,8,19,201100041746A01,7,1,1
201100041747,2011-01-22,2011,janvier,samedi,11:30,78,78208,48.778,1.94489,2,2,6,1,1,4,2,02,1,1,000,000,1,0,1,3,1,52,5,1,2,00,2,1,18,201100041747B01,7,1,1
201100041812,2011-03-30,2011,mars,mercredi,12:20,78,78423,48.7813,2.03194,2,1,1,1,1,4,2,01,1,3,000,000,1,0,4,4,1,82,5,1,2,00,2,1,1,201100041812A01,20,23,1
201100041813,2011-04-10,2011,avril,dimanche,19:15,78,78297,48.7698,2.06996,2,7,3,1,1,4,2,01,1,3,000,500,1,0,1,4,1,9,5,1,2,00,2,1,19,201100041813A01,7,1,1
201100041832,2011-09-06,2011,septembre,mardi,18:40,78,78423,0,0,2,1,6,1,1,4,2,02,1,1,000,000,1,0,1,3,2,62,5,1,4,12,0,0,21,201100041832B01,,,
201100041849,2011-11-22,2011,novembre,mardi,18:40,78,78297,0,0,2,1,3,5,1,4,2,02,1,-1,000,000,1,0,1,4,2,19,5,1,9,00,2,2,9,201100041849A01,7,1,1
201100041863,2011-03-06,2011,mars,dimanche,14:15,78,78311,48.9268,2.19234,2,3,6,1,1,3,2,02,1,1,020,106,1,5,1,4,2,56,0,1,4,00,0,0,0,201100041863B01,7,16,1
201100041868,2011-06-07,2011,juin,mardi,13:20,78,78311,0,0,2,1,6,1,2,3,2,02,1,1,000,075,2,0,1,3,1,38,1,1,2,00,0,8,21,201100041868B01,7,15,1
201100041872,2011-07-22,2011,juillet,vendredi,72:5,78,78311,0,0,2,1,3,1,1,4,1,01,1,1,000,030,1,0,1,4,1,43,0,1,9,01,2,7,2,201100041872B01,7,18,1
201100041879,2011-12-21,2011,décembre,mercredi,13:15,78,78311,0,0,2,3,3,1,2,4,2,00,1,1,000,000,2,0,1,3,1,13,5,1,9,00,2,1,1,201100041879B01,7,1,1
201100041881,2011-12-21,2011,décembre,mercredi,16:40,78,78311,0,0,2,3,3,1,1,4,1,01,2,1,000,043,2,0,5,3,1,69,5,1,9,00,2,1,0,201100041881B01,7,15,1
201100041884,2011-11-07,2011,novembre,lundi,90:0,78,78311,0,0,2,1,3,1,1,4,2,02,2,1,000,055,1,0,1,3,1,59,0,1,9,00,2,0,2,201100041884B01,7,17,1
201100041904,2011-03-30,2011,mars,mercredi,19:15,78,78361,48.9928,1.69453,2,1,6,1,2,4,3,02,1,1,005,060,2,0,1,3,2,27,1,1,4,00,2,1,11,201100041904A01,37,1,1
201100041914,2011-05-05,2011,mai,jeudi,82:0,78,78361,48.9992,1.71388,2,1,3,1,1,4,2,02,1,1,000,000,1,0,1,3,1,16,2,1,9,00,2,0,19,201100041914A01,10,1,1
201100041917,2011-05-29,2011,mai,dimanche,20:25,78,78362,48.9763,1.70335,2,1,6,1,1,4,2,02,1,1,000,000,1,0,1,3,1,16,0,1,2,00,0,0,0,201100041917B01,7,0,1
201100041941,2011-12-14,2011,décembre,mercredi,18:50,78,78362,0,0,2,1,2,4,1,3,2,02,1,1,000,000,1,0,1,4,2,60,3,1,9,00,0,4,1,201100041941B01,10,1,1
201100041987,2011-03-26,2011,mars,samedi,12:30,78,78609,49.0181,1.91253,2,3,3,1,1,4,2,02,1,1,000,000,1,0,1,4,1,53,0,1,2,00,2,8,0,201100041987B01,7,0,1
201100041996,2011-05-13,2011,mai,vendredi,18:15,78,78029,48.9568,1.86263,2,1,1,1,7,4,1,01,1,1,000,000,1,0,1,4,1,10,5,1,9,00,2,1,1,201100041996B01,7,1,1
201100042017,2011-07-20,2011,juillet,mercredi,95:0,78,78401,0,0,2,3,3,1,1,3,-1,01,-1,-1,000,000,-1,0,1,3,1,60,0,1,2,00,0,0,0,201100042017B01,7,0,1
201100042037,2011-09-24,2011,septembre,samedi,16:50,78,78401,0,0,2,3,3,1,1,4,,,,,,,,,,4,1,14,5,1,2,00,2,7,19,201100042037B01,7,1,1
201100042089,2011-05-19,2011,mai,jeudi,21:10,78,78674,48.83,1.99578,2,6,3,1,1,3,2,02,1,1,000,000,1,5,1,3,2,31,5,1,9,00,2,0,0,201100042089B01,7,9,1
201100042096,2011-07-07,2011,juillet,jeudi,20:45,78,78674,0,0,2,1,6,1,1,4,1,01,2,1,000,000,1,0,4,4,1,55,0,1,9,00,0,1,14,201100042096A01,,,
201100042111,2011-12-05,2011,décembre,lundi,17:15,78,78490,0,0,2,2,3,5,2,3,2,02,1,1,000,069,1,0,1,3,1,14,0,1,9,00,2,7,19,201100042111B01,7,1,1
201100042152,2011-08-21,2011,août,dimanche,94:5,78,78624,0,0,2,3,1,1,1,3,2,02,2,3,000,000,2,0,1,3,1,32,0,1,2,00,2,1,13,201100042152A01,7,1,1
201100042154,2011-08-31,2011,août,mercredi,85:0,78,78498,0,0,2,2,3,1,1,4,2,02,1,1,000,074,1,0,1,3,1,54,1,1,2,00,2,1,15,201100042154A01,7,1,1
201100042155,2011-09-14,2011,septembre,mercredi,93:5,78,78624,0,0,2,1,2,1,1,4,2,02,1,1,000,050,1,0,1,4,1,62,5,1,2,00,2,4,2,201100042155B01,7,1,1
201100042165,2011-11-16,2011,novembre,mercredi,17:35,78,78123,0,0,2,1,6,5,1,3,2,02,1,1,000,000,1,0,1,4,1,21,0,1,2,00,2,0,2,201100042165A01,7,2,1
201100042171,2011-12-22,2011,décembre,jeudi,19:10,78,78123,0,0,2,1,3,5,1,4,2,02,1,1,000,000,2,0,1,4,1,13,5,1,2,00,2,7,9,201100042171B01,7,15,1
201100042179,2011-04-17,2011,avril,dimanche,18:30,78,78498,48.9379,2.05582,2,1,3,1,1,4,-1,02,1,1,000,000,1,0,0,4,1,11,5,1,2,00,2,0,0,201100042179B01,31,0,1
201100042182,2011-04-23,2011,avril,samedi,20:15,78,78642,48.992,1.96128,2,1,3,2,1,4,2,02,1,1,000,059,1,0,1,4,1,27,5,1,2,08,0,8,2,201100042182B01,7,2,1
201100042194,2011-09-21,2011,septembre,mercredi,19:20,78,78123,0,0,2,7,6,5,1,4,-1,00,1,1,000,000,1,6,0,4,1,8,5,1,2,00,2,1,0,201100042194B01,30,0,1
201100042215,2011-05-12,2011,mai,jeudi,13:05,78,78517,48.65,1.85051,2,3,1,1,1,4,1,01,1,1,000,040,1,0,1,4,1,11,2,1,9,00,2,1,5,201100042215A01,7,15,1
201100042239,2011-03-14,2011,mars,lundi,17:12,78,78545,48.8044,2.07174,2,2,3,1,1,4,-1,00,-1,-1,000,000,-1,0,0,3,1,18,2,1,2,00,2,1,19,201100042239A01,7,1,1
201100042241,2011-04-27,2011,avril,mercredi,16:40,78,78545,48.7935,2.06339,1,1,3,1,1,3,2,02,1,1,000,070,1,0,1,3,1,17,5,1,2,00,2,8,19,201100042241A01,7,1,1
201100042266,2011-05-05,2011,mai,jeudi,90:5,78,78551,48.7254,1.8924,2,3,3,1,1,2,3,04,1,1,000,112,1,0,1,4,2,48,2,1,9,00,2,7,1,201100042266B01,7,16,1
201100042282,2011-12-13,2011,décembre,mardi,84:5,78,78481,0,0,2,1,3,1,3,4,2,02,1,1,000,000,2,0,1,4,2,19,2,1,9,00,2,8,1,201100042282B02,7,1,1
201100042288,2011-01-02,2011,janvier,dimanche,10:15,78,78586,48.9474,2.17104,2,6,3,1,1,4,2,02,4,2,000,000,1,5,1,3,2,60,5,1,9,00,2,1,1,201100042288B01,7,9,1
201100042291,2011-02-27,2011,février,dimanche,14:50,78,78586,48.9457,2.19449,2,3,3,1,1,4,2,02,1,1,000,048,1,0,1,3,2,9,0,1,9,00,2,8,19,201100042291B01,7,15,1
201100042311,2011-09-09,2011,septembre,vendredi,17:30,78,78586,0,0,2,3,1,1,7,4,2,02,1,1,000,042,1,0,1,4,1,15,5,1,9,00,2,1,5,201100042311A01,7,1,1
201100042340,2011-10-03,2011,octobre,lundi,11:00,78,78621,0,0,2,3,1,1,1,3,3,02,-1,-1,000,000,1,0,1,4,1,58,5,1,2,00,2,1,5,201100042340B01,7,1,1
201100042347,2011-02-17,2011,février,jeudi,13:40,78,78686,48.7989,2.1589,2,3,3,1,1,3,2,04,1,1,000,120,1,0,1,4,1,65,5,1,2,00,2,8,1,201100042347B01,7,1,1
201100042369,2011-06-08,2011,juin,mercredi,18:00,78,78686,0,0,2,4,6,1,1,3,2,02,2,1,000,070,1,0,1,4,1,23,1,1,2,00,1,1,1,201100042369A01,,,
201100042395,2011-03-28,2011,mars,lundi,16:20,78,78158,48.8168,2.13652,1,2,3,1,1,4,2,02,1,1,000,100,1,0,1,4,2,60,5,1,2,00,2,1,1,201100042395B01,7,15,1
201100042406,2011-05-15,2011,mai,dimanche,10:10,78,78117,48.7756,2.12689,2,3,3,1,1,4,2,02,1,1,000,040,1,0,1,4,1,22,5,1,2,00,2,1,1,201100042406B01,7,15,1
201100042407,2011-05-15,2011,mai,dimanche,10:15,78,78117,48.7766,2.12965,2,3,6,1,1,3,2,02,1,1,000,080,1,0,1,3,1,52,5,1,2,00,1,1,1,201100042407A01,,,
201100042408,2011-05-16,2011,mai,lundi,83:0,78,78524,48.8362,2.10057,1,1,2,1,1,3,3,04,1,1,000,000,1,0,1,3,1,38,1,1,2,00,2,1,2,201100042408A01,7,1,1
201100042433,2011-09-15,2011,septembre,jeudi,15:05,78,78646,0,0,2,3,3,1,1,4,,,,,,,,,,4,2,45,5,1,2,00,2,4,13,201100042433B01,37,13,1
201100042439,2011-10-10,2011,octobre,lundi,85:5,78,78646,0,0,2,1,6,1,1,4,3,04,1,1,000,000,2,0,1,3,1,38,1,1,2,00,1,1,1,201100042439A01,,,
201100042452,2011-06-22,2011,juin,mercredi,10:30,78,78146,0,0,2,2,3,1,3,3,3,04,1,1,,,1,,,4,2,13,2,1,2,00,2,1,19,201100042452B01,13,16,1
201100042474,2011-03-09,2011,mars,mercredi,16:05,79,79191,0,0,2,1,7,1,1,3,2,02,1,1,000,090,1,0,1,3,1,18,0,1,4,00,0,0,0,201100042474A01,,,
201100042485,2011-05-23,2011,mai,lundi,65:5,79,79191,0,0,2,1,2,1,1,4,1,02,1,1,000,090,1,0,1,4,2,20,1,1,4,00,2,4,0,201100042485B01,7,1,1
201100042495,2011-07-27,2011,juillet,mercredi,93:5,79,79191,0,0,2,1,6,1,8,4,2,02,1,1,000,076,2,0,1,4,1,53,3,1,2,00,2,1,1,201100042495B01,7,24,1
201100042500,2011-09-02,2011,septembre,vendredi,15:00,79,79191,0,0,2,1,3,1,1,3,2,02,1,1,000,079,1,0,1,4,1,10,5,1,2,00,2,7,15,201100042500A01,10,1,1
201100042520,2011-03-12,2011,mars,samedi,95:5,79,79329,0,0,2,6,3,1,8,3,2,02,1,-1,000,070,1,5,1,4,2,65,3,1,9,00,2,1,6,201100042520B01,7,6,1
201100042526,2011-04-07,2011,avril,jeudi,12:10,79,79329,0,0,2,1,6,1,7,4,1,01,2,1,000,074,1,6,1,4,1,21,1,1,9,00,1,1,0,201100042526A01,,,
201100042538,2011-09-28,2011,septembre,mercredi,18:15,79,79329,0,0,2,3,3,1,1,4,2,02,1,1,000,070,1,0,1,4,1,42,5,1,2,00,2,3,15,201100042538A01,7,17,1
201100042609,2011-03-04,2011,mars,vendredi,17:55,80,80021,0,0,2,2,3,1,1,4,1,01,1,1,000,000,1,0,1,4,1,21,5,1,2,00,2,1,5,201100042609A01,7,1,1
201100042625,2011-03-21,2011,mars,lundi,16:50,80,80021,0,0,2,1,3,1,1,4,2,05,1,1,000,000,1,0,1,4,2,27,0,1,9,00,2,0,19,201100042625B01,7,1,1
201100042639,2011-04-07,2011,avril,jeudi,15:30,80,80021,0,0,2,1,6,1,1,4,2,02,1,1,000,000,1,0,1,4,1,89,0,1,9,00,2,1,0,201100042639B01,7,,1
201100042660,2011-04-22,2011,avril,vendredi,73:0,80,80021,0,0,2,2,3,1,1,4,2,02,1,1,000,000,1,0,1,4,1,17,0,1,9,00,2,1,1,201100042660A01,7,1,1
201100042666,2011-05-02,2011,mai,lundi,18:25,80,80131,0,0,1,1,3,1,1,3,2,02,1,1,000,000,1,0,1,4,1,24,0,1,9,00,2,1,1,201100042666B01,7,15,1
201100042669,2011-05-05,2011,mai,jeudi,23:20,80,80021,0,0,2,1,3,5,1,4,2,04,1,1,000,000,1,0,1,4,2,31,0,1,4,00,2,1,10,201100042669A01,7,1,1
201100042671,2011-05-08,2011,mai,dimanche,10:,80,80021,0,0,2,1,3,5,1,4,2,02,1,1,000,000,1,0,1,4,1,16,0,1,4,00,0,0,1,201100042671B01,7,1,1
201100042678,2011-05-14,2011,mai,samedi,14:30,80,80021,0,0,2,1,3,1,1,4,2,02,1,1,000,000,1,0,1,4,2,11,0,1,9,00,2,0,19,201100042678B01,7,1,1
201100042679,2011-05-19,2011,mai,jeudi,12:05,80,80021,0,0,2,1,3,1,1,4,1,01,1,1,000,000,1,0,1,4,2,24,0,1,9,00,2,1,1,201100042679A01,7,1,1
201100042682,2011-05-18,2011,mai,mercredi,21:10,80,80021,0,0,2,2,3,1,1,4,2,02,1,1,000,049,1,0,1,4,1,18,0,1,9,00,2,1,1,201100042682A01,7,16,1
201100042696,2011-06-09,2011,juin,jeudi,19:09,80,80021,0,0,2,1,3,1,1,4,2,02,1,1,000,060,1,0,1,4,1,13,0,1,9,00,2,7,1,201100042696B01,7,1,1
201100042742,2011-07-24,2011,juillet,dimanche,14:50,80,80021,0,0,2,1,2,1,1,4,2,02,1,2,000,060,1,0,1,4,2,45,0,1,9,00,2,4,1,201100042742B01,7,1,1
201100042746,2011-07-22,2011,juillet,vendredi,23:00,80,80021,0,0,2,3,3,5,1,4,2,02,1,1,000,080,1,0,1,3,1,12,0,1,9,00,2,1,1,201100042746A01,7,1,1
201100042749,2011-07-27,2011,juillet,mercredi,21:40,80,80021,0,0,2,1,6,3,1,4,1,01,1,1,000,000,1,0,1,4,2,28,0,1,9,01,0,1,1,201100042749A01,7,24,1
201100042767,2011-08-19,2011,août,vendredi,15:30,80,80021,0,0,2,2,3,1,1,4,2,02,1,3,000,000,1,0,1,4,2,63,5,1,2,01,2,3,1,201100042767B01,7,16,1
201100042773,2011-08-24,2011,août,mercredi,14:45,80,80021,0,0,2,1,2,1,1,4,2,02,1,1,000,000,1,0,1,4,1,9,5,1,9,01,2,4,8,201100042773B01,7,9,1
201100042778,2011-09-05,2011,septembre,lundi,20:50,80,80021,0,0,2,1,6,2,1,4,2,03,1,1,000,000,1,0,5,4,1,18,5,1,9,01,0,1,1,201100042778B01,7,24,1
201100042781,2011-09-06,2011,septembre,mardi,74:5,80,80021,0,0,2,1,6,1,1,4,2,02,1,1,000,000,1,0,4,1,1,14,1,1,9,00,1,1,1,201100042781A01,,,
201100042788,2011-09-15,2011,septembre,jeudi,16:20,80,80021,0,0,2,1,3,1,1,4,2,02,1,1,000,030,1,0,1,4,2,49,5,1,9,00,2,8,1,201100042788B01,7,16,1
201100042801,2011-09-28,2011,septembre,mercredi,16:15,80,80021,0,0,2,1,1,1,1,3,2,05,1,1,000,000,1,0,1,4,1,15,5,1,2,00,2,2,15,201100042801A01,7,1,1
201100042812,2011-10-07,2011,octobre,vendredi,72:0,80,80021,0,0,2,1,3,1,1,4,2,02,2,1,030,070,2,0,1,4,1,29,0,1,9,00,2,1,1,201100042812A01,7,20,1
201100042813,2011-10-07,2011,octobre,vendredi,15:20,80,80021,0,0,2,2,3,1,1,4,2,02,2,1,000,040,1,0,1,4,1,49,0,1,9,00,2,1,1,201100042813A01,7,1,1
201100042820,2011-10-11,2011,octobre,mardi,93:0,80,80021,0,0,2,3,3,1,1,4,2,02,1,1,000,070,1,0,1,4,1,25,9,1,9,00,2,7,1,201100042820B01,7,15,1
201100042822,2011-10-14,2011,octobre,vendredi,85:0,80,80021,0,0,2,1,3,1,7,4,2,02,1,1,000,080,1,0,1,4,1,57,1,1,9,00,2,3,15,201100042822B01,7,17,1
201100042830,2011-10-20,2011,octobre,jeudi,10:10,80,80021,0,0,2,1,3,1,1,4,2,03,1,1,000,000,2,0,1,4,1,18,0,1,9,00,2,4,1,201100042830B01,7,1,1
201100042840,2011-10-27,2011,octobre,jeudi,90:5,80,80021,0,0,2,1,3,1,1,4,2,02,2,1,000,050,1,0,4,4,2,23,1,1,9,00,2,0,1,201100042840B01,7,0,1
201100042846,2011-11-04,2011,novembre,vendredi,18:25,80,80021,0,0,2,1,3,5,1,4,2,02,1,1,000,400,1,0,4,4,2,16,9,1,9,00,2,0,0,201100042846A01,7,0,1
201100042862,2011-11-10,2011,novembre,jeudi,17:50,80,80021,0,0,2,1,1,5,1,4,2,02,2,1,000,070,1,0,1,4,1,16,0,1,2,00,2,1,1,201100042862B01,7,15,1
201100042864,2011-11-15,2011,novembre,mardi,12:40,80,80021,0,0,2,1,1,1,1,4,2,02,2,1,000,060,1,0,1,4,1,15,2,1,9,00,2,1,0,201100042864A01,10,0,1
201100042869,2011-11-18,2011,novembre,vendredi,30:,80,80021,0,0,2,1,6,4,2,4,-1,02,2,1,000,000,2,0,0,4,1,60,0,1,9,00,0,1,1,201100042869A01,,,
201100042919,2011-10-03,2011,octobre,lundi,90:0,81,81060,44.0556,2.15136,2,1,2,1,7,4,2,02,1,1,000,000,1,0,5,2,1,82,3,1,9,12,2,4,1,201100042919B01,7,2,1
201100042948,2011-05-31,2011,mai,mardi,10:10,82,82033,0,0,2,6,3,1,2,3,4,01,1,2,000,000,2,5,1,3,1,89,5,1,9,00,2,1,0,201100042948B01,7,1,1
201100042960,2011-01-21,2011,janvier,vendredi,10:10,82,82121,0,0,2,2,6,1,1,4,2,02,1,1,000,000,1,0,1,4,1,69,5,1,9,00,2,7,0,201100042960B01,10,0,1
201100042970,2011-04-02,2011,avril,samedi,12:45,82,82121,0,0,2,3,6,1,1,4,2,01,4,1,000,000,1,1,1,3,1,43,5,1,9,00,2,1,16,201100042970A01,7,1,1
201100042975,2011-05-07,2011,mai,samedi,14:45,82,82121,0,0,2,6,6,1,3,4,1,01,1,-1,000,000,1,0,1,3,2,52,5,1,9,00,0,5,1,201100042975B01,7,1,1
201100042979,2011-05-18,2011,mai,mercredi,15:50,82,82121,0,0,2,3,2,1,1,4,2,02,1,1,000,000,1,0,1,4,2,46,1,1,9,00,0,6,15,201100042979B01,2,2,1
201100042981,2011-06-08,2011,juin,mercredi,90:5,82,82121,0,0,2,1,7,1,1,4,2,03,1,1,000,000,2,0,1,3,2,56,1,1,9,00,2,0,21,201100042981B01,7,22,1
201100042992,2011-09-05,2011,septembre,lundi,16:55,82,82121,0,0,1,2,3,1,1,3,2,02,1,1,000,000,1,0,1,4,1,39,0,1,2,00,2,1,1,201100042992B01,7,15,1
201100043004,2011-11-13,2011,novembre,dimanche,84:7,82,82121,0,0,2,3,3,1,1,4,2,02,1,1,000,000,1,5,1,4,1,44,5,1,2,00,2,8,1,201100043004B01,7,15,1
201100043025,2011-08-22,2011,août,lundi,19:35,83,83050,0,0,2,4,3,1,1,4,2,02,2,3,000,040,1,0,1,3,1,23,1,1,2,00,2,1,1,201100043025B01,7,15,1
201100043027,2011-08-23,2011,août,mardi,12:10,83,83050,0,0,2,1,2,1,1,4,2,02,2,1,000,000,-1,0,1,3,1,21,5,1,4,01,0,1,2,201100043027A01,10,23,1
201100043035,2011-12-29,2011,décembre,jeudi,11:33,83,83061,0,0,2,6,3,1,1,4,2,02,1,1,000,000,1,0,1,3,1,55,4,1,2,00,2,7,2,201100043035A01,7,2,1
201100043052,2011-05-31,2011,mai,mardi,14:35,83,83061,0,0,1,1,3,1,1,3,2,02,1,1,000,070,1,2,1,3,2,66,5,1,9,12,2,1,1,201100043052A01,7,1,1
201100043071,2011-08-05,2011,août,vendredi,22:50,83,83118,0,0,2,1,3,5,1,4,1,02,1,1,000,057,1,0,1,3,1,12,0,1,9,00,2,8,11,201100043071B01,7,1,1
201100043133,2011-07-03,2011,juillet,dimanche,95:0,83,83129,0,0,2,1,6,1,1,9,2,02,1,4,028,042,1,0,5,3,1,43,5,1,9,09,0,1,1,201100043133A01,,,
201100043162,2011-12-10,2011,décembre,samedi,19:15,83,83123,0,0,2,1,3,3,1,4,2,02,2,1,000,000,1,0,1,4,2,41,1,1,9,00,2,6,0,201100043162B01,7,11,1
201100043186,2011-03-26,2011,mars,samedi,11:05,83,83126,0,0,2,1,7,1,1,4,2,02,1,1,000,000,1,0,1,3,2,61,5,1,2,12,0,1,18,201100043186A01,7,23,1
201100043187,2011-04-02,2011,avril,samedi,19:30,83,83153,0,0,2,1,1,1,1,4,2,02,1,1,000,000,1,0,1,3,1,15,5,1,9,00,2,1,5,201100043187B01,7,1,1
201100043196,2011-06-04,2011,juin,samedi,10:50,83,83126,0,0,2,1,6,1,1,4,2,01,1,1,000,000,1,0,1,1,2,29,5,1,2,00,1,1,2,201100043196A01,,,
201100043198,2011-06-10,2011,juin,vendredi,18:10,83,83126,0,0,2,1,6,1,1,3,3,04,1,1,000,150,1,0,1,4,2,26,5,1,9,00,2,8,0,201100043198B01,7,1,1
201100043207,2011-07-11,2011,juillet,lundi,10:00,83,83126,0,0,2,6,2,1,1,3,2,02,1,2,000,000,-1,5,1,3,1,78,5,1,2,00,2,4,9,201100043207B01,7,0,1
201100043210,2011-08-04,2011,août,jeudi,18:40,83,83126,0,0,2,1,3,1,1,4,2,02,1,1,041,130,1,5,1,3,1,39,3,1,9,00,2,8,8,201100043210A01,7,1,1
201100043211,2011-08-12,2011,août,vendredi,15:40,83,83126,0,0,2,1,7,1,1,4,3,02,1,1,017,037,1,0,5,3,1,18,5,1,9,12,0,1,0,201100043211A01,,,
201100043227,2011-11-26,2011,novembre,samedi,17:15,83,83126,0,0,2,1,3,2,1,4,2,02,1,1,000,047,1,0,1,3,1,13,5,1,2,00,2,3,15,201100043227B01,7,17,1
201100043277,2011-02-18,2011,février,vendredi,12:20,83,83137,0,0,2,1,6,1,1,3,1,03,1,1,000,105,1,0,1,3,1,72,5,1,2,00,2,1,3,201100043277A01,7/ 14,1,2
201100043281,2011-02-17,2011,février,jeudi,17:13,83,83137,0,0,2,1,3,5,2,4,1,03,1,1,000,090,1,0,1,4,1,16,5,1,9,00,2,2,9,201100043281B01,7,1,1
201100043311,2011-04-05,2011,avril,mardi,18:00,83,83062,0,0,2,1,1,1,1,4,2,02,1,1,000,000,1,0,1,4,1,14,5,1,2,00,2,1,1,201100043311B01,7,13,1
201100043337,2011-05-03,2011,mai,mardi,73:0,83,83137,0,0,2,1,3,1,1,4,1,02,1,1,000,000,1,0,1,4,1,24,1,1,9,00,0,0,0,201100043337B01,7,0,1
201100043343,2011-05-11,2011,mai,mercredi,19:45,83,83137,0,0,1,1,1,1,1,3,2,01,2,2,000,035,1,0,1,3,1,38,5,1,2,00,2,1,13,201100043343A01,7,1,1
201100043345,2011-04-30,2011,avril,samedi,19:21,83,83137,0,0,2,1,3,1,1,4,2,02,1,1,000,040,1,0,0,3,2,13,5,1,2,01,0,1,2,201100043345B01,7,24,1
201100043357,2011-05-15,2011,mai,dimanche,13:55,83,83137,0,0,2,1,1,1,1,4,2,02,2,3,000,060,1,0,1,4,1,49,5,1,2,00,0,1,0,201100043357A01,7,23,1
201100043363,2011-05-21,2011,mai,samedi,14:45,83,83144,0,0,1,1,1,1,1,3,2,01,2,3,000,033,1,0,1,3,1,37,5,1,2,00,2,1,0,201100043363B01,7,1,1
201100043373,2011-06-04,2011,juin,samedi,10:28,83,83098,0,0,2,1,1,1,1,4,2,02,1,1,000,022,1,0,5,3,1,60,5,1,2,00,2,1,1,201100043373A01,1,1,1
201100043373,2011-06-04,2011,juin,samedi,10:28,83,83098,0,0,2,1,1,1,1,4,2,02,1,1,000,022,1,0,5,1,2,30,5,1,2,00,2,1,1,201100043373B01,1,1,1
201100043383,2011-06-09,2011,juin,jeudi,23:00,83,83137,0,0,2,1,1,5,1,9,2,02,1,1,000,100,1,0,1,4,1,30,0,1,4,00,2,1,1,201100043383Y01,7,19,1
201100043407,2011-07-18,2011,juillet,lundi,20:45,83,83090,0,0,1,6,3,2,1,9,1,02,4,1,000,060,1,5,1,3,1,48,0,1,4,00,2,8,18,201100043407A01,7,1,1
201100043414,2011-07-26,2011,juillet,mardi,84:5,83,83137,0,0,1,3,6,1,1,4,2,02,2,4,000,060,1,5,1,3,1,63,5,1,2,00,2,1,21,201100043414C01,7,15,1
201100043414,2011-07-26,2011,juillet,mardi,84:5,83,83137,0,0,1,3,6,1,1,4,2,02,2,4,000,060,1,5,1,3,1,66,5,1,2,00,2,1,21,201100043414B01,7,15,1
201100043422,2011-08-06,2011,août,samedi,17:00,83,83137,0,0,2,3,3,1,1,4,2,02,2,1,000,056,1,0,1,3,1,13,5,1,2,00,0,0,0,201100043422A01,10,1,1
201100043453,2011-08-02,2011,août,mardi,16:10,83,83137,0,0,2,1,2,1,1,4,2,01,2,-1,000,086,1,0,1,4,1,28,0,1,9,01,0,1,2,201100043453B01,7,23,1
201100043477,2011-09-20,2011,septembre,mardi,73:0,83,83137,0,0,2,2,3,1,1,4,1,01,1,1,000,055,1,0,1,4,1,42,1,1,9,00,2,2,2,201100043477B01,7,2,1
201100043496,2011-10-24,2011,octobre,lundi,17:00,83,83137,0,0,2,1,6,1,3,3,2,01,1,1,028,056,2,0,1,3,1,48,0,1,9,00,0,2,5,201100043496A01,37,5,1
201100043522,2011-12-09,2011,décembre,vendredi,12:25,83,83098,0,0,2,3,3,1,1,4,2,03,1,1,010,115,1,5,5,4,1,55,5,1,2,00,2,1,1,201100043522B01,7,16,1
201100043525,2011-11-30,2011,novembre,mercredi,94:0,83,83137,0,0,2,3,6,1,1,3,2,00,1,1,000,000,1,0,1,1,1,72,0,1,2,00,1,1,1,201100043525A01,,,
201100043549,2011-01-14,2011,janvier,vendredi,17:15,84,84007,0,0,2,6,4,1,1,4,3,02,1,1,000,030,1,0,1,4,1,80,5,1,9,00,2,5,2,201100043549C01,7,2,2
201100043580,2011-08-08,2011,août,lundi,13:53,84,84007,0,0,2,1,2,1,1,4,2,06,1,1,015,140,1,0,1,4,2,17,5,1,2,00,0,4,13,201100043580A01,7,2,1
201100043585,2011-09-21,2011,septembre,mercredi,14:30,84,84007,0,0,2,1,3,1,1,2,3,04,3,1,015,080,1,2,1,3,1,69,5,1,2,00,0,8,13,201100043585A01,33,13,1
201100043593,2011-03-01,2011,mars,mardi,15:40,84,84031,0,0,2,1,2,1,1,3,1,03,1,1,000,101,1,0,5,4,1,47,1,1,2,00,0,4,1,201100043593B01,7,1,1
201100043619,2011-09-13,2011,septembre,mardi,10:16,84,84035,0,0,2,6,3,1,1,4,2,02,1,1,000,079,1,0,1,3,1,50,3,1,2,00,2,3,1,201100043619B01,7,16,1
201100043633,2011-08-17,2011,août,mercredi,12:00,84,84087,0,0,1,1,5,1,1,3,2,02,1,1,000,071,1,0,1,2,1,74,5,1,2,00,2,1,13,201100043633A01,7,1,1
201100043633,2011-08-17,2011,août,mercredi,12:00,84,84087,0,0,1,1,5,1,1,3,2,02,1,1,000,071,1,0,1,1,1,79,5,1,2,00,0,0,1,201100043633B01,7,1,1
201100043661,2011-09-27,2011,septembre,mardi,20:00,85,85191,46.66534,-1.4253,2,2,3,2,1,4,2,02,1,1,000,045,1,0,1,4,1,19,0,1,9,00,2,9,1,201100043661B01,7,1,1