Num_Acc,date,an,mois,jour,hrmn,dep,com,lat,long,agg,int,col,lum,atm,catr,circ,nbv,prof,plan,lartpc,larrout,surf,infra,situ,grav,sexe,age,trajet,secuexist,equipement,obs,obsm,choc,manv,vehiculeid,typevehicules,manoeuvehicules,numVehicules
201100043669,2011-12-04,2011,décembre,dimanche,14:15,85,85191,46.66091,-1.42573,2,1,3,1,1,4,2,02,1,2,000,080,1,0,1,3,2,46,1,1,9,00,2,8,1,201100043669B01,7,5,1
201100043676,2011-01-03,2011,janvier,lundi,13:00,85,85194,46.49707,-1.78233,2,2,3,1,7,4,4,02,1,1,000,000,1,5,1,3,1,23,0,1,9,00,2,1,1,201100043676B01,7,9,1
201100043684,2011-04-05,2011,avril,mardi,13:20,85,85060,0,0,2,6,3,1,1,3,1,00,1,2,000,000,1,5,1,3,1,62,5,1,9,00,2,1,3,201100043684B01,7,3,1
201100043691,2011-05-30,2011,mai,lundi,16:50,85,85194,46.49362,-1.76948,2,1,6,1,1,4,-1,00,1,-1,000,000,1,0,4,1,1,13,2,1,9,00,1,0,1,201100043691A01,,,
201100043699,2011-06-25,2011,juin,samedi,19:05,85,85194,46.49457,-1.7826,2,1,6,1,1,4,4,02,1,1,000,000,1,0,5,3,1,63,5,1,9,00,1,2,1,201100043699B01,,,
201100043701,2011-07-03,2011,juillet,dimanche,17:30,85,85060,0,0,2,2,3,1,1,3,2,00,1,1,000,000,1,0,1,4,1,33,9,1,9,00,2,3,1,201100043701B01,7,3,1
201100043703,2011-07-10,2011,juillet,dimanche,11:20,85,85194,0,0,2,2,3,1,1,3,2,02,1,1,000,000,1,0,1,4,2,29,5,1,9,00,2,8,1,201100043703B01,7,16,1
201100043708,2011-08-09,2011,août,mardi,11:00,85,85194,0,0,2,1,6,1,1,3,1,02,1,2,000,000,1,0,1,3,1,77,5,1,9,00,2,0,12,201100043708B01,7,1,1
201100043712,2011-09-01,2011,septembre,jeudi,11:45,85,85194,0,0,2,1,6,1,1,3,2,00,1,1,000,000,1,0,1,4,1,68,5,1,9,01,0,3,1,201100043712B01,7,22,1
201100043713,2011-08-31,2011,août,mercredi,17:40,85,85194,46.4999,-1.78522,2,4,3,1,1,4,3,00,1,1,000,000,1,0,1,4,2,55,5,1,9,00,2,8,1,201100043713B01,7,16,1
201100043715,2011-09-23,2011,septembre,vendredi,84:0,85,85194,46.49949,-1.79893,2,1,2,1,1,4,2,00,1,1,000,000,1,0,1,3,2,48,5,1,9,00,2,1,1,201100043715B01,15,4,1
201100043739,2011-07-03,2011,juillet,dimanche,21:10,86,86066,0,0,2,2,2,2,1,4,1,01,1,1,000,045,1,0,1,4,1,7,5,1,9,00,2,1,1,201100043739B01,7,4,1
201100043766,2011-02-06,2011,février,dimanche,17:20,86,86194,0,0,2,2,3,2,1,4,2,02,1,1,000,000,1,5,1,4,1,24,5,1,2,00,2,1,1,201100043766B01,7,15,1
201100043800,2011-04-23,2011,avril,samedi,14:45,86,86158,0,0,2,2,3,1,1,4,2,02,2,1,000,070,9,0,1,3,1,15,5,1,9,00,2,3,1,201100043800A01,7,1,1
201100043805,2011-05-04,2011,mai,mercredi,17:35,86,86194,0,0,2,2,3,1,1,4,2,02,3,1,000,070,1,5,1,4,1,9,5,1,2,00,2,1,9,201100043805A01,7,1,1
201100043811,2011-06-03,2011,juin,vendredi,31:0,86,86194,0,0,2,1,6,5,1,4,2,02,2,1,000,060,1,0,1,3,1,21,5,1,4,00,2,4,1,201100043811B01,7,21,1
201100043817,2011-06-15,2011,juin,mercredi,15:40,86,86194,0,0,2,1,7,1,1,4,3,04,2,3,018,142,1,0,1,4,1,55,5,1,2,12,0,0,18,201100043817A01,,,
201100043862,2011-09-27,2011,septembre,mardi,18:40,86,86194,0,0,2,1,5,1,1,4,2,04,1,1,000,117,1,0,1,4,1,21,9,1,9,00,2,7,19,201100043862A01,10/ 33,1,2
201100043885,2011-11-17,2011,novembre,jeudi,21:15,86,86194,0,0,2,1,7,5,1,4,2,04,1,1,000,164,1,0,0,3,1,40,0,1,9,00,0,0,0,201100043885A01,,,
201100043941,2011-02-04,2011,février,vendredi,18:32,87,87085,0,0,2,1,2,5,1,4,1,01,-1,1,000,030,1,0,1,4,2,24,5,1,2,00,2,1,1,201100043941B01,7,4,1
201100043953,2011-02-10,2011,février,jeudi,13:44,87,87075,45.8208,1.20822,1,9,3,1,1,3,2,02,-1,1,000,060,1,0,1,4,1,62,5,1,2,00,2,1,1,201100043953B01,7,9,1
201100043974,2011-03-12,2011,mars,samedi,18:57,87,87085,0,0,2,1,7,1,1,4,2,02,-1,1,000,060,1,0,1,3,1,22,5,1,2,00,0,0,0,201100043974A01,,,
201100043985,2011-03-24,2011,mars,jeudi,17:06,87,87075,45.7825,1.20103,1,3,3,1,1,2,2,03,-1,-1,000,060,1,0,1,4,1,48,5,1,2,00,2,1,1,201100043985B01,7,15,1
201100044014,2011-04-16,2011,avril,samedi,10:52,87,87085,0,0,2,1,6,1,1,4,2,02,1,1,000,060,1,0,1,4,2,73,5,1,2,16,0,1,2,201100044014A01,,,
201100044022,2011-04-26,2011,avril,mardi,16:22,87,87085,0,0,2,1,3,1,1,4,2,02,-1,1,000,060,1,0,1,3,1,61,5,1,2,00,2,1,1,201100044022B01,7,10,1
201100044047,2011-05-23,2011,mai,lundi,18:26,87,87085,0,0,2,2,3,1,1,4,2,02,1,1,000,060,1,0,1,4,1,63,5,1,2,00,2,1,2,201100044047B01,7,2,1
201100044058,2011-05-31,2011,mai,mardi,13:17,87,87085,0,0,2,1,6,1,1,4,2,02,1,1,000,060,1,0,1,4,1,15,5,1,9,16,0,1,2,201100044058A01,,,
201100044066,2011-06-07,2011,juin,mardi,17:16,87,87085,0,0,2,9,6,1,2,4,2,02,-1,1,000,060,2,0,1,3,1,13,5,1,2,00,2,1,15,201100044066A01,7,1,1
201100044097,2011-07-06,2011,juillet,mercredi,17:03,87,87085,0,0,2,1,6,1,1,4,2,03,2,1,000,090,1,0,1,4,1,63,5,1,2,16,0,1,2,201100044097A01,,,
201100044111,2011-07-28,2011,juillet,jeudi,20:51,87,87085,0,0,2,1,6,1,1,4,2,02,1,1,000,060,1,0,1,4,1,20,5,1,1,16,2,1,2,201100044111A01,,,
201100044165,2011-09-26,2011,septembre,lundi,13:34,87,87085,0,0,2,1,2,1,1,4,2,02,-1,1,000,060,1,0,1,4,1,18,5,1,2,00,2,1,2,201100044165A01,10,23,1
201100044168,2011-09-28,2011,septembre,mercredi,83:8,87,87085,0,0,2,1,6,1,1,4,2,02,-1,1,000,060,1,0,1,4,1,58,5,1,2,00,2,1,2,201100044168C01,10,17,1
201100044168,2011-09-28,2011,septembre,mercredi,83:8,87,87085,0,0,2,1,6,1,1,4,2,02,-1,1,000,060,1,0,1,4,1,65,5,1,2,00,2,8,1,201100044168B01,10,17,1
201100044176,2011-10-05,2011,octobre,mercredi,20:46,87,87048,0,0,1,1,7,2,1,4,2,02,-1,1,000,060,1,0,3,4,1,36,5,1,2,16,0,0,1,201100044176A01,,,
201100044186,2011-10-16,2011,octobre,dimanche,11:34,87,87085,0,0,2,1,6,1,1,4,2,02,-1,1,000,060,1,0,1,4,2,32,5,1,2,01,0,1,1,201100044186B01,7,24,1
201100044258,2011-04-09,2011,avril,samedi,12:45,88,88160,48.19064,6.45035,2,3,1,1,1,4,2,01,2,2,054,042,1,0,0,4,1,13,5,1,2,00,2,1,15,201100044258A01,7,1,1
201100044260,2011-04-27,2011,avril,mercredi,21:15,88,88160,48.16983,6.44434,2,1,1,5,8,4,1,01,2,1,000,056,1,0,1,3,1,18,5,1,4,00,2,1,5,201100044260A01,7,1,1
201100044287,2011-03-24,2011,mars,jeudi,16:10,88,88424,48.27413,6.98184,2,1,3,1,7,4,2,02,1,1,000,041,1,0,1,4,1,44,1,1,2,00,2,1,1,201100044287B01,7,4,1
201100044337,2011-02-16,2011,février,mercredi,14:20,89,89387,0,0,2,1,6,1,1,4,1,02,1,1,000,078,1,0,1,4,2,52,5,1,9,01,0,1,1,201100044337B01,7,24,1
201100044339,2011-02-24,2011,février,jeudi,74:5,89,89387,0,0,2,6,3,1,1,4,1,02,1,2,000,076,1,0,1,4,1,27,1,1,9,00,2,5,1,201100044339B01,7,1,1
201100044341,2011-03-06,2011,mars,dimanche,95:5,89,89387,0,0,2,1,2,1,1,4,2,02,1,1,000,060,1,0,1,4,1,11,5,1,2,00,0,4,15,201100044341B01,7,17,1
201100044372,2011-01-28,2011,janvier,vendredi,18:40,90,90008,0,0,2,1,7,5,9,4,1,01,-1,-1,000,050,-1,0,5,4,1,48,0,1,4,00,0,1,0,201100044372A01,,,
201100044377,2011-02-09,2011,février,mercredi,16:28,90,90008,0,0,2,6,3,1,1,3,2,02,2,1,000,083,1,5,1,4,1,72,5,1,2,00,2,6,19,201100044377B01,7,9,1
201100044392,2011-03-15,2011,mars,mardi,16:54,90,90010,0,0,2,1,3,1,7,3,1,01,1,1,000,000,1,0,1,4,1,16,5,1,2,00,1,0,2,201100044392B01,7,2,1
201100044407,2011-04-10,2011,avril,dimanche,16:20,90,90075,0,0,2,1,6,1,1,4,2,02,-1,-1,000,000,-1,0,3,4,1,90,9,1,9,13,0,0,0,201100044407A01,,,
201100044410,2011-04-16,2011,avril,samedi,15:55,90,90032,0,0,2,1,2,1,1,3,-1,01,1,1,000,060,1,0,1,4,1,17,5,1,2,00,2,1,1,201100044410A01,7,23,1
201100044412,2011-04-19,2011,avril,mardi,11:50,90,90010,0,0,2,3,3,1,1,3,2,01,1,1,000,000,1,0,1,4,1,68,9,1,2,00,2,8,2,201100044412B01,7,2,1
201100044417,2011-04-26,2011,avril,mardi,19:00,90,90075,0,0,2,1,1,1,1,4,2,01,1,3,000,000,1,0,1,4,1,13,0,1,9,00,2,1,1,201100044417B01,7,1,1
201100044438,2011-06-01,2011,juin,mercredi,19:45,90,90099,0,0,2,1,6,1,1,4,-1,01,1,1,000,060,1,0,1,4,1,16,5,1,9,00,2,7,1,201100044438B01,7,1,1
201100044438,2011-06-01,2011,juin,mercredi,19:45,90,90099,0,0,2,1,6,1,1,4,-1,01,1,1,000,060,1,0,1,4,1,16,5,1,9,00,2,7,1,201100044438B01,7,1,1
201100044441,2011-06-05,2011,juin,dimanche,21:00,90,90010,0,0,2,1,7,1,1,4,-1,02,1,1,000,050,1,0,1,3,1,13,5,1,9,00,0,0,1,201100044441A01,,,
201100044459,2011-07-16,2011,juillet,samedi,17:57,90,90099,0,0,2,1,7,1,1,3,2,02,1,1,000,050,1,0,1,4,1,14,5,1,9,00,0,0,1,201100044459A01,,,
201100044469,2011-08-11,2011,août,jeudi,18:39,90,90010,0,0,2,9,6,1,1,3,-1,00,1,-1,000,000,2,6,4,1,2,11,5,1,9,00,1,1,1,201100044469A01,,,
201100044469,2011-08-11,2011,août,jeudi,18:39,90,90010,0,0,2,9,6,1,1,3,-1,00,1,-1,000,000,2,6,4,4,2,5,5,1,9,00,1,1,1,201100044469A01,,,
201100044472,2011-08-15,2011,août,lundi,15:20,90,90010,0,0,2,2,3,1,2,3,3,02,1,1,000,098,2,0,5,4,1,49,5,1,9,00,2,1,1,201100044472B01,7,9,1
201100044480,2011-09-14,2011,septembre,mercredi,11:15,90,90099,0,0,2,1,1,1,1,9,2,02,1,4,000,025,1,0,5,4,2,58,5,1,2,00,2,1,13,201100044480A01,1,13,1
201100044480,2011-09-14,2011,septembre,mercredi,11:15,90,90099,0,0,2,1,1,1,1,9,2,02,1,4,000,025,1,0,5,1,2,36,5,1,2,00,2,1,13,201100044480B01,1,13,1
201100044485,2011-09-16,2011,septembre,vendredi,17:25,90,90010,0,0,2,9,3,1,1,4,-1,02,2,1,000,000,1,0,1,4,1,37,5,1,2,00,0,7,0,201100044485A01,7,9,1
201100044488,2011-09-21,2011,septembre,mercredi,22:16,90,90010,0,0,2,1,7,3,1,9,-1,00,2,1,000,030,1,6,4,4,1,22,5,1,9,00,0,1,1,201100044488A01,,,
201100044493,2011-10-08,2011,octobre,samedi,13:00,90,90010,0,0,2,1,6,1,2,4,1,01,1,1,000,000,2,0,1,1,1,41,0,1,9,00,1,1,1,201100044493A01,,,
201100044501,2011-11-02,2011,novembre,mercredi,11:35,90,90010,0,0,2,3,2,1,1,3,2,02,1,1,000,000,1,2,1,3,2,54,5,1,2,00,2,1,1,201100044501B01,7,10,1
201100044524,2011-12-07,2011,décembre,mercredi,20:05,90,90075,0,0,2,1,3,5,2,3,2,02,1,1,000,060,2,0,1,3,2,27,0,1,9,00,2,3,1,201100044524B01,38,2,1
201100044529,2011-12-13,2011,décembre,mardi,14:01,90,90010,0,0,2,3,3,1,2,4,2,02,1,2,000,000,2,0,1,4,1,34,9,1,2,00,2,1,1,201100044529B01,7,15,1
201100044532,2011-12-18,2011,décembre,dimanche,14:45,90,90008,0,0,2,6,3,1,2,3,2,02,1,1,000,080,2,0,1,3,2,20,5,1,2,00,2,7,0,201100044532B01,7,9,1
201100044546,2011-01-07,2011,janvier,vendredi,22:30,91,91103,0,0,1,1,2,3,1,3,3,04,1,1,000,000,1,0,1,2,1,40,5,1,2,00,2,9,2,201100044546B01,7,1,1
201100044575,2011-04-07,2011,avril,jeudi,11:11,91,91339,0,0,1,1,3,1,1,2,3,04,1,1,005,025,1,0,1,4,1,40,0,1,2,00,2,5,1,201100044575B01,7,15,1
201100044583,2011-04-22,2011,avril,vendredi,15:50,91,91103,0,0,2,1,3,1,1,3,3,04,1,1,000,000,1,0,1,4,1,27,9,1,2,00,2,8,1,201100044583A01,7,1,1
201100044584,2011-04-23,2011,avril,samedi,19:35,91,91103,0,0,2,1,6,3,1,4,2,02,1,1,000,000,1,0,4,1,1,18,9,1,2,00,1,1,1,201100044584A01,,,
201100044623,2011-10-05,2011,octobre,mercredi,17:20,91,91103,0,0,2,1,3,1,1,4,2,02,1,1,000,025,1,0,5,4,1,37,0,1,2,00,2,4,14,201100044623B01,7,1,1
201100044630,2011-10-14,2011,octobre,vendredi,20:30,91,91339,0,0,1,1,3,5,1,2,3,04,1,1,005,025,1,0,1,4,1,70,9,1,9,00,2,8,13,201100044630A01,7,1,1
201100044632,2011-10-17,2011,octobre,lundi,18:05,91,91552,0,0,2,3,3,1,1,4,2,02,1,1,000,025,1,0,1,4,2,12,0,1,8,00,2,1,16,201100044632B01,7,15,1
201100044645,2011-12-14,2011,décembre,mercredi,12:35,91,91103,0,0,2,1,1,1,1,4,1,01,1,1,000,025,1,0,1,3,1,11,5,1,8,00,2,0,15,201100044645A01,7,1,1
201100044647,2011-12-22,2011,décembre,jeudi,14:50,91,91347,0,0,2,1,1,1,1,4,1,01,1,1,000,025,2,0,0,4,1,16,0,1,8,00,2,1,5,201100044647A01,7,1,1
201100044684,2011-04-12,2011,avril,mardi,16:40,91,91097,0,0,2,1,2,1,1,4,2,02,1,3,020,020,1,0,1,4,1,39,0,1,2,00,2,1,1,201100044684A01,7,23,1
201100044685,2011-04-18,2011,avril,lundi,18:10,91,91114,0,0,2,1,3,1,1,4,2,02,1,1,020,020,1,0,0,4,2,16,0,1,2,00,2,7,1,201100044685B01,30,1,1
201100044735,2011-02-26,2011,février,samedi,17:58,91,91174,0,0,2,1,6,1,1,4,1,01,-1,-1,000,000,-1,0,4,4,1,23,0,1,2,00,1,1,1,201100044735A01,,,
201100044749,2011-06-15,2011,juin,mercredi,13:45,91,91174,0,0,2,9,3,1,1,2,2,02,1,1,000,000,1,0,1,4,1,16,5,1,2,00,2,1,15,201100044749A01,7,1,1
201100044752,2011-06-17,2011,juin,vendredi,23:25,91,91174,0,0,2,1,3,5,6,3,2,02,3,2,000,000,1,0,1,4,1,24,1,1,4,00,2,7,1,201100044752A01,7,1,1
201100044761,2011-11-25,2011,novembre,vendredi,10:30,91,91657,0,0,2,2,3,1,1,4,2,02,1,1,000,000,1,0,1,4,2,17,2,1,9,00,2,1,1,201100044761B01,7,19,1
201100044768,2011-12-22,2011,décembre,jeudi,13:10,91,91201,0,0,2,1,3,1,1,3,2,02,1,1,000,000,1,6,1,4,2,12,5,1,2,00,2,7,19,201100044768B01,7,1,1
201100044771,2011-02-08,2011,février,mardi,17:35,91,91657,0,0,2,2,3,1,8,4,2,02,1,1,000,000,2,0,1,3,1,13,5,1,2,00,2,1,1,201100044771A01,7,1,1
201100044779,2011-04-08,2011,avril,vendredi,13:30,91,91657,0,0,2,1,3,1,1,4,2,02,1,1,000,000,1,0,1,4,1,13,5,1,4,00,2,7,0,201100044779B01,7,1,1
201100044784,2011-04-18,2011,avril,lundi,18:25,91,91657,0,0,2,1,3,1,1,4,2,02,1,1,000,000,1,0,1,4,2,9,5,1,9,00,2,1,19,201100044784B01,7,1,1
201100044795,2011-05-25,2011,mai,mercredi,16:10,91,91201,0,0,2,3,3,1,1,4,2,02,-1,-1,000,000,-1,0,1,4,2,54,5,1,2,00,2,8,0,201100044795B01,7,15,1
201100044804,2011-05-08,2011,mai,dimanche,13:5,91,91657,0,0,2,1,2,4,1,4,2,02,1,1,000,000,1,0,1,4,1,20,5,1,9,00,2,4,1,201100044804A01,7,1,1
201100044810,2011-05-28,2011,mai,samedi,18:25,91,91201,0,0,2,1,3,1,1,4,2,02,-1,-1,000,000,-1,0,1,4,1,12,5,1,2,00,2,8,0,201100044810B01,7,1,1
201100044813,2011-07-07,2011,juillet,jeudi,10:55,91,91201,0,0,2,1,5,1,1,3,3,02,1,1,000,000,1,0,1,3,1,42,5,1,9,00,2,1,1,201100044813B01,7,1/22,2
201100044815,2011-07-01,2011,juillet,vendredi,18:45,91,91201,0,0,2,2,3,1,1,3,2,02,2,1,000,000,1,0,1,4,1,12,5,1,9,00,2,1,1,201100044815A01,10,1,1
201100044851,2011-01-16,2011,janvier,dimanche,14:50,91,91223,0,0,2,3,3,1,1,4,2,02,1,1,000,000,1,0,1,4,1,6,9,1,2,00,2,7,1,201100044851B01,7,1,1
201100044871,2011-04-19,2011,avril,mardi,19:00,91,91223,0,0,2,1,3,1,1,3,2,02,1,1,000,000,1,0,1,4,1,12,5,1,2,00,2,1,1,201100044871B01,10,14,1
201100044873,2011-05-01,2011,mai,dimanche,12:15,91,91223,0,0,2,1,2,1,1,3,-1,02,1,1,000,000,1,0,1,4,2,18,5,1,2,00,2,1,1,201100044873A01,10,2,1
201100044875,2011-05-11,2011,mai,mercredi,10:30,91,91223,0,0,2,1,3,1,1,3,1,01,1,2,000,000,1,0,1,4,1,66,5,1,2,00,2,4,1,201100044875B01,10,9,1
201100044900,2011-07-24,2011,juillet,dimanche,16:00,91,91223,0,0,2,1,1,1,1,4,2,02,2,2,000,000,1,0,1,4,1,7,5,1,8,00,2,1,1,201100044900B01,7,23,1
201100044906,2011-08-31,2011,août,mercredi,18:10,91,91223,0,0,2,1,3,1,1,4,2,02,1,1,000,000,1,0,1,4,1,18,0,1,2,00,2,8,1,201100044906B01,10,1,1
201100044934,2011-11-18,2011,novembre,vendredi,19:05,91,91223,0,0,2,1,7,1,1,4,2,02,1,1,000,000,1,0,1,4,2,59,0,1,4,00,0,0,0,201100044934A01,,,
201100044984,2011-12-18,2011,décembre,dimanche,92:5,91,91521,0,0,2,1,1,2,1,3,2,02,1,2,000,000,1,0,1,3,1,74,0,1,2,00,2,1,1,201100044984B01,7,1,1
201100045007,2011-06-01,2011,juin,mercredi,75:0,91,91687,0,0,2,3,3,1,1,4,2,02,2,1,000,000,1,0,1,4,1,23,1,1,2,00,2,1,1,201100045007B01,7,1,1
201100045049,2011-09-05,2011,septembre,lundi,83:0,91,91161,0,0,2,3,3,1,1,3,2,02,1,1,000,060,1,0,1,3,1,52,1,1,2,00,2,1,1,201100045049A01,10,9,1
201100045113,2011-07-31,2011,juillet,dimanche,17:45,91,91421,0,0,2,1,3,1,1,3,2,02,1,1,000,070,1,0,1,4,2,41,5,1,2,00,2,8,2,201100045113B01,3,2,1
201100045155,2011-01-10,2011,janvier,lundi,91:5,91,91471,0,0,1,3,2,1,1,4,2,02,1,1,000,000,1,0,1,4,2,34,9,1,2,00,2,4,15,201100045155A01,7,1,1
201100045166,2011-01-21,2011,janvier,vendredi,16:00,91,91645,0,0,2,3,3,1,1,4,2,02,1,1,000,000,-1,0,1,4,2,27,9,1,2,00,2,1,19,201100045166B01,7,15,1
201100045189,2011-03-17,2011,mars,jeudi,16:25,91,91645,0,0,2,1,7,1,1,4,2,02,1,1,000,000,1,0,1,4,1,22,0,1,2,00,2,1,1,201100045189B01,7,1,1
201100045193,2011-03-23,2011,mars,mercredi,16:25,91,91122,0,0,1,1,7,1,1,4,2,02,1,1,000,000,-1,0,1,4,1,15,0,1,2,12,0,1,0,201100045193A01,,,
201100045196,2011-03-31,2011,mars,jeudi,17:15,91,91122,0,0,2,1,7,1,1,4,2,02,1,1,000,000,1,0,1,4,2,52,0,1,2,00,0,0,1,201100045196A01,,,
201100045198,2011-04-02,2011,avril,samedi,17:20,91,91645,0,0,2,1,6,1,1,4,1,01,2,4,000,000,1,0,1,3,1,21,0,1,2,06,0,1,1,201100045198A01,,,
201100045204,2011-04-20,2011,avril,mercredi,80:5,91,91692,0,0,2,1,3,1,1,4,2,02,1,1,000,000,1,0,1,4,1,39,1,1,2,00,2,8,2,201100045204B01,7,17,1
201100045208,2011-04-30,2011,avril,samedi,13:55,91,91122,0,0,2,1,7,1,2,4,2,02,1,1,000,000,1,0,1,4,1,15,0,1,2,00,0,1,1,201100045208A01,,,
201100045209,2011-05-01,2011,mai,dimanche,10:40,91,91064,0,0,2,1,7,1,1,4,1,01,1,1,000,000,1,0,1,4,1,47,0,1,2,00,0,0,1,201100045209A01,,,
201100045214,2011-05-05,2011,mai,jeudi,11:35,91,91064,0,0,2,1,1,1,1,3,2,02,1,1,000,000,1,0,1,3,1,62,5,1,2,00,2,1,1,201100045214A01,7,2,1
201100045217,2011-05-13,2011,mai,vendredi,15:25,91,91471,0,0,2,1,7,1,1,4,2,02,-1,-1,000,000,1,0,1,4,1,35,1,1,2,00,0,1,1,201100045217A01,,,
201100045219,2011-05-19,2011,mai,jeudi,17:25,91,91477,0,0,2,1,7,1,1,4,2,02,1,1,000,000,1,0,1,4,2,70,0,1,2,00,0,1,1,201100045219A01,,,
201100045225,2011-06-01,2011,juin,mercredi,15:45,91,91471,0,0,2,1,7,1,1,4,2,02,-1,-1,000,000,-1,0,1,4,1,52,0,1,2,00,0,1,1,201100045225A01,,,
201100045231,2011-06-22,2011,juin,mercredi,18:40,91,91477,0,0,2,1,3,1,1,4,2,02,1,1,000,000,1,0,1,4,1,44,5,1,2,00,2,1,1,201100045231B01,7,16,1
201100045236,2011-07-06,2011,juillet,mercredi,12:05,91,91471,0,0,2,3,3,1,1,3,2,02,2,1,000,000,1,0,1,4,1,18,4,1,2,00,2,1,1,201100045236A01,7,1,1
201100045247,2011-07-25,2011,juillet,lundi,91:0,91,91477,0,0,2,1,7,1,8,4,2,02,2,1,000,000,1,0,1,4,1,47,0,1,2,00,0,1,16,201100045247A01,,,
201100045254,2011-08-14,2011,août,dimanche,10:20,91,91477,0,0,2,1,7,1,1,3,2,02,1,1,000,000,1,0,1,4,1,45,0,1,2,00,0,1,1,201100045254A01,,,
201100045268,2011-09-21,2011,septembre,mercredi,15:05,91,91692,0,0,2,3,3,1,1,4,2,02,1,1,000,000,1,0,1,4,1,19,5,1,2,00,2,1,15,201100045268B01,7,16,1
201100045273,2011-09-25,2011,septembre,dimanche,16:40,91,91645,0,0,2,1,7,1,1,4,2,02,1,1,000,000,1,0,1,4,1,53,0,1,2,16,0,0,0,201100045273A01,,,
201100045277,2011-09-30,2011,septembre,vendredi,81:5,91,91471,0,0,2,1,3,1,1,4,2,02,1,1,000,000,1,0,1,4,1,58,0,1,2,00,2,1,1,201100045277B01,7,1,1
201100045284,2011-10-19,2011,octobre,mercredi,17:55,91,91471,0,0,2,1,7,1,2,4,1,01,1,1,000,000,2,0,1,4,1,31,0,1,2,00,0,1,1,201100045284A01,,,
201100045286,2011-10-25,2011,octobre,mardi,17:25,91,91692,0,0,2,1,3,1,1,4,2,02,1,1,000,000,1,0,1,3,1,47,5,1,2,00,2,8,2,201100045286B01,7,1,1
201100045289,2011-10-30,2011,octobre,dimanche,15:15,91,91471,0,0,2,3,3,1,1,3,1,02,1,2,000,000,1,5,1,4,1,52,0,1,2,00,2,7,1,201100045289A01,7,1,1
201100045295,2011-11-06,2011,novembre,dimanche,18:10,91,91122,0,0,2,1,6,1,1,4,2,02,1,1,000,000,1,0,5,4,1,34,0,1,2,15,0,0,1,201100045295A01,,,
201100045299,2011-11-16,2011,novembre,mercredi,13:50,91,91692,0,0,2,1,3,1,1,4,2,02,1,1,000,000,1,0,1,4,1,49,0,1,2,00,2,1,1,201100045299B01,7,15,1
201100045301,2011-11-27,2011,novembre,dimanche,10:00,91,91064,0,0,2,1,1,1,1,4,2,02,1,4,000,000,1,0,1,1,1,35,0,1,2,00,2,1,13,201100045301A01,1,1,1
201100045301,2011-11-27,2011,novembre,dimanche,10:00,91,91064,0,0,2,1,1,1,1,4,2,02,1,4,000,000,1,0,1,4,1,56,0,1,2,00,2,1,1,201100045301B01,1,13,1
201100045310,2011-12-12,2011,décembre,lundi,10:50,91,91064,0,0,2,1,1,1,1,4,2,02,1,2,000,000,2,0,1,4,1,53,0,1,2,00,2,1,1,201100045310B01,7,13,1
201100045326,2011-04-04,2011,avril,lundi,90:5,91,91549,0,0,2,6,3,1,1,4,1,02,1,2,000,000,1,0,1,3,2,18,2,1,2,00,2,1,0,201100045326B01,7,0,1
201100045345,2011-08-06,2011,août,samedi,19:35,91,91549,0,0,2,1,6,1,1,4,2,02,1,1,000,000,1,0,1,1,1,45,5,1,2,00,1,1,1,201100045345A01,,,
201100045347,2011-08-11,2011,août,jeudi,11:15,91,91570,0,0,2,1,6,1,1,4,1,01,1,1,000,000,1,0,1,1,1,9,5,1,2,00,1,1,1,201100045347A01,,,
201100045370,2011-01-23,2011,janvier,dimanche,22:50,92,92002,48.7497,2.30431,2,5,3,5,8,3,3,04,1,1,000,000,2,0,1,4,1,61,1,1,2,00,2,3,1,201100045370B01,7,16,1
201100045379,2011-03-20,2011,mars,dimanche,14:25,92,92002,48.7649,2.30609,2,6,3,1,1,3,2,00,2,1,000,128,1,0,0,3,1,53,5,1,2,00,2,0,15,201100045379B01,7,16,1
201100045388,2011-05-29,2011,mai,dimanche,12:00,92,92002,48.7475,2.3038,2,1,2,1,1,3,2,04,1,1,000,151,1,0,1,4,1,51,5,1,2,00,2,1,1,201100045388B01,7,16,1
201100045405,2011-11-14,2011,novembre,lundi,17:55,92,92002,0,0,2,2,3,4,1,3,2,02,1,1,000,133,1,0,1,4,2,15,2,1,9,00,2,7,19,201100045405B01,7,16,1
201100045420,2011-01-14,2011,janvier,vendredi,18:55,92,92009,48.9141,2.27138,2,1,6,4,2,3,1,01,1,1,000,000,2,0,1,4,1,19,5,1,2,00,2,1,2,201100045420A01,7,23,1
201100045441,2011-03-17,2011,mars,jeudi,74:0,92,92004,48.9093,2.29383,2,1,3,2,8,3,3,04,1,1,000,000,1,0,1,4,1,55,1,1,2,00,2,8,18,201100045441A01,14,1,1
201100045467,2011-05-16,2011,mai,lundi,19:45,92,92004,48.925,2.27465,2,1,7,1,1,3,2,02,1,1,000,000,1,0,1,4,1,23,2,1,2,01,0,1,1,201100045467B01,7,24,1
201100045474,2011-05-24,2011,mai,mardi,17:45,92,92004,48.9187,2.31729,2,2,3,1,1,4,2,00,1,1,000,000,1,5,1,4,1,11,3,1,2,00,2,2,1,201100045474B01,30,1,1
201100045477,2011-05-29,2011,mai,dimanche,80:5,92,92004,48.9072,2.28586,2,2,3,1,1,4,2,02,1,1,000,000,1,5,1,4,1,63,5,1,2,00,2,8,1,201100045477B01,7,15,1
201100045481,2011-06-09,2011,juin,jeudi,15:00,92,92004,48.9085,2.27191,2,2,3,1,1,4,1,01,1,1,000,000,1,0,1,4,2,67,5,1,2,00,2,7,1,201100045481B01,10,1,1