Num_Acc,date,an,mois,jour,hrmn,dep,com,lat,long,agg,int,col,lum,atm,catr,circ,nbv,prof,plan,lartpc,larrout,surf,infra,situ,grav,sexe,age,trajet,secuexist,equipement,obs,obsm,choc,manv,vehiculeid,typevehicules,manoeuvehicules,numVehicules
201100045507,2011-08-24,2011,août,mercredi,17:40,92,92004,0,0,2,2,3,1,1,3,2,02,1,1,000,000,1,0,1,4,1,15,5,1,2,00,2,8,15,201100045507A01,30,1,1
201100045512,2011-09-14,2011,septembre,mercredi,19:30,92,92009,0,0,2,1,3,1,1,4,1,01,1,1,000,000,1,0,1,4,2,41,1,1,2,01,0,3,1,201100045512B01,7,22,1
201100045515,2011-09-29,2011,septembre,jeudi,94:5,92,92004,0,0,2,3,3,1,1,3,2,02,1,1,000,000,1,0,1,4,1,33,1,1,2,00,2,7,1,201100045515B01,7,15,1
201100045519,2011-10-03,2011,octobre,lundi,22:10,92,92004,0,0,2,5,3,5,1,3,2,02,1,1,000,000,1,0,1,4,1,17,5,1,9,00,2,3,1,201100045519B01,7,15,1
201100045527,2011-10-13,2011,octobre,jeudi,16:30,92,92004,0,0,2,1,7,1,1,4,1,01,1,1,000,000,1,0,1,4,1,62,9,1,2,01,0,1,1,201100045527B01,,,
201100045557,2011-02-11,2011,février,vendredi,13:45,92,92007,48.7978,2.31746,2,2,3,1,1,3,2,04,1,1,000,120,1,0,1,3,1,14,2,1,9,00,2,3,19,201100045557A01,7,1,1
201100045569,2011-07-19,2011,juillet,mardi,12:00,92,92007,0,0,2,6,3,1,3,3,3,02,2,1,008,092,2,5,1,4,1,57,1,1,9,00,2,8,1,201100045569B01,7,15,1
201100045591,2011-11-29,2011,novembre,mardi,81:5,92,92007,0,0,2,1,3,2,8,4,2,02,1,1,000,070,1,0,1,4,1,52,1,1,9,00,2,1,1,201100045591B01,7,10,1
201100045593,2011-12-06,2011,décembre,mardi,19:30,92,92007,0,0,2,2,3,5,2,3,2,03,1,1,000,120,2,0,1,3,1,51,1,1,9,00,2,8,15,201100045593B01,7,1,1
201100045616,2011-02-15,2011,février,mardi,19:05,92,92012,48.8451,2.23722,2,1,6,5,1,4,2,02,1,1,000,000,1,0,1,1,1,17,3,1,9,00,1,1,1,201100045616A01,,,
201100045620,2011-02-24,2011,février,jeudi,14:25,92,92012,48.8313,2.24482,2,1,3,1,1,4,2,02,1,1,000,000,1,0,1,1,1,26,9,1,9,00,2,8,9,201100045620A01,37,1,1
201100045634,2011-03-18,2011,mars,vendredi,17:15,92,92012,48.8325,2.25332,2,1,3,1,2,4,2,02,1,1,000,000,2,0,1,4,1,39,5,1,9,00,2,8,19,201100045634A01,34,1,1
201100045640,2011-03-26,2011,mars,samedi,15:50,92,92012,48.8382,2.23386,2,1,3,1,1,3,-1,02,1,-1,000,000,1,0,1,4,2,49,5,1,9,01,2,1,1,201100045640B01,7,22,1
201100045640,2011-03-26,2011,mars,samedi,15:50,92,92012,48.8382,2.23386,2,1,3,1,1,3,-1,02,1,-1,000,000,1,0,1,1,2,9,5,1,9,01,2,1,1,201100045640B01,7,22,1
201100045655,2011-04-29,2011,avril,vendredi,22:02,92,92012,48.831,2.25802,2,2,6,2,1,3,1,01,1,1,000,000,1,0,1,4,1,29,9,1,9,00,2,1,1,201100045655B01,7,15,1
201100045664,2011-05-16,2011,mai,lundi,94:5,92,92012,48.8385,2.23213,2,1,3,1,1,4,2,02,1,1,000,000,1,0,1,4,1,14,2,1,9,00,2,6,15,201100045664B01,7,1,1
201100045667,2011-05-23,2011,mai,lundi,17:40,92,92012,48.8334,2.24362,2,1,6,1,1,4,2,02,1,1,000,000,1,0,1,4,1,20,9,1,9,00,2,1,21,201100045667B01,7,22,1
201100045708,2011-08-26,2011,août,vendredi,17:00,92,92012,0,0,2,1,3,1,2,3,1,01,1,1,000,000,1,0,1,4,1,50,5,1,9,01,2,1,1,201100045708B01,7,22,1
201100045721,2011-10-06,2011,octobre,jeudi,84:5,92,92012,0,0,2,1,7,1,2,3,2,02,1,1,000,000,1,0,1,4,1,27,1,1,2,00,2,1,1,201100045721B01,7,22,1
201100045733,2011-10-27,2011,octobre,jeudi,83:0,92,92012,0,0,2,2,3,1,1,4,2,02,1,1,000,000,1,0,1,4,1,40,1,1,9,00,2,3,1,201100045733B01,33,9,1
201100045738,2011-11-06,2011,novembre,dimanche,18:40,92,92012,0,0,2,6,2,5,1,4,1,02,1,2,000,000,1,0,1,4,1,13,5,1,9,00,2,1,2,201100045738A01,7,1,1
201100045740,2011-11-08,2011,novembre,mardi,10:30,92,92012,0,0,2,6,3,1,1,3,2,02,1,1,000,000,1,0,1,4,1,68,1,1,9,00,2,1,2,201100045740B01,7,1,1
201100045761,2011-12-16,2011,décembre,vendredi,18:40,92,92012,0,0,2,2,3,5,1,4,2,02,1,1,000,000,1,0,1,4,2,24,5,1,9,00,2,2,1,201100045761B01,7,1,1
201100045763,2011-12-17,2011,décembre,samedi,12:00,92,92012,0,0,2,7,3,1,1,3,1,02,1,1,000,000,1,0,1,4,1,15,5,1,9,00,2,8,2,201100045763B01,7,2,1
201100045790,2011-05-01,2011,mai,dimanche,13:00,92,92071,48.7758,2.3095,2,1,2,1,1,4,3,01,1,1,020,023,1,0,1,4,1,14,5,1,4,00,2,1,1,201100045790A01,7,4,1
201100045793,2011-05-25,2011,mai,mercredi,14:30,92,92071,48.773,2.31264,2,1,3,1,1,3,3,06,1,1,007,091,1,0,1,4,2,29,1,1,2,00,2,8,19,201100045793B01,7,1,1
201100045797,2011-06-15,2011,juin,mercredi,18:10,92,92071,48.7741,2.28769,2,3,7,1,1,3,2,02,1,1,000,000,1,0,1,1,1,13,9,1,2,00,0,0,19,201100045797B01,33,21,1
201100045887,2011-07-22,2011,juillet,vendredi,19:00,92,92023,0,0,2,1,6,1,1,4,2,02,1,1,000,000,2,0,1,1,1,26,1,1,9,00,1,1,17,201100045887A01,,,
201100045890,2011-08-18,2011,août,jeudi,74:0,92,92023,0,0,2,4,3,1,1,3,3,03,2,1,000,000,1,0,1,4,1,48,1,1,2,00,2,8,1,201100045890B01,7,1,1
201100045899,2011-09-29,2011,septembre,jeudi,84:0,92,92060,0,0,2,1,6,1,1,3,2,02,1,1,000,000,1,0,4,4,1,47,1,1,9,00,1,1,1,201100045899A01,,,
201100045916,2011-11-10,2011,novembre,jeudi,14:30,92,92060,0,0,2,1,6,1,1,3,2,02,1,1,000,000,1,0,1,4,1,40,5,1,9,00,2,1,1,201100045916B01,7,16,1
201100045923,2011-11-22,2011,novembre,mardi,81:0,92,92060,0,0,2,2,3,2,1,3,2,02,1,1,000,000,2,0,1,4,2,34,9,1,9,00,2,8,1,201100045923B01,7,14,1
201100045976,2011-05-12,2011,mai,jeudi,81:0,92,92024,0,0,2,6,3,1,1,3,2,02,1,1,000,000,1,0,0,4,1,23,0,1,2,00,2,7,16,201100045976A01,7,1,1
201100045983,2011-05-26,2011,mai,jeudi,13:55,92,92024,48.9028,2.30587,2,1,3,1,1,4,1,01,1,1,000,000,1,0,1,4,2,42,5,1,2,00,2,1,18,201100045983B01,7,23,1
201100046019,2011-10-04,2011,octobre,mardi,13:15,92,92024,0,0,2,6,6,1,1,3,2,02,1,1,000,000,1,0,1,1,1,20,9,1,2,00,1,1,13,201100046019A01,,,
201100046020,2011-10-05,2011,octobre,mercredi,21:40,92,92024,0,0,2,1,6,5,1,4,2,04,1,1,000,000,1,2,1,3,2,23,1,1,4,00,2,6,11,201100046020B01,34,1,1
201100046059,2011-03-09,2011,mars,mercredi,93:0,92,92025,48.9183,2.24919,2,3,3,1,1,4,2,00,1,1,000,000,1,0,1,4,1,30,9,1,9,00,2,7,2,201100046059B01,7,9,1
201100046070,2011-04-22,2011,avril,vendredi,14:30,92,92025,0,0,2,1,2,1,1,3,2,02,2,1,000,000,1,0,1,4,1,43,1,1,9,00,2,1,2,201100046070A01,7,2,1
201100046073,2011-05-04,2011,mai,mercredi,17:50,92,92025,48.9166,2.25275,2,1,1,1,1,3,2,02,1,1,000,080,1,0,1,4,2,28,9,1,2,00,2,2,15,201100046073A01,30,1,1
201100046108,2011-11-16,2011,novembre,mercredi,85:5,92,92025,0,0,2,1,6,1,1,3,1,00,1,1,000,000,1,0,1,4,1,54,1,1,2,00,2,3,1,201100046108B01,7,1,1
201100046109,2011-11-30,2011,novembre,mercredi,15:20,92,92025,0,0,2,1,2,1,1,3,2,02,1,1,000,120,1,0,1,4,1,14,5,1,9,00,2,4,1,201100046109B01,7,2,1
201100046135,2011-02-23,2011,février,mercredi,23:25,92,92026,48.8969,2.26429,2,4,2,5,9,3,2,05,1,1,000,000,2,0,1,4,1,49,1,1,4,00,2,4,1,201100046135B01,2,9,1
201100046138,2011-03-07,2011,mars,lundi,11:20,92,92026,48.8922,2.25905,2,1,2,1,1,3,1,02,1,1,000,260,1,2,1,4,2,25,1,1,9,00,2,4,1,201100046138B01,13,2,1
201100046146,2011-04-05,2011,avril,mardi,11:30,92,92026,48.8984,2.25543,2,1,3,1,1,4,2,02,1,1,000,000,1,0,1,4,2,25,5,1,4,01,0,7,1,201100046146B01,7,24,1
201100046146,2011-04-05,2011,avril,mardi,11:30,92,92026,48.8984,2.25543,2,1,3,1,1,4,2,02,1,1,000,000,1,0,1,4,1,4,5,1,2,01,0,7,1,201100046146B01,7,24,1
201100046147,2011-04-05,2011,avril,mardi,83:0,92,92026,48.8934,2.25216,2,3,3,1,1,3,3,02,2,1,000,093,1,0,1,4,1,47,1,1,2,00,2,1,1,201100046147B01,7,15,1
201100046148,2011-04-08,2011,avril,vendredi,16:00,92,92026,48.8966,2.26344,2,5,3,1,1,3,1,02,3,2,000,000,1,2,1,3,2,28,9,1,9,00,2,7,5,201100046148A01,7,15,1
201100046155,2011-05-13,2011,mai,vendredi,83:5,92,92026,48.8989,2.2566,2,2,3,1,1,3,2,02,1,1,000,000,1,0,1,4,2,31,1,1,9,00,2,2,15,201100046155B01,7,1,1
201100046162,2011-06-08,2011,juin,mercredi,20:40,92,92026,48.8999,2.23986,2,2,3,2,8,4,-1,00,1,1,900,038,1,0,1,4,1,14,5,1,4,00,2,7,0,201100046162B01,7,0,1
201100046171,2011-06-28,2011,juin,mardi,74:5,92,92026,48.9014,2.25625,1,1,2,1,1,3,2,02,1,1,000,000,1,0,1,4,2,45,1,1,9,00,2,7,1,201100046171B01,7,24,1
201100046179,2011-07-11,2011,juillet,lundi,17:40,92,92026,0,0,2,3,3,1,1,3,2,04,1,1,000,150,1,0,1,4,1,25,1,1,2,00,2,3,16,201100046179B01,7,15,1
201100046201,2011-10-07,2011,octobre,vendredi,13:45,92,92026,0,0,2,2,3,1,1,3,2,02,1,1,000,059,1,0,0,4,1,32,5,1,9,00,2,8,1,201100046201B01,7,15,1
201100046230,2011-03-11,2011,mars,vendredi,25:,92,92035,48.9133,2.25336,2,2,3,5,1,3,2,04,2,1,000,000,1,2,1,4,1,44,1,1,4,00,2,8,1,201100046230B01,7,10,1
201100046262,2011-01-11,2011,janvier,mardi,14:10,92,92036,48.9387,2.25671,2,1,3,1,2,3,2,04,1,1,000,120,2,0,1,4,1,73,5,1,2,00,2,8,15,201100046262A01,7,1,1
201100046300,2011-06-26,2011,juin,dimanche,14:35,92,92036,48.9341,2.31608,2,1,3,1,1,3,2,02,1,1,000,050,1,0,1,4,1,24,1,1,2,00,2,8,1,201100046300B01,7,17,1
201100046301,2011-06-27,2011,juin,lundi,16:30,92,92036,48.9371,2.25868,2,1,6,1,1,3,3,03,1,1,010,080,1,0,1,3,2,36,9,1,9,00,2,7,12,201100046301A01,7,1,1
201100046319,2011-09-20,2011,septembre,mardi,14:45,92,92036,0,0,2,3,3,1,1,3,2,02,1,1,000,080,1,0,1,4,2,32,1,1,2,00,2,1,15,201100046319B01,7,1,1
201100046338,2011-11-25,2011,novembre,vendredi,75:0,92,92036,0,0,2,1,7,2,1,3,2,02,1,1,000,120,1,0,1,4,1,25,1,1,2,01,0,2,14,201100046338A01,10,22,1
201100046355,2011-03-19,2011,mars,samedi,11:15,92,92040,48.8194,2.24263,2,1,7,1,1,3,2,02,2,1,000,065,1,0,1,4,1,79,5,1,2,16,0,0,1,201100046355A01,,,
201100046365,2011-05-20,2011,mai,vendredi,91:0,92,92040,48.8238,2.2742,2,1,3,1,1,4,2,02,2,1,000,080,1,0,1,4,1,18,2,1,2,00,2,1,18,201100046365B01,7,16,1
201100046376,2011-06-29,2011,juin,mercredi,19:40,92,92040,48.823,2.25388,2,1,3,1,1,3,1,03,1,1,000,120,1,0,1,4,1,13,5,1,3,00,2,1,19,201100046376B01,7,1,1
201100046383,2011-08-10,2011,août,mercredi,90:0,92,92040,0,0,2,1,3,1,1,3,1,02,1,1,000,000,1,0,1,4,1,40,1,1,9,00,2,8,15,201100046383B01,31,17,1
201100046384,2011-08-11,2011,août,jeudi,17:35,92,92040,0,0,2,3,3,1,1,3,2,02,1,1,000,000,1,0,1,4,2,30,5,1,9,00,0,1,1,201100046384B01,7,1,1
201100046385,2011-08-24,2011,août,mercredi,95:0,92,92040,0,0,2,1,2,1,1,3,2,02,1,1,000,090,1,0,1,4,2,42,4,1,2,00,2,3,17,201100046385B01,7,17,1
201100046400,2011-10-03,2011,octobre,lundi,16:45,92,92040,0,0,2,1,6,1,1,4,3,04,1,1,000,100,1,0,1,1,1,33,9,1,4,00,1,1,1,201100046400A01,,,
201100046406,2011-10-27,2011,octobre,jeudi,12:20,92,92040,0,0,2,1,2,1,1,4,1,03,1,1,000,080,1,0,1,4,1,21,9,1,3,00,2,1,2,201100046406A01,10,1,1
201100046433,2011-02-15,2011,février,mardi,18:45,92,92044,48.8991,2.29369,2,1,3,5,1,3,1,00,1,1,000,000,1,0,1,4,1,40,1,1,4,00,2,1,1,201100046433B01,14,22,1
201100046440,2011-03-08,2011,mars,mardi,90:0,92,92044,48.8971,2.29241,2,1,3,1,1,4,1,01,1,1,000,000,1,0,1,4,1,47,1,1,4,00,2,1,1,201100046440B01,7,22,1
201100046452,2011-04-27,2011,avril,mercredi,16:40,92,92044,48.8964,2.2915,2,2,6,1,1,4,1,00,1,1,000,000,1,0,1,1,1,49,9,1,4,00,1,7,19,201100046452A01,,,
201100046463,2011-05-13,2011,mai,vendredi,16:50,92,92044,48.8932,2.28537,2,2,3,1,1,4,1,00,1,1,000,000,1,0,1,4,1,69,9,1,9,00,2,8,1,201100046463B01,7,1,1
201100046464,2011-05-31,2011,mai,mardi,10:05,92,92044,48.8889,2.29056,2,3,7,1,1,4,1,00,1,1,000,000,1,0,1,4,2,49,1,1,4,00,9,1,1,201100046464B01,7,22,1
201100046478,2011-06-28,2011,juin,mardi,11:30,92,92044,48.8967,2.29576,2,1,3,1,1,3,1,00,1,1,000,000,1,0,1,4,2,32,5,1,9,00,2,1,1,201100046478B01,7,22,1
201100046494,2011-10-12,2011,octobre,mercredi,14:16,92,92044,0,0,2,1,6,1,1,4,1,01,1,1,000,000,1,0,1,4,2,44,1,1,9,01,0,1,1,201100046494B01,7,22,1
201100046503,2011-11-14,2011,novembre,lundi,14:15,92,92044,0,0,2,7,6,1,1,3,1,00,1,1,000,000,1,0,4,1,2,42,1,1,9,00,1,1,1,201100046503A01,,,
201100046545,2011-08-28,2011,août,dimanche,11:45,92,92048,0,0,2,3,2,1,1,4,2,02,1,1,000,060,1,0,1,4,1,50,5,1,9,00,2,1,1,201100046545A01,7,15,1
201100046550,2011-10-05,2011,octobre,mercredi,17:30,92,92048,0,0,2,1,3,1,1,4,1,01,2,1,000,050,1,0,1,4,1,17,5,1,9,00,2,8,5,201100046550A01,7,9,1
201100046560,2011-11-29,2011,novembre,mardi,16:00,92,92048,0,0,2,1,7,1,1,4,2,02,1,2,000,046,1,0,1,4,1,82,5,1,9,00,0,7,1,201100046560A01,,,
201100046602,2011-04-07,2011,avril,jeudi,80:0,92,92020,48.7966,2.27948,2,1,6,1,1,4,3,04,2,1,000,000,1,0,1,4,2,52,1,1,2,00,1,1,1,201100046602B01,,,
201100046619,2011-06-03,2011,juin,vendredi,13:20,92,92049,48.8096,2.32544,2,2,3,1,1,3,2,02,1,3,000,000,1,0,1,4,2,37,9,1,4,00,2,1,19,201100046619B01,7,16,1
201100046625,2011-06-19,2011,juin,dimanche,12:55,92,92020,48.8105,2.29918,2,1,3,1,1,3,2,04,2,1,000,000,1,0,1,4,1,36,5,1,9,00,2,1,17,201100046625B01,7,10,1
201100046628,2011-06-25,2011,juin,samedi,10:10,92,92049,48.8125,2.32596,2,1,3,1,1,3,3,04,1,1,000,000,1,0,1,4,1,38,4,1,9,00,2,1,1,201100046628B01,7,17,1
201100046655,2011-09-06,2011,septembre,mardi,13:30,92,92049,0,0,2,1,6,1,1,4,1,01,1,1,000,000,1,0,1,4,1,45,4,1,9,00,2,1,17,201100046655B01,7,23,1
201100046682,2011-11-16,2011,novembre,mercredi,17:10,92,92049,0,0,2,2,7,1,1,3,2,04,1,1,000,000,1,0,1,4,1,66,5,1,2,00,0,1,1,201100046682A01,,,
201100046744,2011-05-25,2011,mai,mercredi,20:00,92,92050,48.8959,2.21545,2,6,3,1,1,3,3,02,1,1,000,070,1,0,1,4,1,25,1,1,2,00,2,2,19,201100046744B01,7,16,1
201100046745,2011-05-28,2011,mai,samedi,16:00,92,92050,48.8938,2.21209,2,2,3,1,1,3,3,04,1,1,000,120,1,5,1,4,1,32,5,1,2,00,2,1,1,201100046745B01,7,1,1
201100046825,2011-01-21,2011,janvier,vendredi,17:20,92,92051,48.8877,2.26377,2,2,3,1,1,4,2,02,1,1,000,000,1,0,1,4,1,13,5,1,2,00,2,8,1,201100046825B01,7,16,1
201100046826,2011-01-26,2011,janvier,mercredi,11:10,92,92051,48.8847,2.26835,2,1,3,1,8,4,1,01,1,1,000,000,2,0,1,4,1,57,4,1,2,00,2,1,1,201100046826B01,7,22,1
201100046836,2011-03-15,2011,mars,mardi,84:5,92,92051,48.8878,2.26137,2,3,6,1,1,4,2,02,1,1,000,000,1,0,1,1,1,40,1,1,2,00,1,1,1,201100046836A01,,,
201100046838,2011-03-15,2011,mars,mardi,19:25,92,92051,48.8902,2.26926,2,1,2,4,1,4,2,00,1,1,000,000,1,0,1,4,1,8,5,1,9,00,2,4,19,201100046838A01,37,16,1
201100046853,2011-05-06,2011,mai,vendredi,16:00,92,92051,48.8764,2.25041,2,1,3,1,1,4,2,02,1,1,000,000,1,0,1,4,1,60,5,1,9,00,2,1,18,201100046853B01,30,1,1
201100046859,2011-05-13,2011,mai,vendredi,91:0,92,92051,48.8823,2.27874,2,1,3,1,1,4,2,00,1,1,000,000,1,0,1,4,2,37,1,1,9,00,2,1,1,201100046859B01,7,16,1
201100046879,2011-06-11,2011,juin,samedi,11:30,92,92051,0,0,2,1,7,1,1,4,-1,00,1,1,000,000,1,0,1,4,1,32,4,1,9,00,9,1,0,201100046879A01,,,
201100046891,2011-07-18,2011,juillet,lundi,16:40,92,92051,0,0,2,3,3,1,1,4,2,02,1,1,,,1,0,1,4,1,23,5,1,9,00,2,4,1,201100046891A01,37,2,1
201100046909,2011-09-30,2011,septembre,vendredi,19:00,92,92051,0,0,2,1,3,1,1,2,1,02,1,1,000,000,1,0,1,4,1,35,1,1,9,00,2,4,1,201100046909A01,3,2,1
201100046927,2011-12-01,2011,décembre,jeudi,84:5,92,92051,0,0,2,2,2,1,2,3,2,06,1,1,000,000,2,0,1,4,2,32,9,1,9,00,2,1,1,201100046927A01,7,15,1
201100046932,2011-12-03,2011,décembre,samedi,18:30,92,92051,0,0,2,1,7,5,8,4,2,00,1,1,000,000,2,0,1,1,1,58,5,1,8,00,1,1,2,201100046932A01,,,
201100046936,2011-12-08,2011,décembre,jeudi,75:0,92,92051,0,0,2,1,3,2,1,2,1,02,1,1,000,000,1,0,1,4,1,14,5,1,9,00,2,0,0,201100046936B01,7,0,1
201100046939,2011-12-14,2011,décembre,mercredi,10:55,92,92051,0,0,2,1,3,1,1,4,2,00,1,1,000,000,1,0,1,4,1,37,4,1,9,00,2,9,0,201100046939B01,7,0,1
201100046969,2011-04-16,2011,avril,samedi,17:50,92,92062,48.8868,2.24541,2,6,3,1,1,3,3,02,1,1,015,060,1,0,1,4,1,65,5,1,9,00,2,1,1,201100046969B01,7,9,1
201100046987,2011-06-18,2011,juin,samedi,17:25,92,92062,48.8772,2.24093,2,3,3,1,1,3,3,06,-1,1,015,180,1,0,1,4,1,11,5,1,2,00,2,1,19,201100046987B01,7,1,1
201100047008,2011-09-24,2011,septembre,samedi,19:07,92,92062,0,0,2,1,3,1,1,4,2,02,1,1,000,060,1,0,1,4,1,14,5,1,9,00,2,1,1,201100047008A01,7,23,1
201100047031,2011-01-07,2011,janvier,vendredi,12:45,92,92063,48.8799,2.18058,2,2,3,1,1,3,3,04,1,1,000,000,2,0,1,4,1,14,5,1,9,00,0,7,19,201100047031B01,7,1,1
201100047056,2011-05-23,2011,mai,lundi,19:30,92,92063,48.8611,2.19411,2,1,3,1,1,4,1,01,1,2,000,000,1,0,1,4,1,16,5,1,9,00,2,1,1,201100047056B01,7,5,1
201100047062,2011-06-17,2011,juin,vendredi,12:30,92,92063,48.8694,2.18576,2,1,3,1,1,3,2,02,1,1,000,000,1,0,1,4,1,17,9,1,9,00,2,3,1,201100047062A01,10,17,1
201100047063,2011-06-23,2011,juin,jeudi,13:50,92,92063,48.8735,2.18146,2,6,3,1,1,4,1,01,1,-1,000,000,1,5,1,4,1,45,9,1,2,00,2,7,1,201100047063A01,7,1,1
201100047070,2011-08-01,2011,août,lundi,18:30,92,92063,0,0,2,1,3,1,1,4,1,01,1,1,000,070,1,0,1,3,1,38,4,1,4,00,2,1,1,201100047070B01,7,22,1
201100047084,2011-10-22,2011,octobre,samedi,14:40,92,92063,0,0,2,1,2,1,1,4,3,02,1,1,040,060,1,0,1,4,1,66,5,1,9,00,2,6,11,201100047084A01,30,1,1
201100047106,2011-01-16,2011,janvier,dimanche,11:50,92,92064,48.8503,2.21344,2,1,3,1,1,3,2,02,1,1,000,000,1,0,1,4,1,12,5,1,2,00,2,1,1,201100047106B01,7,15,1
201100047135,2011-04-18,2011,avril,lundi,14:25,92,92076,48.8468,2.16164,2,1,3,1,1,4,2,02,1,1,000,045,1,0,1,4,1,13,5,1,2,00,2,1,19,201100047135B01,30,1,1
201100047143,2011-05-21,2011,mai,samedi,14:30,92,92064,48.8423,2.20703,2,6,3,1,1,3,-1,03,1,1,015,112,1,0,1,4,1,34,5,1,2,00,2,1,1,201100047143A01,7,17,1
201100047157,2011-06-30,2011,juin,jeudi,10:00,92,92064,48.8502,2.21688,2,3,7,1,1,3,2,02,2,1,000,094,1,0,1,3,2,39,4,1,2,12,0,1,1,201100047157A01,,,
201100047215,2011-02-19,2011,février,samedi,12:40,92,92072,48.8237,2.20129,2,1,7,1,1,4,2,01,1,1,000,040,1,0,1,4,1,52,4,1,2,12,0,1,1,201100047215A01,,,
201100047220,2011-03-18,2011,mars,vendredi,85:5,92,92022,48.8078,2.18651,2,1,3,1,1,3,2,02,1,1,000,126,1,0,1,4,1,49,4,1,2,00,2,1,1,201100047220B01,7,16,1
201100047256,2011-08-28,2011,août,dimanche,10:55,92,92072,0,0,2,1,2,1,1,3,1,01,1,1,000,040,1,0,1,4,1,30,5,1,2,00,2,1,1,201100047256A01,7,23,1
201100047261,2011-09-06,2011,septembre,mardi,18:30,92,92022,0,0,2,1,6,1,1,4,2,01,1,1,000,040,1,0,1,3,1,7,5,1,2,00,2,5,1,201100047261A01,7,2,1
201100047294,2011-12-18,2011,décembre,dimanche,20:50,92,92077,0,0,2,2,3,5,1,3,2,02,2,1,000,073,1,5,1,4,1,58,5,1,2,00,2,8,1,201100047294B01,7,15,1
201100047300,2011-02-04,2011,février,vendredi,13:40,92,92073,48.8677,2.2288,2,1,3,1,1,3,3,03,1,1,000,000,1,0,5,4,1,45,4,1,9,00,2,2,1,201100047300B01,7,9,1
201100047373,2011-04-02,2011,avril,samedi,18:20,92,92075,0,0,2,1,2,1,1,4,1,01,1,1,000,000,1,0,1,4,2,53,5,1,9,00,2,4,1,201100047373A01,7,2,1
201100047375,2011-04-07,2011,avril,jeudi,83:5,92,92075,48.8221,2.28516,2,2,3,1,7,3,2,02,1,1,000,100,1,5,1,4,2,47,1,1,9,00,2,1,1,201100047375A01,30,15,1
201100047408,2011-09-12,2011,septembre,lundi,83:0,92,92075,0,0,2,1,7,1,1,3,2,02,2,2,000,094,1,0,1,4,1,14,2,1,9,02,0,1,1,201100047408A01,,,
201100047420,2011-11-03,2011,novembre,jeudi,94:5,92,92046,0,0,2,2,3,1,2,3,2,02,1,1,000,000,2,0,1,4,1,35,1,1,2,00,2,1,19,201100047420A01,7,15,1
201100047466,2011-06-01,2011,juin,mercredi,80:0,92,92062,0,0,2,1,7,1,1,4,-1,00,1,1,000,000,1,6,1,3,1,49,1,1,2,00,0,1,1,201100047466A01,,,
201100047514,2011-03-28,2011,mars,lundi,15:05,93,93001,0,0,2,2,1,1,1,3,2,02,1,1,000,150,1,0,1,3,1,56,9,1,9,00,2,1,1,201100047514A01,7,13,1
201100047551,2011-06-11,2011,juin,samedi,13:00,93,93001,0,0,2,1,6,1,1,4,1,01,1,1,000,000,1,0,1,3,2,47,9,1,9,01,2,1,1,201100047551B01,7,22,1
201100047579,2011-08-18,2011,août,jeudi,20:50,93,93001,0,0,2,2,3,5,1,2,2,04,1,1,000,000,1,0,1,3,1,63,0,1,9,00,2,2,19,201100047579B01,7,15,1
201100047581,2011-08-18,2011,août,jeudi,20:45,93,93001,0,0,2,1,6,1,1,3,-1,00,1,1,000,030,1,6,4,1,1,17,5,1,9,00,1,1,2,201100047581A01,,,
201100047597,2011-09-29,2011,septembre,jeudi,12:10,93,93001,0,0,1,2,3,1,1,3,3,02,1,1,000,000,1,0,1,3,2,46,9,1,9,00,2,8,1,201100047597B01,7,10,1
201100047634,2011-01-19,2011,janvier,mercredi,63:5,93,93005,0,0,2,6,3,5,1,4,2,00,1,2,000,060,1,5,1,3,1,31,1,1,2,00,2,1,9,201100047634A01,7,9,1
201100047645,2011-01-26,2011,janvier,mercredi,18:30,93,93005,0,0,2,3,3,5,9,4,1,01,1,1,070,030,2,0,1,3,1,14,9,1,9,00,2,2,1,201100047645B01,7,1,1
201100047674,2011-03-02,2011,mars,mercredi,82:5,93,93005,0,0,2,1,3,1,1,4,2,02,1,1,000,060,1,0,1,4,2,48,1,1,2,00,2,3,13,201100047674B01,7,1,1
201100047675,2011-05-12,2011,mai,jeudi,90:5,93,93071,0,0,2,1,3,1,1,4,1,01,1,1,000,060,1,0,1,4,1,63,1,1,2,01,0,1,1,201100047675Y01,7,22,1
201100047677,2011-05-16,2011,mai,lundi,19:10,93,93071,0,0,2,1,3,1,1,3,2,01,1,1,000,000,1,5,1,3,1,73,9,1,2,00,2,8,19,201100047677B01,7,15,1
201100047689,2011-06-24,2011,juin,vendredi,20:25,93,93071,0,0,2,1,2,1,1,2,2,02,1,1,000,050,1,0,1,4,1,16,5,1,9,00,0,4,1,201100047689B01,7,1,1
201100047689,2011-06-24,2011,juin,vendredi,20:25,93,93071,0,0,2,1,2,1,1,2,2,02,1,1,000,050,1,0,1,4,1,13,0,1,9,00,0,4,1,201100047689B01,7,1,1
201100047705,2011-04-14,2011,avril,jeudi,18:10,93,93005,0,0,2,1,3,1,1,3,2,02,1,-1,000,000,1,6,1,1,1,10,5,1,2,00,2,6,1,201100047705B01,32,2,1
201100047717,2011-04-22,2011,avril,vendredi,10:00,93,93005,0,0,2,2,3,1,1,2,2,00,1,-1,000,080,1,5,1,4,1,71,9,1,9,00,2,1,1,201100047717B01,16,16,1
201100047738,2011-11-28,2011,novembre,lundi,19:00,93,93071,0,0,1,6,3,5,1,2,2,00,1,-1,000,000,1,0,1,4,1,39,1,1,9,,,,,201100047738B01,7,1,1