Num_Acc,date,an,mois,jour,hrmn,dep,com,lat,long,agg,int,col,lum,atm,catr,circ,nbv,prof,plan,lartpc,larrout,surf,infra,situ,grav,sexe,age,trajet,secuexist,equipement,obs,obsm,choc,manv,vehiculeid,typevehicules,manoeuvehicules,numVehicules
201100047741,2011-06-01,2011,juin,mercredi,17:15,93,93005,0,0,2,3,3,1,1,3,2,03,1,1,000,120,1,0,1,4,1,16,1,1,2,00,2,8,15,201100047741A01,7,1,1
201100047750,2011-06-15,2011,juin,mercredi,93:0,93,93005,0,0,2,3,1,1,1,4,1,02,1,1,000,025,1,0,1,3,1,17,5,1,2,00,2,1,5,201100047750A01,7,1,1
201100047778,2011-07-31,2011,juillet,dimanche,11:15,93,93005,0,0,2,2,3,1,1,4,1,01,1,2,000,000,1,0,1,4,2,75,3,1,9,00,2,7,1,201100047778B01,7,1,1
201100047788,2011-08-31,2011,août,mercredi,19:30,93,93005,0,0,2,2,3,1,1,4,1,01,1,1,000,000,1,0,0,3,1,8,9,1,9,00,2,1,1,201100047788B01,13,1,1
201100047790,2011-09-02,2011,septembre,vendredi,21:00,93,93005,0,0,2,1,1,5,1,4,1,01,1,1,000,000,1,0,0,3,2,5,5,1,2,00,2,1,1,201100047790B01,7,1,1
201100047798,2011-09-20,2011,septembre,mardi,12:15,93,93005,0,0,2,1,5,1,1,2,2,02,1,1,000,000,1,0,1,3,1,49,9,1,9,00,2,8,2,201100047798C01,14/ 7,2/1,2
201100047807,2011-10-05,2011,octobre,mercredi,19:20,93,93005,0,0,2,1,1,5,1,4,-1,01,1,1,000,000,1,0,1,4,2,6,0,1,2,00,2,8,1,201100047807B01,7,10,1
201100047809,2011-10-09,2011,octobre,dimanche,19:00,93,93005,0,0,1,1,2,3,1,3,1,03,1,-1,000,000,1,3,1,4,1,35,9,1,2,00,2,4,1,201100047809A01,7,2,1
201100047819,2011-11-12,2011,novembre,samedi,17:50,93,93005,0,0,2,2,3,5,1,3,2,02,1,1,000,000,1,0,1,3,1,48,9,1,2,00,2,3,13,201100047819B01,7,1,1
201100047882,2011-06-26,2011,juin,dimanche,21:00,93,93007,0,0,1,9,6,1,1,5,-1,00,-1,-1,000,000,1,0,0,1,1,20,5,1,9,00,1,1,1,201100047882A01,,,
201100047892,2011-08-17,2011,août,mercredi,84:0,93,93007,0,0,2,1,3,1,1,3,2,01,1,1,000,000,1,0,4,3,1,23,9,1,9,00,0,7,1,201100047892B01,7,1,1
201100047952,2011-04-25,2011,avril,lundi,16:40,93,93008,0,0,2,1,2,1,7,9,2,02,1,1,000,000,1,6,5,4,1,35,5,1,9,00,2,4,1,201100047952B01,30,2,1
201100047961,2011-06-17,2011,juin,vendredi,14:55,93,93008,0,0,2,1,6,1,2,3,2,04,1,1,000,050,2,0,1,3,2,50,9,1,2,00,2,3,21,201100047961B01,15,1,1
201100048010,2011-12-26,2011,décembre,lundi,16:02,93,93008,0,0,2,3,3,1,1,4,2,02,1,1,000,000,1,5,1,3,1,30,0,1,2,00,0,1,16,201100048010B01,7,1,1
201100048011,2011-12-28,2011,décembre,mercredi,21:00,93,93008,0,0,2,6,3,5,1,4,1,00,1,1,000,000,1,0,0,4,2,47,0,1,2,00,0,7,1,201100048011B01,7,9,1
201100048099,2011-12-04,2011,décembre,dimanche,19:18,93,93010,0,0,2,1,6,5,2,2,-1,00,-1,-1,000,000,-1,0,0,3,2,51,0,1,9,00,0,0,0,201100048099B01,7,0,1
201100048127,2011-03-18,2011,mars,vendredi,17:45,93,93047,0,0,2,4,1,1,2,4,2,02,1,1,000,000,2,1,1,3,1,36,0,1,9,00,2,1,1,201100048127Y01,7,1,1
201100048140,2011-05-26,2011,mai,jeudi,20:40,93,93014,0,0,2,1,2,1,1,3,2,02,1,-1,000,060,1,0,1,1,1,16,5,1,9,00,2,6,13,201100048140B01,33,17,1
201100048141,2011-06-16,2011,juin,jeudi,13:25,93,93014,0,0,2,1,6,1,1,4,2,02,1,3,000,000,1,0,1,4,1,28,4,1,9,01,0,2,1,201100048141B01,7,22,1
201100048186,2011-10-07,2011,octobre,vendredi,10:10,93,93047,0,0,2,2,3,1,1,4,1,01,1,1,090,070,1,0,1,3,1,39,9,1,2,00,2,1,1,201100048186B01,10,1,1
201100048415,2011-10-12,2011,octobre,mercredi,21:35,93,93029,0,0,2,1,3,5,2,3,2,02,1,1,000,000,2,0,1,3,1,11,5,1,2,00,2,1,19,201100048415B01,7,1,1
201100048435,2011-01-03,2011,janvier,lundi,11:45,93,93031,0,0,2,3,3,1,1,2,2,02,1,1,080,040,1,0,1,3,1,50,9,1,9,00,2,0,15,201100048435B01,7,1,1
201100048454,2011-03-23,2011,mars,mercredi,12:45,93,93079,0,0,2,1,3,1,1,4,2,02,1,1,000,050,1,0,1,3,1,16,9,1,9,00,2,8,13,201100048454B01,33,17,1
201100048459,2011-04-07,2011,avril,jeudi,17:20,93,93031,0,0,2,1,3,1,1,4,2,02,1,1,025,070,1,0,1,4,1,11,5,1,9,00,2,8,1,201100048459B01,7,1,1
201100048530,2011-12-15,2011,décembre,jeudi,74:5,93,93079,0,0,2,1,3,1,1,2,2,02,1,1,000,000,1,0,1,1,1,65,0,1,2,00,9,2,0,201100048530B01,33,0,1
201100048545,2011-04-19,2011,avril,mardi,11:35,93,93032,0,0,2,1,3,1,1,4,1,01,1,1,000,000,1,0,1,4,1,8,9,1,9,00,2,7,19,201100048545A01,7,1,1
201100048599,2011-04-05,2011,avril,mardi,17:50,93,93006,0,0,2,1,3,1,1,4,1,01,1,-1,000,000,1,0,1,4,1,8,5,1,9,00,2,2,5,201100048599B01,7,1,1
201100048611,2011-05-12,2011,mai,jeudi,18:50,93,93006,0,0,2,1,7,1,1,4,2,02,4,3,000,000,1,0,1,3,1,13,5,1,9,01,0,1,1,201100048611A01,,,
201100048628,2011-06-24,2011,juin,vendredi,16:20,93,93045,0,0,2,1,3,1,1,4,2,02,1,-1,000,000,1,0,1,1,2,20,9,1,9,00,0,8,11,201100048628A01,30,17,1
201100048638,2011-07-25,2011,juillet,lundi,18:30,93,93006,0,0,2,3,3,1,1,3,1,01,1,1,000,050,1,0,1,3,1,7,5,1,2,00,2,7,1,201100048638B01,7,1,1
201100048648,2011-09-08,2011,septembre,jeudi,10:45,93,93006,0,0,2,1,6,1,1,3,1,01,2,1,000,000,1,6,4,1,1,38,9,1,9,00,1,8,1,201100048648A01,,,
201100048670,2011-11-28,2011,novembre,lundi,16:45,93,93045,0,0,2,1,6,2,1,3,-1,02,1,1,000,060,1,0,1,1,1,27,5,1,9,00,1,1,1,201100048670A01,,,
201100048679,2011-01-19,2011,janvier,mercredi,80:0,93,93063,0,0,2,2,3,2,1,3,2,02,1,-1,000,000,1,5,1,3,1,19,1,1,9,00,2,1,1,201100048679Y01,7,9,1
201100048681,2011-07-21,2011,juillet,jeudi,19:35,93,93045,0,0,2,2,3,1,8,4,2,02,1,1,000,000,1,0,1,4,1,22,9,1,9,00,2,0,1,201100048681B01,2,1,1
201100048695,2011-12-09,2011,décembre,vendredi,80:5,93,93063,0,0,2,2,3,1,2,4,2,02,1,1,000,000,2,0,1,4,1,25,0,1,9,00,2,1,1,201100048695B01,7,15,1
201100048740,2011-05-18,2011,mai,mercredi,19:35,93,93046,0,0,2,4,3,1,1,4,1,01,1,1,000,080,1,0,1,4,1,11,9,1,9,00,2,1,19,201100048740B02,7,1,1
201100048758,2011-07-26,2011,juillet,mardi,13:50,93,93046,0,0,2,1,3,1,1,4,2,02,2,1,000,000,1,0,4,4,1,45,5,1,2,00,0,8,1,201100048758B01,7,4,1
201100048821,2011-12-23,2011,décembre,vendredi,14:25,93,93074,0,0,2,2,3,1,8,4,1,01,1,1,000,050,2,0,1,3,2,17,5,1,9,00,2,1,1,201100048821B01,7,1,1
201100048825,2011-01-11,2011,janvier,mardi,17:15,93,93048,0,0,2,1,3,2,2,3,2,02,2,1,000,000,2,0,1,3,1,32,9,1,9,00,0,7,1,201100048825A01,99,1,1
201100048838,2011-02-09,2011,février,mercredi,17:50,93,93048,0,0,2,1,3,1,1,2,2,02,1,1,000,000,1,0,1,3,1,28,1,1,4,00,2,1,1,201100048838B02,7,22,1
201100048841,2011-02-24,2011,février,jeudi,17:20,93,93048,0,0,2,2,3,1,1,3,2,02,1,1,000,000,1,0,1,4,2,56,1,1,2,00,2,7,17,201100048841B01,7,1,1
201100048863,2011-04-19,2011,avril,mardi,19:45,93,93048,0,0,2,2,3,1,1,4,2,02,1,1,000,000,1,0,1,3,2,22,9,1,9,00,2,1,1,201100048863B01,7,1,1
201100048879,2011-05-18,2011,mai,mercredi,16:15,93,93048,0,0,2,2,3,1,1,3,3,04,1,1,000,000,1,0,1,4,1,45,9,1,2,00,0,8,1,201100048879B01,7,17,1
201100048880,2011-05-18,2011,mai,mercredi,18:02,93,93048,0,0,2,1,3,1,1,3,2,02,1,1,000,000,1,0,1,4,1,28,9,1,8,00,2,5,1,201100048880B01,32,1,1
201100048936,2011-09-22,2011,septembre,jeudi,92:5,93,93048,0,0,2,1,1,1,1,3,1,02,1,1,000,060,1,6,1,4,1,32,1,1,2,00,2,7,19,201100048936B01,30,5,1
201100048949,2011-10-19,2011,octobre,mercredi,80:0,93,93048,0,0,2,2,3,2,8,4,1,00,1,1,000,000,2,5,1,4,1,40,1,1,4,00,2,7,1,201100048949B01,7,1,1
201100048961,2011-11-03,2011,novembre,jeudi,12:20,93,93048,0,0,2,2,1,1,2,2,2,02,2,1,000,000,2,0,1,4,2,65,9,1,2,00,2,1,1,201100048961B01,7,1,1
201100048968,2011-11-28,2011,novembre,lundi,14:50,93,93048,0,0,2,6,2,1,8,2,1,03,1,2,000,000,2,5,1,4,1,53,5,1,9,00,2,4,1,201100048968B01,7,9,1
201100049000,2011-04-21,2011,avril,jeudi,18:25,93,93050,0,0,2,1,3,1,1,4,2,02,1,1,000,000,1,0,1,4,1,9,9,1,2,00,2,8,1,201100049000B01,7,1,1
201100049005,2011-05-17,2011,mai,mardi,14:55,93,93049,0,0,2,2,6,1,1,4,2,02,1,-1,000,000,1,0,1,4,1,63,5,1,2,00,2,0,2,201100049005A01,,,
201100049006,2011-05-25,2011,mai,mercredi,81:0,93,93050,0,0,2,1,3,1,1,3,2,02,1,1,082,060,1,0,1,4,2,19,2,1,9,00,2,3,13,201100049006A01,7,1,1
201100049010,2011-06-28,2011,juin,mardi,19:45,93,93050,0,0,2,9,3,1,1,4,2,01,1,1,000,070,1,0,1,3,1,8,5,1,9,00,2,1,1,201100049010B01,7,20,1
201100049014,2011-07-16,2011,juillet,samedi,22:20,93,93050,0,0,2,1,2,5,3,3,2,01,2,1,000,040,2,0,1,4,1,32,9,1,9,00,2,4,1,201100049014A01,7,2,1
201100049037,2011-12-05,2011,décembre,lundi,82:0,93,93050,0,0,2,2,3,1,8,2,2,03,1,1,000,120,2,0,1,4,1,37,1,1,9,00,2,3,1,201100049037A01,7,15,1
201100049058,2011-03-25,2011,mars,vendredi,13:15,93,93051,0,0,2,3,3,1,7,3,-1,00,-1,-1,000,000,-1,0,0,4,1,66,5,1,2,00,2,2,16,201100049058B01,7,9,1
201100049064,2011-04-26,2011,avril,mardi,17:45,93,93051,0,0,2,1,2,1,1,4,2,04,1,1,000,100,1,2,1,4,1,34,1,1,2,00,2,4,1,201100049064B01,7,2,1
201100049079,2011-06-08,2011,juin,mercredi,11:30,93,93051,0,0,2,3,3,1,1,4,2,02,2,1,000,090,1,0,1,4,1,75,5,1,2,00,2,3,1,201100049079B01,7,1,1
201100049095,2011-08-09,2011,août,mardi,14:05,93,93051,0,0,2,9,7,1,1,6,-1,00,1,1,000,000,1,0,1,3,1,12,3,1,9,00,2,2,21,201100049095B01,7,23,1
201100049101,2011-09-08,2011,septembre,jeudi,19:00,93,93051,0,0,2,1,3,1,1,3,1,03,1,1,000,000,1,0,1,3,1,18,9,1,2,00,2,1,18,201100049101B01,7,1,1
201100049104,2011-09-17,2011,septembre,samedi,17:05,93,93051,0,0,2,4,3,1,1,4,2,02,1,1,000,050,1,0,4,4,1,14,1,1,9,00,2,1,1,201100049104A01,7,1,1
201100049117,2011-11-01,2011,novembre,mardi,16:30,93,93033,0,0,2,1,3,1,2,4,-1,00,2,1,000,000,2,2,0,4,1,69,5,1,9,00,2,7,1,201100049117B01,33,1,1
201100049119,2011-11-18,2011,novembre,vendredi,15:50,93,93033,0,0,2,4,3,1,1,3,1,01,1,1,000,067,1,0,1,3,1,11,0,1,9,00,2,5,19,201100049119B01,33,1,1
201100049146,2011-06-05,2011,juin,dimanche,12:20,93,93053,0,0,2,1,7,1,1,3,-1,01,2,1,000,000,1,6,4,3,1,17,5,1,2,06,0,2,1,201100049146A01,,,
201100049150,2011-06-22,2011,juin,mercredi,14:30,93,93053,0,0,2,1,1,1,1,3,1,02,1,1,000,050,1,0,1,4,1,55,9,1,9,00,2,1,5,201100049150B01,7,7,1
201100049152,2011-07-06,2011,juillet,mercredi,14:00,93,93053,0,0,2,1,7,1,1,3,2,02,2,1,050,030,1,0,1,3,1,56,9,1,9,01,0,1,1,201100049152A01,,,
201100049152,2011-07-06,2011,juillet,mercredi,14:00,93,93053,0,0,2,1,7,1,1,3,2,02,2,1,050,030,1,0,1,1,1,38,0,1,9,01,0,1,1,201100049152A01,,,
201100049170,2011-10-03,2011,octobre,lundi,92:0,93,93053,0,0,2,1,2,1,1,3,2,02,1,1,000,060,1,0,1,3,1,11,9,1,2,00,2,1,2,201100049170A01,10,1,1
201100049276,2011-12-07,2011,décembre,mercredi,19:15,93,93055,0,0,2,1,6,5,2,3,2,00,1,1,000,000,2,0,1,4,1,9,0,1,9,,,,,201100049276A01,,,
201100049286,2011-01-14,2011,janvier,vendredi,82:0,93,93077,0,0,2,2,3,1,1,2,2,02,1,1,000,110,1,0,1,3,2,50,1,1,2,00,0,8,1,201100049286B01,7,1,1
201100049291,2011-02-09,2011,février,mercredi,13:40,93,93077,0,0,2,1,3,1,1,4,2,01,1,1,000,080,1,0,1,3,1,31,9,1,9,00,2,1,1,201100049291B01,10,22,1
201100049300,2011-03-02,2011,mars,mercredi,14:53,93,93062,0,0,2,6,3,1,1,3,3,02,1,1,020,030,1,5,1,3,1,58,1,1,9,00,2,7,1,201100049300A01,7,9,1
201100049331,2011-07-05,2011,juillet,mardi,14:42,93,93062,0,0,2,1,3,1,1,3,2,02,2,1,000,060,1,0,1,3,1,15,9,1,2,00,2,7,17,201100049331A01,7,1,1
201100049337,2011-08-02,2011,août,mardi,19:16,93,93062,0,0,2,3,3,1,1,3,2,02,2,1,000,008,1,0,1,4,1,26,9,1,9,00,2,1,1,201100049337B01,7,9,1
201100049375,2011-04-01,2011,avril,vendredi,16:55,93,93077,0,0,2,3,2,1,1,4,2,02,2,1,000,060,1,0,1,4,1,45,5,1,2,00,2,1,2,201100049375A01,7,1,1
201100049386,2011-05-20,2011,mai,vendredi,84:5,93,93064,0,0,2,1,5,1,1,2,2,02,1,1,000,000,1,5,1,4,1,41,5,1,9,00,2,1,1,201100049386A01,13/ 7,24/1,2
201100049406,2011-10-24,2011,octobre,lundi,18:10,93,93064,0,0,2,1,2,5,1,2,2,02,1,1,000,100,1,0,1,4,1,73,5,1,9,00,2,4,1,201100049406B01,7,16,1
201100049475,2011-04-14,2011,avril,jeudi,16:25,93,93066,0,0,2,1,2,1,1,3,3,02,1,1,000,090,1,0,1,4,1,43,1,1,2,00,2,4,3,201100049475A01,7,1,1
201100049532,2011-06-16,2011,juin,jeudi,19:50,93,93066,0,0,2,2,2,1,1,2,2,00,1,1,000,060,1,0,1,3,1,19,5,1,9,00,2,4,1,201100049532A01,7,21,1
201100049546,2011-07-10,2011,juillet,dimanche,80:0,93,93039,0,0,2,1,3,1,1,3,3,01,1,1,000,060,1,2,1,1,1,2011,9,1,9,00,2,2,1,201100049546B01,33,1,1
201100049560,2011-07-28,2011,juillet,jeudi,22:45,93,93066,0,0,2,3,3,5,1,3,2,04,1,1,000,100,1,0,1,4,1,42,1,1,9,00,2,1,1,201100049560B01,30,15,1
201100049563,2011-07-30,2011,juillet,samedi,16:20,93,93066,0,0,2,2,3,1,1,4,2,02,1,1,000,000,1,0,1,4,1,33,5,1,2,00,2,1,1,201100049563A01,37,1,1
201100049586,2011-08-25,2011,août,jeudi,17:30,93,93039,0,0,1,1,3,1,1,3,2,01,1,1,000,000,1,0,3,4,2,71,9,1,9,00,0,3,1,201100049586B01,7,16,1
201100049598,2011-09-05,2011,septembre,lundi,17:45,93,93066,0,0,2,1,6,1,1,4,-1,00,1,1,000,000,1,6,4,1,1,20,5,1,9,00,1,1,1,201100049598A01,,,
201100049616,2011-09-30,2011,septembre,vendredi,10:26,93,93066,0,0,2,5,3,1,1,4,-1,00,1,1,000,000,1,0,1,3,2,26,5,1,9,00,2,3,1,201100049616B01,7,1,1
201100049643,2011-11-16,2011,novembre,mercredi,15:50,93,93066,0,0,2,2,3,1,1,4,2,02,1,1,000,000,1,0,1,4,1,16,2,1,2,00,2,1,19,201100049643A01,7,1,1
201100049690,2011-03-23,2011,mars,mercredi,14:15,93,93070,0,0,2,3,2,1,1,3,2,02,1,1,000,000,1,0,1,4,2,24,9,1,9,01,2,4,1,201100049690B02,7,2,1
201100049741,2011-10-24,2011,octobre,lundi,75:5,93,93070,0,0,2,1,3,2,1,3,2,02,2,1,000,110,1,0,1,3,1,33,9,1,2,00,2,6,1,201100049741B01,7,2,1
201100049748,2011-11-10,2011,novembre,jeudi,10:25,93,93070,0,0,2,1,6,1,1,3,2,02,1,1,000,000,1,0,5,3,1,38,9,1,2,01,0,1,1,201100049748B01,10,22,1
201100049766,2011-02-23,2011,février,mercredi,16:20,93,93072,0,0,2,3,3,1,2,2,3,03,1,1,000,120,2,0,1,2,1,60,1,1,2,00,2,8,16,201100049766B01,14,16,1
201100049772,2011-05-05,2011,mai,jeudi,18:00,93,93072,0,0,2,1,3,1,1,3,2,02,1,1,000,000,1,0,1,3,1,27,9,1,9,00,2,1,1,201100049772B01,7,1,1
201100049839,2011-04-18,2011,avril,lundi,22:00,93,93078,0,0,1,1,1,3,1,4,1,01,1,1,000,040,1,0,1,3,1,36,9,1,2,00,2,1,5,201100049839A01,37,15,1
201100049859,2011-06-23,2011,juin,jeudi,19:00,93,93073,0,0,2,1,3,1,1,4,-1,02,1,-1,000,000,1,0,4,3,2,33,5,1,2,01,2,1,1,201100049859A01,7,23,1
201100049915,2011-05-19,2011,mai,jeudi,17:40,94,94002,48.8085,2.41895,2,1,3,1,1,4,1,01,1,1,000,059,1,0,1,3,2,42,5,1,9,00,2,1,1,201100049915B01,7,22,1
201100049923,2011-07-26,2011,juillet,mardi,17:20,94,94002,48.8107,2.41672,2,1,3,1,1,4,1,01,1,1,000,038,1,0,1,4,1,10,5,1,9,00,0,7,19,201100049923B01,7,1,1
201100049925,2011-08-31,2011,août,mercredi,90:0,94,94002,48.8145,2.41193,2,4,3,1,1,2,2,02,2,1,000,052,1,0,1,4,1,37,1,1,2,00,2,1,1,201100049925B01,7,15,1
201100050003,2011-12-18,2011,décembre,dimanche,95:5,94,94044,0,0,2,1,7,1,4,3,2,02,1,1,000,000,7,2,1,3,1,50,5,1,9,00,0,0,2,201100050003A01,,,
201100050020,2011-04-11,2011,avril,lundi,11:45,94,94071,48.773,2.50138,2,1,3,1,1,3,3,04,1,1,000,000,1,0,1,4,1,74,9,1,2,00,2,8,23,201100050020B01,7,17,1
201100050022,2011-04-17,2011,avril,dimanche,19:35,94,94044,48.758,2.48713,2,1,6,1,1,4,2,01,1,1,000,060,1,0,4,1,1,15,5,1,9,00,1,1,1,201100050022A01,,,
201100050023,2011-04-19,2011,avril,mardi,18:30,94,94044,48.7431,2.5019,2,3,3,1,7,3,2,02,1,1,000,060,1,0,1,4,1,33,5,1,9,00,2,7,19,201100050023B01,7,16,1
201100050036,2011-05-19,2011,mai,jeudi,65:0,94,94071,48.756,2.53822,2,2,3,1,1,4,2,02,1,1,000,050,1,0,1,4,1,37,1,1,9,00,2,1,1,201100050036B01,7,1,1
201100050052,2011-07-06,2011,juillet,mercredi,14:50,94,94004,48.7537,2.50654,2,3,4,1,1,2,2,04,4,1,000,000,1,0,1,3,1,51,1,1,2,00,2,4,23,201100050052C01,7,1/23,3
201100050165,2011-08-16,2011,août,mardi,10:20,94,94017,48.814,2.5267,2,6,3,1,1,3,1,01,1,-1,000,000,1,0,1,4,1,22,9,1,2,00,2,1,1,201100050165B01,7,9,1
201100050166,2011-08-17,2011,août,mercredi,90:5,94,94017,48.8139,2.50184,2,1,3,1,1,4,1,01,1,1,000,000,1,0,1,4,2,61,9,1,2,00,2,8,1,201100050166B01,10,12,1
201100050175,2011-09-19,2011,septembre,lundi,18:30,94,94017,0,0,2,2,3,1,1,2,-1,02,1,1,000,000,1,0,1,4,1,44,0,1,2,00,2,1,17,201100050175B01,7,15,1
201100050187,2011-10-17,2011,octobre,lundi,18:10,94,94017,0,0,2,3,6,1,1,4,-1,01,1,1,000,000,1,0,1,1,1,31,9,1,2,00,1,1,1,201100050187A01,,,
201100050240,2011-05-20,2011,mai,vendredi,16:45,94,94018,48.8256,2.40661,2,1,4,1,1,3,2,03,1,1,000,000,1,0,1,3,1,57,1,1,9,00,2,4,2,201100050240B01,7/ 10,2/23,3
201100050248,2011-07-05,2011,juillet,mardi,16:00,94,94069,48.8179,2.4431,2,1,3,1,1,3,2,02,1,1,000,080,1,0,1,4,1,70,9,1,9,00,2,3,19,201100050248B01,7,1,1
201100050249,2011-08-08,2011,août,lundi,22:00,94,94018,48.8179,2.41228,2,1,6,2,1,4,2,00,1,1,000,000,1,6,5,1,1,16,9,1,9,00,1,1,1,201100050249A01,,,
201100050258,2011-09-08,2011,septembre,jeudi,13:20,94,94069,0,0,2,2,3,1,2,3,2,02,2,3,020,068,2,0,1,4,2,63,5,1,9,00,2,8,1,201100050258B01,10,16,1
201100050264,2011-09-29,2011,septembre,jeudi,14:50,94,94018,0,0,2,1,3,1,1,3,1,01,1,1,120,080,1,0,1,4,1,55,9,1,9,00,2,1,1,201100050264B01,7,16,1
201100050286,2011-05-22,2011,mai,dimanche,14:50,94,94069,48.8181,2.43184,2,1,3,1,9,3,-1,02,1,1,000,080,1,0,4,4,1,13,9,1,9,00,2,2,1,201100050286A01,7,9,1
201100050311,2011-03-17,2011,mars,jeudi,10:20,94,94079,48.8304,2.53722,2,4,3,1,1,3,2,02,1,1,000,060,1,0,1,4,1,36,4,1,9,00,2,7,1,201100050311B01,7,15,1
201100050339,2011-05-30,2011,mai,lundi,80:5,94,94079,48.8236,2.53556,2,1,2,1,1,4,2,02,1,1,000,062,1,0,1,4,1,16,5,1,2,00,2,4,15,201100050339B01,10,15,1
201100050361,2011-08-01,2011,août,lundi,20:10,94,94019,48.8027,2.55345,2,3,3,1,1,4,2,01,1,1,000,000,1,0,1,4,1,18,9,1,2,00,2,1,9,201100050361A01,7,1,1
201100050370,2011-09-06,2011,septembre,mardi,94:0,94,94059,0,0,2,2,1,1,1,4,1,01,2,1,000,055,1,0,1,3,1,60,1,1,2,00,2,1,15,201100050370A01,10,16,1
201100050373,2011-09-18,2011,septembre,dimanche,10:30,94,94059,0,0,2,6,3,1,1,4,-1,02,-1,-1,000,074,1,0,1,4,1,41,5,1,2,00,2,1,1,201100050373B01,7,9,1
201100050407,2011-12-26,2011,décembre,lundi,90:0,94,94055,0,0,2,1,3,1,1,3,2,02,1,1,000,070,1,0,1,4,2,85,3,1,2,00,2,0,1,201100050407B01,37,9,1
201100050410,2011-03-10,2011,mars,jeudi,71:5,94,94022,48.7612,2.4205,2,3,3,2,1,3,2,00,1,1,000,061,1,0,1,3,1,30,1,1,2,00,2,3,19,201100050410B01,7,1,1
201100050423,2011-02-15,2011,février,mardi,18:30,94,94022,48.772,2.41395,2,3,3,2,2,3,2,02,1,1,000,600,2,5,1,4,1,14,9,1,9,00,2,7,19,201100050423B01,7,16,1
201100050449,2011-04-11,2011,avril,lundi,14:50,94,94022,48.7672,2.41511,2,1,3,1,1,2,1,01,1,1,000,045,1,0,1,4,2,11,5,1,9,01,0,1,1,201100050449B01,7,22,1
201100050476,2011-06-30,2011,juin,jeudi,15:00,94,94022,48.7644,2.40996,2,3,2,1,1,3,2,02,3,1,000,065,1,0,1,4,1,30,1,1,2,00,2,4,23,201100050476B01,7,1,1
201100050483,2011-09-01,2011,septembre,jeudi,18:55,94,94054,0,0,2,1,3,1,1,4,2,02,1,1,001,050,1,0,1,4,1,11,5,1,9,00,2,7,19,201100050483A01,7,1,1
201100050505,2011-01-19,2011,janvier,mercredi,83:5,94,94011,48.7635,2.48012,2,1,2,1,1,3,2,04,1,1,060,060,1,0,1,4,1,48,1,1,4,00,0,4,1,201100050505B01,7,2,1
201100050511,2011-02-03,2011,février,jeudi,10:20,94,94028,48.7683,2.45844,2,1,2,1,1,4,2,02,1,1,000,060,1,0,1,4,1,28,5,1,4,00,2,4,1,201100050511B01,7,2,1
201100050560,2011-04-13,2011,avril,mercredi,15:40,94,94028,48.78,2.46168,2,2,3,1,1,4,2,02,2,1,000,060,1,5,1,4,1,13,5,1,4,00,2,1,16,201100050560A01,7,1,1
201100050583,2011-05-17,2011,mai,mardi,14:55,94,94028,48.7917,2.46199,2,1,3,1,1,2,2,02,1,1,000,060,1,0,1,4,1,74,9,1,2,00,2,4,1,201100050583B01,7,1,1
201100050598,2011-06-08,2011,juin,mercredi,20:45,94,94028,48.7822,2.45474,2,2,3,1,1,3,3,04,1,1,060,060,1,0,1,4,2,17,9,1,4,00,2,8,19,201100050598A01,7,1,1
201100050611,2011-06-30,2011,juin,jeudi,15:30,94,94028,48.7847,2.44808,2,1,7,1,1,2,2,02,1,1,000,080,1,0,1,4,1,18,9,1,4,00,0,7,1,201100050611A01,,,
201100050626,2011-07-21,2011,juillet,jeudi,93:0,94,94028,48.7663,2.47402,2,1,3,1,2,3,3,06,1,-1,180,180,2,0,1,4,1,31,1,1,2,00,0,1,19,201100050626B01,7,1,1
201100050638,2011-08-17,2011,août,mercredi,17:15,94,94011,48.78,2.47587,2,6,1,1,1,2,2,00,1,1,000,000,1,0,5,4,2,20,5,1,9,00,2,3,16,201100050638B01,7,16,1
201100050645,2011-08-29,2011,août,lundi,80:0,94,94028,48.7881,2.43992,2,1,3,1,1,4,-1,02,1,1,000,060,1,0,1,4,2,48,1,1,9,00,2,8,1,201100050645B01,7,17,1
201100050657,2011-09-22,2011,septembre,jeudi,13:30,94,94011,0,0,2,1,3,1,1,4,-1,04,1,1,000,120,1,0,1,4,1,16,1,1,2,00,2,1,19,201100050657A01,10,1,1
201100050661,2011-09-27,2011,septembre,mardi,20:00,94,94028,0,0,2,1,3,5,1,2,3,04,1,1,010,120,1,0,1,4,2,6,5,1,2,00,0,7,19,201100050661B01,7,2,1
201100050668,2011-10-05,2011,octobre,mercredi,10:30,94,94028,0,0,2,2,3,1,1,4,2,02,1,1,,,1,0,1,4,2,27,4,1,4,00,2,1,1,201100050668B01,13,16,1
201100050749,2011-12-06,2011,décembre,mardi,83:5,94,94033,0,0,2,2,6,1,2,3,1,01,2,1,000,000,2,0,1,3,1,30,1,1,9,00,1,1,1,201100050749A01,,,
201100050749,2011-12-06,2011,décembre,mardi,83:5,94,94033,0,0,2,2,6,1,2,3,1,01,2,1,000,000,2,0,1,4,2,15,2,1,9,00,1,1,1,201100050749A01,,,
201100050799,2011-04-01,2011,avril,vendredi,16:35,94,94043,48.8146,2.36088,2,1,3,1,1,2,1,04,1,1,000,000,1,0,1,4,1,38,9,1,9,00,2,8,1,201100050799A01,7,23,1
201100050805,2011-04-08,2011,avril,vendredi,84:5,94,94003,48.8096,2.32835,2,1,7,1,1,3,1,01,1,1,000,040,1,0,1,4,2,54,9,1,9,00,0,7,19,201100050805A01,,,
201100050816,2011-04-30,2011,avril,samedi,13:35,94,94016,48.786,2.33112,2,1,2,1,1,4,2,02,1,1,000,000,1,0,4,4,1,10,5,1,9,00,2,1,1,201100050816B01,7,4,1