Num_Acc,date,an,mois,jour,hrmn,dep,com,lat,long,agg,int,col,lum,atm,catr,circ,nbv,prof,plan,lartpc,larrout,surf,infra,situ,grav,sexe,age,trajet,secuexist,equipement,obs,obsm,choc,manv,vehiculeid,typevehicules,manoeuvehicules,numVehicules
201100050836,2011-05-22,2011,mai,dimanche,13:10,94,94037,48.8084,2.34545,2,3,3,1,1,4,2,01,1,1,000,000,1,0,1,4,2,78,9,1,9,00,2,1,1,201100050836A01,7,23,1
201100050852,2011-06-16,2011,juin,jeudi,18:15,94,94043,48.805,2.34493,2,1,7,1,1,3,1,02,1,1,000,000,9,0,1,4,2,27,1,1,9,00,0,8,1,201100050852A01,,,
201100050886,2011-09-10,2011,septembre,samedi,22:25,94,94037,0,0,2,3,2,5,1,3,2,02,2,1,000,060,1,0,1,4,1,18,9,1,9,00,2,4,1,201100050886A01,7,2,1
201100050905,2011-10-04,2011,octobre,mardi,18:00,94,94076,0,0,2,2,3,1,1,4,2,02,1,1,000,000,1,0,1,4,1,11,9,1,9,00,2,7,19,201100050905B01,7,0,1
201100050926,2011-11-04,2011,novembre,vendredi,13:30,94,94003,0,0,2,1,3,1,1,3,2,02,2,1,000,000,1,0,5,4,2,39,9,1,9,,2,1,1,201100050926B02,7,22,1
201100050942,2011-11-28,2011,novembre,lundi,18:25,94,94003,0,0,2,1,3,5,8,3,4,02,1,1,000,000,1,0,1,4,1,13,5,1,9,,2,3,19,201100050942B02,7,1,1
201100050999,2011-03-19,2011,mars,samedi,11:20,94,94065,48.7485,2.34192,2,1,3,1,1,4,2,02,1,1,000,000,1,0,1,3,2,12,9,1,9,00,2,8,9,201100050999B01,7,1,1
201100051023,2011-04-28,2011,avril,jeudi,10:30,94,94021,48.7625,2.35097,2,1,3,1,1,4,1,01,1,1,000,000,1,0,1,3,1,51,1,1,9,00,2,8,19,201100051023B01,7,1,1
201100051025,2011-05-04,2011,mai,mercredi,14:00,94,94021,48.7619,2.36598,2,1,3,1,1,3,3,03,1,2,000,000,1,0,1,4,1,63,5,1,9,00,2,1,1,201100051025B01,7,16,1
201100051056,2011-06-21,2011,juin,mardi,19:20,94,94038,48.7758,2.3534,2,2,1,1,1,4,2,02,1,1,000,000,1,0,1,4,1,17,5,1,9,00,2,0,15,201100051056B01,7,9,1
201100051062,2011-06-28,2011,juin,mardi,19:10,94,94065,48.7564,2.35128,2,1,2,1,1,4,1,04,1,-1,000,000,1,0,1,3,1,40,9,1,2,00,2,1,1,201100051062A01,15,23,1
201100051077,2011-07-25,2011,juillet,lundi,19:40,94,94034,48.7562,2.31661,2,1,1,1,1,4,-1,00,1,-1,000,000,1,0,1,4,1,17,5,1,9,00,2,7,16,201100051077B01,7,15,1
201100051119,2011-10-03,2011,octobre,lundi,18:15,94,94073,0,0,2,3,3,1,1,4,2,02,2,1,000,000,1,0,1,4,2,42,4,1,9,00,0,1,1,201100051119B01,7,15,1
201100051121,2011-10-11,2011,octobre,mardi,11:45,94,94034,0,0,2,2,3,1,8,4,2,02,1,1,000,000,1,5,1,1,1,26,9,1,9,00,2,8,19,201100051121A01,37,7,1
201100051134,2011-10-26,2011,octobre,mercredi,18:25,94,94034,0,0,2,3,3,2,1,3,2,02,1,1,000,000,1,0,1,4,1,30,1,1,2,00,2,1,1,201100051134B01,7,15,1
201100051137,2011-10-28,2011,octobre,vendredi,17:20,94,94038,0,0,2,1,6,1,1,3,1,01,1,-1,000,000,1,0,5,1,1,37,5,1,9,00,1,1,1,201100051137A01,,,
201100051158,2011-11-25,2011,novembre,vendredi,12:15,94,94021,0,0,2,1,1,1,1,4,1,01,1,1,000,000,1,0,1,4,1,22,4,1,4,02,2,1,5,201100051158B01,7,9,1
201100051161,2011-11-27,2011,novembre,dimanche,12:10,94,94073,0,0,2,2,2,1,1,2,-1,03,2,1,000,000,1,0,1,4,1,48,5,1,2,00,2,1,2,201100051161A01,7,1,1
201100051213,2011-03-16,2011,mars,mercredi,12:10,94,94041,48.8161,2.38272,2,1,3,1,1,3,2,02,1,1,000,090,1,0,1,4,1,10,2,1,9,01,0,1,1,201100051213B01,7,22,1
201100051220,2011-04-13,2011,avril,mercredi,82:5,94,94041,48.8131,2.37016,2,1,3,1,1,2,2,04,1,1,000,118,1,0,1,3,2,54,1,1,9,00,2,8,11,201100051220B01,33,1,1
201100051257,2011-07-12,2011,juillet,mardi,10:40,94,94041,48.8146,2.40209,2,6,3,1,3,2,1,02,1,2,000,000,2,5,1,4,1,14,5,1,4,00,2,3,1,201100051257B01,13,16,1
201100051272,2011-09-02,2011,septembre,vendredi,72:0,94,94041,0,0,2,1,2,1,1,3,1,04,3,1,000,170,1,2,1,4,1,45,1,1,2,00,0,4,1,201100051272B01,7,2,1
201100051278,2011-09-22,2011,septembre,jeudi,13:30,94,94041,0,0,2,1,2,1,1,4,1,01,1,-1,000,035,1,0,1,4,1,16,2,1,9,00,2,1,2,201100051278B01,7,23,1
201100051280,2011-09-25,2011,septembre,dimanche,62:5,94,94041,0,0,2,1,2,5,1,2,2,04,2,1,000,140,1,2,1,3,1,20,9,1,9,00,2,4,1,201100051280B01,7,2,1
201100051284,2011-10-04,2011,octobre,mardi,11:15,94,94041,0,0,2,2,3,1,1,2,1,02,1,1,000,100,1,5,1,4,1,27,9,1,9,00,2,1,19,201100051284B01,7,15,1
201100051289,2011-10-12,2011,octobre,mercredi,20:50,94,94041,0,0,2,1,2,5,1,3,1,04,2,1,000,120,1,2,1,4,2,24,9,1,4,00,2,4,1,201100051289B01,7,2,1
201100051297,2011-11-18,2011,novembre,vendredi,93:5,94,94041,0,0,2,1,3,1,1,3,1,02,1,1,000,070,1,0,1,4,2,27,1,1,9,00,2,6,19,201100051297B01,7,1,1
201100051299,2011-11-18,2011,novembre,vendredi,93:0,94,94041,0,0,2,1,3,1,1,3,1,04,1,1,000,140,1,2,1,4,2,59,9,1,9,00,2,1,17,201100051299B01,7,21,1
201100051322,2011-01-17,2011,janvier,lundi,14:50,94,94046,48.8038,2.4502,2,1,7,1,1,4,1,01,1,1,000,050,1,0,1,3,2,53,4,1,2,14,0,1,1,201100051322A01,,,
201100051341,2011-04-27,2011,avril,mercredi,13:15,94,94046,48.8098,2.45175,2,1,3,1,1,4,2,02,1,1,000,073,1,0,1,3,1,15,2,1,2,00,2,8,19,201100051341A01,7,1,1
201100051347,2011-06-07,2011,juin,mardi,16:30,94,94046,48.8117,2.4219,2,3,3,1,1,4,2,02,1,1,000,000,1,0,1,4,2,9,9,1,9,00,2,1,9,201100051347B01,7,1,1
201100051351,2011-06-23,2011,juin,jeudi,19:40,94,94046,48.8073,2.44611,2,1,3,1,1,3,2,02,1,1,000,096,1,0,1,4,2,38,1,1,2,00,2,8,1,201100051351B01,7,17,1
201100051373,2011-10-16,2011,octobre,dimanche,60:5,94,94046,0,0,2,1,6,2,1,3,-1,02,2,1,000,000,1,0,1,1,1,58,9,1,2,00,1,1,1,201100051373A01,,,
201100051401,2011-01-16,2011,janvier,dimanche,16:15,94,94058,48.8329,2.50213,2,2,3,1,1,4,1,01,1,1,000,051,1,5,1,4,1,86,5,1,2,00,2,5,1,201100051401A01,7,1,1
201100051405,2011-01-25,2011,janvier,mardi,91:5,94,94052,48.8401,2.47318,2,3,3,1,1,4,1,01,1,1,000,051,1,5,1,3,2,60,1,1,2,00,2,1,9,201100051405A01,7,15,1
201100051420,2011-03-08,2011,mars,mardi,17:45,94,94042,48.8173,2.46715,2,1,2,1,1,2,1,03,1,1,000,126,1,0,1,4,1,40,9,1,2,00,0,5,14,201100051420B01,7,1,1
201100051436,2011-05-07,2011,mai,samedi,15:00,94,94058,48.8362,2.50384,2,2,3,1,1,4,-1,00,1,1,000,025,1,0,1,4,1,21,1,1,9,00,2,8,1,201100051436B01,7,9,1
201100051438,2011-04-27,2011,avril,mercredi,90:5,94,94058,48.8352,2.49955,2,3,3,1,1,3,2,02,1,1,000,078,1,0,1,4,1,13,2,1,9,00,2,2,19,201100051438B01,7,1,1
201100051442,2011-05-07,2011,mai,samedi,15:00,94,94058,48.8362,2.50384,2,2,3,1,1,4,2,02,1,1,000,000,1,0,1,4,1,21,4,1,8,00,2,1,1,201100051442B01,7,1,1
201100051446,2011-05-13,2011,mai,vendredi,18:00,94,94015,48.8325,2.53156,2,2,2,1,1,3,2,02,1,1,092,071,1,0,1,4,1,46,1,1,2,00,0,4,23,201100051446B01,7,2,1
201100051451,2011-05-29,2011,mai,dimanche,17:25,94,94058,48.8393,2.49931,2,1,3,1,1,4,3,00,1,1,000,070,1,0,1,4,1,31,1,1,9,01,0,5,1,201100051451A01,7,22,1
201100051464,2011-08-04,2011,août,jeudi,12:45,94,94042,48.8123,2.45948,2,1,3,1,1,3,2,03,2,1,000,090,1,0,1,4,1,26,5,1,9,00,2,1,9,201100051464A01,10,1,1
201100051471,2011-08-24,2011,août,mercredi,16:50,94,94058,48.8474,2.51095,2,1,6,1,1,4,1,01,1,1,000,060,1,0,5,4,1,36,5,1,2,00,1,1,1,201100051471A01,,,
201100051493,2011-10-26,2011,octobre,mercredi,20:13,94,94052,0,0,2,2,3,5,1,2,2,02,2,1,000,000,1,5,1,3,2,61,9,1,9,00,2,3,5,201100051493A01,33,1,1
201100051524,2011-03-04,2011,mars,vendredi,85:5,94,94068,48.804,2.49698,2,1,3,1,1,4,2,02,1,1,000,050,1,0,1,4,2,59,1,1,9,01,0,1,1,201100051524B01,7,22,1
201100051542,2011-04-22,2011,avril,vendredi,14:40,94,94068,48.799,2.47885,2,1,3,1,1,4,2,02,1,1,000,061,1,0,1,4,1,12,5,1,9,00,2,1,19,201100051542A01,7,1,1
201100051550,2011-05-12,2011,mai,jeudi,10:50,94,94068,48.7938,2.49232,2,2,3,1,1,4,2,02,1,1,000,075,1,0,1,4,2,65,5,1,9,00,2,6,16,201100051550B01,7,1,1
201100051560,2011-05-30,2011,mai,lundi,15:40,94,94068,48.7909,2.5208,2,2,3,1,1,3,2,02,2,1,000,072,1,0,1,4,1,58,5,1,9,00,2,1,1,201100051560B01,7,16,1
201100051561,2011-06-01,2011,juin,mercredi,12:55,94,94068,48.8115,2.47441,2,1,6,1,1,4,1,01,1,1,000,060,1,0,1,4,2,43,1,1,9,00,2,1,1,201100051561B01,7,4,1
201100051568,2011-06-17,2011,juin,vendredi,17:45,94,94068,48.7938,2.49232,2,2,3,1,1,4,2,02,1,1,000,074,1,0,1,4,2,12,5,1,9,00,2,7,1,201100051568A01,7,1,1
201100051577,2011-07-02,2011,juillet,samedi,10:40,94,94068,48.7938,2.48661,2,6,2,1,1,4,1,02,1,-1,000,080,1,0,1,4,2,72,5,1,9,00,2,4,1,201100051577B01,7,9,1
201100051643,2011-01-18,2011,janvier,mardi,75:5,94,94074,48.7443,2.4649,2,2,3,3,1,3,3,02,1,1,000,050,1,5,1,4,1,17,2,1,9,00,2,1,19,201100051643B01,7,15,1
201100051723,2011-07-19,2011,juillet,mardi,10:30,94,94078,48.7298,2.4469,2,4,2,1,3,2,2,05,1,-1,000,060,2,0,1,4,2,54,5,1,2,00,0,5,19,201100051723A01,10,15,1
201100051732,2011-08-07,2011,août,dimanche,95:5,94,94001,48.7225,2.42204,2,1,3,1,1,3,2,02,1,1,000,050,1,0,1,4,1,77,5,1,9,00,2,8,1,201100051732B01,10,17,1
201100051741,2011-09-02,2011,septembre,vendredi,16:45,94,94078,0,0,2,1,3,1,1,3,2,02,1,1,000,040,1,0,1,4,1,25,9,1,2,00,0,3,1,201100051741B01,10,17,1
201100051804,2011-12-11,2011,décembre,dimanche,18:45,94,94078,0,0,2,1,6,5,1,4,2,02,1,1,000,050,2,0,1,4,1,38,0,1,9,00,2,1,0,201100051804B01,7,0,1
201100051824,2011-03-25,2011,mars,vendredi,10:00,94,94080,48.8466,2.44682,2,3,6,1,1,4,1,01,1,1,000,000,1,0,1,4,2,54,5,1,9,00,1,1,18,201100051824A01,,,
201100051827,2011-04-07,2011,avril,jeudi,84:5,94,94080,48.8475,2.429,2,2,6,1,1,4,1,01,1,1,000,000,1,0,1,1,1,41,4,1,9,00,1,1,1,201100051827A01,,,
201100051833,2011-04-28,2011,avril,jeudi,12:45,94,94080,48.846,2.43982,2,3,3,1,1,4,1,01,1,1,000,000,1,0,1,4,2,35,9,1,9,00,2,1,1,201100051833B01,7,22,1
201100051835,2011-05-08,2011,mai,dimanche,14:55,94,94067,48.8405,2.41755,2,1,3,1,1,3,2,02,1,1,000,000,1,0,4,4,1,7,9,1,9,00,2,1,1,201100051835B01,7,9,1
201100051842,2011-05-26,2011,mai,jeudi,19:25,94,94080,48.8472,2.43559,2,1,3,1,1,4,1,01,1,1,000,000,1,0,1,4,1,27,4,1,9,00,2,1,1,201100051842B01,7,22,1
201100051846,2011-06-06,2011,juin,lundi,16:45,94,94080,48.8475,2.43083,2,2,2,1,1,3,-1,02,1,1,000,000,1,0,1,4,1,45,5,1,2,00,2,2,2,201100051846A01,7,1,1
201100051848,2011-06-22,2011,juin,mercredi,17:55,94,94080,48.8471,2.44784,2,1,7,1,1,3,2,02,2,1,000,000,1,0,1,4,1,14,5,1,9,01,0,1,1,201100051848A01,,,
201100051856,2011-07-29,2011,juillet,vendredi,82:0,94,94067,48.8431,2.41762,2,3,3,1,1,3,2,02,2,1,000,000,1,0,1,3,2,60,1,1,9,01,2,1,1,201100051856B01,7,22,1
201100051858,2011-08-08,2011,août,lundi,10:00,94,94080,48.8488,2.45478,2,5,1,1,1,3,2,02,2,1,000,000,2,0,1,3,2,63,5,1,9,00,2,2,1,201100051858A01,7,1,1
201100051859,2011-08-11,2011,août,jeudi,17:55,94,94080,48.8484,2.43462,2,2,3,1,1,3,2,02,1,1,000,000,1,0,1,4,1,3,5,1,9,00,2,1,1,201100051859B01,7,1,1
201100051862,2011-09-06,2011,septembre,mardi,14:02,94,94080,0,0,2,2,6,1,1,4,2,02,1,1,000,000,1,0,1,1,1,16,9,1,9,00,1,1,1,201100051862A01,,,
201100051863,2011-09-12,2011,septembre,lundi,95:5,94,94080,0,0,2,3,1,1,1,3,2,02,1,1,000,000,1,0,1,4,1,24,1,1,9,00,2,1,15,201100051863A01,34,1,1
201100051866,2011-09-16,2011,septembre,vendredi,18:00,94,94067,0,0,2,2,2,1,1,3,2,02,1,1,000,000,1,0,1,4,1,46,5,1,9,00,2,1,1,201100051866B01,7,1,1
201100051868,2011-09-20,2011,septembre,mardi,18:10,94,94080,0,0,2,1,1,1,1,3,1,01,1,1,000,080,1,0,1,4,1,38,4,1,9,01,0,1,1,201100051868B01,7,17,1
201100051875,2011-10-14,2011,octobre,vendredi,14:55,94,94080,0,0,2,3,2,1,1,3,2,02,1,1,000,000,1,0,1,4,2,39,5,1,2,00,0,1,2,201100051875B01,7,1,1
201100051922,2011-04-02,2011,avril,samedi,20:20,94,94081,48.798,2.39944,2,1,3,2,1,4,2,02,1,1,000,060,1,0,1,4,2,22,5,1,2,00,2,8,13,201100051922B01,7,17,1
201100051924,2011-04-04,2011,avril,lundi,85:5,94,94081,48.7915,2.3947,2,2,3,1,8,3,2,02,1,2,000,090,1,0,1,4,1,22,4,1,2,00,2,1,1,201100051924B01,7,1,1
201100051939,2011-05-11,2011,mai,mercredi,84:0,94,94081,48.7872,2.39102,2,1,1,1,1,2,1,06,1,1,000,000,1,0,4,4,1,32,1,1,2,00,2,1,5,201100051939A01,7,9,1
201100051942,2011-05-16,2011,mai,lundi,16:10,94,94081,48.7944,2.40198,2,3,3,1,1,3,1,02,1,3,000,000,1,0,1,4,1,34,1,1,2,00,2,8,21,201100051942B01,7,12,1
201100051985,2011-10-05,2011,octobre,mercredi,10:,94,94081,0,0,2,1,3,4,1,4,2,01,2,1,000,000,1,0,1,4,1,49,9,1,9,01,0,1,1,201100051985B01,7,22,1
201100052004,2011-12-06,2011,décembre,mardi,17:45,94,94081,0,0,2,1,7,5,8,3,2,02,1,1,000,000,1,0,1,4,2,20,0,1,4,00,0,0,21,201100052004B01,7,22,1
201100052015,2011-01-16,2011,janvier,dimanche,12:15,95,95582,48.9711,2.2591,2,1,7,1,1,3,2,02,1,1,000,035,1,0,1,4,1,30,5,1,2,16,0,9,1,201100052015A01,,,
201100052022,2011-01-28,2011,janvier,vendredi,92:0,95,95018,48.9525,2.2436,2,2,3,1,1,3,2,02,1,1,000,082,1,0,1,4,2,56,3,1,2,00,2,1,17,201100052022B01,10,9,1
201100052045,2011-03-31,2011,mars,jeudi,19:03,95,95018,48.9408,2.2476,2,3,1,1,1,4,1,01,1,1,000,060,1,5,1,4,1,45,3,1,2,00,2,1,1,201100052045B01,7,15,1
201100052064,2011-05-04,2011,mai,mercredi,17:25,95,95018,48.9548,2.2311,2,1,3,1,1,4,3,02,1,1,020,118,1,0,1,4,1,16,5,1,2,00,2,8,19,201100052064B01,7,1,1
201100052070,2011-05-06,2011,mai,vendredi,16:45,95,95018,48.9359,2.2347,2,1,6,1,1,4,1,01,1,1,000,075,1,0,1,4,1,54,1,1,2,00,2,2,1,201100052070B01,7,22,1
201100052077,2011-05-16,2011,mai,lundi,16:55,95,95018,48.9531,2.2588,2,2,3,1,1,4,2,02,1,1,000,050,1,0,0,4,1,12,2,1,2,00,2,1,1,201100052077B01,7,4,1
201100052092,2011-06-13,2011,juin,lundi,12:55,95,95582,48.9697,2.2299,1,1,6,1,1,5,2,01,2,1,000,030,1,0,1,4,1,51,5,1,9,00,2,1,0,201100052092B01,31,1,1
201100052095,2011-06-19,2011,juin,dimanche,20:55,95,95018,48.9491,2.2534,2,5,6,1,1,3,3,04,1,1,025,120,1,0,1,4,1,74,5,1,2,00,2,8,1,201100052095A01,7,12,1
201100052109,2011-07-21,2011,juillet,jeudi,16:50,95,95018,48.9456,2.2546,2,1,6,1,1,3,2,02,1,1,000,072,1,0,1,4,1,47,1,1,2,00,1,1,2,201100052109A01,,,
201100052118,2011-08-18,2011,août,jeudi,17:40,95,95582,48.9697,2.2632,2,2,2,1,1,3,2,02,1,1,000,070,1,0,1,4,1,59,1,1,2,00,2,1,1,201100052118B01,7,15,1
201100052122,2011-09-01,2011,septembre,jeudi,11:45,95,95018,48.9336,2.2406,2,1,7,1,1,3,2,02,1,1,000,080,1,2,1,4,1,52,5,1,9,12,0,1,1,201100052122A01,,,
201100052165,2011-11-10,2011,novembre,jeudi,85:0,95,95018,48.9525,2.2436,2,2,6,1,1,3,2,02,1,1,000,098,1,5,1,4,1,41,1,1,2,12,0,1,1,201100052165A01,,,
201100052178,2011-11-28,2011,novembre,lundi,75:5,95,95018,48.9461,2.2479,2,2,3,2,1,4,2,02,1,1,000,078,1,0,1,4,1,46,1,1,9,00,2,1,1,201100052178B01,7,15,1
201100052184,2011-12-09,2011,décembre,vendredi,74:5,95,95018,48.9832,2.2279,2,6,3,5,2,3,3,02,1,1,015,065,2,5,1,4,1,16,1,1,9,00,2,9,9,201100052184B01,7,9,1
201100052211,2011-09-14,2011,septembre,mercredi,11:20,95,95063,48.9277,2.2132,2,3,1,1,7,4,1,01,1,1,,,1,0,1,4,1,21,4,1,9,00,2,8,19,201100052211B01,7,15,1
201100052278,2011-01-20,2011,janvier,jeudi,61:5,95,95555,48.9771,2.2715,2,1,3,5,1,3,2,02,1,1,,,1,5,1,4,2,23,1,1,2,00,2,7,1,201100052278B01,7,1,1
201100052292,2011-04-15,2011,avril,vendredi,11:30,95,95210,48.9678,2.3058,2,1,2,1,1,4,2,02,1,1,,,1,0,1,4,1,16,2,1,2,00,2,1,2,201100052292B01,7,23,1
201100052337,2011-03-13,2011,mars,dimanche,14:50,95,95252,48.9959,2.2386,2,3,3,1,1,3,1,02,1,1,,,1,0,1,4,1,14,5,1,9,00,2,1,19,201100052337B01,7,1,1
201100052346,2011-05-01,2011,mai,dimanche,14:15,95,95219,48.9778,2.2599,2,2,3,1,1,4,2,02,1,1,000,000,1,0,1,4,1,7,5,1,9,00,2,1,1,201100052346B01,7,1,1
201100052355,2011-05-23,2011,mai,lundi,16:40,95,95219,48.9771,2.2711,2,3,3,1,1,3,2,02,1,1,,,1,0,1,4,1,18,0,1,9,00,2,1,1,201100052355A01,7,1,1
201100052356,2011-05-24,2011,mai,mardi,17:50,95,95203,49.0033,2.2814,2,6,2,1,1,3,1,01,1,2,,,1,5,1,4,1,41,1,1,9,01,2,4,1,201100052356B01,7,1,1
201100052359,2011-07-02,2011,juillet,samedi,11:15,95,95219,48.9876,2.2586,2,1,3,1,1,3,2,02,1,1,000,035,1,0,1,4,1,31,5,1,9,00,2,1,17,201100052359A01,7,15,1
201100052373,2011-09-22,2011,septembre,jeudi,95:0,95,95219,48.9811,2.2481,2,1,3,1,1,3,2,02,1,2,,,1,0,1,4,2,27,5,1,9,00,2,4,1,201100052373B01,7,1,1
201100052375,2011-09-25,2011,septembre,dimanche,18:50,95,95219,48.9916,2.2472,2,1,3,1,1,4,1,01,1,1,,,1,0,1,4,1,16,5,1,9,00,2,7,1,201100052375B01,7,22,1
201100052376,2011-09-27,2011,septembre,mardi,81:5,95,95203,48.9963,2.2722,2,1,2,1,1,3,2,02,1,1,,,1,0,1,4,1,35,1,1,9,00,2,4,1,201100052376B01,7,1,1
201100052381,2011-10-01,2011,octobre,samedi,19:30,95,95252,48.9948,2.2417,2,4,1,1,1,4,2,02,1,1,,,1,0,1,4,1,31,5,1,9,00,2,1,1,201100052381A01,7,15,1
201100052382,2011-10-03,2011,octobre,lundi,17:40,95,95203,48.9905,2.2752,2,1,7,1,1,3,2,02,1,1,,,1,0,1,4,1,33,1,1,9,16,0,9,1,201100052382A01,,,
201100052405,2011-05-24,2011,mai,mardi,17:40,95,95574,49.0035,2.2812,2,6,3,1,1,3,2,02,1,2,,072,1,0,1,4,1,41,5,1,9,00,2,5,1,201100052405B01,7,1,1
201100052411,2011-10-24,2011,octobre,lundi,13:05,95,95574,49.0043,2.2607,2,2,3,1,1,3,2,02,1,1,,,2,0,2,4,2,17,2,1,9,00,2,8,15,201100052411B01,7,1,1
201100052471,2011-05-12,2011,mai,jeudi,14:20,95,95424,48.9974,2.1981,2,3,3,1,1,4,2,01,1,1,,,1,0,1,4,1,8,2,1,9,00,2,1,9,201100052471B01,7,1,1
201100052473,2011-06-19,2011,juin,dimanche,20:50,95,95306,48.9893,2.1687,2,2,3,1,1,4,2,02,1,1,,,1,0,1,1,1,50,5,1,9,00,2,1,5,201100052473A01,7,1,1
201100052473,2011-06-19,2011,juin,dimanche,20:50,95,95306,48.9893,2.1687,2,2,3,1,1,4,2,02,1,1,,,1,0,1,3,1,18,5,1,9,00,2,1,5,201100052473A01,7,1,1
201100052515,2011-04-08,2011,avril,vendredi,20:45,95,95313,49.1222,2.2439,2,1,6,2,1,3,2,02,1,1,000,036,1,0,5,3,2,59,5,1,2,00,2,3,15,201100052515A02,30,1,1
201100052519,2011-04-28,2011,avril,jeudi,11:55,95,95313,49.1041,2.2493,1,1,6,1,1,3,2,02,1,1,000,067,1,0,5,3,1,65,5,1,2,00,2,1,1,201100052519B01,7,15,1
201100052519,2011-04-28,2011,avril,jeudi,11:55,95,95313,49.1041,2.2493,1,1,6,1,1,3,2,02,1,1,000,067,1,0,5,4,1,58,5,1,2,00,2,1,1,201100052519A01,7,15,1
201100052527,2011-08-24,2011,août,mercredi,17:15,95,95504,49.1058,2.2908,2,1,3,1,1,3,2,02,4,2,000,080,1,0,1,4,1,32,5,1,2,00,2,8,1,201100052527B01,3,17,1
201100052552,2011-10-17,2011,octobre,lundi,15:16,77,77282,0,0,2,3,3,1,1,3,-1,00,1,1,,,-1,0,1,4,1,76,0,1,9,00,2,7,0,201100052552B01,7,0,1
201100052637,2011-08-25,2011,août,jeudi,11:15,95,95607,49.0189,2.2241,2,3,3,1,1,3,2,04,1,1,000,000,1,0,1,4,2,47,4,1,9,00,2,1,1,201100052637B01,7,16,1
201100052653,2011-12-11,2011,décembre,dimanche,13:05,95,95060,49.0429,2.2069,2,1,2,1,2,3,2,02,1,1,,,2,0,1,4,1,49,5,1,2,00,2,1,1,201100052653A01,7,16,1
201100052779,2011-12-15,2011,décembre,jeudi,10:15,2A,2A004,0,0,2,1,5,1,1,2,2,04,1,1,000,116,1,0,1,4,1,53,0,1,9,00,2,1,19,201100052779A01,14/ 7,23/1,2
201100052789,2011-02-16,2011,février,mercredi,92:5,69,69381,0,0,2,1,3,1,1,4,1,01,1,-1,000,000,-1,0,1,4,2,28,4,1,9,00,2,1,17,201100052789B01,10,0,1
201100052796,2011-06-16,2011,juin,jeudi,17:30,69,69381,0,0,2,1,6,1,1,4,2,01,2,1,000,036,1,0,1,1,1,43,1,1,2,00,1,1,1,201100052796A01,,,
201100052798,2011-07-06,2011,juillet,mercredi,93:0,69,69381,0,0,2,3,6,1,1,4,1,01,2,1,000,045,1,0,1,4,1,13,5,1,2,00,2,1,1,201100052798A01,7,1,1
201100052803,2011-09-10,2011,septembre,samedi,55:0,69,69381,0,0,2,2,3,5,1,4,1,02,1,2,000,061,1,0,4,4,1,32,1,1,2,00,2,1,1,201100052803A01,7,1,1
201100052804,2011-09-10,2011,septembre,samedi,19:56,69,69381,0,0,2,1,2,2,1,4,1,01,1,1,000,036,1,0,1,4,1,53,0,1,4,00,2,1,2,201100052804B01,7,4,1
201100053002,2011-05-18,2011,mai,mercredi,18:00,77,77468,0,0,1,1,3,1,1,1,4,06,1,1,215,025,1,3,1,4,1,16,5,1,9,00,2,7,12,201100053002B01,7,1,1
201100054364,2011-04-23,2011,avril,samedi,17:00,78,78646,48.7915,2.10082,1,1,3,1,1,2,3,03,1,1,000,105,1,0,1,4,1,26,2,1,9,00,2,8,1,201100054364A01,7,9,1
201100054800,2011-02-04,2011,février,vendredi,65:0,91,91549,0,0,1,1,3,3,1,2,1,00,1,1,000,035,2,0,5,4,1,27,0,1,2,00,2,8,1,201100054800B01,7,1,1
201100055582,2011-03-10,2011,mars,jeudi,17:40,69,69382,0,0,2,1,3,1,1,4,2,01,1,1,000,000,1,0,1,4,2,29,0,1,2,00,2,8,1,201100055582B01,7,1,1
201100055584,2011-03-31,2011,mars,jeudi,15:30,69,69382,0,0,2,1,3,1,1,4,1,02,1,1,010,080,1,0,1,3,1,70,5,1,2,00,2,3,2,201100055584B01,7,24,1
201100055588,2011-04-07,2011,avril,jeudi,20:10,69,69382,0,0,2,1,3,1,1,4,1,01,1,1,000,000,1,0,1,4,2,47,0,1,2,00,2,1,1,201100055588B01,7,22,1
201100055590,2011-04-01,2011,avril,vendredi,17:20,69,69382,0,0,2,1,2,1,1,4,1,03,1,1,164,131,1,0,1,3,1,60,9,1,2,00,9,4,19,201100055590B01,37,2,1
201100055591,2011-04-26,2011,avril,mardi,17:40,69,69382,0,0,2,1,6,1,1,4,1,01,1,1,000,066,1,0,1,4,1,34,5,1,9,01,0,1,21,201100055591A01,,,
201100055596,2011-04-18,2011,avril,lundi,84:5,69,69382,0,0,2,1,6,1,1,4,-1,02,1,1,000,030,1,0,4,1,1,21,1,1,2,00,1,1,1,201100055596A01,,,
201100055599,2011-04-25,2011,avril,lundi,13:20,69,69382,0,0,2,1,3,1,1,4,2,04,1,1,010,220,1,4,1,3,1,6,5,1,9,00,2,3,1,201100055599B01,7,1,1
201100055601,2011-05-26,2011,mai,jeudi,18:30,69,69382,0,0,2,3,3,1,1,4,1,01,1,1,010,030,1,0,1,1,1,21,5,1,2,00,2,7,1,201100055601A01,33,16,1
201100055637,2011-10-17,2011,octobre,lundi,18:10,69,69382,0,0,2,1,2,1,1,4,2,08,1,1,000,000,1,2,1,3,1,37,2,1,2,12,2,4,1,201100055637B01,31,2,1
201100055653,2011-12-10,2011,décembre,samedi,84:5,69,69382,0,0,2,1,6,1,1,4,1,01,1,1,000,040,1,0,5,4,1,42,0,1,2,00,2,1,1,201100055653B01,7,22,1