Num_Acc,date,an,mois,jour,hrmn,dep,com,lat,long,agg,int,col,lum,atm,catr,circ,nbv,prof,plan,lartpc,larrout,surf,infra,situ,grav,sexe,age,trajet,secuexist,equipement,obs,obsm,choc,manv,vehiculeid,typevehicules,manoeuvehicules,numVehicules
201100055785,2011-01-12,2011,janvier,mercredi,14:30,69,69386,0,0,2,1,3,1,2,4,-1,02,1,1,000,000,2,0,1,4,2,29,1,1,2,00,2,1,15,201100055785B01,7,1,1
201100055789,2011-01-16,2011,janvier,dimanche,15:55,69,69386,0,0,2,1,6,1,1,9,-1,01,1,1,000,000,1,6,0,1,1,33,4,1,2,00,9,3,0,201100055789A01,,,
201100055789,2011-01-16,2011,janvier,dimanche,15:55,69,69386,0,0,2,1,6,1,1,9,-1,01,1,1,000,000,1,6,0,3,1,39,5,1,9,00,9,3,0,201100055789A01,,,
201100055790,2011-01-17,2011,janvier,lundi,80:0,69,69383,0,0,2,2,3,2,1,4,4,04,1,1,000,000,1,4,1,3,1,24,1,1,9,00,4,2,19,201100055790A01,40,1,1
201100055794,2011-01-24,2011,janvier,lundi,15:40,69,69383,0,0,2,2,3,1,1,4,2,05,1,1,000,000,1,0,1,4,1,55,1,1,2,15,2,1,2,201100055794B01,7,17,1
201100055796,2011-01-26,2011,janvier,mercredi,13:40,69,69383,0,0,2,1,3,1,1,4,2,03,1,1,000,000,1,0,1,4,2,37,1,1,2,00,2,8,7,201100055796B01,37,17,1
201100055809,2011-02-21,2011,février,lundi,11:40,69,69383,0,0,2,2,3,1,1,4,1,01,1,1,000,000,1,0,1,4,2,39,0,1,2,00,2,8,2,201100055809B01,7,14,1
201100055813,2011-03-03,2011,mars,jeudi,11:40,69,69383,0,0,2,1,3,1,1,4,1,02,1,1,000,000,1,0,5,4,1,27,0,1,2,00,2,8,1,201100055813B01,7,9,1
201100055820,2011-03-10,2011,mars,jeudi,16:30,69,69383,0,0,2,1,6,1,1,4,2,03,1,1,000,000,1,0,4,1,1,30,5,1,2,00,1,1,1,201100055820A01,,,
201100055821,2011-03-15,2011,mars,mardi,63:5,69,69383,0,0,2,2,6,2,1,4,1,01,1,1,000,000,1,0,1,4,1,50,0,1,9,00,2,1,1,201100055821B01,7,16,1
201100055823,2011-03-16,2011,mars,mercredi,15:00,69,69383,0,0,2,1,6,1,1,4,1,02,1,1,000,000,1,0,5,1,1,18,0,1,2,00,1,1,1,201100055823A01,,,
201100055823,2011-03-16,2011,mars,mercredi,15:00,69,69383,0,0,2,1,6,1,1,4,1,02,1,1,000,000,1,0,5,4,2,48,0,1,9,00,1,1,1,201100055823A01,,,
201100055838,2011-04-10,2011,avril,dimanche,20:0,69,69383,0,0,2,2,3,5,1,4,3,05,1,1,000,000,1,0,1,4,1,20,5,1,9,00,2,8,1,201100055838B01,32,1,1
201100055845,2011-04-19,2011,avril,mardi,80:0,69,69383,0,0,2,8,3,1,1,4,2,04,1,1,000,000,1,0,5,3,2,43,1,1,2,00,2,8,1,201100055845B01,7,1,1
201100055851,2011-04-24,2011,avril,dimanche,12:50,69,69386,0,0,2,2,2,1,1,4,1,04,1,1,000,000,1,0,1,4,1,23,5,1,2,00,2,4,15,201100055851B01,7,15,1
201100055852,2011-04-25,2011,avril,lundi,16:15,69,69383,0,0,2,1,3,1,1,4,3,03,1,1,000,000,1,0,1,1,2,22,0,1,2,00,2,6,2,201100055852B01,1,0,1
201100055852,2011-04-25,2011,avril,lundi,16:15,69,69383,0,0,2,1,3,1,1,4,3,03,1,1,000,000,1,0,1,3,1,45,5,1,2,00,2,7,0,201100055852A01,1,2,1
201100055854,2011-04-25,2011,avril,lundi,17:10,69,69383,0,0,2,2,3,1,1,4,4,04,1,1,000,000,1,0,1,3,1,14,5,1,9,00,2,1,1,201100055854A01,7,1,1
201100055860,2011-05-06,2011,mai,vendredi,81:0,69,69383,0,0,2,1,2,1,1,4,1,04,1,1,000,000,1,2,1,4,2,23,1,1,2,00,2,4,2,201100055860B01,30,2,1
201100055862,2011-05-06,2011,mai,vendredi,10:50,69,69386,0,0,2,2,3,1,1,4,1,01,1,1,000,000,1,0,1,4,2,22,5,1,9,00,0,7,1,201100055862A01,7,1,1
201100055865,2011-05-08,2011,mai,dimanche,92:5,69,69383,0,0,2,1,6,1,1,4,2,02,1,1,000,000,1,0,1,3,1,78,5,1,9,00,2,0,0,201100055865B01,7,2,1
201100055867,2011-05-10,2011,mai,mardi,85:0,69,69383,0,0,2,1,6,1,1,4,2,03,1,1,000,000,1,0,1,1,1,24,1,1,9,00,1,1,1,201100055867A01,,,
201100055870,2011-05-16,2011,mai,lundi,90:0,69,69383,0,0,2,1,3,1,1,4,3,03,1,1,000,000,1,0,1,4,2,27,1,1,2,01,0,7,2,201100055870B01,7,24,1
201100055875,2011-05-20,2011,mai,vendredi,16:10,69,69383,0,0,2,2,3,1,1,4,-1,00,-1,-1,000,000,-1,0,0,4,2,31,5,1,2,00,2,5,16,201100055875B01,30,18,1
201100055875,2011-05-20,2011,mai,vendredi,16:10,69,69383,0,0,2,2,3,1,1,4,-1,00,-1,-1,000,000,-1,0,0,1,2,1,5,1,2,00,2,5,16,201100055875B01,30,18,1
201100055888,2011-06-05,2011,juin,dimanche,21:15,69,69383,0,0,2,2,3,2,1,4,2,04,1,1,000,000,1,0,1,4,2,27,5,1,2,00,2,0,1,201100055888B01,7,15,1
201100055890,2011-06-09,2011,juin,jeudi,18:15,69,69383,0,0,2,1,3,1,1,4,2,03,1,1,000,000,1,0,1,4,1,30,0,1,9,00,2,1,1,201100055890B01,7,22,1
201100055899,2011-06-23,2011,juin,jeudi,10:30,69,69386,0,0,2,1,6,1,1,4,1,01,1,1,000,000,1,5,1,3,2,65,5,1,9,01,0,0,2,201100055899B01,7,22,1
201100055901,2011-06-27,2011,juin,lundi,17:50,69,69386,0,0,2,1,3,1,1,4,1,01,1,1,000,000,1,0,1,4,2,48,1,1,2,01,0,1,1,201100055901B01,7,24,1
201100055904,2011-06-28,2011,juin,mardi,10:55,69,69383,0,0,2,2,3,1,1,4,2,03,1,1,000,000,1,0,5,3,2,56,0,1,2,00,2,7,1,201100055904B01,7,1,1
201100055905,2011-06-29,2011,juin,mercredi,16:15,69,69383,0,0,2,1,3,1,1,4,2,02,1,1,000,000,1,0,5,4,1,42,0,1,2,00,2,1,1,201100055905B01,7,9,1
201100055909,2011-07-03,2011,juillet,dimanche,15:30,69,69386,0,0,2,2,3,1,1,4,1,01,1,1,000,000,1,0,1,4,1,14,0,1,2,00,2,1,19,201100055909B01,7,1,1
201100055910,2011-07-04,2011,juillet,lundi,21:00,69,69383,0,0,2,2,3,1,1,4,1,01,1,1,000,000,1,0,1,4,1,25,5,1,9,00,2,7,19,201100055910A01,7,1,1
201100055915,2011-07-08,2011,juillet,vendredi,17:05,69,69386,0,0,2,1,3,1,7,4,2,06,1,1,000,000,1,5,1,4,2,24,5,1,2,00,2,8,2,201100055915B01,7,14,1
201100055921,2011-07-26,2011,juillet,mardi,12:20,69,69383,0,0,2,2,3,1,1,4,4,03,1,1,000,000,1,0,1,4,2,30,4,1,2,00,2,1,1,201100055921A01,1,1,1
201100055921,2011-07-26,2011,juillet,mardi,12:20,69,69383,0,0,2,2,3,1,1,4,4,03,1,1,000,000,1,0,1,4,1,23,1,1,2,00,2,1,1,201100055921B01,1,1,1
201100055922,2011-08-04,2011,août,jeudi,15:10,69,69383,0,0,2,3,3,1,1,4,1,01,1,1,000,000,1,0,1,4,1,22,5,1,9,00,2,1,1,201100055922A01,7,15,1
201100055925,2011-08-09,2011,août,mardi,92:0,69,69386,0,0,2,1,3,1,1,4,1,01,1,1,000,000,1,0,1,4,2,29,5,1,9,00,2,8,2,201100055925B01,10,2,1
201100055933,2011-08-30,2011,août,mardi,18:00,69,69383,0,0,2,4,3,1,1,4,2,02,1,3,000,000,1,0,5,3,1,29,1,1,9,00,2,1,1,201100055933B01,7,1,1
201100055935,2011-08-29,2011,août,lundi,19:00,69,69383,0,0,2,1,6,1,1,4,2,04,1,1,000,000,1,0,5,4,2,27,5,1,2,01,0,1,21,201100055935B01,7,22,1
201100055939,2011-09-09,2011,septembre,vendredi,17:45,69,69383,0,0,2,2,1,1,1,4,2,03,1,1,000,000,1,0,1,4,2,26,0,1,9,00,2,1,7,201100055939A01,7,15,1
201100055946,2011-09-15,2011,septembre,jeudi,81:0,69,69383,0,0,1,1,3,1,1,4,3,01,2,1,000,000,1,0,1,4,1,35,1,1,2,00,2,3,2,201100055946A01,7,23,1
201100055947,2011-09-16,2011,septembre,vendredi,85:0,69,69383,0,0,2,3,3,1,1,4,1,01,1,1,000,000,1,0,1,4,1,34,1,1,2,00,2,8,1,201100055947A01,7,15,1
201100055949,2011-09-21,2011,septembre,mercredi,16:10,69,69383,0,0,2,2,3,1,1,4,2,03,1,1,000,000,1,0,1,4,1,19,2,1,9,00,2,1,0,201100055949A01,7,1,1
201100055952,2011-09-22,2011,septembre,jeudi,11:00,69,69386,0,0,2,3,3,1,1,4,1,01,1,1,000,000,1,0,5,4,1,18,2,1,2,00,2,1,1,201100055952B01,7,15,1
201100055959,2011-09-29,2011,septembre,jeudi,15:40,69,69383,0,0,2,1,3,1,1,4,4,03,2,1,000,000,1,0,1,3,2,22,0,1,9,00,2,1,1,201100055959B01,7,16,1
201100055963,2011-10-03,2011,octobre,lundi,80:0,69,69386,0,0,2,2,2,1,1,4,1,01,1,1,000,000,1,0,1,1,1,19,1,1,2,00,2,4,2,201100055963B01,30,2,1
201100055967,2011-10-04,2011,octobre,mardi,61:0,69,69383,0,0,2,8,3,5,1,4,2,02,1,1,000,000,1,4,1,4,1,29,1,1,9,00,2,8,19,201100055967A01,7,1,1
201100055978,2011-10-18,2011,octobre,mardi,94:5,69,69383,0,0,2,2,3,1,1,4,1,01,1,1,000,000,1,0,1,3,2,31,0,1,9,00,2,7,1,201100055978A01,7,1,1
201100055983,2011-10-24,2011,octobre,lundi,82:5,69,69383,0,0,2,2,3,1,1,4,1,01,1,1,000,000,1,0,1,4,2,48,5,1,9,00,2,7,1,201100055983B01,7,1,1
201100055988,2011-10-25,2011,octobre,mardi,16:35,69,69386,0,0,2,4,3,1,1,4,2,02,1,1,000,000,1,0,1,4,2,30,0,1,9,00,2,8,1,201100055988A01,37,1,1
201100056004,2011-11-21,2011,novembre,lundi,12:20,69,69386,0,0,2,2,3,1,1,4,1,01,1,1,000,000,1,0,1,4,1,21,1,1,9,00,2,8,1,201100056004A01,7,1,1
201100056008,2011-12-01,2011,décembre,jeudi,84:0,69,69383,0,0,2,1,3,1,1,4,2,03,1,1,023,100,1,0,1,4,2,45,1,1,9,00,2,0,1,201100056008B01,7,22,1
201100056015,2011-12-08,2011,décembre,jeudi,74:0,69,69383,0,0,2,3,3,2,2,4,2,02,1,1,000,000,2,0,1,4,1,39,1,1,2,00,2,4,15,201100056015B01,7,1,1
201100056024,2011-12-21,2011,décembre,mercredi,14:00,69,69386,0,0,2,2,1,1,2,4,1,00,1,1,000,000,2,0,1,4,1,51,1,1,9,00,2,8,2,201100056024B01,7,15,1
201100056050,2011-08-28,2011,août,dimanche,19:50,69,69384,0,0,2,1,2,1,1,4,1,01,1,1,000,050,1,0,1,4,1,18,5,1,2,00,2,1,2,201100056050A01,7,2,1
201100056055,2011-09-11,2011,septembre,dimanche,20:5,69,69384,0,0,2,1,6,5,1,4,2,02,2,1,000,000,1,0,1,4,1,21,0,1,2,02,0,1,13,201100056055A01,,,
201100056060,2011-09-28,2011,septembre,mercredi,17:00,69,69384,0,0,2,2,6,1,1,4,1,01,1,1,000,048,1,0,1,4,1,17,2,1,2,00,2,4,1,201100056060B01,7,1,1
201100056288,2011-01-29,2011,janvier,samedi,15:50,69,69385,0,0,2,3,2,1,1,4,2,02,1,1,000,000,9,0,0,4,2,35,5,1,9,00,0,4,0,201100056288B01,99,4,1
201100056293,2011-04-04,2011,avril,lundi,91:5,69,69385,0,0,2,1,6,1,1,4,2,02,1,1,000,097,2,0,5,1,1,55,0,1,9,00,2,1,1,201100056293B01,7,24,1
201100056293,2011-04-04,2011,avril,lundi,91:5,69,69385,0,0,2,1,6,1,1,4,2,02,1,1,000,097,2,0,5,4,2,34,0,1,9,00,2,1,14,201100056293A01,7,24,1
201100056294,2011-04-07,2011,avril,jeudi,14:40,69,69385,0,0,2,1,3,1,1,4,3,04,2,4,033,140,1,0,1,3,1,68,0,1,2,00,2,1,1,201100056294A01,7,15,1
201100056295,2011-04-15,2011,avril,vendredi,16:45,69,69385,0,0,2,1,3,1,1,4,2,02,2,1,000,060,1,0,1,4,1,20,2,1,9,00,2,3,11,201100056295A01,7,1,1
201100056296,2011-04-19,2011,avril,mardi,83:0,69,69385,0,0,2,1,2,1,1,4,2,04,2,1,000,000,1,0,1,3,1,44,5,1,2,00,2,5,3,201100056296A01,7,11,1
201100056299,2011-05-18,2011,mai,mercredi,15:20,69,69385,0,0,2,1,6,1,1,4,2,01,2,1,000,130,1,0,1,4,2,19,5,1,2,00,2,8,2,201100056299B01,7,2,1
201100056305,2011-07-14,2011,juillet,jeudi,75:0,69,69385,0,0,1,1,7,1,1,4,2,02,1,1,000,047,1,0,5,4,2,26,5,1,9,00,0,0,0,201100056305A01,,,
201100056310,2011-08-23,2011,août,mardi,22:53,69,69385,0,0,2,1,7,5,1,4,1,01,2,1,000,045,9,0,1,2,1,16,5,1,2,00,0,0,0,201100056310A01,,,
201100056315,2011-10-06,2011,octobre,jeudi,16:16,69,69385,0,0,2,1,6,1,8,4,2,02,2,1,000,064,1,0,1,4,1,43,5,1,2,01,0,1,18,201100056315B01,7,22,1
201100056321,2011-11-15,2011,novembre,mardi,83:0,69,69385,0,0,2,1,7,1,1,4,1,04,1,1,000,000,1,0,5,4,1,49,1,1,9,03,0,1,1,201100056321B01,7,22,1
201100056441,2011-02-26,2011,février,samedi,17:55,69,69387,0,0,2,2,3,2,2,4,1,01,1,1,000,000,2,0,1,4,2,29,0,1,9,00,2,1,5,201100056441A01,7,1,1
201100056442,2011-03-07,2011,mars,lundi,18:15,69,69387,0,0,2,9,3,5,1,4,-1,00,1,1,000,000,1,0,4,1,2,37,1,1,9,00,2,3,1,201100056442A01,1,1,1
201100056442,2011-03-07,2011,mars,lundi,18:15,69,69387,0,0,2,9,3,5,1,4,-1,00,1,1,000,000,1,0,4,4,1,13,5,1,9,00,2,1,1,201100056442B01,1,1,1
201100056494,2011-07-12,2011,juillet,mardi,12:00,69,69387,0,0,2,3,3,1,1,4,2,02,1,1,000,066,1,0,5,4,1,85,5,1,9,00,2,1,1,201100056494B01,10,16,1
201100056502,2011-07-28,2011,juillet,jeudi,13:20,69,69387,0,0,2,3,3,1,1,4,2,02,1,1,000,055,1,4,1,4,1,24,4,1,2,00,4,2,5,201100056502A01,40,1,1
201100056510,2011-09-12,2011,septembre,lundi,16:05,69,69387,0,0,2,2,3,1,1,4,1,01,1,1,000,044,1,0,1,4,2,23,2,1,9,00,2,7,19,201100056510A01,7,1,1
201100056515,2011-09-24,2011,septembre,samedi,20:05,69,69387,0,0,2,2,3,5,1,4,1,02,1,1,000,000,1,0,1,3,1,20,0,1,9,00,0,8,1,201100056515A01,7,1,1
201100056518,2011-10-02,2011,octobre,dimanche,57:,69,69387,0,0,2,2,3,5,1,4,2,02,1,1,000,000,1,0,1,2,1,21,1,1,9,00,2,7,1,201100056518A01,7,1,1
201100056518,2011-10-02,2011,octobre,dimanche,57:,69,69387,0,0,2,2,3,5,1,4,2,02,1,1,000,000,1,0,1,1,1,27,1,1,9,00,2,7,1,201100056518A01,7,1,1
201100056533,2011-11-07,2011,novembre,lundi,18:00,69,69387,0,0,2,3,3,5,1,4,1,01,1,1,000,102,1,0,1,4,1,28,0,1,9,00,2,0,8,201100056533B01,7,15,1
201100056550,2011-12-14,2011,décembre,mercredi,23:20,69,69387,0,0,2,1,6,5,1,4,1,04,1,1,000,000,1,0,5,4,1,45,0,1,4,00,2,0,1,201100056550A01,7,1,1
201100056562,2011-03-01,2011,mars,mardi,19:00,69,69388,0,0,2,1,3,5,1,4,3,02,1,1,012,080,1,0,4,3,2,30,1,1,2,00,2,1,1,201100056562B01,7,16,1
201100056574,2011-07-27,2011,juillet,mercredi,16:30,69,69091,0,0,2,3,6,1,1,4,2,02,1,1,000,000,1,0,1,4,1,81,5,1,2,00,2,1,1,201100056574B01,7,15,1
201100056578,2011-03-29,2011,mars,mardi,12:00,69,69388,0,0,2,4,6,1,1,4,3,01,1,1,000,000,1,0,1,4,1,61,0,1,2,00,2,1,0,201100056578B01,10,0,1
201100056599,2011-06-20,2011,juin,lundi,20:00,69,69388,0,0,2,2,3,2,1,4,2,03,1,-1,000,000,1,5,1,4,1,48,5,1,2,00,2,1,0,201100056599B01,10,15,1
201100056605,2011-06-17,2011,juin,vendredi,17:20,69,69388,0,0,2,9,2,1,1,4,2,02,1,1,000,060,1,6,5,4,2,52,1,1,2,00,2,8,2,201100056605B01,38,2,1
201100056608,2011-06-21,2011,juin,mardi,16:35,69,69388,0,0,2,9,3,1,1,4,-1,01,1,1,000,000,1,0,5,4,1,66,5,1,2,00,2,1,0,201100056608Y01,10,0,1
201100056612,2011-07-06,2011,juillet,mercredi,22:00,69,69388,0,0,2,1,3,4,1,4,2,04,1,1,000,070,1,2,1,4,2,25,0,1,2,00,2,8,2,201100056612B01,7,16,1
201100056614,2011-07-20,2011,juillet,mercredi,10:35,69,69388,0,0,2,3,6,1,1,4,1,00,-1,-1,000,040,1,0,0,3,1,76,0,1,9,00,2,0,1,201100056614B01,7,14,1
201100056623,2011-09-01,2011,septembre,jeudi,12:20,69,69388,0,0,2,1,3,1,1,4,3,02,1,1,000,000,1,0,4,4,1,33,5,1,9,00,2,1,0,201100056623A01,10,0,1
201100056632,2011-09-27,2011,septembre,mardi,17:30,69,69388,0,0,2,1,3,1,1,4,2,02,1,1,000,000,1,0,5,3,1,43,0,1,9,01,0,1,21,201100056632B01,7,22,1
201100056637,2011-10-05,2011,octobre,mercredi,16:40,69,69388,0,0,2,3,3,1,1,4,2,02,1,1,000,000,1,0,1,4,1,29,0,1,9,00,2,1,1,201100056637B01,7,1,1
201100056658,2011-11-10,2011,novembre,jeudi,18:00,69,69388,0,0,2,1,6,5,1,4,2,03,1,1,000,075,1,2,1,3,2,47,3,1,9,00,9,7,14,201100056658B01,2,1,1
201100056659,2011-11-18,2011,novembre,vendredi,12:45,69,69388,0,0,2,1,6,1,1,4,2,02,1,1,000,080,1,0,1,4,2,51,1,1,2,01,0,1,1,201100056659B01,13,24,1
201100056963,2011-07-05,2011,juillet,mardi,17:30,38,38544,45.5273,4.87256,1,2,3,1,1,2,2,07,2,1,000,105,1,2,1,3,2,30,1,1,9,00,0,6,1,201100056963B01,13,0,1
201100057234,2011-04-06,2011,avril,mercredi,12:35,69,69389,0,0,2,1,6,1,1,4,-1,02,3,1,005,030,1,6,4,3,2,50,5,1,2,00,1,3,18,201100057234A01,,,
201100057244,2011-04-26,2011,avril,mardi,90:5,69,69389,0,0,2,1,3,1,1,4,1,02,1,1,000,020,1,0,1,3,2,24,1,1,9,00,2,1,1,201100057244B01,7,12,1
201100057247,2011-05-02,2011,mai,lundi,18:40,69,69389,0,0,2,1,6,1,1,4,2,01,1,1,000,021,1,0,5,1,1,49,1,1,2,00,2,1,1,201100057247B01,1,1,1
201100057247,2011-05-02,2011,mai,lundi,18:40,69,69389,0,0,2,1,6,1,1,4,2,01,1,1,000,021,1,0,5,4,2,28,1,1,2,00,2,1,1,201100057247A01,1,1,1
201100057252,2011-06-07,2011,juin,mardi,23:40,69,69389,0,0,2,1,6,5,3,4,1,04,1,1,000,090,2,0,1,4,2,25,5,1,2,01,0,1,1,201100057252A01,7,24,1
201100057256,2011-06-14,2011,juin,mardi,19:15,69,69389,0,0,2,1,2,1,1,4,2,02,1,1,000,090,1,0,1,4,1,29,5,1,2,00,2,4,2,201100057256A01,7,2,1
201100057258,2011-06-25,2011,juin,samedi,19:00,69,69389,0,0,2,1,1,1,1,4,2,04,1,1,000,162,1,0,1,3,1,41,1,1,9,00,2,8,1,201100057258B01,31,5,1
201100057262,2011-06-26,2011,juin,dimanche,11:20,69,69389,0,0,2,1,3,1,1,4,1,01,1,1,000,060,1,0,1,4,1,36,5,1,2,00,0,1,17,201100057262B01,7,22,1
201100057263,2011-07-04,2011,juillet,lundi,18:30,69,69389,0,0,2,2,3,1,1,4,2,01,1,1,000,105,1,0,1,4,1,30,1,1,9,00,0,2,9,201100057263A01,7,1,1
201100057270,2011-07-24,2011,juillet,dimanche,16:45,69,69389,0,0,2,1,2,1,1,4,1,02,1,1,000,065,1,0,1,3,2,49,5,1,2,00,2,4,2,201100057270B01,7,2,1
201100057287,2011-09-13,2011,septembre,mardi,19:30,69,69389,0,0,2,1,6,2,1,4,1,02,1,1,000,050,1,0,1,4,1,45,1,1,2,00,2,8,2,201100057287B01,7,17,1
201100057310,2011-11-16,2011,novembre,mercredi,19:50,69,69389,0,0,2,3,3,5,1,4,1,03,1,3,000,076,1,0,1,3,1,33,0,1,2,00,2,0,15,201100057310B01,7,2,1
201100057311,2011-11-08,2011,novembre,mardi,18:30,69,69389,0,0,2,1,6,5,2,4,2,03,1,1,000,080,2,0,5,4,1,34,1,1,2,01,0,1,1,201100057311B01,7,22,1
201100057312,2011-11-09,2011,novembre,mercredi,65:5,69,69389,0,0,2,1,6,2,1,4,1,01,1,1,000,057,1,0,1,1,1,32,1,1,2,00,1,2,1,201100057312A01,,,
201100057316,2011-11-26,2011,novembre,samedi,15:05,69,69389,0,0,2,1,6,1,8,4,2,01,1,1,000,012,1,0,5,4,1,24,0,1,2,01,0,7,1,201100057316B01,7,0,1
201100057811,2011-02-21,2011,février,lundi,12:35,75,75101,0,0,2,1,3,1,1,4,2,06,1,1,000,202,1,2,1,4,1,71,0,1,2,00,2,1,11,201100057811A01,33,17,1
201100057823,2011-03-24,2011,mars,jeudi,16:32,75,75101,0,0,2,1,6,1,1,4,1,04,1,1,007,156,1,0,5,4,1,23,0,1,2,00,1,1,1,201100057823A01,,,
201100057839,2011-04-26,2011,avril,mardi,19:45,75,75101,0,0,2,2,3,1,1,4,1,01,-1,1,000,050,1,0,1,4,1,62,0,1,2,00,2,1,1,201100057839B01,7,22,1
201100057841,2011-04-28,2011,avril,jeudi,18:50,75,75101,0,0,2,2,3,1,1,4,1,03,1,1,000,000,1,0,1,4,1,46,0,1,2,00,2,7,7,201100057841B01,7,16,1
201100057850,2011-05-11,2011,mai,mercredi,20:50,75,75101,0,0,2,2,6,5,1,4,1,01,1,1,000,070,1,0,1,1,1,19,0,1,2,00,1,1,1,201100057850A01,,,
201100057851,2011-05-18,2011,mai,mercredi,12:30,75,75101,0,0,2,2,3,1,1,4,1,04,1,1,000,130,1,0,1,4,2,65,0,1,2,00,2,0,1,201100057851B01,10,16,1
201100057870,2011-06-13,2011,juin,lundi,17:25,75,75101,0,0,2,3,3,1,1,4,1,04,1,1,010,200,1,0,1,4,1,43,4,1,2,00,2,2,17,201100057870B01,13,15,1
201100057877,2011-06-22,2011,juin,mercredi,85:0,75,75109,0,0,2,7,6,1,2,4,1,01,1,1,000,070,2,0,1,4,2,50,4,1,2,00,0,6,13,201100057877A01,7,1,1
201100057880,2011-06-24,2011,juin,vendredi,90:5,75,75101,0,0,2,2,7,1,1,4,2,00,1,-1,000,121,1,0,0,4,2,23,0,1,2,00,0,0,1,201100057880A01,,,
201100057885,2011-06-29,2011,juin,mercredi,18:45,75,75101,0,0,2,2,6,1,1,4,1,01,1,-1,000,084,1,0,1,4,1,62,0,1,2,00,1,1,1,201100057885A01,,,
201100057887,2011-07-01,2011,juillet,vendredi,95:0,75,75101,0,0,2,2,3,3,1,4,1,03,1,1,005,090,1,0,1,4,2,31,4,1,2,00,2,6,17,201100057887B01,7,22,1
201100057890,2011-07-05,2011,juillet,mardi,13:15,75,75101,0,0,2,1,4,1,1,4,1,01,-1,-1,000,075,1,0,1,4,2,32,0,1,2,00,2,7,1,201100057890A01,7,23/22,2
201100057892,2011-07-07,2011,juillet,jeudi,18:50,75,75101,0,0,2,3,3,1,1,4,2,04,1,2,000,085,1,2,5,1,1,41,1,1,2,00,2,1,15,201100057892B01,30,1,1
201100057895,2011-07-08,2011,juillet,vendredi,16:50,75,75101,0,0,2,5,2,1,1,4,1,04,1,1,000,080,1,0,1,4,1,29,9,1,2,00,2,1,2,201100057895A01,10,2,1
201100057897,2011-07-09,2011,juillet,samedi,21:35,75,75101,0,0,2,1,3,2,1,4,2,02,1,1,000,122,-1,0,1,4,1,40,5,1,2,00,2,1,1,201100057897B01,7,13,1
201100057908,2011-08-10,2011,août,mercredi,17:10,75,75101,0,0,2,1,2,1,1,4,1,04,1,1,000,000,1,0,1,4,2,33,0,1,2,00,2,1,2,201100057908B01,7,23,1
201100057919,2011-09-09,2011,septembre,vendredi,12:00,75,75102,0,0,2,1,6,1,1,4,2,01,1,-1,000,110,-1,0,1,4,1,43,1,1,2,00,1,0,1,201100057919A01,,,
201100057925,2011-09-13,2011,septembre,mardi,17:50,75,75101,0,0,2,3,3,1,1,4,2,02,1,1,120,080,1,0,1,4,1,70,0,1,2,00,2,1,1,201100057925B01,10,16,1
201100057932,2011-10-05,2011,octobre,mercredi,10:15,75,75101,0,0,2,5,3,1,1,4,1,01,1,1,000,060,1,0,1,4,1,36,4,1,2,00,2,3,15,201100057932B01,33,1,1
201100057933,2011-10-05,2011,octobre,mercredi,10:30,75,75101,0,0,2,3,3,1,1,4,2,02,1,1,000,050,1,0,1,4,1,58,4,1,2,00,2,2,17,201100057933A01,7,15,1
201100057935,2011-10-06,2011,octobre,jeudi,12:45,75,75101,0,0,2,3,3,1,2,4,-1,02,1,-1,000,095,2,0,0,4,1,46,5,1,2,00,2,8,1,201100057935B01,7,7,1
201100057939,2011-10-13,2011,octobre,jeudi,14:15,75,75101,0,0,2,5,3,1,1,4,1,03,1,1,005,120,1,0,1,4,2,29,0,1,2,00,0,8,1,201100057939B01,37,17,1
201100057943,2011-10-17,2011,octobre,lundi,12:45,75,75101,0,0,2,2,6,1,1,4,2,02,1,1,000,119,1,0,1,1,1,50,5,1,2,00,1,1,1,201100057943A01,,,
201100057947,2011-10-20,2011,octobre,jeudi,15:15,75,75101,0,0,2,1,3,1,1,4,1,01,1,1,110,060,1,0,1,4,1,36,0,1,2,00,2,5,5,201100057947A01,33,9,1
201100057950,2011-11-02,2011,novembre,mercredi,20:30,75,75101,0,0,2,7,2,5,1,4,2,03,-1,-1,000,090,-1,2,1,4,1,21,0,1,2,00,2,8,15,201100057950B01,34,17,1
201100057975,2011-12-29,2011,décembre,jeudi,11:15,75,75101,0,0,2,3,3,1,1,4,1,04,1,1,000,000,1,0,1,4,1,27,4,1,2,00,2,3,9,201100057975A01,7,15,1
201100057990,2011-02-15,2011,février,mardi,15:40,75,75102,0,0,2,1,3,1,1,4,1,01,1,1,000,080,1,0,1,4,1,38,5,1,2,00,2,2,1,201100057990B01,10,22,1
201100058001,2011-04-03,2011,avril,dimanche,22:0,75,75102,0,0,2,2,3,4,1,4,1,04,1,1,010,080,1,0,1,4,1,35,1,1,2,00,2,2,1,201100058001A01,30,1,1
201100058006,2011-04-11,2011,avril,lundi,12:31,75,75101,0,0,2,5,2,1,1,4,1,05,-1,-1,000,000,1,0,1,4,1,42,4,1,2,00,2,0,23,201100058006B01,37,2,1
201100058008,2011-04-13,2011,avril,mercredi,17:25,75,75102,0,0,2,2,3,1,1,4,1,01,1,1,000,070,1,0,1,4,1,29,1,1,2,00,2,2,1,201100058008A01,7,1,1
201100058027,2011-05-26,2011,mai,jeudi,94:0,75,75102,0,0,2,2,3,1,1,4,1,02,1,1,000,000,1,0,1,4,2,29,1,1,2,00,2,8,7,201100058027B01,10,16,1
201100058052,2011-08-10,2011,août,mercredi,22:55,75,75102,0,0,2,2,6,5,1,4,2,02,1,1,005,140,1,0,1,4,1,40,1,1,2,00,2,1,1,201100058052B01,7,22,1
201100058061,2011-09-13,2011,septembre,mardi,17:20,75,75102,0,0,2,2,6,1,1,4,1,01,1,1,070,060,1,0,1,4,1,36,0,1,2,00,2,1,5,201100058061A01,30,1,1