Num_Acc,date,an,mois,jour,hrmn,dep,com,lat,long,agg,int,col,lum,atm,catr,circ,nbv,prof,plan,lartpc,larrout,surf,infra,situ,grav,sexe,age,trajet,secuexist,equipement,obs,obsm,choc,manv,vehiculeid,typevehicules,manoeuvehicules,numVehicules
201100058067,2011-09-21,2011,septembre,mercredi,82:5,75,75102,0,0,2,5,4,1,1,4,2,03,1,1,000,090,1,0,1,4,1,30,5,1,2,00,0,8,18,201100058067A01,10/ 13,1,2
201100058077,2011-10-10,2011,octobre,lundi,17:45,75,75102,0,0,2,5,3,1,1,4,1,01,1,1,023,090,1,0,0,4,2,57,5,1,2,00,2,8,15,201100058077A01,7,17,1
201100058114,2011-02-05,2011,février,samedi,91:5,75,75103,0,0,2,1,7,1,1,4,1,03,1,1,007,030,1,0,1,4,1,21,5,1,2,00,0,0,1,201100058114A01,,,
201100058134,2011-04-19,2011,avril,mardi,19:40,75,75103,0,0,2,1,3,1,1,4,3,01,1,1,000,054,1,0,5,4,1,24,1,1,2,00,2,1,7,201100058134B01,32,16,1
201100058135,2011-04-21,2011,avril,jeudi,15:10,75,75103,0,0,2,1,6,1,1,4,1,01,2,1,000,023,1,0,1,4,1,33,4,1,2,00,1,1,1,201100058135A01,,,
201100058141,2011-05-13,2011,mai,vendredi,20:05,75,75103,0,0,2,3,3,1,1,4,1,02,1,1,000,062,1,0,1,4,1,9,5,1,2,00,2,1,19,201100058141B01,7,1,1
201100058145,2011-05-24,2011,mai,mardi,17:15,75,75103,0,0,2,2,6,1,1,4,2,01,1,1,010,095,1,0,1,4,2,65,5,1,2,00,1,1,1,201100058145A01,,,
201100058150,2011-06-01,2011,juin,mercredi,21:20,75,75103,0,0,2,1,3,2,1,4,1,03,1,1,000,095,1,0,1,4,2,43,1,1,2,00,2,1,18,201100058150A01,7,22,1
201100058151,2011-06-09,2011,juin,jeudi,15:5,75,75103,0,0,2,2,1,5,1,4,-1,01,1,1,000,050,1,0,0,4,2,20,5,1,2,00,0,8,15,201100058151A01,32,1,1
201100058157,2011-06-30,2011,juin,jeudi,18:40,75,75103,0,0,2,3,6,1,1,4,-1,00,1,1,062,062,1,0,4,1,1,31,5,1,2,00,1,2,1,201100058157A01,,,
201100058194,2011-09-27,2011,septembre,mardi,11:10,75,75103,0,0,2,1,3,1,1,4,1,03,1,1,005,112,1,0,1,4,1,22,1,1,2,00,0,2,7,201100058194B01,7,15,1
201100058197,2011-10-05,2011,octobre,mercredi,15:35,75,75101,0,0,2,3,3,1,1,4,1,04,1,1,000,000,1,0,1,4,1,48,5,1,2,00,2,1,1,201100058197B01,7,15,1
201100058200,2011-10-15,2011,octobre,samedi,90:5,75,75103,0,0,2,2,3,1,1,4,2,02,1,1,123,100,1,0,1,4,1,26,4,1,2,00,2,8,7,201100058200A01,7,1,1
201100058207,2011-11-21,2011,novembre,lundi,15:05,75,75103,0,0,2,2,3,1,1,4,1,01,1,1,000,032,1,0,1,4,1,34,1,1,2,00,2,0,1,201100058207B01,7,22,1
201100058217,2011-12-24,2011,décembre,samedi,16:00,75,75103,0,0,2,2,7,1,1,4,1,03,1,1,000,079,1,0,1,4,2,68,5,1,2,00,0,7,1,201100058217A01,,,
201100058218,2011-01-14,2011,janvier,vendredi,23:25,75,75104,0,0,2,2,3,5,1,4,2,03,1,1,000,200,1,0,1,4,1,17,5,1,2,00,2,7,16,201100058218A01,7,7,1
201100058226,2011-02-03,2011,février,jeudi,11:50,75,75104,0,0,2,1,3,1,8,4,1,04,1,1,000,166,2,0,5,4,2,21,5,1,2,00,2,2,7,201100058226B01,7,22,1
201100058248,2011-04-03,2011,avril,dimanche,11:10,75,75104,0,0,2,2,3,1,1,4,1,01,1,1,000,065,2,0,1,4,2,56,4,1,2,00,2,8,19,201100058248B01,7,1,1
201100058250,2011-04-06,2011,avril,mercredi,84:0,75,75104,0,0,2,1,3,1,1,4,2,03,1,1,000,139,1,0,1,4,1,63,1,1,2,01,0,2,17,201100058250B01,7,22,1
201100058255,2011-04-16,2011,avril,samedi,13:05,75,75104,0,0,2,1,6,1,1,4,2,02,1,1,000,000,1,0,5,1,1,23,1,1,2,00,1,1,1,201100058255A01,,,
201100058258,2011-04-20,2011,avril,mercredi,75:0,75,75104,0,0,2,3,3,1,1,4,1,03,1,1,007,115,1,0,1,4,1,34,1,1,2,00,2,1,1,201100058258B01,10,16,1
201100058260,2011-04-26,2011,avril,mardi,15:50,75,75104,0,0,2,5,7,1,1,4,-1,01,1,1,000,000,1,0,1,4,1,37,0,1,2,00,0,0,21,201100058260A01,,,
201100058262,2011-04-27,2011,avril,mercredi,20:15,75,75104,0,0,2,5,6,2,1,4,-1,03,1,1,000,000,1,0,1,4,1,44,5,1,2,15,2,1,7,201100058262B01,7,16,1
201100058274,2011-06-01,2011,juin,mercredi,15:50,75,75104,0,0,2,1,3,1,1,4,2,03,1,1,000,080,1,0,1,4,1,31,0,1,2,00,2,3,7,201100058274B01,7,17,1
201100058287,2011-07-02,2011,juillet,samedi,16:50,75,75104,0,0,2,3,6,1,1,4,1,01,1,1,000,034,1,0,1,1,1,35,5,1,2,00,1,0,1,201100058287A01,,,
201100058289,2011-07-06,2011,juillet,mercredi,22:45,75,75104,0,0,2,1,1,5,1,4,-1,02,1,-1,000,000,1,0,5,3,1,35,0,1,2,00,2,0,1,201100058289B01,1,1,1
201100058289,2011-07-06,2011,juillet,mercredi,22:45,75,75104,0,0,2,1,1,5,1,4,-1,02,1,-1,000,000,1,0,5,4,1,23,5,1,2,00,2,0,1,201100058289A01,1,1,1
201100058302,2011-08-09,2011,août,mardi,18:45,75,75104,0,0,2,2,6,1,1,4,1,01,1,1,000,059,1,0,1,4,1,22,5,1,2,12,2,3,17,201100058302B01,7,15,1
201100058303,2011-08-14,2011,août,dimanche,42:0,75,75113,0,0,2,1,1,5,3,4,2,06,-1,-1,000,220,2,2,1,4,1,23,5,1,2,00,2,4,5,201100058303A01,7,7,1
201100058314,2011-09-08,2011,septembre,jeudi,13:00,75,75103,0,0,2,1,2,1,2,4,1,03,1,1,000,124,2,0,1,4,1,72,5,1,2,00,0,4,16,201100058314B01,7,1,1
201100058322,2011-09-16,2011,septembre,vendredi,15:50,75,75104,0,0,2,7,3,1,1,4,-1,04,1,-1,250,200,1,0,1,4,1,16,2,1,2,00,2,8,1,201100058322B01,7,1,1
201100058325,2011-09-25,2011,septembre,dimanche,10:25,75,75104,0,0,2,3,6,1,7,4,2,05,-1,-1,150,150,1,0,1,4,1,40,5,1,2,00,2,4,1,201100058325A01,7,1,1
201100058328,2011-09-27,2011,septembre,mardi,20:40,75,75104,0,0,2,3,3,5,1,4,1,01,1,1,000,000,1,6,0,4,1,24,2,1,2,00,2,1,7,201100058328A01,7,16,1
201100058337,2011-10-10,2011,octobre,lundi,17:31,75,75104,0,0,2,4,1,1,1,4,2,01,1,-1,023,053,1,0,1,3,1,11,0,1,2,00,2,1,5,201100058337B01,7,15,1
201100058340,2011-10-15,2011,octobre,samedi,16:40,75,75104,0,0,2,2,6,1,1,4,1,00,1,3,000,080,1,0,1,4,2,51,5,1,2,00,0,7,16,201100058340B01,34,16,1
201100058341,2011-10-18,2011,octobre,mardi,16:05,75,75104,0,0,2,7,2,1,2,4,1,03,1,-1,000,070,2,0,1,4,1,26,0,1,2,00,2,4,2,201100058341B01,7,2,1
201100058342,2011-10-20,2011,octobre,jeudi,17:15,75,75104,0,0,2,1,2,1,1,4,1,01,1,1,000,059,1,0,1,4,2,17,0,1,2,00,2,4,13,201100058342B01,34,17,1
201100058349,2011-11-13,2011,novembre,dimanche,75:0,75,75104,0,0,2,5,6,1,1,4,2,04,1,1,000,000,1,2,0,4,1,27,5,1,2,14,0,1,13,201100058349A01,,,
201100058370,2011-12-19,2011,décembre,lundi,17:00,75,75104,0,0,2,5,3,5,3,4,2,04,1,1,000,155,2,0,1,4,1,31,5,1,2,00,2,8,15,201100058370B01,32,5,1
201100058372,2011-12-23,2011,décembre,vendredi,15:20,75,75104,0,0,2,2,6,1,1,4,1,03,1,1,009,120,1,0,1,1,1,24,4,1,2,00,1,1,1,201100058372A01,,,
201100058391,2011-03-08,2011,mars,mardi,19:40,75,75105,0,0,2,1,2,5,1,4,2,03,1,1,000,105,1,0,1,4,1,29,1,1,2,00,2,4,2,201100058391A01,3,23,1
201100058392,2011-03-12,2011,mars,samedi,19:50,75,75105,0,0,2,1,3,5,2,4,2,04,1,1,004,155,2,0,1,4,1,47,5,1,2,00,2,1,7,201100058392B01,7,22,1
201100058400,2011-03-24,2011,mars,jeudi,74:5,75,75105,0,0,2,5,6,1,1,4,2,04,1,-1,005,160,1,0,1,3,1,59,0,1,2,00,1,1,7,201100058400A01,,,
201100058402,2011-03-25,2011,mars,vendredi,13:05,75,75105,0,0,2,4,3,1,1,4,1,01,1,-1,000,060,1,0,1,4,1,28,2,1,2,00,2,8,15,201100058402B01,7,16,1
201100058416,2011-05-12,2011,mai,jeudi,12:15,75,75105,0,0,2,4,6,1,1,4,1,01,4,1,000,030,1,0,1,1,1,22,2,1,2,00,1,1,1,201100058416A01,,,
201100058417,2011-05-13,2011,mai,vendredi,10:05,75,75105,0,0,2,2,1,1,1,4,1,01,1,1,000,050,1,0,1,1,1,55,5,1,2,00,0,1,5,201100058417B01,1,15,1
201100058417,2011-05-13,2011,mai,vendredi,10:05,75,75105,0,0,2,2,1,1,1,4,1,01,1,1,000,050,1,0,1,4,1,38,5,1,2,00,0,1,15,201100058417A01,1,5,1
201100058418,2011-05-13,2011,mai,vendredi,18:40,75,75105,0,0,2,2,7,1,1,4,2,02,2,1,000,148,2,0,1,4,1,45,1,1,2,00,0,0,2,201100058418A01,,,
201100058440,2011-06-12,2011,juin,dimanche,15:20,75,75106,0,0,2,7,3,1,1,4,-1,01,2,1,020,120,1,0,1,4,2,28,5,1,2,00,0,8,1,201100058440B01,7,16,1
201100058442,2011-06-14,2011,juin,mardi,19:30,75,75105,0,0,2,3,3,1,1,4,1,01,1,1,000,060,1,0,5,4,2,43,5,1,2,01,0,1,1,201100058442B01,7,22,1
201100058444,2011-06-16,2011,juin,jeudi,15:30,75,75105,0,0,2,1,3,1,1,4,1,01,1,1,000,050,1,0,5,4,2,23,0,1,2,00,2,1,1,201100058444B01,7,9,1
201100058445,2011-06-16,2011,juin,jeudi,19:35,75,75105,0,0,2,2,3,1,1,4,2,02,2,1,000,125,1,0,1,1,2,25,1,1,2,00,9,8,19,201100058445B01,31,1,1
201100058453,2011-06-22,2011,juin,mercredi,11:0,75,75105,0,0,2,4,3,5,2,4,1,01,3,1,000,059,2,0,1,4,2,23,5,1,2,00,0,1,1,201100058453A01,7,15,1
201100058460,2011-06-25,2011,juin,samedi,11:0,75,75105,0,0,2,1,6,5,1,4,2,04,1,-1,000,140,1,0,1,4,1,30,1,1,2,00,2,3,7,201100058460B01,7,14,1
201100058461,2011-06-25,2011,juin,samedi,20:00,75,75105,0,0,2,1,6,1,1,4,1,01,1,-1,000,060,1,0,1,1,1,17,0,1,2,00,1,1,5,201100058461A01,,,
201100058463,2011-06-27,2011,juin,lundi,20:30,75,75105,0,0,2,3,6,2,1,4,2,03,2,1,000,120,1,0,1,4,1,37,1,1,2,00,0,1,7,201100058463A01,10,16,1
201100058470,2011-07-03,2011,juillet,dimanche,15:20,75,75105,0,0,2,1,3,1,1,4,2,02,1,1,160,120,1,0,1,4,2,27,5,1,2,00,2,3,1,201100058470B01,7,22,1
201100058480,2011-08-06,2011,août,samedi,17:35,75,75105,0,0,2,1,3,1,1,4,-1,02,1,1,000,087,1,0,1,4,1,19,5,1,2,00,2,8,13,201100058480B01,37,17,1
201100058482,2011-08-10,2011,août,mercredi,19:45,75,75106,0,0,2,2,3,2,1,4,1,01,3,1,000,035,1,0,1,4,1,24,5,1,2,00,2,3,13,201100058482A01,10,17,1
201100058484,2011-08-23,2011,août,mardi,73:5,75,75105,0,0,2,1,6,1,1,4,2,04,2,1,005,140,1,0,1,1,1,38,0,1,2,00,1,8,17,201100058484A01,,,
201100058494,2011-09-08,2011,septembre,jeudi,13:35,75,75105,0,0,2,5,3,1,2,4,2,04,2,1,700,130,2,0,1,4,2,27,5,1,2,00,2,4,1,201100058494B01,7,16,1
201100058503,2011-10-03,2011,octobre,lundi,75:5,75,75105,0,0,2,5,3,1,1,4,1,03,1,1,005,142,1,0,5,1,1,39,9,1,2,00,2,1,1,201100058503B01,32,1,1
201100058504,2011-10-04,2011,octobre,mardi,14:0,75,75105,0,0,2,1,2,5,1,4,1,04,1,1,000,140,1,0,1,4,1,24,5,1,2,00,2,1,2,201100058504A01,7,23,1
201100058505,2011-10-05,2011,octobre,mercredi,22:50,75,75105,0,0,2,2,3,5,1,4,1,04,1,1,000,145,1,0,1,4,1,38,0,1,2,00,2,8,7,201100058505B01,7,17,1
201100058509,2011-10-07,2011,octobre,vendredi,12:00,75,75105,0,0,2,2,3,1,1,4,1,00,1,1,000,114,1,0,1,4,1,30,5,1,2,00,0,1,1,201100058509B01,7,1,1
201100058513,2011-10-11,2011,octobre,mardi,92:5,75,75105,0,0,2,1,3,1,1,4,1,02,1,1,000,148,1,0,1,4,2,25,1,1,2,00,2,8,7,201100058513B01,7,17,1
201100058515,2011-10-11,2011,octobre,mardi,19:15,75,75105,0,0,2,5,6,2,1,4,1,03,1,1,000,090,1,0,1,4,2,24,2,1,2,00,1,1,1,201100058515A01,,,
201100058516,2011-10-12,2011,octobre,mercredi,17:00,75,75105,0,0,2,1,3,1,1,4,1,01,1,1,000,035,1,0,1,4,1,17,5,1,2,00,2,7,18,201100058516B01,7,22,1
201100058519,2011-10-13,2011,octobre,jeudi,13:10,75,75105,0,0,2,2,6,1,1,4,2,03,1,1,000,000,1,0,1,1,1,19,9,1,2,00,1,0,1,201100058519A01,,,
201100058521,2011-10-31,2011,octobre,lundi,18:00,75,75105,0,0,2,1,7,2,1,4,1,03,1,1,005,120,1,0,1,4,2,23,5,1,2,00,2,8,7,201100058521A01,,,
201100058522,2011-11-01,2011,novembre,mardi,20:40,75,75105,0,0,2,5,5,5,9,4,3,06,1,1,000,000,2,5,1,1,1,42,5,1,2,00,2,1,7,201100058522B01,32,1,1
201100058522,2011-11-01,2011,novembre,mardi,20:40,75,75105,0,0,2,5,5,5,9,4,3,06,1,1,000,000,2,5,1,4,2,31,5,1,2,00,2,1,7,201100058522C01,32,1,1
201100058533,2011-11-28,2011,novembre,lundi,15:55,75,75105,0,0,2,1,3,1,8,4,2,02,-1,1,000,090,1,0,1,4,2,27,5,1,2,01,0,8,1,201100058533B01,7,22,1
201100058535,2011-12-02,2011,décembre,vendredi,21:20,75,75113,0,0,2,3,3,5,1,4,2,02,-1,-1,000,000,1,0,0,4,1,47,0,1,2,00,2,1,7,201100058535B01,7,15,1
201100058545,2011-12-14,2011,décembre,mercredi,11:35,75,75105,0,0,2,5,3,1,1,4,2,04,1,1,005,150,1,0,1,4,2,68,0,1,2,00,2,1,1,201100058545B01,7,16,1
201100058551,2011-12-20,2011,décembre,mardi,16:50,75,75105,0,0,2,5,6,2,8,4,1,01,1,1,000,040,1,5,1,1,2,42,2,1,2,00,1,7,1,201100058551A01,,,
201100058574,2011-03-16,2011,mars,mercredi,22:20,75,75106,0,0,2,5,2,5,1,4,1,02,2,1,015,070,1,0,1,4,1,25,0,1,2,00,2,1,23,201100058574B01,1,2,1
201100058574,2011-03-16,2011,mars,mercredi,22:20,75,75106,0,0,2,5,2,5,1,4,1,02,2,1,015,070,1,0,1,4,1,27,0,1,2,00,2,4,2,201100058574A01,1,23,1
201100058579,2011-03-29,2011,mars,mardi,12:30,75,75105,0,0,2,5,3,1,1,4,2,00,1,1,000,000,1,0,1,4,2,25,5,1,2,00,2,2,1,201100058579A01,7,1,1
201100058598,2011-05-03,2011,mai,mardi,19:00,75,75106,0,0,2,1,3,1,1,4,1,02,1,-1,010,100,1,0,1,4,2,16,5,1,2,00,2,8,7,201100058598B01,7,22,1
201100058599,2011-05-04,2011,mai,mercredi,12:25,75,75106,0,0,2,5,3,1,1,4,2,06,1,1,000,350,1,0,1,4,1,18,2,1,2,00,2,4,7,201100058599A01,37,16,1
201100058614,2011-05-25,2011,mai,mercredi,19:45,75,75106,0,0,2,5,3,1,1,4,2,02,1,1,000,000,1,5,1,4,2,50,0,1,2,00,2,1,7,201100058614B01,7,10,1
201100058631,2011-06-24,2011,juin,vendredi,93:0,75,75106,0,0,2,5,3,1,1,4,1,01,1,1,000,076,1,0,1,4,2,19,1,1,2,00,0,8,16,201100058631B01,14,16,1
201100058654,2011-07-30,2011,juillet,samedi,17:10,75,75106,0,0,2,2,3,1,1,4,1,02,1,1,000,053,1,0,1,1,1,19,4,1,2,00,2,8,15,201100058654A01,32,1,1
201100058655,2011-07-31,2011,juillet,dimanche,19:41,75,75106,0,0,2,1,3,1,1,4,2,02,1,1,000,131,1,0,1,4,1,36,4,1,2,00,2,2,1,201100058655B01,7,22,1
201100058679,2011-09-24,2011,septembre,samedi,12:15,75,75106,0,0,2,1,6,1,1,4,1,01,1,1,000,078,1,0,1,4,2,61,5,1,2,00,1,1,5,201100058679A01,,,
201100058680,2011-09-25,2011,septembre,dimanche,16:48,75,75106,0,0,2,1,3,1,1,4,2,00,2,1,000,110,1,0,1,4,1,38,0,1,2,01,2,1,1,201100058680B01,7,22,1
201100058681,2011-09-28,2011,septembre,mercredi,10:15,75,75106,0,0,2,3,2,1,1,4,1,03,1,1,005,046,1,0,1,4,1,60,9,1,2,01,0,1,7,201100058681A01,7,22,1
201100058682,2011-09-29,2011,septembre,jeudi,83:0,75,75106,0,0,2,7,2,1,1,4,1,02,1,1,000,095,2,0,1,4,1,40,0,1,2,00,2,1,1,201100058682A01,10,1,1
201100058685,2011-10-05,2011,octobre,mercredi,12:33,75,75106,0,0,2,1,3,1,1,4,2,02,1,1,000,120,1,0,1,4,1,20,0,1,2,00,2,3,13,201100058685A01,37,1,1
201100058690,2011-10-11,2011,octobre,mardi,23:25,75,75106,0,0,2,2,3,5,1,4,2,03,2,1,000,170,1,0,1,3,1,22,0,1,2,00,2,1,1,201100058690A01,7,15,1
201100058691,2011-10-12,2011,octobre,mercredi,12:45,75,75106,0,0,2,2,6,1,8,4,1,04,1,1,000,120,1,0,1,1,1,18,0,1,2,00,1,1,7,201100058691A01,,,
201100058692,2011-10-16,2011,octobre,dimanche,13:15,75,75106,0,0,2,3,3,1,1,4,1,01,1,1,000,060,1,0,1,4,1,81,0,1,2,01,0,1,1,201100058692B01,7,22,1
201100058717,2011-11-21,2011,novembre,lundi,12:20,75,75106,0,0,2,2,3,1,1,4,2,02,1,1,000,125,1,0,1,4,2,45,5,1,2,00,2,0,1,201100058717B01,7,22,1
201100058722,2011-12-02,2011,décembre,vendredi,12:19,75,75106,0,0,2,2,3,1,1,4,1,03,1,1,140,140,1,0,1,4,2,42,0,1,2,00,2,8,15,201100058722A01,10,1,1
201100058723,2011-12-07,2011,décembre,mercredi,12:30,75,75106,0,0,2,2,3,1,1,4,1,00,1,1,000,000,1,0,1,4,1,19,2,1,2,00,2,7,1,201100058723A01,7,1,1
201100058729,2011-12-16,2011,décembre,vendredi,13:20,75,75106,0,0,2,3,3,1,2,4,1,01,1,1,000,050,2,0,1,3,2,49,1,1,2,00,2,1,1,201100058729B01,7,22,1
201100058730,2011-12-20,2011,décembre,mardi,72:0,75,75106,0,0,2,1,2,2,1,4,2,00,1,1,000,000,2,0,1,4,1,37,1,1,2,00,2,8,18,201100058730B01,7,16,1
201100058757,2011-02-11,2011,février,vendredi,15:45,75,75107,0,0,2,5,3,1,1,4,2,01,1,1,000,080,1,0,1,4,1,31,5,1,2,00,2,4,15,201100058757A01,33,1,1
201100058758,2011-02-11,2011,février,vendredi,17:20,75,75107,0,0,2,5,2,1,1,4,1,03,1,-1,000,000,1,0,1,4,2,24,5,1,2,00,2,4,2,201100058758B01,7,2,1
201100058765,2011-02-22,2011,février,mardi,15:20,75,75107,0,0,2,1,7,1,1,4,-1,00,1,1,000,080,1,0,4,4,2,59,5,1,2,00,0,0,1,201100058765A01,,,
201100058784,2011-03-31,2011,mars,jeudi,23:05,75,75107,0,0,2,2,3,5,1,4,2,02,1,1,000,127,1,0,1,4,1,29,5,1,2,00,2,2,1,201100058784B01,7,15,1
201100058806,2011-05-07,2011,mai,samedi,13:40,75,75107,0,0,2,2,3,1,1,4,2,04,-1,-1,000,150,1,0,1,1,1,35,5,1,2,00,2,1,7,201100058806A01,30,1,1
201100058807,2011-05-10,2011,mai,mardi,18:20,75,75107,0,0,2,3,7,1,1,4,2,02,1,3,000,000,8,0,1,4,2,32,1,1,2,00,0,0,1,201100058807A01,,,
201100058811,2011-05-22,2011,mai,dimanche,10:40,75,75107,0,0,2,2,3,1,1,4,2,02,1,-1,000,148,1,0,1,4,1,51,5,1,2,00,2,6,1,201100058811B01,7,14,1
201100058815,2011-05-29,2011,mai,dimanche,20:00,75,75107,0,0,2,1,3,1,1,4,1,01,1,1,000,069,1,0,1,4,2,44,5,1,2,00,2,8,1,201100058815B01,7,22,1
201100058818,2011-05-31,2011,mai,mardi,21:00,75,75107,0,0,2,2,3,1,1,4,1,02,1,-1,000,000,1,0,1,4,1,48,1,1,2,00,9,1,1,201100058818A01,32,1,1
201100058832,2011-06-23,2011,juin,jeudi,23:55,75,75107,0,0,2,3,7,3,1,4,-1,01,1,-1,000,100,9,6,0,4,1,26,5,1,8,15,0,0,1,201100058832A01,,,
201100058849,2011-07-18,2011,juillet,lundi,21:55,75,75107,0,0,2,4,3,5,1,4,1,01,1,1,000,000,1,0,1,4,2,22,0,1,2,00,2,0,19,201100058849A01,7,1,1
201100058856,2011-08-03,2011,août,mercredi,14:55,75,75107,0,0,2,5,6,1,1,4,2,02,1,1,244,115,1,0,1,1,1,42,0,1,2,00,1,1,1,201100058856A01,,,
201100058865,2011-08-29,2011,août,lundi,15:45,75,75107,0,0,2,4,3,1,1,4,1,03,1,1,000,150,1,0,1,3,1,41,5,1,2,00,2,1,1,201100058865B01,30,16,1
201100058867,2011-08-31,2011,août,mercredi,18:10,75,75107,0,0,2,1,7,1,7,4,-1,01,1,1,000,000,1,0,5,4,1,59,1,1,2,00,0,0,1,201100058867A01,,,
201100058875,2011-09-14,2011,septembre,mercredi,10:00,75,75107,0,0,2,1,6,1,1,4,1,01,1,1,000,072,1,0,1,1,2,23,0,1,2,00,1,1,1,201100058875A01,,,
201100058878,2011-09-16,2011,septembre,vendredi,18:30,75,75107,0,0,2,2,3,1,1,4,3,02,1,1,000,042,1,5,1,4,2,41,1,1,2,00,2,6,1,201100058878A01,31,1,1
201100058881,2011-09-22,2011,septembre,jeudi,14:30,75,75107,0,0,2,2,3,1,1,4,1,00,1,-1,000,000,1,0,1,4,2,45,1,1,2,00,2,8,1,201100058881B01,7,14,1
201100058886,2011-10-01,2011,octobre,samedi,12:30,75,75107,0,0,2,1,2,1,1,4,2,02,1,-1,000,000,1,0,1,1,2,38,0,1,2,00,2,4,1,201100058886B01,7,1,1
201100058886,2011-10-01,2011,octobre,samedi,12:30,75,75107,0,0,2,1,2,1,1,4,2,02,1,-1,000,000,1,0,1,4,2,4,0,1,2,00,2,4,1,201100058886B01,7,1,1
201100058890,2011-10-10,2011,octobre,lundi,85:5,75,75107,0,0,2,7,3,1,8,4,-1,02,1,-1,000,084,1,0,1,4,2,46,1,1,2,00,2,3,15,201100058890B01,7,15,1
201100058894,2011-10-12,2011,octobre,mercredi,14:10,75,75107,0,0,2,1,2,1,1,4,2,04,1,1,000,100,1,0,1,4,1,16,5,1,2,00,2,1,2,201100058894A01,7,2,1
201100058902,2011-11-03,2011,novembre,jeudi,13:40,75,75107,0,0,2,1,3,1,2,4,2,02,1,1,000,070,2,0,1,4,1,60,5,1,2,00,2,1,17,201100058902A01,7,22,1
201100058913,2011-11-15,2011,novembre,mardi,16:30,75,75107,0,0,2,1,6,2,1,4,2,01,1,-1,000,000,1,0,1,4,2,55,0,1,2,15,2,7,1,201100058913B01,7,17,1
201100058939,2011-12-26,2011,décembre,lundi,14:45,75,75107,0,0,2,3,2,1,1,4,2,02,1,1,000,118,1,0,1,4,1,25,4,1,2,00,0,1,1,201100058939B01,7,22,1
201100058953,2011-01-15,2011,janvier,samedi,20:15,75,75108,0,0,2,5,3,5,1,4,1,04,1,-1,000,000,1,0,1,4,2,70,0,1,2,00,2,2,1,201100058953B01,7,22,1
201100058960,2011-01-26,2011,janvier,mercredi,14:35,75,75116,0,0,2,1,3,1,2,4,1,01,1,1,000,000,2,0,1,4,1,37,1,1,2,00,2,1,1,201100058960B01,7,22,1
201100058980,2011-02-09,2011,février,mercredi,21:15,75,75108,0,0,2,2,3,5,1,4,-1,00,-1,-1,000,000,-1,0,0,4,1,40,0,1,2,00,2,7,19,201100058980B01,7,16,1
201100058998,2011-03-03,2011,mars,jeudi,17:42,75,75108,0,0,2,4,3,1,1,4,2,02,1,1,000,150,1,0,1,4,1,62,0,1,2,00,2,1,1,201100058998B01,7,15,1
201100059002,2011-03-06,2011,mars,dimanche,84:5,75,75108,0,0,2,5,3,1,1,4,2,02,1,2,000,000,1,0,1,4,1,22,5,1,2,00,2,1,1,201100059002A01,7,15,1
201100059016,2011-03-18,2011,mars,vendredi,18:50,75,75108,0,0,2,1,3,5,2,4,1,01,2,1,000,080,2,0,1,4,2,25,5,1,2,00,2,7,1,201100059016B01,7,22,1
201100059018,2011-03-20,2011,mars,dimanche,16:20,75,75108,0,0,2,3,2,1,1,4,1,02,2,1,000,100,1,0,1,4,2,33,5,1,2,00,2,7,13,201100059018B01,30,17,1
201100059040,2011-03-02,2011,mars,mercredi,15:50,75,75108,0,0,2,1,7,1,1,4,2,08,1,1,000,000,1,0,1,4,2,47,5,1,2,00,0,0,1,201100059040A01,,,
201100059063,2011-04-28,2011,avril,jeudi,84:5,75,75108,0,0,2,1,2,1,1,4,1,00,1,1,000,240,1,0,1,4,2,31,0,1,2,00,2,6,2,201100059063B01,34,2,1
201100059064,2011-04-29,2011,avril,vendredi,16:00,75,75101,0,0,2,3,3,1,1,4,1,01,1,1,000,200,1,0,1,3,1,75,9,1,2,00,2,4,13,201100059064B01,32,1,1
201100059074,2011-05-07,2011,mai,samedi,11:00,75,75108,0,0,2,1,3,1,1,4,1,03,1,1,000,000,1,0,1,4,1,53,5,1,2,00,2,1,7,201100059074B01,7,22,1
201100059077,2011-05-08,2011,mai,dimanche,23:26,75,75108,0,0,2,2,3,5,1,4,1,01,2,1,000,040,1,0,1,4,1,27,5,1,2,00,2,1,19,201100059077A01,34,15,1
201100059091,2011-05-19,2011,mai,jeudi,16:10,75,75108,0,0,2,5,3,1,1,4,1,03,1,1,000,200,1,0,1,4,1,25,4,1,2,00,2,8,1,201100059091B01,7,10,1
201100059111,2011-06-08,2011,juin,mercredi,20:32,75,75108,0,0,2,7,3,5,1,4,-1,02,1,1,000,000,1,0,5,4,2,28,9,1,2,00,2,2,19,201100059111B01,32,18,1
201100059113,2011-06-09,2011,juin,jeudi,20:20,75,75108,0,0,2,1,2,2,1,4,1,00,1,1,000,200,1,0,1,4,2,41,4,1,2,00,2,3,2,201100059113B01,34,2,1
201100059130,2011-06-27,2011,juin,lundi,10:00,75,75108,0,0,2,1,7,1,1,4,3,02,2,1,100,100,1,0,1,4,2,26,5,1,2,00,1,1,21,201100059130A01,,,
201100059133,2011-06-28,2011,juin,mardi,13:5,75,75108,0,0,2,5,3,5,1,4,1,02,1,-1,000,070,1,6,0,4,2,25,0,1,2,00,0,0,19,201100059133B01,2,1,1
201100059137,2011-06-29,2011,juin,mercredi,14:00,75,75108,0,0,2,2,7,1,1,4,2,02,2,1,001,100,1,0,1,4,1,28,5,1,2,00,0,7,1,201100059137A01,,,
201100059140,2011-07-02,2011,juillet,samedi,20:30,75,75108,0,0,2,7,3,1,1,4,2,02,1,3,001,100,1,0,1,4,1,51,5,1,2,00,2,1,1,201100059140B01,33,1,1
201100059143,2011-07-06,2011,juillet,mercredi,11:50,75,75108,0,0,2,1,7,1,1,4,2,01,1,1,000,000,1,0,5,4,1,62,0,1,2,00,0,3,21,201100059143A01,,,