Num_Acc,date,an,mois,jour,hrmn,dep,com,lat,long,agg,int,col,lum,atm,catr,circ,nbv,prof,plan,lartpc,larrout,surf,infra,situ,grav,sexe,age,trajet,secuexist,equipement,obs,obsm,choc,manv,vehiculeid,typevehicules,manoeuvehicules,numVehicules
201100059149,2011-07-09,2011,juillet,samedi,11:40,75,75108,0,0,2,3,7,1,2,4,2,02,2,1,000,130,2,0,1,4,1,57,5,1,2,00,0,0,1,201100059149A01,,,
201100059156,2011-07-16,2011,juillet,samedi,19:16,75,75108,0,0,2,7,3,2,3,4,1,00,1,1,000,140,2,0,1,4,2,49,5,1,2,00,2,8,1,201100059156A01,7,1,1
201100059165,2011-07-23,2011,juillet,samedi,22:14,75,75108,0,0,2,7,3,5,1,4,1,04,1,1,000,080,1,0,1,4,1,20,5,1,2,00,2,2,5,201100059165A01,7,1,1
201100059167,2011-07-27,2011,juillet,mercredi,10:30,75,75108,0,0,2,2,3,1,1,4,1,03,1,1,000,120,1,0,1,4,1,19,1,1,2,00,2,6,7,201100059167B01,10,16,1
201100059174,2011-08-01,2011,août,lundi,22:35,75,75108,0,0,2,2,3,5,1,4,2,06,1,1,000,000,1,0,1,4,1,29,5,1,2,00,2,8,7,201100059174B01,37,17,1
201100059175,2011-08-04,2011,août,jeudi,64:0,75,75108,0,0,2,5,7,1,1,4,1,01,1,-1,010,150,1,0,1,4,1,36,1,1,2,00,0,0,1,201100059175A01,,,
201100059182,2011-08-11,2011,août,jeudi,16:45,75,75108,0,0,2,7,6,1,1,4,1,05,1,3,000,200,1,0,1,4,1,25,1,1,2,00,2,6,1,201100059182C01,10/ 7,18/16,2
201100059187,2011-08-17,2011,août,mercredi,21:00,75,75108,0,0,2,5,3,5,1,4,2,02,1,-1,000,000,1,0,1,4,1,35,5,1,2,00,2,1,1,201100059187A01,37,1,1
201100059210,2011-09-13,2011,septembre,mardi,95:5,75,75108,0,0,2,2,3,1,1,4,2,08,2,1,000,270,1,0,1,4,2,29,1,1,2,00,2,8,13,201100059210B01,32,1,1
201100059212,2011-09-13,2011,septembre,mardi,18:30,75,75108,0,0,2,1,3,1,1,4,1,01,1,1,000,045,1,0,1,4,1,28,5,1,2,00,2,7,1,201100059212B01,7,22,1
201100059215,2011-09-16,2011,septembre,vendredi,13:30,75,75108,0,0,2,2,6,1,1,4,1,03,1,1,000,080,1,0,1,1,1,32,5,1,2,00,1,1,1,201100059215A01,,,
201100059223,2011-09-25,2011,septembre,dimanche,41:5,75,75108,0,0,2,3,2,5,1,4,2,08,-1,1,000,160,1,0,1,4,2,24,0,1,2,00,2,4,1,201100059223B01,7,1,1
201100059236,2011-10-05,2011,octobre,mercredi,17:30,75,75108,0,0,2,2,7,1,1,4,1,02,1,1,000,000,1,0,1,4,1,32,4,1,2,00,0,0,1,201100059236A01,,,
201100059245,2011-10-11,2011,octobre,mardi,83:0,75,75108,0,0,2,2,6,1,1,4,1,00,2,1,000,000,1,0,4,4,2,42,1,1,2,00,1,7,1,201100059245A01,,,
201100059246,2011-10-11,2011,octobre,mardi,18:00,75,75108,0,0,2,3,3,1,1,4,1,01,1,1,000,060,1,0,1,4,2,21,0,1,2,00,2,1,1,201100059246B01,7,22,1
201100059255,2011-10-21,2011,octobre,vendredi,22:50,75,75108,0,0,2,2,3,5,1,4,1,01,1,1,000,050,1,0,1,4,2,23,0,1,2,00,2,2,1,201100059255A01,32,1,1
201100059263,2011-10-25,2011,octobre,mardi,17:00,75,75108,0,0,2,7,2,1,8,4,2,03,1,1,000,120,2,0,5,4,1,23,1,1,2,00,2,8,23,201100059263B01,7,1,1
201100059266,2011-10-28,2011,octobre,vendredi,14:15,75,75108,0,0,2,5,2,1,1,4,1,01,2,1,000,000,1,0,1,4,1,58,1,1,2,01,0,1,1,201100059266B01,10,22,1
201100059298,2011-11-30,2011,novembre,mercredi,10:10,75,75108,0,0,2,1,6,1,1,4,2,03,2,1,000,100,1,0,1,1,2,19,2,1,2,00,1,1,1,201100059298A01,,,
201100059321,2011-12-14,2011,décembre,mercredi,10:15,75,75108,0,0,2,1,3,1,1,4,1,01,2,1,000,080,1,0,1,4,1,29,1,1,2,00,2,8,18,201100059321A01,32,1,1
201100059339,2011-12-22,2011,décembre,jeudi,20:00,75,75108,0,0,2,1,3,5,8,4,2,04,1,1,000,150,1,0,1,4,1,48,5,1,2,00,2,1,1,201100059339B01,7,9,1
201100059340,2011-12-22,2011,décembre,jeudi,21:50,75,75108,0,0,2,1,2,5,1,4,1,06,1,2,000,180,1,0,1,4,1,42,5,1,2,00,2,4,2,201100059340B01,7,2,1
201100059355,2011-01-17,2011,janvier,lundi,17:30,75,75109,0,0,2,1,3,1,1,4,1,04,1,1,000,140,1,0,1,4,1,46,0,1,2,00,2,7,13,201100059355B01,7,1,1
201100059385,2011-03-20,2011,mars,dimanche,17:20,75,75109,0,0,2,2,6,1,1,4,3,04,1,1,000,000,1,0,1,4,1,29,5,1,2,00,1,1,1,201100059385A01,,,
201100059395,2011-04-14,2011,avril,jeudi,94:0,75,75109,0,0,2,7,3,1,1,4,1,01,4,1,000,000,1,5,1,4,1,36,1,1,2,00,2,1,5,201100059395A01,32,1,1
201100059397,2011-04-15,2011,avril,vendredi,15:30,75,75109,0,0,2,2,6,1,8,4,1,01,1,1,000,060,1,0,1,4,1,25,4,1,2,00,0,0,1,201100059397B01,2,1,1
201100059400,2011-04-19,2011,avril,mardi,10:45,75,75109,0,0,2,1,6,1,1,4,-1,00,-1,-1,000,000,-1,0,0,1,1,32,0,1,2,00,1,0,5,201100059400A01,,,
201100059405,2011-04-24,2011,avril,dimanche,20:0,75,75109,0,0,2,2,7,5,1,4,1,01,1,1,000,200,1,0,0,4,1,28,5,1,2,00,0,0,1,201100059405A01,,,
201100059410,2011-05-01,2011,mai,dimanche,94:5,75,75109,0,0,2,5,3,1,1,4,1,02,1,1,000,150,1,0,1,4,2,38,0,1,2,00,2,3,14,201100059410A01,7,1,1
201100059415,2011-05-10,2011,mai,mardi,18:30,75,75109,0,0,2,3,3,1,1,4,1,00,1,1,000,000,1,0,1,4,1,30,0,1,2,00,2,7,5,201100059415A01,7,15,1
201100059416,2011-05-12,2011,mai,jeudi,92:0,75,75109,0,0,2,2,3,1,1,4,2,02,1,1,000,040,1,5,1,4,2,50,1,1,2,00,2,1,1,201100059416B01,10,16,1
201100059418,2011-05-16,2011,mai,lundi,17:39,75,75109,0,0,2,2,6,1,1,4,-1,01,1,1,000,050,1,0,1,1,1,29,0,1,2,00,2,6,1,201100059418A01,34,1,1
201100059428,2011-05-31,2011,mai,mardi,21:23,75,75109,0,0,2,2,3,1,1,4,1,01,1,1,000,060,1,0,0,4,2,42,5,1,2,00,2,8,1,201100059428B01,2,1,1
201100059431,2011-06-07,2011,juin,mardi,12:10,75,75109,0,0,2,1,2,1,8,4,1,02,1,1,000,070,1,0,1,4,1,41,5,1,2,00,2,1,2,201100059431A01,10,2,1
201100059445,2011-07-05,2011,juillet,mardi,85:0,75,75109,0,0,2,1,3,1,1,4,1,03,1,1,300,150,1,0,1,4,1,24,1,1,2,00,2,0,1,201100059445B01,7,22,1
201100059450,2011-07-10,2011,juillet,dimanche,17:45,75,75109,0,0,2,5,3,1,1,4,2,02,1,1,000,000,1,0,1,4,1,55,0,1,2,00,2,1,15,201100059450B01,7,1,1
201100059452,2011-07-12,2011,juillet,mardi,74:0,75,75109,0,0,2,3,3,1,1,4,1,01,1,1,000,040,1,5,0,4,1,37,1,1,2,00,2,1,7,201100059452B01,7,16,1
201100059465,2011-07-29,2011,juillet,vendredi,16:09,75,75109,0,0,2,1,6,1,1,4,1,02,1,1,000,000,8,0,1,4,1,32,5,1,2,14,0,1,11,201100059465A01,,,
201100059488,2011-09-16,2011,septembre,vendredi,10:50,75,75109,0,0,2,3,2,1,1,4,1,02,1,-1,000,000,1,0,1,4,2,33,4,1,8,01,0,7,1,201100059488B01,32,13,1
201100059495,2011-09-23,2011,septembre,vendredi,80:0,75,75109,0,0,2,3,6,1,1,4,1,01,2,1,000,050,2,0,1,4,2,23,1,1,2,00,1,1,5,201100059495A01,,,
201100059519,2011-10-21,2011,octobre,vendredi,21:00,75,75109,0,0,2,5,3,5,1,4,1,02,1,1,010,030,1,0,1,4,1,26,0,1,2,00,2,5,18,201100059519A01,7,16,1
201100059533,2011-11-04,2011,novembre,vendredi,91:0,75,75109,0,0,2,1,6,1,1,4,1,01,1,1,000,000,1,0,1,4,2,31,0,1,2,00,2,0,12,201100059533A01,30,14,1
201100059536,2011-11-10,2011,novembre,jeudi,93:0,75,75109,0,0,2,1,6,1,1,4,1,02,2,1,000,060,1,0,4,1,2,25,1,1,2,00,1,1,1,201100059536A01,,,
201100059545,2011-11-16,2011,novembre,mercredi,10:40,75,75109,0,0,2,1,2,1,1,4,1,01,1,1,000,000,1,0,1,4,2,31,5,1,2,01,0,7,7,201100059545A01,7,22,1
201100059553,2011-12-01,2011,décembre,jeudi,85:0,75,75109,0,0,2,1,3,1,2,4,1,02,1,1,000,100,2,0,5,4,1,43,1,1,2,00,2,1,1,201100059553B01,7,22,1
201100059568,2011-01-07,2011,janvier,vendredi,12:00,75,75110,0,0,2,1,6,1,2,4,1,01,1,1,000,012,2,0,5,4,1,44,0,1,2,00,1,1,1,201100059568A01,,,
201100059568,2011-01-07,2011,janvier,vendredi,12:00,75,75110,0,0,2,1,6,1,2,4,1,01,1,1,000,012,2,0,5,4,1,36,0,1,8,00,1,1,1,201100059568A01,,,
201100059599,2011-02-11,2011,février,vendredi,13:15,75,75110,0,0,2,1,7,1,1,4,1,01,1,1,000,023,1,0,1,4,1,55,5,1,2,00,0,0,1,201100059599A01,,,
201100059604,2011-02-14,2011,février,lundi,19:50,75,75110,0,0,2,5,3,5,1,4,3,04,2,1,000,000,1,0,1,1,1,45,1,1,2,00,2,1,1,201100059604A01,30,1,1
201100059605,2011-02-16,2011,février,mercredi,85:0,75,75110,0,0,2,3,3,1,1,4,2,01,2,1,000,030,1,0,1,4,1,27,1,1,2,00,2,1,1,201100059605A01,7,15,1
201100059607,2011-02-18,2011,février,vendredi,16:30,75,75110,0,0,2,1,6,1,1,4,1,02,1,1,000,250,1,0,1,4,2,24,5,1,2,00,1,1,7,201100059607A01,,,
201100059611,2011-02-26,2011,février,samedi,14:35,75,75110,0,0,2,2,3,1,1,4,2,01,2,1,000,100,1,0,1,4,2,30,5,1,2,00,2,3,7,201100059611B01,7,16,1
201100059617,2011-03-04,2011,mars,vendredi,18:30,75,75110,0,0,2,2,3,5,1,4,1,01,1,1,000,000,1,0,5,4,2,27,5,1,2,00,2,1,1,201100059617B01,7,15,1
201100059623,2011-03-09,2011,mars,mercredi,12:50,75,75110,0,0,2,2,3,1,1,4,1,01,1,1,030,050,1,0,1,4,1,55,0,1,2,00,2,2,1,201100059623A01,7,1,1
201100059624,2011-03-09,2011,mars,mercredi,15:30,75,75110,0,0,2,1,6,1,1,4,1,01,1,1,000,050,1,0,1,1,1,30,4,1,2,00,1,1,5,201100059624A01,,,
201100059631,2011-03-17,2011,mars,jeudi,11:55,75,75110,0,0,2,2,7,1,1,4,2,04,1,1,000,150,1,0,5,4,2,32,9,1,2,00,0,0,1,201100059631A01,,,
201100059639,2011-03-22,2011,mars,mardi,18:30,75,75110,0,0,2,1,6,1,1,4,1,00,1,1,000,000,1,6,5,1,1,26,2,1,2,00,1,3,1,201100059639A01,,,
201100059645,2011-03-25,2011,mars,vendredi,93:5,75,75110,0,0,2,1,3,1,1,4,1,01,1,1,000,050,1,0,1,4,1,32,0,1,2,00,2,1,18,201100059645B01,7,22,1
201100059667,2011-04-18,2011,avril,lundi,16:30,75,75110,0,0,2,3,6,1,1,4,1,02,1,1,000,070,1,0,1,1,1,60,5,1,2,00,1,1,5,201100059667A01,,,
201100059669,2011-04-22,2011,avril,vendredi,11:05,75,75110,0,0,2,1,4,1,1,4,1,02,1,1,000,006,1,0,1,4,2,34,1,1,2,00,2,8,1,201100059669C01,7,1/14,2
201100059676,2011-05-04,2011,mai,mercredi,85:5,75,75110,0,0,2,1,3,1,1,4,2,03,1,1,000,100,1,0,0,4,2,31,1,1,2,00,2,2,1,201100059676B01,7,15,1
201100059678,2011-05-06,2011,mai,vendredi,14:35,75,75110,0,0,2,3,3,1,1,4,2,02,-1,1,000,122,1,0,1,4,1,40,5,1,2,00,2,3,1,201100059678B01,7,15,1
201100059692,2011-05-18,2011,mai,mercredi,12:15,75,75110,0,0,2,5,3,1,1,4,2,02,2,1,000,000,1,0,5,4,1,20,2,1,2,00,2,1,1,201100059692B01,7,16,1
201100059693,2011-05-19,2011,mai,jeudi,65:5,75,75110,0,0,2,3,7,1,1,4,1,01,2,1,000,045,2,0,5,4,1,48,1,1,2,00,0,0,1,201100059693A01,,,
201100059701,2011-06-01,2011,juin,mercredi,15:00,75,75110,0,0,2,1,3,1,1,4,1,02,1,1,000,000,1,0,5,4,2,54,5,1,2,00,2,8,1,201100059701B01,7,22,1
201100059702,2011-06-01,2011,juin,mercredi,18:20,75,75110,0,0,2,5,7,1,1,4,1,02,1,1,000,020,1,0,5,4,2,36,5,1,2,00,0,1,21,201100059702A01,,,
201100059704,2011-06-02,2011,juin,jeudi,20:00,75,75110,0,0,2,1,2,1,1,4,1,01,1,1,000,030,1,0,1,4,2,26,5,1,2,00,0,0,1,201100059704A01,30,1,1
201100059705,2011-06-04,2011,juin,samedi,12:30,75,75110,0,0,2,5,6,1,1,4,1,01,1,1,000,060,1,0,1,4,1,29,3,1,2,00,2,4,2,201100059705A01,7,2,1
201100059710,2011-06-11,2011,juin,samedi,19:45,75,75110,0,0,2,2,6,1,1,4,1,04,-1,1,000,200,1,0,1,4,2,19,5,1,2,00,2,1,7,201100059710A01,1,5,1
201100059716,2011-06-17,2011,juin,vendredi,13:05,75,75110,0,0,2,1,2,1,1,4,1,01,1,1,000,030,1,0,1,1,1,21,1,1,2,00,0,7,16,201100059716B01,33,1,1
201100059723,2011-06-24,2011,juin,vendredi,93:0,75,75110,0,0,2,2,3,1,1,4,2,00,1,1,000,030,1,0,1,4,1,47,0,1,2,00,2,1,1,201100059723B01,7,16,1
201100059729,2011-07-03,2011,juillet,dimanche,14:18,75,75110,0,0,2,1,3,1,1,4,2,02,1,1,000,050,1,0,1,4,2,50,0,1,2,00,2,1,1,201100059729B01,10,15,1
201100059730,2011-07-04,2011,juillet,lundi,94:5,75,75110,0,0,2,2,6,1,1,4,1,02,1,1,000,060,1,0,0,1,1,30,9,1,2,00,1,1,1,201100059730A01,,,
201100059741,2011-07-12,2011,juillet,mardi,84:0,75,75110,0,0,2,7,2,1,1,4,1,03,1,1,010,100,1,5,1,4,2,49,0,1,2,00,2,4,14,201100059741B01,7,1,1
201100059743,2011-07-17,2011,juillet,dimanche,1:,75,75110,0,0,2,2,3,5,2,4,1,03,1,-1,000,050,2,0,1,4,2,30,0,1,2,00,2,4,7,201100059743A01,7,1,1
201100059756,2011-08-04,2011,août,jeudi,15:00,75,75110,0,0,2,2,6,1,2,4,1,01,2,1,000,040,2,0,1,4,1,29,5,1,2,14,2,3,13,201100059756A01,7,1,1
201100059770,2011-08-24,2011,août,mercredi,15:25,75,75110,0,0,2,3,6,1,1,4,1,02,1,1,000,070,1,0,1,4,1,24,0,1,2,14,2,3,2,201100059770A01,7,23,1
201100059778,2011-08-29,2011,août,lundi,90:5,75,75110,0,0,2,7,3,1,1,4,1,03,1,1,000,150,1,0,1,4,2,37,1,1,2,00,2,8,15,201100059778B01,7,16,1
201100059781,2011-09-02,2011,septembre,vendredi,10:00,75,75110,0,0,2,1,7,1,1,4,1,03,1,1,001,040,1,0,1,4,2,60,0,1,2,00,0,0,21,201100059781A01,,,
201100059782,2011-09-04,2011,septembre,dimanche,18:00,75,75110,0,0,2,1,6,1,2,4,1,01,1,1,060,060,1,0,3,4,2,54,5,1,2,00,2,4,1,201100059782A01,30,13,1
201100059783,2011-09-05,2011,septembre,lundi,13:40,75,75110,0,0,2,5,3,1,1,4,2,02,1,1,000,050,1,0,1,4,1,21,5,1,2,00,2,3,1,201100059783B01,30,15,1
201100059803,2011-10-05,2011,octobre,mercredi,83:0,75,75110,0,0,2,5,3,1,1,4,1,01,1,1,000,040,1,0,1,4,1,29,0,1,2,00,2,7,1,201100059803B01,10,1,1
201100059811,2011-10-22,2011,octobre,samedi,15:40,75,75110,0,0,2,1,3,1,1,4,1,02,1,1,050,050,1,0,1,4,2,44,3,1,2,00,2,4,13,201100059811B01,2,17,1
201100059814,2011-10-24,2011,octobre,lundi,18:50,75,75110,0,0,2,1,3,5,1,4,2,04,1,1,000,080,1,0,1,4,1,26,4,1,2,00,2,8,7,201100059814B01,7,17,1
201100059831,2011-11-04,2011,novembre,vendredi,11:45,75,75110,0,0,2,7,3,1,1,4,2,04,1,-1,000,200,1,0,1,4,1,22,0,1,2,00,2,5,1,201100059831B01,7,1,1
201100059835,2011-11-05,2011,novembre,samedi,14:05,75,75110,0,0,2,3,3,1,8,4,2,04,2,1,000,020,1,0,1,4,1,22,1,1,2,00,2,1,7,201100059835A01,7,16,1
201100059848,2011-11-17,2011,novembre,jeudi,16:50,75,75110,0,0,2,3,6,2,8,4,1,01,1,1,000,000,1,0,0,4,1,18,2,1,2,00,1,1,1,201100059848A01,,,
201100059864,2011-12-06,2011,décembre,mardi,21:10,75,75110,0,0,2,1,6,5,2,4,1,01,1,3,000,040,2,0,1,1,1,4,5,1,2,00,1,1,1,201100059864A01,,,
201100059876,2011-12-26,2011,décembre,lundi,19:18,75,75110,0,0,2,3,3,5,1,4,1,01,1,-1,000,060,1,0,1,4,1,32,0,1,2,00,2,1,1,201100059876B01,7,1,1
201100059881,2011-12-29,2011,décembre,jeudi,18:20,75,75110,0,0,2,1,2,5,2,4,3,00,1,1,000,000,1,0,5,4,1,38,5,1,4,01,0,1,1,201100059881B01,7,22,1
201100059890,2011-01-08,2011,janvier,samedi,14:15,75,75111,0,0,2,1,2,1,1,4,2,02,1,1,000,200,1,0,1,4,2,54,5,1,2,00,2,4,17,201100059890B01,30,12,1
201100059893,2011-01-11,2011,janvier,mardi,83:5,75,75111,0,0,2,1,3,2,2,4,2,02,2,1,000,100,2,0,1,4,2,41,1,1,2,00,2,1,1,201100059893B01,7,22,1
201100059896,2011-01-17,2011,janvier,lundi,15:15,75,75111,0,0,2,5,2,1,8,4,1,01,1,-1,000,000,1,0,1,4,1,71,5,1,2,00,2,4,2,201100059896B01,7,2,1
201100059900,2011-01-21,2011,janvier,vendredi,84:0,75,75111,0,0,2,2,6,1,1,4,2,01,2,1,000,150,1,0,1,4,2,38,1,1,2,00,1,1,1,201100059900A01,,,
201100059913,2011-02-04,2011,février,vendredi,14:0,75,75111,0,0,2,2,3,3,1,4,2,02,1,1,000,080,2,0,1,4,1,37,5,1,2,00,2,2,1,201100059913A01,7,22,1
201100059922,2011-02-11,2011,février,vendredi,12:45,75,75111,0,0,2,1,3,1,1,4,2,02,1,1,000,150,1,0,1,4,1,38,1,1,2,00,2,1,1,201100059922B01,2,9,1
201100059929,2011-02-14,2011,février,lundi,15:25,75,75111,0,0,2,1,3,1,1,4,1,01,2,1,000,050,1,0,1,4,2,49,5,1,2,00,2,1,1,201100059929B01,7,22,1
201100059930,2011-02-16,2011,février,mercredi,10:45,75,75111,0,0,2,1,6,1,1,4,1,01,1,1,000,050,1,6,5,4,1,47,5,1,2,00,1,8,1,201100059930A01,,,
201100059937,2011-02-27,2011,février,dimanche,17:30,75,75111,0,0,2,4,6,1,1,4,2,02,1,1,000,120,1,0,1,1,1,24,5,1,8,00,1,8,1,201100059937A01,,,
201100059940,2011-03-01,2011,mars,mardi,17:15,75,75111,0,0,2,1,6,1,1,4,1,01,1,1,000,070,1,0,1,4,1,71,5,1,2,00,1,1,1,201100059940A01,,,
201100059952,2011-03-06,2011,mars,dimanche,10:20,75,75111,0,0,2,1,1,1,1,4,2,03,1,1,000,080,1,0,1,3,1,51,5,1,2,00,2,1,1,201100059952B01,2,1,1
201100059958,2011-03-14,2011,mars,lundi,11:23,75,75111,0,0,2,2,1,1,1,4,1,01,1,1,070,050,1,0,1,4,2,55,1,1,2,00,2,1,1,201100059958B01,7,15,1
201100059971,2011-03-24,2011,mars,jeudi,17:45,75,75111,0,0,2,2,3,1,1,4,2,02,1,1,000,120,1,0,1,4,2,32,1,1,2,00,2,1,1,201100059971B01,7,22,1
201100059973,2011-03-26,2011,mars,samedi,17:50,75,75111,0,0,2,1,6,1,2,4,2,04,1,1,000,160,2,0,1,4,1,20,5,1,2,00,1,1,1,201100059973A01,,,
201100059979,2011-03-31,2011,mars,jeudi,70:0,75,75111,0,0,2,5,7,2,3,4,1,01,1,2,000,200,2,0,1,3,1,27,5,1,2,00,0,0,1,201100059979A01,,,
201100059989,2011-04-10,2011,avril,dimanche,40:0,75,75111,0,0,2,4,2,5,1,4,2,02,1,1,000,100,1,0,1,4,1,31,0,1,2,00,0,4,1,201100059989B01,30,1,1
201100059992,2011-04-12,2011,avril,mardi,23:0,75,75111,0,0,2,1,7,5,1,4,2,01,2,1,000,000,1,0,1,4,2,44,0,1,2,00,0,0,1,201100059992A01,,,
201100060002,2011-04-20,2011,avril,mercredi,10:15,75,75111,0,0,2,7,2,1,9,4,3,02,-1,-1,070,100,2,0,1,4,1,51,5,1,2,00,2,1,2,201100060002A01,7,2,1
201100060007,2011-04-26,2011,avril,mardi,10:10,75,75111,0,0,2,3,3,1,1,4,3,01,1,-1,000,100,1,0,1,4,2,22,1,1,2,00,2,8,13,201100060007B01,33,17,1
201100060009,2011-04-28,2011,avril,jeudi,16:45,75,75111,0,0,2,4,3,1,2,4,2,02,1,1,000,100,2,6,1,4,2,79,9,1,2,00,2,1,15,201100060009A01,34,1,1
201100060011,2011-04-29,2011,avril,vendredi,15:05,75,75111,0,0,2,5,3,1,8,4,1,01,1,1,000,040,1,0,1,4,2,62,4,1,2,00,2,2,1,201100060011A01,7,15,1
201100060012,2011-04-29,2011,avril,vendredi,19:40,75,75111,0,0,2,1,3,1,1,4,2,04,1,1,000,120,1,0,1,4,1,20,2,1,2,00,2,1,7,201100060012A01,1,19,1
201100060012,2011-04-29,2011,avril,vendredi,19:40,75,75111,0,0,2,1,3,1,1,4,2,04,1,1,000,120,1,0,1,1,1,27,5,1,2,00,2,5,19,201100060012B01,1,7,1
201100060022,2011-05-06,2011,mai,vendredi,19:25,75,75111,0,0,2,2,3,1,1,4,2,01,2,1,000,125,1,0,1,4,1,48,5,1,2,00,2,1,18,201100060022B01,7,22,1
201100060025,2011-05-09,2011,mai,lundi,12:30,75,75111,0,0,2,2,6,1,1,4,2,01,2,1,000,080,1,0,1,4,2,26,0,1,2,00,2,8,1,201100060025A01,10,16,1
201100060032,2011-05-12,2011,mai,jeudi,19:30,75,75111,0,0,2,5,3,1,1,4,3,02,1,1,000,090,1,0,1,4,1,30,1,1,2,00,2,6,10,201100060032A01,30,1,1
201100060043,2011-05-19,2011,mai,jeudi,11:05,75,75111,0,0,2,2,3,1,1,4,1,01,1,1,000,050,1,0,1,4,1,52,1,1,2,00,2,2,1,201100060043B01,10,15,1
201100060054,2011-05-28,2011,mai,samedi,12:20,75,75111,0,0,2,1,3,1,1,4,2,01,2,1,000,060,1,0,1,4,2,46,5,1,2,00,2,3,1,201100060054A01,7,22,1
201100060055,2011-05-30,2011,mai,lundi,91:5,75,75111,0,0,2,2,3,1,1,4,2,02,1,1,000,120,1,0,1,4,2,21,2,1,2,00,2,1,15,201100060055B01,7,1,1
201100060057,2011-05-31,2011,mai,mardi,74:0,75,75111,0,0,2,5,2,2,2,4,3,02,1,1,080,170,2,0,1,4,2,35,1,1,2,00,2,4,23,201100060057B01,7,1,1
201100060059,2011-06-03,2011,juin,vendredi,13:00,75,75111,0,0,2,1,3,1,1,4,1,01,1,-1,070,070,1,0,5,4,1,35,0,1,2,01,0,2,1,201100060059B01,10,22,1
201100060060,2011-06-05,2011,juin,dimanche,93:5,75,75111,0,0,2,2,7,1,8,4,2,02,1,1,000,160,1,0,1,3,1,31,5,1,2,00,0,0,21,201100060060A01,,,
201100060076,2011-06-14,2011,juin,mardi,17:19,75,75111,0,0,2,2,1,1,1,4,2,04,1,1,000,160,1,0,1,4,1,22,5,1,2,00,2,7,15,201100060076A01,7,1,1
201100060085,2011-06-23,2011,juin,jeudi,11:25,75,75112,0,0,2,2,2,1,1,4,2,02,2,1,000,100,1,0,1,4,2,22,5,1,2,01,0,2,1,201100060085B01,7,22,1
201100060089,2011-06-25,2011,juin,samedi,17:15,75,75111,0,0,2,7,2,1,1,4,2,01,1,1,000,110,1,0,1,4,1,52,5,1,2,01,2,3,1,201100060089A01,7,23,1
201100060097,2011-07-02,2011,juillet,samedi,18:10,75,75111,0,0,2,2,6,1,1,4,2,02,2,1,000,140,1,0,1,1,1,38,4,1,2,00,1,1,1,201100060097A01,,,
201100060098,2011-07-02,2011,juillet,samedi,20:30,75,75111,0,0,2,7,2,1,1,4,1,04,1,2,150,300,1,0,1,4,2,58,5,1,2,00,2,4,2,201100060098B01,7,2,1
201100060103,2011-07-04,2011,juillet,lundi,19:10,75,75111,0,0,2,1,3,1,1,4,1,01,1,1,000,100,1,0,1,4,1,38,5,1,2,00,2,2,18,201100060103B01,10,22,1
201100060104,2011-07-04,2011,juillet,lundi,95:0,75,75111,0,0,2,3,3,1,1,4,1,01,1,1,000,050,1,0,1,4,2,27,1,1,2,00,2,2,1,201100060104B01,7,22,1
201100060106,2011-07-05,2011,juillet,mardi,10:50,75,75111,0,0,2,4,6,1,1,4,1,01,1,1,000,060,1,0,1,4,2,31,5,1,2,00,1,1,1,201100060106A01,,,
201100060108,2011-07-06,2011,juillet,mercredi,12:20,75,75111,0,0,2,1,3,1,1,4,2,02,1,1,000,150,1,0,1,4,1,24,5,1,2,00,2,1,1,201100060108B01,13,22,1
201100060109,2011-07-06,2011,juillet,mercredi,19:55,75,75111,0,0,2,1,6,1,1,4,3,01,1,3,060,060,-1,0,1,4,1,50,1,1,2,00,2,1,1,201100060109A01,7,4,1
201100060111,2011-07-10,2011,juillet,dimanche,44:0,75,75111,0,0,2,2,3,5,1,4,2,01,1,1,100,060,1,0,1,4,1,23,5,1,2,00,2,6,19,201100060111A01,7,16,1
201100060121,2011-07-17,2011,juillet,dimanche,10:5,75,75111,0,0,2,1,3,5,2,4,3,01,1,2,000,000,2,0,1,4,1,39,0,1,2,00,2,6,9,201100060121A01,31,1,1
201100060142,2011-08-08,2011,août,lundi,18:05,75,75111,0,0,2,1,2,1,1,4,2,02,1,1,000,160,1,0,1,1,2,57,0,1,2,00,2,4,2,201100060142B01,30,2,1
201100060145,2011-08-09,2011,août,mardi,11:00,75,75111,0,0,2,7,2,1,1,4,1,03,1,2,000,250,1,0,1,4,1,75,3,1,2,00,2,4,2,201100060145B01,10,2,1
201100060176,2011-09-13,2011,septembre,mardi,18:45,75,75111,0,0,2,2,3,1,1,4,1,02,1,1,000,059,1,0,1,1,2,60,9,1,2,00,2,1,16,201100060176B01,32,1,1
201100060178,2011-09-15,2011,septembre,jeudi,90:0,75,75111,0,0,2,1,3,1,1,4,1,01,2,1,000,040,1,0,1,4,1,42,1,1,2,00,2,8,18,201100060178B01,7,12,1
201100060179,2011-09-15,2011,septembre,jeudi,94:0,75,75111,0,0,2,2,3,1,1,4,-1,02,2,1,000,090,1,0,1,4,1,26,1,1,2,00,2,1,1,201100060179B01,10,15,1
201100060182,2011-09-16,2011,septembre,vendredi,13:05,75,75111,0,0,2,1,3,1,1,4,2,02,1,1,000,140,1,0,1,4,1,20,5,1,2,00,2,1,1,201100060182B01,7,4,1
201100060186,2011-09-20,2011,septembre,mardi,11:30,75,75111,0,0,2,2,6,1,1,4,1,02,1,1,015,110,1,0,1,4,2,29,5,1,2,00,2,3,15,201100060186A01,32,17,1
201100060189,2011-09-21,2011,septembre,mercredi,14:15,75,75111,0,0,2,7,3,1,1,4,1,05,1,2,000,300,1,0,1,4,1,74,5,1,2,00,0,4,15,201100060189B01,2,17,1