Num_Acc,date,an,mois,jour,hrmn,dep,com,lat,long,agg,int,col,lum,atm,catr,circ,nbv,prof,plan,lartpc,larrout,surf,infra,situ,grav,sexe,age,trajet,secuexist,equipement,obs,obsm,choc,manv,vehiculeid,typevehicules,manoeuvehicules,numVehicules
201100060193,2011-09-23,2011,septembre,vendredi,17:30,75,75111,0,0,2,3,3,1,1,4,2,01,1,1,000,120,1,0,1,4,1,12,2,1,2,00,2,6,15,201100060193A01,7,1,1
201100060197,2011-09-26,2011,septembre,lundi,17:50,75,75111,0,0,2,1,3,1,1,4,2,01,1,1,070,160,1,0,1,4,2,23,5,1,2,00,0,2,1,201100060197B01,7,22,1
201100060202,2011-09-28,2011,septembre,mercredi,17:20,75,75111,0,0,2,2,6,1,1,4,1,01,1,1,000,030,1,0,1,4,2,38,5,1,3,00,2,3,16,201100060202A01,10,16,1
201100060202,2011-09-28,2011,septembre,mercredi,17:20,75,75111,0,0,2,2,6,1,1,4,1,01,1,1,000,030,1,0,1,4,1,4,0,1,3,00,2,3,16,201100060202A01,10,16,1
201100060203,2011-09-29,2011,septembre,jeudi,91:0,75,75111,0,0,2,3,3,1,1,4,2,06,1,1,000,200,1,0,1,4,1,32,0,1,2,00,2,0,23,201100060203B01,7,7,1
201100060208,2011-10-04,2011,octobre,mardi,91:0,75,75111,0,0,2,1,6,1,1,4,1,01,1,1,000,025,1,0,1,1,1,37,1,1,2,00,1,2,5,201100060208A01,,,
201100060210,2011-10-04,2011,octobre,mardi,13:50,75,75111,0,0,2,1,3,1,1,4,2,02,1,1,000,080,1,0,1,4,2,27,1,1,2,00,2,1,1,201100060210B01,10,22,1
201100060218,2011-10-07,2011,octobre,vendredi,85:0,75,75111,0,0,2,2,3,1,1,4,1,02,1,1,200,100,1,0,1,4,1,17,2,1,2,00,2,1,1,201100060218A01,7,1,1
201100060236,2011-10-18,2011,octobre,mardi,91:5,75,75111,0,0,2,7,6,1,1,4,1,01,1,3,000,000,1,0,1,4,1,45,1,1,2,00,2,1,1,201100060236A01,10,14,1
201100060240,2011-10-19,2011,octobre,mercredi,20:10,75,75111,0,0,2,1,6,5,8,4,1,02,1,1,000,170,1,0,1,4,1,41,5,1,2,00,2,8,2,201100060240A01,7,2,1
201100060244,2011-10-24,2011,octobre,lundi,14:00,75,75111,0,0,2,1,6,1,1,4,1,01,1,1,000,040,1,0,5,1,1,47,5,1,2,00,1,1,1,201100060244A01,,,
201100060246,2011-10-25,2011,octobre,mardi,12:50,75,75111,0,0,2,2,6,1,1,4,2,01,1,1,000,150,1,0,1,1,1,50,3,1,2,00,1,1,1,201100060246A01,,,
201100060251,2011-10-31,2011,octobre,lundi,14:30,75,75111,0,0,2,3,3,1,1,4,3,01,1,1,000,100,1,0,1,4,2,31,5,1,2,00,2,1,16,201100060251A01,34,1,1
201100060260,2011-11-07,2011,novembre,lundi,10:10,75,75111,0,0,2,1,7,1,1,4,1,00,1,1,000,050,1,0,1,4,2,54,0,1,2,00,0,0,21,201100060260A01,,,
201100060261,2011-11-08,2011,novembre,mardi,19:05,75,75111,0,0,2,1,3,5,2,4,1,01,1,1,000,060,2,0,1,4,2,29,1,1,2,00,2,2,1,201100060261B01,7,22,1
201100060265,2011-11-11,2011,novembre,vendredi,14:0,75,75111,0,0,2,2,6,5,1,4,1,01,2,1,000,070,1,0,1,4,1,19,5,1,2,01,0,1,14,201100060265A01,,,
201100060275,2011-11-17,2011,novembre,jeudi,15:55,75,75111,0,0,2,5,3,1,1,4,1,01,1,1,000,040,1,0,1,4,1,49,1,1,2,00,2,4,1,201100060275B01,7,16,1
201100060278,2011-11-20,2011,novembre,dimanche,16:15,75,75111,0,0,2,2,6,1,1,4,2,02,1,-1,001,080,1,0,0,4,1,35,9,1,2,00,2,7,1,201100060278A01,7,1,1
201100060279,2011-11-21,2011,novembre,lundi,10:10,75,75111,0,0,2,2,3,1,8,4,1,01,2,1,000,000,1,5,1,4,1,29,1,1,2,00,2,1,1,201100060279B01,7,1,1
201100060297,2011-12-07,2011,décembre,mercredi,22:45,75,75111,0,0,2,7,6,5,8,4,1,02,1,1,000,150,2,0,1,4,2,44,0,1,2,00,2,4,19,201100060297A01,2,1,1
201100060298,2011-12-08,2011,décembre,jeudi,20:25,75,75111,0,0,2,7,3,4,1,4,2,02,1,1,000,140,1,0,1,1,1,27,1,1,2,00,2,0,1,201100060298B01,32,1,1
201100060306,2011-12-14,2011,décembre,mercredi,94:5,75,75111,0,0,2,2,7,1,1,4,2,01,1,1,000,140,2,0,1,4,2,49,1,1,2,00,0,8,21,201100060306A01,,,
201100060307,2011-12-14,2011,décembre,mercredi,15:00,75,75111,0,0,2,2,6,1,1,4,1,01,1,-1,020,045,1,0,1,4,2,65,1,1,2,00,2,3,1,201100060307A01,7,16,1
201100060309,2011-12-15,2011,décembre,jeudi,18:15,75,75111,0,0,2,1,3,5,1,4,1,01,1,1,000,060,1,0,1,4,2,42,0,1,2,00,2,0,1,201100060309B01,10,22,1
201100060319,2011-01-04,2011,janvier,mardi,11:25,75,75112,0,0,2,1,2,1,1,4,1,00,1,1,000,000,1,0,1,1,1,41,5,1,2,00,2,0,1,201100060319B01,1,21,1
201100060319,2011-01-04,2011,janvier,mardi,11:25,75,75112,0,0,2,1,2,1,1,4,1,00,1,1,000,000,1,0,1,4,2,38,5,1,2,00,2,0,21,201100060319A01,1,1,1
201100060333,2011-01-15,2011,janvier,samedi,15:20,75,75112,0,0,2,1,2,1,1,4,-1,01,1,1,000,090,1,0,1,4,1,65,5,1,2,00,2,1,2,201100060333A01,1,2,1
201100060333,2011-01-15,2011,janvier,samedi,15:20,75,75112,0,0,2,1,2,1,1,4,-1,01,1,1,000,090,1,0,1,1,1,42,5,1,2,00,2,4,2,201100060333B01,1,2,1
201100060335,2011-01-16,2011,janvier,dimanche,10:50,75,75112,0,0,2,4,3,1,1,4,2,02,1,1,000,060,1,0,1,4,1,53,5,1,2,00,2,1,1,201100060335B01,7,10,1
201100060360,2011-02-08,2011,février,mardi,93:0,75,75112,0,0,2,1,3,1,1,4,-1,03,1,1,000,070,1,0,1,4,2,52,0,1,2,01,2,1,1,201100060360B01,7,22,1
201100060383,2011-03-05,2011,mars,samedi,13:25,75,75112,0,0,2,1,3,1,1,4,1,03,1,1,000,000,1,0,1,4,2,39,0,1,2,00,2,0,1,201100060383B01,7,22,1
201100060389,2011-03-10,2011,mars,jeudi,15:40,75,75112,0,0,2,3,3,1,1,4,1,00,1,1,000,000,1,0,1,4,1,46,5,1,2,00,2,0,1,201100060389A01,7,15,1
201100060408,2011-03-27,2011,mars,dimanche,10:27,75,75112,0,0,2,1,7,1,2,4,2,01,2,1,000,060,2,0,5,4,1,57,5,1,2,00,0,0,21,201100060408A01,,,
201100060416,2011-04-02,2011,avril,samedi,13:35,75,75112,0,0,2,1,2,1,1,4,2,02,1,-1,000,050,1,0,1,4,1,56,5,1,2,00,0,4,19,201100060416B01,7,4,1
201100060427,2011-04-11,2011,avril,lundi,16:00,75,75112,0,0,2,2,6,1,1,4,1,01,2,1,000,130,1,0,5,4,1,61,5,1,2,15,0,1,21,201100060427A01,,,
201100060430,2011-04-14,2011,avril,jeudi,10:00,75,75112,0,0,2,2,3,1,1,4,2,01,2,1,000,030,1,0,5,4,2,39,1,1,2,00,2,7,1,201100060430B01,33,12,1
201100060434,2011-04-18,2011,avril,lundi,12:30,75,75112,0,0,2,1,7,1,1,4,2,02,1,1,000,000,1,0,5,4,1,48,5,1,2,00,0,0,21,201100060434A01,,,
201100060442,2011-04-22,2011,avril,vendredi,13:20,75,75112,0,0,2,5,3,1,1,4,2,02,1,1,000,080,1,0,1,4,1,30,0,1,2,00,2,3,1,201100060442B01,7,15,1
201100060444,2011-04-25,2011,avril,lundi,18:30,75,75112,0,0,2,1,3,1,1,4,2,00,1,1,000,400,1,0,1,4,1,39,1,1,2,00,2,3,18,201100060444B01,7,14,1
201100060456,2011-05-06,2011,mai,vendredi,15:15,75,75112,0,0,2,2,3,1,1,4,2,03,1,1,000,000,1,5,1,4,1,38,5,1,2,00,2,7,1,201100060456A01,7,7,1
201100060469,2011-05-14,2011,mai,samedi,12:55,75,75112,0,0,2,1,7,1,1,4,2,00,1,1,000,090,1,0,1,4,1,15,5,1,2,00,0,0,21,201100060469A01,,,
201100060475,2011-05-21,2011,mai,samedi,11:30,75,75112,0,0,2,2,3,1,1,4,2,02,1,1,000,120,1,0,1,4,2,28,0,1,2,00,2,3,15,201100060475B01,33,1,1
201100060478,2011-05-23,2011,mai,lundi,91:5,75,75112,0,0,2,1,3,1,1,4,2,03,1,1,000,160,1,0,1,4,2,33,1,1,2,00,2,2,1,201100060478B01,10,22,1
201100060480,2011-05-23,2011,mai,lundi,19:35,75,75112,0,0,2,7,6,1,1,4,1,03,1,1,000,150,1,0,1,1,1,58,1,1,2,00,1,1,1,201100060480A01,,,
201100060496,2011-06-08,2011,juin,mercredi,17:15,75,75112,0,0,2,2,3,1,1,4,2,02,1,1,000,000,-1,0,0,1,1,16,0,1,2,00,0,8,15,201100060496B01,32,17,1
201100060505,2011-06-17,2011,juin,vendredi,17:15,75,75112,0,0,2,1,2,1,2,4,1,01,1,1,000,050,2,0,1,4,1,39,1,1,2,00,0,7,17,201100060505B01,7,22,1
201100060510,2011-06-23,2011,juin,jeudi,90:0,75,75112,0,0,2,3,7,1,8,4,2,02,1,1,000,190,1,0,1,4,1,40,1,1,2,00,0,0,21,201100060510A01,,,
201100060514,2011-06-24,2011,juin,vendredi,11:05,75,75112,0,0,2,3,3,1,1,4,2,02,1,1,000,100,1,0,1,4,2,38,1,1,2,00,2,3,15,201100060514A01,34,1,1
201100060537,2011-07-12,2011,juillet,mardi,22:00,75,75112,0,0,2,1,3,2,1,4,2,04,1,1,002,115,1,0,1,4,1,32,0,1,2,00,2,7,17,201100060537A01,37,7,1
201100060540,2011-07-18,2011,juillet,lundi,12:50,75,75112,0,0,2,5,3,1,8,4,-1,02,1,1,000,070,1,6,1,4,1,70,5,1,2,00,2,8,19,201100060540A01,7,1,1
201100060557,2011-07-28,2011,juillet,jeudi,93:5,75,75112,0,0,2,1,3,1,1,4,-1,01,1,1,030,060,1,6,5,4,2,32,0,1,2,00,2,1,1,201100060557B01,7,16,1
201100060568,2011-08-01,2011,août,lundi,15:40,75,75112,0,0,2,2,3,1,1,4,2,01,1,1,150,150,1,0,5,4,1,34,5,1,2,00,2,1,1,201100060568B01,7,16,1
201100060571,2011-08-04,2011,août,jeudi,17:15,75,75112,0,0,2,1,6,1,1,4,1,01,2,1,000,035,2,0,3,4,2,24,4,1,2,12,0,1,13,201100060571A01,,,
201100060578,2011-08-14,2011,août,dimanche,16:00,75,75104,0,0,2,1,6,1,1,4,1,04,2,1,000,000,1,0,5,4,1,33,5,1,2,10,0,1,13,201100060578A01,,,
201100060597,2011-09-03,2011,septembre,samedi,12:20,75,75112,0,0,2,2,6,1,1,4,1,01,1,1,000,150,1,0,1,4,1,96,5,1,2,00,2,1,1,201100060597A01,1,14,1
201100060601,2011-09-07,2011,septembre,mercredi,18:30,75,75112,0,0,2,4,1,1,1,4,2,02,2,-1,000,060,1,0,1,4,1,61,5,1,2,00,2,3,1,201100060601A01,1,10,1
201100060601,2011-09-07,2011,septembre,mercredi,18:30,75,75112,0,0,2,4,1,1,1,4,2,02,2,-1,000,060,1,0,1,4,1,6,5,1,2,00,2,7,10,201100060601B01,1,1,1
201100060621,2011-09-17,2011,septembre,samedi,14:00,75,75112,0,0,2,1,3,1,8,4,2,01,1,1,060,060,1,0,1,1,1,26,1,1,2,00,2,4,10,201100060621B01,30,1,1
201100060626,2011-09-19,2011,septembre,lundi,13:00,75,75112,0,0,2,1,3,1,1,4,2,02,2,1,000,110,1,0,1,4,2,51,5,1,2,01,0,1,1,201100060626B01,7,22,1
201100060627,2011-09-20,2011,septembre,mardi,19:20,75,75112,0,0,2,1,4,1,1,4,-1,01,1,1,000,080,1,0,0,4,1,66,5,1,2,00,2,1,2,201100060627C01,1,2,2
201100060627,2011-09-20,2011,septembre,mardi,19:20,75,75112,0,0,2,1,4,1,1,4,-1,01,1,1,000,080,1,0,0,4,1,46,5,1,2,00,2,1,2,201100060627B01,1,2,2
201100060627,2011-09-20,2011,septembre,mardi,19:20,75,75112,0,0,2,1,4,1,1,4,-1,01,1,1,000,080,1,0,0,4,1,42,5,1,2,00,2,6,2,201100060627A01,1,2,2
201100060628,2011-09-21,2011,septembre,mercredi,81:5,75,75112,0,0,2,1,3,1,1,4,2,02,1,1,000,130,1,0,1,4,2,39,4,1,2,00,2,7,1,201100060628B01,10,22,1
201100060635,2011-09-26,2011,septembre,lundi,17:30,75,75112,0,0,2,1,2,1,1,4,1,02,1,1,000,150,1,0,1,4,1,49,1,1,2,00,2,4,11,201100060635B01,7,1,1
201100060641,2011-09-30,2011,septembre,vendredi,16:30,75,75112,0,0,2,4,1,1,1,4,2,02,1,1,000,000,1,0,1,4,1,41,0,1,2,00,2,3,1,201100060641B01,7,15,1
201100060647,2011-10-01,2011,octobre,samedi,18:30,75,75112,0,0,2,3,3,2,1,4,2,02,1,1,000,060,1,0,1,4,2,46,5,1,2,00,2,1,1,201100060647B01,1,0,1
201100060647,2011-10-01,2011,octobre,samedi,18:30,75,75112,0,0,2,3,3,2,1,4,2,02,1,1,000,060,1,0,1,4,1,45,5,1,2,00,2,3,0,201100060647A01,1,1,1
201100060657,2011-10-07,2011,octobre,vendredi,72:0,75,75112,0,0,2,1,3,2,1,4,1,02,1,1,100,100,1,0,1,4,2,34,4,1,2,00,2,1,1,201100060657B01,7,16,1
201100060659,2011-10-07,2011,octobre,vendredi,14:50,75,75112,0,0,2,1,6,1,2,4,1,01,1,1,000,050,2,0,1,4,2,30,5,1,4,01,0,1,1,201100060659B01,7,22,1
201100060664,2011-10-11,2011,octobre,mardi,13:15,75,75112,0,0,2,7,7,1,1,4,1,01,1,2,000,060,1,0,1,4,1,15,2,1,2,00,0,2,1,201100060664A01,,,
201100060669,2011-10-15,2011,octobre,samedi,15:23,75,75112,0,0,2,7,2,1,1,4,1,01,1,3,000,008,1,0,5,4,1,31,5,1,2,00,9,4,14,201100060669A01,1,1,1
201100060669,2011-10-15,2011,octobre,samedi,15:23,75,75112,0,0,2,7,2,1,1,4,1,01,1,3,000,008,1,0,5,4,1,47,5,1,2,00,2,1,1,201100060669B01,1,14,1
201100060671,2011-10-17,2011,octobre,lundi,18:20,75,75112,0,0,2,4,3,1,1,4,2,02,1,1,000,080,1,0,1,4,1,31,1,1,2,00,2,1,1,201100060671B01,7,9,1
201100060689,2011-10-28,2011,octobre,vendredi,16:50,75,75112,0,0,2,3,6,1,1,4,1,02,1,1,000,060,1,0,5,4,1,43,1,1,2,00,1,5,1,201100060689A01,,,
201100060693,2011-10-31,2011,octobre,lundi,16:50,75,75112,0,0,2,2,3,1,1,4,1,01,1,1,000,000,1,0,1,4,2,59,5,1,2,00,2,1,1,201100060693B01,1,9,1
201100060693,2011-10-31,2011,octobre,lundi,16:50,75,75112,0,0,2,2,3,1,1,4,1,01,1,1,000,000,1,0,1,4,1,73,5,1,2,00,2,1,9,201100060693A01,1,1,1
201100060696,2011-11-03,2011,novembre,jeudi,90:5,75,75112,0,0,2,1,6,1,2,4,1,02,1,1,010,080,2,0,5,4,2,54,1,1,2,00,2,7,17,201100060696A01,1,15,1
201100060711,2011-11-18,2011,novembre,vendredi,84:5,75,75112,0,0,2,1,2,1,1,4,1,01,1,1,000,036,1,0,1,4,1,34,1,1,2,00,2,4,2,201100060711B01,7,2,1
201100060712,2011-11-18,2011,novembre,vendredi,14:30,75,75112,0,0,2,3,6,1,1,4,1,01,1,1,000,030,1,0,1,1,1,52,0,1,2,00,1,1,1,201100060712A01,,,
201100060716,2011-11-21,2011,novembre,lundi,94:5,75,75112,0,0,2,4,3,1,1,4,1,01,1,1,080,080,1,0,1,4,1,54,4,1,2,00,2,1,19,201100060716B01,7,1,1
201100060718,2011-11-22,2011,novembre,mardi,13:55,75,75112,0,0,2,1,1,1,1,4,2,02,1,1,000,000,1,0,5,1,1,51,5,1,2,00,2,1,13,201100060718A01,1,1,1
201100060718,2011-11-22,2011,novembre,mardi,13:55,75,75112,0,0,2,1,1,1,1,4,2,02,1,1,000,000,1,0,5,4,2,36,1,1,2,00,2,1,1,201100060718B01,1,13,1
201100060720,2011-11-23,2011,novembre,mercredi,10:00,75,75112,0,0,2,1,6,1,1,4,2,02,1,1,000,115,1,0,1,4,2,29,9,1,2,01,2,4,1,201100060720B01,10,17,1
201100060722,2011-11-25,2011,novembre,vendredi,19:25,75,75112,0,0,2,7,7,5,1,4,1,02,1,2,000,170,1,0,1,4,1,44,1,1,2,00,0,0,21,201100060722A01,,,
201100060732,2011-11-29,2011,novembre,mardi,23:15,75,75112,0,0,2,5,1,5,2,4,2,02,1,1,000,060,2,0,1,4,2,59,5,1,2,00,2,3,1,201100060732B01,7,15,1
201100060734,2011-12-01,2011,décembre,jeudi,10:13,75,75112,0,0,2,7,7,1,2,4,2,04,1,1,000,000,2,0,1,4,1,39,4,1,2,00,0,1,1,201100060734A01,,,
201100060737,2011-12-03,2011,décembre,samedi,18:10,75,75112,0,0,2,3,6,5,2,4,1,01,2,1,000,030,2,6,5,4,1,24,4,1,2,01,2,4,1,201100060737A01,,,
201100060751,2011-12-10,2011,décembre,samedi,21:25,75,75112,0,0,2,2,3,5,1,4,1,04,1,-1,000,150,1,0,1,4,1,22,5,1,2,00,2,7,1,201100060751B01,7,1,1
201100060790,2011-01-20,2011,janvier,jeudi,19:30,75,75113,0,0,2,1,6,5,1,4,-1,01,1,1,000,030,1,0,1,1,1,38,5,1,2,00,1,1,1,201100060790A01,,,
201100060795,2011-02-01,2011,février,mardi,82:5,75,75113,0,0,2,1,3,1,1,4,2,01,1,1,000,055,1,0,1,4,2,49,1,1,2,00,2,7,19,201100060795A01,33,1,1
201100060799,2011-02-02,2011,février,mercredi,12:05,75,75113,0,0,2,1,3,1,1,4,2,04,1,1,000,100,1,0,1,3,1,50,3,1,2,00,2,8,9,201100060799A01,7,1,1
201100060812,2011-02-14,2011,février,lundi,84:0,75,75113,0,0,2,1,3,1,1,4,2,04,1,1,000,100,1,0,1,4,1,45,1,1,2,00,2,8,1,201100060812B01,7,17,1
201100060841,2011-03-16,2011,mars,mercredi,11:25,75,75113,0,0,2,5,3,1,1,4,2,03,1,1,000,080,1,0,1,4,1,47,0,1,2,00,2,4,15,201100060841B01,7,1,1
201100060846,2011-03-20,2011,mars,dimanche,14:25,75,75113,0,0,2,2,3,1,1,4,2,02,1,1,010,100,1,6,1,1,1,65,5,1,2,00,2,0,19,201100060846B01,32,1,1
201100060849,2011-03-22,2011,mars,mardi,17:45,75,75113,0,0,2,1,6,1,1,4,2,02,2,1,000,080,1,0,1,1,1,38,1,1,2,00,1,1,1,201100060849A01,,,
201100060856,2011-03-31,2011,mars,jeudi,16:30,75,75113,0,0,2,1,3,1,1,4,2,03,1,1,000,075,1,0,1,4,2,45,4,1,2,00,1,7,0,201100060856B01,7,0,1
201100060858,2011-04-01,2011,avril,vendredi,16:10,75,75113,0,0,2,1,7,1,1,4,2,03,1,1,000,090,-1,0,1,4,1,29,9,1,2,00,0,0,1,201100060858A01,,,
201100060861,2011-04-05,2011,avril,mardi,12:50,75,75113,0,0,2,3,2,1,1,4,2,04,2,1,000,150,1,0,1,4,1,21,5,1,2,00,2,4,3,201100060861A01,7,23,1
201100060866,2011-04-06,2011,avril,mercredi,19:00,75,75113,0,0,2,5,3,1,1,4,2,02,2,1,000,000,1,0,1,4,1,52,0,1,2,00,2,1,1,201100060866A01,7,1,1
201100060868,2011-04-08,2011,avril,vendredi,14:20,75,75113,0,0,2,5,2,1,1,4,-1,02,1,1,000,000,1,0,1,4,2,69,5,1,2,00,2,3,2,201100060868B01,7,2,1
201100060869,2011-04-08,2011,avril,vendredi,19:00,75,75113,0,0,2,1,7,1,1,4,2,04,1,1,000,000,1,0,2,4,1,30,4,1,2,00,0,0,1,201100060869A01,,,
201100060875,2011-04-12,2011,avril,mardi,18:15,75,75113,0,0,2,1,3,1,1,4,3,02,2,1,000,060,1,0,1,4,2,27,0,1,2,00,2,0,13,201100060875A01,33,17,1
201100060886,2011-04-22,2011,avril,vendredi,16:15,75,75113,0,0,2,1,7,1,1,4,3,02,1,1,000,090,1,0,5,4,1,30,1,1,2,00,0,2,21,201100060886A01,,,
201100060902,2011-05-05,2011,mai,jeudi,17:50,75,75113,0,0,2,1,3,1,1,4,2,04,1,1,000,091,1,0,5,4,1,40,1,1,2,00,2,1,1,201100060902B01,7,22,1
201100060912,2011-05-10,2011,mai,mardi,18:10,75,75113,0,0,2,2,2,1,1,4,2,02,1,1,000,125,1,0,1,4,1,45,0,1,2,00,2,1,2,201100060912A01,7,2,1
201100060919,2011-05-17,2011,mai,mardi,85:5,75,75113,0,0,2,5,6,1,1,4,2,02,1,1,030,049,1,0,1,1,1,23,2,1,2,00,1,1,1,201100060919A01,,,
201100060920,2011-05-17,2011,mai,mardi,18:55,75,75113,0,0,2,1,6,1,1,4,2,02,2,1,000,120,1,0,1,1,1,44,1,1,2,00,1,1,1,201100060920A01,,,
201100060921,2011-05-17,2011,mai,mardi,19:30,75,75113,0,0,2,5,6,1,1,4,2,02,2,1,000,000,1,0,1,4,1,39,1,1,2,00,2,5,1,201100060921A01,7,9,1
201100060926,2011-05-22,2011,mai,dimanche,13:30,75,75113,0,0,2,1,3,1,1,4,1,01,2,1,000,060,1,1,4,4,1,40,5,1,2,00,2,2,1,201100060926A01,7,9,1
201100060935,2011-05-26,2011,mai,jeudi,18:45,75,75113,0,0,2,2,3,1,1,4,2,04,1,1,000,100,-1,0,1,4,2,34,1,1,2,00,2,1,1,201100060935B01,7,15,1
201100060939,2011-05-30,2011,mai,lundi,93:0,75,75113,0,0,2,5,7,1,1,4,1,02,2,1,000,080,1,0,1,3,1,37,1,1,2,00,0,0,1,201100060939A01,,,
201100060946,2011-06-09,2011,juin,jeudi,14:00,75,75113,0,0,2,2,3,1,1,4,1,02,1,1,000,070,1,0,1,1,1,21,2,1,2,00,2,7,1,201100060946A01,34,1,1
201100060957,2011-06-17,2011,juin,vendredi,12:55,75,75113,0,0,2,1,2,1,1,4,1,01,1,1,000,180,1,0,5,4,2,50,1,1,2,00,2,2,1,201100060957B01,7,22,1
201100060968,2011-06-30,2011,juin,jeudi,13:15,75,75113,0,0,2,5,3,1,1,4,1,02,-1,-1,000,000,-1,0,5,4,2,28,4,1,2,00,2,8,19,201100060968B01,7,1,1
201100060972,2011-07-04,2011,juillet,lundi,80:0,75,75113,0,0,2,3,3,1,1,4,1,01,4,1,000,059,1,0,1,4,1,35,1,1,2,00,2,1,1,201100060972A01,7,16,1
201100060987,2011-07-25,2011,juillet,lundi,18:00,75,75113,0,0,2,2,7,1,1,4,2,04,2,1,000,100,1,0,1,4,1,43,0,1,2,00,0,0,1,201100060987A01,,,
201100061014,2011-09-09,2011,septembre,vendredi,72:5,75,75113,0,0,2,2,3,1,1,4,2,02,2,1,000,000,1,0,1,4,2,47,1,1,2,00,2,4,1,201100061014B01,13,22,1
201100061019,2011-09-14,2011,septembre,mercredi,85:5,75,75113,0,0,2,1,3,1,1,4,2,04,4,1,000,000,1,0,1,4,2,31,4,1,2,00,2,1,15,201100061019A01,32,1,1
201100061031,2011-09-28,2011,septembre,mercredi,81:0,75,75113,0,0,2,2,3,1,1,4,2,04,2,1,000,000,1,0,1,4,1,56,4,1,2,00,2,1,7,201100061031B01,7,15,1
201100061067,2011-10-27,2011,octobre,jeudi,17:30,75,75113,0,0,2,1,6,1,1,4,3,02,1,1,000,096,1,2,5,1,1,45,9,1,2,00,1,1,1,201100061067A01,,,
201100061069,2011-10-29,2011,octobre,samedi,12:30,75,75113,0,0,2,2,3,1,1,4,2,02,1,1,000,090,1,0,1,4,1,66,0,1,2,00,2,3,7,201100061069B01,7,16,1
201100061095,2011-11-21,2011,novembre,lundi,94:0,75,75113,0,0,2,2,3,1,1,4,3,03,4,1,020,055,1,0,1,4,1,26,1,1,2,00,2,2,1,201100061095B01,7,22,1
201100061099,2011-11-25,2011,novembre,vendredi,19:30,75,75113,0,0,2,2,2,5,1,4,2,01,2,-1,000,056,1,0,1,4,1,29,4,1,2,00,2,2,1,201100061099B01,7,9,1
201100061100,2011-11-27,2011,novembre,dimanche,12:45,75,75113,0,0,2,3,1,1,1,4,2,00,1,1,000,160,1,0,1,4,1,62,5,1,2,00,2,2,1,201100061100B01,7,15,1
201100061115,2011-12-11,2011,décembre,dimanche,20:05,75,75113,0,0,2,1,3,5,2,4,1,01,1,1,000,050,2,0,1,4,2,31,9,1,2,00,2,8,18,201100061115B01,7,22,1
201100061136,2011-01-01,2011,janvier,samedi,35:0,75,75114,0,0,2,1,6,5,1,4,2,02,1,1,000,000,1,0,1,4,1,20,5,1,2,01,0,3,14,201100061136A01,,,
201100061168,2011-02-10,2011,février,jeudi,13:45,75,75114,0,0,2,1,3,1,1,4,1,02,1,1,000,055,1,0,5,4,2,55,1,1,2,00,2,2,1,201100061168B01,7,22,1
201100061187,2011-03-07,2011,mars,lundi,11:05,75,75114,0,0,2,5,3,1,1,4,1,04,1,1,000,120,1,5,1,4,1,80,5,1,2,00,2,6,7,201100061187B01,7,16,1
201100061188,2011-03-08,2011,mars,mardi,84:5,75,75114,0,0,2,1,3,1,1,4,-1,04,-1,-1,000,085,1,0,1,4,2,50,1,1,2,00,2,7,7,201100061188B01,2,18,1
201100061189,2011-03-09,2011,mars,mercredi,84:5,75,75114,0,0,2,3,3,1,1,4,2,05,1,1,001,150,1,0,1,4,1,21,2,1,2,00,2,1,1,201100061189B01,7,16,1
201100061191,2011-03-16,2011,mars,mercredi,19:30,75,75114,0,0,2,2,7,5,1,4,2,06,1,1,000,000,1,0,1,4,2,49,0,1,2,00,0,0,21,201100061191A01,,,
201100061201,2011-03-26,2011,mars,samedi,20:25,75,75114,0,0,2,4,3,5,2,4,2,02,1,-1,000,200,2,0,1,4,2,23,1,1,2,00,2,3,1,201100061201B01,7,16,1
201100061205,2011-03-29,2011,mars,mardi,18:30,75,75114,0,0,2,2,3,2,2,4,-1,02,-1,-1,000,000,2,0,1,3,1,58,1,1,2,00,2,0,7,201100061205B01,7,16,1
201100061229,2011-04-18,2011,avril,lundi,63:5,75,75114,0,0,2,1,3,2,1,4,-1,01,1,1,030,050,1,0,4,4,1,39,1,1,2,00,2,8,1,201100061229B01,7,9,1
201100061234,2011-04-23,2011,avril,samedi,13:10,75,75114,0,0,2,1,3,1,1,4,1,01,1,1,020,050,1,0,1,4,1,33,3,1,2,00,2,7,1,201100061234B01,7,22,1
201100061235,2011-04-27,2011,avril,mercredi,11:50,75,75114,0,0,2,1,3,1,1,4,1,00,1,1,000,000,1,0,5,4,2,52,5,1,2,00,2,8,1,201100061235B01,7,9,1
201100061237,2011-04-28,2011,avril,jeudi,85:0,75,75114,0,0,2,1,3,1,1,4,2,02,2,1,000,090,1,0,1,4,2,25,1,1,2,00,2,1,1,201100061237B01,7,22,1
201100061254,2011-05-10,2011,mai,mardi,19:00,75,75114,0,0,2,1,3,1,1,4,3,06,1,1,005,080,1,0,1,4,1,16,5,1,2,00,2,7,1,201100061254B01,7,10,1
201100061256,2011-05-12,2011,mai,jeudi,18:15,75,75114,0,0,2,3,6,1,1,4,1,01,1,1,000,072,1,0,1,1,1,22,2,1,2,00,1,1,1,201100061256A01,,,
201100061258,2011-05-14,2011,mai,samedi,19:40,75,75114,0,0,2,1,3,1,1,4,2,04,1,1,000,080,1,0,5,4,1,35,5,1,2,00,2,0,11,201100061258B01,32,13,1
201100061260,2011-05-18,2011,mai,mercredi,19:26,75,75114,0,0,2,7,3,1,1,4,-1,02,1,1,000,050,1,0,1,4,2,52,1,1,2,00,2,8,1,201100061260B01,30,15,1