Num_Acc,date,an,mois,jour,hrmn,dep,com,lat,long,agg,int,col,lum,atm,catr,circ,nbv,prof,plan,lartpc,larrout,surf,infra,situ,grav,sexe,age,trajet,secuexist,equipement,obs,obsm,choc,manv,vehiculeid,typevehicules,manoeuvehicules,numVehicules
201100061261,2011-05-19,2011,mai,jeudi,20:00,75,75114,0,0,2,1,6,1,1,4,1,01,1,1,000,070,1,0,5,1,1,2,5,1,2,00,1,1,1,201100061261A01,,,
201100061262,2011-05-21,2011,mai,samedi,18:40,75,75114,0,0,2,3,3,1,1,4,1,01,1,1,000,066,1,0,1,4,1,10,5,1,2,01,0,8,19,201100061262B01,7,1,1
201100061266,2011-05-23,2011,mai,lundi,17:20,75,75114,0,0,2,5,3,1,1,4,2,02,1,1,000,055,1,0,1,4,1,34,1,1,2,00,2,1,1,201100061266B01,7,15,1
201100061272,2011-05-29,2011,mai,dimanche,15:55,75,75114,0,0,2,7,6,1,1,4,1,01,1,1,000,000,1,0,1,4,1,11,5,1,2,00,2,1,1,201100061272C01,7,1/23,2
201100061272,2011-05-29,2011,mai,dimanche,15:55,75,75114,0,0,2,7,6,1,1,4,1,01,1,1,000,000,1,0,1,4,2,31,5,1,2,00,2,0,1,201100061272D01,7,1/23,2
201100061282,2011-06-15,2011,juin,mercredi,95:0,75,75114,0,0,2,1,2,1,1,4,2,01,2,1,100,050,1,0,1,4,2,52,0,1,2,00,0,4,1,201100061282A01,32,23,1
201100061285,2011-06-16,2011,juin,jeudi,20:02,75,75114,0,0,2,2,2,1,1,4,1,01,1,1,000,140,1,0,1,4,2,41,9,1,2,00,2,1,1,201100061285A01,7,23,1
201100061308,2011-07-13,2011,juillet,mercredi,19:35,75,75114,0,0,2,1,3,1,1,4,1,02,3,1,000,000,1,0,1,4,1,26,1,1,2,00,2,3,1,201100061308B01,7,22,1
201100061310,2011-07-17,2011,juillet,dimanche,20:00,75,75114,0,0,2,2,6,2,1,4,2,02,1,1,000,056,1,5,5,4,1,21,5,1,2,00,2,8,19,201100061310A01,7,1,1
201100061322,2011-08-03,2011,août,mercredi,34:5,75,75114,0,0,2,3,7,5,2,4,1,01,1,1,020,020,2,0,5,4,1,51,0,1,2,00,0,0,1,201100061322A01,,,
201100061323,2011-08-04,2011,août,jeudi,84:5,75,75114,0,0,2,5,6,1,1,4,2,00,1,1,000,060,1,0,5,4,2,45,1,1,2,00,2,8,1,201100061323B01,7,22,1
201100061328,2011-08-20,2011,août,samedi,18:20,75,75114,0,0,2,5,6,1,1,4,1,00,-1,-1,000,000,-1,0,1,4,1,26,5,1,2,12,2,1,12,201100061328B01,34,18,1
201100061336,2011-09-06,2011,septembre,mardi,13:35,75,75114,0,0,2,3,3,1,1,4,2,01,1,1,000,100,1,0,1,4,2,59,1,1,2,00,2,3,13,201100061336B01,7,17,1
201100061340,2011-09-14,2011,septembre,mercredi,17:05,75,75114,0,0,2,2,1,1,1,4,2,02,2,1,000,050,1,0,1,4,1,21,9,1,2,00,2,1,16,201100061340B01,7,15,1
201100061354,2011-09-29,2011,septembre,jeudi,18:20,75,75114,0,0,2,7,3,1,1,4,1,02,1,2,000,000,1,0,1,4,1,27,5,1,2,00,2,7,1,201100061354A01,7,1,1
201100061357,2011-10-03,2011,octobre,lundi,17:25,75,75114,0,0,2,2,3,1,1,4,1,01,1,1,075,075,1,0,0,4,2,22,0,1,2,00,0,7,19,201100061357B01,7,15,1
201100061359,2011-10-11,2011,octobre,mardi,19:50,75,75114,0,0,2,1,6,5,1,4,1,01,1,1,000,030,1,0,1,4,1,31,1,1,2,00,2,1,1,201100061359A01,7,22,1
201100061365,2011-10-17,2011,octobre,lundi,14:18,75,75114,0,0,2,7,3,1,1,4,1,02,1,-1,000,000,1,0,5,4,2,60,0,1,2,00,2,1,1,201100061365B01,7,16,1
201100061375,2011-10-31,2011,octobre,lundi,81:0,75,75114,0,0,2,3,3,1,1,4,2,02,-1,1,000,080,1,0,1,4,2,27,1,1,2,00,2,1,15,201100061375B01,7,16,1
201100061406,2011-11-30,2011,novembre,mercredi,17:15,75,75114,0,0,2,3,3,5,1,4,2,02,1,1,000,100,2,0,1,4,2,19,2,1,2,00,0,1,1,201100061406B01,7,15,1
201100061444,2011-01-14,2011,janvier,vendredi,16:24,75,75115,0,0,2,1,6,1,1,4,2,02,-1,-1,000,060,1,0,1,4,1,13,1,1,2,00,2,2,1,201100061444A01,7,22,1
201100061453,2011-01-29,2011,janvier,samedi,94:0,75,75115,0,0,2,2,6,1,1,4,2,02,1,1,000,060,1,0,4,1,1,26,5,1,2,00,1,1,16,201100061453A01,,,
201100061462,2011-02-08,2011,février,mardi,13:05,75,75115,0,0,2,2,6,1,1,4,2,03,1,1,000,000,1,0,1,1,1,52,1,1,2,00,1,1,1,201100061462A01,,,
201100061467,2011-02-11,2011,février,vendredi,84:0,75,75115,0,0,2,1,6,1,1,4,-1,01,1,1,000,040,1,6,0,1,1,43,5,1,2,00,1,1,1,201100061467A01,,,
201100061467,2011-02-11,2011,février,vendredi,84:0,75,75115,0,0,2,1,6,1,1,4,-1,01,1,1,000,040,1,6,0,4,1,65,1,1,8,00,1,1,1,201100061467A01,,,
201100061474,2011-02-23,2011,février,mercredi,18:10,75,75115,0,0,2,5,3,5,2,4,1,02,1,1,000,080,2,5,1,4,2,29,0,1,2,00,2,7,17,201100061474A01,7,1,1
201100061480,2011-02-24,2011,février,jeudi,20:15,75,75115,0,0,2,2,3,5,1,4,2,02,1,1,000,000,1,0,1,4,2,41,1,1,2,00,2,1,15,201100061480B01,7,17,1
201100061481,2011-02-27,2011,février,dimanche,12:10,75,75115,0,0,2,1,6,1,1,4,2,00,2,1,000,060,1,0,1,4,2,24,5,1,2,00,2,0,1,201100061481A01,7,22,1
201100061484,2011-02-24,2011,février,jeudi,10:0,75,75115,0,0,2,2,3,5,2,4,2,02,1,1,040,040,2,5,1,4,1,34,5,1,2,00,2,0,19,201100061484A01,7,15,1
201100061493,2011-03-04,2011,mars,vendredi,19:15,75,75115,0,0,2,1,3,5,1,4,2,02,1,1,000,250,1,0,1,4,2,37,1,1,2,00,2,3,1,201100061493B01,7,12,1
201100061503,2011-03-08,2011,mars,mardi,18:30,75,75115,0,0,2,2,4,5,1,4,2,02,1,1,000,120,1,0,1,4,1,25,4,1,2,00,2,1,1,201100061503C01,32/ 30,16/1,2
201100061504,2011-03-08,2011,mars,mardi,20:20,75,75115,0,0,2,2,3,5,1,4,1,01,1,-1,000,030,1,0,1,4,1,41,9,1,2,00,2,1,1,201100061504A01,7,1,1
201100061536,2011-04-01,2011,avril,vendredi,18:15,75,75115,0,0,2,5,6,1,1,4,2,02,1,3,000,070,1,0,1,4,1,20,1,1,2,00,1,1,16,201100061536A01,,,
201100061548,2011-04-08,2011,avril,vendredi,94:0,75,75115,0,0,2,5,7,1,1,4,2,03,1,1,000,205,1,5,1,4,1,54,1,1,2,00,0,0,21,201100061548A01,,,
201100061549,2011-04-09,2011,avril,samedi,17:05,75,75115,0,0,2,1,3,1,1,4,1,02,1,1,000,090,1,0,1,4,1,42,5,1,2,01,0,0,1,201100061549B01,7,22,1
201100061553,2011-04-22,2011,avril,vendredi,10:30,75,75115,0,0,2,1,3,1,1,4,2,03,1,1,020,084,1,0,1,4,1,25,5,1,2,00,2,7,14,201100061553A01,37,7,1
201100061555,2011-04-26,2011,avril,mardi,16:00,75,75115,0,0,2,3,3,1,1,4,2,03,1,1,000,087,1,0,1,4,1,13,5,1,2,00,2,8,19,201100061555B01,10,15,1
201100061565,2011-05-02,2011,mai,lundi,12:35,75,75115,0,0,2,1,2,1,1,4,2,02,2,1,000,099,1,0,1,4,1,21,2,1,2,00,2,1,1,201100061565A01,7,20,1
201100061593,2011-05-31,2011,mai,mardi,20:15,75,75115,0,0,2,3,2,1,1,4,1,02,1,1,000,100,1,0,1,4,1,64,5,1,2,00,0,4,15,201100061593B01,2,1,1
201100061597,2011-05-20,2011,mai,vendredi,23:21,75,75115,0,0,2,2,3,5,1,4,2,02,1,1,000,000,1,0,1,4,2,27,5,1,2,00,2,1,1,201100061597A01,7,1,1
201100061600,2011-06-04,2011,juin,samedi,10:40,75,75115,0,0,2,7,6,1,1,4,2,04,1,1,000,139,1,0,1,4,1,46,5,1,2,00,2,1,1,201100061600A01,,,
201100061603,2011-06-09,2011,juin,jeudi,20:30,75,75115,0,0,2,1,3,1,1,4,2,02,1,1,000,097,-1,0,1,4,2,31,5,1,2,00,2,1,1,201100061603B01,7,22,1
201100061613,2011-06-20,2011,juin,lundi,13:40,75,75115,0,0,2,5,3,1,1,4,1,01,1,1,000,080,1,0,1,4,2,20,3,1,2,00,2,1,1,201100061613A01,33,1,1
201100061623,2011-06-30,2011,juin,jeudi,10:00,75,75115,0,0,2,2,7,1,1,4,1,03,1,1,000,000,1,0,0,4,2,42,5,1,2,00,2,1,21,201100061623A01,,,
201100061633,2011-07-07,2011,juillet,jeudi,17:05,75,75115,0,0,2,1,3,1,1,4,-1,01,1,1,000,000,1,0,5,4,2,39,9,1,2,00,2,1,2,201100061633B01,7,22,1
201100061636,2011-07-10,2011,juillet,dimanche,10:15,75,75115,0,0,2,1,2,1,1,4,1,02,1,1,000,000,1,0,1,4,1,51,5,1,2,00,2,1,1,201100061636A01,7,17,1
201100061647,2011-07-19,2011,juillet,mardi,18:10,75,75115,0,0,2,1,6,1,1,4,1,01,2,1,000,057,1,0,5,3,1,23,1,1,2,08,0,0,21,201100061647A01,,,
201100061651,2011-07-28,2011,juillet,jeudi,17:35,75,75115,0,0,2,3,3,1,1,4,2,02,1,1,000,000,2,0,1,4,2,76,0,1,2,00,2,2,1,201100061651B01,7,22,1
201100061653,2011-07-31,2011,juillet,dimanche,91:5,75,75115,0,0,2,2,6,1,1,4,1,02,1,1,000,100,1,0,1,1,1,56,5,1,2,00,1,1,1,201100061653A01,,,
201100061664,2011-08-10,2011,août,mercredi,11:15,75,75115,0,0,2,1,3,1,1,4,1,02,1,1,060,030,1,0,5,4,1,22,4,1,2,00,2,1,1,201100061664A01,10,16,1
201100061670,2011-08-24,2011,août,mercredi,71:0,75,75115,0,0,2,2,3,1,1,4,2,01,1,1,000,025,1,0,5,4,1,26,0,1,2,00,2,7,1,201100061670A01,7,1,1
201100061673,2011-08-25,2011,août,jeudi,23:25,75,75115,0,0,2,5,2,5,1,4,2,02,1,1,000,000,1,0,1,4,2,27,0,1,2,00,2,0,23,201100061673B01,7,2,1
201100061675,2011-08-31,2011,août,mercredi,10:30,75,75115,0,0,2,1,3,1,1,4,1,02,1,1,018,040,1,0,1,4,1,80,5,1,2,00,2,0,1,201100061675B01,7,14,1
201100061677,2011-09-02,2011,septembre,vendredi,19:05,75,75115,0,0,2,1,3,1,1,4,1,01,1,1,000,060,1,0,1,4,2,38,1,1,2,00,2,3,13,201100061677A01,7,1,1
201100061682,2011-09-09,2011,septembre,vendredi,20:45,75,75115,0,0,2,5,3,5,1,4,-1,01,-1,-1,020,040,1,0,1,3,1,17,0,1,2,00,2,7,1,201100061682B01,7,15,1
201100061683,2011-09-10,2011,septembre,samedi,19:10,75,75115,0,0,2,1,7,2,1,4,1,00,1,-1,060,060,-1,0,4,4,1,21,0,1,2,00,0,1,1,201100061683A01,,,
201100061689,2011-09-15,2011,septembre,jeudi,17:25,75,75115,0,0,2,3,6,1,1,4,1,02,1,-1,000,000,-1,0,5,4,1,55,5,1,2,14,0,2,12,201100061689A01,,,
201100061699,2011-09-23,2011,septembre,vendredi,12:00,75,75115,0,0,2,1,3,1,1,4,1,01,1,1,000,073,1,0,1,4,1,47,5,1,2,00,2,4,13,201100061699B01,37,17,1
201100061704,2011-09-28,2011,septembre,mercredi,12:50,75,75115,0,0,2,1,3,1,1,4,2,04,1,1,000,150,1,0,1,4,2,46,5,1,2,00,2,0,1,201100061704B01,10,14,1
201100061711,2011-10-03,2011,octobre,lundi,84:5,75,75115,0,0,2,1,2,1,1,4,2,00,1,1,000,000,1,0,5,4,1,31,1,1,2,00,2,7,20,201100061711A01,1,18,1
201100061711,2011-10-03,2011,octobre,lundi,84:5,75,75115,0,0,2,1,2,1,1,4,2,00,1,1,000,000,1,0,5,4,2,40,1,1,2,00,2,8,18,201100061711B01,1,20,1
201100061737,2011-10-17,2011,octobre,lundi,21:40,75,75114,0,0,2,5,3,5,1,4,2,02,1,-1,120,059,1,5,1,4,2,24,5,1,2,00,2,1,1,201100061737B01,7,15,1
201100061738,2011-10-18,2011,octobre,mardi,15:34,75,75115,0,0,2,1,3,1,2,4,3,02,2,1,010,100,2,0,1,4,2,25,5,1,2,00,2,1,1,201100061738B01,7,22,1
201100061748,2011-10-28,2011,octobre,vendredi,85:5,75,75115,0,0,2,5,7,1,1,4,2,02,1,1,000,101,1,0,1,4,1,18,2,1,2,00,1,2,21,201100061748A01,,,
201100061749,2011-10-28,2011,octobre,vendredi,19:45,75,75115,0,0,2,7,2,5,1,4,2,01,1,1,000,070,1,0,1,4,1,52,0,1,4,00,2,4,1,201100061749B01,2,1,1
201100061756,2011-11-04,2011,novembre,vendredi,10:40,75,75115,0,0,2,3,6,1,1,4,1,01,1,1,000,020,1,0,1,4,2,26,5,1,2,00,2,1,1,201100061756B01,10,4,1
201100061760,2011-11-08,2011,novembre,mardi,80:0,75,75115,0,0,2,1,7,1,2,4,4,03,2,1,000,060,2,0,1,4,2,45,1,1,2,00,0,0,1,201100061760A01,,,
201100061767,2011-11-17,2011,novembre,jeudi,20:10,75,75115,0,0,2,1,3,5,1,4,2,02,1,1,000,100,1,0,1,4,2,31,5,1,2,00,2,1,1,201100061767B01,7,22,1
201100061786,2011-12-01,2011,décembre,jeudi,19:05,75,75115,0,0,2,1,6,5,1,4,2,03,1,1,000,000,1,0,1,1,1,26,5,1,2,00,1,1,1,201100061786A01,,,
201100061791,2011-12-06,2011,décembre,mardi,13:15,75,75115,0,0,2,1,6,1,1,4,1,02,1,1,000,070,1,6,4,4,1,22,5,1,2,15,0,1,1,201100061791A01,,,
201100061793,2011-12-07,2011,décembre,mercredi,19:50,75,75115,0,0,2,1,7,5,2,4,1,01,1,1,000,016,2,0,5,4,2,29,1,1,2,14,0,1,17,201100061793A01,,,
201100061798,2011-12-10,2011,décembre,samedi,11:20,75,75115,0,0,2,1,3,1,1,4,1,01,2,1,000,050,1,0,1,4,2,51,0,1,2,00,2,1,1,201100061798A01,7,22,1
201100061814,2011-12-24,2011,décembre,samedi,12:00,75,75115,0,0,2,3,2,1,1,4,2,02,1,1,000,060,1,0,1,4,2,69,5,1,2,00,0,1,1,201100061814B01,7,22,1
201100061827,2011-01-08,2011,janvier,samedi,14:00,75,75116,0,0,2,1,3,1,1,4,4,00,1,1,000,000,1,0,1,4,2,14,0,1,2,00,2,5,1,201100061827B01,7,13,1
201100061846,2011-01-16,2011,janvier,dimanche,12:00,75,75116,0,0,2,1,7,1,1,4,1,01,2,3,000,030,9,0,5,4,1,35,5,1,2,00,0,1,1,201100061846A01,,,
201100061851,2011-01-19,2011,janvier,mercredi,13:50,75,75116,0,0,2,5,3,1,1,4,1,04,1,1,000,000,1,0,1,4,1,48,0,1,2,00,2,0,14,201100061851B01,10,1,1
201100061896,2011-03-01,2011,mars,mardi,10:55,75,75116,0,0,2,1,7,1,1,4,2,00,1,1,000,000,1,0,5,3,1,65,5,1,2,00,0,1,1,201100061896A01,,,
201100061915,2011-03-16,2011,mars,mercredi,10:00,75,75116,0,0,2,2,3,1,1,4,1,01,1,1,000,080,1,0,1,4,1,43,0,1,2,00,2,8,18,201100061915A01,10,16,1
201100061919,2011-03-16,2011,mars,mercredi,16:55,75,75116,0,0,2,1,7,1,1,4,1,01,2,-1,000,000,1,0,4,4,1,18,5,1,2,00,0,9,1,201100061919A01,,,
201100061928,2011-03-20,2011,mars,dimanche,10:50,75,75116,0,0,2,1,2,1,1,4,-1,02,1,1,000,000,1,0,5,4,1,62,0,1,2,00,0,8,1,201100061928A01,1,1,1
201100061928,2011-03-20,2011,mars,dimanche,10:50,75,75116,0,0,2,1,2,1,1,4,-1,02,1,1,000,000,1,0,5,4,1,62,0,1,2,00,0,0,1,201100061928B01,1,1,1
201100061932,2011-03-23,2011,mars,mercredi,15:00,75,75116,0,0,2,1,3,1,1,4,2,01,1,1,000,000,1,0,1,4,1,21,0,1,2,01,0,1,1,201100061932B01,7,22,1
201100061935,2011-03-24,2011,mars,jeudi,91:0,75,75116,0,0,2,1,3,1,1,4,2,02,1,-1,000,000,1,0,1,4,1,40,1,1,2,00,2,8,19,201100061935A01,33,1,1
201100061958,2011-04-05,2011,avril,mardi,18:00,75,75116,0,0,2,1,1,1,1,4,1,01,3,3,000,000,1,0,1,4,1,40,5,1,2,00,2,1,5,201100061958A01,34,17,1
201100061973,2011-04-11,2011,avril,lundi,17:40,75,75116,0,0,2,3,7,1,1,4,-1,01,1,1,000,000,1,0,1,3,1,50,1,1,2,00,0,1,1,201100061973A01,,,
201100061974,2011-04-11,2011,avril,lundi,18:35,75,75116,0,0,2,1,7,1,1,4,2,02,1,1,000,000,1,0,0,4,1,35,5,1,2,00,0,1,1,201100061974A01,,,
201100061975,2011-04-12,2011,avril,mardi,19:30,75,75116,0,0,2,1,2,2,1,4,2,00,1,1,000,000,1,0,1,4,1,44,5,1,2,00,2,4,2,201100061975B01,10,2,1
201100061986,2011-04-25,2011,avril,lundi,11:45,75,75116,0,0,2,1,2,1,1,4,2,02,1,3,000,000,1,0,1,4,1,45,5,1,2,00,2,1,2,201100061986A01,1,2,1
201100061986,2011-04-25,2011,avril,lundi,11:45,75,75116,0,0,2,1,2,1,1,4,2,02,1,3,000,000,1,0,1,1,1,83,5,1,2,00,2,4,2,201100061986B01,1,2,1
201100061988,2011-04-26,2011,avril,mardi,91:5,75,75116,0,0,2,1,3,1,1,4,1,02,1,2,000,000,1,0,5,4,1,48,1,1,2,00,2,1,17,201100061988B01,7,22,1
201100061998,2011-04-30,2011,avril,samedi,17:40,75,75116,0,0,2,1,7,1,1,4,-1,01,1,1,000,000,1,6,0,4,2,11,5,1,2,00,0,2,1,201100061998A01,,,
201100062001,2011-05-03,2011,mai,mardi,81:5,75,75116,0,0,2,4,3,1,1,4,1,01,2,1,000,040,1,0,1,4,1,19,2,1,2,00,2,2,1,201100062001B01,10,15,1
201100062011,2011-05-08,2011,mai,dimanche,19:30,75,75116,0,0,2,1,3,1,1,4,1,01,2,1,000,080,1,0,1,4,1,44,5,1,2,00,2,1,7,201100062011B01,1,14,1
201100062011,2011-05-08,2011,mai,dimanche,19:30,75,75116,0,0,2,1,3,1,1,4,1,01,2,1,000,080,1,0,1,4,2,11,5,1,2,00,2,7,14,201100062011A01,1,7,1
201100062028,2011-05-17,2011,mai,mardi,17:30,75,75116,0,0,2,1,3,1,1,4,-1,02,2,-1,000,000,1,0,0,4,2,30,2,1,2,00,2,1,1,201100062028B01,7,10,1
201100062043,2011-05-25,2011,mai,mercredi,19:20,75,75116,0,0,2,1,6,1,1,4,1,01,1,1,000,030,1,0,4,1,1,14,5,1,2,00,1,8,1,201100062043A01,,,
201100062058,2011-06-01,2011,juin,mercredi,20:20,75,75116,0,0,2,5,3,1,1,4,2,02,2,1,000,050,1,0,1,4,1,47,1,1,2,00,2,7,1,201100062058B01,7,22,1
201100062072,2011-06-13,2011,juin,lundi,15:20,75,75116,0,0,2,5,6,1,1,4,2,01,1,2,050,100,1,0,1,4,1,48,0,1,2,00,2,4,1,201100062072A01,7,15,1
201100062086,2011-06-17,2011,juin,vendredi,13:05,75,75116,0,0,2,1,6,1,2,4,1,01,-1,1,000,060,1,0,1,4,1,34,5,1,2,01,2,1,0,201100062086A01,,,
201100062097,2011-06-23,2011,juin,jeudi,15:50,75,75116,0,0,2,5,6,1,1,4,-1,01,1,-1,000,000,1,0,1,4,1,65,5,1,2,00,2,8,1,201100062097A01,7,7,1
201100062104,2011-06-27,2011,juin,lundi,13:45,75,75116,0,0,2,7,3,1,1,4,1,02,1,-1,000,000,1,0,1,4,1,60,0,1,2,00,2,7,1,201100062104B01,10,13,1
201100062107,2011-06-27,2011,juin,lundi,19:15,75,75116,0,0,2,3,5,1,1,4,2,02,1,3,000,100,1,0,1,1,1,66,5,1,2,00,0,3,15,201100062107A01,33/ 7,17/23,2
201100062111,2011-06-29,2011,juin,mercredi,11:55,75,75116,0,0,2,1,2,1,1,4,2,02,1,1,000,000,1,0,5,4,1,40,5,1,2,00,2,6,13,201100062111B01,1,1,1
201100062111,2011-06-29,2011,juin,mercredi,11:55,75,75116,0,0,2,1,2,1,1,4,2,02,1,1,000,000,1,0,5,4,1,47,5,1,2,00,2,2,1,201100062111A01,1,13,1
201100062122,2011-07-04,2011,juillet,lundi,21:30,75,75116,0,0,2,5,3,2,1,4,2,02,2,-1,000,000,1,0,1,4,1,39,5,1,2,00,2,1,1,201100062122B01,7,4,1
201100062130,2011-07-13,2011,juillet,mercredi,15:55,75,75116,0,0,2,1,3,1,1,4,2,00,3,1,000,000,1,0,1,4,2,48,5,1,2,00,2,8,13,201100062130A01,38,17,1
201100062138,2011-07-22,2011,juillet,vendredi,10:10,75,75116,0,0,2,1,7,1,8,4,-1,00,1,1,000,000,2,0,5,4,2,64,5,1,2,00,0,0,1,201100062138A01,,,
201100062160,2011-08-17,2011,août,mercredi,20:10,75,75116,0,0,2,4,6,2,1,4,2,04,1,1,000,040,1,6,1,4,1,50,5,1,2,00,2,6,2,201100062160A01,7,2,1
201100062162,2011-08-19,2011,août,vendredi,12:35,75,75116,0,0,2,5,6,1,1,4,2,02,1,1,000,000,1,0,1,1,1,50,5,1,2,00,1,1,1,201100062162A01,,,
201100062177,2011-09-02,2011,septembre,vendredi,21:15,75,75116,0,0,2,1,3,5,1,4,2,00,1,1,000,000,1,0,1,4,1,43,5,1,2,00,2,3,1,201100062177B01,7,14,1
201100062193,2011-09-14,2011,septembre,mercredi,10:20,75,75116,0,0,2,7,3,1,1,4,1,00,1,1,000,090,-1,0,1,4,2,45,1,1,2,00,2,6,15,201100062193B01,7,17,1
201100062197,2011-09-15,2011,septembre,jeudi,23:30,75,75116,0,0,2,1,2,5,1,4,2,04,1,1,000,000,1,1,1,4,1,82,0,1,2,00,2,4,11,201100062197B01,7,12,1
201100062203,2011-09-19,2011,septembre,lundi,20:25,75,75116,0,0,2,5,3,5,1,4,3,02,2,-1,000,150,1,0,1,4,2,48,5,1,2,00,2,8,18,201100062203B01,7,1,1
201100062226,2011-10-03,2011,octobre,lundi,84:5,75,75115,0,0,2,1,7,1,1,4,2,00,2,1,000,000,1,2,1,4,1,59,1,1,2,00,0,0,1,201100062226A01,,,
201100062230,2011-10-05,2011,octobre,mercredi,15:25,75,75116,0,0,2,1,3,1,1,4,1,05,1,2,000,200,1,0,1,4,1,39,5,1,2,00,2,8,1,201100062230B01,7,14,1
201100062231,2011-10-05,2011,octobre,mercredi,15:35,75,75116,0,0,2,1,3,1,1,4,2,02,1,1,000,000,1,0,1,4,1,64,5,1,2,00,2,1,17,201100062231B01,7,15,1
201100062246,2011-10-10,2011,octobre,lundi,16:00,75,75116,0,0,2,3,3,1,1,4,1,01,1,-1,000,000,1,0,1,4,1,10,5,1,2,00,2,3,19,201100062246B01,7,16,1
201100062254,2011-10-16,2011,octobre,dimanche,15:30,75,75116,0,0,2,1,7,1,1,4,1,01,1,3,000,000,1,0,5,4,1,74,5,1,2,00,0,0,21,201100062254A01,,,
201100062279,2011-11-02,2011,novembre,mercredi,14:30,75,75116,0,0,2,1,7,1,1,4,-1,01,2,3,000,000,1,0,5,4,1,46,5,1,2,00,0,0,21,201100062279A01,,,
201100062282,2011-11-04,2011,novembre,vendredi,90:5,75,75116,0,0,2,7,3,1,1,4,1,04,1,-1,000,000,-1,5,1,4,1,20,2,1,2,00,2,4,1,201100062282B01,7,1,1
201100062283,2011-11-05,2011,novembre,samedi,83:0,75,75116,0,0,2,3,7,1,2,4,2,00,2,1,000,080,2,0,1,4,1,34,5,1,2,00,0,8,1,201100062283A01,,,
201100062284,2011-11-06,2011,novembre,dimanche,10:45,75,75116,0,0,2,1,6,1,1,4,1,01,1,3,000,000,1,0,5,3,1,65,5,1,2,00,1,1,1,201100062284A01,,,
201100062288,2011-11-08,2011,novembre,mardi,12:10,75,75116,0,0,2,1,7,1,2,4,-1,00,2,3,000,000,9,0,1,4,1,31,4,1,2,00,0,0,1,201100062288A01,,,
201100062301,2011-11-13,2011,novembre,dimanche,16:05,75,75116,0,0,2,1,7,1,1,4,1,01,1,1,000,000,1,0,1,4,2,63,5,1,2,00,1,1,21,201100062301A01,,,
201100062327,2011-11-29,2011,novembre,mardi,22:40,75,75116,0,0,2,1,3,5,1,4,2,02,1,1,000,000,2,0,1,4,1,45,0,1,2,00,2,3,13,201100062327A01,37,17,1
201100062362,2011-12-17,2011,décembre,samedi,17:50,75,75116,0,0,2,2,3,3,2,4,2,02,1,1,000,000,2,0,5,4,1,39,5,1,2,00,2,8,1,201100062362B01,7,16,1
201100062384,2011-01-04,2011,janvier,mardi,14:20,75,75117,0,0,2,1,6,1,1,4,2,04,1,1,000,000,1,0,1,4,1,65,5,1,2,00,1,1,1,201100062384A01,,,
201100062385,2011-01-05,2011,janvier,mercredi,94:0,75,75117,0,0,2,1,3,1,1,4,2,02,1,1,000,000,1,0,1,4,1,30,4,1,2,00,2,1,1,201100062385B01,14,22,1
201100062397,2011-01-13,2011,janvier,jeudi,13:30,75,75117,0,0,2,1,4,1,1,4,-1,00,1,-1,000,000,1,0,1,4,1,49,0,1,2,00,2,1,1,201100062397B01,7,1/22,2
201100062406,2011-01-22,2011,janvier,samedi,23:30,75,75117,0,0,2,2,6,5,2,4,2,02,2,1,000,000,2,0,1,4,2,34,0,1,2,00,2,0,16,201100062406A01,33,2,1
201100062491,2011-04-10,2011,avril,dimanche,21:5,75,75117,0,0,2,2,3,5,1,4,2,04,2,1,000,000,1,0,1,4,1,21,0,1,2,00,9,3,13,201100062491B01,30,17,1
201100062502,2011-04-20,2011,avril,mercredi,82:0,75,75117,0,0,2,1,3,1,1,4,2,01,1,1,000,000,1,0,1,4,2,29,0,1,2,01,0,1,1,201100062502B01,7,22,1
201100062505,2011-04-21,2011,avril,jeudi,21:10,75,75117,0,0,2,1,3,5,1,4,-1,02,1,1,000,000,1,0,1,4,2,34,5,1,2,00,2,0,1,201100062505A01,10,22,1
201100062511,2011-04-26,2011,avril,mardi,19:35,75,75117,0,0,2,5,6,1,1,4,3,03,1,1,000,000,1,0,5,4,2,40,5,1,2,00,2,1,7,201100062511A01,7,22,1
201100062512,2011-04-26,2011,avril,mardi,22:15,75,75117,0,0,2,4,3,5,1,4,2,02,2,1,000,000,1,1,1,4,1,39,1,1,2,00,2,4,16,201100062512A01,7,1,1
201100062530,2011-05-10,2011,mai,mardi,13:28,75,75117,0,0,2,2,3,1,1,4,2,02,1,1,000,000,1,0,1,3,1,19,9,1,2,00,2,3,9,201100062530A01,30,1,1
201100062531,2011-05-10,2011,mai,mardi,17:00,75,75117,0,0,2,2,3,1,1,4,1,01,1,1,000,030,1,0,1,4,1,40,0,1,2,00,2,1,17,201100062531B01,7,15,1
201100062550,2011-05-20,2011,mai,vendredi,12:40,75,75117,0,0,2,5,2,1,1,4,-1,03,1,2,000,000,1,0,1,4,2,65,5,1,2,00,2,4,16,201100062550B01,7,2,1
201100062557,2011-05-25,2011,mai,mercredi,15:08,75,75117,0,0,2,5,3,1,1,4,2,06,1,1,000,000,1,5,1,4,1,11,5,1,2,00,2,8,19,201100062557B01,7,1,1
201100062559,2011-05-28,2011,mai,samedi,17:45,75,75117,0,0,2,4,3,1,1,4,2,02,2,1,000,080,1,0,1,4,1,50,3,1,2,00,2,1,1,201100062559A01,7,22,1
201100062560,2011-05-28,2011,mai,samedi,18:20,75,75117,0,0,2,1,6,1,1,4,2,02,1,1,000,060,1,1,5,4,2,65,0,1,2,12,2,8,2,201100062560B01,7,2,1
201100062567,2011-06-03,2011,juin,vendredi,83:0,75,75117,0,0,2,2,1,1,1,4,2,02,1,1,000,000,1,0,1,4,1,30,0,1,2,00,2,1,15,201100062567A01,33,1,1