Num_Acc,date,an,mois,jour,hrmn,dep,com,lat,long,agg,int,col,lum,atm,catr,circ,nbv,prof,plan,lartpc,larrout,surf,infra,situ,grav,sexe,age,trajet,secuexist,equipement,obs,obsm,choc,manv,vehiculeid,typevehicules,manoeuvehicules,numVehicules
201100062574,2011-06-16,2011,juin,jeudi,18:10,75,75116,0,0,2,1,2,1,1,4,2,03,1,1,000,000,1,0,5,4,2,28,5,1,2,00,2,7,0,201100062574B01,1,0,1
201100062574,2011-06-16,2011,juin,jeudi,18:10,75,75116,0,0,2,1,2,1,1,4,2,03,1,1,000,000,1,0,5,4,1,49,5,1,2,00,2,1,0,201100062574A01,1,0,1
201100062575,2011-06-17,2011,juin,vendredi,19:30,75,75117,0,0,2,2,6,1,1,4,2,01,2,1,000,000,1,0,1,1,1,23,5,1,2,00,1,1,1,201100062575A01,,,
201100062585,2011-06-24,2011,juin,vendredi,93:0,75,75117,0,0,2,1,6,1,1,4,2,02,1,1,000,060,1,0,1,4,1,28,1,1,9,01,0,2,21,201100062585A01,,,
201100062589,2011-06-28,2011,juin,mardi,15:15,75,75108,0,0,2,1,6,1,1,4,1,02,2,1,000,000,1,0,1,4,2,38,5,1,2,00,0,8,7,201100062589A01,10,1,1
201100062591,2011-06-29,2011,juin,mercredi,10:5,75,75117,0,0,2,5,3,5,1,4,-1,01,1,-1,000,000,1,0,1,4,2,20,5,1,2,00,0,3,15,201100062591A01,30,1,1
201100062597,2011-07-04,2011,juillet,lundi,12:25,75,75117,0,0,2,5,3,1,1,4,2,06,1,1,000,000,1,0,1,4,2,34,0,1,2,00,2,6,7,201100062597B01,7,16,1
201100062600,2011-07-07,2011,juillet,jeudi,20:00,75,75117,0,0,2,1,7,1,1,4,-1,00,1,-1,000,000,1,0,1,4,1,27,0,1,2,00,0,0,1,201100062600A01,,,
201100062604,2011-07-15,2011,juillet,vendredi,15:55,75,75117,0,0,2,7,3,1,1,4,1,01,1,1,000,040,1,0,1,4,1,34,5,1,2,00,2,1,1,201100062604B01,7,22,1
201100062610,2011-07-25,2011,juillet,lundi,19:40,75,75117,0,0,2,1,2,1,1,4,3,02,1,-1,000,000,1,0,1,4,1,27,1,1,2,00,2,1,2,201100062610A01,7,23,1
201100062626,2011-08-10,2011,août,mercredi,20:,75,75117,0,0,2,4,3,5,1,4,1,01,1,1,000,000,1,3,1,4,2,33,5,1,2,00,2,8,7,201100062626B01,7,15,1
201100062628,2011-08-10,2011,août,mercredi,19:00,75,75117,0,0,2,5,6,1,1,4,1,01,1,1,000,000,1,0,0,4,2,54,5,1,2,00,2,1,1,201100062628A01,7,22,1
201100062635,2011-08-25,2011,août,jeudi,92:0,75,75117,0,0,2,3,3,1,1,4,1,01,1,1,000,000,1,0,1,3,2,43,9,1,2,00,2,3,1,201100062635B01,7,15,1
201100062637,2011-08-25,2011,août,jeudi,19:10,75,75116,0,0,2,3,3,1,1,4,4,04,1,1,000,000,1,0,1,4,1,26,0,1,2,00,2,1,1,201100062637B01,7,15,1
201100062660,2011-09-13,2011,septembre,mardi,10:15,75,75117,0,0,2,2,3,1,1,4,1,01,1,-1,000,000,1,6,1,3,2,52,0,1,2,00,2,1,19,201100062660A01,30,16,1
201100062708,2011-10-14,2011,octobre,vendredi,95:0,75,75117,0,0,2,1,3,1,1,4,1,01,1,1,000,050,1,0,1,4,1,41,5,1,2,00,2,2,1,201100062708B01,7,22,1
201100062711,2011-10-15,2011,octobre,samedi,20:25,75,75117,0,0,2,1,2,5,1,4,2,04,1,1,000,000,1,0,1,4,1,23,5,1,2,00,0,1,1,201100062711A01,7,1,1
201100062715,2011-10-17,2011,octobre,lundi,20:45,75,75117,0,0,2,4,3,5,1,4,2,04,1,-1,000,000,1,0,4,4,2,48,1,1,2,00,2,3,1,201100062715B01,7,9,1
201100062716,2011-10-18,2011,octobre,mardi,15:05,75,75117,0,0,2,1,3,1,8,4,1,01,2,1,000,000,2,0,1,4,1,31,0,1,2,00,2,7,1,201100062716B01,7,22,1
201100062828,2011-01-30,2011,janvier,dimanche,21:10,75,75118,0,0,2,1,3,5,1,4,2,02,1,1,000,000,1,0,1,4,2,31,0,1,2,00,0,1,7,201100062828B01,7,22,1
201100062871,2011-03-24,2011,mars,jeudi,15:00,75,75118,0,0,2,1,3,1,1,4,1,02,1,1,000,080,1,0,1,4,2,67,0,1,2,00,2,3,12,201100062871B01,7,7,1
201100062875,2011-03-31,2011,mars,jeudi,18:00,75,75118,0,0,2,2,6,1,1,4,1,00,1,1,000,000,1,0,0,1,1,21,9,1,2,00,0,0,7,201100062875A01,,,
201100062876,2011-03-31,2011,mars,jeudi,18:25,75,75118,0,0,2,1,3,1,1,4,2,04,1,1,000,120,1,0,0,4,1,31,0,1,2,00,2,0,13,201100062876B01,37,1,1
201100062878,2011-04-01,2011,avril,vendredi,20:40,75,75118,0,0,2,1,3,5,1,4,1,01,2,1,000,040,1,0,1,4,1,26,9,1,2,00,2,0,1,201100062878B01,7,22,1
201100062889,2011-04-09,2011,avril,samedi,16:30,75,75118,0,0,2,5,3,1,1,4,2,02,1,-1,010,060,1,0,1,4,1,14,0,1,2,00,2,2,16,201100062889B01,7,15,1
201100062916,2011-05-06,2011,mai,vendredi,13:40,75,75118,0,0,2,5,3,1,1,4,2,02,1,1,000,060,1,0,1,4,1,42,5,1,2,00,2,2,15,201100062916A01,33,1,1
201100062924,2011-05-10,2011,mai,mardi,16:00,75,75118,0,0,2,1,3,1,1,4,1,04,1,1,000,100,1,0,1,4,1,33,0,1,2,00,2,8,1,201100062924B01,37,17,1
201100062943,2011-05-23,2011,mai,lundi,17:35,75,75118,0,0,2,1,6,1,1,4,2,05,1,1,190,130,1,0,1,4,1,27,4,1,2,00,1,1,7,201100062943A01,,,
201100062982,2011-07-06,2011,juillet,mercredi,82:0,75,75118,0,0,2,2,3,1,1,4,1,01,1,1,050,050,1,0,1,4,2,56,1,1,2,00,2,1,15,201100062982A01,7,16,1
201100062988,2011-07-16,2011,juillet,samedi,22:50,75,75118,0,0,2,4,6,5,3,4,1,02,1,1,000,000,2,3,1,4,1,41,0,1,2,01,0,3,17,201100062988A01,,,
201100063011,2011-08-24,2011,août,mercredi,80:0,75,75118,0,0,2,1,6,1,8,4,1,01,2,-1,000,000,1,0,1,4,1,46,0,1,2,01,0,9,13,201100063011A01,,,
201100063019,2011-09-01,2011,septembre,jeudi,18:10,75,75118,0,0,2,1,6,1,1,4,1,02,1,1,000,040,1,0,1,1,1,22,0,1,2,00,1,3,1,201100063019A01,,,
201100063033,2011-09-14,2011,septembre,mercredi,20:40,75,75118,0,0,2,1,6,5,1,4,2,02,1,1,000,060,1,0,1,4,1,46,0,1,2,00,1,1,1,201100063033A01,,,
201100063034,2011-09-18,2011,septembre,dimanche,15:40,75,75118,0,0,2,1,6,1,2,4,1,01,1,-1,000,000,2,0,5,4,1,32,0,1,2,08,0,2,14,201100063034A01,,,
201100063049,2011-09-28,2011,septembre,mercredi,18:15,75,75118,0,0,2,4,3,1,1,4,1,03,1,1,000,100,1,0,1,4,1,41,5,1,2,00,0,1,1,201100063049B01,7,15,1
201100063052,2011-10-01,2011,octobre,samedi,10:0,75,75118,0,0,2,2,6,5,1,4,2,02,1,1,000,060,1,0,1,4,2,28,0,1,2,01,0,1,14,201100063052A01,,,
201100063070,2011-10-12,2011,octobre,mercredi,19:10,75,75118,0,0,2,5,6,5,1,4,-1,00,1,1,000,000,1,0,4,1,1,37,9,1,2,00,1,1,1,201100063070A01,,,
201100063078,2011-10-14,2011,octobre,vendredi,10:05,75,75118,0,0,2,3,3,1,1,4,-1,01,1,1,000,000,1,0,5,4,2,28,0,1,2,00,2,1,1,201100063078B01,10,16,1
201100063087,2011-10-21,2011,octobre,vendredi,93:0,75,75118,0,0,2,1,2,1,1,4,2,02,1,1,050,100,1,0,1,4,2,28,1,1,2,00,2,1,1,201100063087B01,13,22,1
201100063100,2011-11-05,2011,novembre,samedi,14:0,75,75118,0,0,2,2,2,5,3,4,1,03,-1,1,000,000,2,0,1,4,1,33,5,1,2,00,2,4,2,201100063100A01,31,2,1
201100063141,2011-12-02,2011,décembre,vendredi,19:00,75,75118,0,0,2,1,3,5,1,4,2,01,1,1,000,040,1,0,1,4,2,42,0,1,2,00,2,1,17,201100063141B01,7,9,1
201100063147,2011-12-05,2011,décembre,lundi,19:00,75,75118,0,0,2,4,6,5,2,4,1,01,1,1,000,080,2,0,1,4,1,39,0,1,2,00,2,7,18,201100063147A01,7,22,1
201100063190,2011-01-15,2011,janvier,samedi,22:55,75,75119,0,0,2,3,3,3,1,4,1,01,1,1,000,070,1,0,1,4,1,31,1,1,2,00,2,1,1,201100063190B01,7,16,1
201100063237,2011-03-23,2011,mars,mercredi,16:00,75,75119,0,0,2,1,6,1,1,4,2,04,1,1,000,000,1,0,1,4,1,57,5,1,2,00,2,8,1,201100063237B01,7,17,1
201100063238,2011-03-23,2011,mars,mercredi,19:55,75,75119,0,0,2,3,3,5,1,4,1,00,1,1,000,090,1,0,1,4,1,14,5,1,2,00,2,8,19,201100063238B01,32,1,1
201100063250,2011-03-30,2011,mars,mercredi,71:5,75,75119,0,0,2,1,3,2,1,4,2,02,-1,1,000,060,1,0,1,4,2,36,2,1,2,00,2,8,17,201100063250B01,30,13,1
201100063276,2011-04-15,2011,avril,vendredi,84:0,75,75119,0,0,2,1,6,1,1,4,2,04,1,1,000,000,1,0,5,4,2,31,1,1,2,01,0,1,1,201100063276B01,13,22,1
201100063284,2011-04-26,2011,avril,mardi,20:00,75,75119,0,0,2,5,3,1,1,4,1,01,1,3,000,100,1,5,5,4,2,31,5,1,2,00,2,8,1,201100063284B01,7,16,1
201100063304,2011-05-13,2011,mai,vendredi,74:0,75,75119,0,0,2,3,1,1,1,4,2,03,1,1,000,000,1,0,1,4,1,15,5,1,2,00,2,1,15,201100063304A01,7,1,1
201100063305,2011-05-13,2011,mai,vendredi,13:15,75,75119,0,0,2,2,2,1,1,4,3,04,1,1,000,140,1,0,1,3,2,49,9,1,2,00,2,4,1,201100063305B01,10,11,1
201100063310,2011-05-16,2011,mai,lundi,85:0,75,75119,0,0,2,5,3,1,1,4,2,02,1,1,000,000,1,0,1,4,2,44,1,1,2,00,2,1,1,201100063310B01,7,1,1
201100063313,2011-05-16,2011,mai,lundi,15:30,75,75119,0,0,2,1,3,1,1,4,2,02,2,1,000,120,1,0,1,4,1,20,0,1,2,00,2,1,1,201100063313B01,7,9,1
201100063330,2011-05-27,2011,mai,vendredi,16:05,75,75119,0,0,2,1,3,1,1,4,-1,00,1,-1,000,000,1,0,1,4,2,35,1,1,2,00,2,4,19,201100063330B01,34,1,1
201100063335,2011-06-07,2011,juin,mardi,14:00,75,75119,0,0,2,7,3,1,2,4,1,02,-1,-1,000,050,2,5,1,4,2,13,0,1,2,00,2,7,16,201100063335B01,14,16,1
201100063361,2011-07-02,2011,juillet,samedi,19:30,75,75110,0,0,2,2,3,1,1,4,1,02,1,1,050,080,1,0,0,4,2,14,5,1,2,00,2,8,1,201100063361B01,30,1,1
201100063362,2011-07-03,2011,juillet,dimanche,16:00,75,75119,0,0,2,1,3,1,1,4,1,01,1,1,000,060,1,0,4,4,1,8,5,1,2,00,2,8,1,201100063362B01,7,9,1
201100063376,2011-07-22,2011,juillet,vendredi,91:5,75,75119,0,0,2,1,7,1,1,4,1,01,1,1,000,000,2,0,5,4,1,35,1,1,2,00,0,0,13,201100063376A01,,,
201100063388,2011-08-12,2011,août,vendredi,93:0,75,75119,0,0,2,1,6,1,8,4,1,01,2,1,000,035,1,0,1,4,1,44,1,1,2,00,2,8,1,201100063388B01,2,1,1
201100063390,2011-08-17,2011,août,mercredi,22:00,75,75119,0,0,2,1,3,5,1,4,1,01,1,1,000,080,1,0,1,4,1,21,0,1,2,00,2,1,9,201100063390A01,2,1,1
201100063392,2011-08-19,2011,août,vendredi,15:50,75,75119,0,0,2,1,2,1,1,4,3,04,1,1,000,000,1,0,1,3,2,69,0,1,2,00,2,4,2,201100063392B01,7,2,1
201100063396,2011-08-22,2011,août,lundi,20:00,75,75119,0,0,2,3,3,1,2,4,1,01,1,-1,000,000,1,5,1,4,1,31,0,1,2,00,2,0,1,201100063396A01,7,15,1
201100063398,2011-08-23,2011,août,mardi,16:00,75,75119,0,0,2,1,3,1,1,4,1,02,1,1,005,080,1,0,5,4,1,68,3,1,2,00,2,1,1,201100063398B01,7,16,1
201100063406,2011-09-05,2011,septembre,lundi,16:36,75,75119,0,0,2,1,3,1,1,4,2,02,2,1,000,050,1,0,1,4,2,32,0,1,2,00,2,1,1,201100063406B01,7,22,1
201100063422,2011-09-24,2011,septembre,samedi,17:45,75,75119,0,0,2,1,7,1,1,4,1,01,1,1,000,000,1,0,1,4,1,40,1,1,2,00,0,0,1,201100063422A01,,,
201100063423,2011-09-24,2011,septembre,samedi,20:35,75,75119,0,0,2,3,3,5,1,4,2,02,2,1,000,050,1,0,5,4,2,21,5,1,2,00,2,3,1,201100063423A01,1,19,1
201100063423,2011-09-24,2011,septembre,samedi,20:35,75,75119,0,0,2,3,3,5,1,4,2,02,2,1,000,050,1,0,5,4,1,41,5,1,2,00,2,1,19,201100063423B01,1,1,1
201100063435,2011-10-11,2011,octobre,mardi,19:35,75,75119,0,0,2,7,6,5,1,4,2,02,2,1,000,050,1,0,1,4,1,45,0,1,2,00,2,3,1,201100063435A01,7,22,1
201100063443,2011-10-17,2011,octobre,lundi,90:0,75,75119,0,0,2,1,6,1,1,4,-1,00,1,1,000,000,1,0,5,1,1,26,1,1,2,00,1,1,2,201100063443A01,,,
201100063447,2011-10-19,2011,octobre,mercredi,20:15,75,75119,0,0,2,7,3,5,8,4,-1,02,1,-1,000,000,1,0,0,4,1,47,9,1,2,00,2,2,18,201100063447A01,7,1,1
201100063448,2011-10-22,2011,octobre,samedi,17:30,75,75119,0,0,2,5,3,1,1,4,1,02,1,3,000,080,1,0,1,1,1,80,1,1,2,00,2,4,13,201100063448B01,31,1,1
201100063456,2011-10-28,2011,octobre,vendredi,20:45,75,75119,0,0,2,2,3,5,1,4,2,04,1,1,000,113,1,0,1,4,1,42,0,1,2,00,2,1,1,201100063456B01,7,15,1
201100063460,2011-10-31,2011,octobre,lundi,10:30,75,75119,0,0,2,2,3,1,1,4,3,04,1,1,000,050,1,0,1,4,2,18,2,1,2,00,0,5,16,201100063460B01,10,1,1
201100063462,2011-11-03,2011,novembre,jeudi,15:05,75,75119,0,0,2,1,6,1,2,4,1,02,1,1,000,000,2,0,1,4,1,36,0,1,2,00,2,4,11,201100063462A01,7,1,1
201100063470,2011-11-09,2011,novembre,mercredi,80:5,75,75119,0,0,2,1,2,2,1,4,1,02,1,1,000,080,1,0,1,3,1,37,1,1,2,00,0,4,12,201100063470B01,7,12,1
201100063490,2011-12-07,2011,décembre,mercredi,14:00,75,75119,0,0,2,1,3,1,2,4,2,02,1,1,000,060,2,0,1,4,1,47,0,1,2,00,2,8,19,201100063490B01,32,3,1
201100063499,2011-12-17,2011,décembre,samedi,13:00,75,75119,0,0,2,1,3,1,1,4,1,02,1,1,000,100,1,0,1,4,2,27,5,1,2,00,2,4,9,201100063499A01,34,1,1
201100063508,2011-01-07,2011,janvier,vendredi,20:45,75,75120,0,0,2,2,6,5,1,4,1,01,1,1,000,000,2,0,1,3,1,16,0,1,2,00,2,0,2,201100063508A01,7,2,1
201100063508,2011-01-07,2011,janvier,vendredi,20:45,75,75120,0,0,2,2,6,5,1,4,1,01,1,1,000,000,2,0,1,4,1,16,0,1,2,00,2,0,2,201100063508A01,7,2,1
201100063528,2011-02-02,2011,février,mercredi,17:20,75,75120,0,0,2,4,7,1,1,4,1,01,2,3,000,080,1,0,1,4,2,55,0,1,2,00,0,0,16,201100063528A01,,,
201100063531,2011-02-03,2011,février,jeudi,18:25,75,75120,0,0,2,5,3,5,1,4,1,01,2,1,000,150,1,0,1,4,2,42,5,1,2,00,2,2,1,201100063531B01,10,22,1
201100063570,2011-03-08,2011,mars,mardi,18:18,75,75120,0,0,2,1,6,1,1,4,2,01,-1,-1,000,060,1,0,1,1,1,18,5,1,2,00,1,0,1,201100063570A01,,,
201100063571,2011-03-09,2011,mars,mercredi,92:0,75,75120,0,0,2,1,3,1,8,4,1,01,1,1,000,036,1,0,1,4,2,48,1,1,2,00,0,8,1,201100063571B01,10,17,1
201100063593,2011-03-23,2011,mars,mercredi,83:3,75,75120,0,0,2,3,3,1,1,4,2,02,1,1,000,090,1,0,1,4,1,40,1,1,2,00,2,1,3,201100063593A01,7,15,1
201100063595,2011-03-23,2011,mars,mercredi,16:51,75,75120,0,0,2,3,7,1,1,4,3,02,1,1,000,060,1,0,1,4,2,48,1,1,2,00,0,0,7,201100063595A01,,,
201100063597,2011-03-26,2011,mars,samedi,18:15,75,75120,0,0,2,1,6,1,2,4,1,01,1,1,000,097,2,0,1,1,1,35,5,1,2,00,1,1,1,201100063597A01,,,
201100063608,2011-04-10,2011,avril,dimanche,14:20,75,75120,0,0,2,1,6,1,7,4,-1,02,2,1,000,080,1,0,1,1,1,43,5,1,2,00,1,1,1,201100063608A01,,,
201100063616,2011-04-16,2011,avril,samedi,18:50,75,75120,0,0,2,1,6,1,1,4,1,01,1,1,000,070,1,0,1,1,1,42,0,1,2,00,1,1,1,201100063616A01,,,
201100063629,2011-04-26,2011,avril,mardi,19:15,75,75120,0,0,2,1,6,1,1,4,2,01,-1,-1,080,030,1,0,1,4,1,31,5,1,2,00,1,1,7,201100063629A01,,,
201100063637,2011-05-02,2011,mai,lundi,16:33,75,75120,0,0,2,1,3,1,2,4,2,02,1,1,000,053,1,0,1,4,1,35,1,1,2,00,2,1,1,201100063637B01,13,22,1
201100063638,2011-05-03,2011,mai,mardi,92:7,75,75120,0,0,2,2,6,1,1,4,1,01,1,1,000,030,1,0,0,4,1,38,0,1,2,00,5,1,1,201100063638A01,,,
201100063646,2011-05-06,2011,mai,vendredi,90:0,75,75120,0,0,2,1,6,1,1,4,2,02,2,1,000,070,1,0,1,4,2,46,1,1,2,00,1,1,1,201100063646A01,,,
201100063667,2011-05-27,2011,mai,vendredi,17:50,75,75120,0,0,2,4,3,1,1,4,1,01,1,1,000,070,1,0,5,4,1,48,0,1,2,00,2,8,1,201100063667B01,7,1,1
201100063679,2011-06-12,2011,juin,dimanche,93:5,75,75120,0,0,2,1,6,1,1,4,3,02,2,1,000,090,1,0,5,4,2,51,0,1,2,14,0,0,1,201100063679A01,,,
201100063692,2011-06-25,2011,juin,samedi,75:0,75,75120,0,0,2,7,3,1,1,4,1,01,2,1,000,101,1,0,1,4,1,23,1,1,2,00,2,1,5,201100063692A01,10,15,1
201100063707,2011-07-07,2011,juillet,jeudi,10:55,75,75120,0,0,2,5,6,1,1,4,2,01,2,1,000,000,1,0,1,4,1,51,0,1,2,15,2,3,18,201100063707B01,7,1,1
201100063718,2011-07-22,2011,juillet,vendredi,19:50,75,75120,0,0,2,1,3,1,1,4,-1,01,1,1,000,080,1,0,4,4,1,9,5,1,2,00,2,8,1,201100063718B01,7,9,1
201100063723,2011-07-30,2011,juillet,samedi,10:5,75,75120,0,0,2,1,4,5,1,4,2,01,1,1,000,000,1,0,1,4,1,32,5,1,2,00,2,3,1,201100063723B01,7,22/1,2
201100063730,2011-08-08,2011,août,lundi,14:00,75,75120,0,0,2,1,7,1,2,4,2,02,2,1,000,000,2,0,1,4,2,29,5,1,2,00,0,0,1,201100063730A01,,,
201100063735,2011-08-23,2011,août,mardi,16:40,75,75120,0,0,2,1,6,1,1,4,-1,00,1,2,020,030,1,0,4,4,1,8,0,1,2,06,0,1,14,201100063735A01,,,
201100063738,2011-08-25,2011,août,jeudi,19:25,75,75120,0,0,2,2,3,2,1,4,2,02,2,1,000,000,1,0,0,4,1,32,0,1,2,00,2,1,1,201100063738B01,7,15,1
201100063755,2011-09-19,2011,septembre,lundi,84:0,75,75120,0,0,2,1,3,1,1,4,2,01,1,1,000,050,1,0,5,4,2,23,1,1,2,00,2,1,1,201100063755B01,7,15,1
201100063757,2011-09-20,2011,septembre,mardi,13:30,75,75120,0,0,2,7,6,1,1,4,1,01,1,1,000,040,1,0,1,4,2,40,1,1,2,00,2,3,15,201100063757A01,7,17,1
201100063761,2011-09-23,2011,septembre,vendredi,13:10,75,75120,0,0,2,1,3,1,1,4,1,01,-1,-1,000,030,1,0,1,4,2,48,0,1,2,00,2,1,1,201100063761B01,7,22,1
201100063769,2011-10-03,2011,octobre,lundi,14:55,75,75120,0,0,2,2,6,1,1,4,1,01,1,1,000,000,1,0,1,1,1,26,9,1,2,00,1,1,1,201100063769A01,,,
201100063770,2011-10-05,2011,octobre,mercredi,18:35,75,75120,0,0,2,4,3,1,8,4,2,02,1,1,000,097,1,0,1,4,1,66,5,1,2,00,2,8,19,201100063770B01,32,1,1
201100063789,2011-10-21,2011,octobre,vendredi,19:50,75,75120,0,0,2,1,3,5,1,4,2,02,1,1,120,070,1,0,1,4,1,34,5,1,2,00,2,2,1,201100063789B01,7,9,1
201100063804,2011-10-31,2011,octobre,lundi,18:00,75,75120,0,0,2,1,6,5,1,4,2,02,2,1,000,101,1,0,1,1,1,30,1,1,2,00,1,1,17,201100063804A01,,,
201100063812,2011-11-09,2011,novembre,mercredi,11:55,75,75120,0,0,2,1,6,1,1,4,1,01,1,3,001,001,1,0,1,4,1,14,5,1,2,00,2,1,1,201100063812A01,30,5,1
201100063814,2011-11-11,2011,novembre,vendredi,91:0,75,75120,0,0,2,4,3,1,1,4,2,02,2,1,000,050,1,0,1,4,1,27,5,1,2,00,2,1,1,201100063814B01,7,15,1
201100063823,2011-11-18,2011,novembre,vendredi,19:15,75,75120,0,0,2,1,3,5,1,4,2,02,2,1,000,200,1,0,1,4,1,7,5,1,2,00,2,1,9,201100063823B01,32,1,1
201100063824,2011-11-23,2011,novembre,mercredi,12:40,75,75119,0,0,2,3,2,1,1,4,3,00,1,-1,000,000,1,0,1,4,1,39,0,1,2,00,2,1,2,201100063824A01,7,23,1
201100063846,2011-12-10,2011,décembre,samedi,93:5,75,75120,0,0,2,1,3,1,1,4,2,02,1,1,000,060,1,0,1,4,1,63,5,1,2,00,2,1,1,201100063846B01,7,22,1
201100063855,2011-12-16,2011,décembre,vendredi,92:0,75,75120,0,0,2,1,3,1,2,4,2,02,2,1,000,000,2,0,1,4,1,23,1,1,2,00,2,1,1,201100063855B01,7,15,1
201100063881,2011-01-18,2011,janvier,mardi,92:7,75,75119,0,0,2,5,3,1,1,4,3,03,1,1,000,105,1,5,1,3,1,47,0,1,2,00,2,2,1,201100063881B01,2,1,1
201100063969,2011-03-30,2011,mars,mercredi,14:15,75,75115,0,0,2,1,7,1,1,4,1,02,1,2,000,136,1,0,1,4,2,59,5,1,2,00,0,0,1,201100063969A01,,,
201100063975,2011-04-05,2011,avril,mardi,17:20,75,75108,0,0,2,1,3,1,1,4,2,08,2,1,000,108,1,0,1,3,1,45,1,1,2,00,2,1,1,201100063975B01,7,10,1
201100063996,2011-04-20,2011,avril,mercredi,14:05,75,75102,0,0,2,1,3,1,1,4,1,03,1,1,000,120,1,0,1,3,1,36,5,1,2,01,0,2,1,201100063996B01,10,22,1
201100064007,2011-04-29,2011,avril,vendredi,19:55,75,75116,0,0,2,2,3,1,1,4,1,01,2,1,000,068,1,0,1,4,1,45,0,1,2,00,2,1,1,201100064007B01,7,15,1
201100064026,2011-05-12,2011,mai,jeudi,22:20,75,75108,0,0,2,5,3,5,1,4,2,03,1,1,000,123,1,0,1,4,2,42,5,1,2,00,2,1,1,201100064026A01,7,1,1
201100064040,2011-05-21,2011,mai,samedi,11:5,75,75114,0,0,2,1,6,5,1,4,2,02,2,1,000,093,1,0,1,4,1,52,5,1,2,01,0,7,1,201100064040A01,,,
201100064059,2011-05-31,2011,mai,mardi,18:44,75,75115,0,0,2,2,3,1,1,4,1,01,1,1,000,068,1,0,1,4,2,37,4,1,2,00,2,1,1,201100064059A01,7,1,1
201100064083,2011-06-17,2011,juin,vendredi,15:52,75,75112,0,0,2,1,2,1,1,4,2,02,1,1,000,063,1,0,1,3,1,17,0,1,2,00,2,1,17,201100064083A01,7,23,1
201100064101,2011-06-29,2011,juin,mercredi,18:00,75,75111,0,0,2,4,3,1,1,4,2,01,1,1,000,000,1,0,1,4,2,35,3,1,2,00,2,6,17,201100064101B01,2,19,1
201100064105,2011-07-01,2011,juillet,vendredi,11:25,75,75113,0,0,2,2,3,1,1,4,2,05,1,1,000,000,1,0,0,3,1,40,5,1,2,00,2,1,1,201100064105B01,14,16,1
201100064107,2011-07-02,2011,juillet,samedi,18:50,75,75110,0,0,2,7,3,1,1,4,1,03,1,1,000,107,1,5,1,3,1,22,5,1,2,00,2,1,9,201100064107A01,37,1,1
201100064115,2011-07-04,2011,juillet,lundi,16:02,75,75117,0,0,2,5,3,1,1,4,2,03,1,1,000,140,1,5,1,3,1,12,5,1,2,00,2,8,13,201100064115B01,37,17,1
201100064134,2011-07-22,2011,juillet,vendredi,70:0,75,75111,0,0,2,1,6,1,1,4,1,02,1,1,000,063,1,0,1,4,1,20,0,1,2,01,0,1,14,201100064134A01,,,
201100064159,2011-08-25,2011,août,jeudi,10:54,75,75116,0,0,2,2,3,1,1,4,2,04,1,1,000,100,1,5,1,3,1,55,1,1,2,00,2,1,1,201100064159B01,14,16,1
201100064194,2011-09-21,2011,septembre,mercredi,16:45,75,75106,0,0,2,1,6,1,1,4,1,03,1,1,000,100,1,0,1,4,1,32,1,1,2,00,1,1,1,201100064194A01,,,
201100064208,2011-09-30,2011,septembre,vendredi,82:0,75,75112,0,0,2,1,3,1,1,4,1,07,1,1,005,122,1,2,1,3,2,57,1,1,2,00,2,8,13,201100064208B01,34,17,1
201100064212,2011-10-02,2011,octobre,dimanche,15:40,75,75115,0,0,2,3,3,1,1,4,2,05,1,1,000,179,1,0,1,4,1,36,4,1,2,00,2,1,17,201100064212A01,1,1,1
201100064212,2011-10-02,2011,octobre,dimanche,15:40,75,75115,0,0,2,3,3,1,1,4,2,05,1,1,000,179,1,0,1,1,1,23,4,1,2,00,2,4,1,201100064212B01,1,17,1
201100064215,2011-10-04,2011,octobre,mardi,13:00,75,75111,0,0,2,1,3,1,1,4,1,02,1,1,000,056,1,0,1,3,1,28,0,1,2,00,2,7,17,201100064215B01,7,22,1
201100064239,2011-10-24,2011,octobre,lundi,84:0,75,75102,0,0,2,1,6,1,1,4,1,03,1,1,000,079,1,0,1,3,1,39,1,1,2,12,0,0,14,201100064239A01,,,
201100064257,2011-11-06,2011,novembre,dimanche,50:0,75,75113,0,0,2,7,1,5,1,4,2,05,1,1,000,215,1,0,1,3,1,21,0,1,2,00,2,1,13,201100064257A01,37,7,1
201100064262,2011-11-10,2011,novembre,jeudi,11:24,75,75110,0,0,2,1,7,1,1,4,1,01,1,1,000,041,1,0,5,3,1,54,0,1,2,00,0,0,1,201100064262A01,,,
201100064268,2011-11-15,2011,novembre,mardi,11:27,75,75115,0,0,2,5,3,1,1,4,2,03,2,1,000,080,1,0,1,3,2,31,5,1,2,00,2,7,2,201100064268A01,1,2,1
201100064268,2011-11-15,2011,novembre,mardi,11:27,75,75115,0,0,2,5,3,1,1,4,2,03,2,1,000,080,1,0,1,1,1,28,1,1,2,00,2,8,2,201100064268B01,1,2,1
201100064271,2011-11-17,2011,novembre,jeudi,23:50,75,75112,0,0,2,2,5,5,1,4,2,02,1,1,000,000,1,0,1,4,1,56,5,1,2,00,2,1,1,201100064271C01,7,16/7,2
201100064272,2011-11-18,2011,novembre,vendredi,75:0,75,75116,0,0,2,5,7,1,1,4,1,01,1,1,000,072,1,5,1,4,1,40,4,1,2,00,0,0,21,201100064272A01,,,
201100064293,2011-12-01,2011,décembre,jeudi,12:15,75,75113,0,0,2,1,3,1,1,4,2,02,1,1,000,108,1,0,5,4,1,33,4,1,2,00,2,2,1,201100064293B01,7,9,1
201100064294,2011-12-01,2011,décembre,jeudi,11:50,75,75106,0,0,2,7,3,1,1,4,1,02,2,3,000,070,2,0,1,4,2,51,5,1,2,00,2,7,7,201100064294B01,7,22,1