Num_Acc,date,an,mois,jour,hrmn,dep,com,lat,long,agg,int,col,lum,atm,catr,circ,nbv,prof,plan,lartpc,larrout,surf,infra,situ,grav,sexe,age,trajet,secuexist,equipement,obs,obsm,choc,manv,vehiculeid,typevehicules,manoeuvehicules,numVehicules
201100064295,2011-12-01,2011,décembre,jeudi,15:00,75,75103,0,0,2,4,3,1,1,4,1,01,1,2,000,090,2,0,1,4,2,46,1,1,2,00,2,8,19,201100064295B01,14,16,1
201100064976,2011-12-07,2011,décembre,mercredi,1:,75,75120,0,0,2,4,3,5,2,4,1,02,3,1,000,070,2,3,1,4,1,63,4,1,2,00,2,1,1,201100064976A01,7,16,1
201100065071,2011-05-21,2011,mai,samedi,10:00,972,97207,0,-0,2,1,7,1,3,3,2,01,2,3,000,000,2,0,1,2,1,51,9,1,2,00,0,0,1,201100065071A01,,,
201100065074,2011-06-05,2011,juin,dimanche,17:30,972,97207,0,-0,1,9,1,1,1,2,3,04,-1,1,000,000,1,3,1,4,1,21,5,1,2,00,2,4,1,201100065074B02,7,9,1
201100065098,2011-11-06,2011,novembre,dimanche,64:5,972,97227,0,-0,1,1,1,1,1,2,3,03,1,1,000,105,1,0,1,2,1,59,5,1,2,00,0,4,1,201100065098B02,7,2,1
201100065139,2011-03-03,2011,mars,jeudi,19:30,972,97212,0,-0,1,1,6,3,1,3,2,02,-1,1,000,037,1,0,1,3,1,19,0,1,2,00,0,0,0,201100065139B02,7,1,1
201100065143,2011-06-08,2011,juin,mercredi,17:00,972,97222,0,-0,1,1,2,1,1,3,2,00,2,1,000,000,1,0,1,3,1,50,0,1,2,00,0,4,1,201100065143B02,7,1,1
201100065171,2011-12-28,2011,décembre,mercredi,18:30,972,97203,0,-0,2,1,3,3,1,4,2,00,-1,-1,000,000,1,0,1,3,1,9,5,1,4,00,2,1,19,201100065171B02,7,1,1
201100065187,2011-04-17,2011,avril,dimanche,21:30,971,97121,0,-0,1,1,1,3,1,3,2,02,2,2,000,000,1,0,1,3,1,23,9,1,1,00,2,1,5,201100065187B02,7,1,1
201100065216,2011-09-05,2011,septembre,lundi,53:0,971,97114,0,-0,1,1,1,2,1,2,3,00,2,1,032,035,1,0,1,3,1,32,9,1,4,00,0,4,13,201100065216A01,7,1,1
201100065223,2011-03-09,2011,mars,mercredi,17:00,971,97115,0,-0,2,1,1,1,1,3,2,02,1,1,000,060,1,0,1,3,1,14,5,1,1,00,2,0,0,201100065223B02,7,17,1
201100065224,2011-03-15,2011,mars,mardi,64:5,971,97115,0,-0,2,1,3,1,1,3,2,02,2,1,000,067,1,0,1,3,1,20,1,1,1,00,2,1,0,201100065224B02,7,9,1
201100065230,2011-08-06,2011,août,samedi,21:45,971,97115,0,-0,1,1,3,5,2,2,2,02,2,1,000,064,2,0,1,2,1,29,9,1,4,00,0,8,1,201100065230B02,7,17,1
201100065241,2011-08-13,2011,août,samedi,73:0,971,97118,0,-0,1,1,3,1,1,2,3,04,1,1,000,140,1,3,1,3,1,44,5,1,2,00,2,8,1,201100065241B02,7,3,1
201100065258,2011-03-19,2011,mars,samedi,10:45,971,97108,0,-0,1,1,6,1,1,9,2,02,2,1,000,000,1,0,1,3,1,15,5,1,1,02,0,1,1,201100065258A01,,,
201100065258,2011-03-19,2011,mars,samedi,10:45,971,97108,0,-0,1,1,6,1,1,9,2,02,2,1,000,000,1,0,1,3,1,14,0,1,1,02,0,1,1,201100065258A01,,,
201100065260,2011-04-16,2011,avril,samedi,93:0,971,97112,0,-0,2,1,3,1,1,2,2,00,2,2,000,065,1,0,1,3,1,17,0,1,2,00,0,1,11,201100065260B02,7,1,1
201100065271,2011-02-09,2011,février,mercredi,10:15,971,97110,0,-0,2,1,1,1,1,3,2,02,1,1,000,049,1,0,1,2,1,59,5,1,1,00,2,1,1,201100065271A01,30,15,1
201100065274,2011-03-04,2011,mars,vendredi,15:30,971,97117,0,-0,1,1,6,1,1,3,2,00,-1,1,000,000,1,0,1,3,1,25,0,1,1,00,2,4,0,201100065274B02,,,
201100065290,2011-08-11,2011,août,jeudi,17:30,971,97102,0,-0,2,1,3,1,1,9,2,02,-1,1,000,050,1,0,1,4,1,7,0,1,2,00,2,1,19,201100065290A01,7,1,1
201100065295,2011-03-30,2011,mars,mercredi,15:15,971,97125,0,-0,1,1,1,1,1,3,2,02,-1,1,000,000,1,0,1,3,1,16,9,1,2,00,2,1,13,201100065295A01,7,21,1
201100065301,2011-09-30,2011,septembre,vendredi,20:30,971,97125,0,-0,1,1,2,5,1,3,2,02,1,1,000,057,1,0,1,2,1,15,5,1,2,00,2,4,2,201100065301B02,7,2,1
201100065316,2011-09-25,2011,septembre,dimanche,15:15,971,97128,0,-0,1,1,2,1,1,3,2,00,1,1,000,058,1,0,1,4,1,52,5,1,2,00,0,4,0,201100065316B02,7,1,1
201100065318,2011-12-17,2011,décembre,samedi,16:15,971,97128,0,-0,1,1,1,1,1,2,2,02,1,1,000,000,1,0,1,3,1,35,5,1,1,00,2,3,1,201100065318B02,7,13,1
201100065355,2011-03-30,2011,mars,mercredi,13:45,973,97311,0,-0,2,1,1,1,1,3,2,02,1,1,000,000,1,0,1,4,1,12,9,1,2,00,0,7,15,201100065355B02,7,1,1
201100065385,2011-12-28,2011,décembre,mercredi,13:15,974,97408,-0,0,2,1,6,1,1,5,-1,00,2,1,000,000,1,0,4,3,1,10,5,1,1,06,0,1,1,201100065385A01,,,
201100065387,2011-03-02,2011,mars,mercredi,17:00,974,97420,-0,0,2,1,1,1,1,3,2,00,2,1,000,065,1,0,1,3,1,15,5,1,2,00,2,1,13,201100065387A01,7,1,1
201100065394,2011-09-24,2011,septembre,samedi,15:00,974,97420,-0,0,1,1,1,1,1,2,2,02,-1,1,000,070,1,0,1,3,1,37,9,1,1,00,0,1,1,201100065394B02,7,5,1
201100065413,2011-01-23,2011,janvier,dimanche,11:00,974,97419,-0,0,2,1,3,1,1,2,2,00,2,3,000,055,1,2,1,3,1,26,5,1,1,00,2,1,13,201100065413A01,7,1,1
201100065431,2011-07-15,2011,juillet,vendredi,14:5,974,97415,-0,0,1,1,1,3,1,3,-1,00,2,1,000,090,1,0,5,4,1,16,0,1,2,00,2,4,1,201100065431B02,1,1,1
201100065431,2011-07-15,2011,juillet,vendredi,14:5,974,97415,-0,0,1,1,1,3,1,3,-1,00,2,1,000,090,1,0,5,4,1,15,5,1,2,00,2,4,1,201100065431A01,1,1,1
201100065449,2011-04-19,2011,avril,mardi,17:30,974,97456,-0,0,2,1,5,1,1,3,2,02,2,2,000,051,1,0,1,4,1,14,5,1,1,00,2,1,13,201100065449C03,10,1,1
201100065449,2011-04-19,2011,avril,mardi,17:30,974,97456,-0,0,2,1,5,1,1,3,2,02,2,2,000,051,1,0,1,3,1,16,5,1,1,00,2,1,13,201100065449B02,10,1,1
201100065453,2011-03-21,2011,mars,lundi,10:15,974,97423,-0,0,1,1,2,1,1,3,3,02,2,2,065,150,1,0,1,3,2,53,5,1,2,01,0,1,1,201100065453A01,14,23,1
201100065456,2011-02-18,2011,février,vendredi,20:30,974,97414,-0,0,2,1,3,5,1,5,2,00,1,1,000,080,1,0,1,4,1,7,5,1,2,00,2,1,19,201100065456B02,7,1,1
201100065466,2011-06-05,2011,juin,dimanche,10:00,974,97414,-0,0,2,2,1,1,1,2,3,01,2,1,000,060,1,0,1,3,1,18,5,1,1,00,2,1,1,201100065466B02,7,1,1
201100065471,2011-08-17,2011,août,mercredi,17:45,974,97414,-0,0,2,1,1,2,1,4,-1,00,1,1,000,000,1,6,4,4,1,32,9,1,1,01,0,1,0,201100065471B02,7,24,1
201100065486,2011-09-10,2011,septembre,samedi,18:30,974,97422,-0,0,2,1,6,2,1,4,2,02,2,1,000,055,1,0,1,3,1,16,0,1,1,01,0,1,13,201100065486A01,,,
201100065504,2011-11-06,2011,novembre,dimanche,10:45,974,97412,-0,0,2,1,1,1,1,3,2,02,2,2,000,000,1,0,1,3,1,29,5,1,1,00,2,8,1,201100065504A01,7,15,1
201100065529,2011-04-18,2011,avril,lundi,14:15,971,97103,0,-0,1,1,1,1,1,4,2,00,-1,1,000,072,1,0,1,3,1,15,5,1,2,00,2,0,0,201100065529B02,7,1,1
201100065539,2011-09-06,2011,septembre,mardi,13:00,971,97103,0,-0,1,1,1,1,1,4,2,02,-1,1,000,034,1,0,1,3,1,14,5,1,1,00,2,1,16,201100065539A01,7,1,1
201100065546,2011-01-06,2011,janvier,jeudi,17:45,973,97309,0,-0,1,1,3,1,1,2,2,02,1,1,000,068,1,0,1,3,1,15,5,1,1,00,0,1,19,201100065546A01,33,1,1
201100065583,2011-01-11,2011,janvier,mardi,18:30,973,97304,0,-0,2,1,3,5,1,4,2,00,1,1,000,080,1,0,1,3,1,27,5,1,4,00,2,1,1,201100065583B02,7,15,1
201100065606,2011-04-02,2011,avril,samedi,1:,973,97307,0,-0,2,1,1,3,2,4,2,02,1,2,000,000,2,0,1,3,1,31,5,1,4,00,2,1,16,201100065606B02,7,15,1
201100065612,2011-06-19,2011,juin,dimanche,11:45,973,97307,0,-0,1,1,3,1,1,2,2,01,1,1,000,000,1,0,1,4,1,11,5,1,1,00,2,8,15,201100065612B02,7,21,1
201100065614,2011-07-24,2011,juillet,dimanche,70:0,973,97307,0,-0,1,6,3,1,1,2,-1,02,-1,2,000,081,1,5,1,3,1,62,5,1,2,00,2,1,0,201100065614B02,7,9,1
201100065629,2011-06-28,2011,juin,mardi,16:30,974,97456,-0,0,1,1,1,1,1,3,2,02,2,1,000,064,1,0,1,2,2,20,5,1,2,00,2,3,13,201100065629A01,7,17,1
201100065631,2011-01-26,2011,janvier,mercredi,14:45,974,97404,-0,0,2,1,1,1,1,4,2,00,2,3,000,048,1,0,1,3,1,15,5,1,8,00,2,1,13,201100065631A01,7,15,1
201100065638,2011-11-19,2011,novembre,samedi,81:5,974,97404,-0,0,1,4,3,1,7,3,2,01,3,2,000,082,1,0,1,3,1,49,5,1,1,00,2,1,1,201100065638B02,7,15,1
201100065660,2011-01-02,2011,janvier,dimanche,13:40,971,97113,0,0,1,1,6,1,1,2,1,01,1,1,000,000,1,0,1,4,1,71,0,1,2,00,2,0,1,201100065660B01,7,1,1
201100065669,2011-01-22,2011,janvier,samedi,62:0,971,97113,0,0,1,1,6,2,9,2,1,00,1,1,000,000,2,2,1,3,1,58,9,1,4,00,2,8,1,201100065669B01,7,17,1
201100065670,2011-01-20,2011,janvier,jeudi,19:15,971,97101,0,0,2,9,3,5,2,3,1,00,1,1,000,000,2,6,1,3,1,72,9,1,2,00,2,0,19,201100065670B01,7,1,1
201100065675,2011-01-26,2011,janvier,mercredi,17:20,971,97113,0,0,2,1,2,1,1,4,2,01,1,2,000,000,1,0,1,3,1,17,0,1,2,00,2,1,0,201100065675A01,7,2,1
201100065681,2011-02-02,2011,février,mercredi,19:15,971,97101,0,0,2,1,2,4,1,2,2,00,1,1,000,000,1,0,1,2,1,49,9,1,4,00,2,4,2,201100065681B01,7,2,1
201100065703,2011-03-21,2011,mars,lundi,82:0,971,97101,0,0,2,3,2,1,1,2,3,00,1,1,000,000,1,0,1,3,1,67,5,1,2,00,2,4,2,201100065703B01,7,9,1
201100065740,2011-05-08,2011,mai,dimanche,10:30,971,97113,0,0,1,1,5,1,1,4,2,00,1,2,000,000,1,0,1,4,1,44,9,1,2,00,2,0,1,201100065740D01,7,1,1
201100065740,2011-05-08,2011,mai,dimanche,10:30,971,97113,0,0,1,1,5,1,1,4,2,00,1,2,000,000,1,0,1,3,1,46,9,1,2,00,2,0,1,201100065740B01,7,1,1
201100065740,2011-05-08,2011,mai,dimanche,10:30,971,97113,0,0,1,1,5,1,1,4,2,00,1,2,000,000,1,0,1,4,1,49,9,1,2,00,2,0,1,201100065740C01,7,1,1
201100065777,2011-07-13,2011,juillet,mercredi,18:45,971,97113,0,0,2,1,2,5,1,2,3,01,1,1,000,030,1,0,1,3,1,36,5,1,4,00,0,0,0,201100065777B01,7,1,1
201100065842,2011-01-02,2011,janvier,dimanche,16:20,972,97209,0,0,2,1,6,1,1,4,2,02,1,1,000,000,1,0,1,3,1,9,5,1,2,16,0,1,14,201100065842A01,,,
201100065906,2011-06-16,2011,juin,jeudi,22:55,972,97209,0,0,2,1,6,5,1,4,2,02,1,1,000,000,1,0,1,1,1,17,5,1,2,00,2,4,1,201100065906B01,33,13,1
201100066027,2011-12-28,2011,décembre,mercredi,18:25,972,97209,0,0,2,2,1,5,1,4,2,02,2,1,000,000,1,0,1,4,1,9,5,1,9,00,2,1,13,201100066027A01,7,1,1
201100066054,2011-02-13,2011,février,dimanche,16:00,972,97213,0,0,2,1,6,1,1,3,2,02,1,1,000,000,1,0,1,4,1,17,9,1,2,00,1,1,1,201100066054A01,1,1,1
201100066054,2011-02-13,2011,février,dimanche,16:00,972,97213,0,0,2,1,6,1,1,3,2,02,1,1,000,000,1,0,1,4,1,17,0,1,2,00,1,1,1,201100066054B01,1,1,1
201100066071,2011-04-03,2011,avril,dimanche,94:5,972,97213,0,0,1,1,2,1,1,3,2,02,1,2,000,000,1,2,1,3,1,48,0,1,2,00,2,4,2,201100066071A01,7,2,1
201100066094,2011-05-18,2011,mai,mercredi,15:10,972,97213,0,0,1,1,3,1,1,1,2,01,-1,1,000,000,1,0,1,4,1,53,0,1,2,00,2,8,18,201100066094B01,10,22,1
201100066113,2011-07-06,2011,juillet,mercredi,73:5,972,97213,0,0,2,1,2,1,1,3,2,02,1,1,000,000,1,0,1,4,1,19,0,1,2,00,2,1,2,201100066113A01,7,2,1
201100066119,2011-07-26,2011,juillet,mardi,18:25,972,97213,0,0,1,1,6,5,1,3,1,01,1,2,000,000,1,0,1,4,1,14,5,1,2,00,2,4,2,201100066119B01,7,2,1
201100066120,2011-07-29,2011,juillet,vendredi,15:13,972,97213,0,0,1,1,3,1,1,1,2,04,1,1,000,000,1,0,1,4,1,57,0,1,2,00,2,7,0,201100066120B01,7,0,1
201100066170,2011-12-14,2011,décembre,mercredi,63:0,972,97213,0,0,1,1,2,2,1,9,2,02,1,1,000,000,1,0,1,4,1,42,0,1,2,00,9,4,2,201100066170B01,7,2,1
201100066176,2011-12-30,2011,décembre,vendredi,20:50,973,97302,0,0,2,2,1,4,1,4,2,00,1,1,000,000,1,0,1,4,1,25,9,1,2,00,2,1,1,201100066176B01,7,1,1
201100066181,2011-01-20,2011,janvier,jeudi,15:04,973,97302,0,0,1,3,5,1,1,4,2,02,1,1,000,170,1,0,1,4,1,14,9,1,4,00,2,1,5,201100066181C01,7,9/1,2
201100066184,2011-02-06,2011,février,dimanche,22:00,973,97302,0,0,2,1,3,5,1,4,2,02,1,1,000,050,1,0,1,3,1,28,9,1,4,00,2,4,1,201100066184A01,7,21,1
201100066184,2011-02-06,2011,février,dimanche,22:00,973,97302,0,0,2,1,3,5,1,4,2,02,1,1,000,050,1,0,1,3,2,43,9,1,4,00,2,4,1,201100066184A01,7,21,1
201100066185,2011-02-12,2011,février,samedi,19:18,973,97302,0,0,2,1,1,5,1,4,2,02,1,1,000,050,1,0,1,4,2,49,9,1,4,00,2,1,5,201100066185B01,2,5,1
201100066188,2011-02-22,2011,février,mardi,14:23,973,97302,0,0,1,1,3,1,2,3,2,02,1,1,000,040,2,0,1,4,1,21,9,1,4,00,2,0,2,201100066188B01,14,17,1
201100066199,2011-02-20,2011,février,dimanche,13:30,973,97302,0,0,2,6,3,1,1,2,1,02,1,1,000,070,1,0,1,4,2,49,0,1,1,00,2,3,1,201100066199B01,13,9,1
201100066202,2011-03-17,2011,mars,jeudi,14:10,973,97302,0,0,1,1,3,1,1,4,2,01,1,1,000,075,1,0,1,4,1,19,0,1,4,00,2,1,10,201100066202B01,13,1,1
201100066205,2011-03-28,2011,mars,lundi,82:0,973,97302,0,0,1,1,3,1,1,3,2,02,1,1,000,038,1,0,1,4,2,48,9,1,4,00,2,4,10,201100066205B01,7,1,1
201100066218,2011-04-27,2011,avril,mercredi,22:20,973,97302,0,0,2,1,5,5,1,4,2,01,1,1,000,035,1,0,1,3,1,20,0,1,2,00,2,1,1,201100066218B01,7,17,1
201100066218,2011-04-27,2011,avril,mercredi,22:20,973,97302,0,0,2,1,5,5,1,4,2,01,1,1,000,035,1,0,1,4,1,18,0,1,2,00,2,1,1,201100066218C01,7,17,1
201100066250,2011-06-12,2011,juin,dimanche,11:42,973,97302,0,0,2,2,5,1,1,4,2,01,1,1,000,060,1,0,1,3,1,20,9,1,9,00,9,1,1,201100066250C01,2/ 7,1,2
201100066259,2011-06-26,2011,juin,dimanche,22:10,973,97302,0,0,2,2,1,5,1,4,2,01,1,1,000,030,1,0,1,4,1,21,0,1,4,00,0,4,2,201100066259B01,7,2,1
201100066269,2011-07-16,2011,juillet,samedi,19:40,973,97302,0,0,2,1,3,5,1,4,2,02,1,1,000,111,1,0,1,3,1,60,9,1,9,00,2,8,19,201100066269A01,2,1,1
201100066274,2011-07-29,2011,juillet,vendredi,19:10,973,97302,0,0,2,1,3,5,1,3,2,02,1,1,000,086,1,0,1,4,2,19,9,1,9,00,2,8,1,201100066274B01,7,15,1
201100066281,2011-08-10,2011,août,mercredi,16:29,973,97302,0,0,2,1,2,1,1,3,2,00,1,1,014,070,1,0,1,4,1,53,9,1,9,00,2,0,2,201100066281B01,7,2,1
201100066283,2011-08-13,2011,août,samedi,11:50,973,97302,0,0,2,3,3,1,1,4,1,01,1,1,000,060,1,0,1,3,1,17,5,1,2,00,2,8,1,201100066283A01,7,1,1
201100066299,2011-09-24,2011,septembre,samedi,20:20,973,97302,0,0,1,1,2,5,1,3,2,01,1,1,000,060,1,0,5,4,1,15,5,1,9,00,1,1,2,201100066299B01,7,2,1
201100066311,2011-10-15,2011,octobre,samedi,14:45,973,97302,0,0,2,1,3,1,1,4,2,02,1,1,000,066,1,0,1,3,2,28,5,1,9,00,2,8,19,201100066311B01,30,1,1
201100066327,2011-11-06,2011,novembre,dimanche,13:20,973,97302,0,0,2,3,3,1,1,3,2,02,1,1,000,071,1,0,1,3,1,17,0,1,9,00,2,8,9,201100066327A01,7,1,1
201100066328,2011-11-08,2011,novembre,mardi,71:0,973,97302,0,0,1,1,3,1,1,4,2,01,1,1,000,092,1,0,1,4,1,14,2,1,9,00,2,6,19,201100066328B01,2,1,1
201100066335,2011-11-26,2011,novembre,samedi,14:55,973,97302,0,0,2,1,3,1,1,3,2,02,1,1,000,094,1,0,1,4,1,13,0,1,2,00,2,0,1,201100066335B01,7,0,1
201100066336,2011-11-27,2011,novembre,dimanche,10:20,973,97302,0,0,2,1,3,1,1,4,2,02,1,1,000,000,1,0,1,4,2,12,0,1,2,00,0,1,13,201100066336A01,33,1,1
201100066339,2011-11-29,2011,novembre,mardi,11:25,973,97302,0,0,2,1,2,1,1,3,2,02,-1,-1,000,101,1,0,1,4,1,29,0,1,2,00,2,1,2,201100066339A01,10,2,1
201100066347,2011-12-12,2011,décembre,lundi,20:30,973,97302,0,0,2,1,3,5,1,4,2,02,1,1,000,068,1,0,1,3,2,16,0,1,4,00,2,8,1,201100066347B01,7,1,1
201100066349,2011-12-13,2011,décembre,mardi,80:5,973,97302,0,0,1,3,3,1,2,4,2,01,1,1,000,140,2,0,1,4,1,17,5,1,9,00,2,1,1,201100066349B01,7,15,1
201100066353,2011-12-14,2011,décembre,mercredi,19:45,973,97302,0,0,1,2,3,5,1,4,2,02,1,1,000,150,1,0,1,3,1,18,0,1,9,00,9,7,0,201100066353A01,33,1,1
201100066357,2011-12-22,2011,décembre,jeudi,20:45,973,97302,0,0,2,1,5,5,,4,2,01,1,1,000,040,1,0,1,4,1,32,0,1,9,00,9,0,0,201100066357B01,7,1/24,2
201100066366,2011-01-07,2011,janvier,vendredi,18:08,974,97407,0,0,2,2,3,1,1,4,2,02,1,1,000,062,1,0,0,3,1,10,5,1,9,00,2,7,1,201100066366B01,7,1,1
201100066372,2011-02-07,2011,février,lundi,16:15,974,97407,0,0,2,7,2,1,1,4,2,02,1,1,000,068,1,0,0,4,1,20,9,1,9,00,2,1,1,201100066372A01,7,1,1
201100066380,2011-03-02,2011,mars,mercredi,19:00,974,97407,0,0,1,1,6,2,1,4,2,02,1,1,000,710,1,0,3,4,1,13,9,1,9,00,9,1,2,201100066380B01,30,1,1
201100066393,2011-03-30,2011,mars,mercredi,81:0,974,97407,0,0,1,6,2,1,1,4,3,02,1,1,018,070,1,0,0,4,1,54,5,1,9,00,2,4,2,201100066393B01,7,2,1
201100066396,2011-04-09,2011,avril,samedi,94:0,974,97407,0,0,2,1,3,1,1,4,2,02,1,1,000,070,1,0,1,4,1,12,9,1,4,00,2,8,19,201100066396B01,7,1,1
201100066399,2011-04-12,2011,avril,mardi,94:5,974,97407,0,0,2,1,5,1,1,4,1,01,1,1,032,067,1,0,1,1,1,37,5,1,9,00,2,8,19,201100066399C01,7,1,2
201100066401,2011-04-22,2011,avril,vendredi,17:00,974,97407,0,0,1,1,6,1,1,4,3,04,1,1,021,075,1,0,1,3,1,51,1,1,9,00,2,1,5,201100066401A01,38,1,1
201100066403,2011-05-02,2011,mai,lundi,10:50,974,97407,0,0,2,1,2,1,1,4,1,01,1,1,000,067,1,0,1,4,1,62,9,1,9,00,2,4,2,201100066403B01,7,1,1
201100066413,2011-06-21,2011,juin,mardi,17:39,974,97407,0,0,2,1,3,1,1,4,2,02,1,1,000,100,1,0,1,3,1,15,5,1,9,00,2,7,19,201100066413B01,10,1,1
201100066416,2011-07-05,2011,juillet,mardi,17:00,974,97407,0,0,1,1,3,1,1,4,2,02,1,1,000,073,1,0,1,3,1,47,5,1,9,00,2,1,18,201100066416B01,7,15,1
201100066419,2011-07-23,2011,juillet,samedi,94:0,974,97407,0,0,2,6,3,1,1,4,2,02,1,1,000,071,1,0,0,4,1,42,5,1,9,00,0,7,1,201100066419B01,7,9,1
201100066423,2011-08-03,2011,août,mercredi,23:15,974,97407,0,0,2,2,6,5,1,4,1,01,1,1,000,065,1,0,0,3,1,28,9,1,4,00,2,7,5,201100066423B01,7,1,1
201100066426,2011-08-16,2011,août,mardi,11:20,974,97407,0,0,2,6,3,1,1,4,1,02,1,1,000,069,1,0,0,4,1,44,5,1,9,00,2,1,1,201100066426B01,7,9,1
201100066427,2011-08-16,2011,août,mardi,18:25,974,97407,0,0,2,2,3,2,1,4,2,02,1,1,000,068,1,0,0,4,1,39,1,1,9,00,2,8,1,201100066427B01,7,9,1
201100066428,2011-08-17,2011,août,mercredi,13:20,974,97407,0,0,2,1,3,1,1,4,2,02,1,1,000,067,1,0,1,4,1,19,5,1,9,00,2,1,17,201100066428B01,7,15,1
201100066428,2011-08-17,2011,août,mercredi,13:20,974,97407,0,0,2,1,3,1,1,4,2,02,1,1,000,067,1,0,1,1,1,14,5,1,9,00,2,1,17,201100066428B01,7,15,1
201100066432,2011-08-23,2011,août,mardi,17:10,974,97407,0,0,2,1,3,1,1,4,2,02,1,1,000,071,1,0,1,4,1,59,9,1,9,00,2,7,15,201100066432A01,7,1,1
201100066451,2011-11-07,2011,novembre,lundi,14:30,974,97407,0,0,2,1,6,1,1,4,2,02,1,1,000,068,1,0,1,4,1,29,9,1,9,00,2,8,1,201100066451B01,10,17,1
201100066454,2011-11-12,2011,novembre,samedi,20:23,974,97407,0,0,2,2,3,3,1,4,1,01,1,1,000,059,1,0,0,4,1,13,9,1,4,00,2,7,1,201100066454B01,7,1,1
201100066467,2011-01-03,2011,janvier,lundi,13:45,974,97409,0,0,2,1,1,1,1,4,2,01,1,-1,000,060,1,0,1,4,1,13,5,1,2,00,2,1,5,201100066467B01,7,16,1
201100066468,2011-01-22,2011,janvier,samedi,19:25,974,97409,0,0,2,1,6,3,1,4,2,01,2,1,000,060,1,0,0,4,1,17,0,1,4,00,2,1,1,201100066468A01,7,9,1
201100066478,2011-02-20,2011,février,dimanche,19:40,974,97409,0,0,2,1,2,5,1,4,2,01,1,-1,060,060,1,0,1,4,1,9,5,1,2,00,0,7,0,201100066478A01,7,1,1
201100066485,2011-03-10,2011,mars,jeudi,71:0,974,97409,0,0,2,1,7,1,1,4,2,01,-1,-1,000,060,1,0,1,3,1,58,0,1,2,00,0,0,1,201100066485A01,,,
201100066492,2011-04-16,2011,avril,samedi,18:15,974,97409,0,0,2,1,3,2,1,4,2,01,1,1,000,070,-1,0,1,4,1,80,0,1,2,00,2,1,1,201100066492B01,10,9,1
201100066494,2011-04-20,2011,avril,mercredi,71:0,974,97409,0,0,2,1,1,1,1,4,1,01,-1,-1,060,060,-1,0,1,3,1,39,0,1,2,00,2,1,19,201100066494B01,7,1,1
201100066495,2011-04-20,2011,avril,mercredi,14:40,974,97409,0,0,1,1,3,1,1,2,3,04,1,-1,120,120,1,0,1,4,2,35,0,1,2,00,2,8,1,201100066495B01,7,1,1
201100066502,2011-06-04,2011,juin,samedi,90:0,974,97409,0,0,2,1,3,1,1,4,2,01,1,-1,000,060,1,0,1,4,1,8,5,1,2,00,2,4,13,201100066502B01,7,17,1
201100066507,2011-06-21,2011,juin,mardi,12:20,974,97409,0,0,1,1,3,1,1,4,2,01,-1,-1,000,060,-1,0,1,3,1,21,0,1,2,00,2,0,1,201100066507B01,7,15,1
201100066508,2011-06-27,2011,juin,lundi,12:20,974,97409,0,0,2,1,3,1,1,4,2,01,-1,-1,000,060,1,0,1,4,1,18,0,1,2,00,2,1,9,201100066508A01,7,1,1
201100066510,2011-07-03,2011,juillet,dimanche,10:10,974,97409,0,0,1,1,1,1,1,4,2,01,2,-1,000,060,1,0,1,3,1,47,5,1,2,00,2,1,17,201100066510A01,7,1,1
201100066512,2011-07-17,2011,juillet,dimanche,20:00,974,97409,0,0,2,1,7,5,2,4,2,01,-1,-1,000,060,2,0,1,4,1,27,0,1,2,00,0,0,1,201100066512A01,,,
201100066515,2011-07-27,2011,juillet,mercredi,18:40,974,97409,0,0,2,6,3,5,1,4,2,01,-1,1,000,060,2,0,1,4,2,18,0,1,2,00,0,4,1,201100066515B01,7,1,1
201100066516,2011-09-01,2011,septembre,jeudi,18:30,974,97409,0,0,2,3,3,2,1,4,2,01,-1,-1,000,060,-1,0,1,4,1,18,0,1,2,00,2,1,9,201100066516A01,7,1,1
201100066522,2011-10-05,2011,octobre,mercredi,62:0,974,97409,0,0,2,3,3,2,1,4,2,02,-1,-1,000,080,1,0,1,4,1,51,5,1,2,00,2,8,1,201100066522B01,7,15,1
201100066530,2011-10-27,2011,octobre,jeudi,10:15,974,97409,0,0,2,1,1,1,1,4,2,01,1,1,000,072,1,0,1,3,1,19,0,1,2,00,2,1,19,201100066530A01,7,15,1
201100066532,2011-11-05,2011,novembre,samedi,82:0,974,97409,0,0,2,3,3,1,1,4,2,01,-1,-1,000,070,1,0,1,4,1,35,0,1,2,00,2,1,1,201100066532B01,7,9,1
201100066549,2011-12-12,2011,décembre,lundi,11:00,974,97409,0,0,2,1,1,1,1,4,2,01,1,-1,000,070,1,0,1,4,1,45,4,1,9,00,2,1,1,201100066549C01,7,13,1
201100066549,2011-12-12,2011,décembre,lundi,11:00,974,97409,0,0,2,1,1,1,1,4,2,01,1,-1,000,070,1,0,1,4,1,31,0,1,9,00,2,1,1,201100066549C01,7,13,1
201100066552,2011-12-19,2011,décembre,lundi,20:45,974,97409,0,0,1,1,7,3,3,4,2,02,2,1,000,080,3,0,1,2,1,40,9,1,2,16,0,0,1,201100066552A01,,,
201100066581,2011-03-06,2011,mars,dimanche,37:,974,97411,0,0,2,1,1,5,1,4,1,02,1,1,000,060,1,0,1,4,1,20,0,1,9,00,2,1,5,201100066581B01,7,1,1
201100066607,2011-04-19,2011,avril,mardi,19:10,974,97411,0,0,1,1,1,5,1,4,2,01,2,1,000,080,1,0,1,3,1,35,9,1,9,00,2,0,0,201100066607B01,7,0,1
201100066620,2011-05-13,2011,mai,vendredi,19:15,974,97411,0,0,2,1,5,5,1,4,2,00,2,1,000,060,1,0,1,4,1,17,0,1,9,00,2,0,0,201100066620B01,7,0,1