Num_Acc,date,an,mois,jour,hrmn,dep,com,lat,long,agg,int,col,lum,atm,catr,circ,nbv,prof,plan,lartpc,larrout,surf,infra,situ,grav,sexe,age,trajet,secuexist,equipement,obs,obsm,choc,manv,vehiculeid,typevehicules,manoeuvehicules,numVehicules
201100066620,2011-05-13,2011,mai,vendredi,19:15,974,97411,0,0,2,1,5,5,1,4,2,00,2,1,000,060,1,0,1,4,1,15,0,1,9,00,2,0,2,201100066620C01,7,0,1
201100066634,2011-06-05,2011,juin,dimanche,19:55,974,97411,0,0,2,1,3,5,1,4,2,02,2,-1,000,070,1,0,0,4,1,12,0,1,4,00,2,1,0,201100066634A01,7,0,1
201100066636,2011-06-11,2011,juin,samedi,18:44,974,97411,0,0,2,2,3,3,1,3,2,02,2,-1,000,000,1,0,1,4,2,31,0,1,4,00,2,1,0,201100066636B01,7,0,1
201100066649,2011-07-18,2011,juillet,lundi,18:16,974,97411,0,0,2,3,1,3,1,4,2,02,2,1,000,060,1,0,1,4,1,15,0,1,9,00,2,0,0,201100066649B01,7,0,1
201100066654,2011-07-22,2011,juillet,vendredi,21:00,974,97411,0,0,2,1,,5,1,2,-1,02,-1,-1,000,070,-1,0,0,1,1,21,0,1,9,00,1,1,0,201100066654A01,,,
201100066654,2011-07-22,2011,juillet,vendredi,21:00,974,97411,0,0,2,1,,5,1,2,-1,02,-1,-1,000,070,-1,0,0,4,2,11,0,1,9,00,1,1,0,201100066654A01,,,
201100066655,2011-07-22,2011,juillet,vendredi,19:15,974,97411,0,0,1,1,3,5,1,4,2,02,-1,-1,000,070,-1,0,1,4,1,17,0,1,9,00,2,0,0,201100066655B01,7,0,1
201100066661,2011-07-27,2011,juillet,mercredi,16:40,974,97411,0,0,2,1,6,2,1,4,-1,02,-1,-1,000,070,-1,0,0,4,2,23,0,1,9,00,0,0,0,201100066661A01,,,
201100066686,2011-09-17,2011,septembre,samedi,16:31,974,97411,0,0,2,1,1,1,1,4,-1,02,-1,-1,000,070,-1,0,0,4,1,15,0,1,9,00,2,1,0,201100066686A01,7,0,1
201100066702,2011-10-26,2011,octobre,mercredi,17:00,974,97411,0,0,1,4,1,1,1,4,2,02,1,3,000,030,1,0,1,4,1,43,0,1,2,00,2,8,0,201100066702B01,7,0,1
201100066703,2011-10-28,2011,octobre,vendredi,10:45,974,97411,0,0,2,1,3,1,1,2,1,03,1,1,000,096,1,0,1,4,1,61,5,1,9,00,2,1,0,201100066703A01,7,0,1
201100066707,2011-11-01,2011,novembre,mardi,13:45,974,97411,0,0,2,6,1,1,1,4,1,02,1,-1,000,060,1,5,1,4,1,37,0,1,9,00,2,0,0,201100066707B01,7,0,1
201100066710,2011-11-04,2011,novembre,vendredi,15:45,974,97411,0,0,2,6,6,1,1,4,2,02,-1,-1,000,000,-1,0,0,4,1,17,0,1,9,00,1,1,0,201100066710A01,,,
201100066710,2011-11-04,2011,novembre,vendredi,15:45,974,97411,0,0,2,6,6,1,1,4,2,02,-1,-1,000,000,-1,0,0,4,2,50,0,1,9,00,1,1,0,201100066710A01,,,
201100066716,2011-12-06,2011,décembre,mardi,17:15,974,97411,0,0,1,1,7,2,1,3,-1,02,-1,-1,000,070,-1,0,0,4,2,16,0,1,9,00,0,0,1,201100066716A01,7,0,1
201100066722,2011-12-11,2011,décembre,dimanche,50:,974,97411,0,0,2,1,3,3,1,2,1,02,1,-1,000,000,1,0,1,4,1,20,0,1,9,00,2,2,9,201100066722A01,7,0,1
201100066723,2011-12-11,2011,décembre,dimanche,17:05,974,97411,0,0,2,1,6,2,1,4,-1,02,-1,-1,000,070,-1,0,0,1,1,15,0,1,2,00,0,0,0,201100066723A01,,,
201100066723,2011-12-11,2011,décembre,dimanche,17:05,974,97411,0,0,2,1,6,2,1,4,-1,02,-1,-1,000,070,-1,0,0,4,1,14,0,1,9,00,0,0,0,201100066723A01,,,
201100066758,2011-01-31,2011,janvier,lundi,10:15,974,97416,0,0,2,1,7,1,1,4,1,01,1,1,000,050,1,0,5,4,2,59,5,1,2,01,0,1,1,201100066758B01,7,22,1
201100066764,2011-02-09,2011,février,mercredi,13:35,974,97416,0,0,2,1,3,1,1,4,1,01,1,1,000,050,1,0,1,4,1,57,9,1,9,00,2,7,1,201100066764A01,7,1,1
201100066770,2011-02-17,2011,février,jeudi,85:0,974,97416,0,0,1,1,7,1,1,4,2,01,1,1,000,060,1,0,1,4,1,47,9,1,9,00,0,1,1,201100066770A01,,,
201100066775,2011-02-23,2011,février,mercredi,10:30,974,97416,0,0,1,2,3,1,1,4,2,01,1,1,000,050,1,0,1,4,2,11,9,1,9,00,2,8,1,201100066775A01,7,1,1
201100066790,2011-03-12,2011,mars,samedi,16:05,974,97416,0,0,1,1,1,1,1,4,2,01,2,1,000,050,1,0,2,4,1,14,9,1,2,01,0,1,1,201100066790A01,7,24,1
201100066799,2011-03-23,2011,mars,mercredi,16:00,974,97416,0,0,1,1,1,1,1,4,2,01,1,1,000,050,1,0,1,4,1,31,9,1,9,00,2,1,1,201100066799B01,7,1,1
201100066803,2011-03-26,2011,mars,samedi,11:00,974,97416,0,0,2,1,3,1,1,4,2,01,2,3,000,000,1,0,1,4,1,16,9,1,2,00,2,3,1,201100066803B01,7,1,1
201100066809,2011-04-12,2011,avril,mardi,18:50,974,97416,0,0,1,1,3,3,1,4,2,01,2,1,000,050,1,0,1,4,1,22,9,1,9,00,2,8,1,201100066809A01,7,1,1
201100066819,2011-04-30,2011,avril,samedi,16:30,974,97416,0,0,2,1,7,1,1,4,1,01,1,1,000,040,1,0,1,4,1,12,9,1,9,00,0,0,1,201100066819A01,,,
201100066857,2011-06-30,2011,juin,jeudi,14:00,974,97416,0,0,1,1,2,1,1,4,2,01,1,1,000,050,1,0,1,4,1,16,9,1,9,00,2,1,1,201100066857A01,7,23,1
201100066876,2011-07-28,2011,juillet,jeudi,52:0,974,97416,0,0,2,1,2,3,1,4,2,02,1,3,000,050,1,0,1,4,1,30,9,1,9,00,2,4,1,201100066876A01,37,1,1
201100066881,2011-08-05,2011,août,vendredi,11:10,974,97416,0,0,2,1,7,1,1,4,2,02,1,1,000,050,1,0,1,4,1,17,9,1,9,00,0,0,16,201100066881A01,,,
201100066891,2011-08-20,2011,août,samedi,18:00,974,97416,0,0,2,1,7,5,1,4,1,01,1,1,000,040,1,0,1,4,1,24,9,1,9,16,0,0,21,201100066891A01,,,
201100066900,2011-09-10,2011,septembre,samedi,15:50,974,97416,0,0,2,1,3,1,1,4,2,02,1,1,000,050,1,0,3,4,1,45,9,1,9,00,2,1,1,201100066900A01,7,15,1
201100066912,2011-09-28,2011,septembre,mercredi,14:25,974,97416,0,0,1,1,3,1,1,3,2,02,1,1,000,070,1,0,1,4,1,24,0,1,9,00,2,1,1,201100066912B01,7,17,1
201100066919,2011-09-30,2011,septembre,vendredi,18:25,974,97416,0,0,2,1,2,1,1,4,1,01,2,1,000,030,1,0,1,4,1,62,5,1,9,00,0,4,1,201100066919B01,2,0,1
201100066929,2011-10-15,2011,octobre,samedi,14:15,974,97416,0,0,2,1,6,1,1,4,2,02,2,1,000,050,1,0,3,4,1,22,0,1,9,01,0,1,13,201100066929A01,,,
201100066930,2011-10-16,2011,octobre,dimanche,18:50,974,97416,0,0,2,3,3,1,1,4,2,02,1,1,000,050,1,0,1,4,1,21,0,1,9,00,4,1,1,201100066930A01,7,15,1
201100066931,2011-10-17,2011,octobre,lundi,16:00,974,97416,0,0,2,2,3,1,1,4,2,02,1,1,000,050,1,0,1,4,1,34,0,1,9,00,2,3,1,201100066931B01,7,1,1
201100066935,2011-10-23,2011,octobre,dimanche,11:55,974,97416,0,0,2,1,7,1,1,4,2,02,1,1,000,050,1,0,1,4,1,50,5,1,9,00,0,0,1,201100066935A01,,,
201100066957,2011-11-26,2011,novembre,samedi,16:40,974,97416,0,0,2,1,2,1,1,4,-1,02,1,1,000,060,1,0,1,4,1,19,4,1,9,00,2,1,1,201100066957A01,7,1,1
201100066967,2011-12-10,2011,décembre,samedi,91:0,974,97416,0,0,2,1,3,1,1,4,2,02,1,1,000,070,1,0,1,4,1,17,0,1,9,00,2,7,19,201100066967B01,2,1,1
201200000029,2012-10-05,2012,octobre,vendredi,18:15,59,59452,50.45785,3.02463,1,1,3,1,1,3,2,02,1,1,000,063,1,0,1,3,1,15,2,1,2,00,2,8,15,201200000029B02,7,17,1
201200000030,2012-10-14,2012,octobre,dimanche,12:00,59,59408,50.44798,3.07207,1,1,6,1,1,3,2,00,2,3,000,067,1,0,3,3,1,48,5,1,2,01,0,1,1,201200000030A01,,,
201200000036,2012-03-28,2012,mars,mercredi,14:00,59,59532,50.97413,2.17926,1,1,3,1,1,3,2,02,1,1,000,031,1,0,1,3,2,77,5,1,1,00,2,8,1,201200000036B02,21,1,1
201200000046,2012-02-25,2012,février,samedi,16:00,59,59305,50.88666,2.53487,2,1,3,1,1,3,2,00,-1,3,000,062,1,0,1,4,1,54,5,1,1,00,2,1,15,201200000046B02,7,1,1
201200000061,2012-07-15,2012,juillet,dimanche,53:0,59,59401,50.73498,2.70072,1,1,2,2,1,3,3,02,2,1,010,140,2,0,1,2,1,39,5,1,2,00,2,4,1,201200000061B02,7,13,1
201200000077,2012-07-26,2012,juillet,jeudi,11:00,59,59423,50.65542,2.66185,2,1,1,1,1,3,2,01,1,1,000,080,1,0,1,3,2,50,5,1,1,00,2,4,2,201200000077C03,1,2,1
201200000077,2012-07-26,2012,juillet,jeudi,11:00,59,59423,50.65542,2.66185,2,1,1,1,1,3,2,01,1,1,000,080,1,0,1,2,2,23,5,1,1,00,2,4,2,201200000077B02,1,2,1
201200000086,2012-12-18,2012,décembre,mardi,17:00,59,59580,50.81257,2.58028,2,1,3,5,1,4,2,02,1,1,000,000,1,0,1,3,1,81,5,1,1,00,2,3,1,201200000086A01,14,1,1
201200000099,2012-03-25,2012,mars,dimanche,11:00,59,59173,50.73364,2.95073,1,1,5,1,1,3,2,02,1,1,150,000,9,0,5,4,1,56,5,1,2,00,0,0,1,201200000099A01,1,1,2
201200000099,2012-03-25,2012,mars,dimanche,11:00,59,59173,50.73364,2.95073,1,1,5,1,1,3,2,02,1,1,150,000,9,0,5,4,1,53,5,1,2,00,2,1,1,201200000099C03,1,1,2
201200000099,2012-03-25,2012,mars,dimanche,11:00,59,59173,50.73364,2.95073,1,1,5,1,1,3,2,02,1,1,150,000,9,0,5,4,1,65,5,1,2,00,2,1,1,201200000099B02,1,1,2
201200000104,2012-05-27,2012,mai,dimanche,19:00,59,59559,50.34106,3.64687,2,1,1,1,7,4,2,02,2,1,000,054,1,0,1,3,2,15,5,1,1,00,2,1,15,201200000104B02,33,1,1
201200000122,2012-10-15,2012,octobre,lundi,13:45,59,59061,50.06199,3.79383,2,3,3,1,1,3,-1,00,-1,-1,000,060,1,0,0,3,1,75,5,1,2,00,0,1,0,201200000122A01,7,1,1
201200000123,2012-11-16,2012,novembre,vendredi,18:00,59,59331,50.12774,3.68654,2,1,2,5,8,3,2,02,1,1,000,078,1,0,4,3,2,48,1,1,4,00,2,4,1,201200000123A01,7,20,1
201200000139,2012-10-15,2012,octobre,lundi,21:45,59,59321,50.11873,3.47756,1,1,1,3,2,3,2,02,1,1,000,069,2,0,1,3,2,45,5,1,8,00,2,5,19,201200000139B02,7,1,1
201200000151,2012-11-29,2012,novembre,jeudi,13:30,59,59125,50.1381,3.14429,1,2,3,1,1,3,2,02,-1,1,000,055,1,5,0,3,1,63,5,1,2,00,2,1,1,201200000151A01,7,1,1
201200000160,2012-01-03,2012,janvier,mardi,80:0,59,59379,50.29247,3.24218,1,1,2,3,1,3,2,02,1,1,000,063,1,0,1,2,1,59,5,1,4,00,0,4,1,201200000160B02,10,1,1
201200000176,2012-05-28,2012,mai,lundi,10:30,59,59584,50.31138,3.84653,1,4,5,1,1,3,2,00,1,1,000,060,1,0,1,3,1,73,5,1,9,00,0,0,23,201200000176B02,7,1,2
201200000218,2012-06-11,2012,juin,lundi,18:00,62,62473,0,0,2,2,3,1,1,4,2,00,1,1,000,042,1,0,1,3,1,9,5,1,1,00,2,1,19,201200000218B02,7,1,1
201200000225,2012-02-14,2012,février,mardi,14:30,62,62908,0,0,2,1,1,1,1,3,2,02,-1,2,000,070,1,0,1,3,1,34,5,1,2,00,2,1,1,201200000225B02,7,15,1
201200000230,2012-03-30,2012,mars,vendredi,19:00,62,62773,0,0,2,1,3,1,1,4,2,02,-1,1,060,000,1,0,1,3,1,5,5,1,2,00,2,1,1,201200000230B02,7,1,1
201200000240,2012-07-13,2012,juillet,vendredi,13:15,62,62889,0,0,1,2,3,1,1,3,2,02,2,1,000,064,1,0,1,2,1,16,0,1,9,00,2,8,1,201200000240B02,7,1,1
201200000282,2012-08-24,2012,août,vendredi,16:00,62,62875,50.714,2.341,2,2,6,1,1,3,2,00,1,1,000,060,1,0,1,3,1,64,5,1,2,00,0,8,19,201200000282B02,,,
201200000320,2012-07-21,2012,juillet,samedi,15:00,62,62111,50.27702,2.41862,2,3,3,1,1,3,2,02,1,1,000,000,1,0,1,2,1,7,5,1,2,00,2,8,15,201200000320B02,10,1,1
201200000328,2012-01-13,2012,janvier,vendredi,12:00,80,80212,0,0,2,6,1,1,7,4,4,01,1,2,000,000,1,5,1,4,2,45,4,1,2,00,2,5,15,201200000328B02,7,9,1
201200000345,2012-09-21,2012,septembre,vendredi,18:15,80,80082,0,0,2,2,3,1,1,4,-1,00,1,1,000,070,1,0,1,3,1,16,0,1,2,00,2,1,1,201200000345A01,7,1,1
201200000362,2012-05-25,2012,mai,vendredi,80:0,80,80373,0,0,2,1,1,1,1,3,2,02,1,1,000,063,1,0,1,3,2,54,1,1,2,01,0,1,1,201200000362B02,7,22,1
201200000371,2012-06-13,2012,juin,mercredi,18:45,80,80685,0,0,2,1,6,1,1,9,1,00,2,1,000,000,1,0,1,3,1,86,5,1,2,00,2,8,15,201200000371B02,7,,1
201200000390,2012-06-23,2012,juin,samedi,18:15,80,80811,0,0,1,3,1,1,1,3,,,,,,,,,,3,1,12,0,1,2,00,0,0,0,201200000390B02,7,0,1
201200000437,2012-01-27,2012,janvier,vendredi,91:5,02,02648,0,0,2,1,6,1,9,3,2,02,1,2,000,060,7,0,1,3,1,45,5,1,2,00,0,4,2,201200000437B02,7,2,1
201200000452,2012-09-24,2012,septembre,lundi,17:30,02,02766,0,0,1,1,1,2,1,3,2,02,2,1,000,057,1,0,1,4,1,60,5,1,4,00,2,4,1,201200000452B02,7,1,1
201200000515,2012-12-22,2012,décembre,samedi,18:45,60,60395,0,0,1,1,2,2,2,3,2,02,2,1,000,060,2,0,1,3,1,21,0,1,4,00,0,4,0,201200000515A01,7,1,1
201200000547,2012-10-06,2012,octobre,samedi,11:15,60,60015,0,0,2,6,1,1,2,3,1,02,1,2,000,000,2,5,1,4,1,56,5,1,2,00,2,1,14,201200000547B02,7,9,1
201200000558,2012-07-10,2012,juillet,mardi,17:45,60,60445,49.49,3.101,2,3,3,1,1,4,1,01,2,1,000,042,1,5,1,3,1,8,5,1,2,00,2,2,5,201200000558B02,7,1,1
201200000559,2012-07-21,2012,juillet,samedi,18:45,60,60537,49.528,2.925,2,1,1,1,1,4,2,02,-1,2,000,085,1,0,1,3,1,9,5,1,2,00,2,0,5,201200000559A01,7,1,1
201200000594,2012-09-20,2012,septembre,jeudi,16:00,60,60507,0,0,1,1,2,1,1,3,2,02,1,1,000,000,1,0,1,3,1,49,5,1,2,01,0,1,1,201200000594A01,10,24,1
201200000609,2012-09-15,2012,septembre,samedi,18:30,57,57104,0,0,2,1,5,1,1,3,2,02,1,1,000,052,1,0,1,4,1,25,5,1,1,00,2,4,2,201200000609B02,7,2,1
201200000609,2012-09-15,2012,septembre,samedi,18:30,57,57104,0,0,2,1,5,1,1,3,2,02,1,1,000,052,1,0,1,1,1,29,5,1,1,00,2,4,2,201200000609C03,7,2,1
201200000612,2012-05-26,2012,mai,samedi,17:15,60,60170,0,0,1,1,2,1,1,3,2,02,1,1,000,070,1,0,1,1,1,41,5,1,2,00,2,6,1,201200000612A01,7,1,1
201200000612,2012-05-26,2012,mai,samedi,17:15,60,60170,0,0,1,1,2,1,1,3,2,02,1,1,000,070,1,0,1,3,1,2,5,1,9,00,2,6,1,201200000612A01,7,1,1
201200000638,2012-06-06,2012,juin,mercredi,18:30,60,60695,49.205,2.491,2,7,1,1,1,4,2,00,-1,3,000,000,1,0,1,4,1,15,5,1,2,00,2,3,15,201200000638B02,7,16,1
201200000669,2012-09-09,2012,septembre,dimanche,14:30,76,76367,49.5075,1.08447,1,1,2,1,1,3,2,02,2,3,000,053,1,0,1,3,2,31,5,1,2,00,0,4,1,201200000669B02,32,1,1
201200000678,2012-07-19,2012,juillet,jeudi,10:45,76,76152,49.57911,1.22979,2,2,3,1,1,3,2,02,2,1,000,134,1,0,1,3,2,74,3,1,2,00,2,7,1,201200000678A01,37,19,1
201200000756,2012-05-27,2012,mai,dimanche,17:30,76,76234,49.61054,0.97117,1,1,1,1,1,3,2,00,2,3,000,000,1,0,1,3,1,24,5,1,2,00,2,1,1,201200000756A01,33,1,1
201200000781,2012-05-16,2012,mai,mercredi,18:45,27,27306,48.9782,1.18735,2,1,1,1,1,3,2,02,1,3,000,055,1,0,1,3,1,13,5,1,1,00,2,1,15,201200000781B02,7,16,1
201200000799,2012-03-19,2012,mars,lundi,10:45,27,27679,48.7415,0.91813,2,1,1,1,7,9,2,02,1,1,000,062,1,0,1,2,2,79,3,1,1,00,2,2,15,201200000799A01,33,1,1
201200000804,2012-10-15,2012,octobre,lundi,20:15,27,27195,48.815,1.00499,1,1,2,3,1,3,2,02,1,1,000,066,1,0,1,2,1,20,5,1,4,00,0,4,2,201200000804B02,7,2,1
201200000810,2012-06-28,2012,juin,jeudi,17:45,27,27635,49.2644,1.36035,1,1,1,1,2,3,2,02,1,1,000,040,2,0,1,3,1,31,5,1,2,00,0,8,2,201200000810B02,7,2,1
201200000811,2012-08-20,2012,août,lundi,18:30,27,27635,0,0,2,1,6,1,1,4,2,02,1,1,000,055,1,0,1,3,1,58,5,1,2,00,1,1,1,201200000811A01,,,
201200000866,2012-07-30,2012,juillet,lundi,13:45,27,27577,49.4369,0.54879,1,1,5,1,1,3,2,02,4,2,000,066,1,0,1,2,2,50,5,1,2,00,2,0,1,201200000866C03,7,17,2
201200000868,2012-07-29,2012,juillet,dimanche,13:30,27,27065,49.3481,0.36156,1,1,1,1,1,3,2,02,1,1,000,124,1,0,1,3,1,35,5,1,1,00,0,4,1,201200000868A01,7,2,1
201200000871,2012-10-17,2012,octobre,mercredi,53:0,27,27606,0,0,1,1,2,3,3,3,2,02,1,1,000,070,2,0,1,3,1,16,1,1,4,00,2,4,1,201200000871B02,7,1,1
201200000884,2012-11-21,2012,novembre,mercredi,18:00,27,27103,0,0,1,1,1,3,1,3,2,02,1,1,000,055,1,0,1,3,1,15,5,1,4,00,2,1,1,201200000884B02,7,17,1
201200000902,2012-11-10,2012,novembre,samedi,15:30,35,35240,48.106,-1.794,2,1,3,1,7,4,2,00,2,1,000,000,1,5,1,3,1,69,5,1,1,00,0,3,15,201200000902A01,7,15,1
201200000903,2012-12-17,2012,décembre,lundi,15:30,35,35076,0,0,1,1,1,1,2,3,2,00,1,1,000,075,2,5,1,3,1,63,5,1,2,00,2,8,1,201200000903B02,7,19,1
201200000911,2012-04-03,2012,avril,mardi,15:30,35,35004,0,0,2,1,7,1,1,4,2,02,4,1,000,050,1,0,1,3,1,42,5,1,1,01,0,1,21,201200000911A01,,,
201200000939,2012-07-07,2012,juillet,samedi,15:30,35,35012,0,0,2,1,1,1,1,9,2,00,1,1,000,000,1,0,1,1,1,13,5,1,2,00,2,1,1,201200000939A01,7,1,1
201200000939,2012-07-07,2012,juillet,samedi,15:30,35,35012,0,0,2,1,1,1,1,9,2,00,1,1,000,000,1,0,1,3,1,13,0,1,2,00,2,1,1,201200000939A01,7,1,1
201200000949,2012-07-03,2012,juillet,mardi,16:15,35,35139,47.99577,-1.72653,1,1,3,1,1,3,2,00,1,1,000,050,1,0,1,3,1,12,5,1,2,00,2,8,1,201200000949B02,7,1,1
201200000972,2012-01-17,2012,janvier,mardi,11:15,35,35256,48.61914,-2.13241,2,7,1,1,1,9,1,00,-1,1,000,000,1,0,1,3,2,64,3,1,9,00,2,1,19,201200000972B02,7,15,1
201200000977,2012-03-30,2012,mars,vendredi,16:45,35,35360,0,0,2,1,3,1,1,9,2,02,2,1,000,060,1,0,1,3,1,42,1,1,1,00,2,1,19,201200000977B02,7,10,1
201200000983,2012-08-09,2012,août,jeudi,16:45,35,35105,0,0,1,1,1,1,1,4,2,02,2,3,000,039,1,0,1,3,1,56,5,1,1,00,2,1,13,201200000983A01,33,1,1
201200000991,2012-03-13,2012,mars,mardi,80:0,35,35327,0,0,2,6,3,1,1,3,2,02,-1,3,000,000,1,5,1,3,2,65,5,1,1,00,2,1,19,201200000991B02,7,1,1
201200001005,2012-11-29,2012,novembre,jeudi,10:00,35,35125,47.94035,-1.22746,2,1,3,1,7,3,2,02,1,2,020,070,1,0,1,3,1,49,5,1,1,00,2,7,1,201200001005B02,7,9,1
201200001031,2012-05-29,2012,mai,mardi,91:5,22,22151,48.43925,-2.58221,1,1,5,1,1,3,2,02,2,1,000,049,1,0,1,2,1,63,5,1,2,00,2,1,1,201200001031B02,7,13,1
201200001031,2012-05-29,2012,mai,mardi,91:5,22,22151,48.43925,-2.58221,1,1,5,1,1,3,2,02,2,1,000,049,1,0,1,3,1,62,5,1,2,00,2,1,1,201200001031C03,7,13,1
201200001042,2012-06-06,2012,juin,mercredi,14:15,22,22079,48.36428,-2.63078,1,1,4,1,1,3,2,02,2,2,000,000,1,0,1,3,1,66,5,1,2,00,2,1,1,201200001042B02,7,5,1
201200001042,2012-06-06,2012,juin,mercredi,14:15,22,22079,48.36428,-2.63078,1,1,4,1,1,3,2,02,2,2,000,000,1,0,1,4,1,64,5,1,2,00,2,1,1,201200001042C03,7,5,1
201200001042,2012-06-06,2012,juin,mercredi,14:15,22,22079,48.36428,-2.63078,1,1,4,1,1,3,2,02,2,2,000,000,1,0,1,4,1,75,5,1,2,00,2,1,1,201200001042D04,7,5,1
201200001042,2012-06-06,2012,juin,mercredi,14:15,22,22079,48.36428,-2.63078,1,1,4,1,1,3,2,02,2,2,000,000,1,0,1,4,1,62,5,1,2,00,2,1,1,201200001042E05,7,5,1
201200001048,2012-02-29,2012,février,mercredi,11:00,22,22136,48.18876,-2.75279,2,1,2,1,1,4,2,01,1,1,040,040,1,0,1,4,2,65,5,1,2,00,2,8,1,201200001048B02,20,4,1
201200001067,2012-06-10,2012,juin,dimanche,61:5,22,22389,48.48245,-2.67465,2,1,6,1,1,9,2,02,1,1,000,061,1,0,1,3,1,56,5,1,4,00,2,1,1,201200001067A01,10,17,1
201200001077,2012-04-07,2012,avril,samedi,12:30,22,22280,48.41643,-2.06195,2,2,3,1,1,3,2,02,1,1,000,051,1,0,1,3,1,59,5,1,2,00,2,7,1,201200001077B02,10,19,1
201200001086,2012-11-22,2012,novembre,jeudi,12:00,22,22026,48.40864,-2.02881,2,3,3,1,2,3,2,02,2,3,052,000,2,0,1,4,1,60,5,1,2,00,2,1,1,201200001086A01,7,16,1
201200001099,2012-07-18,2012,juillet,mercredi,17:30,22,22302,48.59651,-2.19044,2,3,3,1,1,4,2,02,2,1,000,055,1,0,1,3,1,15,5,1,1,00,2,1,1,201200001099B02,7,1,1
201200001100,2012-07-24,2012,juillet,mardi,11:30,22,22209,48.55126,-2.10853,1,1,2,1,1,3,2,02,1,2,000,059,1,0,1,2,1,74,5,1,9,00,2,4,1,201200001100B02,10,17,1
201200001101,2012-08-10,2012,août,vendredi,80:0,22,22209,0,0,1,1,2,1,1,3,2,00,-1,1,000,059,1,0,1,4,1,34,5,1,9,00,9,1,1,201200001101A01,1,1,1
201200001101,2012-08-10,2012,août,vendredi,80:0,22,22209,0,0,1,1,2,1,1,3,2,00,-1,1,000,059,1,0,1,1,1,34,5,1,9,00,9,0,1,201200001101B02,1,1,1
201200001104,2012-08-22,2012,août,mercredi,11:15,22,22179,48.62447,-2.33886,1,4,3,1,1,3,2,02,1,1,000,060,1,0,1,3,2,17,5,1,2,00,2,1,15,201200001104B02,7,1,1
201200001204,2012-06-27,2012,juin,mercredi,14:45,29,29124,48.59045,-4.3324,1,1,1,1,1,3,2,02,3,1,000,069,1,0,1,2,1,14,5,1,1,00,0,0,2,201200001204B02,7,1,1
201200001231,2012-05-28,2012,mai,lundi,16:00,29,29044,48.21736,-4.16705,1,1,5,1,1,4,1,00,2,1,000,000,1,0,1,4,1,19,0,1,2,14,0,1,1,201200001231E05,7,24,1
201200001231,2012-05-28,2012,mai,lundi,16:00,29,29044,48.21736,-4.16705,1,1,5,1,1,4,1,00,2,1,000,000,1,0,1,4,1,20,0,1,2,14,0,1,1,201200001231F06,7,24,1
201200001231,2012-05-28,2012,mai,lundi,16:00,29,29044,48.21736,-4.16705,1,1,5,1,1,4,1,00,2,1,000,000,1,0,1,4,1,51,0,1,2,14,0,1,1,201200001231D04,7,24,1
201200001231,2012-05-28,2012,mai,lundi,16:00,29,29044,48.21736,-4.16705,1,1,5,1,1,4,1,00,2,1,000,000,1,0,1,4,1,17,0,1,2,01,0,1,1,201200001231B02,7,24,1
201200001231,2012-05-28,2012,mai,lundi,16:00,29,29044,48.21736,-4.16705,1,1,5,1,1,4,1,00,2,1,000,000,1,0,1,4,1,34,0,1,2,14,0,1,0,201200001231H08,7,24,1
201200001231,2012-05-28,2012,mai,lundi,16:00,29,29044,48.21736,-4.16705,1,1,5,1,1,4,1,00,2,1,000,000,1,0,1,4,1,32,0,1,2,14,0,0,0,201200001231I09,7,24,1
201200001231,2012-05-28,2012,mai,lundi,16:00,29,29044,48.21736,-4.16705,1,1,5,1,1,4,1,00,2,1,000,000,1,0,1,4,1,51,0,1,2,14,0,1,1,201200001231C03,7,24,1
201200001231,2012-05-28,2012,mai,lundi,16:00,29,29044,48.21736,-4.16705,1,1,5,1,1,4,1,00,2,1,000,000,1,0,1,4,1,23,0,1,2,14,0,1,0,201200001231G07,7,24,1
201200001232,2012-08-18,2012,août,samedi,15:00,29,29026,48.19841,-4.08911,2,1,2,1,7,9,2,02,1,-1,000,080,1,0,1,3,1,18,5,1,2,00,2,4,2,201200001232B02,7,2,1
201200001251,2012-03-18,2012,mars,dimanche,81:5,29,29207,48.53786,-3.79717,2,6,3,1,1,3,2,00,1,-1,000,087,1,5,1,3,1,46,5,1,2,00,2,1,19,201200001251B02,7,19,1
201200001255,2012-06-28,2012,juin,jeudi,11:00,29,29188,48.68937,-3.78408,2,6,2,1,1,3,-1,02,-1,-1,000,068,1,5,1,3,1,72,5,1,2,00,2,4,2,201200001255B02,10,2,1
201200001279,2012-12-10,2012,décembre,lundi,81:5,29,29259,48.63394,-3.9824,1,1,3,2,1,3,2,02,1,1,000,060,1,0,1,2,2,58,1,1,4,00,2,8,2,201200001279B02,7,2,1
201200001288,2012-09-30,2012,septembre,dimanche,94:5,56,56067,0,0,1,1,2,1,7,3,2,02,1,1,000,061,1,0,1,3,1,47,5,1,2,00,2,4,1,201200001288B02,7,2,1
201200001292,2012-12-04,2012,décembre,mardi,18:45,56,56067,47.73501,-2.83565,1,1,1,3,1,3,2,02,1,1,000,078,1,0,1,2,1,39,5,1,4,00,0,1,2,201200001292A01,15,17,1
201200001336,2012-06-28,2012,juin,jeudi,16:00,56,56034,0,0,2,3,3,1,1,3,2,02,1,1,000,158,1,0,1,4,1,14,5,1,2,00,2,1,19,201200001336A01,7,1,1