Num_Acc,date,an,mois,jour,hrmn,dep,com,lat,long,agg,int,col,lum,atm,catr,circ,nbv,prof,plan,lartpc,larrout,surf,infra,situ,grav,sexe,age,trajet,secuexist,equipement,obs,obsm,choc,manv,vehiculeid,typevehicules,manoeuvehicules,numVehicules
201200001336,2012-06-28,2012,juin,jeudi,16:00,56,56034,0,0,2,3,3,1,1,3,2,02,1,1,000,158,1,0,1,4,1,14,0,1,9,00,2,1,19,201200001336A01,7,1,1
201200001337,2012-07-20,2012,juillet,vendredi,12:00,56,56168,0,0,1,1,3,1,1,3,2,02,1,1,000,066,1,0,1,4,1,15,5,1,2,00,0,7,19,201200001337A01,7,1,1
201200001347,2012-08-24,2012,août,vendredi,11:45,56,56089,47.95033,-3.22597,1,1,1,1,6,4,2,00,2,1,000,040,2,0,1,2,1,65,5,1,2,00,2,1,13,201200001347B02,17,1,1
201200001348,2012-08-26,2012,août,dimanche,94:5,56,56078,47.80523,-3.5036,1,1,3,1,1,4,2,00,1,1,000,050,1,0,1,3,1,50,5,1,2,00,0,1,1,201200001348B02,7,10,1
201200001351,2012-05-17,2012,mai,jeudi,15:00,56,56054,0,0,2,1,2,1,1,3,2,02,1,1,000,064,1,0,1,2,1,51,9,1,2,00,0,6,1,201200001351B02,15,1,1
201200001356,2012-08-06,2012,août,lundi,21:45,56,56118,0,0,1,1,5,2,1,3,3,02,1,1,010,060,1,0,1,3,1,47,5,1,4,00,2,4,1,201200001356B02,7,1,1
201200001356,2012-08-06,2012,août,lundi,21:45,56,56118,0,0,1,1,5,2,1,3,3,02,1,1,010,060,1,0,1,4,1,19,0,1,4,00,2,4,1,201200001356C03,7,1,1
201200001359,2012-08-21,2012,août,mardi,18:15,56,56130,0,0,1,6,3,1,1,3,-1,02,1,-1,060,060,1,5,1,3,1,21,5,1,2,00,2,2,1,201200001359B02,10,9,1
201200001378,2012-03-20,2012,mars,mardi,15:15,56,56070,0,0,1,1,1,1,1,3,2,00,1,1,000,060,1,0,1,3,1,62,5,1,2,00,2,3,2,201200001378B02,3,2,1
201200001406,2012-09-12,2012,septembre,mercredi,14:45,56,56178,48.07381,-2.96343,2,1,2,1,1,4,2,02,1,1,000,066,1,0,1,3,1,12,5,1,2,00,2,1,2,201200001406A01,7,23,1
201200001429,2012-08-17,2012,août,vendredi,10:15,14,14228,49.2946,-0.378,2,6,3,1,1,4,2,02,1,1,000,069,1,5,1,3,1,86,9,1,2,00,2,1,1,201200001429B02,7,9,1
201200001441,2012-05-12,2012,mai,samedi,17:30,14,14456,49.1195,-0.16599,2,1,2,1,1,3,2,02,1,1,000,058,1,0,1,4,1,73,5,1,1,00,2,4,1,201200001441B02,7,1,1
201200001521,2012-08-29,2012,août,mercredi,13:45,14,14478,49.017,0.4119,2,2,3,1,1,4,2,02,1,1,000,040,1,0,1,3,2,10,5,1,3,00,2,1,19,201200001521B02,10,1,1
201200001528,2012-08-21,2012,août,mardi,11:45,14,14302,49.2581,0.0862,1,3,3,1,1,3,2,02,1,1,000,076,1,0,1,3,2,71,5,1,2,00,2,8,15,201200001528A01,7,17,1
201200001544,2012-06-13,2012,juin,mercredi,17:00,14,14056,49.0235,-0.6323,2,1,1,1,1,3,2,02,1,1,000,000,1,0,1,3,1,68,5,1,8,00,2,1,1,201200001544D04,7,13,1
201200001590,2012-09-09,2012,septembre,dimanche,94:5,50,50493,48.8367,-1.47768,2,2,3,1,7,3,2,02,1,1,000,000,1,0,1,3,1,73,5,1,2,00,2,7,1,201200001590B01,7,19,1
201200001593,2012-12-04,2012,décembre,mardi,19:00,50,50247,48.8083,-1.402,1,3,2,3,3,3,2,02,1,1,000,070,2,0,1,4,1,18,5,1,4,00,0,4,15,201200001593A01,7,2,1
201200001605,2012-03-16,2012,mars,vendredi,18:15,50,50611,49.6693,-1.72106,1,1,1,1,1,3,2,02,2,1,000,000,1,0,1,4,1,49,5,1,2,00,2,8,1,201200001605B01,7,17,1
201200001608,2012-09-29,2012,septembre,samedi,18:15,50,50594,0,0,2,1,3,1,7,3,2,02,-1,2,000,037,1,0,1,3,1,7,5,1,1,00,2,7,2,201200001608B02,7,2,1
201200001645,2012-02-19,2012,février,dimanche,14:30,50,50215,49.0972,-1.5884,2,3,2,1,1,3,2,02,2,1,000,060,1,0,1,4,2,52,5,1,2,00,2,1,1,201200001645B01,7,16,1
201200001691,2012-01-05,2012,janvier,jeudi,73:8,01,01451,46.2147,5.2043,2,6,7,5,3,3,2,02,1,2,000,060,2,5,1,4,1,18,1,1,4,00,0,1,1,201200001691A01,,,
201200001707,2012-03-09,2012,mars,vendredi,11:05,01,01053,0,0,2,2,3,1,1,4,2,02,1,1,000,060,1,0,1,3,1,83,5,1,2,00,2,7,1,201200001707B01,7,1,1
201200001710,2012-03-16,2012,mars,vendredi,75:5,01,01053,0,0,2,1,3,1,1,4,2,02,2,1,000,090,1,0,1,3,1,10,2,1,9,00,2,7,19,201200001710B01,7,1,1
201200001721,2012-03-31,2012,mars,samedi,18:25,01,01053,0,0,2,1,6,1,1,4,2,02,1,1,000,114,1,0,5,3,1,64,5,1,2,01,0,1,1,201200001721B01,7,22,1
201200001721,2012-03-31,2012,mars,samedi,18:25,01,01053,0,0,2,1,6,1,1,4,2,02,1,1,000,114,1,0,5,4,2,63,5,1,2,01,0,1,1,201200001721C01,7,22,1
201200001728,2012-05-07,2012,mai,lundi,12:55,01,01053,0,0,2,1,1,1,1,4,1,01,1,1,000,030,1,0,5,4,2,20,1,1,2,00,2,1,1,201200001728B01,7,0,1
201200001736,2012-05-31,2012,mai,jeudi,13:15,01,01053,0,0,2,3,3,1,1,4,-1,02,1,1,000,060,1,0,1,4,1,12,2,1,9,00,2,3,1,201200001736B01,7,1,1
201200001740,2012-06-10,2012,juin,dimanche,10:45,01,01289,46.1649,5.22083,1,2,3,1,8,3,2,02,1,1,000,066,1,0,1,4,1,47,5,1,2,00,2,2,1,201200001740B01,7,9,1
201200001748,2012-07-11,2012,juillet,mercredi,16:20,01,01053,0,0,2,1,3,1,1,4,2,02,1,1,010,070,1,0,1,4,1,23,1,1,9,00,2,8,9,201200001748A01,10,1,1
201200001767,2012-09-25,2012,septembre,mardi,14:00,01,01053,0,0,2,1,3,1,1,4,2,00,2,1,000,000,-1,0,1,4,2,43,1,1,9,00,2,7,17,201200001767A01,7,13,1
201200001777,2012-10-06,2012,octobre,samedi,91:5,01,01344,0,0,2,3,3,1,1,2,-1,02,1,1,000,102,1,0,1,4,1,73,5,1,9,00,2,6,0,201200001777B01,7,9,1
201200001785,2012-10-23,2012,octobre,mardi,17:20,01,01451,0,0,1,6,6,1,1,3,2,02,1,1,000,000,1,5,0,4,1,22,1,1,4,00,2,1,1,201200001785B01,7,16,1
201200001788,2012-11-07,2012,novembre,mercredi,93:5,01,01053,0,0,2,3,3,1,1,4,1,01,1,1,000,037,1,0,1,4,2,21,2,1,9,00,2,3,1,201200001788B01,7,15,1
201200001824,2012-05-13,2012,mai,dimanche,19:15,61,61494,0,0,1,3,3,1,1,3,2,02,1,1,000,049,1,0,1,3,1,61,5,1,2,00,2,7,1,201200001824B02,1,15,1
201200001824,2012-05-13,2012,mai,dimanche,19:15,61,61494,0,0,1,3,3,1,1,3,2,02,1,1,000,049,1,0,1,1,1,53,5,1,2,00,2,1,15,201200001824A01,1,1,1
201200001877,2012-06-19,2012,juin,mardi,17:45,44,44172,47.253,-1.505,2,6,1,1,1,4,1,00,-1,-1,000,000,-1,5,0,3,2,75,0,1,1,00,2,6,1,201200001877B02,7,1,1
201200001912,2012-08-21,2012,août,mardi,11:30,44,44159,0,0,2,1,2,1,1,3,2,02,3,1,000,065,1,0,1,3,1,62,5,1,2,01,0,1,0,201200001912A01,14,24,1
201200001914,2012-10-05,2012,octobre,vendredi,18:45,44,44037,0,0,1,1,1,1,1,3,2,00,1,1,070,000,1,0,1,3,2,51,0,1,2,00,2,1,1,201200001914B02,7,1,1
201200001918,2012-02-20,2012,février,lundi,90:0,44,44213,0,0,1,1,2,1,7,3,2,02,1,2,000,070,1,0,1,3,1,72,5,1,1,00,2,8,1,201200001918A01,7,1,1
201200001970,2012-10-05,2012,octobre,vendredi,18:15,44,44073,47.42,-1.653,2,1,3,1,7,3,4,00,-1,1,000,060,1,5,1,3,1,44,5,1,1,00,2,8,1,201200001970B02,10,15,1
201200002028,2012-04-15,2012,avril,dimanche,11:45,44,44069,47.333,-2.43,2,6,3,1,1,4,2,00,-1,1,000,100,1,5,1,3,1,40,5,1,2,00,2,5,1,201200002028B02,7,1,1
201200002046,2012-08-24,2012,août,vendredi,10:30,44,44168,0,0,1,1,1,1,1,3,2,02,1,1,000,000,1,0,1,3,2,52,5,1,2,00,2,4,1,201200002046B02,7,17,1
201200002063,2012-09-28,2012,septembre,vendredi,14:30,44,44137,47.43,-2.064,1,1,1,1,1,3,2,00,1,1,000,062,1,0,3,3,1,63,5,1,1,00,2,8,15,201200002063B02,7,17,1
201200002146,2012-09-29,2012,septembre,samedi,11:00,49,49180,47.37188,-0.14579,1,1,2,1,1,3,2,00,1,1,000,056,1,0,1,3,1,76,5,1,2,00,2,8,1,201200002146B02,7,1,1
201200002185,2012-06-30,2012,juin,samedi,11:30,49,49080,47.68033,-0.48805,2,1,1,1,1,4,2,02,2,1,055,000,1,0,1,4,1,10,5,1,2,00,0,8,1,201200002185A01,7,1,1
201200002186,2012-08-23,2012,août,jeudi,83:0,49,49105,47.7101,-0.50366,1,1,2,1,7,3,2,02,1,1,000,053,1,0,1,3,1,51,1,1,1,00,2,4,1,201200002186B02,2,1,1
201200002188,2012-10-04,2012,octobre,jeudi,15:45,49,49337,47.56497,-0.41934,1,1,2,1,1,3,2,02,1,1,000,000,1,0,1,4,1,56,5,1,4,00,0,6,2,201200002188B02,7,17,1
201200002199,2012-09-20,2012,septembre,jeudi,90:0,53,53097,48.15609,-0.38387,2,6,1,1,7,3,4,00,1,-1,000,000,1,5,1,3,2,65,5,1,2,00,2,3,9,201200002199A01,7,9,1
201200002201,2012-02-07,2012,février,mardi,17:30,53,53014,47.82523,-0.68762,2,6,3,1,1,2,3,02,1,3,045,090,1,5,1,2,2,16,2,1,2,00,2,4,1,201200002201B02,15,16,1
201200002253,2012-06-14,2012,juin,jeudi,16:30,72,72147,48.127,0.198,1,1,5,1,1,3,2,02,1,1,055,000,1,0,1,4,1,63,5,1,2,00,0,0,1,201200002253C03,1,1,3
201200002253,2012-06-14,2012,juin,jeudi,16:30,72,72147,48.127,0.198,1,1,5,1,1,3,2,02,1,1,055,000,1,0,1,3,1,75,5,1,2,00,0,0,1,201200002253D04,1,1,3
201200002253,2012-06-14,2012,juin,jeudi,16:30,72,72147,48.127,0.198,1,1,5,1,1,3,2,02,1,1,055,000,1,0,1,4,1,62,5,1,2,00,0,0,1,201200002253B02,1,1,3
201200002253,2012-06-14,2012,juin,jeudi,16:30,72,72147,48.127,0.198,1,1,5,1,1,3,2,02,1,1,055,000,1,0,1,4,1,63,5,1,2,00,0,8,1,201200002253A01,1,1,3
201200002272,2012-09-26,2012,septembre,mercredi,17:30,72,72075,47.925,-0.023,1,1,3,1,8,3,2,02,1,1,000,062,1,0,1,2,1,45,5,1,4,00,2,8,15,201200002272B02,7,1,1
201200002288,2012-05-11,2012,mai,vendredi,17:45,72,72226,47.812,0.107,1,1,1,1,1,3,2,01,1,1,000,050,1,0,1,4,1,14,5,1,4,00,2,8,19,201200002288B02,33,21,1
201200002305,2012-08-31,2012,août,vendredi,18:00,72,72264,47.87,-0.376,1,1,3,1,1,3,2,00,1,1,000,000,1,0,0,3,1,14,5,1,1,00,2,1,15,201200002305B02,7,1,1
201200002329,2012-05-31,2012,mai,jeudi,11:30,72,72067,0,0,1,1,3,1,1,3,2,00,-1,2,000,000,1,0,1,3,1,52,4,1,2,00,2,8,1,201200002329B02,7,19,1
201200002334,2012-06-01,2012,juin,vendredi,20:30,85,85036,0,0,2,3,3,3,1,3,-1,00,2,3,000,060,1,0,1,3,1,13,5,1,9,00,2,8,19,201200002334A01,7,1,1
201200002346,2012-06-22,2012,juin,vendredi,10:15,85,85034,0,0,1,1,3,1,1,3,2,02,1,1,000,070,1,0,1,3,1,86,5,1,9,00,2,3,1,201200002346A01,7,1,1
201200002372,2012-10-07,2012,octobre,dimanche,10:15,85,85082,0,0,1,1,4,1,8,3,3,03,2,3,000,121,2,3,1,3,1,40,5,1,2,00,2,8,1,201200002372B02,7,1,1
201200002372,2012-10-07,2012,octobre,dimanche,10:15,85,85082,0,0,1,1,4,1,8,3,3,03,2,3,000,121,2,3,1,4,1,29,5,1,2,00,2,4,1,201200002372D04,7,1,1
201200002372,2012-10-07,2012,octobre,dimanche,10:15,85,85082,0,0,1,1,4,1,8,3,3,03,2,3,000,121,2,3,1,4,1,29,5,1,2,00,2,4,1,201200002372C03,7,1,1
201200002404,2012-10-05,2012,octobre,vendredi,20:15,85,85178,0,0,1,1,3,3,1,3,2,02,2,1,000,060,1,0,1,3,1,68,5,1,4,00,2,3,13,201200002404A01,10,1,1
201200002413,2012-09-14,2012,septembre,vendredi,12:00,85,85092,0,0,2,6,1,1,1,3,3,00,-1,1,000,000,1,0,5,3,1,65,5,1,9,00,2,4,1,201200002413A01,3,1,1
201200002417,2012-03-06,2012,mars,mardi,12:15,85,85128,46.46335,-1.16921,1,1,1,1,1,4,-1,00,1,-1,060,000,1,0,0,3,2,72,0,1,9,00,2,1,0,201200002417B02,7,0,1
201200002433,2012-03-28,2012,mars,mercredi,11:45,85,85031,46.81116,-0.94019,1,1,3,1,1,4,2,01,1,1,000,047,1,0,1,3,1,7,5,1,9,00,2,1,1,201200002433B02,7,1,1
201200002467,2012-08-15,2012,août,mercredi,11:15,85,85047,0,0,2,6,1,1,1,3,-1,02,-1,1,000,070,1,5,1,3,2,66,3,1,9,00,0,0,1,201200002467B02,7,9,1
201200002473,2012-12-11,2012,décembre,mardi,15:45,85,85047,0,0,2,6,6,1,1,3,-1,01,-1,-1,000,000,-1,0,0,3,1,75,5,1,2,00,2,1,0,201200002473B02,7,16,1
201200002478,2012-03-18,2012,mars,dimanche,93:0,85,85161,0,0,1,1,2,1,3,3,2,02,1,1,000,062,2,0,1,3,1,57,5,1,2,00,2,4,2,201200002478B02,7,17,1
201200002479,2012-04-16,2012,avril,lundi,18:00,85,85118,46.65145,-1.55517,2,1,3,1,1,4,2,00,1,1,000,045,1,0,1,3,1,7,5,1,9,00,2,1,1,201200002479B02,7,1,1
201200002489,2012-02-11,2012,février,samedi,20:45,85,85222,46.69593,-1.89727,1,1,1,3,1,4,2,00,1,1,000,060,1,0,1,2,1,41,5,1,4,00,2,1,13,201200002489A01,7,1,1
201200002496,2012-08-22,2012,août,mercredi,91:5,85,85243,0,0,2,1,1,1,1,3,-1,00,1,1,000,060,1,0,1,3,1,47,5,1,2,00,2,1,0,201200002496B02,7,11,1
201200002499,2012-11-01,2012,novembre,jeudi,11:45,85,85239,0,0,1,1,1,1,3,3,2,02,1,-1,000,000,2,0,1,3,2,57,5,1,9,00,2,1,1,201200002499B02,7,13,1
201200002518,2012-09-16,2012,septembre,dimanche,11:45,85,85234,0,0,1,3,1,1,1,3,-1,02,1,1,000,054,1,5,0,4,1,65,5,1,9,00,2,7,1,201200002518A01,7,15,1
201200002526,2012-02-10,2012,février,vendredi,63:0,85,85156,46.49395,-1.42945,2,1,2,3,9,4,2,02,1,1,000,000,7,0,1,3,2,46,1,1,9,00,0,5,13,201200002526B02,7,1,1
201200002533,2012-07-21,2012,juillet,samedi,83:0,85,85288,0,0,1,6,3,1,7,3,1,01,1,2,000,045,1,5,1,3,1,67,5,1,2,00,2,7,1,201200002533B02,7,9,1
201200002535,2012-07-31,2012,juillet,mardi,14:45,85,85294,46.34458,-1.40722,2,9,1,1,1,4,-1,00,-1,1,040,000,1,0,1,3,1,9,5,1,2,00,2,1,19,201200002535B02,7,1,1
201200002536,2012-08-03,2012,août,vendredi,17:30,85,85288,46.46338,-1.63565,2,1,2,1,1,4,2,02,2,2,000,054,1,0,1,4,1,52,5,1,2,00,2,4,1,201200002536B02,7,17,1
201200002549,2012-07-02,2012,juillet,lundi,19:00,33,33051,0,0,2,6,1,1,1,3,2,02,1,3,065,140,1,5,1,3,1,55,0,1,2,00,2,1,1,201200002549B02,7,16,1
201200002577,2012-02-28,2012,février,mardi,18:15,33,33273,0,0,1,1,3,1,1,3,2,00,1,1,000,000,1,0,1,3,1,52,0,1,2,00,2,8,1,201200002577B02,14,17,1
201200002590,2012-06-20,2012,juin,mercredi,12:45,33,33376,0,0,2,1,5,1,1,3,2,02,1,3,000,055,1,0,1,3,1,59,5,1,2,00,0,4,1,201200002590B02,7,2,1
201200002590,2012-06-20,2012,juin,mercredi,12:45,33,33376,0,0,2,1,5,1,1,3,2,02,1,3,000,055,1,0,1,3,1,60,5,1,2,00,0,4,1,201200002590C03,7,2,1
201200002590,2012-06-20,2012,juin,mercredi,12:45,33,33376,0,0,2,1,5,1,1,3,2,02,1,3,000,055,1,0,1,3,1,60,5,1,2,00,0,4,0,201200002590D04,7,2,1
201200002593,2012-09-09,2012,septembre,dimanche,12:45,33,33449,0,0,2,1,3,1,1,9,2,02,1,1,000,023,1,5,5,3,2,63,5,1,2,00,2,1,1,201200002593B02,7,20,1
201200002604,2012-08-01,2012,août,mercredi,17:45,33,33067,45.049,-0.556,2,1,2,1,1,3,2,00,1,1,000,051,1,0,1,3,1,12,5,1,8,00,2,4,13,201200002604B02,7,17,1
201200002609,2012-05-07,2012,mai,lundi,17:30,33,33382,45.166,-0.484,1,9,2,1,1,3,2,01,1,1,080,000,1,0,1,2,1,61,1,1,2,00,0,1,17,201200002609A01,3,15,1
201200002622,2012-06-17,2012,juin,dimanche,90:0,33,33433,44.913,-0.441,2,1,3,1,1,4,2,02,1,1,000,060,1,0,1,3,1,74,5,1,2,00,2,1,1,201200002622B02,7,15,1
201200002642,2012-04-27,2012,avril,vendredi,14:45,33,33363,0,0,1,1,1,1,1,4,2,00,1,1,000,059,1,0,1,3,1,87,5,1,1,00,2,1,16,201200002642A01,7,2,1
201200002666,2012-10-31,2012,octobre,mercredi,17:15,33,33080,0,0,1,6,2,1,1,3,2,02,-1,-1,000,050,1,5,1,4,1,50,1,1,4,00,2,4,1,201200002666B02,7,2,1
201200002697,2012-08-19,2012,août,dimanche,91:5,33,33036,44.441,-0.221,2,1,2,1,1,3,2,02,1,1,000,075,1,0,1,3,1,82,5,1,1,00,2,4,1,201200002697B02,7,1,1
201200002756,2012-05-09,2012,mai,mercredi,15:15,33,33243,44.921,-0.22,2,1,2,1,1,3,2,02,1,1,000,070,1,0,1,3,1,53,5,1,1,00,0,6,1,201200002756A01,7,2,1
201200002774,2012-09-20,2012,septembre,jeudi,14:30,33,33298,44.852,-0.221,2,1,6,1,1,3,2,02,1,1,000,069,1,0,1,3,1,74,5,1,2,00,5,1,1,201200002774A01,,,
201200002800,2012-01-13,2012,janvier,vendredi,11:45,33,33402,44.845,0.222,2,1,2,1,1,4,1,00,-1,1,000,025,1,0,1,3,2,62,0,1,2,00,2,4,2,201200002800B02,10,2,1
201200002806,2012-04-08,2012,avril,dimanche,10:30,33,33407,0,0,1,1,3,1,1,4,2,02,2,1,000,038,1,0,1,2,1,53,5,1,2,00,2,1,1,201200002806B02,7,1,1
201200002868,2012-06-17,2012,juin,dimanche,15:45,24,24516,0,0,1,1,3,1,1,3,2,00,1,1,000,000,1,0,1,2,1,87,5,1,2,00,2,1,11,201200002868A01,10,1,1
201200002886,2012-07-04,2012,juillet,mercredi,16:45,24,24172,44.921,1.02499,1,1,5,1,2,4,2,01,4,3,000,030,2,0,1,3,2,12,5,1,8,00,2,1,1,201200002886C03,7,1,1
201200002886,2012-07-04,2012,juillet,mercredi,16:45,24,24172,44.921,1.02499,1,1,5,1,2,4,2,01,4,3,000,030,2,0,1,1,2,9,5,1,8,00,2,1,1,201200002886B02,7,1,1
201200002917,2012-02-20,2012,février,lundi,10:20,40,40235,43.75572,-0.81521,2,2,3,1,1,3,1,01,1,3,040,040,1,0,1,3,1,54,5,1,9,00,2,8,19,201200002917A01,7,1,1
201200002935,2012-04-29,2012,avril,dimanche,11:15,40,40264,43.59237,-1.23396,1,1,7,1,1,3,2,00,-1,1,000,000,1,0,1,2,1,71,5,1,2,12,0,1,1,201200002935A01,,,
201200002953,2012-11-20,2012,novembre,mardi,14:30,40,40304,43.65753,-1.4437,2,1,3,1,1,4,2,02,-1,1,000,000,1,0,1,3,1,69,5,1,2,00,2,8,1,201200002953B02,7,16,1
201200002960,2012-11-23,2012,novembre,vendredi,16:30,40,40312,43.54762,-1.48825,2,1,3,1,1,3,2,00,1,1,000,056,1,0,1,3,1,84,5,1,2,00,2,6,1,201200002960A01,7,16,1
201200002962,2012-12-15,2012,décembre,samedi,11:45,40,40312,43.5376,-1.45829,2,1,3,1,1,3,2,00,1,1,000,059,2,0,5,3,2,69,9,1,2,00,2,1,1,201200002962B02,7,16,1
201200002969,2012-01-23,2012,janvier,lundi,15:15,40,40303,44.1139,-0.93662,1,1,5,1,1,3,2,02,1,1,000,051,1,0,1,3,1,65,5,1,2,00,2,4,1,201200002969B02,21,17,1
201200002969,2012-01-23,2012,janvier,lundi,15:15,40,40303,44.1139,-0.93662,1,1,5,1,1,3,2,02,1,1,000,051,1,0,1,1,1,66,5,1,2,00,2,6,2,201200002969C03,21,17,1
201200002980,2012-08-16,2012,août,jeudi,10:45,40,40246,44.17534,-0.74603,1,1,1,1,1,3,2,02,1,1,000,060,1,0,1,4,1,52,5,1,4,00,2,8,1,201200002980B02,7,17,1
201200003025,2012-05-02,2012,mai,mercredi,15:15,47,47091,0,0,1,1,5,1,1,3,2,02,-1,1,000,000,1,0,1,1,1,15,5,1,8,00,0,0,2,201200003025A01,7,1/6,2
201200003033,2012-07-11,2012,juillet,mercredi,17:30,47,47209,44.2265,0.68609,1,1,3,1,1,4,-1,02,2,3,000,045,1,0,1,3,2,15,5,1,2,00,2,8,13,201200003033B02,10,17,1
201200003050,2012-06-12,2012,juin,mardi,18:15,47,47300,44.2103,0.50224,1,1,2,1,1,3,2,02,1,1,000,073,1,0,1,2,1,48,5,1,1,00,2,4,1,201200003050B02,10,14,1
201200003059,2012-08-16,2012,août,jeudi,10:15,47,47062,44.2635,0.8258,1,2,3,1,1,3,2,02,-1,1,000,060,1,0,1,3,1,46,5,1,2,00,2,1,1,201200003059B02,7,19,1
201200003066,2012-05-03,2012,mai,jeudi,10:45,47,47157,44.4912,0.14018,1,1,2,1,1,3,2,02,1,1,058,000,1,0,1,2,1,74,5,1,2,00,2,4,1,201200003066B02,10,17,1
201200003097,2012-11-30,2012,novembre,vendredi,11:00,47,47052,44.3125,0.0919,2,1,3,1,7,3,2,02,1,1,000,104,1,0,1,3,1,91,5,1,1,00,0,8,1,201200003097B02,7,15,1
201200003105,2012-07-08,2012,juillet,dimanche,19:30,47,47146,44.4217,0.65671,1,1,1,1,1,4,2,02,1,1,000,061,1,0,1,4,1,8,5,1,1,00,2,1,19,201200003105B02,7,1,1
201200003113,2012-02-21,2012,février,mardi,17:45,47,47312,44.3985,0.96103,1,1,3,1,1,3,2,02,3,1,000,060,1,0,1,4,1,48,5,1,2,00,2,8,1,201200003113B02,7,17,1
201200003116,2012-08-18,2012,août,samedi,80:0,47,47106,44.4901,1,1,1,1,1,1,4,2,01,-1,2,070,070,1,0,1,3,2,52,0,1,3,00,0,4,1,201200003116B02,7,1,1
201200003146,2012-06-16,2012,juin,samedi,15:45,64,64103,43.336,-0.1,2,3,3,1,1,3,-1,02,1,1,000,060,1,0,1,4,1,74,5,1,9,00,2,1,1,201200003146A01,21,16,1
201200003150,2012-07-27,2012,juillet,vendredi,17:00,64,64238,0,0,1,1,2,1,8,3,2,03,2,1,000,120,1,0,1,3,1,62,0,1,2,00,2,4,1,201200003150B02,7,1,1
201200003184,2012-05-27,2012,mai,dimanche,11:30,64,64065,0,0,1,1,7,1,1,3,2,02,-1,1,000,093,9,0,3,3,1,72,5,1,2,00,0,7,1,201200003184A01,,,
201200003187,2012-07-21,2012,juillet,samedi,11:15,64,64495,0,0,1,1,1,1,1,3,2,02,-1,4,000,060,1,0,1,2,2,67,5,1,2,00,2,1,1,201200003187B02,7,17,1
201200003191,2012-09-14,2012,septembre,vendredi,13:00,64,64495,0,0,1,6,6,1,1,3,2,02,1,1,000,129,1,5,1,3,1,67,5,1,4,00,9,1,2,201200003191A01,,,
201200003192,2012-09-16,2012,septembre,dimanche,11:00,64,64495,0,0,1,3,3,1,1,3,2,02,1,1,000,100,1,5,1,4,1,55,5,1,2,00,2,1,1,201200003192A01,7,15,1
201200003212,2012-05-30,2012,mai,mercredi,11:30,64,64371,43.223,-0.892,2,6,1,1,1,3,1,01,1,2,000,084,1,5,1,2,2,79,3,1,4,00,2,7,1,201200003212B02,7,9,1
201200003214,2012-08-26,2012,août,dimanche,17:45,64,64081,0,0,1,1,7,1,1,3,2,02,2,1,000,047,1,0,1,2,1,44,5,1,2,00,9,0,0,201200003214A01,,,
201200003230,2012-03-14,2012,mars,mercredi,18:45,64,64422,0,0,2,1,3,1,1,4,2,02,1,1,000,062,1,5,1,3,1,16,5,1,4,00,2,1,19,201200003230B02,7,1,1
201200003262,2012-10-21,2012,octobre,dimanche,93:0,86,86235,0,0,2,6,1,1,8,3,-1,00,-1,-1,000,000,2,0,1,4,1,67,5,1,2,00,2,2,16,201200003262B02,7,9,1
201200003273,2012-06-13,2012,juin,mercredi,18:45,86,86039,0,0,2,1,3,1,1,3,2,02,1,1,000,048,1,0,1,3,2,15,5,1,2,00,2,1,19,201200003273A01,7,1,1
201200003273,2012-06-13,2012,juin,mercredi,18:45,86,86039,0,0,2,1,3,1,1,3,2,02,1,1,000,048,1,0,1,4,2,12,0,1,2,00,2,1,19,201200003273A01,7,1,1
201200003318,2012-04-05,2012,avril,jeudi,17:30,86,86234,46.208,0.534,1,1,2,1,1,3,2,02,1,1,000,060,1,0,1,2,1,67,5,1,1,00,0,4,1,201200003318B02,7,1,1
201200003360,2012-10-02,2012,octobre,mardi,17:00,16,16331,45.34928,0.01829,1,1,6,1,1,3,2,02,1,1,000,048,1,0,3,2,1,84,5,1,2,00,2,4,13,201200003360B02,7,17,1
201200003385,2012-09-19,2012,septembre,mercredi,14:30,16,16210,45.74071,0.07691,2,3,3,1,1,3,2,02,1,1,000,048,1,0,1,3,1,10,5,1,2,00,2,1,15,201200003385A01,7,1,1
201200003407,2012-02-16,2012,février,jeudi,15:00,17,17051,46.197,-1.402,2,2,1,1,1,4,2,00,1,1,000,000,1,0,1,3,1,59,5,1,2,00,2,1,19,201200003407B02,7,1,1
201200003414,2012-06-28,2012,juin,jeudi,13:00,17,17121,46.2,-1.433,2,1,1,1,1,4,2,02,1,1,000,045,1,0,3,3,2,61,5,1,2,00,2,1,1,201200003414B02,7,13,1
201200003416,2012-08-20,2012,août,lundi,12:30,17,17161,46.184,-1.333,1,1,3,1,1,3,2,02,1,1,000,000,1,0,1,3,2,63,5,1,2,00,0,1,15,201200003416B02,7,1,1
201200003418,2012-12-26,2012,décembre,mercredi,15:45,17,17051,46.178,-1.365,1,1,6,1,1,9,2,02,1,1,000,045,1,5,1,3,1,79,5,1,2,00,2,1,1,201200003418B02,7,1,1
201200003419,2012-08-07,2012,août,mardi,13:00,17,17197,0,0,1,1,3,1,1,3,2,02,1,1,000,064,1,0,1,3,2,37,5,1,2,00,2,8,2,201200003419B02,7,17,1
201200003427,2012-08-19,2012,août,dimanche,94:5,17,17250,45.526,-0.542,1,1,1,1,1,3,2,02,1,3,000,048,1,0,3,3,2,50,5,1,2,00,2,7,1,201200003427A01,33,1,1
201200003434,2012-11-27,2012,novembre,mardi,16:15,17,17074,0,0,1,1,2,1,1,3,2,02,1,1,000,074,2,0,1,2,1,70,5,1,1,00,0,4,2,201200003434B02,20,2,1