Num_Acc,date,an,mois,jour,hrmn,dep,com,lat,long,agg,int,col,lum,atm,catr,circ,nbv,prof,plan,lartpc,larrout,surf,infra,situ,grav,sexe,age,trajet,secuexist,equipement,obs,obsm,choc,manv,vehiculeid,typevehicules,manoeuvehicules,numVehicules
201200003472,2012-11-21,2012,novembre,mercredi,19:45,17,17140,0,0,1,1,2,3,1,3,2,02,1,1,000,068,1,0,1,2,1,20,5,1,4,00,2,4,2,201200003472B02,7,2,1
201200003497,2012-06-01,2012,juin,vendredi,16:15,17,17166,0,0,2,7,3,1,1,3,2,02,1,1,078,000,1,0,1,3,1,16,5,1,2,00,2,1,19,201200003497B02,7,13,1
201200003541,2012-11-24,2012,novembre,samedi,17:15,17,17307,0,0,1,2,1,1,1,3,2,02,1,1,000,069,1,5,1,3,1,73,5,1,2,00,2,8,16,201200003541B02,7,1,1
201200003545,2012-04-21,2012,avril,samedi,22:00,17,17165,0,0,1,1,4,1,1,3,2,00,2,3,000,000,1,0,1,2,1,13,5,1,1,00,0,4,1,201200003545B02,7,1,1
201200003545,2012-04-21,2012,avril,samedi,22:00,17,17165,0,0,1,1,4,1,1,3,2,00,2,3,000,000,1,0,1,2,2,44,5,1,1,00,0,4,1,201200003545C03,7,1,1
201200003569,2012-07-27,2012,juillet,vendredi,20:00,17,17224,45.868,-0.296,1,1,1,1,1,3,2,00,1,1,000,060,1,0,1,3,1,55,5,1,2,00,2,4,1,201200003569B02,10,1,1
201200003615,2012-08-31,2012,août,vendredi,14:30,79,79353,0,0,2,3,3,1,1,4,-1,00,-1,1,,046,1,0,1,3,1,12,5,1,9,00,2,8,19,201200003615B02,7,1,1
201200003647,2012-11-20,2012,novembre,mardi,10:45,79,79001,0,0,2,3,1,1,7,3,2,02,2,2,000,068,1,5,1,3,1,53,5,1,2,00,2,1,1,201200003647B02,7,15,1
201200003673,2012-12-24,2012,décembre,lundi,12:15,87,87017,0,0,1,1,2,1,1,3,2,02,3,1,000,055,1,0,3,2,1,43,5,1,4,00,2,4,2,201200003673B02,10,2,1
201200003757,2012-06-14,2012,juin,jeudi,17:45,23,23235,0,0,1,1,3,1,1,3,2,02,1,1,000,057,1,0,0,3,1,14,0,1,1,00,0,1,1,201200003757B02,7,1,1
201200003776,2012-03-27,2012,mars,mardi,17:30,31,31184,0,0,1,2,1,1,1,3,2,02,1,1,000,053,1,0,1,4,1,22,5,1,1,00,2,1,1,201200003776A01,7,19,1
201200003783,2012-09-09,2012,septembre,dimanche,10:00,31,31044,0,0,2,1,1,1,1,3,2,02,2,1,051,000,1,0,3,3,1,53,5,1,2,13,2,3,1,201200003783B02,7,13,1
201200003787,2012-03-03,2012,mars,samedi,19:15,31,31048,43.4613,1.59817,1,1,3,3,1,3,2,02,1,1,000,063,1,0,3,2,1,23,1,1,4,00,0,8,1,201200003787B02,10,1,1
201200003792,2012-06-28,2012,juin,jeudi,18:15,31,31035,0,0,2,9,1,1,1,3,3,00,3,4,025,117,1,0,1,3,1,56,1,1,2,00,2,1,19,201200003792B02,7,1,1
201200003795,2012-11-10,2012,novembre,samedi,11:15,31,31058,0,0,1,3,3,1,1,3,2,00,1,1,000,050,2,0,1,3,1,28,5,1,2,00,2,8,19,201200003795B02,7,1,1
201200003800,2012-05-24,2012,mai,jeudi,15:15,31,31584,0,0,1,1,3,1,1,3,2,02,1,1,000,000,1,0,1,3,1,55,5,1,2,00,2,3,1,201200003800B02,7,17,1
201200003808,2012-10-31,2012,octobre,mercredi,17:00,31,31118,0,0,1,1,3,1,7,3,2,02,1,1,001,035,1,0,1,3,1,58,5,1,2,00,2,8,2,201200003808B02,10,2,1
201200003832,2012-12-30,2012,décembre,dimanche,93:0,31,31232,43.7549,1.34801,1,1,2,1,7,3,2,02,1,1,000,062,1,0,1,3,1,58,5,1,4,00,0,4,1,201200003832B02,7,2,1
201200003865,2012-06-26,2012,juin,mardi,93:0,31,31396,0,0,1,3,3,1,1,3,2,02,1,1,000,060,1,0,1,4,1,60,5,1,2,00,2,7,1,201200003865A01,7,15,1
201200003879,2012-06-19,2012,juin,mardi,11:45,31,31375,43.20643,1.22842,2,1,3,1,1,3,2,02,1,1,000,056,1,0,1,4,1,80,5,1,2,00,2,7,1,201200003879A01,7,1,1
201200003882,2012-04-03,2012,avril,mardi,18:15,31,31084,43.174,0.96634,2,1,3,1,2,3,2,02,1,1,000,091,2,0,1,3,1,45,1,1,1,00,2,8,1,201200003882B02,7,13,1
201200003931,2012-09-11,2012,septembre,mardi,14:00,31,31081,42.8579,0.50288,1,1,6,1,1,3,2,01,-1,1,000,026,1,0,1,3,1,56,5,1,2,00,5,1,1,201200003931A01,,,
201200003956,2012-10-03,2012,octobre,mercredi,18:30,31,31451,0,0,2,1,3,1,1,3,2,00,1,1,000,065,1,6,5,3,1,51,5,1,2,01,0,1,1,201200003956B02,32,23,1
201200003959,2012-01-25,2012,janvier,mercredi,14:15,09,09181,43.07945,1.3606,2,7,3,1,1,6,-1,00,1,1,000,040,1,0,1,3,1,5,5,1,2,00,2,2,19,201200003959B02,7,1,1
201200003969,2012-05-10,2012,mai,jeudi,70:0,09,09249,49.94124,1.73912,1,1,7,2,1,3,2,02,2,1,000,035,1,0,1,3,1,44,1,1,2,00,0,1,1,201200003969A01,,,
201200003994,2012-11-08,2012,novembre,jeudi,15:15,09,09261,0,0,1,1,2,1,1,3,2,02,1,1,000,070,1,0,1,3,1,63,5,1,2,00,2,4,1,201200003994B02,7,14,1
201200004062,2012-03-28,2012,mars,mercredi,16:30,12,12208,0,0,1,1,1,1,1,3,2,00,-1,1,000,076,1,0,1,3,1,79,5,1,2,00,2,1,1,201200004062B02,7,17,1
201200004069,2012-01-16,2012,janvier,lundi,17:30,12,12136,0,0,1,1,2,1,1,3,-1,00,3,3,070,000,1,0,1,3,1,64,5,1,2,00,0,4,11,201200004069B02,10,2,1
201200004076,2012-06-07,2012,juin,jeudi,18:45,12,12285,0,0,1,1,3,1,1,3,2,01,2,1,000,040,1,0,1,3,1,14,5,1,1,00,2,7,19,201200004076B02,7,1,1
201200004128,2012-08-11,2012,août,samedi,94:5,32,32462,43.739,0.35698,1,1,1,1,1,2,2,02,1,1,000,060,1,0,1,3,2,51,5,1,2,00,0,8,1,201200004128B02,7,9,1
201200004178,2012-07-08,2012,juillet,dimanche,19:00,32,32132,43.8511,0.64093,1,1,6,1,1,4,2,02,1,1,000,026,1,0,1,3,2,5,5,1,8,00,2,8,19,201200004178B02,7,1,1
201200004185,2012-10-08,2012,octobre,lundi,19:00,32,32132,43.8219,0.65278,1,2,7,1,1,2,2,02,1,1,000,072,1,0,3,4,1,49,5,1,2,13,0,1,21,201200004185B02,7,15,1
201200004201,2012-03-16,2012,mars,vendredi,12:15,32,32175,43.5377,0.05201,1,1,6,1,1,4,2,02,2,3,043,059,1,0,3,2,2,69,5,1,2,06,0,1,1,201200004201A01,,,
201200004239,2012-12-20,2012,décembre,jeudi,18:15,46,46182,44.47757,1.28405,2,1,2,5,2,3,2,02,1,1,000,065,2,0,1,3,1,46,5,1,2,00,0,4,1,201200004239B02,7,1,1
201200004257,2012-05-03,2012,mai,jeudi,15:30,46,46011,44.87669,1.82573,1,1,7,1,1,3,2,02,2,1,000,047,9,0,1,3,1,68,5,1,8,14,0,0,1,201200004257A01,,,
201200004289,2012-11-20,2012,novembre,mardi,12:30,65,65062,43.20471,0.12175,2,2,1,1,1,3,2,02,1,1,000,063,1,5,1,4,1,62,5,1,2,00,2,1,1,201200004289A01,7,1,1
201200004290,2012-12-12,2012,décembre,mercredi,17:45,65,65235,43.20478,0.0403,2,1,3,2,1,3,2,03,1,1,000,091,1,0,1,3,2,58,1,1,2,00,2,1,1,201200004290B02,7,15,1
201200004292,2012-06-09,2012,juin,samedi,15:30,65,65128,43.18687,0.3453,1,1,1,1,1,3,2,02,2,2,000,036,1,0,1,3,1,46,5,1,2,00,2,1,13,201200004292A01,14,1,1
201200004310,2012-06-14,2012,juin,jeudi,17:45,65,65450,42.79797,0.28794,1,1,1,1,1,3,2,02,-1,3,074,000,1,5,1,3,1,33,1,1,2,00,2,1,1,201200004310A01,10,15,1
201200004327,2012-08-16,2012,août,jeudi,94:5,81,81105,43.775,1.984,2,6,1,1,5,3,2,01,1,1,000,074,1,5,1,3,1,47,5,1,2,00,2,1,21,201200004327B02,7,9,1
201200004382,2012-10-04,2012,octobre,jeudi,75:0,02,02408,49.56942,3.64219,2,3,3,1,3,4,1,01,1,1,000,060,2,0,1,3,1,21,1,1,2,00,2,1,1,201200004382B01,7,15,1
201200004384,2012-10-23,2012,octobre,mardi,18:00,02,02408,49.55346,3.62612,2,3,3,1,1,4,2,02,1,1,000,060,1,0,1,4,1,49,5,1,9,00,2,3,5,201200004384A01,7,2,1
201200004409,2012-03-16,2012,mars,vendredi,16:45,82,82039,0,0,1,1,2,1,1,3,2,02,-1,1,000,059,1,0,1,3,1,83,5,1,2,00,2,4,1,201200004409B02,7,1,1
201200004420,2012-10-16,2012,octobre,mardi,15:45,82,82037,0,0,2,1,3,1,2,4,2,02,1,1,000,080,2,0,1,3,2,68,3,1,2,00,2,8,19,201200004420B02,7,1,1
201200004426,2012-05-25,2012,mai,vendredi,21:00,82,82161,0,0,1,1,7,1,1,4,2,02,-1,1,000,055,9,0,1,3,1,51,5,1,2,00,0,1,1,201200004426A01,,,
201200004456,2012-09-04,2012,septembre,mardi,11:45,82,82044,0,0,1,1,3,1,1,3,2,00,1,1,000,065,1,0,1,2,1,88,5,1,9,00,0,3,15,201200004456B02,7,1,1
201200004550,2012-04-17,2012,avril,mardi,14:45,69,69289,45.667,5.002,1,1,1,1,1,3,3,00,-1,1,054,057,1,0,1,2,1,71,3,1,2,00,2,8,18,201200004550B02,15,2,1
201200004563,2012-03-22,2012,mars,jeudi,17:45,69,69273,0,0,2,1,1,1,1,4,2,00,1,1,000,000,1,0,5,3,2,55,5,1,1,00,2,2,1,201200004563B02,7,15,1
201200004590,2012-09-07,2012,septembre,vendredi,18:30,69,69227,0,0,2,1,1,1,1,9,2,02,1,1,000,048,1,0,1,3,1,13,5,1,2,00,2,1,15,201200004590A01,7,1,1
201200004610,2012-01-13,2012,janvier,vendredi,13:15,69,69176,0,0,1,1,3,1,1,4,-1,02,1,1,000,058,1,0,1,3,1,73,5,1,2,00,2,8,10,201200004610B02,7,13,1
201200004619,2012-07-07,2012,juillet,samedi,12:30,69,69170,0,0,2,1,3,1,1,3,2,00,2,1,000,070,1,0,1,3,2,51,5,1,2,00,2,1,1,201200004619B02,7,15,1
201200004627,2012-10-27,2012,octobre,samedi,17:00,69,69136,0,0,2,1,1,1,1,3,3,00,2,1,071,071,1,0,1,3,1,12,5,1,2,00,2,1,6,201200004627A01,10,1,1
201200004635,2012-06-05,2012,juin,mardi,18:00,69,69215,46.017,4.639,1,4,3,1,1,4,2,02,1,1,000,029,1,0,1,3,2,46,5,1,2,00,2,1,1,201200004635A01,10,1,1
201200004643,2012-08-20,2012,août,lundi,16:15,69,69009,0,0,1,2,1,1,1,3,2,02,2,1,000,072,1,0,1,2,1,59,1,1,2,00,2,4,15,201200004643B02,7,13,1
201200004658,2012-06-12,2012,juin,mardi,10:00,69,69211,0,0,2,1,6,1,1,3,2,02,1,1,100,000,1,0,1,3,2,85,5,1,2,00,2,7,1,201200004658A01,,,
201200004673,2012-07-10,2012,juillet,mardi,93:0,69,69246,0,0,1,1,3,1,1,3,2,02,1,1,000,060,1,0,1,3,1,66,5,1,2,00,2,8,15,201200004673B02,7,17,1
201200004702,2012-03-17,2012,mars,samedi,81:5,69,69006,0,0,2,1,1,1,1,3,2,02,1,1,000,068,1,0,1,3,1,15,5,1,2,00,2,1,9,201200004702A01,7,1,1
201200004713,2012-04-26,2012,avril,jeudi,10:00,01,01072,46.1837,5.30699,2,1,3,2,1,3,2,02,2,1,000,065,1,0,1,3,2,55,1,1,8,00,2,3,1,201200004713B02,14,12,1
201200004714,2012-06-20,2012,juin,mercredi,18:45,01,01408,46.2465,5.42325,1,2,5,1,1,3,2,02,2,1,036,057,1,5,1,3,1,18,5,1,2,00,2,1,1,201200004714B02,7,19,1
201200004714,2012-06-20,2012,juin,mercredi,18:45,01,01408,46.2465,5.42325,1,2,5,1,1,3,2,02,2,1,036,057,1,5,1,4,1,25,5,1,2,00,2,1,1,201200004714C03,7,19,1
201200004813,2012-10-12,2012,octobre,vendredi,16:45,01,01383,0,0,2,1,1,1,1,3,2,02,1,1,000,122,1,5,1,3,1,67,5,1,2,00,2,1,1,201200004813B02,10,15,1
201200004817,2012-03-01,2012,mars,jeudi,15:45,01,01093,46.1246,4.95064,1,6,3,1,1,3,1,00,1,2,000,080,1,0,1,2,1,81,5,1,2,00,2,1,1,201200004817B02,17,16,1
201200004823,2012-03-15,2012,mars,jeudi,14:10,01,01260,45.9285,5.07372,1,1,3,1,1,3,2,02,1,1,000,045,1,0,1,4,1,68,5,1,8,00,0,8,1,201200004823B01,21,17,1
201200004841,2012-02-28,2012,février,mardi,74:5,01,01424,45.8759,4.96547,2,3,3,1,1,3,2,02,1,2,000,062,1,0,1,3,2,47,1,1,2,00,2,1,1,201200004841B02,7,16,1
201200004857,2012-06-20,2012,juin,mercredi,18:30,01,01225,46.0678,4.77122,1,1,2,1,1,3,2,02,1,1,000,080,1,0,1,3,1,63,5,1,2,00,0,4,1,201200004857B02,7,2,1
201200004859,2012-09-21,2012,septembre,vendredi,14:45,01,01348,46.177,4.835,1,1,1,1,1,3,2,02,1,1,000,067,1,0,1,3,1,58,5,1,2,00,2,7,1,201200004859B02,21,9,1
201200004897,2012-07-27,2012,juillet,vendredi,13:00,07,07327,44.522,4.335,2,1,1,1,1,4,2,02,2,2,000,033,1,0,1,3,1,47,5,1,2,00,2,1,1,201200004897B02,2,1,1
201200004902,2012-07-11,2012,juillet,mercredi,19:15,07,07156,44.676,4.274,1,1,7,1,1,3,2,02,2,3,000,000,1,0,1,2,2,12,5,1,2,05,0,1,0,201200004902A01,,,
201200004945,2012-09-09,2012,septembre,dimanche,16:00,07,07335,0,0,1,1,6,1,1,3,2,02,2,2,000,060,1,0,3,2,1,59,5,1,2,13,0,1,14,201200004945A01,,,
201200004956,2012-07-21,2012,juillet,samedi,93:0,26,26344,0,0,1,1,3,1,1,3,2,02,-1,1,000,000,1,0,1,4,1,55,5,1,2,00,2,8,1,201200004956B02,15,1,1
201200004960,2012-11-08,2012,novembre,jeudi,15:00,26,26108,0,0,1,1,2,1,1,3,2,02,1,1,000,000,1,0,1,3,1,58,5,1,2,00,0,4,1,201200004960B02,10,1,1
201200004963,2012-01-18,2012,janvier,mercredi,15:15,26,26124,44.8321,4.8916,2,1,3,1,1,4,1,00,-1,-1,000,000,1,0,1,3,2,78,5,1,2,00,0,0,1,201200004963B02,30,19,1
201200004968,2012-05-26,2012,mai,samedi,80:0,26,26042,0,0,1,1,1,1,1,3,2,02,1,1,000,000,1,0,1,3,1,65,5,1,2,00,2,8,1,201200004968B02,7,1,1
201200004980,2012-05-17,2012,mai,jeudi,15:15,26,26001,0,0,1,1,7,1,1,3,2,02,1,-1,000,000,1,0,1,2,1,40,5,1,2,00,0,0,0,201200004980A01,,,
201200005003,2012-06-17,2012,juin,dimanche,19:15,26,26235,0,0,2,1,1,1,7,4,2,00,1,1,000,066,1,0,1,3,1,18,5,1,2,00,2,3,0,201200005003B02,7,1,1
201200005030,2012-09-05,2012,septembre,mercredi,13:00,02,02691,49.84297,3.27052,2,3,3,1,1,4,2,02,,,,,,0,1,3,1,7,5,1,9,00,2,1,15,201200005030A01,7,1,1
201200005031,2012-09-22,2012,septembre,samedi,11:50,02,02691,49.86157,3.30969,2,3,3,1,1,4,2,02,4,1,000,090,1,0,1,3,1,72,5,1,9,00,2,6,1,201200005031B01,7,15,1
201200005047,2012-03-15,2012,mars,jeudi,14:45,26,26139,0,0,1,3,3,1,1,3,2,02,1,1,000,000,1,0,1,3,1,73,5,1,2,00,2,4,15,201200005047B02,7,15,1
201200005067,2012-07-09,2012,juillet,lundi,13:45,26,26307,45.022,5.29,1,1,1,1,1,3,2,02,1,2,000,065,1,0,1,3,2,52,0,1,4,00,2,2,1,201200005067B02,7,15,1
201200005096,2012-03-15,2012,mars,jeudi,75:0,02,02722,49.39295,3.33995,2,1,6,1,1,3,2,01,1,1,000,070,1,0,1,4,2,35,0,1,4,00,2,0,1,201200005096B01,10,0,1
201200005098,2012-03-16,2012,mars,vendredi,15:30,02,02722,49.37814,3.32878,2,1,6,1,1,4,1,01,1,1,000,060,1,0,1,1,1,18,5,1,9,00,1,1,1,201200005098A01,,,
201200005114,2012-06-12,2012,juin,mardi,84:0,02,02722,49.38427,3.32967,2,6,3,1,1,4,-1,01,1,-1,060,059,1,0,1,4,1,35,4,1,4,00,2,0,1,201200005114B01,7,9,1
201200005128,2012-08-13,2012,août,lundi,13:30,02,02722,49.37668,3.31084,2,2,6,1,1,4,-1,02,1,1,000,059,1,0,0,4,1,41,0,1,9,00,2,0,15,201200005128B01,7,16,1
201200005133,2012-09-06,2012,septembre,jeudi,19:25,02,02722,49.37742,3.3306,2,2,6,2,1,4,1,01,1,1,000,059,-1,0,1,4,2,30,0,1,9,00,2,0,15,201200005133A01,7,1,1
201200005160,2012-03-21,2012,mars,mercredi,53:0,38,38538,45.2301,5.85613,1,4,1,3,1,3,2,02,2,2,000,090,1,0,1,3,1,42,9,1,2,00,2,1,1,201200005160B02,7,1,1
201200005162,2012-07-26,2012,juillet,jeudi,10:15,38,38422,0,0,1,1,1,1,1,3,-1,02,2,1,000,050,1,0,1,4,2,67,5,1,2,00,0,0,1,201200005162B02,7,13,1
201200005172,2012-10-07,2012,octobre,dimanche,16:45,38,38075,45.4523,6.00098,1,1,1,1,2,2,2,02,1,1,000,071,2,0,1,2,1,48,5,1,1,00,2,1,1,201200005172B02,7,13,1
201200005196,2012-07-08,2012,juillet,dimanche,10:45,38,38466,0,0,2,1,5,1,1,3,2,02,1,1,000,078,1,0,1,3,1,35,5,1,2,00,2,8,1,201200005196B02,7,17,1
201200005196,2012-07-08,2012,juillet,dimanche,10:45,38,38466,0,0,2,1,5,1,1,3,2,02,1,1,000,078,1,0,1,3,1,32,5,1,2,00,2,8,1,201200005196C03,7,17,1
201200005208,2012-02-27,2012,février,lundi,14:25,02,02738,49.65785,3.28866,2,4,3,1,1,4,2,02,1,1,000,000,1,0,1,1,1,12,0,1,9,00,0,1,9,201200005208A01,1,1,1
201200005208,2012-02-27,2012,février,lundi,14:25,02,02738,49.65785,3.28866,2,4,3,1,1,4,2,02,1,1,000,000,1,0,1,4,2,19,3,1,9,00,0,7,1,201200005208B01,1,9,1
201200005211,2012-08-05,2012,août,dimanche,84:5,02,02738,49.66224,3.36582,2,2,3,1,1,4,,,,,,,,,,4,1,62,5,1,2,00,2,1,17,201200005211B01,7,15,1
201200005213,2012-10-10,2012,octobre,mercredi,16:40,02,02059,49.64811,3.32752,1,1,6,1,1,4,2,02,1,1,000,050,-1,0,1,2,1,83,5,1,9,00,2,0,10,201200005213A01,32,17,1
201200005214,2012-12-03,2012,décembre,lundi,17:12,02,02304,49.66347,3.36142,2,1,1,5,1,4,2,02,1,-1,019,068,1,0,1,3,1,12,5,1,9,00,0,0,9,201200005214B01,7,1,1
201200005215,2012-12-25,2012,décembre,mardi,10:45,02,02059,49.66132,3.34861,2,3,3,1,1,4,3,02,1,-1,000,046,1,0,1,3,2,65,3,1,9,00,2,1,1,201200005215B01,7,16,1
201200005217,2012-06-19,2012,juin,mardi,18:00,38,38170,45.2592,5.65897,2,1,3,1,1,2,2,02,-1,1,000,000,1,5,1,3,2,90,5,1,1,00,2,7,1,201200005217B02,38,15,1
201200005229,2012-08-25,2012,août,samedi,91:5,38,38562,45.087,5.766,2,6,6,1,1,3,2,01,1,1,025,080,1,5,1,3,1,77,5,1,2,00,0,8,0,201200005229B02,7,0,1
201200005231,2012-01-14,2012,janvier,samedi,15:30,38,38454,45.1569,5.32771,1,1,2,2,7,3,2,03,-1,-1,000,100,1,0,1,3,1,43,5,1,2,00,0,4,2,201200005231B02,7,2,1
201200005232,2012-02-24,2012,février,vendredi,19:15,38,38410,0,0,1,1,2,3,1,3,2,02,1,1,000,060,1,0,1,3,1,73,0,1,2,00,0,4,2,201200005232B02,7,2,1
201200005233,2012-03-07,2012,mars,mercredi,15:30,38,38095,0,0,2,1,3,1,7,3,2,00,1,2,000,100,1,5,1,3,1,75,5,1,2,00,2,1,1,201200005233B02,7,15,1
201200005252,2012-08-08,2012,août,mercredi,12:15,38,38450,45.298,5.585,1,1,2,1,1,3,2,02,1,1,000,090,1,0,1,3,1,71,5,1,2,00,2,4,1,201200005252A01,7,2,1
201200005277,2012-07-10,2012,juillet,mardi,18:45,38,38118,0,0,2,1,3,1,1,4,2,01,1,-1,000,000,1,0,1,3,1,12,0,1,2,00,2,1,9,201200005277B02,7,1,1
201200005289,2012-05-20,2012,mai,dimanche,10:45,38,38292,45.4607,5.53483,1,1,5,1,1,3,2,00,2,1,000,075,1,0,1,3,2,39,5,1,2,00,0,0,1,201200005289C03,7,1,1
201200005289,2012-05-20,2012,mai,dimanche,10:45,38,38292,45.4607,5.53483,1,1,5,1,1,3,2,00,2,1,000,075,1,0,1,4,2,54,5,1,2,00,0,4,1,201200005289B02,7,1,1
201200005289,2012-05-20,2012,mai,dimanche,10:45,38,38292,45.4607,5.53483,1,1,5,1,1,3,2,00,2,1,000,075,1,0,1,2,1,53,5,1,2,00,0,0,1,201200005289D04,7,1,1
201200005323,2012-07-29,2012,juillet,dimanche,18:30,38,38130,45.397,5.239,1,2,3,1,1,3,2,01,2,1,011,143,1,5,1,4,1,65,5,1,1,00,2,1,1,201200005323B02,7,1,1
201200005355,2012-10-17,2012,octobre,mercredi,12:15,38,38344,0,0,2,1,3,1,1,4,2,00,-1,1,000,070,1,0,1,3,2,78,5,1,4,00,2,8,1,201200005355B02,7,15,1
201200005373,2012-07-11,2012,juillet,mercredi,17:00,42,42302,45.51,4.423,1,1,3,1,1,3,2,02,-1,3,000,067,-1,0,1,3,1,66,5,1,2,00,2,4,13,201200005373A01,14,1,1
201200005378,2012-01-19,2012,janvier,jeudi,14:30,42,42180,45.58889,4.15144,1,1,1,1,1,3,2,02,1,3,000,060,1,0,1,2,1,73,5,1,2,00,2,0,1,201200005378B02,7,1,1
201200005389,2012-03-17,2012,mars,samedi,10:15,42,42304,45.5418,4.18605,2,2,3,1,1,3,3,02,1,1,010,050,1,5,1,3,1,54,5,1,2,00,2,3,1,201200005389B02,10,9,1
201200005403,2012-06-23,2012,juin,samedi,16:00,42,42019,45.75795,4.01457,2,1,1,1,1,3,2,02,1,1,000,060,1,0,1,3,2,70,5,1,1,00,0,4,0,201200005403B02,7,1,1
201200005430,2012-11-07,2012,novembre,mercredi,15:45,42,42222,45.58419,4.32228,1,1,7,1,1,4,2,02,2,4,000,075,1,0,1,2,1,57,5,1,2,00,0,7,1,201200005430A01,,,
201200005432,2012-05-14,2012,mai,lundi,91:5,42,42326,45.36312,4.66577,2,1,1,1,1,4,2,02,-1,1,000,050,1,0,1,3,1,64,5,1,2,00,2,1,13,201200005432B02,7,1,1
201200005434,2012-06-09,2012,juin,samedi,12:00,42,42168,45.41574,4.70651,1,1,3,1,1,3,2,02,-1,-1,000,000,-1,0,0,3,1,75,5,1,2,00,2,1,1,201200005434B02,7,9,1
201200005445,2012-06-22,2012,juin,vendredi,11:45,42,42120,45.99492,3.98102,2,1,3,1,1,9,2,02,1,1,000,000,1,0,1,3,1,11,2,1,8,00,2,1,19,201200005445A01,7,1,1
201200005472,2012-09-17,2012,septembre,lundi,13:15,42,42052,46.162,4.175,2,1,1,1,1,4,2,00,1,-1,000,000,1,5,1,4,1,21,5,1,2,00,2,2,1,201200005472A01,7,1,1
201200005481,2012-02-03,2012,février,vendredi,19:45,73,73128,45.7172,5.91759,1,1,3,3,1,3,2,02,1,1,000,070,1,0,1,4,1,44,1,1,2,00,2,8,1,201200005481B02,7,1,1
201200005486,2012-07-08,2012,juillet,dimanche,13:00,73,73238,45.77914,5.8647,1,8,3,1,1,3,2,02,1,4,000,094,1,4,5,2,2,42,5,1,2,00,4,1,1,201200005486A01,39,1,1
201200005488,2012-08-03,2012,août,vendredi,15:00,73,73128,45.72176,5.92308,2,6,2,1,1,3,2,02,1,3,000,080,1,5,1,2,1,69,5,1,2,00,2,4,1,201200005488B02,14,16,1
201200005507,2012-08-19,2012,août,dimanche,17:30,73,73051,45.66095,5.85836,2,1,5,1,1,3,2,00,1,1,000,064,1,0,1,3,1,75,5,1,2,00,2,1,1,201200005507B02,33,1,1
201200005507,2012-08-19,2012,août,dimanche,17:30,73,73051,45.66095,5.85836,2,1,5,1,1,3,2,00,1,1,000,064,1,0,1,3,2,76,5,1,2,00,2,1,1,201200005507C03,33,1,1
201200005516,2012-03-01,2012,mars,jeudi,11:30,73,73053,45.55143,6.20863,1,6,1,1,1,3,2,02,1,1,000,068,1,5,0,3,1,57,5,1,9,00,2,5,1,201200005516B02,7,9,1
201200005530,2012-06-10,2012,juin,dimanche,13:00,73,73317,45.73089,6.51969,1,1,1,1,1,3,2,02,2,4,000,051,1,0,1,3,1,40,9,1,2,00,2,1,1,201200005530A01,10,1,1
201200005538,2012-08-10,2012,août,vendredi,11:30,73,73232,45.58446,6.8849,1,1,3,1,7,3,2,02,2,4,000,060,1,0,1,3,1,34,5,1,2,00,2,1,1,201200005538B02,7,15,1
201200005558,2012-07-12,2012,juillet,jeudi,15:15,73,73046,45.50784,6.44557,1,1,1,1,1,3,2,02,2,3,000,058,1,0,1,3,1,59,5,1,2,00,2,3,5,201200005558B02,33,1,1
201200005584,2012-06-07,2012,juin,jeudi,10:50,74,74275,0,0,2,1,6,1,1,3,2,02,-1,1,000,055,1,0,0,3,1,47,5,1,2,00,1,1,17,201200005584A01,1,17,1
201200005584,2012-06-07,2012,juin,jeudi,10:50,74,74275,0,0,2,1,6,1,1,3,2,02,-1,1,000,055,1,0,0,3,2,50,5,1,2,00,9,0,17,201200005584B02,1,17,1
201200005588,2012-07-17,2012,juillet,mardi,70:0,74,74242,0,0,2,1,1,1,1,3,2,02,1,1,000,079,1,0,1,3,1,79,5,1,2,00,2,6,19,201200005588B02,7,1,1
201200005590,2012-07-30,2012,juillet,lundi,18:30,74,74242,0,0,2,3,3,1,1,3,2,00,1,1,000,047,1,0,1,3,1,60,1,1,2,00,2,1,15,201200005590B02,7,15,1
201200005591,2012-08-23,2012,août,jeudi,10:15,74,74267,0,0,2,2,1,1,1,4,2,02,1,1,,070,1,0,5,3,2,59,5,1,9,00,0,7,1,201200005591B02,7,19,1
201200005592,2012-09-05,2012,septembre,mercredi,19:30,74,74123,0,0,1,1,1,1,1,3,2,02,2,3,000,060,1,0,1,3,1,53,5,1,2,00,2,1,2,201200005592B02,7,13,1
201200005597,2012-06-12,2012,juin,mardi,81:5,74,74225,0,0,2,3,3,1,2,4,2,00,-1,1,000,000,2,5,1,3,1,39,9,1,2,00,2,1,1,201200005597B02,7,15,1
201200005606,2012-08-01,2012,août,mercredi,10:15,74,74079,0,0,1,4,1,1,1,3,2,02,-1,1,000,070,1,0,1,3,1,50,5,1,2,00,2,1,1,201200005606B02,7,15,1
201200005632,2012-10-14,2012,octobre,dimanche,16:30,74,74056,0,0,2,1,6,1,1,4,1,01,1,1,000,066,1,0,1,1,1,15,5,1,1,00,1,1,1,201200005632A01,,,
201200005632,2012-10-14,2012,octobre,dimanche,16:30,74,74056,0,0,2,1,6,1,1,4,1,01,1,1,000,066,1,0,1,1,1,15,0,1,1,00,1,1,1,201200005632A01,,,