Num_Acc,date,an,mois,jour,hrmn,dep,com,lat,long,agg,int,col,lum,atm,catr,circ,nbv,prof,plan,lartpc,larrout,surf,infra,situ,grav,sexe,age,trajet,secuexist,equipement,obs,obsm,choc,manv,vehiculeid,typevehicules,manoeuvehicules,numVehicules
201200005657,2012-05-15,2012,mai,mardi,11:45,74,74183,46.131,6.502,1,1,1,1,1,3,2,02,1,1,000,077,1,0,1,3,1,48,5,1,2,00,2,4,1,201200005657B02,14,17,1
201200005659,2012-07-10,2012,juillet,mardi,15:50,74,74134,46.15,6.653,1,1,6,1,1,3,2,00,2,2,000,060,1,0,1,3,2,30,5,1,2,16,0,2,1,201200005659A01,,,
201200005661,2012-08-19,2012,août,dimanche,18:30,74,74190,46.088,6.676,2,1,3,1,1,3,2,02,1,1,000,065,1,0,1,4,1,71,5,1,2,00,2,1,1,201200005661B02,7,15,1
201200005728,2012-08-17,2012,août,vendredi,14:00,63,63297,45.747,3.35,1,1,1,1,1,3,2,02,2,1,000,074,1,0,1,3,2,17,5,1,2,00,0,4,15,201200005728B02,7,1,1
201200005729,2012-10-10,2012,octobre,mercredi,94:5,63,63453,45.776,3.297,2,6,3,1,1,3,2,02,1,2,000,075,1,5,1,4,1,23,5,1,1,00,2,1,15,201200005729B02,7,9,1
201200005743,2012-02-25,2012,février,samedi,14:45,63,63284,0,0,2,1,6,1,1,4,2,02,2,1,000,065,1,0,1,3,1,59,5,1,2,00,5,1,1,201200005743A01,,,
201200005750,2012-08-27,2012,août,lundi,93:0,63,63200,0,0,1,1,1,1,1,3,-1,00,2,1,000,068,1,0,1,3,1,48,5,1,2,00,2,6,1,201200005750B02,7,1,1
201200005756,2012-12-24,2012,décembre,lundi,15:45,63,63204,45.81562,3.17139,1,3,3,1,1,3,2,02,1,1,000,075,1,0,1,3,1,80,5,1,2,00,2,8,15,201200005756B02,7,1,1
201200005767,2012-06-27,2012,juin,mercredi,13:45,63,63472,0,0,1,1,3,1,1,3,2,02,2,3,000,060,1,0,1,3,1,18,5,1,2,00,2,1,1,201200005767B02,7,14,1
201200005779,2012-06-13,2012,juin,mercredi,16:45,63,63221,45.401,3.793,1,1,7,1,1,3,2,02,2,4,000,051,1,0,1,3,1,71,5,1,2,00,0,8,1,201200005779A01,,,
201200005782,2012-06-23,2012,juin,samedi,11:00,63,63178,45.544,3.25,2,1,3,1,1,3,2,01,2,1,000,065,1,0,1,3,1,34,5,1,2,00,2,1,19,201200005782B02,7,1,1
201200005786,2012-10-10,2012,octobre,mercredi,15:00,63,63452,45.578,3.042,1,1,7,1,1,3,2,02,2,1,000,050,1,0,1,3,1,74,5,1,2,00,0,8,0,201200005786A01,,,
201200005858,2012-06-06,2012,juin,mercredi,18:30,03,03120,46.642,3.66,1,9,3,1,1,3,2,02,1,1,000,054,1,0,1,3,2,42,5,1,2,00,2,7,19,201200005858A01,7,1,1
201200005870,2012-01-17,2012,janvier,mardi,13:00,03,03099,46.407,3.048,1,9,1,1,1,3,2,02,2,3,000,076,1,0,1,2,1,64,5,1,2,00,2,2,1,201200005870B02,17,9,1
201200005889,2012-07-23,2012,juillet,lundi,20:15,03,03189,0,0,1,3,3,1,1,3,2,02,2,1,000,030,1,0,1,4,2,9,5,1,2,00,2,6,16,201200005889B02,7,1,1
201200005891,2012-09-18,2012,septembre,mardi,12:45,03,03186,0,0,1,1,1,1,1,4,-1,00,1,-1,041,000,1,0,1,3,1,14,2,1,2,00,2,1,15,201200005891A01,14,1,1
201200005895,2012-03-16,2012,mars,vendredi,11:15,03,03157,0,0,2,1,1,1,1,3,2,02,1,1,000,058,1,0,1,3,1,66,5,1,2,00,2,1,1,201200005895B02,7,16,1
201200005900,2012-06-27,2012,juin,mercredi,12:15,03,03264,0,0,2,1,3,1,1,3,2,02,1,1,010,080,1,5,1,3,2,51,5,1,2,00,2,8,2,201200005900B02,17,17,1
201200005924,2012-07-03,2012,juillet,mardi,83:0,15,15267,44.94,2.392,1,1,2,1,1,2,2,02,-1,1,000,077,1,5,1,3,1,74,5,1,2,00,2,8,15,201200005924B02,7,1,1
201200005934,2012-07-21,2012,juillet,samedi,16:30,15,15029,0,0,1,1,6,1,1,3,2,01,-1,3,000,035,1,0,1,3,1,46,5,1,2,00,0,0,21,201200005934A01,,,
201200005947,2012-07-31,2012,juillet,mardi,71:5,15,15018,45.155,2.26,1,1,2,1,7,3,2,00,2,2,000,066,1,0,1,3,1,42,5,1,2,00,0,8,1,201200005947B02,14,2,1
201200005952,2012-07-07,2012,juillet,samedi,13:30,15,15006,0,0,1,1,5,1,1,3,2,02,4,3,000,050,1,2,1,4,1,63,0,1,2,00,2,8,1,201200005952C03,7,13,1
201200005952,2012-07-07,2012,juillet,samedi,13:30,15,15006,0,0,1,1,5,1,1,3,2,02,4,3,000,050,1,2,1,3,1,60,5,1,2,00,2,3,1,201200005952B02,7,13,1
201200005952,2012-07-07,2012,juillet,samedi,13:30,15,15006,0,0,1,1,5,1,1,3,2,02,4,3,000,050,1,2,1,1,1,61,5,1,2,00,0,0,1,201200005952D04,7,13,1
201200005961,2012-09-01,2012,septembre,samedi,93:0,15,15187,45.045,3.081,2,1,1,1,1,9,2,01,4,1,000,059,1,0,1,3,1,13,5,1,2,00,2,1,13,201200005961A01,7,1,1
201200005981,2012-06-08,2012,juin,vendredi,17:30,43,43135,44.954,4.009,1,1,3,1,1,3,2,02,1,1,000,049,1,0,1,4,2,63,5,1,2,00,2,1,1,201200005981B02,7,1,1
201200005990,2012-06-09,2012,juin,samedi,16:00,43,43267,0,0,2,1,3,1,1,3,2,02,2,1,000,050,1,0,1,3,1,63,5,1,2,00,2,1,1,201200005990A01,1,19,1
201200005990,2012-06-09,2012,juin,samedi,16:00,43,43267,0,0,2,1,3,1,1,3,2,02,2,1,000,050,1,0,1,1,1,14,5,1,2,00,2,8,19,201200005990B02,1,1,1
201200005992,2012-10-24,2012,octobre,mercredi,13:45,43,43119,0,0,1,1,7,1,1,3,2,00,1,1,000,000,1,0,1,3,1,61,5,1,2,00,0,0,1,201200005992A01,,,
201200006013,2012-04-17,2012,avril,mardi,14:30,43,43040,45.304,3.401,1,6,1,1,1,2,1,02,1,-1,000,000,1,5,1,4,1,41,5,1,2,00,2,5,14,201200006013B02,7,9,1
201200006027,2012-05-27,2012,mai,dimanche,11:45,43,43123,0,0,1,1,3,1,1,3,2,02,1,1,000,040,1,0,1,3,1,68,5,1,2,00,2,8,1,201200006027B02,7,17,1
201200006046,2012-06-18,2012,juin,lundi,70:0,43,43224,0,0,1,1,1,2,7,3,2,02,3,1,000,000,1,0,1,3,1,73,5,1,2,00,2,1,1,201200006046B02,7,17,1
201200006092,2012-09-03,2012,septembre,lundi,17:40,03,03190,0,0,2,2,6,1,1,4,2,02,1,1,000,090,1,0,1,3,2,70,5,1,2,00,2,7,1,201200006092A01,7,15,1
201200006130,2012-06-12,2012,juin,mardi,23:30,57,57137,0,0,1,1,3,3,1,3,2,02,2,1,000,075,1,0,1,3,1,21,5,1,4,00,2,8,0,201200006130C03,17,2,1
201200006131,2012-06-30,2012,juin,samedi,19:15,57,57572,49.00894,6.39427,2,1,1,1,1,4,2,02,2,1,026,052,1,0,1,3,1,16,5,1,1,00,2,1,19,201200006131A01,7,1,1
201200006167,2012-05-16,2012,mai,mercredi,17:00,57,57085,0,0,2,3,3,1,1,3,2,02,1,1,000,068,1,0,1,3,2,13,5,1,2,00,2,1,19,201200006167B02,10,1,1
201200006174,2012-07-03,2012,juillet,mardi,11:30,57,57183,0,0,2,1,1,1,1,3,2,02,1,1,000,000,1,0,1,3,2,10,5,1,9,00,2,8,19,201200006174B02,7,1,1
201200006183,2012-07-27,2012,juillet,vendredi,13:30,57,57665,0,0,1,1,3,1,1,3,2,02,1,1,000,080,1,0,1,3,1,58,5,1,2,00,0,8,2,201200006183A01,7,17,1
201200006184,2012-08-16,2012,août,jeudi,18:45,57,57144,0,0,2,1,1,1,1,3,2,02,1,1,000,057,1,0,1,3,1,71,5,1,2,00,2,1,1,201200006184B02,7,15,1
201200006217,2012-08-11,2012,août,samedi,10:00,57,57188,0,0,1,1,1,1,1,4,3,00,1,1,000,037,1,0,1,4,1,56,5,1,1,00,2,0,5,201200006217B02,7,5,1
201200006224,2012-08-23,2012,août,jeudi,84:5,57,57206,0,0,2,1,1,5,3,3,3,00,1,1,024,104,3,0,1,3,2,16,5,1,8,00,2,7,19,201200006224B02,7,1,1
201200006230,2012-06-10,2012,juin,dimanche,10:30,57,57269,0,0,1,1,2,1,1,3,2,02,1,1,000,088,1,0,1,3,1,48,5,1,1,00,2,8,13,201200006230A01,33,17,1
201200006236,2012-09-08,2012,septembre,samedi,14:30,57,57689,0,0,2,3,3,1,1,5,2,00,-1,1,000,061,1,0,1,4,1,7,5,1,2,00,2,1,1,201200006236B02,7,1,1
201200006243,2012-09-30,2012,septembre,dimanche,16:15,57,57585,0,0,2,1,1,1,1,3,2,02,1,1,000,061,1,5,1,4,1,47,5,1,2,00,2,1,1,201200006243B02,7,19,1
201200006255,2012-10-06,2012,octobre,samedi,15:30,54,54315,0,0,1,1,1,1,1,3,2,02,1,1,000,000,1,0,1,3,1,43,5,1,1,00,0,5,1,201200006255B02,7,17,1
201200006262,2012-05-24,2012,mai,jeudi,54:5,54,54296,48.73249,6.30515,1,1,3,2,5,3,2,02,1,1,000,072,1,0,1,3,1,51,5,1,2,00,2,8,1,201200006262B02,15,1,1
201200006263,2012-05-26,2012,mai,samedi,12:45,54,54037,0,0,1,1,3,1,1,3,2,02,1,1,000,059,1,0,1,2,1,35,5,1,2,00,2,4,15,201200006263B02,7,13,1
201200006268,2012-09-06,2012,septembre,jeudi,18:30,54,54311,48.655,6.303,1,1,3,2,1,3,2,02,4,1,000,057,1,0,1,3,1,51,5,1,1,00,2,3,1,201200006268B02,21,15,1
201200006276,2012-03-21,2012,mars,mercredi,16:30,54,54150,48.79431,6.14966,2,1,3,1,1,3,2,02,1,3,000,072,1,5,1,3,1,62,5,1,2,00,2,8,2,201200006276B02,7,17,1
201200006320,2012-03-16,2012,mars,vendredi,17:05,03,03095,0,0,2,6,3,1,1,3,2,02,1,1,000,060,1,5,1,4,2,59,5,1,2,00,2,2,1,201200006320B01,7,9,1
201200006336,2012-05-28,2012,mai,lundi,12:00,03,03001,0,0,2,1,3,1,1,3,2,02,1,1,000,080,1,0,1,3,1,67,5,1,2,00,2,1,1,201200006336B01,10,15,1
201200006339,2012-06-06,2012,juin,mercredi,15:00,03,03023,0,0,2,1,3,1,1,3,2,02,1,1,000,090,1,0,1,3,2,16,5,1,9,00,2,3,13,201200006339B01,7,14,1
201200006343,2012-06-09,2012,juin,samedi,11:5,03,03310,0,0,2,6,3,5,1,4,2,02,1,1,000,060,1,5,1,4,1,36,1,1,9,00,2,6,1,201200006343A01,7,2,1
201200006358,2012-07-31,2012,juillet,mardi,16:40,03,03023,0,0,2,3,3,1,1,4,2,02,1,1,000,110,1,5,1,3,1,38,1,1,2,00,2,1,15,201200006358A01,7,1,1
201200006362,2012-08-30,2012,août,jeudi,19:30,03,03094,0,0,1,1,7,1,8,4,2,02,2,4,000,060,1,0,1,4,1,15,5,1,2,13,0,7,21,201200006362A01,7,13,1
201200006371,2012-10-16,2012,octobre,mardi,13:05,03,03095,0,0,2,6,3,1,1,4,2,02,1,1,000,060,1,5,1,4,2,56,4,1,9,00,2,2,1,201200006371B01,7,9,1
201200006379,2012-12-19,2012,décembre,mercredi,18:45,03,03095,0,0,2,6,3,5,1,4,2,02,1,1,000,060,1,5,1,4,1,36,5,1,9,00,2,2,1,201200006379B01,7,9,1
201200006383,2012-03-16,2012,mars,vendredi,14:30,54,54535,49.07885,5.90542,1,2,1,1,1,3,2,02,1,1,000,082,1,5,1,2,1,74,9,1,2,00,0,0,1,201200006383B02,7,1,1
201200006412,2012-09-04,2012,septembre,mardi,15:00,54,54548,48.54635,5.78122,2,3,3,1,1,3,2,02,1,1,057,057,1,0,1,4,1,10,5,1,1,00,2,8,19,201200006412B02,7,1,1
201200006444,2012-09-09,2012,septembre,dimanche,10:00,55,55229,48.874,5.553,2,1,1,1,1,4,2,02,2,3,000,036,1,0,1,3,2,8,5,1,1,00,2,3,1,201200006444A01,7,1,1
201200006461,2012-07-05,2012,juillet,jeudi,11:30,55,55204,49.03408,5.43518,2,1,2,1,1,3,2,02,1,1,000,074,1,0,1,3,2,13,5,1,9,00,2,6,1,201200006461A01,7,21,1
201200006469,2012-08-11,2012,août,samedi,11:45,88,88178,48.17283,6.39007,2,3,3,1,1,3,2,02,1,2,000,000,1,5,1,3,1,46,5,1,2,00,2,1,1,201200006469B02,7,15,1
201200006478,2012-04-15,2012,avril,dimanche,16:00,88,88480,48.34579,6.30302,1,3,1,1,6,3,2,02,2,1,000,000,1,0,1,3,1,26,5,1,2,00,2,1,13,201200006478A01,7,1,1
201200006482,2012-08-19,2012,août,dimanche,11:30,88,88090,48.37931,6.27163,1,3,3,1,1,3,2,02,1,1,098,012,1,5,1,3,1,61,5,1,2,00,2,1,1,201200006482A01,7,16,1
201200006505,2012-03-22,2012,mars,jeudi,75:0,88,88225,48.10552,6.45852,1,2,3,1,1,3,2,02,1,1,000,070,1,0,1,4,1,16,2,1,4,00,2,3,15,201200006505B02,7,17,1
201200006571,2012-06-16,2012,juin,samedi,15:30,88,88089,48.18103,6.80913,2,1,5,1,1,3,2,02,2,1,000,060,1,0,1,3,1,31,4,1,2,00,2,1,1,201200006571B02,7,15,1
201200006571,2012-06-16,2012,juin,samedi,15:30,88,88089,48.18103,6.80913,2,1,5,1,1,3,2,02,2,1,000,060,1,0,1,1,1,24,4,1,2,00,2,1,1,201200006571C03,7,15,1
201200006571,2012-06-16,2012,juin,samedi,15:30,88,88089,48.18103,6.80913,2,1,5,1,1,3,2,02,2,1,000,060,1,0,1,1,1,20,4,1,2,00,2,1,1,201200006571D04,7,15,1
201200006582,2012-11-16,2012,novembre,vendredi,13:45,88,88196,0,0,2,6,3,1,1,9,2,00,1,-1,000,060,1,5,1,3,2,81,5,1,2,00,2,7,1,201200006582B02,7,15,1
201200006593,2012-04-10,2012,avril,mardi,18:30,67,67028,0,0,1,6,3,2,2,3,1,01,1,2,270,081,2,5,1,3,1,14,3,1,4,00,2,1,1,201200006593A01,7,9,1
201200006596,2012-10-19,2012,octobre,vendredi,16:45,67,67028,0,0,2,6,1,1,1,3,2,02,-1,3,000,080,1,5,1,3,1,11,5,1,2,00,2,0,18,201200006596B02,15,16,1
201200006604,2012-05-15,2012,mai,mardi,14:30,67,67131,0,0,1,1,7,1,1,4,2,02,2,1,000,057,1,0,1,3,1,48,1,1,2,00,0,0,11,201200006604A01,,,
201200006628,2012-01-20,2012,janvier,vendredi,16:45,67,67046,0,0,2,1,3,2,2,4,2,02,1,1,000,000,2,5,1,3,2,43,5,1,4,00,2,8,16,201200006628B02,15,16,1
201200006643,2012-10-31,2012,octobre,mercredi,16:45,67,67368,0,0,2,1,1,2,1,3,2,02,-1,1,000,000,1,0,1,4,2,24,1,1,2,00,0,0,0,201200006643B02,7,17,1
201200006647,2012-06-27,2012,juin,mercredi,13:30,67,67122,0,0,2,1,1,1,1,4,2,02,2,3,000,055,1,0,1,3,1,14,5,1,2,00,2,1,13,201200006647A01,7,1,1
201200006664,2012-10-13,2012,octobre,samedi,14:00,67,67091,0,0,1,1,1,1,1,4,2,01,2,2,000,035,1,0,1,3,1,49,5,1,2,00,0,1,16,201200006664B02,7,15,1
201200006667,2012-08-08,2012,août,mercredi,94:5,67,67301,0,0,2,3,3,1,1,3,2,02,2,1,000,000,1,0,0,3,1,72,5,1,1,00,2,8,5,201200006667A01,7,12,1
201200006679,2012-06-17,2012,juin,dimanche,19:15,67,67202,48.76,7.576,2,1,1,2,1,3,2,02,1,1,028,000,1,0,4,3,1,15,5,1,1,01,0,1,0,201200006679A01,7,24,1
201200006689,2012-12-18,2012,décembre,mardi,73:0,67,67519,48.661,7.83,2,1,2,2,8,3,2,02,-1,2,000,122,1,0,1,3,1,53,1,1,4,00,2,4,11,201200006689B02,7,1,1
201200006699,2012-08-22,2012,août,mercredi,16:45,67,67118,0,0,2,1,3,1,1,3,2,02,1,1,000,045,1,0,1,3,2,47,1,1,1,00,2,7,19,201200006699B02,33,1,1
201200006703,2012-10-22,2012,octobre,lundi,16:15,67,67551,48.589,7.668,2,1,3,1,1,4,2,02,1,1,000,070,1,0,1,3,2,56,4,1,2,00,0,7,15,201200006703B02,7,1,1
201200006703,2012-10-22,2012,octobre,lundi,16:15,67,67551,48.589,7.668,2,1,3,1,1,4,2,02,1,1,000,070,1,0,1,1,1,3,0,1,3,00,0,7,15,201200006703B02,7,1,1
201200006724,2012-05-21,2012,mai,lundi,10:45,67,67443,0,0,1,6,3,1,1,3,2,00,1,1,000,000,1,5,5,3,1,52,1,1,2,00,2,3,19,201200006724B02,7,16,1
201200006725,2012-07-30,2012,juillet,lundi,16:00,67,67330,48.913,8.036,2,1,1,1,1,3,2,02,1,1,060,000,1,0,3,3,2,16,5,1,8,00,2,4,1,201200006725B02,7,1,1
201200006753,2012-08-21,2012,août,mardi,10:30,68,68277,48.16202,7.31688,1,1,2,1,1,3,2,02,1,1,090,000,1,0,1,3,1,58,5,1,2,00,9,1,1,201200006753A01,1,23,1
201200006753,2012-08-21,2012,août,mardi,10:30,68,68277,48.16202,7.31688,1,1,2,1,1,3,2,02,1,1,090,000,1,0,1,1,2,57,5,1,2,00,0,4,23,201200006753B02,1,1,1
201200006758,2012-01-02,2012,janvier,lundi,80:0,68,68226,48.04003,7.13513,2,1,1,2,2,4,2,02,1,1,000,060,2,0,1,4,1,36,1,1,2,00,2,1,23,201200006758B02,7,15,1
201200006766,2012-09-07,2012,septembre,vendredi,17:30,68,68358,48.00544,7.11567,1,1,3,1,1,4,2,02,2,3,000,042,1,0,1,3,1,63,5,1,2,00,2,3,1,201200006766A01,7,1,1
201200006770,2012-09-29,2012,septembre,samedi,11:30,68,68226,48.04239,7.15994,2,6,1,1,1,3,2,02,1,3,000,070,1,0,1,3,2,62,3,1,9,00,2,8,1,201200006770B02,10,1,1
201200006780,2012-01-06,2012,janvier,vendredi,17:45,68,68296,48.222,7.409,1,1,1,3,2,4,2,02,2,1,000,065,2,0,1,2,1,23,5,1,9,00,0,9,23,201200006780B02,10,1,1
201200006792,2012-10-21,2012,octobre,dimanche,14:45,68,68298,48.22725,7.1522,1,1,2,1,1,3,2,02,2,1,000,060,1,0,1,3,1,58,5,1,2,00,0,4,1,201200006792B02,7,1,1
201200006793,2012-08-10,2012,août,vendredi,10:30,68,68134,48.02909,7.31289,1,1,1,1,1,9,-1,00,1,1,000,033,1,0,5,3,1,59,5,1,2,00,2,1,1,201200006793B02,3,1,1
201200006832,2012-10-04,2012,octobre,jeudi,84:5,68,68154,47.77076,7.38748,2,6,3,1,1,3,2,01,1,1,000,000,1,5,1,3,1,66,3,1,2,00,0,7,1,201200006832A01,7,1,1
201200006845,2012-09-27,2012,septembre,jeudi,16:45,68,68121,47.52068,7.46909,2,1,2,1,1,4,2,02,1,1,000,050,1,0,1,3,1,8,5,1,9,00,0,4,1,201200006845B02,30,1,1
201200006854,2012-03-13,2012,mars,mardi,15:15,68,68348,47.80261,7.11796,2,1,2,1,1,3,2,02,1,1,000,063,1,0,1,4,1,47,5,1,2,00,2,4,1,201200006854B02,7,1,1
201200006861,2012-08-04,2012,août,samedi,18:30,68,68322,47.81242,7.1656,2,1,3,1,1,3,2,02,2,1,000,070,1,0,1,3,1,49,5,1,9,00,9,8,1,201200006861B02,31,1,1
201200006874,2012-11-07,2012,novembre,mercredi,22:30,68,68151,47.88391,6.9997,1,1,1,3,1,4,2,02,1,1,000,065,1,0,1,3,1,51,5,1,2,00,2,1,5,201200006874A01,7,1,1
201200006891,2012-09-06,2012,septembre,jeudi,94:5,51,51326,0,0,1,1,3,1,1,3,2,02,1,1,000,065,1,0,1,3,1,62,5,1,8,00,2,3,1,201200006891B02,7,17,1
201200006897,2012-10-31,2012,octobre,mercredi,10:00,51,51559,0,0,2,3,3,1,1,3,2,02,1,1,,126,1,5,1,2,2,73,3,1,9,00,2,3,0,201200006897B02,21,15,1
201200006916,2012-05-19,2012,mai,samedi,12:00,51,51035,0,0,1,1,3,1,1,3,2,02,1,1,063,063,1,0,1,3,1,64,5,1,9,00,2,8,1,201200006916B02,10,14,1
201200006930,2012-09-07,2012,septembre,vendredi,17:15,51,51492,0,0,2,3,3,1,1,4,2,00,1,1,000,035,1,0,1,3,1,13,5,1,1,00,2,1,1,201200006930A01,7,1,1
201200006961,2012-12-14,2012,décembre,vendredi,11:00,51,51649,0,0,2,1,2,1,8,4,2,02,1,1,000,080,2,0,1,4,1,20,5,1,4,00,,6,23,201200006961B02,7,1,1
201200006978,2012-08-09,2012,août,jeudi,17:15,08,08352,49.6494,4.5831,1,1,1,1,1,3,2,00,3,1,000,070,1,0,1,2,1,42,5,1,2,00,2,0,5,201200006978B02,10,5,1
201200006997,2012-08-01,2012,août,mercredi,18:15,08,08190,0,0,2,1,2,1,1,3,2,00,-1,-1,000,000,-1,0,0,2,2,77,3,1,1,00,0,4,1,201200006997A01,10,1,1
201200006999,2012-12-06,2012,décembre,jeudi,91:5,08,08190,0,0,1,1,2,1,7,3,2,02,2,1,000,065,2,0,1,2,1,60,5,1,1,00,2,4,1,201200006999B02,38,17,1
201200007005,2012-03-23,2012,mars,vendredi,14:00,08,08145,49.678,5.054,1,1,3,1,1,3,2,02,2,1,066,000,1,0,1,3,1,39,1,1,2,00,2,8,1,201200007005B02,10,17,1
201200007058,2012-01-21,2012,janvier,samedi,84:5,10,10033,48.2311,4.70434,2,2,3,1,2,3,2,02,1,1,,057,2,5,1,3,2,89,3,1,9,00,2,1,1,201200007058A02,7,1,1
201200007091,2012-03-29,2012,mars,jeudi,16:15,10,10132,48.504,3.909,1,1,2,1,1,3,2,02,1,1,,060,1,0,1,3,1,53,5,1,9,00,0,4,1,201200007091B02,7,1,1
201200007093,2012-06-01,2012,juin,vendredi,11:15,10,10323,48.51138,3.72148,2,3,3,1,1,3,2,02,1,1,,,1,,1,3,2,75,5,1,9,00,2,8,1,201200007093B02,7,15,1
201200007097,2012-03-20,2012,mars,mardi,11:30,52,52469,48.04609,5.05759,1,9,2,1,1,2,2,03,4,1,036,155,1,3,1,2,2,52,5,1,2,00,0,4,1,201200007097B02,7,9,1
201200007098,2012-03-31,2012,mars,samedi,14:45,52,52522,48.23114,5.13823,1,1,4,1,1,3,-1,00,-1,1,000,073,1,0,1,4,1,56,5,1,2,00,0,1,1,201200007098C03,1,1,2
201200007098,2012-03-31,2012,mars,samedi,14:45,52,52522,48.23114,5.13823,1,1,4,1,1,3,-1,00,-1,1,000,073,1,0,1,3,1,58,5,1,2,00,0,4,1,201200007098A01,1,1,2
201200007098,2012-03-31,2012,mars,samedi,14:45,52,52522,48.23114,5.13823,1,1,4,1,1,3,-1,00,-1,1,000,073,1,0,1,3,1,65,5,1,2,00,0,1,1,201200007098B02,1,1,2
201200007125,2012-08-04,2012,août,samedi,11:45,52,52374,47.78884,5.4137,1,1,1,1,1,3,2,01,1,3,000,068,1,0,1,3,2,63,9,1,1,00,2,9,1,201200007125B02,7,1,1
201200007157,2012-08-31,2012,août,vendredi,83:0,21,21699,0,0,1,3,3,1,1,3,2,00,2,1,000,065,1,5,0,3,1,43,1,1,1,00,2,1,1,201200007157B02,7,15,1
201200007262,2012-12-24,2012,décembre,lundi,18:30,58,58117,47.017,3.088,2,1,3,5,2,3,2,02,1,2,000,000,2,5,1,3,1,71,5,1,1,00,2,1,1,201200007262B02,7,15,1
201200007302,2012-03-25,2012,mars,dimanche,18:45,58,58059,47.166,3.021,2,1,1,1,1,3,2,02,1,1,000,075,1,0,1,3,1,54,5,1,2,00,2,3,1,201200007302B02,7,13,1
201200007319,2012-08-12,2012,août,dimanche,11:15,71,71169,0,0,1,1,3,1,1,3,2,02,2,1,038,000,1,5,1,3,1,31,5,1,2,00,2,1,1,201200007319A01,7,15,1
201200007320,2012-08-14,2012,août,mardi,15:15,71,71360,0,0,1,1,5,1,1,4,-1,00,1,4,000,045,1,0,1,3,1,49,5,1,2,00,2,1,2,201200007320B02,30,13,1
201200007320,2012-08-14,2012,août,mardi,15:15,71,71360,0,0,1,1,5,1,1,4,-1,00,1,4,000,045,1,0,1,4,1,17,5,1,2,00,2,1,2,201200007320C03,30,13,1
201200007335,2012-08-17,2012,août,vendredi,14:30,71,71591,0,0,1,1,1,1,1,3,2,03,1,1,000,035,1,0,1,2,1,58,5,1,2,00,2,4,1,201200007335B02,7,17,1
201200007337,2012-02-26,2012,février,dimanche,11:30,71,71014,46.956,4.292,2,1,3,1,1,4,2,02,1,1,000,060,1,0,1,3,1,43,5,1,2,01,0,1,1,201200007337B02,7,22,1
201200007346,2012-08-01,2012,août,mercredi,12:45,71,71294,46.835,4.716,1,1,7,1,1,4,-1,00,2,-1,000,035,1,0,1,3,1,57,5,1,2,00,0,0,1,201200007346A01,,,
201200007355,2012-01-04,2012,janvier,mercredi,13:15,71,71052,46.607,4.896,2,1,1,1,7,3,2,02,1,1,015,080,2,0,1,3,1,28,5,1,2,00,0,6,2,201200007355B02,7,2,1
201200007369,2012-12-31,2012,décembre,lundi,19:00,71,71106,46.443,4.274,2,4,1,3,1,3,2,01,2,1,000,025,1,0,1,2,1,51,5,1,2,00,2,1,15,201200007369A01,7,1,1
201200007383,2012-07-31,2012,juillet,mardi,14:30,71,71238,46.21221,4.10144,1,1,7,1,1,4,-1,00,2,3,000,025,-1,0,3,2,2,13,5,1,2,13,0,1,1,201200007383A01,,,
201200007405,2012-09-30,2012,septembre,dimanche,14:45,71,71340,0,0,1,1,3,1,1,4,2,01,2,1,000,024,1,0,1,3,1,8,5,1,2,00,2,7,19,201200007405B02,7,1,1
201200007419,2012-09-17,2012,septembre,lundi,17:15,71,71386,46.657,5.088,2,1,2,1,1,3,2,02,1,1,000,057,1,0,1,3,1,56,9,1,2,00,2,4,15,201200007419A01,7,2,1
201200007459,2012-10-22,2012,octobre,lundi,71:5,89,89023,47.77362,3.61823,1,1,1,3,1,3,2,00,1,1,000,068,1,0,1,3,1,16,1,1,4,00,0,4,1,201200007459B02,7,1,1
201200007490,2012-02-21,2012,février,mardi,15:45,89,89206,47.98275,3.39033,2,1,3,1,1,3,2,00,1,1,000,000,1,2,1,4,1,72,5,1,9,00,2,1,1,201200007490B02,7,15,1
201200007552,2012-07-16,2012,juillet,lundi,19:45,25,25021,47.039,5.792,2,3,3,1,7,4,2,00,-1,1,000,000,1,0,1,3,2,17,0,1,2,00,2,2,1,201200007552A01,7,1,1
201200007573,2012-05-30,2012,mai,mercredi,14:45,25,25196,47.482,6.896,2,1,1,1,1,3,2,02,1,1,000,000,1,5,1,4,1,70,5,1,1,00,2,1,1,201200007573B02,7,10,1
201200007590,2012-10-31,2012,octobre,mercredi,14:00,25,25519,47.33,6.814,2,1,3,1,1,3,2,02,2,1,000,068,1,0,1,3,1,13,5,1,2,00,2,1,9,201200007590A01,7,1,1
201200007606,2012-03-30,2012,mars,vendredi,16:45,25,25039,47.13271,6.43472,2,1,3,1,1,4,2,00,1,1,000,060,1,0,1,4,2,7,2,1,2,00,2,7,19,201200007606B02,7,1,1
201200007639,2012-06-06,2012,juin,mercredi,14:00,25,25240,47.06977,6.61596,2,1,1,1,1,4,2,02,-1,-1,000,058,1,0,1,3,1,49,5,1,2,00,0,1,0,201200007639B02,7,1,1
201200007674,2012-06-10,2012,juin,dimanche,91:5,39,39083,46.82,6.058,2,1,2,1,1,3,2,02,1,1,000,062,1,0,1,4,1,53,5,1,2,00,2,4,2,201200007674B02,7,2,1