Num_Acc,date,an,mois,jour,hrmn,dep,com,lat,long,agg,int,col,lum,atm,catr,circ,nbv,prof,plan,lartpc,larrout,surf,infra,situ,grav,sexe,age,trajet,secuexist,equipement,obs,obsm,choc,manv,vehiculeid,typevehicules,manoeuvehicules,numVehicules
201200009889,2012-05-07,2012,mai,lundi,10:30,28,28337,0,0,1,2,1,1,1,3,2,02,1,1,000,052,1,5,1,3,1,58,5,1,2,00,2,1,19,201200009889A01,7,1,1
201200009904,2012-09-14,2012,septembre,vendredi,18:00,28,28393,48.57,1.334,2,3,3,1,1,3,2,02,1,1,000,053,1,0,1,2,1,13,5,1,2,00,2,8,15,201200009904B02,7,1,1
201200009935,2012-11-01,2012,novembre,jeudi,16:15,28,28183,0,0,1,1,1,1,1,3,2,00,1,1,000,030,1,0,1,3,1,40,5,1,1,00,0,4,13,201200009935B02,10,17,1
201200009942,2012-03-27,2012,mars,mardi,17:15,28,28088,48.079,1.339,2,1,3,1,1,3,2,02,1,1,000,100,1,0,5,3,1,15,2,1,1,00,2,3,1,201200009942B02,38,16,1
201200009962,2012-07-03,2012,juillet,mardi,84:5,28,28061,0,0,2,1,2,1,1,3,-1,03,1,1,000,000,1,0,1,3,2,77,3,1,1,00,0,8,17,201200009962B02,7,15,1
201200009977,2012-05-24,2012,mai,jeudi,17:00,28,28096,0,0,2,1,3,1,1,3,2,02,1,1,000,076,1,0,1,3,1,46,5,1,2,00,2,1,1,201200009977B02,7,15,1
201200009979,2012-06-15,2012,juin,vendredi,14:45,28,28180,0,0,2,2,2,1,1,3,-1,00,2,1,000,056,1,0,1,2,1,50,5,1,2,00,2,1,1,201200009979A01,7,1,1
201200010034,2012-07-15,2012,juillet,dimanche,19:30,36,36093,46.9811,1.60491,2,2,1,1,1,4,2,02,1,-1,000,000,1,5,1,3,2,54,5,1,2,00,2,4,23,201200010034B02,10,16,1
201200010035,2012-08-11,2012,août,samedi,17:00,36,36057,46.8678,1.71875,2,1,2,1,1,3,2,02,1,1,000,077,1,0,1,3,1,62,5,1,2,00,2,6,2,201200010035B02,7,17,1
201200010050,2012-08-26,2012,août,dimanche,11:45,36,36058,46.5998,0.99632,1,1,1,1,1,3,2,02,1,1,000,000,1,0,0,2,1,57,5,1,8,00,2,1,18,201200010050A01,1,14,1
201200010050,2012-08-26,2012,août,dimanche,11:45,36,36058,46.5998,0.99632,1,1,1,1,1,3,2,02,1,1,000,000,1,0,0,1,1,13,5,1,2,00,2,1,14,201200010050B02,1,18,1
201200010105,2012-03-09,2012,mars,vendredi,15:30,37,37172,0,0,2,6,1,1,1,4,1,01,1,2,000,000,1,5,1,3,1,74,5,1,2,00,2,1,1,201200010105B02,7,16,1
201200010111,2012-10-06,2012,octobre,samedi,90:0,37,37047,0,0,1,1,2,1,1,3,2,02,2,1,000,050,1,0,1,3,1,54,5,1,2,00,2,4,1,201200010111B02,10,1,1
201200010146,2012-10-10,2012,octobre,mercredi,17:30,37,37205,0,0,2,1,1,1,1,3,-1,00,2,-1,031,065,1,0,1,2,1,47,0,1,1,00,9,0,0,201200010146B02,10,1,1
201200010176,2012-07-04,2012,juillet,mercredi,15:00,41,41105,0,0,2,1,3,1,1,4,2,02,1,1,000,047,1,0,1,3,1,13,5,1,1,00,2,3,15,201200010176B02,7,1,1
201200010192,2012-07-25,2012,juillet,mercredi,19:00,41,41093,47.6175,1.12585,2,1,5,1,1,3,2,02,1,1,000,060,1,0,1,3,1,22,5,1,1,06,2,1,1,201200010192C03,17/ 7,13/1,2
201200010198,2012-12-16,2012,décembre,dimanche,12:45,41,41045,47.4815,1.18909,2,3,3,1,1,3,-1,02,2,1,000,000,1,0,1,1,1,18,5,1,4,00,2,1,13,201200010198A01,7,1,1
201200010198,2012-12-16,2012,décembre,dimanche,12:45,41,41045,47.4815,1.18909,2,3,3,1,1,3,-1,02,2,1,000,000,1,0,1,3,1,18,5,1,1,00,2,1,13,201200010198A01,7,1,1
201200010200,2012-03-02,2012,mars,vendredi,70:0,41,41296,47.6384,2.05408,1,1,2,2,5,3,2,02,1,1,000,055,1,0,1,2,1,25,1,1,1,00,0,4,1,201200010200B02,7,1,1
201200010249,2012-07-19,2012,juillet,jeudi,13:00,13,13088,0,0,2,1,1,1,1,3,2,02,2,1,000,056,1,5,1,3,1,66,5,1,2,00,0,0,18,201200010249B02,7,16,1
201200010285,2012-03-26,2012,mars,lundi,17:00,06,06004,0,0,1,1,3,1,1,3,2,04,1,1,021,145,1,0,5,4,1,62,5,1,2,00,2,1,1,201200010285B01,7,15,1
201200010329,2012-08-25,2012,août,samedi,10:15,06,06004,0,0,2,2,3,1,1,4,2,00,2,1,000,000,1,0,1,3,1,62,0,1,2,00,0,1,1,201200010329B01,7,11,1
201200010330,2012-08-28,2012,août,mardi,13:00,06,06004,0,0,2,3,3,1,1,4,-1,00,-1,-1,000,000,1,0,1,4,1,36,1,1,2,00,0,1,15,201200010330A01,7,0,1
201200010347,2012-10-03,2012,octobre,mercredi,81:5,06,06155,0,0,2,1,2,1,1,4,2,00,1,1,000,030,1,0,1,4,1,46,0,1,2,00,0,0,0,201200010347A01,7,0,1
201200010447,2012-06-09,2012,juin,samedi,13:30,06,06027,0,0,2,1,3,1,1,4,2,04,1,1,000,000,1,0,1,4,2,16,5,1,2,00,2,1,19,201200010447A01,7,1,1
201200010453,2012-06-22,2012,juin,vendredi,95:0,06,06027,0,0,2,1,2,1,1,4,2,04,1,1,000,000,1,0,1,4,1,26,5,1,2,00,2,1,2,201200010453A01,7,2,1
201200010486,2012-07-31,2012,juillet,mardi,14:35,06,06123,0,0,2,1,3,1,1,4,2,02,-1,1,000,000,1,0,1,1,1,19,5,1,2,00,2,8,15,201200010486A01,30,13,1
201200010505,2012-08-30,2012,août,jeudi,16:15,06,06123,0,0,2,6,3,1,1,4,1,01,-1,1,000,000,1,0,0,4,2,74,5,1,2,00,2,4,16,201200010505B01,7,16,1
201200010511,2012-09-06,2012,septembre,jeudi,15:00,06,06123,0,0,2,6,6,1,1,4,1,01,-1,1,000,000,1,0,1,4,1,37,5,1,2,00,2,0,1,201200010511A01,,,
201200010543,2012-10-22,2012,octobre,lundi,14:30,06,06027,0,0,2,1,1,1,1,4,1,01,1,4,000,000,1,0,5,4,2,49,5,1,2,00,2,1,1,201200010543B01,2,1,1
201200010549,2012-10-30,2012,octobre,mardi,13:30,06,06027,0,0,2,3,3,1,1,4,2,02,1,1,000,000,1,0,1,4,1,11,5,1,2,00,2,7,19,201200010549B01,7,16,1
201200010553,2012-11-06,2012,novembre,mardi,15:20,06,06027,0,0,2,6,3,1,1,4,1,02,1,1,000,000,1,0,0,4,1,32,5,1,2,00,2,7,1,201200010553B01,7,16,1
201200010557,2012-11-22,2012,novembre,jeudi,19:15,06,06027,0,0,2,1,6,5,1,4,2,02,1,1,000,000,1,0,5,4,2,19,5,1,2,00,2,1,1,201200010557A01,,,
201200010575,2012-01-07,2012,janvier,samedi,93:0,06,06029,0,0,2,1,2,1,1,2,2,01,1,-1,000,050,1,0,1,4,1,45,5,1,2,00,2,4,1,201200010575B01,7,1,1
201200010627,2012-04-26,2012,avril,jeudi,14:15,06,06029,0,0,2,1,3,1,1,4,2,02,1,1,000,070,1,0,1,4,1,12,0,1,9,00,2,1,0,201200010627B01,10,1,1
201200010632,2012-05-15,2012,mai,mardi,15:15,06,06029,0,0,2,1,3,1,1,4,2,03,1,1,000,130,-1,0,1,4,1,51,0,1,2,00,2,1,1,201200010632B01,7,15,1
201200010649,2012-06-05,2012,juin,mardi,10:30,06,06029,0,0,2,1,3,1,1,2,2,02,1,1,000,060,1,0,1,4,1,63,5,1,2,00,0,1,1,201200010649B01,7,22,1
201200010657,2012-06-17,2012,juin,dimanche,24:0,06,06029,0,0,1,1,1,3,1,3,2,02,1,2,000,120,1,0,1,3,1,34,0,1,4,00,2,1,5,201200010657B01,7,1,1
201200010671,2012-06-29,2012,juin,vendredi,11:13,06,06029,0,0,2,1,3,1,1,4,2,02,2,1,000,080,-1,0,1,4,1,68,0,1,2,00,2,1,1,201200010671B01,7,1,1
201200010730,2012-10-14,2012,octobre,dimanche,15:25,06,06029,0,0,2,1,6,1,1,4,1,01,1,3,000,050,1,0,1,3,1,12,5,1,9,00,2,1,13,201200010730A01,7,1,1
201200010852,2012-06-24,2012,juin,dimanche,18:55,06,06069,0,0,2,1,7,1,1,3,-1,02,-1,-1,000,000,-1,0,0,4,1,9,0,1,9,00,0,0,0,201200010852A01,,,
201200010865,2012-07-21,2012,juillet,samedi,12:20,06,06069,0,0,2,1,2,1,1,4,2,02,-1,-1,000,000,1,0,1,4,1,16,0,1,9,00,0,1,1,201200010865A01,7,1,1
201200010912,2012-10-12,2012,octobre,vendredi,15:15,06,06069,0,0,2,3,3,1,1,4,-1,02,-1,1,000,000,-1,0,0,4,1,72,0,1,2,00,0,8,1,201200010912B01,7,15,1
201200010937,2012-11-21,2012,novembre,mercredi,12:10,06,06069,0,0,2,1,3,1,1,4,2,02,2,1,000,000,1,0,1,4,1,11,2,1,9,00,2,1,15,201200010937A01,7,1,1
201200010986,2012-04-16,2012,avril,lundi,10:05,06,06083,0,0,2,1,6,1,1,4,1,02,1,1,000,000,1,0,1,4,1,82,5,1,2,00,2,3,1,201200010986B01,7,17,1
201200011030,2012-09-06,2012,septembre,jeudi,20:20,06,06104,0,0,2,1,3,2,1,4,2,02,1,1,000,085,1,0,1,4,2,37,5,1,2,01,0,1,1,201200011030B01,7,22,1
201200011040,2012-10-07,2012,octobre,dimanche,94:5,06,06012,0,0,2,1,7,1,1,3,2,02,2,1,000,080,1,0,1,2,1,77,5,1,2,00,0,0,0,201200011040A01,,,
201200011074,2012-01-06,2012,janvier,vendredi,17:30,06,06088,0,0,2,1,6,5,1,4,2,02,1,1,000,000,1,0,1,1,1,36,1,1,2,00,1,1,1,201200011074A01,,,
201200011157,2012-02-11,2012,février,samedi,15:20,06,06088,0,0,2,1,6,1,1,4,2,04,1,1,000,000,1,0,1,1,1,26,0,1,9,00,1,1,1,201200011157A01,,,
201200011221,2012-03-09,2012,mars,vendredi,12:00,06,06088,0,0,2,1,6,1,1,4,2,02,1,1,000,000,1,0,1,4,1,82,0,1,9,00,2,1,0,201200011221B01,7,1,1
201200011262,2012-03-28,2012,mars,mercredi,16:00,06,06159,0,0,2,1,3,1,1,4,2,02,2,1,000,000,1,0,1,4,1,49,5,1,2,00,2,7,1,201200011262B01,7,15,1
201200011291,2012-04-11,2012,avril,mercredi,17:10,06,06088,0,0,2,1,6,1,1,4,2,02,1,1,000,000,1,0,1,4,1,32,1,1,9,00,1,1,1,201200011291A01,,,
201200011307,2012-04-17,2012,avril,mardi,21:00,06,06088,0,0,2,1,3,5,1,4,2,02,3,1,000,000,1,0,1,4,1,36,1,1,2,00,2,1,1,201200011307B01,10,15,1
201200011317,2012-04-21,2012,avril,samedi,13:35,06,06088,0,0,2,1,2,1,1,9,2,02,1,1,000,000,1,0,1,1,1,12,0,1,2,00,2,1,1,201200011317Z01,1,1,1
201200011317,2012-04-21,2012,avril,samedi,13:35,06,06088,0,0,2,1,2,1,1,9,2,02,1,1,000,000,1,0,1,4,1,55,5,1,2,00,2,4,1,201200011317B01,1,1,1
201200011328,2012-04-25,2012,avril,mercredi,11:45,06,06088,0,0,2,1,6,1,1,4,2,02,1,1,000,000,1,4,1,1,2,34,5,1,9,00,1,0,1,201200011328A01,,,
201200011352,2012-05-05,2012,mai,samedi,94:0,06,06088,0,0,2,2,3,1,1,4,1,00,-1,-1,000,000,-1,0,1,4,1,63,5,1,2,00,2,0,1,201200011352A01,7,1,1
201200011390,2012-05-18,2012,mai,vendredi,11:25,06,06088,0,0,2,2,3,1,2,4,2,03,1,1,000,000,2,0,1,3,1,89,5,1,9,00,2,1,1,201200011390A01,7,1,1
201200011417,2012-05-29,2012,mai,mardi,14:30,06,06088,0,0,2,1,1,1,1,4,1,02,1,1,000,000,1,0,4,4,1,28,0,1,9,00,2,1,1,201200011417B01,2,1,1
201200011446,2012-06-08,2012,juin,vendredi,95:0,06,06088,0,0,1,1,6,1,1,4,2,02,2,3,000,000,1,0,1,2,1,31,5,1,2,00,2,0,1,201200011446A01,14,1,1
201200011457,2012-06-12,2012,juin,mardi,16:30,06,06088,0,0,2,3,7,1,1,4,1,01,1,1,000,038,1,0,1,1,1,35,5,1,9,00,2,0,5,201200011457A01,31,16,1
201200011515,2012-07-07,2012,juillet,samedi,21:35,06,06088,0,0,2,1,3,5,1,3,2,05,1,1,000,000,1,0,1,4,2,39,5,1,9,00,2,3,1,201200011515B01,10,1,1
201200011547,2012-07-21,2012,juillet,samedi,85:5,06,06088,0,0,2,1,6,1,1,4,1,03,1,1,000,000,1,0,1,4,1,27,0,1,9,00,2,4,9,201200011547A01,7,1,1
201200011702,2012-09-22,2012,septembre,samedi,21:40,06,06088,0,0,2,1,6,1,1,4,3,03,1,1,000,000,1,0,1,4,2,22,5,1,9,00,2,5,19,201200011702B01,31,1,1
201200011746,2012-10-14,2012,octobre,dimanche,84:5,06,06159,0,0,2,1,5,1,1,4,1,02,2,1,000,000,1,0,1,1,1,77,5,1,2,00,2,8,1,201200011746C01,7,1/2,2
201200011776,2012-10-24,2012,octobre,mercredi,11:00,06,06088,0,0,2,1,3,1,1,4,2,03,1,1,000,000,1,0,1,4,1,62,5,1,2,00,2,1,1,201200011776B01,7,15,1
201200011792,2012-10-30,2012,octobre,mardi,12:05,06,06088,0,0,2,1,6,1,1,4,1,02,1,1,000,000,1,0,1,4,2,39,1,1,9,00,2,1,0,201200011792A01,33,0,1
201200011795,2012-10-31,2012,octobre,mercredi,84:0,06,06088,0,0,2,1,3,1,1,4,2,02,1,1,000,000,1,0,1,4,1,31,4,1,9,00,2,1,1,201200011795B01,10,16,1
201200011808,2012-11-06,2012,novembre,mardi,12:40,06,06088,0,0,2,1,1,1,1,4,2,04,1,1,000,000,1,0,1,4,1,27,5,1,2,00,2,1,1,201200011808B01,7,15,1
201200011815,2012-11-08,2012,novembre,jeudi,11:00,06,06088,0,0,2,2,3,1,1,4,1,01,2,1,000,110,1,0,1,4,1,48,5,1,9,00,2,1,1,201200011815B01,7,16,1
201200011844,2012-11-19,2012,novembre,lundi,16:05,06,06088,0,0,2,1,3,1,1,4,2,03,1,-1,000,000,1,0,1,4,1,66,5,1,2,00,2,5,15,201200011844B01,7,15,1
201200011847,2012-11-20,2012,novembre,mardi,19:40,06,06088,0,0,2,1,3,5,1,4,2,03,2,1,000,000,1,0,1,4,1,19,4,1,2,00,2,8,8,201200011847A01,7,15,1
201200011913,2012-12-18,2012,décembre,mardi,13:44,06,06088,0,0,2,1,6,1,1,4,2,02,1,1,000,000,1,0,4,4,1,34,1,1,9,00,1,1,1,201200011913A01,,,
201200011913,2012-12-18,2012,décembre,mardi,13:44,06,06088,0,0,2,1,6,1,1,4,2,02,1,1,000,000,1,0,4,1,1,66,5,1,8,00,1,1,1,201200011913A01,,,
201200011919,2012-12-21,2012,décembre,vendredi,18:30,06,06088,0,0,2,1,6,5,1,4,2,02,1,1,000,000,1,0,1,4,1,69,5,1,2,00,2,1,1,201200011919B01,7,0,1
201200011967,2012-08-14,2012,août,mardi,22:30,47,47318,44.1928,0.30483,1,1,1,3,1,3,2,02,1,1,000,060,1,0,1,2,1,76,5,1,8,00,0,0,9,201200011967A01,7,2,1
201200011981,2012-07-17,2012,juillet,mardi,15:35,07,07325,0,0,1,2,3,1,1,3,2,02,2,1,000,055,1,0,1,3,1,60,5,1,2,00,2,1,1,201200011981A01,1,1,1
201200011981,2012-07-17,2012,juillet,mardi,15:35,07,07325,0,0,1,2,3,1,1,3,2,02,2,1,000,055,1,0,1,1,1,7,5,1,9,00,2,6,1,201200011981B01,1,1,1
201200011984,2012-09-28,2012,septembre,vendredi,12:56,07,07019,0,0,1,6,3,1,1,2,1,02,1,-1,000,000,1,5,1,3,1,77,5,1,2,00,0,5,1,201200011984B01,7,9,1
201200011988,2012-01-20,2012,janvier,vendredi,81:5,07,07102,0,0,2,6,3,2,1,4,2,02,1,1,070,169,2,5,1,3,1,54,1,1,4,00,2,5,1,201200011988B01,7,1,1
201200011991,2012-05-01,2012,mai,mardi,12:15,07,07281,0,0,1,1,3,1,1,3,2,02,2,-1,000,087,1,0,1,3,1,57,5,1,2,00,2,3,1,201200011991B01,31,13,1
201200011995,2012-08-08,2012,août,mercredi,11:25,07,07281,0,0,2,6,3,1,1,3,1,01,1,2,000,090,1,5,1,3,1,77,5,1,9,00,2,8,1,201200011995B01,7,1,1
201200011998,2012-10-06,2012,octobre,samedi,17:10,07,07281,0,0,2,4,3,1,1,3,2,03,2,3,026,107,1,5,1,4,1,19,5,1,9,00,2,1,1,201200011998B01,7,15,1
201200012017,2012-01-18,2012,janvier,mercredi,17:15,07,07072,0,0,1,1,5,1,1,3,2,02,1,1,000,000,1,0,1,3,1,54,1,1,9,01,2,1,1,201200012017C01,7,11/23,2
201200012018,2012-02-11,2012,février,samedi,12:00,07,07008,0,0,2,1,3,1,1,4,3,02,1,3,000,000,1,0,1,3,1,41,5,1,9,00,2,1,1,201200012018B01,7,11,1
201200012033,2012-12-10,2012,décembre,lundi,15:15,07,07072,0,0,1,1,2,1,1,3,2,02,2,3,000,048,1,0,1,4,1,34,5,1,4,00,2,1,1,201200012033B01,7,1,1
201200012071,2012-07-07,2012,juillet,samedi,14:30,51,51054,0,0,2,3,3,1,1,3,2,02,1,1,,071,1,0,1,3,1,15,5,1,1,00,2,3,19,201200012071B02,7,1,1
201200012082,2012-02-27,2012,février,lundi,11:30,69,69064,0,0,2,3,3,1,1,4,2,01,1,1,000,043,1,0,1,3,2,56,5,1,2,00,2,1,15,201200012082A01,10,1,1
201200012089,2012-08-13,2012,août,lundi,14:00,69,69235,0,0,1,1,1,1,1,3,2,02,-1,1,000,052,1,0,1,2,1,57,5,1,2,00,2,3,1,201200012089B02,33,1,1
201200012095,2012-08-18,2012,août,samedi,19:45,37,37050,0,0,2,1,1,1,1,4,1,00,1,3,000,000,1,5,5,3,1,10,5,1,2,00,2,1,1,201200012095B02,7,15,1
201200012102,2012-08-21,2012,août,mardi,21:15,33,33229,0,0,2,3,3,1,1,3,2,02,1,2,000,045,1,5,1,3,1,27,9,1,1,00,2,5,15,201200012102A01,7,1,1
201200012445,2012-01-16,2012,janvier,lundi,16:00,67,67106,0,0,2,1,1,1,1,4,1,01,1,1,000,000,1,0,1,3,1,53,1,1,1,00,0,1,1,201200012445B02,7,1,1
201200012450,2012-07-09,2012,juillet,lundi,51:5,67,67465,0,0,1,1,2,2,1,3,2,00,1,2,000,065,1,0,1,2,1,76,5,1,1,00,0,4,1,201200012450B02,10,1,1
201200012490,2012-03-25,2012,mars,dimanche,15:30,08,08105,49.7484,4.7298,2,1,6,1,1,4,2,02,1,1,000,050,1,0,1,3,2,10,5,1,2,00,2,1,19,201200012490B01,7,1,1
201200012506,2012-08-13,2012,août,lundi,15:20,08,08105,0,0,2,1,6,1,1,4,-1,01,1,1,000,000,1,0,4,1,1,21,5,1,9,00,1,1,1,201200012506A01,,,
201200012524,2012-03-20,2012,mars,mardi,16:00,13,13011,0,0,1,1,3,1,1,3,2,02,1,1,000,096,1,0,1,3,1,67,5,1,2,00,2,3,15,201200012524B02,7,17,1
201200012556,2012-08-22,2012,août,mercredi,81:5,41,41160,47.5598,1.5779,1,1,2,1,7,3,2,02,1,1,000,064,1,0,1,3,1,65,5,1,9,00,2,4,1,201200012556B02,7,1,1
201200012558,2012-04-01,2012,avril,dimanche,12:15,69,69027,0,0,2,1,1,1,1,4,2,02,1,1,000,000,1,0,1,4,1,34,5,1,2,00,2,1,1,201200012558B02,7,15,1
201200012567,2012-12-20,2012,décembre,jeudi,18:00,29,29212,48.38055,-4.62254,2,1,3,2,2,4,2,00,-1,2,010,040,2,0,1,3,1,13,5,1,4,00,2,1,1,201200012567B02,7,15,1
201200012643,2012-07-24,2012,juillet,mardi,18:00,38,38485,45.173,5.667,2,2,1,1,1,4,2,01,1,1,000,078,1,0,1,4,2,39,1,1,2,00,2,1,1,201200012643B02,7,1,1
201200012647,2012-06-15,2012,juin,vendredi,13:00,38,38173,45.045,6.125,1,1,5,1,1,3,2,02,-1,3,000,000,-1,0,1,4,1,35,0,1,2,00,2,0,13,201200012647A01,33,1/21,2
201200012741,2012-05-07,2012,mai,lundi,13:45,95,95074,49.0132,2.00159,1,1,1,1,1,3,2,02,1,1,000,070,1,0,1,3,1,49,5,1,9,01,0,1,1,201200012741B02,7,23,1
201200012743,2012-09-05,2012,septembre,mercredi,11:30,95,95637,49.0224,2.02749,2,1,3,1,1,4,2,02,1,1,,,1,0,1,4,1,12,3,1,9,00,2,8,15,201200012743B02,7,1,1
201200012797,2012-02-28,2012,février,mardi,10:30,74,74081,0,0,2,6,1,1,7,3,-1,00,1,1,230,085,1,5,1,3,1,20,5,1,2,00,2,1,9,201200012797B02,10,9,1
201200012806,2012-08-22,2012,août,mercredi,84:5,74,74169,0,0,2,1,3,1,1,3,2,02,1,1,000,000,1,0,4,3,2,63,3,1,1,00,2,3,5,201200012806B02,7,19,1
201200012840,2012-03-01,2012,mars,jeudi,20:0,91,91553,0,0,2,6,3,3,8,3,3,02,2,3,020,052,1,5,1,3,1,53,1,1,4,00,2,1,1,201200012840B02,37,1,1
201200012849,2012-09-15,2012,septembre,samedi,14:45,38,38253,45.034,6.09166,1,3,1,1,1,2,2,00,2,2,085,000,1,0,1,2,1,47,5,1,9,00,2,8,13,201200012849A01,7,1,1
201200012861,2012-10-31,2012,octobre,mercredi,22:40,09,09225,43.1111,1.61319,2,2,6,5,1,3,2,02,2,1,,,1,5,1,3,1,17,0,1,9,00,2,0,15,201200012861A01,7,0,1
201200012864,2012-11-22,2012,novembre,jeudi,12:55,09,09225,43.11436,1.61958,2,1,6,1,1,4,2,02,2,1,000,085,1,0,1,4,2,56,0,1,9,00,2,3,2,201200012864B01,7,2,1
201200012926,2012-04-09,2012,avril,lundi,17:45,38,38126,0,0,1,1,1,1,1,3,2,02,2,2,000,000,1,0,1,3,1,32,5,1,2,00,2,0,1,201200012926B02,33,1,1
201200012934,2012-12-31,2012,décembre,lundi,94:5,38,38229,0,0,2,1,3,1,1,4,1,00,2,1,000,070,1,0,1,3,2,67,0,1,1,00,2,7,1,201200012934B02,10,1,1
201200012938,2012-06-20,2012,juin,mercredi,19:30,06,06085,0,0,2,1,7,1,1,3,-1,00,2,-1,000,000,1,0,1,3,1,51,5,1,1,00,0,0,1,201200012938A01,,,
201200012956,2012-10-12,2012,octobre,vendredi,17:00,33,33122,0,0,2,6,1,1,1,9,2,01,1,1,000,060,1,5,1,3,1,57,9,1,1,00,2,1,0,201200012956B02,38,1,1
201200012989,2012-03-31,2012,mars,samedi,11:45,74,74268,0,0,1,2,3,1,1,4,2,02,1,1,,070,1,0,1,3,1,53,5,1,2,00,2,7,15,201200012989B02,7,1,1
201200012994,2012-10-15,2012,octobre,lundi,18:30,74,74268,0,0,1,1,1,1,1,4,2,02,1,2,100,100,1,0,1,3,1,49,5,1,2,00,2,1,1,201200012994B02,7,13,1
201200013009,2012-05-29,2012,mai,mardi,17:00,42,42279,45.49941,4.24039,2,1,1,1,1,3,2,02,1,1,040,080,1,0,1,4,1,65,5,1,2,00,2,1,1,201200013009B02,7,15,1
201200013011,2012-10-06,2012,octobre,samedi,10:00,42,42169,45.44477,4.17687,1,1,2,1,1,3,2,02,2,1,000,040,1,0,1,3,1,64,5,1,2,00,2,1,1,201200013011B02,1,1,1
201200013011,2012-10-06,2012,octobre,samedi,10:00,42,42169,45.44477,4.17687,1,1,2,1,1,3,2,02,2,1,000,040,1,0,1,4,1,61,5,1,2,00,2,4,1,201200013011A01,1,1,1
201200013015,2012-01-28,2012,janvier,samedi,16:15,91,91037,0,0,1,1,3,1,1,3,2,02,1,1,000,000,1,0,3,3,2,76,5,1,9,00,2,8,2,201200013015B02,7,1,1
201200013064,2012-09-19,2012,septembre,mercredi,14:15,38,38448,45.46,4.81,1,1,3,1,1,4,2,02,1,1,000,060,1,0,1,3,1,13,5,1,4,00,2,8,15,201200013064B02,7,17,1
201200013065,2012-09-29,2012,septembre,samedi,90:0,38,38536,0,0,2,1,1,1,2,3,2,02,1,1,070,000,2,0,1,3,1,50,5,1,1,00,2,1,1,201200013065A01,10,1,1
201200013066,2012-06-16,2012,juin,samedi,13:15,74,74299,0,0,2,1,1,1,1,4,3,02,1,1,000,068,1,0,1,1,2,27,5,1,1,00,9,8,2,201200013066A01,1,2,1
201200013066,2012-06-16,2012,juin,samedi,13:15,74,74299,0,0,2,1,1,1,1,4,3,02,1,1,000,068,1,0,1,3,2,66,5,1,1,00,9,2,2,201200013066B02,1,2,1
201200013099,2012-11-22,2012,novembre,jeudi,11:30,78,78043,0,0,1,1,1,4,5,3,3,04,1,1,025,095,1,0,5,3,1,47,1,1,2,00,0,7,1,201200013099A01,7,12,1
201200013162,2012-04-12,2012,avril,jeudi,16:45,13,13069,0,0,2,3,3,1,1,4,2,02,2,3,000,000,1,0,1,4,1,66,5,1,2,00,2,2,1,201200013162A01,7,1,1
201200013222,2012-02-23,2012,février,jeudi,20:00,10,10387,48.29611,4.09432,2,6,6,5,1,4,3,02,1,1,,070,1,5,1,4,1,67,0,1,9,00,2,7,1,201200013222B01,7,9,1
201200013235,2012-04-11,2012,avril,mercredi,15:45,10,10387,48.29909,4.06107,2,6,3,1,1,4,1,02,1,-1,,,2,5,1,3,1,82,0,1,9,00,2,5,1,201200013235B01,7,1,1
201200013246,2012-07-18,2012,juillet,mercredi,14:03,10,10387,48.29249,4.07384,2,6,3,1,1,4,2,04,1,1,000,140,1,0,0,3,1,56,1,1,9,00,2,1,1,201200013246B01,10,16,1
201200013251,2012-08-13,2012,août,lundi,50:0,10,10387,48.2913,4.08771,2,6,3,5,1,4,1,00,1,-1,,,1,0,1,3,1,35,1,1,4,00,2,4,1,201200013251B01,7,9,1
201200013255,2012-09-14,2012,septembre,vendredi,85:0,10,10081,48.31247,4.04904,2,6,3,1,7,3,2,02,1,1,,,1,0,1,3,2,59,1,1,9,00,2,1,1,201200013255B01,7,9,1
201200013257,2012-09-16,2012,septembre,dimanche,10:00,10,10387,48.29106,4.08842,2,6,3,1,1,4,1,02,1,1,,090,1,0,1,4,1,45,5,1,9,00,2,5,1,201200013257B01,7,9,1
201200013272,2012-10-01,2012,octobre,lundi,18:03,10,10387,48.30073,4.07528,2,6,3,2,1,4,1,02,1,1,028,028,1,0,1,4,2,30,0,1,9,00,2,4,1,201200013272B01,7,9,1
201200013282,2012-11-22,2012,novembre,jeudi,85:0,10,10387,48.30377,4.07852,2,3,1,1,1,4,2,04,1,2,,140,1,0,1,3,2,50,1,1,9,00,2,1,1,201200013282B01,10,5,1
201200013292,2012-03-25,2012,mars,dimanche,17:15,67,67152,0,0,2,1,3,1,1,4,2,01,1,1,000,041,1,0,1,3,2,20,5,1,1,00,2,3,2,201200013292B02,30,2,1
201200013343,2012-06-19,2012,juin,mardi,15:45,35,35352,0,0,2,6,1,1,1,3,1,02,-1,2,000,000,1,0,1,4,2,56,3,1,1,00,2,7,1,201200013343B02,7,1,1
201200013347,2012-12-04,2012,décembre,mardi,74:5,35,35266,0,0,1,1,3,2,2,3,2,00,1,1,000,000,2,0,1,3,1,27,1,1,4,13,2,4,2,201200013347B02,7,17,1
201200013382,2012-01-09,2012,janvier,lundi,12:04,11,11069,0,0,1,1,3,1,1,3,2,01,1,1,000,000,1,0,5,3,1,46,0,1,9,00,2,1,1,201200013382B01,7,16,1
201200013416,2012-04-14,2012,avril,samedi,18:51,11,11069,0,0,1,1,6,1,1,3,2,02,1,1,000,000,1,0,1,4,1,20,0,1,9,00,9,0,0,201200013416B01,34,0,1
201200013453,2012-06-25,2012,juin,lundi,17:00,11,11069,0,0,2,1,2,1,1,4,1,03,1,1,000,000,1,0,1,4,1,67,5,1,4,00,2,1,2,201200013453A01,7,2,1