Num_Acc,date,an,mois,jour,hrmn,dep,com,lat,long,agg,int,col,lum,atm,catr,circ,nbv,prof,plan,lartpc,larrout,surf,infra,situ,grav,sexe,age,trajet,secuexist,equipement,obs,obsm,choc,manv,vehiculeid,typevehicules,manoeuvehicules,numVehicules
201200013459,2012-07-09,2012,juillet,lundi,18:30,11,11069,0,0,2,1,7,1,1,4,1,03,1,1,000,000,1,0,1,4,2,22,1,1,4,00,0,0,1,201200013459A01,,,
201200013465,2012-08-27,2012,août,lundi,15:59,11,11069,0,0,2,1,7,1,1,4,1,01,2,1,000,000,1,0,1,4,1,13,5,1,4,00,0,9,0,201200013465A01,,,
201200013486,2012-11-15,2012,novembre,jeudi,16:30,11,11069,0,0,2,6,3,1,1,3,2,00,1,1,000,000,1,5,1,3,2,67,5,1,9,00,2,8,2,201200013486B01,7,2,1
201200013511,2012-09-23,2012,septembre,dimanche,10:00,11,11076,0,0,2,1,6,1,1,4,2,02,2,1,000,063,1,0,1,2,1,86,5,1,9,01,0,6,0,201200013511B01,7,24,1
201200013539,2012-03-02,2012,mars,vendredi,15:39,11,11262,0,0,2,1,3,1,1,4,2,02,1,1,000,000,1,0,1,4,1,33,1,1,9,00,2,1,1,201200013539B01,7,15,1
201200013543,2012-03-14,2012,mars,mercredi,16:35,11,11262,0,0,2,1,6,1,1,4,2,02,2,1,000,000,1,0,1,4,2,42,0,1,9,01,2,8,1,201200013543B01,7,0,1
201200013555,2012-05-15,2012,mai,mardi,17:13,11,11262,0,0,2,1,6,1,6,4,-1,03,1,1,000,000,1,0,1,1,1,12,2,1,9,00,2,1,19,201200013555B01,7,1,1
201200013555,2012-05-15,2012,mai,mardi,17:13,11,11262,0,0,2,1,6,1,6,4,-1,03,1,1,000,000,1,0,1,4,2,13,2,1,9,00,2,1,19,201200013555B01,7,1,1
201200013592,2012-03-15,2012,mars,jeudi,14:45,11,11262,0,0,2,1,2,1,1,4,2,02,1,1,000,000,1,0,1,4,1,60,5,1,9,00,2,1,1,201200013592B01,7,1,1
201200013595,2012-03-19,2012,mars,lundi,18:40,11,11262,0,0,2,6,3,1,1,4,2,02,1,1,000,000,1,0,1,4,1,51,0,1,4,00,2,0,1,201200013595B01,7,9,1
201200013599,2012-04-12,2012,avril,jeudi,85:0,11,11262,0,0,2,2,3,1,1,4,1,01,1,1,000,000,1,0,1,4,1,44,1,1,9,00,0,0,1,201200013599A01,7,1,1
201200013605,2012-05-01,2012,mai,mardi,10:34,11,11262,0,0,2,1,6,1,1,4,1,03,1,1,000,000,1,0,1,4,1,68,0,1,9,00,2,0,1,201200013605B01,7,1,1
201200013611,2012-05-15,2012,mai,mardi,13:18,11,11262,0,0,2,2,3,1,1,4,1,00,3,1,000,000,1,0,1,4,2,47,1,1,9,00,2,2,1,201200013611B01,7,1,1
201200013614,2012-05-29,2012,mai,mardi,95:0,11,11262,0,0,2,2,3,1,1,4,2,02,1,1,000,000,1,0,1,4,2,75,0,1,4,00,2,1,1,201200013614A01,7,0,1
201200013618,2012-06-11,2012,juin,lundi,14:30,11,11262,0,0,2,1,7,1,1,4,2,02,1,1,000,000,1,0,1,4,1,54,5,1,9,03,0,7,1,201200013618A01,,,
201200013620,2012-06-14,2012,juin,jeudi,13:15,11,11262,0,0,2,3,3,1,1,4,2,02,1,1,000,000,1,0,5,4,2,60,0,1,9,00,2,1,1,201200013620B01,7,1,1
201200013621,2012-06-16,2012,juin,samedi,11:15,11,11262,0,0,2,3,3,1,1,4,2,02,1,1,000,000,1,0,1,4,1,32,9,1,4,00,2,0,1,201200013621B01,7,1,1
201200013626,2012-06-28,2012,juin,jeudi,13:15,11,11262,0,0,2,1,3,1,1,4,1,02,1,1,000,000,1,0,1,4,1,46,0,1,9,00,2,1,1,201200013626B01,7,11,1
201200013640,2012-08-24,2012,août,vendredi,15:09,11,11262,0,0,2,2,2,1,1,4,2,01,1,1,000,000,1,0,1,4,1,82,0,1,9,00,2,1,0,201200013640A01,7,1,1
201200013649,2012-09-17,2012,septembre,lundi,17:40,11,11262,0,0,2,1,3,1,1,4,2,00,1,1,000,000,1,0,1,4,1,15,0,1,9,00,2,1,19,201200013649A01,7,1,1
201200013656,2012-10-29,2012,octobre,lundi,15:20,11,11262,0,0,2,1,2,1,1,4,-1,01,1,1,000,000,1,0,1,4,1,5,5,1,9,00,2,1,1,201200013656A01,1,1,1
201200013656,2012-10-29,2012,octobre,lundi,15:20,11,11262,0,0,2,1,2,1,1,4,-1,01,1,1,000,000,1,0,1,1,2,40,0,1,9,00,0,4,1,201200013656B01,1,1,1
201200013670,2012-11-22,2012,novembre,jeudi,80:5,11,11262,0,0,2,6,3,1,1,4,2,03,1,1,000,000,1,0,1,4,2,43,0,1,9,00,2,0,19,201200013670B01,7,16,1
201200013680,2012-12-11,2012,décembre,mardi,10:20,11,11262,0,0,2,3,6,1,1,4,1,01,1,1,000,000,1,0,1,1,2,55,5,1,9,00,1,0,1,201200013680A01,,,
201200013698,2012-06-27,2012,juin,mercredi,83:0,13,13091,43.616,5.305,1,1,2,1,1,3,2,02,1,1,000,049,1,0,1,3,1,58,5,1,1,00,9,0,1,201200013698B02,14,1,1
201200013800,2012-11-26,2012,novembre,lundi,17:55,12,12146,0,0,2,1,1,5,2,4,2,02,1,1,000,000,2,0,1,4,1,20,1,1,9,00,2,1,2,201200013800B01,7,11,1
201200013813,2012-01-28,2012,janvier,samedi,14:15,24,24461,44.927,0.187,1,1,2,1,1,3,2,00,3,3,000,054,2,0,1,3,1,84,5,1,8,00,2,4,2,201200013813B02,7,1,1
201200013839,2012-01-02,2012,janvier,lundi,18:15,13,13001,43.5245,5.43946,2,3,3,5,1,4,2,02,1,1,000,060,2,0,1,4,1,53,1,1,2,00,2,7,1,201200013839B01,7,15,1
201200013863,2012-04-29,2012,avril,dimanche,21:50,13,13001,0,0,1,6,2,5,1,3,3,02,1,3,000,090,1,5,1,3,1,19,5,1,9,00,0,4,2,201200013863B01,7,2,1
201200013885,2012-07-27,2012,juillet,vendredi,15:18,13,13001,0,0,2,1,3,1,1,3,1,00,1,1,000,000,1,0,0,3,1,32,0,1,9,00,2,8,1,201200013885B01,14,2,1
201200013912,2012-10-15,2012,octobre,lundi,10:00,13,13001,0,0,2,1,3,1,1,4,2,02,1,1,000,000,1,0,5,3,1,59,5,1,2,01,0,1,2,201200013912C01,7,22,1
201200013920,2012-12-01,2012,décembre,samedi,16:45,13,13001,43.5474,5.41312,2,1,1,1,1,4,2,02,2,4,000,000,1,0,1,3,1,25,0,1,2,00,2,1,17,201200013920A01,7,1,1
201200013925,2012-11-08,2012,novembre,jeudi,16:00,13,13001,43.5328,5.42752,2,6,3,1,1,3,1,01,1,1,000,000,1,0,1,3,1,50,0,1,9,00,2,1,1,201200013925B01,7,1,1
201200013934,2012-04-12,2012,avril,jeudi,13:00,13,13001,43.559,5.4517,2,1,3,1,1,4,-1,00,-1,-1,000,000,-1,0,0,4,1,57,0,1,2,00,0,0,0,201200013934B01,7,0,1
201200013995,2012-03-26,2012,mars,lundi,95:5,13,13005,0,0,1,6,3,1,1,3,2,02,1,1,000,000,1,0,1,4,1,62,5,1,9,00,2,7,1,201200013995B01,7,9,1
201200013996,2012-03-28,2012,mars,mercredi,95:5,13,13005,0,0,2,1,3,1,1,2,2,02,1,1,000,070,1,5,1,4,1,71,5,1,2,00,2,1,1,201200013996B01,7,9,1
201200014019,2012-05-25,2012,mai,vendredi,10:20,13,13005,0,0,2,6,3,1,1,2,2,01,1,1,000,000,-1,5,1,4,1,69,0,1,4,00,2,8,1,201200014019B01,7,16,1
201200014039,2012-07-19,2012,juillet,jeudi,80:0,13,13005,0,0,1,1,7,1,1,2,2,02,2,1,004,060,1,0,1,4,1,32,5,1,9,00,0,0,2,201200014039B01,7,17,1
201200014046,2012-07-29,2012,juillet,dimanche,13:00,13,13005,0,0,2,1,2,1,1,3,1,03,1,2,000,000,1,0,1,4,1,57,5,1,2,00,0,4,2,201200014046B01,33,2,1
201200014048,2012-08-08,2012,août,mercredi,80:0,13,13005,0,0,1,3,3,1,1,2,1,01,1,2,010,086,1,5,1,4,1,70,5,1,2,00,2,7,1,201200014048B01,7,9,1
201200014052,2012-08-14,2012,août,mardi,10:30,13,13005,0,0,1,3,3,1,1,3,2,01,1,1,000,000,1,0,1,4,1,49,0,1,2,00,2,1,1,201200014052B01,7,16,1
201200014053,2012-08-17,2012,août,vendredi,10:00,13,13005,0,0,1,9,7,1,1,2,1,01,1,2,000,035,1,0,1,3,1,79,5,1,9,00,0,3,1,201200014053A01,,,
201200014104,2012-07-05,2012,juillet,jeudi,12:20,13,13005,0,0,2,1,6,1,1,3,2,02,1,1,000,000,1,0,1,4,1,72,5,1,2,00,2,7,17,201200014104B01,10,1,1
201200014178,2012-04-02,2012,avril,lundi,82:0,13,13054,0,0,2,1,6,1,1,2,-1,00,1,-1,000,000,1,0,5,1,1,43,1,1,9,00,1,1,1,201200014178A01,,,
201200014178,2012-04-02,2012,avril,lundi,82:0,13,13054,0,0,2,1,6,1,1,2,-1,00,1,-1,000,000,1,0,5,4,1,5,0,1,9,00,1,1,1,201200014178A01,,,
201200014192,2012-06-06,2012,juin,mercredi,14:15,13,13054,0,0,2,1,2,1,1,3,2,00,-1,-1,000,065,1,0,1,4,1,69,0,1,9,00,0,4,2,201200014192B01,7,2,1
201200014204,2012-07-25,2012,juillet,mercredi,14:20,13,13054,0,0,2,1,3,1,1,4,2,01,1,1,001,001,1,0,1,4,1,58,5,1,9,00,0,1,17,201200014204B01,7,15,1
201200014235,2012-12-09,2012,décembre,dimanche,17:00,13,13055,0,0,2,1,6,2,1,4,2,00,1,1,000,000,1,0,1,4,1,12,0,1,9,00,2,0,1,201200014235B01,7,4,1
201200014266,2012-12-17,2012,décembre,lundi,81:5,13,13055,0,0,2,1,6,1,1,4,-1,00,1,1,000,000,1,0,1,4,1,24,0,1,9,00,0,0,0,201200014266B01,7,1,1
201200014286,2012-12-19,2012,décembre,mercredi,20:50,13,13055,0,0,2,1,2,5,1,4,2,00,1,1,000,000,1,0,1,3,1,21,0,1,4,00,2,4,1,201200014286B01,7,1,1
201200014294,2012-12-21,2012,décembre,vendredi,10:45,13,13055,43.2665,5.39451,2,1,6,1,1,3,2,02,1,1,000,029,1,0,4,1,1,28,4,1,9,00,1,1,1,201200014294A01,,,
201200014411,2012-01-12,2012,janvier,jeudi,83:0,13,13055,0,0,2,1,6,1,1,4,-1,00,1,1,000,000,1,0,1,4,1,49,0,1,9,00,2,0,1,201200014411B01,7,1,1
201200014501,2012-02-06,2012,février,lundi,14:00,13,13055,0,0,2,1,3,1,1,4,2,06,1,1,022,172,1,0,1,3,1,28,1,1,9,00,2,3,1,201200014501B01,13,1,1
201200014505,2012-02-03,2012,février,vendredi,12:00,13,13055,0,0,2,1,3,1,1,4,2,03,1,-1,060,090,1,4,0,4,2,38,9,1,9,00,4,3,8,201200014505A01,40,8,1
201200014549,2012-12-22,2012,décembre,samedi,13:45,13,13055,0,0,2,2,3,1,1,4,1,02,2,1,000,060,-1,0,1,3,1,13,0,1,9,00,2,1,0,201200014549B01,7,1,1
201200014556,2012-01-21,2012,janvier,samedi,15:45,13,13055,0,0,2,1,3,1,1,4,2,06,1,1,000,150,1,0,1,4,1,41,0,1,2,00,2,1,17,201200014556A01,7,15,1
201200014699,2012-12-21,2012,décembre,vendredi,17:20,13,13075,43.3463,5.45626,2,1,3,5,1,3,-1,02,2,-1,000,037,1,0,0,3,1,13,5,1,4,00,2,5,0,201200014699A01,7,0,1
201200014908,2012-03-20,2012,mars,mardi,11:55,13,13055,0,0,2,1,3,1,1,4,2,02,1,1,000,064,2,0,5,4,1,64,5,1,2,00,2,8,1,201200014908B01,7,14,1
201200014923,2012-04-01,2012,avril,dimanche,20:40,13,13055,0,0,2,2,3,5,1,4,2,02,1,1,000,050,1,0,1,3,1,28,0,1,4,00,2,1,5,201200014923A01,7,2,1
201200014927,2012-03-22,2012,mars,jeudi,23:45,13,13055,0,0,2,1,6,5,1,4,1,00,1,1,000,000,1,0,1,4,2,32,0,1,9,00,2,0,1,201200014927B01,7,1,1
201200014929,2012-03-13,2012,mars,mardi,19:30,13,13055,0,0,2,1,2,5,1,4,1,00,1,1,000,000,1,0,1,4,1,60,0,1,9,00,2,4,2,201200014929B01,7,2,1
201200014931,2012-02-24,2012,février,vendredi,83:5,13,13055,0,0,2,1,6,1,1,4,2,00,1,1,000,000,1,0,1,3,1,60,0,1,9,00,2,1,1,201200014931B01,7,15,1
201200014945,2012-02-20,2012,février,lundi,90:0,13,13055,0,0,2,2,3,1,1,4,-1,01,1,1,000,070,1,0,5,4,2,26,0,1,9,00,2,1,1,201200014945B01,10,1,1
201200014959,2012-03-30,2012,mars,vendredi,16:30,13,13055,0,0,2,1,1,1,1,4,1,02,2,1,000,020,1,0,1,4,1,34,0,1,2,01,0,1,0,201200014959B01,7,0,1
201200015083,2012-04-04,2012,avril,mercredi,12:40,13,13055,0,0,2,3,3,1,2,4,1,01,1,1,000,030,2,0,1,4,1,20,4,1,4,00,2,1,1,201200015083B01,7,16,1
201200015088,2012-04-13,2012,avril,vendredi,90:0,13,13055,0,0,2,1,6,1,2,4,2,02,1,1,000,090,2,0,1,4,1,37,5,1,9,01,0,1,1,201200015088A01,7,22,1
201200015130,2012-04-02,2012,avril,lundi,18:00,13,13075,0,0,2,1,1,1,1,4,2,02,2,2,000,070,1,0,1,4,1,36,5,1,9,00,2,1,1,201200015130B01,7,5,1
201200015173,2012-04-26,2012,avril,jeudi,18:05,13,13055,0,0,2,1,3,1,1,4,2,03,1,1,000,090,1,0,1,4,1,40,1,1,4,00,2,1,1,201200015173B01,7,15,1
201200015182,2012-05-02,2012,mai,mercredi,13:10,13,13002,43.3524,5.4812,2,1,2,1,1,3,2,02,1,1,000,063,1,0,1,4,1,55,5,1,2,00,2,1,2,201200015182A01,10,23,1
201200015193,2012-05-02,2012,mai,mercredi,74:0,13,13055,0,0,2,1,3,1,1,4,2,02,1,1,000,074,1,0,1,4,2,42,1,1,9,00,2,7,1,201200015193B01,7,15,1
201200015354,2012-05-24,2012,mai,jeudi,17:35,13,13055,0,0,2,1,3,1,1,4,3,03,1,1,000,120,1,0,1,3,1,45,0,1,2,00,2,0,19,201200015354B01,30,1,1
201200015373,2012-03-27,2012,mars,mardi,13:00,13,13055,0,0,2,1,1,1,1,4,2,04,2,1,003,050,1,0,1,4,1,27,5,1,9,00,2,1,1,201200015373A01,7,23,1
201200015383,2012-05-16,2012,mai,mercredi,13:00,13,13055,0,0,2,1,5,1,1,4,-1,02,1,1,000,063,1,0,1,4,1,27,5,1,9,00,2,3,19,201200015383B01,2/ 7,1,2
201200015401,2012-06-13,2012,juin,mercredi,16:00,13,13055,0,0,2,1,3,1,1,4,2,01,1,1,000,050,1,0,1,4,1,13,5,1,9,00,2,6,1,201200015401B01,7,1,1
201200015405,2012-05-10,2012,mai,jeudi,90:0,13,13055,43.2899,5.441,2,1,3,1,1,3,1,01,1,1,000,030,1,0,1,4,1,27,9,1,2,00,2,1,1,201200015405B01,31,1,1
201200015447,2012-05-26,2012,mai,samedi,91:0,13,13055,0,0,2,1,5,1,1,4,-1,02,1,1,000,000,1,0,0,3,1,19,5,1,4,00,2,1,15,201200015447B01,10/ 7,1,2
201200015475,2012-06-19,2012,juin,mardi,94:5,13,13055,0,0,2,1,3,1,1,4,2,02,1,1,000,000,1,0,1,3,1,55,5,1,9,00,2,0,17,201200015475B01,7,15,1
201200015499,2012-05-09,2012,mai,mercredi,18:00,13,13055,0,0,2,1,3,1,1,4,1,01,1,1,000,000,1,0,1,1,1,18,5,1,9,00,2,8,5,201200015499A01,7,1,1
201200015499,2012-05-09,2012,mai,mercredi,18:00,13,13055,0,0,2,1,3,1,1,4,1,01,1,1,000,000,1,0,1,4,2,16,5,1,9,00,2,8,5,201200015499A01,7,1,1
201200015503,2012-05-11,2012,mai,vendredi,14:15,13,13055,0,0,2,1,3,1,1,9,2,02,2,1,000,060,1,0,2,3,1,16,0,1,2,00,2,3,19,201200015503B01,2,17,1
201200015656,2012-07-14,2012,juillet,samedi,95:0,13,13055,0,0,2,1,3,1,1,4,2,02,1,3,000,060,1,0,1,3,2,74,5,1,9,00,2,1,1,201200015656B01,7,15,1
201200015687,2012-07-02,2012,juillet,lundi,12:30,13,13055,0,0,2,6,3,1,8,4,1,03,1,2,000,060,1,5,1,4,2,28,5,1,9,00,2,8,9,201200015687A01,7,12,1
201200015703,2012-08-01,2012,août,mercredi,12:00,13,13055,0,0,2,1,1,1,1,4,2,02,1,1,000,070,1,0,1,4,1,33,5,1,2,00,2,1,1,201200015703B01,7,4,1
201200015706,2012-07-23,2012,juillet,lundi,19:00,13,13055,0,0,2,1,7,1,1,4,1,02,2,1,000,000,1,0,4,4,1,17,5,1,2,00,1,0,21,201200015706A01,,,
201200015747,2012-07-31,2012,juillet,mardi,18:45,13,13055,0,0,2,3,3,1,1,4,2,02,2,1,000,100,1,0,1,3,2,39,0,1,9,00,2,1,0,201200015747A01,7,15,1
201200015834,2012-08-15,2012,août,mercredi,12:50,13,13055,0,0,2,3,3,1,1,4,1,01,1,1,000,035,1,0,0,4,1,37,5,1,9,00,2,1,0,201200015834B01,7,0,1
201200015843,2012-03-31,2012,mars,samedi,16:45,13,13055,0,0,2,1,7,1,1,4,2,03,1,1,010,080,1,0,1,4,1,17,5,1,9,00,0,0,1,201200015843A01,,,
201200015856,2012-08-19,2012,août,dimanche,44:5,13,13055,0,0,2,1,3,5,1,4,2,02,2,-1,000,070,1,0,1,3,1,21,5,1,4,00,2,2,12,201200015856A01,7,1,1
201200015856,2012-08-19,2012,août,dimanche,44:5,13,13055,0,0,2,1,3,5,1,4,2,02,2,-1,000,070,1,0,1,3,1,24,5,1,4,00,2,2,12,201200015856A01,7,1,1
201200015909,2012-08-24,2012,août,vendredi,14:00,13,13055,0,0,2,1,2,1,1,4,2,02,1,1,000,061,1,0,1,4,1,15,5,1,4,00,2,4,1,201200015909B01,7,2,1
201200015940,2012-08-09,2012,août,jeudi,22:40,13,13055,0,0,2,2,3,5,1,4,1,01,1,1,000,040,1,0,1,4,1,16,5,1,4,00,2,8,1,201200015940A01,34,1,1
201200015989,2012-06-11,2012,juin,lundi,17:20,13,13055,0,0,2,1,6,1,1,4,3,02,2,2,000,000,1,0,1,4,1,45,9,1,9,00,2,1,2,201200015989B01,7,9,1
201200015990,2012-06-19,2012,juin,mardi,12:45,13,13055,0,0,2,1,6,1,1,4,2,05,1,1,000,160,1,0,1,4,2,21,0,1,9,00,2,8,15,201200015990A01,30,17,1
201200016046,2012-09-19,2012,septembre,mercredi,15:30,13,13055,0,0,2,1,6,1,1,4,2,00,1,1,000,000,1,0,1,4,1,29,0,1,9,00,2,7,0,201200016046B01,7,0,1
201200016074,2012-09-26,2012,septembre,mercredi,14:15,13,13055,0,0,2,1,2,1,1,4,2,02,-1,-1,000,000,1,0,1,4,1,30,1,1,9,00,2,4,1,201200016074B01,7,2,1
201200016082,2012-09-21,2012,septembre,vendredi,91:5,13,13055,43.282,5.39959,2,1,3,1,1,3,2,04,1,1,000,060,1,0,1,3,2,22,0,1,9,00,2,0,2,201200016082B01,7,13,1
201200016154,2012-10-11,2012,octobre,jeudi,17:20,13,13055,0,0,2,1,1,1,1,4,2,02,1,1,000,040,2,0,1,4,1,14,2,1,2,00,2,1,1,201200016154A01,7,1,1
201200016184,2012-09-27,2012,septembre,jeudi,12:40,13,13055,43.2552,5.4007,2,1,7,1,1,3,2,06,1,1,000,090,1,0,1,4,1,50,0,1,9,14,0,0,1,201200016184A01,,,
201200016213,2012-08-16,2012,août,jeudi,13:10,13,13055,0,0,2,1,3,1,1,4,2,02,1,1,000,070,1,0,1,4,1,60,0,1,9,00,2,8,19,201200016213A01,7,1,1
201200016323,2012-10-22,2012,octobre,lundi,55:0,13,13002,43.3203,5.49391,2,1,3,5,1,3,3,02,-1,-1,032,047,2,0,1,3,2,23,1,1,9,00,0,0,0,201200016323B01,7,0,1
201200016340,2012-10-03,2012,octobre,mercredi,17:40,13,13055,0,0,2,1,3,1,1,4,2,02,1,1,000,060,1,0,1,4,1,21,5,1,9,00,2,1,18,201200016340B01,7,22,1
201200016368,2012-10-14,2012,octobre,dimanche,90:0,13,13055,0,0,1,1,6,1,1,4,2,00,2,1,000,000,1,0,1,4,1,25,0,1,9,00,2,1,1,201200016368B01,7,15,1
201200016408,2012-10-14,2012,octobre,dimanche,14:30,13,13055,0,0,2,1,2,1,1,4,1,02,1,1,000,000,1,0,1,3,1,11,5,1,9,00,2,4,16,201200016408B01,7,1,1
201200016412,2012-07-16,2012,juillet,lundi,93:8,13,13055,0,0,2,1,3,1,1,4,3,01,1,1,000,040,1,4,1,4,1,34,0,1,4,00,4,3,19,201200016412A01,40,1,1
201200016413,2012-10-25,2012,octobre,jeudi,11:00,13,13055,0,0,2,1,6,1,1,4,2,00,1,1,000,000,1,0,1,4,1,49,0,1,9,00,2,8,1,201200016413B01,7,0,1
201200016424,2012-10-29,2012,octobre,lundi,10:20,13,13002,43.3526,5.48181,2,1,6,1,1,3,2,02,1,1,000,060,1,0,1,4,1,26,0,1,9,00,2,0,17,201200016424B01,7,13,1
201200016458,2012-10-13,2012,octobre,samedi,11:54,13,13106,43.3873,5.35216,2,1,2,1,1,3,2,02,2,1,000,077,1,0,1,4,1,50,5,1,9,00,2,1,1,201200016458B01,7,15,1
201200016552,2012-11-12,2012,novembre,lundi,17:15,13,13055,0,0,2,1,6,2,1,4,2,02,2,1,005,095,1,0,5,4,1,45,1,1,9,00,2,1,18,201200016552B01,7,22,1
201200016557,2012-11-20,2012,novembre,mardi,11:30,13,13055,43.2864,5.41646,2,1,2,1,1,3,2,02,2,1,000,070,1,0,0,4,1,83,5,1,9,00,2,0,0,201200016557B01,7,2,1
201200016561,2012-12-01,2012,décembre,samedi,11:40,13,13055,43.2814,5.39948,2,1,3,1,1,3,2,02,1,1,000,060,1,0,1,4,1,31,0,1,9,00,2,8,1,201200016561B01,33,17,1
201200016593,2012-11-16,2012,novembre,vendredi,12:50,13,13055,43.2543,5.38023,2,1,3,1,1,3,-1,02,1,-1,000,089,1,0,0,3,1,85,5,1,9,00,2,1,0,201200016593B01,7,9,1
201200016645,2012-12-16,2012,décembre,dimanche,11:40,13,13022,43.2387,5.47875,1,1,5,1,2,3,2,04,3,1,000,060,1,0,1,2,1,51,5,1,9,00,0,4,2,201200016645B01,7,2,2
201200016645,2012-12-16,2012,décembre,dimanche,11:40,13,13022,43.2387,5.47875,1,1,5,1,2,3,2,04,3,1,000,060,1,0,1,3,1,50,0,1,9,00,0,4,0,201200016645D01,7,2,2
201200016669,2012-12-18,2012,décembre,mardi,11:45,13,13055,43.2923,5.40105,2,1,6,1,1,3,3,03,1,1,022,097,1,0,1,2,1,50,0,1,9,00,0,0,0,201200016669B01,99,1,1
201200016702,2012-11-11,2012,novembre,dimanche,10:0,13,13055,43.2899,5.36654,2,1,2,5,1,4,3,03,1,-1,000,110,1,0,1,4,1,22,5,1,4,00,0,4,2,201200016702B01,7,2,1
201200016734,2012-11-24,2012,novembre,samedi,17:40,13,13055,43.2869,5.35255,2,3,3,5,1,4,1,01,2,1,000,068,2,0,1,3,1,62,5,1,2,00,2,6,5,201200016734A01,7,15,1
201200016738,2012-07-26,2012,juillet,jeudi,70:0,13,13055,0,0,2,1,3,2,1,4,2,01,1,1,000,000,1,0,1,3,2,18,5,1,9,00,2,8,1,201200016738B01,7,0,1
201200016761,2012-01-23,2012,janvier,lundi,17:50,13,13056,0,0,2,1,3,5,6,4,2,02,2,1,000,000,1,0,1,4,1,17,5,1,9,00,2,2,1,201200016761B01,7,11,1
201200016825,2012-07-06,2012,juillet,vendredi,11:40,13,13077,0,0,1,1,3,1,1,4,2,02,1,1,000,035,1,0,1,4,1,59,5,1,2,00,2,3,1,201200016825B01,7,17,1
201200016827,2012-07-19,2012,juillet,jeudi,10:30,13,13026,0,0,1,1,6,1,1,3,3,02,1,1,000,000,1,0,1,3,2,65,0,1,9,00,2,0,0,201200016827B01,7,0,1
201200016908,2012-10-24,2012,octobre,mercredi,16:30,13,13103,43.6306,5.09783,2,4,3,1,1,9,-1,01,1,-1,000,070,1,0,1,3,1,64,5,1,9,00,2,8,13,201200016908B01,37,2,1
201200016928,2012-08-09,2012,août,jeudi,74:0,13,13108,0,0,1,1,3,2,1,3,4,02,-1,-1,000,000,-1,5,1,3,2,67,5,1,9,00,0,0,0,201200016928Y01,7,0,1
201200016961,2012-02-19,2012,février,dimanche,16:40,13,13117,0,0,1,1,2,1,1,3,3,03,1,1,005,105,1,3,1,3,1,59,5,1,9,00,2,4,1,201200016961B01,7,2,1
201200016979,2012-03-25,2012,mars,dimanche,14:00,13,13117,43.431,5.24054,2,4,2,1,1,4,2,02,1,1,000,080,1,0,1,3,1,16,5,1,9,00,2,4,15,201200016979B01,7,17,1
201200017045,2012-06-10,2012,juin,dimanche,10:10,13,13071,0,0,2,1,3,1,1,4,1,02,1,3,000,040,1,0,1,4,1,60,5,1,9,00,2,4,0,201200017045B01,7,9,1
201200017046,2012-06-10,2012,juin,dimanche,12:05,13,13117,0,0,1,1,3,1,1,3,1,01,2,1,000,050,1,3,1,4,1,41,5,1,2,00,2,3,19,201200017046A01,7,2,1
201200017068,2012-06-28,2012,juin,jeudi,83:0,13,13019,0,0,1,1,7,1,1,4,2,01,1,1,000,000,1,0,1,4,1,70,5,1,9,12,0,0,0,201200017068A01,,,
201200017078,2012-07-20,2012,juillet,vendredi,75:0,13,13117,43.4232,5.24109,2,3,3,1,1,4,2,01,1,1,000,040,1,0,1,4,1,56,5,1,2,00,2,1,1,201200017078B01,7,9,1
201200017103,2012-08-29,2012,août,mercredi,19:30,13,13071,0,0,2,3,3,1,1,2,2,02,2,1,000,040,1,5,1,4,1,58,0,1,9,00,2,7,0,201200017103B01,7,9,1
201200017143,2012-10-18,2012,octobre,jeudi,17:00,13,13071,0,0,1,1,3,1,1,2,2,13,2,1,000,350,1,0,5,4,1,23,5,1,9,00,2,1,5,201200017143A01,7,9,1
201200017254,2012-08-06,2012,août,lundi,16:00,24,24278,44.779,0.614,1,1,3,1,1,3,2,01,1,1,062,000,1,0,1,3,1,53,5,1,2,00,2,1,5,201200017254B02,10,15,1
201200017272,2012-01-16,2012,janvier,lundi,91:5,14,14118,49.1852,-0.35931,2,1,6,1,1,4,1,01,2,1,000,032,1,0,1,3,2,44,1,1,9,01,0,1,1,201200017272B01,7,22,1
201200017289,2012-04-13,2012,avril,vendredi,82:0,14,14118,49.2021,-0.36084,2,1,3,1,1,4,1,01,1,3,000,080,1,3,1,3,2,26,1,1,9,00,2,1,19,201200017289B01,7,16,1
201200017292,2012-04-25,2012,avril,mercredi,10:50,14,14118,49.1789,-0.40252,2,3,3,1,2,4,2,02,1,1,000,080,2,0,1,3,1,72,5,1,9,00,2,8,15,201200017292B01,7,1,1
201200017302,2012-06-05,2012,juin,mardi,74:0,14,14181,49.1603,-0.33399,2,1,3,1,8,4,2,02,1,1,000,051,1,0,5,4,1,59,1,1,8,00,2,1,1,201200017302B01,7,19,1
201200017308,2012-06-27,2012,juin,mercredi,14:25,14,14118,49.1746,-0.33831,2,3,3,1,1,4,2,03,1,1,000,096,1,0,1,3,2,70,5,1,9,00,2,8,1,201200017308B01,14,16,1
201200017319,2012-08-03,2012,août,vendredi,16:45,14,14242,49.219,-0.36701,2,2,3,1,2,3,3,04,1,1,015,115,1,0,5,4,1,21,5,1,9,00,2,1,1,201200017319B01,10,16,1
201200017321,2012-08-07,2012,août,mardi,15:55,14,14118,49.1982,-0.35408,2,1,3,1,1,4,2,04,2,1,000,060,1,0,1,3,1,61,3,1,9,00,2,1,1,201200017321B01,37,1,1
201200017327,2012-09-10,2012,septembre,lundi,93:5,14,14137,0,0,1,3,3,1,1,4,2,02,1,1,000,000,1,0,1,4,2,67,5,1,9,00,2,8,1,201200017327B01,7,15,1