Num_Acc,date,an,mois,jour,hrmn,dep,com,lat,long,agg,int,col,lum,atm,catr,circ,nbv,prof,plan,lartpc,larrout,surf,infra,situ,grav,sexe,age,trajet,secuexist,equipement,obs,obsm,choc,manv,vehiculeid,typevehicules,manoeuvehicules,numVehicules
201200017331,2012-09-24,2012,septembre,lundi,10:30,14,14101,0,0,2,2,3,1,1,4,2,02,1,1,000,000,2,5,1,3,1,64,5,1,9,00,2,3,1,201200017331A01,7,1,1
201200017338,2012-10-25,2012,octobre,jeudi,19:00,14,14118,0,0,2,3,6,1,1,4,2,04,1,1,000,162,1,0,1,3,1,55,1,1,9,00,2,8,1,201200017338B01,7,15,1
201200017344,2012-11-02,2012,novembre,vendredi,13:50,14,14271,0,0,2,3,3,1,3,4,2,02,1,1,000,000,2,0,1,3,1,18,1,1,9,00,2,1,1,201200017344B01,7,15,1
201200017361,2012-02-22,2012,février,mercredi,17:30,31,31454,43.41269,1.12408,1,1,1,1,7,3,2,02,3,1,000,060,1,0,1,3,2,39,1,1,1,00,2,1,1,201200017361B02,10,15,1
201200017370,2012-09-25,2012,septembre,mardi,14:35,14,14117,0,0,2,6,3,1,7,4,2,02,1,1,000,000,1,0,1,4,2,50,1,1,9,00,2,7,1,201200017370B01,7,1,1
201200017374,2012-12-19,2012,décembre,mercredi,18:15,14,14117,0,0,2,2,3,5,3,4,2,00,1,1,000,000,2,0,1,3,1,44,5,1,9,00,2,1,0,201200017374B01,7,19,1
201200017393,2012-06-08,2012,juin,vendredi,14:00,08,08216,49.7853,4.6158,2,4,1,1,2,3,2,02,1,2,,,,0,0,3,1,51,5,1,2,00,2,1,1,201200017393B02,3,1,1
201200017463,2012-02-25,2012,février,samedi,14:15,48,48128,0,0,1,1,5,1,1,3,2,02,1,1,000,071,1,0,1,1,1,66,5,1,2,00,2,8,1,201200017463C03,7,17,1
201200017463,2012-02-25,2012,février,samedi,14:15,48,48128,0,0,1,1,5,1,1,3,2,02,1,1,000,071,1,0,1,1,1,46,5,1,2,00,9,8,1,201200017463E05,7,17,1
201200017463,2012-02-25,2012,février,samedi,14:15,48,48128,0,0,1,1,5,1,1,3,2,02,1,1,000,071,1,0,1,1,1,17,5,1,2,00,0,2,1,201200017463B02,7,17,1
201200017463,2012-02-25,2012,février,samedi,14:15,48,48128,0,0,1,1,5,1,1,3,2,02,1,1,000,071,1,0,1,4,1,49,5,1,2,00,9,8,1,201200017463D04,7,17,1
201200017482,2012-01-14,2012,janvier,samedi,15:45,37,37194,0,0,2,1,2,1,1,3,2,02,1,1,000,062,1,0,1,3,1,65,5,1,2,01,0,1,1,201200017482A01,7,23,1
201200017519,2012-05-16,2012,mai,mercredi,13:00,14,14366,49.1498,0.25778,2,3,3,1,1,3,2,02,1,1,000,000,1,0,1,4,1,58,5,1,4,00,2,1,1,201200017519B01,7,16,1
201200017542,2012-08-27,2012,août,lundi,20:00,14,14366,0,0,2,1,1,1,1,4,1,01,1,1,000,000,1,0,1,4,1,36,5,1,2,00,2,1,5,201200017542A01,7,1,1
201200017543,2012-08-31,2012,août,vendredi,11:30,14,14366,49.1506,0.22418,2,3,3,1,1,4,1,01,1,1,000,000,1,0,1,4,1,61,5,1,2,00,2,1,5,201200017543B01,7,1,1
201200017551,2012-10-08,2012,octobre,lundi,15:00,14,14366,0,0,2,3,3,1,2,4,1,01,1,1,000,000,2,0,1,4,1,16,5,1,4,00,2,1,1,201200017551A01,7,1,1
201200017591,2012-05-27,2012,mai,dimanche,11:30,37,37211,47.194,0.71,1,1,1,1,1,3,2,02,2,1,000,056,1,0,1,3,1,17,5,1,2,00,2,1,19,201200017591A01,7,13,1
201200017604,2012-10-03,2012,octobre,mercredi,17:30,87,87180,46.175,1.298,1,1,5,1,1,3,2,02,1,1,000,000,1,0,1,1,1,66,5,1,2,00,0,4,0,201200017604C03,7,2,1
201200017604,2012-10-03,2012,octobre,mercredi,17:30,87,87180,46.175,1.298,1,1,5,1,1,3,2,02,1,1,000,000,1,0,1,3,2,66,5,1,2,00,0,4,0,201200017604B02,7,2,1
201200017670,2012-10-03,2012,octobre,mercredi,81:5,17,17347,0,0,2,6,3,1,1,4,1,01,1,2,000,051,1,5,1,3,2,78,5,1,1,00,2,1,1,201200017670B02,3,14,1
201200017690,2012-09-08,2012,septembre,samedi,17:45,27,27618,0,0,1,1,3,1,1,3,2,02,1,1,000,060,1,0,1,3,1,55,5,1,2,00,2,3,1,201200017690A01,7,17,1
201200017693,2012-09-24,2012,septembre,lundi,17:30,27,27238,0,0,2,1,1,5,3,3,1,02,1,1,000,000,2,0,1,3,1,15,2,1,8,00,2,1,1,201200017693B02,33,1,1
201200017708,2012-03-26,2012,mars,lundi,16:45,27,27629,49.1282,0.43635,1,3,1,1,1,4,2,02,1,1,000,043,1,0,1,3,1,80,5,1,1,00,0,3,19,201200017708B02,7,1,1
201200017721,2012-12-15,2012,décembre,samedi,12:30,27,27138,0,0,2,2,3,1,2,3,2,02,1,1,000,048,2,0,1,3,1,8,5,1,2,00,2,7,1,201200017721B02,7,1,1
201200017759,2012-01-12,2012,janvier,jeudi,13:45,04,04122,0,0,1,1,2,1,1,2,2,02,-1,-1,000,000,1,0,0,3,1,68,5,1,2,00,0,0,0,201200017759B02,7,1,1
201200017805,2012-03-28,2012,mars,mercredi,15:15,24,24498,45.538,0.852,1,2,3,1,1,4,2,02,1,1,000,036,1,0,1,3,1,9,5,1,1,00,2,1,19,201200017805A01,10,1,1
201200017843,2012-10-07,2012,octobre,dimanche,16:15,24,24174,45.175,1.326,1,3,1,1,8,4,2,02,1,1,000,037,1,0,1,3,1,10,5,1,8,00,2,1,1,201200017843B02,10,1,1
201200017873,2012-07-05,2012,juillet,jeudi,19:45,53,53092,48.18694,-0.54252,1,1,3,1,1,3,2,02,1,1,000,052,1,0,1,3,1,37,3,1,2,00,2,1,19,201200017873B02,7,1,1
201200017897,2012-08-08,2012,août,mercredi,15:15,53,53084,47.85574,-0.9116,1,1,6,1,1,9,2,02,1,1,000,037,1,0,1,2,1,75,5,1,2,00,2,0,1,201200017897B02,21,1,1
201200017905,2012-01-13,2012,janvier,vendredi,93:0,53,53003,48.407,-0.628,2,1,3,1,7,4,2,02,1,1,000,047,1,0,1,2,1,75,3,1,8,00,2,8,1,201200017905B02,7,1,1
201200017937,2012-03-05,2012,mars,lundi,81:5,07,07346,0,0,1,1,1,1,1,3,2,02,-1,3,000,000,1,5,1,3,2,57,1,1,1,00,2,7,9,201200017937B02,7,9,1
201200017967,2012-09-30,2012,septembre,dimanche,16:15,07,07207,0,0,1,1,3,1,1,3,2,00,2,1,000,058,1,0,1,4,2,37,5,1,2,00,2,8,1,201200017967A01,33,13,1
201200017970,2012-03-30,2012,mars,vendredi,90:0,07,07234,0,0,1,1,1,1,7,3,2,00,2,3,069,069,1,0,1,3,1,52,5,1,1,00,2,1,1,201200017970B02,7,15,1
201200017985,2012-10-21,2012,octobre,dimanche,10:30,16,16236,45.55634,0.13058,2,2,1,1,8,3,2,02,2,1,000,045,2,0,1,3,1,40,5,1,2,00,2,1,19,201200017985B02,7,1,1
201200018000,2012-09-03,2012,septembre,lundi,17:45,16,16024,45.81647,0.22088,2,3,6,1,1,3,2,02,2,1,000,060,1,0,1,3,1,13,5,1,2,00,2,1,1,201200018000A01,7,1,1
201200018023,2012-08-28,2012,août,mardi,16:15,36,36219,46.6642,1.57314,1,1,6,1,1,3,2,02,1,1,000,060,1,0,1,3,1,46,5,1,8,00,2,8,1,201200018023A01,7,1,1
201200018089,2012-08-19,2012,août,dimanche,91:5,18,18258,47.3582,2.82077,1,3,3,1,1,3,2,02,1,1,000,067,1,0,1,2,1,67,5,1,1,00,0,6,16,201200018089B02,7,1,1
201200018106,2012-05-23,2012,mai,mercredi,17:15,18,18197,46.7374,2.53472,1,1,2,1,1,3,2,02,2,3,000,045,1,0,1,3,1,66,5,1,2,00,0,4,1,201200018106B02,7,2,1
201200018142,2012-06-02,2012,juin,samedi,18:00,73,73050,45.67687,5.85166,1,2,3,1,1,3,2,02,-1,1,000,110,1,0,1,3,1,46,5,1,2,00,2,7,1,201200018142A01,33,1,1
201200018153,2012-07-30,2012,juillet,lundi,18:00,73,73100,45.53959,5.69504,1,1,3,1,1,3,2,02,2,1,000,043,1,0,1,3,1,63,5,1,2,00,0,1,1,201200018153B02,10,15,1
201200018156,2012-09-14,2012,septembre,vendredi,17:00,73,73151,45.49159,5.99839,1,1,3,1,1,3,2,02,1,1,000,073,1,0,1,2,1,71,5,1,2,00,2,8,15,201200018156A01,7,1,1
201200018165,2012-01-20,2012,janvier,vendredi,17:30,73,73248,45.27124,6.36344,2,1,3,1,2,4,3,00,1,1,008,032,2,0,1,3,1,54,1,1,2,00,2,5,19,201200018165A01,7,1,1
201200018173,2012-06-06,2012,juin,mercredi,80:0,64,64519,0,0,2,1,3,1,1,4,2,00,1,1,000,070,1,0,1,3,1,51,1,1,4,00,0,8,1,201200018173B02,14,16,1
201200018185,2012-09-07,2012,septembre,vendredi,17:30,64,64536,0,0,1,1,2,1,1,3,2,00,2,1,000,056,1,0,1,3,1,12,2,1,2,00,2,8,15,201200018185B02,10,1,1
201200018203,2012-04-22,2012,avril,dimanche,10:00,45,45187,47.88475,2.50809,2,1,2,1,1,3,2,02,1,1,000,060,1,0,1,3,1,75,5,1,2,00,2,6,13,201200018203B02,7,17,1
201200018234,2012-04-23,2012,avril,lundi,90:0,60,60103,0,0,1,1,2,1,1,3,2,00,1,1,000,070,1,2,1,3,1,65,5,1,2,01,0,1,1,201200018234B02,15,23,1
201200018253,2012-05-01,2012,mai,mardi,16:45,60,60074,0,0,2,1,1,1,7,3,2,00,-1,1,000,052,1,0,1,3,2,8,5,1,2,00,2,1,16,201200018253B02,7,1,1
201200018295,2012-11-11,2012,novembre,dimanche,23:30,60,60064,0,0,1,9,1,1,8,4,2,01,-1,1,000,000,6,0,1,2,2,33,5,1,4,00,0,0,13,201200018295B02,21,1,1
201200018314,2012-07-29,2012,juillet,dimanche,11:30,09,09182,42.88788,1.37131,1,4,1,1,1,3,2,00,2,3,000,037,-1,0,1,3,1,51,4,1,2,00,0,0,21,201200018314A01,7,15,1
201200018329,2012-01-21,2012,janvier,samedi,16:45,50,50248,49.1978,-1.19379,1,1,7,1,1,3,2,02,2,1,000,052,1,0,1,2,1,70,5,1,2,00,0,0,1,201200018329A01,,,
201200018373,2012-04-09,2012,avril,lundi,11:45,14,14231,49.2136,0.0192,1,1,6,1,8,3,2,02,1,1,000,045,2,0,1,3,1,7,5,1,2,00,2,3,9,201200018373A01,7,1,1
201200018374,2012-04-30,2012,avril,lundi,16:20,14,14494,49.2541,-0.06797,1,1,7,1,3,3,2,02,2,1,000,054,2,0,3,2,1,59,5,1,2,13,0,3,1,201200018374A01,,,
201200018387,2012-07-26,2012,juillet,jeudi,18:30,14,14319,49.1443,-0.30906,1,1,3,1,1,3,2,02,1,1,000,000,1,0,5,3,1,16,5,1,8,00,2,1,9,201200018387B01,2,1,1
201200018388,2012-08-02,2012,août,jeudi,16:30,14,14556,49.1164,-0.37771,2,6,7,1,2,3,-1,00,-1,-1,000,000,2,0,1,3,2,45,5,1,2,00,0,0,1,201200018388A01,,,
201200018389,2012-08-02,2012,août,jeudi,13:30,14,14623,49.1165,-0.37456,2,2,7,1,2,3,2,02,-1,-1,000,000,1,0,1,4,1,65,5,1,2,00,0,0,1,201200018389A01,,,
201200018397,2012-10-16,2012,octobre,mardi,13:45,14,14058,0,0,2,1,1,1,1,3,2,02,1,1,000,050,1,0,1,3,2,52,5,1,2,00,2,2,1,201200018397B02,10,20,1
201200018423,2012-10-15,2012,octobre,lundi,15:30,06,06105,43.669,7.046,2,6,3,1,1,3,2,02,1,3,000,040,1,5,1,3,1,45,5,1,1,00,0,2,1,201200018423B02,7,9,1
201200018432,2012-06-22,2012,juin,vendredi,18:00,06,06099,0,0,1,1,1,1,1,4,2,01,1,1,000,041,1,0,1,3,1,12,5,1,2,00,2,1,16,201200018432B02,7,1,1
201200018435,2012-08-25,2012,août,samedi,10:00,06,06101,0,0,1,1,6,1,1,3,2,02,2,3,000,070,1,0,1,2,1,40,5,1,2,04,0,0,1,201200018435A01,,,
201200018438,2012-07-18,2012,juillet,mercredi,10:30,06,06073,0,0,1,1,7,1,1,3,2,00,2,3,000,087,1,0,1,2,1,69,5,1,1,00,0,0,16,201200018438A01,,,
201200018439,2012-08-17,2012,août,vendredi,13:15,06,06120,0,0,2,1,1,1,1,3,2,02,1,1,000,072,1,0,1,3,1,67,5,1,2,00,2,8,19,201200018439B02,10,1,1
201200018503,2012-08-10,2012,août,vendredi,19:45,54,54063,48.8445,5.84114,2,1,1,1,7,3,2,00,1,1,000,060,1,0,1,3,1,66,5,1,2,00,2,1,1,201200018503B02,21,15,1
201200018510,2012-09-15,2012,septembre,samedi,14:30,66,66003,42.48091,2.68058,2,1,3,1,1,4,2,02,2,1,000,062,1,0,1,3,1,40,5,1,2,00,2,1,21,201200018510B02,7,15,1
201200018513,2012-12-07,2012,décembre,vendredi,17:50,14,14715,0,0,2,1,3,5,4,4,2,02,1,1,000,000,3,0,1,3,1,15,5,1,4,00,2,1,1,201200018513B01,7,9,1
201200018543,2012-08-23,2012,août,jeudi,19:30,14,14699,0,0,2,2,3,2,1,4,,,,,,,,,,4,1,41,5,1,9,00,2,2,1,201200018543B01,7,1,1
201200018574,2012-02-09,2012,février,jeudi,13:30,58,58131,0,0,2,1,3,1,1,3,2,00,2,2,000,130,1,5,1,3,1,71,5,1,2,00,2,1,1,201200018574B02,7,15,1
201200018610,2012-08-28,2012,août,mardi,13:45,26,26167,0,0,2,1,2,1,2,3,2,02,1,1,000,060,2,0,1,2,2,62,5,1,1,00,0,4,2,201200018610B02,7,2,1
201200018613,2012-11-22,2012,novembre,jeudi,17:00,26,26338,0,0,1,1,1,1,1,3,2,01,1,1,000,051,1,0,1,3,1,62,5,1,2,00,0,4,1,201200018613B02,7,1,1
201200018616,2012-08-16,2012,août,jeudi,15:15,26,26045,0,0,1,1,3,1,1,3,2,01,1,1,000,055,1,0,1,4,2,17,5,1,2,00,2,8,15,201200018616A01,7,1,1
201200018619,2012-03-28,2012,mars,mercredi,12:15,26,26342,0,0,1,2,3,1,1,3,2,02,1,1,000,080,1,5,1,4,1,36,5,1,2,00,2,7,1,201200018619A01,7,19,1
201200018637,2012-07-30,2012,juillet,lundi,19:30,70,70438,0,0,2,3,3,1,1,4,2,02,1,1,000,061,1,0,1,4,1,8,5,1,2,00,2,8,19,201200018637B02,7,1,1
201200018639,2012-08-21,2012,août,mardi,11:30,70,70418,0,0,2,1,1,1,1,3,2,02,1,1,000,050,1,2,1,4,1,10,5,1,9,00,2,1,19,201200018639A01,7,1,1
201200018676,2012-09-19,2012,septembre,mercredi,16:00,01,01306,0,0,2,1,3,1,1,4,2,02,1,1,000,000,1,0,1,3,2,87,0,1,2,00,2,1,1,201200018676B02,7,1,1
201200018682,2012-05-03,2012,mai,jeudi,13:45,01,01316,45.8208,5.64285,1,1,4,1,1,3,2,02,1,2,025,109,1,0,1,3,1,69,5,1,2,00,2,4,2,201200018682C03,7,2,1
201200018682,2012-05-03,2012,mai,jeudi,13:45,01,01316,45.8208,5.64285,1,1,4,1,1,3,2,02,1,2,025,109,1,0,1,2,1,60,5,1,2,00,2,4,2,201200018682B02,7,2,1
201200018692,2012-07-10,2012,juillet,mardi,94:5,01,01267,46.1876,5.5235,2,2,1,1,1,3,2,02,1,1,000,060,1,0,1,3,1,58,5,1,2,00,2,1,1,201200018692B01,7,15,1
201200018699,2012-07-11,2012,juillet,mercredi,13:00,01,01443,0,0,2,1,2,1,1,4,2,00,1,-1,000,052,1,0,1,3,1,44,5,1,2,00,2,1,1,201200018699A01,7,23,1
201200018733,2012-12-29,2012,décembre,samedi,15:45,03,03106,0,0,1,1,1,1,7,3,2,00,2,1,000,070,1,0,1,3,1,57,5,1,2,00,0,4,2,201200018733B02,7,2,1
201200018743,2012-09-05,2012,septembre,mercredi,13:45,03,03033,0,0,1,2,3,1,1,3,-1,00,1,1,000,060,1,0,1,4,1,47,5,1,2,00,2,1,1,201200018743A01,3,1,1
201200018747,2012-08-03,2012,août,vendredi,18:00,03,03118,0,0,2,2,3,1,7,3,2,00,-1,1,000,070,1,5,1,4,1,60,5,1,2,00,2,7,1,201200018747B02,7,19,1
201200018757,2012-01-25,2012,janvier,mercredi,15:30,84,84009,0,0,1,1,3,1,1,3,2,02,2,3,000,056,1,0,1,3,1,17,5,1,2,00,2,1,13,201200018757A01,7,1,1
201200018822,2012-08-16,2012,août,jeudi,13:15,02,02684,49.91829,4.14248,2,3,3,1,1,4,1,02,,,,,,0,1,3,1,13,5,1,2,00,2,1,9,201200018822A02,7,1,1
201200018840,2012-04-10,2012,avril,mardi,14:45,38,38071,45.0693,5.73176,2,3,6,1,1,3,2,00,4,2,000,060,1,0,1,2,2,64,5,1,2,06,0,3,16,201200018840A01,,,
201200018841,2012-07-22,2012,juillet,dimanche,11:30,38,38203,45.041,5.768,1,1,2,1,1,2,2,02,-1,1,060,030,1,0,1,3,1,61,5,1,1,00,2,1,2,201200018841B02,10,2,1
201200018842,2012-08-14,2012,août,mardi,12:30,38,38200,45.106,5.74299,1,1,3,1,1,3,2,02,2,2,000,055,1,0,3,3,1,49,5,1,2,00,2,1,1,201200018842B02,21,9,1
201200018850,2012-06-21,2012,juin,jeudi,11:30,38,38012,45.6102,5.61849,1,1,3,1,1,3,2,00,-1,3,000,063,1,0,1,2,1,73,5,1,2,00,2,8,1,201200018850B02,14,2,1
201200018864,2012-07-20,2012,juillet,vendredi,17:45,38,38249,0,0,1,1,3,1,1,3,2,00,2,4,000,000,1,5,1,3,1,51,5,1,1,00,2,1,12,201200018864B02,10,1,1
201200018866,2012-03-10,2012,mars,samedi,13:15,38,38547,45.261,5.906,2,1,3,1,1,3,2,00,2,1,000,070,1,0,1,4,1,61,5,1,2,00,2,8,1,201200018866B02,7,19,1
201200018867,2012-03-14,2012,mars,mercredi,14:30,38,38538,45.2299,5.85589,1,3,1,1,1,3,2,00,1,2,000,080,1,0,1,3,1,74,5,1,1,00,2,0,19,201200018867B02,7,1,1
201200018869,2012-07-06,2012,juillet,vendredi,11:15,38,38503,0,0,2,2,3,1,1,3,2,02,3,1,070,070,1,0,1,3,1,62,5,1,1,00,2,7,1,201200018869A01,7,16,1
201200018875,2012-09-12,2012,septembre,mercredi,64:5,38,38095,45.14,5.297,1,1,2,3,8,3,2,02,1,1,000,072,1,0,1,3,1,25,5,1,9,00,2,6,2,201200018875B02,10,21,1
201200018887,2012-05-04,2012,mai,vendredi,15:15,38,38274,45.4334,5.28117,1,2,3,1,1,3,2,02,1,1,000,070,1,0,1,3,1,69,5,1,2,00,0,7,1,201200018887A01,7,19,1
201200018910,2012-03-24,2012,mars,samedi,91:5,38,38519,45.6089,5.01694,1,1,6,1,1,3,2,02,2,2,000,058,1,0,3,3,1,27,5,1,2,13,0,1,1,201200018910A01,,,
201200018941,2012-12-21,2012,décembre,vendredi,15:00,29,29061,48.44397,-4.45685,1,6,3,1,8,3,2,00,-1,3,000,060,1,5,1,3,1,66,5,1,2,00,2,7,1,201200018941B02,7,9,1
201200018942,2012-02-26,2012,février,dimanche,91:5,29,29117,48.57929,-4.52219,2,6,3,1,1,4,2,02,2,-1,000,000,1,0,1,3,1,72,5,1,2,00,2,1,1,201200018942A01,10,1,1
201200018945,2012-08-15,2012,août,mercredi,14:45,29,29195,48.60514,-4.50022,1,1,2,1,6,3,2,02,1,3,000,000,1,0,1,3,1,45,5,1,2,00,0,4,1,201200018945B02,7,1,1
201200018957,2012-08-30,2012,août,jeudi,18:45,29,29062,48.16919,-3.95392,1,1,1,1,7,3,2,02,-1,2,000,059,1,5,1,2,1,43,5,1,2,00,2,1,1,201200018957B02,7,15,1
201200018976,2012-08-07,2012,août,mardi,15:45,29,29153,47.82536,-3.79559,2,1,2,1,1,3,2,02,1,1,000,052,1,0,1,3,1,74,5,1,2,00,0,8,2,201200018976B02,7,2,1
201200018977,2012-09-08,2012,septembre,samedi,17:15,29,29236,47.84663,-3.71538,1,1,3,1,1,3,2,02,-1,1,000,000,1,0,3,3,1,16,5,1,2,00,0,8,13,201200018977A01,33,17,1
201200018982,2012-04-18,2012,avril,mercredi,15:00,34,34192,43.53241,3.91901,1,2,3,1,1,4,1,01,1,2,000,046,1,3,1,3,1,67,5,1,2,00,2,8,1,201200018982B02,7,1,1
201200018983,2012-06-04,2012,juin,lundi,17:00,34,34192,0,0,2,3,3,1,1,3,1,01,1,3,000,030,1,3,1,4,2,50,1,1,1,00,2,1,1,201200018983B02,31,1,1
201200018989,2012-09-03,2012,septembre,lundi,10:00,34,34192,43.54,3.91,1,1,1,1,1,4,2,02,1,1,000,040,1,5,1,3,2,55,5,1,2,00,2,8,15,201200018989B02,7,1,1
201200018990,2012-09-23,2012,septembre,dimanche,16:45,34,34192,43.53271,3.92726,2,1,6,1,1,6,1,00,-1,2,000,048,-1,0,1,2,1,69,5,1,2,06,0,0,1,201200018990A01,,,
201200019002,2012-12-17,2012,décembre,lundi,74:5,35,35223,47.9916,-2.08902,1,3,1,2,2,3,2,02,1,3,000,059,2,5,1,3,1,62,1,1,2,00,2,8,15,201200019002B02,7,1,1
201200019008,2012-05-27,2012,mai,dimanche,84:5,35,35263,0,0,1,1,1,1,1,3,2,02,1,3,000,061,1,0,1,3,1,69,5,1,2,00,2,4,2,201200019008B02,7,2,1
201200019012,2012-09-09,2012,septembre,dimanche,23:00,35,35299,48.64078,-1.87445,1,1,2,3,1,3,2,02,1,1,000,060,1,0,1,3,1,47,1,1,4,00,2,4,1,201200019012B02,10,1,1
201200019035,2012-08-29,2012,août,mercredi,10:45,35,35204,48.04682,-1.57746,1,1,1,1,1,3,2,02,-1,1,000,042,1,0,1,2,1,80,5,1,2,00,0,4,1,201200019035B02,10,1,1
201200019037,2012-12-04,2012,décembre,mardi,13:30,35,35039,0,0,1,5,3,1,1,3,2,02,1,1,000,070,1,0,1,3,1,75,5,1,9,00,2,8,1,201200019037A01,7,1,1
201200019046,2012-10-02,2012,octobre,mardi,12:30,44,44036,0,0,2,1,7,1,1,9,2,02,1,1,000,052,1,0,4,3,1,19,1,1,1,00,0,7,1,201200019046A01,,,
201200019050,2012-07-23,2012,juillet,lundi,11:00,44,44015,0,0,1,1,3,1,1,3,2,02,1,1,000,060,1,0,1,3,1,84,5,1,4,00,2,8,1,201200019050B02,10,1,1
201200019052,2012-07-19,2012,juillet,jeudi,17:45,44,44126,0,0,1,1,3,1,1,3,2,00,1,1,061,000,1,3,1,3,1,12,5,1,1,00,2,8,15,201200019052A01,31,1,1
201200019061,2012-05-10,2012,mai,jeudi,11:15,44,44029,0,0,1,2,3,1,1,3,2,02,1,1,000,084,1,0,1,3,1,59,5,1,2,00,2,7,1,201200019061A01,21,1,1
201200019061,2012-05-10,2012,mai,jeudi,11:15,44,44029,0,0,1,2,3,1,1,3,2,02,1,1,000,084,1,0,1,3,2,55,0,1,2,00,2,7,1,201200019061A01,21,1,1
201200019063,2012-09-02,2012,septembre,dimanche,1:,44,44212,0,0,1,1,1,3,1,3,2,02,1,1,000,062,1,0,1,2,1,44,5,1,2,00,0,4,0,201200019063B02,7,2,1
201200019078,2012-10-13,2012,octobre,samedi,80:0,44,44069,47.351,-2.424,1,1,2,3,2,3,2,02,2,1,000,078,2,0,1,2,2,19,1,1,4,00,2,4,2,201200019078B02,7,2,1
201200019087,2012-09-24,2012,septembre,lundi,73:0,25,25381,47.316,5.996,1,1,6,2,3,2,2,02,1,1,000,070,2,0,3,3,2,24,1,1,4,03,0,7,1,201200019087A01,,,
201200019103,2012-08-08,2012,août,mercredi,17:30,25,25356,47.25143,6.79993,2,1,6,1,1,4,2,00,2,1,000,000,1,0,1,1,1,19,5,1,2,00,2,1,19,201200019103B02,,,
201200019103,2012-08-08,2012,août,mercredi,17:30,25,25356,47.25143,6.79993,2,1,6,1,1,4,2,00,2,1,000,000,1,0,1,3,1,14,5,1,2,00,2,1,19,201200019103B02,,,
201200019117,2012-07-14,2012,juillet,samedi,17:00,25,25263,0,0,1,1,3,1,1,3,2,02,3,1,000,068,1,0,1,3,1,54,5,1,2,00,2,7,15,201200019117B02,7,1,1
201200019149,2012-09-18,2012,septembre,mardi,71:5,22,22136,48.17358,-2.74788,1,6,3,2,1,4,2,02,1,1,000,060,1,5,1,3,1,44,5,1,4,00,2,7,1,201200019149B02,7,9,1
201200019155,2012-03-31,2012,mars,samedi,20:15,22,22148,48.25688,-2.39143,2,2,5,1,1,3,2,02,1,1,000,048,1,0,1,4,1,10,5,1,2,00,2,1,1,201200019155B02,7,1,1
201200019155,2012-03-31,2012,mars,samedi,20:15,22,22148,48.25688,-2.39143,2,2,5,1,1,3,2,02,1,1,000,048,1,0,1,4,1,12,5,1,2,00,2,9,1,201200019155C03,7,1,1
201200019168,2012-08-17,2012,août,vendredi,12:15,22,22327,48.49283,-2.04184,1,3,1,1,1,4,2,02,1,1,,,1,0,1,3,1,60,5,1,2,00,2,7,19,201200019168A01,7,1,1
201200019176,2012-08-20,2012,août,lundi,16:45,22,22290,48.23,-3.09,1,1,1,1,1,3,2,00,1,1,000,000,1,0,1,2,1,13,5,1,2,00,2,1,13,201200019176B02,7,1,1
201200019185,2012-02-08,2012,février,mercredi,19:00,22,22381,48.74833,3.35778,1,1,3,3,1,3,2,02,1,1,000,000,1,0,1,3,1,23,1,1,4,00,2,8,1,201200019185B02,17,17,1
201200019189,2012-08-08,2012,août,mercredi,14:45,22,22383,48.75422,-3.23626,1,1,2,1,1,3,2,02,1,1,000,000,1,0,1,3,2,89,3,1,9,00,2,4,1,201200019189A01,7,2,1
201200019210,2012-11-21,2012,novembre,mercredi,11:00,68,68043,47.869,7.256,2,1,3,1,1,3,2,02,1,1,000,083,1,0,1,3,1,72,5,1,2,00,2,7,19,201200019210B02,7,1,1
201200019215,2012-09-27,2012,septembre,jeudi,10:15,34,34069,43.405,3.104,1,1,3,1,1,3,2,02,1,2,000,085,1,0,1,3,1,80,5,1,2,00,2,8,19,201200019215A01,10,1,1
201200019230,2012-05-07,2012,mai,lundi,17:00,34,34079,43.627,3.437,2,1,3,1,1,9,2,00,1,1,000,060,1,0,1,3,1,14,0,1,1,00,2,8,16,201200019230B02,7,1,1
201200019230,2012-05-07,2012,mai,lundi,17:00,34,34079,43.627,3.437,2,1,3,1,1,9,2,00,1,1,000,060,1,0,1,4,1,12,0,1,1,00,2,8,16,201200019230B02,7,1,1
201200019246,2012-12-30,2012,décembre,dimanche,22:15,34,34138,43.591,3.419,1,1,7,1,1,3,2,02,2,1,000,046,1,0,1,3,1,54,5,1,2,00,0,0,1,201200019246A01,,,
201200019313,2012-09-09,2012,septembre,dimanche,10:00,86,86281,46.742,0.291,1,1,6,1,1,3,2,01,2,3,000,048,1,0,1,1,1,43,5,1,4,14,2,0,1,201200019313A01,1,0,3
201200019313,2012-09-09,2012,septembre,dimanche,10:00,86,86281,46.742,0.291,1,1,6,1,1,3,2,01,2,3,000,048,1,0,1,1,1,58,5,1,4,00,2,0,0,201200019313B02,1,1/0,3
201200019313,2012-09-09,2012,septembre,dimanche,10:00,86,86281,46.742,0.291,1,1,6,1,1,3,2,01,2,3,000,048,1,0,1,3,1,77,5,1,4,00,2,0,0,201200019313D04,1,1/0,3
201200019313,2012-09-09,2012,septembre,dimanche,10:00,86,86281,46.742,0.291,1,1,6,1,1,3,2,01,2,3,000,048,1,0,1,3,1,40,5,1,4,00,2,0,0,201200019313C03,1,1/0,3