Num_Acc,date,an,mois,jour,hrmn,dep,com,lat,long,agg,int,col,lum,atm,catr,circ,nbv,prof,plan,lartpc,larrout,surf,infra,situ,grav,sexe,age,trajet,secuexist,equipement,obs,obsm,choc,manv,vehiculeid,typevehicules,manoeuvehicules,numVehicules
201200021060,2012-12-03,2012,décembre,lundi,80:0,17,17415,0,0,2,1,6,5,1,4,2,02,-1,-1,000,060,1,0,1,4,2,47,0,1,4,00,2,1,1,201200021060B01,10,15,1
201200021062,2012-12-11,2012,décembre,mardi,13:45,17,17415,0,0,2,1,6,1,1,4,2,02,-1,-1,000,060,1,0,1,1,1,74,0,1,4,00,0,0,0,201200021062B01,1,0,1
201200021062,2012-12-11,2012,décembre,mardi,13:45,17,17415,0,0,2,1,6,1,1,4,2,02,-1,-1,000,060,1,0,1,4,1,73,0,1,4,00,0,0,0,201200021062A01,1,0,1
201200021071,2012-12-29,2012,décembre,samedi,13:30,17,17415,0,0,2,1,6,1,1,4,2,02,-1,-1,000,060,1,0,1,3,1,56,0,1,4,00,2,1,1,201200021071B01,7,9,1
201200021170,2012-06-13,2012,juin,mercredi,19:00,2B,2B320,0,0,1,1,1,1,1,3,2,02,2,3,000,050,1,0,1,2,1,46,5,1,2,00,2,3,13,201200021170A01,7,1,1
201200021209,2012-02-28,2012,février,mardi,12:20,18,18033,47.0979,2.39498,2,3,3,1,1,3,2,02,1,1,000,068,1,0,1,4,1,34,1,1,9,00,2,1,1,201200021209B01,7,16,1
201200021238,2012-05-03,2012,mai,jeudi,16:04,18,18033,47.0814,2.4038,2,1,3,1,1,4,2,02,1,1,000,080,1,0,1,3,1,57,1,1,9,00,2,2,19,201200021238A01,7,1,1
201200021267,2012-06-29,2012,juin,vendredi,14:05,18,18033,47.0777,2.39776,2,3,1,1,1,4,2,02,2,1,000,070,1,0,1,4,2,41,5,1,9,00,2,1,1,201200021267B01,7,15,1
201200021301,2012-09-10,2012,septembre,lundi,13:20,18,18033,47.0925,2.39382,2,1,3,1,1,4,3,03,1,1,010,150,1,0,5,4,1,28,9,1,9,01,0,1,1,201200021301B01,7,24,1
201200021321,2012-10-11,2012,octobre,jeudi,19:30,18,18033,47.094,2.42309,2,1,2,3,2,4,2,02,2,1,000,070,2,0,1,4,1,28,5,1,4,00,2,5,1,201200021321B01,7,1,1
201200021332,2012-10-29,2012,octobre,lundi,20:30,18,18033,47.0788,2.38923,2,2,3,5,1,4,3,04,1,1,000,124,1,0,1,4,1,25,3,1,2,00,2,1,16,201200021332A01,7,1,1
201200021367,2012-12-17,2012,décembre,lundi,13:45,18,18033,47.0841,2.3993,2,1,3,1,1,4,1,01,2,1,000,030,1,0,1,4,1,28,5,1,9,00,2,1,9,201200021367A01,7,1,1
201200021494,2012-05-26,2012,mai,samedi,16:50,18,18279,47.2303,2.0344,2,1,2,1,1,4,2,02,1,1,000,040,1,0,1,3,2,57,5,1,9,00,2,1,1,201200021494B01,13,4,1
201200021535,2012-05-11,2012,mai,vendredi,11:45,72,72299,0,0,1,1,2,1,1,3,2,00,1,2,000,063,1,0,1,2,1,56,5,1,2,00,0,4,2,201200021535B02,7,2,1
201200021543,2012-05-02,2012,mai,mercredi,12:45,65,65337,43.23206,0.29482,1,2,3,1,1,3,2,00,1,1,024,048,1,0,1,4,1,42,5,1,2,00,2,6,1,201200021543B02,7,1,1
201200021549,2012-04-01,2012,avril,dimanche,15:45,83,83019,0,0,1,1,3,1,1,3,2,00,-1,1,000,000,1,0,1,3,1,52,5,1,2,00,2,8,1,201200021549A01,7,17,1
201200021552,2012-05-14,2012,mai,lundi,11:45,83,83019,0,0,2,1,6,1,1,4,2,02,2,2,000,060,1,6,1,4,1,25,5,1,2,00,1,1,21,201200021552A01,,,
201200021570,2012-08-18,2012,août,samedi,11:45,60,60176,0,0,2,6,1,1,1,4,2,00,-1,2,000,000,1,5,1,3,2,55,5,1,2,00,2,7,1,201200021570B02,7,9,1
201200021580,2012-12-12,2012,décembre,mercredi,10:00,60,60279,0,0,1,1,3,1,1,3,2,02,1,1,000,096,1,0,1,3,1,56,9,1,2,00,2,8,10,201200021580B02,10,1,1
201200021593,2012-01-10,2012,janvier,mardi,20:04,19,19031,45.156,1.53121,2,3,3,5,1,4,2,02,2,1,000,000,1,0,1,4,2,32,0,1,9,00,2,1,1,201200021593B01,7,15,1
201200021613,2012-03-24,2012,mars,samedi,16:20,19,19031,45.162,1.53124,2,3,2,1,1,4,1,01,1,1,000,000,1,0,1,4,2,70,0,1,2,00,2,4,2,201200021613B01,7,9,1
201200021644,2012-08-11,2012,août,samedi,15:50,19,19031,45.1576,1.56308,2,1,6,1,1,4,2,02,1,1,000,000,1,0,1,3,1,70,5,1,2,01,0,0,1,201200021644B01,7,22,1
201200021654,2012-09-15,2012,septembre,samedi,17:05,19,19031,45.1613,1.50322,2,3,3,1,1,4,2,00,1,1,000,000,1,0,1,3,1,60,5,1,2,00,2,1,1,201200021654B01,7,15,1
201200021672,2012-10-16,2012,octobre,mardi,11:45,19,19031,45.1619,1.53106,2,1,6,1,1,4,1,00,1,1,000,000,2,0,1,4,1,63,0,1,9,01,0,1,1,201200021672B01,7,22,1
201200021680,2012-10-27,2012,octobre,samedi,11:05,19,19031,45.1591,1.53852,2,1,6,1,1,4,2,02,1,1,000,000,1,0,5,1,1,58,4,1,2,00,2,0,0,201200021680B01,1,0,1
201200021680,2012-10-27,2012,octobre,samedi,11:05,19,19031,45.1591,1.53852,2,1,6,1,1,4,2,02,1,1,000,000,1,0,5,4,1,57,0,1,2,00,2,0,0,201200021680A01,1,0,1
201200021709,2012-07-26,2012,juillet,jeudi,11:5,59,59326,50.95774,2.55977,2,1,3,3,1,3,2,00,1,3,094,000,1,0,1,3,1,16,5,1,2,00,2,1,15,201200021709A01,7,1,1
201200021739,2012-08-01,2012,août,mercredi,13:45,68,68300,47.79577,7.37298,1,6,3,1,1,3,1,01,1,3,000,071,1,5,5,4,1,63,5,1,2,00,2,1,1,201200021739B02,10,16,1
201200021743,2012-03-17,2012,mars,samedi,90:0,21,21054,0,0,1,3,3,1,1,3,1,03,1,1,000,000,1,0,1,4,1,27,1,1,9,00,2,2,17,201200021743B01,7,9,1
201200021747,2012-05-11,2012,mai,vendredi,12:35,21,21054,0,0,2,1,3,1,1,4,2,02,1,1,000,000,1,0,1,4,1,54,0,1,9,00,2,1,1,201200021747B01,3,15,1
201200021752,2012-10-15,2012,octobre,lundi,91:0,21,21054,0,0,2,1,3,1,7,3,2,02,1,1,000,000,1,0,1,4,2,28,0,1,2,00,2,8,1,201200021752B01,10,15,1
201200021756,2012-12-12,2012,décembre,mercredi,12:10,21,21054,0,0,2,1,3,1,1,4,2,02,1,1,000,000,1,0,1,3,2,50,0,1,9,00,2,1,1,201200021756B01,7,16,1
201200021773,2012-04-15,2012,avril,dimanche,14:27,21,21231,0,0,2,1,3,1,2,4,2,02,1,2,000,000,2,0,1,3,1,22,5,1,2,00,2,0,1,201200021773B01,30,0,1
201200021788,2012-06-18,2012,juin,lundi,18:37,21,21617,0,0,2,3,6,1,1,4,2,02,1,1,000,000,1,0,0,3,1,8,5,1,2,00,2,8,19,201200021788B01,7,16,1
201200021798,2012-08-03,2012,août,vendredi,21:44,21,21231,0,0,2,1,1,5,1,4,1,01,1,1,000,030,1,0,1,3,1,18,0,1,2,00,2,1,1,201200021798B01,2,1,1
201200021803,2012-09-11,2012,septembre,mardi,15:35,21,21231,0,0,2,4,3,1,8,4,2,03,2,1,000,112,1,0,1,3,1,23,0,1,2,00,2,1,1,201200021803B01,7,15,1
201200021805,2012-09-18,2012,septembre,mardi,20:05,21,21231,0,0,2,6,3,5,1,4,2,02,1,1,000,000,1,5,0,3,1,32,0,1,2,00,2,5,1,201200021805B01,10,1,1
201200021821,2012-11-06,2012,novembre,mardi,17:02,21,21231,0,0,2,3,2,1,1,4,1,01,1,1,000,000,1,0,0,4,1,54,1,1,2,00,2,2,15,201200021821B01,30,1,1
201200021824,2012-11-09,2012,novembre,vendredi,91:5,21,21231,0,0,2,2,6,1,1,4,3,06,1,1,000,000,1,5,1,3,2,83,5,1,2,00,2,0,1,201200021824B01,7,0,1
201200021825,2012-11-13,2012,novembre,mardi,15:45,21,21231,0,0,2,7,3,1,1,4,1,05,1,1,000,000,1,5,0,3,1,18,2,1,2,00,2,1,19,201200021825B01,7,1,1
201200021826,2012-11-20,2012,novembre,mardi,18:06,21,21231,0,0,2,7,6,5,5,4,3,05,2,1,000,000,1,5,1,1,1,18,2,1,2,00,1,1,1,201200021826A01,,,
201200021835,2012-05-02,2012,mai,mercredi,14:00,42,42320,45.52677,4.48996,1,1,3,1,1,4,2,01,1,1,000,040,1,0,1,4,1,10,5,1,2,00,0,1,21,201200021835B02,10,1,1
201200021836,2012-07-07,2012,juillet,samedi,11:00,42,42271,45.45166,4.61109,1,1,2,1,1,3,2,02,-1,2,000,073,1,0,1,4,1,58,5,1,2,00,2,3,1,201200021836B02,7,4,1
201200021849,2012-07-24,2012,juillet,mardi,16:30,22,22050,48.45411,-2.04676,2,1,3,1,1,3,2,02,2,1,000,000,1,0,1,4,2,44,5,1,9,00,2,1,1,201200021849A01,7,24,1
201200021860,2012-01-10,2012,janvier,mardi,75:5,22,22113,48.74635,-3.46662,2,6,3,2,1,4,2,02,1,1,,,1,0,1,4,1,20,2,1,4,00,2,1,1,201200021860B01,7,9,1
201200021881,2012-09-06,2012,septembre,jeudi,81:0,22,22113,48.75289,-3.45777,2,6,2,1,7,3,2,02,1,1,,,1,0,1,3,1,32,1,1,2,00,2,4,1,201200021881B01,7,16,1
201200021898,2012-01-03,2012,janvier,mardi,75:0,22,22278,48.51896,-2.7931,2,1,3,2,6,4,2,02,1,1,000,070,2,0,1,4,2,13,2,1,9,00,2,5,19,201200021898B01,7,1,1
201200021924,2012-03-06,2012,mars,mardi,18:10,22,22360,48.46154,-2.78404,2,6,3,1,1,4,1,01,1,2,000,070,1,5,1,4,1,42,5,1,2,00,2,1,1,201200021924B01,7,9,1
201200021933,2012-03-21,2012,mars,mercredi,12:10,22,22278,48.49991,-2.75616,2,1,6,1,1,4,2,02,2,1,000,000,1,0,1,4,1,27,2,1,9,01,0,1,1,201200021933A01,,,
201200021942,2012-04-13,2012,avril,vendredi,11:00,22,22278,48.51669,-2.78838,2,9,1,1,1,4,2,02,1,1,000,070,1,0,4,4,1,24,1,1,9,00,2,1,1,201200021942A01,2,1,1
201200021945,2012-04-18,2012,avril,mercredi,12:15,22,22278,48.50994,-2.78297,2,6,3,1,3,4,1,01,1,2,000,000,2,5,1,4,2,20,5,1,9,00,2,1,19,201200021945A01,7,1,1
201200021948,2012-04-24,2012,avril,mardi,17:15,22,22215,48.49002,-2.78247,1,3,1,1,1,3,2,02,1,1,000,000,2,0,1,4,1,41,5,1,2,00,2,1,1,201200021948B01,7,15,1
201200021973,2012-06-14,2012,juin,jeudi,16:50,22,22278,48.51938,-2.79068,2,1,3,1,1,4,2,02,1,1,000,109,1,0,1,4,1,11,2,1,9,00,2,1,19,201200021973A01,7,1,1
201200021988,2012-08-01,2012,août,mercredi,17:30,22,22360,48.48743,-2.75196,2,1,2,1,1,3,2,02,1,1,000,000,1,0,1,4,1,14,5,1,9,00,2,4,1,201200021988A01,7,17,1
201200022015,2012-10-08,2012,octobre,lundi,11:30,22,22278,48.51101,-2.76241,1,6,3,1,2,4,2,02,2,1,000,060,2,5,1,4,2,19,5,1,9,00,2,1,19,201200022015B01,7,1,1
201200022071,2012-03-14,2012,mars,mercredi,13:30,23,23096,0,0,2,2,3,1,1,4,2,02,2,1,000,000,1,0,1,4,1,8,5,1,4,00,2,7,1,201200022071B01,7,1,1
201200022083,2012-08-12,2012,août,dimanche,12:10,24,24037,0,0,2,2,6,1,1,4,2,02,1,1,000,086,1,0,1,3,1,72,5,1,2,00,2,0,0,201200022083B01,10,0,1
201200022096,2012-04-24,2012,avril,mardi,13:35,24,24322,0,0,2,2,6,1,2,4,2,03,1,1,000,077,2,0,1,4,1,40,9,1,2,00,2,1,1,201200022096B01,7,15,1
201200022123,2012-01-12,2012,janvier,jeudi,17:29,25,25056,47.23633,5.99855,2,1,7,5,1,4,2,02,1,1,000,000,1,0,1,3,2,27,1,1,9,00,2,1,1,201200022123A01,7,17,1
201200022125,2012-01-16,2012,janvier,lundi,13:57,25,25056,47.22901,5.98394,2,1,3,1,1,4,-1,00,-1,-1,000,000,1,0,1,4,1,27,1,1,9,00,2,0,19,201200022125B01,7,0,1
201200022150,2012-03-23,2012,mars,vendredi,15:15,25,25056,47.25709,6.02838,2,3,3,1,1,4,-1,00,-1,-1,000,000,1,0,1,4,1,37,1,1,4,00,2,0,0,201200022150A01,7,15,1
201200022160,2012-04-20,2012,avril,vendredi,16:00,25,25056,47.23081,6.02772,2,1,1,1,1,4,1,01,1,1,000,000,2,0,1,4,2,66,0,1,9,00,2,1,1,201200022160B01,7,9,1
201200022164,2012-05-11,2012,mai,vendredi,22:17,25,25056,47.25722,6.01195,2,1,3,5,1,4,2,00,2,1,000,000,1,0,4,4,1,26,0,1,9,00,2,1,1,201200022164A01,7,0,1
201200022166,2012-05-15,2012,mai,mardi,17:20,25,25056,47.25427,6.01518,2,1,1,1,1,4,2,00,-1,-1,000,000,-1,0,5,3,1,52,0,1,9,00,2,1,0,201200022166B01,30,1,1
201200022169,2012-05-23,2012,mai,mercredi,13:59,25,25056,47.25916,6.01559,2,1,6,1,8,4,2,02,1,1,000,000,1,0,1,1,1,55,0,1,4,00,1,0,1,201200022169A01,,,
201200022180,2012-06-21,2012,juin,jeudi,83:9,25,25056,47.25102,6.03454,2,1,5,1,1,4,2,02,1,1,000,000,1,0,1,1,2,57,1,1,4,00,2,1,2,201200022180C01,30/ 7,17/2,2
201200022218,2012-09-21,2012,septembre,vendredi,15:17,25,25056,47.24616,6.02144,2,1,3,1,1,4,-1,00,-1,-1,000,000,-1,0,1,4,2,20,2,1,9,00,2,8,19,201200022218B01,7,1,1
201200022222,2012-09-27,2012,septembre,jeudi,10:20,25,25056,47.21789,6.00624,2,1,3,1,1,4,-1,00,-1,-1,000,000,-1,0,1,4,2,27,0,1,9,00,2,1,1,201200022222B01,10,9,1
201200022236,2012-10-23,2012,octobre,mardi,75:5,25,25056,0,0,2,1,3,2,5,4,2,02,1,1,000,000,1,0,1,3,1,48,1,1,4,00,2,6,19,201200022236B01,7,1,1
201200022240,2012-10-29,2012,octobre,lundi,73:2,25,25056,47.24943,6.01969,2,1,6,2,1,4,2,02,2,1,000,000,1,0,1,4,1,43,0,1,2,00,2,8,1,201200022240B01,7,17,1
201200022247,2012-11-08,2012,novembre,jeudi,17:54,25,25056,47.2519,6.03833,2,2,3,5,1,4,2,02,2,1,000,000,1,0,1,3,1,29,1,1,2,00,2,1,1,201200022247B01,7,15,1
201200022267,2012-12-10,2012,décembre,lundi,16:40,25,25056,47.2291,5.989,2,4,1,1,1,4,2,02,-1,-1,000,000,-1,0,1,4,1,34,1,1,9,00,2,1,1,201200022267B01,7,15,1
201200022291,2012-03-12,2012,mars,lundi,12:30,25,25462,46.91068,6.34463,2,3,6,1,1,4,2,02,1,2,000,000,1,0,1,4,1,49,1,1,4,00,2,7,1,201200022291B01,7,15,1
201200022299,2012-07-10,2012,juillet,mardi,91:0,25,25462,46.545,6.2055,2,1,3,1,1,2,2,01,1,1,000,040,1,0,1,4,2,61,5,1,2,00,2,6,11,201200022299B01,2,17,1
201200022333,2012-08-22,2012,août,mercredi,16:45,62,62815,0,0,1,2,3,1,1,3,-1,02,1,1,000,050,1,0,1,4,1,63,5,1,2,00,2,1,1,201200022333B02,7,19,1
201200022381,2012-08-11,2012,août,samedi,91:5,26,26198,0,0,2,1,3,1,1,3,2,01,1,1,000,097,1,0,1,3,1,67,5,1,9,00,2,8,2,201200022381B01,7,15,1
201200022391,2012-09-28,2012,septembre,vendredi,10:35,26,26198,0,0,1,1,3,1,1,2,2,02,1,1,000,076,1,2,1,3,1,76,5,1,2,00,2,0,2,201200022391A01,14,17,1
201200022406,2012-01-20,2012,janvier,vendredi,10:55,26,26281,45.0516,5.0516,2,2,3,1,2,4,2,02,1,1,000,135,2,0,1,3,1,65,5,1,9,00,2,7,1,201200022406B01,7,19,1
201200022407,2012-01-23,2012,janvier,lundi,85:4,26,26281,45.0477,5.0421,2,3,1,1,1,4,2,02,1,1,000,600,1,0,1,4,1,31,1,1,2,00,2,1,1,201200022407B01,7,15,1
201200022408,2012-01-25,2012,janvier,mercredi,18:50,26,26057,0,0,2,2,6,1,1,3,2,02,1,1,000,070,1,0,1,4,1,40,5,1,4,00,2,3,1,201200022408B01,7,9,1
201200022418,2012-03-27,2012,mars,mardi,20:55,26,26281,45.044,5.0627,2,1,6,5,1,4,2,02,2,1,000,074,1,0,1,2,2,59,5,1,4,00,0,8,15,201200022418A01,2,17,1
201200022426,2012-04-24,2012,avril,mardi,13:10,26,26281,0,0,2,2,3,1,2,4,2,02,1,1,000,000,2,0,1,4,1,21,0,1,9,00,2,7,19,201200022426A01,7,1,1
201200022427,2012-04-25,2012,avril,mercredi,15:15,26,26281,0,0,2,1,6,1,1,3,2,04,2,3,000,020,1,2,5,1,1,16,0,1,9,00,1,1,2,201200022427A01,,,
201200022433,2012-06-11,2012,juin,lundi,19:20,26,26281,0,0,2,3,3,1,1,4,2,02,1,1,000,070,1,0,1,4,1,14,5,1,9,00,2,1,19,201200022433A01,7,9,1
201200022439,2012-07-13,2012,juillet,vendredi,83:0,26,26281,0,0,2,2,3,1,1,3,2,02,1,1,000,055,1,0,1,4,1,12,5,1,9,00,2,5,15,201200022439A01,7,1,1
201200022441,2012-07-18,2012,juillet,mercredi,11:50,26,26057,0,0,2,3,7,1,1,2,2,03,2,1,000,090,1,0,1,4,1,69,5,1,9,00,2,1,1,201200022441B01,7,15,1
201200022460,2012-09-14,2012,septembre,vendredi,91:0,26,26281,0,0,2,6,3,1,1,3,1,01,1,2,210,060,1,5,1,4,1,74,5,1,2,00,2,1,1,201200022460B01,7,9,1
201200022461,2012-09-14,2012,septembre,vendredi,93:4,26,26281,0,0,2,1,6,1,1,4,2,02,1,1,000,060,1,0,1,4,2,70,5,1,2,00,2,8,1,201200022461B01,7,17,1
201200022463,2012-09-28,2012,septembre,vendredi,15:55,26,26281,0,0,2,6,3,1,1,3,3,02,1,1,000,060,1,0,2,4,2,62,5,1,2,00,2,7,1,201200022463B01,7,9,1
201200022466,2012-10-10,2012,octobre,mercredi,18:35,26,26281,0,0,2,9,3,1,1,3,2,02,1,1,000,060,1,0,1,4,1,11,2,1,2,00,2,1,1,201200022466B01,7,1,1
201200022473,2012-11-01,2012,novembre,jeudi,16:15,26,26281,0,0,2,3,3,1,1,3,2,02,1,1,000,000,-1,0,1,4,2,15,5,1,9,00,2,1,9,201200022473A01,7,1,1
201200022481,2012-11-23,2012,novembre,vendredi,83:5,26,26281,45.0474,5.0712,2,3,3,1,1,4,1,01,1,1,000,000,1,0,1,4,2,45,3,1,2,00,2,1,5,201200022481B01,7,9,1
201200022483,2012-12-10,2012,décembre,lundi,19:30,26,26057,0,0,2,1,3,5,1,2,3,03,2,1,020,150,1,0,1,4,1,20,1,1,9,00,0,6,1,201200022483B01,7,1,1
201200022486,2012-12-17,2012,décembre,lundi,15:25,26,26281,0,0,1,3,3,1,2,3,2,02,1,1,000,000,2,0,1,4,1,48,5,1,2,00,2,5,1,201200022486B01,7,9,1
201200022499,2012-02-16,2012,février,jeudi,13:14,26,26362,0,0,1,1,2,1,1,3,2,02,1,1,000,060,1,2,1,3,1,51,0,1,2,00,2,4,1,201200022499B01,7,1,1
201200022511,2012-03-14,2012,mars,mercredi,91:5,26,26362,44.9404,4.9158,2,6,3,1,1,4,1,02,1,-1,000,070,1,0,1,3,1,58,0,1,2,00,2,1,2,201200022511B01,7,9,1
201200022516,2012-04-03,2012,avril,mardi,95:0,26,26362,44.9134,4.8936,2,1,3,1,1,4,2,02,2,1,000,000,-1,0,1,4,1,64,5,1,2,00,2,8,9,201200022516A01,7,1,1
201200022530,2012-05-10,2012,mai,jeudi,73:0,26,26362,0,0,2,6,3,1,1,4,2,02,1,1,000,000,1,0,1,4,1,43,0,1,2,00,2,0,1,201200022530B01,7,9,1
201200022548,2012-07-12,2012,juillet,jeudi,18:50,26,26362,0,0,2,1,3,1,1,4,2,02,2,1,000,070,1,0,5,4,1,44,5,1,2,00,2,8,2,201200022548B01,7,16,1
201200022554,2012-07-20,2012,juillet,vendredi,20:15,26,26362,0,0,2,1,3,1,1,4,2,02,1,1,000,040,1,4,0,4,1,15,0,1,2,00,2,0,0,201200022554B01,7,1,1
201200022557,2012-08-18,2012,août,samedi,12:30,26,26058,0,0,2,1,2,1,1,2,2,03,1,1,000,105,1,0,1,3,1,47,0,1,4,00,2,4,0,201200022557B01,7,1,1
201200022580,2012-11-15,2012,novembre,jeudi,83:0,26,26362,44.9112,4.8842,1,1,3,1,1,4,2,02,1,1,000,074,1,0,1,2,1,82,0,1,2,00,2,1,5,201200022580B01,14,9,1
201200022585,2012-11-23,2012,novembre,vendredi,72:5,26,26362,0,0,2,2,3,4,1,4,2,02,2,1,000,053,1,5,1,4,1,33,1,1,2,00,2,1,2,201200022585B01,7,19,1
201200022640,2012-05-09,2012,mai,mercredi,12:20,27,27229,49.0152,1.15257,2,1,3,1,1,4,2,03,2,1,000,090,1,0,1,4,1,35,1,1,9,00,2,1,7,201200022640B01,7,12,1
201200022660,2012-09-09,2012,septembre,dimanche,17:00,35,35353,48.11552,-1.77232,1,3,1,1,1,3,2,02,1,3,000,053,1,0,1,3,1,30,5,1,2,00,2,3,1,201200022660B02,33,1,1
201200022672,2012-11-20,2012,novembre,mardi,12:45,27,27375,0,0,2,1,6,1,1,4,2,02,1,1,000,060,1,0,1,3,1,54,5,1,9,00,2,4,1,201200022672B01,7,1,1
201200022682,2012-05-05,2012,mai,samedi,11:45,06,06095,0,0,1,6,1,1,1,3,2,02,1,2,000,000,1,0,1,3,2,43,5,1,2,00,2,8,1,201200022682B02,7,16,1
201200022694,2012-06-15,2012,juin,vendredi,12:35,27,27681,49.081,1.48499,2,3,2,1,2,4,2,02,1,1,000,058,2,0,1,3,2,19,2,1,4,00,2,4,15,201200022694B01,7,1,1
201200022699,2012-09-08,2012,septembre,samedi,19:50,27,27681,0,0,2,9,2,2,1,3,2,00,3,3,000,120,1,0,1,3,1,52,5,1,2,00,2,4,1,201200022699B01,7,1,1
201200022706,2012-11-24,2012,novembre,samedi,16:30,17,17472,0,0,1,1,1,1,1,3,2,00,2,1,000,064,1,0,1,3,1,16,1,1,4,00,2,6,2,201200022706B02,7,2,1
201200022707,2012-06-24,2012,juin,dimanche,15:00,17,17297,0,0,1,1,1,1,1,3,2,02,2,1,070,070,1,2,5,2,1,55,5,1,2,00,9,1,17,201200022707B02,1,1,1
201200022707,2012-06-24,2012,juin,dimanche,15:00,17,17297,0,0,1,1,1,1,1,3,2,02,2,1,070,070,1,2,5,3,1,18,5,1,2,00,9,1,1,201200022707A01,1,17,1
201200022730,2012-01-27,2012,janvier,vendredi,15:15,59,59462,50.51536,3.01665,2,1,1,1,1,3,-1,02,1,1,000,060,1,0,1,2,1,77,5,1,2,00,9,1,1,201200022730B02,7,22,1
201200022738,2012-01-18,2012,janvier,mercredi,73:0,28,28220,48.4254,1.46142,2,6,2,5,9,3,-1,02,-1,-1,000,000,-1,0,1,4,1,60,1,1,9,00,2,4,1,201200022738B01,7,0,1
201200022752,2012-03-01,2012,mars,jeudi,13:45,28,28229,0,0,1,1,2,1,1,3,2,04,1,1,000,076,1,0,1,3,1,62,5,1,2,00,0,4,1,201200022752B01,7,0,1
201200022754,2012-03-05,2012,mars,lundi,84:0,28,28229,0,0,2,1,3,1,1,3,-1,00,-1,-1,000,000,-1,0,0,4,2,47,0,1,9,00,2,0,0,201200022754B01,7,0,1
201200022757,2012-03-21,2012,mars,mercredi,13:19,28,28070,0,0,2,3,3,1,1,3,2,02,1,2,000,000,1,0,1,3,1,65,5,1,2,00,2,1,15,201200022757B01,7,2,1
201200022767,2012-05-01,2012,mai,mardi,23:00,28,28085,48.44473,1.4834,2,4,1,3,1,4,2,04,1,1,000,000,1,0,1,3,1,17,5,1,4,00,2,1,1,201200022767B01,7,15,1
201200022782,2012-06-27,2012,juin,mercredi,12:0,28,28085,48.4379,1.48084,2,1,7,5,1,4,2,02,1,1,000,000,1,0,0,3,2,16,5,1,4,00,0,0,0,201200022782A01,,,
201200022784,2012-07-01,2012,juillet,dimanche,15:17,28,28085,48.44185,1.483,2,1,2,1,1,4,2,02,1,1,000,000,1,0,1,3,2,21,0,1,2,00,2,4,2,201200022784B01,7,2,1
201200022799,2012-08-07,2012,août,mardi,13:15,28,28085,48.44722,1.48985,2,1,6,1,1,3,-1,01,-1,-1,000,000,-1,0,0,4,1,30,0,1,9,00,1,1,0,201200022799A01,,,
201200022803,2012-08-18,2012,août,samedi,16:40,28,28085,48.45121,1.51328,2,2,3,1,1,4,-1,00,1,1,000,000,1,,,3,2,57,5,1,9,00,2,0,1,201200022803B01,7,16,1
201200022814,2012-09-14,2012,septembre,vendredi,10:15,28,28085,0,0,2,1,3,1,1,3,2,02,1,1,000,000,1,0,1,3,2,47,1,1,4,00,2,2,1,201200022814B01,7,16,1
201200022839,2012-11-20,2012,novembre,mardi,93:0,28,28085,0,0,2,3,3,1,1,3,-1,02,1,1,000,000,1,0,1,4,2,48,0,1,9,00,2,1,0,201200022839A01,14,0,1
201200022856,2012-09-14,2012,septembre,vendredi,16:00,42,42233,46.07752,3.93499,1,1,2,1,1,3,2,02,2,1,000,080,-1,0,1,3,1,64,5,1,2,00,2,4,2,201200022856B02,7,21,1
201200022864,2012-07-16,2012,juillet,lundi,16:15,42,42176,46.03871,3.98146,1,6,2,1,1,3,1,01,1,3,000,077,1,0,1,3,1,48,5,1,1,00,2,1,1,201200022864A01,7,1,1
201200022879,2012-03-21,2012,mars,mercredi,15:40,28,28134,48.7243,1.38216,2,2,6,1,1,4,2,00,1,1,000,000,1,0,1,3,1,10,5,1,2,00,2,9,1,201200022879B01,7,1,1
201200022895,2012-10-22,2012,octobre,lundi,20:00,28,28134,0,0,1,2,3,3,1,2,2,02,1,1,000,000,1,0,1,4,1,18,4,1,4,00,2,8,19,201200022895A01,7,1,1
201200022920,2012-07-04,2012,juillet,mercredi,13:00,74,74272,0,0,2,3,1,1,1,3,2,03,4,1,000,000,1,5,1,3,1,48,5,1,2,11,2,1,5,201200022920B02,7,2,1
201200022979,2012-07-01,2012,juillet,dimanche,10:00,01,01354,46.2644,6.03097,2,6,2,1,2,3,1,02,1,2,000,089,2,0,1,3,1,78,5,1,2,00,2,5,1,201200022979B02,7,9,1
201200022998,2012-08-10,2012,août,vendredi,17:15,54,54234,49.54,5.682,2,1,3,1,1,4,2,02,1,1,000,078,1,0,1,3,1,15,5,1,2,11,0,8,13,201200022998B02,7,17,1
201200023014,2012-07-10,2012,juillet,mardi,12:00,83,83152,0,0,2,1,5,1,1,3,2,02,2,1,000,063,1,0,1,3,2,66,5,1,2,00,2,8,5,201200023014B02,7,5,1
201200023014,2012-07-10,2012,juillet,mardi,12:00,83,83152,0,0,2,1,5,1,1,3,2,02,2,1,000,063,1,0,1,3,1,65,5,1,2,00,2,8,5,201200023014C03,7,5,1
201200023021,2012-09-23,2012,septembre,dimanche,81:5,83,83036,43.309,6.908,1,1,3,1,1,3,2,02,-1,1,000,063,1,6,1,4,1,68,5,1,2,00,2,4,19,201200023021B02,7,1,1
201200023022,2012-09-30,2012,septembre,dimanche,14:00,83,83036,43.158,6.504,1,1,2,1,1,3,2,02,-1,1,000,064,-1,0,1,3,1,44,5,1,4,00,0,4,2,201200023022B02,7,2,1