Num_Acc,date,an,mois,jour,hrmn,dep,com,lat,long,agg,int,col,lum,atm,catr,circ,nbv,prof,plan,lartpc,larrout,surf,infra,situ,grav,sexe,age,trajet,secuexist,equipement,obs,obsm,choc,manv,vehiculeid,typevehicules,manoeuvehicules,numVehicules
201200026306,2012-10-14,2012,octobre,dimanche,63:0,34,34172,43.60031,3.8962,2,1,7,5,1,9,2,02,1,1,000,080,1,0,0,4,2,22,5,1,9,00,0,9,0,201200026306A01,,,
201200026320,2012-10-22,2012,octobre,lundi,15:20,34,34198,43.55633,3.95677,2,2,3,1,1,4,2,02,1,1,000,060,1,0,1,4,2,72,5,1,2,00,2,3,1,201200026320B01,7,1,1
201200026327,2012-10-25,2012,octobre,jeudi,14:05,34,34172,43.61469,3.88345,2,1,3,1,1,4,1,03,1,1,000,120,1,0,1,4,1,28,2,1,9,00,2,7,19,201200026327A01,7,1,1
201200026342,2012-11-05,2012,novembre,lundi,16:55,34,34129,43.59106,3.90859,1,2,3,2,1,3,2,04,1,1,000,120,1,0,0,4,1,69,0,1,9,00,2,7,19,201200026342A01,7,1,1
201200026348,2012-11-07,2012,novembre,mercredi,13:40,34,34172,43.60179,3.90044,2,1,3,1,1,4,4,03,1,1,000,094,1,0,1,4,1,69,5,1,9,00,2,1,2,201200026348B01,7,9,1
201200026373,2012-11-22,2012,novembre,jeudi,13:55,34,34172,43.60959,3.89407,2,1,3,1,1,4,1,04,1,1,000,098,1,0,1,4,2,22,1,1,9,00,2,7,19,201200026373A01,33,1,1
201200026400,2012-12-13,2012,décembre,jeudi,17:50,34,34172,43.62577,3.8656,2,1,2,5,1,4,1,01,1,1,000,030,2,0,1,4,1,25,2,1,4,00,2,4,1,201200026400B01,7,0,1
201200026404,2012-12-14,2012,décembre,vendredi,19:10,34,34172,43.61345,3.90496,2,1,3,5,2,4,2,02,1,1,000,060,1,0,1,4,2,36,5,1,2,00,2,7,19,201200026404B01,7,1,1
201200026409,2012-12-10,2012,décembre,lundi,90:9,34,34172,43.62004,3.85114,2,3,7,1,1,4,2,02,1,1,000,060,1,0,0,3,1,36,0,1,9,00,0,0,15,201200026409B01,7,15,1
201200026412,2012-12-21,2012,décembre,vendredi,93:5,34,34172,43.61858,3.84548,2,1,3,1,1,4,2,04,1,1,000,160,1,0,1,4,1,21,0,1,9,00,2,1,1,201200026412B01,7,15,1
201200026419,2012-01-10,2012,janvier,mardi,16:30,34,34108,43.42126,3.72361,1,2,3,1,1,4,2,02,1,1,000,092,1,0,1,3,2,71,9,1,9,00,2,8,1,201200026419A01,10,1,1
201200026444,2012-07-15,2012,juillet,dimanche,45:,34,34301,0,0,2,1,3,5,1,4,1,01,1,1,000,036,1,0,1,3,1,18,9,1,9,00,2,1,5,201200026444B01,7,1,1
201200026446,2012-08-05,2012,août,dimanche,11:0,34,34108,43.45624,3.75851,2,3,3,5,1,4,2,02,1,1,000,106,1,0,1,4,1,18,9,1,4,00,0,1,19,201200026446B01,7,1,1
201200026461,2012-09-14,2012,septembre,vendredi,21:30,34,34108,0,0,1,3,3,3,6,3,1,01,2,1,000,035,1,0,1,4,1,69,9,1,9,00,2,1,1,201200026461B01,7,13,1
201200026465,2012-10-08,2012,octobre,lundi,11:45,34,34108,0,0,2,2,3,1,1,4,2,02,1,1,000,061,1,0,1,4,2,12,9,1,9,00,2,6,1,201200026465A01,7,1,1
201200026476,2012-01-24,2012,janvier,mardi,91:0,35,35115,0,0,2,1,6,1,2,4,2,02,3,-1,000,032,2,0,1,4,1,38,5,1,9,00,2,3,2,201200026476B01,21,2,1
201200026481,2012-03-14,2012,mars,mercredi,18:30,35,35150,48.36734,-1.20871,2,6,1,1,1,3,2,02,1,-1,000,087,1,0,1,4,1,38,5,1,2,00,2,7,16,201200026481B01,7,9,1
201200026494,2012-12-12,2012,décembre,mercredi,12:10,35,35115,48.33983,-1.19264,2,1,3,1,1,9,2,02,2,1,000,018,1,0,1,3,1,53,4,1,9,00,0,7,15,201200026494B01,7,17,1
201200026500,2012-01-05,2012,janvier,jeudi,19:00,35,35238,48.10566,-1.67396,2,2,6,5,2,4,2,02,1,1,000,000,2,0,1,4,1,23,0,1,4,08,1,1,1,201200026500A01,,,
201200026510,2012-01-17,2012,janvier,mardi,93:0,35,35238,48.11719,-1.68085,2,2,3,1,1,4,2,02,2,1,000,000,1,5,1,4,1,80,3,1,4,00,2,1,1,201200026510B01,7,15,1
201200026511,2012-01-18,2012,janvier,mercredi,13:25,35,35238,48.09034,-1.66911,2,6,3,1,8,4,2,02,1,1,000,000,2,0,1,4,2,26,1,1,4,00,2,1,1,201200026511B01,10,1,1
201200026516,2012-01-22,2012,janvier,dimanche,14:50,35,35238,48.10227,-1.70499,2,1,3,1,1,4,2,02,1,1,000,000,1,0,1,4,2,65,5,1,9,00,2,8,1,201200026516B01,30,14,1
201200026517,2012-01-23,2012,janvier,lundi,16:45,35,35055,48.07595,-1.63878,2,1,6,1,1,4,2,02,1,1,000,000,1,0,1,1,1,24,0,1,4,00,1,1,1,201200026517A01,,,
201200026536,2012-02-01,2012,février,mercredi,83:5,35,35238,0,0,2,9,3,1,8,4,3,02,1,1,000,000,1,0,1,4,1,47,1,1,4,00,2,1,1,201200026536B01,7,9,1
201200026572,2012-03-03,2012,mars,samedi,14:55,35,35238,48.1005,-1.69453,2,1,6,1,8,4,2,02,1,1,000,000,1,0,1,4,2,46,5,1,8,12,0,1,1,201200026572A01,,,
201200026576,2012-03-05,2012,mars,lundi,80:0,35,35238,48.1326,-1.67296,2,6,3,1,8,4,2,02,1,1,000,000,2,0,1,3,1,58,1,1,8,00,2,1,1,201200026576B01,7,9,1
201200026581,2012-03-08,2012,mars,jeudi,12:55,35,35238,48.1073,-1.67174,2,1,3,1,8,4,2,02,1,1,000,000,1,0,1,4,2,25,5,1,8,00,2,1,1,201200026581B01,7,22,1
201200026582,2012-03-08,2012,mars,jeudi,13:30,35,35238,48.1053,-1.65054,2,1,3,1,8,4,2,02,1,1,000,100,1,0,5,4,1,36,1,1,8,00,2,1,1,201200026582B01,7,14,1
201200026586,2012-03-12,2012,mars,lundi,90:0,35,35238,48.0832,-1.65069,2,1,3,1,7,4,2,02,1,2,000,000,1,0,1,4,1,74,5,1,2,00,2,1,1,201200026586B01,7,15,1
201200026591,2012-03-18,2012,mars,dimanche,94:5,35,35238,48.0999,-1.67217,2,2,3,1,3,4,2,02,1,1,000,000,2,5,1,4,1,23,5,1,8,00,2,1,5,201200026591A01,7,16,1
201200026593,2012-03-19,2012,mars,lundi,18:30,35,35238,48.1365,-1.66514,2,1,7,1,1,4,2,02,1,1,000,000,1,0,1,4,2,64,5,1,8,00,0,0,1,201200026593A01,,,
201200026594,2012-03-20,2012,mars,mardi,40:,35,35238,48.1069,-1.72723,2,1,3,5,1,4,3,02,1,1,000,026,2,0,1,4,1,32,1,1,4,00,2,0,1,201200026594B01,7,1,1
201200026597,2012-03-22,2012,mars,jeudi,18:00,35,35238,48.1109,-1.6927,2,2,3,1,2,4,2,02,1,1,000,000,2,5,1,4,1,39,1,1,8,00,2,1,1,201200026597B01,7,15,1
201200026603,2012-03-25,2012,mars,dimanche,18:00,35,35238,48.1303,-1.64032,2,1,6,1,1,4,2,02,1,1,000,000,1,0,1,3,1,8,5,1,8,00,2,7,19,201200026603B01,7,1,1
201200026605,2012-03-27,2012,mars,mardi,16:25,35,35238,48.0837,-1.6754,2,3,2,1,1,4,2,02,1,1,000,000,1,0,1,4,2,50,1,1,8,00,2,1,2,201200026605B01,7,1,1
201200026606,2012-03-27,2012,mars,mardi,17:00,35,35238,48.1269,-1.66109,2,1,7,1,1,4,2,02,1,1,000,000,1,0,1,4,1,11,5,1,8,00,0,0,1,201200026606A01,,,
201200026615,2012-04-02,2012,avril,lundi,12:30,35,35238,48.1153,-1.63676,2,1,6,1,1,6,-1,00,1,1,000,000,1,0,1,4,2,23,2,1,8,00,2,1,1,201200026615B01,7,4,1
201200026618,2012-04-03,2012,avril,mardi,16:45,35,35238,48.0847,-1.66092,2,3,3,1,1,4,3,02,1,1,000,000,1,5,1,4,1,66,1,1,8,00,2,1,15,201200026618A01,7,1,1
201200026625,2012-04-10,2012,avril,mardi,41:0,35,35281,0,0,2,4,3,3,3,4,2,02,1,1,000,000,2,0,1,4,1,31,4,1,4,00,2,1,1,201200026625B01,7,15,1
201200026633,2012-04-16,2012,avril,lundi,50:0,35,35238,48.1099,-1.67405,2,2,3,5,1,4,3,02,1,1,000,000,1,0,1,4,1,22,5,1,9,00,2,1,15,201200026633A01,7,1,1
201200026634,2012-04-16,2012,avril,lundi,12:09,35,35238,48.1083,-1.68529,2,1,3,1,1,4,1,01,1,1,000,000,1,0,1,3,2,58,1,1,8,00,2,7,1,201200026634B01,7,22,1
201200026636,2012-04-16,2012,avril,lundi,18:10,35,35238,48.1279,-1.65748,2,2,3,1,1,4,2,04,1,1,000,000,1,5,1,4,1,66,5,1,8,00,2,1,1,201200026636A01,7,1,1
201200026655,2012-05-02,2012,mai,mercredi,18:25,35,35238,48.1031,-1.68284,2,1,3,1,1,4,1,01,1,1,000,000,1,0,1,4,2,21,5,1,8,00,2,1,1,201200026655B01,7,22,1
201200026656,2012-05-03,2012,mai,jeudi,12:00,35,35238,48.0915,-1.62682,2,5,3,1,1,2,3,02,1,1,000,000,1,0,1,4,1,75,5,1,8,00,2,1,9,201200026656A01,7,1,1
201200026659,2012-05-05,2012,mai,samedi,14:30,35,35238,48.1099,-1.67186,2,3,6,1,1,4,2,02,1,1,000,000,1,0,1,4,1,49,5,1,8,14,0,1,1,201200026659A01,,,
201200026666,2012-05-14,2012,mai,lundi,17:15,35,35238,48.114,-1.69847,2,3,3,1,1,4,3,02,2,1,000,000,1,0,1,4,1,92,5,1,8,00,2,1,19,201200026666A01,7,1,1
201200026680,2012-05-23,2012,mai,mercredi,13:10,35,35238,48.1156,-1.67689,2,4,3,1,1,4,1,01,1,1,000,000,1,0,1,4,1,20,5,1,9,00,2,2,18,201200026680B01,7,22,1
201200026686,2012-05-28,2012,mai,lundi,18:15,35,35238,48.1214,-1.68299,2,2,3,1,1,4,1,01,1,1,000,000,1,5,1,4,1,26,5,1,8,00,2,1,19,201200026686A01,7,1,1
201200026687,2012-05-29,2012,mai,mardi,80:0,35,35238,48.1271,-1.62886,2,6,3,1,7,4,2,02,1,1,000,000,1,0,1,4,1,43,1,1,8,00,2,1,1,201200026687B01,7,9,1
201200026692,2012-05-30,2012,mai,mercredi,74:5,35,35238,48.10639,-1.67826,2,1,7,1,1,4,1,01,1,1,000,000,1,0,1,4,1,31,1,1,8,00,0,1,1,201200026692A01,,,
201200026697,2012-06-01,2012,juin,vendredi,13:15,35,35238,48.1038,-1.67711,2,3,3,1,1,4,3,02,2,1,000,000,1,0,1,4,2,12,2,1,8,00,2,1,1,201200026697B01,7,16,1
201200026699,2012-06-01,2012,juin,vendredi,19:35,35,35238,48.1049,-1.70845,2,6,3,1,7,4,2,02,1,1,000,000,1,5,1,4,1,56,5,1,2,00,2,1,1,201200026699B01,7,9,1
201200026704,2012-06-06,2012,juin,mercredi,17:55,35,35238,48.1049,-1.70845,2,6,3,1,8,4,2,02,1,1,000,000,1,0,1,4,1,36,1,1,8,00,2,1,1,201200026704B01,7,9,1
201200026713,2012-06-11,2012,juin,lundi,85:0,35,35055,0,0,2,1,3,1,1,4,2,02,3,2,000,000,1,0,1,4,2,56,1,1,4,00,2,1,19,201200026713B01,7,1,1
201200026714,2012-06-11,2012,juin,lundi,16:35,35,35238,48.0929,-1.64007,2,6,3,1,2,4,2,00,1,1,000,000,2,5,1,3,1,62,5,1,8,00,2,1,1,201200026714B01,7,9,1
201200026715,2012-06-11,2012,juin,lundi,17:05,35,35238,48.1067,-1.6509,2,3,3,1,1,4,2,02,1,1,000,000,2,5,1,3,1,63,5,1,8,00,2,1,1,201200026715B01,7,16,1
201200026724,2012-06-20,2012,juin,mercredi,85:5,35,35238,48.1057,-1.66601,2,5,3,1,1,4,2,04,1,1,000,000,1,5,1,4,2,29,4,1,2,00,2,1,1,201200026724B01,7,16,1
201200026731,2012-06-27,2012,juin,mercredi,12:00,35,35238,48.0921,-1.67485,2,2,3,1,1,4,3,02,1,1,000,000,1,0,1,4,1,52,0,1,8,00,2,4,1,201200026731B01,14,16,1
201200026732,2012-06-27,2012,juin,mercredi,17:15,35,35238,48.1146,-1.65706,2,5,5,1,1,4,2,02,1,1,000,000,1,5,1,4,2,29,1,1,8,00,2,4,2,201200026732A01,7,23/2,2
201200026733,2012-06-27,2012,juin,mercredi,23:55,35,35238,48.1221,-1.6802,2,1,2,5,1,4,2,02,1,1,000,000,1,0,1,4,2,29,5,1,8,00,2,4,1,201200026733B01,7,1,1
201200026734,2012-06-28,2012,juin,jeudi,85:0,35,35238,48.1074,-1.67201,2,2,3,1,1,4,1,01,1,1,000,000,1,0,1,4,1,32,1,1,8,00,2,2,1,201200026734B01,7,16,1
201200026736,2012-06-30,2012,juin,samedi,14:15,35,35238,48.0914,-1.66896,2,2,3,1,2,4,3,02,1,1,000,000,2,5,1,4,1,56,5,1,8,00,2,0,1,201200026736B01,7,9,1
201200026737,2012-06-30,2012,juin,samedi,19:00,35,35238,48.1162,-1.66465,2,2,3,1,1,4,2,02,1,1,000,000,1,0,1,4,1,34,5,1,8,00,2,1,1,201200026737B01,7,15,1
201200026741,2012-07-05,2012,juillet,jeudi,91:2,35,35238,48.11,-1.65986,2,1,3,1,1,4,2,02,1,1,000,000,1,0,1,4,1,80,0,1,4,00,2,1,19,201200026741B01,7,1,1
201200026745,2012-07-06,2012,juillet,vendredi,18:15,35,35238,48.1223,-1.63872,2,6,3,1,1,4,2,02,1,1,000,000,1,5,1,4,1,50,1,1,8,00,2,1,1,201200026745B01,7,9,1
201200026747,2012-07-09,2012,juillet,lundi,17:30,35,35238,48.1257,-1.63818,2,1,3,1,1,4,2,02,1,1,000,000,1,0,1,4,2,32,1,1,8,00,2,1,1,201200026747A01,1,1,1
201200026747,2012-07-09,2012,juillet,lundi,17:30,35,35238,48.1257,-1.63818,2,1,3,1,1,4,2,02,1,1,000,000,1,0,1,1,1,14,5,1,8,00,2,1,1,201200026747B01,1,1,1
201200026752,2012-07-13,2012,juillet,vendredi,85:0,35,35238,48.1096,-1.70709,2,1,6,1,1,4,2,02,1,1,000,000,1,0,1,4,2,60,5,1,8,00,0,1,1,201200026752B01,7,22,1
201200026759,2012-07-18,2012,juillet,mercredi,12:00,35,35238,48.1248,-1.66712,2,2,3,1,1,4,2,02,2,1,000,000,1,5,1,4,1,56,5,1,8,00,2,1,1,201200026759B01,10,15,1
201200026760,2012-07-19,2012,juillet,jeudi,13:30,35,35238,48.1303,-1.66366,2,1,7,1,1,4,2,02,1,1,000,000,1,0,1,4,1,18,5,1,8,00,0,0,1,201200026760A01,,,
201200026761,2012-07-19,2012,juillet,jeudi,16:10,35,35238,48.1109,-1.68023,2,2,3,1,1,4,1,01,1,1,000,000,1,5,1,4,1,15,5,1,8,00,0,0,1,201200026761A01,7,1,1
201200026764,2012-07-25,2012,juillet,mercredi,19:45,35,35238,48.1103,-1.68628,2,5,7,1,1,4,1,02,1,1,000,000,1,5,4,3,1,29,5,1,8,00,0,0,1,201200026764A01,,,
201200026766,2012-07-27,2012,juillet,vendredi,13:00,35,35055,0,0,2,4,3,1,1,4,2,00,1,1,000,000,1,0,1,4,1,9,5,1,4,00,2,0,9,201200026766A01,7,1,1
201200026785,2012-08-14,2012,août,mardi,15:25,35,35238,48.0904,-1.6822,2,1,3,1,1,4,2,02,1,1,000,000,1,0,1,4,2,42,5,1,8,00,2,1,9,201200026785A01,7,1,1
201200026797,2012-08-22,2012,août,mercredi,17:35,35,35238,48.1019,-1.72762,2,3,2,1,1,4,2,02,1,1,000,000,1,0,1,1,1,35,1,1,8,00,2,0,1,201200026797B01,1,1,1
201200026797,2012-08-22,2012,août,mercredi,17:35,35,35238,48.1019,-1.72762,2,3,2,1,1,4,2,02,1,1,000,000,1,0,1,3,1,68,5,1,2,00,2,0,1,201200026797A01,1,1,1
201200026799,2012-08-23,2012,août,jeudi,85:0,35,35238,48.1103,-1.65658,2,1,3,1,7,4,1,02,1,1,000,000,1,0,1,4,1,27,1,1,8,00,2,1,1,201200026799B01,7,16,1
201200026804,2012-08-30,2012,août,jeudi,16:15,35,35238,48.0921,-1.67485,2,2,2,1,8,4,3,02,1,1,000,000,2,5,1,4,2,58,5,1,4,01,2,0,1,201200026804B01,7,4,1
201200026811,2012-09-03,2012,septembre,lundi,18:15,35,35238,48.1084,-1.67578,2,1,3,1,1,4,1,01,1,1,000,000,1,0,1,3,2,53,1,1,8,00,2,1,1,201200026811B01,7,22,1
201200026813,2012-09-03,2012,septembre,lundi,18:15,35,35238,48.0889,-1.67495,2,2,3,1,1,4,3,02,1,1,000,000,1,0,1,3,1,41,1,1,8,00,2,1,1,201200026813B01,7,16,1
201200026814,2012-09-04,2012,septembre,mardi,91:5,35,35238,48.1223,-1.63872,2,6,7,1,1,4,2,02,1,1,000,000,1,5,1,4,1,43,1,1,2,00,0,1,1,201200026814A01,,,
201200026818,2012-09-06,2012,septembre,jeudi,11:50,35,35238,48.1,-1.68662,2,2,3,1,1,4,2,02,1,1,000,000,1,5,1,4,1,55,5,1,8,00,2,8,9,201200026818A01,37,7,1
201200026820,2012-09-07,2012,septembre,vendredi,17:15,35,35238,48.1072,-1.72068,2,3,3,1,1,4,3,04,1,1,000,000,1,5,4,4,1,12,5,1,8,00,2,8,19,201200026820B01,7,16,1
201200026831,2012-09-14,2012,septembre,vendredi,18:40,35,35238,48.1139,-1.64089,2,6,3,1,1,4,3,04,1,1,000,000,1,5,1,4,2,18,5,1,8,00,2,8,15,201200026831A01,7,1,1
201200026833,2012-09-19,2012,septembre,mercredi,17:35,35,35238,48.1136,-1.67732,2,5,3,1,1,4,1,01,1,1,000,000,1,5,1,4,2,25,5,1,8,00,2,7,1,201200026833B01,37,1,1
201200026836,2012-09-20,2012,septembre,jeudi,19:04,35,35238,48.1115,-1.70143,2,3,3,1,1,4,2,02,1,1,000,000,1,0,1,4,2,21,5,1,2,00,2,1,19,201200026836A01,7,1,1
201200026855,2012-10-02,2012,octobre,mardi,18:30,35,35238,48.13137,-1.69032,2,1,3,1,2,4,1,01,2,1,000,000,2,0,1,4,1,26,5,1,2,00,2,1,1,201200026855B01,7,16,1
201200026859,2012-10-03,2012,octobre,mercredi,12:45,35,35238,48.1127,-1.69388,2,2,3,1,8,4,3,02,1,1,000,000,2,0,5,4,1,31,1,1,8,00,2,1,1,201200026859B01,7,20,1
201200026870,2012-10-11,2012,octobre,jeudi,95:5,35,35238,48.0914,-1.66896,2,6,3,1,2,4,2,02,1,1,000,000,2,5,1,3,1,77,5,1,8,00,2,1,9,201200026870A01,7,1,1
201200026872,2012-10-12,2012,octobre,vendredi,15:55,35,35238,48.1098,-1.69851,2,3,3,1,2,4,2,02,2,1,000,000,2,0,1,4,2,21,2,1,8,00,2,0,1,201200026872B01,7,16,1
201200026877,2012-10-14,2012,octobre,dimanche,11:35,35,35238,48.0903,-1.66912,2,6,3,1,7,4,2,02,3,1,000,000,1,5,1,4,2,57,1,1,8,00,2,0,1,201200026877B01,7,1,1
201200026880,2012-10-17,2012,octobre,mercredi,82:0,35,35238,48.0924,-1.65839,2,1,7,1,2,4,2,02,1,1,000,000,2,0,4,4,1,18,2,1,8,00,0,2,1,201200026880A01,,,
201200026882,2012-10-18,2012,octobre,jeudi,16:15,35,35238,48.1175,-1.70466,2,6,3,1,2,4,2,02,1,2,000,000,2,5,1,4,2,20,2,1,8,00,2,0,1,201200026882B01,7,1,1
201200026889,2012-10-20,2012,octobre,samedi,18:15,35,35238,48.105,-1.67754,2,3,7,2,2,4,1,01,1,1,000,000,2,5,1,4,1,16,5,1,8,00,0,0,16,201200026889A01,,,
201200026910,2012-11-08,2012,novembre,jeudi,10:35,35,35238,48.1087,-1.69399,2,1,3,1,1,4,3,02,1,1,000,000,1,0,1,4,1,34,5,1,8,00,2,1,1,201200026910B01,10,22,1
201200026920,2012-11-15,2012,novembre,jeudi,12:50,35,35238,48.1214,-1.68299,2,4,2,1,1,4,1,02,1,1,000,000,1,0,1,4,2,44,4,1,8,00,2,8,1,201200026920B01,14,12,1
201200026921,2012-11-17,2012,novembre,samedi,10:20,35,35238,48.1057,-1.66601,2,5,3,1,1,4,2,02,1,1,000,000,1,5,1,4,1,64,5,1,8,00,2,0,1,201200026921B01,7,16,1
201200026933,2012-11-23,2012,novembre,vendredi,19:25,35,35238,48.1117,-1.65605,2,3,3,5,3,4,2,02,1,1,000,000,2,5,1,4,1,42,1,1,2,00,2,1,1,201200026933B01,7,15,1
201200026952,2012-12-03,2012,décembre,lundi,22:12,35,35278,0,0,2,1,7,5,3,4,2,02,1,1,000,000,2,0,1,3,1,52,1,1,2,15,0,1,1,201200026952A01,,,
201200026963,2012-12-08,2012,décembre,samedi,12:40,35,35238,48.0995,-1.68647,2,3,3,1,1,4,2,02,2,1,000,000,1,5,1,1,1,22,5,1,8,00,2,1,1,201200026963B01,7,15,1
201200026963,2012-12-08,2012,décembre,samedi,12:40,35,35238,48.0995,-1.68647,2,3,3,1,1,4,2,02,2,1,000,000,1,5,1,4,2,6,5,1,3,00,2,1,1,201200026963B01,7,15,1
201200026972,2012-12-14,2012,décembre,vendredi,13:10,35,35238,48.1009,-1.71158,2,3,3,1,8,4,2,02,1,1,000,000,2,5,1,4,1,20,5,1,8,00,2,1,1,201200026972B01,7,15,1
201200026977,2012-12-17,2012,décembre,lundi,74:5,35,35238,48.1101,-1.68622,2,2,3,5,8,4,3,02,1,2,000,000,2,5,1,4,1,13,2,1,2,00,2,0,15,201200026977A01,37,1,1
201200026987,2012-12-24,2012,décembre,lundi,17:55,35,35238,48.1105,-1.69274,2,3,7,5,1,4,2,02,1,1,000,000,1,0,1,4,2,19,1,1,2,00,0,0,1,201200026987A01,,,
201200027006,2012-07-30,2012,juillet,lundi,13:25,35,35288,48.64187,-1.994,2,6,3,1,1,3,2,02,1,3,000,000,1,5,1,3,1,29,1,1,2,00,2,4,1,201200027006B01,7,9,1
201200027010,2012-09-12,2012,septembre,mercredi,13:05,35,35288,48.65409,-2.00948,2,2,6,1,1,3,2,02,1,2,000,000,1,0,1,2,1,52,5,1,2,00,0,8,2,201200027010B01,13,15,1
201200027012,2012-09-18,2012,septembre,mardi,17:00,35,35288,48.63992,-2.0087,2,6,3,1,1,2,2,02,1,1,000,000,1,0,1,3,1,39,5,1,2,00,2,1,9,201200027012A01,7,1,1
201200027027,2012-01-02,2012,janvier,lundi,12:00,36,36202,46.7757,1.64841,2,6,2,1,1,3,2,02,1,1,000,060,1,5,1,4,1,36,0,1,9,00,2,4,1,201200027027B01,7,9,1
201200027031,2012-02-22,2012,février,mercredi,12:37,36,36044,46.8176,1.69704,2,1,3,1,1,4,2,02,1,1,000,000,1,0,1,3,1,24,4,1,2,00,2,1,0,201200027031B01,7,16,1
201200027034,2012-01-16,2012,janvier,lundi,90:5,36,36044,46.8052,1.71229,2,1,2,1,1,4,2,02,2,1,000,100,1,0,1,4,2,49,9,1,2,00,2,4,1,201200027034B01,7,2,1
201200027058,2012-09-19,2012,septembre,mercredi,15:00,36,36044,46.8078,1.67602,2,1,3,1,1,4,2,02,1,1,000,050,1,0,1,4,1,12,0,1,9,00,2,1,19,201200027058A01,7,1,1
201200027061,2012-02-23,2012,février,jeudi,81:5,36,36044,46.7931,1.71117,2,6,3,1,8,4,1,00,1,3,000,000,2,0,1,4,1,15,5,1,2,00,2,1,1,201200027061B01,7,1,1
201200027063,2012-10-04,2012,octobre,jeudi,84:5,36,36202,46.7806,1.65285,1,1,3,1,1,3,3,02,1,1,010,070,2,0,1,3,1,30,5,1,2,00,2,1,5,201200027063B01,7,9,1
201200027066,2012-02-25,2012,février,samedi,80:5,36,36044,46.788,1.70369,2,3,2,1,1,3,2,02,1,1,020,160,1,0,1,4,1,59,5,1,8,00,2,4,1,201200027066B01,7,1,1
201200027103,2012-05-30,2012,mai,mercredi,17:50,36,36159,46.7635,1.71486,2,2,3,1,1,4,2,02,1,1,000,070,2,0,1,4,1,13,0,1,9,00,0,1,0,201200027103A01,7,1,1
201200027155,2012-10-19,2012,octobre,vendredi,12:54,36,36044,46.8111,1.68361,2,1,7,1,1,4,2,02,1,1,000,060,-1,0,1,4,1,14,0,1,9,00,0,0,0,201200027155A01,,,
201200027160,2012-10-23,2012,octobre,mardi,85:5,36,36044,46.8097,1.69528,2,1,3,1,1,4,1,01,1,1,000,062,1,0,1,3,1,47,4,1,4,00,2,2,1,201200027160B01,7,22,1
201200027174,2012-11-22,2012,novembre,jeudi,14:50,36,36044,46.8062,1.67481,2,1,7,1,1,4,2,02,1,1,000,062,-1,0,1,4,1,43,0,1,9,00,0,0,0,201200027174A01,,,
201200027175,2012-11-27,2012,novembre,mardi,17:00,36,36044,46.814,1.70186,2,1,3,1,1,4,1,01,1,1,000,000,1,0,1,4,2,66,5,1,9,00,2,6,1,201200027175B01,7,17,1
201200027178,2012-12-06,2012,décembre,jeudi,11:45,36,36044,46.7959,1.6962,2,1,3,1,1,4,2,02,1,1,000,120,1,0,1,4,1,15,5,1,4,00,2,3,15,201200027178A01,7,1,1
201200027181,2012-12-14,2012,décembre,vendredi,13:29,36,36044,46.8129,1.68808,2,2,3,1,2,4,-1,02,1,-1,000,080,1,0,1,4,1,44,5,1,2,00,0,8,1,201200027181B01,7,1,1
201200027184,2012-12-20,2012,décembre,jeudi,11:15,36,36044,46.7978,1.71054,2,1,7,1,1,4,2,02,1,1,000,070,-1,0,1,4,1,51,0,1,9,00,0,0,1,201200027184A01,,,
201200027205,2012-04-01,2012,avril,dimanche,22:47,37,37261,0,0,2,2,3,5,1,4,3,04,1,1,015,120,1,0,1,3,2,24,5,1,9,00,2,1,1,201200027205B01,7,16,1
201200027220,2012-06-09,2012,juin,samedi,41:5,37,37261,0,0,2,2,1,5,1,4,1,01,1,1,000,062,1,0,1,4,1,32,5,1,9,00,2,8,19,201200027220A01,7,16,1
201200027229,2012-01-16,2012,janvier,lundi,85:0,37,37261,0,0,2,2,3,1,1,4,2,02,1,1,000,070,1,0,1,4,2,24,0,1,9,00,2,1,1,201200027229B01,1,1,1
201200027229,2012-01-16,2012,janvier,lundi,85:0,37,37261,0,0,2,2,3,1,1,4,2,02,1,1,000,070,1,0,1,1,2,27,1,1,9,00,2,1,1,201200027229A01,1,1,1
201200027234,2012-01-27,2012,janvier,vendredi,17:50,37,37214,0,0,2,1,3,2,1,4,2,03,1,1,000,120,1,0,1,4,2,20,2,1,2,00,2,0,19,201200027234B01,33,1,1
201200027238,2012-02-03,2012,février,vendredi,72:5,37,37233,0,0,2,2,3,5,1,4,2,04,1,1,150,140,1,0,1,4,1,18,1,1,9,00,2,3,1,201200027238A01,7,1,1
201200027253,2012-02-27,2012,février,lundi,19:30,37,37261,0,0,2,1,7,5,1,4,3,04,2,3,020,200,1,0,5,4,1,55,5,1,4,12,0,1,14,201200027253A01,,,
201200027256,2012-02-15,2012,février,mercredi,14:45,37,37261,0,0,2,1,6,1,1,4,1,02,2,2,060,080,1,0,1,4,1,87,3,1,4,00,0,0,0,201200027256A01,,,
201200027267,2012-01-26,2012,janvier,jeudi,75:5,37,37261,0,0,2,9,3,2,8,9,-1,,1,2,050,030,2,0,1,4,1,14,2,1,4,00,2,1,17,201200027267B01,7,13,1
201200027275,2012-03-13,2012,mars,mardi,14:50,37,37261,0,0,2,6,3,1,1,4,1,01,1,2,000,050,1,5,1,3,2,69,5,1,9,00,2,6,9,201200027275B01,7,1,1