Num_Acc,date,an,mois,jour,hrmn,dep,com,lat,long,agg,int,col,lum,atm,catr,circ,nbv,prof,plan,lartpc,larrout,surf,infra,situ,grav,sexe,age,trajet,secuexist,equipement,obs,obsm,choc,manv,vehiculeid,typevehicules,manoeuvehicules,numVehicules
201200027278,2012-03-24,2012,mars,samedi,15:45,37,37261,0,0,2,3,3,1,1,4,2,02,1,1,000,120,1,0,1,3,1,59,5,1,9,00,,8,16,201200027278A01,33,1,1
201200027280,2012-03-26,2012,mars,lundi,84:0,37,37122,0,0,2,6,2,1,7,4,2,02,1,1,000,060,1,5,1,3,1,70,3,1,9,00,2,4,1,201200027280B01,10,1,1
201200027288,2012-12-08,2012,décembre,samedi,81:5,37,37122,0,0,2,1,3,2,1,4,-1,00,-1,-1,000,000,-1,0,0,4,1,66,0,1,9,00,0,0,0,201200027288B01,7,1,1
201200027300,2012-03-09,2012,mars,vendredi,16:55,37,37122,0,0,2,3,3,1,1,4,2,02,1,1,000,070,1,0,1,4,2,58,1,1,4,00,2,7,1,201200027300B01,7,1,1
201200027303,2012-03-21,2012,mars,mercredi,13:15,37,37122,0,0,2,1,3,1,1,4,2,02,1,1,000,070,1,0,1,4,2,42,4,1,9,00,2,1,19,201200027303A01,10,1,1
201200027306,2012-03-26,2012,mars,lundi,18:40,37,37261,0,0,2,1,3,1,1,4,2,02,1,1,000,070,1,0,1,4,2,50,1,1,2,01,0,7,1,201200027306B01,7,22,1
201200027309,2012-04-02,2012,avril,lundi,13:30,37,37122,0,0,2,3,3,1,1,4,2,02,1,1,000,070,1,0,1,4,1,50,1,1,9,00,2,6,16,201200027309B01,7,1,1
201200027311,2012-04-04,2012,avril,mercredi,82:5,37,37261,0,0,2,1,3,1,1,4,2,02,1,1,008,080,1,0,1,4,1,35,2,1,9,00,2,7,1,201200027311B01,7,16,1
201200027321,2012-05-14,2012,mai,lundi,14:05,37,37261,0,0,2,1,7,1,1,4,2,02,1,1,000,080,1,0,1,4,2,26,5,1,2,01,0,7,1,201200027321A01,,,
201200027324,2012-02-16,2012,février,jeudi,20:14,37,37261,0,0,2,9,3,5,1,4,3,04,1,1,080,160,1,0,5,4,1,72,3,1,4,00,2,8,5,201200027324B01,7,9,1
201200027325,2012-02-21,2012,février,mardi,14:10,37,37261,0,0,2,3,2,1,1,4,1,01,1,1,000,060,1,0,1,4,2,19,2,1,4,00,2,4,1,201200027325B01,10,15,1
201200027343,2012-04-15,2012,avril,dimanche,14:25,37,37122,0,0,2,1,1,1,1,4,2,02,1,1,000,060,1,0,1,4,1,13,5,1,9,00,2,1,19,201200027343A01,7,2,1
201200027356,2012-01-19,2012,janvier,jeudi,19:30,37,37261,0,0,2,2,1,5,8,4,2,02,1,1,000,070,2,0,1,3,1,44,5,1,9,00,2,1,1,201200027356B01,7,15,1
201200027359,2012-04-19,2012,avril,jeudi,60:0,37,37233,0,0,2,3,2,2,1,9,3,04,2,1,000,100,2,0,1,4,2,29,1,1,4,00,2,4,19,201200027359A01,7,1,1
201200027368,2012-06-05,2012,juin,mardi,19:45,37,37261,0,0,2,1,3,1,1,4,1,01,1,1,000,050,1,0,1,3,2,65,0,1,9,00,2,7,19,201200027368B01,10,4,1
201200027369,2012-06-05,2012,juin,mardi,17:00,37,37261,0,0,2,2,3,1,1,4,3,05,1,1,020,150,1,5,1,3,1,23,0,1,9,00,2,1,19,201200027369A01,38,16,1
201200027383,2012-05-15,2012,mai,mardi,14:11,37,37261,0,0,2,4,3,1,1,4,-1,03,2,1,000,120,1,5,1,4,1,33,1,1,9,00,2,3,1,201200027383B01,10,1,1
201200027389,2012-05-27,2012,mai,dimanche,17:30,37,37261,0,0,2,1,7,1,1,4,2,02,-1,-1,000,060,1,0,1,4,2,19,5,1,9,00,9,1,2,201200027389A01,,,
201200027390,2012-05-28,2012,mai,lundi,19:20,37,37208,0,0,2,1,6,1,1,4,2,02,1,1,000,060,1,0,1,4,1,24,5,1,9,01,0,2,14,201200027390A01,,,
201200027391,2012-05-29,2012,mai,mardi,75:3,37,37261,0,0,2,1,3,1,1,3,1,01,1,1,000,058,1,0,1,3,2,35,1,1,9,00,2,7,19,201200027391B01,33,18,1
201200027399,2012-06-26,2012,juin,mardi,19:20,37,37214,0,0,2,1,3,1,1,4,1,04,1,1,000,080,1,0,1,4,2,18,5,1,2,00,2,1,2,201200027399B01,7,23,1
201200027401,2012-07-02,2012,juillet,lundi,14:50,37,37261,0,0,2,6,3,1,1,4,1,02,3,1,000,080,1,5,5,4,2,42,0,1,9,00,2,8,19,201200027401B01,7,1,1
201200027403,2012-07-02,2012,juillet,lundi,15:15,37,37261,0,0,2,1,3,1,1,4,2,02,2,1,000,049,1,0,1,4,2,19,5,1,9,00,2,1,17,201200027403A01,7,15,1
201200027404,2012-07-03,2012,juillet,mardi,14:55,37,37261,0,0,2,3,3,1,1,4,2,02,1,1,000,047,1,0,1,3,2,17,5,1,2,00,2,3,16,201200027404A01,7,2,1
201200027405,2012-06-27,2012,juin,mercredi,13:39,37,37261,0,0,2,1,2,1,1,4,2,02,2,1,000,060,1,0,1,4,2,40,0,1,9,00,2,1,2,201200027405A01,7,23,1
201200027411,2012-08-09,2012,août,jeudi,84:0,37,37261,0,0,2,6,2,1,1,4,2,02,1,-1,000,000,1,5,1,4,1,70,5,1,4,00,2,4,16,201200027411B01,7,9,1
201200027415,2012-08-07,2012,août,mardi,17:35,37,37261,0,0,2,2,3,1,1,4,2,02,1,1,040,100,1,0,1,4,1,17,5,1,9,00,2,1,19,201200027415A01,7,1,1
201200027419,2012-02-20,2012,février,lundi,82:5,37,37261,0,0,2,1,6,1,1,4,-1,00,-1,-1,000,000,-1,0,1,4,1,49,0,1,4,00,0,0,0,201200027419B01,7,0,1
201200027428,2012-06-12,2012,juin,mardi,18:15,37,37261,0,0,2,1,5,1,2,4,2,04,1,1,020,120,2,0,5,1,1,58,1,1,9,00,2,7,2,201200027428B01,7,16,1
201200027428,2012-06-12,2012,juin,mardi,18:15,37,37261,0,0,2,1,5,1,2,4,2,04,1,1,020,120,2,0,5,4,1,30,1,1,9,00,2,7,2,201200027428C01,7,16,1
201200027434,2012-07-02,2012,juillet,lundi,12:25,37,37261,0,0,2,1,3,1,1,4,2,04,1,1,020,140,1,0,4,4,1,38,1,1,9,00,2,8,5,201200027434B01,7,0,1
201200027443,2012-07-14,2012,juillet,samedi,12:20,37,37261,0,0,2,1,3,1,1,4,1,01,1,1,000,040,1,0,1,4,1,66,5,1,9,00,2,8,1,201200027443B01,7,14,1
201200027448,2012-07-21,2012,juillet,samedi,10:05,37,37261,0,0,2,6,3,1,1,4,2,02,2,1,000,070,1,0,1,4,1,64,5,1,2,00,2,1,1,201200027448B01,7,9,1
201200027450,2012-05-12,2012,mai,samedi,14:00,37,37261,0,0,2,1,7,1,1,4,-1,00,-1,-1,000,000,-1,0,1,4,1,15,0,1,4,00,0,0,0,201200027450A01,,,
201200027451,2012-03-26,2012,mars,lundi,84:9,37,37208,0,0,2,1,6,1,1,4,-1,00,-1,-1,000,000,-1,0,5,4,1,12,0,1,4,00,2,0,0,201200027451B01,7,0,1
201200027453,2012-06-14,2012,juin,jeudi,93:5,37,37261,0,0,2,1,3,1,1,4,-1,00,-1,-1,000,000,-1,0,0,3,2,61,5,1,9,00,0,0,0,201200027453B01,14,0,1
201200027459,2012-07-22,2012,juillet,dimanche,22:20,37,37261,0,0,2,3,3,5,1,5,2,02,1,1,000,040,1,0,1,3,2,25,5,1,4,00,2,1,1,201200027459B01,7,15,1
201200027460,2012-07-28,2012,juillet,samedi,30:,37,37122,0,0,2,2,7,5,8,4,2,02,1,1,000,061,2,4,1,4,2,9,5,1,4,00,0,0,1,201200027460A01,,,
201200027467,2012-09-28,2012,septembre,vendredi,22:25,37,37261,0,0,2,1,7,5,1,4,2,04,4,1,000,120,1,2,1,4,1,32,5,1,2,12,0,1,1,201200027467A01,,,
201200027468,2012-10-02,2012,octobre,mardi,20:0,37,37261,0,0,2,1,7,5,1,9,2,02,1,1,000,070,1,0,1,3,1,26,5,1,4,00,0,0,1,201200027468A01,,,
201200027487,2012-08-09,2012,août,jeudi,17:20,37,37195,0,0,2,1,6,1,1,9,3,01,1,1,000,025,1,0,1,4,1,89,5,1,9,00,2,8,0,201200027487B01,7,1,1
201200027494,2012-08-30,2012,août,jeudi,12:45,37,37261,0,0,1,3,3,1,1,4,2,02,1,1,000,060,1,0,1,3,1,43,0,1,2,00,2,7,1,201200027494A01,7,15,1
201200027495,2012-09-04,2012,septembre,mardi,12:38,37,37261,0,0,2,1,3,1,1,4,2,03,1,1,000,090,1,0,1,3,1,43,0,1,9,00,2,1,1,201200027495B01,7,15,1
201200027509,2012-07-31,2012,juillet,mardi,20:00,37,37214,0,0,2,3,3,1,1,4,2,02,1,1,000,065,1,5,5,4,1,57,5,1,9,00,2,1,1,201200027509B01,1,1,1
201200027509,2012-07-31,2012,juillet,mardi,20:00,37,37214,0,0,2,3,3,1,1,4,2,02,1,1,000,065,1,5,5,4,1,43,5,1,9,00,2,1,1,201200027509A01,1,1,1
201200027513,2012-08-08,2012,août,mercredi,11:30,37,37261,0,0,2,4,7,1,1,4,2,02,2,1,000,060,1,0,4,4,1,3,1,1,9,00,0,0,1,201200027513A01,,,
201200027514,2012-08-17,2012,août,vendredi,17:00,37,37261,0,0,2,1,7,1,1,4,2,02,2,1,000,063,1,0,1,4,1,53,1,1,9,12,0,2,0,201200027514A01,,,
201200027518,2012-09-05,2012,septembre,mercredi,16:50,37,37261,0,0,2,1,7,1,1,4,2,02,1,1,100,070,8,0,1,4,1,52,1,1,9,00,0,0,1,201200027518A01,,,
201200027525,2012-09-22,2012,septembre,samedi,19:35,37,37261,0,0,2,1,6,2,1,4,2,02,2,3,000,000,1,0,5,4,1,26,5,1,9,00,1,1,2,201200027525A01,,,
201200027525,2012-09-22,2012,septembre,samedi,19:35,37,37261,0,0,2,1,6,2,1,4,2,02,2,3,000,000,1,0,5,1,1,11,5,1,9,00,1,1,2,201200027525A01,,,
201200027532,2012-10-06,2012,octobre,samedi,11:00,37,37261,0,0,2,3,3,1,1,4,1,01,1,1,000,035,1,0,1,4,2,66,5,1,9,00,2,1,2,201200027532B01,7,22,1
201200027535,2012-10-11,2012,octobre,jeudi,17:50,37,37122,0,0,2,2,3,1,2,4,2,02,2,1,000,070,2,0,1,4,1,15,2,1,9,00,2,7,1,201200027535A01,7,1,1
201200027535,2012-10-11,2012,octobre,jeudi,17:50,37,37122,0,0,2,2,3,1,2,4,2,02,2,1,000,070,2,0,1,1,2,38,0,1,9,00,2,7,1,201200027535A01,7,1,1
201200027538,2012-10-16,2012,octobre,mardi,17:45,37,37233,0,0,2,2,3,1,1,4,2,02,1,1,000,060,1,0,1,4,2,19,5,1,9,00,2,4,15,201200027538B01,7,1,1
201200027547,2012-08-31,2012,août,vendredi,19:45,37,37261,0,0,2,1,3,1,1,4,2,02,1,2,000,080,1,0,1,4,1,49,5,1,9,00,2,8,19,201200027547B01,7,2,1
201200027552,2012-09-14,2012,septembre,vendredi,93:0,37,37261,0,0,2,1,7,1,1,4,2,02,2,1,000,060,1,0,0,4,2,63,5,1,9,00,0,1,10,201200027552A01,,,
201200027574,2012-11-06,2012,novembre,mardi,17:40,37,37214,0,0,2,1,6,4,1,9,2,01,1,2,000,015,1,6,5,4,1,49,5,1,9,00,1,1,2,201200027574A01,,,
201200027587,2012-10-05,2012,octobre,vendredi,80:5,37,37261,0,0,2,1,1,1,1,4,2,02,1,1,000,080,1,0,1,3,2,26,0,1,9,00,2,1,19,201200027587A01,7,1,1
201200027590,2012-10-17,2012,octobre,mercredi,90:0,37,37261,0,0,2,1,2,1,1,4,2,02,1,1,000,060,1,0,1,3,2,51,0,1,9,00,2,4,15,201200027590B01,7,1,1
201200027595,2012-10-23,2012,octobre,mardi,74:5,37,37261,0,0,2,6,5,2,8,3,3,03,1,1,020,120,1,0,1,3,1,13,2,1,4,00,2,7,19,201200027595B01,7,1,1
201200027595,2012-10-23,2012,octobre,mardi,74:5,37,37261,0,0,2,6,5,2,8,3,3,03,1,1,020,120,1,0,1,3,2,11,2,1,4,00,2,7,19,201200027595C01,7,1,1
201200027596,2012-10-23,2012,octobre,mardi,90:0,37,37208,0,0,2,6,3,1,1,4,-1,02,1,1,020,120,1,0,1,3,1,17,1,1,9,00,2,8,1,201200027596B01,7,1,1
201200027598,2012-11-13,2012,novembre,mardi,15:45,37,37261,0,0,2,1,2,1,1,4,1,01,2,1,000,030,1,0,1,3,1,16,0,1,9,00,2,1,1,201200027598B01,7,4,1
201200027603,2012-11-20,2012,novembre,mardi,12:45,37,37261,0,0,2,1,3,1,1,9,2,02,1,1,000,050,1,0,1,4,2,25,1,1,9,00,2,1,19,201200027603A01,7,1,1
201200027606,2012-11-22,2012,novembre,jeudi,84:5,37,37261,0,0,2,1,6,1,1,4,1,01,1,1,000,030,1,0,1,3,2,46,0,1,9,00,2,1,1,201200027606B01,7,22,1
201200027609,2012-12-04,2012,décembre,mardi,83:0,37,37261,0,0,2,3,1,1,1,4,1,01,1,3,000,050,1,0,1,3,2,22,0,1,9,00,0,0,0,201200027609B01,7,16,1
201200027617,2012-10-31,2012,octobre,mercredi,90:0,37,37233,0,0,2,3,3,1,1,4,2,04,1,1,080,140,1,0,1,4,2,52,1,1,9,00,2,7,1,201200027617B01,7,1,1
201200027624,2012-11-23,2012,novembre,vendredi,91:5,37,37261,0,0,2,2,3,1,1,4,1,01,1,1,000,060,1,0,1,4,2,58,5,1,9,00,2,8,1,201200027624B01,7,12,1
201200027626,2012-11-28,2012,novembre,mercredi,19:20,37,37261,0,0,2,2,3,5,1,4,2,03,3,1,000,090,1,0,1,4,1,23,1,1,9,00,2,8,1,201200027626B01,7,15,1
201200027642,2012-09-02,2012,septembre,dimanche,23:30,37,37122,0,0,2,1,7,5,1,4,-1,00,-1,-1,000,000,-1,0,1,4,1,26,0,1,4,00,0,0,0,201200027642A01,,,
201200027646,2012-09-28,2012,septembre,vendredi,16:30,37,37261,0,0,2,1,7,1,1,4,-1,00,-1,-1,000,000,-1,0,1,4,1,92,0,1,9,00,0,0,0,201200027646A01,,,
201200027648,2012-09-25,2012,septembre,mardi,81:5,37,37122,0,0,2,1,7,2,1,4,-1,00,-1,-1,000,000,-1,0,1,4,1,20,9,1,9,00,0,0,0,201200027648A01,,,
201200027688,2012-05-11,2012,mai,vendredi,12:40,37,37233,0,0,2,1,3,1,1,4,2,03,1,1,000,090,1,0,5,4,1,53,1,1,2,00,2,3,2,201200027688A01,7,9,1
201200027693,2012-05-24,2012,mai,jeudi,17:45,37,37261,0,0,2,1,3,1,1,4,2,02,1,1,000,050,1,0,1,3,1,9,5,1,9,00,2,8,19,201200027693A01,7,1,1
201200027701,2012-07-11,2012,juillet,mercredi,17:15,37,37195,0,0,2,1,3,1,2,4,2,02,1,1,022,119,2,0,1,3,1,26,0,1,4,00,2,7,12,201200027701B01,7,0,1
201200027702,2012-07-22,2012,juillet,dimanche,52:0,37,37261,0,0,2,1,7,5,1,4,1,02,1,1,000,060,1,5,1,3,1,27,5,1,9,00,0,0,0,201200027702A01,,,
201200027704,2012-08-08,2012,août,mercredi,13:55,37,37261,0,0,2,1,1,1,1,4,2,02,2,2,000,087,1,0,1,4,1,49,1,1,4,00,2,1,1,201200027704B01,30,5,1
201200027725,2012-12-20,2012,décembre,jeudi,13:40,37,37261,0,0,2,1,2,1,2,4,1,01,2,1,013,054,2,0,1,3,1,17,2,1,9,00,2,1,1,201200027725A01,7,23,1
201200027735,2012-07-10,2012,juillet,mardi,23:15,38,38053,45.5974,5.27423,2,1,7,5,1,3,2,02,1,1,000,080,1,0,4,2,1,27,5,1,9,06,0,0,21,201200027735A01,,,
201200027739,2012-07-31,2012,juillet,mardi,90:5,38,38053,0,0,2,1,2,1,1,4,2,02,1,1,000,000,1,0,1,3,1,36,9,1,9,00,2,4,2,201200027739B01,3,2,1
201200027741,2012-09-13,2012,septembre,jeudi,19:10,38,38053,0,0,2,6,3,2,1,3,2,01,1,2,000,000,1,0,1,4,1,34,5,1,2,00,2,1,2,201200027741B01,7,2,1
201200027753,2012-11-12,2012,novembre,lundi,17:35,38,38053,0,0,2,3,6,5,1,4,2,02,1,1,000,040,1,0,1,4,1,50,1,1,2,00,2,1,18,201200027753B01,7,12,1
201200027771,2012-01-27,2012,janvier,vendredi,75:0,38,38185,45.1861,5.717,2,2,3,1,2,4,2,03,1,1,000,065,2,0,1,3,1,16,9,1,9,00,2,1,1,201200027771B01,7,15,1
201200027772,2012-01-27,2012,janvier,vendredi,18:50,38,38169,45.1935,5.68138,2,3,6,5,1,3,2,03,1,1,000,144,1,0,1,3,1,20,5,1,9,00,2,2,1,201200027772A01,7,15,1
201200027775,2012-02-08,2012,février,mercredi,20:,38,38185,0,0,2,2,3,5,1,4,1,02,1,1,000,070,1,0,1,4,1,22,5,1,9,00,2,1,1,201200027775B01,7,1,1
201200027776,2012-02-14,2012,février,mardi,16:35,38,38185,0,0,2,3,3,1,1,4,2,02,1,1,000,110,1,0,1,4,1,41,0,1,9,00,2,1,1,201200027776B01,7,1,1
201200027788,2012-03-12,2012,mars,lundi,16:50,38,38185,0,0,2,2,6,1,1,4,2,03,1,1,000,020,1,0,1,4,2,28,5,1,9,00,2,8,1,201200027788B01,7,1,1
201200027789,2012-03-12,2012,mars,lundi,14:20,38,38185,45.1629,5.72853,2,1,6,1,1,3,2,02,1,1,000,000,1,2,5,1,1,23,2,1,2,00,2,1,5,201200027789A01,1,19,1
201200027789,2012-03-12,2012,mars,lundi,14:20,38,38185,45.1629,5.72853,2,1,6,1,1,3,2,02,1,1,000,000,1,2,5,3,2,41,9,1,2,00,2,7,19,201200027789B01,1,5,1
201200027820,2012-05-22,2012,mai,mardi,90:5,38,38185,45.1807,5.71957,2,2,3,1,2,2,3,00,1,1,000,250,1,0,1,4,2,51,0,1,9,00,2,1,1,201200027820B01,7,16,1
201200027822,2012-05-25,2012,mai,vendredi,90:0,38,38169,45.1896,5.68822,2,2,6,1,1,4,2,02,1,1,000,080,1,0,1,3,1,89,5,1,9,00,2,8,1,201200027822B01,7,15,1
201200027825,2012-05-30,2012,mai,mercredi,18:30,38,38185,45.1867,5.74396,2,2,3,1,1,3,2,02,1,1,000,100,1,0,1,4,1,50,1,1,9,00,2,2,1,201200027825B01,7,15,1
201200027826,2012-05-31,2012,mai,jeudi,83:5,38,38185,0,0,2,1,6,1,1,4,2,02,1,1,000,100,1,0,1,4,1,22,5,1,9,00,2,1,1,201200027826B01,7,16,1
201200027829,2012-06-01,2012,juin,vendredi,83:5,38,38185,45.1599,5.71375,2,2,3,1,1,4,2,03,1,1,000,123,1,0,1,3,2,26,2,1,9,00,2,0,1,201200027829B01,15,16,1
201200027832,2012-06-05,2012,juin,mardi,17:05,38,38185,0,0,2,1,6,1,1,4,1,03,1,3,000,150,1,5,1,4,1,59,1,1,2,00,2,1,1,201200027832B01,7,9,1
201200027835,2012-06-11,2012,juin,lundi,11:08,38,38169,45.1925,5.69473,2,2,6,1,1,3,2,03,1,1,000,100,1,5,1,2,1,52,1,1,9,00,2,8,1,201200027835B01,14,16,1
201200027836,2012-06-12,2012,juin,mardi,17:15,38,38185,45.1837,5.73356,2,2,3,1,2,3,2,06,1,1,000,150,2,0,1,3,1,19,5,1,9,00,2,4,19,201200027836B01,7,1,1
201200027844,2012-06-21,2012,juin,jeudi,14:55,38,38185,0,0,2,2,3,1,1,4,3,04,1,1,000,200,1,0,1,4,2,67,5,1,9,00,2,8,1,201200027844B01,14,16,1
201200027852,2012-07-11,2012,juillet,mercredi,23:0,38,38421,45.166,5.75744,1,1,6,3,1,2,3,04,1,1,000,150,1,0,1,2,1,22,5,1,9,00,2,8,23,201200027852B01,7,1,1
201200027854,2012-07-15,2012,juillet,dimanche,15:00,38,38421,0,0,2,1,6,1,1,4,2,02,1,1,000,060,1,0,1,1,1,20,5,1,9,00,1,0,1,201200027854A01,,,
201200027863,2012-08-08,2012,août,mercredi,16:45,38,38185,0,0,2,1,1,1,1,4,2,02,1,1,000,220,1,0,1,4,1,82,5,1,9,00,2,7,1,201200027863B01,7,15,1
201200027866,2012-08-14,2012,août,mardi,17:00,38,38185,0,0,2,2,3,1,1,4,1,01,1,1,000,070,1,0,1,4,1,30,4,1,2,00,2,1,1,201200027866B01,10,1,1
201200027876,2012-09-07,2012,septembre,vendredi,19:40,38,38185,0,0,2,2,3,1,1,4,1,01,1,1,000,035,1,0,1,4,2,21,5,1,9,00,2,1,1,201200027876A01,7,15,1
201200027879,2012-09-19,2012,septembre,mercredi,94:0,38,38185,0,0,2,2,6,1,1,4,2,04,1,1,000,062,1,0,1,4,2,23,4,1,9,00,2,1,1,201200027879A01,7,1,1
201200027880,2012-09-20,2012,septembre,jeudi,18:00,38,38185,0,0,2,1,7,1,1,4,2,03,1,1,000,140,1,0,1,3,2,64,5,1,9,00,2,1,1,201200027880B01,7,23,1
201200027881,2012-09-22,2012,septembre,samedi,14:19,38,38185,0,0,2,1,6,1,1,4,1,01,1,1,000,059,1,0,1,1,1,20,5,1,9,00,1,1,1,201200027881A01,,,
201200027891,2012-10-16,2012,octobre,mardi,15:15,38,38185,0,0,2,2,3,1,1,4,2,02,1,1,000,100,1,0,1,4,1,63,5,1,9,00,2,8,1,201200027891B01,7,16,1
201200027893,2012-10-17,2012,octobre,mercredi,11:55,38,38185,0,0,2,1,3,1,1,4,2,04,1,1,000,200,1,0,1,4,2,54,5,1,9,00,2,8,1,201200027893B01,7,15,1
201200027896,2012-11-06,2012,novembre,mardi,17:55,38,38185,0,0,2,1,6,5,2,4,1,01,1,1,000,065,1,0,1,1,1,26,5,1,9,00,1,1,1,201200027896A01,,,
201200027904,2012-11-21,2012,novembre,mercredi,14:30,38,38185,0,0,2,1,3,1,1,4,2,04,1,1,000,165,1,0,1,4,1,30,1,1,9,00,2,1,1,201200027904B01,7,16,1
201200027973,2012-04-28,2012,avril,samedi,84:0,40,40088,43.71117,-1.05279,2,1,6,1,2,4,2,03,1,3,000,085,2,0,1,3,1,47,5,1,9,01,0,1,1,201200027973B01,7,22,1
201200027979,2012-06-27,2012,juin,mercredi,12:15,40,40279,43.72731,-1.06314,2,6,3,1,1,4,1,02,1,-1,000,030,1,5,1,3,2,62,5,1,9,00,2,1,15,201200027979B01,7,16,1
201200028000,2012-05-28,2012,mai,lundi,11:05,40,40192,43.88057,-0.48366,2,3,2,1,1,3,2,00,1,1,000,000,-1,0,1,4,2,81,5,1,2,00,2,4,2,201200028000B01,7,2,1
201200028003,2012-06-22,2012,juin,vendredi,16:40,40,40281,43.88092,-0.50354,2,3,3,1,1,3,2,02,1,1,000,106,1,5,1,4,2,13,5,1,2,00,2,7,19,201200028003B01,7,1,1
201200028006,2012-06-28,2012,juin,jeudi,21:55,40,40192,43.90176,-0.50446,2,3,6,1,1,4,2,02,1,1,000,000,1,5,1,3,1,9,5,1,2,00,2,1,0,201200028006B01,7,0,1
201200028010,2012-08-23,2012,août,jeudi,63:0,40,40281,43.86201,-0.50417,1,1,2,3,1,3,2,01,1,1,000,052,1,0,1,2,1,57,1,1,4,00,2,4,2,201200028010B01,7,2,1
201200028025,2012-03-18,2012,mars,dimanche,16:55,41,41212,47.5615,1.37295,2,1,3,1,1,3,1,02,1,2,000,000,1,0,1,4,1,21,9,1,9,00,2,1,1,201200028025B01,10,16,1
201200028046,2012-06-21,2012,juin,jeudi,13:30,41,41018,0,0,2,3,3,1,1,4,2,02,1,1,000,000,1,0,1,4,1,58,9,1,4,00,2,8,16,201200028046A01,7,1,1
201200028047,2012-06-23,2012,juin,samedi,17:00,41,41018,47.5833,1.34023,2,9,3,1,1,3,2,02,1,1,000,000,1,0,5,4,1,73,5,1,9,00,2,1,2,201200028047B01,7,9,1
201200028054,2012-07-03,2012,juillet,mardi,15:13,41,41018,47.5796,1.34576,2,1,7,1,1,3,2,02,1,1,000,000,2,0,5,3,1,40,9,1,9,00,0,0,2,201200028054A01,,,
201200028058,2012-07-25,2012,juillet,mercredi,17:25,41,41018,0,0,2,3,3,1,1,4,2,02,1,1,000,000,1,0,1,4,1,49,9,1,4,00,2,7,19,201200028058B01,7,1,1
201200028059,2012-07-28,2012,juillet,samedi,16:13,41,41018,47.5814,1.34309,2,2,3,1,1,3,2,02,1,1,000,000,1,0,1,4,1,27,9,1,4,00,2,1,1,201200028059A01,7,1,1
201200028089,2012-10-22,2012,octobre,lundi,73:0,41,41018,47.5955,1.35199,1,1,3,3,1,3,3,04,1,1,000,000,1,0,1,4,1,76,5,1,4,00,2,8,5,201200028089A01,7,1,1
201200028112,2012-12-11,2012,décembre,mardi,73:8,41,41018,47.5847,1.31836,2,6,3,2,1,3,1,02,1,2,000,000,1,0,1,4,1,16,1,1,4,00,2,2,1,201200028112B01,7,9,1
201200028126,2012-12-30,2012,décembre,dimanche,13:35,41,41018,0,0,2,1,3,1,1,4,2,02,1,1,000,000,1,0,1,4,1,8,5,1,4,00,2,1,19,201200028126B01,7,1,1
201200028157,2012-09-15,2012,septembre,samedi,17:20,41,41212,0,0,2,1,3,1,1,4,2,01,1,1,000,000,1,0,1,4,1,21,5,1,4,00,2,1,1,201200028157B01,7,4,1
201200028197,2012-10-07,2012,octobre,dimanche,15:10,41,41269,0,0,2,1,6,1,1,4,2,01,1,1,000,069,1,6,4,1,1,14,5,1,9,00,1,1,1,201200028197A01,,,
201200028245,2012-11-02,2012,novembre,vendredi,16:00,42,42103,45.4944,4.5612,2,1,2,1,1,3,2,02,1,1,000,070,1,5,1,3,1,11,5,1,2,00,0,1,21,201200028245A01,17,16,1
201200028248,2012-04-13,2012,avril,vendredi,12:00,42,42186,45.53261,4.62724,2,3,3,1,1,4,-1,02,1,1,000,051,1,0,1,3,1,76,5,1,2,00,0,8,0,201200028248B01,7,15,1
201200028271,2012-03-27,2012,mars,mardi,16:40,42,42187,46.03251,4.08018,2,1,2,1,1,3,2,04,1,1,000,120,1,2,1,4,1,31,1,1,9,00,2,4,11,201200028271B01,7,11,1
201200028276,2012-04-02,2012,avril,lundi,13:10,42,42187,46.0269,4.06285,2,3,5,1,1,4,2,02,-1,1,000,060,1,0,1,4,1,24,4,1,9,00,2,4,1,201200028276B01,7,15,2
201200028281,2012-04-20,2012,avril,vendredi,13:20,42,42071,46.03085,4.08619,2,2,3,1,1,4,2,02,1,2,000,063,1,0,0,4,1,20,9,1,9,00,2,1,19,201200028281A01,7,15,1
201200028285,2012-05-03,2012,mai,jeudi,11:00,42,42187,46.03857,4.05842,2,1,2,1,1,4,2,02,1,1,000,060,1,0,1,4,1,61,5,1,9,00,2,0,2,201200028285B01,7,2,1
201200028297,2012-06-02,2012,juin,samedi,92:0,42,42184,46.0475,4.05192,2,6,3,1,1,4,2,02,1,1,000,050,1,0,1,4,2,67,5,1,9,00,2,7,9,201200028297A01,7,9,1
201200028301,2012-06-07,2012,juin,jeudi,17:05,42,42187,46.04566,4.07453,2,1,3,1,2,4,2,02,1,1,000,088,2,0,1,4,1,12,5,1,9,00,2,7,1,201200028301B01,7,19,1
201200028311,2012-07-09,2012,juillet,lundi,18:00,42,42127,46.11212,4.08024,1,2,1,1,1,4,2,02,1,1,000,096,1,0,1,3,1,50,5,1,9,00,2,1,1,201200028311B01,7,13,1
201200028319,2012-07-23,2012,juillet,lundi,16:25,42,42187,46.04268,4.08136,2,1,1,1,1,4,2,02,1,1,000,060,1,0,1,4,1,19,5,1,9,01,0,1,1,201200028319B01,7,24,1
201200028324,2012-08-01,2012,août,mercredi,15:00,42,42127,46.06598,4.05724,2,4,3,1,1,6,-1,00,1,1,000,050,1,0,1,4,1,23,1,1,9,00,2,7,9,201200028324B01,7,1,1
201200028326,2012-08-13,2012,août,lundi,17:40,42,42187,46.05029,4.06416,2,1,3,1,1,4,2,02,1,1,000,150,1,0,1,4,2,29,0,1,9,00,2,1,15,201200028326B01,7,17,1