Num_Acc,date,an,mois,jour,hrmn,dep,com,lat,long,agg,int,col,lum,atm,catr,circ,nbv,prof,plan,lartpc,larrout,surf,infra,situ,grav,sexe,age,trajet,secuexist,equipement,obs,obsm,choc,manv,vehiculeid,typevehicules,manoeuvehicules,numVehicules
201200028331,2012-08-22,2012,août,mercredi,13:40,42,42187,46.04505,4.06033,2,4,3,1,1,4,2,02,1,1,000,080,1,0,1,4,1,57,1,1,9,00,2,7,1,201200028331B01,7,16,1
201200028334,2012-09-04,2012,septembre,mardi,13:50,42,42187,46.03075,4.06703,2,1,2,1,1,4,2,02,1,1,000,050,1,0,1,4,1,14,2,1,9,00,2,4,1,201200028334A01,7,23,1
201200028344,2012-09-21,2012,septembre,vendredi,14:20,42,42187,46.0395,4.06362,2,2,3,1,1,4,2,02,1,1,000,090,1,0,1,4,1,30,5,1,9,00,2,1,1,201200028344B01,7,15,1
201200028351,2012-10-10,2012,octobre,mercredi,10:30,42,42071,46.02694,4.08537,2,1,6,1,1,4,2,02,1,1,000,060,1,0,1,1,1,59,5,1,9,00,1,1,1,201200028351A01,,,
201200028360,2012-11-05,2012,novembre,lundi,82:0,42,42187,46.05605,4.07422,2,1,3,1,1,4,2,02,1,1,000,055,1,0,1,4,1,79,5,1,9,01,2,1,1,201200028360B01,2,17,1
201200028361,2012-11-07,2012,novembre,mercredi,82:0,42,42187,46.0542,4.09248,2,1,3,1,1,4,2,02,1,1,000,070,1,0,1,4,1,67,5,1,9,00,2,8,1,201200028361B01,7,17,1
201200028362,2012-11-07,2012,novembre,mercredi,14:05,42,42187,46.05411,4.07942,2,1,3,1,1,4,2,02,1,1,000,054,1,0,1,3,1,43,1,1,9,00,2,8,19,201200028362B01,7,9,1
201200028370,2012-11-29,2012,novembre,jeudi,91:3,42,42187,46.03491,4.06654,2,1,6,1,1,4,2,02,1,1,000,060,1,0,1,1,1,24,5,1,9,00,1,1,1,201200028370A01,,,
201200028380,2012-12-29,2012,décembre,samedi,10:40,42,42071,46.02501,4.08656,2,3,3,1,1,4,2,02,1,1,000,134,1,0,1,4,1,59,5,1,9,00,2,1,1,201200028380B01,7,15,1
201200028389,2012-08-18,2012,août,samedi,40:0,42,42207,45.45923,4.50556,2,1,3,5,1,4,2,02,1,1,000,082,1,0,1,4,1,16,1,1,9,00,0,0,15,201200028389B01,7,2,1
201200028458,2012-04-14,2012,avril,samedi,14:21,42,42218,45.4404,4.45538,2,3,1,1,1,4,1,01,2,1,000,060,1,0,1,3,1,44,5,1,9,00,2,1,1,201200028458B01,7,15,1
201200028463,2012-04-19,2012,avril,jeudi,13:41,42,42218,45.43983,4.40318,2,1,3,1,1,4,1,02,1,1,000,000,1,0,4,4,1,24,0,1,4,00,2,1,5,201200028463A01,7,9,1
201200028485,2012-05-26,2012,mai,samedi,18:30,42,42218,45.44152,4.38792,2,2,3,1,1,4,1,01,1,1,000,000,1,0,1,4,1,11,0,1,2,00,2,0,5,201200028485B01,99,1,1
201200028486,2012-05-27,2012,mai,dimanche,16:15,42,42305,45.47938,4.42349,2,1,1,1,1,4,2,02,-1,-1,000,000,1,0,1,4,2,15,5,1,9,00,2,0,13,201200028486A01,7,1,1
201200028487,2012-05-29,2012,mai,mardi,74:5,42,42305,45.48079,4.43377,2,1,6,1,1,4,2,02,1,1,000,070,1,0,1,1,1,39,1,1,9,00,1,0,1,201200028487A01,,,
201200028490,2012-06-09,2012,juin,samedi,18:30,42,42305,45.48117,4.43484,1,3,3,1,1,3,2,02,2,3,000,060,1,0,0,4,1,44,5,1,2,00,2,0,1,201200028490B01,7,15,1
201200028494,2012-06-08,2012,juin,vendredi,52:5,42,42218,45.42191,4.39223,2,1,6,5,1,4,3,01,2,1,000,030,2,0,5,1,1,25,1,1,9,00,1,1,1,201200028494A01,,,
201200028494,2012-06-08,2012,juin,vendredi,52:5,42,42218,45.42191,4.39223,2,1,6,5,1,4,3,01,2,1,000,030,2,0,5,4,1,43,9,1,9,00,1,1,1,201200028494A01,,,
201200028507,2012-06-27,2012,juin,mercredi,84:0,42,42218,45.43098,4.39587,2,2,3,1,1,4,1,01,2,3,000,070,1,0,1,3,1,28,1,1,4,00,2,7,8,201200028507B01,7,16,1
201200028523,2012-07-25,2012,juillet,mercredi,13:27,42,42218,45.45343,4.40142,2,3,6,1,1,4,2,02,1,1,000,060,1,0,1,3,2,11,5,1,9,01,0,1,15,201200028523A01,,,
201200028535,2012-08-11,2012,août,samedi,11:40,42,42189,45.43159,4.32151,2,1,2,1,1,4,2,02,1,1,000,080,1,0,1,4,1,44,3,1,2,00,2,1,2,201200028535A01,7,2,1
201200028537,2012-08-21,2012,août,mardi,70:5,42,42218,45.45784,4.40393,2,6,3,1,1,4,2,02,1,1,000,057,1,0,0,4,1,46,1,1,2,00,2,0,1,201200028537B01,7,9,1
201200028558,2012-09-09,2012,septembre,dimanche,14:25,42,42218,45.44742,4.41113,2,1,6,1,1,4,1,01,1,2,000,000,1,0,1,3,1,24,0,1,9,01,0,1,1,201200028558A01,,,
201200028580,2012-10-18,2012,octobre,jeudi,16:10,42,42218,45.44335,4.39686,2,1,3,1,6,4,1,02,2,2,000,120,1,0,1,4,2,19,9,1,9,00,2,1,5,201200028580A01,7,1,1
201200028584,2012-10-22,2012,octobre,lundi,18:07,42,42223,0,0,1,1,2,1,1,4,1,01,1,2,000,000,1,0,1,3,1,70,5,1,9,00,2,4,1,201200028584B01,7,1,1
201200028586,2012-10-28,2012,octobre,dimanche,12:10,42,42218,45.42343,4.40004,2,1,7,1,6,4,2,02,2,1,000,060,1,0,1,3,1,29,0,1,4,00,0,0,1,201200028586A01,,,
201200028601,2012-11-16,2012,novembre,vendredi,11:30,42,42218,45.4296,4.39385,2,1,6,1,1,4,1,01,1,1,000,000,1,0,1,1,1,30,0,1,9,00,1,1,5,201200028601A01,,,
201200028681,2012-01-01,2012,janvier,dimanche,17:05,44,44132,0,0,2,3,3,3,3,4,1,01,1,3,000,000,2,0,1,4,1,34,5,1,4,00,2,1,1,201200028681B01,7,19,1
201200028693,2012-04-18,2012,avril,mercredi,11:25,44,44135,0,0,2,3,3,1,2,4,1,01,1,1,000,053,1,0,1,3,1,75,5,1,9,00,0,1,1,201200028693A01,7,15,1
201200028711,2012-07-24,2012,juillet,mardi,16:05,44,44055,0,0,2,6,6,1,1,4,2,01,1,1,000,036,1,0,0,4,2,59,9,1,9,00,2,4,0,201200028711B01,7,9,1
201200028729,2012-01-09,2012,janvier,lundi,18:55,44,44109,0,0,2,6,3,5,1,4,2,00,1,1,000,000,1,0,1,3,1,27,1,1,9,00,2,7,1,201200028729B01,7,15,1
201200028765,2012-02-13,2012,février,lundi,94:5,44,44109,0,0,2,1,6,1,1,4,2,01,2,1,000,012,2,0,5,3,2,27,1,1,2,00,1,1,1,201200028765B01,,,
201200028766,2012-02-15,2012,février,mercredi,14:15,44,44109,0,0,2,6,3,1,1,4,1,02,1,1,000,000,1,0,0,4,2,28,0,1,9,00,2,6,1,201200028766B01,7,16,1
201200028768,2012-02-16,2012,février,jeudi,72:0,44,44190,0,0,2,6,3,3,1,4,2,02,2,2,000,000,1,5,1,4,1,54,0,1,9,00,2,2,1,201200028768B01,7,9,1
201200028773,2012-02-22,2012,février,mercredi,22:40,44,44109,0,0,2,1,3,5,1,4,2,00,1,1,000,000,1,0,1,3,1,17,5,1,9,00,2,1,15,201200028773A01,7,1,1
201200028794,2012-01-23,2012,janvier,lundi,20:30,44,44109,0,0,2,1,5,5,1,4,2,04,2,-1,000,000,1,0,1,4,2,36,5,1,9,00,2,0,1,201200028794C01,10/ 7,1/0/17/13,4
201200028795,2012-03-23,2012,mars,vendredi,20:30,44,44109,0,0,2,1,5,5,1,4,2,04,2,-1,000,000,1,0,1,4,2,36,5,1,9,00,2,0,1,201200028795C01,10/ 7,1/17/13/0,4
201200028800,2012-03-24,2012,mars,samedi,17:00,44,44162,0,0,1,1,6,1,1,3,2,03,-1,-1,000,000,-1,0,1,4,2,53,5,1,9,00,2,8,23,201200028800B01,7,10,1
201200028822,2012-04-11,2012,avril,mercredi,83:0,44,44109,0,0,2,1,6,1,2,4,1,00,4,1,000,000,2,0,1,1,1,43,1,1,4,00,1,1,1,201200028822A01,,,
201200028833,2012-04-21,2012,avril,samedi,19:25,44,44109,0,0,2,1,6,1,1,4,2,02,1,1,000,065,1,0,1,4,1,9,5,1,2,00,0,0,0,201200028833B01,7,1,1
201200028837,2012-04-26,2012,avril,jeudi,17:55,44,44109,0,0,2,1,6,1,1,4,2,02,1,1,000,060,1,0,1,3,1,23,0,1,9,00,1,1,1,201200028837A01,,,
201200028845,2012-05-07,2012,mai,lundi,17:00,44,44109,0,0,2,1,6,1,9,4,-1,00,-1,-1,000,000,-1,0,1,4,1,52,0,1,9,00,,1,18,201200028845B01,7,23,1
201200028863,2012-05-22,2012,mai,mardi,18:45,44,44143,0,0,2,3,6,1,1,4,2,02,1,1,000,000,1,0,1,3,1,12,0,1,9,00,2,1,1,201200028863A01,37,1,1
201200028873,2012-05-29,2012,mai,mardi,18:40,44,44162,0,0,2,1,6,1,1,4,1,00,-1,2,000,000,-1,0,1,4,1,37,0,1,9,00,2,6,1,201200028873B01,7,16,1
201200028893,2012-06-15,2012,juin,vendredi,19:22,44,44162,0,0,2,6,3,1,9,4,2,02,1,1,000,000,2,0,1,4,2,61,0,1,9,00,2,5,1,201200028893B01,7,9,1
201200028894,2012-06-12,2012,juin,mardi,15:00,44,44109,0,0,2,1,3,1,1,4,2,02,-1,1,000,000,-1,0,0,3,2,40,0,1,2,00,2,0,0,201200028894B01,7,0,1
201200028900,2012-06-18,2012,juin,lundi,18:00,44,44109,0,0,2,1,6,1,9,4,-1,00,-1,-1,000,000,1,0,1,4,2,27,1,1,9,01,0,1,1,201200028900B01,7,3,1
201200028902,2012-06-21,2012,juin,jeudi,90:0,44,44109,0,0,2,1,3,1,1,4,2,02,1,1,000,011,1,0,1,3,1,14,2,1,2,00,2,1,15,201200028902A01,2,1,1
201200028912,2012-07-09,2012,juillet,lundi,18:26,44,44109,0,0,2,1,6,1,1,4,2,02,1,1,000,061,1,4,1,4,1,54,0,1,9,00,4,0,16,201200028912A01,40,1,1
201200028921,2012-07-23,2012,juillet,lundi,91:0,44,44109,0,0,2,1,6,1,1,4,1,00,2,2,000,060,1,0,4,3,1,45,1,1,9,12,0,0,0,201200028921A01,,,
201200028927,2012-07-30,2012,juillet,lundi,21:25,44,44143,0,0,2,1,6,1,1,4,-1,02,-1,-1,000,000,-1,0,0,4,2,34,0,1,9,00,0,0,1,201200028927A01,,,
201200028928,2012-07-31,2012,juillet,mardi,13:05,44,44109,0,0,2,2,3,1,1,4,1,01,2,1,000,046,1,0,1,4,2,64,0,1,9,00,2,1,1,201200028928B01,7,15,1
201200028931,2012-07-31,2012,juillet,mardi,21:30,44,44109,0,0,1,6,3,1,1,4,-1,02,1,-1,000,000,1,5,0,3,2,67,0,1,2,00,2,2,14,201200028931B01,7,9,1
201200028935,2012-07-31,2012,juillet,mardi,16:00,44,44018,0,0,1,1,7,1,1,4,2,02,-1,1,000,000,-1,0,1,4,1,33,0,1,2,00,2,0,0,201200028935A01,7,0,1
201200028938,2012-08-09,2012,août,jeudi,12:15,44,44143,0,0,2,6,3,1,1,4,-1,02,1,-1,000,000,1,5,0,4,1,51,0,1,4,00,2,2,1,201200028938B01,10,9,1
201200028952,2012-08-30,2012,août,jeudi,18:25,44,44109,0,0,2,1,3,1,1,2,2,01,1,2,000,000,1,0,1,4,1,29,5,1,9,00,2,7,1,201200028952B01,7,0,1
201200028953,2012-09-02,2012,septembre,dimanche,17:40,44,44109,0,0,2,3,3,1,1,4,2,02,-1,-1,000,000,-1,0,0,4,1,6,5,1,2,00,2,3,0,201200028953B01,36,1,1
201200028955,2012-09-05,2012,septembre,mercredi,11:15,44,44109,0,0,2,3,3,1,1,4,2,03,2,1,000,000,1,0,1,3,1,37,0,1,4,00,2,0,1,201200028955B01,30,15,1
201200028957,2012-09-06,2012,septembre,jeudi,1:,44,44109,0,0,2,6,3,5,1,4,1,02,1,1,000,000,1,0,1,3,2,24,5,1,2,00,2,1,1,201200028957A01,7,1,1
201200028970,2012-09-17,2012,septembre,lundi,90:5,44,44114,0,0,2,1,3,1,1,4,1,01,2,2,000,000,1,0,1,4,1,68,5,1,9,00,2,5,1,201200028970B01,3,9,1
201200028978,2012-09-23,2012,septembre,dimanche,18:19,44,44109,0,0,2,1,6,1,1,4,2,00,2,1,000,000,1,0,1,3,1,47,5,1,2,01,0,1,1,201200028978B01,7,24,1
201200028979,2012-09-19,2012,septembre,mercredi,17:00,44,44109,0,0,2,1,6,1,9,4,-1,00,-1,-1,000,000,-1,0,0,4,1,63,0,1,9,00,2,1,1,201200028979B01,7,16,1
201200028988,2012-09-30,2012,septembre,dimanche,15:00,44,44114,0,0,2,1,6,1,1,4,2,02,2,1,000,181,1,0,5,4,1,75,5,1,9,01,0,1,1,201200028988B01,,,
201200028988,2012-09-30,2012,septembre,dimanche,15:00,44,44114,0,0,2,1,6,1,1,4,2,02,2,1,000,181,1,0,5,1,2,43,0,1,9,01,0,1,1,201200028988B01,,,
201200029000,2012-10-12,2012,octobre,vendredi,15:00,44,44109,0,0,2,6,3,1,1,4,-1,02,-1,-1,000,000,-1,0,0,4,1,64,1,1,4,00,2,7,12,201200029000A01,7,1,1
201200029007,2012-10-26,2012,octobre,vendredi,83:0,44,44109,0,0,2,1,3,2,3,4,2,00,-1,1,000,000,-1,0,0,4,1,21,0,1,2,00,2,0,0,201200029007B01,7,0,1
201200029012,2012-10-22,2012,octobre,lundi,21:15,44,44109,0,0,2,1,2,5,1,4,2,04,1,1,000,000,1,0,1,4,1,41,0,1,2,00,2,4,1,201200029012B01,7,0,1
201200029019,2012-10-26,2012,octobre,vendredi,74:5,44,44162,0,0,2,3,6,5,1,4,2,02,-1,1,000,000,1,0,0,4,1,24,1,1,9,00,2,1,1,201200029019B01,7,16,1
201200029021,2012-09-28,2012,septembre,vendredi,11:15,44,44109,0,0,2,1,6,1,1,4,2,02,-1,-1,000,000,-1,4,1,4,1,68,0,1,9,00,2,1,1,201200029021A01,99,0,1
201200029023,2012-10-30,2012,octobre,mardi,14:20,44,44109,0,0,2,1,6,1,1,4,1,02,1,2,000,000,1,5,1,3,1,78,0,1,9,00,2,4,1,201200029023B01,7,1,1
201200029024,2012-11-02,2012,novembre,vendredi,13:45,44,44109,0,0,2,1,6,1,1,4,2,00,1,1,000,000,2,0,1,3,1,36,0,1,2,00,0,8,0,201200029024B01,7,1,1
201200029038,2012-11-12,2012,novembre,lundi,85:0,44,44109,0,0,2,1,6,1,1,4,2,02,1,1,000,000,1,0,1,3,1,53,5,1,2,00,2,1,1,201200029038B01,7,1/0,2
201200029043,2012-11-28,2012,novembre,mercredi,14:05,44,44109,0,0,2,3,6,1,1,4,2,02,1,2,000,000,1,0,1,4,2,53,0,1,2,00,2,1,15,201200029043B01,7,1,1
201200029047,2012-11-29,2012,novembre,jeudi,19:25,44,44109,0,0,2,3,7,5,1,4,2,02,1,1,000,000,1,0,1,4,2,63,0,1,4,00,0,0,1,201200029047B01,7,15,1
201200029049,2012-11-19,2012,novembre,lundi,14:35,44,44109,0,0,2,6,6,1,1,4,1,02,1,2,000,000,1,0,1,4,1,69,5,1,2,00,2,4,9,201200029049B01,7,9,1
201200029082,2012-12-25,2012,décembre,mardi,13:00,44,44109,0,0,2,1,6,1,1,4,2,02,1,1,000,000,1,0,0,4,1,9,5,1,9,00,2,0,0,201200029082A01,7,0,1
201200029097,2012-03-02,2012,mars,vendredi,95:0,44,44184,0,0,2,6,3,1,1,4,2,02,1,-1,000,000,1,0,1,4,1,78,5,1,9,00,2,0,5,201200029097B01,7,1,1
201200029106,2012-04-05,2012,avril,jeudi,14:50,44,44184,0,0,2,1,3,1,1,4,2,02,1,1,000,000,1,0,1,4,2,36,1,1,9,00,2,0,0,201200029106B01,7,11,1
201200029109,2012-05-07,2012,mai,lundi,15:35,44,44184,0,0,2,1,1,1,1,4,2,02,1,1,000,000,1,0,1,4,1,14,0,1,9,01,0,1,0,201200029109B01,7,24,1
201200029121,2012-07-01,2012,juillet,dimanche,11:15,44,44184,0,0,2,3,3,1,1,4,2,02,2,1,000,000,1,0,1,4,1,58,5,1,4,00,2,1,1,201200029121B01,7,15,1
201200029131,2012-09-20,2012,septembre,jeudi,90:0,44,44184,0,0,2,2,6,1,1,4,2,02,1,1,000,000,1,0,1,4,1,62,5,1,2,00,2,1,1,201200029131A01,7,9,1
201200029133,2012-09-28,2012,septembre,vendredi,85:0,44,44184,0,0,2,2,3,1,1,4,3,04,3,1,000,000,1,0,1,4,1,57,5,1,2,00,2,1,1,201200029133B01,7,9,1
201200029134,2012-09-28,2012,septembre,vendredi,83:5,44,44184,0,0,2,1,6,1,1,4,3,02,1,1,030,070,1,0,1,4,2,59,5,1,9,00,2,7,19,201200029134C01,7,1/23,2
201200029140,2012-10-15,2012,octobre,lundi,70:6,44,44184,0,0,2,6,3,5,1,3,3,02,1,1,000,000,1,0,1,4,2,22,0,1,9,00,2,7,1,201200029140B01,7,9,1
201200029142,2012-10-19,2012,octobre,vendredi,12:20,44,44184,0,0,2,3,3,1,2,4,2,02,1,1,000,085,2,0,1,4,1,15,2,1,9,00,2,1,15,201200029142B01,7,1,1
201200029146,2012-11-10,2012,novembre,samedi,17:05,44,44184,0,0,2,6,2,1,1,4,1,02,1,2,000,000,1,0,1,4,2,39,5,1,9,00,2,4,1,201200029146B01,7,1,1
201200029149,2012-11-12,2012,novembre,lundi,10:20,44,44184,0,0,2,1,7,1,1,4,3,02,1,1,000,000,1,0,1,4,1,56,0,1,9,00,2,3,19,201200029149B01,7,1,1
201200029155,2012-11-23,2012,novembre,vendredi,11:40,44,44184,0,0,2,2,3,1,2,3,2,02,1,1,000,000,2,0,1,4,2,31,0,1,4,00,2,1,1,201200029155B01,7,1,1
201200029158,2012-12-02,2012,décembre,dimanche,11:45,44,44184,0,0,2,6,3,1,1,3,3,04,1,3,000,000,1,3,1,4,1,57,5,1,9,00,2,2,1,201200029158B01,10,9,1
201200029166,2012-12-28,2012,décembre,vendredi,19:20,44,44184,0,0,2,2,3,5,1,4,2,02,1,1,000,000,1,0,1,4,1,47,0,1,4,00,2,1,1,201200029166B01,7,15,1
201200029178,2012-02-19,2012,février,dimanche,17:50,45,45068,48.00433,2.71146,2,3,3,1,1,4,2,02,1,1,000,050,1,0,1,3,1,57,9,1,9,00,2,3,1,201200029178B01,7,1,1
201200029179,2012-02-21,2012,février,mardi,19:45,45,45208,48.00135,2.72431,2,2,3,5,1,4,2,02,2,1,000,060,1,0,1,3,1,22,9,1,9,00,2,7,1,201200029179B01,7,1,1
201200029197,2012-04-16,2012,avril,lundi,75:0,45,45338,47.99084,2.71195,2,1,3,1,1,3,2,02,1,1,000,070,1,0,1,4,2,54,9,1,9,00,0,8,1,201200029197B01,7,1,1
201200029222,2012-11-28,2012,novembre,mercredi,12:15,45,45068,48.0249,2.73281,2,1,3,1,8,4,2,02,1,1,000,045,1,0,1,4,1,17,1,1,4,00,2,1,9,201200029222A01,7,1,1
201200029235,2012-01-04,2012,janvier,mercredi,81:5,45,45169,47.92637,1.83156,2,1,3,2,1,4,2,02,1,2,000,099,1,0,5,3,1,49,9,1,9,00,0,4,1,201200029235B01,7,14,1
201200029240,2012-01-10,2012,janvier,mardi,80:0,45,45234,47.90372,1.89551,2,1,3,5,1,4,1,02,2,1,000,140,1,0,1,3,1,12,2,1,9,00,0,8,1,201200029240B01,7,1,1
201200029242,2012-01-18,2012,janvier,mercredi,18:45,45,45234,47.91763,1.89872,2,2,3,1,1,3,2,03,1,1,014,115,1,0,1,4,1,11,9,1,9,00,2,8,1,201200029242B01,7,15,1
201200029254,2012-02-24,2012,février,vendredi,12:55,45,45234,47.89818,1.91606,2,3,3,1,1,3,2,02,1,1,000,059,1,0,1,4,1,17,9,1,9,00,2,3,15,201200029254B01,7,17,1
201200029280,2012-05-16,2012,mai,mercredi,15:00,45,45234,47.89794,1.90931,2,1,3,1,1,3,2,02,1,1,000,061,1,0,5,4,1,18,9,1,4,00,2,1,1,201200029280B01,7,15,1
201200029293,2012-06-26,2012,juin,mardi,14:55,45,45234,47.90685,1.90075,2,1,3,1,1,3,1,04,1,1,000,120,1,0,1,3,1,80,9,1,9,00,2,1,19,201200029293A01,7,1,1
201200029301,2012-07-29,2012,juillet,dimanche,19:20,45,45234,47.92423,1.94126,1,6,3,1,2,4,1,01,2,3,000,047,2,0,1,4,2,33,1,1,9,00,2,8,19,201200029301A01,7,1,1
201200029314,2012-09-19,2012,septembre,mercredi,81:0,45,45234,47.88251,1.90377,2,3,3,1,1,3,2,02,1,1,000,070,1,0,1,3,1,15,4,1,9,00,2,2,19,201200029314A01,7,1,1
201200029318,2012-09-24,2012,septembre,lundi,75:0,45,45234,47.90733,1.90099,2,1,3,2,3,3,1,03,1,1,000,120,2,0,1,3,2,15,9,1,9,00,2,8,19,201200029318A01,7,1,1
201200029319,2012-09-29,2012,septembre,samedi,15:50,45,45298,47.87829,1.85753,2,2,3,1,1,3,2,02,1,1,000,068,1,0,1,3,1,56,1,1,9,00,2,2,1,201200029319A01,7,15,1
201200029339,2012-11-04,2012,novembre,dimanche,62:0,45,45234,47.89592,1.90434,2,1,3,5,8,3,3,00,1,1,000,029,2,2,5,3,1,41,9,1,9,00,2,6,1,201200029339B01,7,14,1
201200029344,2012-11-13,2012,novembre,mardi,10:10,45,45232,47.87242,1.89804,2,1,3,1,1,4,2,02,1,1,000,060,1,0,1,4,1,93,5,1,9,00,2,8,15,201200029344B01,7,17,1
201200029357,2012-12-19,2012,décembre,mercredi,16:56,45,45234,47.81892,1.93827,2,6,3,2,1,4,2,02,1,1,000,118,1,0,1,3,2,42,9,1,4,00,2,1,1,201200029357B01,10,1,1
201200029358,2012-12-20,2012,décembre,jeudi,19:35,45,45286,47.88774,1.92605,2,1,3,5,2,3,2,02,1,1,000,065,2,0,1,3,1,17,9,1,9,00,2,3,9,201200029358B01,7,1,1
201200029371,2012-05-27,2012,mai,dimanche,10:15,46,46042,44.44471,1.4305,2,1,6,1,1,4,2,02,2,1,000,044,1,6,1,1,1,56,5,1,9,00,1,1,1,201200029371A01,,,
201200029382,2012-01-19,2012,janvier,jeudi,18:40,47,47001,0,0,2,1,6,4,2,4,1,,1,1,000,000,2,0,1,3,2,56,5,1,9,01,0,1,1,201200029382B01,7,22,1
201200029390,2012-06-18,2012,juin,lundi,12:45,47,47001,0,0,2,2,3,1,1,4,,,,,,,,,,4,1,14,2,1,9,00,2,4,15,201200029390A01,30,1,1
201200029407,2012-11-13,2012,novembre,mardi,75:0,47,47001,0,0,2,3,1,2,1,4,2,02,1,1,000,000,1,0,1,3,2,70,5,1,9,00,2,1,23,201200029407B01,7,15,1
201200029417,2012-05-31,2012,mai,jeudi,12:10,47,47323,0,0,2,3,6,1,1,4,1,01,2,3,000,065,1,0,1,1,1,47,1,1,9,00,1,1,16,201200029417A01,,,
201200029417,2012-05-31,2012,mai,jeudi,12:10,47,47323,0,0,2,3,6,1,1,4,1,01,2,3,000,065,1,0,1,3,2,49,5,1,9,00,1,1,16,201200029417A01,,,
201200029439,2012-01-08,2012,janvier,dimanche,11:25,49,49267,47.48124,-0.48039,2,1,7,1,1,4,2,02,1,1,000,060,1,0,1,4,1,66,5,1,2,00,0,0,1,201200029439A01,,,
201200029440,2012-01-06,2012,janvier,vendredi,13:04,49,49007,47.46025,-0.52574,2,1,6,1,1,4,2,02,1,1,000,060,1,0,1,4,1,18,2,1,2,01,0,1,1,201200029440B01,7,23,1
201200029446,2012-01-10,2012,janvier,mardi,14:09,49,49007,47.46836,-0.55424,2,1,6,1,1,4,1,01,1,1,000,030,1,0,1,4,2,21,1,1,2,01,0,7,1,201200029446B01,7,24,1
201200029453,2012-01-16,2012,janvier,lundi,17:20,49,49007,47.46457,-0.54873,2,6,2,1,1,4,2,02,1,1,000,102,1,0,1,4,2,25,0,1,2,00,2,4,0,201200029453B01,7,1,1
201200029457,2012-01-19,2012,janvier,jeudi,75:6,49,49007,47.46454,-0.55207,2,3,3,2,2,4,2,02,1,1,000,043,2,0,1,4,2,52,1,1,9,00,2,1,1,201200029457B01,7,15,1
201200029460,2012-01-20,2012,janvier,vendredi,19:25,49,49007,47.45862,-0.55433,2,1,6,5,1,4,2,02,1,1,000,060,1,0,1,4,1,36,0,1,9,00,0,0,1,201200029460A01,,,
201200029466,2012-01-25,2012,janvier,mercredi,84:7,49,49007,47.47112,-0.57291,2,1,7,1,1,4,2,02,1,1,000,016,2,0,1,4,1,49,0,1,9,00,0,0,1,201200029466A01,,,
201200029467,2012-01-25,2012,janvier,mercredi,83:4,49,49007,47.47338,-0.54414,2,3,7,1,1,4,2,02,1,1,000,090,1,0,1,4,1,19,5,1,9,00,0,0,1,201200029467A01,,,
201200029481,2012-02-04,2012,février,samedi,80:3,49,49007,47.45743,-0.55409,2,1,7,1,1,4,1,01,1,1,000,060,1,0,1,4,1,33,5,1,9,12,0,1,1,201200029481A01,,,
201200029484,2012-02-03,2012,février,vendredi,15:37,49,49246,47.4435,-0.52707,2,6,2,1,1,4,2,02,1,1,000,060,1,0,1,4,1,55,1,1,9,00,2,4,1,201200029484B01,7,1,1
201200029487,2012-02-08,2012,février,mercredi,13:28,49,49007,47.45842,-0.543,2,1,7,1,1,4,2,02,1,1,000,060,7,0,1,4,2,20,5,1,9,00,0,0,1,201200029487A01,,,
201200029494,2012-02-13,2012,février,lundi,11:00,49,49007,47.47492,-0.54783,2,1,7,1,1,4,3,04,1,1,000,090,7,0,1,4,2,22,5,1,9,00,0,0,1,201200029494A01,,,
201200029502,2012-02-21,2012,février,mardi,13:27,49,49007,47.47218,-0.54856,2,1,7,1,1,4,1,01,1,1,000,037,1,0,1,4,1,44,4,1,2,00,0,0,1,201200029502A01,,,
201200029505,2012-02-27,2012,février,lundi,12:14,49,49007,47.4488,-0.5337,2,1,6,1,1,4,3,04,1,1,000,070,1,0,1,3,1,21,2,1,9,01,0,1,1,201200029505A01,,,
201200029508,2012-03-01,2012,mars,jeudi,75:1,49,49007,47.47811,-0.59864,2,6,3,1,1,4,2,02,1,1,000,066,1,0,1,4,1,21,1,1,2,00,2,8,1,201200029508B01,37,1,1
201200029515,2012-03-08,2012,mars,jeudi,15:14,49,49007,47.46953,-0.54892,2,1,7,1,1,4,2,02,1,1,000,180,1,0,1,4,1,22,0,1,9,00,2,0,1,201200029515B01,37,1,1
201200029523,2012-03-12,2012,mars,lundi,90:5,49,49007,47.47605,-0.53838,2,3,3,1,1,4,1,01,1,1,000,024,1,0,1,4,2,36,0,1,9,00,2,1,1,201200029523B01,7,15,1
201200029527,2012-03-14,2012,mars,mercredi,11:30,49,49007,47.47282,-0.54303,2,1,6,1,1,4,-1,02,1,1,000,060,1,0,4,1,1,29,0,1,9,00,1,1,1,201200029527A01,,,
201200029533,2012-03-22,2012,mars,jeudi,15:28,49,49007,47.47603,-0.53839,2,2,3,1,1,4,1,01,1,1,000,028,1,0,1,4,2,44,5,1,9,00,2,8,1,201200029533B01,3,1,1
201200029536,2012-03-26,2012,mars,lundi,15:42,49,49007,47.44955,-0.54776,2,1,7,1,1,4,2,02,1,1,000,060,1,0,1,1,1,17,2,1,9,00,0,0,1,201200029536A01,,,
201200029536,2012-03-26,2012,mars,lundi,15:42,49,49007,47.44955,-0.54776,2,1,7,1,1,4,2,02,1,1,000,060,1,0,1,4,1,17,2,1,9,00,0,0,1,201200029536A01,,,