Num_Acc,date,an,mois,jour,hrmn,dep,com,lat,long,agg,int,col,lum,atm,catr,circ,nbv,prof,plan,lartpc,larrout,surf,infra,situ,grav,sexe,age,trajet,secuexist,equipement,obs,obsm,choc,manv,vehiculeid,typevehicules,manoeuvehicules,numVehicules
201200029537,2012-03-26,2012,mars,lundi,17:52,49,49007,47.46714,-0.55496,2,1,2,1,1,4,-1,02,1,1,000,090,1,0,1,4,1,18,2,1,9,00,2,1,1,201200029537A01,7,1,1
201200029541,2012-03-28,2012,mars,mercredi,10:20,49,49007,47.45366,-0.52578,2,1,6,1,1,4,2,02,1,1,000,050,1,0,1,4,1,44,5,1,2,01,0,1,1,201200029541B01,7,22,1
201200029543,2012-03-29,2012,mars,jeudi,19:00,49,49007,47.47368,-0.57082,2,1,7,1,1,4,2,02,1,1,000,067,1,0,1,4,2,19,5,1,9,12,0,1,1,201200029543A01,,,
201200029544,2012-04-01,2012,avril,dimanche,18:10,49,49015,47.50502,-0.59541,2,2,3,1,1,4,2,02,1,1,000,088,1,0,1,4,1,19,1,1,9,00,2,1,15,201200029544A01,7,1,1
201200029547,2012-03-31,2012,mars,samedi,18:27,49,49246,47.44397,-0.511,2,6,3,1,1,4,2,02,1,1,000,090,1,0,1,4,1,31,5,1,9,00,2,1,1,201200029547B01,7,1,1
201200029549,2012-04-04,2012,avril,mercredi,17:43,49,49007,47.46376,-0.53184,2,1,7,1,1,4,3,02,1,1,000,090,1,0,1,4,2,13,5,1,9,12,0,0,0,201200029549A01,,,
201200029574,2012-04-16,2012,avril,lundi,15:52,49,49007,47.46511,-0.55663,2,1,3,1,1,4,-1,02,-1,-1,000,000,1,0,1,3,2,63,0,1,4,00,2,1,11,201200029574A01,7,1,1
201200029580,2012-05-15,2012,mai,mardi,16:10,49,49267,47.47045,-0.51587,2,6,3,1,1,4,2,02,1,1,000,060,1,0,1,4,1,69,5,1,9,00,2,0,1,201200029580B01,7,1,1
201200029587,2012-05-16,2012,mai,mercredi,18:29,49,49007,47.46093,-0.59647,2,1,7,1,1,9,-1,02,1,-1,000,000,-1,0,0,4,1,31,0,1,9,00,0,0,0,201200029587A01,,,
201200029591,2012-05-23,2012,mai,mercredi,17:02,49,49007,47.47151,-0.52305,2,1,3,1,1,4,2,02,1,1,000,000,1,0,1,4,1,8,0,1,9,00,2,1,1,201200029591A01,1,15,1
201200029591,2012-05-23,2012,mai,mercredi,17:02,49,49007,47.47151,-0.52305,2,1,3,1,1,4,2,02,1,1,000,000,1,0,1,1,1,25,1,1,9,00,2,7,15,201200029591B01,1,1,1
201200029595,2012-05-25,2012,mai,vendredi,20:56,49,49353,47.45157,-0.50538,2,2,3,1,1,4,2,02,1,1,000,065,1,0,1,3,1,26,5,1,2,00,2,0,1,201200029595A01,10,1,1
201200029601,2012-05-30,2012,mai,mercredi,19:56,49,49007,47.46264,-0.54052,2,1,7,1,1,4,2,02,1,-1,000,090,1,0,1,3,1,41,5,1,9,08,0,1,1,201200029601A01,,,
201200029603,2012-05-31,2012,mai,jeudi,12:50,49,49007,47.47669,-0.5446,2,3,2,1,1,4,2,02,1,1,000,060,1,0,1,4,2,60,1,1,9,00,2,4,1,201200029603B01,7,1,1
201200029617,2012-06-09,2012,juin,samedi,17:05,49,49007,47.4549,-0.55361,2,1,7,1,1,4,2,02,1,2,000,080,1,0,1,3,1,33,5,1,2,00,0,0,1,201200029617A01,,,
201200029635,2012-07-05,2012,juillet,jeudi,16:00,49,49267,47.46876,-0.50771,2,6,6,1,1,4,2,02,1,1,000,060,1,0,1,4,1,14,5,1,9,00,2,1,1,201200029635A01,7,1,1
201200029636,2012-07-06,2012,juillet,vendredi,80:5,49,49353,47.45074,-0.47261,2,6,7,1,1,4,2,02,1,1,000,060,1,0,1,4,1,6,5,1,9,00,0,0,1,201200029636A01,,,
201200029639,2012-07-09,2012,juillet,lundi,72:8,49,49007,47.47939,-0.57621,2,1,6,1,1,4,2,02,1,1,000,069,1,0,1,1,1,17,1,1,9,00,1,1,1,201200029639A01,,,
201200029641,2012-07-11,2012,juillet,mercredi,10:15,49,49015,47.50207,-0.58831,2,1,7,1,1,4,2,02,1,-1,000,060,-1,0,1,3,2,44,5,1,9,12,0,1,1,201200029641A01,,,
201200029642,2012-07-12,2012,juillet,jeudi,14:19,49,49007,47.47508,-0.54984,2,2,3,1,1,4,-1,02,1,1,000,050,2,0,1,4,1,45,1,1,9,00,2,7,1,201200029642B01,7,1,1
201200029647,2012-07-16,2012,juillet,lundi,18:38,49,49007,47.45152,-0.52644,2,1,7,1,1,4,2,02,1,1,000,070,1,0,1,4,1,18,5,1,9,12,0,1,1,201200029647A01,,,
201200029658,2012-07-30,2012,juillet,lundi,80:2,49,49007,47.48185,-0.54347,2,2,3,1,2,4,-1,01,1,1,000,060,2,0,1,4,2,19,1,1,9,00,2,1,1,201200029658B01,7,1,1
201200029661,2012-07-30,2012,juillet,lundi,17:54,49,49007,47.4907,-0.53209,2,3,3,1,1,4,3,02,1,1,000,123,1,0,1,4,1,53,5,1,9,00,2,1,1,201200029661B01,7,1,1
201200029670,2012-08-12,2012,août,dimanche,11:52,49,49007,47.477,-0.55275,2,1,7,1,1,4,2,02,1,1,000,071,1,0,1,3,1,78,5,1,9,02,0,1,1,201200029670A01,,,
201200029677,2012-08-21,2012,août,mardi,12:55,49,49007,47.4744,-0.56145,2,2,1,1,1,4,2,02,1,1,000,058,1,0,1,4,1,38,0,1,9,00,2,1,15,201200029677B01,7,15,1
201200029690,2012-08-30,2012,août,jeudi,19:08,49,49007,47.46636,-0.5477,2,2,3,1,1,4,2,02,1,1,000,000,1,0,1,4,2,60,5,1,4,00,2,1,1,201200029690A01,7,1,1
201200029699,2012-09-09,2012,septembre,dimanche,19:47,49,49007,47.46271,-0.55508,2,1,7,1,1,4,2,02,1,1,000,120,1,4,1,4,2,31,5,1,9,14,0,1,1,201200029699A01,,,
201200029702,2012-09-12,2012,septembre,mercredi,18:51,49,49007,47.45859,-0.54603,2,1,3,1,1,4,-1,01,1,-1,000,000,-1,0,1,4,1,27,0,1,9,00,0,2,0,201200029702B01,7,9,1
201200029704,2012-09-16,2012,septembre,dimanche,80:3,49,49246,47.42441,-0.5261,2,1,6,1,1,4,2,02,1,1,000,000,8,0,1,4,1,42,5,1,4,00,2,5,2,201200029704B01,7,1,1
201200029707,2012-09-19,2012,septembre,mercredi,19:41,49,49015,47.50265,-0.58559,2,1,7,1,1,4,2,01,1,1,000,060,1,4,1,3,2,49,0,1,9,14,0,0,14,201200029707A01,,,
201200029708,2012-09-19,2012,septembre,mercredi,82:1,49,49007,47.47923,-0.54221,2,1,7,1,1,4,-1,02,1,1,000,000,1,0,1,4,2,32,1,1,4,00,0,1,0,201200029708A01,,,
201200029721,2012-09-27,2012,septembre,jeudi,81:5,49,49007,47.47231,-0.56674,2,1,7,1,1,4,1,02,1,2,000,060,2,0,0,4,1,38,0,1,4,00,0,0,1,201200029721A01,,,
201200029725,2012-09-28,2012,septembre,vendredi,75:7,49,49015,47.49366,-0.59145,2,1,7,1,1,4,2,02,1,1,000,070,2,0,1,3,1,11,2,1,9,00,0,0,1,201200029725A01,,,
201200029727,2012-09-28,2012,septembre,vendredi,17:42,49,49007,47.46901,-0.53239,2,1,3,1,1,4,2,02,1,1,000,000,1,0,1,4,2,11,2,1,4,00,2,1,0,201200029727B01,7,16,1
201200029735,2012-10-02,2012,octobre,mardi,16:36,49,49007,47.47353,-0.58653,2,1,3,1,1,4,2,02,2,1,000,000,1,0,1,4,1,18,0,1,9,00,2,3,1,201200029735B01,7,12,1
201200029740,2012-10-05,2012,octobre,vendredi,16:55,49,49007,47.47335,-0.59253,2,1,6,1,1,4,2,02,2,1,000,058,1,0,5,4,1,21,0,1,9,14,0,1,1,201200029740B01,7,1,1
201200029744,2012-10-09,2012,octobre,mardi,12:11,49,49007,47.46732,-0.54995,2,1,3,1,1,4,1,01,1,1,000,040,2,0,1,3,2,21,0,1,9,01,0,1,2,201200029744B01,7,2,1
201200029746,2012-10-06,2012,octobre,samedi,15:45,49,49007,47.48314,-0.5695,2,1,1,1,1,4,2,02,1,1,000,070,1,0,1,4,1,18,5,1,9,00,2,4,1,201200029746B01,7,1,1
201200029756,2012-10-16,2012,octobre,mardi,10:50,49,49007,47.46478,-0.54865,2,6,6,1,1,4,2,01,1,1,000,050,2,0,1,1,1,24,5,1,9,00,1,1,1,201200029756A01,,,
201200029774,2012-10-30,2012,octobre,mardi,75:5,49,49007,47.48595,-0.51496,2,1,6,2,1,4,3,02,1,1,000,080,1,0,1,4,1,21,2,1,9,00,2,1,1,201200029774B01,7,20,1
201200029779,2012-11-04,2012,novembre,dimanche,18:56,49,49007,47.47894,-0.54992,2,1,7,3,2,4,2,02,1,1,000,058,2,0,1,4,1,45,5,1,2,00,0,0,1,201200029779A01,,,
201200029781,2012-11-06,2012,novembre,mardi,15:57,49,49015,47.49209,-0.59254,2,1,7,1,1,4,3,02,1,-1,000,090,1,0,1,3,1,75,5,1,2,00,0,0,1,201200029781A01,,,
201200029787,2012-11-21,2012,novembre,mercredi,73:0,49,49267,47.46865,-0.49266,2,3,3,2,1,4,2,02,1,1,000,085,1,0,1,4,1,42,5,1,9,00,2,7,1,201200029787B01,7,15,1
201200029791,2012-11-19,2012,novembre,lundi,12:50,49,49007,47.45987,-0.54587,2,1,2,1,1,4,2,02,1,1,000,060,1,0,1,4,1,22,5,1,9,00,2,1,1,201200029791A01,7,1,1
201200029798,2012-11-21,2012,novembre,mercredi,14:07,49,49007,47.47437,-0.51582,2,6,3,1,1,4,-1,02,1,-1,000,060,-1,0,0,4,1,26,2,1,9,00,0,0,0,201200029798B01,7,0,1
201200029806,2012-11-30,2012,novembre,vendredi,85:4,49,49007,47.46436,-0.55404,2,2,3,1,1,4,1,01,1,1,000,060,1,0,1,4,2,21,0,1,2,00,2,1,1,201200029806A01,7,1,1
201200029811,2012-12-06,2012,décembre,jeudi,85:6,49,49007,47.47695,-0.59909,2,6,3,2,1,4,2,02,1,1,000,090,7,0,1,4,1,47,1,1,2,00,2,2,1,201200029811B01,7,0,1
201200029815,2012-12-10,2012,décembre,lundi,16:49,49,49007,47.47635,-0.55111,2,1,3,1,1,4,2,03,1,1,000,090,1,0,1,4,1,22,1,1,2,00,2,8,1,201200029815B01,7,1,1
201200029817,2012-12-12,2012,décembre,mercredi,81:5,49,49007,47.45837,-0.54507,2,6,3,1,1,4,2,02,1,-1,000,070,1,0,1,4,2,21,2,1,9,00,2,1,1,201200029817B01,10,1,1
201200029818,2012-12-12,2012,décembre,mercredi,14:24,49,49007,47.46074,-0.53313,2,1,3,1,1,4,2,02,1,1,000,070,1,0,1,4,1,21,5,1,9,00,2,1,19,201200029818A01,10,15,1
201200029819,2012-11-12,2012,novembre,lundi,13:32,49,49007,47.4513,-0.5618,2,1,3,1,1,4,2,02,-1,-1,000,000,-1,0,0,4,1,7,2,1,9,00,2,3,19,201200029819B01,7,1,1
201200029833,2012-12-21,2012,décembre,vendredi,12:21,49,49007,47.45653,-0.53026,2,1,6,1,1,4,2,02,-1,1,000,000,1,0,1,1,1,24,0,1,9,00,1,1,0,201200029833A01,,,
201200029877,2012-05-29,2012,mai,mardi,18:32,49,49099,47.0652,-0.87012,2,6,3,1,1,4,3,04,2,4,045,030,1,5,1,3,2,17,5,1,9,00,2,8,2,201200029877B01,7,14,1
201200029888,2012-07-30,2012,juillet,lundi,16:20,49,49099,47.05084,-0.85109,2,6,6,1,3,4,1,01,2,4,000,060,2,0,1,3,1,74,5,1,9,00,2,5,1,201200029888B01,7,0,1
201200029889,2012-08-02,2012,août,jeudi,41:5,49,49099,47.06152,-0.86974,2,1,1,3,1,4,2,02,1,1,000,098,1,0,1,3,1,20,5,1,9,01,0,1,15,201200029889A01,7,0,1
201200029931,2012-01-11,2012,janvier,mercredi,13:30,49,49328,47.25204,-0.08729,2,6,3,1,1,4,1,01,1,2,000,000,1,5,1,4,1,13,2,1,2,00,2,1,1,201200029931B01,7,1,1
201200029932,2012-01-17,2012,janvier,mardi,80:0,49,49328,47.26718,-0.06989,2,6,3,1,1,4,2,02,1,1,000,000,1,0,1,4,1,18,2,1,4,00,2,1,0,201200029932B01,7,9,1
201200029934,2012-02-01,2012,février,mercredi,17:20,49,49328,47.27188,-0.06456,2,2,6,1,1,4,2,03,1,1,000,000,1,0,1,3,1,51,1,1,9,00,2,1,1,201200029934A01,10,16,1
201200029940,2012-02-28,2012,février,mardi,85:0,49,49328,47.26137,-0.0784,2,2,3,1,1,4,1,01,1,1,000,055,1,0,1,4,2,26,5,1,2,00,2,1,1,201200029940A01,7,1,1
201200029944,2012-03-14,2012,mars,mercredi,16:40,49,49328,47.26704,-0.08883,2,1,7,1,1,4,2,04,1,1,000,000,1,0,1,4,1,5,5,1,2,00,0,0,1,201200029944A01,,,
201200029947,2012-03-29,2012,mars,jeudi,83:0,49,49328,47.25556,-0.07967,2,1,3,1,1,4,1,01,1,1,000,057,1,0,1,4,1,58,1,1,2,00,2,1,1,201200029947A01,7,1,1
201200029968,2012-06-21,2012,juin,jeudi,16:00,49,49328,47.25544,-0.08337,2,2,3,1,1,4,2,02,1,1,000,033,1,0,1,3,1,21,1,1,2,00,2,1,1,201200029968A01,7,15,1
201200029985,2012-09-07,2012,septembre,vendredi,22:15,49,49328,47.24931,-0.05489,2,1,7,5,1,4,2,01,2,4,000,000,1,0,1,4,2,28,5,1,9,00,0,1,1,201200029985A01,,,
201200029992,2012-10-02,2012,octobre,mardi,75:5,49,49328,47.25692,-0.0802,2,3,6,1,1,4,2,02,1,1,000,060,2,0,1,4,2,10,2,1,2,00,2,3,15,201200029992B01,7,1,1
201200029995,2012-10-04,2012,octobre,jeudi,82:0,49,49328,47.24659,-0.09347,2,6,7,1,2,4,2,02,1,1,000,000,2,0,1,4,1,16,1,1,9,12,2,1,1,201200029995A01,,,
201200030001,2012-10-11,2012,octobre,jeudi,23:20,49,49328,47.25579,-0.07429,2,1,7,5,1,4,2,02,2,1,000,000,2,0,1,4,1,49,5,1,2,00,0,0,1,201200030001A01,,,
201200030007,2012-11-06,2012,novembre,mardi,15:15,49,49328,47.25557,-0.06666,2,3,6,1,1,4,2,03,1,1,000,089,1,0,1,4,2,60,5,1,9,00,2,0,2,201200030007A01,7,17,1
201200030034,2012-01-25,2012,janvier,mercredi,10:45,50,50129,49.6332,-1.64852,2,1,2,1,1,3,3,03,1,1,028,040,1,0,1,4,2,32,4,1,2,00,2,8,2,201200030034B01,7,17,1
201200030046,2012-02-15,2012,février,mercredi,11:20,50,50173,49.651,-1.64629,2,1,2,1,1,3,2,02,1,1,000,000,1,0,5,3,1,56,5,1,2,00,2,1,1,201200030046A01,1,1,1
201200030046,2012-02-15,2012,février,mercredi,11:20,50,50173,49.651,-1.64629,2,1,2,1,1,3,2,02,1,1,000,000,1,0,5,1,1,63,5,1,2,00,2,5,1,201200030046B01,1,1,1
201200030061,2012-03-18,2012,mars,dimanche,94:0,50,50173,49.6575,-1.66874,2,6,3,1,1,3,1,01,1,2,000,100,1,0,1,4,2,55,5,1,2,00,2,3,1,201200030061B01,7,16,1
201200030064,2012-03-27,2012,mars,mardi,11:45,50,50602,49.6362,-1.58977,2,3,7,1,1,4,2,02,1,1,000,000,1,0,1,3,2,62,5,1,2,12,0,2,14,201200030064A01,,,
201200030066,2012-04-06,2012,avril,vendredi,83:0,50,50602,49.6479,-1.57873,2,1,3,1,1,4,2,02,1,1,000,000,1,0,1,3,2,12,2,1,2,00,2,1,19,201200030066A01,7,1,1
201200030137,2012-08-10,2012,août,vendredi,18:00,50,50129,49.6391,-1.61937,2,1,3,1,1,4,2,02,1,3,000,060,1,0,1,4,1,34,5,1,2,00,2,0,1,201200030137B01,7,14,1
201200030143,2012-07-20,2012,juillet,vendredi,10:15,50,50173,49.658,-1.66726,2,1,7,1,1,9,2,02,3,1,000,000,1,0,5,3,1,60,5,1,2,00,0,0,13,201200030143A01,,,
201200030152,2012-09-13,2012,septembre,jeudi,17:45,50,50129,49.6421,-1.59305,2,1,3,1,1,9,-1,00,1,1,000,030,1,0,5,4,2,5,5,1,2,00,2,6,1,201200030152A01,30,2,1
201200030160,2012-09-25,2012,septembre,mardi,12:40,50,50129,49.6222,-1.62794,2,1,7,1,1,4,2,02,1,1,000,053,2,0,1,4,1,50,5,1,2,16,0,0,1,201200030160A01,,,
201200030171,2012-10-16,2012,octobre,mardi,16:50,50,50129,49.639,-1.62156,2,4,2,1,1,4,1,01,1,1,000,000,1,0,1,4,1,68,5,1,2,00,2,3,1,201200030171B01,7,17,1
201200030174,2012-10-24,2012,octobre,mercredi,16:25,50,50129,49.6359,-1.62569,2,1,6,1,1,4,2,03,1,1,000,090,1,0,1,4,2,40,5,1,2,00,2,4,23,201200030174B01,7,2,1
201200030202,2012-12-08,2012,décembre,samedi,13:15,50,50129,49.6382,-1.62517,2,1,2,1,1,4,2,02,1,1,000,100,1,0,1,4,1,53,5,1,2,00,2,1,2,201200030202B01,7,4,1
201200030209,2012-12-19,2012,décembre,mercredi,75:5,50,50129,49.6224,-1.62723,2,3,3,5,2,4,2,02,4,1,000,000,2,5,1,4,1,49,1,1,4,00,2,1,1,201200030209B01,7,15,1
201200030212,2012-12-20,2012,décembre,jeudi,82:0,50,50602,49.6486,-1.59205,2,1,2,5,2,2,1,01,1,2,000,060,2,0,1,4,2,21,1,1,2,00,2,4,1,201200030212B01,7,9,1
201200030263,2012-08-09,2012,août,jeudi,19:10,50,50218,48.8344,-1.5567,2,3,3,1,1,4,2,02,1,1,000,060,1,0,1,3,1,7,5,1,9,00,2,8,1,201200030263B01,7,1,1
201200030268,2012-08-19,2012,août,dimanche,12:35,50,50532,48.8095,-1.53695,1,6,3,1,1,3,2,02,1,-1,000,090,2,5,1,4,1,59,5,1,2,00,2,5,1,201200030268B01,7,9,1
201200030270,2012-08-25,2012,août,samedi,16:20,50,50218,48.8376,-1.55647,2,1,3,1,1,3,2,02,1,1,000,000,1,0,5,4,1,25,5,1,9,00,2,1,1,201200030270B01,7,15,1
201200030302,2012-07-13,2012,juillet,vendredi,18:30,50,50502,49.1118,-1.06988,2,6,3,1,2,4,2,02,1,1,000,000,2,5,1,4,2,30,0,1,2,00,0,7,2,201200030302B01,7,2,1
201200030309,2012-10-22,2012,octobre,lundi,15:50,50,50502,49.1189,-1.08034,1,1,6,1,1,4,2,02,2,2,000,054,1,0,1,3,1,65,5,1,9,00,2,1,1,201200030309B01,7,1,1
201200030318,2012-01-10,2012,janvier,mardi,11:20,51,51506,0,0,2,6,3,1,1,4,1,02,1,2,190,080,2,5,1,4,2,35,4,1,4,00,2,1,1,201200030318B01,7,9,1
201200030325,2012-07-03,2012,juillet,mardi,17:15,51,51525,0,0,2,1,3,1,1,3,2,02,1,1,000,062,1,0,1,4,1,7,5,1,4,00,2,7,19,201200030325A01,10,1,1
201200030328,2012-09-11,2012,septembre,mardi,14:05,51,51108,0,0,2,2,3,1,2,4,2,02,1,1,000,045,2,0,1,3,2,40,0,1,9,00,2,7,15,201200030328B01,7,1,1
201200030332,2012-11-29,2012,novembre,jeudi,19:44,51,51108,0,0,2,3,3,5,1,4,1,01,1,1,000,060,1,0,0,3,1,24,4,1,4,00,0,7,1,201200030332B01,7,19,1
201200030340,2012-05-23,2012,mai,mercredi,18:30,51,51431,0,0,2,1,2,1,1,4,2,02,1,1,000,070,1,0,1,3,1,51,5,1,2,00,2,1,1,201200030340B01,7,4,1
201200030341,2012-06-09,2012,juin,samedi,15:50,51,51344,0,0,1,1,2,1,1,3,2,02,1,1,000,070,1,0,1,4,2,23,0,1,9,00,0,6,0,201200030341B01,2,17,1
201200030348,2012-01-13,2012,janvier,vendredi,82:0,51,51454,0,0,2,1,6,1,1,4,-1,01,1,1,000,000,1,0,4,4,1,56,1,1,9,14,0,1,21,201200030348A01,,,
201200030375,2012-03-30,2012,mars,vendredi,16:40,51,51454,0,0,2,1,6,1,1,4,1,01,1,1,000,071,1,0,1,1,1,46,5,1,4,00,1,1,5,201200030375A01,,,
201200030417,2012-09-29,2012,septembre,samedi,14:30,51,51454,0,0,2,2,3,1,1,4,2,02,1,1,000,072,1,0,1,3,1,66,4,1,9,00,2,3,1,201200030417A01,37,1,1
201200030445,2012-06-24,2012,juin,dimanche,17:50,52,52121,48.11015,5.14242,2,2,6,1,1,4,1,03,2,1,000,080,1,0,0,3,1,14,5,1,9,00,2,1,19,201200030445A01,7,1,1
201200030467,2012-08-28,2012,août,mardi,16:30,52,52448,48.64285,4.954,2,9,7,1,1,4,-1,00,1,1,000,000,1,0,1,3,2,87,5,1,9,00,2,0,0,201200030467A01,30,5,1
201200030468,2012-09-05,2012,septembre,mercredi,10:00,52,52448,48.63585,4.96505,2,1,3,1,1,3,2,02,2,1,000,000,-1,2,1,1,1,10,5,1,9,00,,8,13,201200030468B01,2,17,1
201200030490,2012-10-02,2012,octobre,mardi,15:30,53,53130,48.07722,-0.79583,2,9,1,1,1,4,1,03,1,3,000,000,1,0,1,3,1,68,5,1,2,00,2,1,9,201200030490B01,7,1,1
201200030509,2012-09-07,2012,septembre,vendredi,13:00,54,54159,48.62575,6.3473,2,1,3,1,1,4,2,02,1,1,000,000,1,0,1,4,1,64,5,1,2,00,2,1,21,201200030509B01,7,4,1
201200030544,2012-01-05,2012,janvier,jeudi,75:0,54,54547,48.66705,6.19031,2,5,3,5,3,4,1,03,3,1,000,000,2,0,1,4,1,12,2,1,2,00,2,7,1,201200030544B01,7,1,1
201200030552,2012-01-10,2012,janvier,mardi,16:50,54,54339,48.72337,6.1808,2,1,6,1,1,4,2,02,1,1,000,060,1,0,1,4,2,68,5,1,2,00,2,1,1,201200030552B01,7,10,1
201200030577,2012-01-26,2012,janvier,jeudi,12:00,54,54439,0,0,2,3,1,1,1,4,2,00,1,1,000,000,1,0,1,4,1,78,0,1,9,00,2,8,19,201200030577B01,7,1,1
201200030602,2012-03-02,2012,mars,vendredi,16:18,54,54395,0,0,2,1,6,1,1,9,-1,01,1,1,000,000,1,6,0,4,2,5,5,1,9,00,1,0,0,201200030602Z01,,,
201200030619,2012-03-27,2012,mars,mardi,16:30,54,54357,0,0,2,1,2,1,1,4,2,03,1,1,000,000,1,0,1,4,1,77,5,1,2,00,2,1,1,201200030619A01,7,23,1
201200030625,2012-03-28,2012,mars,mercredi,11:00,54,54395,48.68495,6.17457,2,2,1,1,1,4,1,02,1,1,000,000,1,0,1,4,1,44,5,1,2,00,2,4,23,201200030625B01,7,1,1
201200030630,2012-04-04,2012,avril,mercredi,17:50,54,54395,48.68906,6.17534,2,1,6,1,1,4,1,02,1,1,000,000,1,0,1,3,1,24,1,1,9,00,1,1,1,201200030630A01,,,
201200030657,2012-05-14,2012,mai,lundi,18:10,54,54395,48.68761,6.16386,2,1,2,1,1,4,1,02,1,1,000,000,1,0,1,4,1,36,1,1,2,00,2,1,1,201200030657B01,7,22,1
201200030675,2012-06-03,2012,juin,dimanche,20:02,54,54395,48.67343,6.17406,2,2,6,1,1,4,2,03,1,1,000,000,1,0,1,4,1,35,9,1,9,00,2,1,1,201200030675A01,7,1,1
201200030677,2012-06-01,2012,juin,vendredi,74:5,54,54395,48.68556,6.16774,2,1,6,1,1,4,1,01,1,1,000,000,1,0,1,4,1,28,9,1,9,00,2,0,0,201200030677B01,7,0,1
201200030705,2012-07-01,2012,juillet,dimanche,14:30,54,54300,48.66597,6.21524,2,3,3,1,1,4,1,01,2,1,000,000,1,0,1,3,1,37,9,1,9,00,2,1,1,201200030705B01,7,15,1
201200030710,2012-07-04,2012,juillet,mercredi,19:30,54,54526,48.68514,6.21958,2,1,3,1,1,4,2,00,1,3,000,000,1,0,1,4,2,26,3,1,2,00,2,4,1,201200030710B01,7,1,1
201200030715,2012-07-07,2012,juillet,samedi,15:10,54,54274,48.66858,6.20911,2,1,6,1,1,4,2,02,2,1,000,000,1,0,1,4,1,9,3,1,2,00,2,8,19,201200030715A01,7,1,1
201200030718,2012-07-11,2012,juillet,mercredi,12:55,54,54395,48.68659,6.17337,2,1,6,1,1,4,2,02,1,1,000,054,1,0,1,4,1,35,1,1,9,00,2,6,1,201200030718B01,7,9,1
201200030726,2012-07-20,2012,juillet,vendredi,84:5,54,54395,48.68438,6.1804,2,1,3,1,9,4,2,02,1,1,000,000,1,0,4,4,1,18,0,1,9,00,2,1,0,201200030726A01,33,0,1
201200030735,2012-07-30,2012,juillet,lundi,18:20,54,54395,48.67341,6.17403,2,2,3,1,2,4,1,01,2,1,000,000,2,0,0,4,1,32,5,1,2,00,2,1,1,201200030735A01,31,1,1
201200030740,2012-08-01,2012,août,mercredi,17:00,54,54578,0,0,1,1,1,1,9,9,2,00,1,3,000,020,9,0,1,3,2,27,0,1,9,00,2,0,1,201200030740B01,31,1,1
201200030755,2012-08-16,2012,août,jeudi,20:45,54,54395,48.68313,6.17149,2,2,3,1,1,4,1,02,1,1,000,000,1,0,1,4,2,16,5,1,9,00,2,8,16,201200030755A01,7,1,1
201200030772,2012-09-04,2012,septembre,mardi,23:10,54,54395,0,0,2,2,3,5,1,4,2,04,1,1,000,000,1,0,1,4,2,18,0,1,2,00,2,1,1,201200030772A01,7,1,1
201200030773,2012-09-05,2012,septembre,mercredi,15:42,54,54197,48.61992,6.20382,2,6,2,1,1,4,1,02,1,2,000,000,1,0,1,4,1,31,5,1,2,00,2,4,0,201200030773B01,7,0,1
201200030778,2012-09-10,2012,septembre,lundi,15:50,54,54395,48.68857,6.17915,2,3,6,1,1,4,1,02,3,1,000,000,1,0,4,1,1,20,2,1,9,00,1,1,0,201200030778A01,,,
201200030780,2012-09-07,2012,septembre,vendredi,65:0,54,54395,0,0,2,1,3,1,1,4,2,01,1,1,000,000,1,0,1,4,1,46,1,1,2,00,2,1,0,201200030780A01,7,0,1
201200030782,2012-09-08,2012,septembre,samedi,19:55,54,54578,0,0,1,1,6,2,1,4,1,01,1,1,000,000,1,0,5,4,1,42,5,1,9,00,1,1,1,201200030782A01,,,
201200030789,2012-09-17,2012,septembre,lundi,18:15,54,54395,48.69151,6.16186,2,1,6,2,1,4,2,02,3,1,000,040,1,0,0,4,1,63,5,1,9,00,2,0,2,201200030789B01,7,2,1
201200030794,2012-09-19,2012,septembre,mercredi,18:30,54,54395,48.70352,6.17024,2,3,3,1,1,4,2,02,1,1,000,000,1,0,1,4,1,30,5,1,2,00,2,0,0,201200030794A01,37,0,1
201200030807,2012-09-15,2012,septembre,samedi,13:00,54,54395,48.69336,6.17841,2,1,6,1,1,4,-1,00,1,1,000,000,1,0,4,1,1,15,2,1,2,00,1,1,1,201200030807A01,,,
201200030808,2012-09-27,2012,septembre,jeudi,15:30,54,54395,48.69603,6.17487,2,1,3,1,2,6,1,01,1,1,000,000,2,0,1,4,2,17,0,1,9,00,2,1,15,201200030808A01,7,1,1
201200030818,2012-10-01,2012,octobre,lundi,80:5,54,54395,48.69062,6.17362,2,3,6,1,1,4,1,02,3,1,000,070,1,0,0,4,2,30,1,1,2,00,2,8,1,201200030818B01,10,16,1
201200030824,2012-10-05,2012,octobre,vendredi,18:40,54,54328,48.62577,6.15999,2,1,2,1,1,4,2,01,1,1,000,084,1,0,1,3,1,42,0,1,2,00,2,1,1,201200030824B01,7,0,1
201200030825,2012-10-06,2012,octobre,samedi,12:40,54,54526,48.67781,6.21592,2,1,6,1,1,4,2,02,1,1,000,050,1,0,1,4,1,10,5,1,2,00,2,1,1,201200030825A01,7,1,1