Num_Acc,date,an,mois,jour,hrmn,dep,com,lat,long,agg,int,col,lum,atm,catr,circ,nbv,prof,plan,lartpc,larrout,surf,infra,situ,grav,sexe,age,trajet,secuexist,equipement,obs,obsm,choc,manv,vehiculeid,typevehicules,manoeuvehicules,numVehicules
201200030834,2012-10-13,2012,octobre,samedi,21:00,54,54304,48.68396,6.15089,2,2,1,5,3,4,2,03,1,1,000,090,2,0,1,4,2,27,5,1,2,00,2,1,23,201200030834B01,7,15,1
201200030858,2012-11-08,2012,novembre,jeudi,18:50,54,54547,48.66763,6.16773,2,3,3,5,1,4,1,02,1,1,000,000,1,0,1,4,2,24,0,1,9,00,2,1,0,201200030858A01,7,15,1
201200030864,2012-11-21,2012,novembre,mercredi,20:27,54,54304,0,0,2,1,6,5,1,4,2,02,4,1,000,000,2,0,1,4,1,39,5,1,9,00,2,0,0,201200030864A01,7,0,1
201200030876,2012-12-01,2012,décembre,samedi,53:5,54,54395,48.69858,6.17376,2,1,6,5,1,4,1,03,1,1,000,000,1,0,1,4,1,27,5,1,9,12,0,1,1,201200030876A01,,,
201200030878,2012-12-03,2012,décembre,lundi,18:10,54,54395,48.67615,6.1771,2,2,3,5,2,4,1,01,1,1,000,000,2,0,1,3,1,22,1,1,2,00,2,2,1,201200030878A01,7,1,1
201200030880,2012-12-05,2012,décembre,mercredi,12:15,54,54547,48.66516,6.16495,2,2,6,1,1,4,1,01,1,1,000,000,1,0,0,4,1,19,5,1,2,00,2,1,1,201200030880A01,,,
201200030894,2012-12-14,2012,décembre,vendredi,19:00,54,54395,48.68973,6.17917,2,2,6,5,2,4,2,02,4,-1,000,000,2,0,1,4,1,18,0,1,9,00,2,0,0,201200030894A01,7,0,1
201200030904,2012-12-21,2012,décembre,vendredi,11:30,54,54547,48.66749,6.1901,2,2,3,1,1,4,2,02,1,1,000,000,1,0,1,4,1,14,2,1,2,00,2,1,19,201200030904A01,7,16,1
201200030910,2012-12-29,2012,décembre,samedi,15:25,54,54526,48.68157,6.21579,2,2,6,1,1,4,2,03,1,1,000,110,1,0,0,4,2,44,5,1,2,00,2,1,1,201200030910A01,7,1,1
201200030937,2012-10-23,2012,octobre,mardi,16:15,54,54528,48.68503,5.89798,2,3,3,1,1,4,2,02,1,1,000,057,1,0,1,4,1,81,9,1,9,00,2,1,23,201200030937B01,7,15,1
201200030959,2012-06-30,2012,juin,samedi,19:15,55,55029,0,0,2,9,1,1,1,4,2,02,1,1,000,070,1,0,1,3,1,22,5,1,2,00,2,1,5,201200030959A01,7,1,1
201200030971,2012-01-04,2012,janvier,mercredi,71:5,55,55545,49.16768,5.39247,2,3,3,5,2,3,2,02,1,1,000,070,2,0,1,3,1,14,2,1,9,00,2,8,19,201200030971B01,33,1,1
201200030974,2012-01-20,2012,janvier,vendredi,10:00,55,55545,0,0,2,6,6,1,1,9,1,02,1,-1,000,000,1,5,1,3,2,52,5,1,9,00,2,0,0,201200030974B01,7,0,1
201200030976,2012-02-21,2012,février,mardi,12:15,55,55545,49.16362,5.37837,2,1,3,1,1,3,2,02,1,1,000,060,1,0,4,4,1,25,1,1,9,00,2,8,1,201200030976B01,7,9,1
201200030979,2012-05-27,2012,mai,dimanche,10:40,55,55545,0,0,2,2,3,1,1,9,-1,02,-1,-1,000,000,1,0,1,3,1,41,5,1,2,00,2,1,19,201200030979B01,7,1,1
201200030980,2012-06-21,2012,juin,jeudi,17:20,55,55043,49.16064,5.39923,2,2,3,1,1,3,2,02,1,1,000,000,1,0,1,4,2,45,5,1,9,00,2,3,1,201200030980B01,7,19,1
201200030982,2012-08-22,2012,août,mercredi,17:00,55,55545,0,0,2,1,2,1,1,9,2,02,1,1,000,060,1,0,1,3,1,64,5,1,9,00,2,4,2,201200030982A01,7,0,1
201200031002,2012-01-19,2012,janvier,jeudi,17:47,56,56121,47.74976,-3.35777,2,1,7,1,2,9,-1,02,-1,-1,000,000,2,0,1,4,2,34,0,1,9,00,2,0,1,201200031002A01,,,
201200031006,2012-01-25,2012,janvier,mercredi,13:25,56,56121,47.73599,-3.36608,2,3,3,1,1,9,-1,02,-1,-1,000,000,1,0,1,4,2,24,0,1,9,00,2,0,1,201200031006B01,14,16,1
201200031010,2012-02-01,2012,février,mercredi,14:21,56,56121,47.73667,-3.39006,2,2,6,1,1,9,-1,02,-1,-1,000,000,1,0,1,4,1,67,0,1,9,00,2,0,0,201200031010B01,7,15,1
201200031011,2012-02-02,2012,février,jeudi,18:57,56,56162,47.70289,-3.45301,2,1,6,2,1,9,-1,02,-1,-1,000,000,-1,0,1,4,1,47,0,1,9,00,2,0,1,201200031011B01,7,19,1
201200031013,2012-02-03,2012,février,vendredi,17:15,56,56162,47.73237,-3.4314,2,2,7,1,1,4,2,02,1,1,000,000,1,0,1,4,1,11,2,1,9,00,2,7,19,201200031013B01,7,16,1
201200031018,2012-02-21,2012,février,mardi,80:0,56,56121,47.74509,-3.3755,2,1,7,1,1,9,-1,02,-1,-1,000,000,1,0,1,4,1,32,0,1,9,00,0,0,1,201200031018A01,,,
201200031024,2012-03-02,2012,mars,vendredi,84:7,56,56121,47.76039,-3.38354,2,2,3,1,1,4,2,02,1,1,000,000,1,0,1,4,1,16,0,1,9,00,2,0,1,201200031024B01,7,16,1
201200031041,2012-03-20,2012,mars,mardi,85:8,56,56121,47.75015,-3.36183,2,1,3,1,1,9,2,02,1,1,000,000,1,0,1,4,1,12,0,1,9,00,2,0,19,201200031041A01,37,7,1
201200031045,2012-03-30,2012,mars,vendredi,17:10,56,56098,47.76904,-3.34647,2,1,7,1,1,4,2,02,1,1,000,000,1,0,1,4,1,41,0,1,9,00,0,0,1,201200031045A01,,,
201200031046,2012-03-30,2012,mars,vendredi,19:30,56,56098,47.76425,-3.35065,2,2,7,1,1,4,2,02,1,1,000,000,1,0,1,4,2,17,0,1,9,00,0,0,13,201200031046A01,,,
201200031051,2012-04-04,2012,avril,mercredi,11:05,56,56121,47.74583,-3.38031,2,2,3,1,1,4,2,02,1,1,000,000,1,0,1,4,1,19,0,1,9,00,2,1,1,201200031051B01,7,9,1
201200031055,2012-04-10,2012,avril,mardi,15:35,56,56121,47.75761,-3.37163,2,1,7,1,1,4,4,04,2,1,000,000,1,0,1,4,1,55,0,1,9,12,2,1,1,201200031055A01,7,1,1
201200031068,2012-04-23,2012,avril,lundi,18:51,56,56121,47.74826,-3.36346,2,3,3,1,2,9,-1,02,-1,-1,000,000,2,0,1,4,1,43,0,1,9,00,2,0,0,201200031068B01,7,0,1
201200031083,2012-05-14,2012,mai,lundi,74:2,56,56098,47.75719,-3.34622,2,1,3,1,7,9,2,02,4,4,000,000,1,0,1,4,2,17,0,1,9,00,2,1,1,201200031083B01,7,15,1
201200031087,2012-05-16,2012,mai,mercredi,84:0,56,56098,47.75779,-3.34816,2,1,1,1,1,9,2,01,2,-1,000,000,1,0,1,4,1,39,1,1,9,00,2,1,1,201200031087A01,1,1,1
201200031087,2012-05-16,2012,mai,mercredi,84:0,56,56098,47.75779,-3.34816,2,1,1,1,1,9,2,01,2,-1,000,000,1,0,1,4,2,59,1,1,9,00,2,4,1,201200031087B01,1,1,1
201200031098,2012-05-29,2012,mai,mardi,17:10,56,56121,47.75701,-3.37093,2,1,7,1,1,4,2,02,1,1,000,000,1,0,1,4,2,8,0,1,9,00,0,0,0,201200031098A01,,,
201200031117,2012-06-26,2012,juin,mardi,11:50,56,56121,47.73737,-3.39359,2,6,6,1,1,9,-1,00,-1,-1,000,000,1,0,1,4,1,76,0,1,9,00,2,0,9,201200031117B01,7,9,1
201200031118,2012-06-27,2012,juin,mercredi,24:0,56,56121,47.75676,-3.36455,2,1,7,5,1,9,3,02,-1,-1,000,000,-1,0,1,4,1,78,0,1,9,00,0,0,1,201200031118A01,,,
201200031147,2012-08-10,2012,août,vendredi,19:58,56,56107,0,0,2,1,7,1,1,9,-1,02,-1,-1,000,000,-1,0,1,4,1,17,0,1,9,01,0,0,0,201200031147A01,,,
201200031149,2012-08-11,2012,août,samedi,10:26,56,56121,47.75976,-3.36631,2,1,7,1,1,9,-1,02,-1,-1,000,000,1,0,1,4,1,55,0,1,9,00,0,0,0,201200031149A01,,,
201200031152,2012-08-18,2012,août,samedi,12:00,56,56121,47.76169,-3.39564,2,1,3,1,1,9,-1,02,-1,-1,000,000,-1,0,1,4,1,42,0,1,9,00,2,1,0,201200031152B01,7,0,1
201200031156,2012-08-23,2012,août,jeudi,17:53,56,56098,47.76454,-3.36106,2,2,3,1,1,9,1,01,1,1,000,000,1,0,1,4,1,17,0,1,9,00,2,0,1,201200031156A01,7,1,1
201200031160,2012-08-27,2012,août,lundi,19:00,56,56162,47.7099,-3.43852,1,6,3,1,1,9,-1,02,-1,-1,000,000,1,0,1,4,1,50,0,1,9,00,2,7,0,201200031160B01,7,0,1
201200031161,2012-08-31,2012,août,vendredi,17:45,56,56121,47.73614,-3.36482,2,6,3,1,1,9,-1,02,-1,-1,000,000,-1,0,1,4,1,51,0,1,9,00,2,0,0,201200031161B01,7,0,1
201200031166,2012-09-05,2012,septembre,mercredi,13:15,56,56121,47.73733,-3.38234,2,6,3,1,1,9,3,02,4,-1,000,000,1,0,1,4,1,66,0,1,9,00,2,0,0,201200031166B01,7,0,1
201200031168,2012-09-06,2012,septembre,jeudi,93:0,56,56121,47.74517,-3.37326,2,2,3,1,1,9,2,02,1,-1,000,000,1,0,1,3,2,34,5,1,9,00,2,1,1,201200031168B01,14,14,1
201200031179,2012-09-12,2012,septembre,mercredi,18:35,56,56121,47.75561,-3.37746,2,1,7,1,1,9,-1,01,-1,-1,000,000,-1,0,1,4,1,18,2,1,9,00,0,0,0,201200031179A01,,,
201200031184,2012-09-15,2012,septembre,samedi,22:35,56,56121,47.74765,-3.36498,2,6,3,5,1,4,2,02,1,1,000,000,1,0,1,4,1,18,5,1,9,00,2,8,16,201200031184B01,7,1,1
201200031202,2012-10-11,2012,octobre,jeudi,17:14,56,56162,47.70986,-3.43866,1,6,3,1,1,9,-1,00,-1,-1,000,000,1,0,1,4,1,80,5,1,9,00,2,3,1,201200031202B01,7,9,1
201200031211,2012-10-17,2012,octobre,mercredi,70:4,56,56121,47.76364,-3.37935,2,6,3,5,8,9,-1,02,1,-1,000,000,1,0,1,4,2,29,1,1,9,00,2,0,0,201200031211B01,7,0,1
201200031228,2012-11-13,2012,novembre,mardi,75:0,56,56098,47.7634,-3.36156,2,1,7,5,1,4,2,02,1,1,000,000,1,0,1,4,1,19,1,1,9,00,2,1,1,201200031228A01,7,16,1
201200031244,2012-12-01,2012,décembre,samedi,15:33,56,56162,0,0,2,1,7,1,1,9,-1,02,-1,-1,000,000,-1,0,4,4,1,61,0,1,9,15,0,0,0,201200031244A01,,,
201200031246,2012-12-04,2012,décembre,mardi,81:7,56,56121,47.75001,-3.36635,2,6,3,5,3,9,1,01,2,2,000,000,2,0,1,3,1,66,0,1,9,00,2,0,0,201200031246B01,7,0,1
201200031252,2012-12-08,2012,décembre,samedi,13:54,56,56098,47.75712,-3.34605,2,1,7,1,1,9,-1,02,-1,-1,000,000,-1,0,1,4,1,59,0,1,4,00,0,0,0,201200031252A01,,,
201200031256,2012-12-17,2012,décembre,lundi,75:5,56,56121,0,0,2,1,2,5,2,4,2,02,2,-1,000,000,2,0,1,4,2,27,1,1,9,00,2,1,2,201200031256B01,7,1,1
201200031270,2012-01-02,2012,janvier,lundi,14:15,56,56260,47.6559,-2.79158,2,6,1,1,1,4,1,01,2,2,000,000,1,0,1,3,1,63,0,1,2,00,2,4,9,201200031270B01,7,16,1
201200031275,2012-01-20,2012,janvier,vendredi,74:5,56,56260,47.66751,-2.75693,2,3,3,5,1,4,2,02,2,1,000,000,1,0,1,4,1,41,1,1,9,00,2,1,1,201200031275B01,7,16,1
201200031291,2012-04-19,2012,avril,jeudi,10:24,56,56260,47.65562,-2.76654,2,1,6,1,2,4,2,02,1,1,000,000,2,0,1,4,1,3,5,1,2,00,2,0,0,201200031291B01,10,1,1
201200031302,2012-08-28,2012,août,mardi,19:28,56,56260,47.65218,-2.75713,2,1,6,1,1,4,2,02,1,1,000,000,1,0,5,4,1,48,5,1,2,00,2,1,1,201200031302B01,7,23,1
201200031308,2012-09-18,2012,septembre,mardi,75:0,56,56260,47.66324,-2.73645,2,3,3,1,1,4,2,02,2,1,000,000,1,0,1,4,1,83,5,1,2,00,2,1,15,201200031308A01,32,17,1
201200031311,2012-09-28,2012,septembre,vendredi,10:15,56,56260,47.66092,-2.75446,2,5,3,1,1,4,1,01,1,1,000,000,1,0,1,4,2,47,4,1,2,00,2,1,1,201200031311B01,7,15,1
201200031314,2012-10-31,2012,octobre,mercredi,13:40,56,56260,0,0,2,1,1,1,1,4,2,02,2,1,000,000,1,0,5,3,2,37,1,1,2,00,2,1,1,201200031314A01,1,1,1
201200031314,2012-10-31,2012,octobre,mercredi,13:40,56,56260,0,0,2,1,1,1,1,4,2,02,2,1,000,000,1,0,5,4,1,21,5,1,2,00,2,8,1,201200031314B01,1,1,1
201200031319,2012-11-13,2012,novembre,mardi,18:00,56,56260,0,0,2,1,3,5,1,4,2,02,1,1,000,000,1,5,1,4,2,22,0,1,2,00,2,7,19,201200031319B01,7,1,1
201200031322,2012-12-14,2012,décembre,vendredi,16:15,56,56260,0,0,2,1,3,1,3,4,2,02,1,1,000,068,3,0,1,4,1,32,0,1,2,00,2,1,19,201200031322B01,7,2,1
201200031324,2012-12-30,2012,décembre,dimanche,12:55,56,56260,47.65312,-2.74142,2,6,6,1,1,4,1,01,1,2,000,000,2,0,1,3,1,67,5,1,2,00,2,7,9,201200031324B01,7,9,1
201200031332,2012-03-28,2012,mars,mercredi,12:25,56,56260,47.6718,-2.75398,2,1,2,1,1,4,2,02,1,1,000,000,1,0,1,4,1,54,0,1,2,00,2,0,1,201200031332B01,7,1,1
201200031334,2012-04-03,2012,avril,mardi,75:5,56,56260,47.64623,-2.78024,2,3,3,2,1,4,3,03,1,1,000,000,1,0,1,4,1,18,0,1,9,00,2,7,19,201200031334B01,10,1,1
201200031339,2012-06-15,2012,juin,vendredi,18:10,56,56260,47.65292,-2.75748,2,1,3,1,2,4,2,02,1,1,000,000,2,0,2,3,1,18,0,1,2,00,2,1,17,201200031339A01,7,15,1
201200031341,2012-06-19,2012,juin,mardi,17:30,56,56260,47.64664,-2.78059,2,1,6,1,1,4,2,01,2,4,000,000,1,0,5,1,1,19,0,1,2,00,2,8,5,201200031341A01,1,1,1
201200031341,2012-06-19,2012,juin,mardi,17:30,56,56260,47.64664,-2.78059,2,1,6,1,1,4,2,01,2,4,000,000,1,0,5,4,2,53,0,1,2,00,2,8,1,201200031341B01,1,5,1
201200031351,2012-09-11,2012,septembre,mardi,73:0,56,56260,47.66217,-2.79458,2,6,3,5,2,4,1,02,1,2,000,000,2,0,1,4,1,36,5,1,2,00,2,1,1,201200031351B01,7,9,1
201200031353,2012-10-05,2012,octobre,vendredi,16:40,56,56260,0,0,2,1,6,1,1,4,1,01,1,1,000,000,1,0,1,4,1,13,0,1,9,00,2,1,19,201200031353A01,7,1,1
201200031357,2012-10-27,2012,octobre,samedi,11:50,56,56260,47.65845,-2.75319,2,1,2,1,1,4,2,02,1,1,000,000,1,0,1,4,2,58,0,1,2,00,2,1,2,201200031357A01,7,2,1
201200031385,2012-11-06,2012,novembre,mardi,15:15,57,57227,49.18446,6.87768,2,2,1,1,1,3,2,02,1,1,000,072,1,0,1,3,2,53,5,1,9,00,2,1,1,201200031385B01,7,15,1
201200031444,2012-04-04,2012,avril,mercredi,14:30,57,57463,49.12258,6.17817,2,4,6,1,1,4,1,01,2,1,000,000,1,0,1,1,1,17,5,1,2,00,1,8,1,201200031444A01,,,
201200031448,2012-04-30,2012,avril,lundi,14:00,57,57751,0,0,1,1,3,1,1,3,2,02,1,1,000,076,1,0,1,4,1,60,5,1,2,00,2,8,1,201200031448B01,7,18,1
201200031454,2012-05-17,2012,mai,jeudi,16:48,57,57487,0,0,1,1,2,1,1,3,3,02,1,1,000,070,1,0,1,2,1,48,5,1,2,00,2,4,11,201200031454B01,10,1,1
201200031461,2012-06-05,2012,juin,mardi,22:40,57,57463,49.12667,6.15939,2,3,2,5,1,4,4,02,1,1,000,237,1,0,1,4,1,18,1,1,4,00,2,1,15,201200031461B01,7,15,1
201200031472,2012-07-02,2012,juillet,lundi,72:0,57,57463,49.12107,6.1686,2,3,3,1,1,4,2,02,1,1,000,000,1,2,1,4,2,20,1,1,2,00,2,0,0,201200031472B01,7,1,1
201200031478,2012-07-23,2012,juillet,lundi,15:55,57,57463,49.14338,6.17176,2,3,3,1,1,4,2,02,1,1,000,071,9,5,1,4,1,71,9,1,9,00,2,1,19,201200031478B01,7,16,1
201200031481,2012-08-06,2012,août,lundi,94:5,57,57463,49.10839,6.16585,2,1,3,1,1,4,-1,01,1,1,000,000,1,0,4,4,1,12,5,1,2,01,0,1,1,201200031481A01,7,23,1
201200031482,2012-08-07,2012,août,mardi,16:45,57,57751,49.17515,6.16615,2,1,1,1,1,4,2,02,1,2,000,040,9,0,1,3,2,21,5,1,2,00,2,1,1,201200031482B01,7,13,1
201200031487,2012-08-17,2012,août,vendredi,16:19,57,57487,0,0,2,1,3,1,1,3,3,03,1,1,012,118,1,0,1,3,1,57,1,1,2,00,2,0,14,201200031487B01,7,1,1
201200031488,2012-08-21,2012,août,mardi,18:35,57,57487,49.18357,6.89579,1,6,3,1,1,3,2,02,1,-1,000,000,1,0,1,4,1,24,5,1,2,00,2,8,2,201200031488B01,7,2,1
201200031506,2012-10-16,2012,octobre,mardi,21:55,57,57463,49.09479,6.17655,2,2,1,5,1,4,2,02,1,1,000,000,1,0,1,3,1,24,5,1,2,00,2,1,1,201200031506B01,7,15,1
201200031524,2012-08-11,2012,août,samedi,12:00,57,57606,0,0,1,1,7,1,1,3,2,02,1,1,000,075,1,0,1,3,1,36,5,1,2,00,2,3,2,201200031524B01,7,2,1
201200031535,2012-10-09,2012,octobre,mardi,12:15,57,57630,0,0,2,1,6,1,2,4,2,02,1,2,000,000,1,0,1,3,2,20,4,1,2,00,2,0,0,201200031535B01,7,0,1
201200031555,2012-03-19,2012,mars,lundi,13:25,57,57306,0,0,2,2,3,1,1,3,2,02,1,1,000,070,1,0,1,4,1,67,0,1,9,00,2,3,1,201200031555B01,7,15,1
201200031556,2012-03-24,2012,mars,samedi,12:10,57,57672,0,0,2,1,2,1,1,3,3,02,1,1,000,089,1,0,1,3,1,43,5,1,4,00,2,4,1,201200031556B01,7,1,1
201200031560,2012-04-17,2012,avril,mardi,15:00,57,57672,49.35743,6.13679,2,6,3,1,1,4,2,02,3,1,000,076,1,0,1,3,1,56,4,1,2,00,2,7,1,201200031560B01,7,9,1
201200031565,2012-05-02,2012,mai,mercredi,73:0,57,57757,49.35398,6.17991,2,1,3,1,3,3,2,02,1,3,000,000,2,0,1,4,1,47,1,1,9,00,2,5,1,201200031565B01,7,9,1
201200031567,2012-05-10,2012,mai,jeudi,15:55,57,57757,0,0,2,1,3,1,1,3,2,02,1,1,000,092,1,0,1,4,2,62,5,1,9,01,2,1,2,201200031567B01,7,22,1
201200031573,2012-06-05,2012,juin,mardi,13:52,57,57757,49.36083,6.18589,2,2,3,1,1,4,2,02,2,1,000,052,1,0,1,3,1,11,2,1,9,00,2,1,15,201200031573A01,7,1,1
201200031603,2012-11-05,2012,novembre,lundi,18:06,57,57757,49.36546,6.20589,2,1,3,5,1,4,2,02,1,1,000,090,1,0,1,4,1,15,5,1,4,00,2,1,19,201200031603B01,7,16,1
201200031609,2012-11-27,2012,novembre,mardi,85:2,57,57757,49.3506,6.19774,2,2,3,1,1,4,2,02,1,1,000,074,1,0,1,4,2,49,1,1,9,00,2,2,1,201200031609B01,7,9,1
201200031623,2012-09-12,2012,septembre,mercredi,72:5,58,58194,0,0,2,1,7,1,1,4,-1,02,-1,-1,000,000,2,0,1,4,1,15,5,1,9,00,0,0,9,201200031623A01,,,
201200031630,2012-01-20,2012,janvier,vendredi,16:05,58,58194,0,0,2,2,3,1,2,4,2,02,1,1,000,080,2,0,1,3,1,24,5,1,9,00,0,0,1,201200031630B01,7,1,1
201200031631,2012-01-20,2012,janvier,vendredi,75:0,58,58194,0,0,2,2,3,5,2,4,2,02,1,1,000,080,2,5,0,3,1,53,1,1,9,00,2,0,1,201200031631B01,7,15,1
201200031663,2012-07-24,2012,juillet,mardi,19:30,58,58194,0,0,2,1,6,1,1,4,2,02,1,1,000,000,1,0,1,4,1,47,5,1,9,00,0,1,0,201200031663A01,,,
201200031669,2012-06-03,2012,juin,dimanche,15:0,58,58194,0,0,2,1,6,5,1,4,-1,01,1,-1,000,000,-1,0,0,3,1,25,0,1,9,00,0,0,0,201200031669A01,,,
201200031672,2012-08-10,2012,août,vendredi,15:55,58,58194,0,0,2,1,3,1,1,4,-1,02,-1,2,080,045,1,0,1,4,2,32,5,1,9,00,2,1,0,201200031672B01,7,9,1
201200031674,2012-09-24,2012,septembre,lundi,94:0,58,58194,0,0,2,6,3,1,1,4,1,01,1,2,000,000,1,5,1,3,1,73,0,1,9,00,2,0,15,201200031674B01,7,1,1
201200031696,2012-02-09,2012,février,jeudi,64:7,59,59017,0,0,2,1,2,5,9,2,-1,01,1,1,000,080,7,0,0,3,1,54,1,1,9,00,2,4,2,201200031696B01,10,2,1
201200031698,2012-02-20,2012,février,lundi,83:5,59,59431,0,0,2,1,6,1,7,3,2,02,1,1,000,060,1,0,5,3,2,60,1,1,9,00,2,8,1,201200031698B01,7,1,1
201200031708,2012-04-03,2012,avril,mardi,17:25,59,59017,0,0,2,1,3,1,1,4,2,02,-1,-1,000,000,-1,0,1,4,1,18,0,1,9,00,0,8,19,201200031708A01,7,1,1
201200031741,2012-10-07,2012,octobre,dimanche,13:15,59,59431,0,0,2,6,6,1,1,3,2,02,1,3,053,053,1,0,1,3,1,42,5,1,9,00,2,8,2,201200031741B01,7,2,1
201200031745,2012-10-17,2012,octobre,mercredi,74:0,59,59017,0,0,2,6,3,2,1,3,3,01,-1,3,000,035,2,2,1,4,1,16,2,1,9,00,2,8,1,201200031745A01,7,1,1
201200031753,2012-12-29,2012,décembre,samedi,13:45,59,59317,0,0,1,8,6,1,1,3,2,02,3,1,000,000,1,4,1,1,1,41,4,1,9,14,0,1,1,201200031753B01,39,0,1
201200031764,2012-04-24,2012,avril,mardi,17:10,59,59043,0,0,2,3,3,1,8,4,4,02,1,-1,000,063,1,0,1,3,1,49,5,1,2,00,2,2,9,201200031764B01,7,9,1
201200031774,2012-10-08,2012,octobre,lundi,13:50,59,59043,0,0,2,1,3,1,8,5,2,02,2,1,000,086,1,0,5,4,1,59,5,1,9,00,2,8,18,201200031774B01,7,14,1
201200031784,2012-08-09,2012,août,jeudi,14:30,59,59476,0,0,2,1,3,1,1,4,2,02,2,1,000,060,1,0,1,3,1,8,5,1,9,00,0,0,0,201200031784B01,7,1,1
201200031796,2012-07-03,2012,juillet,mardi,14:10,59,59616,50.45996,3.56714,2,9,5,1,1,3,2,01,1,-1,110,086,1,5,1,3,1,19,5,1,2,00,0,1,1,201200031796B01,7,5/21,2
201200031796,2012-07-03,2012,juillet,mardi,14:10,59,59616,50.45996,3.56714,2,9,5,1,1,3,2,01,1,-1,110,086,1,5,1,2,2,14,5,1,9,00,0,1,1,201200031796B01,7,5/21,2
201200031813,2012-07-03,2012,juillet,mardi,17:15,59,59179,0,0,1,3,1,1,1,3,2,02,1,1,000,069,1,0,1,3,1,14,5,1,9,00,2,1,15,201200031813A01,7,1,1
201200031814,2012-05-18,2012,mai,vendredi,17:30,59,59172,0,0,1,1,6,1,1,3,2,02,1,4,000,000,1,0,1,1,1,26,0,1,9,00,0,0,1,201200031814C01,7/ 30,17/1,2
201200031828,2012-01-27,2012,janvier,vendredi,13:35,59,59024,50.32019,3.22925,1,9,3,1,1,3,2,02,1,1,000,049,1,0,1,2,1,67,3,1,2,00,2,7,19,201200031828A01,7,2,1
201200031834,2012-04-12,2012,avril,jeudi,19:35,59,59008,0,0,2,1,3,1,2,3,2,02,1,1,000,077,2,0,1,4,1,18,5,1,2,00,2,6,2,201200031834B01,7,2,1
201200031836,2012-04-05,2012,avril,jeudi,17:10,59,59024,0,0,2,1,2,1,1,3,2,02,1,1,000,088,1,0,1,4,1,17,5,1,2,00,2,1,2,201200031836A01,7,23,1
201200031848,2012-05-15,2012,mai,mardi,14:50,59,59574,0,0,2,3,3,1,1,4,2,02,-1,3,000,060,-1,0,1,3,2,60,3,1,2,00,2,1,15,201200031848A01,7,1,1
201200031850,2012-09-07,2012,septembre,vendredi,18:00,59,59008,0,0,2,1,2,1,1,3,2,02,1,1,000,062,1,0,1,3,1,38,5,1,2,00,2,1,1,201200031850A01,7,15,1
201200031865,2012-02-02,2012,février,jeudi,18:50,59,59276,0,0,2,1,6,3,1,4,1,01,1,1,000,000,1,0,1,3,2,48,1,1,4,00,2,1,5,201200031865A01,7,15,1
201200031867,2012-11-26,2012,novembre,lundi,17:10,59,59008,0,0,2,1,3,5,1,3,2,03,2,1,000,116,1,0,1,4,2,11,2,1,4,00,2,0,11,201200031867B01,7,2,1
201200031872,2012-02-29,2012,février,mercredi,18:55,59,59239,0,0,1,1,1,5,1,4,2,02,1,2,000,060,1,0,1,3,1,66,5,1,4,00,2,1,13,201200031872A01,7,1,1
201200031873,2012-09-14,2012,septembre,vendredi,18:45,59,59574,0,0,2,3,3,1,1,3,2,02,1,1,000,070,1,5,1,3,1,30,5,1,2,00,2,1,15,201200031873A01,7,1,1
201200031887,2012-04-05,2012,avril,jeudi,16:20,59,59654,0,0,2,1,6,1,1,4,2,02,1,1,000,060,1,0,1,4,1,13,2,1,4,00,2,1,19,201200031887A01,7,1,1
201200031902,2012-08-19,2012,août,dimanche,25:,59,59178,0,0,2,3,3,5,1,4,2,02,1,1,000,056,1,2,1,3,1,25,5,1,4,00,2,1,1,201200031902A01,7,15,1
201200031903,2012-08-22,2012,août,mercredi,13:15,59,59654,0,0,2,1,6,1,1,4,2,02,1,1,000,000,1,0,1,3,1,10,5,1,9,00,2,0,19,201200031903B01,7,1,1
201200031925,2012-01-11,2012,janvier,mercredi,11:01,59,59271,0,0,2,9,3,1,1,4,2,02,1,1,000,069,1,0,1,3,1,75,5,1,4,00,2,1,1,201200031925B01,14,16,1
201200031929,2012-01-18,2012,janvier,mercredi,22:10,59,59155,0,0,2,9,3,5,1,3,2,02,1,1,000,071,1,0,5,4,1,67,5,1,4,00,2,1,1,201200031929B01,7,15,1
201200031938,2012-03-20,2012,mars,mardi,13:15,59,59183,0,0,2,9,3,1,1,4,2,02,1,3,000,000,1,5,1,4,1,37,1,1,2,00,2,7,1,201200031938A01,7,1,1
201200031953,2012-05-02,2012,mai,mercredi,15:00,59,59271,0,0,2,1,3,1,1,4,2,02,1,1,000,000,1,0,1,4,1,13,5,1,9,00,2,1,19,201200031953B01,7,1,1
201200031958,2012-06-04,2012,juin,lundi,70:0,59,59183,0,0,2,1,3,1,1,4,2,02,1,1,000,064,1,0,1,3,1,37,1,1,9,00,2,1,1,201200031958B01,7,15,1
201200031962,2012-06-19,2012,juin,mardi,12:30,59,59183,0,0,2,1,6,1,1,4,1,02,1,1,000,000,1,0,1,3,2,47,9,1,9,00,0,0,0,201200031962B01,10,0,1
201200031978,2012-08-01,2012,août,mercredi,94:0,59,59588,0,0,2,1,3,1,1,4,2,02,1,1,000,100,1,0,1,3,1,29,5,1,9,00,2,1,1,201200031978B01,7,4,1
201200031982,2012-09-04,2012,septembre,mardi,90:0,59,59540,51.02717,2.33162,2,1,6,1,1,3,2,02,1,1,000,068,1,0,1,2,1,70,5,1,2,00,2,1,1,201200031982C01,7,20,1