Num_Acc,date,an,mois,jour,hrmn,dep,com,lat,long,agg,int,col,lum,atm,catr,circ,nbv,prof,plan,lartpc,larrout,surf,infra,situ,grav,sexe,age,trajet,secuexist,equipement,obs,obsm,choc,manv,vehiculeid,typevehicules,manoeuvehicules,numVehicules
201200033382,2012-07-25,2012,juillet,mercredi,20:00,62,62041,0,0,2,1,3,1,7,4,2,02,1,1,000,000,1,0,1,3,1,10,5,1,9,00,2,8,13,201200033382B01,7,2,1
201200033400,2012-09-16,2012,septembre,dimanche,16:05,62,62041,50.27457,2.78555,2,1,6,1,1,4,2,02,1,1,000,062,1,0,1,4,2,44,5,1,9,01,0,1,17,201200033400B01,7,22,1
201200033415,2012-11-15,2012,novembre,jeudi,17:20,62,62041,50.28177,2.78803,2,3,3,5,1,4,2,00,1,-1,000,000,1,0,1,3,1,28,0,1,9,00,2,0,2,201200033415B01,7,15,1
201200033430,2012-10-11,2012,octobre,jeudi,82:5,62,62041,0,0,2,1,1,1,1,4,1,01,2,1,030,030,1,0,1,4,1,15,2,1,9,00,2,4,5,201200033430B01,99,0,1
201200033437,2012-12-06,2012,décembre,jeudi,14:55,62,62516,0,0,2,1,6,1,8,4,2,02,1,2,000,000,2,0,1,3,2,45,5,1,4,00,0,0,2,201200033437B01,7,5,1
201200033439,2012-03-22,2012,mars,jeudi,14:50,62,62048,0,0,2,3,3,1,1,4,2,02,4,1,000,000,1,0,1,4,1,36,5,1,4,00,2,1,1,201200033439A01,7,15,1
201200033447,2012-10-09,2012,octobre,mardi,16:15,62,62516,50.55931,2.47947,2,1,2,1,1,4,2,02,1,1,000,095,1,0,1,4,1,15,2,1,9,00,2,1,2,201200033447B01,7,0,1
201200033458,2012-06-11,2012,juin,lundi,16:40,62,62570,0,0,2,1,6,1,1,4,2,02,1,1,030,050,1,0,1,4,1,13,5,1,9,00,2,8,19,201200033458B01,7,1,1
201200033463,2012-07-09,2012,juillet,lundi,14:35,62,62065,50.41452,2.8429,2,1,2,1,1,4,2,02,-1,2,000,065,1,0,1,4,1,18,1,1,9,00,2,4,2,201200033463A01,7,2,1
201200033476,2012-01-23,2012,janvier,lundi,91:0,62,62108,50.40757,1.57263,2,1,1,1,1,3,2,02,1,1,000,000,1,0,1,3,1,48,5,1,9,00,2,1,0,201200033476B01,7,5,1
201200033480,2012-05-07,2012,mai,lundi,19:20,62,62108,0,0,2,1,1,1,2,4,1,01,1,1,000,034,2,0,0,4,1,10,5,1,9,00,2,1,1,201200033480B01,30,5,1
201200033481,2012-05-28,2012,mai,lundi,10:20,62,62108,50.41099,1.57211,2,1,3,1,1,4,2,02,1,1,000,090,1,0,1,3,1,49,5,1,9,00,2,5,1,201200033481B01,7,1,1
201200033482,2012-08-15,2012,août,mercredi,10:40,62,62108,0,0,2,2,3,1,2,3,2,02,1,1,000,083,2,0,1,3,2,65,5,1,9,00,2,7,1,201200033482B01,7,0,1
201200033483,2012-09-09,2012,septembre,dimanche,11:30,62,62108,0,0,2,6,3,1,1,4,2,02,1,-1,000,074,1,0,1,4,2,68,3,1,9,00,2,6,1,201200033483B01,7,1,1
201200033499,2012-06-19,2012,juin,mardi,17:30,62,62126,0,0,2,3,3,1,1,4,-1,02,1,1,000,080,1,0,1,3,1,14,2,1,9,00,2,8,15,201200033499A01,7,1,1
201200033518,2012-11-13,2012,novembre,mardi,16:40,62,62863,0,0,1,1,2,1,1,3,2,03,1,1,000,105,-1,0,1,3,1,48,5,1,4,00,2,4,1,201200033518B01,10,1,1
201200033552,2012-05-22,2012,mai,mardi,14:50,62,62178,0,0,1,1,1,1,1,9,-1,01,2,3,000,000,1,0,1,3,1,13,3,1,9,00,2,2,0,201200033552A01,7,1,1
201200033562,2012-01-02,2012,janvier,lundi,12:15,62,62193,0,0,2,1,1,1,7,4,2,02,1,1,000,065,1,0,1,3,1,69,5,1,9,00,2,1,1,201200033562B01,10,15,1
201200033567,2012-01-15,2012,janvier,dimanche,83:0,62,62193,50.95522,1.8622,2,1,6,1,1,4,2,02,1,1,000,069,1,0,1,4,1,51,5,1,2,00,2,1,1,201200033567B01,7,22,1
201200033570,2012-01-10,2012,janvier,mardi,80:0,62,62548,50.94642,1.95171,2,1,3,5,1,4,2,02,1,1,000,070,1,0,1,4,2,14,2,1,4,00,2,1,1,201200033570B01,7,9,1
201200033572,2012-02-02,2012,février,jeudi,20:30,62,62193,0,0,2,1,1,5,1,4,2,02,1,1,000,105,1,0,1,4,1,21,0,1,4,00,2,1,1,201200033572A01,7,1,1
201200033588,2012-04-27,2012,avril,vendredi,14:55,62,62193,0,0,2,2,3,1,1,4,1,01,1,1,000,050,1,0,1,4,1,35,0,1,4,00,2,7,5,201200033588A01,10,1,1
201200033592,2012-05-10,2012,mai,jeudi,18:50,62,62193,0,0,2,3,5,1,2,4,2,00,1,1,000,060,2,0,1,4,1,19,5,1,9,00,2,1,5,201200033592A01,7/ 30,23/1,2
201200033603,2012-05-23,2012,mai,mercredi,12:50,62,62244,0,0,2,1,6,1,1,4,2,02,1,-1,000,070,1,0,1,4,1,15,2,1,9,00,2,0,0,201200033603B01,37,0,1
201200033607,2012-06-25,2012,juin,lundi,60:0,62,62193,50.9497,1.8555,2,1,6,2,1,4,1,01,1,1,000,000,1,0,1,3,1,28,1,1,9,00,2,0,21,201200033607B01,7,17,1
201200033622,2012-09-18,2012,septembre,mardi,16:40,62,62193,0,0,2,9,3,1,1,4,1,01,2,3,000,048,1,2,1,4,1,14,2,1,9,00,0,1,1,201200033622B01,7,1,1
201200033624,2012-10-03,2012,octobre,mercredi,17:40,62,62548,0,0,2,6,3,1,2,3,1,02,1,2,000,080,2,5,1,3,2,17,5,1,9,00,0,3,0,201200033624B01,15,0,1
201200033633,2012-11-19,2012,novembre,lundi,95:5,62,62193,0,0,2,5,3,1,1,4,1,02,1,1,000,070,1,5,1,3,2,72,5,1,9,00,2,1,19,201200033633A01,7,1,1
201200033649,2012-04-17,2012,avril,mardi,95:0,62,62413,0,0,2,4,1,1,8,4,2,02,1,1,000,062,1,5,1,4,1,70,5,1,9,00,2,1,1,201200033649B01,7,15,1
201200033669,2012-11-07,2012,novembre,mercredi,16:40,62,62215,0,0,2,1,2,1,1,4,2,02,1,1,000,050,1,0,0,3,1,57,9,1,9,00,2,1,1,201200033669B01,30,11,1
201200033676,2012-04-06,2012,avril,vendredi,22:15,62,62427,0,0,1,1,1,3,1,4,2,02,1,1,000,000,1,0,1,3,1,25,5,1,4,00,2,1,1,201200033676B01,7,17,1
201200033681,2012-05-26,2012,mai,samedi,15:35,62,62624,0,0,2,1,6,1,1,3,3,02,1,1,000,000,-1,0,1,3,1,16,5,1,4,00,2,0,13,201200033681B01,7,1,2
201200033735,2012-08-22,2012,août,mercredi,14:50,62,62895,0,0,2,1,6,1,1,4,2,01,1,1,000,049,1,0,1,4,1,10,5,1,9,00,9,4,1,201200033735B01,36,2,1
201200033737,2012-08-29,2012,août,mercredi,90:0,62,62498,0,0,2,3,6,1,1,4,1,01,1,1,000,069,1,0,1,3,1,19,9,1,9,00,2,1,19,201200033737A01,7,15,1
201200033741,2012-09-03,2012,septembre,lundi,21:00,62,62895,0,0,2,3,3,2,1,4,2,02,1,-1,000,000,1,2,1,4,1,16,5,1,9,00,2,1,16,201200033741B01,7,19,1
201200033751,2012-11-10,2012,novembre,samedi,18:00,62,62218,0,0,2,1,6,2,3,4,2,02,1,1,000,000,2,0,1,3,2,54,1,1,9,00,9,6,1,201200033751B01,10,15,1
201200033765,2012-05-03,2012,mai,jeudi,15:30,62,62510,0,0,2,1,3,1,1,4,2,02,1,-1,000,105,1,0,1,3,1,14,5,1,9,00,2,1,9,201200033765A01,7,1,1
201200033771,2012-08-06,2012,août,lundi,18:00,62,62186,0,0,2,1,3,1,1,4,2,02,1,1,000,103,1,0,1,3,1,10,5,1,9,00,2,1,0,201200033771A01,7,1,1
201200033789,2012-03-21,2012,mars,mercredi,72:5,62,62489,0,0,2,1,3,1,1,4,2,02,1,3,000,065,1,0,1,4,1,24,1,1,4,00,2,1,0,201200033789B01,7,11,1
201200033795,2012-09-18,2012,septembre,mardi,17:30,62,62555,0,0,2,1,3,1,1,4,2,02,1,1,000,065,1,0,1,4,1,9,5,1,9,00,9,3,19,201200033795B01,2,1,1
201200033799,2012-01-13,2012,janvier,vendredi,73:0,62,62737,0,0,1,9,3,2,1,3,2,02,2,1,000,073,1,2,1,3,1,30,1,1,4,00,2,8,2,201200033799B01,10,2,1
201200033811,2012-03-19,2012,mars,lundi,13:00,62,62765,0,0,2,1,6,1,1,3,2,02,1,1,000,000,1,0,1,4,1,15,0,1,9,01,0,1,1,201200033811A01,7,24,1
201200033814,2012-08-30,2012,août,jeudi,17:50,62,62765,0,0,2,3,6,1,1,4,2,02,1,1,023,057,1,0,1,3,1,8,5,1,2,00,2,8,19,201200033814B01,7,1,1
201200033815,2012-10-04,2012,octobre,jeudi,14:00,62,62765,0,0,1,1,6,1,1,3,2,01,1,1,000,000,1,0,1,3,1,18,1,1,9,00,2,8,1,201200033815B01,10,2,1
201200033820,2012-01-16,2012,janvier,lundi,12:05,62,62826,0,0,2,6,1,1,7,4,2,02,1,1,000,081,1,0,1,4,1,47,1,1,9,00,0,7,19,201200033820B01,7,19,1
201200033823,2012-05-17,2012,mai,jeudi,11:25,62,62826,0,0,2,1,3,1,1,4,2,02,1,1,000,000,1,0,1,3,1,57,5,1,9,00,2,0,0,201200033823B01,7,16,1
201200033825,2012-05-29,2012,mai,mardi,91:0,62,62826,0,0,2,6,3,1,7,4,1,01,1,1,000,062,1,0,0,3,2,27,1,1,4,00,2,3,9,201200033825B01,7,9,1
201200033854,2012-01-21,2012,janvier,samedi,11:55,63,63014,45.75161,3.10895,2,6,5,1,1,3,2,02,1,1,000,070,1,5,1,3,1,30,4,1,2,11,2,1,1,201200033854B01,7,9/23,2
201200033855,2012-01-21,2012,janvier,samedi,14:00,63,63113,0,0,2,1,3,1,1,3,3,04,1,1,000,000,1,0,1,4,1,12,5,1,9,00,2,1,13,201200033855B01,7,1,1
201200033856,2012-01-21,2012,janvier,samedi,18:50,63,63113,0,0,2,1,3,5,1,4,1,00,2,1,000,000,1,0,1,4,1,20,0,1,9,00,2,1,1,201200033856B01,7,16,1
201200033877,2012-02-05,2012,février,dimanche,93:0,63,63113,0,0,2,1,6,1,1,4,2,00,1,1,000,000,1,0,1,4,1,36,0,1,9,00,1,1,1,201200033877A01,,,
201200033904,2012-02-27,2012,février,lundi,17:30,63,63075,45.76817,3.07311,2,1,3,1,1,3,2,02,1,1,000,000,1,0,1,3,1,74,5,1,2,01,0,1,1,201200033904B01,7,22,1
201200033920,2012-03-10,2012,mars,samedi,11:15,63,63113,45.78639,3.06571,2,1,6,1,1,3,2,02,4,1,000,000,1,0,1,1,1,49,0,1,2,00,1,1,1,201200033920A01,,,
201200033920,2012-03-10,2012,mars,samedi,11:15,63,63113,45.78639,3.06571,2,1,6,1,1,3,2,02,4,1,000,000,1,0,1,3,2,82,5,1,9,00,1,1,1,201200033920A01,,,
201200033922,2012-03-10,2012,mars,samedi,16:37,63,63113,45.78373,3.07814,2,1,6,1,1,4,2,01,1,1,000,000,1,0,1,4,1,13,5,1,4,00,2,0,0,201200033922A01,7,1,1
201200033925,2012-03-14,2012,mars,mercredi,18:50,63,63113,0,0,2,1,6,1,1,4,2,02,1,1,000,000,1,0,1,4,1,27,0,1,2,00,1,1,1,201200033925A01,,,
201200033944,2012-03-24,2012,mars,samedi,11:30,63,63113,45.78813,3.13942,2,1,6,1,1,3,1,01,1,1,000,000,1,0,1,4,1,51,9,1,2,00,2,8,1,201200033944B01,7,16,1
201200033957,2012-04-05,2012,avril,jeudi,13:10,63,63113,0,0,2,1,6,1,1,4,1,02,1,1,000,000,1,0,1,4,2,31,9,1,4,00,2,0,1,201200033957B01,7,9,1
201200033969,2012-04-19,2012,avril,jeudi,14:20,63,63113,45.80603,3.11899,2,2,3,1,1,4,2,02,1,1,000,070,1,5,1,4,1,72,0,1,2,00,2,1,1,201200033969B01,7,1,1
201200033984,2012-05-02,2012,mai,mercredi,93:0,63,63113,45.75999,3.12238,2,3,6,1,1,3,-1,02,-1,-1,000,000,-1,0,0,4,1,33,0,1,9,00,0,0,0,201200033984B01,7,0,1
201200033990,2012-05-09,2012,mai,mercredi,18:00,63,63113,45.77868,3.09919,2,3,3,1,1,4,2,04,1,1,000,120,1,5,1,4,1,24,0,1,2,00,2,1,1,201200033990A01,7,1,1
201200034080,2012-07-18,2012,juillet,mercredi,20:00,63,63113,0,0,2,1,6,1,1,3,1,03,4,1,000,000,1,0,1,4,1,43,9,1,9,00,2,4,1,201200034080B01,7,1,1
201200034095,2012-07-31,2012,juillet,mardi,17:15,63,63113,45.81099,3.12598,2,1,6,1,1,4,2,01,1,1,000,000,1,0,1,4,1,10,9,1,2,00,2,1,0,201200034095A01,7,1,1
201200034115,2012-08-19,2012,août,dimanche,10:30,63,63113,45.81028,3.09992,2,3,3,1,1,4,2,02,-1,1,000,070,1,5,1,4,1,17,0,1,2,00,2,1,1,201200034115A01,7,1,1
201200034164,2012-09-25,2012,septembre,mardi,17:15,63,63113,45.75876,3.10509,2,2,3,1,1,4,3,04,-1,-1,000,000,-1,0,1,4,2,30,0,1,9,00,2,9,19,201200034164A01,7,15,1
201200034191,2012-10-08,2012,octobre,lundi,13:37,63,63113,0,0,2,1,3,1,1,4,2,00,2,1,000,000,1,0,5,4,2,23,0,1,9,00,2,1,5,201200034191A01,7,15,1
201200034199,2012-10-12,2012,octobre,vendredi,13:00,63,63113,0,0,2,1,6,1,1,3,1,02,1,1,000,000,1,5,1,4,1,13,5,1,2,00,2,1,19,201200034199B01,7,1,1
201200034238,2012-11-09,2012,novembre,vendredi,94:5,63,63113,45.78748,3.10587,2,2,3,1,1,4,3,00,2,1,000,000,1,0,1,3,1,30,0,1,9,00,2,1,1,201200034238A01,14,16,1
201200034246,2012-11-13,2012,novembre,mardi,16:10,63,63113,0,0,2,1,3,1,1,4,2,02,1,1,000,000,1,0,1,4,1,39,0,1,9,00,2,1,1,201200034246B01,7,15,1
201200034286,2012-12-11,2012,décembre,mardi,19:50,63,63113,0,0,2,1,1,1,1,4,1,00,1,1,000,000,1,0,1,4,2,18,0,1,9,00,2,1,1,201200034286B01,7,19,1
201200034290,2012-12-13,2012,décembre,jeudi,12:20,63,63113,0,0,2,1,6,1,1,4,2,02,2,1,000,000,-1,0,1,4,1,22,9,1,2,00,0,0,0,201200034290A01,,,
201200034324,2012-05-11,2012,mai,vendredi,91:5,63,63193,0,0,1,1,2,1,1,3,2,02,1,1,000,075,1,0,1,3,1,78,5,1,2,00,0,4,1,201200034324B01,10,1,1
201200034328,2012-08-04,2012,août,samedi,12:05,63,63124,45.73009,3.20565,2,6,3,1,1,3,2,02,1,1,000,070,1,5,1,4,1,68,5,1,9,00,0,7,1,201200034328B01,7,9,1
201200034334,2012-10-17,2012,octobre,mercredi,15:25,63,63193,0,0,2,1,3,1,1,3,2,02,2,1,000,130,1,0,5,4,1,55,5,1,2,00,2,1,1,201200034334B01,10,16,1
201200034339,2012-03-01,2012,mars,jeudi,81:0,63,63063,45.83132,3.09716,2,1,2,2,1,3,2,02,1,1,000,058,1,0,1,3,1,67,5,1,2,00,0,4,2,201200034339B01,7,2,1
201200034340,2012-03-14,2012,mars,mercredi,18:20,63,63063,45.83388,3.10884,2,3,3,1,1,4,2,02,1,-1,000,048,1,0,1,3,1,12,5,1,9,00,2,1,16,201200034340A01,7,0,1
201200034374,2012-01-22,2012,janvier,dimanche,20:50,64,64102,0,0,2,1,2,5,2,4,3,06,2,1,000,000,1,0,5,3,2,34,5,1,4,00,2,4,2,201200034374B01,30,2,1
201200034384,2012-02-27,2012,février,lundi,18:55,64,64024,0,0,2,1,2,2,1,4,2,02,1,1,000,060,9,0,1,4,1,37,1,1,2,00,2,4,1,201200034384B01,33,1,1
201200034389,2012-03-03,2012,mars,samedi,16:10,64,64102,0,0,2,1,3,1,1,4,4,02,1,-1,000,060,1,0,1,4,1,34,5,1,2,00,2,0,0,201200034389B01,7,0,1
201200034401,2012-04-10,2012,avril,mardi,12:30,64,64024,0,0,2,1,7,1,1,4,2,02,4,1,000,070,1,0,4,3,1,25,1,1,2,12,0,1,21,201200034401A01,,,
201200034409,2012-05-11,2012,mai,vendredi,19:01,64,64102,0,0,2,6,3,1,7,4,2,02,1,1,000,070,1,0,1,4,1,42,5,1,2,00,2,0,1,201200034409B01,7,16,1
201200034410,2012-05-14,2012,mai,lundi,14:35,64,64140,0,0,2,1,7,1,1,4,2,02,1,1,000,070,1,4,1,3,1,75,5,1,2,14,0,1,1,201200034410A01,,,
201200034424,2012-06-25,2012,juin,lundi,10:45,64,64102,0,0,2,1,7,1,1,4,1,02,1,1,000,070,1,0,1,4,1,28,5,1,2,12,0,1,1,201200034424A01,,,
201200034433,2012-07-13,2012,juillet,vendredi,10:58,64,64024,0,0,2,6,3,1,1,4,2,02,-1,-1,000,070,1,0,0,4,2,64,5,1,9,00,2,2,1,201200034433B01,7,9,1
201200034444,2012-08-01,2012,août,mercredi,11:20,64,64024,0,0,2,3,7,1,1,4,2,02,1,1,000,070,1,0,1,4,1,63,3,1,2,00,2,0,18,201200034444A01,7,1,1
201200034464,2012-09-19,2012,septembre,mercredi,84:0,64,64102,0,0,2,2,3,1,8,4,2,02,1,1,000,070,1,0,0,4,1,43,5,1,2,00,2,1,1,201200034464B01,7,15,1
201200034493,2012-12-29,2012,décembre,samedi,12:55,64,64102,0,0,2,1,6,1,8,4,2,02,1,2,000,080,1,0,1,4,1,53,9,1,4,00,2,1,1,201200034493B01,7,15,1
201200034532,2012-06-25,2012,juin,lundi,10:00,64,64125,0,0,2,1,6,1,1,3,2,03,2,1,000,080,1,0,1,4,1,33,5,1,2,00,2,1,1,201200034532B01,7,9,1
201200034539,2012-07-25,2012,juillet,mercredi,11:10,64,64122,0,0,2,2,3,1,1,4,-1,02,-1,-1,000,000,-1,0,1,4,2,65,5,1,9,00,2,1,15,201200034539B01,7,15,1
201200034545,2012-09-02,2012,septembre,dimanche,10:45,64,64122,0,0,2,1,3,1,1,4,2,02,-1,3,000,000,1,0,1,4,1,62,5,1,2,00,2,1,1,201200034545B01,7,15,1
201200034574,2012-12-24,2012,décembre,lundi,15:50,64,64122,0,0,2,6,3,1,1,4,1,02,1,-1,000,000,-1,0,0,3,1,29,5,1,2,00,2,5,12,201200034574A01,7,1,1
201200034590,2012-01-18,2012,janvier,mercredi,15:45,64,64445,0,0,2,6,3,1,1,4,3,02,1,1,000,053,1,0,1,3,1,73,5,1,2,00,2,8,1,201200034590B01,7,17,1
201200034600,2012-01-30,2012,janvier,lundi,18:40,64,64445,0,0,2,6,1,5,1,4,1,02,1,1,000,000,1,0,1,3,1,76,3,1,4,00,2,0,1,201200034600B01,7,9,1
201200034601,2012-01-31,2012,janvier,mardi,75:0,64,64445,0,0,2,1,3,5,1,4,2,02,1,1,000,000,1,0,1,4,1,18,2,1,4,00,2,7,15,201200034601A01,7,1,1
201200034609,2012-02-17,2012,février,vendredi,17:25,64,64445,0,0,2,6,3,1,1,4,3,02,1,1,000,000,1,0,1,4,1,36,0,1,2,00,2,5,1,201200034609B01,7,9,1
201200034611,2012-02-22,2012,février,mercredi,13:45,64,64445,0,0,2,1,6,1,1,4,1,01,1,1,000,000,1,0,1,4,1,54,5,1,2,00,2,4,2,201200034611B01,15,2,1
201200034619,2012-02-29,2012,février,mercredi,12:20,64,64335,0,0,2,6,3,1,1,4,2,02,1,1,000,000,1,0,0,4,1,63,5,1,2,00,2,1,1,201200034619B01,7,9,1
201200034620,2012-03-03,2012,mars,samedi,12:20,64,64445,0,0,2,1,6,1,1,4,2,02,1,1,000,000,1,0,1,4,2,83,0,1,4,00,2,7,1,201200034620B01,7,20,1
201200034627,2012-03-10,2012,mars,samedi,15:30,64,64335,0,0,1,9,6,1,1,3,2,02,1,1,000,062,1,0,1,1,1,40,0,1,9,00,2,3,15,201200034627B01,33,17,1
201200034629,2012-03-13,2012,mars,mardi,16:30,64,64445,0,0,2,9,6,1,1,4,2,02,1,1,000,100,1,0,1,4,2,19,0,1,4,00,2,1,1,201200034629B01,7,15,1
201200034631,2012-03-14,2012,mars,mercredi,19:30,64,64445,0,0,2,3,3,5,1,4,2,02,1,1,000,000,1,0,1,4,2,24,4,1,2,00,2,7,1,201200034631B01,7,9,1
201200034634,2012-03-16,2012,mars,vendredi,17:00,64,64335,0,0,1,1,2,1,1,3,2,02,1,1,000,000,1,0,5,4,1,71,5,1,2,01,0,1,1,201200034634A01,7,23,1
201200034638,2012-03-21,2012,mars,mercredi,83:0,64,64445,0,0,2,6,6,1,1,4,2,02,1,1,000,140,1,0,1,4,1,59,9,1,9,00,2,7,1,201200034638B01,7,9,1
201200034652,2012-04-07,2012,avril,samedi,16:35,64,64445,0,0,2,9,3,1,1,4,1,02,1,1,000,000,1,0,1,4,1,54,9,1,4,00,2,8,19,201200034652A01,7,1,1
201200034672,2012-05-15,2012,mai,mardi,12:15,64,64373,0,0,1,1,6,1,1,3,2,02,1,1,000,000,1,0,1,4,1,81,5,1,2,00,2,1,1,201200034672A01,,,
201200034677,2012-05-22,2012,mai,mardi,10:15,64,64445,0,0,2,3,3,1,1,4,2,02,1,1,000,000,1,0,1,4,2,54,1,1,2,00,2,1,1,201200034677B01,7,15,1
201200034682,2012-05-30,2012,mai,mercredi,18:25,64,64445,0,0,2,6,2,1,1,4,2,02,1,1,035,090,1,0,1,4,2,24,9,1,9,00,2,4,1,201200034682B01,7,9,1
201200034688,2012-06-07,2012,juin,jeudi,18:00,64,64445,0,0,2,3,3,1,8,4,2,02,1,1,000,000,1,0,5,4,1,70,5,1,4,00,2,8,1,201200034688B01,7,16,1
201200034705,2012-06-21,2012,juin,jeudi,12:35,64,64445,0,0,2,3,3,1,1,4,2,02,1,1,000,000,1,0,1,3,1,13,2,1,2,00,2,1,5,201200034705A01,7,16,1
201200034717,2012-07-02,2012,juillet,lundi,17:30,64,64348,0,0,2,6,3,1,1,4,2,02,1,1,000,000,1,0,1,4,2,39,9,1,4,00,2,7,1,201200034717B01,10,9,1
201200034727,2012-07-17,2012,juillet,mardi,84:5,64,64445,0,0,2,6,3,1,1,4,2,02,1,1,000,150,1,0,0,4,2,48,0,1,4,00,2,1,1,201200034727B01,7,9,1
201200034728,2012-07-18,2012,juillet,mercredi,10:17,64,64129,0,0,2,1,3,1,7,4,2,02,1,1,000,000,1,0,1,4,1,66,5,1,4,00,2,1,17,201200034728B01,7,15,1
201200034729,2012-07-18,2012,juillet,mercredi,18:20,64,64445,0,0,2,6,3,1,1,4,1,03,1,3,000,000,1,0,1,3,2,52,9,1,2,00,2,2,1,201200034729B01,7,9,1
201200034733,2012-07-23,2012,juillet,lundi,19:40,64,64129,0,0,2,1,3,1,1,4,2,02,1,1,000,000,1,0,1,3,1,51,0,1,2,00,2,1,1,201200034733B01,7,9,1
201200034735,2012-07-25,2012,juillet,mercredi,90:6,64,64445,0,0,2,6,2,1,1,4,2,02,1,2,000,000,1,0,1,3,1,76,5,1,2,00,2,1,1,201200034735B01,15,1,1
201200034737,2012-08-02,2012,août,jeudi,93:0,64,64445,0,0,2,6,3,1,1,4,1,03,1,1,000,000,1,0,0,3,2,28,1,1,2,00,2,7,1,201200034737B01,7,16,1
201200034738,2012-08-02,2012,août,jeudi,10:00,64,64445,0,0,2,6,3,1,1,4,2,02,1,1,000,146,1,5,1,4,1,73,3,1,2,00,2,7,1,201200034738B01,7,16,1
201200034740,2012-08-07,2012,août,mardi,19:15,64,64445,0,0,2,3,3,1,1,4,2,03,1,1,000,158,1,0,1,2,1,70,5,1,2,00,2,3,15,201200034740B01,33,1,1
201200034743,2012-08-16,2012,août,jeudi,13:00,64,64284,0,0,2,1,1,1,1,4,3,02,1,1,000,000,1,0,1,4,1,48,0,1,9,00,2,1,5,201200034743A01,7,1,1
201200034750,2012-08-27,2012,août,lundi,65:0,64,64445,0,0,2,3,3,1,1,4,2,02,1,1,000,060,1,0,0,4,2,42,0,1,2,00,2,1,1,201200034750B01,7,9,1
201200034763,2012-09-14,2012,septembre,vendredi,17:08,64,64445,0,0,2,1,2,1,1,4,2,03,1,1,014,116,1,0,1,4,1,85,5,1,2,00,2,1,23,201200034763B01,7,4,1
201200034769,2012-09-19,2012,septembre,mercredi,11:30,64,64348,0,0,2,6,3,1,1,4,2,02,1,1,000,000,1,0,1,4,1,59,5,1,2,00,2,7,1,201200034769B01,7,1,1
201200034770,2012-09-19,2012,septembre,mercredi,11:47,64,64445,0,0,2,2,3,1,1,4,2,01,1,3,000,115,1,0,1,3,2,68,5,1,2,00,2,0,16,201200034770B01,13,16,1
201200034799,2012-10-13,2012,octobre,samedi,92:5,64,64445,0,0,2,1,3,1,1,4,2,02,1,1,000,000,1,0,1,4,2,30,5,1,9,00,2,7,1,201200034799B01,7,1,1
201200034811,2012-10-19,2012,octobre,vendredi,22:30,64,64445,0,0,2,6,3,5,2,4,1,03,1,1,000,000,2,0,1,4,2,19,2,1,2,00,2,8,1,201200034811B01,7,15,1
201200034816,2012-10-26,2012,octobre,vendredi,10:05,64,64445,0,0,2,3,3,1,2,4,2,04,1,1,016,084,2,0,1,1,1,63,5,1,2,00,2,4,13,201200034816B01,30,2,1
201200034818,2012-10-30,2012,octobre,mardi,18:20,64,64335,0,0,1,3,3,2,1,4,2,02,1,1,000,000,1,0,1,4,1,32,5,1,4,00,2,7,1,201200034818B01,7,15,1
201200034821,2012-11-03,2012,novembre,samedi,18:30,64,64445,0,0,2,6,3,5,1,4,1,02,1,2,000,000,1,0,1,4,1,40,5,1,4,00,2,7,1,201200034821B01,7,9,1
201200034823,2012-11-06,2012,novembre,mardi,15:50,64,64445,0,0,2,1,6,1,1,4,2,03,1,1,000,109,1,0,1,2,1,79,5,1,2,00,2,4,13,201200034823B01,33,17,1
201200034824,2012-11-06,2012,novembre,mardi,18:15,64,64445,0,0,2,6,3,5,1,4,1,02,1,2,000,000,1,0,0,4,1,19,5,1,2,00,2,7,1,201200034824B01,7,9,1
201200034833,2012-11-14,2012,novembre,mercredi,11:20,64,64348,0,0,2,6,2,1,1,4,2,02,1,1,000,000,1,0,1,4,2,29,0,1,9,00,2,4,16,201200034833B01,7,1,1
201200034833,2012-11-14,2012,novembre,mercredi,11:20,64,64348,0,0,2,6,2,1,1,4,2,02,1,1,000,000,1,0,1,4,2,2,0,1,9,00,2,4,16,201200034833B01,7,1,1
201200034835,2012-11-14,2012,novembre,mercredi,17:00,64,64335,0,0,2,6,3,1,1,4,1,02,1,1,000,000,1,0,1,4,1,27,9,1,9,00,2,7,1,201200034835B01,7,13,1
201200034842,2012-11-21,2012,novembre,mercredi,17:15,64,64284,0,0,2,1,2,1,1,4,2,02,1,1,013,033,1,0,1,4,1,81,5,1,2,00,2,4,1,201200034842B01,7,1,1
201200034845,2012-11-22,2012,novembre,jeudi,17:22,64,64445,0,0,2,6,3,1,1,4,2,02,1,1,000,000,1,0,1,4,2,12,5,1,9,00,2,4,1,201200034845B01,7,9,1
201200034851,2012-11-30,2012,novembre,vendredi,20:00,64,64445,0,0,2,2,3,5,1,4,2,02,1,1,000,000,1,0,1,4,1,21,5,1,4,00,2,1,15,201200034851B01,33,1,1
201200034859,2012-12-09,2012,décembre,dimanche,16:42,64,64445,0,0,2,1,2,1,1,4,2,02,1,1,000,077,1,0,1,4,2,44,0,1,9,00,2,4,1,201200034859B01,7,16,1
201200034860,2012-12-10,2012,décembre,lundi,80:4,64,64445,0,0,2,2,3,2,1,4,2,02,1,1,000,000,1,0,1,4,1,56,0,1,4,00,2,1,1,201200034860B01,7,15,1
201200034864,2012-12-13,2012,décembre,jeudi,75:0,64,64348,0,0,2,6,3,2,2,4,1,02,1,-1,000,000,2,0,1,4,1,49,4,1,9,00,2,1,1,201200034864B01,7,9,1