Num_Acc,date,an,mois,jour,hrmn,dep,com,lat,long,agg,int,col,lum,atm,catr,circ,nbv,prof,plan,lartpc,larrout,surf,infra,situ,grav,sexe,age,trajet,secuexist,equipement,obs,obsm,choc,manv,vehiculeid,typevehicules,manoeuvehicules,numVehicules
201200034903,2012-06-07,2012,juin,jeudi,13:30,64,64483,0,0,1,1,3,1,1,3,2,02,1,1,040,072,1,0,1,1,1,41,5,1,2,00,2,3,15,201200034903A01,1,1,1
201200034903,2012-06-07,2012,juin,jeudi,13:30,64,64483,0,0,1,1,3,1,1,3,2,02,1,1,040,072,1,0,1,4,1,43,5,1,2,00,2,2,1,201200034903B01,1,15,1
201200034906,2012-06-13,2012,juin,mercredi,19:05,64,64260,0,0,2,6,3,1,1,3,1,02,3,1,000,040,-1,0,1,4,1,51,5,1,2,00,2,2,1,201200034906B01,7,9,1
201200034925,2012-07-16,2012,juillet,lundi,84:0,64,64483,0,0,1,1,7,1,1,4,2,02,1,1,000,030,1,0,5,3,1,75,5,1,2,00,2,8,1,201200034925A01,,,
201200034942,2012-08-12,2012,août,dimanche,95:0,64,64545,0,0,2,1,3,1,1,3,2,03,2,1,000,000,1,0,1,4,1,56,5,1,9,00,2,1,1,201200034942B01,7,15,1
201200034944,2012-08-19,2012,août,dimanche,11:35,64,64483,0,0,2,3,3,1,1,4,2,02,1,1,000,000,1,0,1,4,1,51,0,1,9,00,2,1,0,201200034944B01,7,19,1
201200034960,2012-10-18,2012,octobre,jeudi,17:20,64,64260,0,0,2,1,2,1,1,3,-1,00,1,-1,000,000,1,0,0,4,1,17,0,1,9,00,2,1,2,201200034960A01,7,2,1
201200034973,2012-01-11,2012,janvier,mercredi,10:15,64,64483,0,0,2,6,3,1,1,3,3,01,1,2,000,080,1,0,1,4,1,66,5,1,4,00,2,1,1,201200034973B01,7,9,1
201200035023,2012-09-10,2012,septembre,lundi,10:20,65,65286,43.08939,-0.04838,2,2,3,1,1,4,-1,00,1,-1,000,060,1,0,0,4,1,71,5,1,2,00,2,1,1,201200035023A01,38,0,1
201200035033,2012-01-03,2012,janvier,mardi,16:55,65,65417,43.23135,0.09396,2,1,2,1,1,2,2,02,1,1,000,080,1,0,1,4,2,63,0,1,2,00,2,4,13,201200035033B01,7,1,1
201200035035,2012-01-04,2012,janvier,mercredi,16:35,65,65440,43.22241,0.04302,2,6,3,1,1,2,1,01,1,2,000,088,1,0,1,4,2,43,0,1,9,00,2,2,1,201200035035B01,7,2,1
201200035046,2012-03-14,2012,mars,mercredi,12:05,65,65440,43.21927,0.0701,2,1,3,1,1,2,1,02,1,1,043,059,1,0,1,3,1,70,5,1,2,00,2,8,15,201200035046B01,7,1,1
201200035059,2012-06-07,2012,juin,jeudi,13:00,65,65331,43.20072,0.0509,2,2,3,1,1,3,2,02,1,1,000,070,1,0,1,3,1,79,5,1,2,00,2,1,1,201200035059B01,7,15,1
201200035069,2012-07-02,2012,juillet,lundi,19:00,65,65440,0,0,2,3,3,1,1,4,2,02,1,1,000,080,1,0,1,4,2,26,5,1,9,00,2,1,1,201200035069B01,7,16,1
201200035074,2012-07-26,2012,juillet,jeudi,18:40,65,65433,43.2082,0.09513,2,3,3,1,1,3,2,02,1,1,000,080,1,0,1,4,1,57,9,1,9,00,2,1,1,201200035074B01,7,16,1
201200035075,2012-07-29,2012,juillet,dimanche,10:35,65,65440,43.23909,0.06041,2,6,3,1,1,3,1,02,1,3,000,090,1,0,1,4,1,58,5,1,9,00,2,6,1,201200035075B01,7,9,1
201200035077,2012-08-01,2012,août,mercredi,10:30,65,65417,43.23063,0.10098,2,2,3,1,1,3,2,02,1,1,000,040,1,0,1,4,1,12,5,1,9,00,2,1,19,201200035077A01,7,1,1
201200035079,2012-08-06,2012,août,lundi,11:25,65,65047,43.24204,0.09529,2,1,6,1,1,2,2,02,1,1,000,031,1,0,1,3,1,67,3,1,9,00,2,8,1,201200035079B01,13,1,1
201200035081,2012-08-08,2012,août,mercredi,71:5,65,65440,43.21928,0.07114,2,6,3,1,1,2,2,00,1,1,000,100,1,0,1,4,1,36,1,1,9,00,2,4,16,201200035081B01,7,9,1
201200035085,2012-08-27,2012,août,lundi,18:25,65,65440,43.23136,0.07802,2,2,6,1,1,4,1,01,1,1,000,044,1,0,1,4,1,39,5,1,9,00,2,8,1,201200035085B01,7,1,1
201200035095,2012-09-22,2012,septembre,samedi,10:50,65,65440,43.24731,0.07236,2,2,3,1,1,4,2,02,1,1,000,060,1,0,1,4,1,76,5,1,2,00,2,7,19,201200035095B01,7,19,1
201200035101,2012-10-03,2012,octobre,mercredi,16:30,65,65100,43.25679,0.05196,2,2,3,1,1,3,2,02,1,1,000,130,1,0,1,3,2,12,5,1,2,00,2,1,1,201200035101A01,7,15,1
201200035108,2012-10-17,2012,octobre,mercredi,17:45,65,65440,43.24389,0.06099,2,1,6,1,1,4,2,00,1,1,000,071,1,0,1,4,1,12,5,1,9,00,2,1,16,201200035108B01,7,1,1
201200035127,2012-11-18,2012,novembre,dimanche,11:00,65,65440,43.2211,0.06129,2,6,1,1,1,2,2,04,1,1,000,000,1,0,1,3,2,48,5,1,9,00,2,1,0,201200035127B01,7,0,1
201200035129,2012-11-19,2012,novembre,lundi,75:4,65,65440,43.23635,0.0654,2,1,3,5,1,4,2,02,1,1,000,100,1,0,1,4,1,32,0,1,2,00,2,1,1,201200035129B01,7,22,1
201200035133,2012-11-29,2012,novembre,jeudi,16:45,65,65417,43.22821,0.10318,2,1,3,1,1,3,2,00,1,1,000,000,1,0,1,3,1,82,5,1,9,00,2,1,15,201200035133A01,10,1,1
201200035137,2012-12-04,2012,décembre,mardi,18:20,65,65251,43.21482,0.08549,1,3,3,3,2,3,2,01,2,2,000,000,2,0,1,4,1,17,0,1,4,00,2,7,1,201200035137B01,7,15,1
201200035140,2012-12-09,2012,décembre,dimanche,12:00,65,65440,43.23194,0.07717,2,1,6,1,1,4,1,01,1,1,000,000,1,0,1,4,1,74,5,1,2,00,2,8,1,201200035140B01,7,9,1
201200035142,2012-12-12,2012,décembre,mercredi,75:5,65,65440,43.24914,0.0655,2,2,3,1,1,3,2,03,1,1,000,000,1,0,1,3,1,39,1,1,9,00,0,1,1,201200035142B01,10,15,1
201200035143,2012-12-18,2012,décembre,mardi,12:10,65,65440,43.22893,0.08841,2,6,3,1,1,2,1,02,1,1,000,000,1,0,1,4,1,60,5,1,9,00,2,2,2,201200035143B01,7,2,1
201200035173,2012-02-17,2012,février,vendredi,74:0,66,66136,42.68861,2.89454,2,1,3,1,1,4,1,01,1,3,000,070,1,0,1,4,1,59,3,1,4,00,2,7,1,201200035173B01,7,1,1
201200035192,2012-03-20,2012,mars,mardi,17:00,66,66136,42.71776,2.89101,2,2,1,1,1,4,2,01,1,1,000,050,1,0,1,4,1,41,5,1,2,00,2,1,1,201200035192B01,7,1,1
201200035219,2012-05-11,2012,mai,vendredi,14:30,66,66136,42.69934,2.88865,2,1,3,1,1,4,1,03,1,1,000,120,1,0,1,4,1,43,5,1,9,00,2,8,1,201200035219B01,7,16,1
201200035236,2012-06-15,2012,juin,vendredi,13:20,66,66136,42.70143,2.8939,2,1,6,1,1,4,2,01,1,1,000,080,1,0,1,4,2,76,5,1,2,00,2,1,19,201200035236B01,7,4,1
201200035242,2012-06-27,2012,juin,mercredi,93:0,66,66136,42.69032,2.9097,2,3,3,1,1,4,2,02,1,1,040,134,1,0,1,4,2,39,1,1,2,00,2,3,23,201200035242B01,7,16,1
201200035253,2012-07-19,2012,juillet,jeudi,81:5,66,66136,42.69487,2.91837,2,1,2,1,1,4,2,01,1,1,000,080,1,0,1,4,1,92,9,1,9,00,2,1,2,201200035253B01,7,4,1
201200035268,2012-08-19,2012,août,dimanche,16:20,66,66136,42.7335,2.8901,1,1,6,1,1,4,2,02,1,-1,000,080,1,0,1,4,2,47,5,1,9,00,2,1,1,201200035268B01,7,16,1
201200035282,2012-09-16,2012,septembre,dimanche,84:0,66,66136,42.696,2.90539,2,1,3,1,1,4,2,02,1,1,000,070,1,0,1,4,1,79,5,1,4,00,2,1,19,201200035282B01,7,15,1
201200035284,2012-09-18,2012,septembre,mardi,12:20,66,66136,42.69736,2.88778,2,1,3,1,1,4,2,04,1,1,000,120,1,0,1,4,2,16,0,1,4,00,2,1,19,201200035284A01,7,1,1
201200035295,2012-10-04,2012,octobre,jeudi,17:35,66,66136,42.7041,2.90783,2,1,3,1,1,4,2,02,1,1,000,060,1,0,1,3,1,19,5,1,4,00,2,1,9,201200035295A01,7,1,1
201200035308,2012-10-24,2012,octobre,mercredi,94:5,66,66136,42.68007,2.90351,2,2,3,1,1,4,2,02,1,1,000,070,1,0,1,4,1,23,5,1,2,00,2,1,1,201200035308A01,7,23,1
201200035316,2012-11-15,2012,novembre,jeudi,16:35,66,66136,42.74169,2.89611,1,1,3,1,1,4,2,02,1,1,000,078,1,0,1,4,1,55,5,1,2,00,2,1,1,201200035316A01,7,1,1
201200035320,2012-11-22,2012,novembre,jeudi,16:00,66,66136,42.70901,2.88702,2,2,3,1,1,4,2,01,1,1,000,070,1,0,1,4,1,14,2,1,2,00,2,1,9,201200035320A01,7,1,1
201200035347,2012-07-25,2012,juillet,mercredi,20:50,67,67180,0,0,1,3,3,1,1,4,2,02,1,1,000,055,1,0,1,3,1,9,5,1,2,00,2,7,19,201200035347B01,7,21,1
201200035353,2012-01-03,2012,janvier,mardi,18:15,67,67462,0,0,2,3,3,5,8,3,2,03,1,1,156,096,2,2,1,3,1,15,1,1,9,00,2,1,19,201200035353A01,7,1,1
201200035361,2012-12-05,2012,décembre,mercredi,11:50,67,67462,0,0,2,2,3,1,1,3,2,02,1,1,000,000,1,0,1,3,2,65,3,1,2,00,2,7,19,201200035361B01,7,15,1
201200035363,2012-01-03,2012,janvier,mardi,14:10,67,67482,0,0,2,2,6,1,1,4,1,01,1,1,000,500,1,0,1,3,2,54,1,1,4,00,2,1,1,201200035363B01,7,15,1
201200035366,2012-01-05,2012,janvier,jeudi,80:5,67,67447,0,0,2,3,6,2,2,4,1,01,1,1,000,060,2,0,1,4,2,20,1,1,9,00,2,1,5,201200035366A01,7,16,1
201200035372,2012-01-11,2012,janvier,mercredi,20:0,67,67482,0,0,2,3,6,5,1,4,3,06,1,1,000,196,1,0,1,4,2,20,5,1,2,00,2,0,1,201200035372B01,7,1,1
201200035374,2012-01-11,2012,janvier,mercredi,18:30,67,67482,0,0,2,1,3,5,1,4,2,02,1,1,000,080,1,0,0,4,2,48,1,1,9,00,2,7,1,201200035374B01,7,22,1
201200035381,2012-01-16,2012,janvier,lundi,83:0,67,67482,0,0,2,2,3,1,1,4,2,02,1,1,000,065,1,2,0,1,1,15,2,1,2,00,2,1,1,201200035381A01,1,1,1
201200035381,2012-01-16,2012,janvier,lundi,83:0,67,67482,0,0,2,2,3,1,1,4,2,02,1,1,000,065,1,2,0,3,2,45,1,1,4,00,9,7,1,201200035381B01,1,1,1
201200035386,2012-01-19,2012,janvier,jeudi,18:20,67,67482,0,0,2,2,3,5,2,4,2,03,1,1,000,120,2,2,1,3,1,44,1,1,4,00,2,8,19,201200035386B01,7,15,1
201200035393,2012-01-24,2012,janvier,mardi,83:5,67,67482,0,0,2,1,3,1,1,4,-1,01,1,1,000,040,1,0,4,4,1,41,1,1,2,00,2,1,1,201200035393A01,7,20,1
201200035394,2012-01-24,2012,janvier,mardi,18:30,67,67447,0,0,2,1,3,5,1,4,2,02,1,1,000,100,1,0,1,4,2,50,1,1,2,00,2,1,1,201200035394B01,7,23,1
201200035401,2012-02-01,2012,février,mercredi,16:15,67,67482,0,0,2,1,6,1,1,4,1,01,1,1,000,040,1,0,5,4,2,20,5,1,9,01,0,1,5,201200035401A01,7,24,1
201200035404,2012-02-07,2012,février,mardi,14:50,67,67482,0,0,2,1,3,1,1,4,2,02,1,1,000,095,1,0,1,4,2,53,1,1,9,00,2,8,9,201200035404A01,38,1,1
201200035407,2012-02-08,2012,février,mercredi,19:50,67,67482,0,0,2,1,3,5,1,4,3,06,1,1,050,065,1,0,1,3,1,17,5,1,4,00,2,1,19,201200035407A01,7,15,1
201200035409,2012-02-11,2012,février,samedi,16:50,67,67482,0,0,2,1,6,1,1,4,1,02,1,1,000,060,1,0,1,4,1,68,3,1,4,00,2,1,5,201200035409A01,7,1,1
201200035410,2012-02-12,2012,février,dimanche,11:20,67,67482,0,0,2,2,6,1,1,4,4,00,1,1,000,000,1,6,1,4,2,23,5,1,4,00,2,1,19,201200035410A01,7,1,1
201200035412,2012-02-14,2012,février,mardi,19:45,67,67218,0,0,2,2,3,5,2,4,2,02,1,1,000,100,2,0,1,4,1,47,1,1,9,00,2,1,1,201200035412B01,7,1,1
201200035415,2012-02-15,2012,février,mercredi,18:10,67,67482,0,0,2,2,3,5,1,4,2,02,1,1,000,060,1,0,5,4,1,27,1,1,4,00,2,1,1,201200035415B01,7,15,1
201200035419,2012-02-17,2012,février,vendredi,18:50,67,67482,0,0,2,1,3,5,1,4,2,03,1,1,000,070,1,0,1,4,2,20,0,1,4,00,2,1,1,201200035419A01,7,9,1
201200035420,2012-02-19,2012,février,dimanche,21:50,67,67482,0,0,2,3,3,5,1,4,1,02,1,1,000,070,1,0,5,4,1,20,0,1,9,00,2,7,1,201200035420B01,7,16,1
201200035423,2012-02-21,2012,février,mardi,16:50,67,67482,0,0,2,1,3,1,1,4,2,02,1,1,070,080,1,0,1,4,1,23,5,1,9,00,2,8,19,201200035423A01,7,1,1
201200035424,2012-02-22,2012,février,mercredi,12:05,67,67482,0,0,2,1,3,1,1,4,2,04,1,1,020,140,1,0,1,4,1,37,5,1,4,00,2,3,19,201200035424A01,10,1,1
201200035433,2012-03-05,2012,mars,lundi,23:20,67,67482,0,0,2,1,3,5,1,4,3,02,1,1,035,080,1,0,1,4,1,31,5,1,9,00,2,8,1,201200035433A01,7,2,1
201200035437,2012-03-07,2012,mars,mercredi,93:0,67,67482,0,0,2,2,1,1,1,4,4,03,1,1,000,090,1,0,1,3,2,40,4,1,4,00,2,1,19,201200035437B01,7,15,1
201200035438,2012-03-08,2012,mars,jeudi,16:10,67,67482,0,0,2,2,3,1,1,4,2,02,1,1,000,050,1,0,1,4,1,20,4,1,9,00,2,1,1,201200035438A01,7,1,1
201200035439,2012-03-08,2012,mars,jeudi,18:55,67,67267,0,0,2,3,3,2,1,4,2,02,1,1,000,011,1,0,1,4,2,65,5,1,9,00,2,1,1,201200035439B01,7,15,1
201200035444,2012-03-12,2012,mars,lundi,14:15,67,67043,0,0,2,3,6,1,1,4,2,02,1,1,000,080,1,0,1,4,2,78,5,1,4,00,2,2,1,201200035444B01,7,4,1
201200035446,2012-03-14,2012,mars,mercredi,17:40,67,67482,0,0,2,1,6,1,1,4,2,02,1,1,000,080,1,0,0,1,1,29,9,1,9,00,1,1,0,201200035446A01,,,
201200035448,2012-03-15,2012,mars,jeudi,74:5,67,67482,0,0,2,1,6,1,1,4,1,02,1,1,000,041,-1,0,1,1,2,22,0,1,9,00,1,1,1,201200035448A01,,,
201200035457,2012-03-19,2012,mars,lundi,22:15,67,67482,0,0,2,1,6,5,1,4,-1,01,1,1,000,000,1,0,1,4,1,31,5,1,9,00,2,0,1,201200035457A01,1,0,1
201200035457,2012-03-19,2012,mars,lundi,22:15,67,67482,0,0,2,1,6,5,1,4,-1,01,1,1,000,000,1,0,1,1,1,22,0,1,9,00,0,0,0,201200035457Z01,1,1,1
201200035458,2012-03-20,2012,mars,mardi,17:10,67,67482,0,0,2,1,6,1,1,4,2,02,1,1,000,060,1,0,1,4,2,69,0,1,4,00,2,1,1,201200035458B01,7,1,1
201200035465,2012-03-26,2012,mars,lundi,18:20,67,67482,0,0,2,1,3,1,1,4,2,02,1,1,000,051,1,0,1,4,1,6,2,1,4,00,2,3,19,201200035465B01,10,1,1
201200035468,2012-03-27,2012,mars,mardi,16:50,67,67043,0,0,2,1,3,1,1,4,2,02,1,3,000,060,1,0,1,3,1,67,5,1,9,00,2,8,15,201200035468B01,7,17,1
201200035471,2012-03-28,2012,mars,mercredi,20:25,67,67482,0,0,2,1,1,5,1,4,3,02,1,1,030,060,1,0,1,4,1,18,5,1,4,00,2,1,5,201200035471A01,7,9,1
201200035473,2012-03-30,2012,mars,vendredi,15:30,67,67482,0,0,2,2,3,1,1,4,2,02,1,1,000,060,1,0,1,4,2,57,0,1,9,00,2,3,1,201200035473B01,7,15,1
201200035474,2012-03-31,2012,mars,samedi,43:0,67,67482,0,0,2,3,3,5,1,4,-1,01,1,1,000,075,1,6,1,4,2,20,5,1,9,00,2,1,5,201200035474B01,7,1,1
201200035475,2012-04-02,2012,avril,lundi,14:55,67,67482,0,0,2,1,3,1,1,4,2,04,1,2,000,080,1,0,5,4,1,69,5,1,9,00,2,8,1,201200035475B01,7,16,1
201200035476,2012-04-04,2012,avril,mercredi,18:30,67,67218,0,0,2,1,3,1,1,4,2,02,1,1,000,060,1,0,5,3,1,61,5,1,4,01,0,1,1,201200035476B01,7,22,1
201200035478,2012-04-05,2012,avril,jeudi,15:30,67,67482,0,0,2,2,3,1,3,4,1,01,1,1,000,125,2,0,1,4,1,23,9,1,9,00,2,8,19,201200035478A01,7,1,1
201200035482,2012-04-08,2012,avril,dimanche,18:00,67,67218,0,0,2,3,3,1,1,3,2,02,1,1,000,070,1,0,1,3,2,19,1,1,4,00,2,1,19,201200035482B01,7,16,1
201200035486,2012-04-10,2012,avril,mardi,12:05,67,67218,0,0,2,2,3,1,1,3,1,01,3,3,000,110,1,2,1,3,1,47,1,1,4,00,2,1,1,201200035486B01,7,16,1
201200035488,2012-04-10,2012,avril,mardi,17:20,67,67482,0,0,2,3,6,1,2,4,2,02,1,1,000,050,2,0,1,4,2,15,0,1,4,00,2,1,15,201200035488A01,7,1,1
201200035495,2012-04-17,2012,avril,mardi,84:0,67,67482,0,0,2,3,3,1,1,4,2,02,1,1,000,060,1,0,1,4,1,23,1,1,4,00,2,1,19,201200035495A01,7,15,1
201200035498,2012-04-19,2012,avril,jeudi,17:00,67,67447,0,0,2,2,3,1,1,3,2,02,1,1,000,063,1,0,0,4,1,15,2,1,9,00,2,7,19,201200035498B01,10,1,1
201200035500,2012-04-20,2012,avril,vendredi,81:5,67,67447,0,0,2,2,3,1,2,4,2,02,-1,1,000,070,2,0,1,3,1,28,1,1,2,00,2,1,1,201200035500B01,7,23,1
201200035510,2012-04-27,2012,avril,vendredi,10:43,67,67043,0,0,2,1,6,1,1,4,1,01,1,1,000,045,1,0,1,4,1,76,9,1,9,00,1,0,0,201200035510A01,,,
201200035510,2012-04-27,2012,avril,vendredi,10:43,67,67043,0,0,2,1,6,1,1,4,1,01,1,1,000,045,1,0,1,4,1,86,5,1,9,00,1,0,0,201200035510A01,,,
201200035511,2012-04-27,2012,avril,vendredi,12:00,67,67482,0,0,2,2,3,1,1,4,2,03,1,1,000,100,1,0,1,4,2,45,0,1,4,00,2,1,1,201200035511B01,7,16,1
201200035514,2012-04-27,2012,avril,vendredi,15:53,67,67482,0,0,2,1,3,1,1,4,3,02,1,1,030,050,1,0,1,4,1,15,5,1,9,00,2,1,19,201200035514B01,7,5,1
201200035515,2012-04-28,2012,avril,samedi,85:2,67,67043,0,0,2,1,3,1,1,4,2,02,1,1,000,070,1,0,1,4,2,77,3,1,9,00,2,1,5,201200035515A01,33,1,1
201200035517,2012-04-30,2012,avril,lundi,90:5,67,67482,0,0,2,3,3,1,1,4,2,02,1,1,000,090,1,0,1,3,1,54,5,1,9,00,2,1,1,201200035517A01,7,16,1
201200035523,2012-05-04,2012,mai,vendredi,64:5,67,67482,0,0,2,2,3,1,1,4,2,02,1,1,000,050,1,0,1,3,1,20,0,1,4,00,2,8,2,201200035523B01,10,2,1
201200035528,2012-05-07,2012,mai,lundi,17:50,67,67482,0,0,2,1,3,1,1,4,2,03,3,1,000,100,1,0,1,4,1,66,5,1,9,00,2,1,19,201200035528A01,7,1,1
201200035530,2012-05-08,2012,mai,mardi,18:45,67,67482,0,0,2,3,3,1,2,4,2,02,1,1,000,080,2,0,1,4,1,75,0,1,9,00,2,8,15,201200035530A01,7,1,1
201200035533,2012-05-11,2012,mai,vendredi,22:00,67,67482,0,0,2,3,3,5,1,4,1,02,1,1,000,070,1,0,1,4,1,37,9,1,9,00,2,1,19,201200035533B01,7,1,1
201200035534,2012-05-13,2012,mai,dimanche,16:00,67,67482,0,0,2,1,3,1,7,4,2,03,1,1,000,100,1,0,1,4,2,22,0,1,9,01,0,1,1,201200035534B01,7,22,1
201200035536,2012-05-13,2012,mai,dimanche,16:45,67,67482,0,0,2,1,3,1,1,4,2,02,1,1,000,124,1,0,1,3,1,9,5,1,9,00,2,1,19,201200035536B01,7,4,1
201200035541,2012-05-15,2012,mai,mardi,11:15,67,67482,0,0,2,5,2,1,1,4,1,00,1,1,000,049,1,0,1,4,2,62,1,1,9,00,2,1,1,201200035541B01,7,1,1
201200035547,2012-05-19,2012,mai,samedi,10:,67,67482,0,0,2,2,3,5,2,4,1,01,1,1,000,050,2,0,1,4,1,32,5,1,9,00,2,1,15,201200035547A01,7,1,1
201200035550,2012-05-20,2012,mai,dimanche,11:20,67,67482,0,0,2,2,3,1,1,4,2,02,1,1,000,061,1,0,1,2,1,63,5,1,2,00,2,1,1,201200035550A01,38,1,1
201200035556,2012-05-22,2012,mai,mardi,17:22,67,67482,0,0,2,3,3,1,1,4,2,02,1,1,000,100,1,0,1,4,1,47,1,1,4,00,2,7,1,201200035556B01,7,1,1
201200035559,2012-05-24,2012,mai,jeudi,15:05,67,67482,0,0,2,3,3,1,1,4,2,02,1,1,000,134,1,0,1,4,1,61,5,1,9,00,2,1,1,201200035559B01,7,16,1
201200035562,2012-05-25,2012,mai,vendredi,20:15,67,67482,0,0,2,1,3,1,1,4,2,02,1,1,000,055,1,0,1,4,1,14,5,1,9,00,2,1,19,201200035562B01,7,1,1
201200035570,2012-06-01,2012,juin,vendredi,23:45,67,67482,0,0,2,1,6,5,1,4,4,02,1,1,000,080,1,0,5,4,1,49,5,1,9,00,1,1,1,201200035570A01,,,
201200035571,2012-06-02,2012,juin,samedi,13:26,67,67482,0,0,2,2,3,1,1,4,2,03,1,1,000,120,1,0,1,4,1,11,5,1,9,00,2,6,19,201200035571A01,7,1,1
201200035572,2012-06-02,2012,juin,samedi,17:50,67,67482,0,0,2,1,1,1,1,4,2,02,1,4,000,100,1,0,5,3,1,43,5,1,4,00,2,1,1,201200035572A01,1,1,1
201200035572,2012-06-02,2012,juin,samedi,17:50,67,67482,0,0,2,1,1,1,1,4,2,02,1,4,000,100,1,0,5,4,1,26,5,1,4,00,2,1,1,201200035572B01,1,1,1
201200035574,2012-06-03,2012,juin,dimanche,18:45,67,67482,0,0,2,2,1,1,2,4,3,03,1,1,000,045,2,0,4,4,1,28,5,1,9,00,2,1,1,201200035574A01,1,1,1
201200035574,2012-06-03,2012,juin,dimanche,18:45,67,67482,0,0,2,2,1,1,2,4,3,03,1,1,000,045,2,0,4,1,1,11,0,1,4,00,2,1,1,201200035574B01,1,1,1
201200035576,2012-06-05,2012,juin,mardi,15:35,67,67482,0,0,2,3,3,1,1,4,2,02,1,1,000,077,1,0,1,4,1,23,5,1,4,00,2,1,1,201200035576A01,7,16,1
201200035578,2012-06-07,2012,juin,jeudi,75:0,67,67482,0,0,2,1,1,1,1,4,2,02,1,1,000,000,1,0,5,3,1,52,1,1,9,00,2,1,1,201200035578B01,1,5,1
201200035578,2012-06-07,2012,juin,jeudi,75:0,67,67482,0,0,2,1,1,1,1,4,2,02,1,1,000,000,1,0,5,4,2,22,1,1,9,00,2,1,5,201200035578A01,1,1,1
201200035579,2012-06-07,2012,juin,jeudi,13:00,67,67482,0,0,2,1,3,1,1,4,2,02,1,1,000,061,1,0,1,4,2,10,0,1,9,00,2,1,19,201200035579B01,7,1,1
201200035580,2012-06-09,2012,juin,samedi,15:00,67,67482,0,0,2,2,3,1,1,4,2,02,1,1,000,100,1,0,1,4,1,27,5,1,9,00,2,8,19,201200035580A01,7,1,1
201200035581,2012-06-10,2012,juin,dimanche,12:55,67,67482,0,0,2,1,6,1,1,4,2,02,1,2,000,040,1,0,1,4,1,12,5,1,9,00,2,0,1,201200035581B01,10,13,1
201200035588,2012-06-12,2012,juin,mardi,23:10,67,67447,0,0,2,1,7,5,2,4,1,02,1,1,000,030,2,0,5,4,1,29,5,1,9,00,0,4,1,201200035588A01,,,
201200035590,2012-06-13,2012,juin,mercredi,71:0,67,67482,0,0,2,1,6,1,1,4,3,02,1,1,040,113,2,0,5,1,1,35,1,1,4,00,1,1,5,201200035590A01,,,
201200035590,2012-06-13,2012,juin,mercredi,71:0,67,67482,0,0,2,1,6,1,1,4,3,02,1,1,040,113,2,0,5,4,2,52,0,1,9,00,1,1,5,201200035590A01,,,
201200035592,2012-06-14,2012,juin,jeudi,14:35,67,67482,0,0,2,1,3,1,1,4,2,02,1,1,020,080,1,0,1,3,2,13,2,1,4,00,2,1,5,201200035592B01,7,15,1
201200035602,2012-06-23,2012,juin,samedi,14:40,67,67482,0,0,2,1,6,1,1,4,4,01,1,1,000,124,1,0,1,1,1,22,5,1,9,00,1,1,1,201200035602A01,,,
201200035607,2012-06-26,2012,juin,mardi,95:0,67,67482,0,0,2,1,3,1,2,4,2,02,1,1,000,028,1,0,5,4,1,57,5,1,9,00,2,7,2,201200035607A01,1,2,1
201200035607,2012-06-26,2012,juin,mardi,95:0,67,67482,0,0,2,1,3,1,2,4,2,02,1,1,000,028,1,0,5,4,2,40,5,1,9,00,2,8,2,201200035607B01,1,2,1
201200035610,2012-06-28,2012,juin,jeudi,17:00,67,67482,0,0,2,2,3,1,1,4,1,01,1,-1,000,050,1,0,1,4,1,13,2,1,9,00,2,1,1,201200035610A01,7,1,1
201200035615,2012-07-01,2012,juillet,dimanche,17:30,67,67482,0,0,2,3,3,1,1,4,2,02,1,1,000,070,1,0,1,4,1,7,5,1,9,00,2,1,1,201200035615B01,7,1,1
201200035616,2012-07-02,2012,juillet,lundi,14:10,67,67482,0,0,2,1,3,1,8,4,2,01,1,1,000,040,1,0,1,4,1,47,5,1,9,00,2,8,1,201200035616B01,7,9,1
201200035620,2012-07-05,2012,juillet,jeudi,13:0,67,67482,0,0,2,1,3,5,1,4,2,02,1,1,050,080,1,0,1,4,1,18,5,1,9,00,2,7,19,201200035620B01,7,1,1
201200035624,2012-07-09,2012,juillet,lundi,16:10,67,67482,0,0,2,1,3,1,1,4,2,02,1,1,000,100,1,0,5,4,2,23,5,1,9,00,2,1,1,201200035624B01,7,15,1
201200035627,2012-07-12,2012,juillet,jeudi,14:00,67,67482,0,0,2,1,6,1,1,4,2,01,2,1,000,035,1,2,1,1,1,27,0,1,9,00,1,1,2,201200035627A01,,,
201200035627,2012-07-12,2012,juillet,jeudi,14:00,67,67482,0,0,2,1,6,1,1,4,2,01,2,1,000,035,1,2,1,4,2,63,0,1,9,00,1,1,2,201200035627A01,,,
201200035631,2012-07-18,2012,juillet,mercredi,19:00,67,67482,0,0,1,4,6,1,1,4,4,01,1,1,000,038,-1,2,1,2,1,29,0,1,2,00,0,0,0,201200035631A01,,,
201200035632,2012-07-18,2012,juillet,mercredi,19:40,67,67482,0,0,2,1,3,1,1,4,1,01,1,1,000,011,1,0,1,4,2,26,1,1,4,01,2,1,1,201200035632B01,7,22,1
201200035636,2012-07-21,2012,juillet,samedi,10:00,67,67482,0,0,2,3,3,1,1,4,1,02,1,1,000,070,2,0,1,4,2,71,5,1,9,00,2,7,1,201200035636B01,7,16,1
201200035637,2012-07-21,2012,juillet,samedi,16:45,67,67482,0,0,2,1,3,1,1,4,2,02,1,1,000,150,1,0,1,4,1,11,5,1,9,00,2,8,19,201200035637B01,7,16,1
201200035638,2012-07-21,2012,juillet,samedi,23:00,67,67482,0,0,2,3,3,5,1,4,2,02,1,1,000,080,2,0,1,3,1,21,5,1,9,00,2,8,19,201200035638B01,7,15,1