Num_Acc,date,an,mois,jour,hrmn,dep,com,lat,long,agg,int,col,lum,atm,catr,circ,nbv,prof,plan,lartpc,larrout,surf,infra,situ,grav,sexe,age,trajet,secuexist,equipement,obs,obsm,choc,manv,vehiculeid,typevehicules,manoeuvehicules,numVehicules
201200035644,2012-07-27,2012,juillet,vendredi,10:36,67,67482,0,0,2,1,2,1,1,4,2,03,-1,1,000,260,1,0,1,4,1,30,0,1,2,00,2,1,1,201200035644A01,2,20,1
201200035645,2012-07-30,2012,juillet,lundi,14:00,67,67482,0,0,2,1,3,1,1,4,1,02,1,1,000,056,1,0,1,4,1,39,5,1,4,01,0,1,1,201200035645B01,7,24,1
201200035647,2012-07-31,2012,juillet,mardi,20:00,67,67482,0,0,2,2,2,2,1,4,2,03,1,-1,000,080,1,4,1,4,2,39,0,1,4,00,2,4,1,201200035647A01,33,1,1
201200035650,2012-08-02,2012,août,jeudi,10:10,67,67447,0,0,2,2,3,1,7,4,2,02,1,1,000,070,1,0,1,4,2,46,0,1,4,00,2,3,1,201200035650A01,7,16,1
201200035659,2012-08-09,2012,août,jeudi,15:45,67,67204,0,0,2,3,3,1,1,4,2,02,1,1,000,095,1,0,1,3,1,45,1,1,4,00,2,1,1,201200035659A01,10,1,1
201200035661,2012-08-12,2012,août,dimanche,23:01,67,67482,0,0,2,1,2,5,1,4,2,02,1,1,000,105,1,0,5,4,1,34,0,1,2,00,2,4,1,201200035661B01,2,17,1
201200035674,2012-08-22,2012,août,mercredi,14:25,67,67482,0,0,2,1,3,1,1,4,2,06,1,1,115,100,1,0,1,4,1,17,5,1,9,00,2,2,19,201200035674A01,7,1,1
201200035676,2012-08-24,2012,août,vendredi,18:15,67,67482,0,0,2,1,3,2,8,4,1,01,1,1,000,080,2,0,1,4,2,44,0,1,9,01,0,2,1,201200035676B01,7,24,1
201200035681,2012-08-27,2012,août,lundi,16:45,67,67482,0,0,2,3,6,1,1,4,1,01,1,1,000,040,1,0,1,1,1,22,5,1,9,00,1,1,15,201200035681A01,,,
201200035683,2012-08-30,2012,août,jeudi,16:35,67,67482,0,0,2,1,3,1,1,4,2,02,1,1,000,060,1,0,1,4,1,43,1,1,2,00,2,1,1,201200035683B01,7,24,1
201200035687,2012-08-31,2012,août,vendredi,19:30,67,67043,0,0,2,3,3,2,1,4,1,02,1,1,000,070,2,0,1,4,2,27,1,1,9,00,2,1,18,201200035687A01,7,1,1
201200035698,2012-09-05,2012,septembre,mercredi,13:40,67,67218,0,0,2,1,5,1,1,4,2,02,3,3,000,080,1,0,5,4,1,13,4,1,2,00,2,1,1,201200035698B01,37/ 30,0,2
201200035700,2012-09-05,2012,septembre,mercredi,17:15,67,67365,0,0,2,1,3,1,1,4,2,02,1,-1,000,085,1,0,1,4,1,11,5,1,9,00,2,0,19,201200035700B01,7,1,1
201200035701,2012-09-07,2012,septembre,vendredi,11:30,67,67447,0,0,2,3,3,1,1,4,2,02,1,1,000,080,1,5,1,4,2,38,1,1,9,00,2,6,16,201200035701B01,7,1,1
201200035709,2012-09-13,2012,septembre,jeudi,17:35,67,67482,0,0,2,1,6,1,1,4,-1,01,1,1,000,000,1,6,1,1,1,18,5,1,2,00,1,1,1,201200035709A01,,,
201200035711,2012-09-15,2012,septembre,samedi,13:59,67,67482,0,0,2,2,1,1,1,4,2,02,1,1,000,116,1,0,1,4,2,39,0,1,2,00,4,1,15,201200035711A01,40,1,1
201200035716,2012-09-17,2012,septembre,lundi,14:30,67,67482,0,0,2,1,1,1,1,4,1,01,1,3,000,090,1,0,5,4,1,28,2,1,9,00,2,1,15,201200035716A01,1,16,1
201200035716,2012-09-17,2012,septembre,lundi,14:30,67,67482,0,0,2,1,1,1,1,4,1,01,1,3,000,090,1,0,5,4,1,19,2,1,9,00,2,1,16,201200035716B01,1,15,1
201200035717,2012-09-17,2012,septembre,lundi,18:10,67,67482,0,0,2,1,3,2,1,4,2,03,1,1,000,090,1,0,1,4,1,49,9,1,4,00,2,1,1,201200035717B01,10,1,1
201200035721,2012-09-21,2012,septembre,vendredi,74:5,67,67482,0,0,2,2,3,1,1,4,2,04,1,1,000,150,1,5,1,4,2,24,1,1,9,00,2,0,1,201200035721B01,7,16,1
201200035722,2012-09-22,2012,septembre,samedi,10:30,67,67218,0,0,2,1,1,1,2,4,1,01,1,1,000,080,1,0,1,4,1,80,3,1,9,00,2,1,0,201200035722B01,7,16,1
201200035725,2012-09-25,2012,septembre,mardi,80:5,67,67482,0,0,2,2,3,1,1,4,2,04,1,1,000,080,1,2,1,4,2,26,1,1,4,00,2,5,1,201200035725A01,7,1,1
201200035728,2012-09-27,2012,septembre,jeudi,65:5,67,67482,0,0,2,1,2,2,1,4,2,03,1,1,030,060,1,0,1,4,2,50,0,1,2,00,2,3,1,201200035728B01,7,14,1
201200035729,2012-09-27,2012,septembre,jeudi,18:00,67,67447,0,0,2,2,3,1,3,4,2,03,1,1,000,111,2,0,1,4,2,53,1,1,9,00,2,1,19,201200035729B01,7,15,1
201200035731,2012-09-27,2012,septembre,jeudi,18:00,67,67482,0,0,2,3,3,1,2,4,2,02,1,1,013,087,2,0,1,2,2,65,0,1,2,00,2,0,19,201200035731A01,7,1,1
201200035735,2012-09-30,2012,septembre,dimanche,11:40,67,67482,0,0,2,2,2,1,1,4,2,03,1,1,000,151,1,0,1,4,1,53,9,1,9,00,2,1,1,201200035735A01,7,18,1
201200035736,2012-10-02,2012,octobre,mardi,17:20,67,67482,0,0,2,2,3,1,1,4,3,01,1,1,000,035,1,0,1,4,1,38,9,1,9,00,2,1,1,201200035736B01,7,15,1
201200035739,2012-10-02,2012,octobre,mardi,18:30,67,67218,0,0,2,6,3,1,1,4,2,02,1,1,000,000,1,5,1,4,1,38,1,1,9,00,2,1,19,201200035739B01,7,1,1
201200035740,2012-10-03,2012,octobre,mercredi,11:30,67,67482,0,0,2,2,3,1,1,4,2,02,1,1,000,040,1,0,1,4,2,20,2,1,9,00,2,7,19,201200035740B01,7,12,1
201200035741,2012-10-03,2012,octobre,mercredi,16:05,67,67482,0,0,2,2,3,1,1,4,3,02,1,1,081,097,1,0,1,4,1,34,5,1,9,00,2,1,1,201200035741A01,7,15,1
201200035744,2012-10-04,2012,octobre,jeudi,75:0,67,67482,0,0,2,1,3,2,2,4,2,04,1,3,000,110,2,0,1,4,1,14,9,1,9,00,2,1,19,201200035744B01,7,16,1
201200035747,2012-10-08,2012,octobre,lundi,18:16,67,67482,0,0,2,7,2,1,1,4,2,02,1,1,000,030,1,0,5,4,2,72,5,1,2,00,2,1,1,201200035747B01,1,15,1
201200035747,2012-10-08,2012,octobre,lundi,18:16,67,67482,0,0,2,7,2,1,1,4,2,02,1,1,000,030,1,0,5,1,2,18,2,1,2,00,2,4,15,201200035747A01,1,1,1
201200035748,2012-10-10,2012,octobre,mercredi,14:50,67,67482,0,0,2,1,3,1,1,4,3,02,1,1,110,073,1,0,0,4,1,8,0,1,9,00,4,7,19,201200035748A01,40,1,1
201200035751,2012-10-16,2012,octobre,mardi,73:5,67,67482,0,0,2,2,3,1,1,4,3,06,1,1,070,160,1,0,1,4,2,38,1,1,9,00,2,1,1,201200035751B01,7,19,1
201200035754,2012-10-18,2012,octobre,jeudi,93:0,67,67447,0,0,2,5,3,1,1,4,2,04,1,4,029,158,1,0,1,4,2,25,0,1,4,00,2,1,1,201200035754B01,7,17,1
201200035756,2012-10-18,2012,octobre,jeudi,19:15,67,67482,0,0,2,2,3,5,1,4,1,02,1,1,000,040,1,0,1,4,1,19,5,1,9,00,2,4,1,201200035756A01,7,1,1
201200035764,2012-10-24,2012,octobre,mercredi,12:10,67,67482,0,0,2,2,3,1,1,4,3,04,1,1,130,134,1,0,1,3,1,44,1,1,4,00,2,4,19,201200035764A01,33,15,1
201200035773,2012-10-31,2012,octobre,mercredi,80:7,67,67267,0,0,2,3,3,1,1,4,2,02,-1,-1,000,000,-1,0,0,4,2,19,1,1,4,00,2,8,0,201200035773B01,7,0,1
201200035779,2012-11-06,2012,novembre,mardi,13:40,67,67482,0,0,2,2,6,1,1,4,2,02,1,1,000,160,1,0,1,4,2,19,0,1,9,00,1,1,19,201200035779A01,,,
201200035781,2012-11-07,2012,novembre,mercredi,95:5,67,67043,0,0,2,2,3,1,2,4,1,01,2,1,000,030,2,2,1,3,2,63,1,1,4,00,2,1,19,201200035781A01,7,1,1
201200035788,2012-11-14,2012,novembre,mercredi,81:0,67,67043,0,0,2,2,3,1,1,4,1,01,1,1,000,060,1,0,1,4,2,22,0,1,4,00,2,1,1,201200035788B01,7,1,1
201200035790,2012-11-14,2012,novembre,mercredi,18:10,67,67482,0,0,2,1,1,5,1,4,2,02,1,1,000,045,1,0,1,4,1,22,5,1,4,00,2,1,1,201200035790A01,7,1,1
201200035793,2012-11-19,2012,novembre,lundi,53:5,67,67482,0,0,2,2,3,5,5,4,2,02,1,1,000,050,2,0,1,3,1,63,1,1,4,00,2,1,1,201200035793B01,7,15,1
201200035794,2012-11-19,2012,novembre,lundi,13:40,67,67218,0,0,2,2,3,1,5,4,2,02,1,1,000,060,2,0,1,3,1,12,2,1,4,00,2,8,19,201200035794B01,7,16,1
201200035796,2012-11-19,2012,novembre,lundi,18:50,67,67482,0,0,2,3,3,5,1,4,1,02,1,3,000,070,1,0,1,4,1,47,5,1,9,00,2,8,19,201200035796A01,7,15,1
201200035797,2012-11-21,2012,novembre,mercredi,18:10,67,67482,0,0,2,1,3,5,1,4,2,03,1,1,000,113,1,0,1,4,1,20,2,1,9,00,2,1,19,201200035797A01,7,1,1
201200035800,2012-11-23,2012,novembre,vendredi,10:52,67,67482,0,0,2,2,3,1,1,4,2,02,1,1,000,065,1,0,1,2,1,31,1,1,2,00,2,1,19,201200035800B01,17,14,1
201200035804,2012-11-26,2012,novembre,lundi,18:25,67,67482,0,0,2,3,3,5,3,4,1,01,1,1,000,041,2,0,1,4,2,56,0,1,4,00,2,7,19,201200035804A01,7,1,1
201200035806,2012-11-27,2012,novembre,mardi,22:25,67,67482,0,0,2,2,3,3,2,4,2,02,1,1,000,080,2,0,1,4,2,21,9,1,9,00,2,7,1,201200035806B01,7,15,1
201200035808,2012-11-28,2012,novembre,mercredi,18:06,67,67482,0,0,2,3,1,5,2,4,2,03,1,1,000,150,2,0,1,4,2,57,9,1,4,00,2,1,1,201200035808A01,7,15,1
201200035810,2012-11-29,2012,novembre,jeudi,16:10,67,67482,0,0,2,1,3,1,2,4,2,02,1,1,000,030,1,0,1,4,1,18,9,1,9,00,2,1,19,201200035810A01,7,1,1
201200035814,2012-11-30,2012,novembre,vendredi,17:20,67,67447,0,0,2,1,3,5,1,4,2,02,1,2,000,060,1,0,1,4,2,21,0,1,9,00,2,7,19,201200035814B01,7,1,1
201200035819,2012-12-06,2012,décembre,jeudi,17:15,67,67447,0,0,2,3,3,5,1,4,2,02,1,1,000,071,1,0,1,4,1,50,5,1,4,00,2,1,15,201200035819B01,7,1,1
201200035828,2012-12-13,2012,décembre,jeudi,85:0,67,67482,0,0,2,2,3,1,8,4,2,03,1,1,000,060,1,0,1,4,1,27,9,1,4,00,4,8,19,201200035828A01,40,1,1
201200035834,2012-12-16,2012,décembre,dimanche,20:5,67,67482,0,0,2,3,3,5,3,4,2,02,1,1,000,100,2,0,1,4,1,17,5,1,4,00,2,1,1,201200035834A01,7,1,1
201200035848,2012-12-29,2012,décembre,samedi,95:5,67,67482,0,0,2,3,3,1,1,4,3,02,1,1,000,000,1,0,1,4,2,69,5,1,9,00,2,1,19,201200035848A01,7,1,1
201200035851,2012-01-18,2012,janvier,mercredi,12:05,68,68066,48.08101,7.36414,2,2,6,1,1,3,2,05,1,1,020,200,1,0,1,3,1,14,2,1,2,00,2,8,19,201200035851B01,7,11,1
201200035854,2012-01-30,2012,janvier,lundi,12:40,68,68066,48.08144,7.3524,2,2,6,1,1,3,1,03,1,1,000,110,2,0,0,3,2,16,2,1,2,00,2,1,1,201200035854B01,7,1,1
201200035861,2012-04-25,2012,avril,mercredi,19:42,68,68066,48.06918,7.36498,2,2,3,1,1,3,2,04,1,1,020,160,1,0,1,3,2,38,3,1,2,00,2,8,5,201200035861B01,7,9,1
201200035863,2012-12-28,2012,décembre,vendredi,19:41,68,68066,48.08049,7.3566,2,1,6,5,1,4,1,01,1,1,000,056,1,0,1,1,1,44,5,1,9,00,1,1,1,201200035863A01,,,
201200035864,2012-06-06,2012,juin,mercredi,17:40,68,68066,48.07381,7.34798,2,2,6,1,1,4,1,01,1,1,000,050,2,4,1,4,2,24,1,1,2,00,2,1,9,201200035864B01,7,9,1
201200035872,2012-07-18,2012,juillet,mercredi,11:25,68,68066,48.05114,7.36728,1,1,6,1,1,3,2,02,1,1,030,090,1,0,1,3,2,70,5,1,2,00,2,8,13,201200035872B01,7,13,1
201200035880,2012-08-09,2012,août,jeudi,16:50,68,68066,48.07588,7.3411,2,1,6,1,1,3,3,02,1,1,000,000,1,0,1,4,2,24,5,1,2,00,2,1,1,201200035880A01,2,0,1
201200035881,2012-08-26,2012,août,dimanche,25:,68,68066,48.08526,7.35736,2,2,3,5,1,3,2,05,1,1,000,200,1,5,1,4,1,24,5,1,2,00,2,1,1,201200035881A01,7,,1
201200035882,2012-09-09,2012,septembre,dimanche,10:00,68,68066,48.08029,7.38168,2,1,6,1,1,3,2,02,1,1,014,130,1,0,1,1,1,15,5,1,9,00,1,1,1,201200035882A01,,,
201200035890,2012-09-24,2012,septembre,lundi,10:10,68,68066,48.08877,7.3597,2,1,6,1,1,3,2,05,1,1,012,240,1,0,1,4,2,63,1,1,2,00,2,4,1,201200035890B01,7,1,1
201200035894,2012-11-23,2012,novembre,vendredi,14:00,68,68066,48.0687,7.33729,2,3,6,1,1,4,2,02,1,1,018,100,1,0,0,3,1,83,5,1,9,00,2,1,1,201200035894B01,7,9,1
201200035898,2012-11-30,2012,novembre,vendredi,11:30,68,68066,48.08283,7.33634,2,1,2,1,1,4,2,02,1,1,000,090,1,0,1,3,1,72,5,1,9,00,2,6,19,201200035898B01,7,1,1
201200035903,2012-06-26,2012,juin,mardi,81:5,68,68112,47.90155,7.2185,2,8,2,1,1,4,2,02,1,1,000,060,-1,0,5,4,2,58,1,1,9,00,2,6,1,201200035903B01,7,19,1
201200035912,2012-02-06,2012,février,lundi,18:27,68,68224,47.74375,7.32924,2,3,6,5,1,4,2,02,1,1,000,065,1,0,1,4,2,33,5,1,9,00,2,2,1,201200035912B01,7,5,1
201200035925,2012-05-19,2012,mai,samedi,16:15,68,68256,47.72954,7.32115,2,6,3,1,1,3,2,02,1,1,000,094,1,5,1,4,2,85,0,1,9,00,2,7,19,201200035925B01,3,1,1
201200035948,2012-10-17,2012,octobre,mercredi,15:35,68,68256,47.7646,7.29777,2,1,6,1,1,4,2,02,2,1,000,086,1,0,1,3,1,60,5,1,4,00,2,0,1,201200035948B01,10,17,1
201200035961,2012-01-26,2012,janvier,jeudi,44:0,68,68297,47.59011,7.55908,2,3,3,5,1,3,2,02,1,1,000,136,1,0,1,3,1,56,1,1,9,00,2,1,1,201200035961B01,10,16,1
201200035966,2012-08-09,2012,août,jeudi,18:35,68,68297,47.5874,7.567,2,1,6,1,1,3,2,02,1,1,100,065,1,0,1,3,1,61,5,1,9,00,2,3,15,201200035966B01,7,21,1
201200035978,2012-05-25,2012,mai,vendredi,17:10,68,68376,47.81193,7.31109,2,1,1,1,1,3,2,04,1,1,000,017,1,0,4,3,2,76,5,1,9,00,2,3,1,201200035978B01,7,9,1
201200036019,2012-10-16,2012,octobre,mardi,10:30,69,69029,0,0,2,9,7,1,1,4,2,03,2,1,000,057,1,0,0,4,1,34,4,1,2,00,2,0,1,201200036019B01,7,16,1
201200036047,2012-04-04,2012,avril,mercredi,15:05,69,69034,0,0,2,3,6,1,1,3,2,02,1,1,000,095,1,0,1,4,1,34,5,1,2,00,2,1,1,201200036047A01,7,15,1
201200036052,2012-05-06,2012,mai,dimanche,18:30,69,69034,0,0,2,1,6,1,1,4,2,02,1,1,000,090,1,0,1,4,1,56,4,1,2,00,1,1,1,201200036052A01,,,
201200036055,2012-05-14,2012,mai,lundi,81:5,69,69034,0,0,2,1,6,1,1,4,2,02,1,1,000,075,1,0,1,4,1,36,1,1,2,00,2,1,17,201200036055B01,7,10,1
201200036063,2012-06-28,2012,juin,jeudi,16:50,69,69034,0,0,2,2,1,1,1,4,2,02,1,1,000,099,1,0,1,3,1,27,0,1,2,00,2,1,5,201200036063A01,7,1,1
201200036080,2012-09-18,2012,septembre,mardi,12:35,69,69034,0,0,2,9,3,1,1,4,1,03,1,1,000,089,1,2,1,4,1,68,0,1,2,00,2,7,19,201200036080A01,7,21,1
201200036085,2012-09-17,2012,septembre,lundi,19:30,69,69034,0,0,2,1,6,2,1,4,1,01,1,1,000,045,1,6,1,3,1,5,5,1,2,00,2,1,19,201200036085A01,7,1,1
201200036089,2012-10-19,2012,octobre,vendredi,17:40,69,69034,0,0,2,1,3,1,1,4,2,02,1,1,000,063,1,0,1,3,1,13,5,1,2,00,2,1,0,201200036089B01,10,23,1
201200036092,2012-11-07,2012,novembre,mercredi,12:15,69,69034,0,0,2,1,3,1,1,4,1,01,-1,-1,000,030,1,0,1,4,2,50,0,1,2,00,2,0,1,201200036092B01,7,9,1
201200036117,2012-01-17,2012,janvier,mardi,17:00,69,69091,0,0,2,3,3,1,1,4,1,02,1,-1,000,000,1,0,1,4,1,14,2,1,2,00,2,1,1,201200036117A01,7,1,1
201200036128,2012-05-06,2012,mai,dimanche,12:00,69,69091,0,0,2,2,3,1,8,3,2,02,1,1,000,000,1,0,1,4,1,62,5,1,2,00,2,8,1,201200036128B01,3,16,1
201200036129,2012-06-13,2012,juin,mercredi,12:40,69,69096,0,0,2,1,3,1,1,4,1,00,1,1,000,090,1,0,1,4,2,9,5,1,2,00,2,8,19,201200036129B01,7,1,1
201200036133,2012-06-18,2012,juin,lundi,70:0,69,69091,0,0,1,1,2,1,1,3,2,02,1,1,000,062,1,0,1,4,1,38,1,1,2,00,2,4,1,201200036133A01,7,2,1
201200036139,2012-07-11,2012,juillet,mercredi,71:0,69,69091,0,0,2,6,6,1,1,4,2,00,1,-1,000,000,1,0,1,4,1,57,5,1,2,00,2,9,1,201200036139B01,7,9,1
201200036152,2012-09-24,2012,septembre,lundi,18:20,69,69091,0,0,2,4,3,1,1,4,-1,01,2,3,000,000,1,0,1,4,1,11,5,1,2,00,2,1,9,201200036152B01,33,1,1
201200036177,2012-03-01,2012,mars,jeudi,70:4,69,69152,0,0,2,3,3,1,1,4,3,01,1,3,000,113,1,0,1,4,2,61,1,1,2,00,2,1,1,201200036177B01,7,15,1
201200036192,2012-05-16,2012,mai,mercredi,16:10,69,69142,0,0,2,1,7,1,1,3,2,04,2,1,000,070,1,0,3,4,1,34,9,1,2,15,0,6,1,201200036192A01,,,
201200036196,2012-05-30,2012,mai,mercredi,75:0,69,69152,0,0,2,2,3,1,1,3,2,02,1,1,000,075,1,0,0,4,2,35,1,1,2,00,2,1,1,201200036196B01,7,15,1
201200036210,2012-08-29,2012,août,mercredi,16:45,69,69149,0,0,2,2,3,1,1,4,2,02,-1,-1,059,074,-1,0,0,4,1,49,1,1,2,00,2,1,1,201200036210B01,7,15,1
201200036246,2012-03-29,2012,mars,jeudi,19:00,69,69256,0,0,2,6,3,1,1,4,2,02,1,1,000,000,1,0,1,4,1,55,1,1,4,00,2,8,1,201200036246B01,7,16,1
201200036248,2012-05-09,2012,mai,mercredi,17:10,69,69256,0,0,2,2,3,1,1,4,2,03,1,1,000,113,1,4,1,3,1,14,0,1,9,00,4,1,16,201200036248A01,40,1,1
201200036257,2012-07-24,2012,juillet,mardi,20:45,69,69256,0,0,2,3,6,1,1,4,1,01,1,1,000,000,1,0,1,4,2,32,0,1,2,00,2,4,1,201200036257A01,7,1,1
201200036286,2012-12-18,2012,décembre,mardi,16:40,69,69256,0,0,2,2,3,2,2,4,2,02,1,1,000,000,2,0,1,4,2,49,0,1,4,00,0,0,16,201200036286B01,7,16,1
201200036304,2012-02-07,2012,février,mardi,83:0,69,69259,0,0,2,1,3,1,1,4,2,02,1,1,000,000,1,0,1,3,1,53,1,1,2,00,2,7,17,201200036304B01,7,9,1
201200036308,2012-02-18,2012,février,samedi,15:40,69,69259,0,0,2,1,3,1,7,4,2,02,1,2,000,000,1,0,1,4,2,33,5,1,9,00,2,3,1,201200036308B01,7,16,1
201200036312,2012-03-06,2012,mars,mardi,20:15,69,69259,0,0,2,1,6,5,1,4,1,01,1,1,078,046,1,0,1,4,1,14,5,1,2,00,2,1,0,201200036312A01,7,0,1
201200036313,2012-03-11,2012,mars,dimanche,12:45,69,69199,0,0,2,3,3,1,1,4,2,02,1,1,011,066,1,0,1,3,2,23,9,1,2,00,2,1,1,201200036313B01,7,1,1
201200036327,2012-04-02,2012,avril,lundi,82:0,69,69259,0,0,2,3,3,1,1,4,2,00,1,1,000,000,1,0,5,4,1,26,1,1,2,00,2,1,1,201200036327B01,7,15,1
201200036328,2012-04-14,2012,avril,samedi,16:40,69,69259,0,0,2,2,7,1,1,4,-1,02,1,1,011,105,1,0,4,3,1,19,9,1,2,00,0,1,1,201200036328A01,,,
201200036388,2012-09-03,2012,septembre,lundi,17:54,69,69259,0,0,2,9,3,1,1,3,1,01,1,1,000,038,1,0,1,4,1,18,0,1,9,00,0,0,0,201200036388A01,7,1,1
201200036390,2012-09-10,2012,septembre,lundi,11:25,69,69259,0,0,2,1,6,1,1,4,-1,01,-1,-1,000,000,1,0,1,4,2,32,1,1,9,00,2,8,0,201200036390B01,10,1,1
201200036430,2012-11-29,2012,novembre,jeudi,22:00,69,69259,0,0,2,1,6,5,1,4,1,02,1,1,000,000,-1,0,1,1,1,20,5,1,2,00,1,5,0,201200036430A01,,,
201200036430,2012-11-29,2012,novembre,jeudi,22:00,69,69259,0,0,2,1,6,5,1,4,1,02,1,1,000,000,-1,0,1,3,1,38,5,1,9,00,1,5,0,201200036430A01,,,
201200036454,2012-05-17,2012,mai,jeudi,10:45,69,69264,0,0,2,1,2,1,1,4,2,02,1,2,000,084,1,5,1,3,1,70,5,1,9,00,2,4,2,201200036454B01,3,2,1
201200036455,2012-06-04,2012,juin,lundi,15:50,69,69264,0,0,2,1,3,1,1,3,2,03,1,1,000,110,1,0,1,4,1,18,5,1,2,00,2,1,1,201200036455B01,7,11,1
201200036465,2012-06-29,2012,juin,vendredi,11:30,69,69264,0,0,2,6,6,1,1,4,2,01,4,1,017,047,-1,5,1,4,2,53,5,1,2,00,0,4,16,201200036465A01,,,
201200036467,2012-10-25,2012,octobre,jeudi,21:40,69,69264,0,0,2,1,5,5,1,4,2,02,1,1,018,072,1,0,1,3,1,17,5,1,9,00,2,1,0,201200036467B01,7,5,1
201200036467,2012-10-25,2012,octobre,jeudi,21:40,69,69264,0,0,2,1,5,5,1,4,2,02,1,1,018,072,1,0,1,3,1,16,5,1,9,00,2,1,0,201200036467C01,7,5,1
201200036478,2012-01-18,2012,janvier,mercredi,14:10,69,69266,0,0,2,3,3,1,1,4,1,01,1,1,000,000,1,0,1,3,1,21,5,1,2,00,2,1,19,201200036478B01,7,0,1
201200036508,2012-05-28,2012,mai,lundi,21:25,69,69266,0,0,2,1,3,2,1,4,-1,01,1,1,000,000,1,0,4,4,1,37,0,1,9,00,2,3,1,201200036508Z01,7,1,1
201200036516,2012-06-17,2012,juin,dimanche,17:30,69,69266,0,0,2,1,1,1,1,5,2,00,1,1,000,000,1,0,5,4,2,43,5,1,4,00,2,1,1,201200036516B01,2,19,1
201200036525,2012-07-09,2012,juillet,lundi,20:30,69,69266,0,0,2,6,3,1,1,4,2,01,4,-1,000,055,1,5,1,4,1,31,0,1,2,00,2,0,2,201200036525B01,7,2,1
201200036535,2012-08-31,2012,août,vendredi,21:23,69,69266,0,0,2,3,3,5,3,4,2,02,1,1,000,000,2,0,1,4,1,36,5,1,4,00,2,1,1,201200036535B01,7,15,1
201200036544,2012-10-08,2012,octobre,lundi,18:30,69,69266,0,0,2,1,3,5,2,4,2,02,1,1,000,000,2,0,1,4,1,47,5,1,4,00,2,7,21,201200036544B01,7,13,1
201200036546,2012-10-10,2012,octobre,mercredi,21:30,69,69266,0,0,2,3,3,5,2,4,2,02,1,1,000,000,2,0,1,4,1,26,5,1,9,00,2,8,19,201200036546A01,7,1,1
201200036557,2012-11-08,2012,novembre,jeudi,11:50,69,69266,0,0,2,3,3,1,1,4,2,04,1,1,000,140,1,0,1,4,1,19,0,1,9,00,2,8,1,201200036557B01,17,16,1
201200036585,2012-10-23,2012,octobre,mardi,16:25,69,69275,0,0,1,1,7,1,1,4,2,02,2,1,000,067,1,0,1,3,2,52,1,1,9,00,9,0,1,201200036585A01,7,1,1
201200036596,2012-06-22,2012,juin,vendredi,13:02,69,69282,0,0,2,1,3,1,1,4,2,02,1,1,000,066,1,0,1,3,1,46,5,1,9,00,2,8,13,201200036596B01,7,1,1
201200036597,2012-07-10,2012,juillet,mardi,20:50,69,69282,0,0,2,1,3,1,1,4,2,02,1,1,000,000,1,0,1,4,1,15,0,1,9,00,2,7,1,201200036597B01,99,0,1
201200036612,2012-05-29,2012,mai,mardi,18:40,69,69286,0,0,2,1,6,1,1,4,3,02,1,1,000,080,1,0,1,4,1,5,5,1,2,00,2,0,0,201200036612B01,7,1,1
201200036616,2012-08-07,2012,août,mardi,17:32,69,69286,0,0,2,1,1,1,1,4,-1,02,1,1,000,056,1,0,0,4,1,7,5,1,9,00,2,1,15,201200036616B01,7,1,1
201200036658,2012-06-15,2012,juin,vendredi,12:20,69,69290,0,0,2,1,6,1,1,4,2,02,1,1,000,063,1,0,1,3,1,75,3,1,4,00,2,0,1,201200036658A01,,,
201200036681,2012-10-03,2012,octobre,mercredi,63:5,69,69290,0,0,2,1,1,3,1,4,2,02,1,2,000,077,1,0,1,3,1,45,1,1,2,00,2,1,1,201200036681B01,7,13,1
201200036698,2012-12-18,2012,décembre,mardi,18:30,69,69290,0,0,2,6,3,5,2,4,2,02,1,3,000,000,2,0,1,4,1,53,0,1,4,00,2,7,1,201200036698B01,7,9,1
201200036717,2012-07-06,2012,juillet,vendredi,10:20,70,70550,0,0,2,1,6,1,1,2,2,02,1,1,022,045,1,0,1,4,1,79,0,1,2,00,2,1,1,201200036717B01,7,4,1
201200036723,2012-08-18,2012,août,samedi,21:00,70,70550,0,0,2,9,3,2,1,3,2,02,1,1,000,000,1,5,1,3,1,13,5,1,2,00,2,7,19,201200036723B01,7,1,1
201200036724,2012-09-18,2012,septembre,mardi,14:55,70,70550,0,0,2,6,3,1,1,3,2,02,1,2,069,090,1,5,1,3,2,54,1,1,9,00,0,5,1,201200036724B01,10,1,1
201200036728,2012-05-10,2012,mai,jeudi,20:45,70,70550,0,0,2,1,3,5,1,2,2,02,1,1,000,000,1,0,1,4,1,13,5,1,2,01,0,4,21,201200036728B01,7,2,1
201200036731,2012-11-17,2012,novembre,samedi,84:5,70,70550,0,0,2,6,3,1,1,2,1,01,1,2,095,089,1,5,1,4,1,72,3,1,2,00,2,2,15,201200036731B01,7,9,1
201200036744,2012-03-31,2012,mars,samedi,11:40,71,71076,0,0,2,1,6,1,1,4,2,02,1,1,000,000,1,0,1,4,2,49,5,1,9,00,2,1,1,201200036744B01,7,9,1
201200036750,2012-06-01,2012,juin,vendredi,20:15,71,71076,0,0,2,1,1,1,1,4,1,01,1,1,000,000,1,0,1,4,1,8,5,1,2,00,2,1,5,201200036750B01,7,1,1
201200036762,2012-09-17,2012,septembre,lundi,20:20,71,71076,0,0,2,6,3,5,1,4,2,01,1,1,000,090,1,0,1,3,1,53,1,1,9,00,2,1,1,201200036762B01,7,9,1
201200036763,2012-10-05,2012,octobre,vendredi,80:0,71,71076,0,0,2,1,3,1,1,4,2,02,1,1,000,113,1,2,1,3,1,18,2,1,9,00,9,7,19,201200036763A01,33,1,1