Num_Acc,date,an,mois,jour,hrmn,dep,com,lat,long,agg,int,col,lum,atm,catr,circ,nbv,prof,plan,lartpc,larrout,surf,infra,situ,grav,sexe,age,trajet,secuexist,equipement,obs,obsm,choc,manv,vehiculeid,typevehicules,manoeuvehicules,numVehicules
201200036769,2012-11-02,2012,novembre,vendredi,17:10,71,71076,0,0,2,1,3,2,2,4,2,02,1,1,000,000,2,0,1,3,2,25,1,1,9,00,0,8,19,201200036769B01,7,1,1
201200036772,2012-11-14,2012,novembre,mercredi,16:15,71,71076,0,0,2,1,7,1,1,4,-1,00,1,1,000,000,1,0,5,3,1,70,5,1,9,00,9,0,0,201200036772A01,,,
201200036784,2012-08-03,2012,août,vendredi,85:5,71,71153,0,0,2,1,3,1,1,3,2,02,2,1,000,000,1,0,1,3,2,48,1,1,4,00,2,4,1,201200036784B01,7,1,1
201200036822,2012-05-16,2012,mai,mercredi,14:25,71,71040,0,0,2,3,3,1,1,3,2,02,1,1,000,072,1,0,1,3,1,17,5,1,2,00,2,8,15,201200036822B01,7,17,1
201200036838,2012-01-27,2012,janvier,vendredi,18:35,72,72181,0,0,2,3,3,2,1,4,2,02,1,1,000,000,1,0,0,4,1,44,0,1,9,00,0,1,15,201200036838B01,7,1,1
201200036847,2012-03-09,2012,mars,vendredi,18:05,72,72181,0,0,2,3,3,1,1,4,2,02,1,1,000,000,1,0,0,4,1,29,0,1,9,00,2,3,1,201200036847B01,7,16,1
201200036848,2012-03-11,2012,mars,dimanche,12:05,72,72181,0,0,2,3,3,1,1,4,2,02,1,1,000,000,1,0,1,3,1,47,5,1,9,00,2,1,1,201200036848B01,7,1,1
201200036850,2012-03-11,2012,mars,dimanche,16:50,72,72181,0,0,2,1,6,1,1,4,3,04,1,1,000,000,1,0,5,4,2,18,0,1,9,01,0,1,1,201200036850B01,7,22,1
201200036856,2012-03-28,2012,mars,mercredi,92:0,72,72181,0,0,2,3,3,1,1,4,1,03,1,1,000,000,1,0,0,2,1,68,5,1,9,00,2,1,1,201200036856B01,14,16,1
201200036860,2012-04-04,2012,avril,mercredi,53:0,72,72181,0,0,2,3,3,5,1,4,1,02,1,1,000,000,1,0,0,4,1,54,0,1,4,00,2,1,1,201200036860B01,7,15,1
201200036890,2012-09-04,2012,septembre,mardi,17:55,72,72181,0,0,2,6,3,1,1,4,2,02,1,1,000,000,1,0,1,4,2,51,0,1,9,00,2,1,15,201200036890B01,7,1,1
201200036903,2012-12-16,2012,décembre,dimanche,18:35,28,28004,0,0,1,1,7,3,2,4,2,02,1,1,000,000,2,0,1,3,1,59,5,1,9,16,0,0,1,201200036903A01,,,
201200036911,2012-07-05,2012,juillet,jeudi,18:10,73,73008,45.67747,5.90957,2,1,2,1,1,3,2,02,1,1,000,092,1,0,1,3,1,17,1,1,9,00,0,4,9,201200036911B01,15,1,1
201200036912,2012-07-10,2012,juillet,mardi,18:53,73,73008,45.6944,5.89604,2,6,3,1,1,4,2,02,1,3,000,120,1,0,1,3,1,22,5,1,2,00,0,8,1,201200036912B01,7,16,1
201200036913,2012-08-30,2012,août,jeudi,16:05,73,73008,45.69432,5.89992,2,6,2,1,1,3,1,02,1,2,000,098,1,5,1,3,1,70,5,1,2,00,0,4,0,201200036913B01,7,0,1
201200036914,2012-10-01,2012,octobre,lundi,13:30,73,73008,45.68681,5.90695,2,3,1,1,1,4,2,02,1,1,000,066,1,0,1,3,1,59,5,1,9,00,0,7,15,201200036914B01,7,1,1
201200036932,2012-05-01,2012,mai,mardi,15:30,73,73065,45.5865,5.91515,2,1,6,1,1,4,2,01,1,1,000,048,1,0,3,2,1,11,5,1,2,08,0,1,0,201200036932A01,,,
201200036953,2012-05-14,2012,mai,lundi,82:5,74,74010,0,0,2,3,6,1,1,4,2,00,1,1,000,000,1,0,1,2,2,81,9,1,9,00,0,1,1,201200036953B01,7,16,1
201200036959,2012-06-16,2012,juin,samedi,10:00,74,74010,0,0,2,1,6,1,1,4,2,01,1,1,000,061,1,0,1,1,1,16,5,1,9,00,1,1,1,201200036959A01,,,
201200036961,2012-06-30,2012,juin,samedi,19:20,74,74219,0,0,1,1,6,1,1,3,2,02,2,4,,070,1,,1,3,1,51,5,1,2,00,6,1,1,201200036961A01,,,
201200036971,2012-11-14,2012,novembre,mercredi,10:25,74,74010,0,0,2,6,6,1,1,3,2,02,1,1,,070,1,5,1,1,1,35,1,1,2,00,1,1,9,201200036971A01,,,
201200036982,2012-06-15,2012,juin,vendredi,11:35,74,74133,0,0,2,3,3,1,1,3,2,02,1,-1,000,000,1,0,1,3,1,59,0,1,9,00,2,0,1,201200036982A01,7,0,1
201200037012,2012-07-17,2012,juillet,mardi,11:10,74,74281,0,0,1,3,3,1,1,3,2,02,2,1,000,000,1,0,1,4,1,63,5,1,2,00,2,1,1,201200037012B01,7,15,1
201200037032,2012-11-06,2012,novembre,mardi,19:55,74,74281,0,0,2,3,3,5,1,4,2,02,1,1,000,000,1,0,1,4,2,72,0,1,9,00,9,6,15,201200037032B01,30,1,1
201200037039,2012-05-12,2012,mai,samedi,15:10,76,76329,49.54855,0.49335,2,1,3,1,1,3,2,02,1,1,030,030,1,0,1,4,1,52,5,1,2,00,2,8,2,201200037039B01,7,2,1
201200037108,2012-05-11,2012,mai,vendredi,16:40,76,76640,49.27655,1.04094,2,7,3,1,1,4,2,01,1,1,018,071,9,0,1,4,1,10,0,1,9,00,2,1,1,201200037108B01,10,1,1
201200037110,2012-07-23,2012,juillet,lundi,14:35,76,76178,49.30973,1.03673,2,2,3,1,1,4,2,02,1,1,000,090,1,0,1,3,1,81,5,1,2,00,2,1,1,201200037110B01,7,15,1
201200037129,2012-11-21,2012,novembre,mercredi,17:10,76,76259,49.75686,0.37859,2,2,6,1,8,4,-1,01,2,1,000,000,1,6,1,4,1,13,5,1,9,00,1,1,0,201200037129A01,,,
201200037129,2012-11-21,2012,novembre,mercredi,17:10,76,76259,49.75686,0.37859,2,2,6,1,8,4,-1,01,2,1,000,000,1,6,1,3,2,7,5,1,9,00,1,1,0,201200037129A01,,,
201200037163,2012-02-27,2012,février,lundi,70:0,76,76351,49.4973,0.13045,2,9,6,2,1,4,2,02,1,1,000,093,1,0,5,4,2,53,1,1,9,00,2,1,1,201200037163B01,7,15,1
201200037180,2012-03-28,2012,mars,mercredi,16:30,76,76351,49.49074,0.11996,1,3,6,1,1,4,2,02,1,1,000,106,1,0,1,2,2,14,5,1,9,00,2,0,1,201200037180B01,14,16,1
201200037193,2012-04-26,2012,avril,jeudi,17:00,76,76351,49.51749,0.10613,2,1,6,1,1,3,2,02,1,1,000,120,1,0,1,3,1,61,5,1,2,00,2,9,0,201200037193B01,15,1,1
201200037217,2012-05-24,2012,mai,jeudi,18:00,76,76351,49.51336,0.08948,2,6,6,1,1,4,2,02,1,1,000,000,1,0,0,4,2,13,5,1,9,00,2,1,10,201200037217B01,33,1,1
201200037226,2012-06-08,2012,juin,vendredi,61:5,76,76351,49.49053,0.14929,2,1,6,2,1,4,2,02,1,1,000,130,1,0,1,3,1,41,5,1,9,01,0,7,0,201200037226A01,,,
201200037255,2012-07-13,2012,juillet,vendredi,13:20,76,76351,49.49897,0.1624,2,1,2,1,1,4,2,02,1,1,000,109,1,2,1,4,2,55,0,1,9,00,2,4,15,201200037255B01,7,1,1
201200037257,2012-07-19,2012,juillet,jeudi,21:00,76,76447,49.54901,0.15714,1,3,3,1,1,3,2,02,1,1,034,098,1,0,1,3,1,22,5,1,2,00,2,1,15,201200037257B01,10,6,1
201200037258,2012-07-24,2012,juillet,mardi,16:55,76,76351,49.48729,0.11398,2,1,6,1,1,4,2,02,1,1,000,150,1,0,1,4,2,27,5,1,2,00,2,7,19,201200037258B01,7,1,1
201200037266,2012-08-10,2012,août,vendredi,19:55,76,76351,49.52796,0.11785,2,3,3,1,1,4,2,02,1,1,000,000,1,0,1,4,1,9,5,1,9,00,2,4,19,201200037266B01,7,1,1
201200037270,2012-08-16,2012,août,jeudi,83:0,76,76351,49.49112,0.10574,2,1,6,1,1,4,1,02,1,1,000,089,1,0,1,3,1,22,1,1,4,00,2,1,1,201200037270B01,14,23,1
201200037276,2012-08-24,2012,août,vendredi,18:10,76,76351,49.48967,0.1425,2,3,3,1,1,4,2,02,1,1,000,052,1,0,1,4,1,16,5,1,9,00,2,0,1,201200037276A01,7,1,1
201200037278,2012-08-31,2012,août,vendredi,19:40,76,76351,49.4936,0.0958,2,4,7,1,1,4,2,00,2,1,000,070,1,0,1,4,1,21,4,1,9,00,0,0,16,201200037278A01,,,
201200037281,2012-09-03,2012,septembre,lundi,81:5,76,76351,49.49402,0.11166,2,1,7,1,2,4,1,03,1,1,000,100,2,0,1,4,2,41,0,1,2,00,0,0,11,201200037281A01,,,
201200037300,2012-10-11,2012,octobre,jeudi,82:5,76,76351,49.50365,0.14707,2,1,7,2,3,4,2,02,2,2,000,057,2,0,1,4,1,40,5,1,2,16,0,0,1,201200037300A01,,,
201200037304,2012-10-15,2012,octobre,lundi,22:10,76,76351,49.50549,0.13389,2,1,7,5,1,4,2,02,2,1,000,060,1,1,5,4,2,21,1,1,9,12,0,1,0,201200037304A01,,,
201200037310,2012-10-25,2012,octobre,jeudi,80:0,76,76305,49.50101,0.2018,2,2,7,1,1,4,2,02,,,,,,,,4,1,39,0,1,9,00,0,0,1,201200037310A01,,,
201200037321,2012-11-06,2012,novembre,mardi,15:50,76,76351,49.49195,0.11024,2,1,6,1,1,4,2,02,1,1,000,068,1,0,1,1,1,26,0,1,4,00,1,0,1,201200037321A01,,,
201200037374,2012-01-11,2012,janvier,mercredi,15:10,76,76681,49.41335,1.08919,2,3,3,1,1,4,,,,,,,,,,3,1,75,0,1,9,00,2,1,1,201200037374B01,7,15,1
201200037377,2012-01-14,2012,janvier,samedi,14:50,76,76402,49.52421,1.0416,2,1,3,1,1,3,2,02,1,1,006,060,1,0,1,3,1,56,5,1,9,00,2,2,1,201200037377B01,7,2,1
201200037409,2012-03-03,2012,mars,samedi,17:20,76,76429,49.42157,1.15035,1,1,3,1,3,3,2,02,3,2,026,044,2,0,1,2,1,71,0,1,9,00,0,4,0,201200037409B01,7,1,1
201200037466,2012-05-25,2012,mai,vendredi,13:20,76,76681,49.41105,1.09314,2,2,3,1,1,4,,,,,,,,,,4,1,49,0,1,9,00,2,0,0,201200037466A01,7,19,1
201200037474,2012-06-12,2012,juin,mardi,12:20,76,76575,49.3944,1.0774,2,2,1,1,1,4,2,02,1,1,000,000,1,0,1,4,1,13,2,1,9,00,2,7,0,201200037474A01,7,1,1
201200037494,2012-07-02,2012,juillet,lundi,15:55,76,76540,49.43406,1.07568,2,1,3,1,1,3,2,02,1,1,000,030,1,0,4,4,1,15,0,1,2,00,2,1,2,201200037494A01,7,9,1
201200037497,2012-07-03,2012,juillet,mardi,14:00,76,76540,49.44004,1.0737,2,1,3,1,1,6,-1,00,1,1,000,000,1,0,1,4,1,74,5,1,9,00,2,0,1,201200037497B01,7,0,1
201200037514,2012-08-01,2012,août,mercredi,75:0,76,76457,49.34126,0.97332,2,1,1,1,1,3,2,01,2,4,000,400,1,0,1,2,1,52,5,1,2,00,2,1,0,201200037514B01,14,0,1
201200037524,2012-08-14,2012,août,mardi,18:00,76,76474,49.4886,1.05273,2,1,1,1,1,4,1,01,2,3,000,000,1,0,1,4,1,7,0,1,9,00,2,0,5,201200037524A01,7,1,1
201200037527,2012-08-16,2012,août,jeudi,20:10,76,76322,49.39966,1.03565,2,1,1,1,1,4,2,02,1,1,000,060,1,0,5,4,1,65,5,1,2,00,2,1,1,201200037527A01,30,13,1
201200037546,2012-09-16,2012,septembre,dimanche,13:20,76,76540,49.43451,1.08921,2,2,3,1,1,3,2,04,,,,,,5,1,3,1,56,5,1,2,00,2,1,1,201200037546B01,7,16,1
201200037576,2012-10-17,2012,octobre,mercredi,17:40,76,76540,49.4338,1.083,2,2,3,1,2,4,2,02,,,,,,0,1,4,1,10,5,1,2,00,2,8,15,201200037576A01,7,1,1
201200037587,2012-11-05,2012,novembre,lundi,17:00,76,76540,49.43708,1.09631,2,2,6,1,2,2,1,01,1,3,110,058,2,0,1,4,2,46,1,1,9,00,2,8,19,201200037587B01,7,16,1
201200037628,2012-10-25,2012,octobre,jeudi,82:0,76,76540,49.45116,1.09841,2,2,3,2,1,3,2,04,2,1,000,122,1,5,1,4,1,19,2,1,9,00,2,1,1,201200037628B01,7,15,1
201200037640,2012-01-12,2012,janvier,jeudi,17:25,77,77108,0,0,2,1,1,2,1,3,2,02,2,1,000,104,1,0,1,3,1,37,1,1,4,00,2,1,1,201200037640B01,7,15,1
201200037642,2012-01-20,2012,janvier,vendredi,15:30,77,77108,48.87571,2.59177,2,3,1,1,2,3,1,02,1,2,000,058,2,0,1,4,1,48,1,1,4,00,2,7,15,201200037642B01,7,1,1
201200037669,2012-12-05,2012,décembre,mercredi,18:30,77,77363,0,0,1,1,6,3,1,4,2,02,1,1,005,120,2,0,1,3,1,47,1,1,4,00,2,0,1,201200037669B01,7,17,1
201200037750,2012-03-21,2012,mars,mercredi,14:45,77,77186,0,0,1,2,3,1,1,3,2,02,1,1,000,000,1,5,1,3,1,30,4,1,2,00,2,8,19,201200037750A01,7,1,1
201200037751,2012-03-28,2012,mars,mercredi,11:20,77,77226,0,0,1,1,2,1,1,3,2,02,2,1,000,060,1,0,1,3,2,25,1,1,2,00,2,4,2,201200037751B01,10,2,1
201200037772,2012-11-30,2012,novembre,vendredi,13:00,77,77186,0,0,2,9,3,1,1,3,3,04,1,1,038,063,1,0,1,3,2,10,2,1,4,00,2,8,19,201200037772B01,7,1,1
201200037783,2012-05-07,2012,mai,lundi,10:50,77,77058,0,0,1,1,7,1,1,3,2,02,1,1,000,000,1,0,1,2,1,49,5,1,2,00,9,0,1,201200037783A01,1,1,1
201200037783,2012-05-07,2012,mai,lundi,10:50,77,77058,0,0,1,1,7,1,1,3,2,02,1,1,000,000,1,0,1,3,1,67,5,1,2,00,2,1,1,201200037783B01,1,1,1
201200037789,2012-09-10,2012,septembre,lundi,15:35,77,77058,48.84142,2.71729,2,1,3,1,1,4,1,01,1,1,000,000,1,0,1,4,2,11,0,1,9,00,2,8,19,201200037789B01,7,1,1
201200037791,2012-10-03,2012,octobre,mercredi,16:55,77,77058,48.84401,2.72002,2,2,3,1,2,4,2,02,1,1,000,000,1,0,1,4,1,15,2,1,9,00,0,7,1,201200037791B01,7,1,1
201200037840,2012-09-07,2012,septembre,vendredi,19:05,77,77285,48.54454,2.64469,2,1,6,1,1,4,2,02,1,1,000,000,1,0,1,3,1,17,9,1,9,01,0,1,1,201200037840B01,7,22,1
201200037850,2012-12-06,2012,décembre,jeudi,19:20,77,77518,0,0,1,1,2,3,1,3,1,02,1,1,000,080,1,0,1,2,1,27,5,1,9,00,2,4,2,201200037850B01,7,13,1
201200037851,2012-11-21,2012,novembre,mercredi,75:5,77,77288,0,0,2,1,3,2,1,3,2,04,1,1,010,030,1,0,1,3,1,23,0,1,4,00,2,2,0,201200037851A01,7,1,1
201200037874,2012-03-18,2012,mars,dimanche,10:20,77,77251,48.6431,2.54331,2,6,6,1,1,4,1,02,1,2,000,000,1,0,1,3,1,49,5,1,2,00,0,0,21,201200037874B01,7,22,1
201200037905,2012-09-09,2012,septembre,dimanche,95:4,77,77445,0,0,1,6,3,1,1,3,1,02,1,2,000,040,1,0,1,4,1,36,4,1,9,00,2,7,1,201200037905B01,99,0,1
201200037924,2012-07-28,2012,juillet,samedi,18:50,77,77305,48.40027,2.9711,2,2,3,1,1,4,2,02,1,1,000,050,1,0,1,3,1,8,5,1,2,00,2,1,1,201200037924B01,7,1,1
201200037932,2012-09-16,2012,septembre,dimanche,13:25,77,77166,0,0,2,1,2,1,1,3,2,02,1,3,000,064,1,5,1,4,1,15,5,1,2,00,2,8,2,201200037932B01,7,0,1
201200037942,2012-10-01,2012,octobre,lundi,84:5,77,77156,0,0,1,6,3,1,1,3,2,02,1,1,000,047,1,5,1,3,1,66,5,1,9,00,2,1,15,201200037942B01,10,9,1
201200037943,2012-10-12,2012,octobre,vendredi,18:20,77,77202,0,0,1,1,2,2,1,3,2,02,1,1,000,000,1,0,1,3,1,52,5,1,4,00,2,4,2,201200037943B01,7,2,1
201200037945,2012-12-10,2012,décembre,lundi,83:0,77,77048,0,0,2,1,7,1,1,3,2,02,1,1,000,040,1,0,1,3,2,36,1,1,4,01,0,1,1,201200037945B01,7,22,1
201200037953,2012-03-21,2012,mars,mercredi,16:30,77,77083,48.85144,2.61184,2,1,6,1,1,4,2,02,1,1,000,000,1,0,0,3,2,3,5,1,9,00,2,0,0,201200037953B01,10,4,1
201200037960,2012-05-08,2012,mai,mardi,18:05,77,77083,0,0,2,3,3,1,1,3,4,03,2,1,000,000,-1,0,1,4,1,17,5,1,9,00,2,1,1,201200037960B01,7,15,1
201200037963,2012-05-27,2012,mai,dimanche,10:55,77,77146,0,0,2,6,6,1,1,3,1,02,1,1,000,000,1,0,1,3,2,78,5,1,9,00,2,0,1,201200037963B01,99,0,1
201200037984,2012-10-20,2012,octobre,samedi,18:20,77,77258,0,0,2,9,6,5,1,3,3,04,1,1,000,000,2,0,1,4,1,36,5,1,9,00,2,4,19,201200037984B01,7,1,1
201200038011,2012-10-03,2012,octobre,mercredi,18:50,77,77390,48.79389,2.66182,2,9,3,1,1,6,-1,00,1,1,000,000,1,0,1,3,2,8,5,1,9,00,2,1,9,201200038011B01,7,17,1
201200038091,2012-09-21,2012,septembre,vendredi,16:10,78,78383,48.76215,1.93672,2,1,3,1,2,4,3,03,1,1,025,140,2,0,1,4,2,73,5,1,9,00,2,7,19,201200038091A01,7,1,1
201200038117,2012-01-17,2012,janvier,mardi,16:35,78,78297,0,0,2,2,3,1,1,4,,,,,,,,,,4,1,51,1,1,9,00,2,1,19,201200038117B01,7,15,1
201200038121,2012-01-30,2012,janvier,lundi,19:05,78,78297,0,0,2,6,3,5,1,4,,,,,,,,,,3,1,20,2,1,9,00,2,7,19,201200038121A01,7,1,1
201200038129,2012-03-12,2012,mars,lundi,17:15,78,78688,48.76294,2.05069,2,3,6,1,1,3,3,00,1,1,000,058,1,5,1,3,1,15,2,1,9,00,2,1,19,201200038129B01,7,1,1
201200038145,2012-09-13,2012,septembre,jeudi,17:53,78,78423,48.77924,2.04417,2,1,6,1,1,4,2,02,1,1,000,000,1,0,5,4,2,27,1,1,2,01,0,1,1,201200038145B01,10,22,1
201200038164,2012-03-27,2012,mars,mardi,17:35,78,78311,48.92486,2.18223,2,3,3,1,7,4,1,01,1,2,000,000,1,0,1,4,2,47,1,1,9,00,2,1,9,201200038164B01,7,1,1
201200038178,2012-10-20,2012,octobre,samedi,20:25,78,78311,0,0,2,2,3,5,2,4,2,02,1,1,000,061,2,0,1,4,2,20,5,1,9,00,2,3,1,201200038178B01,7,1,1
201200038184,2012-12-12,2012,décembre,mercredi,15:45,78,78311,0,0,2,2,3,1,1,3,2,02,1,1,000,064,1,0,1,2,1,57,5,1,9,00,2,7,19,201200038184B01,17,16,1
201200038185,2012-03-09,2012,mars,vendredi,72:7,78,78358,0,0,2,3,3,1,1,4,1,01,1,1,000,058,1,0,1,3,1,48,1,1,2,00,2,7,1,201200038185B01,7,1,1
201200038187,2012-12-19,2012,décembre,mercredi,75:0,78,78358,48.95412,2.15521,2,2,3,3,1,4,2,02,1,1,000,070,1,0,1,4,2,26,1,1,9,00,2,7,1,201200038187B01,7,1,1
201200038202,2012-06-27,2012,juin,mercredi,19:10,78,78361,0,0,2,3,1,1,1,3,2,02,1,1,000,000,1,0,1,3,1,60,0,1,9,12,2,1,5,201200038202B01,10,16,1
201200038210,2012-08-28,2012,août,mardi,19:40,78,78361,49.00233,1.69002,2,1,3,1,1,4,1,01,1,1,000,000,1,0,1,3,1,12,5,1,9,00,2,1,19,201200038210B01,7,1,1
201200038270,2012-06-17,2012,juin,dimanche,17:35,78,78029,48.95596,1.85855,2,3,3,1,1,4,,,,,,,,,,4,1,27,5,1,9,00,2,8,15,201200038270B01,33,17,1
201200038296,2012-09-10,2012,septembre,lundi,19:55,78,78440,48.99695,1.9133,2,6,3,1,1,3,1,02,1,2,000,000,1,5,1,4,2,9,0,1,9,00,2,0,19,201200038296B01,7,1,1
201200038334,2012-01-26,2012,janvier,jeudi,12:45,78,78674,0,0,2,6,3,1,3,3,1,01,1,2,189,076,2,5,1,3,1,26,0,1,9,00,2,1,1,201200038334B01,7,9,1
201200038352,2012-06-02,2012,juin,samedi,10:20,78,78490,0,0,2,6,3,1,1,3,2,02,1,2,000,000,1,0,1,4,1,46,5,1,2,00,2,7,1,201200038352B01,7,9,1
201200038354,2012-05-29,2012,mai,mardi,15:00,78,78165,48.82848,1.98905,2,2,3,1,1,4,2,02,1,1,000,049,1,0,1,4,1,8,0,1,9,00,2,1,1,201200038354A01,7,1,1
201200038355,2012-06-15,2012,juin,vendredi,13:25,78,78490,48.79655,1.95095,1,6,3,1,1,3,2,02,1,1,000,000,1,0,0,4,1,48,5,1,2,00,2,4,1,201200038355B01,7,1,1
201200038392,2012-04-05,2012,avril,jeudi,17:15,78,78498,0,0,2,1,3,1,1,3,2,02,1,1,000,000,1,0,1,4,1,42,0,1,2,00,2,1,14,201200038392A01,7,2,1
201200038407,2012-06-27,2012,juin,mercredi,19:30,78,78498,0,0,1,4,2,1,1,1,,,,,,,,,,4,1,42,0,1,2,00,2,4,2,201200038407B01,7,9,1
201200038414,2012-09-20,2012,septembre,jeudi,84:5,78,78642,48.98659,1.96522,2,6,3,1,1,4,2,02,1,1,000,070,1,0,1,4,2,31,0,1,2,00,2,1,9,201200038414B01,7,9,1
201200038451,2012-09-05,2012,septembre,mercredi,1:,78,78624,0,0,2,1,6,5,1,3,2,02,1,1,000,060,1,0,5,4,1,31,0,1,8,00,1,1,0,201200038451A01,,,
201200038469,2012-03-19,2012,mars,lundi,16:35,78,78517,48.64565,1.82322,2,3,6,1,1,4,,,,,,,,,,4,1,13,2,1,9,01,0,3,1,201200038469B01,7,22,1
201200038485,2012-08-29,2012,août,mercredi,15:40,78,78517,0,0,2,1,3,1,1,3,2,02,2,1,000,060,1,0,1,4,1,62,5,1,2,00,2,8,1,201200038485B01,7,17,1
201200038507,2012-05-14,2012,mai,lundi,18:10,78,78073,48.80092,2.03067,2,9,3,1,7,4,2,02,1,1,000,000,1,0,4,4,2,31,5,1,9,00,2,1,1,201200038507A01,7,9,1
201200038508,2012-08-26,2012,août,dimanche,16:30,78,78073,48.80122,2.0283,2,1,6,1,1,4,2,02,1,-1,000,000,1,0,1,4,1,20,5,1,9,01,2,1,1,201200038508B01,1,1,1
201200038508,2012-08-26,2012,août,dimanche,16:30,78,78073,48.80122,2.0283,2,1,6,1,1,4,2,02,1,-1,000,000,1,0,1,4,1,38,5,1,9,00,2,1,1,201200038508C01,1,1,1
201200038527,2012-06-14,2012,juin,jeudi,18:30,78,78481,48.89787,2.10843,2,1,2,1,1,3,2,04,1,1,000,116,1,2,1,3,1,53,5,1,2,00,2,1,1,201200038527A01,7,23,1
201200038529,2012-05-12,2012,mai,samedi,10:40,78,78007,48.90809,2.01742,1,3,3,1,1,3,2,02,2,1,000,150,1,0,1,3,1,59,5,1,2,00,2,1,1,201200038529B01,7,9,1
201200038543,2012-01-02,2012,janvier,lundi,94:5,78,78586,0,0,2,6,2,1,1,4,2,02,1,-1,000,085,2,5,1,4,1,56,1,1,9,00,2,2,1,201200038543B01,7,9,1
201200038548,2012-02-17,2012,février,vendredi,15:10,78,78586,48.94274,2.1602,2,1,6,1,1,4,2,02,2,1,000,060,1,0,1,4,1,62,5,1,9,00,1,1,1,201200038548A01,,,
201200038554,2012-04-02,2012,avril,lundi,90:0,78,78586,48.94209,2.18311,2,6,3,1,1,4,4,02,-1,1,000,079,1,0,1,4,1,41,4,1,9,00,2,4,15,201200038554B01,7,9,1
201200038566,2012-09-25,2012,septembre,mardi,16:10,78,78586,48.94228,2.1965,2,1,2,1,8,4,3,01,1,1,010,080,1,0,1,4,1,32,5,1,9,00,2,4,2,201200038566B01,7,2,1
201200038568,2012-11-22,2012,novembre,jeudi,16:20,78,78586,48.93716,2.16952,2,1,2,1,7,4,2,02,1,1,000,158,1,5,1,4,1,17,5,1,2,00,2,4,1,201200038568A01,37,1,1
201200038574,2012-05-28,2012,mai,lundi,13:45,78,78621,48.78035,1.99083,2,2,3,1,1,3,3,02,1,1,047,160,1,0,0,3,1,15,5,1,9,00,2,7,15,201200038574A01,7,1,1
201200038605,2012-08-14,2012,août,mardi,94:0,78,78640,48.7849,2.21354,2,1,2,1,1,4,2,03,1,1,000,110,1,0,1,4,1,28,1,1,4,00,2,6,15,201200038605B01,7,17,1
201200038606,2012-08-16,2012,août,jeudi,90:5,78,78640,48.78343,2.20535,2,6,3,1,1,4,,,,,,,,,,4,1,25,1,1,9,00,2,7,1,201200038606B01,7,9,1
201200038633,2012-03-25,2012,mars,dimanche,11:55,78,78646,48.80328,2.10537,2,3,3,1,1,3,2,04,1,1,000,140,1,5,1,4,1,38,1,1,9,00,2,0,19,201200038633A01,33,1,1
201200038638,2012-05-21,2012,mai,lundi,95:0,78,78158,48.82788,2.12008,2,6,3,1,2,4,1,02,1,1,000,070,2,5,0,3,1,83,5,1,2,00,2,1,1,201200038638B01,7,9,1
201200038644,2012-07-17,2012,juillet,mardi,17:35,78,78646,48.78348,2.11702,2,2,3,1,1,4,2,04,1,1,000,000,1,5,1,4,2,46,4,1,9,00,2,7,19,201200038644A01,7,1,1
201200038659,2012-12-15,2012,décembre,samedi,95:0,78,78646,0,0,2,1,6,1,1,4,2,00,1,1,000,090,1,0,5,4,2,61,5,1,2,01,0,1,1,201200038659B01,7,22,1
201200038670,2012-08-19,2012,août,dimanche,13:25,78,78418,0,0,2,2,3,1,1,4,2,02,1,1,000,056,1,0,1,4,1,18,1,1,2,00,2,1,15,201200038670A01,7,1,1
201200038671,2012-09-08,2012,septembre,samedi,18:45,78,78418,0,0,2,1,6,1,1,4,2,02,1,1,000,070,1,0,1,3,1,10,5,1,2,00,2,1,9,201200038671B01,7,1,1
201200038680,2012-01-10,2012,janvier,mardi,10:45,79,79191,0,0,2,2,3,1,1,4,2,02,1,1,000,080,1,0,1,4,1,44,1,1,4,00,2,1,19,201200038680A01,7,1,1
201200038690,2012-06-06,2012,juin,mercredi,75:0,79,79191,0,0,2,6,3,1,7,4,2,02,1,1,160,088,1,0,1,3,1,78,5,1,9,00,2,7,1,201200038690B01,10,1,1
201200038707,2012-11-13,2012,novembre,mardi,13:30,79,79191,0,0,2,2,3,1,1,4,2,02,1,1,000,060,1,0,1,3,2,66,5,1,9,00,2,6,1,201200038707B01,7,15,1
201200038713,2012-06-14,2012,juin,jeudi,80:0,79,79191,0,0,2,6,3,1,1,4,2,02,1,1,140,130,1,5,0,3,2,40,1,1,9,00,2,8,15,201200038713B01,7,16,1
201200038715,2012-06-21,2012,juin,jeudi,15:45,79,79191,0,0,2,6,3,1,1,3,2,02,1,-1,390,090,1,0,1,4,2,77,3,1,9,00,2,8,1,201200038715B01,7,12,1
201200038740,2012-06-08,2012,juin,vendredi,17:10,79,79329,0,0,2,1,2,1,1,4,2,03,1,1,000,110,1,0,1,4,1,16,5,1,9,00,2,1,2,201200038740A01,7,23,1
201200038753,2012-11-26,2012,novembre,lundi,85:0,79,79329,0,0,2,1,7,1,1,3,2,01,2,1,000,000,9,0,1,4,1,11,2,1,2,00,0,0,1,201200038753A01,,,
201200038780,2012-01-13,2012,janvier,vendredi,15:40,80,80021,49.87036,2.2837,1,1,6,1,1,4,2,02,1,1,050,050,1,0,1,4,2,47,5,1,9,00,2,0,1,201200038780B01,7,1,1
201200038794,2012-02-11,2012,février,samedi,14:30,80,80021,49.88586,2.31876,2,1,6,1,1,4,2,02,1,1,000,000,1,0,1,3,1,60,5,1,9,00,2,4,1,201200038794B01,7,1,1