Num_Acc,date,an,mois,jour,hrmn,dep,com,lat,long,agg,int,col,lum,atm,catr,circ,nbv,prof,plan,lartpc,larrout,surf,infra,situ,grav,sexe,age,trajet,secuexist,equipement,obs,obsm,choc,manv,vehiculeid,typevehicules,manoeuvehicules,numVehicules
201200038796,2012-02-10,2012,février,vendredi,16:30,80,80021,49.88655,2.27851,2,6,3,1,1,4,2,02,1,1,000,000,1,0,1,4,1,51,5,1,9,00,2,8,1,201200038796B01,7,1,1
201200038799,2012-02-14,2012,février,mardi,74:0,80,80021,49.89642,2.2978,2,1,3,2,1,4,1,01,2,1,000,038,1,0,1,4,2,20,2,1,9,00,2,1,1,201200038799B01,7,15,1
201200038800,2012-02-18,2012,février,samedi,18:50,80,80021,49.90052,2.26351,2,6,3,5,1,4,2,02,1,1,000,000,1,0,1,4,2,16,0,1,9,00,2,7,1,201200038800B01,7,1,1
201200038802,2012-02-16,2012,février,jeudi,12:10,80,80021,49.90159,2.30274,2,3,3,1,1,4,2,02,1,1,000,000,1,0,1,4,1,69,5,1,9,00,2,7,1,201200038802A01,7,1,1
201200038806,2012-02-24,2012,février,vendredi,83:0,80,80021,49.89419,2.29289,2,7,3,1,1,4,2,02,1,1,000,012,1,0,1,4,2,27,1,1,9,00,2,6,19,201200038806B01,13,1,1
201200038808,2012-02-25,2012,février,samedi,14:15,80,80021,49.88706,2.33268,2,1,2,1,1,4,2,02,1,1,000,064,1,0,1,4,1,35,5,1,2,00,2,1,2,201200038808A01,10,2,1
201200038815,2012-03-08,2012,mars,jeudi,17:00,80,80021,49.87021,2.33028,2,1,3,1,1,4,2,,1,1,000,010,1,0,1,4,1,51,5,1,9,00,2,8,1,201200038815B01,7,15,1
201200038831,2012-03-22,2012,mars,jeudi,82:5,80,80021,49.89142,2.28911,2,1,3,1,1,4,2,02,1,1,000,000,1,0,1,4,2,20,2,1,9,00,2,7,19,201200038831B01,7,1,1
201200038835,2012-03-29,2012,mars,jeudi,18:33,80,80021,0,0,2,1,2,1,1,4,2,02,1,2,000,000,1,0,1,4,1,16,5,1,9,00,2,4,1,201200038835B01,7,1,1
201200038853,2012-04-19,2012,avril,jeudi,13:55,80,80021,0,0,2,1,2,1,1,3,3,02,1,1,000,000,1,0,1,4,1,25,0,1,9,01,0,1,2,201200038853A01,7,23,1
201200038856,2012-04-24,2012,avril,mardi,18:45,80,80021,0,0,2,3,3,1,1,4,2,02,1,1,000,000,1,0,1,4,1,42,0,1,2,00,2,7,19,201200038856A01,7,1,1
201200038861,2012-05-03,2012,mai,jeudi,13:25,80,80021,49.89229,2.30769,2,1,3,1,1,4,2,06,1,1,000,000,1,0,1,4,1,57,1,1,9,00,2,8,0,201200038861A01,7,1,1
201200038867,2012-05-14,2012,mai,lundi,17:50,80,80021,49.90986,2.30049,2,1,7,1,1,4,2,02,1,1,000,000,1,0,1,1,1,8,5,1,9,00,1,0,2,201200038867A01,,,
201200038872,2012-05-21,2012,mai,lundi,15:28,80,80021,49.88892,2.29486,2,1,3,1,8,4,2,02,1,1,000,000,2,0,1,4,1,41,0,1,9,00,2,3,1,201200038872B01,7,16,1
201200038874,2012-05-19,2012,mai,samedi,12:05,80,80021,0,0,2,6,3,1,1,3,2,02,1,1,000,000,1,0,1,4,1,25,1,1,9,00,2,4,9,201200038874B01,7,9,1
201200038880,2012-05-28,2012,mai,lundi,12:10,80,80021,49.88376,2.28226,2,2,3,1,1,4,2,02,1,1,000,000,1,0,1,4,1,42,0,1,2,00,2,0,10,201200038880B01,7,15,1
201200038882,2012-05-29,2012,mai,mardi,12:15,80,80021,49.90083,2.29873,2,1,7,1,1,4,2,02,1,1,000,000,1,0,1,4,1,46,5,1,9,00,0,4,1,201200038882A01,,,
201200038899,2012-06-08,2012,juin,vendredi,20:00,80,80021,49.89623,2.30291,2,3,3,1,1,4,2,02,1,1,000,000,1,0,1,4,1,21,5,1,9,00,2,1,1,201200038899A01,7,1,1
201200038902,2012-06-11,2012,juin,lundi,15:35,80,80021,49.89448,2.27811,2,1,2,1,1,4,2,02,1,3,000,000,1,0,1,4,1,42,0,1,2,00,2,4,15,201200038902A01,32,1,1
201200038957,2012-09-11,2012,septembre,mardi,19:30,80,80021,49.87415,2.31773,2,6,3,1,1,4,2,02,1,1,000,000,1,0,1,4,1,16,5,1,9,00,2,1,5,201200038957A01,7,1,1
201200038968,2012-09-27,2012,septembre,jeudi,13:15,80,80021,49.88826,2.28949,2,1,6,1,2,4,2,02,2,1,000,000,2,0,4,1,1,15,5,1,9,00,1,1,1,201200038968A01,,,
201200038975,2012-10-03,2012,octobre,mercredi,14:37,80,80021,49.89549,2.28332,2,3,3,1,1,4,2,02,1,1,000,000,1,0,1,4,1,9,0,1,9,00,2,1,5,201200038975A01,7,15,1
201200038982,2012-10-12,2012,octobre,vendredi,85:0,80,80021,49.88199,2.29875,2,2,3,1,1,4,2,02,1,1,000,000,1,0,1,4,1,19,5,1,9,00,0,0,1,201200038982A01,7,1,1
201200038986,2012-10-16,2012,octobre,mardi,17:30,80,80021,49.8962,2.30307,2,1,5,1,1,4,2,02,1,1,000,000,1,0,1,4,1,32,0,1,9,00,2,1,17,201200038986A01,7,1,2
201200038989,2012-10-22,2012,octobre,lundi,17:45,80,80021,49.90731,2.30176,2,6,6,1,1,4,2,02,1,1,000,000,1,0,1,4,2,11,0,1,2,,,,,201200038989B02,34,1,1
201200038999,2012-11-13,2012,novembre,mardi,82:0,80,80021,49.90754,2.3021,2,6,3,1,3,4,2,02,1,1,000,000,1,0,1,4,1,27,1,1,9,00,2,1,19,201200038999A01,7,1,1
201200039003,2012-11-16,2012,novembre,vendredi,82:5,80,80021,0,0,2,1,3,1,1,3,2,02,1,1,000,000,1,0,1,4,2,46,1,1,9,00,2,7,19,201200039003B01,7,1,1
201200039021,2012-12-04,2012,décembre,mardi,15:10,80,80021,49.88861,2.30299,2,2,3,1,1,4,2,02,1,1,000,000,1,0,1,3,1,16,2,1,9,00,2,1,19,201200039021A01,37,13,1
201200039027,2012-12-13,2012,décembre,jeudi,81:5,80,80021,49.89673,2.30042,2,2,3,2,1,4,2,02,1,1,000,000,1,0,1,4,1,18,0,1,9,00,2,0,1,201200039027B01,7,1,1
201200039053,2012-07-15,2012,juillet,dimanche,65:5,81,81004,0,0,2,3,3,2,1,4,2,02,1,-1,000,078,1,0,1,3,1,62,5,1,9,00,9,8,0,201200039053B01,99,1,1
201200039054,2012-07-25,2012,juillet,mercredi,11:45,81,81004,0,0,1,1,7,1,1,4,2,00,1,1,000,070,1,0,1,3,1,57,5,1,2,10,9,1,1,201200039054B01,1,0,1
201200039054,2012-07-25,2012,juillet,mercredi,11:45,81,81004,0,0,1,1,7,1,1,4,2,00,1,1,000,070,1,0,1,2,1,66,5,1,2,14,0,0,0,201200039054A01,1,1,1
201200039055,2012-08-17,2012,août,vendredi,10:15,81,81004,0,0,2,1,3,1,1,4,2,02,1,1,000,076,1,0,1,2,1,80,3,1,2,00,2,8,18,201200039055B01,14,15,1
201200039057,2012-09-25,2012,septembre,mardi,14:15,81,81004,0,0,2,3,3,1,1,4,2,02,2,1,000,080,1,0,1,3,1,52,3,1,2,00,2,1,1,201200039057B01,7,15,1
201200039084,2012-12-14,2012,décembre,vendredi,18:10,82,82033,0,0,1,3,3,3,3,3,2,02,1,1,000,000,2,0,3,2,1,62,5,1,4,00,2,2,2,201200039084B01,7,2,1
201200039108,2012-04-05,2012,avril,jeudi,13:20,82,82121,0,0,2,1,6,1,1,4,1,01,1,1,000,000,1,0,5,3,2,59,0,1,9,01,0,1,1,201200039108B01,7,22,1
201200039116,2012-05-24,2012,mai,jeudi,16:25,82,82121,0,0,2,3,6,1,1,4,1,01,1,1,000,000,1,0,1,1,1,65,2,1,9,00,2,3,15,201200039116A01,7,21,1
201200039131,2012-08-03,2012,août,vendredi,90:0,82,82121,0,0,2,2,3,1,1,4,2,02,1,1,000,000,1,0,1,3,1,57,5,1,2,00,2,1,1,201200039131B01,7,19,1
201200039149,2012-10-26,2012,octobre,vendredi,75:0,82,82121,0,0,2,6,2,2,2,4,2,04,2,3,000,000,2,0,1,3,1,54,1,1,9,00,2,1,2,201200039149B01,7,23,1
201200039157,2012-12-09,2012,décembre,dimanche,10:15,82,82121,0,0,2,6,3,1,7,4,1,01,1,-1,000,000,1,0,1,3,2,69,5,1,9,00,2,7,1,201200039157B01,7,9,1
201200039188,2012-10-19,2012,octobre,vendredi,30:,83,83141,0,0,2,6,6,5,1,3,1,00,1,2,000,086,2,0,1,4,1,24,5,1,4,00,2,3,2,201200039188B01,7,2,1
201200039206,2012-04-03,2012,avril,mardi,15:15,83,83118,43.44024,6.78048,2,1,3,1,1,4,2,02,3,3,000,070,1,0,1,2,2,36,5,1,9,00,2,8,2,201200039206B01,17,17,1
201200039225,2012-07-26,2012,juillet,jeudi,93:0,83,83118,0,0,2,1,7,1,1,4,2,02,2,1,000,000,1,0,1,2,1,69,5,1,9,01,0,0,2,201200039225B01,7,1,1
201200039245,2012-09-02,2012,septembre,dimanche,83:0,83,83061,0,0,2,6,3,1,1,4,2,02,1,1,000,000,1,5,1,3,1,46,5,1,9,00,2,7,1,201200039245B01,7,9,1
201200039323,2012-03-24,2012,mars,samedi,93:5,83,83009,43.13722,5.75233,2,1,6,1,1,4,2,02,2,1,000,000,1,0,1,4,1,45,5,1,9,00,1,1,1,201200039323A01,,,
201200039325,2012-04-12,2012,avril,jeudi,22:50,83,83129,43.10412,5.81859,2,1,1,3,1,4,2,02,1,1,000,080,1,0,1,3,1,54,5,1,4,00,0,0,23,201200039325B01,7,2,1
201200039329,2012-05-01,2012,mai,mardi,11:00,83,83129,0,0,2,1,2,1,1,4,2,02,1,1,000,060,1,0,1,3,1,72,5,1,9,00,0,6,1,201200039329B01,33,1,1
201200039334,2012-05-10,2012,mai,jeudi,12:05,83,83123,0,0,2,6,3,1,1,4,2,02,2,1,000,055,1,0,1,3,1,36,5,1,2,00,0,8,0,201200039334A01,33,1,1
201200039345,2012-07-27,2012,juillet,vendredi,84:5,83,83123,0,0,2,4,3,1,1,9,-1,01,1,-1,120,080,1,0,1,3,1,49,0,1,9,00,2,8,5,201200039345A01,7,1,1
201200039368,2012-12-23,2012,décembre,dimanche,12:30,83,83123,0,0,1,1,2,1,1,3,2,02,2,1,000,062,1,0,1,3,1,76,5,1,2,00,2,6,1,201200039368B01,7,17,1
201200039370,2012-12-27,2012,décembre,jeudi,10:20,83,83009,0,0,2,6,2,1,1,3,-1,01,1,-1,040,040,1,0,1,3,1,59,0,1,9,00,2,4,15,201200039370B01,7,15,1
201200039383,2012-03-20,2012,mars,mardi,84:5,83,83126,43.1156,5.85627,2,1,2,1,1,4,2,02,1,1,000,131,1,,1,3,1,65,0,1,2,00,2,4,13,201200039383B01,7,21,1
201200039491,2012-04-27,2012,avril,vendredi,85:0,83,83137,43.10845,5.96345,2,1,2,1,1,4,1,02,2,1,020,058,1,0,1,3,1,78,5,1,9,00,2,4,2,201200039491B01,7,2,1
201200039518,2012-06-05,2012,juin,mardi,85:0,83,83090,0,0,2,1,3,1,1,4,3,02,1,1,000,000,1,0,1,3,1,83,5,1,9,12,2,0,1,201200039518B01,37,17,1
201200039529,2012-06-07,2012,juin,jeudi,81:5,83,83137,0,0,2,1,6,1,1,4,2,03,1,2,000,000,1,,1,4,2,34,1,1,2,00,2,8,1,201200039529B01,37,15,1
201200039547,2012-06-29,2012,juin,vendredi,16:00,83,83137,0,0,2,2,3,1,1,4,1,03,4,1,000,093,1,0,1,3,2,56,5,1,2,00,2,1,1,201200039547B01,7,15,1
201200039564,2012-07-23,2012,juillet,lundi,19:55,83,83137,0,0,2,1,3,1,1,4,2,01,1,3,000,060,1,0,1,3,2,4,5,1,9,00,0,3,19,201200039564B01,2,21,1
201200039566,2012-07-03,2012,juillet,mardi,71:0,83,83144,0,0,2,6,3,1,1,4,1,02,1,2,000,000,1,5,1,4,1,31,1,1,9,00,2,5,2,201200039566B01,7,2,1
201200039597,2012-09-07,2012,septembre,vendredi,12:30,83,83137,0,0,2,5,3,1,1,4,3,01,2,-1,000,000,1,0,0,4,1,37,1,1,9,00,2,7,19,201200039597B01,7,16,1
201200039668,2012-11-28,2012,novembre,mercredi,65:0,83,83137,0,0,2,1,3,2,2,4,1,02,1,1,000,062,2,0,1,4,2,23,2,1,4,00,2,1,19,201200039668B01,7,0,1
201200039676,2012-12-06,2012,décembre,jeudi,61:0,83,83137,0,0,2,6,3,5,1,4,2,03,4,1,000,000,1,0,1,3,1,52,1,1,9,00,2,1,1,201200039676B01,7,9,1
201200039684,2012-12-26,2012,décembre,mercredi,16:22,83,83098,0,0,2,1,6,1,1,9,2,02,1,1,000,020,1,0,5,4,1,54,5,1,2,00,1,1,0,201200039684A01,,,
201200039697,2012-03-29,2012,mars,jeudi,17:45,84,84007,0,0,2,3,2,1,1,4,2,02,1,1,000,074,1,0,5,4,1,27,1,1,9,00,2,4,11,201200039697A01,7,16,1
201200039711,2012-07-24,2012,juillet,mardi,23:35,84,84007,0,0,2,3,3,5,1,4,2,02,1,1,000,000,1,0,1,4,1,16,5,1,2,00,2,1,1,201200039711A01,7,1,1
201200039714,2012-08-04,2012,août,samedi,10:15,84,84007,0,0,1,1,7,1,1,4,2,02,1,1,000,070,1,0,1,3,1,57,5,1,2,14,0,1,1,201200039714A01,,,
201200039756,2012-07-07,2012,juillet,samedi,13:00,84,84087,0,0,2,6,3,1,1,4,2,02,1,1,015,106,1,5,1,3,1,14,5,1,2,00,2,8,19,201200039756B01,7,16,1
201200039765,2012-02-29,2012,février,mercredi,13:45,85,85191,46.69892,-1.42968,2,1,7,1,1,3,1,02,1,2,000,055,1,5,1,3,2,51,1,1,4,00,2,1,0,201200039765B01,7,0,1
201200039774,2012-06-30,2012,juin,samedi,17:50,85,85191,0,0,2,6,6,1,1,3,2,02,1,1,000,114,1,5,1,4,1,19,5,1,9,00,2,1,9,201200039774B01,7,1,1
201200039777,2012-07-24,2012,juillet,mardi,13:50,85,85191,0,0,2,1,3,1,7,3,4,02,2,1,000,108,1,0,1,4,1,35,5,1,4,00,2,8,1,201200039777B01,7,15,1
201200039780,2012-09-27,2012,septembre,jeudi,92:0,85,85191,0,0,1,3,3,1,1,3,2,02,1,1,000,070,1,0,1,3,2,57,5,1,9,00,0,1,23,201200039780B01,7,15,1
201200039785,2012-11-28,2012,novembre,mercredi,20:30,85,85191,0,0,2,1,1,5,1,3,2,02,1,1,000,100,1,0,1,3,1,18,5,1,9,00,2,7,19,201200039785B01,7,1,1
201200039789,2012-12-18,2012,décembre,mardi,93:0,85,85191,46.65287,-1.44341,2,1,7,1,1,4,1,02,1,2,000,045,2,0,1,3,2,74,5,1,2,00,0,0,0,201200039789B01,7,0,1
201200039790,2012-12-27,2012,décembre,jeudi,20:20,85,85191,46.69485,-1.43234,2,3,6,5,3,4,2,02,1,1,000,070,2,0,1,3,1,26,1,1,4,00,0,1,1,201200039790B01,10,9,1
201200039792,2012-01-16,2012,janvier,lundi,11:20,85,85194,0,0,2,1,6,1,1,3,2,00,1,1,000,000,1,0,5,3,2,20,5,1,9,01,0,1,1,201200039792B01,7,0,1
201200039796,2012-02-29,2012,février,mercredi,15:15,85,85060,46.49248,-1.74996,2,6,3,1,1,4,1,01,1,2,000,000,1,0,5,3,2,63,0,1,9,00,2,8,1,201200039796B01,7,9,1
201200039800,2012-04-08,2012,avril,dimanche,11:55,85,85194,0,0,2,1,3,1,1,3,2,02,1,1,000,000,1,0,1,3,2,61,5,1,9,00,2,7,19,201200039800B01,7,1,1
201200039802,2012-05-06,2012,mai,dimanche,16:10,85,85194,46.50019,-1.79542,2,1,6,1,1,4,1,01,1,1,000,000,1,0,1,4,1,9,5,1,9,00,2,0,9,201200039802A01,7,1,1
201200039803,2012-05-09,2012,mai,mercredi,10:00,85,85060,46.49248,-1.74989,2,6,6,1,1,4,2,00,1,1,000,000,1,0,1,4,2,61,5,1,9,00,2,2,1,201200039803B01,7,12,1
201200039807,2012-06-20,2012,juin,mercredi,11:10,85,85194,0,0,2,6,3,1,1,3,-1,00,1,-1,000,000,1,5,1,2,2,68,5,1,9,00,2,1,1,201200039807B01,7,9,1
201200039809,2012-07-14,2012,juillet,samedi,18:40,85,85060,0,0,2,1,6,1,1,3,2,01,1,1,000,000,1,0,5,4,2,56,5,1,9,00,2,1,1,201200039809B01,7,23,1
201200039813,2012-08-25,2012,août,samedi,18:00,85,85194,46.49315,-1.77766,2,1,6,1,1,4,2,00,1,1,000,000,1,0,5,1,1,47,5,1,9,00,2,8,18,201200039813A01,1,14,1
201200039813,2012-08-25,2012,août,samedi,18:00,85,85194,46.49315,-1.77766,2,1,6,1,1,4,2,00,1,1,000,000,1,0,5,4,2,56,5,1,9,00,2,8,14,201200039813B01,1,18,1
201200039820,2012-10-10,2012,octobre,mercredi,15:10,85,85060,46.50188,-1.75902,2,6,2,1,1,4,2,01,1,2,000,000,1,0,1,3,1,17,0,1,9,00,2,4,1,201200039820A01,7,9,1
201200039827,2012-12-03,2012,décembre,lundi,17:55,85,85194,0,0,2,1,3,5,2,3,2,00,1,1,000,000,2,0,1,3,1,64,5,1,9,00,2,8,19,201200039827B01,7,1,1
201200039840,2012-01-09,2012,janvier,lundi,81:5,86,86194,0,0,2,1,6,1,1,4,2,02,1,1,000,070,1,0,1,4,2,17,2,1,9,00,2,1,1,201200039840B01,7,22,1
201200039858,2012-03-19,2012,mars,lundi,10:10,86,86194,0,0,2,6,3,1,1,4,2,02,1,-1,040,062,1,0,1,4,1,22,0,1,9,00,2,1,1,201200039858B01,7,9,1
201200039937,2012-11-30,2012,novembre,vendredi,17:05,86,86194,0,0,2,1,3,3,8,4,2,02,2,1,000,078,1,0,1,3,1,19,0,1,9,00,2,1,1,201200039937B01,7,15,1
201200039965,2012-01-12,2012,janvier,jeudi,14:13,87,87085,0,0,2,1,2,1,1,4,2,02,-1,1,000,060,1,0,1,4,1,16,2,1,2,00,2,1,2,201200039965A01,7,23,1
201200039988,2012-02-23,2012,février,jeudi,13:57,87,87085,0,0,2,1,6,1,2,4,2,02,1,1,000,060,2,0,1,4,1,29,1,1,2,00,2,4,1,201200039988B01,7,2,1
201200040038,2012-04-22,2012,avril,dimanche,17:14,87,87085,0,0,2,1,6,1,1,4,2,01,1,1,000,040,1,0,1,4,1,7,5,1,2,00,2,1,13,201200040038B01,7,1,1
201200040064,2012-05-29,2012,mai,mardi,17:04,87,87085,0,0,2,3,3,1,1,4,2,02,1,1,000,060,1,0,1,4,1,38,1,1,9,00,2,1,15,201200040064A01,7,15,1
201200040072,2012-06-04,2012,juin,lundi,15:48,87,87085,0,0,2,1,6,1,1,4,2,02,1,1,000,060,1,0,1,4,1,24,4,1,2,16,0,1,1,201200040072A01,,,
201200040086,2012-06-18,2012,juin,lundi,17:38,87,87085,0,0,2,3,3,1,1,4,2,02,-1,1,000,060,1,0,1,4,1,26,5,1,2,00,2,1,1,201200040086B01,7,15,1
201200040109,2012-07-15,2012,juillet,dimanche,13:40,87,87085,0,0,2,1,3,1,1,4,2,02,-1,1,000,060,1,0,1,4,1,10,5,1,2,00,2,8,9,201200040109A01,7,1,1
201200040117,2012-07-26,2012,juillet,jeudi,23:16,87,87085,0,0,2,1,2,5,1,4,2,02,-1,1,000,080,1,0,1,3,1,40,1,1,4,00,2,4,1,201200040117B01,7,1,1
201200040156,2012-09-05,2012,septembre,mercredi,83:5,87,87075,0,0,2,3,3,1,1,4,2,02,-1,1,000,060,1,0,1,4,2,28,1,1,2,00,2,1,1,201200040156B01,7,15,1
201200040158,2012-09-05,2012,septembre,mercredi,17:39,87,87085,0,0,2,2,6,1,1,4,3,04,-1,1,050,120,1,0,1,3,1,13,5,1,2,00,2,0,19,201200040158B01,7,16,1
201200040175,2012-09-17,2012,septembre,lundi,17:48,87,87075,0,0,1,1,3,4,1,2,2,03,1,-1,000,090,1,0,1,4,1,57,5,1,9,00,2,0,1,201200040175B01,10,15,1
201200040218,2012-10-23,2012,octobre,mardi,74:1,87,87085,0,0,2,1,4,5,1,4,2,02,-1,1,000,060,1,0,1,4,2,22,2,1,2,00,2,6,15,201200040218C01,7,23/2,2
201200040221,2012-10-24,2012,octobre,mercredi,74:6,87,87085,0,0,2,1,6,5,5,4,2,02,1,1,000,060,1,0,1,4,1,48,1,1,9,00,2,1,1,201200040221B01,7,9,1
201200040267,2012-12-06,2012,décembre,jeudi,17:39,87,87085,0,0,2,1,6,5,1,4,2,02,-1,1,000,090,1,0,1,4,1,53,1,1,2,00,0,0,21,201200040267A01,,,
201200040299,2012-06-28,2012,juin,jeudi,12:20,88,88160,48.17587,6.44303,2,2,6,1,1,3,2,04,1,1,000,000,1,0,1,3,1,42,1,1,9,00,2,1,1,201200040299B01,7,15,1
201200040302,2012-07-05,2012,juillet,jeudi,17:50,88,88160,48.1734,6.44645,2,1,2,1,1,3,2,03,1,1,000,081,1,0,1,3,1,18,5,1,2,00,2,1,2,201200040302A01,7,1,1
201200040328,2012-04-21,2012,avril,samedi,35:,88,88424,48.275,6.96615,2,6,3,5,1,3,1,01,1,2,140,075,1,5,1,4,1,22,1,1,4,00,2,2,1,201200040328B01,7,15,1
201200040330,2012-04-26,2012,avril,jeudi,90:0,88,88424,48.2713,6.97196,2,1,3,1,1,3,1,02,1,1,000,000,1,0,5,3,2,72,3,1,4,00,2,8,1,201200040330A01,7,16,1
201200040334,2012-05-22,2012,mai,mardi,12:05,88,88413,48.27799,6.95369,2,2,3,1,1,4,2,,1,1,,,1,,,4,1,45,1,1,4,00,2,1,17,201200040334A01,7,17,1
201200040347,2012-10-01,2012,octobre,lundi,17:28,88,88424,48.26957,6.97571,2,1,2,1,1,3,2,02,1,1,030,090,1,0,1,3,1,38,5,1,9,01,0,1,2,201200040347A01,7,23,1
201200040357,2012-01-25,2012,janvier,mercredi,18:10,89,89024,47.79592,3.56407,2,2,3,5,1,4,2,01,1,1,054,000,1,0,5,4,1,14,5,1,9,00,2,1,1,201200040357A01,7,1,1
201200040364,2012-08-02,2012,août,jeudi,15:40,89,89024,47.80016,3.56705,2,3,3,1,1,4,2,02,4,1,000,000,1,0,1,4,1,18,5,1,2,00,2,1,1,201200040364A01,7,1,1
201200040371,2012-10-09,2012,octobre,mardi,12:35,89,89024,47.80652,3.58338,2,2,3,1,1,2,2,02,1,1,000,096,1,0,1,3,1,29,1,1,9,00,2,1,1,201200040371A01,7,1,1
201200040379,2012-12-29,2012,décembre,samedi,17:20,89,89024,47.79541,3.5778,2,2,3,2,1,2,2,02,1,1,000,000,1,2,1,4,2,22,5,1,9,00,2,7,1,201200040379B01,7,15,1
201200040414,2012-01-13,2012,janvier,vendredi,75:9,90,90010,0,0,2,1,6,2,5,4,2,02,1,1,000,090,2,0,1,4,1,22,2,1,9,01,0,1,2,201200040414B01,7,2,1
201200040426,2012-02-27,2012,février,lundi,15:55,90,90010,0,0,2,1,3,1,1,4,3,02,1,-1,000,090,1,0,1,4,2,10,5,1,9,00,2,1,1,201200040426B01,7,1,1
201200040426,2012-02-27,2012,février,lundi,15:55,90,90010,0,0,2,1,3,1,1,4,3,02,1,-1,000,090,1,0,1,1,2,10,5,1,9,00,2,1,1,201200040426B01,7,1,1
201200040434,2012-03-12,2012,mars,lundi,14:10,90,90010,0,0,2,1,3,1,1,3,2,02,4,1,000,000,1,0,1,4,2,54,5,1,4,00,2,1,17,201200040434A01,7,11,1
201200040441,2012-03-21,2012,mars,mercredi,15:25,90,90099,0,0,2,1,3,1,1,4,2,02,1,-1,000,000,1,0,1,4,1,9,5,1,9,00,2,5,0,201200040441B01,37,0,1
201200040464,2012-04-30,2012,avril,lundi,16:40,90,90075,0,0,2,1,7,1,1,3,2,02,1,1,000,000,1,0,1,4,1,55,0,1,2,00,0,0,1,201200040464A01,,,
201200040465,2012-04-30,2012,avril,lundi,18:08,90,90010,0,0,2,2,3,1,1,4,4,03,1,1,000,090,1,6,1,4,2,30,5,1,9,00,2,7,1,201200040465B01,7,16,1
201200040468,2012-05-11,2012,mai,vendredi,12:17,90,90099,0,0,2,1,3,1,1,3,2,02,1,1,000,060,1,0,1,4,2,52,5,1,9,00,2,0,0,201200040468B01,7,15,1
201200040473,2012-06-01,2012,juin,vendredi,10:30,90,90010,0,0,2,1,6,1,1,3,1,02,1,-1,000,100,1,0,1,4,1,17,2,1,9,00,2,8,0,201200040473C01,7,0,1
201200040474,2012-06-02,2012,juin,samedi,19:55,90,90010,0,0,2,1,6,1,1,4,2,02,1,1,800,060,1,0,1,4,1,11,5,1,2,00,2,8,2,201200040474B01,7,2,1
201200040480,2012-06-19,2012,juin,mardi,16:25,90,90008,0,0,2,1,6,1,1,3,2,02,-1,-1,000,000,1,0,5,4,1,57,0,1,2,00,1,1,1,201200040480A01,,,
201200040480,2012-06-19,2012,juin,mardi,16:25,90,90008,0,0,2,1,6,1,1,3,2,02,-1,-1,000,000,1,0,5,1,1,26,9,1,9,00,1,1,1,201200040480A01,,,
201200040491,2012-07-02,2012,juillet,lundi,17:30,90,90010,0,0,2,1,6,1,1,4,-1,00,1,1,000,000,1,0,4,4,1,19,5,1,9,01,0,1,17,201200040491B01,7,22,1
201200040496,2012-07-17,2012,juillet,mardi,93:3,90,90010,0,0,2,1,3,1,1,4,-1,02,1,-1,000,080,-1,0,1,4,1,58,5,1,9,00,2,2,2,201200040496A01,1,2,1
201200040496,2012-07-17,2012,juillet,mardi,93:3,90,90010,0,0,2,1,3,1,1,4,-1,02,1,-1,000,080,-1,0,1,1,1,40,5,1,2,00,2,5,2,201200040496B01,1,2,1
201200040498,2012-07-19,2012,juillet,jeudi,11:25,90,90010,0,0,2,3,3,1,1,4,1,00,1,1,000,000,1,0,4,4,1,20,0,1,9,00,2,8,0,201200040498B01,7,0,1
201200040503,2012-07-31,2012,juillet,mardi,17:00,90,90010,0,0,2,1,2,1,1,4,2,02,2,1,000,000,1,0,1,4,1,17,5,1,9,00,2,1,2,201200040503A01,7,2,1
201200040504,2012-07-31,2012,juillet,mardi,18:10,90,90010,0,0,2,1,3,1,1,3,2,00,2,-1,000,000,1,0,1,4,1,21,5,1,9,00,2,1,0,201200040504B01,7,16,1
201200040509,2012-08-17,2012,août,vendredi,10:30,90,90008,0,0,2,6,1,1,7,3,1,01,1,2,000,050,1,0,1,4,1,60,0,1,9,00,0,1,16,201200040509B01,7,9,1
201200040516,2012-09-04,2012,septembre,mardi,90:0,90,90010,0,0,2,1,3,1,1,3,2,02,1,1,000,000,1,0,1,4,1,30,9,1,9,01,0,1,0,201200040516B01,7,22,1
201200040528,2012-10-02,2012,octobre,mardi,20:02,90,90010,0,0,2,2,3,5,1,3,-1,00,1,1,000,000,1,0,1,4,1,34,5,1,9,00,2,0,1,201200040528A01,37,1,1
201200040530,2012-10-04,2012,octobre,jeudi,11:10,90,90010,0,0,2,1,6,1,2,3,3,04,1,1,000,122,2,0,5,4,1,45,0,1,2,00,1,1,2,201200040530A01,,,
201200040537,2012-10-23,2012,octobre,mardi,16:50,90,90010,0,0,2,1,6,1,1,4,2,00,1,1,000,000,1,0,4,1,1,26,0,1,9,00,1,0,0,201200040537A01,,,
201200040549,2012-11-16,2012,novembre,vendredi,73:0,90,90010,0,0,2,1,6,2,8,3,-1,00,1,1,000,000,2,0,1,4,2,42,1,1,9,00,0,8,19,201200040549A01,,,
201200040550,2012-11-16,2012,novembre,vendredi,16:16,90,90010,0,0,2,1,6,1,1,3,-1,01,1,1,000,100,1,0,4,1,1,33,5,1,9,00,1,1,5,201200040550A01,,,
201200040551,2012-11-20,2012,novembre,mardi,94:3,90,90010,0,0,2,1,1,1,1,3,2,03,2,1,000,120,1,0,1,4,2,23,1,1,9,00,2,1,0,201200040551B01,7,9,1