Num_Acc,date,an,mois,jour,hrmn,dep,com,lat,long,agg,int,col,lum,atm,catr,circ,nbv,prof,plan,lartpc,larrout,surf,infra,situ,grav,sexe,age,trajet,secuexist,equipement,obs,obsm,choc,manv,vehiculeid,typevehicules,manoeuvehicules,numVehicules
201200040553,2012-11-30,2012,novembre,vendredi,19:15,90,90010,0,0,2,1,7,2,1,5,-1,00,1,1,000,000,1,6,1,4,1,30,4,1,9,00,0,0,0,201200040553A01,,,
201200040566,2012-12-29,2012,décembre,samedi,11:25,90,90099,0,0,2,1,6,1,8,3,-1,00,1,1,000,000,-1,0,1,3,2,49,9,1,9,00,0,0,0,201200040566Y01,7,0,1
201200040581,2012-03-15,2012,mars,jeudi,15:00,91,91457,0,0,2,1,1,1,1,4,1,02,1,1,000,000,1,0,1,4,1,14,2,1,2,00,2,8,15,201200040581A01,7,1,1
201200040593,2012-04-20,2012,avril,vendredi,17:55,91,91457,0,0,2,2,1,1,1,3,2,02,4,1,000,000,1,0,1,4,1,35,9,1,2,00,2,1,1,201200040593B01,7,15,1
201200040601,2012-05-25,2012,mai,vendredi,14:15,91,91103,0,0,1,1,3,1,1,3,3,02,1,-1,000,025,1,0,1,4,1,39,0,1,2,00,2,7,1,201200040601B01,7,9,1
201200040639,2012-09-01,2012,septembre,samedi,13:00,91,91347,0,0,2,1,3,1,1,4,2,02,2,1,000,000,1,0,1,4,1,40,9,1,2,00,2,7,1,201200040639A01,7,1,1
201200040642,2012-09-18,2012,septembre,mardi,20:17,91,91103,0,0,2,2,3,5,1,4,2,02,1,1,000,025,1,0,1,4,1,14,0,1,9,00,2,7,19,201200040642A01,7,2,1
201200040644,2012-09-19,2012,septembre,mercredi,81:5,91,91103,0,0,2,1,2,1,1,4,2,02,2,1,000,025,1,0,1,4,1,11,0,1,2,00,2,1,1,201200040644A01,7,2,1
201200040652,2012-10-10,2012,octobre,mercredi,11:15,91,91103,0,0,2,6,3,1,2,4,1,01,1,2,000,025,2,0,1,4,2,21,0,1,2,00,2,8,1,201200040652B01,7,1,1
201200040661,2012-10-29,2012,octobre,lundi,19:35,91,91347,0,0,2,1,1,3,1,4,2,02,1,1,000,000,1,0,5,3,1,43,5,1,9,00,2,9,3,201200040661A01,1,1,1
201200040661,2012-10-29,2012,octobre,lundi,19:35,91,91347,0,0,2,1,1,3,1,4,2,02,1,1,000,000,1,0,5,4,1,47,1,1,4,00,2,9,1,201200040661B01,1,3,1
201200040690,2012-11-13,2012,novembre,mardi,17:30,91,91027,0,0,2,3,7,5,1,3,3,02,1,1,000,000,1,0,1,3,1,52,1,1,2,00,2,4,1,201200040690B01,7,11,1
201200040707,2012-04-06,2012,avril,vendredi,12:30,91,91114,0,0,2,6,3,1,1,3,1,02,1,2,,,1,5,1,4,1,16,0,1,9,00,2,1,1,201200040707A01,7,16,1
201200040717,2012-05-15,2012,mai,mardi,11:40,91,91114,0,0,2,6,3,1,1,3,2,02,1,3,000,080,1,0,1,4,2,19,2,1,9,00,2,1,1,201200040717A01,7,16,1
201200040719,2012-06-06,2012,juin,mercredi,17:40,91,91097,0,0,2,1,3,1,1,4,2,02,1,1,000,100,1,0,1,4,1,12,0,1,2,00,2,7,1,201200040719B01,7,1,1
201200040732,2012-08-18,2012,août,samedi,12:20,91,91215,0,0,2,6,3,1,1,3,2,02,1,2,000,080,1,0,1,4,1,9,5,1,9,00,2,4,19,201200040732B01,7,1,1
201200040739,2012-09-22,2012,septembre,samedi,19:50,91,91114,0,0,2,3,3,2,1,3,2,02,1,3,000,100,1,0,5,4,1,19,0,1,9,00,2,2,1,201200040739B01,30,1,1
201200040744,2012-10-15,2012,octobre,lundi,10:25,91,91097,0,0,2,6,3,1,1,3,3,04,2,1,000,200,2,0,1,4,1,16,2,1,9,00,2,7,1,201200040744B01,7,1,1
201200040784,2012-06-06,2012,juin,mercredi,13:30,91,91174,0,0,2,3,1,1,1,4,1,01,1,2,000,000,1,0,1,4,2,12,5,1,8,00,2,7,19,201200040784B01,7,1,1
201200040787,2012-07-25,2012,juillet,mercredi,90:5,91,91174,0,0,2,6,1,1,1,3,1,01,1,3,000,000,1,0,1,4,1,27,1,1,9,00,2,7,16,201200040787B01,7,1,1
201200040788,2012-07-20,2012,juillet,vendredi,22:30,91,91174,0,0,2,1,1,5,1,4,2,02,1,3,000,000,1,0,1,4,1,9,5,1,9,00,2,8,19,201200040788B01,7,1,1
201200040807,2012-07-04,2012,juillet,mercredi,14:40,91,91174,0,0,2,1,3,1,1,4,2,02,1,1,000,000,1,0,1,3,1,20,5,1,8,00,2,1,16,201200040807B01,7,1,1
201200040845,2012-01-29,2012,janvier,dimanche,17:35,91,91201,0,0,2,2,3,2,1,4,2,02,1,1,000,000,1,0,1,4,1,16,0,1,9,00,2,1,1,201200040845B01,7,1,1
201200040852,2012-03-13,2012,mars,mardi,16:30,91,91657,0,0,2,1,3,1,1,3,3,02,1,1,000,000,1,0,1,4,2,13,5,1,9,00,2,7,19,201200040852B01,7,1,1
201200040864,2012-04-08,2012,avril,dimanche,21:15,91,91657,0,0,2,2,3,1,2,4,2,02,1,1,000,000,2,0,1,4,2,17,5,1,2,00,2,1,1,201200040864A01,10,1,1
201200040867,2012-03-24,2012,mars,samedi,17:05,91,91657,0,0,2,2,3,1,1,4,2,02,1,1,000,000,1,0,1,4,1,13,0,1,9,00,2,2,1,201200040867B01,7,1,1
201200040872,2012-04-20,2012,avril,vendredi,17:20,91,91657,0,0,2,1,3,1,1,3,2,02,2,1,000,000,1,0,5,4,2,22,1,1,2,00,2,8,1,201200040872B01,99,1,1
201200040878,2012-04-03,2012,avril,mardi,10:35,91,91201,0,0,2,2,3,1,1,4,2,02,1,1,000,000,1,0,1,4,1,17,9,1,9,00,2,7,1,201200040878B01,7,15,1
201200040883,2012-05-05,2012,mai,samedi,14:55,91,91201,0,0,2,1,2,1,1,4,1,01,1,4,000,000,1,0,1,4,1,79,5,1,2,00,2,8,1,201200040883B01,7,1,1
201200040908,2012-08-08,2012,août,mercredi,16:10,91,91201,0,0,2,1,1,1,1,3,2,02,1,1,000,000,1,0,5,4,2,65,5,1,2,00,2,1,1,201200040908A01,1,1,1
201200040908,2012-08-08,2012,août,mercredi,16:10,91,91201,0,0,2,1,1,1,1,3,2,02,1,1,000,000,1,0,5,1,1,12,5,1,9,00,2,1,1,201200040908B01,1,1,1
201200040910,2012-08-26,2012,août,dimanche,15:00,91,91201,0,0,2,3,3,1,1,4,2,02,1,1,000,000,1,0,1,4,1,11,5,1,2,00,2,1,1,201200040910B01,7,1,1
201200040916,2012-09-13,2012,septembre,jeudi,83:5,91,91657,0,0,2,3,3,1,1,4,2,02,1,1,000,000,1,0,1,4,1,22,5,1,2,00,2,1,16,201200040916A01,7,1,1
201200040923,2012-09-19,2012,septembre,mercredi,11:50,91,91201,0,0,2,3,3,1,1,4,2,02,1,1,000,000,1,0,1,4,1,16,5,1,2,00,2,1,1,201200040923A01,7,1,1
201200040956,2012-03-10,2012,mars,samedi,82:5,91,91109,0,0,2,1,7,1,1,3,2,02,1,1,000,000,2,0,1,4,2,44,0,1,9,00,0,8,13,201200040956A01,,,
201200040994,2012-08-30,2012,août,jeudi,15:45,91,91223,0,0,2,1,3,1,1,6,-1,00,1,1,000,000,1,0,1,4,1,23,0,1,9,00,2,1,1,201200040994B01,7,1,1
201200041015,2012-11-06,2012,novembre,mardi,20:30,91,91223,0,0,2,1,6,5,1,4,2,02,1,1,000,030,1,0,1,4,1,18,0,1,9,00,9,1,1,201200041015A01,,,
201200041062,2012-09-03,2012,septembre,lundi,10:10,91,91687,0,0,2,1,3,1,1,4,3,02,1,1,000,000,1,0,1,4,1,75,0,1,9,00,2,8,19,201200041062B02,7,1,1
201200041107,2012-10-04,2012,octobre,jeudi,80:0,91,91345,0,0,2,2,2,2,2,4,2,02,3,1,000,035,2,0,1,4,1,16,2,1,9,00,2,4,1,201200041107A01,7,2,1
201200041114,2012-12-29,2012,décembre,samedi,12:05,91,91161,0,0,2,3,3,1,1,3,2,02,1,1,000,068,1,0,5,3,1,63,5,1,2,00,2,8,19,201200041114Y01,7,15,1
201200041121,2012-06-30,2012,juin,samedi,16:10,91,91377,0,0,2,1,3,1,1,4,2,02,1,1,000,000,1,0,1,3,1,79,5,1,2,00,2,1,1,201200041121B01,7,1,1
201200041132,2012-02-11,2012,février,samedi,95:0,91,91421,0,0,2,3,3,1,1,3,2,02,1,1,000,060,1,0,1,4,1,73,0,1,9,00,2,8,1,201200041132B01,7,15,1
201200041133,2012-02-17,2012,février,vendredi,16:55,91,91691,0,0,2,1,2,1,1,4,2,02,2,1,000,070,1,0,1,1,1,29,5,1,2,00,2,6,1,201200041133A01,1,2,1
201200041133,2012-02-17,2012,février,vendredi,16:55,91,91691,0,0,2,1,2,1,1,4,2,02,2,1,000,070,1,0,1,4,1,81,5,1,9,00,2,1,2,201200041133B01,1,1,1
201200041135,2012-02-22,2012,février,mercredi,82:0,91,91691,0,0,2,1,3,1,1,3,2,02,1,1,000,070,1,0,1,3,2,64,0,1,9,00,2,4,2,201200041135B01,7,1,1
201200041136,2012-02-22,2012,février,mercredi,82:0,91,91421,0,0,2,1,3,2,1,3,2,02,1,1,000,070,1,0,1,3,2,64,0,1,9,00,2,8,1,201200041136B01,7,9,1
201200041162,2012-06-20,2012,juin,mercredi,19:00,91,91691,0,0,2,1,3,1,1,4,2,02,2,1,000,070,1,0,1,4,1,17,0,1,2,00,2,1,2,201200041162B01,7,1,1
201200041178,2012-08-30,2012,août,jeudi,18:17,91,91691,0,0,2,6,3,1,1,3,1,01,1,2,000,040,1,0,1,4,1,41,0,1,2,00,2,8,9,201200041178B01,7,1,1
201200041213,2012-01-05,2012,janvier,jeudi,17:25,91,91122,0,0,2,3,3,1,1,3,2,02,1,1,000,000,1,0,1,4,1,19,5,1,2,00,2,1,1,201200041213B01,7,15,1
201200041216,2012-01-13,2012,janvier,vendredi,12:40,91,91477,0,0,2,1,6,1,1,4,1,01,1,1,000,000,1,0,3,4,1,37,0,1,2,01,0,1,1,201200041216A01,,,
201200041225,2012-01-28,2012,janvier,samedi,16:15,91,91477,0,0,2,1,2,1,1,4,1,01,2,1,000,000,1,0,1,4,1,12,0,1,9,00,2,1,1,201200041225A01,7,23,1
201200041247,2012-03-21,2012,mars,mercredi,18:20,91,91471,0,0,2,1,7,1,1,4,2,02,1,1,000,000,1,0,1,4,2,46,1,1,2,16,0,0,1,201200041247A01,,,
201200041266,2012-05-04,2012,mai,vendredi,14:40,91,91064,0,0,2,1,7,1,1,4,2,02,1,1,000,000,1,0,1,4,1,77,5,1,2,00,0,1,1,201200041266A01,,,
201200041268,2012-05-10,2012,mai,jeudi,11:05,91,91477,0,0,2,6,3,1,1,4,2,02,1,1,000,000,1,0,1,3,1,76,0,1,2,00,2,7,1,201200041268B01,13,1,1
201200041271,2012-05-31,2012,mai,jeudi,12:10,91,91122,0,0,2,1,7,1,1,3,2,02,1,1,000,000,1,0,1,4,2,30,0,1,2,16,0,0,1,201200041271A01,,,
201200041277,2012-06-19,2012,juin,mardi,17:50,91,91471,0,0,2,1,1,1,1,3,2,02,1,1,000,000,1,0,1,4,1,26,0,1,2,00,2,1,1,201200041277B01,7,1,1
201200041285,2012-07-12,2012,juillet,jeudi,16:40,91,91312,0,0,2,1,7,1,1,4,2,02,1,1,000,000,1,0,1,4,1,34,0,1,2,00,0,0,0,201200041285A01,,,
201200041299,2012-08-20,2012,août,lundi,17:00,91,91477,0,0,2,1,6,1,1,4,2,02,1,1,000,000,1,0,1,1,1,21,0,1,2,00,1,1,1,201200041299A01,,,
201200041302,2012-08-29,2012,août,mercredi,90:0,91,91692,0,0,2,1,1,1,1,4,2,02,1,1,000,000,1,0,1,4,1,24,0,1,2,00,2,1,1,201200041302A01,7,1,1
201200041303,2012-08-29,2012,août,mercredi,18:00,91,91477,0,0,2,1,6,1,1,4,2,02,1,1,000,000,1,0,1,1,1,30,0,1,2,00,1,1,1,201200041303A01,,,
201200041305,2012-09-02,2012,septembre,dimanche,18:00,91,91471,0,0,2,1,3,1,1,4,2,02,1,1,000,000,1,0,1,4,2,20,0,1,2,00,2,8,2,201200041305B01,7,1,1
201200041328,2012-10-19,2012,octobre,vendredi,20:15,91,91064,0,0,2,1,6,5,2,3,3,02,1,1,000,070,2,0,1,3,1,56,5,1,9,14,0,1,1,201200041328A01,,,
201200041385,2012-09-04,2012,septembre,mardi,14:20,91,91549,0,0,2,1,2,1,1,3,2,02,1,1,000,000,1,0,1,3,1,75,0,1,2,00,2,1,2,201200041385B01,7,24,1
201200041396,2012-11-07,2012,novembre,mercredi,72:0,91,91216,0,0,1,3,2,2,1,3,3,04,1,1,010,140,1,0,1,3,1,70,5,1,4,00,2,4,2,201200041396B01,7,1,1
201200041412,2012-02-20,2012,février,lundi,75:0,91,91589,0,0,2,1,3,1,1,4,2,02,1,1,000,000,1,0,1,4,1,58,0,1,4,00,2,8,1,201200041412B01,7,17,1
201200041426,2012-05-14,2012,mai,lundi,14:00,91,91432,0,0,2,3,3,1,1,4,2,02,1,1,000,000,1,0,1,3,1,38,5,1,9,00,2,8,1,201200041426A01,30,2,1
201200041477,2012-04-22,2012,avril,dimanche,18:40,92,92002,0,0,2,5,6,1,1,3,3,03,1,1,000,000,1,0,0,4,2,11,5,1,2,00,0,8,1,201200041477B02,7,0,1
201200041506,2012-01-18,2012,janvier,mercredi,12:00,92,92004,0,0,2,1,3,1,1,3,1,00,1,1,000,000,1,0,1,4,2,61,9,1,2,00,2,1,1,201200041506B01,7,22,1
201200041520,2012-03-09,2012,mars,vendredi,93:5,92,92004,0,0,2,2,2,1,1,4,1,01,1,1,000,000,1,0,1,4,1,60,5,1,2,00,2,1,1,201200041520B01,7,20,1
201200041524,2012-03-16,2012,mars,vendredi,18:30,92,92004,0,0,2,1,2,1,1,4,2,02,1,1,000,000,1,0,1,4,2,56,5,1,2,00,2,4,23,201200041524B01,33,1,1
201200041529,2012-03-21,2012,mars,mercredi,18:15,92,92004,0,0,2,3,3,1,1,4,2,02,1,1,000,000,1,0,1,4,1,58,9,1,9,00,2,1,1,201200041529B01,10,15,1
201200041548,2012-04-27,2012,avril,vendredi,85:0,92,92004,0,0,2,1,4,1,1,3,2,02,1,1,000,000,1,0,1,4,1,42,0,1,2,00,2,1,21,201200041548B01,7,22/1,2
201200041556,2012-05-20,2012,mai,dimanche,16:05,92,92004,0,0,2,2,3,1,1,3,2,02,1,1,000,000,1,0,1,4,1,17,5,1,2,00,2,8,1,201200041556B01,7,1,1
201200041575,2012-07-01,2012,juillet,dimanche,16:30,92,92004,0,0,2,2,3,1,1,4,1,00,1,1,000,000,1,0,1,4,1,8,5,1,2,00,2,8,1,201200041575B01,7,1,1
201200041576,2012-07-03,2012,juillet,mardi,21:10,92,92004,0,0,2,2,3,1,1,3,2,02,1,1,000,000,1,5,1,3,1,34,1,1,2,00,2,8,1,201200041576B01,7,15,1
201200041578,2012-07-11,2012,juillet,mercredi,21:30,92,92009,0,0,2,1,3,1,1,3,2,00,3,1,000,000,1,0,1,4,2,54,1,1,2,00,2,8,2,201200041578B01,7,1,1
201200041592,2012-09-09,2012,septembre,dimanche,95:5,92,92004,0,0,2,1,6,1,1,3,2,03,1,1,000,000,1,0,1,3,1,32,5,1,2,00,1,1,1,201200041592A01,,,
201200041600,2012-10-03,2012,octobre,mercredi,15:50,92,92004,0,0,2,1,3,1,2,3,2,02,1,1,000,000,2,0,1,4,1,46,9,1,2,00,2,1,1,201200041600B01,20,19,1
201200041601,2012-10-04,2012,octobre,jeudi,10:00,92,92009,0,0,2,1,7,1,1,4,2,02,-1,-1,000,000,-1,0,1,4,1,13,2,1,2,01,0,1,21,201200041601A01,,,
201200041606,2012-10-14,2012,octobre,dimanche,23:30,92,92004,0,0,2,2,3,5,1,3,2,02,1,1,000,000,1,0,1,4,1,20,0,1,9,00,2,1,1,201200041606A01,7,1,1
201200041613,2012-10-25,2012,octobre,jeudi,17:30,92,92004,0,0,2,1,3,1,1,3,2,02,1,1,000,000,1,0,1,4,2,56,1,1,2,01,0,1,1,201200041613A01,7,22,1
201200041662,2012-03-16,2012,mars,vendredi,17:45,92,92007,0,0,2,2,3,1,1,3,2,03,1,1,000,000,1,0,1,4,1,37,1,1,9,00,2,1,1,201200041662B01,7,15,1
201200041663,2012-04-02,2012,avril,lundi,83:0,92,92007,0,0,2,4,3,1,1,4,2,02,1,1,000,000,1,0,1,4,1,25,5,1,9,00,2,1,1,201200041663B01,7,1,1
201200041669,2012-04-26,2012,avril,jeudi,32:0,92,92007,0,0,2,1,3,5,1,3,3,07,2,1,010,114,1,0,1,4,1,21,5,1,9,00,2,6,15,201200041669B01,32,17,1
201200041678,2012-07-03,2012,juillet,mardi,20:30,92,92007,0,0,2,2,6,1,1,3,2,04,1,1,000,000,1,0,0,4,1,34,1,1,9,00,2,8,0,201200041678B01,7,22,1
201200041700,2012-11-28,2012,novembre,mercredi,85:0,92,92007,0,0,2,4,6,2,1,3,2,02,1,1,000,000,1,0,1,4,1,31,1,1,2,01,0,1,1,201200041700B01,10,23,1
201200041714,2012-01-25,2012,janvier,mercredi,81:5,92,92012,0,0,2,1,3,2,2,4,2,02,1,1,000,000,2,0,1,4,1,97,3,1,2,00,2,7,19,201200041714B01,7,1,1
201200041715,2012-01-25,2012,janvier,mercredi,12:40,92,92012,0,0,2,2,3,1,8,4,2,02,1,1,000,000,2,0,1,4,2,79,3,1,9,00,2,8,10,201200041715B01,7,1,1
201200041733,2012-02-18,2012,février,samedi,17:00,92,92012,0,0,2,1,3,1,4,3,1,02,1,1,000,000,1,0,1,4,1,52,5,1,4,01,0,1,1,201200041733B01,7,22,1
201200041764,2012-05-09,2012,mai,mercredi,12:55,92,92012,0,0,2,2,6,1,1,4,2,02,1,1,,,1,5,1,1,1,47,1,1,9,00,1,1,1,201200041764A01,,,
201200041776,2012-05-25,2012,mai,vendredi,12:00,92,92012,0,0,2,1,3,1,1,4,1,01,1,1,000,000,1,0,4,4,1,51,9,1,9,00,2,1,1,201200041776B01,7,9,1
201200041777,2012-05-30,2012,mai,mercredi,90:0,92,92012,0,0,2,6,3,1,1,3,2,02,1,1,000,000,1,0,1,4,2,49,1,1,9,00,2,1,2,201200041777A01,7,2,1
201200041781,2012-06-05,2012,juin,mardi,17:20,92,92012,0,0,2,1,6,1,1,4,1,01,1,1,000,000,1,0,1,1,1,50,5,1,2,00,1,1,1,201200041781A01,,,
201200041817,2012-08-27,2012,août,lundi,19:38,92,92012,0,0,2,2,3,1,1,3,2,04,1,1,000,000,1,0,1,1,1,54,0,1,9,00,2,1,9,201200041817B01,32,1,1
201200041838,2012-10-01,2012,octobre,lundi,10:35,92,92012,0,0,2,3,3,1,1,3,3,04,1,1,000,000,1,0,1,4,2,20,4,1,9,00,2,2,2,201200041838B01,7,2,1
201200041857,2012-10-29,2012,octobre,lundi,13:05,92,92012,0,0,2,1,6,1,1,3,3,02,1,1,000,000,1,0,1,4,1,15,5,1,9,00,0,0,1,201200041857A01,,,
201200041867,2012-11-13,2012,novembre,mardi,92:0,92,92012,0,0,2,1,7,1,1,4,1,01,1,1,000,000,1,0,1,4,1,40,1,1,9,00,2,1,1,201200041867A01,,,
201200041868,2012-11-13,2012,novembre,mardi,92:0,92,92012,0,0,2,1,3,1,1,4,1,00,1,1,000,000,1,0,1,4,1,31,1,1,9,01,0,1,17,201200041868B01,10,24,1
201200041873,2012-11-22,2012,novembre,jeudi,15:10,92,92012,0,0,2,1,2,1,1,3,3,04,1,1,000,000,1,0,1,4,1,25,9,1,2,00,2,1,2,201200041873A01,7,2,1
201200041904,2012-01-26,2012,janvier,jeudi,92:0,92,92032,0,0,2,3,3,1,2,3,2,02,3,1,000,090,2,0,1,4,1,55,1,1,2,00,2,8,1,201200041904A01,7,15,1
201200041906,2012-02-21,2012,février,mardi,14:35,92,92032,0,0,2,2,3,1,1,3,3,02,1,1,000,080,1,0,1,4,1,15,5,1,9,00,2,7,19,201200041906A01,7,1,1
201200041912,2012-04-11,2012,avril,mercredi,12:00,92,92019,0,0,2,6,6,1,1,3,2,02,1,-1,000,000,1,0,1,4,1,35,5,1,2,00,0,0,19,201200041912B01,7,0,1
201200041912,2012-04-11,2012,avril,mercredi,12:00,92,92019,0,0,2,6,6,1,1,3,2,02,1,-1,000,000,1,0,1,4,1,6,5,1,9,00,0,0,19,201200041912C01,7,0,1
201200041975,2012-03-16,2012,mars,vendredi,17:30,92,92023,0,0,2,2,6,1,1,4,2,02,1,1,000,000,1,0,1,4,1,39,1,1,9,00,2,7,1,201200041975B01,7,1,1
201200042012,2012-07-20,2012,juillet,vendredi,18:40,92,92023,0,0,2,1,3,1,1,4,1,01,1,1,000,000,1,0,1,4,1,90,5,1,9,00,2,8,1,201200042012B01,7,4,1
201200042022,2012-08-31,2012,août,vendredi,20:30,92,92023,0,0,2,2,3,1,1,4,1,02,1,1,000,000,1,0,1,4,1,17,5,1,9,00,2,3,1,201200042022B01,7,15,1
201200042041,2012-10-11,2012,octobre,jeudi,17:55,92,92060,0,0,2,2,7,1,1,3,2,04,1,1,000,000,1,0,1,4,1,46,5,1,2,00,0,0,1,201200042041B01,7,1,1
201200042042,2012-10-12,2012,octobre,vendredi,16:40,92,92023,0,0,2,1,3,1,1,4,2,02,1,1,000,000,1,0,1,4,1,25,5,1,2,00,2,8,1,201200042042A01,7,15,1
201200042047,2012-10-19,2012,octobre,vendredi,12:10,92,92023,0,0,2,6,3,1,6,3,1,01,1,1,000,000,1,0,1,4,2,31,5,1,4,00,2,8,15,201200042047A01,36,16,1
201200042061,2012-11-18,2012,novembre,dimanche,10:50,92,92023,0,0,2,3,3,1,3,4,2,02,1,1,000,000,2,0,1,1,1,22,5,1,4,00,2,8,15,201200042061B01,32,17,1
201200042164,2012-11-21,2012,novembre,mercredi,17:23,92,92024,0,0,2,2,6,3,1,3,2,03,1,1,000,000,1,5,0,3,1,64,3,1,9,00,0,8,15,201200042164B01,7,1,1
201200042201,2012-05-04,2012,mai,vendredi,12:25,92,92025,0,0,2,1,3,1,1,4,1,02,1,1,000,120,1,0,1,4,1,32,0,1,9,00,2,3,0,201200042201B01,7,0,1
201200042220,2012-09-26,2012,septembre,mercredi,15:50,92,92025,0,0,2,2,3,1,2,3,2,00,1,1,000,000,2,0,1,4,1,47,1,1,2,00,2,1,21,201200042220B01,7,15,1
201200042221,2012-10-07,2012,octobre,dimanche,18:55,92,92025,0,0,2,1,3,1,1,3,-1,00,1,1,000,000,1,0,5,4,1,55,5,1,2,00,2,0,2,201200042221B01,7,20,1
201200042239,2012-01-08,2012,janvier,dimanche,15:05,92,92026,0,0,2,1,6,1,1,4,1,01,1,1,000,042,1,0,1,1,1,41,1,1,9,00,1,1,5,201200042239A01,,,
201200042242,2012-12-20,2012,décembre,jeudi,91:0,92,92026,0,0,2,1,7,1,2,4,-1,01,1,1,000,000,2,6,0,4,1,13,1,1,9,00,0,0,2,201200042242A01,,,
201200042274,2012-05-14,2012,mai,lundi,14:50,92,92026,0,0,2,1,6,1,1,3,3,04,3,1,057,093,1,0,1,1,1,41,5,1,9,00,1,1,1,201200042274A01,,,
201200042274,2012-05-14,2012,mai,lundi,14:50,92,92026,0,0,2,1,6,1,1,3,3,04,3,1,057,093,1,0,1,4,2,37,0,1,9,00,1,1,1,201200042274A01,,,
201200042275,2012-05-15,2012,mai,mardi,17:10,92,92026,0,0,2,1,3,1,1,4,3,02,1,1,000,000,1,0,1,4,1,47,1,1,9,01,0,9,1,201200042275B01,7,24,1
201200042296,2012-07-17,2012,juillet,mardi,14:25,92,92026,0,0,2,1,3,1,1,3,2,04,1,1,000,150,1,0,1,4,2,30,4,1,9,00,2,8,2,201200042296B01,7,2,1
201200042315,2012-09-27,2012,septembre,jeudi,16:45,92,92026,0,0,2,1,3,1,1,3,2,02,1,1,173,130,1,0,1,4,1,39,0,1,9,00,0,8,2,201200042315B01,10,2,1
201200042321,2012-10-07,2012,octobre,dimanche,13:05,92,92026,0,0,2,1,7,1,1,4,2,02,1,1,000,000,1,0,1,3,1,58,5,1,9,00,0,0,1,201200042321A01,,,
201200042328,2012-10-16,2012,octobre,mardi,11:05,92,92026,0,0,2,2,3,1,1,3,3,04,1,1,200,120,1,0,1,4,1,33,5,1,9,00,2,1,1,201200042328A01,7,2,1
201200042330,2012-10-22,2012,octobre,lundi,19:13,92,92026,0,0,2,2,3,2,1,3,2,01,1,1,150,093,1,5,1,4,1,35,1,1,2,00,9,1,1,201200042330B01,33,15,1
201200042341,2012-11-24,2012,novembre,samedi,14:00,92,92026,0,0,2,1,7,1,1,3,2,02,1,1,330,260,1,2,1,4,1,18,5,1,2,15,0,0,1,201200042341A01,,,
201200042345,2012-11-20,2012,novembre,mardi,14:00,92,92026,0,0,2,1,3,1,1,4,2,02,1,1,198,119,1,0,1,4,2,51,1,1,9,00,2,3,1,201200042345B01,7,17,1
201200042348,2012-12-12,2012,décembre,mercredi,13:10,92,92026,0,0,2,1,2,1,1,3,2,02,1,1,127,088,1,0,1,4,1,12,5,1,9,00,0,4,2,201200042348B01,7,2,1
201200042353,2012-01-20,2012,janvier,vendredi,18:10,92,92035,0,0,2,1,7,5,2,3,2,02,1,1,000,000,2,0,1,1,1,25,1,1,2,00,0,0,21,201200042353B01,7/ 31,21/22,3
201200042357,2012-01-31,2012,janvier,mardi,13:25,92,92035,0,0,2,5,3,1,1,3,2,02,1,1,000,000,1,0,1,4,1,16,2,1,2,00,2,1,19,201200042357B01,7,1,1
201200042361,2012-02-22,2012,février,mercredi,17:40,92,92035,0,0,2,1,6,2,1,3,2,02,1,1,000,000,1,0,4,1,2,23,1,1,9,00,1,2,1,201200042361A01,,,
201200042366,2012-04-29,2012,avril,dimanche,19:30,92,92035,0,0,2,2,3,1,1,4,2,02,1,1,000,000,1,0,1,4,1,70,0,1,2,00,2,1,1,201200042366B01,7,1,1
201200042370,2012-05-31,2012,mai,jeudi,92:0,92,92035,0,0,2,1,6,1,1,3,2,02,1,1,000,000,1,0,1,4,1,64,5,1,2,00,2,1,18,201200042370B01,7,22,1
201200042379,2012-09-07,2012,septembre,vendredi,91:5,92,92035,0,0,1,2,6,1,1,4,1,01,1,1,000,000,1,0,1,4,1,29,1,1,2,01,0,2,1,201200042379B01,7,22,1
201200042380,2012-09-12,2012,septembre,mercredi,90:0,92,92035,0,0,2,1,6,1,1,4,1,01,1,1,000,000,2,0,0,1,1,18,2,1,2,00,1,1,1,201200042380A01,,,
201200042381,2012-09-21,2012,septembre,vendredi,82:5,92,92035,0,0,2,2,3,1,1,4,2,02,1,1,000,000,1,0,1,4,1,45,4,1,2,00,2,1,1,201200042381A01,7,1,1
201200042382,2012-10-03,2012,octobre,mercredi,93:0,92,92035,0,0,2,3,3,1,1,4,1,01,1,1,000,000,1,0,1,1,1,63,5,1,2,00,2,1,5,201200042382B01,33,15,1
201200042391,2012-11-22,2012,novembre,jeudi,91:5,92,92035,0,0,2,1,6,1,1,3,2,02,1,1,000,000,1,0,1,4,2,53,1,1,2,01,0,0,1,201200042391B01,10,22,1
201200042446,2012-09-10,2012,septembre,lundi,16:00,92,92036,0,0,2,1,6,1,1,4,3,04,1,1,030,120,1,0,1,4,1,45,4,1,2,00,2,8,19,201200042446A01,10,1,1
201200042465,2012-11-07,2012,novembre,mercredi,65:0,92,92036,0,0,2,1,6,1,1,3,2,02,1,1,000,080,1,0,1,4,1,48,1,1,2,00,2,1,1,201200042465A01,,,
201200042488,2012-01-16,2012,janvier,lundi,93:0,92,92040,0,0,2,1,3,1,1,3,2,02,1,1,000,140,1,0,5,4,2,46,1,1,2,00,2,2,2,201200042488B01,7,20,1
201200042495,2012-02-26,2012,février,dimanche,10:10,92,92040,0,0,2,1,3,1,1,3,2,02,2,1,000,080,1,0,5,3,1,73,5,1,2,01,0,1,1,201200042495B01,7,22,1
201200042503,2012-04-11,2012,avril,mercredi,18:45,92,92040,0,0,2,3,3,1,1,3,2,02,1,1,000,140,2,0,1,4,1,58,0,1,2,00,2,8,0,201200042503A01,7,23,1