Num_Acc,date,an,mois,jour,hrmn,dep,com,lat,long,agg,int,col,lum,atm,catr,circ,nbv,prof,plan,lartpc,larrout,surf,infra,situ,grav,sexe,age,trajet,secuexist,equipement,obs,obsm,choc,manv,vehiculeid,typevehicules,manoeuvehicules,numVehicules
201200042504,2012-04-12,2012,avril,jeudi,16:40,92,92040,0,0,2,1,3,1,1,4,2,02,1,1,000,070,1,0,1,4,2,31,4,1,4,00,2,8,2,201200042504B01,7,12,1
201200042508,2012-05-23,2012,mai,mercredi,14:50,92,92040,0,0,2,1,6,1,1,3,2,04,1,1,000,120,1,0,4,4,1,47,5,1,2,01,0,1,0,201200042508A01,,,
201200042513,2012-06-02,2012,juin,samedi,20:40,92,92040,0,0,2,1,3,2,1,3,2,03,1,1,000,120,1,0,1,4,2,77,3,1,2,00,2,1,1,201200042513B01,7,2,1
201200042524,2012-07-07,2012,juillet,samedi,18:30,92,92040,0,0,2,1,3,1,1,3,2,04,1,1,000,000,1,0,1,4,1,38,0,1,9,00,2,2,1,201200042524B01,7,9,1
201200042530,2012-07-17,2012,juillet,mardi,18:20,92,92040,0,0,2,3,2,1,1,4,1,01,1,1,000,000,1,0,1,4,1,26,5,1,4,00,2,4,11,201200042530B01,34,1,1
201200042535,2012-08-06,2012,août,lundi,16:45,92,92040,0,0,2,1,3,1,1,3,1,02,1,1,000,100,1,0,1,4,1,29,9,1,2,01,0,1,2,201200042535B01,7,24,1
201200042538,2012-09-01,2012,septembre,samedi,16:50,92,92040,0,0,2,1,3,1,1,3,1,01,1,1,000,000,1,0,1,4,1,25,5,1,9,01,0,1,1,201200042538B01,7,22,1
201200042547,2012-10-05,2012,octobre,vendredi,13:50,92,92040,0,0,2,1,6,1,8,3,2,02,1,1,000,080,1,0,1,4,1,18,9,1,2,00,2,8,1,201200042547A01,7,0,1
201200042574,2012-02-02,2012,février,jeudi,10:30,92,92044,0,0,2,1,2,1,9,3,1,00,1,1,000,000,9,0,1,4,1,29,9,1,9,00,2,1,2,201200042574A01,7,1,1
201200042588,2012-04-04,2012,avril,mercredi,10:25,92,92044,0,0,2,2,3,1,1,4,1,02,1,1,000,000,1,5,1,4,1,38,4,1,9,00,2,3,2,201200042588B01,14,16,1
201200042599,2012-05-14,2012,mai,lundi,91:5,92,92044,0,0,2,2,6,1,1,3,3,00,1,1,000,000,1,0,1,1,1,43,1,1,9,00,9,1,7,201200042599A01,1,7,1
201200042599,2012-05-14,2012,mai,lundi,91:5,92,92044,0,0,2,2,6,1,1,3,3,00,1,1,000,000,1,0,1,4,2,41,1,1,9,00,9,8,7,201200042599B01,1,7,1
201200042643,2012-12-04,2012,décembre,mardi,13:05,92,92044,0,0,2,7,6,1,1,4,1,01,-1,1,000,000,1,5,0,1,2,16,0,1,9,00,1,1,12,201200042643A01,,,
201200042655,2012-02-03,2012,février,vendredi,17:30,92,92048,0,0,2,1,6,5,1,3,2,02,1,1,000,053,1,0,1,4,1,23,9,1,2,00,2,1,1,201200042655B01,7,0,1
201200042657,2012-02-09,2012,février,jeudi,93:5,92,92048,0,0,2,2,3,1,1,3,2,02,1,1,000,062,7,0,1,4,1,41,9,1,2,00,2,1,1,201200042657A01,7,1,1
201200042681,2012-07-09,2012,juillet,lundi,11:04,92,92048,0,0,2,1,6,1,1,4,2,02,1,1,038,062,1,0,1,4,2,23,1,1,2,01,0,1,1,201200042681B01,7,22,1
201200042684,2012-07-26,2012,juillet,jeudi,22:20,92,92048,0,0,2,3,6,5,1,4,2,02,1,1,000,087,1,0,1,4,1,20,9,1,9,00,2,8,17,201200042684A01,7,15,1
201200042687,2012-09-11,2012,septembre,mardi,82:0,92,92048,0,0,2,1,6,1,1,4,2,02,1,1,000,000,1,0,1,4,1,52,1,1,2,00,0,0,1,201200042687A01,,,
201200042693,2012-09-22,2012,septembre,samedi,11:45,92,92048,0,0,2,1,2,1,1,3,2,02,1,1,000,060,1,0,1,4,1,32,5,1,2,00,2,1,1,201200042693A01,7,20,1
201200042728,2012-02-10,2012,février,vendredi,14:00,92,92049,0,0,2,1,6,1,1,4,1,02,1,1,000,000,1,0,1,4,1,39,4,1,4,01,0,1,1,201200042728B01,7,22,1
201200042736,2012-03-09,2012,mars,vendredi,23:00,92,92049,0,0,2,2,6,5,1,3,2,02,1,1,000,000,1,0,1,4,2,50,5,1,9,00,2,1,9,201200042736A01,37,1,1
201200042743,2012-03-30,2012,mars,vendredi,16:40,92,92049,0,0,2,2,6,1,1,4,2,02,1,1,000,000,1,0,1,4,2,47,5,1,2,00,2,4,15,201200042743B01,7,15,1
201200042794,2012-09-06,2012,septembre,jeudi,75:0,92,92049,0,0,2,2,6,1,1,3,2,04,1,1,000,000,1,0,1,2,1,51,0,1,2,00,2,1,0,201200042794B01,14,16,1
201200042795,2012-09-08,2012,septembre,samedi,10:00,92,92020,0,0,2,2,3,1,1,3,2,02,1,1,000,000,1,0,1,4,2,42,5,1,9,00,2,1,1,201200042795B01,10,15,1
201200042820,2012-10-19,2012,octobre,vendredi,16:10,92,92049,0,0,2,1,6,1,2,3,3,08,1,1,000,000,2,0,1,4,1,16,2,1,2,01,0,1,1,201200042820B01,,,
201200042822,2012-10-19,2012,octobre,vendredi,18:00,92,92049,0,0,2,1,6,1,1,3,2,02,1,1,000,000,1,0,5,4,1,44,1,1,9,00,2,3,18,201200042822A01,7,1,1
201200042852,2012-01-23,2012,janvier,lundi,93:0,92,92050,0,0,2,1,3,1,8,4,2,03,1,1,000,090,1,0,1,4,1,23,1,1,9,00,2,0,19,201200042852A01,7,1,1
201200042854,2012-01-24,2012,janvier,mardi,14:35,92,92050,0,0,2,3,1,1,2,4,2,02,1,1,000,060,2,0,0,4,2,71,3,1,9,00,2,7,1,201200042854B01,10,15,1
201200042899,2012-06-13,2012,juin,mercredi,17:50,92,92050,0,0,2,1,6,1,2,4,2,02,1,1,000,060,2,0,5,4,1,57,1,1,2,00,1,1,1,201200042899A01,,,
201200042899,2012-06-13,2012,juin,mercredi,17:50,92,92050,0,0,2,1,6,1,2,4,2,02,1,1,000,060,2,0,5,4,1,10,9,1,9,00,1,1,1,201200042899A01,,,
201200042963,2012-11-07,2012,novembre,mercredi,21:38,92,92050,0,0,2,1,3,5,1,3,2,06,1,1,000,180,1,0,1,3,1,49,0,1,2,00,2,7,1,201200042963B01,7,9,1
201200042969,2012-11-20,2012,novembre,mardi,12:50,92,92050,0,0,2,1,2,1,7,4,1,02,1,1,000,054,1,0,1,4,1,37,5,1,9,00,2,4,13,201200042969B01,32,1,1
201200042977,2012-12-06,2012,décembre,jeudi,93:0,92,92050,0,0,2,1,7,1,9,4,2,02,1,3,000,021,7,0,5,4,2,54,1,1,2,00,0,0,1,201200042977A01,,,
201200042990,2012-01-16,2012,janvier,lundi,20:46,92,92051,0,0,2,1,3,5,1,4,2,00,1,1,000,000,1,0,1,4,1,33,5,1,9,00,2,7,1,201200042990B01,7,22,1
201200042999,2012-11-07,2012,novembre,mercredi,22:00,92,92051,0,0,2,1,3,5,1,4,-1,00,1,1,000,000,-1,0,1,4,1,25,5,1,9,00,2,9,13,201200042999A01,2,1,1
201200043024,2012-05-02,2012,mai,mercredi,95:5,92,92051,0,0,2,1,3,1,1,4,1,00,-1,-1,000,000,1,0,1,4,2,67,0,1,4,01,0,1,1,201200043024B01,7,22,1
201200043078,2012-10-12,2012,octobre,vendredi,11:40,92,92051,0,0,2,1,3,1,1,3,2,00,1,1,000,000,1,0,1,4,2,33,5,1,2,00,0,4,1,201200043078B01,7,1,1
201200043082,2012-10-23,2012,octobre,mardi,11:0,92,92051,0,0,2,1,7,5,1,2,1,03,-1,-1,000,082,-1,0,1,4,1,32,5,1,4,14,0,7,1,201200043082A01,,,
201200043090,2012-10-29,2012,octobre,lundi,19:30,92,92051,0,0,2,1,3,5,1,3,2,02,-1,-1,000,000,-1,0,0,4,1,17,5,1,9,00,2,1,1,201200043090B01,7,20,1
201200043098,2012-11-21,2012,novembre,mercredi,14:15,92,92051,0,0,2,1,2,1,1,4,2,02,-1,-1,000,000,-1,0,1,4,2,21,4,1,2,00,2,8,23,201200043098B01,7,2,1
201200043105,2012-12-19,2012,décembre,mercredi,94:0,92,92051,0,0,2,1,3,1,1,4,2,00,1,-1,000,000,1,0,1,4,1,37,1,1,9,00,2,0,1,201200043105B01,7,12,1
201200043139,2012-04-19,2012,avril,jeudi,82:3,92,92062,0,0,2,1,3,1,1,4,-1,01,1,1,000,030,1,0,4,4,2,24,4,1,2,00,2,8,1,201200043139A01,7,9,1
201200043144,2012-05-31,2012,mai,jeudi,94:0,92,92062,0,0,2,2,6,1,1,4,1,02,1,1,,,1,5,1,1,1,31,9,1,9,00,1,1,0,201200043144A01,,,
201200043147,2012-06-17,2012,juin,dimanche,84:5,92,92062,0,0,2,1,6,1,1,4,2,02,1,1,000,060,-1,0,1,1,1,28,0,1,4,01,1,0,1,201200043147A01,,,
201200043153,2012-07-21,2012,juillet,samedi,20:15,92,92062,0,0,2,1,5,2,1,3,1,02,1,2,000,000,1,1,1,4,1,40,9,1,2,00,2,9,17,201200043153B01,38,7,1
201200043153,2012-07-21,2012,juillet,samedi,20:15,92,92062,0,0,2,1,5,2,1,3,1,02,1,2,000,000,1,1,1,4,1,44,9,1,2,00,2,9,17,201200043153C01,38,7,1
201200043156,2012-08-02,2012,août,jeudi,12:00,92,92062,0,0,2,1,3,1,1,3,2,02,1,1,000,000,1,0,1,4,1,37,4,1,9,01,0,1,21,201200043156B01,10,22,1
201200043157,2012-08-10,2012,août,vendredi,19:25,92,92062,0,0,2,1,2,1,1,3,3,02,1,1,000,000,1,0,1,4,1,28,5,1,2,00,2,1,2,201200043157A01,7,23,1
201200043196,2012-01-25,2012,janvier,mercredi,93:5,92,92063,0,0,2,6,6,1,1,4,2,02,1,1,000,000,2,5,1,4,2,46,0,1,9,00,2,1,0,201200043196B01,7,0,1
201200043200,2012-02-01,2012,février,mercredi,13:00,92,92063,0,0,2,7,3,1,1,4,2,02,1,1,,,1,0,1,4,1,48,0,1,9,00,2,8,0,201200043200A01,10,0,1
201200043210,2012-03-21,2012,mars,mercredi,85:0,92,92063,0,0,2,1,3,1,1,3,2,04,1,1,000,000,1,0,1,3,1,31,0,1,9,00,2,8,13,201200043210B01,10,1,1
201200043259,2012-10-23,2012,octobre,mardi,17:50,92,92063,0,0,2,1,7,1,1,4,2,02,1,1,000,000,1,0,0,4,1,25,5,1,9,06,0,1,21,201200043259A01,,,
201200043265,2012-11-09,2012,novembre,vendredi,13:00,92,92063,0,0,2,1,6,1,1,3,3,02,1,1,000,000,1,2,1,4,1,59,5,1,2,00,2,5,1,201200043265B01,34,9,1
201200043267,2012-11-12,2012,novembre,lundi,90:5,92,92063,0,0,2,1,7,1,1,4,1,01,1,1,000,040,1,0,1,4,1,18,5,1,9,00,0,0,1,201200043267A01,,,
201200043328,2012-05-25,2012,mai,vendredi,10:10,92,92064,0,0,2,1,3,1,1,3,3,03,1,1,000,026,1,0,4,4,1,44,1,1,4,00,2,1,1,201200043328B01,7,9,1
201200043335,2012-06-07,2012,juin,jeudi,13:55,92,92033,0,0,2,1,6,1,3,4,2,02,1,1,000,056,2,0,1,4,1,15,2,1,2,00,2,4,1,201200043335A01,,,
201200043350,2012-07-01,2012,juillet,dimanche,21:15,92,92033,0,0,2,1,1,2,1,4,2,02,4,1,000,080,1,0,1,4,2,23,5,1,2,00,2,1,13,201200043350A01,7,1,1
201200043350,2012-07-01,2012,juillet,dimanche,21:15,92,92033,0,0,2,1,1,2,1,4,2,02,4,1,000,080,1,0,1,4,1,28,5,1,2,00,2,1,13,201200043350A01,7,1,1
201200043367,2012-08-23,2012,août,jeudi,10:30,92,92064,0,0,2,1,7,1,1,3,2,04,1,1,010,050,1,6,4,4,1,64,5,1,2,08,0,0,1,201200043367A01,,,
201200043373,2012-09-13,2012,septembre,jeudi,19:30,92,92064,0,0,2,1,3,1,1,3,2,04,1,1,000,060,1,0,1,4,1,19,5,1,2,00,2,1,2,201200043373B01,7,10,1
201200043414,2012-12-31,2012,décembre,lundi,11:55,92,92064,0,0,2,1,7,1,1,3,2,02,2,1,000,084,1,0,1,4,1,49,5,1,2,15,0,1,1,201200043414A01,,,
201200043452,2012-07-05,2012,juillet,jeudi,12:00,92,92077,0,0,2,1,7,1,1,3,4,02,1,1,000,069,1,0,1,4,1,52,5,1,2,14,0,0,1,201200043452A01,,,
201200043457,2012-09-05,2012,septembre,mercredi,11:35,92,92022,0,0,2,3,1,1,1,4,2,02,1,1,000,000,1,0,1,3,1,11,5,1,2,00,2,1,1,201200043457A01,7,1,1
201200043550,2012-01-04,2012,janvier,mercredi,13:00,92,92075,48.82437,3.45699,2,2,6,1,1,4,2,02,1,1,000,000,1,0,1,3,2,46,5,1,9,00,2,1,0,201200043550B01,10,1,1
201200043574,2012-05-03,2012,mai,jeudi,83:0,92,92075,0,0,2,1,6,1,1,3,2,02,1,1,000,061,2,0,1,4,1,38,1,1,2,00,2,1,1,201200043574B01,7,10,1
201200043590,2012-06-29,2012,juin,vendredi,18:30,92,92046,0,0,2,1,3,1,1,4,1,01,1,1,000,070,1,0,1,4,2,42,1,1,9,00,2,1,1,201200043590B01,7,9,1
201200043594,2012-07-13,2012,juillet,vendredi,10:20,92,92046,0,0,2,2,3,1,1,3,2,02,1,1,000,073,2,0,1,1,1,15,5,1,9,00,2,0,19,201200043594A01,31,1,1
201200043602,2012-10-04,2012,octobre,jeudi,12:00,92,92075,0,0,2,7,6,1,1,3,3,03,2,1,000,000,1,0,1,4,2,54,1,1,9,01,0,0,19,201200043602A01,10,24,1
201200043607,2012-10-18,2012,octobre,jeudi,74:5,92,92075,0,0,2,2,3,5,1,4,1,01,1,1,000,000,2,0,1,4,1,12,2,1,9,00,0,0,15,201200043607A01,32,1,1
201200043615,2012-11-05,2012,novembre,lundi,19:10,92,92046,0,0,2,3,3,5,1,4,2,02,1,-1,000,000,1,0,1,4,2,43,1,1,9,00,2,0,1,201200043615B01,7,15,1
201200043636,2012-05-31,2012,mai,jeudi,11:10,92,92078,0,0,2,2,3,1,1,4,3,04,-1,-1,000,000,1,5,1,4,1,69,9,1,9,00,2,8,21,201200043636B01,14,12,1
201200043680,2012-07-09,2012,juillet,lundi,14:25,92,92026,0,0,2,9,3,1,1,2,3,04,1,1,010,050,1,2,1,3,1,14,3,1,2,00,2,1,19,201200043680B01,7,1,1
201200043680,2012-07-09,2012,juillet,lundi,14:25,92,92026,0,0,2,9,3,1,1,2,3,04,1,1,010,050,1,2,1,4,1,15,3,1,2,00,2,1,19,201200043680B01,7,1,1
201200043684,2012-08-25,2012,août,samedi,19:40,92,92062,0,0,2,1,7,1,1,2,1,02,2,1,000,090,1,0,1,4,2,24,9,1,2,00,0,0,1,201200043684A01,,,
201200043694,2012-10-30,2012,octobre,mardi,55:0,92,92062,0,0,2,1,7,2,1,9,-1,00,2,1,000,000,1,6,4,4,1,52,1,1,2,00,0,0,1,201200043694A01,,,
201200043708,2012-02-09,2012,février,jeudi,16:50,93,93001,48.91029,2.39104,2,3,6,1,1,3,1,01,1,1,000,000,1,0,1,3,1,31,9,1,9,00,2,4,15,201200043708B01,7,2,1
201200043749,2012-06-15,2012,juin,vendredi,17:30,93,93001,48.9211,2.3996,2,1,1,1,1,4,2,02,1,-1,000,070,1,0,1,3,1,12,1,1,2,00,0,1,1,201200043749B01,7,1,1
201200043754,2012-06-22,2012,juin,vendredi,75:5,93,93001,0,0,2,3,6,1,1,3,2,00,1,-1,000,060,1,0,1,3,2,42,4,1,9,00,0,3,0,201200043754B01,99,16,1
201200043762,2012-07-10,2012,juillet,mardi,95:5,93,93001,0,0,2,1,2,1,1,2,2,00,2,1,000,000,1,0,1,4,1,21,1,1,9,00,2,4,0,201200043762A01,7,0,1
201200043785,2012-08-26,2012,août,dimanche,11:45,93,93001,0,0,2,1,3,1,1,3,1,00,1,1,000,000,-1,0,1,3,1,31,0,1,2,00,2,7,0,201200043785B01,7,0,1
201200043799,2012-10-03,2012,octobre,mercredi,11:50,93,93001,48.9113,2.3976,2,3,3,1,2,4,2,02,1,1,000,000,2,0,1,3,1,12,0,1,9,00,2,8,15,201200043799B01,7,17,1
201200043808,2012-10-30,2012,octobre,mardi,16:10,93,93001,0,0,2,1,2,1,8,4,1,01,1,1,000,070,1,0,1,3,1,40,9,1,2,00,0,4,9,201200043808B01,33,2,1
201200043812,2012-11-12,2012,novembre,lundi,82:0,93,93001,48.9212,2.376,2,6,2,1,1,3,1,02,1,2,000,100,1,0,1,3,1,24,1,1,2,00,0,5,2,201200043812B01,7,2,1
201200043833,2012-12-15,2012,décembre,samedi,11:40,93,93001,48.90863,2.39052,2,1,3,1,1,4,1,01,1,1,000,050,1,0,1,3,1,52,0,1,2,00,0,1,17,201200043833B01,7,24,1
201200043834,2012-12-19,2012,décembre,mercredi,18:35,93,93001,0,0,2,2,3,5,2,4,2,02,1,1,000,160,2,0,1,4,1,35,1,1,2,00,0,1,1,201200043834B01,7,15,1
201200043840,2012-01-04,2012,janvier,mercredi,15:50,93,93005,0,0,2,1,2,1,8,3,3,02,1,1,000,000,1,0,1,4,1,51,9,1,4,00,2,4,1,201200043840B01,7,2,1
201200043855,2012-03-02,2012,mars,vendredi,63:0,93,93071,48.9385,2.51309,2,1,1,5,2,4,2,01,1,1,000,000,2,0,1,4,1,52,1,1,9,00,2,1,1,201200043855B01,7,10,1
201200043865,2012-03-27,2012,mars,mardi,20:40,93,93071,0,0,2,2,3,5,1,4,2,02,1,1,000,000,1,0,1,4,1,61,0,1,2,00,2,0,19,201200043865B01,7,1,1
201200043892,2012-05-26,2012,mai,samedi,22:20,93,93071,48.9415,2.51848,2,2,6,4,1,4,2,01,1,1,000,000,1,0,1,4,1,32,5,1,2,00,2,1,19,201200043892B01,7,19,1
201200043895,2012-06-07,2012,juin,jeudi,16:05,93,93071,48.9329,2.53125,2,1,3,1,1,4,2,00,1,1,000,000,1,0,1,3,1,45,3,1,9,00,2,0,0,201200043895B01,10,0,1
201200043908,2012-03-19,2012,mars,lundi,82:0,93,93005,0,0,2,4,1,1,1,4,2,00,-1,-1,000,000,-1,0,1,4,2,52,1,1,2,00,2,0,0,201200043908B01,7,0,1
201200043910,2012-07-06,2012,juillet,vendredi,16:00,93,93071,0,0,2,6,1,1,2,2,3,02,1,1,020,040,2,5,1,4,1,10,5,1,2,11,2,8,19,201200043910B01,7,1,1
201200044023,2012-11-27,2012,novembre,mardi,10:10,93,93005,0,0,2,1,6,1,1,4,2,02,1,1,000,000,1,0,5,1,1,46,3,1,9,00,1,1,1,201200044023A01,,,
201200044060,2012-05-15,2012,mai,mardi,19:00,93,93007,48.9357,2.46819,2,3,3,1,1,4,2,01,1,1,000,000,1,0,1,4,1,49,1,1,2,00,2,8,1,201200044060B01,7,15,1
201200044077,2012-07-17,2012,juillet,mardi,15:00,93,93007,48.9342,2.47671,2,1,3,1,1,4,2,02,1,1,000,075,1,0,1,3,1,41,2,1,2,00,2,8,2,201200044077B01,10,2,1
201200044120,2012-03-28,2012,mars,mercredi,45:0,93,93008,0,0,2,3,3,5,1,4,1,00,1,-1,000,000,1,0,1,4,1,55,1,1,9,00,2,8,1,201200044120B01,7,19,1
201200044130,2012-04-30,2012,avril,lundi,12:30,93,93008,0,0,2,1,2,1,1,3,2,04,1,1,000,000,1,0,1,4,1,34,0,1,2,11,0,7,2,201200044130B01,7,2,1
201200044144,2012-06-17,2012,juin,dimanche,15:45,93,93008,48.9089,2.45041,2,3,3,1,1,4,2,01,1,-1,000,000,1,0,1,3,1,16,1,1,2,00,2,8,5,201200044144A01,34,9,1
201200044168,2012-08-29,2012,août,mercredi,17:55,93,93008,48.9004,2.44287,1,1,6,1,1,9,-1,01,1,1,000,000,1,0,5,3,1,58,1,1,2,00,1,1,2,201200044168A01,,,
201200044195,2012-10-31,2012,octobre,mercredi,15:00,93,93008,0,0,2,1,6,1,1,4,2,02,1,1,000,080,1,0,1,4,2,60,0,1,2,00,0,0,0,201200044195B01,7,2,1
201200044222,2012-01-23,2012,janvier,lundi,12:45,93,93057,0,0,2,2,6,1,1,2,3,02,1,1,000,000,1,0,1,4,1,57,9,1,9,00,2,3,1,201200044222Y01,7,1,1
201200044249,2012-05-25,2012,mai,vendredi,13:30,93,93057,48.9111,2.4987,2,3,3,1,1,4,-1,00,1,1,000,000,1,0,0,4,1,58,1,1,9,00,2,2,12,201200044249A01,1,1,1
201200044249,2012-05-25,2012,mai,vendredi,13:30,93,93057,48.9111,2.4987,2,3,3,1,1,4,-1,00,1,1,000,000,1,0,0,3,1,63,1,1,9,00,2,1,1,201200044249B01,1,12,1
201200044324,2012-05-31,2012,mai,jeudi,17:35,93,93014,48.9067,2.53198,2,1,3,1,1,6,-1,01,1,1,000,000,1,0,1,3,1,11,3,1,9,00,2,0,2,201200044324B01,7,2,1
201200044328,2012-06-17,2012,juin,dimanche,10:15,93,93047,48.895,2.56342,2,3,2,1,1,4,1,01,1,1,100,070,1,0,1,3,1,72,5,1,9,00,2,4,13,201200044328A01,7,0,1
201200044339,2012-09-01,2012,septembre,samedi,20:00,93,93047,0,0,2,1,6,1,1,4,2,01,1,1,000,060,1,0,1,4,1,39,0,1,9,00,1,0,0,201200044339A01,,,
201200044370,2012-12-13,2012,décembre,jeudi,84:0,93,93014,0,0,2,1,3,1,9,3,2,02,2,2,050,070,7,0,1,3,1,56,5,1,9,00,2,1,1,201200044370B01,7,13,1
201200044380,2012-04-11,2012,avril,mercredi,12:55,93,93027,48.9242,2.41151,2,3,3,1,1,4,2,01,1,1,000,025,1,0,1,4,1,55,1,1,2,00,0,2,0,201200044380B01,7,1,1
201200044549,2012-09-27,2012,septembre,jeudi,18:25,93,93029,0,0,2,1,3,1,1,4,2,02,1,1,000,000,1,0,5,4,1,46,1,1,2,00,2,3,2,201200044549A01,7,23,1
201200044572,2012-12-07,2012,décembre,vendredi,16:00,93,93029,0,0,2,1,6,1,2,3,2,02,1,1,000,050,2,0,1,4,1,40,0,1,9,01,0,1,2,201200044572B01,3,22,1
201200044577,2012-12-23,2012,décembre,dimanche,11:40,93,93029,0,0,2,1,6,1,1,3,1,01,1,1,000,000,1,5,1,1,1,12,0,1,9,00,1,1,5,201200044577A01,,,
201200044578,2012-12-24,2012,décembre,lundi,12:00,93,93029,0,0,2,1,3,1,1,3,2,01,1,2,000,000,1,0,1,4,1,30,0,1,2,00,2,1,1,201200044578B01,7,15,1
201200044587,2012-02-04,2012,février,samedi,18:20,93,93031,48.95534,2.33339,2,1,1,5,9,2,2,02,1,1,000,000,1,0,1,3,1,16,1,1,9,00,2,1,15,201200044587A01,7,1,1
201200044616,2012-05-15,2012,mai,mardi,95:0,93,93031,0,0,2,1,6,1,1,2,-1,00,1,1,000,000,-1,0,4,3,2,50,1,1,9,00,2,1,0,201200044616B01,7,0,1
201200044629,2012-07-12,2012,juillet,jeudi,19:40,93,93079,0,0,2,1,3,1,3,3,-1,01,1,1,000,000,2,0,1,3,1,57,0,1,9,00,2,3,19,201200044629A01,7,0,1
201200044637,2012-08-11,2012,août,samedi,91:5,93,93031,0,0,2,1,3,1,1,3,2,02,1,1,000,000,1,0,1,3,2,23,4,1,2,00,2,2,15,201200044637B01,7,1,1
201200044663,2012-12-11,2012,décembre,mardi,15:15,93,93031,48.94719,2.34265,2,2,2,1,1,4,2,02,1,1,000,000,1,0,1,4,1,47,0,1,2,00,2,4,1,201200044663A01,7,0,1
201200044689,2012-08-27,2012,août,lundi,16:30,93,93032,48.8793,2.53421,2,1,3,1,1,4,2,02,4,-1,000,000,1,0,1,3,2,76,1,1,2,00,0,8,2,201200044689B01,7,17,1
201200044693,2012-09-16,2012,septembre,dimanche,12:50,93,93032,0,0,2,1,6,1,1,9,-1,00,1,1,000,000,1,0,4,1,1,33,5,1,9,00,1,1,1,201200044693A01,,,
201200044710,2012-02-26,2012,février,dimanche,12:15,93,93006,0,0,2,1,1,1,1,3,2,01,1,1,000,000,1,0,5,3,1,11,9,1,9,00,2,3,0,201200044710B01,31,1,1
201200044732,2012-05-26,2012,mai,samedi,19:15,93,93006,48.8606,2.41547,2,1,6,1,1,4,2,02,1,-1,000,000,1,0,1,3,1,35,5,1,9,01,0,2,17,201200044732B01,13,22,1
201200044754,2012-09-05,2012,septembre,mercredi,14:10,93,93006,0,0,2,1,1,1,1,4,2,00,1,1,000,000,1,0,1,4,2,12,0,1,2,00,2,7,19,201200044754B01,7,1,1
201200044770,2012-10-30,2012,octobre,mardi,15:00,93,93006,0,0,2,1,1,1,1,4,2,00,-1,1,000,000,1,0,1,3,1,32,5,1,9,00,2,2,8,201200044770A01,99,0,1
201200044814,2012-04-17,2012,avril,mardi,17:00,93,93046,48.9096,2.53349,2,2,3,1,2,4,4,01,1,1,000,060,2,0,1,3,1,18,5,1,9,00,2,2,5,201200044814B01,7,0,1
201200044832,2012-06-06,2012,juin,mercredi,18:05,93,93074,48.8895,2.57636,2,1,6,1,1,4,2,01,-1,-1,000,000,1,0,3,3,1,56,1,1,9,00,0,0,0,201200044832B01,7,0,1
201200044844,2012-07-20,2012,juillet,vendredi,15:43,93,93074,48.936,2.57763,2,1,3,1,1,4,2,00,1,1,000,000,1,0,1,4,1,47,1,1,2,00,2,8,2,201200044844B01,7,2,1
201200044866,2012-09-08,2012,septembre,samedi,18:50,93,93046,0,0,2,2,1,1,1,4,2,02,1,-1,000,000,1,0,1,3,1,27,0,1,9,00,0,1,0,201200044866B01,7,0,1
201200044875,2012-10-02,2012,octobre,mardi,16:25,93,93074,48.9359,2.5684,2,3,3,1,1,4,1,01,2,1,000,060,1,0,1,3,1,46,0,1,2,00,2,1,1,201200044875B01,7,0,1
201200044886,2012-11-01,2012,novembre,jeudi,10:15,93,93046,48.91218,2.52139,2,2,1,1,2,2,3,02,1,1,020,060,2,0,1,3,1,8,5,1,2,00,2,8,9,201200044886B01,10,1,1
201200044902,2012-12-07,2012,décembre,vendredi,17:00,93,93074,48.92435,2.56988,2,6,3,3,2,4,2,02,1,-1,000,070,2,5,1,3,1,18,0,1,9,00,2,7,1,201200044902B01,7,1,1
201200044914,2012-01-06,2012,janvier,vendredi,11:00,93,93048,0,0,2,6,2,1,1,2,1,03,1,2,000,000,1,5,1,3,1,67,5,1,2,00,2,1,2,201200044914A01,7,1,1
201200044916,2012-01-10,2012,janvier,mardi,10:53,93,93048,0,0,2,2,7,1,1,4,2,02,1,1,000,000,2,5,1,1,1,56,1,1,9,00,0,0,1,201200044916B01,33,1,1
201200044918,2012-01-13,2012,janvier,vendredi,17:00,93,93048,0,0,2,1,3,2,1,3,1,01,2,1,000,000,1,0,5,3,1,49,1,1,2,01,0,1,1,201200044918B01,7,22,1
201200044943,2012-03-11,2012,mars,dimanche,13:05,93,93048,48.8528,2.43148,2,2,3,1,1,4,1,01,1,1,000,000,1,0,5,3,2,52,5,1,9,00,2,1,2,201200044943B01,7,2,1
201200044969,2012-06-18,2012,juin,lundi,80:5,93,93048,48.86356,2.45464,2,3,4,1,2,2,2,02,3,1,000,000,2,0,1,4,1,42,0,1,2,00,0,4,1,201200044969D01,7,1,3
201200044979,2012-07-07,2012,juillet,samedi,14:15,93,93048,0,0,2,1,3,1,1,3,2,02,2,1,000,000,-1,0,1,4,1,38,0,1,1,00,2,8,13,201200044979B01,7,17,1
201200044988,2012-09-05,2012,septembre,mercredi,21:00,93,93048,0,0,2,1,3,4,1,3,1,02,1,1,000,000,1,0,1,4,1,33,5,1,4,00,0,0,1,201200044988C01,7,24,1
201200045017,2012-11-17,2012,novembre,samedi,14:30,93,93048,48.85739,2.43243,2,1,2,1,5,4,2,00,1,-1,000,000,2,0,1,1,1,19,0,1,2,00,0,0,1,201200045017Y01,32,1,1
201200045027,2012-12-18,2012,décembre,mardi,19:00,93,93048,0,0,2,1,3,5,1,4,1,01,1,1,000,000,2,0,1,4,1,14,2,1,2,00,2,1,2,201200045027B01,10,22,1