Num_Acc,date,an,mois,jour,hrmn,dep,com,lat,long,agg,int,col,lum,atm,catr,circ,nbv,prof,plan,lartpc,larrout,surf,infra,situ,grav,sexe,age,trajet,secuexist,equipement,obs,obsm,choc,manv,vehiculeid,typevehicules,manoeuvehicules,numVehicules
201200045036,2012-01-23,2012,janvier,lundi,91:5,93,93050,0,0,2,1,3,1,1,4,1,01,1,1,000,000,1,0,1,4,1,41,1,1,2,00,2,2,1,201200045036B01,10,9,1
201200045061,2012-06-15,2012,juin,vendredi,10:45,93,93050,48.86262,2.54491,2,7,2,1,1,3,2,04,1,1,000,000,1,0,0,4,1,82,3,1,9,00,0,1,2,201200045061B01,10,4,1
201200045064,2012-06-19,2012,juin,mardi,22:20,93,93050,0,0,2,5,3,5,2,2,1,04,1,1,000,000,2,0,1,3,2,24,1,1,4,00,0,8,11,201200045064B01,10,1,1
201200045074,2012-07-29,2012,juillet,dimanche,13:00,93,93050,48.8668,2.53433,2,1,2,1,1,4,-1,01,1,1,000,025,1,0,1,4,1,36,1,1,2,00,2,1,2,201200045074B01,7,2,1
201200045079,2012-09-12,2012,septembre,mercredi,18:50,93,93050,0,0,2,1,2,1,1,2,3,04,1,1,010,160,1,0,1,4,1,23,0,1,9,00,2,1,1,201200045079A01,7,16,1
201200045152,2012-07-04,2012,juillet,mercredi,20:05,93,93051,48.8508,2.56161,2,1,6,1,1,4,2,01,2,2,000,000,1,0,1,3,1,13,5,1,2,00,0,0,0,201200045152A01,,,
201200045167,2012-09-22,2012,septembre,samedi,16:35,93,93051,0,0,2,1,3,1,1,3,-1,00,1,1,000,000,1,0,1,3,1,50,0,1,2,00,0,1,0,201200045167A01,33,0,1
201200045178,2012-10-31,2012,octobre,mercredi,20:40,77,77083,0,0,2,1,2,5,1,3,3,04,1,1,000,081,1,0,1,2,1,15,5,1,4,00,2,9,19,201200045178B01,7,1,1
201200045178,2012-10-31,2012,octobre,mercredi,20:40,77,77083,0,0,2,1,2,5,1,3,3,04,1,1,000,081,1,0,1,3,1,12,0,1,4,00,2,9,19,201200045178B01,7,1,1
201200045179,2012-11-05,2012,novembre,lundi,18:40,93,93051,0,0,2,1,3,5,2,3,2,01,1,1,000,000,2,0,1,3,2,24,1,1,9,00,0,8,1,201200045179B01,7,1,1
201200045186,2012-01-25,2012,janvier,mercredi,17:50,93,93053,0,0,2,2,3,5,2,3,1,02,2,3,000,000,2,0,1,3,1,33,9,1,9,00,2,8,9,201200045186A01,32,1,1
201200045210,2012-05-13,2012,mai,dimanche,17:15,93,93053,0,0,2,3,3,1,1,2,2,00,1,1,000,000,1,0,1,3,1,54,0,1,2,00,2,1,15,201200045210B01,7,1,1
201200045213,2012-05-23,2012,mai,mercredi,20:10,93,93053,48.8846,2.4585,2,1,6,1,1,4,2,00,1,1,000,000,1,0,4,3,1,7,5,1,2,00,2,1,1,201200045213B01,7,15,1
201200045222,2012-06-29,2012,juin,vendredi,23:45,93,93053,0,0,2,3,3,5,1,3,2,02,1,1,000,080,1,0,1,3,1,48,0,1,9,00,2,8,1,201200045222B01,7,11,1
201200045233,2012-09-04,2012,septembre,mardi,20:00,93,93053,0,0,2,1,2,2,1,2,1,01,1,-1,000,000,1,0,1,3,1,28,0,1,9,00,0,4,2,201200045233B01,7,2,1
201200045302,2012-09-06,2012,septembre,jeudi,17:25,93,93055,0,0,2,1,3,1,1,4,-1,02,-1,-1,000,030,1,0,5,3,1,39,1,1,4,01,0,1,22,201200045302B01,7,22,1
201200045374,2012-09-11,2012,septembre,mardi,10:55,93,93077,0,0,2,2,3,1,2,4,2,02,1,-1,000,000,2,0,1,4,1,18,0,1,3,00,2,1,1,201200045374B01,10,1,1
201200045378,2012-09-18,2012,septembre,mardi,18:00,93,93062,0,0,2,1,6,1,1,4,2,01,1,1,000,120,1,0,1,1,1,21,0,1,9,00,1,1,1,201200045378A01,,,
201200045435,2012-08-04,2012,août,samedi,18:10,93,93064,0,0,2,1,6,1,1,2,2,04,-1,1,000,130,1,0,1,3,1,18,5,1,9,00,2,1,1,201200045435B01,7,1,1
201200045470,2012-01-10,2012,janvier,mardi,18:25,93,93066,0,0,2,1,3,5,1,4,2,02,1,1,000,040,1,0,1,3,1,16,9,1,2,00,2,1,19,201200045470A01,7,2,1
201200045471,2012-01-11,2012,janvier,mercredi,17:25,93,93066,0,0,2,1,1,1,1,3,2,03,1,1,000,100,1,0,1,3,1,16,9,1,2,00,2,1,3,201200045471B01,7,2,1
201200045477,2012-01-24,2012,janvier,mardi,17:15,93,93066,0,0,2,3,7,2,3,2,1,02,1,1,000,000,2,2,1,4,1,48,9,1,9,00,2,4,1,201200045477B01,7,2,1
201200045557,2012-06-06,2012,juin,mercredi,19:20,93,93066,48.9239,2.36906,2,1,3,1,1,4,3,01,1,1,000,000,1,6,1,4,2,12,3,1,9,00,2,1,1,201200045557B01,7,1,1
201200045579,2012-07-12,2012,juillet,jeudi,85:5,93,93066,0,0,2,2,3,1,1,2,2,02,1,1,000,000,1,0,1,4,1,42,0,1,9,00,0,1,0,201200045579B01,7,0,1
201200045606,2012-09-17,2012,septembre,lundi,16:45,93,93066,0,0,2,3,3,1,1,4,2,02,1,1,180,150,1,5,1,4,1,29,0,1,9,00,2,8,1,201200045606B01,7,1,1
201200045623,2012-10-12,2012,octobre,vendredi,11:50,93,93066,0,0,2,1,3,1,1,4,2,02,1,1,000,000,1,0,1,3,2,34,0,1,9,00,2,1,2,201200045623B01,7,0,1
201200045652,2012-11-22,2012,novembre,jeudi,18:50,93,93066,0,0,2,3,3,3,1,4,2,02,1,1,000,060,1,0,1,3,2,23,0,1,4,01,0,1,1,201200045652B01,7,22,1
201200045654,2012-11-26,2012,novembre,lundi,10:,93,93066,0,0,2,1,3,5,1,4,-1,04,1,1,000,140,1,0,1,3,1,23,0,1,2,00,0,7,2,201200045654B01,7,11,1
201200045657,2012-12-03,2012,décembre,lundi,84:5,93,93066,0,0,2,1,3,1,2,3,1,01,1,-1,000,000,2,0,1,4,2,53,0,1,9,00,0,7,2,201200045657B01,15,2,1
201200045663,2012-12-11,2012,décembre,mardi,18:30,93,93066,48.91405,2.34555,2,9,3,5,1,4,2,02,1,-1,000,000,1,0,1,3,2,38,9,1,4,00,0,0,0,201200045663B01,7,16,1
201200045674,2012-01-04,2012,janvier,mercredi,12:55,93,93070,0,0,2,1,2,1,1,4,2,02,1,1,000,050,1,0,1,4,1,35,9,1,4,00,2,1,2,201200045674B01,7,20,1
201200045677,2012-01-08,2012,janvier,dimanche,18:20,93,93070,0,0,2,1,6,5,1,3,2,03,1,1,000,080,1,0,1,1,1,27,5,1,9,00,1,1,1,201200045677A01,,,
201200045683,2012-01-21,2012,janvier,samedi,18:40,93,93070,0,0,2,1,3,2,8,3,2,02,1,1,000,200,2,0,1,3,1,37,9,1,9,00,2,8,15,201200045683B01,7,17,1
201200045700,2012-05-03,2012,mai,jeudi,20:10,93,93070,48.9059,2.33809,2,2,3,1,1,4,1,01,1,1,000,025,1,5,1,4,2,27,5,1,9,00,2,9,0,201200045700B01,7,1,1
201200045707,2012-05-23,2012,mai,mercredi,18:40,93,93070,0,0,2,3,6,1,1,3,3,02,1,1,050,100,1,0,1,3,1,67,0,1,9,00,2,0,0,201200045707C01,7/ 33,0,2
201200045734,2012-08-22,2012,août,mercredi,23:15,93,93070,0,0,2,1,1,3,1,4,1,02,1,3,000,000,1,0,1,4,1,71,0,1,4,00,0,4,2,201200045734B01,7,2,1
201200045805,2012-07-02,2012,juillet,lundi,18:15,93,93072,48.9621,2.383,2,1,3,1,1,4,1,01,1,1,000,020,1,0,1,3,1,34,5,1,2,00,2,3,1,201200045805A01,7,1,1
201200045898,2012-01-18,2012,janvier,mercredi,15:30,94,94002,48.7864,2.42942,2,2,3,1,1,4,2,02,1,1,000,000,1,0,1,4,2,8,5,1,2,00,2,1,1,201200045898A01,7,1,1
201200045907,2012-05-01,2012,mai,mardi,13:25,94,94002,0,0,2,2,3,1,1,3,2,02,1,1,000,072,1,0,1,4,2,46,5,1,9,00,2,6,0,201200045907B01,7,0,1
201200045908,2012-06-02,2012,juin,samedi,15:55,94,94002,0,0,2,1,3,1,1,4,1,01,1,1,000,042,1,0,1,4,1,50,9,1,9,14,0,1,2,201200045908B01,7,1,1
201200045911,2012-06-26,2012,juin,mardi,17:00,94,94002,0,0,2,1,3,1,1,4,2,02,1,1,000,060,1,0,1,3,1,55,0,1,9,00,2,1,2,201200045911B01,10,2,1
201200045919,2012-07-28,2012,juillet,samedi,12:45,94,94002,0,0,2,1,3,1,1,4,1,01,1,1,000,066,1,0,1,4,1,10,5,1,9,01,2,6,19,201200045919B01,7,2,1
201200046023,2012-03-28,2012,mars,mercredi,18:54,94,94044,48.7473,2.49433,2,1,6,1,1,4,2,00,1,1,000,000,1,0,1,4,1,5,5,1,9,00,2,8,19,201200046023B01,7,1,1
201200046125,2012-05-31,2012,mai,jeudi,20:50,94,94017,0,0,2,1,3,2,1,4,2,02,1,1,000,000,1,0,1,3,1,60,0,1,9,00,2,1,1,201200046125B01,30,1,1
201200046233,2012-04-12,2012,avril,jeudi,20:00,94,94018,0,0,2,1,3,1,1,3,1,02,2,1,000,180,1,0,4,3,1,33,5,1,2,00,2,1,5,201200046233A01,7,9,1
201200046264,2012-09-23,2012,septembre,dimanche,18:15,94,94069,0,0,2,1,3,1,1,4,1,01,2,1,000,040,1,0,1,4,2,59,0,1,2,00,0,2,9,201200046264A01,7,1,1
201200046267,2012-10-05,2012,octobre,vendredi,17:30,94,94069,0,0,2,1,2,1,1,3,2,04,4,1,000,080,1,0,1,4,1,79,5,1,9,00,0,5,2,201200046267B01,14,2,1
201200046299,2012-03-12,2012,mars,lundi,16:45,94,94059,48.8084,2.56522,2,1,7,1,1,4,2,02,1,1,000,000,1,0,1,4,2,10,9,1,2,01,0,1,1,201200046299B01,7,22,1
201200046306,2012-04-04,2012,avril,mercredi,13:10,94,94019,0,0,2,1,3,1,1,4,-1,00,1,-1,000,000,1,0,1,4,1,32,0,1,2,00,2,1,1,201200046306A01,7,15,1
201200046331,2012-07-03,2012,juillet,mardi,13:50,94,94079,0,0,2,1,3,1,1,4,2,00,1,1,000,060,1,0,1,4,1,57,0,1,9,01,0,1,0,201200046331B01,7,22,1
201200046342,2012-07-25,2012,juillet,mercredi,20:50,94,94079,0,0,2,2,3,1,1,4,2,02,-1,1,020,072,1,5,1,4,1,61,0,1,9,00,2,1,1,201200046342B01,3,15,1
201200046360,2012-09-17,2012,septembre,lundi,13:45,94,94055,0,0,2,6,3,1,1,4,2,02,1,1,000,064,1,0,1,4,1,65,5,1,9,00,2,1,1,201200046360B01,7,16,1
201200046386,2012-03-08,2012,mars,jeudi,23:05,94,94054,48.7449,2.40764,2,6,6,5,1,3,2,04,1,1,000,000,1,0,1,1,1,18,9,1,9,00,1,1,1,201200046386A01,,,
201200046400,2012-05-12,2012,mai,samedi,11:50,94,94022,0,0,2,3,3,1,1,3,2,02,1,1,032,060,1,0,0,3,1,17,5,1,9,00,2,1,1,201200046400B01,7,1,1
201200046459,2012-04-15,2012,avril,dimanche,19:05,94,94054,0,0,2,1,2,1,8,4,3,02,2,3,000,000,1,0,1,4,1,42,1,1,2,00,2,4,2,201200046459B01,7,2,1
201200046467,2012-01-06,2012,janvier,vendredi,18:10,94,94028,48.7726,2.43313,2,1,2,3,1,3,2,02,2,1,000,060,1,0,1,4,1,40,5,1,9,00,2,4,15,201200046467B01,33,2,1
201200046484,2012-02-15,2012,février,mercredi,12:20,94,94011,48.7654,2.49115,2,1,7,1,1,3,2,04,1,1,030,120,1,0,1,4,1,28,9,1,2,00,2,1,1,201200046484B01,7,22,1
201200046485,2012-02-17,2012,février,vendredi,94:0,94,94011,48.7748,2.47875,2,1,3,1,1,4,2,02,1,1,000,060,1,0,1,4,1,24,4,1,2,00,2,1,19,201200046485B01,7,1,1
201200046487,2012-02-21,2012,février,mardi,14:15,94,94011,48.7738,2.4875,2,2,3,1,1,3,2,02,1,1,000,060,1,0,1,4,1,63,9,1,2,00,2,1,1,201200046487B01,7,15,1
201200046499,2012-03-19,2012,mars,lundi,91:0,94,94028,48.7953,2.45905,2,5,3,1,1,3,2,02,1,1,000,000,1,0,1,4,1,14,2,1,9,00,2,1,17,201200046499B01,10,1,1
201200046500,2012-03-20,2012,mars,mardi,80:0,94,94028,48.7907,2.44563,2,3,3,1,1,4,2,04,1,1,000,120,1,0,1,4,1,41,9,1,4,00,2,4,9,201200046500A01,7,1,1
201200046513,2012-04-16,2012,avril,lundi,22:05,94,94028,0,0,2,9,3,5,1,4,-1,01,1,1,000,030,1,0,1,4,1,25,0,1,4,00,2,1,1,201200046513B01,7,1,1
201200046546,2012-06-06,2012,juin,mercredi,71:0,94,94028,0,0,2,6,3,1,1,4,-1,02,1,1,000,060,1,0,1,4,1,31,0,1,2,00,2,7,0,201200046546B01,10,9,1
201200046583,2012-08-30,2012,août,jeudi,82:0,94,94011,0,0,2,1,1,1,1,4,-1,02,1,-1,000,060,1,0,1,4,1,28,0,1,2,00,2,1,0,201200046583B01,7,0,1
201200046589,2012-09-17,2012,septembre,lundi,17:30,94,94011,0,0,2,1,6,1,1,4,2,02,1,1,000,060,1,0,1,4,1,61,5,1,9,00,0,4,2,201200046589B01,7,1,1
201200046590,2012-09-17,2012,septembre,lundi,20:20,94,94028,0,0,2,1,6,5,1,4,2,02,1,1,000,060,1,0,0,4,1,29,5,1,2,00,2,0,1,201200046590A01,7,23,1
201200046593,2012-09-22,2012,septembre,samedi,12:30,94,94028,0,0,2,1,3,1,1,4,2,02,1,-1,000,040,-1,0,0,4,1,11,2,1,9,00,0,0,0,201200046593B01,7,0,1
201200046639,2012-12-11,2012,décembre,mardi,83:0,94,94028,0,0,2,1,6,2,1,4,2,02,1,1,000,060,1,0,5,4,1,62,0,1,2,00,2,8,1,201200046639B01,3,4,1
201200046683,2012-09-07,2012,septembre,vendredi,17:30,94,94033,0,0,2,3,1,1,1,3,2,02,2,1,000,000,1,0,1,4,1,12,5,1,4,00,2,1,1,201200046683A01,7,15,1
201200046708,2012-01-17,2012,janvier,mardi,64:0,94,94076,48.7794,2.3672,1,2,1,5,1,3,2,02,1,1,000,000,1,5,1,4,1,41,9,1,9,00,2,8,1,201200046708A01,34,1,1
201200046754,2012-04-20,2012,avril,vendredi,16:30,94,94043,0,0,2,1,3,1,2,3,3,00,2,1,000,000,2,0,1,4,1,28,0,1,9,01,0,1,18,201200046754A01,10,24,1
201200046767,2012-05-26,2012,mai,samedi,95:0,94,94043,0,0,2,2,3,1,1,3,1,01,1,1,,,1,0,1,4,1,44,5,1,4,00,2,7,1,201200046767A01,7,1,1
201200046774,2012-06-09,2012,juin,samedi,17:55,94,94003,0,0,2,3,3,1,1,3,1,02,-1,1,000,000,1,0,1,4,1,7,0,1,2,00,2,0,5,201200046774B01,7,1,1
201200046787,2012-07-03,2012,juillet,mardi,19:35,94,94003,0,0,2,1,6,1,1,4,1,03,1,1,000,000,1,0,1,4,2,50,0,1,2,01,0,1,18,201200046787A01,7,22,1
201200046812,2012-09-18,2012,septembre,mardi,15:45,94,94003,0,0,2,1,3,1,1,4,2,00,1,1,000,040,1,1,1,4,1,48,0,1,2,00,2,1,1,201200046812B01,7,9,1
201200046814,2012-09-19,2012,septembre,mercredi,17:45,94,94076,0,0,1,1,6,1,1,4,2,02,1,1,000,000,1,0,1,1,1,35,0,1,9,00,1,1,0,201200046814A01,,,
201200046856,2012-11-15,2012,novembre,jeudi,21:40,94,94037,0,0,2,2,6,5,1,4,2,01,1,-1,000,060,1,0,1,4,1,32,0,1,9,00,2,1,0,201200046856B01,7,16,1
201200046857,2012-11-16,2012,novembre,vendredi,17:40,94,94043,0,0,2,1,6,5,8,3,2,00,2,1,000,000,1,5,1,1,1,14,5,1,9,00,1,1,5,201200046857A01,,,
201200046860,2012-12-03,2012,décembre,lundi,90:0,94,94003,0,0,2,1,1,1,2,4,-1,02,-1,-1,000,000,2,0,0,3,2,42,1,1,9,00,2,1,0,201200046860B01,7,0,1
201200046863,2012-12-04,2012,décembre,mardi,20:00,94,94076,0,0,2,2,3,5,2,9,2,02,2,1,000,060,2,0,1,4,1,46,0,1,4,00,0,7,15,201200046863B01,7,9,1
201200046865,2012-12-08,2012,décembre,samedi,17:00,94,94016,0,0,2,1,6,2,1,2,2,02,2,1,000,050,1,0,1,4,1,22,5,1,4,01,0,2,1,201200046865B01,7,0,1
201200046899,2012-01-13,2012,janvier,vendredi,75:5,94,94073,48.757,2.40045,2,1,2,2,1,4,-1,02,1,1,000,000,1,0,1,4,1,58,1,1,9,00,2,4,1,201200046899B01,31,1,1
201200046925,2012-01-26,2012,janvier,jeudi,18:40,94,94073,48.7589,2.37249,2,1,3,5,2,4,2,02,1,3,000,000,2,0,1,4,1,51,9,1,2,00,2,3,19,201200046925A01,37,21,1
201200046927,2012-09-11,2012,septembre,mardi,15:15,94,94038,0,0,2,2,3,1,3,4,2,02,1,1,000,000,2,0,1,3,2,36,0,1,9,00,2,1,1,201200046927A01,7,1,1
201200046931,2012-05-19,2012,mai,samedi,10:20,94,94038,0,0,2,2,5,1,1,4,2,02,1,1,000,061,1,0,1,4,1,39,5,1,2,00,2,1,1,201200046931B01,7,1,2
201200046948,2012-05-29,2012,mai,mardi,18:30,94,94021,0,0,2,2,3,1,7,4,2,00,1,1,000,000,1,0,1,4,1,30,1,1,9,00,2,1,1,201200046948B01,7,9,1
201200047052,2012-11-13,2012,novembre,mardi,80:0,94,94073,0,0,2,3,2,1,2,4,2,02,1,1,000,000,2,0,1,3,1,59,0,1,2,00,0,4,0,201200047052B01,7,9,1
201200047064,2012-12-05,2012,décembre,mercredi,19:35,94,94038,0,0,2,9,1,5,2,4,2,02,1,1,000,000,2,5,1,4,1,40,1,1,2,00,2,1,2,201200047064B01,7,15,1
201200047090,2012-03-01,2012,mars,jeudi,20:20,94,94041,48.8111,2.38394,2,3,3,5,1,3,2,03,2,1,002,100,1,0,1,4,1,51,9,1,2,00,2,8,1,201200047090B01,7,15,1
201200047099,2012-03-15,2012,mars,jeudi,20:30,94,94041,48.8087,2.38115,2,1,7,5,1,3,1,01,1,1,000,050,1,0,4,4,1,54,9,1,2,00,2,1,1,201200047099B01,7,23,1
201200047114,2012-05-13,2012,mai,dimanche,64:5,94,94041,0,0,2,1,2,1,1,2,2,02,1,1,000,080,1,0,1,4,1,23,5,1,2,00,2,1,2,201200047114A01,37,23,1
201200047123,2012-05-28,2012,mai,lundi,15:30,94,94041,0,0,2,1,6,1,1,3,1,01,2,-1,000,005,1,0,5,4,1,7,5,1,9,15,0,1,0,201200047123A01,,,
201200047151,2012-08-30,2012,août,jeudi,10:10,94,94041,0,0,2,9,6,1,1,6,2,01,1,1,000,062,1,0,1,4,1,13,0,1,2,00,2,1,1,201200047151B01,7,1,1
201200047155,2012-09-11,2012,septembre,mardi,18:30,94,94041,0,0,2,1,6,1,8,9,1,01,1,-1,000,035,2,0,1,4,2,36,0,1,2,01,0,7,0,201200047155A01,,,
201200047162,2012-10-08,2012,octobre,lundi,53:0,94,94041,0,0,2,2,1,5,1,2,3,03,1,1,000,160,1,0,1,4,1,42,1,1,2,00,2,1,15,201200047162B01,2,0,1
201200047174,2012-10-25,2012,octobre,jeudi,95:5,94,94041,0,0,2,1,6,1,1,3,2,04,1,1,000,180,-1,0,4,4,1,47,0,1,9,00,0,0,0,201200047174A01,,,
201200047180,2012-11-17,2012,novembre,samedi,20:25,94,94041,0,0,2,1,6,5,1,4,2,02,1,1,035,035,1,0,0,1,1,26,5,1,4,00,1,1,2,201200047180A01,,,
201200047205,2012-02-15,2012,février,mercredi,17:30,94,94046,48.8158,2.42171,2,1,2,1,1,3,2,02,1,1,000,000,1,0,1,4,1,60,9,1,9,00,2,1,2,201200047205A01,10,1,1
201200047209,2012-03-20,2012,mars,mardi,13:15,94,94046,48.8144,2.42341,2,1,6,1,1,3,3,00,1,1,000,000,1,0,4,1,2,19,9,1,4,00,1,1,1,201200047209A01,,,
201200047214,2012-05-01,2012,mai,mardi,18:20,94,94046,0,0,2,2,3,1,1,4,2,02,1,1,000,000,1,0,1,3,1,27,9,1,2,00,2,1,1,201200047214A01,7,1,1
201200047215,2012-05-04,2012,mai,vendredi,81:5,94,94046,0,0,2,1,6,1,9,3,2,04,1,1,000,064,2,0,1,4,1,28,0,1,9,00,2,0,2,201200047215B01,7,17,1
201200047249,2012-10-09,2012,octobre,mardi,11:25,94,94046,0,0,2,1,2,1,2,4,1,01,1,1,000,072,2,0,1,4,2,54,5,1,9,00,2,1,23,201200047249B01,10,4,1
201200047306,2012-05-01,2012,mai,mardi,17:00,94,94042,0,0,2,1,1,1,1,9,2,01,2,1,000,029,1,0,3,1,2,18,5,1,2,00,2,1,1,201200047306B01,1,1,1
201200047306,2012-05-01,2012,mai,mardi,17:00,94,94042,0,0,2,1,1,1,1,9,2,01,2,1,000,029,1,0,3,4,1,46,5,1,2,00,2,1,1,201200047306A01,1,1,1
201200047318,2012-06-11,2012,juin,lundi,84:0,94,94058,0,0,2,3,3,1,2,4,1,01,1,1,000,035,1,0,1,4,1,15,2,1,4,14,0,1,19,201200047318A01,7,14,1
201200047353,2012-09-15,2012,septembre,samedi,20:15,94,94052,0,0,2,1,3,5,1,4,2,02,2,1,000,066,1,0,1,3,2,33,5,1,4,00,2,7,19,201200047353A01,7,1,1
201200047362,2012-10-12,2012,octobre,vendredi,13:00,94,94058,0,0,2,2,3,1,1,4,1,01,1,1,000,052,1,0,1,4,1,18,5,1,9,00,0,7,1,201200047362B01,7,1,1
201200047373,2012-11-14,2012,novembre,mercredi,90:1,94,94052,0,0,2,2,7,1,8,3,2,02,2,1,020,100,1,0,1,4,1,46,1,1,9,10,2,1,6,201200047373B01,7,0,1
201200047393,2012-01-11,2012,janvier,mercredi,11:40,94,94068,48.7917,2.49446,2,2,3,1,1,4,2,02,1,1,000,060,1,0,1,3,2,16,5,1,9,00,2,2,1,201200047393A01,10,1,1
201200047400,2012-02-21,2012,février,mardi,93:5,94,94068,48.7915,2.51937,2,1,7,1,1,3,2,02,1,1,000,000,1,0,1,4,1,56,1,1,9,01,0,1,1,201200047400B01,7,22,1
201200047407,2012-03-26,2012,mars,lundi,10:50,94,94068,48.8078,2.50909,2,2,2,1,1,3,2,02,2,1,000,150,1,0,1,4,2,47,9,1,2,00,2,1,2,201200047407A01,7,23,1
201200047420,2012-05-01,2012,mai,mardi,11:10,94,94068,0,0,2,7,6,1,1,3,1,01,1,2,000,101,1,0,1,4,2,57,9,1,9,01,0,1,1,201200047420B01,7,22,1
201200047432,2012-05-24,2012,mai,jeudi,18:15,94,94068,0,0,2,3,6,1,1,4,1,01,1,1,,,1,0,1,4,2,68,9,1,9,00,2,7,15,201200047432B01,7,15,1
201200047433,2012-05-25,2012,mai,vendredi,17:00,94,94068,0,0,2,2,3,1,1,4,2,02,1,1,,,1,0,1,3,1,30,1,1,9,00,2,1,1,201200047433A01,7,1,1
201200047437,2012-06-08,2012,juin,vendredi,19:50,94,94068,0,0,2,1,3,1,1,4,2,00,1,1,000,000,1,0,1,4,1,20,0,1,9,00,2,0,0,201200047437A01,7,0,1
201200047454,2012-07-23,2012,juillet,lundi,19:05,94,94068,0,0,2,1,2,1,1,2,-1,00,1,1,000,080,1,0,1,4,1,25,5,1,9,00,2,1,0,201200047454A01,7,0,1
201200047483,2012-10-26,2012,octobre,vendredi,19:50,94,94068,0,0,2,1,6,5,1,4,1,01,1,1,000,065,1,0,1,4,2,50,1,1,4,00,2,2,1,201200047483B01,7,0,1
201200047504,2012-12-02,2012,décembre,dimanche,10:40,94,94068,0,0,2,1,3,1,1,3,2,03,1,1,000,000,1,0,1,4,1,45,0,1,9,00,2,1,1,201200047504B01,7,15,1
201200047521,2012-12-28,2012,décembre,vendredi,20:30,94,94068,0,0,2,2,3,5,1,4,2,02,1,1,000,058,2,0,1,3,2,30,0,1,9,00,2,0,15,201200047521A01,7,2,1
201200047648,2012-10-25,2012,octobre,jeudi,82:0,94,94077,0,0,2,1,7,1,1,4,1,00,-1,2,000,025,-1,0,1,4,2,43,1,1,2,00,2,4,1,201200047648B01,10,9,1
201200047690,2012-02-29,2012,février,mercredi,82:5,94,94080,48.8483,2.45237,2,1,7,1,1,3,1,01,1,1,000,000,1,0,1,4,1,28,1,1,9,01,0,1,17,201200047690B01,7,22,1
201200047707,2012-05-31,2012,mai,jeudi,11:15,94,94067,0,0,2,1,6,1,1,3,2,02,1,1,000,000,1,0,1,1,1,37,1,1,9,00,1,1,1,201200047707A01,,,
201200047708,2012-05-31,2012,mai,jeudi,15:05,94,94080,0,0,2,1,1,1,1,4,2,02,1,1,000,000,1,0,0,4,1,56,4,1,9,01,0,1,0,201200047708B01,7,0,1
201200047709,2012-06-06,2012,juin,mercredi,11:50,94,94080,0,0,2,1,6,1,1,3,1,01,1,1,000,000,-1,0,1,4,2,48,5,1,9,01,0,0,0,201200047709B01,7,24,1
201200047713,2012-06-29,2012,juin,vendredi,12:00,94,94080,0,0,2,1,6,1,1,4,1,01,1,1,000,021,1,0,1,3,2,29,5,1,9,00,0,1,0,201200047713B01,7,0,1
201200047721,2012-09-02,2012,septembre,dimanche,10:15,94,94067,0,0,2,1,6,1,1,3,2,02,1,1,000,000,1,0,1,4,1,63,5,1,2,01,0,1,21,201200047721B01,7,22,1
201200047726,2012-09-13,2012,septembre,jeudi,19:25,94,94080,0,0,2,1,6,1,1,3,2,04,1,1,000,000,1,0,1,4,2,27,5,1,9,00,2,5,12,201200047726B01,31,1,1
201200047728,2012-09-15,2012,septembre,samedi,14:50,94,94067,0,0,2,1,6,1,1,3,-1,00,1,1,000,000,1,0,4,1,1,14,5,1,9,00,1,1,0,201200047728A01,,,
201200047816,2012-06-30,2012,juin,samedi,17:55,94,94081,0,0,2,1,6,1,1,3,2,02,2,1,000,000,1,0,1,1,1,19,9,1,2,00,0,0,11,201200047816B01,7,11,1
201200047816,2012-06-30,2012,juin,samedi,17:55,94,94081,0,0,2,1,6,1,1,3,2,02,2,1,000,000,1,0,1,4,1,13,9,1,2,00,0,0,11,201200047816B01,7,11,1
201200047834,2012-08-21,2012,août,mardi,12:15,94,94081,0,0,2,1,6,1,1,9,1,01,-1,-1,000,000,-1,0,0,4,1,15,5,1,2,00,2,0,10,201200047834B01,34,0,1
201200047842,2012-09-29,2012,septembre,samedi,18:30,94,94081,0,0,2,3,3,2,1,3,2,02,2,1,000,000,1,0,1,4,2,15,0,1,9,00,2,1,0,201200047842A01,7,0,1
201200047905,2012-03-16,2012,mars,vendredi,19:35,95,95018,48.9399,2.2345,2,1,2,5,1,4,2,02,2,1,000,060,1,0,1,4,2,45,3,1,9,00,2,4,2,201200047905B01,7,1,1
201200047921,2012-04-10,2012,avril,mardi,15:45,95,95176,48.9696,2.2088,2,1,6,1,2,4,2,02,1,1,000,056,2,0,1,1,1,14,2,1,9,00,1,1,1,201200047921A01,,,
201200047977,2012-07-31,2012,juillet,mardi,20:50,95,95582,48.9767,2.2444,2,1,1,1,1,3,2,02,1,1,000,090,1,0,5,4,1,55,5,1,2,00,2,8,1,201200047977B01,7,11,1
201200047987,2012-09-12,2012,septembre,mercredi,13:55,95,95582,48.9739,2.2651,2,3,3,1,1,3,2,02,1,1,030,060,1,0,1,3,1,13,5,1,9,00,2,3,1,201200047987B01,38,13,1
201200047988,2012-09-14,2012,septembre,vendredi,18:00,95,95582,48.9708,2.2467,2,1,7,1,1,4,2,02,2,1,,,1,0,1,4,1,14,5,1,9,16,,9,1,201200047988A01,,,
201200047991,2012-09-19,2012,septembre,mercredi,16:15,95,95018,48.9516,2.2437,2,4,2,1,1,3,2,02,1,3,,,1,0,1,4,1,15,5,1,2,00,2,1,2,201200047991A01,7,2,1
201200047997,2012-09-27,2012,septembre,jeudi,13:45,95,95018,48.9486,2.2573,2,1,1,1,8,4,2,02,1,1,,,2,0,1,3,1,47,1,1,9,00,2,1,1,201200047997A01,7,2,1