Num_Acc,date,an,mois,jour,hrmn,dep,com,lat,long,agg,int,col,lum,atm,catr,circ,nbv,prof,plan,lartpc,larrout,surf,infra,situ,grav,sexe,age,trajet,secuexist,equipement,obs,obsm,choc,manv,vehiculeid,typevehicules,manoeuvehicules,numVehicules
201200048006,2012-10-08,2012,octobre,lundi,10:30,95,95018,48.9386,2.2142,2,2,3,1,2,4,2,02,1,1,,,2,0,1,4,2,39,4,1,9,00,2,7,2,201200048006B01,7,1,1
201200048010,2012-10-15,2012,octobre,lundi,55:0,95,95018,48.9499,2.2063,2,6,3,5,8,3,2,02,1,2,025,110,2,0,1,4,1,36,1,1,9,00,2,6,2,201200048010B01,7,1,1
201200048014,2012-10-23,2012,octobre,mardi,15:15,95,95018,48.9472,2.2061,2,1,6,1,1,3,2,02,1,1,000,089,1,0,1,4,1,13,2,1,2,00,2,8,19,201200048014B01,2,17,1
201200048022,2012-10-29,2012,octobre,lundi,19:05,95,95018,48.9503,2.2254,2,3,6,5,1,4,2,02,1,1,000,109,1,0,1,4,1,33,5,1,9,01,0,7,1,201200048022B01,10,22,1
201200048075,2012-07-31,2012,juillet,mardi,19:40,95,95063,48.9308,2.2073,2,1,1,1,1,4,1,02,1,1,,,1,0,5,4,1,17,1,1,4,00,2,1,1,201200048075B01,32,0,1
201200048119,2012-03-27,2012,mars,mardi,80:0,95,95197,48.9715,2.3226,2,1,6,1,1,4,1,01,1,1,,,1,0,1,1,1,31,1,1,2,00,1,1,1,201200048119A01,,,
201200048121,2012-05-24,2012,mai,jeudi,18:00,95,95427,48.9682,2.3455,2,1,6,1,1,4,2,02,2,2,,,1,0,1,4,1,42,1,1,9,00,2,7,1,201200048121A01,37/ 7,1/21,2
201200048133,2012-01-17,2012,janvier,mardi,12:30,95,95219,48.9905,2.2594,2,1,6,1,1,3,2,02,1,1,,,2,0,1,4,1,12,2,1,9,01,0,1,1,201200048133A01,,,
201200048143,2012-02-26,2012,février,dimanche,16:35,95,95252,48.9941,2.2342,2,3,2,1,1,4,2,02,1,1,,,1,0,1,4,1,10,5,1,9,00,2,1,1,201200048143B01,7,1,1
201200048145,2012-03-05,2012,mars,lundi,13:00,95,95252,48.9937,2.2356,2,1,6,1,1,9,4,00,1,1,,,1,0,4,1,1,32,5,1,9,00,1,1,19,201200048145A01,,,
201200048155,2012-05-12,2012,mai,samedi,11:15,95,95219,48.9941,2.2609,2,4,1,1,1,4,2,02,1,1,,,1,0,1,4,2,57,5,1,9,00,2,1,1,201200048155B01,7,15,1
201200048160,2012-06-02,2012,juin,samedi,13:15,95,95219,48.9866,2.2474,2,1,3,1,1,3,2,04,1,1,,,1,0,1,4,2,66,5,1,9,00,2,6,1,201200048160B01,7,4,1
201200048165,2012-06-18,2012,juin,lundi,17:30,95,95203,48.9975,2.2652,2,2,3,1,1,4,2,02,1,1,,,1,0,1,4,1,16,2,1,9,00,2,8,15,201200048165B01,7,17,1
201200048172,2012-07-22,2012,juillet,dimanche,17:30,95,95491,48.9997,2.2264,2,1,3,1,1,4,2,02,1,1,,,1,0,1,4,1,23,5,1,9,00,2,8,15,201200048172B01,7,17,1
201200048182,2012-09-08,2012,septembre,samedi,19:20,95,95252,48.9939,2.2382,2,4,3,1,1,4,2,01,1,1,,,1,0,1,4,1,7,5,1,9,00,2,8,19,201200048182B01,10,1,1
201200048187,2012-09-23,2012,septembre,dimanche,11:46,95,95203,49.0035,2.2811,2,6,3,1,1,3,2,02,1,1,,,1,5,1,4,1,64,5,1,9,00,2,1,1,201200048187B01,7,9,1
201200048190,2012-10-02,2012,octobre,mardi,85:5,95,95219,48.9775,2.2714,2,3,2,1,8,3,2,02,1,1,,,2,0,1,3,2,43,1,1,9,00,2,4,1,201200048190B01,7,9,1
201200048217,2012-01-06,2012,janvier,vendredi,23:25,95,95252,48.9915,2.2161,2,1,2,5,1,4,2,02,1,1,,,1,0,1,4,1,20,1,1,4,00,2,4,23,201200048217B01,7,0,1
201200048221,2012-05-20,2012,mai,dimanche,11:35,95,95203,48.9809,2.2706,2,1,3,1,1,3,2,02,1,1,,,1,0,1,3,1,63,5,1,9,00,2,8,19,201200048221B01,7,1,1
201200048264,2012-07-19,2012,juillet,jeudi,21:15,95,95280,49.0309,2.4726,2,2,3,1,1,4,2,02,1,1,000,053,1,0,1,4,2,15,5,1,9,00,2,7,1,201200048264A01,7,1,1
201200048273,2012-09-23,2012,septembre,dimanche,10:45,95,95277,48.9808,2.4671,1,1,2,1,1,3,2,02,1,1,,,1,0,1,4,1,59,5,1,9,00,2,8,1,201200048273B01,7,2,1
201200048285,2012-01-17,2012,janvier,mardi,11:15,95,95280,49.0325,2.4732,2,1,7,1,1,4,2,02,1,1,012,083,1,0,1,3,2,79,3,1,9,16,0,4,1,201200048285A01,,,
201200048336,2012-06-08,2012,juin,vendredi,18:05,95,95306,49.0039,2.1471,2,1,3,1,1,4,2,02,1,1,,,1,0,1,4,1,38,5,1,9,00,0,8,1,201200048336A01,7,1,1
201200048382,2012-08-05,2012,août,dimanche,75:0,95,95313,49.1083,2.2329,2,1,2,1,1,3,2,02,1,1,000,060,1,0,1,3,1,39,5,1,2,00,2,4,1,201200048382B01,7,17,1
201200048396,2012-12-05,2012,décembre,mercredi,81:0,95,95052,49.1375,2.2828,2,2,3,2,2,3,2,02,1,1,000,060,2,0,1,4,1,13,2,1,9,00,2,4,15,201200048396B01,10,1,1
201200048470,2012-04-01,2012,avril,dimanche,10:55,95,95563,49.0137,2.2408,2,2,3,1,1,4,2,02,1,1,,,1,0,1,4,1,52,5,1,9,00,2,2,1,201200048470B01,7,1,1
201200048476,2012-07-01,2012,juillet,dimanche,12:40,95,95607,49.0191,2.2239,2,4,3,1,1,3,3,04,1,1,,,1,0,5,4,1,65,5,1,2,00,2,1,19,201200048476B01,7,16,1
201200048478,2012-07-25,2012,juillet,mercredi,14:40,95,95060,49.0318,2.2169,2,1,3,1,1,3,2,02,1,1,,,1,0,1,3,1,7,5,1,9,00,2,8,19,201200048478B01,7,1,1
201200048484,2012-10-16,2012,octobre,mardi,17:00,95,95051,49.0163,2.1761,2,1,3,1,1,4,2,02,1,1,,,1,0,4,4,1,51,1,1,9,00,2,1,1,201200048484B01,7,9,1
201200048580,2012-04-09,2012,avril,lundi,23:00,69,69381,0,0,2,1,6,5,1,4,2,02,2,1,000,071,1,0,1,4,1,19,5,1,2,00,2,0,0,201200048580B01,7,1,1
201200048585,2012-06-06,2012,juin,mercredi,17:13,69,69381,0,0,2,1,2,1,1,4,1,01,2,1,000,040,1,0,1,2,2,55,0,1,2,00,2,4,2,201200048585A01,31,2,1
201200051146,2012-06-04,2012,juin,lundi,84:5,2B,2B033,0,0,2,1,3,1,1,4,2,02,2,-1,000,090,1,0,1,4,1,27,5,1,2,00,2,1,17,201200051146A01,7,1,1
201200051157,2012-06-24,2012,juin,dimanche,13:25,2B,2B037,0,0,2,2,3,1,1,4,2,02,1,1,000,070,1,0,1,4,1,12,9,1,2,00,2,1,1,201200051157A01,7,1,1
201200051230,2012-11-04,2012,novembre,dimanche,14:58,2B,2B037,0,0,2,1,1,1,1,4,2,02,2,3,000,070,1,0,1,4,1,11,5,1,2,00,2,1,1,201200051230A01,7,1,1
201200051269,2012-03-27,2012,mars,mardi,13:20,69,69382,0,0,2,1,7,1,1,4,4,05,2,1,000,044,1,6,1,1,1,30,5,1,9,00,0,0,2,201200051269B01,2,21,1
201200051280,2012-05-16,2012,mai,mercredi,17:00,69,69382,0,0,2,1,6,1,1,4,2,03,1,1,000,060,1,0,1,4,2,42,0,1,4,00,2,4,13,201200051280B01,7,1,1
201200051282,2012-05-27,2012,mai,dimanche,50:0,69,69382,0,0,2,1,6,5,1,4,1,03,1,1,000,095,1,0,1,4,1,22,0,1,2,00,2,1,5,201200051282A01,7,1,1
201200051285,2012-06-07,2012,juin,jeudi,81:5,69,69382,0,0,2,1,6,1,1,4,-1,03,1,1,000,090,1,0,0,4,1,43,1,1,2,00,0,1,18,201200051285A01,10,23,1
201200051294,2012-07-12,2012,juillet,jeudi,19:00,69,69382,0,0,2,1,6,1,1,4,2,03,1,1,000,149,1,2,1,1,2,20,5,1,2,00,2,8,11,201200051294B01,32,1,1
201200051296,2012-07-27,2012,juillet,vendredi,18:15,69,69382,0,0,2,3,1,1,1,4,1,01,1,1,000,000,1,0,1,4,2,19,5,1,2,00,2,7,5,201200051296A01,7,1,1
201200051298,2012-08-09,2012,août,jeudi,18:00,69,69382,0,0,2,3,3,1,1,4,1,01,1,1,000,061,1,0,1,3,1,57,5,1,2,00,2,3,0,201200051298A01,7,0,1
201200051303,2012-09-04,2012,septembre,mardi,10:15,69,69382,0,0,2,2,3,1,1,4,3,03,1,1,000,087,1,0,1,3,2,45,5,1,2,00,2,7,2,201200051303B01,30,1,1
201200051317,2012-11-12,2012,novembre,lundi,15:50,69,69382,0,0,2,1,6,1,1,4,1,01,1,1,000,080,1,0,1,1,1,38,0,1,2,00,1,1,0,201200051317A01,,,
201200051377,2012-06-19,2012,juin,mardi,14:30,59,59183,0,0,1,1,3,1,1,1,3,04,1,1,020,220,1,3,1,1,2,76,5,1,9,00,2,7,14,201200051377B01,33,9,1
201200051447,2012-01-23,2012,janvier,lundi,17:15,69,69383,0,0,2,1,3,2,1,4,4,03,1,1,000,000,1,0,1,4,2,25,1,1,9,00,2,2,1,201200051447B01,7,9,1
201200051455,2012-01-26,2012,janvier,jeudi,18:50,69,69383,0,0,2,3,1,5,1,4,1,01,1,1,000,000,1,0,1,4,2,18,2,1,9,00,2,7,5,201200051455A01,7,15,1
201200051458,2012-02-09,2012,février,jeudi,20:10,69,69383,0,0,2,2,3,5,1,4,1,01,1,1,000,000,1,0,1,4,1,39,0,1,9,00,2,7,0,201200051458B01,7,15,1
201200051476,2012-03-01,2012,mars,jeudi,19:35,69,69386,0,0,2,2,3,5,1,4,2,00,1,1,000,000,1,0,0,4,1,21,0,1,9,00,2,1,0,201200051476B01,7,15,1
201200051499,2012-04-02,2012,avril,lundi,12:55,69,69383,0,0,2,2,3,1,1,4,1,01,1,1,000,000,1,0,1,4,1,23,2,1,2,00,2,8,18,201200051499A01,14,16,1
201200051523,2012-05-12,2012,mai,samedi,50:5,69,69383,0,0,2,2,1,4,1,4,2,04,1,1,011,125,1,0,1,3,1,20,4,1,2,00,2,1,1,201200051523A01,7,2,1
201200051526,2012-05-15,2012,mai,mardi,15:15,69,69383,0,0,2,2,6,1,1,4,2,02,1,1,000,000,1,0,1,4,1,36,5,1,9,08,2,7,1,201200051526A01,7,2,1
201200051529,2012-05-17,2012,mai,jeudi,16:30,69,69383,0,0,2,1,2,1,1,4,1,02,1,1,000,000,1,0,1,4,1,30,5,1,9,00,2,4,13,201200051529B01,7,2,1
201200051533,2012-05-23,2012,mai,mercredi,16:10,69,69383,0,0,2,1,6,1,1,4,2,01,1,1,000,060,1,0,1,4,1,7,5,1,9,00,2,1,19,201200051533A01,7,1,1
201200051535,2012-05-29,2012,mai,mardi,81:5,69,69383,0,0,2,1,3,1,1,4,2,03,1,1,000,000,1,0,1,4,2,36,1,1,9,00,2,1,8,201200051535B01,7,9,1
201200051536,2012-05-29,2012,mai,mardi,14:20,69,69383,0,0,2,1,3,1,1,4,2,06,1,1,011,156,1,1,1,3,2,30,0,1,2,00,2,1,1,201200051536B01,7,1,1
201200051538,2012-05-31,2012,mai,jeudi,84:5,69,69386,0,0,2,1,6,1,1,4,1,01,1,1,000,000,1,0,1,1,2,41,0,1,9,00,1,3,5,201200051538A01,,,
201200051538,2012-05-31,2012,mai,jeudi,84:5,69,69386,0,0,2,1,6,1,1,4,1,01,1,1,000,000,1,0,1,4,1,56,5,1,9,00,1,3,5,201200051538A01,,,
201200051539,2012-06-02,2012,juin,samedi,10:30,69,69386,0,0,2,1,6,1,1,4,2,06,1,1,000,000,2,0,1,4,1,44,5,1,9,00,2,1,1,201200051539B01,7,24,1
201200051552,2012-06-21,2012,juin,jeudi,12:34,69,69383,0,0,2,1,6,1,1,4,1,04,1,1,000,000,1,0,1,4,2,37,5,1,9,00,2,7,1,201200051552B01,7,17,1
201200051557,2012-06-27,2012,juin,mercredi,83:0,69,69383,0,0,2,2,3,1,1,4,1,01,1,1,000,000,1,0,1,4,1,60,1,1,2,00,2,7,5,201200051557A01,7,1,1
201200051560,2012-06-27,2012,juin,mercredi,19:10,69,69383,0,0,2,1,6,1,1,4,-1,02,1,1,000,000,1,0,5,4,1,20,5,1,9,01,0,1,1,201200051560A01,,,
201200051566,2012-06-29,2012,juin,vendredi,71:5,69,69383,0,0,2,2,3,1,1,4,1,01,1,1,000,000,1,0,1,4,2,27,5,1,9,00,0,0,0,201200051566B01,7,0,1
201200051567,2012-07-12,2012,juillet,jeudi,72:5,69,69383,0,0,2,2,3,1,1,4,1,02,1,1,000,000,1,0,1,4,1,61,1,1,2,00,2,7,1,201200051567B01,7,1,1
201200051572,2012-07-03,2012,juillet,mardi,17:40,69,69383,0,0,2,1,3,1,1,4,2,03,1,1,000,000,1,0,1,4,1,60,1,1,9,00,2,9,1,201200051572B01,7,16,1
201200051577,2012-07-10,2012,juillet,mardi,11:30,69,69386,0,0,2,1,3,1,1,4,2,05,1,1,000,060,1,2,1,4,1,87,5,1,9,00,2,8,1,201200051577B01,37,17,1
201200051578,2012-07-10,2012,juillet,mardi,11:30,69,69383,0,0,2,2,3,1,2,4,1,01,1,1,000,000,2,0,1,4,2,26,5,1,9,00,2,7,1,201200051578B01,7,5,1
201200051584,2012-07-19,2012,juillet,jeudi,22:50,69,69383,0,0,2,2,3,5,1,4,2,04,1,1,000,000,1,0,1,4,1,27,0,1,9,00,2,0,0,201200051584A01,7,1,1
201200051588,2012-07-29,2012,juillet,dimanche,17:25,69,69383,0,0,2,1,6,1,1,9,4,03,1,1,000,000,1,0,5,4,1,64,5,1,2,00,1,1,1,201200051588A01,,,
201200051592,2012-08-02,2012,août,jeudi,17:25,69,69386,0,0,2,2,5,1,1,4,1,01,1,1,000,000,1,0,1,4,1,34,1,1,9,00,2,8,1,201200051592C01,7,1,2
201200051594,2012-08-14,2012,août,mardi,51:5,69,69383,0,0,2,1,6,5,1,4,3,02,1,1,000,000,1,0,1,3,1,28,1,1,9,00,2,6,2,201200051594B01,7,0,1
201200051605,2012-09-07,2012,septembre,vendredi,13:00,69,69383,0,0,2,1,3,1,1,4,4,03,1,1,000,000,1,4,1,3,1,68,5,1,2,00,4,7,1,201200051605A01,40,1,1
201200051610,2012-09-10,2012,septembre,lundi,19:45,69,69383,0,0,2,2,3,2,1,4,2,02,1,1,000,000,1,4,1,3,2,24,0,1,9,00,0,1,1,201200051610A01,7,1,1
201200051620,2012-09-21,2012,septembre,vendredi,18:40,69,69383,0,0,2,2,2,1,2,4,1,01,1,1,000,000,2,0,1,4,2,56,1,1,4,00,2,4,2,201200051620B01,7,2,1
201200051621,2012-09-24,2012,septembre,lundi,90:5,69,69386,0,0,2,2,3,1,1,4,1,01,1,1,000,000,2,0,1,4,1,24,1,1,2,00,2,1,1,201200051621B01,7,1,1
201200051630,2012-10-02,2012,octobre,mardi,18:10,69,69386,0,0,2,1,3,1,1,4,2,06,1,1,022,161,1,0,1,3,2,64,0,1,2,00,2,1,1,201200051630A01,7,1,1
201200051633,2012-10-10,2012,octobre,mercredi,12:15,69,69383,0,0,2,1,7,1,1,4,-1,03,2,-1,000,000,1,0,1,3,1,40,1,1,4,00,0,0,21,201200051633B01,7,16,1
201200051639,2012-10-15,2012,octobre,lundi,14:15,69,69383,0,0,2,1,3,1,1,4,1,03,1,1,011,152,1,0,1,3,2,21,0,1,9,00,2,1,1,201200051639A01,32,1,1
201200051641,2012-10-19,2012,octobre,vendredi,82:5,69,69383,0,0,2,1,3,1,1,4,3,05,1,1,000,000,1,0,1,4,2,51,1,1,9,00,2,3,13,201200051641A01,7,1,1
201200051644,2012-10-20,2012,octobre,samedi,16:20,69,69386,0,0,2,1,3,1,1,4,2,02,1,1,000,000,1,0,1,3,1,37,5,1,9,00,2,8,1,201200051644A01,37,17,1
201200051645,2012-10-22,2012,octobre,lundi,18:00,69,69383,0,0,2,2,3,1,1,4,4,05,1,1,000,000,1,0,1,4,1,46,1,1,2,00,2,1,0,201200051645A01,7,0,1
201200051649,2012-10-26,2012,octobre,vendredi,90:0,69,69383,0,0,2,1,7,1,1,4,1,01,1,1,000,000,1,0,5,4,1,38,1,1,4,00,0,0,21,201200051649B01,7,24,1
201200051655,2012-11-08,2012,novembre,jeudi,22:00,69,69386,0,0,2,2,3,5,1,4,1,01,-1,-1,000,000,1,0,1,3,2,27,0,1,9,00,0,9,1,201200051655A01,7,1,1
201200051658,2012-11-16,2012,novembre,vendredi,10:00,69,69386,0,0,2,2,1,1,1,4,1,01,1,1,000,000,1,0,1,4,2,20,1,1,9,00,2,8,19,201200051658A01,7,19,1
201200051660,2012-11-18,2012,novembre,dimanche,16:50,69,69386,0,0,2,1,6,2,1,4,1,03,1,1,000,000,1,0,1,4,1,60,5,1,2,00,2,6,19,201200051660A01,7,1,1
201200051667,2012-12-01,2012,décembre,samedi,10:30,69,69383,0,0,2,2,3,1,1,4,1,01,1,1,000,000,1,0,1,4,2,41,0,1,2,00,2,1,1,201200051667B01,7,1,1
201200051673,2012-12-05,2012,décembre,mercredi,17:25,69,69386,0,0,2,2,3,5,2,4,1,02,1,1,000,030,2,0,1,3,1,44,1,1,9,00,2,1,1,201200051673B01,7,16,1
201200051677,2012-12-07,2012,décembre,vendredi,23:00,69,69386,0,0,2,1,3,5,2,4,2,04,1,1,023,138,2,2,1,3,1,46,5,1,9,00,2,4,19,201200051677A01,7,1,1
201200051687,2012-12-20,2012,décembre,jeudi,17:20,69,69383,0,0,2,3,3,5,2,4,1,02,1,1,000,000,2,0,1,4,1,32,3,1,4,00,2,1,0,201200051687A01,7,2,1
201200051690,2012-12-26,2012,décembre,mercredi,19:17,69,69383,0,0,2,1,6,5,1,4,2,03,1,1,000,000,1,0,1,4,2,29,5,1,2,00,2,0,7,201200051690B01,37,7,1
201200051707,2012-05-14,2012,mai,lundi,18:00,69,69384,0,0,2,1,6,1,1,4,1,01,1,1,000,050,1,0,1,1,1,41,5,1,2,00,1,2,1,201200051707A01,,,
201200051718,2012-08-21,2012,août,mardi,52:0,69,69384,0,0,2,2,3,4,1,4,2,02,1,1,000,086,1,0,1,3,1,48,1,1,9,00,2,1,1,201200051718B01,10,15,1
201200051723,2012-09-24,2012,septembre,lundi,70:0,69,69384,0,0,2,4,3,3,1,4,2,02,1,1,000,081,2,0,1,4,1,50,1,1,2,00,2,6,1,201200051723A01,7,15,1
201200051725,2012-10-05,2012,octobre,vendredi,10:15,69,69384,0,0,2,1,6,1,1,4,1,02,1,1,000,130,1,0,1,3,2,53,3,1,2,00,2,0,1,201200051725B01,7,2,1
201200051966,2012-04-27,2012,avril,vendredi,83:5,69,69385,0,0,2,1,6,1,1,4,2,04,2,3,033,129,1,0,1,4,1,40,1,1,2,00,2,1,3,201200051966A01,34/ 7,14/1,2
201200051971,2012-06-04,2012,juin,lundi,15:50,69,69385,0,0,2,1,7,1,1,4,3,02,2,4,000,042,1,0,1,4,1,46,1,1,2,00,0,1,16,201200051971A01,,,
201200051975,2012-06-18,2012,juin,lundi,10:10,69,69385,0,0,2,2,3,1,1,4,2,03,2,1,010,057,1,5,1,4,1,61,0,1,2,00,2,3,1,201200051975B01,10,1,1
201200051979,2012-08-31,2012,août,vendredi,19:30,69,69385,0,0,2,1,7,1,8,4,1,02,1,1,000,131,1,0,1,4,1,41,0,1,2,00,0,0,16,201200051979A01,,,
201200051980,2012-09-11,2012,septembre,mardi,10:,69,69385,0,0,2,2,1,5,1,4,2,03,4,1,000,100,1,0,1,4,1,26,0,1,2,00,2,1,5,201200051980A01,7,1,1
201200051987,2012-12-16,2012,décembre,dimanche,13:15,69,69385,0,0,2,1,6,1,1,4,1,02,1,1,000,111,1,0,1,4,1,26,5,1,2,00,2,2,5,201200051987B01,7,13,1
201200051994,2012-11-10,2012,novembre,samedi,13:30,69,69385,0,0,2,1,3,1,2,4,2,02,2,3,000,068,2,0,1,4,1,19,5,1,2,00,2,8,1,201200051994B01,7,17,1
201200051996,2012-11-27,2012,novembre,mardi,18:30,69,69385,0,0,2,1,1,5,1,9,2,02,1,1,000,000,1,0,5,4,1,54,5,1,2,00,2,1,1,201200051996A01,1,14,1
201200052001,2012-12-25,2012,décembre,mardi,20:40,69,69385,0,0,2,1,7,4,1,4,2,02,2,1,000,052,1,0,1,3,1,25,0,1,2,12,0,0,13,201200052001A01,,,
201200052108,2012-03-21,2012,mars,mercredi,91:5,69,69387,0,0,2,1,6,1,1,4,1,02,1,1,000,053,1,0,1,4,1,4,5,1,9,00,2,0,1,201200052108B01,7,1,1
201200052143,2012-05-31,2012,mai,jeudi,11:55,69,69387,0,0,2,3,3,1,1,4,2,04,1,1,011,122,1,0,1,3,2,20,0,1,2,00,2,8,1,201200052143B01,14,1,1
201200052154,2012-07-12,2012,juillet,jeudi,20:45,69,69387,0,0,2,1,3,1,1,4,2,04,1,1,000,154,1,2,1,4,1,29,5,1,9,00,2,1,1,201200052154B01,7,4,1
201200052157,2012-07-19,2012,juillet,jeudi,13:15,69,69387,0,0,2,3,6,1,1,4,1,02,1,1,000,000,1,0,1,4,1,26,0,1,9,01,2,8,19,201200052157C01,7,15,1
201200052162,2012-07-25,2012,juillet,mercredi,10:10,69,69387,0,0,2,1,2,1,1,4,4,04,1,1,000,000,1,0,1,3,2,29,5,1,9,00,2,6,13,201200052162A01,14,1,1
201200052165,2012-07-31,2012,juillet,mardi,18:20,69,69387,0,0,2,9,6,1,1,4,1,00,1,1,000,049,1,0,5,3,1,27,9,1,9,00,2,3,1,201200052165B01,7,15,1
201200052183,2012-10-01,2012,octobre,lundi,15:05,69,69387,0,0,2,2,3,1,1,4,4,03,1,1,000,000,1,0,1,4,2,20,2,1,2,00,2,2,1,201200052183A01,7,1,1
201200052188,2012-10-16,2012,octobre,mardi,91:0,69,69387,0,0,2,2,3,1,1,4,1,04,1,1,000,000,1,0,1,4,1,27,1,1,9,00,2,8,1,201200052188A01,7,1,1
201200052190,2012-10-16,2012,octobre,mardi,16:35,69,69387,0,0,2,1,1,1,2,4,4,03,1,1,000,000,2,0,1,4,1,30,1,1,2,00,2,7,17,201200052190A01,7,1,1
201200052199,2012-10-27,2012,octobre,samedi,15:50,69,69387,0,0,2,1,2,1,1,4,-1,02,1,1,011,121,1,0,1,3,1,20,0,1,2,00,2,1,1,201200052199A01,7,1,1
201200052204,2012-11-16,2012,novembre,vendredi,16:00,69,69387,0,0,2,2,3,1,1,4,1,01,1,1,000,044,1,0,1,3,1,21,2,1,2,00,2,8,1,201200052204B01,7,1,1
201200052210,2012-11-28,2012,novembre,mercredi,30:,69,69387,0,0,2,2,3,5,1,4,2,02,1,1,000,109,1,0,1,3,1,21,5,1,9,00,2,8,19,201200052210B01,7,1,1
201200052228,2012-01-05,2012,janvier,jeudi,12:30,69,69388,0,0,2,1,6,1,1,4,1,02,1,1,000,100,1,0,1,4,1,56,0,1,9,00,1,1,1,201200052228A01,,,
201200052243,2012-03-07,2012,mars,mercredi,19:05,69,69388,0,0,2,1,6,5,1,4,2,02,1,1,000,000,1,0,1,4,1,65,5,1,2,00,2,8,10,201200052243A01,37,1,1
201200052266,2012-05-10,2012,mai,jeudi,72:0,69,69388,0,0,2,3,3,1,1,4,1,01,1,1,000,000,1,0,1,4,1,46,1,1,9,00,2,8,19,201200052266A01,7,1,1
201200052269,2012-05-10,2012,mai,jeudi,73:0,69,69388,0,0,2,1,6,1,1,4,1,01,1,1,000,040,1,0,1,4,1,39,0,1,9,00,2,1,1,201200052269B01,7,1,1
201200052273,2012-05-10,2012,mai,jeudi,16:00,69,69388,0,0,2,2,3,1,1,4,3,04,1,1,000,000,1,0,1,4,1,28,1,1,9,00,2,8,1,201200052273B01,7,16,1
201200052290,2012-06-25,2012,juin,lundi,15:50,69,69388,0,0,2,3,3,1,1,4,1,01,1,1,000,000,1,0,1,4,1,60,9,1,4,00,2,2,1,201200052290B01,7,1,1
201200052305,2012-07-20,2012,juillet,vendredi,94:0,69,69388,0,0,2,1,6,1,1,4,2,02,1,1,000,000,1,0,4,4,1,31,0,1,9,00,2,1,1,201200052305A01,7,1,1
201200052333,2012-10-05,2012,octobre,vendredi,15:42,69,69388,0,0,2,1,6,1,1,4,1,01,1,1,000,000,1,0,5,1,1,41,1,1,2,00,1,1,1,201200052333A01,,,
201200052338,2012-10-26,2012,octobre,vendredi,13:15,69,69388,0,0,2,1,3,1,2,4,2,01,1,1,000,000,2,0,5,3,1,31,5,1,9,00,2,1,1,201200052338B01,7,15,1
201200052340,2012-10-31,2012,octobre,mercredi,80:5,69,69388,0,0,2,1,3,1,1,4,4,01,1,1,000,000,1,0,1,4,1,48,1,1,9,00,2,7,1,201200052340B01,7,9,1
201200052344,2012-11-14,2012,novembre,mercredi,74:0,69,69388,0,0,2,3,6,1,1,4,2,03,1,1,000,090,1,0,1,4,2,46,1,1,4,00,2,1,2,201200052344A01,7,16,1
201200052846,2012-02-01,2012,février,mercredi,10:25,69,69389,0,0,2,1,6,1,1,4,1,02,1,1,000,069,1,0,5,4,2,31,5,1,9,00,2,1,1,201200052846B01,7,23,1
201200052849,2012-02-15,2012,février,mercredi,18:40,69,69389,0,0,2,1,6,5,1,4,4,05,2,1,000,110,1,0,1,4,1,46,0,1,2,00,2,1,1,201200052849B01,7,11,1
201200052851,2012-02-18,2012,février,samedi,12:50,69,69389,0,0,2,1,6,1,1,4,2,02,-1,2,000,055,1,0,1,4,2,40,5,1,9,00,2,2,1,201200052851A01,,,
201200052882,2012-05-20,2012,mai,dimanche,11:40,69,69081,0,0,2,2,3,1,1,4,2,02,1,1,000,072,1,0,1,4,1,28,5,1,2,00,2,1,1,201200052882A01,7,1,1
201200052899,2012-06-24,2012,juin,dimanche,10:40,69,69389,0,0,2,1,3,1,1,2,2,02,1,1,000,067,1,0,1,4,1,65,5,1,2,15,0,1,1,201200052899B01,7,24,1
201200052914,2012-08-11,2012,août,samedi,17:55,69,69389,0,0,2,1,6,1,1,4,1,01,2,1,000,038,1,0,1,4,1,51,5,1,9,00,2,4,1,201200052914B01,31,21,1
201200052921,2012-08-30,2012,août,jeudi,17:15,69,69389,0,0,2,1,6,1,1,4,2,02,1,1,000,081,1,0,1,4,1,10,5,1,9,00,2,1,1,201200052921B01,7,0,1
201200052929,2012-10-09,2012,octobre,mardi,18:30,69,69081,0,0,2,1,7,1,1,4,2,02,2,1,000,040,1,0,1,4,1,41,0,1,2,16,0,8,15,201200052929A01,,,
201200052937,2012-11-23,2012,novembre,vendredi,19:00,69,69389,0,0,2,1,3,5,1,4,2,04,1,1,010,090,1,0,1,4,1,40,0,1,2,00,2,1,18,201200052937B01,7,2,1
201200053477,2012-02-15,2012,février,mercredi,11:05,75,75101,0,0,2,7,6,1,1,4,2,04,1,1,000,120,1,0,1,4,1,25,4,1,2,00,2,1,1,201200053477A01,7,14,1
201200053486,2012-03-14,2012,mars,mercredi,16:15,75,75101,0,0,2,3,6,1,1,4,1,04,1,1,000,100,1,0,1,1,1,19,5,1,2,00,1,1,1,201200053486A01,,,
201200053488,2012-03-15,2012,mars,jeudi,17:10,75,75101,0,0,2,2,6,1,1,4,1,04,1,1,000,060,1,0,1,4,1,29,0,1,2,00,0,0,7,201200053488A01,,,
201200053503,2012-04-19,2012,avril,jeudi,17:20,75,75101,0,0,2,1,6,1,2,4,1,04,1,1,000,120,2,0,4,1,1,48,0,1,2,00,1,1,1,201200053503A01,,,
201200053504,2012-04-24,2012,avril,mardi,19:10,75,75101,0,0,2,5,2,1,1,4,1,03,1,1,000,000,1,0,1,3,1,25,0,1,2,00,2,1,2,201200053504A01,7,23,1
201200053523,2012-06-17,2012,juin,dimanche,15:45,75,75101,0,0,2,5,2,1,1,4,1,04,1,1,000,120,1,0,0,4,2,49,0,1,2,01,0,1,18,201200053523A01,7,22,1