Num_Acc,date,an,mois,jour,hrmn,dep,com,lat,long,agg,int,col,lum,atm,catr,circ,nbv,prof,plan,lartpc,larrout,surf,infra,situ,grav,sexe,age,trajet,secuexist,equipement,obs,obsm,choc,manv,vehiculeid,typevehicules,manoeuvehicules,numVehicules
201200053536,2012-07-11,2012,juillet,mercredi,17:00,75,75101,0,0,2,3,3,1,2,4,2,02,1,1,150,100,2,0,1,4,2,24,0,1,2,00,2,1,1,201200053536B01,7,15,1
201200053540,2012-07-19,2012,juillet,jeudi,14:00,75,75101,0,0,2,1,3,1,1,4,1,01,1,1,030,039,1,0,1,4,2,50,1,1,2,00,2,2,1,201200053540B01,7,22,1
201200053541,2012-07-21,2012,juillet,samedi,17:40,75,75101,0,0,2,7,2,1,1,4,1,03,1,1,110,080,1,0,1,4,1,38,0,1,2,00,2,1,2,201200053541B01,7,23,1
201200053543,2012-07-28,2012,juillet,samedi,20:50,75,75108,0,0,2,1,3,2,1,4,1,02,1,1,000,121,1,0,1,4,2,25,5,1,2,00,2,7,1,201200053543B01,30,12,1
201200053550,2012-08-25,2012,août,samedi,18:45,75,75101,0,0,2,2,3,1,1,4,1,03,1,1,160,120,1,0,1,4,1,28,5,1,2,00,2,3,7,201200053550B01,7,16,1
201200053555,2012-09-05,2012,septembre,mercredi,14:20,75,75101,0,0,2,1,7,1,1,4,1,01,1,1,000,068,1,0,1,4,1,23,5,1,2,00,0,0,1,201200053555A01,,,
201200053563,2012-09-19,2012,septembre,mercredi,12:05,75,75101,0,0,2,3,6,1,7,4,-1,01,-1,1,030,000,1,0,4,4,2,66,5,1,2,08,0,1,1,201200053563A01,,,
201200053569,2012-09-26,2012,septembre,mercredi,20:10,75,75101,0,0,2,1,6,5,3,4,1,02,1,1,005,120,2,0,4,1,1,33,4,1,2,15,0,1,1,201200053569A01,,,
201200053569,2012-09-26,2012,septembre,mercredi,20:10,75,75101,0,0,2,1,6,5,3,4,1,02,1,1,005,120,2,0,4,4,1,34,5,1,2,15,0,1,1,201200053569A01,,,
201200053569,2012-09-26,2012,septembre,mercredi,20:10,75,75101,0,0,2,1,6,5,3,4,1,02,1,1,005,120,2,0,4,4,2,28,5,1,2,15,0,1,1,201200053569A01,,,
201200053570,2012-09-30,2012,septembre,dimanche,25:,75,75101,0,0,2,2,3,5,1,4,1,03,1,1,000,070,1,0,1,4,2,29,5,1,2,00,2,1,7,201200053570A01,7,15,1
201200053571,2012-10-02,2012,octobre,mardi,19:05,75,75101,0,0,2,2,2,1,1,4,1,03,1,1,000,000,1,0,1,4,1,34,0,1,2,00,2,1,7,201200053571B01,7,16,1
201200053587,2012-11-07,2012,novembre,mercredi,16:00,75,75101,0,0,2,3,6,1,1,4,1,01,1,1,000,100,1,0,5,1,1,21,5,1,2,00,1,0,1,201200053587A01,,,
201200053595,2012-11-25,2012,novembre,dimanche,17:20,75,75101,0,0,2,2,2,5,1,4,1,03,1,1,000,088,1,0,1,4,1,32,5,1,2,00,0,8,7,201200053595B01,7,7,1
201200053613,2012-12-18,2012,décembre,mardi,13:45,75,75101,0,0,2,3,6,1,1,4,1,01,1,1,000,030,2,0,1,1,1,21,0,1,2,00,1,7,16,201200053613A01,,,
201200053636,2012-03-09,2012,mars,vendredi,11:10,75,75102,0,0,2,1,3,1,1,4,1,01,-1,-1,000,035,1,0,1,4,1,49,5,1,2,00,2,1,5,201200053636A01,7,9,1
201200053643,2012-03-21,2012,mars,mercredi,11:27,75,75102,0,0,2,1,6,1,1,4,1,01,1,1,000,030,1,0,1,4,2,40,4,1,2,08,0,2,14,201200053643A01,,,
201200053647,2012-04-02,2012,avril,lundi,16:20,75,75102,0,0,2,2,6,1,1,4,2,02,1,-1,000,100,1,0,1,4,2,27,0,1,2,00,0,1,1,201200053647A01,7,1,1
201200053648,2012-04-04,2012,avril,mercredi,15:00,75,75102,0,0,2,5,7,1,2,4,1,01,1,-1,000,060,2,0,1,4,2,52,4,1,2,00,0,0,16,201200053648A01,,,
201200053662,2012-05-25,2012,mai,vendredi,19:30,75,75102,0,0,2,2,3,1,7,4,1,02,1,1,000,100,1,0,1,4,1,28,5,1,2,00,2,3,7,201200053662A01,33,1,1
201200053664,2012-05-30,2012,mai,mercredi,11:50,75,75103,0,0,2,3,6,1,1,4,1,02,1,1,004,095,1,0,1,1,1,47,1,1,2,00,1,1,7,201200053664A01,,,
201200053672,2012-07-06,2012,juillet,vendredi,11:00,75,75102,0,0,2,1,3,1,1,4,1,01,1,1,010,030,1,0,1,4,1,31,1,1,2,00,2,1,17,201200053672B01,7,22,1
201200053673,2012-07-06,2012,juillet,vendredi,17:00,75,75102,0,0,2,1,6,1,1,4,2,02,1,1,000,030,2,0,1,1,1,34,0,1,2,00,1,1,1,201200053673A01,,,
201200053705,2012-10-11,2012,octobre,jeudi,75:0,75,75102,0,0,2,5,1,2,8,4,2,02,1,1,040,130,1,0,1,4,1,30,1,1,2,00,2,7,15,201200053705A01,32,15,1
201200053707,2012-10-19,2012,octobre,vendredi,14:00,75,75102,0,0,2,1,6,1,1,4,2,03,1,1,000,039,1,0,1,1,1,35,1,1,2,00,1,7,1,201200053707A01,,,
201200053713,2012-11-15,2012,novembre,jeudi,19:00,75,75102,0,0,2,2,7,5,1,4,1,01,2,1,000,035,1,0,1,4,2,46,0,1,2,00,0,0,1,201200053713A01,,,
201200053723,2012-12-13,2012,décembre,jeudi,20:35,75,75102,0,0,2,2,6,5,1,4,1,01,1,1,000,045,2,6,1,1,1,32,5,1,2,00,1,1,1,201200053723A01,,,
201200053741,2012-02-21,2012,février,mardi,18:10,75,75104,0,0,2,1,3,5,1,4,1,01,1,1,000,000,1,0,1,4,1,9,0,1,2,00,2,0,9,201200053741B01,7,1,1
201200053742,2012-02-27,2012,février,lundi,14:40,75,75103,0,0,2,2,6,1,1,4,1,01,1,1,008,045,1,0,1,1,1,26,5,1,2,00,1,1,18,201200053742A01,,,
201200053749,2012-03-13,2012,mars,mardi,80:5,75,75103,0,0,2,2,2,1,1,4,2,02,1,1,000,082,1,0,1,4,1,27,4,1,2,00,2,1,1,201200053749B01,7,16,1
201200053750,2012-03-13,2012,mars,mardi,20:50,75,75103,0,0,2,2,3,5,1,4,1,02,1,1,000,060,1,0,1,4,2,30,5,1,2,00,2,2,12,201200053750A01,7,1,1
201200053754,2012-03-20,2012,mars,mardi,23:00,75,75103,0,0,2,3,6,5,1,4,1,01,1,1,000,052,1,0,1,4,1,22,5,1,4,00,1,1,1,201200053754A01,,,
201200053755,2012-03-23,2012,mars,vendredi,17:45,75,75103,0,0,2,3,3,1,1,4,1,01,1,1,000,051,1,0,0,4,2,50,1,1,2,00,2,3,1,201200053755B01,2,14,1
201200053757,2012-03-31,2012,mars,samedi,11:00,75,75103,0,0,2,1,3,1,1,4,1,02,1,1,000,088,1,0,1,1,1,53,5,1,2,00,2,7,1,201200053757B01,33,11,1
201200053768,2012-05-04,2012,mai,vendredi,20:15,75,75103,0,0,2,2,3,1,1,4,1,04,1,1,007,134,1,0,1,4,1,55,5,1,2,00,2,1,1,201200053768A01,7,22,1
201200053777,2012-06-05,2012,juin,mardi,13:30,75,75103,0,0,2,5,6,1,1,4,2,01,1,1,000,052,1,0,5,1,1,57,5,1,2,00,1,1,1,201200053777A01,,,
201200053780,2012-06-13,2012,juin,mercredi,10:00,75,75103,0,0,2,4,7,1,1,4,1,01,1,1,000,040,1,0,0,4,1,32,1,1,2,00,0,0,15,201200053780A01,,,
201200053784,2012-06-22,2012,juin,vendredi,12:0,75,75103,0,0,2,2,3,5,1,4,2,02,1,1,000,050,1,0,1,4,1,26,5,1,2,00,2,7,17,201200053784B01,7,13,1
201200053785,2012-06-22,2012,juin,vendredi,18:15,75,75103,0,0,2,2,6,1,1,4,1,01,1,1,000,033,1,0,1,4,1,20,5,1,2,00,1,1,1,201200053785A01,,,
201200053789,2012-07-05,2012,juillet,jeudi,93:0,75,75103,0,0,2,1,3,1,1,4,1,03,1,1,000,084,1,0,1,4,2,32,0,1,2,00,2,1,1,201200053789B01,7,22,1
201200053791,2012-07-09,2012,juillet,lundi,90:0,75,75103,0,0,2,3,3,1,1,4,1,03,1,1,000,110,1,0,1,4,1,40,4,1,2,00,2,2,17,201200053791A01,7,15,1
201200053801,2012-08-25,2012,août,samedi,18:55,75,75103,0,0,2,3,3,1,1,4,1,03,1,1,038,100,1,0,1,4,2,33,5,1,2,00,2,5,7,201200053801B01,30,18,1
201200053802,2012-09-04,2012,septembre,mardi,10:05,75,75104,0,0,2,2,3,1,1,4,1,01,1,1,000,060,1,0,0,4,1,31,4,1,2,00,2,2,15,201200053802B01,30,17,1
201200053806,2012-09-10,2012,septembre,lundi,11:20,75,75103,0,0,2,5,3,1,1,4,1,02,1,1,000,000,1,0,1,3,1,60,5,1,2,00,2,4,15,201200053806B01,7,15,1
201200053817,2012-10-05,2012,octobre,vendredi,15:15,75,75103,0,0,2,2,7,1,1,4,1,01,1,1,000,041,1,0,1,4,1,32,5,1,2,00,0,8,5,201200053817A01,,,
201200053822,2012-10-22,2012,octobre,lundi,15:55,75,75103,0,0,2,1,3,1,1,4,2,02,1,1,000,087,1,0,1,1,2,30,1,1,2,00,2,0,13,201200053822A01,1,1,1
201200053822,2012-10-22,2012,octobre,lundi,15:55,75,75103,0,0,2,1,3,1,1,4,2,02,1,1,000,087,1,0,1,4,1,18,5,1,2,00,2,7,1,201200053822B01,1,13,1
201200053823,2012-10-23,2012,octobre,mardi,85:0,75,75103,0,0,2,2,3,1,8,4,1,03,1,1,000,120,1,0,1,4,2,62,1,1,2,00,2,4,7,201200053823B01,10,15,1
201200053827,2012-11-03,2012,novembre,samedi,18:35,75,75103,0,0,2,3,7,5,1,4,2,02,1,1,000,080,1,0,1,4,1,55,0,1,2,00,0,0,1,201200053827A01,,,
201200053829,2012-11-04,2012,novembre,dimanche,19:10,75,75104,0,0,2,2,7,5,1,4,1,01,1,1,000,032,1,0,1,4,1,28,1,1,2,00,0,0,21,201200053829A01,,,
201200053831,2012-11-12,2012,novembre,lundi,18:10,75,75103,0,0,2,5,3,5,1,4,2,03,2,1,000,115,1,5,1,4,1,23,5,1,2,00,2,8,19,201200053831A01,37,15,1
201200053842,2012-12-28,2012,décembre,vendredi,15:00,75,75103,0,0,2,7,3,1,1,4,3,06,1,2,000,200,1,5,1,4,2,51,4,1,2,00,2,8,1,201200053842B01,7,14,1
201200053851,2012-01-19,2012,janvier,jeudi,84:5,75,75104,0,0,2,3,2,1,8,4,2,04,1,1,000,097,2,2,1,4,1,34,1,1,2,00,0,3,15,201200053851B01,30,8,1
201200053867,2012-02-24,2012,février,vendredi,15:35,75,75104,0,0,2,2,3,1,1,4,1,02,1,1,006,110,1,0,1,4,2,17,2,1,2,00,2,8,13,201200053867B01,7,17,1
201200053872,2012-03-07,2012,mars,mercredi,85:5,75,75104,0,0,2,4,3,1,1,4,1,03,1,1,000,100,1,0,5,4,1,40,4,1,2,00,2,1,1,201200053872B01,10,16,1
201200053878,2012-03-24,2012,mars,samedi,15:15,75,75104,0,0,2,2,6,1,1,4,1,01,1,1,000,040,1,0,1,1,1,39,5,1,2,00,1,1,1,201200053878A01,,,
201200053879,2012-03-30,2012,mars,vendredi,17:00,75,75104,0,0,2,4,3,1,1,4,3,04,1,1,000,080,1,0,5,4,1,55,0,1,2,00,2,7,1,201200053879B01,7,22,1
201200053881,2012-04-03,2012,avril,mardi,21:35,75,75104,0,0,2,2,3,5,2,4,2,03,1,-1,000,150,2,0,1,4,2,28,5,1,2,00,2,3,1,201200053881A01,37,15,1
201200053882,2012-04-10,2012,avril,mardi,15:30,75,75104,0,0,2,2,6,1,2,4,1,01,1,1,000,000,2,0,5,1,1,20,4,1,2,00,1,7,1,201200053882A01,,,
201200053883,2012-04-11,2012,avril,mercredi,17:45,75,75104,0,0,2,7,3,1,1,4,4,04,-1,-1,000,080,-1,0,1,1,1,71,0,1,2,00,2,3,19,201200053883A01,34,1,1
201200053891,2012-04-27,2012,avril,vendredi,93:0,75,75104,0,0,2,2,3,1,2,4,2,04,1,1,000,000,2,0,1,4,1,31,1,1,2,00,2,8,13,201200053891B01,7,1,1
201200053894,2012-05-06,2012,mai,dimanche,17:50,75,75104,0,0,2,2,6,1,1,4,2,01,1,1,000,031,1,0,1,4,1,39,4,1,2,00,1,1,17,201200053894A01,,,
201200053899,2012-05-22,2012,mai,mardi,18:43,75,75104,0,0,2,2,3,1,1,4,1,03,1,1,000,100,1,0,1,1,1,55,0,1,2,00,2,4,1,201200053899A01,33,1,1
201200053901,2012-05-25,2012,mai,vendredi,20:,75,75104,0,0,2,1,7,5,1,4,1,03,1,-1,000,000,1,0,1,4,1,30,0,1,2,00,0,1,1,201200053901A01,,,
201200053907,2012-06-03,2012,juin,dimanche,13:40,75,75104,0,0,2,5,3,1,1,4,1,03,1,1,005,130,1,0,1,4,2,27,5,1,2,00,2,1,1,201200053907B01,7,22,1
201200053911,2012-06-18,2012,juin,lundi,16:10,75,75104,0,0,2,1,6,1,1,4,1,03,1,1,000,090,1,0,0,4,1,67,0,1,2,00,2,3,7,201200053911B01,37,7,1
201200053914,2012-06-23,2012,juin,samedi,18:10,75,75104,0,0,2,1,6,1,1,4,1,03,1,1,050,080,1,0,1,4,1,48,1,1,2,00,0,4,7,201200053914B01,30,7,1
201200053919,2012-07-15,2012,juillet,dimanche,15:00,75,75104,0,0,2,2,6,1,1,4,1,02,1,1,000,121,2,0,4,4,2,34,0,1,2,12,0,1,14,201200053919A01,,,
201200053922,2012-07-20,2012,juillet,vendredi,15:05,75,75101,0,0,2,1,3,1,1,4,1,04,1,1,000,120,9,2,1,4,1,40,5,1,2,00,2,1,17,201200053922B01,7,10,1
201200053923,2012-07-20,2012,juillet,vendredi,18:05,75,75104,0,0,2,2,3,1,1,4,1,01,1,1,000,110,1,0,1,4,2,52,0,1,2,00,2,8,13,201200053923A01,7,17,1
201200053925,2012-07-24,2012,juillet,mardi,80:5,75,75104,0,0,2,7,7,1,1,4,-1,03,1,1,165,050,9,0,1,4,1,57,0,1,2,00,0,1,1,201200053925A01,,,
201200053927,2012-07-31,2012,juillet,mardi,15:10,75,75104,0,0,2,7,3,1,1,4,1,03,1,-1,000,080,1,0,1,4,1,38,0,1,2,00,2,2,18,201200053927A01,10,1,1
201200053930,2012-08-06,2012,août,lundi,18:20,75,75104,0,0,2,2,6,1,1,4,1,02,1,1,000,110,1,2,1,1,1,21,1,1,2,00,1,1,1,201200053930A01,,,
201200053932,2012-08-23,2012,août,jeudi,83:0,75,75104,0,0,2,2,3,1,1,4,1,03,1,1,000,114,1,0,1,4,1,29,1,1,2,00,2,1,7,201200053932B01,10,16,1
201200053935,2012-09-06,2012,septembre,jeudi,18:50,75,75104,0,0,2,2,3,1,1,4,2,04,1,1,000,138,1,0,1,1,1,31,5,1,2,00,2,4,15,201200053935B01,33,5,1
201200053937,2012-09-14,2012,septembre,vendredi,10:50,75,75104,0,0,2,3,3,1,1,4,1,03,1,1,000,100,1,0,1,4,1,26,1,1,2,00,2,1,1,201200053937B01,7,16,1
201200053941,2012-09-20,2012,septembre,jeudi,94:5,75,75104,0,0,2,1,3,1,1,4,1,04,1,1,004,120,1,0,1,4,1,33,1,1,2,00,2,3,1,201200053941B01,10,17,1
201200053945,2012-09-28,2012,septembre,vendredi,81:0,75,75104,0,0,2,3,3,1,1,4,1,01,1,1,000,060,1,0,1,4,1,15,2,1,2,00,2,7,17,201200053945B01,7,15,1
201200053948,2012-09-30,2012,septembre,dimanche,12:50,75,75104,0,0,2,2,3,1,1,4,1,02,1,1,000,080,1,0,1,4,2,26,0,1,2,00,2,2,17,201200053948A01,33,15,1
201200053951,2012-10-05,2012,octobre,vendredi,17:10,75,75104,0,0,2,5,3,1,1,4,2,03,1,1,000,110,1,0,1,4,1,28,4,1,2,00,2,1,5,201200053951A01,7,15,1
201200053961,2012-10-23,2012,octobre,mardi,83:0,75,75104,0,0,2,2,3,1,8,4,1,04,1,1,007,143,1,0,1,4,1,19,1,1,2,00,2,1,7,201200053961B01,10,16,1
201200053965,2012-10-29,2012,octobre,lundi,17:05,75,75104,0,0,2,3,6,1,1,4,4,04,1,1,000,080,1,0,0,1,1,22,5,1,2,00,1,1,1,201200053965A01,,,
201200053966,2012-10-29,2012,octobre,lundi,19:25,75,75104,0,0,2,3,6,5,1,4,1,03,1,1,000,120,1,0,1,1,1,33,5,1,2,00,1,1,7,201200053966A01,,,
201200053973,2012-11-21,2012,novembre,mercredi,85:5,75,75104,0,0,2,1,2,1,2,4,2,03,1,1,000,050,2,0,1,4,1,43,1,1,2,01,0,1,7,201200053973B01,7,22,1
201200053980,2012-12-02,2012,décembre,dimanche,55:,75,75101,0,0,2,3,2,5,2,4,1,04,1,1,000,120,2,0,1,4,1,33,0,1,2,00,2,4,2,201200053980B01,7,2,1
201200053983,2012-12-08,2012,décembre,samedi,19:05,75,75103,0,0,2,3,6,5,1,4,1,04,1,1,000,080,1,0,1,4,2,48,0,1,2,00,2,0,7,201200053983B01,7,14,1
201200053983,2012-12-08,2012,décembre,samedi,19:05,75,75103,0,0,2,3,6,5,1,4,1,04,1,1,000,080,1,0,1,1,1,24,0,1,2,00,2,0,7,201200053983A01,7,14,1
201200053986,2012-12-17,2012,décembre,lundi,83:0,75,75104,0,0,2,2,3,1,8,4,2,03,1,1,000,150,2,0,1,4,1,32,2,1,2,00,2,0,1,201200053986A01,14,16,1
201200053994,2012-01-06,2012,janvier,vendredi,73:0,75,75105,0,0,2,7,3,5,1,4,1,02,1,1,000,060,1,0,1,4,1,21,2,1,2,00,2,1,1,201200053994B01,7,1,1
201200053997,2012-01-12,2012,janvier,jeudi,84:5,75,75105,0,0,2,1,3,1,1,4,1,03,1,1,014,111,1,0,5,4,2,27,4,1,2,00,2,1,7,201200053997B01,7,16,1
201200054004,2012-01-29,2012,janvier,dimanche,22:5,75,75105,0,0,2,2,3,3,1,4,1,01,1,1,000,000,1,0,1,4,1,22,5,1,2,00,2,7,1,201200054004A01,7,1,1
201200054006,2012-02-02,2012,février,jeudi,81:0,75,75105,0,0,2,1,6,1,8,4,1,01,1,1,000,040,1,0,1,4,1,53,1,1,2,15,2,1,1,201200054006B01,10,13,1
201200054023,2012-03-16,2012,mars,vendredi,11:45,75,75105,0,0,2,7,3,1,1,4,1,03,1,1,000,080,1,0,5,4,2,28,0,1,2,00,2,8,1,201200054023B01,7,16,1
201200054025,2012-03-26,2012,mars,lundi,14:55,75,75105,0,0,2,1,3,1,1,4,3,05,1,1,000,000,1,0,1,4,1,21,0,1,2,00,2,7,19,201200054025B01,10,1,1
201200054032,2012-04-03,2012,avril,mardi,21:30,75,75105,0,0,2,3,3,2,1,4,2,04,1,1,010,140,2,0,1,4,1,56,5,1,2,00,2,8,19,201200054032B01,34,1,1
201200054036,2012-04-05,2012,avril,jeudi,93:0,75,75105,0,0,2,5,3,1,1,4,2,04,2,1,000,000,1,0,1,4,1,30,1,1,2,00,2,3,1,201200054036B01,14,14,1
201200054043,2012-04-20,2012,avril,vendredi,90:5,75,75105,0,0,2,2,3,1,8,4,2,02,1,1,000,100,1,0,1,4,1,34,1,1,2,00,2,1,7,201200054043A01,33,1,1
201200054047,2012-04-30,2012,avril,lundi,80:0,75,75105,0,0,2,2,3,1,1,4,1,04,1,1,003,134,1,0,1,4,2,17,2,1,2,00,2,8,7,201200054047B01,7,17,1
201200054057,2012-05-15,2012,mai,mardi,14:45,75,75105,0,0,2,2,6,1,2,4,1,01,1,1,000,080,1,2,5,1,1,66,5,1,2,00,1,2,1,201200054057A01,,,
201200054060,2012-05-23,2012,mai,mercredi,93:0,75,75105,0,0,2,5,2,1,1,4,1,03,1,1,000,142,1,0,1,4,2,37,0,1,2,00,2,1,2,201200054060A01,7,23,1
201200054061,2012-05-26,2012,mai,samedi,50:,75,75105,0,0,2,2,3,5,1,4,2,04,1,1,000,064,1,0,1,4,2,51,5,1,2,00,2,7,17,201200054061A01,7,1,1
201200054063,2012-05-29,2012,mai,mardi,15:55,75,75105,0,0,2,5,2,1,1,4,2,02,1,-1,000,600,1,0,1,4,1,48,1,1,2,00,0,4,15,201200054063B01,7,1,1
201200054068,2012-06-17,2012,juin,dimanche,64:0,75,75105,0,0,2,3,3,1,1,4,-1,04,1,1,000,220,1,6,1,4,1,56,5,1,2,00,2,3,1,201200054068A01,7,10,1
201200054069,2012-06-17,2012,juin,dimanche,14:55,75,75105,0,0,2,1,3,1,1,4,1,01,1,1,000,050,1,0,1,4,1,35,5,1,2,00,2,3,1,201200054069B01,7,14,1
201200054082,2012-07-05,2012,juillet,jeudi,23:40,75,75105,0,0,2,3,2,5,1,4,1,04,1,1,000,000,1,0,1,4,1,22,5,1,2,00,2,1,2,201200054082A01,1,23,1
201200054082,2012-07-05,2012,juillet,jeudi,23:40,75,75105,0,0,2,3,2,5,1,4,1,04,1,1,000,000,1,0,1,1,1,35,5,1,2,00,2,4,23,201200054082B01,1,2,1
201200054088,2012-08-02,2012,août,jeudi,95:0,75,75105,0,0,2,2,3,1,1,4,1,01,1,1,000,080,1,0,1,4,1,54,5,1,2,01,2,1,7,201200054088B01,13,16,1
201200054103,2012-09-17,2012,septembre,lundi,21:50,75,75105,0,0,2,4,6,5,1,4,1,03,1,-1,000,000,1,0,1,4,2,30,0,1,2,00,2,4,1,201200054103A01,7,1,1
201200054104,2012-09-19,2012,septembre,mercredi,90:5,75,75105,0,0,2,2,6,1,1,4,-1,01,1,1,000,100,1,0,1,4,1,23,2,1,2,00,1,1,1,201200054104A01,,,
201200054110,2012-09-27,2012,septembre,jeudi,92:0,75,75105,0,0,2,1,3,1,1,4,1,01,1,1,000,035,1,0,1,4,2,58,1,1,2,00,2,1,1,201200054110B01,7,22,1
201200054113,2012-09-29,2012,septembre,samedi,17:35,75,75105,0,0,2,1,3,1,1,4,1,01,1,1,000,071,1,0,1,4,1,52,5,1,2,00,2,8,13,201200054113A01,1,17,1
201200054113,2012-09-29,2012,septembre,samedi,17:35,75,75105,0,0,2,1,3,1,1,4,1,01,1,1,000,071,1,0,1,1,1,30,1,1,2,00,2,7,17,201200054113B01,1,13,1
201200054117,2012-10-02,2012,octobre,mardi,11:55,75,75105,0,0,2,2,2,1,1,4,2,04,2,1,000,212,1,0,1,4,2,17,2,1,2,00,2,1,1,201200054117A01,7,23,1
201200054118,2012-10-03,2012,octobre,mercredi,93:5,75,75105,0,0,2,3,3,1,8,4,2,02,1,1,003,122,1,0,1,1,2,21,2,1,2,00,2,6,19,201200054118A01,34,1,1
201200054120,2012-10-04,2012,octobre,jeudi,15:50,75,75105,0,0,2,2,6,1,1,4,1,01,2,1,000,040,1,0,1,1,1,28,4,1,2,00,1,1,1,201200054120A01,,,
201200054129,2012-10-15,2012,octobre,lundi,11:00,75,75105,0,0,2,3,3,1,1,4,1,03,2,1,004,045,1,0,1,4,2,23,2,1,2,00,2,8,13,201200054129B01,37,17,1
201200054140,2012-10-31,2012,octobre,mercredi,14:15,75,75105,0,0,2,3,3,1,1,4,1,00,2,1,000,060,1,0,1,4,1,27,0,1,2,00,2,1,17,201200054140A01,7,15,1
201200054146,2012-11-12,2012,novembre,lundi,18:55,75,75105,0,0,2,5,3,5,1,4,2,02,1,1,000,070,1,0,1,3,1,57,9,1,2,00,2,8,15,201200054146B01,33,17,1
201200054169,2012-01-12,2012,janvier,jeudi,64:0,75,75106,0,0,2,7,1,5,1,4,3,01,1,2,000,125,1,0,1,4,1,26,1,1,2,00,0,1,5,201200054169A01,7,15,1
201200054177,2012-01-31,2012,janvier,mardi,91:0,75,75106,0,0,2,4,3,1,1,4,1,02,1,1,000,070,1,0,1,4,1,34,1,1,2,00,2,1,16,201200054177B01,10,1,1
201200054180,2012-02-07,2012,février,mardi,90:0,75,75106,0,0,2,5,3,1,1,4,3,04,1,1,075,070,1,5,1,4,1,25,1,1,2,00,2,6,1,201200054180B01,7,16,1
201200054181,2012-02-10,2012,février,vendredi,10:10,75,75106,0,0,2,3,2,1,1,4,1,04,1,1,000,162,1,0,1,4,1,35,1,1,2,00,2,1,2,201200054181A01,10,23,1
201200054184,2012-02-13,2012,février,lundi,10:20,75,75106,0,0,2,1,3,1,1,4,1,05,1,1,034,082,2,0,5,4,2,37,1,1,2,00,2,6,19,201200054184A01,7,1,1
201200054190,2012-03-05,2012,mars,lundi,14:30,75,75106,0,0,2,5,3,1,1,4,-1,02,1,1,000,110,1,0,1,4,1,58,4,1,2,00,2,1,7,201200054190B01,7,16,1
201200054195,2012-03-09,2012,mars,vendredi,83:0,75,75106,0,0,2,5,3,1,1,4,1,03,1,1,000,000,1,0,1,4,2,55,1,1,2,00,2,1,7,201200054195B01,7,16,1
201200054203,2012-04-04,2012,avril,mercredi,11:40,75,75106,0,0,2,2,6,1,1,4,2,02,1,1,000,165,1,0,1,4,2,24,9,1,2,00,2,2,1,201200054203B01,10,22,1
201200054205,2012-04-07,2012,avril,samedi,20:30,75,75113,0,0,2,5,6,4,1,4,1,02,1,1,000,230,1,0,1,4,2,25,5,1,2,00,2,0,2,201200054205A01,7,2,1
201200054222,2012-04-26,2012,avril,jeudi,13:30,75,75106,0,0,2,5,3,1,1,4,1,02,2,1,000,072,1,5,1,4,2,21,5,1,2,00,2,7,7,201200054222A01,7,1,1
201200054224,2012-04-30,2012,avril,lundi,15:30,75,75106,0,0,2,5,5,1,1,4,2,06,1,1,000,260,1,0,1,4,1,43,5,1,2,00,2,1,15,201200054224A01,30/ 7,1/15,2
201200054226,2012-05-06,2012,mai,dimanche,19:12,75,75106,0,0,2,7,6,1,1,4,2,01,1,1,000,000,1,0,1,4,2,57,0,1,2,00,2,3,19,201200054226B01,7,16,1
201200054235,2012-05-15,2012,mai,mardi,17:05,75,75106,0,0,2,2,7,1,1,4,2,02,1,1,000,120,2,0,1,4,1,51,1,1,2,00,0,0,1,201200054235A01,,,
201200054240,2012-05-28,2012,mai,lundi,15:06,75,75106,0,0,2,1,7,1,1,4,1,02,1,1,000,060,1,0,1,4,2,65,0,1,2,01,0,0,21,201200054240A01,,,
201200054242,2012-06-07,2012,juin,jeudi,16:45,75,75106,0,0,2,1,7,1,1,4,2,02,1,1,000,061,1,0,5,4,1,28,2,1,2,00,0,0,21,201200054242A01,,,
201200054244,2012-06-14,2012,juin,jeudi,14:55,75,75106,0,0,2,1,2,1,1,4,1,01,1,1,000,000,1,0,1,4,2,28,2,1,2,01,0,0,1,201200054244B01,7,22,1
201200054259,2012-07-03,2012,juillet,mardi,12:30,75,75106,0,0,2,1,2,1,1,4,1,02,2,1,000,070,1,0,0,4,1,54,0,1,2,00,2,1,1,201200054259B01,7,22,1
201200054268,2012-07-23,2012,juillet,lundi,12:32,75,75106,0,0,2,3,7,1,1,4,1,04,1,1,000,000,1,0,1,3,1,50,0,1,2,00,0,0,7,201200054268A01,,,
201200054270,2012-07-24,2012,juillet,mardi,16:20,75,75106,0,0,2,1,2,1,1,4,1,01,1,1,000,072,1,0,1,4,1,67,5,1,2,00,2,6,2,201200054270A01,7,2,1
201200054272,2012-07-26,2012,juillet,jeudi,16:10,75,75106,0,0,2,2,6,1,1,4,2,02,2,1,000,060,1,0,1,1,1,21,5,1,2,00,1,3,1,201200054272A01,,,
201200054274,2012-07-31,2012,juillet,mardi,17:35,75,75106,0,0,2,2,3,1,1,4,2,04,1,1,000,142,1,0,1,4,1,42,5,1,2,00,2,1,1,201200054274A01,7,1,1
201200054280,2012-09-07,2012,septembre,vendredi,12:45,75,75105,0,0,2,3,3,1,1,4,-1,01,1,1,010,010,1,0,0,4,2,54,0,1,2,00,2,0,16,201200054280A01,7,1,1
201200054287,2012-09-24,2012,septembre,lundi,16:40,75,75106,0,0,2,1,6,1,1,4,1,01,2,1,000,030,1,0,1,4,2,28,1,1,2,00,1,7,5,201200054287A01,,,
201200054291,2012-09-29,2012,septembre,samedi,71:5,75,75106,0,0,2,3,7,2,1,4,2,02,2,1,000,000,1,0,1,4,1,36,5,1,2,00,0,0,1,201200054291A01,,,