Num_Acc,date,an,mois,jour,hrmn,dep,com,lat,long,agg,int,col,lum,atm,catr,circ,nbv,prof,plan,lartpc,larrout,surf,infra,situ,grav,sexe,age,trajet,secuexist,equipement,obs,obsm,choc,manv,vehiculeid,typevehicules,manoeuvehicules,numVehicules
201200057946,2012-01-30,2012,janvier,lundi,17:30,75,75117,0,0,2,2,2,1,1,4,1,01,1,1,000,000,1,0,1,4,2,37,4,1,2,01,0,2,1,201200057946B01,7,22,1
201200057961,2012-02-11,2012,février,samedi,18:55,75,75117,0,0,2,5,6,5,1,4,1,02,1,-1,000,000,1,2,1,4,1,43,9,1,2,00,2,1,2,201200057961A01,7,2,1
201200057980,2012-02-28,2012,février,mardi,19:20,75,75117,0,0,2,1,3,5,1,4,2,02,1,1,000,000,1,0,1,4,1,20,9,1,2,00,2,8,1,201200057980A01,7,22,1
201200058021,2012-03-31,2012,mars,samedi,10:10,75,75116,0,0,2,1,1,1,1,4,2,01,1,1,000,000,1,0,5,4,1,64,5,1,2,00,2,7,1,201200058021B01,10,10,1
201200058079,2012-05-15,2012,mai,mardi,22:20,75,75117,0,0,2,1,3,5,1,4,1,00,1,2,000,000,1,0,1,4,1,36,0,1,2,00,2,1,5,201200058079A01,33,9,1
201200058080,2012-05-16,2012,mai,mercredi,15:20,75,75117,0,0,2,7,3,1,1,4,1,09,1,2,000,000,1,0,1,4,2,42,5,1,2,00,2,8,1,201200058080B01,7,12,1
201200058088,2012-05-28,2012,mai,lundi,18:30,75,75117,0,0,2,3,3,1,1,4,2,02,1,1,000,100,1,0,1,4,1,45,3,1,2,01,0,1,1,201200058088B01,7,22,1
201200058092,2012-05-30,2012,mai,mercredi,20:10,75,75117,0,0,2,1,3,1,2,4,1,01,1,1,000,060,2,0,1,4,1,36,5,1,2,00,2,6,13,201200058092B01,7,17,1
201200058110,2012-06-09,2012,juin,samedi,17:09,75,75117,0,0,2,5,7,1,2,4,2,03,1,1,090,090,2,0,1,4,2,47,1,1,2,00,0,0,1,201200058110A01,,,
201200058111,2012-06-10,2012,juin,dimanche,11:50,75,75108,0,0,2,2,3,1,1,4,2,01,1,1,000,000,1,0,1,4,1,57,5,1,2,00,2,2,1,201200058111A01,7,22,1
201200058163,2012-07-11,2012,juillet,mercredi,15:00,75,75117,0,0,2,5,3,1,2,4,3,02,1,1,070,070,2,0,5,4,1,69,5,1,2,00,2,8,1,201200058163B01,7,4,1
201200058196,2012-09-02,2012,septembre,dimanche,16:00,75,75117,0,0,2,1,3,1,1,4,2,01,1,1,000,000,1,0,1,4,1,12,5,1,2,00,2,8,9,201200058196B01,10,1,1
201200058199,2012-09-04,2012,septembre,mardi,18:20,75,75117,0,0,2,1,3,1,1,4,1,02,1,1,000,000,1,2,1,4,1,50,1,1,2,00,2,2,7,201200058199B01,10,22,1
201200058203,2012-09-07,2012,septembre,vendredi,19:15,75,75117,0,0,2,4,3,1,1,4,1,01,1,1,000,000,1,0,1,4,1,34,0,1,2,00,2,1,7,201200058203A01,32,15,1
201200058205,2012-09-09,2012,septembre,dimanche,12:45,75,75117,0,0,2,7,2,1,1,4,2,04,1,1,000,000,1,0,1,4,1,62,5,1,2,00,0,4,1,201200058205B01,7,1,1
201200058208,2012-09-12,2012,septembre,mercredi,16:40,75,75108,0,0,2,2,3,1,1,4,2,02,1,1,000,000,1,0,1,4,2,25,1,1,2,00,2,7,15,201200058208A01,34,1,1
201200058233,2012-09-24,2012,septembre,lundi,18:00,75,75117,0,0,2,2,2,1,1,4,1,01,1,1,000,000,1,0,1,4,1,19,0,1,2,00,2,1,17,201200058233B01,7,15,1
201200058245,2012-09-29,2012,septembre,samedi,19:00,75,75117,0,0,2,1,3,2,1,4,2,02,1,1,000,000,1,0,1,4,1,58,0,1,2,00,2,1,1,201200058245B01,7,22,1
201200058254,2012-10-05,2012,octobre,vendredi,13:0,75,75117,0,0,2,2,3,5,1,4,2,01,1,-1,000,000,1,0,1,4,1,34,5,1,2,11,2,8,15,201200058254A01,2,17,1
201200058265,2012-10-17,2012,octobre,mercredi,18:45,75,75117,0,0,2,2,3,5,2,4,3,03,-1,-1,000,000,2,0,1,4,1,57,5,1,2,00,2,8,18,201200058265B01,38,16,1
201200058270,2012-10-20,2012,octobre,samedi,17:45,75,75117,0,0,2,7,2,2,2,4,3,01,1,1,040,060,2,0,1,4,1,36,5,1,2,00,0,4,23,201200058270B01,7,1,1
201200058270,2012-10-20,2012,octobre,samedi,17:45,75,75117,0,0,2,7,2,2,2,4,3,01,1,1,040,060,2,0,1,4,1,3,5,1,3,00,0,4,23,201200058270B01,7,1,1
201200058289,2012-11-09,2012,novembre,vendredi,10:00,75,75117,0,0,2,3,6,1,1,4,2,02,1,1,000,000,1,0,1,4,2,42,1,1,2,00,1,0,17,201200058289A01,,,
201200058315,2012-12-05,2012,décembre,mercredi,17:40,75,75117,0,0,2,1,6,5,2,4,2,06,2,1,000,000,2,0,1,4,2,46,0,1,2,00,1,1,7,201200058315A01,,,
201200058329,2012-12-19,2012,décembre,mercredi,14:30,75,75117,0,0,2,2,3,1,1,4,2,02,1,1,000,000,1,0,1,4,1,74,0,1,2,00,2,8,13,201200058329A01,7,17,1
201200058354,2012-01-18,2012,janvier,mercredi,11:15,75,75118,0,0,2,1,2,1,1,4,2,06,1,1,000,300,1,0,1,4,1,30,0,1,2,00,2,7,7,201200058354B01,10,4,1
201200058385,2012-02-21,2012,février,mardi,95:5,75,75118,0,0,2,4,3,1,1,4,2,02,1,1,000,120,1,0,1,4,1,55,0,1,2,00,2,7,1,201200058385B01,7,10,1
201200058386,2012-02-22,2012,février,mercredi,16:05,75,75118,0,0,2,2,6,1,1,4,2,02,1,1,016,060,1,0,1,4,2,36,0,1,2,00,2,3,1,201200058386A01,10,14,1
201200058405,2012-03-14,2012,mars,mercredi,23:20,75,75118,0,0,2,5,3,5,1,4,1,01,4,1,000,030,1,0,1,4,2,37,5,1,2,00,2,1,1,201200058405B01,7,16,1
201200058448,2012-05-05,2012,mai,samedi,17:03,75,75118,0,0,2,3,3,1,1,4,2,02,1,-1,000,030,1,0,1,4,1,37,0,1,2,00,2,1,1,201200058448B01,10,22,1
201200058462,2012-05-26,2012,mai,samedi,17:45,75,75118,0,0,2,2,2,1,1,4,1,01,1,1,050,050,1,0,1,4,2,34,0,1,2,00,2,1,1,201200058462B01,10,4,1
201200058469,2012-05-31,2012,mai,jeudi,20:17,75,75118,0,0,2,5,6,2,1,4,1,01,2,1,000,000,1,0,1,4,2,24,1,1,2,00,2,4,1,201200058469A01,30,13,1
201200058503,2012-07-01,2012,juillet,dimanche,14:10,75,75118,0,0,2,5,3,1,1,4,1,01,1,1,000,000,1,0,1,4,2,8,5,1,2,00,2,4,19,201200058503B01,7,15,1
201200058504,2012-07-01,2012,juillet,dimanche,15:25,75,75118,0,0,2,3,6,1,1,4,2,02,1,1,000,040,1,0,1,4,2,38,5,1,2,00,2,3,1,201200058504B01,7,14,1
201200058519,2012-07-22,2012,juillet,dimanche,93:0,75,75118,0,0,2,1,6,1,1,4,1,01,2,1,000,040,1,0,1,4,1,47,5,1,2,12,1,3,13,201200058519A01,,,
201200058524,2012-07-26,2012,juillet,jeudi,15:05,75,75118,0,0,2,4,7,1,1,4,2,04,1,1,000,180,1,5,1,4,2,43,0,1,2,00,0,1,21,201200058524A01,,,
201200058550,2012-08-29,2012,août,mercredi,35:,75,75118,0,0,2,1,6,5,1,4,2,02,1,1,000,000,1,0,1,4,1,24,0,1,2,00,2,8,2,201200058550A01,7,2,1
201200058568,2012-09-20,2012,septembre,jeudi,15:40,75,75118,0,0,2,5,3,1,1,4,2,02,1,1,000,050,1,0,1,4,1,55,5,1,2,00,2,3,1,201200058568B01,30,16,1
201200058573,2012-09-23,2012,septembre,dimanche,40:0,75,75118,0,0,2,2,3,5,1,4,1,01,1,1,000,050,1,0,1,3,1,18,0,1,2,00,2,1,5,201200058573A01,7,1,1
201200058580,2012-09-28,2012,septembre,vendredi,41:5,75,75118,0,0,2,5,2,5,1,4,2,04,1,1,005,077,1,5,5,4,1,25,5,1,2,00,2,1,2,201200058580A01,7,23,1
201200058632,2012-11-14,2012,novembre,mercredi,18:30,75,75118,0,0,2,1,3,5,1,4,2,02,1,1,000,070,1,0,1,3,2,19,1,1,2,00,2,8,19,201200058632B01,10,17,1
201200058633,2012-11-15,2012,novembre,jeudi,20:10,75,75118,0,0,2,4,7,5,1,4,1,01,1,1,000,000,1,0,1,4,1,22,5,1,2,00,0,1,1,201200058633A01,,,
201200058638,2012-11-23,2012,novembre,vendredi,12:45,75,75118,0,0,2,1,3,1,2,4,-1,00,2,1,000,000,2,0,1,4,1,39,0,1,2,00,2,1,1,201200058638B01,7,9,1
201200058667,2012-12-16,2012,décembre,dimanche,12:05,75,75118,0,0,2,1,3,1,1,4,1,01,1,1,000,000,1,0,5,4,2,5,5,1,2,00,2,0,1,201200058667B01,7,9,1
201200058686,2012-01-11,2012,janvier,mercredi,71:5,75,75119,0,0,2,5,3,5,1,4,2,02,2,1,000,000,1,0,1,4,1,32,1,1,2,00,2,1,1,201200058686B01,7,15,1
201200058731,2012-03-14,2012,mars,mercredi,14:45,75,75119,0,0,2,3,3,1,1,4,1,01,1,-1,040,040,1,0,1,4,2,60,5,1,2,00,2,1,1,201200058731B01,10,16,1
201200058746,2012-04-03,2012,avril,mardi,91:0,75,75119,0,0,2,4,3,1,1,4,2,02,2,1,000,100,1,0,1,4,2,30,1,1,2,00,2,8,19,201200058746B01,33,1,1
201200058762,2012-04-22,2012,avril,dimanche,12:45,75,75119,0,0,2,7,6,1,1,4,1,03,1,3,000,000,1,2,1,4,2,66,5,1,2,00,2,8,1,201200058762A01,7,15,1
201200058786,2012-05-26,2012,mai,samedi,11:45,75,75119,0,0,2,7,3,1,1,4,2,01,1,-1,006,040,1,0,1,4,2,31,5,1,2,00,2,3,1,201200058786B01,7,17,1
201200058789,2012-05-27,2012,mai,dimanche,14:58,75,75119,0,0,2,2,2,1,1,4,3,02,1,1,050,100,1,0,1,4,2,73,5,1,2,00,2,1,18,201200058789B01,7,16,1
201200058791,2012-05-29,2012,mai,mardi,21:45,75,75119,0,0,2,5,3,5,1,4,2,02,1,3,000,000,1,0,1,4,1,51,1,1,2,00,2,3,15,201200058791B01,10,1,1
201200058807,2012-06-20,2012,juin,mercredi,16:50,75,75119,0,0,2,3,3,1,1,4,1,01,1,1,000,050,1,0,1,4,1,11,5,1,2,01,2,2,19,201200058807A01,33,1,1
201200058823,2012-07-02,2012,juillet,lundi,95:0,75,75119,0,0,2,4,3,1,1,4,3,02,1,1,055,040,1,0,5,4,1,32,9,1,2,00,2,1,1,201200058823B01,10,16,1
201200058828,2012-07-07,2012,juillet,samedi,19:50,75,75119,0,0,2,7,3,1,1,4,1,04,1,1,000,080,1,0,1,4,1,16,5,1,2,00,0,7,1,201200058828B01,7,1,1
201200058828,2012-07-07,2012,juillet,samedi,19:50,75,75119,0,0,2,7,3,1,1,4,1,04,1,1,000,080,1,0,1,4,1,12,5,1,2,00,0,7,1,201200058828B01,7,1,1
201200058833,2012-07-12,2012,juillet,jeudi,93:0,75,75119,0,0,2,3,3,1,1,4,1,01,1,1,000,050,1,0,1,4,2,39,1,1,2,00,2,1,1,201200058833B01,7,15,1
201200058859,2012-08-18,2012,août,samedi,31:5,75,75119,0,0,2,3,3,5,1,4,2,02,1,1,050,050,1,0,1,4,1,5,0,1,2,00,2,1,9,201200058859A01,33,1,1
201200058878,2012-09-16,2012,septembre,dimanche,15:45,75,75119,0,0,2,4,3,1,1,4,2,01,2,1,000,150,1,0,1,4,1,31,5,1,2,00,2,8,15,201200058878B01,2,17,1
201200058901,2012-10-06,2012,octobre,samedi,14:10,75,75119,0,0,2,2,3,1,2,4,2,02,2,1,060,060,2,0,1,4,1,10,5,1,2,00,2,6,19,201200058901B01,7,1,1
201200058905,2012-10-09,2012,octobre,mardi,84:5,75,75119,0,0,2,4,7,1,2,4,2,02,2,1,000,000,2,0,1,4,2,62,1,1,2,00,0,0,1,201200058905A01,,,
201200058911,2012-10-15,2012,octobre,lundi,16:40,75,75119,0,0,2,5,6,1,1,4,2,02,1,1,000,100,1,0,1,4,1,18,0,1,2,00,2,0,2,201200058911A01,30,2,1
201200058917,2012-10-22,2012,octobre,lundi,11:30,75,75119,0,0,2,2,3,2,1,4,2,02,2,1,000,000,1,0,1,4,1,48,0,1,2,00,2,2,17,201200058917B01,7,15,1
201200058937,2012-11-13,2012,novembre,mardi,71:0,75,75119,0,0,2,1,2,2,8,4,1,01,1,1,000,025,2,0,1,4,1,43,1,1,2,00,2,1,1,201200058937B01,7,4,1
201200058946,2012-11-24,2012,novembre,samedi,19:15,75,75119,0,0,2,1,1,5,1,4,2,04,1,1,000,160,1,0,1,3,1,35,5,1,2,00,2,1,7,201200058946B01,7,10,1
201200058969,2012-12-19,2012,décembre,mercredi,20:15,75,75119,0,0,2,1,3,5,2,4,2,03,2,1,000,100,2,0,5,4,2,27,5,1,2,00,2,1,1,201200058969B01,7,15,1
201200058998,2012-01-18,2012,janvier,mercredi,17:15,75,75120,0,0,2,1,7,2,2,4,1,01,2,1,000,050,2,0,1,4,1,37,0,1,2,00,0,0,7,201200058998A01,,,
201200059007,2012-01-25,2012,janvier,mercredi,83:8,75,75120,0,0,2,2,6,1,2,4,2,02,1,1,000,070,2,0,1,1,1,54,1,1,2,00,1,3,1,201200059007A01,,,
201200059009,2012-01-27,2012,janvier,vendredi,91:0,75,75120,0,0,2,2,2,1,1,4,2,01,2,1,000,081,1,0,1,4,2,31,1,1,2,00,2,8,1,201200059009A01,7,23,1
201200059027,2012-02-12,2012,février,dimanche,15:27,75,75120,0,0,2,2,7,1,8,4,2,02,1,1,000,060,1,0,1,4,2,25,0,1,2,00,0,1,1,201200059027A01,,,
201200059036,2012-02-29,2012,février,mercredi,19:55,75,75120,0,0,2,1,6,5,1,4,3,02,1,1,070,064,1,0,5,1,1,20,5,1,2,00,1,1,1,201200059036A01,,,
201200059046,2012-03-15,2012,mars,jeudi,16:20,75,75120,0,0,2,3,6,1,1,4,2,02,2,1,000,100,1,0,1,4,1,16,5,1,2,15,0,1,16,201200059046A01,,,
201200059052,2012-03-21,2012,mars,mercredi,14:35,75,75120,0,0,2,1,1,1,1,4,2,06,1,1,012,096,1,0,1,4,1,40,1,1,2,00,2,3,1,201200059052B01,2,17,1
201200059062,2012-03-29,2012,mars,jeudi,18:15,75,75120,0,0,2,3,3,1,1,4,1,01,1,1,000,045,1,0,1,4,2,13,5,1,2,14,0,8,5,201200059062B01,7,1,1
201200059070,2012-04-07,2012,avril,samedi,21:20,75,75120,0,0,2,1,7,5,1,4,1,01,1,1,000,000,2,0,1,4,2,42,0,1,2,00,0,0,1,201200059070A01,,,
201200059076,2012-04-12,2012,avril,jeudi,65:0,75,75120,0,0,2,2,3,1,1,4,3,01,1,1,060,080,1,0,1,4,2,21,1,1,2,00,2,1,1,201200059076B01,7,1,1
201200059079,2012-04-16,2012,avril,lundi,18:55,75,75120,0,0,2,1,3,1,1,4,2,02,2,1,000,080,1,0,1,4,1,55,1,1,2,00,2,4,1,201200059079B01,7,17,1
201200059082,2012-04-20,2012,avril,vendredi,80:3,75,75120,0,0,2,1,3,1,1,4,2,02,2,1,000,100,1,0,1,4,1,26,2,1,2,00,2,1,9,201200059082B01,7,1,1
201200059082,2012-04-20,2012,avril,vendredi,80:3,75,75120,0,0,2,1,3,1,1,4,2,02,2,1,000,100,1,0,1,4,1,4,2,1,2,00,2,1,9,201200059082B01,7,1,1
201200059099,2012-05-11,2012,mai,vendredi,16:35,75,75120,0,0,2,2,3,1,1,4,-1,01,2,1,040,040,1,0,1,4,2,49,0,1,2,00,2,1,1,201200059099B01,7,15,1
201200059107,2012-05-18,2012,mai,vendredi,18:45,75,75120,0,0,2,4,3,1,1,4,1,01,1,1,000,078,1,0,1,4,2,18,0,1,2,00,2,5,1,201200059107A01,7,15,1
201200059115,2012-05-25,2012,mai,vendredi,83:0,75,75120,0,0,2,1,2,1,1,4,1,01,1,1,090,060,1,0,1,4,1,42,1,1,2,01,0,1,1,201200059115B01,7,22,1
201200059131,2012-06-10,2012,juin,dimanche,20:15,75,75120,0,0,2,2,3,1,3,4,2,02,2,1,000,099,2,0,1,4,2,26,5,1,2,00,2,1,1,201200059131B01,7,15,1
201200059138,2012-06-15,2012,juin,vendredi,16:35,75,75120,0,0,2,1,3,1,1,4,2,02,1,1,000,085,1,0,5,4,1,40,1,1,2,00,2,1,1,201200059138B01,7,15,1
201200059156,2012-06-28,2012,juin,jeudi,92:5,75,75120,0,0,2,3,3,1,8,4,1,01,1,1,000,082,1,0,5,4,1,14,9,1,2,00,0,1,1,201200059156B01,7,4,1
201200059175,2012-07-13,2012,juillet,vendredi,16:40,75,75120,0,0,2,3,3,1,2,4,2,02,2,1,000,100,2,0,1,4,1,30,0,1,2,00,2,7,1,201200059175B01,7,22,1
201200059177,2012-07-15,2012,juillet,dimanche,44:5,75,75120,0,0,2,3,3,5,1,4,2,02,2,1,000,070,1,0,1,1,1,22,5,1,2,00,2,1,17,201200059177B01,7,15,1
201200059177,2012-07-15,2012,juillet,dimanche,44:5,75,75120,0,0,2,3,3,5,1,4,2,02,2,1,000,070,1,0,1,4,2,22,5,1,2,00,2,1,17,201200059177B01,7,15,1
201200059195,2012-08-03,2012,août,vendredi,17:15,75,75120,0,0,2,1,6,1,1,4,1,01,1,1,007,060,1,0,5,1,1,19,0,1,2,00,1,1,1,201200059195A01,,,
201200059208,2012-08-22,2012,août,mercredi,11:30,75,75120,0,0,2,1,3,1,1,4,2,02,2,1,000,000,1,0,1,4,1,28,5,1,2,00,2,1,1,201200059208B01,10,22,1
201200059211,2012-08-28,2012,août,mardi,11:30,75,75120,0,0,2,2,6,1,1,4,1,01,1,1,004,050,1,0,5,3,2,45,9,1,2,14,0,1,13,201200059211A01,,,
201200059218,2012-09-02,2012,septembre,dimanche,15:30,75,75120,0,0,2,2,3,1,1,4,2,01,2,1,000,150,1,0,1,4,2,49,5,1,2,00,2,1,1,201200059218B01,7,15,1
201200059222,2012-09-07,2012,septembre,vendredi,18:25,75,75120,0,0,2,5,3,1,1,4,2,02,1,1,000,000,1,0,1,4,2,54,5,1,2,00,2,1,1,201200059222B01,7,15,1
201200059227,2012-09-10,2012,septembre,lundi,18:00,75,75120,0,0,2,1,1,2,1,4,2,00,2,-1,000,000,1,0,1,4,2,14,5,1,2,00,2,1,15,201200059227A01,32,1,1
201200059232,2012-09-14,2012,septembre,vendredi,82:0,75,75120,0,0,2,1,7,1,1,4,2,01,1,1,000,090,1,0,1,4,1,47,2,1,2,00,0,0,1,201200059232A01,,,
201200059232,2012-09-14,2012,septembre,vendredi,82:0,75,75120,0,0,2,1,7,1,1,4,2,01,1,1,000,090,1,0,1,4,2,8,2,1,2,00,0,0,1,201200059232A01,,,
201200059242,2012-09-20,2012,septembre,jeudi,10:00,75,75120,0,0,2,2,3,1,1,4,2,01,1,1,000,098,1,0,1,4,1,47,1,1,2,14,2,7,17,201200059242B01,7,13,1
201200059251,2012-09-27,2012,septembre,jeudi,13:30,75,75120,0,0,2,5,6,1,1,4,2,02,2,1,000,000,2,0,1,4,1,25,5,1,2,00,1,2,16,201200059251A01,,,
201200059255,2012-09-29,2012,septembre,samedi,49:,75,75120,0,0,2,2,6,5,1,4,-1,01,4,1,000,040,1,0,1,4,1,21,5,1,2,12,0,2,14,201200059255A01,,,
201200059257,2012-09-29,2012,septembre,samedi,12:20,75,75120,0,0,2,3,3,1,1,4,2,00,2,1,000,150,1,0,1,4,1,66,5,1,2,00,2,4,19,201200059257B01,7,16,1
201200059263,2012-10-04,2012,octobre,jeudi,85:0,75,75120,0,0,2,5,3,1,2,4,1,01,1,1,000,030,2,0,1,4,2,29,1,1,2,00,2,1,1,201200059263A01,33,23,1
201200059267,2012-10-05,2012,octobre,vendredi,19:55,75,75120,0,0,2,3,3,5,1,4,-1,02,1,1,000,500,-1,0,1,4,1,43,0,1,2,00,2,1,17,201200059267B01,7,15,1
201200059268,2012-10-06,2012,octobre,samedi,14:50,75,75120,0,0,2,2,6,1,2,4,2,02,1,1,000,050,2,0,1,4,2,24,0,1,2,00,2,0,1,201200059268A01,7,1,1
201200059269,2012-10-07,2012,octobre,dimanche,11:30,75,75120,0,0,2,2,7,1,1,4,2,01,1,1,000,120,1,0,5,4,1,22,5,1,2,00,0,2,1,201200059269A01,,,
201200059275,2012-10-08,2012,octobre,lundi,18:00,75,75120,0,0,2,3,6,1,2,4,2,01,1,1,000,130,2,0,1,4,1,62,5,1,2,00,0,0,15,201200059275A01,7,17,1
201200059277,2012-10-09,2012,octobre,mardi,19:20,75,75120,0,0,2,2,3,2,1,4,2,01,2,1,000,060,1,0,1,1,1,22,0,1,2,00,2,8,15,201200059277B01,33,17,1
201200059296,2012-10-24,2012,octobre,mercredi,17:45,75,75120,0,0,2,1,7,1,1,4,1,01,1,1,000,040,1,0,1,4,1,32,1,1,2,00,0,0,1,201200059296A01,,,
201200059318,2012-11-14,2012,novembre,mercredi,93:0,75,75120,0,0,2,2,6,1,1,4,2,02,1,1,000,000,1,0,1,1,1,23,2,1,2,00,1,1,1,201200059318A01,,,
201200059319,2012-11-14,2012,novembre,mercredi,18:20,75,75120,0,0,2,4,3,5,1,4,1,03,2,3,000,100,1,0,1,4,2,34,1,1,2,00,2,4,1,201200059319B01,34,1,1
201200059329,2012-11-27,2012,novembre,mardi,72:5,75,75120,0,0,2,1,3,2,2,4,2,01,1,1,000,080,2,0,5,4,2,49,0,1,2,00,2,7,1,201200059329B01,7,1,1
201200059337,2012-12-03,2012,décembre,lundi,17:15,75,75120,0,0,2,1,3,5,1,4,1,01,1,1,000,030,1,0,1,4,1,27,5,1,2,00,2,3,9,201200059337B01,37,1,1
201200059341,2012-12-07,2012,décembre,vendredi,15:45,75,75120,0,0,2,2,3,1,1,4,1,01,1,1,000,100,2,0,1,4,1,32,1,1,2,00,2,1,1,201200059341B01,10,15,1
201200059377,2012-01-08,2012,janvier,dimanche,21:5,75,75113,0,0,2,4,6,5,1,4,2,04,1,1,000,168,1,0,1,2,1,56,5,1,2,00,2,4,2,201200059377A01,7,2,1
201200059382,2012-01-13,2012,janvier,vendredi,15:40,75,75112,0,0,2,1,6,1,1,4,2,03,1,-1,000,148,1,0,5,4,1,30,5,1,2,00,1,1,1,201200059382A01,,,
201200059450,2012-03-28,2012,mars,mercredi,15:10,75,75108,0,0,2,1,6,1,1,4,2,03,1,1,000,000,1,0,5,4,2,49,5,1,2,01,2,7,17,201200059450B01,10,22,1
201200059461,2012-04-04,2012,avril,mercredi,85:0,75,75104,0,0,2,1,3,1,1,4,1,01,1,1,000,035,1,0,1,3,2,33,1,1,2,00,2,8,1,201200059461B01,10,17,1
201200059480,2012-04-20,2012,avril,vendredi,16:45,75,75110,0,0,2,5,6,1,1,4,2,04,1,-1,000,141,2,0,1,4,1,25,4,1,2,00,1,1,16,201200059480A01,,,
201200059491,2012-05-02,2012,mai,mercredi,10:30,75,75117,0,0,2,5,3,1,1,4,2,02,1,1,000,135,1,0,1,3,2,21,5,1,2,00,2,3,1,201200059491A01,14,16,1
201200059507,2012-05-13,2012,mai,dimanche,85:0,75,75107,0,0,2,7,3,1,1,4,1,01,1,2,000,119,1,0,1,4,1,21,0,1,2,00,2,6,15,201200059507B01,10,1,1
201200059512,2012-05-15,2012,mai,mardi,94:5,75,75108,0,0,2,1,3,1,1,4,1,10,1,1,300,402,1,0,1,3,2,49,0,1,2,00,2,8,1,201200059512B01,10,14,1
201200059517,2012-05-22,2012,mai,mardi,16:40,75,75114,0,0,2,2,3,1,1,4,1,02,1,1,000,660,1,5,1,2,2,70,1,1,2,00,2,0,16,201200059517B01,38,16,1
201200059519,2012-05-23,2012,mai,mercredi,19:05,75,75101,0,0,2,2,6,1,1,4,2,01,1,1,000,055,1,0,0,4,1,52,5,1,2,00,2,8,15,201200059519A01,33,1,1
201200059526,2012-05-27,2012,mai,dimanche,32:0,75,75103,0,0,2,1,7,5,1,4,2,04,1,1,020,205,1,0,1,3,2,22,5,1,2,14,0,1,9,201200059526A01,,,
201200059530,2012-05-31,2012,mai,jeudi,16:25,75,75114,0,0,2,1,3,1,1,4,2,03,2,1,000,100,1,0,1,4,2,26,1,1,2,00,2,4,1,201200059530B01,7,12,1
201200059533,2012-06-02,2012,juin,samedi,12:35,75,75116,0,0,2,1,6,1,1,4,2,03,1,1,000,142,1,0,5,3,1,69,5,1,2,01,0,2,1,201200059533A01,,,
201200059538,2012-06-06,2012,juin,mercredi,19:30,75,75111,0,0,2,5,6,1,1,4,2,03,1,1,307,119,1,0,5,4,1,30,1,1,2,00,1,1,1,201200059538A01,,,
201200059552,2012-06-18,2012,juin,lundi,85:3,75,75105,0,0,2,2,3,1,1,4,2,02,2,1,000,130,1,6,1,3,2,49,1,1,2,00,2,1,1,201200059552B01,38,16,1
201200059559,2012-06-23,2012,juin,samedi,94:2,75,75118,0,0,2,2,3,1,1,4,2,04,-1,1,000,000,1,5,1,3,2,28,0,1,2,00,2,8,1,201200059559B01,38,16,1
201200059561,2012-06-23,2012,juin,samedi,18:05,75,75115,0,0,2,2,3,1,1,4,1,04,1,1,000,150,1,5,1,3,2,26,5,1,2,00,2,6,11,201200059561A01,33,1,1
201200059602,2012-07-15,2012,juillet,dimanche,35:0,75,75109,0,0,2,4,3,5,1,4,1,03,1,1,000,090,1,0,1,3,2,25,0,1,2,00,2,8,1,201200059602A01,7,1,1
201200059638,2012-08-19,2012,août,dimanche,16:15,75,75112,0,0,2,1,1,1,1,4,2,03,2,1,000,082,1,0,1,3,1,21,5,1,2,00,2,1,13,201200059638A01,7,1,1
201200059645,2012-08-27,2012,août,lundi,45:0,75,75108,0,0,2,7,3,5,1,4,2,02,1,1,000,106,1,0,1,3,1,20,1,1,2,00,2,8,1,201200059645B01,10,1,1
201200059659,2012-09-11,2012,septembre,mardi,14:50,75,75112,0,0,2,7,3,1,3,4,1,07,1,2,000,276,2,0,1,3,2,72,1,1,2,00,2,7,16,201200059659B01,10,12,1
201200059665,2012-09-16,2012,septembre,dimanche,10:14,75,75116,0,0,2,2,6,1,1,4,2,02,1,3,000,041,1,0,1,4,1,53,5,1,2,00,1,2,1,201200059665A01,,,
201200059684,2012-10-02,2012,octobre,mardi,15:,75,75111,0,0,2,2,3,5,1,4,1,01,1,1,000,052,2,0,1,3,1,28,0,1,2,00,2,1,1,201200059684B01,14,1,1
201200059686,2012-10-02,2012,octobre,mardi,11:00,75,75115,0,0,2,1,3,1,1,4,1,04,1,1,000,168,1,0,4,4,1,38,0,1,2,00,2,1,1,201200059686A01,7,9,1
201200059702,2012-10-11,2012,octobre,jeudi,13:35,75,75117,0,0,2,3,3,1,2,4,2,02,2,1,000,097,2,0,1,2,1,58,0,1,2,00,2,8,18,201200059702A01,15,16,1
201200059713,2012-10-16,2012,octobre,mardi,12:55,75,75107,0,0,2,3,3,1,1,4,1,01,1,1,000,117,1,0,1,3,2,89,5,1,2,00,2,8,18,201200059713B01,14,14,1
201200059721,2012-09-17,2012,septembre,lundi,21:25,75,75104,0,0,2,2,6,5,1,4,1,00,1,1,000,000,1,0,1,2,1,51,5,1,2,00,2,4,16,201200059721A01,7,2,1
201200059748,2012-11-14,2012,novembre,mercredi,11:40,75,75117,0,0,2,5,6,1,1,4,2,00,1,1,000,000,1,0,0,1,1,51,4,1,2,00,1,1,1,201200059748A01,,,
201200059751,2012-11-24,2012,novembre,samedi,22:44,75,75119,0,0,2,2,3,5,1,4,2,02,2,1,000,096,1,5,1,2,2,29,5,1,2,00,2,8,1,201200059751B01,10,16,1
201200059756,2012-12-02,2012,décembre,dimanche,12:55,75,75110,0,0,2,1,4,1,1,4,1,04,1,1,000,246,1,0,1,3,2,65,0,1,2,00,2,0,7,201200059756B01,37/ 7,7/22,2