Num_Acc,date,an,mois,jour,hrmn,dep,com,lat,long,agg,int,col,lum,atm,catr,circ,nbv,prof,plan,lartpc,larrout,surf,infra,situ,grav,sexe,age,trajet,secuexist,equipement,obs,obsm,choc,manv,vehiculeid,typevehicules,manoeuvehicules,numVehicules
201300001606,2013-07-14,2013,juillet,dimanche,15:10,01,01053,46.2209,5.2492,1,6,3,1,1,3,2,02,1,1,000,068,1,5,1,4,2,26,5,1,8,00,2,8,1,201300001606B01,7,16,1
201300001622,2013-09-27,2013,septembre,vendredi,18:00,01,01053,0,0,2,2,3,1,7,4,2,02,1,1,000,132,1,0,1,4,1,58,5,1,2,00,2,8,1,201300001622B01,7,1,1
201300001637,2013-12-04,2013,décembre,mercredi,12:35,01,01053,0,0,2,3,3,1,1,4,1,01,1,1,000,060,1,0,1,4,2,52,1,1,2,00,2,1,19,201300001637B01,7,1,1
201300001696,2013-09-01,2013,septembre,dimanche,80:0,44,44204,47.279,-1.467,1,6,3,1,1,3,3,02,1,2,000,088,1,5,1,3,1,76,5,1,2,00,0,7,1,201300001696B02,7,9,1
201300001697,2013-09-02,2013,septembre,lundi,15:30,44,44204,0,0,2,6,3,1,1,4,2,00,2,2,000,050,1,5,1,4,1,15,5,1,1,00,2,8,15,201300001697B02,7,16,1
201300001701,2013-12-16,2013,décembre,lundi,60:0,44,44172,0,0,1,1,3,4,1,3,1,01,1,1,000,000,1,0,1,2,1,37,1,1,4,00,0,8,11,201300001701B02,14,1,1
201300001746,2013-08-08,2013,août,jeudi,10:45,44,44108,0,0,1,1,2,1,1,3,2,02,1,3,000,056,1,0,1,3,1,66,5,1,2,00,0,4,1,201300001746B02,7,2,1
201300001762,2013-01-15,2013,janvier,mardi,11:45,44,44015,0,0,2,1,3,1,7,4,2,02,1,1,000,000,1,0,1,4,2,63,5,1,2,00,2,8,1,201300001762A01,7,1,1
201300001784,2013-05-04,2013,mai,samedi,19:00,44,44110,0,0,1,1,3,1,7,4,2,00,1,1,000,049,1,0,1,3,2,12,5,1,9,00,2,8,19,201300001784A01,7,1,1
201300001786,2013-06-22,2013,juin,samedi,17:30,44,44110,0,0,2,1,2,1,8,3,2,00,1,1,000,065,2,0,0,3,1,83,5,1,1,00,2,8,2,201300001786B02,33,2,1
201300001800,2013-08-01,2013,août,jeudi,20:30,44,44130,0,0,1,1,5,1,7,3,2,02,2,1,000,062,1,0,1,3,1,17,5,1,2,00,2,4,1,201300001800B02,7,1,1
201300001800,2013-08-01,2013,août,jeudi,20:30,44,44130,0,0,1,1,5,1,7,3,2,02,2,1,000,062,1,0,1,3,1,11,0,1,2,00,2,4,1,201300001800B02,7,1,1
201300001800,2013-08-01,2013,août,jeudi,20:30,44,44130,0,0,1,1,5,1,7,3,2,02,2,1,000,062,1,0,1,3,2,17,5,1,2,00,2,4,1,201300001800C03,7,1,1
201300001804,2013-11-22,2013,novembre,vendredi,10:00,44,44018,0,0,2,1,3,1,1,3,2,02,1,1,000,065,1,0,1,3,1,69,5,1,2,00,2,7,19,201300001804B02,7,1,1
201300001808,2013-08-07,2013,août,mercredi,14:45,44,44012,0,0,2,3,3,1,1,4,2,02,1,1,000,000,1,0,1,1,2,16,5,1,2,00,0,7,19,201300001808A01,30,21,1
201300001836,2013-11-14,2013,novembre,jeudi,16:45,44,44186,0,0,2,1,3,1,1,3,2,01,1,-1,000,072,1,0,1,4,1,15,2,1,1,00,2,1,19,201300001836B02,7,1,1
201300001855,2013-07-06,2013,juillet,samedi,14:00,44,44183,47.394,-2.424,2,1,1,1,1,3,2,02,2,1,000,055,1,0,1,3,1,8,5,1,2,00,2,7,13,201300001855B02,7,1,1
201300001873,2013-03-28,2013,mars,jeudi,13:45,44,44210,0,0,2,1,3,1,1,4,2,01,-1,1,000,060,1,0,1,3,1,37,5,1,2,00,0,7,1,201300001873B02,7,19,1
201300001887,2013-07-15,2013,juillet,lundi,13:30,44,44217,0,0,1,2,3,1,1,3,2,00,1,1,000,053,1,0,1,3,1,22,5,1,8,00,2,7,1,201300001887B02,10,1,1
201300001895,2013-02-14,2013,février,jeudi,16:30,49,49194,47.43502,-0.29524,1,1,1,1,6,3,2,02,1,1,000,055,1,0,1,3,2,61,5,1,2,00,2,1,13,201300001895B02,7,21,1
201300001899,2013-11-09,2013,novembre,samedi,16:00,49,49106,47.47418,-0.33508,1,1,5,1,7,3,2,02,1,1,026,038,2,5,1,2,1,43,5,1,4,00,0,6,13,201300001899A01,7,21/0,2
201300001926,2013-08-08,2013,août,jeudi,12:00,49,49301,0,0,2,6,1,1,1,3,-1,00,-1,-1,000,075,-1,0,0,3,1,48,5,1,2,00,2,4,1,201300001926B02,7,9,1
201300001966,2013-04-20,2013,avril,samedi,12:00,49,49002,47.29377,0.02181,2,3,1,1,1,3,-1,02,1,1,000,060,1,0,1,3,1,83,3,1,2,00,2,1,1,201300001966B02,10,15,1
201300001973,2013-08-29,2013,août,jeudi,18:30,49,49041,47.3025,0.05889,2,3,3,1,1,4,-1,,1,-1,,,1,0,1,3,2,10,5,1,2,00,2,2,10,201300001973A01,7,1,1
201300001977,2013-12-03,2013,décembre,mardi,74:5,49,49261,0,0,1,1,2,2,5,3,2,02,1,1,000,000,1,0,1,3,1,25,1,1,4,00,2,4,13,201300001977B02,10,1,1
201300002044,2013-07-01,2013,juillet,lundi,17:15,53,53002,48.22122,-0.76983,1,2,3,1,1,3,2,00,-1,1,000,055,1,0,1,3,1,16,5,1,2,00,2,3,19,201300002044B02,7,1,1
201300002060,2013-04-19,2013,avril,vendredi,13:00,53,53185,48.46168,-0.19361,2,1,3,1,1,9,-1,00,1,1,000,000,1,0,4,3,1,55,5,1,2,00,2,1,1,201300002060A01,7,0,1
201300002091,2013-09-18,2013,septembre,mercredi,17:15,72,72054,0,0,2,1,3,1,1,4,2,02,1,1,000,054,1,0,1,3,1,14,5,1,1,00,2,8,19,201300002091B02,7,1,1
201300002110,2013-05-22,2013,mai,mercredi,14:45,72,72346,0,0,2,1,3,1,1,4,2,02,1,1,000,041,1,6,1,2,1,64,5,1,2,00,2,1,6,201300002110B02,7,1,1
201300002125,2013-12-09,2013,décembre,lundi,16:45,72,72253,47.896,0.053,1,1,2,1,7,3,2,02,-1,1,000,050,1,0,1,3,1,59,5,1,2,00,2,8,2,201300002125B02,7,2,1
201300002126,2013-12-18,2013,décembre,mercredi,12:45,72,72381,0,0,1,1,1,1,1,3,2,02,1,1,000,073,1,0,1,3,1,73,5,1,2,00,2,8,1,201300002126B02,7,21,1
201300002127,2013-01-24,2013,janvier,jeudi,71:5,72,72154,47.702,-0.086,2,6,2,2,1,3,-1,00,1,-1,000,000,1,5,1,3,1,53,1,1,4,00,2,4,1,201300002127B02,7,1,1
201300002133,2013-12-03,2013,décembre,mardi,81:5,72,72154,47.702,-0.069,2,6,2,2,5,3,2,02,1,-1,000,070,1,5,1,3,1,55,1,1,9,00,2,4,1,201300002133B02,7,9,1
201300002206,2013-08-25,2013,août,dimanche,10:15,85,85089,0,0,2,1,2,1,8,3,2,00,2,1,070,000,2,0,1,3,1,69,5,1,2,00,2,7,16,201300002206B02,7,1,1
201300002207,2013-09-20,2013,septembre,vendredi,64:5,85,85089,0,0,2,1,1,3,1,3,2,02,1,1,000,060,1,0,1,3,1,49,1,1,4,00,2,1,1,201300002207B02,7,15,1
201300002212,2013-12-06,2013,décembre,vendredi,15:45,85,85089,0,0,2,1,1,1,1,3,2,02,-1,1,000,057,1,0,1,3,1,51,5,1,4,00,2,3,5,201300002212A01,7,1,1
201300002222,2013-08-26,2013,août,lundi,18:15,85,85153,46.77969,-1.06342,2,1,1,1,1,4,1,01,1,1,000,053,9,0,1,3,1,9,5,1,2,00,2,1,9,201300002222B02,10,1,1
201300002235,2013-04-21,2013,avril,dimanche,22:30,85,85197,0,0,1,1,2,3,1,3,2,02,1,1,000,045,1,0,1,2,1,58,5,1,4,00,0,4,1,201300002235B02,7,1,1
201300002261,2013-09-26,2013,septembre,jeudi,11:45,85,85208,0,0,2,1,3,1,2,3,2,00,-1,1,000,060,2,0,1,3,2,61,5,1,2,00,2,8,13,201300002261A01,7,1,1
201300002264,2013-01-08,2013,janvier,mardi,73:0,85,85092,0,0,2,6,1,2,1,3,3,00,1,1,113,000,1,5,1,2,1,52,1,1,4,00,2,7,15,201300002264B02,7,1,1
201300002287,2013-05-03,2013,mai,vendredi,19:00,85,85264,0,0,1,3,3,1,1,3,2,02,1,1,000,060,1,0,1,3,1,9,5,1,2,00,0,8,15,201300002287B02,10,1,1
201300002302,2013-06-04,2013,juin,mardi,17:15,85,85210,0,0,1,1,3,1,1,3,2,02,2,1,000,060,1,0,1,3,1,74,5,1,2,00,2,8,1,201300002302B02,7,19,1
201300002317,2013-07-18,2013,juillet,jeudi,14:30,85,85113,46.6995,-2.34791,2,1,3,1,1,4,2,02,1,2,000,000,1,0,1,3,2,6,0,1,2,00,2,6,24,201300002317B02,7,21,1
201300002321,2013-07-27,2013,juillet,samedi,14:30,85,85052,0,0,1,1,2,1,6,3,2,02,1,1,000,060,1,0,3,3,1,67,5,1,2,01,0,1,1,201300002321A01,7,24,1
201300002337,2013-09-24,2013,septembre,mardi,18:45,85,85088,46.70559,-1.89449,1,1,3,1,1,4,2,00,-1,1,000,052,1,0,1,3,2,14,2,1,4,00,0,1,19,201300002337B02,33,17,1
201300002346,2013-06-21,2013,juin,vendredi,15:45,85,85172,46.81517,-1.9924,2,1,1,1,1,4,2,02,1,1,000,044,1,0,1,3,2,59,5,1,4,00,2,1,1,201300002346B02,14,1,1
201300002350,2013-07-26,2013,juillet,vendredi,84:5,85,85234,0,0,2,6,3,1,1,3,2,02,1,1,000,040,1,5,1,3,2,70,5,1,4,00,2,7,1,201300002350B02,7,1,1
201300002354,2013-09-25,2013,septembre,mercredi,15:30,85,85012,0,0,1,1,2,1,1,3,2,02,1,1,033,063,1,0,1,3,1,63,5,1,4,00,2,6,1,201300002354B02,2,17,1
201300002356,2013-12-16,2013,décembre,lundi,16:00,85,85234,46.79674,-2.0316,1,1,2,1,7,4,2,02,-1,1,000,050,1,0,1,3,2,73,5,1,9,00,2,4,1,201300002356B02,7,1,1
201300002363,2013-06-19,2013,juin,mercredi,18:15,85,85026,46.5679,-1.45797,1,1,1,1,1,4,2,02,-1,3,000,040,1,0,1,3,2,45,5,1,9,00,2,0,1,201300002363A01,14,0,1
201300002364,2013-07-01,2013,juillet,lundi,10:45,85,85127,46.42202,-1.49175,2,1,3,1,1,4,2,02,1,1,000,060,1,0,1,3,2,64,5,1,9,00,2,8,1,201300002364A01,7,17,1
201300002366,2013-07-08,2013,juillet,lundi,10:00,85,85294,0,0,2,6,6,1,1,3,2,02,1,1,000,080,1,0,1,3,1,80,3,1,4,00,2,1,19,201300002366B02,,,
201300002372,2013-09-29,2013,septembre,dimanche,17:45,85,85294,46.3434,-1.4457,2,1,5,2,7,4,2,02,3,3,000,050,1,5,1,2,1,44,5,1,2,00,2,8,1,201300002372B02,7,15,1
201300002372,2013-09-29,2013,septembre,dimanche,17:45,85,85294,46.3434,-1.4457,2,1,5,2,7,4,2,02,3,3,000,050,1,5,1,3,2,45,5,1,2,00,2,8,1,201300002372C03,7,15,1
201300002384,2013-03-28,2013,mars,jeudi,13:30,33,33284,44.603,-0.939,1,1,2,1,1,3,2,02,1,1,000,065,1,0,1,3,1,49,5,1,2,00,2,3,11,201300002384A01,10,21,1
201300002394,2013-10-08,2013,octobre,mardi,90:0,33,33519,0,0,2,1,6,1,7,9,2,00,1,1,015,108,1,0,5,3,2,29,1,1,2,00,0,4,0,201300002394A01,,,
201300002406,2013-05-28,2013,mai,mardi,16:30,33,33449,0,0,2,1,3,1,1,4,2,02,-1,-1,000,000,1,0,1,4,1,55,9,1,1,00,2,0,1,201300002406B02,7,13,1
201300002408,2013-06-16,2013,juin,dimanche,10:45,33,33449,0,0,2,1,1,1,1,3,2,02,1,1,046,104,1,0,1,2,1,82,3,1,2,00,2,8,19,201300002408B02,7,1,1
201300002451,2013-09-04,2013,septembre,mercredi,73:0,33,33554,0,0,2,3,3,1,1,3,2,02,1,1,000,094,1,0,1,3,1,45,1,1,2,00,2,7,1,201300002451A01,7,15,1
201300002473,2013-01-25,2013,janvier,vendredi,17:00,33,33343,0,0,1,1,2,1,1,3,2,02,-1,1,054,000,1,0,1,3,1,52,5,1,2,00,2,4,1,201300002473B02,7,1,1
201300002515,2013-06-06,2013,juin,jeudi,84:5,33,33044,0,0,1,2,1,1,1,3,2,00,2,2,000,060,1,0,1,3,1,18,5,1,2,00,0,7,1,201300002515B02,14,1,1
201300002525,2013-01-31,2013,janvier,jeudi,74:5,33,33240,45.307,-0.935,2,6,1,5,9,3,1,00,1,2,000,071,2,0,1,4,2,17,2,1,4,00,0,4,1,201300002525A01,7,9,1
201300002561,2013-01-23,2013,janvier,mercredi,17:45,33,33243,44.923,-0.242,2,6,3,1,1,9,-1,00,-1,-1,000,050,1,5,5,3,2,39,0,1,2,00,2,3,1,201300002561B02,7,1,1
201300002564,2013-07-09,2013,juillet,mardi,90:0,33,33539,44.887,-0.311,1,6,3,1,1,3,1,02,1,2,076,000,1,5,1,3,1,59,5,1,1,00,2,8,11,201300002564B02,7,16,1
201300002577,2013-09-25,2013,septembre,mercredi,18:30,33,33157,44.793,-0.26,1,1,1,1,1,9,2,00,1,1,000,020,1,0,5,3,2,66,5,1,2,00,2,3,1,201300002577A01,1,1,1
201300002577,2013-09-25,2013,septembre,mercredi,18:30,33,33157,44.793,-0.26,1,1,1,1,1,9,2,00,1,1,000,020,1,0,5,2,1,62,5,1,2,00,2,3,1,201300002577B02,1,1,1
201300002593,2013-01-11,2013,janvier,vendredi,90:0,33,33393,0,0,1,1,1,1,7,3,2,02,2,1,000,040,1,2,1,2,2,55,1,1,1,00,2,9,2,201300002593B02,7,2,1
201300002630,2013-10-08,2013,octobre,mardi,18:00,24,24372,45.1315,0.50739,1,1,2,1,1,3,2,02,1,1,000,070,1,0,1,3,2,46,1,1,1,00,2,4,2,201300002630B02,30,2,1
201300002677,2013-09-25,2013,septembre,mercredi,10:00,24,24093,45.364,0.486,1,3,1,1,1,4,2,00,1,1,000,000,1,0,1,3,1,8,5,1,1,00,2,1,1,201300002677B02,10,4,1
201300002711,2013-11-28,2013,novembre,jeudi,17:15,24,24067,44.9049,0.95276,1,1,3,2,1,3,2,02,1,1,000,059,1,0,1,4,1,16,1,1,1,00,0,8,15,201300002711B02,7,2,1
201300002748,2013-09-17,2013,septembre,mardi,21:00,40,40065,43.6504,-1.43086,2,1,1,5,2,3,2,02,1,1,000,070,2,0,1,3,2,26,5,1,4,00,2,7,15,201300002748A01,7,1,1
201300002750,2013-11-13,2013,novembre,mercredi,81:5,40,40296,43.68852,-1.37228,2,6,3,2,5,4,2,02,1,-1,000,000,1,0,1,3,1,59,0,1,2,00,2,5,1,201300002750B02,7,16,1
201300002762,2013-03-12,2013,mars,mardi,13:00,40,40224,43.54566,-1.08954,2,3,3,1,1,4,2,02,1,1,,,1,0,1,3,1,12,9,1,2,00,2,8,19,201300002762B02,7,1,1
201300002773,2013-01-26,2013,janvier,samedi,17:15,40,40284,43.66812,-1.28279,2,6,1,1,1,3,1,01,-1,-1,000,000,1,5,1,3,1,50,5,1,2,00,2,1,1,201300002773B02,7,9,1
201300002819,2013-07-27,2013,juillet,samedi,10:45,40,40119,43.65366,-0.59502,2,2,3,1,1,4,1,00,1,1,000,000,1,0,1,3,1,8,5,1,2,00,2,7,19,201300002819A01,7,1,1
201300002871,2013-07-18,2013,juillet,jeudi,90:0,47,47020,44.6795,0.16281,1,4,3,1,8,3,2,02,1,1,000,051,1,5,1,3,1,74,5,1,2,00,2,5,1,201300002871A01,7,19,1
201300002893,2013-10-02,2013,octobre,mercredi,80:0,47,47119,44.1935,0.02479,2,3,3,1,1,3,2,02,1,1,000,060,1,0,1,3,2,57,1,1,1,00,0,3,1,201300002893B02,7,15,1
201300002916,2013-05-08,2013,mai,mercredi,93:0,64,64230,43.2447,-0.38798,1,6,3,1,1,2,2,02,1,3,000,000,1,5,1,3,1,53,5,1,2,00,2,8,15,201300002916B02,7,1,1
201300002930,2013-11-21,2013,novembre,jeudi,19:00,64,64238,0,0,1,1,2,5,3,3,2,02,1,1,000,000,2,0,1,2,1,52,5,1,4,00,2,4,1,201300002930B02,7,1,1
201300002947,2013-06-30,2013,juin,dimanche,19:30,64,64102,43.4809,-1.46359,2,1,1,1,1,3,1,01,-1,-1,000,000,1,0,1,1,1,29,3,1,1,00,2,1,5,201300002947A01,1,1,1
201300002947,2013-06-30,2013,juin,dimanche,19:30,64,64102,43.4809,-1.46359,2,1,1,1,1,3,1,01,-1,-1,000,000,1,0,1,3,1,28,0,1,1,00,2,1,1,201300002947B02,1,5,1
201300002953,2013-01-30,2013,janvier,mercredi,15:30,64,64495,43.3682,-1.56665,1,1,1,1,1,3,2,02,2,3,000,054,9,0,1,3,1,42,1,1,2,00,2,1,19,201300002953A01,15,1,1
201300002957,2013-07-19,2013,juillet,vendredi,84:5,64,64495,43.3542,-1.55035,2,2,3,1,1,3,2,02,-1,1,000,035,1,0,1,3,1,46,5,1,2,00,0,3,1,201300002957A01,7,15,1
201300002994,2013-12-06,2013,décembre,vendredi,81:5,64,64422,43.1977,-0.60452,2,6,3,1,1,3,2,02,1,1,010,040,1,5,1,3,2,54,1,1,4,00,2,7,1,201300002994B02,7,9,1
201300003001,2013-10-05,2013,octobre,samedi,15:15,64,64359,43.252,-0.62,1,1,1,1,1,4,2,02,2,3,000,035,1,0,1,3,1,12,5,1,2,00,2,1,1,201300003001A01,15,1,1
201300003006,2013-05-19,2013,mai,dimanche,11:15,64,64510,43.5361,-0.69022,1,1,1,1,8,3,2,02,-1,1,000,066,1,0,1,2,1,71,5,1,9,00,0,0,1,201300003006B02,10,2,1
201300003028,2013-07-15,2013,juillet,lundi,90:0,86,86100,46.547,0.278,2,1,3,1,1,3,2,02,1,1,000,000,1,0,5,3,1,22,1,1,2,00,2,1,1,201300003028B02,3,1,1
201300003035,2013-07-12,2013,juillet,vendredi,11:00,86,86096,46.815,0.321,1,1,1,1,1,3,2,02,1,1,000,060,1,0,1,3,1,65,5,1,8,00,2,8,19,201300003035A01,7,1,1
201300003058,2013-06-13,2013,juin,jeudi,18:15,86,86070,46.533,0.726,1,1,3,1,2,3,2,02,1,1,000,062,2,0,1,3,1,51,5,1,2,00,2,8,1,201300003058B02,10,17,1
201300003066,2013-03-04,2013,mars,lundi,13:15,86,86078,46.15,0.303,1,1,3,1,1,3,2,02,2,1,000,075,1,0,0,3,1,67,5,1,1,00,2,8,1,201300003066B02,7,19,1
201300003077,2013-06-26,2013,juin,mercredi,90:0,16,16078,45.69004,0.21056,1,1,7,1,1,4,2,02,2,1,000,031,1,0,1,3,1,42,5,1,2,13,0,1,1,201300003077A01,,,
201300003082,2013-11-16,2013,novembre,samedi,16:00,16,16061,45.72091,0.26634,1,9,2,1,1,3,2,02,2,1,000,050,1,0,1,3,1,17,5,1,4,00,2,4,15,201300003082B02,7,1,1
201300003100,2013-07-14,2013,juillet,dimanche,11:15,16,16099,45.36136,-0.08408,2,6,2,1,1,3,2,01,2,2,120,060,1,0,1,3,1,75,5,1,2,00,2,4,23,201300003100B02,10,9,1
201300003102,2013-08-02,2013,août,vendredi,17:45,16,16160,45.45126,-0.26061,1,1,2,1,1,3,2,02,1,1,000,062,1,0,1,3,1,20,5,1,2,00,2,4,2,201300003102B02,7,1,1
201300003111,2013-07-04,2013,juillet,jeudi,18:30,16,16134,45.89262,0.64677,1,3,1,1,1,3,2,02,2,1,000,049,1,0,1,3,1,9,5,1,4,00,2,1,15,201300003111B02,7,1,1
201300003168,2013-09-22,2013,septembre,dimanche,10:00,17,17439,46.322,-0.836,1,1,5,1,1,3,2,02,1,3,000,055,1,0,1,3,1,65,5,1,2,00,2,1,1,201300003168B02,7,13,1
201300003168,2013-09-22,2013,septembre,dimanche,10:00,17,17439,46.322,-0.836,1,1,5,1,1,3,2,02,1,3,000,055,1,0,1,3,1,70,5,1,2,00,2,1,1,201300003168C03,7,13,1
201300003168,2013-09-22,2013,septembre,dimanche,10:00,17,17439,46.322,-0.836,1,1,5,1,1,3,2,02,1,3,000,055,1,0,1,4,1,71,5,1,2,00,2,1,1,201300003168D04,7,13,1
201300003172,2013-05-29,2013,mai,mercredi,94:5,17,17161,46.18989,-1.33838,2,1,1,1,1,4,2,01,1,1,000,039,1,0,1,3,1,63,5,1,2,00,2,8,17,201300003172B02,7,2,1
201300003175,2013-08-01,2013,août,jeudi,10:00,17,17369,46.20097,-1.3528,2,1,3,1,1,4,2,00,1,2,068,000,1,0,1,3,2,60,5,1,2,00,2,1,1,201300003175B02,7,16,1
201300003186,2013-08-15,2013,août,jeudi,20:00,17,17403,45.39595,-0.45168,1,1,2,1,1,3,2,00,3,1,000,062,1,0,1,4,1,25,5,1,2,00,0,4,1,201300003186B02,7,21,1
201300003216,2013-05-16,2013,mai,jeudi,90:0,17,17093,45.88786,-1.20026,2,6,3,1,8,3,-1,00,1,1,000,060,2,5,1,3,1,67,5,1,4,00,0,7,1,201300003216B02,7,9,1
201300003221,2013-08-05,2013,août,lundi,12:30,17,17323,46.04105,-1.39144,1,1,3,1,8,3,2,02,1,1,000,059,1,0,1,3,1,69,5,1,2,00,2,6,15,201300003221A01,7,17,1
201300003252,2013-01-02,2013,janvier,mercredi,17:00,17,17338,46.1622,-0.73874,1,1,3,1,7,3,2,02,1,1,000,000,1,5,1,3,1,18,5,1,2,00,2,1,1,201300003252B02,7,15,1
201300003272,2013-10-09,2013,octobre,mercredi,15:30,17,17447,46.079,-0.938,1,1,2,1,1,3,2,02,1,1,000,065,1,0,1,2,1,65,5,1,2,00,2,4,1,201300003272B02,7,1,1
201300003363,2013-07-18,2013,juillet,jeudi,21:00,79,79049,0,0,1,1,5,1,1,4,2,01,1,1,000,040,1,0,1,3,2,9,5,1,2,00,2,0,1,201300003363C02,7,1,1
201300003363,2013-07-18,2013,juillet,jeudi,21:00,79,79049,0,0,1,1,5,1,1,4,2,01,1,1,000,040,1,0,1,3,1,38,5,1,2,00,2,1,1,201300003363B02,7,1,1
201300003367,2013-09-28,2013,septembre,samedi,16:45,79,79131,0,0,1,2,1,1,8,3,2,02,1,1,000,050,2,0,1,2,1,17,5,1,2,00,2,8,19,201300003367B02,7,1,1
201300003400,2013-04-06,2013,avril,samedi,18:15,79,79121,0,0,2,7,3,1,1,4,1,00,-1,1,000,045,1,0,1,3,2,10,5,1,9,00,2,7,0,201300003400B02,7,1,1
201300003420,2013-12-15,2013,décembre,dimanche,13:30,87,87021,45.785,1.191,2,1,1,1,8,3,2,02,2,2,000,066,7,0,1,2,1,67,5,1,2,00,2,1,1,201300003420B02,7,1,1
201300003439,2013-07-24,2013,juillet,mercredi,84:5,87,87060,0,0,1,1,1,1,1,3,2,02,3,1,000,049,1,0,1,3,1,22,1,1,1,00,2,4,1,201300003439B02,7,1,1
201300003451,2013-03-21,2013,mars,jeudi,13:15,87,87122,0,0,1,2,3,1,1,3,-1,00,2,1,000,085,1,0,1,3,1,26,5,1,1,00,2,7,1,201300003451B02,7,15,1
201300003485,2013-07-09,2013,juillet,mardi,11:00,19,19229,45.15,1.446,1,1,2,1,1,3,2,02,1,1,000,068,1,0,1,3,1,55,5,1,2,00,0,4,1,201300003485A01,1,0,1
201300003485,2013-07-09,2013,juillet,mardi,11:00,19,19229,45.15,1.446,1,1,2,1,1,3,2,02,1,1,000,068,1,0,1,1,2,58,5,1,8,00,0,0,0,201300003485B02,1,1,1
201300003486,2013-08-26,2013,août,lundi,10:15,19,19123,0,0,2,1,3,1,1,3,2,00,1,1,000,093,1,0,1,3,1,59,5,1,2,00,2,8,13,201300003486B02,7,1,1
201300003490,2013-11-21,2013,novembre,jeudi,10:30,19,19229,45.128,1.417,2,1,1,1,1,3,2,02,1,3,000,080,2,5,1,4,1,31,1,1,2,00,2,4,1,201300003490B02,7,9,1
201300003491,2013-11-26,2013,novembre,mardi,10:15,19,19066,45.147,1.339,1,1,3,2,1,3,2,02,1,2,000,071,1,0,1,4,1,53,5,1,2,00,2,7,1,201300003491B02,30,15,1
201300003498,2013-03-10,2013,mars,dimanche,15:15,19,19274,45.197,1.506,2,1,6,1,1,4,2,00,2,1,000,033,1,0,1,3,1,15,5,1,1,06,0,1,15,201300003498A01,,,
201300003500,2013-03-22,2013,mars,vendredi,14:15,19,19246,0,0,1,1,3,1,1,3,2,02,1,3,000,070,1,0,1,3,1,64,5,1,2,00,2,3,1,201300003500B02,10,2,1
201300003523,2013-06-15,2013,juin,samedi,18:45,23,23093,46.194,2.241,2,1,3,1,1,4,2,02,1,2,000,063,1,0,1,3,2,76,3,1,8,00,2,3,1,201300003523B02,7,17,1
201300003569,2013-03-25,2013,mars,lundi,15:45,31,31553,0,0,1,1,1,1,1,3,2,00,1,1,000,070,1,0,1,3,1,63,5,1,2,00,2,3,10,201300003569A01,7,1,1
201300003583,2013-10-27,2013,octobre,dimanche,10:15,31,31297,43.66818,1.19126,2,1,3,1,1,3,2,00,2,1,000,060,1,0,1,4,1,42,5,1,2,00,2,8,1,201300003583A01,7,15,1
201300003599,2013-09-25,2013,septembre,mercredi,11:30,31,31182,43.68111,1.39565,2,3,3,1,1,4,-1,02,1,1,000,061,1,0,0,4,1,49,2,1,2,00,2,1,19,201300003599B02,7,1,1
201300003615,2013-12-12,2013,décembre,jeudi,14:45,31,31094,0,0,1,1,1,1,7,4,2,00,1,1,000,055,1,0,1,3,1,78,5,1,1,00,0,3,0,201300003615B02,7,15,1
201300003642,2013-01-01,2013,janvier,mardi,15:00,31,31416,43.32493,1.18966,1,1,3,1,8,3,2,02,1,1,000,078,2,5,1,3,1,55,5,1,2,00,2,1,1,201300003642B02,7,15,1
201300003662,2013-09-15,2013,septembre,dimanche,18:45,31,31424,43.57199,1.31226,2,1,6,1,1,3,2,02,1,1,000,050,1,0,3,3,1,53,3,1,1,07,0,1,1,201300003662A01,,,
201300003669,2013-05-22,2013,mai,mercredi,11:30,31,31556,0,0,1,1,4,1,2,3,2,02,2,1,000,055,2,0,1,3,2,73,5,1,2,00,2,4,1,201300003669C03,10/ 7,1,2
201300003672,2013-07-21,2013,juillet,dimanche,10:15,31,31585,43.1324,0.69149,2,1,1,1,7,3,2,02,1,1,000,039,1,0,1,3,1,39,5,1,1,00,0,0,23,201300003672A01,21,1,1
201300003687,2013-12-15,2013,décembre,dimanche,10:30,31,31471,0,0,2,1,1,1,1,2,2,02,1,4,000,045,1,2,1,3,1,56,5,1,2,00,2,8,15,201300003687B02,7,19,1
201300003717,2013-02-04,2013,février,lundi,13:15,31,31451,0,0,1,1,3,1,2,3,2,02,1,1,035,072,2,0,1,4,1,14,5,1,1,00,2,3,11,201300003717B02,10,2,1
201300003741,2013-12-15,2013,décembre,dimanche,12:45,09,09265,43.085,1.625,2,1,3,1,1,3,2,02,1,1,000,057,1,5,1,3,1,45,5,1,2,00,2,8,15,201300003741B02,7,17,1
201300003760,2013-12-14,2013,décembre,samedi,50:0,09,09261,42.99285,1.13728,2,1,2,4,3,3,2,00,-1,1,000,089,2,0,1,2,1,34,5,1,2,00,0,4,1,201300003760B02,10,2,1
201300003769,2013-09-03,2013,septembre,mardi,17:10,02,02168,0,0,2,2,3,1,1,4,2,02,1,3,000,050,1,0,1,3,1,11,5,1,9,00,2,1,1,201300003769B01,7,1,1
201300003772,2013-12-07,2013,décembre,samedi,10:08,02,02168,49.04019,3.4047,2,6,2,1,2,4,1,02,1,2,000,050,2,0,1,3,2,80,3,1,9,00,0,4,1,201300003772B01,7,9,1
201300003776,2013-08-18,2013,août,dimanche,18:00,12,12056,44.276,2.43,2,1,1,1,1,4,2,02,4,1,000,063,1,0,1,3,1,13,5,1,2,00,9,8,19,201300003776A01,1,1,1