Num_Acc,date,an,mois,jour,hrmn,dep,com,lat,long,agg,int,col,lum,atm,catr,circ,nbv,prof,plan,lartpc,larrout,surf,infra,situ,grav,sexe,age,trajet,secuexist,equipement,obs,obsm,choc,manv,vehiculeid,typevehicules,manoeuvehicules,numVehicules
201300003776,2013-08-18,2013,août,dimanche,18:00,12,12056,44.276,2.43,2,1,1,1,1,4,2,02,4,1,000,063,1,0,1,2,1,32,5,1,2,00,9,1,1,201300003776B02,1,19,1
201300003800,2013-09-01,2013,septembre,dimanche,19:00,12,12254,0,0,1,1,3,1,1,3,2,02,1,1,000,139,1,0,1,3,1,35,5,1,2,00,2,1,19,201300003800A01,7,1,1
201300003829,2013-07-19,2013,juillet,vendredi,13:45,12,12237,0,0,2,1,3,1,1,3,2,02,2,2,000,000,1,0,1,3,1,52,5,1,1,00,2,3,13,201300003829B02,7,13,1
201300003866,2013-01-23,2013,janvier,mercredi,16:30,32,32249,43.7437,0.87239,1,1,3,1,8,3,2,02,1,3,000,056,1,0,1,4,1,27,5,1,2,00,2,8,1,201300003866B02,7,17,1
201300003917,2013-07-30,2013,juillet,mardi,90:0,32,32264,43.9318,-0.11313,1,1,1,1,1,3,2,01,2,1,000,045,1,0,1,3,1,57,5,1,2,00,2,3,1,201300003917B02,7,17,1
201300003930,2013-08-22,2013,août,jeudi,11:00,32,32047,44.0175,0.53657,1,1,3,1,1,3,2,02,2,1,000,051,1,0,1,2,1,77,5,1,2,00,2,3,13,201300003930A01,10,1,1
201300003955,2013-10-11,2013,octobre,vendredi,16:15,32,32030,43.51,0.28345,1,4,1,1,1,3,2,02,3,2,000,060,1,0,1,3,1,55,5,1,2,00,2,1,17,201300003955A01,7,15,1
201300003957,2013-12-08,2013,décembre,dimanche,18:05,32,32273,43.4999,0.23378,1,1,1,3,1,3,2,01,1,1,060,000,1,0,1,2,1,46,5,1,4,00,2,1,1,201300003957B02,7,17,1
201300004005,2013-01-14,2013,janvier,lundi,14:00,46,46229,44.91202,1.79306,1,1,3,1,8,3,2,00,-1,1,000,060,1,0,1,3,1,70,5,1,2,00,2,1,1,201300004005B02,7,19,1
201300004017,2013-05-26,2013,mai,dimanche,17:45,46,46216,44.75855,1.35195,2,1,1,1,1,3,2,01,2,3,000,055,1,0,1,3,1,43,5,1,1,00,2,1,5,201300004017B02,7,5,1
201300004036,2013-08-17,2013,août,samedi,16:45,65,65002,43.15685,-0.01981,1,1,3,1,1,2,2,00,1,1,000,121,1,0,1,3,1,61,5,1,1,00,2,8,15,201300004036A01,7,1,1
201300004052,2013-10-30,2013,octobre,mercredi,10:30,65,65370,43.0822,0.13824,2,3,1,1,1,3,2,03,1,1,090,000,1,5,1,2,1,63,5,1,2,00,2,1,1,201300004052B01,7,15,1
201300004090,2013-06-28,2013,juin,vendredi,16:15,81,81039,43.756,1.906,2,1,1,1,1,9,1,01,2,2,048,000,1,0,1,3,1,13,5,1,9,00,2,2,5,201300004090B02,7,1,1
201300004125,2013-10-31,2013,octobre,jeudi,17:30,81,81029,43.959,1.993,1,1,1,1,1,3,2,02,4,2,000,000,1,0,1,3,1,65,5,1,1,00,2,1,1,201300004125B02,7,12,1
201300004138,2013-05-27,2013,mai,lundi,10:25,02,02408,49.57375,3.63549,2,1,3,1,1,4,2,02,1,1,000,035,1,0,1,4,1,61,5,1,9,00,2,8,11,201300004138B01,7,2,1
201300004141,2013-05-30,2013,mai,jeudi,16:25,02,02408,49.56871,3.64709,2,6,3,1,1,4,2,02,1,1,000,102,1,5,1,4,1,69,5,1,4,00,2,2,1,201300004141B01,7,9,1
201300004144,2013-06-14,2013,juin,vendredi,15:25,02,02408,0,0,1,6,3,1,1,3,2,02,1,1,070,140,1,0,1,4,1,44,5,1,9,00,2,5,1,201300004144B01,7,9,1
201300004150,2013-07-29,2013,juillet,lundi,91:5,02,02408,49.54656,3.61654,1,6,1,1,1,2,2,02,1,2,058,082,1,5,1,3,1,63,5,1,9,00,2,2,1,201300004150C01,7,9,1
201300004155,2013-10-10,2013,octobre,jeudi,20:44,02,02408,49.57002,3.63383,2,6,3,5,3,4,-1,00,2,2,000,000,2,0,1,3,1,16,0,1,9,00,2,0,5,201300004155A01,7,1,1
201300004170,2013-01-11,2013,janvier,vendredi,18:15,81,81002,43.4949,2.33933,1,1,1,3,1,3,2,02,1,1,000,056,2,0,1,3,1,53,9,1,4,00,2,1,13,201300004170B02,7,1,1
201300004177,2013-06-20,2013,juin,jeudi,17:15,81,81179,43.517,1.932,2,1,7,1,1,4,2,01,4,2,000,028,1,0,3,3,1,50,5,1,2,16,0,1,1,201300004177A01,,,
201300004188,2013-05-10,2013,mai,vendredi,14:30,82,82039,0,0,1,1,1,1,1,4,2,00,1,2,000,052,1,0,1,3,1,53,5,1,2,00,2,1,13,201300004188A01,7,1,1
201300004258,2013-08-25,2013,août,dimanche,15:00,82,82125,0,0,2,1,4,1,1,3,2,02,1,1,000,060,1,0,1,3,1,58,5,1,1,00,0,4,1,201300004258B02,10/ 7,1,2
201300004296,2013-03-25,2013,mars,lundi,18:15,69,69284,0,0,1,1,1,1,1,3,2,02,1,1,000,000,1,0,1,3,1,17,5,1,2,00,2,8,19,201300004296B02,7,1,1
201300004300,2013-05-10,2013,mai,vendredi,13:15,69,69278,0,0,2,3,1,1,1,4,2,00,2,1,000,060,1,0,1,4,1,13,5,1,2,00,2,1,19,201300004300B02,7,1,1
201300004322,2013-07-07,2013,juillet,dimanche,10:45,69,69287,0,0,2,1,6,1,1,4,2,02,1,1,000,000,1,0,1,1,1,56,5,1,2,00,1,1,21,201300004322A01,,,
201300004352,2013-09-05,2013,septembre,jeudi,10:00,69,69187,0,0,1,1,7,1,1,3,2,02,2,1,000,049,1,0,1,2,1,76,5,1,2,00,0,0,1,201300004352A01,,,
201300004366,2013-06-14,2013,juin,vendredi,83:0,69,69296,0,0,2,1,3,1,1,3,2,00,2,4,000,070,1,0,1,4,1,43,1,1,2,00,2,1,1,201300004366B02,7,15,1
201300004371,2013-12-28,2013,décembre,samedi,10:45,69,69228,0,0,1,1,1,1,1,3,2,00,1,1,000,066,1,0,1,3,1,64,5,1,2,00,2,8,1,201300004371B02,7,1,1
201300004397,2013-08-31,2013,août,samedi,16:00,69,69121,0,0,1,1,3,1,1,3,2,02,1,1,000,073,1,0,1,3,1,19,1,1,2,00,2,8,19,201300004397B02,33,1,1
201300004399,2013-03-20,2013,mars,mercredi,16:45,69,69108,0,0,1,1,2,1,1,3,2,02,1,1,060,135,1,0,1,3,1,30,5,1,2,00,2,4,2,201300004399B02,7,2,1
201300004402,2013-07-09,2013,juillet,mardi,16:00,69,69080,0,0,1,1,5,1,1,3,2,02,-1,2,000,053,1,0,3,3,1,29,0,1,2,00,2,8,24,201300004402C03,7,19,1
201300004402,2013-07-09,2013,juillet,mardi,16:00,69,69080,0,0,1,1,5,1,1,3,2,02,-1,2,000,053,1,0,3,3,1,50,5,1,2,00,2,0,24,201300004402D04,7,19,1
201300004402,2013-07-09,2013,juillet,mardi,16:00,69,69080,0,0,1,1,5,1,1,3,2,02,-1,2,000,053,1,0,3,3,1,67,5,1,2,00,2,3,24,201300004402B02,7,19,1
201300004409,2013-05-30,2013,mai,jeudi,19:30,69,69145,0,0,1,6,3,1,1,3,2,00,2,2,000,000,1,5,1,2,1,48,1,1,2,00,2,3,1,201300004409B02,7,1,1
201300004469,2013-04-18,2013,avril,jeudi,80:0,01,01175,0,0,2,1,5,1,7,4,4,00,2,1,000,034,1,0,1,3,1,11,2,1,2,00,2,1,1,201300004469A01,10,9,1
201300004469,2013-04-18,2013,avril,jeudi,80:0,01,01175,0,0,2,1,5,1,7,4,4,00,2,1,000,034,1,0,1,4,1,9,2,1,2,00,2,1,1,201300004469B02,10,9,1
201300004471,2013-04-21,2013,avril,dimanche,14:00,01,01236,0,0,1,1,3,1,1,3,2,02,2,1,000,062,1,0,1,2,1,28,5,1,2,00,2,1,1,201300004471B02,7,17,1
201300004501,2013-06-09,2013,juin,dimanche,18:00,01,01185,46.0098,5.59088,1,1,3,1,1,3,-1,02,1,3,000,071,1,0,1,3,1,63,5,1,2,00,2,1,1,201300004501B02,7,13,1
201300004571,2013-03-11,2013,mars,lundi,17:30,01,01290,45.8802,5.21781,1,1,2,1,1,3,2,02,1,1,000,067,1,0,3,2,1,64,5,1,2,01,0,1,1,201300004571A01,10,24,1
201300004580,2013-08-16,2013,août,vendredi,61:5,01,01054,45.877,5.16044,1,1,1,1,1,3,2,00,1,1,000,070,1,0,1,3,2,39,1,1,4,03,2,4,2,201300004580A01,7,0,1
201300004588,2013-07-07,2013,juillet,dimanche,14:30,01,01275,0,0,1,1,2,1,1,4,2,02,1,1,000,000,1,0,5,3,1,58,5,1,2,00,0,4,1,201300004588A01,34,2,1
201300004601,2013-03-01,2013,mars,vendredi,19:15,01,01333,45.9148,4.95539,1,1,2,3,1,3,2,02,1,1,000,057,1,0,1,3,1,43,9,1,4,00,2,4,2,201300004601B02,7,2,1
201300004617,2013-08-17,2013,août,samedi,13:00,07,07003,0,0,1,1,1,1,1,3,2,01,2,3,000,052,1,0,1,3,1,16,5,1,2,00,2,1,13,201300004617A01,7,1,1
201300004645,2013-08-07,2013,août,mercredi,14:45,07,07240,0,0,1,6,1,1,1,3,-1,00,1,2,000,000,1,5,1,4,1,53,5,1,2,00,0,4,2,201300004645B02,7,2,1
201300004646,2013-09-02,2013,septembre,lundi,17:30,07,07022,0,0,1,1,1,1,1,4,-1,02,1,1,000,000,9,0,1,3,1,68,5,1,1,00,2,8,15,201300004646B02,2,17,1
201300004649,2013-12-11,2013,décembre,mercredi,11:00,07,07027,0,0,1,6,1,1,1,3,1,01,1,2,000,065,1,5,1,3,1,77,5,1,2,00,2,3,15,201300004649B02,7,17,1
201300004653,2013-01-02,2013,janvier,mercredi,15:30,07,07182,0,0,1,1,3,1,1,3,2,00,1,1,000,000,1,0,1,4,2,14,5,1,1,00,2,8,19,201300004653A01,7,1,1
201300004660,2013-05-20,2013,mai,lundi,11:15,07,07207,0,0,1,1,3,1,1,3,2,02,1,4,000,060,1,0,1,3,1,50,5,1,2,00,2,1,1,201300004660B02,7,15,1
201300004703,2013-06-18,2013,juin,mardi,20:00,26,26313,44.9692,4.9576,2,1,1,1,1,4,2,02,2,3,000,000,-1,0,1,3,1,4,5,1,2,00,2,8,1,201300004703B02,7,1,1
201300004790,2013-07-04,2013,juillet,jeudi,74:0,02,02722,49.38788,3.33271,2,3,3,1,7,4,2,02,1,1,060,060,1,0,5,4,1,52,0,1,9,00,2,2,1,201300004790B01,10,9,1
201300004794,2013-09-21,2013,septembre,samedi,52:5,02,02243,0,0,2,3,3,5,1,4,-1,01,1,2,000,040,1,0,1,3,1,25,1,1,4,00,2,7,0,201300004794B01,10,19,1
201300004795,2013-09-10,2013,septembre,mardi,19:30,02,02722,49.37452,3.32679,2,1,2,2,1,4,2,03,2,1,010,100,1,0,1,3,1,50,0,1,9,00,0,4,2,201300004795B01,7,1,1
201300004796,2013-10-09,2013,octobre,mercredi,19:10,02,02722,49.38196,3.27994,2,6,3,5,1,4,3,02,1,1,000,040,1,0,1,4,2,48,5,1,2,00,2,3,1,201300004796B01,7,12,1
201300004800,2013-10-25,2013,octobre,vendredi,94:9,02,02722,49.38816,3.31715,2,2,3,1,1,4,2,02,1,-1,000,060,1,0,1,3,2,67,5,1,9,00,2,1,1,201300004800B01,7,1,1
201300004812,2013-10-14,2013,octobre,lundi,17:45,38,38422,0,0,2,1,1,1,1,3,2,02,2,4,000,080,1,0,1,4,1,31,5,1,2,00,2,1,1,201300004812B02,7,15,1
201300004823,2013-06-15,2013,juin,samedi,10:30,38,38027,0,0,2,1,7,1,1,5,2,01,2,1,040,000,1,0,1,3,2,55,5,1,2,00,0,0,1,201300004823A01,,,
201300004838,2013-09-04,2013,septembre,mercredi,15:00,38,38155,0,0,1,1,3,1,1,3,2,02,1,1,000,080,1,0,1,2,1,39,5,1,1,00,2,8,13,201300004838B02,21,17,1
201300004840,2013-10-08,2013,octobre,mardi,20:30,38,38412,0,0,1,1,2,1,8,3,2,02,1,1,000,062,1,0,1,3,1,13,3,1,2,16,0,4,2,201300004840B02,7,2,1
201300004847,2013-09-26,2013,septembre,jeudi,74:5,38,38474,45.211,5.673,2,2,3,1,1,9,2,02,1,1,000,095,1,5,5,2,2,42,1,1,1,00,2,7,1,201300004847B02,99,1,1
201300004850,2013-04-04,2013,avril,jeudi,16:45,38,38511,0,0,1,1,3,1,1,3,2,02,2,2,010,055,1,5,1,3,1,61,5,1,1,00,2,1,1,201300004850B02,7,19,1
201300004855,2013-11-02,2013,novembre,samedi,18:45,38,38181,0,0,1,1,2,3,2,3,2,02,1,1,000,000,2,0,1,4,1,50,5,1,4,00,0,4,1,201300004855B02,7,1,1
201300004874,2013-04-17,2013,avril,mercredi,80:0,38,38565,0,0,1,6,3,1,1,3,2,00,1,1,000,098,1,5,1,3,1,52,1,1,2,00,2,1,1,201300004874B02,7,9,1
201300004883,2013-08-31,2013,août,samedi,15:00,38,38226,44.818,5.751,2,1,6,1,1,3,2,02,2,1,000,062,9,0,3,2,2,63,5,1,2,14,0,0,1,201300004883A01,,,
201300004886,2013-06-06,2013,juin,jeudi,83:0,38,38529,45.076,5.911,2,6,3,1,1,3,2,02,1,2,000,000,1,0,1,3,1,70,5,1,2,00,2,7,1,201300004886B02,7,9,1
201300004892,2013-10-16,2013,octobre,mercredi,16:30,38,38279,0,0,2,1,1,1,1,4,2,00,2,1,000,000,1,0,1,3,1,12,5,1,2,00,2,1,1,201300004892A01,7,15,1
201300004895,2013-12-17,2013,décembre,mardi,14:15,38,38071,45.084,5.728,2,1,3,1,1,3,2,01,1,1,000,074,1,5,1,3,1,79,5,1,2,00,2,8,1,201300004895B02,7,15,1
201300004920,2013-07-04,2013,juillet,jeudi,17:45,38,38517,45.303,5.485,2,1,1,1,1,4,1,00,1,1,000,050,1,0,1,3,1,69,5,1,2,00,2,1,1,201300004920B02,7,1,1
201300004930,2013-05-26,2013,mai,dimanche,90:0,38,38455,0,0,1,1,1,1,1,3,2,02,1,1,000,066,1,0,1,3,1,55,5,1,2,00,2,8,1,201300004930B02,7,17,1
201300004948,2013-08-23,2013,août,vendredi,15:00,38,38063,0,0,1,1,3,1,1,3,2,02,1,1,000,000,1,0,1,3,1,23,5,1,1,00,0,0,0,201300004948B02,7,1,1
201300004970,2013-08-11,2013,août,dimanche,83:0,38,38315,0,0,2,1,3,1,1,3,2,02,1,1,000,000,1,5,1,3,2,78,5,1,1,00,0,8,19,201300004970B02,7,15,1
201300004975,2013-12-30,2013,décembre,lundi,19:00,38,38315,45.5362,5.64992,2,1,1,5,1,2,2,00,1,1,000,000,1,0,1,2,1,72,3,1,9,00,2,1,2,201300004975B02,7,2,1
201300004991,2013-04-11,2013,avril,jeudi,16:45,44,44035,0,0,2,1,6,1,3,3,2,00,1,1,000,055,2,6,1,1,1,53,1,1,2,00,1,1,1,201300004991A01,,,
201300004994,2013-08-31,2013,août,samedi,18:00,44,44035,47.285,-1.55,2,9,3,1,1,4,2,01,1,1,000,000,1,0,1,3,1,19,5,1,2,00,2,1,1,201300004994B02,7,1,1
201300004997,2013-12-25,2013,décembre,mercredi,11:15,44,44035,0,0,2,6,3,1,2,3,-1,00,-1,3,000,000,2,5,1,3,1,67,2,1,2,00,2,1,1,201300004997A01,7,1,1
201300005034,2013-10-19,2013,octobre,samedi,14:00,38,38085,0,0,1,1,1,3,1,4,2,02,1,1,000,059,1,0,1,3,1,28,1,1,2,00,2,1,0,201300005034B02,10,1,1
201300005062,2013-04-17,2013,avril,mercredi,16:15,42,42208,45.5442,4.46084,1,1,3,1,1,3,2,02,1,3,000,058,1,0,1,3,2,37,5,1,2,00,2,1,1,201300005062B02,10,15,1
201300005083,2013-05-17,2013,mai,vendredi,14:45,42,42022,45.51795,4.22424,2,1,1,1,3,3,2,00,1,1,000,000,2,0,1,4,1,75,5,1,4,00,0,0,1,201300005083B02,7,1,1
201300005092,2013-09-13,2013,septembre,vendredi,15:30,42,42304,45.53226,4.15428,1,1,5,1,1,3,2,02,1,3,000,070,1,0,1,4,1,56,5,1,2,00,0,4,2,201300005092B02,7,2,1
201300005092,2013-09-13,2013,septembre,vendredi,15:30,42,42304,45.53226,4.15428,1,1,5,1,1,3,2,02,1,3,000,070,1,0,1,1,1,51,5,1,2,00,2,4,2,201300005092C03,7,2,1
201300005093,2013-10-17,2013,octobre,jeudi,13:45,42,42304,45.55699,4.18433,2,1,2,1,1,3,2,02,-1,1,000,060,1,0,1,3,1,64,5,1,2,00,0,4,1,201300005093B02,10,1,1
201300005112,2013-07-18,2013,juillet,jeudi,14:30,42,42155,45.80608,4.15613,2,1,1,1,1,3,2,00,2,1,000,000,1,0,1,3,1,72,5,1,9,00,2,1,1,201300005112B02,7,1,1
201300005123,2013-06-11,2013,juin,mardi,14:15,42,42222,45.58622,4.3114,2,1,3,1,1,3,3,00,1,1,010,075,1,0,1,2,1,64,5,1,2,00,2,8,2,201300005123B02,14,2,1
201300005125,2013-09-05,2013,septembre,jeudi,91:5,42,42206,45.53607,4.31964,1,1,3,1,1,3,2,02,1,1,000,060,1,0,1,3,2,62,5,1,2,00,2,1,1,201300005125B02,7,19,1
201300005132,2013-12-17,2013,décembre,mardi,15:30,42,42081,45.60158,4.28307,1,1,2,1,1,3,2,02,1,1,000,052,1,4,1,3,1,80,5,1,2,00,2,1,1,201300005132B02,14,20,1
201300005146,2013-09-30,2013,septembre,lundi,15:30,42,42332,45.99572,4.03393,2,6,7,1,1,4,-1,01,1,-1,000,020,1,5,1,3,2,60,9,1,1,00,0,0,1,201300005146A01,,,
201300005163,2013-07-02,2013,juillet,mardi,16:45,42,42152,46.08704,4.16981,1,1,1,1,1,4,2,00,3,1,000,025,2,0,1,3,1,16,5,1,1,00,2,1,1,201300005163B02,7,1,1
201300005184,2013-11-23,2013,novembre,samedi,17:30,73,73030,45.57318,5.97649,2,1,3,3,1,3,2,02,1,1,000,070,1,6,1,4,1,10,5,1,2,00,2,1,1,201300005184B02,32,1,1
201300005192,2013-07-15,2013,juillet,lundi,13:00,73,73118,45.50237,6.03498,1,1,2,1,1,3,2,02,1,1,000,083,1,0,5,3,1,65,5,1,2,01,0,1,1,201300005192A01,15,24,1
201300005209,2013-07-19,2013,juillet,vendredi,91:5,73,73032,45.62806,6.44678,2,1,1,1,1,4,2,02,1,1,000,058,1,0,1,3,1,26,5,1,2,00,2,1,1,201300005209B02,7,15,1
201300005247,2013-07-23,2013,juillet,mardi,11:45,73,73040,0,0,2,1,1,1,1,4,2,00,2,1,000,074,1,0,1,2,2,5,5,1,2,00,2,8,23,201300005247B02,10,4,1
201300005255,2013-04-02,2013,avril,mardi,14:30,74,74108,0,0,1,1,7,1,1,9,-1,02,-1,1,000,000,1,0,5,3,1,66,5,1,2,00,9,0,17,201300005255A01,,,
201300005259,2013-07-05,2013,juillet,vendredi,15:30,74,74267,0,0,2,1,1,1,1,3,-1,00,1,1,100,055,1,0,1,3,2,53,2,1,2,00,2,8,2,201300005259B02,10,17,1
201300005263,2013-08-10,2013,août,samedi,81:5,74,74242,0,0,2,2,1,1,1,4,-1,00,1,-1,000,000,1,0,1,3,1,63,0,1,2,00,0,1,16,201300005263B02,7,1,1
201300005281,2013-05-17,2013,mai,vendredi,11:00,74,74042,46.078,6.417,1,1,2,1,8,3,2,02,1,1,000,068,1,0,1,3,1,51,5,1,2,00,2,4,1,201300005281B02,14,2,1
201300005291,2013-06-30,2013,juin,dimanche,15:00,74,74056,0,0,1,1,7,1,1,3,2,02,2,2,000,000,1,0,1,3,1,28,5,1,2,00,0,1,1,201300005291A01,,,
201300005292,2013-07-07,2013,juillet,dimanche,22:45,74,74056,0,0,1,1,3,3,1,4,2,01,1,1,000,000,1,0,1,3,1,54,5,1,1,00,2,1,10,201300005292B02,7,13,1
201300005310,2013-05-02,2013,mai,jeudi,14:30,74,74256,0,0,2,6,1,1,1,3,1,01,1,2,000,058,1,5,1,3,1,53,0,1,2,00,2,4,9,201300005310B02,3,9,1
201300005312,2013-06-22,2013,juin,samedi,94:5,74,74256,0,0,2,9,3,1,1,4,2,02,1,1,000,090,1,0,1,3,1,43,5,1,2,00,2,1,1,201300005312B02,7,15,1
201300005352,2013-12-08,2013,décembre,dimanche,16:30,74,74269,0,0,1,1,1,1,9,3,2,02,-1,2,000,100,7,0,5,2,1,59,5,1,2,00,2,8,1,201300005352B02,7,10,1
201300005390,2013-09-28,2013,septembre,samedi,17:15,63,63368,45.708,3.312,1,1,3,1,1,3,2,02,2,3,000,100,1,5,1,3,1,51,5,1,2,00,2,1,1,201300005390B02,7,15,1
201300005409,2013-06-10,2013,juin,lundi,17:00,63,63284,0,0,2,1,1,1,1,4,-1,00,-1,1,000,060,1,0,1,3,2,14,0,1,2,00,2,8,19,201300005409B02,7,0,1
201300005436,2013-06-10,2013,juin,lundi,16:15,63,63003,45.553,3.743,2,1,3,1,1,3,2,00,1,1,000,075,1,0,1,4,1,46,5,1,2,00,2,1,1,201300005436B02,7,15,1
201300005437,2013-06-21,2013,juin,vendredi,11:45,63,63003,0,0,2,1,1,1,1,4,2,02,1,1,055,055,1,0,1,4,1,10,0,1,2,00,2,1,9,201300005437B02,7,1,1
201300005462,2013-07-26,2013,juillet,vendredi,14:30,63,63279,0,0,1,1,7,1,1,3,2,00,2,-1,000,000,1,0,0,4,1,66,5,1,2,00,0,1,0,201300005462A01,,,
201300005464,2013-08-21,2013,août,mercredi,10:15,63,63287,45.529,3.293,1,1,3,1,1,3,2,02,-1,2,000,055,-1,0,3,3,1,75,5,1,2,00,2,8,1,201300005464B02,15,21,1
201300005469,2013-10-18,2013,octobre,vendredi,20:15,63,63352,0,0,2,1,3,5,1,3,2,02,1,1,000,062,1,0,1,3,1,55,1,1,4,00,2,1,1,201300005469B02,7,15,1
201300005471,2013-07-31,2013,juillet,mercredi,83:0,63,63470,0,0,1,1,6,1,1,3,2,02,1,1,000,070,1,0,1,3,1,52,5,1,2,00,2,1,10,201300005471A01,7,1,1
201300005501,2013-01-26,2013,janvier,samedi,14:45,63,63195,0,0,1,1,6,1,1,3,2,02,1,1,000,045,1,0,1,3,1,65,5,1,2,00,6,0,1,201300005501A01,,,
201300005502,2013-02-05,2013,février,mardi,10:00,63,63125,0,0,1,1,2,1,1,3,2,00,-1,1,000,051,1,0,1,4,1,51,3,1,2,00,2,4,13,201300005502B02,7,1,1
201300005507,2013-11-09,2013,novembre,samedi,10:00,63,63195,0,0,1,1,5,1,1,3,2,02,1,1,000,070,1,0,1,4,1,52,5,1,2,00,0,4,2,201300005507B02,10,2,1
201300005507,2013-11-09,2013,novembre,samedi,10:00,63,63195,0,0,1,1,5,1,1,3,2,02,1,1,000,070,1,0,1,3,1,47,5,1,2,00,0,4,2,201300005507C03,10,2,1
201300005523,2013-08-14,2013,août,mercredi,19:45,03,03198,46.747,2.967,1,1,2,2,1,3,2,01,2,1,000,065,1,2,1,3,1,53,5,1,2,00,0,4,2,201300005523B02,7,2,1
201300005528,2013-07-05,2013,juillet,vendredi,12:30,03,03265,46.453,3.745,1,1,2,1,1,3,2,00,-1,-1,000,060,1,0,0,3,2,50,5,1,2,00,0,4,2,201300005528B02,36,2,1
201300005529,2013-09-29,2013,septembre,dimanche,74:5,03,03102,46.525,3.682,2,1,3,2,8,3,2,00,3,3,000,000,2,0,1,3,2,46,4,1,4,00,2,3,1,201300005529B02,7,15,1
201300005534,2013-05-02,2013,mai,jeudi,16:45,03,03197,46.466,3.419,2,1,1,1,1,4,2,00,1,1,000,030,1,0,1,4,2,11,2,1,9,00,2,3,13,201300005534B02,7,17,1
201300005566,2013-07-25,2013,juillet,jeudi,18:45,03,03193,0,0,2,1,1,1,7,4,2,02,1,1,000,030,1,0,1,3,1,13,5,1,2,00,2,1,1,201300005566A01,10,1,1
201300005568,2013-09-06,2013,septembre,vendredi,11:45,03,03221,0,0,1,1,1,1,1,3,2,02,-1,1,000,053,1,0,1,3,1,61,5,1,2,01,0,1,1,201300005568A01,7,24,1
201300005629,2013-08-14,2013,août,mercredi,11:30,15,15026,45.023,2.819,1,1,6,1,6,3,2,02,2,3,000,036,1,0,3,2,1,58,5,1,2,06,0,2,1,201300005629A01,,,
201300005630,2013-08-29,2013,août,jeudi,14:30,15,15026,45.018,2.818,1,1,3,1,1,3,-1,00,2,1,000,039,1,0,1,1,1,55,5,1,2,00,2,0,1,201300005630B02,1,1,1
201300005630,2013-08-29,2013,août,jeudi,14:30,15,15026,45.018,2.818,1,1,3,1,1,3,-1,00,2,1,000,039,1,0,1,3,1,13,5,1,2,00,2,0,1,201300005630A01,1,1,1
201300005643,2013-06-06,2013,juin,jeudi,14:15,43,43140,45.0702,3.90305,1,1,3,1,1,3,2,02,1,1,000,080,1,0,1,3,1,68,5,1,2,00,2,8,1,201300005643B02,7,1,1
201300005662,2013-08-11,2013,août,dimanche,18:45,43,43216,45.1348,3.81104,2,3,3,1,1,3,2,02,1,2,000,070,1,0,1,3,2,9,5,1,8,00,2,7,19,201300005662B02,7,15,1
201300005671,2013-07-07,2013,juillet,dimanche,84:5,43,43112,45.0975,3.49494,2,6,3,1,1,3,2,02,1,1,000,090,1,5,1,3,1,74,5,1,1,00,2,1,1,201300005671B02,7,9,1
201300005695,2013-07-09,2013,juillet,mardi,16:15,43,43211,0,0,2,3,3,1,1,4,2,02,1,1,000,080,1,0,1,3,1,8,5,1,2,00,2,7,15,201300005695A02,7,1,1
201300005696,2013-09-07,2013,septembre,samedi,91:5,43,43012,0,0,2,6,1,1,8,4,2,02,1,3,000,070,1,5,1,3,1,42,5,1,2,00,2,4,1,201300005696B02,7,9,1
201300005717,2013-08-20,2013,août,mardi,71:5,03,03185,0,0,2,6,3,1,1,4,1,02,1,2,000,054,1,0,1,3,1,52,1,1,9,00,0,3,2,201300005717B01,7,2,1
201300005732,2013-07-24,2013,juillet,mercredi,14:45,03,03190,0,0,2,3,3,1,1,4,2,02,1,1,000,050,1,0,1,4,2,18,1,1,2,00,2,1,1,201300005732A01,7,15,1
201300005756,2013-03-04,2013,mars,lundi,12:15,57,57433,49.20591,6.1611,2,1,1,1,1,3,2,00,1,1,000,108,1,0,1,4,1,40,1,1,4,00,2,1,1,201300005756B02,7,15,1
201300005788,2013-08-03,2013,août,samedi,17:15,57,57018,0,0,1,1,1,1,1,3,2,00,1,1,000,000,1,0,1,3,1,62,0,1,2,00,0,4,15,201300005788B02,7,1,1
201300005814,2013-10-09,2013,octobre,mercredi,21:45,57,57560,0,0,1,1,2,3,1,3,2,02,1,3,000,065,1,0,1,3,1,31,5,1,4,00,0,4,1,201300005814B02,7,1,1
201300005815,2013-07-24,2013,juillet,mercredi,16:30,57,57544,0,0,1,1,5,1,1,3,2,00,2,1,000,062,1,0,1,3,1,64,5,1,2,00,2,8,1,201300005815C03,7,17,1
201300005815,2013-07-24,2013,juillet,mercredi,16:30,57,57544,0,0,1,1,5,1,1,3,2,00,2,1,000,062,1,0,1,4,1,66,5,1,2,00,2,8,1,201300005815B02,7,17,1
201300005824,2013-06-19,2013,juin,mercredi,17:30,57,57244,0,0,1,1,7,1,1,3,2,02,2,1,000,059,1,0,1,3,1,61,5,1,1,05,0,1,1,201300005824A01,,,
201300005840,2013-01-13,2013,janvier,dimanche,18:15,57,57117,0,0,1,1,1,3,2,3,2,02,1,1,000,062,2,0,1,3,1,18,5,1,4,00,2,1,1,201300005840B02,7,17,1
201300005844,2013-04-16,2013,avril,mardi,15:45,57,57067,0,0,2,1,2,1,1,3,2,00,3,1,000,070,1,2,1,3,1,60,0,1,2,00,0,4,0,201300005844B02,7,0,1