Num_Acc,date,an,mois,jour,hrmn,dep,com,lat,long,agg,int,col,lum,atm,catr,circ,nbv,prof,plan,lartpc,larrout,surf,infra,situ,grav,sexe,age,trajet,secuexist,equipement,obs,obsm,choc,manv,vehiculeid,typevehicules,manoeuvehicules,numVehicules
201300007858,2013-08-15,2013,août,jeudi,94:5,06,06073,0,0,1,1,5,1,1,3,2,02,-1,4,070,000,1,0,1,3,1,41,5,1,2,00,2,1,1,201300007858C03,33,13,1
201300007858,2013-08-15,2013,août,jeudi,94:5,06,06073,0,0,1,1,5,1,1,3,2,02,-1,4,070,000,1,0,1,3,1,54,5,1,2,00,2,1,1,201300007858B02,33,13,1
201300007884,2013-06-26,2013,juin,mercredi,18:30,83,83080,0,0,1,1,7,1,1,3,2,01,2,2,000,058,-1,0,1,2,1,63,5,1,2,00,0,7,1,201300007884A01,,,
201300007891,2013-08-26,2013,août,lundi,84:5,83,83072,0,0,1,1,7,1,1,3,2,01,2,1,000,000,1,0,3,2,1,69,5,1,2,13,0,1,1,201300007891A01,,,
201300007912,2013-04-21,2013,avril,dimanche,15:00,83,83023,0,0,1,1,5,1,1,3,2,01,1,2,000,000,1,0,1,4,1,28,5,1,2,14,9,1,2,201300007912E05,7,1,1
201300007912,2013-04-21,2013,avril,dimanche,15:00,83,83023,0,0,1,1,5,1,1,3,2,01,1,2,000,000,1,0,1,4,1,22,5,1,2,00,9,1,1,201300007912D04,7,1,1
201300007912,2013-04-21,2013,avril,dimanche,15:00,83,83023,0,0,1,1,5,1,1,3,2,01,1,2,000,000,1,0,1,4,1,21,9,1,2,00,2,1,13,201300007912B02,7,1,1
201300007912,2013-04-21,2013,avril,dimanche,15:00,83,83023,0,0,1,1,5,1,1,3,2,01,1,2,000,000,1,0,1,4,1,21,5,1,2,00,2,1,13,201300007912C03,7,1,1
201300007912,2013-04-21,2013,avril,dimanche,15:00,83,83023,0,0,1,1,5,1,1,3,2,01,1,2,000,000,1,0,1,4,1,21,5,1,2,14,9,1,1,201300007912F06,7,1,1
201300007930,2013-04-15,2013,avril,lundi,17:15,83,83045,0,0,2,3,3,1,1,3,2,02,1,1,000,060,1,0,1,3,1,13,5,1,2,00,2,1,15,201300007930B02,7,1,1
201300007944,2013-07-10,2013,juillet,mercredi,11:30,83,83064,0,0,2,6,3,1,1,3,1,01,1,-1,000,035,1,0,1,3,2,62,5,1,2,00,2,7,14,201300007944B02,7,1,1
201300007967,2013-01-07,2013,janvier,lundi,63:0,83,83099,0,0,1,1,2,3,8,2,3,04,1,1,005,140,1,0,1,3,1,78,5,1,4,00,2,6,2,201300007967A01,14,2,1
201300008010,2013-10-07,2013,octobre,lundi,12:00,83,83079,0,0,1,1,1,1,1,3,2,00,1,1,000,000,-1,0,0,3,1,67,0,1,2,01,0,1,0,201300008010A01,14,23,1
201300008073,2013-08-03,2013,août,samedi,21:5,83,83071,0,0,1,1,2,5,1,3,2,02,1,3,000,007,1,0,1,3,1,18,5,1,2,00,2,1,13,201300008073B02,33,17,1
201300008073,2013-08-03,2013,août,samedi,21:5,83,83071,0,0,1,1,2,5,1,3,2,02,1,3,000,007,1,0,1,3,1,17,0,1,2,00,2,1,13,201300008073B02,33,17,1
201300008075,2013-09-01,2013,septembre,dimanche,91:5,83,83071,0,0,1,1,1,1,1,3,2,02,3,4,000,040,1,0,1,3,1,54,5,1,2,00,2,0,13,201300008075B02,7,1,1
201300008095,2013-06-01,2013,juin,samedi,17:30,84,84054,0,0,1,2,3,1,1,3,-1,00,1,1,000,064,1,5,1,3,1,14,5,1,1,00,0,7,0,201300008095B02,7,1,1
201300008096,2013-06-07,2013,juin,vendredi,12:30,84,84054,43.933,5.057,2,6,6,1,1,4,2,02,1,-1,000,000,1,5,0,4,1,60,5,1,2,00,2,5,16,201300008096B02,99,0,1
201300008097,2013-06-07,2013,juin,vendredi,11:45,84,84124,0,0,1,1,7,1,1,3,2,00,2,3,000,025,1,0,1,3,1,60,5,1,2,00,0,1,1,201300008097A01,,,
201300008106,2013-12-26,2013,décembre,jeudi,91:5,84,84054,43.931,5.064,1,6,1,1,8,3,2,00,-1,-1,000,000,-1,0,1,4,1,69,5,1,2,00,2,0,0,201300008106B02,7,2,1
201300008111,2013-03-26,2013,mars,mardi,11:00,84,84092,0,0,1,1,2,1,1,4,3,01,1,1,001,107,1,0,5,4,1,65,5,1,1,00,2,4,1,201300008111B02,7,1,1
201300008113,2013-05-13,2013,mai,lundi,64:5,84,84092,0,0,2,1,2,1,7,4,2,02,1,2,000,000,1,2,1,2,1,83,5,1,4,00,0,4,0,201300008113B02,7,1,1
201300008150,2013-08-02,2013,août,vendredi,15:00,84,84017,44.182,5.253,1,1,1,1,1,3,2,02,-1,3,000,057,1,0,1,2,1,56,5,1,2,00,2,1,21,201300008150B02,33,21,1
201300008151,2013-08-05,2013,août,lundi,15:15,84,84005,0,0,1,1,1,1,1,3,2,01,2,3,000,068,1,0,1,3,1,62,5,1,2,00,2,1,1,201300008151B02,7,1,1
201300008159,2013-06-10,2013,juin,lundi,14:00,84,84088,44.016,5.042,1,1,2,1,1,3,2,02,1,1,000,000,1,5,1,2,1,74,5,1,2,00,0,4,15,201300008159C03,17,17,1
201300008172,2013-09-17,2013,septembre,mardi,11:00,84,84004,44.092,5.033,1,1,1,1,1,3,2,00,2,1,000,000,1,0,1,3,1,72,5,1,2,00,0,0,2,201300008172A01,1,2,1
201300008172,2013-09-17,2013,septembre,mardi,11:00,84,84004,44.092,5.033,1,1,1,1,1,3,2,00,2,1,000,000,1,0,1,3,1,70,0,1,2,00,0,0,2,201300008172B02,1,2,1
201300008174,2013-11-01,2013,novembre,vendredi,16:45,84,84059,44.15,5.05,1,1,7,1,1,3,2,02,2,1,000,064,1,0,1,3,1,31,5,1,2,00,0,1,1,201300008174A01,,,
201300008183,2013-06-27,2013,juin,jeudi,19:15,84,84019,0,0,2,6,1,1,1,3,4,03,1,1,000,000,1,0,1,3,1,49,0,1,2,00,0,7,1,201300008183B02,7,9,1
201300008223,2013-11-08,2013,novembre,vendredi,16:00,34,34022,43.084,4.017,1,1,2,1,1,3,2,02,1,1,000,060,1,0,1,3,1,71,5,1,2,00,2,4,2,201300008223B02,7,2,1
201300008231,2013-02-16,2013,février,samedi,11:45,34,34344,43.57401,4.0892,1,1,2,1,6,3,3,02,1,1,000,070,1,0,1,3,1,77,5,1,2,00,0,4,13,201300008231B02,7,1,1
201300008239,2013-02-13,2013,février,mercredi,84:5,34,34145,43.69288,4.16303,1,1,1,1,1,4,2,02,1,1,000,050,1,0,1,4,2,16,1,1,2,00,2,1,1,201300008239B02,7,1,1
201300008256,2013-11-12,2013,novembre,mardi,15:45,34,34146,0,0,2,1,6,1,7,2,2,00,1,1,000,000,1,5,1,3,1,86,5,1,1,00,2,6,19,201300008256B02,99,0,1
201300008306,2013-03-12,2013,mars,mardi,16:30,34,34184,43.519,3.37,1,1,5,1,1,3,2,00,1,1,000,000,1,0,1,3,2,51,0,1,2,00,2,8,1,201300008306C03,14,19,1
201300008306,2013-03-12,2013,mars,mardi,16:30,34,34184,43.519,3.37,1,1,5,1,1,3,2,00,1,1,000,000,1,0,1,3,2,54,0,1,2,00,2,8,1,201300008306B02,14,19,1
201300008335,2013-04-12,2013,avril,vendredi,17:15,34,34016,43.62008,3.6198,1,1,1,1,1,3,2,00,2,3,050,000,1,0,1,3,1,43,1,1,2,00,2,8,1,201300008335A01,38,13,1
201300008343,2013-04-06,2013,avril,samedi,21:00,34,34332,43.31326,3.38993,1,9,1,3,3,3,2,03,1,1,109,000,2,0,1,2,1,39,5,1,4,00,2,2,15,201300008343B02,7,1,1
201300008349,2013-09-05,2013,septembre,jeudi,19:30,34,34031,0,0,1,1,3,1,1,3,2,02,2,1,000,000,1,0,1,4,1,17,0,1,1,00,2,0,0,201300008349B02,7,1,1
201300008350,2013-09-20,2013,septembre,vendredi,23:00,34,34150,0,0,2,6,1,5,1,4,2,02,1,-1,000,053,1,5,1,4,1,65,5,1,1,00,2,8,1,201300008350B02,7,16,1
201300008417,2013-08-27,2013,août,mardi,23:00,11,11289,0,0,2,1,7,3,1,4,2,02,2,1,000,048,1,0,1,3,1,20,5,1,2,00,0,0,15,201300008417A01,,,
201300008430,2013-02-28,2013,février,jeudi,15:00,11,11106,0,0,1,1,1,1,1,3,3,02,1,1,000,000,1,0,1,2,1,91,5,1,2,00,2,6,13,201300008430B02,7,21,1
201300008434,2013-04-26,2013,avril,vendredi,80:0,11,11145,0,0,1,1,3,1,2,3,2,02,2,1,000,090,2,0,1,3,1,44,5,1,2,00,2,0,1,201300008434A01,7,1,1
201300008436,2013-07-06,2013,juillet,samedi,10:30,11,11262,43.167,3.05,1,9,2,1,1,3,2,00,1,3,000,070,1,0,1,3,2,76,5,1,2,00,0,3,0,201300008436B02,33,1,1
201300008446,2013-10-09,2013,octobre,mercredi,10:30,11,11441,0,0,1,1,2,1,1,3,2,02,1,1,000,000,1,0,1,3,1,63,5,1,1,00,0,6,17,201300008446B02,7,17,1
201300008477,2013-06-23,2013,juin,dimanche,13:30,30,30133,43.53899,4.1443,1,1,2,1,1,3,3,00,1,1,010,200,1,0,1,3,1,69,3,1,2,00,0,4,13,201300008477B02,7,2,1
201300008478,2013-07-02,2013,juillet,mardi,90:0,30,30133,43.53576,4.13525,2,1,7,1,1,4,2,02,1,1,000,060,1,0,1,3,2,57,5,1,1,01,0,0,21,201300008478A01,,,
201300008484,2013-12-10,2013,décembre,mardi,14:00,30,30003,43.56976,4.1702,1,1,1,1,1,3,3,02,-1,1,090,120,1,0,2,3,1,83,5,1,2,01,0,1,1,201300008484B02,14,24,1
201300008504,2013-09-08,2013,septembre,dimanche,14:30,30,30211,43.8325,4.4961,2,1,1,1,1,3,2,02,1,1,000,045,1,0,1,3,1,12,5,1,4,00,2,1,19,201300008504B02,7,1,1
201300008517,2013-05-26,2013,mai,dimanche,13:00,30,30344,43.73448,4.21987,2,1,3,1,1,3,2,02,1,1,000,057,1,0,1,3,1,28,5,1,1,00,2,1,5,201300008517B02,7,1,1
201300008548,2013-06-24,2013,juin,lundi,15:45,30,30269,44.12536,3.90158,1,1,1,1,1,3,2,02,2,4,000,065,1,0,1,2,1,60,5,1,2,00,0,3,1,201300008548B02,7,1,1
201300008549,2013-07-26,2013,juillet,vendredi,11:00,30,30269,44.09495,3.9147,1,8,7,1,1,3,2,01,2,4,000,038,1,4,1,2,1,79,5,1,2,00,0,1,1,201300008549A01,,,
201300008563,2013-08-09,2013,août,vendredi,15:00,30,30318,44.13997,4.18397,1,1,3,2,1,3,2,02,-1,1,000,000,1,5,1,3,1,73,5,1,1,00,2,8,19,201300008563A01,10,1,1
201300008564,2013-09-13,2013,septembre,vendredi,16:45,30,30305,44.14802,4.16296,1,1,1,1,1,3,2,00,2,1,000,066,1,0,1,2,2,45,5,1,2,00,2,4,2,201300008564B02,7,2,1
201300008610,2013-06-04,2013,juin,mardi,12:45,30,30041,43.95629,4.38226,1,1,7,1,1,3,2,00,1,1,000,055,1,0,3,3,1,64,5,1,2,13,0,0,14,201300008610A01,,,
201300008632,2013-08-21,2013,août,mercredi,94:5,30,30202,44.27939,4.62058,1,1,1,1,1,3,2,02,1,1,000,000,1,0,1,3,1,74,5,1,2,00,0,4,15,201300008632B02,7,1,1
201300008647,2013-07-17,2013,juillet,mercredi,94:5,30,30107,43.95226,4.64221,1,1,1,1,1,3,2,02,1,1,000,060,1,0,1,3,1,67,5,1,2,00,2,4,1,201300008647B02,7,1,1
201300008666,2013-11-07,2013,novembre,jeudi,15:15,30,30178,44.06475,4.75642,2,4,6,1,1,3,2,02,1,1,000,040,1,0,1,3,1,50,5,1,1,00,2,5,1,201300008666B02,99,0,1
201300008676,2013-04-10,2013,avril,mercredi,14:30,30,30350,43.99083,3.60767,2,1,3,1,1,3,2,00,1,1,020,061,1,0,1,3,1,80,5,1,2,00,2,8,11,201300008676B02,7,17,1
201300008747,2013-08-18,2013,août,dimanche,90:0,66,66011,0,0,1,1,2,1,1,3,2,00,1,1,000,050,1,0,1,2,2,67,5,1,2,00,2,4,1,201300008747B02,7,1,1
201300008753,2013-05-26,2013,mai,dimanche,10:15,66,66190,0,0,2,1,3,1,1,3,2,00,-1,1,000,050,1,0,1,3,1,36,5,1,2,00,2,8,1,201300008753B02,1,1,1
201300008753,2013-05-26,2013,mai,dimanche,10:15,66,66190,0,0,2,1,3,1,1,3,2,00,-1,1,000,050,1,0,1,3,1,66,5,1,2,00,2,7,1,201300008753A01,1,1,1
201300008761,2013-10-15,2013,octobre,mardi,15:45,66,66127,42.86995,2.87181,2,3,1,1,1,3,2,00,3,2,000,000,1,0,1,4,1,50,5,1,2,00,2,0,1,201300008761A01,7,15,1
201300008774,2013-08-06,2013,août,mardi,13:45,66,66212,0,0,2,1,6,1,1,3,2,00,-1,1,070,070,1,2,1,3,1,53,5,1,9,00,2,8,0,201300008774B02,99,0,1
201300008806,2013-10-19,2013,octobre,samedi,16:30,66,66016,42.47922,3.13013,2,1,6,1,1,4,2,00,2,1,000,000,1,0,1,3,1,17,5,1,1,06,0,1,0,201300008806A01,,,
201300008852,2013-08-17,2013,août,samedi,19:30,2A,2A041,41.40278,9.16063,1,3,1,2,7,2,2,02,2,1,000,000,1,0,1,3,1,53,5,1,2,00,0,1,1,201300008852B02,7,15,1
201300008854,2013-03-10,2013,mars,dimanche,93:0,2A,2A269,0,0,2,1,3,1,1,2,2,02,1,1,000,064,1,0,1,3,1,44,5,1,2,01,0,1,17,201300008854A01,7,15,1
201300008863,2013-07-01,2013,juillet,lundi,10:00,2A,2A247,0,0,2,6,3,1,1,2,2,00,1,1,000,080,1,5,1,3,1,53,5,1,2,00,2,2,19,201300008863B02,7,19,1
201300008912,2013-11-26,2013,novembre,mardi,10:00,2B,2B043,42.798,9.491,1,1,3,1,1,3,2,02,-1,3,000,062,1,0,1,3,1,62,5,1,2,00,2,8,2,201300008912B02,14,2,1
201300008966,2013-05-07,2013,mai,mardi,84:5,2B,2B307,0,0,1,1,3,1,1,2,2,02,1,1,000,060,1,0,1,3,1,82,5,1,1,00,0,8,15,201300008966B02,7,17,1
201300008977,2013-04-17,2013,avril,mercredi,10:23,05,05023,44.9033,6.63039,2,3,3,1,1,2,2,02,2,2,000,084,1,0,1,4,2,48,5,1,9,00,,7,1,201300008977B01,7,9,1
201300009014,2013-09-06,2013,septembre,vendredi,65:0,05,05061,44.53803,6.05171,2,1,2,1,1,3,2,02,1,1,000,000,1,0,1,4,1,36,1,1,2,00,,4,1,201300009014B01,7,15,1
201300009025,2013-06-07,2013,juin,vendredi,15:00,78,78503,0,0,2,1,3,1,1,3,3,02,-1,1,014,064,1,0,1,3,1,72,5,1,2,00,2,8,2,201300009025B02,38,6,1
201300009077,2013-09-11,2013,septembre,mercredi,70:0,78,78575,0,0,2,1,7,2,1,6,-1,00,1,3,000,000,1,5,1,3,1,44,1,1,1,00,0,0,16,201300009077A01,,,
201300009107,2013-11-24,2013,novembre,dimanche,10:00,91,91179,48.568,2.49,2,1,2,1,7,2,2,02,1,1,000,000,1,0,1,3,1,73,5,1,2,00,2,4,2,201300009107A01,7,2,1
201300009108,2013-03-15,2013,mars,vendredi,11:45,91,91405,0,0,1,1,2,1,1,3,2,02,1,1,000,160,1,0,1,3,2,47,5,1,2,00,2,4,14,201300009108B02,7,1,1
201300009116,2013-11-10,2013,novembre,dimanche,17:30,91,91405,0,0,2,3,1,5,1,4,2,02,1,1,,,1,,1,4,2,34,5,1,9,00,2,8,18,201300009116B02,7,16,1
201300009123,2013-11-21,2013,novembre,jeudi,15:30,91,91130,48.437,2.071,2,1,2,2,8,3,2,02,1,1,000,025,1,0,1,4,2,66,1,1,9,00,2,4,2,201300009123B02,10,1,1
201300009153,2013-10-20,2013,octobre,dimanche,91:5,91,91376,0,0,2,6,3,1,2,3,1,01,1,2,000,075,2,0,1,4,1,46,5,1,2,00,2,1,1,201300009153B02,7,9,1
201300009178,2013-05-27,2013,mai,lundi,64:5,91,91534,48.743,2.186,1,1,3,1,1,4,2,02,2,1,000,062,1,0,1,3,1,41,1,1,2,00,2,8,15,201300009178B02,7,1,1
201300009182,2013-04-17,2013,avril,mercredi,10:15,91,91538,48.717,2.145,1,6,1,1,1,3,2,02,1,2,000,000,1,0,1,3,1,62,5,1,2,00,2,5,1,201300009182B02,7,9,1
201300009193,2013-09-05,2013,septembre,jeudi,16:15,91,91272,0,0,2,6,3,1,7,4,2,02,1,1,000,060,1,6,1,4,1,12,5,1,9,00,2,7,1,201300009193B02,7,1,1
201300009195,2013-10-10,2013,octobre,jeudi,81:5,91,91272,0,0,2,1,3,1,1,4,2,02,1,1,000,050,2,0,1,4,1,14,2,1,4,00,2,7,19,201300009195B02,7,1,1
201300009218,2013-10-08,2013,octobre,mardi,12:00,95,95395,49.0519,2.4091,1,1,1,1,1,4,2,01,1,3,,,1,0,1,3,1,65,5,1,9,00,2,1,1,201300009218B02,7,1,1
201300009226,2013-01-23,2013,janvier,mercredi,17:15,77,77266,48.445,2.855,1,1,1,2,8,3,2,02,1,1,000,050,2,0,1,2,1,52,5,1,2,00,2,4,2,201300009226B02,10,2,1
201300009253,2013-07-27,2013,juillet,samedi,15:15,77,77247,48.75612,3.34368,2,1,3,1,1,4,2,02,1,1,000,049,1,0,1,3,1,12,5,1,9,00,2,1,0,201300009253A01,7,1,1
201300009261,2013-09-13,2013,septembre,vendredi,17:15,77,77183,48.94563,3.13368,2,1,1,1,1,4,1,01,2,3,000,046,2,0,1,3,1,11,2,1,9,00,2,1,5,201300009261A01,7,1,1
201300009286,2013-06-01,2013,juin,samedi,10:30,77,77011,0,0,1,1,6,1,1,3,2,02,1,1,000,070,1,0,1,3,2,44,5,1,2,00,2,1,2,201300009286A01,,,
201300009332,2013-08-23,2013,août,vendredi,13:30,77,77383,48.54892,3.0642,2,4,3,1,1,4,2,02,2,1,000,040,9,0,3,3,1,13,5,1,2,00,2,1,19,201300009332A01,20,21,1
201300009335,2013-09-03,2013,septembre,mardi,17:30,45,45008,48.08079,1.87738,2,1,1,1,1,4,2,02,1,1,000,060,1,0,1,3,1,8,5,1,9,00,2,2,5,201300009335B02,7,21,1
201300009379,2013-11-09,2013,novembre,samedi,94:5,45,45155,47.69501,2.60865,2,2,3,1,7,4,2,02,1,1,000,135,1,0,1,3,1,66,5,1,2,00,2,7,21,201300009379B02,7,15,1
201300009396,2013-07-02,2013,juillet,mardi,16:15,45,45031,47.99367,2.45415,1,4,1,1,1,3,2,02,1,1,000,065,1,0,1,3,1,12,5,1,2,00,2,1,15,201300009396B02,7,1,1
201300009421,2013-08-23,2013,août,vendredi,15:15,45,45343,48.03881,2.63656,1,2,3,1,1,3,2,02,1,1,000,065,1,5,1,2,1,75,5,1,9,00,2,8,1,201300009421B02,7,1,1
201300009436,2013-10-08,2013,octobre,mardi,73:0,45,45233,48.20309,2.42702,1,1,3,2,1,3,2,02,1,1,000,050,1,0,1,3,1,44,1,1,9,00,0,8,1,201300009436B02,14,2,1
201300009437,2013-06-08,2013,juin,samedi,90:0,45,45310,48.30901,2.23217,2,1,1,1,1,4,2,02,1,1,000,040,1,0,1,3,1,78,5,1,2,00,2,1,1,201300009437B02,7,15,1
201300009465,2013-10-06,2013,octobre,dimanche,20:00,28,28006,0,0,1,6,2,5,1,3,2,02,1,1,000,080,1,5,1,3,1,27,5,1,4,00,2,4,1,201300009465B02,7,1,1
201300009490,2013-10-02,2013,octobre,mercredi,12:15,28,28023,0,0,2,2,3,1,1,3,-1,02,1,1,000,060,1,0,1,3,1,13,2,1,2,00,2,4,1,201300009490A01,7,1,1
201300009504,2013-08-18,2013,août,dimanche,10:15,28,28392,0,0,1,1,3,1,1,3,2,02,2,1,000,055,1,0,1,3,1,65,5,1,4,00,2,8,1,201300009504B02,7,17,1
201300009542,2013-09-09,2013,septembre,lundi,22:00,28,28098,0,0,1,1,3,3,8,2,1,00,2,2,002,152,1,0,1,3,1,27,0,1,4,00,2,7,14,201300009542A01,17,1,1
201300009548,2013-12-31,2013,décembre,mardi,93:0,28,28098,48.731,1.443,1,2,3,1,2,3,2,02,1,1,000,076,2,0,1,3,1,50,3,1,4,00,2,2,1,201300009548B02,7,1,1
201300009576,2013-08-13,2013,août,mardi,13:15,36,36177,46.5052,1.36182,1,1,7,1,1,4,2,02,2,3,000,045,1,0,3,3,2,24,5,1,2,13,0,9,1,201300009576A01,,,
201300009576,2013-08-13,2013,août,mardi,13:15,36,36177,46.5052,1.36182,1,1,7,1,1,4,2,02,2,3,000,045,1,0,3,1,1,2,0,1,2,13,0,9,1,201300009576A01,,,
201300009588,2013-05-03,2013,mai,vendredi,22:00,36,36031,46.8885,1.40896,2,4,1,5,1,3,2,02,2,1,000,070,1,5,1,4,1,25,1,1,4,00,2,1,1,201300009588B02,7,15,1
201300009589,2013-07-08,2013,juillet,lundi,16:15,36,36232,46.8094,1.3653,1,1,7,1,1,4,2,02,1,1,000,029,1,0,1,3,1,15,5,1,8,00,0,1,1,201300009589A01,,,
201300009597,2013-02-03,2013,février,dimanche,17:30,36,36093,46.9939,1.60129,1,1,2,1,1,3,2,02,1,1,000,000,1,0,1,2,2,64,5,1,2,00,2,4,1,201300009597B02,7,1,1
201300009609,2013-09-01,2013,septembre,dimanche,10:00,36,36107,0,0,1,1,3,1,1,3,2,02,2,1,000,055,1,0,1,3,1,59,5,1,2,00,2,6,1,201300009609B02,7,17,1
201300009668,2013-01-30,2013,janvier,mercredi,17:30,37,37002,0,0,1,1,2,2,7,3,2,00,1,1,054,088,2,0,1,2,1,83,5,1,2,00,0,4,1,201300009668B02,7,1,1
201300009676,2013-12-30,2013,décembre,lundi,15:30,37,37002,0,0,1,1,1,1,8,4,2,01,1,1,000,000,1,0,1,3,1,71,5,1,2,01,0,1,2,201300009676B02,7,22,1
201300009722,2013-09-05,2013,septembre,jeudi,15:30,37,37118,0,0,1,6,7,1,1,3,2,02,2,3,000,073,9,0,1,2,1,69,5,1,2,00,0,9,16,201300009722A01,,,
201300009732,2013-04-10,2013,avril,mercredi,20:45,37,37040,0,0,1,1,3,2,3,3,2,01,1,1,000,063,2,0,1,2,1,68,5,1,4,00,2,8,2,201300009732A01,7,2,1
201300009752,2013-09-13,2013,septembre,vendredi,16:00,37,37132,47.142,1.002,2,1,2,1,1,9,2,01,-1,1,000,000,1,0,1,3,1,84,5,1,2,00,2,4,1,201300009752B02,7,1,1
201300009786,2013-02-06,2013,février,mercredi,74:5,41,41106,47.5914,2.02361,2,1,3,2,7,3,2,02,1,1,024,078,2,6,1,3,1,12,2,1,4,00,2,7,19,201300009786B02,7,1,1
201300009798,2013-01-23,2013,janvier,mercredi,15:45,41,41143,47.9826,0.90701,2,1,3,1,1,3,2,02,1,1,000,061,1,0,1,4,2,78,3,1,4,00,2,7,1,201300009798B02,7,15,1
201300009827,2013-06-27,2013,juin,jeudi,83:0,29,29281,48.02304,-3.82837,2,1,1,1,1,4,2,00,1,1,000,042,1,0,1,3,1,49,5,1,2,00,2,2,1,201300009827B02,7,15,1
201300009829,2013-08-14,2013,août,mercredi,19:45,29,29274,48.00598,-3.75003,1,4,1,2,7,4,2,02,3,1,000,029,1,0,1,3,1,19,5,1,2,00,2,1,15,201300009829A01,7,1,1
201300009836,2013-12-10,2013,décembre,mardi,15:30,13,13033,0,0,1,1,3,1,1,3,2,02,-1,1,000,000,1,0,1,3,1,80,9,1,2,00,0,7,9,201300009836B02,7,2,1
201300009844,2013-08-13,2013,août,mardi,18:30,95,95116,49.1568,2.3243,2,1,3,1,1,4,2,02,1,1,,,1,0,1,3,1,10,5,1,9,00,2,6,1,201300009844B02,7,1,1
201300009895,2013-03-29,2013,mars,vendredi,90:5,06,06004,0,0,2,1,3,1,1,4,2,02,1,1,034,062,1,0,1,3,1,54,5,1,2,00,2,1,1,201300009895B01,7,15,1
201300009912,2013-04-18,2013,avril,jeudi,11:00,06,06004,0,0,2,1,3,1,1,2,2,02,1,1,000,074,1,0,1,3,1,65,5,1,2,00,0,0,2,201300009912B01,7,2,1
201300009928,2013-05-19,2013,mai,dimanche,10:50,06,06004,0,0,2,1,2,1,1,2,2,02,1,1,000,060,1,0,1,3,1,58,0,1,2,00,2,1,2,201300009928A01,7,2,1
201300009948,2013-06-21,2013,juin,vendredi,82:5,06,06004,0,0,2,2,2,1,1,3,2,02,2,1,000,106,1,5,1,4,1,29,0,1,2,00,2,7,17,201300009948A01,7,15,1
201300009952,2013-06-22,2013,juin,samedi,82:5,06,06004,0,0,1,1,5,1,1,3,2,02,1,1,000,063,1,0,5,3,1,65,0,1,2,00,2,0,2,201300009952B01,10,2,1
201300009952,2013-06-22,2013,juin,samedi,82:5,06,06004,0,0,1,1,5,1,1,3,2,02,1,1,000,063,1,0,5,3,1,54,0,1,2,00,2,0,2,201300009952C01,10,2,1
201300009956,2013-06-26,2013,juin,mercredi,17:26,06,06004,0,0,2,3,6,1,1,4,2,02,1,1,000,030,1,0,0,3,2,57,0,1,9,00,2,2,2,201300009956A01,7,1,1
201300009970,2013-07-06,2013,juillet,samedi,90:5,06,06004,0,0,2,1,3,1,1,4,2,02,1,1,000,000,1,0,1,3,1,45,5,1,2,01,0,0,2,201300009970B01,10,24,1
201300009972,2013-07-09,2013,juillet,mardi,64:5,06,06004,0,0,2,3,7,1,1,4,2,02,1,-1,000,078,1,0,1,4,1,58,5,1,2,00,0,0,1,201300009972A01,7,15,1
201300009984,2013-07-18,2013,juillet,jeudi,90:5,06,06004,0,0,2,3,3,1,2,4,2,02,2,1,000,000,-1,0,1,3,1,68,0,1,2,00,2,1,2,201300009984A01,7,15,1
201300009997,2013-08-07,2013,août,mercredi,22:40,06,06155,0,0,2,3,3,3,1,4,3,02,2,4,092,071,1,0,1,3,1,24,5,1,9,00,2,1,1,201300009997B01,34,15,1
201300010001,2013-08-12,2013,août,lundi,14:20,06,06155,0,0,2,1,6,1,1,4,2,02,1,1,000,000,1,0,1,1,1,41,5,1,9,00,1,1,1,201300010001A01,,,
201300010001,2013-08-12,2013,août,lundi,14:20,06,06155,0,0,2,1,6,1,1,4,2,02,1,1,000,000,1,0,1,4,1,77,5,1,8,00,1,1,1,201300010001A01,,,
201300010006,2013-08-20,2013,août,mardi,10:50,06,06004,0,0,2,9,3,1,1,4,2,02,1,1,000,072,1,0,1,3,1,63,0,1,2,00,2,1,1,201300010006B01,7,9,1
201300010017,2013-08-31,2013,août,samedi,15:15,06,06004,0,0,2,1,6,1,1,3,3,02,1,1,000,000,1,0,5,4,1,44,0,1,2,01,0,0,2,201300010017B01,7,22,1
201300010045,2013-09-30,2013,septembre,lundi,14:00,06,06004,0,0,2,1,3,1,1,4,1,01,2,-1,000,070,1,0,1,3,2,22,0,1,9,00,2,2,0,201300010045B01,32,1,1
201300010056,2013-10-13,2013,octobre,dimanche,13:50,06,06004,0,0,2,2,3,1,1,3,2,02,2,1,030,030,1,0,1,4,1,18,5,1,9,00,0,8,1,201300010056B01,7,15,1
201300010093,2013-12-29,2013,décembre,dimanche,11:45,06,06004,0,0,2,1,6,1,1,4,-1,01,-1,-1,000,000,-1,0,0,3,1,54,0,1,9,00,1,0,0,201300010093Z01,,,
201300010128,2013-03-22,2013,mars,vendredi,14:15,06,06123,0,0,2,1,3,1,1,4,2,02,-1,1,000,000,1,0,1,3,1,69,5,1,2,00,2,0,17,201300010128A01,7,1,1
201300010153,2013-06-14,2013,juin,vendredi,13:05,06,06027,0,0,2,1,1,1,1,4,2,02,1,1,000,000,1,0,5,4,1,78,5,1,2,00,2,1,1,201300010153A01,1,1,1
201300010153,2013-06-14,2013,juin,vendredi,13:05,06,06027,0,0,2,1,1,1,1,4,2,02,1,1,000,000,1,0,5,4,2,34,5,1,2,00,2,1,1,201300010153B01,1,1,1