Num_Acc,date,an,mois,jour,hrmn,dep,com,lat,long,agg,int,col,lum,atm,catr,circ,nbv,prof,plan,lartpc,larrout,surf,infra,situ,grav,sexe,age,trajet,secuexist,equipement,obs,obsm,choc,manv,vehiculeid,typevehicules,manoeuvehicules,numVehicules
201300010154,2013-06-16,2013,juin,dimanche,84:0,06,06027,0,0,2,1,2,1,1,4,2,04,1,1,000,000,1,0,1,4,1,47,5,1,2,00,2,1,2,201300010154A01,7,23,1
201300010168,2013-07-13,2013,juillet,samedi,12:20,06,06027,0,0,2,3,3,1,1,4,3,04,1,1,000,000,1,0,0,4,2,52,5,1,2,00,2,7,15,201300010168A01,7,1,1
201300010182,2013-07-31,2013,juillet,mercredi,83:0,06,06123,0,0,2,1,2,1,1,4,2,02,1,1,000,000,1,0,4,4,1,14,5,1,2,00,2,0,1,201300010182B01,14,9,1
201300010189,2013-08-09,2013,août,vendredi,80:0,06,06123,0,0,2,1,3,1,1,4,2,02,-1,1,000,000,1,0,1,4,2,55,5,1,2,00,2,7,1,201300010189B01,7,9,1
201300010224,2013-10-01,2013,octobre,mardi,13:10,06,06123,0,0,2,3,3,1,1,4,2,02,-1,1,000,000,1,0,1,4,1,39,5,1,2,00,2,1,17,201300010224A01,7,15,1
201300010241,2013-11-07,2013,novembre,jeudi,70:0,06,06027,0,0,2,1,1,1,1,4,3,04,1,1,000,000,1,0,5,4,1,37,5,1,9,00,2,3,1,201300010241B01,2,9,1
201300010252,2013-12-03,2013,décembre,mardi,84:5,06,06123,0,0,2,3,3,1,1,4,1,01,-1,1,000,000,1,0,1,4,1,60,5,1,2,00,2,4,16,201300010252B01,7,16,1
201300010259,2013-12-12,2013,décembre,jeudi,11:23,06,06123,0,0,2,1,6,1,1,4,2,02,-1,1,000,000,1,0,5,4,1,68,5,1,2,00,1,1,1,201300010259A01,,,
201300010259,2013-12-12,2013,décembre,jeudi,11:23,06,06123,0,0,2,1,6,1,1,4,2,02,-1,1,000,000,1,0,5,1,1,63,5,1,9,00,1,1,1,201300010259A01,,,
201300010271,2013-01-07,2013,janvier,lundi,91:8,06,06029,0,0,2,1,3,1,1,4,1,01,1,1,000,070,-1,0,1,4,1,32,0,1,2,00,2,1,0,201300010271B01,7,0,1
201300010277,2013-01-25,2013,janvier,vendredi,11:30,06,06029,0,0,2,1,3,1,1,4,2,02,1,1,000,080,1,0,1,4,1,62,0,1,2,00,2,1,1,201300010277B01,7,10,1
201300010287,2013-03-03,2013,mars,dimanche,17:20,06,06029,0,0,2,1,7,4,1,4,3,04,1,1,010,100,1,0,1,4,1,53,0,1,9,00,2,1,1,201300010287A01,,,
201300010301,2013-04-13,2013,avril,samedi,16:10,06,06029,0,0,2,3,6,1,1,4,2,02,1,1,000,070,-1,0,1,4,1,15,0,1,9,00,2,1,0,201300010301B01,7,0,1
201300010310,2013-05-04,2013,mai,samedi,55:0,06,06029,0,0,2,1,3,2,1,4,4,02,1,-1,040,070,1,0,1,3,1,60,5,1,9,00,2,1,1,201300010310B01,7,9,1
201300010336,2013-06-24,2013,juin,lundi,16:55,06,06029,0,0,2,1,6,1,1,4,2,04,1,1,000,110,1,0,1,3,1,31,5,1,9,00,2,0,1,201300010336B01,7,0,1
201300010346,2013-07-13,2013,juillet,samedi,14:30,06,06029,0,0,2,1,6,1,1,4,2,02,1,1,000,060,1,0,1,4,1,27,0,1,9,00,2,0,1,201300010346B01,7,4,1
201300010365,2013-08-28,2013,août,mercredi,18:30,06,06029,0,0,2,1,6,1,1,4,2,04,1,3,010,110,8,0,1,4,1,33,5,1,4,00,2,4,1,201300010365B01,33,1,1
201300010365,2013-08-28,2013,août,mercredi,18:30,06,06029,0,0,2,1,6,1,1,4,2,04,1,3,010,110,8,0,1,3,1,11,5,1,4,00,2,4,1,201300010365C01,33,1,1
201300010379,2013-09-26,2013,septembre,jeudi,13:00,06,06029,0,0,2,1,3,1,1,4,3,04,1,1,000,130,1,0,1,4,1,15,0,1,4,00,2,1,3,201300010379B01,7,0,1
201300010381,2013-10-01,2013,octobre,mardi,10:04,06,06029,0,0,2,1,3,1,1,4,2,02,1,1,000,080,1,0,1,3,2,70,0,1,2,00,2,8,1,201300010381B01,7,1,1
201300010395,2013-11-10,2013,novembre,dimanche,15:55,06,06030,0,0,2,1,3,1,1,4,1,02,1,1,000,080,-1,0,1,4,1,35,0,1,9,00,2,1,1,201300010395B01,7,0,1
201300010415,2013-01-16,2013,janvier,mercredi,15:20,06,06069,0,0,2,6,3,1,1,3,1,02,1,1,000,000,-1,5,1,4,1,12,0,1,9,00,2,1,9,201300010415A01,7,1,1
201300010432,2013-02-12,2013,février,mardi,15:50,06,06069,0,0,2,1,3,1,1,4,1,02,2,-1,000,000,1,5,1,4,1,82,5,1,2,00,2,0,0,201300010432B01,7,0,1
201300010463,2013-04-14,2013,avril,dimanche,10:55,06,06069,0,0,2,1,3,1,1,4,2,02,2,1,000,000,1,0,1,4,1,72,5,1,2,00,2,3,1,201300010463B01,7,9,1
201300010571,2013-09-20,2013,septembre,vendredi,18:55,06,06069,0,0,2,1,2,1,1,3,2,02,1,1,000,000,1,0,1,4,1,16,0,1,9,00,2,1,2,201300010571A01,7,2,1
201300010578,2013-09-25,2013,septembre,mercredi,10:55,06,06069,0,0,2,1,7,1,1,3,2,02,1,1,000,000,1,0,1,4,1,46,0,1,9,00,0,0,0,201300010578A01,,,
201300010582,2013-09-26,2013,septembre,jeudi,17:05,06,06069,0,0,2,1,7,1,1,4,2,02,1,-1,000,000,-1,0,0,4,1,18,0,1,9,00,0,0,0,201300010582A01,,,
201300010584,2013-10-01,2013,octobre,mardi,11:25,06,06069,0,0,2,1,1,1,1,3,2,02,2,1,000,000,1,0,1,4,1,47,0,1,9,00,2,1,1,201300010584B01,7,15,1
201300010629,2013-12-07,2013,décembre,samedi,13:00,06,06069,0,0,2,1,3,1,1,3,2,02,1,4,000,000,1,0,1,4,1,42,0,1,9,00,2,7,17,201300010629B01,7,0,1
201300010644,2013-01-09,2013,janvier,mercredi,18:50,06,06083,0,0,2,3,3,5,1,4,2,02,1,1,000,020,1,0,1,4,1,31,5,1,9,00,0,7,17,201300010644B01,7,15,1
201300010671,2013-05-24,2013,mai,vendredi,10:55,06,06083,0,0,2,3,6,1,1,4,2,02,1,1,000,090,1,0,1,1,1,71,5,1,9,00,1,1,1,201300010671A01,,,
201300010689,2013-08-18,2013,août,dimanche,95:5,06,06104,0,0,2,1,3,1,1,4,2,02,4,1,000,550,1,0,1,4,1,48,5,1,2,00,2,1,1,201300010689B01,7,15,1
201300010739,2013-01-20,2013,janvier,dimanche,17:00,06,06088,0,0,2,1,6,2,3,4,1,04,1,1,000,112,2,0,1,4,1,13,5,1,9,00,2,7,19,201300010739A01,7,1,1
201300010784,2013-02-08,2013,février,vendredi,17:00,06,06088,0,0,2,1,3,2,1,4,2,03,1,1,000,000,1,0,1,4,1,44,9,1,9,00,2,8,1,201300010784A01,33,1,1
201300010867,2013-03-21,2013,mars,jeudi,11:10,06,06088,0,0,2,1,3,1,1,4,1,04,1,1,000,000,1,0,1,4,1,48,5,1,9,00,2,1,0,201300010867A01,7,15,1
201300010876,2013-03-27,2013,mars,mercredi,11:30,06,06088,0,0,2,1,3,1,1,4,1,02,1,1,000,000,1,0,1,4,1,17,0,1,9,00,2,3,13,201300010876A01,10,0,1
201300010890,2013-04-03,2013,avril,mercredi,18:00,06,06088,0,0,2,7,6,1,1,4,1,02,1,1,000,000,1,0,1,4,1,43,0,1,9,00,1,1,1,201300010890A01,,,
201300010914,2013-04-14,2013,avril,dimanche,17:00,06,06088,0,0,2,2,3,1,1,4,1,01,2,1,000,000,1,0,1,4,1,71,5,1,2,00,2,0,1,201300010914A01,7,0,1
201300010979,2013-05-21,2013,mai,mardi,18:45,06,06088,0,0,2,1,6,1,1,4,-1,01,1,3,000,000,1,0,0,4,1,45,1,1,9,00,2,1,1,201300010979B01,7,1,1
201300011001,2013-05-31,2013,mai,vendredi,20:05,06,06088,0,0,2,1,6,1,1,4,-1,00,-1,-1,000,000,-1,0,0,4,1,11,5,1,9,00,2,0,1,201300011001B01,7,1,1
201300011036,2013-06-17,2013,juin,lundi,14:55,06,06088,0,0,2,1,6,1,1,4,2,03,1,1,000,000,1,0,1,4,1,74,5,1,9,14,0,2,1,201300011036B01,7,22,1
201300011054,2013-06-24,2013,juin,lundi,90:0,06,06088,0,0,2,1,2,1,1,4,2,02,1,1,000,000,1,0,1,4,1,63,5,1,9,00,2,4,15,201300011054B01,7,1,1
201300011055,2013-06-24,2013,juin,lundi,11:15,06,06088,0,0,2,2,7,1,1,4,1,02,1,1,000,000,1,0,1,3,1,48,0,1,2,00,2,0,1,201300011055B01,2,1,1
201300011084,2013-07-05,2013,juillet,vendredi,12:45,06,06088,0,0,2,1,3,1,1,4,-1,01,1,1,000,000,1,0,1,4,1,56,5,1,9,00,2,8,19,201300011084A01,7,1,1
201300011093,2013-07-10,2013,juillet,mercredi,10:15,06,06088,0,0,2,1,6,1,1,4,3,04,1,1,000,000,1,0,1,4,1,75,5,1,9,00,2,1,1,201300011093B01,7,22,1
201300011097,2013-07-11,2013,juillet,jeudi,91:5,06,06088,0,0,2,1,6,1,1,4,2,02,2,1,000,060,1,0,1,4,2,55,5,1,9,00,2,0,1,201300011097A01,7,0,1
201300011100,2013-07-11,2013,juillet,jeudi,16:30,06,06088,0,0,2,1,2,1,1,4,1,01,1,1,000,000,1,2,5,2,1,88,5,1,9,00,2,4,1,201300011100B01,7,14,1
201300011116,2013-07-17,2013,juillet,mercredi,95:8,06,06088,0,0,2,1,6,1,1,4,1,03,1,1,020,072,1,0,1,3,1,57,5,1,2,00,2,0,1,201300011116B01,7,1,1
201300011118,2013-07-17,2013,juillet,mercredi,17:20,06,06088,0,0,2,1,6,1,1,4,2,02,1,1,000,000,1,0,1,4,1,14,5,1,9,00,2,0,0,201300011118B01,7,1,1
201300011129,2013-07-22,2013,juillet,lundi,16:10,06,06088,0,0,2,1,3,1,1,4,1,01,1,3,000,000,1,3,1,4,1,41,1,1,9,00,2,8,0,201300011129B01,7,1,1
201300011157,2013-08-03,2013,août,samedi,18:30,06,06088,0,0,2,1,3,1,1,4,2,02,1,1,000,000,1,0,1,4,1,67,5,1,9,00,2,0,7,201300011157B01,37,0,1
201300011225,2013-09-19,2013,septembre,jeudi,17:40,06,06159,0,0,2,1,3,1,1,4,2,02,1,1,000,000,1,0,1,4,2,55,5,1,9,00,2,8,1,201300011225B01,10,16,1
201300011240,2013-09-26,2013,septembre,jeudi,19:00,06,06088,0,0,2,2,3,1,1,4,2,02,1,1,000,120,1,0,1,4,1,31,5,1,9,00,2,1,1,201300011240B01,10,1,1
201300011243,2013-09-30,2013,septembre,lundi,95:4,06,06088,0,0,2,1,2,1,1,4,1,01,1,2,000,000,1,0,1,4,1,65,5,1,9,00,2,7,1,201300011243B01,7,1,1
201300011262,2013-10-09,2013,octobre,mercredi,94:0,06,06088,0,0,2,1,2,1,1,4,1,03,1,1,000,000,1,0,1,4,1,69,5,1,9,00,2,4,1,201300011262B01,7,9,1
201300011321,2013-11-02,2013,novembre,samedi,84:5,06,06088,0,0,2,1,6,1,1,4,2,02,2,1,000,000,1,0,1,2,1,61,5,1,2,00,0,0,0,201300011321A01,,,
201300011322,2013-11-02,2013,novembre,samedi,21:00,06,06088,0,0,2,1,1,5,1,4,1,02,1,1,000,000,1,0,1,4,1,69,5,1,9,00,2,1,5,201300011322A01,7,1,1
201300011330,2013-11-06,2013,novembre,mercredi,95:5,06,06088,0,0,2,3,3,1,1,4,1,03,1,1,000,000,1,0,1,3,1,46,5,1,2,00,2,0,16,201300011330B01,14,1,1
201300011370,2013-11-24,2013,novembre,dimanche,13:00,06,06088,0,0,2,1,6,1,1,4,1,01,1,1,000,000,1,0,1,1,2,54,0,1,2,00,1,1,0,201300011370A01,,,
201300011370,2013-11-24,2013,novembre,dimanche,13:00,06,06088,0,0,2,1,6,1,1,4,1,01,1,1,000,000,1,0,1,3,2,83,5,1,9,00,1,1,0,201300011370A01,,,
201300011433,2013-12-18,2013,décembre,mercredi,12:30,06,06088,0,0,2,1,6,1,1,4,2,02,1,1,000,000,1,0,4,1,1,23,5,1,9,00,1,1,1,201300011433A01,,,
201300011460,2013-10-12,2013,octobre,samedi,15:30,58,58231,0,0,1,1,1,1,2,3,2,00,2,1,000,050,2,0,1,4,1,47,5,1,2,00,9,1,2,201300011460B02,1,1,1
201300011460,2013-10-12,2013,octobre,samedi,15:30,58,58231,0,0,1,1,1,1,2,3,2,00,2,1,000,050,2,0,1,3,1,65,5,1,2,00,5,1,1,201300011460A01,1,2,1
201300011463,2013-08-31,2013,août,samedi,22:45,21,21473,47.271,5.063,1,1,2,3,1,3,2,00,-1,1,000,070,1,2,1,3,1,17,5,1,4,00,2,4,1,201300011463B02,7,1,1
201300011491,2013-05-09,2013,mai,jeudi,17:55,07,07281,0,0,2,6,3,1,2,4,1,01,1,2,000,080,2,5,1,3,2,70,5,1,2,00,2,1,1,201300011491B01,7,9,1
201300011508,2013-02-20,2013,février,mercredi,90:0,07,07186,0,0,2,1,2,1,1,5,2,01,2,2,090,073,2,5,1,3,1,44,5,1,4,00,0,4,2,201300011508B01,10,2,1
201300011509,2013-04-10,2013,avril,mercredi,10:00,07,07340,0,0,1,3,3,1,1,3,2,02,4,2,024,069,1,0,1,3,1,32,5,1,2,00,2,1,1,201300011509B01,7,15,1
201300011510,2013-03-30,2013,mars,samedi,16:50,07,07186,0,0,2,6,3,1,3,3,2,02,1,1,000,040,2,5,1,3,1,56,5,1,2,00,2,7,1,201300011510B01,7,9,1
201300011517,2013-04-11,2013,avril,jeudi,11:30,35,35334,48.15212,-1.58598,2,1,3,1,1,4,2,00,2,1,000,120,1,5,1,2,1,70,5,1,2,00,2,1,1,201300011517B02,14,15,1
201300011530,2013-05-06,2013,mai,lundi,17:30,23,23232,0,0,1,1,1,1,1,4,2,02,1,3,000,030,1,0,1,4,1,49,5,1,2,00,2,8,1,201300011530B02,7,1,1
201300011671,2013-08-28,2013,août,mercredi,16:15,71,71542,46.71294,4.13271,1,1,3,1,7,4,2,01,1,2,000,030,1,0,1,2,1,64,5,1,2,00,2,8,1,201300011671B02,7,1,1
201300011743,2013-03-08,2013,mars,vendredi,15:00,68,68278,0,0,1,1,1,1,1,3,2,02,1,1,000,064,1,0,1,3,1,34,5,1,1,00,0,6,1,201300011743B02,7,1,1
201300011846,2013-04-19,2013,avril,vendredi,15:45,13,13032,43.57053,5.35599,2,1,3,1,1,3,2,01,-1,1,060,000,1,0,1,3,1,51,5,1,2,00,2,1,15,201300011846B02,7,15,1
201300011848,2013-07-17,2013,juillet,mercredi,16:45,13,13114,43.54691,5.29052,1,1,7,1,1,3,3,02,1,1,011,092,1,0,3,3,1,34,5,1,2,00,0,0,0,201300011848A01,,,
201300011888,2013-01-17,2013,janvier,jeudi,16:20,08,08105,49.7945,4.74421,1,1,6,1,1,3,2,02,2,3,000,060,1,0,1,3,1,36,1,1,9,00,2,4,1,201300011888A01,7,1,2
201300011891,2013-02-18,2013,février,lundi,95:5,08,08105,49.7664,4.71864,2,1,6,1,1,3,2,03,2,1,000,090,1,0,1,1,1,28,4,1,9,00,1,1,0,201300011891A01,,,
201300011891,2013-02-18,2013,février,lundi,95:5,08,08105,49.7664,4.71864,2,1,6,1,1,3,2,03,2,1,000,090,1,0,1,3,2,81,0,1,9,00,1,1,0,201300011891A01,,,
201300011894,2013-03-26,2013,mars,mardi,64:0,08,08105,49.7288,4.71307,2,3,3,2,1,3,2,02,1,1,000,050,1,0,1,3,1,40,1,1,9,00,2,1,1,201300011894B01,7,16,1
201300011918,2013-07-21,2013,juillet,dimanche,10:45,13,13011,0,0,1,1,1,1,1,3,2,02,2,3,000,058,1,0,1,3,1,22,5,1,2,00,2,1,13,201300011918A01,7,1,1
201300011919,2013-09-06,2013,septembre,vendredi,11:15,13,13011,43.74794,4.83115,1,1,7,1,1,3,2,02,-1,4,000,060,1,0,1,3,1,55,5,1,2,00,0,0,2,201300011919A01,,,
201300011920,2013-12-14,2013,décembre,samedi,10:30,13,13065,0,0,2,2,1,1,1,3,2,02,1,1,000,049,1,0,1,3,1,47,5,1,2,00,2,1,1,201300011920B02,7,15,1
201300011924,2013-05-09,2013,mai,jeudi,16:45,41,41067,47.4944,1.52012,1,3,3,1,1,3,2,02,1,1,000,042,1,5,1,3,1,12,5,1,2,00,2,1,15,201300011924A01,7,1,1
201300011935,2013-07-05,2013,juillet,vendredi,15:15,29,29212,48.40467,-4.6194,1,1,3,1,1,3,2,02,1,1,000,000,1,0,1,3,1,34,5,1,2,00,2,8,1,201300011935B02,7,17,1
201300011979,2013-06-17,2013,juin,lundi,19:15,31,31506,0,0,2,1,3,1,1,3,2,02,1,1,000,095,1,0,1,3,1,20,5,1,2,00,2,1,1,201300011979B02,10,15,1
201300011997,2013-07-31,2013,juillet,mercredi,63:0,26,26139,45.0713,5.0916,1,2,3,1,1,4,2,02,1,1,000,060,1,0,1,4,1,65,5,1,2,00,2,6,0,201300011997B01,7,19,1
201300012011,2013-08-29,2013,août,jeudi,93:0,26,26023,0,0,1,6,3,1,1,3,2,02,1,1,000,051,1,0,1,4,1,66,5,1,2,00,2,2,1,201300012011B01,7,1,1
201300012014,2013-09-24,2013,septembre,mardi,10:00,26,26250,0,0,1,1,2,1,1,2,2,02,1,1,000,075,1,0,1,3,1,86,5,1,1,00,0,0,0,201300012014A01,7,2,1
201300012018,2013-09-30,2013,septembre,lundi,13:15,26,26139,0,0,1,1,1,1,1,3,2,00,1,1,000,058,1,0,0,3,1,39,5,1,2,00,2,1,1,201300012018B02,7,15,1
201300012032,2013-11-21,2013,novembre,jeudi,14:30,26,26160,0,0,1,1,3,1,1,3,2,02,1,1,000,072,1,0,1,2,1,82,5,1,9,00,2,7,1,201300012032B02,17,16,1
201300012085,2013-10-19,2013,octobre,samedi,14:45,02,02810,49.24712,3.09103,2,3,3,1,1,4,2,02,1,1,000,040,1,0,1,3,1,13,5,1,4,00,2,8,19,201300012085A01,7,1,1
201300012110,2013-04-16,2013,avril,mardi,83:0,38,38486,0,0,2,1,1,1,1,4,2,00,2,1,000,064,1,0,1,3,1,18,2,1,1,00,2,1,1,201300012110B02,7,10,1
201300012113,2013-05-15,2013,mai,mercredi,84:5,38,38485,0,0,2,2,3,1,1,3,2,01,1,1,000,058,1,0,1,3,1,43,5,1,1,00,0,2,0,201300012113A01,10,9,1
201300012235,2013-08-11,2013,août,dimanche,17:15,13,13042,0,0,1,1,6,1,1,3,2,01,2,1,000,037,1,0,1,2,1,54,5,1,9,13,0,7,1,201300012235A01,,,
201300012305,2013-05-18,2013,mai,samedi,11:15,74,74159,0,0,2,3,3,1,1,4,2,02,2,1,000,059,1,0,1,3,1,76,5,1,2,00,2,8,15,201300012305B02,7,1,1
201300012313,2013-07-20,2013,juillet,samedi,14:00,74,74169,0,0,1,1,1,1,1,3,2,02,1,1,000,084,1,0,1,4,1,50,5,1,9,00,2,8,1,201300012313B02,7,17,1
201300012320,2013-09-02,2013,septembre,lundi,12:00,74,74081,0,0,2,1,3,1,1,4,1,00,1,1,000,000,1,0,1,3,1,19,1,1,2,00,2,2,1,201300012320A01,7,1,1
201300012428,2013-05-21,2013,mai,mardi,13:15,2A,2A065,42.17194,8.60838,1,1,1,1,1,3,2,00,2,3,063,000,1,0,1,3,1,56,5,1,2,00,2,1,2,201300012428B02,7,15,1
201300012433,2013-03-26,2013,mars,mardi,18:15,38,38140,0,0,2,6,1,1,1,3,2,02,1,1,000,000,1,5,1,3,1,35,1,1,2,00,2,7,1,201300012433B02,7,1,1
201300012435,2013-12-13,2013,décembre,vendredi,13:15,38,38140,0,0,2,1,3,1,1,3,2,02,1,1,000,078,1,0,1,3,2,12,2,1,2,00,2,3,19,201300012435A01,7,1,1
201300012509,2013-02-19,2013,février,mardi,14:30,42,42279,45.5108,4.26696,2,1,1,1,1,3,2,02,2,1,000,074,1,0,1,3,1,59,5,1,1,00,0,1,1,201300012509B02,7,9,1
201300012517,2013-06-07,2013,juin,vendredi,18:45,91,91244,0,0,1,2,3,1,1,3,2,02,1,1,000,075,1,0,1,2,1,18,5,1,9,00,2,3,19,201300012517A02,7,1,1
201300012525,2013-06-26,2013,juin,mercredi,15:45,51,51461,0,0,2,1,1,1,1,3,2,02,2,2,000,065,1,0,1,3,1,60,5,1,2,00,2,1,1,201300012525B02,7,13,1
201300012526,2013-07-04,2013,juillet,jeudi,15:30,51,51614,0,0,1,2,3,1,1,4,2,02,1,1,000,038,1,0,1,3,1,28,1,1,2,00,2,1,19,201300012526B02,7,1,1
201300012529,2013-09-04,2013,septembre,mercredi,17:15,51,51333,0,0,2,1,3,1,1,4,2,02,2,1,000,060,1,0,1,3,1,11,5,1,9,00,2,1,9,201300012529A01,7,1,1
201300012536,2013-04-18,2013,avril,jeudi,73:0,31,31157,43.54439,1.34616,2,6,3,1,1,4,2,02,1,1,000,070,1,5,1,4,1,16,2,1,2,00,0,5,1,201300012536B02,7,9,1
201300012554,2013-10-01,2013,octobre,mardi,17:00,06,06152,0,0,1,6,2,1,1,3,-1,00,1,-1,000,000,1,0,1,3,1,23,2,1,2,00,2,7,1,201300012554B02,7,9,1
201300012578,2013-05-13,2013,mai,lundi,18:45,74,74137,46.007,6.188,1,1,1,1,1,3,2,03,1,1,024,088,1,5,1,3,1,48,5,1,2,00,2,1,1,201300012578B02,7,11,1
201300012625,2013-09-17,2013,septembre,mardi,70:0,35,35210,48.15062,-1.79674,1,3,1,2,1,3,2,02,4,1,000,073,1,5,1,3,1,55,1,1,4,00,2,1,1,201300012625B02,7,15,1
201300012628,2013-12-28,2013,décembre,samedi,16:45,56,56214,47.50281,-2.827,1,1,1,1,2,4,2,02,1,2,000,040,2,0,1,3,2,65,5,1,2,00,2,1,1,201300012628B02,7,13,1
201300012633,2013-08-01,2013,août,jeudi,11:15,56,56240,47.50814,-2.7508,1,1,2,1,1,4,2,00,2,1,000,000,1,0,1,3,2,16,5,1,2,00,2,4,2,201300012633B02,7,2,1
201300012710,2013-05-20,2013,mai,lundi,17:30,06,06084,0,0,2,1,1,1,1,3,2,02,2,3,000,076,1,0,1,3,1,43,5,1,2,00,2,4,1,201300012710B02,7,1,1
201300012710,2013-05-20,2013,mai,lundi,17:30,06,06084,0,0,2,1,1,1,1,3,2,02,2,3,000,076,1,0,1,3,2,13,0,1,2,00,2,4,1,201300012710B02,7,1,1
201300012710,2013-05-20,2013,mai,lundi,17:30,06,06084,0,0,2,1,1,1,1,3,2,02,2,3,000,076,1,0,1,3,1,9,0,1,2,00,2,4,1,201300012710B02,7,1,1
201300012764,2013-05-21,2013,mai,mardi,17:45,10,10387,48.28425,4.07297,2,1,6,1,2,4,2,02,1,1,,,2,0,1,1,1,17,2,1,9,00,1,1,1,201300012764A01,,,
201300012769,2013-06-01,2013,juin,samedi,10:40,10,10362,0,0,2,9,6,1,1,3,1,01,1,1,,,1,0,1,4,2,77,3,1,9,00,0,6,1,201300012769B01,7,1,1
201300012775,2013-06-05,2013,juin,mercredi,20:20,10,10362,0,0,2,1,2,1,1,4,2,02,1,1,,,1,0,1,4,2,46,5,1,9,00,0,4,1,201300012775B01,7,1,1
201300012785,2013-08-08,2013,août,jeudi,17:05,10,10387,48.30948,4.05408,2,1,3,1,1,4,2,02,2,1,,088,1,0,1,3,1,53,5,1,9,00,2,1,1,201300012785B01,7,16,1
201300012786,2013-07-24,2013,juillet,mercredi,19:25,10,10387,48.30046,4.08683,2,3,3,1,1,4,1,01,2,1,,039,1,0,5,4,2,63,5,1,9,00,2,1,1,201300012786B01,7,9,1
201300012791,2013-09-04,2013,septembre,mercredi,18:36,10,10387,48.30354,4.07292,2,2,3,1,1,4,3,03,1,1,,103,1,0,5,4,1,17,5,1,9,00,2,1,1,201300012791A01,7,1,1
201300012800,2013-11-05,2013,novembre,mardi,21:28,10,10387,48.28907,4.07684,2,2,3,5,1,4,2,02,1,1,,,2,0,1,4,2,18,1,1,4,00,2,6,1,201300012800B01,7,1,1
201300012806,2013-12-09,2013,décembre,lundi,75:5,10,10343,48.2739,4.09271,2,6,2,5,1,3,2,02,1,1,,,1,0,0,3,2,27,1,1,9,00,2,4,1,201300012806B01,7,2,1
201300012830,2013-06-23,2013,juin,dimanche,14:45,06,06148,43.713,7.05,1,1,6,1,1,3,2,00,2,1,053,053,1,0,1,2,1,30,9,1,2,13,0,2,1,201300012830A01,,,
201300012920,2013-09-06,2013,septembre,vendredi,10:51,11,11069,0,0,1,1,2,1,1,3,3,02,1,1,000,040,1,0,1,2,1,61,5,1,9,00,2,4,2,201300012920B01,10,2,1
201300012961,2013-04-02,2013,avril,mardi,85:0,11,11069,0,0,2,1,6,1,1,4,2,01,1,1,000,020,1,0,1,1,1,46,5,1,9,00,1,7,1,201300012961A01,,,
201300012971,2013-04-19,2013,avril,vendredi,15:34,11,11069,0,0,2,1,6,1,1,4,1,02,1,1,000,030,1,0,1,1,1,68,5,1,9,00,1,7,1,201300012971A01,,,
201300012985,2013-05-12,2013,mai,dimanche,15:50,11,11069,0,0,1,1,6,1,1,4,-1,01,1,-1,000,030,-1,0,1,3,1,53,9,1,9,08,0,1,0,201300012985A01,,,
201300012994,2013-06-13,2013,juin,jeudi,18:37,11,11069,0,0,2,1,2,1,1,4,2,01,1,1,000,030,1,0,1,4,1,64,5,1,9,00,2,4,1,201300012994B01,7,1,1
201300012999,2013-06-25,2013,juin,mardi,11:24,11,11069,0,0,2,1,3,1,1,4,1,01,1,1,000,020,1,0,1,4,1,54,5,1,9,00,2,0,0,201300012999B01,7,0,1
201300013030,2013-09-03,2013,septembre,mardi,17:31,11,11069,0,0,2,1,6,1,1,4,1,01,2,1,000,010,1,0,0,4,1,13,5,1,9,12,0,0,0,201300013030A01,,,
201300013074,2013-10-28,2013,octobre,lundi,10:15,31,31584,0,0,1,3,3,1,1,3,2,02,1,1,000,060,1,0,1,2,1,87,5,1,2,00,2,3,13,201300013074B02,14,1,1
201300013089,2013-02-15,2013,février,vendredi,18:05,11,11262,0,0,2,3,3,1,1,4,1,02,2,1,000,000,1,0,1,4,1,23,5,1,9,00,2,1,1,201300013089B01,7,15,1
201300013092,2013-02-15,2013,février,vendredi,12:10,11,11262,0,0,2,1,3,1,1,4,2,02,1,1,000,069,1,0,1,3,1,54,1,1,9,00,2,7,19,201300013092B01,7,1,1
201300013106,2013-05-16,2013,mai,jeudi,14:20,11,11262,0,0,2,2,3,1,1,4,1,01,1,1,000,000,1,0,1,3,1,67,5,1,9,00,2,7,1,201300013106A01,7,1,1
201300013117,2013-06-27,2013,juin,jeudi,14:25,11,11262,0,0,2,1,3,1,1,6,-1,00,1,1,000,000,1,0,0,4,2,54,0,1,9,00,2,0,0,201300013117B01,7,0,1
201300013124,2013-02-20,2013,février,mercredi,13:25,11,11262,0,0,2,1,3,1,1,4,1,02,1,1,000,059,1,0,1,4,1,58,5,1,9,00,0,1,1,201300013124B01,7,1,1
201300013127,2013-09-04,2013,septembre,mercredi,10:15,11,11262,0,0,2,6,3,1,1,3,2,02,1,1,000,000,1,0,1,3,2,48,0,1,9,00,2,1,15,201300013127B01,7,9,1
201300013132,2013-08-08,2013,août,jeudi,11:15,11,11262,0,0,2,2,3,1,1,4,2,,1,1,000,000,1,0,1,4,1,53,0,1,2,00,2,8,1,201300013132B01,7,1,1
201300013167,2013-05-10,2013,mai,vendredi,15:05,11,11262,0,0,2,1,7,1,1,4,2,02,1,1,000,000,1,0,1,4,1,12,5,1,9,00,0,0,1,201300013167A01,,,
201300013178,2013-06-16,2013,juin,dimanche,16:25,11,11262,0,0,2,1,6,1,1,4,3,00,1,1,000,000,1,0,1,4,1,10,5,1,9,00,2,0,10,201300013178A01,7,1,1
201300013188,2013-07-07,2013,juillet,dimanche,10:35,11,11262,0,0,2,1,3,1,1,2,2,01,1,1,000,090,1,0,1,3,1,62,0,1,9,00,2,1,1,201300013188B01,7,15,1