Num_Acc,date,an,mois,jour,hrmn,dep,com,lat,long,agg,int,col,lum,atm,catr,circ,nbv,prof,plan,lartpc,larrout,surf,infra,situ,grav,sexe,age,trajet,secuexist,equipement,obs,obsm,choc,manv,vehiculeid,typevehicules,manoeuvehicules,numVehicules
201300013205,2013-09-13,2013,septembre,vendredi,18:40,11,11262,0,0,2,1,2,1,1,4,2,02,1,1,000,000,1,0,1,4,1,33,0,1,2,00,0,1,0,201300013205A01,7,0,1
201300013212,2013-10-21,2013,octobre,lundi,95:5,11,11262,0,0,2,1,6,1,1,4,1,00,1,1,000,000,1,0,1,4,1,39,0,1,2,00,2,0,1,201300013212B01,7,20,1
201300013277,2013-04-06,2013,avril,samedi,14:00,12,12083,0,0,2,3,3,1,8,4,2,02,1,3,000,070,1,0,1,3,1,12,5,1,9,00,2,1,0,201300013277A01,7,1,1
201300013278,2013-08-30,2013,août,vendredi,17:35,12,12305,44.543,0,1,3,3,1,1,3,4,02,2,1,083,068,1,5,1,4,1,9,5,1,2,00,2,7,11,201300013278A01,33,1,1
201300013483,2013-09-06,2013,septembre,vendredi,14:05,13,13004,43.66874,4.63447,2,2,6,1,1,4,2,02,-1,1,000,079,1,2,1,4,1,49,5,1,2,00,2,8,15,201300013483B01,7,1,1
201300013485,2013-09-28,2013,septembre,samedi,23:00,13,13004,43.67497,4.62502,2,2,3,5,1,3,2,02,1,1,000,070,1,5,1,4,1,48,5,1,9,00,2,1,15,201300013485A01,7,15,1
201300013562,2013-06-03,2013,juin,lundi,12:30,13,13005,43.29638,5.56864,2,6,6,1,1,4,2,02,2,3,000,040,1,0,1,4,1,36,5,1,2,00,2,0,0,201300013562B01,7,9,1
201300013562,2013-06-03,2013,juin,lundi,12:30,13,13005,43.29638,5.56864,2,6,6,1,1,4,2,02,2,3,000,040,1,0,1,4,1,37,5,1,2,00,2,1,0,201300013562C01,7,9,1
201300013607,2013-08-17,2013,août,samedi,10:30,13,13005,43.293,5.56761,1,1,7,1,1,3,2,02,1,1,000,100,1,0,5,3,1,74,5,1,9,00,0,1,1,201300013607A01,,,
201300013615,2013-09-03,2013,septembre,mardi,65:0,13,13005,43.28633,5.58685,2,3,3,1,7,3,3,03,1,1,000,100,1,5,1,4,1,58,0,1,9,00,2,7,1,201300013615B01,7,16,1
201300013650,2013-10-15,2013,octobre,mardi,64:0,13,13005,43.28426,5.59366,2,6,3,5,1,3,-1,02,1,3,000,087,1,0,1,4,1,28,1,1,4,00,2,2,1,201300013650B01,7,9,1
201300013707,2013-08-06,2013,août,mardi,81:5,13,13028,43.19258,5.60936,2,6,6,1,1,3,1,02,1,2,000,090,1,0,1,3,1,66,5,1,9,00,2,2,1,201300013707B01,7,1,1
201300013744,2013-06-11,2013,juin,mardi,17:10,13,13043,43.3971,5.25174,2,3,3,1,1,3,3,02,2,1,020,100,1,0,1,4,1,14,5,1,2,00,0,6,1,201300013744A01,33,1,1
201300013761,2013-08-27,2013,août,mardi,11:10,13,13054,0,0,2,1,3,1,1,4,2,02,1,1,000,070,1,0,1,3,1,67,5,1,2,00,0,8,2,201300013761B01,7,14,1
201300013773,2013-10-24,2013,octobre,jeudi,15:45,13,13054,43.41511,5.21692,2,1,3,1,1,3,2,01,1,1,000,000,1,0,1,4,1,69,0,1,9,00,0,1,1,201300013773B01,7,9,1
201300013835,2013-12-13,2013,décembre,vendredi,17:00,13,13055,43.34729,5.37838,2,2,2,1,1,3,2,02,1,1,000,082,1,0,1,4,1,11,9,1,9,00,2,1,2,201300013835A01,7,3,1
201300013842,2013-12-21,2013,décembre,samedi,18:00,13,13055,43.32554,5.43049,2,2,3,5,1,4,2,01,1,1,000,080,-1,0,0,3,1,37,0,1,9,00,2,3,9,201300013842B01,7,0,1
201300013874,2013-12-03,2013,décembre,mardi,14:10,13,13055,43.29259,5.36735,2,1,3,1,1,4,-1,02,1,-1,040,060,1,0,1,3,1,41,0,1,9,00,2,1,2,201300013874B01,7,13,1
201300013902,2013-01-20,2013,janvier,dimanche,18:30,13,13055,0,0,2,1,1,5,8,4,-1,00,1,1,000,000,1,6,1,3,1,7,0,1,9,00,9,1,1,201300013902B01,33,1,1
201300013935,2013-01-09,2013,janvier,mercredi,11:00,13,13055,43.29076,5.47362,2,1,6,1,1,4,1,02,2,3,025,025,1,0,1,3,1,23,5,1,9,00,2,1,1,201300013935B01,7,20,1
201300013980,2013-12-31,2013,décembre,mardi,10:45,13,13055,43.38113,5.36304,2,1,3,1,1,4,2,02,2,1,000,070,1,0,4,4,1,15,5,1,9,00,2,1,1,201300013980B01,7,23,1
201300014020,2013-01-12,2013,janvier,samedi,12:00,13,13055,0,0,1,1,3,1,1,3,2,02,2,4,000,060,1,0,0,4,2,68,5,1,9,00,2,0,1,201300014020A01,7,0,1
201300014211,2013-08-04,2013,août,dimanche,15:00,13,13055,43.24851,5.45371,2,1,6,1,1,3,2,02,2,4,000,060,1,0,1,4,1,33,5,1,2,00,2,0,2,201300014211B01,7,2,1
201300014235,2013-02-06,2013,février,mercredi,74:5,13,13055,43.28042,5.38366,2,2,3,1,1,4,1,01,2,1,000,070,1,0,1,4,1,44,1,1,9,00,2,1,0,201300014235B01,7,1,1
201300014407,2013-03-08,2013,mars,vendredi,16:35,13,13055,43.33945,5.35538,2,3,3,1,1,4,3,02,2,-1,000,050,1,0,1,4,1,31,1,1,2,00,2,1,1,201300014407B01,7,11,1
201300014412,2013-03-09,2013,mars,samedi,15:45,13,13002,43.34551,5.47639,2,1,2,1,1,4,2,01,3,3,000,050,1,0,1,4,1,17,5,1,9,00,2,1,1,201300014412A01,7,1,1
201300014452,2013-03-27,2013,mars,mercredi,75:5,13,13055,43.31559,5.43895,2,1,3,1,1,4,1,01,-1,-1,000,030,1,0,1,3,1,19,1,1,9,00,2,1,9,201300014452A01,7,1,1
201300014462,2013-03-28,2013,mars,jeudi,11:45,13,13055,43.29364,5.38225,2,1,3,1,2,4,2,04,1,1,000,000,2,0,1,4,2,29,1,1,9,01,0,1,1,201300014462B01,7,24,1
201300014497,2013-03-14,2013,mars,jeudi,19:15,13,13055,43.29135,5.37003,2,1,6,1,1,4,1,01,1,1,000,030,1,0,1,3,1,55,9,1,2,00,0,1,2,201300014497B01,7,24,1
201300014516,2013-04-08,2013,avril,lundi,21:05,13,13055,43.296,5.38689,2,1,7,5,1,5,1,00,1,1,000,060,1,0,1,4,1,24,0,1,4,09,0,0,1,201300014516A01,,,
201300014551,2013-03-02,2013,mars,samedi,15:01,13,13055,43.24706,5.38261,2,6,3,1,1,4,1,01,1,-1,040,020,1,0,1,4,2,57,5,1,2,00,2,2,0,201300014551B01,7,6,1
201300014632,2013-04-26,2013,avril,vendredi,19:10,13,13055,43.24193,5.36639,2,1,3,2,1,4,2,02,1,1,000,060,1,0,1,4,1,24,5,1,9,00,2,8,13,201300014632A01,7,17,1
201300014659,2013-04-23,2013,avril,mardi,19:10,13,13055,43.29954,5.40073,2,1,3,1,1,4,3,01,2,1,000,000,1,0,1,1,1,17,5,1,9,00,2,1,19,201300014659A01,32,1,1
201300014682,2013-04-14,2013,avril,dimanche,20:5,13,13055,43.25269,5.40227,2,3,1,5,1,4,2,06,2,1,000,150,1,0,1,3,1,28,1,1,4,00,0,1,1,201300014682A01,7,16,1
201300014862,2013-02-21,2013,février,jeudi,10:30,13,13075,43.34665,5.46272,2,1,6,1,1,3,2,00,1,1,000,050,1,0,1,1,1,63,0,1,9,01,1,1,1,201300014862A01,,,
201300014862,2013-02-21,2013,février,jeudi,10:30,13,13075,43.34665,5.46272,2,1,6,1,1,3,2,00,1,1,000,050,1,0,1,4,2,72,0,1,9,01,1,1,1,201300014862A01,,,
201300014891,2013-05-23,2013,mai,jeudi,91:5,13,13055,43.3239,5.44419,2,1,3,1,1,3,2,02,1,1,026,063,1,0,1,4,1,34,1,1,9,00,2,1,17,201300014891B01,7,10,1
201300014932,2013-06-13,2013,juin,jeudi,18:30,13,13055,43.33127,5.38476,2,1,7,1,1,4,-1,01,-1,-1,000,060,1,0,1,3,1,13,0,1,9,00,0,0,0,201300014932A01,,,
201300014936,2013-02-03,2013,février,dimanche,20:00,13,13055,43.28386,5.39623,2,3,1,4,1,4,1,01,3,1,000,000,1,0,1,3,1,21,9,1,2,00,2,1,2,201300014936B01,7,11,1
201300014947,2013-05-02,2013,mai,jeudi,16:50,13,13055,43.28055,5.38225,2,1,6,1,1,4,1,02,1,1,000,000,-1,0,1,4,1,39,1,1,2,00,2,8,18,201300014947B01,7,22,1
201300014979,2013-05-13,2013,mai,lundi,19:30,13,13055,0,0,2,1,3,1,1,4,2,01,1,1,000,000,1,0,1,4,2,5,5,1,9,00,2,1,9,201300014979B01,7,1,1
201300014994,2013-04-30,2013,avril,mardi,11:00,13,13055,0,0,2,1,2,1,1,4,2,00,1,1,000,000,1,0,1,4,1,44,1,1,2,00,2,1,2,201300014994A01,7,2,1
201300015004,2013-06-15,2013,juin,samedi,22:15,13,13055,43.33108,5.35489,2,1,2,3,1,3,1,01,3,3,000,030,1,0,4,4,1,49,5,1,9,00,0,4,1,201300015004A01,30,2,1
201300015024,2013-06-01,2013,juin,samedi,22:0,13,13055,43.29511,5.38281,2,1,6,5,1,4,2,02,2,1,000,060,1,0,1,4,1,23,5,1,4,00,4,1,21,201300015024B01,7,20,1
201300015046,2013-04-13,2013,avril,samedi,17:45,13,13055,43.26203,5.40444,2,1,3,1,1,4,2,02,1,1,000,000,1,0,1,4,1,34,5,1,9,00,2,4,1,201300015046B01,7,15,1
201300015158,2013-07-10,2013,juillet,mercredi,18:30,13,13055,43.28557,5.39521,2,1,3,1,1,4,1,01,1,1,000,000,1,0,1,4,1,26,0,1,2,00,0,8,2,201300015158A01,7,2,1
201300015188,2013-07-10,2013,juillet,mercredi,12:45,13,13055,43.26145,5.40378,2,3,3,1,1,4,2,02,1,1,000,064,2,0,1,3,1,16,2,1,4,00,2,8,15,201300015188B01,7,1,1
201300015230,2013-07-19,2013,juillet,vendredi,90:7,13,13002,43.33117,5.48843,2,6,2,1,1,3,2,02,1,-1,000,070,1,5,1,3,1,41,5,1,2,00,2,4,2,201300015230B01,7,2,1
201300015239,2013-07-10,2013,juillet,mercredi,17:45,13,13055,43.32107,5.37516,2,1,3,1,1,4,1,03,1,1,000,090,1,0,1,4,1,40,5,1,9,00,0,0,1,201300015239B01,7,1,1
201300015274,2013-07-22,2013,juillet,lundi,17:00,13,13055,43.26991,5.36597,2,1,3,1,1,4,3,04,1,1,120,120,1,0,1,3,1,42,5,1,9,00,2,3,11,201300015274B01,2,2,1
201300015343,2013-08-19,2013,août,lundi,75:0,13,13055,43.26847,5.41927,2,1,3,1,1,4,2,02,1,3,015,080,1,0,1,4,1,78,5,1,2,00,2,1,2,201300015343B01,7,9,1
201300015442,2013-08-27,2013,août,mardi,22:05,13,13055,43.28074,5.40731,2,1,3,5,1,4,2,02,1,-1,000,045,1,0,0,3,1,18,9,1,2,00,9,5,11,201300015442B01,30,0,1
201300015553,2013-09-05,2013,septembre,jeudi,73:0,13,13055,43.27221,5.39087,2,1,3,1,1,4,2,02,-1,1,015,040,1,0,1,4,2,38,5,1,9,00,0,8,19,201300015553B01,2,1,1
201300015565,2013-09-06,2013,septembre,vendredi,15:30,13,13055,43.27792,5.38824,2,1,6,1,1,4,2,01,1,1,000,093,1,0,5,1,1,48,5,1,2,00,1,1,1,201300015565A01,,,
201300015565,2013-09-06,2013,septembre,vendredi,15:30,13,13055,43.27792,5.38824,2,1,6,1,1,4,2,01,1,1,000,093,1,0,5,4,2,61,5,1,9,00,1,1,1,201300015565A01,,,
201300015605,2013-09-13,2013,septembre,vendredi,15:25,13,13055,0,0,2,1,6,1,1,4,2,00,1,1,000,000,1,0,1,4,1,30,0,1,9,00,2,0,0,201300015605B01,10,0,1
201300015608,2013-09-28,2013,septembre,samedi,15:15,13,13055,43.29645,5.38049,2,1,6,1,1,4,1,01,2,1,000,000,1,0,1,4,2,35,0,1,2,01,0,7,17,201300015608B01,7,24,1
201300015694,2013-09-27,2013,septembre,vendredi,11:00,13,13055,43.27918,5.42288,2,1,6,1,1,4,2,02,1,1,000,070,1,0,5,3,1,75,5,1,9,00,2,1,0,201300015694A01,,,
201300015710,2013-07-01,2013,juillet,lundi,11:10,13,13055,43.25638,5.41976,2,1,7,1,1,4,2,02,-1,-1,000,060,1,0,0,4,1,53,9,1,9,12,0,0,0,201300015710A01,,,
201300015718,2013-09-23,2013,septembre,lundi,16:10,13,13055,0,0,2,1,6,1,1,4,2,00,1,1,000,000,1,0,1,4,1,39,0,1,9,00,2,0,1,201300015718B01,10,1,1
201300015758,2013-09-16,2013,septembre,lundi,20:00,13,13055,43.29893,5.38814,2,1,6,2,1,4,1,01,2,1,000,030,1,0,1,4,1,37,0,1,4,00,2,3,18,201300015758B01,7,16,1
201300015796,2013-11-03,2013,novembre,dimanche,17:00,13,13055,0,0,2,1,6,1,7,3,2,02,2,1,000,060,1,0,1,3,1,24,5,1,9,00,2,0,0,201300015796B01,33,1,1
201300015862,2013-10-13,2013,octobre,dimanche,13:15,13,13055,43.32071,5.41445,2,1,2,1,1,4,2,02,1,1,000,067,1,0,1,4,2,50,9,1,9,00,2,4,2,201300015862B01,99,2,1
201300015867,2013-09-28,2013,septembre,samedi,13:30,13,13055,43.28606,5.38357,2,1,2,1,1,4,1,00,1,1,000,000,1,0,1,4,1,18,0,1,9,00,2,4,1,201300015867B01,7,1,1
201300015871,2013-11-05,2013,novembre,mardi,18:35,13,13075,43.3565,5.46659,2,2,3,5,1,4,2,02,1,1,000,070,1,0,1,3,1,61,5,1,4,00,2,1,0,201300015871B01,7,15,1
201300015889,2013-10-27,2013,octobre,dimanche,15:45,13,13002,0,0,1,1,5,1,1,3,-1,01,-1,-1,000,000,-1,0,0,4,2,27,5,1,2,00,0,0,0,201300015889B01,36,0,1
201300015889,2013-10-27,2013,octobre,dimanche,15:45,13,13002,0,0,1,1,5,1,1,3,-1,01,-1,-1,000,000,-1,0,0,1,1,46,5,1,2,00,0,1,0,201300015889C01,36,0,1
201300015910,2013-09-06,2013,septembre,vendredi,14:45,13,13055,43.36685,5.35621,2,1,3,1,1,4,2,04,1,2,030,130,1,0,1,4,1,49,0,1,2,00,2,2,1,201300015910A01,7,1,1
201300015999,2013-11-24,2013,novembre,dimanche,17:40,13,13055,43.30291,5.40074,2,2,3,1,1,4,2,08,1,1,020,220,1,5,1,4,1,56,5,1,9,00,2,1,7,201300015999A01,7,2,1
201300016058,2013-11-28,2013,novembre,jeudi,70:0,13,13055,0,0,2,1,3,5,1,4,1,01,2,1,000,000,1,0,1,3,1,33,1,1,9,00,2,3,2,201300016058B01,7,2,1
201300016085,2013-11-09,2013,novembre,samedi,93:5,13,13055,43.25116,5.38796,2,1,3,1,1,4,3,04,2,1,010,060,1,0,1,4,1,28,5,1,9,01,0,1,1,201300016085B01,7,22,1
201300016115,2013-12-10,2013,décembre,mardi,18:30,13,13055,43.30247,5.36947,2,1,3,5,1,4,2,04,1,1,000,120,1,0,1,4,1,11,5,1,9,00,2,1,1,201300016115B01,30,15,1
201300016115,2013-12-10,2013,décembre,mardi,18:30,13,13055,43.30247,5.36947,2,1,3,5,1,4,2,04,1,1,000,120,1,0,1,4,1,13,5,1,9,00,2,1,1,201300016115B01,30,15,1
201300016218,2013-04-14,2013,avril,dimanche,94:5,13,13056,43.3354,5.04903,1,1,2,1,1,3,-1,02,1,2,000,000,1,5,1,4,1,78,0,1,9,00,2,4,2,201300016218B01,7,2,1
201300016223,2013-05-13,2013,mai,lundi,16:40,13,13026,0,0,1,1,3,1,1,3,2,02,1,1,000,035,1,0,1,4,1,80,5,1,2,00,2,8,15,201300016223A01,7,17,1
201300016233,2013-06-16,2013,juin,dimanche,12:10,13,13056,0,0,1,1,3,1,1,4,2,02,1,2,000,000,1,0,1,4,1,55,5,1,9,00,9,0,2,201300016233B01,7,2,1
201300016297,2013-05-25,2013,mai,samedi,12:00,13,13103,43.63644,5.08116,2,1,3,1,1,3,2,02,1,-1,000,070,1,0,3,3,2,56,0,1,9,00,2,8,0,201300016297B01,7,9,1
201300016302,2013-08-27,2013,août,mardi,17:30,13,13103,43.64218,5.09315,2,2,3,1,1,4,1,02,1,-1,000,050,1,0,1,3,1,14,5,1,9,12,2,1,9,201300016302B01,7,1,1
201300016307,2013-11-04,2013,novembre,lundi,11:30,13,13103,0,0,2,1,3,1,2,4,-1,02,1,-1,000,000,2,0,4,3,1,34,0,1,9,00,2,7,0,201300016307A01,14,0,1
201300016391,2013-01-26,2013,janvier,samedi,18:15,13,13071,0,0,2,9,3,5,1,3,2,02,4,3,000,070,1,0,1,4,1,19,5,1,9,00,2,1,1,201300016391B01,7,15,1
201300016466,2013-07-22,2013,juillet,lundi,23:10,13,13117,0,0,2,9,3,5,1,6,2,02,1,1,000,000,1,0,1,4,1,6,5,1,9,00,2,1,1,201300016466B01,7,1,1
201300016507,2013-09-26,2013,septembre,jeudi,18:00,13,13071,0,0,2,1,1,1,1,4,2,02,1,2,000,060,1,0,1,3,1,7,5,1,9,00,2,1,15,201300016507A01,7,1,1
201300016617,2013-04-02,2013,avril,mardi,14:30,95,95256,49.0071,2.2812,2,2,3,1,1,3,2,02,1,1,,,1,0,1,3,2,76,5,1,9,00,2,3,1,201300016617A01,7,15,1
201300016646,2013-04-08,2013,avril,lundi,16:30,67,67512,0,0,2,1,1,1,1,3,2,00,1,1,000,062,1,0,1,3,1,13,2,1,4,00,2,1,13,201300016646A01,7,1,1
201300016653,2013-01-08,2013,janvier,mardi,82:5,14,14118,49.1731,-0.35433,2,1,6,4,1,4,2,04,2,1,000,170,1,0,1,4,1,39,1,1,9,00,2,1,1,201300016653B01,7,10,1
201300016673,2013-02-22,2013,février,vendredi,18:00,14,14341,49.1605,-0.36191,2,1,3,1,1,6,-1,00,1,1,000,000,1,0,1,4,1,10,5,1,9,00,2,1,1,201300016673B01,7,1,1
201300016675,2013-02-27,2013,février,mercredi,11:00,14,14118,0,0,2,1,3,1,1,4,1,01,1,1,000,000,1,0,1,4,1,33,5,1,9,00,2,1,1,201300016675A01,7,14,1
201300016715,2013-06-20,2013,juin,jeudi,18:30,14,14341,49.1543,-0.3533,2,1,3,1,1,4,2,02,1,1,000,070,1,0,1,3,1,6,2,1,2,00,2,1,19,201300016715B01,7,1,1
201300016727,2013-09-12,2013,septembre,jeudi,20:45,14,14118,0,0,2,1,6,5,1,4,2,02,1,1,000,070,1,0,1,3,2,26,0,1,9,00,2,8,15,201300016727A01,99,17,1
201300016728,2013-09-14,2013,septembre,samedi,16:15,14,14587,0,0,2,1,6,1,1,4,2,02,1,1,000,000,1,0,1,3,1,7,5,1,9,00,2,1,1,201300016728B01,7,1,1
201300016741,2013-10-28,2013,octobre,lundi,16:30,14,14118,0,0,2,1,6,1,2,4,2,02,1,1,016,070,2,0,1,3,1,59,1,1,2,01,0,1,1,201300016741B01,7,22,1
201300016766,2013-08-05,2013,août,lundi,17:55,14,14117,0,0,2,2,3,1,1,3,2,02,1,1,000,000,1,0,1,4,1,53,5,1,9,00,0,1,2,201300016766B01,7,2,1
201300016769,2013-08-15,2013,août,jeudi,11:45,14,14338,0,0,2,3,3,1,1,4,2,02,1,1,000,060,1,5,1,4,1,18,5,1,9,00,2,7,1,201300016769B01,7,15,1
201300016772,2013-09-25,2013,septembre,mercredi,18:00,14,14117,0,0,2,1,7,1,1,9,2,03,1,1,000,090,9,0,0,4,1,66,5,1,9,15,0,1,0,201300016772A01,,,
201300016774,2013-11-30,2013,novembre,samedi,13:25,14,14225,0,0,2,3,3,1,1,3,2,02,1,-1,086,086,1,0,1,4,1,32,5,1,9,00,2,7,0,201300016774A01,7,16,1
201300016786,2013-09-11,2013,septembre,mercredi,18:30,30,30135,43.83037,4.56379,2,1,1,1,1,3,2,02,1,1,000,075,1,0,1,4,1,54,5,1,2,00,2,8,0,201300016786B02,7,19,1
201300016786,2013-09-11,2013,septembre,mercredi,18:30,30,30135,43.83037,4.56379,2,1,1,1,1,3,2,02,1,1,000,075,1,0,1,3,1,32,0,1,2,00,2,8,0,201300016786B02,7,19,1
201300016788,2013-11-04,2013,novembre,lundi,11:45,30,30034,43.718,4.45978,1,1,2,1,1,3,2,02,2,1,000,065,1,0,1,2,1,61,5,1,1,00,2,4,2,201300016788B02,7,1,1
201300016819,2013-06-23,2013,juin,dimanche,15:30,14,14536,49.4087,0.24692,2,2,3,1,1,4,2,02,2,3,000,068,1,5,1,4,1,8,5,1,2,00,2,1,1,201300016819B01,7,1,1
201300016826,2013-09-14,2013,septembre,samedi,18:40,14,14333,0,0,2,1,3,1,8,4,2,02,1,1,076,049,1,0,1,3,2,9,5,1,9,00,0,1,19,201300016826B01,7,1,1
201300016874,2013-12-20,2013,décembre,vendredi,16:15,37,37281,0,0,1,1,6,1,1,4,2,01,-1,1,000,070,1,0,1,3,2,52,5,1,2,00,2,4,2,201300016874B02,99,2,1
201300016905,2013-04-20,2013,avril,samedi,11:30,14,14574,49.1255,0.18967,2,1,4,1,1,3,2,02,1,1,000,000,1,0,1,3,1,44,5,1,2,00,2,3,1,201300016905B01,7,17,1
201300016905,2013-04-20,2013,avril,samedi,11:30,14,14574,49.1255,0.18967,2,1,4,1,1,3,2,02,1,1,000,000,1,0,1,4,2,47,5,1,2,00,2,8,1,201300016905C01,7,17,1
201300016932,2013-09-12,2013,septembre,jeudi,17:25,14,14366,0,0,2,1,3,1,1,4,1,01,1,1,000,000,1,0,1,4,1,14,2,1,9,00,2,0,19,201300016932B01,2,5,1
201300016946,2013-08-05,2013,août,lundi,20:15,37,37083,0,0,2,1,1,1,1,4,2,02,-1,1,000,000,1,0,1,3,1,10,5,1,2,00,2,1,0,201300016946A01,7,1,1
201300016950,2013-08-09,2013,août,vendredi,17:00,87,87088,0,0,1,1,1,1,1,3,3,02,3,1,000,065,1,0,1,3,1,15,0,1,1,00,2,8,19,201300016950B02,10,1,1
201300016999,2013-08-20,2013,août,mardi,84:5,27,27679,48.756,0.942,1,1,2,1,1,3,2,02,1,1,000,060,1,0,1,3,1,35,5,1,2,00,2,4,2,201300016999B02,14,2,1
201300017033,2013-06-10,2013,juin,lundi,16:00,04,04046,0,0,1,1,3,1,1,3,2,00,2,2,000,035,1,0,1,3,1,61,5,1,2,00,2,8,1,201300017033A01,7,0,1
201300017089,2013-08-17,2013,août,samedi,14:00,24,24082,44.8322,1.29087,1,9,3,1,1,4,2,02,1,4,000,046,1,0,1,3,1,11,5,1,2,00,2,1,19,201300017089B02,7,1,1
201300017152,2013-10-02,2013,octobre,mercredi,10:15,07,07181,0,0,1,1,3,1,1,3,2,02,1,1,000,066,1,0,1,3,1,74,5,1,2,00,2,8,1,201300017152B02,7,1,1
201300017156,2013-04-22,2013,avril,lundi,15:45,07,07191,0,0,1,1,3,1,1,4,2,00,4,3,000,050,1,0,1,3,2,8,5,1,1,00,2,3,13,201300017156A01,7,1,1
201300017165,2013-06-28,2013,juin,vendredi,14:00,07,07017,0,0,1,1,6,1,1,3,2,02,-1,1,000,063,1,0,4,4,1,16,5,1,2,00,0,4,0,201300017165A01,,,
201300017174,2013-10-30,2013,octobre,mercredi,18:00,07,07052,0,0,1,9,1,3,1,3,2,02,2,1,000,070,1,0,1,3,1,52,5,1,2,00,2,1,1,201300017174B02,7,19,1
201300017203,2013-06-01,2013,juin,samedi,19:30,16,16275,45.91516,-0.13234,1,1,1,1,1,4,2,02,2,1,000,037,1,0,3,3,1,10,5,1,2,00,2,1,13,201300017203B02,7,21,1
201300017213,2013-07-25,2013,juillet,jeudi,12:00,36,36046,46.5764,1.99738,2,1,6,1,1,3,2,02,2,1,000,060,1,0,1,3,1,60,5,1,2,00,5,0,1,201300017213A01,,,
201300017221,2013-04-10,2013,avril,mercredi,11:30,36,36006,46.5916,1.52301,2,4,3,1,1,3,2,02,2,2,000,070,1,5,1,3,1,55,5,1,2,00,2,1,1,201300017221B02,7,15,1
201300017233,2013-06-26,2013,juin,mercredi,17:45,10,10033,48.23028,4.71796,2,3,3,1,1,4,2,02,1,1,,,-1,0,1,3,1,9,5,1,9,00,2,1,19,201300017233A01,7,1,1
201300017236,2013-11-05,2013,novembre,mardi,10:45,10,10032,0,0,1,1,2,1,2,3,2,02,2,1,,061,2,0,1,2,1,51,5,1,2,00,2,4,1,201300017236B02,7,1,1
201300017275,2013-12-04,2013,décembre,mercredi,15:00,18,18075,47.01269,3.05871,2,1,3,1,1,3,2,02,1,1,000,070,1,0,1,3,1,58,0,1,9,00,2,8,13,201300017275B02,7,17,1
201300017299,2013-03-16,2013,mars,samedi,10:30,18,18197,46.72398,2.50432,2,1,6,1,1,4,1,01,1,1,,050,1,6,4,1,2,15,5,1,9,00,1,2,5,201300017299A01,,,
201300017306,2013-11-11,2013,novembre,lundi,13:00,18,18197,46.7217,2.50671,2,2,1,1,1,4,1,01,1,1,000,050,1,0,1,4,1,15,5,1,9,00,2,2,1,201300017306A01,7,1,1
201300017333,2013-02-16,2013,février,samedi,11:45,18,18290,47.27377,2.23292,1,1,2,1,8,3,2,00,1,1,000,070,2,0,1,3,1,61,5,1,2,01,0,1,1,201300017333B02,7,24,1
201300017334,2013-03-10,2013,mars,dimanche,18:45,18,18011,47.57,2.465,1,1,3,2,1,3,2,00,1,1,000,073,1,0,1,3,1,67,5,1,9,00,2,8,15,201300017334B02,7,17,1
201300017348,2013-07-11,2013,juillet,jeudi,17:00,18,18237,47.07783,2.18058,1,6,2,1,1,3,2,02,1,1,,,1,,,4,1,44,1,1,2,00,0,4,1,201300017348B02,7,2,1
201300017361,2013-12-11,2013,décembre,mercredi,12:15,73,73103,45.6546,5.9135,1,4,3,1,1,3,2,02,1,1,000,070,1,5,1,3,1,15,5,1,2,00,2,3,9,201300017361B02,7,1,1
201300017367,2013-06-07,2013,juin,vendredi,17:30,73,73051,0,0,1,1,3,1,1,9,2,00,1,1,000,050,1,0,5,3,1,64,5,1,2,00,9,3,19,201300017367B02,1,0,1
201300017367,2013-06-07,2013,juin,vendredi,17:30,73,73051,0,0,1,1,3,1,1,9,2,00,1,1,000,050,1,0,5,4,1,19,5,1,2,00,9,1,0,201300017367A01,1,19,1
201300017368,2013-06-16,2013,juin,dimanche,14:00,73,73051,45.65513,5.83551,1,1,7,1,1,3,2,02,2,3,000,046,1,0,3,2,1,61,5,1,2,00,0,0,1,201300017368A01,,,
201300017380,2013-09-14,2013,septembre,samedi,12:15,73,73256,45.20784,6.45796,1,1,1,1,1,3,2,00,2,3,000,080,1,0,0,3,1,38,5,1,2,00,2,0,1,201300017380B02,7,13,1
201300017404,2013-07-02,2013,juillet,mardi,14:30,64,64443,0,0,2,1,3,1,1,3,2,02,-1,1,000,068,1,0,1,3,1,14,5,1,1,00,2,1,19,201300017404A01,7,1,1
201300017411,2013-04-08,2013,avril,lundi,18:15,45,45300,47.84406,2.02489,2,1,1,1,1,4,2,02,1,2,000,048,1,0,1,3,1,13,5,1,9,00,2,1,13,201300017411A01,7,1,1
201300017450,2013-07-10,2013,juillet,mercredi,12:45,60,60472,0,0,2,2,3,1,1,4,2,01,1,2,000,028,-1,0,1,3,1,11,5,1,2,00,2,1,1,201300017450B02,7,0,1
201300017453,2013-07-28,2013,juillet,dimanche,94:5,60,60084,0,0,1,1,1,1,1,3,2,02,-1,1,000,067,1,0,1,3,1,57,5,1,2,00,2,4,1,201300017453B02,7,2,1
201300017494,2013-08-05,2013,août,lundi,74:5,60,60582,49.481,2.942,1,1,3,1,1,4,2,02,1,1,000,030,1,0,1,3,2,66,5,1,2,00,2,6,1,201300017494B02,7,17,1