Num_Acc,date,an,mois,jour,hrmn,dep,com,lat,long,agg,int,col,lum,atm,catr,circ,nbv,prof,plan,lartpc,larrout,surf,infra,situ,grav,sexe,age,trajet,secuexist,equipement,obs,obsm,choc,manv,vehiculeid,typevehicules,manoeuvehicules,numVehicules
201300017519,2013-08-09,2013,août,vendredi,94:5,83,83084,0,0,1,1,6,1,1,3,2,02,1,-1,000,054,1,0,1,3,2,64,5,1,2,00,2,4,2,201300017519B02,99,0,1
201300017551,2013-04-24,2013,avril,mercredi,16:00,50,50082,49.47,-1.64118,2,2,3,1,1,3,2,02,1,1,000,000,1,0,1,3,1,48,5,1,2,00,2,1,1,201300017551B01,7,19,1
201300017603,2013-07-24,2013,juillet,mercredi,15:15,06,06158,43.941,7.087,2,1,3,1,1,3,2,02,1,1,000,071,1,0,3,4,1,44,5,1,2,00,2,8,1,201300017603B02,7,13,1
201300017615,2013-03-17,2013,mars,dimanche,91:5,72,72358,0,0,2,1,2,1,1,3,2,02,2,1,000,070,2,0,1,3,1,64,5,1,2,00,2,8,13,201300017615B02,7,17,1
201300017618,2013-08-28,2013,août,mercredi,18:30,72,72089,0,0,1,1,3,1,1,3,2,02,3,1,000,065,1,0,1,3,1,47,5,1,2,00,2,6,19,201300017618A01,7,1,1
201300017645,2013-06-05,2013,juin,mercredi,10:45,54,54465,48.47139,6.29509,2,1,3,1,1,3,2,00,-1,1,000,000,1,0,1,4,1,6,5,1,1,00,2,1,19,201300017645B02,7,1,1
201300017660,2013-09-06,2013,septembre,vendredi,16:00,66,66024,0,0,1,1,1,1,1,4,2,00,2,3,000,080,1,0,1,3,1,51,5,1,2,00,2,8,1,201300017660B02,7,15,1
201300017664,2013-03-30,2013,mars,samedi,15:20,14,14220,49.3628,0.08486,2,1,2,1,1,3,3,04,1,1,000,000,1,0,1,4,1,22,5,1,9,00,2,1,1,201300017664B01,7,23,1
201300017680,2013-09-22,2013,septembre,dimanche,92:5,14,14699,0,0,2,1,6,1,1,4,2,02,1,1,000,000,1,0,1,1,1,74,5,1,9,00,1,1,1,201300017680A01,,,
201300017798,2013-03-11,2013,mars,lundi,14:00,01,01052,46.0254,4.99055,1,3,3,1,1,3,2,02,1,1,000,063,1,5,1,3,1,78,5,1,2,00,2,5,1,201300017798B01,13,9,1
201300017801,2013-08-13,2013,août,mardi,95:5,01,01005,45.9987,4.9024,2,2,3,1,1,3,2,02,1,1,000,075,1,0,1,4,1,64,5,1,8,00,2,8,1,201300017801B01,7,15,1
201300017839,2013-03-08,2013,mars,vendredi,17:15,03,03109,0,0,2,3,3,1,1,3,2,02,1,1,000,050,1,0,1,3,1,14,0,1,2,00,2,1,19,201300017839B02,7,1,1
201300017847,2013-08-03,2013,août,samedi,10:45,84,84017,44.14,5.304,1,1,7,1,2,3,2,02,-1,3,000,060,2,0,1,2,1,60,5,1,1,00,0,0,0,201300017847A01,,,
201300017868,2013-06-05,2013,juin,mercredi,23:30,02,02154,49.309,3.409,2,1,7,4,1,3,2,02,2,1,000,054,1,0,1,2,1,51,5,1,2,00,0,1,1,201300017868A01,,,
201300017894,2013-08-26,2013,août,lundi,19:30,38,38529,0,0,2,1,1,1,1,3,2,02,2,1,000,070,1,0,1,3,2,31,5,1,2,00,2,8,19,201300017894A01,7,1,1
201300017902,2013-07-07,2013,juillet,dimanche,11:15,38,38039,0,0,1,1,7,1,1,3,2,01,2,2,000,075,9,0,1,3,1,75,5,1,2,14,0,0,1,201300017902A01,,,
201300017948,2013-08-13,2013,août,mardi,13:45,29,29165,47.80847,-4.22555,1,1,1,1,1,3,2,02,1,1,000,000,1,0,1,2,1,49,9,1,1,00,2,1,13,201300017948A01,10,17,1
201300017989,2013-08-17,2013,août,samedi,15:15,35,35320,0,0,2,1,1,1,1,3,-1,02,-1,1,000,054,1,0,1,3,1,64,5,1,2,00,2,3,1,201300017989B02,7,13,1
201300018006,2013-07-06,2013,juillet,samedi,16:00,35,35299,0,0,1,1,6,3,1,3,2,00,-1,-1,000,000,1,0,0,3,2,30,1,1,4,00,0,4,0,201300018006B02,99,0,1
201300018043,2013-03-17,2013,mars,dimanche,11:15,44,44005,0,0,1,1,7,1,6,4,2,02,1,1,000,070,2,0,1,3,1,49,5,1,2,00,0,0,1,201300018043A01,,,
201300018047,2013-06-24,2013,juin,lundi,15:45,44,44169,0,0,1,1,1,1,1,3,2,02,1,1,000,056,1,0,1,3,2,62,5,1,2,00,0,6,13,201300018047B02,7,21,1
201300018059,2013-04-26,2013,avril,vendredi,12:00,44,44069,0,0,1,1,3,1,1,3,2,02,1,1,060,000,1,0,1,3,1,15,3,1,2,00,2,6,15,201300018059B02,7,13,1
201300018075,2013-06-13,2013,juin,jeudi,11:00,25,25259,0,0,2,1,2,1,1,3,2,02,1,2,000,069,1,0,1,3,1,59,5,1,2,00,2,4,1,201300018075B02,10,1,1
201300018088,2013-06-20,2013,juin,jeudi,94:5,39,39552,0,0,1,1,2,1,1,3,2,02,2,1,000,000,1,0,1,3,1,46,5,1,2,00,2,6,1,201300018088B02,10,17,1
201300018105,2013-01-24,2013,janvier,jeudi,17:45,22,22375,48.6163,-2.98416,2,4,3,4,8,3,2,02,1,1,,,1,0,1,3,1,8,5,1,9,00,2,8,15,201300018105B02,7,1,1
201300018106,2013-06-11,2013,juin,mardi,16:30,22,22236,48.66334,-2.98636,2,1,3,1,1,3,2,00,1,1,000,040,1,0,1,3,2,21,5,1,2,00,2,1,19,201300018106A01,7,1,1
201300018119,2013-07-12,2013,juillet,vendredi,15:15,22,22338,48.64218,-3.17925,1,1,1,1,1,3,2,02,1,2,000,036,1,0,1,3,1,42,5,1,2,00,2,1,13,201300018119B02,14,1,1
201300018128,2013-05-18,2013,mai,samedi,11:45,68,68232,47.52483,7.50787,1,1,1,1,1,9,2,00,2,2,016,032,1,0,5,3,1,49,5,1,2,00,2,1,13,201300018128B02,7,1,1
201300018146,2013-05-21,2013,mai,mardi,11:45,34,34299,0,0,2,1,3,1,1,3,3,02,1,1,015,081,1,5,0,3,2,68,5,1,1,00,2,8,19,201300018146B02,7,1,1
201300018148,2013-09-03,2013,septembre,mardi,15:45,34,34036,43.688,3.359,2,6,3,1,1,3,1,02,1,2,000,000,1,0,1,3,2,58,5,1,2,00,2,3,1,201300018148B02,10,16,1
201300018156,2013-09-27,2013,septembre,vendredi,14:45,34,34175,0,0,1,1,3,1,2,3,2,02,4,4,000,070,2,0,1,4,1,61,5,1,2,00,0,0,0,201300018156B02,7,14,1
201300018169,2013-09-10,2013,septembre,mardi,11:34,15,15014,0,0,2,1,3,1,1,4,2,03,1,1,000,120,1,0,4,3,1,68,5,1,2,00,2,3,1,201300018169B01,7,9,1
201300018179,2013-11-12,2013,novembre,mardi,16:30,34,34332,0,0,1,1,2,1,1,3,-1,02,-1,1,000,082,1,0,1,4,2,70,0,1,2,00,0,4,2,201300018179B02,7,2,1
201300018198,2013-11-23,2013,novembre,samedi,11:00,86,86290,0,0,2,1,6,1,1,9,2,02,1,1,000,000,1,0,1,4,1,63,5,1,2,00,5,1,1,201300018198A01,,,
201300018206,2013-05-23,2013,mai,jeudi,17:45,86,86281,0,0,1,2,5,1,1,4,2,01,1,1,000,050,1,5,1,4,1,12,5,1,2,00,2,4,16,201300018206C03,7,1,1
201300018206,2013-05-23,2013,mai,jeudi,17:45,86,86281,0,0,1,2,5,1,1,4,2,01,1,1,000,050,1,5,1,3,1,13,5,1,2,00,2,8,16,201300018206B02,7,1,1
201300018210,2013-08-07,2013,août,mercredi,20:00,86,86144,0,0,2,3,3,1,1,4,2,02,1,-1,000,040,1,0,1,4,1,15,5,1,8,00,2,1,15,201300018210B02,31,1,1
201300018221,2013-10-09,2013,octobre,mercredi,16:30,86,86137,0,0,2,1,3,1,1,9,2,01,1,1,000,035,1,0,1,3,1,64,5,1,2,00,2,1,18,201300018221A01,7,1,1
201300018229,2013-08-08,2013,août,jeudi,90:0,29,29140,48.35612,-4.31472,1,1,2,1,1,4,2,00,2,1,000,046,1,0,1,3,1,53,1,1,2,00,2,4,2,201300018229B02,7,2,1
201300018243,2013-08-19,2013,août,lundi,11:00,41,41150,47.5625,1.45502,2,6,3,1,1,3,2,02,1,1,000,000,1,5,1,2,1,77,5,1,2,00,2,8,1,201300018243B02,7,9,1
201300018255,2013-07-17,2013,juillet,mercredi,20:00,41,41051,47.3564,1.13897,1,1,2,1,1,3,2,02,1,1,000,055,1,0,1,2,1,52,5,1,2,00,2,4,1,201300018255B02,7,2,1
201300018292,2013-12-31,2013,décembre,mardi,15:00,47,47310,0,0,2,1,1,1,1,3,2,02,1,1,000,060,1,0,1,3,1,60,5,1,9,00,0,6,19,201300018292A01,33,1,1
201300018311,2013-10-25,2013,octobre,vendredi,18:00,42,42097,45.5021,4.32117,2,1,1,1,1,9,2,02,1,4,000,053,1,0,1,3,1,13,5,1,8,00,0,1,1,201300018311B02,7,0,1
201300018312,2013-11-13,2013,novembre,mercredi,16:00,42,42030,45.81059,4.03943,1,1,1,1,1,3,-1,02,2,1,000,062,1,0,1,2,1,85,0,1,1,00,2,4,1,201300018312B02,7,1,1
201300018321,2013-09-21,2013,septembre,samedi,10:45,42,42334,45.84967,4.30372,1,1,3,1,7,3,2,02,2,1,000,000,1,0,1,3,1,72,5,1,2,00,2,1,1,201300018321B02,7,15,1
201300018366,2013-03-17,2013,mars,dimanche,11:15,49,49101,47.65078,-0.07261,1,1,2,1,1,3,2,02,2,1,052,000,1,0,1,3,2,53,5,1,2,00,0,4,2,201300018366B02,30,2,1
201300018385,2013-08-14,2013,août,mercredi,15:00,55,55002,49.205,5.557,1,1,3,1,1,3,2,00,1,1,000,080,1,0,1,4,1,37,5,1,2,00,2,8,1,201300018385B02,10,17,1
201300018395,2013-03-25,2013,mars,lundi,16:30,61,61210,48.67069,-0.15189,1,1,1,1,1,4,2,02,2,1,000,060,1,0,1,3,1,67,5,1,2,00,2,8,2,201300018395B02,7,17,1
201300018400,2013-07-31,2013,juillet,mercredi,15:00,61,61145,48.83011,-0.58271,1,1,3,1,1,3,2,02,1,1,000,070,1,0,1,3,1,22,5,1,2,00,2,3,13,201300018400B02,14,17,1
201300018401,2013-09-03,2013,septembre,mardi,11:30,61,61091,48.58797,-0.50067,1,1,2,1,7,3,2,02,1,1,000,074,1,0,1,3,1,65,5,1,2,00,2,4,2,201300018401B02,7,17,1
201300018421,2013-10-29,2013,octobre,mardi,11:15,61,61345,48.42973,0.75458,1,1,2,1,1,3,2,02,1,1,000,060,1,0,1,3,1,69,5,1,2,00,2,6,0,201300018421B02,7,2,1
201300018491,2013-07-06,2013,juillet,samedi,18:15,89,89226,0,0,2,1,1,1,1,3,2,02,1,-1,050,000,1,0,1,3,2,54,1,1,2,00,2,1,16,201300018491B02,7,17,1
201300018536,2013-05-07,2013,mai,mardi,14:30,71,71535,47.006,4.25466,1,1,3,1,1,4,2,00,2,1,031,031,1,0,1,4,1,80,5,1,2,00,2,8,1,201300018536B02,7,17,1
201300018543,2013-09-05,2013,septembre,jeudi,71:5,71,71162,0,0,1,1,1,1,7,3,2,03,2,1,000,085,1,0,1,3,1,77,5,1,2,00,0,4,2,201300018543B02,10,2,1
201300018546,2013-07-05,2013,juillet,vendredi,12:00,71,71192,46.86674,4.19916,2,6,3,1,1,3,-1,02,2,4,000,080,1,5,1,4,1,57,1,1,2,00,2,1,1,201300018546B02,7,9,1
201300018547,2013-04-14,2013,avril,dimanche,94:5,71,71191,0,0,1,1,1,1,1,3,2,00,-1,-1,000,000,1,0,1,3,1,32,5,1,2,00,2,0,16,201300018547A01,10,1,1
201300018557,2013-08-06,2013,août,mardi,84:5,71,71380,0,0,2,1,3,1,1,3,2,02,2,1,000,000,1,5,1,2,1,90,5,1,2,00,2,8,1,201300018557B02,7,15,1
201300018580,2013-02-23,2013,février,samedi,14:00,69,69063,0,0,2,1,1,1,1,3,2,02,1,1,000,070,1,0,1,3,1,51,5,1,2,00,0,0,1,201300018580B02,10,1,1
201300018609,2013-09-09,2013,septembre,lundi,17:45,65,65460,43.36911,0.06136,2,1,2,1,1,3,2,02,1,1,000,000,1,5,1,3,1,10,5,1,2,00,2,6,15,201300018609B02,7,1,1
201300018611,2013-05-20,2013,mai,lundi,12:30,65,65395,43.10246,-0.17034,2,1,6,1,1,3,2,00,-1,1,000,000,1,5,1,4,1,49,5,1,2,00,1,1,0,201300018611A01,,,
201300018613,2013-09-02,2013,septembre,lundi,18:30,65,65029,42.99176,-0.12923,2,1,7,1,1,3,2,00,2,1,000,000,1,0,1,4,1,55,5,1,2,14,0,0,1,201300018613A01,,,
201300018615,2013-09-09,2013,septembre,lundi,18:30,65,65388,42.82173,0.32801,2,6,1,1,1,3,2,00,1,3,261,000,1,5,1,3,1,55,5,1,2,00,0,7,6,201300018615B02,10,6,1
201300018697,2013-11-10,2013,novembre,dimanche,14:45,80,80182,0,0,1,1,7,1,6,3,2,02,1,1,000,060,1,0,1,3,1,31,0,1,2,00,0,1,1,201300018697A01,,,
201300018713,2013-12-27,2013,décembre,vendredi,17:30,80,80030,0,0,1,1,2,3,2,3,-1,02,1,1,000,065,2,0,1,2,1,42,5,1,4,00,2,4,1,201300018713B02,7,1,1
201300018714,2013-04-13,2013,avril,samedi,16:15,80,80253,0,0,1,1,3,1,2,2,2,02,2,1,000,000,2,0,1,3,1,39,5,1,4,00,2,8,2,201300018714B02,7,14,1
201300018723,2013-01-31,2013,janvier,jeudi,15:00,80,80318,0,0,1,1,2,1,6,3,2,02,1,1,000,070,1,0,1,4,1,51,5,1,2,00,0,4,1,201300018723B02,7,1,1
201300018760,2013-07-27,2013,juillet,samedi,20:45,80,80432,0,0,2,1,1,1,2,3,2,02,-1,-1,000,000,2,0,0,3,1,14,5,1,2,00,2,1,19,201300018760A01,7,1,1
201300018764,2013-10-02,2013,octobre,mercredi,15:30,80,80295,49.92859,2.67349,2,1,1,1,1,4,2,02,2,2,000,059,1,0,1,4,1,8,5,1,2,00,2,1,13,201300018764A01,7,1,1
201300018768,2013-01-04,2013,janvier,vendredi,18:30,80,80616,0,0,1,1,1,3,5,3,2,02,4,1,000,070,2,0,1,3,1,43,1,1,2,00,0,4,2,201300018768B02,7,2,1
201300018823,2013-02-15,2013,février,vendredi,16:00,79,79254,0,0,1,2,1,1,1,3,2,02,2,1,000,151,1,5,1,3,1,63,5,1,2,00,2,1,1,201300018823B02,7,19,1
201300018825,2013-06-14,2013,juin,vendredi,17:45,79,79257,0,0,2,4,1,1,1,3,2,02,1,1,000,056,1,0,1,3,1,14,5,1,2,00,0,3,15,201300018825B02,7,1,1
201300018830,2013-11-03,2013,novembre,dimanche,17:30,79,79031,0,0,2,2,1,2,9,3,2,02,3,1,000,000,1,0,1,3,1,20,5,1,2,00,2,7,19,201300018830A01,7,1,1
201300018860,2013-03-23,2013,mars,samedi,12:30,79,79188,0,0,2,9,3,1,1,3,3,00,3,3,000,052,1,0,1,3,1,15,5,1,9,00,2,8,19,201300018860B02,7,1,1
201300018866,2013-12-23,2013,décembre,lundi,13:45,79,79007,0,0,1,1,1,1,1,4,2,00,2,4,000,051,1,0,1,3,1,18,5,1,2,00,2,8,13,201300018866A01,7,1,1
201300018870,2013-01-28,2013,janvier,lundi,14:15,76,76482,49.86906,1.04897,2,1,6,1,1,3,2,00,1,1,000,159,1,5,1,3,1,67,5,1,9,00,2,8,1,201300018870A01,7,1,1
201300018913,2013-08-22,2013,août,jeudi,17:45,67,67188,0,0,1,6,3,1,1,3,-1,00,1,-1,000,000,1,5,0,3,1,53,5,1,2,00,2,4,1,201300018913A01,7,1,1
201300018933,2013-05-07,2013,mai,mardi,19:30,77,77347,0,0,2,2,3,2,1,3,2,02,1,1,000,000,1,5,1,4,1,55,5,1,2,00,0,1,1,201300018933B02,7,1,1
201300018943,2013-02-01,2013,février,vendredi,12:00,74,74255,0,0,1,4,3,1,2,4,2,00,-1,1,000,000,2,0,1,3,1,16,1,1,1,00,2,1,9,201300018943A01,7,1,1
201300018971,2013-03-16,2013,mars,samedi,14:00,74,74269,0,0,1,1,1,1,1,3,2,01,2,1,000,034,1,0,1,3,1,49,5,1,2,00,2,1,1,201300018971B02,30,1,1
201300018972,2013-06-17,2013,juin,lundi,12:30,74,74195,0,0,1,1,1,1,1,3,2,02,1,2,000,070,1,0,1,1,1,39,5,1,9,00,0,8,10,201300018972B02,33,2,1
201300018977,2013-04-26,2013,avril,vendredi,14:45,59,59663,50.8822,2.47192,2,1,1,1,1,3,2,02,1,1,000,060,2,0,1,4,1,11,5,1,1,00,2,7,19,201300018977B02,7,1,1
201300018986,2013-07-11,2013,juillet,jeudi,94:5,56,56067,0,0,1,2,1,1,1,3,2,02,2,1,000,063,1,0,1,3,1,64,5,1,2,00,2,1,19,201300018986B02,7,1,1
201300018993,2013-07-03,2013,juillet,mercredi,16:45,56,56184,0,0,1,1,2,1,1,3,2,02,4,1,000,050,1,0,1,2,1,77,5,1,2,00,2,9,1,201300018993B02,15,1,1
201300018997,2013-12-09,2013,décembre,lundi,16:15,56,56206,0,0,1,1,2,1,7,3,2,02,3,2,000,000,1,0,1,3,1,34,0,1,2,00,2,4,2,201300018997B02,14,2,1
201300019003,2013-09-21,2013,septembre,samedi,22:00,56,56258,47.5865,-3.02705,2,1,2,5,1,3,3,02,1,1,007,035,1,0,1,3,2,54,5,1,2,00,2,4,1,201300019003B02,33,1,1
201300019005,2013-01-03,2013,janvier,jeudi,15:00,56,56078,47.79021,-3.47537,1,1,6,1,1,4,2,00,-1,1,000,045,1,0,1,3,1,62,5,1,2,00,5,7,1,201300019005A01,,,
201300019007,2013-06-18,2013,juin,mardi,15:00,56,56036,0,0,1,1,1,1,1,3,2,00,1,1,039,062,1,2,1,3,1,77,5,1,2,00,2,1,1,201300019007B02,15,15,1
201300019018,2013-04-23,2013,avril,mardi,11:00,56,56193,47.71364,-3.33149,2,6,3,1,1,4,2,02,1,1,000,000,1,5,1,3,1,63,5,1,2,00,2,1,1,201300019018B02,7,9,1
201300019019,2013-05-22,2013,mai,mercredi,73:0,56,56013,0,0,2,6,3,1,1,3,2,00,1,1,000,044,1,5,1,3,1,53,1,1,2,00,2,1,1,201300019019B02,7,9,1
201300019041,2013-08-04,2013,août,dimanche,19:00,56,56187,47.88969,-2.45442,1,1,1,1,1,4,2,00,1,1,000,047,1,0,1,3,1,9,5,1,2,00,2,3,15,201300019041B02,7,1,1
201300019042,2013-08-07,2013,août,mercredi,10:45,56,56190,47.98216,-2.7702,1,1,1,1,1,4,2,01,1,1,000,042,1,0,1,3,2,61,5,1,9,00,2,1,1,201300019042B02,7,16,1
201300019078,2013-03-23,2013,mars,samedi,13:30,19,19019,44.989,1.826,1,1,2,1,1,3,2,02,1,1,000,062,1,0,1,3,1,65,5,1,2,00,2,4,1,201300019078B02,10,1,1
201300019098,2013-10-17,2013,octobre,jeudi,11:30,56,56094,0,0,1,1,2,1,1,3,2,02,4,3,000,000,1,0,1,2,1,73,5,1,2,00,2,8,1,201300019098B02,7,1,1
201300019125,2013-08-01,2013,août,jeudi,11:00,51,51261,0,0,2,6,1,1,1,3,1,01,1,2,100,052,1,5,1,3,1,83,5,1,9,00,2,1,5,201300019125A01,7,15,1
201300019126,2013-10-23,2013,octobre,mercredi,17:15,51,51440,0,0,2,1,1,1,1,3,1,01,2,1,000,050,1,0,1,2,2,8,5,1,1,00,2,4,13,201300019126B02,15,1,1
201300019133,2013-09-07,2013,septembre,samedi,19:30,51,51507,0,0,1,3,3,1,1,3,2,02,-1,1,000,068,1,0,1,3,1,19,5,1,2,00,2,1,15,201300019133B02,7,1,1
201300019140,2013-08-22,2013,août,jeudi,54:5,95,95056,49.0959,2.3616,1,1,3,3,1,3,2,02,1,1,,,1,0,1,3,1,34,1,1,9,00,2,1,1,201300019140B02,13,15,1
201300019145,2013-06-08,2013,juin,samedi,16:30,89,89291,48.115,3.286,1,1,3,1,1,3,2,03,3,1,000,100,1,0,1,3,1,55,5,1,4,00,2,8,19,201300019145A01,7,1,1
201300019150,2013-04-22,2013,avril,lundi,15:30,57,57193,49.22902,6.21087,1,9,3,1,7,4,2,02,1,1,000,082,1,0,1,3,1,16,5,1,2,00,2,1,19,201300019150A01,17,1,1
201300019167,2013-05-03,2013,mai,vendredi,12:45,35,35051,48.15465,-1.62455,1,6,1,1,1,3,1,03,1,2,000,000,1,5,1,4,1,53,5,1,2,00,2,1,1,201300019167B02,7,9,1
201300019181,2013-03-31,2013,mars,dimanche,17:45,83,83087,0,0,1,1,1,1,1,3,3,02,2,3,061,000,1,0,1,2,1,81,5,1,2,16,9,0,0,201300019181A01,1,0,1
201300019181,2013-03-31,2013,mars,dimanche,17:45,83,83087,0,0,1,1,1,1,1,3,3,02,2,3,061,000,1,0,1,3,1,70,5,1,2,00,9,0,0,201300019181B02,1,0,1
201300019185,2013-10-29,2013,octobre,mardi,19:30,83,83073,0,0,2,1,2,3,2,3,2,02,2,1,000,100,2,0,1,3,1,27,5,1,4,00,2,5,2,201300019185B02,7,2,1
201300019216,2013-02-07,2013,février,jeudi,16:30,34,34169,43.6678,3.8557,1,3,1,1,1,4,2,02,-1,1,,006,-1,0,0,2,1,41,5,1,2,00,2,1,1,201300019216B02,7,15,1
201300019226,2013-10-16,2013,octobre,mercredi,17:45,34,34077,0,0,2,1,2,1,1,4,2,02,1,1,000,070,1,0,1,3,2,82,5,1,2,00,2,4,2,201300019226B02,7,2,1
201300019227,2013-11-22,2013,novembre,vendredi,15:00,34,34090,0,0,1,1,3,1,8,3,2,00,1,1,000,066,1,0,1,3,1,66,0,1,2,00,2,8,19,201300019227B02,7,15,1
201300019281,2013-09-04,2013,septembre,mercredi,17:35,16,16154,45.67837,0.17525,2,1,2,1,1,3,2,02,1,1,000,046,1,0,1,3,1,16,5,1,4,00,2,1,1,201300019281B01,7,15,1
201300019290,2013-10-30,2013,octobre,mercredi,17:30,16,16113,45.61092,0.10145,2,1,2,2,1,3,1,01,2,1,000,036,1,5,1,4,1,13,5,1,2,00,2,1,2,201300019290A01,7,23,1
201300019298,2013-08-19,2013,août,lundi,15:25,16,16015,45.64768,0.16443,2,6,3,1,1,4,2,01,2,2,017,078,1,0,1,4,2,24,5,1,9,00,2,1,2,201300019298B01,7,10,1
201300019310,2013-06-07,2013,juin,vendredi,72:5,16,16102,45.69442,-0.34764,2,6,2,1,1,2,1,01,1,2,400,085,1,5,1,3,1,42,1,1,9,00,2,4,9,201300019310B01,7,1,1
201300019312,2013-06-10,2013,juin,lundi,84:0,16,16089,45.67877,-0.31148,2,6,3,1,1,3,1,01,1,1,200,070,1,5,1,3,1,50,1,1,9,00,2,5,16,201300019312B01,7,15,1
201300019314,2013-09-04,2013,septembre,mercredi,81:0,16,16102,45.41302,-0.19375,2,1,7,1,1,3,2,02,1,1,018,057,1,0,1,2,1,57,1,1,9,00,2,8,1,201300019314B01,10,17,1
201300019324,2013-07-14,2013,juillet,dimanche,10:45,77,77006,0,0,1,1,2,1,1,3,2,02,1,1,000,062,1,0,1,3,1,43,5,1,9,00,0,6,2,201300019324B02,7,2,1
201300019336,2013-02-02,2013,février,samedi,10:05,17,17299,45.94768,-0.97184,2,1,6,1,1,4,-1,00,1,1,000,055,1,0,4,1,1,19,0,1,9,00,1,1,0,201300019336A01,,,
201300019343,2013-02-13,2013,février,mercredi,20:05,17,17299,45.92901,-0.95653,2,1,3,5,2,4,1,01,1,1,000,000,2,0,1,3,1,33,0,1,4,00,2,8,1,201300019343B01,7,1,1
201300019347,2013-03-07,2013,mars,jeudi,18:20,17,17299,45.95824,-0.9692,2,6,3,2,2,3,1,01,1,2,000,040,2,5,1,1,1,57,4,1,2,00,2,7,1,201300019347B01,10,9,1
201300019350,2013-03-11,2013,mars,lundi,10:45,17,17299,45.96179,-0.97943,1,1,7,1,2,3,2,02,1,1,000,000,2,0,1,3,1,75,5,1,9,00,2,8,1,201300019350B01,7,1,1
201300019358,2013-04-30,2013,avril,mardi,81:5,17,17449,45.94602,-0.89163,2,6,3,1,2,4,2,02,1,1,000,065,2,0,1,3,2,15,2,1,9,00,2,7,1,201300019358B01,7,1,1
201300019359,2013-05-06,2013,mai,lundi,17:50,17,17299,45.9287,-0.96006,2,1,3,1,1,4,2,01,1,1,000,042,1,0,1,4,1,14,2,1,9,00,2,1,0,201300019359B01,7,1,1
201300019373,2013-06-27,2013,juin,jeudi,17:30,17,17299,45.93017,-0.95974,2,2,3,1,1,4,2,02,1,1,000,060,1,0,1,4,2,64,5,1,9,00,2,7,0,201300019373B01,7,0,1
201300019379,2013-07-29,2013,juillet,lundi,17:30,17,17299,45.94687,-0.9762,2,6,3,1,1,4,1,01,1,2,000,040,1,0,1,4,2,40,1,1,9,00,2,8,0,201300019379B01,7,0,1
201300019381,2013-08-06,2013,août,mardi,19:35,17,17299,45.93881,-0.9628,2,2,3,1,1,4,1,01,1,1,000,050,1,0,1,4,1,16,5,1,9,00,2,8,1,201300019381B01,7,0,1
201300019391,2013-09-16,2013,septembre,lundi,75:5,17,17299,45.9312,-0.97027,2,1,3,1,2,4,2,02,1,1,000,060,2,0,1,4,2,11,2,1,9,01,2,7,1,201300019391B01,7,9,1
201300019394,2013-09-24,2013,septembre,mardi,81:0,17,17299,45.94307,-0.96014,2,6,3,1,1,3,2,02,2,1,000,050,1,0,1,4,2,71,5,1,9,00,2,7,1,201300019394B01,7,9,1
201300019398,2013-10-14,2013,octobre,lundi,16:55,17,17299,45.94106,-0.96014,2,2,3,1,1,4,-1,02,1,1,000,045,1,0,1,4,1,12,2,1,9,00,2,1,1,201300019398A01,7,15,1
201300019400,2013-10-18,2013,octobre,vendredi,18:25,17,17449,45.94364,-0.89138,2,1,1,1,1,4,2,02,1,1,000,100,1,0,1,4,1,12,5,1,9,00,2,1,1,201300019400B01,7,1,1
201300019409,2013-11-20,2013,novembre,mercredi,13:30,17,17299,45.93288,-0.96643,2,1,7,1,1,3,2,02,1,1,000,050,1,0,1,3,1,41,1,1,9,00,0,7,0,201300019409B01,7,0,1
201300019410,2013-11-20,2013,novembre,mercredi,18:45,17,17299,45.94578,-0.95566,2,1,3,5,2,3,2,06,1,1,000,060,2,0,1,4,2,17,5,1,9,00,2,8,2,201300019410B01,7,17,1
201300019417,2013-12-19,2013,décembre,jeudi,94:5,17,17299,45.93099,-0.96577,2,6,3,1,1,3,1,01,1,2,000,050,2,5,1,3,2,17,2,1,9,00,2,8,0,201300019417B01,7,16,1
201300019418,2013-12-19,2013,décembre,jeudi,19:15,17,17449,45.95015,-0.92565,2,3,3,5,2,3,2,02,1,1,000,070,2,0,5,4,1,16,5,1,9,00,2,8,1,201300019418B01,7,9,1
201300019424,2013-01-23,2013,janvier,mercredi,10:23,17,17300,46.1471,-1.15094,2,1,2,1,1,4,-1,01,-1,-1,000,000,-1,0,0,4,2,43,0,1,9,00,0,0,0,201300019424B01,7,0,1
201300019432,2013-02-08,2013,février,vendredi,19:37,17,17300,46.15851,-1.15955,2,1,3,2,1,4,2,02,-1,-1,000,000,-1,0,1,4,2,22,0,1,4,00,2,1,15,201300019432B01,7,1,1
201300019470,2013-05-27,2013,mai,lundi,15:30,17,17300,46.14712,-1.15219,2,1,3,1,1,4,2,02,-1,-1,000,000,-1,0,1,4,2,36,0,1,4,00,2,1,1,201300019470B01,7,16,1
201300019471,2013-05-27,2013,mai,lundi,20:00,17,17300,46.16559,-1.14036,2,1,6,1,1,4,-1,01,-1,-1,000,000,-1,0,1,4,2,46,0,1,9,00,0,0,0,201300019471B01,7,0,1
201300019477,2013-06-19,2013,juin,mercredi,21:05,17,17300,46.17008,-1.15839,2,1,3,1,1,4,1,01,-1,1,000,000,1,0,1,3,2,68,0,1,9,00,0,3,0,201300019477A01,7,0,1