Num_Acc,date,an,mois,jour,hrmn,dep,com,lat,long,agg,int,col,lum,atm,catr,circ,nbv,prof,plan,lartpc,larrout,surf,infra,situ,grav,sexe,age,trajet,secuexist,equipement,obs,obsm,choc,manv,vehiculeid,typevehicules,manoeuvehicules,numVehicules
201300019484,2013-07-04,2013,juillet,jeudi,10:25,17,17300,46.16012,-1.1459,2,1,3,1,1,4,2,02,-1,-1,000,000,-1,0,1,3,1,44,0,1,4,00,2,3,1,201300019484B01,7,12,1
201300019488,2013-07-20,2013,juillet,samedi,15:10,17,17300,46.17554,-1.1956,2,1,6,1,1,4,2,02,1,1,000,000,1,0,1,3,1,15,0,1,9,00,2,1,9,201300019488A01,33,1,1
201300019490,2013-07-24,2013,juillet,mercredi,84:0,17,17300,46.16458,-1.18168,2,3,3,1,1,4,2,02,-1,-1,000,000,-1,0,1,1,2,25,0,1,4,00,2,2,1,201300019490B01,7,16,1
201300019490,2013-07-24,2013,juillet,mercredi,84:0,17,17300,46.16458,-1.18168,2,3,3,1,1,4,2,02,-1,-1,000,000,-1,0,1,4,2,20,0,1,4,00,2,2,1,201300019490B01,7,16,1
201300019497,2013-08-09,2013,août,vendredi,50:,17,17300,46.16038,-1.1756,2,1,7,4,1,4,2,02,4,3,000,000,-1,0,1,3,1,30,0,1,4,00,2,0,1,201300019497A01,99,0,1
201300019499,2013-08-12,2013,août,lundi,19:44,17,17200,46.18615,-1.15105,2,1,3,2,1,3,-1,02,-1,-1,000,000,1,0,1,3,1,79,0,1,9,00,2,0,0,201300019499B01,7,12,1
201300019504,2013-09-05,2013,septembre,jeudi,75:5,17,17028,46.13407,-1.11713,1,1,6,1,1,4,2,00,-1,1,000,000,1,0,0,3,1,16,0,1,9,00,0,0,1,201300019504B01,7,1,1
201300019505,2013-09-10,2013,septembre,mardi,92:5,17,17300,46.15958,-1.16002,2,1,6,1,1,4,-1,01,-1,-1,000,000,1,0,1,4,1,42,1,1,9,00,2,0,9,201300019505B01,7,9,1
201300019507,2013-09-20,2013,septembre,vendredi,19:15,17,17300,46.15618,-1.15904,2,1,6,1,1,4,1,01,1,1,000,000,1,0,1,3,1,44,0,1,9,00,0,1,1,201300019507B01,7,1,1
201300019510,2013-10-24,2013,octobre,jeudi,84:5,17,17300,46.16048,-1.17139,2,1,3,1,1,4,-1,02,-1,-1,000,000,-1,0,0,3,2,64,1,1,9,00,2,0,21,201300019510B01,99,0,1
201300019544,2013-07-21,2013,juillet,dimanche,10:55,17,17333,45.60682,-1.00646,2,1,2,1,1,3,-1,01,-1,-1,000,000,1,0,1,4,1,46,0,1,2,00,2,1,2,201300019544A01,7,0,1
201300019547,2013-08-12,2013,août,lundi,25:,17,17306,45.62615,-1.02029,2,1,6,5,1,4,2,02,-1,1,000,000,1,0,1,4,2,20,1,1,2,00,2,8,1,201300019547B01,7,15,1
201300019578,2013-06-04,2013,juin,mardi,16:15,17,17306,45.62666,-1.02887,2,1,3,1,1,4,-1,01,-1,-1,000,000,1,0,1,4,1,80,0,1,9,00,2,8,0,201300019578A01,7,0,1
201300019589,2013-07-20,2013,juillet,samedi,93:0,17,17333,45.61175,-1.00381,2,2,1,1,1,4,-1,02,-1,-1,000,000,1,0,1,3,1,62,0,1,9,00,2,1,0,201300019589Y01,7,15,1
201300019607,2013-08-06,2013,août,mardi,84:5,17,17380,45.64364,-1.08996,2,1,2,1,1,4,-1,01,1,1,000,000,2,0,1,4,1,41,0,1,9,00,2,1,1,201300019607A01,7,1,1
201300019621,2013-10-24,2013,octobre,jeudi,12:45,17,17306,45.62455,-1.01688,2,1,6,1,1,4,-1,01,1,-1,000,000,1,0,1,4,1,54,1,1,2,01,0,0,0,201300019621B01,7,0,1
201300019652,2013-04-25,2013,avril,jeudi,83:5,17,17415,45.74858,-0.6469,2,1,6,2,1,4,2,02,-1,-1,000,060,1,0,1,4,1,67,0,1,4,00,0,4,1,201300019652B01,7,1,1
201300019676,2013-09-19,2013,septembre,jeudi,95:5,17,17415,45.74586,-0.63049,2,1,6,1,1,4,2,02,-1,-1,000,060,-1,0,1,4,1,59,0,1,4,00,0,4,1,201300019676B01,10,1,1
201300019680,2013-10-19,2013,octobre,samedi,93:0,17,17415,45.75256,-0.63096,2,1,6,1,1,4,-1,02,-1,-1,000,040,-1,0,0,4,2,45,0,1,4,00,0,0,0,201300019680B01,7,0,1
201300019762,2013-04-09,2013,avril,mardi,81:5,62,62581,50.444,2.272,1,1,2,1,2,3,2,02,1,1,000,060,2,0,1,4,1,80,5,1,4,00,0,4,2,201300019762B02,14,2,1
201300019797,2013-11-02,2013,novembre,samedi,16:45,83,83130,43.19459,6.03705,2,1,1,1,1,4,2,02,1,1,000,059,1,0,1,3,1,14,5,1,2,00,0,8,19,201300019797B02,7,1,1
201300019803,2013-06-09,2013,juin,dimanche,11:15,87,87001,0,0,2,7,3,1,1,2,2,02,1,2,000,060,1,0,1,4,1,47,5,1,1,00,2,1,1,201300019803B02,7,20,1
201300019805,2013-09-03,2013,septembre,mardi,14:45,87,87001,0,0,1,1,6,1,1,4,2,00,2,3,070,000,1,0,1,1,1,64,5,1,1,00,1,1,13,201300019805A01,,,
201300019811,2013-02-14,2013,février,jeudi,19:45,50,50363,48.9873,-1.14681,1,1,6,3,1,4,2,02,-1,1,000,030,1,0,1,3,1,46,1,1,4,00,2,8,1,201300019811A01,1,1,1
201300019811,2013-02-14,2013,février,jeudi,19:45,50,50363,48.9873,-1.14681,1,1,6,3,1,4,2,02,-1,1,000,030,1,0,1,4,1,57,5,1,4,00,2,1,1,201300019811B01,1,1,1
201300019821,2013-10-08,2013,octobre,mardi,63:0,22,22305,0,0,1,1,3,3,5,3,2,02,1,1,000,090,2,3,1,3,1,18,1,1,4,00,2,8,1,201300019821B02,7,15,1
201300019837,2013-01-08,2013,janvier,mardi,74:0,18,18213,0,0,1,1,3,3,1,3,2,02,1,1,000,062,1,0,1,4,1,79,5,1,2,00,2,0,2,201300019837B01,7,17,1
201300019845,2013-01-13,2013,janvier,dimanche,14:55,18,18033,47.10243,2.41191,2,1,3,1,1,4,2,02,1,1,000,066,1,0,1,1,1,16,5,1,2,00,2,8,13,201300019845B01,7,17,1
201300019845,2013-01-13,2013,janvier,dimanche,14:55,18,18033,47.10243,2.41191,2,1,3,1,1,4,2,02,1,1,000,066,1,0,1,3,1,12,9,1,2,00,2,8,13,201300019845B01,7,17,1
201300019869,2013-04-01,2013,avril,lundi,11:55,18,18033,0,0,2,1,3,1,7,3,2,02,1,1,000,059,1,0,1,3,1,78,5,1,2,00,0,8,2,201300019869B01,7,2,1
201300019876,2013-04-17,2013,avril,mercredi,91:5,18,18267,47.05359,2.38062,2,2,3,1,1,3,2,02,1,1,000,060,1,0,1,4,1,50,5,1,2,00,2,1,1,201300019876B01,7,19,1
201300019896,2013-06-05,2013,juin,mercredi,14:20,18,18033,47.07151,2.3765,2,1,3,1,1,4,2,02,4,3,000,058,1,0,1,4,1,16,1,1,9,00,2,8,14,201300019896A01,7,13,1
201300019946,2013-09-24,2013,septembre,mardi,10:10,18,18033,47.08951,2.40084,2,1,3,1,1,4,2,02,1,1,000,060,1,0,1,4,2,52,4,1,4,01,2,1,1,201300019946B01,7,22,1
201300019955,2013-10-10,2013,octobre,jeudi,75:1,18,18205,47.10475,2.39024,2,3,2,2,3,4,2,02,1,1,000,050,2,0,1,4,2,18,1,1,4,00,0,4,23,201300019955B01,7,1,1
201300019962,2013-10-17,2013,octobre,jeudi,17:25,18,18033,47.08725,2.39283,2,1,6,1,1,4,2,02,2,1,000,055,1,0,4,1,1,19,5,1,9,00,1,1,1,201300019962A01,,,
201300019970,2013-10-29,2013,octobre,mardi,10:53,18,18033,47.06558,2.39526,2,6,3,1,1,4,2,02,1,2,000,070,1,5,1,4,1,65,3,1,9,00,2,7,1,201300019970B01,7,9,1
201300020158,2013-03-02,2013,mars,samedi,12:00,83,83070,0,0,2,1,1,1,1,3,2,02,1,-1,000,076,1,5,1,3,1,62,5,1,2,00,2,1,2,201300020158B02,7,16,1
201300020160,2013-05-10,2013,mai,vendredi,13:45,83,83019,43.12389,6.36029,2,1,6,1,1,4,1,01,-1,1,000,000,1,0,4,2,1,54,1,1,2,00,0,1,0,201300020160A01,,,
201300020166,2013-07-28,2013,juillet,dimanche,80:0,83,83070,0,0,2,6,1,1,1,3,1,02,1,-1,000,080,1,5,1,4,1,44,5,1,2,00,2,4,12,201300020166B02,7,9,1
201300020170,2013-10-15,2013,octobre,mardi,10:15,83,83019,43.13952,6.35198,2,1,1,1,1,4,2,00,-1,1,000,000,1,5,1,4,2,70,5,1,2,00,2,1,1,201300020170B02,7,1,1
201300020172,2013-11-06,2013,novembre,mercredi,14:45,83,83019,43.12387,6.35101,1,1,2,1,1,4,2,01,1,1,000,075,1,0,1,3,1,43,5,1,2,00,2,1,16,201300020172B02,7,15,1
201300020182,2013-11-28,2013,novembre,jeudi,15:45,60,60046,0,0,2,2,1,1,1,3,2,02,1,1,000,054,1,0,1,3,1,43,5,1,1,00,2,7,1,201300020182B02,7,1,1
201300020242,2013-06-02,2013,juin,dimanche,19:30,19,19031,0,0,2,2,3,1,1,4,2,02,1,1,000,000,1,0,1,3,1,14,5,1,2,00,2,1,0,201300020242B01,7,1,1
201300020248,2013-06-21,2013,juin,vendredi,11:25,19,19031,0,0,2,2,3,1,1,4,2,02,1,1,000,000,1,0,1,3,1,70,5,1,2,00,2,2,0,201300020248B01,7,1,1
201300020249,2013-06-24,2013,juin,lundi,13:55,19,19031,0,0,2,6,6,1,1,4,2,02,1,1,000,000,1,0,1,4,2,33,0,1,2,00,2,4,0,201300020249B01,7,9,1
201300020260,2013-07-16,2013,juillet,mardi,93:5,19,19031,0,0,2,1,2,1,1,4,2,02,1,1,000,000,1,0,1,4,1,20,0,1,2,00,2,1,2,201300020260A01,7,23,1
201300020280,2013-10-05,2013,octobre,samedi,12:00,19,19031,45.16062,4.50337,2,2,3,1,3,4,2,02,1,-1,000,000,2,5,1,3,2,29,4,1,4,00,2,8,1,201300020280B01,7,15,1
201300020286,2013-10-22,2013,octobre,mardi,18:10,19,19031,45.15777,4.54866,2,1,2,2,2,4,2,02,1,1,000,000,2,0,1,4,1,28,0,1,2,00,2,1,1,201300020286A01,7,23,1
201300020293,2013-11-13,2013,novembre,mercredi,14:10,19,19031,0,0,2,3,3,1,1,4,2,02,1,1,000,000,1,0,1,4,1,44,5,1,2,00,2,1,1,201300020293B01,7,17,1
201300020308,2013-12-12,2013,décembre,jeudi,10:25,19,19031,45.16181,4.537,2,1,6,1,1,4,1,01,1,1,000,000,1,0,1,4,1,85,5,1,2,01,0,1,1,201300020308B01,7,22,1
201300020322,2013-08-04,2013,août,dimanche,17:30,68,68315,47.87768,7.19984,1,1,1,1,1,4,2,01,2,1,000,043,1,0,1,3,1,53,5,1,2,00,2,1,1,201300020322A01,7,23,1
201300020324,2013-05-12,2013,mai,dimanche,11:45,59,59260,51.05714,2.55588,1,1,2,1,7,4,2,01,1,1,000,050,1,0,1,3,1,47,5,1,2,01,0,1,1,201300020324B02,7,23,1
201300020347,2013-07-23,2013,juillet,mardi,15:10,19,19275,45.54656,5.30685,2,3,3,1,1,4,1,01,1,1,000,096,1,0,1,3,1,25,1,1,9,00,2,2,5,201300020347A01,7,1,1
201300020352,2013-07-13,2013,juillet,samedi,15:00,68,68300,47.79718,7.36108,1,1,3,1,1,4,2,01,2,3,000,030,1,0,5,3,2,11,5,1,2,00,2,3,1,201300020352B02,21,1,1
201300020353,2013-07-17,2013,juillet,mercredi,17:15,68,68289,47.83091,7.32003,1,1,3,1,1,3,2,02,1,1,000,061,1,0,1,3,1,60,5,1,2,00,2,3,1,201300020353B02,33,17,1
201300020356,2013-09-25,2013,septembre,mercredi,84:5,68,68020,47.829,7.51,2,1,3,1,1,3,2,02,1,1,000,070,1,0,1,3,1,55,4,1,1,00,2,1,19,201300020356B02,7,1,1
201300020361,2013-03-21,2013,mars,jeudi,13:45,21,21054,0,0,2,3,5,1,1,4,1,01,1,1,000,000,1,0,1,4,1,12,2,1,9,00,2,1,1,201300020361A01,7,1/24,2
201300020365,2013-06-05,2013,juin,mercredi,17:02,21,21054,0,0,2,1,2,1,1,3,2,02,1,1,000,000,1,0,1,3,1,66,0,1,9,00,2,4,15,201300020365B01,7,1,1
201300020368,2013-07-01,2013,juillet,lundi,92:2,21,21054,0,0,2,2,3,1,1,4,2,02,1,1,000,000,1,0,1,4,2,53,5,1,9,00,2,8,1,201300020368B01,7,1,1
201300020369,2013-08-28,2013,août,mercredi,12:05,21,21054,0,0,2,1,3,1,1,4,1,01,1,2,000,000,1,0,1,4,2,16,0,1,9,00,2,5,1,201300020369B01,7,2,1
201300020374,2013-11-27,2013,novembre,mercredi,10:20,21,21054,0,0,2,1,3,1,1,3,1,03,1,1,000,000,1,0,4,4,1,29,1,1,9,00,2,1,1,201300020374B01,10,9,1
201300020379,2013-01-10,2013,janvier,jeudi,12:28,21,21231,0,0,2,9,3,1,2,4,2,03,1,1,000,000,2,5,1,4,1,47,1,1,2,00,2,3,19,201300020379B01,7,1,1
201300020382,2013-01-18,2013,janvier,vendredi,11:42,21,21231,0,0,2,2,3,1,1,4,3,05,1,1,000,000,1,5,1,3,1,14,2,1,2,00,2,3,19,201300020382A01,10,1,1
201300020386,2013-02-07,2013,février,jeudi,19:27,21,21231,0,0,2,3,3,5,2,4,3,02,1,1,000,000,2,5,1,3,1,15,5,1,2,00,2,1,5,201300020386A01,7,16,1
201300020390,2013-02-18,2013,février,lundi,80:9,21,21231,47,5,2,9,1,1,1,4,1,03,1,2,000,000,1,5,1,2,2,71,5,1,2,00,2,1,1,201300020390B01,7,1,1
201300020396,2013-04-09,2013,avril,mardi,17:24,21,21231,0,0,2,3,3,1,2,4,2,02,1,1,000,000,2,5,1,4,1,36,5,1,2,00,2,1,19,201300020396A01,7,16,1
201300020399,2013-04-19,2013,avril,vendredi,13:35,21,21231,0,0,2,1,3,1,1,4,2,02,1,1,000,000,1,0,1,3,1,80,5,1,2,01,0,1,1,201300020399B01,7,24,1
201300020415,2013-06-17,2013,juin,lundi,17:20,21,21231,0,0,2,1,3,1,1,4,3,05,1,1,000,000,1,0,1,3,1,63,5,1,2,00,2,7,19,201300020415B01,7,1,1
201300020417,2013-07-01,2013,juillet,lundi,95:5,21,21231,0,0,2,2,3,1,1,4,3,00,1,1,000,000,1,0,0,3,1,50,5,1,2,00,2,0,0,201300020417B01,15,1,1
201300020421,2013-07-02,2013,juillet,mardi,18:02,21,21166,0,0,2,2,3,1,1,4,3,04,1,1,000,000,1,0,1,3,1,79,5,1,2,00,2,6,15,201300020421A01,7,1,1
201300020428,2013-07-16,2013,juillet,mardi,16:55,21,21231,0,0,2,2,1,1,1,4,3,05,1,1,000,000,1,5,1,3,1,44,1,1,2,00,2,3,1,201300020428B01,10,15,1
201300020432,2013-08-07,2013,août,mercredi,18:19,21,21231,0,0,2,7,6,1,8,4,2,03,1,1,000,000,2,5,1,4,2,23,5,1,2,00,2,2,19,201300020432A01,30,1,1
201300020448,2013-10-17,2013,octobre,jeudi,12:23,21,21231,0,0,2,2,3,1,1,4,4,01,1,1,000,000,1,5,1,4,1,66,5,1,2,00,2,1,1,201300020448B01,7,1,1
201300020453,2013-11-08,2013,novembre,vendredi,11:42,21,21231,0,0,2,1,3,1,2,4,2,03,1,1,000,000,2,0,1,4,1,24,1,1,9,00,2,2,15,201300020453B01,7,1,1
201300020455,2013-11-15,2013,novembre,vendredi,11:56,21,21231,0,0,2,1,2,1,1,4,3,02,1,1,000,000,1,0,1,3,1,51,4,1,2,01,0,1,1,201300020455B01,7,22,1
201300020476,2013-05-02,2013,mai,jeudi,16:45,22,22050,48.46087,-2.04922,2,1,1,1,1,4,2,02,1,2,000,000,1,0,1,4,1,22,5,1,9,00,2,1,13,201300020476A01,2,1,1
201300020477,2013-05-23,2013,mai,jeudi,15:40,22,22050,48.45605,-2.04336,2,1,6,1,1,4,1,01,1,1,000,022,9,1,1,1,1,16,2,1,9,00,1,1,5,201300020477A01,,,
201300020482,2013-01-03,2013,janvier,jeudi,13:45,22,22113,48.73132,-3.46033,2,1,2,1,1,4,1,02,1,1,000,000,1,0,1,4,1,34,5,1,2,00,2,4,1,201300020482B01,7,2,1
201300020501,2013-07-10,2013,juillet,mercredi,14:15,22,22113,0,0,1,1,3,1,1,3,4,00,2,2,000,000,1,5,5,3,1,29,5,1,2,00,2,5,1,201300020501B01,7,9,1
201300020504,2013-08-16,2013,août,vendredi,11:30,22,22113,48.72487,-3.47259,1,1,2,1,1,4,2,01,3,1,000,075,1,0,1,4,1,60,5,1,2,00,2,4,1,201300020504B01,7,2,1
201300020511,2013-11-21,2013,novembre,jeudi,18:30,22,22113,48.75113,-3.44864,1,6,3,5,3,3,1,02,-1,2,000,000,2,5,1,4,1,54,1,1,2,00,2,7,12,201300020511B01,7,1,1
201300020521,2013-01-09,2013,janvier,mercredi,12:00,22,22106,48.49694,-2.72265,2,1,3,1,1,4,2,02,1,1,000,000,2,0,4,4,1,51,4,1,9,00,2,1,1,201300020521B01,7,9,1
201300020539,2013-02-26,2013,février,mardi,18:20,22,22215,48.48856,-2.78507,2,3,3,2,1,3,2,02,1,1,000,000,1,0,1,4,1,42,5,1,9,00,2,1,1,201300020539B01,7,15,1
201300020542,2013-03-07,2013,mars,jeudi,19:20,22,22278,48.50377,-2.74065,2,6,3,1,1,4,1,01,-1,2,000,070,1,5,1,4,1,50,9,1,9,00,2,7,1,201300020542B01,7,9,1
201300020595,2013-07-20,2013,juillet,samedi,19:30,22,22278,48.51096,-2.75929,2,6,3,1,1,4,2,03,1,1,000,070,1,5,1,4,1,40,5,1,9,00,2,2,1,201300020595B01,7,9,1
201300020597,2013-07-23,2013,juillet,mardi,19:50,22,22278,48.52337,-2.7496,2,1,3,1,1,6,-1,00,1,1,000,000,1,0,1,4,1,17,5,1,9,00,2,1,1,201300020597B01,7,20,1
201300020608,2013-08-14,2013,août,mercredi,11:35,22,22278,48.51242,-2.75546,2,1,3,1,1,4,2,02,1,1,000,000,1,0,1,4,1,10,5,1,2,00,2,7,19,201300020608B01,7,1,1
201300020615,2013-08-28,2013,août,mercredi,93:0,22,22106,48.49903,-2.73711,2,4,3,1,1,4,2,02,1,3,000,071,1,0,1,2,1,85,3,1,9,00,2,3,15,201300020615B01,7,16,1
201300020616,2013-08-28,2013,août,mercredi,16:10,22,22360,48.48593,-2.71659,2,1,7,1,1,4,2,02,1,1,000,000,1,0,5,4,2,65,5,1,9,16,0,1,1,201300020616A01,,,
201300020618,2013-09-02,2013,septembre,lundi,62:5,22,22278,48.50353,-2.76228,2,6,3,5,1,4,2,02,1,1,000,000,1,5,1,3,2,70,5,1,4,00,2,4,1,201300020618B01,10,9,1
201300020631,2013-09-18,2013,septembre,mercredi,90:0,22,22278,48.5247,-2.78637,2,3,3,1,1,4,2,02,1,1,000,000,1,0,1,4,1,10,2,1,2,00,2,0,16,201300020631B01,7,15,1
201300020670,2013-11-16,2013,novembre,samedi,11:30,22,22278,48.50771,-2.76588,2,1,7,1,1,6,-1,00,2,1,000,020,-1,0,0,3,1,24,5,1,2,00,0,0,1,201300020670A01,,,
201300020721,2013-03-27,2013,mars,mercredi,18:00,24,24037,44.8589,0.47456,2,1,6,1,1,4,-1,02,1,1,000,062,1,0,1,3,1,20,9,1,9,00,2,0,0,201300020721A01,7,1,1
201300020726,2013-10-07,2013,octobre,lundi,73:5,24,24037,44.8493,0.49281,2,5,3,2,1,2,2,02,1,1,000,070,1,5,1,3,1,59,5,1,9,00,2,1,1,201300020726A01,7,1,1
201300020744,2013-07-30,2013,juillet,mardi,18:35,24,24557,45.1974,0.78779,2,3,3,1,1,2,2,02,1,1,000,600,1,0,1,3,1,11,3,1,2,00,2,8,15,201300020744B01,7,17,1
201300020753,2013-01-08,2013,janvier,mardi,16:06,25,25056,47.25822,6.04439,2,1,3,1,8,4,2,02,-1,1,000,000,1,0,1,4,1,25,5,1,2,00,2,0,1,201300020753B01,7,15,1
201300020775,2013-03-13,2013,mars,mercredi,21:28,25,25056,47.26077,6.0333,2,1,2,5,1,4,3,04,1,1,000,000,1,0,1,4,1,39,0,1,9,00,2,4,0,201300020775B01,7,0,1
201300020786,2013-05-07,2013,mai,mardi,16:40,25,25056,47.2344,6.0153,2,1,3,1,1,4,-1,02,1,1,000,000,1,0,4,4,1,25,0,1,2,00,2,1,0,201300020786A01,7,0,1
201300020806,2013-07-12,2013,juillet,vendredi,15:18,25,25056,47.25202,5.9985,2,6,3,1,1,4,-1,00,-1,-1,000,000,-1,0,1,4,1,42,0,1,9,00,2,1,1,201300020806B01,7,9,1
201300020814,2013-08-29,2013,août,jeudi,10:56,25,25056,47.24199,6.03323,2,1,3,1,1,4,-1,01,-1,-1,000,000,1,0,1,3,1,81,0,1,9,00,2,3,15,201300020814A01,7,1,1
201300020817,2013-09-11,2013,septembre,mercredi,70:0,25,25056,0,0,2,2,3,2,8,3,2,02,2,1,000,000,1,0,1,4,1,45,0,1,2,00,2,1,1,201300020817B01,7,9,1
201300020818,2013-09-15,2013,septembre,dimanche,20:10,25,25056,47.25424,6.03429,2,1,3,5,2,4,2,02,-1,-1,000,000,2,0,1,4,1,35,0,1,4,00,2,1,1,201300020818B01,7,10,1
201300020820,2013-09-25,2013,septembre,mercredi,15:40,25,25056,47.15902,6.07116,2,3,3,1,1,4,2,02,2,-1,000,000,1,5,0,3,1,16,0,1,4,00,2,1,5,201300020820A01,7,1,1
201300020840,2013-11-08,2013,novembre,vendredi,20:34,25,25056,47.25717,6.03579,2,3,3,5,2,4,2,02,-1,-1,000,000,2,0,1,4,1,42,1,1,9,00,2,1,1,201300020840B01,7,9,1
201300020842,2013-11-13,2013,novembre,mercredi,90:9,25,25056,0,0,2,1,3,1,1,4,-1,00,-1,-1,000,000,1,0,1,4,2,36,0,1,9,00,2,1,0,201300020842B01,7,0,1
201300020877,2013-06-18,2013,juin,mardi,11:20,25,25230,47.4978,6.83328,2,1,6,1,1,4,2,01,1,1,000,000,1,0,1,3,1,44,5,1,9,00,2,0,0,201300020877A01,1,0,1
201300020877,2013-06-18,2013,juin,mardi,11:20,25,25230,47.4978,6.83328,2,1,6,1,1,4,2,01,1,1,000,000,1,0,1,3,1,33,5,1,9,00,2,0,0,201300020877B01,1,0,1
201300020879,2013-08-17,2013,août,samedi,13:00,25,25388,47.51892,6.77868,2,2,3,1,1,4,2,02,1,-1,000,000,1,5,1,3,1,19,0,1,2,00,2,1,1,201300020879B01,7,0,1
201300020887,2013-08-05,2013,août,lundi,13:31,25,25580,0,0,1,1,3,1,1,3,2,01,1,-1,000,000,1,0,5,4,1,24,5,1,2,00,0,0,0,201300020887B01,7,0,1
201300020892,2013-09-29,2013,septembre,dimanche,21:50,25,25031,47.48144,6.84541,2,2,3,5,1,4,-1,01,1,-1,000,000,-1,0,1,4,1,21,5,1,2,00,2,1,2,201300020892A01,7,2,1
201300020905,2013-03-04,2013,mars,lundi,16:55,25,25462,47.89984,6.36148,2,1,3,1,1,4,2,02,1,1,000,080,1,5,1,4,2,36,9,1,9,00,2,3,12,201300020905A01,7,2,1
201300020911,2013-06-26,2013,juin,mercredi,14:07,25,25462,46.90569,6.33409,2,6,3,1,1,4,2,02,1,3,000,022,1,5,1,3,1,36,1,1,9,00,2,7,16,201300020911A01,7,16,1
201300020913,2013-07-26,2013,juillet,vendredi,16:35,25,25462,46.91094,6.35994,2,1,6,1,1,4,2,02,2,-1,000,078,1,0,1,3,1,10,5,1,9,01,0,1,13,201300020913A01,,,
201300020919,2013-04-06,2013,avril,samedi,15:00,84,84062,0,0,1,1,1,1,2,3,2,02,1,1,000,065,2,0,1,3,2,55,5,1,2,00,2,8,1,201300020919B02,7,1,1
201300020938,2013-07-05,2013,juillet,vendredi,14:45,62,62261,0,0,2,6,1,1,1,3,-1,00,1,-1,000,040,1,0,1,3,1,33,5,1,2,00,2,1,2,201300020938A01,7,23,1
201300020950,2013-07-24,2013,juillet,mercredi,15:00,59,59653,50.56521,2.93542,2,1,1,1,1,4,2,00,-1,2,000,000,1,0,1,3,1,64,5,1,1,00,2,1,15,201300020950B02,7,1,1
201300020953,2013-06-21,2013,juin,vendredi,17:45,74,74213,0,0,1,2,1,1,1,3,3,00,-1,2,030,000,1,0,1,3,2,60,5,1,2,00,0,8,1,201300020953A01,7,9,1
201300020957,2013-06-08,2013,juin,samedi,15:30,01,01082,46.0086,5.74801,1,1,1,1,8,3,2,02,3,3,000,060,2,0,1,2,1,36,5,1,2,00,2,1,1,201300020957B02,7,1,1
201300020968,2013-01-19,2013,janvier,samedi,17:00,26,26198,0,0,2,1,3,1,3,3,2,02,1,1,000,076,2,0,1,4,1,56,5,1,2,00,2,7,19,201300020968A01,7,2,1
201300020995,2013-10-03,2013,octobre,jeudi,13:00,26,26198,0,0,1,1,6,1,1,2,1,02,1,1,000,000,1,0,1,4,1,26,9,1,9,00,2,1,0,201300020995B01,7,0,1
201300021002,2013-11-02,2013,novembre,samedi,21:30,26,26198,0,0,1,1,3,5,2,3,1,00,1,2,000,000,2,0,1,4,2,21,9,1,9,00,2,4,1,201300021002B01,7,1,1
201300021008,2013-01-10,2013,janvier,jeudi,92:0,26,26281,45.0453,5.0644,1,1,3,1,1,4,1,01,1,1,000,040,1,0,1,4,1,21,5,1,9,00,2,1,1,201300021008B01,7,16,1
201300021024,2013-04-23,2013,avril,mardi,17:08,26,26281,0,0,2,1,3,1,1,3,2,02,1,1,000,000,1,0,1,3,1,24,1,1,2,00,2,8,19,201300021024B01,7,1,1
201300021026,2013-06-06,2013,juin,jeudi,10:05,26,26281,45.0521,5.0478,2,2,3,1,1,4,2,02,1,1,000,060,1,0,1,4,1,70,5,1,2,00,2,3,1,201300021026B01,7,19,1
201300021032,2013-06-28,2013,juin,vendredi,17:35,26,26281,45.0436,5.0616,2,1,6,1,1,4,2,02,2,1,000,065,1,0,4,4,1,20,5,1,9,00,2,1,0,201300021032B01,7,16,1
201300021040,2013-07-11,2013,juillet,jeudi,13:20,26,26281,0,0,1,1,6,1,1,3,2,03,1,1,000,090,1,0,1,4,2,49,1,1,2,00,2,8,13,201300021040A01,7,13,1
201300021044,2013-07-18,2013,juillet,jeudi,17:00,26,26281,0,0,2,1,6,1,1,4,2,02,2,1,000,039,1,0,1,4,1,25,5,1,9,00,0,0,0,201300021044B01,7,1,1
201300021053,2013-08-16,2013,août,vendredi,12:25,26,26281,45.0458,5.0506,2,2,3,1,1,4,-1,00,1,1,000,060,1,0,1,4,1,60,5,1,9,00,0,7,1,201300021053B01,7,12,1
201300021054,2013-08-18,2013,août,dimanche,12:19,26,26281,45.0453,5.062,2,6,3,1,1,4,-1,01,1,1,000,080,1,0,1,4,1,27,0,1,9,00,0,7,15,201300021054B01,7,0,1
201300021058,2013-09-05,2013,septembre,jeudi,10:27,26,26281,45.0451,5.0256,2,1,3,1,1,4,-1,00,1,1,000,000,1,0,1,3,1,70,0,1,9,00,0,0,0,201300021058B01,7,15,1
201300021064,2013-09-24,2013,septembre,mardi,21:10,26,26281,45.0471,5.0708,2,6,2,5,1,4,2,02,1,1,000,065,1,0,1,4,1,46,5,1,2,00,2,7,1,201300021064A01,7,18,1
201300021071,2013-10-17,2013,octobre,jeudi,17:15,26,26281,0,0,2,1,3,1,1,3,-1,00,1,1,000,000,1,0,0,3,1,17,0,1,9,00,2,2,0,201300021071B01,7,0,1
201300021073,2013-10-22,2013,octobre,mardi,12:39,26,26281,45.0412,5.081,2,1,1,1,1,4,2,02,2,4,000,070,1,0,1,4,1,18,5,1,9,00,2,1,5,201300021073A01,31,1,1