Num_Acc,date,an,mois,jour,hrmn,dep,com,lat,long,agg,int,col,lum,atm,catr,circ,nbv,prof,plan,lartpc,larrout,surf,infra,situ,grav,sexe,age,trajet,secuexist,equipement,obs,obsm,choc,manv,vehiculeid,typevehicules,manoeuvehicules,numVehicules
201300021077,2013-10-29,2013,octobre,mardi,17:00,26,26281,45.0511,5.0692,2,1,6,1,1,4,2,02,1,2,000,060,1,0,1,4,1,8,5,1,9,00,2,1,19,201300021077B01,7,1,1
201300021078,2013-11-03,2013,novembre,dimanche,90:0,26,26281,45.0502,5.047,2,6,3,1,2,4,-1,00,1,-1,000,000,2,0,1,3,1,43,5,1,9,00,0,3,15,201300021078B01,7,9,1
201300021084,2013-11-27,2013,novembre,mercredi,11:50,26,26281,0,0,1,1,3,1,1,3,-1,01,1,-1,000,000,-1,0,1,3,2,50,0,1,9,00,2,0,0,201300021084B01,7,0,1
201300021101,2013-02-08,2013,février,vendredi,13:10,26,26362,44.9254,4.8916,2,1,6,1,1,4,2,02,1,1,000,080,1,0,5,3,2,50,1,1,9,00,0,4,2,201300021101B01,7,2,1
201300021119,2013-04-12,2013,avril,vendredi,12:55,26,26362,44.9148,4.9079,2,1,3,1,1,4,2,04,1,3,000,060,-1,0,2,4,2,58,5,1,2,00,2,8,0,201300021119A01,7,9,1
201300021124,2013-04-12,2013,avril,vendredi,17:05,26,26362,44.9265,4.8921,2,1,6,1,1,4,2,02,1,1,000,000,1,0,0,1,1,42,0,1,2,00,1,1,0,201300021124A01,,,
201300021124,2013-04-12,2013,avril,vendredi,17:05,26,26362,44.9265,4.8921,2,1,6,1,1,4,2,02,1,1,000,000,1,0,0,4,2,45,0,1,9,00,1,1,0,201300021124A01,,,
201300021136,2013-06-05,2013,juin,mercredi,73:0,26,26362,44.9325,4.8986,2,6,3,1,1,4,1,01,1,2,000,075,1,0,1,4,2,52,5,1,9,00,2,1,2,201300021136B01,7,9,1
201300021139,2013-06-11,2013,juin,mardi,94:5,26,26362,44.9159,4.8887,2,3,3,1,1,4,2,02,1,1,000,070,1,1,0,3,1,40,1,1,2,00,2,1,1,201300021139B01,7,15,1
201300021140,2013-06-15,2013,juin,samedi,75:5,26,26362,44.9204,4.9002,2,2,3,1,1,4,2,02,1,1,000,055,1,0,1,3,1,50,1,1,2,00,2,1,1,201300021140Y01,10,2,1
201300021142,2013-06-19,2013,juin,mercredi,22:40,26,26362,44.9244,4.9034,2,6,3,5,1,4,1,01,1,2,000,030,1,0,1,4,2,27,0,1,2,00,2,0,1,201300021142B01,7,9,1
201300021163,2013-09-04,2013,septembre,mercredi,94:5,26,26058,44.9492,4.8982,2,1,3,1,1,4,2,02,1,1,000,060,1,0,1,4,1,71,0,1,2,00,2,0,1,201300021163B01,7,15,1
201300021195,2013-12-09,2013,décembre,lundi,65:0,26,26362,44.9325,4.8986,2,6,6,5,1,4,2,02,1,1,000,000,1,0,0,3,1,48,1,1,9,00,2,0,2,201300021195B01,7,9,1
201300021214,2013-06-06,2013,juin,jeudi,10:00,38,38133,0,0,1,1,6,1,1,3,2,00,-1,-1,000,041,1,0,1,3,1,67,5,1,2,00,0,1,13,201300021214B02,7,17,1
201300021215,2013-07-07,2013,juillet,dimanche,71:5,38,38432,0,0,1,1,2,1,1,3,2,01,1,4,000,060,1,0,1,3,1,60,5,1,9,00,2,4,1,201300021215B02,10,1,1
201300021269,2013-09-20,2013,septembre,vendredi,20:35,27,27229,0,0,2,1,3,2,1,4,2,02,2,1,000,061,1,0,1,4,1,20,5,1,4,00,0,8,8,201300021269A01,7,15,1
201300021279,2013-11-18,2013,novembre,lundi,11:25,27,27229,0,0,2,1,3,1,1,4,2,02,-1,-1,000,000,1,0,1,4,1,68,3,1,9,00,2,0,19,201300021279B01,3,2,1
201300021364,2013-01-08,2013,janvier,mardi,19:05,28,28085,48.44689,1.49888,2,2,3,5,2,4,2,02,3,1,000,000,2,0,1,4,1,26,1,1,9,00,2,1,1,201300021364A01,7,1,1
201300021366,2013-01-15,2013,janvier,mardi,14:30,28,28085,48.4461,1.48197,2,3,3,1,1,4,2,00,2,1,000,000,1,0,1,4,2,69,5,1,9,00,2,0,1,201300021366B01,7,16,1
201300021388,2013-03-09,2013,mars,samedi,19:00,28,28220,48.43236,1.47647,2,1,3,2,1,3,2,02,1,1,000,000,1,0,5,4,1,26,5,1,2,00,2,8,1,201300021388B01,7,19,1
201300021398,2013-03-27,2013,mars,mercredi,14:53,28,28220,48.41926,1.458,2,1,3,1,1,3,2,02,1,1,000,000,1,0,1,4,1,51,5,1,9,00,2,3,1,201300021398B01,30,17,1
201300021403,2013-04-25,2013,avril,jeudi,55:0,28,28085,48.43959,1.48204,2,2,3,5,1,4,1,02,1,1,000,000,1,0,1,3,1,32,1,1,2,00,2,1,1,201300021403B01,7,1,1
201300021436,2013-07-13,2013,juillet,samedi,19:15,28,28085,48.43482,1.49134,2,1,6,1,1,4,1,01,2,1,000,000,1,0,1,4,1,48,5,1,9,01,0,1,21,201300021436A01,,,
201300021447,2013-08-10,2013,août,samedi,10:10,28,28229,48.44887,1.46412,2,1,6,1,1,4,2,02,1,1,000,000,1,0,1,3,1,59,5,1,2,00,1,0,0,201300021447A01,,,
201300021447,2013-08-10,2013,août,samedi,10:10,28,28229,48.44887,1.46412,2,1,6,1,1,4,2,02,1,1,000,000,1,0,1,4,2,60,0,1,9,00,1,0,0,201300021447A01,,,
201300021450,2013-08-15,2013,août,jeudi,22:30,28,28085,0,0,2,1,3,5,1,3,2,02,1,1,000,060,1,0,1,4,1,17,5,1,9,00,0,8,1,201300021450A01,7,1,1
201300021451,2013-08-16,2013,août,vendredi,11:22,28,28085,48.44524,1.48344,2,1,1,1,1,4,2,04,1,1,000,000,1,0,1,4,2,41,0,1,9,00,2,1,19,201300021451B01,7,1,1
201300021471,2013-09-28,2013,septembre,samedi,10:05,28,28085,0,0,2,3,3,1,1,3,2,02,1,1,000,000,2,0,1,4,2,17,5,1,9,00,2,2,2,201300021471B01,7,15,1
201300021475,2013-10-03,2013,octobre,jeudi,74:5,28,28209,0,0,2,1,6,1,1,3,2,03,1,1,000,000,1,0,1,1,1,18,5,1,9,00,1,1,2,201300021475A01,,,
201300021478,2013-10-03,2013,octobre,jeudi,20:36,28,28110,0,0,1,2,2,3,3,3,2,02,1,1,000,100,2,0,1,3,1,45,3,1,4,00,2,4,2,201300021478B01,7,2,1
201300021507,2013-11-23,2013,novembre,samedi,12:25,28,28229,48.45578,1.4626,1,2,3,1,1,4,2,00,1,1,000,100,1,5,1,4,1,61,0,1,9,00,2,8,1,201300021507B01,7,1,1
201300021511,2013-12-02,2013,décembre,lundi,73:5,28,28085,0,0,2,3,7,3,1,4,2,01,2,1,000,000,1,0,0,4,1,39,0,1,4,00,0,0,1,201300021511A01,7,16,1
201300021519,2013-12-09,2013,décembre,lundi,18:50,28,28085,0,0,2,1,7,5,8,3,2,00,2,1,000,000,2,0,1,3,1,52,0,1,4,00,0,0,2,201300021519A01,,,
201300021530,2013-12-16,2013,décembre,lundi,16:50,28,28209,0,0,1,1,2,2,1,3,2,02,1,1,000,000,1,0,1,4,1,49,1,1,9,00,2,4,2,201300021530B01,7,2,1
201300021531,2013-12-23,2013,décembre,lundi,16:30,28,28085,0,0,2,1,7,1,1,3,2,02,2,1,000,000,2,0,1,3,1,56,5,1,2,00,0,0,0,201300021531A01,,,
201300021543,2013-06-18,2013,juin,mardi,13:45,42,42182,46.05179,3.93537,2,6,7,1,1,3,1,01,1,2,000,000,1,5,1,3,1,52,1,1,1,00,0,0,1,201300021543A01,,,
201300021563,2013-07-14,2013,juillet,dimanche,21:00,28,28404,48.73023,1.34159,2,1,3,1,1,4,-1,00,1,1,000,000,1,0,0,3,1,33,5,1,9,00,2,1,0,201300021563B01,33,1,1
201300021594,2013-03-04,2013,mars,lundi,14:45,74,74179,0,0,1,1,3,1,1,3,2,00,1,1,000,074,1,0,1,3,1,56,5,1,4,00,0,8,1,201300021594B02,10,17,1
201300021658,2013-11-13,2013,novembre,mercredi,64:5,35,35012,47.84142,-1.68102,2,1,2,5,1,9,-1,02,2,1,000,060,9,0,1,3,2,45,4,1,4,00,2,4,15,201300021658B02,37,17,1
201300021689,2013-12-20,2013,décembre,vendredi,14:15,54,54590,0,0,1,1,3,1,1,4,2,02,2,-1,072,072,1,3,1,3,1,79,5,1,1,00,0,4,9,201300021689A01,17,1,1
201300021699,2013-06-21,2013,juin,vendredi,15:45,83,83048,43.20652,6.56531,2,3,3,1,1,4,2,02,1,1,000,000,1,0,1,3,1,13,5,1,2,00,2,1,15,201300021699B02,10,1,1
201300021723,2013-09-21,2013,septembre,samedi,16:00,01,01436,46.348,6.095,1,1,2,1,1,3,2,02,3,1,000,000,1,0,1,3,1,50,5,1,2,00,2,4,2,201300021723B02,7,2,1
201300021724,2013-11-09,2013,novembre,samedi,10:45,01,01153,0,0,1,1,1,1,1,3,2,02,1,1,000,000,1,0,1,3,1,41,5,1,2,00,2,4,0,201300021724B02,7,1,1
201300021730,2013-05-02,2013,mai,jeudi,15:30,12,12033,44.437,2.679,1,1,2,1,1,3,3,03,-1,1,000,113,1,0,1,3,2,31,0,1,2,00,2,4,1,201300021730B02,7,2,1
201300021752,2013-01-28,2013,janvier,lundi,85:0,29,29019,48.38188,-4.50166,2,1,6,2,1,9,2,02,1,1,000,000,1,0,1,4,1,30,0,1,2,00,2,1,1,201300021752B01,7,15,1
201300021760,2013-02-02,2013,février,samedi,13:40,29,29019,48.41607,-4.47053,2,3,3,1,1,4,-1,02,1,-1,000,000,1,0,1,4,1,67,5,1,4,00,2,7,1,201300021760B01,7,15,1
201300021787,2013-04-23,2013,avril,mardi,17:50,29,29019,48.40206,-4.46792,2,2,3,1,1,4,2,02,2,1,000,000,1,0,1,4,1,41,0,1,9,00,2,1,1,201300021787A01,7,1,1
201300021797,2013-05-17,2013,mai,vendredi,12:50,29,29019,48.38622,-4.51264,2,6,3,1,1,4,-1,01,3,2,000,000,1,0,1,4,1,71,0,1,2,00,2,0,0,201300021797B01,7,0,1
201300021809,2013-06-10,2013,juin,lundi,19:07,29,29019,48.40703,-4.47947,2,6,3,1,1,3,-1,02,1,-1,000,000,1,3,1,4,1,70,0,1,2,00,2,1,1,201300021809B01,7,1,1
201300021815,2013-06-20,2013,juin,jeudi,12:07,29,29019,48.38698,-4.51448,2,1,3,1,2,4,2,02,2,1,000,000,2,0,1,2,1,62,0,1,2,01,0,8,17,201300021815B01,7,22,1
201300021845,2013-09-06,2013,septembre,vendredi,17:35,29,29019,48.38453,-4.4793,2,1,3,1,2,4,1,02,1,2,000,000,2,0,1,4,1,29,1,1,2,00,2,8,2,201300021845B01,7,2,1
201300021852,2013-09-16,2013,septembre,lundi,83:0,29,29019,48.38263,-4.5058,2,1,6,1,1,4,2,02,2,1,000,000,1,0,1,1,1,16,2,1,2,00,1,3,1,201300021852A01,,,
201300021869,2013-10-10,2013,octobre,jeudi,11:05,29,29019,48.41509,-4.47765,2,3,3,1,1,4,2,02,1,1,000,000,1,0,1,4,1,22,0,1,2,00,2,1,1,201300021869A01,7,1,1
201300021908,2013-12-16,2013,décembre,lundi,81:0,29,29019,48.40469,-4.5096,2,3,6,5,3,9,3,02,1,1,000,000,2,0,1,4,2,49,1,1,9,00,2,7,15,201300021908B01,7,9,1
201300021944,2013-03-28,2013,mars,jeudi,18:45,29,29039,47.87159,-3.91902,2,7,3,1,1,4,1,02,1,-1,010,040,1,0,1,4,1,12,2,1,9,00,2,7,1,201300021944A01,7,1,1
201300021952,2013-05-12,2013,mai,dimanche,16:03,29,29039,47.87752,-3.90029,1,1,7,1,1,3,2,02,1,1,100,060,1,0,3,4,1,71,5,1,9,00,0,1,2,201300021952A01,,,
201300021963,2013-07-22,2013,juillet,lundi,73:0,29,29039,47.89515,-3.91364,2,1,2,1,1,3,2,01,1,1,015,070,1,0,1,4,1,61,5,1,2,00,0,8,2,201300021963B01,7,2,1
201300021983,2013-10-01,2013,octobre,mardi,12:15,29,29039,47.88002,-3.92421,1,1,1,1,1,6,-1,02,1,1,000,050,1,0,0,4,1,15,5,1,9,00,9,1,1,201300021983B01,7,0,1
201300021992,2013-12-09,2013,décembre,lundi,12:00,29,29039,47.87708,-3.92516,2,2,3,1,1,4,2,02,1,3,000,107,1,0,1,3,2,84,9,1,9,00,9,8,19,201300021992B01,7,1,1
201300022006,2013-04-07,2013,avril,dimanche,12:05,29,29151,48.57714,-3.82632,2,1,3,1,1,9,-1,02,1,1,000,000,1,0,1,3,1,29,5,1,9,00,2,1,1,201300022006B01,10,0,1
201300022035,2013-07-09,2013,juillet,mardi,73:0,76,76238,49.55576,0.21595,2,1,1,1,1,4,2,01,4,2,000,039,1,0,1,3,1,45,1,1,2,00,2,1,1,201300022035B02,7,1,1
201300022050,2013-01-15,2013,janvier,mardi,95:2,29,29232,47.97637,-4.08155,2,1,3,1,7,4,1,01,1,3,000,000,2,0,1,4,1,73,0,1,2,00,2,6,1,201300022050B01,7,1,1
201300022079,2013-04-05,2013,avril,vendredi,10:10,29,29232,47.98331,-4.12917,2,1,7,1,1,4,2,00,1,1,000,000,1,0,1,3,1,62,0,1,2,00,0,0,1,201300022079A01,,,
201300022080,2013-04-06,2013,avril,samedi,18:00,29,29232,47.99315,-4.11917,2,1,3,1,1,4,-1,02,2,1,000,000,1,0,0,4,1,19,0,1,2,00,2,1,15,201300022080A01,7,1,1
201300022124,2013-07-11,2013,juillet,jeudi,74:0,29,29232,47.98778,-4.10888,2,6,6,1,1,4,1,02,1,-1,000,000,1,0,1,3,1,58,5,1,9,00,2,0,0,201300022124B01,7,0,1
201300022149,2013-09-03,2013,septembre,mardi,11:49,29,29232,47.98517,-4.04328,1,1,3,1,1,3,2,02,-1,-1,000,000,1,0,0,4,1,45,0,1,2,00,2,1,1,201300022149B01,7,11,1
201300022164,2013-10-24,2013,octobre,jeudi,14:50,29,29232,47.99133,-4.07362,2,6,7,1,1,3,1,01,2,-1,000,000,8,0,1,4,1,17,0,1,2,00,9,0,0,201300022164A01,,,
201300022208,2013-06-27,2013,juin,jeudi,18:00,60,60010,49.202,2.092,1,1,1,1,1,3,2,00,1,1,000,000,1,0,1,2,1,66,5,1,2,00,0,6,1,201300022208B02,7,17,1
201300022241,2013-09-13,2013,septembre,vendredi,15:25,30,30007,44.13435,4.08914,2,1,3,1,1,4,2,02,1,2,000,080,1,0,1,4,1,16,5,1,9,00,2,1,15,201300022241B01,7,16,1
201300022242,2013-09-20,2013,septembre,vendredi,10:30,30,30007,0,0,2,1,3,1,1,3,2,02,1,1,000,000,1,0,1,3,1,59,5,1,9,00,2,1,1,201300022242B01,7,15,1
201300022266,2013-07-17,2013,juillet,mercredi,84:0,30,30028,44.16051,4.61817,2,1,2,1,1,4,2,02,2,1,000,080,-1,0,1,4,2,53,1,1,2,00,0,1,15,201300022266B01,7,2,1
201300022309,2013-02-07,2013,février,jeudi,11:35,30,30189,43.82353,4.32791,2,6,6,1,1,2,1,03,-1,3,000,000,1,0,1,2,1,69,5,1,2,00,2,8,18,201300022309A01,14,16,1
201300022312,2013-02-11,2013,février,lundi,18:55,30,30189,0,0,2,1,3,3,1,2,2,02,1,1,000,035,1,0,1,4,1,80,9,1,4,00,2,1,15,201300022312B01,7,17,1
201300022317,2013-02-18,2013,février,lundi,81:0,30,30189,43.82174,4.34902,2,1,3,1,2,4,2,03,1,1,025,087,2,0,1,4,1,30,1,1,2,00,2,2,1,201300022317B01,7,9,1
201300022346,2013-03-26,2013,mars,mardi,11:45,30,30189,43.82614,4.37689,2,2,3,1,1,3,2,00,-1,1,000,067,1,0,1,3,1,45,9,1,2,00,2,1,1,201300022346B01,7,15,1
201300022347,2013-03-28,2013,mars,jeudi,13:30,30,30189,43.83221,4.36076,2,3,1,1,2,4,-1,00,1,1,000,000,2,0,1,3,2,50,0,1,9,00,2,0,0,201300022347B01,7,0,1
201300022351,2013-04-05,2013,avril,vendredi,20:32,30,30189,43.84167,4.3614,2,2,1,2,1,4,1,01,1,1,000,040,1,0,1,4,1,22,0,1,9,00,2,1,5,201300022351A01,7,15,1
201300022366,2013-04-17,2013,avril,mercredi,19:15,30,30189,43.82957,4.36179,2,1,6,1,1,4,3,02,1,1,010,124,1,0,1,4,1,2,5,1,2,00,2,1,19,201300022366B01,7,1,1
201300022383,2013-05-15,2013,mai,mercredi,15:15,30,30189,0,0,2,1,2,1,2,4,2,04,1,1,000,068,2,0,1,4,1,29,0,1,9,00,0,4,1,201300022383B01,7,1,1
201300022390,2013-05-30,2013,mai,jeudi,21:36,30,30189,43.85921,4.39494,2,3,3,5,1,4,2,02,-1,-1,000,000,1,0,1,4,1,18,0,1,9,00,2,0,0,201300022390A01,7,0,1
201300022423,2013-07-07,2013,juillet,dimanche,10:50,30,30189,43.83721,4.38509,2,3,3,1,1,4,2,02,1,1,000,070,1,0,1,4,1,69,0,1,9,00,2,7,19,201300022423A01,7,16,1
201300022447,2013-08-01,2013,août,jeudi,19:45,30,30189,43.84853,4.34167,2,1,1,1,1,4,2,02,2,2,000,030,1,0,1,4,1,19,5,1,9,00,2,1,15,201300022447A01,32,0,1
201300022489,2013-10-09,2013,octobre,mercredi,92:0,30,30189,43.84726,4.38964,2,2,1,1,1,4,4,03,1,1,000,088,1,0,1,4,1,71,5,1,9,00,2,1,1,201300022489A01,7,15,1
201300022490,2013-10-09,2013,octobre,mercredi,15:20,30,30189,43.83637,4.35076,2,2,3,1,1,4,-1,01,-1,-1,000,030,-1,0,0,1,1,31,0,1,2,00,2,8,19,201300022490A01,33,1,1
201300022497,2013-10-16,2013,octobre,mercredi,20:05,30,30189,43.84018,4.36377,2,1,2,5,1,4,1,03,1,1,000,103,1,0,1,4,2,50,9,1,2,00,2,1,1,201300022497B01,10,4,1
201300022513,2013-11-02,2013,novembre,samedi,17:00,30,30189,43.82643,4.37633,2,3,1,1,1,4,-1,01,1,1,000,035,1,0,0,3,1,13,9,1,9,00,2,1,5,201300022513B01,7,1,1
201300022520,2013-11-05,2013,novembre,mardi,10:15,30,30189,43.8309,4.38164,2,6,6,1,1,4,1,02,1,2,000,070,1,0,1,4,2,52,0,1,2,01,0,1,1,201300022520B01,7,22,1
201300022546,2013-12-23,2013,décembre,lundi,12:00,30,30189,43.83288,4.42592,1,6,3,1,1,3,2,02,-1,-1,000,060,1,0,0,4,1,57,5,1,9,00,2,0,1,201300022546B01,7,9,1
201300022596,2013-07-30,2013,juillet,mardi,81:5,26,26063,0,0,1,1,1,1,1,3,2,02,-1,1,000,051,1,0,3,3,1,56,5,1,2,00,2,1,14,201300022596B02,7,17,1
201300022599,2013-08-09,2013,août,vendredi,16:15,26,26188,0,0,2,1,7,1,1,3,2,00,2,1,036,054,1,5,1,3,1,70,5,1,2,00,0,0,1,201300022599A01,,,
201300022612,2013-09-28,2013,septembre,samedi,11:30,26,26003,0,0,1,1,3,1,1,3,2,02,-1,3,000,000,1,0,1,3,1,63,5,1,2,00,9,1,14,201300022612A02,99,21,1
201300022641,2013-11-04,2013,novembre,lundi,20:15,62,62645,50.9874,2.07173,1,1,5,3,8,3,3,00,1,1,000,000,2,0,1,3,1,20,5,1,1,00,0,4,2,201300022641B02,7,1,1
201300022641,2013-11-04,2013,novembre,lundi,20:15,62,62645,50.9874,2.07173,1,1,5,3,8,3,3,00,1,1,000,000,2,0,1,2,1,19,5,1,1,00,0,4,2,201300022641C03,7,1,1
201300022687,2013-12-03,2013,décembre,mardi,18:30,31,31483,43.10787,0.71634,2,3,3,5,1,4,1,01,1,1,050,100,1,0,1,4,1,45,3,1,9,00,2,1,15,201300022687B01,7,1,1
201300022722,2013-01-24,2013,janvier,jeudi,83:0,31,31555,0,0,2,3,3,2,3,4,-1,00,1,-1,000,000,-1,0,1,2,2,70,0,1,4,00,2,0,0,201300022722A01,37,0,1
201300022728,2013-01-25,2013,janvier,vendredi,17:30,31,31555,0,0,2,1,2,4,1,4,2,02,1,1,000,060,1,0,1,4,1,50,0,1,9,00,2,4,1,201300022728A01,33,2,1
201300022753,2013-02-20,2013,février,mercredi,11:37,31,31555,0,0,2,1,6,1,1,4,-1,00,1,1,000,000,1,0,1,1,1,75,0,1,4,00,1,1,0,201300022753A01,,,
201300022753,2013-02-20,2013,février,mercredi,11:37,31,31555,0,0,2,1,6,1,1,4,-1,00,1,1,000,000,1,0,1,4,1,86,0,1,9,00,1,1,0,201300022753A01,,,
201300022756,2013-02-15,2013,février,vendredi,15:35,31,31555,0,0,2,1,6,1,1,4,1,01,1,1,000,060,1,0,1,3,1,53,5,1,2,00,2,0,13,201300022756A01,32,1,1
201300022759,2013-02-21,2013,février,jeudi,94:0,31,31555,0,0,2,1,1,1,1,4,2,00,1,1,000,000,1,0,1,4,2,27,1,1,9,00,0,0,0,201300022759A01,7,0,1
201300022768,2013-02-21,2013,février,jeudi,84:0,31,31069,0,0,2,1,6,1,1,4,2,02,1,1,000,060,1,0,1,3,1,38,1,1,2,00,2,4,1,201300022768B01,7,0,1
201300022778,2013-03-09,2013,mars,samedi,25:0,31,31555,0,0,2,2,3,5,1,4,2,04,1,1,000,000,1,0,1,3,1,21,0,1,9,00,2,8,1,201300022778B01,7,15,1
201300022787,2013-03-14,2013,mars,jeudi,90:0,31,31557,43.5798,1.32756,2,1,1,1,1,4,2,00,1,1,000,000,2,0,1,3,2,15,0,1,4,00,2,0,0,201300022787B01,1,0,1
201300022787,2013-03-14,2013,mars,jeudi,90:0,31,31557,43.5798,1.32756,2,1,1,1,1,4,2,00,1,1,000,000,2,0,1,4,1,35,0,1,4,00,2,1,0,201300022787A01,1,0,1
201300022790,2013-03-17,2013,mars,dimanche,50:,31,31555,0,0,2,2,3,5,1,4,-1,03,1,1,000,000,1,0,1,2,2,30,5,1,2,00,2,0,0,201300022790A01,7,0,1
201300022810,2013-03-27,2013,mars,mercredi,16:30,31,31555,0,0,2,1,6,1,1,4,2,00,1,1,000,000,1,0,1,4,2,10,5,1,2,00,2,1,1,201300022810B01,7,1,1
201300022820,2013-03-29,2013,mars,vendredi,11:28,31,31149,43.6159,1.34003,2,1,6,1,1,4,2,02,2,-1,000,060,1,0,1,4,1,50,0,1,9,00,2,1,21,201300022820B01,7,2,1
201300022825,2013-04-04,2013,avril,jeudi,90:0,31,31555,0,0,2,1,3,1,1,4,2,02,1,1,000,060,1,0,1,4,1,41,0,1,9,00,2,1,2,201300022825B01,7,9,1
201300022842,2013-04-12,2013,avril,vendredi,14:20,31,31555,0,0,1,1,4,1,1,4,2,02,1,1,000,060,1,0,1,4,2,60,5,1,9,00,2,0,0,201300022842C01,7/ 32,16/1,2
201300022851,2013-04-21,2013,avril,dimanche,11:10,31,31555,0,0,2,1,6,1,1,4,2,02,1,1,000,060,1,0,1,4,2,38,5,1,9,00,2,0,0,201300022851B01,37,0,1
201300022859,2013-04-25,2013,avril,jeudi,92:5,31,31555,0,0,2,1,3,1,1,4,2,00,1,1,000,000,1,0,1,4,1,43,0,1,2,00,2,0,0,201300022859B01,7,0,1
201300022860,2013-04-30,2013,avril,mardi,10:40,31,31149,43.6065,1.31588,2,1,2,1,1,2,2,00,1,1,000,000,-1,0,1,4,2,36,0,1,2,00,2,4,0,201300022860B01,14,0,1
201300022868,2013-05-10,2013,mai,vendredi,16:30,31,31555,0,0,2,1,6,1,1,4,2,02,2,3,000,060,1,0,1,4,1,36,1,1,9,00,2,0,1,201300022868B01,7,1,1
201300022871,2013-05-12,2013,mai,dimanche,17:50,31,31555,0,0,2,1,1,1,1,4,2,00,1,1,000,000,1,0,1,4,2,25,5,1,4,00,2,0,0,201300022871B01,7,0,1
201300022874,2013-05-13,2013,mai,lundi,94:5,31,31555,0,0,2,6,3,1,1,4,2,01,1,2,000,000,1,0,1,3,1,81,0,1,4,00,2,4,2,201300022874B01,10,1,1
201300022878,2013-05-14,2013,mai,mardi,95:6,31,31555,0,0,2,1,3,1,1,4,2,00,1,1,000,000,1,0,1,4,2,54,0,1,4,00,2,0,0,201300022878A01,1,0,1
201300022878,2013-05-14,2013,mai,mardi,95:6,31,31555,0,0,2,1,3,1,1,4,2,00,1,1,000,000,1,0,1,1,1,28,0,1,4,00,2,1,0,201300022878B01,1,0,1
201300022885,2013-05-21,2013,mai,mardi,15:20,31,31555,0,0,2,1,3,1,1,4,2,02,1,-1,000,000,2,0,1,4,1,40,5,1,4,00,0,0,0,201300022885B01,7,15,1
201300022900,2013-06-03,2013,juin,lundi,22:15,31,31555,0,0,2,1,3,1,1,4,2,00,1,1,000,000,1,0,1,3,1,48,0,1,4,00,2,1,0,201300022900B01,7,0,1
201300022907,2013-06-05,2013,juin,mercredi,11:40,31,31555,0,0,2,1,3,1,1,4,1,01,1,1,000,058,1,0,1,4,1,13,0,1,9,00,2,1,0,201300022907B01,7,2,1
201300022909,2013-06-05,2013,juin,mercredi,16:45,31,31555,0,0,2,1,6,1,1,4,2,00,1,1,000,000,-1,0,1,1,1,43,0,1,4,00,1,0,0,201300022909A01,,,
201300022909,2013-06-05,2013,juin,mercredi,16:45,31,31555,0,0,2,1,6,1,1,4,2,00,1,1,000,000,-1,0,1,4,2,90,0,1,9,00,1,0,0,201300022909A01,,,
201300022911,2013-06-06,2013,juin,jeudi,17:40,31,31555,0,0,2,3,5,1,1,4,2,00,1,1,000,000,1,0,1,4,2,41,0,1,2,00,2,0,0,201300022911C01,33/ 7,0,2
201300022971,2013-07-03,2013,juillet,mercredi,18:45,31,31555,0,0,2,1,6,1,1,4,1,02,1,1,000,060,1,0,1,1,1,40,0,1,9,00,1,1,1,201300022971A01,,,
201300022972,2013-07-10,2013,juillet,mercredi,83:0,31,31555,0,0,2,1,6,1,1,4,1,01,1,1,000,060,1,0,1,4,2,60,0,1,9,00,2,1,0,201300022972B01,7,2,1
201300022977,2013-07-16,2013,juillet,mardi,1:,31,31555,0,0,2,1,2,5,1,4,3,02,1,2,000,060,1,0,1,4,1,38,9,1,2,00,2,1,2,201300022977B01,7,2,1
201300022979,2013-07-17,2013,juillet,mercredi,95:0,31,31557,43.58201,1.34331,2,1,6,1,1,4,2,02,1,1,000,060,1,0,1,1,1,47,0,1,9,00,1,1,2,201300022979A01,,,
201300023013,2013-08-22,2013,août,jeudi,15:15,31,31555,0,0,2,1,6,1,1,4,2,02,2,1,000,055,1,0,1,4,1,37,4,1,2,00,0,4,1,201300023013B01,10,1,1
201300023014,2013-08-22,2013,août,jeudi,13:25,31,31555,0,0,2,1,6,1,1,4,3,01,-1,3,000,071,1,0,1,3,1,63,0,1,2,00,2,1,19,201300023014A01,37,1,1
201300023032,2013-09-06,2013,septembre,vendredi,17:25,31,31555,0,0,2,3,6,1,9,4,2,02,1,1,000,000,1,0,1,4,2,23,1,1,2,00,2,1,1,201300023032B01,14,16,1
201300023049,2013-09-15,2013,septembre,dimanche,15:30,31,31555,0,0,2,1,6,1,1,2,1,01,-1,1,000,060,-1,0,1,4,1,13,0,1,2,00,2,1,0,201300023049B01,13,23,1
201300023060,2013-09-25,2013,septembre,mercredi,12:30,31,31555,0,0,2,1,3,1,1,4,2,02,1,1,000,000,1,0,1,4,2,67,5,1,2,00,9,8,1,201300023060B01,34,14,1
201300023063,2013-09-30,2013,septembre,lundi,75:5,31,31555,0,0,2,1,1,1,1,4,2,02,1,1,000,060,1,0,1,4,2,18,9,1,2,00,2,1,15,201300023063A01,30,2,1
201300023083,2013-10-14,2013,octobre,lundi,18:00,31,31555,0,0,2,1,6,1,1,4,2,02,1,1,000,060,1,0,1,4,1,70,5,1,2,00,2,4,1,201300023083B01,31,1,1