Num_Acc,date,an,mois,jour,hrmn,dep,com,lat,long,agg,int,col,lum,atm,catr,circ,nbv,prof,plan,lartpc,larrout,surf,infra,situ,grav,sexe,age,trajet,secuexist,equipement,obs,obsm,choc,manv,vehiculeid,typevehicules,manoeuvehicules,numVehicules
201300023084,2013-10-10,2013,octobre,jeudi,10:30,31,31557,43.575,1.34607,2,3,3,1,1,3,2,01,1,1,000,000,1,0,1,4,1,62,5,1,2,00,2,7,1,201300023084B01,7,9,1
201300023085,2013-10-15,2013,octobre,mardi,10:35,31,31555,0,0,2,1,6,1,1,4,2,03,1,1,000,000,2,0,1,4,1,19,2,1,2,00,1,1,1,201300023085A01,,,
201300023095,2013-10-18,2013,octobre,vendredi,18:45,31,31555,0,0,2,2,3,2,1,4,2,02,1,1,000,060,1,0,1,4,2,31,1,1,2,00,2,1,0,201300023095A01,7,1,1
201300023099,2013-10-21,2013,octobre,lundi,21:25,31,31555,0,0,2,1,6,5,1,4,2,02,1,1,000,060,1,0,1,1,1,27,5,1,2,00,1,1,1,201300023099A01,,,
201300023102,2013-10-18,2013,octobre,vendredi,15:25,31,31149,43.6079,1.33009,2,1,3,1,1,4,2,02,1,-1,000,060,1,0,1,4,1,12,9,1,2,00,2,1,9,201300023102A01,7,1,1
201300023114,2013-10-25,2013,octobre,vendredi,92:0,31,31555,0,0,2,1,3,1,1,4,2,04,1,1,000,000,1,0,1,4,1,40,0,1,9,01,0,1,0,201300023114B01,7,0,1
201300023116,2013-10-24,2013,octobre,jeudi,16:55,31,31555,0,0,2,1,6,1,1,4,2,03,1,1,000,000,1,0,1,4,2,28,0,1,4,00,2,0,0,201300023116B01,7,0,1
201300023135,2013-11-06,2013,novembre,mercredi,16:50,31,31555,0,0,2,1,2,1,1,4,2,00,1,1,000,000,1,0,1,4,1,89,0,1,9,00,2,0,0,201300023135B01,7,0,1
201300023151,2013-11-10,2013,novembre,dimanche,12:10,31,31555,0,0,2,1,3,1,2,4,1,02,1,1,000,000,2,0,1,4,2,19,0,1,4,00,2,0,0,201300023151A01,7,0,1
201300023169,2013-11-22,2013,novembre,vendredi,17:45,31,31555,0,0,2,1,1,5,9,4,2,00,1,1,000,000,2,0,1,4,1,36,1,1,4,00,0,0,0,201300023169B01,7,0,1
201300023175,2013-11-28,2013,novembre,jeudi,81:0,31,31555,0,0,2,3,3,1,1,4,2,01,1,3,000,000,1,0,1,4,1,48,0,1,4,00,2,1,0,201300023175A01,7,0,1
201300023200,2013-12-05,2013,décembre,jeudi,13:15,31,31149,43.61357,1.35369,2,1,3,1,1,4,2,00,1,1,000,000,1,0,1,4,2,50,0,1,2,00,2,0,0,201300023200B01,7,0,1
201300023201,2013-12-10,2013,décembre,mardi,14:50,31,31555,0,0,2,1,2,1,1,4,2,00,1,1,000,000,1,0,1,3,1,67,5,1,4,00,2,1,0,201300023201A01,7,1,1
201300023214,2013-12-17,2013,décembre,mardi,17:45,31,31555,0,0,2,1,6,5,1,4,1,00,1,1,000,000,1,0,1,1,1,36,0,1,4,00,1,0,0,201300023214A01,,,
201300023214,2013-12-17,2013,décembre,mardi,17:45,31,31555,0,0,2,1,6,5,1,4,1,00,1,1,000,000,1,0,1,4,2,14,0,1,9,00,1,0,0,201300023214A01,,,
201300023221,2013-12-21,2013,décembre,samedi,21:17,31,31555,0,0,2,3,3,5,1,4,1,03,1,1,000,090,1,0,1,1,2,29,1,1,2,00,9,2,1,201300023221B01,30,1,1
201300023237,2013-07-04,2013,juillet,jeudi,16:15,10,10142,48.272,3.807,2,9,3,1,1,3,2,02,1,1,,070,1,0,1,3,1,80,5,1,9,00,2,1,1,201300023237B02,7,15,1
201300023246,2013-09-02,2013,septembre,lundi,17:15,71,71359,0,0,2,1,1,1,1,3,2,02,1,1,000,062,1,0,1,2,1,70,5,1,2,00,2,1,13,201300023246B02,10,1,1
201300023343,2013-01-09,2013,janvier,mercredi,17:08,33,33529,0,0,1,1,6,2,1,4,2,02,1,1,000,060,1,0,1,4,2,14,5,1,4,00,2,1,15,201300023343A01,7,1,1
201300023346,2013-01-18,2013,janvier,vendredi,15:30,33,33009,0,0,2,2,3,1,2,4,2,02,1,1,000,060,2,0,1,4,1,49,5,1,9,00,2,8,16,201300023346B01,7,1,1
201300023355,2013-05-26,2013,mai,dimanche,90:0,33,33529,0,0,2,3,3,1,1,4,2,02,1,1,000,060,1,0,1,4,2,45,1,1,4,00,2,6,1,201300023355B01,7,16,1
201300023361,2013-07-09,2013,juillet,mardi,21:05,33,33529,0,0,1,2,3,1,1,4,2,02,1,1,000,094,1,0,5,4,1,14,5,1,4,00,2,1,1,201300023361A01,7,23,1
201300023363,2013-07-05,2013,juillet,vendredi,15:25,33,33529,0,0,2,1,6,1,1,4,2,02,1,1,000,070,1,0,5,3,2,51,5,1,9,00,2,1,1,201300023363B01,7,23,1
201300023369,2013-08-14,2013,août,mercredi,10:00,33,33009,0,0,2,1,3,1,1,4,2,02,1,1,000,060,1,0,1,4,1,37,1,1,9,00,2,1,17,201300023369B01,7,15,1
201300023373,2013-08-24,2013,août,samedi,20:50,33,33529,0,0,2,1,6,2,9,4,1,01,1,1,000,042,9,0,1,4,1,15,5,1,9,00,2,1,17,201300023373A01,7,20,1
201300023374,2013-08-28,2013,août,mercredi,16:20,33,33529,0,0,2,1,6,1,1,4,2,00,1,1,000,065,1,0,1,4,2,57,5,1,9,00,2,6,1,201300023374B01,7,15,1
201300023379,2013-10-02,2013,octobre,mercredi,20:00,33,33529,0,0,2,1,3,5,1,4,2,02,1,1,000,068,1,0,1,3,1,19,9,1,9,00,2,8,1,201300023379B01,10,15,1
201300023381,2013-10-18,2013,octobre,vendredi,14:40,33,33529,0,0,1,1,6,1,1,3,2,02,1,1,000,100,1,0,1,1,1,57,4,1,2,00,2,1,1,201300023381B01,13,1,1
201300023387,2013-12-11,2013,décembre,mercredi,17:10,33,33529,0,0,2,1,6,1,1,3,2,02,1,3,000,070,1,0,1,3,2,78,5,1,9,00,0,1,1,201300023387B01,7,16,1
201300023389,2013-12-17,2013,décembre,mardi,19:35,33,33009,0,0,2,2,3,5,1,4,2,02,1,1,125,031,1,0,1,4,1,50,5,1,9,00,2,5,1,201300023389B01,7,1,1
201300023412,2013-01-08,2013,janvier,mardi,85:0,33,33063,0,0,2,2,3,1,2,4,1,01,1,1,000,026,2,0,1,4,2,49,4,1,2,00,2,7,1,201300023412B01,7,1,1
201300023442,2013-01-10,2013,janvier,jeudi,63:4,33,33063,0,0,2,1,2,5,2,4,2,02,1,1,000,068,2,0,1,4,1,24,9,1,9,00,2,4,2,201300023442B01,7,1,1
201300023464,2013-01-25,2013,janvier,vendredi,17:30,33,33281,0,0,2,1,3,1,1,4,3,04,1,1,000,006,1,0,1,4,2,45,0,1,2,00,2,0,1,201300023464B01,7,16,1
201300023467,2013-01-31,2013,janvier,jeudi,13:20,33,33063,0,0,2,1,3,1,1,4,2,02,1,1,000,000,1,0,1,4,2,24,9,1,9,01,9,2,1,201300023467B01,7,24,1
201300023469,2013-01-21,2013,janvier,lundi,14:50,33,33522,0,0,2,1,3,1,3,4,2,02,1,1,000,000,2,0,1,4,2,16,9,1,9,00,2,1,1,201300023469B01,7,15,1
201300023476,2013-02-02,2013,février,samedi,18:15,33,33063,0,0,2,2,3,1,1,4,1,01,-1,-1,000,000,-1,0,0,4,1,15,0,1,9,00,2,3,1,201300023476A01,37,1,1
201300023479,2013-02-01,2013,février,vendredi,21:25,33,33063,0,0,2,3,6,5,2,4,-1,01,1,1,000,000,2,5,1,4,1,23,0,1,4,00,2,3,1,201300023479B01,7,4,1
201300023480,2013-02-04,2013,février,lundi,17:55,33,33063,0,0,2,1,6,2,2,4,3,05,1,1,000,000,2,0,1,1,1,64,4,1,9,00,1,1,1,201300023480A01,,,
201300023487,2013-02-07,2013,février,jeudi,15:00,33,33063,0,0,2,1,6,1,1,4,2,03,3,1,000,075,1,0,1,4,1,24,0,1,9,00,2,1,2,201300023487A01,7,2,1
201300023511,2013-02-12,2013,février,mardi,11:30,33,33281,0,0,2,6,3,1,1,4,2,02,1,2,000,000,1,0,1,4,1,41,0,1,4,00,2,2,1,201300023511B01,7,9,1
201300023513,2013-02-20,2013,février,mercredi,80:0,33,33063,0,0,2,2,3,1,1,4,1,01,1,1,000,000,1,0,1,3,1,47,9,1,9,00,2,0,1,201300023513B01,7,15,1
201300023514,2013-02-15,2013,février,vendredi,85:0,33,33069,0,0,2,3,3,1,1,4,1,01,1,1,000,000,1,0,1,3,2,81,9,1,9,00,2,1,1,201300023514B01,7,15,1
201300023519,2013-02-22,2013,février,vendredi,12:53,33,33063,0,0,2,2,3,1,1,4,2,02,1,1,000,000,1,0,1,4,2,52,9,1,9,00,2,2,1,201300023519A01,40,1,1
201300023522,2013-02-20,2013,février,mercredi,20:00,33,33039,0,0,2,3,3,5,1,4,2,02,1,1,000,056,1,0,1,3,1,40,9,1,9,00,2,0,1,201300023522B01,7,15,1
201300023524,2013-02-20,2013,février,mercredi,13:20,33,33281,0,0,2,1,6,1,1,4,2,02,1,1,000,050,1,0,1,4,1,13,0,1,4,00,2,2,9,201300023524A01,7,1,1
201300023527,2013-02-19,2013,février,mardi,75:0,33,33039,0,0,2,1,3,1,1,4,2,02,1,3,000,054,1,0,1,4,2,15,1,1,9,00,2,1,11,201300023527B01,7,1,1
201300023546,2013-02-21,2013,février,jeudi,11:45,33,33167,0,0,2,3,3,1,1,4,2,02,1,1,000,000,1,0,1,4,1,66,0,1,9,00,2,1,1,201300023546B01,7,9,1
201300023548,2013-03-05,2013,mars,mardi,95:5,33,33063,0,0,2,1,3,1,1,4,1,01,2,3,000,000,1,0,1,3,1,69,0,1,9,00,0,3,16,201300023548A01,14,1,1
201300023549,2013-02-26,2013,février,mardi,83:5,33,33318,0,0,2,2,3,1,2,4,2,02,1,1,000,000,2,0,1,4,1,5,0,1,9,00,2,7,19,201300023549B01,7,1,1
201300023577,2013-03-07,2013,mars,jeudi,62:0,33,33522,0,0,2,1,3,5,2,4,3,02,1,1,000,000,2,0,1,4,1,58,1,1,4,00,2,1,1,201300023577B01,7,16,1
201300023583,2013-03-20,2013,mars,mercredi,10:30,33,33063,0,0,2,2,3,1,1,4,2,02,1,1,000,000,1,0,1,4,2,59,0,1,9,00,2,0,1,201300023583B01,7,16,1
201300023593,2013-03-25,2013,mars,lundi,14:25,33,33063,0,0,2,3,3,1,1,4,1,01,1,1,000,000,1,0,1,4,2,26,2,1,9,00,2,1,1,201300023593B01,7,16,1
201300023598,2013-03-27,2013,mars,mercredi,14:40,33,33063,0,0,2,2,6,1,1,4,1,01,3,1,000,000,1,0,1,1,1,24,9,1,9,00,2,4,1,201300023598A01,33,1,1
201300023606,2013-03-28,2013,mars,jeudi,12:00,33,33063,0,0,2,2,6,1,1,4,1,00,1,1,000,000,1,0,1,3,2,17,0,1,9,00,2,0,1,201300023606A01,7,1,1
201300023613,2013-04-02,2013,avril,mardi,70:5,33,33063,0,0,2,2,3,5,2,4,2,04,1,3,000,000,1,0,1,4,2,43,4,1,9,00,2,4,1,201300023613A01,7,16,1
201300023614,2013-04-02,2013,avril,mardi,22:10,33,33063,0,0,2,1,3,5,1,4,1,00,1,1,000,000,1,4,1,4,1,38,0,1,9,01,0,2,1,201300023614A01,7,23,1
201300023618,2013-04-03,2013,avril,mercredi,83:0,33,33063,0,0,2,1,3,1,1,4,3,04,1,1,000,000,1,0,1,3,2,28,1,1,9,00,2,2,1,201300023618B01,33,1,1
201300023620,2013-04-04,2013,avril,jeudi,13:30,33,33063,0,0,2,3,6,1,2,4,2,02,1,4,000,000,2,5,1,4,2,15,0,1,9,00,2,1,6,201300023620A01,7,1,1
201300023626,2013-04-05,2013,avril,vendredi,16:35,33,33063,0,0,2,1,6,1,1,4,2,02,1,1,000,000,1,0,1,3,2,58,0,1,9,00,2,1,1,201300023626B01,7,22,1
201300023627,2013-03-28,2013,mars,jeudi,82:0,33,33550,0,0,2,6,3,1,2,4,2,02,1,1,000,000,2,0,1,4,1,13,0,1,9,00,2,6,16,201300023627B01,7,1,1
201300023637,2013-04-10,2013,avril,mercredi,13:30,33,33063,0,0,2,1,6,1,1,4,3,08,1,1,000,000,1,4,1,3,2,52,0,1,9,00,2,4,19,201300023637A01,33,1,1
201300023639,2013-04-11,2013,avril,jeudi,13:50,33,33063,0,0,2,2,3,1,2,4,1,01,2,1,000,000,2,0,1,4,1,43,0,1,9,00,0,0,0,201300023639B01,7,0,1
201300023641,2013-04-11,2013,avril,jeudi,17:30,33,33063,0,0,2,3,3,1,1,4,3,04,2,1,000,000,1,0,1,4,2,42,0,1,9,00,0,8,1,201300023641B01,7,15,1
201300023643,2013-04-12,2013,avril,vendredi,18:20,33,33063,0,0,2,3,6,1,1,4,3,00,1,1,000,000,1,5,1,4,2,65,5,1,9,00,2,6,1,201300023643B01,7,10,1
201300023665,2013-04-22,2013,avril,lundi,19:00,33,33063,0,0,2,2,3,1,1,4,1,00,2,1,000,000,1,0,1,1,1,35,0,1,9,00,0,0,1,201300023665A01,1,1,1
201300023665,2013-04-22,2013,avril,lundi,19:00,33,33063,0,0,2,2,3,1,1,4,1,00,2,1,000,000,1,0,1,3,2,41,1,1,9,00,0,3,1,201300023665B01,1,1,1
201300023672,2013-04-22,2013,avril,lundi,81:0,33,33119,0,0,2,3,6,1,1,4,-1,02,1,-1,000,000,1,0,1,1,1,12,0,1,9,00,1,3,1,201300023672A01,,,
201300023675,2013-04-17,2013,avril,mercredi,15:30,33,33522,0,0,2,1,3,1,1,4,2,02,1,1,000,000,1,0,1,4,2,55,1,1,9,01,2,1,1,201300023675B01,7,22,1
201300023679,2013-04-25,2013,avril,jeudi,22:20,33,33063,0,0,2,6,3,5,1,4,1,02,1,2,000,026,1,5,1,3,2,24,9,1,9,00,2,0,16,201300023679A01,7,16,1
201300023680,2013-04-25,2013,avril,jeudi,10:00,33,33063,0,0,2,1,6,1,1,4,2,02,1,1,000,010,1,0,1,4,2,33,1,1,9,01,2,2,1,201300023680B01,10,22,1
201300023693,2013-04-29,2013,avril,lundi,91:0,33,33063,0,0,2,2,3,1,1,4,1,02,1,1,000,000,1,0,1,3,2,43,0,1,9,00,2,1,1,201300023693A01,10,1,1
201300023695,2013-04-29,2013,avril,lundi,16:19,33,33063,0,0,2,3,3,1,1,4,1,02,1,1,000,000,1,0,1,4,1,29,9,1,9,00,2,1,1,201300023695B01,7,15,1
201300023708,2013-05-06,2013,mai,lundi,18:25,33,33063,0,0,2,2,3,1,1,4,2,03,1,1,000,000,1,0,1,4,1,46,0,1,9,00,0,3,1,201300023708B01,7,15,1
201300023722,2013-05-14,2013,mai,mardi,21:20,33,33063,0,0,2,3,6,2,2,4,2,01,1,1,000,000,2,0,0,1,1,13,0,1,9,00,1,0,0,201300023722Z01,,,
201300023722,2013-05-14,2013,mai,mardi,21:20,33,33063,0,0,2,3,6,2,2,4,2,01,1,1,000,000,2,0,0,4,2,57,0,1,9,00,1,0,0,201300023722Z01,,,
201300023727,2013-05-17,2013,mai,vendredi,15:45,33,33063,0,0,2,3,3,1,1,4,1,01,3,1,000,091,1,0,1,2,1,21,9,1,9,00,2,9,1,201300023727B01,14,1,1
201300023731,2013-05-16,2013,mai,jeudi,20:38,33,33063,0,0,2,3,6,1,1,4,2,00,-1,-1,000,000,-1,0,1,3,2,19,0,1,9,00,2,8,16,201300023731A01,7,1,1
201300023731,2013-05-16,2013,mai,jeudi,20:38,33,33063,0,0,2,3,6,1,1,4,2,00,-1,-1,000,000,-1,0,1,4,2,16,0,1,9,00,2,8,16,201300023731A01,7,1,1
201300023734,2013-05-15,2013,mai,mercredi,84:0,33,33069,0,0,2,6,6,1,8,4,2,02,1,-1,000,000,2,5,1,4,1,16,0,1,9,00,2,0,1,201300023734B01,10,9,1
201300023735,2013-05-21,2013,mai,mardi,18:05,33,33063,0,0,2,2,6,1,1,4,1,00,1,1,000,000,1,5,1,4,2,38,0,1,9,00,4,3,15,201300023735A01,40,1,1
201300023740,2013-05-22,2013,mai,mercredi,13:40,33,33063,0,0,2,2,6,1,1,4,2,00,1,-1,000,000,1,5,1,1,1,25,0,1,9,00,0,4,0,201300023740B01,33,0,1
201300023751,2013-05-24,2013,mai,vendredi,23:50,33,33063,0,0,2,3,7,5,1,4,2,00,-1,-1,000,000,-1,0,1,4,1,56,0,1,9,12,0,0,15,201300023751A01,,,
201300023759,2013-05-25,2013,mai,samedi,17:40,33,33249,0,0,2,6,3,1,1,4,1,01,1,2,000,000,1,0,1,4,2,66,0,1,9,00,0,0,1,201300023759B01,10,9,1
201300023772,2013-05-31,2013,mai,vendredi,75:0,33,33063,0,0,2,2,1,4,1,4,2,02,1,1,000,000,1,0,1,4,1,22,0,1,9,00,2,1,1,201300023772A01,1,5,1
201300023774,2013-06-05,2013,juin,mercredi,72:0,33,33063,0,0,2,1,3,1,1,4,1,01,2,1,000,000,1,0,1,4,2,63,0,1,9,00,0,4,1,201300023774B01,30,2,1
201300023775,2013-06-05,2013,juin,mercredi,18:40,33,33063,0,0,2,2,3,1,1,4,1,01,1,1,000,000,1,0,1,4,1,54,0,1,9,00,2,7,1,201300023775B01,7,16,1
201300023792,2013-06-12,2013,juin,mercredi,50:,33,33063,0,0,2,1,1,5,1,4,2,02,1,1,000,000,1,0,1,3,1,25,0,1,9,00,2,7,1,201300023792A01,7,1,1
201300023794,2013-06-06,2013,juin,jeudi,80:0,33,33069,0,0,2,6,3,1,1,4,2,02,1,3,000,000,2,0,1,4,2,48,0,1,9,00,2,1,9,201300023794B01,7,1,1
201300023804,2013-06-12,2013,juin,mercredi,12:15,33,33063,0,0,2,1,6,1,1,4,1,01,1,1,000,000,1,0,1,3,2,68,5,1,9,00,2,1,1,201300023804B01,7,1,1
201300023806,2013-06-15,2013,juin,samedi,10:35,33,33063,0,0,2,1,6,1,1,4,3,00,1,1,000,000,1,2,5,1,1,55,5,1,2,00,1,1,1,201300023806A01,,,
201300023807,2013-06-15,2013,juin,samedi,16:20,33,33063,0,0,2,1,3,1,1,4,2,02,1,1,000,000,1,0,1,3,1,72,5,1,9,00,0,6,1,201300023807B01,7,16,1
201300023811,2013-06-15,2013,juin,samedi,11:30,33,33281,0,0,2,1,3,1,1,4,2,02,1,1,000,000,1,0,1,4,2,58,0,1,9,01,0,1,1,201300023811B01,7,24,1
201300023827,2013-06-14,2013,juin,vendredi,85:0,33,33192,0,0,2,1,6,1,1,4,2,02,1,1,000,000,1,0,1,1,2,16,2,1,9,00,1,1,1,201300023827A01,,,
201300023828,2013-06-24,2013,juin,lundi,10:04,33,33063,0,0,2,1,6,1,1,4,1,01,1,1,000,000,1,0,1,1,2,45,4,1,9,00,1,3,1,201300023828A01,,,
201300023835,2013-06-21,2013,juin,vendredi,15:40,33,33318,0,0,2,6,3,1,2,4,2,02,1,1,000,000,2,0,1,4,1,17,0,1,9,00,0,0,0,201300023835B01,7,9,1
201300023836,2013-06-25,2013,juin,mardi,20:20,33,33063,0,0,2,1,6,1,1,4,1,02,1,1,000,100,1,0,1,3,2,40,0,1,9,01,0,1,1,201300023836B01,7,22,1
201300023837,2013-06-18,2013,juin,mardi,14:20,33,33522,0,0,2,3,6,1,2,4,1,01,1,-1,000,000,2,0,1,1,1,28,0,1,9,00,2,2,19,201300023837A01,1,1,1
201300023837,2013-06-18,2013,juin,mardi,14:20,33,33522,0,0,2,3,6,1,2,4,1,01,1,-1,000,000,2,0,1,4,1,67,0,1,9,00,2,3,1,201300023837B01,1,19,1
201300023838,2013-06-14,2013,juin,vendredi,12:20,33,33522,0,0,2,2,3,1,1,4,2,02,1,-1,000,000,-1,0,1,4,2,24,0,1,9,00,2,3,16,201300023838A01,7,1,1
201300023842,2013-06-28,2013,juin,vendredi,74:0,33,33063,0,0,2,1,5,1,1,4,3,04,1,1,000,000,1,0,1,4,2,43,9,1,9,00,2,2,1,201300023842A01,7/ 2,1,2
201300023842,2013-06-28,2013,juin,vendredi,74:0,33,33063,0,0,2,1,5,1,1,4,3,04,1,1,000,000,1,0,1,1,1,23,0,1,9,00,2,0,1,201300023842B01,7/ 2,1,2
201300023843,2013-06-21,2013,juin,vendredi,16:00,33,33039,0,0,2,1,2,1,2,4,2,02,1,1,000,000,1,0,1,3,1,39,0,1,9,00,2,1,1,201300023843B01,7,1,1
201300023844,2013-06-28,2013,juin,vendredi,30:,33,33063,0,0,2,3,7,5,1,4,3,08,1,1,000,000,1,5,1,4,1,42,0,1,9,14,0,0,0,201300023844A01,,,
201300023845,2013-06-27,2013,juin,jeudi,16:30,33,33063,0,0,2,3,6,1,1,4,1,01,1,1,000,000,1,5,1,4,2,36,0,1,9,00,2,0,15,201300023845A01,31,1,1
201300023857,2013-07-02,2013,juillet,mardi,16:55,33,33063,0,0,2,3,3,1,1,4,2,02,1,1,000,000,1,0,1,4,1,38,4,1,9,00,2,1,1,201300023857B01,7,15,1
201300023865,2013-07-04,2013,juillet,jeudi,18:40,33,33063,0,0,2,6,3,1,1,4,1,02,1,2,000,000,1,5,1,4,1,54,0,1,9,00,2,0,15,201300023865B01,7,1,1
201300023868,2013-07-05,2013,juillet,vendredi,84:0,33,33063,0,0,2,2,6,1,1,4,2,01,1,1,000,000,1,5,1,4,2,25,0,1,9,01,0,2,1,201300023868B01,7,24,1
201300023872,2013-07-03,2013,juillet,mercredi,17:00,33,33318,0,0,2,2,6,1,2,4,2,00,1,1,000,045,2,5,1,3,2,78,0,1,9,00,2,1,9,201300023872A01,7,1,1
201300023886,2013-06-24,2013,juin,lundi,19:30,33,33063,0,0,2,5,3,1,1,4,3,04,1,1,000,000,1,0,1,3,2,52,0,1,9,00,2,0,1,201300023886B01,7,16,1
201300023888,2013-07-15,2013,juillet,lundi,10:40,33,33063,0,0,2,4,6,1,1,4,2,00,1,2,000,000,1,5,1,4,1,60,0,1,9,00,2,1,15,201300023888B01,7,1,1
201300023893,2013-07-16,2013,juillet,mardi,20:30,33,33063,0,0,2,2,6,1,1,4,3,08,3,1,000,000,1,0,1,3,1,30,0,1,9,00,2,1,19,201300023893A01,7,1,1
201300023898,2013-07-18,2013,juillet,jeudi,90:0,33,33063,0,0,2,2,3,1,1,4,2,02,1,1,000,000,1,0,1,4,2,24,0,1,9,00,2,1,1,201300023898A01,7,1,1
201300023900,2013-07-17,2013,juillet,mercredi,16:25,33,33281,0,0,2,1,3,1,1,4,2,02,1,1,000,000,1,0,1,4,1,52,0,1,9,00,0,8,1,201300023900A01,7,1,1
201300023912,2013-07-24,2013,juillet,mercredi,18:20,33,33063,0,0,2,1,7,1,1,4,3,02,1,1,000,000,1,0,1,4,1,40,0,1,9,01,2,1,2,201300023912A01,,,
201300023915,2013-07-25,2013,juillet,jeudi,22:25,33,33063,0,0,1,2,3,5,1,4,2,02,-1,-1,000,000,-1,0,1,4,1,30,0,1,9,00,0,4,1,201300023915A01,31,15,1
201300023916,2013-07-21,2013,juillet,dimanche,20:,33,33039,0,0,2,6,3,5,1,4,2,02,1,1,000,000,1,0,0,4,1,34,5,1,9,00,0,3,16,201300023916B01,7,1,1
201300023931,2013-07-25,2013,juillet,jeudi,17:10,33,33522,0,0,2,6,3,1,1,4,2,02,1,3,000,000,1,0,1,3,1,55,0,1,9,00,0,1,0,201300023931B01,7,16,1
201300023932,2013-07-25,2013,juillet,jeudi,15:00,33,33522,0,0,2,1,3,1,1,4,3,02,1,-1,000,000,1,0,5,3,1,18,9,1,9,00,2,1,1,201300023932B01,7,24,1
201300023937,2013-07-29,2013,juillet,lundi,95:0,33,33192,0,0,2,6,3,1,1,4,2,02,1,-1,000,000,-1,0,1,4,1,84,0,1,4,00,0,0,16,201300023937B01,7,16,1
201300023945,2013-07-27,2013,juillet,samedi,11:55,33,33063,0,0,2,3,3,1,1,4,3,02,1,2,000,000,1,0,1,3,2,38,0,1,9,00,0,4,1,201300023945B01,7,16,1
201300023945,2013-07-27,2013,juillet,samedi,11:55,33,33063,0,0,2,3,3,1,1,4,3,02,1,2,000,000,1,0,1,4,2,3,0,1,9,00,0,4,1,201300023945B01,7,16,1
201300023946,2013-08-03,2013,août,samedi,10:00,33,33281,0,0,2,1,3,1,1,4,2,02,1,1,000,000,1,0,1,3,2,24,0,1,9,00,2,0,1,201300023946B01,10,1,1
201300023953,2013-08-12,2013,août,lundi,13:55,33,33063,0,0,2,3,3,1,1,4,3,04,1,1,000,000,1,0,1,3,2,37,1,1,2,00,2,0,1,201300023953B01,7,16,1
201300023965,2013-08-16,2013,août,vendredi,13:15,33,33063,0,0,2,1,2,1,1,4,2,02,2,1,000,000,1,0,1,4,2,28,0,1,9,00,0,4,1,201300023965B01,7,2,1
201300023966,2013-08-18,2013,août,dimanche,18:05,33,33063,0,0,2,2,3,1,1,4,2,02,2,1,000,000,1,0,1,4,1,50,0,1,9,00,0,3,1,201300023966B01,7,15,1
201300023987,2013-08-28,2013,août,mercredi,11:00,33,33063,0,0,2,3,3,1,1,4,2,02,1,1,000,000,1,0,1,3,1,51,0,1,9,00,2,1,2,201300023987A01,7,15,1
201300024019,2013-09-06,2013,septembre,vendredi,19:15,33,33063,0,0,2,3,3,2,2,4,1,02,1,2,000,000,2,0,1,3,1,49,0,1,9,00,2,1,1,201300024019B01,7,16,1
201300024024,2013-09-03,2013,septembre,mardi,10:40,33,33039,0,0,2,1,1,1,1,4,2,02,1,1,000,000,1,0,1,3,2,67,0,1,9,00,0,0,15,201300024024B01,7,20,1
201300024035,2013-09-11,2013,septembre,mercredi,15:17,33,33032,0,0,2,6,3,1,1,4,2,00,-1,-1,000,000,-1,0,1,4,1,38,0,1,2,00,2,6,1,201300024035B01,7,9,1
201300024040,2013-09-10,2013,septembre,mardi,10:10,33,33192,0,0,2,6,3,1,1,4,-1,01,1,1,000,000,1,0,1,4,1,67,0,1,9,00,2,1,1,201300024040B01,7,9,1
201300024063,2013-09-21,2013,septembre,samedi,13:55,33,33063,0,0,2,3,3,1,1,4,2,03,1,1,000,000,1,0,1,4,1,66,0,1,9,00,0,6,1,201300024063B01,7,15,1
201300024073,2013-09-10,2013,septembre,mardi,17:45,33,33522,0,0,2,1,3,1,1,3,3,04,1,1,000,000,1,4,1,4,1,39,0,1,9,01,0,1,1,201300024073B01,7,24,1
201300024075,2013-09-24,2013,septembre,mardi,16:15,33,33063,0,0,2,1,3,1,1,4,2,02,1,3,000,000,1,0,1,4,1,21,0,1,9,00,2,8,1,201300024075B01,37,1,1
201300024078,2013-09-18,2013,septembre,mercredi,81:5,33,33522,0,0,2,4,3,1,1,4,2,02,1,1,000,000,1,0,1,4,1,23,0,1,9,00,2,7,1,201300024078B01,7,1,1
201300024086,2013-09-27,2013,septembre,vendredi,16:20,33,33063,0,0,2,2,3,1,1,4,2,07,1,1,000,000,1,0,1,4,2,23,0,1,9,00,2,1,1,201300024086B01,7,15,1
201300024093,2013-09-29,2013,septembre,dimanche,18:30,33,33063,0,0,2,3,3,1,2,4,2,03,1,1,000,075,2,0,1,4,2,15,0,1,9,00,2,1,1,201300024093A01,7,1,1
201300024099,2013-10-01,2013,octobre,mardi,11:55,33,33281,0,0,2,3,3,1,1,4,2,02,1,1,000,000,1,0,1,3,1,16,0,1,9,00,2,1,1,201300024099A01,37,16,1
201300024102,2013-10-02,2013,octobre,mercredi,19:14,33,33063,0,0,2,1,3,1,1,4,2,02,1,1,000,000,-1,4,1,3,2,26,0,1,9,00,4,9,15,201300024102A01,40,1,1
201300024106,2013-10-04,2013,octobre,vendredi,93:0,33,33063,0,0,2,2,3,1,3,4,3,04,1,1,000,000,2,4,1,4,2,39,0,1,9,00,2,8,1,201300024106A01,40,1,1
201300024121,2013-10-08,2013,octobre,mardi,11:45,33,33063,0,0,2,2,6,1,1,4,2,02,-1,-1,000,000,-1,0,0,1,1,26,5,1,9,00,1,2,1,201300024121A01,,,
201300024127,2013-10-07,2013,octobre,lundi,15:15,33,33162,0,0,2,2,3,1,1,4,2,02,1,3,000,000,1,0,1,4,1,69,0,1,9,00,0,0,1,201300024127B01,10,16,1
201300024135,2013-10-15,2013,octobre,mardi,75:5,33,33063,0,0,2,3,6,1,1,4,-1,02,-1,-1,000,000,-1,0,0,4,1,13,0,1,9,01,0,0,0,201300024135B01,7,24,1