Num_Acc,date,an,mois,jour,hrmn,dep,com,lat,long,agg,int,col,lum,atm,catr,circ,nbv,prof,plan,lartpc,larrout,surf,infra,situ,grav,sexe,age,trajet,secuexist,equipement,obs,obsm,choc,manv,vehiculeid,typevehicules,manoeuvehicules,numVehicules
201300024140,2013-10-16,2013,octobre,mercredi,92:0,33,33063,0,0,2,2,3,1,1,4,2,02,1,1,000,000,2,0,1,4,2,19,0,1,9,00,2,3,1,201300024140B01,7,16,1
201300024155,2013-10-10,2013,octobre,jeudi,11:35,33,33522,0,0,2,1,3,1,1,4,3,03,1,1,000,000,1,4,1,4,1,22,0,1,9,00,2,0,1,201300024155B01,7,22,1
201300024158,2013-10-23,2013,octobre,mercredi,14:05,33,33119,0,0,2,1,3,1,3,4,2,02,1,1,000,000,2,0,1,4,1,13,0,1,9,00,2,0,1,201300024158A01,7,16,1
201300024160,2013-10-20,2013,octobre,dimanche,10:20,33,33550,0,0,2,1,3,1,1,4,2,02,1,1,000,000,1,0,1,3,1,47,0,1,9,00,2,8,11,201300024160A01,7,1,1
201300024162,2013-10-18,2013,octobre,vendredi,81:0,33,33281,0,0,2,3,3,2,1,4,2,02,1,1,000,000,1,0,1,3,1,34,0,1,9,00,2,7,1,201300024162B01,7,1,1
201300024163,2013-10-23,2013,octobre,mercredi,16:30,33,33063,0,0,2,2,3,1,1,4,2,02,1,1,000,000,1,0,1,4,2,51,0,1,9,00,0,8,1,201300024163A01,7,0,1
201300024166,2013-10-19,2013,octobre,samedi,82:5,33,33063,0,0,2,5,3,1,1,4,3,05,1,1,000,000,1,0,1,4,2,45,0,1,9,00,2,1,1,201300024166A01,7,15,1
201300024168,2013-10-26,2013,octobre,samedi,13:10,33,33063,0,0,2,1,3,1,1,4,1,01,2,1,000,000,1,0,1,4,2,20,0,1,9,00,0,0,15,201300024168B01,7,1,1
201300024171,2013-10-26,2013,octobre,samedi,15:22,33,33550,0,0,2,5,3,1,2,4,2,03,1,1,000,000,2,0,1,3,1,23,0,1,9,00,0,0,1,201300024171A01,7,15,1
201300024175,2013-10-23,2013,octobre,mercredi,17:15,33,33550,0,0,2,2,3,1,1,4,2,02,1,1,000,000,1,0,1,3,1,16,5,1,9,00,2,3,1,201300024175B01,7,15,1
201300024185,2013-11-01,2013,novembre,vendredi,19:20,33,33063,0,0,2,3,3,5,2,4,3,04,2,1,000,000,2,0,1,3,2,21,4,1,9,00,2,1,1,201300024185B01,7,16,1
201300024189,2013-10-31,2013,octobre,jeudi,17:25,33,33063,0,0,2,2,2,1,1,4,1,00,1,1,000,000,1,0,1,3,2,57,0,1,9,00,2,3,1,201300024189A01,37,1,1
201300024190,2013-10-31,2013,octobre,jeudi,65:0,33,33063,0,0,2,6,3,5,1,4,1,01,1,4,000,000,1,0,1,4,1,41,1,1,9,00,0,7,1,201300024190B01,7,9,1
201300024219,2013-11-13,2013,novembre,mercredi,19:05,33,33318,0,0,2,2,3,5,1,4,3,04,1,1,000,000,1,0,1,3,1,18,0,1,9,00,0,1,1,201300024219A01,7,1,1
201300024236,2013-11-13,2013,novembre,mercredi,17:30,33,33249,0,0,2,6,3,1,1,4,2,02,1,1,000,000,1,0,1,4,1,52,0,1,9,00,2,1,1,201300024236B01,7,1,1
201300024248,2013-11-20,2013,novembre,mercredi,11:20,33,33063,0,0,2,3,3,1,1,4,3,07,1,1,000,000,1,0,1,4,2,24,4,1,9,00,2,1,5,201300024248A01,7,16,1
201300024252,2013-11-16,2013,novembre,samedi,18:20,33,33522,0,0,2,2,3,4,1,4,2,02,1,1,000,000,1,0,1,4,2,19,9,1,9,00,0,8,1,201300024252B01,7,15,1
201300024257,2013-11-21,2013,novembre,jeudi,14:45,33,33063,0,0,2,3,2,1,1,4,2,02,1,1,000,000,2,0,1,4,2,45,0,1,9,00,2,1,1,201300024257B01,37,1,1
201300024268,2013-11-21,2013,novembre,jeudi,17:10,33,33039,0,0,2,2,3,2,2,4,2,02,1,1,000,000,2,0,1,4,1,61,0,1,9,00,2,0,1,201300024268B01,7,1,1
201300024270,2013-11-27,2013,novembre,mercredi,75:5,33,33063,0,0,2,2,3,2,1,4,2,02,1,1,000,000,1,0,1,4,1,19,0,1,9,00,2,1,1,201300024270B01,7,1,1
201300024273,2013-11-24,2013,novembre,dimanche,12:10,33,33069,0,0,2,1,6,1,1,4,2,02,1,1,000,000,1,0,1,4,2,55,0,1,9,00,2,0,1,201300024273B01,7,22,1
201300024274,2013-11-26,2013,novembre,mardi,12:40,33,33281,0,0,2,3,3,1,1,4,2,02,1,1,000,000,1,0,1,3,2,43,0,1,9,00,2,1,1,201300024274A01,7,1,1
201300024280,2013-11-30,2013,novembre,samedi,22:10,33,33063,0,0,2,2,7,5,1,4,1,01,-1,-1,000,000,-1,0,1,4,1,19,0,1,9,00,0,1,15,201300024280A01,,,
201300024284,2013-12-02,2013,décembre,lundi,18:05,33,33063,0,0,2,3,2,2,1,4,2,02,1,1,000,000,1,0,1,4,1,14,0,1,9,00,0,4,2,201300024284B01,7,1,1
201300024287,2013-11-26,2013,novembre,mardi,75:5,33,33318,0,0,2,1,6,2,1,4,2,01,1,1,000,055,1,0,1,3,2,18,0,1,9,00,0,8,2,201300024287B01,7,2,1
201300024288,2013-12-03,2013,décembre,mardi,16:05,33,33063,0,0,2,1,3,1,1,4,3,04,1,1,000,000,1,0,1,4,1,83,0,1,9,00,2,1,1,201300024288A01,33,1,1
201300024297,2013-12-06,2013,décembre,vendredi,93:0,33,33063,0,0,2,2,3,1,1,4,2,02,1,1,000,000,1,0,1,4,2,61,4,1,9,00,2,0,1,201300024297B01,7,16,1
201300024305,2013-12-06,2013,décembre,vendredi,18:20,33,33522,0,0,2,6,3,5,1,4,2,02,1,3,000,000,1,0,1,4,2,33,5,1,9,00,0,1,1,201300024305B01,7,1,1
201300024312,2013-12-09,2013,décembre,lundi,72:0,33,33069,0,0,2,2,3,5,1,4,2,03,1,1,000,000,2,0,1,4,2,52,4,1,9,00,2,1,1,201300024312B01,7,15,1
201300024324,2013-12-14,2013,décembre,samedi,19:40,33,33063,0,0,2,2,3,5,1,4,1,01,1,-1,000,000,1,0,1,4,1,48,0,1,9,00,2,1,1,201300024324A01,7,1,1
201300024325,2013-12-11,2013,décembre,mercredi,19:10,33,33200,0,0,2,1,3,3,1,3,2,02,1,1,000,000,1,0,1,3,1,21,0,1,4,00,2,0,1,201300024325B01,7,13,1
201300024357,2013-12-17,2013,décembre,mardi,91:0,33,33318,0,0,2,6,3,1,1,4,2,02,1,3,000,000,1,0,1,4,1,,4,1,9,00,2,1,1,201300024357B01,7,1,1
201300024365,2013-12-27,2013,décembre,vendredi,15:50,33,33063,0,0,2,2,3,1,1,4,-1,01,-1,-1,000,000,-1,0,1,4,1,14,0,1,9,00,0,8,1,201300024365A01,7,1,1
201300024392,2013-04-22,2013,avril,lundi,17:30,06,06161,0,0,2,1,3,1,1,4,2,00,1,1,000,000,1,0,1,3,2,47,5,1,1,00,2,2,19,201300024392A01,7,1,1
201300024414,2013-08-24,2013,août,samedi,10:15,34,34003,43.30877,3.51301,1,1,2,1,1,3,1,01,1,1,000,090,1,3,1,2,1,66,5,1,2,00,2,4,2,201300024414B01,7,9,1
201300024418,2013-09-10,2013,septembre,mardi,13:50,34,34003,43.28319,3.49824,2,9,3,1,1,4,1,01,1,2,000,130,1,0,1,3,1,83,5,1,9,00,2,0,0,201300024418B01,7,9,1
201300024432,2013-01-23,2013,janvier,mercredi,14:55,34,34032,43.34478,3.2154,2,6,3,1,9,4,2,00,1,-1,000,000,-1,0,1,4,2,67,0,1,2,00,2,8,9,201300024432A01,7,1,1
201300024450,2013-03-21,2013,mars,jeudi,15:55,34,34032,43.35038,3.23939,2,1,2,1,9,4,2,02,-1,-1,000,000,-1,0,1,3,1,79,5,1,9,00,2,4,1,201300024450B01,7,2,1
201300024489,2013-08-30,2013,août,vendredi,14:00,34,34032,0,0,2,1,2,1,1,4,2,02,2,1,000,114,9,0,1,3,1,44,9,1,9,00,2,4,1,201300024489B01,34,17,1
201300024502,2013-11-19,2013,novembre,mardi,12:55,34,34032,0,0,2,2,7,1,9,4,4,00,1,1,018,100,9,0,1,4,1,13,9,1,9,01,2,8,13,201300024502B01,7,1,1
201300024516,2013-01-03,2013,janvier,jeudi,12:30,34,34172,43.60531,3.89192,2,1,2,1,1,4,1,01,1,1,000,030,1,0,1,4,1,56,1,1,9,00,2,1,1,201300024516A01,7,1,1
201300024520,2013-01-04,2013,janvier,vendredi,18:20,34,34172,43.6144,3.88377,2,1,3,5,1,4,1,03,1,1,000,090,1,0,1,4,1,59,5,1,9,00,2,7,19,201300024520A01,7,1,1
201300024536,2013-01-12,2013,janvier,samedi,11:10,34,34172,43.62776,3.86466,2,1,3,1,1,4,2,01,1,1,000,000,1,4,0,3,1,16,5,1,2,00,4,3,19,201300024536A01,40,1,1
201300024544,2013-01-17,2013,janvier,jeudi,18:25,34,34172,43.61108,3.87351,2,1,2,5,1,4,2,02,1,1,000,060,1,0,1,4,1,22,5,1,4,00,2,1,1,201300024544A01,7,1,1
201300024563,2013-01-29,2013,janvier,mardi,84:5,34,34172,43.60811,3.89674,2,1,3,1,1,4,2,02,1,1,000,060,1,0,1,4,1,37,1,1,9,00,2,3,19,201300024563A01,13,1,1
201300024586,2013-02-20,2013,février,mercredi,13:54,34,34172,43.61301,3.85888,2,6,3,1,1,4,2,02,1,-1,000,060,1,0,1,4,1,32,1,1,9,00,2,8,1,201300024586B01,7,16,1
201300024611,2013-03-12,2013,mars,mardi,17:15,34,34172,43.62403,3.86214,2,1,3,1,1,4,2,04,1,1,000,120,1,0,1,4,2,26,0,1,9,00,2,8,1,201300024611B01,7,16,1
201300024626,2013-03-20,2013,mars,mercredi,20:25,34,34172,43.63636,3.82726,2,1,3,5,8,4,2,02,2,1,000,060,1,0,1,4,1,23,1,1,9,00,2,1,1,201300024626B01,7,15,1
201300024635,2013-03-25,2013,mars,lundi,82:0,34,34172,43.61034,3.89042,2,3,3,1,1,4,2,04,1,1,000,120,1,0,0,4,1,53,1,1,9,00,2,1,19,201300024635A01,7,1,1
201300024640,2013-03-30,2013,mars,samedi,63:5,34,34172,43.61196,3.87187,2,3,7,2,1,4,2,02,1,1,000,000,2,0,0,3,1,47,0,1,9,06,0,1,0,201300024640A01,,,
201300024649,2013-04-07,2013,avril,dimanche,12:45,34,34172,43.62832,3.81757,2,1,3,1,1,4,2,04,2,1,000,128,1,0,1,4,1,30,5,1,9,00,2,1,19,201300024649B01,7,1,1
201300024664,2013-04-13,2013,avril,samedi,15:30,34,34172,43.61154,3.87203,2,1,6,1,1,4,2,02,2,1,000,060,1,0,1,4,2,8,5,1,9,00,2,1,19,201300024664B01,10,1,1
201300024682,2013-04-30,2013,avril,mardi,10:20,34,34172,43.62015,3.85903,2,1,3,1,2,4,1,02,1,2,000,060,2,0,1,4,2,23,0,1,9,00,2,7,1,201300024682B01,7,9,1
201300024707,2013-05-22,2013,mai,mercredi,16:05,34,34172,43.60834,3.90662,2,2,3,1,1,4,2,02,1,1,000,060,1,0,1,4,1,23,0,1,9,00,2,2,1,201300024707A01,7,1,1
201300024710,2013-05-22,2013,mai,mercredi,18:30,34,34172,43.62032,3.85971,2,2,3,1,1,4,2,02,1,1,000,060,1,0,0,4,1,11,5,1,9,00,2,7,1,201300024710A01,7,1,1
201300024712,2013-05-24,2013,mai,vendredi,90:0,34,34172,43.63738,3.83156,2,1,3,1,1,3,1,02,2,2,000,060,1,0,1,4,2,31,1,1,9,00,2,0,1,201300024712B01,7,16,1
201300024713,2013-05-23,2013,mai,jeudi,91:0,34,34172,43.60518,3.89896,2,1,7,1,1,4,-1,00,1,1,000,000,1,0,4,4,1,31,0,1,9,00,0,0,1,201300024713A01,,,
201300024720,2013-05-30,2013,mai,jeudi,85:0,34,34172,43.60964,3.83831,2,3,3,1,1,4,2,02,1,1,000,060,1,0,0,4,2,37,0,1,9,00,2,3,1,201300024720B01,7,16,1
201300024724,2013-05-31,2013,mai,vendredi,13:30,34,34172,43.61364,3.87704,2,1,1,1,1,4,2,01,2,1,000,060,1,0,1,4,1,19,5,1,4,00,2,1,2,201300024724B01,31,1,1
201300024729,2013-06-02,2013,juin,dimanche,18:43,34,34172,43.59808,3.90289,2,1,3,1,1,4,2,04,1,-1,150,120,1,0,5,3,2,51,5,1,9,00,9,3,1,201300024729B01,2,1,1
201300024751,2013-06-19,2013,juin,mercredi,18:15,34,34172,43.61496,3.89789,2,3,3,1,8,4,2,06,2,1,000,360,1,0,1,4,2,26,1,1,9,00,2,7,1,201300024751A01,7,1,1
201300024752,2013-06-20,2013,juin,jeudi,80:0,34,34172,43.61702,3.85485,2,2,3,1,8,4,1,01,1,-1,000,120,1,5,1,4,1,15,2,1,2,00,2,5,5,201300024752A01,7,15,1
201300024794,2013-07-24,2013,juillet,mercredi,72:5,34,34172,43.59014,3.85569,2,6,3,1,1,4,-1,02,1,-1,000,100,1,0,1,3,1,2013,5,1,9,00,2,5,2,201300024794B01,7,9,1
201300024811,2013-08-07,2013,août,mercredi,13:50,34,34172,43.61648,3.83372,2,3,1,1,1,4,2,02,1,1,000,060,1,0,1,4,1,11,5,1,9,00,2,1,16,201300024811A01,7,1,1
201300024830,2013-08-22,2013,août,jeudi,19:40,34,34172,43.60905,3.89022,2,1,2,1,1,4,1,03,1,1,000,090,1,0,1,4,1,21,5,1,2,00,2,1,1,201300024830A01,7,1,1
201300024834,2013-08-27,2013,août,mardi,10:35,34,34172,43.61395,3.86857,2,3,3,1,1,4,2,02,1,1,000,060,1,0,1,1,1,23,5,1,9,00,2,1,5,201300024834A01,32,1,1
201300024841,2013-08-30,2013,août,vendredi,16:35,34,34172,43.63048,3.87145,2,1,6,1,1,4,2,02,2,1,000,060,1,0,1,4,1,19,5,1,9,01,0,1,1,201300024841A01,1,1,1
201300024841,2013-08-30,2013,août,vendredi,16:35,34,34172,43.63048,3.87145,2,1,6,1,1,4,2,02,2,1,000,060,1,0,1,4,2,21,5,1,9,01,0,1,1,201300024841B01,1,1,1
201300024856,2013-09-10,2013,septembre,mardi,19:25,34,34172,43.61503,3.89274,2,1,6,1,1,4,2,02,1,2,000,060,1,2,5,3,2,58,1,1,9,00,9,1,1,201300024856A01,,,
201300024862,2013-09-13,2013,septembre,vendredi,21:20,34,34172,43.62755,3.86943,2,3,3,5,1,2,1,02,1,1,000,080,1,0,1,4,1,34,0,1,2,00,2,1,5,201300024862B01,7,0,1
201300024868,2013-09-15,2013,septembre,dimanche,18:00,34,34172,0,0,2,3,1,1,1,4,1,01,1,1,000,000,1,0,1,3,2,26,5,1,9,00,2,1,1,201300024868A01,3,1,1
201300024875,2013-09-20,2013,septembre,vendredi,11:49,34,34172,43.59094,3.85479,2,3,3,1,1,4,2,04,1,1,000,120,1,0,1,4,2,27,1,1,9,00,2,1,19,201300024875A01,7,9,1
201300024882,2013-09-24,2013,septembre,mardi,13:10,34,34172,43.5988,3.90258,2,1,2,1,8,4,3,04,1,1,200,174,1,0,1,4,1,46,5,1,2,00,0,5,0,201300024882B01,32,1,1
201300024884,2013-09-28,2013,septembre,samedi,19:25,34,34172,43.61597,3.88071,2,3,6,2,8,4,1,01,1,1,000,050,1,0,1,4,1,18,2,1,9,00,2,1,5,201300024884A01,31,1,1
201300024886,2013-09-30,2013,septembre,lundi,84:5,34,34172,43.61256,3.89517,2,3,3,1,1,4,2,03,1,1,000,090,1,0,1,3,1,40,4,1,4,00,0,8,1,201300024886B01,7,1,1
201300024898,2013-10-06,2013,octobre,dimanche,12:40,34,34172,43.6058,3.8994,1,6,3,1,1,4,1,02,1,2,000,060,1,0,1,4,2,46,5,1,9,00,2,6,9,201300024898A01,7,1,1
201300024899,2013-10-07,2013,octobre,lundi,82:0,34,34172,43.61998,3.84209,2,3,3,1,1,4,2,02,1,1,000,060,1,0,1,4,1,12,2,1,4,00,2,8,19,201300024899B01,7,9,1
201300024900,2013-10-07,2013,octobre,lundi,17:05,34,34172,43.62539,3.87108,2,3,3,1,1,4,2,02,2,1,000,060,1,0,1,4,2,25,5,1,9,00,2,1,19,201300024900B01,7,9,1
201300024905,2013-10-11,2013,octobre,vendredi,12:55,34,34172,43.6215,3.86843,2,3,3,1,1,4,2,02,1,1,000,060,1,4,1,4,1,18,1,1,4,00,2,1,5,201300024905A01,7,1,1
201300024908,2013-10-12,2013,octobre,samedi,17:00,34,34172,43.63314,3.82469,2,1,3,1,8,4,2,02,2,1,000,060,1,0,1,4,1,13,5,1,9,00,2,7,19,201300024908A01,7,1,1
201300024931,2013-10-24,2013,octobre,jeudi,17:25,34,34172,0,0,2,1,3,1,8,4,2,02,1,1,100,060,1,0,5,4,1,20,0,1,9,00,2,3,1,201300024931B01,7,16,1
201300024943,2013-11-08,2013,novembre,vendredi,15:40,34,34172,43.60911,3.88808,2,1,6,1,8,9,2,02,1,1,000,060,1,0,0,4,2,21,5,1,9,00,4,1,19,201300024943A01,40,1,2
201300024961,2013-11-20,2013,novembre,mercredi,19:55,34,34172,43.60468,3.88313,2,2,3,5,1,4,1,01,1,1,000,030,1,0,1,3,1,29,9,1,2,00,2,1,1,201300024961A01,7,1,1
201300024965,2013-11-23,2013,novembre,samedi,10:45,34,34172,43.61922,3.86413,2,1,3,1,1,4,2,02,2,1,000,060,1,0,5,4,2,23,5,1,9,00,2,1,1,201300024965A01,7,23,1
201300024973,2013-11-28,2013,novembre,jeudi,22:20,34,34172,43.63088,3.82219,2,1,1,5,1,4,2,01,1,1,000,080,1,0,1,3,1,34,0,1,9,00,2,8,19,201300024973B01,7,1,1
201300024975,2013-11-29,2013,novembre,vendredi,22:45,34,34172,43.61178,3.82555,2,1,2,5,1,3,2,04,1,2,000,120,1,0,1,4,1,22,0,1,4,00,2,4,0,201300024975B01,99,0,1
201300024981,2013-12-04,2013,décembre,mercredi,84:0,34,34172,0,0,2,3,3,1,1,4,1,02,1,1,000,000,1,0,1,3,2,24,9,1,9,00,0,8,19,201300024981B01,7,16,1
201300025045,2013-07-25,2013,juillet,jeudi,20:05,34,34108,0,0,2,1,3,1,1,3,1,01,1,3,000,089,1,0,1,3,1,43,1,1,2,00,2,4,0,201300025045B01,7,16,1
201300025057,2013-10-29,2013,octobre,mardi,17:40,34,34108,0,0,2,3,3,3,1,4,1,01,1,1,000,000,1,0,1,3,1,25,9,1,2,00,2,1,1,201300025057B01,7,1,1
201300025095,2013-01-23,2013,janvier,mercredi,14:00,35,35238,48.113,-1.67934,2,1,1,1,8,4,2,02,2,1,000,000,1,6,1,4,2,24,1,1,8,00,2,1,1,201300025095B01,30,1,1
201300025097,2013-01-24,2013,janvier,jeudi,16:35,35,35281,48.07785,-1.73273,2,1,3,1,1,4,1,01,2,3,000,000,1,0,1,4,1,78,5,1,2,00,2,1,1,201300025097B01,7,9,1
201300025112,2013-02-04,2013,février,lundi,16:30,35,35238,48.1223,-1.63872,2,6,3,1,1,4,2,02,1,2,000,000,1,5,1,4,1,22,2,1,8,00,2,7,1,201300025112B01,7,9,1
201300025116,2013-02-05,2013,février,mardi,15:50,35,35238,48.1198,-1.68341,2,1,7,1,1,4,1,02,2,1,000,000,1,0,1,4,1,68,5,1,2,00,0,0,1,201300025116A01,,,
201300025117,2013-02-05,2013,février,mardi,17:35,35,35238,48.1136,-1.67592,2,1,6,1,1,4,1,01,1,1,000,000,1,0,5,4,1,48,1,1,8,00,1,0,1,201300025117A01,,,
201300025120,2013-02-08,2013,février,vendredi,10:26,35,35055,48.07362,-1.57704,1,1,2,1,1,3,2,02,3,1,000,000,1,0,1,2,1,75,5,1,2,00,2,0,2,201300025120B01,10,2,1
201300025121,2013-02-08,2013,février,vendredi,18:53,35,35238,48.0914,-1.65841,2,6,3,5,2,4,2,02,1,2,000,000,2,5,1,3,2,24,5,1,8,00,2,0,1,201300025121B01,7,9,1
201300025123,2013-02-11,2013,février,lundi,17:40,35,35238,48.0964,-1.66013,2,1,3,1,7,4,2,02,2,1,000,000,1,0,1,4,2,62,5,1,8,00,2,4,19,201300025123B01,7,1,1
201300025135,2013-02-18,2013,février,lundi,84:0,35,35055,0,0,2,4,3,1,1,4,2,02,2,2,000,000,1,5,1,4,1,50,1,1,9,00,2,2,1,201300025135B01,7,15,1
201300025138,2013-02-19,2013,février,mardi,13:40,35,35238,48.1222,-1.65693,2,1,2,1,1,4,2,02,1,1,000,000,1,0,1,4,2,20,5,1,8,00,2,1,1,201300025138A01,7,23,1
201300025139,2013-02-21,2013,février,jeudi,83:0,35,35238,48.1124,-1.67327,2,4,3,1,1,4,2,02,2,1,000,000,1,5,1,4,1,57,1,1,8,00,2,8,1,201300025139B01,7,15,1
201300025140,2013-02-22,2013,février,vendredi,11:45,35,35238,48.105,-1.70879,2,6,1,1,1,4,2,02,1,1,000,000,1,5,5,4,1,38,1,1,8,00,2,0,1,201300025140B01,30,5,1
201300025144,2013-02-23,2013,février,samedi,10:30,35,35238,48.0882,-1.65745,2,2,3,1,8,4,3,02,1,1,000,000,1,5,1,4,1,48,5,1,9,00,2,1,5,201300025144B01,7,1,1
201300025146,2013-02-26,2013,février,mardi,17:53,35,35238,48.1071,-1.67115,2,1,7,1,1,4,2,02,1,1,000,000,1,0,1,3,1,44,5,1,8,00,0,0,1,201300025146A01,,,
201300025159,2013-03-14,2013,mars,jeudi,13:20,35,35238,48.11308,-1.65649,2,1,6,1,1,4,2,02,1,1,000,000,1,0,5,4,2,21,9,1,9,00,2,1,1,201300025159B01,7,22,1
201300025160,2013-03-14,2013,mars,jeudi,21:00,35,35238,48.10522,-1.70409,2,3,3,5,1,4,2,02,1,1,000,000,1,5,1,4,1,21,1,1,9,00,2,6,15,201300025160B01,7,1,1
201300025164,2013-03-18,2013,mars,lundi,17:40,35,35238,48.11503,-1.66196,2,3,3,1,1,4,2,01,1,1,000,000,1,5,1,4,1,25,2,1,9,00,2,1,5,201300025164A01,7,9,1
201300025165,2013-03-19,2013,mars,mardi,10:10,35,35238,48.11242,-1.67345,2,3,3,1,1,4,1,01,2,1,000,000,1,5,1,4,2,28,4,1,9,00,2,1,1,201300025165B01,7,15,1
201300025171,2013-03-24,2013,mars,dimanche,11:40,35,35238,0,0,2,1,3,1,1,4,2,02,1,1,000,000,1,2,1,4,1,49,5,1,2,00,2,0,1,201300025171B01,7,1,1
201300025172,2013-03-26,2013,mars,mardi,18:50,35,35238,48.10138,-1.6539,2,3,6,1,1,4,2,02,1,1,000,000,1,5,1,4,1,88,5,1,9,00,2,0,1,201300025172B01,7,4,1
201300025196,2013-04-24,2013,avril,mercredi,15:10,35,35238,48.109,-1.68455,2,1,3,1,1,4,3,06,1,1,000,000,1,0,1,3,1,64,5,1,8,00,2,1,13,201300025196A01,7,1,1
201300025218,2013-05-23,2013,mai,jeudi,80:5,35,35238,48.1113,-1.71316,2,3,3,1,7,4,2,02,1,1,000,000,1,5,1,4,2,53,1,1,2,00,2,1,1,201300025218B01,7,15,1
201300025222,2013-05-29,2013,mai,mercredi,84:5,35,35238,48.1026,-1.67803,2,1,3,1,1,4,2,02,1,3,000,060,1,2,1,4,2,56,1,1,2,00,2,0,1,201300025222B01,15,1,1
201300025225,2013-06-02,2013,juin,dimanche,16:10,35,35278,48.15205,-1.68403,2,1,6,1,1,4,2,02,1,1,000,000,1,0,4,1,1,9,0,1,9,00,1,0,1,201300025225A01,,,
201300025231,2013-06-06,2013,juin,jeudi,74:5,35,35238,48.1171,-1.65521,2,2,3,1,1,4,2,02,1,1,000,000,1,0,1,4,1,33,1,1,8,00,2,1,1,201300025231B01,7,15,1
201300025256,2013-06-26,2013,juin,mercredi,10:25,35,35238,48.1305,-1.65673,2,2,3,1,1,4,3,02,1,1,000,000,1,5,1,4,2,50,5,1,8,00,2,7,1,201300025256B01,7,1,1
201300025260,2013-06-28,2013,juin,vendredi,16:30,35,35238,48.09,-1.68226,2,6,3,1,1,4,2,02,1,1,000,000,1,5,1,3,1,35,5,1,2,00,2,4,1,201300025260A01,7,16,1
201300025263,2013-07-02,2013,juillet,mardi,18:30,35,35238,48.1099,-1.67186,2,1,3,1,8,4,2,02,1,1,000,000,1,0,1,4,1,30,5,1,8,00,2,0,1,201300025263B01,7,22,1
201300025278,2013-07-09,2013,juillet,mardi,91:0,35,35238,48.0947,-1.69024,2,2,2,1,1,4,2,02,1,1,000,000,1,5,1,4,1,30,1,1,8,00,2,1,1,201300025278A01,10,23,1
201300025279,2013-07-10,2013,juillet,mercredi,35:,35,35238,48.1117,-1.68949,2,1,7,5,1,4,3,02,1,1,000,000,1,0,1,4,2,22,5,1,2,00,0,0,1,201300025279A01,,,
201300025281,2013-07-12,2013,juillet,vendredi,19:30,35,35238,48.0935,-1.74574,2,1,3,1,7,4,2,02,1,1,000,000,1,0,1,4,1,27,5,1,2,00,2,7,1,201300025281B01,7,15,1
201300025290,2013-07-22,2013,juillet,lundi,17:40,35,35238,48.0949,-1.73312,2,1,3,1,1,4,2,02,1,1,000,000,1,0,1,4,1,59,5,1,2,00,2,1,15,201300025290A01,33,1,1
201300025291,2013-07-23,2013,juillet,mardi,83:0,35,35238,48.1306,-1.68448,2,3,6,1,1,4,2,02,1,1,000,000,1,5,1,4,1,59,1,1,2,00,1,1,1,201300025291A01,,,
201300025294,2013-07-26,2013,juillet,vendredi,91:0,35,35278,48.16335,-1.67563,2,1,3,1,1,4,1,01,1,1,000,000,1,0,1,4,1,77,5,1,2,00,2,1,1,201300025294B01,7,16,1
201300025295,2013-07-26,2013,juillet,vendredi,19:00,35,35238,48.0984,-1.69456,2,1,7,1,1,4,2,02,2,1,000,000,1,0,1,4,1,15,5,1,2,00,0,1,1,201300025295A01,,,
201300025301,2013-07-31,2013,juillet,mercredi,91:5,35,35238,48.1111,-1.6972,2,3,7,1,8,4,2,00,1,1,000,000,1,0,1,3,1,50,1,1,9,00,0,1,21,201300025301A01,,,
201300025308,2013-08-08,2013,août,jeudi,22:00,35,35238,48.1051,-1.65047,2,2,3,5,1,4,2,02,1,1,000,000,1,0,1,3,1,16,5,1,8,00,2,8,16,201300025308A01,33,1,1
201300025309,2013-08-09,2013,août,vendredi,10:5,35,35238,48.1125,-1.67306,2,1,1,5,1,4,1,01,1,1,000,000,1,0,1,3,2,30,5,1,8,00,2,0,5,201300025309A01,7,1,1
201300025326,2013-09-02,2013,septembre,lundi,22:05,35,35238,48.1102,-1.6742,2,2,3,5,1,4,-1,02,1,1,000,000,1,5,1,4,1,38,5,1,8,00,2,1,1,201300025326A01,7,1,1
201300025364,2013-09-28,2013,septembre,samedi,11:15,35,35238,48.1036,-1.68435,2,1,2,1,1,4,3,02,1,1,000,000,1,0,1,4,1,35,5,1,8,00,2,0,1,201300025364B01,7,16,1
201300025373,2013-10-04,2013,octobre,vendredi,13:10,35,35281,0,0,2,1,3,1,1,4,2,02,-1,1,000,000,1,5,1,4,2,27,1,1,9,00,2,1,1,201300025373B01,7,14,1
201300025385,2013-10-12,2013,octobre,samedi,19:05,35,35238,48.128,-1.65746,2,2,3,1,8,4,3,02,4,1,000,000,1,5,1,4,1,10,5,1,8,00,2,4,19,201300025385A01,10,1,1
201300025386,2013-10-15,2013,octobre,mardi,72:0,35,35238,48.1085,-1.69298,2,2,3,5,3,4,3,02,1,1,000,000,3,5,1,4,1,56,1,1,2,00,2,1,1,201300025386B01,7,15,1
201300025387,2013-10-15,2013,octobre,mardi,75:0,35,35238,48.1171,-1.68085,2,2,6,5,2,4,2,02,2,1,000,000,2,5,1,1,1,29,1,1,9,00,1,0,1,201300025387A01,,,