Num_Acc,date,an,mois,jour,hrmn,dep,com,lat,long,agg,int,col,lum,atm,catr,circ,nbv,prof,plan,lartpc,larrout,surf,infra,situ,grav,sexe,age,trajet,secuexist,equipement,obs,obsm,choc,manv,vehiculeid,typevehicules,manoeuvehicules,numVehicules
201300025407,2013-10-28,2013,octobre,lundi,12:55,35,35238,48.1205,-1.70845,2,3,3,1,1,4,2,02,1,1,000,000,1,5,1,4,1,29,1,1,8,00,2,0,1,201300025407B01,7,1,1
201300025409,2013-10-29,2013,octobre,mardi,84:5,35,35238,48.1071,-1.71897,2,5,3,1,1,2,3,02,1,1,000,000,1,0,1,3,2,53,1,1,2,00,2,0,15,201300025409A01,7,16,1
201300025415,2013-10-31,2013,octobre,jeudi,92:0,35,35238,48.1024,-1.68431,2,1,3,1,1,4,2,02,1,1,000,000,1,5,1,4,2,49,5,1,2,00,2,1,1,201300025415B01,7,22,1
201300025416,2013-10-31,2013,octobre,jeudi,12:20,35,35238,0,0,2,1,5,1,2,4,2,02,1,1,000,000,2,5,1,4,1,24,1,1,2,00,2,0,5,201300025416C01,7,2,2
201300025432,2013-11-09,2013,novembre,samedi,11:20,35,35051,48.11865,-1.60098,2,6,2,1,2,4,1,01,1,1,000,000,2,5,1,4,1,14,5,1,9,00,2,4,1,201300025432B01,7,1,1
201300025435,2013-11-13,2013,novembre,mercredi,84:0,35,35238,48.0981,-1.68788,2,2,3,1,1,4,2,02,1,2,000,000,1,5,1,4,2,57,1,1,8,00,2,0,1,201300025435B01,7,15,1
201300025450,2013-11-18,2013,novembre,lundi,18:40,35,35238,48.1117,-1.68698,2,1,3,5,1,4,1,01,2,1,000,000,1,0,1,4,1,39,1,1,8,00,2,0,5,201300025450A01,7,16,1
201300025452,2013-11-19,2013,novembre,mardi,20:40,35,35238,48.1214,-1.71346,2,2,6,5,1,4,2,02,1,1,000,000,1,0,1,3,2,19,0,1,2,00,2,1,19,201300025452A01,7,15,1
201300025454,2013-11-20,2013,novembre,mercredi,10:55,35,35238,48.1097,-1.68459,2,5,3,1,1,4,1,02,1,1,000,000,1,5,1,4,1,26,1,1,8,00,2,1,1,201300025454A01,7,16,1
201300025455,2013-11-20,2013,novembre,mercredi,18:10,35,35238,48.1127,-1.66464,2,3,2,5,2,4,1,01,1,1,000,000,2,0,1,4,2,18,2,1,8,00,2,7,19,201300025455A01,7,1,1
201300025468,2013-11-29,2013,novembre,vendredi,13:00,35,35238,48.1257,-1.62814,2,1,3,1,8,4,2,02,3,1,000,000,1,0,1,4,1,58,1,1,8,00,2,1,15,201300025468A01,7,17,1
201300025469,2013-12-01,2013,décembre,dimanche,13:45,35,35238,48.1285,-1.66272,2,1,7,1,1,6,-1,00,1,1,000,000,1,0,1,2,1,70,5,1,8,00,0,2,1,201300025469A01,,,
201300025476,2013-12-07,2013,décembre,samedi,14:10,35,35238,48.1297,-1.63073,2,2,3,1,1,4,2,02,1,1,000,000,1,5,1,4,1,25,1,1,8,00,2,1,1,201300025476B01,7,15,1
201300025477,2013-12-09,2013,décembre,lundi,74:0,35,35281,0,0,2,1,3,3,1,4,1,01,1,1,000,000,1,0,1,4,2,31,1,1,9,00,2,1,5,201300025477A01,7,1,1
201300025483,2013-12-11,2013,décembre,mercredi,19:30,35,35238,48.1146,-1.65579,2,3,3,5,1,4,1,01,1,1,000,000,2,0,1,4,1,21,5,1,8,00,2,0,1,201300025483B01,7,15,1
201300025519,2013-09-24,2013,septembre,mardi,18:11,35,35241,0,0,2,1,3,1,1,3,3,02,2,1,000,000,1,0,1,3,1,54,5,1,4,00,2,8,1,201300025519A01,14,2,1
201300025538,2013-07-10,2013,juillet,mercredi,11:30,35,35288,48.65282,-2.00535,2,1,3,1,1,4,2,02,1,1,000,000,1,0,1,3,1,74,3,1,9,00,2,8,15,201300025538B01,7,17,1
201300025541,2013-08-01,2013,août,jeudi,14:15,35,35241,48.61328,-2.0537,2,1,2,1,1,3,3,02,1,1,000,000,1,0,1,3,1,63,5,1,9,00,2,4,0,201300025541B01,10,1,1
201300025551,2013-10-04,2013,octobre,vendredi,10:20,35,35093,48.64956,-2.00593,2,1,2,1,7,4,2,02,1,1,000,000,1,0,1,3,1,82,5,1,9,00,2,4,2,201300025551B01,7,2,1
201300025555,2013-01-24,2013,janvier,jeudi,16:20,36,36044,46.7977,1.71843,2,1,3,1,8,4,2,02,1,1,000,000,2,0,1,4,1,13,2,1,9,00,2,1,9,201300025555B01,7,1,1
201300025559,2013-01-14,2013,janvier,lundi,75:0,36,36044,46.8144,1.69661,1,6,3,2,1,4,1,00,1,3,000,000,1,0,1,4,1,52,1,1,9,00,2,1,0,201300025559B01,7,9,1
201300025560,2013-01-16,2013,janvier,mercredi,13:28,36,36044,46.7931,1.71127,2,6,3,1,1,4,2,02,1,-1,000,070,1,0,1,4,1,68,5,1,2,00,2,8,1,201300025560B01,7,9,1
201300025573,2013-03-04,2013,mars,lundi,10:25,36,36063,46.8271,1.70524,2,1,3,1,1,4,2,02,1,1,000,000,1,0,1,4,2,57,5,1,9,00,0,1,1,201300025573B01,7,22,1
201300025594,2013-09-22,2013,septembre,dimanche,10:00,36,36044,46.8049,1.69907,2,1,3,1,1,4,2,02,1,3,000,070,1,0,1,3,1,68,5,1,4,00,2,5,1,201300025594B01,7,9,1
201300025597,2013-10-02,2013,octobre,mercredi,71:5,36,36063,46.8269,1.7047,2,3,2,5,1,4,2,02,1,1,000,070,1,0,1,4,1,17,9,1,2,00,2,4,1,201300025597B01,7,1,1
201300025612,2013-04-18,2013,avril,jeudi,17:30,36,36044,46.803,1.678,2,1,6,1,1,4,2,02,1,1,000,000,1,0,1,4,2,16,5,1,2,00,2,1,1,201300025612B01,7,16,1
201300025619,2013-04-27,2013,avril,samedi,12:25,36,36044,46.8074,1.70265,2,2,3,1,1,4,1,02,1,1,000,000,1,0,1,4,1,46,9,1,2,00,2,1,1,201300025619A01,7,15,1
201300025643,2013-07-25,2013,juillet,jeudi,12:35,36,36044,46.8103,1.68752,2,6,2,1,1,4,1,02,-1,2,000,058,1,0,1,3,2,49,1,1,9,00,0,4,1,201300025643B01,7,16,1
201300025648,2013-08-06,2013,août,mardi,16:19,36,36044,46.8099,1.7045,2,1,7,1,1,4,2,02,-1,-1,000,062,-1,0,1,4,1,15,0,1,9,00,0,0,0,201300025648A01,,,
201300025653,2013-09-24,2013,septembre,mardi,17:23,36,36044,46.8067,1.69169,2,3,3,1,1,4,-1,02,1,-1,000,070,1,0,1,4,2,23,5,1,9,00,2,1,19,201300025653A01,7,23,1
201300025720,2013-03-21,2013,mars,jeudi,82:5,37,37261,0,0,1,1,2,1,1,9,1,01,1,1,000,025,1,0,1,4,1,44,0,1,9,00,2,1,1,201300025720A01,7,1,1
201300025729,2013-01-23,2013,janvier,mercredi,11:50,37,37261,0,0,2,6,3,1,1,4,2,03,1,1,000,090,1,0,1,4,2,73,5,1,9,00,2,7,1,201300025729B01,7,14,1
201300025736,2013-02-21,2013,février,jeudi,11:45,37,37261,0,0,2,2,3,1,1,4,2,02,2,1,,006,1,,1,3,1,73,5,1,9,00,2,0,2,201300025736B01,14,16,1
201300025738,2013-02-26,2013,février,mardi,19:10,37,37122,0,0,2,3,3,5,1,4,2,02,1,1,000,070,1,0,1,4,1,50,1,1,9,00,2,2,1,201300025738A01,7,15,1
201300025739,2013-02-27,2013,février,mercredi,81:0,37,37233,0,0,2,1,2,3,1,4,2,01,1,1,000,060,1,0,1,4,1,33,1,1,2,00,2,1,1,201300025739A01,17,23,1
201300025743,2013-03-21,2013,mars,jeudi,15:40,37,37261,0,0,2,3,6,1,1,4,1,02,2,1,000,090,1,0,1,1,1,26,0,1,9,00,1,1,16,201300025743A01,,,
201300025745,2013-03-29,2013,mars,vendredi,11:20,37,37261,0,0,2,1,2,1,1,4,1,01,1,1,000,050,1,0,1,4,1,23,1,1,9,00,2,1,1,201300025745A01,7,1,1
201300025752,2013-01-23,2013,janvier,mercredi,15:50,37,37261,0,0,2,1,2,1,1,4,2,02,1,1,000,080,1,0,1,1,1,12,5,1,9,00,2,6,13,201300025752A01,33,2,1
201300025754,2013-01-28,2013,janvier,lundi,18:36,37,37122,0,0,2,2,3,5,1,4,1,01,1,1,000,050,1,0,1,4,2,33,1,1,4,00,2,1,1,201300025754B01,7,15,1
201300025756,2013-01-30,2013,janvier,mercredi,81:1,37,37261,0,0,2,1,7,2,2,4,2,01,4,3,000,000,2,0,1,3,1,53,1,1,9,00,0,0,2,201300025756A01,,,
201300025768,2013-03-06,2013,mars,mercredi,15:27,37,37261,0,0,2,3,3,1,1,4,2,02,1,1,000,086,2,0,1,4,2,66,5,1,4,00,2,1,1,201300025768A01,10,15,1
201300025773,2013-03-12,2013,mars,mardi,17:35,37,37195,0,0,2,6,3,1,2,4,2,02,1,2,000,070,2,0,1,4,1,18,1,1,4,00,2,1,15,201300025773B01,7,9,1
201300025774,2013-01-03,2013,janvier,jeudi,10:25,37,37261,0,0,2,2,6,1,1,4,3,04,1,1,200,177,1,5,1,1,1,25,1,1,9,00,1,1,15,201300025774A01,,,
201300025795,2013-06-27,2013,juin,jeudi,11:5,37,37261,0,0,2,1,1,5,1,9,1,01,1,1,000,045,1,0,5,3,2,23,5,1,9,01,2,2,0,201300025795A01,3,0,1
201300025796,2013-07-05,2013,juillet,vendredi,21:00,37,37261,0,0,2,2,3,1,1,9,2,02,1,1,000,070,1,0,1,3,2,20,5,1,4,00,2,7,1,201300025796A01,7,1,1
201300025797,2013-07-06,2013,juillet,samedi,22:35,37,37261,0,0,2,2,5,5,1,4,2,02,1,1,,,1,0,1,3,1,40,5,1,4,00,2,8,19,201300025797A01,33/ 7,1,2
201300025801,2013-08-03,2013,août,samedi,22:35,37,37261,0,0,2,1,6,2,1,4,2,02,1,1,000,120,1,0,1,1,1,27,0,1,4,00,1,0,1,201300025801A01,,,
201300025801,2013-08-03,2013,août,samedi,22:35,37,37261,0,0,2,1,6,2,1,4,2,02,1,1,000,120,1,0,1,4,1,34,0,1,9,00,1,0,1,201300025801A01,,,
201300025813,2013-03-18,2013,mars,lundi,13:20,37,37261,0,0,2,1,3,1,1,4,1,02,1,1,180,060,2,0,1,4,1,21,1,1,9,00,2,7,19,201300025813A01,7,2,1
201300025816,2013-03-18,2013,mars,lundi,18:10,37,37261,0,0,2,1,3,1,1,4,2,03,1,1,000,120,2,0,5,4,1,17,2,1,4,00,2,7,1,201300025816B01,7,9,1
201300025817,2013-03-20,2013,mars,mercredi,80:4,37,37214,0,0,2,1,2,1,1,4,2,02,1,1,000,080,2,0,1,4,2,62,5,1,9,00,2,1,13,201300025817B01,10,4,1
201300025819,2013-03-31,2013,mars,dimanche,90:1,37,37208,0,0,2,3,3,1,1,4,2,02,1,1,000,060,1,0,1,4,2,55,3,1,9,00,2,1,15,201300025819A01,7,1,1
201300025821,2013-04-05,2013,avril,vendredi,16:15,37,37261,0,0,2,1,1,1,2,4,2,02,1,1,020,090,2,5,1,4,2,21,0,1,2,00,0,3,1,201300025821B01,7,1,1
201300025825,2013-04-30,2013,avril,mardi,12:15,37,37261,0,0,2,6,3,1,2,4,1,02,1,1,010,060,2,0,0,4,1,32,5,1,9,00,2,7,15,201300025825B01,7,9,1
201300025831,2013-05-13,2013,mai,lundi,91:2,37,37261,0,0,2,2,3,1,2,4,2,02,1,1,000,000,2,0,1,4,1,56,1,1,9,00,2,8,1,201300025831B01,7,1,1
201300025832,2013-05-22,2013,mai,mercredi,20:10,37,37214,0,0,2,2,3,1,1,4,2,02,1,1,000,070,2,0,1,4,1,51,5,1,2,00,2,7,19,201300025832A01,7,1,1
201300025842,2013-05-03,2013,mai,vendredi,16:05,37,37261,0,0,1,9,6,1,1,6,-1,02,1,1,000,060,-1,0,1,1,1,34,5,1,9,00,1,1,1,201300025842A01,,,
201300025842,2013-05-03,2013,mai,vendredi,16:05,37,37261,0,0,1,9,6,1,1,6,-1,02,1,1,000,060,-1,0,1,4,2,72,5,1,9,00,1,1,1,201300025842A01,,,
201300025858,2013-06-14,2013,juin,vendredi,15:50,37,37261,0,0,2,1,7,1,1,4,-1,01,1,1,000,015,1,0,5,1,1,14,2,1,9,00,1,1,1,201300025858A01,,,
201300025884,2013-05-15,2013,mai,mercredi,12:25,37,37233,0,0,2,1,3,1,1,9,2,02,1,1,000,050,1,0,1,4,2,50,0,1,9,01,0,1,1,201300025884B01,7,24,1
201300025886,2013-05-20,2013,mai,lundi,12:20,37,37261,0,0,2,1,7,1,2,9,-1,01,1,1,000,050,2,4,1,4,1,32,1,1,2,00,0,1,1,201300025886A01,,,
201300025896,2013-06-13,2013,juin,jeudi,83:0,37,37195,0,0,2,1,2,1,1,9,2,02,1,1,000,050,1,0,1,4,2,20,2,1,9,00,2,1,1,201300025896A01,7,1,1
201300025900,2013-06-20,2013,juin,jeudi,91:5,37,37233,0,0,2,2,3,1,1,4,2,02,1,1,000,060,1,5,1,3,1,12,0,1,9,00,2,8,1,201300025900A01,7,1,1
201300025902,2013-06-24,2013,juin,lundi,19:15,37,37261,0,0,2,1,1,1,1,4,2,02,2,1,000,060,1,0,1,4,1,59,5,1,9,00,2,1,1,201300025902B01,2,13,1
201300025905,2013-07-02,2013,juillet,mardi,10:45,37,37195,0,0,2,1,3,1,1,4,-1,02,1,-1,000,090,1,0,1,3,2,76,5,1,9,00,2,1,1,201300025905B01,7,22,1
201300025912,2013-07-17,2013,juillet,mercredi,17:15,37,37261,0,0,2,1,3,1,1,4,-1,00,1,1,000,070,1,0,1,3,2,50,5,1,9,00,2,7,1,201300025912B01,2,1,1
201300025915,2013-07-31,2013,juillet,mercredi,74:0,37,37261,0,0,2,2,3,1,1,9,2,02,1,1,000,060,1,0,1,4,1,36,1,1,9,00,2,1,1,201300025915B01,7,15,1
201300025917,2013-08-06,2013,août,mardi,11:35,37,37261,0,0,2,1,3,1,1,4,2,02,1,1,000,130,1,0,1,4,1,26,0,1,9,00,2,1,1,201300025917B01,7,16,1
201300025917,2013-08-06,2013,août,mardi,11:35,37,37261,0,0,2,1,3,1,1,4,2,02,1,1,000,130,1,0,1,3,1,1,0,1,2,00,2,1,1,201300025917B01,7,16,1
201300025924,2013-06-05,2013,juin,mercredi,12:40,37,37261,0,0,2,1,3,1,1,4,2,02,1,1,000,060,1,0,1,4,1,54,1,1,2,00,2,1,2,201300025924B01,10,24,1
201300025933,2013-07-05,2013,juillet,vendredi,10:05,37,37261,0,0,2,3,3,1,1,4,1,01,1,1,000,060,1,0,1,4,1,19,5,1,2,00,2,3,1,201300025933B01,7,16,1
201300025938,2013-07-11,2013,juillet,jeudi,84:5,37,37261,0,0,2,2,3,1,1,3,1,01,1,1,000,000,1,0,1,4,2,21,1,1,9,00,2,8,1,201300025938B01,7,15,1
201300025941,2013-07-16,2013,juillet,mardi,17:55,37,37261,0,0,2,2,3,1,1,3,2,04,1,1,000,000,1,0,1,4,1,22,5,1,9,00,2,1,19,201300025941A01,10,16,1
201300025942,2013-07-24,2013,juillet,mercredi,74:5,37,37261,0,0,2,6,3,1,1,4,-1,02,1,2,000,080,1,0,1,4,1,41,1,1,2,00,2,5,15,201300025942B01,7,15,1
201300025952,2013-08-06,2013,août,mardi,12:11,37,37122,0,0,2,6,3,1,1,4,2,02,1,1,000,060,1,5,1,3,2,59,1,1,9,00,2,6,1,201300025952B01,7,9,1
201300025954,2013-08-25,2013,août,dimanche,12:15,37,37208,0,0,2,1,1,1,1,4,1,01,2,3,000,040,1,0,1,3,1,13,5,1,9,00,2,1,5,201300025954A01,7,1,1
201300025958,2013-09-05,2013,septembre,jeudi,91:0,37,37261,0,0,2,3,3,1,1,9,-1,01,1,-1,000,025,-1,0,1,4,2,24,2,1,9,00,2,1,1,201300025958A01,7,15,1
201300025963,2013-09-24,2013,septembre,mardi,11:51,37,37261,0,0,2,1,7,1,1,9,-1,02,1,1,000,050,1,0,1,4,1,46,5,1,9,00,0,1,1,201300025963A01,,,
201300025966,2013-10-03,2013,octobre,jeudi,17:10,37,37233,0,0,1,6,2,1,1,4,1,01,1,1,000,056,1,0,1,3,1,77,3,1,9,00,2,1,1,201300025966B01,7,4,1
201300025967,2013-09-09,2013,septembre,lundi,14:20,37,37122,0,0,1,1,7,1,1,9,2,02,1,2,000,030,9,0,5,3,1,60,5,1,2,00,0,0,0,201300025967A01,,,
201300025979,2013-10-18,2013,octobre,vendredi,12:15,37,37261,0,0,2,1,3,1,1,9,2,02,1,1,000,050,1,0,5,4,2,41,1,1,9,00,2,1,1,201300025979B01,7,16,1
201300025991,2013-08-13,2013,août,mardi,18:15,37,37122,0,0,2,1,3,1,1,4,3,05,1,1,010,180,1,0,1,4,1,18,5,1,4,00,2,7,19,201300025991A01,7,1,1
201300025996,2013-09-13,2013,septembre,vendredi,85:0,37,37261,0,0,2,1,1,1,1,4,2,06,2,1,040,300,1,0,1,4,1,21,2,1,4,00,2,1,5,201300025996A01,7,9,1
201300025998,2013-09-18,2013,septembre,mercredi,14:10,37,37261,0,0,2,1,3,1,1,4,2,02,1,1,000,070,1,0,0,4,1,22,2,1,9,00,2,8,1,201300025998A01,99,0,1
201300026000,2013-09-20,2013,septembre,vendredi,80:5,37,37261,0,0,2,3,3,1,2,4,1,02,1,1,000,070,2,2,1,4,1,51,1,1,4,00,2,1,15,201300026000A01,7,1,1
201300026016,2013-10-26,2013,octobre,samedi,12:25,37,37261,0,0,2,1,7,1,1,4,1,01,1,1,000,120,1,5,1,4,1,32,1,1,2,00,9,7,1,201300026016A01,,,
201300026017,2013-02-01,2013,février,vendredi,72:5,37,37261,0,0,2,6,3,2,8,3,3,02,-1,-1,000,000,-1,0,1,3,1,56,1,1,2,00,2,7,1,201300026017B01,15,9,1
201300026020,2013-08-28,2013,août,mercredi,22:00,37,37261,0,0,2,2,3,5,1,3,-1,00,1,1,000,090,9,0,1,1,1,21,5,1,9,00,2,7,16,201300026020B01,2,18,1
201300026027,2013-09-24,2013,septembre,mardi,23:10,37,37261,0,0,2,1,7,5,1,4,2,02,1,1,000,105,1,0,5,3,1,19,5,1,9,00,0,1,1,201300026027A01,,,
201300026028,2013-09-26,2013,septembre,jeudi,21:00,37,37261,0,0,2,1,7,5,1,9,-1,01,1,1,000,070,1,0,1,3,1,49,5,1,2,00,0,8,0,201300026028A01,,,
201300026040,2013-12-01,2013,décembre,dimanche,25:0,37,37261,0,0,2,1,7,5,1,4,2,02,2,1,000,120,2,4,1,3,1,19,5,1,4,00,0,1,1,201300026040A01,,,
201300026042,2013-06-06,2013,juin,jeudi,21:18,37,37261,0,0,2,1,6,1,1,4,-1,00,-1,-1,000,000,-1,0,1,4,2,28,0,1,9,00,0,1,0,201300026042B01,2,0,1
201300026043,2013-08-14,2013,août,mercredi,17:25,37,37122,0,0,2,3,3,1,1,3,2,02,1,1,000,000,1,0,1,4,2,18,5,1,2,00,2,1,19,201300026043A01,7,16,1
201300026045,2013-08-26,2013,août,lundi,19:00,37,37122,0,0,2,1,3,1,1,4,2,02,1,1,010,060,1,0,1,4,1,13,5,1,9,00,2,6,13,201300026045A01,7,2,1
201300026053,2013-09-20,2013,septembre,vendredi,16:32,37,37261,0,0,2,1,3,1,1,4,1,02,2,1,040,060,1,0,1,4,1,76,5,1,4,00,2,3,1,201300026053B01,7,1,1
201300026057,2013-10-01,2013,octobre,mardi,14:52,37,37261,0,0,2,1,3,1,1,4,3,02,1,1,100,045,1,0,1,4,1,14,2,1,9,00,2,8,13,201300026057A01,7,1,1
201300026060,2013-10-07,2013,octobre,lundi,16:55,37,37122,0,0,2,1,3,1,1,4,2,02,1,1,000,000,1,0,1,4,1,10,2,1,9,00,2,8,19,201300026060A01,7,1,1
201300026064,2013-10-15,2013,octobre,mardi,80:5,37,37261,0,0,2,1,7,2,3,4,-1,01,1,1,000,000,3,0,1,4,1,21,2,1,9,00,0,0,1,201300026064A01,,,
201300026069,2013-10-26,2013,octobre,samedi,12:55,37,37261,0,0,2,1,3,1,1,4,2,02,1,1,000,060,-1,0,1,4,1,30,4,1,9,00,2,8,19,201300026069B01,7,19,1
201300026070,2013-10-31,2013,octobre,jeudi,17:30,37,37195,0,0,2,1,3,2,1,4,2,02,3,3,000,060,9,2,1,3,1,40,5,1,9,00,2,3,2,201300026070B01,33,1,1
201300026076,2013-02-14,2013,février,jeudi,82:0,37,37261,0,0,2,1,3,1,1,4,1,01,1,2,000,062,1,0,1,3,1,13,2,1,9,00,2,8,1,201300026076A01,17,1,1
201300026084,2013-07-22,2013,juillet,lundi,13:49,37,37122,0,0,2,1,6,1,1,4,-1,00,-1,-1,000,000,-1,0,1,4,1,22,9,1,9,00,0,0,0,201300026084B01,7,0,1
201300026089,2013-08-21,2013,août,mercredi,12:00,37,37122,0,0,2,2,6,1,1,4,-1,00,-1,-1,000,000,-1,0,1,4,1,18,0,1,9,00,2,0,0,201300026089B01,7,0,1
201300026097,2013-12-03,2013,décembre,mardi,13:30,37,37261,0,0,2,5,3,1,1,4,2,02,1,1,000,060,1,0,1,3,2,27,1,1,9,00,2,1,1,201300026097B01,7,1,1
201300026110,2013-11-10,2013,novembre,dimanche,18:20,37,37261,0,0,2,6,3,5,1,4,2,02,2,1,000,068,1,0,1,4,2,24,5,1,4,00,2,0,1,201300026110B01,7,9,1
201300026111,2013-11-12,2013,novembre,mardi,91:0,37,37261,0,0,2,3,3,1,2,4,3,02,2,1,020,070,2,0,1,4,1,18,2,1,9,00,2,1,1,201300026111A01,7,1,1
201300026116,2013-11-30,2013,novembre,samedi,10:50,37,37261,0,0,2,1,1,1,1,4,3,04,2,2,005,120,1,0,4,4,1,23,1,1,9,00,2,1,5,201300026116A01,7,1,1
201300026127,2013-12-23,2013,décembre,lundi,18:35,37,37214,0,0,2,6,2,5,1,4,1,02,1,-1,000,000,1,0,1,4,1,19,5,1,9,00,2,4,1,201300026127B01,7,0,1
201300026131,2013-09-09,2013,septembre,lundi,18:55,37,37261,0,0,2,1,6,1,1,4,-1,00,-1,-1,000,000,-1,0,1,4,2,12,0,1,4,00,2,0,1,201300026131A01,7,1,1
201300026142,2013-11-21,2013,novembre,jeudi,83:0,37,37261,0,0,2,6,3,1,1,4,2,02,1,1,000,060,2,0,0,4,2,46,1,1,2,00,2,3,2,201300026142B01,7,16,1
201300026143,2013-11-25,2013,novembre,lundi,16:05,37,37261,0,0,2,1,7,1,1,4,1,00,2,1,000,030,1,0,1,4,1,12,2,1,2,00,0,0,1,201300026143A01,,,
201300026155,2013-12-25,2013,décembre,mercredi,15:09,37,37208,0,0,2,1,7,1,1,4,-1,00,-1,-1,000,000,-1,0,1,4,2,10,0,1,4,00,0,0,0,201300026155A01,,,
201300026159,2013-04-11,2013,avril,jeudi,82:5,37,37261,0,0,2,1,4,1,2,4,2,02,1,1,000,000,2,0,1,4,1,63,5,1,9,00,2,4,1,201300026159B01,20/ 7,2,2
201300026160,2013-04-09,2013,avril,mardi,10:30,37,37261,0,0,2,3,3,1,1,4,2,02,1,3,057,190,1,5,1,3,1,21,5,1,9,00,2,1,19,201300026160A01,7,1,1
201300026168,2013-05-25,2013,mai,samedi,10:03,37,37233,0,0,2,6,3,1,8,4,2,02,1,2,020,060,1,0,0,3,1,81,3,1,2,00,2,1,2,201300026168B01,7,9,1
201300026172,2013-06-10,2013,juin,lundi,13:10,37,37261,0,0,2,1,7,1,1,3,1,01,2,2,000,000,1,0,1,4,1,55,1,1,9,00,0,0,21,201300026172A01,1,5,1
201300026172,2013-06-10,2013,juin,lundi,13:10,37,37261,0,0,2,1,7,1,1,3,1,01,2,2,000,000,1,0,1,1,2,48,1,1,9,00,0,0,5,201300026172B01,1,21,1
201300026181,2013-07-17,2013,juillet,mercredi,15:10,37,37233,0,0,2,1,2,1,1,4,2,02,1,1,000,076,1,0,1,2,1,42,0,1,9,00,2,4,1,201300026181B01,7,1,1
201300026183,2013-07-08,2013,juillet,lundi,20:00,37,37261,0,0,2,1,4,1,1,4,1,01,1,1,000,000,1,0,1,4,1,47,5,1,2,00,2,3,3,201300026183B01,10/ 7,22/1,2
201300026192,2013-09-23,2013,septembre,lundi,11:10,37,37233,0,0,2,1,3,2,1,4,2,02,1,3,000,072,1,0,1,3,2,75,5,1,9,00,2,8,1,201300026192B01,7,1,1
201300026193,2013-09-18,2013,septembre,mercredi,74:5,37,37261,0,0,2,2,3,2,1,9,3,01,2,1,000,030,1,0,1,4,1,12,2,1,9,00,2,1,1,201300026193B01,7,1,1
201300026194,2013-09-18,2013,septembre,mercredi,84:0,37,37208,0,0,2,1,7,2,1,9,2,02,2,1,000,050,1,0,1,3,1,53,1,1,9,00,0,1,1,201300026194A01,,,
201300026200,2013-11-28,2013,novembre,jeudi,12:00,37,37261,0,0,2,1,6,1,1,4,1,01,1,1,000,025,1,0,1,3,1,20,1,1,9,00,2,1,1,201300026200B01,7,22,1
201300026209,2013-04-16,2013,avril,mardi,19:00,38,38053,0,0,2,1,3,1,1,4,2,01,1,1,000,000,1,0,1,3,1,12,5,1,9,00,0,0,0,201300026209A01,7,0,1
201300026214,2013-06-18,2013,juin,mardi,16:50,38,38053,0,0,2,3,3,1,1,4,2,02,-1,-1,000,000,-1,0,1,3,1,11,2,1,9,00,2,1,1,201300026214B01,13,1,1
201300026233,2013-01-31,2013,janvier,jeudi,93:0,38,38185,45.1817,5.74484,2,2,3,1,1,4,1,01,1,1,000,040,1,0,1,4,2,22,5,1,9,00,2,1,1,201300026233B01,7,15,1
201300026234,2013-02-01,2013,février,vendredi,17:30,38,38151,45.1498,5.69793,2,4,6,1,2,4,2,03,1,1,000,120,2,0,1,4,1,13,5,1,9,00,2,1,5,201300026234B01,7,1,1
201300026240,2013-02-21,2013,février,jeudi,82:0,38,38421,45.1844,5.76821,2,2,3,1,1,2,2,04,1,1,000,300,1,0,1,3,1,88,5,1,9,00,2,8,19,201300026240B01,7,1,1
201300026242,2013-02-28,2013,février,jeudi,10:50,38,38185,45.1998,5.73998,2,1,6,1,1,3,2,02,1,1,000,070,1,0,1,4,2,84,5,1,9,00,2,1,17,201300026242B01,7,23,1
201300026246,2013-03-09,2013,mars,samedi,14:5,38,38185,0,0,2,3,3,5,1,4,4,01,1,1,000,000,1,0,1,4,1,23,5,1,9,00,0,6,1,201300026246B01,7,1,1
201300026253,2013-03-26,2013,mars,mardi,85:2,38,38185,0,0,2,1,6,1,8,4,2,04,1,1,000,000,1,5,1,2,2,28,1,1,9,00,2,8,1,201300026253B01,14,16,1
201300026256,2013-04-04,2013,avril,jeudi,14:15,38,38185,0,0,2,1,3,1,1,3,2,02,1,1,000,000,1,0,1,3,1,11,5,1,9,00,2,3,19,201300026256B01,7,1,1
201300026267,2013-05-13,2013,mai,lundi,10:26,38,38421,0,0,2,2,3,1,1,4,2,00,1,1,000,000,1,0,1,4,1,57,5,1,9,00,2,1,1,201300026267B01,7,9,1
201300026278,2013-06-08,2013,juin,samedi,11:00,38,38421,0,0,2,1,3,1,1,4,2,01,1,1,000,000,1,0,1,3,1,73,0,1,9,00,2,1,1,201300026278B01,7,19,1
201300026279,2013-06-11,2013,juin,mardi,74:0,38,38151,0,0,2,1,3,1,1,4,2,02,1,1,000,000,1,0,1,3,1,50,0,1,9,00,2,1,1,201300026279B01,7,1,1
201300026285,2013-06-18,2013,juin,mardi,16:24,38,38185,45.1666,5.72845,2,2,3,1,1,3,2,01,1,1,000,000,1,5,1,2,1,85,9,1,9,00,2,8,1,201300026285B01,7,1,1
201300026292,2013-07-03,2013,juillet,mercredi,15:19,38,38185,0,0,2,2,2,1,1,4,2,01,1,-1,000,000,1,0,1,3,2,48,0,1,9,00,2,1,1,201300026292B01,37,16,1
201300026298,2013-07-26,2013,juillet,vendredi,81:5,38,38185,0,0,2,1,3,1,1,4,-1,00,1,1,000,000,1,0,1,3,1,41,1,1,2,00,2,3,0,201300026298A01,37,15,1
201300026299,2013-07-26,2013,juillet,vendredi,17:30,38,38185,0,0,2,1,6,1,1,4,-1,00,1,-1,000,000,1,6,4,1,1,26,0,1,9,00,1,1,1,201300026299A01,,,