Num_Acc,date,an,mois,jour,hrmn,dep,com,lat,long,agg,int,col,lum,atm,catr,circ,nbv,prof,plan,lartpc,larrout,surf,infra,situ,grav,sexe,age,trajet,secuexist,equipement,obs,obsm,choc,manv,vehiculeid,typevehicules,manoeuvehicules,numVehicules
201300026307,2013-08-28,2013,août,mercredi,17:50,38,38185,0,0,2,1,3,1,1,4,2,00,1,1,000,000,1,0,1,3,2,32,0,1,2,00,2,8,19,201300026307B01,7,1,1
201300026308,2013-08-28,2013,août,mercredi,19:29,38,38185,0,0,2,1,6,1,1,4,3,01,1,1,000,000,1,0,1,1,1,44,1,1,4,00,1,1,1,201300026308A01,,,
201300026313,2013-09-03,2013,septembre,mardi,18:00,38,38169,0,0,2,2,3,1,1,4,2,02,1,1,000,000,1,4,1,4,1,37,0,1,9,00,2,4,1,201300026313B01,7,1,1
201300026320,2013-09-21,2013,septembre,samedi,16:05,38,38421,0,0,2,3,3,1,1,4,-1,00,1,1,000,000,1,0,1,4,1,48,5,1,2,00,2,1,1,201300026320B01,7,9,1
201300026328,2013-10-01,2013,octobre,mardi,93:0,38,38169,0,0,2,2,3,1,1,4,-1,00,1,1,000,087,-1,0,1,3,2,70,0,1,4,00,0,0,1,201300026328B01,7,15,1
201300026342,2013-10-21,2013,octobre,lundi,18:55,38,38185,0,0,2,1,6,5,1,4,-1,01,1,1,000,016,1,0,5,3,1,23,9,1,2,00,1,1,1,201300026342B01,,,
201300026353,2013-11-15,2013,novembre,vendredi,16:14,38,38185,0,0,2,2,3,1,1,4,2,02,1,1,000,080,1,0,1,4,1,17,0,1,9,00,0,1,1,201300026353A01,7,15,1
201300026362,2013-12-03,2013,décembre,mardi,75:0,38,38421,0,0,1,1,1,1,1,4,3,02,1,-1,000,000,-1,0,5,1,1,26,0,1,9,00,9,1,5,201300026362A01,1,1,1
201300026362,2013-12-03,2013,décembre,mardi,75:0,38,38421,0,0,1,1,1,1,1,4,3,02,1,-1,000,000,-1,0,5,4,1,50,1,1,9,00,9,1,1,201300026362B01,1,5,1
201300026384,2013-04-25,2013,avril,jeudi,12:10,38,38563,0,0,2,6,3,1,1,3,2,02,1,3,000,086,1,5,1,4,2,18,0,1,9,00,0,1,1,201300026384B01,7,9,1
201300026404,2013-08-03,2013,août,samedi,94:5,39,39411,0,0,1,1,7,1,1,3,2,02,2,1,000,070,1,0,1,2,1,62,5,1,2,00,0,0,1,201300026404A01,,,
201300026420,2013-08-01,2013,août,jeudi,75:5,40,40279,43.7239,-1.05113,2,1,6,1,1,3,2,03,2,3,,060,1,5,1,2,2,84,5,1,2,00,2,1,1,201300026420B02,17,16,1
201300026441,2013-08-27,2013,août,mardi,80:5,40,40192,43.87168,-0.4907,2,1,1,1,1,6,-1,00,1,-1,000,000,1,0,1,4,1,31,1,1,2,00,2,1,19,201300026441B01,10,19,1
201300026470,2013-06-20,2013,juin,jeudi,16:44,41,41018,0,0,2,3,3,1,1,4,2,02,1,1,000,000,1,0,5,4,1,17,5,1,9,00,2,1,2,201300026470A01,7,2,1
201300026509,2013-07-05,2013,juillet,vendredi,12:58,41,41018,0,0,2,1,2,1,1,4,2,02,1,1,000,090,1,0,1,3,1,45,5,1,9,00,2,4,21,201300026509B01,33,2,1
201300026514,2013-09-08,2013,septembre,dimanche,84:5,41,41018,0,0,1,1,1,1,1,4,2,02,1,1,000,000,1,0,1,3,1,62,5,1,2,00,2,1,1,201300026514B01,7,13,1
201300026539,2013-01-11,2013,janvier,vendredi,15:55,41,41269,0,0,2,2,3,1,1,4,2,02,1,1,000,103,1,0,1,3,2,83,5,1,9,00,2,4,16,201300026539B01,7,16,1
201300026564,2013-02-05,2013,février,mardi,14:20,42,42316,45.40916,4.2517,1,1,3,1,8,3,4,02,1,1,000,000,1,0,1,4,1,81,5,1,2,00,2,1,0,201300026564B01,7,16,1
201300026576,2013-06-16,2013,juin,dimanche,12:30,42,42270,45.39635,4.23496,1,3,3,1,1,3,2,02,4,2,000,070,1,0,1,3,1,78,5,1,9,00,2,1,1,201300026576B01,7,15,1
201300026577,2013-06-19,2013,juin,mercredi,17:50,42,42183,45.40643,4.36735,2,3,3,1,1,4,2,02,2,1,000,000,1,5,1,3,1,15,5,1,9,00,2,1,16,201300026577A01,7,0,1
201300026592,2013-05-12,2013,mai,dimanche,11:30,42,42186,45.51247,4.58521,1,1,3,1,1,4,2,02,1,2,000,070,1,0,1,3,1,58,5,1,2,00,2,1,1,201300026592B01,7,15,1
201300026601,2013-01-10,2013,janvier,jeudi,51:5,42,42187,46.04355,4.06745,2,2,3,5,1,4,2,02,1,1,000,086,1,0,1,4,1,34,4,1,9,00,2,1,1,201300026601B01,7,19,1
201300026615,2013-03-19,2013,mars,mardi,92:0,42,42187,46.02877,4.06529,2,4,3,1,1,4,2,02,1,1,000,060,1,0,1,3,2,67,5,1,9,00,2,7,1,201300026615B01,7,15,1
201300026622,2013-03-18,2013,mars,lundi,16:20,42,42187,46.03945,4.08244,2,1,3,1,1,4,2,02,1,1,000,070,1,0,1,4,1,41,5,1,9,00,2,0,1,201300026622B01,7,22,1
201300026629,2013-05-03,2013,mai,vendredi,21:25,42,42187,46.03691,4.06534,2,6,3,5,1,4,1,10,1,1,000,070,1,5,1,4,2,22,5,1,9,00,2,7,1,201300026629B01,7,16,1
201300026659,2013-07-10,2013,juillet,mercredi,17:30,42,42187,46.05366,4.07346,2,6,3,1,1,4,2,02,1,1,024,090,1,0,1,3,1,56,5,1,9,00,2,8,1,201300026659B01,7,16,1
201300026672,2013-08-11,2013,août,dimanche,10:30,42,42071,46.02733,4.08256,2,1,7,1,1,4,2,02,1,2,000,079,1,0,1,1,1,32,5,1,9,00,1,1,1,201300026672A01,,,
201300026680,2013-09-05,2013,septembre,jeudi,14:40,42,42127,46.07112,4.07366,2,1,2,1,1,4,2,02,1,1,000,063,1,0,1,4,1,13,2,1,9,00,2,4,15,201300026680A01,7,1,1
201300026689,2013-09-26,2013,septembre,jeudi,92:0,42,42187,46.04839,4.06953,2,4,3,1,1,4,3,02,1,1,000,095,1,0,1,4,2,60,5,1,9,00,2,0,15,201300026689B01,7,1,1
201300026692,2013-10-04,2013,octobre,vendredi,74:0,42,42187,46.03106,4.07566,2,1,3,2,2,4,2,02,1,1,000,060,2,0,1,4,2,17,2,1,9,00,2,8,19,201300026692A01,99,0,1
201300026694,2013-10-11,2013,octobre,vendredi,18:20,42,42184,46.04748,4.05183,2,6,3,2,1,4,2,02,1,1,000,075,1,0,1,3,2,19,4,1,9,00,2,7,1,201300026694B01,7,9,1
201300026698,2013-10-18,2013,octobre,vendredi,10:15,42,42187,46.03377,4.07782,2,6,3,1,1,4,2,02,1,1,000,060,1,0,1,3,2,75,5,1,9,00,2,7,1,201300026698B01,7,9,1
201300026705,2013-10-31,2013,octobre,jeudi,13:25,42,42184,46.04542,4.05625,2,6,3,1,1,4,1,02,1,2,000,065,1,5,1,3,1,44,4,1,9,00,2,1,1,201300026705B01,7,9,1
201300026712,2013-11-20,2013,novembre,mercredi,94:0,42,42187,46.04129,4.05551,2,3,3,1,4,4,2,02,1,1,000,105,2,0,1,3,1,81,4,1,9,00,2,1,15,201300026712B01,7,15,1
201300026718,2013-12-20,2013,décembre,vendredi,17:00,42,42187,46.03693,4.0654,2,3,2,5,1,4,2,02,1,3,000,065,1,0,1,3,1,86,5,1,9,00,2,1,1,201300026718A01,7,2,1
201300026723,2013-12-06,2013,décembre,vendredi,16:15,42,42187,46.03644,4.06385,2,5,3,2,1,4,3,00,1,2,020,077,1,5,1,3,1,36,5,1,9,00,2,8,1,201300026723B01,7,1,1
201300026727,2013-12-12,2013,décembre,jeudi,14:45,42,42071,46.02638,4.0858,2,1,7,1,1,4,2,02,1,1,000,080,1,0,1,4,1,41,5,1,9,01,0,1,1,201300026727B01,7,22,1
201300026753,2013-01-07,2013,janvier,lundi,12:47,42,42218,45.45268,4.3824,2,1,3,1,1,4,1,02,1,1,000,060,1,6,4,4,1,24,0,1,2,00,0,7,1,201300026753A01,7,9,1
201300026761,2013-01-05,2013,janvier,samedi,17:19,42,42218,45.45517,4.37762,2,3,6,2,1,4,2,02,3,1,000,060,1,0,1,4,1,64,0,1,9,00,2,1,0,201300026761B01,7,9,1
201300026828,2013-07-03,2013,juillet,mercredi,15:50,42,42218,45.43603,4.38427,2,1,2,1,1,4,2,02,1,1,000,120,1,0,1,4,1,37,3,1,2,00,2,0,0,201300026828B01,7,4,1
201300026835,2013-07-19,2013,juillet,vendredi,10:0,42,42218,45.43255,4.39441,2,3,6,5,1,4,1,01,1,1,000,030,1,0,1,4,1,24,5,1,9,00,2,1,9,201300026835A01,7,9,1
201300026845,2013-08-08,2013,août,jeudi,12:01,42,42218,45.42442,4.3749,2,2,7,1,3,4,2,02,1,1,000,070,2,0,1,4,1,77,5,1,9,00,0,8,1,201300026845A01,,,
201300026851,2013-08-22,2013,août,jeudi,19:44,42,42218,45.44523,4.38542,2,1,7,2,1,4,1,01,1,1,000,000,1,4,1,4,1,53,0,1,9,00,0,1,1,201300026851A01,,,
201300026852,2013-08-23,2013,août,vendredi,13:23,42,42218,45.45814,4.40535,2,6,3,1,1,1,1,01,1,1,000,048,1,3,1,3,1,35,5,1,9,00,2,1,1,201300026852B01,7,1,1
201300026854,2013-08-27,2013,août,mardi,85:0,42,42218,45.43635,4.38811,2,1,6,1,1,4,2,02,1,3,000,000,1,6,1,3,2,54,1,1,9,00,4,1,15,201300026854B01,40,16,1
201300026890,2013-09-13,2013,septembre,vendredi,84:3,42,42218,45.46052,4.40047,2,1,3,1,1,4,2,02,1,1,000,060,1,0,1,4,1,58,0,1,9,00,2,7,1,201300026890B01,7,0,1
201300026922,2013-06-06,2013,juin,jeudi,73:0,43,43041,0,0,2,3,3,1,1,4,2,02,1,1,000,030,1,0,1,3,1,50,1,1,8,00,2,7,1,201300026922A01,7,1,1
201300026937,2013-10-19,2013,octobre,samedi,14:10,43,43041,45.0496,3.90751,2,3,2,1,1,3,2,03,2,1,000,105,1,0,1,4,1,14,5,1,2,00,2,4,11,201300026937B01,7,17,1
201300026954,2013-03-04,2013,mars,lundi,17:55,44,44132,0,0,2,3,3,1,1,4,1,01,1,1,000,066,1,0,5,3,1,82,5,1,9,00,2,7,0,201300026954B01,7,9,1
201300026957,2013-05-12,2013,mai,dimanche,16:30,44,44055,0,0,2,6,3,1,1,4,1,01,2,1,000,000,1,0,1,4,1,36,1,1,9,00,2,2,19,201300026957B01,7,1,1
201300026961,2013-07-08,2013,juillet,lundi,80:5,44,44132,0,0,2,1,3,1,1,4,2,01,2,1,000,030,1,0,5,4,1,76,5,1,2,00,2,7,1,201300026961B01,7,15,1
201300026964,2013-07-04,2013,juillet,jeudi,17:55,44,44135,0,0,2,6,3,1,1,4,2,02,1,1,000,000,1,0,1,4,2,42,5,1,2,00,0,7,12,201300026964B01,7,1,1
201300026966,2013-08-05,2013,août,lundi,10:45,44,44055,0,0,2,3,3,1,1,4,2,01,1,-1,000,000,1,0,5,4,1,73,5,1,2,00,2,1,1,201300026966B01,7,15,1
201300026967,2013-08-07,2013,août,mercredi,14:35,44,44055,0,0,2,4,3,1,1,4,2,02,1,1,000,000,1,0,1,3,1,15,5,1,9,00,2,7,9,201300026967A01,7,1,1
201300026969,2013-08-08,2013,août,jeudi,16:00,44,44132,0,0,2,6,3,1,1,4,1,01,1,1,000,000,1,0,1,3,2,71,5,1,9,00,2,8,2,201300026969B01,7,2,1
201300026972,2013-08-20,2013,août,mardi,18:55,44,44132,0,0,2,1,3,1,1,4,1,01,1,1,000,044,1,0,1,3,1,51,5,1,9,00,0,7,1,201300026972B01,7,22,1
201300026978,2013-09-03,2013,septembre,mardi,15:10,44,44132,0,0,2,1,7,1,1,4,1,01,1,1,000,000,1,0,0,4,2,61,0,1,9,00,2,1,1,201300026978B01,7,1,1
201300026979,2013-09-08,2013,septembre,dimanche,11:00,44,44055,0,0,2,6,3,1,1,4,2,02,1,-1,000,000,1,5,1,4,1,62,5,1,9,00,2,8,1,201300026979B01,7,16,1
201300026983,2013-10-30,2013,octobre,mercredi,75:5,44,44135,0,0,2,6,6,1,2,4,2,02,1,2,000,000,2,0,1,4,1,42,1,1,9,00,2,0,1,201300026983B01,7,1,1
201300026984,2013-10-31,2013,octobre,jeudi,11:50,44,44132,0,0,1,1,2,1,1,3,2,02,1,1,000,108,1,0,1,3,1,67,0,1,9,00,0,4,2,201300026984B01,7,2,1
201300027008,2013-01-29,2013,janvier,mardi,19:10,44,44190,0,0,2,1,2,5,2,4,3,02,1,1,000,000,2,0,1,2,1,33,0,1,4,00,0,4,1,201300027008B01,10,1,1
201300027022,2013-02-14,2013,février,jeudi,90:8,44,44109,0,0,2,1,7,1,1,4,2,02,1,1,000,086,1,0,1,1,1,20,0,1,9,00,2,8,19,201300027022A01,37,1,1
201300027040,2013-03-17,2013,mars,dimanche,12:45,44,44109,0,0,2,3,7,1,3,4,2,02,3,1,000,000,2,0,1,4,2,20,0,1,9,00,0,0,15,201300027040A01,7,15,1
201300027053,2013-03-22,2013,mars,vendredi,16:40,44,44109,0,0,2,2,3,1,1,4,3,02,1,-1,000,030,1,0,1,3,1,50,0,1,9,00,2,8,0,201300027053B01,7,16,1
201300027057,2013-04-01,2013,avril,lundi,16:55,44,44162,0,0,2,6,6,1,1,4,2,02,1,1,000,000,1,0,1,3,1,25,9,1,2,00,2,1,0,201300027057A01,7,0,1
201300027070,2013-04-14,2013,avril,dimanche,55:0,44,44190,0,0,2,1,3,2,1,4,2,01,1,1,000,000,1,0,1,4,1,39,1,1,4,00,2,4,1,201300027070B01,99,0,1
201300027081,2013-05-10,2013,mai,vendredi,11:40,44,44109,0,0,2,2,6,1,1,4,2,02,1,2,000,000,1,5,1,4,1,24,3,1,9,00,2,1,15,201300027081B01,10,1,1
201300027084,2013-05-10,2013,mai,vendredi,17:25,44,44162,0,0,2,1,2,1,1,3,2,02,1,-1,000,070,1,0,1,4,1,31,1,1,2,00,2,1,2,201300027084A01,7,15,1
201300027134,2013-04-02,2013,avril,mardi,74:5,44,44143,0,0,2,1,6,1,1,4,1,01,1,1,000,000,1,0,1,1,1,21,1,1,2,00,1,1,1,201300027134A01,,,
201300027134,2013-04-02,2013,avril,mardi,74:5,44,44143,0,0,2,1,6,1,1,4,1,01,1,1,000,000,1,0,1,4,2,42,1,1,9,00,1,1,1,201300027134A01,,,
201300027144,2013-07-18,2013,juillet,jeudi,95:5,44,44162,0,0,2,6,3,1,1,4,1,00,-1,-1,000,000,1,0,1,3,2,44,1,1,4,00,2,7,2,201300027144B01,7,2,1
201300027170,2013-09-03,2013,septembre,mardi,82:0,44,44162,0,0,2,6,3,1,7,4,2,02,-1,-1,000,000,-1,0,0,3,2,32,1,1,9,00,2,7,1,201300027170B01,7,1,1
201300027171,2013-09-06,2013,septembre,vendredi,16:10,44,44109,0,0,2,6,3,1,1,4,2,01,1,1,000,000,1,0,1,4,1,39,1,1,9,00,2,1,1,201300027171B01,7,1,1
201300027180,2013-09-09,2013,septembre,lundi,73:5,44,44109,0,0,2,3,3,1,2,4,1,02,1,1,000,000,2,0,1,3,1,46,1,1,9,00,2,1,1,201300027180B01,7,9,1
201300027184,2013-09-10,2013,septembre,mardi,13:10,44,44109,0,0,2,1,6,1,1,4,2,02,1,1,000,000,1,0,1,4,2,46,1,1,9,01,0,0,1,201300027184B01,7,22,1
201300027189,2013-09-15,2013,septembre,dimanche,14:00,44,44109,0,0,2,1,3,1,9,4,-1,00,-1,-1,000,000,-1,0,5,4,1,21,0,1,9,00,2,6,0,201300027189B01,7,0,1
201300027194,2013-09-19,2013,septembre,jeudi,17:10,44,44190,0,0,2,1,6,1,1,4,2,02,-1,-1,000,000,-1,0,1,4,1,15,0,1,9,00,2,0,1,201300027194A01,7,21,1
201300027214,2013-10-09,2013,octobre,mercredi,16:20,44,44109,0,0,2,1,3,1,1,4,2,01,2,1,000,000,1,0,5,3,2,26,2,1,2,00,2,1,0,201300027214B01,7,9,1
201300027217,2013-10-11,2013,octobre,vendredi,11:10,44,44143,0,0,2,1,3,1,1,4,2,02,1,1,000,050,1,0,0,3,2,81,0,1,9,00,2,0,9,201300027217B01,7,1,1
201300027225,2013-10-18,2013,octobre,vendredi,18:25,44,44109,0,0,2,1,7,1,1,4,2,02,2,1,000,000,1,0,1,4,2,46,0,1,9,00,1,1,1,201300027225A01,,,
201300027227,2013-10-21,2013,octobre,lundi,80:0,44,44109,0,0,2,1,6,5,1,4,2,02,1,1,000,000,-1,0,1,4,1,18,0,1,9,00,2,8,1,201300027227B01,7,15,1
201300027229,2013-10-21,2013,octobre,lundi,18:55,44,44109,0,0,2,1,6,2,9,4,-1,00,-1,-1,000,000,-1,0,1,4,2,32,0,1,9,00,2,0,1,201300027229B01,7,1,1
201300027245,2013-11-09,2013,novembre,samedi,14:30,44,44109,0,0,2,1,6,1,1,3,2,00,1,1,000,000,1,0,1,4,1,22,0,1,9,00,2,4,1,201300027245A01,,,
201300027249,2013-11-12,2013,novembre,mardi,16:30,44,44109,0,0,2,2,6,1,1,4,2,02,-1,-1,000,000,-1,0,1,4,2,27,0,1,9,00,2,0,1,201300027249B01,7,15,1
201300027262,2013-11-30,2013,novembre,samedi,12:10,44,44109,0,0,2,1,7,1,1,4,2,01,1,1,000,000,1,0,5,3,1,57,5,1,2,08,0,8,1,201300027262A01,,,
201300027267,2013-11-28,2013,novembre,jeudi,82:5,44,44162,0,0,2,1,2,1,1,4,2,02,1,1,000,000,1,0,1,4,2,56,0,1,9,00,2,4,23,201300027267B01,7,1,1
201300027269,2013-12-07,2013,décembre,samedi,14:10,44,44109,0,0,2,1,3,1,1,4,1,00,1,1,000,000,-1,0,1,4,2,52,5,1,9,00,9,5,2,201300027269A01,30,2,1
201300027279,2013-12-17,2013,décembre,mardi,85:0,44,44109,0,0,2,1,3,1,9,4,-1,02,-1,-1,000,000,-1,0,1,4,2,46,1,1,9,00,2,0,2,201300027279B01,10,2,1
201300027282,2013-12-26,2013,décembre,jeudi,44:0,44,44109,0,0,2,1,3,4,9,4,-1,00,-1,-1,000,000,-1,0,0,4,1,27,1,1,9,00,2,4,0,201300027282B01,7,0,1
201300027292,2013-01-22,2013,janvier,mardi,18:50,44,44184,0,0,2,1,3,5,1,4,2,02,1,1,000,000,1,0,4,4,1,41,5,1,2,00,2,1,1,201300027292A01,7,1,1
201300027300,2013-02-19,2013,février,mardi,16:40,44,44184,0,0,2,2,3,1,1,3,3,03,1,1,000,000,1,0,1,4,2,12,2,1,9,00,2,1,1,201300027300A01,7,1,1
201300027326,2013-05-10,2013,mai,vendredi,15:00,44,44184,0,0,2,3,3,1,1,4,2,02,1,1,000,000,1,0,1,4,2,13,0,1,4,00,2,1,0,201300027326A01,7,0,1
201300027331,2013-05-15,2013,mai,mercredi,16:30,44,44184,0,0,2,2,3,1,1,4,1,01,1,1,000,000,-1,0,1,4,1,67,0,1,4,00,2,1,1,201300027331B01,7,9,1
201300027332,2013-05-16,2013,mai,jeudi,13:30,44,44184,0,0,2,2,3,1,1,4,2,03,1,1,000,120,1,0,1,3,1,7,0,1,4,00,2,1,19,201300027332B01,38,16,1
201300027338,2013-07-06,2013,juillet,samedi,21:10,44,44184,0,0,2,2,3,2,1,4,2,02,1,1,000,050,1,0,1,4,1,13,5,1,9,00,2,7,19,201300027338A01,7,1,1
201300027342,2013-07-17,2013,juillet,mercredi,12:55,44,44184,0,0,2,6,6,1,1,4,2,02,1,1,000,000,1,5,0,4,1,54,1,1,9,00,2,6,2,201300027342B01,7,2,1
201300027370,2013-09-22,2013,septembre,dimanche,17:50,44,44184,0,0,2,1,2,1,1,4,2,02,1,1,000,000,1,0,1,4,2,39,5,1,9,00,2,4,1,201300027370B01,7,1,1
201300027383,2013-11-15,2013,novembre,vendredi,74:5,44,44184,0,0,2,1,3,2,1,4,1,02,1,4,000,000,1,0,1,4,1,15,0,1,9,00,2,1,9,201300027383B01,7,16,1
201300027410,2013-04-17,2013,avril,mercredi,19:18,45,45068,48.02231,2.73622,2,3,3,1,1,4,2,02,1,1,000,050,1,0,1,4,1,11,9,1,9,00,2,1,1,201300027410B01,7,1,1
201300027413,2013-04-24,2013,avril,mercredi,16:18,45,45004,47.99029,2.78503,1,2,3,1,1,3,2,02,1,1,000,055,1,0,1,4,2,77,5,1,9,00,2,3,15,201300027413B01,7,17,1
201300027438,2013-08-23,2013,août,vendredi,16:05,45,45004,47.97532,2.7333,2,1,2,1,1,3,2,02,1,1,000,060,1,0,1,4,1,12,5,1,9,00,2,1,2,201300027438B01,7,1,1
201300027450,2013-10-05,2013,octobre,samedi,15:15,45,45208,0,0,2,1,3,1,1,4,4,01,1,1,000,000,1,0,1,4,2,8,0,1,9,00,2,1,0,201300027450B01,7,0,1
201300027463,2013-12-06,2013,décembre,vendredi,45:0,45,45068,48.02139,2.7372,2,3,3,5,2,3,2,02,2,3,000,060,2,0,1,4,1,28,9,1,9,00,2,1,1,201300027463B01,7,15,1
201300027488,2013-03-13,2013,mars,mercredi,15:40,45,45285,47.90835,1.87726,2,3,3,1,1,4,2,02,1,1,000,049,1,0,1,4,1,53,5,1,4,00,0,6,15,201300027488A01,7,1,1
201300027489,2013-03-14,2013,mars,jeudi,17:00,45,45234,47.91922,1.90268,2,1,3,1,1,6,-1,00,1,1,000,000,1,0,1,4,1,14,9,1,4,00,2,1,1,201300027489B01,7,1,1
201300027492,2013-03-23,2013,mars,samedi,17:55,45,45234,47.90009,1.88262,2,1,3,1,1,4,2,02,1,1,000,120,1,4,1,4,1,43,9,1,4,00,2,8,13,201300027492A01,7,1,1
201300027503,2013-04-17,2013,avril,mercredi,10:30,45,45286,47.88684,1.91843,2,1,6,1,1,4,2,02,1,1,000,044,1,0,1,3,2,63,9,1,4,00,5,1,21,201300027503A01,,,
201300027509,2013-05-06,2013,mai,lundi,18:15,45,45286,47.88501,1.9292,2,3,4,1,1,3,2,02,1,1,000,068,1,0,1,4,1,13,9,1,4,00,2,8,19,201300027509D01,7,2/23,3
201300027525,2013-06-24,2013,juin,lundi,74:5,45,45274,47.8768,1.98426,1,1,3,1,1,4,3,02,1,1,039,078,1,0,1,3,2,15,2,1,4,00,2,8,19,201300027525B01,10,1,1
201300027531,2013-07-02,2013,juillet,mardi,11:30,45,45234,47.90441,1.90442,2,1,6,1,1,4,3,04,1,1,000,012,1,0,1,4,1,45,9,1,9,00,1,1,1,201300027531A01,,,
201300027543,2013-10-04,2013,octobre,vendredi,15:50,45,45234,47.91202,1.91948,2,1,3,1,1,4,3,02,1,1,090,050,1,4,1,3,1,43,9,1,4,00,2,8,9,201300027543A01,37,1,1
201300027547,2013-10-17,2013,octobre,jeudi,11:05,45,45147,47.93257,1.92834,2,6,3,1,1,4,2,02,1,1,000,075,2,0,1,4,1,62,9,1,4,00,2,1,1,201300027547B01,7,16,1
201300027560,2013-12-19,2013,décembre,jeudi,13:15,45,45234,0,0,1,1,3,1,1,4,3,01,1,1,000,043,1,0,1,4,2,11,2,1,4,00,2,7,0,201300027560B01,7,0,1
201300027576,2013-12-17,2013,décembre,mardi,80:0,47,47001,0,0,2,2,3,1,1,3,2,02,1,1,000,000,1,0,1,3,1,17,1,1,2,00,2,1,1,201300027576A01,7,1,1
201300027581,2013-03-21,2013,mars,jeudi,91:5,47,47001,44.1976,0.6205,2,1,5,1,1,3,2,02,1,1,000,000,1,0,1,3,2,23,1,1,9,00,2,1,14,201300027581B02,17/ 10,23/1,2
201300027582,2013-04-08,2013,avril,lundi,12:10,47,47001,44.2038,0.62075,2,1,3,1,1,4,2,00,1,1,000,000,-1,0,1,3,1,20,2,1,9,00,2,1,15,201300027582A01,7,1,1
201300027584,2013-04-28,2013,avril,dimanche,11:10,47,47201,44.2109,0.58717,2,3,3,1,1,4,-1,01,1,1,000,000,-1,0,1,4,1,53,5,1,2,00,2,1,1,201300027584A01,7,1,1
201300027588,2013-06-14,2013,juin,vendredi,12:55,47,47201,0,0,2,2,3,1,2,4,2,02,1,1,000,000,2,0,1,3,1,14,2,1,9,00,2,8,1,201300027588A01,7,1,1
201300027589,2013-06-20,2013,juin,jeudi,16:50,47,47001,0,0,2,3,3,1,1,4,1,02,1,1,000,000,1,0,1,4,1,16,2,1,2,00,2,1,1,201300027589A01,7,1,1
201300027591,2013-07-03,2013,juillet,mercredi,12:43,47,47001,0,0,2,1,3,1,1,4,1,01,1,1,000,000,1,0,1,4,2,36,1,1,9,00,2,8,1,201300027591B01,7,1,1
201300027595,2013-08-12,2013,août,lundi,10:27,47,47001,0,0,2,6,2,1,1,3,-1,01,1,3,000,000,1,5,1,3,2,72,5,1,9,00,2,1,1,201300027595A01,10,23,1
201300027602,2013-10-29,2013,octobre,mardi,92:0,47,47001,0,0,2,3,3,1,1,4,1,01,1,1,000,000,1,0,1,4,1,71,5,1,9,00,2,1,1,201300027602B01,7,15,1
201300027617,2013-10-24,2013,octobre,jeudi,12:30,47,47323,0,0,2,2,3,1,1,4,4,02,1,1,000,000,1,5,1,3,2,44,0,1,9,00,2,0,18,201300027617B01,38,16,1
201300027624,2013-11-12,2013,novembre,mardi,85:5,48,48095,0,0,2,1,7,1,1,4,2,02,1,1,000,000,1,0,1,3,1,17,0,1,4,00,2,1,1,201300027624B01,10,1,1
201300027628,2013-01-07,2013,janvier,lundi,74:4,49,49007,47.4642,-0.53148,2,6,3,2,1,4,2,02,1,1,000,060,2,0,1,4,2,49,1,1,2,00,2,8,1,201300027628B01,7,1,1
201300027633,2013-01-11,2013,janvier,vendredi,83:5,49,49246,47.44074,-0.49853,2,6,2,1,1,4,2,02,1,1,000,040,1,0,1,4,2,60,1,1,2,00,2,4,1,201300027633B01,7,1,1
201300027634,2013-01-11,2013,janvier,vendredi,18:39,49,49267,47.46114,-0.48988,2,3,3,5,1,4,2,03,1,1,000,139,1,0,1,4,1,19,5,1,2,00,2,8,1,201300027634B01,7,15,1
201300027650,2013-01-30,2013,janvier,mercredi,10:30,49,49246,47.43208,-0.48542,2,3,3,1,2,4,3,03,1,1,000,090,2,0,1,3,1,60,5,1,9,00,2,8,1,201300027650B01,2,15,1
201300027651,2013-01-31,2013,janvier,jeudi,81:7,49,49007,47.46538,-0.55701,2,1,6,2,1,4,2,02,1,1,000,060,1,0,1,4,1,32,0,1,9,01,0,1,1,201300027651B01,7,22,1
201300027662,2013-02-12,2013,février,mardi,81:0,49,49007,47.46806,-0.55103,2,1,2,1,1,4,3,02,1,1,000,050,2,0,1,4,1,46,1,1,9,00,2,4,1,201300027662B01,37,1,1
201300027668,2013-02-21,2013,février,jeudi,75:3,49,49007,47.47586,-0.54805,2,1,6,2,1,4,2,02,1,1,000,060,1,0,1,1,1,51,5,1,9,00,1,1,1,201300027668A01,,,
201300027673,2013-03-05,2013,mars,mardi,12:15,49,49007,47.47341,-0.54402,2,1,6,1,1,4,3,02,1,1,000,100,1,0,1,4,2,61,0,1,9,00,2,0,1,201300027673B01,7,4,1
201300027692,2013-03-27,2013,mars,mercredi,17:22,49,49007,47.4792,-0.55759,2,1,3,1,1,4,1,03,1,1,000,098,1,0,1,4,2,28,5,1,2,00,2,0,1,201300027692B01,7,16,1
201300027701,2013-04-11,2013,avril,jeudi,11:06,49,49007,47.48567,-0.52521,2,1,3,1,2,4,2,02,1,1,000,000,2,0,1,4,1,21,5,1,9,00,2,8,1,201300027701B01,7,1,1
201300027706,2013-04-18,2013,avril,jeudi,18:19,49,49007,47.47319,-0.59783,2,1,6,1,1,4,2,03,1,1,000,060,1,0,1,4,1,52,5,1,2,12,0,1,1,201300027706A01,,,
201300027708,2013-04-19,2013,avril,vendredi,12:20,49,49267,47.4894,-0.50516,2,1,2,1,1,4,2,02,1,1,000,090,1,0,1,4,1,17,0,1,9,00,2,1,1,201300027708A01,7,23,1