Num_Acc,date,an,mois,jour,hrmn,dep,com,lat,long,agg,int,col,lum,atm,catr,circ,nbv,prof,plan,lartpc,larrout,surf,infra,situ,grav,sexe,age,trajet,secuexist,equipement,obs,obsm,choc,manv,vehiculeid,typevehicules,manoeuvehicules,numVehicules
201300027715,2013-04-29,2013,avril,lundi,74:8,49,49007,47.45619,-0.52783,2,1,3,1,1,4,-1,01,1,1,000,040,1,0,1,4,1,29,5,1,9,00,2,1,1,201300027715A01,7,1,1
201300027724,2013-05-07,2013,mai,mardi,16:45,49,49007,47.47363,-0.5711,2,1,7,1,1,4,2,02,1,1,000,042,1,0,1,3,1,36,0,1,2,00,2,1,1,201300027724B01,7,22,1
201300027730,2013-05-11,2013,mai,samedi,17:20,49,49007,47.47584,-0.55006,2,1,6,1,1,4,3,04,1,1,000,120,1,0,1,3,2,46,1,1,2,00,2,1,1,201300027730B01,7,22,1
201300027734,2013-05-13,2013,mai,lundi,15:15,49,49007,47.49094,-0.52973,2,1,6,1,1,4,2,04,1,1,000,090,1,0,1,3,2,66,5,1,2,00,2,1,1,201300027734B01,7,19,1
201300027736,2013-05-16,2013,mai,jeudi,16:01,49,49007,47.4483,-0.53864,2,6,3,1,1,4,2,02,1,1,000,071,1,0,1,4,1,73,5,1,2,00,2,1,0,201300027736B01,7,0,1
201300027742,2013-05-22,2013,mai,mercredi,17:05,49,49007,47.47812,-0.59851,2,6,3,1,1,4,2,02,1,1,000,060,1,0,1,4,2,15,5,1,9,00,2,0,1,201300027742B01,7,14,1
201300027743,2013-05-22,2013,mai,mercredi,18:20,49,49007,47.44985,-0.51584,2,1,6,1,1,4,2,02,1,1,000,056,1,0,1,4,2,32,1,1,9,00,2,0,1,201300027743B01,7,1,1
201300027744,2013-05-22,2013,mai,mercredi,15:08,49,49007,47.49167,-0.55161,2,1,6,1,1,4,-1,03,1,1,000,114,1,0,1,4,1,33,5,1,9,00,1,1,1,201300027744A01,,,
201300027745,2013-05-27,2013,mai,lundi,20:10,49,49007,47.48749,-0.52972,2,1,2,1,1,4,-1,02,1,1,000,055,-1,0,1,4,2,5,0,1,9,00,2,3,0,201300027745A01,7,0,1
201300027747,2013-05-29,2013,mai,mercredi,85:3,49,49007,47.46868,-0.55839,2,2,7,1,1,4,2,02,1,1,000,063,1,5,1,2,1,8,5,1,2,00,2,0,14,201300027747B01,14,16,1
201300027761,2013-06-08,2013,juin,samedi,18:20,49,49007,47.47319,-0.53152,2,1,7,1,1,4,1,01,1,1,000,029,1,0,1,4,2,50,0,1,2,00,0,0,1,201300027761A01,,,
201300027775,2013-06-25,2013,juin,mardi,17:58,49,49007,47.47928,-0.59747,1,4,6,1,1,4,2,02,1,1,000,070,1,0,1,4,2,52,1,1,9,00,2,0,1,201300027775B01,7,15,1
201300027777,2013-06-25,2013,juin,mardi,13:18,49,49007,47.45186,-0.54445,2,1,1,1,1,4,2,02,1,1,000,085,1,0,4,1,2,44,5,1,9,00,2,1,1,201300027777A01,1,1,1
201300027777,2013-06-25,2013,juin,mardi,13:18,49,49007,47.45186,-0.54445,2,1,1,1,1,4,2,02,1,1,000,085,1,0,4,4,2,25,1,1,9,00,2,1,1,201300027777B01,1,1,1
201300027783,2013-06-30,2013,juin,dimanche,10:20,49,49007,47.44751,-0.56177,2,2,3,1,1,4,2,02,1,1,000,060,1,0,1,4,1,16,5,1,9,00,2,1,1,201300027783A01,7,1,1
201300027785,2013-07-03,2013,juillet,mercredi,84:2,49,49007,47.46473,-0.5939,2,6,6,1,1,4,2,02,1,1,000,084,1,0,1,4,2,18,1,1,9,00,2,0,1,201300027785B01,7,1,1
201300027795,2013-07-12,2013,juillet,vendredi,85:5,49,49007,47.47228,-0.54634,2,1,3,3,1,4,2,02,1,1,000,060,1,0,1,4,2,53,5,1,2,00,2,1,1,201300027795B01,7,16,1
201300027796,2013-07-16,2013,juillet,mardi,19:40,49,49007,47.4742,-0.56722,2,4,3,1,1,4,3,03,1,1,000,120,1,0,1,4,2,19,5,1,2,00,2,8,1,201300027796B01,7,15,1
201300027805,2013-08-02,2013,août,vendredi,13:44,49,49007,0,0,2,1,6,1,1,4,2,04,1,1,000,100,1,0,1,4,2,9,5,1,9,00,2,7,19,201300027805A01,7,1,1
201300027807,2013-08-06,2013,août,mardi,83:5,49,49007,0,0,2,6,1,1,1,4,2,04,1,1,000,093,1,5,1,3,2,50,1,1,9,00,2,2,1,201300027807B01,7,1,1
201300027812,2013-08-24,2013,août,samedi,10:16,49,49007,47.4755,-0.53661,2,1,6,1,1,4,1,01,2,1,000,040,1,0,1,1,1,22,4,1,9,00,1,1,1,201300027812A01,,,
201300027826,2013-09-08,2013,septembre,dimanche,12:15,49,49007,0,0,2,1,6,1,1,4,-1,01,1,1,000,037,1,0,1,4,1,53,5,1,2,00,2,0,1,201300027826B01,7,1,1
201300027831,2013-09-12,2013,septembre,jeudi,75:4,49,49007,0,0,2,1,6,1,2,4,2,02,1,1,000,060,1,0,1,4,1,17,2,1,2,00,2,0,1,201300027831B01,7,15,1
201300027834,2013-09-17,2013,septembre,mardi,12:20,49,49007,47.47402,-0.53743,2,3,1,1,1,4,2,02,1,-1,000,060,1,0,1,3,2,16,2,1,9,00,2,0,1,201300027834B01,7,16,1
201300027836,2013-09-15,2013,septembre,dimanche,93:0,49,49007,0,0,2,1,6,1,1,4,2,02,1,1,000,060,1,0,1,4,1,19,2,1,2,00,2,0,1,201300027836B01,7,16,1
201300027842,2013-09-23,2013,septembre,lundi,85:1,49,49007,0,0,2,1,6,1,1,4,2,02,1,1,000,060,1,0,1,4,2,23,1,1,9,00,2,0,1,201300027842B01,7,1,1
201300027843,2013-09-24,2013,septembre,mardi,19:09,49,49007,0,0,2,1,6,1,1,4,2,02,1,1,000,060,1,0,1,4,2,37,5,1,9,00,0,0,1,201300027843B01,7,14,1
201300027844,2013-09-24,2013,septembre,mardi,13:36,49,49007,0,0,2,1,7,1,1,4,2,02,1,1,000,060,1,0,1,4,1,13,2,1,9,00,0,0,1,201300027844A01,,,
201300027847,2013-09-28,2013,septembre,samedi,84:0,49,49007,0,0,2,1,6,1,1,4,1,02,1,1,000,000,1,0,1,4,2,72,5,1,4,00,2,0,1,201300027847B01,10,1,1
201300027849,2013-09-27,2013,septembre,vendredi,18:30,49,49007,0,0,2,2,3,1,1,4,2,02,1,1,000,060,1,0,1,4,2,16,0,1,9,00,2,8,15,201300027849A01,7,1,1
201300027851,2013-09-27,2013,septembre,vendredi,19:10,49,49007,0,0,2,1,3,2,1,4,2,02,1,1,000,060,1,0,5,4,2,24,5,1,9,00,2,1,1,201300027851B01,7,9,1
201300027854,2013-10-01,2013,octobre,mardi,17:39,49,49007,0,0,2,1,6,1,1,4,2,00,-1,1,000,045,1,0,1,4,2,17,0,1,9,01,0,1,0,201300027854B01,7,22,1
201300027860,2013-10-04,2013,octobre,vendredi,17:55,49,49007,0,0,2,1,6,1,1,4,1,02,1,1,000,070,1,0,1,4,2,54,5,1,9,00,0,0,1,201300027860B01,37,1,1
201300027866,2013-10-14,2013,octobre,lundi,13:30,49,49007,0,0,2,2,6,1,1,4,3,02,1,1,000,080,1,0,1,4,2,34,5,1,9,00,2,4,1,201300027866B01,7,15,1
201300027870,2013-10-16,2013,octobre,mercredi,80:0,49,49007,0,0,2,1,3,5,1,4,2,00,1,1,000,054,2,0,1,4,1,14,2,1,9,00,2,1,1,201300027870B01,7,20,1
201300027873,2013-10-17,2013,octobre,jeudi,18:24,49,49353,0,0,2,1,6,1,1,4,-1,02,1,1,000,000,1,0,1,4,2,15,5,1,9,00,2,0,19,201300027873B01,7,1,1
201300027876,2013-10-22,2013,octobre,mardi,85:7,49,49246,0,0,2,1,3,2,1,4,-1,01,1,-1,000,040,1,0,1,4,2,20,0,1,4,00,0,7,0,201300027876B01,7,0,1
201300027879,2013-10-24,2013,octobre,jeudi,11:00,49,49007,0,0,2,1,6,1,1,4,2,02,1,1,000,059,1,0,1,4,1,19,0,1,9,00,2,1,1,201300027879A01,,,
201300027889,2013-11-14,2013,novembre,jeudi,85:5,49,49007,0,0,2,1,6,1,1,4,-1,02,1,-1,000,000,1,0,0,4,1,21,0,1,4,00,2,1,0,201300027889B01,7,0,1
201300027894,2013-10-26,2013,octobre,samedi,16:30,49,49007,0,0,2,1,6,1,1,4,1,01,1,1,000,060,1,6,5,4,1,14,5,1,9,00,2,1,1,201300027894A01,1,2,1
201300027894,2013-10-26,2013,octobre,samedi,16:30,49,49007,0,0,2,1,6,1,1,4,1,01,1,1,000,060,1,6,5,1,1,20,5,1,9,00,2,1,2,201300027894B01,1,1,1
201300027900,2013-11-20,2013,novembre,mercredi,12:40,49,49007,0,0,2,6,6,1,1,4,2,02,1,1,000,060,1,0,1,4,2,24,1,1,2,00,2,0,1,201300027900B01,7,1,1
201300027917,2013-12-09,2013,décembre,lundi,18:22,49,49007,0,0,2,1,7,5,1,4,2,02,1,1,000,015,1,0,5,1,1,19,2,1,9,00,1,1,5,201300027917A01,,,
201300027923,2013-12-12,2013,décembre,jeudi,18:00,49,49007,0,0,2,1,2,5,1,4,-1,02,1,1,000,000,1,0,1,4,2,26,0,1,9,00,2,1,0,201300027923B01,7,0,1
201300027936,2013-12-26,2013,décembre,jeudi,70:9,49,49007,0,0,2,1,6,2,8,4,2,04,1,1,000,660,2,0,1,4,1,41,1,1,9,00,2,1,21,201300027936B01,7,22,1
201300027950,2013-01-28,2013,janvier,lundi,17:32,49,49099,47.05013,-0.87221,2,6,3,1,1,3,2,02,1,1,000,000,1,0,1,4,2,43,1,1,9,00,2,7,1,201300027950B01,7,1,1
201300027958,2013-03-27,2013,mars,mercredi,74:5,49,49099,47.05541,-0.85939,2,6,3,1,1,3,1,03,2,2,000,000,1,0,1,4,1,33,1,1,2,00,2,8,15,201300027958B01,7,16,1
201300027981,2013-08-03,2013,août,samedi,17:50,49,49099,0,0,2,3,6,1,1,4,-1,00,-1,-1,000,000,1,6,1,4,1,11,5,1,2,00,2,8,19,201300027981B01,7,1,1
201300027997,2013-10-24,2013,octobre,jeudi,10:20,49,49099,0,0,2,3,3,1,1,4,2,00,2,1,000,000,1,0,1,4,1,73,5,1,2,00,2,1,1,201300027997B01,7,15,1
201300028000,2013-11-07,2013,novembre,jeudi,19:20,49,49099,47.05954,-0.88684,2,1,3,5,2,4,1,01,2,1,000,000,2,0,1,4,2,44,1,1,2,00,2,1,1,201300028000B01,7,15,1
201300028000,2013-11-07,2013,novembre,jeudi,19:20,49,49099,47.05954,-0.88684,2,1,3,5,2,4,1,01,2,1,000,000,2,0,1,4,2,64,5,1,2,00,2,1,1,201300028000B01,7,15,1
201300028007,2013-12-17,2013,décembre,mardi,83:5,49,49099,0,0,2,6,6,2,1,3,1,02,1,3,000,000,2,0,1,4,2,18,2,1,2,00,2,5,1,201300028007B01,7,9,1
201300028011,2013-01-03,2013,janvier,jeudi,80:5,49,49328,47.25285,-0.08036,2,1,6,2,1,4,2,02,1,1,000,070,1,0,5,4,1,46,1,1,9,00,2,1,1,201300028011B01,7,15,1
201300028020,2013-02-06,2013,février,mercredi,73:0,49,49328,47.25173,-0.05873,2,1,3,2,3,3,2,02,1,1,000,060,2,0,1,3,2,41,1,1,9,00,2,7,9,201300028020A01,7,1,1
201300028046,2013-05-06,2013,mai,lundi,16:50,49,49328,47.24402,-0.03351,2,1,2,1,1,3,2,02,1,1,000,060,1,0,1,1,1,40,4,1,2,00,2,1,1,201300028046A01,1,1,1
201300028046,2013-05-06,2013,mai,lundi,16:50,49,49328,47.24402,-0.03351,2,1,2,1,1,3,2,02,1,1,000,060,1,0,1,3,1,65,5,1,2,00,2,4,1,201300028046B01,1,1,1
201300028048,2013-05-09,2013,mai,jeudi,11:30,49,49328,47.25177,-0.05886,2,1,7,1,1,3,2,00,1,1,000,000,1,0,1,4,2,60,5,1,2,00,0,0,1,201300028048A01,,,
201300028049,2013-05-25,2013,mai,samedi,10:40,49,49328,47.24631,-0.07805,2,1,3,1,1,4,1,01,1,3,000,000,1,0,1,4,1,11,5,1,2,00,2,1,1,201300028049B01,7,1,1
201300028057,2013-06-20,2013,juin,jeudi,13:15,49,49328,47.2544,-0.08182,2,3,1,1,1,4,1,01,1,1,000,030,1,0,1,4,1,19,2,1,2,00,2,1,1,201300028057B01,7,15,1
201300028060,2013-06-29,2013,juin,samedi,17:25,49,49328,47.23814,-0.03547,1,1,7,1,1,4,2,00,1,1,000,050,-1,0,1,4,1,72,5,1,2,00,0,1,1,201300028060A01,,,
201300028062,2013-07-07,2013,juillet,dimanche,10:45,49,49328,47.25203,-0.08717,2,6,6,1,1,4,1,01,1,2,000,000,1,0,1,4,2,46,5,1,2,00,2,5,1,201300028062B01,10,0,1
201300028073,2013-07-31,2013,juillet,mercredi,18:00,49,49328,47.25264,-0.06155,2,1,5,1,1,3,2,02,1,1,000,050,1,0,1,4,2,72,5,1,2,00,2,8,1,201300028073C01,10/ 7,1,2
201300028079,2013-09-03,2013,septembre,mardi,16:55,49,49328,47.2612,-0.09868,2,6,3,1,1,4,1,02,1,2,000,039,1,0,1,4,1,61,5,1,2,00,2,2,1,201300028079B01,7,15,1
201300028080,2013-09-05,2013,septembre,jeudi,13:15,49,49328,47.26629,-0.08458,2,3,3,1,1,4,2,02,1,1,000,060,1,0,1,3,1,32,5,1,2,00,2,1,1,201300028080B01,7,15,1
201300028082,2013-09-09,2013,septembre,lundi,18:30,49,49328,0,0,2,6,7,1,1,4,1,00,1,2,000,000,1,0,1,4,1,50,5,1,2,05,0,1,1,201300028082A01,,,
201300028083,2013-09-12,2013,septembre,jeudi,17:35,49,49328,0,0,2,1,7,1,2,4,2,04,1,1,000,000,2,0,1,3,2,71,5,1,2,00,0,7,1,201300028083A01,,,
201300028087,2013-09-24,2013,septembre,mardi,75:0,49,49328,47.27899,-0.07049,2,1,6,2,1,4,2,01,1,1,000,000,1,0,1,4,2,27,1,1,9,00,2,0,1,201300028087B01,7,1,1
201300028095,2013-10-28,2013,octobre,lundi,10:30,49,49328,0,0,2,1,7,1,1,9,2,00,1,1,000,000,1,0,1,4,1,3,5,1,2,00,0,1,1,201300028095A01,,,
201300028105,2013-12-19,2013,décembre,jeudi,14:30,49,49328,0,0,2,3,3,1,1,4,2,02,1,1,000,000,1,0,1,4,1,26,5,1,9,00,2,1,1,201300028105B01,7,15,1
201300028106,2013-12-20,2013,décembre,vendredi,16:40,49,49328,0,0,2,1,6,1,1,4,2,02,2,1,000,000,1,0,1,4,1,15,2,1,2,00,1,1,1,201300028106A01,,,
201300028122,2013-02-03,2013,février,dimanche,17:50,50,50602,49.6473,-1.58851,2,1,2,5,2,4,2,02,1,1,000,078,2,0,1,4,2,19,5,1,2,00,2,4,15,201300028122B01,7,2,1
201300028125,2013-02-06,2013,février,mercredi,13:55,50,50173,49.6566,-1.65346,2,1,7,1,2,9,2,02,1,1,000,000,2,0,5,4,1,15,5,1,2,16,0,8,1,201300028125B01,10,1,1
201300028148,2013-04-09,2013,avril,mardi,19:00,50,50129,49.6323,-1.62375,2,2,3,1,1,3,3,04,4,1,000,000,1,5,1,4,1,21,5,1,2,00,2,4,19,201300028148B01,7,21,1
201300028151,2013-04-13,2013,avril,samedi,10:10,50,50602,49.6387,-1.56431,2,4,3,1,2,3,2,02,2,1,000,000,2,5,1,3,1,42,5,1,2,00,2,1,1,201300028151B01,7,10,1
201300028161,2013-05-07,2013,mai,mardi,19:00,50,50129,49.6328,-1.6046,2,1,6,1,1,4,2,02,2,1,000,060,1,0,1,4,1,17,5,1,2,00,0,0,1,201300028161A01,,,
201300028163,2013-05-10,2013,mai,vendredi,17:35,50,50129,49.6391,-1.61976,2,1,7,1,1,4,2,03,1,1,020,090,1,0,4,4,1,44,5,1,2,08,0,1,13,201300028163A01,,,
201300028165,2013-05-14,2013,mai,mardi,18:00,50,50129,49.6437,-1.62999,2,1,6,1,2,4,2,02,1,1,000,070,2,0,1,4,1,23,1,1,2,01,0,1,18,201300028165B01,7,23/22,2
201300028166,2013-05-16,2013,mai,jeudi,17:45,50,50173,49.6616,-1.68146,2,6,3,1,1,3,3,04,1,1,000,000,1,5,1,4,2,46,5,1,2,00,2,5,1,201300028166B01,7,9,1
201300028176,2013-06-04,2013,juin,mardi,83:0,50,50129,49.6399,-1.61056,2,2,3,1,1,4,1,01,1,1,000,000,1,0,1,4,2,15,2,1,2,00,2,1,1,201300028176A01,10,1,1
201300028184,2013-06-15,2013,juin,samedi,15:55,50,50129,49.6438,-1.6254,2,1,6,1,1,5,2,02,1,4,000,038,1,0,5,1,1,68,5,1,2,00,1,1,1,201300028184A01,,,
201300028185,2013-06-16,2013,juin,dimanche,12:00,50,50129,49.6438,-1.6011,2,1,7,1,1,4,2,02,1,1,000,000,2,4,1,3,1,65,5,1,2,14,0,8,1,201300028185A01,,,
201300028186,2013-06-18,2013,juin,mardi,18:20,50,50129,49.6417,-1.62134,2,1,7,1,1,4,3,03,1,2,015,090,1,0,1,4,2,58,5,1,2,00,0,0,1,201300028186A01,,,
201300028195,2013-07-01,2013,juillet,lundi,17:10,50,50129,49.6426,-1.64043,2,3,3,1,1,4,2,02,4,1,000,000,1,0,1,3,1,58,5,1,2,00,2,3,15,201300028195A01,7,17,1
201300028202,2013-07-12,2013,juillet,vendredi,13:00,50,50602,49.6356,-1.58479,2,2,3,1,1,3,2,02,1,2,000,020,1,5,1,4,1,77,5,1,9,00,2,1,9,201300028202A01,7,1,1
201300028204,2013-07-19,2013,juillet,vendredi,12:45,50,50129,49.6452,-1.62885,2,3,3,1,1,4,2,02,1,2,000,015,1,0,5,4,1,19,5,1,9,00,2,1,1,201300028204A01,33,9,1
201300028207,2013-08-03,2013,août,samedi,16:50,50,50129,49.6339,-1.62272,2,2,7,1,1,4,1,01,1,1,000,000,1,0,1,4,1,39,5,1,2,16,0,1,1,201300028207A01,,,
201300028211,2013-08-15,2013,août,jeudi,19:05,50,50129,49.6383,-1.62444,2,3,3,1,1,4,2,02,1,1,000,000,1,0,1,4,1,17,1,1,2,00,2,1,19,201300028211A01,7,1,1
201300028215,2013-08-21,2013,août,mercredi,19:15,50,50129,49.6426,-1.62612,2,1,7,1,1,4,1,01,1,1,000,000,1,6,1,4,1,34,5,1,2,14,0,2,14,201300028215A01,,,
201300028230,2013-10-06,2013,octobre,dimanche,17:05,50,50602,49.6513,-1.55276,2,1,3,1,1,4,2,02,1,1,000,055,1,0,1,4,1,8,5,1,2,00,2,1,9,201300028230A01,7,1,1
201300028237,2013-10-18,2013,octobre,vendredi,13:15,50,50129,49.6447,-1.63451,2,4,3,1,1,4,3,04,1,1,000,000,1,0,1,4,1,32,5,1,2,00,2,1,19,201300028237A01,7,1,1
201300028276,2013-07-05,2013,juillet,vendredi,11:40,50,50147,49.0487,-1.43998,2,1,6,1,1,4,2,02,4,2,064,036,1,0,1,3,1,62,9,1,2,06,0,2,1,201300028276A01,,,
201300028285,2013-12-02,2013,décembre,lundi,16:00,50,50147,0,0,2,1,7,1,1,9,1,01,-1,-1,000,000,1,0,0,4,1,17,1,1,9,00,0,0,0,201300028285A01,,,
201300028304,2013-06-27,2013,juin,jeudi,11:20,50,50532,48.8063,-1.56877,2,9,3,1,1,3,2,02,3,1,000,000,1,0,1,3,1,69,5,1,9,00,2,1,15,201300028304A01,7,1,1
201300028306,2013-07-19,2013,juillet,vendredi,12:20,50,50218,48.8377,-1.58935,2,6,3,1,1,3,1,01,2,1,140,070,1,0,1,4,1,31,5,1,2,00,2,1,5,201300028306A01,7,1,1
201300028307,2013-07-24,2013,juillet,mercredi,18:10,50,50532,48.8099,-1.57053,2,1,2,1,1,3,2,02,2,1,000,060,1,0,1,3,1,38,5,1,9,01,0,1,2,201300028307A01,7,23,1
201300028316,2013-08-14,2013,août,mercredi,84:0,50,50218,48.8297,-1.5673,2,6,3,1,1,3,2,02,1,-1,000,000,1,5,1,4,1,64,5,1,2,00,2,4,1,201300028316B01,7,1,1
201300028317,2013-09-09,2013,septembre,lundi,17:00,50,50165,48.838,-1.58191,2,1,3,1,1,3,2,02,1,1,000,000,1,0,1,4,2,27,1,1,9,00,2,1,1,201300028317B01,7,24,1
201300028321,2013-10-23,2013,octobre,mercredi,12:05,50,50165,48.8353,-1.58025,2,1,3,1,1,4,2,02,2,1,000,000,1,0,1,4,1,13,5,1,9,00,2,8,13,201300028321A01,7,1,1
201300028333,2013-12-24,2013,décembre,mardi,17:18,50,50532,48.8142,-1.56469,2,2,3,5,1,4,1,01,2,1,000,045,1,0,1,4,1,19,5,1,9,00,2,1,1,201300028333A01,7,1,1
201300028356,2013-07-06,2013,juillet,samedi,18:10,50,50502,49.1092,-1.0737,2,1,1,1,1,3,3,01,1,1,015,060,1,0,1,3,1,16,9,1,9,00,2,7,19,201300028356B01,7,1,1
201300028359,2013-07-25,2013,juillet,jeudi,72:0,50,50502,49.1163,-1.0563,2,1,2,1,1,3,2,02,1,1,000,000,1,0,5,3,1,19,1,1,2,01,0,1,1,201300028359A01,37,0,1
201300028382,2013-03-04,2013,mars,lundi,17:45,51,51108,0,0,2,1,3,1,1,9,1,01,1,1,000,060,1,0,1,4,1,30,5,1,4,00,2,1,0,201300028382B01,7,0,1
201300028387,2013-05-15,2013,mai,mercredi,84:8,51,51108,0,0,2,1,1,1,2,4,1,02,2,1,000,063,2,0,1,3,1,16,5,1,4,00,2,1,5,201300028387A01,7,1,1
201300028395,2013-10-13,2013,octobre,dimanche,16:50,51,51108,0,0,2,2,3,1,1,4,1,02,1,1,000,072,1,0,1,4,1,14,5,1,9,00,2,8,19,201300028395B01,7,1,1
201300028434,2013-05-15,2013,mai,mercredi,13:40,51,51454,0,0,2,1,6,1,1,4,2,03,1,1,,098,1,0,4,1,1,33,1,1,4,00,1,1,1,201300028434A01,,,
201300028448,2013-08-21,2013,août,mercredi,14:20,51,51454,0,0,2,6,3,1,1,4,1,02,1,1,000,087,1,5,1,3,1,56,1,1,9,00,2,2,1,201300028448B01,7,1,1
201300028486,2013-10-24,2013,octobre,jeudi,75:0,52,52121,48.10481,5.14261,2,1,2,2,1,3,2,03,2,1,023,126,1,0,1,4,2,47,4,1,9,00,2,4,1,201300028486B01,10,13,1
201300028503,2013-01-28,2013,janvier,lundi,93:5,53,53130,48.0592,-0.79713,2,1,3,1,7,4,2,02,1,1,000,000,-1,0,1,3,1,62,0,1,2,00,2,5,0,201300028503B01,7,9,1
201300028536,2013-06-01,2013,juin,samedi,14:00,54,54051,49.16955,5.96026,1,1,2,1,1,3,2,02,1,3,000,067,1,0,1,2,1,58,5,1,4,00,2,4,2,201300028536B01,7,2,1
201300028541,2013-06-12,2013,juin,mercredi,14:20,54,54159,0,0,2,1,3,1,1,4,2,02,4,1,000,040,1,0,1,3,2,44,5,1,9,00,0,0,0,201300028541B01,7,2,1
201300028644,2013-02-22,2013,février,vendredi,20:20,54,54395,0,0,2,1,3,5,1,4,1,03,1,1,000,000,1,0,4,4,2,19,5,1,2,00,2,8,1,201300028644B01,33,1,1
201300028646,2013-02-28,2013,février,jeudi,10:55,54,54395,0,0,2,3,3,1,1,4,1,01,1,1,000,055,1,0,1,4,1,38,1,1,2,00,2,2,1,201300028646B01,7,15,1
201300028665,2013-03-26,2013,mars,mardi,12:45,54,54357,0,0,2,1,3,1,1,4,2,02,1,1,000,000,1,0,1,4,1,77,0,1,2,00,2,1,1,201300028665B01,7,15,1
201300028670,2013-04-04,2013,avril,jeudi,83:0,54,54395,0,0,2,1,6,1,1,4,1,01,1,1,000,000,1,0,4,1,1,23,2,1,2,00,1,1,5,201300028670A01,,,
201300028690,2013-04-12,2013,avril,vendredi,11:30,54,54482,0,0,2,1,3,1,1,4,2,02,1,-1,000,000,1,0,1,4,1,62,5,1,2,00,2,1,0,201300028690B01,7,0,1
201300028705,2013-05-05,2013,mai,dimanche,11:30,54,54547,0,0,2,3,3,1,1,4,2,02,1,1,000,070,1,0,0,4,1,45,0,1,2,00,2,1,1,201300028705A01,7,15,1
201300028708,2013-05-10,2013,mai,vendredi,94:4,54,54304,0,0,2,1,2,5,1,4,2,02,1,1,000,000,1,0,1,4,2,19,5,1,9,00,2,4,2,201300028708B01,99,0,1
201300028721,2013-05-29,2013,mai,mercredi,23:08,54,54547,0,0,2,1,3,5,1,4,2,01,2,1,000,060,1,0,0,3,1,19,5,1,2,00,2,3,2,201300028721A01,40,2,1
201300028729,2013-06-04,2013,juin,mardi,18:05,54,54395,0,0,2,2,3,1,1,4,1,02,1,1,000,000,1,0,1,4,1,27,0,1,2,00,2,0,0,201300028729B01,7,15,1
201300028742,2013-06-17,2013,juin,lundi,19:55,54,54547,0,0,1,2,3,1,1,4,2,02,2,1,000,000,1,0,0,4,1,12,0,1,9,00,2,0,0,201300028742A01,7,0,1
201300028743,2013-06-18,2013,juin,mardi,13:00,54,54395,0,0,2,1,6,1,1,4,2,02,2,1,000,000,1,0,1,1,2,20,2,1,9,00,1,0,0,201300028743A01,,,
201300028768,2013-07-09,2013,juillet,mardi,16:10,54,54547,0,0,2,3,1,1,1,4,2,03,1,3,000,000,1,0,0,4,1,22,1,1,9,00,2,1,0,201300028768A01,7,0,1
201300028770,2013-07-06,2013,juillet,samedi,93:0,54,54257,0,0,2,3,7,1,1,4,2,02,1,1,000,100,1,0,0,4,1,61,5,1,2,00,0,0,2,201300028770B01,7,16,1
201300028771,2013-07-11,2013,juillet,jeudi,61:0,54,54395,0,0,2,2,3,1,1,4,2,02,1,1,000,000,1,0,0,4,2,22,5,1,2,00,2,1,1,201300028771A01,7,1,1
201300028776,2013-07-16,2013,juillet,mardi,10:25,54,54395,0,0,2,1,3,1,1,4,2,02,1,1,000,000,1,0,1,4,2,68,5,1,2,00,2,8,9,201300028776A01,37,1,1
201300028782,2013-07-19,2013,juillet,vendredi,84:0,54,54395,0,0,2,1,3,1,1,4,3,04,1,3,000,000,1,0,1,3,1,63,5,1,9,00,2,0,0,201300028782B01,7,0,1
201300028783,2013-07-19,2013,juillet,vendredi,17:10,54,54395,0,0,2,2,1,1,1,4,1,01,1,1,000,000,1,0,1,4,1,33,1,1,2,00,2,1,1,201300028783B01,10,15,1
201300028789,2013-07-22,2013,juillet,lundi,17:00,54,54395,0,0,2,3,3,1,1,4,1,01,1,1,000,000,1,0,0,4,1,49,0,1,9,00,2,0,0,201300028789B01,7,15,1
201300028804,2013-08-10,2013,août,samedi,20:40,54,54339,0,0,2,1,6,5,1,4,1,02,1,-1,000,000,1,0,1,4,2,31,5,1,9,00,2,0,0,201300028804B01,30,0,1
201300028808,2013-08-19,2013,août,lundi,22:40,54,54395,0,0,2,2,3,5,1,4,2,02,1,1,000,000,1,0,1,4,1,52,5,1,2,00,2,1,10,201300028808B01,7,15,1
201300028813,2013-09-02,2013,septembre,lundi,21:00,54,54547,0,0,2,2,3,5,1,4,1,02,1,1,000,000,1,0,1,4,1,35,1,1,2,00,2,1,19,201300028813B01,7,1,1
201300028814,2013-09-02,2013,septembre,lundi,18:30,54,54265,0,0,2,1,3,1,1,4,2,02,1,1,000,000,1,0,1,4,2,55,5,1,9,00,2,1,0,201300028814A01,7,0,1
201300028815,2013-09-03,2013,septembre,mardi,83:0,54,54395,0,0,2,1,3,1,9,4,2,02,1,1,000,000,1,0,1,4,1,24,9,1,2,00,2,1,0,201300028815B01,7,0,1
201300028830,2013-09-20,2013,septembre,vendredi,14:20,54,54395,0,0,2,3,3,1,1,4,3,02,1,1,000,000,1,0,1,4,2,62,5,1,9,00,2,2,0,201300028830A01,7,0,1
201300028836,2013-09-24,2013,septembre,mardi,18:10,54,54184,0,0,2,3,3,1,1,4,3,03,1,1,000,000,1,0,1,4,1,30,5,1,2,00,2,2,0,201300028836B01,7,16,1
201300028837,2013-09-25,2013,septembre,mercredi,10:00,54,54395,0,0,2,1,6,1,1,4,2,05,1,1,000,120,1,0,1,1,1,17,0,1,2,01,2,3,0,201300028837B01,2,0,1