Num_Acc,date,an,mois,jour,hrmn,dep,com,lat,long,agg,int,col,lum,atm,catr,circ,nbv,prof,plan,lartpc,larrout,surf,infra,situ,grav,sexe,age,trajet,secuexist,equipement,obs,obsm,choc,manv,vehiculeid,typevehicules,manoeuvehicules,numVehicules
201300028841,2013-09-28,2013,septembre,samedi,10:10,54,54274,0,0,2,1,1,1,1,4,2,02,1,1,000,000,1,0,1,4,1,41,5,1,2,00,2,0,0,201300028841B01,7,0,1
201300028843,2013-09-30,2013,septembre,lundi,16:30,54,54395,0,0,2,2,3,1,1,4,2,03,1,1,000,000,1,0,1,4,1,39,1,1,2,00,2,8,0,201300028843B01,7,15,1
201300028844,2013-10-03,2013,octobre,jeudi,17:05,54,54184,0,0,2,1,3,1,1,4,2,02,1,4,000,000,1,0,1,4,2,11,0,1,9,14,0,0,0,201300028844A01,7,0,1
201300028851,2013-10-11,2013,octobre,vendredi,11:00,54,54482,0,0,2,1,3,1,1,4,-1,00,-1,-1,000,000,1,0,1,4,2,66,1,1,9,00,2,7,0,201300028851B01,99,0,1
201300028859,2013-10-22,2013,octobre,mardi,85:5,54,54395,0,0,2,2,6,1,1,4,1,00,-1,-1,000,000,1,0,1,4,1,16,5,1,2,00,2,8,1,201300028859B01,7,1,1
201300028869,2013-11-01,2013,novembre,vendredi,11:35,54,54395,0,0,2,1,3,1,1,4,-1,00,-1,-1,000,000,1,0,1,4,1,7,0,1,2,00,2,1,0,201300028869A01,7,0,1
201300028876,2013-11-10,2013,novembre,dimanche,19:44,54,54395,0,0,2,2,3,5,2,4,2,03,-1,1,000,000,2,0,1,4,2,18,0,1,9,00,2,3,0,201300028876A01,7,0,1
201300028878,2013-11-12,2013,novembre,mardi,18:30,54,54395,0,0,2,1,2,5,1,4,2,02,2,1,000,000,1,0,1,4,1,13,0,1,9,00,2,1,2,201300028878A01,7,2,1
201300028913,2013-12-16,2013,décembre,lundi,22:30,54,54395,0,0,2,1,6,5,1,4,3,04,1,1,000,000,1,0,1,4,2,24,5,1,2,00,2,1,1,201300028913A01,7,22,1
201300028915,2013-12-17,2013,décembre,mardi,18:40,54,54395,0,0,2,3,3,5,1,4,1,01,-1,1,000,000,1,0,1,4,1,26,0,1,9,00,2,1,0,201300028915B01,7,0,1
201300028975,2013-03-05,2013,mars,mardi,14:00,55,55302,0,0,1,1,6,1,1,3,2,02,1,1,000,000,1,0,1,4,1,77,5,1,2,00,0,0,1,201300028975B01,2,17,1
201300028980,2013-05-27,2013,mai,lundi,13:20,55,55029,0,0,2,1,1,1,1,3,2,00,1,1,000,000,1,0,1,3,2,62,5,1,4,00,2,1,1,201300028980B01,7,20,1
201300029000,2013-05-02,2013,mai,jeudi,12:10,55,55545,49.16773,5.39083,2,3,2,1,1,3,2,02,1,1,000,075,1,0,1,4,1,42,5,1,2,00,2,4,15,201300029000B01,7,1,1
201300029014,2013-01-17,2013,janvier,jeudi,12:31,56,56121,47.74138,-3.373,2,6,3,1,1,6,4,00,-1,-1,000,000,-1,0,1,4,1,52,0,1,9,00,2,0,0,201300029014B01,7,9,1
201300029019,2013-01-22,2013,janvier,mardi,75:0,56,56083,47.80615,-3.25968,2,3,3,5,2,9,-1,00,-1,-1,000,000,2,0,1,4,1,14,2,1,9,00,2,0,19,201300029019B01,7,1,1
201300029032,2013-02-06,2013,février,mercredi,14:53,56,56107,47.7041,-3.39511,2,1,7,1,1,9,-1,00,-1,-1,000,000,1,0,1,4,2,26,0,1,9,00,0,0,0,201300029032A01,,,
201300029033,2013-02-08,2013,février,vendredi,11:51,56,56121,47.74791,-3.36367,2,1,7,1,1,9,-1,02,-1,-1,000,000,1,0,1,4,1,52,0,1,9,00,0,0,0,201300029033A01,,,
201300029040,2013-02-19,2013,février,mardi,19:00,56,56107,47.70435,-3.38344,2,1,3,5,1,9,2,02,1,1,000,000,1,0,1,4,1,18,0,1,9,00,2,2,0,201300029040A01,7,0,1
201300029046,2013-03-04,2013,mars,lundi,17:40,56,56121,47.7581,-3.36516,2,1,7,1,1,9,2,02,1,1,000,000,1,0,1,4,1,55,0,1,9,00,1,0,1,201300029046A01,,,
201300029066,2013-03-28,2013,mars,jeudi,11:43,56,56121,47.76425,-3.39741,2,1,3,1,1,9,2,02,2,1,000,000,1,0,1,4,1,49,0,1,4,00,2,0,1,201300029066B01,7,0,1
201300029067,2013-03-28,2013,mars,jeudi,20:18,56,56121,47.76521,-3.39863,2,1,7,2,1,9,2,00,1,1,000,000,1,0,1,4,1,29,0,1,9,00,0,0,0,201300029067A01,,,
201300029083,2013-04-17,2013,avril,mercredi,18:05,56,56162,47.72556,-3.41074,1,6,7,1,1,4,2,02,1,2,000,000,1,0,1,4,1,56,1,1,9,00,2,4,1,201300029083B01,7,1,1
201300029095,2013-05-07,2013,mai,mardi,11:20,56,56121,47.746,-3.36726,2,1,7,1,1,9,-1,00,-1,-1,000,000,-1,0,1,1,1,18,0,1,9,00,1,0,0,201300029095A01,,,
201300029106,2013-05-21,2013,mai,mardi,18:00,56,56098,47.77438,-3.3466,2,2,3,1,1,4,2,02,1,1,000,000,1,0,1,4,1,30,0,1,9,00,2,1,1,201300029106A01,14,15,1
201300029142,2013-07-02,2013,juillet,mardi,22:30,56,56098,47.77739,-3.33901,2,1,7,5,1,9,2,00,-1,-1,000,000,-1,0,1,4,1,20,1,1,9,00,0,0,0,201300029142A01,,,
201300029143,2013-07-03,2013,juillet,mercredi,18:15,56,56098,47.77441,-3.34666,2,3,7,1,1,9,-1,00,-1,-1,000,000,-1,0,1,4,1,40,0,1,9,00,2,0,1,201300029143B01,7,15,1
201300029146,2013-07-08,2013,juillet,lundi,22:30,56,56121,47.74827,-3.3744,2,1,3,5,1,9,-1,00,1,-1,000,000,-1,0,1,4,1,23,0,1,9,01,0,1,1,201300029146B01,7,24,1
201300029156,2013-07-17,2013,juillet,mercredi,14:19,56,56162,47.70146,-3.43147,2,1,3,1,1,9,-1,00,-1,-1,000,000,1,0,1,4,1,27,0,1,9,00,0,0,1,201300029156B01,33,15,1
201300029157,2013-07-18,2013,juillet,jeudi,18:06,56,56121,47.73241,-3.37979,2,1,3,1,1,9,-1,00,-1,-1,000,000,1,0,1,4,2,60,0,1,9,00,2,0,1,201300029157B01,7,16,1
201300029168,2013-08-09,2013,août,vendredi,10:45,56,56121,0,0,2,1,7,1,1,9,-1,00,-1,-1,000,000,-1,0,4,4,2,40,1,1,9,12,0,0,0,201300029168A01,,,
201300029175,2013-08-20,2013,août,mardi,10:31,56,56121,0,0,2,1,2,1,1,4,2,02,1,1,000,000,1,0,1,4,1,22,0,1,9,00,2,4,1,201300029175B01,7,1,1
201300029178,2013-08-22,2013,août,jeudi,18:30,56,56121,47.73241,-3.37979,2,1,7,1,1,4,-1,02,1,1,000,000,1,0,1,4,2,73,0,1,9,00,2,8,1,201300029178B01,7,14,1
201300029181,2013-08-24,2013,août,samedi,18:00,56,56083,47.81118,-3.24287,2,1,7,1,1,4,2,02,1,2,000,000,1,0,1,4,1,12,0,1,3,00,2,1,13,201300029181A01,7,1,1
201300029183,2013-08-28,2013,août,mercredi,11:00,56,56098,47.76765,-3.34148,2,1,7,1,1,4,2,02,1,1,000,000,1,0,1,4,1,23,0,1,9,00,2,0,0,201300029183B01,7,15,1
201300029192,2013-09-09,2013,septembre,lundi,10:47,56,56107,47.71254,-3.39806,2,1,3,1,1,9,-1,00,-1,-1,000,000,1,0,1,4,1,53,4,1,9,00,2,0,0,201300029192B01,7,0,1
201300029197,2013-09-16,2013,septembre,lundi,17:15,56,56121,47.75476,-3.37268,2,1,7,1,1,9,-1,00,-1,-1,000,000,-1,0,1,4,1,37,0,1,9,00,0,0,0,201300029197A01,,,
201300029201,2013-09-27,2013,septembre,vendredi,20:19,56,56121,47.74591,-3.36377,2,1,3,5,1,9,2,00,1,1,000,000,1,0,1,4,1,28,0,1,9,00,2,1,0,201300029201A01,7,1,1
201300029212,2013-10-13,2013,octobre,dimanche,95:5,56,56162,47.70521,-3.43412,2,1,3,1,1,4,1,00,1,3,000,000,1,0,1,3,1,66,5,1,2,00,2,0,1,201300029212B01,7,1,1
201300029238,2013-11-13,2013,novembre,mercredi,12:15,56,56107,47.71998,-3.39117,2,1,3,1,1,4,2,02,1,1,000,000,1,0,1,4,1,56,0,1,9,00,2,1,1,201300029238B01,7,1,1
201300029241,2013-11-17,2013,novembre,dimanche,11:25,56,56083,47.81064,-3.27362,2,1,3,1,1,9,-1,00,2,-1,000,000,1,0,1,4,1,37,0,1,9,00,2,1,0,201300029241B01,7,0,1
201300029243,2013-11-20,2013,novembre,mercredi,15:25,56,56121,47.76589,-3.40043,2,1,7,1,1,9,-1,00,-1,-1,000,000,-1,0,4,1,1,33,1,1,9,00,1,0,0,201300029243A01,,,
201300029261,2013-12-14,2013,décembre,samedi,19:50,56,56121,47.7588,-3.3655,2,1,3,5,1,9,-1,00,-1,-1,000,000,-1,0,1,4,1,50,0,1,9,01,0,1,1,201300029261B01,7,24,1
201300029266,2013-12-18,2013,décembre,mercredi,14:05,56,56121,47.75923,-3.36839,2,1,7,1,1,4,2,02,2,1,000,000,1,0,1,4,1,25,0,1,9,00,2,0,1,201300029266B01,7,20,1
201300029271,2013-12-24,2013,décembre,mardi,16:45,56,56121,47.77211,-3.40453,2,1,2,1,8,4,2,02,1,1,000,000,2,0,1,4,1,61,0,1,9,00,2,4,1,201300029271B01,7,17,1
201300029277,2013-12-29,2013,décembre,dimanche,13:25,56,56162,47.7228,-3.43459,2,9,3,1,1,9,1,00,1,1,000,000,1,0,1,4,2,55,0,1,9,00,2,0,1,201300029277B01,7,0,1
201300029306,2013-07-29,2013,juillet,lundi,17:57,56,56260,47.66674,-2.78478,2,6,3,1,1,4,1,01,1,2,000,000,1,0,1,3,1,41,0,1,2,00,2,4,19,201300029306B01,7,16,1
201300029310,2013-08-12,2013,août,lundi,17:15,56,56260,47.66202,-2.7939,2,6,6,1,1,4,1,01,3,1,000,000,1,0,0,3,2,42,5,1,2,00,2,4,1,201300029310B01,7,9,1
201300029312,2013-09-06,2013,septembre,vendredi,11:59,56,56260,47.66368,-2.7666,2,1,6,1,1,4,2,03,1,1,000,000,1,0,1,4,1,30,0,1,2,00,2,1,1,201300029312B01,7,15,1
201300029322,2013-09-30,2013,septembre,lundi,94:4,56,56260,47.67683,-2.77456,2,3,6,1,1,4,2,02,2,3,000,000,1,5,1,4,2,50,9,1,9,00,2,4,1,201300029322B01,7,9,1
201300029337,2013-03-12,2013,mars,mardi,16:50,56,56260,47.64885,-2.77418,2,1,6,1,1,4,2,02,1,1,000,000,1,0,1,4,2,10,5,1,2,00,2,1,0,201300029337B01,7,1,1
201300029387,2013-04-25,2013,avril,jeudi,17:30,57,57591,49.25527,6.10294,2,3,3,1,1,2,2,02,4,1,000,108,1,3,1,4,1,13,5,1,9,00,2,1,1,201300029387A01,7,15,1
201300029398,2013-10-01,2013,octobre,mardi,11:00,57,57591,49.25608,6.09701,2,1,3,1,1,4,-1,02,1,1,000,025,1,0,5,1,1,56,5,1,9,00,9,2,17,201300029398B01,1,0,1
201300029398,2013-10-01,2013,octobre,mardi,11:00,57,57591,49.25608,6.09701,2,1,3,1,1,4,-1,02,1,1,000,025,1,0,5,4,2,79,5,1,9,00,9,6,0,201300029398A01,1,17,1
201300029412,2013-02-18,2013,février,lundi,16:15,57,57463,49.12861,6.17421,2,1,2,1,1,4,2,03,-1,3,000,105,-1,0,1,4,1,64,5,1,2,00,2,1,2,201300029412A01,7,16,1
201300029414,2013-03-06,2013,mars,mercredi,17:25,57,57463,49.13563,6.14882,2,3,3,1,1,3,2,02,1,1,000,083,1,0,1,4,1,45,1,1,2,00,2,1,1,201300029414B01,7,15,1
201300029439,2013-06-28,2013,juin,vendredi,18:29,57,57463,49.12963,6.14537,2,1,3,1,1,3,2,02,1,1,000,000,1,0,1,3,1,15,5,1,9,00,2,1,1,201300029439A01,7,1,1
201300029449,2013-08-26,2013,août,lundi,15:50,57,57616,49.12592,6.18874,2,1,3,1,2,3,1,01,1,1,000,095,1,0,1,4,1,29,0,1,9,00,2,0,0,201300029449B01,7,1,1
201300029450,2013-09-03,2013,septembre,mardi,18:05,57,57463,49.11177,6.18841,2,2,3,1,1,3,2,03,1,1,000,120,1,0,1,4,2,16,0,1,4,00,2,1,9,201300029450B01,7,1,1
201300029458,2013-10-03,2013,octobre,jeudi,17:45,57,57480,49.09893,6.15399,2,1,3,1,1,4,1,01,1,1,000,043,1,0,1,4,1,4,5,1,9,00,2,0,19,201300029458B01,7,1,1
201300029485,2013-12-30,2013,décembre,lundi,22:40,57,57630,0,0,1,1,3,3,1,3,2,02,1,1,000,065,1,0,1,3,1,16,9,1,4,00,2,4,2,201300029485B01,7,1,1
201300029488,2013-06-08,2013,juin,samedi,95:0,57,57119,48.72806,7.0686,2,1,2,1,1,4,2,02,1,2,000,060,1,0,1,3,1,39,5,1,2,00,2,1,2,201300029488A01,7,23,1
201300029501,2013-12-09,2013,décembre,lundi,17:15,57,57630,48.73486,7.04254,2,6,6,5,1,4,1,01,1,2,015,080,1,0,1,3,1,64,5,1,4,00,2,1,1,201300029501B01,7,9,1
201300029509,2013-09-25,2013,septembre,mercredi,18:56,57,57631,0,0,1,1,2,2,1,3,2,02,2,1,000,037,1,0,3,3,1,45,5,1,4,00,0,9,2,201300029509B01,7,2,1
201300029516,2013-01-31,2013,janvier,jeudi,11:42,57,57672,49.35283,6.15926,2,1,6,1,1,4,2,02,1,1,000,074,1,0,5,4,1,39,5,1,9,00,2,1,0,201300029516B01,7,1,1
201300029523,2013-03-06,2013,mars,mercredi,16:40,57,57672,49.35367,6.14666,2,1,3,1,1,4,2,02,1,2,000,060,1,0,1,4,2,46,5,1,9,00,2,1,1,201300029523B01,7,15,1
201300029531,2013-04-14,2013,avril,dimanche,18:42,57,57221,49.32643,6.12627,2,2,3,1,1,3,2,02,1,1,000,104,1,0,1,3,1,16,0,1,9,00,2,1,9,201300029531A01,7,1,1
201300029538,2013-06-01,2013,juin,samedi,10:50,57,57672,49.35776,6.13671,2,1,3,1,1,4,3,04,1,1,036,103,1,0,1,3,1,18,5,1,9,00,2,1,19,201300029538B01,7,1,1
201300029547,2013-06-22,2013,juin,samedi,15:00,57,57672,49.35776,6.13671,2,1,3,1,1,3,3,02,4,2,000,082,1,0,1,4,2,39,5,1,9,00,2,8,1,201300029547B01,7,16,1
201300029548,2013-06-23,2013,juin,dimanche,11:15,57,57672,49.35792,6.16937,2,1,3,1,1,4,3,04,1,2,000,100,1,0,1,4,1,56,5,1,9,00,2,1,1,201300029548B01,7,1,1
201300029549,2013-06-25,2013,juin,mardi,14:10,57,57757,49.34603,6.20437,2,1,3,1,1,4,3,04,1,1,000,120,1,0,1,3,1,35,5,1,9,00,2,1,9,201300029549B01,7,1,1
201300029554,2013-08-13,2013,août,mardi,15:05,57,57306,0,0,1,1,3,1,1,3,-1,01,4,3,000,072,1,0,1,4,2,21,1,1,9,00,2,2,0,201300029554B01,7,9,1
201300029555,2013-08-20,2013,août,mardi,95:5,57,57672,49.35778,6.16698,2,1,3,1,1,4,1,01,1,-1,000,032,1,0,1,3,1,39,5,1,9,00,2,8,9,201300029555B01,7,16,1
201300029569,2013-10-17,2013,octobre,jeudi,72:0,57,57672,0,0,1,1,6,2,2,3,2,02,2,1,000,060,2,0,1,4,1,26,1,1,2,00,2,6,1,201300029569B01,,,
201300029595,2013-09-02,2013,septembre,lundi,12:45,57,57371,0,0,1,9,3,1,1,3,2,02,1,1,000,062,1,0,1,3,1,17,5,1,1,00,0,8,15,201300029595B02,33,17,1
201300029605,2013-11-03,2013,novembre,dimanche,16:10,58,58194,0,0,2,1,7,1,1,4,2,02,1,1,000,000,-1,0,1,4,2,31,0,1,9,00,0,0,0,201300029605A01,,,
201300029608,2013-12-17,2013,décembre,mardi,50:0,58,58194,0,0,2,1,7,5,1,4,1,02,1,2,000,080,-1,0,1,4,2,43,9,1,2,00,0,0,0,201300029608A01,,,
201300029609,2013-12-17,2013,décembre,mardi,10:35,58,58194,0,0,2,1,7,1,1,4,1,02,-1,2,000,080,1,0,1,4,1,18,2,1,2,00,0,8,0,201300029609A01,,,
201300029635,2013-05-01,2013,mai,mercredi,16:40,58,58194,0,0,2,2,3,1,1,4,2,02,1,1,000,000,1,0,1,4,1,41,5,1,2,00,2,1,1,201300029635B01,7,1,1
201300029641,2013-06-04,2013,juin,mardi,18:05,58,58194,0,0,2,3,3,1,1,4,2,02,1,1,000,000,1,5,0,4,1,28,0,1,9,00,2,1,0,201300029641B01,7,0,1
201300029661,2013-09-20,2013,septembre,vendredi,16:10,58,58194,0,0,2,1,1,1,1,4,2,02,1,1,120,060,1,0,1,4,1,16,5,1,9,00,2,1,0,201300029661A01,7,0,1
201300029666,2013-10-07,2013,octobre,lundi,14:55,58,58194,0,0,2,1,3,1,1,4,2,02,1,1,000,068,1,0,1,3,1,78,0,1,9,00,2,8,13,201300029666A01,7,17,1
201300029687,2013-12-13,2013,décembre,vendredi,17:40,58,58194,0,0,2,1,3,5,1,4,1,02,1,2,000,060,1,0,1,4,2,33,9,1,2,00,2,2,0,201300029687B01,7,0,1
201300029701,2013-01-16,2013,janvier,mercredi,14:45,59,59017,0,0,2,1,3,1,4,4,2,02,1,1,000,128,2,0,1,4,1,16,9,1,9,00,2,0,0,201300029701B01,7,0,1
201300029713,2013-04-16,2013,avril,mardi,15:30,59,59017,0,0,2,2,3,1,1,4,2,02,1,1,000,078,1,0,0,1,2,16,2,1,9,00,2,1,1,201300029713B01,2,16,1
201300029720,2013-06-09,2013,juin,dimanche,19:30,59,59431,0,0,1,1,3,1,1,4,2,02,2,1,000,073,1,2,1,4,1,20,5,1,9,00,2,8,13,201300029720B01,7,1,1
201300029731,2013-07-22,2013,juillet,lundi,11:35,59,59143,0,0,2,1,3,1,1,3,-1,01,1,1,000,050,1,0,1,3,1,64,5,1,2,00,2,3,2,201300029731B01,7,17,1
201300029736,2013-08-14,2013,août,mercredi,15:10,59,59017,0,0,2,3,3,1,1,4,-1,01,1,-1,000,870,1,0,1,4,1,11,9,1,9,00,2,1,0,201300029736B01,7,0,1
201300029737,2013-08-14,2013,août,mercredi,16:30,59,59017,0,0,2,2,3,1,1,4,2,02,1,-1,000,071,1,0,1,4,2,71,5,1,2,00,2,7,1,201300029737B01,7,9,1
201300029738,2013-08-19,2013,août,lundi,19:33,59,59143,0,0,2,2,3,1,1,3,2,02,1,1,000,097,1,5,1,3,1,15,5,1,9,00,2,1,1,201300029738A01,7,15,1
201300029741,2013-08-23,2013,août,vendredi,20:50,59,59431,0,0,2,1,2,1,1,3,2,02,1,1,000,082,1,0,1,3,1,19,5,1,2,00,0,4,2,201300029741A01,99,2,1
201300029749,2013-10-02,2013,octobre,mercredi,17:50,59,59143,0,0,2,1,3,1,1,2,2,02,1,-1,034,046,1,0,1,4,1,16,5,1,2,00,2,1,2,201300029749B01,7,20,1
201300029762,2013-12-21,2013,décembre,samedi,19:35,59,59017,0,0,2,1,6,5,1,9,-1,02,1,3,000,000,1,0,0,3,1,38,0,1,9,01,0,0,1,201300029762B01,,,
201300029776,2013-11-26,2013,novembre,mardi,16:25,59,59043,0,0,2,4,3,1,2,4,4,02,1,-1,000,000,2,5,1,3,1,17,1,1,9,00,2,7,2,201300029776B01,7,6,1
201300029802,2013-03-09,2013,mars,samedi,13:50,59,59253,0,0,2,3,3,1,1,4,2,02,1,1,000,061,1,0,1,4,1,18,5,1,9,00,0,0,0,201300029802B01,7,2,1
201300029809,2013-07-29,2013,juillet,lundi,14:50,59,59616,0,0,2,1,3,1,1,4,2,02,1,1,000,061,1,0,1,3,1,10,5,1,9,00,2,5,19,201300029809A01,30,1,1
201300029813,2013-12-02,2013,décembre,lundi,17:15,59,59616,0,0,2,1,1,5,8,4,2,02,1,1,000,067,2,0,1,1,1,17,5,1,9,00,2,1,2,201300029813B01,1,5,1
201300029813,2013-12-02,2013,décembre,lundi,17:15,59,59616,0,0,2,1,1,5,8,4,2,02,1,1,000,067,2,0,1,3,1,56,3,1,9,00,2,1,5,201300029813A01,1,2,1
201300029828,2013-06-03,2013,juin,lundi,18:30,59,59632,0,0,2,2,3,1,1,4,2,02,1,1,000,109,1,0,1,4,2,59,5,1,2,00,2,1,1,201300029828B01,7,1,1
201300029830,2013-06-24,2013,juin,lundi,18:00,59,59632,0,0,2,1,2,1,1,3,2,02,1,1,000,064,1,0,5,3,1,50,5,1,2,00,0,4,1,201300029830Y01,7,14,1
201300029878,2013-07-23,2013,juillet,mardi,84:5,59,59637,0,0,1,4,1,1,7,3,2,02,1,4,000,000,1,0,1,3,1,32,5,1,2,00,2,0,21,201300029878B01,10,15,1
201300029896,2013-06-19,2013,juin,mercredi,13:50,59,59028,0,0,2,1,2,1,3,3,2,02,1,1,000,079,2,0,1,3,1,11,5,1,4,00,0,4,9,201300029896B01,7,1,1
201300029900,2013-08-13,2013,août,mardi,17:30,59,59178,0,0,2,6,3,1,1,4,-1,00,1,1,020,065,1,5,5,3,1,33,0,1,9,00,2,0,5,201300029900A01,7,16,1
201300029901,2013-09-09,2013,septembre,lundi,19:05,59,59170,0,0,2,1,1,1,2,4,1,02,1,-1,000,000,2,0,1,3,1,62,5,1,9,00,2,1,5,201300029901A01,10,1,1
201300029906,2013-10-09,2013,octobre,mercredi,17:05,59,59234,0,0,2,1,3,1,1,4,2,02,1,1,000,063,1,0,1,3,1,5,5,1,4,00,2,1,19,201300029906A01,7,1,1
201300029909,2013-12-03,2013,décembre,mardi,17:30,59,59239,0,0,1,3,3,3,1,3,2,02,1,1,000,058,1,0,1,4,1,52,5,1,9,00,2,7,9,201300029909A01,7,1,1
201300029913,2013-12-02,2013,décembre,lundi,16:30,59,59239,0,0,2,1,6,1,1,4,2,02,1,3,000,070,1,0,1,3,2,12,5,1,4,00,2,8,1,201300029913B01,7,17,1
201300029946,2013-06-06,2013,juin,jeudi,15:30,59,59540,0,0,2,1,6,1,1,4,2,02,1,1,000,100,1,0,1,3,1,49,9,1,9,00,0,0,0,201300029946B01,7,0,1
201300029948,2013-06-13,2013,juin,jeudi,14:30,59,59540,0,0,2,3,6,1,1,4,2,02,1,1,000,080,1,0,1,3,1,67,5,1,9,00,0,0,0,201300029948B01,7,0,1
201300029958,2013-07-19,2013,juillet,vendredi,50:0,59,59183,0,0,2,1,6,2,1,4,2,02,1,1,000,100,1,0,1,4,1,29,0,1,9,00,2,0,0,201300029958B01,13,0,1
201300029965,2013-08-28,2013,août,mercredi,84:0,59,59183,0,0,2,3,3,1,1,4,1,01,1,1,000,120,1,0,1,3,2,51,1,1,9,00,2,8,15,201300029965B01,7,1,1
201300029974,2013-09-26,2013,septembre,jeudi,16:45,59,59155,0,0,2,1,6,1,1,4,2,02,1,1,000,100,1,0,1,4,1,14,0,1,9,00,0,0,0,201300029974B01,7,0,1
201300029986,2013-12-05,2013,décembre,jeudi,17:00,59,59183,0,0,2,1,6,2,1,4,2,02,1,1,000,100,1,0,1,4,2,14,2,1,9,00,0,0,0,201300029986B01,7,0,1
201300029992,2013-04-11,2013,avril,jeudi,14:00,59,59273,0,0,2,6,3,1,1,4,2,02,1,1,000,060,1,0,1,4,1,14,2,1,2,00,0,1,19,201300029992B01,7,1,1
201300029993,2013-05-31,2013,mai,vendredi,20:00,59,59273,0,0,2,1,3,1,1,9,-1,01,1,1,000,000,1,0,5,4,1,13,5,1,9,00,2,8,9,201300029993B01,2,0,1
201300029994,2013-06-02,2013,juin,dimanche,17:30,59,59359,0,0,1,1,3,1,1,9,2,02,1,1,000,068,1,0,1,3,1,23,5,1,2,00,2,4,2,201300029994A01,33,2,1
201300029997,2013-09-14,2013,septembre,samedi,16:10,59,59295,0,0,2,1,3,1,1,4,2,01,1,1,000,000,1,0,1,4,2,17,5,1,9,00,2,3,2,201300029997B01,7,1,1
201300030013,2013-01-06,2013,janvier,dimanche,18:15,59,59328,0,0,2,3,6,1,1,4,2,02,1,1,000,000,1,0,1,4,1,29,0,1,2,00,2,1,1,201300030013A01,99,0,1
201300030019,2013-01-08,2013,janvier,mardi,16:40,59,59350,0,0,2,2,3,1,1,4,2,02,1,1,000,000,1,0,1,4,1,36,5,1,2,00,2,8,1,201300030019B01,7,15,1
201300030021,2013-01-10,2013,janvier,jeudi,17:25,59,59350,0,0,2,1,6,5,1,4,2,02,1,1,000,000,1,0,1,3,1,62,0,1,2,00,2,1,19,201300030021A01,37,1,1
201300030031,2013-01-24,2013,janvier,jeudi,14:50,59,59410,0,0,2,1,6,1,1,4,2,02,1,1,000,000,1,0,1,4,1,14,0,1,9,00,2,4,1,201300030031B01,7,1,1
201300030070,2013-02-27,2013,février,mercredi,10:,59,59350,0,0,2,3,3,5,1,4,2,02,1,1,000,000,1,0,1,4,1,23,0,1,9,00,2,1,9,201300030070B01,7,1,1
201300030083,2013-03-16,2013,mars,samedi,11:35,59,59350,0,0,2,1,3,1,1,4,3,02,1,1,000,000,1,0,5,4,1,14,0,1,4,00,2,1,1,201300030083B01,7,10,1
201300030086,2013-03-21,2013,mars,jeudi,91:5,59,59350,0,0,2,1,6,1,1,4,2,02,1,1,000,000,1,0,5,4,1,22,1,1,9,00,2,1,1,201300030086B01,7,22,1
201300030101,2013-04-01,2013,avril,lundi,20:25,59,59360,0,0,2,1,3,2,1,4,2,02,1,1,000,000,1,0,1,4,2,30,0,1,9,00,2,8,15,201300030101B01,34,17,1
201300030112,2013-04-11,2013,avril,jeudi,12:30,59,59378,0,0,2,1,3,1,1,4,2,02,1,1,000,000,1,0,1,4,1,12,0,1,9,00,2,1,1,201300030112B01,7,24,1
201300030115,2013-04-14,2013,avril,dimanche,17:40,59,59350,0,0,2,2,3,1,1,3,2,02,1,1,000,000,1,0,1,4,2,46,5,1,9,00,2,0,1,201300030115A01,7,1,1
201300030138,2013-05-01,2013,mai,mercredi,12:00,59,59350,0,0,2,1,2,1,1,4,2,03,1,2,000,000,1,0,1,4,1,40,5,1,2,00,2,4,1,201300030138B01,7,1,1
201300030149,2013-05-06,2013,mai,lundi,12:10,59,59368,0,0,2,2,6,1,1,4,2,02,1,1,000,000,1,0,1,4,2,30,0,1,4,00,2,1,1,201300030149B01,7,15,1
201300030151,2013-05-06,2013,mai,lundi,18:10,59,59350,0,0,2,2,3,1,1,4,1,01,1,1,000,000,1,0,1,4,1,14,2,1,9,00,2,1,9,201300030151A01,7,9,1
201300030159,2013-05-07,2013,mai,mardi,18:45,59,59360,0,0,2,3,6,1,1,4,2,02,1,1,000,000,1,0,1,4,1,26,5,1,4,00,0,0,1,201300030159B01,7,16,1
201300030165,2013-05-18,2013,mai,samedi,11:25,59,59527,0,0,2,1,2,1,1,4,2,02,1,1,000,000,1,0,1,4,1,58,0,1,9,00,2,1,1,201300030165A01,7,1,1
201300030173,2013-05-27,2013,mai,lundi,11:20,59,59350,0,0,2,2,6,1,1,4,2,02,1,1,000,000,1,0,1,4,2,24,0,1,4,00,2,0,1,201300030173B01,7,1,1
201300030187,2013-06-03,2013,juin,lundi,17:55,59,59507,0,0,2,3,3,1,1,3,2,02,1,1,000,000,1,0,1,3,2,7,5,1,2,00,2,1,16,201300030187B01,15,1,1
201300030192,2013-06-06,2013,juin,jeudi,74:0,59,59009,0,0,2,1,3,1,1,4,2,02,1,1,000,000,1,0,1,4,1,38,0,1,9,00,2,1,1,201300030192B01,7,16,1
201300030200,2013-06-09,2013,juin,dimanche,95:0,59,59368,0,0,2,1,3,1,1,4,2,02,1,1,000,000,1,0,1,4,1,43,0,1,9,00,2,7,1,201300030200B01,7,20,1
201300030207,2013-06-14,2013,juin,vendredi,18:25,59,59350,0,0,2,3,6,1,1,4,-1,01,-1,-1,000,000,-1,0,0,1,2,31,0,1,9,00,1,1,1,201300030207A01,,,