Num_Acc,date,an,mois,jour,hrmn,dep,com,lat,long,agg,int,col,lum,atm,catr,circ,nbv,prof,plan,lartpc,larrout,surf,infra,situ,grav,sexe,age,trajet,secuexist,equipement,obs,obsm,choc,manv,vehiculeid,typevehicules,manoeuvehicules,numVehicules
201300030207,2013-06-14,2013,juin,vendredi,18:25,59,59350,0,0,2,3,6,1,1,4,-1,01,-1,-1,000,000,-1,0,0,4,2,74,0,1,9,00,1,1,1,201300030207A01,,,
201300030218,2013-06-25,2013,juin,mardi,12:15,59,59566,0,0,2,6,7,1,1,4,2,02,1,2,000,000,1,0,0,4,1,75,0,1,9,00,0,0,1,201300030218B01,37,9,1
201300030227,2013-07-05,2013,juillet,vendredi,16:55,59,59350,0,0,2,1,6,1,1,4,2,03,1,1,000,000,1,0,5,4,1,24,0,1,4,00,2,1,1,201300030227B01,7,16,1
201300030228,2013-07-06,2013,juillet,samedi,20:0,59,59009,50.6528,3.12868,2,1,2,4,1,3,2,03,1,1,000,130,1,0,1,2,1,32,1,1,2,00,2,4,1,201300030228A01,99,1,1
201300030240,2013-07-14,2013,juillet,dimanche,23:00,59,59350,0,0,2,1,6,5,1,4,1,,1,1,000,000,1,0,1,4,1,33,5,1,9,00,2,1,18,201300030240B01,7,22,1
201300030254,2013-07-23,2013,juillet,mardi,21:15,59,59350,0,0,2,6,2,1,1,4,2,02,1,1,000,000,1,0,0,4,1,13,5,1,9,00,2,4,1,201300030254A01,7,1,1
201300030267,2013-08-07,2013,août,mercredi,17:00,59,59350,0,0,2,1,3,1,1,4,2,02,1,1,000,000,1,0,1,4,1,30,5,1,9,00,2,8,13,201300030267A01,33,1,1
201300030278,2013-08-09,2013,août,vendredi,19:30,59,59360,0,0,2,2,6,1,1,3,2,03,1,3,000,000,1,0,1,3,2,22,0,1,2,00,2,1,15,201300030278B01,7,15,1
201300030283,2013-08-20,2013,août,mardi,16:55,59,59648,0,0,2,1,5,1,1,4,2,05,1,1,000,000,1,0,1,4,1,14,5,1,9,00,2,1,19,201300030283B01,7,9,1
201300030283,2013-08-20,2013,août,mardi,16:55,59,59648,0,0,2,1,5,1,1,4,2,05,1,1,000,000,1,0,1,1,1,13,5,1,9,00,2,7,0,201300030283C01,7,9,1
201300030284,2013-08-23,2013,août,vendredi,16:30,59,59378,0,0,2,1,6,1,1,4,2,02,1,1,000,000,1,0,1,4,2,12,0,1,4,00,2,1,1,201300030284B01,7,1,1
201300030295,2013-09-04,2013,septembre,mercredi,11:40,59,59410,0,0,2,3,3,1,1,4,1,02,1,1,000,000,1,0,0,4,1,15,0,1,2,00,2,2,9,201300030295A01,10,1,1
201300030297,2013-09-05,2013,septembre,jeudi,84:0,59,59350,0,0,2,1,6,1,1,4,2,02,1,1,000,000,1,0,1,4,1,14,2,1,9,01,0,1,1,201300030297B01,7,1/24,2
201300030309,2013-09-04,2013,septembre,mercredi,84:5,59,59470,0,0,2,1,2,1,1,4,1,02,1,1,000,000,1,0,1,4,1,62,5,1,9,00,2,1,1,201300030309B01,10,9,1
201300030326,2013-09-26,2013,septembre,jeudi,90:0,59,59350,0,0,2,1,1,1,1,3,2,04,1,1,000,000,1,0,1,4,1,28,1,1,2,00,2,1,19,201300030326B01,7,1,1
201300030329,2013-09-26,2013,septembre,jeudi,18:20,59,59286,0,0,2,6,3,1,1,4,2,02,1,1,000,000,1,0,1,4,1,81,0,1,9,00,2,2,9,201300030329B01,7,9,1
201300030332,2013-09-30,2013,septembre,lundi,42:5,59,59350,0,0,2,1,3,5,1,4,2,04,1,2,000,000,1,6,1,4,1,42,0,1,9,00,2,0,1,201300030332B01,3,1,1
201300030334,2013-10-01,2013,octobre,mardi,22:00,59,59350,0,0,2,1,3,5,1,4,2,02,1,1,000,000,1,0,5,4,2,20,2,1,9,01,0,1,1,201300030334B01,7,22,1
201300030336,2013-10-02,2013,octobre,mercredi,18:10,59,59350,0,0,2,1,1,1,1,4,2,02,1,1,000,000,1,0,1,4,1,12,5,1,9,00,2,7,1,201300030336A01,10,1,1
201300030340,2013-10-06,2013,octobre,dimanche,51:0,59,59350,0,0,2,2,3,5,1,4,-1,02,-1,-1,000,000,-1,0,0,3,1,21,0,1,2,00,2,7,1,201300030340A01,7,1,1
201300030353,2013-10-14,2013,octobre,lundi,13:30,59,59328,0,0,2,1,3,1,3,4,2,02,2,1,000,320,2,0,1,4,1,18,0,1,4,00,2,1,11,201300030353A01,7,23,1
201300030356,2013-10-16,2013,octobre,mercredi,80:0,59,59527,0,0,2,1,2,1,2,4,2,01,1,1,000,000,2,0,1,4,1,38,0,1,9,00,2,7,0,201300030356B01,7,0,1
201300030357,2013-10-16,2013,octobre,mercredi,16:15,59,59350,0,0,2,3,2,1,2,4,-1,01,-1,-1,000,000,-1,0,0,4,1,22,2,1,2,00,2,0,1,201300030357B01,7,1,1
201300030359,2013-10-08,2013,octobre,mardi,84:5,59,59378,0,0,2,2,3,1,1,4,2,02,1,1,000,000,1,0,1,4,1,12,2,1,9,00,2,0,1,201300030359A01,7,1,1
201300030399,2013-11-16,2013,novembre,samedi,20:15,59,59378,0,0,2,1,6,5,1,4,3,01,1,-1,000,000,1,0,0,4,1,40,5,1,9,00,2,3,1,201300030399B01,7,15,1
201300030403,2013-11-21,2013,novembre,jeudi,18:30,59,59527,0,0,2,1,3,5,9,4,2,02,1,1,000,000,1,0,1,4,2,26,9,1,9,00,2,8,1,201300030403B01,7,0,1
201300030409,2013-11-28,2013,novembre,jeudi,80:0,59,59328,0,0,2,9,3,2,2,4,3,02,1,1,000,000,-1,0,1,4,1,18,2,1,9,00,2,1,1,201300030409B01,7,15,1
201300030410,2013-10-23,2013,octobre,mercredi,91:5,59,59636,0,0,2,1,3,1,7,4,1,02,2,3,000,000,1,0,1,4,1,62,0,1,9,00,2,8,0,201300030410B01,7,0,1
201300030440,2013-12-11,2013,décembre,mercredi,14:00,59,59009,0,0,2,9,3,1,1,4,2,02,1,1,000,000,1,0,1,4,2,16,0,1,4,00,2,7,0,201300030440B01,7,0,1
201300030473,2013-02-25,2013,février,lundi,15:15,59,59512,0,0,2,1,3,1,1,4,3,06,1,1,000,000,1,0,1,3,1,32,0,1,9,00,2,8,11,201300030473A01,7,1,1
201300030494,2013-04-06,2013,avril,samedi,18:50,59,59367,0,0,2,1,3,1,1,4,-1,00,2,1,000,000,1,0,4,3,1,14,5,1,2,00,2,3,0,201300030494B01,10,0,1
201300030504,2013-04-21,2013,avril,dimanche,16:35,59,59512,0,0,2,1,1,1,1,4,1,01,-1,-1,000,000,1,0,1,4,1,14,5,1,2,16,0,0,0,201300030504B01,7,0,1
201300030512,2013-04-30,2013,avril,mardi,75:5,59,59598,0,0,2,1,3,1,1,4,2,02,2,1,000,000,1,0,5,3,1,16,2,1,9,00,2,1,1,201300030512B01,14,10,1
201300030515,2013-04-26,2013,avril,vendredi,10:55,59,59512,0,0,2,1,3,1,1,4,2,02,1,-1,000,000,1,5,1,3,1,58,5,1,2,00,2,1,1,201300030515B01,7,15,1
201300030520,2013-05-07,2013,mai,mardi,17:45,59,59650,0,0,2,1,3,1,1,4,1,02,-1,-1,000,060,1,0,1,3,1,24,0,1,9,00,2,3,1,201300030520B01,7,16,1
201300030525,2013-05-14,2013,mai,mardi,17:40,59,59299,0,0,2,1,1,1,1,3,2,01,1,1,000,000,1,0,0,3,1,13,2,1,9,00,0,0,15,201300030525A01,7,1,1
201300030532,2013-06-13,2013,juin,jeudi,11:05,59,59512,0,0,2,1,3,1,1,4,3,04,1,1,000,000,1,0,1,3,1,22,0,1,9,00,0,2,15,201300030532B01,7,1,1
201300030541,2013-07-02,2013,juillet,mardi,17:40,59,59339,0,0,2,1,6,1,1,4,2,02,1,1,000,000,1,0,1,3,1,11,0,1,9,00,2,1,15,201300030541B01,7,2,1
201300030546,2013-07-07,2013,juillet,dimanche,1:,59,59512,0,0,2,1,3,5,1,4,2,02,1,-1,000,000,-1,0,1,3,1,22,5,1,9,00,2,0,14,201300030546A01,7,1,1
201300030551,2013-07-15,2013,juillet,lundi,16:30,59,59512,0,0,2,2,1,1,1,4,2,03,1,1,000,000,1,5,1,4,2,62,0,1,9,00,2,1,1,201300030551A01,7,1,1
201300030573,2013-08-19,2013,août,lundi,12:00,59,59512,0,0,2,3,1,1,1,4,2,02,1,1,000,000,1,5,1,3,1,74,5,1,9,00,2,7,1,201300030573B01,10,16,1
201300030575,2013-08-23,2013,août,vendredi,17:00,59,59646,0,0,2,2,2,1,1,4,1,00,1,1,000,000,1,0,1,3,1,33,0,1,2,00,0,4,1,201300030575B01,7,16,1
201300030589,2013-09-16,2013,septembre,lundi,83:0,59,59299,0,0,2,1,3,1,1,3,2,02,1,1,030,030,1,0,1,4,1,13,2,1,9,00,2,8,9,201300030589B01,7,1,1
201300030593,2013-09-23,2013,septembre,lundi,23:45,59,59512,0,0,2,1,1,5,1,4,2,01,1,1,000,080,1,0,1,3,1,39,0,1,9,00,0,1,1,201300030593A01,13,23,1
201300030595,2013-09-25,2013,septembre,mercredi,17:30,59,59339,0,0,2,3,3,1,1,4,2,02,1,-1,000,000,1,0,1,4,1,17,0,1,9,00,2,0,2,201300030595B01,99,0,1
201300030600,2013-09-29,2013,septembre,dimanche,11:10,59,59512,0,0,2,1,3,1,1,4,2,01,1,1,000,000,1,0,1,3,1,71,5,1,9,00,2,1,13,201300030600B01,7,10,1
201300030604,2013-10-07,2013,octobre,lundi,17:35,59,59512,0,0,2,1,3,1,1,4,1,01,2,3,000,000,1,0,1,4,1,13,5,1,9,00,0,1,0,201300030604A01,7,9,1
201300030640,2013-11-23,2013,novembre,samedi,10:45,59,59512,0,0,2,1,3,1,1,4,-1,02,1,1,000,100,1,0,1,4,2,38,5,1,9,00,2,2,9,201300030640B01,7,9,1
201300030646,2013-12-02,2013,décembre,lundi,15:55,59,59512,0,0,2,2,3,1,1,4,2,00,2,1,000,000,1,6,1,3,2,15,3,1,2,00,2,7,11,201300030646A01,7,2,1
201300030668,2013-12-02,2013,décembre,lundi,15:35,59,59512,0,0,2,3,2,1,1,4,2,02,1,1,000,000,1,0,0,3,1,58,0,1,9,00,0,4,0,201300030668B01,7,16,1
201300030679,2013-01-10,2013,janvier,jeudi,10:45,59,59421,0,0,2,6,6,1,1,4,1,02,-1,2,000,000,1,0,1,3,2,85,0,1,9,00,2,0,0,201300030679B01,99,16,1
201300030683,2013-01-22,2013,janvier,mardi,15:00,59,59599,0,0,2,1,3,1,4,4,2,02,2,1,000,000,2,0,1,4,1,24,0,1,9,00,2,0,0,201300030683B01,7,0,1
201300030731,2013-05-15,2013,mai,mercredi,20:10,59,59508,0,0,1,6,5,1,7,3,-1,02,1,-1,000,130,1,0,1,4,1,43,5,1,2,00,2,7,9,201300030731B01,7,9,1
201300030731,2013-05-15,2013,mai,mercredi,20:10,59,59508,0,0,1,6,5,1,7,3,-1,02,1,-1,000,130,1,0,1,4,1,48,5,1,9,00,2,7,9,201300030731C01,7,9,1
201300030741,2013-06-09,2013,juin,dimanche,17:40,59,59599,0,0,2,1,6,1,1,3,1,01,1,1,000,035,1,0,1,4,1,29,5,1,9,01,0,1,21,201300030741B01,7,22,1
201300030757,2013-07-19,2013,juillet,vendredi,17:45,59,59599,0,0,2,2,1,1,7,4,2,02,1,1,000,064,1,0,1,4,2,43,0,1,9,00,2,1,0,201300030757B01,7,15,1
201300030758,2013-07-23,2013,juillet,mardi,90:0,59,59599,0,0,2,1,2,1,1,4,3,04,1,3,000,000,1,0,1,4,1,55,5,1,9,00,0,4,2,201300030758B01,10,2,1
201300030780,2013-09-01,2013,septembre,dimanche,10:45,59,59152,0,0,2,9,3,1,1,9,-1,01,-1,-1,000,000,1,0,0,2,1,66,0,1,9,00,2,3,2,201300030780B01,7,2,1
201300030798,2013-10-01,2013,octobre,mardi,11:15,59,59152,0,0,2,2,3,1,1,4,1,01,1,1,000,060,1,0,1,4,2,81,5,1,9,00,2,2,1,201300030798B01,7,1,1
201300030799,2013-10-02,2013,octobre,mercredi,10:40,59,59599,0,0,2,3,3,1,1,9,2,01,1,1,000,080,1,0,0,4,2,69,3,1,9,00,2,8,1,201300030799B01,7,12,1
201300030819,2013-11-08,2013,novembre,vendredi,93:0,59,59599,0,0,2,2,3,1,8,4,1,02,1,1,000,000,1,5,1,3,1,34,0,1,9,00,2,1,0,201300030819B01,7,0,1
201300030850,2013-12-21,2013,décembre,samedi,93:5,59,59606,0,0,2,1,6,1,1,4,2,02,1,1,000,000,1,4,1,3,1,21,4,1,9,00,2,0,0,201300030850B01,7,0,1
201300030879,2013-06-07,2013,juin,vendredi,17:40,59,59383,0,0,2,1,6,1,1,4,2,02,1,1,000,000,1,4,1,3,1,16,5,1,9,00,4,1,13,201300030879A01,40,1,1
201300030890,2013-07-10,2013,juillet,mercredi,81:0,59,59459,0,0,2,4,3,1,1,4,2,02,1,2,000,000,1,0,1,3,1,24,0,1,2,00,2,1,0,201300030890A01,7,1,1
201300030899,2013-07-20,2013,juillet,samedi,84:5,59,59606,0,0,2,6,3,1,1,4,1,01,1,2,000,066,1,0,1,3,1,67,0,1,2,00,2,0,15,201300030899B01,7,1,1
201300030904,2013-08-12,2013,août,lundi,82:5,59,59606,0,0,2,3,6,1,1,4,2,02,1,1,000,000,1,0,1,3,1,27,1,1,2,00,2,0,0,201300030904A01,7,1,1
201300030910,2013-08-21,2013,août,mercredi,17:10,59,59369,0,0,1,1,6,1,1,3,2,02,1,1,000,000,1,0,1,3,1,67,0,1,9,00,2,1,11,201300030910B01,7,1,1
201300030950,2013-09-19,2013,septembre,jeudi,16:30,60,60057,0,0,2,1,6,1,1,4,2,02,2,1,000,058,1,0,1,4,1,15,2,1,2,00,1,1,1,201300030950A01,,,
201300030980,2013-10-31,2013,octobre,jeudi,19:50,60,60159,0,0,2,1,7,5,1,4,2,02,1,1,000,000,1,0,1,3,1,36,0,1,4,00,0,0,0,201300030980A01,,,
201300030983,2013-12-09,2013,décembre,lundi,74:0,60,60159,0,0,2,6,3,5,1,4,4,02,1,1,000,000,1,5,1,3,1,35,1,1,4,00,2,1,0,201300030983B01,7,9,1
201300030984,2013-12-09,2013,décembre,lundi,75:0,60,60159,0,0,2,3,3,5,1,4,2,02,1,1,000,000,1,0,1,3,1,49,1,1,4,00,2,1,9,201300030984A01,7,1,1
201300030994,2013-04-18,2013,avril,jeudi,10:40,60,60175,0,0,2,1,3,1,1,4,2,03,2,1,000,098,1,0,1,3,2,77,5,1,2,00,2,1,2,201300030994B01,7,13,1
201300031081,2013-06-03,2013,juin,lundi,17:15,62,62041,0,0,2,2,3,1,1,3,3,02,1,1,100,070,1,5,1,4,1,7,5,1,9,00,2,8,19,201300031081B01,7,1,1
201300031082,2013-05-29,2013,mai,mercredi,17:55,62,62041,0,0,2,1,7,1,2,9,1,02,1,-1,000,075,2,0,1,4,2,57,0,1,9,00,2,7,1,201300031082B01,7,1,1
201300031090,2013-08-24,2013,août,samedi,15:,62,62041,0,0,2,1,6,5,1,4,1,01,2,-1,000,070,1,0,1,3,1,33,5,1,9,01,0,6,14,201300031090A01,,,
201300031098,2013-09-05,2013,septembre,jeudi,74:5,62,62041,50.28737,0,2,3,3,1,1,3,1,02,1,1,000,000,1,0,1,3,1,51,0,1,9,00,0,7,19,201300031098B01,7,16,1
201300031113,2013-03-08,2013,mars,vendredi,19:00,62,62516,0,0,1,6,3,5,2,3,2,02,2,1,050,147,2,5,1,4,1,38,5,1,9,00,2,5,16,201300031113B01,7,9,1
201300031119,2013-06-19,2013,juin,mercredi,81:0,62,62516,0,0,1,1,3,1,1,2,2,02,1,-1,000,080,1,0,1,4,1,66,5,1,9,00,2,0,0,201300031119B01,7,2,1
201300031126,2013-12-16,2013,décembre,lundi,14:20,62,62516,50.54633,2.47135,2,1,2,1,1,4,2,02,3,1,000,062,1,2,1,2,2,59,5,1,9,00,0,8,13,201300031126B01,7,1,1
201300031127,2013-12-15,2013,décembre,dimanche,11:40,62,62188,0,0,2,1,2,1,1,4,2,02,1,1,000,000,1,0,1,4,1,66,5,1,4,00,0,4,2,201300031127B01,7,2,1
201300031134,2013-04-02,2013,avril,mardi,13:00,62,62065,50.40631,2.82089,2,3,3,1,1,4,2,02,1,1,000,051,1,0,1,3,1,6,5,1,4,00,2,1,1,201300031134A01,7,0,1
201300031141,2013-06-23,2013,juin,dimanche,16:25,62,62065,0,0,2,1,3,1,1,4,2,01,1,1,020,095,-1,0,1,4,1,15,5,1,9,00,2,1,9,201300031141A01,7,1,1
201300031141,2013-06-23,2013,juin,dimanche,16:25,62,62065,0,0,2,1,3,1,1,4,2,01,1,1,020,095,-1,0,1,4,1,15,5,1,9,00,2,1,9,201300031141A01,7,1,1
201300031142,2013-07-09,2013,juillet,mardi,14:00,62,62065,0,0,2,1,2,1,1,4,2,02,2,1,000,075,1,0,1,4,1,18,5,1,9,00,2,8,15,201300031142B01,7,17,1
201300031143,2013-07-04,2013,juillet,jeudi,17:20,62,62277,0,0,2,6,3,1,1,3,1,02,-1,1,000,098,1,5,1,4,1,42,5,1,2,00,2,7,1,201300031143B01,10,9,1
201300031156,2013-12-09,2013,décembre,lundi,12:50,62,62724,0,0,2,2,3,1,1,3,2,00,1,1,000,113,1,5,1,4,1,11,2,1,9,00,2,1,15,201300031156A01,7,1,1
201300031163,2013-06-17,2013,juin,lundi,80:0,62,62108,50.41258,1.56784,2,3,3,2,2,4,2,02,1,1,000,087,2,0,1,3,1,20,1,1,9,00,2,6,15,201300031163B01,7,1,1
201300031173,2013-04-19,2013,avril,vendredi,18:25,62,62119,50.53925,2.62787,2,6,3,1,1,4,2,02,1,1,000,060,1,0,1,3,1,9,5,1,4,00,2,1,1,201300031173A01,7,2,1
201300031186,2013-08-14,2013,août,mercredi,15:10,62,62035,0,0,2,1,3,1,1,4,2,01,1,1,000,050,1,0,1,3,2,17,5,1,2,00,0,8,2,201300031186B01,7,2,1
201300031230,2013-10-13,2013,octobre,dimanche,19:15,62,62667,0,0,2,9,3,1,1,4,-1,01,1,2,000,000,1,0,1,4,1,8,5,1,9,00,2,1,19,201300031230B01,7,2,1
201300031240,2013-04-17,2013,avril,mercredi,17:25,62,62400,0,0,2,3,3,1,1,3,2,02,1,1,000,000,1,5,1,4,2,12,5,1,9,00,2,3,0,201300031240B01,7,0,1
201300031258,2013-03-29,2013,mars,vendredi,20:40,62,62193,50.93982,1.85881,2,1,2,5,1,4,2,02,1,1,000,054,1,0,1,2,2,58,5,1,4,00,2,4,1,201300031258B01,7,14,1
201300031270,2013-07-10,2013,juillet,mercredi,19:10,62,62193,0,0,2,1,6,1,1,4,2,02,1,1,000,000,1,0,1,3,1,20,5,1,2,01,0,1,1,201300031270B01,7,22,1
201300031298,2013-05-07,2013,mai,mardi,18:10,62,62215,0,0,2,1,3,1,1,4,2,02,1,1,000,095,1,0,1,4,1,59,5,1,2,00,2,1,1,201300031298B01,7,15,1
201300031310,2013-08-01,2013,août,jeudi,81:0,62,62250,0,0,2,2,3,1,1,4,2,02,1,1,000,057,1,0,1,4,1,35,1,1,9,00,2,1,1,201300031310A01,7,15,1
201300031317,2013-11-15,2013,novembre,vendredi,14:00,62,62215,0,0,1,1,3,1,1,3,2,02,1,1,024,079,1,5,1,4,1,31,1,1,9,00,2,8,19,201300031317B01,7,2,1
201300031318,2013-11-15,2013,novembre,vendredi,16:15,62,62250,0,0,2,1,3,1,1,4,2,02,1,1,000,059,1,0,1,3,1,12,5,1,9,00,2,4,19,201300031318B01,7,2,1
201300031330,2013-06-26,2013,juin,mercredi,17:40,62,62427,0,0,2,6,6,1,1,4,2,02,1,3,000,047,1,5,1,3,1,25,5,1,9,00,2,0,16,201300031330B01,37,16,1
201300031333,2013-08-13,2013,août,mardi,21:55,62,62624,0,0,2,1,2,3,1,2,2,02,1,1,040,040,1,0,5,3,1,31,5,1,9,00,2,4,1,201300031333B01,7,1,1
201300031336,2013-08-09,2013,août,vendredi,82:5,62,62274,50.43682,2.97835,1,3,3,1,1,3,2,02,1,1,000,000,1,0,1,3,1,21,1,1,4,00,2,8,19,201300031336A01,7,1,1
201300031360,2013-04-18,2013,avril,jeudi,93:0,62,62498,50.44261,2.80252,2,2,3,1,1,4,2,02,1,1,000,100,1,0,1,3,2,77,5,1,9,00,2,8,19,201300031360B01,7,1,1
201300031365,2013-06-17,2013,juin,lundi,16:40,62,62842,50.46026,2.84982,2,1,2,1,1,4,2,02,1,1,000,070,1,0,1,3,2,23,9,1,9,00,2,4,2,201300031365B01,7,2,1
201300031365,2013-06-17,2013,juin,lundi,16:40,62,62842,50.46026,2.84982,2,1,2,1,1,4,2,02,1,1,000,070,1,0,1,2,1,3,9,1,3,00,2,4,2,201300031365B01,7,2,1
201300031377,2013-09-03,2013,septembre,mardi,15:50,62,62498,0,0,2,1,3,1,1,4,2,02,1,1,015,050,1,0,1,3,2,40,5,1,2,00,2,7,19,201300031377B01,7,1,1
201300031385,2013-10-20,2013,octobre,dimanche,16:00,62,62842,0,0,2,1,2,1,1,4,2,02,1,1,000,000,1,0,1,3,2,54,5,1,9,00,0,4,1,201300031385B01,7,2,1
201300031402,2013-02-10,2013,février,dimanche,18:40,62,62510,0,0,2,1,6,5,4,4,2,02,1,1,000,025,5,0,0,3,1,31,1,1,4,01,0,0,1,201300031402A01,,,
201300031416,2013-07-02,2013,juillet,mardi,16:15,62,62510,0,0,2,1,6,1,1,4,2,02,-1,-1,000,040,1,0,1,3,1,12,5,1,9,01,0,0,1,201300031416A01,,,
201300031437,2013-12-09,2013,décembre,lundi,15:10,62,62528,0,0,2,1,1,1,1,4,2,02,1,1,000,000,1,0,1,3,2,74,5,1,9,00,2,1,5,201300031437A01,7,1,1
201300031442,2013-01-26,2013,janvier,samedi,55:0,62,62194,50.49414,2.49824,2,1,7,3,8,4,2,01,2,1,000,040,1,0,1,4,1,50,1,1,4,00,2,0,0,201300031442A01,7,0,1
201300031447,2013-04-30,2013,avril,mardi,16:40,62,62489,0,0,2,2,3,1,1,3,2,02,1,1,000,090,1,0,1,4,1,17,1,1,9,00,0,3,23,201300031447B01,7,21,1
201300031451,2013-11-04,2013,novembre,lundi,17:00,62,62224,0,0,2,3,3,1,2,4,2,02,1,1,000,062,2,5,1,3,2,71,5,1,4,00,2,8,15,201300031451B01,7,15,1
201300031462,2013-04-24,2013,avril,mercredi,17:45,62,62617,0,0,2,1,3,1,1,3,2,02,-1,-1,000,000,-1,0,0,3,2,18,0,1,9,00,2,0,1,201300031462B01,7,1,1
201300031468,2013-11-13,2013,novembre,mercredi,15:30,62,62540,0,0,1,1,2,1,7,3,2,02,3,1,000,000,1,0,1,3,1,64,5,1,2,00,2,6,2,201300031468B01,99,0,1
201300031477,2013-10-20,2013,octobre,dimanche,13:10,62,62139,0,0,2,1,1,1,1,4,2,02,2,3,000,060,2,0,1,3,1,13,5,1,9,00,2,1,13,201300031477B01,7,0,1
201300031478,2013-10-21,2013,octobre,lundi,17:20,62,62757,50.75648,2.23851,2,2,2,1,1,4,2,02,1,1,000,000,1,0,1,3,1,21,0,1,9,01,2,8,1,201300031478B01,7,1,1
201300031489,2013-08-15,2013,août,jeudi,11:05,62,62826,0,0,2,9,3,1,1,4,1,01,1,1,000,042,1,6,1,4,1,10,5,1,9,00,2,1,19,201300031489B01,7,2,1
201300031493,2013-11-19,2013,novembre,mardi,14:35,62,62826,0,0,2,3,2,1,1,4,1,01,1,1,000,077,1,0,1,4,2,17,2,1,9,00,2,4,5,201300031493A01,7,0,1
201300031502,2013-01-10,2013,janvier,jeudi,80:0,63,63113,45.77937,3.0942,2,3,3,2,1,4,2,02,1,1,000,000,1,0,1,4,1,13,0,1,9,00,2,1,1,201300031502B01,7,1,1
201300031508,2013-01-14,2013,janvier,lundi,18:38,63,63113,45.78919,3.08047,2,1,3,5,1,3,1,00,1,2,000,000,1,0,1,4,1,22,0,1,2,00,2,2,1,201300031508B01,7,9,1
201300031518,2013-01-22,2013,janvier,mardi,19:04,63,63113,0,0,2,1,3,5,1,4,2,00,2,1,000,000,1,0,1,4,2,22,0,1,9,00,2,1,1,201300031518B01,7,0,1
201300031519,2013-01-23,2013,janvier,mercredi,72:0,63,63032,0,0,2,1,6,5,1,4,2,01,1,1,000,000,1,0,1,4,1,34,9,1,2,00,0,0,0,201300031519B01,7,0,1
201300031538,2013-02-04,2013,février,lundi,17:27,63,63113,0,0,2,1,3,1,1,4,2,00,1,1,000,000,1,0,1,4,1,12,0,1,9,00,2,1,1,201300031538B01,7,15,1
201300031583,2013-03-21,2013,mars,jeudi,17:33,63,63113,45.776,3.09009,2,1,6,1,1,4,2,04,1,1,000,000,1,0,5,4,1,30,0,1,4,00,2,1,1,201300031583B01,7,0,1
201300031597,2013-04-08,2013,avril,lundi,18:20,63,63014,45.75044,3.10653,2,6,3,1,1,3,2,00,1,2,000,000,1,0,1,4,1,31,0,1,9,00,2,1,1,201300031597B01,7,9,1
201300031611,2013-04-17,2013,avril,mercredi,18:35,63,63113,0,0,2,1,2,1,1,3,1,02,1,1,000,000,1,0,1,4,1,31,5,1,9,00,2,4,2,201300031611B01,7,9,1
201300031616,2013-04-23,2013,avril,mardi,13:07,63,63113,45.76528,3.10376,2,1,6,1,1,4,2,04,1,1,000,000,1,0,1,3,1,30,5,1,2,00,0,0,1,201300031616B01,7,1,1
201300031654,2013-05-27,2013,mai,lundi,16:45,63,63113,0,0,2,1,3,1,1,4,1,02,1,1,000,000,1,0,4,4,2,36,0,1,9,00,2,1,5,201300031654A01,7,9,1
201300031657,2013-05-31,2013,mai,vendredi,11:09,63,63014,45.75423,3.141,2,1,6,1,1,4,2,02,1,1,000,000,1,0,1,4,1,31,0,1,4,00,2,1,0,201300031657B01,7,1,1
201300031720,2013-07-23,2013,juillet,mardi,11:00,63,63113,45.7651,3.12295,2,1,3,1,1,4,2,03,1,1,000,100,1,0,1,4,2,25,0,1,2,00,2,7,19,201300031720B01,7,16,1
201300031721,2013-07-26,2013,juillet,vendredi,90:0,63,63113,0,0,1,1,7,1,1,4,3,04,1,1,030,140,1,0,5,3,1,68,0,1,2,00,0,0,0,201300031721A01,,,
201300031734,2013-08-03,2013,août,samedi,19:55,63,63113,45.79997,3.11643,2,1,6,1,1,4,2,02,1,1,000,055,1,0,1,2,2,10,5,1,9,00,2,8,19,201300031734B01,7,1,1
201300031757,2013-08-30,2013,août,vendredi,19:46,63,63113,0,0,2,1,6,1,1,4,2,02,1,1,000,000,1,0,1,4,1,51,0,1,2,00,2,1,1,201300031757B01,7,15,1
201300031776,2013-09-10,2013,septembre,mardi,17:30,63,63113,0,0,2,1,2,1,1,3,3,04,1,3,000,000,1,5,1,4,2,24,0,1,2,00,2,1,19,201300031776B01,7,1,1
201300031781,2013-09-16,2013,septembre,lundi,18:27,63,63014,0,0,2,1,3,1,1,3,1,00,1,2,000,000,-1,0,1,4,1,56,0,1,9,00,2,1,3,201300031781A01,7,1,1
201300031783,2013-09-18,2013,septembre,mercredi,84:5,63,63308,0,0,2,1,6,1,1,4,-1,02,-1,-1,000,000,1,0,1,4,1,60,0,1,9,00,0,0,0,201300031783A01,,,
201300031784,2013-09-18,2013,septembre,mercredi,13:45,63,63113,45.76464,3.08351,2,1,3,1,1,4,2,02,1,1,000,000,1,0,1,4,1,17,0,1,2,00,2,1,1,201300031784A01,7,1,1
201300031800,2013-09-26,2013,septembre,jeudi,13:40,63,63113,0,0,2,1,2,1,1,4,3,04,1,1,030,140,1,0,1,1,1,32,0,1,2,00,2,4,1,201300031800B01,7,1,1
201300031820,2013-10-06,2013,octobre,dimanche,17:00,63,63113,0,0,2,1,3,1,1,4,2,00,1,1,000,000,1,0,1,1,2,64,0,1,2,00,2,8,15,201300031820B01,99,17,1
201300031823,2013-10-08,2013,octobre,mardi,80:0,63,63113,45.7696,3.08729,2,2,3,2,1,4,-1,02,1,1,000,000,1,0,1,4,1,18,0,1,4,00,2,3,1,201300031823B01,7,16,1