Num_Acc,date,an,mois,jour,hrmn,dep,com,lat,long,agg,int,col,lum,atm,catr,circ,nbv,prof,plan,lartpc,larrout,surf,infra,situ,grav,sexe,age,trajet,secuexist,equipement,obs,obsm,choc,manv,vehiculeid,typevehicules,manoeuvehicules,numVehicules
201300031834,2013-10-17,2013,octobre,jeudi,15:30,63,63113,45.76672,3.12235,2,1,7,1,1,4,2,02,-1,-1,000,000,1,0,1,4,1,37,0,1,9,10,0,0,0,201300031834A01,,,
201300031835,2013-10-17,2013,octobre,jeudi,16:10,63,63113,0,0,2,1,6,1,1,4,2,02,1,1,000,000,1,0,1,4,1,63,5,1,9,00,2,1,1,201300031835B01,7,9,1
201300031842,2013-10-18,2013,octobre,vendredi,17:15,63,63032,45.74929,3.08793,2,3,3,1,1,4,2,02,1,1,000,000,1,5,1,4,1,47,0,1,2,00,2,7,1,201300031842B01,7,1,1
201300031844,2013-10-22,2013,octobre,mardi,12:29,63,63113,0,0,2,1,6,1,1,4,2,02,1,1,000,000,1,0,4,4,1,23,0,1,4,00,2,1,1,201300031844A01,7,0,1
201300031848,2013-10-24,2013,octobre,jeudi,74:0,63,63113,0,0,2,1,6,1,1,4,-1,00,1,1,000,000,1,0,1,4,1,19,0,1,9,00,4,1,1,201300031848B01,40,1,1
201300031867,2013-11-08,2013,novembre,vendredi,13:36,63,63113,45.77189,3.09382,2,2,6,1,1,4,1,03,1,1,000,000,-1,0,1,4,1,26,0,1,4,00,2,3,1,201300031867A01,7,1,1
201300031925,2013-04-24,2013,avril,mercredi,18:25,63,63124,45.73299,3.21061,2,1,7,1,1,3,2,02,1,1,000,060,1,0,5,4,1,44,5,1,2,00,0,0,21,201300031925B01,7,15,1
201300031940,2013-08-31,2013,août,samedi,10:55,63,63124,45.74339,3.16753,2,2,7,1,1,3,2,02,1,1,000,080,1,5,1,3,1,55,5,1,2,00,0,0,1,201300031940B01,7,15,1
201300031941,2013-09-03,2013,septembre,mardi,17:45,63,63124,45.73242,3.18926,2,1,3,1,1,4,1,01,1,1,000,060,1,0,4,4,1,12,3,1,9,00,0,8,5,201300031941A01,7,15,1
201300031945,2013-09-27,2013,septembre,vendredi,16:00,63,63124,0,0,2,1,7,1,1,4,2,02,1,1,000,070,1,0,4,4,1,11,2,1,9,00,0,0,0,201300031945A01,,,
201300031947,2013-10-01,2013,octobre,mardi,12:10,63,63124,45.74106,3.17459,2,6,3,1,1,3,2,02,1,1,000,080,1,5,1,4,1,44,1,1,9,00,2,2,0,201300031947B01,7,16,1
201300031968,2013-08-07,2013,août,mercredi,17:15,63,63164,0,0,2,6,3,1,1,3,-1,06,1,-1,000,000,1,0,1,4,1,19,5,1,2,00,2,1,1,201300031968A01,7,1,1
201300032044,2013-07-02,2013,juillet,mardi,17:35,64,64024,43.4803,-1.50942,2,1,3,1,1,4,2,02,2,1,000,080,1,0,1,3,1,35,1,1,2,00,2,1,19,201300032044A01,7,1,1
201300032047,2013-07-07,2013,juillet,dimanche,10:30,64,64102,43.481,-1.46029,2,1,2,1,1,4,2,02,1,1,000,070,1,0,1,3,1,61,5,1,2,00,2,4,1,201300032047A01,7,17,1
201300032061,2013-07-31,2013,juillet,mercredi,12:00,64,64102,43.4958,-1.48423,2,6,3,1,1,4,2,04,2,1,020,160,1,0,0,3,1,41,1,1,2,00,2,1,16,201300032061A01,7,1,1
201300032077,2013-08-28,2013,août,mercredi,15:50,64,64102,43.4965,-1.46978,2,1,3,1,1,4,1,02,1,2,000,080,1,0,1,3,2,36,0,1,9,00,2,1,1,201300032077B01,99,0,1
201300032078,2013-09-01,2013,septembre,dimanche,11:00,64,64024,43.5001,-1.49068,2,1,6,1,1,4,2,03,1,1,000,080,1,0,5,1,1,62,5,1,9,00,1,8,1,201300032078A01,,,
201300032088,2013-09-10,2013,septembre,mardi,14:06,64,64140,43.52,-1.48871,2,1,2,1,1,3,2,02,1,1,000,070,2,0,1,1,1,59,5,1,9,00,2,4,2,201300032088B01,1,2,1
201300032088,2013-09-10,2013,septembre,mardi,14:06,64,64140,43.52,-1.48871,2,1,2,1,1,3,2,02,1,1,000,070,2,0,1,3,2,59,5,1,9,00,2,1,2,201300032088A01,1,2,1
201300032107,2013-10-27,2013,octobre,dimanche,17:40,64,64024,43.4995,-1.54055,2,6,3,1,1,4,2,02,2,1,000,080,1,0,1,3,1,66,5,1,9,00,2,0,1,201300032107B01,7,16,1
201300032121,2013-12-10,2013,décembre,mardi,10:45,64,64024,43.5262,-1.51447,2,6,3,1,1,4,2,02,1,1,000,080,1,0,0,3,1,67,5,1,2,00,2,0,1,201300032121B01,7,9,1
201300032124,2013-12-14,2013,décembre,samedi,11:05,64,64102,43.4989,-1.48143,2,1,3,1,1,4,2,02,1,1,000,080,2,2,1,3,2,52,0,1,2,00,2,1,19,201300032124A01,7,1,1
201300032158,2013-08-06,2013,août,mardi,13:30,64,64122,43.4587,-1.54735,2,1,6,1,1,4,1,01,2,2,000,080,1,0,1,3,1,65,5,1,2,00,9,8,1,201300032158B01,31,12,1
201300032167,2013-11-20,2013,novembre,mercredi,18:10,64,64122,43.4801,-1.56192,2,1,6,5,3,4,2,02,2,1,000,050,2,0,1,4,1,20,1,1,9,00,2,1,1,201300032167B01,7,1,1
201300032177,2013-01-07,2013,janvier,lundi,12:34,64,64445,43.2973,-0.36925,2,3,3,1,2,4,1,01,1,1,000,000,1,0,0,4,1,17,2,1,4,00,2,1,1,201300032177A01,7,1,1
201300032189,2013-01-25,2013,janvier,vendredi,16:10,64,64445,43.2994,-0.37259,2,7,6,1,1,4,3,02,1,1,000,000,1,0,1,4,1,52,0,1,2,00,1,1,16,201300032189A01,,,
201300032192,2013-01-26,2013,janvier,samedi,16:40,64,64445,43.3112,-0.36235,2,6,3,1,1,4,3,01,1,1,000,000,1,0,1,3,2,58,0,1,2,00,0,0,1,201300032192B01,10,9,1
201300032196,2013-01-31,2013,janvier,jeudi,18:02,64,64445,43.3003,-0.37514,2,3,2,1,1,4,1,03,1,1,000,000,1,0,1,4,1,27,0,1,4,00,2,1,12,201300032196B01,7,1,1
201300032220,2013-02-27,2013,février,mercredi,14:50,64,64445,43.3186,-0.35982,2,6,2,1,1,4,1,02,1,1,000,090,1,0,1,4,1,92,9,1,9,00,2,6,1,201300032220B01,7,16,1
201300032264,2013-04-03,2013,avril,mercredi,17:15,64,64445,43.3006,-0.36967,2,1,6,1,1,4,2,02,1,1,000,000,1,0,1,4,1,45,0,1,9,01,0,1,1,201300032264B01,7,22,1
201300032266,2013-04-25,2013,avril,jeudi,84:5,64,64445,43.3282,-0.38572,2,2,3,1,1,4,2,02,1,1,000,063,1,0,1,4,2,43,1,1,4,00,2,1,1,201300032266A01,7,1,1
201300032282,2013-05-16,2013,mai,jeudi,81:5,64,64132,43.2989,-0.32203,2,6,3,1,2,4,2,02,1,1,000,000,1,0,0,4,2,47,0,1,2,00,2,1,1,201300032282B01,7,9,1
201300032293,2013-06-04,2013,juin,mardi,11:50,64,64445,43.3138,-0.36317,2,1,3,1,1,4,2,02,1,1,000,000,1,0,1,4,1,25,2,1,2,00,2,7,9,201300032293A01,7,1,1
201300032296,2013-06-06,2013,juin,jeudi,15:23,64,64445,43.3109,-0.36315,2,1,3,1,1,4,1,02,1,1,000,000,1,0,1,4,2,29,9,1,9,00,2,3,19,201300032296B01,7,1,1
201300032298,2013-06-11,2013,juin,mardi,13:47,64,64445,43.2921,-0.36838,2,3,3,1,1,4,2,02,1,1,000,000,1,0,0,4,1,54,5,1,2,00,2,8,9,201300032298A01,7,1,1
201300032301,2013-06-12,2013,juin,mercredi,13:58,64,64445,43.3211,-0.35914,2,1,2,1,1,4,1,02,1,2,000,000,1,0,1,4,1,39,0,1,2,00,2,1,2,201300032301A01,7,1,1
201300032302,2013-06-12,2013,juin,mercredi,17:50,64,64335,43.3321,-0.45135,2,3,3,1,1,4,2,02,1,1,000,000,1,0,0,4,1,23,0,1,2,00,2,1,1,201300032302B01,7,15,1
201300032307,2013-06-19,2013,juin,mercredi,15:30,64,64445,43.299,-0.36668,2,3,1,1,2,4,2,02,1,1,000,042,1,0,0,4,1,15,5,1,2,00,2,1,5,201300032307A01,7,1,1
201300032312,2013-06-20,2013,juin,jeudi,18:30,64,64445,43.3089,-0.35577,2,1,6,1,1,4,2,00,1,1,000,000,1,0,0,1,2,53,1,1,2,00,1,1,1,201300032312A01,,,
201300032327,2013-07-09,2013,juillet,mardi,11:36,64,64445,43.3215,-0.35919,2,6,3,1,1,4,2,02,1,1,000,000,1,0,1,4,1,17,5,1,4,00,2,2,13,201300032327B01,7,9,1
201300032329,2013-07-10,2013,juillet,mercredi,12:15,64,64445,43.3021,-0.3656,2,1,6,1,1,4,1,01,1,1,000,000,1,0,1,4,2,48,5,1,2,01,0,7,1,201300032329B01,7,22,1
201300032334,2013-07-17,2013,juillet,mercredi,20:30,64,64335,43.3179,-0.42716,2,1,3,1,1,4,1,02,2,1,000,000,1,2,1,4,1,38,5,1,4,00,2,2,1,201300032334B01,7,11,1
201300032335,2013-07-18,2013,juillet,jeudi,17:52,64,64445,43.2978,-0.38585,2,1,3,1,1,4,2,00,2,1,036,093,1,0,1,4,1,42,5,1,4,00,2,7,1,201300032335B01,7,20,1
201300032338,2013-07-21,2013,juillet,dimanche,10:45,64,64348,43.3085,-0.4273,2,3,3,1,1,4,2,02,1,1,000,075,1,0,1,4,1,51,5,1,9,00,2,1,1,201300032338B01,7,9,1
201300032340,2013-07-29,2013,juillet,lundi,81:8,64,64445,43.3052,-0.3286,2,1,3,1,1,4,2,02,1,1,000,000,1,0,1,4,1,86,5,1,2,00,2,7,6,201300032340B01,7,1,1
201300032350,2013-08-21,2013,août,mercredi,80:0,64,64129,43.3058,-0.40008,2,6,3,1,1,3,2,02,1,1,000,000,1,0,1,4,1,67,5,1,2,00,2,7,1,201300032350B01,7,9,1
201300032353,2013-08-29,2013,août,jeudi,17:37,64,64445,43.3418,-0.37983,2,1,3,1,1,3,2,02,1,1,000,084,1,0,1,4,1,26,5,1,2,00,2,2,1,201300032353B01,7,15,1
201300032356,2013-09-10,2013,septembre,mardi,11:00,64,64445,43.3205,-0.35223,2,1,2,1,1,4,2,02,1,1,000,000,1,0,1,4,1,27,2,1,9,00,2,4,15,201300032356B01,7,1,1
201300032366,2013-09-24,2013,septembre,mardi,15:12,64,64445,43.3113,-0.3564,2,3,3,1,1,4,2,02,1,1,000,000,1,0,1,4,2,58,5,1,2,00,2,1,16,201300032366B01,7,15,1
201300032369,2013-09-27,2013,septembre,vendredi,16:41,64,64335,43.3574,-0.44227,1,1,5,1,1,3,2,02,2,1,000,000,1,0,1,3,1,76,5,1,2,00,2,4,1,201300032369B01,7,14,1
201300032369,2013-09-27,2013,septembre,vendredi,16:41,64,64335,43.3574,-0.44227,1,1,5,1,1,3,2,02,2,1,000,000,1,0,1,4,1,73,5,1,2,00,2,4,1,201300032369C01,7,14,1
201300032372,2013-10-02,2013,octobre,mercredi,18:15,64,64445,43.2946,-0.37716,2,2,3,1,1,4,2,02,-1,1,000,000,1,0,1,4,2,58,1,1,9,00,2,8,1,201300032372B01,2,15,1
201300032376,2013-10-08,2013,octobre,mardi,90:0,64,64445,43.3217,-0.36249,2,1,2,1,1,4,2,02,1,1,000,032,1,0,1,4,2,26,1,1,9,00,2,4,1,201300032376B01,7,1,1
201300032379,2013-10-17,2013,octobre,jeudi,73:5,64,64129,43.3102,-0.38912,2,2,3,5,1,4,1,02,1,1,000,075,1,0,1,4,1,17,2,1,4,00,2,8,1,201300032379B01,7,15,1
201300032396,2013-11-06,2013,novembre,mercredi,15:00,64,64335,43.3263,-0.44064,2,6,3,1,1,4,2,02,1,1,000,000,1,5,0,4,1,78,5,1,2,00,2,6,2,201300032396B01,13,16,1
201300032397,2013-11-06,2013,novembre,mercredi,15:17,64,64348,43.321,-0.39167,2,3,3,1,1,4,2,00,1,1,000,000,1,0,0,4,1,29,5,1,2,00,2,5,1,201300032397B01,7,9,1
201300032404,2013-11-13,2013,novembre,mercredi,14:5,64,64445,43.2956,-0.37869,2,1,7,5,1,4,1,01,2,4,000,000,2,0,1,3,1,49,5,1,9,08,0,1,5,201300032404A01,,,
201300032425,2013-11-28,2013,novembre,jeudi,81:0,64,64445,43.3112,-0.36326,2,2,2,1,1,4,2,02,1,1,000,000,1,0,1,4,1,25,5,1,4,00,2,7,5,201300032425B01,7,1,1
201300032429,2013-12-03,2013,décembre,mardi,11:00,64,64129,43.3005,-0.39321,2,2,3,1,1,4,1,01,1,1,000,101,1,0,1,4,2,51,5,1,4,00,2,1,16,201300032429B01,7,16,1
201300032432,2013-12-04,2013,décembre,mercredi,17:45,64,64445,43.299,-0.3328,2,2,1,5,1,4,2,02,1,1,000,000,1,0,1,4,1,20,5,1,9,00,2,1,1,201300032432B01,7,15,1
201300032444,2013-12-11,2013,décembre,mercredi,81:0,64,64445,43.3095,-0.365,2,1,2,1,1,4,2,02,1,1,000,000,1,0,1,4,2,59,1,1,2,00,2,1,1,201300032444B01,7,4,1
201300032449,2013-12-16,2013,décembre,lundi,13:28,64,64348,43.3335,-0.39057,2,1,6,1,1,4,1,02,1,1,000,000,1,0,1,4,1,67,5,1,4,00,1,1,1,201300032449A01,,,
201300032456,2013-12-19,2013,décembre,jeudi,18:10,64,64445,43.3185,-0.36026,2,6,3,5,1,4,1,02,1,1,000,000,1,0,1,4,2,55,5,1,2,00,2,7,1,201300032456B01,7,9,1
201300032463,2013-01-03,2013,janvier,jeudi,10:45,64,64483,43.3785,-1.63857,2,1,3,1,1,3,2,02,1,1,000,000,1,0,1,4,1,43,5,1,2,00,2,1,1,201300032463B01,33,15,1
201300032477,2013-04-29,2013,avril,lundi,11:15,64,64483,43.3763,-1.6379,2,1,6,1,9,3,-1,02,1,-1,000,000,-1,0,5,4,1,52,0,1,2,00,2,1,1,201300032477A01,21,23,1
201300032485,2013-06-27,2013,juin,jeudi,17:20,64,64260,43.3673,-1.7601,2,1,3,1,1,4,2,02,1,1,000,000,1,0,1,4,1,14,5,1,9,00,2,1,19,201300032485A01,7,1,1
201300032503,2013-08-19,2013,août,lundi,19:40,64,64260,0,0,2,1,2,1,1,3,2,02,-1,-1,000,000,1,0,1,4,2,16,0,1,9,00,2,4,15,201300032503A01,10,1,1
201300032506,2013-08-24,2013,août,samedi,10:50,64,64545,43.3853,-1.71868,1,1,3,1,1,3,2,02,-1,1,000,000,1,0,1,4,2,34,5,1,9,00,2,1,1,201300032506B01,7,16,1
201300032517,2013-09-24,2013,septembre,mardi,21:10,64,64260,43.3682,-1.76642,2,1,3,5,1,4,2,02,1,1,000,000,1,0,1,4,2,52,5,1,4,00,2,1,1,201300032517B01,7,19,1
201300032522,2013-10-19,2013,octobre,samedi,11:55,64,64483,43.3859,-1.66227,2,1,3,1,1,3,1,01,1,-1,000,000,1,0,1,4,1,81,0,1,9,00,2,8,0,201300032522A01,7,1,1
201300032530,2013-11-28,2013,novembre,jeudi,13:50,64,64260,43.3473,-1.76654,2,1,3,1,1,3,1,01,1,2,000,000,1,0,1,4,1,34,5,1,9,00,2,1,1,201300032530B01,7,16,1
201300032554,2013-07-11,2013,juillet,jeudi,14:55,64,64483,43.3938,-1.65073,2,1,6,1,1,3,3,02,1,1,000,100,1,0,1,4,1,18,1,1,9,00,2,1,2,201300032554B01,7,1/16,2
201300032555,2013-07-26,2013,juillet,vendredi,11:50,64,64545,43.35,-1.74718,1,1,2,1,1,3,1,02,1,2,000,060,1,0,1,3,1,68,5,1,2,00,2,4,1,201300032555B01,7,2,1
201300032558,2013-08-04,2013,août,dimanche,91:5,64,64545,43.3551,-1.69086,1,1,2,1,1,3,2,02,1,1,000,000,1,0,1,4,1,46,5,1,2,00,2,4,1,201300032558B01,7,2,1
201300032573,2013-01-09,2013,janvier,mercredi,17:10,65,65286,43.09558,-0.03488,2,6,3,1,1,4,2,02,1,1,000,079,1,0,1,4,1,61,1,1,2,00,2,1,0,201300032573B01,7,0,1
201300032580,2013-03-03,2013,mars,dimanche,10:55,65,65286,43.09082,-0.01952,1,1,6,1,1,4,-1,02,1,2,000,065,1,0,1,3,1,7,5,1,9,00,2,1,19,201300032580B01,7,2,1
201300032585,2013-04-03,2013,avril,mercredi,18:45,65,65286,43.09003,-0.04265,2,1,2,1,1,3,2,03,1,3,022,088,1,0,1,4,1,55,5,1,2,00,2,4,2,201300032585B01,7,1,1
201300032591,2013-08-09,2013,août,vendredi,10:45,65,65286,43.08325,-0.04463,2,6,3,1,1,3,2,04,1,1,000,173,1,0,1,3,1,58,5,1,2,00,2,7,1,201300032591B01,7,16,1
201300032612,2013-01-28,2013,janvier,lundi,16:55,65,65440,43.22893,0.05609,2,1,3,1,1,3,2,02,1,1,000,000,1,0,4,3,1,69,5,1,9,00,2,1,1,201300032612A01,7,16,1
201300032614,2013-01-30,2013,janvier,mercredi,11:05,65,65440,43.23415,0.07136,2,5,2,1,1,4,1,00,1,1,000,000,1,0,1,3,1,21,9,1,9,00,0,4,2,201300032614B01,7,2,1
201300032616,2013-01-31,2013,janvier,jeudi,91:5,65,65440,43.23211,0.08709,2,1,3,1,1,4,2,00,1,1,000,090,1,0,1,4,2,70,9,1,2,00,2,1,1,201300032616B01,7,4,1
201300032617,2013-01-31,2013,janvier,jeudi,13:45,65,65440,43.2396,0.07233,2,1,6,1,1,3,2,00,1,1,000,098,1,0,1,4,1,18,9,1,2,00,2,1,1,201300032617B01,7,22,1
201300032624,2013-02-11,2013,février,lundi,14:45,65,65440,43.228,0.07565,2,3,3,1,8,4,2,02,1,1,000,078,2,5,1,4,1,86,5,1,9,00,2,5,1,201300032624B01,7,1,1
201300032639,2013-03-18,2013,mars,lundi,18:20,65,65440,43.22419,0.06836,2,2,3,1,2,4,2,02,1,1,000,072,1,0,1,4,1,19,0,1,2,00,2,1,1,201300032639B01,7,19,1
201300032640,2013-03-20,2013,mars,mercredi,16:05,65,65440,43.23192,0.08067,2,1,2,1,1,4,1,01,1,1,000,100,1,0,1,4,2,71,3,1,2,00,2,6,2,201300032640A01,7,15,1
201300032666,2013-06-06,2013,juin,jeudi,17:10,65,65440,43.2327,0.07373,2,1,3,1,1,4,1,01,1,1,000,000,1,0,1,4,1,70,9,1,9,00,2,1,19,201300032666A01,7,1,1
201300032674,2013-06-28,2013,juin,vendredi,84:0,65,65417,43.23238,0.10541,2,1,3,1,1,4,2,02,1,1,000,073,1,0,5,4,2,62,9,1,2,00,2,8,1,201300032674B01,7,1,1
201300032676,2013-07-01,2013,juillet,lundi,16:30,65,65440,43.231,0.07569,2,1,3,1,1,4,2,02,1,1,000,059,1,0,1,4,2,61,9,1,2,00,2,2,1,201300032676B01,7,15,1
201300032688,2013-08-14,2013,août,mercredi,94:5,65,65440,43.21906,0.07068,2,6,6,1,1,2,3,04,1,1,000,000,1,0,1,4,1,64,3,1,2,00,2,5,1,201300032688B01,7,9,1
201300032704,2013-10-07,2013,octobre,lundi,11:00,65,65440,43.22305,0.07966,2,4,3,1,1,4,1,02,1,1,000,000,1,0,1,4,1,46,9,1,9,00,2,7,1,201300032704B01,7,9,1
201300032706,2013-10-07,2013,octobre,lundi,13:45,65,65417,43.23195,0.09969,2,2,3,1,1,3,2,02,1,1,000,080,1,0,1,4,2,11,2,1,9,00,2,8,11,201300032706A01,7,1,1
201300032715,2013-10-28,2013,octobre,lundi,14:35,65,65440,43.22098,0.06073,2,1,6,1,1,3,2,02,1,3,000,000,1,0,1,4,1,67,5,1,2,00,2,0,1,201300032715B01,17,0,1
201300032720,2013-11-18,2013,novembre,lundi,74:5,65,65417,43.22835,0.10564,2,6,3,2,2,3,2,02,1,1,000,000,2,0,1,4,1,13,2,1,2,00,2,3,1,201300032720B01,7,9,1
201300032725,2013-12-08,2013,décembre,dimanche,20:30,65,65100,43.26013,0.0718,1,1,2,3,1,3,2,02,1,1,000,035,1,0,1,4,1,25,1,1,4,00,2,4,2,201300032725B01,7,2,1
201300032749,2013-01-31,2013,janvier,jeudi,19:00,66,66136,0,0,2,1,6,3,1,3,1,01,1,1,005,070,1,0,1,2,1,83,5,1,9,00,2,8,19,201300032749A01,7,21,3
201300032758,2013-03-10,2013,mars,dimanche,93:5,66,66136,42.69875,2.90546,2,1,6,1,1,4,2,02,1,1,000,080,1,0,1,4,2,64,5,1,4,00,2,1,1,201300032758B01,7,19,1
201300032783,2013-04-22,2013,avril,lundi,18:20,66,66136,42.68893,2.89986,2,1,6,1,1,4,2,02,1,1,000,070,1,0,1,4,2,24,0,1,9,00,2,8,2,201300032783B01,7,1/2,2
201300032793,2013-05-13,2013,mai,lundi,60:0,66,66136,42.68793,2.84965,2,1,3,2,1,4,-1,02,1,1,000,080,1,0,1,4,1,51,9,1,9,00,2,2,1,201300032793B01,7,15,1
201300032845,2013-10-09,2013,octobre,mercredi,12:20,66,66136,42.67962,2.90406,2,1,3,1,1,4,2,02,2,3,039,141,1,0,1,4,2,22,2,1,4,00,0,5,1,201300032845B01,7,15,1
201300032849,2013-10-22,2013,octobre,mardi,18:47,66,66136,42.68172,2.85213,2,6,3,3,1,4,1,01,1,-1,050,038,1,0,1,3,1,47,5,1,9,00,0,8,2,201300032849B01,14,2,1
201300032850,2013-10-27,2013,octobre,dimanche,94:0,66,66136,42.68114,2.91059,2,1,3,1,1,4,1,01,1,2,010,070,1,0,1,3,1,59,5,1,9,00,2,4,1,201300032850B01,7,9,1
201300032860,2013-12-01,2013,décembre,dimanche,23:00,66,66136,42.68724,2.89545,2,1,2,5,1,4,-1,01,1,1,000,070,1,0,1,3,1,39,1,1,4,00,2,4,1,201300032860B01,7,14,1
201300032897,2013-01-02,2013,janvier,mercredi,17:00,67,67482,0,0,2,2,1,5,1,4,2,02,1,1,000,110,1,0,1,4,2,16,5,1,9,00,2,1,15,201300032897A01,7,16,1
201300032903,2013-01-07,2013,janvier,lundi,14:05,67,67482,0,0,2,3,3,1,1,4,2,02,1,1,000,059,1,0,1,4,2,17,9,1,9,00,2,8,9,201300032903B01,34,1,1
201300032910,2013-01-14,2013,janvier,lundi,80:5,67,67447,0,0,2,3,4,1,4,4,2,02,1,1,000,100,5,0,1,3,1,55,5,1,4,00,2,4,23,201300032910C01,7/ 10,23/2,2
201300032914,2013-01-18,2013,janvier,vendredi,16:25,67,67482,0,0,2,1,3,1,1,4,2,03,1,1,000,150,1,0,1,2,1,42,0,1,4,00,2,2,14,201300032914A01,7,1,1
201300032915,2013-01-19,2013,janvier,samedi,10:25,67,67482,0,0,2,2,3,1,4,4,2,02,1,1,000,120,5,0,1,3,2,57,5,1,4,00,2,7,19,201300032915A01,37,1,1
201300032924,2013-02-01,2013,février,vendredi,18:20,67,67482,0,0,2,3,3,5,2,4,2,04,1,1,000,156,2,0,1,4,2,17,0,1,4,00,2,7,19,201300032924B01,7,16,1
201300032928,2013-02-05,2013,février,mardi,21:05,67,67482,0,0,2,1,3,5,2,4,1,02,-1,1,000,100,2,0,1,4,2,26,5,1,9,00,2,7,19,201300032928B01,2,1,1
201300032929,2013-02-07,2013,février,jeudi,19:30,67,67482,0,0,2,1,2,5,1,4,3,02,1,1,108,071,1,0,1,4,1,22,1,1,4,00,4,4,19,201300032929A01,40,1,1
201300032935,2013-02-11,2013,février,lundi,19:35,67,67218,0,0,2,3,3,5,4,4,2,02,1,3,000,080,2,0,1,4,1,17,5,1,4,00,2,7,19,201300032935B01,7,1,1
201300032938,2013-02-14,2013,février,jeudi,19:35,67,67482,0,0,2,1,3,5,1,4,2,03,1,1,000,100,1,0,1,4,1,18,0,1,4,00,2,0,13,201300032938A01,37,1,1
201300032955,2013-03-07,2013,mars,jeudi,85:0,67,67482,0,0,2,1,3,1,1,4,2,02,1,1,000,080,1,0,1,3,2,42,1,1,4,01,0,1,1,201300032955B01,7,22,1
201300032957,2013-03-09,2013,mars,samedi,15:00,67,67482,0,0,2,1,3,1,2,4,2,02,-1,3,000,070,2,0,5,4,1,40,1,1,4,00,2,1,1,201300032957B01,7,15,1
201300032963,2013-03-13,2013,mars,mercredi,70:0,67,67482,0,0,2,2,3,1,1,4,2,02,1,1,000,060,1,0,1,4,2,53,4,1,9,00,2,8,1,201300032963B01,7,15,1
201300032969,2013-03-16,2013,mars,samedi,20:00,67,67482,0,0,2,3,3,5,1,4,2,02,1,1,000,132,1,0,1,4,1,29,9,1,4,00,2,1,1,201300032969B01,7,16,1
201300032973,2013-03-20,2013,mars,mercredi,14:15,67,67447,0,0,2,1,3,1,1,4,3,03,1,1,109,128,1,0,1,4,1,33,1,1,9,00,4,8,19,201300032973A01,40,1,1
201300032974,2013-03-22,2013,mars,vendredi,10:10,67,67482,0,0,2,1,3,1,1,4,2,03,1,1,000,102,1,0,1,4,2,24,0,1,4,00,2,1,19,201300032974B01,7,15,1
201300032977,2013-03-24,2013,mars,dimanche,21:5,67,67482,0,0,2,3,3,5,1,4,1,02,1,3,000,070,1,0,1,4,2,25,5,1,9,00,2,8,1,201300032977B01,7,1,1
201300032985,2013-03-30,2013,mars,samedi,12:45,67,67482,0,0,2,1,3,1,1,4,2,02,1,1,000,060,1,0,1,4,1,69,0,1,9,00,2,1,19,201300032985A01,30,1,1
201300032989,2013-04-03,2013,avril,mercredi,16:45,67,67482,0,0,2,2,3,1,1,4,3,05,1,1,090,090,1,0,1,4,1,41,1,1,9,00,2,1,1,201300032989A01,7,15,1
201300032996,2013-04-08,2013,avril,lundi,18:30,67,67482,0,0,2,1,3,1,1,4,2,02,1,1,000,059,1,0,1,4,2,52,0,1,4,00,2,1,1,201300032996B01,7,16,1
201300032999,2013-04-09,2013,avril,mardi,92:0,67,67218,0,0,2,1,3,1,1,4,2,02,1,1,000,030,1,0,5,4,2,53,1,1,2,00,2,0,1,201300032999A01,1,1,1
201300033000,2013-04-09,2013,avril,mardi,16:35,67,67482,0,0,2,1,3,1,1,4,2,02,1,1,000,060,1,0,1,4,1,57,5,1,4,00,2,8,19,201300033000B01,7,1,1
201300033002,2013-04-13,2013,avril,samedi,18:00,67,67447,0,0,2,1,3,1,1,4,1,01,1,1,000,051,1,0,1,4,1,9,5,1,9,00,2,8,19,201300033002A01,7,1,1
201300033009,2013-04-23,2013,avril,mardi,90:0,67,67482,0,0,2,2,3,1,1,4,2,02,1,1,000,088,1,0,1,4,2,33,2,1,4,00,2,1,19,201300033009A01,7,1,1
201300033014,2013-04-27,2013,avril,samedi,19:50,67,67447,0,0,2,2,3,1,2,4,1,01,1,1,000,070,2,0,1,4,1,57,9,1,9,00,2,8,1,201300033014B01,7,1,1
201300033030,2013-05-14,2013,mai,mardi,12:30,67,67482,0,0,2,2,6,1,1,4,2,03,1,1,000,000,1,0,1,1,1,18,0,1,4,00,1,1,19,201300033030A01,,,
201300033031,2013-05-14,2013,mai,mardi,14:40,67,67482,0,0,2,3,3,1,1,4,1,02,1,1,000,059,1,0,1,4,1,21,0,1,4,00,4,7,19,201300033031A01,40,1,1
201300033032,2013-05-14,2013,mai,mardi,19:00,67,67482,0,0,2,3,3,1,1,4,2,03,1,1,000,123,1,0,1,4,2,26,4,1,4,00,2,1,19,201300033032B01,10,16,1
201300033039,2013-05-24,2013,mai,vendredi,65:5,67,67482,0,0,2,6,3,1,1,4,2,02,1,1,018,144,1,0,1,4,1,50,1,1,4,00,2,2,14,201300033039A01,7,16,1
201300033042,2013-05-25,2013,mai,samedi,15:20,67,67482,0,0,2,3,3,1,1,4,3,02,1,1,000,090,1,0,1,4,1,21,0,1,4,00,2,1,19,201300033042A01,37,1,1
201300033043,2013-05-25,2013,mai,samedi,18:00,67,67043,0,0,2,1,1,1,1,4,2,02,1,1,000,067,1,0,1,4,1,9,0,1,4,00,2,1,18,201300033043B01,7,1,1