Num_Acc,date,an,mois,jour,hrmn,dep,com,lat,long,agg,int,col,lum,atm,catr,circ,nbv,prof,plan,lartpc,larrout,surf,infra,situ,grav,sexe,age,trajet,secuexist,equipement,obs,obsm,choc,manv,vehiculeid,typevehicules,manoeuvehicules,numVehicules
201300033049,2013-06-04,2013,juin,mardi,18:20,67,67447,0,0,2,3,3,1,1,4,2,02,1,1,000,100,1,0,1,4,2,28,1,1,4,00,2,3,1,201300033049B01,7,15,1
201300033051,2013-06-05,2013,juin,mercredi,84:0,67,67482,0,0,2,1,2,1,1,4,1,01,1,1,000,040,1,0,1,4,2,20,1,1,4,00,2,1,19,201300033051A01,7,1,1
201300033055,2013-06-06,2013,juin,jeudi,19:05,67,67043,0,0,2,2,3,1,1,4,2,03,1,1,000,120,1,0,1,3,1,18,5,1,4,00,2,1,15,201300033055A01,7,1,1
201300033064,2013-06-14,2013,juin,vendredi,13:45,67,67482,0,0,1,3,3,1,1,4,2,02,1,1,000,110,1,0,1,4,1,20,5,1,9,00,2,1,19,201300033064A01,40,1,1
201300033065,2013-06-15,2013,juin,samedi,41:0,67,67482,0,0,2,2,3,5,1,4,3,03,1,1,000,091,1,0,1,4,2,17,5,1,9,00,2,1,19,201300033065B01,7,1,1
201300033068,2013-06-20,2013,juin,jeudi,19:25,67,67482,0,0,2,1,3,1,1,4,2,02,1,1,000,100,1,0,1,4,2,23,5,1,9,00,2,8,19,201300033068B01,7,1,1
201300033069,2013-06-21,2013,juin,vendredi,16:45,67,67482,0,0,2,1,3,1,1,4,3,02,1,1,022,048,1,0,1,4,1,11,5,1,9,00,2,8,19,201300033069A01,7,1,1
201300033073,2013-06-24,2013,juin,lundi,16:30,67,67482,0,0,2,1,6,1,1,4,2,02,2,1,015,165,1,0,1,3,2,77,5,1,4,01,0,1,1,201300033073B01,,,
201300033083,2013-07-02,2013,juillet,mardi,18:10,67,67482,0,0,2,1,3,1,1,4,1,01,1,1,000,060,1,0,5,4,2,46,5,1,4,00,0,0,1,201300033083A01,7,23,1
201300033085,2013-07-03,2013,juillet,mercredi,18:55,67,67204,0,0,2,3,3,1,1,4,2,02,1,1,000,060,1,0,4,4,1,56,0,1,4,00,2,8,1,201300033085B01,7,15,1
201300033086,2013-07-04,2013,juillet,jeudi,83:5,67,67482,0,0,2,1,3,1,1,4,2,03,1,1,000,110,1,0,1,4,2,28,1,1,4,00,2,5,19,201300033086A01,7,1,1
201300033087,2013-07-04,2013,juillet,jeudi,14:30,67,67482,0,0,2,1,3,1,1,4,1,01,-1,1,000,050,1,0,1,4,1,13,0,1,4,00,4,3,19,201300033087A01,40,1,1
201300033088,2013-07-05,2013,juillet,vendredi,10:00,67,67218,0,0,2,1,3,1,1,4,1,01,1,1,000,065,1,0,1,4,2,72,0,1,4,00,2,7,5,201300033088A01,7,23,1
201300033100,2013-07-13,2013,juillet,samedi,10:15,67,67482,0,0,2,2,3,1,1,4,3,04,1,1,060,070,1,4,1,4,1,60,5,1,9,00,2,7,19,201300033100A01,7,1,1
201300033101,2013-07-13,2013,juillet,samedi,17:50,67,67482,0,0,2,1,6,1,1,4,2,02,1,1,000,065,1,0,1,4,1,23,1,1,4,00,2,7,1,201300033101B01,7,22,1
201300033105,2013-07-20,2013,juillet,samedi,11:50,67,67482,0,0,2,1,1,1,1,4,2,02,1,3,000,070,1,0,5,3,2,28,5,1,9,00,2,1,5,201300033105A01,1,1,1
201300033105,2013-07-20,2013,juillet,samedi,11:50,67,67482,0,0,2,1,1,1,1,4,2,02,1,3,000,070,1,0,5,3,1,55,1,1,9,00,2,1,1,201300033105B01,1,5,1
201300033107,2013-07-23,2013,juillet,mardi,19:15,67,67482,0,0,2,1,3,1,1,4,2,02,1,1,000,090,1,0,1,4,1,73,5,1,4,00,2,5,1,201300033107B01,7,16,1
201300033118,2013-08-02,2013,août,vendredi,10:00,67,67447,0,0,2,2,3,1,1,4,2,03,1,1,000,111,1,0,1,4,2,73,5,1,9,00,2,7,1,201300033118B01,15,1,1
201300033119,2013-08-02,2013,août,vendredi,15:45,67,67482,0,0,2,1,6,1,1,4,2,02,1,1,000,045,1,0,1,1,1,31,5,1,9,00,1,1,1,201300033119A01,,,
201300033120,2013-08-03,2013,août,samedi,90:0,67,67482,0,0,2,1,3,1,1,4,2,02,1,1,000,065,1,0,5,3,1,59,4,1,9,00,2,1,1,201300033120B01,7,22,1
201300033122,2013-08-04,2013,août,dimanche,14:45,67,67482,0,0,2,2,3,1,1,4,2,03,1,1,000,130,1,0,1,4,1,14,0,1,9,00,4,1,19,201300033122A01,40,1,1
201300033125,2013-08-07,2013,août,mercredi,17:20,67,67482,0,0,2,1,3,1,2,4,2,02,1,1,000,030,2,0,1,1,1,23,0,1,4,00,2,1,0,201300033125A01,1,0,1
201300033125,2013-08-07,2013,août,mercredi,17:20,67,67482,0,0,2,1,3,1,2,4,2,02,1,1,000,030,2,0,1,3,2,22,1,1,4,00,2,1,0,201300033125B01,1,0,1
201300033129,2013-08-10,2013,août,samedi,40:0,67,67482,0,0,2,2,6,5,1,4,1,01,1,2,000,060,1,0,1,4,2,21,0,1,4,00,1,1,1,201300033129A01,,,
201300033131,2013-08-12,2013,août,lundi,13:35,67,67482,0,0,2,1,1,1,1,4,2,02,1,4,000,131,1,0,5,1,1,38,1,1,4,00,2,1,1,201300033131A01,1,1,1
201300033131,2013-08-12,2013,août,lundi,13:35,67,67482,0,0,2,1,1,1,1,4,2,02,1,4,000,131,1,0,5,4,2,33,0,1,4,00,2,1,1,201300033131B01,1,1,1
201300033134,2013-08-17,2013,août,samedi,16:30,67,67482,0,0,2,1,3,1,1,4,2,02,1,1,000,060,1,0,1,4,1,9,5,1,4,00,2,8,19,201300033134A01,33,1,1
201300033137,2013-08-19,2013,août,lundi,11:58,67,67482,0,0,2,1,6,1,1,4,1,01,1,1,000,034,1,0,1,1,1,40,0,1,4,00,1,1,1,201300033137B01,,,
201300033143,2013-08-23,2013,août,vendredi,17:10,67,67204,0,0,2,2,3,1,1,4,2,02,1,1,028,041,1,0,1,4,1,59,0,1,4,00,2,8,1,201300033143B01,7,1,1
201300033144,2013-08-28,2013,août,mercredi,71:0,67,67482,0,0,2,3,3,1,1,4,2,02,1,1,000,050,1,0,1,4,1,23,0,1,4,00,4,3,19,201300033144A01,40,1,1
201300033147,2013-08-29,2013,août,jeudi,14:46,67,67482,0,0,2,3,1,1,1,4,2,02,1,1,000,080,1,0,1,4,2,53,0,1,4,00,2,1,1,201300033147A01,7,16,1
201300033149,2013-09-02,2013,septembre,lundi,83:8,67,67482,0,0,2,3,3,1,1,4,1,01,1,1,000,100,1,0,1,4,2,25,0,1,4,00,4,1,1,201300033149A01,40,1,1
201300033153,2013-09-03,2013,septembre,mardi,18:25,67,67482,0,0,2,3,3,1,1,4,2,02,1,1,000,055,1,0,1,4,1,27,5,1,9,00,2,1,15,201300033153A01,7,1,1
201300033154,2013-09-03,2013,septembre,mardi,21:10,67,67482,0,0,2,3,6,5,1,4,1,01,1,1,000,060,1,0,5,4,1,43,5,1,4,00,1,1,1,201300033154A01,,,
201300033157,2013-09-06,2013,septembre,vendredi,18:20,67,67482,0,0,2,3,6,1,1,4,3,02,1,1,040,030,1,0,1,4,1,49,5,1,4,00,2,7,1,201300033157B01,7,15,1
201300033163,2013-09-11,2013,septembre,mercredi,16:00,67,67482,0,0,2,4,3,1,3,4,2,02,1,1,000,053,2,0,5,4,2,21,5,1,4,00,2,8,1,201300033163B01,10,1,1
201300033169,2013-09-18,2013,septembre,mercredi,18:15,67,67482,0,0,2,2,3,2,1,4,2,02,1,1,000,050,1,0,1,4,2,28,5,1,9,00,2,7,19,201300033169B01,7,1,1
201300033177,2013-09-25,2013,septembre,mercredi,17:55,67,67267,0,0,2,1,6,1,1,4,1,02,1,1,000,070,1,0,1,4,1,,0,1,2,00,1,1,1,201300033177A01,,,
201300033185,2013-10-03,2013,octobre,jeudi,13:40,67,67482,0,0,2,1,3,1,1,4,2,02,1,1,080,180,1,0,1,3,1,24,2,1,4,00,2,6,11,201300033185A01,7,1,1
201300033186,2013-10-03,2013,octobre,jeudi,17:20,67,67267,0,0,2,1,3,1,1,4,2,02,1,1,000,080,1,0,1,3,1,23,1,1,4,00,2,8,19,201300033186B01,7,1,1
201300033193,2013-10-09,2013,octobre,mercredi,16:40,67,67482,0,0,2,1,7,1,1,4,3,03,1,1,070,080,1,0,1,4,1,23,0,1,4,01,0,1,1,201300033193B01,7,22,1
201300033196,2013-10-09,2013,octobre,mercredi,20:40,67,67482,0,0,2,2,3,2,1,4,2,04,1,1,010,130,1,0,1,4,2,17,0,1,4,00,2,7,19,201300033196B01,7,16,1
201300033199,2013-10-11,2013,octobre,vendredi,17:45,67,67482,0,0,2,3,3,1,1,4,2,02,1,1,000,127,1,0,0,4,1,53,5,1,9,00,2,1,19,201300033199B01,7,16,1
201300033203,2013-10-18,2013,octobre,vendredi,23:50,67,67482,0,0,2,2,3,5,1,4,2,02,2,1,000,066,1,0,1,4,1,24,5,1,4,00,2,7,1,201300033203A01,33,1,1
201300033204,2013-10-19,2013,octobre,samedi,22:55,67,67482,0,0,2,1,3,5,2,4,2,02,1,1,000,090,2,0,1,4,2,22,5,1,9,00,2,8,19,201300033204B01,7,1,1
201300033208,2013-10-23,2013,octobre,mercredi,72:5,67,67482,0,0,2,3,3,2,2,4,2,02,1,3,000,065,2,0,1,3,2,32,1,1,9,00,2,7,1,201300033208B01,7,1,1
201300033210,2013-10-26,2013,octobre,samedi,13:15,67,67447,0,0,2,3,3,1,1,4,2,02,1,1,000,070,-1,0,1,4,2,20,1,1,9,00,2,8,1,201300033210B01,7,15,1
201300033218,2013-11-05,2013,novembre,mardi,93:0,67,67482,0,0,2,2,3,1,1,4,2,03,1,1,000,090,1,0,2,4,1,82,3,1,4,00,2,1,19,201300033218B01,10,1,1
201300033219,2013-11-05,2013,novembre,mardi,11:50,67,67482,0,0,2,1,2,1,1,4,1,01,1,1,000,059,1,0,1,4,2,23,1,1,4,00,2,1,1,201300033219A01,7,24,1
201300033220,2013-11-05,2013,novembre,mardi,18:10,67,67043,0,0,2,1,1,5,2,4,2,02,1,1,000,085,2,0,1,4,1,16,0,1,4,00,2,3,1,201300033220A01,7,17,1
201300033222,2013-11-06,2013,novembre,mercredi,15:23,67,67482,0,0,2,2,3,1,8,4,2,03,1,1,000,080,2,0,1,4,2,22,5,1,4,00,2,8,1,201300033222B01,7,16,1
201300033239,2013-11-21,2013,novembre,jeudi,82:5,67,67447,0,0,2,3,3,1,2,4,2,02,2,1,000,080,2,0,1,4,2,35,0,1,4,00,2,1,1,201300033239A01,7,16,1
201300033255,2013-12-02,2013,décembre,lundi,84:5,67,67482,0,0,2,2,3,1,1,4,2,01,1,2,000,050,1,0,1,4,1,28,1,1,4,00,2,3,15,201300033255B01,7,1,1
201300033258,2013-12-05,2013,décembre,jeudi,22:00,67,67482,0,0,2,1,1,5,1,4,1,01,1,1,020,030,1,0,1,1,2,36,1,1,9,00,2,1,1,201300033258B01,1,19,1
201300033258,2013-12-05,2013,décembre,jeudi,22:00,67,67482,0,0,2,1,1,5,1,4,1,01,1,1,020,030,1,0,1,3,1,58,5,1,4,00,2,1,19,201300033258A01,1,1,1
201300033269,2013-12-11,2013,décembre,mercredi,17:45,67,67218,0,0,2,3,5,5,5,4,2,02,1,1,000,060,1,0,1,4,1,46,1,1,2,00,2,1,17,201300033269B01,7,15/23,2
201300033277,2013-12-16,2013,décembre,lundi,15:45,67,67482,0,0,2,1,6,1,1,9,-1,04,1,1,000,030,1,0,4,1,2,19,2,1,9,00,1,1,1,201300033277A01,,,
201300033285,2013-12-24,2013,décembre,mardi,73:8,67,67447,0,0,2,1,3,5,1,4,3,04,1,1,032,146,1,0,1,4,1,28,0,1,4,00,2,8,5,201300033285A01,37,9,1
201300033290,2013-01-28,2013,janvier,lundi,17:45,68,68066,0,0,2,6,6,2,1,4,1,02,1,2,040,110,1,0,5,4,2,25,1,1,9,00,2,4,0,201300033290B01,7,1,1
201300033292,2013-02-03,2013,février,dimanche,16:00,68,68066,48.08207,7.36035,2,2,2,1,1,3,1,02,1,1,000,110,1,5,1,4,2,73,5,1,9,00,2,4,11,201300033292A02,7,1,1
201300033296,2013-02-14,2013,février,jeudi,80:0,68,68066,48.0749,7.34414,2,6,6,1,1,3,1,02,1,1,070,200,1,0,5,4,2,29,1,1,9,00,2,4,1,201300033296B01,7,1,1
201300033302,2013-03-15,2013,mars,vendredi,16:50,68,68066,48.06646,7.34513,2,2,6,1,1,4,2,02,1,1,000,080,1,0,1,4,2,48,1,1,9,00,2,1,1,201300033302B01,7,15,1
201300033306,2013-04-24,2013,avril,mercredi,14:24,68,68066,48.07964,7.36243,2,2,3,1,1,4,1,03,1,1,000,050,1,0,0,4,1,14,5,1,9,00,2,1,19,201300033306B01,7,1,1
201300033326,2013-08-10,2013,août,samedi,12:59,68,68066,48.08594,7.32993,2,1,3,1,1,4,2,02,1,1,000,075,1,0,1,3,1,34,9,1,9,00,2,1,19,201300033326A02,7,15,1
201300033329,2013-08-30,2013,août,vendredi,17:00,68,68066,48.08369,7.35381,2,1,6,1,1,4,1,02,1,1,000,080,1,0,1,3,1,77,5,1,9,00,2,1,0,201300033329B01,7,9,1
201300033332,2013-09-26,2013,septembre,jeudi,10:03,68,68066,48.10743,7.3797,1,6,6,1,1,4,2,02,1,2,000,100,1,0,1,3,1,37,4,1,9,00,2,1,1,201300033332B01,7,16,1
201300033333,2013-09-27,2013,septembre,vendredi,75:4,68,68066,48.07727,7.34785,2,3,6,1,1,4,1,01,1,1,000,060,1,0,1,4,2,33,1,1,9,00,2,1,9,201300033333B01,1,1,1
201300033333,2013-09-27,2013,septembre,vendredi,75:4,68,68066,48.07727,7.34785,2,3,6,1,1,4,1,01,1,1,000,060,1,0,1,4,1,16,2,1,9,00,2,1,1,201300033333A01,1,9,1
201300033343,2013-11-28,2013,novembre,jeudi,16:20,68,68066,48.08707,7.3681,1,3,6,2,1,4,2,02,1,1,000,080,1,0,0,3,1,68,5,1,9,05,2,1,1,201300033343B01,14,16,1
201300033344,2013-11-28,2013,novembre,jeudi,15:00,68,68066,48.08102,7.36005,2,1,6,1,1,4,2,02,1,1,000,060,1,0,1,4,2,50,1,1,9,00,2,1,1,201300033344B01,7,9,1
201300033353,2013-01-22,2013,janvier,mardi,16:45,68,68224,47.75253,7.32794,2,3,6,1,2,4,1,01,1,1,000,000,2,0,5,1,1,35,0,1,4,00,1,1,0,201300033353A01,,,
201300033357,2013-03-04,2013,mars,lundi,11:30,68,68224,47.74961,7.33903,2,1,6,1,1,4,1,01,1,3,000,030,1,0,0,1,1,14,2,1,9,00,1,1,0,201300033357A01,,,
201300033357,2013-03-04,2013,mars,lundi,11:30,68,68224,47.74961,7.33903,2,1,6,1,1,4,1,01,1,3,000,030,1,0,0,3,2,90,5,1,9,00,1,1,0,201300033357A01,,,
201300033370,2013-04-29,2013,avril,lundi,16:20,68,68224,47.73391,7.31611,2,1,3,1,2,4,2,02,1,1,061,061,2,0,1,4,2,12,0,1,9,00,2,8,0,201300033370B01,7,1,1
201300033370,2013-04-29,2013,avril,lundi,16:20,68,68224,47.73391,7.31611,2,1,3,1,2,4,2,02,1,1,061,061,2,0,1,4,2,12,0,1,9,00,2,8,0,201300033370B01,7,1,1
201300033375,2013-05-11,2013,mai,samedi,13:44,68,68224,47.73672,7.33026,2,1,3,1,1,4,1,02,2,2,000,000,1,0,5,2,1,81,5,1,9,00,2,2,0,201300033375B01,7,14,1
201300033380,2013-05-29,2013,mai,mercredi,75:0,68,68224,47.75554,7.3172,2,3,3,1,2,4,2,02,1,1,150,080,2,0,1,3,1,59,1,1,9,00,2,1,0,201300033380B01,7,0,1
201300033385,2013-06-28,2013,juin,vendredi,13:05,68,68224,47.74768,7.3318,2,3,3,1,1,4,2,02,1,1,000,110,1,0,1,3,1,48,0,1,9,00,2,1,2,201300033385B01,7,15,1
201300033401,2013-09-26,2013,septembre,jeudi,35:0,68,68224,0,0,2,3,3,5,1,4,2,01,1,1,000,060,1,0,0,3,1,19,5,1,9,00,2,0,16,201300033401B01,7,0,1
201300033402,2013-10-09,2013,octobre,mercredi,11:15,68,68224,47.74508,7.34669,2,1,6,1,1,4,2,01,1,1,000,070,1,0,1,3,1,61,5,1,9,00,2,7,0,201300033402B01,7,0,1
201300033411,2013-12-03,2013,décembre,mardi,14:54,68,68224,0,0,2,1,3,1,1,6,-1,02,2,-1,000,000,1,0,0,3,1,73,9,1,2,00,2,7,0,201300033411B01,7,0,1
201300033417,2013-12-13,2013,décembre,vendredi,61:6,68,68224,0,0,2,2,6,5,1,4,2,03,1,2,000,150,1,5,5,3,1,52,1,1,4,00,2,7,1,201300033417B01,7,9,1
201300033420,2013-12-23,2013,décembre,lundi,18:55,68,68224,0,0,2,3,6,5,1,4,1,01,2,1,110,030,1,0,1,4,1,28,0,1,9,00,2,1,1,201300033420A01,7,16,1
201300033423,2013-12-30,2013,décembre,lundi,14:35,68,68056,0,0,2,3,6,1,1,4,2,01,1,1,000,000,1,0,1,4,1,68,0,1,9,00,2,3,1,201300033423B01,7,1,1
201300033425,2013-12-30,2013,décembre,lundi,15:15,68,68297,0,0,2,2,1,1,7,4,2,02,2,1,000,050,1,0,1,3,1,56,0,1,9,00,2,1,1,201300033425B01,7,15,1
201300033428,2013-08-21,2013,août,mercredi,75:0,68,68149,47.59375,7.58106,2,1,1,2,1,4,2,02,1,1,000,095,1,0,1,4,1,62,1,1,2,00,2,1,1,201300033428B01,7,1,1
201300033433,2013-11-22,2013,novembre,vendredi,17:20,68,68297,0,0,2,2,1,5,2,4,2,02,1,1,000,070,2,0,1,3,2,56,5,1,4,00,2,1,15,201300033433B01,7,15,1
201300033435,2013-06-18,2013,juin,mardi,17:50,68,68297,47.57849,7.54735,2,3,3,1,1,3,2,04,1,1,070,136,1,5,1,4,1,27,1,1,2,00,2,1,1,201300033435B01,7,15,1
201300033449,2013-02-01,2013,février,vendredi,95:9,69,69029,0,0,2,6,3,1,1,4,2,04,1,1,000,000,2,4,1,4,1,33,1,1,9,00,2,1,1,201300033449B01,7,9,1
201300033483,2013-01-26,2013,janvier,samedi,13:20,69,69034,0,0,2,6,3,1,1,4,1,02,1,1,000,082,1,0,0,4,1,17,5,1,9,00,2,5,1,201300033483B01,7,9,1
201300033491,2013-04-04,2013,avril,jeudi,15:,69,69034,0,0,2,6,3,5,1,4,1,01,1,2,000,077,1,0,1,4,1,44,0,1,9,00,2,7,1,201300033491B01,7,9,1
201300033494,2013-05-04,2013,mai,samedi,81:0,69,69034,0,0,2,6,3,1,2,4,1,01,1,-1,000,077,2,0,1,4,1,53,5,1,2,00,2,7,1,201300033494B01,7,9,1
201300033495,2013-05-09,2013,mai,jeudi,16:45,69,69034,0,0,2,1,6,1,1,4,-1,01,1,1,000,026,1,6,1,4,1,14,5,1,9,00,1,0,0,201300033495A01,,,
201300033495,2013-05-09,2013,mai,jeudi,16:45,69,69034,0,0,2,1,6,1,1,4,-1,01,1,1,000,026,1,6,1,1,2,57,5,1,9,00,1,0,0,201300033495A01,,,
201300033508,2013-06-28,2013,juin,vendredi,13:35,69,69034,0,0,2,4,1,1,1,4,2,02,3,3,018,099,1,0,2,3,1,12,5,1,2,00,2,1,5,201300033508A01,7,1,1
201300033526,2013-09-27,2013,septembre,vendredi,12:00,69,69034,0,0,2,1,3,1,1,4,1,08,1,1,000,136,1,2,1,4,1,18,0,1,9,00,2,8,9,201300033526B01,7,1,1
201300033530,2013-11-11,2013,novembre,lundi,92:0,69,69034,0,0,2,1,3,1,1,4,2,03,2,1,000,135,1,0,1,4,1,25,0,1,9,00,2,1,1,201300033530B01,7,15,1
201300033538,2013-12-18,2013,décembre,mercredi,64:0,69,69034,0,0,2,1,3,5,2,4,2,04,1,1,000,114,2,2,1,4,1,50,1,1,4,00,2,7,12,201300033538A01,33,1,1
201300033547,2013-03-03,2013,mars,dimanche,16:20,69,69091,0,0,2,1,3,1,1,6,-1,00,1,2,000,000,1,0,1,4,1,7,5,1,2,00,2,0,21,201300033547B01,7,1,1
201300033559,2013-06-14,2013,juin,vendredi,16:00,69,69091,0,0,2,1,6,1,1,4,2,02,1,1,000,000,1,0,1,4,1,35,9,1,2,00,0,0,0,201300033559B01,7,20,1
201300033562,2013-06-29,2013,juin,samedi,10:20,69,69091,0,0,2,1,6,1,2,9,-1,00,1,1,000,000,2,0,4,4,2,23,4,1,2,08,0,7,0,201300033562B01,7,0,1
201300033563,2013-07-04,2013,juillet,jeudi,11:20,69,69034,0,0,2,1,2,1,1,3,2,01,1,1,000,044,1,0,1,4,1,56,0,1,2,01,2,1,21,201300033563B01,7,4,1
201300033572,2013-09-03,2013,septembre,mardi,17:05,69,69091,0,0,1,1,7,1,1,3,2,02,2,3,000,063,1,0,1,4,1,66,5,1,2,00,2,0,1,201300033572A01,21,14,1
201300033576,2013-09-25,2013,septembre,mercredi,14:27,69,69091,0,0,2,1,6,1,1,4,3,02,1,1,000,092,1,0,5,3,1,70,5,1,2,00,2,1,2,201300033576A01,7,2,1
201300033583,2013-10-29,2013,octobre,mardi,16:20,69,69096,0,0,2,1,3,1,1,4,2,03,1,1,000,117,1,0,1,4,1,71,5,1,2,00,0,2,1,201300033583B01,7,16,1
201300033593,2013-02-07,2013,février,jeudi,11:25,69,69149,0,0,2,1,1,1,8,4,2,02,1,1,000,090,2,0,1,3,1,51,5,1,2,00,2,1,1,201300033593B01,7,15,1
201300033603,2013-04-17,2013,avril,mercredi,18:10,69,69202,0,0,2,1,2,1,1,4,2,02,2,1,000,078,1,0,1,4,1,16,0,1,2,00,2,1,2,201300033603A01,7,23,1
201300033616,2013-06-05,2013,juin,mercredi,15:00,69,69202,0,0,2,1,2,1,1,4,2,02,2,1,000,062,1,5,1,4,1,51,5,1,9,00,0,4,2,201300033616B01,7,2,1
201300033632,2013-08-14,2013,août,mercredi,18:00,69,69142,0,0,2,1,1,1,2,4,2,01,1,1,000,069,1,0,1,3,1,14,9,1,2,00,2,1,16,201300033632A01,7,7,1
201300033639,2013-10-09,2013,octobre,mercredi,16:50,69,69152,0,0,2,1,3,1,1,4,2,02,1,1,000,065,1,0,1,4,1,11,5,1,9,00,2,3,19,201300033639B01,10,1,1
201300033641,2013-09-26,2013,septembre,jeudi,71:5,69,69152,0,0,1,1,3,5,1,4,2,02,1,2,016,044,1,0,5,3,1,47,1,1,4,00,2,8,1,201300033641B01,14,16,1
201300033649,2013-11-14,2013,novembre,jeudi,13:20,69,69152,0,0,2,3,2,1,1,4,2,02,-1,3,000,075,1,0,1,1,1,15,2,1,9,00,2,1,1,201300033649A01,7,23,1
201300033649,2013-11-14,2013,novembre,jeudi,13:20,69,69152,0,0,2,3,2,1,1,4,2,02,-1,3,000,075,1,0,1,4,1,14,2,1,9,00,2,1,1,201300033649A01,7,23,1
201300033674,2013-04-15,2013,avril,lundi,20:00,69,69256,0,0,2,3,3,1,1,4,2,02,1,1,000,000,1,0,1,4,1,10,5,1,9,00,2,2,16,201300033674A01,7,1,1
201300033681,2013-06-01,2013,juin,samedi,19:54,69,69256,0,0,2,2,6,1,1,4,2,02,1,1,000,000,1,0,1,3,1,10,5,1,9,00,2,0,1,201300033681A01,7,1,1
201300033684,2013-06-17,2013,juin,lundi,19:55,69,69256,0,0,2,1,1,1,1,4,-1,00,1,-1,000,032,1,6,5,4,1,5,5,1,9,00,2,0,1,201300033684A01,30,1,1
201300033736,2013-04-09,2013,avril,mardi,12:00,69,69199,0,0,2,2,2,1,1,4,2,02,1,1,000,000,1,0,1,4,2,52,4,1,9,00,2,4,1,201300033736B01,7,16,1
201300033756,2013-06-11,2013,juin,mardi,19:35,69,69259,0,0,2,3,5,1,1,4,2,02,1,1,000,000,1,0,5,4,2,15,5,1,2,00,2,1,1,201300033756C01,99,16,1
201300033756,2013-06-11,2013,juin,mardi,19:35,69,69259,0,0,2,3,5,1,1,4,2,02,1,1,000,000,1,0,5,4,2,20,5,1,2,00,2,1,1,201300033756B01,99,16,1
201300033758,2013-06-18,2013,juin,mardi,19:45,69,69199,0,0,2,1,2,1,1,3,2,04,1,1,000,000,1,0,1,4,2,28,1,1,9,00,2,4,1,201300033758B01,7,1,1
201300033760,2013-06-20,2013,juin,jeudi,17:10,69,69259,0,0,2,1,6,1,1,4,-1,01,1,1,000,000,1,0,1,4,2,15,5,1,2,00,2,1,1,201300033760B01,7,1,1
201300033760,2013-06-20,2013,juin,jeudi,17:10,69,69259,0,0,2,1,6,1,1,4,-1,01,1,1,000,000,1,0,1,1,2,14,5,1,2,00,2,1,1,201300033760B01,7,1,1
201300033784,2013-08-26,2013,août,lundi,17:45,69,69259,0,0,2,1,3,1,1,4,-1,01,1,1,000,000,1,0,1,3,1,10,5,1,9,00,2,0,0,201300033784B01,7,1,1
201300033788,2013-09-03,2013,septembre,mardi,18:35,69,69199,0,0,2,1,2,1,1,4,2,02,1,1,000,064,1,0,1,4,1,62,0,1,9,00,2,4,9,201300033788A01,7,1,1
201300033797,2013-09-21,2013,septembre,samedi,15:10,69,69259,0,0,2,1,3,1,1,6,-1,00,1,3,000,000,1,0,1,3,1,40,5,1,2,01,0,1,1,201300033797A01,7,20,1
201300033802,2013-09-30,2013,septembre,lundi,17:40,69,69259,0,0,2,1,2,1,1,4,1,01,1,1,000,000,1,0,1,4,1,42,0,1,2,00,2,1,2,201300033802A01,7,2,1
201300033810,2013-10-26,2013,octobre,samedi,18:10,69,69276,0,0,2,1,6,1,1,4,2,02,1,1,000,000,1,0,4,4,2,40,0,1,2,00,2,8,1,201300033810A01,7,15,1
201300033839,2013-03-30,2013,mars,samedi,15:30,69,69264,0,0,1,1,6,1,1,4,2,01,1,3,000,066,1,0,1,3,1,29,5,1,9,00,2,1,0,201300033839A01,,,
201300033840,2013-04-17,2013,avril,mercredi,16:55,69,69264,0,0,2,1,6,1,1,4,2,02,1,1,000,000,1,0,5,1,2,10,5,1,9,00,1,8,1,201300033840A01,,,
201300033853,2013-09-04,2013,septembre,mercredi,18:25,69,69264,0,0,2,3,6,1,1,4,2,00,1,1,000,200,1,0,1,3,2,51,4,1,9,00,2,1,1,201300033853B01,7,15,1
201300033878,2013-03-19,2013,mars,mardi,15:50,69,69266,0,0,2,2,3,1,1,4,1,01,1,1,000,000,-1,4,1,4,1,82,5,1,9,00,2,8,1,201300033878B01,7,1,1
201300033881,2013-03-26,2013,mars,mardi,12:40,69,69266,0,0,2,1,6,1,1,3,3,04,1,1,000,000,1,0,1,3,2,42,5,1,2,00,2,0,19,201300033881B01,7,1,1
201300033886,2013-04-10,2013,avril,mercredi,23:30,69,69266,0,0,2,3,3,5,2,4,2,02,1,1,000,000,2,0,5,4,1,25,5,1,4,00,2,0,1,201300033886B01,40,15,1
201300033887,2013-04-17,2013,avril,mercredi,19:20,69,69266,0,0,2,2,3,1,1,4,1,01,1,1,000,000,1,0,1,4,1,21,0,1,9,00,2,1,1,201300033887B01,7,15,1
201300033897,2013-06-27,2013,juin,jeudi,17:10,69,69266,0,0,2,1,6,1,1,4,2,02,1,1,000,000,1,0,1,3,1,13,5,1,9,00,0,1,13,201300033897A01,,,
201300033901,2013-07-17,2013,juillet,mercredi,19:21,69,69266,0,0,2,1,2,1,1,4,2,04,1,1,000,000,1,0,1,4,1,30,1,1,9,00,2,4,1,201300033901B01,30,12,1
201300033911,2013-09-02,2013,septembre,lundi,75:5,69,69266,0,0,2,1,3,1,1,4,2,03,1,1,000,000,2,0,1,4,2,50,1,1,9,00,2,3,1,201300033911B01,7,1,1
201300033922,2013-09-30,2013,septembre,lundi,13:10,69,69266,0,0,2,3,6,1,1,4,2,03,1,1,000,146,1,0,1,4,2,57,5,1,4,00,2,1,0,201300033922B01,7,16,1
201300033936,2013-10-24,2013,octobre,jeudi,74:5,69,69266,0,0,2,6,3,2,1,4,2,02,1,1,000,000,1,5,1,4,1,20,0,1,4,00,2,2,1,201300033936B01,7,9,1