Num_Acc,date,an,mois,jour,hrmn,dep,com,lat,long,agg,int,col,lum,atm,catr,circ,nbv,prof,plan,lartpc,larrout,surf,infra,situ,grav,sexe,age,trajet,secuexist,equipement,obs,obsm,choc,manv,vehiculeid,typevehicules,manoeuvehicules,numVehicules
201300033946,2013-11-16,2013,novembre,samedi,18:25,69,69266,0,0,2,3,3,5,1,4,-1,01,-1,-1,000,000,-1,0,0,4,1,22,9,1,4,00,2,1,15,201300033946B01,7,1,1
201300033954,2013-12-06,2013,décembre,vendredi,12:30,69,69266,0,0,2,3,3,1,2,4,2,02,1,1,000,000,2,0,1,4,1,50,0,1,9,00,2,7,1,201300033954B01,7,16,1
201300033957,2013-12-14,2013,décembre,samedi,20:20,69,69266,0,0,2,3,1,5,1,4,1,01,1,1,000,000,1,0,1,3,1,39,5,1,9,00,2,0,0,201300033957B01,7,0,1
201300033967,2013-04-25,2013,avril,jeudi,17:35,69,69275,0,0,2,6,3,1,1,4,-1,01,1,-1,110,100,1,0,1,4,1,18,5,1,9,00,2,0,1,201300033967B01,7,9,1
201300033986,2013-06-13,2013,juin,jeudi,21:25,69,69282,0,0,2,6,2,5,2,4,1,01,1,2,000,000,2,0,1,4,1,42,0,1,9,00,2,4,1,201300033986A01,7,0,1
201300034006,2013-02-17,2013,février,dimanche,15:40,69,69286,0,0,2,2,3,1,1,4,2,02,1,-1,000,117,1,0,1,4,1,16,0,1,9,00,2,1,1,201300034006B01,7,15,1
201300034018,2013-09-23,2013,septembre,lundi,17:40,69,69286,0,0,2,1,6,1,1,4,2,02,1,-1,000,042,1,0,1,4,1,67,9,1,2,00,2,1,18,201300034018B01,7,22,1
201300034023,2013-03-06,2013,mars,mercredi,90:5,69,69290,0,0,2,2,3,1,2,4,2,02,1,1,000,000,2,0,1,4,2,29,4,1,2,00,2,7,1,201300034023A01,7,15,1
201300034037,2013-05-28,2013,mai,mardi,16:50,69,69290,0,0,2,6,3,1,3,4,2,02,1,1,000,000,2,0,1,4,1,54,1,1,2,00,2,7,1,201300034037B01,7,1,1
201300034058,2013-10-16,2013,octobre,mercredi,18:50,69,69290,0,0,2,1,5,5,2,3,2,00,1,1,000,058,2,0,1,4,1,14,5,1,2,00,2,1,19,201300034058C01,7,1,2
201300034078,2013-07-19,2013,juillet,vendredi,19:00,70,70285,0,0,2,1,3,1,1,3,1,01,2,2,000,000,1,0,1,4,2,22,5,1,9,00,0,7,0,201300034078B01,7,0,1
201300034082,2013-04-14,2013,avril,dimanche,11:10,70,70513,0,0,1,3,3,1,1,3,2,02,4,2,000,000,1,0,1,3,1,25,5,1,2,00,2,8,15,201300034082B01,7,17,1
201300034090,2013-07-21,2013,juillet,dimanche,13:15,70,70550,0,0,2,1,3,1,1,4,2,02,2,1,000,078,1,5,1,4,1,37,5,1,2,00,2,1,23,201300034090B01,7,13,1
201300034094,2013-09-03,2013,septembre,mardi,14:50,70,70550,0,0,2,3,3,1,1,4,2,02,1,1,000,069,1,0,1,4,2,81,3,1,4,00,2,8,9,201300034094B01,7,9,1
201300034104,2013-01-03,2013,janvier,jeudi,10:35,71,71076,46.79487,4.84708,2,3,3,1,1,4,2,02,1,1,000,093,1,0,1,3,1,65,5,1,9,00,2,8,1,201300034104B01,7,1,1
201300034120,2013-04-23,2013,avril,mardi,14:35,71,71076,46.78279,4.8474,2,1,6,1,1,4,3,02,1,1,000,037,1,0,1,3,1,14,5,1,9,00,2,8,0,201300034120A01,7,1,1
201300034123,2013-05-02,2013,mai,jeudi,15:00,71,71475,0,0,1,9,3,1,1,2,1,02,1,2,000,085,1,0,1,3,1,60,5,1,9,00,2,2,1,201300034123B01,7,9,1
201300034125,2013-06-03,2013,juin,lundi,13:25,71,71076,46.77801,4.83946,2,1,3,1,1,4,1,01,1,-1,000,084,1,0,1,3,1,18,2,1,2,00,2,1,5,201300034125A01,7,1,1
201300034152,2013-07-24,2013,juillet,mercredi,90:0,71,71153,0,0,2,9,3,1,1,4,2,03,1,1,000,000,1,0,1,3,1,63,5,1,2,00,2,7,1,201300034152Y01,7,15,1
201300034155,2013-08-31,2013,août,samedi,15:45,71,71540,0,0,1,9,6,1,1,4,1,02,1,2,000,000,1,5,1,4,2,52,5,1,2,00,0,4,1,201300034155B01,7,1,1
201300034156,2013-09-02,2013,septembre,lundi,13:35,71,71540,0,0,2,9,6,1,1,4,1,02,1,-1,000,000,1,5,1,3,1,54,1,1,2,00,2,7,1,201300034156B01,7,9,1
201300034162,2013-11-22,2013,novembre,vendredi,11:10,71,71153,46.80478,4.45951,2,3,3,1,4,4,2,04,1,1,000,000,5,0,1,4,1,68,5,1,2,00,2,7,1,201300034162B01,7,15,1
201300034199,2013-01-11,2013,janvier,vendredi,80:0,72,72181,0,0,2,6,3,2,2,4,3,04,1,1,000,000,2,0,0,4,1,50,1,1,2,00,2,1,1,201300034199B01,7,9,1
201300034206,2013-03-05,2013,mars,mardi,10:30,72,72181,0,0,2,1,3,1,1,4,2,06,2,1,000,000,1,0,1,4,1,48,0,1,9,00,0,2,1,201300034206B01,7,9,1
201300034208,2013-03-28,2013,mars,jeudi,13:10,72,72181,0,0,1,1,6,1,1,4,1,01,1,1,000,000,1,0,1,4,1,60,0,1,9,00,2,0,1,201300034208B01,33,16,1
201300034210,2013-04-18,2013,avril,jeudi,11:57,72,72181,0,0,2,3,3,1,1,4,2,02,1,1,000,000,1,0,1,3,1,32,0,1,9,00,2,1,1,201300034210B01,7,1,1
201300034215,2013-05-29,2013,mai,mercredi,16:50,72,72181,0,0,2,1,6,1,1,4,3,05,1,1,000,000,1,0,1,4,2,31,0,1,9,00,0,4,1,201300034215B01,10,14,1
201300034218,2013-07-04,2013,juillet,jeudi,15:30,72,72181,0,0,1,1,2,1,1,3,3,03,2,1,000,080,1,0,1,2,1,75,5,1,2,00,0,4,1,201300034218B01,10,12,1
201300034237,2013-07-27,2013,juillet,samedi,13:00,73,73008,45.69385,5.9104,2,1,2,1,1,4,2,02,1,1,000,055,1,0,1,3,2,51,1,1,9,00,2,1,2,201300034237B01,30,1,1
201300034238,2013-08-17,2013,août,samedi,10:30,73,73008,45.69458,5.91027,2,2,3,1,1,4,2,02,2,1,000,075,1,0,1,4,1,48,0,1,9,00,2,1,15,201300034238B01,33,1,1
201300034255,2013-08-12,2013,août,lundi,18:10,73,73065,45.56964,5.91116,2,2,3,1,1,4,2,02,2,1,000,065,1,5,1,3,1,35,5,1,2,09,2,1,1,201300034255A01,7,10,1
201300034287,2013-07-16,2013,juillet,mardi,17:35,74,74093,0,0,2,3,6,1,1,4,2,02,-1,3,000,000,1,0,1,3,1,31,9,1,2,00,0,1,1,201300034287B01,7,15,1
201300034330,2013-07-22,2013,juillet,lundi,18:05,74,74012,0,0,2,1,6,1,1,4,1,02,2,1,000,000,1,0,1,3,1,40,5,1,8,00,2,1,2,201300034330A01,7,23,2
201300034339,2013-10-03,2013,octobre,jeudi,17:45,74,74118,0,0,2,6,3,1,1,3,4,02,1,-1,000,000,1,5,1,4,1,57,5,1,2,00,2,1,2,201300034339B01,7,9,1
201300034341,2013-10-16,2013,octobre,mercredi,90:0,74,74012,0,0,2,2,3,1,1,4,2,02,1,-1,000,000,1,0,1,4,2,36,3,1,2,00,2,0,1,201300034341B01,7,9,1
201300034346,2013-12-04,2013,décembre,mercredi,54:0,74,74008,0,0,2,3,6,5,5,3,2,04,1,1,000,000,7,0,1,3,2,51,1,1,4,00,2,1,2,201300034346B01,7,15,1
201300034366,2013-07-12,2013,juillet,vendredi,19:30,74,74119,0,0,2,1,6,1,1,4,2,02,-1,-1,000,000,-1,0,1,3,1,17,5,1,2,00,2,1,0,201300034366A01,37,1,1
201300034368,2013-08-01,2013,août,jeudi,19:10,74,74218,0,0,2,2,3,1,1,4,2,01,1,1,000,000,1,0,5,4,1,47,5,1,9,00,0,1,1,201300034368B01,7,1,1
201300034379,2013-10-30,2013,octobre,mercredi,70:0,74,74281,0,0,2,1,5,2,1,4,2,02,1,1,000,073,1,0,1,1,1,31,1,1,9,00,0,4,13,201300034379C01,33/ 7,13/1,2
201300034380,2013-10-26,2013,octobre,samedi,92:0,74,74218,0,0,2,3,3,1,1,3,2,02,4,-1,000,000,1,5,1,3,1,44,5,1,9,00,2,1,1,201300034380B01,7,1,1
201300034385,2013-11-14,2013,novembre,jeudi,10:55,74,74281,0,0,2,3,3,1,1,4,1,01,1,2,000,000,1,0,1,3,1,30,5,1,2,00,2,1,0,201300034385A01,7,16,1
201300034387,2013-11-29,2013,novembre,vendredi,17:50,74,74281,0,0,2,1,1,5,1,4,2,02,1,3,000,000,1,4,1,3,1,40,1,1,9,00,2,1,1,201300034387B01,7,11,1
201300034391,2013-07-06,2013,juillet,samedi,83:0,76,76384,49.52817,0.5434,2,1,2,1,1,3,2,02,1,1,000,057,1,0,1,3,1,62,5,1,9,00,2,4,2,201300034391B01,7,2,1
201300034396,2013-12-12,2013,décembre,jeudi,14:30,76,76476,49.49619,0.54892,1,1,3,1,1,3,2,03,1,1,000,125,1,0,1,3,1,78,5,1,2,00,2,3,2,201300034396B01,10,17,1
201300034435,2013-06-21,2013,juin,vendredi,17:00,76,76217,49.91787,1.09069,2,1,1,1,1,4,2,02,1,1,000,078,1,0,1,4,1,70,5,1,2,00,2,1,0,201300034435A01,7,0,1
201300034439,2013-07-08,2013,juillet,lundi,14:50,76,76707,49.87294,1.10014,1,6,3,1,1,3,,,,,,,,,,3,1,82,5,1,2,00,2,8,2,201300034439B01,17,0,1
201300034474,2013-03-09,2013,mars,samedi,16:45,76,76486,49.33112,0.99337,1,1,7,1,1,4,2,02,2,1,000,000,9,0,1,3,1,60,5,1,2,00,0,0,1,201300034474A01,,,
201300034487,2013-12-28,2013,décembre,samedi,11:50,76,76600,49.7418,0.36805,2,2,3,1,1,4,2,02,1,1,000,035,1,0,1,3,2,74,5,1,4,00,2,1,16,201300034487B01,7,1,1
201300034492,2013-01-10,2013,janvier,jeudi,12:40,76,76351,49.52034,0.08285,2,1,3,1,2,4,2,02,1,1,000,062,2,0,1,3,1,92,5,1,9,00,2,8,15,201300034492B01,7,1,1
201300034506,2013-01-30,2013,janvier,mercredi,83:0,76,76351,49.48725,0.12593,2,3,3,2,3,4,2,02,1,1,000,054,2,0,0,4,1,25,1,1,2,00,2,8,1,201300034506B01,7,15,1
201300034540,2013-03-24,2013,mars,dimanche,12:35,76,76351,49.52418,0.13247,2,1,7,1,1,5,-1,00,-1,-1,000,000,-1,0,0,3,1,14,5,1,9,00,0,0,0,201300034540A01,,,
201300034553,2013-04-18,2013,avril,jeudi,16:55,76,76351,49.49387,0.11837,2,2,3,1,1,4,1,02,1,1,000,000,1,0,1,4,2,21,5,1,9,00,2,1,1,201300034553A01,7,1,1
201300034581,2013-06-09,2013,juin,dimanche,16:45,76,76351,49.48446,0.10355,2,3,6,1,1,4,2,02,1,1,000,080,1,0,0,4,2,53,5,1,9,00,1,1,1,201300034581A01,,,
201300034590,2013-06-21,2013,juin,vendredi,18:15,76,76351,49.50091,0.13057,2,3,3,1,1,4,1,02,1,1,000,000,1,0,0,4,1,19,5,1,9,00,2,1,1,201300034590A01,7,16,1
201300034595,2013-07-03,2013,juillet,mercredi,16:15,76,76351,49.49428,0.13824,2,2,6,1,1,4,3,04,1,1,000,180,1,0,0,1,1,21,0,1,9,00,1,1,1,201300034595A01,,,
201300034601,2013-07-09,2013,juillet,mardi,19:15,76,76351,49.51982,0.11479,2,1,3,1,1,4,2,02,1,1,000,110,1,0,4,4,1,8,5,1,9,00,2,1,1,201300034601A01,7,23,1
201300034602,2013-07-10,2013,juillet,mercredi,93:0,76,76351,49.5087,0.12194,2,1,6,1,1,4,1,01,2,1,000,048,1,0,1,4,1,24,5,1,9,00,2,3,9,201300034602B01,7,1,1
201300034604,2013-07-11,2013,juillet,jeudi,10:5,76,76351,49.49876,0.13599,2,2,3,5,1,4,1,01,1,1,000,073,1,0,1,4,1,21,5,1,9,00,2,8,1,201300034604A01,7,1,1
201300034610,2013-07-21,2013,juillet,dimanche,18:30,76,76552,49.50354,0.08665,2,3,3,1,1,3,2,02,2,1,000,070,1,0,1,3,1,67,0,1,9,00,2,8,16,201300034610B01,7,1,1
201300034614,2013-08-04,2013,août,dimanche,17:40,76,76351,49.49731,0.12793,2,1,3,1,1,4,2,04,1,1,000,063,1,4,1,4,1,43,5,1,2,00,2,3,19,201300034614A01,7,1,1
201300034615,2013-08-06,2013,août,mardi,12:35,76,76351,49.47559,0.17571,2,1,7,1,1,5,2,02,1,1,000,000,1,0,1,4,1,48,5,1,9,00,0,0,1,201300034615A01,,,
201300034618,2013-08-10,2013,août,samedi,21:30,76,76351,49.52133,0.1602,2,2,7,2,1,3,2,03,1,1,000,130,1,0,1,4,1,63,5,1,9,00,0,0,16,201300034618A01,,,
201300034630,2013-09-05,2013,septembre,jeudi,16:30,76,76351,49.50115,0.13054,2,3,3,1,1,4,2,04,2,1,000,120,1,0,0,4,1,41,0,1,9,00,2,1,1,201300034630B01,7,14,1
201300034632,2013-09-06,2013,septembre,vendredi,21:30,76,76351,49.50309,0.1322,2,1,7,5,1,4,1,02,2,1,000,000,1,1,1,1,1,19,5,1,9,14,0,0,0,201300034632A01,,,
201300034632,2013-09-06,2013,septembre,vendredi,21:30,76,76351,49.50309,0.1322,2,1,7,5,1,4,1,02,2,1,000,000,1,1,1,3,1,17,5,1,9,14,0,0,0,201300034632A01,,,
201300034643,2013-09-24,2013,septembre,mardi,10:20,76,76552,49.50095,0.07919,2,1,7,1,1,3,2,02,2,1,000,056,1,0,1,3,2,33,5,1,9,00,0,1,1,201300034643A01,,,
201300034653,2013-10-20,2013,octobre,dimanche,19:45,76,76351,49.50754,0.13925,2,1,6,5,1,4,-1,02,2,1,000,110,1,0,4,3,1,27,5,1,9,15,0,1,1,201300034653A01,,,
201300034654,2013-10-23,2013,octobre,mercredi,74:0,76,76305,49.49726,0.21119,1,1,3,2,1,5,2,02,1,1,000,080,1,0,1,4,1,51,1,1,4,00,2,1,1,201300034654B01,7,15,1
201300034663,2013-11-01,2013,novembre,vendredi,23:20,76,76351,49.49828,0.12298,2,2,6,5,2,4,2,02,1,1,000,083,2,0,1,4,2,23,5,1,9,01,0,3,15,201300034663A01,,,
201300034688,2013-12-01,2013,décembre,dimanche,14:10,76,76552,49.50264,0.08553,2,4,6,1,1,3,-1,00,2,1,000,000,1,0,1,4,1,15,0,1,2,00,2,7,1,201300034688A01,7,9,1
201300034713,2013-12-19,2013,décembre,jeudi,19:00,76,76540,49.43392,1.0918,2,1,6,5,1,3,2,02,1,1,000,060,1,0,1,1,1,21,1,1,4,00,1,1,17,201300034713A01,,,
201300034714,2013-12-20,2013,décembre,vendredi,81:0,76,76540,49.43622,1.11214,2,4,6,2,2,3,2,02,2,1,,,2,5,1,4,2,51,0,1,9,00,2,0,1,201300034714B01,7,15,1
201300034715,2013-12-17,2013,décembre,mardi,17:05,76,76540,49.43426,1.08143,2,3,3,1,1,4,2,02,1,1,000,060,1,0,1,4,1,14,0,1,9,00,2,0,5,201300034715A01,7,0,1
201300034725,2013-01-15,2013,janvier,mardi,15:20,76,76322,49.41429,1.04468,2,6,6,1,1,3,3,04,-1,-1,000,000,1,5,1,3,1,83,5,1,9,00,2,7,1,201300034725B01,7,0,1
201300034766,2013-04-02,2013,avril,mardi,12:55,76,76322,49.4174,1.04695,2,2,3,1,1,2,3,04,1,1,,,1,0,1,3,1,17,0,1,9,00,2,0,19,201300034766A01,7,1,1
201300034799,2013-05-26,2013,mai,dimanche,20:30,76,76474,49.47794,1.05889,2,1,3,1,1,4,2,02,2,4,000,042,1,0,1,3,1,11,5,1,2,00,2,1,1,201300034799A01,7,1,1
201300034813,2013-06-10,2013,juin,lundi,11:5,76,76681,49.41103,1.09314,2,2,3,5,1,4,,,,,,,,,,4,1,61,0,1,9,00,2,1,0,201300034813B01,7,13,1
201300034814,2013-04-28,2013,avril,dimanche,15:50,76,76540,49.43955,1.11063,2,2,3,1,1,5,2,01,1,1,000,000,1,0,1,4,1,50,5,1,2,00,2,1,1,201300034814A01,7,1,1
201300034821,2013-06-18,2013,juin,mardi,84:5,76,76319,49.34519,0.979,2,2,3,1,2,5,2,02,1,1,000,000,2,0,1,3,1,71,5,1,2,00,2,0,0,201300034821B01,7,19,1
201300034835,2013-06-14,2013,juin,vendredi,19:05,76,76322,49.39891,1.05792,2,1,3,1,1,4,3,02,1,1,005,020,1,0,1,4,1,53,1,1,2,00,2,1,19,201300034835A01,7,1,1
201300034876,2013-09-11,2013,septembre,mercredi,17:35,76,76575,49.3719,1.09796,2,1,3,1,1,4,3,02,1,1,005,079,1,0,1,4,2,13,2,1,2,00,2,7,19,201300034876B01,7,1,1
201300034892,2013-10-05,2013,octobre,samedi,17:00,76,76474,49.48586,1.06172,2,1,6,1,1,3,2,01,1,1,000,060,1,0,1,3,1,52,5,1,9,00,2,1,1,201300034892B01,7,0,1
201300034898,2013-10-16,2013,octobre,mercredi,80:0,76,76497,49.39071,1.02169,2,2,3,1,2,4,2,02,1,1,,,2,0,1,4,1,21,1,1,9,08,2,0,14,201300034898A01,7,16,1
201300034900,2013-10-19,2013,octobre,samedi,11:40,76,76484,49.3433,1.06905,1,1,3,1,2,3,2,02,1,1,000,000,2,0,1,4,1,47,5,1,9,00,2,8,0,201300034900B01,7,1,1
201300034925,2013-11-16,2013,novembre,samedi,16:30,76,76212,49.45333,1.15859,2,1,2,1,1,3,2,02,1,1,000,037,1,0,1,4,2,25,5,1,4,00,2,4,1,201300034925B01,7,1,1
201300034927,2013-11-22,2013,novembre,vendredi,85:0,76,76540,49.43323,1.08531,2,2,3,1,1,3,3,05,1,1,000,000,1,0,1,4,1,37,5,1,9,00,2,4,19,201300034927B01,7,1,1
201300034953,2013-02-18,2013,février,lundi,90:3,77,77108,0,0,2,1,2,1,1,3,2,02,2,-1,000,058,1,0,1,4,1,31,1,1,4,00,2,4,1,201300034953B01,7,1,1
201300034958,2013-06-28,2013,juin,vendredi,15:25,77,77108,48.86695,2.59339,2,1,6,1,2,4,2,02,1,1,000,050,2,0,1,3,1,64,5,1,9,00,2,1,19,201300034958A01,7,1,1
201300034986,2013-09-30,2013,septembre,lundi,18:10,77,77131,48.80467,3.07925,2,1,1,1,1,4,2,02,2,3,000,000,1,0,1,4,1,15,5,1,2,00,2,1,13,201300034986A01,7,0,1
201300035007,2013-10-08,2013,octobre,mardi,16:10,77,77131,0,0,2,3,3,1,1,9,2,02,1,1,000,060,1,0,1,4,1,23,1,1,2,00,2,3,1,201300035007B01,7,1,1
201300035019,2013-05-17,2013,mai,vendredi,17:50,77,77186,0,0,1,1,2,1,1,3,2,02,1,1,043,036,1,5,1,3,1,33,5,1,2,00,2,4,15,201300035019B01,33,17,1
201300035023,2013-07-18,2013,juillet,jeudi,10:29,77,77186,0,0,1,2,5,1,1,3,2,02,1,1,000,070,1,5,1,3,1,60,5,1,2,00,2,8,1,201300035023B01,7,15,1
201300035023,2013-07-18,2013,juillet,jeudi,10:29,77,77186,0,0,1,2,5,1,1,3,2,02,1,1,000,070,1,5,1,4,1,72,5,1,2,00,2,1,1,201300035023C01,7,15,1
201300035023,2013-07-18,2013,juillet,jeudi,10:29,77,77186,0,0,1,2,5,1,1,3,2,02,1,1,000,070,1,5,1,4,1,61,5,1,2,00,2,1,1,201300035023D01,7,15,1
201300035025,2013-08-04,2013,août,dimanche,10:15,77,77186,48.40445,2.70064,2,1,3,1,1,4,3,02,1,1,000,096,1,0,1,3,1,78,5,1,2,01,0,1,2,201300035025B01,7,2,1
201300035030,2013-10-11,2013,octobre,vendredi,16:35,77,77442,0,0,1,1,2,2,3,3,2,02,1,1,000,000,2,0,1,3,1,68,5,1,2,00,2,4,2,201300035030B01,7,2,1
201300035042,2013-07-11,2013,juillet,jeudi,11:00,77,77237,0,0,2,1,3,1,7,3,2,02,1,1,000,035,1,0,1,3,1,58,5,1,2,00,2,8,2,201300035042A01,7,17,1
201300035056,2013-10-02,2013,octobre,mercredi,10:20,77,77284,0,0,1,1,3,1,1,4,2,02,2,2,000,080,1,0,1,3,1,56,5,1,9,00,2,0,1,201300035056B01,7,1,1
201300035104,2013-05-12,2013,mai,dimanche,11:50,77,77251,48.62211,2.52852,1,1,7,1,1,4,2,02,1,1,000,090,1,0,1,3,1,57,5,1,2,00,0,1,1,201300035104B01,7,1,1
201300035111,2013-06-30,2013,juin,dimanche,82:6,77,77445,48.60339,2.5595,2,6,2,1,1,4,1,02,1,2,070,087,1,5,1,3,1,63,5,1,9,00,2,6,2,201300035111Y01,7,2,1
201300035113,2013-07-26,2013,juillet,vendredi,61:5,77,77296,0,0,1,1,3,3,3,3,2,02,1,1,000,000,2,0,1,4,2,39,5,1,9,00,2,6,13,201300035113A01,7,2,1
201300035124,2013-10-28,2013,octobre,lundi,15:25,77,77122,0,0,2,6,2,1,1,3,3,02,1,2,000,060,1,0,1,4,1,29,1,1,9,00,0,4,1,201300035124B01,7,9,1
201300035149,2013-04-15,2013,avril,lundi,18:05,77,77491,0,0,2,3,3,1,1,3,3,02,1,1,000,077,1,0,1,3,1,74,0,1,2,00,2,1,1,201300035149B01,7,15,1
201300035150,2013-06-27,2013,juin,jeudi,18:05,77,77491,48.38154,2.80599,2,1,3,1,1,4,2,02,1,1,000,032,1,0,1,2,1,5,5,1,9,00,0,8,1,201300035150B01,10,17,1
201300035152,2013-08-04,2013,août,dimanche,10:35,77,77501,0,0,2,3,3,1,1,3,2,02,2,1,000,064,1,0,1,4,1,60,5,1,9,00,2,1,1,201300035152B01,7,11,1
201300035153,2013-12-15,2013,décembre,dimanche,15:20,77,77079,0,0,2,4,3,1,1,4,2,02,1,1,000,000,1,5,1,3,1,75,5,1,9,00,2,0,1,201300035153B01,7,1,1
201300035196,2013-10-22,2013,octobre,mardi,14:25,77,77258,0,0,2,3,6,1,1,4,2,02,1,-1,000,000,1,5,1,4,1,21,5,1,9,00,2,1,1,201300035196B01,7,9,1
201300035214,2013-05-05,2013,mai,dimanche,19:15,77,77350,0,0,2,1,3,1,1,3,2,02,1,1,000,000,1,0,1,3,1,50,1,1,2,00,0,0,1,201300035214B01,99,0,1
201300035218,2013-06-13,2013,juin,jeudi,75:0,77,77390,0,0,1,1,2,1,1,3,2,02,1,1,000,000,1,0,1,3,2,67,9,1,4,00,2,4,1,201300035218B01,7,1,1
201300035225,2013-07-21,2013,juillet,dimanche,14:05,77,77249,0,0,2,6,6,1,1,3,2,02,1,1,000,056,1,0,0,3,2,22,5,1,2,00,0,2,0,201300035225B01,7,9,1
201300035233,2013-11-03,2013,novembre,dimanche,11:25,77,77374,0,0,1,6,3,1,1,3,1,02,1,-1,000,000,1,5,1,3,1,45,5,1,2,00,0,4,1,201300035233B01,7,9,1
201300035243,2013-11-22,2013,novembre,vendredi,11:24,77,77459,0,0,1,1,3,1,8,3,2,02,1,1,000,070,2,0,1,4,1,40,5,1,9,00,2,8,0,201300035243B01,13,2,1
201300035278,2013-05-06,2013,mai,lundi,15:00,78,78172,0,0,2,4,3,1,1,4,1,01,1,1,000,054,1,0,1,3,1,14,5,1,2,00,2,8,19,201300035278B01,7,1,1
201300035281,2013-10-23,2013,octobre,mercredi,10:15,78,78172,0,0,2,2,3,1,7,3,2,02,-1,-1,000,000,1,0,1,3,1,69,3,1,4,00,2,8,19,201300035281B01,7,15,1
201300035285,2013-01-05,2013,janvier,samedi,16:25,78,78208,0,0,2,1,7,2,2,3,2,02,1,1,000,060,2,0,1,3,2,42,5,1,2,00,2,4,1,201300035285B01,7,17,1
201300035285,2013-01-05,2013,janvier,samedi,16:25,78,78208,0,0,2,1,7,2,2,3,2,02,1,1,000,060,2,0,1,4,1,13,5,1,2,00,2,6,1,201300035285C01,7,17,1
201300035287,2013-09-28,2013,septembre,samedi,17:20,78,78383,0,0,2,1,2,1,2,4,2,02,1,1,000,000,1,0,1,4,1,11,5,1,2,00,2,1,2,201300035287A01,7,2,1
201300035308,2013-06-22,2013,juin,samedi,11:13,78,78383,0,0,2,1,2,1,1,4,2,02,1,1,000,070,1,0,1,4,1,73,3,1,9,00,2,3,15,201300035308A01,7,23,1
201300035312,2013-08-31,2013,août,samedi,15:48,78,78383,0,0,2,1,5,1,1,4,2,02,1,1,015,065,1,0,1,4,1,14,3,1,4,00,2,7,19,201300035312B01,7,1,2
201300035315,2013-09-05,2013,septembre,jeudi,18:50,78,78208,0,0,2,1,6,1,1,4,3,04,1,1,000,000,1,0,1,4,2,19,4,1,2,00,2,6,19,201300035315B01,7,1,1
201300035319,2013-10-08,2013,octobre,mardi,10:25,78,78397,0,0,2,1,6,1,1,4,2,02,1,1,000,000,1,0,1,4,1,71,5,1,2,00,2,1,1,201300035319B01,7,4,1
201300035341,2013-02-12,2013,février,mardi,10:00,78,78297,48.76106,2.07019,2,1,6,1,1,3,3,00,1,3,000,000,1,0,1,4,1,36,0,1,2,01,0,1,2,201300035341A01,,,
201300035345,2013-04-02,2013,avril,mardi,19:00,78,78297,0,0,2,1,3,1,1,4,-1,00,-1,-1,000,000,1,0,1,4,2,28,1,1,9,00,0,8,1,201300035345B01,1,1,1
201300035345,2013-04-02,2013,avril,mardi,19:00,78,78297,0,0,2,1,3,1,1,4,-1,00,-1,-1,000,000,1,0,1,1,1,60,5,1,9,00,2,4,1,201300035345A01,1,1,1
201300035353,2013-06-04,2013,juin,mardi,92:5,78,78297,0,0,1,1,6,1,1,4,-1,00,1,1,000,000,1,1,1,3,1,54,0,1,9,14,0,1,1,201300035353A01,,,
201300035365,2013-09-23,2013,septembre,lundi,17:02,78,78688,0,0,2,3,6,1,1,4,2,04,1,1,000,230,1,0,1,4,1,11,2,1,9,00,2,5,19,201300035365B01,7,15,1
201300035371,2013-11-19,2013,novembre,mardi,80:5,78,78297,0,0,2,1,3,2,2,4,2,02,1,1,000,000,2,0,1,4,1,15,2,1,9,00,2,7,0,201300035371B01,37,1,1
201300035380,2013-07-05,2013,juillet,vendredi,83:0,78,78311,0,0,2,1,1,1,1,4,2,01,1,1,000,056,1,0,5,4,1,57,5,1,2,00,2,1,5,201300035380B01,10,9,1
201300035412,2013-04-17,2013,avril,mercredi,95:0,78,78362,0,0,2,2,3,1,1,4,2,02,2,1,000,059,1,0,1,3,1,70,5,1,9,00,2,1,1,201300035412A01,7,1,1
201300035449,2013-03-07,2013,mars,jeudi,16:00,78,78372,0,0,2,2,1,1,1,3,2,02,1,-1,000,097,1,0,1,4,1,40,1,1,9,00,2,3,2,201300035449B01,7,15,1
201300035481,2013-04-17,2013,avril,mercredi,15:10,78,78029,0,0,1,1,3,1,1,4,-1,01,1,1,000,000,1,0,1,4,2,11,5,1,9,00,0,3,19,201300035481B01,7,13,1
201300035488,2013-05-28,2013,mai,mardi,12:50,78,78299,0,0,2,1,1,1,2,3,2,02,1,1,000,000,2,0,1,4,1,63,5,1,9,00,2,1,0,201300035488B01,7,15,1
201300035513,2013-08-13,2013,août,mardi,18:50,78,78440,0,0,2,1,6,1,1,4,2,02,1,1,000,000,1,0,1,3,2,7,5,1,9,00,2,8,1,201300035513B01,7,1,1
201300035527,2013-10-01,2013,octobre,mardi,81:5,78,78029,0,0,2,6,6,1,1,4,2,02,-1,-1,000,000,1,0,1,3,1,32,0,1,9,00,0,1,0,201300035527Y01,7,9,1
201300035528,2013-10-07,2013,octobre,lundi,19:00,78,78440,0,0,2,1,3,1,1,4,1,01,1,1,000,000,1,0,1,4,1,22,9,1,9,00,0,1,0,201300035528B01,7,15,1
201300035540,2013-01-08,2013,janvier,mardi,82:0,78,78165,48.8277,1.98252,2,1,6,1,2,4,1,01,1,1,000,023,2,0,1,3,1,13,2,1,9,00,2,1,0,201300035540B01,7,9,1