Num_Acc,date,an,mois,jour,hrmn,dep,com,lat,long,agg,int,col,lum,atm,catr,circ,nbv,prof,plan,lartpc,larrout,surf,infra,situ,grav,sexe,age,trajet,secuexist,equipement,obs,obsm,choc,manv,vehiculeid,typevehicules,manoeuvehicules,numVehicules
201300035545,2013-02-12,2013,février,mardi,92:5,78,78490,48.827,1.96397,2,6,3,1,2,3,3,03,1,1,000,000,2,0,1,3,1,51,0,1,2,00,2,1,21,201300035545B01,7,9,1
201300035558,2013-08-22,2013,août,jeudi,12:10,78,78165,0,0,2,6,2,1,1,4,3,02,1,2,000,061,1,0,1,4,2,17,3,1,9,00,0,4,2,201300035558B01,7,1,1
201300035582,2013-09-04,2013,septembre,mercredi,19:15,78,78672,0,0,2,4,7,1,1,3,2,02,2,2,000,000,1,0,1,3,1,43,0,1,2,00,0,0,9,201300035582B01,7,2,1
201300035588,2013-10-11,2013,octobre,vendredi,19:35,78,78643,0,0,2,6,3,2,1,3,2,02,1,2,000,000,1,0,1,4,1,18,0,1,9,00,2,7,15,201300035588B01,7,16,1
201300035592,2013-12-28,2013,décembre,samedi,12:20,78,78642,0,0,2,1,3,1,1,3,2,02,1,1,000,000,1,0,1,4,1,48,0,1,9,00,2,0,1,201300035592B01,7,10,1
201300035638,2013-04-23,2013,avril,mardi,82:0,78,78517,48.65891,1.85837,2,1,3,1,1,4,2,00,1,1,000,060,1,0,1,4,1,10,0,1,9,00,2,1,9,201300035638A01,7,1,1
201300035640,2013-04-29,2013,avril,lundi,12:30,78,78220,48.71842,1.89202,2,4,3,1,1,4,1,01,1,1,000,040,1,5,1,3,2,47,1,1,9,00,2,1,5,201300035640A01,7,15,1
201300035646,2013-07-26,2013,juillet,vendredi,19:30,78,78220,0,0,2,3,3,1,1,4,1,00,1,1,000,033,1,0,1,3,1,6,5,1,2,00,2,8,1,201300035646B01,31,1,1
201300035653,2013-10-17,2013,octobre,jeudi,18:20,78,78517,0,0,2,6,3,1,1,4,2,01,1,1,000,069,1,0,1,4,1,13,5,1,9,00,2,1,0,201300035653B01,7,1,1
201300035666,2013-06-25,2013,juin,mardi,16:30,78,78073,0,0,2,1,1,1,1,4,2,02,1,3,000,000,1,0,1,4,2,12,5,1,2,00,0,4,13,201300035666A01,7,2,1
201300035693,2013-01-14,2013,janvier,lundi,12:20,78,78586,48.93376,2.15121,2,2,3,1,1,3,2,01,1,1,000,060,1,0,1,4,1,14,5,1,9,00,2,8,19,201300035693B01,7,1,1
201300035696,2013-02-18,2013,février,lundi,84:5,78,78586,48.93085,2.15581,2,3,3,1,7,4,1,00,1,1,000,058,1,0,1,4,2,25,1,1,9,00,2,3,1,201300035696B01,7,9,1
201300035706,2013-06-26,2013,juin,mercredi,18:50,78,78586,0,0,2,1,3,1,1,4,2,02,1,1,019,080,1,0,1,4,1,10,5,1,9,00,2,3,19,201300035706B01,2,1,1
201300035723,2013-06-21,2013,juin,vendredi,75:5,78,78621,0,0,2,3,2,1,1,4,2,03,1,1,000,110,2,0,1,3,1,42,5,1,2,00,0,4,2,201300035723B01,7,2,1
201300035734,2013-12-29,2013,décembre,dimanche,12:15,78,78686,0,0,2,3,6,1,1,4,2,02,2,1,000,000,1,0,0,1,1,64,5,1,9,00,1,1,16,201300035734A01,,,
201300035743,2013-06-28,2013,juin,vendredi,14:45,78,78640,0,0,2,1,6,1,1,6,1,01,1,1,000,040,1,0,1,4,2,38,4,1,2,01,0,8,18,201300035743B01,7,2,1
201300035760,2013-04-07,2013,avril,dimanche,10:45,78,78524,0,0,1,1,5,1,1,3,3,04,1,1,004,240,1,0,1,4,1,17,5,1,2,00,2,4,2,201300035760C01,7,1,1
201300035760,2013-04-07,2013,avril,dimanche,10:45,78,78524,0,0,1,1,5,1,1,3,3,04,1,1,004,240,1,0,1,2,1,48,5,1,2,00,2,4,2,201300035760B01,7,1,1
201300035765,2013-09-26,2013,septembre,jeudi,17:17,78,78646,0,0,2,1,3,1,1,4,2,04,1,1,000,270,1,0,5,3,1,13,2,1,9,00,2,1,17,201300035765B01,7,9,1
201300035770,2013-09-15,2013,septembre,dimanche,12:00,78,78646,0,0,2,3,2,1,1,4,2,02,1,1,000,000,1,5,0,3,1,18,0,1,9,00,2,1,2,201300035770A01,7,2,1
201300035777,2013-10-12,2013,octobre,samedi,12:15,78,78646,0,0,2,1,6,1,1,4,2,01,1,1,000,050,1,0,1,3,1,39,0,1,9,01,2,3,0,201300035777B01,7,22/0,2
201300035788,2013-09-01,2013,septembre,dimanche,17:40,78,78650,0,0,2,1,3,1,1,3,2,02,-1,1,000,060,1,0,1,3,1,58,5,1,2,01,0,1,0,201300035788B01,7,22,1
201300035806,2013-02-08,2013,février,vendredi,12:35,79,79191,0,0,2,1,6,1,2,4,2,02,1,1,000,100,2,0,1,4,2,65,0,1,9,01,0,7,1,201300035806B01,7,24,1
201300035813,2013-09-20,2013,septembre,vendredi,72:0,79,79191,0,0,2,1,5,3,2,3,2,02,1,2,000,065,2,0,1,1,1,21,1,1,4,00,0,0,1,201300035813C01,7,1/21,2
201300035819,2013-12-04,2013,décembre,mercredi,25:,79,79191,0,0,1,1,7,3,1,3,3,04,1,1,020,175,1,0,1,3,1,31,1,1,4,00,2,6,2,201300035819B01,7,2,1
201300035826,2013-06-24,2013,juin,lundi,12:50,79,79191,0,0,2,3,7,1,1,4,2,02,1,1,000,115,1,0,1,4,1,15,0,1,9,00,2,3,16,201300035826A01,7,1,1
201300035828,2013-08-10,2013,août,samedi,17:15,79,79191,0,0,2,1,6,1,1,4,1,01,1,1,000,055,1,0,1,4,1,15,0,1,9,01,0,7,1,201300035828A01,,,
201300035845,2013-06-05,2013,juin,mercredi,10:35,79,79329,0,0,2,1,3,1,1,4,2,02,1,1,000,070,1,0,1,4,2,80,5,1,9,01,2,1,21,201300035845B01,7,24,1
201300035848,2013-06-30,2013,juin,dimanche,82:0,79,79329,0,0,2,1,7,1,1,4,2,02,2,1,000,070,1,0,1,4,1,17,1,1,2,00,2,0,15,201300035848A01,7,17,1
201300035860,2013-11-06,2013,novembre,mercredi,13:35,79,79329,0,0,2,2,3,1,1,3,2,02,3,3,000,070,1,0,1,4,1,13,2,1,2,00,2,1,19,201300035860A01,10,1,1
201300035865,2013-12-18,2013,décembre,mercredi,13:35,80,80001,50.10406,1.82794,2,6,3,1,1,4,-1,01,1,-1,010,064,1,0,1,3,1,51,1,1,9,16,0,2,19,201300035865B01,7,9,1
201300035874,2013-09-18,2013,septembre,mercredi,16:45,80,80001,50.1035,1.8262,2,3,3,1,1,4,1,01,1,1,000,065,1,0,4,4,1,35,5,1,2,00,0,1,1,201300035874A01,7,23,1
201300035880,2013-01-08,2013,janvier,mardi,18:30,80,80021,49.8779,2.28934,2,3,3,5,1,4,2,02,1,1,010,060,1,0,1,4,1,18,2,1,9,00,2,1,1,201300035880A01,7,16,1
201300035887,2013-01-16,2013,janvier,mercredi,16:30,80,80021,49.89242,2.28442,2,3,3,1,1,4,2,02,1,1,000,000,1,0,1,4,2,32,5,1,9,00,2,0,1,201300035887B01,7,15,1
201300035890,2013-01-25,2013,janvier,vendredi,13:40,80,80021,0,0,2,1,2,1,1,3,2,04,3,1,000,000,1,0,1,4,1,36,1,1,9,00,2,4,1,201300035890B01,15,1,1
201300035894,2013-02-04,2013,février,lundi,18:50,80,80021,49.89618,2.30007,2,2,3,5,1,4,2,02,1,1,000,000,1,0,1,4,1,44,0,1,9,00,2,1,1,201300035894A01,7,1,1
201300035894,2013-02-04,2013,février,lundi,18:50,80,80021,49.89618,2.30007,2,2,3,5,1,4,2,02,1,1,000,000,1,0,1,4,2,2,0,1,9,00,2,1,1,201300035894A01,7,1,1
201300035912,2013-03-04,2013,mars,lundi,18:05,80,80021,49.87761,2.28637,2,2,3,1,1,4,2,02,1,1,000,000,1,0,1,4,2,50,0,1,9,00,2,4,1,201300035912B01,7,15,1
201300035920,2013-03-18,2013,mars,lundi,21:15,80,80021,49.89788,2.29548,2,2,3,5,2,4,2,00,-1,-1,,,2,0,0,2,1,30,5,1,9,00,2,7,12,201300035920A01,17,1,1
201300035935,2013-04-12,2013,avril,vendredi,14:25,80,80021,49.88857,2.30399,2,1,3,1,1,4,2,02,1,1,000,000,1,0,1,4,1,16,0,1,9,00,0,0,16,201300035935A01,7,1,1
201300035937,2013-04-15,2013,avril,lundi,83:0,80,80725,0,0,2,6,3,1,1,3,2,02,1,1,000,000,2,0,1,4,1,35,5,1,9,00,2,8,15,201300035937B01,7,1,1
201300035946,2013-04-18,2013,avril,jeudi,16:35,80,80379,49.86286,2.37755,2,6,3,1,1,4,2,02,1,1,000,000,1,0,1,4,1,33,0,1,9,00,2,7,9,201300035946B01,7,9,1
201300035954,2013-05-10,2013,mai,vendredi,11:30,80,80021,49.90149,2.30649,2,3,3,1,1,4,2,02,1,1,000,000,1,0,1,4,1,77,0,1,9,00,2,1,15,201300035954A01,7,1,1
201300035956,2013-05-14,2013,mai,mardi,16:50,80,80021,49.89535,2.30632,2,1,6,1,1,4,2,02,1,1,000,000,1,0,1,4,1,21,0,1,9,00,2,1,19,201300035956B01,7,1,1
201300035963,2013-05-24,2013,mai,vendredi,16:50,80,80021,0,0,2,1,3,1,1,3,2,02,1,1,000,000,1,0,1,4,2,35,0,1,9,00,2,1,1,201300035963B01,7,1,1
201300035964,2013-05-27,2013,mai,lundi,16:30,80,80489,49.86802,2.35539,2,3,3,1,1,4,2,02,1,1,000,000,1,0,1,4,1,14,0,1,9,00,2,1,15,201300035964B01,7,1,1
201300035967,2013-06-03,2013,juin,lundi,17:55,80,80021,49.91457,2.25605,2,1,2,1,1,4,2,02,1,1,000,000,1,0,1,4,1,7,5,1,9,00,2,4,1,201300035967B01,2,1,1
201300035968,2013-06-04,2013,juin,mardi,12:35,80,80021,49.91576,2.24808,2,1,3,1,1,4,2,02,1,1,000,000,1,0,1,4,1,14,5,1,9,00,2,7,19,201300035968B01,7,17,1
201300035975,2013-06-10,2013,juin,lundi,85:0,80,80021,49.8962,2.30008,2,3,3,1,1,4,1,01,1,1,000,000,1,0,1,4,2,27,1,1,9,00,2,1,5,201300035975A01,7,1,1
201300035977,2013-06-11,2013,juin,mardi,93:0,80,80021,49.89015,2.29018,2,1,2,1,1,4,1,04,1,1,000,000,1,0,1,4,1,20,0,1,9,00,2,1,1,201300035977A01,7,1,1
201300035987,2013-06-25,2013,juin,mardi,13:30,80,80021,49.9036,2.30688,2,1,6,1,1,4,2,02,1,1,000,000,1,0,1,1,1,53,5,1,9,00,1,1,1,201300035987A01,,,
201300036013,2013-08-10,2013,août,samedi,14:0,80,80021,49.89603,2.30366,2,1,6,5,1,4,2,02,1,1,000,000,1,0,1,1,1,31,5,1,9,00,1,1,1,201300036013A01,,,
201300036013,2013-08-10,2013,août,samedi,14:0,80,80021,49.89603,2.30366,2,1,6,5,1,4,2,02,1,1,000,000,1,0,1,1,1,22,5,1,9,00,1,1,1,201300036013A01,,,
201300036016,2013-08-20,2013,août,mardi,18:18,80,80021,49.88551,2.31168,2,1,3,1,1,4,2,02,1,1,000,000,1,0,1,4,2,55,5,1,9,00,2,1,1,201300036016B01,7,15,1
201300036022,2013-08-27,2013,août,mardi,14:20,80,80021,49.89032,2.29089,2,3,3,1,1,4,2,02,1,1,000,000,1,0,2,4,1,25,5,1,9,00,2,1,19,201300036022B01,7,16,1
201300036023,2013-08-31,2013,août,samedi,19:15,80,80021,49.89452,2.29573,2,3,3,1,1,4,1,01,1,1,000,000,1,0,1,4,2,22,0,1,9,00,2,0,1,201300036023B01,7,15,1
201300036025,2013-09-02,2013,septembre,lundi,84:5,80,80021,49.89871,2.29024,2,6,3,1,1,4,1,02,1,2,000,000,1,0,1,2,1,36,5,1,9,00,2,7,1,201300036025B01,7,1,1
201300036031,2013-09-04,2013,septembre,mercredi,19:03,80,80489,49.87653,2.35148,2,1,3,1,1,4,2,02,2,1,000,000,1,0,1,4,1,56,0,1,9,00,2,4,0,201300036031B01,2,0,1
201300036043,2013-09-19,2013,septembre,jeudi,75:0,80,80021,49.88859,2.30306,2,1,3,1,1,4,2,05,1,1,000,000,1,0,1,4,2,16,2,1,9,00,2,7,19,201300036043A01,7,1,1
201300036059,2013-10-08,2013,octobre,mardi,95:0,80,80021,49.88387,2.28245,2,5,3,1,1,4,3,03,1,1,000,000,1,0,1,3,1,16,0,1,9,00,2,2,1,201300036059A01,7,1,1
201300036060,2013-10-08,2013,octobre,mardi,16:50,80,80021,49.89153,2.30264,2,1,6,1,1,9,-1,01,1,1,000,000,1,6,1,1,1,18,9,1,9,00,1,2,1,201300036060A01,,,
201300036060,2013-10-08,2013,octobre,mardi,16:50,80,80021,49.89153,2.30264,2,1,6,1,1,9,-1,01,1,1,000,000,1,6,1,3,2,56,0,1,9,00,1,2,1,201300036060A01,,,
201300036102,2013-12-11,2013,décembre,mercredi,13:40,80,80021,49.90492,2.27347,2,1,3,1,1,4,3,02,1,1,000,000,2,0,1,4,1,14,0,1,2,00,2,8,19,201300036102A01,7,1,1
201300036143,2013-02-21,2013,février,jeudi,19:00,81,81163,0,0,2,1,6,5,1,4,2,02,-1,1,000,060,1,0,1,4,1,10,5,1,2,00,2,7,19,201300036143B01,7,1,1
201300036147,2013-07-01,2013,juillet,lundi,19:00,81,81021,0,0,2,1,2,1,1,3,2,02,1,1,000,000,1,0,1,1,1,60,0,1,9,00,0,4,2,201300036147B01,2,2,1
201300036148,2013-08-04,2013,août,dimanche,17:50,81,81163,0,0,2,2,3,1,1,4,2,02,2,1,000,000,1,0,1,3,1,51,0,1,9,00,2,1,1,201300036148B01,7,15,1
201300036179,2013-03-11,2013,mars,lundi,12:50,82,82121,0,0,1,3,3,1,7,4,2,02,2,1,000,000,1,0,1,3,1,45,5,1,2,00,2,1,0,201300036179B01,7,15,1
201300036198,2013-08-27,2013,août,mardi,17:53,82,82121,0,0,2,2,3,1,1,4,2,02,1,1,000,000,1,0,1,3,1,59,1,1,2,00,2,7,1,201300036198B01,7,19,1
201300036199,2013-08-28,2013,août,mercredi,18:10,82,82121,0,0,2,1,3,1,1,2,2,01,1,1,000,000,1,0,5,4,2,60,1,1,9,00,2,1,1,201300036199B01,7,19,1
201300036204,2013-09-25,2013,septembre,mercredi,10:30,82,82121,0,0,2,2,3,1,7,4,2,02,1,1,000,000,1,0,1,4,2,39,4,1,9,00,2,8,1,201300036204B01,7,1,1
201300036220,2013-10-31,2013,octobre,jeudi,17:45,82,82121,0,0,2,1,6,2,1,4,1,01,1,1,000,000,1,0,1,1,1,15,2,1,2,00,1,1,5,201300036220A01,,,
201300036220,2013-10-31,2013,octobre,jeudi,17:45,82,82121,0,0,2,1,6,2,1,4,1,01,1,1,000,000,1,0,1,1,1,15,2,1,2,00,1,1,5,201300036220A01,,,
201300036228,2013-01-14,2013,janvier,lundi,10:55,83,83050,0,0,1,1,1,1,1,3,2,02,2,4,000,076,1,0,1,3,1,51,0,1,4,00,2,1,0,201300036228B01,7,0,1
201300036242,2013-08-12,2013,août,lundi,16:20,83,83141,0,0,1,1,2,1,1,3,1,02,1,1,000,073,1,0,1,2,1,48,5,1,2,00,2,6,2,201300036242B01,7,2,1
201300036263,2013-03-28,2013,mars,jeudi,10:50,83,83118,0,0,2,1,6,1,2,3,4,01,1,1,000,000,2,0,1,3,1,64,5,1,2,00,2,0,2,201300036263B01,7,2,1
201300036273,2013-05-31,2013,mai,vendredi,72:0,83,83061,43.38727,6.72241,2,1,6,1,1,4,2,01,2,1,000,000,1,0,4,2,1,26,5,1,9,01,0,0,0,201300036273A01,,,
201300036287,2013-08-02,2013,août,vendredi,82:5,83,83061,0,0,1,1,1,1,1,3,2,02,2,3,000,070,1,0,1,3,1,58,5,1,2,00,2,1,1,201300036287B01,10,13,1
201300036292,2013-08-28,2013,août,mercredi,10:47,83,83061,0,0,2,1,3,1,1,3,-1,01,1,2,000,128,1,0,1,3,2,56,5,1,9,00,2,8,1,201300036292B01,7,12,1
201300036296,2013-09-25,2013,septembre,mercredi,11:50,83,83061,0,0,1,9,3,1,1,3,2,02,2,2,000,000,-1,0,1,3,1,54,5,1,2,00,2,1,1,201300036296B01,7,11,1
201300036314,2013-01-06,2013,janvier,dimanche,17:50,83,83069,0,0,1,3,3,2,1,3,2,02,1,1,000,000,1,0,1,3,2,26,5,1,9,00,2,8,6,201300036314B01,7,1,1
201300036315,2013-01-16,2013,janvier,mercredi,21:15,83,83069,43.11763,6.1263,2,6,3,5,1,4,1,01,1,2,000,000,1,5,1,3,2,35,0,1,9,00,2,1,1,201300036315B01,7,1,1
201300036321,2013-04-01,2013,avril,lundi,17:00,83,83069,43.12395,6.11184,2,3,3,2,2,4,2,02,1,1,000,065,2,0,1,3,1,17,9,1,9,00,2,0,0,201300036321A01,7,0,1
201300036335,2013-06-23,2013,juin,dimanche,14:00,83,83069,0,0,1,3,3,1,1,3,2,02,1,1,105,077,1,0,1,3,1,46,5,1,9,00,2,8,15,201300036335B01,7,1,1
201300036344,2013-08-23,2013,août,vendredi,18:30,83,83069,0,0,1,3,3,1,1,3,2,02,1,1,000,065,1,5,5,3,1,44,5,1,9,00,2,7,1,201300036344B01,7,16,1
201300036352,2013-11-24,2013,novembre,dimanche,85:0,83,83069,0,0,2,3,3,1,1,3,2,02,1,1,000,034,1,0,1,3,1,56,5,1,2,00,2,1,1,201300036352Y01,7,15,1
201300036365,2013-06-05,2013,juin,mercredi,14:50,83,83129,43.1132,5.84787,2,1,3,1,1,4,2,02,2,1,000,060,1,0,1,4,2,52,5,1,9,00,2,1,1,201300036365B01,7,15,1
201300036369,2013-06-13,2013,juin,jeudi,83:5,83,83123,0,0,2,1,3,1,1,3,2,01,1,1,000,040,1,0,4,3,1,62,5,1,9,00,2,1,0,201300036369A01,7,1,1
201300036372,2013-07-19,2013,juillet,vendredi,83:0,83,83129,0,0,2,3,3,1,1,3,2,02,2,1,000,000,1,0,5,4,1,53,5,1,9,00,2,1,1,201300036372A01,7,16,1
201300036373,2013-07-20,2013,juillet,samedi,18:00,83,83129,0,0,2,1,1,1,1,3,2,02,1,1,180,058,1,0,5,4,1,51,5,1,9,00,2,1,0,201300036373B01,34,5,1
201300036377,2013-08-06,2013,août,mardi,10:45,83,83123,0,0,2,1,3,1,1,3,2,01,1,1,005,037,1,0,1,3,1,37,0,1,2,00,2,1,1,201300036377B01,13,9,1
201300036378,2013-08-10,2013,août,samedi,43:5,83,83129,0,0,2,1,1,5,1,3,2,02,1,1,000,030,1,0,1,4,1,34,0,1,9,00,2,0,1,201300036378B01,7,13,1
201300036384,2013-10-02,2013,octobre,mercredi,85:5,83,83129,0,0,2,1,3,1,1,3,2,02,1,1,017,073,1,0,5,3,1,79,5,1,2,00,2,8,1,201300036384B01,7,15,1
201300036392,2013-11-26,2013,novembre,mardi,10:15,83,83129,0,0,2,1,1,1,1,3,2,02,2,4,000,000,1,0,5,4,1,66,5,1,2,00,9,1,1,201300036392B01,1,5,1
201300036392,2013-11-26,2013,novembre,mardi,10:15,83,83129,0,0,2,1,1,1,1,3,2,02,2,4,000,000,1,0,5,3,1,76,5,1,2,00,2,1,5,201300036392A01,1,1,1
201300036398,2013-12-26,2013,décembre,jeudi,17:55,83,83129,0,0,2,6,3,5,6,3,1,01,1,3,000,093,1,0,1,3,1,73,5,1,9,00,2,7,1,201300036398B01,7,9,1
201300036421,2013-06-01,2013,juin,samedi,12:10,83,83126,0,0,2,1,3,1,1,3,2,02,2,1,000,000,1,0,1,1,1,17,5,1,9,00,2,1,15,201300036421A01,32,1,1
201300036423,2013-07-11,2013,juillet,jeudi,13:15,83,83126,0,0,2,1,1,1,1,3,2,02,1,1,000,000,1,0,1,3,1,57,5,1,9,00,2,0,15,201300036423A01,7,0,1
201300036431,2013-08-30,2013,août,vendredi,18:20,83,83126,0,0,2,1,3,1,1,3,3,01,1,1,000,049,1,0,1,4,1,13,5,1,9,00,2,1,19,201300036431B01,7,1,1
201300036431,2013-08-30,2013,août,vendredi,18:20,83,83126,0,0,2,1,3,1,1,3,3,01,1,1,000,049,1,0,1,4,2,12,5,1,9,00,2,1,19,201300036431B01,7,1,1
201300036438,2013-09-27,2013,septembre,vendredi,19:36,83,83126,43.07508,5.87604,2,3,5,1,1,4,2,02,1,-1,000,000,1,0,1,1,1,16,5,1,2,00,2,1,1,201300036438C01,7,15,1
201300036438,2013-09-27,2013,septembre,vendredi,19:36,83,83126,43.07508,5.87604,2,3,5,1,1,4,2,02,1,-1,000,000,1,0,1,4,1,43,5,1,2,00,2,3,1,201300036438B01,7,15,1
201300036458,2013-01-28,2013,janvier,lundi,16:25,83,83137,0,0,2,1,3,1,1,3,2,02,1,1,000,000,1,2,1,4,1,39,4,1,9,00,2,4,1,201300036458B01,99,15,1
201300036539,2013-05-28,2013,mai,mardi,74:5,83,83137,43.12104,5.93524,2,2,3,1,8,4,1,01,1,1,000,045,1,0,0,4,1,43,1,1,9,00,2,1,1,201300036539B01,7,1,1
201300036565,2013-06-24,2013,juin,lundi,75:0,83,83137,43.11865,5.94487,2,1,3,1,1,4,-1,01,-1,-1,000,000,1,5,1,4,2,54,1,1,2,00,2,6,1,201300036565B01,7,0,1
201300036589,2013-08-01,2013,août,jeudi,12:05,83,83098,43.10919,6.03103,2,1,3,1,1,4,2,02,1,1,000,060,1,0,1,4,1,48,5,1,9,00,2,8,1,201300036589A01,7,1,1
201300036611,2013-08-27,2013,août,mardi,11:45,83,83090,0,0,1,1,3,1,1,3,2,02,1,1,000,000,1,0,1,4,1,19,0,1,2,00,2,8,15,201300036611B01,33,2,1
201300036612,2013-09-02,2013,septembre,lundi,5:,83,83062,0,0,2,9,2,5,1,3,2,02,2,1,000,052,1,5,1,2,1,17,5,1,9,00,2,4,1,201300036612B01,10,2,1
201300036660,2013-10-18,2013,octobre,vendredi,14:30,83,83062,43.13717,6.00596,1,1,3,1,1,4,3,01,1,1,000,050,1,0,1,3,1,19,2,1,9,00,2,1,15,201300036660A01,7,2,1
201300036712,2013-12-20,2013,décembre,vendredi,17:05,83,83090,0,0,2,1,3,5,1,3,1,01,1,-1,000,060,1,0,1,4,1,40,1,1,9,00,2,8,1,201300036712Y01,7,16,1
201300036742,2013-06-17,2013,juin,lundi,10:02,84,84007,0,0,2,1,3,1,1,3,3,02,2,1,000,040,1,0,1,3,1,48,1,1,2,00,2,3,2,201300036742A01,7,12,1
201300036746,2013-07-12,2013,juillet,vendredi,12:03,84,84007,0,0,2,1,3,1,1,4,2,02,1,1,000,066,1,0,1,3,1,19,5,1,2,00,0,4,13,201300036746B01,7,13,1
201300036764,2013-10-17,2013,octobre,jeudi,70:0,84,84007,0,0,1,1,1,3,1,4,2,02,1,1,000,000,1,0,1,1,1,45,0,1,4,00,9,0,1,201300036764A01,1,1,1
201300036764,2013-10-17,2013,octobre,jeudi,70:0,84,84007,0,0,1,1,1,3,1,4,2,02,1,1,000,000,1,0,1,3,1,57,0,1,9,00,9,0,1,201300036764B01,1,1,1
201300036767,2013-10-16,2013,octobre,mercredi,82:5,84,84007,0,0,2,1,5,1,1,4,2,02,1,1,000,030,1,0,1,4,2,55,1,1,2,00,0,8,2,201300036767C01,7,2,1
201300036767,2013-10-16,2013,octobre,mercredi,82:5,84,84007,0,0,2,1,5,1,1,4,2,02,1,1,000,030,1,0,1,3,2,48,1,1,2,00,2,6,11,201300036767A01,7,2,1
201300036772,2013-12-05,2013,décembre,jeudi,10:30,84,84007,0,0,2,1,6,1,1,4,1,02,1,1,000,090,1,0,4,1,2,29,5,1,2,00,1,1,1,201300036772A01,,,
201300036779,2013-06-05,2013,juin,mercredi,10:05,84,84031,0,0,1,9,3,1,1,3,2,02,1,3,000,070,1,0,1,3,1,39,5,1,2,00,0,1,1,201300036779B01,7,15,1
201300036799,2013-11-06,2013,novembre,mercredi,13:20,84,84035,0,0,2,6,1,1,1,3,2,02,1,1,000,050,1,5,1,3,1,29,5,1,9,00,2,1,1,201300036799B01,7,1,1
201300036800,2013-11-11,2013,novembre,lundi,14:15,84,84035,0,0,2,1,1,1,1,4,2,02,1,1,000,050,1,5,1,4,2,19,1,1,9,00,2,8,1,201300036800B01,7,1,1
201300036816,2013-03-20,2013,mars,mercredi,11:40,85,85191,46.65846,-1.44118,2,2,6,1,1,4,2,02,1,1,000,070,1,0,1,3,1,80,3,1,9,00,0,1,1,201300036816B01,7,9,1
201300036819,2013-05-14,2013,mai,mardi,12:10,85,85191,0,0,2,3,3,1,1,3,2,02,1,1,000,045,1,0,1,3,1,83,0,1,2,00,2,1,1,201300036819B01,7,16,1
201300036822,2013-06-16,2013,juin,dimanche,17:40,85,85191,46.65911,-1.47668,1,3,6,1,1,4,2,02,,,,,,0,1,3,2,13,5,1,4,00,2,0,15,201300036822B01,10,16,1
201300036835,2013-11-29,2013,novembre,vendredi,90:0,85,85191,46.66003,-1.44064,2,3,3,1,1,4,2,02,1,2,000,070,1,0,1,3,2,15,2,1,4,00,0,7,1,201300036835B01,10,9,1
201300036844,2013-03-05,2013,mars,mardi,13:30,85,85194,46.50184,-1.77447,2,1,6,1,1,4,2,00,1,1,000,000,1,0,1,3,1,35,5,1,9,06,0,1,1,201300036844B01,7,1,1
201300036859,2013-08-01,2013,août,jeudi,10:46,85,85194,46.50318,-1.79906,2,1,6,1,1,6,-1,00,1,1,000,000,1,0,1,3,2,64,3,1,9,00,2,1,1,201300036859B01,7,9,1
201300036860,2013-08-04,2013,août,dimanche,94:5,85,85194,46.49589,-1.79476,2,2,3,1,1,4,1,01,1,1,000,000,1,0,1,4,1,54,5,1,2,00,2,2,1,201300036860B01,7,19,1
201300036865,2013-09-15,2013,septembre,dimanche,16:15,85,85194,46.49445,-1.7728,2,1,6,1,1,4,2,00,1,2,000,000,1,0,1,1,2,14,5,1,9,00,1,1,5,201300036865A01,,,
201300036865,2013-09-15,2013,septembre,dimanche,16:15,85,85194,46.49445,-1.7728,2,1,6,1,1,4,2,00,1,2,000,000,1,0,1,1,2,13,5,1,9,00,1,1,5,201300036865A01,,,
201300036867,2013-10-04,2013,octobre,vendredi,16:00,85,85194,0,0,2,6,3,1,1,3,1,01,1,2,000,000,1,0,1,3,1,87,5,1,9,00,2,8,1,201300036867B01,7,16,1
201300036877,2013-11-22,2013,novembre,vendredi,14:00,85,85194,0,0,2,1,6,1,1,3,2,02,1,1,000,000,1,0,5,4,1,44,5,1,2,01,2,1,1,201300036877B01,7,22,1
201300036883,2013-11-06,2013,novembre,mercredi,12:00,85,85194,46.49594,-1.77768,2,1,1,1,1,4,1,00,1,1,000,000,1,0,1,1,1,19,0,1,2,00,2,1,5,201300036883A01,7,1,1
201300036894,2013-06-20,2013,juin,jeudi,16:10,86,86066,0,0,2,1,2,1,8,3,2,01,1,1,000,030,1,0,5,4,1,17,5,1,2,01,0,1,1,201300036894A01,7,0,1
201300036897,2013-09-09,2013,septembre,lundi,14:05,86,86066,0,0,2,1,6,1,1,3,2,02,2,1,022,086,1,2,5,4,1,44,1,1,9,00,2,3,1,201300036897B01,30,5,1
201300036933,2013-03-11,2013,mars,lundi,11:00,86,86194,0,0,2,6,3,1,1,3,2,02,1,2,060,075,1,0,1,4,1,57,1,1,4,00,2,1,1,201300036933B01,7,9,1
201300036936,2013-03-19,2013,mars,mardi,13:10,86,86158,0,0,2,6,3,1,2,2,1,01,2,1,000,040,2,0,1,4,2,49,9,1,9,00,2,7,1,201300036936B01,7,1,1
201300036937,2013-03-26,2013,mars,mardi,17:25,86,86194,0,0,2,2,3,1,1,4,2,02,2,1,000,070,1,0,1,3,1,70,5,1,2,00,2,1,1,201300036937B01,1,1,1
201300036937,2013-03-26,2013,mars,mardi,17:25,86,86194,0,0,2,2,3,1,1,4,2,02,2,1,000,070,1,0,1,1,1,53,1,1,4,00,2,1,1,201300036937A01,1,1,1