Num_Acc,date,an,mois,jour,hrmn,dep,com,lat,long,agg,int,col,lum,atm,catr,circ,nbv,prof,plan,lartpc,larrout,surf,infra,situ,grav,sexe,age,trajet,secuexist,equipement,obs,obsm,choc,manv,vehiculeid,typevehicules,manoeuvehicules,numVehicules
201300036945,2013-04-06,2013,avril,samedi,1:,86,86194,0,0,2,3,3,5,1,4,2,02,2,1,000,050,1,0,1,4,1,26,5,1,4,00,2,1,1,201300036945B01,7,15,1
201300036965,2013-05-23,2013,mai,jeudi,13:30,86,86194,0,0,2,6,3,1,1,3,2,02,1,3,000,070,1,0,1,4,1,57,5,1,9,00,2,8,1,201300036965B01,10,1,1
201300036970,2013-06-05,2013,juin,mercredi,18:30,86,86194,0,0,2,3,3,1,1,4,2,02,1,1,000,105,1,0,1,4,1,34,9,1,9,00,2,8,1,201300036970B01,7,15,1
201300036979,2013-06-26,2013,juin,mercredi,91:0,86,86194,0,0,2,2,2,1,1,3,2,03,1,1,060,030,1,0,1,3,1,30,1,1,9,00,2,0,1,201300036979B01,7,15,1
201300036992,2013-07-23,2013,juillet,mardi,12:32,86,86194,0,0,2,3,3,1,2,4,2,02,1,1,000,072,2,0,1,4,2,47,1,1,9,00,2,1,1,201300036992B01,7,15,1
201300037005,2013-08-21,2013,août,mercredi,80:5,86,86041,0,0,2,3,3,1,1,4,2,02,1,1,000,069,1,0,1,2,2,59,1,1,4,00,2,1,15,201300037005A01,7,1,1
201300037006,2013-08-21,2013,août,mercredi,16:05,86,86194,0,0,2,2,6,1,1,3,2,03,2,2,000,160,1,0,4,2,1,18,9,1,9,06,0,1,1,201300037006A01,,,
201300037011,2013-09-01,2013,septembre,dimanche,21:10,86,86194,0,0,2,1,6,5,1,4,1,01,2,1,000,040,9,0,1,3,1,36,5,1,9,00,0,0,0,201300037011A01,,,
201300037012,2013-09-03,2013,septembre,mardi,17:25,86,86194,0,0,2,1,3,1,1,4,2,02,1,1,028,089,1,0,1,4,1,24,0,1,9,00,2,1,1,201300037012B01,7,10,1
201300037033,2013-10-01,2013,octobre,mardi,19:20,86,86194,0,0,2,1,6,2,1,4,2,02,1,1,000,070,1,0,1,4,2,20,5,1,9,00,2,7,17,201300037033B01,7,22,1
201300037040,2013-10-16,2013,octobre,mercredi,17:10,86,86194,0,0,2,2,3,1,1,4,2,04,1,1,000,150,1,5,1,4,2,57,9,1,9,00,2,8,1,201300037040A01,30,16,1
201300037099,2013-01-10,2013,janvier,jeudi,21:4,87,87085,0,0,2,1,2,5,1,4,3,05,-1,1,010,150,1,0,1,4,2,19,5,1,2,00,2,1,2,201300037099A01,7,1,1
201300037120,2013-02-06,2013,février,mercredi,16:02,87,87085,0,0,2,1,3,1,2,4,2,02,1,1,000,060,2,0,1,4,1,51,1,1,9,00,2,1,1,201300037120B01,7,15,1
201300037155,2013-04-05,2013,avril,vendredi,17:12,87,87085,0,0,2,1,3,1,1,4,2,02,2,1,000,060,1,0,1,4,1,14,5,1,9,00,2,1,19,201300037155B01,7,1,1
201300037183,2013-05-17,2013,mai,vendredi,18:05,87,87085,0,0,2,1,6,1,1,4,3,04,-1,1,020,120,1,0,1,3,1,41,5,1,4,00,1,1,1,201300037183A01,,,
201300037239,2013-07-06,2013,juillet,samedi,10:01,87,87048,0,0,1,3,1,1,1,3,2,02,1,1,000,060,1,0,1,3,1,67,5,1,9,00,2,1,1,201300037239B01,7,15,1
201300037321,2013-09-25,2013,septembre,mercredi,15:23,87,87085,0,0,2,3,3,1,1,4,2,02,-1,-1,000,060,1,0,1,4,1,45,1,1,2,00,0,1,1,201300037321B01,7,15,1
201300037322,2013-09-25,2013,septembre,mercredi,19:49,87,87085,0,0,2,3,6,2,1,4,2,02,2,3,000,060,2,0,1,4,1,33,1,1,9,00,2,1,1,201300037322B01,7,15,1
201300037334,2013-10-04,2013,octobre,vendredi,15:30,87,87085,0,0,2,1,6,1,1,4,2,02,1,1,000,060,2,0,1,3,1,78,5,1,2,00,0,0,14,201300037334A01,,,
201300037358,2013-11-11,2013,novembre,lundi,11:09,87,87085,0,0,2,3,3,1,1,4,2,02,1,1,000,060,1,0,1,4,2,42,5,1,9,00,2,1,1,201300037358B01,7,9,1
201300037359,2013-11-14,2013,novembre,jeudi,12:50,87,87085,0,0,2,1,6,1,1,4,1,02,1,1,000,060,1,0,1,4,2,17,5,1,2,00,2,1,5,201300037359A01,7,1,1
201300037381,2013-12-02,2013,décembre,lundi,17:25,87,87075,0,0,2,1,3,1,1,3,2,02,-1,1,000,060,1,0,1,4,1,49,5,1,4,00,2,1,1,201300037381B01,7,15,1
201300037394,2013-12-19,2013,décembre,jeudi,14:52,87,87075,0,0,2,1,6,1,1,4,1,01,2,3,000,030,2,0,1,3,1,58,5,1,2,00,0,0,16,201300037394A01,,,
201300037423,2013-06-30,2013,juin,dimanche,10:05,88,88160,48.17849,6.44188,2,1,6,1,1,4,2,02,1,1,000,000,1,0,1,4,2,41,5,1,2,00,2,1,1,201300037423B01,7,1,1
201300037429,2013-08-07,2013,août,mercredi,16:47,88,88160,48.18359,6.43801,2,4,3,1,1,4,2,02,2,3,000,065,1,0,1,4,1,32,5,1,9,00,2,1,1,201300037429B01,7,15,1
201300037433,2013-10-30,2013,octobre,mercredi,82:0,88,88160,48.17588,6.44985,2,1,6,1,1,9,2,02,1,1,000,094,1,0,4,1,1,31,9,1,9,00,1,1,1,201300037433A01,,,
201300037438,2013-11-28,2013,novembre,jeudi,19:40,88,88160,48.18397,6.46727,2,6,3,5,5,3,1,01,1,2,000,105,1,5,0,4,1,22,1,1,4,00,2,1,9,201300037438B01,7,1,1
201300037447,2013-07-15,2013,juillet,lundi,14:30,88,88462,48.02836,6.51508,1,1,3,1,1,3,-1,02,1,-1,000,000,1,0,1,4,1,44,5,1,9,00,0,6,2,201300037447B01,33,2,1
201300037450,2013-08-17,2013,août,samedi,11:15,88,88383,48.00429,6.61274,2,1,3,1,1,5,1,01,1,-1,000,000,1,0,1,4,1,15,5,1,9,00,2,2,0,201300037450B01,7,16,1
201300037454,2013-11-29,2013,novembre,vendredi,14:55,88,88429,48.02502,6.58388,1,1,6,1,1,3,2,02,1,1,000,000,1,0,1,4,1,62,5,1,2,00,2,1,1,201300037454B01,7,4,1
201300037477,2013-03-19,2013,mars,mardi,75:0,89,89024,47.81491,3.57315,2,2,3,1,1,4,2,04,1,1,010,106,1,0,1,3,1,28,1,1,9,00,2,1,0,201300037477A01,7,1,1
201300037501,2013-09-03,2013,septembre,mardi,17:45,89,89342,48.22953,3.2671,2,2,3,1,1,4,2,02,1,1,000,053,1,0,1,4,1,15,5,1,9,00,2,1,1,201300037501A01,7,1,1
201300037502,2013-08-21,2013,août,mercredi,14:45,89,89387,48.2083,3.27678,2,1,3,1,1,4,1,01,1,2,000,080,1,0,1,4,1,78,0,1,9,00,2,8,1,201300037502B01,7,16,1
201300037507,2013-10-15,2013,octobre,mardi,95:5,89,89387,0,0,2,1,1,1,2,4,2,01,1,3,000,035,2,0,1,3,1,52,5,1,4,00,2,1,1,201300037507B01,7,1,1
201300037508,2013-10-29,2013,octobre,mardi,14:20,89,89338,0,0,2,2,2,1,1,4,2,02,1,1,000,080,1,0,1,4,1,69,5,1,4,00,2,3,16,201300037508A01,7,1,1
201300037541,2013-03-06,2013,mars,mercredi,16:50,90,90010,0,0,2,1,2,1,1,3,2,02,2,2,000,180,1,0,1,4,1,51,5,1,2,00,2,1,2,201300037541A01,7,2,1
201300037552,2013-04-15,2013,avril,lundi,75:8,90,90010,0,0,2,7,3,1,1,4,2,01,-1,-1,000,000,-1,0,1,4,1,27,1,1,9,00,2,8,15,201300037552B01,33,1,1
201300037561,2013-05-02,2013,mai,jeudi,71:5,90,90010,0,0,2,1,7,1,1,4,1,00,1,1,000,000,1,0,1,4,1,57,1,1,9,08,0,0,0,201300037561A01,,,
201300037570,2013-05-14,2013,mai,mardi,21:45,90,90010,0,0,2,3,1,5,1,4,1,01,1,1,000,000,1,0,1,4,1,37,0,1,9,00,2,1,0,201300037570B01,7,15,1
201300037577,2013-05-31,2013,mai,vendredi,19:15,90,90010,0,0,2,2,3,1,2,4,-1,00,1,1,000,000,2,0,1,3,1,30,3,1,9,00,2,7,19,201300037577B01,7,15,1
201300037580,2013-06-06,2013,juin,jeudi,17:52,90,90010,0,0,2,2,1,1,1,4,2,02,1,1,000,000,1,0,1,4,1,44,9,1,2,00,2,1,1,201300037580B01,7,15,1
201300037582,2013-06-12,2013,juin,mercredi,16:00,90,90010,0,0,2,1,6,1,1,4,-1,00,1,1,000,000,1,5,0,4,1,24,1,1,9,00,1,8,0,201300037582A01,,,
201300037590,2013-06-20,2013,juin,jeudi,10:34,90,90010,0,0,2,1,3,1,1,3,-1,01,1,-1,000,000,1,5,1,3,2,20,0,1,2,00,0,0,9,201300037590B01,7,9,1
201300037597,2013-07-05,2013,juillet,vendredi,70:5,90,90010,0,0,2,1,3,1,1,3,1,02,2,1,000,000,1,0,4,4,2,53,1,1,9,00,2,2,0,201300037597B01,7,0,1
201300037614,2013-08-04,2013,août,dimanche,19:15,90,90099,0,0,2,1,6,1,1,4,2,01,-1,-1,000,060,-1,0,0,4,1,23,5,1,9,00,2,0,0,201300037614A01,,,
201300037639,2013-10-10,2013,octobre,jeudi,14:39,90,90010,0,0,2,3,1,1,1,4,2,02,1,-1,000,060,2,0,1,4,1,55,4,1,2,00,2,1,15,201300037639B01,7,1,1
201300037641,2013-10-14,2013,octobre,lundi,17:10,90,90010,0,0,2,1,6,1,1,3,-1,00,1,-1,000,000,1,0,1,4,1,20,5,1,4,00,2,1,0,201300037641B01,37,0,1
201300037645,2013-11-07,2013,novembre,jeudi,13:36,90,90010,0,0,2,2,6,1,1,4,1,02,1,1,000,060,2,0,1,4,1,13,0,1,9,00,2,1,0,201300037645A01,7,0,1
201300037683,2013-03-07,2013,mars,jeudi,16:10,91,91103,0,0,2,1,3,1,1,3,2,02,1,1,000,000,1,0,5,4,1,16,5,1,2,00,2,1,1,201300037683B01,7,1,1
201300037703,2013-06-01,2013,juin,samedi,12:50,91,91103,0,0,2,1,3,1,1,4,1,02,1,1,000,000,1,0,1,4,1,40,5,1,2,00,2,1,2,201300037703B01,7,9,1
201300037724,2013-09-07,2013,septembre,samedi,18:30,91,91103,0,0,2,1,3,1,1,3,2,02,1,1,000,025,1,0,1,4,1,33,0,1,2,00,2,8,15,201300037724A01,7,17,1
201300037726,2013-09-13,2013,septembre,vendredi,11:45,91,91103,0,0,2,6,3,1,2,3,2,02,1,1,000,025,2,0,1,4,2,63,0,1,2,00,2,0,1,201300037726B01,7,9,1
201300037769,2013-10-19,2013,octobre,samedi,17:20,91,91027,0,0,2,1,3,1,1,3,3,02,1,1,000,000,1,0,1,4,1,39,5,1,9,00,0,0,0,201300037769B01,7,16,1
201300037777,2013-01-04,2013,janvier,vendredi,10:00,91,91097,0,0,2,1,3,1,1,4,2,02,2,1,000,060,1,0,1,4,1,63,5,1,2,00,2,8,1,201300037777B01,7,10,1
201300037823,2013-10-02,2013,octobre,mercredi,17:35,91,91114,0,0,2,1,1,1,1,4,2,02,1,1,000,100,1,0,1,4,1,15,0,1,2,00,2,1,19,201300037823B01,7,0,1
201300037825,2013-10-13,2013,octobre,dimanche,14:20,91,91114,0,0,2,6,2,1,1,3,1,01,4,2,000,100,1,0,1,4,1,16,0,1,9,00,2,4,0,201300037825B01,7,9,1
201300037841,2013-12-24,2013,décembre,mardi,17:00,91,91114,0,0,2,6,3,5,1,3,2,02,1,2,000,200,1,0,1,4,1,66,0,1,4,00,2,1,0,201300037841A01,7,1,1
201300037844,2013-10-12,2013,octobre,samedi,16:00,91,91174,0,0,2,3,3,1,1,2,3,02,1,1,000,000,1,0,5,4,1,55,0,1,9,00,2,1,1,201300037844B01,30,16,1
201300037895,2013-11-21,2013,novembre,jeudi,83:0,91,91174,0,0,2,1,2,1,1,4,1,01,1,1,000,000,2,0,1,4,2,34,2,1,2,00,2,4,2,201300037895B01,7,1,1
201300037895,2013-11-21,2013,novembre,jeudi,83:0,91,91174,0,0,2,1,2,1,1,4,1,01,1,1,000,000,2,0,1,4,2,4,2,1,2,00,2,4,2,201300037895B01,7,1,1
201300037895,2013-11-21,2013,novembre,jeudi,83:0,91,91174,0,0,2,1,2,1,1,4,1,01,1,1,000,000,2,0,1,4,2,6,2,1,2,00,2,4,2,201300037895B01,7,1,1
201300037898,2013-01-06,2013,janvier,dimanche,12:30,91,91201,0,0,2,1,2,1,8,3,2,02,1,1,000,000,1,0,1,4,1,52,5,1,2,00,2,4,2,201300037898B01,7,1,1
201300037902,2013-02-01,2013,février,vendredi,14:00,91,91657,0,0,2,1,3,1,2,4,2,02,1,1,000,000,2,0,1,3,2,30,5,1,9,00,2,7,19,201300037902B01,7,1,1
201300037904,2013-02-05,2013,février,mardi,73:0,91,91657,0,0,2,2,3,3,2,4,2,02,1,1,000,000,2,0,1,4,1,30,1,1,9,00,2,6,15,201300037904B01,7,1,1
201300037982,2013-01-16,2013,janvier,mercredi,12:32,91,91223,0,0,2,1,3,1,1,4,3,02,1,1,000,000,1,0,1,4,2,26,0,1,9,00,2,0,0,201300037982B01,7,1,1
201300038002,2013-03-27,2013,mars,mercredi,14:15,91,91433,0,0,2,1,7,1,1,3,2,02,1,1,000,000,1,0,1,3,1,62,0,1,2,16,0,9,1,201300038002A01,,,
201300038009,2013-06-03,2013,juin,lundi,19:45,91,91223,0,0,2,1,2,1,1,4,2,02,1,1,000,000,1,0,1,4,1,17,9,1,9,00,2,4,1,201300038009A01,7,1,1
201300038019,2013-07-15,2013,juillet,lundi,17:40,91,91223,0,0,2,6,5,1,1,4,1,01,1,2,000,075,1,0,1,3,1,33,0,1,9,00,2,8,11,201300038019A01,10,1,2
201300038025,2013-07-28,2013,juillet,dimanche,17:40,91,91223,0,0,2,1,7,1,1,4,2,02,1,1,000,000,1,0,1,3,1,46,5,1,9,00,0,1,1,201300038025A01,,,
201300038039,2013-09-23,2013,septembre,lundi,14:22,91,91223,0,0,2,3,3,1,1,4,1,02,1,2,000,000,1,5,1,4,1,25,0,1,2,00,2,1,0,201300038039B01,7,9,1
201300038072,2013-03-16,2013,mars,samedi,13:05,91,91521,0,0,2,1,2,1,1,2,3,02,1,1,000,000,1,0,1,3,1,65,0,1,9,00,2,4,1,201300038072B01,7,21,1
201300038182,2013-07-23,2013,juillet,mardi,12:15,91,91377,0,0,2,1,6,1,1,4,2,02,2,1,108,060,1,0,1,4,1,23,5,1,2,00,1,1,1,201300038182A01,,,
201300038208,2013-04-12,2013,avril,vendredi,93:0,91,91691,0,0,2,6,3,1,1,3,1,01,1,2,000,000,1,0,5,4,1,32,1,1,2,00,2,2,1,201300038208B01,7,16,1
201300038211,2013-04-21,2013,avril,dimanche,12:40,91,91691,0,0,2,6,2,1,1,3,2,02,1,1,000,000,1,0,1,4,1,62,0,1,9,00,2,4,2,201300038211B01,7,1,1
201300038213,2013-05-14,2013,mai,mardi,19:05,91,91421,0,0,1,1,1,1,1,4,2,02,1,1,000,000,1,0,1,3,1,52,0,1,9,00,2,1,14,201300038213B01,7,15,1
201300038233,2013-07-19,2013,juillet,vendredi,15:20,91,91691,0,0,2,1,2,1,1,3,2,02,1,3,000,000,1,0,4,4,1,14,0,1,9,00,2,0,0,201300038233B01,7,0,1
201300038251,2013-10-15,2013,octobre,mardi,12:10,91,91421,0,0,2,1,2,1,1,4,1,01,1,1,000,000,1,0,1,4,1,59,0,1,9,00,2,4,1,201300038251B01,7,1,1
201300038261,2013-11-15,2013,novembre,vendredi,15:20,91,91691,0,0,2,1,3,1,1,3,2,02,1,1,000,000,1,0,5,4,1,90,0,1,9,00,2,8,19,201300038261B01,7,1,1
201300038270,2013-12-17,2013,décembre,mardi,80:5,91,91421,0,0,2,1,2,5,1,4,2,02,1,1,000,000,1,0,1,4,1,40,0,1,2,00,2,4,2,201300038270B01,7,1,1
201300038309,2013-05-12,2013,mai,dimanche,11:40,91,91064,0,0,1,1,3,1,1,3,2,02,1,1,000,070,1,0,1,3,1,77,5,1,2,00,2,6,10,201300038309A01,34,17,1
201300038319,2013-05-27,2013,mai,lundi,18:58,91,91692,0,0,2,1,1,1,1,9,2,02,1,3,000,000,1,0,5,4,1,43,5,1,9,00,2,1,13,201300038319B01,1,1,1
201300038319,2013-05-27,2013,mai,lundi,18:58,91,91692,0,0,2,1,1,1,1,9,2,02,1,3,000,000,1,0,5,1,2,46,0,1,9,00,2,1,1,201300038319A01,1,13,1
201300038326,2013-05-29,2013,mai,mercredi,90:0,91,91064,0,0,2,1,1,1,1,3,3,02,2,1,000,000,-1,0,1,4,1,36,0,1,2,00,2,1,21,201300038326B01,10,9,1
201300038327,2013-06-09,2013,juin,dimanche,10:55,91,91064,0,0,2,1,2,1,1,4,2,02,1,1,000,000,1,0,1,4,1,16,5,1,2,00,2,1,1,201300038327A01,7,2,1
201300038334,2013-07-13,2013,juillet,samedi,10:20,91,91064,0,0,2,1,6,1,1,3,2,02,1,1,000,000,1,0,1,3,1,28,0,1,9,00,2,0,0,201300038334B01,7,0,1
201300038362,2013-12-03,2013,décembre,mardi,82:5,91,91471,0,0,2,2,3,1,1,4,2,02,1,1,000,037,1,5,1,4,2,13,2,1,9,00,2,3,5,201300038362B01,7,19,1
201300038378,2013-06-25,2013,juin,mardi,19:50,91,91549,0,0,2,2,3,1,1,4,2,02,1,1,000,000,1,0,1,3,1,46,1,1,2,00,2,1,1,201300038378B01,7,1,1
201300038427,2013-07-09,2013,juillet,mardi,16:00,91,91589,0,0,2,1,3,1,1,3,3,04,4,1,000,000,1,5,1,3,1,40,0,1,9,00,2,1,1,201300038427B01,7,15,1
201300038462,2013-03-28,2013,mars,jeudi,92:0,92,92002,0,0,2,1,6,1,1,3,3,04,1,1,000,000,1,0,4,3,2,28,1,1,9,00,2,4,1,201300038462B01,7,9,1
201300038478,2013-07-23,2013,juillet,mardi,41:5,92,92002,0,0,2,2,6,5,1,3,2,04,1,1,000,110,1,0,1,4,1,54,1,1,9,00,2,4,12,201300038478B01,7,21,1
201300038482,2013-09-04,2013,septembre,mercredi,93:0,92,92002,0,0,2,3,3,1,1,3,1,02,2,1,000,000,1,0,1,4,1,43,5,1,9,00,2,1,1,201300038482B01,7,16,1
201300038485,2013-09-24,2013,septembre,mardi,83:0,92,92002,0,0,2,1,2,1,1,4,2,02,1,1,000,000,1,0,1,4,1,27,1,1,9,00,2,4,1,201300038485B01,30,0,1
201300038507,2013-02-20,2013,février,mercredi,16:00,92,92004,0,0,2,2,3,1,1,3,2,02,1,1,000,000,1,0,1,4,1,12,1,1,2,00,2,1,1,201300038507A01,34,1,1
201300038520,2013-04-05,2013,avril,vendredi,90:5,92,92004,0,0,2,2,3,1,1,3,2,02,1,1,000,000,2,0,1,4,1,31,1,1,2,00,2,1,1,201300038520B01,7,1,1
201300038543,2013-06-06,2013,juin,jeudi,81:5,92,92009,0,0,2,1,1,1,1,3,2,02,1,1,000,000,1,0,1,4,1,53,1,1,2,00,2,1,21,201300038543A01,7,5,1
201300038551,2013-06-21,2013,juin,vendredi,21:20,92,92004,0,0,2,1,3,1,1,3,2,00,1,1,000,000,1,0,1,1,1,18,5,1,2,00,2,7,19,201300038551A01,33,1,1
201300038552,2013-06-22,2013,juin,samedi,11:30,92,92004,0,0,2,1,6,1,1,4,2,00,1,1,000,000,1,0,1,4,1,39,9,1,2,01,0,1,1,201300038552B01,7,22,1
201300038553,2013-06-27,2013,juin,jeudi,20:00,92,92004,0,0,2,2,3,1,1,3,2,02,1,1,000,000,1,0,1,4,1,27,9,1,2,00,2,7,1,201300038553B01,7,1,1
201300038578,2013-09-13,2013,septembre,vendredi,25:,92,92004,0,0,2,1,3,5,1,3,1,01,-1,-1,000,000,1,0,1,4,1,40,5,1,9,00,2,7,1,201300038578A01,15,17,1
201300038598,2013-10-21,2013,octobre,lundi,11:00,92,92004,0,0,2,1,6,1,1,4,1,01,-1,-1,000,000,1,0,1,4,2,51,4,1,9,01,0,1,1,201300038598B01,7,22,1
201300038618,2013-11-08,2013,novembre,vendredi,17:30,92,92009,0,0,2,1,6,1,1,4,2,02,-1,-1,000,000,1,0,1,1,1,15,2,1,2,00,1,1,17,201300038618A01,,,
201300038625,2013-12-13,2013,décembre,vendredi,82:0,92,92009,0,0,2,1,3,1,1,3,1,01,1,1,000,000,1,0,1,4,2,28,1,1,9,00,2,1,1,201300038625A01,7,9,1
201300038629,2013-12-17,2013,décembre,mardi,13:08,92,92004,0,0,2,1,3,1,1,4,2,02,1,1,000,000,1,0,1,4,1,27,9,1,9,00,2,8,9,201300038629B01,30,1,1
201300038648,2013-05-27,2013,mai,lundi,14:00,92,92007,0,0,2,1,2,1,1,3,2,02,1,1,000,000,1,0,1,4,1,36,1,1,9,00,2,1,2,201300038648A01,10,2,1
201300038667,2013-10-18,2013,octobre,vendredi,17:00,92,92007,0,0,2,3,2,1,1,3,3,07,1,1,011,092,1,0,1,1,1,24,5,1,9,00,2,4,1,201300038667A01,33,1,1
201300038695,2013-02-10,2013,février,dimanche,22:10,92,92012,0,0,2,3,3,5,2,4,1,01,1,1,000,000,1,0,1,4,1,38,0,1,9,00,2,7,1,201300038695B01,30,16,1
201300038715,2013-03-14,2013,mars,jeudi,18:15,92,92012,0,0,2,1,3,1,1,4,2,02,1,1,000,000,1,0,1,4,2,76,9,1,9,00,2,8,13,201300038715B01,10,2,1
201300038859,2013-11-02,2013,novembre,samedi,15:15,92,92012,0,0,2,1,3,1,2,4,2,02,1,1,000,000,2,0,1,4,1,38,5,1,9,00,2,7,19,201300038859A01,7,1,1
201300038869,2013-11-19,2013,novembre,mardi,18:35,92,92012,0,0,2,2,6,5,1,4,1,01,1,1,000,000,1,0,1,1,1,42,1,1,2,00,1,1,1,201300038869A01,,,
201300038870,2013-11-19,2013,novembre,mardi,18:45,92,92012,0,0,2,2,3,5,2,4,1,01,1,1,000,000,2,0,1,4,2,44,1,1,9,00,2,7,19,201300038870B01,7,1,1
201300038925,2013-10-10,2013,octobre,jeudi,17:10,92,92071,0,0,2,1,3,1,1,3,2,02,2,1,000,080,2,0,1,4,1,15,2,1,9,00,2,1,17,201300038925B01,7,15,1
201300038953,2013-02-06,2013,février,mercredi,18:25,92,92060,0,0,2,1,3,5,2,4,2,02,2,1,000,000,2,0,1,4,1,31,1,1,2,00,2,1,1,201300038953B01,7,15,1
201300038964,2013-03-05,2013,mars,mardi,17:05,92,92023,0,0,2,1,3,1,1,4,-1,02,1,-1,000,000,-1,0,1,4,1,56,1,1,2,00,2,0,0,201300038964B01,7,0,1
201300038965,2013-03-19,2013,mars,mardi,19:00,92,92023,0,0,2,3,3,5,3,4,2,00,1,1,000,000,2,0,1,4,2,25,1,1,4,00,2,7,1,201300038965B01,7,9,1
201300038989,2013-06-26,2013,juin,mercredi,18:55,92,92060,0,0,2,2,3,1,1,3,3,02,1,1,000,000,1,0,1,4,2,39,1,1,4,00,2,4,19,201300038989B01,7,16,1
201300039022,2013-10-17,2013,octobre,jeudi,10:40,92,92023,0,0,2,3,3,1,1,3,1,00,2,1,000,000,1,0,1,4,1,41,1,1,9,00,2,8,1,201300039022B01,7,15,1
201300039049,2013-12-18,2013,décembre,mercredi,14:55,92,92023,0,0,2,1,6,1,1,3,3,02,2,1,000,000,2,0,1,4,1,37,5,1,9,00,2,8,0,201300039049B01,7,1,1
201300039050,2013-12-16,2013,décembre,lundi,17:46,92,92023,0,0,2,1,3,2,1,4,-1,01,1,1,000,000,1,0,1,4,1,25,1,1,4,00,0,0,19,201300039050B01,33,1,1
201300039065,2013-01-11,2013,janvier,vendredi,13:50,92,92024,0,0,2,1,6,1,1,3,1,03,1,1,000,000,1,0,1,4,1,44,9,1,9,00,0,1,1,201300039065B01,10,22,1
201300039068,2013-02-22,2013,février,vendredi,14:00,92,92024,0,0,2,3,1,1,1,3,2,03,1,1,000,000,-1,0,1,4,1,47,1,1,2,00,2,1,1,201300039068B01,7,15,1
201300039085,2013-04-10,2013,avril,mercredi,15:10,92,92024,0,0,2,3,6,1,1,3,1,03,1,1,000,000,1,0,1,4,2,49,9,1,9,00,2,1,19,201300039085B01,7,4,1
201300039086,2013-03-24,2013,mars,dimanche,13:40,92,92024,0,0,2,1,2,1,1,3,3,04,1,1,000,000,-1,0,1,4,1,29,9,1,2,00,2,4,11,201300039086B01,7,2,1
201300039088,2013-04-19,2013,avril,vendredi,93:0,92,92024,0,0,2,1,2,1,1,3,2,04,1,1,000,000,1,0,1,4,1,36,1,1,2,00,2,6,11,201300039088A01,7,1,1
201300039113,2013-07-19,2013,juillet,vendredi,23:30,92,92024,0,0,2,1,6,5,1,4,1,01,1,1,000,000,1,0,1,1,1,16,5,1,9,00,1,1,0,201300039113A01,,,
201300039119,2013-08-01,2013,août,jeudi,18:40,92,92024,0,0,2,1,6,1,1,3,1,03,1,-1,000,000,1,0,1,3,1,41,1,1,9,01,0,1,22,201300039119B01,7,22,1
201300039125,2013-09-04,2013,septembre,mercredi,15:20,92,92024,0,0,2,2,3,1,1,3,3,04,1,1,000,000,1,0,1,2,2,53,1,1,4,00,2,3,1,201300039125B01,15,16,1
201300039151,2013-12-04,2013,décembre,mercredi,13:50,92,92024,0,0,2,2,6,1,1,3,2,02,1,1,000,000,1,0,0,4,2,48,1,1,2,00,0,8,19,201300039151B01,14,16,1
201300039154,2013-12-09,2013,décembre,lundi,83:5,92,92024,0,0,2,2,3,2,1,3,2,02,1,1,000,000,1,0,1,4,2,29,1,1,9,00,0,8,1,201300039154B01,7,15,1
201300039168,2013-03-14,2013,mars,jeudi,10:06,92,92025,0,0,2,1,6,1,1,4,-1,00,1,1,000,000,-1,0,1,1,1,20,0,1,2,00,2,0,0,201300039168B01,30,0,1
201300039178,2013-04-24,2013,avril,mercredi,71:0,92,92025,0,0,2,1,3,1,1,2,2,00,1,1,000,000,1,0,1,4,1,33,1,1,9,00,2,1,1,201300039178B01,7,1,1
201300039190,2013-06-09,2013,juin,dimanche,18:00,92,92025,0,0,2,1,6,1,1,4,-1,01,-1,-1,000,000,-1,0,0,1,1,22,0,1,9,00,1,4,0,201300039190A01,,,
201300039190,2013-06-09,2013,juin,dimanche,18:00,92,92025,0,0,2,1,6,1,1,4,-1,01,-1,-1,000,000,-1,0,0,4,2,66,0,1,9,00,1,4,0,201300039190A01,,,
201300039191,2013-06-16,2013,juin,dimanche,50:0,92,92025,0,0,2,2,3,5,1,4,-1,00,1,1,000,000,1,0,0,4,1,20,0,1,4,00,2,0,0,201300039191A01,7,0,1
201300039197,2013-06-25,2013,juin,mardi,20:45,92,92025,0,0,2,1,6,1,1,4,-1,00,1,1,000,000,1,0,0,4,2,17,5,1,9,01,0,1,0,201300039197B01,7,0,1
201300039200,2013-07-12,2013,juillet,vendredi,80:0,92,92025,0,0,2,1,3,1,1,4,-1,00,-1,-1,000,000,-1,0,1,3,1,41,0,1,9,00,0,0,0,201300039200B01,14,0,1
201300039201,2013-07-12,2013,juillet,vendredi,18:15,92,92025,0,0,2,1,2,1,1,4,1,00,1,1,000,000,1,0,1,4,1,34,1,1,9,00,2,1,1,201300039201B01,7,4,1
201300039212,2013-09-03,2013,septembre,mardi,12:50,92,92025,0,0,2,1,2,1,1,4,-1,00,-1,-1,000,000,-1,0,0,4,1,53,1,1,9,01,0,1,0,201300039212B01,7,22,1
201300039231,2013-11-07,2013,novembre,jeudi,19:25,92,92025,0,0,2,1,6,5,1,3,2,00,1,1,000,000,1,0,1,1,1,29,0,1,9,00,1,1,1,201300039231A01,,,
201300039231,2013-11-07,2013,novembre,jeudi,19:25,92,92025,0,0,2,1,6,5,1,3,2,00,1,1,000,000,1,0,1,4,2,50,0,1,9,00,1,1,1,201300039231A01,,,
201300039237,2013-11-19,2013,novembre,mardi,85:5,92,92025,0,0,2,1,3,1,1,3,-1,00,1,1,000,000,1,0,1,4,2,32,0,1,9,00,2,8,0,201300039237B01,7,0,1
201300039246,2013-11-29,2013,novembre,vendredi,11:00,92,92025,0,0,2,1,3,1,1,4,-1,00,1,1,000,000,1,0,1,4,1,47,0,1,9,00,0,0,0,201300039246B01,7,0,1