Num_Acc,date,an,mois,jour,hrmn,dep,com,lat,long,agg,int,col,lum,atm,catr,circ,nbv,prof,plan,lartpc,larrout,surf,infra,situ,grav,sexe,age,trajet,secuexist,equipement,obs,obsm,choc,manv,vehiculeid,typevehicules,manoeuvehicules,numVehicules
201300039252,2013-12-04,2013,décembre,mercredi,22:25,92,92025,0,0,2,3,3,4,1,4,-1,00,1,1,000,000,1,0,1,4,1,17,0,1,9,00,2,1,1,201300039252A01,7,15,1
201300039253,2013-12-05,2013,décembre,jeudi,81:5,92,92025,0,0,2,1,3,5,1,4,1,01,1,1,000,000,1,0,1,4,1,14,0,1,9,00,2,7,14,201300039253B01,30,18,1
201300039254,2013-12-10,2013,décembre,mardi,91:5,92,92025,0,0,2,2,6,1,1,3,2,00,1,1,000,000,2,0,5,4,2,37,1,1,2,00,2,8,19,201300039254B01,38,0,1
201300039262,2013-12-19,2013,décembre,jeudi,17:10,92,92025,0,0,2,3,3,2,1,3,2,04,1,1,000,000,1,0,1,4,1,68,5,1,9,00,2,8,19,201300039262B01,7,16,1
201300039275,2013-02-17,2013,février,dimanche,12:30,92,92026,0,0,2,1,7,1,1,3,3,02,1,1,260,168,1,2,1,4,1,45,1,1,2,14,0,1,1,201300039275A01,,,
201300039287,2013-04-09,2013,avril,mardi,11:50,92,92026,0,0,2,1,2,1,2,4,2,02,1,1,127,088,2,0,1,3,1,25,0,1,9,00,2,1,1,201300039287A01,7,1,1
201300039308,2013-06-12,2013,juin,mercredi,80:5,92,92026,0,0,2,6,3,1,1,3,2,02,1,1,127,088,1,0,1,4,2,24,1,1,2,00,2,1,1,201300039308B01,7,16,1
201300039314,2013-07-01,2013,juillet,lundi,23:55,92,92026,0,0,2,3,3,3,1,3,2,02,1,1,197,150,1,0,1,4,1,25,5,1,9,00,2,1,2,201300039314B01,30,15,1
201300039327,2013-08-22,2013,août,jeudi,10:35,92,92026,0,0,2,3,2,1,1,4,2,02,1,1,000,055,1,0,1,4,1,46,5,1,9,00,2,3,15,201300039327B01,10,1,1
201300039342,2013-09-20,2013,septembre,vendredi,13:25,92,92026,0,0,2,1,3,1,8,4,1,01,1,1,000,051,1,0,1,4,2,52,1,1,9,00,2,8,15,201300039342B01,10,17,1
201300039348,2013-10-02,2013,octobre,mercredi,15:00,92,92026,0,0,2,3,2,1,1,3,3,04,1,1,000,168,1,0,1,3,1,67,5,1,9,00,2,9,19,201300039348B01,7,1,1
201300039371,2013-12-27,2013,décembre,vendredi,16:50,92,92026,0,0,2,1,3,1,1,4,2,02,1,1,000,000,2,0,1,4,1,32,1,1,9,00,2,7,1,201300039371B01,7,10,1
201300039431,2013-04-13,2013,avril,samedi,21:30,92,92036,0,0,2,3,7,1,1,4,2,02,1,1,000,060,1,0,1,4,1,39,5,1,2,08,0,2,0,201300039431A01,,,
201300039439,2013-05-27,2013,mai,lundi,14:30,92,92036,0,0,2,1,6,1,1,4,1,01,2,1,000,070,1,0,4,1,1,47,5,1,2,00,1,1,1,201300039439A01,,,
201300039460,2013-07-29,2013,juillet,lundi,19:35,92,92036,0,0,2,1,6,1,1,4,2,02,1,1,000,070,1,0,1,4,1,27,1,1,9,14,2,1,1,201300039460B01,14,24,1
201300039462,2013-08-13,2013,août,mardi,63:0,92,92036,0,0,2,1,6,1,1,3,2,02,1,1,000,800,1,0,1,4,2,26,1,1,9,01,0,2,21,201300039462B01,7,20,1
201300039467,2013-09-03,2013,septembre,mardi,19:35,92,92036,0,0,2,1,3,1,7,4,3,02,1,1,005,050,1,0,1,4,1,39,1,1,9,00,2,1,1,201300039467B01,7,9,1
201300039514,2013-03-22,2013,mars,vendredi,16:30,92,92040,0,0,2,2,6,1,1,4,1,00,1,1,000,100,1,0,5,4,2,46,1,1,9,00,2,8,0,201300039514A01,7,0,1
201300039525,2013-02-20,2013,février,mercredi,83:0,92,92040,0,0,2,1,3,1,1,4,2,02,2,1,000,060,1,0,1,4,2,42,1,1,2,00,2,8,18,201300039525B01,7,22,1
201300039532,2013-04-18,2013,avril,jeudi,12:30,92,92040,0,0,2,1,3,1,1,3,2,02,1,3,000,033,1,0,5,4,2,42,9,1,2,00,2,8,1,201300039532B01,7,1,1
201300039533,2013-04-18,2013,avril,jeudi,20:15,92,92040,0,0,2,1,2,2,1,3,2,02,2,1,000,081,1,0,1,4,1,40,1,1,2,00,2,1,2,201300039533B01,7,2,1
201300039539,2013-06-12,2013,juin,mercredi,10:30,92,92040,0,0,2,1,6,1,1,3,1,02,1,1,000,100,1,0,1,1,1,34,1,1,9,00,1,1,0,201300039539A01,,,
201300039540,2013-06-16,2013,juin,dimanche,18:15,92,92040,0,0,1,1,2,1,1,3,1,02,1,1,000,100,1,0,1,4,1,22,1,1,9,00,2,1,2,201300039540A01,7,2,1
201300039546,2013-07-15,2013,juillet,lundi,20:05,92,92040,0,0,2,1,3,1,1,3,2,02,1,1,000,100,1,0,1,4,1,33,5,1,2,00,2,5,15,201300039546A01,7,1,1
201300039550,2013-08-01,2013,août,jeudi,12:30,92,92040,0,0,2,1,2,1,1,4,1,01,1,1,000,000,1,0,5,4,1,63,1,1,9,00,2,4,2,201300039550B01,30,17,1
201300039556,2013-09-09,2013,septembre,lundi,20:30,92,92040,0,0,2,2,3,5,8,2,1,02,1,1,000,100,1,0,1,4,1,15,5,1,2,00,2,5,5,201300039556B01,7,1,1
201300039580,2013-11-18,2013,novembre,lundi,17:30,92,92040,0,0,2,1,3,5,1,2,1,02,1,1,100,150,1,0,1,4,1,50,1,1,9,01,0,1,1,201300039580A01,7,24,1
201300039582,2013-12-02,2013,décembre,lundi,19:00,92,92040,0,0,2,1,6,5,1,4,2,02,2,1,000,123,1,0,1,4,1,17,2,1,9,00,1,8,1,201300039582A01,,,
201300039601,2013-02-05,2013,février,mardi,12:40,92,92044,0,0,2,2,3,1,1,4,2,02,1,1,000,000,1,0,1,4,1,16,0,1,9,00,2,1,1,201300039601B01,7,1,1
201300039645,2013-09-09,2013,septembre,lundi,17:40,92,92044,0,0,2,2,3,1,2,4,1,01,1,1,000,000,2,0,0,4,1,25,0,1,9,00,2,1,1,201300039645A01,7,1,1
201300039683,2013-05-03,2013,mai,vendredi,91:0,92,92048,0,0,2,1,6,1,1,4,1,01,1,1,000,030,1,0,1,4,1,44,1,1,9,00,2,4,1,201300039683B01,33,1,1
201300039687,2013-06-03,2013,juin,lundi,10:30,92,92048,0,0,2,1,6,1,1,4,1,01,1,1,000,050,1,0,1,4,2,29,9,1,9,00,2,1,1,201300039687B01,7,1,1
201300039700,2013-08-01,2013,août,jeudi,18:00,92,92048,0,0,1,1,7,1,1,3,2,02,2,4,000,045,1,0,1,4,1,32,0,1,9,00,0,1,1,201300039700A01,,,
201300039703,2013-10-18,2013,octobre,vendredi,17:40,92,92048,0,0,2,2,2,1,1,4,-1,01,-1,-1,000,000,-1,0,0,4,1,12,9,1,9,00,2,1,1,201300039703A01,7,1,1
201300039712,2013-12-16,2013,décembre,lundi,19:40,92,92048,0,0,2,1,7,5,1,4,2,02,1,-1,000,050,1,0,1,4,2,47,0,1,2,00,0,1,1,201300039712A01,,,
201300039750,2013-03-20,2013,mars,mercredi,14:30,92,92049,0,0,2,3,3,1,1,4,2,03,1,1,000,150,1,0,1,3,1,41,0,1,9,00,2,1,1,201300039750B01,10,16,1
201300039757,2013-03-28,2013,mars,jeudi,18:00,92,92049,0,0,2,1,3,1,1,2,1,01,1,1,000,000,1,0,1,4,1,48,9,1,9,00,2,1,1,201300039757B01,7,24,1
201300039761,2013-04-03,2013,avril,mercredi,16:25,92,92020,0,0,2,1,6,1,1,3,2,02,2,1,000,000,1,0,1,4,1,52,1,1,2,01,0,1,1,201300039761B01,,,
201300039763,2013-04-09,2013,avril,mardi,11:40,92,92049,0,0,2,1,7,1,1,4,1,01,1,1,000,000,1,0,1,4,1,13,2,1,2,00,0,1,0,201300039763A01,,,
201300039772,2013-05-05,2013,mai,dimanche,12:30,92,92049,0,0,2,2,3,1,1,3,3,02,1,1,000,000,1,5,1,4,2,27,0,1,9,00,2,7,19,201300039772B01,7,16,1
201300039802,2013-06-27,2013,juin,jeudi,90:0,92,92049,0,0,2,1,6,1,1,3,2,04,1,1,000,000,1,0,1,4,1,40,9,1,2,00,2,9,0,201300039802C01,7,24/2,2
201300039811,2013-09-07,2013,septembre,samedi,13:25,92,92020,0,0,2,3,3,1,1,3,2,02,2,1,000,000,1,0,1,4,1,65,0,1,9,00,2,1,0,201300039811A01,7,0,1
201300039814,2013-09-21,2013,septembre,samedi,19:20,92,92049,0,0,2,1,6,1,1,3,2,04,1,-1,000,000,1,0,1,4,2,26,9,1,9,00,2,0,2,201300039814B01,33,17,1
201300039815,2013-09-21,2013,septembre,samedi,11:15,92,92020,0,0,2,1,1,1,1,3,-1,04,1,-1,000,000,1,0,5,4,1,49,0,1,9,00,2,1,5,201300039815B01,20,5,1
201300039821,2013-10-04,2013,octobre,vendredi,91:0,92,92020,0,0,2,1,6,1,1,3,2,02,2,-1,000,000,2,0,1,4,2,17,1,1,9,01,0,1,1,201300039821B01,7,24,1
201300039839,2013-11-28,2013,novembre,jeudi,20:45,92,92020,0,0,2,1,6,5,1,3,3,02,2,1,000,000,1,0,5,4,1,26,9,1,9,00,2,0,2,201300039839B01,30,2,1
201300039858,2013-01-29,2013,janvier,mardi,90:5,92,92050,0,0,2,2,7,1,2,4,1,01,1,1,000,035,2,0,4,4,2,57,0,1,9,00,0,0,2,201300039858A01,,,
201300039862,2013-02-07,2013,février,jeudi,18:00,92,92050,0,0,2,1,3,1,1,3,3,05,1,1,000,180,1,0,5,4,2,42,1,1,4,00,2,1,1,201300039862B01,7,9,1
201300039882,2013-04-18,2013,avril,jeudi,93:5,92,92050,0,0,2,1,3,1,1,3,3,06,1,1,000,370,1,2,5,4,2,43,1,1,4,00,2,1,1,201300039882B01,10,16,1
201300039895,2013-05-29,2013,mai,mercredi,10:10,92,92050,0,0,2,1,7,1,8,3,2,02,1,1,070,050,1,0,5,4,1,58,0,1,9,14,0,1,13,201300039895A01,,,
201300039906,2013-06-13,2013,juin,jeudi,16:00,92,92050,0,0,2,5,1,1,2,4,2,02,1,1,000,080,2,0,0,4,1,28,0,1,9,00,2,1,0,201300039906A01,10,0,1
201300039924,2013-07-26,2013,juillet,vendredi,61:5,92,92050,0,0,2,2,3,2,1,3,2,04,1,1,000,100,2,0,1,4,1,30,1,1,9,00,2,1,1,201300039924B01,15,15,1
201300039969,2013-10-30,2013,octobre,mercredi,82:0,92,92050,0,0,2,3,3,1,7,3,1,02,1,1,000,060,1,0,1,4,2,41,1,1,9,00,2,3,19,201300039969B01,10,16,1
201300039983,2013-11-07,2013,novembre,jeudi,11:20,92,92050,0,0,2,3,7,1,9,3,2,03,1,1,000,090,1,0,1,4,1,21,1,1,9,00,0,1,1,201300039983A01,,,
201300040021,2013-02-16,2013,février,samedi,90:0,92,92051,0,0,2,1,3,1,1,4,-1,00,1,1,000,000,1,0,1,4,1,46,5,1,9,00,0,1,2,201300040021B01,7,1,1
201300040038,2013-04-24,2013,avril,mercredi,13:15,92,92051,0,0,2,1,3,1,1,4,-1,00,-1,-1,000,000,-1,0,1,4,1,48,9,1,2,00,2,1,0,201300040038B01,7,0,1
201300040044,2013-04-12,2013,avril,vendredi,12:40,92,92051,0,0,2,1,3,1,1,4,2,00,-1,-1,000,000,1,0,4,4,1,14,2,1,9,00,2,1,0,201300040044B01,7,0,1
201300040070,2013-06-04,2013,juin,mardi,92:5,92,92051,0,0,2,1,6,1,1,4,1,01,1,1,000,000,1,0,1,4,1,45,0,1,9,01,0,1,0,201300040070B01,7,22,1
201300040076,2013-07-22,2013,juillet,lundi,16:50,92,92051,0,0,2,1,6,1,1,4,2,02,1,1,000,000,1,0,1,4,1,68,0,1,2,00,2,3,2,201300040076B01,38,16,1
201300040085,2013-07-15,2013,juillet,lundi,20:05,92,92051,0,0,2,1,6,1,1,4,2,00,1,1,000,000,1,0,1,4,1,38,0,1,2,00,2,0,15,201300040085B01,7,17,1
201300040099,2013-11-14,2013,novembre,jeudi,19:45,92,92051,0,0,2,4,6,5,1,4,1,00,1,2,000,000,1,0,1,4,1,37,0,1,4,00,2,8,5,201300040099B01,7,9,1
201300040105,2013-09-02,2013,septembre,lundi,13:10,92,92051,0,0,2,2,6,1,1,4,1,01,1,-1,000,000,1,0,1,4,2,47,0,1,9,00,2,1,0,201300040105B01,7,15,1
201300040107,2013-09-28,2013,septembre,samedi,12:40,92,92051,0,0,2,3,3,1,1,4,3,04,-1,-1,000,000,-1,0,1,4,2,36,4,1,9,00,2,7,19,201300040107B01,31,16,1
201300040115,2013-09-24,2013,septembre,mardi,13:00,92,92051,0,0,2,1,6,1,1,4,2,00,1,1,000,000,1,0,1,4,1,41,9,1,9,00,2,8,2,201300040115B01,7,17,1
201300040121,2013-10-15,2013,octobre,mardi,19:10,92,92051,0,0,2,1,6,2,1,4,2,00,1,1,000,000,1,0,1,4,2,48,0,1,2,00,2,0,0,201300040121B01,7,0,1
201300040136,2013-12-16,2013,décembre,lundi,15:15,92,92051,0,0,2,1,6,1,1,4,2,00,1,1,000,000,1,0,1,4,1,49,9,1,9,00,2,8,0,201300040136B01,10,15,1
201300040156,2013-04-12,2013,avril,vendredi,17:30,92,92062,0,0,2,1,3,1,1,4,3,06,1,1,000,000,1,0,1,4,1,45,0,1,2,00,2,1,2,201300040156B01,10,1,1
201300040157,2013-04-17,2013,avril,mercredi,85:0,92,92062,0,0,2,1,3,1,1,4,2,02,2,1,000,000,1,0,1,4,1,34,1,1,2,00,2,1,17,201300040157A01,7,15,1
201300040171,2013-07-12,2013,juillet,vendredi,18:00,92,92062,0,0,2,1,1,1,1,4,1,01,1,1,000,000,1,0,1,4,1,14,5,1,2,00,2,7,19,201300040171B01,7,1,1
201300040183,2013-10-28,2013,octobre,lundi,19:20,92,92062,0,0,2,1,2,5,1,4,1,01,1,1,000,000,2,0,1,4,1,32,1,1,9,00,2,1,1,201300040183A01,7,23,1
201300040184,2013-10-31,2013,octobre,jeudi,16:50,92,92062,0,0,2,3,3,1,8,4,1,03,1,1,000,000,2,0,1,4,1,36,0,1,9,00,2,8,1,201300040184B01,7,17,1
201300040191,2013-11-28,2013,novembre,jeudi,19:30,92,92062,0,0,2,3,3,5,8,4,1,01,1,1,000,000,2,0,1,4,1,15,2,1,9,00,2,1,15,201300040191B01,7,1,1
201300040199,2013-01-09,2013,janvier,mercredi,20:00,92,92063,0,0,2,6,3,2,2,4,2,02,1,1,000,000,2,0,1,4,1,49,1,1,9,00,2,1,9,201300040199B01,7,9,1
201300040212,2013-03-04,2013,mars,lundi,74:5,92,92063,0,0,2,6,3,1,1,4,1,01,1,2,000,050,1,0,1,4,1,37,1,1,4,00,2,7,2,201300040212B01,7,2,1
201300040217,2013-03-26,2013,mars,mardi,13:45,92,92063,0,0,2,3,6,1,1,4,2,02,1,1,000,000,1,0,1,3,1,60,0,1,9,00,2,0,1,201300040217B01,14,4,1
201300040222,2013-04-18,2013,avril,jeudi,16:10,92,92063,0,0,2,1,7,1,1,4,1,01,2,-1,000,000,1,0,4,4,2,20,0,1,9,12,0,0,0,201300040222A01,,,
201300040232,2013-05-21,2013,mai,mardi,17:10,92,92063,0,0,2,1,7,1,1,4,2,02,2,1,000,000,9,0,1,4,2,15,5,1,9,00,0,0,1,201300040232A01,,,
201300040242,2013-07-04,2013,juillet,jeudi,19:10,92,92063,0,0,2,1,3,1,1,3,2,02,4,1,000,050,1,0,1,4,1,18,5,1,4,00,2,8,15,201300040242B01,33,1,1
201300040243,2013-07-06,2013,juillet,samedi,14:45,92,92063,0,0,2,1,3,1,1,3,3,04,1,1,000,000,1,0,4,4,2,68,5,1,9,00,2,3,1,201300040243B01,7,9,1
201300040247,2013-07-11,2013,juillet,jeudi,90:5,92,92063,0,0,2,1,3,1,1,4,2,02,1,1,000,000,1,0,1,4,1,57,9,1,9,01,0,1,1,201300040247B01,7,24,1
201300040260,2013-08-22,2013,août,jeudi,12:15,92,92063,0,0,2,1,6,1,1,4,1,01,1,1,000,000,1,0,1,4,2,35,0,1,9,00,0,0,1,201300040260A01,7,20,1
201300040267,2013-09-03,2013,septembre,mardi,12:55,92,92063,0,0,2,1,3,1,1,3,3,04,1,1,000,000,1,0,1,4,2,55,5,1,9,00,2,0,2,201300040267B01,7,14,1
201300040281,2013-10-21,2013,octobre,lundi,14:30,92,92063,0,0,2,1,6,1,1,4,1,01,1,1,000,040,1,0,1,4,1,33,5,1,9,01,0,1,2,201300040281A01,7,24,1
201300040301,2013-12-06,2013,décembre,vendredi,85:0,92,92063,0,0,2,1,3,1,1,3,3,03,2,1,024,095,2,0,1,4,1,54,5,1,9,00,2,8,10,201300040301A01,32,1,1
201300040307,2013-01-13,2013,janvier,dimanche,11:30,92,92064,0,0,2,9,3,1,1,3,-1,01,1,1,000,000,1,0,4,4,1,12,5,1,2,00,2,1,0,201300040307B01,7,9,1
201300040351,2013-06-16,2013,juin,dimanche,18:10,92,92064,0,0,1,1,1,1,1,5,2,02,-1,2,000,000,-1,0,1,4,1,27,5,1,9,00,2,1,1,201300040351A01,17,1,1
201300040352,2013-06-18,2013,juin,mardi,16:40,92,92033,0,0,2,3,7,1,1,4,-1,02,-1,-1,000,000,-1,0,1,4,1,14,2,1,9,00,0,0,1,201300040352A01,,,
201300040406,2013-11-13,2013,novembre,mercredi,16:50,92,92064,0,0,2,1,2,1,1,4,2,02,1,1,000,000,1,0,1,4,1,34,1,1,9,00,2,4,2,201300040406B01,13,1,1
201300040411,2013-11-19,2013,novembre,mardi,19:40,92,92064,0,0,2,1,7,5,1,4,2,04,1,1,000,000,1,0,1,4,1,23,0,1,9,00,0,8,1,201300040411A01,,,
201300040422,2013-12-29,2013,décembre,dimanche,20:05,92,92033,0,0,2,1,7,5,1,4,2,02,1,1,000,000,1,0,1,3,2,55,5,1,9,00,0,0,0,201300040422A01,,,
201300040435,2013-02-13,2013,février,mercredi,75:5,92,92072,0,0,2,2,3,1,1,3,3,04,1,1,000,202,1,0,1,4,1,21,9,1,2,00,2,1,1,201300040435B01,7,15,1
201300040446,2013-04-23,2013,avril,mardi,17:30,92,92077,0,0,2,1,6,1,1,3,2,02,2,1,000,058,1,0,1,4,1,14,5,1,2,12,0,1,1,201300040446A01,,,
201300040449,2013-05-07,2013,mai,mardi,21:45,92,92072,0,0,2,1,6,5,1,3,2,04,1,1,000,128,1,0,1,4,1,59,5,1,2,00,2,2,18,201300040449B01,7,16,1
201300040460,2013-06-16,2013,juin,dimanche,12:30,92,92072,0,0,2,1,3,1,1,3,2,04,1,1,000,112,1,0,1,4,1,44,5,1,2,00,2,6,1,201300040460B01,7,12,1
201300040461,2013-06-22,2013,juin,samedi,95:0,92,92022,0,0,2,1,3,1,1,3,2,02,1,1,000,120,1,0,1,4,1,35,5,1,2,00,2,1,18,201300040461A01,7,1,1
201300040467,2013-07-24,2013,juillet,mercredi,55:5,92,92072,0,0,2,1,7,1,1,4,2,02,2,2,000,060,2,0,1,4,1,38,1,1,2,00,0,0,1,201300040467A01,,,
201300040486,2013-11-10,2013,novembre,dimanche,15:30,92,92077,0,0,2,3,6,1,1,4,2,02,1,1,000,063,1,0,1,4,1,54,5,1,9,00,2,1,1,201300040486B01,7,16,1
201300040488,2013-11-15,2013,novembre,vendredi,80:5,92,92077,0,0,2,1,3,1,2,3,2,02,2,1,000,058,2,0,4,4,1,19,0,1,9,00,2,1,1,201300040488A01,7,15,1
201300040493,2013-12-07,2013,décembre,samedi,13:05,92,92077,0,0,2,2,3,1,1,3,2,02,1,1,000,081,1,5,1,4,1,50,9,1,9,00,2,1,1,201300040493B01,33,15,1
201300040517,2013-04-03,2013,avril,mercredi,13:30,92,92073,0,0,2,1,6,1,1,4,2,02,1,1,000,000,1,0,1,4,1,42,5,1,2,00,1,1,1,201300040517A01,,,
201300040524,2013-06-01,2013,juin,samedi,18:05,92,92073,0,0,2,3,6,1,1,3,3,07,1,1,000,000,1,6,4,1,1,39,0,1,2,00,1,1,1,201300040524A01,,,
201300040545,2013-10-05,2013,octobre,samedi,20:40,92,92073,0,0,2,3,3,5,1,3,3,04,1,1,000,000,1,0,1,3,1,35,5,1,9,00,0,0,1,201300040545B01,7,1,1
201300040551,2013-10-23,2013,octobre,mercredi,16:50,92,92073,0,0,2,3,3,1,1,3,2,04,3,1,000,000,1,0,1,4,1,36,0,1,2,00,2,1,0,201300040551B01,7,15,1
201300040569,2013-02-12,2013,février,mardi,15:30,92,92075,0,0,2,6,3,1,1,3,1,02,1,1,000,000,1,5,1,4,1,16,9,1,9,00,2,0,19,201300040569B01,7,1,1
201300040582,2013-05-16,2013,mai,jeudi,15:35,92,92046,0,0,2,3,6,1,2,4,2,02,1,1,000,000,2,0,1,4,1,54,5,1,2,01,0,0,5,201300040582A01,,,
201300040596,2013-07-29,2013,juillet,lundi,19:10,92,92046,0,0,2,2,6,2,2,3,3,04,1,1,000,108,2,0,1,4,1,33,5,1,9,00,0,0,15,201300040596A01,7,0,1
201300040605,2013-09-21,2013,septembre,samedi,62:5,92,92046,0,0,2,6,7,5,1,3,1,01,1,-1,000,000,1,5,1,4,2,49,1,1,2,00,0,0,0,201300040605A01,7,16,1
201300040607,2013-09-24,2013,septembre,mardi,19:25,92,92075,0,0,2,1,3,2,1,3,3,03,2,1,000,000,1,0,1,4,1,50,1,1,9,00,2,8,19,201300040607B01,1,1,1
201300040607,2013-09-24,2013,septembre,mardi,19:25,92,92075,0,0,2,1,3,2,1,3,3,03,2,1,000,000,1,0,1,1,1,17,5,1,9,00,2,1,1,201300040607A01,1,19,1
201300040616,2013-10-12,2013,octobre,samedi,16:45,92,92046,0,0,2,2,3,1,1,4,1,01,1,1,000,000,1,0,1,4,2,26,3,1,9,00,2,1,1,201300040616B01,7,15,1
201300040639,2013-02-08,2013,février,vendredi,85:0,92,92078,0,0,2,1,6,1,1,4,3,01,1,1,000,000,2,0,5,1,1,28,4,1,4,00,1,1,1,201300040639A01,,,
201300040653,2013-09-07,2013,septembre,samedi,12:45,92,92078,0,0,2,2,3,1,1,4,2,02,1,1,000,000,1,0,1,3,2,65,0,1,9,00,2,8,19,201300040653B01,7,0,1
201300040696,2013-01-04,2013,janvier,vendredi,12:40,93,93001,0,0,2,1,2,1,1,3,2,02,1,1,000,100,1,0,1,1,1,86,5,1,4,00,9,4,11,201300040696B01,30,1,1
201300040712,2013-02-15,2013,février,vendredi,12:10,93,93001,0,0,2,1,6,1,1,3,1,01,1,1,000,040,1,0,4,1,2,51,4,1,9,00,1,1,0,201300040712A01,,,
201300040756,2013-06-18,2013,juin,mardi,19:50,93,93001,0,0,2,3,3,1,1,3,1,01,1,1,000,000,1,0,1,3,1,6,5,1,2,00,2,7,9,201300040756B01,7,1,1
201300040761,2013-06-25,2013,juin,mardi,65:0,93,93001,0,0,2,1,4,2,1,4,2,02,1,-1,000,100,1,0,1,3,1,23,0,1,2,00,0,0,0,201300040761B01,10/ 7,0,2
201300040767,2013-07-08,2013,juillet,lundi,13:40,93,93001,0,0,2,3,6,1,1,3,1,01,1,1,000,080,1,0,1,3,1,31,0,1,2,00,2,7,2,201300040767B01,10,15,1
201300040784,2013-08-05,2013,août,lundi,18:20,93,93001,0,0,2,6,2,1,1,3,-1,00,1,-1,000,000,1,0,1,3,1,74,0,1,2,00,0,4,0,201300040784B01,7,0,1
201300040787,2013-08-17,2013,août,samedi,14:10,93,93001,0,0,2,2,3,1,1,4,1,01,1,1,000,000,1,0,1,3,2,27,0,1,2,00,2,8,0,201300040787B01,7,1,1
201300040800,2013-09-25,2013,septembre,mercredi,13:10,93,93001,0,0,2,1,3,1,1,3,2,01,1,1,000,000,1,0,1,3,1,36,1,1,9,00,2,1,1,201300040800A01,7,0,1
201300040803,2013-10-02,2013,octobre,mercredi,11:30,93,93001,0,0,2,1,2,1,1,4,2,02,1,1,000,100,1,0,1,3,1,19,0,1,9,00,0,1,2,201300040803A01,7,1,1
201300040812,2013-10-24,2013,octobre,jeudi,22:20,93,93001,0,0,2,3,3,5,1,4,2,04,1,1,000,080,1,5,1,3,1,41,0,1,2,00,0,1,0,201300040812B01,7,0,1
201300040845,2013-03-25,2013,mars,lundi,17:20,93,93071,0,0,2,1,6,1,1,4,1,01,1,-1,000,000,1,0,1,4,1,60,0,1,9,,0,0,0,201300040845B02,7,16,1
201300040861,2013-05-02,2013,mai,jeudi,19:30,93,93071,0,0,2,1,3,1,1,4,1,00,1,1,000,000,1,0,1,4,1,26,0,1,9,00,2,8,1,201300040861B01,7,1,1
201300040870,2013-02-06,2013,février,mercredi,17:40,93,93005,0,0,2,1,1,1,1,4,2,02,1,1,000,000,1,0,1,3,1,10,0,1,2,00,2,7,9,201300040870B01,7,9,1
201300040920,2013-06-10,2013,juin,lundi,19:10,93,93005,0,0,2,1,3,1,1,2,1,02,1,1,000,060,1,0,1,3,1,27,5,1,2,00,2,1,19,201300040920A01,7,1,1
201300040921,2013-06-11,2013,juin,mardi,10:00,93,93005,0,0,2,1,3,1,1,4,2,02,1,1,000,000,1,0,1,3,2,26,1,1,9,00,2,0,0,201300040921A01,7,0,1
201300040928,2013-06-25,2013,juin,mardi,21:00,93,93005,0,0,2,1,1,5,1,4,2,00,-1,-1,000,000,-1,0,1,4,1,10,0,1,9,00,2,0,0,201300040928C01,7,0,1
201300040934,2013-07-11,2013,juillet,jeudi,20:00,93,93005,0,0,2,1,3,1,1,4,1,01,1,1,000,000,1,0,1,4,1,18,5,1,2,00,2,1,5,201300040934A01,7,9,1
201300040943,2013-08-18,2013,août,dimanche,20:15,93,93005,0,0,2,3,2,1,1,4,2,00,1,1,000,000,1,0,1,3,1,18,0,1,9,00,2,7,1,201300040943B01,7,1,1
201300040950,2013-09-08,2013,septembre,dimanche,18:10,93,93005,0,0,2,3,3,1,1,4,-1,02,1,-1,000,000,1,0,1,4,1,28,0,1,2,00,2,1,1,201300040950A01,7,1,1
201300040951,2013-09-10,2013,septembre,mardi,80:0,93,93005,0,0,2,1,1,1,1,4,-1,01,1,2,000,000,1,0,1,4,1,46,0,1,2,00,2,7,15,201300040951B01,7,9,1
201300040978,2013-10-23,2013,octobre,mercredi,19:45,93,93005,0,0,2,6,3,5,1,3,3,04,1,-1,000,000,-1,0,1,3,1,20,0,1,9,00,2,1,19,201300040978B01,7,0,1
201300040983,2013-11-01,2013,novembre,vendredi,17:40,93,93005,0,0,2,1,2,5,2,4,1,00,1,1,000,000,2,0,1,4,1,13,5,1,9,00,2,0,0,201300040983B01,7,9,1
201300041004,2013-01-14,2013,janvier,lundi,17:15,93,93007,0,0,2,1,3,3,1,4,-1,02,1,-1,000,000,1,0,3,3,1,27,0,1,9,00,0,1,0,201300041004B01,7,9,1
201300041025,2013-06-12,2013,juin,mercredi,94:5,93,93007,0,0,2,2,3,1,1,4,2,02,1,1,020,050,1,0,1,4,1,88,5,1,9,00,0,3,15,201300041025B01,7,1,1
201300041055,2013-01-21,2013,janvier,lundi,20:00,93,93008,0,0,2,1,3,5,2,4,3,02,1,1,000,000,2,0,1,3,2,36,0,1,9,00,0,8,0,201300041055B01,7,12,1
201300041090,2013-07-04,2013,juillet,jeudi,11:30,93,93008,0,0,2,1,6,1,1,9,2,02,1,1,000,030,1,0,5,4,1,63,5,1,2,00,1,1,2,201300041090A01,,,
201300041090,2013-07-04,2013,juillet,jeudi,11:30,93,93008,0,0,2,1,6,1,1,9,2,02,1,1,000,030,1,0,5,4,2,18,5,1,9,00,1,1,2,201300041090A01,,,
201300041095,2013-07-19,2013,juillet,vendredi,15:40,93,93008,0,0,2,1,6,1,1,4,1,01,1,-1,000,000,1,0,0,3,1,20,5,1,9,00,0,7,0,201300041095B01,7,0,1
201300041102,2013-08-23,2013,août,vendredi,93:0,93,93008,0,0,2,9,1,1,1,3,2,02,1,1,000,070,1,0,1,4,1,23,0,1,2,00,2,1,1,201300041102A01,7,11,1