Num_Acc,date,an,mois,jour,hrmn,dep,com,lat,long,agg,int,col,lum,atm,catr,circ,nbv,prof,plan,lartpc,larrout,surf,infra,situ,grav,sexe,age,trajet,secuexist,equipement,obs,obsm,choc,manv,vehiculeid,typevehicules,manoeuvehicules,numVehicules
201300041187,2013-06-04,2013,juin,mardi,85:5,93,93010,0,0,1,2,1,1,1,4,2,02,1,-1,000,000,1,0,1,3,1,51,0,1,9,00,2,1,0,201300041187B01,7,15,1
201300041216,2013-10-07,2013,octobre,lundi,94:5,93,93010,0,0,2,1,2,1,1,4,3,01,1,1,010,070,1,0,1,4,1,14,0,1,9,00,2,8,19,201300041216B01,7,4,1
201300041229,2013-11-21,2013,novembre,jeudi,16:10,93,93010,0,0,2,1,6,1,2,4,2,02,1,1,000,060,2,0,1,1,1,50,9,1,4,00,1,1,1,201300041229A01,,,
201300041296,2013-10-26,2013,octobre,samedi,14:25,93,93047,0,0,2,1,3,1,1,4,2,02,1,1,070,070,1,0,1,3,1,33,0,1,2,00,2,2,21,201300041296A01,7,1,1
201300041310,2013-08-29,2013,août,jeudi,19:50,93,93013,0,0,2,3,3,1,1,2,1,00,1,1,000,000,1,5,1,4,1,56,0,1,2,00,0,0,0,201300041310A01,7,12,1
201300041312,2013-01-07,2013,janvier,lundi,12:00,93,93013,0,0,2,3,6,1,1,4,2,02,1,1,000,000,1,0,1,3,1,44,0,1,9,00,2,1,2,201300041312A01,7,15,1
201300041386,2013-09-12,2013,septembre,jeudi,13:35,93,93027,0,0,2,2,3,1,1,4,2,02,1,1,000,000,1,0,1,4,1,29,0,1,2,00,0,7,1,201300041386A01,7,1,1
201300041442,2013-05-25,2013,mai,samedi,14:30,93,93029,0,0,2,3,3,1,1,4,1,01,1,2,000,000,2,0,1,4,1,56,0,1,9,00,2,2,19,201300041442A01,7,16,1
201300041446,2013-06-07,2013,juin,vendredi,22:30,93,93029,0,0,2,1,3,5,1,4,1,02,1,-1,000,000,1,,1,4,1,12,5,1,8,00,2,1,1,201300041446B01,7,18,1
201300041468,2013-10-10,2013,octobre,jeudi,18:00,93,93029,0,0,2,1,2,2,1,4,1,01,1,-1,000,040,1,0,1,4,1,18,0,1,9,00,0,1,2,201300041468B01,7,23,1
201300041479,2013-11-26,2013,novembre,mardi,19:35,93,93029,0,0,2,3,3,5,1,4,2,02,1,-1,000,000,1,0,1,3,1,16,0,1,9,00,2,3,19,201300041479B01,7,16,1
201300041492,2013-01-30,2013,janvier,mercredi,84:5,93,93031,0,0,2,2,3,1,2,4,-1,02,1,-1,000,035,2,5,1,4,1,42,0,1,9,00,0,0,0,201300041492B01,7,0,1
201300041535,2013-07-22,2013,juillet,lundi,10:35,93,93079,0,0,2,2,3,1,1,3,2,02,1,1,000,000,1,0,1,3,1,22,0,1,9,00,0,1,1,201300041535B01,7,1,1
201300041538,2013-08-05,2013,août,lundi,19:50,93,93031,0,0,2,3,3,1,1,4,2,02,1,1,000,000,1,0,1,3,1,12,5,1,9,00,2,0,1,201300041538B01,7,1,1
201300041593,2013-06-07,2013,juin,vendredi,19:25,93,93032,0,0,2,1,3,1,1,4,2,02,4,1,000,040,1,0,1,3,1,8,0,1,9,00,0,0,9,201300041593B01,7,1,1
201300041618,2013-01-05,2013,janvier,samedi,18:50,93,93063,0,0,2,1,2,5,1,4,2,02,1,1,015,021,1,0,1,3,1,48,5,1,2,00,0,4,17,201300041618B01,37,2,1
201300041642,2013-03-08,2013,mars,vendredi,93:0,93,93006,0,0,2,1,3,1,8,4,2,02,1,1,000,000,1,0,5,3,1,24,1,1,9,00,2,8,1,201300041642B01,7,14,1
201300041652,2013-05-02,2013,mai,jeudi,18:15,93,93006,0,0,2,1,3,1,1,9,1,01,1,1,000,000,1,0,4,4,2,31,1,1,9,00,2,3,0,201300041652A01,7,9,1
201300041680,2013-08-16,2013,août,vendredi,13:55,93,93006,0,0,2,3,2,1,1,4,1,01,1,-1,000,000,1,0,1,3,1,73,0,1,9,00,0,4,19,201300041680B01,7,4,1
201300041754,2013-06-05,2013,juin,mercredi,17:15,93,93046,0,0,2,1,6,1,1,4,2,02,1,1,000,080,1,0,4,4,2,8,5,1,3,01,0,8,1,201300041754B01,,,
201300041760,2013-06-23,2013,juin,dimanche,16:20,93,93046,0,0,2,2,6,1,1,4,2,02,1,1,000,060,1,0,1,3,1,44,0,1,2,00,2,1,1,201300041760B01,7,1,1
201300041760,2013-06-23,2013,juin,dimanche,16:20,93,93046,0,0,2,2,6,1,1,4,2,02,1,1,000,060,1,0,1,4,1,34,0,1,2,00,2,1,1,201300041760C01,7,1,1
201300041760,2013-06-23,2013,juin,dimanche,16:20,93,93046,0,0,2,2,6,1,1,4,2,02,1,1,000,060,1,0,1,4,1,35,0,1,2,00,2,1,1,201300041760D01,7,1,1
201300041760,2013-06-23,2013,juin,dimanche,16:20,93,93046,0,0,2,2,6,1,1,4,2,02,1,1,000,060,1,0,1,4,1,23,0,1,2,00,2,1,1,201300041760E01,7,1,1
201300041766,2013-07-20,2013,juillet,samedi,11:00,93,93046,0,0,2,3,3,1,1,4,2,02,1,1,000,000,1,0,1,4,2,31,5,1,2,00,2,8,15,201300041766B01,7,16,1
201300041782,2013-09-19,2013,septembre,jeudi,93:0,93,93074,0,0,2,1,3,1,1,4,3,01,1,-1,000,000,1,0,1,4,1,12,2,1,4,00,2,0,0,201300041782B01,7,2,1
201300041808,2013-12-10,2013,décembre,mardi,16:50,93,93046,0,0,2,2,3,5,1,4,1,01,1,1,000,000,1,0,1,3,1,48,1,1,2,00,2,1,0,201300041808B01,7,2,1
201300041814,2013-12-18,2013,décembre,mercredi,10:00,93,93046,0,0,2,3,2,1,1,2,3,00,1,1,000,000,1,0,0,4,2,19,3,1,9,00,2,0,0,201300041814B01,13,1,1
201300041818,2013-12-29,2013,décembre,dimanche,12:10,93,93015,0,0,2,6,3,1,1,4,2,02,1,1,000,000,1,5,1,4,1,50,5,1,2,00,2,7,1,201300041818B01,7,9,1
201300041830,2013-02-28,2013,février,jeudi,20:02,93,93048,0,0,2,1,3,1,1,4,2,02,1,1,000,000,1,0,1,4,1,47,0,1,2,00,0,3,2,201300041830A01,7,2,1
201300041842,2013-04-16,2013,avril,mardi,16:50,93,93048,0,0,2,2,1,1,1,4,1,01,4,1,000,000,1,0,1,4,1,49,0,1,2,00,2,1,1,201300041842B01,7,15,1
201300041899,2013-09-30,2013,septembre,lundi,94:0,93,93048,0,0,2,2,1,1,8,3,2,02,1,1,000,030,1,0,1,3,2,31,4,1,9,00,0,3,1,201300041899B01,7,1,1
201300041913,2013-11-09,2013,novembre,samedi,93:0,93,93048,0,0,2,2,1,1,1,4,3,02,1,1,000,080,1,0,1,3,2,40,5,1,2,00,9,8,19,201300041913B01,37,2,1
201300041913,2013-11-09,2013,novembre,samedi,93:0,93,93048,0,0,2,2,1,1,1,4,3,02,1,1,000,080,1,0,1,3,1,1,5,1,2,00,9,8,19,201300041913B01,37,2,1
201300041934,2013-12-20,2013,décembre,vendredi,10:00,93,93048,0,0,2,1,6,1,1,2,2,02,1,1,000,000,1,0,1,4,1,25,4,1,9,01,2,1,1,201300041934B01,7,22,1
201300041937,2013-01-07,2013,janvier,lundi,81:0,93,93050,0,0,2,2,1,4,1,4,2,00,1,1,000,000,1,0,1,4,2,63,2,1,2,00,0,1,15,201300041937B01,7,2,1
201300041966,2013-07-03,2013,juillet,mercredi,73:0,93,93050,0,0,2,3,3,1,2,4,2,02,1,1,000,050,2,0,1,4,1,31,1,1,2,00,0,3,15,201300041966B01,7,1,1
201300041967,2013-07-07,2013,juillet,dimanche,19:00,93,93050,0,0,2,1,2,1,1,4,1,02,1,1,000,025,1,0,1,4,1,61,5,1,2,00,0,0,1,201300041967B01,99,2,1
201300041981,2013-09-05,2013,septembre,jeudi,74:0,93,93050,0,0,2,3,3,1,1,2,2,02,1,1,000,000,1,5,0,4,1,31,1,1,2,00,0,1,15,201300041981A01,7,1,1
201300041985,2013-10-08,2013,octobre,mardi,85:5,93,93050,0,0,2,1,3,1,1,4,2,00,1,1,000,000,1,0,1,3,1,63,1,1,2,00,0,8,2,201300041985B01,7,1,1
201300042023,2013-05-24,2013,mai,vendredi,10:00,93,93051,0,0,2,2,3,1,2,4,-1,01,1,1,000,035,2,0,0,4,1,35,4,1,2,00,2,7,19,201300042023A01,7,1,1
201300042039,2013-08-23,2013,août,vendredi,83:0,93,93051,0,0,2,3,3,1,1,4,-1,00,1,1,000,000,1,0,1,3,2,58,5,1,2,00,2,1,2,201300042039B01,7,1,1
201300042080,2013-07-02,2013,juillet,mardi,64:0,93,93053,0,0,2,6,3,1,1,4,1,02,1,2,000,060,1,5,1,4,1,44,1,1,2,00,2,8,15,201300042080B01,7,15,1
201300042191,2013-07-21,2013,juillet,dimanche,20:30,93,93077,0,0,2,2,3,1,7,4,1,02,1,1,000,050,1,5,1,4,1,21,0,1,4,00,0,1,1,201300042191B01,7,1,1
201300042205,2013-10-03,2013,octobre,jeudi,62:0,93,93062,0,0,2,1,1,5,1,4,-1,02,1,4,000,000,1,0,1,4,1,37,1,1,4,00,2,1,1,201300042205B01,7,1,1
201300042206,2013-10-08,2013,octobre,mardi,90:0,93,93077,0,0,2,3,3,1,1,4,2,02,1,1,000,080,1,0,1,4,1,14,2,1,9,00,0,0,2,201300042206B01,7,16,1
201300042246,2013-06-08,2013,juin,samedi,10:40,93,93064,0,0,2,1,6,1,1,4,2,04,1,1,000,120,1,0,1,3,1,41,5,1,2,00,2,4,1,201300042246B01,7,1,1
201300042263,2013-09-20,2013,septembre,vendredi,14:15,93,93064,0,0,1,1,6,1,1,6,1,02,1,1,000,060,1,0,1,4,1,15,5,1,2,00,2,1,1,201300042263B01,7,1,1
201300042284,2013-01-10,2013,janvier,jeudi,16:05,93,93066,0,0,2,1,3,1,2,4,2,02,1,1,000,000,2,0,1,4,1,34,0,1,9,00,2,3,8,201300042284A01,7,1,1
201300042327,2013-04-14,2013,avril,dimanche,10:25,93,93066,0,0,2,1,6,1,1,2,1,02,1,1,020,040,1,0,1,4,1,37,5,1,9,00,0,4,0,201300042327A01,7,2,1
201300042363,2013-06-17,2013,juin,lundi,16:30,93,93066,0,0,2,1,3,1,1,4,2,04,1,1,000,060,1,0,1,4,1,40,0,1,9,00,2,7,2,201300042363B01,7,1,1
201300042403,2013-08-15,2013,août,jeudi,13:20,93,93066,0,0,2,1,3,1,1,4,1,03,2,1,100,090,1,0,1,3,1,20,0,1,9,00,2,8,0,201300042403B01,7,0,1
201300042407,2013-08-26,2013,août,lundi,19:45,93,93066,0,0,2,9,2,1,1,4,1,02,1,-1,000,000,1,0,1,3,1,15,0,1,9,01,0,1,0,201300042407B01,7,23,1
201300042413,2013-09-10,2013,septembre,mardi,13:30,93,93066,0,0,2,1,1,1,1,4,2,04,1,1,000,120,1,0,1,3,1,19,0,1,9,00,0,0,0,201300042413B01,30,0,1
201300042430,2013-10-02,2013,octobre,mercredi,14:15,93,93066,0,0,2,1,3,1,1,4,-1,02,1,1,000,000,1,0,1,4,1,17,0,1,9,00,2,1,1,201300042430A01,7,0,1
201300042450,2013-10-29,2013,octobre,mardi,18:40,93,93066,0,0,2,1,1,3,1,4,2,00,1,1,000,000,2,0,1,3,1,39,0,1,4,00,2,1,1,201300042450B01,7,10,1
201300042465,2013-11-29,2013,novembre,vendredi,63:5,93,93066,0,0,2,3,6,2,1,4,2,04,1,1,000,000,1,0,1,3,1,37,0,1,2,00,2,1,14,201300042465B01,13,1,1
201300042479,2013-12-17,2013,décembre,mardi,18:15,93,93066,0,0,2,1,3,5,1,3,1,02,1,-1,000,000,1,0,0,1,1,17,0,1,9,00,2,0,2,201300042479A01,34,0,1
201300042502,2013-02-19,2013,février,mardi,16:00,93,93070,0,0,2,1,2,1,1,3,2,03,1,1,000,100,1,0,1,4,1,27,0,1,2,00,2,1,1,201300042502A01,38,1,1
201300042514,2013-04-17,2013,avril,mercredi,80:0,93,93070,0,0,2,1,3,1,1,4,2,02,1,1,000,070,1,0,1,1,1,44,0,1,2,00,9,1,17,201300042514A01,1,15,1
201300042514,2013-04-17,2013,avril,mercredi,80:0,93,93070,0,0,2,1,3,1,1,4,2,02,1,1,000,070,1,0,1,4,1,44,0,1,2,00,9,1,15,201300042514B01,1,17,1
201300042525,2013-06-08,2013,juin,samedi,20:15,93,93070,0,0,2,1,3,1,1,3,1,01,1,1,000,025,1,0,1,4,2,23,0,1,9,00,2,7,1,201300042525B01,30,0,1
201300042528,2013-06-17,2013,juin,lundi,19:20,93,93070,0,0,2,1,6,1,1,4,1,02,1,1,010,080,2,0,1,4,1,27,0,1,2,00,0,3,19,201300042528B01,7,21,1
201300042530,2013-06-19,2013,juin,mercredi,19:35,93,93070,0,0,2,2,3,1,8,4,1,01,1,1,000,000,2,0,1,3,2,27,0,1,9,00,0,0,0,201300042530A01,10,0,1
201300042532,2013-06-22,2013,juin,samedi,17:15,93,93070,0,0,2,1,3,1,8,4,1,01,1,1,000,000,1,0,1,4,1,11,5,1,9,01,2,2,9,201300042532B01,7,1,1
201300042539,2013-07-15,2013,juillet,lundi,19:10,93,93070,0,0,2,1,3,1,1,3,2,02,-1,-1,000,060,1,0,1,3,1,11,0,1,9,00,2,8,9,201300042539B01,7,2,1
201300042543,2013-08-08,2013,août,jeudi,84:0,93,93070,0,0,2,1,7,1,1,4,2,02,2,1,000,000,1,0,1,4,1,50,1,1,9,01,0,8,2,201300042543B02,10,22,1
201300042549,2013-09-04,2013,septembre,mercredi,90:0,93,93070,0,0,2,1,7,1,1,4,1,01,1,1,000,000,1,0,5,3,1,24,0,1,9,01,0,0,2,201300042549B02,7,22,1
201300042608,2013-07-08,2013,juillet,lundi,15:00,93,93005,0,0,2,1,3,1,1,4,1,00,-1,-1,000,000,-1,0,5,4,1,20,0,1,2,00,2,0,0,201300042608A01,7,0,1
201300042653,2013-07-28,2013,juillet,dimanche,15:20,93,93059,0,0,2,3,3,1,1,2,3,02,2,1,000,000,1,0,0,4,2,24,5,1,2,00,2,3,1,201300042653B01,7,16,1
201300042675,2013-05-10,2013,mai,vendredi,13:5,93,93078,0,0,2,1,1,5,1,4,2,02,2,-1,035,035,1,2,1,3,1,18,0,1,9,00,0,1,2,201300042675A01,7,2,1
201300042681,2013-06-20,2013,juin,jeudi,15:45,93,93073,0,0,2,1,1,1,1,4,2,00,1,1,000,060,1,0,4,4,1,21,0,1,9,00,2,1,0,201300042681A01,7,0,1
201300042686,2013-07-06,2013,juillet,samedi,15:30,93,93078,0,0,2,1,1,1,1,4,2,00,1,2,030,030,1,6,5,3,1,36,0,1,9,00,2,1,1,201300042686B01,30,1,1
201300042688,2013-07-08,2013,juillet,lundi,80:0,93,93073,0,0,2,1,3,1,1,4,1,01,1,1,000,060,1,0,1,3,1,20,1,1,9,00,2,1,5,201300042688B01,7,15,1
201300042716,2013-09-21,2013,septembre,samedi,20:00,93,93073,0,0,2,3,3,5,1,4,2,02,1,1,000,050,1,0,1,4,1,15,0,1,9,00,2,1,0,201300042716B01,7,0,1
201300042723,2013-10-09,2013,octobre,mercredi,14:55,93,93078,0,0,1,1,2,1,2,3,1,03,1,1,110,100,1,0,1,3,1,64,5,1,9,00,0,4,3,201300042723B01,7,1,1
201300042737,2013-11-20,2013,novembre,mercredi,83:0,93,93078,0,0,2,2,3,1,1,4,2,02,1,1,080,060,1,0,1,3,2,19,9,1,9,00,2,8,0,201300042737B01,7,0,1
201300042755,2013-01-08,2013,janvier,mardi,95:5,94,94002,0,0,2,2,3,1,1,4,1,01,1,1,060,060,1,0,1,3,2,67,0,1,9,00,2,1,19,201300042755B01,14,16,1
201300042757,2013-06-06,2013,juin,jeudi,19:00,94,94002,0,0,2,3,3,1,1,3,2,00,1,1,148,083,1,5,1,4,1,31,0,1,2,00,2,1,1,201300042757B01,7,15,1
201300042759,2013-01-14,2013,janvier,lundi,22:20,94,94002,0,0,2,1,3,5,4,4,1,01,-1,-1,000,000,-1,0,1,4,1,53,5,1,2,00,2,1,1,201300042759B01,7,16,1
201300042772,2013-09-01,2013,septembre,dimanche,12:15,94,94002,0,0,2,1,3,1,1,4,2,00,1,1,060,057,1,0,1,4,1,31,5,1,9,00,0,1,1,201300042772B01,7,15,1
201300042778,2013-04-26,2013,avril,vendredi,94:5,94,94002,0,0,2,1,6,1,1,4,1,01,1,-1,060,035,1,0,1,1,1,38,5,1,9,00,1,1,0,201300042778A01,,,
201300042791,2013-11-22,2013,novembre,vendredi,16:15,94,94002,0,0,2,3,3,1,1,4,1,01,1,1,000,040,1,0,1,3,1,70,0,1,9,00,2,1,0,201300042791B01,10,0,1
201300042849,2013-12-19,2013,décembre,jeudi,95:5,94,94044,0,0,2,6,2,1,1,3,1,01,1,2,000,040,1,5,1,4,1,48,4,1,9,00,0,4,16,201300042849B01,7,0,1
201300042863,2013-10-03,2013,octobre,jeudi,16:30,94,94071,0,0,2,1,6,1,1,4,2,01,2,3,000,000,2,0,1,1,1,22,5,1,4,00,0,0,0,201300042863A01,33,21,1
201300042870,2013-04-04,2013,avril,jeudi,81:5,94,94071,0,0,2,1,3,1,1,3,3,02,1,1,000,000,2,5,1,4,1,65,5,1,2,02,,1,,201300042870B01,7,16,1
201300042874,2013-04-14,2013,avril,dimanche,10:00,94,94075,0,0,2,1,3,1,1,4,2,02,1,3,000,000,1,0,1,3,1,48,5,1,2,00,0,7,1,201300042874B01,32,1,1
201300042912,2013-06-24,2013,juin,lundi,19:50,94,94004,0,0,2,1,2,1,1,4,2,01,1,1,000,000,1,0,0,4,1,10,5,1,9,00,2,4,0,201300042912B01,2,0,1
201300042938,2013-08-18,2013,août,dimanche,12:10,94,94075,0,0,2,1,6,1,1,9,-1,00,1,1,000,000,1,0,0,1,1,32,5,1,2,00,1,1,0,201300042938A01,,,
201300042938,2013-08-18,2013,août,dimanche,12:10,94,94075,0,0,2,1,6,1,1,9,-1,00,1,1,000,000,1,0,0,4,1,79,5,1,9,00,1,1,0,201300042938A01,,,
201300042945,2013-09-05,2013,septembre,jeudi,17:10,94,94004,0,0,2,4,3,1,1,4,1,01,1,1,000,050,1,0,1,3,1,13,2,1,9,00,2,1,5,201300042945A01,7,1,1
201300042952,2013-01-02,2013,janvier,mercredi,11:05,94,94017,0,0,2,4,3,1,1,4,2,02,2,1,000,000,1,0,1,3,2,77,5,1,2,00,2,2,1,201300042952B01,7,15,1
201300042955,2013-01-05,2013,janvier,samedi,18:10,94,94017,0,0,2,1,3,5,1,4,-1,00,-1,-1,000,000,1,0,1,4,1,61,0,1,2,00,2,8,0,201300042955B01,7,0,1
201300043016,2013-07-08,2013,juillet,lundi,72:0,94,94017,0,0,2,2,3,1,1,2,2,04,1,1,000,000,1,0,1,4,2,44,0,1,9,00,2,1,18,201300043016B01,17,16,1
201300043020,2013-07-18,2013,juillet,jeudi,11:45,94,94017,0,0,2,6,1,1,1,4,2,02,-1,-1,000,000,1,0,1,4,1,30,5,1,2,00,0,0,1,201300043020B01,7,0,1
201300043021,2013-07-19,2013,juillet,vendredi,72:0,94,94017,0,0,2,1,2,1,1,2,-1,00,-1,-1,000,000,1,0,1,4,1,32,0,1,2,00,2,7,1,201300043021B01,33,0,1
201300043039,2013-09-24,2013,septembre,mardi,17:00,94,94017,0,0,2,1,3,1,1,4,1,01,1,1,000,000,1,0,5,3,2,49,5,1,9,00,2,1,1,201300043039B01,7,22,1
201300043046,2013-10-26,2013,octobre,samedi,12:00,94,94017,0,0,2,1,6,1,2,4,2,02,1,1,000,000,2,2,1,1,1,63,5,1,4,00,2,4,2,201300043046B01,30,2,1
201300043054,2013-12-14,2013,décembre,samedi,18:45,94,94017,0,0,2,1,6,5,1,4,-1,00,1,-1,000,000,1,0,1,3,1,46,0,1,2,00,0,0,0,201300043054B01,7,0,1
201300043069,2013-06-30,2013,juin,dimanche,10:43,94,94018,0,0,2,3,3,1,1,3,2,03,1,1,000,074,1,0,1,4,1,44,5,1,2,00,2,1,2,201300043069B01,13,15,1
201300043097,2013-05-17,2013,mai,vendredi,15:30,94,94018,0,0,2,3,6,1,1,3,1,01,-1,3,000,056,1,0,1,4,1,37,5,1,2,01,0,1,21,201300043097B01,7,22,1
201300043107,2013-11-10,2013,novembre,dimanche,17:50,94,94069,0,0,2,3,3,5,1,4,2,01,2,2,000,090,1,0,1,4,1,13,0,1,9,00,2,1,9,201300043107A01,7,1,1
201300043154,2013-05-27,2013,mai,lundi,18:40,94,94079,0,0,2,1,2,1,1,4,2,02,1,1,000,090,1,0,1,4,1,37,1,1,2,00,2,8,1,201300043154B01,7,17,1
201300043177,2013-07-17,2013,juillet,mercredi,80:0,94,94059,0,0,2,6,3,1,1,4,2,01,-1,-1,000,070,1,0,1,4,2,79,0,1,9,00,2,7,6,201300043177B01,7,6,1
201300043178,2013-07-19,2013,juillet,vendredi,20:05,94,94060,0,0,2,1,3,1,1,4,3,02,1,1,005,062,1,0,1,4,1,8,0,1,9,00,2,1,19,201300043178B01,7,1,1
201300043188,2013-09-07,2013,septembre,samedi,16:50,94,94079,0,0,2,1,2,1,1,4,1,00,1,1,000,030,1,0,1,4,1,21,0,1,9,00,2,1,1,201300043188A01,7,23,1
201300043251,2013-08-28,2013,août,mercredi,19:05,94,94054,0,0,2,2,3,1,1,3,2,02,1,1,000,080,1,0,1,4,2,40,5,1,9,00,9,3,1,201300043251A01,7,1,1
201300043324,2013-01-16,2013,janvier,mercredi,14:05,94,94028,0,0,2,3,3,1,1,4,-1,02,1,1,000,060,7,0,1,4,1,72,5,1,2,00,0,1,1,201300043324B01,7,0,1
201300043430,2013-07-10,2013,juillet,mercredi,19:30,94,94028,0,0,2,1,2,1,1,4,-1,04,-1,-1,010,120,-1,0,0,4,1,26,0,1,9,00,2,9,0,201300043430B01,34,1,1
201300043431,2013-07-11,2013,juillet,jeudi,20:00,94,94028,0,0,2,1,6,1,1,4,2,02,1,3,000,060,1,0,1,4,1,10,5,1,9,00,2,1,19,201300043431B01,7,1,1
201300043456,2013-09-22,2013,septembre,dimanche,15:50,94,94011,0,0,2,1,3,1,1,4,-1,00,-1,-1,000,000,1,0,1,4,1,15,0,1,9,00,2,1,0,201300043456B01,7,0,1
201300043474,2013-10-22,2013,octobre,mardi,81:5,94,94028,0,0,2,1,6,1,1,4,1,02,1,1,000,060,1,0,1,4,1,51,5,1,9,00,0,4,2,201300043474B01,7,2,1
201300043517,2013-01-25,2013,janvier,vendredi,71:5,94,94033,0,0,2,2,3,5,1,4,1,01,2,1,000,000,1,0,1,4,1,54,1,1,2,00,2,7,1,201300043517A01,37,1,1
201300043546,2013-09-11,2013,septembre,mercredi,92:5,94,94033,0,0,2,1,3,1,1,4,1,01,2,1,000,000,1,0,4,4,2,38,1,1,2,00,0,7,0,201300043546A01,10,0,1
201300043548,2013-09-16,2013,septembre,lundi,17:20,94,94033,0,0,2,1,3,1,2,4,1,01,1,1,000,000,2,0,1,4,1,14,2,1,2,00,2,3,15,201300043548A01,33,17,1
201300043566,2013-12-04,2013,décembre,mercredi,13:30,94,94033,0,0,2,3,3,1,1,4,2,02,2,1,000,000,1,0,1,4,1,52,1,1,9,00,0,3,16,201300043566B01,33,1,1
201300043624,2013-05-01,2013,mai,mercredi,12:10,94,94016,0,0,2,1,2,2,1,4,2,03,1,1,000,000,1,0,1,3,2,41,9,1,9,00,2,1,2,201300043624A01,7,23,1
201300043640,2013-06-10,2013,juin,lundi,18:00,94,94043,0,0,2,2,3,1,1,3,1,01,2,1,000,000,1,0,1,3,1,13,5,1,2,00,0,7,0,201300043640B01,7,0,1
201300043658,2013-07-09,2013,juillet,mardi,90:0,94,94003,0,0,2,2,6,1,1,3,-1,00,2,1,000,000,-1,0,0,4,1,23,1,1,9,00,2,1,1,201300043658B02,7,15,1
201300043663,2013-07-17,2013,juillet,mercredi,16:50,94,94043,0,0,1,9,3,1,1,4,-1,00,2,1,000,000,1,0,1,4,1,12,9,1,9,00,2,1,5,201300043663A01,7,1,1
201300043666,2013-07-19,2013,juillet,vendredi,17:45,94,94043,0,0,2,2,3,1,1,4,1,00,1,1,000,000,1,0,1,4,1,16,5,1,9,00,2,1,1,201300043666A01,7,1,1
201300043682,2013-09-03,2013,septembre,mardi,10:55,94,94076,0,0,2,1,3,1,1,3,2,03,1,1,000,000,1,0,1,3,2,28,0,1,2,01,0,1,1,201300043682B01,7,22,1
201300043709,2013-10-18,2013,octobre,vendredi,12:00,94,94076,0,0,2,1,6,1,1,4,-1,00,1,-1,000,000,1,0,0,4,2,8,2,1,9,00,2,0,0,201300043709B01,7,0,1
201300043716,2013-10-23,2013,octobre,mercredi,82:0,94,94043,0,0,2,1,3,1,1,4,1,01,1,1,000,000,1,0,5,3,1,40,1,1,2,00,2,8,1,201300043716A01,7,16,1
201300043735,2013-11-25,2013,novembre,lundi,13:35,94,94016,0,0,2,1,6,1,1,4,2,01,2,1,000,000,1,0,1,4,2,20,2,1,2,00,1,1,1,201300043735A01,,,
201300043748,2013-12-16,2013,décembre,lundi,10:50,94,94076,0,0,2,1,3,1,7,4,1,01,1,1,000,000,1,0,1,3,1,20,9,1,9,00,2,6,0,201300043748B01,7,2,1
201300043750,2013-12-20,2013,décembre,vendredi,20:30,94,94016,0,0,2,2,3,2,1,4,-1,01,2,1,000,000,-1,0,0,4,1,31,0,1,2,00,0,1,0,201300043750A01,7,0,1
201300043751,2013-12-20,2013,décembre,vendredi,10:30,94,94076,0,0,2,3,6,1,7,4,2,02,-1,1,000,000,2,0,1,4,1,20,1,1,9,00,2,0,0,201300043751B01,7,15,1
201300043763,2013-02-13,2013,février,mercredi,21:00,94,94065,0,0,2,3,3,5,1,9,1,03,2,3,000,000,1,5,1,4,1,37,5,1,2,00,2,1,1,201300043763B01,7,19,1
201300043791,2013-04-25,2013,avril,jeudi,16:45,94,94073,0,0,2,3,3,1,1,3,2,02,2,4,,,1,0,1,4,1,46,5,1,9,00,2,8,1,201300043791A02,7,22,1
201300043808,2013-06-01,2013,juin,samedi,16:30,94,94038,0,0,2,1,3,1,1,4,3,00,1,1,000,000,1,0,1,4,1,35,5,1,9,00,0,2,2,201300043808B01,7,17,1
201300043814,2013-06-11,2013,juin,mardi,10:00,94,94038,0,0,2,1,3,1,1,3,-1,00,1,1,000,000,1,0,1,3,1,19,0,1,9,00,0,3,0,201300043814B01,13,0,1
201300043873,2013-10-05,2013,octobre,samedi,93:5,94,94021,0,0,2,1,3,1,1,9,1,01,1,1,000,000,1,0,5,4,1,55,5,1,9,00,2,1,1,201300043873B01,7,1,1
201300043897,2013-11-10,2013,novembre,dimanche,11:15,94,94034,0,0,2,1,2,1,3,2,3,04,2,1,000,000,2,0,1,4,1,59,5,1,2,00,0,4,2,201300043897B01,7,2,1
201300043907,2013-11-26,2013,novembre,mardi,73:0,94,94038,0,0,2,1,3,2,1,4,2,01,1,1,000,000,1,0,5,4,1,33,1,1,2,00,2,1,2,201300043907B01,7,15,1
201300043947,2013-06-08,2013,juin,samedi,14:15,94,94041,0,0,2,1,6,1,1,3,1,02,1,1,000,065,1,0,1,4,1,25,5,1,9,01,0,1,1,201300043947B01,7,24,1
201300043960,2013-10-24,2013,octobre,jeudi,17:34,94,94041,0,0,2,9,3,1,1,4,2,02,1,1,000,065,1,0,1,4,1,13,0,1,9,00,2,3,1,201300043960A01,38,2,1
201300044000,2013-05-25,2013,mai,samedi,13:45,94,94041,0,0,2,3,3,1,1,4,2,02,-1,1,000,035,1,0,1,4,1,45,0,1,9,00,2,7,1,201300044000B01,7,1,1
201300044030,2013-06-04,2013,juin,mardi,14:15,94,94046,0,0,2,3,3,1,1,3,1,01,1,1,000,076,1,0,1,4,2,51,4,1,2,00,2,1,1,201300044030B01,7,9,1
201300044031,2013-06-08,2013,juin,samedi,11:30,94,94046,0,0,2,1,3,1,1,4,2,02,1,1,000,000,1,0,0,4,2,58,5,1,2,00,0,1,1,201300044031B01,7,15,1
201300044050,2013-03-28,2013,mars,jeudi,94:5,94,94046,0,0,2,9,3,1,1,3,2,00,1,1,000,000,1,0,5,4,1,26,1,1,2,00,2,1,1,201300044050A01,10,1,1