Num_Acc,date,an,mois,jour,hrmn,dep,com,lat,long,agg,int,col,lum,atm,catr,circ,nbv,prof,plan,lartpc,larrout,surf,infra,situ,grav,sexe,age,trajet,secuexist,equipement,obs,obsm,choc,manv,vehiculeid,typevehicules,manoeuvehicules,numVehicules
201300044051,2013-04-01,2013,avril,lundi,16:45,94,94046,0,0,2,2,3,1,1,4,-1,00,1,1,000,077,1,0,1,4,1,19,0,1,9,00,2,1,1,201300044051B01,7,1,1
201300044079,2013-12-17,2013,décembre,mardi,14:35,94,94046,0,0,2,1,3,1,1,3,2,04,2,1,000,000,1,0,1,4,2,60,9,1,2,00,2,8,18,201300044079B01,7,16,1
201300044125,2013-04-15,2013,avril,lundi,20:30,94,94042,0,0,2,1,1,1,1,4,2,01,2,-1,000,000,1,0,1,4,2,49,5,1,9,00,0,0,0,201300044125B01,30,0,1
201300044126,2013-04-18,2013,avril,jeudi,80:0,94,94042,0,0,2,3,3,1,1,4,4,00,1,-1,000,000,1,0,1,4,1,52,1,1,9,00,0,0,1,201300044126B01,7,15,1
201300044151,2013-07-08,2013,juillet,lundi,10:30,94,94042,0,0,2,1,3,1,1,4,2,02,-1,-1,000,060,-1,0,1,4,1,67,0,1,9,00,2,7,1,201300044151B01,7,14,1
201300044153,2013-07-10,2013,juillet,mercredi,22:30,94,94052,0,0,2,1,3,5,1,3,2,02,2,1,000,050,1,0,1,4,1,24,0,1,2,00,0,1,1,201300044153B01,2,9,1
201300044160,2013-07-21,2013,juillet,dimanche,91:0,94,94058,0,0,2,1,1,1,1,4,1,01,1,1,000,040,1,0,1,4,2,63,5,1,9,00,0,1,1,201300044160A01,1,1,1
201300044160,2013-07-21,2013,juillet,dimanche,91:0,94,94058,0,0,2,1,1,1,1,4,1,01,1,1,000,040,1,0,1,1,1,52,0,1,9,00,0,0,1,201300044160B01,1,1,1
201300044161,2013-07-29,2013,juillet,lundi,17:42,94,94042,0,0,2,7,3,1,1,4,1,01,1,3,000,080,1,0,1,4,2,17,5,1,9,00,2,8,19,201300044161B01,7,16,1
201300044169,2013-08-28,2013,août,mercredi,93:0,94,94052,0,0,2,1,1,1,1,4,2,02,1,3,000,060,1,0,1,4,2,45,1,1,2,00,2,1,1,201300044169B01,7,5,1
201300044171,2013-09-03,2013,septembre,mardi,17:30,94,94052,0,0,2,1,6,1,7,3,2,04,2,1,000,060,1,0,1,4,1,42,1,1,2,00,1,1,1,201300044171A01,,,
201300044173,2013-09-04,2013,septembre,mercredi,18:30,94,94015,0,0,1,3,3,1,1,4,2,02,1,1,000,061,1,0,1,3,2,57,5,1,2,00,2,8,1,201300044173B01,10,16,1
201300044175,2013-09-09,2013,septembre,lundi,10:00,94,94058,0,0,2,2,3,1,8,3,2,02,1,1,000,100,1,0,1,4,1,80,5,1,2,00,2,1,2,201300044175B01,7,10,1
201300044181,2013-09-17,2013,septembre,mardi,17:40,94,94058,0,0,2,1,1,1,2,9,-1,01,1,1,000,104,2,0,1,4,1,11,9,1,2,00,2,1,9,201300044181B01,10,20,1
201300044187,2013-09-24,2013,septembre,mardi,18:45,94,94052,0,0,2,1,1,1,1,3,1,00,1,1,000,080,1,0,5,3,1,34,5,1,2,00,2,1,2,201300044187B01,33,2,1
201300044188,2013-10-01,2013,octobre,mardi,17:00,94,94058,0,0,2,6,3,1,1,3,4,03,1,1,000,113,1,5,1,4,1,21,1,1,2,00,2,7,1,201300044188B01,7,1,1
201300044198,2013-11-13,2013,novembre,mercredi,11:25,94,94058,0,0,2,2,6,1,1,4,2,02,1,1,000,048,1,0,1,3,1,25,4,1,9,00,0,2,0,201300044198B01,7,0,1
201300044210,2013-07-12,2013,juillet,vendredi,12:15,94,94068,0,0,2,1,6,1,1,4,1,00,1,2,000,084,1,0,1,4,2,18,5,1,9,00,2,2,1,201300044210B01,7,13,1
201300044265,2013-07-03,2013,juillet,mercredi,22:20,94,94068,48.7959,2.49345,2,1,3,5,1,6,-1,00,1,1,000,000,2,0,1,2,1,7,5,1,2,00,2,1,1,201300044265A01,1,1,1
201300044265,2013-07-03,2013,juillet,mercredi,22:20,94,94068,48.7959,2.49345,2,1,3,5,1,6,-1,00,1,1,000,000,2,0,1,1,2,16,5,1,2,00,2,8,1,201300044265B01,1,1,1
201300044284,2013-04-17,2013,avril,mercredi,80:0,94,94068,0,0,2,1,6,1,1,4,2,00,1,2,000,041,1,0,1,4,2,38,1,1,2,00,2,1,23,201300044284B01,7,15,1
201300044294,2013-10-06,2013,octobre,dimanche,20:05,94,94068,0,0,2,2,3,5,1,2,3,04,-1,-1,000,060,1,0,1,4,1,48,5,1,9,00,2,0,15,201300044294A01,7,0,1
201300044295,2013-05-22,2013,mai,mercredi,12:10,94,94068,0,0,2,1,2,1,1,3,3,00,1,1,000,000,1,0,1,4,1,19,9,1,2,01,0,1,1,201300044295B01,7,23,1
201300044302,2013-10-03,2013,octobre,jeudi,84:5,94,94068,0,0,2,1,3,1,1,4,1,01,1,1,000,000,1,0,1,4,1,11,2,1,9,00,2,0,1,201300044302B01,7,13,1
201300044307,2013-01-12,2013,janvier,samedi,12:30,94,94077,0,0,2,2,3,1,2,4,2,02,1,1,000,050,2,0,1,4,1,43,4,1,9,00,2,8,1,201300044307B01,7,1,1
201300044336,2013-04-11,2013,avril,jeudi,90:0,94,94074,0,0,2,1,6,1,1,3,2,02,1,1,000,050,1,0,1,4,2,60,1,1,2,00,2,1,1,201300044336B01,7,16,1
201300044339,2013-04-16,2013,avril,mardi,16:05,94,94078,0,0,2,1,3,1,1,4,2,02,1,-1,000,050,1,0,1,4,1,41,5,1,9,00,2,1,0,201300044339B01,7,0,1
201300044369,2013-07-02,2013,juillet,mardi,10:45,94,94078,48.7356,2.44665,2,2,2,1,1,2,2,04,1,1,000,000,1,0,1,4,1,14,5,1,9,00,2,1,1,201300044369A01,7,15,1
201300044411,2013-09-24,2013,septembre,mardi,13:50,94,94078,0,0,2,1,3,1,1,4,2,02,1,1,000,000,1,0,1,4,2,53,3,1,2,00,2,7,1,201300044411B01,7,9,1
201300044474,2013-04-08,2013,avril,lundi,11:25,94,94080,48.8476,2.45272,2,5,3,1,1,3,1,02,2,1,000,000,1,0,1,2,1,69,3,1,9,00,2,0,18,201300044474B01,15,16,1
201300044476,2013-04-17,2013,avril,mercredi,15:55,94,94080,0,0,2,1,3,1,1,4,1,01,1,1,000,000,1,0,1,3,1,14,0,1,9,00,2,1,18,201300044476B01,7,20,1
201300044494,2013-07-20,2013,juillet,samedi,20:35,94,94080,0,0,2,1,1,2,1,3,2,02,1,1,000,000,1,0,1,4,1,26,0,1,9,00,2,1,17,201300044494B01,7,24,1
201300044503,2013-09-09,2013,septembre,lundi,14:00,94,94067,0,0,2,3,3,1,3,4,1,00,1,1,000,000,-1,0,1,3,1,41,0,1,2,00,2,3,19,201300044503A01,10,15,1
201300044507,2013-10-09,2013,octobre,mercredi,15:30,94,94080,0,0,2,1,6,1,2,3,2,02,1,1,000,000,2,0,1,1,2,27,4,1,9,00,1,1,1,201300044507A01,,,
201300044512,2013-11-13,2013,novembre,mercredi,71:0,94,94080,0,0,2,9,1,2,1,4,2,00,1,1,000,000,1,0,1,3,1,28,1,1,9,00,2,1,1,201300044512B01,7,5,1
201300044516,2013-11-21,2013,novembre,jeudi,12:45,94,94080,0,0,2,1,1,1,1,4,1,00,1,1,000,000,1,0,1,4,2,36,1,1,9,01,0,1,17,201300044516B01,7,22,1
201300044518,2013-12-13,2013,décembre,vendredi,91:0,94,94080,0,0,2,1,6,1,1,4,1,01,1,1,000,000,1,0,1,4,1,42,1,1,9,01,0,0,0,201300044518B01,7,0,1
201300044540,2013-02-10,2013,février,dimanche,22:00,94,94081,0,0,2,6,3,5,2,2,3,02,-1,-1,000,000,-1,0,1,4,1,24,5,1,2,00,2,0,2,201300044540A01,10,1,1
201300044557,2013-04-14,2013,avril,dimanche,19:50,94,94081,0,0,2,1,6,1,1,4,1,02,2,3,000,080,1,0,1,4,1,19,0,1,2,00,2,3,18,201300044557B01,7,23,1
201300044575,2013-05-27,2013,mai,lundi,20:00,94,94081,0,0,2,1,6,1,1,4,2,02,1,1,000,082,1,0,1,4,1,7,5,1,2,00,2,3,19,201300044575B01,7,1,1
201300044580,2013-06-11,2013,juin,mardi,19:10,94,94081,0,0,2,1,3,1,1,4,2,01,1,1,000,000,1,0,1,4,1,9,5,1,2,00,2,1,9,201300044580A01,7,1,1
201300044586,2013-07-01,2013,juillet,lundi,17:10,94,94081,0,0,2,2,3,1,1,3,2,02,1,1,000,056,1,0,1,3,1,52,5,1,2,00,2,3,1,201300044586A01,7,16,1
201300044614,2013-08-31,2013,août,samedi,21:35,94,94081,0,0,2,2,3,5,1,3,2,04,1,1,,,1,0,1,3,1,29,5,1,9,00,2,2,1,201300044614B01,7,15,1
201300044658,2013-12-21,2013,décembre,samedi,18:30,94,94081,0,0,2,6,7,5,1,4,-1,01,1,1,000,000,1,5,1,4,1,58,9,1,4,00,0,0,21,201300044658A01,7,0,1
201300044690,2013-02-28,2013,février,jeudi,14:45,95,95582,48.9728,2.2546,2,1,3,1,8,3,2,02,1,1,,,1,0,5,4,2,43,1,1,9,01,0,2,1,201300044690B01,7,24,1
201300044731,2013-05-29,2013,mai,mercredi,21:05,95,95018,48.9434,2.2518,2,1,4,2,2,3,2,04,1,1,,,2,0,1,3,1,23,5,1,9,00,2,1,1,201300044731C01,7,1/22,2
201300044738,2013-06-12,2013,juin,mercredi,18:00,95,95018,48.9637,2.2712,2,1,1,1,1,4,2,01,1,1,,,1,2,1,3,2,87,5,1,9,00,2,1,13,201300044738A01,7,1,1
201300044759,2013-07-22,2013,juillet,lundi,14:40,95,95018,48.9579,2.2395,2,2,3,1,1,3,2,02,1,1,,,1,0,1,4,1,13,5,1,9,00,2,1,1,201300044759A01,7,1,1
201300044759,2013-07-22,2013,juillet,lundi,14:40,95,95018,48.9579,2.2395,2,2,3,1,1,3,2,02,1,1,,,1,0,1,4,1,12,5,1,9,00,2,1,1,201300044759A01,7,1,1
201300044766,2013-08-01,2013,août,jeudi,20:35,95,95018,48.9311,2.2291,2,1,7,1,1,4,2,02,1,1,,,1,0,1,4,1,59,5,1,9,16,0,9,13,201300044766A01,,,
201300044780,2013-09-18,2013,septembre,mercredi,74:8,95,95018,48.9478,2.2666,2,3,2,1,1,4,1,01,1,1,,,1,0,1,4,1,53,1,1,9,00,2,4,15,201300044780A01,10,1,1
201300044784,2013-09-21,2013,septembre,samedi,17:55,95,95018,48.9437,2.2275,2,1,1,1,1,4,2,02,1,1,,,1,0,1,4,1,69,5,1,9,00,2,1,1,201300044784B01,7,1,1
201300044853,2013-12-04,2013,décembre,mercredi,13:50,95,95572,49.0545,2.1462,2,1,3,1,1,4,2,02,1,1,,,1,0,1,4,1,38,1,1,9,00,2,8,1,201300044853A01,15,1,1
201300044877,2013-09-09,2013,septembre,lundi,94:0,95,95572,49.0418,2.1119,2,6,3,1,1,3,2,02,1,1,,,1,0,1,4,1,16,2,1,9,00,2,1,9,201300044877B01,7,1,1
201300044891,2013-08-26,2013,août,lundi,16:40,95,95197,48.9799,2.3277,2,1,3,1,1,4,2,02,2,1,,,1,0,1,4,2,38,5,1,9,00,2,4,1,201300044891B01,7,9,1
201300044900,2013-11-26,2013,novembre,mardi,19:30,95,95427,48.9678,2.3425,2,1,1,5,1,4,2,02,1,1,,,1,0,1,3,1,27,5,1,4,00,2,1,1,201300044900B01,7,1,1
201300044922,2013-04-02,2013,avril,mardi,10:25,95,95426,49.0071,2.2812,2,4,1,1,1,4,1,01,1,1,,,1,0,1,3,1,76,5,1,9,00,2,1,1,201300044922A01,33,1,1
201300044956,2013-08-27,2013,août,mardi,18:30,95,95203,48.9875,2.2787,2,2,3,1,1,4,1,01,1,1,,,1,0,1,4,1,49,1,1,9,00,2,1,1,201300044956B01,7,9,1
201300044966,2013-09-25,2013,septembre,mercredi,18:50,95,95574,49.0069,2.2717,2,1,3,1,1,3,2,02,1,1,,,1,0,1,4,1,14,2,1,2,00,2,1,9,201300044966A01,7,1,1
201300044967,2013-09-25,2013,septembre,mercredi,17:33,95,95219,48.9809,2.2705,2,1,7,1,1,3,2,04,1,1,,,1,1,1,3,1,80,5,1,2,16,0,1,1,201300044967A01,,,
201300044973,2013-10-08,2013,octobre,mardi,16:55,95,95491,49.0009,2.2358,2,1,3,1,1,4,2,02,1,1,,,1,0,5,4,1,10,2,1,9,00,2,2,1,201300044973A01,7,1,1
201300044973,2013-10-08,2013,octobre,mardi,16:55,95,95491,49.0009,2.2358,2,1,3,1,1,4,2,02,1,1,,,1,0,5,1,2,72,5,1,2,00,2,2,1,201300044973A01,7,1,1
201300044988,2013-11-11,2013,novembre,lundi,11:00,95,95203,48.9949,2.2761,2,1,3,1,1,3,2,02,1,1,,,1,0,1,4,1,18,5,1,2,00,2,4,15,201300044988A01,10,1,1
201300044990,2013-11-11,2013,novembre,lundi,23:25,95,95203,48.9949,2.2754,2,6,3,5,1,3,2,02,1,3,,,1,0,1,4,1,18,5,1,4,00,2,3,9,201300044990A01,7,16,1
201300044998,2013-12-01,2013,décembre,dimanche,11:20,95,95203,48.9994,2.2776,2,1,3,1,1,4,2,02,1,1,,,1,0,1,3,1,51,5,1,2,00,2,1,1,201300044998B01,7,15,1
201300045063,2013-12-31,2013,décembre,mardi,12:34,95,95277,48.9895,2.4464,2,1,3,1,1,4,2,02,1,1,,,1,0,1,3,1,23,4,1,9,00,2,8,1,201300045063A01,7,0,1
201300045065,2013-01-10,2013,janvier,jeudi,81:5,95,95424,48.9914,2.2064,2,1,3,2,2,4,2,02,1,1,000,080,2,0,1,4,1,14,2,1,9,00,2,7,19,201300045065B01,7,1,1
201300045081,2013-07-21,2013,juillet,dimanche,18:20,95,95306,48.9965,2.1631,2,1,6,1,1,4,2,02,1,1,,,1,0,1,4,1,20,5,1,9,00,2,8,1,201300045081A01,99,0,1
201300045104,2013-05-29,2013,mai,mercredi,19:15,95,95487,49.1513,2.2726,2,3,6,1,1,4,1,01,1,1,,,1,0,1,1,1,9,5,1,2,00,1,1,1,201300045104A01,,,
201300045150,2013-04-13,2013,avril,samedi,11:15,95,95607,49.0164,2.2186,2,1,3,1,1,3,3,04,1,1,,,1,0,1,3,1,68,5,1,9,00,2,7,1,201300045150B01,10,9,1
201300045151,2013-06-03,2013,juin,lundi,11:10,95,95060,49.0368,2.2112,2,1,2,1,1,3,1,01,1,1,,,1,0,1,4,1,60,5,1,9,00,2,1,1,201300045151A01,7,1,1
201300045157,2013-10-01,2013,octobre,mardi,83:5,95,95563,49.0015,2.2515,2,1,3,1,1,3,2,02,1,1,,,1,0,1,3,1,25,1,1,9,00,2,6,15,201300045157A01,30,1,1
201300045240,2013-02-09,2013,février,samedi,32:0,69,69381,0,0,2,1,2,5,1,4,1,01,2,1,000,049,2,3,1,4,2,19,5,1,9,00,2,4,1,201300045240A01,7,0,1
201300045244,2013-04-16,2013,avril,mardi,19:25,69,69381,0,0,2,7,3,1,1,4,1,01,-1,-1,000,000,1,0,1,1,2,52,0,1,9,00,2,0,15,201300045244A01,33,21,1
201300045246,2013-04-22,2013,avril,lundi,22:05,69,69381,0,0,2,2,3,5,1,4,1,01,1,1,000,035,1,0,1,4,1,33,0,1,9,00,2,7,0,201300045246A01,7,1,1
201300045248,2013-05-30,2013,mai,jeudi,10:05,69,69381,0,0,2,1,2,1,2,4,2,02,2,1,000,035,2,0,1,4,2,23,1,1,9,00,2,1,1,201300045248A01,7,1,1
201300045250,2013-06-07,2013,juin,vendredi,91:0,69,69381,0,0,2,2,3,1,1,4,2,02,1,1,000,058,1,0,1,4,2,23,5,1,2,00,2,1,1,201300045250A01,10,1,1
201300045256,2013-07-14,2013,juillet,dimanche,23:20,69,69381,0,0,2,1,2,5,1,4,2,02,2,1,000,053,1,0,1,4,1,35,5,1,2,00,2,1,2,201300045256A01,7,2,1
201300045272,2013-11-23,2013,novembre,samedi,15:50,69,69381,0,0,2,2,3,1,1,4,1,01,1,1,000,040,1,0,1,4,2,24,0,1,9,00,2,8,0,201300045272B01,7,15,1
201300045274,2013-12-15,2013,décembre,dimanche,33:0,69,69381,0,0,2,1,3,5,5,4,3,01,1,1,213,050,2,0,5,4,1,23,0,1,9,00,2,8,19,201300045274A01,7,1,1
201300045276,2013-11-28,2013,novembre,jeudi,12:20,69,69381,0,0,2,1,7,1,1,4,2,02,2,1,000,083,-1,0,1,4,1,46,5,1,9,00,0,0,0,201300045276B01,7,9,1
201300047646,2013-07-23,2013,juillet,mardi,91:1,91,91549,0,0,1,1,3,1,1,2,3,02,1,1,015,035,1,0,1,4,1,17,0,1,2,00,2,8,19,201300047646B01,7,1,1
201300047913,2013-12-22,2013,décembre,dimanche,15:40,91,91286,0,0,1,1,3,1,1,3,3,04,1,1,015,070,1,0,1,4,1,36,5,1,2,00,2,2,14,201300047913A01,7,21,1
201300047968,2013-04-15,2013,avril,lundi,17:25,2B,2B037,0,0,2,1,3,1,1,4,2,02,2,1,000,066,1,0,1,4,1,14,5,1,2,01,2,1,1,201300047968A01,7,1,1
201300047993,2013-06-10,2013,juin,lundi,17:50,2B,2B120,0,0,2,1,3,1,1,2,1,02,1,2,000,080,1,0,1,3,2,60,0,1,2,00,2,8,1,201300047993B01,7,1,1
201300048014,2013-07-11,2013,juillet,jeudi,19:32,2B,2B033,0,0,2,1,2,1,1,4,2,02,1,1,000,072,1,0,1,4,1,37,9,1,9,00,2,1,1,201300048014B01,7,9,1
201300048029,2013-08-06,2013,août,mardi,14:39,2B,2B033,0,0,2,2,3,1,1,4,2,02,1,1,000,045,1,0,1,4,1,13,5,1,2,00,2,1,1,201300048029A01,7,1,1
201300048106,2013-12-28,2013,décembre,samedi,15:00,2B,2B033,0,0,2,1,3,1,1,4,1,01,2,1,000,050,1,0,1,4,1,24,9,1,2,00,2,1,1,201300048106B01,7,22,1
201300048112,2013-01-09,2013,janvier,mercredi,74:5,69,69382,0,0,2,1,6,2,1,4,2,06,1,1,000,000,1,0,1,4,2,27,0,1,9,00,2,1,1,201300048112A01,7/ 13,1,2
201300048114,2013-02-01,2013,février,vendredi,15:25,69,69382,0,0,2,1,7,1,1,4,1,02,1,1,000,060,1,0,1,4,1,42,0,1,2,00,2,0,1,201300048114B01,7,0,1
201300048124,2013-04-03,2013,avril,mercredi,22:20,69,69382,0,0,2,1,6,5,1,4,2,02,1,-1,000,073,1,0,1,1,1,28,5,1,2,00,1,3,1,201300048124A01,,,
201300048124,2013-04-03,2013,avril,mercredi,22:20,69,69382,0,0,2,1,6,5,1,4,2,02,1,-1,000,073,1,0,1,4,2,27,5,1,9,00,1,3,1,201300048124A01,,,
201300048125,2013-04-05,2013,avril,vendredi,17:30,69,69382,0,0,2,1,4,1,2,4,1,03,1,1,000,100,2,0,1,1,1,43,1,1,2,00,2,4,23,201300048125A01,7,1,2
201300048145,2013-06-25,2013,juin,mardi,20:55,69,69382,0,0,2,1,3,1,1,4,1,03,1,1,060,125,1,0,1,3,2,59,5,1,9,00,2,0,13,201300048145B01,37,1,1
201300048150,2013-07-02,2013,juillet,mardi,18:40,69,69382,0,0,2,1,6,1,1,4,1,02,1,1,000,075,1,0,1,1,1,22,0,1,9,00,1,1,5,201300048150A01,,,
201300048151,2013-07-03,2013,juillet,mercredi,17:27,69,69382,0,0,2,1,6,1,1,4,3,02,1,1,003,020,1,0,5,1,1,26,1,1,2,00,1,1,5,201300048151A01,,,
201300048154,2013-07-21,2013,juillet,dimanche,18:07,69,69382,0,0,2,3,3,1,1,4,1,01,1,1,000,043,1,0,1,3,1,24,0,1,9,00,2,1,19,201300048154A01,37,1,1
201300048159,2013-07-24,2013,juillet,mercredi,13:15,69,69382,0,0,2,1,6,1,1,4,1,01,1,1,000,124,1,6,1,1,1,23,0,1,9,00,1,0,1,201300048159A01,,,
201300048159,2013-07-24,2013,juillet,mercredi,13:15,69,69382,0,0,2,1,6,1,1,4,1,01,1,1,000,124,1,6,1,3,2,61,1,1,9,00,1,0,1,201300048159A01,,,
201300048165,2013-08-30,2013,août,vendredi,15:30,69,69382,0,0,2,5,3,1,1,4,2,02,1,1,000,070,1,0,0,3,2,17,5,1,9,00,2,1,1,201300048165A01,7,1,1
201300048167,2013-09-06,2013,septembre,vendredi,18:30,69,69382,0,0,2,1,6,1,1,4,1,02,1,1,000,070,1,0,1,3,1,44,0,1,9,00,1,1,2,201300048167A01,,,
201300048319,2013-01-18,2013,janvier,vendredi,75:0,69,69383,0,0,2,2,3,2,1,4,2,02,2,1,000,000,1,0,1,4,1,57,1,1,2,00,2,6,15,201300048319B01,7,1,1
201300048330,2013-02-02,2013,février,samedi,12:20,69,69386,0,0,2,2,3,1,1,4,1,01,1,1,000,000,1,0,1,4,1,27,5,1,9,00,2,7,0,201300048330A01,7,1,1
201300048344,2013-03-08,2013,mars,vendredi,10:40,69,69383,0,0,2,3,6,1,1,4,2,02,1,3,000,040,1,0,1,3,1,38,4,1,4,00,2,1,1,201300048344B01,7,23,1
201300048345,2013-03-07,2013,mars,jeudi,15:10,69,69383,0,0,2,1,6,1,1,4,2,05,1,1,000,000,1,1,4,4,1,71,0,1,2,00,1,0,0,201300048345A01,,,
201300048346,2013-03-09,2013,mars,samedi,16:50,69,69383,0,0,2,2,3,1,1,4,1,01,1,1,000,000,1,0,5,3,2,37,3,1,2,00,2,0,1,201300048346B01,7,1,1
201300048349,2013-03-11,2013,mars,lundi,13:45,69,69383,0,0,2,2,3,1,1,4,1,02,1,1,011,082,1,0,1,3,2,34,0,1,2,00,2,1,1,201300048349A01,7,1,1
201300048350,2013-03-11,2013,mars,lundi,18:00,69,69383,0,0,2,1,3,1,1,4,2,02,1,1,000,000,1,0,1,4,2,23,0,1,4,00,2,8,1,201300048350B01,7,14,1
201300048353,2013-03-15,2013,mars,vendredi,17:45,69,69383,0,0,2,2,3,1,1,4,2,03,1,1,000,000,1,0,1,3,1,19,2,1,2,00,2,3,1,201300048353B01,7,15,1
201300048357,2013-04-06,2013,avril,samedi,13:15,69,69383,0,0,2,1,6,1,1,4,2,02,1,1,000,000,1,0,1,4,2,28,5,1,9,00,0,1,2,201300048357B01,7,24,1
201300048361,2013-04-12,2013,avril,vendredi,17:00,69,69383,0,0,2,1,7,1,2,4,2,03,1,1,000,000,2,0,1,1,1,27,1,1,2,00,2,0,7,201300048361B01,32,21,1
201300048370,2013-04-19,2013,avril,vendredi,94:0,69,69383,0,0,2,1,2,1,2,4,4,03,1,1,000,000,2,0,1,3,1,25,1,1,2,01,0,1,1,201300048370B01,7,23,1
201300048382,2013-05-21,2013,mai,mardi,12:05,69,69386,0,0,2,2,6,1,1,4,1,01,1,1,000,000,1,0,1,4,1,49,5,1,2,00,2,1,17,201300048382B01,14,22,1
201300048385,2013-05-24,2013,mai,vendredi,18:40,69,69383,0,0,2,1,3,1,1,4,2,03,1,1,011,121,1,0,4,3,2,24,0,1,2,00,2,7,1,201300048385B01,7,1,1
201300048409,2013-06-26,2013,juin,mercredi,16:30,69,69386,0,0,2,2,3,1,7,4,1,01,1,1,000,000,1,0,1,4,2,47,1,1,9,00,2,4,1,201300048409B01,7,1,1
201300048410,2013-06-19,2013,juin,mercredi,10:50,69,69386,0,0,2,1,6,1,1,4,-1,02,2,1,000,000,1,0,0,3,2,14,5,1,9,00,2,8,1,201300048410B01,7,1,1
201300048412,2013-07-01,2013,juillet,lundi,18:00,69,69383,0,0,2,2,6,1,1,4,2,04,1,3,000,000,1,0,1,1,1,29,1,1,2,00,1,0,13,201300048412A01,,,
201300048415,2013-07-01,2013,juillet,lundi,94:0,69,69386,0,0,2,1,3,1,1,4,-1,03,-1,-1,000,000,1,0,1,4,1,64,0,1,9,00,2,6,19,201300048415B01,7,1,1
201300048421,2013-07-12,2013,juillet,vendredi,20:0,69,69386,0,0,2,1,2,5,1,4,2,08,1,1,000,000,1,2,1,4,1,26,5,1,9,00,2,4,0,201300048421B01,7,0,1
201300048426,2013-07-16,2013,juillet,mardi,18:45,69,69383,0,0,2,1,3,1,1,4,4,03,1,1,000,000,1,0,1,4,2,47,1,1,9,00,2,1,1,201300048426B01,32,9,1
201300048427,2013-07-16,2013,juillet,mardi,18:05,69,69383,0,0,2,2,1,1,1,4,2,00,1,1,000,000,1,0,1,4,2,28,5,1,2,00,2,1,1,201300048427B01,7,15,1
201300048432,2013-07-26,2013,juillet,vendredi,10:05,69,69383,0,0,2,2,3,1,1,4,1,01,1,1,000,000,1,0,1,4,2,21,5,1,2,00,2,0,9,201300048432B01,13,16,1
201300048437,2013-06-28,2013,juin,vendredi,14:00,69,69383,0,0,2,1,3,1,2,4,2,03,1,1,000,090,1,0,1,1,1,26,1,1,2,00,2,0,14,201300048437B01,30,2,1
201300048438,2013-08-05,2013,août,lundi,10:0,69,69383,0,0,2,2,3,5,1,4,4,03,1,1,000,000,1,0,1,3,1,24,0,1,2,00,2,7,7,201300048438A01,7,15,1
201300048441,2013-08-04,2013,août,dimanche,12:35,69,69383,0,0,2,2,3,1,1,4,2,04,1,1,000,120,1,0,1,4,2,65,5,1,9,00,2,6,1,201300048441B01,7,15,1
201300048453,2013-09-02,2013,septembre,lundi,17:50,69,69383,0,0,2,1,3,1,1,4,1,03,1,1,000,000,1,0,1,3,2,14,5,1,2,00,2,2,2,201300048453B01,7,2,1
201300048456,2013-09-07,2013,septembre,samedi,16:35,69,69383,0,0,2,1,6,1,1,9,4,02,1,1,000,000,1,0,1,1,1,53,5,1,9,00,1,1,1,201300048456A01,,,
201300048463,2013-09-11,2013,septembre,mercredi,13:10,69,69383,0,0,2,1,3,1,1,4,1,01,1,1,000,000,1,0,1,4,2,24,1,1,2,01,0,1,1,201300048463B01,7,22,1
201300048472,2013-09-22,2013,septembre,dimanche,20:25,69,69383,0,0,2,1,6,5,1,4,-1,01,1,1,000,000,1,6,5,3,1,41,5,1,9,02,1,7,14,201300048472A01,,,
201300048478,2013-09-26,2013,septembre,jeudi,14:45,69,69386,0,0,2,2,3,1,1,4,1,03,1,1,000,098,1,0,1,4,1,22,5,1,2,00,2,7,1,201300048478A01,7,1,1
201300048483,2013-09-24,2013,septembre,mardi,74:5,69,69383,0,0,2,1,2,1,1,4,4,03,1,1,000,000,1,0,1,4,1,27,1,1,2,00,2,4,11,201300048483B01,7,2,1
201300048484,2013-10-03,2013,octobre,jeudi,91:5,69,69383,0,0,2,1,2,1,1,4,2,03,1,1,000,000,1,0,1,4,1,24,1,1,2,00,2,1,2,201300048484A01,7,23,1
201300048488,2013-10-09,2013,octobre,mercredi,21:50,69,69383,0,0,2,2,3,5,1,4,-1,01,-1,-1,000,000,-1,0,0,4,2,53,0,1,4,00,2,1,16,201300048488A01,7,1,1
201300048491,2013-10-02,2013,octobre,mercredi,20:50,69,69386,0,0,1,2,3,5,1,4,-1,00,-1,1,000,000,1,0,1,4,1,22,0,1,2,00,2,1,2,201300048491B01,7,15,1
201300048496,2013-10-21,2013,octobre,lundi,18:25,69,69383,0,0,2,1,6,2,2,4,1,01,1,1,000,000,1,0,1,4,2,24,3,1,2,01,0,1,1,201300048496B01,7,22,1
201300048501,2013-10-25,2013,octobre,vendredi,94:0,69,69383,0,0,2,1,2,1,1,4,4,03,1,1,000,000,1,0,1,3,1,46,5,1,9,00,2,1,23,201300048501B01,10,4,1
201300048504,2013-10-22,2013,octobre,mardi,10:30,69,69383,0,0,2,2,3,1,1,4,1,01,1,-1,000,000,1,0,1,4,2,50,0,1,9,00,2,7,2,201300048504B01,7,2,1
201300048509,2013-11-12,2013,novembre,mardi,19:20,69,69383,0,0,2,2,3,5,1,4,1,01,1,1,000,000,1,0,5,4,2,31,1,1,9,00,2,1,1,201300048509B01,7,15,1
201300048517,2013-11-27,2013,novembre,mercredi,18:15,69,69383,0,0,2,1,6,5,1,4,2,04,1,1,000,000,1,0,1,1,1,63,1,1,4,00,1,1,1,201300048517A01,,,
201300048526,2013-12-04,2013,décembre,mercredi,83:0,69,69383,0,0,2,3,3,1,1,4,1,01,1,1,000,000,1,0,1,4,2,32,0,1,9,00,2,1,15,201300048526B01,7,1,1