Num_Acc,date,an,mois,jour,hrmn,dep,com,lat,long,agg,int,col,lum,atm,catr,circ,nbv,prof,plan,lartpc,larrout,surf,infra,situ,grav,sexe,age,trajet,secuexist,equipement,obs,obsm,choc,manv,vehiculeid,typevehicules,manoeuvehicules,numVehicules
201300048542,2013-03-05,2013,mars,mardi,84:0,69,69384,0,0,2,1,2,1,1,4,2,02,2,1,000,075,1,0,1,4,2,57,1,1,2,00,2,1,1,201300048542B01,7,1,1
201300048548,2013-05-27,2013,mai,lundi,18:00,69,69384,0,0,2,1,6,1,1,4,-1,02,1,1,000,080,1,0,0,4,2,19,0,1,9,00,2,0,1,201300048548B01,7,16,1
201300048551,2013-06-25,2013,juin,mardi,91:5,69,69384,0,0,2,2,3,1,1,4,2,02,1,1,025,088,1,0,1,4,1,58,5,1,2,00,2,1,2,201300048551B01,7,1,1
201300048552,2013-06-26,2013,juin,mercredi,94:0,69,69384,0,0,2,1,3,1,1,4,-1,02,1,-1,000,000,1,0,1,4,2,23,0,1,2,00,2,6,11,201300048552A01,33,1,1
201300048553,2013-07-16,2013,juillet,mardi,83:5,69,69384,0,0,2,2,3,1,1,4,2,03,1,1,008,112,1,0,1,4,1,56,0,1,9,00,2,0,1,201300048553B01,7,15,1
201300048562,2013-11-05,2013,novembre,mardi,21:05,69,69384,0,0,2,2,3,5,2,4,2,06,1,1,000,120,2,2,1,4,1,21,1,1,9,00,2,1,1,201300048562A01,7,15,1
201300048809,2013-04-01,2013,avril,lundi,16:10,69,69385,0,0,2,1,5,1,1,4,2,02,2,1,000,053,1,0,1,4,1,21,5,1,9,00,2,1,2,201300048809A01,7,1/2,2
201300048818,2013-07-09,2013,juillet,mardi,18:10,69,69385,0,0,2,1,1,1,1,4,2,02,1,1,000,000,1,0,5,3,1,24,1,1,2,09,0,1,14,201300048818A01,1,13,1
201300048818,2013-07-09,2013,juillet,mardi,18:10,69,69385,0,0,2,1,1,1,1,4,2,02,1,1,000,000,1,0,5,1,2,61,0,1,2,09,0,1,13,201300048818B01,1,14,1
201300048825,2013-07-24,2013,juillet,mercredi,18:40,69,69385,0,0,2,1,1,1,1,4,2,02,1,1,000,000,1,0,5,4,2,38,0,1,2,00,9,1,5,201300048825B01,1,1,1
201300048825,2013-07-24,2013,juillet,mercredi,18:40,69,69385,0,0,2,1,1,1,1,4,2,02,1,1,000,000,1,0,5,4,1,50,0,1,2,00,9,1,1,201300048825A01,1,5,1
201300048827,2013-07-26,2013,juillet,vendredi,16:10,69,69385,0,0,2,1,1,1,1,4,2,02,1,1,000,069,1,0,5,4,1,42,1,1,2,00,2,1,15,201300048827B01,1,15,1
201300048827,2013-07-26,2013,juillet,vendredi,16:10,69,69385,0,0,2,1,1,1,1,4,2,02,1,1,000,069,1,0,5,4,1,61,3,1,2,12,2,1,15,201300048827A01,1,15,1
201300048847,2013-12-05,2013,décembre,jeudi,73:5,69,69385,0,0,2,1,3,2,1,4,2,01,2,1,000,068,1,0,1,4,1,53,1,1,9,00,2,1,1,201300048847B01,7,15,1
201300048918,2013-01-22,2013,janvier,mardi,12:15,69,69387,0,0,2,2,3,1,1,4,2,02,1,1,000,000,1,0,1,4,2,27,1,1,2,00,2,1,1,201300048918B01,14,1,1
201300048965,2013-05-24,2013,mai,vendredi,81:0,69,69387,0,0,2,1,2,1,1,4,2,02,1,1,000,000,1,0,1,4,1,18,2,1,2,00,2,1,1,201300048965A01,7,20,1
201300048973,2013-06-14,2013,juin,vendredi,85:0,69,69387,0,0,2,1,3,1,1,4,1,00,1,3,000,000,1,0,1,4,2,32,1,1,2,00,2,1,0,201300048973B01,7,16,1
201300048978,2013-06-20,2013,juin,jeudi,17:45,69,69387,0,0,2,2,3,1,1,4,1,01,1,1,000,000,1,0,1,4,1,48,3,1,2,00,2,8,1,201300048978A01,7,1,1
201300048984,2013-07-11,2013,juillet,jeudi,17:10,69,69387,0,0,2,1,6,1,1,4,4,03,1,1,000,000,1,0,5,4,1,67,5,1,2,00,1,1,1,201300048984A01,,,
201300048985,2013-07-12,2013,juillet,vendredi,11:25,69,69387,0,0,2,1,7,1,1,4,3,02,1,1,000,000,1,0,1,4,2,21,1,1,2,00,0,0,21,201300048985B01,7,23,1
201300048993,2013-07-31,2013,juillet,mercredi,20:20,69,69387,0,0,2,1,3,1,1,4,1,00,1,1,000,000,1,4,0,4,2,25,5,1,2,00,4,9,1,201300048993A01,40,1,1
201300049001,2013-09-09,2013,septembre,lundi,16:45,69,69387,0,0,2,2,3,1,1,4,1,01,1,1,000,000,1,0,1,4,1,43,5,1,2,00,2,7,1,201300049001B01,7,1,1
201300049006,2013-09-20,2013,septembre,vendredi,16:30,69,69387,0,0,2,2,3,1,1,4,2,02,1,1,000,000,1,0,1,4,1,42,1,1,2,00,2,7,19,201300049006A01,33,1,1
201300049008,2013-09-23,2013,septembre,lundi,15:45,69,69387,0,0,2,1,3,1,1,4,2,02,1,1,000,000,1,0,1,4,2,26,0,1,9,00,2,7,1,201300049008B01,7,1,1
201300049010,2013-09-25,2013,septembre,mercredi,22:50,69,69387,0,0,2,3,3,5,1,4,1,01,1,1,000,000,1,0,1,4,1,18,5,1,2,00,2,7,1,201300049010B01,7,1,1
201300049014,2013-10-04,2013,octobre,vendredi,20:15,69,69387,0,0,2,2,3,4,1,4,-1,01,-1,-1,000,000,2,0,0,4,2,27,0,1,2,00,2,7,19,201300049014A01,7,1,1
201300049021,2013-10-22,2013,octobre,mardi,16:50,69,69387,0,0,2,1,1,1,1,4,2,00,1,1,000,000,1,0,5,4,2,12,5,1,2,00,2,1,13,201300049021A01,1,1,1
201300049021,2013-10-22,2013,octobre,mardi,16:50,69,69387,0,0,2,1,1,1,1,4,2,00,1,1,000,000,1,0,5,4,1,25,5,1,2,00,2,1,1,201300049021B01,1,13,1
201300049024,2013-10-25,2013,octobre,vendredi,40:0,69,69387,0,0,2,1,2,5,1,4,2,05,2,1,000,090,1,0,1,3,1,28,0,1,9,00,2,4,2,201300049024B01,7,1,1
201300049036,2013-11-20,2013,novembre,mercredi,82:0,69,69387,0,0,2,2,3,1,4,4,1,01,1,1,000,000,2,0,1,4,1,42,0,1,2,00,2,7,1,201300049036A01,7,1,1
201300049044,2013-12-13,2013,décembre,vendredi,14:15,69,69387,0,0,2,2,3,1,1,4,1,01,1,1,000,035,1,0,1,4,1,27,5,1,2,00,2,7,1,201300049044B01,7,5,1
201300049053,2013-01-18,2013,janvier,vendredi,73:0,69,69388,0,0,2,2,3,2,1,4,2,02,1,1,000,000,1,0,1,3,2,37,1,1,2,00,2,8,15,201300049053B01,7,15,1
201300049054,2013-01-19,2013,janvier,samedi,15:50,69,69388,0,0,2,1,6,1,2,4,3,04,1,1,000,000,2,0,5,4,2,21,5,1,4,01,0,1,1,201300049054B01,7,22,1
201300049056,2013-01-23,2013,janvier,mercredi,93:0,69,69388,0,0,2,1,3,1,1,4,1,00,1,1,000,000,1,0,4,4,1,12,0,1,2,00,2,1,1,201300049056A01,7,9,1
201300049070,2013-04-03,2013,avril,mercredi,12:05,69,69388,0,0,2,1,3,1,1,4,3,02,1,1,067,064,1,0,5,4,1,39,9,1,4,00,2,1,2,201300049070B01,7,9,1
201300049074,2013-04-15,2013,avril,lundi,13:30,69,69388,0,0,2,3,3,1,1,4,1,01,1,1,011,081,1,0,1,3,1,89,0,1,2,00,2,8,1,201300049074Y01,7,1,1
201300049075,2013-04-15,2013,avril,lundi,17:15,69,69388,0,0,2,1,3,1,1,4,3,02,1,1,000,000,1,0,1,4,1,38,0,1,9,00,0,0,0,201300049075B01,7,15,1
201300049102,2013-07-23,2013,juillet,mardi,17:30,69,69388,0,0,2,1,6,1,1,4,3,04,1,1,000,000,1,0,5,4,1,45,1,1,2,00,2,0,1,201300049102B01,30,0,1
201300049104,2013-08-06,2013,août,mardi,17:30,69,69388,0,0,2,2,3,1,1,4,1,01,1,1,000,000,1,0,1,4,2,24,0,1,9,00,2,7,2,201300049104A01,7,15,1
201300049109,2013-08-05,2013,août,lundi,20:30,69,69388,0,0,2,2,3,1,1,4,2,02,1,1,000,050,1,0,1,3,1,25,5,1,2,00,2,1,2,201300049109B01,7,16,1
201300049111,2013-08-10,2013,août,samedi,13:10,69,69388,0,0,2,2,3,1,1,4,1,01,1,1,000,035,1,0,1,4,1,55,5,1,2,00,2,1,1,201300049111B01,7,15,1
201300049116,2013-08-30,2013,août,vendredi,15:45,69,69388,0,0,2,1,6,1,1,4,1,02,1,-1,000,000,1,0,1,4,1,35,5,1,2,01,0,1,2,201300049116B01,7,24,1
201300049117,2013-08-14,2013,août,mercredi,11:30,69,69388,0,0,2,3,3,1,1,4,1,00,1,1,000,000,1,0,1,4,1,9,5,1,2,00,2,1,19,201300049117A01,7,16,1
201300049123,2013-09-13,2013,septembre,vendredi,82:2,69,69388,0,0,2,2,3,1,1,4,1,00,1,1,000,000,1,0,1,4,2,31,0,1,2,00,2,0,16,201300049123B01,7,16,1
201300049131,2013-10-10,2013,octobre,jeudi,80:5,69,69388,0,0,2,1,3,1,8,4,1,01,1,1,000,045,1,0,1,4,1,30,2,1,2,01,0,1,1,201300049131B01,7,22,1
201300049132,2013-10-17,2013,octobre,jeudi,17:50,69,69388,0,0,2,2,3,1,1,4,1,01,1,-1,000,000,1,0,0,4,2,26,2,1,2,00,2,8,0,201300049132A01,33,0,1
201300049138,2013-11-12,2013,novembre,mardi,16:20,69,69388,0,0,2,2,6,1,1,4,1,03,1,1,000,000,1,0,1,4,1,23,5,1,2,00,0,0,13,201300049138B01,7,15,1
201300049143,2013-10-24,2013,octobre,jeudi,18:45,69,69388,0,0,2,3,3,5,1,4,3,04,1,1,000,000,1,0,1,3,1,17,5,1,2,00,2,1,1,201300049143A01,7,15,1
201300049575,2013-02-01,2013,février,vendredi,90:5,69,69389,0,0,2,1,3,1,2,4,2,02,2,1,000,086,2,0,1,4,1,24,0,1,2,00,2,1,1,201300049575A01,7,23,1
201300049582,2013-03-12,2013,mars,mardi,18:30,69,69389,0,0,2,3,3,2,1,4,2,02,1,1,000,038,1,0,1,4,1,38,1,1,2,00,2,1,1,201300049582B01,7,19,1
201300049587,2013-04-04,2013,avril,jeudi,15:20,69,69389,0,0,2,3,3,1,1,4,2,03,1,1,000,095,1,0,0,4,1,25,5,1,9,00,2,1,1,201300049587B01,7,15,1
201300049596,2013-05-02,2013,mai,jeudi,85:5,69,69389,0,0,2,1,3,1,1,4,1,02,-1,-1,000,057,1,0,1,4,1,22,0,1,9,00,2,0,13,201300049596A01,7,23,1
201300049609,2013-06-12,2013,juin,mercredi,19:00,69,69389,0,0,2,1,3,1,1,4,2,02,2,3,000,111,1,0,1,4,1,13,5,1,2,00,2,8,19,201300049609B01,7,1,1
201300049632,2013-08-01,2013,août,jeudi,20:10,69,69389,0,0,2,1,1,1,1,6,-1,00,1,1,000,105,1,0,0,3,2,5,5,1,2,00,2,2,15,201300049632B01,7,16,1
201300049633,2013-08-06,2013,août,mardi,17:55,69,69389,0,0,2,1,3,1,1,4,2,03,1,1,000,078,1,0,1,4,1,46,0,1,2,00,2,1,15,201300049633A01,7,15,1
201300049636,2013-08-22,2013,août,jeudi,19:02,69,69389,0,0,2,1,6,1,8,4,2,02,2,1,000,063,1,0,1,3,2,54,0,1,2,01,0,1,14,201300049636A01,,,
201300049700,2013-07-14,2013,juillet,dimanche,23:30,83,83137,0,0,1,9,3,5,1,1,3,03,1,1,015,105,1,5,1,4,1,17,5,1,4,00,0,4,19,201300049700A01,33,1,1
201300050148,2013-11-06,2013,novembre,mercredi,10:15,13,13033,0,0,1,1,3,1,1,1,3,01,1,1,000,000,1,3,1,2,1,58,5,1,9,00,0,6,14,201300050148B01,7,12,1
201300050174,2013-02-07,2013,février,jeudi,13:15,75,75101,0,0,2,2,3,1,1,4,2,04,1,1,000,200,1,0,1,4,1,33,1,1,2,00,2,3,19,201300050174A01,33,1,1
201300050176,2013-02-11,2013,février,lundi,19:45,75,75101,0,0,2,3,3,5,1,4,1,03,1,1,000,060,1,0,1,4,1,54,9,1,2,00,2,1,7,201300050176B01,37,7,1
201300050198,2013-04-19,2013,avril,vendredi,12:30,75,75111,0,0,2,2,2,1,1,4,2,08,1,1,000,000,1,0,1,4,1,29,0,1,2,00,2,4,7,201300050198B01,32,14,1
201300050200,2013-04-22,2013,avril,lundi,18:40,75,75101,0,0,2,3,2,1,1,4,1,04,1,1,000,000,1,0,1,4,1,60,0,1,2,00,2,4,15,201300050200B01,30,2,1
201300050208,2013-05-15,2013,mai,mercredi,18:55,75,75109,0,0,2,5,6,1,1,4,1,01,1,1,000,100,1,0,1,1,2,55,1,1,2,00,1,0,1,201300050208A01,,,
201300050215,2013-06-01,2013,juin,samedi,15:40,75,75101,0,0,2,2,7,1,1,4,1,04,1,1,000,125,1,0,5,4,1,38,0,1,2,00,0,0,7,201300050215A01,,,
201300050217,2013-06-06,2013,juin,jeudi,18:20,75,75101,0,0,2,7,2,1,1,4,1,03,1,-1,000,000,1,0,1,4,2,41,0,1,2,00,2,4,2,201300050217B01,7,2,1
201300050225,2013-06-14,2013,juin,vendredi,19:00,75,75101,0,0,2,2,6,1,1,4,-1,03,1,-1,000,075,1,0,1,1,1,30,5,1,2,00,1,8,7,201300050225A01,,,
201300050244,2013-07-31,2013,juillet,mercredi,14:50,75,75101,0,0,2,2,3,1,1,4,1,02,1,1,000,060,1,0,1,4,2,55,0,1,2,00,0,0,15,201300050244B01,7,17,1
201300050245,2013-07-31,2013,juillet,mercredi,14:55,75,75101,0,0,2,1,6,1,1,4,2,04,1,1,000,100,1,0,1,1,1,34,0,1,2,00,1,1,7,201300050245A01,,,
201300050248,2013-08-03,2013,août,samedi,17:25,75,75101,0,0,2,2,3,1,1,4,3,04,1,1,020,120,1,0,1,4,2,52,5,1,2,00,2,1,1,201300050248B01,7,22,1
201300050249,2013-08-05,2013,août,lundi,10:0,75,75101,0,0,2,2,3,5,1,4,1,01,1,1,000,030,1,0,0,4,1,58,0,1,2,00,2,0,15,201300050249B01,33,14,1
201300050257,2013-08-27,2013,août,mardi,14:05,75,75101,0,0,2,3,3,2,1,4,-1,00,1,2,000,120,1,0,1,1,1,44,0,1,2,00,2,1,15,201300050257B01,2,15,1
201300050265,2013-09-02,2013,septembre,lundi,15:30,75,75101,0,0,2,5,3,1,1,4,1,04,1,-1,000,170,1,0,1,1,2,33,4,1,2,00,2,8,13,201300050265B01,32,1,1
201300050269,2013-09-09,2013,septembre,lundi,18:45,75,75101,0,0,2,7,2,1,8,4,4,03,-1,-1,000,060,2,0,1,4,2,28,0,1,2,00,0,7,1,201300050269B01,10,15,1
201300050280,2013-10-07,2013,octobre,lundi,11:50,75,75101,0,0,2,3,7,1,1,4,1,01,1,1,000,010,1,0,5,4,1,25,5,1,2,00,0,1,1,201300050280A01,,,
201300050281,2013-10-09,2013,octobre,mercredi,92:5,75,75101,0,0,2,1,3,1,2,4,1,01,1,1,000,082,2,0,1,4,2,30,0,1,2,00,2,7,1,201300050281B01,7,22,1
201300050282,2013-10-11,2013,octobre,vendredi,11:15,75,75101,0,0,2,7,3,1,2,4,1,02,1,1,000,092,2,0,1,4,2,53,1,1,2,00,2,0,17,201300050282B01,10,15,1
201300050285,2013-10-13,2013,octobre,dimanche,16:15,75,75101,0,0,2,2,2,1,1,4,1,03,1,1,000,110,1,0,1,4,2,27,5,1,2,01,0,1,1,201300050285B01,7,22,1
201300050295,2013-10-25,2013,octobre,vendredi,15:50,75,75101,0,0,2,7,6,1,1,4,1,04,1,-1,000,125,1,0,0,4,1,25,4,1,2,00,2,6,7,201300050295A01,10,7,1
201300050296,2013-10-26,2013,octobre,samedi,14:40,75,75101,0,0,2,3,3,1,1,4,2,04,1,1,000,120,1,0,1,4,1,25,5,1,2,00,0,0,7,201300050296B01,37,14,1
201300050300,2013-10-29,2013,octobre,mardi,23:00,75,75101,0,0,2,5,6,5,1,4,2,04,1,1,010,200,1,0,1,1,1,15,0,1,2,00,1,1,1,201300050300A01,,,
201300050309,2013-11-09,2013,novembre,samedi,12:35,75,75101,0,0,2,1,7,1,1,4,1,01,1,2,000,000,1,0,1,4,1,42,5,1,2,00,0,0,1,201300050309A01,,,
201300050311,2013-11-12,2013,novembre,mardi,11:45,75,75101,0,0,2,2,3,1,2,4,2,04,1,1,000,080,2,0,1,4,1,23,2,1,2,00,2,4,13,201300050311B01,7,1,1
201300050317,2013-11-21,2013,novembre,jeudi,19:50,75,75104,0,0,2,2,2,5,2,4,1,03,1,-1,000,080,2,0,1,4,1,48,0,1,2,00,2,4,1,201300050317B01,7,1,1
201300050332,2013-12-20,2013,décembre,vendredi,15:50,75,75101,0,0,2,1,3,1,1,4,1,03,1,1,000,100,1,0,1,4,1,36,4,1,2,00,2,2,1,201300050332B01,7,11,1
201300050343,2013-01-14,2013,janvier,lundi,15:10,75,75102,0,0,2,2,3,1,1,4,1,01,1,1,000,000,1,0,1,4,2,42,0,1,2,00,2,7,1,201300050343B01,7,22,1
201300050348,2013-01-31,2013,janvier,jeudi,94:0,75,75102,0,0,2,4,6,1,1,4,1,03,1,-1,000,000,1,0,1,1,1,26,0,1,2,00,1,0,7,201300050348A01,,,
201300050349,2013-01-31,2013,janvier,jeudi,19:55,75,75102,0,0,2,5,3,5,1,4,1,03,1,1,000,088,1,0,1,3,1,58,5,1,2,00,2,3,13,201300050349A01,34,1,1
201300050356,2013-02-11,2013,février,lundi,23:20,75,75102,0,0,2,7,3,5,1,4,2,04,1,1,000,000,1,0,1,4,2,74,0,1,2,00,2,0,1,201300050356B01,7,1,1
201300050361,2013-02-25,2013,février,lundi,94:5,75,75102,0,0,2,1,2,1,2,4,2,06,1,1,000,090,2,0,0,4,1,49,0,1,2,01,0,0,17,201300050361B01,7,22,1
201300050370,2013-03-29,2013,mars,vendredi,23:10,75,75102,0,0,2,2,3,5,1,4,1,01,1,1,000,121,1,6,1,3,2,35,5,1,2,00,2,1,1,201300050370A01,7,1,1
201300050378,2013-04-23,2013,avril,mardi,18:30,75,75102,0,0,2,1,2,1,1,4,1,01,1,1,013,047,1,0,1,4,2,32,4,1,2,01,0,1,1,201300050378B01,7,22,1
201300050393,2013-06-05,2013,juin,mercredi,16:55,75,75102,0,0,2,2,6,1,1,4,-1,01,1,1,000,055,1,6,1,1,1,51,5,1,2,00,1,1,1,201300050393A01,,,
201300050401,2013-07-03,2013,juillet,mercredi,19:00,75,75102,0,0,2,1,3,2,8,4,1,02,1,-1,000,093,1,0,1,3,1,39,5,1,2,00,2,1,7,201300050401B01,7,16,1
201300050415,2013-08-23,2013,août,vendredi,16:30,75,75110,0,0,2,1,4,1,1,4,2,05,1,1,015,139,1,0,1,4,1,41,4,1,2,00,2,1,3,201300050415A01,7,23,2
201300050418,2013-08-30,2013,août,vendredi,12:2,75,75102,0,0,2,2,6,5,1,4,3,02,1,-1,000,050,1,0,1,4,1,34,0,1,2,00,2,8,13,201300050418A01,2,1,1
201300050438,2013-10-08,2013,octobre,mardi,17:20,75,75102,0,0,2,1,4,1,1,4,1,01,1,1,000,035,1,0,1,4,2,29,5,1,2,00,2,8,2,201300050438C01,7,22/2,2
201300050440,2013-10-10,2013,octobre,jeudi,19:14,75,75102,0,0,2,2,3,5,2,4,1,03,1,1,000,100,2,0,1,4,1,49,0,1,2,00,2,2,1,201300050440A01,7,16,1
201300050466,2013-01-30,2013,janvier,mercredi,82:5,75,75103,0,0,2,2,2,1,2,4,1,03,1,1,000,103,2,0,1,4,2,38,1,1,2,00,2,0,7,201300050466B01,7,7,1
201300050475,2013-03-13,2013,mars,mercredi,93:0,75,75103,0,0,2,5,7,1,9,4,1,02,1,1,000,116,7,5,1,4,2,34,1,1,2,00,0,0,1,201300050475A01,,,
201300050484,2013-04-05,2013,avril,vendredi,10:50,75,75103,0,0,2,2,7,1,1,4,1,01,2,1,000,056,1,0,1,4,1,48,1,1,2,00,0,0,1,201300050484A01,,,
201300050488,2013-04-15,2013,avril,lundi,13:25,75,75103,0,0,2,2,2,1,1,4,1,02,1,1,003,083,1,0,1,4,1,34,4,1,2,00,2,1,7,201300050488A01,7,7,1
201300050492,2013-04-19,2013,avril,vendredi,85:5,75,75103,0,0,2,2,3,1,1,4,1,02,1,1,000,095,1,0,1,4,2,31,0,1,2,00,2,7,19,201300050492A01,33,1,1
201300050496,2013-04-24,2013,avril,mercredi,17:40,75,75103,0,0,2,2,3,1,1,4,3,02,1,1,040,128,1,0,1,4,2,26,5,1,2,00,2,7,1,201300050496A01,7,1,1
201300050499,2013-04-29,2013,avril,lundi,18:35,75,75103,0,0,2,2,3,1,1,4,1,02,1,1,000,090,1,0,1,4,2,45,4,1,2,00,2,7,1,201300050499A01,10,1,1
201300050500,2013-04-30,2013,avril,mardi,18:00,75,75103,0,0,2,1,6,1,2,4,-1,01,1,1,000,031,2,6,1,4,2,46,4,1,2,12,0,7,1,201300050500A01,,,
201300050503,2013-05-07,2013,mai,mardi,13:40,75,75103,0,0,2,2,3,1,1,4,1,01,1,1,000,213,1,0,1,4,2,32,5,1,2,00,2,4,16,201300050503B01,7,2,1
201300050504,2013-05-09,2013,mai,jeudi,20:25,75,75103,0,0,2,1,3,1,1,4,2,04,1,1,000,117,1,0,1,4,1,35,5,1,2,00,0,1,13,201300050504B01,7,12,1
201300050507,2013-05-21,2013,mai,mardi,19:00,75,75103,0,0,2,2,2,1,8,4,1,02,1,1,000,100,2,5,1,4,1,43,5,1,2,00,2,8,2,201300050507A01,7,2,1
201300050515,2013-06-09,2013,juin,dimanche,14:10,75,75103,0,0,2,2,3,1,1,4,1,01,1,1,000,038,1,6,1,1,2,28,5,1,2,00,2,2,1,201300050515A01,7,4,1
201300050515,2013-06-09,2013,juin,dimanche,14:10,75,75103,0,0,2,2,3,1,1,4,1,01,1,1,000,038,1,6,1,4,2,2,5,1,2,00,2,2,1,201300050515A01,7,4,1
201300050521,2013-06-26,2013,juin,mercredi,82:0,75,75103,0,0,2,7,2,1,1,4,1,02,1,1,000,032,1,5,0,4,1,42,4,1,2,00,2,4,15,201300050521A01,10,1,1
201300050522,2013-06-28,2013,juin,vendredi,16:50,75,75103,0,0,2,1,2,1,1,4,1,01,1,1,000,030,1,0,1,4,1,54,1,1,2,14,0,1,18,201300050522B01,7,22,1
201300050524,2013-06-30,2013,juin,dimanche,11:40,75,75103,0,0,2,2,1,1,1,4,2,01,1,1,000,081,1,0,0,1,2,31,0,1,2,00,2,7,15,201300050524A01,2,1,1
201300050528,2013-08-12,2013,août,lundi,90:0,75,75103,0,0,2,2,3,1,1,4,1,04,1,1,000,086,1,0,1,4,1,24,1,1,2,00,2,7,7,201300050528A01,10,1,1
201300050532,2013-08-27,2013,août,mardi,19:00,75,75103,0,0,2,7,6,1,1,4,2,06,1,1,020,215,1,5,1,1,1,70,5,1,2,00,1,1,16,201300050532A01,,,
201300050535,2013-09-07,2013,septembre,samedi,14:00,75,75103,0,0,2,1,2,1,1,4,2,06,1,1,000,146,1,0,1,4,2,34,5,1,2,00,2,8,13,201300050535B01,37,14,1
201300050539,2013-09-10,2013,septembre,mardi,16:40,75,75103,0,0,2,3,6,1,2,4,2,02,1,1,000,053,2,6,1,1,1,58,2,1,2,00,1,1,1,201300050539A01,,,
201300050544,2013-09-19,2013,septembre,jeudi,22:00,75,75103,0,0,2,1,2,5,1,4,1,01,1,1,000,250,2,0,1,4,2,50,1,1,2,01,0,1,1,201300050544B01,7,22,1
201300050545,2013-09-22,2013,septembre,dimanche,91:0,75,75103,0,0,2,3,7,1,1,4,1,01,1,1,000,058,1,0,1,4,1,42,5,1,2,00,0,0,1,201300050545A01,,,
201300050553,2013-10-03,2013,octobre,jeudi,20:30,75,75104,0,0,2,2,6,5,2,4,1,01,1,1,000,061,2,0,1,4,1,27,1,1,2,00,2,8,1,201300050553A01,7,1,1
201300050555,2013-10-05,2013,octobre,samedi,18:20,75,75103,0,0,2,2,7,1,2,4,1,01,1,1,000,056,2,5,1,4,1,61,5,1,2,00,0,0,1,201300050555A01,,,
201300050556,2013-10-09,2013,octobre,mercredi,84:0,75,75103,0,0,2,7,3,1,1,4,1,04,1,1,031,095,1,0,1,4,2,23,2,1,2,00,2,8,13,201300050556A01,7,17,1
201300050557,2013-10-19,2013,octobre,samedi,21:05,75,75103,0,0,2,5,3,5,1,4,1,02,1,1,000,096,1,0,0,4,2,32,5,1,2,00,2,3,7,201300050557B01,7,16,1
201300050564,2013-11-12,2013,novembre,mardi,12:20,75,75102,0,0,2,3,3,1,2,4,1,02,1,1,060,120,2,0,1,4,1,32,5,1,2,00,2,8,19,201300050564A01,33,1,1
201300050573,2013-11-26,2013,novembre,mardi,11:10,75,75102,0,0,2,3,3,1,8,4,1,01,1,1,000,050,1,6,1,4,2,51,5,1,2,00,2,8,1,201300050573B01,7,7,1
201300050580,2013-12-16,2013,décembre,lundi,94:5,75,75103,0,0,2,7,2,1,1,4,2,04,1,3,000,120,1,0,1,4,1,41,1,1,2,00,2,7,16,201300050580B01,30,16,1
201300050582,2013-12-16,2013,décembre,lundi,19:45,75,75103,0,0,2,3,6,5,1,4,1,01,1,1,000,038,1,0,1,4,2,36,4,1,2,01,0,0,18,201300050582A01,,,
201300050592,2013-01-16,2013,janvier,mercredi,15:55,75,75104,0,0,2,3,3,1,8,4,1,01,1,1,000,100,1,0,1,4,2,37,0,1,2,00,2,1,1,201300050592B01,7,22,1
201300050595,2013-01-29,2013,janvier,mardi,80:5,75,75104,0,0,2,7,3,2,2,4,1,03,1,1,150,200,2,0,1,4,1,26,5,1,2,00,2,8,1,201300050595B01,7,17,1
201300050607,2013-02-26,2013,février,mardi,20:30,75,75104,0,0,2,2,6,5,1,4,1,03,1,1,010,120,1,0,1,1,1,18,5,1,2,00,1,1,7,201300050607A01,,,
201300050611,2013-03-04,2013,mars,lundi,16:40,75,75104,0,0,2,2,3,1,1,4,1,02,1,-1,000,050,1,0,0,4,1,38,0,1,2,00,0,0,12,201300050611B01,2,1,1
201300050632,2013-04-25,2013,avril,jeudi,74:0,75,75104,0,0,2,7,3,1,1,4,-1,04,-1,-1,000,000,-1,0,0,4,1,44,1,1,2,00,2,4,18,201300050632A01,30,16,1
201300050645,2013-06-04,2013,juin,mardi,15:00,75,75104,0,0,2,3,2,1,1,4,2,02,1,1,000,070,1,0,1,4,1,61,1,1,2,00,2,7,2,201300050645B01,30,2,1
201300050653,2013-06-12,2013,juin,mercredi,14:15,75,75104,0,0,2,1,3,1,8,4,-1,00,1,1,000,100,1,0,1,4,1,18,2,1,2,00,2,2,13,201300050653A01,1,1,1
201300050653,2013-06-12,2013,juin,mercredi,14:15,75,75104,0,0,2,1,3,1,8,4,-1,00,1,1,000,100,1,0,1,4,1,60,1,1,2,00,2,3,1,201300050653B01,1,13,1
201300050654,2013-06-13,2013,juin,jeudi,10:00,75,75104,0,0,2,1,3,1,8,4,2,04,1,1,000,140,1,0,1,4,2,35,4,1,2,00,2,8,13,201300050654B01,14,1,1
201300050657,2013-06-25,2013,juin,mardi,20:20,75,75104,0,0,2,3,2,1,1,4,1,02,1,1,006,050,1,0,1,4,1,42,5,1,2,00,2,3,11,201300050657A01,7,1,1
201300050658,2013-06-25,2013,juin,mardi,20:00,75,75104,0,0,2,7,6,1,1,4,1,03,1,1,000,120,1,0,1,1,1,30,5,1,2,00,1,1,1,201300050658A01,,,
201300050663,2013-07-08,2013,juillet,lundi,21:10,75,75104,0,0,2,1,3,2,1,4,1,03,1,1,000,118,1,2,1,4,1,45,0,1,2,00,2,3,13,201300050663B01,7,1,1
201300050664,2013-07-14,2013,juillet,dimanche,25:0,75,75104,0,0,2,2,6,5,1,4,1,01,1,1,000,040,1,0,1,4,1,37,5,1,2,00,2,0,7,201300050664A01,1,7,1
201300050666,2013-07-18,2013,juillet,jeudi,15:00,75,75104,0,0,2,2,6,1,1,4,1,00,1,1,000,110,1,0,1,4,1,28,0,1,2,00,2,8,15,201300050666A01,30,1,1
201300050667,2013-07-18,2013,juillet,jeudi,22:59,75,75104,0,0,2,3,3,5,1,4,1,01,1,1,000,040,1,0,1,4,2,59,0,1,2,00,2,1,16,201300050667A01,7,1,1