Num_Acc,date,an,mois,jour,hrmn,dep,com,lat,long,agg,int,col,lum,atm,catr,circ,nbv,prof,plan,lartpc,larrout,surf,infra,situ,grav,sexe,age,trajet,secuexist,equipement,obs,obsm,choc,manv,vehiculeid,typevehicules,manoeuvehicules,numVehicules
201300051580,2013-09-26,2013,septembre,jeudi,10:45,75,75108,0,0,2,7,2,1,1,4,1,06,1,-1,150,150,1,0,1,4,1,23,1,1,2,00,0,3,1,201300051580A01,10,23,1
201300051586,2013-10-01,2013,octobre,mardi,65:0,75,75108,0,0,2,2,3,5,1,4,-1,01,1,1,000,070,1,0,1,3,2,62,1,1,2,00,2,1,1,201300051586B01,7,1,1
201300051592,2013-10-05,2013,octobre,samedi,18:30,75,75108,0,0,2,7,1,1,1,4,-1,00,1,-1,000,000,1,5,1,4,1,22,0,1,2,00,2,8,1,201300051592A01,7,15,1
201300051598,2013-10-12,2013,octobre,samedi,20:30,75,75108,0,0,2,1,2,5,8,4,1,02,2,1,000,080,1,0,1,4,1,26,0,1,2,00,2,0,2,201300051598A01,7,23,1
201300051600,2013-10-14,2013,octobre,lundi,19:30,75,75108,0,0,2,7,3,5,2,4,1,02,1,-1,000,120,2,0,1,4,1,35,0,1,2,00,2,1,5,201300051600B01,7,16,1
201300051610,2013-10-24,2013,octobre,jeudi,23:20,75,75108,0,0,2,2,3,5,1,4,1,01,1,1,000,060,1,0,1,4,1,54,5,1,2,00,2,0,1,201300051610A01,7,22,1
201300051620,2013-11-04,2013,novembre,lundi,12:20,75,75108,0,0,2,1,3,1,1,4,1,02,1,1,000,120,1,0,1,4,2,44,4,1,2,00,2,1,17,201300051620B01,10,22,1
201300051626,2013-11-11,2013,novembre,lundi,1:,75,75108,0,0,2,7,3,5,1,4,3,02,1,1,000,000,1,0,1,3,1,37,5,1,2,00,2,0,1,201300051626A01,7,1,1
201300051636,2013-11-17,2013,novembre,dimanche,30:5,75,75108,0,0,2,1,6,5,1,4,3,02,1,1,000,060,1,0,1,4,1,18,5,1,2,01,0,1,1,201300051636A01,,,
201300051649,2013-11-28,2013,novembre,jeudi,12:15,75,75108,0,0,2,1,6,1,1,4,1,01,1,1,000,000,1,0,1,4,1,25,0,1,2,14,1,1,1,201300051649A01,,,
201300051679,2013-12-20,2013,décembre,vendredi,95:5,75,75108,0,0,2,4,3,1,1,4,1,03,1,1,000,000,1,0,1,4,2,50,4,1,2,00,2,1,7,201300051679B01,10,16,1
201300051692,2013-12-30,2013,décembre,lundi,12:10,75,75108,0,0,2,1,3,1,1,4,2,05,1,1,000,000,1,0,1,4,1,22,0,1,2,00,2,1,1,201300051692B01,7,22,1
201300051698,2013-01-08,2013,janvier,mardi,92:0,75,75109,0,0,2,2,6,1,1,4,1,02,1,1,000,000,1,0,1,1,1,53,1,1,2,00,1,1,16,201300051698A01,,,
201300051703,2013-01-16,2013,janvier,mercredi,23:45,75,75109,0,0,2,1,7,5,1,4,1,01,1,1,000,000,1,0,1,4,2,42,5,1,2,00,0,0,1,201300051703A01,,,
201300051708,2013-01-25,2013,janvier,vendredi,21:30,75,75102,0,0,2,7,5,5,1,4,2,05,1,1,000,000,1,5,1,3,1,22,5,1,2,00,2,8,1,201300051708A01,7,1,2
201300051719,2013-02-12,2013,février,mardi,19:35,75,75109,0,0,2,1,6,5,1,4,1,02,1,1,000,060,1,0,1,4,1,49,1,1,2,01,0,1,7,201300051719A01,,,
201300051722,2013-02-26,2013,février,mardi,14:05,75,75109,0,0,2,1,2,1,1,4,1,01,1,1,000,030,1,0,1,4,2,56,0,1,2,01,0,0,18,201300051722B01,7,22,1
201300051746,2013-04-12,2013,avril,vendredi,17:40,75,75109,0,0,2,7,2,1,3,4,2,03,1,1,000,120,2,5,1,4,2,26,1,1,2,00,2,4,11,201300051746B01,32,1,1
201300051760,2013-05-13,2013,mai,lundi,19:00,75,75109,0,0,2,5,3,1,1,4,2,01,2,1,000,060,1,0,1,4,2,46,5,1,2,00,2,7,18,201300051760A01,14,1,1
201300051768,2013-05-23,2013,mai,jeudi,14:25,75,75109,0,0,2,5,3,1,1,4,1,01,1,1,000,090,1,0,1,4,1,82,0,1,2,00,2,1,18,201300051768B01,37,16,1
201300051774,2013-05-27,2013,mai,lundi,12:10,75,75109,0,0,2,1,2,1,1,4,2,03,1,1,000,000,1,0,1,4,1,62,9,1,2,00,2,3,1,201300051774A01,7,1,1
201300051781,2013-06-13,2013,juin,jeudi,20:00,75,75109,0,0,2,5,3,1,1,4,1,01,1,1,000,000,1,0,1,4,1,22,0,1,2,00,2,3,1,201300051781A01,32,1,1
201300051791,2013-06-26,2013,juin,mercredi,81:3,75,75109,0,0,2,7,3,1,1,4,1,02,1,1,025,025,1,5,0,4,1,36,0,1,2,14,2,8,19,201300051791B01,37,7,1
201300051795,2013-07-01,2013,juillet,lundi,17:30,75,75109,0,0,2,2,7,1,1,4,1,02,1,1,000,050,1,0,1,4,1,48,0,1,2,00,0,0,1,201300051795A01,,,
201300051816,2013-08-17,2013,août,samedi,18:50,75,75109,0,0,2,3,3,1,1,4,1,01,1,1,000,000,1,0,5,4,1,17,0,1,2,00,2,1,16,201300051816B01,7,1,1
201300051817,2013-08-19,2013,août,lundi,18:35,75,75109,0,0,2,1,3,1,1,4,1,03,1,1,000,080,1,0,1,4,1,49,0,1,2,00,2,3,14,201300051817A01,7,1,1
201300051832,2013-09-24,2013,septembre,mardi,95:0,75,75109,0,0,2,2,3,1,1,4,2,02,1,1,000,000,1,0,1,4,1,28,4,1,2,00,2,1,1,201300051832B01,7,15,1
201300051833,2013-09-24,2013,septembre,mardi,12:09,75,75109,0,0,2,2,7,1,1,4,1,01,1,1,000,000,1,0,0,4,1,28,1,1,2,00,0,0,21,201300051833A01,,,
201300051837,2013-09-30,2013,septembre,lundi,18:45,75,75109,0,0,2,5,3,1,1,4,3,02,1,1,000,000,1,0,1,4,2,40,0,1,2,00,0,0,19,201300051837A01,10,15,1
201300051841,2013-10-07,2013,octobre,lundi,95:0,75,75109,0,0,2,1,2,1,1,4,1,01,1,1,000,030,-1,0,1,4,1,54,1,1,2,01,0,1,1,201300051841B01,7,22,1
201300051845,2013-10-11,2013,octobre,vendredi,21:20,75,75109,0,0,2,7,6,5,1,4,1,01,1,1,000,000,1,0,1,1,1,31,5,1,2,00,1,1,1,201300051845A01,,,
201300051847,2013-10-16,2013,octobre,mercredi,84:0,75,75109,0,0,2,1,2,1,1,4,2,03,1,1,000,090,1,0,1,4,1,69,5,1,2,00,2,4,23,201300051847B01,7,1,1
201300051852,2013-10-24,2013,octobre,jeudi,83:5,75,75109,0,0,2,2,3,1,1,4,1,01,1,1,000,030,1,0,1,4,1,23,0,1,2,00,2,3,15,201300051852A01,31,1,1
201300051878,2013-11-30,2013,novembre,samedi,13:25,75,75109,0,0,2,2,3,1,1,4,2,02,1,1,000,000,1,0,1,4,1,17,0,1,2,00,0,7,1,201300051878B01,7,1,1
201300051887,2013-12-16,2013,décembre,lundi,22:10,75,75109,0,0,2,2,2,5,1,4,1,03,1,1,000,150,1,0,1,4,2,32,5,1,2,00,2,3,18,201300051887A01,7,16,1
201300051899,2013-01-10,2013,janvier,jeudi,21:05,75,75110,0,0,2,5,3,5,8,4,1,03,1,1,001,150,2,5,1,4,2,33,0,1,2,00,2,3,7,201300051899A01,30,1,1
201300051907,2013-01-15,2013,janvier,mardi,14:30,75,75110,0,0,2,1,3,1,2,4,2,02,2,1,000,000,2,0,1,4,1,57,1,1,2,00,2,8,9,201300051907B01,7,1,1
201300051915,2013-01-23,2013,janvier,mercredi,10:40,75,75110,0,0,2,1,3,1,1,4,2,04,2,1,000,150,1,0,1,4,2,67,5,1,2,00,2,1,11,201300051915A01,37,7,1
201300051921,2013-01-30,2013,janvier,mercredi,14:20,75,75110,0,0,2,2,3,1,1,4,1,02,2,1,000,090,2,0,1,4,2,69,5,1,2,00,2,8,13,201300051921B01,7,1,1
201300051922,2013-02-01,2013,février,vendredi,73:0,75,75110,0,0,2,1,6,5,2,4,1,02,2,1,000,060,2,0,5,4,2,35,1,1,2,12,0,7,1,201300051922A01,,,
201300051940,2013-02-21,2013,février,jeudi,14:20,75,75110,0,0,2,5,3,1,1,4,2,00,2,3,000,300,1,0,1,3,2,65,0,1,2,00,2,0,1,201300051940B01,14,17,1
201300051945,2013-03-03,2013,mars,dimanche,11:25,75,75110,0,0,2,1,2,1,1,4,1,01,2,1,000,050,1,0,1,4,2,25,0,1,2,01,0,2,1,201300051945B01,7,22,1
201300051947,2013-03-03,2013,mars,dimanche,12:10,75,75110,0,0,2,2,1,1,1,4,1,02,1,1,000,060,1,0,1,4,2,44,5,1,2,00,2,6,1,201300051947B01,7,15,1
201300051954,2013-03-05,2013,mars,mardi,23:15,75,75110,0,0,2,3,3,5,1,4,1,01,1,1,045,045,1,0,1,4,2,25,5,1,2,00,2,3,16,201300051954B01,33,1,1
201300051959,2013-03-20,2013,mars,mercredi,14:10,75,75110,0,0,2,2,6,1,1,4,1,01,1,1,000,030,1,0,1,1,1,28,9,1,2,00,1,1,1,201300051959A01,,,
201300051963,2013-03-21,2013,mars,jeudi,18:35,75,75110,0,0,2,2,6,2,1,4,2,04,2,1,000,140,1,0,1,4,1,41,1,1,2,00,0,0,7,201300051963A01,,,
201300051964,2013-03-22,2013,mars,vendredi,10:5,75,75110,0,0,2,3,6,5,1,4,1,01,1,1,060,040,1,0,1,4,2,21,0,1,2,00,2,3,5,201300051964A01,7,15,1
201300051966,2013-03-27,2013,mars,mercredi,17:50,75,75110,0,0,2,3,3,1,1,4,1,03,1,1,000,105,1,0,1,4,2,26,0,1,2,00,2,3,13,201300051966A01,10,17,1
201300051970,2013-03-30,2013,mars,samedi,23:00,75,75110,0,0,2,2,1,5,1,4,2,02,1,1,100,050,1,0,1,4,1,24,0,1,2,00,2,0,1,201300051970B01,7,15,1
201300051972,2013-04-05,2013,avril,vendredi,15:05,75,75110,0,0,2,1,3,1,1,4,1,00,1,1,020,050,1,0,1,4,1,55,5,1,2,00,2,1,1,201300051972B01,7,22,1
201300051973,2013-04-06,2013,avril,samedi,14:40,75,75110,0,0,2,1,3,1,1,4,2,04,1,1,000,150,1,0,5,4,1,20,5,1,2,00,2,3,1,201300051973B01,7,22,1
201300051984,2013-04-17,2013,avril,mercredi,17:35,75,75110,0,0,2,3,3,1,1,4,2,04,2,2,000,150,1,0,1,4,2,69,5,1,2,00,2,8,15,201300051984A01,7,1,1
201300051989,2013-04-24,2013,avril,mercredi,14:25,75,75110,0,0,2,1,3,1,1,4,1,02,1,1,000,050,1,0,5,4,1,35,1,1,2,00,2,0,1,201300051989B01,10,22,1
201300051990,2013-04-25,2013,avril,jeudi,14:10,75,75110,0,0,2,1,6,1,1,4,1,01,1,1,000,030,1,0,1,1,1,33,0,1,2,00,1,8,5,201300051990A01,,,
201300051994,2013-04-30,2013,avril,mardi,91:0,75,75110,0,0,2,1,2,1,1,4,3,02,1,1,003,040,1,0,5,1,1,43,1,1,2,00,2,6,1,201300051994B01,1,17,1
201300051994,2013-04-30,2013,avril,mardi,91:0,75,75110,0,0,2,1,2,1,1,4,3,02,1,1,003,040,1,0,5,4,2,41,1,1,2,00,2,2,17,201300051994A01,1,1,1
201300051999,2013-05-02,2013,mai,jeudi,19:40,75,75110,0,0,2,1,3,1,1,4,1,02,1,1,000,000,1,0,1,4,2,33,1,1,2,00,2,2,13,201300051999B01,32,1,1
201300052007,2013-05-10,2013,mai,vendredi,19:30,75,75110,0,0,2,1,3,1,1,4,2,03,1,1,000,060,1,0,1,4,1,21,5,1,2,00,2,7,12,201300052007B01,32,7,1
201300052008,2013-05-11,2013,mai,samedi,10:20,75,75110,0,0,2,1,6,1,1,4,1,01,2,1,000,050,1,0,5,1,1,32,5,1,2,00,1,0,1,201300052008A01,,,
201300052013,2013-05-16,2013,mai,jeudi,20:00,75,75110,0,0,2,3,3,1,1,4,2,04,2,1,000,100,1,0,5,4,2,25,4,1,2,00,2,1,1,201300052013B01,7,22,1
201300052016,2013-05-21,2013,mai,mardi,10:05,75,75110,0,0,2,1,6,1,2,4,1,02,1,1,000,020,2,0,5,4,1,67,1,1,2,00,1,0,1,201300052016A01,,,
201300052017,2013-05-21,2013,mai,mardi,13:40,75,75110,0,0,2,4,5,1,2,4,2,02,1,1,000,120,2,0,1,4,2,27,0,1,2,00,2,9,17,201300052017B01,10,1/22,2
201300052019,2013-05-21,2013,mai,mardi,14:50,75,75110,0,0,2,2,3,1,1,4,2,02,1,1,000,060,1,0,1,4,1,49,5,1,2,00,2,1,1,201300052019B01,7,1,1
201300052020,2013-05-21,2013,mai,mardi,15:50,75,75110,0,0,2,4,3,1,2,4,2,04,2,1,010,120,2,0,5,4,2,34,5,1,2,00,2,8,1,201300052020B01,7,22,1
201300052034,2013-06-01,2013,juin,samedi,12:15,75,75110,0,0,2,2,6,1,1,4,1,02,1,1,000,000,1,0,5,4,1,36,0,1,2,00,1,0,1,201300052034A01,,,
201300052047,2013-06-13,2013,juin,jeudi,10:00,75,75110,0,0,2,1,6,1,2,4,1,03,1,1,000,120,2,0,5,1,1,23,4,1,2,00,1,6,1,201300052047A01,,,
201300052055,2013-06-20,2013,juin,jeudi,17:55,75,75110,0,0,2,1,7,1,1,4,1,01,1,1,000,035,1,0,5,4,1,26,1,1,2,00,0,0,21,201300052055A01,,,
201300052056,2013-06-20,2013,juin,jeudi,16:45,75,75110,0,0,2,1,1,1,1,4,2,04,1,1,000,120,1,0,1,4,1,40,5,1,2,00,2,1,13,201300052056B01,37,1,1
201300052060,2013-06-26,2013,juin,mercredi,14:00,75,75110,0,0,2,2,2,1,1,4,-1,01,-1,-1,000,050,1,0,1,4,1,38,0,1,2,00,0,0,18,201300052060B01,7,16,1
201300052064,2013-07-02,2013,juillet,mardi,22:45,75,75110,0,0,2,1,6,5,1,4,1,03,2,1,000,100,1,0,1,4,2,24,0,1,2,00,2,8,1,201300052064A01,7,17,1
201300052067,2013-07-04,2013,juillet,jeudi,19:00,75,75110,0,0,2,1,3,1,1,4,2,02,3,1,000,150,1,0,1,4,2,27,1,1,2,00,2,1,1,201300052067B01,10,22,1
201300052069,2013-07-06,2013,juillet,samedi,13:0,75,75110,0,0,2,7,3,5,1,4,2,04,2,1,010,100,1,0,1,4,2,26,5,1,2,00,2,7,1,201300052069B01,30,1,1
201300052070,2013-07-10,2013,juillet,mercredi,80:0,75,75110,0,0,2,2,3,1,1,4,1,01,1,-1,000,060,1,0,0,4,1,33,1,1,2,00,2,0,1,201300052070B01,10,14,1
201300052087,2013-07-27,2013,juillet,samedi,40:0,75,75110,0,0,2,2,3,5,1,4,2,04,1,1,000,040,1,0,1,3,1,26,0,1,2,00,2,1,1,201300052087A01,7,7,1
201300052090,2013-07-29,2013,juillet,lundi,18:10,75,75110,0,0,2,2,3,1,1,4,1,02,1,1,060,065,1,0,1,4,1,54,1,1,2,00,2,3,1,201300052090B01,33,16,1
201300052097,2013-08-09,2013,août,vendredi,23:45,75,75110,0,0,2,2,3,5,1,4,2,04,1,1,000,120,1,0,1,4,1,37,5,1,2,00,2,1,7,201300052097B01,10,16,1
201300052098,2013-08-10,2013,août,samedi,20:05,75,75110,0,0,2,2,3,1,1,4,1,04,1,1,000,150,1,0,1,4,2,71,5,1,2,00,2,3,15,201300052098A01,33,1,1
201300052106,2013-08-26,2013,août,lundi,23:40,75,75110,0,0,2,7,3,5,1,4,-1,01,2,1,020,040,1,5,1,4,2,42,0,1,2,00,2,1,1,201300052106A01,7,1,1
201300052110,2013-08-29,2013,août,jeudi,13:00,75,75110,0,0,2,1,6,1,1,4,1,00,1,1,000,070,1,0,4,1,1,19,4,1,2,00,1,7,1,201300052110A01,,,
201300052111,2013-08-29,2013,août,jeudi,18:50,75,75110,0,0,2,1,6,1,1,4,2,04,1,1,000,120,1,0,1,1,2,27,0,1,2,00,1,1,1,201300052111A01,,,
201300052112,2013-09-03,2013,septembre,mardi,19:00,75,75110,0,0,2,1,3,1,1,4,1,02,1,1,000,100,1,1,1,1,1,18,0,1,2,00,2,8,11,201300052112A01,32,1,1
201300052113,2013-09-04,2013,septembre,mercredi,93:5,75,75110,0,0,2,3,7,1,1,4,1,01,2,1,000,030,2,0,5,4,2,43,1,1,2,00,0,0,1,201300052113A01,,,
201300052129,2013-09-20,2013,septembre,vendredi,16:15,75,75110,0,0,2,1,3,1,1,4,1,02,2,1,000,000,1,0,5,4,2,61,5,1,2,00,2,1,1,201300052129B01,7,22,1
201300052132,2013-09-22,2013,septembre,dimanche,16:40,75,75110,0,0,2,1,3,1,1,4,1,01,1,1,000,030,1,0,1,4,1,61,5,1,2,00,2,8,18,201300052132B01,7,1,1
201300052135,2013-09-25,2013,septembre,mercredi,85:0,75,75110,0,0,2,1,7,1,1,4,1,02,2,1,000,070,1,0,1,4,1,34,9,1,2,00,0,0,21,201300052135A01,,,
201300052137,2013-09-26,2013,septembre,jeudi,12:55,75,75110,0,0,2,2,3,1,1,4,2,04,1,1,000,145,1,0,1,4,1,24,4,1,2,00,2,1,7,201300052137B01,7,16,1
201300052139,2013-09-29,2013,septembre,dimanche,17:30,75,75110,0,0,2,1,3,1,1,4,2,04,1,1,000,120,1,0,1,4,2,77,5,1,2,00,2,1,1,201300052139B01,7,22,1
201300052141,2013-10-03,2013,octobre,jeudi,14:30,75,75110,0,0,2,2,2,1,1,4,1,04,1,1,000,040,1,0,1,4,2,33,0,1,2,00,2,8,7,201300052141B01,7,7,1
201300052145,2013-10-07,2013,octobre,lundi,18:45,75,75110,0,0,2,5,6,2,1,4,1,01,2,1,000,080,1,0,5,4,1,44,5,1,2,00,1,1,1,201300052145A01,,,
201300052152,2013-10-14,2013,octobre,lundi,90:0,75,75110,0,0,2,5,3,1,1,4,1,01,-1,1,000,050,1,0,0,4,1,12,2,1,2,00,2,0,15,201300052152A01,33,1,1
201300052162,2013-10-26,2013,octobre,samedi,16:15,75,75110,0,0,2,2,3,1,8,4,1,01,1,1,000,035,1,0,1,4,1,29,0,1,2,00,2,7,19,201300052162B01,7,1,1
201300052164,2013-10-28,2013,octobre,lundi,17:45,75,75110,0,0,2,1,1,5,1,4,1,01,1,1,010,060,1,0,1,4,1,40,4,1,2,01,2,1,5,201300052164B01,32,13,1
201300052176,2013-11-08,2013,novembre,vendredi,18:55,75,75110,0,0,2,2,3,5,2,4,1,03,1,1,005,090,2,0,1,4,2,23,0,1,2,00,0,1,16,201300052176B01,32,1,1
201300052194,2013-11-30,2013,novembre,samedi,10:00,75,75110,0,0,2,1,2,1,1,4,1,01,1,1,000,100,1,0,5,4,2,42,5,1,2,01,0,8,1,201300052194B01,7,22,1
201300052195,2013-12-01,2013,décembre,dimanche,10:00,75,75119,0,0,2,1,2,1,1,4,2,00,1,1,000,000,1,0,1,4,1,67,4,1,2,00,2,4,11,201300052195B01,7,1,1
201300052215,2013-01-02,2013,janvier,mercredi,15:10,75,75111,0,0,2,2,6,1,1,4,2,00,1,1,000,080,1,0,1,1,1,26,5,1,2,00,1,2,1,201300052215A01,,,
201300052218,2013-01-09,2013,janvier,mercredi,92:5,75,75111,0,0,2,2,3,1,8,4,1,01,1,1,000,060,1,0,1,4,1,40,1,1,2,00,2,8,15,201300052218A01,7,17,1
201300052232,2013-01-25,2013,janvier,vendredi,14:0,75,75111,0,0,2,1,6,5,1,4,2,01,1,-1,000,100,1,0,1,4,1,50,0,1,2,01,2,4,2,201300052232A01,7,2,1
201300052253,2013-02-20,2013,février,mercredi,85:4,75,75111,0,0,2,2,2,1,1,4,1,01,1,1,075,070,1,0,1,4,2,26,4,1,2,00,2,1,1,201300052253B01,14,16,1
201300052259,2013-02-28,2013,février,jeudi,21:5,75,75111,0,0,2,7,6,5,2,4,1,01,1,1,000,000,2,0,1,4,1,27,5,1,2,00,2,1,5,201300052259A01,7,1,1
201300052268,2013-03-09,2013,mars,samedi,11:55,75,75111,0,0,2,3,6,1,1,4,2,01,1,1,000,080,1,0,1,1,1,27,4,1,2,00,1,1,1,201300052268A01,,,
201300052273,2013-03-19,2013,mars,mardi,21:10,75,75110,0,0,2,2,1,5,2,4,2,02,2,1,000,160,2,0,1,3,1,57,5,1,2,00,2,1,1,201300052273B01,30,17,1
201300052277,2013-03-24,2013,mars,dimanche,14:0,75,75111,0,0,2,2,3,5,1,4,2,02,2,1,000,000,1,0,1,4,1,30,5,1,2,00,2,1,1,201300052277A01,7,1,1
201300052278,2013-03-25,2013,mars,lundi,19:50,75,75111,0,0,2,5,3,5,1,4,3,02,1,1,050,160,1,0,5,4,1,50,5,1,2,00,2,1,1,201300052278B01,7,16,1
201300052284,2013-04-07,2013,avril,dimanche,10:00,75,75111,0,0,2,1,3,1,1,4,2,05,2,1,000,080,1,0,1,4,1,65,5,1,2,00,2,8,14,201300052284B01,7,1,1
201300052294,2013-04-14,2013,avril,dimanche,11:5,75,75111,0,0,2,1,2,5,1,4,2,02,1,1,000,100,2,0,1,4,1,32,5,1,2,01,0,8,17,201300052294B01,7,22,1
201300052298,2013-04-18,2013,avril,jeudi,22:10,75,75111,0,0,2,1,2,5,2,4,2,02,1,1,000,100,2,0,1,4,1,23,1,1,2,01,0,0,1,201300052298B01,7,22,1
201300052300,2013-04-20,2013,avril,samedi,17:00,75,75111,0,0,2,1,3,1,1,4,2,00,2,1,000,030,1,0,1,4,2,24,4,1,2,00,2,3,1,201300052300B01,7,22,1
201300052307,2013-04-27,2013,avril,samedi,14:00,75,75111,0,0,2,1,6,1,1,4,1,01,2,1,000,050,1,0,0,4,1,19,5,1,2,01,0,6,13,201300052307A01,,,
201300052313,2013-05-03,2013,mai,vendredi,20:40,75,75111,0,0,2,1,6,1,1,4,2,01,2,1,000,090,1,0,1,4,2,27,5,1,2,00,2,3,1,201300052313A01,7,17,1
201300052314,2013-05-06,2013,mai,lundi,13:00,75,75111,0,0,2,2,6,1,8,4,1,01,1,1,000,060,1,0,1,1,1,55,5,1,2,00,1,1,5,201300052314A01,,,
201300052321,2013-05-16,2013,mai,jeudi,20:00,75,75111,0,0,2,3,3,1,1,4,2,02,1,1,000,050,1,0,1,4,2,38,5,1,2,00,2,7,12,201300052321B01,7,1,1
201300052329,2013-05-21,2013,mai,mardi,83:5,75,75111,0,0,2,2,3,1,2,4,1,01,1,1,000,050,2,0,1,4,2,65,4,1,2,00,2,7,1,201300052329A01,10,1,1
201300052340,2013-05-27,2013,mai,lundi,11:30,75,75111,0,0,2,1,6,1,1,4,1,01,1,1,000,050,1,0,1,4,1,53,0,1,2,00,1,1,1,201300052340A01,,,
201300052343,2013-05-29,2013,mai,mercredi,20:50,75,75111,0,0,2,1,6,2,3,4,1,01,1,1,000,060,2,0,5,1,2,31,0,1,2,00,1,2,1,201300052343A01,,,
201300052345,2013-05-31,2013,mai,vendredi,14:00,75,75111,0,0,2,2,3,1,1,4,-1,02,1,1,000,050,-1,0,1,4,2,30,1,1,2,00,2,1,18,201300052345A01,13,16,1
201300052347,2013-06-01,2013,juin,samedi,12:0,75,75111,0,0,2,1,6,5,1,4,2,01,1,1,000,200,1,0,4,4,1,24,0,1,2,01,0,2,1,201300052347A01,,,
201300052348,2013-06-03,2013,juin,lundi,90:0,75,75111,0,0,2,3,3,1,1,4,2,02,1,1,000,120,1,0,1,4,2,43,1,1,2,00,2,1,1,201300052348B01,10,22,1
201300052351,2013-06-05,2013,juin,mercredi,91:0,75,75111,0,0,2,2,3,1,1,4,1,01,2,1,000,030,1,0,1,4,2,46,1,1,2,00,2,7,1,201300052351B01,10,1,1
201300052352,2013-06-05,2013,juin,mercredi,84:0,75,75111,0,0,2,1,7,1,1,4,1,01,1,1,000,050,1,0,5,4,1,54,1,1,2,00,0,0,21,201300052352A01,,,
201300052354,2013-06-08,2013,juin,samedi,17:55,75,75111,0,0,2,1,3,1,1,4,-1,01,2,1,000,100,1,0,1,4,1,62,5,1,2,00,2,4,1,201300052354B01,7,10,1
201300052367,2013-06-14,2013,juin,vendredi,15:30,75,75111,0,0,2,2,3,1,1,4,2,01,1,1,000,160,1,0,1,4,1,15,5,1,2,00,2,1,5,201300052367A01,7,1,1
201300052373,2013-06-18,2013,juin,mardi,92:0,75,75111,0,0,2,1,2,2,1,4,1,01,2,1,000,025,1,0,1,4,2,44,1,1,2,00,2,1,23,201300052373B01,10,4,1
201300052378,2013-06-22,2013,juin,samedi,22:0,75,75111,0,0,2,3,2,5,1,4,1,01,1,1,000,040,1,0,0,4,1,28,5,1,2,00,2,8,15,201300052378B01,7,17,1
201300052380,2013-06-24,2013,juin,lundi,12:00,75,75111,0,0,2,1,2,1,1,4,2,02,1,1,000,160,1,0,1,3,2,26,5,1,2,01,0,8,1,201300052380B01,7,22,1
201300052381,2013-06-25,2013,juin,mardi,16:00,75,75111,0,0,2,1,6,1,1,4,2,03,1,1,000,140,1,0,1,3,1,30,5,1,2,00,0,4,1,201300052381B01,7,17,1
201300052384,2013-06-26,2013,juin,mercredi,19:54,75,75111,0,0,2,1,3,1,1,4,2,02,1,1,000,210,1,0,1,4,2,40,5,1,2,12,2,1,13,201300052384B01,37,1,1
201300052387,2013-06-28,2013,juin,vendredi,40:,75,75111,0,0,2,3,2,5,1,4,-1,02,1,1,000,000,1,0,1,4,1,25,0,1,2,00,2,3,15,201300052387B01,32,17,1
201300052390,2013-06-28,2013,juin,vendredi,17:25,75,75111,0,0,2,2,3,1,1,4,1,01,1,1,000,080,1,0,1,4,2,44,1,1,2,00,2,7,19,201300052390A01,34,1,1
201300052395,2013-07-01,2013,juillet,lundi,85:5,75,75111,0,0,2,2,3,1,1,4,2,02,1,1,000,060,1,5,1,4,1,55,1,1,2,00,2,8,1,201300052395B01,1,16,1
201300052395,2013-07-01,2013,juillet,lundi,85:5,75,75111,0,0,2,2,3,1,1,4,2,02,1,1,000,060,1,5,1,1,1,28,1,1,2,00,2,1,16,201300052395A01,1,1,1
201300052406,2013-07-08,2013,juillet,lundi,15:,75,75111,0,0,2,2,3,5,1,4,1,01,1,1,000,060,1,5,1,4,1,26,0,1,2,00,2,1,5,201300052406A01,30,1,1
201300052408,2013-07-08,2013,juillet,lundi,21:25,75,75111,0,0,2,2,3,1,1,4,2,06,1,1,000,165,1,0,1,4,1,27,5,1,2,00,2,7,12,201300052408B01,34,1,1
201300052415,2013-07-11,2013,juillet,jeudi,17:35,75,75111,0,0,2,1,6,1,1,4,2,02,-1,1,000,110,1,0,1,4,2,41,5,1,2,00,2,7,1,201300052415A01,7,22,1
201300052418,2013-07-13,2013,juillet,samedi,14:10,75,75120,0,0,2,5,3,1,1,4,1,01,1,1,000,060,1,5,1,4,1,2,9,1,2,00,2,1,19,201300052418B01,7,1,1
201300052431,2013-07-19,2013,juillet,vendredi,10:20,75,75111,0,0,2,3,2,1,1,4,2,02,1,1,000,080,1,0,1,4,1,29,4,1,2,00,2,2,18,201300052431B01,10,16,1
201300052433,2013-07-20,2013,juillet,samedi,11:0,75,75111,0,0,2,2,3,5,1,4,2,01,1,1,000,080,1,0,1,4,1,36,5,1,2,00,2,8,15,201300052433B01,7,17,1
201300052446,2013-08-11,2013,août,dimanche,55:,75,75111,0,0,2,3,6,5,1,4,-1,00,1,1,000,050,1,0,1,4,1,31,5,1,2,01,0,1,1,201300052446A01,,,
201300052459,2013-09-02,2013,septembre,lundi,23:20,75,75111,0,0,2,1,7,5,1,4,3,00,1,1,200,060,1,0,1,3,1,50,0,1,2,00,0,0,1,201300052459A01,,,
201300052463,2013-09-03,2013,septembre,mardi,75:5,75,75111,0,0,2,2,3,1,1,4,2,02,2,-1,000,150,1,0,1,4,2,63,1,1,2,00,2,7,1,201300052463B01,10,22,1
201300052475,2013-09-11,2013,septembre,mercredi,90:5,75,75111,0,0,2,1,3,1,1,4,2,05,1,1,020,160,1,0,1,1,1,26,1,1,2,00,2,1,18,201300052475A01,1,19,1
201300052475,2013-09-11,2013,septembre,mercredi,90:5,75,75111,0,0,2,1,3,1,1,4,2,05,1,1,020,160,1,0,1,4,2,55,1,1,2,00,2,8,19,201300052475B01,1,18,1