Num_Acc,date,an,mois,jour,hrmn,dep,com,lat,long,agg,int,col,lum,atm,catr,circ,nbv,prof,plan,lartpc,larrout,surf,infra,situ,grav,sexe,age,trajet,secuexist,equipement,obs,obsm,choc,manv,vehiculeid,typevehicules,manoeuvehicules,numVehicules
201300052487,2013-09-19,2013,septembre,jeudi,17:35,75,75111,0,0,2,1,2,1,1,4,2,01,1,1,000,080,1,0,1,4,1,23,5,1,2,00,0,0,17,201300052487B01,7,15,1
201300052490,2013-09-24,2013,septembre,mardi,85:5,75,75111,0,0,2,3,3,1,1,4,2,01,1,1,000,110,1,0,1,4,1,34,1,1,2,00,2,1,1,201300052490B01,14,22,1
201300052496,2013-09-27,2013,septembre,vendredi,13:05,75,75111,0,0,2,5,3,1,1,4,3,02,1,1,150,130,1,5,1,4,2,62,5,1,2,00,2,3,1,201300052496A01,13,1,1
201300052503,2013-10-01,2013,octobre,mardi,10:10,75,75111,0,0,2,3,3,1,1,4,2,01,1,1,000,100,1,0,1,4,2,25,0,1,2,00,2,1,1,201300052503B01,10,22,1
201300052519,2013-10-13,2013,octobre,dimanche,40:5,75,75111,0,0,2,1,2,5,1,4,2,02,1,1,000,000,1,0,1,4,1,25,5,1,4,00,2,4,1,201300052519A01,7,1,1
201300052522,2013-10-15,2013,octobre,mardi,74:5,75,75111,0,0,2,1,2,1,1,4,1,01,1,1,000,080,1,0,1,4,1,13,2,1,2,00,2,4,2,201300052522A01,10,23,1
201300052523,2013-10-15,2013,octobre,mardi,19:05,75,75111,0,0,2,2,3,3,1,4,1,01,1,1,000,045,1,0,1,4,1,44,1,1,2,00,2,1,1,201300052523B01,7,22,1
201300052529,2013-10-19,2013,octobre,samedi,15:30,75,75111,0,0,2,1,2,1,1,4,2,00,2,1,000,050,1,0,1,4,2,20,4,1,2,00,2,1,2,201300052529A01,7,23,1
201300052539,2013-10-28,2013,octobre,lundi,15:20,75,75111,0,0,2,3,3,1,1,4,2,02,1,1,000,070,1,0,1,3,1,30,1,1,2,00,0,8,19,201300052539A01,37,1,1
201300052547,2013-11-06,2013,novembre,mercredi,19:10,75,75111,0,0,2,2,6,5,1,4,1,01,1,1,150,060,1,0,1,4,1,21,1,1,2,00,0,1,21,201300052547A01,,,
201300052549,2013-11-09,2013,novembre,samedi,10:00,75,75111,0,0,2,2,3,1,1,4,1,01,2,1,000,050,1,0,1,4,1,38,0,1,2,00,2,7,5,201300052549A01,7,1,1
201300052555,2013-11-19,2013,novembre,mardi,5:,75,75111,0,0,2,2,2,5,1,4,3,01,1,1,160,080,1,0,1,4,1,30,0,1,2,01,0,8,16,201300052555B01,7,22,1
201300052557,2013-11-19,2013,novembre,mardi,17:55,75,75111,0,0,2,1,2,5,1,4,1,01,2,1,000,050,1,0,4,4,1,17,5,1,2,00,2,1,18,201300052557A01,32,16,1
201300052569,2013-12-06,2013,décembre,vendredi,83:0,75,75111,0,0,2,1,3,1,1,4,2,02,1,1,000,120,1,0,1,4,2,47,1,1,2,00,2,1,1,201300052569B01,7,9,1
201300052575,2013-12-13,2013,décembre,vendredi,91:5,75,75111,0,0,2,2,7,1,8,4,2,02,1,1,120,090,7,5,0,4,2,45,0,1,2,00,0,0,1,201300052575A01,,,
201300052597,2013-01-12,2013,janvier,samedi,11:00,75,75112,0,0,2,2,6,1,1,4,2,02,1,1,000,060,2,5,1,4,1,29,5,1,2,00,2,8,1,201300052597A01,37,17,1
201300052623,2013-01-31,2013,janvier,jeudi,18:30,75,75112,0,0,2,1,5,2,2,4,2,02,1,-1,140,140,2,0,1,4,1,33,1,1,2,00,2,3,19,201300052623B01,7/ 34,1,2
201300052634,2013-02-13,2013,février,mercredi,92:5,75,75112,0,0,2,2,6,1,1,4,2,02,1,1,000,070,1,0,1,4,1,31,4,1,2,00,2,6,1,201300052634A01,13,17,1
201300052637,2013-02-15,2013,février,vendredi,19:45,75,75112,0,0,2,4,2,3,1,4,2,02,1,1,000,080,1,0,1,1,1,61,5,1,2,00,2,8,2,201300052637B01,33,2,1
201300052641,2013-02-17,2013,février,dimanche,13:35,75,75112,0,0,2,4,3,1,1,4,2,04,1,1,000,140,1,0,1,4,2,28,5,1,2,00,2,8,15,201300052641A01,7,1,1
201300052662,2013-03-07,2013,mars,jeudi,15:45,75,75112,0,0,2,1,3,1,1,4,1,01,1,1,000,030,1,0,1,4,2,30,1,1,2,00,2,1,1,201300052662B01,7,22,1
201300052663,2013-03-07,2013,mars,jeudi,19:45,75,75112,0,0,2,2,3,5,1,4,1,01,1,1,000,065,1,0,1,4,1,38,1,1,2,00,2,8,1,201300052663A01,33,1,1
201300052685,2013-04-03,2013,avril,mercredi,18:00,75,75112,0,0,2,2,3,1,1,4,1,02,1,1,000,120,1,0,0,4,1,40,1,1,2,00,2,0,1,201300052685B01,7,15,1
201300052693,2013-04-17,2013,avril,mercredi,91:0,75,75112,0,0,2,7,2,1,1,4,1,01,1,3,000,000,1,0,5,4,1,76,5,1,2,01,9,4,1,201300052693A01,1,1,1
201300052693,2013-04-17,2013,avril,mercredi,91:0,75,75112,0,0,2,7,2,1,1,4,1,01,1,3,000,000,1,0,5,4,1,45,5,1,2,00,2,1,1,201300052693B01,1,1,1
201300052696,2013-04-18,2013,avril,jeudi,95:5,75,75112,0,0,2,1,6,1,1,4,1,02,1,-1,000,070,1,0,1,4,1,27,4,1,2,00,1,1,5,201300052696A01,,,
201300052698,2013-04-18,2013,avril,jeudi,23:10,75,75112,0,0,2,3,1,5,1,4,1,01,1,1,000,040,1,0,5,4,1,34,5,1,2,00,2,1,1,201300052698B01,7,15,1
201300052702,2013-04-20,2013,avril,samedi,93:0,75,75112,0,0,2,5,3,1,1,4,2,02,2,1,000,100,1,0,1,4,1,13,5,1,2,00,2,7,15,201300052702B01,7,1,1
201300052703,2013-04-21,2013,avril,dimanche,11:10,75,75112,0,0,2,3,7,1,1,4,-1,01,1,3,000,120,1,0,0,4,1,59,5,1,2,00,0,1,1,201300052703A01,,,
201300052704,2013-04-22,2013,avril,lundi,17:30,75,75112,0,0,2,1,3,1,1,4,1,01,2,1,000,040,1,0,1,4,2,40,1,1,2,00,2,1,1,201300052704B01,10,22,1
201300052707,2013-04-25,2013,avril,jeudi,10:25,75,75112,0,0,2,1,6,1,1,4,2,02,1,1,000,100,1,0,1,1,1,18,2,1,2,00,1,1,1,201300052707A01,,,
201300052723,2013-05-12,2013,mai,dimanche,16:00,75,75112,0,0,2,7,2,1,1,4,2,01,1,1,000,000,1,0,1,1,1,70,5,1,2,00,2,0,2,201300052723A01,1,23,1
201300052723,2013-05-12,2013,mai,dimanche,16:00,75,75112,0,0,2,7,2,1,1,4,2,01,1,1,000,000,1,0,1,4,2,4,5,1,2,00,2,0,23,201300052723B01,1,2,1
201300052745,2013-06-01,2013,juin,samedi,10:00,75,75112,0,0,2,1,3,1,1,4,-1,01,1,3,000,000,-1,0,5,4,1,47,5,1,2,00,2,1,1,201300052745B01,34,16,1
201300052746,2013-06-02,2013,juin,dimanche,18:00,75,75112,0,0,2,1,1,1,1,4,1,01,1,1,000,000,1,0,5,4,1,43,5,1,2,00,2,1,1,201300052746B01,1,5,1
201300052746,2013-06-02,2013,juin,dimanche,18:00,75,75112,0,0,2,1,1,1,1,4,1,01,1,1,000,000,1,0,5,1,1,37,5,1,2,00,2,1,5,201300052746A01,1,1,1
201300052755,2013-06-08,2013,juin,samedi,21:50,75,75112,0,0,2,2,3,5,1,4,2,02,1,1,000,100,1,0,1,4,1,19,5,1,2,00,2,1,17,201300052755A01,7,15,1
201300052756,2013-06-10,2013,juin,lundi,83:0,75,75112,0,0,2,1,3,1,8,4,2,02,2,1,000,070,1,0,5,4,1,56,1,1,2,00,2,1,1,201300052756B01,7,16,1
201300052762,2013-06-15,2013,juin,samedi,12:30,75,75112,0,0,2,1,7,1,1,4,2,04,2,1,000,000,1,0,1,4,2,55,1,1,2,00,0,0,1,201300052762A01,,,
201300052763,2013-06-16,2013,juin,dimanche,16:25,75,75112,0,0,2,1,6,1,1,4,1,01,1,1,000,030,1,0,1,1,1,74,5,1,2,00,1,1,1,201300052763A01,,,
201300052765,2013-06-18,2013,juin,mardi,17:35,75,75112,0,0,2,1,1,1,1,4,2,02,1,1,000,050,1,0,5,4,1,48,4,1,2,00,2,1,1,201300052765A01,1,1,1
201300052765,2013-06-18,2013,juin,mardi,17:35,75,75112,0,0,2,1,1,1,1,4,2,02,1,1,000,050,1,0,5,1,1,70,5,1,2,00,2,1,1,201300052765B01,1,1,1
201300052771,2013-06-20,2013,juin,jeudi,95:0,75,75112,0,0,2,1,7,1,1,4,1,01,1,1,000,080,1,0,1,4,2,27,9,1,2,00,0,1,21,201300052771A01,,,
201300052772,2013-06-21,2013,juin,vendredi,17:10,75,75112,0,0,2,1,5,1,1,4,1,08,1,1,000,300,1,1,1,1,1,24,1,1,2,00,2,1,13,201300052772B01,10,24,1
201300052772,2013-06-21,2013,juin,vendredi,17:10,75,75112,0,0,2,1,5,1,1,4,1,08,1,1,000,300,1,1,1,4,1,48,1,1,2,00,2,1,1,201300052772C01,10,24,1
201300052774,2013-06-26,2013,juin,mercredi,11:25,75,75112,0,0,2,2,2,1,1,4,1,03,1,1,000,120,1,5,1,4,2,33,5,1,2,00,2,1,1,201300052774A01,7,16,1
201300052776,2013-06-27,2013,juin,jeudi,21:15,75,75112,0,0,2,5,2,2,1,4,2,02,1,1,000,080,1,0,1,4,2,35,1,1,2,00,2,8,15,201300052776B01,32,17,1
201300052792,2013-07-15,2013,juillet,lundi,16:50,75,75112,0,0,2,4,1,1,1,4,2,02,2,2,000,000,1,0,5,4,2,24,5,1,2,00,2,1,17,201300052792A01,1,1,1
201300052792,2013-07-15,2013,juillet,lundi,16:50,75,75112,0,0,2,4,1,1,1,4,2,02,2,2,000,000,1,0,5,1,1,37,1,1,2,00,2,7,1,201300052792B01,1,17,1
201300052794,2013-07-16,2013,juillet,mardi,23:15,75,75112,0,0,2,2,3,3,1,4,2,02,1,1,000,060,1,0,1,4,1,18,0,1,2,00,2,1,19,201300052794B01,7,16,1
201300052797,2013-07-20,2013,juillet,samedi,17:45,75,75112,0,0,2,1,7,1,1,4,2,02,1,1,080,080,1,0,5,4,1,54,5,1,2,00,2,0,21,201300052797A01,,,
201300052798,2013-07-20,2013,juillet,samedi,22:30,75,75112,0,0,2,2,3,5,1,4,-1,01,1,-1,000,080,1,0,1,4,2,28,0,1,2,00,2,1,1,201300052798B01,7,1,1
201300052801,2013-07-24,2013,juillet,mercredi,17:00,75,75112,0,0,2,1,7,1,1,4,2,04,2,1,000,000,1,0,1,4,1,16,5,1,2,00,0,8,21,201300052801A01,,,
201300052813,2013-08-05,2013,août,lundi,12:05,75,75112,0,0,2,3,3,1,1,4,2,02,1,1,000,040,1,0,5,4,2,48,5,1,2,00,2,1,1,201300052813A01,7,15,1
201300052814,2013-08-04,2013,août,dimanche,19:41,75,75112,0,0,2,2,7,1,1,4,2,02,1,1,000,124,1,0,1,4,1,37,5,1,2,00,0,0,1,201300052814A01,,,
201300052817,2013-08-08,2013,août,jeudi,15:25,75,75112,0,0,2,3,3,1,1,4,2,02,1,1,000,015,1,0,5,4,1,44,5,1,2,00,2,1,1,201300052817B01,7,16,1
201300052823,2013-08-12,2013,août,lundi,20:40,75,75112,0,0,2,7,3,1,1,4,1,03,1,1,000,120,1,0,5,4,2,32,4,1,2,00,0,5,1,201300052823A01,7,16,1
201300052824,2013-08-14,2013,août,mercredi,16:20,75,75112,0,0,2,5,3,1,1,4,2,04,1,1,020,120,1,0,1,4,2,29,4,1,2,00,2,8,1,201300052824A01,38,16,1
201300052836,2013-08-28,2013,août,mercredi,18:00,75,75112,0,0,2,1,7,1,1,4,2,02,1,1,000,050,1,0,5,4,1,22,5,1,2,00,0,1,1,201300052836A01,,,
201300052842,2013-09-03,2013,septembre,mardi,18:55,75,75112,0,0,2,1,3,1,1,4,2,04,1,1,000,000,1,0,1,4,2,36,0,1,2,00,2,7,1,201300052842B01,7,22,1
201300052845,2013-09-08,2013,septembre,dimanche,22:00,75,75111,0,0,2,7,2,5,1,4,3,04,1,1,020,120,1,0,1,4,1,18,0,1,2,00,2,1,1,201300052845A01,7,23,1
201300052853,2013-09-17,2013,septembre,mardi,91:0,75,75112,0,0,2,1,2,1,1,4,2,02,1,1,000,105,1,0,1,1,1,38,0,1,2,00,2,6,15,201300052853B01,33,17,1
201300052856,2013-09-20,2013,septembre,vendredi,74:5,75,75111,0,0,2,3,3,1,1,4,1,01,1,1,000,060,1,0,1,4,1,15,2,1,2,00,2,1,15,201300052856A01,33,1,1
201300052857,2013-09-20,2013,septembre,vendredi,21:30,75,75112,0,0,2,2,3,5,1,4,1,01,1,1,000,030,1,0,4,4,1,44,0,1,2,00,2,1,1,201300052857B01,7,16,1
201300052863,2013-09-22,2013,septembre,dimanche,14:40,75,75112,0,0,2,2,3,1,1,4,1,03,1,1,000,107,1,0,1,4,1,58,5,1,2,00,2,4,15,201300052863B01,30,1,1
201300052863,2013-09-22,2013,septembre,dimanche,14:40,75,75112,0,0,2,2,3,1,1,4,1,03,1,1,000,107,1,0,1,4,2,7,5,1,2,00,2,4,15,201300052863B01,30,1,1
201300052865,2013-09-23,2013,septembre,lundi,14:55,75,75112,0,0,2,2,3,1,1,4,2,02,1,-1,000,050,1,0,1,4,2,25,5,1,2,00,2,3,1,201300052865B01,7,15,1
201300052869,2013-09-26,2013,septembre,jeudi,19:30,75,75112,0,0,2,1,1,5,1,4,2,02,1,1,000,100,1,0,1,4,2,46,0,1,2,00,2,0,1,201300052869B01,7,15,1
201300052876,2013-10-01,2013,octobre,mardi,18:00,75,75112,0,0,2,1,3,1,1,4,2,00,1,1,000,110,1,0,1,4,1,37,1,1,2,00,2,1,18,201300052876A01,7,22,1
201300052877,2013-10-02,2013,octobre,mercredi,12:15,75,75112,0,0,2,1,6,1,1,4,2,00,1,-1,000,000,1,6,4,1,1,15,5,1,2,00,1,1,1,201300052877A01,,,
201300052878,2013-10-02,2013,octobre,mercredi,12:50,75,75112,0,0,2,6,3,1,1,4,2,02,1,1,070,100,1,0,1,4,2,36,0,1,2,00,2,0,16,201300052878B01,10,16,1
201300052879,2013-10-03,2013,octobre,jeudi,10:40,75,75112,0,0,2,7,3,1,1,4,2,02,1,3,000,000,1,0,1,4,1,62,5,1,2,00,2,1,16,201300052879B01,7,16,1
201300052890,2013-10-14,2013,octobre,lundi,19:45,75,75112,0,0,2,1,3,5,2,4,2,03,1,1,000,120,2,0,1,4,2,22,9,1,2,00,2,1,1,201300052890B01,7,22,1
201300052891,2013-10-15,2013,octobre,mardi,92:0,75,75112,0,0,2,1,6,1,1,4,-1,01,1,1,000,000,1,0,1,4,1,63,1,1,2,08,0,1,1,201300052891A01,,,
201300052898,2013-10-21,2013,octobre,lundi,16:35,75,75112,0,0,2,3,3,1,1,4,2,02,1,1,000,050,1,0,1,4,2,75,9,1,2,00,2,8,1,201300052898B01,7,16,1
201300052899,2013-10-21,2013,octobre,lundi,17:00,75,75112,0,0,2,1,7,1,1,4,-1,02,2,1,000,025,1,0,5,4,1,13,5,1,2,00,0,0,1,201300052899A01,,,
201300052902,2013-10-25,2013,octobre,vendredi,12:25,75,75112,0,0,2,1,3,1,1,4,2,02,2,1,000,060,1,0,1,4,1,36,3,1,2,00,2,1,1,201300052902B01,10,22,1
201300052906,2013-10-31,2013,octobre,jeudi,10:30,75,75112,0,0,2,1,2,1,1,4,2,02,1,-1,000,100,1,0,1,4,1,51,1,1,2,01,0,1,1,201300052906B01,10,22,1
201300052910,2013-11-01,2013,novembre,vendredi,10:45,75,75112,0,0,2,1,3,1,2,4,2,02,1,1,000,100,2,0,1,4,1,30,5,1,2,00,2,1,1,201300052910B01,7,22,1
201300052917,2013-11-04,2013,novembre,lundi,19:25,75,75112,0,0,2,1,3,5,1,4,2,02,1,1,000,100,1,0,1,4,2,29,5,1,2,00,2,1,1,201300052917B01,7,15,1
201300052919,2013-11-05,2013,novembre,mardi,21:50,75,75112,0,0,2,1,3,5,1,4,2,01,1,1,000,080,1,0,5,3,2,28,5,1,2,00,2,8,1,201300052919B01,7,15,1
201300052933,2013-11-14,2013,novembre,jeudi,18:23,75,75112,0,0,2,1,6,5,2,4,2,04,1,1,000,120,2,0,1,4,2,31,1,1,2,01,0,1,21,201300052933A01,,,
201300052938,2013-11-15,2013,novembre,vendredi,18:45,75,75112,0,0,2,1,3,5,1,4,2,,2,1,000,100,1,0,1,4,1,44,1,1,2,00,2,8,17,201300052938B01,7,22,1
201300052948,2013-11-21,2013,novembre,jeudi,14:45,75,75112,0,0,2,2,6,1,1,4,2,02,4,1,000,000,1,5,1,4,1,25,5,1,2,01,2,5,1,201300052948A01,10,15,1
201300052951,2013-11-22,2013,novembre,vendredi,11:00,75,75112,0,0,2,2,3,1,1,4,2,02,1,1,000,080,1,0,1,4,2,39,0,1,2,00,2,3,19,201300052951B01,10,1,1
201300052952,2013-11-22,2013,novembre,vendredi,19:25,75,75112,0,0,2,3,3,5,1,4,2,02,1,1,000,020,1,0,5,4,1,30,5,1,2,00,2,1,5,201300052952B01,7,15,1
201300052978,2013-12-08,2013,décembre,dimanche,13:5,75,75112,0,0,2,3,2,5,1,4,1,01,1,1,000,040,1,0,1,4,2,21,5,1,2,00,0,8,1,201300052978B01,7,22,1
201300053003,2013-01-11,2013,janvier,vendredi,11:35,75,75113,0,0,2,2,6,1,1,4,2,01,1,1,080,080,1,0,1,4,2,49,1,1,2,00,1,8,1,201300053003A01,,,
201300053009,2013-01-17,2013,janvier,jeudi,15:35,75,75113,0,0,2,5,3,1,1,4,2,02,1,1,000,100,1,0,1,4,1,25,1,1,2,00,2,1,1,201300053009B01,7,15,1
201300053013,2013-01-25,2013,janvier,vendredi,90:0,75,75113,0,0,2,1,3,1,1,4,2,01,1,1,000,050,1,0,1,4,2,64,4,1,2,00,2,2,1,201300053013B01,7,22,1
201300053014,2013-01-28,2013,janvier,lundi,85:0,75,75113,0,0,2,3,3,1,1,4,1,02,1,1,000,000,2,0,5,4,2,54,1,1,2,00,2,1,1,201300053014B01,10,16,1
201300053019,2013-01-31,2013,janvier,jeudi,19:40,75,75113,0,0,2,5,7,5,1,4,2,02,2,1,000,060,2,0,1,4,1,37,0,1,2,00,0,0,21,201300053019A01,,,
201300053031,2013-02-08,2013,février,vendredi,13:00,75,75113,0,0,2,2,6,1,1,4,2,06,1,1,000,000,1,0,0,1,1,23,2,1,2,00,1,1,17,201300053031A01,,,
201300053039,2013-02-16,2013,février,samedi,20:5,75,75113,0,0,2,1,5,5,1,4,2,02,2,1,000,050,1,0,1,1,1,40,1,1,2,00,2,1,8,201300053039B01,37/ 30,8/7,2
201300053043,2013-02-22,2013,février,vendredi,10:10,75,75113,0,0,2,1,2,1,1,4,1,01,1,1,000,030,1,0,1,4,1,34,1,1,2,01,0,1,1,201300053043B01,10,22,1
201300053058,2013-03-24,2013,mars,dimanche,15:10,75,75113,0,0,2,1,2,1,1,4,1,01,1,1,000,050,1,0,1,4,1,56,3,1,2,01,0,1,1,201300053058B01,7,22,1
201300053063,2013-03-30,2013,mars,samedi,14:10,75,75113,0,0,2,1,2,1,1,4,2,02,1,1,000,075,1,0,0,4,1,15,5,1,2,00,0,7,7,201300053063B01,37,7,1
201300053084,2013-04-22,2013,avril,lundi,17:30,75,75113,0,0,2,1,3,1,1,4,2,02,2,1,000,000,1,0,1,4,1,51,1,1,2,00,2,1,1,201300053084B01,10,22,1
201300053094,2013-05-14,2013,mai,mardi,17:40,75,75113,0,0,2,2,6,1,1,4,1,01,3,1,030,030,1,0,5,4,1,44,1,1,2,06,2,1,1,201300053094A01,7,1,1
201300053098,2013-05-18,2013,mai,samedi,11:40,75,75113,0,0,2,2,3,1,1,4,1,01,1,3,000,096,1,0,1,4,1,29,5,1,2,00,2,1,7,201300053098A01,37,15,1
201300053114,2013-06-07,2013,juin,vendredi,14:35,75,75113,0,0,2,7,6,1,1,4,1,02,1,1,000,105,1,0,1,1,1,33,1,1,2,00,1,8,1,201300053114A01,,,
201300053122,2013-06-12,2013,juin,mercredi,18:00,75,75113,0,0,2,3,3,1,1,4,1,02,2,1,000,075,1,0,1,4,1,35,4,1,2,00,2,1,11,201300053122A01,7,1,1
201300053151,2013-07-08,2013,juillet,lundi,17:40,75,75113,0,0,2,1,6,1,1,4,2,03,1,1,000,150,1,0,5,4,1,55,1,1,2,12,2,0,1,201300053151B01,7,13,1
201300053156,2013-07-11,2013,juillet,jeudi,75:5,75,75113,0,0,2,2,6,1,1,4,2,04,1,1,000,140,1,0,5,1,2,41,1,1,2,00,1,1,1,201300053156A01,,,
201300053160,2013-07-15,2013,juillet,lundi,16:15,75,75113,0,0,2,3,3,1,1,4,2,02,1,1,000,070,1,0,1,4,1,24,5,1,2,00,2,1,13,201300053160A01,31,17,1
201300053168,2013-07-23,2013,juillet,mardi,18:35,75,75113,0,0,2,1,2,1,1,4,2,03,1,1,000,090,1,0,1,4,1,22,5,1,2,01,0,0,1,201300053168B01,7,22,1
201300053172,2013-07-29,2013,juillet,lundi,22:40,75,75113,0,0,2,5,3,5,1,4,-1,00,1,1,000,000,1,0,5,4,1,29,0,1,2,00,2,1,1,201300053172A01,7,15,1
201300053177,2013-08-02,2013,août,vendredi,20:10,75,75113,0,0,2,5,2,1,1,4,-1,01,1,1,000,000,1,0,0,4,1,48,5,1,2,00,2,2,2,201300053177A01,7,23,1
201300053189,2013-08-20,2013,août,mardi,14:10,75,75113,0,0,2,5,7,1,1,4,2,02,1,1,140,140,1,0,1,4,1,63,5,1,2,00,0,8,1,201300053189A01,,,
201300053195,2013-08-29,2013,août,jeudi,19:45,75,75113,0,0,2,1,3,1,1,4,1,02,2,1,000,080,9,0,1,4,1,70,1,1,2,00,2,1,1,201300053195B01,33,16,1
201300053198,2013-09-06,2013,septembre,vendredi,85:0,75,75105,0,0,2,2,3,1,2,4,1,03,1,1,000,100,2,0,1,4,1,22,1,1,2,00,2,1,7,201300053198B01,7,16,1
201300053199,2013-09-06,2013,septembre,vendredi,17:50,75,75113,0,0,2,3,6,1,1,4,1,03,2,1,100,080,2,0,5,4,1,35,5,1,2,00,2,1,1,201300053199A01,7,16,1
201300053200,2013-09-08,2013,septembre,dimanche,19:15,75,75113,0,0,2,2,1,1,1,4,2,02,1,1,000,000,1,0,1,4,1,40,0,1,2,00,2,8,1,201300053200B01,7,10,1
201300053203,2013-09-10,2013,septembre,mardi,23:10,75,75113,0,0,2,2,7,5,1,4,1,01,2,1,000,053,1,0,1,3,1,22,5,1,2,00,0,1,1,201300053203A01,,,
201300053206,2013-09-13,2013,septembre,vendredi,11:40,75,75113,0,0,2,1,3,1,2,4,1,02,1,1,100,100,2,0,4,4,1,41,0,1,2,00,2,1,15,201300053206A01,7,1,1
201300053214,2013-09-16,2013,septembre,lundi,18:20,75,75113,0,0,2,1,3,1,2,4,1,02,1,-1,050,050,2,0,1,4,1,21,5,1,2,00,2,2,1,201300053214A01,10,16,1
201300053219,2013-09-20,2013,septembre,vendredi,22:57,75,75113,0,0,2,1,7,5,1,4,2,02,1,1,000,000,1,0,1,4,1,36,0,1,2,00,0,1,1,201300053219A01,,,
201300053220,2013-09-22,2013,septembre,dimanche,17:20,75,75113,0,0,2,1,3,1,1,4,-1,04,-1,-1,001,052,1,0,5,4,2,23,5,1,2,00,2,1,1,201300053220A01,7,16,1
201300053222,2013-09-24,2013,septembre,mardi,90:0,75,75113,0,0,2,5,3,1,1,4,-1,02,1,1,000,000,1,0,1,4,1,46,1,1,2,00,2,8,1,201300053222B01,7,15,1
201300053227,2013-09-25,2013,septembre,mercredi,18:00,75,75113,0,0,2,3,1,1,1,4,2,03,1,1,000,000,1,0,1,4,1,52,1,1,2,00,0,1,1,201300053227B01,7,15,1
201300053247,2013-10-09,2013,octobre,mercredi,23:00,75,75113,0,0,2,7,3,5,1,4,1,01,1,2,000,000,1,0,1,4,1,19,5,1,2,00,2,1,7,201300053247B01,7,16,1
201300053250,2013-10-11,2013,octobre,vendredi,75:0,75,75113,0,0,2,1,6,1,2,4,2,01,1,1,000,120,2,0,5,4,1,20,1,1,2,00,1,1,1,201300053250A01,,,
201300053256,2013-10-15,2013,octobre,mardi,20:30,75,75113,0,0,2,1,6,5,1,4,2,02,2,1,000,130,1,0,1,4,1,33,1,1,2,00,1,1,1,201300053256A01,,,
201300053265,2013-10-09,2013,octobre,mercredi,11:35,75,75113,0,0,2,1,3,1,1,4,2,02,1,1,000,100,1,0,1,3,1,53,0,1,2,00,2,1,1,201300053265B01,7,22,1
201300053272,2013-10-30,2013,octobre,mercredi,12:45,75,75113,0,0,2,1,2,1,1,4,1,02,1,1,100,100,1,0,1,4,2,46,0,1,2,01,0,1,1,201300053272B01,7,22,1
201300053280,2013-11-02,2013,novembre,samedi,80:0,75,75113,0,0,2,3,3,1,2,4,1,01,2,1,000,035,2,0,0,4,1,67,5,1,2,00,2,2,15,201300053280A01,10,1,1
201300053285,2013-11-06,2013,novembre,mercredi,84:5,75,75113,0,0,2,5,3,1,1,4,1,01,1,-1,000,000,2,0,1,4,2,20,2,1,2,00,0,4,16,201300053285B01,13,16,1
201300053288,2013-11-09,2013,novembre,samedi,11:15,75,75113,0,0,2,1,6,1,1,4,1,01,2,1,000,000,1,0,4,4,1,38,0,1,2,00,1,1,21,201300053288A01,,,
201300053291,2013-11-10,2013,novembre,dimanche,30:0,75,75113,0,0,2,3,6,5,3,4,2,01,1,1,000,000,2,0,1,4,1,49,0,1,2,00,2,1,1,201300053291B01,7,9,1
201300053294,2013-11-13,2013,novembre,mercredi,14:15,75,75113,0,0,2,3,2,1,1,4,2,02,2,1,000,090,1,0,1,4,1,77,5,1,2,00,2,3,1,201300053294B01,7,17,1
201300053307,2013-11-23,2013,novembre,samedi,17:47,75,75113,0,0,2,2,2,5,1,4,2,01,1,1,000,015,1,0,5,4,1,49,5,1,2,01,0,2,1,201300053307B01,10,22,1
201300053308,2013-11-25,2013,novembre,lundi,19:30,75,75113,0,0,2,2,2,5,1,4,-1,02,1,1,000,050,1,0,0,4,1,45,1,1,2,00,2,1,1,201300053308A01,7,16,1
201300053324,2013-12-14,2013,décembre,samedi,10:15,75,75113,0,0,2,7,3,1,1,4,2,04,2,1,000,120,2,1,1,1,2,34,5,1,2,00,2,1,1,201300053324B01,7,16,1
201300053324,2013-12-14,2013,décembre,samedi,10:15,75,75113,0,0,2,7,3,1,1,4,2,04,2,1,000,120,2,1,1,4,2,3,5,1,2,00,2,1,1,201300053324B01,7,16,1
201300053338,2013-12-20,2013,décembre,vendredi,20:45,75,75113,0,0,2,3,3,5,1,4,2,02,1,1,000,080,1,0,1,4,1,29,5,1,2,00,2,3,18,201300053338A01,37,16,1
201300053340,2013-12-23,2013,décembre,lundi,12:50,75,75113,0,0,2,2,3,1,1,4,2,04,2,1,000,100,2,0,1,4,1,62,5,1,2,00,2,3,1,201300053340B01,7,15,1
201300053345,2013-12-29,2013,décembre,dimanche,13:05,75,75113,0,0,2,1,2,1,2,4,1,02,1,1,000,090,1,0,1,4,1,24,0,1,2,01,0,1,1,201300053345A01,7,23,1
201300053349,2013-01-07,2013,janvier,lundi,10:05,75,75114,0,0,2,3,3,1,1,4,2,02,2,1,000,070,1,0,1,4,2,30,1,1,2,00,2,1,19,201300053349B01,7,1,1
201300053360,2013-01-21,2013,janvier,lundi,18:30,75,75114,0,0,2,5,3,5,4,4,2,04,1,-1,000,100,5,0,1,3,2,61,1,1,2,00,2,1,1,201300053360A01,7,1,1
201300053366,2013-02-03,2013,février,dimanche,10:30,75,75114,0,0,2,1,3,1,1,4,2,01,1,1,000,000,5,0,5,4,1,48,5,1,2,00,2,1,1,201300053366B01,7,9,1
201300053373,2013-02-07,2013,février,jeudi,82:0,75,75114,0,0,2,3,6,1,2,4,3,02,1,1,000,100,2,0,1,4,2,52,1,1,2,00,2,6,1,201300053373A01,7,1,1