Num_Acc,date,an,mois,jour,hrmn,dep,com,lat,long,agg,int,col,lum,atm,catr,circ,nbv,prof,plan,lartpc,larrout,surf,infra,situ,grav,sexe,age,trajet,secuexist,equipement,obs,obsm,choc,manv,vehiculeid,typevehicules,manoeuvehicules,numVehicules
201300053387,2013-02-26,2013,février,mardi,11:50,75,75114,0,0,2,2,2,1,1,4,3,01,1,1,120,100,1,0,1,1,1,41,1,1,2,00,2,4,23,201300053387B01,30,1,1
201300053401,2013-03-21,2013,mars,jeudi,65:0,75,75114,0,0,2,1,6,2,1,4,1,01,1,1,000,070,1,0,5,4,1,35,1,1,2,00,5,1,1,201300053401A01,,,
201300053414,2013-04-05,2013,avril,vendredi,82:5,75,75114,0,0,2,2,7,1,1,4,1,01,1,1,000,060,1,0,1,4,2,27,2,1,2,00,0,8,1,201300053414A01,,,
201300053419,2013-04-15,2013,avril,lundi,18:05,75,75114,0,0,2,2,3,1,1,4,3,02,1,-1,000,080,1,0,1,1,2,30,1,1,2,00,2,4,1,201300053419B01,1,15,1
201300053419,2013-04-15,2013,avril,lundi,18:05,75,75114,0,0,2,2,3,1,1,4,3,02,1,-1,000,080,1,0,1,4,1,43,1,1,2,00,2,1,15,201300053419A01,1,1,1
201300053428,2013-04-23,2013,avril,mardi,14:30,75,75114,0,0,2,3,2,1,1,4,1,01,1,1,000,060,1,0,1,4,2,17,5,1,2,00,2,7,1,201300053428B01,10,1,1
201300053430,2013-04-25,2013,avril,jeudi,13:50,75,75114,0,0,2,7,3,1,1,4,1,04,1,-1,000,100,1,0,5,4,1,37,0,1,2,00,2,1,1,201300053430A01,7,16,1
201300053437,2013-05-16,2013,mai,jeudi,17:20,75,75114,0,0,2,7,7,1,2,4,2,00,1,1,000,000,2,0,1,4,1,24,0,1,2,00,0,0,1,201300053437A01,,,
201300053447,2013-05-28,2013,mai,mardi,17:25,75,75114,0,0,2,3,3,1,1,4,2,02,1,1,000,079,1,0,5,4,1,18,2,1,2,00,2,0,7,201300053447A01,7,16,1
201300053451,2013-06-03,2013,juin,lundi,18:45,75,75114,0,0,2,7,2,1,1,4,1,01,1,1,000,150,1,0,1,3,1,54,1,1,2,00,2,4,17,201300053451B01,7,1,1
201300053452,2013-06-04,2013,juin,mardi,83:5,75,75114,0,0,2,1,3,1,1,4,2,05,1,1,000,000,1,0,1,4,2,54,0,1,2,00,2,1,1,201300053452B01,10,22,1
201300053460,2013-06-06,2013,juin,jeudi,90:0,75,75114,0,0,2,1,5,1,1,4,2,04,-1,1,000,110,1,0,1,3,1,41,0,1,2,00,2,1,7,201300053460A01,7,15/23,2
201300053464,2013-06-12,2013,juin,mercredi,19:20,75,75114,0,0,2,3,6,1,8,4,1,01,1,1,000,060,1,0,1,1,1,23,1,1,2,00,1,2,1,201300053464A01,,,
201300053473,2013-06-20,2013,juin,jeudi,10:45,75,75114,0,0,2,2,1,1,2,4,3,02,1,1,000,000,2,0,1,4,1,25,1,1,2,00,2,1,1,201300053473B01,7,15,1
201300053474,2013-06-20,2013,juin,jeudi,18:30,75,75114,0,0,2,1,6,1,1,4,2,01,1,1,000,030,1,6,5,1,1,6,5,1,2,00,1,4,1,201300053474A01,,,
201300053476,2013-06-23,2013,juin,dimanche,13:50,75,75114,0,0,2,2,3,1,1,4,1,03,1,1,000,060,1,0,1,4,2,32,5,1,2,00,2,8,7,201300053476B01,7,16,1
201300053483,2013-07-05,2013,juillet,vendredi,90:0,75,75114,0,0,2,1,3,1,1,4,1,02,2,-1,000,080,1,0,1,4,2,51,1,1,2,00,2,1,1,201300053483B01,7,22,1
201300053507,2013-08-10,2013,août,samedi,17:50,75,75114,0,0,2,1,7,1,1,4,2,02,2,1,000,060,1,0,1,4,2,75,5,1,2,00,0,0,1,201300053507A01,,,
201300053511,2013-08-19,2013,août,lundi,14:20,75,75114,0,0,2,4,3,1,1,4,2,04,1,1,008,150,1,0,1,4,1,53,0,1,2,00,2,8,1,201300053511B01,7,14,1
201300053515,2013-08-22,2013,août,jeudi,19:05,75,75114,0,0,2,3,3,1,1,4,1,01,1,1,000,060,1,0,1,4,1,15,5,1,2,00,2,8,19,201300053515B01,7,1,1
201300053517,2013-08-27,2013,août,mardi,83:0,75,75114,0,0,2,5,2,1,1,4,-1,01,-1,-1,000,050,1,0,1,4,2,32,1,1,2,00,2,4,15,201300053517B01,7,15,1
201300053535,2013-09-17,2013,septembre,mardi,18:45,75,75114,0,0,2,1,3,1,2,4,1,03,1,1,000,090,2,0,1,4,1,57,9,1,2,00,0,4,1,201300053535B01,7,12,1
201300053542,2013-09-26,2013,septembre,jeudi,92:0,75,75114,0,0,2,1,6,1,1,4,1,01,1,1,000,060,1,0,1,4,1,35,1,1,2,00,1,1,5,201300053542A01,,,
201300053545,2013-09-27,2013,septembre,vendredi,23:05,75,75114,0,0,2,5,3,5,1,4,2,04,1,-1,020,120,1,0,1,4,1,23,0,1,2,00,2,1,1,201300053545B01,7,10,1
201300053549,2013-09-30,2013,septembre,lundi,16:45,75,75114,0,0,2,3,2,1,1,4,1,01,4,1,000,070,1,0,5,4,1,71,0,1,2,00,2,8,7,201300053549B01,37,17,1
201300053557,2013-10-07,2013,octobre,lundi,15:45,75,75114,0,0,2,1,2,1,1,4,2,04,1,1,000,000,1,0,1,4,2,66,5,1,2,01,0,8,1,201300053557B01,7,22,1
201300053559,2013-10-08,2013,octobre,mardi,12:15,75,75114,0,0,2,1,3,1,1,4,2,01,2,3,000,070,1,0,1,4,2,31,5,1,2,00,2,7,17,201300053559B01,10,22,1
201300053562,2013-10-11,2013,octobre,vendredi,30:,75,75114,0,0,2,7,3,5,9,4,2,02,1,-1,000,105,1,0,1,4,2,28,0,1,2,00,2,7,7,201300053562B01,7,7,1
201300053563,2013-10-11,2013,octobre,vendredi,84:0,75,75114,0,0,2,7,3,1,2,4,2,05,1,-1,000,200,2,0,1,4,2,25,1,1,2,00,2,3,1,201300053563B01,7,16,1
201300053564,2013-10-15,2013,octobre,mardi,90:0,75,75114,0,0,2,3,6,1,1,4,-1,01,1,1,000,000,1,0,4,1,1,30,1,1,2,00,1,2,1,201300053564A01,,,
201300053569,2013-10-18,2013,octobre,vendredi,10:50,75,75114,0,0,2,3,6,1,8,4,1,01,1,1,000,035,1,0,1,4,1,24,1,1,2,01,0,8,1,201300053569A01,,,
201300053570,2013-10-18,2013,octobre,vendredi,11:55,75,75114,0,0,2,1,2,1,1,4,2,04,1,1,000,220,1,0,1,4,1,50,0,1,2,00,0,4,1,201300053570B01,32,1,1
201300053595,2013-11-14,2013,novembre,jeudi,15:05,75,75114,0,0,2,1,6,2,1,4,1,00,1,-1,000,000,2,0,1,1,2,37,0,1,2,00,1,1,5,201300053595A01,,,
201300053618,2013-12-12,2013,décembre,jeudi,11:15,75,75114,0,0,2,1,7,1,1,4,2,01,2,1,000,080,1,0,1,4,2,86,5,1,2,00,0,0,21,201300053618A01,,,
201300053647,2013-01-27,2013,janvier,dimanche,25:0,75,75115,0,0,2,1,6,5,1,4,1,02,1,1,100,100,1,0,1,4,1,40,0,1,2,00,2,5,2,201300053647A01,7,2,1
201300053648,2013-01-27,2013,janvier,dimanche,19:15,75,75115,0,0,2,2,3,5,1,4,1,01,1,1,000,035,1,0,1,4,1,31,0,1,2,00,2,1,1,201300053648B01,7,1,1
201300053680,2013-03-05,2013,mars,mardi,85:5,75,75115,0,0,2,7,6,1,1,4,-1,01,2,1,000,025,1,0,4,1,1,34,1,1,2,00,1,1,1,201300053680A01,,,
201300053691,2013-03-28,2013,mars,jeudi,11:35,75,75107,0,0,2,5,3,1,8,4,2,06,1,1,000,260,1,0,1,4,1,13,2,1,2,00,2,4,15,201300053691B01,10,13,1
201300053698,2013-04-11,2013,avril,jeudi,85:0,75,75115,0,0,2,1,6,1,1,4,1,03,1,1,000,080,1,0,1,1,1,50,1,1,2,00,1,1,1,201300053698A01,,,
201300053699,2013-04-11,2013,avril,jeudi,10:00,75,75115,0,0,2,1,2,1,1,4,1,01,1,-1,000,036,1,0,1,4,1,71,1,1,2,00,0,0,1,201300053699B01,7,17,1
201300053705,2013-04-20,2013,avril,samedi,11:35,75,75115,0,0,2,1,3,1,1,4,1,01,-1,1,000,050,1,0,5,4,2,43,3,1,2,12,2,1,1,201300053705B01,7,22,1
201300053728,2013-05-21,2013,mai,mardi,23:00,75,75115,0,0,2,2,3,5,1,4,2,02,1,1,000,090,2,5,1,4,2,25,9,1,2,00,2,1,1,201300053728A01,32,1,1
201300053729,2013-05-22,2013,mai,mercredi,11:55,75,75115,0,0,2,1,7,1,1,4,1,01,1,1,000,080,9,0,5,4,1,24,4,1,2,00,0,6,1,201300053729A01,,,
201300053740,2013-05-31,2013,mai,vendredi,16:45,75,75115,0,0,2,1,6,1,1,4,1,01,1,-1,000,013,1,0,5,1,1,20,0,1,2,00,1,0,5,201300053740A01,,,
201300053745,2013-06-03,2013,juin,lundi,92:0,75,75115,0,0,2,1,3,1,1,4,-1,02,2,1,020,100,1,5,1,4,2,38,1,1,2,00,2,8,19,201300053745B01,31,1,1
201300053749,2013-06-04,2013,juin,mardi,19:35,75,75115,0,0,2,7,6,1,1,4,2,00,1,1,000,100,1,0,1,1,2,26,0,1,2,00,1,1,1,201300053749A01,,,
201300053752,2013-06-07,2013,juin,vendredi,14:20,75,75115,0,0,2,7,3,1,1,4,2,03,-1,-1,000,100,1,0,1,4,1,16,1,1,2,00,2,7,15,201300053752B01,31,1,1
201300053755,2013-06-10,2013,juin,lundi,13:10,75,75115,0,0,2,1,3,1,1,4,1,01,1,1,000,040,1,0,5,4,1,21,2,1,2,00,2,1,1,201300053755B01,7,16,1
201300053758,2013-06-13,2013,juin,jeudi,11:20,75,75115,0,0,2,1,6,1,2,4,1,01,1,1,000,030,2,0,1,4,2,52,5,1,2,01,2,8,1,201300053758A01,7,17,1
201300053759,2013-06-13,2013,juin,jeudi,18:10,75,75115,0,0,2,1,3,1,1,4,2,02,2,1,000,130,1,0,1,4,2,22,5,1,2,00,2,3,1,201300053759B01,7,17,1
201300053783,2013-07-07,2013,juillet,dimanche,12:00,75,75115,0,0,2,1,3,1,1,4,1,01,1,1,000,000,1,0,5,4,1,48,5,1,2,00,2,1,1,201300053783B01,7,16,1
201300053796,2013-07-19,2013,juillet,vendredi,16:50,75,75115,0,0,2,1,3,1,1,4,2,00,1,1,000,105,1,0,1,4,1,16,5,1,2,01,0,8,18,201300053796B01,37,18,1
201300053799,2013-07-23,2013,juillet,mardi,15:00,75,75115,0,0,2,1,2,1,2,4,2,02,1,1,000,060,2,0,1,4,1,25,1,1,2,00,2,1,1,201300053799A01,7,20,1
201300053804,2013-07-27,2013,juillet,samedi,13:25,75,75115,0,0,2,7,3,1,1,4,1,02,1,2,000,090,1,0,1,4,2,62,1,1,2,00,2,8,19,201300053804B01,10,1,1
201300053811,2013-08-01,2013,août,jeudi,20:25,75,75115,0,0,2,1,2,1,1,4,1,02,2,1,000,060,1,0,1,4,1,38,5,1,2,00,2,6,2,201300053811A01,14,23,1
201300053815,2013-08-08,2013,août,jeudi,91:5,75,75115,0,0,2,3,3,1,1,4,1,03,1,-1,000,085,1,5,1,4,2,35,1,1,2,00,2,4,14,201300053815B01,31,1,1
201300053817,2013-08-11,2013,août,dimanche,12:45,75,75115,0,0,2,1,2,1,1,4,2,02,1,1,000,060,1,0,1,1,1,55,0,1,2,01,2,1,1,201300053817B01,7,22,1
201300053822,2013-08-20,2013,août,mardi,18:25,75,75115,0,0,2,2,1,1,1,4,2,04,1,1,050,150,1,0,1,4,1,25,0,1,2,00,2,1,1,201300053822B01,7,15,1
201300053829,2013-08-28,2013,août,mercredi,20:10,75,75115,0,0,2,1,3,2,1,4,-1,01,1,1,000,000,1,0,0,4,1,31,1,1,2,00,2,4,13,201300053829B01,34,17,1
201300053834,2013-09-02,2013,septembre,lundi,84:0,75,75115,0,0,2,7,3,1,1,4,2,03,1,1,000,180,1,0,0,4,2,30,1,1,2,00,2,1,1,201300053834A01,7,12,1
201300053841,2013-09-06,2013,septembre,vendredi,10:05,75,75115,0,0,2,2,3,1,2,4,2,02,1,1,000,000,1,0,1,4,1,88,5,1,2,00,2,2,15,201300053841A01,7,1,1
201300053849,2013-09-11,2013,septembre,mercredi,19:15,75,75115,0,0,2,7,3,2,1,4,1,01,1,1,000,000,1,0,1,4,1,53,0,1,2,00,2,1,1,201300053849B01,7,15,1
201300053859,2013-09-21,2013,septembre,samedi,18:25,75,75115,0,0,2,2,3,1,1,4,2,02,1,-1,000,000,1,0,1,4,1,18,5,1,2,00,2,1,1,201300053859B01,7,15,1
201300053860,2013-09-22,2013,septembre,dimanche,17:10,75,75115,0,0,2,3,3,1,1,4,2,05,-1,-1,000,000,-1,0,1,4,2,26,5,1,2,00,2,8,14,201300053860A01,1,1,1
201300053860,2013-09-22,2013,septembre,dimanche,17:10,75,75115,0,0,2,3,3,1,1,4,2,05,-1,-1,000,000,-1,0,1,1,1,25,5,1,2,00,2,7,1,201300053860B01,1,14,1
201300053863,2013-09-25,2013,septembre,mercredi,81:0,75,75115,0,0,2,3,2,1,1,4,2,02,1,1,000,080,1,0,1,4,1,16,2,1,2,01,0,1,18,201300053863A01,7,22,1
201300053866,2013-09-26,2013,septembre,jeudi,18:40,75,75115,0,0,2,1,2,1,1,4,1,01,1,-1,000,000,1,0,1,4,1,38,0,1,2,01,2,2,1,201300053866B01,7,22,1
201300053867,2013-09-27,2013,septembre,vendredi,91:0,75,75115,0,0,2,1,3,1,1,4,1,01,1,1,000,000,1,0,1,4,1,49,0,1,2,00,2,1,1,201300053867B01,7,22,1
201300053868,2013-09-27,2013,septembre,vendredi,17:00,75,75115,0,0,2,3,3,1,1,4,1,00,1,1,000,090,1,0,1,4,2,33,1,1,2,00,2,1,7,201300053868B01,7,22,1
201300053896,2013-10-24,2013,octobre,jeudi,15:05,75,75115,0,0,2,1,3,1,1,4,1,01,1,1,000,105,1,0,1,4,1,82,0,1,2,00,2,2,7,201300053896B01,7,22,1
201300053901,2013-10-28,2013,octobre,lundi,19:05,75,75115,0,0,2,1,2,5,1,4,2,06,2,1,000,000,1,0,1,4,2,56,0,1,2,00,2,4,1,201300053901B01,7,1,1
201300053904,2013-10-29,2013,octobre,mardi,18:10,75,75115,0,0,2,1,7,5,1,4,2,04,1,1,000,000,1,0,5,4,1,53,0,1,2,00,0,1,1,201300053904A01,,,
201300053906,2013-11-02,2013,novembre,samedi,12:58,75,75115,0,0,2,5,7,1,2,4,-1,02,2,-1,000,000,2,0,1,4,2,39,0,1,2,00,0,0,1,201300053906A01,,,
201300053921,2013-11-15,2013,novembre,vendredi,80:0,75,75115,0,0,2,5,3,1,1,4,1,02,1,1,000,000,1,0,1,4,1,20,2,1,2,00,2,1,1,201300053921B01,7,15,1
201300053949,2013-12-09,2013,décembre,lundi,12:05,75,75115,0,0,2,1,3,1,1,4,2,04,1,-1,000,000,-1,0,5,4,1,34,4,1,2,00,2,8,1,201300053949B01,7,16,1
201300053957,2013-12-17,2013,décembre,mardi,12:55,75,75115,0,0,2,7,6,1,1,4,1,02,1,1,090,070,1,5,1,3,2,22,5,1,2,00,2,4,1,201300053957B01,10,18,1
201300054018,2013-02-14,2013,février,jeudi,18:45,75,75116,0,0,2,1,6,5,2,4,2,01,1,1,080,160,2,0,4,4,1,34,5,1,2,12,0,1,14,201300054018A01,,,
201300054023,2013-02-20,2013,février,mercredi,17:35,75,75116,0,0,2,1,6,2,1,4,1,00,1,2,000,000,1,0,1,4,1,16,5,1,2,00,2,1,1,201300054023A01,7,23,1
201300054057,2013-03-20,2013,mars,mercredi,20:40,75,75116,0,0,2,7,3,5,1,4,1,01,1,2,000,000,1,0,1,4,2,50,5,1,2,00,2,2,16,201300054057A01,7,1,1
201300054069,2013-04-02,2013,avril,mardi,91:0,75,75116,0,0,2,1,3,1,1,4,-1,02,1,1,000,000,1,0,1,4,1,39,4,1,2,00,2,1,1,201300054069B01,10,22,1
201300054070,2013-04-02,2013,avril,mardi,20:10,75,75116,0,0,2,1,7,1,1,4,1,01,1,2,025,050,1,0,5,4,1,60,5,1,2,00,0,0,1,201300054070A01,,,
201300054089,2013-04-25,2013,avril,jeudi,20:00,75,75116,0,0,2,1,3,1,1,4,1,01,1,3,000,000,1,0,1,4,1,37,0,1,2,00,2,0,1,201300054089B01,1,14,1
201300054089,2013-04-25,2013,avril,jeudi,20:00,75,75116,0,0,2,1,3,1,1,4,1,01,1,3,000,000,1,0,1,4,1,28,0,1,2,00,2,0,14,201300054089A01,1,1,1
201300054101,2013-05-05,2013,mai,dimanche,30:0,75,75116,0,0,2,7,3,5,1,4,2,00,1,1,000,000,1,0,1,4,2,22,5,1,2,00,2,4,1,201300054101A01,7,1,1
201300054105,2013-05-08,2013,mai,mercredi,18:50,75,75116,0,0,2,1,6,1,1,4,2,01,1,1,000,000,1,0,1,4,2,21,5,1,2,08,0,1,13,201300054105A01,,,
201300054111,2013-05-15,2013,mai,mercredi,10:25,75,75116,0,0,2,1,2,1,1,4,-1,02,1,1,000,000,1,0,5,4,1,44,5,1,2,00,2,1,2,201300054111B01,13,23,1
201300054145,2013-06-06,2013,juin,jeudi,17:50,75,75116,0,0,2,1,3,1,1,4,2,02,2,1,000,000,1,0,1,4,2,38,1,1,2,00,2,7,1,201300054145B01,7,22,1
201300054147,2013-06-07,2013,juin,vendredi,90:0,75,75116,0,0,2,1,6,1,1,4,1,01,1,-1,020,050,9,0,5,4,1,49,5,1,2,00,0,3,1,201300054147A01,,,
201300054160,2013-06-13,2013,juin,jeudi,13:00,75,75116,0,0,2,1,6,1,2,4,-1,01,1,2,000,000,2,6,1,4,1,52,9,1,2,00,5,7,1,201300054160A01,,,
201300054173,2013-06-21,2013,juin,vendredi,17:05,75,75116,0,0,2,7,2,1,1,4,1,01,1,2,000,000,1,0,1,4,2,52,1,1,2,00,2,4,1,201300054173B01,7,1,1
201300054181,2013-06-27,2013,juin,jeudi,13:00,75,75116,0,0,2,1,4,1,1,4,2,00,1,1,000,000,1,0,1,1,1,26,5,1,2,00,2,1,1,201300054181B01,33/ 7,1/23,2
201300054185,2013-06-30,2013,juin,dimanche,10:50,75,75116,0,0,2,4,6,1,1,4,-1,01,3,3,000,000,1,0,5,4,1,17,5,1,2,00,1,4,1,201300054185A01,,,
201300054198,2013-07-11,2013,juillet,jeudi,64:0,75,75116,0,0,2,1,3,1,1,4,2,02,1,1,000,000,1,0,1,4,1,29,1,1,2,00,2,1,1,201300054198B01,7,22,1
201300054202,2013-07-12,2013,juillet,vendredi,15:15,75,75116,0,0,2,2,3,1,1,4,2,02,1,3,000,000,1,0,5,4,1,32,5,1,2,00,2,8,1,201300054202B01,7,9,1
201300054204,2013-07-10,2013,juillet,mercredi,20:45,75,75116,0,0,2,1,6,1,1,4,1,01,1,1,000,000,1,0,5,4,1,22,5,1,2,00,1,1,1,201300054204A01,,,
201300054208,2013-07-14,2013,juillet,dimanche,12:10,75,75116,0,0,2,1,3,1,1,4,2,02,1,2,040,080,1,6,5,4,1,12,5,1,2,00,2,8,1,201300054208A01,31,17,1
201300054216,2013-07-19,2013,juillet,vendredi,12:00,75,75116,0,0,2,4,2,1,1,4,1,01,1,3,000,000,1,0,5,4,1,52,5,1,2,00,9,1,1,201300054216A01,1,1,1
201300054216,2013-07-19,2013,juillet,vendredi,12:00,75,75116,0,0,2,4,2,1,1,4,1,01,1,3,000,000,1,0,5,4,1,65,5,1,2,00,9,4,1,201300054216B01,1,1,1
201300054221,2013-07-21,2013,juillet,dimanche,16:15,75,75116,0,0,2,5,3,1,1,4,1,01,1,1,000,000,1,0,1,4,2,58,5,1,2,00,2,4,7,201300054221B01,7,17,1
201300054235,2013-08-05,2013,août,lundi,22:30,75,75116,0,0,2,7,2,5,1,4,2,01,1,1,000,000,1,0,1,4,1,26,0,1,2,00,2,4,2,201300054235B01,7,2,1
201300054238,2013-08-10,2013,août,samedi,11:50,75,75116,0,0,2,3,2,1,1,4,1,02,1,-1,000,000,1,0,5,1,1,45,5,1,2,00,2,0,2,201300054238A01,1,2,1
201300054238,2013-08-10,2013,août,samedi,11:50,75,75116,0,0,2,3,2,1,1,4,1,02,1,-1,000,000,1,0,5,4,2,36,5,1,2,00,2,2,2,201300054238B01,1,2,1
201300054240,2013-08-10,2013,août,samedi,19:30,75,75116,0,0,2,3,3,1,1,4,2,02,1,1,000,000,1,0,1,4,2,30,0,1,2,00,2,3,13,201300054240A01,7,1,1
201300054241,2013-08-12,2013,août,lundi,18:40,75,75116,0,0,2,1,4,1,7,4,2,02,1,1,000,100,1,0,5,4,1,52,0,1,2,00,2,1,1,201300054241A01,1,1,2
201300054241,2013-08-12,2013,août,lundi,18:40,75,75116,0,0,2,1,4,1,7,4,2,02,1,1,000,100,1,0,5,4,1,51,5,1,2,00,2,1,1,201300054241B01,1,1,2
201300054241,2013-08-12,2013,août,lundi,18:40,75,75116,0,0,2,1,4,1,7,4,2,02,1,1,000,100,1,0,5,1,1,65,5,1,2,00,2,4,1,201300054241C01,1,1,2
201300054247,2013-08-23,2013,août,vendredi,12:10,75,75116,0,0,2,1,7,1,1,4,-1,00,1,3,000,000,1,0,5,4,1,36,5,1,2,00,0,0,1,201300054247A01,,,
201300054251,2013-08-27,2013,août,mardi,18:50,75,75116,0,0,2,1,6,1,1,4,2,00,1,1,000,000,1,0,1,4,2,50,5,1,2,00,5,1,1,201300054251A01,,,
201300054257,2013-09-02,2013,septembre,lundi,92:0,75,75116,0,0,2,7,7,1,1,4,2,02,1,1,000,000,1,0,1,4,2,48,0,1,2,00,0,0,1,201300054257A01,,,
201300054261,2013-09-02,2013,septembre,lundi,14:20,75,75116,0,0,2,1,3,1,1,4,1,01,1,1,000,000,1,0,1,4,1,75,9,1,2,00,2,1,1,201300054261B01,7,22,1
201300054263,2013-09-02,2013,septembre,lundi,19:15,75,75116,0,0,2,1,7,1,1,4,2,02,1,1,000,000,1,0,1,4,2,25,1,1,2,00,0,0,1,201300054263A01,,,
201300054267,2013-09-04,2013,septembre,mercredi,16:00,75,75116,0,0,2,2,6,1,1,4,3,00,1,1,000,010,1,0,5,1,2,26,5,1,2,00,1,1,1,201300054267A01,,,
201300054275,2013-09-09,2013,septembre,lundi,83:3,75,75116,0,0,2,2,3,1,1,4,-1,02,1,1,000,000,1,5,1,4,2,51,1,1,2,00,2,1,1,201300054275B01,7,9,1
201300054298,2013-09-19,2013,septembre,jeudi,13:00,75,75116,0,0,2,1,6,1,1,4,1,01,1,1,000,000,1,0,5,4,1,14,2,1,2,00,1,7,1,201300054298A01,,,
201300054299,2013-09-20,2013,septembre,vendredi,10:40,75,75116,0,0,2,5,3,1,1,4,-1,01,1,3,000,000,1,6,5,4,1,68,5,1,2,00,2,1,2,201300054299A01,1,23,1
201300054299,2013-09-20,2013,septembre,vendredi,10:40,75,75116,0,0,2,5,3,1,1,4,-1,01,1,3,000,000,1,6,5,4,1,65,5,1,2,00,2,4,23,201300054299B01,1,2,1
201300054302,2013-09-22,2013,septembre,dimanche,10:20,75,75116,0,0,2,1,3,1,1,4,1,00,1,-1,000,000,1,0,1,4,2,51,5,1,2,00,2,2,1,201300054302B01,7,22,1
201300054307,2013-09-23,2013,septembre,lundi,19:35,75,75116,0,0,2,4,3,2,1,4,1,02,2,1,000,000,1,0,1,4,2,30,5,1,2,00,2,1,1,201300054307B01,10,16,1
201300054312,2013-09-25,2013,septembre,mercredi,15:30,75,75116,0,0,2,1,7,1,1,4,1,02,1,1,000,000,1,0,1,4,1,35,0,1,2,00,0,0,0,201300054312A01,,,
201300054327,2013-10-02,2013,octobre,mercredi,14:20,75,75116,0,0,2,1,2,1,1,4,-1,01,1,1,000,000,1,0,1,4,1,44,1,1,2,01,0,3,1,201300054327B01,7,22,1
201300054336,2013-10-04,2013,octobre,vendredi,16:55,75,75116,0,0,2,1,6,1,1,4,1,01,1,1,000,000,1,0,5,4,1,68,5,1,2,01,0,1,1,201300054336A01,,,
201300054338,2013-10-05,2013,octobre,samedi,16:30,75,75116,0,0,2,1,2,1,1,4,1,01,2,1,000,000,1,0,1,4,2,54,5,1,2,01,0,2,1,201300054338B01,7,22,1
201300054344,2013-10-10,2013,octobre,jeudi,11:20,75,75116,0,0,2,1,7,1,8,4,2,04,1,1,000,000,9,0,5,4,1,67,5,1,2,00,0,1,1,201300054344A01,,,
201300054352,2013-10-16,2013,octobre,mercredi,20:30,75,75116,0,0,2,2,3,5,2,4,2,02,1,1,000,060,2,0,1,4,1,65,1,1,2,00,2,4,1,201300054352B01,7,15,1
201300054355,2013-10-19,2013,octobre,samedi,10:30,75,75116,0,0,2,1,4,1,1,4,2,01,1,3,000,000,1,0,5,4,2,37,5,1,2,00,2,1,2,201300054355A01,1,2,2
201300054355,2013-10-19,2013,octobre,samedi,10:30,75,75116,0,0,2,1,4,1,1,4,2,01,1,3,000,000,1,0,5,4,1,53,5,1,2,00,2,0,2,201300054355B01,1,2,2
201300054355,2013-10-19,2013,octobre,samedi,10:30,75,75116,0,0,2,1,4,1,1,4,2,01,1,3,000,000,1,0,5,1,1,66,5,1,2,00,2,0,2,201300054355C01,1,2,2
201300054403,2013-11-11,2013,novembre,lundi,17:45,75,75116,0,0,2,1,3,3,1,4,2,02,1,1,000,070,1,0,1,4,1,22,5,1,2,00,2,1,1,201300054403B01,7,10,1
201300054409,2013-11-15,2013,novembre,vendredi,18:20,75,75108,0,0,2,5,6,5,1,4,2,03,1,-1,000,000,1,0,1,1,2,46,1,1,2,00,1,0,1,201300054409A01,,,
201300054411,2013-11-17,2013,novembre,dimanche,13:50,75,75116,0,0,2,2,7,1,8,4,1,01,1,1,000,000,1,0,0,4,2,49,5,1,2,00,0,7,1,201300054411A01,,,
201300054420,2013-11-22,2013,novembre,vendredi,84:0,75,75116,0,0,2,1,3,1,1,4,2,04,1,1,000,000,1,0,1,4,1,49,1,1,2,00,2,8,19,201300054420B01,33,1,1
201300054454,2013-12-12,2013,décembre,jeudi,19:15,75,75116,0,0,2,1,3,5,1,4,2,03,1,1,000,000,1,0,0,4,1,12,5,1,2,00,2,8,19,201300054454B01,33,1,1
201300054456,2013-12-13,2013,décembre,vendredi,19:00,75,75116,0,0,2,3,3,2,2,4,2,02,2,1,000,100,2,0,1,4,1,13,2,1,2,00,2,1,18,201300054456B01,7,15,1
201300054491,2013-01-09,2013,janvier,mercredi,14:10,75,75117,0,0,2,1,3,1,8,4,2,02,1,1,000,000,2,0,1,3,1,29,1,1,2,00,2,1,1,201300054491B01,7,10,1
201300054541,2013-03-01,2013,mars,vendredi,19:00,75,75117,0,0,2,1,2,5,1,4,2,04,-1,1,000,120,1,0,1,4,1,31,5,1,4,00,2,3,1,201300054541B01,7,22,1
201300054544,2013-03-06,2013,mars,mercredi,11:50,75,75117,0,0,2,1,3,1,1,4,3,04,1,-1,000,000,1,0,1,4,1,29,5,1,2,00,2,2,1,201300054544B01,7,11,1
201300054580,2013-04-18,2013,avril,jeudi,20:30,75,75117,0,0,2,1,2,5,1,4,2,02,2,1,000,000,1,0,1,4,1,19,0,1,2,00,2,3,18,201300054580B01,7,22,1
201300054583,2013-04-20,2013,avril,samedi,15:10,75,75117,0,0,2,2,3,1,1,4,2,02,1,1,000,000,1,0,1,4,1,23,5,1,2,00,2,8,1,201300054583B01,7,1,1
201300054584,2013-04-20,2013,avril,samedi,17:13,75,75117,0,0,2,1,6,1,1,4,2,02,1,1,000,000,1,0,1,4,1,31,5,1,2,00,2,4,7,201300054584A01,7,7,1
201300054590,2013-04-29,2013,avril,lundi,20:0,75,75117,0,0,2,3,6,5,1,4,2,01,1,1,000,000,1,0,1,4,1,17,0,1,2,11,0,0,13,201300054590A01,,,
201300054597,2013-05-06,2013,mai,lundi,19:00,75,75117,0,0,2,2,3,1,1,4,1,01,2,1,000,050,1,0,5,4,2,34,5,1,2,00,2,3,5,201300054597B01,31,1,1