Num_Acc,date,an,mois,jour,hrmn,dep,com,lat,long,agg,int,col,lum,atm,catr,circ,nbv,prof,plan,lartpc,larrout,surf,infra,situ,grav,sexe,age,trajet,secuexist,equipement,obs,obsm,choc,manv,vehiculeid,typevehicules,manoeuvehicules,numVehicules
201300054614,2013-05-23,2013,mai,jeudi,14:22,75,75117,0,0,2,7,3,1,1,4,2,08,1,1,000,000,1,5,1,3,1,72,0,1,2,00,2,8,1,201300054614B01,7,16,1
201300054623,2013-05-26,2013,mai,dimanche,15:55,75,75117,0,0,2,7,4,1,1,4,1,01,2,-1,000,000,1,0,1,4,2,43,0,1,2,00,2,4,23,201300054623C01,7,2/23,2
201300054637,2013-06-04,2013,juin,mardi,11:50,75,75117,0,0,2,3,3,1,1,4,1,01,1,2,000,100,1,0,5,4,2,39,0,1,2,00,2,1,5,201300054637B01,7,15,1
201300054638,2013-06-05,2013,juin,mercredi,80:0,75,75117,0,0,2,5,3,1,1,4,1,02,1,1,000,000,1,0,5,1,1,39,1,1,2,00,2,8,1,201300054638B01,1,1,1
201300054638,2013-06-05,2013,juin,mercredi,80:0,75,75117,0,0,2,5,3,1,1,4,1,02,1,1,000,000,1,0,5,4,2,22,1,1,2,00,2,1,1,201300054638A01,1,1,1
201300054641,2013-06-06,2013,juin,jeudi,75:0,75,75117,0,0,2,1,3,1,1,4,2,03,2,1,000,100,1,0,1,4,2,22,1,1,2,00,2,2,1,201300054641B01,10,22,1
201300054649,2013-06-10,2013,juin,lundi,15:55,75,75117,0,0,2,1,6,1,1,4,2,01,1,1,000,000,1,0,1,1,1,19,4,1,2,00,1,1,1,201300054649A01,,,
201300054673,2013-06-25,2013,juin,mardi,22:05,75,75117,0,0,2,1,3,5,1,4,2,04,1,1,000,000,1,0,1,4,1,46,0,1,2,00,2,1,9,201300054673A01,7,1,1
201300054687,2013-07-13,2013,juillet,samedi,22:35,75,75117,0,0,2,1,3,5,1,4,2,02,1,1,000,000,1,0,1,4,2,28,0,1,2,00,2,3,1,201300054687B01,7,22,1
201300054716,2013-08-30,2013,août,vendredi,12:00,75,75117,0,0,2,4,3,1,1,4,1,00,1,1,000,000,1,0,1,4,2,31,1,1,2,00,2,8,7,201300054716B01,14,16,1
201300054727,2013-09-11,2013,septembre,mercredi,20:00,75,75117,0,0,2,5,3,5,1,4,2,02,1,1,000,000,1,0,1,4,2,64,5,1,2,00,2,8,19,201300054727B01,32,1,1
201300054753,2013-10-01,2013,octobre,mardi,12:10,75,75117,0,0,2,1,3,1,1,4,2,01,2,1,000,000,1,0,1,4,1,22,1,1,2,00,2,2,1,201300054753B01,7,22,1
201300054757,2013-10-04,2013,octobre,vendredi,10:35,75,75117,0,0,2,7,3,1,1,4,1,04,1,2,000,000,1,0,1,4,2,25,5,1,2,00,2,1,1,201300054757A01,7,1,1
201300054762,2013-10-09,2013,octobre,mercredi,16:10,75,75117,0,0,2,7,7,1,1,4,1,00,1,2,000,000,2,0,1,4,1,55,4,1,2,00,0,0,1,201300054762A01,,,
201300054788,2013-10-27,2013,octobre,dimanche,23:0,75,75117,0,0,2,7,6,5,1,4,2,02,1,-1,000,000,1,0,1,4,1,22,5,1,2,00,2,1,1,201300054788A01,7,1,1
201300054806,2013-11-08,2013,novembre,vendredi,17:50,75,75117,0,0,2,1,6,5,2,4,1,01,1,1,000,000,2,0,1,1,1,25,2,1,2,00,1,2,5,201300054806A01,,,
201300054811,2013-11-12,2013,novembre,mardi,19:30,75,75117,0,0,2,2,6,5,2,4,2,02,1,1,000,000,2,0,1,1,1,24,1,1,2,00,1,1,1,201300054811A01,,,
201300054827,2013-11-20,2013,novembre,mercredi,12:15,75,75117,0,0,2,1,3,1,1,4,1,01,1,1,000,000,1,0,1,4,1,55,1,1,2,00,2,1,1,201300054827A01,7,22,1
201300054867,2013-12-23,2013,décembre,lundi,11:50,75,75117,0,0,2,3,2,1,8,4,2,02,1,1,000,000,2,0,1,3,2,49,5,1,2,01,0,3,1,201300054867B01,7,22,1
201300054903,2013-02-06,2013,février,mercredi,22:15,75,75118,0,0,2,3,6,5,2,4,2,02,1,1,000,060,2,0,1,4,1,45,5,1,2,00,2,4,2,201300054903A01,7,2,1
201300054919,2013-02-24,2013,février,dimanche,14:00,75,75118,0,0,2,1,6,1,2,4,2,02,1,1,020,020,-1,0,1,1,1,54,5,1,2,00,1,0,1,201300054919A01,,,
201300054954,2013-04-05,2013,avril,vendredi,13:05,75,75118,0,0,2,2,3,1,1,4,1,01,2,1,000,030,1,0,1,4,1,35,4,1,2,00,2,8,1,201300054954B01,7,1,1
201300054972,2013-04-22,2013,avril,lundi,15:00,75,75118,0,0,2,5,3,1,1,4,1,00,1,1,000,000,1,0,0,4,1,35,0,1,2,00,2,8,1,201300054972B01,7,15,1
201300054974,2013-04-25,2013,avril,jeudi,82:0,75,75118,0,0,2,5,3,1,1,4,1,01,1,1,000,050,1,0,1,4,1,29,1,1,2,00,2,1,16,201300054974B01,1,5,1
201300054974,2013-04-25,2013,avril,jeudi,82:0,75,75118,0,0,2,5,3,1,1,4,1,01,1,1,000,050,1,0,1,3,2,33,1,1,2,00,2,1,5,201300054974A01,1,16,1
201300055003,2013-05-28,2013,mai,mardi,17:40,75,75118,0,0,2,2,3,1,1,4,2,02,1,-1,000,060,1,0,1,4,1,66,0,1,2,00,2,1,18,201300055003A01,7,22,1
201300055015,2013-06-09,2013,juin,dimanche,64:0,75,75118,0,0,2,2,3,1,2,4,2,04,1,1,000,200,2,0,1,4,1,25,4,1,2,00,2,8,1,201300055015A01,7,15,1
201300055016,2013-06-10,2013,juin,lundi,11:30,75,75118,0,0,2,3,3,1,1,4,1,01,1,1,000,080,1,0,1,4,1,64,1,1,2,00,2,3,1,201300055016B01,7,22,1
201300055036,2013-07-03,2013,juillet,mercredi,17:25,75,75118,0,0,2,3,3,1,8,4,1,01,1,1,000,000,1,0,0,4,1,45,0,1,2,00,2,1,1,201300055036B01,7,15,1
201300055038,2013-07-06,2013,juillet,samedi,17:10,75,75118,0,0,2,1,6,1,1,4,3,00,1,1,060,000,1,6,4,1,1,37,0,1,2,00,1,1,1,201300055038A01,,,
201300055040,2013-07-09,2013,juillet,mardi,13:45,75,75118,0,0,2,4,6,1,1,4,1,01,1,1,000,050,1,0,1,4,2,32,0,1,2,00,2,4,1,201300055040A01,7,13,1
201300055045,2013-07-13,2013,juillet,samedi,18:35,75,75118,0,0,2,5,6,1,1,4,1,01,1,1,000,050,1,0,1,1,1,39,0,1,2,00,1,1,7,201300055045A01,,,
201300055050,2013-07-18,2013,juillet,jeudi,17:30,75,75118,0,0,2,2,6,1,1,4,2,04,1,1,000,000,1,0,1,4,1,39,5,1,2,00,2,8,19,201300055050A01,7,1,1
201300055052,2013-07-20,2013,juillet,samedi,18:55,75,75118,0,0,2,5,6,1,1,4,2,02,-1,-1,000,070,1,0,1,3,2,19,0,1,2,01,0,1,1,201300055052B01,7,22,1
201300055057,2013-07-24,2013,juillet,mercredi,80:0,75,75118,0,0,2,1,6,1,1,4,2,03,1,1,000,060,2,0,1,4,2,34,1,1,2,00,2,3,1,201300055057B01,7,1,1
201300055066,2013-07-29,2013,juillet,lundi,18:05,75,75118,0,0,2,3,6,1,1,4,2,02,1,1,100,100,1,0,1,4,1,36,5,1,2,00,2,4,2,201300055066A01,7,2,1
201300055068,2013-08-01,2013,août,jeudi,21:00,75,75118,0,0,2,1,6,2,1,4,1,02,1,1,000,080,1,0,1,4,2,27,5,1,2,00,2,7,1,201300055068A01,7,22,1
201300055075,2013-08-10,2013,août,samedi,12:30,75,75118,0,0,2,2,3,1,1,4,2,02,1,1,000,080,1,0,1,3,1,59,9,1,2,00,2,0,1,201300055075B01,7,22,1
201300055081,2013-08-16,2013,août,vendredi,82:0,75,75118,0,0,2,1,3,1,1,4,1,01,1,1,000,040,1,0,4,4,1,39,5,1,2,00,2,2,5,201300055081B01,7,9,1
201300055088,2013-08-24,2013,août,samedi,17:48,75,75118,0,0,2,1,3,1,1,4,-1,01,1,1,005,100,1,0,5,4,1,21,0,1,2,00,2,0,1,201300055088B01,7,22,1
201300055094,2013-09-04,2013,septembre,mercredi,22:00,75,75118,0,0,2,1,6,5,1,4,2,03,2,1,000,000,1,0,1,1,1,44,0,1,2,00,1,1,17,201300055094A01,,,
201300055100,2013-09-13,2013,septembre,vendredi,12:38,75,75118,0,0,2,2,3,1,2,4,3,04,1,1,000,000,2,5,1,4,2,32,0,1,2,00,2,8,16,201300055100A01,31,1,1
201300055136,2013-10-14,2013,octobre,lundi,85:0,75,75118,0,0,2,1,3,1,1,4,2,00,1,1,000,000,1,0,1,3,1,39,1,1,2,00,2,0,7,201300055136A01,10,16,1
201300055150,2013-10-25,2013,octobre,vendredi,19:45,75,75118,0,0,2,1,3,5,2,4,2,03,1,1,000,090,2,0,1,4,2,29,5,1,2,00,2,1,1,201300055150B01,10,22,1
201300055153,2013-10-28,2013,octobre,lundi,13:10,75,75118,0,0,2,2,3,1,1,4,1,00,1,1,000,000,1,0,1,4,1,58,5,1,2,00,2,1,1,201300055153A01,7,1,1
201300055155,2013-10-29,2013,octobre,mardi,15:25,75,75118,0,0,2,4,3,1,1,4,1,00,1,-1,000,090,1,0,0,4,1,40,0,1,2,00,2,0,1,201300055155B01,7,16,1
201300055189,2013-11-25,2013,novembre,lundi,19:40,75,75110,0,0,2,1,6,5,1,4,1,01,1,1,000,000,1,0,5,1,1,30,5,1,2,00,1,1,1,201300055189A01,,,
201300055242,2013-01-22,2013,janvier,mardi,75:0,75,75119,0,0,2,3,3,2,8,4,1,02,1,1,000,070,2,0,1,4,1,52,1,1,2,00,2,4,9,201300055242B01,10,1,1
201300055249,2013-02-05,2013,février,mardi,13:50,75,75119,0,0,2,1,2,1,8,4,1,01,1,1,000,030,1,0,5,4,1,40,1,1,2,00,2,1,2,201300055249B01,7,4,1
201300055252,2013-02-07,2013,février,jeudi,74:5,75,75119,0,0,2,1,1,2,2,4,2,03,1,1,000,090,2,0,1,4,1,20,2,1,2,00,2,3,1,201300055252B01,10,15,1
201300055255,2013-02-08,2013,février,vendredi,16:10,75,75119,0,0,2,1,3,1,1,4,-1,00,1,-1,000,000,1,6,0,4,1,10,5,1,2,00,2,7,9,201300055255B01,14,1,1
201300055255,2013-02-08,2013,février,vendredi,16:10,75,75119,0,0,2,1,3,1,1,4,-1,00,1,-1,000,000,1,6,0,4,1,8,5,1,2,00,2,7,9,201300055255B01,14,1,1
201300055276,2013-03-21,2013,mars,jeudi,10:10,75,75119,0,0,2,4,3,1,1,4,2,01,2,1,000,000,1,0,1,3,2,62,9,1,2,00,2,7,1,201300055276B01,32,9,1
201300055299,2013-04-24,2013,avril,mercredi,18:50,75,75119,0,0,2,3,1,1,1,4,2,01,1,1,020,050,1,6,4,3,1,47,0,1,2,00,2,1,1,201300055299B01,1,5,1
201300055299,2013-04-24,2013,avril,mercredi,18:50,75,75119,0,0,2,3,1,1,1,4,2,01,1,1,020,050,1,6,4,1,2,23,5,1,2,00,2,1,5,201300055299A01,1,1,1
201300055303,2013-05-02,2013,mai,jeudi,82:0,75,75119,0,0,2,2,2,1,8,4,2,03,2,1,000,000,1,0,1,4,1,35,1,1,2,00,2,1,2,201300055303B01,7,23,1
201300055327,2013-06-06,2013,juin,jeudi,19:30,75,75119,0,0,2,2,6,1,1,4,1,02,1,1,000,010,1,0,5,4,1,41,5,1,2,00,2,4,1,201300055327A01,7,9,1
201300055334,2013-06-16,2013,juin,dimanche,14:45,75,75119,0,0,2,7,3,1,1,4,3,03,1,-1,000,000,1,0,1,4,2,6,0,1,2,00,2,2,9,201300055334B01,7,16,1
201300055346,2013-07-01,2013,juillet,lundi,17:10,75,75119,0,0,2,7,6,1,1,4,1,01,1,-1,000,025,-1,0,5,1,2,44,5,1,2,00,1,0,1,201300055346A01,,,
201300055360,2013-07-10,2013,juillet,mercredi,17:40,75,75119,0,0,2,3,2,1,1,4,2,02,2,1,000,050,1,0,1,4,1,25,1,1,2,00,2,1,2,201300055360A01,10,23,1
201300055362,2013-07-12,2013,juillet,vendredi,18:40,75,75119,0,0,2,3,3,1,1,4,1,01,1,1,000,000,1,0,0,4,1,1,0,1,2,00,2,1,19,201300055362A01,7,15,1
201300055376,2013-07-26,2013,juillet,vendredi,20:30,75,75119,0,0,2,1,6,1,1,4,2,02,2,1,000,060,1,0,1,3,1,36,0,1,2,00,1,1,1,201300055376A01,,,
201300055379,2013-07-31,2013,juillet,mercredi,10:00,75,75119,0,0,2,1,2,1,1,4,1,01,1,-1,000,000,1,0,1,3,1,53,0,1,2,00,2,0,9,201300055379B01,7,20,1
201300055380,2013-07-31,2013,juillet,mercredi,21:20,75,75119,0,0,2,3,3,2,1,4,1,01,1,1,000,050,1,0,1,4,2,26,5,1,2,00,2,6,19,201300055380B01,7,15,1
201300055389,2013-08-30,2013,août,vendredi,73:0,75,75119,0,0,2,5,3,1,1,4,1,01,2,-1,000,050,1,0,0,4,1,48,1,1,2,00,2,1,17,201300055389B01,1,15,1
201300055389,2013-08-30,2013,août,vendredi,73:0,75,75119,0,0,2,5,3,1,1,4,1,01,2,-1,000,050,1,0,0,1,1,22,1,1,2,00,2,8,15,201300055389A01,1,17,1
201300055397,2013-09-02,2013,septembre,lundi,20:00,75,75119,0,0,2,3,3,1,1,4,1,01,1,1,000,000,1,0,1,4,1,33,9,1,2,00,2,1,5,201300055397A01,2,9,1
201300055398,2013-09-03,2013,septembre,mardi,17:40,75,75119,0,0,2,4,3,1,1,4,1,04,1,1,000,120,1,0,5,4,1,49,5,1,2,00,2,7,1,201300055398A01,7,1,1
201300055433,2013-10-13,2013,octobre,dimanche,16:45,75,75119,0,0,2,1,7,1,1,4,2,02,2,1,000,080,1,0,1,4,1,28,5,1,2,00,0,0,21,201300055433A01,,,
201300055435,2013-10-13,2013,octobre,dimanche,20:45,75,75119,0,0,2,7,3,5,1,4,1,02,1,1,000,120,1,2,1,3,2,29,0,1,2,00,2,8,15,201300055435B01,7,16,1
201300055441,2013-10-18,2013,octobre,vendredi,18:55,75,75119,0,0,2,2,6,2,1,4,2,02,2,1,000,070,2,0,1,1,1,38,1,1,2,00,1,1,1,201300055441A01,,,
201300055442,2013-10-18,2013,octobre,vendredi,23:00,75,75119,0,0,2,1,2,5,1,4,2,02,2,1,000,080,1,0,1,4,1,36,9,1,2,00,2,1,1,201300055442A01,7,20,1
201300055447,2013-10-23,2013,octobre,mercredi,16:50,75,75119,0,0,2,1,7,1,1,4,2,06,1,1,000,160,1,0,1,4,1,13,5,1,2,14,0,1,1,201300055447A01,,,
201300055470,2013-11-15,2013,novembre,vendredi,91:5,75,75119,0,0,2,2,3,1,1,4,2,02,1,1,000,000,1,0,5,4,2,30,1,1,2,00,2,1,1,201300055470B01,2,15,1
201300055476,2013-11-25,2013,novembre,lundi,13:35,75,75119,0,0,2,3,2,1,1,4,1,01,1,1,000,050,1,0,1,4,2,30,0,1,2,01,0,2,1,201300055476B01,10,22,1
201300055479,2013-12-03,2013,décembre,mardi,90:5,75,75119,0,0,2,3,3,1,1,4,1,01,1,1,000,000,1,0,1,4,1,47,1,1,2,00,2,8,18,201300055479B01,10,22,1
201300055487,2013-12-16,2013,décembre,lundi,84:5,75,75119,0,0,2,3,3,1,1,4,1,02,1,1,000,000,1,5,1,4,2,37,1,1,2,00,2,8,1,201300055487B01,7,16,1
201300055497,2013-12-24,2013,décembre,mardi,15:35,75,75119,0,0,2,2,6,1,2,4,2,02,-1,-1,000,060,2,0,1,4,1,13,5,1,2,00,2,3,5,201300055497A01,10,1,1
201300055501,2013-12-29,2013,décembre,dimanche,13:0,75,75119,0,0,2,1,2,5,1,4,1,01,1,-1,000,000,-1,0,5,4,1,27,0,1,2,00,2,8,1,201300055501B01,7,16,1
201300055532,2013-02-07,2013,février,jeudi,12:30,75,75120,0,0,2,7,2,1,8,4,1,01,1,-1,000,000,1,0,1,4,1,22,9,1,2,00,2,4,1,201300055532B01,7,13,1
201300055538,2013-02-16,2013,février,samedi,14:20,75,75120,0,0,2,2,6,1,1,4,2,01,1,1,000,080,1,0,1,4,1,15,5,1,2,00,2,7,19,201300055538A01,7,1,1
201300055556,2013-03-18,2013,mars,lundi,19:20,75,75120,0,0,2,1,6,5,2,4,2,02,1,1,000,080,2,0,1,1,1,37,1,1,2,00,1,1,1,201300055556A01,,,
201300055557,2013-03-21,2013,mars,jeudi,17:35,75,75120,0,0,2,3,3,1,1,4,3,00,1,1,001,001,1,0,1,4,1,63,4,1,2,00,2,1,1,201300055557B01,7,10,1
201300055560,2013-03-25,2013,mars,lundi,14:05,75,75120,0,0,2,1,3,1,1,4,2,02,2,1,000,000,1,0,1,4,2,52,5,1,2,00,2,1,1,201300055560B01,7,22,1
201300055579,2013-04-08,2013,avril,lundi,19:55,75,75120,0,0,2,1,6,2,1,4,2,02,3,1,000,100,1,0,1,4,1,24,1,1,2,00,1,1,7,201300055579A01,,,
201300055581,2013-04-11,2013,avril,jeudi,82:0,75,75120,0,0,2,3,2,1,1,4,2,02,2,1,000,060,2,0,1,4,2,43,1,1,2,01,0,8,1,201300055581B01,7,22,1
201300055596,2013-05-04,2013,mai,samedi,17:40,75,75120,0,0,2,1,6,1,1,4,-1,02,2,-1,000,000,1,0,1,1,1,20,0,1,2,00,1,2,7,201300055596A01,,,
201300055610,2013-05-28,2013,mai,mardi,10:25,75,75120,0,0,2,2,3,1,2,4,2,01,2,1,000,090,2,0,1,4,2,16,1,1,2,00,2,1,1,201300055610A01,10,1,1
201300055621,2013-06-04,2013,juin,mardi,92:5,75,75120,0,0,2,5,6,1,1,4,2,02,2,1,000,100,1,0,1,1,1,37,0,1,2,00,1,1,1,201300055621A01,,,
201300055625,2013-06-06,2013,juin,jeudi,20:48,75,75120,0,0,2,1,2,1,1,4,2,02,1,1,000,070,1,0,1,4,2,36,1,1,2,00,2,4,2,201300055625B01,7,2,1
201300055627,2013-06-07,2013,juin,vendredi,17:55,75,75120,0,0,2,7,3,1,1,4,2,02,2,1,080,080,1,0,1,4,2,27,1,1,2,00,2,5,1,201300055627B01,7,14,1
201300055652,2013-07-02,2013,juillet,mardi,35:,75,75120,0,0,2,1,6,5,1,4,2,02,2,1,000,000,1,0,1,4,2,22,0,1,2,00,1,1,1,201300055652A01,,,
201300055656,2013-07-07,2013,juillet,dimanche,45:,75,75120,0,0,2,2,3,5,1,4,1,01,1,1,010,035,1,0,1,4,2,41,0,1,2,00,2,1,1,201300055656B01,7,1,1
201300055659,2013-07-08,2013,juillet,lundi,16:00,75,75120,0,0,2,3,6,1,1,4,1,02,1,1,000,000,1,0,1,4,2,65,0,1,2,00,2,0,1,201300055659B01,7,1,1
201300055660,2013-07-09,2013,juillet,mardi,10:05,75,75120,0,0,2,5,3,1,1,4,1,01,1,1,000,000,1,0,1,4,1,29,1,1,2,00,2,8,1,201300055660B01,7,15,1
201300055668,2013-07-14,2013,juillet,dimanche,12:45,75,75120,0,0,2,1,6,1,1,4,-1,00,-1,-1,000,000,1,0,4,1,1,12,0,1,2,00,1,1,1,201300055668A01,,,
201300055678,2013-07-23,2013,juillet,mardi,18:30,75,75120,0,0,2,2,3,1,1,4,1,01,1,1,000,100,1,0,1,4,2,34,1,1,2,00,2,8,1,201300055678B01,7,1,1
201300055686,2013-07-31,2013,juillet,mercredi,18:00,75,75120,0,0,2,2,3,1,1,4,1,02,1,2,000,000,1,0,1,4,1,36,1,1,2,00,2,8,1,201300055686B01,7,17,1
201300055694,2013-08-05,2013,août,lundi,18:40,75,75120,0,0,2,3,3,1,1,4,1,01,1,1,000,061,1,0,5,4,1,61,5,1,2,00,2,2,1,201300055694B01,7,15,1
201300055706,2013-08-26,2013,août,lundi,13:35,75,75120,0,0,2,1,3,1,1,4,2,02,1,1,000,060,1,6,5,4,1,73,5,1,2,00,2,3,1,201300055706B01,7,10,1
201300055712,2013-09-01,2013,septembre,dimanche,15:20,75,75120,0,0,2,1,6,1,1,4,2,02,2,1,000,000,1,0,5,4,2,24,0,1,2,08,0,1,1,201300055712A01,,,
201300055714,2013-09-03,2013,septembre,mardi,12:45,75,75120,0,0,2,1,6,1,1,4,3,01,1,1,000,050,1,0,0,4,2,29,0,1,2,00,2,5,7,201300055714A01,30,18,1
201300055717,2013-09-09,2013,septembre,lundi,15:55,75,75120,0,0,2,1,6,1,2,4,1,01,1,1,000,000,2,0,5,1,1,46,9,1,2,00,1,2,1,201300055717A01,,,
201300055725,2013-09-15,2013,septembre,dimanche,13:15,75,75120,0,0,2,1,6,1,1,4,1,01,1,1,000,050,1,0,5,4,1,25,5,1,2,12,2,3,7,201300055725A01,37,17,1
201300055727,2013-09-17,2013,septembre,mardi,23:35,75,75120,0,0,2,2,1,5,2,4,1,01,1,1,000,000,2,5,0,4,1,25,0,1,2,00,2,8,1,201300055727B01,32,15,1
201300055735,2013-09-25,2013,septembre,mercredi,16:00,75,75120,0,0,2,2,6,1,1,4,2,02,1,1,000,080,1,0,1,1,1,24,1,1,2,00,1,1,1,201300055735A01,,,
201300055742,2013-10-04,2013,octobre,vendredi,15:30,75,75111,0,0,2,7,3,1,1,4,1,01,1,2,000,128,1,0,1,4,1,23,5,1,2,00,2,2,1,201300055742B01,7,1,1
201300055758,2013-10-16,2013,octobre,mercredi,13:35,75,75120,0,0,2,2,3,1,2,4,2,02,1,1,000,040,2,0,1,3,1,15,5,1,2,00,2,1,19,201300055758B01,7,1,1
201300055805,2013-12-08,2013,décembre,dimanche,45:5,75,75120,0,0,2,2,3,5,1,4,2,02,1,1,000,000,1,0,1,4,1,34,0,1,2,00,2,7,19,201300055805A01,7,16,1
201300055813,2013-12-15,2013,décembre,dimanche,12:50,75,75120,0,0,2,1,2,1,1,4,1,01,2,1,000,050,1,0,1,4,1,41,0,1,2,01,0,1,1,201300055813B01,7,22,1
201300055848,2013-01-31,2013,janvier,jeudi,83:0,75,75111,0,0,2,5,3,1,1,4,1,01,1,1,000,050,1,0,1,2,2,26,2,1,2,00,2,8,18,201300055848B01,13,16,1
201300055849,2013-02-01,2013,février,vendredi,11:50,75,75108,0,0,2,1,4,1,2,4,2,02,1,1,000,000,3,0,1,3,2,58,0,1,2,00,2,1,1,201300055849C01,7,1/22,2
201300055871,2013-02-25,2013,février,lundi,18:45,75,75104,0,0,2,2,2,5,2,4,2,05,1,1,000,258,2,2,1,4,2,39,9,1,2,00,2,8,23,201300055871B01,7,1,1
201300055880,2013-03-06,2013,mars,mercredi,17:20,75,75119,0,0,2,4,6,1,1,4,2,02,2,1,000,118,1,0,1,3,1,16,5,1,2,00,2,0,19,201300055880B01,7,1,1
201300055893,2013-03-21,2013,mars,jeudi,74:0,75,75105,0,0,2,2,3,1,1,4,1,04,1,1,000,151,1,0,1,3,2,55,0,1,2,00,2,3,7,201300055893B01,14,16,1
201300055896,2013-03-27,2013,mars,mercredi,40:,75,75103,0,0,2,1,2,5,1,4,1,01,1,1,000,033,1,0,1,4,2,28,9,1,2,00,0,5,13,201300055896A01,2,18,1
201300055914,2013-04-08,2013,avril,lundi,62:7,75,75104,0,0,2,2,3,1,1,4,1,03,1,1,000,120,1,0,1,3,2,24,0,1,2,00,0,6,7,201300055914B01,14,16,1
201300055929,2013-04-21,2013,avril,dimanche,13:54,75,75118,0,0,2,2,3,1,1,4,1,01,1,1,000,048,1,5,1,3,1,57,0,1,2,00,2,1,1,201300055929B01,10,1,1
201300055934,2013-04-23,2013,avril,mardi,19:49,75,75106,0,0,2,1,3,1,1,4,1,03,1,1,000,126,1,0,1,3,1,71,0,1,2,00,0,8,19,201300055934B01,7,1,1
201300055970,2013-05-23,2013,mai,jeudi,10:42,75,75103,0,0,2,1,2,1,1,4,1,03,1,1,000,100,1,0,1,3,2,40,1,1,2,00,2,4,2,201300055970B01,14,2,1
201300055987,2013-06-06,2013,juin,jeudi,17:30,75,75112,0,0,2,4,6,1,1,4,2,02,1,1,000,120,1,0,1,4,1,27,5,1,2,00,1,1,1,201300055987A01,,,
201300055995,2013-06-16,2013,juin,dimanche,22:40,75,75104,0,0,2,7,2,5,1,4,1,01,1,1,000,160,1,0,1,4,2,29,5,1,2,00,2,2,12,201300055995A01,33,1,1
201300055997,2013-06-18,2013,juin,mardi,15:19,75,75102,0,0,2,5,2,1,1,4,1,02,2,1,038,048,1,0,1,4,1,26,4,1,2,09,2,7,17,201300055997B01,37,1,1
201300056023,2013-07-07,2013,juillet,dimanche,17:20,75,75107,0,0,2,3,3,1,1,4,1,04,1,1,000,122,1,0,1,3,2,27,5,1,2,00,2,3,7,201300056023B01,38,17,1
201300056044,2013-07-30,2013,juillet,mardi,83:0,75,75112,0,0,2,1,6,1,1,4,2,03,1,1,003,136,9,6,5,3,1,54,5,1,2,14,0,1,1,201300056044A01,,,
201300056046,2013-07-30,2013,juillet,mardi,12:10,75,75111,0,0,2,2,3,1,1,4,1,02,1,1,000,077,1,0,1,3,2,43,0,1,2,00,2,8,7,201300056046B01,14,16,1
201300056054,2013-08-14,2013,août,mercredi,18:44,75,75118,0,0,2,1,3,1,1,4,1,02,2,1,026,092,1,0,1,4,2,27,5,1,2,00,2,1,19,201300056054A01,10,7,1
201300056062,2013-08-19,2013,août,lundi,23:05,75,75111,0,0,2,2,3,5,1,4,2,03,2,1,000,141,1,0,1,3,2,30,0,1,2,00,2,0,1,201300056062B01,36,1,1
201300056081,2013-09-05,2013,septembre,jeudi,14:16,75,75111,0,0,2,2,3,1,1,4,1,02,1,1,000,000,1,0,1,3,1,38,9,1,2,00,2,3,13,201300056081B01,14,1,1
201300056110,2013-10-02,2013,octobre,mercredi,93:0,75,75103,0,0,2,2,4,1,1,4,1,02,1,1,000,094,1,0,1,4,1,27,1,1,2,01,2,2,17,201300056110B01,10/ 7,22/1,2
201300056140,2013-10-26,2013,octobre,samedi,50:,75,75104,0,0,2,1,7,5,1,4,1,02,1,1,000,099,1,0,1,3,1,41,5,1,2,00,0,0,1,201300056140A01,,,
201300056155,2013-11-09,2013,novembre,samedi,40:0,75,75112,0,0,2,1,3,5,1,4,3,08,1,1,030,270,1,0,1,3,1,25,5,1,2,00,2,4,1,201300056155B01,7,12,1
201300056194,2013-12-16,2013,décembre,lundi,20:15,75,75105,0,0,2,2,2,5,1,4,1,02,1,1,000,000,1,0,1,1,1,31,1,1,2,00,2,4,13,201300056194B01,32,1,1
201300056820,2013-06-12,2013,juin,mercredi,14:30,972,97224,0,-0,1,1,7,1,1,2,2,00,-1,3,000,000,1,2,1,3,1,51,9,1,2,00,0,0,0,201300056820A01,,,
201300056878,2013-06-09,2013,juin,dimanche,16:15,971,97134,0,-0,1,1,1,1,1,4,2,02,2,2,000,044,1,0,1,2,1,18,5,1,2,00,2,1,13,201300056878A01,7,1,1
201300056890,2013-04-17,2013,avril,mercredi,94:5,971,97109,0,-0,1,1,2,1,8,2,-1,00,2,1,000,116,2,0,1,2,1,56,5,1,2,00,0,4,2,201300056890B02,10,2,1
201300056905,2013-07-30,2013,juillet,mardi,64:5,971,97114,0,-0,1,1,1,1,1,2,2,03,1,1,000,105,1,0,1,3,1,51,5,1,2,00,2,1,0,201300056905B02,7,11,1
201300056951,2013-06-28,2013,juin,vendredi,21:45,971,97129,0,-0,2,1,3,3,1,3,2,02,2,1,000,052,1,0,1,3,1,16,5,1,4,00,2,1,16,201300056951B02,7,1,1
201300056972,2013-09-04,2013,septembre,mercredi,17:00,971,97117,0,-0,1,1,1,2,2,3,2,00,3,2,000,050,2,0,3,3,1,35,5,1,2,00,0,0,1,201300056972B02,7,13,1
201300057003,2013-02-04,2013,février,lundi,15:15,971,97128,0,-0,1,1,6,1,1,3,2,02,2,3,000,054,1,2,1,3,1,70,5,1,2,00,2,8,1,201300057003B02,,,
201300057006,2013-04-17,2013,avril,mercredi,20:45,971,97125,0,-0,2,1,7,5,1,4,2,00,2,1,000,045,1,0,3,2,1,60,0,1,1,06,0,1,1,201300057006A01,,,
201300057021,2013-04-29,2013,avril,lundi,63:0,971,97116,0,-0,1,1,1,1,1,4,2,02,4,2,000,050,1,0,1,3,1,18,1,1,2,00,2,1,1,201300057021A01,38,1,1