Num_Acc,date,an,mois,jour,hrmn,dep,com,lat,long,agg,int,col,lum,atm,catr,circ,nbv,prof,plan,lartpc,larrout,surf,infra,situ,grav,sexe,age,trajet,secuexist,equipement,obs,obsm,choc,manv,vehiculeid,typevehicules,manoeuvehicules,numVehicules
201300057022,2013-05-24,2013,mai,vendredi,19:00,971,97116,0,-0,2,1,1,1,1,3,2,00,4,2,000,000,1,0,1,4,1,57,5,1,4,00,0,1,15,201300057022B02,7,1,1
201300057030,2013-10-24,2013,octobre,jeudi,81:5,971,97116,0,-0,1,1,1,1,2,3,2,02,-1,4,000,000,2,0,1,3,1,59,5,1,2,00,0,1,1,201300057030B02,10,1,1
201300057037,2013-08-25,2013,août,dimanche,54:5,973,97305,0,-0,1,1,2,2,1,3,2,02,1,1,070,070,1,0,1,3,1,23,5,1,4,00,2,4,1,201300057037B02,7,1,1
201300057039,2013-10-10,2013,octobre,jeudi,93:0,973,97305,0,-0,1,1,1,1,1,4,1,00,1,1,000,050,1,0,1,4,1,34,4,1,1,00,2,7,1,201300057039B02,7,1,1
201300057049,2013-08-10,2013,août,samedi,90:0,973,97304,0,-0,1,1,3,1,1,2,2,02,-1,2,000,070,1,0,1,3,1,52,5,1,1,00,0,8,1,201300057049B02,7,17,1
201300057050,2013-10-20,2013,octobre,dimanche,93:0,973,97304,0,-0,2,1,3,1,1,4,-1,00,1,1,000,060,1,5,1,3,1,15,5,1,2,00,2,8,19,201300057050B02,7,1,1
201300057068,2013-04-25,2013,avril,jeudi,12:15,973,97311,0,-0,2,1,1,1,1,4,2,02,1,2,000,060,1,0,1,3,1,27,5,1,1,00,2,1,1,201300057068B02,7,13,1
201300057077,2013-12-17,2013,décembre,mardi,71:5,973,97311,0,-0,2,1,1,1,1,4,2,02,1,1,000,060,2,0,1,2,2,44,1,1,8,00,2,0,0,201300057077B02,38,2,1
201300057085,2013-11-08,2013,novembre,vendredi,18:30,973,97306,0,-0,1,1,1,3,1,3,2,02,1,1,000,062,1,0,1,2,1,58,9,1,4,00,2,1,1,201300057085B02,7,17,1
201300057086,2013-01-15,2013,janvier,mardi,10:15,973,97353,0,-0,2,1,7,1,1,4,2,02,4,2,000,052,1,0,1,3,2,16,5,1,1,00,0,7,0,201300057086A01,,,
201300057086,2013-01-15,2013,janvier,mardi,10:15,973,97353,0,-0,2,1,7,1,1,4,2,02,4,2,000,052,1,0,1,4,2,16,0,1,1,00,0,7,0,201300057086A01,,,
201300057114,2013-05-01,2013,mai,mercredi,23:15,974,97402,-0,0,1,1,1,3,1,2,3,04,1,1,010,196,1,0,1,3,1,23,5,1,4,00,2,1,5,201300057114A01,30,1,1
201300057115,2013-09-20,2013,septembre,vendredi,18:45,974,97402,-0,0,1,1,1,3,1,2,3,04,1,3,000,060,1,0,1,3,1,29,5,1,4,00,2,6,19,201300057115B02,7,1,1
201300057121,2013-12-23,2013,décembre,lundi,81:5,974,97419,-0,0,1,1,3,1,1,4,2,02,2,1,000,000,1,0,1,3,1,18,5,1,1,00,2,7,16,201300057121B02,7,1,1
201300057124,2013-01-07,2013,janvier,lundi,18:00,974,97406,-0,0,2,1,2,1,1,3,2,02,1,1,000,072,1,0,1,4,1,19,5,1,1,00,2,1,1,201300057124A01,7,2,1
201300057126,2013-12-07,2013,décembre,samedi,17:30,974,97406,-0,0,2,1,2,1,2,4,2,02,1,1,036,120,2,0,1,3,1,12,5,1,1,00,2,4,2,201300057126B02,7,2,1
201300057140,2013-08-25,2013,août,dimanche,73:0,974,97415,-0,0,1,1,2,1,1,2,2,02,1,1,000,080,1,0,1,3,1,61,5,1,2,00,2,4,2,201300057140A01,7,2,1
201300057145,2013-08-18,2013,août,dimanche,13:30,974,97415,-0,0,1,1,2,1,1,3,2,00,1,1,055,000,1,0,1,3,1,50,5,1,1,00,0,4,0,201300057145B02,7,1,1
201300057148,2013-01-17,2013,janvier,jeudi,17:00,974,97414,-0,0,2,1,1,1,1,3,2,02,2,1,000,065,1,0,1,3,1,12,5,1,1,00,2,1,16,201300057148A01,7,1,1
201300057148,2013-01-17,2013,janvier,jeudi,17:00,974,97414,-0,0,2,1,1,1,1,3,2,02,2,1,000,065,1,0,1,4,1,16,0,1,1,00,2,1,16,201300057148A01,7,1,1
201300057149,2013-01-28,2013,janvier,lundi,16:30,974,97414,-0,0,2,1,3,1,1,4,2,00,2,1,000,064,1,5,1,3,1,28,5,1,2,00,0,1,1,201300057149B02,10,15,1
201300057150,2013-03-05,2013,mars,mardi,18:45,974,97414,-0,0,1,1,1,2,1,3,-1,02,1,1,000,060,1,0,1,3,1,31,0,1,2,00,0,0,0,201300057150B02,10,15,1
201300057153,2013-08-12,2013,août,lundi,18:00,974,97414,-0,0,2,1,1,2,1,4,2,02,3,1,055,050,1,0,1,3,1,12,5,1,1,00,2,3,19,201300057153B02,7,1,1
201300057155,2013-10-14,2013,octobre,lundi,14:00,974,97414,-0,0,2,1,1,1,1,4,2,02,1,1,065,000,1,5,1,3,1,14,5,1,1,00,2,1,15,201300057155A01,7,1,1
201300057159,2013-07-02,2013,juillet,mardi,16:00,974,97403,-0,0,1,1,3,1,1,3,2,02,3,2,000,055,1,0,1,3,1,13,5,1,2,00,2,1,1,201300057159B02,38,1,1
201300057183,2013-08-25,2013,août,dimanche,19:15,974,97417,-0,0,1,1,6,3,1,4,2,01,2,3,000,031,1,0,3,2,1,22,5,1,1,02,0,1,0,201300057183A01,,,
201300057184,2013-09-08,2013,septembre,dimanche,64:5,974,97417,-0,0,2,1,2,1,1,2,2,02,1,1,000,070,1,0,1,4,1,62,5,1,2,00,0,4,2,201300057184B02,7,2,1
201300057187,2013-04-20,2013,avril,samedi,10:45,974,97422,-0,0,1,3,3,1,1,4,2,01,2,2,045,000,1,0,1,3,1,14,5,1,1,00,0,1,16,201300057187B02,7,1,1
201300057189,2013-06-27,2013,juin,jeudi,20:00,974,97422,-0,0,1,1,1,3,1,4,2,02,4,1,000,050,1,0,1,3,1,15,5,1,2,00,2,1,21,201300057189A01,7,1,1
201300057221,2013-02-02,2013,février,samedi,12:30,971,97103,0,-0,2,1,1,1,1,9,2,00,2,1,000,000,1,0,1,3,1,25,0,1,1,00,2,1,0,201300057221A01,7,1,1
201300057223,2013-02-24,2013,février,dimanche,61:5,971,97103,0,-0,2,1,6,2,1,3,-1,00,1,-1,000,055,1,0,1,3,1,55,5,1,2,00,0,4,1,201300057223B02,99,1,1
201300057228,2013-07-23,2013,juillet,mardi,71:5,971,97103,0,-0,1,1,1,1,1,2,2,00,1,1,000,000,1,0,1,2,1,53,5,1,2,00,9,4,1,201300057228A01,14,1,1
201300057247,2013-01-30,2013,janvier,mercredi,17:45,973,97309,0,-0,2,1,1,1,1,4,2,00,1,1,000,060,1,5,1,3,1,14,5,1,1,00,2,1,1,201300057247B02,7,1,1
201300057250,2013-02-09,2013,février,samedi,14:00,973,97309,0,-0,2,1,1,1,1,3,2,02,1,1,100,000,1,0,1,3,1,18,5,1,2,00,2,0,1,201300057250B02,10,1,1
201300057253,2013-03-22,2013,mars,vendredi,17:45,973,97309,0,-0,2,1,3,1,1,4,2,00,2,1,000,000,1,0,1,3,1,17,5,1,2,00,2,1,19,201300057253B02,7,1,1
201300057262,2013-07-30,2013,juillet,mardi,17:00,973,97309,0,-0,2,1,4,2,1,3,2,02,2,4,000,000,1,0,0,3,1,45,5,1,2,00,2,1,1,201300057262B02,7,15,1
201300057262,2013-07-30,2013,juillet,mardi,17:00,973,97309,0,-0,2,1,4,2,1,3,2,02,2,4,000,000,1,0,0,1,1,40,5,1,2,00,2,1,1,201300057262C03,7,15,1
201300057273,2013-05-01,2013,mai,mercredi,18:30,974,97415,-0,0,2,1,1,3,1,3,2,02,2,2,060,060,1,0,1,2,1,14,5,1,4,00,2,1,17,201300057273A01,7,1,1
201300057280,2013-02-18,2013,février,lundi,12:00,973,97304,0,-0,1,1,3,1,2,2,2,00,1,1,000,062,2,0,1,3,1,46,5,1,2,00,2,8,1,201300057280B02,10,17,1
201300057298,2013-10-26,2013,octobre,samedi,45:,973,97307,0,-0,1,1,2,5,1,2,2,02,1,1,000,070,1,0,1,2,1,19,0,1,4,00,2,4,2,201300057298B02,7,2,1
201300057313,2013-12-22,2013,décembre,dimanche,80:0,974,97413,-0,0,2,1,2,1,1,2,2,00,-1,1,000,100,1,0,5,3,1,58,5,1,2,00,0,4,1,201300057313B02,7,1,1
201300057323,2013-06-09,2013,juin,dimanche,91:5,974,97414,-0,0,1,1,2,1,7,2,3,04,1,1,000,130,1,0,2,3,1,40,5,1,2,00,0,4,1,201300057323B02,7,14,1
201300057325,2013-12-20,2013,décembre,vendredi,11:30,974,97414,-0,0,2,2,1,1,1,3,2,02,3,1,000,050,1,5,1,3,1,13,5,1,1,00,2,8,1,201300057325A01,7,1,1
201300057330,2013-07-28,2013,juillet,dimanche,61:5,974,97410,-0,0,1,1,7,1,2,2,2,02,2,1,000,075,2,0,1,4,1,19,5,1,2,00,0,0,0,201300057330A01,,,
201300057330,2013-07-28,2013,juillet,dimanche,61:5,974,97410,-0,0,1,1,7,1,2,2,2,02,2,1,000,075,2,0,1,2,1,20,0,1,2,00,0,0,0,201300057330A01,,,
201300057372,2013-03-11,2013,mars,lundi,17:45,972,97207,0,-0,1,1,7,1,1,3,2,02,2,1,000,057,1,0,1,3,1,43,5,1,2,00,0,0,1,201300057372A01,,,
201300057378,2013-03-15,2013,mars,vendredi,19:00,972,97214,0,-0,2,1,3,5,1,4,2,02,2,1,000,070,1,0,1,3,1,18,0,1,2,00,2,7,13,201300057378B02,7,17,1
201300057395,2013-05-14,2013,mai,mardi,12:00,974,97404,-0,0,1,3,1,1,1,3,2,02,1,1,000,000,1,0,1,3,1,52,5,1,2,00,2,8,1,201300057395B02,7,1,1
201300057415,2013-06-01,2013,juin,samedi,80:0,971,97105,0,-0,2,6,3,1,1,2,1,00,1,1,000,000,1,0,1,4,1,57,5,1,2,00,2,0,2,201300057415B01,7,2,1
201300057432,2013-03-15,2013,mars,vendredi,20:30,971,97107,0,-0,2,1,3,5,1,2,2,02,2,1,000,061,1,6,1,3,1,18,0,1,9,00,0,0,0,201300057432B01,99,2,1
201300057473,2013-03-07,2013,mars,jeudi,55:,971,97101,0,-0,1,1,2,3,1,3,2,02,1,1,000,063,1,0,1,2,1,54,0,1,4,00,2,4,2,201300057473B01,7,2,1
201300057477,2013-03-15,2013,mars,vendredi,13:55,971,97101,0,-0,1,3,6,1,1,4,2,01,-1,-1,000,000,-1,0,1,3,1,8,3,1,9,00,2,0,0,201300057477A01,7,1,1
201300057491,2013-04-13,2013,avril,samedi,20:45,971,97120,0,-0,2,1,1,3,1,3,2,00,1,1,000,000,1,0,1,3,1,17,5,1,4,00,2,7,19,201300057491B01,7,1,1
201300057492,2013-04-14,2013,avril,dimanche,18:00,971,97101,0,-0,2,3,3,2,1,3,2,02,1,1,000,069,1,0,1,3,1,12,5,1,9,00,2,0,15,201300057492B01,7,1,1
201300057502,2013-05-07,2013,mai,mardi,10:30,971,97120,0,-0,2,1,3,1,1,4,1,01,1,3,000,000,1,0,1,4,1,49,0,1,4,00,2,8,19,201300057502A01,32,1,1
201300057510,2013-06-08,2013,juin,samedi,65:0,971,97101,0,-0,1,1,1,1,1,4,2,02,1,1,000,066,1,0,1,2,1,62,0,1,2,00,2,0,1,201300057510B01,7,0,1
201300057542,2013-10-20,2013,octobre,dimanche,16:30,971,97113,0,-0,1,1,6,1,8,9,2,01,2,3,000,000,2,0,1,2,1,15,5,1,2,00,2,0,5,201300057542B01,3,1,1
201300057552,2013-11-11,2013,novembre,lundi,10:20,971,97101,0,-0,1,6,3,1,1,2,1,02,1,2,000,000,1,0,2,3,1,55,0,1,2,00,2,8,16,201300057552B01,7,16,1
201300057655,2013-07-12,2013,juillet,vendredi,18:15,972,97209,0,-0,2,1,3,2,1,2,2,02,2,4,000,060,1,0,1,3,1,32,9,1,9,00,2,1,1,201300057655B01,7,11,1
201300057666,2013-08-11,2013,août,dimanche,21:0,972,97209,0,-0,2,1,6,5,1,3,3,04,1,3,000,000,1,0,1,3,1,44,5,1,4,00,2,4,13,201300057666A01,7,1,1
201300057786,2013-12-05,2013,décembre,jeudi,63:8,972,97213,0,0,1,1,3,1,1,3,2,02,-1,-1,000,000,1,0,1,4,1,51,0,1,9,00,2,1,2,201300057786B01,7,1,1
201300057797,2013-01-11,2013,janvier,vendredi,15:45,973,97302,0,-0,2,1,3,1,1,4,-1,01,-1,-1,000,000,-1,0,0,3,1,16,2,1,9,00,0,2,0,201300057797A01,32,0,1
201300057800,2013-01-15,2013,janvier,mardi,20:45,973,97302,0,-0,2,1,3,5,1,4,-1,01,1,1,000,110,1,0,1,4,1,18,0,1,9,00,2,1,0,201300057800A01,7,15,1
201300057811,2013-02-16,2013,février,samedi,23:15,973,97302,0,-0,2,1,2,4,1,4,2,01,1,1,000,081,2,0,1,3,1,22,0,1,9,00,0,0,0,201300057811A01,7,0,1
201300057820,2013-03-21,2013,mars,jeudi,14:05,973,97302,0,-0,2,3,6,1,1,4,2,01,1,1,000,080,1,0,1,4,1,58,5,1,9,00,9,1,5,201300057820B01,7,16,1
201300057848,2013-06-14,2013,juin,vendredi,14:30,973,97302,0,-0,2,1,2,1,1,4,2,02,1,1,000,070,1,0,1,4,1,61,0,1,9,00,2,4,0,201300057848B01,7,0,1
201300057864,2013-07-17,2013,juillet,mercredi,12:20,973,97302,0,-0,2,1,2,1,1,4,3,01,1,1,000,080,1,0,1,4,1,20,0,1,9,00,2,4,2,201300057864B01,7,2,1
201300057874,2013-08-11,2013,août,dimanche,65:5,973,97302,0,-0,1,6,2,1,1,2,1,01,1,3,010,070,1,0,1,4,1,52,5,1,2,00,2,6,9,201300057874B01,7,2,1
201300057877,2013-08-26,2013,août,lundi,19:15,973,97302,0,-0,2,1,6,5,1,4,2,02,1,-1,000,054,1,0,1,1,1,34,0,1,2,00,1,2,1,201300057877A01,,,
201300057889,2013-09-23,2013,septembre,lundi,20:05,973,97302,0,-0,2,2,3,5,1,4,2,01,1,1,000,060,1,0,1,4,1,18,0,1,4,00,2,1,19,201300057889B01,7,1,1
201300057889,2013-09-23,2013,septembre,lundi,20:05,973,97302,0,-0,2,2,3,5,1,4,2,01,1,1,000,060,1,0,1,4,2,15,0,1,4,00,2,1,19,201300057889B01,7,1,1
201300057891,2013-09-25,2013,septembre,mercredi,15:25,973,97302,0,-0,2,3,3,1,1,4,2,02,-1,-1,000,000,1,0,1,4,1,11,0,1,4,00,2,3,15,201300057891A01,2,2,1
201300057897,2013-10-18,2013,octobre,vendredi,75:0,973,97302,0,-0,2,3,3,1,1,4,1,02,1,1,000,000,1,0,1,3,1,28,0,1,9,00,2,7,1,201300057897B01,7,19,1
201300057915,2013-12-14,2013,décembre,samedi,12:05,973,97302,0,0,1,1,3,1,1,4,2,01,1,-1,000,060,2,0,1,3,1,21,3,1,4,00,2,0,14,201300057915B01,10,22,1
201300057916,2013-12-17,2013,décembre,mardi,16:00,973,97302,0,0,1,3,1,1,3,4,1,01,-1,-1,000,040,1,0,1,4,2,13,2,1,9,00,2,8,15,201300057916B01,2,1,1
201300057917,2013-10-05,2013,octobre,samedi,71:0,973,97302,0,-0,2,1,7,3,1,3,2,02,1,1,060,060,1,0,1,2,1,57,0,1,9,00,0,0,0,201300057917B01,99,0,1
201300057960,2013-06-06,2013,juin,jeudi,15:15,974,97407,-0,0,2,1,6,1,1,2,-1,01,1,-1,000,050,-1,0,1,4,1,27,0,1,9,00,1,0,0,201300057960A01,,,
201300057981,2013-08-26,2013,août,lundi,73:0,974,97407,-0,0,2,1,7,1,1,4,2,02,1,1,000,040,1,0,1,4,2,33,0,1,9,01,0,1,1,201300057981B01,7,24,1
201300057996,2013-10-31,2013,octobre,jeudi,90:0,974,97407,-0,0,2,1,3,1,1,4,2,01,1,1,000,138,3,0,1,4,1,17,2,1,9,00,2,1,1,201300057996B01,7,10,1
201300058010,2013-12-10,2013,décembre,mardi,17:00,974,97407,-0,0,2,2,3,1,1,4,1,02,1,-1,020,070,1,0,5,3,1,41,0,1,9,00,0,1,1,201300058010B01,7,16,1
201300058020,2013-02-12,2013,février,mardi,19:25,974,97409,-0,0,2,1,6,3,1,4,2,02,1,1,000,000,2,0,1,4,1,19,5,1,4,00,2,1,1,201300058020B01,7,16,1
201300058022,2013-02-18,2013,février,lundi,71:5,974,97409,-0,0,2,1,6,1,2,4,2,00,1,1,000,000,1,0,1,4,1,13,2,1,2,00,2,1,9,201300058022B01,10,2,1
201300058028,2013-03-08,2013,mars,vendredi,14:00,974,97409,-0,0,1,1,6,1,1,4,2,02,2,3,000,045,1,0,1,3,1,18,0,1,9,00,2,0,1,201300058028A01,20,1,1
201300058030,2013-04-04,2013,avril,jeudi,54:0,974,97409,-0,0,2,1,2,3,2,3,2,02,-1,-1,000,061,2,0,1,4,1,22,0,1,9,00,0,4,2,201300058030B01,7,2,1
201300058038,2013-04-29,2013,avril,lundi,18:55,974,97409,-0,0,1,1,3,5,1,4,2,02,-1,-1,000,060,1,0,1,4,1,33,0,1,9,00,2,3,2,201300058038B01,7,15,1
201300058039,2013-03-13,2013,mars,mercredi,17:55,974,97409,-0,0,1,1,1,2,1,4,2,02,1,1,000,000,1,0,0,4,1,59,0,1,9,00,2,2,1,201300058039B01,7,15,1
201300058040,2013-04-10,2013,avril,mercredi,18:55,974,97409,-0,0,1,1,2,3,1,4,2,02,-1,-1,000,000,1,0,1,4,1,23,0,1,9,00,0,0,2,201300058040A01,99,2,1
201300058048,2013-03-15,2013,mars,vendredi,10:40,974,97409,-0,0,2,2,3,1,1,4,2,02,1,1,000,068,1,0,1,4,1,12,5,1,2,00,2,1,19,201300058048A01,7,1,1
201300058055,2013-06-08,2013,juin,samedi,14:30,974,97409,-0,0,2,1,5,1,1,4,2,02,1,1,000,000,1,0,1,4,1,45,0,1,9,00,2,0,0,201300058055B01,7,0,1
201300058055,2013-06-08,2013,juin,samedi,14:30,974,97409,-0,0,2,1,5,1,1,4,2,02,1,1,000,000,1,0,1,4,1,11,0,1,9,00,2,0,0,201300058055C01,7,0,1
201300058058,2013-06-28,2013,juin,vendredi,14:15,974,97409,-0,0,2,1,2,1,1,3,2,02,1,1,000,000,1,0,1,4,1,25,0,1,9,00,2,1,0,201300058058A01,7,0,1
201300058063,2013-07-09,2013,juillet,mardi,18:55,974,97409,-0,0,2,1,2,5,1,2,2,02,1,1,000,000,-1,0,0,4,1,16,0,1,9,00,2,0,0,201300058063A01,7,0,1
201300058064,2013-07-10,2013,juillet,mercredi,21:00,974,97409,-0,0,2,1,7,5,1,4,2,01,1,1,000,000,1,0,0,4,1,13,0,1,9,00,0,0,0,201300058064A01,,,
201300058069,2013-10-20,2013,octobre,dimanche,20:00,974,97409,0,0,2,3,3,5,1,4,2,01,-1,-1,000,070,1,0,1,4,1,19,5,1,4,00,2,1,5,201300058069A01,7,15,1
201300058132,2013-06-28,2013,juin,vendredi,19:50,974,97411,-0,0,2,1,6,3,1,4,1,01,1,3,000,000,1,0,1,1,1,19,0,1,9,00,1,1,0,201300058132A01,,,
201300058132,2013-06-28,2013,juin,vendredi,19:50,974,97411,-0,0,2,1,6,3,1,4,1,01,1,3,000,000,1,0,1,4,1,59,0,1,9,00,1,1,0,201300058132A01,,,
201300058166,2013-11-27,2013,novembre,mercredi,12:55,974,97411,-0,0,2,4,5,1,1,4,1,02,1,1,000,069,1,0,0,4,1,41,0,1,9,00,2,1,0,201300058166C01,2/ 33,0,2
201300058198,2013-01-13,2013,janvier,dimanche,11:30,974,97416,-0,0,2,1,7,1,1,4,2,02,2,1,000,050,1,0,1,4,1,18,9,1,9,16,0,1,21,201300058198A01,,,
201300058211,2013-02-11,2013,février,lundi,15:15,974,97416,-0,0,1,1,2,1,1,4,2,02,1,1,000,060,1,0,1,4,1,15,9,1,9,00,2,1,1,201300058211B01,7,1,1
201300058217,2013-02-24,2013,février,dimanche,16:25,974,97416,-0,0,1,1,3,1,2,4,2,02,2,1,000,050,1,0,1,4,1,12,9,1,9,00,2,8,1,201300058217A01,7,1,1
201300058241,2013-04-04,2013,avril,jeudi,23:05,974,97416,-0,0,2,1,3,5,1,4,-1,02,-1,-1,000,050,-1,0,1,4,1,42,0,1,9,00,2,1,5,201300058241B01,7,15,1
201300058255,2013-05-02,2013,mai,jeudi,19:10,974,97416,-0,0,2,1,6,3,1,4,2,02,-1,-1,000,050,-1,0,1,4,1,60,0,1,2,00,2,0,1,201300058255A01,7,1,1
201300058257,2013-05-04,2013,mai,samedi,23:00,974,97416,-0,0,2,1,6,3,1,4,-1,01,-1,-1,000,050,-1,0,0,4,1,30,0,1,2,00,0,0,0,201300058257A01,,,
201300058260,2013-05-08,2013,mai,mercredi,80:0,974,97416,-0,0,1,1,6,1,1,4,2,02,-1,-1,000,050,-1,0,1,4,1,46,0,1,9,00,2,1,2,201300058260B01,7,2,1
201300058263,2013-05-16,2013,mai,jeudi,74:5,974,97416,-0,0,2,1,6,1,1,4,-1,00,-1,-1,000,050,-1,0,1,4,1,54,0,1,9,00,0,1,21,201300058263A01,,,
201300058277,2013-06-03,2013,juin,lundi,18:14,974,97416,-0,0,1,1,7,5,1,4,2,02,1,1,000,050,1,0,1,4,1,14,9,1,4,00,0,0,1,201300058277A01,,,
201300058284,2013-06-12,2013,juin,mercredi,16:50,974,97416,-0,0,2,1,3,1,1,4,2,02,1,1,000,050,1,0,1,4,1,14,0,1,2,00,2,1,19,201300058284A01,7,1,1
201300058298,2013-07-12,2013,juillet,vendredi,16:35,974,97416,-0,0,2,3,3,1,1,4,1,02,2,1,000,070,1,0,1,4,2,44,0,1,2,00,2,7,15,201300058298B01,7,15,1
201300058312,2013-08-09,2013,août,vendredi,14:30,974,97416,-0,0,1,3,3,1,1,2,2,02,2,1,000,070,1,0,1,4,1,13,9,1,9,00,2,1,1,201300058312B01,7,21,1
201300058359,2013-10-26,2013,octobre,samedi,12:00,974,97416,-0,0,1,1,6,1,1,4,2,02,-1,1,000,070,1,0,1,4,2,9,9,1,9,00,1,1,1,201300058359A01,,,
201300058361,2013-11-04,2013,novembre,lundi,18:00,974,97416,-0,0,1,1,3,1,1,2,1,02,1,1,000,080,1,0,1,4,1,39,9,1,9,00,2,4,1,201300058361B01,7,17,1
201300058386,2013-12-16,2013,décembre,lundi,19:25,974,97416,0,0,2,3,3,3,1,4,1,01,1,1,000,060,2,0,1,4,1,15,9,1,9,00,2,1,1,201300058386A01,7,1,1
201400000009,2014-11-02,2014,novembre,dimanche,11:00,59,59257,0,0,1,1,1,1,1,3,2,02,1,1,000,000,1,0,1,2,1,75,5,1,2,00,2,1,1,201400000009A01,14,1,1
201400000018,2014-02-22,2014,février,samedi,94:5,59,59592,0,0,1,1,2,1,7,3,2,01,1,1,000,071,1,0,1,3,1,55,5,1,2,00,0,4,1,201400000018B02,7,2,1
201400000020,2014-04-18,2014,avril,vendredi,16:30,59,59411,50.486,3.059,1,1,7,1,1,3,2,02,2,4,033,000,1,0,1,3,1,65,5,1,1,00,0,0,1,201400000020A01,,,
201400000022,2014-07-14,2014,juillet,lundi,19:15,59,59452,0,0,2,1,1,1,1,3,2,01,1,1,000,062,1,0,1,3,1,35,5,1,2,00,2,1,1,201400000022B02,7,15,1
201400000030,2014-02-06,2014,février,jeudi,11:00,59,59663,0,0,1,1,3,1,1,4,2,01,1,1,000,040,2,0,1,2,1,66,5,1,2,00,2,8,1,201400000030B02,14,1,1
201400000033,2014-08-05,2014,août,mardi,93:0,59,59305,0,0,2,1,3,1,1,4,2,02,1,1,000,055,1,0,1,3,2,50,5,1,1,00,2,3,15,201400000033B02,7,17,1
201400000046,2014-03-11,2014,mars,mardi,17:30,59,59237,0,0,2,9,1,1,1,3,2,02,1,1,000,065,1,0,1,3,1,9,5,1,2,00,2,7,19,201400000046A01,7,1,1
201400000072,2014-08-22,2014,août,vendredi,20:45,59,59054,0,0,1,1,3,1,1,3,2,00,2,1,000,080,1,0,1,3,1,20,5,1,1,00,2,8,15,201400000072B02,7,1,1
201400000093,2014-10-06,2014,octobre,lundi,11:15,59,59611,50.69864,3.01465,1,1,6,1,1,3,2,02,1,1,000,000,1,0,1,3,1,66,5,1,2,00,2,4,13,201400000093A01,7,2,1
201400000108,2014-12-09,2014,décembre,mardi,16:00,59,59218,0,0,1,1,1,1,8,2,3,05,1,1,017,156,2,0,1,2,1,59,5,1,2,00,0,0,0,201400000108B02,14,1,1
201400000122,2014-08-09,2014,août,samedi,12:45,59,59633,50.05898,4.16714,2,1,1,1,1,3,2,00,2,3,000,050,1,0,1,4,1,48,5,1,1,00,0,0,1,201400000122B02,17,17,1
201400000190,2014-04-03,2014,avril,jeudi,16:15,62,62117,50.09665,3.01061,1,1,1,1,1,3,2,02,1,1,000,000,1,0,1,3,1,19,5,1,2,01,0,1,21,201400000190B02,21,0,1
201400000217,2014-10-15,2014,octobre,mercredi,94:5,62,62173,50.33344,3.02159,2,4,3,1,1,3,2,02,1,1,000,050,1,0,1,3,2,78,3,1,1,00,2,8,15,201400000217B02,7,15,1
201400000256,2014-09-13,2014,septembre,samedi,91:5,62,62318,50.51954,1.65292,2,1,3,1,1,4,2,01,2,1,000,000,1,0,1,3,1,11,5,1,2,00,2,7,19,201400000256B02,7,21,1
201400000291,2014-09-21,2014,septembre,dimanche,13:30,62,62352,50.32852,2.31011,1,1,3,1,1,3,2,02,-1,1,000,060,1,0,1,3,1,19,5,1,2,00,2,1,15,201400000291B02,7,18,1
201400000322,2014-12-21,2014,décembre,dimanche,15:45,80,80016,50.00364,2.64798,2,6,3,1,1,4,2,02,-1,1,000,000,1,0,1,3,2,76,5,1,2,00,2,1,1,201400000322B02,7,19,1
201400000369,2014-05-13,2014,mai,mardi,21:15,02,02089,0,0,1,1,7,3,1,2,2,02,1,1,000,000,1,0,1,3,1,18,5,1,4,00,0,0,1,201400000369A01,,,
201400000399,2014-07-12,2014,juillet,samedi,12:00,02,02381,0,0,1,1,2,1,1,3,2,02,1,1,000,072,1,0,1,2,1,53,5,1,2,00,0,4,14,201400000399A01,7,14,1
201400000473,2014-02-22,2014,février,samedi,16:00,60,60318,0,0,2,1,1,1,1,3,2,02,1,1,000,000,1,0,1,3,1,62,5,1,2,00,2,3,1,201400000473B02,7,15,1
201400000493,2014-10-19,2014,octobre,dimanche,14:45,57,57124,0,0,2,1,3,1,1,3,2,00,1,2,000,000,1,0,1,3,1,60,5,1,2,00,2,8,15,201400000493B02,7,16,1
201400000504,2014-11-24,2014,novembre,lundi,15:45,60,60612,0,0,2,1,1,1,2,3,-1,02,1,-1,000,000,2,0,1,3,1,80,3,1,2,00,2,4,15,201400000504B02,7,1,1
201400000544,2014-02-23,2014,février,dimanche,11:45,76,76517,49.52216,1.13623,1,2,3,1,1,3,2,02,1,1,000,650,1,0,1,3,2,46,5,1,2,00,2,7,15,201400000544B02,7,17,1
201400000559,2014-03-10,2014,mars,lundi,14:00,76,76630,49.90768,1.30382,2,1,7,1,1,3,2,00,1,1,000,058,1,0,1,3,1,68,5,1,4,00,0,8,1,201400000559A01,,,
201400000568,2014-09-16,2014,septembre,mardi,14:00,76,76193,49.69762,1.18603,1,1,7,1,1,3,2,01,4,2,000,045,1,0,1,3,1,11,5,1,2,00,0,0,1,201400000568A01,,,
201400000627,2014-08-31,2014,août,dimanche,11:45,76,76551,49.55504,0.29799,1,2,3,1,1,3,2,00,1,1,000,068,1,0,1,3,1,47,1,1,2,00,2,1,0,201400000627B02,7,0,1
201400000666,2014-11-14,2014,novembre,vendredi,15:00,76,76758,49.62396,0.7648,1,1,6,1,1,3,2,02,1,1,000,000,1,0,1,2,1,88,0,1,4,00,2,,1,201400000666B02,30,2,1
201400000709,2014-05-05,2014,mai,lundi,16:00,27,27119,48.555,1.262,2,1,7,1,1,3,2,00,1,1,000,000,1,0,0,3,1,13,5,1,1,00,0,0,13,201400000709B02,37,17,1