Num_Acc,date,an,mois,jour,hrmn,dep,com,lat,long,agg,int,col,lum,atm,catr,circ,nbv,prof,plan,lartpc,larrout,surf,infra,situ,grav,sexe,age,trajet,secuexist,equipement,obs,obsm,choc,manv,vehiculeid,typevehicules,manoeuvehicules,numVehicules
201400000783,2014-08-15,2014,août,vendredi,20:15,27,27394,49.173,1.032,1,2,2,1,1,3,2,00,-1,1,000,000,1,0,1,2,1,28,5,1,2,00,0,4,1,201400000783B02,7,1,1
201400000797,2014-05-30,2014,mai,vendredi,14:45,27,27597,49.23,0.212,1,1,3,1,1,4,2,02,1,1,000,280,-1,0,1,3,2,9,9,1,2,00,2,2,1,201400000797B02,7,1,1
201400000816,2014-08-13,2014,août,mercredi,11:45,27,27090,49.18,0.562,2,1,1,1,1,4,2,02,1,1,000,031,1,0,1,2,2,67,5,1,1,00,2,1,1,201400000816B02,21,13,1
201400000822,2014-06-25,2014,juin,mercredi,10:30,27,27288,49.16,0.411,1,2,3,1,1,3,2,02,1,1,000,006,1,0,1,3,1,15,5,1,2,00,2,8,19,201400000822B02,7,1,1
201400000860,2014-05-08,2014,mai,jeudi,11:45,35,35080,0,0,1,1,2,1,1,3,2,00,1,1,000,000,1,0,1,4,1,41,9,1,8,01,0,1,1,201400000860B02,7,24,1
201400000862,2014-09-13,2014,septembre,samedi,15:00,35,35240,48.10248,-1.83165,1,2,3,1,1,3,2,02,1,1,000,000,1,5,1,3,1,39,5,1,1,00,2,1,1,201400000862B02,7,19,1
201400000873,2014-04-13,2014,avril,dimanche,10:15,35,35178,48.305,-1.431,1,3,5,1,1,3,2,02,2,1,000,000,1,0,1,4,1,35,5,1,2,00,2,1,1,201400000873B02,7,15,1
201400000873,2014-04-13,2014,avril,dimanche,10:15,35,35178,48.305,-1.431,1,3,5,1,1,3,2,02,2,1,000,000,1,0,1,4,1,42,5,1,2,00,2,1,1,201400000873A01,7,15,1
201400000892,2014-12-09,2014,décembre,mardi,15:30,35,35253,48.25445,-1.41121,2,1,1,1,8,3,2,00,-1,1,000,000,1,5,1,3,1,61,5,1,4,00,2,8,1,201400000892B02,7,16,1
201400000893,2014-12-15,2014,décembre,lundi,16:00,35,35273,48.42645,-1.27304,1,1,7,1,1,3,2,02,-1,1,050,000,1,0,1,3,1,43,5,1,1,00,0,0,1,201400000893A01,,,
201400000901,2014-10-09,2014,octobre,jeudi,17:00,35,35237,47.73932,-1.96979,1,1,1,1,1,3,2,02,2,1,000,048,1,0,1,3,2,76,5,1,1,00,2,5,15,201400000901B02,7,1,1
201400000906,2014-03-23,2014,mars,dimanche,11:15,35,35176,47.8263,-1.80988,2,1,1,1,1,4,2,02,1,1,000,080,1,0,1,4,1,11,5,1,9,01,0,2,17,201400000906A01,15,24,1
201400000932,2014-12-28,2014,décembre,dimanche,16:15,35,35123,48.01217,-1.83714,1,1,3,1,7,3,2,01,4,1,000,056,1,0,1,3,1,59,5,1,2,00,2,1,1,201400000932B02,7,15,1
201400000933,2014-02-09,2014,février,dimanche,10:45,35,35168,47.92352,-1.95733,1,1,2,1,1,3,2,02,4,1,000,060,1,0,1,3,1,51,5,1,2,00,2,4,1,201400000933B02,7,1,1
201400000938,2014-06-22,2014,juin,dimanche,11:00,35,35179,0,0,1,1,3,1,1,3,2,00,2,1,000,060,1,0,1,3,1,60,5,1,2,00,2,8,1,201400000938B02,7,17,1
201400001018,2014-08-01,2014,août,vendredi,18:00,22,22389,48.48044,-2.64607,1,6,2,1,1,3,-1,02,1,2,000,000,1,0,1,3,1,22,5,1,2,00,2,4,2,201400001018B02,7,2,1
201400001023,2014-01-07,2014,janvier,mardi,14:30,22,22171,48.40891,-2.81826,2,1,1,1,1,4,2,02,2,1,000,000,1,0,1,3,1,72,5,1,2,00,2,8,2,201400001023B02,7,16,1
201400001033,2014-07-30,2014,juillet,mercredi,16:45,22,22323,48.52836,-2.32543,1,1,2,1,1,3,2,02,1,1,000,070,1,0,1,2,1,65,5,1,2,00,2,4,1,201400001033B02,7,17,1
201400001037,2014-10-05,2014,octobre,dimanche,11:45,22,22282,48.62812,-2.25686,2,1,3,1,1,4,2,02,4,1,000,000,1,0,1,3,1,76,5,1,2,00,2,1,1,201400001037B02,7,19,1
201400001052,2014-02-07,2014,février,vendredi,13:00,22,22198,48.78627,-3.49227,1,6,3,1,1,3,4,02,1,1,000,000,1,5,1,3,1,61,5,1,2,00,2,2,15,201400001052B02,7,1,1
201400001064,2014-10-09,2014,octobre,jeudi,19:00,29,29225,47.966,-4.331,1,1,2,2,2,3,2,00,1,1,000,065,2,0,1,3,1,58,5,1,2,00,2,4,1,201400001064A01,10,1,1
201400001087,2014-02-19,2014,février,mercredi,15:45,29,29235,48.39524,-4.41231,2,1,7,1,2,4,3,02,2,1,000,000,2,0,1,3,1,61,5,1,2,00,0,1,1,201400001087A01,,,
201400001093,2014-01-11,2014,janvier,samedi,13:00,29,29103,48.44354,-4.26396,2,1,1,1,7,9,3,00,2,1,000,000,1,5,1,4,1,57,5,1,2,00,0,1,0,201400001093B02,7,0,1
201400001094,2014-06-24,2014,juin,mardi,11:45,29,29128,48.49254,-4.07733,1,3,3,1,1,3,2,02,1,3,000,070,1,0,1,3,1,65,5,1,2,00,2,8,15,201400001094A01,7,15,1
201400001121,2014-12-04,2014,décembre,jeudi,14:00,29,29196,48.538,-4.597,1,1,7,1,2,4,2,00,1,1,000,047,8,0,1,3,1,76,3,1,9,00,0,0,1,201400001121A01,,,
201400001137,2014-02-21,2014,février,vendredi,15:45,29,29107,48.06303,-3.97809,1,1,2,1,8,4,2,02,1,1,000,057,2,0,1,2,1,68,5,1,2,00,2,1,1,201400001137B02,21,4,1
201400001142,2014-10-14,2014,octobre,mardi,17:00,29,29020,48.09711,-3.9974,2,1,1,1,1,3,2,02,2,1,000,000,1,0,1,4,1,62,5,1,2,00,2,1,1,201400001142B02,7,15,1
201400001157,2014-11-01,2014,novembre,samedi,16:15,29,29191,48.51709,-3.70926,1,1,2,1,7,3,-1,00,-1,1,000,068,2,0,1,2,1,58,5,1,9,00,2,4,1,201400001157B02,7,1,1
201400001177,2014-05-31,2014,mai,samedi,18:30,29,29030,48.66265,-4.10303,1,1,1,1,1,4,2,00,1,3,000,055,1,0,1,4,1,6,0,1,1,00,2,1,5,201400001177B02,7,1,1
201400001177,2014-05-31,2014,mai,samedi,18:30,29,29030,48.66265,-4.10303,1,1,1,1,1,4,2,00,1,3,000,055,1,0,1,4,1,5,5,1,1,00,2,1,5,201400001177B02,7,1,1
201400001200,2014-01-25,2014,janvier,samedi,16:00,56,56194,0,0,1,6,6,1,7,3,2,01,1,-1,000,010,1,5,1,3,2,63,3,1,2,00,2,7,1,201400001200B02,7,1,1
201400001223,2014-11-21,2014,novembre,vendredi,80:0,56,56184,47.66149,-2.45625,2,9,3,2,5,9,2,00,-1,1,000,000,-1,0,1,3,1,17,2,1,2,00,2,1,1,201400001223B02,7,15,1
201400001224,2014-01-20,2014,janvier,lundi,74:5,56,56023,0,0,2,1,1,5,1,3,2,02,2,1,000,084,1,6,1,3,1,14,2,1,4,00,2,7,19,201400001224B02,7,1,1
201400001248,2014-03-02,2014,mars,dimanche,12:15,56,56165,47.93909,-2.40368,2,6,2,1,2,9,1,02,1,2,000,090,2,5,1,3,1,44,5,1,2,00,2,4,1,201400001248A01,7,1,1
201400001300,2014-10-24,2014,octobre,vendredi,12:45,14,14488,49.2646,-0.26206,1,6,3,1,1,3,3,04,1,1,000,000,1,5,1,3,1,20,1,1,2,00,2,3,1,201400001300B02,7,16,1
201400001317,2014-01-13,2014,janvier,lundi,16:30,14,14057,49.1247,-0.20698,2,1,3,1,1,3,2,03,-1,1,000,089,1,0,1,3,1,74,5,1,2,00,2,8,2,201400001317B02,15,17,1
201400001335,2014-03-10,2014,mars,lundi,18:00,14,14325,49.299,-0.30688,2,2,3,1,1,3,2,02,1,1,000,065,1,0,1,3,1,46,5,1,2,00,2,1,1,201400001335A01,7,19,1
201400001345,2014-04-05,2014,avril,samedi,15:25,14,14344,49.1553,-0.16591,1,1,7,1,1,3,2,02,2,1,000,062,1,0,1,3,1,63,5,1,9,00,0,1,1,201400001345A01,,,
201400001355,2014-10-10,2014,octobre,vendredi,18:45,14,14184,0,0,1,1,1,1,1,3,-1,02,-1,1,000,068,1,0,1,3,1,63,5,1,2,00,2,6,2,201400001355B02,7,1,1
201400001356,2014-12-02,2014,décembre,mardi,18:30,14,14630,0,0,1,6,1,3,3,3,4,01,1,2,000,045,2,3,1,3,1,39,5,1,4,00,2,1,5,201400001356A01,7,1,1
201400001357,2014-06-17,2014,juin,mardi,10:55,14,14468,49.2209,-0.76744,1,1,7,1,1,3,2,02,2,3,000,041,9,0,1,2,1,64,5,1,2,14,0,1,1,201400001357A01,,,
201400001371,2014-11-22,2014,novembre,samedi,14:55,14,14223,48.879,-0.34877,1,2,3,1,1,3,2,02,2,1,000,065,1,0,1,2,1,14,5,1,4,00,2,1,9,201400001371A01,7,1,1
201400001380,2014-02-07,2014,février,vendredi,83:0,14,14403,49.1438,0.34073,1,1,3,1,6,3,2,03,1,1,000,110,2,0,1,2,1,36,1,1,4,00,2,8,13,201400001380B02,10,17,1
201400001392,2014-09-28,2014,septembre,dimanche,10:15,14,14335,49.1743,-0.06497,1,1,3,1,1,3,2,01,1,3,000,044,1,0,1,3,1,77,5,1,2,00,2,2,5,201400001392B02,33,21,1
201400001406,2014-03-19,2014,mars,mercredi,16:15,14,14061,48.9213,-0.85491,1,2,3,1,1,3,2,02,-1,1,000,052,1,0,1,3,1,14,5,1,9,00,2,1,1,201400001406A01,7,1,1
201400001448,2014-03-29,2014,mars,samedi,14:15,50,50505,48.6587,-1.33778,1,3,3,1,1,3,2,02,2,1,000,059,1,0,1,3,2,12,5,1,2,00,2,8,19,201400001448B01,7,21,1
201400001483,2014-07-07,2014,juillet,lundi,81:5,50,50294,49.6042,-1.66376,1,6,3,1,7,3,1,02,1,1,000,065,1,0,1,3,1,50,5,1,2,00,2,7,1,201400001483B02,7,9,1
201400001505,2014-11-01,2014,novembre,samedi,18:30,50,50096,49.6472,-1.3818,1,3,3,2,8,3,2,02,1,1,000,065,1,0,1,3,1,76,5,1,4,00,2,8,15,201400001505A01,7,2,1
201400001507,2014-03-31,2014,mars,lundi,16:15,50,50003,49.0417,-1.56574,1,1,3,1,7,3,2,02,2,1,000,066,1,0,1,3,2,65,3,1,2,00,2,4,2,201400001507B01,7,2,1
201400001511,2014-07-10,2014,juillet,jeudi,83:0,50,50603,49.0554,-1.48409,1,6,3,1,1,3,2,02,1,1,000,060,1,5,1,3,1,55,5,1,2,00,2,8,1,201400001511B02,7,9,1
201400001533,2014-04-27,2014,avril,dimanche,18:15,50,50481,0,0,2,1,1,1,3,4,2,02,1,1,000,000,2,0,1,3,2,9,5,1,1,00,2,1,1,201400001533B02,7,1,1
201400001547,2014-05-16,2014,mai,vendredi,17:45,50,50200,48.6804,-0.79161,2,3,3,1,1,3,2,02,1,1,000,060,1,0,1,4,1,10,5,1,1,00,2,1,19,201400001547B01,7,1,1
201400001552,2014-01-06,2014,janvier,lundi,19:55,01,01053,0,0,2,2,3,3,1,4,2,02,1,1,000,072,1,0,1,4,1,41,5,1,2,00,2,1,19,201400001552A01,7,1,1
201400001563,2014-03-21,2014,mars,vendredi,11:35,01,01053,46.2132,5.24167,2,1,4,1,1,3,2,04,1,1,000,000,1,0,1,4,1,22,9,1,2,00,2,4,1,201400001563C03,7,1/2,2
201400001571,2014-05-28,2014,mai,mercredi,94:5,01,01053,46.2067,5.24069,2,2,3,1,1,3,2,02,1,1,000,055,1,5,1,4,2,65,5,1,9,00,2,0,19,201400001571B01,7,15,1
201400001576,2014-06-18,2014,juin,mercredi,15:20,01,01289,46.1739,5.19867,1,1,6,1,1,3,2,02,1,1,000,101,1,0,3,4,1,46,5,1,2,00,2,1,1,201400001576A01,7,16,1
201400001582,2014-07-01,2014,juillet,mardi,80:0,01,01053,46.1918,5.21241,2,2,6,1,1,3,2,03,1,1,000,127,1,5,1,4,1,63,1,1,8,00,2,1,1,201400001582B01,7,16,1
201400001592,2014-08-15,2014,août,vendredi,14:25,01,01053,46.1977,5.23936,2,1,3,1,1,3,1,02,1,1,000,070,1,0,1,4,1,23,5,1,9,00,2,8,15,201400001592Y01,7,1,1
201400001615,2014-12-20,2014,décembre,samedi,18:15,01,01053,0,0,2,1,6,5,2,3,2,03,1,1,000,111,2,0,5,3,2,79,3,1,4,01,0,1,1,201400001615B01,7,24,1
201400001633,2014-06-15,2014,juin,dimanche,16:15,61,61344,48.64431,-0.2082,2,3,3,1,1,4,2,02,1,1,000,049,1,0,1,3,1,10,5,1,9,00,2,1,16,201400001633A01,7,1,1
201400001642,2014-09-10,2014,septembre,mercredi,15:05,61,61460,48.89886,0.37443,1,1,3,1,1,3,2,02,1,1,000,060,1,0,1,3,1,66,5,1,9,00,2,8,1,201400001642B02,21,17,1
201400001656,2014-07-10,2014,juillet,jeudi,13:45,61,61483,48.55904,-0.39823,1,4,1,1,1,3,2,00,1,1,000,070,1,3,1,3,1,68,0,1,2,00,2,8,1,201400001656B02,7,16,1
201400001663,2014-08-27,2014,août,mercredi,15:45,61,61486,48.76272,-0.73572,2,2,3,1,1,3,2,02,1,1,000,065,1,0,1,3,1,52,5,1,2,00,2,1,1,201400001663B02,7,9,1
201400001666,2014-10-31,2014,octobre,vendredi,12:00,61,61007,48.81253,-0.4958,2,6,6,1,1,3,-1,01,1,-1,000,000,1,0,1,4,1,50,5,1,9,00,2,0,0,201400001666A02,7,1,1
201400001690,2014-10-19,2014,octobre,dimanche,11:15,44,44094,0,0,1,1,1,1,1,9,-1,00,1,1,000,018,1,0,5,3,1,54,5,1,2,00,0,1,1,201400001690B02,1,13,1
201400001690,2014-10-19,2014,octobre,dimanche,11:15,44,44094,0,0,1,1,1,1,1,9,-1,00,1,1,000,018,1,0,5,4,1,44,5,1,2,00,0,1,13,201400001690A01,1,1,1
201400001694,2014-06-19,2014,juin,jeudi,10:30,44,44216,0,0,2,1,1,1,1,4,2,02,2,1,000,055,1,0,1,2,1,6,5,1,2,00,2,8,1,201400001694B02,7,1,1
201400001702,2014-03-19,2014,mars,mercredi,14:45,44,44081,46.905,-1.564,1,1,1,1,1,4,-1,01,-1,1,000,000,1,0,1,3,1,7,5,1,1,00,2,1,16,201400001702B02,21,1,1
201400001724,2014-10-23,2014,octobre,jeudi,14:15,44,44219,47.562,-1.046,1,1,1,1,1,3,2,02,2,1,000,060,1,0,1,4,1,42,5,1,2,00,0,8,1,201400001724B02,7,1,1
201400001729,2014-02-02,2014,février,dimanche,90:0,44,44118,0,0,1,1,2,1,7,3,2,02,1,1,000,055,1,0,1,3,2,67,5,1,4,00,2,8,1,201400001729B02,7,1,1
201400001760,2014-06-22,2014,juin,dimanche,20:15,44,44110,0,0,1,1,3,1,1,3,2,00,2,1,000,066,1,0,1,3,1,30,5,1,2,00,2,1,13,201400001760B02,7,1,1
201400001779,2014-07-29,2014,juillet,mardi,81:5,44,44171,0,0,1,1,2,1,1,3,2,00,1,1,000,056,1,0,1,2,1,14,5,1,2,00,2,6,2,201400001779A01,3,17,1
201400001785,2014-11-18,2014,novembre,mardi,16:45,44,44018,0,0,1,1,1,1,1,4,-1,00,-1,-1,000,000,1,0,1,3,2,74,5,1,4,00,2,8,1,201400001785A01,10,1,1
201400001790,2014-01-14,2014,janvier,mardi,12:15,44,44131,0,0,1,1,2,1,1,3,2,02,1,1,070,000,1,0,1,3,1,63,5,1,2,00,0,4,2,201400001790B02,7,2,1
201400001808,2014-08-19,2014,août,mardi,10:30,44,44046,0,0,1,2,3,1,1,3,2,00,1,1,000,055,1,0,1,3,1,62,5,1,2,00,2,7,1,201400001808B02,7,19,1
201400001814,2014-10-26,2014,octobre,dimanche,17:30,44,44046,0,0,1,1,3,1,1,3,2,01,1,1,000,070,1,0,1,3,2,62,5,1,2,00,2,8,1,201400001814B02,7,1,1
201400001836,2014-05-07,2014,mai,mercredi,19:00,44,44175,0,0,1,2,2,1,1,3,2,02,1,1,000,070,1,0,1,3,1,46,0,1,2,00,0,4,15,201400001836B02,7,1,1
201400001861,2014-12-02,2014,décembre,mardi,11:45,44,44129,47.44,-2.087,2,1,1,1,1,5,2,01,1,3,000,040,1,0,1,3,1,37,1,1,1,00,2,3,1,201400001861B02,7,1,1
201400001873,2014-05-28,2014,mai,mercredi,20:30,49,49194,47.45571,-0.26651,2,1,3,1,1,4,2,02,1,1,000,043,1,0,1,3,1,12,5,1,2,00,2,8,14,201400001873B02,7,1,1
201400001883,2014-06-07,2014,juin,samedi,10:30,49,49290,47.39887,-0.45102,2,1,1,1,1,3,2,02,-1,1,000,030,1,0,1,3,1,40,5,1,2,00,0,0,0,201400001883A01,7,1,1
201400001900,2014-11-09,2014,novembre,dimanche,10:45,49,49259,47.34015,-0.64602,1,1,1,1,1,4,2,02,2,2,000,000,1,0,1,3,1,47,5,1,2,00,2,1,1,201400001900B02,10,15,1
201400001909,2014-07-26,2014,juillet,samedi,11:00,49,49151,47.18187,-1.11383,2,1,3,1,1,3,2,02,1,1,000,059,1,0,1,3,1,11,5,1,8,00,2,7,19,201400001909B02,7,1,1
201400001943,2014-07-18,2014,juillet,vendredi,18:00,49,49069,47.33433,-1.26383,2,6,1,1,1,3,2,02,1,1,000,070,1,5,1,3,1,63,5,1,2,00,2,1,1,201400001943B02,7,1,1
201400002011,2014-09-22,2014,septembre,lundi,16:15,53,53140,48.11978,-0.72311,2,6,2,1,1,3,2,02,1,2,000,077,1,5,1,3,1,82,0,1,2,00,2,6,2,201400002011B02,7,2,1
201400002036,2014-10-10,2014,octobre,vendredi,73:0,53,53062,47.83487,-0.69783,2,1,3,2,1,4,2,02,2,1,080,000,1,0,1,3,1,14,2,1,2,00,2,8,15,201400002036B02,7,1,1
201400002080,2014-02-25,2014,février,mardi,11:40,01,01031,0,0,2,2,1,1,1,4,3,00,1,1,000,100,1,0,1,3,2,44,4,1,9,00,0,1,2,201400002080B01,7,0,1
201400002085,2014-06-22,2014,juin,dimanche,14:25,01,01283,0,0,2,3,3,1,1,4,2,02,2,1,000,058,1,0,1,3,1,10,5,1,2,00,2,1,9,201400002085B01,7,1,1
201400002121,2014-08-22,2014,août,vendredi,10:45,72,72113,0,0,1,1,1,1,1,3,2,02,1,1,000,064,1,0,1,3,1,61,5,1,2,00,2,8,1,201400002121B02,21,17,1
201400002128,2014-11-14,2014,novembre,vendredi,19:30,72,72381,47.933,0.067,1,1,6,3,1,4,2,02,-1,2,000,060,1,0,3,3,1,51,5,1,4,13,0,1,14,201400002128A01,,,
201400002137,2014-07-30,2014,juillet,mercredi,10:30,72,72154,0,0,2,6,2,1,1,3,4,02,1,3,000,000,1,5,1,3,2,81,5,1,9,00,2,4,2,201400002137A01,7,2,1
201400002145,2014-07-11,2014,juillet,vendredi,12:00,72,72183,0,0,1,1,3,1,1,3,2,00,1,1,000,063,1,0,1,3,1,5,5,1,2,00,0,1,19,201400002145A01,7,1,1
201400002158,2014-07-03,2014,juillet,jeudi,19:15,72,72044,0,0,1,1,1,1,1,3,2,00,1,1,000,058,1,0,1,3,1,17,5,1,2,00,0,8,1,201400002158A01,7,17,1
201400002171,2014-09-24,2014,septembre,mercredi,12:15,72,72191,0,0,2,6,1,1,1,3,2,00,1,3,000,000,1,0,1,4,1,18,1,1,2,00,2,0,2,201400002171A01,99,2,1
201400002198,2014-05-24,2014,mai,samedi,14:30,72,72189,0,0,1,1,2,1,1,4,2,02,2,2,000,000,1,0,1,4,1,31,5,1,2,00,2,1,1,201400002198B02,1,1,1
201400002198,2014-05-24,2014,mai,samedi,14:30,72,72189,0,0,1,1,2,1,1,4,2,02,2,2,000,000,1,0,1,4,1,68,5,1,2,00,0,4,1,201400002198A01,1,1,1
201400002213,2014-04-18,2014,avril,vendredi,20:45,72,72337,0,0,2,1,1,2,1,3,2,02,1,1,000,000,1,5,1,3,1,17,5,1,4,00,2,8,19,201400002213B02,7,1,1
201400002237,2014-10-27,2014,octobre,lundi,80:0,85,85089,46.71463,-1.31781,2,1,2,1,1,3,2,02,1,1,000,059,1,0,1,2,1,77,5,1,9,00,2,4,1,201400002237B02,7,1,1
201400002253,2014-03-13,2014,mars,jeudi,15:00,85,85025,46.94984,-1.19278,2,1,3,1,1,4,2,00,1,1,000,000,1,0,1,2,1,76,5,1,9,00,2,1,1,201400002253A01,21,1,1
201400002263,2014-12-31,2014,décembre,mercredi,15:00,85,85155,46.70662,-1.44639,1,1,2,1,1,3,-1,02,1,1,000,000,1,0,1,3,2,57,5,1,2,00,0,4,1,201400002263A01,7,17,1
201400002267,2014-04-21,2014,avril,lundi,20:00,85,85178,46.7521,-1.46627,1,1,1,1,7,3,2,00,1,1,000,000,1,0,1,3,1,20,5,1,2,00,2,1,3,201400002267B02,7,21,1
201400002276,2014-08-21,2014,août,jeudi,15:45,85,85300,46.69712,-1.50003,1,1,1,1,1,3,2,02,1,1,000,058,1,0,1,3,1,7,5,1,2,00,2,8,10,201400002276A01,10,17,1
201400002284,2014-09-10,2014,septembre,mercredi,10:00,85,85092,46.46485,-0.82378,2,6,2,1,1,3,-1,00,-1,-1,000,000,1,5,0,3,2,59,3,1,2,00,2,4,2,201400002284A01,10,0,1
201400002290,2014-04-23,2014,avril,mercredi,14:45,85,85267,46.3405,-1.083,1,1,5,1,2,3,2,00,1,1,000,070,2,0,1,1,1,24,5,1,2,00,9,0,1,201400002290C03,7/ 21,13/1,2
201400002290,2014-04-23,2014,avril,mercredi,14:45,85,85267,46.3405,-1.083,1,1,5,1,2,3,2,00,1,1,000,070,2,0,1,3,1,26,0,1,2,00,9,0,1,201400002290C03,7/ 21,13/1,2
201400002298,2014-12-15,2014,décembre,lundi,17:00,85,85128,46.45773,-1.16499,2,1,1,1,2,4,2,02,1,1,000,058,2,0,1,3,2,59,1,1,4,00,2,8,1,201400002298B02,7,15,1
201400002324,2014-08-17,2014,août,dimanche,93:0,85,85006,46.73901,-1.78269,1,1,1,1,1,3,-1,00,-1,-1,070,000,-1,0,0,3,1,60,5,1,2,00,0,4,1,201400002324B02,7,1,1
201400002337,2014-07-25,2014,juillet,vendredi,12:30,85,85236,46.62953,-1.69024,1,1,2,1,1,3,2,00,3,1,000,050,1,0,1,3,1,41,5,1,2,00,2,8,1,201400002337B02,10,17,1
201400002349,2014-03-26,2014,mars,mercredi,12:15,85,85035,46.61909,-1.8715,2,6,3,1,1,4,2,02,-1,1,000,000,1,5,5,3,2,58,5,1,9,00,0,7,19,201400002349B02,7,1,1
201400002353,2014-04-25,2014,avril,vendredi,83:0,85,85222,46.70154,-1.95052,2,6,3,1,1,3,2,02,1,1,000,140,1,0,1,3,1,38,1,1,9,00,2,7,1,201400002353B02,7,1,1
201400002354,2014-05-14,2014,mai,mercredi,14:15,85,85222,46.69817,-1.94737,2,8,3,1,1,9,1,01,-1,1,000,000,1,4,0,3,1,60,5,1,9,00,9,3,0,201400002354B02,39,0,1
201400002356,2014-05-22,2014,mai,jeudi,16:30,85,85071,46.76185,-1.83725,2,7,1,1,1,3,2,02,1,1,000,040,1,0,1,3,2,78,5,1,9,00,2,1,1,201400002356B02,7,15,1
201400002357,2014-05-28,2014,mai,mercredi,16:15,85,85100,46.67056,-1.90454,2,1,1,1,1,3,2,02,1,1,020,060,1,0,1,3,1,62,3,1,2,00,2,0,19,201400002357B02,7,1,1
201400002358,2014-05-30,2014,mai,vendredi,17:00,85,85243,46.59863,-1.83117,2,6,3,1,1,3,2,00,1,1,000,090,1,0,1,3,1,40,5,1,2,00,2,1,1,201400002358B02,10,19,1
201400002363,2014-10-14,2014,octobre,mardi,75:0,85,85088,46.70159,-1.89552,1,1,6,2,1,4,2,00,1,1,000,046,1,0,1,3,1,15,0,1,4,,2,1,1,201400002363B02,33,17,1
201400002393,2014-04-22,2014,avril,mardi,93:0,85,85288,46.46464,-1.6226,2,1,3,1,1,4,1,01,2,-1,030,000,1,0,5,3,1,75,5,1,2,00,2,1,1,201400002393B02,7,16,1
201400002396,2014-06-26,2014,juin,jeudi,19:30,85,85114,46.4338,-1.57805,1,1,1,1,1,3,2,02,1,1,000,000,1,0,1,2,1,10,5,1,9,00,2,7,19,201400002396A01,10,1,1
201400002405,2014-09-27,2014,septembre,samedi,91:5,33,33498,0,0,2,1,5,1,7,3,2,00,2,1,000,062,1,0,1,2,2,77,5,1,4,00,0,8,1,201400002405A01,7,1,2
201400002446,2014-09-05,2014,septembre,vendredi,74:5,33,33100,0,0,1,2,3,1,1,3,2,00,1,1,000,074,1,0,1,3,1,13,2,1,2,00,2,8,19,201400002446A01,7,1,1
201400002477,2014-03-15,2014,mars,samedi,15:30,33,33505,0,0,1,1,2,1,1,3,2,02,2,1,000,056,1,0,1,3,1,57,5,1,2,00,0,4,2,201400002477B02,7,2,1
201400002555,2014-05-02,2014,mai,vendredi,17:00,33,33091,0,0,1,1,3,1,1,3,2,02,1,3,000,052,1,0,1,3,1,58,5,1,2,00,2,1,1,201400002555B02,7,15,1
201400002567,2014-09-17,2014,septembre,mercredi,13:30,33,33514,0,0,2,1,3,1,1,4,2,02,1,1,000,057,1,0,1,3,2,80,5,1,1,00,2,8,5,201400002567B02,7,19,1
201400002610,2014-06-24,2014,juin,mardi,14:00,24,24026,45.1952,0.80867,2,2,3,1,1,3,2,00,1,1,000,060,1,0,1,3,1,16,5,1,1,00,2,1,15,201400002610B02,7,1,1
201400002621,2014-03-20,2014,mars,jeudi,16:45,24,24372,45.1481,0.53464,2,1,3,1,1,3,2,01,1,1,000,061,1,0,1,3,1,71,5,1,4,00,2,8,19,201400002621A01,7,1,1
201400002667,2014-03-29,2014,mars,samedi,14:30,24,24371,45.1859,0.49523,2,4,1,1,1,3,2,02,2,2,000,000,1,0,1,3,1,52,5,1,2,00,2,2,1,201400002667B02,7,15,1
201400002668,2014-06-11,2014,juin,mercredi,73:0,24,24154,45.2472,0.45945,1,4,3,1,1,3,2,02,1,1,000,072,1,0,1,3,1,67,5,1,2,00,2,7,15,201400002668B02,7,1,1
201400002708,2014-06-20,2014,juin,vendredi,19:30,24,24547,45.1312,1.29624,2,1,3,1,1,4,2,00,1,1,000,000,1,0,1,3,1,7,5,1,2,00,2,1,2,201400002708B02,7,2,1
201400002722,2014-09-24,2014,septembre,mercredi,15:30,40,40309,43.77635,-0.74149,1,1,3,1,1,3,2,02,1,1,000,000,1,0,1,3,1,51,5,1,2,00,2,8,1,201400002722B02,17,2,1
201400002740,2014-10-18,2014,octobre,samedi,18:00,40,40065,43.64919,-1.44318,2,3,3,1,1,4,2,02,-1,-1,060,000,-1,0,0,3,1,64,5,1,2,00,2,1,19,201400002740B02,7,1,1
201400002782,2014-03-17,2014,mars,lundi,14:30,40,40217,44.34588,-1.07076,2,9,3,1,1,4,-1,02,1,1,000,000,1,0,1,3,1,65,5,1,2,00,2,1,19,201400002782A01,7,1,1
201400002817,2014-10-24,2014,octobre,vendredi,15:00,40,40331,43.88184,-0.31418,2,1,1,1,7,4,2,02,1,1,000,000,1,0,1,4,1,67,5,1,2,00,2,1,1,201400002817B02,7,15,1
201400002818,2014-01-08,2014,janvier,mercredi,81:5,47,47091,44.1687,0.57709,2,3,1,1,1,4,,,,,,,,,,3,1,69,5,1,2,00,2,1,1,201400002818A01,7,2,1
201400002827,2014-05-12,2014,mai,lundi,16:15,47,47091,44.1823,0.57291,1,3,3,1,1,3,-1,00,1,1,000,090,1,5,1,3,2,60,5,1,4,00,2,2,1,201400002827B02,7,15,1