Num_Acc,date,an,mois,jour,hrmn,dep,com,lat,long,agg,int,col,lum,atm,catr,circ,nbv,prof,plan,lartpc,larrout,surf,infra,situ,grav,sexe,age,trajet,secuexist,equipement,obs,obsm,choc,manv,vehiculeid,typevehicules,manoeuvehicules,numVehicules
201400002833,2014-03-20,2014,mars,jeudi,71:5,47,47276,0,0,1,3,1,2,1,4,2,02,1,1,,,1,,,3,2,17,2,1,4,00,2,1,1,201400002833B02,7,15,1
201400002839,2014-08-22,2014,août,vendredi,18:00,47,47087,44.2573,0.92278,1,1,7,1,1,4,2,02,2,1,000,037,1,0,1,3,1,36,5,1,2,00,0,0,1,201400002839A01,,,
201400002842,2014-10-27,2014,octobre,lundi,18:00,47,47274,44.1615,0.78214,1,4,3,2,1,3,2,02,1,1,000,100,1,0,1,3,1,14,5,1,2,00,2,8,15,201400002842B02,7,2,1
201400002872,2014-10-19,2014,octobre,dimanche,90:0,47,47101,44.455,0.14981,1,1,6,1,1,3,2,00,1,1,000,000,1,0,1,4,1,22,0,1,2,00,0,4,1,201400002872B02,7,0,1
201400002877,2014-05-10,2014,mai,samedi,11:30,47,47205,0,0,1,1,2,1,1,3,2,02,1,1,000,054,1,0,1,3,1,52,5,1,2,00,0,4,1,201400002877B02,7,1,1
201400002896,2014-03-01,2014,mars,samedi,12:15,64,64315,43.301,-0.418,1,6,3,1,8,3,1,01,1,2,000,078,2,0,1,4,1,33,5,1,2,00,2,7,6,201400002896B02,7,9,1
201400002898,2014-05-10,2014,mai,samedi,16:00,64,64230,43.232,-0.381,1,1,7,1,1,3,2,02,2,4,000,075,1,0,3,3,1,12,5,1,2,13,0,0,1,201400002898A01,,,
201400002915,2014-06-14,2014,juin,samedi,80:0,64,64068,43.123,-0.255,1,1,1,1,1,3,2,00,-1,1,000,076,1,0,1,3,1,51,5,1,1,00,2,7,2,201400002915A01,7,1,1
201400002923,2014-05-22,2014,mai,jeudi,12:45,64,64234,0,0,1,1,1,1,1,3,2,02,1,-1,000,040,1,0,1,3,1,52,5,1,2,00,2,1,19,201400002923A01,7,5,1
201400002931,2014-08-25,2014,août,lundi,19:45,64,64102,0,0,2,1,2,1,1,3,2,02,-1,3,000,000,1,0,1,3,1,51,1,1,2,00,2,4,2,201400002931B02,10,2,1
201400002980,2014-07-29,2014,juillet,mardi,10:45,64,64214,43.269,-0.879,2,1,7,1,1,3,2,00,1,1,000,065,1,0,1,3,1,79,5,1,2,00,0,0,2,201400002980A01,,,
201400002982,2014-07-07,2014,juillet,lundi,83:0,64,64477,0,0,1,9,1,1,8,3,2,00,2,4,000,068,2,0,1,3,1,42,5,1,2,00,2,1,13,201400002982B02,7,1,1
201400002991,2014-06-08,2014,juin,dimanche,81:5,64,64106,43.317,-1.01,1,1,2,1,1,3,2,02,1,1,016,093,1,5,1,3,1,43,5,1,2,00,0,4,1,201400002991B02,7,1,1
201400003016,2014-07-18,2014,juillet,vendredi,15:30,64,64204,42.967,-0.347,1,1,1,1,1,3,2,00,2,2,000,000,1,0,1,3,1,35,5,1,2,00,2,1,13,201400003016A01,10,1,1
201400003045,2014-03-22,2014,mars,samedi,18:00,86,86141,0,0,1,1,6,1,8,3,2,02,1,1,000,060,1,0,1,4,1,55,5,1,1,00,0,0,0,201400003045A01,,,
201400003099,2014-07-20,2014,juillet,dimanche,13:30,86,86006,46.541,0.852,2,1,7,1,1,3,2,01,2,1,000,052,1,0,1,3,1,48,5,1,1,00,0,1,1,201400003099A01,,,
201400003108,2014-10-24,2014,octobre,vendredi,17:00,16,16146,45.6021,0.29762,1,3,1,1,1,3,2,02,2,1,000,041,1,0,1,3,1,57,5,1,4,00,2,1,1,201400003108B02,7,15,1
201400003161,2014-05-31,2014,mai,samedi,17:15,16,16388,45.63238,0.04025,1,3,5,1,1,3,2,02,2,1,000,048,1,0,1,3,1,45,5,1,2,00,2,1,1,201400003161B02,7,15,1
201400003161,2014-05-31,2014,mai,samedi,17:15,16,16388,45.63238,0.04025,1,3,5,1,1,3,2,02,2,1,000,048,1,0,1,3,1,41,5,1,2,00,2,1,1,201400003161C03,7,15,1
201400003172,2014-06-30,2014,juin,lundi,14:00,17,17466,46.19326,-0.96715,2,6,3,1,1,3,2,02,1,2,000,050,1,0,1,3,1,48,1,1,2,00,0,7,1,201400003172B02,7,1,1
201400003183,2014-03-09,2014,mars,dimanche,16:30,17,17161,46.18247,-1.31455,1,1,1,1,1,3,2,00,1,1,000,072,1,0,1,2,1,55,5,1,2,00,2,4,2,201400003183B02,7,2,1
201400003192,2014-09-11,2014,septembre,jeudi,11:30,17,17051,46.1861,-1.37134,1,3,7,1,1,3,2,02,1,1,000,056,1,5,5,2,2,73,5,1,2,00,0,0,0,201400003192A01,,,
201400003195,2014-10-28,2014,octobre,mardi,10:45,17,17369,46.19393,-1.34696,2,6,1,1,1,3,2,02,1,-1,000,000,1,0,1,3,2,65,5,1,2,00,2,8,1,201400003195B02,7,16,1
201400003202,2014-06-24,2014,juin,mardi,21:45,17,17341,0,0,1,1,7,1,1,3,2,00,2,1,000,048,1,0,1,3,1,69,5,1,2,00,0,0,1,201400003202A01,,,
201400003204,2014-09-21,2014,septembre,dimanche,10:30,17,17197,45.43786,-0.45102,1,6,3,1,1,3,1,00,-1,1,000,092,1,0,1,3,1,85,5,1,4,00,2,1,1,201400003204B02,7,16,1
201400003217,2014-08-02,2014,août,samedi,18:15,17,17231,45.36048,-0.32582,1,1,1,1,1,3,2,02,-1,3,000,050,1,0,0,2,2,79,9,1,1,00,2,8,5,201400003217A01,7,1,1
201400003227,2014-09-12,2014,septembre,vendredi,17:45,17,17219,45.82365,-1.11786,2,3,6,1,1,4,2,01,2,1,,,1,0,1,3,2,67,5,1,2,00,2,8,15,201400003227A01,7,1,1
201400003239,2014-06-03,2014,juin,mardi,11:30,17,17140,45.91058,-1.26424,2,6,3,1,1,3,2,02,1,1,000,050,1,5,1,3,2,66,5,1,2,00,2,2,1,201400003239B02,7,1,1
201400003240,2014-06-13,2014,juin,vendredi,90:0,17,17385,45.92286,-1.32599,2,2,3,1,1,3,2,00,-1,1,000,055,1,0,1,2,1,80,3,1,2,00,0,0,1,201400003240B02,7,16,1
201400003241,2014-07-22,2014,juillet,mardi,18:45,17,17486,46.01329,-1.345,2,2,3,1,1,4,2,02,1,1,000,046,1,0,1,1,1,18,5,1,2,00,0,1,1,201400003241A01,1,1,1
201400003241,2014-07-22,2014,juillet,mardi,18:45,17,17486,46.01329,-1.345,2,2,3,1,1,4,2,02,1,1,000,046,1,0,1,1,1,17,0,1,2,00,0,1,1,201400003241A01,1,1,1
201400003241,2014-07-22,2014,juillet,mardi,18:45,17,17486,46.01329,-1.345,2,2,3,1,1,4,2,02,1,1,000,046,1,0,1,3,2,71,5,1,2,00,0,1,1,201400003241B02,1,1,1
201400003260,2014-11-09,2014,novembre,dimanche,81:5,17,17409,45.67176,-1.00076,1,1,2,2,1,3,2,02,1,1,000,090,2,0,1,3,1,65,5,1,2,00,2,6,1,201400003260A01,7,2,1
201400003266,2014-03-16,2014,mars,dimanche,14:00,17,17253,45.98784,-0.90393,1,1,1,1,1,3,2,02,1,1,000,050,1,0,1,2,1,80,5,1,2,00,2,1,1,201400003266B02,7,13,1
201400003274,2014-07-28,2014,juillet,lundi,15:30,17,17434,46.107,-0.768,1,2,1,1,1,3,2,02,1,1,000,000,1,0,1,3,1,81,5,1,2,00,2,3,1,201400003274B02,7,15,1
201400003302,2014-10-31,2014,octobre,vendredi,74:5,17,17284,45.83085,-0.90285,1,1,2,1,1,3,2,02,2,1,000,061,1,0,1,2,1,71,5,1,2,08,0,4,1,201400003302B02,10,1,1
201400003318,2014-10-12,2014,octobre,dimanche,10:45,17,17220,45.53389,-0.46159,1,1,1,1,1,3,2,02,4,1,000,039,1,0,1,3,2,61,5,1,2,00,2,1,1,201400003318B02,7,13,1
201400003325,2014-08-31,2014,août,dimanche,10:45,17,17307,45.69192,-0.90119,1,2,5,1,1,3,2,02,1,1,000,060,1,0,1,4,1,44,5,1,2,00,2,8,1,201400003325D04,7,15,1
201400003325,2014-08-31,2014,août,dimanche,10:45,17,17307,45.69192,-0.90119,1,2,5,1,1,3,2,02,1,1,000,060,1,0,1,3,1,46,5,1,2,00,2,8,1,201400003325B02,7,15,1
201400003325,2014-08-31,2014,août,dimanche,10:45,17,17307,45.69192,-0.90119,1,2,5,1,1,3,2,02,1,1,000,060,1,0,1,1,1,47,5,1,2,00,0,0,1,201400003325C03,7,15,1
201400003325,2014-08-31,2014,août,dimanche,10:45,17,17307,45.69192,-0.90119,1,2,5,1,1,3,2,02,1,1,000,060,1,0,1,3,1,42,5,1,2,00,2,1,1,201400003325E05,7,15,1
201400003325,2014-08-31,2014,août,dimanche,10:45,17,17307,45.69192,-0.90119,1,2,5,1,1,3,2,02,1,1,000,060,1,0,1,4,1,42,5,1,2,00,2,1,1,201400003325F06,7,15,1
201400003348,2014-10-26,2014,octobre,dimanche,17:15,17,17358,46.02959,-0.264,1,1,2,1,7,3,2,01,1,2,000,000,1,0,1,3,2,49,5,1,2,00,2,4,1,201400003348B02,7,1,1
201400003369,2014-06-09,2014,juin,lundi,12:45,79,79013,0,0,1,2,3,1,1,3,2,00,-1,1,000,057,1,0,1,3,1,15,0,1,9,00,0,0,0,201400003369B02,7,2,1
201400003468,2014-10-18,2014,octobre,samedi,10:30,19,19163,45.0632,1.73783,2,1,6,1,1,3,2,02,-1,1,000,056,1,0,1,3,1,54,5,1,2,00,5,1,1,201400003468A01,,,
201400003471,2014-03-16,2014,mars,dimanche,14:45,19,19246,45.224,1.45093,1,2,6,1,1,3,2,02,-1,2,000,073,1,0,1,2,1,15,5,1,2,00,2,0,0,201400003471A01,7,13,1
201400003474,2014-10-18,2014,octobre,samedi,15:45,19,19274,45.1978,1.50458,1,3,3,1,1,3,2,02,2,1,000,105,1,0,1,3,2,60,5,1,2,00,2,8,1,201400003474B02,7,15,1
201400003508,2014-09-23,2014,septembre,mardi,21:00,31,31163,0,0,1,1,1,1,1,3,2,02,1,1,000,055,1,0,1,3,1,37,5,1,2,00,2,1,1,201400003508B02,7,15,1
201400003520,2014-04-06,2014,avril,dimanche,11:00,31,31202,0,0,1,1,5,1,1,4,2,02,2,3,000,057,1,0,1,3,1,46,0,1,2,00,2,1,0,201400003520E05,7,1,1
201400003520,2014-04-06,2014,avril,dimanche,11:00,31,31202,0,0,1,1,5,1,1,4,2,02,2,3,000,057,1,0,1,3,1,47,0,1,2,00,2,1,13,201400003520C03,7,1,1
201400003520,2014-04-06,2014,avril,dimanche,11:00,31,31202,0,0,1,1,5,1,1,4,2,02,2,3,000,057,1,0,1,3,1,41,0,1,2,00,2,1,13,201400003520D04,7,1,1
201400003520,2014-04-06,2014,avril,dimanche,11:00,31,31202,0,0,1,1,5,1,1,4,2,02,2,3,000,057,1,0,1,3,1,39,0,1,2,00,2,1,13,201400003520A01,7,1,1
201400003525,2014-03-11,2014,mars,mardi,16:15,31,31232,43.76464,1.28949,1,1,1,1,1,4,2,00,1,1,060,000,1,0,0,3,1,51,0,1,2,00,2,3,1,201400003525B02,7,17,1
201400003530,2014-06-18,2014,juin,mercredi,19:45,31,31553,0,0,2,1,1,1,7,3,2,02,1,1,000,060,1,0,1,2,1,58,5,1,2,00,2,1,1,201400003530B02,7,15,1
201400003545,2014-07-22,2014,juillet,mardi,11:45,31,31433,0,0,1,3,3,1,7,3,2,00,1,1,000,090,1,0,1,3,1,63,5,1,2,00,2,1,1,201400003545A01,10,19,1
201400003572,2014-07-26,2014,juillet,samedi,11:30,31,31165,0,0,1,1,1,1,1,3,2,02,1,2,000,058,1,0,1,4,1,47,5,1,2,00,2,1,1,201400003572A01,7,12,1
201400003589,2014-05-09,2014,mai,vendredi,17:00,31,31033,43.35067,1.47854,2,4,3,1,1,3,2,02,2,1,000,000,1,0,1,3,1,15,5,1,9,00,2,1,15,201400003589B02,7,1,1
201400003604,2014-12-23,2014,décembre,mardi,15:15,31,31396,0,0,1,6,2,1,1,3,-1,02,1,3,000,070,1,5,1,3,1,34,5,1,2,00,2,8,16,201400003604B02,7,16,1
201400003607,2014-03-11,2014,mars,mardi,10:00,31,31399,0,0,1,1,6,1,1,3,2,02,1,1,000,049,1,0,1,3,1,47,5,1,2,00,0,4,1,201400003607A01,,,
201400003631,2014-04-28,2014,avril,lundi,17:45,31,31499,43.50464,1.19577,2,1,1,1,7,3,2,02,1,1,000,042,1,0,1,3,1,15,5,1,2,00,2,7,11,201400003631B02,7,1,1
201400003650,2014-11-10,2014,novembre,lundi,16:15,31,31246,0,0,1,6,3,1,7,3,2,02,1,2,000,000,1,0,1,3,1,82,0,1,1,00,2,7,1,201400003650B02,7,1,1
201400003673,2014-07-04,2014,juillet,vendredi,17:30,31,31042,42.79235,0.59172,2,1,1,1,1,3,2,01,1,1,000,050,1,0,1,2,1,56,1,1,2,01,0,1,1,201400003673B02,7,24,1
201400003718,2014-11-08,2014,novembre,samedi,84:5,09,09015,42.87079,1.59995,2,1,6,1,1,4,2,02,-1,1,000,000,1,0,1,3,1,65,5,1,2,00,1,3,1,201400003718A01,,,
201400003725,2014-10-30,2014,octobre,jeudi,15:45,09,09245,43.0545,1.58571,1,1,7,1,1,3,2,00,-1,4,000,047,1,0,1,3,1,72,5,1,2,16,0,1,14,201400003725A01,,,
201400003735,2014-05-01,2014,mai,jeudi,15:30,09,09282,43.23882,1.57308,2,8,3,1,1,3,2,02,1,1,000,078,1,4,1,3,1,22,5,1,2,00,4,3,9,201400003735B02,39,2,1
201400003743,2014-10-10,2014,octobre,vendredi,12:00,09,09261,42.9902,1.15281,1,1,1,1,8,4,2,02,2,1,000,000,1,0,1,4,1,40,5,1,2,01,2,1,1,201400003743A01,10,13,1
201400003766,2014-06-22,2014,juin,dimanche,92:0,12,12056,44.2853,2.48128,1,1,3,1,1,2,2,02,4,1,000,070,1,0,1,3,1,76,5,1,2,00,2,3,2,201400003766A01,7,17,1
201400003785,2014-05-09,2014,mai,vendredi,14:50,12,12131,44.3897,2.67483,1,1,2,1,1,2,2,02,1,1,000,079,1,0,1,3,1,67,5,1,2,00,2,4,1,201400003785B02,7,2,1
201400003789,2014-10-23,2014,octobre,jeudi,16:00,12,12049,0,0,1,1,5,1,1,3,2,02,1,1,000,061,1,0,1,2,1,51,5,1,2,00,2,8,15,201400003789C03,7,17/21,2
201400003801,2014-06-14,2014,juin,samedi,14:35,12,12200,44.1897,3.15293,1,1,2,1,1,3,2,02,2,1,000,000,1,0,1,3,1,13,5,1,2,00,2,4,15,201400003801B02,2,2,1
201400003806,2014-09-16,2014,septembre,mardi,15:30,12,12204,0,0,2,1,4,1,1,3,2,00,1,1,000,000,1,0,1,3,1,64,5,1,2,14,0,1,1,201400003806A01,1,2,2
201400003806,2014-09-16,2014,septembre,mardi,15:30,12,12204,0,0,2,1,4,1,1,3,2,00,1,1,000,000,1,0,1,3,1,67,5,1,2,14,0,1,2,201400003806B02,1,1/2,2
201400003806,2014-09-16,2014,septembre,mardi,15:30,12,12204,0,0,2,1,4,1,1,3,2,00,1,1,000,000,1,0,1,4,1,61,5,1,2,14,0,1,2,201400003806C03,1,1/2,2
201400003865,2014-10-19,2014,octobre,dimanche,16:00,32,32160,0,0,1,1,7,2,1,4,2,01,2,2,000,034,1,0,1,3,1,51,5,1,2,00,0,0,1,201400003865A01,,,
201400003902,2014-06-15,2014,juin,dimanche,19:55,32,32119,43.8544,0.08919,2,2,3,1,1,4,2,02,4,1,051,000,1,0,1,2,1,5,5,1,2,00,2,1,19,201400003902B02,7,1,1
201400003918,2014-12-31,2014,décembre,mercredi,13:45,32,32208,0,0,2,6,3,1,7,2,2,02,1,1,000,072,1,5,1,3,1,71,5,1,2,00,2,7,9,201400003918B02,7,1,1
201400003968,2014-04-17,2014,avril,jeudi,13:30,46,46143,44.73203,1.92491,1,1,2,1,1,3,2,00,1,3,000,072,1,0,1,3,2,24,5,1,1,00,0,6,1,201400003968A01,21,2,1
201400003979,2014-07-03,2014,juillet,jeudi,94:5,46,46311,44.87339,2.03663,2,1,1,1,1,3,2,01,2,1,000,084,1,0,1,3,1,44,5,1,2,00,2,1,1,201400003979B02,7,15,1
201400003987,2014-12-05,2014,décembre,vendredi,14:30,46,46123,0,0,1,1,3,1,1,3,2,00,1,1,000,070,1,0,1,3,1,84,5,1,9,00,2,8,1,201400003987B02,30,14,1
201400004031,2014-05-22,2014,mai,jeudi,13:15,65,65032,0,0,1,1,6,1,1,3,2,01,2,3,061,000,1,0,1,3,1,62,5,1,2,00,0,0,16,201400004031A01,,,
201400004032,2014-06-14,2014,juin,samedi,11:30,65,65267,42.99035,-0.09703,1,1,1,1,1,4,2,02,2,4,000,069,1,0,1,3,1,65,5,1,1,00,2,3,1,201400004032B02,7,1,1
201400004033,2014-08-27,2014,août,mercredi,19:15,65,65032,42.96293,-0.23539,1,1,7,1,1,3,2,02,2,1,070,000,1,0,1,3,2,50,5,1,2,00,0,4,1,201400004033A01,,,
201400004037,2014-08-27,2014,août,mercredi,14:30,65,65463,42.87849,0.02184,1,1,1,1,1,3,2,02,2,1,000,084,1,0,1,3,1,58,5,1,2,00,2,1,1,201400004037B02,10,15,1
201400004039,2014-01-29,2014,janvier,mercredi,14:15,65,65320,43.12619,0.11639,1,1,3,1,1,3,2,02,1,1,060,000,1,0,1,3,2,67,5,1,2,00,2,1,1,201400004039B02,10,19,1
201400004046,2014-10-07,2014,octobre,mardi,18:00,65,65287,43.01882,0.61117,2,3,2,1,1,3,2,02,1,1,000,000,1,0,1,2,2,73,5,1,2,00,2,4,11,201400004046A01,7,1,1
201400004062,2014-02-17,2014,février,lundi,11:30,81,81186,44.0796,2.29339,1,4,1,1,1,3,2,00,1,1,000,050,1,0,1,3,1,46,5,1,2,00,2,1,15,201400004062B02,10,1,1
201400004084,2014-09-22,2014,septembre,lundi,17:00,81,81104,43.7685,1.77289,1,1,3,1,1,3,2,02,1,1,000,070,1,0,1,4,1,83,5,1,2,00,2,8,0,201400004084A01,7,1,1
201400004085,2014-09-27,2014,septembre,samedi,12:45,81,81140,43.70167,1.82059,2,6,3,1,1,3,2,,1,1,,,1,,1,3,1,60,5,1,2,00,2,1,1,201400004085A01,7,1,1
201400004104,2014-01-09,2014,janvier,jeudi,15:15,81,81093,43.8796,2.02091,1,2,1,1,1,3,2,02,1,1,000,045,1,0,1,3,2,63,5,1,2,00,2,7,1,201400004104B02,7,1,1
201400004119,2014-10-23,2014,octobre,jeudi,10:15,81,81099,43.902,1.902,2,6,3,1,1,9,2,02,1,1,000,060,1,5,1,3,1,74,5,1,1,00,2,0,1,201400004119B02,10,1,1
201400004133,2014-11-01,2014,novembre,samedi,10:00,02,02408,49.57119,3.65505,2,6,2,1,1,4,1,02,1,2,000,080,1,0,1,3,1,53,5,1,2,00,2,4,1,201400004133B01,10,9,1
201400004136,2014-12-19,2014,décembre,vendredi,81:5,02,02408,49.3241,3.3502,1,3,3,2,8,3,2,02,1,3,000,060,2,0,1,4,1,50,5,1,4,00,2,8,1,201400004136B01,7,15,1
201400004151,2014-04-23,2014,avril,mercredi,15:15,81,81080,44.02269,1.9402,1,2,3,1,1,3,-1,02,1,1,000,000,1,5,1,3,1,82,5,1,2,00,2,1,9,201400004151A01,7,1,1
201400004194,2014-09-21,2014,septembre,dimanche,16:45,82,82077,0,0,1,1,3,1,1,3,2,02,1,1,000,000,1,0,1,2,1,81,5,1,2,00,2,8,1,201400004194A01,7,1,1
201400004232,2014-03-11,2014,mars,mardi,13:30,82,82075,43.839,1.297,1,1,7,1,1,3,-1,00,1,4,000,030,1,0,5,2,1,79,5,1,4,00,0,0,1,201400004232A01,,,
201400004256,2014-11-02,2014,novembre,dimanche,10:30,82,82112,0,0,1,6,3,1,1,3,1,00,-1,-1,000,000,1,5,1,3,1,89,5,1,2,00,2,2,1,201400004256B02,7,1,1
201400004261,2014-01-17,2014,janvier,vendredi,16:30,82,82190,0,0,1,1,3,1,1,3,2,02,1,1,000,068,1,0,1,2,1,78,5,1,2,00,2,9,15,201400004261B02,7,17,1
201400004263,2014-05-05,2014,mai,lundi,13:00,82,82025,43.9467,1.29689,1,1,1,1,1,4,2,02,1,1,000,038,1,0,1,2,1,13,5,1,2,00,2,1,1,201400004263B02,7,1,1
201400004272,2014-11-20,2014,novembre,jeudi,80:0,82,82190,0,0,2,1,1,1,1,3,2,00,2,1,000,080,1,0,1,3,1,39,1,1,4,00,2,1,1,201400004272A01,13,15,1
201400004297,2014-09-06,2014,septembre,samedi,11:00,69,69116,0,0,1,1,2,1,1,3,2,02,2,1,080,000,1,0,5,3,1,33,5,1,2,00,2,4,1,201400004297B02,7,14,1
201400004298,2014-09-13,2014,septembre,samedi,11:45,69,69059,0,0,1,1,1,1,1,3,2,02,-1,-1,000,000,-1,0,0,3,1,31,5,1,4,00,2,4,0,201400004298B02,7,14,1
201400004314,2014-09-02,2014,septembre,mardi,17:45,69,69153,0,0,2,1,2,1,1,4,2,02,2,4,000,000,1,0,1,3,1,56,5,1,2,00,2,0,2,201400004314B02,7,2,1
201400004323,2014-09-01,2014,septembre,lundi,13:45,69,69204,45.703,4.796,2,1,3,1,1,3,2,00,2,1,000,000,1,5,1,3,1,21,9,1,2,00,2,1,1,201400004323A01,7,1,1
201400004326,2014-10-20,2014,octobre,lundi,17:00,69,69204,0,0,2,6,1,1,1,3,1,00,1,-1,000,079,1,0,1,3,1,53,5,1,2,00,0,7,0,201400004326A01,7,0,1
201400004385,2014-11-24,2014,novembre,lundi,14:00,69,69227,0,0,1,1,7,1,1,3,2,02,2,2,000,055,1,0,1,3,1,78,5,1,2,00,0,0,1,201400004385A01,,,
201400004392,2014-07-14,2014,juillet,lundi,19:15,69,69094,0,0,1,1,3,1,7,3,2,02,-1,3,000,070,1,0,1,3,1,60,5,1,2,00,2,1,1,201400004392B02,7,15,1
201400004434,2014-08-08,2014,août,vendredi,90:0,69,69047,0,0,1,1,1,1,1,3,2,01,1,1,000,047,1,0,1,3,1,58,5,1,2,00,2,1,1,201400004434B02,7,15,1
201400004439,2014-06-20,2014,juin,vendredi,18:30,69,69162,0,0,1,3,3,1,1,4,2,02,2,1,000,043,1,0,1,3,1,12,5,1,2,00,2,1,1,201400004439A01,7,0,1
201400004453,2014-04-06,2014,avril,dimanche,15:45,69,69111,0,0,1,1,2,1,1,3,2,02,2,1,000,070,1,0,1,4,1,65,5,1,2,00,2,4,2,201400004453B02,7,17,1
201400004465,2014-06-02,2014,juin,lundi,15:30,69,69225,45.886,4.429,1,1,2,1,1,3,2,02,2,1,000,055,1,0,1,3,1,72,5,1,2,00,0,4,1,201400004465B02,10,1,1
201400004481,2014-06-27,2014,juin,vendredi,12:00,69,69070,0,0,1,1,3,1,1,3,2,02,2,1,000,060,1,0,1,3,2,18,5,1,2,00,2,3,15,201400004481B02,10,17,1
201400004494,2014-02-10,2014,février,lundi,71:5,01,01350,46.2873,5.29778,2,2,3,2,3,3,2,02,1,1,000,050,2,0,1,2,2,19,1,1,1,00,2,8,19,201400004494B02,14,1,1
201400004505,2014-06-07,2014,juin,samedi,10:15,01,01236,46.3292,5.06653,1,3,3,1,1,3,2,01,1,1,000,062,1,0,1,2,1,74,5,1,1,00,2,7,15,201400004505B02,7,1,1
201400004523,2014-03-19,2014,mars,mercredi,70:0,01,01273,0,0,1,1,2,1,1,3,2,02,1,3,000,075,1,0,1,3,2,59,5,1,8,00,2,4,1,201400004523B02,7,2,1
201400004533,2014-08-22,2014,août,vendredi,15:15,01,01412,46.1638,4.963,1,1,2,1,1,3,2,02,2,1,000,000,1,0,1,3,1,76,5,1,2,00,2,4,1,201400004533B02,7,2,1
201400004549,2014-10-04,2014,octobre,samedi,16:30,01,01073,0,0,2,1,1,1,1,3,2,02,2,1,000,065,1,0,1,3,1,10,5,1,2,00,2,8,16,201400004549B02,7,1,1
201400004567,2014-10-17,2014,octobre,vendredi,17:30,01,01345,0,0,2,8,1,1,1,9,2,00,1,1,000,000,9,4,0,2,1,15,5,1,1,00,9,8,19,201400004567A01,39,1,1
201400004576,2014-06-18,2014,juin,mercredi,73:0,01,01265,46.1733,5.56943,2,1,3,2,1,3,2,02,1,1,032,106,1,0,1,2,1,58,1,1,2,00,0,8,5,201400004576B02,15,9,1
201400004580,2014-09-12,2014,septembre,vendredi,17:15,01,01269,0,0,2,3,3,1,7,4,2,00,2,3,000,070,1,0,1,4,1,11,5,1,1,00,2,8,19,201400004580B02,30,1,1
201400004618,2014-07-03,2014,juillet,jeudi,15:30,01,01246,46.2309,5.04772,1,1,2,1,1,3,2,02,4,1,000,050,1,0,1,3,1,65,5,1,2,01,0,2,1,201400004618A01,7,23,1
201400004648,2014-03-16,2014,mars,dimanche,10:45,01,01318,45.9713,4.85264,1,2,1,1,1,3,2,00,-1,3,000,054,1,5,1,3,1,24,5,1,2,00,2,1,1,201400004648B02,7,15,1
201400004662,2014-06-09,2014,juin,lundi,10:30,01,01243,46.0515,4.76615,2,1,3,1,1,3,2,02,-1,3,000,068,1,0,1,3,1,53,5,1,2,00,2,8,1,201400004662B02,7,17,1
201400004676,2014-11-13,2014,novembre,jeudi,13:15,07,07296,44.579,4.393,2,1,6,1,1,3,2,02,1,1,000,050,2,0,1,3,1,74,5,1,2,13,0,1,1,201400004676A01,,,
201400004678,2014-04-19,2014,avril,samedi,12:15,07,07279,0,0,1,1,1,1,1,4,2,02,-1,2,000,030,1,0,0,3,1,59,5,1,2,00,2,1,5,201400004678B02,10,5,1
201400004692,2014-01-14,2014,janvier,mardi,14:15,07,07348,0,0,1,1,1,1,1,3,2,00,1,1,000,063,1,5,1,2,1,84,5,1,9,00,2,8,19,201400004692B02,10,1,1
201400004706,2014-07-03,2014,juillet,jeudi,11:15,07,07094,0,0,1,1,1,1,1,3,2,02,2,2,000,035,1,0,1,3,1,68,5,1,2,00,2,1,1,201400004706B02,10,13,1
201400004717,2014-10-02,2014,octobre,jeudi,14:00,07,07055,0,0,2,1,2,1,1,3,2,02,2,2,000,052,1,0,1,3,1,74,5,1,2,00,2,1,2,201400004717A01,7,4,1
201400004718,2014-11-08,2014,novembre,samedi,10:45,07,07027,0,0,2,1,1,1,1,3,2,02,1,1,000,070,1,0,1,3,1,53,5,1,2,00,2,1,1,201400004718B02,10,15,1
201400004728,2014-05-31,2014,mai,samedi,12:15,07,07330,44.456,4.309,1,1,7,1,1,3,2,02,2,2,070,000,1,0,1,2,1,66,5,1,2,00,0,0,1,201400004728A01,,,
201400004734,2014-07-03,2014,juillet,jeudi,18:15,07,07217,0,0,1,1,3,1,1,3,2,02,-1,3,000,046,1,0,1,3,1,71,5,1,2,00,2,1,1,201400004734B02,7,15,1
201400004769,2014-09-18,2014,septembre,jeudi,13:00,02,02691,49.84247,3.29424,2,2,3,1,1,4,2,02,,,,,,0,1,3,1,15,1,1,9,00,2,1,19,201400004769B01,7,1,1
201400004772,2014-10-18,2014,octobre,samedi,13:00,02,02691,49.85124,3.27322,2,2,3,1,1,4,2,02,2,2,000,048,1,0,0,3,1,7,5,1,9,00,2,1,9,201400004772A01,10,1,1
201400004783,2014-05-04,2014,mai,dimanche,16:15,26,26063,0,0,2,1,3,1,1,3,2,02,1,1,000,060,1,0,1,3,1,57,5,1,2,00,2,7,1,201400004783B02,7,15,1
201400004797,2014-05-31,2014,mai,samedi,90:0,26,26105,0,0,2,1,1,1,7,3,2,02,2,1,000,040,1,0,1,3,2,70,5,1,9,00,0,0,1,201400004797A01,15,1,1
201400004814,2014-05-22,2014,mai,jeudi,17:05,02,02805,49.37678,3.34271,2,1,3,1,1,4,1,01,1,2,060,060,1,0,1,4,1,6,5,1,9,00,2,1,5,201400004814B01,7,1,1