Num_Acc,date,an,mois,jour,hrmn,dep,com,lat,long,agg,int,col,lum,atm,catr,circ,nbv,prof,plan,lartpc,larrout,surf,infra,situ,grav,sexe,age,trajet,secuexist,equipement,obs,obsm,choc,manv,vehiculeid,typevehicules,manoeuvehicules,numVehicules
201400004828,2014-09-11,2014,septembre,jeudi,17:00,38,38422,45.16365,5.81093,2,1,3,1,1,3,2,02,2,1,000,063,1,0,1,2,2,65,5,1,9,00,2,8,2,201400004828B02,17,21,1
201400004835,2014-12-03,2014,décembre,mercredi,91:5,38,38158,0,0,2,3,3,1,1,3,2,02,1,1,000,050,1,0,5,4,1,34,1,1,2,00,2,8,1,201400004835A01,10,1,1
201400004840,2014-06-08,2014,juin,dimanche,94:5,38,38439,0,0,1,1,1,1,1,3,2,02,-1,1,000,065,1,0,1,3,1,66,5,1,2,00,2,1,1,201400004840A01,21,15,1
201400004843,2014-10-03,2014,octobre,vendredi,16:00,38,38314,0,0,2,1,1,1,1,3,2,01,1,1,000,060,1,0,1,3,1,78,5,1,1,00,2,8,1,201400004843B02,15,17,1
201400004847,2014-12-23,2014,décembre,mardi,11:45,38,38314,0,0,1,1,1,1,7,3,2,03,1,1,000,105,1,5,1,3,1,34,5,1,2,00,2,1,1,201400004847B02,7,15,1
201400004869,2014-01-06,2014,janvier,lundi,15:00,38,38466,0,0,2,1,1,1,1,3,2,02,2,4,000,051,2,0,1,3,1,44,5,1,2,00,2,2,1,201400004869B02,14,15,1
201400004882,2014-09-17,2014,septembre,mercredi,14:15,02,02304,49.66191,3.34946,2,6,3,1,1,5,1,01,1,1,000,000,1,0,1,4,1,82,5,1,2,00,2,3,1,201400004882A01,7,17,1
201400004886,2014-11-21,2014,novembre,vendredi,20:20,02,02738,49.65451,3.29464,2,3,3,5,8,4,-1,02,1,1,000,000,2,0,0,4,2,30,5,1,4,00,2,7,1,201400004886B01,7,16,1
201400004903,2014-06-25,2014,juin,mercredi,15:15,38,38304,0,0,2,1,3,1,1,4,2,02,-1,-1,000,000,1,0,0,3,1,9,5,1,2,00,2,1,19,201400004903B02,7,1,1
201400004906,2014-06-07,2014,juin,samedi,11:30,38,38242,0,0,2,1,1,1,1,3,2,01,2,1,000,060,1,0,1,3,1,56,5,1,2,00,2,7,1,201400004906B02,7,15,1
201400004944,2014-06-09,2014,juin,lundi,12:00,38,38248,0,0,1,1,6,1,1,3,2,02,2,1,000,050,1,0,1,3,1,54,5,1,2,00,6,1,1,201400004944A01,,,
201400004948,2014-10-25,2014,octobre,samedi,16:15,38,38500,0,0,1,1,1,1,1,3,2,02,1,1,000,000,1,0,1,4,1,50,5,1,9,00,2,1,1,201400004948B02,7,15,1
201400004984,2014-03-29,2014,mars,samedi,15:30,38,38386,0,0,1,1,1,1,1,3,2,02,2,1,000,060,1,0,1,3,1,65,5,1,2,00,2,1,1,201400004984B02,7,15,1
201400005008,2014-06-27,2014,juin,vendredi,19:00,44,44035,47.286,-1.555,2,6,1,1,1,9,-1,00,1,-1,000,000,1,0,1,3,2,18,2,1,2,00,2,7,1,201400005008B02,7,9,1
201400005035,2014-05-24,2014,mai,samedi,18:45,38,38389,0,0,1,1,2,1,1,3,-1,02,2,1,000,078,1,0,1,4,1,48,5,1,2,00,2,4,15,201400005035B02,7,1,1
201400005053,2014-01-18,2014,janvier,samedi,17:45,38,38344,0,0,2,1,6,2,2,4,1,01,4,3,000,035,2,0,1,3,1,29,5,1,1,06,0,1,1,201400005053A01,,,
201400005074,2014-04-12,2014,avril,samedi,16:30,42,42172,45.36835,4.44234,1,1,1,1,1,3,2,02,2,4,000,070,1,0,1,3,1,72,5,1,2,00,2,4,1,201400005074B02,33,1,1
201400005085,2014-07-25,2014,juillet,vendredi,10:00,42,42234,45.52899,4.37262,2,1,1,1,1,3,2,02,1,1,000,050,1,5,1,3,1,60,5,1,2,00,2,1,1,201400005085B02,7,13,1
201400005087,2014-09-14,2014,septembre,dimanche,10:00,42,42311,45.48225,4.38901,2,3,3,1,1,3,2,02,1,1,000,093,1,0,1,3,2,41,5,1,2,00,2,1,1,201400005087B02,7,9,1
201400005119,2014-09-21,2014,septembre,dimanche,12:15,42,42205,45.63619,3.86788,1,1,1,1,1,4,2,01,2,2,000,040,1,0,1,3,1,32,5,1,2,00,2,1,1,201400005119A01,7,1,1
201400005124,2014-04-24,2014,avril,jeudi,17:30,42,42041,45.71479,4.2006,1,1,5,1,1,3,2,00,1,1,000,070,1,0,1,1,1,81,5,1,2,00,2,9,2,201400005124C03,1,2,2
201400005124,2014-04-24,2014,avril,jeudi,17:30,42,42041,45.71479,4.2006,1,1,5,1,1,3,2,00,1,1,000,070,1,0,1,4,1,64,5,1,2,00,2,9,2,201400005124B02,1,2,2
201400005124,2014-04-24,2014,avril,jeudi,17:30,42,42041,45.71479,4.2006,1,1,5,1,1,3,2,00,1,1,000,070,1,0,1,2,1,71,5,1,2,00,2,9,2,201400005124A01,1,2,2
201400005127,2014-06-01,2014,juin,dimanche,15:45,42,42113,45.74526,4.31096,2,1,1,1,1,4,2,02,3,-1,000,070,1,5,1,3,1,8,5,1,2,00,2,8,1,201400005127A01,10,1,1
201400005129,2014-07-08,2014,juillet,mardi,10:30,42,42296,45.73897,4.29522,1,1,2,1,8,3,2,02,2,1,000,065,1,0,1,3,1,64,5,1,2,00,2,8,2,201400005129B02,7,2,1
201400005150,2014-01-05,2014,janvier,dimanche,10:30,42,42222,45.59032,4.31958,2,1,1,1,1,3,2,02,2,1,000,000,1,0,1,3,1,55,5,1,2,00,2,0,0,201400005150B02,7,15,1
201400005160,2014-06-13,2014,juin,vendredi,18:30,42,42108,45.59061,4.19548,2,1,3,1,1,3,2,02,1,1,000,052,1,0,1,3,2,74,5,1,1,00,2,7,1,201400005160B02,7,19,1
201400005163,2014-10-20,2014,octobre,lundi,17:15,42,42336,45.67722,4.35571,1,1,7,1,1,3,2,02,2,1,000,049,1,0,1,2,1,69,5,1,2,14,0,8,17,201400005163A01,,,
201400005169,2014-04-30,2014,avril,mercredi,15:15,42,42265,45.44661,4.72378,1,1,1,1,1,3,2,01,2,3,000,059,1,0,1,3,1,15,5,1,2,00,2,1,13,201400005169B02,7,23,1
201400005188,2014-08-07,2014,août,jeudi,15:00,42,42331,45.9835,3.9624,1,2,1,1,2,3,-1,00,1,2,000,000,2,0,1,3,1,80,0,1,1,00,2,4,1,201400005188B02,7,1,1
201400005192,2014-08-29,2014,août,vendredi,14:45,42,42332,45.993,4.0302,2,1,1,1,1,4,-1,00,1,1,000,000,1,5,1,3,1,14,5,1,8,00,2,2,19,201400005192A01,38,1,1
201400005214,2014-12-19,2014,décembre,vendredi,17:30,42,42209,45.87734,4.27517,2,1,6,5,2,3,2,00,-1,2,000,065,2,0,1,4,1,45,5,1,4,00,1,2,1,201400005214A01,,,
201400005218,2014-04-24,2014,avril,jeudi,90:0,42,42177,46.14705,4.10751,2,1,1,1,1,4,2,02,1,-1,000,064,1,0,1,3,1,84,3,1,1,00,9,8,1,201400005218B02,30,1,1
201400005238,2014-09-10,2014,septembre,mercredi,18:00,42,42243,45.84848,3.99079,1,1,3,1,1,3,2,02,2,1,000,053,1,0,1,3,1,19,5,1,2,00,2,1,19,201400005238B02,7,1,1
201400005242,2014-11-10,2014,novembre,lundi,11:15,42,42027,45.93681,3.94813,1,1,2,1,1,2,2,02,-1,1,000,062,1,0,1,3,1,61,5,1,2,00,2,4,1,201400005242B02,7,1,1
201400005250,2014-08-10,2014,août,dimanche,12:15,73,73301,45.706,5.9114,1,1,1,1,1,3,2,02,2,3,000,060,1,0,1,3,1,35,5,1,2,00,0,1,1,201400005250B02,10,19,1
201400005252,2014-05-12,2014,mai,lundi,11:00,73,73225,45.5331,5.9559,2,6,1,1,1,3,1,01,1,2,000,070,1,5,1,3,1,65,5,1,2,00,0,0,2,201400005252B02,7,2,1
201400005254,2014-08-06,2014,août,mercredi,16:45,73,73213,45.5995,5.9639,2,1,1,1,1,4,2,00,1,1,000,070,1,0,1,3,2,53,1,1,2,00,2,1,1,201400005254B02,7,17,1
201400005269,2014-06-10,2014,juin,mardi,15:30,73,73051,0,0,1,1,1,1,1,4,2,02,1,1,000,047,1,0,1,4,1,53,5,1,2,00,2,1,17,201400005269B02,21,24,1
201400005297,2014-07-26,2014,juillet,samedi,13:45,73,73198,45.4456,6.5936,2,1,2,1,1,3,-1,02,2,1,000,079,1,0,1,3,1,49,5,1,2,00,2,4,2,201400005297B02,7,17,1
201400005308,2014-04-02,2014,avril,mercredi,13:45,74,74275,0,0,1,1,2,1,1,3,2,00,2,1,000,056,1,0,1,4,2,51,5,1,2,00,2,6,2,201400005308B02,7,2,1
201400005309,2014-04-18,2014,avril,vendredi,17:00,74,74275,0,0,1,4,3,1,1,3,2,02,-1,1,,036,1,0,1,3,1,27,5,1,2,00,0,1,1,201400005309B02,7,15,1
201400005317,2014-11-22,2014,novembre,samedi,14:45,74,74270,0,0,1,4,1,1,1,3,2,02,2,1,000,000,1,0,1,3,1,46,5,1,2,00,2,1,1,201400005317B02,7,15,1
201400005321,2014-05-24,2014,mai,samedi,18:00,74,74255,0,0,1,1,5,1,1,3,2,02,1,1,000,065,1,0,1,3,1,62,5,1,2,00,2,1,1,201400005321C03,7,13,1
201400005321,2014-05-24,2014,mai,samedi,18:00,74,74255,0,0,1,1,5,1,1,3,2,02,1,1,000,065,1,0,1,2,1,55,5,1,2,00,2,1,1,201400005321B02,7,13,1
201400005325,2014-08-09,2014,août,samedi,11:00,74,74225,0,0,2,1,1,1,1,3,1,00,1,1,014,073,1,3,5,3,1,67,5,1,2,00,2,1,1,201400005325B02,7,16,1
201400005340,2014-05-29,2014,mai,jeudi,84:5,74,74024,0,0,2,2,1,1,1,3,2,02,1,2,000,066,1,0,1,3,1,80,5,1,2,00,2,8,1,201400005340B02,7,15,1
201400005353,2014-04-06,2014,avril,dimanche,16:15,74,74236,0,0,1,1,6,1,1,3,-1,00,-1,1,000,000,1,0,1,3,1,33,5,1,2,00,9,7,1,201400005353A01,,,
201400005383,2014-07-18,2014,juillet,vendredi,19:30,74,74223,0,0,1,1,3,1,1,3,2,02,1,1,000,084,1,0,1,3,1,17,5,1,2,00,0,2,0,201400005383B02,10,21,1
201400005385,2014-07-25,2014,juillet,vendredi,81:5,74,74258,0,0,2,3,3,1,1,3,2,02,1,1,000,069,1,0,1,3,1,67,5,1,2,00,2,1,1,201400005385A01,7,19,1
201400005398,2014-03-21,2014,mars,vendredi,17:30,74,74220,0,0,2,4,1,1,1,3,2,02,-1,1,000,060,1,0,1,3,1,60,5,1,2,00,2,1,1,201400005398B02,7,17,1
201400005455,2014-12-19,2014,décembre,vendredi,94:5,63,63045,0,0,1,1,2,1,1,3,2,02,2,1,000,075,2,0,1,3,1,49,5,1,2,00,0,6,1,201400005455B02,13,17,1
201400005468,2014-09-20,2014,septembre,samedi,10:30,63,63200,0,0,1,1,1,1,8,3,2,02,1,3,000,058,1,0,1,3,1,81,5,1,2,00,2,1,1,201400005468B02,7,2,1
201400005480,2014-09-23,2014,septembre,mardi,73:0,63,63457,45.64462,3.23086,2,6,3,2,8,3,1,02,1,-1,000,093,2,5,0,3,1,55,1,1,4,00,2,7,12,201400005480B02,7,1,1
201400005481,2014-10-08,2014,octobre,mercredi,15:00,63,63227,0,0,1,1,2,1,1,3,2,02,-1,1,000,060,1,0,1,3,1,37,0,1,4,00,0,4,2,201400005481B02,7,2,1
201400005489,2014-05-01,2014,mai,jeudi,18:00,63,63161,45.596,3.762,2,1,1,1,1,4,2,02,2,1,000,051,1,0,1,4,1,13,5,1,2,00,2,8,19,201400005489B02,7,1,1
201400005512,2014-01-27,2014,janvier,lundi,11:30,63,63178,45.54813,3.24497,1,1,1,1,1,4,2,00,4,1,000,000,1,0,1,3,2,67,0,1,2,00,2,0,1,201400005512B02,14,15,1
201400005543,2014-06-17,2014,juin,mardi,14:00,63,63424,0,0,2,1,1,1,1,3,2,02,1,3,000,065,1,0,1,2,1,75,5,1,2,00,2,1,1,201400005543B02,7,13,1
201400005561,2014-04-19,2014,avril,samedi,21:00,63,63231,0,0,2,1,3,5,1,3,2,02,1,1,000,073,1,0,4,4,2,13,5,1,1,00,2,8,1,201400005561B02,7,19,1
201400005593,2014-06-11,2014,juin,mercredi,19:00,03,03121,46.68,3.422,2,1,1,1,7,3,2,02,1,1,043,000,1,0,1,3,1,71,5,1,2,00,2,1,13,201400005593A01,7,1,1
201400005595,2014-07-15,2014,juillet,mardi,14:00,03,03229,0,0,2,1,3,1,1,9,2,00,1,1,000,030,1,0,1,3,1,8,5,1,2,00,2,8,9,201400005595B02,10,1,1
201400005625,2014-03-16,2014,mars,dimanche,10:30,03,03247,46.583,3.165,1,1,3,1,1,3,2,02,-1,1,000,070,1,0,1,3,1,58,5,1,2,00,0,4,1,201400005625B02,7,1,1
201400005667,2014-08-19,2014,août,mardi,14:00,03,03132,0,0,1,1,1,1,1,3,2,02,3,3,000,062,1,0,3,2,1,63,5,1,2,00,0,4,1,201400005667B02,14,1,1
201400005676,2014-10-08,2014,octobre,mercredi,18:45,03,03298,46.32,3.405,2,3,1,1,1,4,1,01,1,1,000,175,1,0,1,3,1,47,1,1,9,00,2,1,15,201400005676A01,7,1,1
201400005722,2014-04-14,2014,avril,lundi,18:00,15,15138,0,0,1,9,1,1,1,4,2,02,1,1,000,048,1,0,1,3,1,14,5,1,2,00,0,0,0,201400005722B02,7,0,1
201400005781,2014-10-04,2014,octobre,samedi,18:30,43,43012,0,0,1,1,1,1,1,4,2,02,3,1,000,070,1,0,1,3,1,21,5,1,2,00,2,1,1,201400005781B01,99,1,1
201400005806,2014-07-08,2014,juillet,mardi,17:40,03,03185,0,0,2,6,3,1,1,4,1,01,-1,-1,009,069,1,5,1,3,1,48,5,1,2,00,0,4,1,201400005806B01,7,9,1
201400005829,2014-06-04,2014,juin,mercredi,84:5,03,03321,0,0,2,6,3,1,3,4,-1,01,-1,-1,000,081,2,0,1,3,1,65,5,1,9,00,2,8,0,201400005829A01,7,0,1
201400005839,2014-02-13,2014,février,jeudi,94:5,57,57017,0,0,2,1,3,1,3,4,2,02,4,1,000,065,2,0,1,3,1,40,5,1,2,00,2,1,1,201400005839B02,7,9,1
201400005850,2014-03-17,2014,mars,lundi,14:45,57,57701,0,0,1,1,1,1,1,3,2,02,1,1,000,055,1,5,1,3,1,51,5,1,2,00,2,1,1,201400005850B02,7,15,1
201400005908,2014-07-20,2014,juillet,dimanche,91:5,57,57466,49.10487,6.9593,2,1,3,1,1,3,2,02,1,1,000,073,1,0,1,2,1,68,5,1,2,00,2,2,15,201400005908B02,33,1,1
201400005911,2014-12-05,2014,décembre,vendredi,17:45,57,57669,49.11832,6.89423,2,6,1,5,1,3,1,02,1,2,000,000,1,0,1,4,1,54,5,1,2,00,2,7,12,201400005911B02,7,1,1
201400005931,2014-04-25,2014,avril,vendredi,10:30,57,57561,0,0,1,1,2,1,1,3,2,02,-1,2,000,050,1,0,1,3,1,66,5,1,2,00,0,5,1,201400005931B02,7,1,1
201400005933,2014-05-31,2014,mai,samedi,16:30,57,57092,0,0,2,2,1,1,1,4,2,00,-1,1,000,040,1,0,1,3,1,45,5,1,1,00,2,1,1,201400005933A01,7,1,1
201400005945,2014-11-13,2014,novembre,jeudi,10:30,57,57206,0,0,2,1,3,1,2,4,2,02,1,1,000,090,2,0,1,4,2,43,4,1,2,00,2,1,2,201400005945B02,7,17,1
201400005969,2014-03-28,2014,mars,vendredi,14:45,54,54462,48.58632,6.33198,2,1,2,1,1,3,2,02,1,1,000,059,1,0,1,3,1,35,5,1,2,00,2,1,2,201400005969B02,10,2,1
201400005975,2014-09-16,2014,septembre,mardi,18:30,54,54462,48.59453,6.33261,2,1,3,1,1,3,2,02,1,1,000,059,1,0,0,4,1,40,5,1,4,00,0,1,1,201400005975A01,7,1,1
201400005980,2014-11-15,2014,novembre,samedi,16:00,54,54089,48.76973,6.25918,2,9,6,1,8,4,2,02,1,1,000,051,1,5,1,3,1,13,5,1,2,06,0,1,1,201400005980A01,,,
201400005988,2014-07-03,2014,juillet,jeudi,17:30,54,54430,0,0,2,1,1,1,1,4,1,01,1,1,000,000,1,0,1,3,2,57,1,1,2,01,0,1,1,201400005988B02,7,1,1
201400006012,2014-01-13,2014,janvier,lundi,74:5,03,03095,0,0,2,6,3,4,2,4,1,01,1,1,000,080,2,5,1,4,1,51,1,1,9,00,2,7,1,201400006012B01,7,9,1
201400006021,2014-01-28,2014,janvier,mardi,94:7,03,03310,0,0,2,2,7,1,1,4,2,02,1,1,000,070,1,5,1,4,1,24,5,1,9,00,0,8,1,201400006021A01,,,
201400006023,2014-01-30,2014,janvier,jeudi,17:55,03,03310,0,0,2,2,3,5,1,4,2,02,1,1,000,070,1,5,1,3,1,58,5,1,9,00,2,1,1,201400006023B01,7,9,1
201400006032,2014-02-25,2014,février,mardi,17:50,03,03023,0,0,2,1,3,1,1,3,2,02,1,1,000,080,1,0,4,3,1,26,5,1,9,00,2,1,1,201400006032B01,7,16,1
201400006072,2014-10-19,2014,octobre,dimanche,94:0,03,03310,0,0,2,1,3,1,1,4,2,02,1,1,000,090,1,0,1,4,1,67,5,1,9,00,2,8,1,201400006072B01,7,1,1
201400006077,2014-11-02,2014,novembre,dimanche,17:50,03,03310,0,0,2,1,6,2,1,4,2,01,1,1,000,050,1,6,4,1,1,14,5,1,2,00,1,1,1,201400006077A01,,,
201400006112,2014-03-01,2014,mars,samedi,11:30,54,54128,48.66644,5.84987,1,3,1,1,1,3,2,02,1,1,000,030,1,0,1,4,1,43,5,1,2,00,2,1,1,201400006112B02,7,15,1
201400006139,2014-08-18,2014,août,lundi,16:45,55,55035,0,0,1,4,3,1,1,3,2,00,4,2,000,065,1,0,1,4,1,19,5,1,1,00,2,1,1,201400006139B02,7,15,1
201400006143,2014-08-05,2014,août,mardi,16:30,55,55122,0,0,2,1,1,1,1,4,2,00,1,1,000,051,1,0,1,3,1,12,5,1,2,00,2,1,1,201400006143B02,7,20,1
201400006146,2014-11-27,2014,novembre,jeudi,71:5,55,55526,0,0,1,1,2,3,3,3,2,02,1,3,000,000,2,0,1,4,1,21,1,1,4,00,2,5,2,201400006146B02,7,2,1
201400006193,2014-08-15,2014,août,vendredi,16:00,88,88452,48.15618,6.05697,1,1,2,1,1,3,2,02,1,1,000,050,1,0,1,3,1,24,5,1,2,00,2,4,1,201400006193A01,10,1,1
201400006198,2014-08-30,2014,août,samedi,18:45,88,88110,48.40765,6.53958,2,1,3,1,1,3,3,02,1,1,000,050,1,0,1,3,2,10,5,1,2,00,2,1,15,201400006198B02,7,1,1
201400006210,2014-06-20,2014,juin,vendredi,94:5,88,88465,48.2507,6.42338,1,1,1,1,1,3,2,00,4,1,000,060,1,0,1,3,1,83,5,1,2,00,2,8,1,201400006210B02,7,17,1
201400006250,2014-01-31,2014,janvier,vendredi,14:15,88,88332,48.22487,5.92558,1,1,1,1,7,3,2,02,-1,1,000,068,1,0,1,3,1,61,5,1,2,00,2,1,1,201400006250B02,7,9,1
201400006257,2014-09-18,2014,septembre,jeudi,14:00,88,88250,48.11181,6.57486,2,6,3,1,1,3,1,00,1,2,200,063,1,5,1,3,1,79,5,1,2,00,2,7,9,201400006257B02,7,9,1
201400006259,2014-01-10,2014,janvier,vendredi,14:30,88,88116,47.96021,6.83355,2,1,3,1,1,3,2,02,-1,1,064,000,1,0,1,3,1,16,3,1,9,00,2,3,15,201400006259A01,37,1,1
201400006263,2014-07-31,2014,juillet,jeudi,18:00,88,88075,48.02184,6.89384,1,1,1,1,1,3,2,00,2,4,000,070,1,0,1,3,2,47,5,1,2,00,2,1,1,201400006263B02,7,15,1
201400006300,2014-08-08,2014,août,vendredi,10:30,67,67137,0,0,1,1,5,1,1,4,2,00,1,3,000,060,1,0,1,3,1,30,5,1,4,00,2,1,1,201400006300A01,7/ 31,15/1,2
201400006318,2014-09-18,2014,septembre,jeudi,17:00,67,67031,0,0,2,1,1,1,1,4,2,02,2,1,000,065,1,0,1,2,2,3,0,1,2,00,0,0,0,201400006318B02,7,1,1
201400006327,2014-05-08,2014,mai,jeudi,17:00,67,67169,0,0,1,6,3,1,1,3,2,00,-1,-1,000,000,1,0,1,3,2,41,5,1,4,12,2,8,5,201400006327B02,7,1,1
201400006329,2014-07-14,2014,juillet,lundi,19:45,67,67046,0,0,2,1,3,1,1,4,2,00,-1,1,000,040,1,0,1,3,1,10,5,1,1,00,2,1,1,201400006329A01,7,1,1
201400006332,2014-10-14,2014,octobre,mardi,17:30,67,67345,0,0,2,3,1,1,1,4,2,02,1,1,060,000,1,5,1,4,2,45,5,1,1,00,2,1,1,201400006332B02,31,12,1
201400006343,2014-10-02,2014,octobre,jeudi,15:15,67,67008,0,0,1,1,2,1,1,3,2,02,1,1,000,070,1,0,1,3,1,45,1,1,2,00,2,4,2,201400006343B02,7,2,1
201400006350,2014-06-24,2014,juin,mardi,13:30,67,67052,0,0,2,1,3,1,1,3,2,02,1,3,000,050,1,0,1,3,1,47,5,1,2,00,2,8,1,201400006350B02,7,1,1
201400006365,2014-08-30,2014,août,samedi,14:45,67,67352,0,0,1,1,1,1,1,3,2,02,2,2,000,082,1,0,1,2,2,24,5,1,2,00,0,4,1,201400006365B02,7,2,1
201400006366,2014-09-09,2014,septembre,mardi,14:00,67,67222,0,0,2,1,3,1,1,4,2,02,2,1,000,072,1,0,1,3,1,54,5,1,2,00,2,1,16,201400006366A01,7,1,1
201400006379,2014-04-04,2014,avril,vendredi,17:15,67,67509,0,0,2,3,3,1,1,4,-1,00,1,1,000,037,1,0,1,3,2,11,5,1,2,00,2,1,1,201400006379A01,7,1,1
201400006387,2014-10-11,2014,octobre,samedi,15:15,67,67355,0,0,1,1,1,1,1,3,2,02,1,1,000,062,1,0,1,2,1,65,5,1,1,00,0,8,1,201400006387B02,7,1,1
201400006389,2014-06-09,2014,juin,lundi,17:30,67,67067,48.732,7.711,2,1,5,1,1,3,2,01,1,1,000,070,1,0,1,3,1,75,5,1,1,00,2,1,1,201400006389C03,7/ 33,15/17,2
201400006396,2014-05-18,2014,mai,dimanche,93:0,67,67393,0,0,1,1,6,1,1,3,2,01,2,1,000,055,1,0,1,3,1,56,5,1,1,00,2,6,1,201400006396A01,,,
201400006401,2014-08-02,2014,août,samedi,17:15,67,67495,0,0,2,1,3,1,7,4,2,02,-1,2,060,000,1,0,1,3,1,40,5,1,2,00,2,1,1,201400006401A01,10,15,1
201400006402,2014-07-31,2014,juillet,jeudi,18:15,67,67495,0,0,2,1,3,1,7,4,2,02,-1,2,060,000,1,0,1,3,1,40,5,1,2,00,2,1,1,201400006402A01,10,15,1
201400006409,2014-08-18,2014,août,lundi,15:45,67,67551,0,0,2,1,2,1,1,4,2,02,-1,1,000,000,1,0,1,3,2,62,5,1,1,00,0,6,19,201400006409B02,7,1,1
201400006432,2014-04-09,2014,avril,mercredi,13:15,67,67281,0,0,2,1,1,1,1,3,2,02,1,1,000,061,1,0,1,4,2,47,1,1,1,00,2,3,19,201400006432B02,7,16,1
201400006441,2014-08-03,2014,août,dimanche,16:45,67,67351,0,0,2,6,3,1,1,3,-1,00,1,-1,000,000,1,5,1,3,1,39,5,1,2,00,0,2,9,201400006441B02,7,9,1
201400006462,2014-04-01,2014,avril,mardi,11:00,68,68145,48.08117,7.38658,2,1,3,1,1,3,2,02,1,1,000,063,1,0,1,4,2,27,3,1,2,00,2,2,19,201400006462A01,7,1,1
201400006466,2014-10-14,2014,octobre,mardi,23:15,68,68095,0,0,1,1,6,3,1,3,2,02,1,1,063,000,1,0,1,2,1,49,0,1,4,00,0,0,0,201400006466B02,,,
201400006469,2014-05-16,2014,mai,vendredi,16:00,68,68164,48.13249,7.28997,1,1,2,1,1,3,2,02,1,1,000,050,1,0,1,3,1,51,5,1,2,00,2,4,1,201400006469B02,33,1,1
201400006471,2014-06-11,2014,juin,mercredi,17:15,68,68162,48.13834,7.26681,2,1,3,1,1,4,2,01,1,1,000,020,1,0,1,4,1,16,5,1,9,00,2,1,19,201400006471A01,10,1,1
201400006482,2014-08-10,2014,août,dimanche,13:15,68,68311,47.99555,7.07256,1,1,7,1,1,3,2,02,2,2,000,035,1,0,1,3,1,65,5,1,2,00,0,2,1,201400006482A01,,,
201400006484,2014-10-22,2014,octobre,mercredi,91:5,68,68329,48.05491,7.10332,2,1,3,1,3,3,2,02,2,3,000,070,2,0,1,4,1,16,1,1,2,00,2,8,13,201400006484A01,15,17,1
201400006514,2014-04-12,2014,avril,samedi,11:15,68,68158,47.59963,7.37069,2,3,3,1,1,3,-1,00,2,4,000,060,1,0,1,3,1,62,5,1,2,00,2,1,1,201400006514A01,7,15,1
201400006547,2014-11-17,2014,novembre,lundi,17:45,68,68082,0,0,2,1,1,5,2,4,2,02,1,1,000,047,2,0,1,2,1,11,5,1,1,00,2,3,19,201400006547B02,7,2,1
201400006555,2014-06-24,2014,juin,mardi,80:0,68,68154,47.77916,7.34752,2,6,3,1,1,3,2,02,1,2,000,075,1,5,1,4,1,44,1,1,9,00,0,7,1,201400006555B02,7,9,1
201400006564,2014-01-27,2014,janvier,lundi,11:30,68,68182,47.49305,7.48082,2,2,3,1,1,3,-1,02,2,1,000,060,1,0,1,3,2,63,3,1,2,00,2,1,1,201400006564A01,7,1,1
201400006570,2014-04-26,2014,avril,samedi,22:45,68,68182,47.50125,7.50346,1,1,2,3,3,3,2,02,1,1,000,070,2,0,1,3,1,42,5,1,4,00,0,4,1,201400006570B02,7,1,1
201400006575,2014-10-01,2014,octobre,mercredi,91:5,68,68126,47.56218,7.52274,2,2,3,1,1,4,2,02,2,1,000,070,1,0,1,4,1,16,5,1,9,00,2,1,19,201400006575A01,7,1,1
201400006578,2014-05-28,2014,mai,mercredi,17:45,68,68163,47.66281,7.50053,2,2,1,1,1,4,2,02,1,1,000,060,1,0,1,4,1,15,5,1,2,00,2,1,19,201400006578B02,7,1,1
201400006592,2014-04-23,2014,avril,mercredi,11:25,68,68217,47.86083,7.04864,2,1,3,1,1,2,2,02,1,1,000,085,1,0,1,3,1,60,5,1,2,00,2,1,1,201400006592A01,7,9,1
201400006596,2014-05-29,2014,mai,jeudi,16:00,68,68171,47.97312,6.98797,1,1,1,1,8,3,2,02,1,1,000,065,1,0,1,3,1,53,5,1,9,00,2,1,13,201400006596B02,7,1,1
201400006599,2014-09-27,2014,septembre,samedi,20:15,68,68089,47.89788,6.98226,2,1,2,5,1,3,2,02,1,1,000,070,1,0,1,2,2,63,1,1,9,00,2,4,1,201400006599B02,10,1,1
201400006604,2014-09-06,2014,septembre,samedi,14:30,68,68307,47.81094,6.89515,1,1,3,1,8,3,2,02,1,1,000,052,1,0,1,2,1,33,5,1,2,00,2,1,2,201400006604B02,21,17,1
201400006606,2014-01-18,2014,janvier,samedi,11:45,51,51149,0,0,2,3,4,1,1,3,2,02,1,1,000,065,1,0,1,1,1,76,5,1,2,00,2,7,1,201400006606B02,7,16,1
201400006606,2014-01-18,2014,janvier,samedi,11:45,51,51149,0,0,2,3,4,1,1,3,2,02,1,1,000,065,1,0,1,4,2,71,5,1,2,00,2,2,0,201400006606C03,7,16,1
201400006619,2014-06-25,2014,juin,mercredi,93:0,51,51388,0,0,2,1,1,1,1,4,2,02,1,1,000,056,1,0,1,4,2,47,5,1,2,12,0,1,1,201400006619B02,15,17,1
201400006668,2014-09-23,2014,septembre,mardi,17:45,51,51009,0,0,1,3,1,1,1,3,2,02,1,1,000,076,1,0,1,2,2,86,3,1,9,00,2,3,19,201400006668B02,7,1,1
201400006691,2014-07-19,2014,juillet,samedi,10:15,51,51282,0,0,1,1,2,1,1,3,2,02,1,1,000,068,1,0,1,3,1,64,5,1,2,00,2,4,2,201400006691B02,7,2,1