Num_Acc,date,an,mois,jour,hrmn,dep,com,lat,long,agg,int,col,lum,atm,catr,circ,nbv,prof,plan,lartpc,larrout,surf,infra,situ,grav,sexe,age,trajet,secuexist,equipement,obs,obsm,choc,manv,vehiculeid,typevehicules,manoeuvehicules,numVehicules
201400006750,2014-09-16,2014,septembre,mardi,90:0,10,10115,48.33324,4.13316,2,1,3,1,1,4,2,02,2,1,,055,1,0,1,3,1,10,2,1,2,00,2,7,19,201400006750A01,14,1,1
201400006778,2014-05-09,2014,mai,vendredi,84:5,10,10366,48.27765,4.83389,2,7,1,1,1,3,-1,00,-1,2,,082,1,0,1,3,1,60,5,1,2,00,0,1,5,201400006778A01,7,16,1
201400006785,2014-04-07,2014,avril,lundi,18:15,10,10175,48.505,4.384,2,3,1,1,1,3,2,02,1,1,,070,1,0,1,3,1,11,5,1,2,00,2,8,1,201400006785B02,10,1,1
201400006814,2014-10-14,2014,octobre,mardi,16:30,52,52114,48.02794,4.91538,2,1,6,1,1,9,2,02,1,1,000,064,1,0,1,3,1,11,2,1,1,01,0,2,1,201400006814A01,,,
201400006832,2014-04-02,2014,avril,mercredi,18:15,52,52270,47.94737,5.33915,1,1,1,1,1,3,2,00,2,1,000,052,1,0,1,3,1,13,0,1,1,00,0,0,1,201400006832B02,14,1,1
201400006858,2014-01-12,2014,janvier,dimanche,93:0,52,52265,48.55042,5.07457,2,1,7,1,9,3,2,02,-1,1,000,055,2,2,1,3,1,42,5,1,2,00,0,7,1,201400006858A01,,,
201400006875,2014-08-28,2014,août,jeudi,10:30,21,21107,47.408,5.117,1,1,2,1,1,3,2,02,1,1,000,090,1,0,5,2,1,67,5,1,2,00,0,4,1,201400006875B02,7,2,1
201400006877,2014-11-14,2014,novembre,vendredi,14:30,21,21555,47.4,5.128,1,1,1,1,2,3,2,02,-1,1,000,090,2,0,1,3,1,80,5,1,2,00,0,3,1,201400006877B02,7,14,1
201400006892,2014-08-30,2014,août,samedi,18:30,21,21295,47.233,4.967,2,2,3,1,1,3,2,02,-1,1,000,050,1,5,1,3,1,69,5,1,2,00,2,8,1,201400006892A01,7,1,1
201400006919,2014-05-23,2014,mai,vendredi,16:45,21,21534,47.015,4.934,1,1,3,1,1,3,2,02,2,1,000,074,1,0,1,2,1,84,5,1,1,00,2,7,19,201400006919A01,7,1,1
201400006923,2014-07-16,2014,juillet,mercredi,18:15,21,21590,47.061,4.84,1,1,3,1,1,3,2,02,1,3,028,068,1,5,1,3,2,45,1,1,2,00,2,7,1,201400006923B02,7,19,1
201400006951,2014-04-03,2014,avril,jeudi,10:45,21,21584,47.285,4.192,1,3,3,1,8,3,2,02,-1,1,000,056,1,0,1,3,1,83,5,1,2,00,2,1,1,201400006951B02,7,16,1
201400006962,2014-04-17,2014,avril,jeudi,16:00,58,58095,0,0,2,4,1,1,1,3,2,02,2,3,000,123,1,5,1,3,2,62,3,1,2,00,2,1,1,201400006962B02,10,15,1
201400007006,2014-05-18,2014,mai,dimanche,17:45,58,58075,0,0,2,1,7,1,1,3,2,00,1,1,000,048,1,2,1,3,1,37,5,1,1,00,0,7,1,201400007006A01,,,
201400007007,2014-08-20,2014,août,mercredi,15:15,58,58083,0,0,1,2,1,1,1,4,2,02,2,1,000,034,1,0,1,3,1,9,5,1,1,00,2,2,16,201400007007A01,13,1,1
201400007050,2014-01-18,2014,janvier,samedi,13:45,71,71014,46.97233,4.30429,2,1,3,1,1,4,2,02,-1,1,000,110,1,0,1,4,1,54,5,1,2,00,2,1,1,201400007050B02,10,15,1
201400007069,2014-08-27,2014,août,mercredi,17:30,71,71216,46.67156,4.60262,2,1,3,1,1,3,2,01,-1,1,000,050,1,0,0,3,1,7,5,1,2,00,2,1,15,201400007069A01,7,1,1
201400007076,2014-07-23,2014,juillet,mercredi,10:15,71,71456,0,0,2,1,1,1,1,3,2,00,1,1,000,059,1,0,1,2,2,87,5,1,2,00,0,4,2,201400007076B02,7,2,1
201400007084,2014-07-23,2014,juillet,mercredi,17:15,71,71512,0,0,1,1,2,1,1,3,2,03,-1,1,000,000,1,0,1,3,1,24,0,1,2,00,2,4,1,201400007084B02,30,1,1
201400007178,2014-08-11,2014,août,lundi,11:15,89,89345,47.99968,3.72068,2,1,3,1,1,4,2,00,-1,1,000,068,1,0,3,3,1,60,9,1,2,00,2,6,2,201400007178B02,7,14,1
201400007190,2014-08-30,2014,août,samedi,13:30,89,89341,47.72426,3.75154,1,1,5,1,1,3,2,01,-1,-1,000,058,1,0,1,1,1,34,5,1,9,00,0,4,2,201400007190B02,7,2,1
201400007190,2014-08-30,2014,août,samedi,13:30,89,89341,47.72426,3.75154,1,1,5,1,1,3,2,01,-1,-1,000,058,1,0,1,4,2,64,5,1,9,00,0,4,2,201400007190C03,7,2,1
201400007202,2014-01-21,2014,janvier,mardi,74:5,89,89235,47.50226,3.98423,1,1,2,3,1,3,2,01,1,1,000,068,2,0,1,3,1,51,1,1,4,00,0,4,2,201400007202B02,7,2,1
201400007207,2014-08-28,2014,août,jeudi,10:15,89,89025,47.49677,3.95398,1,1,3,1,1,3,2,02,1,1,000,068,1,0,1,3,1,75,5,1,2,00,0,8,2,201400007207B02,14,14,1
201400007221,2014-07-26,2014,juillet,samedi,20:00,89,89257,47.961,3.52634,2,1,3,1,1,3,1,00,1,2,000,073,1,0,1,3,1,25,5,1,9,00,2,8,19,201400007221B02,7,9,1
201400007228,2014-09-27,2014,septembre,samedi,18:45,89,89373,48.21257,3.35713,2,9,1,1,1,4,2,02,2,1,000,055,1,0,1,3,1,14,5,1,2,00,2,8,1,201400007228B02,7,21,1
201400007229,2014-10-23,2014,octobre,jeudi,21:15,89,89160,48.14667,3.28162,1,1,2,3,1,3,2,02,1,1,000,070,1,0,1,3,1,54,1,1,2,00,0,4,2,201400007229B02,7,2,1
201400007234,2014-01-04,2014,janvier,samedi,18:15,89,89036,48.15765,3.09756,1,1,2,3,2,3,2,00,1,1,000,050,2,0,3,2,2,28,5,1,4,00,2,4,1,201400007234B02,7,1,1
201400007274,2014-04-04,2014,avril,vendredi,13:45,25,25021,47.03793,5.78507,2,3,3,1,1,4,1,00,3,1,000,040,1,0,1,3,2,72,5,1,2,00,2,7,1,201400007274A01,10,16,1
201400007275,2014-06-02,2014,juin,lundi,21:15,25,25021,0,0,2,1,1,2,1,3,2,02,1,1,000,070,1,0,1,2,1,43,5,1,2,00,0,4,2,201400007275B02,7,2,1
201400007275,2014-06-02,2014,juin,lundi,21:15,25,25021,0,0,2,1,1,2,1,3,2,02,1,1,000,070,1,0,1,1,2,43,0,1,2,00,0,4,2,201400007275B02,7,2,1
201400007280,2014-09-05,2014,septembre,vendredi,18:45,25,25477,47.192,5.95,2,1,1,1,1,4,2,02,2,1,000,065,9,0,1,4,1,15,5,1,2,00,2,1,19,201400007280B02,7,15,1
201400007291,2014-07-18,2014,juillet,vendredi,18:30,25,25481,47.545,6.723,1,1,3,1,1,3,2,02,1,1,000,060,1,0,1,3,1,54,5,1,2,00,0,7,1,201400007291B02,7,19,1
201400007310,2014-08-02,2014,août,samedi,13:45,25,25519,47.31717,6.81152,2,1,3,1,9,3,2,02,4,1,000,070,1,0,1,3,1,42,5,1,2,00,2,1,1,201400007310B02,7,15,1
201400007319,2014-06-03,2014,juin,mardi,16:30,25,25156,47.394,6.502,2,1,3,1,1,3,2,02,2,1,000,060,1,0,1,4,1,66,5,1,2,00,2,8,1,201400007319B02,7,15,1
201400007328,2014-07-24,2014,juillet,jeudi,19:30,25,25560,0,0,1,1,3,1,1,3,-1,02,1,1,000,070,1,0,1,3,1,51,5,1,2,00,2,8,1,201400007328B02,7,1,1
201400007329,2014-07-31,2014,juillet,jeudi,94:5,25,25429,0,0,2,1,3,1,7,3,-1,00,1,1,000,000,1,0,1,4,1,11,3,1,2,00,2,7,19,201400007329B02,10,16,1
201400007346,2014-11-10,2014,novembre,lundi,14:30,25,25578,0,0,2,1,1,1,1,3,2,00,1,1,000,080,1,4,1,3,2,14,2,1,9,00,0,3,21,201400007346B02,7,1,1
201400007387,2014-10-18,2014,octobre,samedi,16:30,25,25411,0,0,1,1,1,1,1,4,2,02,1,1,000,041,1,0,1,3,1,12,5,1,2,00,2,1,5,201400007387B02,7,5,1
201400007393,2014-04-17,2014,avril,jeudi,14:30,04,04070,0,0,2,6,6,1,1,2,2,01,1,1,060,060,1,2,1,3,1,58,0,1,9,00,2,3,15,201400007393B01,7,16,1
201400007404,2014-08-30,2014,août,samedi,14:45,39,39327,0,0,2,6,3,1,1,3,-1,02,1,1,000,070,1,5,1,3,1,43,5,1,2,00,2,9,15,201400007404B02,7,16,1
201400007416,2014-09-27,2014,septembre,samedi,15:00,39,39041,0,0,1,1,6,1,1,4,2,00,2,2,000,035,1,0,3,3,1,61,5,1,2,16,0,2,1,201400007416A01,,,
201400007426,2014-05-06,2014,mai,mardi,13:00,39,39097,0,0,2,1,6,1,1,4,-1,00,1,3,000,000,1,0,1,2,1,78,5,1,2,00,0,0,0,201400007426B02,7,0,1
201400007453,2014-09-10,2014,septembre,mercredi,11:30,39,39128,0,0,2,6,2,1,1,3,4,04,1,3,000,000,1,5,1,3,1,77,5,1,2,00,2,6,1,201400007453B02,7,9,1
201400007468,2014-04-17,2014,avril,jeudi,17:15,39,39113,0,0,1,3,1,1,1,3,2,02,2,2,000,000,1,5,1,3,1,55,5,1,2,00,2,1,1,201400007468A01,7,15,1
201400007504,2014-10-30,2014,octobre,jeudi,16:00,70,70439,0,0,1,1,3,1,1,3,2,02,1,1,000,082,1,0,1,3,1,69,5,1,2,00,2,8,1,201400007504B02,7,1,1
201400007523,2014-10-17,2014,octobre,vendredi,13:15,70,70455,47.68,6.529,2,1,1,1,1,2,2,02,1,1,000,071,2,0,1,3,1,76,5,1,9,00,2,5,19,201400007523B02,7,1,1
201400007531,2014-08-20,2014,août,mercredi,19:00,70,70413,0,0,2,1,1,1,1,4,2,01,2,3,000,033,1,0,1,4,1,7,5,1,2,00,2,1,0,201400007531A01,7,0,1
201400007542,2014-01-16,2014,janvier,jeudi,12:15,70,70311,0,0,2,6,3,1,2,4,1,01,-1,-1,000,000,1,5,1,3,2,57,4,1,9,00,2,3,15,201400007542A01,7,9,1
201400007552,2014-01-28,2014,janvier,mardi,71:5,70,70529,0,0,1,1,2,3,1,3,2,02,1,2,000,065,1,0,1,3,1,60,1,1,4,00,2,0,2,201400007552B02,10,2,1
201400007556,2014-09-19,2014,septembre,vendredi,16:15,70,70279,0,0,2,1,1,1,1,3,2,02,2,1,000,065,1,0,1,3,1,13,2,1,9,00,2,8,19,201400007556B02,7,1,1
201400007587,2014-09-20,2014,septembre,samedi,83:0,90,90065,0,0,2,1,3,1,2,4,2,00,1,1,000,040,1,0,1,3,1,7,5,1,2,00,2,1,19,201400007587A01,7,1,1
201400007640,2014-09-11,2014,septembre,jeudi,17:45,26,26313,0,0,2,1,1,1,1,3,2,01,1,1,000,069,1,0,1,3,1,10,5,1,2,00,2,8,15,201400007640A01,7,1,1
201400007640,2014-09-11,2014,septembre,jeudi,17:45,26,26313,0,0,2,1,1,1,1,3,2,01,1,1,000,069,1,0,1,3,1,13,0,1,2,00,2,8,15,201400007640A01,7,1,1
201400007689,2014-06-05,2014,juin,jeudi,80:0,13,13041,0,0,2,1,2,1,1,4,1,01,1,1,035,000,1,0,1,3,1,62,5,1,2,00,0,4,0,201400007689B02,7,2,1
201400007715,2014-07-24,2014,juillet,jeudi,14:00,13,13015,0,0,2,1,5,1,1,3,2,01,1,1,000,000,1,5,1,3,1,23,0,1,1,00,2,1,18,201400007715A01,7,23/16,2
201400007716,2014-09-30,2014,septembre,mardi,93:0,13,13015,0,0,1,1,3,2,3,3,2,00,1,1,000,000,2,0,1,3,2,20,1,1,1,00,2,1,1,201400007716B02,7,15,1
201400007735,2014-01-16,2014,janvier,jeudi,20:00,13,13027,0,0,1,1,5,3,3,3,3,02,1,1,000,000,2,0,3,3,1,63,5,1,1,00,0,4,2,201400007735A01,7,2,1
201400007735,2014-01-16,2014,janvier,jeudi,20:00,13,13027,0,0,1,1,5,3,3,3,3,02,1,1,000,000,2,0,3,3,2,34,5,1,1,00,0,4,2,201400007735B02,7,2,1
201400007748,2014-08-21,2014,août,jeudi,10:30,13,13097,0,0,1,9,2,1,1,2,2,00,1,1,018,157,1,5,1,3,2,72,5,1,2,00,0,6,11,201400007748B02,7,13,1
201400007769,2014-08-30,2014,août,samedi,83:0,13,13085,0,0,1,1,2,1,1,3,2,00,1,2,000,056,1,0,1,3,1,45,5,1,2,00,2,4,1,201400007769B02,7,1,1
201400007773,2014-08-05,2014,août,mardi,21:30,13,13073,0,0,1,1,1,3,1,3,2,02,1,1,000,080,1,0,1,3,1,58,5,1,4,00,2,4,1,201400007773B02,7,1,1
201400007805,2014-04-03,2014,avril,jeudi,10:15,13,13067,0,0,1,1,1,1,1,3,2,02,2,2,000,150,1,0,1,3,1,80,5,1,1,00,2,1,10,201400007805B02,7,0,1
201400007840,2014-12-09,2014,décembre,mardi,15:15,04,04230,0,0,1,1,1,1,1,3,2,02,1,1,000,035,1,2,1,4,1,69,5,1,2,00,2,6,1,201400007840B02,13,14,1
201400007848,2014-08-01,2014,août,vendredi,12:45,04,04149,0,0,1,1,1,1,1,3,2,02,1,1,000,072,1,0,1,3,1,54,5,1,2,00,2,1,1,201400007848B02,7,17,1
201400007872,2014-07-14,2014,juillet,lundi,12:30,04,04154,0,0,1,1,3,1,1,3,2,02,2,3,000,076,1,0,1,3,1,17,5,1,2,00,2,1,13,201400007872A01,7,15,1
201400007895,2014-04-14,2014,avril,lundi,15:30,04,04081,43.74075,5.96759,1,1,7,1,7,4,2,01,2,4,000,046,9,0,1,2,1,72,5,1,2,00,0,0,0,201400007895A01,,,
201400007913,2014-08-09,2014,août,samedi,94:5,04,04045,0,0,2,1,1,1,1,4,2,02,2,2,000,000,1,0,1,3,1,21,1,1,2,00,2,1,5,201400007913A01,7,1,1
201400007926,2014-02-23,2014,février,dimanche,14:45,04,04152,0,0,2,1,1,1,1,4,2,01,2,-1,071,000,1,0,1,4,1,9,5,1,2,00,2,1,1,201400007926B02,10,15,1
201400007938,2014-12-15,2014,décembre,lundi,18:00,04,04145,0,0,1,1,3,3,2,3,2,00,2,1,000,000,2,5,1,3,1,60,5,1,2,00,2,1,1,201400007938B02,7,15,1
201400007953,2014-08-19,2014,août,mardi,10:45,05,05096,44.68411,6.32802,1,1,4,1,1,3,2,02,2,3,000,059,1,0,1,3,1,13,5,1,2,00,2,1,13,201400007953A01,14,1,1
201400007953,2014-08-19,2014,août,mardi,10:45,05,05096,44.68411,6.32802,1,1,4,1,1,3,2,02,2,3,000,059,1,0,1,4,1,15,5,1,2,00,2,1,1,201400007953B02,14,1,1
201400007973,2014-09-01,2014,septembre,lundi,15:45,05,05045,44.53167,6.43918,1,1,2,1,1,2,2,03,2,1,000,100,1,0,1,3,1,53,5,1,2,00,0,4,1,201400007973B02,7,1,1
201400007996,2014-12-08,2014,décembre,lundi,11:00,06,06091,0,0,2,1,2,1,1,3,2,02,2,-1,000,000,1,0,1,3,1,54,5,1,2,00,2,1,1,201400007996B02,7,1,1
201400008010,2014-04-24,2014,avril,jeudi,11:30,06,06079,0,0,2,1,1,1,1,3,2,00,2,1,000,000,1,2,1,3,1,77,5,1,2,00,2,3,9,201400008010A01,7,9,1
201400008012,2014-05-13,2014,mai,mardi,94:5,06,06079,0,0,1,1,1,1,1,3,2,00,1,1,065,000,1,0,1,3,1,69,5,1,2,00,2,8,2,201400008012B02,7,2,1
201400008025,2014-10-26,2014,octobre,dimanche,10:45,06,06079,0,0,1,1,5,1,1,3,2,00,-1,1,065,000,1,0,1,3,1,28,5,1,2,01,0,1,1,201400008025C03,7/ 33,0/1,2
201400008025,2014-10-26,2014,octobre,dimanche,10:45,06,06079,0,0,1,1,5,1,1,3,2,00,-1,1,065,000,1,0,1,3,1,31,5,1,2,01,0,1,1,201400008025B02,7/ 33,0/1,2
201400008029,2014-06-16,2014,juin,lundi,14:15,06,06081,0,0,1,1,7,1,1,3,2,01,2,2,000,042,1,0,1,3,1,61,5,1,2,13,0,0,1,201400008029A01,,,
201400008033,2014-07-27,2014,juillet,dimanche,18:45,06,06070,0,0,1,1,7,1,1,3,2,00,1,1,000,054,1,0,0,3,2,53,5,1,2,02,0,0,1,201400008033A01,,,
201400008037,2014-09-21,2014,septembre,dimanche,11:45,06,06128,43.702,7.117,2,1,3,1,1,3,2,02,4,2,000,060,1,0,1,2,1,50,5,1,2,00,2,1,1,201400008037A01,7,19,1
201400008059,2014-12-18,2014,décembre,jeudi,15:30,06,06150,0,0,1,1,5,1,1,3,2,02,2,1,000,065,1,0,1,3,1,56,5,1,2,00,2,1,1,201400008059C03,7,1,1
201400008059,2014-12-18,2014,décembre,jeudi,15:30,06,06150,0,0,1,1,5,1,1,3,2,02,2,1,000,065,1,0,1,3,1,35,5,1,2,00,2,1,1,201400008059B02,7,1,1
201400008087,2014-08-05,2014,août,mardi,17:45,83,83028,0,0,1,1,7,1,1,3,2,02,-1,2,000,065,8,0,1,4,1,62,5,1,2,00,0,0,1,201400008087A01,,,
201400008126,2014-05-16,2014,mai,vendredi,11:15,83,83023,0,0,1,1,1,1,1,3,-1,00,-1,-1,000,000,-1,0,0,3,1,65,0,1,2,00,0,0,0,201400008126B02,15,0,1
201400008133,2014-10-29,2014,octobre,mercredi,15:45,83,83023,0,0,1,1,2,1,1,3,3,02,1,1,080,080,1,0,1,3,2,54,5,1,2,00,0,6,13,201400008133B02,33,17,1
201400008138,2014-04-17,2014,avril,jeudi,10:45,83,83113,0,0,1,1,7,1,1,3,2,02,1,1,000,035,1,0,1,2,1,66,5,1,2,00,0,0,1,201400008138A01,,,
201400008177,2014-11-05,2014,novembre,mercredi,20:45,83,83125,0,0,1,1,1,3,1,3,2,02,1,1,000,000,1,0,1,3,1,18,5,1,2,00,2,8,2,201400008177B02,15,2,1
201400008186,2014-05-09,2014,mai,vendredi,90:0,83,83107,0,0,1,1,1,1,1,3,4,02,1,2,000,000,1,0,1,3,1,31,0,1,2,00,2,8,16,201400008186B02,7,2,1
201400008195,2014-08-22,2014,août,vendredi,54:5,83,83099,0,0,1,1,1,3,1,3,2,01,2,1,035,069,1,0,1,3,1,18,9,1,9,00,0,8,2,201400008195B02,14,2,1
201400008214,2014-09-16,2014,septembre,mardi,80:0,83,83068,0,0,1,6,3,1,1,3,1,00,-1,-1,000,070,1,0,1,4,1,30,5,1,2,00,2,7,2,201400008214B02,7,2,1
201400008216,2014-10-01,2014,octobre,mercredi,13:45,83,83042,43.27,6.503,1,1,2,1,1,3,2,01,1,3,050,000,1,0,1,3,1,46,5,1,2,00,2,1,1,201400008216A01,7,1,1
201400008223,2014-01-02,2014,janvier,jeudi,15:30,83,83107,43.351,6.675,1,1,1,1,2,3,2,00,-1,4,000,070,2,0,1,3,2,26,5,1,2,00,2,7,1,201400008223B02,7,13,1
201400008241,2014-06-16,2014,juin,lundi,16:45,83,83101,43.23663,6.64978,1,1,6,1,1,3,2,02,-1,1,000,080,1,0,1,3,1,47,5,1,2,00,2,0,0,201400008241A01,,,
201400008275,2014-07-17,2014,juillet,jeudi,94:5,83,83071,0,0,1,1,1,1,1,3,2,03,1,1,105,000,1,5,1,3,1,74,5,1,2,00,2,1,15,201400008275B02,7,1,1
201400008280,2014-03-07,2014,mars,vendredi,15:30,83,83112,43.17973,5.69789,1,1,1,1,1,3,2,02,1,2,000,070,1,0,1,4,1,14,5,1,2,00,2,1,19,201400008280A01,7,1,1
201400008304,2014-05-20,2014,mai,mardi,15:45,84,84054,0,0,2,1,5,1,1,3,2,02,1,1,000,084,1,0,1,3,2,69,5,1,2,00,0,8,1,201400008304C03,7,2,1
201400008304,2014-05-20,2014,mai,mardi,15:45,84,84054,0,0,2,1,5,1,1,3,2,02,1,1,000,084,1,0,1,1,1,67,5,1,2,00,0,8,1,201400008304B02,7,2,1
201400008305,2014-06-13,2014,juin,vendredi,12:15,84,84132,0,0,2,9,3,1,1,4,2,01,1,1,000,050,1,0,1,3,1,13,3,1,1,00,2,8,19,201400008305B02,7,1,1
201400008310,2014-08-21,2014,août,jeudi,14:45,84,84054,0,0,2,1,1,1,1,3,2,02,-1,1,000,000,1,0,1,3,2,25,1,1,2,00,2,1,19,201400008310B02,7,1,1
201400008315,2014-10-08,2014,octobre,mercredi,16:00,84,84054,0,0,2,1,3,1,1,3,2,02,1,1,000,000,1,2,1,3,1,67,5,1,1,00,2,3,1,201400008315A01,1,17,1
201400008315,2014-10-08,2014,octobre,mercredi,16:00,84,84054,0,0,2,1,3,1,1,3,2,02,1,1,000,000,1,2,1,1,1,71,5,1,1,00,2,7,17,201400008315B02,1,1,1
201400008316,2014-10-09,2014,octobre,jeudi,94:5,84,84132,0,0,1,1,2,1,1,3,2,00,1,1,000,040,1,0,1,3,1,80,5,1,8,00,2,4,1,201400008316B02,10,1,1
201400008321,2014-12-02,2014,décembre,mardi,17:45,84,84132,0,0,1,1,1,3,6,3,2,02,1,1,000,100,1,0,1,3,1,24,5,1,2,00,2,1,1,201400008321B02,10,17,1
201400008332,2014-03-28,2014,mars,vendredi,15:00,84,84129,0,0,2,1,1,1,1,9,2,02,1,-1,000,000,1,0,1,3,1,14,5,1,1,00,2,1,0,201400008332B02,7,1,1
201400008353,2014-08-26,2014,août,mardi,20:45,84,84074,0,0,1,1,1,2,1,3,2,02,-1,1,000,090,1,0,3,3,1,47,5,1,4,00,2,1,15,201400008353B02,7,13,1
201400008355,2014-10-15,2014,octobre,mercredi,10:45,84,84026,0,0,1,1,2,1,1,3,2,02,1,1,000,053,1,0,1,4,1,47,5,1,2,00,2,6,1,201400008355B02,7,17,1
201400008359,2014-11-23,2014,novembre,dimanche,11:15,84,84020,0,0,1,1,3,1,1,3,2,02,2,1,000,041,1,0,1,2,1,48,5,1,2,00,2,8,1,201400008359B02,37,17,1
201400008361,2014-12-26,2014,décembre,vendredi,15:45,84,84020,0,0,1,1,1,2,7,3,2,02,2,2,000,060,1,0,1,3,1,49,5,1,2,00,0,4,2,201400008361B02,7,2,1
201400008372,2014-05-28,2014,mai,mercredi,13:45,84,84069,0,0,1,1,1,1,1,3,2,00,2,2,000,040,1,0,1,2,1,64,0,1,2,00,2,0,1,201400008372A01,7,1,1
201400008384,2014-07-25,2014,juillet,vendredi,18:00,84,84029,0,0,1,2,3,1,2,3,2,02,1,1,000,080,2,5,1,2,2,82,5,1,1,00,2,7,1,201400008384B02,33,1,1
201400008421,2014-07-19,2014,juillet,samedi,14:15,84,84138,0,0,1,1,1,1,1,3,2,01,2,2,000,000,1,0,1,2,1,40,5,1,9,00,2,0,13,201400008421A01,7,1,1
201400008425,2014-11-24,2014,novembre,lundi,15:45,84,84138,0,0,2,1,1,1,1,3,2,02,1,1,000,056,1,5,1,4,1,11,2,1,2,00,9,4,15,201400008425B02,3,1,1
201400008471,2014-06-13,2014,juin,vendredi,74:5,34,34314,43.74098,3.84778,1,1,3,1,1,3,2,02,1,1,070,000,1,0,1,2,1,81,5,1,2,00,2,3,13,201400008471A01,7,17,1
201400008481,2014-08-09,2014,août,samedi,94:5,34,34119,0,0,2,1,1,1,1,3,3,02,2,3,005,033,1,0,1,3,1,66,5,1,2,14,2,8,1,201400008481B02,7,17,1
201400008503,2014-06-20,2014,juin,vendredi,12:00,34,34178,0,0,2,1,3,1,1,4,2,00,1,1,000,000,1,5,1,4,1,44,5,1,1,00,2,1,1,201400008503B02,14,1,1
201400008511,2014-08-21,2014,août,jeudi,84:5,34,34103,0,0,2,1,1,1,1,3,2,00,-1,-1,000,040,1,0,1,3,1,73,5,1,2,00,0,1,0,201400008511B02,7,15,1
201400008526,2014-10-13,2014,octobre,lundi,15:15,34,34139,0,0,1,1,1,1,1,3,2,02,1,1,000,080,1,0,2,2,1,54,5,1,2,00,2,6,1,201400008526B02,7,14,1
201400008530,2014-07-24,2014,juillet,jeudi,22:30,34,34299,43.28579,3.27665,1,1,4,3,1,3,2,02,1,1,060,069,1,0,1,3,2,29,5,1,8,00,0,4,1,201400008530C03,7,1,1
201400008530,2014-07-24,2014,juillet,jeudi,22:30,34,34299,43.28579,3.27665,1,1,4,3,1,3,2,02,1,1,060,069,1,0,1,2,1,32,5,1,8,00,0,4,1,201400008530B02,7,1,1
201400008533,2014-08-30,2014,août,samedi,17:30,34,34299,0,0,1,1,3,1,1,3,2,02,1,1,000,000,1,5,1,3,1,54,5,1,1,00,2,0,15,201400008533B02,7,0,1
201400008557,2014-07-23,2014,juillet,mercredi,15:45,34,34143,43.44007,3.62598,1,1,1,1,1,3,2,02,-1,1,000,081,1,0,3,2,1,77,9,1,8,00,0,4,1,201400008557A01,10,1,1
201400008576,2014-11-18,2014,novembre,mardi,15:15,11,11388,43.005,2.565,2,1,2,1,1,4,2,02,1,3,000,091,1,0,1,3,1,63,5,1,2,00,2,1,1,201400008576B02,10,4,1
201400008600,2014-02-11,2014,février,mardi,13:00,11,11254,43.198,2.12,1,1,2,1,1,3,4,03,1,1,000,082,1,5,1,3,1,31,5,1,1,00,2,4,2,201400008600B02,10,2,1
201400008626,2014-11-15,2014,novembre,samedi,93:0,11,11207,0,0,1,1,2,1,7,3,-1,02,1,1,000,000,2,0,1,1,1,65,5,1,2,00,0,4,1,201400008626B02,7,1,1
201400008626,2014-11-15,2014,novembre,samedi,93:0,11,11207,0,0,1,1,2,1,7,3,-1,02,1,1,000,000,2,0,1,3,1,55,0,1,2,00,0,4,1,201400008626B02,7,1,1
201400008633,2014-05-04,2014,mai,dimanche,19:15,11,11165,0,0,1,1,7,1,1,3,2,00,-1,1,000,062,1,0,1,3,2,67,5,1,2,00,0,0,1,201400008633A01,,,
201400008642,2014-01-31,2014,janvier,vendredi,15:15,11,11262,43.19152,3.12736,1,1,3,1,1,5,2,02,-1,1,000,029,-1,0,1,4,1,67,5,1,2,00,2,6,1,201400008642B02,7,1,1
201400008646,2014-04-02,2014,avril,mercredi,81:5,11,11106,43.23365,3.05404,1,3,1,1,8,4,2,02,1,1,000,037,1,0,1,3,1,74,5,1,2,00,2,8,15,201400008646B02,10,1,1
201400008648,2014-05-02,2014,mai,vendredi,17:45,11,11370,43.23903,3.12455,2,2,3,1,1,4,2,01,2,1,000,045,1,0,0,3,1,10,5,1,1,00,2,7,1,201400008648B02,7,1,1
201400008652,2014-06-06,2014,juin,vendredi,16:45,11,11264,0,0,1,1,1,1,6,3,2,00,1,1,068,000,1,0,1,3,1,70,5,1,2,00,2,8,2,201400008652B02,7,1,1
201400008690,2014-07-15,2014,juillet,mardi,71:5,30,30133,43.52825,4.14937,2,1,3,2,1,4,2,02,1,1,000,070,1,0,1,3,1,57,1,1,2,00,2,7,2,201400008690B02,7,16,1
201400008695,2014-08-25,2014,août,lundi,11:15,30,30003,43.58264,4.20748,1,1,3,1,1,3,2,02,1,1,000,071,1,0,1,3,1,65,5,1,2,00,2,8,1,201400008695B02,7,17,1
201400008705,2014-05-16,2014,mai,vendredi,14:45,30,30062,43.7821,4.20502,1,1,3,1,1,3,2,02,1,1,000,072,1,5,1,3,1,65,5,1,1,00,2,6,15,201400008705B02,7,9,1
201400008713,2014-03-28,2014,mars,vendredi,10:45,30,30156,43.86624,4.44436,1,6,3,1,1,3,2,02,1,2,000,060,1,5,1,3,1,58,5,1,2,00,2,7,1,201400008713A01,7,9,1
201400008720,2014-09-26,2014,septembre,vendredi,83:0,30,30156,43.86075,4.44499,2,2,3,1,1,4,2,02,1,-1,000,080,1,0,1,3,1,82,3,1,1,00,2,8,19,201400008720B02,7,1,1
201400008735,2014-06-29,2014,juin,dimanche,15:30,30,30059,43.65032,4.25221,1,1,1,1,1,3,2,02,2,1,000,046,1,0,1,4,2,18,5,1,2,00,0,8,10,201400008735A01,31,1,1