Num_Acc,date,an,mois,jour,hrmn,dep,com,lat,long,agg,int,col,lum,atm,catr,circ,nbv,prof,plan,lartpc,larrout,surf,infra,situ,grav,sexe,age,trajet,secuexist,equipement,obs,obsm,choc,manv,vehiculeid,typevehicules,manoeuvehicules,numVehicules
201400008766,2014-05-09,2014,mai,vendredi,17:15,30,30284,44.153,4.05844,1,1,2,1,1,2,2,02,1,1,000,071,1,0,1,3,1,59,5,1,2,00,0,6,1,201400008766B02,7,1,1
201400008793,2014-08-28,2014,août,jeudi,11:30,30,30153,44.42896,4.02144,1,1,7,1,1,3,2,02,2,3,000,050,1,0,1,3,1,68,5,1,2,00,0,1,0,201400008793A01,,,
201400008807,2014-06-05,2014,juin,jeudi,14:00,30,30029,44.29937,4.3425,1,1,1,1,1,3,2,00,1,2,000,093,1,0,1,3,1,83,5,1,2,00,2,1,0,201400008807A01,7,0,1
201400008833,2014-01-15,2014,janvier,mercredi,73:0,30,30202,44.23907,4.64873,1,1,1,3,1,3,-1,02,1,1,000,036,2,0,1,3,1,15,2,1,4,00,2,2,15,201400008833A01,7,1,1
201400008834,2014-04-17,2014,avril,jeudi,13:45,30,30202,0,0,2,1,1,1,1,4,-1,00,-1,1,000,068,1,0,1,3,1,17,5,1,2,00,2,8,15,201400008834B02,7,17,1
201400008838,2014-09-04,2014,septembre,jeudi,11:15,30,30175,44.27215,4.41971,1,1,7,1,1,3,2,02,2,2,000,050,1,0,1,2,1,60,5,1,2,00,0,7,1,201400008838A01,,,
201400008875,2014-06-08,2014,juin,dimanche,19:15,30,30238,43.95294,3.64474,1,1,7,1,1,3,2,00,-1,1,000,032,1,0,1,4,1,47,5,1,2,00,0,0,1,201400008875A01,,,
201400008881,2014-11-10,2014,novembre,lundi,18:00,30,30350,43.98126,3.60071,2,1,3,3,8,3,3,00,1,1,060,000,1,0,1,3,1,45,5,1,2,00,2,8,11,201400008881B02,7,1,1
201400008887,2014-04-27,2014,avril,dimanche,90:0,30,30263,43.97452,3.8514,1,1,1,1,1,3,2,00,2,2,000,000,1,0,1,3,1,53,5,1,2,00,2,1,1,201400008887B02,14,21,1
201400008888,2014-05-03,2014,mai,samedi,94:5,30,30192,43.8852,4.02137,1,1,5,1,1,3,-1,00,-1,3,000,050,1,0,1,3,1,66,5,1,2,00,0,4,1,201400008888B02,7,17,1
201400008888,2014-05-03,2014,mai,samedi,94:5,30,30192,43.8852,4.02137,1,1,5,1,1,3,-1,00,-1,3,000,050,1,0,1,3,1,65,0,1,2,00,0,4,1,201400008888C03,7,17,1
201400008919,2014-09-07,2014,septembre,dimanche,17:00,48,48121,44.82625,3.34219,2,1,1,1,1,9,2,02,-1,1,000,000,1,0,1,3,1,12,5,1,1,00,2,7,1,201400008919A01,7,1,1
201400008942,2014-07-23,2014,juillet,mercredi,18:00,66,66190,0,0,1,1,1,1,1,3,2,00,1,1,000,000,1,0,1,4,1,69,0,1,2,00,0,8,1,201400008942B02,7,17,1
201400008961,2014-11-08,2014,novembre,samedi,80:0,66,66217,0,0,2,1,5,1,1,3,2,02,2,1,000,000,1,0,1,3,1,71,5,1,2,00,2,1,15,201400008961C03,7,2/0,2
201400008966,2014-01-20,2014,janvier,lundi,10:30,66,66168,0,0,1,1,3,1,6,3,2,02,1,2,000,055,1,0,1,2,1,66,5,1,2,00,2,8,13,201400008966B02,7,17,1
201400008968,2014-04-18,2014,avril,vendredi,91:5,66,66008,0,0,1,3,6,1,1,3,2,02,1,1,000,000,1,5,1,4,1,72,5,1,2,00,2,1,23,201400008968B02,99,0,1
201400009001,2014-06-18,2014,juin,mercredi,10:45,2A,2A228,41.84216,8.76785,1,6,3,1,1,3,1,00,-1,2,201,078,1,5,1,3,2,30,9,1,2,00,2,1,1,201400009001A01,10,9,1
201400009015,2014-04-23,2014,avril,mercredi,16:30,2A,2A197,42.355,8.645,1,1,6,1,1,3,2,02,2,2,000,080,1,0,1,3,1,30,5,1,2,14,0,1,1,201400009015A01,,,
201400009036,2014-06-21,2014,juin,samedi,71:5,2A,2A247,41.59806,9.26668,2,6,3,1,1,2,4,00,-1,-1,000,000,1,5,1,4,1,53,5,1,2,00,0,7,1,201400009036B02,10,9,1
201400009046,2014-11-18,2014,novembre,mardi,92:5,2A,2A247,0,0,2,6,3,1,1,2,-1,00,-1,-1,000,000,-1,5,0,3,1,53,5,1,2,00,2,1,16,201400009046A01,7,9,1
201400009050,2014-06-03,2014,juin,mardi,17:00,2A,2A128,41.64067,9.00046,1,1,7,1,1,3,2,02,2,3,000,000,9,0,3,3,1,66,5,1,2,13,0,0,1,201400009050A01,,,
201400009055,2014-06-03,2014,juin,mardi,84:5,2A,2A189,41.69797,8.90308,1,1,5,1,1,2,2,02,2,1,093,080,1,0,1,2,1,75,5,1,2,00,2,3,2,201400009055C03,10,2,2
201400009143,2014-07-30,2014,juillet,mercredi,11:20,05,05023,44.89616,6.63298,2,6,6,1,1,3,2,02,1,1,000,137,1,5,1,3,2,39,5,1,2,00,2,8,9,201400009143V01,7,1,1
201400009149,2014-07-23,2014,juillet,mercredi,91:0,05,05023,44.89585,6.63272,2,6,7,1,1,3,2,02,1,1,000,000,1,5,1,3,1,79,5,1,2,00,2,8,18,201400009149B01,7,20,1
201400009173,2014-08-29,2014,août,vendredi,17:09,05,05061,44.56503,6.09289,2,1,3,1,1,4,2,03,1,1,000,000,1,0,1,3,1,26,1,1,9,00,,8,19,201400009173B01,7,1,1
201400009203,2014-09-17,2014,septembre,mercredi,90:0,78,78368,0,0,2,1,6,1,1,3,2,02,2,1,000,000,1,0,1,3,1,65,5,1,1,00,5,0,21,201400009203A01,,,
201400009207,2014-08-01,2014,août,vendredi,94:5,78,78417,48.894,1.608,1,1,6,1,1,4,2,02,1,1,000,037,1,0,1,2,1,75,5,1,2,00,6,0,21,201400009207A01,,,
201400009222,2014-03-31,2014,mars,lundi,10:30,78,78420,48.784,1.814,2,6,3,1,1,3,2,02,4,1,000,060,1,5,1,4,1,33,5,1,2,00,2,7,1,201400009222B02,7,9,1
201400009223,2014-04-09,2014,avril,mercredi,90:0,78,78576,48.742,1.887,1,1,1,1,1,3,2,02,1,1,000,047,1,0,1,2,1,71,5,1,2,00,2,8,2,201400009223A01,7,2,1
201400009227,2014-03-22,2014,mars,samedi,16:00,78,78623,0,0,1,1,4,1,1,3,2,02,3,1,083,000,1,0,1,3,1,51,5,1,2,00,2,4,1,201400009227B02,7,1,1
201400009227,2014-03-22,2014,mars,samedi,16:00,78,78623,0,0,1,1,4,1,1,3,2,02,3,1,083,000,1,0,1,4,1,13,5,1,2,00,2,4,1,201400009227C03,7,1,1
201400009243,2014-11-08,2014,novembre,samedi,10:15,78,78537,0,0,2,1,7,1,1,3,2,02,2,4,000,000,1,0,3,3,1,45,5,1,2,00,0,7,1,201400009243A01,,,
201400009250,2014-04-09,2014,avril,mercredi,14:30,91,91386,0,0,2,1,1,1,1,4,2,02,1,1,000,000,1,0,1,3,1,12,5,1,9,00,2,1,1,201400009250B02,7,1,1
201400009258,2014-03-11,2014,mars,mardi,15:45,91,91405,0,0,1,1,2,1,1,3,2,02,1,1,000,069,1,5,1,3,1,81,5,1,9,00,2,4,2,201400009258B02,7,1,1
201400009280,2014-06-18,2014,juin,mercredi,15:45,91,91129,48.479,2.304,1,1,2,1,1,3,2,02,3,1,000,071,1,0,1,2,1,65,5,1,2,00,2,4,2,201400009280B02,7,1,1
201400009284,2014-08-02,2014,août,samedi,10:30,91,91546,48.571,2.031,2,2,3,1,1,3,2,02,1,1,000,062,1,5,1,3,1,69,5,1,2,00,2,8,19,201400009284B02,7,16,1
201400009308,2014-10-19,2014,octobre,dimanche,10:00,91,91093,0,0,2,2,3,1,1,3,2,02,1,2,000,000,1,0,1,4,1,85,5,1,2,00,2,8,5,201400009308A01,7,1,1
201400009315,2014-10-18,2014,octobre,samedi,15:45,91,91044,0,0,1,1,1,1,1,2,3,04,1,1,000,000,1,0,5,3,1,14,5,1,9,00,2,1,0,201400009315B02,30,13,1
201400009320,2014-08-09,2014,août,samedi,17:30,91,91477,0,0,1,6,1,1,1,3,1,01,1,2,000,000,1,0,1,3,1,82,5,1,2,00,2,4,2,201400009320B02,7,1,1
201400009364,2014-11-16,2014,novembre,dimanche,18:00,77,77493,0,0,1,1,5,3,2,3,2,00,1,-1,000,000,2,0,1,1,1,16,5,1,2,00,2,4,0,201400009364C03,7,2,1
201400009364,2014-11-16,2014,novembre,dimanche,18:00,77,77493,0,0,1,1,5,3,2,3,2,00,1,-1,000,000,2,0,1,4,1,17,5,1,2,00,2,4,0,201400009364B02,7,2,1
201400009435,2014-06-24,2014,juin,mardi,19:45,77,77088,48.54,2.941,2,1,1,1,1,3,2,02,1,1,000,063,1,0,1,3,1,27,5,1,2,01,0,1,21,201400009435B02,17,24,1
201400009446,2014-09-01,2014,septembre,lundi,63:0,77,77115,48.244,2.981,1,1,1,2,1,3,2,02,1,1,000,000,1,0,1,2,1,48,1,1,2,00,2,4,2,201400009446B02,7,2,1
201400009472,2014-10-07,2014,octobre,mardi,19:00,77,77525,49.027,2.208,1,1,5,2,7,3,2,00,-1,1,000,000,1,0,1,3,1,42,5,1,2,00,2,4,2,201400009472B02,7,2,1
201400009472,2014-10-07,2014,octobre,mardi,19:00,77,77525,49.027,2.208,1,1,5,2,7,3,2,00,-1,1,000,000,1,0,1,1,1,30,5,1,2,00,2,4,2,201400009472C03,7,2,1
201400009489,2014-03-30,2014,mars,dimanche,11:15,77,77286,0,0,1,1,1,1,1,4,2,00,1,1,000,000,1,0,1,4,1,49,5,1,2,00,2,1,1,201400009489B02,7,2,1
201400009498,2014-01-02,2014,janvier,jeudi,11:30,45,45082,47.86543,2.21875,2,1,3,1,1,3,2,02,1,1,000,060,1,0,1,3,2,84,5,1,9,00,2,1,19,201400009498A01,7,1,1
201400009503,2014-09-14,2014,septembre,dimanche,12:00,45,45082,47.89187,2.23858,1,3,1,1,1,3,2,02,1,1,000,060,1,0,1,3,2,58,5,1,2,00,2,1,1,201400009503B02,7,16,1
201400009510,2014-02-24,2014,février,lundi,17:15,45,45098,47.82574,1.76269,2,1,3,1,1,3,2,02,1,1,000,065,1,6,1,4,2,17,5,1,2,00,2,8,19,201400009510B02,7,1,1
201400009512,2014-07-03,2014,juillet,jeudi,18:15,45,45196,47.85799,1.77532,1,1,1,1,1,4,2,02,1,1,000,033,1,0,1,3,2,66,5,1,2,00,2,1,13,201400009512A01,7,21,1
201400009513,2014-10-01,2014,octobre,mercredi,20:15,45,45146,47.72278,1.9354,2,1,6,3,1,3,2,02,1,1,000,040,1,0,1,3,1,49,5,1,4,14,0,3,1,201400009513B02,,,
201400009528,2014-09-14,2014,septembre,dimanche,90:0,45,45273,47.87039,2.12588,2,1,3,1,7,3,2,02,4,1,000,060,1,0,1,3,2,28,5,1,2,00,2,7,19,201400009528B02,7,1,1
201400009561,2014-04-16,2014,avril,mercredi,14:45,45,45171,47.6947,2.28243,1,2,3,1,1,3,2,02,1,1,000,070,1,0,1,3,1,87,5,1,2,00,2,2,1,201400009561A01,7,1,1
201400009622,2014-10-16,2014,octobre,jeudi,19:15,18,18207,46.99563,2.25801,2,1,3,4,3,9,2,02,2,1,000,055,2,0,1,4,1,58,5,1,4,00,2,1,1,201400009622B02,7,15,1
201400009653,2014-05-16,2014,mai,vendredi,19:00,28,28290,48.41841,1.28183,1,1,3,1,1,3,2,02,1,4,000,000,1,0,1,4,1,13,5,1,2,00,2,5,1,201400009653B02,31,1,1
201400009672,2014-10-06,2014,octobre,lundi,20:15,28,28074,48.416,1.801,1,1,2,3,1,3,2,02,1,1,000,060,2,0,1,3,1,32,1,1,4,00,2,4,2,201400009672A01,7,2,1
201400009696,2014-09-12,2014,septembre,vendredi,18:15,28,28088,48.07621,1.32938,2,3,3,1,1,4,2,02,-1,1,000,060,1,0,0,3,1,11,5,1,9,00,2,3,16,201400009696B02,7,1,1
201400009709,2014-11-15,2014,novembre,samedi,14:45,28,28305,48.178,1.47,1,1,6,1,1,3,2,00,2,1,000,039,1,0,1,3,2,4,5,1,2,00,0,4,1,201400009709C03,7,1,1
201400009709,2014-11-15,2014,novembre,samedi,14:45,28,28305,48.178,1.47,1,1,6,1,1,3,2,00,2,1,000,039,1,0,1,3,2,37,5,1,2,00,2,4,1,201400009709B02,7,1,1
201400009723,2014-09-10,2014,septembre,mercredi,20:00,28,28082,48.70085,1.43595,1,2,3,1,1,4,2,02,2,1,000,050,1,0,1,3,1,13,5,1,8,00,2,1,1,201400009723B02,7,1,1
201400009730,2014-07-04,2014,juillet,vendredi,14:45,28,28377,48.83287,1.4199,1,1,3,1,1,3,2,02,1,1,000,065,1,0,1,3,1,14,5,1,1,00,0,8,19,201400009730B02,33,1,1
201400009756,2014-04-15,2014,avril,mardi,17:30,28,28335,48.46055,1.00307,1,1,3,1,7,3,2,02,2,1,000,070,1,0,1,2,1,83,5,1,9,00,2,3,13,201400009756B02,7,2,1
201400009757,2014-06-07,2014,juin,samedi,11:15,28,28109,48.36568,1.13162,1,4,3,1,1,3,,,,,,,,,,3,1,18,5,1,2,00,2,8,15,201400009757B02,7,2,1
201400009770,2014-10-01,2014,octobre,mercredi,11:15,36,36142,46.8173,1.59882,1,1,1,1,1,3,2,02,1,1,000,057,1,0,1,2,1,77,5,1,2,00,2,1,1,201400009770B02,7,13,1
201400009775,2014-06-13,2014,juin,vendredi,16:00,36,36235,47.1343,1.50145,1,1,6,1,1,3,2,00,1,1,000,050,1,0,1,4,1,72,5,1,2,00,2,1,1,201400009775A01,,,
201400009813,2014-05-11,2014,mai,dimanche,11:00,36,36098,46.9936,1.91782,1,2,3,1,2,3,2,02,1,1,000,043,2,5,1,2,2,65,5,1,2,00,2,8,19,201400009813A02,14,21,1
201400009817,2014-07-30,2014,juillet,mercredi,17:00,36,36098,46.9835,1.90817,2,3,1,1,1,3,2,02,1,1,000,000,1,5,1,3,1,69,5,1,2,00,2,1,15,201400009817A01,7,1,1
201400009821,2014-03-20,2014,mars,jeudi,12:00,37,37185,0,0,2,1,1,1,1,3,2,00,-1,3,000,080,1,0,1,2,2,85,3,1,2,00,2,0,1,201400009821B02,17,17,1
201400009832,2014-04-04,2014,avril,vendredi,12:00,37,37055,0,0,1,1,1,1,1,3,-1,02,1,1,000,000,1,0,1,3,1,16,2,1,2,00,2,3,15,201400009832B02,10,17,1
201400009863,2014-04-17,2014,avril,jeudi,21:00,37,37031,0,0,1,1,5,1,1,4,2,00,1,-1,000,000,1,0,5,3,2,12,5,1,2,00,2,0,1,201400009863B02,7,21,1
201400009863,2014-04-17,2014,avril,jeudi,21:00,37,37031,0,0,1,1,5,1,1,4,2,00,1,-1,000,000,1,0,5,1,1,16,5,1,2,00,2,0,1,201400009863C03,7,21,1
201400009867,2014-07-03,2014,juillet,jeudi,14:00,37,37031,0,0,2,2,3,1,1,3,,,,,,,,0,1,3,1,14,5,1,2,00,2,1,19,201400009867A01,7,1,1
201400009880,2014-07-16,2014,juillet,mercredi,14:15,37,37014,0,0,1,1,1,1,1,3,2,02,1,1,000,063,1,5,1,3,2,19,5,1,2,00,2,1,9,201400009880A01,7,17,1
201400009908,2014-08-16,2014,août,samedi,11:45,37,37033,0,0,1,1,2,1,1,4,2,02,1,2,000,048,1,0,1,3,2,66,5,1,2,00,0,4,15,201400009908B02,7,15,1
201400009923,2014-06-05,2014,juin,jeudi,17:30,41,41061,47.5,1.397,2,1,3,1,1,4,2,02,-1,1,000,000,1,0,1,3,2,11,5,1,1,00,9,2,9,201400009923B02,30,1,1
201400009938,2014-07-26,2014,juillet,samedi,12:15,41,41207,47.659,1.503,1,1,2,1,1,3,2,01,1,1,000,029,1,0,5,1,1,52,5,1,2,00,2,1,17,201400009938B02,1,1,1
201400009938,2014-07-26,2014,juillet,samedi,12:15,41,41207,47.659,1.503,1,1,2,1,1,3,2,01,1,1,000,029,1,0,5,3,2,57,5,1,2,00,2,4,1,201400009938A01,1,17,1
201400009939,2014-08-03,2014,août,dimanche,12:15,41,41220,47.712,1.604,2,6,2,1,7,3,2,02,1,4,000,000,1,5,1,3,1,37,5,1,2,00,2,3,1,201400009939A01,7,9,1
201400009964,2014-07-04,2014,juillet,vendredi,91:5,29,29150,47.8047,-3.62815,2,6,3,1,7,3,1,00,1,2,000,000,1,0,1,3,2,61,5,1,2,00,0,7,1,201400009964B02,7,9,1
201400009975,2014-10-31,2014,octobre,vendredi,18:45,29,29049,47.99521,-3.89036,1,1,1,3,1,3,2,02,1,1,000,070,1,0,1,3,1,39,5,1,2,00,2,4,1,201400009975A01,10,1,1
201400009984,2014-03-06,2014,mars,jeudi,18:15,44,44020,0,0,2,6,2,1,1,4,-1,00,-1,-1,000,000,1,5,1,3,1,52,1,1,4,00,0,5,0,201400009984B02,7,1,1
201400009990,2014-08-25,2014,août,lundi,17:30,33,33199,0,0,2,1,3,1,1,3,2,02,1,1,060,000,1,0,1,3,2,61,5,1,2,00,2,3,19,201400009990B02,7,1,1
201400009999,2014-12-20,2014,décembre,samedi,90:0,87,87039,0,0,1,1,7,1,8,3,2,00,1,1,000,054,2,0,1,2,1,72,5,1,2,00,0,7,1,201400009999A01,,,
201400010005,2014-01-21,2014,janvier,mardi,10:30,06,06004,0,0,2,1,6,1,1,4,1,01,-1,2,000,030,1,0,1,1,1,57,5,1,9,00,1,0,0,201400010005A01,,,
201400010046,2014-05-21,2014,mai,mercredi,14:26,06,06155,0,0,2,1,2,1,1,4,2,02,1,1,000,060,1,0,1,3,1,72,0,1,2,00,0,0,0,201400010046B01,7,0,1
201400010069,2014-07-28,2014,juillet,lundi,13:45,06,06004,0,0,2,3,3,1,1,4,2,02,2,1,000,060,1,0,1,3,1,24,5,1,2,00,2,1,1,201400010069B01,7,15,1
201400010071,2014-08-02,2014,août,samedi,17:00,06,06004,0,0,2,3,3,1,1,4,2,02,1,1,000,107,1,0,0,3,1,35,0,1,9,00,2,1,15,201400010071B01,7,15,1
201400010072,2014-08-07,2014,août,jeudi,19:00,06,06004,0,0,2,1,7,1,1,4,3,03,1,1,040,113,1,0,5,4,2,30,1,1,9,00,0,0,21,201400010072B01,7,14,1
201400010082,2014-08-30,2014,août,samedi,18:05,06,06004,0,0,2,9,6,1,1,4,2,02,1,4,070,074,1,0,1,2,1,59,5,1,9,00,0,0,23,201400010082B01,7,1,1
201400010102,2014-10-25,2014,octobre,samedi,16:55,06,06004,0,0,2,1,3,1,1,3,2,02,1,1,012,010,1,0,5,3,1,59,5,1,9,00,2,8,1,201400010102B01,7,16,1
201400010152,2014-03-08,2014,mars,samedi,18:00,06,06123,0,0,2,1,3,1,1,4,2,02,1,-1,000,000,-1,0,0,4,2,62,0,1,2,00,2,1,0,201400010152A01,2,0,1
201400010162,2014-04-04,2014,avril,vendredi,14:00,06,06123,0,0,2,1,3,1,1,4,2,02,1,1,000,000,-1,0,1,4,2,91,0,1,9,01,2,1,2,201400010162B01,7,2,1
201400010173,2014-04-30,2014,avril,mercredi,16:10,06,06123,0,0,2,1,3,1,1,4,2,02,-1,2,000,000,1,0,1,4,1,24,5,1,2,00,2,8,1,201400010173B01,7,2,1
201400010184,2014-05-23,2014,mai,vendredi,21:00,06,06027,0,0,2,1,6,2,1,9,2,02,1,1,000,000,1,0,5,4,1,24,5,1,2,00,1,1,1,201400010184A01,,,
201400010186,2014-05-29,2014,mai,jeudi,11:00,06,06027,0,0,2,1,2,1,1,4,2,04,1,1,000,000,1,0,1,4,1,76,5,1,2,00,2,1,2,201400010186A01,7,2,1
201400010207,2014-07-08,2014,juillet,mardi,84:0,06,06123,0,0,2,1,3,1,1,4,3,06,1,1,000,000,1,0,1,4,1,36,5,1,2,00,2,8,1,201400010207B01,3,12,1
201400010213,2014-07-16,2014,juillet,mercredi,20:30,06,06123,0,0,2,1,3,2,1,4,1,01,1,1,000,000,1,0,1,4,2,23,5,1,2,00,2,1,9,201400010213A01,7,1,1
201400010221,2014-07-31,2014,juillet,jeudi,81:5,06,06027,0,0,2,1,3,1,1,4,3,05,1,1,000,000,1,0,4,4,1,82,5,1,2,00,2,8,1,201400010221B01,7,9,1
201400010256,2014-10-20,2014,octobre,lundi,13:00,06,06027,0,0,2,1,3,1,1,4,3,04,1,1,000,000,1,0,1,4,2,35,5,1,2,00,2,8,13,201400010256A01,7,1,1
201400010260,2014-10-23,2014,octobre,jeudi,11:45,06,06027,0,0,2,1,3,1,1,4,2,02,1,1,000,000,1,0,1,4,1,65,5,1,2,00,2,1,18,201400010260B01,7,16,1
201400010277,2014-12-06,2014,décembre,samedi,11:40,06,06123,0,0,2,1,3,1,1,4,1,01,-1,1,000,000,1,0,1,4,1,52,5,1,2,00,2,0,9,201400010277A01,7,1,1
201400010304,2014-03-05,2014,mars,mercredi,90:0,06,06029,0,0,2,1,6,1,1,4,1,01,1,1,000,030,1,0,1,3,1,77,9,1,9,00,2,1,0,201400010304B01,30,1,1
201400010341,2014-04-27,2014,avril,dimanche,94:5,06,06029,0,0,2,1,3,1,1,4,2,02,1,1,000,100,1,0,1,4,1,15,5,1,4,00,2,1,17,201400010341B01,7,15,1
201400010346,2014-04-29,2014,avril,mardi,13:37,06,06029,0,0,2,1,6,1,1,4,1,02,1,1,000,100,1,0,1,4,1,51,0,1,2,00,2,1,0,201400010346B01,7,1,1
201400010351,2014-05-06,2014,mai,mardi,18:10,06,06029,0,0,2,1,6,1,1,4,2,02,1,-1,000,080,-1,0,1,1,1,28,0,1,9,00,1,1,1,201400010351A01,,,
201400010354,2014-05-12,2014,mai,lundi,85:5,06,06029,0,0,2,1,7,1,1,4,1,02,1,-1,000,040,1,0,4,1,1,18,1,1,9,00,1,1,0,201400010354A01,,,
201400010365,2014-05-20,2014,mai,mardi,17:50,06,06029,0,0,2,1,3,1,1,4,2,04,1,1,000,110,1,0,1,2,1,78,5,1,9,00,2,7,11,201400010365B01,10,1,1
201400010367,2014-05-21,2014,mai,mercredi,16:14,06,06029,0,0,2,1,6,1,1,4,2,01,2,1,000,050,1,1,1,3,1,30,0,1,2,00,2,1,0,201400010367B01,7,1,1
201400010371,2014-05-25,2014,mai,dimanche,10:00,06,06029,0,0,2,1,6,1,1,4,4,02,-1,-1,000,100,1,0,1,4,1,79,0,1,9,00,2,5,0,201400010371B01,7,0,1
201400010409,2014-07-15,2014,juillet,mardi,17:55,06,06029,0,0,2,1,3,1,1,4,4,02,1,-1,000,050,1,5,1,4,2,21,5,1,4,00,2,1,1,201400010409B01,7,16,1
201400010423,2014-08-11,2014,août,lundi,72:1,06,06029,0,0,2,1,6,1,1,4,-1,02,1,1,000,100,-1,0,1,4,1,54,0,1,2,00,2,1,0,201400010423C01,7,22,1
201400010423,2014-08-11,2014,août,lundi,72:1,06,06029,0,0,2,1,6,1,1,4,-1,02,1,1,000,100,-1,0,1,4,1,19,0,1,9,00,2,1,1,201400010423B01,7,22,1
201400010469,2014-10-30,2014,octobre,jeudi,12:00,06,06029,0,0,2,1,6,1,1,4,3,04,1,1,000,150,-1,0,1,4,1,77,0,1,2,00,0,4,1,201400010469A01,,,
201400010489,2014-12-12,2014,décembre,vendredi,12:24,06,06029,0,0,2,1,6,1,1,4,1,02,1,1,000,080,-1,0,1,4,1,58,0,1,2,00,9,1,1,201400010489B01,7,0,1
201400010605,2014-05-31,2014,mai,samedi,12:00,06,06069,0,0,2,1,3,1,1,3,2,02,2,1,000,000,1,0,1,4,1,31,5,1,9,00,2,2,17,201400010605A01,10,15,1
201400010625,2014-06-23,2014,juin,lundi,15:55,06,06069,0,0,2,1,3,1,1,3,2,02,1,1,000,000,1,0,1,4,1,54,0,1,9,00,2,8,2,201400010625A01,7,3,1
201400010682,2014-09-19,2014,septembre,vendredi,18:15,06,06069,0,0,2,1,1,1,1,4,2,02,2,2,000,000,1,0,1,4,1,15,0,1,9,00,2,1,13,201400010682A01,7,23,1
201400010682,2014-09-19,2014,septembre,vendredi,18:15,06,06069,0,0,2,1,1,1,1,4,2,02,2,2,000,000,1,0,1,4,1,14,0,1,9,00,2,1,13,201400010682A01,7,23,1
201400010707,2014-10-19,2014,octobre,dimanche,81:5,06,06069,0,0,2,1,3,1,1,4,1,01,1,2,000,000,1,0,1,4,1,17,0,1,4,00,0,8,2,201400010707B01,10,2,1
201400010749,2014-12-25,2014,décembre,jeudi,10:30,06,06069,0,0,2,1,7,1,1,3,2,01,1,-1,000,000,1,0,1,4,1,71,0,1,9,00,0,0,0,201400010749A01,,,
201400010766,2014-04-14,2014,avril,lundi,18:40,06,06083,0,0,2,1,2,1,1,3,3,02,-1,1,000,000,1,0,1,4,2,46,5,1,2,00,0,4,1,201400010766A01,7,1,1
201400010802,2014-09-23,2014,septembre,mardi,17:43,06,06083,0,0,2,1,3,1,1,3,1,02,1,1,010,060,1,0,1,3,1,23,1,1,2,00,2,7,14,201400010802A01,33,1,1
201400010837,2014-01-10,2014,janvier,vendredi,15:00,06,06088,0,0,2,1,6,1,1,4,2,03,2,1,000,000,1,0,1,3,1,21,5,1,2,00,2,1,1,201400010837B01,7,22,1
201400010842,2014-01-13,2014,janvier,lundi,14:15,06,06159,0,0,2,1,3,1,1,4,2,02,1,1,000,000,1,0,1,4,2,42,5,1,2,00,2,1,1,201400010842B01,10,9,1
201400010877,2014-02-02,2014,février,dimanche,44:0,06,06088,0,0,2,1,3,5,2,4,1,03,1,1,000,000,2,0,1,3,1,19,0,1,9,00,2,0,19,201400010877A01,31,1,1
201400010889,2014-02-14,2014,février,vendredi,80:0,06,06088,0,0,2,2,3,1,1,4,2,04,1,1,000,000,1,0,1,4,1,27,9,1,9,00,2,1,1,201400010889A01,7,1,1
201400010891,2014-02-14,2014,février,vendredi,15:55,06,06088,0,0,2,1,3,1,1,4,1,02,1,1,000,000,1,0,1,3,1,30,0,1,2,00,2,5,1,201400010891B01,7,15,1
201400010937,2014-03-07,2014,mars,vendredi,25:0,06,06088,0,0,2,1,6,5,1,4,2,02,1,2,000,000,1,0,1,3,1,49,1,1,2,00,2,0,0,201400010937B01,7,0,1
201400010963,2014-03-21,2014,mars,vendredi,16:30,06,06088,0,0,2,1,6,1,1,4,2,02,1,3,000,000,1,0,1,4,1,47,1,1,9,00,2,1,1,201400010963B01,10,22,1
201400010974,2014-03-24,2014,mars,lundi,83:0,06,06088,0,0,2,1,6,1,1,4,2,02,1,1,000,032,1,0,1,4,2,28,5,1,9,01,0,0,1,201400010974B01,10,24,1
201400011003,2014-04-05,2014,avril,samedi,11:25,06,06088,0,0,2,1,6,1,1,4,2,02,1,1,000,000,1,4,0,1,1,41,0,1,2,00,1,1,0,201400011003A01,,,
201400011018,2014-04-10,2014,avril,jeudi,85:0,06,06088,0,0,2,3,3,1,1,4,2,02,1,1,000,000,1,0,1,4,1,57,0,1,2,00,2,2,15,201400011018A01,31,1,1
201400011032,2014-04-14,2014,avril,lundi,16:20,06,06088,0,0,2,2,6,1,1,4,1,01,1,1,000,000,1,0,1,4,2,35,0,1,9,00,2,0,5,201400011032A01,7,16,1
201400011033,2014-04-14,2014,avril,lundi,19:45,06,06088,0,0,2,1,6,1,1,4,2,02,1,1,000,000,1,0,5,3,1,45,5,1,9,00,0,0,1,201400011033A01,,,
201400011050,2014-04-23,2014,avril,mercredi,16:10,06,06088,0,0,2,1,6,1,1,4,1,01,1,1,000,000,1,0,1,4,1,25,0,1,2,00,2,0,0,201400011050B01,13,22,1
201400011057,2014-04-25,2014,avril,vendredi,90:0,06,06088,0,0,2,1,3,1,1,4,1,01,1,2,000,000,1,0,1,4,1,53,4,1,9,00,2,8,1,201400011057B01,7,16,1
201400011059,2014-04-29,2014,avril,mardi,11:28,06,06088,0,0,2,1,6,1,1,4,2,02,2,1,000,000,1,0,4,4,2,37,2,1,9,00,2,1,1,201400011059B01,7,0,1
201400011070,2014-05-07,2014,mai,mercredi,16:00,06,06088,0,0,2,1,6,1,1,4,2,02,3,3,000,100,1,0,1,4,1,44,5,1,2,01,0,1,1,201400011070B01,7,22,1