Num_Acc,date,an,mois,jour,hrmn,dep,com,lat,long,agg,int,col,lum,atm,catr,circ,nbv,prof,plan,lartpc,larrout,surf,infra,situ,grav,sexe,age,trajet,secuexist,equipement,obs,obsm,choc,manv,vehiculeid,typevehicules,manoeuvehicules,numVehicules
201400011148,2014-06-06,2014,juin,vendredi,11:20,06,06088,0,0,2,2,3,1,1,4,1,03,1,1,000,000,1,0,1,4,1,76,0,1,9,00,2,0,9,201400011148B01,7,1,1
201400011155,2014-06-10,2014,juin,mardi,16:55,06,06088,0,0,2,1,6,1,1,4,2,,1,1,000,000,1,0,1,3,1,41,5,1,9,00,2,6,0,201400011155B01,7,1,1
201400011206,2014-07-05,2014,juillet,samedi,91:0,06,06088,0,0,2,1,1,1,1,4,2,02,1,1,000,000,1,0,1,3,1,36,5,1,9,00,2,1,1,201400011206B01,1,13,1
201400011206,2014-07-05,2014,juillet,samedi,91:0,06,06088,0,0,2,1,1,1,1,4,2,02,1,1,000,000,1,0,1,1,1,70,0,1,2,00,2,1,13,201400011206A01,1,1,1
201400011219,2014-07-10,2014,juillet,jeudi,19:10,06,06088,0,0,2,1,6,1,1,4,2,03,1,1,000,000,1,0,1,4,1,36,0,1,9,00,2,1,5,201400011219A01,33,21,1
201400011222,2014-07-13,2014,juillet,dimanche,13:55,06,06088,0,0,2,2,3,1,1,4,-1,02,1,1,100,100,1,0,1,4,1,23,1,1,9,00,2,1,1,201400011222A01,7,1,1
201400011256,2014-07-26,2014,juillet,samedi,10:00,06,06088,0,0,2,1,3,1,1,4,2,02,1,1,000,000,1,0,1,4,2,55,5,1,9,00,2,8,1,201400011256B01,7,17,1
201400011272,2014-08-01,2014,août,vendredi,23:10,06,06088,0,0,2,3,3,5,1,4,1,03,1,1,000,000,1,0,1,4,1,20,0,1,9,00,2,0,19,201400011272A01,7,1,1
201400011357,2014-09-15,2014,septembre,lundi,10:35,06,06088,0,0,2,1,3,1,1,4,1,02,1,3,000,000,1,0,1,4,2,23,0,1,9,00,2,0,1,201400011357B01,7,9,1
201400011400,2014-10-09,2014,octobre,jeudi,18:00,06,06088,0,0,2,1,3,1,1,4,1,03,1,1,040,080,1,0,0,1,1,22,1,1,2,00,2,4,19,201400011400B01,2,1,1
201400011414,2014-10-19,2014,octobre,dimanche,18:45,06,06088,0,0,2,1,6,1,1,4,2,02,2,2,000,000,1,0,1,4,1,22,0,1,2,01,0,1,14,201400011414A01,,,
201400011418,2014-10-21,2014,octobre,mardi,15:10,06,06088,0,0,2,2,3,1,1,3,2,03,2,1,000,093,1,0,1,4,1,48,5,1,2,00,2,1,1,201400011418B01,7,15,1
201400011420,2014-10-22,2014,octobre,mercredi,81:5,06,06088,0,0,2,1,6,1,1,4,2,02,2,1,000,066,1,4,1,4,1,25,1,1,9,00,1,1,1,201400011420A01,,,
201400011451,2014-11-07,2014,novembre,vendredi,17:52,06,06088,0,0,2,1,6,5,1,4,2,04,1,1,000,120,1,0,1,1,1,50,5,1,9,00,1,1,0,201400011451A01,,,
201400011451,2014-11-07,2014,novembre,vendredi,17:52,06,06088,0,0,2,1,6,5,1,4,2,04,1,1,000,120,1,0,1,3,1,82,5,1,9,00,1,1,0,201400011451A01,,,
201400011452,2014-11-07,2014,novembre,vendredi,21:10,06,06088,0,0,2,2,3,5,1,4,1,02,1,1,000,000,1,0,1,4,1,16,5,1,2,00,2,0,1,201400011452A01,31,1,1
201400011552,2014-09-04,2014,septembre,jeudi,54:5,13,13087,0,0,2,1,1,3,1,3,2,02,1,1,036,000,1,0,1,1,1,61,5,1,4,00,0,0,1,201400011552B02,33,17,1
201400011590,2014-07-20,2014,juillet,dimanche,10:47,07,07102,0,0,2,6,3,1,1,4,2,02,1,2,000,110,1,5,1,2,2,81,5,1,4,00,9,1,9,201400011590A01,1,21,1
201400011590,2014-07-20,2014,juillet,dimanche,10:47,07,07102,0,0,2,6,3,1,1,4,2,02,1,2,000,110,1,5,1,1,1,19,5,1,9,00,9,7,21,201400011590B01,1,9,1
201400011595,2014-08-08,2014,août,vendredi,71:5,11,11202,0,0,2,1,1,1,1,4,2,02,1,1,040,126,2,5,1,2,1,76,5,1,1,00,2,7,15,201400011595B02,10,1,1
201400011598,2014-04-01,2014,avril,mardi,14:00,57,57038,0,0,2,1,3,1,1,3,2,02,1,1,000,070,1,0,1,3,2,54,5,1,1,00,2,3,1,201400011598C03,16,0,1
201400011605,2014-10-03,2014,octobre,vendredi,11:30,57,57041,0,0,1,1,3,1,1,3,2,00,2,1,000,113,1,0,1,3,1,92,5,1,1,00,2,7,1,201400011605B02,7,19,1
201400011610,2014-05-23,2014,mai,vendredi,15:40,07,07186,0,0,2,3,3,1,1,4,3,02,1,-1,000,060,1,0,1,3,1,59,5,1,9,00,2,7,0,201400011610B01,14,16,1
201400011612,2014-08-05,2014,août,mardi,19:25,07,07186,0,0,2,1,2,1,1,4,2,01,1,1,000,052,1,0,1,1,1,65,5,1,9,00,2,4,2,201400011612B01,2,2,1
201400011671,2014-06-21,2014,juin,samedi,12:25,51,51105,0,0,1,1,1,1,1,3,2,02,1,1,000,070,1,0,1,2,2,58,5,1,8,00,2,1,1,201400011671B02,7,13,1
201400011681,2014-01-17,2014,janvier,vendredi,11:15,37,37050,0,0,2,1,3,1,1,4,2,02,1,1,000,000,1,0,1,3,1,12,2,1,2,00,2,7,19,201400011681B02,7,1,1
201400011685,2014-08-27,2014,août,mercredi,11:00,37,37099,0,0,1,6,3,1,8,3,1,00,1,2,000,000,1,0,1,3,1,64,5,1,4,00,2,8,1,201400011685B02,7,16,1
201400011826,2014-01-17,2014,janvier,vendredi,23:30,60,60541,0,0,1,9,2,3,1,1,1,04,4,3,030,135,1,0,2,3,1,25,5,1,2,00,0,4,2,201400011826B02,17,2,1
201400011881,2014-07-04,2014,juillet,vendredi,14:45,53,53182,48.11521,-0.96009,1,1,7,1,1,3,2,02,2,2,000,060,1,0,1,3,2,80,5,1,2,00,0,0,1,201400011881A01,,,
201400011915,2014-02-02,2014,février,dimanche,14:15,31,31484,43.68751,1.49601,2,1,1,1,8,3,2,00,-1,1,000,000,1,0,1,3,1,64,5,1,2,00,0,8,1,201400011915B02,7,17,1
201400011916,2014-02-17,2014,février,lundi,19:00,31,31186,43.67634,1.42414,2,1,3,5,1,3,2,00,1,1,000,000,1,0,1,3,1,24,9,1,2,00,0,1,1,201400011916B02,7,15,1
201400011998,2014-05-24,2014,mai,samedi,10:00,13,13114,0,0,2,6,3,1,1,3,1,01,1,-1,000,000,1,0,1,4,1,44,5,1,2,00,2,6,1,201400011998B02,7,9,1
201400012004,2014-02-25,2014,février,mardi,16:30,67,67472,0,0,1,1,3,1,1,3,2,00,1,1,000,071,1,0,1,3,1,12,5,1,1,00,2,8,19,201400012004A01,7,1,1
201400012032,2014-11-09,2014,novembre,dimanche,22:25,08,08105,49.7445,4.71466,1,3,3,5,3,4,2,03,4,-1,000,092,2,5,1,3,1,22,1,1,4,00,0,3,11,201400012032A01,7,1,1
201400012049,2014-05-02,2014,mai,vendredi,10:30,13,13011,0,0,1,1,1,1,1,3,2,02,2,2,000,000,1,0,1,4,1,51,5,1,2,00,0,0,1,201400012049B02,7,15,1
201400012051,2014-10-11,2014,octobre,samedi,15:30,13,13058,0,0,1,1,1,1,1,3,2,02,1,3,000,050,1,0,1,3,1,68,5,1,2,00,2,1,13,201400012051A01,7,1,1
201400012052,2014-11-01,2014,novembre,samedi,93:0,13,13011,0,0,1,1,3,1,7,3,2,00,1,1,000,000,1,0,1,3,1,29,4,1,2,00,2,8,1,201400012052B02,10,9,1
201400012117,2014-10-28,2014,octobre,mardi,12:30,31,31254,43.53011,1.52059,1,6,3,1,1,3,3,00,-1,1,000,080,1,5,1,3,1,21,2,1,2,00,2,1,8,201400012117A01,7,1,1
201400012124,2014-02-19,2014,février,mercredi,14:00,26,26148,45.2753,5.0413,1,1,1,1,1,4,2,02,1,3,000,033,1,0,1,2,1,62,5,1,2,00,2,3,1,201400012124A01,21,1,1
201400012125,2014-03-01,2014,mars,samedi,11:00,26,26301,0,0,2,9,3,1,1,3,2,02,1,1,000,060,1,0,5,4,2,38,5,1,2,00,2,1,1,201400012125B02,7,15,1
201400012142,2014-05-12,2014,mai,lundi,15:30,26,26079,0,0,2,2,3,1,1,3,2,02,1,1,000,070,1,0,1,4,1,61,5,1,2,00,2,1,1,201400012142B02,10,1,1
201400012171,2014-09-20,2014,septembre,samedi,15:45,26,26034,0,0,1,2,3,1,1,3,2,02,1,-1,000,060,1,5,1,3,1,73,5,1,9,00,0,1,1,201400012171B02,7,19,1
201400012172,2014-09-21,2014,septembre,dimanche,11:45,26,26072,0,0,2,1,1,1,1,3,2,02,2,2,000,040,1,0,1,3,1,51,5,1,2,00,2,1,1,201400012172B02,7,17,1
201400012214,2014-04-03,2014,avril,jeudi,73:6,08,08409,49.6927,4.94196,2,2,3,1,1,4,2,00,1,3,000,000,1,0,1,3,1,13,5,1,9,00,0,1,1,201400012214B01,7,1,1
201400012228,2014-06-02,2014,juin,lundi,16:45,13,13045,0,0,1,1,5,1,1,3,2,02,1,1,000,064,1,0,1,2,2,65,5,1,2,00,2,9,13,201400012228A01,7/ 10,1,2
201400012244,2014-08-22,2014,août,vendredi,10:15,38,38486,45.15931,5.69603,2,6,2,1,1,3,2,02,1,2,000,085,1,0,1,3,1,66,5,1,2,00,2,2,16,201400012244B02,7,15,1
201400012245,2014-09-07,2014,septembre,dimanche,94:5,38,38485,0,0,2,1,3,1,1,9,2,02,1,1,000,100,1,0,1,4,1,50,5,1,2,00,2,1,21,201400012245B02,7,9,1
201400012250,2014-06-16,2014,juin,lundi,19:30,38,38191,0,0,1,1,7,1,1,3,2,02,2,1,000,060,1,0,1,3,2,34,3,1,2,00,0,0,0,201400012250A01,,,
201400012251,2014-06-15,2014,juin,dimanche,10:30,38,38550,0,0,1,1,6,1,1,3,2,00,2,1,000,064,1,0,3,3,2,30,5,1,2,00,0,0,1,201400012251A01,,,
201400012252,2014-06-29,2014,juin,dimanche,19:00,38,38191,45.0783,6.05053,1,1,6,1,1,3,2,00,2,1,000,082,1,0,1,2,1,53,5,1,2,,,,,201400012252B02,7,13,1
201400012253,2014-07-18,2014,juillet,vendredi,10:30,38,38052,0,0,1,1,1,1,1,3,2,02,1,1,000,082,1,0,1,3,1,60,5,1,2,00,2,1,1,201400012253B02,7,17,1
201400012255,2014-08-10,2014,août,dimanche,11:15,38,38289,45.208,6.071,1,1,7,1,1,3,2,02,2,1,000,050,1,0,1,3,1,51,5,1,2,00,0,1,1,201400012255A01,,,
201400012430,2014-11-16,2014,novembre,dimanche,15:00,74,74081,0,0,2,6,1,1,1,3,2,01,1,1,,,1,5,1,4,1,59,5,1,1,00,0,3,0,201400012430B02,3,2,1
201400012434,2014-04-25,2014,avril,vendredi,11:45,59,59485,0,0,1,1,1,1,1,3,2,00,-1,1,000,064,1,0,1,2,1,15,5,1,1,00,2,8,19,201400012434B02,7,0,1
201400012471,2014-01-08,2014,janvier,mercredi,74:5,91,91600,48.656,2.45,2,6,1,5,1,3,1,01,1,2,000,054,1,5,1,4,1,12,2,1,9,00,2,1,1,201400012471B02,7,1,1
201400012474,2014-09-03,2014,septembre,mercredi,14:00,91,91617,0,0,2,1,3,1,1,4,2,02,1,4,000,053,1,0,1,4,1,7,5,1,2,00,2,8,19,201400012474B02,10,1,1
201400012476,2014-07-05,2014,juillet,samedi,13:30,38,38253,0,0,1,1,3,1,1,3,2,00,1,1,000,000,1,0,1,3,1,25,9,1,2,00,2,1,17,201400012476B02,7,15,1
201400012550,2014-07-19,2014,juillet,samedi,90:0,2A,2A090,42.09844,8.72431,1,1,7,1,1,3,2,02,2,2,000,000,1,0,1,3,2,51,5,1,2,00,0,0,0,201400012550A01,,,
201400012557,2014-03-14,2014,mars,vendredi,16:00,38,38431,45.26292,5.84226,1,1,2,1,1,3,2,02,4,1,000,059,1,0,1,4,1,20,5,1,2,00,2,1,1,201400012557B02,7,1,1
201400012562,2014-09-07,2014,septembre,dimanche,11:45,38,38039,45.27071,5.84116,1,1,3,1,1,3,2,02,2,1,000,061,1,0,1,2,1,55,5,1,2,00,2,1,1,201400012562B02,7,15,1
201400012571,2014-10-20,2014,octobre,lundi,14:15,06,06085,0,0,2,1,3,1,1,4,2,02,1,4,000,000,1,2,1,3,1,43,5,1,2,00,2,0,1,201400012571A01,7,15,1
201400012579,2014-03-11,2014,mars,mardi,80:0,33,33122,44.746,-0.764,1,6,3,1,1,2,2,00,1,1,000,000,1,5,0,3,1,48,1,1,2,00,2,1,0,201400012579A01,7,0,1
201400012638,2014-10-02,2014,octobre,jeudi,17:45,42,42256,45.46678,4.16479,1,1,1,1,1,4,2,00,2,2,000,042,1,0,1,4,1,50,5,1,2,00,2,3,21,201400012638B02,7,1,1
201400012649,2014-12-04,2014,décembre,jeudi,23:00,91,91045,0,0,1,1,2,5,2,3,2,02,1,3,000,000,2,0,1,4,1,17,5,1,4,00,2,1,2,201400012649A01,7,2,1
201400012661,2014-09-13,2014,septembre,samedi,11:15,51,51614,0,0,1,1,6,1,1,3,2,02,2,4,000,054,1,0,3,2,1,53,5,1,2,13,0,0,1,201400012661A01,,,
201400012671,2014-05-21,2014,mai,mercredi,17:45,06,06152,0,0,1,1,6,1,1,9,2,01,-1,1,000,037,1,0,1,4,1,33,1,1,2,00,1,1,1,201400012671A01,,,
201400012671,2014-05-21,2014,mai,mercredi,17:45,06,06152,0,0,1,1,6,1,1,9,2,01,-1,1,000,037,1,0,1,4,2,52,5,1,8,00,1,1,1,201400012671A01,,,
201400012681,2014-05-20,2014,mai,mardi,14:15,69,69168,45.843,4.834,2,6,5,1,1,3,1,00,1,2,000,070,1,5,1,3,1,22,5,1,2,00,2,7,16,201400012681C03,10,1,1
201400012681,2014-05-20,2014,mai,mardi,14:15,69,69168,45.843,4.834,2,6,5,1,1,3,1,00,1,2,000,070,1,5,1,3,1,22,5,1,2,00,2,7,16,201400012681B02,10,1,1
201400012688,2014-06-07,2014,juin,samedi,13:15,69,69244,0,0,2,1,1,1,1,4,2,00,1,1,000,000,1,0,1,3,2,54,5,1,2,01,0,2,1,201400012688B02,7,22,1
201400012721,2014-05-16,2014,mai,vendredi,91:5,34,34116,43.762,3.521,1,3,3,1,1,3,2,00,2,1,000,070,1,0,5,4,2,52,1,1,4,00,2,5,1,201400012721B02,7,1,1
201400012724,2014-01-15,2014,janvier,mercredi,11:15,01,01266,46.3359,5.12671,2,6,3,1,1,3,1,00,2,2,360,030,1,5,1,3,1,32,1,1,1,00,2,1,2,201400012724B02,7,9,1
201400012768,2014-09-30,2014,septembre,mardi,70:0,35,35210,48.15024,-1.73044,1,1,2,3,5,3,2,02,1,1,000,076,2,0,1,3,1,43,1,1,4,00,0,4,2,201400012768B02,10,2,1
201400012770,2014-08-19,2014,août,mardi,12:45,56,56240,47.50768,-2.77186,1,9,3,1,1,4,2,00,-1,1,000,000,1,5,1,3,1,19,5,1,2,00,2,8,19,201400012770B02,7,1,1
201400012802,2014-06-17,2014,juin,mardi,13:00,34,34333,0,0,1,1,3,1,1,3,-1,02,1,-1,000,060,1,5,1,3,1,61,5,1,2,00,2,7,5,201400012802A01,7,1,1
201400012805,2014-08-12,2014,août,mardi,18:00,34,34337,43.899,3.497,1,6,3,1,1,3,3,02,-1,1,086,079,1,5,5,4,1,51,5,1,2,00,2,1,1,201400012805B02,7,1,1
201400012808,2014-12-06,2014,décembre,samedi,10:30,34,34337,0,0,1,1,1,1,2,3,-1,02,1,1,000,000,2,0,1,3,1,33,5,1,2,00,2,1,13,201400012808A01,7,1,1
201400012825,2014-07-13,2014,juillet,dimanche,90:0,13,13069,0,0,1,6,3,1,1,3,1,02,1,2,060,000,1,0,1,3,1,65,5,1,2,00,2,7,2,201400012825B02,10,2,1
201400012830,2014-08-08,2014,août,vendredi,10:45,05,05085,44.92671,6.69707,1,1,1,1,1,2,2,02,2,2,000,066,1,0,1,3,1,66,5,1,2,00,,1,1,201400012830B02,33,1,1
201400012875,2014-01-28,2014,janvier,mardi,21:39,10,10387,48.2899,4.06707,2,6,3,5,1,4,1,02,1,-1,,,1,0,5,4,2,60,1,1,4,00,0,1,1,201400012875B01,7,16,1
201400012877,2014-03-11,2014,mars,mardi,11:19,10,10387,48.29001,4.06742,2,6,3,1,1,3,1,02,1,-1,,,1,0,0,3,1,88,0,1,9,00,0,1,1,201400012877B01,14,0,1
201400012897,2014-06-10,2014,juin,mardi,17:50,10,10297,48.31883,4.08705,2,1,6,1,1,4,-1,02,1,-1,,,1,0,1,4,2,60,9,1,2,00,0,5,2,201400012897B01,10,17,1
201400012907,2014-09-12,2014,septembre,vendredi,11:25,10,10387,48.29689,4.07549,2,2,3,1,1,4,2,02,1,-1,,,1,0,1,4,1,16,0,1,9,00,2,1,9,201400012907B01,7,0,1
201400012912,2014-10-04,2014,octobre,samedi,21:30,10,10387,48.29653,4.0941,2,6,3,5,1,4,2,01,1,2,,,1,0,0,4,1,15,5,1,4,00,2,1,1,201400012912B01,7,1,1
201400012931,2014-05-28,2014,mai,mercredi,15:45,67,67152,0,0,1,1,3,1,1,3,2,02,1,1,000,081,1,0,1,3,2,18,2,1,2,00,0,8,19,201400012931B02,33,1,1
201400012934,2014-09-03,2014,septembre,mercredi,12:00,67,67152,0,0,2,1,1,1,1,4,-1,01,-1,1,000,035,1,0,0,3,2,10,2,1,1,00,2,1,0,201400012934B02,30,1,1
201400012936,2014-12-15,2014,décembre,lundi,74:5,67,67152,0,0,2,1,3,2,8,9,3,01,1,1,049,036,2,0,1,3,1,13,2,1,4,00,2,5,6,201400012936A01,30,2,1
201400012939,2014-02-11,2014,février,mardi,12:00,67,67256,0,0,2,2,1,1,1,3,2,02,1,1,000,000,1,0,1,3,1,41,4,1,2,00,2,1,1,201400012939B02,10,1,1
201400012941,2014-03-22,2014,mars,samedi,13:15,67,67343,48.61,7.687,2,1,6,1,1,4,2,02,1,1,000,070,1,0,1,4,2,74,5,1,1,00,1,7,1,201400012941A01,,,
201400012947,2014-09-19,2014,septembre,vendredi,13:45,67,67309,0,0,1,9,2,1,1,3,4,03,1,1,000,094,1,0,1,3,1,33,5,1,1,00,0,4,1,201400012947B02,7,9,1
201400012948,2014-10-01,2014,octobre,mercredi,15:45,67,67343,0,0,2,1,1,1,1,3,2,02,1,1,000,074,1,0,1,4,1,70,5,1,2,00,2,8,1,201400012948B02,7,17,1
201400012949,2014-10-04,2014,octobre,samedi,14:30,67,67506,0,0,2,1,3,1,1,4,2,00,1,1,000,070,1,5,1,3,1,52,5,1,1,00,2,8,1,201400012949B02,7,15,1
201400012956,2014-06-29,2014,juin,dimanche,10:45,06,06112,0,0,2,1,1,1,1,3,4,03,2,1,000,100,1,5,1,3,1,53,5,1,2,00,2,1,1,201400012956B02,7,15,1
201400013032,2014-01-23,2014,janvier,jeudi,71:2,11,11069,43.19961,2.35274,1,1,1,2,1,3,2,01,1,1,000,030,1,0,1,4,1,42,9,1,9,00,2,1,1,201400013032B01,7,1,1
201400013062,2014-04-14,2014,avril,lundi,75:1,11,11069,43.19729,2.35789,2,1,3,1,1,3,1,02,1,1,060,060,1,0,1,4,1,71,5,1,2,00,2,1,2,201400013062B01,7,2,1
201400013071,2014-04-30,2014,avril,mercredi,15:50,11,11069,43.2134,2.30403,1,1,3,1,1,3,1,02,1,-1,000,090,1,0,1,3,1,47,5,1,4,00,2,6,18,201400013071B01,7,15,1
201400013086,2014-05-28,2014,mai,mercredi,15:0,11,11069,43.21324,2.34506,2,1,7,3,1,4,1,02,1,1,060,060,1,0,1,4,1,31,5,1,2,00,0,0,0,201400013086A01,,,
201400013098,2014-07-01,2014,juillet,mardi,11:25,11,11069,43.21498,2.34102,2,1,1,1,1,4,2,02,1,1,000,050,1,0,1,4,1,75,5,1,9,00,2,1,1,201400013098B01,7,20,1
201400013119,2014-08-29,2014,août,vendredi,94:1,11,11069,43.20645,2.33471,2,1,3,1,1,4,2,02,1,1,000,060,1,0,1,4,1,80,5,1,2,00,2,8,1,201400013119B01,7,1,1
201400013165,2014-01-07,2014,janvier,mardi,12:05,11,11262,43.18077,3.00482,2,2,3,1,1,4,2,01,1,1,000,000,1,0,1,4,2,44,1,1,9,00,2,1,8,201400013165A01,7,15,1
201400013168,2014-11-16,2014,novembre,dimanche,17:40,11,11262,43.1811,3.00445,2,1,6,2,1,4,-1,01,1,1,000,000,1,0,1,3,1,56,0,1,2,00,2,8,0,201400013168B01,7,0,1
201400013186,2014-05-05,2014,mai,lundi,14:45,11,11262,43.18186,3.0043,2,1,6,1,1,4,1,01,1,1,000,000,1,0,4,4,1,47,1,1,9,01,0,1,5,201400013186A01,,,
201400013195,2014-05-24,2014,mai,samedi,71:1,11,11262,43.18684,2.99119,2,1,3,1,1,4,2,02,1,1,000,000,1,0,1,4,1,67,5,1,2,00,0,4,1,201400013195B01,7,1,1
201400013206,2014-08-12,2014,août,mardi,12:45,11,11262,43.1815,3.03005,2,1,2,1,1,4,1,01,1,2,000,000,1,5,1,3,2,40,0,1,2,00,0,4,1,201400013206B01,7,9,1
201400013207,2014-09-12,2014,septembre,vendredi,12:25,11,11262,43.17841,3.02155,2,1,7,1,1,4,1,00,1,2,000,000,1,5,1,4,1,67,0,1,2,00,0,0,0,201400013207B01,,,
201400013218,2014-03-26,2014,mars,mercredi,19:10,11,11262,43.18698,3.03136,2,6,3,2,1,4,1,02,1,2,000,000,1,0,1,4,2,28,1,1,9,00,2,7,1,201400013218B01,7,9,1
201400013223,2014-04-05,2014,avril,samedi,10:20,11,11262,43.18538,2.97935,2,1,6,1,1,6,-1,00,1,1,000,000,1,0,1,4,1,86,3,1,9,00,2,6,1,201400013223B01,7,20,1
201400013237,2014-05-17,2014,mai,samedi,18:07,11,11262,43.17492,3.00574,2,1,3,1,1,4,1,01,-1,2,000,000,1,5,5,4,1,58,0,1,9,00,2,8,1,201400013237B01,7,1,1
201400013252,2014-07-21,2014,juillet,lundi,12:50,11,11262,43.17989,2.9937,2,1,3,1,1,4,-1,01,1,1,000,000,1,0,1,4,2,22,0,1,2,00,2,7,0,201400013252B01,7,1,1
201400013257,2014-08-30,2014,août,samedi,19:35,11,11262,43.18037,3.00298,2,1,3,1,1,4,-1,02,1,1,000,000,1,0,1,4,1,64,0,1,9,00,2,8,19,201400013257B01,7,1,1
201400013261,2014-09-18,2014,septembre,jeudi,13:50,11,11262,43.18182,2.98548,2,1,7,1,1,2,2,02,1,1,000,000,1,0,5,4,1,59,0,1,9,00,0,0,21,201400013261A01,,,
201400013270,2014-10-10,2014,octobre,vendredi,16:05,11,11262,43.17983,3.01849,2,1,2,1,1,4,2,02,1,1,000,000,1,0,1,4,2,24,5,1,9,00,2,4,1,201400013270B01,7,0,1
201400013272,2014-10-13,2014,octobre,lundi,17:45,11,11262,43.17562,2.9996,2,1,3,1,1,4,2,00,1,1,000,000,1,0,1,4,1,23,0,1,2,00,2,7,0,201400013272B01,7,1,1
201400013284,2014-11-26,2014,novembre,mercredi,13:08,11,11262,43.18472,2.97893,2,1,3,1,1,4,1,02,-1,2,000,000,1,0,1,4,2,39,0,1,2,00,2,8,0,201400013284B01,7,0,1
201400013285,2014-12-14,2014,décembre,dimanche,17:50,11,11262,43.17726,3.04333,2,1,6,3,1,3,2,01,1,1,000,000,1,0,1,4,1,45,0,1,4,00,2,0,1,201400013285B01,10,1,1
201400013324,2014-04-15,2014,avril,mardi,17:30,74,74209,0,0,2,6,2,1,1,3,-1,00,-1,1,000,000,1,0,1,4,1,53,5,1,2,00,2,4,1,201400013324A01,7,1,1
201400013369,2014-02-16,2014,février,dimanche,11:20,12,12146,44.3452,2.58002,2,1,6,1,1,3,2,02,1,1,000,066,1,0,1,4,1,68,5,1,9,00,1,1,13,201400013369A01,,,
201400013401,2014-11-20,2014,novembre,jeudi,17:40,12,12176,0,0,2,6,3,5,1,4,2,02,1,1,000,098,1,0,1,4,1,16,1,1,9,00,2,2,1,201400013401B01,7,9,1
201400013405,2014-01-07,2014,janvier,mardi,94:5,60,60068,0,0,1,3,3,1,1,3,2,00,1,1,000,071,1,0,1,3,1,82,5,1,8,00,2,7,1,201400013405A01,7,1,1
201400013545,2014-09-22,2014,septembre,lundi,81:0,13,13004,43.67497,4.62501,2,2,5,1,1,3,-1,02,1,1,000,041,1,0,1,3,1,29,1,1,9,00,2,2,1,201400013545B01,7,2/1,2
201400013547,2014-09-26,2014,septembre,vendredi,17:00,13,13004,43.67812,4.62684,2,1,6,1,1,4,1,01,1,1,000,050,1,0,1,1,1,39,5,1,9,00,1,8,1,201400013547A01,,,
201400013561,2014-12-01,2014,décembre,lundi,13:00,13,13004,43.6712,4.6331,2,2,6,1,2,4,2,02,1,1,000,076,2,0,1,4,2,29,4,1,9,00,2,3,1,201400013561B01,7,16,1
201400013565,2014-01-03,2014,janvier,vendredi,14:45,13,13005,43.28634,5.58729,2,3,3,1,1,3,2,02,3,2,000,054,1,0,1,4,1,77,5,1,2,00,2,1,1,201400013565B01,7,9,1
201400013566,2014-01-06,2014,janvier,lundi,75:0,13,13005,43.28481,5.59198,2,1,3,1,1,3,3,02,1,2,000,074,1,0,0,3,1,40,1,1,9,00,2,3,13,201400013566A01,33,2,1
201400013587,2014-02-18,2014,février,mardi,10:50,13,13005,0,0,2,1,3,1,1,4,-1,01,1,-1,005,350,1,0,1,3,1,60,5,1,2,00,2,0,0,201400013587B01,7,0,1
201400013591,2014-03-05,2014,mars,mercredi,15:20,13,13005,43.30872,5.6081,1,2,3,1,1,3,2,02,1,1,000,090,1,0,0,4,1,77,5,1,2,00,2,1,1,201400013591B01,7,1,1
201400013598,2014-03-19,2014,mars,mercredi,13:15,13,13005,0,0,2,9,7,1,1,4,1,01,2,-1,000,035,-1,0,0,3,1,38,0,1,9,00,0,0,0,201400013598A01,,,
201400013616,2014-05-03,2014,mai,samedi,17:00,13,13005,0,0,2,1,2,1,1,3,4,01,1,2,000,080,1,0,1,3,2,87,5,1,2,00,2,4,0,201400013616B01,7,9,1
201400013618,2014-05-11,2014,mai,dimanche,19:40,13,13005,0,0,2,6,6,1,1,3,1,01,1,2,000,000,1,0,1,4,1,33,0,1,9,00,0,0,0,201400013618B01,7,0,1
201400013659,2014-08-08,2014,août,vendredi,14:40,13,13005,0,0,2,1,6,1,1,3,1,02,1,2,000,080,1,0,1,3,1,46,0,1,9,00,0,0,0,201400013659A01,,,
201400013665,2014-08-20,2014,août,mercredi,75:0,13,13005,0,0,2,1,2,1,1,3,1,02,1,2,000,086,1,5,1,4,1,40,5,1,9,00,2,7,1,201400013665B01,7,2,1
201400013726,2014-02-17,2014,février,lundi,83:0,13,13028,0,0,1,1,3,1,7,3,3,01,2,1,006,143,1,0,1,3,1,66,5,1,2,00,2,8,2,201400013726B01,7,2,1
201400013732,2014-05-04,2014,mai,dimanche,14:15,13,13028,43.19071,5.64089,2,3,3,1,1,3,2,02,1,1,000,039,1,5,1,3,1,67,5,1,2,00,2,1,1,201400013732B01,7,16,1
201400013734,2014-05-28,2014,mai,mercredi,19:00,13,13028,43.18739,5.62017,2,2,3,1,7,4,1,01,1,1,000,039,1,0,1,3,1,25,5,1,2,15,2,0,1,201400013734B01,7,1,1
201400013744,2014-08-26,2014,août,mardi,18:50,13,13028,43.19191,5.60472,2,6,3,1,7,3,1,02,1,2,000,077,1,5,1,3,2,46,5,1,2,00,2,7,1,201400013744B01,7,2,1
201400013752,2014-10-19,2014,octobre,dimanche,10:30,13,13028,0,0,1,1,3,1,1,3,2,02,2,1,030,113,1,0,1,4,1,53,5,1,2,00,2,1,1,201400013752B01,10,15,1