Num_Acc,date,an,mois,jour,hrmn,dep,com,lat,long,agg,int,col,lum,atm,catr,circ,nbv,prof,plan,lartpc,larrout,surf,infra,situ,grav,sexe,age,trajet,secuexist,equipement,obs,obsm,choc,manv,vehiculeid,typevehicules,manoeuvehicules,numVehicules
201400013759,2014-11-06,2014,novembre,jeudi,83:0,13,13028,0,0,1,1,3,1,1,3,2,02,2,4,000,000,1,0,1,3,1,74,5,1,2,00,2,2,13,201400013759B01,7,1,1
201400013784,2014-09-17,2014,septembre,mercredi,94:5,78,78368,0,0,2,1,6,1,1,3,2,02,2,1,000,000,1,0,1,3,1,65,5,1,1,00,5,0,21,201400013784A01,,,
201400013848,2014-12-09,2014,décembre,mardi,16:55,13,13055,43.2955,5.37511,2,1,6,1,1,4,2,00,1,1,000,000,1,0,1,1,2,38,1,1,9,00,1,1,1,201400013848A01,,,
201400013887,2014-12-31,2014,décembre,mercredi,13:10,13,13055,43.29222,5.36321,2,4,6,1,1,4,2,00,1,1,000,000,1,2,1,4,1,40,9,1,9,00,2,2,2,201400013887A01,7,1,1
201400014044,2014-01-28,2014,janvier,mardi,18:00,13,13075,43.35113,5.47181,2,3,3,5,2,3,2,02,1,1,000,030,2,0,1,3,1,52,5,1,2,00,2,4,19,201400014044B01,2,0,1
201400014052,2014-02-14,2014,février,vendredi,95:0,13,13055,43.37036,5.35625,2,3,6,1,1,4,2,00,1,1,000,000,1,0,1,4,1,83,5,1,9,00,2,8,1,201400014052B01,7,1,1
201400014054,2014-02-15,2014,février,samedi,15:00,13,13055,43.2968,5.37437,2,1,6,1,1,4,2,00,2,1,000,000,1,0,1,4,1,38,4,1,9,00,2,1,17,201400014054A01,7,15,1
201400014070,2014-01-13,2014,janvier,lundi,17:15,13,13055,0,0,2,1,3,5,2,4,2,00,1,1,000,080,2,0,5,4,1,52,1,1,9,00,2,4,1,201400014070A01,7,15,1
201400014146,2014-02-23,2014,février,dimanche,14:00,13,13055,0,0,2,1,6,1,1,4,2,00,2,4,000,000,1,0,1,4,1,56,0,1,9,00,2,8,2,201400014146A01,99,2,1
201400014155,2014-02-06,2014,février,jeudi,85:0,13,13055,43.25073,5.38848,1,1,6,1,1,4,3,00,1,3,000,000,1,0,1,4,1,64,0,1,9,00,2,0,0,201400014155B01,7,1,1
201400014227,2014-03-11,2014,mars,mardi,14:15,13,13055,43.30289,5.36753,2,2,2,1,1,4,1,00,1,1,000,000,1,0,1,4,2,24,4,1,9,00,2,1,1,201400014227B01,10,15,1
201400014250,2014-02-22,2014,février,samedi,14:40,13,13055,43.29003,5.39985,2,1,6,1,1,4,3,00,1,1,000,000,1,0,1,4,1,66,5,1,9,00,2,7,17,201400014250B01,7,17,1
201400014288,2014-03-16,2014,mars,dimanche,12:54,13,13055,43.31695,5.43684,2,1,2,1,1,4,1,00,1,2,000,000,1,0,1,4,2,35,5,1,2,00,2,8,1,201400014288B01,37,14,1
201400014323,2014-03-10,2014,mars,lundi,17:35,13,13055,0,0,2,1,6,1,1,4,2,00,1,1,000,000,1,0,1,4,1,32,5,1,9,00,2,1,0,201400014323B01,7/ 34,23/0,2
201400014340,2014-03-14,2014,mars,vendredi,17:15,13,13055,43.30836,5.3741,2,1,6,1,1,4,1,00,1,1,000,000,1,0,1,4,1,32,0,1,9,00,2,8,3,201400014340A01,37,1,1
201400014389,2014-04-12,2014,avril,samedi,22:40,13,13055,43.30887,5.38059,2,3,3,5,1,4,1,00,2,1,000,000,1,0,1,4,1,15,0,1,9,00,2,0,0,201400014389B01,2,0,1
201400014431,2014-04-03,2014,avril,jeudi,16:00,13,13055,43.253,5.40206,2,3,6,1,1,4,2,00,2,1,000,000,1,0,1,4,1,49,0,1,9,00,2,0,1,201400014431A01,7,16,1
201400014477,2014-04-06,2014,avril,dimanche,12:10,13,13055,43.31689,5.43865,2,1,6,1,1,4,1,00,1,1,000,000,1,0,1,4,1,44,5,1,2,01,0,3,1,201400014477A01,,,
201400014517,2014-04-06,2014,avril,dimanche,13:00,13,13055,43.25279,5.38569,2,1,6,1,1,4,3,00,1,1,000,000,1,0,1,4,2,10,5,1,4,00,2,4,19,201400014517B01,32,1,1
201400014567,2014-03-26,2014,mars,mercredi,13:10,13,13055,43.27672,5.38717,2,1,6,1,1,4,1,00,1,1,000,000,1,0,1,4,1,55,1,1,2,00,2,0,0,201400014567B01,7,0,1
201400014607,2014-04-24,2014,avril,jeudi,18:50,13,13055,0,0,2,1,6,1,1,4,1,00,1,1,000,000,1,0,1,4,2,29,5,1,4,00,2,1,1,201400014607A01,7,22,1
201400014653,2014-05-10,2014,mai,samedi,22:05,13,13055,43.29233,5.39692,2,3,3,5,1,4,1,00,1,1,000,000,1,0,1,4,2,25,5,1,9,00,2,4,14,201400014653B01,32,1,1
201400014666,2014-05-15,2014,mai,jeudi,18:30,13,13055,43.28624,5.47353,2,1,2,1,1,3,2,00,1,1,000,000,1,0,1,4,1,39,1,1,9,00,2,4,15,201400014666B01,2,1,1
201400014724,2014-05-12,2014,mai,lundi,91:0,13,13055,43.34335,5.43164,2,1,1,1,1,4,2,00,1,1,000,000,1,0,1,4,1,41,1,1,4,00,2,1,1,201400014724B01,7,15,1
201400014745,2014-05-02,2014,mai,vendredi,90:0,13,13055,43.30269,5.38435,2,1,6,1,1,4,2,00,1,1,000,000,1,0,1,4,1,35,1,1,4,00,2,6,15,201400014745B01,34,17,1
201400014758,2014-05-23,2014,mai,vendredi,17:20,13,13055,0,0,2,3,3,1,1,3,2,00,1,1,000,000,1,0,4,4,1,16,5,1,4,00,2,1,1,201400014758A01,7,23,1
201400014792,2014-04-22,2014,avril,mardi,18:30,13,13055,43.2976,5.45774,2,1,6,1,1,4,2,00,2,1,000,000,1,0,1,4,1,7,5,1,4,00,2,7,19,201400014792A01,7,1,1
201400014803,2014-06-02,2014,juin,lundi,54:0,13,13055,43.28731,5.38891,2,1,6,2,1,4,2,00,1,1,000,000,1,0,1,4,2,56,1,1,9,00,2,7,1,201400014803B01,7,1,1
201400014805,2014-06-02,2014,juin,lundi,11:00,13,13055,43.27832,5.41648,2,1,6,1,1,4,1,00,1,1,000,000,1,0,0,4,1,47,9,1,9,01,0,1,1,201400014805B01,7,22,1
201400014821,2014-05-28,2014,mai,mercredi,82:5,13,13055,43.29596,5.4022,2,2,6,1,1,4,1,00,1,1,000,000,1,0,1,1,1,64,0,1,4,00,1,1,16,201400014821A01,,,
201400014831,2014-05-30,2014,mai,vendredi,33:8,13,13055,43.29546,5.41924,2,1,1,5,1,4,2,00,2,3,000,000,1,0,1,4,1,21,1,1,4,00,2,1,11,201400014831A01,7,1,1
201400014964,2014-06-14,2014,juin,samedi,93:0,13,13055,43.3039,5.41822,2,1,6,1,1,4,1,00,1,1,000,000,1,0,1,1,1,23,5,1,9,00,1,1,5,201400014964A01,,,
201400015097,2014-06-30,2014,juin,lundi,72:0,13,13055,43.26394,5.42273,2,1,6,1,1,4,2,00,2,1,000,000,-1,0,1,4,1,46,1,1,2,00,2,8,1,201400015097B01,7,17,1
201400015182,2014-06-16,2014,juin,lundi,11:00,13,13055,43.34578,5.36145,2,1,3,1,1,4,2,00,1,1,000,000,1,0,1,4,1,39,9,1,4,00,2,7,0,201400015182B01,7,9,1
201400015200,2014-06-09,2014,juin,lundi,72:5,13,13055,0,0,2,1,3,1,1,4,3,00,1,1,000,000,1,0,1,4,2,19,5,1,9,00,2,6,19,201400015200A01,32,1,1
201400015202,2014-06-10,2014,juin,mardi,16:00,13,13055,43.24498,5.42482,2,1,2,1,1,3,2,00,1,1,000,000,1,0,1,4,1,40,5,1,2,00,2,4,2,201400015202B01,32,2,1
201400015313,2014-08-08,2014,août,vendredi,85:5,13,13002,0,0,2,3,1,1,1,3,2,00,1,1,000,000,1,0,1,4,1,81,5,1,2,00,2,1,1,201400015313B01,7,15,1
201400015321,2014-08-03,2014,août,dimanche,13:00,13,13055,0,0,2,1,2,1,1,4,2,00,1,1,000,000,1,0,1,4,1,69,5,1,9,00,2,4,1,201400015321A01,7,16,1
201400015349,2014-05-24,2014,mai,samedi,19:50,13,13055,0,0,2,1,6,1,1,4,2,00,1,1,000,000,1,0,1,4,1,12,5,1,9,00,2,0,0,201400015349B01,99,1,1
201400015396,2014-08-27,2014,août,mercredi,14:55,13,13055,43.29004,5.37253,2,2,3,1,1,4,2,00,2,1,000,000,1,0,1,4,1,37,4,1,2,00,2,1,1,201400015396B01,7,1,1
201400015430,2014-09-12,2014,septembre,vendredi,13:50,13,13055,43.24665,5.43451,2,1,2,1,1,3,1,00,1,2,000,000,1,0,1,4,1,34,1,1,2,00,2,4,1,201400015430B01,7,1,1
201400015431,2014-09-09,2014,septembre,mardi,10:10,13,13055,0,0,2,1,6,1,1,4,2,00,2,4,000,000,1,0,1,4,1,45,5,1,2,00,0,1,1,201400015431A01,,,
201400015449,2014-09-11,2014,septembre,jeudi,13:15,13,13055,43.29357,5.38178,2,1,6,1,1,4,1,00,2,1,000,000,1,0,1,4,1,29,1,1,2,00,9,1,21,201400015449A01,,,
201400015509,2014-09-11,2014,septembre,jeudi,17:30,13,13055,43.28886,5.46145,2,1,6,1,1,4,2,00,2,1,000,000,1,0,1,4,1,38,1,1,9,00,2,1,1,201400015509B01,7,13,1
201400015515,2014-09-17,2014,septembre,mercredi,18:25,13,13075,43.35093,5.46818,2,1,6,1,1,4,2,00,1,1,000,000,1,0,1,4,2,11,9,1,2,00,2,8,13,201400015515A01,7,1,1
201400015608,2014-07-25,2014,juillet,vendredi,15:30,13,13055,43.31219,5.38168,2,1,6,1,1,4,1,00,1,1,000,000,1,0,1,4,1,11,5,1,4,00,2,1,9,201400015608B01,7,1,1
201400015627,2014-10-07,2014,octobre,mardi,15:30,13,13055,43.289,5.38003,2,1,3,1,1,4,1,00,2,1,000,000,1,0,1,4,1,57,5,1,9,00,2,2,1,201400015627B01,7,1,1
201400015668,2014-08-30,2014,août,samedi,10:40,13,13055,43.2459,5.37422,2,1,6,1,1,4,4,00,1,2,000,000,1,0,1,4,2,43,5,1,9,00,2,0,1,201400015668B01,7,9,1
201400015676,2014-10-25,2014,octobre,samedi,16:00,13,13055,0,0,2,1,6,1,1,4,3,00,1,1,000,000,1,0,1,1,1,53,5,1,9,00,1,4,1,201400015676A01,,,
201400015690,2014-07-22,2014,juillet,mardi,14:10,13,13055,0,0,2,1,6,1,1,4,1,00,1,1,000,000,1,0,4,1,1,38,9,1,9,00,1,2,1,201400015690A01,,,
201400015691,2014-07-27,2014,juillet,dimanche,14:10,13,13055,43.29682,5.37889,2,1,6,1,1,4,1,00,1,1,000,000,1,0,4,1,1,38,9,1,9,00,1,2,1,201400015691A01,,,
201400015701,2014-09-21,2014,septembre,dimanche,13:50,13,13055,43.24836,5.40603,2,1,4,1,1,3,2,00,1,1,000,000,1,0,1,4,1,16,5,1,9,00,2,0,2,201400015701B01,7,16,1
201400015701,2014-09-21,2014,septembre,dimanche,13:50,13,13055,43.24836,5.40603,2,1,4,1,1,3,2,00,1,1,000,000,1,0,1,4,1,17,5,1,9,00,2,1,2,201400015701C01,7,16,1
201400015701,2014-09-21,2014,septembre,dimanche,13:50,13,13055,43.24836,5.40603,2,1,4,1,1,3,2,00,1,1,000,000,1,0,1,4,1,14,5,1,9,00,2,1,2,201400015701A01,7,16,1
201400015712,2014-10-14,2014,octobre,mardi,12:30,13,13055,0,0,2,1,6,1,2,4,3,00,1,1,000,000,2,0,1,4,2,30,1,1,4,00,2,8,1,201400015712B01,7,1,1
201400015721,2014-10-04,2014,octobre,samedi,17:05,13,13055,43.28609,5.38351,2,1,6,1,1,4,1,00,1,1,000,000,1,0,1,4,1,45,9,1,4,00,2,4,1,201400015721B01,7,9,1
201400015728,2014-10-21,2014,octobre,mardi,22:20,13,13055,43.29221,5.37728,2,2,6,5,1,4,1,00,2,1,000,000,1,0,1,4,2,26,9,1,9,00,2,1,1,201400015728A01,7,1,1
201400015793,2014-10-29,2014,octobre,mercredi,11:30,13,13055,43.28871,5.4362,2,1,6,1,1,3,3,00,1,1,000,000,1,0,1,4,1,86,5,1,2,00,2,1,1,201400015793A01,7,0,1
201400015870,2014-11-12,2014,novembre,mercredi,16:50,13,13055,0,0,2,1,6,1,1,9,2,00,1,1,000,000,1,0,4,1,1,36,5,1,9,00,1,1,1,201400015870A01,,,
201400015955,2014-11-19,2014,novembre,mercredi,10:50,13,13055,43.27475,5.39432,2,1,6,1,1,3,2,00,1,1,000,000,1,0,1,4,1,43,9,1,9,00,2,7,2,201400015955B01,7,2,1
201400015964,2014-11-23,2014,novembre,dimanche,80:0,13,13055,43.2667,5.40286,2,2,6,1,1,4,1,00,1,1,000,000,1,0,1,4,1,40,5,1,9,00,2,8,19,201400015964A01,10,1,1
201400016080,2014-12-12,2014,décembre,vendredi,15:00,13,13055,43.26536,5.39508,2,1,6,1,1,4,1,00,1,1,000,000,1,0,1,4,1,25,9,1,9,00,2,7,19,201400016080B01,7,16,1
201400016135,2014-12-16,2014,décembre,mardi,17:30,13,13055,43.2856,5.44209,2,1,6,2,1,3,2,00,4,1,000,000,1,0,1,4,2,39,0,1,9,00,2,0,0,201400016135A01,7,0,1
201400016177,2014-11-07,2014,novembre,vendredi,16:10,13,13055,43.27239,5.39064,2,1,6,1,1,4,1,00,1,1,000,000,1,0,1,4,1,37,9,1,9,00,2,1,19,201400016177A01,7,1,1
201400016182,2014-12-06,2014,décembre,samedi,18:00,13,13055,0,0,2,1,6,5,1,4,1,00,2,-1,000,000,1,0,0,4,2,47,9,1,9,00,2,0,1,201400016182B01,7,0,1
201400016321,2014-05-09,2014,mai,vendredi,14:45,13,13103,0,0,1,1,1,1,1,3,2,02,3,1,000,071,1,2,1,3,1,64,5,1,2,00,2,3,10,201400016321B01,7,2,1
201400016325,2014-07-03,2014,juillet,jeudi,12:30,13,13103,0,0,2,1,3,1,1,3,2,00,1,1,000,000,1,0,1,3,1,63,0,1,2,00,2,8,1,201400016325B01,7,16,1
201400016367,2014-04-21,2014,avril,lundi,16:35,13,13108,43.83694,4.72565,1,2,3,1,1,3,2,02,1,1,000,061,1,0,1,4,1,16,5,1,9,00,0,0,1,201400016367A01,7,1,1
201400016404,2014-09-01,2014,septembre,lundi,84:5,13,13108,43.80654,4.65743,2,2,6,1,1,4,1,01,1,1,000,043,1,0,1,4,1,,5,1,9,00,2,1,1,201400016404Y01,7,1,1
201400016409,2014-09-09,2014,septembre,mardi,16:15,13,13108,43.80271,4.66294,2,1,6,1,1,4,1,01,1,-1,000,070,1,0,1,4,1,69,5,1,9,00,0,0,0,201400016409Y01,7,16,1
201400016504,2014-03-29,2014,mars,samedi,10:15,13,13019,43.46533,5.35358,2,6,2,1,1,3,2,02,1,1,000,060,1,0,0,4,1,59,0,1,2,00,2,1,1,201400016504A01,7,23,1
201400016514,2014-04-15,2014,avril,mardi,17:05,13,13117,0,0,1,1,2,1,1,3,2,02,4,1,000,070,1,0,3,4,1,49,1,1,9,01,0,1,1,201400016514A01,7,23,1
201400016598,2014-09-08,2014,septembre,lundi,11:50,13,13019,43.44005,5.36179,1,2,3,1,1,3,-1,02,1,-1,000,060,1,0,1,4,1,66,0,1,2,00,2,1,1,201400016598B01,7,19,1
201400016599,2014-09-10,2014,septembre,mercredi,18:15,13,13117,0,0,2,1,3,1,1,4,1,01,1,2,040,060,1,0,1,4,2,42,5,1,9,00,2,0,2,201400016599B01,7,0,1
201400016617,2014-10-07,2014,octobre,mardi,12:15,13,13117,43.43974,5.24261,2,6,1,1,1,4,2,02,1,-1,000,025,1,5,1,3,1,19,0,1,9,00,2,8,0,201400016617B01,15,0,1
201400016761,2014-08-07,2014,août,jeudi,20:30,24,24532,44.6691,0.46533,1,2,3,1,1,3,2,00,1,1,000,043,1,0,0,3,1,51,5,1,1,00,0,8,19,201400016761A01,10,21,1
201400016768,2014-05-17,2014,mai,samedi,15:45,68,68375,47.81015,7.2405,2,1,7,1,1,3,2,02,1,1,000,067,1,0,1,3,2,32,1,1,2,00,0,0,1,201400016768A01,7,17,1
201400016809,2014-04-16,2014,avril,mercredi,17:45,14,14118,49.2097,-0.37106,2,1,6,1,1,3,3,03,1,1,000,000,1,0,5,3,1,25,5,1,2,00,2,1,1,201400016809B01,7,15,1
201400016810,2014-04-21,2014,avril,lundi,18:45,14,14118,49.1825,-0.37375,2,1,6,1,1,4,1,01,1,1,000,000,1,0,1,1,1,32,5,1,2,00,1,3,21,201400016810A01,,,
201400016811,2014-04-22,2014,avril,mardi,81:5,14,14118,49.2062,-0.35207,2,1,1,1,1,4,2,02,1,1,000,070,1,0,1,4,2,27,2,1,2,00,2,8,19,201400016811A01,7,15,1
201400016817,2014-05-12,2014,mai,lundi,17:15,14,14118,49.1937,-0.34792,2,2,1,1,1,4,2,02,1,1,000,070,1,0,1,4,1,53,1,1,9,00,2,1,1,201400016817B01,7,15,1
201400016836,2014-08-09,2014,août,samedi,53:0,14,14167,49.2016,-0.30211,2,1,3,5,1,3,2,02,1,1,000,070,1,0,5,3,1,53,1,1,4,00,2,8,1,201400016836A01,7,14,1
201400016838,2014-08-13,2014,août,mercredi,10:15,14,14327,49.2078,-0.31728,1,3,3,1,1,3,2,02,2,1,000,000,1,0,1,3,1,61,5,1,2,00,2,1,5,201400016838A01,7,16,1
201400016839,2014-08-14,2014,août,jeudi,53:5,14,14118,49.1927,-0.35975,2,3,3,5,1,4,2,03,1,1,000,070,1,0,1,3,1,24,1,1,9,00,2,1,9,201400016839B01,7,1,1
201400016847,2014-09-16,2014,septembre,mardi,23:15,14,14118,49.1838,-0.35992,2,1,7,5,1,4,-1,00,1,1,000,070,1,6,1,3,1,23,5,1,9,00,0,0,1,201400016847A01,,,
201400016847,2014-09-16,2014,septembre,mardi,23:15,14,14118,49.1838,-0.35992,2,1,7,5,1,4,-1,00,1,1,000,070,1,6,1,1,1,23,5,1,9,00,0,0,1,201400016847A01,,,
201400016848,2014-09-13,2014,septembre,samedi,18:05,14,14118,49.2062,-0.37662,2,6,3,1,1,4,3,04,1,1,000,070,1,5,1,3,1,43,5,1,2,00,2,1,15,201400016848B01,7,16,1
201400016850,2014-09-29,2014,septembre,lundi,19:30,14,14167,49.2043,-0.29422,2,1,3,5,1,4,3,02,1,1,000,070,1,0,1,3,1,8,5,1,2,00,2,1,19,201400016850A01,7,1,1
201400016853,2014-10-03,2014,octobre,vendredi,17:35,14,14118,49.185,-0.36267,2,1,6,1,1,4,2,02,1,1,000,100,1,0,4,1,2,21,5,1,9,00,1,9,23,201400016853B01,37,1,1
201400016858,2014-10-09,2014,octobre,jeudi,16:55,14,14215,49.1923,-0.2634,2,1,3,1,1,3,2,02,1,1,000,035,1,0,1,4,2,66,5,1,2,00,2,8,1,201400016858B01,3,17,1
201400016870,2014-12-06,2014,décembre,samedi,19:15,14,14118,0,0,2,2,6,5,1,4,1,02,1,1,000,037,1,0,1,3,1,12,5,1,9,00,2,1,1,201400016870A01,37,1,1
201400016886,2014-01-04,2014,janvier,samedi,12:30,14,14225,49.2847,-0.10243,2,3,3,1,8,3,2,02,1,1,000,104,2,0,4,3,2,26,1,1,9,00,2,8,5,201400016886B01,2,1,1
201400016889,2014-01-23,2014,janvier,jeudi,13:20,14,14225,49.2789,-0.09514,2,1,2,1,1,3,2,02,1,1,000,070,1,0,1,4,1,12,2,1,9,00,2,4,1,201400016889B01,7,1,1
201400016892,2014-05-05,2014,mai,lundi,13:45,14,14225,49.2852,-0.10889,2,1,3,1,1,3,2,02,1,1,009,030,1,0,1,4,2,26,1,1,9,00,2,8,1,201400016892A01,7,14,1
201400016895,2014-08-04,2014,août,lundi,13:35,14,14117,49.2875,-0.12344,2,6,3,1,2,3,2,02,1,1,000,060,2,5,1,4,2,35,1,1,9,00,2,7,1,201400016895B01,7,9,1
201400016896,2014-08-12,2014,août,mardi,11:25,14,14117,49.2868,-0.11729,2,1,3,1,1,3,2,02,1,1,000,080,1,0,1,4,2,18,1,1,9,00,2,3,19,201400016896B01,30,17,1
201400016905,2014-02-25,2014,février,mardi,11:45,30,30034,43.76184,4.52514,1,3,1,1,2,3,2,02,1,2,000,072,2,5,1,3,2,47,5,1,1,00,2,1,1,201400016905A01,7,15,1
201400016919,2014-06-07,2014,juin,samedi,11:15,08,08328,0,0,2,2,3,1,1,3,2,00,1,1,050,000,1,0,1,3,1,21,5,1,1,00,2,1,16,201400016919A01,7,1,1
201400016942,2014-08-03,2014,août,dimanche,12:00,08,08183,50.1307,4.84718,2,1,2,1,1,3,2,02,2,1,000,000,1,0,1,4,1,64,5,1,2,00,0,4,1,201400016942B02,7,1,1
201400016952,2014-08-17,2014,août,dimanche,10:15,08,08191,49.7225,4.98872,2,4,3,1,1,3,2,02,1,1,000,032,1,5,1,3,1,69,5,1,2,00,2,1,1,201400016952A01,7,13,1
201400016969,2014-08-11,2014,août,lundi,11:15,52,52135,47.92583,5.69633,1,1,2,1,1,3,2,02,2,1,000,045,1,0,1,3,1,51,5,1,2,00,0,4,1,201400016969B02,7,1,1
201400016985,2014-05-31,2014,mai,samedi,16:30,14,14536,49.4087,0.24692,2,2,3,1,1,4,2,02,1,1,000,000,1,0,1,3,1,6,5,1,2,00,2,1,9,201400016985A01,7,1,1
201400016987,2014-06-23,2014,juin,lundi,16:10,14,14536,49.4112,0.2589,2,6,2,1,1,3,3,02,1,1,000,077,1,0,1,4,2,46,1,1,9,00,2,6,1,201400016987A01,7,16,1
201400016994,2014-10-13,2014,octobre,lundi,19:45,14,14333,49.4232,0.23178,2,1,3,5,1,3,2,02,1,1,000,060,1,0,1,3,1,15,5,1,9,00,2,1,9,201400016994A01,7,1,1
201400017011,2014-07-19,2014,juillet,samedi,12:00,48,48027,0,0,1,1,1,1,1,4,2,02,2,2,000,032,1,0,1,4,1,45,5,1,2,00,0,0,1,201400017011A01,7,1,1
201400017042,2014-08-30,2014,août,samedi,84:5,37,37015,0,0,1,1,1,1,1,4,2,00,-1,1,000,045,1,0,1,3,1,39,5,1,2,00,0,0,0,201400017042B02,7,17,1
201400017046,2014-10-19,2014,octobre,dimanche,84:5,37,37156,0,0,1,1,3,1,7,4,2,02,1,1,030,098,1,0,1,3,2,16,5,1,2,00,0,5,19,201400017046A01,7,1,1
201400017055,2014-02-13,2014,février,jeudi,21:40,14,14366,49.143,0.22699,2,6,3,5,1,4,3,02,1,1,000,000,1,5,1,4,1,36,5,1,4,00,2,1,1,201400017055B01,7,1,1
201400017102,2014-01-20,2014,janvier,lundi,51:5,37,37053,0,0,1,1,3,3,5,3,2,02,3,2,000,060,1,0,1,3,1,27,1,1,4,00,2,1,5,201400017102A01,7,1,1
201400017152,2014-01-18,2014,janvier,samedi,18:15,27,27265,48.464,0.513,1,1,1,3,1,4,2,02,1,1,000,040,1,0,1,3,1,15,5,1,2,00,2,1,1,201400017152A01,7,1,1
201400017166,2014-04-15,2014,avril,mardi,18:15,27,27051,49.044,0.463,2,1,3,1,1,3,2,02,1,1,000,007,1,0,1,3,2,52,5,1,2,00,2,8,15,201400017166B02,7,1,1
201400017170,2014-07-10,2014,juillet,jeudi,10:00,27,27041,48.564,0.395,2,1,3,1,1,9,2,00,1,1,000,005,1,0,1,3,1,10,5,1,1,00,2,1,19,201400017170B02,7,1,1
201400017178,2014-03-19,2014,mars,mercredi,17:30,27,27324,49.21,1.433,2,3,3,2,1,3,2,02,1,1,000,000,1,5,1,3,1,15,5,1,2,00,2,8,19,201400017178B02,7,1,1
201400017189,2014-10-18,2014,octobre,samedi,15:30,27,27340,49.213,0.511,1,1,3,1,1,3,2,02,2,1,000,061,1,0,1,3,1,69,5,1,2,00,2,6,2,201400017189B02,7,2,1
201400017245,2014-10-26,2014,octobre,dimanche,10:30,40,40217,44.34209,-1.02379,1,2,5,1,1,4,2,00,1,1,000,080,1,0,1,3,1,34,5,1,2,00,2,1,1,201400017245B02,7,1,1
201400017245,2014-10-26,2014,octobre,dimanche,10:30,40,40217,44.34209,-1.02379,1,2,5,1,1,4,2,00,1,1,000,080,1,0,1,4,1,35,5,1,2,00,2,1,1,201400017245C03,7,1,1
201400017271,2014-08-18,2014,août,lundi,17:15,53,53147,48.30423,-0.63932,2,3,3,1,1,4,2,02,1,1,000,075,1,0,1,3,1,5,5,1,9,00,0,4,16,201400017271A01,10,1,1
201400017272,2014-03-11,2014,mars,mardi,17:30,53,53107,48.41332,-0.82828,2,9,2,1,1,3,2,01,-1,1,000,080,1,0,1,3,1,50,5,1,2,00,2,1,1,201400017272A01,17,15,1
201400017282,2014-03-01,2014,mars,samedi,15:30,07,07210,0,0,1,1,1,1,1,4,2,01,2,2,000,044,1,0,1,3,1,59,5,1,2,00,2,1,1,201400017282B02,7,13,1
201400017299,2014-02-12,2014,février,mercredi,14:30,07,07073,0,0,1,1,6,1,1,3,2,02,1,1,000,070,1,0,1,3,1,63,0,1,2,00,0,0,2,201400017299A01,,,
201400017313,2014-03-09,2014,mars,dimanche,15:45,16,16393,45.74247,0.13136,1,1,5,1,1,4,2,02,1,1,000,041,1,0,1,2,1,54,5,1,2,00,2,4,2,201400017313B02,7,2,1
201400017313,2014-03-09,2014,mars,dimanche,15:45,16,16393,45.74247,0.13136,1,1,5,1,1,4,2,02,1,1,000,041,1,0,1,3,2,54,5,1,2,00,2,4,2,201400017313C03,7,2,1
201400017317,2014-04-18,2014,avril,vendredi,11:45,16,16292,45.02249,0.19236,2,1,1,1,1,3,2,02,1,1,036,056,1,0,1,3,2,51,4,1,4,00,2,4,15,201400017317B02,7,15,1
201400017319,2014-06-15,2014,juin,dimanche,16:00,36,36149,46.9417,1.31575,2,1,6,1,1,4,2,02,2,3,000,035,1,0,1,3,2,14,5,1,2,06,0,1,1,201400017319A01,,,
201400017365,2014-05-04,2014,mai,dimanche,94:5,10,10341,48.51232,3.68342,1,4,3,1,7,3,2,02,1,1,,068,1,0,1,3,1,68,5,1,2,00,2,1,1,201400017365B02,7,15,1
201400017378,2014-03-16,2014,mars,dimanche,14:30,43,43190,45.0386,3.97007,1,6,3,1,1,3,2,02,1,2,000,048,1,5,1,3,1,48,5,1,8,00,2,7,1,201400017378B01,7,9,1
201400017418,2014-05-10,2014,mai,samedi,93:0,18,18194,0,0,1,1,1,1,1,3,2,02,1,1,000,063,1,0,1,3,1,61,5,1,2,00,2,4,2,201400017418B02,36,2,1
201400017433,2014-03-21,2014,mars,vendredi,11:00,18,18197,46.7349,2.49187,2,1,6,1,1,6,-1,00,-1,-1,000,000,1,0,0,1,1,67,3,1,2,00,1,1,1,201400017433A01,,,
201400017474,2014-06-22,2014,juin,dimanche,10:15,73,73219,45.5579,5.789,2,3,2,1,1,3,2,02,1,1,000,060,1,0,1,3,2,58,5,1,2,00,2,4,9,201400017474A01,7,1,1
201400017482,2014-06-22,2014,juin,dimanche,11:45,73,73303,45.7945,6.4844,1,1,7,1,1,3,2,02,2,2,000,059,1,0,3,2,1,26,5,1,2,04,0,7,1,201400017482A01,,,
201400017491,2014-07-22,2014,juillet,mardi,12:15,64,64405,0,0,1,6,2,1,1,3,1,02,1,3,000,000,1,5,1,3,1,58,1,1,8,00,2,4,1,201400017491B02,7,9,1
201400017500,2014-07-12,2014,juillet,samedi,11:20,64,64063,0,0,1,1,1,1,1,3,2,02,-1,1,000,000,1,0,1,3,1,77,5,1,2,00,2,1,5,201400017500B02,7,1,1
201400017572,2014-10-19,2014,octobre,dimanche,18:30,60,60581,49.51,2.43,2,2,1,2,1,3,2,02,1,1,000,000,1,0,1,3,1,13,5,1,2,00,2,2,1,201400017572B02,7,1,1
201400017586,2014-12-31,2014,décembre,mercredi,18:15,60,60119,0,0,2,1,1,5,1,4,2,02,2,-1,000,049,1,0,1,4,1,17,0,1,1,00,0,0,0,201400017586B02,7,15,1