Num_Acc,date,an,mois,jour,hrmn,dep,com,lat,long,agg,int,col,lum,atm,catr,circ,nbv,prof,plan,lartpc,larrout,surf,infra,situ,grav,sexe,age,trajet,secuexist,equipement,obs,obsm,choc,manv,vehiculeid,typevehicules,manoeuvehicules,numVehicules
201400017587,2014-07-16,2014,juillet,mercredi,15:30,60,60021,0,0,1,1,1,1,1,3,2,02,1,1,000,052,1,2,1,3,2,43,5,1,2,00,2,0,21,201400017587A01,13,1,1
201400017608,2014-08-30,2014,août,samedi,17:30,60,60670,0,0,2,1,3,1,1,4,2,00,1,1,000,000,1,0,1,4,1,16,5,1,1,00,2,8,1,201400017608B02,7,12,1
201400017645,2014-03-16,2014,mars,dimanche,14:15,90,90077,0,0,2,8,1,1,1,3,2,00,1,-1,000,000,9,4,0,2,1,49,5,1,1,00,4,7,1,201400017645B02,39,1,1
201400017648,2014-08-13,2014,août,mercredi,14:30,50,50032,49.0815,-1.03304,1,1,1,1,1,4,2,02,-1,1,000,046,1,0,0,3,1,10,5,1,1,00,0,8,19,201400017648B02,7,1,1
201400017666,2014-06-24,2014,juin,mardi,19:00,50,50591,48.538,-0.87398,2,2,3,1,1,4,-1,00,2,1,000,000,1,0,1,3,1,9,5,1,2,00,2,1,19,201400017666A01,7,1,1
201400017680,2014-05-17,2014,mai,samedi,16:15,50,50341,49.4997,-1.38518,1,1,6,1,1,3,-1,02,2,3,000,000,1,0,3,3,1,67,5,1,2,00,0,9,21,201400017680A01,,,
201400017693,2014-07-16,2014,juillet,mercredi,11:30,50,50076,48.8981,-1.51143,2,6,1,1,1,3,1,01,4,1,000,000,1,5,1,3,1,71,5,1,2,00,2,7,1,201400017693A01,7,9,1
201400017697,2014-07-14,2014,juillet,lundi,16:00,05,05040,44.5303,6.32206,1,1,1,1,1,2,2,03,2,1,000,125,1,5,1,3,1,15,5,1,2,00,2,1,0,201400017697B02,7,1,1
201400017703,2014-08-06,2014,août,mercredi,11:45,14,14480,49.3222,-1.09222,2,6,7,1,8,3,2,02,1,2,000,000,9,0,1,3,1,56,5,1,9,00,0,0,1,201400017703A01,,,
201400017704,2014-10-10,2014,octobre,vendredi,71:5,14,14370,49.2427,-0.87284,2,6,3,2,1,3,2,02,2,1,000,065,1,5,1,4,2,18,5,1,4,00,2,1,1,201400017704A01,7,9,1
201400017707,2014-01-22,2014,janvier,mercredi,18:15,14,14676,49.2937,-0.64819,2,7,2,4,1,4,-1,00,1,1,000,008,1,0,1,3,1,8,5,1,8,00,2,7,1,201400017707A01,20,4,1
201400017708,2014-03-18,2014,mars,mardi,11:45,14,14191,49.332,-0.45798,2,1,6,1,1,3,1,02,1,1,000,000,1,0,1,1,1,49,5,1,9,00,1,1,1,201400017708A01,,,
201400017712,2014-07-14,2014,juillet,lundi,12:20,14,14372,49.1029,-0.79328,2,1,6,1,1,3,2,02,2,1,000,000,1,0,1,4,1,46,5,1,4,00,5,1,1,201400017712A01,,,
201400017722,2014-06-22,2014,juin,dimanche,11:00,14,14016,49.2537,0.05671,2,9,2,1,1,3,2,02,1,1,000,000,1,5,1,4,1,15,5,1,2,00,2,1,2,201400017722B01,3,23,1
201400017727,2014-06-26,2014,juin,jeudi,11:15,14,14637,49.1724,-0.11311,1,1,7,1,1,3,2,02,1,3,000,000,1,0,3,3,1,63,5,1,2,13,0,1,14,201400017727A01,,,
201400017747,2014-07-15,2014,juillet,mardi,15:15,14,14189,49.062,0.10615,1,1,1,1,1,3,2,02,1,1,000,051,1,0,1,4,1,79,5,1,4,00,2,4,1,201400017747B02,7,1,1
201400017751,2014-02-09,2014,février,dimanche,17:45,14,14762,48.8447,-0.9134,1,3,3,1,8,3,2,02,2,1,000,061,2,0,1,4,1,25,5,1,2,00,2,8,21,201400017751B02,7,15,1
201400017779,2014-05-24,2014,mai,samedi,54:5,72,72054,48.027,0.335,2,1,1,2,1,4,2,02,1,1,000,070,1,0,1,3,2,48,1,1,4,00,2,1,1,201400017779B02,7,13,1
201400017803,2014-07-25,2014,juillet,vendredi,17:00,72,72137,0,0,1,1,7,1,1,3,2,02,1,2,000,070,1,0,1,3,1,54,5,1,2,00,0,7,16,201400017803A01,,,
201400017834,2014-01-16,2014,janvier,jeudi,13:50,14,14715,49.3617,0.08951,2,1,7,1,1,4,2,02,2,-1,000,000,1,0,1,4,1,15,5,1,9,00,0,1,1,201400017834A01,,,
201400017844,2014-02-23,2014,février,dimanche,13:05,14,14715,49.3603,0.08792,2,3,3,1,1,3,1,02,1,1,000,000,1,0,1,4,1,14,5,1,9,00,2,1,19,201400017844B01,7,15,1
201400017868,2014-08-19,2014,août,mardi,11:14,14,14220,0,0,2,1,7,1,1,3,2,02,1,1,000,000,1,0,4,1,2,18,5,1,9,00,1,1,1,201400017868A01,,,
201400017889,2014-06-10,2014,juin,mardi,73:0,66,66071,0,0,1,1,1,1,7,3,2,02,3,1,000,061,1,0,1,3,1,70,5,1,2,00,0,4,1,201400017889B02,10,1,1
201400017893,2014-08-30,2014,août,samedi,10:45,58,58095,0,0,2,1,3,1,1,3,2,02,1,1,012,089,1,0,1,3,2,82,5,1,2,00,2,1,13,201400017893B02,7,1,1
201400017907,2014-08-15,2014,août,vendredi,18:15,26,26165,0,0,1,1,3,1,1,3,2,00,1,2,000,000,1,0,1,3,1,62,5,1,9,00,2,4,15,201400017907B02,33,2,1
201400017930,2014-01-31,2014,janvier,vendredi,16:30,70,70248,0,0,2,1,3,1,7,2,2,02,2,1,038,206,1,5,1,3,1,70,0,1,2,00,2,3,1,201400017930B02,7,23,1
201400017934,2014-05-08,2014,mai,jeudi,10:00,70,70245,0,0,1,1,3,1,1,3,2,02,-1,2,000,060,1,0,1,3,1,48,5,1,2,00,2,8,1,201400017934B02,21,15,1
201400017937,2014-08-06,2014,août,mercredi,84:5,70,70245,0,0,2,2,3,1,1,3,2,02,-1,1,000,065,1,0,1,4,1,65,5,1,2,00,2,1,1,201400017937A01,7,15,1
201400017962,2014-03-07,2014,mars,vendredi,16:00,01,01307,46.1658,5.57115,2,6,3,1,1,3,1,02,1,3,000,000,1,5,1,3,2,63,5,1,8,00,2,3,1,201400017962B02,7,12,1
201400017965,2014-10-06,2014,octobre,lundi,15:45,01,01265,46.1834,5.57836,2,6,1,1,1,3,2,00,-1,-1,000,000,-1,6,5,3,1,54,1,1,2,00,2,1,15,201400017965B02,7,16,1
201400018044,2014-10-04,2014,octobre,samedi,10:45,02,02792,0,0,1,2,3,1,1,3,2,02,-1,1,000,054,1,0,1,3,1,46,5,1,2,00,2,8,19,201400018044A01,7,19,1
201400018045,2014-11-13,2014,novembre,jeudi,18:30,02,02810,0,0,1,1,1,3,1,3,2,02,1,1,000,000,1,0,1,4,2,16,1,1,4,00,2,0,1,201400018045B02,7,17,1
201400018063,2014-11-07,2014,novembre,vendredi,18:45,13,13010,0,0,2,1,2,3,1,3,2,00,1,1,000,060,1,0,1,3,1,37,5,1,1,00,2,4,2,201400018063B02,7,2,1
201400018076,2014-06-08,2014,juin,dimanche,18:30,38,38525,0,0,2,1,6,1,1,4,-1,00,-1,1,000,000,1,0,1,4,1,8,0,1,2,06,0,1,1,201400018076A01,,,
201400018090,2014-08-29,2014,août,vendredi,16:15,38,38150,0,0,2,9,3,1,1,9,-1,00,1,-1,000,000,1,0,5,3,1,61,1,1,2,00,2,7,1,201400018090B02,7,0,1
201400018116,2014-12-26,2014,décembre,vendredi,10:30,38,38480,0,0,1,1,4,1,1,3,2,02,2,3,000,080,1,0,1,4,1,40,5,1,1,00,0,4,1,201400018116C03,7,1,1
201400018116,2014-12-26,2014,décembre,vendredi,10:30,38,38480,0,0,1,1,4,1,1,3,2,02,2,3,000,080,1,0,1,4,1,39,5,1,1,00,2,4,1,201400018116B02,7,1,1
201400018134,2014-10-11,2014,octobre,samedi,15:45,31,31183,0,0,1,1,1,1,1,3,2,02,2,2,000,057,1,0,1,3,1,67,5,1,2,00,2,6,17,201400018134B02,7,17,1
201400018137,2014-01-06,2014,janvier,lundi,16:30,29,29037,47.8837,-4.16387,1,1,3,1,1,3,2,00,1,1,000,000,1,5,5,3,1,89,5,1,2,00,2,7,1,201400018137B02,7,9,1
201400018141,2014-07-16,2014,juillet,mercredi,18:00,29,29171,47.84085,-4.28358,2,1,1,1,1,3,2,02,-1,1,000,070,1,0,1,3,2,50,5,1,1,00,2,1,1,201400018141B02,7,15,1
201400018144,2014-12-20,2014,décembre,samedi,16:45,29,29135,47.83454,-4.18899,2,6,3,1,1,3,-1,01,-1,-1,000,060,1,5,1,4,1,65,5,1,2,00,2,7,1,201400018144A01,7,9,1
201400018195,2014-11-08,2014,novembre,samedi,18:15,35,35223,48.0124,-2.08576,1,1,6,3,3,3,2,02,1,1,000,063,2,0,1,2,2,31,3,1,2,00,0,6,2,201400018195A01,7,2,2
201400018206,2014-07-04,2014,juillet,vendredi,10:00,35,35049,48.67857,-1.86067,2,1,2,1,1,3,2,02,1,1,000,053,1,5,1,3,2,64,5,1,2,00,2,4,1,201400018206B02,7,1,1
201400018218,2014-02-04,2014,février,mardi,11:00,35,35069,48.03806,-1.50298,2,6,1,1,7,3,4,02,1,2,000,000,2,0,1,3,1,64,5,1,2,00,0,7,1,201400018218B02,10,2,1
201400018241,2014-08-17,2014,août,dimanche,94:5,44,44126,0,0,1,1,6,1,1,4,2,00,2,3,000,000,1,0,1,1,1,61,5,1,2,00,1,1,1,201400018241A01,,,
201400018256,2014-10-14,2014,octobre,mardi,84:5,44,44018,0,0,1,2,1,1,7,3,2,02,1,1,000,148,1,5,1,3,1,67,5,1,2,00,2,2,1,201400018256B02,10,15,1
201400018268,2014-12-18,2014,décembre,jeudi,74:5,25,25578,47.14869,6.33235,2,6,1,2,2,3,2,00,1,2,000,085,2,5,1,3,1,52,3,1,2,00,2,1,15,201400018268B02,7,9,1
201400018272,2014-09-06,2014,septembre,samedi,15:30,25,25378,47.421,6.893,1,1,7,1,1,4,2,02,2,1,000,051,1,0,1,3,1,64,5,1,2,12,0,1,1,201400018272A01,,,
201400018279,2014-10-04,2014,octobre,samedi,17:00,25,25259,0,0,1,1,3,1,1,3,2,00,1,1,000,000,1,0,1,3,2,74,5,1,2,00,2,8,0,201400018279B02,33,1,1
201400018296,2014-09-04,2014,septembre,jeudi,20:00,39,39579,0,0,1,1,6,2,1,3,2,02,4,1,000,000,1,0,1,3,1,55,5,1,2,00,9,1,1,201400018296A01,,,
201400018297,2014-09-06,2014,septembre,samedi,15:45,39,39491,0,0,2,1,1,1,1,3,2,02,1,1,000,000,1,5,1,3,1,61,5,1,2,00,2,1,1,201400018297B02,7,15,1
201400018306,2014-09-21,2014,septembre,dimanche,20:15,22,22007,48.60888,-2.82264,2,1,7,2,1,4,1,01,1,4,000,030,1,0,1,2,1,44,5,1,2,00,0,0,0,201400018306A01,,,
201400018355,2014-11-27,2014,novembre,jeudi,10:30,22,22197,48.51426,-1.94722,2,1,1,1,1,3,2,02,-1,1,000,056,1,0,1,3,1,64,5,1,2,00,2,1,1,201400018355B02,10,4,1
201400018356,2014-12-26,2014,décembre,vendredi,12:00,22,22008,48.41118,-2.08248,2,1,7,1,2,4,2,02,1,1,000,066,2,0,1,3,2,14,5,1,9,00,0,1,15,201400018356A01,,,
201400018360,2014-05-05,2014,mai,lundi,93:0,22,22023,48.44682,-3.35688,1,1,7,1,1,4,2,02,2,3,000,041,1,0,1,3,1,62,5,1,2,00,0,0,1,201400018360A01,,,
201400018376,2014-04-25,2014,avril,vendredi,16:15,22,22211,48.69005,-3.44546,1,1,2,1,1,3,2,02,1,1,000,072,1,0,1,2,1,53,3,1,2,00,0,4,1,201400018376B02,7,1,1
201400018414,2014-03-16,2014,mars,dimanche,19:30,34,34310,0,0,1,1,7,2,1,4,2,00,1,1,000,036,1,0,3,3,1,46,5,1,2,00,0,0,0,201400018414A01,,,
201400018421,2014-06-24,2014,juin,mardi,18:00,34,34074,0,0,2,2,3,1,1,4,2,00,4,1,000,000,2,0,1,3,1,78,5,1,1,00,2,2,1,201400018421A01,30,16,1
201400018430,2014-08-06,2014,août,mercredi,14:30,34,34209,0,0,1,1,6,1,1,3,2,02,-1,1,000,075,1,0,3,1,1,52,5,1,2,00,1,1,17,201400018430A01,,,
201400018432,2014-07-28,2014,juillet,lundi,17:30,34,34220,0,0,1,1,1,1,1,3,2,02,1,1,000,000,1,0,1,3,1,49,5,1,1,00,2,8,17,201400018432B02,7,1,1
201400018433,2014-04-04,2014,avril,vendredi,17:45,34,34222,0,0,2,1,3,1,1,3,2,00,-1,1,000,030,1,0,1,3,2,8,5,1,9,00,2,1,5,201400018433A01,38,1,1
201400018454,2014-09-20,2014,septembre,samedi,15:45,15,15014,0,0,1,1,6,1,1,4,2,02,2,1,000,000,9,0,1,2,1,64,5,1,2,14,0,9,1,201400018454A01,,,
201400018466,2014-09-05,2014,septembre,vendredi,94:5,86,86099,0,0,1,1,7,1,1,3,2,01,1,1,000,050,1,0,1,3,2,52,5,1,2,00,0,0,1,201400018466A01,,,
201400018474,2014-07-31,2014,juillet,jeudi,11:15,86,86271,0,0,1,1,2,1,1,3,2,02,-1,1,000,000,1,0,1,2,1,63,5,1,2,00,2,4,2,201400018474B02,17,2,1
201400018521,2014-09-28,2014,septembre,dimanche,10:45,41,41080,47.332,1.195,1,1,6,1,1,3,2,00,1,1,000,000,1,0,1,3,1,72,5,1,1,00,0,4,0,201400018521B02,,,
201400018554,2014-01-23,2014,janvier,jeudi,14:45,47,47113,0,0,1,1,6,1,1,3,2,02,1,1,000,000,1,0,1,3,1,46,5,1,2,00,5,1,1,201400018554A01,,,
201400018557,2014-03-19,2014,mars,mercredi,18:15,47,47035,0,0,1,1,1,1,1,3,2,00,3,1,000,060,1,0,1,3,1,50,5,1,1,00,2,8,1,201400018557B02,7,1,1
201400018595,2014-08-02,2014,août,samedi,17:30,12,12133,44.319,2.535,2,1,3,1,1,4,2,02,2,1,000,050,1,0,1,3,1,11,5,1,2,00,2,1,9,201400018595A01,7,1,1
201400018618,2014-03-02,2014,mars,dimanche,12:00,49,49307,47.41415,-0.3474,1,1,2,1,1,3,2,02,-1,1,000,057,1,0,1,3,1,76,5,1,2,00,2,4,1,201400018618B02,7,2,1
201400018625,2014-12-29,2014,décembre,lundi,14:15,49,49042,47.44762,-0.40962,2,1,2,1,7,3,2,00,-1,1,000,058,1,0,1,4,2,56,4,1,4,00,2,4,0,201400018625B02,7,0,1
201400018633,2014-08-20,2014,août,mercredi,10:15,49,49369,47.38033,0.08685,1,1,2,1,7,3,-1,00,-1,1,000,047,1,0,1,3,1,64,5,1,2,00,2,4,1,201400018633B02,7,1,1
201400018662,2014-08-22,2014,août,vendredi,14:00,61,61170,48.68711,-0.05962,1,1,2,1,1,3,2,02,1,1,000,000,1,0,1,3,1,50,5,1,2,00,2,1,2,201400018662A01,21,2,1
201400018667,2014-07-11,2014,juillet,vendredi,14:55,61,61275,48.70189,0.29022,2,1,7,1,1,4,2,02,1,1,000,053,1,0,1,2,2,11,5,1,2,00,0,0,0,201400018667A01,,,
201400018702,2014-08-20,2014,août,mercredi,84:5,76,76255,50.0564,1.42345,2,1,1,1,1,3,2,02,1,1,000,000,2,0,1,3,1,80,3,1,9,14,2,5,0,201400018702B02,7,2,1
201400018707,2014-10-17,2014,octobre,vendredi,18:45,76,76638,50.00796,1.43794,2,1,3,1,1,4,2,02,2,1,000,043,1,0,1,2,1,10,5,1,2,00,2,1,0,201400018707A01,10,1,1
201400018717,2014-03-22,2014,mars,samedi,14:30,63,63350,0,0,1,1,1,1,1,3,2,01,1,2,000,080,1,5,1,3,1,66,5,1,2,00,2,8,9,201400018717B02,7,1,1
201400018724,2014-06-25,2014,juin,mercredi,14:00,63,63207,0,0,1,1,1,1,1,3,-1,00,3,3,000,051,1,0,1,3,1,64,5,1,2,00,2,1,15,201400018724A01,7,16,1
201400018728,2014-10-23,2014,octobre,jeudi,17:30,63,63132,45.62542,3.56384,2,7,6,1,1,6,-1,00,-1,-1,000,000,1,0,0,3,1,7,0,1,2,00,0,0,0,201400018728A01,,,
201400018816,2014-08-03,2014,août,dimanche,93:0,71,71230,46.59527,4.05364,2,1,1,1,1,4,2,00,-1,1,000,062,1,0,1,3,1,68,5,1,2,00,2,1,1,201400018816B02,7,15,1
201400018829,2014-03-10,2014,mars,lundi,14:15,64,64512,43.411,-0.715,2,1,1,1,1,3,2,03,4,1,028,066,1,0,1,2,2,84,5,1,2,00,2,8,19,201400018829B02,7,1,1
201400018834,2014-09-02,2014,septembre,mardi,12:45,71,71154,0,0,2,6,3,1,1,3,-1,00,1,2,000,000,1,5,1,4,1,54,1,1,2,00,2,7,1,201400018834B02,7,9,1
201400018853,2014-07-07,2014,juillet,lundi,15:45,33,33036,0,0,2,2,3,1,1,3,2,02,2,1,000,000,2,0,1,4,1,59,5,1,2,00,2,7,21,201400018853A01,3,9,1
201400018871,2014-07-23,2014,juillet,mercredi,10:15,65,65460,43.38514,0.05516,2,1,6,1,1,3,2,02,1,1,000,000,1,0,1,4,1,70,5,1,2,00,1,1,1,201400018871A01,,,
201400018886,2014-11-14,2014,novembre,vendredi,17:15,82,82169,0,0,1,1,2,2,3,3,2,02,1,1,000,055,2,0,1,3,1,43,5,1,4,00,2,8,15,201400018886B02,7,1,1
201400018898,2014-03-16,2014,mars,dimanche,10:45,80,80062,49.84601,1.78448,2,1,1,1,1,4,-1,02,-1,1,060,000,1,0,1,4,2,67,5,1,2,00,2,0,21,201400018898B02,7,4,1
201400018902,2014-07-25,2014,juillet,vendredi,10:30,80,80587,0,0,1,1,3,1,1,3,-1,00,1,1,000,070,1,0,1,3,1,43,5,1,2,00,2,6,1,201400018902B02,15,1,1
201400018904,2014-10-31,2014,octobre,vendredi,53:0,80,80732,49.88882,1.71836,1,1,2,5,1,3,2,00,1,1,000,060,1,0,1,4,1,54,1,1,4,00,0,6,1,201400018904A01,7,1,1
201400018920,2014-07-01,2014,juillet,mardi,13:30,80,80020,0,0,1,1,3,1,1,3,2,00,-1,1,000,000,1,0,1,4,2,63,0,1,2,00,2,8,1,201400018920B02,10,17,1
201400018929,2014-06-12,2014,juin,jeudi,12:30,80,80635,0,0,2,1,1,1,1,3,2,02,1,1,000,065,1,0,1,3,1,35,3,1,2,00,2,1,1,201400018929B02,7,17,1
201400018935,2014-11-25,2014,novembre,mardi,17:30,80,80578,50.06625,1.77414,1,1,1,3,2,4,2,01,1,1,000,033,2,0,1,3,1,16,5,1,2,00,2,1,1,201400018935A01,21,1,1
201400018957,2014-09-13,2014,septembre,samedi,11:15,80,80161,50.12762,1.73898,1,1,1,1,1,3,2,00,4,1,000,060,1,0,1,3,2,35,5,1,2,00,2,1,5,201400018957B02,7,1,1
201400018964,2014-04-01,2014,avril,mardi,17:15,80,80250,0,0,1,1,3,1,1,3,2,02,1,1,000,058,1,0,1,3,1,75,5,1,2,00,2,8,1,201400018964B02,10,17,1
201400019024,2014-03-30,2014,mars,dimanche,19:00,60,60154,0,0,2,2,3,1,1,4,2,02,-1,2,000,060,1,0,1,3,1,52,5,1,1,00,2,1,19,201400019024A01,7,1,1
201400019101,2014-03-20,2014,mars,jeudi,16:00,79,79079,0,0,2,1,1,1,1,3,2,02,2,2,000,005,1,0,1,3,1,58,3,1,2,00,9,1,1,201400019101A01,21,1,1
201400019167,2014-09-01,2014,septembre,lundi,12:15,67,67537,0,0,1,1,1,1,1,4,2,01,2,4,000,040,1,0,1,3,1,68,5,1,2,00,2,1,1,201400019167B02,7,1,1
201400019222,2014-06-18,2014,juin,mercredi,14:45,25,25258,47.24,5.926,2,1,6,1,1,3,2,01,3,1,000,000,1,0,1,3,2,61,5,1,2,00,2,1,1,201400019222B02,2,0,1
201400019250,2014-11-09,2014,novembre,dimanche,12:30,56,56186,47.48492,-3.11724,2,1,6,1,1,9,2,02,1,1,000,059,1,0,1,1,1,59,3,1,1,00,1,1,1,201400019250A01,,,
201400019257,2014-05-31,2014,mai,samedi,11:30,56,56078,0,0,1,1,2,1,1,3,2,02,1,1,000,111,1,0,1,3,1,66,5,1,2,00,2,4,2,201400019257B02,7,2,1
201400019275,2014-09-03,2014,septembre,mercredi,91:5,56,56055,0,0,2,1,1,1,7,3,2,00,1,1,000,050,1,0,1,3,1,66,3,1,2,00,2,1,1,201400019275B02,7,15,1
201400019283,2014-10-01,2014,octobre,mercredi,17:00,56,56219,0,0,1,1,2,1,1,3,2,00,1,2,000,064,1,0,3,3,1,58,5,1,2,00,2,4,1,201400019283B02,7,1,1
201400019299,2014-11-11,2014,novembre,mardi,93:0,56,56178,48.06878,-2.95625,2,6,3,1,1,9,4,00,2,-1,000,000,1,5,1,3,1,61,5,1,2,00,2,7,1,201400019299B02,7,16,1
201400019310,2014-12-02,2014,décembre,mardi,80:0,95,95612,49.0066,2.4639,2,1,3,2,8,3,3,02,2,2,,,2,0,1,4,1,22,1,1,4,00,2,7,1,201400019310B02,7,19,1
201400019318,2014-09-11,2014,septembre,jeudi,14:30,19,19019,44.9697,1.82574,1,1,1,1,1,3,2,00,2,2,000,064,1,0,1,3,1,77,5,1,2,00,2,1,1,201400019318B02,7,1,1
201400019324,2014-05-25,2014,mai,dimanche,11:30,56,56083,0,0,1,1,2,1,1,3,2,00,1,3,000,000,1,0,1,4,1,39,5,1,2,00,2,4,13,201400019324A01,34,17,1
201400019331,2014-09-28,2014,septembre,dimanche,16:30,56,56031,0,0,1,1,7,1,1,3,2,02,4,2,000,004,1,0,3,3,1,5,5,1,2,13,0,1,1,201400019331A01,,,
201400019340,2014-10-20,2014,octobre,lundi,83:0,59,59528,0,0,1,1,1,1,1,3,2,02,2,1,000,065,1,0,1,3,2,60,3,1,4,00,0,4,1,201400019340A01,7,2,1
201400019371,2014-07-16,2014,juillet,mercredi,16:45,95,95056,49.0887,2.3583,1,1,2,1,1,3,2,02,1,1,,,1,0,1,3,1,63,5,1,2,00,2,4,2,201400019371B02,7,1,1
201400019394,2014-07-23,2014,juillet,mercredi,10:30,57,57462,0,0,2,1,3,1,1,3,-1,00,4,1,101,000,1,5,1,3,1,50,5,1,2,00,2,1,1,201400019394B02,7,15,1
201400019408,2014-03-25,2014,mars,mardi,12:00,35,35024,48.15524,-1.62533,1,6,3,1,1,3,4,03,-1,2,000,090,1,5,1,3,1,66,5,1,2,00,2,2,1,201400019408B02,7,9,1
201400019412,2014-07-08,2014,juillet,mardi,14:45,35,35024,48.18966,-1.67136,1,2,3,1,2,3,2,00,1,1,000,055,2,0,1,3,2,79,3,1,4,00,2,8,19,201400019412B02,7,1,1
201400019418,2014-03-28,2014,mars,vendredi,16:45,31,31157,43.53279,1.35449,2,6,1,1,1,4,2,00,1,-1,000,070,1,0,1,4,2,12,5,1,2,00,2,1,5,201400019418A01,7,9,1
201400019423,2014-06-18,2014,juin,mercredi,11:30,44,44070,0,0,2,1,1,1,1,4,-1,01,2,1,000,062,1,0,1,2,1,61,5,1,9,00,2,1,1,201400019423B02,7,13,1
201400019468,2014-09-06,2014,septembre,samedi,12:30,74,74106,0,0,1,2,3,1,1,3,2,02,2,1,,,1,5,1,3,1,47,5,1,2,00,2,1,6,201400019468B02,7,6,1
201400019470,2014-10-29,2014,octobre,mercredi,10:00,74,74263,0,0,1,1,1,1,1,3,2,02,1,1,000,060,1,0,1,2,2,77,0,1,2,00,0,4,2,201400019470B02,7,2,1
201400019542,2014-07-24,2014,juillet,jeudi,20:10,16,16015,45.65654,0.14381,2,3,3,1,1,4,2,02,1,1,000,066,1,0,1,4,1,15,5,1,9,00,2,1,1,201400019542B01,7,1,1
201400019570,2014-11-11,2014,novembre,mardi,11:45,16,16015,45.64879,0.17432,2,1,2,1,1,3,1,02,1,1,000,046,1,0,1,4,1,15,2,1,9,00,2,1,2,201400019570B01,7,23,1
201400019595,2014-08-30,2014,août,samedi,18:45,16,16102,45.69595,-0.33302,2,1,6,1,1,4,2,02,1,1,000,061,1,0,5,3,2,41,9,1,2,00,1,1,1,201400019595A01,,,
201400019608,2014-01-25,2014,janvier,samedi,13:15,69,69100,0,0,2,1,3,1,1,3,2,02,-1,3,000,090,1,0,5,3,1,51,5,1,2,00,2,7,0,201400019608B02,7,0,1
201400019617,2014-01-07,2014,janvier,mardi,95:5,17,17299,45.94161,-0.96867,2,1,7,1,1,4,2,02,1,1,000,050,2,0,1,4,2,64,5,1,9,01,0,1,1,201400019617B01,7,22,1
201400019627,2014-02-10,2014,février,lundi,16:50,17,17299,45.947,-0.98842,2,6,3,1,2,3,1,02,1,2,000,055,2,5,1,4,1,47,5,1,9,00,2,7,1,201400019627B01,7,1,1
201400019646,2014-06-27,2014,juin,vendredi,10:35,17,17299,45.94196,-0.96265,2,4,3,1,1,4,2,02,1,1,000,055,1,0,5,4,2,29,5,1,9,00,2,8,18,201400019646B01,30,15,1
201400019656,2014-07-20,2014,juillet,dimanche,11:10,17,17299,0,0,2,1,7,1,2,3,2,02,1,1,000,060,2,0,1,4,1,66,5,1,9,00,0,7,1,201400019656A01,,,
201400019657,2014-08-07,2014,août,jeudi,10:40,17,17449,45.95068,-0.93206,2,1,3,1,1,3,-1,02,1,1,000,040,1,0,1,4,1,53,5,1,2,00,2,8,1,201400019657B01,7,20,1
201400019670,2014-10-13,2014,octobre,lundi,14:00,17,17299,45.9552,-0.97055,2,1,3,1,1,4,2,00,1,1,000,060,1,0,1,4,1,48,1,1,9,00,2,1,17,201400019670A01,7,15,1
201400019673,2014-11-05,2014,novembre,mercredi,11:15,17,17449,45.97103,-0.91837,1,1,7,1,1,3,2,02,1,1,000,060,1,0,1,4,1,62,5,1,9,00,2,8,1,201400019673B01,7,17,1
201400019701,2014-02-11,2014,février,mardi,18:23,17,17300,46.16458,-1.18166,2,1,3,2,1,4,-1,02,-1,-1,000,000,-1,0,0,3,1,27,0,1,9,00,2,1,0,201400019701A01,7,0,1
201400019704,2014-02-18,2014,février,mardi,82:0,17,17300,46.16336,-1.18246,2,1,7,1,2,4,2,02,-1,-1,000,000,2,0,1,3,1,42,0,1,4,01,0,0,1,201400019704A01,,,
201400019727,2014-04-21,2014,avril,lundi,18:26,17,17300,46.1694,-1.14875,2,1,6,1,1,4,-1,02,-1,-1,000,000,-1,0,0,3,1,41,0,1,9,00,0,0,0,201400019727B01,7,0,1
201400019739,2014-05-10,2014,mai,samedi,15:25,17,17200,46.18,-1.16416,2,3,6,1,1,3,-1,02,-1,-1,000,000,-1,0,0,4,1,21,0,1,9,00,0,0,0,201400019739B01,7,0,1
201400019745,2014-05-24,2014,mai,samedi,35:0,17,17300,46.14815,-1.15847,2,1,6,5,9,4,-1,01,-1,-1,000,000,-1,0,0,3,1,22,0,1,9,00,0,0,0,201400019745A01,,,
201400019750,2014-06-13,2014,juin,vendredi,15:13,17,17300,46.16089,-1.14036,2,1,6,1,1,4,-1,01,-1,-1,000,000,-1,0,0,4,2,81,0,1,9,00,0,0,0,201400019750C01,2,0,1
201400019752,2014-06-22,2014,juin,dimanche,43:5,17,17291,46.18062,-1.12713,2,1,5,5,1,3,2,00,1,-1,000,000,1,0,1,3,1,19,5,1,9,00,2,4,1,201400019752C01,7,1,1
201400019752,2014-06-22,2014,juin,dimanche,43:5,17,17291,46.18062,-1.12713,2,1,5,5,1,3,2,00,1,-1,000,000,1,0,1,2,2,19,5,1,9,00,2,4,1,201400019752B01,7,1,1
201400019754,2014-06-25,2014,juin,mercredi,12:10,17,17300,46.15903,-1.14864,2,1,6,1,1,4,1,02,-1,-1,000,000,-1,0,0,4,1,24,0,1,9,00,2,3,0,201400019754A01,7,0,1