Num_Acc,date,an,mois,jour,hrmn,dep,com,lat,long,agg,int,col,lum,atm,catr,circ,nbv,prof,plan,lartpc,larrout,surf,infra,situ,grav,sexe,age,trajet,secuexist,equipement,obs,obsm,choc,manv,vehiculeid,typevehicules,manoeuvehicules,numVehicules
201400019756,2014-06-30,2014,juin,lundi,95:8,17,17300,46.15854,-1.14551,2,1,3,1,2,4,2,00,1,-1,000,000,1,0,5,3,2,59,0,1,9,00,2,1,2,201400019756P01,15,16,1
201400019761,2014-07-14,2014,juillet,lundi,18:27,17,17300,46.16255,-1.15986,2,1,3,1,1,4,2,02,1,1,000,000,-1,0,5,4,2,36,0,1,4,00,2,3,1,201400019761A01,7,15,1
201400019764,2014-07-16,2014,juillet,mercredi,16:57,17,17274,46.15288,-1.11072,2,1,3,1,1,4,1,04,-1,2,000,000,1,0,1,3,1,47,0,1,4,00,2,3,1,201400019764A01,2,12,1
201400019766,2014-07-22,2014,juillet,mardi,18:00,17,17300,46.16857,-1.16371,2,1,6,1,1,4,2,00,-1,-1,000,000,-1,0,4,4,1,15,0,1,2,01,0,1,1,201400019766A01,,,
201400019767,2014-07-24,2014,juillet,jeudi,17:21,17,17300,46.16245,-1.15857,2,2,3,1,1,4,2,02,1,1,000,000,1,0,0,4,2,28,5,1,2,00,2,1,19,201400019767B01,7,2,1
201400019769,2014-07-31,2014,juillet,jeudi,11:44,17,17300,46.15573,-1.18089,2,3,6,1,1,4,2,01,-1,-1,,,-1,0,1,3,2,15,0,1,9,00,2,8,19,201400019769B01,7,1,1
201400019790,2014-09-07,2014,septembre,dimanche,10:45,17,17291,46.18118,-1.12511,2,6,3,1,1,3,1,01,1,1,000,000,1,0,5,3,1,81,5,1,2,00,0,7,2,201400019790B01,7,19,1
201400019792,2014-09-13,2014,septembre,samedi,10:16,17,17300,46.16555,-1.18866,2,1,3,1,1,4,1,02,-1,2,000,000,-1,0,1,4,1,14,0,1,4,00,2,2,1,201400019792B01,7,13,1
201400019793,2014-09-14,2014,septembre,dimanche,14:55,17,17300,46.16436,-1.17723,2,1,2,1,1,4,2,02,1,1,000,000,1,0,1,3,1,25,5,1,9,00,2,4,1,201400019793B01,7,1,1
201400019799,2014-09-23,2014,septembre,mardi,19:16,17,17300,46.1612,-1.15306,2,1,6,1,1,4,-1,02,-1,-1,000,000,-1,0,0,4,2,6,0,1,2,00,0,0,0,201400019799B01,7,0,1
201400019803,2014-09-30,2014,septembre,mardi,18:30,17,17300,46.16311,-1.16517,2,1,2,1,1,4,2,02,1,1,000,000,1,0,5,4,2,33,5,1,9,00,2,4,1,201400019803B01,7,1,1
201400019806,2014-10-08,2014,octobre,mercredi,14:20,17,17300,46.16298,-1.14718,2,3,3,1,1,4,1,00,-1,-1,000,000,-1,0,1,4,2,46,0,1,4,00,0,8,1,201400019806P01,7,1,1
201400019813,2014-10-29,2014,octobre,mercredi,15:35,17,17300,46.15986,-1.16683,2,1,2,1,1,4,2,02,4,1,000,000,-1,0,1,4,2,60,5,1,4,00,2,4,1,201400019813B01,7,1,1
201400019814,2014-10-31,2014,octobre,vendredi,17:30,17,17300,46.15626,-1.12975,2,1,6,1,1,4,2,02,2,3,000,000,1,0,5,4,1,47,1,1,2,00,2,1,2,201400019814B01,30,13,1
201400019824,2014-11-26,2014,novembre,mercredi,16:00,17,17300,46.17695,-1.14094,2,1,7,1,1,4,2,02,1,1,000,000,1,0,1,4,2,65,5,1,2,01,0,1,2,201400019824B01,7,24,1
201400019825,2014-11-26,2014,novembre,mercredi,17:13,17,17300,46.16652,-1.17848,2,1,3,1,1,4,2,01,-1,-1,000,000,-1,0,1,3,1,45,0,1,2,00,2,7,1,201400019825B01,7,1,1
201400019846,2014-02-18,2014,février,mardi,19:55,17,17306,45.63372,-1.02035,2,1,2,5,1,4,-1,01,1,1,000,000,1,0,1,4,1,19,0,1,9,00,2,6,0,201400019846B01,99,0,1
201400019859,2014-04-24,2014,avril,jeudi,11:40,17,17306,45.62595,-1.03009,2,2,3,1,1,4,-1,01,1,1,000,000,1,0,1,4,1,78,0,1,9,00,2,4,1,201400019859B01,7,10,1
201400019887,2014-07-24,2014,juillet,jeudi,18:04,17,17306,45.62843,-1.02209,2,1,6,1,1,4,2,00,2,1,000,000,1,0,1,4,1,73,5,1,2,00,2,1,9,201400019887A01,7,1,1
201400019888,2014-07-26,2014,juillet,samedi,12:50,17,17333,45.61659,-0.98822,1,1,6,1,1,3,2,02,3,3,000,000,1,0,1,4,1,73,5,1,2,00,2,8,1,201400019888B01,7,17,1
201400019897,2014-08-16,2014,août,samedi,93:0,17,17461,45.63177,-1.05688,2,1,3,1,1,4,2,00,1,1,000,000,1,0,1,4,1,40,9,1,2,00,2,8,1,201400019897B01,7,16,1
201400019908,2014-09-12,2014,septembre,vendredi,81:0,17,17306,45.63088,-1.00539,2,1,6,1,1,4,2,00,1,1,000,000,1,0,1,4,2,19,5,1,2,00,2,1,1,201400019908A01,7,1,1
201400019952,2014-04-15,2014,avril,mardi,14:30,17,17415,45.73767,-0.64703,2,1,6,1,1,4,2,02,-1,-1,000,060,-1,0,1,3,1,20,5,1,4,00,2,1,1,201400019952B01,7,16,1
201400019953,2014-04-18,2014,avril,vendredi,16:20,17,17415,45.74978,-0.66808,1,1,6,1,1,4,2,02,-1,-1,000,060,1,0,1,4,2,51,1,1,4,00,2,2,13,201400019953B01,7,1,1
201400019954,2014-04-25,2014,avril,vendredi,17:25,17,17415,45.74468,-0.62735,2,1,6,1,1,4,2,02,-1,-1,000,060,1,0,1,4,1,87,5,1,4,00,2,8,1,201400019954B01,7,4,1
201400019964,2014-06-27,2014,juin,vendredi,15:55,17,17415,45.74391,-0.64718,2,1,6,1,1,4,-1,02,-1,-1,000,060,-1,0,0,4,2,48,0,1,9,00,0,0,0,201400019964B01,7,0,1
201400020023,2014-07-21,2014,juillet,lundi,20:00,41,41255,47.742,0.803,1,1,3,1,1,4,2,02,1,2,043,000,1,0,1,3,1,18,5,1,2,00,2,8,1,201400020023B02,21,21,1
201400020044,2014-06-08,2014,juin,dimanche,16:15,62,62733,50.12295,2.60806,2,9,1,1,1,3,1,01,1,1,000,000,1,0,1,3,1,15,5,1,9,00,2,1,19,201400020044B02,7,1,1
201400020048,2014-09-27,2014,septembre,samedi,16:45,62,62799,50.45651,1.70259,1,1,1,1,1,3,2,02,1,-1,000,000,1,0,1,3,1,44,5,1,2,00,2,3,1,201400020048B02,7,15,1
201400020093,2014-10-03,2014,octobre,vendredi,12:45,83,83130,43.205,6.043,1,1,2,1,1,3,2,02,-1,3,000,063,1,0,3,2,1,67,5,1,2,01,0,1,0,201400020093A01,14,24,1
201400020107,2014-09-27,2014,septembre,samedi,18:45,47,47108,44.493,0.13,1,1,3,1,1,3,2,02,1,1,000,065,1,0,1,3,1,42,5,1,2,00,2,1,1,201400020107B02,7,15,1
201400020180,2014-04-09,2014,avril,mercredi,13:15,18,18033,47.08629,2.39903,2,1,3,1,1,4,2,04,1,1,010,100,1,0,1,4,1,27,9,1,9,00,2,8,13,201400020180B01,7,1,1
201400020248,2014-09-10,2014,septembre,mercredi,19:55,18,18033,47.08891,2.39325,2,3,3,1,1,4,1,01,1,1,000,030,1,0,1,4,2,17,1,1,9,08,2,7,19,201400020248A01,7,23,1
201400020289,2014-09-16,2014,septembre,mardi,10:00,83,83043,0,0,1,1,7,1,1,3,2,02,2,3,000,055,2,0,1,3,1,74,5,1,2,00,0,1,1,201400020289A01,,,
201400020402,2014-01-10,2014,janvier,vendredi,10:50,18,18279,47.20156,2.07749,2,1,3,1,1,4,2,02,1,1,000,005,1,0,1,3,1,31,5,1,2,00,2,1,1,201400020402A01,7,15,1
201400020437,2014-11-12,2014,novembre,mercredi,15:00,18,18279,47.231,2.08136,2,1,2,1,1,4,2,02,1,1,000,065,1,0,1,2,2,51,5,1,2,00,2,8,2,201400020437B01,15,1,1
201400020452,2014-02-08,2014,février,samedi,15:30,72,72350,0,0,1,1,5,1,8,3,2,02,-1,1,000,052,1,0,1,3,1,47,5,1,2,00,2,1,1,201400020452C03,7,1,2
201400020452,2014-02-08,2014,février,samedi,15:30,72,72350,0,0,1,1,5,1,8,3,2,02,-1,1,000,052,1,0,1,4,1,40,5,1,2,00,2,1,1,201400020452C03,7,1,2
201400020458,2014-04-24,2014,avril,jeudi,16:15,72,72213,0,0,1,1,1,1,1,3,2,00,1,1,000,058,1,0,1,2,1,68,5,1,9,00,2,0,1,201400020458B02,7,17,1
201400020468,2014-01-12,2014,janvier,dimanche,16:00,65,65285,43.29986,0.15502,2,2,3,1,1,3,2,02,2,1,000,430,1,5,1,3,1,10,5,1,2,00,2,7,1,201400020468A01,7,1,1
201400020486,2014-01-12,2014,janvier,dimanche,15:00,60,60552,0,0,1,1,3,1,1,3,2,02,1,1,000,050,1,0,1,3,1,41,5,1,4,00,2,8,1,201400020486B02,10,17,1
201400020503,2014-08-21,2014,août,jeudi,61:5,91,91648,0,0,1,1,2,2,1,3,2,02,1,1,000,065,1,0,1,3,1,38,0,1,2,00,2,6,2,201400020503B02,33,1,1
201400020505,2014-09-28,2014,septembre,dimanche,12:45,91,91648,0,0,1,1,2,1,1,3,2,02,1,1,000,076,1,0,3,4,1,64,5,1,2,01,2,1,14,201400020505A01,7,23,1
201400020519,2014-02-04,2014,février,mardi,17:20,19,19031,45.1577,1.52369,2,1,3,1,1,4,2,02,1,1,000,000,1,0,1,4,1,42,1,1,2,00,2,1,2,201400020519A01,7,1,1
201400020539,2014-04-11,2014,avril,vendredi,23:15,19,19031,45.1526,1.51977,2,2,3,5,1,4,2,03,1,1,000,000,1,0,1,4,1,24,5,1,2,00,2,1,9,201400020539A01,7,1,1
201400020562,2014-07-02,2014,juillet,mercredi,15:30,19,19031,45.1606,1.50331,2,2,3,1,1,4,2,04,1,1,000,152,1,0,1,2,1,69,5,1,2,00,2,1,1,201400020562B01,7,15,1
201400020579,2014-08-31,2014,août,dimanche,17:00,19,19031,45.1681,1.53588,2,1,6,1,1,4,2,02,1,1,000,000,1,0,1,4,2,84,5,1,2,00,2,7,1,201400020579B01,7,4,1
201400020591,2014-09-19,2014,septembre,vendredi,18:50,19,19031,45.1652,1.5315,2,1,2,1,1,4,1,01,1,1,000,000,1,0,1,4,2,52,4,1,2,00,2,4,2,201400020591B01,7,2,1
201400020653,2014-12-21,2014,décembre,dimanche,10:15,59,59641,0,0,1,1,6,1,1,3,2,00,1,1,000,000,1,0,1,3,1,69,5,1,2,00,5,1,1,201400020653A01,,,
201400020657,2014-03-12,2014,mars,mercredi,13:25,19,19272,45.2625,1.76101,2,1,2,1,1,4,1,01,1,-1,000,082,1,0,1,3,1,18,5,1,9,00,2,1,1,201400020657D01,7,1,1
201400020671,2014-07-15,2014,juillet,mardi,19:15,19,19275,45.5558,2.31195,2,3,3,1,1,4,2,02,1,1,000,067,1,0,1,3,2,7,5,1,2,00,2,7,15,201400020671A01,7,1,1
201400020674,2014-07-31,2014,juillet,jeudi,17:25,19,19275,45.56223,2.30032,2,1,3,1,1,3,3,02,1,-1,017,083,1,0,1,3,1,65,5,1,2,00,9,8,2,201400020674B01,7,17,1
201400020678,2014-04-09,2014,avril,mercredi,16:00,68,68015,47.79846,7.3792,2,2,3,1,1,4,2,02,1,1,000,061,1,0,1,3,2,25,5,1,2,00,2,8,15,201400020678B02,7,1,1
201400020688,2014-06-26,2014,juin,jeudi,84:0,21,21054,0,0,2,1,7,1,1,4,-1,02,1,1,000,000,1,0,0,4,2,53,1,1,9,00,2,0,21,201400020688B01,7,22,1
201400020691,2014-08-31,2014,août,dimanche,17:28,21,21054,0,0,2,2,3,1,1,3,2,02,1,1,000,005,1,0,1,3,2,16,5,1,2,00,2,1,19,201400020691B01,7,1,1
201400020696,2014-10-02,2014,octobre,jeudi,17:30,21,21054,0,0,2,1,3,1,1,6,1,01,1,3,000,000,1,0,1,4,1,20,5,1,2,00,2,1,5,201400020696A01,7,15,1
201400020714,2014-02-25,2014,février,mardi,16:18,21,21231,0,0,2,3,2,1,2,4,2,02,1,3,000,000,2,0,1,3,1,47,1,1,2,00,2,4,15,201400020714B01,7,17,1
201400020734,2014-06-01,2014,juin,dimanche,18:17,21,21231,0,0,2,1,2,1,1,4,3,02,1,1,000,000,1,0,1,3,1,15,5,1,2,00,2,1,1,201400020734A01,1,16,1
201400020734,2014-06-01,2014,juin,dimanche,18:17,21,21231,0,0,2,1,2,1,1,4,3,02,1,1,000,000,1,0,1,1,1,15,5,1,2,00,2,4,16,201400020734B01,1,1,1
201400020736,2014-06-10,2014,juin,mardi,95:1,21,21231,0,0,2,1,2,1,1,4,2,02,1,1,000,000,1,0,1,3,1,67,5,1,2,01,0,1,1,201400020736B01,7,22,1
201400020766,2014-09-17,2014,septembre,mercredi,21:05,21,21231,0,0,2,2,3,5,1,4,2,02,1,1,000,000,1,5,0,3,1,37,5,1,2,00,2,8,1,201400020766B01,40,1,1
201400020768,2014-09-25,2014,septembre,jeudi,12:02,21,21231,0,0,2,2,3,1,1,4,2,02,1,1,000,000,1,0,1,3,1,25,5,1,2,00,2,1,1,201400020768B01,7,1,1
201400020773,2014-10-03,2014,octobre,vendredi,15:10,21,21231,0,0,2,3,3,1,1,4,2,02,-1,-1,000,000,-1,0,0,3,1,74,5,1,2,00,2,6,1,201400020773B01,7,16,1
201400020812,2014-03-26,2014,mars,mercredi,14:15,22,22113,48.73031,-3.45953,2,1,7,1,1,3,2,02,1,1,000,000,1,0,1,3,1,75,0,1,9,00,0,7,2,201400020812A01,,,
201400020832,2014-01-13,2014,janvier,lundi,12:45,22,22187,48.52928,-2.78178,1,4,3,1,1,3,2,02,-1,1,,,-1,5,1,4,1,13,0,1,9,00,2,7,1,201400020832B01,7,15,1
201400020855,2014-02-21,2014,février,vendredi,19:15,22,22360,48.47796,-2.71159,1,3,2,2,1,3,2,02,1,1,000,086,1,0,1,3,2,31,9,1,4,00,2,4,15,201400020855B01,7,1,1
201400020860,2014-03-04,2014,mars,mardi,10:00,22,22187,48.53327,-2.75959,1,6,3,1,1,4,1,01,1,2,000,070,1,5,1,4,2,57,5,1,9,00,2,8,16,201400020860B01,7,16,1
201400020864,2014-03-07,2014,mars,vendredi,14:15,22,22215,48.46268,-2.78544,2,1,6,1,1,4,2,02,1,1,000,032,1,0,5,4,2,54,5,1,2,00,2,1,1,201400020864B01,10,1,1
201400020887,2014-04-26,2014,avril,samedi,15:30,22,22278,48.50625,-2.76118,2,1,7,1,1,4,2,02,1,1,000,067,2,0,4,4,1,39,5,1,2,08,0,1,1,201400020887A01,,,
201400020901,2014-05-18,2014,mai,dimanche,10:15,22,22215,48.48792,-2.79489,1,6,3,1,1,4,1,02,1,3,000,070,1,5,1,4,2,56,5,1,2,00,2,7,1,201400020901B01,7,9,1
201400020907,2014-05-26,2014,mai,lundi,18:30,22,22187,48.52941,-2.7534,2,1,1,1,1,4,2,02,2,3,000,055,1,0,1,3,1,14,0,1,2,00,2,1,0,201400020907B01,7,1,1
201400020911,2014-06-06,2014,juin,vendredi,15:15,22,22278,48.49694,-2.74709,2,1,3,1,1,4,1,01,1,3,000,070,1,0,1,4,2,67,0,1,9,00,2,8,1,201400020911B01,7,17,1
201400020922,2014-06-26,2014,juin,jeudi,13:05,22,22215,48.48588,-2.78921,2,1,7,1,1,3,2,02,1,1,000,060,1,0,1,4,1,65,5,1,2,14,0,1,0,201400020922A01,,,
201400020934,2014-07-21,2014,juillet,lundi,10:45,22,22360,48.49587,-2.73608,2,1,2,1,1,4,2,02,2,1,000,065,1,0,1,3,2,44,3,1,9,00,2,1,1,201400020934Y01,7,23,1
201400020944,2014-08-15,2014,août,vendredi,80:0,22,22360,48.48322,-2.75005,1,1,3,1,1,4,2,00,2,1,000,050,1,0,1,3,1,70,0,1,2,00,2,0,1,201400020944B01,7,13,1
201400020945,2014-08-18,2014,août,lundi,14:35,22,22278,48.50567,-2.77157,2,1,3,1,1,4,1,01,1,1,000,000,1,0,4,4,2,31,1,1,2,01,0,1,1,201400020945B01,7,22,1
201400020949,2014-08-26,2014,août,mardi,85:5,22,22278,48.51187,-2.75777,2,1,7,1,1,4,2,04,2,1,000,000,2,0,1,4,2,26,4,1,9,00,0,7,1,201400020949A01,,,
201400020964,2014-09-18,2014,septembre,jeudi,15:30,22,22278,48.51943,-2.73646,2,1,6,1,1,4,2,02,1,1,000,060,1,0,4,1,1,21,5,1,9,00,1,1,1,201400020964A01,,,
201400020966,2014-09-24,2014,septembre,mercredi,72:0,22,22278,48.4992,-2.75504,2,1,3,5,1,4,2,02,2,1,000,085,1,0,1,4,1,55,1,1,9,00,2,8,1,201400020966B01,7,10,1
201400020982,2014-10-13,2014,octobre,lundi,11:20,22,22187,48.52452,-2.7628,2,1,7,1,1,4,2,02,2,3,000,000,2,0,1,3,1,68,5,1,4,00,0,0,1,201400020982A01,,,
201400020984,2014-10-14,2014,octobre,mardi,12:15,22,22278,48.50567,-2.74504,2,2,7,1,1,4,2,02,1,1,000,080,1,5,5,4,1,61,1,1,2,00,2,0,1,201400020984A01,99,16,1
201400020996,2014-11-06,2014,novembre,jeudi,93:0,22,22106,48.50313,-2.7196,2,1,7,1,1,4,2,02,1,3,000,058,1,0,1,4,2,69,5,1,9,11,0,8,1,201400020996A01,,,
201400021010,2014-11-28,2014,novembre,vendredi,17:00,22,22106,48.49669,-2.72469,2,6,2,1,1,4,1,02,1,2,000,500,1,5,1,4,2,35,1,1,9,00,2,4,1,201400021010B01,7,9,1
201400021023,2014-12-13,2014,décembre,samedi,14:15,22,22278,48.5188,-2.76471,2,1,7,1,1,4,2,02,2,1,000,060,1,0,1,2,2,69,5,1,4,01,0,0,13,201400021023A01,7,24,1
201400021048,2014-02-24,2014,février,lundi,85:5,24,24037,44.8591,0.48485,2,1,3,1,1,4,2,02,1,1,000,060,1,0,0,3,1,76,3,1,9,00,2,1,2,201400021048A01,7,2,1
201400021051,2014-04-03,2014,avril,jeudi,80:0,24,24037,44.8529,0.507,2,4,3,1,2,3,2,02,1,1,000,070,1,0,1,2,2,53,4,1,9,00,2,1,1,201400021051B01,13,9,1
201400021074,2014-06-02,2014,juin,lundi,12:30,24,24557,45.1888,0.74054,2,2,3,1,1,4,3,02,1,1,000,120,1,0,1,4,1,64,5,1,2,00,2,1,1,201400021074B01,10,1,1
201400021079,2014-09-11,2014,septembre,jeudi,10:52,24,24322,45.1796,0.71535,2,1,3,1,1,4,-1,00,2,-1,000,100,1,0,0,3,2,86,5,1,9,00,2,0,1,201400021079B01,7,1,1
201400021090,2014-01-11,2014,janvier,samedi,10:30,25,25056,0,0,2,3,6,1,1,4,2,02,-1,-1,000,000,1,0,1,4,1,48,5,1,4,00,2,0,9,201400021090B01,7,15,1
201400021102,2014-01-29,2014,janvier,mercredi,19:01,25,25056,47.24828,6.01994,2,1,3,5,2,4,2,03,2,1,000,000,2,0,1,4,1,55,1,1,4,00,2,1,1,201400021102B01,7,15,1
201400021107,2014-02-07,2014,février,vendredi,12:52,25,25056,47.22782,5.98266,2,1,6,1,2,4,-1,00,-1,-1,000,000,2,0,1,4,1,43,0,1,9,00,2,0,1,201400021107B01,7,9,1
201400021109,2014-02-11,2014,février,mardi,11:11,25,25056,0,0,2,1,6,1,1,4,-1,02,2,1,000,000,1,0,1,4,1,51,0,1,4,00,2,1,1,201400021109B01,7,15,1
201400021122,2014-03-25,2014,mars,mardi,74:6,25,25056,0,0,2,1,2,1,1,3,-1,00,1,-1,000,000,1,0,1,4,1,21,0,1,9,00,2,0,9,201400021122B01,33,0,1
201400021123,2014-03-30,2014,mars,dimanche,15:24,25,25056,0,0,2,1,6,1,1,4,-1,02,1,-1,000,000,1,0,1,4,1,22,0,1,2,00,2,1,0,201400021123B01,7,9,1
201400021123,2014-03-30,2014,mars,dimanche,15:24,25,25056,0,0,2,1,6,1,1,4,-1,02,1,-1,000,000,1,0,1,1,1,20,0,1,2,00,2,0,0,201400021123C01,7,9,1
201400021124,2014-04-02,2014,avril,mercredi,17:55,25,25056,0,0,2,1,6,1,1,4,2,02,1,1,000,000,1,0,1,4,1,46,0,1,4,00,2,0,1,201400021124B01,7,15,1
201400021125,2014-04-04,2014,avril,vendredi,83:5,25,25056,0,0,2,9,6,1,1,3,2,02,2,1,000,000,1,0,1,4,1,16,0,1,9,00,0,0,0,201400021125A01,,,
201400021148,2014-05-28,2014,mai,mercredi,12:55,25,25056,47.2482,6.00048,2,1,6,1,1,4,2,04,1,1,000,000,1,0,1,4,1,66,5,1,2,00,2,0,2,201400021148B01,15,2,1
201400021149,2014-05-31,2014,mai,samedi,14:23,25,25056,47.24084,6.01672,2,1,6,1,1,4,1,01,2,1,000,000,1,0,1,4,2,20,0,1,4,00,2,7,0,201400021149A01,7,0,1
201400021159,2014-06-17,2014,juin,mardi,16:51,25,25056,47.23959,6.03233,2,1,6,1,1,4,2,03,1,1,000,000,-1,0,1,4,1,18,0,1,9,00,2,1,16,201400021159B01,7,20,1
201400021162,2014-06-24,2014,juin,mardi,10:26,25,25056,47.23026,5.97108,2,1,6,1,1,4,2,03,1,1,000,000,1,0,1,3,2,62,0,1,9,00,2,0,1,201400021162B01,17,16,1
201400021167,2014-06-27,2014,juin,vendredi,85:4,25,25056,47.24252,6.01288,2,1,3,1,1,3,2,02,1,3,000,000,1,0,1,3,1,22,0,1,9,00,2,8,1,201400021167B01,7,15,1
201400021170,2014-07-15,2014,juillet,mardi,13:11,25,25056,47.23972,6.02325,2,1,6,1,1,4,-1,00,-1,-1,000,000,1,0,1,1,1,28,0,1,9,00,1,0,1,201400021170A01,,,
201400021170,2014-07-15,2014,juillet,mardi,13:11,25,25056,47.23972,6.02325,2,1,6,1,1,4,-1,00,-1,-1,000,000,1,0,1,4,1,83,3,1,9,00,1,0,1,201400021170A01,,,
201400021176,2014-07-25,2014,juillet,vendredi,74:9,25,25056,47.2504,6.02676,2,1,6,1,1,4,2,00,-1,-1,000,000,1,0,4,4,2,44,0,1,9,00,2,1,1,201400021176B01,7,9,1
201400021182,2014-08-20,2014,août,mercredi,14:51,25,25056,47.1455,6.17778,2,1,6,1,8,4,2,02,1,1,000,000,1,0,1,4,2,42,5,1,2,00,2,0,19,201400021182B01,2,1,1
201400021188,2014-09-02,2014,septembre,mardi,17:18,25,25056,47.14041,6.04618,2,1,3,1,1,4,2,03,1,1,000,000,1,0,4,4,1,21,0,1,9,00,2,7,0,201400021188B01,7,9,1
201400021206,2014-10-10,2014,octobre,vendredi,74:0,25,25056,47.15559,6.0952,2,6,2,2,2,4,2,02,-1,-1,000,000,2,0,1,4,1,54,0,1,9,00,2,1,2,201400021206A01,7,2,1
201400021220,2014-11-25,2014,novembre,mardi,11:30,25,25056,47.25431,6.01546,2,1,3,1,1,4,2,02,-1,-1,000,000,1,1,0,4,2,23,4,1,4,00,2,7,9,201400021220A01,7,1,1
201400021221,2014-11-26,2014,novembre,mercredi,17:15,25,25056,47.22925,5.98968,2,1,3,5,1,4,2,03,1,1,000,000,1,0,5,4,2,43,0,1,4,00,2,1,1,201400021221B01,7,15,1
201400021250,2014-07-22,2014,juillet,mardi,17:40,25,25580,47.45687,6.84012,2,1,3,1,3,3,2,01,2,1,000,000,2,0,1,3,1,39,5,1,9,00,2,1,19,201400021250A01,7,0,1
201400021252,2014-09-26,2014,septembre,vendredi,12:50,25,25547,47.51515,6.82986,2,1,1,1,1,3,3,04,1,1,020,060,1,0,1,3,1,11,0,1,9,00,2,1,6,201400021252B01,7,1,1
201400021263,2014-03-02,2014,mars,dimanche,17:20,25,25462,46.90588,6.35757,2,6,3,1,8,3,2,02,1,1,000,000,1,0,1,4,1,39,5,1,9,00,0,7,1,201400021263B01,7,9,1
201400021273,2014-07-01,2014,juillet,mardi,12:10,25,25462,46.90198,6.35477,2,1,2,1,1,4,1,01,1,1,000,000,1,0,1,4,1,18,9,1,9,00,2,0,2,201400021273A01,7,0,1
201400021282,2014-08-09,2014,août,samedi,18:00,25,25204,46.55,6.21,2,1,6,1,1,9,2,01,1,1,000,000,1,0,5,4,2,14,5,1,9,00,1,1,18,201400021282A01,,,
201400021283,2014-08-20,2014,août,mercredi,18:52,25,25462,0,0,2,6,2,1,1,4,2,01,1,1,000,000,1,0,1,4,1,77,5,1,9,00,0,1,2,201400021283A01,7,2,1
201400021286,2014-09-26,2014,septembre,vendredi,19:19,25,25462,46.90655,6.35,2,3,3,2,1,4,1,01,1,2,000,000,1,0,1,4,1,11,5,1,9,16,0,1,5,201400021286A01,7,15,1
201400021289,2014-10-22,2014,octobre,mercredi,15:20,25,25462,46.89814,6.34587,2,3,3,1,8,3,2,02,2,1,000,000,2,0,1,2,1,15,5,1,9,00,2,1,9,201400021289A01,15,1,1
201400021293,2014-11-28,2014,novembre,vendredi,13:40,25,25462,46.90574,6.34956,2,3,3,1,1,4,-1,01,1,1,000,000,1,0,1,3,2,72,0,1,9,00,2,1,0,201400021293B01,7,9,1
201400021322,2014-06-11,2014,juin,mercredi,11:45,62,62849,50.4077,1.64025,1,1,1,1,1,3,2,02,1,1,000,075,1,0,1,3,2,76,3,1,2,00,0,8,19,201400021322B02,33,1,1
201400021366,2014-03-04,2014,mars,mardi,84:0,26,26198,44.5705,4.7509,2,9,3,1,1,4,2,00,1,-1,000,000,1,0,1,4,2,51,1,1,9,00,2,8,1,201400021366B01,7,1,1
201400021370,2014-05-25,2014,mai,dimanche,21:30,26,26198,0,0,2,1,6,5,2,3,2,02,1,1,000,057,2,0,1,4,1,13,9,1,4,00,2,1,15,201400021370B01,7,15,1
201400021371,2014-06-03,2014,juin,mardi,18:10,26,26198,44.5555,4.7211,2,1,6,1,1,4,1,01,1,1,000,037,1,0,5,3,1,61,5,1,2,00,2,7,1,201400021371B01,7,1,1
201400021373,2014-06-13,2014,juin,vendredi,20:30,26,26198,0,0,2,1,3,1,1,3,2,02,1,1,000,000,1,0,1,4,1,16,5,1,2,00,0,7,1,201400021373B01,7,1,1
201400021374,2014-06-23,2014,juin,lundi,14:20,26,26198,0,0,2,1,3,1,1,3,-1,02,1,1,000,056,1,0,1,3,1,49,5,1,2,00,2,7,1,201400021374B01,7,0,1
201400021378,2014-08-07,2014,août,jeudi,10:00,26,26198,0,0,2,1,3,1,1,3,1,00,1,2,000,041,1,5,1,4,2,44,5,1,2,00,2,2,1,201400021378B01,7,2,1
201400021380,2014-09-04,2014,septembre,jeudi,10:00,26,26198,0,0,1,3,3,1,1,3,2,00,2,3,000,000,1,0,1,3,1,67,5,1,2,00,2,1,1,201400021380B01,7,15,1
201400021387,2014-01-10,2014,janvier,vendredi,17:30,26,26281,45.0454,5.0571,2,7,3,2,1,9,1,01,1,1,000,000,-1,0,1,4,2,77,3,1,9,00,2,2,15,201400021387B01,7,15,1
201400021404,2014-03-18,2014,mars,mardi,16:50,26,26281,0,0,2,1,6,1,1,3,2,02,1,1,000,070,1,0,1,4,1,16,5,1,9,00,2,3,19,201400021404A01,7,1,1
201400021408,2014-03-29,2014,mars,samedi,11:54,26,26281,45.0451,5.0446,2,1,3,1,1,4,2,02,2,1,000,040,1,0,5,3,1,66,0,1,2,01,2,0,1,201400021408B01,7,22,1
201400021413,2014-04-14,2014,avril,lundi,11:50,26,26281,45.0433,5.0291,2,6,3,1,1,4,2,02,1,4,000,070,1,5,1,4,2,64,5,1,2,00,2,7,19,201400021413A01,33,1,1
201400021418,2014-05-09,2014,mai,vendredi,11:30,26,26057,0,0,2,3,3,1,1,3,2,00,2,2,000,000,1,5,1,4,1,33,0,1,9,00,2,1,0,201400021418B01,7,9,1