Num_Acc,date,an,mois,jour,hrmn,dep,com,lat,long,agg,int,col,lum,atm,catr,circ,nbv,prof,plan,lartpc,larrout,surf,infra,situ,grav,sexe,age,trajet,secuexist,equipement,obs,obsm,choc,manv,vehiculeid,typevehicules,manoeuvehicules,numVehicules
201400021426,2014-06-09,2014,juin,lundi,83:0,26,26281,45.0503,5.0471,2,6,3,1,1,4,1,02,1,2,000,000,1,5,1,3,1,76,0,1,9,00,2,1,0,201400021426B01,7,0,1
201400021427,2014-06-11,2014,juin,mercredi,15:40,26,26281,45.045,5.0501,2,1,3,1,1,9,-1,00,-1,-1,000,000,1,0,1,3,1,25,9,1,2,00,2,1,13,201400021427A01,7,0,1
201400021430,2014-06-19,2014,juin,jeudi,17:40,26,26281,45.0486,5.0487,2,6,6,1,1,4,3,02,1,1,000,060,1,0,0,4,1,12,5,1,9,00,2,2,1,201400021430B02,7,9,1
201400021437,2014-07-16,2014,juillet,mercredi,82:0,26,26281,0,0,2,6,2,1,1,3,2,03,1,1,000,100,1,0,1,4,2,48,5,1,9,00,2,4,1,201400021437B01,7,9,1
201400021447,2014-09-09,2014,septembre,mardi,11:00,26,26281,45.0459,5.0518,2,2,3,1,1,4,1,02,1,1,000,000,1,5,1,3,1,59,0,1,9,00,2,8,0,201400021447B01,7,0,1
201400021451,2014-09-30,2014,septembre,mardi,11:20,26,26281,45.0453,5.062,2,6,3,1,1,4,1,01,1,1,000,050,1,0,0,4,2,62,5,1,2,00,2,7,1,201400021451B01,7,9,1
201400021452,2014-10-01,2014,octobre,mercredi,11:20,26,26281,45.0453,5.062,2,6,3,1,1,4,1,01,1,1,000,050,1,0,0,4,2,62,5,1,2,00,2,7,1,201400021452B01,7,9,1
201400021467,2014-11-24,2014,novembre,lundi,16:30,26,26057,0,0,2,2,3,1,1,3,2,02,1,1,000,060,1,0,1,4,1,11,5,1,9,00,2,7,19,201400021467A01,7,1,1
201400021473,2014-12-10,2014,décembre,mercredi,74:5,26,26281,45.0427,5.058,2,6,3,2,1,4,2,02,2,1,000,060,1,0,1,4,1,16,2,1,2,00,2,2,1,201400021473B01,7,9,1
201400021477,2014-12-17,2014,décembre,mercredi,17:42,26,26281,0,0,1,1,3,2,2,3,2,02,1,1,000,000,2,0,1,3,1,45,0,1,9,00,0,8,2,201400021477B01,7,2,1
201400021481,2014-01-10,2014,janvier,vendredi,10:50,26,26362,44.9201,4.9152,2,1,3,1,1,4,2,02,1,1,000,070,1,0,1,3,1,30,5,1,2,00,2,2,19,201400021481B01,7,2,1
201400021487,2014-01-31,2014,janvier,vendredi,80:0,26,26362,44.9202,4.9152,2,1,3,1,1,4,2,04,1,1,000,000,1,0,1,4,1,18,0,1,2,00,2,0,0,201400021487B01,7,0,1
201400021491,2014-02-26,2014,février,mercredi,80:0,26,26362,44.9216,4.8986,2,1,6,1,2,4,2,02,1,1,000,000,1,0,1,4,1,15,2,1,2,00,1,0,0,201400021491A01,,,
201400021505,2014-05-10,2014,mai,samedi,14:20,26,26362,44.9318,4.8837,2,1,6,1,1,3,2,04,1,1,000,170,1,0,1,4,1,48,5,1,2,00,9,0,2,201400021505C01,7,2/11,2
201400021518,2014-08-27,2014,août,mercredi,18:25,26,26362,44.954,4.963,1,2,3,1,1,4,2,02,1,1,000,049,1,0,1,3,1,16,0,1,2,00,2,8,19,201400021518A01,7,2,1
201400021520,2014-08-15,2014,août,vendredi,10:35,26,26058,0,0,1,1,2,1,1,3,2,02,1,1,000,000,1,0,1,4,1,65,0,1,2,00,2,1,0,201400021520B01,7,1,1
201400021521,2014-09-03,2014,septembre,mercredi,16:20,26,26362,44.8999,4.8789,2,1,2,1,1,4,2,02,1,1,000,084,1,0,1,4,1,37,1,1,2,00,0,4,15,201400021521B01,7,2,1
201400021526,2014-09-17,2014,septembre,mercredi,11:35,26,26362,0,0,1,3,3,1,1,3,2,02,1,1,000,000,1,0,0,4,1,20,5,1,2,00,0,0,0,201400021526A01,7,0,1
201400021537,2014-10-08,2014,octobre,mercredi,20:55,26,26252,44.8791,4.8861,2,6,2,3,1,4,1,01,1,2,000,000,1,0,0,4,1,49,0,1,2,00,2,4,1,201400021537B01,7,1,1
201400021553,2014-05-06,2014,mai,mardi,80:0,06,06033,0,0,2,1,3,1,1,9,2,00,1,-1,000,000,1,0,3,3,1,57,1,1,2,00,0,3,15,201400021553B02,7,23,1
201400021563,2014-08-01,2014,août,vendredi,16:30,38,38084,0,0,1,1,6,1,1,4,2,02,2,1,000,050,1,0,3,3,1,13,5,1,2,01,0,1,14,201400021563A01,,,
201400021564,2014-08-29,2014,août,vendredi,11:00,38,38105,0,0,1,1,1,1,1,3,2,03,-1,1,000,090,1,5,1,3,2,60,5,1,1,00,2,4,11,201400021564B02,7,1,1
201400021569,2014-10-15,2014,octobre,mercredi,16:00,38,38337,0,0,2,1,2,1,1,4,2,02,1,1,000,070,1,0,1,4,1,59,5,1,2,00,2,1,1,201400021569A01,7,23,1
201400021627,2014-09-16,2014,septembre,mardi,16:35,27,27701,49.163,1.134,2,1,3,1,1,3,2,01,1,1,050,144,1,0,1,3,1,53,5,1,9,00,0,7,1,201400021627B01,7,9,1
201400021659,2014-10-09,2014,octobre,jeudi,14:30,06,06118,0,0,1,1,7,1,1,3,2,00,2,1,000,064,1,0,1,3,1,52,5,1,2,00,0,0,1,201400021659A01,,,
201400021660,2014-12-05,2014,décembre,vendredi,19:45,06,06140,0,0,2,1,3,5,2,3,2,02,1,1,000,065,2,0,1,4,1,62,5,1,2,00,2,8,2,201400021660B02,7,2,1
201400021671,2014-07-31,2014,juillet,jeudi,75:5,27,27681,49.043,1.29,2,3,3,1,1,4,2,02,1,1,000,052,1,0,1,3,1,19,1,1,4,00,2,1,1,201400021671B01,7,1,1
201400021674,2014-09-08,2014,septembre,lundi,91:5,27,27681,49.053,1.285,2,3,3,1,1,4,2,02,1,1,000,050,1,0,1,4,2,40,4,1,4,00,2,1,16,201400021674B01,7,16,1
201400021679,2014-02-02,2014,février,dimanche,11:15,17,17142,46.16719,-1.09236,1,3,1,1,1,3,1,02,1,1,070,000,1,0,1,3,1,64,0,1,2,00,2,7,1,201400021679B02,7,15,1
201400021680,2014-07-13,2014,juillet,dimanche,20:30,17,17222,46.2319,-1.12365,1,6,2,1,1,3,2,00,1,2,000,000,1,5,1,3,1,59,5,1,2,00,0,4,0,201400021680B02,7,2,1
201400021721,2014-09-19,2014,septembre,vendredi,84:0,28,28085,48.43874,1.48139,2,1,1,1,1,4,4,00,1,1,000,000,1,0,5,4,1,57,1,1,2,00,0,1,1,201400021721B01,7,22,1
201400021727,2014-01-13,2014,janvier,lundi,18:50,28,28085,0,0,2,1,3,5,2,3,2,02,1,1,000,100,2,0,1,3,1,67,0,1,4,00,4,7,1,201400021727B01,7,1,1
201400021741,2014-01-27,2014,janvier,lundi,14:15,28,28085,48.44077,1.48259,2,1,3,1,1,4,-1,01,1,1,000,000,1,0,5,4,1,56,1,1,9,00,2,7,21,201400021741B01,7,9,1
201400021744,2014-10-11,2014,octobre,samedi,13:50,28,28070,48.46685,1.5058,2,3,3,1,1,3,2,00,1,2,000,000,1,0,0,4,1,30,5,1,2,00,2,1,1,201400021744B01,7,9,1
201400021746,2014-10-12,2014,octobre,dimanche,84:5,28,28085,48.4523,1.48876,2,1,1,1,2,4,2,00,1,1,000,060,2,0,1,3,1,80,5,1,9,00,2,2,1,201400021746B01,7,15,1
201400021760,2014-10-29,2014,octobre,mercredi,16:45,28,28085,0,0,2,2,3,1,2,4,,,,,,,,,,4,1,23,0,1,9,00,2,1,1,201400021760B01,7,15,1
201400021767,2014-10-31,2014,octobre,vendredi,15:05,28,28085,48.43988,1.4812,2,1,7,1,1,4,1,02,1,1,000,000,1,0,1,3,1,29,1,1,9,00,0,0,0,201400021767A01,,,
201400021774,2014-11-03,2014,novembre,lundi,20:20,28,28085,48.42895,1.50546,2,1,3,5,3,3,2,02,1,1,000,000,2,0,1,4,1,32,1,1,4,00,2,1,1,201400021774B01,7,15,1
201400021778,2014-03-06,2014,mars,jeudi,15:25,28,28220,48.42959,1.4811,2,3,3,1,1,3,2,02,1,1,000,000,1,0,1,4,1,25,0,1,2,00,2,3,0,201400021778A01,7,0,1
201400021796,2014-11-27,2014,novembre,jeudi,12:00,28,28085,48.45297,1.48852,2,1,1,1,1,3,2,03,1,1,000,000,1,0,1,4,2,52,5,1,2,00,0,0,0,201400021796B01,7,12,1
201400021800,2014-03-11,2014,mars,mardi,83:0,28,28085,48.44526,1.49648,2,2,3,2,1,3,2,02,1,1,010,035,1,0,1,4,2,58,1,1,9,00,2,2,19,201400021800B01,7,1,1
201400021820,2014-12-16,2014,décembre,mardi,70:5,28,28085,48.46665,1.46532,1,6,6,3,1,2,3,04,1,2,000,000,1,0,1,3,1,50,0,1,9,00,0,0,0,201400021820B01,7,9,1
201400021821,2014-04-11,2014,avril,vendredi,95:0,28,28085,48.44421,1.48359,2,6,3,1,1,4,1,00,-1,1,000,000,1,6,1,4,2,44,5,1,2,00,1,8,19,201400021821B01,7,1,1
201400021826,2014-12-19,2014,décembre,vendredi,12:43,28,28085,48.44367,1.48377,2,6,3,1,1,4,2,04,1,2,000,000,1,0,0,4,1,21,5,1,2,00,2,7,19,201400021826B01,7,1,1
201400021827,2014-04-15,2014,avril,mardi,16:35,28,28085,48.43465,1.48459,2,1,2,1,1,4,2,01,1,1,000,000,1,0,1,4,1,17,2,1,2,00,0,6,0,201400021827B01,7,0,1
201400021835,2014-12-27,2014,décembre,samedi,17:40,28,28085,0,0,2,9,6,2,2,4,2,02,1,1,000,070,2,0,1,4,1,51,5,1,9,00,0,0,0,201400021835B01,7,13,1
201400021840,2014-05-10,2014,mai,samedi,18:40,28,28085,48.44148,1.4744,2,1,3,1,1,4,2,02,1,1,000,000,1,0,1,3,1,56,5,1,8,00,2,1,2,201400021840B01,7,16,1
201400021842,2014-05-11,2014,mai,dimanche,11:50,28,28085,48.45858,1.48797,2,2,3,1,1,3,2,00,1,1,000,000,1,0,1,4,1,45,5,1,2,00,2,1,15,201400021842B01,7,1,1
201400021857,2014-06-20,2014,juin,vendredi,23:50,28,28085,48.44469,1.49173,2,1,2,5,1,4,1,01,2,1,000,030,1,0,1,4,1,25,0,1,9,00,0,4,5,201400021857B01,7,5,1
201400021864,2014-07-16,2014,juillet,mercredi,14:55,28,28085,48.43693,1.48967,2,2,3,1,1,4,1,01,1,1,000,000,1,0,1,4,1,64,0,1,9,00,2,1,1,201400021864B01,7,1,1
201400021866,2014-07-18,2014,juillet,vendredi,17:35,28,28085,48.4521,1.52685,2,9,3,1,1,9,1,00,1,1,000,052,1,0,1,4,1,14,5,1,9,00,2,1,19,201400021866B01,7,1,1
201400021872,2014-07-25,2014,juillet,vendredi,17:40,28,28085,48.4374,1.48465,2,2,3,1,1,4,2,01,2,1,000,060,1,0,1,4,1,24,5,1,9,00,2,7,1,201400021872B01,7,1,1
201400021896,2014-09-12,2014,septembre,vendredi,18:30,28,28085,48.43383,1.49297,2,1,3,1,1,3,2,02,1,1,000,000,1,2,1,4,2,55,0,1,9,00,0,0,0,201400021896A01,7,0,1
201400021905,2014-07-15,2014,juillet,mardi,93:0,42,42233,46.06707,3.92185,2,2,5,1,1,3,2,02,1,1,060,060,1,5,1,3,2,46,5,1,1,00,2,0,23,201400021905B02,7,19/1,2
201400021925,2014-03-20,2014,mars,jeudi,20:05,28,28134,48.75059,1.36091,2,3,3,2,1,4,2,02,1,1,000,070,1,0,1,4,1,16,5,1,9,00,2,1,5,201400021925A01,7,0,1
201400021936,2014-05-19,2014,mai,lundi,14:45,28,28134,48.73332,1.35516,2,1,2,1,1,3,2,02,2,1,000,075,1,0,1,4,1,68,5,1,2,00,2,6,2,201400021936B01,3,2,1
201400021945,2014-07-04,2014,juillet,vendredi,65:5,28,28134,48.73648,1.37218,2,2,3,1,1,4,2,02,1,1,000,050,1,0,1,3,1,23,5,1,9,00,2,1,1,201400021945A01,7,1,1
201400022108,2014-08-14,2014,août,jeudi,14:15,12,12201,0,0,1,1,3,1,1,3,2,02,1,4,000,060,2,0,1,3,1,12,5,1,2,00,2,3,19,201400022108A01,7,1,1
201400022113,2014-05-29,2014,mai,jeudi,12:30,64,64410,43.388,-0.611,2,6,1,1,1,3,4,00,-1,3,000,000,1,0,5,1,1,18,0,1,1,00,2,1,5,201400022113B02,1,1,1
201400022113,2014-05-29,2014,mai,jeudi,12:30,64,64410,43.388,-0.611,2,6,1,1,1,3,4,00,-1,3,000,000,1,0,5,3,1,49,5,1,2,00,2,1,1,201400022113A01,1,5,1
201400022114,2014-06-11,2014,juin,mercredi,16:45,64,64396,43.446,-0.667,1,1,2,1,1,3,2,02,1,1,000,000,1,0,1,3,1,57,5,1,2,00,2,4,2,201400022114B02,7,2,1
201400022118,2014-06-05,2014,juin,jeudi,13:30,68,68300,47.77894,7.36819,2,1,3,1,1,4,2,02,1,1,000,070,1,0,1,3,2,42,1,1,2,00,2,8,19,201400022118B02,7,1,1
201400022123,2014-06-30,2014,juin,lundi,10:45,01,01157,46.0296,4.75425,1,1,3,1,1,3,3,02,1,1,000,061,1,0,1,4,1,79,5,1,2,00,2,3,15,201400022123B02,7,17,1
201400022135,2014-02-03,2014,février,lundi,18:05,29,29019,48.39039,-4.48607,2,3,3,2,2,4,-1,02,2,1,000,000,2,0,1,4,1,52,1,1,2,00,2,1,15,201400022135B01,7,9,1
201400022141,2014-02-27,2014,février,jeudi,10:05,29,29019,48.39035,-4.52693,2,1,6,1,1,9,2,02,1,1,000,000,1,0,4,3,1,48,9,1,9,15,0,0,0,201400022141A01,,,
201400022146,2014-03-13,2014,mars,jeudi,90:0,29,29019,48.38869,-4.48027,2,3,3,1,5,9,2,02,1,3,000,000,1,5,1,4,2,29,9,1,9,00,2,1,1,201400022146B01,7,9,1
201400022177,2014-05-26,2014,mai,lundi,16:40,29,29019,48.40262,-4.46556,2,1,6,1,1,4,2,02,2,1,000,000,1,0,1,1,1,46,1,1,2,00,1,1,1,201400022177A01,,,
201400022185,2014-06-18,2014,juin,mercredi,17:53,29,29019,48.40706,-4.49465,2,2,3,1,1,4,2,02,1,1,000,000,1,0,1,4,2,32,0,1,9,00,2,1,1,201400022185A01,7,1,1
201400022186,2014-06-19,2014,juin,jeudi,84:0,29,29019,48.39656,-4.46444,2,3,3,1,1,4,2,02,1,1,000,000,1,0,1,4,2,53,1,1,2,00,2,1,1,201400022186B01,7,15,1
201400022189,2014-06-23,2014,juin,lundi,18:45,29,29019,48.4068,-4.47551,2,6,3,1,1,4,2,02,1,2,000,000,1,0,1,4,1,55,0,1,2,00,2,1,5,201400022189A01,7,1,1
201400022193,2014-06-27,2014,juin,vendredi,11:55,29,29019,48.38432,-4.48403,2,6,3,1,1,9,2,02,1,1,000,000,1,5,1,3,1,25,0,1,9,00,2,1,9,201400022193B01,7,9,1
201400022208,2014-08-05,2014,août,mardi,18:10,29,29019,48.38733,-4.49213,2,3,3,1,1,4,2,02,2,1,000,000,1,0,4,4,2,65,5,1,2,00,2,1,0,201400022208A01,7,16,1
201400022220,2014-09-10,2014,septembre,mercredi,75:5,29,29019,48.40088,-4.45133,2,6,6,1,1,9,2,02,2,1,000,000,1,5,1,4,1,37,1,1,9,00,2,2,1,201400022220B01,7,9,1
201400022222,2014-09-11,2014,septembre,jeudi,13:00,29,29019,48.41004,-4.46289,2,1,3,1,1,4,1,02,1,2,000,000,1,0,1,4,2,56,1,1,2,00,2,1,1,201400022222B01,7,9,1
201400022230,2014-09-26,2014,septembre,vendredi,75:5,29,29019,48.39124,-4.48143,2,1,3,2,1,9,2,02,1,2,000,000,1,0,1,4,1,48,1,1,2,00,2,1,1,201400022230B01,7,10,1
201400022232,2014-09-28,2014,septembre,dimanche,10:20,29,29019,48.40268,-4.4944,2,2,3,1,1,9,2,00,-1,1,000,000,1,0,1,4,2,22,5,1,2,00,2,1,1,201400022232A01,7,1,1
201400022250,2014-10-22,2014,octobre,mercredi,21:45,29,29019,48.38725,-4.49019,2,1,7,4,1,4,2,00,-1,1,000,000,-1,0,0,3,1,28,0,1,2,05,0,0,0,201400022250A01,,,
201400022258,2014-11-03,2014,novembre,lundi,13:20,29,29019,0,0,2,1,7,1,1,4,-1,02,-1,-1,000,000,-1,0,1,3,1,26,0,1,9,00,0,1,0,201400022258A01,,,
201400022391,2014-02-02,2014,février,dimanche,11:30,29,29051,47.99638,-4.02738,1,6,3,1,1,4,1,00,2,2,000,000,2,0,1,4,1,52,5,1,2,00,2,1,0,201400022391B01,7,1,1
201400022417,2014-04-15,2014,avril,mardi,15:55,29,29232,47.98693,-4.07406,2,1,6,1,1,3,1,02,1,2,000,000,1,0,1,4,1,46,0,1,2,00,0,0,1,201400022417B01,7,0,1
201400022418,2014-04-16,2014,avril,mercredi,13:35,29,29232,47.99601,-4.10529,2,1,6,1,1,4,1,01,2,1,000,000,1,6,1,4,1,54,0,1,9,00,1,1,0,201400022418A01,,,
201400022432,2014-05-13,2014,mai,mardi,18:38,29,29232,48.02313,-4.08458,2,3,3,1,1,4,2,02,1,-1,000,000,1,0,1,4,1,21,0,1,9,00,2,1,9,201400022432A01,7,1,1
201400022437,2014-05-22,2014,mai,jeudi,17:00,29,29232,47.98601,-4.05973,2,1,6,1,2,4,-1,00,1,-1,000,000,2,5,1,4,1,11,2,1,2,00,0,0,0,201400022437B01,14,0,1
201400022439,2014-05-25,2014,mai,dimanche,17:00,29,29232,47.98312,-4.12907,2,1,7,1,1,4,2,02,1,1,000,000,1,0,5,4,2,62,0,1,9,01,0,0,1,201400022439B01,7,22,1
201400022441,2014-05-28,2014,mai,mercredi,18:30,29,29232,47.97534,-4.13246,2,9,3,1,1,4,2,00,2,1,000,000,1,0,1,3,1,7,5,1,2,00,2,0,0,201400022441B01,7,0,1
201400022463,2014-07-17,2014,juillet,jeudi,11:35,29,29232,48.01542,-4.10533,2,1,6,1,1,4,2,02,-1,-1,000,000,-1,0,1,4,1,60,0,1,2,00,2,0,0,201400022463B01,7,1,1
201400022467,2014-07-30,2014,juillet,mercredi,16:25,29,29232,47.97016,-4.12731,1,3,6,1,1,3,2,02,2,1,000,000,1,0,1,4,2,63,5,1,2,00,2,1,2,201400022467A01,7,16,1
201400022477,2014-08-23,2014,août,samedi,13:10,29,29232,47.99917,-4.13323,2,3,6,1,1,4,-1,00,-1,-1,000,000,-1,0,0,4,1,39,5,1,2,00,2,7,1,201400022477B01,7,15,1
201400022485,2014-09-10,2014,septembre,mercredi,18:00,29,29232,47.98872,-4.10135,2,3,1,1,1,4,-1,00,-1,-1,000,000,-1,0,0,4,1,9,5,1,2,00,2,3,1,201400022485B01,7,1,1
201400022568,2014-12-02,2014,décembre,mardi,11:35,30,30007,44.12661,4.0735,2,1,3,1,1,2,2,02,1,1,000,000,1,2,1,3,1,59,5,1,2,00,2,8,19,201400022568B01,7,1,1
201400022590,2014-08-05,2014,août,mardi,18:10,30,30028,44.16883,4.61941,2,1,3,1,1,3,1,02,1,2,000,089,1,0,1,3,1,44,1,1,2,00,2,1,2,201400022590Y01,13,2,1
201400022628,2014-02-24,2014,février,lundi,14:20,30,30189,0,0,2,1,6,1,1,4,2,02,1,1,000,000,1,0,1,4,1,36,1,1,9,00,2,8,1,201400022628B01,7,0,1
201400022654,2014-04-04,2014,avril,vendredi,11:45,30,30189,43.8321,4.36256,2,2,3,1,1,4,1,01,1,1,000,040,1,0,0,4,1,39,0,1,9,00,2,7,5,201400022654A01,7,1,1
201400022659,2014-04-08,2014,avril,mardi,21:10,30,30189,43.83274,4.35266,2,2,3,5,1,4,1,01,1,1,000,047,1,0,1,4,1,37,5,1,9,00,2,4,1,201400022659A01,7,1,1
201400022684,2014-05-13,2014,mai,mardi,20:00,30,30189,43.83128,4.36428,2,2,1,1,1,4,2,02,-1,-1,000,040,1,0,0,3,1,50,0,1,9,00,2,1,7,201400022684A01,7,15,1
201400022689,2014-05-22,2014,mai,jeudi,10:05,30,30189,43.82511,4.36183,2,5,3,1,1,4,2,02,-1,-1,000,000,1,0,1,4,1,82,0,1,9,00,2,7,0,201400022689B01,7,0,1
201400022692,2014-05-31,2014,mai,samedi,95:5,30,30189,43.82662,4.36616,2,2,3,1,1,4,2,01,-1,1,000,055,1,0,0,3,1,66,0,1,9,00,2,0,5,201400022692A01,7,1,1
201400022695,2014-06-06,2014,juin,vendredi,18:40,30,30189,43.84986,4.36542,1,1,3,1,1,4,2,02,1,1,000,000,1,0,0,4,1,42,0,1,2,00,2,1,1,201400022695B01,7,20,1
201400022699,2014-06-09,2014,juin,lundi,45:,30,30189,43.82684,4.35311,2,2,3,5,1,4,1,03,1,1,000,100,1,0,1,4,1,21,0,1,2,00,2,0,1,201400022699B01,7,1,1
201400022714,2014-07-01,2014,juillet,mardi,12:40,30,30189,43.82885,4.36286,2,1,3,1,1,4,2,02,1,1,000,068,1,0,1,4,2,44,0,1,9,00,2,1,19,201400022714B01,7,10,1
201400022725,2014-07-16,2014,juillet,mercredi,72:5,30,30189,43.82806,4.34772,2,3,3,1,1,4,1,01,2,1,000,073,1,0,1,3,1,18,0,1,2,00,2,1,1,201400022725A01,7,1,1
201400022738,2014-08-11,2014,août,lundi,21:35,30,30189,43.8297,4.35226,2,3,6,5,1,4,1,02,1,1,000,060,1,0,1,3,2,13,5,1,2,00,2,7,19,201400022738B01,7,1,1
201400022740,2014-08-15,2014,août,vendredi,15:,30,30189,43.84046,4.3594,2,1,3,5,1,4,3,02,1,1,000,096,1,0,1,4,1,47,0,1,9,00,2,7,19,201400022740A01,34,1,1
201400022750,2014-09-11,2014,septembre,jeudi,21:00,30,30189,43.84364,4.39124,2,3,6,5,1,4,-1,01,-1,-1,000,000,-1,0,0,4,1,17,0,1,4,00,2,1,0,201400022750B01,7,0,1
201400022769,2014-09-30,2014,septembre,mardi,15:15,30,30189,43.83217,4.358,2,2,3,1,1,4,2,02,1,1,000,080,1,0,1,4,1,22,0,1,4,00,2,1,5,201400022769A01,7,1,1
201400022773,2014-10-06,2014,octobre,lundi,15:50,30,30189,43.82436,4.36926,2,6,3,1,1,4,2,04,1,1,000,121,1,0,1,4,2,23,0,1,2,00,2,8,5,201400022773A01,7,9,1
201400022777,2014-10-07,2014,octobre,mardi,20:10,30,30189,43.83936,4.32183,2,1,2,3,2,3,2,02,2,1,000,070,2,0,1,4,1,49,0,1,2,00,2,1,1,201400022777A01,7,1,1
201400022780,2014-10-11,2014,octobre,samedi,18:00,30,30189,43.82353,4.32787,2,6,6,1,1,2,2,04,1,1,000,156,1,0,0,4,1,12,0,1,2,00,2,4,1,201400022780B01,7,1,1
201400022781,2014-10-11,2014,octobre,samedi,22:20,30,30189,43.82947,4.32653,2,3,6,5,1,4,2,02,1,1,000,000,1,0,1,4,1,10,0,1,2,00,2,8,19,201400022781B01,7,1,1
201400022799,2014-11-06,2014,novembre,jeudi,17:55,30,30189,43.84568,4.37169,2,3,3,2,1,4,2,02,1,1,000,053,1,0,0,4,1,21,0,1,2,00,2,1,1,201400022799B01,7,15,1
201400022825,2014-12-11,2014,décembre,jeudi,17:15,30,30189,43.82324,4.36778,2,1,3,2,1,4,1,03,1,1,000,101,1,0,1,4,1,5,0,1,2,00,2,8,19,201400022825B01,7,1,1
201400022837,2014-10-31,2014,octobre,vendredi,16:45,63,63473,0,0,1,1,2,1,1,3,2,01,-1,-1,000,044,1,0,1,3,1,51,5,1,2,00,2,4,0,201400022837B02,10,2,1
201400022873,2014-05-02,2014,mai,vendredi,90:0,26,26235,44.382,4.7036,2,1,1,1,1,4,2,02,-1,2,000,048,1,0,1,3,1,73,5,1,2,00,2,1,1,201400022873B02,3,13,1
201400022877,2014-05-21,2014,mai,mercredi,20:15,26,26169,44.3799,4.6926,2,2,3,1,1,4,2,02,1,1,000,034,1,0,1,3,2,64,5,1,9,00,2,7,1,201400022877B02,7,19,1
201400022927,2014-03-09,2014,mars,dimanche,18:00,35,35337,48.31981,-1.86794,1,1,2,1,7,3,2,02,1,1,000,060,1,0,1,3,2,82,5,1,2,00,2,4,0,201400022927B02,7,2,1
201400022928,2014-03-09,2014,mars,dimanche,90:0,35,35226,48.42677,-1.89051,1,2,1,1,7,3,-1,02,1,1,000,000,1,5,1,3,2,34,0,1,2,00,2,8,1,201400022928B02,7,19,1
201400022948,2014-04-23,2014,avril,mercredi,94:5,62,62228,50.79343,1.97004,1,1,1,1,1,4,2,00,2,2,000,043,1,0,1,3,1,37,5,1,2,00,2,1,1,201400022948B02,7,1,1
201400022949,2014-08-09,2014,août,samedi,11:15,62,62057,50.87773,2.08604,2,1,1,1,1,3,2,02,1,1,000,062,1,0,1,3,1,34,5,1,2,00,2,3,1,201400022949B02,7,2,1
201400022968,2014-02-06,2014,février,jeudi,15:30,67,67493,48.343,7.321,1,1,3,1,1,3,2,01,1,1,054,080,1,0,1,3,1,40,5,1,1,00,2,8,1,201400022968B02,7,15,1
201400022969,2014-08-14,2014,août,jeudi,14:15,67,67239,0,0,1,1,1,1,1,3,2,03,1,1,000,000,1,0,1,4,1,58,5,1,2,00,2,7,15,201400022969B02,7,15,1
201400022976,2014-03-13,2014,mars,jeudi,10:59,31,31483,43.1068,0.72067,2,6,3,1,1,4,1,01,1,1,000,000,-1,5,0,4,1,78,5,1,9,00,2,5,19,201400022976B01,7,1,1
201400022991,2014-09-06,2014,septembre,samedi,16:25,31,31483,43.09889,0.70768,1,6,2,1,1,3,2,02,1,1,000,000,1,5,1,4,1,51,5,1,2,00,2,4,1,201400022991B01,7,1,1
201400022993,2014-10-21,2014,octobre,mardi,11:45,31,31483,43.11067,0.71783,2,3,2,1,1,3,2,02,1,1,000,100,1,0,1,4,1,91,5,1,9,00,0,4,1,201400022993P01,7,16,1
201400023002,2014-05-16,2014,mai,vendredi,19:15,69,69277,0,0,1,2,5,1,7,3,2,02,1,1,100,000,1,0,5,3,1,46,0,1,2,00,2,3,1,201400023002A01,7,19/23,3
201400023012,2014-01-07,2014,janvier,mardi,10:00,31,31555,0,0,2,3,3,1,1,4,2,00,1,1,000,000,1,0,1,4,2,28,0,1,4,00,2,0,0,201400023012B01,7,0,1
201400023015,2014-01-10,2014,janvier,vendredi,81:0,31,31555,0,0,2,1,6,1,1,4,2,00,1,1,000,000,1,0,1,4,1,19,0,1,2,00,2,0,0,201400023015A01,10,0,1
201400023023,2014-01-15,2014,janvier,mercredi,13:30,31,31555,0,0,2,1,3,1,1,4,2,02,2,1,000,053,1,0,1,3,1,59,1,1,2,00,0,7,1,201400023023A01,7,15,1
201400023046,2014-01-28,2014,janvier,mardi,71:0,31,31555,0,0,2,2,3,5,1,4,2,02,1,1,000,000,2,0,1,4,1,40,1,1,9,00,2,4,0,201400023046B01,7,0,1
201400023066,2014-01-30,2014,janvier,jeudi,18:10,31,31555,0,0,2,3,6,5,1,4,2,00,-1,-1,000,000,-1,0,0,3,2,78,5,1,9,00,2,1,1,201400023066B01,7,22,1
201400023070,2014-02-05,2014,février,mercredi,20:05,31,31555,0,0,2,1,3,5,1,4,2,00,1,1,000,000,2,0,1,4,2,33,0,1,9,00,2,0,7,201400023070A01,7,1,1
201400023073,2014-02-06,2014,février,jeudi,13:55,31,31555,0,0,2,1,6,1,1,4,2,03,1,1,000,093,1,0,1,3,1,57,4,1,9,00,2,0,0,201400023073A01,7,0,1
201400023124,2014-03-13,2014,mars,jeudi,18:20,31,31555,0,0,2,1,6,1,1,3,3,04,1,1,013,079,1,0,1,4,2,19,5,1,2,00,2,7,12,201400023124A01,32,1,1
201400023138,2014-03-20,2014,mars,jeudi,83:2,31,31555,0,0,2,2,2,1,1,4,1,04,1,1,000,136,1,2,1,4,2,47,1,1,2,00,2,1,1,201400023138B01,32,16,1