Num_Acc,date,an,mois,jour,hrmn,dep,com,lat,long,agg,int,col,lum,atm,catr,circ,nbv,prof,plan,lartpc,larrout,surf,infra,situ,grav,sexe,age,trajet,secuexist,equipement,obs,obsm,choc,manv,vehiculeid,typevehicules,manoeuvehicules,numVehicules
201400023141,2014-03-21,2014,mars,vendredi,82:5,31,31555,0,0,2,3,3,1,1,4,1,01,1,1,000,000,1,0,5,4,2,62,1,1,9,00,2,1,1,201400023141B01,7,15,1
201400023147,2014-03-24,2014,mars,lundi,19:40,31,31555,0,0,2,3,5,5,3,4,-1,00,1,1,000,000,2,0,0,4,1,41,0,1,9,00,2,0,0,201400023147A01,7,0,2
201400023164,2014-04-01,2014,avril,mardi,11:40,31,31555,0,0,2,1,3,1,1,4,2,00,1,1,000,000,1,0,1,3,1,62,5,1,9,00,2,0,0,201400023164A01,7,0,1
201400023168,2014-04-03,2014,avril,jeudi,17:30,31,31555,0,0,2,1,1,1,1,4,2,00,1,1,000,000,1,0,1,4,1,32,0,1,9,00,2,0,0,201400023168B01,7,0,1
201400023176,2014-04-07,2014,avril,lundi,70:0,31,31149,43.61027,1.34854,2,1,2,1,1,4,2,00,1,1,000,000,1,0,1,1,1,49,0,1,4,04,2,3,0,201400023176B01,32,0,1
201400023185,2014-04-11,2014,avril,vendredi,65:5,31,31149,43.60496,1.3069,1,1,1,1,1,3,1,02,1,2,000,090,1,0,1,4,1,29,0,1,2,00,2,0,0,201400023185B01,7,0,1
201400023191,2014-04-13,2014,avril,dimanche,18:20,31,31555,0,0,2,9,6,1,1,4,1,01,1,1,000,000,1,0,1,4,1,7,0,1,2,00,2,0,19,201400023191B01,7,1,1
201400023201,2014-04-16,2014,avril,mercredi,20:00,31,31149,43.60963,1.33927,2,2,1,1,1,4,,,1,1,,,1,,1,4,1,61,0,1,4,00,0,0,0,201400023201B01,7,0,1
201400023207,2014-04-23,2014,avril,mercredi,18:15,31,31555,0,0,2,1,3,1,1,4,2,02,1,1,000,070,1,0,1,4,2,8,5,1,2,00,2,0,0,201400023207B01,7,1,1
201400023213,2014-04-28,2014,avril,lundi,90:0,31,31069,43.63437,1.39135,2,1,3,1,1,4,2,00,1,1,000,000,1,0,1,4,1,29,0,1,4,00,2,0,0,201400023213A01,7,0,1
201400023219,2014-04-30,2014,avril,mercredi,23:55,31,31555,0,0,2,3,6,5,1,4,2,00,1,1,000,000,1,0,1,4,2,24,9,1,9,00,2,1,0,201400023219A01,7,0,1
201400023232,2014-05-14,2014,mai,mercredi,71:5,31,31555,0,0,2,1,3,1,1,4,2,00,1,1,000,000,1,0,1,4,1,33,0,1,2,00,2,0,0,201400023232B01,7,0,1
201400023236,2014-05-16,2014,mai,vendredi,74:5,31,31149,43.60942,1.33018,2,1,1,1,1,4,2,00,1,1,000,000,1,0,1,4,1,58,0,1,2,00,2,0,0,201400023236B01,7,0,1
201400023244,2014-05-18,2014,mai,dimanche,17:25,31,31555,0,0,2,1,3,1,1,4,2,00,1,1,000,000,1,0,1,3,1,36,0,1,4,00,0,0,0,201400023244B01,7,0,1
201400023252,2014-04-18,2014,avril,vendredi,13:40,31,31555,0,0,2,1,6,1,1,4,2,00,1,1,000,000,1,0,1,1,1,18,0,1,9,00,1,1,1,201400023252A01,,,
201400023253,2014-05-16,2014,mai,vendredi,14:00,31,31555,0,0,2,1,6,1,1,4,2,01,1,1,000,056,1,0,5,3,1,30,1,1,9,01,0,1,2,201400023253B01,7,22,1
201400023254,2014-05-18,2014,mai,dimanche,17:30,31,31555,0,0,2,1,6,1,1,4,2,03,1,1,000,000,1,0,1,4,2,35,5,1,9,00,2,8,5,201400023254B01,10,16,1
201400023259,2014-05-24,2014,mai,samedi,23:45,31,31555,0,0,2,6,6,5,1,4,1,00,1,1,000,000,1,0,1,3,2,22,5,1,9,00,2,0,1,201400023259B01,7,0,1
201400023315,2014-06-20,2014,juin,vendredi,16:20,31,31555,0,0,2,1,3,1,1,4,2,00,1,1,000,000,1,0,1,1,1,24,0,1,9,00,0,0,0,201400023315B01,33,0,1
201400023319,2014-06-24,2014,juin,mardi,90:0,31,31555,0,0,2,1,6,1,1,4,2,00,1,1,000,000,1,0,1,4,1,51,1,1,9,00,1,0,0,201400023319A01,,,
201400023319,2014-06-24,2014,juin,mardi,90:0,31,31555,0,0,2,1,6,1,1,4,2,00,1,1,000,000,1,0,1,4,2,26,1,1,9,00,1,0,0,201400023319A01,,,
201400023320,2014-06-24,2014,juin,mardi,13:30,31,31555,0,0,2,1,5,1,1,4,2,00,1,1,000,000,1,0,1,4,1,50,4,1,2,00,2,0,0,201400023320B01,7,0,1
201400023320,2014-06-24,2014,juin,mardi,13:30,31,31555,0,0,2,1,5,1,1,4,2,00,1,1,000,000,1,0,1,4,1,42,4,1,2,00,2,0,0,201400023320C01,7,0,1
201400023326,2014-06-28,2014,juin,samedi,20:30,31,31555,0,0,2,1,3,1,1,4,2,00,1,1,000,000,1,0,1,4,1,15,0,1,4,00,0,0,0,201400023326A01,7,0,1
201400023330,2014-07-01,2014,juillet,mardi,12:15,31,31555,0,0,2,3,3,1,1,4,1,01,1,1,000,000,1,0,0,4,2,41,5,1,4,00,2,0,1,201400023330B01,7,1,1
201400023332,2014-07-01,2014,juillet,mardi,11:20,31,31555,0,0,2,1,3,1,1,4,2,00,1,1,000,000,1,0,1,4,2,21,0,1,4,00,2,0,0,201400023332B01,7,0,1
201400023333,2014-07-01,2014,juillet,mardi,15:10,31,31149,43.61325,1.32251,2,1,6,1,1,4,2,00,1,1,000,000,1,0,1,4,1,75,0,1,4,00,1,0,0,201400023333A01,,,
201400023333,2014-07-01,2014,juillet,mardi,15:10,31,31149,43.61325,1.32251,2,1,6,1,1,4,2,00,1,1,000,000,1,0,1,4,1,15,0,1,9,00,1,0,0,201400023333A01,,,
201400023335,2014-07-02,2014,juillet,mercredi,21:17,31,31555,0,0,2,8,3,2,1,4,2,02,1,1,000,000,1,0,1,3,1,14,0,1,4,00,2,1,0,201400023335B01,33,1,1
201400023352,2014-07-14,2014,juillet,lundi,15:15,31,31555,0,0,2,1,1,1,1,4,2,02,1,-1,000,044,1,0,0,3,2,42,5,1,2,00,2,0,0,201400023352B01,30,0,1
201400023363,2014-07-22,2014,juillet,mardi,15:35,31,31555,0,0,2,1,3,1,1,4,2,00,1,1,000,000,1,0,1,4,2,28,0,1,4,00,2,0,0,201400023363B01,7,0,1
201400023365,2014-07-22,2014,juillet,mardi,20:10,31,31555,0,0,2,6,3,1,1,4,2,02,1,1,000,000,1,0,1,4,1,19,0,1,4,00,2,1,5,201400023365A01,7,1,1
201400023377,2014-08-01,2014,août,vendredi,18:15,31,31555,0,0,2,1,2,1,1,4,-1,00,1,1,000,000,1,0,1,4,1,69,0,1,4,00,2,0,0,201400023377B01,7,0,1
201400023416,2014-08-28,2014,août,jeudi,11:25,31,31149,43.6061,1.32785,2,3,6,1,1,4,,,,,,,,,1,4,2,66,5,1,9,00,2,1,1,201400023416B01,7,15,1
201400023442,2014-09-11,2014,septembre,jeudi,13:10,31,31555,0,0,2,2,3,1,1,4,2,00,1,1,000,000,1,0,1,1,1,22,0,1,4,00,0,0,0,201400023442A01,7,0,1
201400023447,2014-09-12,2014,septembre,vendredi,16:50,31,31555,0,0,2,1,2,1,1,4,2,00,1,3,000,000,1,0,1,4,1,57,0,1,2,00,2,4,0,201400023447B01,7,0,1
201400023451,2014-09-11,2014,septembre,jeudi,83:0,31,31557,43.58991,1.37632,2,1,3,1,1,3,2,00,1,-1,000,000,1,0,0,4,2,32,0,1,4,00,2,0,0,201400023451A01,7,0,1
201400023455,2014-09-12,2014,septembre,vendredi,17:55,31,31069,43.62526,1.39811,2,1,1,1,1,3,2,00,1,1,000,000,1,0,1,4,1,32,0,1,2,00,2,0,0,201400023455B01,7,0,1
201400023461,2014-09-22,2014,septembre,lundi,11:25,31,31555,0,0,2,1,3,1,1,4,2,00,1,1,000,000,1,0,1,4,1,82,5,1,4,00,2,0,1,201400023461B01,33,0,1
201400023464,2014-09-23,2014,septembre,mardi,55:5,31,31557,43.58851,1.35881,2,6,3,1,1,3,2,00,1,1,000,000,1,0,1,4,1,32,0,1,4,00,2,0,0,201400023464B01,7,0,1
201400023484,2014-09-29,2014,septembre,lundi,84:0,31,31555,0,0,2,2,3,1,1,4,2,02,1,1,000,065,1,0,1,4,1,49,1,1,4,00,2,8,1,201400023484B01,7,15,1
201400023499,2014-10-04,2014,octobre,samedi,10:00,31,31555,0,0,2,1,3,1,1,4,2,02,1,1,000,000,1,0,0,4,1,40,5,1,9,00,2,0,0,201400023499B01,7,0,1
201400023511,2014-10-07,2014,octobre,mardi,23:00,31,31555,0,0,2,1,3,5,1,4,1,03,1,2,000,000,1,0,0,4,1,42,0,1,2,00,2,1,0,201400023511B01,7,0,1
201400023513,2014-10-08,2014,octobre,mercredi,81:8,31,31555,0,0,2,1,3,4,1,4,-1,01,1,1,000,066,1,0,1,4,1,10,0,1,2,00,2,0,0,201400023513A01,10,0,1
201400023516,2014-10-08,2014,octobre,mercredi,80:5,31,31149,43.61399,1.35304,2,6,3,1,1,4,1,02,1,2,000,070,1,0,0,4,1,41,0,1,2,00,2,0,0,201400023516B01,7,0,1
201400023525,2014-10-14,2014,octobre,mardi,17:45,31,31555,0,0,2,1,3,4,1,4,2,02,2,1,000,000,1,0,1,3,2,52,0,1,2,00,2,8,1,201400023525B01,7,0,1
201400023526,2014-10-15,2014,octobre,mercredi,72:5,31,31555,0,0,2,1,3,2,1,4,2,02,1,1,000,000,1,0,5,4,1,25,4,1,2,00,2,0,0,201400023526A01,33,0,1
201400023527,2014-10-15,2014,octobre,mercredi,75:5,31,31555,0,0,2,1,3,2,1,4,1,03,1,1,000,000,1,0,0,4,1,60,0,1,2,00,2,0,0,201400023527B01,7,0,1
201400023529,2014-10-15,2014,octobre,mercredi,13:55,31,31555,0,0,2,1,1,1,1,4,2,01,1,1,000,000,1,0,1,4,2,54,0,1,4,00,2,1,21,201400023529A01,34,0,1
201400023531,2014-10-15,2014,octobre,mercredi,16:00,31,31555,0,0,2,1,3,1,1,4,2,00,1,-1,000,000,1,0,1,4,1,30,1,1,4,00,2,0,0,201400023531A01,7,0,1
201400023534,2014-10-19,2014,octobre,dimanche,41:5,31,31555,0,0,2,1,2,5,1,4,2,03,1,1,000,000,1,0,1,4,1,32,5,1,2,00,2,0,0,201400023534A01,7,0,1
201400023557,2014-10-29,2014,octobre,mercredi,80:5,31,31555,0,0,2,1,3,1,1,4,2,02,1,1,000,000,1,0,0,3,1,61,5,1,9,00,2,0,0,201400023557B01,7,0,1
201400023562,2014-10-29,2014,octobre,mercredi,18:30,31,31555,0,0,2,2,3,5,1,4,2,03,1,1,000,000,1,0,1,4,1,22,0,1,9,00,2,0,0,201400023562A01,7,0,1
201400023582,2014-11-14,2014,novembre,vendredi,18:45,31,31555,0,0,2,1,3,5,3,4,1,02,1,1,000,000,2,6,0,4,1,31,1,1,2,00,2,8,0,201400023582B01,7,2,1
201400023596,2014-11-19,2014,novembre,mercredi,12:40,31,31555,0,0,2,1,3,1,1,4,2,03,1,3,000,000,1,0,0,4,1,64,0,1,4,00,2,4,0,201400023596B01,7,0,1
201400023597,2014-11-19,2014,novembre,mercredi,14:15,31,31555,0,0,1,1,3,1,1,1,1,02,1,1,000,000,1,0,1,4,1,18,0,1,2,00,2,0,0,201400023597A01,7,0,1
201400023600,2014-11-20,2014,novembre,jeudi,18:05,31,31555,0,0,2,1,3,5,1,4,2,03,1,1,000,000,1,0,0,4,1,18,0,1,4,00,2,0,0,201400023600B01,7,0,1
201400023602,2014-11-21,2014,novembre,vendredi,10:20,31,31555,0,0,2,1,6,1,1,4,1,03,1,1,000,000,1,0,0,1,1,24,0,1,2,00,1,1,0,201400023602A01,,,
201400023607,2014-11-20,2014,novembre,jeudi,85:0,31,31555,0,0,2,1,3,1,1,4,2,02,1,1,000,000,1,0,0,4,2,55,1,1,2,00,2,0,0,201400023607B01,10,0,1
201400023614,2014-11-25,2014,novembre,mardi,17:00,31,31555,0,0,2,1,2,1,1,4,-1,00,1,1,000,000,1,0,1,4,1,34,0,1,9,01,2,0,0,201400023614B01,7,0,1
201400023616,2014-11-25,2014,novembre,mardi,19:05,31,31555,0,0,2,1,6,5,1,4,-1,00,1,1,000,000,-1,0,0,4,2,58,0,1,4,00,1,0,0,201400023616A01,,,
201400023616,2014-11-25,2014,novembre,mardi,19:05,31,31555,0,0,2,1,6,5,1,4,-1,00,1,1,000,000,-1,0,0,4,1,57,0,1,9,00,1,0,0,201400023616A01,,,
201400023645,2014-12-11,2014,décembre,jeudi,16:45,31,31069,43.63738,1.39073,2,6,3,1,2,4,1,01,1,3,000,000,2,0,1,4,1,44,5,1,4,00,2,1,1,201400023645B01,7,1,1
201400023650,2014-12-16,2014,décembre,mardi,19:25,31,31555,0,0,2,1,1,5,1,4,2,02,2,3,000,000,1,0,1,4,1,31,5,1,9,00,2,1,1,201400023650B01,7,5,1
201400023681,2014-08-11,2014,août,lundi,17:15,68,68310,48.13262,7.31862,1,6,3,1,1,3,1,01,1,2,000,089,1,5,1,3,1,50,5,1,2,00,2,1,1,201400023681B02,7,16,1
201400023787,2014-12-16,2014,décembre,mardi,18:40,32,32013,43.6645,0.59539,1,1,3,5,2,4,2,02,1,1,000,000,2,0,1,4,1,49,0,1,9,00,0,7,19,201400023787B01,7,1,1
201400023833,2014-03-17,2014,mars,lundi,15:15,33,33529,0,0,1,1,1,1,1,3,2,02,1,2,000,070,1,0,1,4,1,60,5,1,2,00,9,1,1,201400023833B01,34,1,1
201400023850,2014-08-25,2014,août,lundi,15:30,33,33529,0,0,1,1,6,1,1,9,2,02,1,1,000,069,1,0,5,3,1,68,5,1,9,00,1,1,1,201400023850A01,,,
201400023850,2014-08-25,2014,août,lundi,15:30,33,33529,0,0,1,1,6,1,1,9,2,02,1,1,000,069,1,0,5,4,2,17,5,1,9,00,1,1,1,201400023850A01,,,
201400023851,2014-09-08,2014,septembre,lundi,10:14,33,33529,0,0,1,1,6,1,1,4,1,02,1,3,000,087,1,0,1,3,2,64,5,1,2,00,2,1,1,201400023851B01,10,16,1
201400023855,2014-09-25,2014,septembre,jeudi,17:30,33,33009,0,0,2,2,3,1,1,4,1,01,1,1,000,060,1,0,1,4,1,16,2,1,9,00,2,1,1,201400023855A01,10,1,1
201400023859,2014-10-16,2014,octobre,jeudi,19:45,33,33529,0,0,2,1,6,5,1,4,2,02,1,1,000,073,1,0,1,4,2,57,5,1,2,00,2,1,1,201400023859A01,7,9,1
201400023860,2014-10-25,2014,octobre,samedi,12:10,33,33009,0,0,2,2,3,1,1,4,2,02,1,1,000,059,1,0,1,4,2,22,5,1,9,00,2,1,1,201400023860A01,7,1,1
201400023864,2014-11-27,2014,novembre,jeudi,93:0,33,33009,0,0,1,1,3,1,1,4,1,01,1,1,000,050,1,0,1,4,1,17,9,1,2,00,0,0,1,201400023864B01,7,1,1
201400023864,2014-11-27,2014,novembre,jeudi,93:0,33,33009,0,0,1,1,3,1,1,4,1,01,1,1,000,050,1,0,1,4,2,16,9,1,2,00,0,0,1,201400023864B01,7,1,1
201400023869,2014-08-08,2014,août,vendredi,18:15,74,74188,0,0,1,1,1,1,1,3,2,02,2,2,000,045,1,0,1,3,1,49,5,1,2,00,2,1,13,201400023869B02,7,1,1
201400023877,2014-01-02,2014,janvier,jeudi,74:5,33,33063,0,0,2,3,3,2,2,4,2,04,1,2,000,000,2,0,1,4,1,27,0,1,9,00,2,0,15,201400023877A01,7,1,1
201400023878,2014-01-02,2014,janvier,jeudi,16:50,33,33063,0,0,2,3,3,1,1,4,2,04,1,3,000,000,1,0,1,4,2,48,0,1,9,00,2,3,1,201400023878B01,10,16,1
201400023879,2014-12-31,2014,décembre,mercredi,20:00,33,33063,0,0,2,1,3,5,1,4,2,04,1,1,000,000,1,0,1,4,1,25,0,1,9,00,2,0,1,201400023879B01,7,16,1
201400023884,2014-01-02,2014,janvier,jeudi,16:30,33,33281,0,0,2,1,3,1,1,4,2,04,1,4,000,000,1,0,1,4,1,26,0,1,9,00,2,1,1,201400023884A01,10,1,1
201400023891,2014-01-12,2014,janvier,dimanche,14:45,33,33063,0,0,2,2,3,1,1,3,2,01,1,1,000,000,1,0,1,3,2,12,0,1,9,00,2,1,19,201400023891A01,7,23,1
201400023899,2014-01-12,2014,janvier,dimanche,14:06,33,33281,0,0,2,2,3,1,1,4,1,01,1,1,000,000,1,0,1,3,1,31,0,1,9,00,2,1,1,201400023899B01,7,1,1
201400023907,2014-01-16,2014,janvier,jeudi,14:50,33,33063,0,0,2,3,3,1,1,4,2,04,1,1,000,000,1,0,1,3,1,47,0,1,9,00,0,7,15,201400023907B01,7,1,1
201400023913,2014-01-10,2014,janvier,vendredi,74:0,33,33318,0,0,2,3,3,2,1,4,2,02,1,1,000,000,1,0,1,4,1,17,0,1,9,00,0,7,1,201400023913A01,7,1,1
201400023935,2014-01-20,2014,janvier,lundi,15:50,33,33200,0,0,2,6,3,1,2,4,2,02,1,3,000,000,2,5,1,4,2,13,9,1,9,00,2,1,19,201400023935A01,7,16,1
201400023937,2014-01-10,2014,janvier,vendredi,83:5,33,33522,0,0,2,1,3,1,1,4,2,04,1,1,000,000,1,4,1,4,1,61,0,1,9,00,2,6,1,201400023937B01,7,1,1
201400023942,2014-01-26,2014,janvier,dimanche,22:5,33,33063,0,0,2,4,1,5,2,4,2,03,3,2,000,120,2,0,1,3,1,22,5,1,9,00,0,0,0,201400023942B01,7,1,1
201400023948,2014-01-20,2014,janvier,lundi,14:55,33,33522,0,0,2,3,3,1,1,4,1,03,1,1,000,020,1,0,1,3,1,45,5,1,9,00,2,1,1,201400023948A01,7,1,1
201400023954,2014-01-30,2014,janvier,jeudi,13:10,33,33063,0,0,2,3,3,1,1,4,1,02,1,1,000,000,1,0,1,4,2,42,5,1,9,00,2,1,5,201400023954A01,7,16,1
201400023955,2014-01-28,2014,janvier,mardi,80:5,33,33281,0,0,2,1,3,1,2,4,2,02,1,1,000,000,2,0,1,4,1,31,0,1,9,01,0,0,1,201400023955A01,7,24,1
201400023956,2014-01-27,2014,janvier,lundi,74:5,33,33063,0,0,2,6,3,4,3,4,-1,00,-1,-1,000,000,-1,0,0,3,1,49,0,1,9,00,2,9,1,201400023956B01,7,9,1
201400023964,2014-02-03,2014,février,lundi,10:15,33,33063,0,0,2,3,6,1,1,4,1,01,1,1,000,000,1,0,0,3,1,30,0,1,9,00,2,3,1,201400023964B01,7,22,1
201400023965,2014-01-30,2014,janvier,jeudi,74:5,33,33281,0,0,2,4,6,5,1,4,2,04,1,1,000,020,2,0,1,1,1,29,0,1,9,00,1,0,1,201400023965A01,,,
201400023970,2014-02-06,2014,février,jeudi,92:0,33,33063,0,0,2,3,3,1,2,4,2,02,1,1,000,000,2,0,1,4,1,46,0,1,9,00,2,4,18,201400023970B01,7,23,1
201400023978,2014-01-30,2014,janvier,jeudi,17:37,33,33522,0,0,2,4,1,1,1,4,2,02,1,1,000,000,2,0,1,4,2,21,0,1,9,00,2,7,1,201400023978B01,7,13,1
201400023985,2014-02-04,2014,février,mardi,17:35,33,33039,0,0,2,3,3,1,1,4,2,02,1,1,000,000,1,0,1,4,1,38,0,1,9,00,2,0,1,201400023985B01,7,23,1
201400023990,2014-02-12,2014,février,mercredi,20:15,33,33063,0,0,2,2,3,5,2,4,2,02,1,1,000,000,2,0,1,1,1,22,5,1,9,00,2,6,15,201400023990B01,2,1,1
201400023999,2014-02-11,2014,février,mardi,17:40,33,33069,0,0,2,1,6,1,2,4,2,02,1,1,000,139,2,0,1,4,1,16,4,1,9,01,0,1,1,201400023999B01,7,22,1
201400024013,2014-02-24,2014,février,lundi,91:5,33,33063,0,0,2,2,5,1,1,3,2,02,1,1,000,000,1,0,1,3,1,77,5,1,9,15,1,0,1,201400024013C01,7,1,2
201400024015,2014-02-24,2014,février,lundi,16:40,33,33063,0,0,2,1,3,1,1,5,1,01,1,1,000,000,1,0,1,4,1,50,0,1,9,00,2,0,1,201400024015B01,7,17,1
201400024024,2014-02-26,2014,février,mercredi,20:05,33,33522,0,0,2,6,3,5,1,4,2,02,1,1,000,000,1,0,1,4,1,34,0,1,9,00,2,7,1,201400024024B01,7,9,1
201400024040,2014-03-05,2014,mars,mercredi,18:20,33,33318,0,0,2,6,3,2,1,4,2,02,1,3,000,000,1,0,1,4,1,60,1,1,9,00,2,1,1,201400024040B01,7,1,1
201400024054,2014-03-11,2014,mars,mardi,17:00,33,33162,0,0,2,2,3,1,1,4,2,02,1,-1,000,000,-1,0,0,4,2,14,0,1,9,00,0,7,1,201400024054A01,7,1,1
201400024055,2014-03-11,2014,mars,mardi,13:45,33,33318,0,0,2,2,3,1,1,4,1,01,2,1,000,090,1,0,1,4,1,13,2,1,9,00,2,1,5,201400024055A01,10,1,1
201400024075,2014-03-19,2014,mars,mercredi,18:40,33,33039,0,0,2,2,3,1,1,4,2,02,1,1,000,050,1,0,1,4,1,72,0,1,9,00,2,1,1,201400024075B01,7,1,1
201400024091,2014-03-24,2014,mars,lundi,17:20,33,33063,0,0,2,3,3,1,2,4,1,02,1,1,000,000,2,0,1,4,1,17,0,1,9,00,2,0,1,201400024091A01,7,16,1
201400024105,2014-04-01,2014,avril,mardi,18:50,33,33063,0,0,2,2,3,1,1,4,1,01,1,1,000,000,1,0,1,4,2,22,0,1,9,00,0,7,1,201400024105A01,7,1,1
201400024109,2014-04-03,2014,avril,jeudi,10:15,33,33063,0,0,2,4,3,1,2,4,2,02,2,1,000,000,2,0,1,4,1,32,0,1,9,00,2,1,15,201400024109B01,7,15,1
201400024122,2014-04-07,2014,avril,lundi,19:15,33,33063,0,0,2,3,3,1,1,4,2,01,1,1,000,000,1,0,1,4,2,20,0,1,9,00,0,7,0,201400024122A01,7,0,1
201400024125,2014-04-08,2014,avril,mardi,13:20,33,33063,0,0,2,2,3,1,1,4,2,03,1,1,000,000,1,4,1,4,1,25,0,1,9,00,0,2,1,201400024125A01,7,1,1
201400024128,2014-04-09,2014,avril,mercredi,10:20,33,33063,0,0,2,7,6,1,1,4,1,03,2,1,000,000,1,0,0,1,1,27,0,1,9,00,1,1,1,201400024128A01,,,
201400024128,2014-04-09,2014,avril,mercredi,10:20,33,33063,0,0,2,7,6,1,1,4,1,03,2,1,000,000,1,0,0,4,2,63,0,1,9,00,1,1,1,201400024128A01,,,
201400024133,2014-04-10,2014,avril,jeudi,93:5,33,33063,0,0,2,2,2,1,1,4,2,02,1,1,000,000,1,4,1,4,1,17,2,1,9,00,2,1,1,201400024133A01,10,23,1
201400024141,2014-04-12,2014,avril,samedi,15:05,33,33063,0,0,2,2,1,1,1,4,1,01,1,-1,000,000,1,0,0,4,2,26,0,1,9,00,0,0,5,201400024141A01,7,15,1
201400024142,2014-04-12,2014,avril,samedi,22:14,33,33063,0,0,2,1,2,5,1,4,2,04,1,1,000,162,1,4,1,3,1,26,0,1,9,00,4,4,1,201400024142B01,40,1,1
201400024155,2014-04-17,2014,avril,jeudi,17:50,33,33063,0,0,2,3,3,1,1,4,2,04,1,1,000,000,1,4,1,4,2,33,0,1,9,00,2,1,1,201400024155B01,7,22,1
201400024171,2014-04-24,2014,avril,jeudi,18:00,33,33192,0,0,2,1,3,1,1,4,1,02,1,1,000,000,1,0,1,3,2,17,0,1,9,00,2,1,5,201400024171B01,7,16,1
201400024189,2014-05-04,2014,mai,dimanche,12:15,33,33281,0,0,2,6,3,1,1,4,2,00,2,4,000,000,1,0,1,3,1,54,0,1,9,00,0,9,1,201400024189B01,7,9,1
201400024191,2014-05-05,2014,mai,lundi,91:5,33,33281,0,0,2,3,3,1,1,4,2,02,1,1,000,040,1,0,1,3,1,73,0,1,9,00,2,1,1,201400024191B01,7,15,1
201400024203,2014-05-07,2014,mai,mercredi,17:15,33,33522,0,0,2,2,3,1,1,4,2,02,1,1,000,000,1,0,1,4,1,58,1,1,9,00,2,1,16,201400024203A01,7,1,1
201400024218,2014-05-12,2014,mai,lundi,17:15,33,33522,0,0,2,1,2,1,1,4,2,02,1,2,000,000,1,0,1,3,2,21,0,1,9,00,2,0,1,201400024218A01,10,1,1
201400024226,2014-05-14,2014,mai,mercredi,21:15,33,33063,0,0,2,1,3,5,1,4,1,01,1,1,000,030,1,4,1,1,1,43,5,1,9,00,2,5,1,201400024226A01,1,19,1
201400024226,2014-05-14,2014,mai,mercredi,21:15,33,33063,0,0,2,1,3,5,1,4,1,01,1,1,000,030,1,4,1,4,1,9,0,1,9,00,2,1,19,201400024226B01,1,1,1
201400024234,2014-05-16,2014,mai,vendredi,19:50,33,33063,0,0,2,3,3,1,1,4,2,02,1,1,000,080,1,0,1,4,1,10,5,1,9,00,2,1,1,201400024234B01,7,1,1
201400024236,2014-05-14,2014,mai,mercredi,95:0,33,33318,0,0,2,3,3,1,1,4,2,02,1,1,000,000,1,0,1,4,1,18,0,1,9,00,0,9,1,201400024236B01,7,1,1
201400024238,2014-05-17,2014,mai,samedi,16:15,33,33162,0,0,2,3,3,1,1,4,2,02,1,1,000,116,1,0,1,4,1,54,0,1,9,00,2,1,1,201400024238A01,7,15,1
201400024243,2014-05-20,2014,mai,mardi,80:0,33,33550,0,0,2,1,3,1,2,4,3,04,2,1,000,120,2,0,1,4,1,15,0,1,9,00,0,3,19,201400024243B01,7,1,1
201400024255,2014-05-23,2014,mai,vendredi,14:45,33,33063,0,0,2,6,3,1,1,4,2,02,1,1,000,000,1,0,1,4,1,54,0,1,9,00,2,3,16,201400024255B01,7,16,1
201400024261,2014-05-26,2014,mai,lundi,18:30,33,33281,0,0,2,3,3,1,1,4,2,02,1,1,000,070,1,0,1,4,1,7,0,1,9,00,2,8,1,201400024261B01,7,1,1
201400024271,2014-05-30,2014,mai,vendredi,15:20,33,33281,0,0,2,1,3,1,1,4,2,02,1,1,000,055,1,0,1,3,2,23,0,1,9,00,0,0,19,201400024271A01,30,1,1
201400024275,2014-06-01,2014,juin,dimanche,14:0,33,33063,0,0,2,2,3,5,1,4,1,01,1,1,000,000,1,0,1,3,2,36,0,1,9,00,2,0,1,201400024275A01,7,1,1
201400024277,2014-06-02,2014,juin,lundi,91:0,33,33318,0,0,2,3,3,1,1,4,2,02,1,1,000,000,1,0,1,4,1,21,0,1,9,00,2,0,15,201400024277B01,7,17,1
201400024284,2014-06-05,2014,juin,jeudi,18:30,33,33063,0,0,2,2,3,1,1,4,2,02,1,1,000,000,1,0,1,3,2,41,0,1,9,00,2,1,17,201400024284A01,7,1,1
201400024285,2014-06-05,2014,juin,jeudi,83:0,33,33249,0,0,2,6,3,1,1,4,2,04,1,1,000,000,1,4,1,4,2,29,0,1,9,00,0,1,2,201400024285B01,7,1,1
201400024290,2014-06-09,2014,juin,lundi,15:40,33,33063,0,0,2,2,3,1,1,4,2,02,1,1,000,000,1,0,1,4,2,15,0,1,9,00,2,1,1,201400024290A01,7,1,1
201400024291,2014-06-09,2014,juin,lundi,18:20,33,33063,0,0,2,1,3,1,1,4,1,01,1,1,000,050,1,0,1,4,1,11,0,1,9,00,0,0,0,201400024291B01,10,1,1
201400024298,2014-06-12,2014,juin,jeudi,92:5,33,33167,0,0,2,2,3,1,1,4,1,01,1,1,000,029,1,0,1,4,1,64,5,1,8,00,0,1,1,201400024298B01,7,1,1
201400024299,2014-06-12,2014,juin,jeudi,14:25,33,33063,0,0,2,2,3,1,1,4,1,01,1,1,000,000,1,0,1,3,1,62,0,1,9,00,2,9,0,201400024299B01,7,1,1
201400024304,2014-06-13,2014,juin,vendredi,11:10,33,33039,0,0,2,3,5,1,1,4,2,02,1,1,000,064,1,0,1,3,1,64,5,1,4,00,2,3,16,201400024304A01,7,15/24,2
201400024306,2014-06-14,2014,juin,samedi,12:50,33,33063,0,0,2,3,3,1,1,4,1,03,1,1,000,000,1,4,1,4,1,15,5,1,9,00,0,7,1,201400024306A01,7,15,1
201400024311,2014-06-18,2014,juin,mercredi,73:5,33,33039,0,0,2,6,3,2,1,4,3,02,1,3,000,000,1,0,1,3,2,32,0,1,9,00,0,0,1,201400024311B01,7,9,1