Num_Acc,date,an,mois,jour,hrmn,dep,com,lat,long,agg,int,col,lum,atm,catr,circ,nbv,prof,plan,lartpc,larrout,surf,infra,situ,grav,sexe,age,trajet,secuexist,equipement,obs,obsm,choc,manv,vehiculeid,typevehicules,manoeuvehicules,numVehicules
201400024323,2014-06-21,2014,juin,samedi,23:15,33,33063,0,0,2,3,3,5,1,4,1,01,1,1,000,000,1,0,1,4,2,57,0,1,9,00,0,7,1,201400024323B01,7,23,1
201400024330,2014-06-23,2014,juin,lundi,16:45,33,33063,0,0,2,1,3,1,1,4,2,02,1,1,000,000,1,0,1,4,2,48,1,1,9,00,2,0,1,201400024330B01,37,0,1
201400024335,2014-06-25,2014,juin,mercredi,72:0,33,33318,0,0,2,3,3,1,1,4,2,02,1,1,000,000,1,0,1,4,1,47,0,1,9,00,2,1,1,201400024335B01,7,15,1
201400024357,2014-07-01,2014,juillet,mardi,23:40,33,33075,0,0,2,1,6,3,1,4,2,02,1,1,000,000,1,0,1,4,1,30,5,1,9,00,1,1,1,201400024357A01,,,
201400024358,2014-07-01,2014,juillet,mardi,12:55,33,33063,0,0,2,1,3,1,1,4,1,01,1,1,000,000,1,0,1,4,2,,0,1,9,00,2,3,5,201400024358B01,7,1,1
201400024361,2014-07-02,2014,juillet,mercredi,13:30,33,33318,0,0,2,1,3,1,1,4,3,02,1,1,010,060,1,0,1,3,1,47,0,1,9,00,2,0,19,201400024361B01,37,1,1
201400024365,2014-07-04,2014,juillet,vendredi,94:2,33,33281,0,0,2,2,3,1,1,4,2,02,1,1,000,070,1,0,1,3,1,53,0,1,9,00,2,2,1,201400024365B01,7,15,1
201400024367,2014-06-30,2014,juin,lundi,94:5,33,33167,0,0,2,6,3,1,1,3,3,04,1,1,000,000,1,0,1,4,1,54,0,1,9,00,0,7,1,201400024367B01,10,9,1
201400024371,2014-07-07,2014,juillet,lundi,12:25,33,33063,0,0,2,2,3,1,1,4,2,04,1,1,000,000,1,0,1,4,2,46,0,1,9,00,2,1,1,201400024371B01,7,15,1
201400024373,2014-07-07,2014,juillet,lundi,17:10,33,33032,0,0,2,2,3,1,1,4,2,02,1,1,000,500,1,0,1,4,1,54,5,1,9,00,2,0,1,201400024373B01,7,1,1
201400024377,2014-07-08,2014,juillet,mardi,10:00,33,33281,0,0,2,3,2,1,2,4,2,02,1,1,000,050,2,0,1,4,1,48,0,1,9,00,0,1,1,201400024377B01,10,10,1
201400024381,2014-07-07,2014,juillet,lundi,83:0,33,33281,0,0,2,2,3,1,1,4,2,03,1,1,000,110,1,0,1,4,2,32,0,1,9,00,2,2,1,201400024381A01,10,1,1
201400024389,2014-07-16,2014,juillet,mercredi,19:40,33,33069,0,0,2,2,1,1,1,4,2,02,1,1,000,000,1,0,1,3,1,15,0,1,9,00,2,1,1,201400024389B01,10,15,1
201400024409,2014-07-26,2014,juillet,samedi,74:0,33,33550,0,0,2,2,3,1,5,4,2,02,1,1,000,000,1,0,1,3,1,53,0,1,9,00,2,0,1,201400024409B01,7,15,1
201400024419,2014-07-30,2014,juillet,mercredi,10:,33,33063,0,0,1,3,2,4,1,4,2,02,1,1,000,000,1,0,1,4,1,48,0,1,4,00,0,4,1,201400024419A01,7,2,1
201400024420,2014-07-30,2014,juillet,mercredi,19:45,33,33063,0,0,2,3,3,1,1,4,2,02,1,1,000,000,1,0,1,4,1,15,0,1,9,00,0,8,15,201400024420B01,37,1,1
201400024436,2014-08-07,2014,août,jeudi,16:25,33,33119,0,0,2,4,3,1,1,4,1,01,1,1,000,028,1,0,1,3,1,17,0,1,9,00,2,1,5,201400024436A01,7,1,1
201400024437,2014-08-08,2014,août,vendredi,11:5,33,33063,0,0,2,1,7,5,1,4,2,01,1,1,000,096,1,6,1,4,1,28,5,1,9,00,0,0,1,201400024437A01,,,
201400024447,2014-08-13,2014,août,mercredi,15:00,33,33039,0,0,2,3,6,1,1,4,2,03,1,1,000,000,1,0,1,4,1,24,0,1,9,01,0,0,1,201400024447A01,7,16,1
201400024452,2014-08-17,2014,août,dimanche,18:45,33,33063,0,0,2,1,6,1,1,4,1,01,1,1,000,000,1,0,1,1,2,57,0,1,9,00,1,7,1,201400024452A01,,,
201400024452,2014-08-17,2014,août,dimanche,18:45,33,33063,0,0,2,1,6,1,1,4,1,01,1,1,000,000,1,0,1,3,2,4,5,1,9,00,1,7,1,201400024452A01,,,
201400024453,2014-08-18,2014,août,lundi,19:18,33,33063,0,0,2,2,3,1,1,4,1,01,1,1,000,000,1,0,1,3,1,18,5,1,9,00,2,0,1,201400024453A01,7,1,1
201400024464,2014-08-22,2014,août,vendredi,14:50,33,33063,0,0,2,3,3,1,1,4,2,00,1,1,000,000,1,0,1,3,1,18,0,1,9,00,0,8,1,201400024464A01,7,1,1
201400024466,2014-08-23,2014,août,samedi,20:10,33,33063,0,0,2,4,3,1,1,4,3,02,1,1,000,061,1,0,1,3,1,68,0,1,9,00,2,1,13,201400024466B01,7,1,1
201400024475,2014-08-27,2014,août,mercredi,14:30,33,33550,0,0,2,6,3,1,1,3,2,02,1,-1,000,000,1,0,1,4,2,42,1,1,9,00,4,0,19,201400024475B01,15,16,1
201400024476,2014-08-28,2014,août,jeudi,84:5,33,33281,0,0,2,3,2,1,1,4,2,02,1,1,000,000,1,0,1,3,2,54,4,1,9,00,0,4,1,201400024476B01,10,1,1
201400024485,2014-09-02,2014,septembre,mardi,17:00,33,33063,0,0,2,2,3,1,1,4,2,05,1,1,000,000,1,0,0,4,2,21,0,1,9,00,0,1,19,201400024485B01,7,1,1
201400024490,2014-09-04,2014,septembre,jeudi,75:0,33,33167,0,0,2,3,3,1,1,3,2,02,1,1,000,000,1,0,1,4,2,22,0,1,9,00,2,1,1,201400024490B01,7,16,1
201400024491,2014-09-04,2014,septembre,jeudi,92:3,33,33063,0,0,2,6,3,1,1,4,2,02,1,1,000,000,1,0,1,4,2,21,5,1,9,00,2,1,0,201400024491B01,7,0,1
201400024492,2014-09-04,2014,septembre,jeudi,80:0,33,33318,0,0,2,2,3,1,1,4,2,02,1,1,000,060,1,0,1,4,1,21,0,1,9,00,2,2,2,201400024492B01,7,1,1
201400024498,2014-09-04,2014,septembre,jeudi,16:30,33,33063,0,0,2,3,6,1,1,4,2,04,1,-1,000,000,1,0,1,1,1,20,0,1,9,00,1,0,1,201400024498A01,,,
201400024500,2014-09-05,2014,septembre,vendredi,84:0,33,33281,0,0,2,3,3,1,1,4,2,02,1,2,000,050,1,0,1,4,1,12,0,1,9,00,2,1,1,201400024500B01,7,15,1
201400024515,2014-09-09,2014,septembre,mardi,17:00,33,33063,0,0,2,1,3,1,1,4,3,06,1,1,000,000,1,0,1,4,1,21,5,1,9,00,2,1,1,201400024515B01,7,16,1
201400024516,2014-09-09,2014,septembre,mardi,16:54,33,33063,0,0,2,3,3,1,1,4,2,03,1,1,000,000,1,0,1,1,2,26,5,1,9,00,2,1,1,201400024516B01,30,13,1
201400024517,2014-09-09,2014,septembre,mardi,18:50,33,33063,0,0,2,6,3,1,1,4,2,02,1,1,000,000,-1,1,1,3,1,29,9,1,9,00,2,7,19,201400024517A01,10,16,1
201400024519,2014-09-09,2014,septembre,mardi,20:40,33,33192,0,0,2,1,5,5,1,4,3,02,1,1,047,212,1,0,1,4,1,13,0,1,9,00,0,0,1,201400024519C01,7/ 2,2/1,2
201400024521,2014-09-10,2014,septembre,mercredi,10:17,33,33063,0,0,2,1,3,1,1,4,1,00,1,1,000,000,1,0,1,3,1,19,2,1,2,00,2,1,2,201400024521B01,7,16,1
201400024522,2014-09-10,2014,septembre,mercredi,91:5,33,33063,0,0,2,3,1,1,1,4,1,01,1,1,000,000,1,0,1,4,1,13,2,1,9,00,2,1,2,201400024522A01,10,1,1
201400024531,2014-09-13,2014,septembre,samedi,85:8,33,33063,0,0,2,2,3,1,1,4,2,02,1,1,000,000,1,0,1,4,1,31,1,1,9,00,2,2,1,201400024531A01,10,16,1
201400024533,2014-09-13,2014,septembre,samedi,11:30,33,33063,0,0,2,2,3,1,1,4,2,02,1,1,000,000,1,0,1,4,2,20,0,1,9,00,0,7,1,201400024533A01,7,1,1
201400024536,2014-09-13,2014,septembre,samedi,17:45,33,33318,0,0,2,6,2,1,1,4,2,02,1,1,000,000,1,0,1,1,1,16,5,1,2,00,0,8,9,201400024536A01,2,1,1
201400024537,2014-09-13,2014,septembre,samedi,22:00,33,33063,0,0,2,2,3,5,1,4,2,02,1,1,000,171,1,0,1,4,2,17,0,1,9,00,2,1,1,201400024537B01,7,15,1
201400024544,2014-09-16,2014,septembre,mardi,90:0,33,33522,0,0,2,1,3,1,1,4,3,03,1,1,000,069,1,0,1,4,2,25,1,1,9,00,2,1,1,201400024544B01,7,0,1
201400024556,2014-09-19,2014,septembre,vendredi,83:0,33,33200,0,0,2,2,3,1,1,4,2,04,1,-1,000,000,1,0,0,4,2,6,0,1,9,00,0,0,19,201400024556B01,7,1,1
201400024557,2014-09-19,2014,septembre,vendredi,95:5,33,33063,0,0,2,3,2,1,1,4,1,02,1,1,000,000,1,0,0,4,2,27,4,1,9,00,2,1,1,201400024557A01,7,23,1
201400024561,2014-09-21,2014,septembre,dimanche,10:50,33,33063,0,0,2,3,1,1,1,4,2,02,1,1,000,000,1,0,1,4,1,63,0,1,9,00,2,3,1,201400024561B01,7,15,1
201400024568,2014-09-23,2014,septembre,mardi,73:0,33,33063,0,0,2,2,3,1,1,4,1,02,1,1,000,000,1,0,0,3,1,18,0,1,9,00,2,1,1,201400024568A01,7,1,1
201400024571,2014-09-23,2014,septembre,mardi,16:30,33,33063,0,0,2,5,3,1,1,4,1,01,1,1,000,000,1,0,1,4,2,16,5,1,9,01,0,2,0,201400024571B01,7,24,1
201400024574,2014-09-23,2014,septembre,mardi,18:40,33,33249,0,0,2,3,3,1,1,4,2,02,1,1,000,000,1,0,1,4,1,10,0,1,9,00,0,0,0,201400024574B01,7,1,1
201400024580,2014-09-24,2014,septembre,mercredi,13:10,33,33063,0,0,2,3,3,1,1,4,2,04,1,1,000,000,1,0,1,4,1,26,0,1,9,00,2,1,1,201400024580B01,7,16,1
201400024583,2014-09-24,2014,septembre,mercredi,18:35,33,33063,0,0,2,1,3,1,1,4,1,02,1,1,000,000,1,0,1,3,1,21,5,1,9,00,2,0,1,201400024583A01,7,22,1
201400024584,2014-09-23,2014,septembre,mardi,16:00,33,33063,0,0,2,2,6,1,1,4,2,05,1,1,000,000,1,0,1,4,1,65,0,1,9,00,1,1,15,201400024584A01,,,
201400024590,2014-09-26,2014,septembre,vendredi,18:38,33,33063,0,0,2,1,6,1,1,4,1,01,1,1,000,000,1,0,1,1,1,28,0,1,9,00,1,1,1,201400024590A01,,,
201400024595,2014-09-26,2014,septembre,vendredi,85:5,33,33063,0,0,2,1,3,2,1,4,3,06,1,1,000,000,1,0,1,3,1,35,0,1,9,00,2,1,1,201400024595B01,7,20,1
201400024601,2014-09-29,2014,septembre,lundi,16:40,33,33281,0,0,2,1,1,1,1,4,2,02,1,1,000,000,1,0,1,3,2,26,0,1,9,00,2,1,1,201400024601B01,7,15,1
201400024602,2014-09-29,2014,septembre,lundi,18:50,33,33063,0,0,2,1,5,1,1,4,2,04,1,1,000,000,1,0,1,4,2,51,0,1,9,00,2,2,13,201400024602B01,7,18/1,2
201400024604,2014-09-30,2014,septembre,mardi,75:0,33,33063,0,0,2,6,3,1,1,4,2,02,1,3,000,000,1,0,1,4,1,18,0,1,9,00,2,2,19,201400024604B01,7,1,1
201400024609,2014-10-01,2014,octobre,mercredi,13:40,33,33522,0,0,2,2,3,1,1,4,2,00,1,1,000,100,1,0,1,4,1,12,0,1,9,00,2,4,1,201400024609A01,7,1,1
201400024612,2014-10-01,2014,octobre,mercredi,16:25,33,33063,0,0,2,6,3,1,1,4,2,02,1,1,000,000,1,0,1,3,1,10,0,1,9,00,2,6,19,201400024612B01,37,1,1
201400024614,2014-10-01,2014,octobre,mercredi,22:00,33,33063,0,0,2,1,7,5,1,4,2,02,1,1,000,057,1,0,1,4,1,31,0,1,9,00,0,1,0,201400024614A01,,,
201400024615,2014-09-27,2014,septembre,samedi,85:0,33,33522,0,0,2,2,3,1,1,4,2,04,1,1,000,300,1,0,1,3,1,20,0,1,2,00,0,5,1,201400024615A01,10,1,1
201400024619,2014-10-02,2014,octobre,jeudi,17:10,33,33550,0,0,2,6,3,1,1,4,2,02,1,3,000,000,1,0,1,4,1,82,0,1,9,00,2,0,0,201400024619B01,7,0,1
201400024620,2014-10-02,2014,octobre,jeudi,19:20,33,33249,0,0,2,2,3,1,1,4,1,02,1,2,000,000,1,0,1,4,1,10,0,1,9,00,0,8,19,201400024620B01,7,15,1
201400024620,2014-10-02,2014,octobre,jeudi,19:20,33,33249,0,0,2,2,3,1,1,4,1,02,1,2,000,000,1,0,1,1,1,16,5,1,9,00,0,8,19,201400024620B01,7,15,1
201400024626,2014-10-04,2014,octobre,samedi,91:0,33,33318,0,0,2,2,3,1,1,4,2,02,1,1,000,060,1,0,1,3,1,82,0,1,9,00,2,7,0,201400024626B01,7,15,1
201400024629,2014-10-05,2014,octobre,dimanche,14:50,33,33063,0,0,2,5,3,1,1,4,1,04,1,1,000,000,1,0,1,3,2,60,5,1,2,00,0,3,1,201400024629B01,7,16,1
201400024630,2014-10-06,2014,octobre,lundi,64:5,33,33281,0,0,2,6,2,1,1,4,2,02,1,1,000,000,1,0,1,3,1,50,0,1,9,00,0,4,1,201400024630B01,10,1,1
201400024631,2014-10-06,2014,octobre,lundi,80:5,33,33063,0,0,2,4,6,1,1,4,2,02,1,1,000,000,1,0,1,4,1,53,5,1,9,00,2,1,1,201400024631A01,20,16,1
201400024634,2014-10-06,2014,octobre,lundi,17:05,33,33281,0,0,2,3,3,1,1,4,2,02,1,1,000,000,2,0,1,4,1,13,0,1,9,00,2,8,1,201400024634B01,2,1,1
201400024643,2014-10-08,2014,octobre,mercredi,14:25,33,33063,0,0,2,3,6,1,1,4,1,10,1,1,000,000,1,0,1,1,1,29,0,1,9,00,1,1,1,201400024643A01,,,
201400024643,2014-10-08,2014,octobre,mercredi,14:25,33,33063,0,0,2,3,6,1,1,4,1,10,1,1,000,000,1,0,1,3,2,64,0,1,9,00,1,1,1,201400024643A01,,,
201400024645,2014-10-08,2014,octobre,mercredi,17:00,33,33063,0,0,2,3,6,1,1,4,1,01,1,1,000,000,1,0,0,3,1,86,0,1,9,00,1,0,1,201400024645A01,,,
201400024666,2014-10-15,2014,octobre,mercredi,14:30,33,33063,0,0,2,3,3,1,1,4,1,01,1,1,000,072,1,0,1,4,1,13,0,1,9,00,2,3,1,201400024666A01,7,0,1
201400024671,2014-10-15,2014,octobre,mercredi,16:50,33,33318,0,0,2,1,3,1,1,4,1,01,1,1,000,000,1,0,1,4,1,15,0,1,9,00,0,8,19,201400024671B01,7,1,1
201400024676,2014-10-17,2014,octobre,vendredi,12:40,33,33063,0,0,2,2,6,1,1,4,2,04,2,1,000,000,1,0,1,4,2,21,0,1,2,00,4,1,1,201400024676A01,40,1,1
201400024678,2014-10-18,2014,octobre,samedi,22:0,33,33063,0,0,2,3,1,5,1,4,1,02,1,1,039,058,1,0,1,4,1,26,0,1,9,00,2,2,19,201400024678A01,7,1,1
201400024684,2014-10-19,2014,octobre,dimanche,17:05,33,33192,0,0,2,1,3,1,1,4,3,02,1,1,019,080,1,0,1,3,1,51,0,1,9,00,0,8,1,201400024684B01,7,14,1
201400024687,2014-10-20,2014,octobre,lundi,91:7,33,33281,0,0,2,3,3,1,1,4,2,02,1,1,000,000,1,0,1,4,1,35,0,1,9,00,0,0,0,201400024687B01,7,0,1
201400024690,2014-10-21,2014,octobre,mardi,14:55,33,33063,0,0,2,6,3,1,1,4,2,02,1,1,000,000,1,0,0,4,1,60,5,1,2,00,2,4,1,201400024690B01,7,1,1
201400024695,2014-10-22,2014,octobre,mercredi,13:00,33,33063,0,0,2,1,6,1,1,4,1,01,1,1,000,000,1,0,1,1,1,64,0,1,9,00,1,1,5,201400024695A01,,,
201400024701,2014-10-23,2014,octobre,jeudi,82:2,33,33281,0,0,2,4,3,2,1,4,1,01,1,1,000,040,1,0,1,3,1,32,4,1,2,00,0,3,1,201400024701B01,7,9,1
201400024702,2014-10-23,2014,octobre,jeudi,17:50,33,33063,0,0,2,2,3,1,1,4,2,02,1,1,000,000,1,0,1,1,1,26,0,1,9,00,0,3,16,201400024702A01,31,15,1
201400024704,2014-10-23,2014,octobre,jeudi,18:15,33,33281,0,0,2,1,3,1,1,4,2,02,1,1,000,040,1,0,1,4,1,24,0,1,2,00,2,1,1,201400024704B01,7,16,1
201400024708,2014-10-24,2014,octobre,vendredi,93:7,33,33522,0,0,2,6,3,1,1,4,3,04,1,2,000,061,1,0,1,4,1,21,0,1,9,00,2,7,0,201400024708B01,7,0,1
201400024724,2014-10-28,2014,octobre,mardi,17:15,33,33039,0,0,2,2,1,1,1,4,2,02,1,1,000,000,1,0,1,4,1,45,5,1,9,00,2,1,1,201400024724B01,7,1,1
201400024726,2014-10-29,2014,octobre,mercredi,85:0,33,33063,0,0,2,2,3,1,1,4,2,02,1,3,000,000,1,5,1,4,2,26,9,1,9,00,0,2,16,201400024726B01,14,16,1
201400024740,2014-11-01,2014,novembre,samedi,95:0,33,33281,0,0,2,4,1,1,1,4,2,02,1,1,000,000,1,0,1,4,1,42,0,1,9,00,2,3,1,201400024740B01,7,16,1
201400024743,2014-11-01,2014,novembre,samedi,23:30,33,33063,0,0,2,1,6,5,1,4,2,02,1,1,000,000,1,0,4,1,1,26,0,1,9,00,1,1,1,201400024743A01,,,
201400024743,2014-11-01,2014,novembre,samedi,23:30,33,33063,0,0,2,1,6,5,1,4,2,02,1,1,000,000,1,0,4,4,1,59,0,1,9,00,1,1,1,201400024743A01,,,
201400024749,2014-11-05,2014,novembre,mercredi,13:50,33,33063,0,0,2,3,1,1,1,4,1,02,1,1,000,000,1,0,1,4,2,18,0,1,9,00,2,5,19,201400024749A01,7,1,1
201400024751,2014-11-05,2014,novembre,mercredi,21:10,33,33063,0,0,2,3,2,5,1,4,1,01,1,1,000,000,2,0,1,3,1,26,0,1,9,00,0,1,1,201400024751A01,7,4,1
201400024783,2014-11-13,2014,novembre,jeudi,17:45,33,33075,0,0,2,3,1,5,1,4,3,04,1,1,000,000,1,0,1,4,2,19,5,1,9,00,2,1,15,201400024783B01,7,15,1
201400024790,2014-11-13,2014,novembre,jeudi,19:00,33,33522,0,0,2,2,3,5,1,4,2,03,1,-1,000,000,1,0,1,4,2,19,0,1,9,00,0,1,1,201400024790A01,7,15,1
201400024791,2014-11-14,2014,novembre,vendredi,14:00,33,33522,0,0,2,3,3,1,1,4,2,05,1,1,000,000,1,2,1,4,1,18,0,1,9,00,0,0,19,201400024791A01,7,1,1
201400024792,2014-11-14,2014,novembre,vendredi,18:00,33,33063,0,0,2,1,6,2,1,4,2,02,1,1,000,000,1,0,1,1,1,19,0,1,9,00,1,0,1,201400024792A01,,,
201400024805,2014-11-14,2014,novembre,vendredi,12:10,33,33522,0,0,2,3,3,1,8,4,3,02,2,2,050,057,2,0,0,4,1,17,0,1,9,00,2,1,1,201400024805B01,7,15,1
201400024806,2014-11-14,2014,novembre,vendredi,73:5,33,33192,0,0,2,6,3,5,3,4,2,02,1,3,000,105,2,0,1,4,1,12,0,1,9,00,0,1,1,201400024806B01,7,1,1
201400024810,2014-11-18,2014,novembre,mardi,18:00,33,33063,0,0,2,2,4,1,1,4,2,02,1,1,000,000,1,0,1,4,1,59,0,1,9,00,2,4,1,201400024810B01,7,16,1
201400024810,2014-11-18,2014,novembre,mardi,18:00,33,33063,0,0,2,2,4,1,1,4,2,02,1,1,000,000,1,0,1,4,2,56,0,1,9,01,2,3,1,201400024810C01,7,16,1
201400024815,2014-11-19,2014,novembre,mercredi,20:00,33,33063,0,0,2,1,3,5,1,4,2,00,1,1,000,000,1,0,1,3,1,57,0,1,9,00,0,4,1,201400024815B01,7,0,1
201400024821,2014-11-20,2014,novembre,jeudi,16:50,33,33281,0,0,1,3,1,2,1,4,2,03,1,1,000,000,1,0,1,3,1,43,0,1,9,00,2,1,1,201400024821B01,33,15,1
201400024824,2014-11-20,2014,novembre,jeudi,19:30,33,33522,0,0,2,6,3,5,1,4,2,02,1,1,000,000,1,0,1,4,2,38,1,1,9,00,0,7,1,201400024824A01,2,1,1
201400024834,2014-11-19,2014,novembre,mercredi,11:30,33,33063,0,0,2,1,6,1,1,4,2,02,1,1,000,010,1,0,1,4,1,30,0,1,9,01,0,1,2,201400024834B01,7,24,1
201400024837,2014-11-25,2014,novembre,mardi,22:30,33,33063,0,0,2,3,3,5,8,4,2,03,1,1,000,141,1,0,1,4,1,33,0,1,9,00,0,7,1,201400024837B01,7,1,1
201400024839,2014-11-24,2014,novembre,lundi,19:30,33,33522,0,0,2,6,3,5,1,4,2,02,1,1,000,000,1,0,1,4,1,53,0,1,9,00,2,1,1,201400024839B01,7,15,1
201400024841,2014-11-26,2014,novembre,mercredi,80:0,33,33063,0,0,2,1,2,1,1,4,3,04,1,1,000,000,2,0,1,4,1,54,4,1,9,00,2,1,17,201400024841A01,10,23,1
201400024842,2014-11-26,2014,novembre,mercredi,17:15,33,33162,0,0,2,2,3,2,2,4,2,02,1,1,000,011,2,0,1,4,2,13,0,1,9,00,2,1,15,201400024842A01,7,1,1
201400024845,2014-11-24,2014,novembre,lundi,91:0,33,33281,0,0,2,6,3,1,2,4,2,04,1,1,000,000,1,0,1,4,2,20,0,1,9,00,2,1,1,201400024845B01,7,9,1
201400024850,2014-11-30,2014,novembre,dimanche,30:5,33,33063,0,0,2,1,7,5,2,4,2,04,1,1,000,269,2,0,4,3,1,26,5,1,9,00,0,0,1,201400024850A01,,,
201400024859,2014-12-05,2014,décembre,vendredi,22:0,33,33063,0,0,2,3,7,5,1,4,2,03,1,1,000,060,1,0,1,3,2,29,0,1,9,12,0,2,0,201400024859A01,,,
201400024866,2014-12-08,2014,décembre,lundi,90:0,33,33063,0,0,2,6,3,1,1,4,1,02,1,1,000,000,1,0,1,4,1,60,5,1,9,00,2,1,1,201400024866B01,10,15,1
201400024876,2014-12-10,2014,décembre,mercredi,16:00,33,33063,0,0,2,3,3,1,2,4,2,02,3,1,000,000,2,0,1,4,1,58,0,1,9,01,0,1,1,201400024876B01,7,24,1
201400024880,2014-12-11,2014,décembre,jeudi,85:3,33,33063,0,0,2,3,3,1,1,4,3,08,1,3,000,000,2,0,1,4,1,15,0,1,9,00,4,1,19,201400024880A01,40,1,1
201400024882,2014-12-11,2014,décembre,jeudi,17:40,33,33063,0,0,2,3,2,5,1,4,3,07,1,1,000,070,2,0,1,1,1,14,0,1,9,00,0,0,0,201400024882B01,30,1,1
201400024882,2014-12-11,2014,décembre,jeudi,17:40,33,33063,0,0,2,3,2,5,1,4,3,07,1,1,000,070,2,0,1,4,2,14,5,1,9,00,0,0,0,201400024882B01,30,1,1
201400024883,2014-12-11,2014,décembre,jeudi,21:05,33,33069,0,0,2,6,3,5,1,4,2,02,1,1,000,000,1,0,1,4,2,41,5,1,9,00,0,3,1,201400024883B01,7,9,1
201400024890,2014-12-15,2014,décembre,lundi,82:0,33,33069,0,0,2,2,3,1,1,4,2,02,1,1,000,000,1,0,1,4,2,19,0,1,9,00,2,3,16,201400024890B01,10,1,1
201400024904,2014-12-22,2014,décembre,lundi,95:0,33,33550,0,0,2,6,3,1,1,4,2,02,1,2,025,070,1,0,1,3,2,67,0,1,9,00,2,4,1,201400024904B01,7,1,1
201400024925,2014-07-17,2014,juillet,jeudi,43:0,49,49058,46.99958,-0.64018,2,1,3,5,1,4,2,00,1,1,000,060,1,0,4,4,1,46,1,1,4,00,2,1,1,201400024925B02,7,4,1
201400024956,2014-04-15,2014,avril,mardi,13:30,34,34003,0,0,2,6,3,1,1,4,2,01,1,1,000,034,1,0,1,3,2,55,5,1,4,00,2,1,1,201400024956B01,7,9,1
201400024958,2014-06-26,2014,juin,jeudi,12:35,34,34003,0,0,2,1,2,1,1,4,1,01,1,1,000,128,1,0,1,3,1,43,5,1,4,00,2,4,2,201400024958B01,7,9,1
201400024961,2014-07-30,2014,juillet,mercredi,19:30,34,34003,0,0,2,1,3,1,1,4,1,02,1,1,000,080,1,0,5,4,2,50,5,1,2,00,2,7,19,201400024961B01,7,0,1
201400024963,2014-08-10,2014,août,dimanche,11:40,34,34003,0,0,2,1,3,1,1,4,2,01,1,1,000,050,1,0,1,3,1,56,5,1,4,00,2,1,1,201400024963B01,10,15,1
201400024964,2014-08-27,2014,août,mercredi,12:25,34,34003,0,0,2,1,2,1,1,4,1,01,1,1,000,110,1,0,1,4,1,66,0,1,4,00,2,4,2,201400024964B01,7,2,1
201400024992,2014-04-15,2014,avril,mardi,13:50,34,34073,0,0,1,1,7,1,1,4,2,01,2,1,000,048,1,0,1,3,1,76,5,1,9,00,0,8,1,201400024992A01,,,
201400025003,2014-06-26,2014,juin,jeudi,10:45,34,34032,0,0,2,3,3,1,9,3,1,00,1,1,000,060,9,0,1,4,2,26,9,1,9,00,2,1,5,201400025003A01,7,1,1
201400025007,2014-07-17,2014,juillet,jeudi,64:0,34,34336,0,0,2,3,3,2,1,4,2,02,1,1,000,123,1,0,1,3,1,66,5,1,2,00,2,8,1,201400025007B01,7,15,1
201400025018,2014-12-09,2014,décembre,mardi,18:50,34,34032,43.34732,3.25377,2,1,7,4,1,3,1,02,1,1,000,060,1,5,1,3,1,49,3,1,2,00,0,0,1,201400025018A01,,,
201400025048,2014-01-18,2014,janvier,samedi,12:25,34,34172,43.64229,3.85923,2,1,3,1,2,4,2,00,2,-1,000,060,2,0,1,4,2,25,0,1,9,00,0,1,0,201400025048A01,37,1,1
201400025053,2014-01-23,2014,janvier,jeudi,17:15,34,34172,43.63672,3.83079,2,6,2,1,1,4,1,02,1,2,000,080,1,0,1,4,1,43,0,1,9,00,0,4,1,201400025053B01,7,9,1
201400025057,2014-01-25,2014,janvier,samedi,91:0,34,34172,43.59064,3.88473,2,3,3,1,8,4,2,02,1,1,000,050,1,0,1,4,2,26,1,1,9,00,2,1,1,201400025057B01,7,9,1
201400025058,2014-01-27,2014,janvier,lundi,82:0,34,34172,43.60657,3.84768,2,3,3,1,1,4,2,02,1,1,000,070,1,0,1,4,1,13,2,1,9,00,2,1,15,201400025058A01,7,1,1
201400025078,2014-02-15,2014,février,samedi,19:30,34,34172,43.5914,3.8911,2,1,3,5,1,4,1,01,1,1,000,030,1,0,1,4,1,46,5,1,9,00,2,1,0,201400025078A01,7,23,1
201400025080,2014-02-16,2014,février,dimanche,18:40,34,34129,43.57693,3.89726,1,1,2,3,8,4,2,02,1,1,000,060,1,0,1,2,2,11,5,1,4,00,0,4,1,201400025080A01,7,1,1
201400025086,2014-02-23,2014,février,dimanche,20:00,34,34172,43.61989,3.83239,2,1,3,5,1,4,1,01,1,2,000,030,1,0,1,4,1,25,5,1,9,00,2,5,2,201400025086B01,7,2,1
201400025088,2014-02-25,2014,février,mardi,85:0,34,34172,43.60974,3.86308,2,1,7,1,2,4,2,02,2,1,000,070,2,0,4,4,1,29,1,1,9,06,0,0,0,201400025088A01,,,
201400025095,2014-03-02,2014,mars,dimanche,45:5,34,34172,43.61356,3.88077,2,1,7,5,1,4,2,02,2,1,005,060,1,0,1,4,1,24,5,1,9,14,0,1,1,201400025095A01,,,
201400025114,2014-03-18,2014,mars,mardi,16:50,34,34172,43.62686,3.86973,2,2,1,1,1,4,2,04,1,1,000,000,1,0,1,4,2,27,5,1,9,00,2,1,2,201400025114B01,7,15,1
201400025121,2014-03-23,2014,mars,dimanche,20:15,34,34172,43.58847,3.86962,2,3,3,5,1,4,2,02,1,1,000,060,1,0,1,4,1,32,0,1,9,00,2,8,19,201400025121B01,7,4,1
201400025126,2014-03-28,2014,mars,vendredi,15:20,34,34172,43.62644,3.82293,2,1,2,1,1,4,2,02,2,1,000,060,1,0,1,4,1,27,5,1,4,00,2,1,1,201400025126B01,7,15,1