Num_Acc,date,an,mois,jour,hrmn,dep,com,lat,long,agg,int,col,lum,atm,catr,circ,nbv,prof,plan,lartpc,larrout,surf,infra,situ,grav,sexe,age,trajet,secuexist,equipement,obs,obsm,choc,manv,vehiculeid,typevehicules,manoeuvehicules,numVehicules
201400025137,2014-04-04,2014,avril,vendredi,16:40,34,34172,43.62058,3.85823,2,1,3,1,1,4,-1,00,1,2,000,000,1,0,4,1,1,26,0,1,9,00,2,3,1,201400025137A01,1,14,1
201400025137,2014-04-04,2014,avril,vendredi,16:40,34,34172,43.62058,3.85823,2,1,3,1,1,4,-1,00,1,2,000,000,1,0,4,4,2,68,5,1,9,00,2,7,14,201400025137B01,1,1,1
201400025170,2014-05-03,2014,mai,samedi,17:20,34,34172,43.61438,3.88382,2,1,6,1,1,4,1,03,1,1,000,086,1,0,1,4,1,54,5,1,9,00,0,7,1,201400025170B01,7,1,2
201400025173,2014-05-04,2014,mai,dimanche,11:30,34,34129,43.55033,3.89759,1,1,7,1,1,9,2,01,1,1,037,050,1,0,5,3,1,58,5,1,9,00,0,0,1,201400025173A01,,,
201400025177,2014-05-08,2014,mai,jeudi,15:00,34,34172,43.62638,3.88531,2,1,7,1,8,4,2,02,2,1,000,020,1,0,5,4,1,39,5,1,9,00,0,0,1,201400025177A01,,,
201400025188,2014-05-15,2014,mai,jeudi,12:10,34,34172,43.5983,3.90338,2,1,3,1,1,4,1,02,1,1,000,000,1,0,1,1,1,26,0,1,9,00,2,1,19,201400025188A01,33,21,1
201400025194,2014-05-17,2014,mai,samedi,12:30,34,34172,43.59132,3.88489,2,1,3,1,1,4,2,02,1,1,000,060,1,0,1,4,1,47,5,1,4,00,2,1,1,201400025194B01,7,1,1
201400025204,2014-05-25,2014,mai,dimanche,93:5,34,34172,43.60032,3.86743,2,3,3,1,1,4,2,04,1,1,000,120,1,0,1,4,1,25,0,1,9,00,2,1,9,201400025204A01,7,15,1
201400025222,2014-06-15,2014,juin,dimanche,10:0,34,34172,43.62147,3.86854,2,2,3,5,1,4,4,02,1,1,000,070,1,0,1,3,1,24,0,1,2,00,2,1,1,201400025222B01,7,1,1
201400025225,2014-06-16,2014,juin,lundi,17:25,34,34172,43.6146,3.82951,2,1,3,1,1,4,2,02,1,1,000,064,1,0,1,4,2,31,0,1,9,00,2,8,1,201400025225B01,7,17,1
201400025243,2014-07-01,2014,juillet,mardi,14:20,34,34172,43.6202,3.81787,2,1,3,1,8,4,1,02,1,2,000,080,1,0,1,4,1,47,5,1,9,00,2,7,1,201400025243B01,7,9,1
201400025256,2014-07-13,2014,juillet,dimanche,13:20,34,34172,0,0,2,1,1,1,1,4,2,02,1,1,000,060,1,0,1,4,1,42,5,1,9,00,2,1,1,201400025256B01,7,9,1
201400025263,2014-07-18,2014,juillet,vendredi,16:30,34,34172,43.61506,3.82401,2,3,3,1,1,4,-1,01,2,1,000,020,1,0,5,3,2,41,9,1,9,00,2,1,1,201400025263B01,10,16,1
201400025265,2014-07-20,2014,juillet,dimanche,17:40,34,34172,43.6011,3.86693,2,1,3,1,1,4,2,01,3,1,000,030,2,0,4,3,1,12,5,1,4,00,2,1,19,201400025265A01,7,15,1
201400025281,2014-08-01,2014,août,vendredi,18:50,34,34172,43.63506,3.84416,2,9,3,1,1,9,-1,02,3,2,000,100,1,4,0,4,1,31,1,1,4,00,4,3,9,201400025281A01,40,1,1
201400025284,2014-08-07,2014,août,jeudi,80:0,34,34172,0,0,2,1,1,1,1,4,2,02,1,1,000,052,1,0,1,4,2,27,5,1,2,00,2,1,1,201400025284B01,7,15,1
201400025304,2014-08-27,2014,août,mercredi,15:30,34,34172,43.6128,3.86741,2,2,3,1,1,4,1,02,1,1,000,070,1,5,1,1,1,17,5,1,9,00,2,1,19,201400025304A01,7,1,1
201400025304,2014-08-27,2014,août,mercredi,15:30,34,34172,43.6128,3.86741,2,2,3,1,1,4,1,02,1,1,000,070,1,5,1,4,1,17,5,1,9,00,2,1,19,201400025304A01,7,1,1
201400025307,2014-08-29,2014,août,vendredi,15:05,34,34172,43.60045,3.87553,2,1,3,1,1,9,2,02,2,1,000,070,9,0,0,4,1,17,5,1,9,00,4,8,15,201400025307A01,40,1,1
201400025312,2014-08-31,2014,août,dimanche,10:00,34,34172,43.57637,3.87419,2,1,3,1,1,4,1,03,1,2,000,090,1,5,1,4,1,51,5,1,9,00,2,2,12,201400025312A01,7,2,1
201400025315,2014-09-02,2014,septembre,mardi,22:40,34,34172,43.63842,3.84762,2,5,3,5,1,4,1,02,2,-1,000,060,1,5,0,3,2,28,1,1,9,00,0,1,0,201400025315B01,7,11,1
201400025333,2014-09-11,2014,septembre,jeudi,17:40,34,34172,43.64462,3.84165,2,2,3,1,1,4,2,02,1,-1,000,018,1,0,1,4,1,24,1,1,9,00,2,1,1,201400025333A01,7,1,1
201400025348,2014-09-22,2014,septembre,lundi,13:35,34,34172,43.61364,3.8399,2,1,3,1,1,9,-1,00,1,1,000,020,1,0,4,4,1,44,9,1,9,00,2,2,0,201400025348B01,33,0,1
201400025362,2014-10-06,2014,octobre,lundi,19:55,34,34172,43.62074,3.87718,2,2,3,3,2,4,2,02,1,1,000,060,2,0,1,4,2,23,5,1,2,00,2,1,19,201400025362B01,7,16,1
201400025385,2014-10-30,2014,octobre,jeudi,15:30,34,34172,43.61051,3.88058,2,1,6,1,1,4,3,02,1,1,000,060,1,0,1,1,1,22,1,1,4,00,1,1,1,201400025385A01,,,
201400025428,2014-12-26,2014,décembre,vendredi,14:45,34,34172,43.59076,3.89738,2,1,2,1,1,4,2,02,1,1,000,057,1,0,1,4,1,14,5,1,9,00,2,4,1,201400025428A01,32,2,1
201400025432,2014-01-17,2014,janvier,vendredi,16:45,34,34301,43.40171,3.66161,2,1,3,1,1,3,2,02,1,1,000,080,1,0,1,3,2,77,5,1,9,00,2,1,19,201400025432A01,7,1,1
201400025457,2014-05-31,2014,mai,samedi,16:15,34,34301,0,0,2,3,1,1,1,4,2,01,1,1,000,038,1,0,1,4,1,62,5,1,9,00,2,1,0,201400025457B01,7,0,1
201400025462,2014-06-15,2014,juin,dimanche,53:0,34,34301,43.41473,3.69896,1,1,2,3,1,3,2,02,1,1,000,000,1,0,1,4,1,32,5,1,4,00,2,4,0,201400025462B01,7,0,1
201400025475,2014-09-27,2014,septembre,samedi,13:30,34,34108,0,0,2,3,3,1,1,4,2,02,1,1,000,060,1,0,1,4,1,87,5,1,9,00,2,1,16,201400025475A01,7,1,1
201400025523,2014-01-09,2014,janvier,jeudi,13:25,35,35238,48.0869,-1.69164,2,3,3,1,1,4,2,02,1,1,000,000,1,5,1,4,1,62,5,1,8,00,2,1,15,201400025523B01,7,15,1
201400025539,2014-01-18,2014,janvier,samedi,18:52,35,35238,48.1051,-1.6934,2,2,3,5,2,4,2,02,1,1,000,000,2,0,1,4,2,25,5,1,8,00,2,4,1,201400025539A01,7,1,1
201400025540,2014-01-18,2014,janvier,samedi,20:05,35,35238,48.1213,-1.70087,2,3,3,5,2,4,2,02,1,1,000,000,2,5,1,4,1,23,5,1,8,00,2,1,1,201400025540A01,7,15,1
201400025550,2014-01-24,2014,janvier,vendredi,81:0,35,35238,48.0949,-1.69017,2,1,3,5,2,4,2,02,1,1,000,000,2,0,1,4,2,47,1,1,8,00,2,1,1,201400025550B01,7,1,1
201400025560,2014-01-31,2014,janvier,vendredi,19:05,35,35238,48.1121,-1.68783,2,1,3,5,2,4,3,02,1,1,000,000,2,0,1,4,2,49,1,1,8,00,2,0,1,201400025560B01,7,16,1
201400025571,2014-02-09,2014,février,dimanche,19:00,35,35238,48.1061,-1.68101,2,3,3,5,2,4,3,02,1,1,000,000,2,0,1,4,2,26,5,1,8,00,2,1,1,201400025571B01,7,16,1
201400025582,2014-02-15,2014,février,samedi,12:35,35,35238,48.1056,-1.66605,2,5,3,1,1,4,2,02,1,1,000,000,1,5,1,4,1,56,5,1,8,00,2,1,1,201400025582B01,7,15,1
201400025584,2014-02-18,2014,février,mardi,12:55,35,35238,48.1213,-1.70087,2,3,3,1,1,4,2,02,1,1,000,000,1,5,1,4,1,76,5,1,8,00,2,1,15,201400025584B01,7,1,1
201400025585,2014-02-19,2014,février,mercredi,83:0,35,35238,48.1067,-1.6509,2,3,3,1,1,4,2,02,1,1,000,000,1,5,1,4,2,26,1,1,8,00,2,4,1,201400025585B01,7,16,1
201400025589,2014-02-24,2014,février,lundi,23:40,35,35238,48.1082,-1.6752,2,3,1,5,1,4,1,01,1,1,000,000,1,0,1,4,1,33,5,1,8,00,2,1,1,201400025589A01,7,15,1
201400025642,2014-04-09,2014,avril,mercredi,74:0,35,35238,48.1079,-1.67354,2,2,3,1,1,4,1,01,1,1,000,000,1,5,1,4,2,41,1,1,8,00,2,8,1,201400025642B01,38,1,1
201400025650,2014-04-14,2014,avril,lundi,74:5,35,35238,48.1135,-1.71363,2,3,7,1,1,4,2,02,1,1,000,000,1,5,1,4,1,54,1,1,2,00,0,0,15,201400025650B01,7,15,1
201400025659,2014-04-17,2014,avril,jeudi,19:15,35,35238,48.0844,-1.6385,2,1,1,1,1,4,2,02,1,3,000,000,1,0,1,4,2,50,5,1,8,00,2,1,1,201400025659B01,7,13,1
201400025664,2014-04-23,2014,avril,mercredi,15:00,35,35238,48.0945,-1.68562,2,2,7,1,8,4,2,02,1,1,000,000,1,0,1,4,1,72,5,1,8,00,0,0,1,201400025664B01,7,15,1
201400025670,2014-04-30,2014,avril,mercredi,15:30,35,35238,48.1021,-1.69866,2,2,3,1,1,4,2,02,1,1,000,000,1,0,1,3,1,68,5,1,2,00,2,1,1,201400025670B01,7,9,1
201400025675,2014-05-05,2014,mai,lundi,17:00,35,35238,48.1051,-1.67753,2,3,6,1,1,4,1,00,1,1,000,000,1,0,1,3,1,62,5,1,8,00,1,1,1,201400025675A01,,,
201400025676,2014-05-07,2014,mai,mercredi,13:50,35,35238,48.1015,-1.68464,2,3,6,1,1,4,2,02,1,1,000,000,1,0,1,3,2,54,1,1,8,00,0,1,0,201400025676A01,,,
201400025702,2014-05-27,2014,mai,mardi,12:35,35,35238,48.0991,-1.67974,2,1,6,1,1,4,2,02,1,1,000,000,1,0,1,4,2,26,1,1,8,00,2,1,17,201400025702B01,7,22,1
201400025703,2014-05-27,2014,mai,mardi,14:05,35,35238,48.1091,-1.68656,2,3,3,1,1,4,1,00,1,1,000,000,1,5,1,4,2,50,1,1,8,00,2,1,1,201400025703B01,10,16,1
201400025707,2014-05-28,2014,mai,mercredi,17:35,35,35051,48.12189,-1.6001,2,6,3,1,3,4,2,02,1,1,000,000,2,5,1,4,2,13,5,1,9,00,2,1,1,201400025707B01,7,1,1
201400025708,2014-05-28,2014,mai,mercredi,17:50,35,35238,48.1385,-1.65858,2,2,3,1,3,4,2,02,1,1,000,000,2,5,1,3,1,76,5,1,8,00,2,1,1,201400025708B01,7,15,1
201400025713,2014-06-03,2014,juin,mardi,15:40,35,35238,48.12,-1.65059,2,1,6,1,1,4,3,02,1,1,000,000,1,0,5,4,1,62,5,1,2,00,0,1,1,201400025713A01,,,
201400025714,2014-06-04,2014,juin,mercredi,92:0,35,35281,48.08694,-1.70748,2,6,6,1,1,4,-1,00,1,1,000,000,2,0,0,4,1,27,1,1,9,00,2,1,0,201400025714A01,7,1,1
201400025723,2014-06-08,2014,juin,dimanche,14:0,35,35238,48.1102,-1.6742,2,2,3,4,1,4,2,02,1,1,000,000,1,0,1,4,1,21,5,1,8,00,2,1,1,201400025723B01,7,15,1
201400025724,2014-06-09,2014,juin,lundi,12:50,35,35238,48.1291,-1.69604,2,6,3,1,1,4,2,02,1,3,000,000,1,0,1,4,2,69,4,1,2,00,2,1,1,201400025724B01,7,16,1
201400025734,2014-06-14,2014,juin,samedi,17:30,35,35238,48.1089,-1.69293,2,2,2,1,1,4,2,02,1,1,000,000,1,5,1,4,1,54,5,1,2,00,2,1,1,201400025734A01,7,23,1
201400025749,2014-06-26,2014,juin,jeudi,20:00,35,35238,48.1086,-1.67691,2,1,7,1,1,4,1,01,1,1,000,000,1,0,1,4,2,35,5,1,2,00,0,0,1,201400025749A01,,,
201400025754,2014-06-27,2014,juin,vendredi,15:15,35,35238,48.1089,-1.67379,2,3,3,1,1,4,2,04,1,1,000,000,1,0,1,4,2,39,5,1,2,00,2,8,19,201400025754A01,7,1,1
201400025765,2014-07-03,2014,juillet,jeudi,17:50,35,35238,48.104,-1.63625,2,3,3,1,1,4,2,02,2,1,000,000,1,0,1,4,1,22,5,1,9,00,2,4,15,201400025765B01,7,1,1
201400025777,2014-07-10,2014,juillet,jeudi,80:0,35,35238,48.1159,-1.70907,2,1,3,1,1,4,2,02,1,1,000,000,1,0,1,4,1,41,1,1,2,00,2,1,1,201400025777B01,7,16,1
201400025778,2014-07-10,2014,juillet,jeudi,13:25,35,35238,48.0878,-1.68545,2,3,3,1,1,4,2,02,1,1,000,000,1,5,1,4,1,65,5,1,8,00,2,1,1,201400025778B01,7,15,1
201400025782,2014-07-15,2014,juillet,mardi,82:0,35,35055,48.09007,-1.62327,2,6,3,1,1,4,-1,00,1,1,000,000,1,5,0,4,1,49,9,1,2,00,2,1,1,201400025782B01,7,9,1
201400025789,2014-07-24,2014,juillet,jeudi,94:0,35,35238,48.1091,-1.68656,2,3,3,1,1,4,1,01,1,1,000,000,1,5,5,4,1,32,1,1,8,00,2,1,1,201400025789B01,10,16,1
201400025795,2014-07-28,2014,juillet,lundi,80:0,35,35238,48.1035,-1.69401,2,2,3,1,1,4,2,02,1,1,000,000,1,5,1,4,2,34,1,1,8,00,2,1,1,201400025795B01,7,16,1
201400025798,2014-07-28,2014,juillet,lundi,14:25,35,35238,48.0981,-1.65566,2,2,3,1,1,4,2,02,1,1,000,000,1,5,1,4,2,85,1,1,8,00,2,1,15,201400025798A01,7,1,1
201400025800,2014-07-28,2014,juillet,lundi,21:05,35,35238,48.1035,-1.69401,2,2,3,1,1,4,2,02,1,1,000,000,1,5,1,3,1,18,5,1,8,00,2,1,1,201400025800A01,7,1,1
201400025805,2014-08-01,2014,août,vendredi,10:10,35,35055,0,0,2,1,7,1,1,3,-1,00,-1,-1,000,000,1,0,1,4,1,46,9,1,2,00,0,0,1,201400025805A01,,,
201400025814,2014-08-13,2014,août,mercredi,10:30,35,35238,48.1054,-1.70846,2,6,7,1,1,4,1,01,1,1,000,000,1,5,1,3,2,53,5,1,8,00,0,0,1,201400025814A01,,,
201400025815,2014-08-13,2014,août,mercredi,10:45,35,35238,0,0,2,1,7,1,1,3,-1,02,-1,-1,000,000,1,5,1,3,2,53,0,1,2,00,0,0,1,201400025815A01,,,
201400025821,2014-08-25,2014,août,lundi,20:00,35,35238,48.0947,-1.69024,2,2,3,1,3,4,2,02,1,-1,000,000,2,5,1,3,1,37,5,1,8,00,2,1,1,201400025821B01,30,15,1
201400025822,2014-08-25,2014,août,lundi,19:50,35,35238,0,0,2,2,3,1,3,4,3,00,2,1,000,000,2,0,1,3,1,37,0,1,9,00,2,1,1,201400025822B01,30,15,1
201400025824,2014-08-29,2014,août,vendredi,15:10,35,35055,48.08404,-1.62289,1,1,3,1,1,3,2,00,1,2,000,072,1,0,1,2,2,50,5,1,2,00,2,2,1,201400025824A01,14,1,1
201400025831,2014-09-04,2014,septembre,jeudi,18:10,35,35238,48.1111,-1.65911,2,1,3,1,1,4,2,02,1,1,000,000,1,0,4,4,2,7,5,1,8,00,2,1,1,201400025831B01,7,1,1
201400025838,2014-09-08,2014,septembre,lundi,18:30,35,35238,48.1046,-1.69359,2,1,7,1,1,4,2,02,1,1,000,000,1,0,1,4,1,25,5,1,8,00,2,7,1,201400025838A01,,,
201400025841,2014-09-09,2014,septembre,mardi,81:5,35,35238,48.1102,-1.66897,2,1,3,1,1,4,1,01,1,1,000,000,1,0,1,4,2,24,1,1,2,00,2,1,1,201400025841B01,7,22,1
201400025842,2014-09-09,2014,septembre,mardi,14:25,35,35281,48.08692,-1.70752,2,6,4,1,1,3,1,02,1,3,000,000,1,5,1,4,2,37,1,1,4,00,2,8,1,201400025842C01,7,1,2
201400025844,2014-09-11,2014,septembre,jeudi,10:20,35,35238,0,0,2,2,3,1,1,4,2,02,1,1,000,000,1,5,1,4,1,32,1,1,4,00,2,1,1,201400025844A01,7,1,1
201400025849,2014-09-15,2014,septembre,lundi,17:50,35,35238,48.1099,-1.65548,2,2,3,1,1,4,2,01,1,1,000,000,1,0,1,4,1,19,5,1,8,00,2,1,1,201400025849A01,7,1,1
201400025850,2014-09-16,2014,septembre,mardi,90:0,35,35238,48.1279,-1.68345,2,2,7,1,1,4,3,02,1,1,000,000,1,5,1,4,1,35,5,1,8,00,0,0,1,201400025850A01,,,
201400025851,2014-09-17,2014,septembre,mercredi,13:44,35,35238,0,0,2,1,6,1,1,4,-1,01,1,1,000,000,1,0,1,3,1,20,0,1,4,00,2,1,1,201400025851B01,7,0,1
201400025853,2014-09-19,2014,septembre,vendredi,81:5,35,35238,48.0913,-1.65217,2,1,2,1,1,4,3,01,1,1,000,000,1,0,1,4,2,63,1,1,8,00,2,4,1,201400025853B01,7,0,1
201400025858,2014-09-25,2014,septembre,jeudi,14:35,35,35238,48.1145,-1.67943,2,2,6,1,1,4,-1,00,2,1,000,000,1,6,1,1,1,30,5,1,8,00,1,1,1,201400025858A01,,,
201400025863,2014-09-26,2014,septembre,vendredi,18:50,35,35278,48.1616,-1.68995,2,6,3,1,7,3,-1,02,1,-1,000,000,1,5,1,3,1,46,0,1,2,00,2,0,1,201400025863B01,7,2,1
201400025872,2014-10-04,2014,octobre,samedi,85:0,35,35238,48.1102,-1.68021,2,2,3,1,1,4,1,01,2,1,000,000,1,5,1,4,1,24,2,1,8,00,2,1,1,201400025872A01,7,1,1
201400025884,2014-10-10,2014,octobre,vendredi,11:45,35,35238,48.0835,-1.66098,2,3,6,1,1,4,3,02,1,1,000,000,1,5,1,4,1,68,5,1,2,00,2,1,1,201400025884B01,7,15,1
201400025889,2014-10-13,2014,octobre,lundi,14:20,35,35238,48.1041,-1.65012,2,6,3,1,8,4,2,02,1,1,000,000,1,5,1,4,1,81,5,1,2,00,2,2,1,201400025889B01,7,9,1
201400025897,2014-10-16,2014,octobre,jeudi,18:20,35,35238,48.1182,-1.67633,2,2,3,1,1,4,1,02,2,1,000,000,2,0,1,4,1,19,5,1,4,00,2,1,1,201400025897A01,7,1,1
201400025906,2014-10-21,2014,octobre,mardi,20:10,35,35238,48.1024,-1.67992,2,1,3,5,2,4,2,02,1,1,000,000,2,0,1,4,2,39,1,1,8,01,0,1,1,201400025906B01,7,20,1
201400025907,2014-10-22,2014,octobre,mercredi,75:0,35,35238,48.0877,-1.64463,2,6,3,5,8,4,3,02,1,3,000,000,2,5,1,4,2,59,5,1,4,00,2,1,1,201400025907B01,7,16,1
201400025908,2014-10-22,2014,octobre,mercredi,12:10,35,35238,48.1,-1.68662,2,2,3,1,1,4,3,02,3,1,000,000,1,5,1,4,1,29,2,1,8,00,2,1,9,201400025908A01,37,1,1
201400025910,2014-10-22,2014,octobre,mercredi,13:25,35,35238,48.1118,-1.64641,2,6,6,1,1,4,3,04,1,1,000,000,1,5,1,4,1,18,2,1,2,00,2,0,16,201400025910B01,10,9,1
201400025911,2014-10-22,2014,octobre,mercredi,22:15,35,35238,48.1271,-1.6933,2,1,3,5,1,4,2,02,2,1,000,000,1,0,1,4,1,34,5,1,4,00,2,1,1,201400025911B01,7,15,1
201400025919,2014-10-30,2014,octobre,jeudi,23:10,35,35238,48.1101,-1.68461,2,2,7,5,1,4,1,02,1,1,000,000,1,0,1,4,2,47,5,1,4,12,0,1,1,201400025919A01,,,
201400025921,2014-11-02,2014,novembre,dimanche,17:30,35,35051,48.12,-1.60641,2,3,3,1,8,4,2,02,-1,-1,000,000,2,0,1,4,2,44,0,1,4,00,2,0,15,201400025921B01,7,0,1
201400025931,2014-11-09,2014,novembre,dimanche,12:40,35,35238,48.1098,-1.67782,2,2,6,1,1,4,2,02,1,1,000,000,1,0,1,4,2,24,5,1,8,00,2,0,15,201400025931B01,30,1,1
201400025941,2014-11-14,2014,novembre,vendredi,18:10,35,35051,48.131,-1.62115,2,1,3,5,2,3,1,02,1,3,000,000,2,1,1,4,2,42,1,1,2,00,2,5,1,201400025941B01,7,1,1
201400025947,2014-11-18,2014,novembre,mardi,17:50,35,35238,48.1088,-1.67784,2,1,6,5,1,4,2,02,1,1,000,000,1,0,1,4,1,60,5,1,8,00,1,1,1,201400025947A01,,,
201400025950,2014-11-22,2014,novembre,samedi,18:09,35,35238,0,0,2,1,6,5,1,4,2,02,1,1,000,000,1,0,1,4,2,23,5,1,4,00,2,8,19,201400025950B01,33,1,1
201400025951,2014-11-22,2014,novembre,samedi,18:10,35,35238,48.1159,-1.65812,2,3,3,5,1,4,2,02,1,1,000,000,1,0,1,4,2,23,5,1,8,00,2,1,19,201400025951A01,33,1,1
201400025969,2014-12-06,2014,décembre,samedi,23:30,35,35238,48.115,-1.6828,2,1,6,3,1,4,1,01,2,1,000,000,1,0,1,4,2,20,5,1,8,00,2,7,1,201400025969A01,30,1,1
201400025970,2014-12-08,2014,décembre,lundi,18:35,35,35238,48.1097,-1.65635,2,3,3,5,2,4,2,02,1,1,000,000,2,0,1,4,1,22,2,1,4,00,2,0,19,201400025970A01,7,16,1
201400025974,2014-12-11,2014,décembre,jeudi,14:20,35,35238,48.0914,-1.65733,2,3,3,1,1,4,2,02,3,1,000,000,1,0,1,4,2,40,5,1,8,00,2,1,1,201400025974B01,7,16,1
201400025978,2014-12-13,2014,décembre,samedi,10:,35,35238,48.1051,-1.67753,2,2,3,5,2,4,1,01,1,1,000,000,2,5,1,4,2,22,5,1,4,00,2,1,1,201400025978B01,10,16,1
201400025982,2014-12-14,2014,décembre,dimanche,18:10,35,35281,48.08681,-1.70757,2,6,6,5,1,3,3,02,1,1,000,000,1,5,1,4,1,62,5,1,4,00,2,0,1,201400025982A01,7,15,1
201400025987,2014-12-16,2014,décembre,mardi,16:40,35,35238,48.1106,-1.66896,2,1,6,1,1,4,1,02,1,1,000,000,1,0,1,4,1,54,1,1,8,01,0,1,1,201400025987A01,,,
201400025988,2014-12-16,2014,décembre,mardi,13:20,35,35238,48.1193,-1.70461,2,3,3,1,1,4,2,02,1,1,000,000,1,0,5,4,1,21,2,1,2,00,2,9,1,201400025988B01,7,16,1
201400025993,2014-12-19,2014,décembre,vendredi,12:00,35,35238,48.1304,-1.65206,2,3,3,1,8,4,2,02,1,1,000,000,2,0,1,3,2,73,5,1,2,00,2,1,1,201400025993B01,10,16,1
201400025997,2014-12-23,2014,décembre,mardi,14:50,35,35238,48.1048,-1.65037,2,1,7,1,1,4,2,02,1,1,000,000,1,0,1,4,1,14,5,1,8,00,0,1,1,201400025997A01,,,
201400026026,2014-09-25,2014,septembre,jeudi,17:58,35,35288,48.65769,-1.99434,2,9,6,1,1,3,2,03,1,1,000,000,1,0,1,3,1,48,1,1,9,00,0,8,1,201400026026B01,7,0,1
201400026029,2014-11-01,2014,novembre,samedi,13:02,35,35288,48.62309,-1.99732,2,6,6,1,1,4,2,02,1,-1,000,000,1,0,0,3,1,26,5,1,9,00,0,0,1,201400026029B01,7,9,1
201400026036,2014-07-09,2014,juillet,mercredi,81:5,36,36044,46.8103,1.69384,2,2,3,1,8,4,2,02,1,1,000,000,1,0,1,4,1,59,5,1,2,00,2,1,1,201400026036B01,7,1,1
201400026050,2014-01-18,2014,janvier,samedi,19:33,36,36044,46.8024,1.69625,2,1,7,2,1,4,2,02,-1,-1,000,053,-1,0,0,1,2,22,0,1,9,00,1,0,0,201400026050A01,,,
201400026050,2014-01-18,2014,janvier,samedi,19:33,36,36044,46.8024,1.69625,2,1,7,2,1,4,2,02,-1,-1,000,053,-1,0,0,4,2,54,0,1,9,00,1,0,0,201400026050A01,,,
201400026051,2014-07-22,2014,juillet,mardi,11:14,36,36044,46.8167,1.71139,2,1,6,1,1,4,-1,02,1,1,000,070,1,0,1,4,2,31,9,1,9,00,2,7,17,201400026051B01,7,24,1
201400026054,2014-03-25,2014,mars,mardi,17:51,36,36044,46.7977,1.7059,2,3,3,1,1,4,2,02,1,1,000,067,1,0,1,4,1,11,5,1,9,00,2,8,19,201400026054B01,7,1,1
201400026082,2014-09-03,2014,septembre,mercredi,17:20,36,36044,0,0,2,1,3,1,1,4,2,02,1,1,000,000,1,0,1,3,1,60,9,1,9,00,2,1,0,201400026082A01,7,20,1
201400026088,2014-09-01,2014,septembre,lundi,12:20,36,36044,46.791,1.69407,2,3,1,1,1,4,2,00,1,1,000,000,1,0,1,4,1,48,5,1,9,00,2,1,1,201400026088B01,7,15,1
201400026105,2014-09-17,2014,septembre,mercredi,16:49,36,36159,46.7622,1.67846,1,6,3,1,1,3,2,02,1,2,000,070,1,0,1,4,2,58,5,1,2,00,2,8,2,201400026105B01,10,14,1
201400026125,2014-04-01,2014,avril,mardi,10:50,36,36159,46.764,1.68512,2,1,2,1,1,3,2,02,1,1,000,059,1,0,1,4,1,69,5,1,2,01,0,1,1,201400026125A01,7,23,1
201400026143,2014-11-21,2014,novembre,vendredi,13:45,36,36044,46.82,1.66448,2,6,3,1,1,4,1,02,1,3,000,000,1,0,1,4,1,54,5,1,2,00,2,1,1,201400026143B01,7,1,1
201400026150,2014-12-15,2014,décembre,lundi,18:30,36,36044,46.8173,1.6969,2,1,6,4,1,4,2,02,1,1,000,000,2,0,1,4,1,16,5,1,2,01,0,1,1,201400026150B01,7,22,1
201400026151,2014-12-16,2014,décembre,mardi,14:20,36,36044,46.8203,1.6973,2,1,3,1,1,4,2,02,1,1,000,000,1,0,4,4,1,16,5,1,9,00,2,1,0,201400026151B01,7,9,1
201400026162,2014-06-13,2014,juin,vendredi,10:10,36,36044,46.8043,1.70017,2,1,2,1,1,4,2,02,1,1,000,000,1,0,1,4,1,33,5,1,9,01,0,1,1,201400026162B01,7,22,1
201400026164,2014-06-23,2014,juin,lundi,80:5,36,36044,46.8143,1.6966,2,6,2,1,1,4,-1,02,3,1,000,090,1,0,0,4,1,23,0,1,2,00,2,4,2,201400026164B01,7,9,1
201400026165,2014-06-24,2014,juin,mardi,14:35,36,36044,46.7938,1.68757,2,4,3,1,1,4,2,02,1,1,000,000,1,0,1,4,1,15,5,1,9,00,2,4,17,201400026165A01,7,1,1
201400026166,2014-06-25,2014,juin,mercredi,15:06,36,36044,46.7999,1.72341,2,1,3,1,1,4,2,02,1,1,000,090,1,0,5,4,1,68,9,1,2,00,2,7,21,201400026166B01,10,20,1
201400026185,2014-02-03,2014,février,lundi,18:20,37,37261,0,0,2,1,3,5,1,4,2,02,1,1,000,000,1,0,5,4,2,22,2,1,2,00,2,1,1,201400026185B01,7,16,1
201400026202,2014-03-11,2014,mars,mardi,18:20,37,37195,0,0,2,1,7,1,1,4,2,02,1,1,000,020,1,0,5,4,2,28,5,1,9,00,0,0,1,201400026202A01,,,
201400026202,2014-03-11,2014,mars,mardi,18:20,37,37195,0,0,2,1,7,1,1,4,2,02,1,1,000,020,1,0,5,4,1,4,5,1,2,00,0,0,1,201400026202A01,,,
201400026219,2014-08-21,2014,août,jeudi,20:,37,37261,0,0,2,2,5,5,1,4,2,03,1,1,000,090,1,0,1,3,1,19,5,1,9,00,2,1,1,201400026219B01,2/ 7,1,2
201400026222,2014-08-25,2014,août,lundi,22:44,37,37261,0,0,2,1,6,5,3,4,1,00,1,1,000,160,2,0,4,4,1,21,0,1,9,00,1,1,0,201400026222A01,,,