Num_Acc,date,an,mois,jour,hrmn,dep,com,lat,long,agg,int,col,lum,atm,catr,circ,nbv,prof,plan,lartpc,larrout,surf,infra,situ,grav,sexe,age,trajet,secuexist,equipement,obs,obsm,choc,manv,vehiculeid,typevehicules,manoeuvehicules,numVehicules
201400026228,2014-10-04,2014,octobre,samedi,22:10,37,37261,0,0,2,1,7,5,2,4,1,01,1,1,000,040,2,0,4,4,2,32,5,1,9,00,0,8,0,201400026228A01,,,
201400026239,2014-01-22,2014,janvier,mercredi,10:55,37,37261,0,0,2,6,3,1,2,4,2,02,1,1,000,060,2,0,1,3,1,21,0,1,9,00,2,7,1,201400026239B01,7,1,1
201400026244,2014-02-03,2014,février,lundi,80:0,37,37122,0,0,2,1,7,1,1,4,2,02,2,1,000,060,7,0,1,3,1,26,5,1,9,00,0,0,1,201400026244A01,,,
201400026251,2014-02-15,2014,février,samedi,91:0,37,37233,0,0,2,1,7,1,1,9,3,02,1,1,000,050,2,0,1,4,2,66,1,1,9,00,0,0,0,201400026251B01,7,1,1
201400026255,2014-03-04,2014,mars,mardi,74:5,37,37261,0,0,2,1,7,1,1,4,1,01,1,1,000,120,2,4,1,3,1,59,1,1,9,00,0,0,1,201400026255A01,,,
201400026258,2014-03-05,2014,mars,mercredi,10:45,37,37261,0,0,2,1,7,1,1,4,1,01,1,1,000,040,1,0,1,3,2,58,3,1,9,01,0,1,1,201400026258B01,10,22,1
201400026300,2014-03-28,2014,mars,vendredi,13:30,37,37122,0,0,2,3,3,1,1,4,2,02,1,1,000,120,1,0,1,4,1,66,5,1,2,00,2,4,0,201400026300B01,7,16,1
201400026322,2014-05-21,2014,mai,mercredi,18:30,37,37261,0,0,2,1,3,1,3,4,2,04,1,1,020,160,2,0,1,4,1,16,5,1,9,00,2,8,19,201400026322B01,7,2,1
201400026323,2014-05-22,2014,mai,jeudi,13:00,37,37261,0,0,2,1,3,1,1,4,2,02,1,1,000,080,1,0,1,3,1,23,1,1,9,00,2,1,9,201400026323A01,7,1,1
201400026329,2014-06-08,2014,juin,dimanche,15:25,37,37233,0,0,2,1,7,1,1,4,2,02,1,-1,000,000,1,0,1,4,1,53,0,1,2,00,0,0,1,201400026329A01,,,
201400026333,2014-04-01,2014,avril,mardi,18:50,37,37261,0,0,2,1,7,1,1,9,1,01,1,1,000,030,1,0,1,4,2,19,2,1,9,00,2,1,1,201400026333B01,7,22,1
201400026334,2014-04-03,2014,avril,jeudi,80:0,37,37122,0,0,2,1,7,2,1,9,2,02,1,1,000,070,1,0,1,4,1,16,2,1,9,00,0,4,1,201400026334A01,,,
201400026361,2014-05-20,2014,mai,mardi,83:6,37,37261,0,0,2,1,3,1,2,4,1,01,1,1,000,060,2,0,1,4,1,42,0,1,4,00,2,1,2,201400026361B01,7,22,1
201400026370,2014-06-10,2014,juin,mardi,13:45,37,37261,0,0,2,2,7,1,8,4,2,03,1,1,000,000,2,0,1,3,1,51,1,1,2,00,0,0,15,201400026370A01,,,
201400026373,2014-06-17,2014,juin,mardi,15:55,37,37261,0,0,2,2,3,1,1,4,2,04,1,1,000,120,1,0,1,4,1,48,3,1,9,00,2,1,15,201400026373B01,7,15,1
201400026378,2014-06-22,2014,juin,dimanche,18:10,37,37261,0,0,2,1,6,1,1,9,2,01,1,1,000,060,1,0,0,4,2,79,5,1,9,00,0,6,2,201400026378A01,,,
201400026385,2014-03-14,2014,mars,vendredi,10:18,37,37261,0,0,2,1,7,1,1,4,2,00,-1,-1,000,000,-1,0,1,3,1,66,9,1,4,00,0,0,0,201400026385A01,,,
201400026393,2014-06-12,2014,juin,jeudi,14:15,37,37261,0,0,2,1,3,1,1,4,1,01,2,1,000,080,1,0,1,3,1,86,0,1,2,01,0,1,1,201400026393B01,7,22,1
201400026395,2014-06-20,2014,juin,vendredi,90:5,37,37261,0,0,2,1,7,1,1,4,3,02,1,1,000,070,1,0,1,4,1,44,1,1,9,00,2,8,1,201400026395B01,7,14,1
201400026396,2014-06-24,2014,juin,mardi,12:50,37,37195,0,0,2,1,3,1,1,4,-1,02,-1,-1,000,060,1,5,5,4,1,33,0,1,9,00,2,8,0,201400026396B01,7,1,1
201400026397,2014-06-26,2014,juin,jeudi,83:5,37,37261,0,0,2,6,3,1,1,4,1,01,2,1,000,060,1,5,1,4,2,22,0,1,9,00,2,7,9,201400026397B01,7,9,1
201400026399,2014-08-01,2014,août,vendredi,91:0,37,37261,0,0,2,6,3,1,1,4,3,03,1,1,030,070,1,0,1,4,2,29,1,1,9,00,2,1,1,201400026399B01,7,1,1
201400026414,2014-09-11,2014,septembre,jeudi,18:15,37,37261,0,0,2,1,7,1,1,4,3,04,1,1,000,030,1,0,1,4,2,37,1,1,9,00,2,1,1,201400026414B01,7,15,1
201400026416,2014-09-12,2014,septembre,vendredi,10:20,37,37261,0,0,2,6,7,1,1,4,3,01,1,3,000,070,1,0,1,4,2,74,5,1,9,00,0,1,1,201400026416B01,,,
201400026423,2014-06-17,2014,juin,mardi,81:0,37,37261,0,0,2,2,3,1,1,4,1,01,1,1,000,000,1,0,1,4,1,47,1,1,9,00,2,1,1,201400026423B01,7,1,1
201400026425,2014-06-20,2014,juin,vendredi,16:25,37,37208,0,0,2,1,6,1,1,4,2,02,2,1,000,070,1,0,1,4,2,13,2,1,9,00,0,0,0,201400026425A01,,,
201400026426,2014-06-21,2014,juin,samedi,13:15,37,37261,0,0,2,1,7,1,1,4,2,03,1,1,000,090,1,2,1,4,1,21,1,1,9,12,0,7,1,201400026426A01,,,
201400026429,2014-06-22,2014,juin,dimanche,94:0,37,37195,0,0,2,6,3,1,1,4,2,02,1,1,000,060,1,0,1,4,1,61,5,1,9,00,2,1,1,201400026429B01,7,1,1
201400026436,2014-07-03,2014,juillet,jeudi,20:30,37,37261,0,0,2,1,3,1,1,4,2,02,1,1,000,000,1,0,1,4,1,9,5,1,9,00,2,8,1,201400026436B01,7,1,1
201400026439,2014-05-14,2014,mai,mercredi,74:5,37,37261,0,0,2,1,7,1,2,4,-1,00,1,1,000,100,2,4,1,4,2,31,1,1,9,14,0,8,15,201400026439A01,,,
201400026444,2014-05-27,2014,mai,mardi,20:00,37,37261,0,0,2,1,3,1,1,4,1,01,1,-1,000,000,1,0,1,4,2,17,5,1,9,00,2,7,2,201400026444B01,7,1,1
201400026447,2014-07-07,2014,juillet,lundi,12:30,37,37122,0,0,2,6,3,1,1,4,1,01,1,1,000,040,1,0,1,4,2,48,5,1,9,00,2,7,1,201400026447B01,7,1,1
201400026449,2014-06-07,2014,juin,samedi,11:00,37,37214,0,0,1,1,6,1,1,4,2,02,2,1,020,040,1,0,1,4,1,14,0,1,9,08,0,1,1,201400026449A01,,,
201400026450,2014-07-16,2014,juillet,mercredi,19:22,37,37233,0,0,1,1,6,1,1,3,2,02,1,1,000,060,1,0,3,4,1,37,5,1,9,15,0,1,0,201400026450A01,,,
201400026453,2014-07-25,2014,juillet,vendredi,10:10,37,37195,0,0,1,1,6,1,1,3,2,02,1,1,000,060,1,0,1,4,1,57,5,1,2,00,5,0,2,201400026453A01,,,
201400026457,2014-08-21,2014,août,jeudi,14:05,37,37261,0,0,2,1,2,1,1,4,1,01,1,1,000,000,1,0,1,4,2,18,5,1,2,00,2,1,2,201400026457B01,7,20,1
201400026458,2014-08-22,2014,août,vendredi,13:45,37,37261,0,0,2,1,6,1,1,4,2,01,1,1,000,000,1,0,5,1,1,19,1,1,9,00,1,1,1,201400026458A01,,,
201400026481,2014-06-03,2014,juin,mardi,14:50,37,37261,0,0,2,1,3,1,1,4,1,01,1,1,000,050,1,0,1,4,1,13,2,1,9,00,2,5,9,201400026481A01,7,1,1
201400026490,2014-07-15,2014,juillet,mardi,15:30,37,37261,0,0,2,1,7,1,1,4,3,01,1,1,000,000,1,0,0,3,1,47,0,1,9,00,0,0,1,201400026490A01,,,
201400026492,2014-08-20,2014,août,mercredi,17:05,37,37261,0,0,2,3,3,1,1,4,2,02,1,1,000,070,1,0,1,4,1,76,5,1,9,00,2,1,5,201400026492A01,7,1,1
201400026497,2014-09-09,2014,septembre,mardi,80:5,37,37261,0,0,2,3,3,1,1,4,2,02,1,1,000,070,1,0,1,4,1,16,1,1,9,00,2,1,15,201400026497A01,7,15,1
201400026498,2014-09-12,2014,septembre,vendredi,15:40,37,37261,0,0,2,1,6,1,1,4,1,01,1,1,000,070,1,1,1,4,1,60,5,1,9,00,1,1,0,201400026498A01,,,
201400026508,2014-10-01,2014,octobre,mercredi,16:25,37,37261,0,0,2,2,3,1,1,4,2,02,1,1,000,080,1,0,1,4,2,40,1,1,9,00,2,8,1,201400026508B01,7,13,1
201400026514,2014-09-23,2014,septembre,mardi,19:00,37,37261,0,0,2,1,3,1,1,4,-1,02,1,-1,000,060,1,0,1,3,2,20,0,1,9,00,2,3,1,201400026514B01,7,16,1
201400026515,2014-09-23,2014,septembre,mardi,14:25,37,37261,0,0,2,2,3,1,1,4,1,01,1,1,000,035,1,0,1,4,2,27,1,1,9,00,2,1,1,201400026515A01,7,1,1
201400026516,2014-09-25,2014,septembre,jeudi,83:0,37,37233,0,0,2,1,7,1,1,4,2,02,1,1,000,070,1,0,1,4,2,59,1,1,9,00,2,1,1,201400026516B01,7,1,1
201400026519,2014-10-01,2014,octobre,mercredi,12:00,37,37261,0,0,2,3,3,1,1,4,1,01,1,1,000,060,1,0,1,3,2,58,0,1,9,00,2,1,1,201400026519B01,7,15,1
201400026520,2014-10-06,2014,octobre,lundi,84:0,37,37261,0,0,2,3,3,5,1,4,1,01,1,1,000,030,1,0,1,3,2,38,0,1,9,00,2,1,1,201400026520B01,7,15,1
201400026524,2014-10-10,2014,octobre,vendredi,16:05,37,37261,0,0,2,1,7,1,1,9,1,01,1,1,000,035,1,0,1,4,1,44,9,1,9,00,0,1,1,201400026524A01,,,
201400026528,2014-10-17,2014,octobre,vendredi,16:45,37,37261,0,0,2,1,7,1,1,4,3,02,1,1,000,070,1,0,1,4,1,50,5,1,9,00,2,1,1,201400026528A01,7,14,1
201400026531,2014-10-23,2014,octobre,jeudi,18:15,37,37261,0,0,2,3,3,5,1,4,1,01,1,1,000,040,1,0,1,3,2,20,9,1,9,00,2,1,1,201400026531B01,7,15,1
201400026533,2014-07-18,2014,juillet,vendredi,93:5,37,37261,0,0,2,1,7,1,1,4,-1,00,-1,-1,000,000,-1,0,1,4,2,36,0,1,9,00,0,0,0,201400026533A01,,,
201400026537,2014-10-02,2014,octobre,jeudi,91:5,37,37261,0,0,1,2,3,1,1,4,1,00,1,1,000,000,1,0,1,4,1,92,3,1,9,00,2,1,1,201400026537B01,7,15,1
201400026543,2014-10-07,2014,octobre,mardi,18:10,37,37195,0,0,2,3,3,1,2,4,2,02,1,1,000,070,2,0,1,4,2,22,2,1,9,00,2,2,1,201400026543B01,7,1,1
201400026555,2014-10-30,2014,octobre,jeudi,18:15,37,37261,0,0,2,3,3,5,1,4,2,02,1,1,000,070,1,0,1,4,1,77,5,1,9,00,2,8,15,201400026555A01,7,1,1
201400026565,2014-11-25,2014,novembre,mardi,85:5,37,37233,0,0,2,6,3,1,2,4,2,02,1,3,000,060,2,0,1,4,2,68,5,1,9,00,2,4,1,201400026565B01,7,9,1
201400026568,2014-10-03,2014,octobre,vendredi,16:33,37,37261,0,0,2,1,3,1,1,4,2,03,1,1,000,000,1,0,1,3,2,34,5,1,2,00,2,8,19,201400026568B01,7,1,1
201400026578,2014-11-02,2014,novembre,dimanche,15:10,37,37122,0,0,2,3,2,1,1,4,2,02,1,1,000,000,1,0,1,4,1,14,5,1,2,00,2,1,1,201400026578A01,7,16,1
201400026585,2014-11-26,2014,novembre,mercredi,13:40,37,37261,0,0,2,1,7,1,1,4,-1,01,1,1,000,000,1,0,4,4,1,31,1,1,2,00,0,0,1,201400026585A01,,,
201400026590,2014-12-02,2014,décembre,mardi,17:40,37,37208,0,0,2,6,3,2,2,4,2,02,1,1,000,000,2,0,1,4,1,17,2,1,4,00,2,5,1,201400026590B01,7,1,1
201400026599,2014-12-15,2014,décembre,lundi,54:0,37,37261,0,0,2,1,7,5,1,4,-1,00,1,1,000,000,7,0,4,4,2,27,1,1,4,00,0,0,1,201400026599A01,,,
201400026600,2014-12-15,2014,décembre,lundi,83:0,37,37261,0,0,2,1,7,1,1,4,2,04,1,1,000,000,1,0,4,4,1,61,1,1,2,00,0,0,1,201400026600A01,,,
201400026607,2014-11-01,2014,novembre,samedi,30:0,37,37261,0,0,2,1,1,5,1,4,1,01,1,1,000,052,1,0,1,1,1,33,9,1,4,00,2,1,21,201400026607B01,1,5,1
201400026607,2014-11-01,2014,novembre,samedi,30:0,37,37261,0,0,2,1,1,5,1,4,1,01,1,1,000,052,1,0,1,3,1,28,5,1,4,00,2,1,5,201400026607A01,1,21,1
201400026610,2014-12-06,2014,décembre,samedi,21:5,37,37261,0,0,2,1,1,5,1,4,2,01,1,1,000,044,1,0,1,3,1,37,9,1,4,00,2,1,1,201400026610B01,7,0,1
201400026637,2014-12-02,2014,décembre,mardi,55:6,37,37261,0,0,2,1,3,5,1,4,2,04,1,1,000,090,1,0,1,4,1,25,1,1,9,00,2,0,17,201400026637B01,20,10,1
201400026638,2014-12-02,2014,décembre,mardi,73:0,37,37261,0,0,2,3,6,4,2,4,1,01,1,1,000,060,2,0,1,4,1,28,1,1,9,08,0,1,1,201400026638A01,,,
201400026647,2014-09-17,2014,septembre,mercredi,14:00,37,37122,0,0,2,1,2,1,1,4,-1,00,-1,-1,000,000,-1,0,1,3,1,19,0,1,4,00,0,0,0,201400026647A01,7,0,1
201400026658,2014-12-16,2014,décembre,mardi,16:35,37,37233,0,0,2,1,3,1,8,4,2,02,1,1,000,060,2,0,1,3,1,13,0,1,9,00,2,8,19,201400026658A01,7,1,1
201400026659,2014-12-18,2014,décembre,jeudi,75:0,37,37122,0,0,2,1,3,2,2,4,3,02,2,1,010,050,2,0,1,3,1,40,1,1,9,00,2,1,1,201400026659B01,7,9,1
201400026663,2014-03-03,2014,mars,lundi,94:0,37,37233,0,0,2,1,3,1,1,9,2,02,1,1,000,060,1,0,1,4,2,46,4,1,4,00,2,0,0,201400026663B01,7,22,1
201400026666,2014-10-19,2014,octobre,dimanche,16:35,37,37233,0,0,1,1,7,1,1,4,-1,00,-1,-1,000,000,-1,0,1,4,1,25,0,1,4,00,0,0,0,201400026666A01,,,
201400026679,2014-09-26,2014,septembre,vendredi,14:10,37,37261,0,0,2,4,1,1,1,4,2,02,4,3,000,000,1,0,1,3,1,21,5,1,2,00,2,1,13,201400026679A01,7,1,1
201400026680,2014-04-07,2014,avril,lundi,12:15,37,37195,0,0,2,1,2,1,1,4,2,02,1,1,000,000,1,0,1,3,2,56,5,1,9,00,2,4,1,201400026680A01,7,2,1
201400026692,2014-06-08,2014,juin,dimanche,23:00,37,37261,0,0,2,1,6,5,1,4,1,01,1,1,000,070,1,0,1,3,2,21,0,1,4,01,0,7,14,201400026692A01,,,
201400026710,2014-09-24,2014,septembre,mercredi,12:45,37,37261,0,0,2,3,3,1,1,4,3,02,2,1,100,061,1,4,1,3,1,17,0,1,9,00,2,1,1,201400026710A01,7,23,1
201400026717,2014-10-30,2014,octobre,jeudi,80:5,37,37122,0,0,2,2,7,2,1,9,2,02,1,1,000,070,1,0,1,3,2,60,5,1,9,00,2,1,1,201400026717B01,14,16,1
201400026752,2014-01-20,2014,janvier,lundi,60:0,38,38185,0,0,2,1,6,5,2,3,2,02,1,1,000,000,2,0,1,4,1,56,1,1,9,00,2,4,2,201400026752B01,14,2,1
201400026759,2014-02-04,2014,février,mardi,81:7,38,38179,0,0,2,8,3,1,1,4,2,02,1,1,000,000,1,5,0,3,1,70,9,1,9,00,4,1,1,201400026759B01,39,1,1
201400026792,2014-05-01,2014,mai,jeudi,16:00,38,38423,0,0,2,1,7,1,1,3,2,02,1,1,000,000,1,0,1,3,1,24,5,1,2,00,0,0,0,201400026792A01,,,
201400026802,2014-05-15,2014,mai,jeudi,93:0,38,38516,0,0,2,1,6,1,1,4,2,01,1,1,000,000,1,0,5,4,1,59,0,1,9,00,2,1,1,201400026802B01,7,16,1
201400026804,2014-05-19,2014,mai,lundi,84:6,38,38421,0,0,2,1,3,1,1,4,2,02,1,1,000,000,1,0,1,4,1,70,3,1,9,00,0,1,19,201400026804B01,33,17,1
201400026805,2014-05-23,2014,mai,vendredi,11:40,38,38185,0,0,2,1,6,1,1,4,1,01,1,1,000,045,1,0,1,3,2,71,0,1,9,01,0,0,0,201400026805B01,7,22,1
201400026808,2014-05-26,2014,mai,lundi,11:45,38,38185,0,0,2,1,3,1,1,4,-1,00,1,1,000,068,1,0,1,4,1,32,0,1,4,00,0,1,1,201400026808A01,40,1,1
201400026823,2014-06-28,2014,juin,samedi,14:30,38,38185,0,0,2,1,6,1,1,6,-1,00,1,1,000,000,1,0,1,1,2,54,0,1,9,01,1,1,1,201400026823A01,,,
201400026823,2014-06-28,2014,juin,samedi,14:30,38,38185,0,0,2,1,6,1,1,6,-1,00,1,1,000,000,1,0,1,4,2,3,5,1,9,01,1,1,1,201400026823A01,,,
201400026827,2014-07-08,2014,juillet,mardi,44:0,38,38185,0,0,1,1,3,5,2,3,1,02,1,1,000,000,2,2,1,4,1,55,0,1,4,00,2,8,1,201400026827B01,7,1,1
201400026836,2014-07-18,2014,juillet,vendredi,10:40,38,38185,0,0,2,1,6,1,1,3,1,00,1,3,000,000,1,5,1,3,1,37,0,1,4,00,2,1,19,201400026836A01,7,9,1
201400026839,2014-07-30,2014,juillet,mercredi,15:00,38,38185,0,0,2,2,5,1,1,3,2,00,1,1,000,000,1,0,1,3,1,24,4,1,4,00,2,1,0,201400026839A01,7,1,2
201400026844,2014-08-06,2014,août,mercredi,10:15,38,38151,0,0,2,1,7,1,1,4,-1,00,1,3,000,036,1,0,1,3,1,56,0,1,9,09,0,1,0,201400026844A01,,,
201400026845,2014-08-06,2014,août,mercredi,13:40,38,38185,0,0,2,1,3,1,1,4,3,02,1,1,000,060,1,4,1,3,2,20,0,1,4,09,2,8,19,201400026845B01,7,1,1
201400026860,2014-09-25,2014,septembre,jeudi,10:32,38,38185,0,0,2,3,3,1,1,4,2,01,1,1,000,000,1,5,1,4,1,29,0,1,4,00,2,1,1,201400026860B01,7,15,1
201400026865,2014-10-06,2014,octobre,lundi,17:20,38,38185,0,0,2,1,6,1,1,4,-1,01,1,1,000,015,1,0,5,1,2,19,0,1,9,00,1,1,0,201400026865A01,,,
201400026884,2014-11-14,2014,novembre,vendredi,13:50,38,38185,0,0,2,1,6,1,1,4,-1,01,1,1,000,035,1,0,1,3,1,14,5,1,9,00,2,1,19,201400026884A01,7,1,1
201400026889,2014-11-27,2014,novembre,jeudi,10:30,38,38185,0,0,2,1,6,1,1,4,2,02,1,1,000,000,1,0,1,4,1,57,0,1,4,01,0,2,1,201400026889B01,7,22,1
201400026903,2014-09-27,2014,septembre,samedi,92:0,38,38544,0,0,2,9,3,1,7,4,2,02,2,2,000,109,1,0,1,3,1,60,5,1,9,00,2,8,1,201400026903B01,7,15,1
201400026907,2014-08-15,2014,août,vendredi,10:57,38,38544,0,0,2,1,3,1,1,4,3,02,1,1,000,000,2,5,5,3,1,64,5,1,9,00,2,1,1,201400026907B01,7,9,1
201400026908,2014-09-02,2014,septembre,mardi,16:00,38,38318,0,0,2,1,5,1,1,4,2,02,1,3,000,095,1,0,1,4,1,17,5,1,9,00,2,3,1,201400026908C01,7,1,1
201400026908,2014-09-02,2014,septembre,mardi,16:00,38,38318,0,0,2,1,5,1,1,4,2,02,1,3,000,095,1,0,1,4,1,16,5,1,9,00,2,3,1,201400026908B01,7,1,1
201400026910,2014-10-04,2014,octobre,samedi,14:30,38,38544,0,0,2,2,3,1,1,2,2,02,1,1,000,030,1,0,5,3,1,14,5,1,9,00,2,1,1,201400026910B01,7,9,1
201400026921,2014-12-09,2014,décembre,mardi,16:20,38,38563,0,0,2,1,6,1,1,4,2,02,1,3,000,073,1,0,4,1,1,18,5,1,2,00,1,1,1,201400026921A01,,,
201400026946,2014-05-10,2014,mai,samedi,10:45,40,40279,43.74539,-1.04798,2,3,6,1,1,4,2,02,1,1,000,070,1,0,1,4,1,14,5,1,9,00,2,1,1,201400026946B01,7,0,1
201400026967,2014-06-12,2014,juin,jeudi,18:30,40,40192,43.8882,-0.50605,2,1,6,1,1,4,2,02,1,1,000,000,1,0,1,3,1,48,0,1,2,00,2,8,13,201400026967A01,7,1,1
201400027012,2014-08-18,2014,août,lundi,11:55,41,41018,47.581,1.342,2,1,6,1,1,3,2,02,1,1,000,000,1,0,1,4,2,62,5,1,9,00,0,0,1,201400027012B01,7,22,1
201400027064,2014-06-12,2014,juin,jeudi,11:15,41,41226,47.806,1.069,2,6,3,1,1,4,2,02,1,4,000,080,1,0,1,3,2,50,1,1,9,00,2,1,1,201400027064B01,7,16,1
201400027087,2014-06-28,2014,juin,samedi,12:10,42,42095,45.39555,4.29194,2,1,3,1,1,4,4,02,1,1,000,000,1,6,1,4,1,11,5,1,9,00,2,1,0,201400027087B01,7,0,1
201400027091,2014-07-30,2014,juillet,mercredi,22:15,42,42183,45.40492,4.37404,2,1,3,5,1,3,2,02,1,1,000,000,1,0,1,4,1,15,5,1,4,00,2,1,1,201400027091B01,10,9,1
201400027098,2014-10-30,2014,octobre,jeudi,14:00,42,42316,45.40598,4.26773,2,1,3,1,1,3,1,00,1,2,000,000,1,0,1,4,1,44,5,1,9,00,2,2,1,201400027098B01,7,9,1
201400027116,2014-07-03,2014,juillet,jeudi,13:00,42,42186,45.53365,4.63082,2,3,3,1,1,4,2,02,1,1,000,090,1,0,5,4,1,38,5,1,9,00,2,1,1,201400027116B01,7,15,1
201400027122,2014-08-31,2014,août,dimanche,11:45,42,42186,45.53006,4.62173,2,1,1,1,1,4,2,02,1,1,000,100,1,0,1,3,1,62,5,1,2,00,2,8,1,201400027122B01,7,15,1
201400027129,2014-11-21,2014,novembre,vendredi,16:25,42,42225,45.54162,4.55833,1,1,1,1,1,3,-1,02,1,3,000,000,2,0,1,3,1,46,5,1,2,00,2,1,1,201400027129B01,7,13,1
201400027132,2014-01-10,2014,janvier,vendredi,12:10,42,42187,46.04232,4.07331,2,1,7,1,1,3,2,02,1,1,000,080,1,0,1,4,2,44,1,1,9,00,2,0,2,201400027132B01,7,2,1
201400027166,2014-04-10,2014,avril,jeudi,10:30,42,42071,46.02774,4.08509,2,1,6,1,1,4,2,02,1,1,000,090,1,0,1,1,1,53,5,1,9,00,1,0,1,201400027166A01,,,
201400027167,2014-04-12,2014,avril,samedi,18:30,42,42184,46.04242,4.04899,2,2,3,1,1,4,3,02,1,1,038,083,1,0,1,4,1,18,5,1,9,00,2,0,1,201400027167B01,7,15,1
201400027194,2014-06-16,2014,juin,lundi,12:00,42,42184,46.05719,4.04602,2,6,3,1,1,4,2,02,1,2,020,060,1,5,1,4,1,70,5,1,9,00,2,1,1,201400027194B01,10,16,1
201400027197,2014-06-21,2014,juin,samedi,17:45,42,42071,46.03013,4.08347,2,1,1,1,1,4,2,02,1,1,000,105,1,0,1,3,1,49,5,1,9,00,2,1,13,201400027197A01,2,5,1
201400027208,2014-07-04,2014,juillet,vendredi,17:55,42,42187,46.03691,4.07711,2,1,1,1,1,4,2,02,1,1,000,060,1,0,1,3,1,14,5,1,9,00,2,1,19,201400027208B01,7,1,1
201400027211,2014-07-15,2014,juillet,mardi,16:15,42,42187,46.03666,4.06432,2,1,2,1,1,4,4,02,1,2,020,070,1,5,1,4,1,34,1,1,9,00,2,1,1,201400027211A01,7,2,1
201400027221,2014-08-21,2014,août,jeudi,14:10,42,42184,46.04312,4.03246,2,3,3,1,1,4,2,02,1,1,000,060,1,0,1,4,1,70,5,1,9,00,2,8,1,201400027221B01,7,15,1
201400027222,2014-08-22,2014,août,vendredi,15:39,42,42187,46.03884,4.08423,2,3,3,1,1,4,2,02,1,1,000,060,1,0,1,4,1,15,5,1,9,00,2,1,1,201400027222B01,7,1,1
201400027263,2014-12-03,2014,décembre,mercredi,84:0,42,42187,46.03925,4.04563,2,1,3,1,2,3,2,02,1,1,000,060,2,0,1,4,1,72,5,1,9,00,2,8,2,201400027263B01,7,17,1
201400027273,2014-12-22,2014,décembre,lundi,15:45,42,42184,46.05248,4.04427,1,1,6,1,1,4,2,02,1,1,015,060,1,0,5,3,1,67,5,1,9,01,0,1,21,201400027273A01,,,
201400027291,2014-09-03,2014,septembre,mercredi,83:0,42,42207,45.47473,4.51171,2,1,3,1,1,4,2,00,2,1,075,085,1,5,5,3,1,36,1,1,2,00,2,3,1,201400027291B01,7,15,1
201400027291,2014-09-03,2014,septembre,mercredi,83:0,42,42207,45.47473,4.51171,2,1,3,1,1,4,2,00,2,1,075,085,1,5,5,4,2,2,2,1,3,00,2,3,1,201400027291B01,7,15,1
201400027309,2014-01-26,2014,janvier,dimanche,13:50,42,42218,45.43895,4.38286,2,3,6,1,1,4,1,01,1,1,000,030,1,0,1,4,1,44,5,1,9,00,2,6,9,201400027309A01,7,1,1
201400027312,2014-02-01,2014,février,samedi,11:48,42,42305,45.48233,4.43131,2,1,6,1,1,4,2,02,2,1,000,060,1,0,1,4,1,52,5,1,2,01,2,1,1,201400027312B01,7,1/24,2
201400027317,2014-02-10,2014,février,lundi,15:41,42,42218,45.43775,4.38752,2,3,6,1,1,4,1,01,1,1,000,030,1,0,1,4,1,21,0,1,9,00,1,1,9,201400027317A01,,,
201400027323,2014-02-23,2014,février,dimanche,16:40,42,42218,45.46336,4.38039,2,3,3,1,1,4,2,02,1,1,000,000,1,0,1,4,2,49,5,1,9,00,2,8,1,201400027323B01,30,1,1
201400027367,2014-06-09,2014,juin,lundi,17:40,42,42189,45.43239,4.32233,2,6,3,1,1,3,2,02,1,1,000,000,1,0,1,4,1,18,0,1,2,00,2,4,5,201400027367A01,7,16,1
201400027385,2014-07-15,2014,juillet,mardi,12:15,42,42218,45.42077,4.398,2,1,6,1,8,4,2,02,2,1,000,080,1,0,1,4,1,44,5,1,9,00,1,1,1,201400027385A01,,,
201400027394,2014-08-23,2014,août,samedi,13:50,42,42305,45.48232,4.43815,2,2,3,1,1,4,2,03,1,1,000,000,1,0,1,3,1,52,0,1,2,00,2,1,1,201400027394B01,7,1,1
201400027400,2014-09-11,2014,septembre,jeudi,11:55,42,42218,45.45953,4.38506,2,1,3,1,1,4,2,02,1,1,000,000,1,2,5,3,1,67,5,1,9,01,0,1,18,201400027400B01,7,22,1
201400027404,2014-09-16,2014,septembre,mardi,21:10,42,42218,45.44065,4.36953,2,1,3,5,1,4,2,04,2,3,000,000,1,0,1,4,1,50,0,1,9,00,2,8,2,201400027404B01,99,2,1
201400027443,2014-11-27,2014,novembre,jeudi,10:50,42,42218,45.42512,4.4206,2,2,3,1,1,4,2,02,3,1,000,000,1,0,0,4,2,54,5,1,2,00,2,8,1,201400027443B01,7,1,1
201400027449,2014-12-14,2014,décembre,dimanche,17:27,42,42237,45.45233,4.44736,2,1,1,1,1,4,2,02,2,1,000,060,1,0,1,4,1,21,0,1,4,00,2,1,1,201400027449B01,7,15,1
201400027468,2014-06-10,2014,juin,mardi,17:15,43,43041,45.0499,3.91668,1,3,3,1,1,3,2,02,1,1,000,070,1,0,1,3,1,27,1,1,2,00,2,6,15,201400027468B01,30,17,1
201400027470,2014-06-08,2014,juin,dimanche,20:10,43,43157,0,0,2,2,3,1,1,4,2,02,1,1,000,070,1,0,1,3,1,15,5,1,8,00,2,1,19,201400027470A01,10,1,1
201400027472,2014-06-12,2014,juin,jeudi,10:35,43,43041,45.0552,3.90904,2,6,3,1,1,2,-1,02,1,1,000,070,1,5,1,3,1,55,1,1,2,00,2,1,1,201400027472B01,7,16,1
201400027473,2014-06-20,2014,juin,vendredi,17:25,43,43157,45.048,3.89334,2,2,3,1,1,3,2,03,1,1,000,100,1,0,1,3,2,66,3,1,8,00,2,1,1,201400027473B01,7,15,1