Num_Acc,date,an,mois,jour,hrmn,dep,com,lat,long,agg,int,col,lum,atm,catr,circ,nbv,prof,plan,lartpc,larrout,surf,infra,situ,grav,sexe,age,trajet,secuexist,equipement,obs,obsm,choc,manv,vehiculeid,typevehicules,manoeuvehicules,numVehicules
201400027489,2014-10-11,2014,octobre,samedi,17:20,43,43251,0,0,2,1,3,1,1,4,2,02,1,1,000,140,1,0,1,4,1,57,5,1,2,00,2,8,2,201400027489B01,7,17,1
201400027492,2014-10-30,2014,octobre,jeudi,13:00,43,43157,0,0,2,1,6,1,1,9,-1,00,1,1,000,000,1,0,4,1,1,17,5,1,8,00,1,1,1,201400027492A01,,,
201400027496,2014-04-15,2014,avril,mardi,19:30,43,43157,0,0,2,2,3,1,1,4,2,02,2,3,000,070,1,0,1,3,1,7,5,1,8,00,2,1,15,201400027496B01,7,1,1
201400027508,2014-04-09,2014,avril,mercredi,16:10,44,44055,0,0,2,1,1,1,1,4,2,02,1,1,000,062,1,0,1,3,1,53,5,1,9,00,2,0,1,201400027508B01,7,5,1
201400027511,2014-04-16,2014,avril,mercredi,14:55,44,44055,0,0,2,1,3,1,1,4,2,02,1,3,000,057,1,0,1,4,1,16,5,1,9,00,2,3,13,201400027511A01,7,1,1
201400027512,2014-04-17,2014,avril,jeudi,30:,44,44132,0,0,2,1,7,5,1,4,2,02,1,1,000,072,1,0,1,4,1,23,5,1,9,00,0,0,1,201400027512A01,,,
201400027517,2014-04-30,2014,avril,mercredi,95:0,44,44055,0,0,2,6,3,1,1,4,1,01,1,1,000,066,1,0,1,4,1,47,5,1,2,00,2,7,1,201400027517B01,7,9,1
201400027518,2014-04-30,2014,avril,mercredi,12:05,44,44055,0,0,2,2,3,1,1,4,2,02,1,1,000,070,1,0,0,3,2,64,5,1,9,00,2,1,5,201400027518A01,7,1,1
201400027526,2014-06-01,2014,juin,dimanche,21:5,44,44132,0,0,2,1,7,5,1,4,2,02,1,1,000,060,1,0,4,4,1,31,5,1,9,12,0,1,1,201400027526A01,,,
201400027529,2014-06-29,2014,juin,dimanche,15:,44,44055,0,0,2,2,3,5,1,4,1,02,2,1,000,050,2,0,1,4,2,15,5,1,9,00,2,8,19,201400027529A01,7,1,1
201400027535,2014-07-14,2014,juillet,lundi,17:00,44,44055,0,0,2,1,2,1,1,4,2,02,1,1,000,050,1,0,1,3,2,80,5,1,2,00,2,4,2,201400027535B01,7,2,1
201400027536,2014-07-19,2014,juillet,samedi,16:40,44,44055,0,0,2,2,3,1,1,4,1,00,-1,2,000,000,1,0,0,4,2,54,0,1,2,00,0,8,1,201400027536B01,7,0,1
201400027539,2014-07-26,2014,juillet,samedi,11:40,44,44135,0,0,2,6,3,1,1,4,2,02,1,-1,000,060,1,0,1,4,1,89,5,1,2,00,2,4,1,201400027539B01,7,1,1
201400027542,2014-08-03,2014,août,dimanche,18:35,44,44055,0,0,2,1,3,1,1,4,1,01,1,1,000,050,1,0,1,3,1,47,5,1,2,01,0,1,1,201400027542B01,7,22,1
201400027545,2014-09-07,2014,septembre,dimanche,10:25,44,44055,0,0,2,1,2,1,1,4,1,01,1,1,000,076,1,0,1,3,1,40,5,1,2,00,2,4,13,201400027545A01,7,1,1
201400027546,2014-09-15,2014,septembre,lundi,19:35,44,44132,0,0,2,2,3,1,1,4,2,02,1,1,000,060,1,0,1,3,2,66,5,1,9,00,2,6,1,201400027546B01,7,19,1
201400027547,2014-09-18,2014,septembre,jeudi,18:40,44,44135,0,0,2,2,3,1,1,3,2,02,2,1,000,000,1,0,1,4,1,39,5,1,9,00,2,1,1,201400027547B01,7,15,1
201400027559,2014-11-01,2014,novembre,samedi,12:05,44,44132,0,0,1,3,3,1,1,4,2,02,1,1,000,060,1,5,1,4,1,17,0,1,9,00,2,8,15,201400027559B01,7,1,1
201400027576,2014-01-09,2014,janvier,jeudi,12:50,44,44109,0,0,2,1,3,1,1,4,2,02,4,1,000,060,1,0,5,4,1,24,9,1,9,00,2,1,1,201400027576B01,10,16,1
201400027579,2014-01-09,2014,janvier,jeudi,16:20,44,44109,0,0,2,1,6,1,1,4,2,02,2,1,000,000,1,0,1,4,2,67,3,1,4,00,2,8,1,201400027579B01,7,17,1
201400027587,2014-01-13,2014,janvier,lundi,14:50,44,44114,0,0,2,6,6,1,1,4,-1,00,-1,-1,000,000,-1,0,0,4,2,12,2,1,9,00,2,0,0,201400027587B01,99,0,1
201400027595,2014-02-09,2014,février,dimanche,12:23,44,44109,0,0,2,1,6,1,1,4,1,02,1,3,000,077,1,2,0,3,2,23,5,1,9,00,0,0,0,201400027595B01,7,11,1
201400027600,2014-02-14,2014,février,vendredi,11:31,44,44190,0,0,2,1,6,1,1,4,2,02,1,1,000,000,1,0,1,3,1,20,0,1,9,00,0,1,1,201400027600A01,,,
201400027602,2014-02-17,2014,février,lundi,16:25,44,44143,0,0,2,1,6,1,9,4,-1,00,-1,-1,000,000,-1,0,0,3,1,29,0,1,9,00,0,0,0,201400027602A01,,,
201400027622,2014-03-03,2014,mars,lundi,11:35,44,44109,0,0,2,1,3,1,8,4,2,02,2,1,000,059,2,0,1,3,2,15,5,1,2,00,2,8,19,201400027622B01,10,1,1
201400027629,2014-03-14,2014,mars,vendredi,13:00,44,44109,0,0,2,6,6,1,1,4,-1,00,1,-1,000,000,1,5,1,4,2,17,0,1,9,00,2,1,0,201400027629B01,7,0,1
201400027635,2014-03-22,2014,mars,samedi,21:17,44,44109,0,0,2,1,3,5,1,4,3,04,1,1,000,000,-1,0,1,3,1,25,0,1,9,01,0,0,19,201400027635A01,7,0,1
201400027638,2014-03-24,2014,mars,lundi,16:30,44,44109,0,0,2,6,3,1,2,4,1,00,1,2,000,000,2,0,1,3,1,38,0,1,9,00,2,0,0,201400027638B01,7,0,1
201400027647,2014-04-07,2014,avril,lundi,19:35,44,44109,0,0,2,6,3,1,1,4,3,02,1,1,014,030,1,0,1,4,1,58,5,1,2,00,2,1,1,201400027647B01,7,1,1
201400027687,2014-07-03,2014,juillet,jeudi,18:00,44,44109,0,0,2,1,3,1,1,4,-1,00,2,-1,000,000,-1,0,1,4,2,7,2,1,2,00,2,0,1,201400027687B01,99,0,1
201400027695,2014-06-05,2014,juin,jeudi,19:50,44,44143,0,0,2,1,6,1,9,4,-1,00,-1,-1,000,000,-1,0,0,4,2,39,0,1,9,00,2,1,7,201400027695B01,7,1,1
201400027708,2014-06-18,2014,juin,mercredi,14:00,44,44109,0,0,2,1,6,1,1,4,-1,00,1,1,000,000,1,0,5,3,1,14,0,1,2,00,0,0,0,201400027708B01,7,0,1
201400027713,2014-06-19,2014,juin,jeudi,21:26,44,44162,0,0,2,1,6,1,1,4,1,00,1,2,000,000,1,0,1,3,2,43,0,1,9,00,2,1,0,201400027713B01,7,0,1
201400027719,2014-06-23,2014,juin,lundi,19:45,44,44109,0,0,2,1,6,1,1,4,-1,00,-1,-1,000,000,-1,0,0,3,1,9,0,1,9,00,2,4,1,201400027719B01,7,1,1
201400027720,2014-06-27,2014,juin,vendredi,40:5,44,44109,0,0,2,1,6,5,1,4,2,02,1,1,000,060,1,0,1,2,1,20,0,1,2,00,2,0,2,201400027720B01,7,1,1
201400027726,2014-07-04,2014,juillet,vendredi,12:40,44,44109,0,0,2,1,2,1,1,4,-1,01,-1,-1,000,000,-1,0,1,4,2,36,0,1,9,00,2,4,16,201400027726B01,7,0,1
201400027728,2014-07-04,2014,juillet,vendredi,11:30,44,44109,0,0,2,1,7,1,1,4,-1,00,-1,-1,000,000,-1,0,0,4,1,26,0,1,2,00,0,0,0,201400027728A01,,,
201400027730,2014-07-08,2014,juillet,mardi,10:45,44,44114,0,0,2,1,6,1,1,4,2,00,-1,-1,000,000,-1,0,5,3,1,74,5,1,2,00,6,0,1,201400027730A01,,,
201400027742,2014-07-21,2014,juillet,lundi,21:00,44,44109,0,0,2,1,1,1,1,4,2,01,2,1,000,000,1,0,5,3,1,17,5,1,2,00,2,1,0,201400027742B01,1,0,1
201400027742,2014-07-21,2014,juillet,lundi,21:00,44,44109,0,0,2,1,1,1,1,4,2,01,2,1,000,000,1,0,5,4,1,15,5,1,2,00,2,1,0,201400027742A01,1,0,1
201400027745,2014-07-22,2014,juillet,mardi,20:40,44,44109,0,0,2,1,6,1,1,4,2,00,2,1,000,000,1,0,5,3,1,21,0,1,9,00,2,8,1,201400027745A01,7,16,1
201400027755,2014-08-11,2014,août,lundi,16:10,44,44143,0,0,2,6,3,1,1,4,2,01,-1,-1,000,000,1,0,1,4,1,66,0,1,9,00,2,1,1,201400027755B01,99,0,1
201400027776,2014-09-11,2014,septembre,jeudi,12:30,44,44109,0,0,2,7,6,1,9,9,-1,00,-1,-1,000,000,-1,0,1,4,1,61,0,1,9,00,2,0,0,201400027776B01,7,11,1
201400027781,2014-09-16,2014,septembre,mardi,17:15,44,44109,0,0,2,6,3,1,1,4,2,02,3,1,,,1,0,1,3,2,59,0,1,9,00,2,0,1,201400027781B01,13,16,1
201400027787,2014-08-19,2014,août,mardi,17:30,44,44109,0,0,2,1,3,1,9,4,-1,00,-1,-1,000,000,-1,0,1,3,2,58,0,1,9,00,2,8,0,201400027787B01,99,0,1
201400027792,2014-09-29,2014,septembre,lundi,17:30,44,44109,0,0,2,1,6,1,1,4,2,02,2,1,000,000,1,0,5,3,1,48,1,1,9,00,2,1,1,201400027792B01,7,16,1
201400027804,2014-10-08,2014,octobre,mercredi,18:45,44,44109,0,0,2,1,6,1,1,4,-1,02,-1,-1,000,000,-1,0,1,3,1,12,2,1,9,00,2,4,2,201400027804B01,7,0,1
201400027811,2014-10-20,2014,octobre,lundi,74:0,44,44109,0,0,2,1,3,2,1,4,2,02,-1,-1,000,000,-1,0,1,4,1,48,1,1,9,00,0,0,0,201400027811B01,7,0,1
201400027820,2014-10-26,2014,octobre,dimanche,12:05,44,44114,0,0,2,1,7,1,1,3,2,02,2,4,000,055,1,0,1,3,1,56,0,1,2,00,0,0,0,201400027820A01,,,
201400027823,2014-10-28,2014,octobre,mardi,17:00,44,44109,0,0,2,1,6,1,9,9,-1,02,-1,-1,000,000,-1,0,0,4,2,19,0,1,9,00,2,1,1,201400027823A01,7,0,1
201400027853,2014-11-24,2014,novembre,lundi,74:5,44,44109,0,0,2,1,7,2,9,4,-1,02,-1,-1,000,000,2,0,1,3,2,20,0,1,9,00,0,0,0,201400027853B01,7,0,1
201400027862,2014-12-01,2014,décembre,lundi,16:45,44,44109,0,0,2,1,3,1,8,4,2,00,2,1,000,063,1,0,5,3,2,32,0,1,9,00,2,1,1,201400027862B01,7,15,1
201400027868,2014-12-11,2014,décembre,jeudi,82:0,44,44109,0,0,2,3,6,1,1,4,1,00,-1,-1,000,000,-1,0,0,4,2,40,1,1,9,00,2,1,1,201400027868B01,7,15,1
201400027869,2014-12-06,2014,décembre,samedi,10:15,44,44162,0,0,2,9,3,1,1,4,2,00,1,-1,000,000,1,0,1,4,1,74,0,1,2,00,2,0,1,201400027869B01,10,1,1
201400027876,2014-12-18,2014,décembre,jeudi,83:0,44,44109,0,0,2,1,6,2,2,4,2,01,1,-1,000,000,2,0,1,3,1,22,0,1,2,00,1,0,0,201400027876A01,,,
201400027876,2014-12-18,2014,décembre,jeudi,83:0,44,44109,0,0,2,1,6,2,2,4,2,01,1,-1,000,000,2,0,1,3,2,35,0,1,9,00,1,0,0,201400027876A01,,,
201400027878,2014-12-08,2014,décembre,lundi,12:00,44,44109,0,0,2,1,5,1,1,4,-1,01,2,1,000,000,1,0,0,3,1,59,9,1,9,00,2,8,2,201400027878C01,7,0/2,2
201400027898,2014-02-18,2014,février,mardi,16:40,44,44184,0,0,2,1,3,1,1,4,2,04,1,1,000,000,1,0,1,4,1,12,2,1,9,00,2,3,1,201400027898B01,7,9,1
201400027905,2014-03-13,2014,mars,jeudi,14:10,44,44184,0,0,2,1,2,1,1,3,3,02,1,3,000,000,1,0,1,4,1,17,5,1,9,00,2,1,1,201400027905A01,10,1,1
201400027910,2014-04-17,2014,avril,jeudi,17:15,44,44184,0,0,2,6,3,1,1,4,1,01,1,2,000,000,1,0,1,4,1,80,5,1,9,00,2,8,11,201400027910B01,7,1,1
201400027917,2014-05-15,2014,mai,jeudi,12:10,44,44184,0,0,2,1,3,1,1,4,2,02,1,1,000,000,1,0,1,4,2,70,0,1,9,00,2,1,1,201400027917A01,2,1,1
201400027926,2014-06-15,2014,juin,dimanche,12:10,44,44184,0,0,2,2,3,1,1,4,2,02,1,1,000,000,1,0,1,4,1,9,0,1,2,00,2,1,1,201400027926B01,7,1,1
201400027931,2014-06-30,2014,juin,lundi,16:15,44,44184,0,0,2,2,3,1,1,4,2,02,1,1,000,000,1,0,1,4,1,13,5,1,9,00,2,1,15,201400027931A01,1,1,1
201400027931,2014-06-30,2014,juin,lundi,16:15,44,44184,0,0,2,2,3,1,1,4,2,02,1,1,000,000,1,0,1,4,2,62,5,1,9,00,2,1,1,201400027931B01,1,15,1
201400027958,2014-09-18,2014,septembre,jeudi,94:0,44,44184,0,0,2,1,3,1,1,3,2,02,2,1,000,065,1,0,1,4,1,72,5,1,9,00,2,3,1,201400027958B01,7,9,1
201400027960,2014-09-20,2014,septembre,samedi,14:20,44,44184,0,0,2,1,3,1,1,4,2,02,1,1,000,045,1,0,1,4,1,10,5,1,9,00,2,1,1,201400027960A01,7,1,1
201400027961,2014-09-24,2014,septembre,mercredi,64:0,44,44184,0,0,2,1,3,2,1,4,3,02,1,1,000,000,1,0,1,4,1,52,5,1,9,00,2,1,1,201400027961B01,7,9,1
201400027962,2014-09-26,2014,septembre,vendredi,84:5,44,44184,0,0,2,2,3,2,1,4,3,04,1,1,000,000,1,0,1,4,1,23,5,1,9,00,2,1,1,201400027962B01,33,15,1
201400027972,2014-10-13,2014,octobre,lundi,13:30,44,44184,0,0,2,2,3,1,1,4,2,02,2,1,000,000,1,0,1,4,1,14,2,1,9,00,2,1,1,201400027972B01,10,1,1
201400027975,2014-10-18,2014,octobre,samedi,14:25,44,44184,0,0,2,3,3,1,1,4,2,02,2,1,000,000,1,0,1,4,1,14,5,1,9,00,2,4,1,201400027975B01,7,15,1
201400027979,2014-10-28,2014,octobre,mardi,17:35,44,44184,0,0,2,6,3,1,1,4,2,02,1,1,000,000,1,0,1,4,1,63,1,1,9,00,2,1,1,201400027979B01,7,9,1
201400027991,2014-11-25,2014,novembre,mardi,18:45,44,44184,0,0,2,1,3,5,2,4,2,02,1,1,000,000,2,0,1,4,1,19,0,1,9,00,2,1,19,201400027991B01,7,1,1
201400027999,2014-12-19,2014,décembre,vendredi,12:15,44,44184,0,0,2,6,3,1,1,4,2,02,1,1,000,000,1,0,1,4,1,17,2,1,9,00,2,1,1,201400027999B01,7,1,1
201400028034,2014-04-16,2014,avril,mercredi,10:00,45,45338,47.98647,2.71218,2,2,3,1,1,4,2,02,1,1,000,060,1,0,1,3,1,77,3,1,9,00,2,8,1,201400028034B01,7,1,1
201400028040,2014-04-27,2014,avril,dimanche,10:20,45,45208,48.00249,2.73883,2,3,3,1,1,4,2,02,1,1,000,090,1,0,1,4,1,74,9,1,9,00,2,1,19,201400028040B01,7,1,1
201400028049,2014-05-24,2014,mai,samedi,16:45,45,45068,48.02343,2.73263,2,1,3,1,8,4,2,02,1,1,000,050,1,0,1,4,2,19,5,1,9,00,0,1,9,201400028049B01,7,1,1
201400028093,2014-12-17,2014,décembre,mercredi,80:5,45,45208,0,0,2,1,3,5,3,6,-1,00,-1,-1,000,000,2,0,0,4,1,19,1,1,9,00,2,1,1,201400028093B01,7,1,1
201400028100,2014-01-17,2014,janvier,vendredi,14:44,45,45169,47.90419,1.83584,2,6,1,1,1,4,2,02,1,1,000,058,1,0,1,3,1,73,9,1,9,00,2,1,1,201400028100B01,7,5,1
201400028105,2014-02-03,2014,février,lundi,12:17,45,45234,47.9048,1.91347,2,2,3,1,1,3,2,04,1,1,000,120,1,0,1,3,1,13,9,1,4,00,2,1,1,201400028105B01,7,15,1
201400028110,2014-02-07,2014,février,vendredi,15:55,45,45302,47.94978,1.88358,2,3,3,1,1,4,2,02,1,1,000,058,1,0,1,3,1,14,9,1,4,00,2,7,19,201400028110B01,7,16,1
201400028114,2014-02-26,2014,février,mercredi,10:35,45,45169,47.91598,1.84008,2,2,3,1,1,4,2,02,1,1,000,048,1,0,1,3,1,65,9,1,2,00,2,1,1,201400028114B01,7,1,1
201400028115,2014-03-02,2014,mars,dimanche,15:00,45,45169,47.91884,1.82864,2,1,3,1,1,3,2,02,1,1,000,051,1,0,1,4,2,17,0,1,9,00,2,8,1,201400028115B01,36,13,1
201400028126,2014-05-15,2014,mai,jeudi,82:0,45,45147,47.92133,1.90711,2,2,1,1,1,4,1,01,1,1,000,050,1,4,1,3,2,41,9,1,9,00,2,1,5,201400028126B01,10,16,1
201400028147,2014-08-20,2014,août,mercredi,17:45,45,45232,47.85419,1.91702,2,3,3,1,1,4,2,02,1,1,000,050,1,0,1,4,1,12,9,1,4,00,2,1,1,201400028147B01,7,1,1
201400028159,2014-09-24,2014,septembre,mercredi,14:30,45,45234,47.90846,1.93828,2,2,3,1,1,4,2,02,1,1,000,060,1,0,1,3,1,16,9,1,2,00,2,1,1,201400028159A01,38,1,1
201400028163,2014-10-03,2014,octobre,vendredi,11:18,45,45234,47.90893,1.89939,2,1,3,1,1,4,1,01,1,1,000,040,1,0,5,3,1,13,9,1,9,00,2,1,1,201400028163B01,7,9,1
201400028183,2014-12-15,2014,décembre,lundi,75:0,45,45234,0,0,2,1,1,2,1,4,2,01,1,1,000,070,1,0,1,4,1,14,2,1,9,00,2,1,0,201400028183B01,10,0,1
201400028193,2014-05-20,2014,mai,mardi,12:10,46,46042,44.44076,1.443,2,7,3,1,1,3,2,02,1,-1,000,058,1,0,1,4,1,59,4,1,9,00,2,7,1,201400028193B01,7,9,1
201400028196,2014-07-19,2014,juillet,samedi,14:50,46,46042,44.43194,1.45655,2,1,1,1,1,3,2,02,2,1,000,070,1,0,1,4,1,65,5,1,9,00,2,1,1,201400028196B01,7,15,1
201400028211,2014-02-10,2014,février,lundi,85:5,47,47001,0,0,2,2,3,1,2,3,2,02,1,1,000,000,2,0,1,3,2,42,1,1,2,00,2,1,1,201400028211A01,7,1,1
201400028216,2014-05-19,2014,mai,lundi,17:00,47,47001,0,0,2,1,3,1,1,4,3,04,1,1,000,000,1,0,1,3,1,83,5,1,2,00,2,1,19,201400028216A01,7,1,1
201400028222,2014-08-03,2014,août,dimanche,11:05,47,47001,0,0,2,1,1,1,1,4,1,01,1,1,000,000,2,0,1,4,2,73,5,1,9,01,9,1,1,201400028222B01,7,0,1
201400028225,2014-09-16,2014,septembre,mardi,83:0,47,47031,0,0,2,3,7,1,1,4,2,02,1,1,000,000,1,0,1,3,2,73,3,1,9,00,2,0,1,201400028225B01,7,1,1
201400028228,2014-10-09,2014,octobre,jeudi,17:30,47,47001,0,0,2,6,3,1,1,3,2,01,1,1,000,000,1,2,1,3,2,67,5,1,9,00,2,1,1,201400028228B01,7,9,1
201400028230,2014-10-20,2014,octobre,lundi,21:35,47,47001,0,0,2,1,2,5,1,3,2,01,1,1,000,000,1,2,1,2,2,16,5,1,9,00,2,4,1,201400028230B01,7,1,1
201400028238,2014-02-07,2014,février,vendredi,15:30,47,47323,0,0,2,6,3,1,1,3,1,01,1,2,000,000,1,0,0,4,1,79,5,1,9,00,2,1,1,201400028238B01,7,9,1
201400028243,2014-06-18,2014,juin,mercredi,15:45,47,47323,0,0,2,5,3,1,1,3,2,02,1,1,000,000,1,5,1,4,1,13,5,1,9,00,2,1,1,201400028243A01,7,1,1
201400028261,2014-01-06,2014,janvier,lundi,15:25,49,49007,47.47993,-0.52162,2,1,3,1,2,4,1,02,-1,-1,000,000,2,0,4,4,1,20,0,1,9,00,2,1,1,201400028261A01,7,1,1
201400028276,2014-01-27,2014,janvier,lundi,16:35,49,49007,47.47513,-0.59446,2,1,3,1,1,4,2,02,1,1,000,000,1,0,1,4,1,16,0,1,9,00,0,8,19,201400028276B01,7,1,1
201400028279,2014-02-05,2014,février,mercredi,74:4,49,49007,47.47418,-0.56712,2,1,3,5,2,4,2,02,1,1,069,069,2,0,1,3,2,22,0,1,4,00,0,0,0,201400028279B01,7,0,1
201400028281,2014-02-10,2014,février,lundi,75:5,49,49007,47.46092,-0.53943,2,1,7,2,2,4,2,01,1,1,060,060,2,0,1,1,1,23,0,1,9,00,1,0,0,201400028281A01,,,
201400028285,2014-02-11,2014,février,mardi,94:0,49,49007,47.45609,-0.53374,2,1,3,1,1,4,2,01,1,1,060,060,1,0,1,3,2,48,9,1,4,00,0,8,15,201400028285B01,7,0,1
201400028289,2014-02-11,2014,février,mardi,16:03,49,49007,47.47694,-0.5988,2,6,3,1,1,4,2,02,-1,-1,000,092,2,5,5,4,2,21,0,1,2,00,2,1,16,201400028289B01,7,16,1
201400028293,2014-02-14,2014,février,vendredi,17:35,49,49007,47.47034,-0.56923,2,6,3,1,8,4,2,02,1,-1,000,100,2,0,1,4,1,75,0,1,2,00,2,2,1,201400028293B01,7,9,1
201400028301,2014-02-21,2014,février,vendredi,85:6,49,49007,47.44948,-0.53028,1,1,2,1,1,4,2,02,1,1,000,000,1,0,1,4,1,13,0,1,9,00,2,8,15,201400028301B01,7,0,1
201400028304,2014-02-22,2014,février,samedi,11:40,49,49007,47.46703,-0.55476,2,1,6,1,1,4,-1,02,-1,1,000,000,1,0,5,1,1,29,0,1,9,00,1,1,0,201400028304A01,,,
201400028315,2014-03-15,2014,mars,samedi,17:55,49,49007,47.47113,-0.53113,2,2,5,1,1,4,2,04,1,1,000,000,1,0,1,4,2,16,0,1,9,00,2,1,15,201400028315A01,7,1,2
201400028333,2014-04-02,2014,avril,mercredi,17:00,49,49246,47.42248,-0.52368,2,1,2,1,1,4,2,02,2,1,000,000,1,0,1,3,1,59,0,1,2,00,2,1,1,201400028333A01,1,1,1
201400028333,2014-04-02,2014,avril,mercredi,17:00,49,49246,47.42248,-0.52368,2,1,2,1,1,4,2,02,2,1,000,000,1,0,1,1,1,67,0,1,2,00,2,4,1,201400028333B01,1,1,1
201400028340,2014-04-04,2014,avril,vendredi,13:50,49,49007,47.47649,-0.53289,2,1,6,1,1,4,2,01,1,1,060,060,1,0,1,3,2,22,0,1,9,00,2,1,9,201400028340B01,7,9,1
201400028341,2014-04-10,2014,avril,jeudi,18:16,49,49007,47.4646,-0.55042,2,1,7,1,1,4,-1,01,1,-1,000,040,1,0,1,3,2,42,0,1,9,00,1,7,1,201400028341A01,,,
201400028343,2014-04-09,2014,avril,mercredi,15:10,49,49007,47.47629,-0.53907,2,3,3,1,1,4,1,01,-1,1,000,060,1,0,1,4,2,12,5,1,9,00,2,1,15,201400028343A01,7,1,1
201400028352,2014-04-15,2014,avril,mardi,16:10,49,49007,47.45337,-0.52593,2,6,3,1,1,4,1,01,1,-1,000,060,1,0,1,4,2,22,0,1,9,00,2,1,9,201400028352A01,7,1,1
201400028357,2014-04-16,2014,avril,mercredi,19:00,49,49007,47.47862,-0.58549,2,1,6,1,1,4,2,02,1,1,000,000,1,0,4,1,1,20,5,1,9,00,1,1,0,201400028357A01,,,
201400028359,2014-04-12,2014,avril,samedi,18:36,49,49007,47.45366,-0.52574,2,1,7,1,1,4,2,02,-1,1,000,000,1,0,5,3,1,77,0,1,9,00,0,0,0,201400028359A01,,,
201400028368,2014-04-25,2014,avril,vendredi,74:8,49,49007,47.4552,-0.57299,2,1,3,1,1,4,-1,01,1,-1,000,050,1,0,1,3,1,31,0,1,9,00,2,1,0,201400028368B01,7,0,1
201400028377,2014-05-13,2014,mai,mardi,12:30,49,49007,47.48964,-0.51472,2,1,6,1,1,4,2,02,1,1,000,060,1,0,1,3,1,14,2,1,2,01,0,1,1,201400028377A01,,,
201400028380,2014-05-19,2014,mai,lundi,14:20,49,49007,47.47323,-0.55844,2,1,6,1,1,4,1,01,1,1,000,033,1,0,1,4,1,60,5,1,9,00,2,0,1,201400028380B01,7,1,1
201400028381,2014-05-16,2014,mai,vendredi,16:55,49,49007,47.46854,-0.55867,2,6,3,1,1,4,2,02,1,1,000,060,1,0,1,4,2,22,2,1,9,00,2,0,0,201400028381B01,7,15,1
201400028387,2014-05-16,2014,mai,vendredi,17:16,49,49007,47.46972,-0.54774,2,1,6,1,1,4,2,02,1,1,000,060,1,0,1,4,2,15,2,1,9,00,2,0,1,201400028387B01,7,1,1
201400028390,2014-05-17,2014,mai,samedi,17:26,49,49007,47.48722,-0.58099,2,1,7,1,1,4,2,02,1,1,000,050,1,0,1,4,1,12,5,1,9,01,0,1,1,201400028390A01,,,
201400028391,2014-05-16,2014,mai,vendredi,18:36,49,49007,47.46608,-0.5471,2,1,6,1,1,4,1,02,1,1,000,060,1,0,1,4,1,19,5,1,9,00,1,1,1,201400028391A01,,,
201400028391,2014-05-16,2014,mai,vendredi,18:36,49,49007,47.46608,-0.5471,2,1,6,1,1,4,1,02,1,1,000,060,1,0,1,1,2,58,5,1,9,00,1,1,1,201400028391A01,,,
201400028394,2014-05-22,2014,mai,jeudi,12:17,49,49007,47.48062,-0.60388,2,1,6,1,1,4,2,02,1,1,000,060,1,0,1,4,2,21,0,1,9,00,2,0,1,201400028394B01,7,1,1
201400028396,2014-05-24,2014,mai,samedi,15:20,49,49007,47.47437,-0.56021,2,2,6,1,1,4,2,02,1,1,000,060,1,0,1,4,2,46,5,1,9,00,2,8,1,201400028396B01,7,15,1
201400028404,2014-05-30,2014,mai,vendredi,18:48,49,49007,47.47116,-0.54934,2,1,6,1,1,4,2,02,1,1,000,060,1,0,1,4,2,49,0,1,9,00,5,1,1,201400028404A01,,,
201400028408,2014-06-07,2014,juin,samedi,10:50,49,49007,47.48241,-0.58081,2,3,7,1,2,4,-1,02,-1,-1,000,070,2,0,0,3,1,90,5,1,9,00,0,0,0,201400028408A01,,,
201400028411,2014-06-12,2014,juin,jeudi,14:20,49,49007,47.46425,-0.53139,2,6,6,1,1,4,3,02,1,1,000,040,1,0,1,4,2,21,5,1,9,00,2,0,1,201400028411B01,7,1,1
201400028412,2014-06-13,2014,juin,vendredi,18:59,49,49007,47.45691,-0.532,2,1,6,1,1,4,-1,02,1,1,000,055,1,0,1,4,2,20,5,1,9,00,2,0,1,201400028412B01,7,22,1
201400028413,2014-06-13,2014,juin,vendredi,19:17,49,49007,47.47435,-0.55237,2,2,3,1,1,4,1,02,1,1,000,050,1,0,1,4,1,24,5,1,9,00,2,0,1,201400028413B01,7,1,1
201400028417,2014-06-20,2014,juin,vendredi,82:5,49,49007,47.47842,-0.56475,2,2,3,1,1,4,2,02,1,1,000,060,1,0,1,4,1,11,2,1,2,00,2,0,15,201400028417B01,7,1,1
201400028418,2014-06-22,2014,juin,dimanche,10:57,49,49246,47.4371,-0.51467,2,6,6,1,1,4,3,02,1,1,000,120,1,0,1,4,1,50,5,1,9,00,2,0,1,201400028418B01,7,16,1
201400028427,2014-07-02,2014,juillet,mercredi,16:28,49,49007,47.47102,-0.5459,2,1,6,1,1,4,-1,03,1,1,000,070,1,0,1,4,2,64,5,1,9,00,1,0,1,201400028427A01,,,
201400028427,2014-07-02,2014,juillet,mercredi,16:28,49,49007,47.47102,-0.5459,2,1,6,1,1,4,-1,03,1,1,000,070,1,0,1,1,1,18,5,1,9,00,1,0,1,201400028427A01,,,
201400028434,2014-07-07,2014,juillet,lundi,17:20,49,49007,47.4458,-0.56592,2,1,6,1,1,4,2,02,1,1,000,080,1,0,1,4,1,10,5,1,9,00,2,0,19,201400028434B01,7,1,1
201400028441,2014-07-18,2014,juillet,vendredi,17:45,49,49015,47.51149,-0.59264,2,1,1,1,1,4,-1,01,1,1,000,030,1,0,1,4,1,40,1,1,2,00,2,1,1,201400028441B01,2,1,1
201400028446,2014-07-28,2014,juillet,lundi,11:57,49,49007,47.47473,-0.56087,2,2,6,1,1,4,2,02,1,1,000,060,1,0,1,4,1,16,5,1,2,00,2,0,1,201400028446B01,7,15,1