Num_Acc,date,an,mois,jour,hrmn,dep,com,lat,long,agg,int,col,lum,atm,catr,circ,nbv,prof,plan,lartpc,larrout,surf,infra,situ,grav,sexe,age,trajet,secuexist,equipement,obs,obsm,choc,manv,vehiculeid,typevehicules,manoeuvehicules,numVehicules
201400028457,2014-08-28,2014,août,jeudi,12:50,49,49007,47.47466,-0.5529,2,1,3,1,1,4,1,01,2,1,000,043,1,0,1,4,1,34,0,1,2,01,0,1,1,201400028457B01,7,22,1
201400028457,2014-08-28,2014,août,jeudi,12:50,49,49007,47.47466,-0.5529,2,1,3,1,1,4,1,01,2,1,000,043,1,0,1,1,2,3,0,1,2,01,0,1,1,201400028457B01,7,22,1
201400028465,2014-09-04,2014,septembre,jeudi,17:33,49,49007,47.45383,-0.52698,2,1,6,1,1,4,2,02,1,1,000,070,1,0,1,4,1,23,0,1,2,01,0,7,1,201400028465B01,7,22/1,2
201400028474,2014-09-18,2014,septembre,jeudi,17:50,49,49015,47.5094,-0.59257,2,1,2,1,1,9,1,01,1,1,000,030,1,0,4,4,1,38,0,1,9,00,0,1,0,201400028474A01,7,20,1
201400028484,2014-09-23,2014,septembre,mardi,17:00,49,49007,47.47283,-0.55615,2,1,6,1,1,4,-1,02,1,1,000,060,1,0,1,4,1,20,5,1,2,00,2,0,1,201400028484B01,7,1,1
201400028488,2014-09-25,2014,septembre,jeudi,14:45,49,49007,47.45953,-0.60336,2,1,7,1,1,4,-1,01,1,1,000,030,1,0,1,4,1,17,0,1,9,00,0,0,1,201400028488A01,,,
201400028491,2014-09-26,2014,septembre,vendredi,20:39,49,49007,47.47682,-0.54075,2,6,3,3,1,4,2,02,1,1,000,059,1,0,0,3,1,38,1,1,4,00,0,2,1,201400028491B01,7,16,1
201400028494,2014-09-29,2014,septembre,lundi,16:25,49,49007,47.4754,-0.54914,2,2,3,1,1,4,1,01,1,1,000,052,1,0,5,4,1,68,5,1,4,00,0,4,2,201400028494B01,7,2,1
201400028495,2014-09-29,2014,septembre,lundi,75:1,49,49007,47.45596,-0.55383,2,1,7,2,1,4,1,02,1,1,000,029,1,0,1,4,1,40,1,1,2,00,0,0,1,201400028495A01,,,
201400028503,2014-10-06,2014,octobre,lundi,15:45,49,49007,47.46884,-0.54174,2,1,2,1,3,4,-1,03,1,1,000,083,2,0,0,4,1,42,0,1,4,00,0,1,1,201400028503B01,7,24,1
201400028509,2014-10-09,2014,octobre,jeudi,15:05,49,49007,47.47132,-0.5469,2,2,3,1,1,4,1,02,1,1,000,060,1,0,1,4,2,27,0,1,4,00,0,0,1,201400028509B01,7,15,1
201400028517,2014-10-14,2014,octobre,mardi,17:44,49,49007,47.48788,-0.55409,2,6,3,1,1,4,2,02,1,-1,000,060,1,0,1,4,1,21,2,1,2,00,2,0,1,201400028517A01,7,1,1
201400028521,2014-10-16,2014,octobre,jeudi,94:4,49,49007,47.46842,-0.55022,2,2,6,1,1,4,1,02,1,1,000,056,1,0,1,4,1,61,5,1,2,00,2,0,16,201400028521B01,7,16,1
201400028523,2014-10-19,2014,octobre,dimanche,13:4,49,49007,47.47219,-0.54097,2,2,3,5,1,4,-1,02,1,1,000,060,1,0,1,4,1,34,0,1,4,00,0,0,19,201400028523A01,7,15,1
201400028526,2014-10-18,2014,octobre,samedi,16:35,49,49015,47.49053,-0.58267,2,6,3,1,1,4,-1,02,1,1,000,060,1,0,1,4,1,31,9,1,4,00,0,0,19,201400028526A01,7,16,1
201400028530,2014-10-23,2014,octobre,jeudi,91:0,49,49353,47.44072,-0.49841,2,6,3,1,1,4,2,02,1,1,000,060,1,0,1,3,1,60,5,1,4,00,0,0,1,201400028530B01,7,1,1
201400028531,2014-10-23,2014,octobre,jeudi,16:10,49,49007,47.46973,-0.56189,2,3,3,1,1,4,-1,02,1,1,000,072,1,0,1,4,2,19,1,1,2,00,0,3,2,201400028531A01,38,2,1
201400028541,2014-10-30,2014,octobre,jeudi,20:30,49,49007,47.47504,-0.52534,2,4,3,3,1,4,-1,02,1,1,000,060,1,0,1,4,1,50,9,1,4,00,0,1,1,201400028541B01,7,15,1
201400028552,2014-11-10,2014,novembre,lundi,19:25,49,49007,47.48625,-0.57899,2,1,3,5,2,4,-1,01,1,1,000,060,2,0,1,4,1,24,5,1,4,00,0,1,1,201400028552B01,7,4,1
201400028557,2014-11-06,2014,novembre,jeudi,74:5,49,49007,47.47202,-0.56714,2,6,3,1,1,4,1,03,1,1,000,100,1,0,1,4,2,22,1,1,4,00,0,1,2,201400028557B01,7,15,1
201400028569,2014-11-25,2014,novembre,mardi,18:46,49,49007,47.48708,-0.55496,2,1,6,5,5,4,2,02,1,1,000,070,1,0,1,4,1,17,5,1,9,00,4,0,1,201400028569A01,40,1,1
201400028577,2014-12-03,2014,décembre,mercredi,13:05,49,49007,47.47349,-0.58833,2,1,2,1,1,4,2,02,1,1,000,080,1,0,1,3,1,19,5,1,9,00,2,4,1,201400028577B01,7,1,1
201400028592,2014-12-15,2014,décembre,lundi,20:50,49,49007,47.46943,-0.54922,2,3,7,5,1,4,2,05,1,1,000,065,2,0,1,1,1,35,9,1,4,00,1,0,17,201400028592A01,,,
201400028597,2014-12-18,2014,décembre,jeudi,19:23,49,49007,47.46857,-0.55866,2,6,6,5,1,4,2,02,1,1,000,060,1,0,1,1,1,31,9,1,4,00,1,0,1,201400028597A01,,,
201400028599,2014-12-19,2014,décembre,vendredi,19:25,49,49007,47.4831,-0.54918,2,3,3,5,2,4,3,02,1,1,000,046,2,0,1,4,1,28,1,1,4,00,0,6,1,201400028599B01,7,2,1
201400028622,2014-04-01,2014,avril,mardi,83:0,49,49099,47.05567,-0.87642,2,6,3,1,1,4,-1,02,2,1,000,060,1,0,0,3,2,56,1,1,2,00,2,8,2,201400028622B01,7,9,1
201400028643,2014-07-17,2014,juillet,jeudi,17:35,49,49099,47.04182,-0.88513,2,1,3,1,1,4,2,04,1,1,000,000,1,0,1,4,1,81,5,1,2,00,2,8,1,201400028643B01,10,16,1
201400028660,2014-11-04,2014,novembre,mardi,74:5,49,49099,47.05977,-0.90075,2,3,3,2,8,4,2,02,1,1,000,000,2,0,1,4,2,14,2,1,2,00,2,6,23,201400028660B01,7,15,1
201400028672,2014-01-29,2014,janvier,mercredi,12:25,49,49328,47.26513,-0.10105,2,6,7,1,1,4,1,01,1,2,000,000,1,0,1,4,2,3,2,1,2,00,2,0,1,201400028672B01,7,9,1
201400028677,2014-02-26,2014,février,mercredi,14:15,49,49328,47.25318,-0.07877,2,1,6,1,1,4,1,01,1,1,000,000,1,0,1,4,2,21,5,1,2,01,0,1,1,201400028677B01,7,24,1
201400028678,2014-02-26,2014,février,mercredi,18:20,49,49328,47.26718,-0.06978,2,6,3,2,1,3,2,02,1,1,000,000,1,0,1,4,2,61,5,1,9,00,2,1,1,201400028678B01,10,9,1
201400028681,2014-03-18,2014,mars,mardi,10:05,49,49328,47.26021,-0.08908,2,6,6,1,8,4,2,04,1,1,000,098,1,0,1,3,2,58,5,1,2,00,2,3,1,201400028681B01,15,1,1
201400028692,2014-04-15,2014,avril,mardi,11:40,49,49328,47.26124,-0.09863,2,6,3,1,1,4,1,01,1,2,038,059,1,0,1,3,2,67,5,1,9,00,2,7,1,201400028692B01,7,15,1
201400028701,2014-05-19,2014,mai,lundi,75:5,49,49328,47.24691,-0.07707,2,6,3,1,1,4,2,02,1,1,000,000,1,0,1,4,2,51,0,1,2,00,2,1,1,201400028701B01,7,9,1
201400028710,2014-06-28,2014,juin,samedi,15:05,49,49328,47.2489,-0.09091,2,1,7,1,3,4,2,02,1,1,000,000,2,1,1,3,1,32,5,1,2,00,0,7,1,201400028710A01,,,
201400028718,2014-08-06,2014,août,mercredi,18:20,49,49328,47.24673,-0.06371,2,6,3,1,1,3,2,02,2,1,000,000,1,5,1,4,1,18,5,1,2,00,2,1,1,201400028718A01,7,1,1
201400028728,2014-09-15,2014,septembre,lundi,22:10,49,49328,47.27126,-0.07723,1,1,2,3,1,3,2,02,1,1,000,000,1,0,1,4,1,27,5,1,2,00,2,4,1,201400028728B01,2,1,1
201400028730,2014-09-22,2014,septembre,lundi,17:55,49,49328,47.2791,-0.05683,2,1,2,1,1,6,-1,00,1,1,000,000,1,0,1,4,1,58,5,1,9,00,2,1,1,201400028730B01,7,4,1
201400028736,2014-10-24,2014,octobre,vendredi,17:00,49,49328,47.25633,-0.07677,2,2,3,1,1,4,1,01,1,1,000,000,1,0,1,4,1,31,5,1,2,00,2,1,1,201400028736B01,7,1,1
201400028756,2014-01-14,2014,janvier,mardi,14:05,50,50129,49.634,-1.6225,2,2,6,1,1,3,2,02,1,1,000,000,1,5,1,4,2,17,2,1,2,00,0,0,1,201400028756A01,,,
201400028757,2014-01-15,2014,janvier,mercredi,74:0,50,50129,49.6345,-1.61376,2,1,3,5,1,3,1,01,1,1,000,090,2,0,1,4,1,17,2,1,2,00,2,1,1,201400028757B01,7,9,1
201400028759,2014-01-18,2014,janvier,samedi,10:15,50,50173,49.6569,-1.66166,2,4,3,1,1,4,2,02,2,4,000,052,1,5,1,4,1,77,5,1,2,00,2,1,1,201400028759B01,7,4,1
201400028761,2014-01-21,2014,janvier,mardi,17:40,50,50602,49.6395,-1.60401,2,1,6,5,2,4,2,02,1,1,000,000,2,0,1,4,1,15,2,1,2,01,0,1,14,201400028761A01,,,
201400028794,2014-04-06,2014,avril,dimanche,17:55,50,50129,49.6242,-1.64451,2,3,3,1,1,4,2,02,1,1,000,060,1,5,1,3,1,14,5,1,2,00,2,1,9,201400028794A01,7,1,1
201400028799,2014-04-18,2014,avril,vendredi,10:40,50,50602,49.6498,-1.5662,2,3,3,1,1,4,2,02,1,1,000,000,1,0,1,4,1,54,5,1,2,00,2,1,1,201400028799B01,14,15,1
201400028814,2014-06-03,2014,juin,mardi,16:10,50,50129,49.6423,-1.62221,2,1,6,1,1,4,3,04,1,1,040,060,1,0,1,4,1,52,5,1,2,00,1,1,1,201400028814A01,,,
201400028816,2014-06-04,2014,juin,mercredi,19:15,50,50129,49.6426,-1.64059,2,1,6,1,1,4,2,02,1,1,000,000,1,0,1,4,1,45,5,1,2,01,0,1,1,201400028816B01,7,22,1
201400028818,2014-06-06,2014,juin,vendredi,73:0,50,50173,49.6483,-1.64915,2,3,2,1,1,4,1,01,1,1,000,000,1,0,1,4,1,36,5,1,2,00,2,1,2,201400028818A01,7,2,1
201400028836,2014-07-07,2014,juillet,lundi,16:20,50,50173,49.6539,-1.64909,2,2,3,1,1,3,2,02,1,1,000,000,1,0,1,3,1,69,5,1,2,00,2,5,19,201400028836A01,10,1,1
201400028843,2014-07-22,2014,juillet,mardi,16:35,50,50173,49.6501,-1.65197,2,2,3,1,1,4,2,02,1,1,000,000,1,0,1,4,1,13,5,1,2,00,2,3,15,201400028843A01,7,1,1
201400028850,2014-08-09,2014,août,samedi,82:0,50,50602,49.6414,-1.5929,2,1,2,1,1,4,2,02,1,1,000,000,1,5,1,4,2,66,5,1,2,00,2,4,2,201400028850B01,7,2,1
201400028851,2014-08-15,2014,août,vendredi,20:15,50,50129,49.6396,-1.6174,2,2,3,1,1,4,2,02,1,1,000,061,1,5,1,4,1,39,5,1,2,00,2,1,9,201400028851A01,7,1,1
201400028859,2014-09-02,2014,septembre,mardi,17:00,50,50129,49.6333,-1.61732,2,3,7,1,1,4,2,02,1,1,000,000,1,5,1,4,1,33,5,1,2,16,0,1,1,201400028859A01,,,
201400028871,2014-09-25,2014,septembre,jeudi,11:15,50,50602,49.6443,-1.58156,2,2,3,1,1,4,2,02,1,1,000,000,1,0,1,4,1,61,5,1,2,00,2,3,1,201400028871B01,7,9,1
201400028874,2014-09-30,2014,septembre,mardi,91:0,50,50129,49.6456,-1.63881,2,1,7,1,1,4,3,04,1,1,000,000,1,0,5,3,1,49,5,1,2,16,0,1,1,201400028874A01,,,
201400028898,2014-10-31,2014,octobre,vendredi,82:5,50,50129,49.6468,-1.6424,2,3,1,1,1,4,2,02,1,1,010,064,1,0,5,4,2,55,1,1,2,00,2,1,1,201400028898B01,1,13,1
201400028898,2014-10-31,2014,octobre,vendredi,82:5,50,50129,49.6468,-1.6424,2,3,1,1,1,4,2,02,1,1,010,064,1,0,5,4,1,27,1,1,2,00,2,1,13,201400028898A01,1,1,1
201400028906,2014-11-15,2014,novembre,samedi,17:10,50,50162,49.5981,-1.55296,1,1,7,2,1,3,2,02,1,1,000,000,1,0,1,4,1,44,5,1,2,00,5,1,1,201400028906B01,,,
201400028933,2014-04-30,2014,avril,mercredi,18:10,50,50147,49.0534,-1.44189,2,3,3,1,1,3,2,02,1,1,140,120,1,5,1,3,2,12,5,1,9,00,0,1,1,201400028933B01,7,15,1
201400028938,2014-11-15,2014,novembre,samedi,11:50,50,50147,49.0464,-1.43895,2,1,6,1,1,4,2,02,4,3,000,000,1,0,1,3,1,18,5,1,9,06,0,1,13,201400028938A01,,,
201400028958,2014-05-10,2014,mai,samedi,18:40,50,50218,48.8348,-1.60767,2,1,7,1,1,4,2,02,4,2,000,000,1,0,1,3,1,40,5,1,9,00,0,1,1,201400028958A01,,,
201400028961,2014-06-04,2014,juin,mercredi,16:40,50,50218,48.824,-1.57569,1,1,3,1,1,3,2,02,1,3,000,000,1,0,1,4,1,50,5,1,9,00,2,3,13,201400028961B01,7,2,1
201400028974,2014-07-31,2014,juillet,jeudi,18:30,50,50218,48.8178,-1.57229,2,1,2,1,1,3,2,02,1,1,000,000,1,0,1,4,1,16,5,1,2,00,2,1,2,201400028974A01,7,2,1
201400029022,2014-10-27,2014,octobre,lundi,83:5,50,50502,49.1145,-1.05448,2,3,1,1,1,4,2,02,1,1,000,070,1,0,1,4,2,40,4,1,4,00,0,1,1,201400029022B01,10,15,1
201400029034,2014-04-06,2014,avril,dimanche,71:7,51,51506,0,0,2,1,1,2,1,4,2,02,1,1,000,062,1,0,1,2,1,67,3,1,9,00,2,1,1,201400029034B01,7,13,1
201400029040,2014-06-23,2014,juin,lundi,19:35,51,51108,0,0,2,1,6,1,1,4,-1,00,1,1,000,000,1,6,0,1,1,18,5,1,9,00,1,0,10,201400029040A01,,,
201400029040,2014-06-23,2014,juin,lundi,19:35,51,51108,0,0,2,1,6,1,1,4,-1,00,1,1,000,000,1,6,0,3,2,75,5,1,9,00,1,0,10,201400029040A01,,,
201400029042,2014-09-10,2014,septembre,mercredi,13:30,51,51506,0,0,2,2,3,1,1,4,2,02,2,1,000,054,1,0,1,4,1,52,1,1,2,00,0,8,2,201400029042B01,10,2,1
201400029045,2014-10-07,2014,octobre,mardi,14:40,51,51108,0,0,2,2,1,1,2,3,2,02,1,1,000,063,2,0,1,3,2,66,5,1,9,00,2,1,15,201400029045B01,7,3,1
201400029083,2014-06-19,2014,juin,jeudi,21:20,51,51454,0,0,2,1,6,1,1,4,2,02,1,1,000,096,1,0,1,1,1,23,5,1,4,00,1,1,1,201400029083B01,,,
201400029083,2014-06-19,2014,juin,jeudi,21:20,51,51454,0,0,2,1,6,1,1,4,2,02,1,1,000,096,1,0,1,4,2,37,2,1,8,00,1,1,1,201400029083B01,,,
201400029086,2014-06-25,2014,juin,mercredi,19:00,51,51055,0,0,2,1,3,1,1,3,1,01,1,2,100,070,1,0,1,3,1,50,1,1,9,00,2,3,5,201400029086A01,7,15,1
201400029102,2014-09-24,2014,septembre,mercredi,11:55,51,51454,0,0,2,1,3,1,1,4,2,02,1,-1,000,070,1,5,1,3,1,35,0,1,9,00,2,8,9,201400029102B01,7,21,1
201400029106,2014-10-11,2014,octobre,samedi,19:05,51,51454,0,0,2,6,3,1,1,4,3,03,1,1,050,100,1,5,0,3,1,46,5,1,9,00,2,5,15,201400029106B01,7,16,1
201400029117,2014-02-18,2014,février,mardi,20:35,52,52121,48.11473,5.14052,2,6,2,5,2,4,1,01,1,1,000,040,2,5,0,4,2,51,1,1,4,00,2,8,15,201400029117B01,7,6,1
201400029123,2014-04-27,2014,avril,dimanche,10:00,52,52121,48.09876,5.14696,2,2,3,1,1,4,2,02,2,1,000,050,1,0,0,3,1,16,5,1,9,00,2,1,1,201400029123A01,7,1,1
201400029128,2014-07-08,2014,juillet,mardi,16:45,52,52121,48.10742,5.14779,2,6,6,1,1,4,1,01,1,2,060,060,1,5,1,4,2,61,9,1,8,00,2,8,1,201400029128B01,7,16,1
201400029134,2014-10-10,2014,octobre,vendredi,80:0,52,52121,48.08439,5.146,2,1,6,1,1,3,2,02,1,1,000,106,1,0,5,4,1,23,2,1,9,00,2,1,1,201400029134B01,7,4,1
201400029137,2014-12-17,2014,décembre,mercredi,74:5,52,52121,48.11984,5.14227,2,1,6,5,2,4,1,01,1,1,000,059,2,0,1,4,1,57,1,1,2,01,2,1,1,201400029137B01,7,22/17,2
201400029140,2014-03-26,2014,mars,mercredi,16:20,52,52448,48.62642,4.94735,2,1,3,1,1,4,2,02,1,1,000,000,1,0,1,3,1,13,5,1,2,00,2,1,0,201400029140B01,13,1,1
201400029140,2014-03-26,2014,mars,mercredi,16:20,52,52448,48.62642,4.94735,2,1,3,1,1,4,2,02,1,1,000,000,1,0,1,3,2,11,5,1,2,00,2,1,0,201400029140B01,13,1,1
201400029163,2014-05-17,2014,mai,samedi,17:40,53,53034,48.07334,-0.69995,2,3,3,1,1,4,1,01,1,1,000,035,1,0,1,4,1,9,5,1,4,00,2,1,5,201400029163A01,7,1,1
201400029164,2014-05-28,2014,mai,mercredi,75:0,53,53130,48.05721,-0.74618,2,3,6,1,1,4,2,02,2,1,000,000,1,0,0,4,1,49,9,1,2,00,2,1,1,201400029164B01,7,4,1
201400029170,2014-09-09,2014,septembre,mardi,18:10,53,53201,48.07148,-0.85648,1,1,2,1,7,3,2,02,1,1,000,000,1,0,1,3,1,41,1,1,2,00,2,4,1,201400029170B01,10,1,1
201400029186,2014-05-28,2014,mai,mercredi,12:24,54,54263,49.22424,5.98184,2,3,3,1,1,3,2,03,2,1,000,100,1,0,1,4,1,24,0,1,9,00,2,1,1,201400029186B01,7,0,1
201400029189,2014-04-30,2014,avril,mercredi,14:24,54,54036,0,0,2,1,6,1,1,4,2,02,1,-1,000,000,1,0,1,3,1,7,5,1,9,00,2,1,5,201400029189Y01,7,1,1
201400029228,2014-08-14,2014,août,jeudi,17:00,54,54323,0,0,2,1,6,1,1,4,-1,00,-1,-1,000,000,-1,0,0,1,1,9,0,1,9,00,1,8,0,201400029228A01,,,
201400029228,2014-08-14,2014,août,jeudi,17:00,54,54323,0,0,2,1,6,1,1,4,-1,00,-1,-1,000,000,-1,0,0,3,2,87,0,1,9,00,1,8,0,201400029228A01,,,
201400029251,2014-01-11,2014,janvier,samedi,17:45,54,54395,0,0,2,1,3,5,1,4,2,05,1,1,000,000,2,0,1,4,1,21,5,1,2,00,2,0,0,201400029251B01,7,0,1
201400029255,2014-01-15,2014,janvier,mercredi,16:00,54,54395,0,0,2,3,3,1,1,4,1,01,1,1,000,000,2,0,5,4,1,26,1,1,2,00,2,1,1,201400029255A01,7,17,1
201400029269,2014-01-24,2014,janvier,vendredi,13:55,54,54304,0,0,2,1,2,1,1,4,2,02,2,-1,000,000,1,0,1,4,1,24,0,1,9,00,2,1,2,201400029269A01,7,2,1
201400029270,2014-01-26,2014,janvier,dimanche,14:10,54,54184,0,0,2,3,3,1,1,4,2,02,1,1,000,070,1,0,0,4,1,25,0,1,9,00,2,1,1,201400029270B01,7,16,1
201400029289,2014-02-06,2014,février,jeudi,85:0,54,54257,0,0,2,1,2,1,1,4,2,02,-1,-1,000,000,-1,0,1,3,2,18,1,1,9,00,2,4,2,201400029289B01,7,2,1
201400029302,2014-02-24,2014,février,lundi,83:0,54,54547,0,0,2,1,3,1,1,4,2,03,2,-1,000,000,1,0,1,4,1,40,0,1,9,00,2,7,0,201400029302B01,7,15,1
201400029307,2014-02-25,2014,février,mardi,74:0,54,54395,0,0,2,2,3,1,1,4,2,03,1,1,000,000,1,0,1,3,1,52,1,1,2,00,2,1,1,201400029307B01,7,15,1
201400029308,2014-02-25,2014,février,mardi,12:00,54,54395,0,0,2,1,3,1,1,4,2,02,2,1,000,000,1,0,1,4,1,24,0,1,9,00,2,1,0,201400029308B01,7,0,1
201400029321,2014-03-07,2014,mars,vendredi,14:30,54,54395,0,0,2,1,6,1,1,4,1,03,1,1,000,000,1,0,1,4,1,66,5,1,9,00,2,8,1,201400029321B01,7,16,1
201400029326,2014-03-17,2014,mars,lundi,19:59,54,54300,0,0,2,1,3,5,1,4,2,02,1,1,000,000,1,0,1,4,2,19,0,1,9,00,2,8,0,201400029326B01,7,0,1
201400029337,2014-03-28,2014,mars,vendredi,13:55,54,54395,0,0,2,1,1,1,1,4,2,04,1,1,000,000,1,0,1,4,1,55,0,1,9,00,2,1,0,201400029337A01,34,0,1
201400029339,2014-03-29,2014,mars,samedi,18:50,54,54395,48.70333,6.18187,2,3,3,2,1,4,2,02,1,1,000,000,1,0,1,2,1,14,5,1,2,00,2,1,1,201400029339A01,7,1,1
201400029339,2014-03-29,2014,mars,samedi,18:50,54,54395,48.70333,6.18187,2,3,3,2,1,4,2,02,1,1,000,000,1,0,1,4,2,13,5,1,2,00,2,1,1,201400029339A01,7,1,1
201400029356,2014-04-12,2014,avril,samedi,17:45,54,54025,48.65077,6.27108,1,1,2,1,1,3,2,02,4,4,000,000,1,0,1,3,1,46,5,1,2,00,2,6,1,201400029356B01,7,1,1
201400029373,2014-04-25,2014,avril,vendredi,16:10,54,54547,0,0,2,1,3,1,1,4,2,04,1,1,000,000,1,0,1,4,2,62,5,1,2,00,2,1,9,201400029373A01,7,1,1
201400029383,2014-05-03,2014,mai,samedi,17:00,54,54547,0,0,2,1,2,1,1,4,2,02,2,1,000,000,1,0,1,4,1,16,5,1,2,00,2,1,1,201400029383A01,40,23,1
201400029392,2014-05-15,2014,mai,jeudi,16:20,54,54395,0,0,2,1,6,1,1,4,1,02,1,1,000,000,1,0,1,1,1,14,2,1,9,00,1,1,0,201400029392A01,,,
201400029394,2014-05-16,2014,mai,vendredi,16:50,54,54274,0,0,2,3,3,1,1,4,1,01,2,1,000,000,1,0,1,4,1,52,1,1,2,00,2,1,0,201400029394A01,7,0,1
201400029400,2014-05-29,2014,mai,jeudi,18:20,54,54395,0,0,2,1,6,1,9,4,-1,00,-1,-1,000,000,-1,0,1,4,1,40,5,1,2,00,0,0,0,201400029400B01,7,0,1
201400029402,2014-05-26,2014,mai,lundi,85:0,54,54547,0,0,2,1,3,1,1,4,1,01,1,1,000,000,1,0,1,4,1,19,0,1,9,00,2,1,1,201400029402B01,7,20,1
201400029407,2014-06-03,2014,juin,mardi,42:0,54,54395,0,0,2,1,1,5,1,4,1,02,2,2,000,000,1,0,1,3,1,29,0,1,9,00,2,1,5,201400029407A01,20,1,1
201400029412,2014-06-07,2014,juin,samedi,18:50,54,54482,0,0,2,1,6,1,1,4,2,03,1,1,000,000,1,0,1,4,1,15,0,1,9,00,2,1,0,201400029412A01,7,1,2
201400029413,2014-06-07,2014,juin,samedi,18:50,54,54395,0,0,2,1,3,1,1,4,2,04,1,1,000,000,1,0,1,4,1,18,5,1,2,00,2,8,1,201400029413B01,7,10,1
201400029415,2014-06-10,2014,juin,mardi,19:45,54,54339,0,0,2,2,3,1,1,4,1,01,1,1,000,000,1,0,1,4,1,55,5,1,2,00,2,1,1,201400029415A01,7,1,1
201400029416,2014-06-11,2014,juin,mercredi,18:25,54,54328,0,0,2,1,3,1,7,4,2,03,1,3,000,000,1,0,1,4,1,12,5,1,2,00,2,7,19,201400029416B01,7,0,1
201400029425,2014-06-24,2014,juin,mardi,21:00,54,54395,0,0,2,1,3,2,1,4,1,02,1,1,000,000,1,0,4,4,1,21,5,1,2,00,2,1,1,201400029425B01,7,9,1
201400029426,2014-06-20,2014,juin,vendredi,14:30,54,54395,0,0,2,1,3,1,1,4,2,04,1,1,000,000,1,0,5,4,1,20,5,1,2,00,2,8,1,201400029426B01,10,1,1
201400029429,2014-06-22,2014,juin,dimanche,44:5,54,54395,0,0,2,1,7,5,1,4,2,02,1,1,000,000,1,0,1,4,2,28,5,1,9,00,0,0,7,201400029429A01,,,
201400029430,2014-06-24,2014,juin,mardi,11:00,54,54184,0,0,2,1,3,1,1,4,1,01,1,3,000,000,1,0,1,3,1,43,4,1,9,00,2,1,0,201400029430B01,7,1,1
201400029434,2014-06-30,2014,juin,lundi,15:45,54,54395,0,0,2,2,3,1,1,4,1,01,2,1,000,000,1,0,1,4,2,53,0,1,9,00,2,1,0,201400029434A01,7,1,1
201400029438,2014-07-05,2014,juillet,samedi,19:55,54,54328,0,0,2,1,3,1,1,4,1,02,1,-1,000,000,1,0,1,4,1,50,0,1,9,00,2,7,0,201400029438B01,7,0,1
201400029444,2014-07-14,2014,juillet,lundi,19:55,54,54357,0,0,2,1,3,1,1,4,2,02,1,1,000,000,1,0,1,4,1,12,0,1,9,00,2,1,0,201400029444A01,7,0,1
201400029444,2014-07-14,2014,juillet,lundi,19:55,54,54357,0,0,2,1,3,1,1,4,2,02,1,1,000,000,1,0,1,4,1,10,0,1,9,00,2,1,0,201400029444A01,7,0,1
201400029445,2014-07-15,2014,juillet,mardi,90:0,54,54395,0,0,2,2,3,1,1,4,1,02,1,1,000,000,1,0,1,4,1,52,5,1,2,00,2,1,1,201400029445A01,7,1,1
201400029457,2014-07-22,2014,juillet,mardi,18:10,54,54547,0,0,2,3,3,1,1,4,2,02,1,1,000,000,1,0,1,4,1,15,5,1,2,01,2,2,9,201400029457A01,7,1,1
201400029458,2014-07-22,2014,juillet,mardi,19:25,54,54395,0,0,2,1,6,1,1,4,1,01,1,2,000,100,1,0,1,4,1,15,5,1,2,00,2,1,1,201400029458A01,7,1,1
201400029464,2014-07-31,2014,juillet,jeudi,11:50,54,54395,0,0,2,1,2,1,1,4,1,03,1,1,000,000,1,0,1,4,1,19,5,1,2,00,2,2,1,201400029464A01,10,23,1
201400029468,2014-08-05,2014,août,mardi,10:45,54,54395,0,0,2,1,3,1,1,4,2,02,1,1,000,000,1,0,1,4,1,7,5,1,9,00,2,1,0,201400029468A01,7,1,1
201400029472,2014-08-06,2014,août,mercredi,13:10,54,54395,0,0,2,2,3,1,1,4,1,00,1,1,000,000,-1,0,1,4,1,16,0,1,2,00,2,1,0,201400029472A01,7,0,1
201400029477,2014-08-14,2014,août,jeudi,18:00,54,54025,48.65894,6.27002,2,1,5,1,1,3,2,02,1,3,000,000,1,0,1,4,1,20,5,1,2,00,2,1,1,201400029477C01,10,13,1
201400029477,2014-08-14,2014,août,jeudi,18:00,54,54025,48.65894,6.27002,2,1,5,1,1,3,2,02,1,3,000,000,1,0,1,4,1,38,5,1,2,00,2,1,1,201400029477B01,10,13,1
201400029477,2014-08-14,2014,août,jeudi,18:00,54,54025,48.65894,6.27002,2,1,5,1,1,3,2,02,1,3,000,000,1,0,1,4,1,48,5,1,2,00,2,1,1,201400029477D01,10,13,1
201400029490,2014-08-27,2014,août,mercredi,95:2,54,54395,0,0,2,6,3,1,1,4,1,02,1,1,000,000,1,0,1,3,1,69,0,1,2,00,2,1,1,201400029490B01,7,16,1
201400029501,2014-09-10,2014,septembre,mercredi,10:25,54,54526,0,0,2,2,3,1,1,4,1,03,1,1,000,000,1,0,1,1,1,16,0,1,2,00,2,1,1,201400029501A01,7,1,1
201400029501,2014-09-10,2014,septembre,mercredi,10:25,54,54526,0,0,2,2,3,1,1,4,1,03,1,1,000,000,1,0,1,3,1,17,0,1,2,00,2,1,1,201400029501A01,7,1,1
201400029502,2014-09-10,2014,septembre,mercredi,12:15,54,54300,0,0,2,1,3,1,1,4,2,01,3,2,000,080,1,0,1,4,1,65,5,1,2,00,2,4,0,201400029502B01,7,0,1