Num_Acc,date,an,mois,jour,hrmn,dep,com,lat,long,agg,int,col,lum,atm,catr,circ,nbv,prof,plan,lartpc,larrout,surf,infra,situ,grav,sexe,age,trajet,secuexist,equipement,obs,obsm,choc,manv,vehiculeid,typevehicules,manoeuvehicules,numVehicules
201400029505,2014-09-12,2014,septembre,vendredi,81:0,54,54395,0,0,2,2,3,1,1,4,2,04,1,1,000,000,1,0,1,4,1,18,0,1,9,00,2,1,8,201400029505A01,7,1,1
201400029507,2014-09-12,2014,septembre,vendredi,17:30,54,54395,0,0,2,1,3,1,1,4,1,02,1,1,000,000,1,0,1,4,2,20,0,1,9,00,2,1,0,201400029507A01,7,0,1
201400029511,2014-09-17,2014,septembre,mercredi,18:00,54,54526,0,0,2,1,6,1,1,4,-1,00,1,1,000,000,1,0,1,4,2,36,1,1,2,00,2,8,19,201400029511B01,7,1,1
201400029527,2014-09-27,2014,septembre,samedi,13:35,54,54395,0,0,2,1,3,1,1,4,2,02,2,4,000,000,1,0,1,4,1,37,0,1,9,00,2,8,13,201400029527A01,37,1,1
201400029532,2014-09-30,2014,septembre,mardi,17:40,54,54395,0,0,2,2,3,1,1,4,1,01,1,1,000,000,1,0,1,4,1,19,0,1,9,00,2,1,1,201400029532B01,7,1,1
201400029536,2014-10-06,2014,octobre,lundi,73:0,54,54395,0,0,2,2,3,1,1,4,1,01,1,1,000,000,1,0,1,4,1,17,2,1,9,00,2,1,1,201400029536B01,7,16,1
201400029551,2014-10-13,2014,octobre,lundi,75:0,54,54395,0,0,2,1,6,1,1,4,1,01,-1,1,000,000,2,0,1,4,2,20,0,1,9,01,0,1,1,201400029551B01,7,24,1
201400029559,2014-10-17,2014,octobre,vendredi,16:45,54,54578,0,0,2,2,3,1,1,4,2,03,2,1,000,000,1,0,1,3,1,45,5,1,2,00,2,1,1,201400029559A01,7,15,1
201400029577,2014-11-10,2014,novembre,lundi,19:20,54,54395,0,0,2,3,6,5,1,4,2,02,1,1,000,000,1,0,1,4,1,23,5,1,2,00,2,1,16,201400029577A01,7,1,1
201400029585,2014-11-18,2014,novembre,mardi,12:40,54,54395,0,0,2,1,6,1,1,4,1,01,1,1,000,000,1,0,1,4,1,37,1,1,9,00,2,1,1,201400029585B01,7,22,1
201400029589,2014-11-24,2014,novembre,lundi,74:0,54,54184,0,0,2,1,3,1,1,4,1,02,1,1,000,000,1,0,1,4,1,24,1,1,9,00,2,1,1,201400029589B01,7,9,1
201400029590,2014-11-24,2014,novembre,lundi,14:49,54,54395,0,0,2,2,3,1,1,4,1,02,1,1,000,000,1,0,1,4,1,18,0,1,9,00,2,8,1,201400029590A01,7,1,1
201400029605,2014-12-08,2014,décembre,lundi,14:57,54,54395,0,0,2,3,3,1,1,4,1,01,4,1,000,000,1,0,1,3,1,17,5,1,2,00,2,2,5,201400029605A01,10,16,1
201400029616,2014-12-13,2014,décembre,samedi,18:15,54,54300,0,0,2,1,3,5,2,4,2,02,1,1,000,000,1,0,1,4,1,17,0,1,9,00,2,1,1,201400029616B01,7,15,1
201400029638,2014-04-24,2014,avril,jeudi,10:08,54,54431,48.9168,6.06452,2,1,3,1,1,3,2,02,2,1,000,115,1,0,1,3,1,66,5,1,9,00,2,1,1,201400029638B01,7,15,1
201400029640,2014-05-17,2014,mai,samedi,10:25,54,54079,0,0,2,4,3,1,1,4,-1,02,2,1,000,069,1,0,4,3,1,6,5,1,2,00,2,1,1,201400029640A01,10,0,1
201400029668,2014-06-21,2014,juin,samedi,94:5,54,54580,0,0,2,1,2,1,1,4,2,02,1,1,000,000,1,0,1,4,1,32,5,1,2,00,0,6,2,201400029668B01,7,2,1
201400029695,2014-01-16,2014,janvier,jeudi,11:35,56,56083,47.80028,-3.26143,2,1,7,2,1,9,-1,00,-1,-1,000,000,-1,0,1,4,1,55,0,1,9,00,0,0,0,201400029695A01,,,
201400029706,2014-01-30,2014,janvier,jeudi,11:30,56,56098,47.7597,-3.33101,2,1,3,1,1,9,-1,00,-1,-1,000,000,1,0,1,4,1,64,0,1,9,00,2,0,0,201400029706B01,7,0,1
201400029714,2014-02-20,2014,février,jeudi,16:43,56,56121,47.7468,-3.36623,2,1,3,1,1,9,2,00,1,1,000,000,1,0,1,4,1,21,0,1,2,00,2,0,0,201400029714A01,7,0,1
201400029717,2014-02-26,2014,février,mercredi,16:45,56,56121,47.74711,-3.36576,2,1,3,1,1,9,2,00,1,-1,000,000,1,0,1,4,1,17,0,1,9,00,2,0,0,201400029717B01,7,0,1
201400029723,2014-03-08,2014,mars,samedi,16:20,56,56083,0,0,2,3,5,1,1,3,2,02,2,1,000,000,1,0,1,4,1,46,0,1,2,00,2,1,1,201400029723B01,7,1,2
201400029727,2014-03-17,2014,mars,lundi,11:45,56,56121,47.75235,-3.36145,2,1,7,1,1,9,-1,00,-1,-1,000,000,1,0,1,4,1,63,0,1,9,00,0,0,0,201400029727A01,,,
201400029736,2014-04-11,2014,avril,vendredi,84:5,56,56121,47.74531,-3.36165,1,1,3,1,1,9,2,02,1,1,000,000,1,0,1,4,1,36,0,1,9,00,2,0,1,201400029736B01,7,0,1
201400029737,2014-04-10,2014,avril,jeudi,15:05,56,56121,47.74975,-3.39433,2,1,7,1,1,9,-1,00,-1,-1,000,000,-1,0,1,4,2,45,0,1,9,00,0,0,0,201400029737A01,,,
201400029744,2014-04-17,2014,avril,jeudi,11:28,56,56121,47.74509,-3.3766,2,1,2,1,1,9,2,02,1,1,000,000,1,0,1,4,2,55,1,1,9,00,2,0,0,201400029744B01,7,0,1
201400029771,2014-06-11,2014,juin,mercredi,18:45,56,56121,47.74154,-3.36425,2,1,3,1,1,9,-1,00,-1,-1,000,000,1,0,1,4,1,37,0,1,9,00,2,0,7,201400029771B01,7,15,1
201400029775,2014-06-19,2014,juin,jeudi,18:25,56,56121,47.73236,-3.37938,2,1,3,1,1,9,-1,00,-1,-1,000,000,1,0,1,4,1,39,0,1,9,00,2,0,0,201400029775B01,7,0,1
201400029778,2014-06-25,2014,juin,mercredi,12:30,56,56121,47.73958,-3.37394,2,1,3,1,1,9,-1,00,-1,-1,000,000,1,0,1,4,2,60,0,1,9,00,2,0,0,201400029778A01,7,0,1
201400029783,2014-07-04,2014,juillet,vendredi,18:30,56,56121,47.76603,-3.40096,2,6,3,1,1,4,2,02,1,1,000,000,1,0,1,4,1,13,5,1,9,00,2,1,1,201400029783B01,7,9,1
201400029789,2014-07-10,2014,juillet,jeudi,17:30,56,56121,47.75927,-3.39173,2,1,7,1,1,4,2,02,1,1,000,000,1,0,1,4,1,27,0,1,9,00,2,1,1,201400029789B01,7,16,1
201400029793,2014-07-21,2014,juillet,lundi,17:50,56,56121,47.75988,-3.36613,2,1,3,1,1,4,2,02,2,1,000,000,1,0,1,4,2,38,0,1,9,00,2,1,1,201400029793B01,7,16,1
201400029807,2014-08-12,2014,août,mardi,84:0,56,56162,47.73246,-3.42572,2,1,3,1,1,9,2,02,1,1,000,000,1,0,1,4,1,69,0,1,9,00,2,0,0,201400029807B01,7,15,1
201400029810,2014-08-15,2014,août,vendredi,13:09,56,56162,47.70586,-3.42071,1,1,7,1,1,9,-1,00,-1,-1,000,000,-1,0,1,1,1,55,0,1,9,00,1,0,0,201400029810A01,,,
201400029810,2014-08-15,2014,août,vendredi,13:09,56,56162,47.70586,-3.42071,1,1,7,1,1,9,-1,00,-1,-1,000,000,-1,0,1,4,1,5,5,1,9,00,1,0,0,201400029810A01,,,
201400029813,2014-08-23,2014,août,samedi,12:40,56,56121,47.76597,-3.40058,1,6,3,1,1,9,-1,00,-1,-1,000,000,-1,0,1,3,1,45,1,1,9,00,2,0,1,201400029813B01,7,1,1
201400029820,2014-09-05,2014,septembre,vendredi,14:35,56,56121,47.75472,-3.36393,2,1,6,1,1,9,-1,00,-1,-1,000,000,-1,0,1,4,1,22,0,1,9,01,0,1,1,201400029820B01,7,24,1
201400029823,2014-09-07,2014,septembre,dimanche,11:40,56,56121,47.74542,-3.36785,2,2,2,1,1,9,-1,00,-1,-1,000,000,-1,0,1,4,1,47,0,1,9,00,2,0,0,201400029823B01,7,0,1
201400029824,2014-09-09,2014,septembre,mardi,13:53,56,56121,47.74684,-3.36603,2,2,3,1,1,9,3,00,1,1,000,000,1,0,1,4,1,46,0,1,9,00,2,1,1,201400029824B01,37,15,1
201400029827,2014-09-11,2014,septembre,jeudi,17:20,56,56121,47.7477,-3.36487,2,1,3,1,1,9,-1,00,-1,-1,000,000,-1,0,1,4,1,17,0,1,9,00,2,0,0,201400029827B01,7,0,1
201400029831,2014-09-17,2014,septembre,mercredi,14:00,56,56107,47.72382,-3.38852,1,1,6,1,1,9,-1,00,-1,-1,000,000,-1,0,1,4,1,81,0,1,9,01,0,0,0,201400029831A01,,,
201400029838,2014-09-27,2014,septembre,samedi,19:39,56,56121,47.74562,-3.36774,2,1,7,2,1,9,3,00,1,1,000,000,1,0,1,1,1,18,0,1,9,00,1,0,0,201400029838A01,,,
201400029840,2014-09-29,2014,septembre,lundi,85:0,56,56121,47.73644,-3.38293,2,6,3,1,2,9,-1,00,-1,-1,000,000,1,0,1,4,1,46,0,1,9,00,2,0,0,201400029840B01,7,0,1
201400029842,2014-10-01,2014,octobre,mercredi,13:18,56,56121,47.76585,-3.39709,2,1,3,1,1,6,-1,00,-1,-1,000,000,1,0,1,4,1,11,0,1,9,00,2,0,0,201400029842A01,7,0,1
201400029846,2014-10-05,2014,octobre,dimanche,16:51,56,56162,47.70205,-3.4322,2,1,7,1,1,9,-1,00,-1,-1,000,000,-1,0,1,4,1,50,0,1,9,00,0,0,0,201400029846A01,,,
201400029852,2014-10-11,2014,octobre,samedi,10:20,56,56121,47.754,-3.3676,2,1,3,1,1,9,-1,00,-1,-1,000,000,-1,0,1,4,1,64,0,1,9,01,0,2,1,201400029852B01,7,24,1
201400029859,2014-10-17,2014,octobre,vendredi,14:10,56,56121,47.7472,-3.37643,2,2,3,1,1,9,2,02,2,1,000,000,1,0,1,4,2,45,0,1,9,01,2,0,0,201400029859B01,7,0,1
201400029867,2014-10-30,2014,octobre,jeudi,13:45,56,56121,47.74418,-3.38116,2,1,2,1,1,9,2,02,1,1,000,000,1,0,1,4,2,56,0,1,9,00,2,1,2,201400029867A01,7,2,1
201400029928,2014-01-02,2014,janvier,jeudi,84:0,56,56260,47.66265,-2.76209,2,6,6,1,8,4,1,02,1,2,000,000,2,5,1,4,2,52,4,1,4,00,2,7,0,201400029928C01,7,0,1
201400029929,2014-01-17,2014,janvier,vendredi,80:1,56,56260,0,0,2,1,6,5,1,3,2,04,2,1,000,000,2,0,4,4,1,31,1,1,9,00,2,1,1,201400029929B01,7,16,1
201400029933,2014-02-20,2014,février,jeudi,11:20,56,56260,47.66272,-2.76228,2,6,6,1,2,4,2,02,2,2,000,000,2,0,1,3,1,43,9,1,4,00,2,0,15,201400029933B01,7,16,1
201400029937,2014-02-24,2014,février,lundi,10:20,56,56260,47.65592,-2.79162,2,6,6,1,1,4,2,02,2,1,000,000,1,0,1,3,2,50,9,1,2,00,2,4,1,201400029937B01,7,2,1
201400029940,2014-04-10,2014,avril,jeudi,13:55,56,56260,47.64408,-2.77116,2,1,3,1,1,4,2,01,1,1,000,000,1,0,5,3,2,66,5,1,9,00,2,8,2,201400029940B01,7,16,1
201400029949,2014-05-17,2014,mai,samedi,10:30,56,56260,47.63989,-2.76947,2,6,3,1,1,4,2,01,1,1,000,000,1,0,0,3,1,48,1,1,2,00,2,2,1,201400029949B01,7,9,1
201400029968,2014-11-22,2014,novembre,samedi,10:35,56,56260,47.64634,-2.76344,2,1,3,1,8,4,2,01,2,1,000,063,2,0,1,3,2,64,0,1,4,00,2,8,1,201400029968B01,7,5,1
201400029977,2014-07-29,2014,juillet,mardi,20:30,33,33355,0,0,1,1,1,1,1,4,2,00,-1,-1,000,034,1,0,0,3,1,19,5,1,2,00,0,0,0,201400029977B02,7,0,1
201400030011,2014-01-07,2014,janvier,mardi,15:46,57,57447,49.0735,6.1479,2,6,3,1,1,4,1,02,1,1,000,094,1,0,1,3,1,52,0,1,2,00,2,1,1,201400030011B01,7,9,1
201400030013,2014-01-14,2014,janvier,mardi,14:05,57,57463,49.11804,6.18376,2,3,1,1,1,4,1,01,1,1,000,045,1,0,1,4,1,44,5,1,2,00,2,1,5,201400030013A01,7,16,1
201400030016,2014-01-30,2014,janvier,jeudi,21:50,57,57480,49.09408,6.16996,2,3,6,5,1,4,2,02,1,1,000,000,1,0,1,3,1,35,0,1,2,00,2,0,19,201400030016B01,7,15,1
201400030018,2014-02-02,2014,février,dimanche,15:00,57,57751,49.15989,6.15916,2,1,3,1,1,3,2,03,1,1,000,137,1,0,1,3,1,48,9,1,2,00,2,1,2,201400030018B01,7,17,1
201400030021,2014-02-07,2014,février,vendredi,16:10,57,57463,49.12562,6.18755,2,3,3,1,2,3,2,02,1,1,000,000,1,5,1,3,1,8,1,1,9,00,2,5,19,201400030021B01,7,1,1
201400030030,2014-03-03,2014,mars,lundi,92:5,57,57463,49.11001,6.16721,2,3,3,1,8,4,4,03,1,1,000,088,1,0,1,3,2,24,2,1,9,00,2,1,19,201400030030A01,7,1,1
201400030045,2014-04-11,2014,avril,vendredi,80:1,57,57487,49.09375,6.13309,2,1,2,1,1,3,2,02,1,1,000,000,1,0,4,4,1,13,2,1,4,00,2,1,1,201400030045A01,7,1,1
201400030057,2014-05-16,2014,mai,vendredi,19:55,57,57463,0,0,2,1,3,1,1,4,2,02,1,1,000,144,1,0,1,4,1,42,5,1,9,00,2,1,1,201400030057B01,7,9,1
201400030062,2014-05-22,2014,mai,jeudi,17:20,57,57480,49.08618,6.15611,2,3,6,1,1,4,2,02,1,1,000,070,2,0,1,3,1,12,5,1,2,00,2,2,15,201400030062A01,7,1,1
201400030063,2014-05-23,2014,mai,vendredi,10:38,57,57463,49.11857,6.20249,2,1,6,1,2,4,3,02,1,1,000,000,2,0,1,4,1,16,1,1,9,00,2,0,0,201400030063B01,,,
201400030065,2014-05-30,2014,mai,vendredi,16:10,57,57463,49.11273,6.2154,2,2,3,1,1,4,3,03,1,1,000,000,1,0,1,4,1,13,5,1,9,00,2,1,1,201400030065A01,7,15,1
201400030067,2014-06-03,2014,juin,mardi,12:33,57,57463,49.10067,6.18858,2,2,6,1,1,4,2,02,1,1,000,056,1,0,1,3,2,59,5,1,9,00,2,1,1,201400030067B01,7,15,1
201400030070,2014-06-18,2014,juin,mercredi,10:40,57,57463,0,0,2,1,3,1,1,4,1,01,1,1,000,060,1,0,5,3,2,55,1,1,2,02,2,1,21,201400030070B01,7,23,1
201400030071,2014-06-19,2014,juin,jeudi,18:30,57,57463,49.10052,6.18466,2,3,3,1,1,4,2,02,1,1,000,068,1,0,1,4,1,39,5,1,2,00,2,1,1,201400030071B01,7,15,1
201400030089,2014-09-13,2014,septembre,samedi,17:54,57,57545,49.13402,6.13163,2,1,3,1,1,4,2,,1,1,000,000,1,0,1,3,1,11,5,1,4,00,2,1,9,201400030089B01,7,1,1
201400030096,2014-10-01,2014,octobre,mercredi,71:5,57,57463,49.12319,6.1879,2,1,3,2,5,4,3,02,1,1,000,080,1,0,1,4,1,55,1,1,2,00,2,3,19,201400030096B01,33,17,1
201400030108,2014-11-01,2014,novembre,samedi,12:30,57,57463,0,0,2,1,6,1,1,4,3,04,1,1,060,170,1,0,1,4,1,73,5,1,9,00,2,4,0,201400030108B01,10,1,1
201400030109,2014-11-01,2014,novembre,samedi,16:10,57,57642,49.10719,6.11823,2,1,3,1,1,4,2,02,1,1,000,075,1,0,1,4,1,58,5,1,9,00,2,1,1,201400030109B01,7,15,1
201400030112,2014-11-08,2014,novembre,samedi,20:35,57,57480,49.09535,6.15843,2,3,3,5,1,4,2,02,1,1,000,086,1,0,1,4,1,32,5,1,2,00,2,1,1,201400030112B01,7,15,1
201400030116,2014-11-22,2014,novembre,samedi,20:10,57,57751,0,0,2,1,6,5,1,4,2,02,1,1,000,070,1,0,1,4,1,23,5,1,9,00,2,7,19,201400030116A01,7,1,1
201400030134,2014-04-15,2014,avril,mardi,13:20,57,57606,49.10808,6.71532,2,1,2,1,1,4,2,02,1,1,000,080,1,0,1,3,1,72,5,1,9,00,2,8,13,201400030134B01,7,17,1
201400030175,2014-03-11,2014,mars,mardi,10:15,57,57757,49.35916,6.19083,2,3,3,1,1,3,1,02,1,1,000,110,1,0,1,3,2,84,0,1,9,00,2,1,19,201400030175B01,7,1,1
201400030178,2014-04-05,2014,avril,samedi,19:07,57,57757,0,0,2,1,3,1,1,3,2,02,1,1,000,090,1,0,1,1,1,66,5,1,4,00,2,2,19,201400030178B01,36,21,1
201400030181,2014-04-23,2014,avril,mercredi,90:5,57,57221,49.32367,6.11875,2,1,6,1,1,3,2,02,1,-1,000,000,1,0,4,4,1,78,5,1,9,00,2,8,0,201400030181B01,10,4,1
201400030187,2014-05-22,2014,mai,jeudi,19:50,57,57666,49.34658,6.12735,2,1,3,1,1,4,1,01,1,2,000,040,1,0,1,3,1,14,5,1,9,00,2,1,9,201400030187B01,7,2,1
201400030193,2014-06-21,2014,juin,samedi,18:35,57,57306,49.31308,6.0787,2,1,6,1,1,4,2,01,1,1,000,062,1,0,1,4,1,35,5,1,9,00,2,1,9,201400030193B01,7,1,1
201400030198,2014-07-19,2014,juillet,samedi,91:0,57,57666,49.33437,6.13484,2,1,6,3,1,3,2,02,1,1,000,061,1,1,0,3,1,56,5,1,9,00,2,4,1,201400030198B01,7,1,1
201400030203,2014-08-29,2014,août,vendredi,19:15,57,57672,49.35791,6.16939,2,1,3,1,2,4,3,04,1,2,000,076,2,0,1,4,1,16,5,1,9,00,2,1,9,201400030203B01,7,1,1
201400030214,2014-10-23,2014,octobre,jeudi,14:05,57,57757,49.35002,6.20267,2,1,3,1,1,4,2,01,1,1,000,060,1,0,1,3,2,74,5,1,9,00,2,1,1,201400030214B01,7,9,1
201400030221,2014-12-02,2014,décembre,mardi,18:05,57,57757,49.35019,6.17309,2,1,3,5,1,4,1,01,1,1,000,070,1,0,1,4,2,19,2,1,9,00,2,5,0,201400030221B01,7,0,1
201400030244,2014-06-29,2014,juin,dimanche,11:35,58,58194,0,0,2,1,7,1,2,4,2,02,1,1,000,000,2,0,1,4,1,54,5,1,9,12,0,0,21,201400030244A01,,,
201400030246,2014-07-28,2014,juillet,lundi,13:55,58,58194,0,0,2,1,7,1,2,4,1,01,1,1,000,000,2,0,1,4,1,22,0,1,9,00,0,0,0,201400030246A01,,,
201400030248,2014-08-17,2014,août,dimanche,17:25,58,58194,0,0,2,1,7,1,1,4,2,02,1,1,000,130,1,0,1,4,1,15,5,1,2,00,0,0,0,201400030248A01,,,
201400030249,2014-08-20,2014,août,mercredi,21:5,58,58194,0,0,2,1,7,5,1,4,2,02,1,1,000,650,1,0,1,4,1,46,5,1,9,00,0,0,0,201400030249A01,,,
201400030253,2014-09-30,2014,septembre,mardi,73:0,58,58194,0,0,2,1,7,1,1,4,2,02,1,1,000,060,1,0,1,4,2,49,4,1,2,00,0,0,0,201400030253A01,,,
201400030255,2014-10-28,2014,octobre,mardi,14:55,58,58194,0,0,2,1,7,1,1,4,2,02,1,1,000,000,1,0,1,4,1,78,0,1,9,00,0,0,0,201400030255A01,,,
201400030265,2014-01-31,2014,janvier,vendredi,18:50,58,58194,0,0,2,2,3,5,1,4,1,01,1,1,000,050,1,0,1,4,1,65,0,1,9,00,2,0,1,201400030265B01,7,1,1
201400030266,2014-02-03,2014,février,lundi,12:10,58,58194,0,0,2,3,3,1,1,4,2,02,1,1,000,041,1,0,0,4,1,25,2,1,9,00,2,7,1,201400030266A01,7,1,1
201400030271,2014-02-12,2014,février,mercredi,16:50,58,58194,0,0,2,1,1,1,2,4,2,02,1,-1,000,061,2,0,1,4,1,68,5,1,2,00,2,1,0,201400030271B01,1,0,1
201400030271,2014-02-12,2014,février,mercredi,16:50,58,58194,0,0,2,1,1,1,2,4,2,02,1,-1,000,061,2,0,1,1,2,19,0,1,9,00,2,0,0,201400030271A01,1,0,1
201400030283,2014-03-19,2014,mars,mercredi,16:55,58,58194,0,0,2,1,3,1,1,4,2,02,1,1,000,070,1,0,1,3,1,53,5,1,2,00,2,1,0,201400030283B01,7,0,1
201400030284,2014-03-21,2014,mars,vendredi,18:20,58,58194,0,0,2,1,7,1,1,4,2,02,1,-1,000,060,1,0,1,4,1,14,5,1,9,00,0,7,0,201400030284A01,,,
201400030300,2014-05-17,2014,mai,samedi,17:40,58,58194,0,0,2,3,3,1,1,4,2,02,1,1,000,000,1,0,0,4,1,88,5,1,9,00,2,1,1,201400030300A01,7,1,1
201400030303,2014-05-20,2014,mai,mardi,18:35,58,58194,0,0,2,1,3,1,1,4,2,02,-1,-1,000,000,1,0,1,4,1,24,4,1,9,00,2,7,0,201400030303B01,7,0,1
201400030306,2014-06-06,2014,juin,vendredi,17:25,58,58194,0,0,2,1,6,1,1,9,-1,01,1,1,000,040,1,0,0,4,1,5,5,1,9,00,2,1,1,201400030306B01,30,1,1
201400030312,2014-06-26,2014,juin,jeudi,14:25,58,58194,0,0,2,1,6,1,1,4,2,03,1,1,000,080,2,0,0,4,1,72,0,1,9,00,0,0,0,201400030312B01,10,0,1
201400030317,2014-08-02,2014,août,samedi,10:25,58,58194,0,0,2,1,1,1,1,4,2,02,1,1,000,075,1,0,1,4,1,24,5,1,2,00,2,1,0,201400030317B01,7,16,1
201400030320,2014-08-18,2014,août,lundi,14:30,58,58194,0,0,2,1,3,1,1,4,2,02,1,1,000,000,1,0,1,4,1,65,5,1,9,00,2,8,0,201400030320B01,2,0,1
201400030334,2014-09-23,2014,septembre,mardi,12:20,58,58194,0,0,2,3,6,1,1,4,1,01,-1,-1,000,072,1,0,1,3,1,12,2,1,9,00,2,1,1,201400030334B01,7,16,1
201400030337,2014-09-16,2014,septembre,mardi,13:25,58,58194,0,0,2,1,6,1,1,6,1,01,1,-1,000,040,1,0,1,3,1,11,5,1,9,00,2,0,0,201400030337A01,7,1,1
201400030337,2014-09-16,2014,septembre,mardi,13:25,58,58194,0,0,2,1,6,1,1,6,1,01,1,-1,000,040,1,0,1,3,1,10,5,1,9,00,2,0,0,201400030337A01,7,1,1
201400030345,2014-11-04,2014,novembre,mardi,21:10,58,58194,0,0,2,1,1,4,2,4,2,02,1,1,000,060,2,0,1,4,1,20,5,1,9,00,2,1,5,201400030345A01,7,9,1
201400030356,2014-12-02,2014,décembre,mardi,17:45,58,58194,0,0,2,6,3,5,2,4,1,01,1,2,000,000,2,5,1,3,1,59,0,1,2,00,2,0,0,201400030356B01,7,0,1
201400030364,2014-01-16,2014,janvier,jeudi,17:15,95,95058,49.1612,2.2856,2,1,2,1,8,3,2,02,1,1,,,2,0,1,2,1,18,5,1,9,00,2,4,9,201400030364B02,7,1,1
201400030374,2014-09-18,2014,septembre,jeudi,23:00,95,95052,49.1436,2.2846,2,1,1,5,1,3,2,02,2,1,,,2,0,1,3,1,36,5,1,2,00,2,1,19,201400030374B02,7,1,1
201400030380,2014-01-25,2014,janvier,samedi,15:30,95,95313,49.1149,2.2168,2,1,1,1,1,4,2,02,1,1,,,1,0,1,3,2,87,5,1,9,00,2,2,1,201400030380B02,10,15,1
201400030419,2014-10-25,2014,octobre,samedi,17:15,59,59317,0,0,2,2,3,1,1,4,-1,02,1,1,000,070,1,0,1,3,1,8,5,1,9,00,2,3,1,201400030419B01,7,1,1
201400030452,2014-02-14,2014,février,vendredi,81:0,59,59153,0,0,2,6,3,1,1,3,1,01,1,-1,000,030,1,0,1,3,2,41,1,1,9,00,2,7,1,201400030452B01,7,9,1
201400030457,2014-01-02,2014,janvier,jeudi,93:0,59,59616,0,0,2,1,3,1,1,4,2,01,1,2,000,050,1,0,1,4,1,56,4,1,9,00,2,7,1,201400030457B01,7,9,1
201400030458,2014-05-16,2014,mai,vendredi,17:10,59,59616,0,0,2,4,3,1,1,3,2,03,1,3,000,072,1,0,1,4,1,33,0,1,9,00,2,4,15,201400030458A01,7,1,1
201400030471,2014-03-27,2014,mars,jeudi,20:15,59,59179,0,0,2,1,2,3,1,3,2,02,1,1,000,060,1,0,1,4,1,29,0,1,4,00,0,4,1,201400030471B01,7,1,1
201400030477,2014-05-22,2014,mai,jeudi,16:15,59,59172,0,0,2,3,3,1,1,3,2,02,1,1,000,068,1,0,1,4,2,60,5,1,2,00,2,8,15,201400030477B01,7,1,1
201400030479,2014-03-10,2014,mars,lundi,15:10,59,59632,0,0,1,1,2,1,1,3,2,02,1,1,000,060,1,0,1,4,1,49,5,1,9,00,2,4,1,201400030479B01,7,1,1
201400030485,2014-08-03,2014,août,dimanche,17:30,59,59632,0,0,2,1,3,1,1,3,2,02,1,1,000,064,1,0,1,4,1,12,5,1,9,00,2,3,19,201400030485B01,7,1,1
201400030503,2014-03-18,2014,mars,mardi,95:5,59,59654,0,0,2,6,3,1,8,3,1,01,1,2,000,050,1,5,1,3,2,78,3,1,9,00,2,1,21,201400030503B01,7,9,1
201400030506,2014-03-26,2014,mars,mercredi,11:45,59,59329,0,0,2,6,6,1,1,3,2,02,1,1,000,062,1,5,1,4,1,36,0,1,4,00,2,1,15,201400030506B01,7,9,1
201400030511,2014-03-07,2014,mars,vendredi,16:40,59,59239,0,0,2,4,6,1,1,4,2,02,1,3,000,050,1,0,1,3,2,10,5,1,9,00,2,8,23,201400030511B01,33,16,1
201400030513,2014-05-05,2014,mai,lundi,75:0,59,59234,0,0,2,1,3,1,1,3,2,02,1,1,000,070,1,0,5,4,1,45,1,1,9,00,2,2,1,201400030513B01,7,15,1
201400030516,2014-06-11,2014,juin,mercredi,11:20,59,59028,0,0,2,6,3,1,1,3,-1,02,1,-1,000,000,1,0,1,4,1,20,5,1,9,00,2,7,0,201400030516B01,7,9,1
201400030533,2014-08-12,2014,août,mardi,93:0,59,59156,0,0,1,6,3,1,1,3,2,02,2,1,000,067,1,0,1,3,1,43,5,1,9,00,2,5,1,201400030533B01,7,9,1
201400030535,2014-08-31,2014,août,dimanche,12:40,59,59008,0,0,2,1,6,1,1,4,1,01,1,1,000,042,1,0,1,4,1,14,5,1,4,00,2,6,15,201400030535A01,1,1,1
201400030535,2014-08-31,2014,août,dimanche,12:40,59,59008,0,0,2,1,6,1,1,4,1,01,1,1,000,042,1,0,1,4,1,30,5,1,4,00,2,1,1,201400030535B01,1,15,1
201400030544,2014-10-07,2014,octobre,mardi,17:30,59,59178,0,0,2,1,6,1,1,4,3,02,1,1,000,070,2,0,1,1,1,39,1,1,9,00,1,1,1,201400030544A01,,,
201400030565,2014-03-05,2014,mars,mercredi,16:15,59,59155,0,0,2,1,3,1,1,3,2,02,1,1,016,140,1,5,1,3,1,62,0,1,9,00,2,8,1,201400030565B01,7,1,1
201400030566,2014-03-09,2014,mars,dimanche,11:30,59,59271,0,0,2,3,3,1,1,4,-1,02,1,1,000,080,1,0,1,4,2,50,5,1,2,00,2,1,1,201400030566B01,7,16,1
201400030587,2014-06-11,2014,juin,mercredi,13:35,59,59272,0,0,2,2,3,1,1,4,2,02,1,1,000,079,1,0,1,3,2,18,0,1,2,00,2,7,1,201400030587B01,7,1,1
201400030603,2014-10-06,2014,octobre,lundi,13:35,59,59183,0,0,2,3,3,1,1,4,2,02,1,1,000,144,1,0,1,3,2,17,2,1,2,00,2,7,1,201400030603B01,7,16,1
201400030612,2014-11-05,2014,novembre,mercredi,91:0,59,59131,0,0,2,6,3,1,1,4,2,02,1,1,000,080,1,0,1,3,1,67,9,1,2,00,2,1,1,201400030612B01,7,16,1
201400030626,2014-12-26,2014,décembre,vendredi,19:00,59,59295,0,0,2,1,3,5,1,4,2,01,1,1,000,098,1,0,1,3,1,55,3,1,9,00,0,1,15,201400030626A01,10,0,1
201400030636,2014-01-17,2014,janvier,vendredi,71:5,59,59350,0,0,2,2,3,2,1,3,2,02,2,1,000,000,1,0,1,4,1,23,0,1,9,00,0,1,0,201400030636B01,10,0,1