Num_Acc,date,an,mois,jour,hrmn,dep,com,lat,long,agg,int,col,lum,atm,catr,circ,nbv,prof,plan,lartpc,larrout,surf,infra,situ,grav,sexe,age,trajet,secuexist,equipement,obs,obsm,choc,manv,vehiculeid,typevehicules,manoeuvehicules,numVehicules
201400030704,2014-04-17,2014,avril,jeudi,19:50,59,59350,0,0,2,2,1,1,1,4,2,02,1,1,000,000,1,0,1,4,1,21,4,1,9,00,2,1,0,201400030704A01,7,0,1
201400030707,2014-04-30,2014,avril,mercredi,18:00,59,59350,0,0,2,2,6,1,1,4,1,01,1,1,000,000,1,0,1,4,1,14,5,1,9,00,2,0,9,201400030707B01,7,0,1
201400030711,2014-05-06,2014,mai,mardi,14:15,59,59350,0,0,2,1,6,1,1,4,2,03,1,1,000,000,1,0,1,4,1,28,9,1,9,01,0,1,1,201400030711B01,7,22,1
201400030724,2014-05-18,2014,mai,dimanche,40:0,59,59328,0,0,2,2,2,5,1,4,2,02,1,1,000,000,1,0,1,4,2,37,5,1,9,00,2,4,1,201400030724B01,7,1,1
201400030726,2014-05-31,2014,mai,samedi,45:5,59,59350,0,0,2,3,3,2,1,4,2,02,1,1,000,000,1,0,1,4,2,31,3,1,9,00,2,3,15,201400030726B01,7,1,1
201400030740,2014-06-14,2014,juin,samedi,11:15,59,59350,0,0,2,9,6,1,1,4,1,01,1,1,000,000,1,0,1,4,1,57,4,1,9,00,2,0,1,201400030740B01,37,2,1
201400030743,2014-06-10,2014,juin,mardi,21:05,59,59368,0,0,2,1,1,2,1,4,1,02,1,1,000,000,1,0,1,3,1,13,0,1,9,00,2,1,0,201400030743B01,7,0,1
201400030768,2014-07-01,2014,juillet,mardi,73:5,59,59328,0,0,2,6,3,1,1,4,2,02,1,-1,000,000,1,0,1,4,1,36,1,1,9,00,2,1,1,201400030768B01,7,0,1
201400030788,2014-07-16,2014,juillet,mercredi,16:20,59,59350,0,0,2,6,2,1,7,4,1,02,1,2,000,000,1,5,1,3,1,28,0,1,9,00,2,4,0,201400030788B01,7,9,1
201400030793,2014-07-25,2014,juillet,vendredi,16:30,59,59350,0,0,2,3,5,1,1,4,1,04,1,1,000,000,1,0,5,3,2,62,0,1,9,00,2,4,1,201400030793C01,33/ 10,7/16,2
201400030801,2014-05-30,2014,mai,vendredi,17:52,59,59560,0,0,2,1,6,1,1,4,1,01,1,3,000,000,1,0,1,2,1,68,5,1,9,00,2,1,0,201400030801B01,16,16,1
201400030823,2014-09-27,2014,septembre,samedi,11:00,59,59360,0,0,2,1,3,1,1,4,2,04,1,1,000,000,1,0,5,3,1,82,5,1,9,00,2,0,1,201400030823B01,7,16,1
201400030825,2014-09-19,2014,septembre,vendredi,74:5,59,59350,0,0,2,1,3,1,1,4,3,02,1,1,000,000,1,0,1,4,1,17,0,1,9,00,2,8,1,201400030825A01,7,1,1
201400030835,2014-10-11,2014,octobre,samedi,15:55,59,59350,0,0,2,3,3,1,1,4,1,01,1,1,000,000,1,0,1,3,2,9,5,1,9,00,2,1,1,201400030835B01,37,1,1
201400030859,2014-10-31,2014,octobre,vendredi,16:20,59,59356,0,0,2,6,7,1,1,4,2,02,1,1,000,000,1,1,1,3,1,63,0,1,9,00,0,0,0,201400030859Y01,7,1,1
201400030882,2014-12-03,2014,décembre,mercredi,16:30,59,59360,0,0,2,1,6,1,1,4,2,02,2,1,000,000,1,2,1,4,2,24,1,1,9,00,2,6,2,201400030882B01,7,17,1
201400030891,2014-12-09,2014,décembre,mardi,22:30,59,59350,0,0,2,2,3,5,1,4,2,04,1,-1,000,000,1,0,0,4,1,39,1,1,9,00,2,1,1,201400030891B01,7,1,1
201400030937,2014-01-28,2014,janvier,mardi,19:10,59,59512,0,0,2,1,6,5,2,3,2,02,1,1,000,000,2,0,1,4,2,30,1,1,9,00,0,2,0,201400030937B01,7,22,1
201400030949,2014-05-01,2014,mai,jeudi,14:15,59,59512,0,0,2,2,3,1,1,4,3,02,1,1,000,000,1,5,1,3,1,67,5,1,9,00,2,3,2,201400030949B01,7,16,1
201400030973,2014-03-14,2014,mars,vendredi,13:30,59,59512,0,0,2,1,3,1,1,4,2,02,1,-1,000,000,1,0,1,3,1,16,0,1,9,00,2,8,0,201400030973B01,7,1,1
201400030990,2014-04-02,2014,avril,mercredi,18:15,59,59512,0,0,2,1,1,1,1,4,2,00,1,1,000,000,1,0,1,4,1,15,5,1,9,00,2,1,5,201400030990A01,7,1,1
201400030998,2014-04-13,2014,avril,dimanche,16:00,59,59512,0,0,2,2,3,1,1,4,2,00,-1,-1,000,000,1,0,1,3,1,65,0,1,9,00,2,3,0,201400030998B01,7,2,1
201400031006,2014-04-18,2014,avril,vendredi,13:25,59,59339,0,0,2,3,3,1,1,4,2,02,1,1,,,1,0,4,4,1,14,2,1,9,00,2,1,1,201400031006B01,7,23,1
201400031012,2014-04-25,2014,avril,vendredi,73:0,59,59512,0,0,2,2,3,1,2,4,2,02,2,1,060,060,2,5,1,3,1,2014,0,1,9,15,2,7,19,201400031012A01,7,1,1
201400031020,2014-05-09,2014,mai,vendredi,21:20,59,59512,0,0,2,2,3,1,1,4,2,02,1,1,000,000,1,5,1,4,1,26,5,1,9,00,2,7,0,201400031020A01,7,1,1
201400031025,2014-05-15,2014,mai,jeudi,17:15,59,59163,0,0,2,1,3,1,1,4,2,02,2,1,000,000,1,5,1,3,1,11,2,1,9,00,2,8,15,201400031025B01,7,1,1
201400031029,2014-05-19,2014,mai,lundi,95:0,59,59339,0,0,2,1,6,1,1,4,1,01,1,1,000,000,1,0,1,4,2,13,1,1,9,00,2,3,13,201400031029B01,7,17,1
201400031039,2014-06-06,2014,juin,vendredi,10:00,59,59646,0,0,2,2,1,1,1,4,2,02,1,1,000,000,1,0,0,4,1,16,2,1,2,00,2,7,0,201400031039A01,7,0,1
201400031049,2014-06-19,2014,juin,jeudi,18:50,59,59299,0,0,2,3,3,1,1,4,3,02,2,1,010,106,1,0,1,3,1,17,5,1,9,00,2,1,1,201400031049A01,7,15,1
201400031064,2014-07-18,2014,juillet,vendredi,91:0,59,59163,0,0,2,1,2,1,1,4,1,02,1,1,000,000,1,0,1,3,1,15,0,1,9,00,0,6,2,201400031064A01,99,2,1
201400031079,2014-08-14,2014,août,jeudi,16:50,59,59299,0,0,2,1,3,1,1,4,2,02,1,1,000,000,2,0,1,3,1,13,5,1,9,00,2,8,15,201400031079A01,7,1,1
201400031081,2014-08-20,2014,août,mercredi,13:10,59,59512,0,0,2,2,3,1,1,4,2,01,1,1,000,000,1,0,1,3,1,35,0,1,9,00,2,1,19,201400031081A01,7,1,1
201400031097,2014-09-11,2014,septembre,jeudi,20:35,59,59512,0,0,2,3,3,5,1,4,-1,01,1,-1,000,000,1,0,1,4,1,19,0,1,9,00,0,1,0,201400031097A01,7,0,1
201400031101,2014-09-16,2014,septembre,mardi,13:35,59,59512,0,0,2,1,3,1,1,4,2,01,1,-1,000,000,1,0,1,3,1,16,0,1,9,00,0,8,15,201400031101B01,7,17,1
201400031115,2014-10-01,2014,octobre,mercredi,18:20,59,59163,0,0,2,3,3,1,1,4,2,02,1,1,000,000,1,0,1,3,2,19,2,1,9,00,2,8,19,201400031115A01,7,15,1
201400031116,2014-10-02,2014,octobre,jeudi,65:0,59,59646,0,0,2,6,6,2,1,4,1,02,1,2,000,000,1,5,1,3,1,33,1,1,4,00,2,7,0,201400031116B01,7,0,1
201400031134,2014-10-22,2014,octobre,mercredi,20:10,59,59512,0,0,2,2,3,5,1,4,2,02,-1,-1,000,000,1,0,1,3,1,22,0,1,9,00,0,7,0,201400031134A01,7,1,1
201400031155,2014-11-13,2014,novembre,jeudi,90:5,59,59512,0,0,2,3,3,1,1,4,2,02,1,1,000,060,1,0,1,3,1,25,1,1,9,00,2,1,1,201400031155B01,7,16,1
201400031164,2014-11-27,2014,novembre,jeudi,14:30,59,59339,0,0,2,1,3,1,1,4,2,01,1,-1,000,000,1,0,1,3,1,37,0,1,9,00,2,8,15,201400031164B01,7,17,1
201400031174,2014-12-08,2014,décembre,lundi,17:35,59,59367,0,0,2,1,3,5,2,4,1,00,1,2,000,000,2,6,5,3,1,77,5,1,4,00,2,0,1,201400031174B01,7,9,1
201400031196,2014-01-07,2014,janvier,mardi,75:0,59,59599,0,0,2,1,6,2,1,4,4,02,1,1,000,000,2,5,1,4,2,15,2,1,9,00,2,0,19,201400031196B01,7,1,1
201400031212,2014-02-11,2014,février,mardi,80:0,59,59279,0,0,2,1,1,1,1,3,2,02,1,1,000,130,1,0,1,3,1,48,0,1,9,00,2,1,1,201400031212B01,7,15,1
201400031220,2014-03-14,2014,mars,vendredi,93:0,59,59599,0,0,2,2,3,1,1,4,1,01,1,1,000,000,1,0,1,3,2,65,0,1,9,00,2,1,1,201400031220B01,7,1,1
201400031221,2014-03-15,2014,mars,samedi,12:10,59,59599,0,0,2,1,3,1,1,4,1,01,1,2,120,100,1,0,1,3,1,60,5,1,9,00,0,7,2,201400031221B01,7,0,1
201400031227,2014-03-29,2014,mars,samedi,16:45,59,59656,0,0,1,6,3,1,1,3,1,00,1,2,000,000,1,5,1,3,2,52,5,1,4,00,2,7,16,201400031227B01,7,9,1
201400031236,2014-04-21,2014,avril,lundi,15:00,59,59279,0,0,2,1,3,1,1,4,2,03,1,1,000,110,1,0,5,4,2,13,5,1,9,01,0,1,1,201400031236B01,7,24,1
201400031242,2014-05-16,2014,mai,vendredi,12:20,59,59090,0,0,2,1,2,1,1,3,3,02,1,1,030,030,1,5,1,4,1,12,2,1,9,00,2,1,13,201400031242A01,7,23,1
201400031247,2014-06-13,2014,juin,vendredi,19:00,59,59599,0,0,2,1,3,1,1,4,1,01,1,1,000,030,1,0,1,3,1,6,5,1,9,00,2,1,0,201400031247A01,7,1,1
201400031252,2014-07-04,2014,juillet,vendredi,17:00,59,59599,0,0,2,1,3,1,1,4,-1,02,1,-1,000,000,1,0,1,3,1,40,1,1,2,00,2,7,19,201400031252B01,7,1,1
201400031255,2014-07-19,2014,juillet,samedi,19:50,59,59352,0,0,2,1,2,1,1,3,2,02,1,1,000,029,1,0,1,3,1,29,5,1,9,00,2,4,10,201400031255B01,7,21,1
201400031269,2014-09-25,2014,septembre,jeudi,14:20,59,59152,0,0,1,1,2,1,1,3,1,01,1,2,000,070,1,0,1,4,2,39,0,1,4,00,2,4,0,201400031269B01,7,0,1
201400031272,2014-10-03,2014,octobre,vendredi,75:0,59,59599,0,0,2,1,3,2,1,4,2,04,1,1,000,000,-1,0,1,3,1,16,2,1,9,00,2,8,19,201400031272B01,7,1,1
201400031280,2014-11-19,2014,novembre,mercredi,21:30,59,59152,0,0,2,1,3,5,1,4,2,02,1,1,000,080,1,0,1,3,1,57,1,1,4,00,2,8,1,201400031280B01,7,15,1
201400031307,2014-02-22,2014,février,samedi,17:15,59,59079,0,0,2,3,3,1,1,3,2,02,1,1,000,000,1,0,1,4,1,31,5,1,9,00,2,1,1,201400031307A01,7,1,1
201400031315,2014-04-06,2014,avril,dimanche,21:00,59,59606,0,0,2,6,6,5,1,4,1,02,1,2,000,000,1,5,1,3,1,13,5,1,9,00,2,4,2,201400031315B01,7,2,1
201400031319,2014-04-18,2014,avril,vendredi,80:0,59,59014,0,0,2,1,6,1,1,4,2,02,1,1,000,000,1,0,1,3,1,22,1,1,9,00,2,4,0,201400031319B01,7,0,1
201400031323,2014-05-07,2014,mai,mercredi,15:40,59,59606,0,0,2,1,6,1,1,4,1,01,1,1,000,000,1,0,1,3,2,52,5,1,2,00,2,1,1,201400031323B01,7,22,1
201400031326,2014-03-08,2014,mars,samedi,16:30,59,59014,0,0,2,3,6,1,1,4,1,01,1,1,000,000,1,0,1,3,1,12,5,1,9,00,2,8,15,201400031326B01,7,1,1
201400031333,2014-06-08,2014,juin,dimanche,11:30,59,59484,0,0,2,1,6,1,1,4,2,02,1,1,000,000,1,0,1,4,1,17,5,1,9,00,2,1,13,201400031333B01,7,1,1
201400031344,2014-07-07,2014,juillet,lundi,12:30,59,59484,0,0,2,1,2,1,1,3,2,02,1,1,000,000,-1,0,1,3,1,35,0,1,2,00,2,4,2,201400031344B01,7,2,1
201400031358,2014-08-12,2014,août,mardi,21:15,59,59014,0,0,2,1,6,2,1,4,2,02,1,1,000,060,2,0,0,2,1,44,0,1,2,06,2,0,0,201400031358B01,7,0,1
201400031378,2014-10-17,2014,octobre,vendredi,17:00,59,59014,0,0,2,3,3,1,1,3,2,02,1,2,000,000,1,0,1,4,2,23,9,1,9,00,2,1,1,201400031378B01,7,15,1
201400031385,2014-11-06,2014,novembre,jeudi,15:20,59,59606,0,0,2,1,6,1,1,4,2,04,1,1,000,000,1,0,1,4,2,34,5,1,9,00,2,1,19,201400031385B01,7,1,1
201400031419,2014-06-21,2014,juin,samedi,16:30,68,68112,47.9129,7.20478,2,3,3,1,1,3,2,02,2,1,000,060,1,0,1,4,1,43,5,1,2,00,2,7,17,201400031419A01,7,15,1
201400031452,2014-05-30,2014,mai,vendredi,17:00,41,41025,47.55,1.549,2,3,3,1,1,4,2,02,1,1,000,045,1,0,1,4,1,12,5,1,2,00,2,2,15,201400031452A01,7,1,1
201400031467,2014-06-28,2014,juin,samedi,11:52,60,60057,0,0,2,6,3,1,1,4,2,02,1,1,000,040,1,0,1,3,1,12,5,1,9,00,2,1,0,201400031467A01,7,1,1
201400031500,2014-01-31,2014,janvier,vendredi,19:15,60,60159,0,0,2,1,6,5,8,4,2,02,1,1,000,079,2,0,1,4,1,16,5,1,4,00,2,1,10,201400031500A01,7,1,1
201400031522,2014-10-28,2014,octobre,mardi,17:05,60,60382,0,0,2,1,6,1,1,4,2,02,1,1,000,060,1,0,1,3,2,6,5,1,2,00,2,1,1,201400031522B01,7,1,1
201400031524,2014-11-10,2014,novembre,lundi,17:50,60,60159,0,0,2,3,3,3,1,4,1,01,1,1,000,031,1,0,0,3,1,52,5,1,4,00,2,1,1,201400031524B01,7,1,1
201400031525,2014-11-11,2014,novembre,mardi,91:5,60,60159,0,0,1,6,2,1,7,3,4,02,1,1,000,067,1,5,1,3,1,66,5,1,2,00,2,6,1,201400031525B01,7,15,1
201400031540,2014-04-20,2014,avril,dimanche,16:20,60,60463,0,0,2,4,3,1,1,4,-1,04,1,1,000,000,1,0,1,3,2,68,5,1,2,00,2,5,15,201400031540B01,31,1,1
201400031543,2014-05-07,2014,mai,mercredi,19:00,60,60414,0,0,2,1,3,1,1,4,2,02,1,-1,000,000,1,0,1,4,1,9,5,1,9,00,0,0,19,201400031543B01,7,2,1
201400031544,2014-05-25,2014,mai,dimanche,16:45,60,60175,0,0,2,1,2,1,1,6,-1,00,1,-1,000,000,1,0,0,4,2,8,5,1,2,00,2,8,0,201400031544B01,7,4,1
201400031545,2014-05-30,2014,mai,vendredi,17:30,60,60175,0,0,2,3,3,1,1,4,2,02,2,1,000,000,1,0,0,4,1,15,5,1,2,00,0,1,19,201400031545B01,7,1,1
201400031555,2014-10-20,2014,octobre,lundi,12:00,60,60463,0,0,2,2,3,1,1,3,2,04,1,1,000,120,1,5,1,4,2,66,5,1,9,00,2,3,0,201400031555B01,15,0,1
201400031580,2014-02-21,2014,février,vendredi,72:0,61,61001,48.42886,0.0944,2,3,3,2,1,3,2,02,1,1,000,090,1,5,1,3,1,27,1,1,4,00,2,1,1,201400031580B01,7,15,1
201400031595,2014-09-10,2014,septembre,mercredi,14:00,61,61001,48.42729,0.08937,2,2,3,1,1,4,2,02,1,1,000,000,1,5,1,4,1,47,5,1,4,00,2,1,1,201400031595B01,7,15,1
201400031601,2014-12-14,2014,décembre,dimanche,17:15,61,61117,48.43152,0.05897,2,1,6,5,5,4,2,02,1,1,000,000,2,0,1,1,1,32,5,1,9,00,1,1,1,201400031601A01,,,
201400031605,2014-03-07,2014,mars,vendredi,74:5,61,61006,48.73483,-0.02698,2,3,3,1,1,4,2,01,1,1,000,000,1,0,1,3,1,49,1,1,4,00,2,0,1,201400031605B01,7,9,1
201400031606,2014-03-18,2014,mars,mardi,10:40,61,61006,48.74398,-0.02638,2,1,6,1,1,4,2,01,1,1,000,000,1,0,5,3,1,18,1,1,9,06,0,1,0,201400031606A01,,,
201400031651,2014-10-22,2014,octobre,mercredi,12:15,60,60454,0,0,2,1,3,1,1,3,2,02,-1,1,000,064,1,0,1,3,1,13,5,1,1,00,2,8,19,201400031651B02,7,1,1
201400031659,2014-01-30,2014,janvier,jeudi,11:55,62,62041,50.29049,2.75649,2,3,3,1,1,4,2,02,1,1,000,000,1,0,0,3,1,63,9,1,9,00,2,1,1,201400031659B01,7,9,1
201400031671,2014-05-22,2014,mai,jeudi,73:0,62,62753,50.28876,2.80788,1,6,3,1,1,3,2,02,1,1,010,052,1,5,1,3,1,28,1,1,4,00,2,1,1,201400031671A01,7,9,1
201400031692,2014-10-27,2014,octobre,lundi,18:15,62,62744,50.32373,2.75289,1,1,3,3,1,2,2,02,1,1,000,076,-1,0,1,4,2,49,5,1,2,00,0,4,2,201400031692B01,17,2,1
201400031719,2014-04-09,2014,avril,mercredi,81:0,62,62065,50.42209,2.84186,2,1,3,2,1,4,2,01,2,1,000,072,1,0,1,4,2,60,1,1,9,00,0,7,1,201400031719B01,7,1,1
201400031724,2014-06-17,2014,juin,mardi,16:00,62,62570,50.40161,2.87138,2,2,7,1,1,4,2,01,1,1,000,054,1,0,1,4,2,60,5,1,9,00,0,8,1,201400031724A01,7,1,1
201400031739,2014-12-03,2014,décembre,mercredi,20:30,62,62570,50.40902,2.86089,2,6,6,5,1,4,1,01,1,1,000,050,1,0,1,4,2,21,1,1,9,00,2,1,1,201400031739B01,7,4,1
201400031741,2014-04-12,2014,avril,samedi,94:0,62,62108,50.41109,1.59377,2,6,2,1,1,4,2,02,1,-1,000,000,1,5,1,4,2,38,5,1,9,00,2,4,16,201400031741B01,7,9,1
201400031742,2014-05-26,2014,mai,lundi,20:45,62,62108,50.41441,1.58676,2,2,3,2,3,4,2,02,1,1,000,060,2,5,1,3,1,53,5,1,4,00,2,8,15,201400031742B01,7,1,1
201400031746,2014-10-18,2014,octobre,samedi,20:40,62,62108,50.40529,1.56872,2,3,3,5,1,3,2,02,1,1,000,078,1,0,1,3,1,51,0,1,9,00,2,3,0,201400031746B01,7,1,1
201400031752,2014-01-11,2014,janvier,samedi,15:30,62,62330,50.55509,2.7685,2,1,3,1,1,3,2,02,1,3,000,052,1,0,1,3,2,61,5,1,9,00,2,8,2,201400031752B01,7,21,1
201400031763,2014-05-24,2014,mai,samedi,10:20,62,62119,50.52443,2.65277,2,3,3,1,1,4,2,02,1,1,000,060,1,0,1,3,1,67,5,1,9,00,2,1,2,201400031763B01,7,15,1
201400031775,2014-09-30,2014,septembre,mardi,19:40,62,62841,50.54139,2.60838,2,1,3,2,1,4,2,00,2,-1,000,000,1,0,1,4,1,16,5,1,9,00,9,1,2,201400031775B01,7,22,1
201400031798,2014-05-18,2014,mai,dimanche,11:15,62,62758,50.72636,1.64053,2,1,3,1,1,2,2,02,1,1,000,000,1,6,1,3,1,8,0,1,9,00,2,0,19,201400031798B01,7,1,1
201400031807,2014-10-06,2014,octobre,lundi,12:05,62,62160,50.73401,1.59465,2,1,3,1,8,4,2,02,2,1,035,072,1,0,5,3,2,18,1,1,2,00,2,1,5,201400031807B01,7,16,1
201400031824,2014-09-11,2014,septembre,jeudi,13:25,62,62178,50.4723,2.55315,2,9,1,1,1,4,2,02,1,1,000,053,1,0,1,3,1,16,2,1,9,00,2,1,9,201400031824A01,7,1,1
201400031839,2014-03-20,2014,mars,jeudi,16:55,62,62193,50.94683,1.84573,2,2,3,1,1,4,1,02,1,1,000,049,1,5,1,4,1,16,2,1,9,00,2,1,19,201400031839B01,10,19,1
201400031846,2014-05-24,2014,mai,samedi,15:40,62,62193,50.93962,1.86102,2,1,6,1,1,4,-1,02,1,1,000,000,1,0,1,1,1,33,0,1,9,00,1,1,0,201400031846A01,,,
201400031846,2014-05-24,2014,mai,samedi,15:40,62,62193,50.93962,1.86102,2,1,6,1,1,4,-1,02,1,1,000,000,1,0,1,3,2,47,5,1,9,00,1,1,0,201400031846A01,,,
201400031849,2014-07-06,2014,juillet,dimanche,18:00,62,62193,50.94785,1.83356,2,1,1,1,1,4,2,02,-1,-1,000,000,1,0,1,3,2,46,5,1,9,00,2,1,1,201400031849B01,7,5,1
201400031852,2014-08-10,2014,août,dimanche,17:55,62,62548,50.9478,1.95119,2,4,3,1,6,4,2,02,1,1,000,075,1,5,1,4,2,36,5,1,4,00,2,2,0,201400031852B01,7,15,1
201400031876,2014-02-24,2014,février,lundi,15:,62,62215,50.48505,2.93448,1,1,2,3,1,4,2,02,-1,1,000,000,1,0,1,4,1,18,5,1,9,00,2,4,2,201400031876B01,30,2,1
201400031886,2014-06-08,2014,juin,dimanche,14:30,62,62413,50.44334,2.88314,2,2,3,1,1,4,2,02,1,1,000,060,1,5,1,2,1,12,5,1,9,00,2,1,0,201400031886A01,7,2,1
201400031898,2014-09-10,2014,septembre,mercredi,17:55,62,62637,50.47139,2.99755,2,2,3,1,1,4,2,02,1,1,000,080,1,5,1,3,1,17,0,1,9,00,2,1,2,201400031898B01,7,15,1
201400031939,2014-09-23,2014,septembre,mardi,11:10,62,62427,50.42242,2.94593,2,3,2,1,1,4,2,02,1,1,000,000,1,0,1,3,2,63,0,1,9,15,2,1,21,201400031939B01,14,4,1
201400031947,2014-11-27,2014,novembre,jeudi,15:20,62,62497,50.43949,3.05906,2,1,3,1,1,3,2,02,1,1,000,000,1,0,1,3,2,55,3,1,9,00,2,1,1,201400031947B01,7,17,1
201400031948,2014-12-04,2014,décembre,jeudi,17:55,62,62249,50.40969,3.00373,2,3,3,2,1,3,2,03,1,1,000,000,1,0,5,4,1,46,1,1,9,00,2,0,1,201400031948B01,7,0,1
201400031949,2014-11-22,2014,novembre,samedi,73:0,62,62497,50.4426,3.0632,2,6,2,2,1,3,1,02,1,2,000,000,2,0,1,3,1,60,5,1,9,00,0,5,1,201400031949A01,7,1,1
201400031958,2014-03-01,2014,mars,samedi,40:0,62,62498,50.43999,2.79735,2,1,3,5,1,4,2,02,1,1,000,000,1,0,1,4,1,28,1,1,4,00,0,6,1,201400031958A01,7,15,1
201400031969,2014-05-28,2014,mai,mercredi,11:35,62,62842,50.47328,2.86984,2,1,2,1,1,4,2,02,1,1,000,000,1,0,1,3,1,15,0,1,9,00,2,2,0,201400031969A01,7,0,1
201400031990,2014-09-15,2014,septembre,lundi,17:35,62,62895,50.4949,2.85488,2,1,2,1,1,4,2,02,1,2,000,082,1,0,1,4,1,15,2,1,9,00,2,1,2,201400031990B01,7,20,1
201400032023,2014-06-13,2014,juin,vendredi,19:30,62,62510,50.42466,2.77474,2,1,3,1,1,4,2,02,1,1,000,000,1,0,0,3,1,13,5,1,9,00,2,0,16,201400032023B01,3,0,1
201400032030,2014-08-21,2014,août,jeudi,45:,62,62510,50.41494,2.76372,2,2,3,5,1,3,2,02,1,1,000,000,1,0,1,2,1,34,0,1,9,00,2,1,15,201400032030A01,7,1,1
201400032033,2014-09-17,2014,septembre,mercredi,93:0,62,62510,50.42299,2.78303,2,1,7,1,1,4,2,02,1,1,000,000,1,0,1,3,2,54,0,1,9,00,2,1,15,201400032033B01,7,15,1
201400032054,2014-04-21,2014,avril,lundi,12:25,62,62540,50.45093,2.57907,2,6,3,1,1,3,1,02,1,1,000,069,1,0,1,3,1,52,5,1,9,00,2,7,1,201400032054B01,7,9,1
201400032083,2014-08-18,2014,août,lundi,95:5,62,62826,50.51532,1.6061,2,3,3,1,1,4,-1,02,1,1,000,055,1,0,0,4,2,38,1,1,9,00,0,3,0,201400032083B01,7,0,1
201400032099,2014-01-30,2014,janvier,jeudi,14:27,63,63308,0,0,2,1,7,1,1,4,2,02,2,2,000,000,1,0,1,4,1,49,4,1,9,00,0,0,1,201400032099A01,,,
201400032105,2014-02-22,2014,février,samedi,60:0,63,63113,0,0,2,2,3,5,1,4,2,04,1,1,000,000,1,5,1,4,1,29,0,1,2,00,2,1,1,201400032105B01,99,0,1
201400032117,2014-04-07,2014,avril,lundi,16:00,63,63113,0,0,2,1,3,1,1,4,1,02,1,2,000,070,1,0,1,4,2,56,0,1,2,00,2,3,1,201400032117B01,2,16,1
201400032157,2014-09-07,2014,septembre,dimanche,18:50,63,63113,45.7844,3.09766,2,1,6,1,1,4,2,03,1,1,000,065,1,0,5,3,1,76,5,1,9,00,2,4,1,201400032157B01,7,14,1
201400032186,2014-12-09,2014,décembre,mardi,82:0,63,63113,0,0,2,1,6,2,9,3,1,02,1,2,000,000,2,0,1,4,1,52,1,1,9,00,2,1,1,201400032186B01,7,9,1
201400032199,2014-02-07,2014,février,vendredi,80:0,63,63124,0,0,2,1,7,1,1,4,2,02,1,1,000,070,2,0,4,4,1,13,0,1,9,12,0,1,0,201400032199A01,,,
201400032205,2014-03-09,2014,mars,dimanche,94:5,63,63124,45.72749,3.20242,2,1,7,1,1,4,2,02,1,1,000,090,1,0,5,4,1,55,5,1,2,00,0,0,0,201400032205A01,,,
201400032244,2014-06-19,2014,juin,jeudi,80:0,63,63300,45.53219,3.45699,2,6,3,1,5,3,1,02,1,2,000,090,1,0,1,4,2,44,1,1,9,00,2,4,0,201400032244B01,3,9,1
201400032245,2014-07-18,2014,juillet,vendredi,75:5,63,63300,45.53193,3.45699,1,1,3,1,1,3,2,02,3,2,000,070,1,2,1,3,1,69,5,1,9,00,2,4,1,201400032245B01,7,14,1
201400032255,2014-01-07,2014,janvier,mardi,17:15,64,64102,0,0,2,3,7,2,1,4,2,03,2,3,010,110,1,5,1,3,1,41,5,1,2,00,0,0,15,201400032255A01,,,
201400032279,2014-04-09,2014,avril,mercredi,11:55,64,64024,0,0,2,1,6,1,1,4,2,02,1,1,000,080,1,0,1,3,1,60,1,1,9,01,0,1,1,201400032279B01,7,22,1
201400032280,2014-04-12,2014,avril,samedi,22:40,64,64102,0,0,2,1,6,5,1,3,3,04,3,1,020,140,1,0,1,2,1,33,5,1,9,00,2,4,7,201400032280B01,7,1,1
201400032281,2014-04-14,2014,avril,lundi,14:00,64,64024,0,0,2,1,7,1,1,4,-1,00,1,1,000,030,1,0,5,3,1,69,5,1,2,16,0,0,1,201400032281A01,,,
201400032350,2014-10-24,2014,octobre,vendredi,11:35,64,64102,43.50116,-1.46705,2,6,3,1,1,4,2,02,1,1,000,070,1,5,1,3,1,29,1,1,2,00,2,1,1,201400032350A01,7,15,1
201400032360,2014-11-20,2014,novembre,jeudi,18:31,64,64024,43.49488,-1.52821,2,6,6,5,1,4,2,02,1,1,000,070,1,5,1,1,2,40,9,1,2,00,1,1,0,201400032360A01,,,
201400032366,2014-12-12,2014,décembre,vendredi,16:05,64,64102,43.48938,-1.46804,2,1,7,1,1,4,2,02,2,1,000,080,1,0,0,4,2,51,0,1,9,14,0,0,1,201400032366A01,,,
201400032377,2014-04-04,2014,avril,vendredi,18:35,64,64122,0,0,2,1,6,1,1,4,1,01,2,4,000,031,1,0,1,3,1,27,5,1,9,14,0,7,13,201400032377A01,,,
201400032378,2014-04-16,2014,avril,mercredi,20:00,64,64122,43.46793,-1.54001,2,6,3,1,1,3,1,02,1,-1,000,000,1,0,1,4,1,43,5,1,2,00,2,2,1,201400032378B01,7,9,1
201400032397,2014-07-21,2014,juillet,lundi,95:0,64,64122,43.47933,-1.55864,2,1,3,1,1,4,1,01,2,2,000,000,1,0,1,4,1,63,5,1,2,00,2,1,1,201400032397B01,7,9,1
201400032417,2014-10-10,2014,octobre,vendredi,17:00,64,64122,43.45976,-1.54538,2,1,6,1,1,4,2,02,1,1,000,070,1,0,1,3,1,70,5,1,2,00,2,1,15,201400032417A01,7,1,1
201400032425,2014-12-07,2014,décembre,dimanche,11:00,64,64122,43.47456,-1.55726,2,1,3,1,1,4,2,02,2,3,000,000,1,0,1,4,1,46,5,1,2,00,2,1,1,201400032425B01,7,15,1