Num_Acc,date,an,mois,jour,hrmn,dep,com,lat,long,agg,int,col,lum,atm,catr,circ,nbv,prof,plan,lartpc,larrout,surf,infra,situ,grav,sexe,age,trajet,secuexist,equipement,obs,obsm,choc,manv,vehiculeid,typevehicules,manoeuvehicules,numVehicules
201400032435,2014-01-08,2014,janvier,mercredi,13:35,64,64348,0,0,2,6,3,1,1,4,1,00,1,2,000,000,1,0,1,4,2,18,0,1,9,00,2,4,1,201400032435B01,7,9,1
201400032441,2014-01-16,2014,janvier,jeudi,18:10,64,64445,0,0,2,2,2,2,1,4,1,02,1,1,000,095,1,0,1,4,1,23,0,1,9,00,2,1,1,201400032441A01,7,1,1
201400032442,2014-01-18,2014,janvier,samedi,17:40,64,64445,0,0,2,6,2,1,2,4,1,02,1,2,000,000,2,0,1,4,1,51,0,1,4,00,2,4,1,201400032442B01,7,1,1
201400032470,2014-02-07,2014,février,vendredi,14:15,64,64445,0,0,2,1,6,1,1,4,2,02,1,1,035,160,1,0,1,4,1,48,5,1,4,00,1,1,1,201400032470A01,,,
201400032481,2014-02-16,2014,février,dimanche,17:25,64,64445,0,0,2,1,3,1,1,4,2,02,1,1,000,066,1,0,1,4,1,28,5,1,4,00,2,1,5,201400032481A01,7,16,1
201400032516,2014-03-28,2014,mars,vendredi,15:15,64,64445,0,0,2,3,3,1,1,4,2,02,1,1,000,000,1,0,1,4,1,55,5,1,2,00,2,8,1,201400032516B01,13,16,1
201400032535,2014-04-16,2014,avril,mercredi,18:50,64,64445,0,0,2,1,7,1,1,4,2,02,1,1,000,000,1,0,1,4,1,64,0,1,9,00,0,0,0,201400032535B01,7,15,1
201400032548,2014-05-06,2014,mai,mardi,17:58,64,64445,0,0,2,1,6,1,1,4,1,01,1,1,000,000,1,0,4,1,1,16,5,1,4,00,1,1,5,201400032548A01,,,
201400032549,2014-05-07,2014,mai,mercredi,12:10,64,64445,0,0,2,1,6,1,1,4,2,02,1,1,000,060,1,0,1,1,1,21,2,1,9,00,1,1,1,201400032549A01,,,
201400032550,2014-05-07,2014,mai,mercredi,17:45,64,64445,0,0,2,1,2,1,1,4,2,03,1,1,000,156,1,0,1,3,1,14,5,1,2,00,2,1,1,201400032550A01,7,20,1
201400032561,2014-06-06,2014,juin,vendredi,13:25,64,64445,43.30786,0.33841,2,6,3,1,1,4,1,02,1,3,000,082,1,0,5,4,2,61,5,1,2,00,2,8,1,201400032561B01,7,16,1
201400032563,2014-06-10,2014,juin,mardi,14:35,64,64445,43.29655,-0.37427,2,2,3,1,1,4,1,02,1,1,000,120,1,0,1,4,1,26,5,1,9,00,2,7,1,201400032563B01,7,1,1
201400032566,2014-06-19,2014,juin,jeudi,18:40,64,64237,43.27969,-0.38,2,1,3,1,1,4,2,02,1,2,000,000,1,0,1,4,1,47,5,1,9,00,2,7,1,201400032566B01,7,1,1
201400032569,2014-06-22,2014,juin,dimanche,11:10,64,64445,43.3038,-0.35091,2,3,3,1,1,4,1,02,1,1,000,067,1,0,1,4,1,72,5,1,4,00,2,7,1,201400032569B01,7,15,1
201400032584,2014-07-19,2014,juillet,samedi,15:40,64,64445,43.30866,-0.36394,2,2,3,1,1,4,3,04,1,1,000,000,1,0,5,4,1,26,5,1,9,00,2,1,1,201400032584B01,7,16,1
201400032590,2014-08-01,2014,août,vendredi,17:50,64,64445,43.31848,-0.34537,2,1,3,1,2,4,2,02,1,1,000,053,2,5,1,3,2,70,5,1,2,00,2,4,1,201400032590B01,7,1,1
201400032597,2014-08-13,2014,août,mercredi,14:00,64,64445,0,0,2,6,3,1,2,4,1,02,1,2,000,083,2,0,5,4,2,21,5,1,9,00,2,1,1,201400032597B01,7,9,1
201400032602,2014-08-29,2014,août,vendredi,17:50,64,64445,0,0,2,6,3,1,1,4,1,02,1,3,000,000,1,0,1,4,1,40,4,1,9,00,2,1,1,201400032602B01,7,9,1
201400032606,2014-09-08,2014,septembre,lundi,90:8,64,64445,0,0,2,6,3,1,1,4,1,02,1,1,000,061,1,0,1,4,1,12,2,1,9,00,2,7,1,201400032606B01,7,1,1
201400032609,2014-09-09,2014,septembre,mardi,17:10,64,64335,0,0,1,1,6,1,1,3,2,02,1,1,000,100,1,0,1,3,1,79,5,1,9,01,2,1,1,201400032609A01,,,
201400032612,2014-09-12,2014,septembre,vendredi,74:0,64,64348,43.30879,-0.4084,2,1,2,1,1,4,2,02,1,1,000,105,1,5,1,4,1,27,1,1,2,00,2,1,1,201400032612A01,7,23,1
201400032637,2014-10-02,2014,octobre,jeudi,74:2,64,64445,43.30742,-0.33671,2,1,3,2,5,4,1,02,1,2,000,000,1,0,5,4,1,28,9,1,2,00,2,8,1,201400032637B01,7,16,1
201400032639,2014-10-03,2014,octobre,vendredi,20:35,64,64445,43.30019,-0.37518,2,1,3,5,1,4,1,01,1,1,000,034,1,0,1,4,1,36,0,1,2,00,2,8,8,201400032639A01,37,1,1
201400032641,2014-10-05,2014,octobre,dimanche,18:18,64,64445,43.29913,-0.37193,2,1,3,1,1,4,2,03,1,1,000,170,1,0,1,4,1,8,5,1,9,00,2,1,19,201400032641B01,7,1,1
201400032642,2014-10-06,2014,octobre,lundi,10:45,64,64445,43.30524,-0.34612,2,1,3,1,1,4,1,02,1,1,000,000,1,0,1,2,1,92,5,1,2,00,2,8,13,201400032642A01,7,1,1
201400032647,2014-10-11,2014,octobre,samedi,5:,64,64445,0,0,2,1,3,4,1,4,2,02,1,-1,000,061,1,0,1,4,1,40,1,1,4,00,2,1,15,201400032647A01,7,17,1
201400032661,2014-10-22,2014,octobre,mercredi,10:50,64,64445,43.3107,-0.37712,2,1,6,1,1,4,2,02,1,1,000,036,1,0,1,4,2,13,5,1,4,00,2,1,1,201400032661B01,7,22,1
201400032666,2014-10-30,2014,octobre,jeudi,10:30,64,64445,43.29857,-0.37055,2,2,3,1,1,4,1,02,1,1,000,000,1,0,1,4,2,34,0,1,9,00,2,8,1,201400032666B01,31,17,1
201400032676,2014-11-06,2014,novembre,jeudi,16:40,64,64129,0,0,2,2,2,1,1,4,2,02,1,1,000,000,1,0,1,4,2,57,9,1,9,00,2,4,1,201400032676B01,10,1,1
201400032692,2014-11-20,2014,novembre,jeudi,13:30,64,64445,43.30304,-0.3521,2,2,3,1,1,4,4,04,1,1,000,000,1,0,1,4,1,45,5,1,2,00,2,8,1,201400032692B01,7,1,1
201400032694,2014-11-22,2014,novembre,samedi,16:02,64,64132,0,0,2,6,3,1,1,3,1,01,1,3,000,000,1,0,1,4,2,78,5,1,4,00,2,1,1,201400032694B01,7,16,1
201400032698,2014-11-27,2014,novembre,jeudi,14:15,64,64132,0,0,2,1,1,1,1,3,2,02,1,1,000,090,1,2,1,2,1,66,5,1,2,00,2,1,1,201400032698B01,7,5,1
201400032722,2014-12-10,2014,décembre,mercredi,11:35,64,64445,43.30552,-0.37039,2,1,6,1,1,4,2,02,1,1,000,000,1,0,1,4,2,62,0,1,9,00,2,1,1,201400032722B01,7,22,1
201400032726,2014-12-12,2014,décembre,vendredi,13:50,64,64445,43.30043,-0.36531,2,1,6,1,1,4,2,02,1,1,000,092,1,0,1,1,1,18,0,1,9,00,1,1,1,201400032726A01,,,
201400032735,2014-12-22,2014,décembre,lundi,19:05,64,64132,0,0,1,1,2,3,1,3,1,01,1,2,000,000,1,0,1,4,1,18,0,1,9,00,2,4,0,201400032735B01,7,2,1
201400032781,2014-07-23,2014,juillet,mercredi,18:25,64,64483,43.4092,-1.63641,1,3,3,1,1,4,2,02,1,1,000,049,1,0,1,4,1,11,5,1,2,00,2,1,21,201400032781A01,7,1,1
201400032796,2014-08-23,2014,août,samedi,13:10,64,64483,0,0,2,1,3,1,1,3,2,03,1,1,000,100,1,0,1,4,2,53,5,1,2,00,2,8,1,201400032796B01,99,20,1
201400032836,2014-12-23,2014,décembre,mardi,16:30,64,64545,0,0,1,1,1,1,9,3,2,02,-1,1,000,000,-1,0,1,4,1,66,5,1,9,00,2,1,1,201400032836B01,7,15,1
201400032852,2014-03-11,2014,mars,mardi,13:45,65,65286,43.09876,-0.03802,2,3,3,1,1,4,2,01,2,1,000,050,1,0,0,4,1,12,5,1,9,00,2,1,19,201400032852A01,7,1,1
201400032853,2014-03-24,2014,mars,lundi,16:55,65,65286,43.11607,-0.03292,1,3,3,1,3,2,2,03,4,1,000,080,2,0,1,3,2,29,3,1,9,00,2,1,15,201400032853A01,7,1,1
201400032869,2014-08-02,2014,août,samedi,14:38,65,65286,43.09466,-0.0461,2,1,6,1,1,4,2,02,1,1,000,060,1,0,1,1,1,31,5,1,9,00,1,1,1,201400032869A01,,,
201400032877,2014-09-14,2014,septembre,dimanche,21:00,65,65286,43.10696,-0.06496,2,1,5,5,1,3,2,02,2,1,000,085,1,0,1,1,1,47,5,1,4,00,2,8,11,201400032877A01,7/ 10,0,2
201400032882,2014-09-17,2014,septembre,mercredi,16:45,65,65286,43.08629,-0.04334,2,1,6,1,1,3,3,03,1,4,000,000,1,0,1,4,1,6,5,1,9,00,2,3,5,201400032882B01,7,5,1
201400032891,2014-01-08,2014,janvier,mercredi,16:35,65,65440,43.23747,0.06677,2,1,6,1,1,4,1,01,1,1,000,077,1,0,1,4,1,81,5,1,9,00,2,1,2,201400032891B01,7,22,1
201400032893,2014-02-04,2014,février,mardi,13:55,65,65047,43.26203,0.09217,2,3,3,1,1,3,2,02,1,1,000,000,1,0,1,3,2,56,5,1,9,00,2,7,1,201400032893B01,7,15,1
201400032902,2014-03-14,2014,mars,vendredi,12:40,65,65100,43.26775,0.07069,1,6,3,1,1,3,-1,02,1,1,000,000,1,5,1,4,1,28,5,1,9,00,2,1,1,201400032902B01,7,9,1
201400032916,2014-04-19,2014,avril,samedi,18:40,65,65440,43.24141,0.0634,2,1,1,1,1,4,2,02,1,1,000,000,1,0,1,3,1,15,9,1,2,00,2,1,5,201400032916A01,2,1,1
201400032926,2014-06-04,2014,juin,mercredi,75:5,65,65433,43.20362,0.10315,2,2,3,1,2,3,2,02,1,1,000,072,2,5,1,3,1,44,1,1,9,00,2,2,1,201400032926B01,7,2,1
201400032927,2014-06-06,2014,juin,vendredi,12:50,65,65440,43.2531,0.07255,2,1,3,1,1,3,2,02,1,1,000,000,1,0,1,4,1,20,9,1,2,00,2,8,19,201400032927A01,7,1,1
201400032930,2014-06-21,2014,juin,samedi,15:50,65,65440,43.23485,0.07824,2,1,6,1,1,4,2,02,1,1,000,000,1,0,1,4,2,41,4,1,2,00,0,8,2,201400032930B01,7,17,1
201400032931,2014-06-25,2014,juin,mercredi,15:55,65,65433,43.20422,0.09601,2,6,3,1,7,3,2,02,1,2,070,077,1,0,1,4,1,47,5,1,9,00,2,7,0,201400032931B01,7,9,1
201400032943,2014-09-02,2014,septembre,mardi,90:5,65,65433,43.2113,0.10034,2,3,3,1,1,4,2,02,1,1,000,000,1,4,0,3,1,40,0,1,9,00,2,0,16,201400032943B01,7,15,1
201400032945,2014-09-08,2014,septembre,lundi,21:05,65,65047,43.24748,0.08707,2,2,2,2,1,3,2,03,1,1,000,000,1,0,1,3,1,13,5,1,2,00,2,1,15,201400032945B01,2,17,1
201400032951,2014-09-25,2014,septembre,jeudi,55:5,65,65417,43.22853,0.10783,2,3,6,5,1,3,2,02,1,1,000,000,1,0,1,4,2,55,1,1,9,00,2,1,1,201400032951B01,7,15,1
201400032953,2014-10-02,2014,octobre,jeudi,14:05,65,65440,43.23086,0.07335,2,1,6,1,1,4,2,03,1,1,000,000,1,0,1,4,2,46,4,1,2,01,0,1,1,201400032953B01,7,22,1
201400032957,2014-10-09,2014,octobre,jeudi,75:0,65,65440,43.23959,0.0835,2,1,3,2,2,4,2,02,1,1,000,000,2,0,1,4,1,48,1,1,9,00,2,8,1,201400032957B01,7,15,1
201400032960,2014-10-16,2014,octobre,jeudi,10:15,65,65440,43.23706,0.05046,2,1,3,1,1,3,2,03,1,1,000,109,1,0,1,3,1,85,9,1,4,00,0,5,15,201400032960B01,7,15,1
201400032968,2014-11-01,2014,novembre,samedi,10:30,65,65440,43.25097,0.07275,2,1,3,1,1,3,2,03,1,1,000,107,1,0,1,4,1,68,5,1,9,00,2,1,1,201400032968B01,7,3,1
201400032973,2014-11-24,2014,novembre,lundi,18:15,65,65433,43.21129,0.10032,2,3,1,5,1,4,2,02,,3,,,1,4,1,3,1,73,5,1,4,00,2,1,1,201400032973B01,7,1,1
201400032974,2014-11-26,2014,novembre,mercredi,94:0,65,65440,43.24964,0.07202,2,1,3,1,3,3,2,03,1,1,000,000,2,0,1,4,2,60,9,1,2,00,2,6,1,201400032974B01,7,9,1
201400032978,2014-12-13,2014,décembre,samedi,14:15,65,65417,43.23035,0.10561,2,2,3,1,1,4,2,02,1,1,000,000,1,0,5,3,1,50,5,1,2,00,2,8,1,201400032978B01,7,1,1
201400032989,2014-01-29,2014,janvier,mercredi,16:20,66,66136,42.70541,2.90167,2,1,3,1,1,4,2,03,1,1,009,062,1,2,1,2,1,78,5,1,2,00,2,1,0,201400032989B01,14,16,1
201400033032,2014-05-06,2014,mai,mardi,64:0,66,66136,42.69863,2.92879,2,1,6,1,1,4,1,01,1,3,000,070,1,0,1,3,1,59,5,1,2,00,2,0,0,201400033032B01,7,0,1
201400033048,2014-07-01,2014,juillet,mardi,15:00,66,66136,42.7101,2.911,1,1,3,1,1,4,2,01,1,1,000,070,1,0,1,4,2,18,5,1,2,00,2,8,9,201400033048A01,7,21,1
201400033091,2014-10-07,2014,octobre,mardi,10:23,66,66136,42.68706,2.88737,2,1,3,1,1,4,2,01,2,1,000,070,1,0,4,4,1,22,0,1,2,00,2,1,5,201400033091A01,7,21,1
201400033105,2014-10-21,2014,octobre,mardi,93:0,66,66136,42.68154,2.89408,2,6,3,1,1,4,2,01,1,1,000,070,1,0,1,4,1,54,5,1,2,00,2,8,1,201400033105B01,7,1,1
201400033109,2014-11-13,2014,novembre,jeudi,74:0,66,66136,42.69001,2.89378,2,2,3,1,1,4,2,01,1,1,000,080,1,0,1,4,1,16,2,1,2,00,2,2,1,201400033109A01,7,21,1
201400033121,2014-12-04,2014,décembre,jeudi,18:30,66,66136,42.69012,2.89199,2,1,6,5,1,4,2,01,1,1,000,070,1,0,1,3,1,52,5,1,2,00,2,1,21,201400033121B01,7,22,1
201400033132,2014-01-23,2014,janvier,jeudi,95:5,67,67180,0,0,2,3,3,1,8,4,2,02,1,1,000,710,2,0,1,3,1,18,5,1,9,00,2,6,1,201400033132B01,7,19,1
201400033150,2014-01-04,2014,janvier,samedi,11:45,67,67462,0,0,2,2,3,1,2,4,2,02,1,1,154,103,2,0,1,3,2,45,1,1,9,00,2,1,0,201400033150A01,7,15,1
201400033152,2014-05-10,2014,mai,samedi,15:10,67,67462,0,0,2,1,3,1,1,3,3,02,1,1,000,000,1,0,5,3,1,4,5,1,9,00,2,7,19,201400033152B01,7,1,1
201400033162,2014-01-10,2014,janvier,vendredi,16:20,67,67482,0,0,2,1,6,1,1,4,2,02,1,3,000,060,1,0,1,4,2,54,0,1,9,00,2,1,16,201400033162B01,1,16,1
201400033162,2014-01-10,2014,janvier,vendredi,16:20,67,67482,0,0,2,1,6,1,1,4,2,02,1,3,000,060,1,0,1,1,1,67,5,1,9,00,2,1,16,201400033162A01,1,16,1
201400033163,2014-01-10,2014,janvier,vendredi,16:30,67,67482,0,0,2,1,3,2,1,4,3,02,1,1,020,090,1,0,1,4,1,23,5,1,9,00,2,1,19,201400033163A01,7,1,1
201400033167,2014-01-14,2014,janvier,mardi,19:10,67,67482,0,0,2,1,3,5,1,4,2,02,1,1,055,100,2,0,1,4,2,51,5,1,4,00,2,8,19,201400033167B01,7,1,1
201400033177,2014-01-27,2014,janvier,lundi,17:30,67,67482,0,0,2,3,1,2,2,4,2,03,1,1,000,060,2,0,1,4,2,34,1,1,4,00,2,1,19,201400033177B01,2,16,1
201400033187,2014-02-03,2014,février,lundi,12:10,67,67218,0,0,2,3,3,1,1,4,2,02,1,1,000,074,1,0,1,4,2,13,0,1,4,00,2,1,19,201400033187A01,7,16,1
201400033197,2014-02-20,2014,février,jeudi,73:0,67,67482,0,0,2,3,3,1,1,4,2,02,1,1,000,080,1,0,1,4,1,45,1,1,2,00,2,1,1,201400033197B01,7,16,1
201400033200,2014-02-22,2014,février,samedi,14:15,67,67482,0,0,2,2,3,1,1,4,2,02,1,1,000,105,1,0,1,4,2,56,5,1,9,00,2,4,1,201400033200B01,7,16,1
201400033202,2014-02-24,2014,février,lundi,10:00,67,67365,0,0,2,1,3,1,1,4,1,01,1,1,000,080,1,0,1,4,1,33,1,1,2,00,2,1,1,201400033202B01,7,9,1
201400033204,2014-02-26,2014,février,mercredi,15:10,67,67482,0,0,2,3,3,1,2,4,2,02,1,1,000,070,2,0,1,4,2,48,1,1,9,00,2,1,16,201400033204B01,7,15,1
201400033210,2014-03-06,2014,mars,jeudi,14:15,67,67482,0,0,2,1,6,1,1,4,1,02,1,1,000,085,1,0,0,4,2,29,0,1,9,01,0,1,1,201400033210B01,7,22,1
201400033214,2014-03-07,2014,mars,vendredi,17:25,67,67365,0,0,2,2,3,1,1,4,2,02,1,1,000,060,1,0,1,4,1,55,5,1,9,00,2,1,1,201400033214A01,7,1,1
201400033229,2014-03-13,2014,mars,jeudi,18:40,67,67218,0,0,2,1,6,2,1,4,2,02,1,1,000,070,1,0,1,4,1,21,5,1,9,00,1,0,0,201400033229A01,,,
201400033241,2014-03-22,2014,mars,samedi,94:5,67,67482,0,0,2,2,6,1,2,4,2,02,1,1,000,080,2,0,1,1,1,20,0,1,9,00,1,2,1,201400033241A01,,,
201400033244,2014-03-25,2014,mars,mardi,13:30,67,67482,0,0,2,1,6,1,1,4,1,01,1,1,000,070,1,0,1,4,2,39,5,1,9,00,2,1,1,201400033244B01,2,15,1
201400033247,2014-03-28,2014,mars,vendredi,82:0,67,67447,0,0,2,3,3,1,1,4,1,01,1,1,000,040,1,0,1,4,1,32,9,1,9,00,2,1,1,201400033247B01,7,15,1
201400033256,2014-04-06,2014,avril,dimanche,20:0,67,67482,0,0,2,2,3,5,1,4,2,02,-1,1,000,128,1,0,1,4,1,22,5,1,9,00,2,2,1,201400033256B01,7,16,1
201400033259,2014-04-07,2014,avril,lundi,21:30,67,67482,0,0,2,1,3,5,1,4,2,05,1,1,000,152,1,2,1,4,1,56,5,1,9,00,2,1,1,201400033259B01,7,15,1
201400033260,2014-04-07,2014,avril,lundi,22:15,67,67482,0,0,2,3,2,5,1,4,2,01,1,1,000,072,1,0,1,4,2,51,5,1,9,00,2,4,1,201400033260B01,7,15,1
201400033261,2014-04-08,2014,avril,mardi,15:45,67,67482,0,0,2,3,3,1,1,4,2,02,1,1,000,080,1,0,1,4,2,19,9,1,9,00,2,1,16,201400033261A01,7,1,1
201400033263,2014-04-09,2014,avril,mercredi,17:05,67,67482,0,0,2,1,6,1,1,4,-1,01,1,1,000,000,1,6,1,1,1,18,5,1,9,00,1,1,1,201400033263A01,,,
201400033266,2014-04-10,2014,avril,jeudi,15:10,67,67482,0,0,2,1,3,1,1,4,3,02,1,1,000,060,1,0,1,4,2,21,5,1,9,00,2,5,1,201400033266B01,7,1,1
201400033269,2014-04-11,2014,avril,vendredi,18:25,67,67482,0,0,2,1,3,1,1,4,1,01,1,1,000,000,1,0,1,4,2,49,5,1,9,00,2,2,1,201400033269B01,7,1,1
201400033270,2014-04-12,2014,avril,samedi,18:55,67,67482,0,0,2,4,3,1,1,4,1,03,1,1,000,042,1,0,1,4,2,63,5,1,9,00,2,7,1,201400033270B01,7,16,1
201400033274,2014-04-15,2014,avril,mardi,18:45,67,67482,0,0,2,1,3,1,1,4,2,03,1,3,000,119,1,0,1,4,1,66,5,1,2,00,2,8,1,201400033274B01,7,16,1
201400033276,2014-04-16,2014,avril,mercredi,18:35,67,67482,0,0,2,1,3,1,1,4,2,02,1,2,000,080,1,0,1,4,1,11,5,1,2,00,2,1,1,201400033276B01,7,23,1
201400033284,2014-04-29,2014,avril,mardi,16:00,67,67482,0,0,2,1,3,1,1,4,3,04,1,1,060,285,1,0,1,4,2,31,5,1,9,00,2,8,1,201400033284B01,7,1,1
201400033289,2014-05-06,2014,mai,mardi,94:5,67,67447,0,0,2,1,3,1,1,4,2,02,1,1,000,070,1,0,1,3,2,53,5,1,9,00,2,0,1,201400033289B01,15,16,1
201400033293,2014-05-13,2014,mai,mardi,20:57,67,67482,0,0,2,3,1,1,1,4,2,02,1,1,000,000,1,0,1,4,1,27,4,1,9,00,2,1,1,201400033293A01,1,1,1
201400033293,2014-05-13,2014,mai,mardi,20:57,67,67482,0,0,2,3,1,1,1,4,2,02,1,1,000,000,1,0,1,4,1,18,5,1,9,00,2,1,1,201400033293B01,1,1,1
201400033294,2014-05-14,2014,mai,mercredi,17:50,67,67482,0,0,2,3,3,1,1,4,2,02,1,1,070,060,1,0,1,4,2,22,5,1,9,00,2,2,1,201400033294B01,7,16,1
201400033296,2014-05-15,2014,mai,jeudi,16:40,67,67482,0,0,2,1,1,1,1,4,2,01,1,1,000,113,1,0,5,4,1,13,5,1,9,00,2,1,1,201400033296A01,1,1,1
201400033296,2014-05-15,2014,mai,jeudi,16:40,67,67482,0,0,2,1,1,1,1,4,2,01,1,1,000,113,1,0,5,1,1,21,5,1,9,00,2,6,1,201400033296B01,1,1,1
201400033300,2014-05-17,2014,mai,samedi,15:22,67,67482,0,0,2,1,3,1,1,4,2,03,1,1,000,110,1,0,1,4,1,84,5,1,9,00,2,1,19,201400033300A01,37,1,1
201400033302,2014-05-19,2014,mai,lundi,81:5,67,67482,0,0,2,3,3,1,1,4,1,01,1,1,000,000,1,0,1,4,2,44,1,1,9,00,2,1,1,201400033302A01,7,0,1
201400033303,2014-05-19,2014,mai,lundi,12:00,67,67447,0,0,2,3,3,1,1,4,2,01,1,1,010,050,1,0,1,4,2,58,1,1,9,00,2,2,1,201400033303B01,7,15,1
201400033304,2014-05-19,2014,mai,lundi,16:25,67,67482,0,0,2,3,3,1,1,4,2,01,1,1,000,240,1,0,1,4,2,16,5,1,2,00,2,1,1,201400033304B01,7,15,1
201400033305,2014-05-21,2014,mai,mercredi,14:10,67,67482,0,0,2,1,3,1,1,4,2,02,1,1,000,059,1,0,5,4,1,33,9,1,9,00,2,1,1,201400033305B01,7,1,1
201400033310,2014-05-23,2014,mai,vendredi,18:20,67,67482,0,0,2,1,3,1,1,4,1,01,1,1,030,060,1,0,1,4,2,37,5,1,9,00,0,1,1,201400033310B01,7,1,1
201400033311,2014-05-23,2014,mai,vendredi,19:15,67,67482,0,0,2,7,3,1,1,4,2,00,1,1,000,000,1,0,1,4,2,58,1,1,9,00,2,7,1,201400033311B01,1,1,1
201400033311,2014-05-23,2014,mai,vendredi,19:15,67,67482,0,0,2,7,3,1,1,4,2,00,1,1,000,000,1,0,1,1,1,32,0,1,9,00,2,1,1,201400033311A01,1,1,1
201400033314,2014-05-28,2014,mai,mercredi,22:50,67,67482,0,0,2,1,6,5,1,4,1,01,1,1,000,038,1,0,1,4,1,43,5,1,9,00,2,1,1,201400033314B01,7,4,1
201400033318,2014-06-03,2014,juin,mardi,18:30,67,67482,0,0,2,1,7,1,1,4,2,02,1,2,000,000,1,0,5,4,2,56,1,1,9,00,0,1,0,201400033318B01,30,1,1
201400033328,2014-06-12,2014,juin,jeudi,84:0,67,67482,0,0,2,1,3,1,1,4,2,02,1,1,000,060,1,0,1,3,2,31,5,1,9,00,2,2,0,201400033328B01,7,1,1
201400033329,2014-06-12,2014,juin,jeudi,16:25,67,67043,0,0,2,2,6,1,1,4,2,02,1,1,000,000,1,0,1,1,1,13,9,1,9,00,9,0,1,201400033329A01,,,
201400033329,2014-06-12,2014,juin,jeudi,16:25,67,67043,0,0,2,2,6,1,1,4,2,02,1,1,000,000,1,0,1,4,2,12,9,1,9,00,9,0,1,201400033329A01,,,
201400033330,2014-06-13,2014,juin,vendredi,14:25,67,67482,0,0,2,1,6,1,1,4,2,02,1,1,000,071,1,0,1,4,2,75,5,1,9,00,2,1,1,201400033330B01,7,22,1
201400033336,2014-06-18,2014,juin,mercredi,14:10,67,67218,0,0,2,2,3,1,1,4,2,02,1,1,000,110,1,0,1,4,1,13,5,1,9,00,2,1,0,201400033336A01,33,1,1
201400033337,2014-06-19,2014,juin,jeudi,16:15,67,67482,0,0,2,1,6,1,1,4,2,02,1,1,000,076,1,0,1,4,1,70,5,1,9,00,2,1,1,201400033337B01,7,22,1
201400033341,2014-06-20,2014,juin,vendredi,18:35,67,67482,0,0,2,3,3,1,1,4,2,03,1,1,000,150,1,0,1,4,2,27,5,1,9,00,2,7,19,201400033341B01,7,1,1
201400033343,2014-06-22,2014,juin,dimanche,15:5,67,67482,0,0,2,1,3,5,1,4,2,02,1,1,000,120,1,0,1,4,1,17,5,1,9,00,2,1,1,201400033343A01,1,19,1
201400033343,2014-06-22,2014,juin,dimanche,15:5,67,67482,0,0,2,1,3,5,1,4,2,02,1,1,000,120,1,0,1,4,2,19,5,1,9,00,2,8,19,201400033343B01,1,1,1
201400033345,2014-06-22,2014,juin,dimanche,16:36,67,67218,0,0,2,3,3,1,1,4,2,04,1,1,100,140,1,0,1,4,1,47,5,1,9,00,2,9,1,201400033345A01,7,1,1
201400033353,2014-06-28,2014,juin,samedi,13:45,67,67482,0,0,2,1,6,1,2,4,2,02,1,2,000,055,2,0,1,4,1,54,5,1,9,00,1,1,1,201400033353A01,,,
201400033358,2014-07-04,2014,juillet,vendredi,17:10,67,67482,0,0,2,3,3,1,1,4,2,02,1,1,000,100,1,0,1,4,2,16,5,1,9,00,2,1,16,201400033358B01,7,1,1
201400033368,2014-07-19,2014,juillet,samedi,14:35,67,67482,0,0,2,3,3,1,1,4,2,03,1,1,000,205,1,0,1,4,1,84,0,1,9,00,2,1,1,201400033368A01,30,1,1
201400033371,2014-07-20,2014,juillet,dimanche,17:47,67,67267,0,0,2,6,3,1,1,4,2,02,1,1,000,215,1,0,1,1,1,80,5,1,2,00,2,3,1,201400033371A01,7,1,1
201400033375,2014-07-22,2014,juillet,mardi,16:50,67,67482,0,0,2,1,3,1,1,4,2,04,1,1,050,050,1,0,1,4,1,16,5,1,9,00,2,1,1,201400033375A01,40,1,1
201400033377,2014-07-24,2014,juillet,jeudi,19:00,67,67482,0,0,2,1,3,1,1,4,2,02,1,1,000,045,1,0,1,4,1,7,5,1,9,00,2,1,19,201400033377A01,7,1,1
201400033380,2014-07-28,2014,juillet,lundi,17:00,67,67482,0,0,2,1,3,1,1,4,1,01,1,1,070,025,1,0,1,4,1,12,5,1,9,00,2,1,1,201400033380B01,7,1,1
201400033381,2014-07-29,2014,juillet,mardi,10:50,67,67482,0,0,2,1,3,1,3,4,1,03,1,1,000,090,2,0,1,4,1,68,5,1,9,00,2,1,1,201400033381A01,7,1,1
201400033382,2014-07-31,2014,juillet,jeudi,75:0,67,67482,0,0,2,3,3,1,1,4,2,02,1,1,020,045,1,0,1,4,2,33,1,1,9,00,2,1,1,201400033382B01,7,16,1
201400033390,2014-08-04,2014,août,lundi,15:53,67,67482,0,0,2,2,3,1,1,4,2,02,1,1,000,060,1,0,1,4,1,67,5,1,9,00,2,4,1,201400033390B01,40,1,1
201400033394,2014-08-11,2014,août,lundi,14:00,67,67482,0,0,2,1,2,1,1,4,2,02,1,1,000,080,1,0,1,4,1,31,5,1,9,00,2,1,1,201400033394A01,7,1,1
201400033398,2014-08-16,2014,août,samedi,11:20,67,67482,0,0,2,2,6,1,1,4,2,02,1,1,000,060,1,0,5,4,1,76,5,1,4,00,2,1,1,201400033398B01,7,15,1
201400033399,2014-08-19,2014,août,mardi,13:10,67,67482,0,0,2,3,3,1,1,4,2,04,1,1,000,140,1,0,1,4,1,78,5,1,4,00,2,7,19,201400033399A01,10,1,1
201400033401,2014-08-21,2014,août,jeudi,72:5,67,67218,0,0,2,1,3,1,1,4,2,02,1,1,000,089,1,0,5,4,2,60,1,1,4,00,2,1,1,201400033401B01,7,9,1