Num_Acc,date,an,mois,jour,hrmn,dep,com,lat,long,agg,int,col,lum,atm,catr,circ,nbv,prof,plan,lartpc,larrout,surf,infra,situ,grav,sexe,age,trajet,secuexist,equipement,obs,obsm,choc,manv,vehiculeid,typevehicules,manoeuvehicules,numVehicules
201400036366,2014-07-01,2014,juillet,mardi,15:25,80,80021,49.90414,2.2657,2,3,3,1,1,3,2,02,1,1,000,000,1,0,1,4,2,36,0,1,2,00,2,1,1,201400036366B01,7,15,1
201400036379,2014-07-22,2014,juillet,mardi,17:00,80,80021,49.90295,2.30455,2,1,2,1,1,4,2,02,1,1,000,000,1,0,1,4,2,27,0,1,2,00,2,1,1,201400036379A01,7,1,1
201400036383,2014-08-02,2014,août,samedi,20:50,80,80021,49.90453,2.3021,2,1,2,1,1,4,2,02,2,2,000,000,1,0,1,4,1,35,0,1,2,00,2,1,1,201400036383A01,7,1,1
201400036388,2014-08-07,2014,août,jeudi,17:50,80,80702,49.83764,2.3098,2,3,3,1,1,3,2,02,2,1,000,000,1,0,1,4,1,67,5,1,2,00,2,7,1,201400036388B01,7,1,1
201400036390,2014-08-19,2014,août,mardi,17:30,80,80725,49.86576,2.24039,2,1,3,1,1,4,2,02,1,1,000,000,1,0,1,4,1,34,5,1,2,00,2,1,1,201400036390B01,7,1,1
201400036418,2014-09-26,2014,septembre,vendredi,22:35,80,80021,49.9008,2.29872,2,3,3,5,1,4,2,02,1,2,000,000,1,0,1,4,1,16,0,1,9,00,2,8,19,201400036418B01,7,15,1
201400036442,2014-11-04,2014,novembre,mardi,11:35,80,80160,49.85915,2.3386,2,1,3,1,1,4,2,02,2,1,000,000,2,0,1,2,1,76,5,1,2,00,2,1,1,201400036442B01,7,15,1
201400036445,2014-11-08,2014,novembre,samedi,21:45,80,80021,49.89671,2.30059,2,1,7,5,1,4,2,02,1,1,000,000,1,0,1,1,1,29,0,1,2,00,1,1,21,201400036445A01,,,
201400036462,2014-11-27,2014,novembre,jeudi,75:5,80,80021,49.91162,2.29666,2,1,3,2,1,4,2,02,1,1,000,000,2,0,1,4,1,15,5,1,2,00,2,3,17,201400036462A01,7,1,1
201400036472,2014-12-12,2014,décembre,vendredi,13:55,80,80021,49.90257,2.30268,2,2,3,1,2,4,2,,2,1,000,000,2,0,1,4,2,52,4,1,2,00,2,7,19,201400036472A01,7,1,1
201400036484,2014-03-28,2014,mars,vendredi,85:0,81,81004,43.937,2.16703,2,1,2,1,1,4,2,02,1,1,010,060,1,0,1,3,1,74,5,1,9,00,2,1,1,201400036484B01,7,14,1
201400036499,2014-01-10,2014,janvier,vendredi,11:00,81,81065,43.5888,2.19311,1,1,2,1,1,2,1,04,1,1,000,070,1,0,1,3,1,80,3,1,2,00,0,4,2,201400036499B01,10,2,1
201400036507,2014-09-19,2014,septembre,vendredi,15:55,81,81065,43.6231,2.25188,2,1,3,1,1,3,2,02,1,1,000,073,1,0,1,3,2,19,5,1,9,00,0,6,15,201400036507B01,7,17,1
201400036530,2014-01-03,2014,janvier,vendredi,91:5,82,82121,0,0,2,3,3,1,2,4,2,04,3,1,000,000,2,0,1,3,1,96,3,1,9,00,2,7,1,201400036530B01,7,16,1
201400036532,2014-01-14,2014,janvier,mardi,10:20,82,82121,0,0,2,6,3,1,3,4,1,01,1,2,000,000,2,0,1,4,1,31,9,1,9,00,2,4,1,201400036532B01,7,9,1
201400036547,2014-03-18,2014,mars,mardi,16:55,82,82121,0,0,2,1,6,1,1,4,1,01,1,1,000,000,1,0,1,3,1,79,5,1,2,14,0,1,18,201400036547A01,7,22,1
201400036553,2014-04-15,2014,avril,mardi,17:30,82,82121,0,0,1,1,4,1,1,3,2,03,1,1,000,000,1,0,1,4,2,46,2,1,9,00,2,4,2,201400036553B01,7,2,1
201400036553,2014-04-15,2014,avril,mardi,17:30,82,82121,0,0,1,1,4,1,1,3,2,03,1,1,000,000,1,0,1,4,2,11,2,1,9,00,2,4,2,201400036553B01,7,2,1
201400036553,2014-04-15,2014,avril,mardi,17:30,82,82121,0,0,1,1,4,1,1,3,2,03,1,1,000,000,1,0,1,1,2,43,2,1,9,00,2,4,2,201400036553C01,7,2,1
201400036558,2014-06-09,2014,juin,lundi,18:50,82,82121,0,0,2,9,3,1,1,4,1,01,1,1,000,000,1,0,1,4,1,8,5,1,9,00,2,1,1,201400036558B01,7,5,1
201400036560,2014-07-04,2014,juillet,vendredi,11:30,82,82121,0,0,2,1,7,1,1,4,1,01,1,1,000,000,1,0,1,4,2,16,5,1,2,12,0,1,0,201400036560A01,,,
201400036563,2014-08-07,2014,août,jeudi,16:30,82,82121,0,0,2,6,3,1,1,4,1,01,1,-1,000,000,1,0,1,3,2,51,5,1,9,00,2,1,1,201400036563B01,7,9,1
201400036567,2014-09-11,2014,septembre,jeudi,17:50,82,82121,0,0,2,6,2,1,1,4,1,01,1,2,000,000,1,0,1,3,1,72,5,1,2,00,2,9,1,201400036567A01,7,9,1
201400036595,2014-05-04,2014,mai,dimanche,10:10,83,83050,0,0,2,1,3,1,1,3,2,02,1,-1,000,000,1,0,1,4,1,71,5,1,2,00,2,1,1,201400036595A01,33,15,1
201400036608,2014-10-22,2014,octobre,mercredi,81:3,83,83050,0,0,2,6,3,1,1,3,-1,02,-1,-1,000,000,1,0,0,4,2,54,1,1,9,00,0,7,15,201400036608B01,7,9,1
201400036610,2014-10-26,2014,octobre,dimanche,15:40,83,83050,0,0,2,1,6,1,1,3,2,02,1,1,000,000,1,0,1,3,1,72,5,1,9,00,2,6,2,201400036610B01,33,1,1
201400036627,2014-03-25,2014,mars,mardi,14:45,83,83061,43.42027,6.74406,1,1,7,1,1,9,-1,01,1,1,000,300,1,0,5,3,1,81,5,1,9,00,0,0,0,201400036627A01,,,
201400036654,2014-09-25,2014,septembre,jeudi,12:30,83,83118,0,0,1,1,3,1,1,3,2,02,2,1,000,035,1,0,1,2,1,81,5,1,2,01,0,1,1,201400036654B01,7,0,1
201400036657,2014-09-25,2014,septembre,jeudi,14:40,83,83118,43.42909,6.77154,2,3,3,1,1,4,,,,,,,,,,3,2,66,5,1,9,00,2,1,1,201400036657B01,7,1,1
201400036676,2014-01-12,2014,janvier,dimanche,11:10,83,83069,0,0,1,1,5,1,1,3,2,02,1,1,000,067,1,0,1,2,1,56,0,1,2,00,2,1,1,201400036676B01,7,5,1
201400036676,2014-01-12,2014,janvier,dimanche,11:10,83,83069,0,0,1,1,5,1,1,3,2,02,1,1,000,067,1,0,1,3,1,35,0,1,2,00,2,1,1,201400036676C01,7,5,1
201400036686,2014-05-18,2014,mai,dimanche,12:10,83,83069,0,0,1,1,6,1,1,3,2,02,1,1,000,060,1,0,3,3,1,73,5,1,2,02,0,1,14,201400036686A01,,,
201400036692,2014-07-25,2014,juillet,vendredi,11:30,83,83069,0,0,1,1,3,1,1,3,2,03,1,3,000,092,1,0,5,3,1,42,5,1,9,00,2,1,1,201400036692B01,7,15,1
201400036693,2014-07-23,2014,juillet,mercredi,18:50,83,83069,0,0,2,1,3,1,1,3,1,01,1,1,000,000,1,0,1,3,1,70,5,1,9,00,2,4,15,201400036693B01,7,15,1
201400036718,2014-02-23,2014,février,dimanche,84:5,83,83009,0,0,1,6,2,1,1,3,2,02,2,3,000,035,1,0,0,3,1,75,5,1,9,00,2,4,2,201400036718B01,7,2,1
201400036745,2014-08-04,2014,août,lundi,20:30,83,83129,43.09837,5.82774,2,6,3,1,1,4,2,02,2,1,000,030,1,0,1,4,2,73,0,1,9,00,2,0,0,201400036745B01,7,12,1
201400036746,2014-08-09,2014,août,samedi,18:55,83,83129,0,0,2,3,6,1,1,3,2,02,1,1,000,054,1,0,5,4,1,53,5,1,2,00,2,1,1,201400036746B01,7,16,1
201400036761,2014-11-02,2014,novembre,dimanche,90:0,83,83129,0,0,2,6,3,1,1,3,1,01,1,3,000,090,1,0,1,3,1,74,5,1,2,00,2,1,9,201400036761B01,7,1,1
201400036765,2014-11-06,2014,novembre,jeudi,11:50,83,83129,0,0,2,1,3,1,1,3,3,02,1,1,030,070,1,0,1,3,2,64,0,1,9,00,2,8,2,201400036765B01,37,2,1
201400036817,2014-01-20,2014,janvier,lundi,23:00,83,83062,0,0,2,2,3,5,1,3,2,03,1,1,000,000,1,0,1,4,1,28,1,1,4,00,2,1,2,201400036817B01,7,2,1
201400036841,2014-03-07,2014,mars,vendredi,18:20,83,83062,43.13841,6.03308,2,1,6,2,1,4,2,02,1,1,020,060,1,0,1,4,1,26,1,1,9,00,2,0,19,201400036841A01,7,1,1
201400036847,2014-03-18,2014,mars,mardi,14:15,83,83062,43.12406,6.01432,2,1,2,1,1,4,1,01,1,1,010,040,1,0,1,3,2,22,0,1,9,00,2,4,1,201400036847B01,7,1,1
201400036857,2014-04-01,2014,avril,mardi,16:00,83,83062,43.13556,6.02321,1,1,3,1,8,4,2,04,1,3,000,060,1,0,1,3,2,88,5,1,9,00,2,3,19,201400036857B01,7,12,1
201400036865,2014-04-05,2014,avril,samedi,13:20,83,83090,43.12724,5.87767,2,6,3,1,1,4,1,01,1,3,000,000,1,0,1,3,1,12,5,1,2,00,2,7,1,201400036865B01,7,9,1
201400036885,2014-05-16,2014,mai,vendredi,81:0,83,83062,43.01332,6.01714,2,1,3,1,1,3,3,02,1,1,015,060,1,0,1,4,2,21,2,1,9,00,2,7,19,201400036885B01,7,2,1
201400036903,2014-05-18,2014,mai,dimanche,15:30,83,83137,43.12952,5.91289,2,2,3,1,1,4,1,01,1,1,000,053,1,0,1,4,2,16,5,1,9,00,2,7,19,201400036903A01,7,1,1
201400036910,2014-06-18,2014,juin,mercredi,71:5,83,83137,43.13522,5.97742,2,6,3,1,1,4,2,01,1,1,000,036,1,5,0,4,1,49,1,1,9,00,2,7,0,201400036910B01,10,9,1
201400036911,2014-06-18,2014,juin,mercredi,18:15,83,83137,43.12765,5.92433,2,1,3,1,1,4,2,02,2,1,000,025,1,6,1,3,1,13,5,1,9,00,2,1,19,201400036911B01,37,15,1
201400036924,2014-07-16,2014,juillet,mercredi,11:50,83,83062,43.12784,5.92229,2,2,3,1,1,4,2,01,1,1,000,080,1,0,1,3,1,44,0,1,9,00,2,0,1,201400036924B01,7,19,1
201400036938,2014-08-07,2014,août,jeudi,11:00,83,83137,43.12125,5.89361,2,3,3,1,1,4,2,01,1,1,000,050,1,0,5,4,1,80,5,1,9,00,2,7,1,201400036938B01,7,1,1
201400036988,2014-10-17,2014,octobre,vendredi,71:5,83,83144,43.13551,5.97786,2,6,3,1,1,4,3,02,1,1,000,000,1,0,1,3,1,76,5,1,4,00,0,5,1,201400036988B01,7,9,1
201400037010,2014-11-20,2014,novembre,jeudi,10:00,83,83090,0,0,1,1,6,1,1,3,2,02,1,1,000,060,1,0,1,3,1,73,5,1,2,00,2,8,13,201400037010B01,7,17,1
201400037051,2014-06-23,2014,juin,lundi,10:10,84,84007,0,0,2,1,3,1,1,4,3,04,1,1,020,072,1,0,1,3,1,66,5,1,2,12,2,8,1,201400037051B01,17,17,1
201400037053,2014-07-25,2014,juillet,vendredi,19:00,84,84007,43.89839,4.89739,1,1,2,1,3,2,3,04,2,1,010,110,2,2,2,2,1,54,5,1,2,03,2,4,1,201400037053B01,7,14,1
201400037076,2014-05-23,2014,mai,vendredi,16:50,84,84035,0,0,2,6,3,1,1,3,-1,02,1,2,020,050,1,5,1,4,2,44,5,1,2,00,0,8,1,201400037076C01,7,1,1
201400037078,2014-08-14,2014,août,jeudi,15:38,84,84035,43.86384,5.04315,1,2,5,1,1,3,2,02,1,1,000,050,1,5,1,2,1,15,5,1,9,00,0,8,19,201400037078A01,7,1/17,2
201400037079,2014-08-16,2014,août,samedi,50:0,84,84035,0,0,2,3,3,2,1,4,2,02,1,1,000,050,1,5,1,3,1,47,1,1,4,00,2,1,1,201400037079B01,7,1,1
201400037080,2014-01-11,2014,janvier,samedi,22:40,84,84087,0,0,2,3,1,5,1,4,2,00,1,1,000,055,1,0,1,3,1,14,5,1,2,00,2,8,15,201400037080B01,7,1,1
201400037087,2014-09-09,2014,septembre,mardi,16:15,84,84087,0,0,1,6,3,1,1,3,2,02,2,1,025,068,1,0,1,3,1,19,5,1,2,00,2,7,1,201400037087B01,7,1,1
201400037088,2014-10-23,2014,octobre,jeudi,21:40,84,84087,0,0,1,1,5,3,1,3,2,02,1,1,000,058,1,0,1,3,1,52,5,1,2,00,2,4,3,201400037088B01,7,1,1
201400037088,2014-10-23,2014,octobre,jeudi,21:40,84,84087,0,0,1,1,5,3,1,3,2,02,1,1,000,058,1,0,1,1,1,19,5,1,2,00,2,8,2,201400037088C01,7,1,1
201400037096,2014-01-06,2014,janvier,lundi,73:0,85,85191,46.6665,-1.43017,2,3,2,5,2,3,2,02,3,1,000,100,2,0,1,4,1,14,2,1,9,00,0,4,2,201400037096B01,10,2,1
201400037104,2014-01-27,2014,janvier,lundi,18:40,85,85191,46.67065,-1.41577,2,1,6,5,1,4,-1,01,1,1,000,000,2,0,1,4,1,22,0,1,4,00,2,8,1,201400037104B01,7,15,1
201400037106,2014-02-04,2014,février,mardi,19:00,85,85191,46.68165,-1.43663,2,1,6,5,3,3,2,02,1,1,000,100,2,1,1,3,1,41,1,1,9,00,0,8,19,201400037106B01,10,1,1
201400037109,2014-02-17,2014,février,lundi,75:5,85,85191,46.65972,-1.44077,2,1,3,5,1,4,2,02,1,1,000,055,2,0,1,3,2,39,1,1,4,00,2,7,9,201400037109B01,10,9,1
201400037115,2014-03-13,2014,mars,jeudi,94:5,85,85191,46.69478,-1.42987,1,9,3,1,1,3,3,02,1,1,000,140,1,0,1,4,1,32,5,1,9,00,0,8,1,201400037115B01,14,1,1
201400037125,2014-05-13,2014,mai,mardi,93:0,85,85191,46.65973,-1.44076,2,6,3,1,1,4,2,02,1,1,000,045,1,0,1,3,2,40,1,1,9,00,2,9,0,201400037125B01,7,0,1
201400037148,2014-11-29,2014,novembre,samedi,15:10,85,85191,46.7015,-1.43977,1,1,2,1,1,4,2,02,1,4,000,045,1,0,1,3,1,21,4,1,2,00,2,9,0,201400037148B01,7,0,1
201400037154,2014-01-31,2014,janvier,vendredi,15:30,85,85166,46.5134,-1.77665,2,6,3,1,1,3,3,00,1,3,000,000,1,5,0,3,2,13,2,1,9,00,2,1,19,201400037154B01,7,1,1
201400037169,2014-03-13,2014,mars,jeudi,15:25,85,85194,46.50074,-1.79669,2,1,3,1,1,4,2,00,1,1,000,000,1,0,5,4,2,17,1,1,9,00,2,1,1,201400037169B01,37,17,1
201400037170,2014-03-14,2014,mars,vendredi,17:20,85,85194,46.49023,-1.77209,2,1,3,1,1,3,3,01,1,1,000,000,1,0,1,3,1,83,3,1,9,00,2,8,13,201400037170B01,7,1,1
201400037172,2014-03-30,2014,mars,dimanche,16:30,85,85194,46.49386,-1.79223,2,1,6,1,1,4,2,00,1,1,000,000,1,0,1,3,1,71,5,1,9,00,1,1,1,201400037172A01,,,
201400037177,2014-04-24,2014,avril,jeudi,75:0,85,85166,46.51343,-1.77667,2,1,6,1,1,3,2,00,1,3,000,000,1,5,1,4,2,15,2,1,9,00,2,8,19,201400037177A01,7,16,1
201400037188,2014-07-22,2014,juillet,mardi,12:10,85,85060,46.48163,-1.71614,2,1,3,1,1,3,1,01,1,2,000,000,1,5,1,3,1,68,0,1,2,00,2,7,1,201400037188B01,7,9,1
201400037190,2014-08-01,2014,août,vendredi,19:50,85,85166,46.51542,-1.79068,2,1,6,1,1,3,2,00,1,3,000,000,1,0,1,4,2,43,5,1,9,00,2,3,1,201400037190B01,7,20,1
201400037193,2014-08-13,2014,août,mercredi,19:30,85,85166,46.58706,-1.82909,1,1,3,1,1,3,2,02,1,1,000,000,1,0,1,1,1,36,5,1,9,00,2,2,1,201400037193B01,7,9,1
201400037194,2014-08-15,2014,août,vendredi,19:45,85,85060,46.46749,-1.7368,1,1,1,1,1,9,-1,00,2,1,000,000,1,0,5,3,2,61,5,1,9,00,2,2,13,201400037194A01,1,1,1
201400037194,2014-08-15,2014,août,vendredi,19:45,85,85060,46.46749,-1.7368,1,1,1,1,1,9,-1,00,2,1,000,000,1,0,5,1,1,26,5,1,9,00,2,1,1,201400037194B01,1,13,1
201400037195,2014-08-20,2014,août,mercredi,13:55,85,85194,46.50359,-1.78791,2,1,6,1,1,4,2,00,1,1,000,000,1,0,1,3,1,22,5,1,9,00,2,7,19,201400037195A01,7,1,1
201400037196,2014-08-21,2014,août,jeudi,11:30,85,85194,46.49727,-1.78195,2,1,6,1,1,4,1,00,1,1,000,000,1,0,1,4,2,46,5,1,9,00,2,8,1,201400037196B01,7,14,1
201400037200,2014-09-07,2014,septembre,dimanche,16:00,85,85194,46.50302,-1.79723,2,4,3,1,1,4,3,02,1,1,000,000,1,0,1,4,2,63,5,1,9,00,2,7,1,201400037200B01,2,9,1
201400037201,2014-09-12,2014,septembre,vendredi,19:40,85,85194,46.49111,-1.76242,2,2,3,1,1,4,2,02,2,1,000,000,1,0,1,4,1,16,5,1,9,00,2,1,15,201400037201B01,7,1,1
201400037203,2014-09-18,2014,septembre,jeudi,16:43,85,85166,46.52338,-1.7822,2,1,1,1,1,4,2,02,1,4,000,000,1,0,1,3,1,43,5,1,9,00,2,1,5,201400037203A01,7,1,1
201400037204,2014-09-19,2014,septembre,vendredi,10:45,85,85194,46.50207,-1.77702,2,1,5,1,1,3,2,02,1,1,000,000,1,0,5,4,1,55,0,1,9,00,2,7,1,201400037204B01,7,22/14,2
201400037205,2014-10-01,2014,octobre,mercredi,93:0,85,85194,46.49852,-1.78133,2,3,3,1,1,3,2,02,1,1,000,000,1,0,1,4,1,80,5,1,9,00,2,1,1,201400037205B01,7,9,1
201400037212,2014-11-14,2014,novembre,vendredi,16:25,85,85060,46.50352,-1.74292,2,2,3,1,7,3,2,02,1,1,000,000,2,0,1,4,1,59,3,1,9,00,2,1,1,201400037212B01,7,9,1
201400037224,2014-04-05,2014,avril,samedi,13:45,86,86066,0,0,2,4,3,1,1,4,1,01,2,1,000,030,2,0,1,4,2,10,5,1,9,00,2,1,5,201400037224A01,7,1,1
201400037226,2014-04-23,2014,avril,mercredi,15:05,86,86066,0,0,2,3,3,1,1,4,2,02,1,1,000,000,1,0,1,4,1,14,5,1,9,00,2,1,5,201400037226A01,7,1,1
201400037236,2014-10-04,2014,octobre,samedi,19:55,86,86066,46.81437,0.53516,2,3,3,5,8,4,2,02,1,1,000,051,1,5,1,3,1,15,5,1,4,02,2,1,1,201400037236A01,7,1,1
201400037242,2014-12-09,2014,décembre,mardi,15:35,86,86066,0,0,2,3,3,1,2,3,2,02,2,2,000,000,2,0,1,3,2,82,5,1,4,00,2,1,23,201400037242B01,7,15,1
201400037285,2014-03-10,2014,mars,lundi,40:0,86,86194,0,0,2,1,3,5,1,4,2,02,1,1,000,085,1,0,1,3,1,25,5,1,4,00,2,3,19,201400037285B01,7,1,1
201400037286,2014-03-10,2014,mars,lundi,85:1,86,86194,0,0,2,6,3,1,1,4,2,02,2,1,000,070,1,0,0,4,2,53,0,1,9,00,2,8,9,201400037286B01,7,16,1
201400037304,2014-03-28,2014,mars,vendredi,18:25,86,86194,0,0,2,3,3,1,1,4,2,03,1,1,000,110,1,0,1,4,1,15,9,1,4,00,2,1,1,201400037304A01,7,1,1
201400037314,2014-04-07,2014,avril,lundi,17:40,86,86194,0,0,2,1,3,1,1,4,2,02,1,1,000,070,1,0,1,4,1,23,9,1,9,00,2,8,1,201400037314B01,7,17,1
201400037356,2014-06-07,2014,juin,samedi,18:30,86,86194,0,0,2,2,3,1,1,3,3,07,1,1,030,240,1,5,1,4,1,59,9,1,9,00,2,7,1,201400037356B01,7,1,1
201400037358,2014-06-08,2014,juin,dimanche,18:10,86,86194,0,0,2,1,3,1,1,3,2,04,1,1,080,140,1,0,1,4,2,23,0,1,4,00,2,3,19,201400037358A01,7,1,1
201400037358,2014-06-08,2014,juin,dimanche,18:10,86,86194,0,0,2,1,3,1,1,3,2,04,1,1,080,140,1,0,1,4,1,3,9,1,3,00,2,3,19,201400037358A01,7,1,1
201400037360,2014-06-12,2014,juin,jeudi,93:0,86,86194,46.59119,0.35555,2,3,3,1,1,4,2,02,1,1,000,070,1,0,1,4,2,75,0,1,9,00,2,7,1,201400037360B01,7,9,1
201400037365,2014-06-20,2014,juin,vendredi,18:05,86,86194,0,0,2,6,3,1,1,4,2,02,1,1,000,070,1,0,1,4,2,46,9,1,9,00,2,7,1,201400037365B01,7,1,1
201400037376,2014-07-22,2014,juillet,mardi,15:00,86,86194,46.57781,0.3428,2,3,1,1,1,4,1,01,2,1,000,000,1,0,1,4,1,22,0,1,4,00,2,1,15,201400037376B01,7,15,1
201400037397,2014-08-29,2014,août,vendredi,11:20,86,86194,0,0,2,6,3,1,1,4,2,02,1,1,000,070,1,0,1,4,2,43,0,1,9,00,2,7,1,201400037397B01,7,9,1
201400037426,2014-09-29,2014,septembre,lundi,93:5,86,86194,46.56175,0.37363,2,6,1,1,2,4,2,02,1,1,000,060,2,0,1,3,2,30,0,1,2,00,2,8,0,201400037426B01,7,16,1
201400037433,2014-10-13,2014,octobre,lundi,80:0,86,86194,0,0,2,3,2,1,1,3,3,04,1,1,080,140,1,0,1,3,1,18,2,1,9,00,2,4,1,201400037433B01,7,9,1
201400037436,2014-10-18,2014,octobre,samedi,10:20,86,86041,46.5994,0.34367,2,1,2,1,1,4,2,02,3,3,000,060,1,0,1,3,1,56,5,1,9,00,2,4,16,201400037436B01,7,16,1
201400037439,2014-10-24,2014,octobre,vendredi,13:30,86,86194,46.58772,0.34903,2,3,3,1,1,4,3,04,-1,1,012,090,1,0,1,4,1,21,0,1,9,00,2,1,8,201400037439B01,7,16,1
201400037441,2014-10-26,2014,octobre,dimanche,18:45,86,86194,46.5785,0.3789,2,1,3,1,1,5,3,04,1,1,000,060,1,0,0,3,1,18,0,1,9,00,2,1,8,201400037441A01,7,9,1
201400037444,2014-10-29,2014,octobre,mercredi,15:55,86,86157,0,0,2,2,5,1,1,2,2,03,1,1,030,116,1,0,1,4,1,68,0,1,9,00,2,8,0,201400037444B01,10/ 7,0/1,2
201400037444,2014-10-29,2014,octobre,mercredi,15:55,86,86157,0,0,2,2,5,1,1,2,2,03,1,1,030,116,1,0,1,4,1,61,0,1,9,00,2,8,0,201400037444C01,10/ 7,0/1,2
201400037492,2014-01-08,2014,janvier,mercredi,14:38,87,87085,0,0,2,1,6,1,1,4,2,02,-1,1,000,060,1,0,1,4,2,43,5,1,2,00,0,0,0,201400037492A01,,,
201400037548,2014-03-18,2014,mars,mardi,74:9,87,87050,0,0,2,2,3,1,1,2,1,02,1,3,000,060,1,0,1,4,1,47,1,1,9,00,2,4,1,201400037548B01,7,9,1
201400037575,2014-04-16,2014,avril,mercredi,90:0,87,87085,0,0,2,1,6,1,1,4,2,02,1,1,000,060,1,0,1,4,2,25,1,1,2,01,0,1,1,201400037575B01,7,22,1
201400037596,2014-05-03,2014,mai,samedi,17:17,87,87085,0,0,2,3,3,1,1,4,2,02,1,1,000,060,1,0,1,4,1,10,5,1,2,00,2,1,1,201400037596A01,37,1,1
201400037609,2014-05-23,2014,mai,vendredi,74:7,87,87050,0,0,1,2,6,1,1,3,2,02,1,1,000,060,1,0,1,4,1,15,1,1,2,00,2,7,1,201400037609A01,99,0,1
201400037618,2014-06-02,2014,juin,lundi,17:04,87,87085,0,0,2,1,3,1,1,4,2,02,1,1,000,060,1,0,1,4,1,15,5,1,9,00,2,1,1,201400037618B01,7,15,1
201400037649,2014-07-02,2014,juillet,mercredi,75:5,87,87085,0,0,2,1,4,1,1,3,2,04,2,1,000,120,1,0,1,4,1,49,1,1,9,00,2,1,3,201400037649B01,7,22/1,2
201400037659,2014-07-16,2014,juillet,mercredi,10:09,87,87085,0,0,1,1,6,1,1,4,1,02,1,2,000,060,1,0,1,4,1,74,5,1,2,00,2,2,14,201400037659B01,7,13,1
201400037698,2014-08-19,2014,août,mardi,12:05,87,87085,0,0,2,1,6,1,1,4,1,01,2,1,000,030,1,0,1,4,1,35,4,1,9,00,2,1,1,201400037698A01,7,1,1
201400037729,2014-09-10,2014,septembre,mercredi,18:10,87,87085,0,0,2,1,6,1,1,4,2,02,1,1,000,060,1,0,1,4,1,78,5,1,9,00,0,7,1,201400037729A01,,,
201400037730,2014-09-10,2014,septembre,mercredi,18:26,87,87085,0,0,2,1,6,1,2,3,3,05,-1,1,010,150,1,0,1,4,1,9,3,1,2,00,2,8,19,201400037730B01,7,1,1
201400037735,2014-09-18,2014,septembre,jeudi,81:4,87,87085,0,0,2,3,3,1,1,4,1,01,2,1,000,030,1,0,1,4,1,24,1,1,9,00,2,1,1,201400037735A01,7,15,1
201400037755,2014-10-03,2014,octobre,vendredi,22:31,87,87085,0,0,2,3,3,5,1,4,2,02,1,1,000,060,1,0,1,4,1,20,1,1,9,00,2,1,1,201400037755B01,7,15,1
201400037789,2014-10-29,2014,octobre,mercredi,14:36,87,87085,0,0,1,1,6,1,1,4,1,01,1,3,000,030,1,0,1,4,1,65,5,1,9,00,0,8,1,201400037789A01,,,
201400037793,2014-10-31,2014,octobre,vendredi,18:27,87,87075,0,0,1,1,7,3,1,3,2,02,-1,1,000,060,1,0,1,4,1,50,1,1,2,00,0,0,21,201400037793B01,7,15,1
201400037819,2014-11-20,2014,novembre,jeudi,17:01,87,87085,0,0,2,1,6,1,1,4,2,02,-1,1,000,060,1,0,1,4,1,22,5,1,2,00,0,0,0,201400037819A01,,,
201400037823,2014-11-28,2014,novembre,vendredi,11:00,87,87085,0,0,2,9,3,1,1,4,2,02,1,1,000,060,1,0,1,3,2,46,5,1,2,00,2,2,16,201400037823B01,10,9,1
201400037824,2014-11-28,2014,novembre,vendredi,13:40,87,87085,0,0,2,1,6,1,1,4,3,04,2,3,000,120,1,0,1,4,1,58,5,1,9,00,2,1,1,201400037824A01,10,12,1
201400037866,2014-03-19,2014,mars,mercredi,10:10,88,88160,48.183,6.46751,2,6,3,1,1,3,2,02,2,1,000,076,1,0,1,4,1,39,4,1,9,00,2,7,1,201400037866B01,7,9,1
201400037878,2014-06-22,2014,juin,dimanche,17:48,88,88209,48.19088,6.41537,2,1,7,1,1,3,2,02,1,1,000,067,1,0,4,3,1,61,5,1,2,12,0,0,2,201400037878A01,,,
201400037896,2014-08-23,2014,août,samedi,15:00,88,88462,48.0207,6.66598,1,1,1,1,3,3,2,02,1,3,000,070,2,0,1,3,1,41,5,1,9,00,2,1,1,201400037896B01,7,5,1
201400037902,2014-10-04,2014,octobre,samedi,13:30,88,88415,0,0,2,1,3,1,1,4,-1,02,-1,-1,076,063,1,0,1,3,1,73,5,1,2,00,2,7,1,201400037902B01,7,15,1
201400037922,2014-06-15,2014,juin,dimanche,11:50,88,88413,48.28026,6.95159,2,3,3,1,1,4,2,02,1,1,000,070,1,0,1,3,1,64,5,1,9,00,2,1,1,201400037922B01,7,15,1
201400037927,2014-06-06,2014,juin,vendredi,75:5,88,88413,48.29161,6.95119,2,1,2,1,1,3,2,02,1,1,000,060,1,0,1,3,1,13,0,1,9,00,2,1,1,201400037927A01,7,23,1
201400037963,2014-08-29,2014,août,vendredi,11:00,89,89342,48.22756,3.26669,2,9,6,1,1,3,2,03,1,1,000,090,1,0,1,3,1,65,5,1,9,00,2,3,1,201400037963B01,10,15,1
201400037966,2014-10-26,2014,octobre,dimanche,16:20,89,89387,48.19949,3.29396,2,2,1,1,1,4,1,01,1,4,000,000,1,0,1,4,1,13,5,1,9,00,2,1,5,201400037966A01,7,15,1
201400037976,2014-01-08,2014,janvier,mercredi,17:25,90,90010,0,0,2,1,3,5,1,4,2,02,1,1,000,080,1,0,1,4,2,28,0,1,9,00,2,8,11,201400037976B01,7,1,1
201400038005,2014-03-18,2014,mars,mardi,16:53,90,90010,0,0,2,1,1,1,1,4,3,02,2,1,000,040,1,0,4,3,2,56,1,1,9,00,2,1,1,201400038005B01,7,1,1