Num_Acc,date,an,mois,jour,hrmn,dep,com,lat,long,agg,int,col,lum,atm,catr,circ,nbv,prof,plan,lartpc,larrout,surf,infra,situ,grav,sexe,age,trajet,secuexist,equipement,obs,obsm,choc,manv,vehiculeid,typevehicules,manoeuvehicules,numVehicules
201400038021,2014-04-24,2014,avril,jeudi,12:,90,90099,0,0,2,1,6,5,1,3,2,02,1,1,000,090,1,0,1,4,1,31,5,1,2,00,2,3,0,201400038021B01,7,17,1
201400038035,2014-06-08,2014,juin,dimanche,19:40,90,90010,0,0,2,1,3,1,1,4,-1,00,-1,-1,000,000,-1,0,1,4,1,10,5,1,9,00,2,0,0,201400038035B01,32,0,1
201400038036,2014-06-09,2014,juin,lundi,20:35,90,90010,0,0,2,1,6,1,1,9,2,01,1,1,000,056,1,6,5,4,1,47,0,1,2,00,1,1,1,201400038036A01,,,
201400038036,2014-06-09,2014,juin,lundi,20:35,90,90010,0,0,2,1,6,1,1,9,2,01,1,1,000,056,1,6,5,4,2,29,5,1,9,00,1,1,1,201400038036A01,,,
201400038042,2014-06-22,2014,juin,dimanche,17:47,90,90010,0,0,2,1,3,1,1,3,1,02,1,1,000,000,1,0,1,4,2,54,0,1,2,00,2,1,0,201400038042A01,7,2,1
201400038045,2014-06-25,2014,juin,mercredi,18:41,90,90010,0,0,2,1,6,1,1,3,2,02,1,1,000,060,1,0,0,4,2,7,9,1,2,00,2,8,19,201400038045B01,7,1,1
201400038046,2014-07-03,2014,juillet,jeudi,84:5,90,90010,0,0,2,6,3,1,1,3,2,01,-1,2,000,053,1,0,1,4,2,28,1,1,2,00,9,1,15,201400038046B01,7,0,1
201400038055,2014-08-09,2014,août,samedi,12:50,90,90010,0,0,2,2,3,1,1,4,1,00,1,3,000,000,1,0,1,4,1,13,0,1,9,00,2,7,0,201400038055B01,7,0,1
201400038068,2014-09-20,2014,septembre,samedi,15:45,90,90010,0,0,2,1,6,1,1,5,-1,00,-1,-1,000,000,-1,0,0,4,2,4,0,1,9,00,1,0,0,201400038068A01,,,
201400038072,2014-09-25,2014,septembre,jeudi,17:55,90,90010,0,0,2,1,2,1,1,3,-1,00,-1,-1,000,000,-1,0,0,4,1,14,0,1,9,00,2,1,2,201400038072A01,7,0,1
201400038086,2014-10-16,2014,octobre,jeudi,64:9,90,90010,0,0,2,6,6,3,2,3,2,02,1,-1,000,000,2,0,1,4,1,54,1,1,9,00,2,4,0,201400038086B01,7,0,1
201400038098,2014-11-17,2014,novembre,lundi,13:15,90,90008,0,0,2,1,6,1,1,3,-1,01,2,1,000,000,1,0,4,4,1,14,5,1,9,00,2,2,2,201400038098B01,7,0,1
201400038101,2014-11-18,2014,novembre,mardi,17:45,90,90010,0,0,2,1,3,5,2,4,3,02,1,1,000,000,2,0,1,4,2,20,0,1,2,00,2,0,0,201400038101B01,7,0,1
201400038157,2014-06-16,2014,juin,lundi,22:55,91,91347,0,0,2,2,3,5,1,4,1,01,1,1,000,000,1,0,1,4,1,20,5,1,4,00,2,1,1,201400038157A01,31,1,1
201400038161,2014-06-19,2014,juin,jeudi,17:20,91,91347,0,0,2,2,1,1,1,4,2,02,1,1,000,000,1,0,1,4,1,12,5,1,2,00,2,1,1,201400038161A01,7,1,1
201400038163,2014-06-25,2014,juin,mercredi,80:5,91,91333,0,0,2,2,3,1,1,4,2,02,1,1,000,000,1,0,1,4,1,43,0,1,2,00,2,9,1,201400038163B01,7,1,1
201400038171,2014-07-24,2014,juillet,jeudi,17:30,91,91021,0,0,2,1,3,1,1,3,2,02,1,1,000,000,1,0,1,4,1,38,0,1,2,00,2,1,18,201400038171A01,7,2,1
201400038172,2014-07-27,2014,juillet,dimanche,13:35,91,91103,0,0,2,1,3,1,1,4,2,02,1,1,000,000,1,0,1,3,2,73,5,1,2,00,2,1,1,201400038172A01,7,2,1
201400038221,2014-12-15,2014,décembre,lundi,80:0,91,91425,0,0,2,1,1,5,1,2,3,04,1,1,000,000,1,0,5,3,1,47,1,1,2,00,2,1,1,201400038221B01,7,16,1
201400038230,2014-02-20,2014,février,jeudi,17:45,91,91027,0,0,2,1,6,1,1,4,3,02,2,1,000,000,1,0,4,2,1,41,1,1,2,04,0,1,1,201400038230A01,,,
201400038238,2014-11-06,2014,novembre,jeudi,72:5,91,91027,0,0,2,2,3,2,1,3,2,02,1,1,000,000,1,0,5,4,1,45,1,1,4,00,2,7,1,201400038238B01,7,1,1
201400038249,2014-01-30,2014,janvier,jeudi,82:0,91,91114,0,0,2,2,1,2,1,4,2,02,1,1,000,100,1,0,1,4,1,13,0,1,9,00,2,1,1,201400038249A01,7,1,1
201400038254,2014-02-11,2014,février,mardi,17:00,91,91114,0,0,2,6,3,1,1,3,2,02,1,1,000,045,2,0,1,4,1,13,0,1,9,00,2,8,15,201400038254B01,7,9,1
201400038263,2014-03-30,2014,mars,dimanche,18:45,91,91215,0,0,2,1,3,1,1,4,2,02,1,1,000,070,1,0,1,4,1,8,0,1,9,00,2,1,19,201400038263B01,7,1,1
201400038267,2014-05-18,2014,mai,dimanche,11:00,91,91514,0,0,2,1,2,1,1,3,2,02,1,1,000,150,1,0,1,4,1,55,0,1,9,00,2,4,1,201400038267B01,7,1,1
201400038277,2014-06-30,2014,juin,lundi,20:50,91,91514,0,0,2,1,2,1,1,4,2,02,1,1,000,050,1,0,1,4,1,39,5,1,9,00,2,4,2,201400038277B01,7,1,1
201400038287,2014-08-22,2014,août,vendredi,19:00,91,91114,0,0,2,3,3,1,1,4,1,01,2,1,000,100,1,0,0,4,1,12,0,1,9,00,2,1,1,201400038287A01,7,1,1
201400038291,2014-09-24,2014,septembre,mercredi,83:0,91,91114,0,0,2,3,1,1,1,4,1,01,1,1,000,000,1,0,1,4,1,14,0,1,9,00,2,1,5,201400038291A01,7,1,1
201400038341,2014-06-11,2014,juin,mercredi,17:25,91,91174,0,0,2,1,2,1,1,2,2,02,2,1,000,000,1,0,1,4,1,44,1,1,2,00,2,2,1,201400038341A01,10,2,1
201400038344,2014-04-01,2014,avril,mardi,17:10,91,91174,0,0,2,1,3,1,1,4,2,02,1,1,000,000,1,0,1,4,2,28,0,1,2,00,2,1,19,201400038344B01,7,1,1
201400038348,2014-06-28,2014,juin,samedi,10:40,91,91174,0,0,2,6,3,1,1,3,3,02,1,3,000,000,1,5,1,4,1,28,1,1,2,00,2,7,1,201400038348B01,7,9,1
201400038402,2014-07-14,2014,juillet,lundi,13:45,91,91657,0,0,2,2,2,1,1,3,2,02,1,1,000,000,-1,0,1,4,1,53,5,1,9,00,2,1,1,201400038402B01,7,1,1
201400038436,2014-02-04,2014,février,mardi,17:10,91,91469,0,0,2,1,7,1,1,4,2,02,1,4,000,000,1,0,1,3,1,46,4,1,9,16,0,0,1,201400038436A01,,,
201400038444,2014-03-02,2014,mars,dimanche,10:00,91,91433,0,0,2,1,7,1,1,3,2,02,1,1,000,000,1,0,1,3,1,55,5,1,9,00,0,0,1,201400038444A01,,,
201400038466,2014-05-27,2014,mai,mardi,17:57,91,91223,0,0,2,1,6,1,1,4,1,01,2,1,000,000,1,0,4,1,1,8,0,1,9,00,1,1,1,201400038466A01,,,
201400038467,2014-05-30,2014,mai,vendredi,95:0,91,91223,0,0,2,3,1,1,1,4,2,02,1,1,000,000,1,0,1,4,2,26,0,1,9,00,2,1,9,201400038467A01,7,1,1
201400038480,2014-07-05,2014,juillet,samedi,18:15,91,91223,0,0,2,1,6,1,1,4,2,02,2,1,000,000,2,0,1,3,1,53,5,1,9,08,0,1,1,201400038480A01,,,
201400038499,2014-09-15,2014,septembre,lundi,20:55,91,91223,0,0,2,1,2,2,1,4,2,02,1,4,000,000,1,0,1,3,2,49,0,1,4,00,2,1,1,201400038499A01,7,2,1
201400038508,2014-10-24,2014,octobre,vendredi,17:25,91,91469,0,0,2,1,7,1,1,4,2,02,1,1,000,000,1,0,1,4,1,62,5,1,9,00,0,0,0,201400038508A01,,,
201400038509,2014-10-31,2014,octobre,vendredi,17:25,91,91433,0,0,2,1,6,1,1,4,2,02,1,1,000,000,1,0,1,4,2,18,0,1,9,12,0,7,14,201400038509A01,,,
201400038611,2014-03-13,2014,mars,jeudi,16:25,91,91345,0,0,2,3,3,1,7,3,2,02,1,1,000,060,1,0,1,4,2,43,5,1,2,00,2,8,15,201400038611B01,7,15,1
201400038621,2014-06-03,2014,juin,mardi,12:00,91,91161,0,0,2,1,3,1,1,4,1,01,1,1,000,000,1,0,1,3,1,72,0,1,9,00,2,8,0,201400038621B01,7,0,1
201400038633,2014-11-04,2014,novembre,mardi,12:43,91,91161,0,0,2,2,3,1,1,3,2,02,1,1,000,030,1,0,1,4,1,39,5,1,9,00,2,3,19,201400038633B01,7,16,1
201400038667,2014-01-12,2014,janvier,dimanche,11:10,91,91421,0,0,2,1,3,1,1,3,2,02,1,1,000,000,1,0,1,3,2,72,0,1,9,00,2,1,2,201400038667B01,7,24,1
201400038672,2014-01-30,2014,janvier,jeudi,16:40,91,91691,0,0,2,5,3,1,1,4,2,02,1,1,030,030,1,0,1,4,2,24,1,1,9,00,2,8,1,201400038672B01,7,1,1
201400038677,2014-02-24,2014,février,lundi,14:35,91,91691,0,0,2,3,1,1,1,4,-1,00,-1,-1,000,000,-1,0,5,4,2,18,0,1,9,00,2,1,1,201400038677B01,7,9,1
201400038679,2014-03-09,2014,mars,dimanche,17:43,91,91691,0,0,2,1,2,1,1,4,2,02,1,1,000,000,1,0,1,4,1,10,0,1,9,00,2,1,1,201400038679B01,7,23,1
201400038706,2014-08-21,2014,août,jeudi,17:40,91,91191,0,0,2,1,3,1,1,4,3,02,1,1,000,000,1,0,0,4,1,47,0,1,9,00,2,1,1,201400038706B01,7,22,1
201400038750,2014-03-10,2014,mars,lundi,18:30,91,91471,0,0,2,1,2,1,1,4,2,02,1,1,000,000,1,0,1,4,1,34,1,1,2,00,2,1,2,201400038750B01,7,1,1
201400038752,2014-03-20,2014,mars,jeudi,81:0,91,91645,0,0,2,3,3,1,1,4,2,02,1,1,000,035,1,0,1,4,2,48,1,1,2,00,2,7,1,201400038752B01,7,15,1
201400038774,2014-03-19,2014,mars,mercredi,71:0,91,91471,0,0,2,1,1,1,1,4,2,02,2,2,000,000,1,0,1,3,2,21,1,1,2,00,2,1,1,201400038774B01,7,13,1
201400038777,2014-08-01,2014,août,vendredi,84:0,91,91477,0,0,2,6,3,1,1,3,1,02,1,2,000,000,1,5,1,4,1,60,5,1,2,00,2,1,1,201400038777A01,38,7,1
201400038786,2014-05-31,2014,mai,samedi,15:40,91,91471,0,0,2,1,3,1,1,4,2,02,1,1,000,000,1,0,1,4,1,81,0,1,9,00,2,8,0,201400038786B01,7,0,1
201400038795,2014-11-12,2014,novembre,mercredi,12:25,91,91645,0,0,2,1,6,1,1,4,2,02,2,1,000,000,1,0,1,1,1,27,5,1,9,00,1,1,1,201400038795A01,,,
201400038819,2014-03-27,2014,mars,jeudi,82:0,91,91549,0,0,2,6,3,1,1,4,2,02,1,1,000,030,1,5,1,4,1,19,2,1,9,00,2,2,1,201400038819A01,7,1,1
201400038824,2014-06-22,2014,juin,dimanche,72:5,91,91570,0,0,2,3,3,1,1,4,2,02,1,1,000,070,1,0,1,3,1,61,5,1,2,00,2,1,16,201400038824B01,7,0,1
201400038834,2014-10-02,2014,octobre,jeudi,12:55,91,91549,0,0,2,1,3,1,1,3,2,02,1,1,000,000,1,0,5,3,1,68,5,1,2,00,2,1,1,201400038834B01,7,19,1
201400038842,2014-11-12,2014,novembre,mercredi,16:25,91,91549,0,0,2,1,1,1,1,3,2,02,1,1,000,000,1,0,0,3,1,74,5,1,9,00,2,1,0,201400038842B01,7,0,1
201400038856,2014-03-14,2014,mars,vendredi,20:30,91,91589,0,0,2,1,6,2,1,4,2,02,1,1,000,000,1,0,1,4,1,25,1,1,9,00,1,1,1,201400038856A01,,,
201400038856,2014-03-14,2014,mars,vendredi,20:30,91,91589,0,0,2,1,6,2,1,4,2,02,1,1,000,000,1,0,1,4,2,45,0,1,8,00,1,1,1,201400038856A01,,,
201400038857,2014-03-25,2014,mars,mardi,72:8,91,91432,0,0,2,3,3,2,1,4,2,02,1,1,000,000,2,0,1,4,1,57,0,1,4,00,2,1,1,201400038857B01,7,1,1
201400038872,2014-05-19,2014,mai,lundi,17:25,91,91589,0,0,2,3,3,1,1,4,2,04,1,1,000,000,1,0,1,4,1,22,0,1,4,00,2,1,1,201400038872B01,7,11,1
201400038876,2014-07-01,2014,juillet,mardi,18:00,91,91589,0,0,2,1,2,1,1,3,2,02,1,1,000,000,1,0,1,4,1,15,0,1,4,00,2,1,1,201400038876B01,7,1,1
201400038877,2014-07-01,2014,juillet,mardi,16:35,91,91589,0,0,2,1,3,1,1,4,2,02,1,1,000,000,1,0,1,4,1,77,0,1,4,00,2,7,1,201400038877B01,7,4,1
201400038898,2014-12-03,2014,décembre,mercredi,85:0,91,91432,0,0,2,2,3,1,2,4,2,02,1,1,000,000,2,5,1,4,2,11,2,1,9,00,2,3,1,201400038898B01,7,1,1
201400038914,2014-04-11,2014,avril,vendredi,14:20,92,92014,0,0,2,1,6,1,1,3,1,03,1,1,000,000,1,0,1,4,1,65,5,1,9,00,2,0,0,201400038914B01,33,1,1
201400038918,2014-06-05,2014,juin,jeudi,19:15,92,92014,0,0,2,1,2,1,1,4,1,02,1,1,000,120,1,0,1,4,1,27,1,1,9,00,2,1,2,201400038918B01,7,23,1
201400038923,2014-07-04,2014,juillet,vendredi,15:19,92,92002,0,0,2,2,6,1,1,4,1,01,3,3,000,000,1,0,1,4,2,66,0,1,2,00,2,0,2,201400038923B01,7,1,1
201400038933,2014-10-31,2014,octobre,vendredi,61:0,92,92014,0,0,2,3,3,5,1,3,3,04,1,1,000,112,1,0,1,3,1,55,1,1,4,00,2,1,15,201400038933B01,7,0,1
201400038962,2014-02-05,2014,février,mercredi,19:30,92,92004,0,0,2,1,6,5,2,3,1,01,1,1,000,000,2,0,1,1,1,72,9,1,8,00,1,0,0,201400038962A01,,,
201400038972,2014-02-13,2014,février,jeudi,23:00,92,92004,0,0,2,1,3,5,1,4,2,02,2,1,000,000,2,0,1,3,1,59,1,1,8,00,2,4,2,201400038972A01,7,0,1
201400038990,2014-03-28,2014,mars,vendredi,18:25,92,92009,0,0,2,1,6,1,1,4,1,01,1,1,000,000,1,0,1,1,1,23,9,1,2,00,1,1,5,201400038990A01,,,
201400039006,2014-05-07,2014,mai,mercredi,73:0,92,92004,0,0,2,1,1,1,1,4,2,02,1,1,000,000,1,0,1,4,2,26,1,1,2,00,2,1,1,201400039006B01,7,16,1
201400039050,2014-07-25,2014,juillet,vendredi,10:05,92,92004,0,0,2,1,3,1,1,3,2,02,1,1,000,000,1,0,1,1,1,33,9,1,2,00,2,8,10,201400039050B01,31,1,1
201400039077,2014-10-08,2014,octobre,mercredi,10:55,92,92004,0,0,2,2,3,1,2,4,1,01,1,1,000,000,2,0,1,4,2,47,5,1,2,00,2,2,1,201400039077A01,7,15,1
201400039085,2014-10-23,2014,octobre,jeudi,18:20,92,92004,0,0,2,1,3,1,1,4,2,02,-1,-1,000,000,1,0,1,4,1,90,5,1,2,00,2,8,1,201400039085B01,7,17,1
201400039091,2014-11-12,2014,novembre,mercredi,17:30,92,92004,0,0,2,2,3,5,1,4,1,01,1,1,000,000,1,0,1,4,2,12,5,1,2,00,2,7,1,201400039091A01,7,15,1
201400039097,2014-11-27,2014,novembre,jeudi,95:5,92,92004,0,0,2,2,3,1,1,4,1,01,1,1,000,000,1,0,1,4,1,54,9,1,2,00,2,8,1,201400039097B01,7,16,1
201400039105,2014-12-12,2014,décembre,vendredi,84:5,92,92004,0,0,2,1,1,1,2,4,1,01,1,1,000,000,2,0,5,4,2,47,1,1,2,00,2,1,1,201400039105B01,7,5,1
201400039127,2014-04-10,2014,avril,jeudi,18:20,92,92007,0,0,2,1,6,1,1,3,1,01,1,1,000,000,1,0,1,4,2,47,3,1,9,00,0,0,1,201400039127A01,,,
201400039130,2014-04-15,2014,avril,mardi,20:40,92,92007,0,0,2,1,3,1,1,3,3,06,1,1,000,000,1,0,1,3,1,57,1,1,9,00,2,8,1,201400039130B01,7,1,1
201400039132,2014-05-08,2014,mai,jeudi,15:30,92,92007,0,0,2,1,6,1,3,3,3,06,1,1,000,000,1,0,1,4,2,55,3,1,9,00,2,4,1,201400039132B01,30,1,1
201400039134,2014-06-10,2014,juin,mardi,19:00,92,92007,0,0,2,3,3,1,1,3,3,06,1,1,020,092,1,0,1,4,1,9,5,1,9,00,2,7,19,201400039134B01,33,1,1
201400039136,2014-06-13,2014,juin,vendredi,13:20,92,92007,0,0,2,3,3,1,1,3,2,02,2,1,000,064,1,0,1,4,1,34,1,1,9,00,2,7,17,201400039136B01,7,15,1
201400039143,2014-09-06,2014,septembre,samedi,11:05,92,92007,0,0,2,6,6,1,1,3,2,02,1,-1,000,093,1,5,0,4,1,59,1,1,9,00,2,1,1,201400039143B01,7,16,1
201400039146,2014-09-16,2014,septembre,mardi,16:45,92,92007,0,0,2,4,3,1,1,4,2,02,1,1,000,078,1,0,1,4,1,31,1,1,9,00,2,7,1,201400039146B01,7,9,1
201400039175,2014-02-10,2014,février,lundi,16:15,92,92012,0,0,2,1,3,1,1,3,2,02,1,1,000,000,1,0,1,4,1,69,5,1,2,00,2,8,1,201400039175B01,14,12,1
201400039190,2014-03-08,2014,mars,samedi,18:35,92,92012,0,0,2,1,6,2,1,4,1,01,1,1,000,000,1,0,1,4,1,33,5,1,2,00,1,1,5,201400039190A01,,,
201400039190,2014-03-08,2014,mars,samedi,18:35,92,92012,0,0,2,1,6,2,1,4,1,01,1,1,000,000,1,0,1,3,2,84,5,1,9,00,1,1,5,201400039190A01,,,
201400039200,2014-03-31,2014,mars,lundi,85:5,92,92012,0,0,2,7,6,1,1,3,1,02,1,1,000,000,1,0,1,1,2,25,1,1,9,00,1,1,1,201400039200A01,,,
201400039201,2014-03-31,2014,mars,lundi,10:20,92,92012,0,0,2,1,3,1,1,4,1,01,1,1,000,000,1,0,1,4,2,53,5,1,9,00,2,1,1,201400039201B01,10,10,1
201400039209,2014-04-15,2014,avril,mardi,92:5,92,92012,0,0,2,1,3,1,1,3,3,04,1,1,000,000,1,0,1,4,1,71,5,1,2,00,2,1,11,201400039209A01,7,23,1
201400039210,2014-04-18,2014,avril,vendredi,13:40,92,92012,0,0,2,1,3,1,1,3,3,04,1,1,000,000,1,5,1,4,1,29,1,1,9,00,2,5,19,201400039210B01,7,1,1
201400039216,2014-05-03,2014,mai,samedi,12:00,92,92012,0,0,2,1,2,1,1,4,2,02,1,1,000,000,1,0,1,4,1,70,5,1,9,00,2,1,2,201400039216A01,7,2,1
201400039220,2014-05-06,2014,mai,mardi,15:10,92,92012,0,0,2,1,6,1,1,3,3,02,1,1,000,000,1,1,1,4,1,49,0,1,9,01,0,1,1,201400039220A01,,,
201400039230,2014-05-20,2014,mai,mardi,15:45,92,92012,0,0,2,3,3,1,1,4,1,01,1,1,000,000,1,0,1,4,2,47,1,1,9,00,2,3,19,201400039230B01,7,15,1
201400039233,2014-05-22,2014,mai,jeudi,19:50,92,92012,0,0,2,1,2,1,1,4,1,01,1,1,000,000,1,0,1,4,1,15,5,1,9,00,2,1,2,201400039233A01,7,20,1
201400039253,2014-06-15,2014,juin,dimanche,18:05,92,92012,0,0,2,6,3,1,1,4,1,01,1,1,000,000,1,0,1,4,1,46,5,1,9,00,2,1,19,201400039253B01,7,1,1
201400039259,2014-06-24,2014,juin,mardi,81:0,92,92012,0,0,2,4,6,1,1,4,2,02,1,1,000,000,1,0,1,4,1,55,1,1,4,00,1,1,1,201400039259A01,,,
201400039263,2014-06-30,2014,juin,lundi,16:50,92,92012,0,0,2,4,3,1,1,4,2,02,1,1,000,000,1,0,1,4,1,67,9,1,9,00,2,4,1,201400039263B01,7,1,1
201400039266,2014-07-06,2014,juillet,dimanche,22:5,92,92012,0,0,2,1,3,5,1,3,3,02,1,1,000,000,1,0,1,4,1,24,5,1,9,00,2,4,1,201400039266B01,7,1,1
201400039269,2014-07-12,2014,juillet,samedi,10:00,92,92012,0,0,2,3,3,1,1,3,2,02,1,1,000,000,1,0,1,4,2,25,5,1,9,00,2,1,1,201400039269A01,7,15,1
201400039270,2014-07-16,2014,juillet,mercredi,18:40,92,92012,0,0,2,2,3,1,1,3,2,02,1,1,000,000,1,0,1,4,2,33,5,1,2,00,2,7,1,201400039270B01,7,15,1
201400039282,2014-08-14,2014,août,jeudi,19:00,92,92012,0,0,2,1,3,1,2,3,2,02,1,1,000,000,2,0,1,4,1,77,5,1,9,01,0,1,1,201400039282B01,7,24,1
201400039290,2014-09-04,2014,septembre,jeudi,91:5,92,92012,0,0,2,2,3,1,1,4,2,02,1,1,000,000,1,0,1,3,1,27,4,1,9,00,2,1,1,201400039290B01,7,15,1
201400039295,2014-09-09,2014,septembre,mardi,13:50,92,92012,0,0,2,2,3,1,1,3,2,02,1,1,000,000,1,0,1,4,2,35,2,1,9,00,2,1,5,201400039295A01,7,16,1
201400039301,2014-09-22,2014,septembre,lundi,16:00,92,92012,0,0,2,6,2,1,1,3,1,02,1,2,000,000,1,0,1,4,2,58,5,1,9,00,2,4,1,201400039301B01,7,2,1
201400039317,2014-10-17,2014,octobre,vendredi,12:45,92,92012,0,0,2,6,3,1,1,3,1,03,1,1,000,000,1,0,1,4,1,70,5,1,9,00,2,5,7,201400039317B01,32,16,1
201400039318,2014-10-20,2014,octobre,lundi,10:00,92,92012,0,0,2,1,3,1,1,3,2,02,1,1,000,000,1,0,1,4,2,22,1,1,9,00,2,1,13,201400039318B01,7,17,1
201400039324,2014-10-27,2014,octobre,lundi,14:10,92,92012,0,0,2,1,3,1,1,4,2,02,1,1,000,000,1,0,1,4,1,66,5,1,9,01,0,1,1,201400039324B01,7,24,1
201400039329,2014-11-01,2014,novembre,samedi,17:40,92,92012,0,0,2,1,3,1,1,3,2,02,1,1,000,000,1,0,1,3,2,53,5,1,9,01,0,1,1,201400039329B01,7,24,1
201400039334,2014-11-15,2014,novembre,samedi,13:34,92,92012,0,0,2,1,2,1,1,3,2,02,1,1,000,000,1,0,1,4,1,40,5,1,9,00,2,1,2,201400039334A01,7,23,1
201400039341,2014-11-21,2014,novembre,vendredi,20:28,92,92012,0,0,2,1,3,5,1,3,2,02,1,1,000,000,1,0,1,4,1,53,0,1,9,01,0,0,1,201400039341B01,7,24,1
201400039409,2014-11-08,2014,novembre,samedi,16:03,92,92019,0,0,2,2,6,1,1,3,2,02,2,1,000,000,1,0,1,4,1,19,5,1,2,00,2,1,19,201400039409B01,7,16,1
201400039435,2014-03-10,2014,mars,lundi,19:40,92,92023,0,0,2,1,3,5,1,4,3,04,1,1,000,000,1,0,1,4,2,21,5,1,9,00,2,4,1,201400039435A01,33,1,1
201400039446,2014-05-21,2014,mai,mercredi,19:25,92,92023,0,0,2,2,3,2,3,4,2,02,2,1,000,000,2,0,1,3,1,45,0,1,9,00,2,1,2,201400039446B01,7,15,1
201400039449,2014-06-06,2014,juin,vendredi,90:5,92,92023,0,0,2,1,6,1,1,4,2,02,1,1,000,000,1,0,1,4,2,39,0,1,9,01,0,1,17,201400039449B01,7,22,1
201400039469,2014-07-17,2014,juillet,jeudi,15:55,92,92023,0,0,2,1,3,1,1,4,1,01,1,1,000,000,1,0,1,4,1,20,5,1,2,01,2,1,1,201400039469B01,7,22,1
201400039493,2014-10-09,2014,octobre,jeudi,18:10,92,92060,0,0,2,3,6,1,1,4,2,02,1,1,000,000,1,0,1,4,1,25,5,1,9,00,2,8,1,201400039493B01,7,1,1
201400039505,2014-11-10,2014,novembre,lundi,16:25,92,92023,0,0,2,1,7,1,1,4,2,02,1,1,000,000,1,0,1,3,2,32,0,1,9,00,0,0,1,201400039505A01,,,
201400039515,2014-12-05,2014,décembre,vendredi,16:12,92,92023,0,0,2,1,3,1,1,4,2,02,1,1,000,000,1,0,1,4,1,50,1,1,4,00,2,1,17,201400039515A01,10,15,1
201400039554,2014-03-12,2014,mars,mercredi,19:00,92,92024,0,0,2,1,6,1,1,4,2,02,2,1,000,000,1,0,1,4,1,27,1,1,2,01,0,1,21,201400039554B01,10,24,1
201400039560,2014-03-12,2014,mars,mercredi,81:0,92,92024,0,0,2,1,6,1,1,3,1,03,1,2,000,000,1,0,1,4,2,33,5,1,9,00,2,1,19,201400039560B01,38,1,1
201400039577,2014-05-27,2014,mai,mardi,20:50,92,92024,0,0,2,1,7,1,1,4,2,02,1,-1,000,000,1,0,1,4,1,57,1,1,2,00,2,0,1,201400039577B01,7,10,1
201400039592,2014-06-27,2014,juin,vendredi,15:00,92,92024,0,0,2,2,6,1,1,3,1,03,1,1,000,000,1,0,1,4,2,39,5,1,2,00,0,0,1,201400039592A01,,,
201400039594,2014-06-30,2014,juin,lundi,13:45,92,92024,0,0,2,2,3,1,1,3,2,03,1,1,000,000,1,2,1,4,2,45,1,1,2,00,2,7,19,201400039594B01,7,1,1
201400039599,2014-08-01,2014,août,vendredi,74:0,92,92024,0,0,2,6,6,1,1,3,2,02,1,1,000,000,1,0,0,4,1,36,1,1,2,00,2,7,1,201400039599B01,7,13,1
201400039612,2014-09-20,2014,septembre,samedi,19:30,92,92024,0,0,2,1,6,5,1,4,1,01,1,1,000,000,1,0,1,4,1,15,5,1,9,00,0,6,1,201400039612B01,7,1,1
201400039625,2014-11-05,2014,novembre,mercredi,12:10,92,92024,0,0,2,3,6,1,1,3,2,02,1,1,000,000,1,0,1,2,2,33,5,1,2,00,2,9,14,201400039625B01,14,1,1
201400039639,2014-01-09,2014,janvier,jeudi,18:30,92,92025,0,0,2,1,6,5,2,3,2,00,1,1,000,000,2,0,4,4,1,40,5,1,4,00,2,1,1,201400039639B01,7,1,1
201400039640,2014-01-09,2014,janvier,jeudi,19:00,92,92025,0,0,2,2,6,5,1,4,2,02,1,-1,000,070,1,0,1,1,1,52,5,1,2,00,1,1,0,201400039640A01,,,
201400039661,2014-02-24,2014,février,lundi,12:00,92,92025,0,0,2,1,3,1,1,4,2,00,1,1,000,000,1,0,1,3,2,76,0,1,2,14,2,1,2,201400039661A01,37,2,1
201400039679,2014-03-28,2014,mars,vendredi,91:0,92,92025,0,0,2,2,3,1,1,4,1,00,1,1,000,000,1,0,1,4,1,14,2,1,2,00,2,5,1,201400039679B01,7,1,1
201400039686,2014-04-08,2014,avril,mardi,11:35,92,92025,0,0,1,3,3,1,1,4,-1,01,1,1,000,000,-1,0,1,4,2,19,1,1,2,00,2,1,2,201400039686A01,7,2,1
201400039687,2014-04-09,2014,avril,mercredi,18:30,92,92025,0,0,2,3,5,1,1,3,2,00,1,1,000,000,1,0,1,4,2,16,5,1,2,00,2,4,1,201400039687Y01,7/ 32,1,2
201400039702,2014-05-21,2014,mai,mercredi,55:5,92,92025,0,0,2,3,1,5,2,4,1,01,1,1,000,000,2,0,1,4,1,38,5,1,2,00,2,7,5,201400039702B01,7,4,1
201400039707,2014-06-04,2014,juin,mercredi,20:25,92,92025,0,0,2,1,6,1,1,4,-1,00,1,1,000,000,1,0,1,4,1,65,0,1,2,00,0,0,0,201400039707Y01,7,0,1
201400039716,2014-06-18,2014,juin,mercredi,19:10,92,92025,0,0,2,1,2,1,1,3,-1,00,1,1,000,000,1,0,1,4,1,39,0,1,9,00,0,0,0,201400039716A01,7,0,1
201400039727,2014-07-17,2014,juillet,jeudi,19:10,92,92025,0,0,2,1,3,1,1,4,3,00,1,1,000,000,1,0,5,4,1,15,9,1,2,00,2,1,1,201400039727B01,7,16,1
201400039729,2014-07-25,2014,juillet,vendredi,15:25,92,92025,0,0,2,1,6,1,1,4,1,00,1,1,000,000,1,0,0,4,1,41,1,1,2,00,2,1,18,201400039729B01,7,23,1
201400039731,2014-07-20,2014,juillet,dimanche,15:35,92,92025,0,0,1,1,3,1,1,4,2,02,1,1,000,000,1,0,1,4,1,41,0,1,2,00,2,8,2,201400039731A01,31,2,1
201400039732,2014-07-28,2014,juillet,lundi,15:35,92,92025,0,0,1,1,3,1,1,4,2,02,1,1,000,000,1,0,1,4,1,41,0,1,2,00,2,8,2,201400039732A01,31,2,1