Num_Acc,date,an,mois,jour,hrmn,dep,com,lat,long,agg,int,col,lum,atm,catr,circ,nbv,prof,plan,lartpc,larrout,surf,infra,situ,grav,sexe,age,trajet,secuexist,equipement,obs,obsm,choc,manv,vehiculeid,typevehicules,manoeuvehicules,numVehicules
201400039767,2014-10-06,2014,octobre,lundi,93:5,92,92025,0,0,2,1,3,1,1,4,1,02,1,1,000,000,1,0,1,4,2,23,1,1,2,00,2,8,19,201400039767B01,7,2,1
201400039785,2014-11-12,2014,novembre,mercredi,12:11,92,92025,0,0,2,2,3,1,1,4,2,00,1,1,000,000,1,0,1,4,1,27,1,1,2,00,2,1,19,201400039785A01,7,1,1
201400039800,2014-12-08,2014,décembre,lundi,14:30,92,92025,0,0,2,1,2,1,2,4,2,00,1,1,000,000,2,0,1,4,1,12,2,1,2,00,2,4,10,201400039800A01,32,1,1
201400039838,2014-03-06,2014,mars,jeudi,18:35,92,92026,0,0,2,1,3,2,1,3,2,02,1,1,127,088,1,0,1,4,2,47,1,1,9,00,2,1,17,201400039838B01,7,9,1
201400039841,2014-03-16,2014,mars,dimanche,17:10,92,92026,0,0,2,1,2,1,1,4,2,02,2,1,180,094,1,0,1,4,2,12,5,1,9,00,0,4,2,201400039841B01,7,2,1
201400039859,2014-04-29,2014,avril,mardi,93:0,92,92026,0,0,2,1,7,1,1,4,2,02,1,1,000,071,1,0,1,4,1,33,5,1,9,00,0,1,1,201400039859A01,,,
201400039861,2014-04-29,2014,avril,mardi,73:5,92,92026,0,0,2,2,7,1,1,4,2,02,1,1,180,094,1,0,1,1,1,55,4,1,9,00,2,0,15,201400039861A01,33,2,1
201400039869,2014-05-27,2014,mai,mardi,80:0,92,92026,0,0,2,1,3,1,1,4,2,02,1,1,000,094,1,0,1,4,1,56,1,1,2,00,2,1,1,201400039869B01,7,23,1
201400039890,2014-07-27,2014,juillet,dimanche,19:10,92,92026,0,0,2,1,2,1,1,4,2,02,1,1,150,093,1,0,1,4,2,26,5,1,9,00,0,4,2,201400039890B01,7,2,1
201400039895,2014-09-17,2014,septembre,mercredi,11:30,92,92026,0,0,2,2,3,1,1,4,1,01,1,1,000,061,1,0,1,4,2,67,5,1,2,00,2,1,1,201400039895B01,10,1,1
201400039903,2014-10-09,2014,octobre,jeudi,17:30,92,92026,0,0,2,1,3,1,1,4,1,01,1,1,000,042,1,0,1,4,2,42,1,1,9,00,2,8,1,201400039903B01,7,17,1
201400039909,2014-11-13,2014,novembre,jeudi,84:0,92,92026,0,0,2,2,6,1,1,4,1,01,2,-1,000,015,-1,0,0,1,1,38,0,1,2,00,1,1,3,201400039909A01,,,
201400039926,2014-12-06,2014,décembre,samedi,18:00,92,92035,0,0,2,1,6,5,1,4,1,01,1,1,000,000,1,0,1,4,1,29,9,1,2,01,0,2,1,201400039926A01,7,24,1
201400039930,2014-01-17,2014,janvier,vendredi,90:0,92,92035,0,0,2,2,3,1,1,3,2,05,1,1,000,000,1,0,1,4,1,72,5,1,2,00,2,8,1,201400039930B01,7,16,1
201400039933,2014-01-21,2014,janvier,mardi,18:20,92,92035,0,0,2,5,3,5,1,3,2,02,1,1,000,000,1,0,1,3,1,73,5,1,2,00,2,1,1,201400039933A01,7,15,1
201400039948,2014-04-10,2014,avril,jeudi,85:0,92,92035,0,0,2,1,6,1,1,4,2,02,1,1,000,000,1,0,1,1,1,41,0,1,2,00,1,1,1,201400039948A01,,,
201400039963,2014-08-07,2014,août,jeudi,90:5,92,92035,0,0,2,1,3,1,2,2,3,00,1,1,000,000,2,0,1,4,1,50,0,1,2,00,2,0,0,201400039963B01,7,0,1
201400039991,2014-02-15,2014,février,samedi,23:40,92,92036,0,0,2,1,7,5,1,4,2,02,1,1,005,050,1,0,1,3,1,47,5,1,2,01,0,0,0,201400039991A01,,,
201400039992,2014-03-03,2014,mars,lundi,17:20,92,92036,0,0,2,1,7,1,1,4,2,02,1,1,000,050,1,0,1,4,2,62,0,1,2,00,0,2,14,201400039992A01,,,
201400040009,2014-05-29,2014,mai,jeudi,14:30,92,92036,0,0,2,2,7,1,1,4,2,02,1,1,000,040,1,0,1,4,1,38,1,1,2,00,9,0,0,201400040009A01,,,
201400040037,2014-08-21,2014,août,jeudi,15:20,92,92036,0,0,2,1,6,1,1,4,2,02,1,1,000,080,1,0,1,4,2,33,0,1,2,01,0,8,13,201400040037A01,7,24,1
201400040110,2014-04-11,2014,avril,vendredi,18:30,92,92040,0,0,2,1,6,1,1,2,1,02,1,1,000,150,1,0,1,4,2,35,1,1,9,01,0,1,1,201400040110A01,7,22,1
201400040122,2014-03-31,2014,mars,lundi,94:8,92,92040,0,0,2,1,7,1,1,4,2,02,1,3,000,000,1,0,1,4,2,30,1,1,9,12,0,1,16,201400040122A01,,,
201400040132,2014-06-19,2014,juin,jeudi,95:5,92,92040,0,0,2,3,6,1,1,3,2,03,1,1,000,100,1,0,1,4,2,50,1,1,2,00,2,1,1,201400040132B01,7,16,1
201400040138,2014-07-02,2014,juillet,mercredi,18:38,92,92040,0,0,2,1,3,1,1,4,2,02,1,1,025,100,1,0,1,4,1,36,0,1,9,00,2,0,1,201400040138B01,7,2,1
201400040140,2014-06-24,2014,juin,mardi,17:10,92,92040,0,0,2,1,5,1,1,2,2,02,1,1,000,100,1,0,1,4,2,47,0,1,9,01,2,0,1,201400040140A01,7,24/1,2
201400040141,2014-06-28,2014,juin,samedi,94:0,92,92040,0,0,2,2,7,1,1,3,2,04,1,1,000,000,1,0,1,4,2,48,5,1,2,00,0,1,1,201400040141A01,,,
201400040142,2014-06-07,2014,juin,samedi,15:15,92,92040,0,0,2,6,3,1,1,2,3,06,1,1,000,120,1,0,1,4,1,18,0,1,2,00,2,7,1,201400040142A01,7,1,1
201400040151,2014-09-17,2014,septembre,mercredi,73:0,92,92040,0,0,2,6,2,1,1,4,1,02,1,1,000,080,1,0,1,4,1,52,1,1,2,00,2,1,1,201400040151A01,7,1,1
201400040153,2014-09-30,2014,septembre,mardi,16:45,92,92040,0,0,2,1,6,1,1,4,1,02,1,1,000,000,1,0,1,4,2,57,1,1,2,01,0,1,1,201400040153B01,7,24,1
201400040157,2014-09-25,2014,septembre,jeudi,14:15,92,92040,0,0,2,3,3,1,1,4,1,01,1,1,000,080,1,0,1,4,2,62,5,1,2,00,2,5,1,201400040157B01,7,16,1
201400040223,2014-07-18,2014,juillet,vendredi,17:50,92,92044,0,0,2,1,6,1,1,4,1,01,1,1,000,000,1,0,1,4,2,45,0,1,9,01,0,1,1,201400040223B01,7,24,1
201400040227,2014-08-14,2014,août,jeudi,23:35,92,92044,0,0,2,2,6,5,1,4,1,01,1,1,000,000,1,0,1,4,1,42,0,1,9,00,2,1,1,201400040227B01,7,1,1
201400040228,2014-08-17,2014,août,dimanche,20:30,92,92044,0,0,2,1,2,2,1,4,1,01,1,1,000,000,1,0,1,4,1,46,0,1,9,00,2,4,1,201400040228B01,7,1,1
201400040244,2014-10-25,2014,octobre,samedi,92:0,92,92044,0,0,2,2,6,1,1,4,1,01,1,1,000,000,1,0,0,4,1,36,0,1,2,00,2,1,1,201400040244B01,7,14,1
201400040265,2014-08-31,2014,août,dimanche,54:5,92,92048,0,0,2,6,6,5,1,4,1,01,1,3,000,037,1,0,1,4,1,23,5,1,2,11,0,1,1,201400040265A01,,,
201400040280,2014-05-16,2014,mai,vendredi,16:25,92,92048,0,0,2,9,3,1,1,3,2,02,2,1,000,120,1,0,1,4,2,25,5,1,9,00,2,1,17,201400040280B01,10,9,1
201400040282,2014-06-09,2014,juin,lundi,11:00,92,92048,0,0,2,1,6,1,1,3,2,02,1,1,000,060,1,0,1,1,1,38,5,1,2,00,1,1,1,201400040282A01,,,
201400040295,2014-09-26,2014,septembre,vendredi,85:5,92,92048,0,0,2,1,3,1,1,4,2,02,1,1,000,050,1,0,1,4,1,54,1,1,9,00,2,1,17,201400040295A01,7,1,1
201400040302,2014-10-19,2014,octobre,dimanche,12:15,92,92048,0,0,2,7,3,1,1,3,2,02,1,1,000,110,1,0,0,4,1,80,9,1,9,00,2,1,1,201400040302B01,7,15,1
201400040306,2014-01-07,2014,janvier,mardi,21:40,92,92020,0,0,2,1,2,5,1,3,2,04,1,1,000,000,1,2,1,4,1,48,0,1,9,00,2,1,2,201400040306A01,7,23,1
201400040319,2014-02-07,2014,février,vendredi,12:00,92,92020,0,0,2,1,1,1,1,4,2,02,1,1,000,060,1,0,1,4,1,39,0,1,9,00,2,1,21,201400040319Y01,7,1,1
201400040325,2014-02-26,2014,février,mercredi,15:15,92,92049,0,0,2,1,2,1,1,3,2,04,1,1,000,130,1,0,1,4,1,58,0,1,2,00,2,1,1,201400040325B01,10,4,1
201400040330,2014-03-12,2014,mars,mercredi,82:0,92,92049,0,0,2,1,6,1,1,3,3,07,1,1,000,000,1,0,1,1,1,25,0,1,9,00,1,1,1,201400040330A01,,,
201400040335,2014-03-19,2014,mars,mercredi,18:05,92,92020,0,0,2,9,5,1,1,3,2,04,1,1,000,000,1,0,1,3,1,48,0,1,2,00,2,0,19,201400040335C01,7,15,2
201400040340,2014-03-30,2014,mars,dimanche,11:25,92,92049,0,0,2,4,2,1,1,3,2,04,1,2,000,000,1,0,1,4,1,54,0,1,9,00,2,3,15,201400040340B01,7,15,1
201400040347,2014-04-13,2014,avril,dimanche,14:10,92,92020,0,0,2,1,3,1,1,3,2,02,1,1,000,000,1,0,1,4,1,17,0,1,2,00,2,8,10,201400040347B01,33,1,1
201400040357,2014-05-16,2014,mai,vendredi,21:20,92,92049,0,0,2,2,3,2,1,3,2,02,1,1,000,000,1,0,1,4,1,19,0,1,9,00,2,1,1,201400040357B01,7,1,1
201400040369,2014-06-08,2014,juin,dimanche,25:,92,92049,0,0,2,1,2,5,1,3,1,01,1,2,000,130,1,0,1,4,1,46,9,1,2,00,2,4,2,201400040369B01,7,2,1
201400040379,2014-06-30,2014,juin,lundi,18:00,92,92049,0,0,2,1,3,1,1,3,2,03,1,1,000,000,1,0,1,4,1,20,0,1,9,00,2,0,2,201400040379B01,30,2,1
201400040399,2014-08-11,2014,août,lundi,18:45,92,92020,0,0,2,1,6,1,2,4,2,02,1,1,000,000,2,0,1,4,2,53,0,1,9,01,0,1,1,201400040399B01,7,24,1
201400040417,2014-10-20,2014,octobre,lundi,82:0,92,92020,0,0,2,2,6,1,1,3,2,02,1,1,000,000,1,0,1,4,1,24,0,1,9,00,2,1,1,201400040417A01,13,16,1
201400040419,2014-10-21,2014,octobre,mardi,90:5,92,92049,0,0,2,1,6,1,1,4,2,02,1,1,000,000,1,0,1,4,2,28,1,1,9,01,0,1,1,201400040419B01,7,22,1
201400040438,2014-11-27,2014,novembre,jeudi,85:0,92,92049,0,0,2,1,6,1,1,3,2,02,1,1,000,000,2,0,1,4,1,41,1,1,9,01,0,0,1,201400040438B01,7,22,1
201400040465,2014-02-10,2014,février,lundi,19:20,92,92050,0,0,2,1,3,5,1,4,2,02,1,1,000,052,1,0,1,4,2,31,1,1,9,00,2,1,0,201400040465A01,33,1,1
201400040466,2014-02-12,2014,février,mercredi,18:25,92,92050,0,0,2,1,3,5,3,4,2,02,2,1,000,104,2,0,5,4,1,42,0,1,9,00,2,1,1,201400040466B01,7,1,1
201400040491,2014-04-16,2014,avril,mercredi,10:25,92,92050,0,0,2,3,3,1,7,3,1,01,1,1,000,046,1,0,1,4,1,34,1,1,9,00,2,1,16,201400040491B01,7,1,1
201400040496,2014-05-03,2014,mai,samedi,15:30,92,92050,0,0,2,1,3,1,2,3,3,04,1,1,000,123,2,0,1,4,1,12,2,1,9,00,2,8,19,201400040496A01,33,1,1
201400040498,2014-05-05,2014,mai,lundi,95:0,92,92050,0,0,2,1,3,1,9,2,1,03,1,1,000,060,1,0,1,4,1,27,5,1,9,00,2,1,1,201400040498B01,7,16,1
201400040500,2014-05-09,2014,mai,vendredi,21:50,92,92050,0,0,2,1,3,5,1,3,3,06,1,1,000,160,1,0,1,3,2,22,0,1,9,00,2,7,19,201400040500B01,10,1,1
201400040503,2014-05-16,2014,mai,vendredi,74:5,92,92050,0,0,2,2,3,1,1,9,3,01,1,1,000,050,1,0,1,4,1,41,0,1,9,00,2,1,19,201400040503B01,7,16,1
201400040509,2014-05-15,2014,mai,jeudi,17:45,92,92050,0,0,2,1,1,1,9,3,1,01,1,1,000,030,1,0,1,4,1,6,5,1,9,00,2,7,19,201400040509B01,7,1,1
201400040510,2014-05-16,2014,mai,vendredi,16:00,92,92050,0,0,2,3,3,1,7,3,1,01,2,1,000,030,1,0,1,4,1,37,1,1,9,00,2,1,1,201400040510B01,7,15,1
201400040514,2014-05-23,2014,mai,vendredi,18:40,92,92050,0,0,2,1,3,1,9,3,2,02,2,1,000,060,1,0,4,4,1,21,5,1,9,00,2,1,1,201400040514B01,7,1,1
201400040523,2014-06-14,2014,juin,samedi,15:00,92,92050,0,0,2,1,6,1,1,9,2,01,1,1,000,030,1,0,5,4,2,23,5,1,9,00,9,1,0,201400040523A01,,,
201400040526,2014-06-17,2014,juin,mardi,84:5,92,92050,0,0,2,1,7,1,1,9,1,01,1,1,000,035,1,0,4,4,2,42,1,1,9,12,0,1,1,201400040526A01,,,
201400040528,2014-07-04,2014,juillet,vendredi,17:50,92,92050,0,0,2,1,3,1,1,3,2,04,1,1,000,120,1,0,1,4,1,23,1,1,2,00,2,1,1,201400040528A01,7,1,1
201400040553,2014-09-25,2014,septembre,jeudi,13:20,92,92050,0,0,2,2,3,1,9,3,2,02,1,1,000,052,1,0,1,4,2,11,2,1,9,00,2,1,1,201400040553B01,7,16,1
201400040562,2014-10-15,2014,octobre,mercredi,22:20,92,92050,0,0,2,1,1,5,1,4,1,01,1,1,000,048,1,0,0,3,1,40,0,1,9,00,0,0,0,201400040562A01,7,0,1
201400040573,2014-11-04,2014,novembre,mardi,19:45,92,92050,0,0,2,1,3,5,9,2,1,01,1,1,000,035,1,0,5,4,1,11,9,1,9,00,0,0,0,201400040573B01,7,0,1
201400040618,2014-02-10,2014,février,lundi,10:45,92,92051,0,0,2,1,7,1,1,4,-1,00,1,1,000,000,1,0,5,4,1,42,0,1,2,00,0,0,0,201400040618A01,,,
201400040621,2014-02-22,2014,février,samedi,17:55,92,92051,0,0,2,1,3,1,1,4,-1,00,1,1,000,000,1,0,1,4,1,53,0,1,9,00,2,0,2,201400040621A01,7,16,1
201400040623,2014-03-04,2014,mars,mardi,85:5,92,92051,0,0,2,2,6,1,1,4,2,00,1,1,000,000,1,0,1,4,2,40,0,1,2,00,2,4,2,201400040623B01,7,2,1
201400040630,2014-03-11,2014,mars,mardi,15:30,92,92051,0,0,2,1,3,1,1,4,1,00,1,1,000,000,2,0,1,4,1,88,5,1,9,00,2,8,2,201400040630B01,10,2,1
201400040635,2014-04-01,2014,avril,mardi,10:05,92,92051,0,0,2,6,3,1,1,4,1,02,1,1,000,000,1,0,1,4,1,48,3,1,2,00,2,6,1,201400040635B01,14,16,1
201400040653,2014-05-21,2014,mai,mercredi,93:0,92,92051,0,0,2,2,3,1,2,3,2,02,1,1,000,000,2,0,1,4,2,37,4,1,9,00,2,8,15,201400040653B01,31,1,1
201400040664,2014-06-16,2014,juin,lundi,14:20,92,92051,0,0,2,1,2,1,1,3,2,02,1,1,000,000,1,0,1,4,1,37,4,1,2,00,2,1,2,201400040664A01,7,23,1
201400040674,2014-06-22,2014,juin,dimanche,22:00,92,92051,0,0,2,1,6,2,1,2,3,00,1,1,000,000,1,0,1,1,1,28,0,1,9,00,2,1,2,201400040674B01,34,2,1
201400040680,2014-07-03,2014,juillet,jeudi,20:10,92,92051,0,0,2,1,6,1,1,4,1,00,1,1,000,000,1,0,1,4,2,42,0,1,2,01,0,1,2,201400040680B01,7,24,1
201400040683,2014-07-14,2014,juillet,lundi,95:0,92,92051,0,0,2,1,3,1,8,4,2,04,2,1,000,000,1,0,1,4,1,64,5,1,2,00,2,1,1,201400040683A01,7,9,1
201400040688,2014-07-27,2014,juillet,dimanche,10:40,92,92051,0,0,2,3,3,1,1,3,1,01,1,1,000,000,1,0,1,4,1,23,1,1,9,00,2,1,5,201400040688A01,7,16,1
201400040691,2014-07-30,2014,juillet,mercredi,19:20,92,92051,0,0,2,2,2,1,1,3,2,02,1,1,000,000,1,0,1,1,2,30,5,1,9,00,2,6,1,201400040691A01,33,1,1
201400040694,2014-08-09,2014,août,samedi,17:45,92,92051,0,0,2,3,6,1,1,4,2,00,1,1,000,000,1,0,1,4,1,15,5,1,2,00,2,1,0,201400040694B01,7,0,1
201400040713,2014-10-17,2014,octobre,vendredi,21:05,92,92051,0,0,2,2,5,5,1,3,2,02,1,1,000,000,1,0,1,3,1,40,5,1,9,00,2,7,15,201400040713B01,7/ 10,23/1,2
201400040714,2014-10-18,2014,octobre,samedi,12:50,92,92051,0,0,2,1,3,1,1,4,2,02,1,1,000,000,1,0,1,4,1,55,0,1,2,00,2,1,17,201400040714B01,7,10,1
201400040753,2014-04-05,2014,avril,samedi,15:20,92,92062,0,0,2,3,2,1,1,4,1,02,1,1,000,000,1,0,1,4,1,33,5,1,2,00,2,4,16,201400040753B01,3,2,1
201400040765,2014-07-23,2014,juillet,mercredi,11:40,92,92062,0,0,2,1,3,1,1,4,2,02,1,1,000,000,1,0,1,4,1,13,5,1,2,00,2,1,17,201400040765B01,7,15,1
201400040767,2014-08-16,2014,août,samedi,10:40,92,92062,0,0,2,3,1,1,1,4,1,01,1,1,000,000,1,0,1,4,1,51,5,1,2,00,2,7,1,201400040767B01,7,13,1
201400040771,2014-09-14,2014,septembre,dimanche,19:46,92,92062,0,0,2,3,1,5,1,4,2,02,2,1,000,000,1,0,1,3,2,45,5,1,9,00,2,1,5,201400040771B01,7,1,1
201400040773,2014-09-15,2014,septembre,lundi,17:15,92,92062,0,0,2,1,1,1,1,4,1,02,1,1,000,000,1,0,1,4,1,44,5,1,2,00,2,1,21,201400040773B01,7,22,1
201400040778,2014-10-22,2014,octobre,mercredi,19:25,92,92062,0,0,2,1,6,5,1,9,2,02,1,1,000,000,1,0,1,4,1,47,5,1,2,00,1,1,0,201400040778A01,,,
201400040783,2014-10-31,2014,octobre,vendredi,23:25,92,92050,0,0,2,3,3,5,1,4,1,01,1,1,000,000,1,0,1,3,1,57,5,1,2,00,2,1,5,201400040783A01,7,16,1
201400040791,2014-01-14,2014,janvier,mardi,20:35,92,92063,48.05216,2.0122,2,1,7,2,1,3,-1,01,1,3,000,000,1,0,0,4,1,41,0,1,9,00,0,0,0,201400040791A01,,,
201400040804,2014-02-05,2014,février,mercredi,83:0,92,92063,0,0,2,2,1,2,3,4,2,02,1,1,000,060,3,5,1,4,1,16,5,1,9,00,2,1,15,201400040804B01,7,1,1
201400040816,2014-03-22,2014,mars,samedi,19:40,92,92063,0,0,2,2,3,2,1,4,2,02,2,1,000,050,1,0,1,4,1,64,5,1,4,00,2,1,1,201400040816B01,7,1,1
201400040845,2014-06-12,2014,juin,jeudi,10:50,92,92063,0,0,2,3,3,1,1,4,2,02,2,1,000,080,1,0,1,4,1,64,5,1,9,00,2,6,15,201400040845A01,7,1,1
201400040856,2014-07-24,2014,juillet,jeudi,18:25,92,92063,0,0,2,2,3,1,1,3,2,05,1,1,000,125,1,5,1,4,1,27,1,1,9,00,2,6,1,201400040856B01,33,1,1
201400040857,2014-07-28,2014,juillet,lundi,18:50,92,92063,0,0,2,1,3,1,1,4,2,01,1,1,000,000,1,0,1,4,2,25,1,1,9,00,2,1,1,201400040857A01,7,15,1
201400040859,2014-08-12,2014,août,mardi,13:45,92,92063,0,0,2,6,3,1,2,4,2,02,1,1,000,000,2,0,1,4,2,53,9,1,4,00,2,8,1,201400040859B01,7,1,1
201400040874,2014-09-26,2014,septembre,vendredi,21:15,92,92063,0,0,2,1,7,4,1,4,2,02,2,1,000,050,1,0,1,4,1,22,5,1,9,00,0,0,1,201400040874A01,,,
201400040877,2014-10-01,2014,octobre,mercredi,81:5,92,92063,0,0,2,1,2,1,1,4,2,04,2,1,000,000,1,0,1,3,1,70,5,1,2,00,2,1,1,201400040877B01,7,23,1
201400040888,2014-11-07,2014,novembre,vendredi,91:0,92,92063,0,0,2,1,2,1,1,4,1,01,1,1,000,031,1,0,1,4,1,12,5,1,9,00,2,1,2,201400040888B01,7,23,1
201400040895,2014-11-29,2014,novembre,samedi,18:55,92,92063,0,0,2,1,3,5,1,4,1,01,1,1,000,000,1,0,1,4,2,65,0,1,9,00,2,1,1,201400040895B01,7,22,1
201400040900,2014-12-17,2014,décembre,mercredi,10:15,92,92063,0,0,2,6,3,1,1,4,1,01,1,3,000,050,2,0,1,4,1,29,4,1,9,00,2,5,1,201400040900B01,7,9,1
201400040907,2014-01-14,2014,janvier,mardi,17:25,92,92064,0,0,2,9,6,1,1,3,2,04,1,1,000,120,1,0,1,4,1,14,2,1,2,00,0,0,1,201400040907A01,,,
201400040916,2014-02-17,2014,février,lundi,13:00,92,92064,0,0,2,1,7,1,1,3,2,03,1,1,000,097,1,0,4,4,2,52,0,1,9,00,0,0,0,201400040916A01,,,
201400040927,2014-03-29,2014,mars,samedi,19:45,92,92064,0,0,2,1,7,5,1,4,2,02,4,1,000,000,1,0,1,3,1,74,5,1,2,00,0,1,1,201400040927A01,,,
201400040945,2014-06-06,2014,juin,vendredi,85:5,92,92033,0,0,2,1,2,1,1,4,2,02,-1,1,000,060,1,0,1,4,1,56,1,1,2,00,2,1,2,201400040945B01,7,2,1
201400040948,2014-06-19,2014,juin,jeudi,19:10,92,92064,0,0,2,1,3,1,1,3,3,02,1,1,015,060,1,0,5,4,1,52,5,1,2,00,0,1,1,201400040948A01,7,16,1
201400040953,2014-07-02,2014,juillet,mercredi,19:15,92,92033,0,0,2,4,3,1,1,4,2,02,2,2,000,000,1,0,1,4,1,19,5,1,9,00,2,1,13,201400040953A01,7,16,1
201400040963,2014-08-24,2014,août,dimanche,12:30,92,92064,0,0,2,1,3,1,1,3,2,02,1,1,000,000,1,0,1,4,1,65,5,1,2,00,2,1,1,201400040963B01,7,15,1
201400040978,2014-10-22,2014,octobre,mercredi,18:40,92,92064,0,0,2,1,3,2,1,4,3,02,2,1,000,000,1,0,1,4,1,42,1,1,2,00,2,1,1,201400040978B01,7,9,1
201400041034,2014-05-08,2014,mai,jeudi,14:05,92,92048,0,0,2,1,5,1,2,4,2,02,1,1,000,061,2,0,1,1,1,15,5,1,2,00,2,1,17,201400041034A01,7/ 33,24/1,2
201400041037,2014-05-25,2014,mai,dimanche,13:00,92,92072,0,0,2,2,3,1,1,3,2,04,1,3,000,181,1,5,1,4,1,42,9,1,2,00,2,8,16,201400041037B01,7,14,1
201400041043,2014-06-08,2014,juin,dimanche,15:50,92,92072,0,0,2,1,6,1,1,3,2,02,1,1,000,080,1,0,1,4,2,56,9,1,2,01,0,1,1,201400041043B01,7,24,1
201400041048,2014-06-18,2014,juin,mercredi,18:00,92,92022,0,0,2,1,6,1,1,5,-1,00,1,1,000,000,-1,0,0,4,1,46,5,1,2,13,0,1,1,201400041048A01,,,
201400041061,2014-07-06,2014,juillet,dimanche,22:5,92,92022,0,0,2,1,7,5,1,4,1,01,2,1,000,040,1,0,1,2,1,41,5,1,9,00,0,1,1,201400041061A01,,,
201400041062,2014-09-12,2014,septembre,vendredi,17:00,92,92072,0,0,2,1,6,1,1,5,-1,00,1,1,000,000,1,0,0,1,1,32,5,1,2,00,1,1,1,201400041062A01,,,
201400041063,2014-09-14,2014,septembre,dimanche,13:00,92,92072,0,0,2,1,2,1,1,3,2,02,1,1,000,080,1,0,1,4,1,32,5,1,2,00,2,1,1,201400041063A01,7,23,1
201400041067,2014-09-23,2014,septembre,mardi,22:20,92,92072,0,0,2,2,6,1,1,3,2,04,2,1,000,203,1,5,1,4,1,26,9,1,2,00,2,1,1,201400041067A01,7,1,1
201400041069,2014-09-27,2014,septembre,samedi,10:00,92,92072,0,0,2,1,7,1,1,3,2,05,1,1,000,210,1,0,1,3,1,35,5,1,2,00,0,0,1,201400041069A01,,,
201400041078,2014-11-04,2014,novembre,mardi,17:25,92,92077,0,0,2,1,6,2,1,3,2,02,1,1,000,060,1,0,5,4,1,51,5,1,2,00,2,1,1,201400041078B01,7,15,1
201400041090,2014-12-10,2014,décembre,mercredi,11:30,92,92077,0,0,2,1,6,1,1,4,1,01,2,1,000,050,1,0,4,1,1,27,4,1,2,00,2,8,1,201400041090B01,7,1,1
201400041091,2014-12-10,2014,décembre,mercredi,20:15,92,92022,0,0,2,1,6,3,2,3,2,02,2,1,000,050,2,0,1,4,1,56,1,1,2,00,0,0,1,201400041091A01,,,
201400041098,2014-12-30,2014,décembre,mardi,23:20,92,92072,0,0,2,3,1,5,1,4,2,02,1,1,000,044,1,0,1,4,1,20,9,1,2,00,2,1,16,201400041098A01,7,1,1
201400041114,2014-03-23,2014,mars,dimanche,17:45,92,92073,0,0,2,1,7,1,1,4,2,,1,1,000,000,1,0,1,4,1,46,5,1,2,00,2,1,1,201400041114A01,7,20,1
201400041122,2014-05-19,2014,mai,lundi,19:20,92,92073,0,0,2,1,6,1,1,4,1,01,1,1,000,000,1,0,1,4,1,54,1,1,9,00,2,1,1,201400041122B01,7,22,1
201400041135,2014-06-17,2014,juin,mardi,20:17,92,92073,0,0,2,3,3,5,1,4,1,01,1,1,000,000,1,0,1,4,1,50,0,1,2,00,2,2,19,201400041135B01,7,15,1
201400041151,2014-09-11,2014,septembre,jeudi,12:20,92,92073,0,0,2,1,7,1,1,3,2,02,2,1,000,000,1,0,1,4,1,77,5,1,2,00,0,0,21,201400041151A01,,,
201400041157,2014-09-30,2014,septembre,mardi,83:0,92,92073,0,0,2,1,7,1,1,3,3,06,1,1,000,000,1,0,1,4,2,37,0,1,2,12,0,1,0,201400041157A01,,,
201400041176,2014-12-18,2014,décembre,jeudi,18:10,92,92073,0,0,2,2,3,5,1,4,2,02,1,1,000,000,1,0,1,4,1,33,1,1,2,00,2,1,1,201400041176B01,7,15,1
201400041187,2014-03-25,2014,mars,mardi,95:0,92,92046,0,0,2,2,3,1,2,4,2,02,1,1,000,060,2,0,1,4,2,64,1,1,9,00,2,8,1,201400041187B01,7,15,1
201400041188,2014-03-26,2014,mars,mercredi,21:20,92,92046,0,0,2,3,3,5,1,3,3,03,1,1,000,000,1,0,0,4,1,36,5,1,9,00,2,8,1,201400041188A01,7,15,1
201400041204,2014-05-21,2014,mai,mercredi,83:0,92,92046,0,0,2,3,3,1,2,4,1,01,1,1,000,000,2,0,1,4,2,46,1,1,2,00,2,7,1,201400041204B01,7,1,1
201400041212,2014-06-18,2014,juin,mercredi,17:20,92,92046,0,0,2,3,6,1,1,3,2,04,1,1,000,000,1,0,1,4,1,75,5,1,2,00,2,0,1,201400041212B01,7,15,1
201400041213,2014-06-23,2014,juin,lundi,84:5,92,92046,0,0,2,3,3,1,1,4,2,02,1,1,000,000,1,0,1,4,1,15,0,1,9,00,2,1,1,201400041213B01,7,15,1
201400041234,2014-10-08,2014,octobre,mercredi,11:35,92,92075,0,0,2,1,6,1,2,4,1,01,1,1,000,000,2,0,1,1,2,17,2,1,9,00,1,1,1,201400041234A01,,,
201400041235,2014-10-14,2014,octobre,mardi,90:5,92,92075,0,0,2,1,6,1,1,3,2,03,1,1,000,000,2,0,1,4,1,37,1,1,2,00,2,0,1,201400041235B01,7,9,1
201400041236,2014-10-15,2014,octobre,mercredi,93:5,92,92046,0,0,2,1,6,1,1,3,2,02,2,1,000,092,1,0,1,4,1,20,1,1,2,00,0,8,15,201400041236B01,33,17,1
201400041238,2014-10-18,2014,octobre,samedi,82:8,92,92075,0,0,2,2,7,2,1,3,2,02,1,1,000,000,1,0,1,4,1,22,1,1,4,08,0,1,1,201400041238A01,,,
201400041270,2014-06-05,2014,juin,jeudi,16:50,92,92078,0,0,2,1,6,1,1,4,2,02,1,1,000,000,1,0,4,4,1,46,1,1,9,01,0,1,0,201400041270A01,7,22,1
201400041327,2014-01-16,2014,janvier,jeudi,91:5,93,93001,0,0,2,1,6,1,2,4,2,03,1,-1,000,170,2,0,1,3,2,56,0,1,9,00,2,0,0,201400041327B01,15,1,1