Num_Acc,date,an,mois,jour,hrmn,dep,com,lat,long,agg,int,col,lum,atm,catr,circ,nbv,prof,plan,lartpc,larrout,surf,infra,situ,grav,sexe,age,trajet,secuexist,equipement,obs,obsm,choc,manv,vehiculeid,typevehicules,manoeuvehicules,numVehicules
201400044062,2014-06-14,2014,juin,samedi,12:00,94,94079,48.825,2.54068,2,3,2,1,1,3,2,02,2,1,000,000,1,0,1,4,1,31,5,1,9,00,2,1,2,201400044062A01,7,1,1
201400044063,2014-06-21,2014,juin,samedi,10:30,94,94079,48.8235,2.55322,2,1,1,1,1,4,1,01,1,3,000,045,1,0,4,4,1,39,4,1,4,00,2,1,1,201400044063A01,7,1,1
201400044078,2014-08-27,2014,août,mercredi,92:0,94,94059,48.8084,2.57754,2,5,3,1,1,4,3,02,1,1,000,065,1,0,1,1,1,40,1,1,2,00,2,1,1,201400044078A01,7,1,1
201400044086,2014-09-26,2014,septembre,vendredi,16:50,94,94060,48.7936,2.56661,2,1,3,1,1,4,2,02,1,1,020,060,1,0,5,4,1,76,5,1,4,00,2,8,1,201400044086B01,30,13,1
201400044088,2014-10-02,2014,octobre,jeudi,14:00,94,94059,0,0,2,4,3,1,1,4,2,02,1,3,000,065,1,0,1,4,1,57,0,1,9,00,2,1,2,201400044088B01,7,1,1
201400044108,2014-11-30,2014,novembre,dimanche,13:30,94,94019,0,0,2,1,6,1,1,4,2,00,1,1,000,075,1,0,1,3,1,73,0,1,2,00,2,1,1,201400044108A01,7,2,1
201400044133,2014-12-10,2014,décembre,mercredi,18:10,94,94054,0,0,2,1,2,3,2,4,2,02,2,1,000,060,2,0,1,4,1,35,5,1,9,00,0,4,2,201400044133B01,7,2,1
201400044182,2014-10-08,2014,octobre,mercredi,22:00,94,94054,0,0,2,3,3,5,3,3,-1,02,1,-1,000,000,2,0,1,3,1,26,0,1,9,00,2,1,1,201400044182B01,7,0,1
201400044193,2014-03-08,2014,mars,samedi,20:50,94,94054,48.7449,2.40787,2,6,3,5,1,4,2,02,1,3,000,062,1,0,1,4,1,13,5,1,9,00,2,1,19,201400044193B01,7,1,1
201400044211,2014-01-02,2014,janvier,jeudi,14:05,94,94028,48.7931,2.45009,2,3,3,1,1,4,2,02,1,1,000,000,1,0,1,4,2,58,5,1,9,00,2,1,1,201400044211B01,7,1,1
201400044215,2014-01-19,2014,janvier,dimanche,11:05,94,94028,48.7751,2.43983,2,1,6,1,1,3,3,04,1,1,010,120,1,0,1,3,1,53,5,1,2,00,2,4,1,201400044215B01,7,2,1
201400044261,2014-04-23,2014,avril,mercredi,15:55,94,94011,48.7731,2.49053,2,3,1,1,1,3,2,02,1,1,000,000,1,0,1,4,1,26,1,1,4,00,2,1,9,201400044261A01,7,1,1
201400044272,2014-05-27,2014,mai,mardi,80:5,94,94028,48.7746,2.43934,2,6,3,1,1,2,2,04,1,1,000,000,1,5,1,4,2,36,1,1,9,00,2,7,1,201400044272B01,7,9,1
201400044284,2014-06-13,2014,juin,vendredi,11:36,94,94028,48.8056,2.45882,2,1,2,1,1,4,2,02,1,1,000,060,1,0,1,4,1,15,1,1,9,00,2,1,2,201400044284A01,7,23,1
201400044296,2014-06-27,2014,juin,vendredi,11:10,94,94028,48.7808,2.43754,2,1,3,1,1,2,3,06,1,1,000,000,1,0,4,4,1,40,5,1,9,00,2,1,5,201400044296B01,7,9,1
201400044318,2014-09-23,2014,septembre,mardi,16:10,94,94022,48.7703,2.4256,2,1,6,1,1,3,3,00,1,1,000,000,1,0,1,1,1,29,5,1,9,00,1,1,7,201400044318A01,,,
201400044333,2014-11-18,2014,novembre,mardi,17:45,94,94028,48.7781,2.43828,2,3,3,3,1,1,3,02,1,1,000,000,1,3,1,4,1,26,1,1,9,00,2,1,1,201400044333B01,7,15,1
201400044380,2014-05-28,2014,mai,mercredi,16:10,94,94033,48.8516,2.47348,2,2,3,1,1,3,2,02,1,1,000,000,1,0,1,3,2,12,5,1,9,00,2,7,15,201400044380B01,7,1,1
201400044386,2014-06-18,2014,juin,mercredi,18:20,94,94033,48.8559,2.45761,2,5,1,1,1,4,2,02,2,1,000,000,1,0,1,4,1,59,1,1,9,00,2,8,1,201400044386A01,7,1,1
201400044401,2014-10-28,2014,octobre,mardi,94:5,94,94033,0,0,2,1,7,1,1,4,-1,02,1,1,000,000,1,0,0,4,1,29,0,1,2,00,0,0,0,201400044401A01,,,
201400044403,2014-11-04,2014,novembre,mardi,20:40,94,94033,0,0,2,3,3,4,1,4,1,01,1,1,000,000,1,0,1,4,1,60,5,1,9,00,2,1,1,201400044403B01,7,1,1
201400044412,2014-12-17,2014,décembre,mercredi,91:0,94,94033,0,0,2,1,6,1,2,4,2,00,1,1,000,000,2,0,1,4,2,32,1,1,2,01,0,1,1,201400044412B01,7,22,1
201400044421,2014-01-16,2014,janvier,jeudi,17:10,94,94016,48.7892,2.32534,2,4,1,2,1,3,2,02,1,1,000,050,1,0,1,4,1,11,2,1,2,00,2,7,1,201400044421B01,7,1,1
201400044429,2014-02-05,2014,février,mercredi,16:30,94,94016,48.7869,2.32957,2,4,1,1,2,3,2,02,1,1,000,000,1,0,1,3,2,30,5,1,2,00,2,1,1,201400044429B01,10,1,1
201400044432,2014-02-11,2014,février,mardi,15:45,94,94003,48.7994,2.33293,2,3,7,1,2,3,2,02,1,2,000,000,2,6,4,1,1,13,2,1,9,00,0,7,1,201400044432A01,,,
201400044432,2014-02-11,2014,février,mardi,15:45,94,94003,48.7994,2.33293,2,3,7,1,2,3,2,02,1,2,000,000,2,6,4,3,1,13,2,1,9,00,0,7,1,201400044432A01,,,
201400044439,2014-02-23,2014,février,dimanche,18:05,94,94076,48.7823,2.36701,1,3,3,1,1,3,1,01,1,1,000,000,1,0,1,4,1,36,1,1,9,00,2,2,1,201400044439B01,7,16,1
201400044450,2014-03-20,2014,mars,jeudi,10:00,94,94016,48.7926,2.33676,1,2,3,1,1,3,2,02,1,2,000,000,1,0,1,4,1,39,9,1,2,00,2,3,1,201400044450B01,7,15,1
201400044457,2014-03-31,2014,mars,lundi,84:5,94,94076,48.7878,2.36885,2,1,6,1,1,4,1,01,1,1,000,000,1,0,4,1,1,32,1,1,9,00,1,1,1,201400044457A01,,,
201400044461,2014-04-02,2014,avril,mercredi,11:05,94,94043,48.8151,2.36073,2,3,3,1,1,3,1,02,1,1,000,000,1,0,1,4,1,20,1,1,2,00,2,7,16,201400044461B01,2,7,1
201400044464,2014-04-11,2014,avril,vendredi,81:5,94,94076,48.8055,2.35988,2,2,3,1,1,4,2,02,1,1,000,000,1,0,1,4,1,38,1,1,2,00,2,1,1,201400044464B01,10,1,1
201400044464,2014-04-11,2014,avril,vendredi,81:5,94,94076,48.8055,2.35988,2,2,3,1,1,4,2,02,1,1,000,000,1,0,1,4,1,2,1,1,2,00,2,1,1,201400044464B01,10,1,1
201400044478,2014-05-15,2014,mai,jeudi,11:55,94,94076,48.7874,2.3542,2,2,3,1,1,3,2,03,1,1,000,060,1,0,1,4,1,9,5,1,2,00,2,2,19,201400044478B01,7,1,1
201400044497,2014-06-21,2014,juin,samedi,16:55,94,94043,48.8085,2.36263,2,1,2,1,1,3,2,02,1,1,000,000,1,0,1,4,1,22,5,1,9,00,2,1,2,201400044497A01,7,20,1
201400044498,2014-06-24,2014,juin,mardi,93:5,94,94076,48.7989,2.3669,2,1,3,1,1,3,2,02,2,1,000,000,1,0,5,4,1,52,5,1,9,00,2,1,2,201400044498B01,7,16,1
201400044524,2014-08-12,2014,août,mardi,19:15,94,94043,48.8114,2.35804,2,1,1,1,1,4,1,02,1,1,000,000,1,0,1,3,2,25,9,1,2,00,2,1,5,201400044524A01,7,9,1
201400044528,2014-08-25,2014,août,lundi,17:00,94,94016,48.7877,2.33004,2,1,6,1,3,3,2,02,1,1,000,000,2,0,1,1,1,60,5,1,2,00,1,1,1,201400044528A01,,,
201400044529,2014-08-26,2014,août,mardi,12:45,94,94076,48.8058,2.36553,2,3,3,1,2,4,2,02,1,1,000,000,2,0,1,4,1,17,5,1,9,00,2,1,1,201400044529A01,7,1,1
201400044551,2014-10-08,2014,octobre,mercredi,22:00,94,94037,0,0,2,2,3,5,3,4,-1,01,1,1,000,000,3,0,1,3,1,70,0,1,9,00,0,8,0,201400044551B01,2,15,1
201400044569,2014-11-05,2014,novembre,mercredi,17:55,94,94076,0,0,1,1,6,5,1,3,2,02,-1,1,000,060,1,0,1,4,1,25,0,1,9,00,2,1,2,201400044569B01,7,2,1
201400044617,2014-01-22,2014,janvier,mercredi,15:00,94,94038,48.7793,2.36698,2,2,3,1,2,3,1,01,1,1,000,000,2,0,1,3,2,61,5,1,9,00,2,7,1,201400044617B01,7,1,1
201400044619,2014-01-25,2014,janvier,samedi,70:0,94,94021,48.7629,2.35387,1,2,1,5,2,5,1,02,1,1,000,000,2,0,1,4,1,60,1,1,4,00,2,7,19,201400044619B01,7,5,1
201400044636,2014-02-20,2014,février,jeudi,65:5,94,94034,48.7551,2.32244,2,1,3,5,2,3,2,02,1,1,000,000,2,0,1,4,2,54,1,1,2,00,2,7,1,201400044636B01,7,9,1
201400044643,2014-03-13,2014,mars,jeudi,16:50,94,94021,48.7631,2.3576,2,1,2,1,1,4,1,01,1,1,000,000,1,0,1,4,1,37,5,1,2,00,2,1,2,201400044643A01,10,1,1
201400044658,2014-04-08,2014,avril,mardi,75:0,94,94065,48.7533,2.34756,2,6,2,1,1,4,2,02,1,1,000,000,1,0,1,3,2,36,1,1,9,00,2,4,15,201400044658B01,7,9,1
201400044660,2014-04-10,2014,avril,jeudi,16:10,94,94065,48.7586,2.349,2,6,3,1,1,4,2,02,1,1,000,000,1,0,1,4,1,59,4,1,9,00,2,1,1,201400044660A01,7,16,1
201400044664,2014-04-15,2014,avril,mardi,18:45,94,94038,48.7784,2.34072,2,2,1,1,1,3,2,02,1,1,000,000,1,0,1,4,2,60,4,1,2,00,2,1,1,201400044664B01,7,15,1
201400044668,2014-04-30,2014,avril,mercredi,10:50,94,94073,48.7644,2.3682,2,1,2,1,7,3,1,02,1,1,000,000,1,0,1,4,1,51,5,1,2,00,2,4,2,201400044668B01,7,2,1
201400044701,2014-06-19,2014,juin,jeudi,11:15,94,94021,48.7588,2.34872,2,1,2,1,1,4,3,02,1,1,000,000,1,0,1,4,1,21,5,1,2,00,2,4,1,201400044701B01,7,2,1
201400044718,2014-07-31,2014,juillet,jeudi,19:15,94,94073,48.766,2.39054,2,2,3,1,1,3,2,02,1,1,000,000,1,0,1,4,1,17,5,1,2,00,2,7,2,201400044718A01,7,2,1
201400044724,2014-08-12,2014,août,mardi,19:28,94,94021,48.7624,2.3583,2,4,3,2,2,4,2,03,1,1,000,000,2,0,1,4,1,52,5,1,2,00,2,6,1,201400044724B01,37,9,1
201400044743,2014-09-16,2014,septembre,mardi,14:20,94,94021,48.7636,2.34992,2,2,2,1,1,4,2,04,1,1,000,000,1,0,1,3,1,55,4,1,9,00,2,1,1,201400044743A01,37,1,1
201400044749,2014-09-21,2014,septembre,dimanche,11:40,94,94021,48.7644,2.36805,2,1,3,1,2,3,3,01,1,1,000,000,2,0,1,4,1,80,5,1,2,01,2,4,11,201400044749A01,7,11,1
201400044754,2014-10-14,2014,octobre,mardi,15:30,94,94065,0,0,2,1,2,1,1,9,1,02,2,3,000,000,-1,0,1,4,1,40,5,1,2,00,0,2,2,201400044754B01,1,2,1
201400044754,2014-10-14,2014,octobre,mardi,15:30,94,94065,0,0,2,1,2,1,1,9,1,02,2,3,000,000,-1,0,1,1,1,40,5,1,2,00,0,6,2,201400044754A01,1,2,1
201400044761,2014-10-30,2014,octobre,jeudi,18:30,94,94038,0,0,2,9,2,5,1,4,2,02,1,1,000,000,1,0,1,4,1,62,5,1,9,00,0,4,2,201400044761B01,7,1,1
201400044762,2014-11-03,2014,novembre,lundi,91:0,94,94038,0,0,2,1,3,1,1,9,-1,00,2,1,000,000,1,0,4,3,1,17,0,1,9,00,0,0,1,201400044762B01,7,0,1
201400044803,2014-01-21,2014,janvier,mardi,17:20,94,94041,48.8084,2.3737,2,1,6,5,1,3,2,02,1,1,000,070,1,0,1,1,1,37,5,1,4,00,1,1,8,201400044803A01,,,
201400044821,2014-08-28,2014,août,jeudi,18:00,94,94041,48.8177,2.37561,2,1,3,1,1,3,2,02,2,3,000,000,1,0,1,4,1,14,5,1,2,00,2,8,13,201400044821A01,10,1,1
201400044827,2014-01-31,2014,janvier,vendredi,14:45,94,94041,48.8181,2.39797,2,2,3,1,1,3,1,02,1,1,000,000,1,0,1,4,1,70,5,1,9,00,2,8,2,201400044827B01,7,1,1
201400044849,2014-09-19,2014,septembre,vendredi,17:45,94,94041,48.8149,2.40171,2,1,3,1,1,3,3,03,1,1,002,090,1,0,1,4,1,38,5,1,9,00,2,3,15,201400044849B01,32,7,1
201400044853,2014-05-19,2014,mai,lundi,18:10,94,94041,48.8121,2.38564,2,1,3,1,1,3,2,02,1,1,000,120,1,0,1,3,1,44,1,1,9,00,2,8,19,201400044853A01,7,1,1
201400044854,2014-09-21,2014,septembre,dimanche,40:5,94,94041,48.8181,2.39797,2,3,3,5,2,3,1,01,1,1,000,090,2,0,1,3,1,60,5,1,2,00,2,1,8,201400044854B01,7,15,1
201400044862,2014-10-02,2014,octobre,jeudi,18:05,94,94041,0,0,2,7,6,1,1,2,1,03,1,-1,000,090,1,0,1,4,1,50,1,1,2,01,0,1,17,201400044862B01,7,22,1
201400044885,2014-12-03,2014,décembre,mercredi,18:15,94,94041,0,0,2,3,1,5,1,4,1,01,1,1,000,000,1,0,1,4,2,69,5,1,2,00,2,1,5,201400044885A01,7,15,1
201400044903,2014-06-06,2014,juin,vendredi,18:00,94,94041,48.8174,2.38089,2,3,3,1,1,3,2,02,1,1,000,030,1,0,1,4,1,44,1,1,9,00,2,8,16,201400044903B01,10,16,1
201400044925,2014-10-14,2014,octobre,mardi,15:30,94,94046,0,0,2,1,3,1,1,4,1,01,1,1,000,000,1,0,1,4,1,11,2,1,2,00,2,8,19,201400044925B01,7,1,1
201400044928,2014-01-27,2014,janvier,lundi,17:45,94,94046,48.8071,2.42547,2,2,2,1,2,3,2,04,1,2,036,160,2,0,1,4,1,35,1,1,2,00,2,4,15,201400044928B01,7,15,1
201400044930,2014-10-15,2014,octobre,mercredi,17:15,94,94046,0,0,2,1,2,1,2,4,1,00,1,1,000,000,2,0,1,4,1,16,0,1,9,00,2,1,1,201400044930A01,7,1,1
201400044942,2014-04-07,2014,avril,lundi,18:00,94,94046,48.8135,2.44366,2,1,3,1,1,4,2,02,1,1,000,000,1,0,1,4,1,42,5,1,2,00,2,8,19,201400044942B01,7,15,1
201400044943,2014-04-07,2014,avril,lundi,23:40,94,94046,48.81,2.45556,2,2,3,3,1,3,2,02,1,1,000,000,1,0,1,4,1,45,5,1,9,00,2,1,1,201400044943B01,7,16,1
201400044960,2014-07-16,2014,juillet,mercredi,10:55,94,94046,48.8034,2.43351,2,1,1,1,1,3,4,01,1,1,000,000,1,0,5,4,1,29,4,1,2,00,2,1,1,201400044960B01,33,5,1
201400044989,2014-06-24,2014,juin,mardi,19:50,94,94046,48.8023,2.43484,2,3,3,1,1,3,2,02,1,1,000,000,1,0,5,4,2,23,1,1,9,00,2,1,1,201400044989B01,7,1,1
201400045029,2014-07-04,2014,juillet,vendredi,19:30,94,94058,48.8407,2.50512,1,1,6,1,1,4,1,01,1,1,000,000,1,0,1,1,1,45,5,1,2,00,1,1,5,201400045029A01,,,
201400045036,2014-07-15,2014,juillet,mardi,93:5,94,94042,48.8202,2.46704,2,2,2,1,1,3,2,02,1,1,000,000,1,0,1,3,1,59,5,1,9,00,2,4,15,201400045036B01,7,2,1
201400045041,2014-02-12,2014,février,mercredi,12:20,94,94058,48.8346,2.50406,2,1,3,1,1,4,1,01,1,1,000,026,1,0,4,4,1,12,9,1,9,00,2,1,1,201400045041B01,7,9,1
201400045051,2014-08-24,2014,août,dimanche,14:40,94,94042,48.8177,2.46766,2,3,2,1,1,3,2,02,1,1,000,000,1,0,1,4,2,60,5,1,9,00,2,4,1,201400045051B01,7,1,1
201400045055,2014-09-01,2014,septembre,lundi,91:0,94,94052,48.8365,2.48214,2,3,3,1,1,4,1,01,1,2,008,122,1,0,1,4,2,56,5,1,2,00,2,3,5,201400045055A01,7,16,1
201400045070,2014-09-16,2014,septembre,mardi,17:40,94,94052,48.8383,2.48972,2,1,3,1,1,4,2,02,1,1,000,062,1,0,1,4,2,46,1,1,9,00,2,1,1,201400045070B01,7,24,1
201400045076,2014-09-22,2014,septembre,lundi,74:5,94,94042,48.8241,2.46895,2,3,3,1,1,4,2,02,1,1,000,060,1,0,1,3,1,27,2,1,2,00,2,1,1,201400045076B01,7,15,1
201400045091,2014-10-09,2014,octobre,jeudi,91:5,94,94042,0,0,2,1,3,1,1,3,2,04,1,1,000,101,2,0,1,4,1,12,2,1,9,00,2,1,1,201400045091B01,7,16,1
201400045106,2014-10-30,2014,octobre,jeudi,16:00,94,94015,0,0,2,3,2,1,1,4,2,03,1,1,000,060,1,0,1,4,1,58,5,1,2,00,2,0,2,201400045106A01,7,2,1
201400045107,2014-10-31,2014,octobre,vendredi,14:00,94,94015,0,0,2,1,6,1,1,3,2,02,1,1,000,052,1,0,1,4,1,53,5,1,2,00,2,1,1,201400045107B01,7,19,1
201400045145,2014-03-12,2014,mars,mercredi,16:40,94,94068,48.7877,2.49142,2,3,2,1,1,4,1,01,1,1,000,050,1,0,1,4,1,11,9,1,2,00,2,4,1,201400045145B01,7,4,1
201400045146,2014-03-14,2014,mars,vendredi,18:45,94,94068,48.7898,2.48443,2,4,3,1,1,4,2,02,1,1,000,060,1,0,1,4,1,67,5,1,2,00,2,7,5,201400045146B01,7,15,1
201400045150,2014-04-05,2014,avril,samedi,14:38,94,94068,48.8011,2.47009,2,1,3,1,1,4,2,02,1,1,000,000,1,0,1,4,1,62,9,1,2,00,2,1,1,201400045150B01,7,22,1
201400045166,2014-06-13,2014,juin,vendredi,14:15,94,94068,48.7861,2.49217,2,1,3,1,1,4,2,02,1,1,000,051,1,0,1,4,1,13,1,1,2,00,2,8,9,201400045166B01,10,1,1
201400045174,2014-07-10,2014,juillet,jeudi,92:5,94,94068,48.8133,2.47878,2,2,2,1,3,3,2,02,1,1,000,000,2,0,1,4,1,21,1,1,2,00,2,4,15,201400045174B01,7,15,1
201400045186,2014-09-01,2014,septembre,lundi,19:15,94,94068,48.8116,2.46897,2,1,3,1,1,3,2,02,1,1,000,000,1,0,1,4,1,41,1,1,2,00,2,1,11,201400045186A01,7,1,1
201400045188,2014-09-12,2014,septembre,vendredi,16:25,94,94068,48.8059,2.47293,2,2,3,1,1,3,1,01,1,1,000,000,1,0,1,4,2,43,1,1,2,00,2,4,1,201400045188B01,7,16,1
201400045192,2014-09-18,2014,septembre,jeudi,10:00,94,94068,48.7871,2.50547,2,2,3,1,1,4,2,02,1,1,000,000,1,0,1,4,1,72,5,1,2,00,2,1,1,201400045192B01,7,15,1
201400045194,2014-09-21,2014,septembre,dimanche,12:40,94,94068,48.806,2.51194,2,4,3,1,2,4,2,02,1,1,000,000,2,0,1,4,2,44,5,1,2,00,2,1,2,201400045194B01,7,16,1
201400045201,2014-10-10,2014,octobre,vendredi,15:40,94,94068,0,0,2,2,3,1,1,4,2,02,1,1,000,000,1,0,1,4,2,13,2,1,2,00,2,1,1,201400045201A01,7,1,1
201400045243,2014-07-07,2014,juillet,lundi,16:50,94,94068,48.7957,2.49104,2,1,3,1,1,4,1,01,1,1,000,000,1,0,1,4,2,35,5,1,2,00,2,1,1,201400045243B01,7,22,1
201400045245,2014-07-16,2014,juillet,mercredi,18:00,94,94068,48.8071,2.47545,2,1,3,1,1,4,2,02,1,3,000,000,1,0,1,4,2,60,1,1,2,00,2,3,1,201400045245B01,15,17,1
201400045299,2014-03-20,2014,mars,jeudi,84:0,94,94078,48.7314,2.4586,2,2,3,1,1,3,2,02,1,1,000,000,1,0,1,3,1,32,9,1,9,00,2,1,1,201400045299A01,10,15,1
201400045352,2014-07-31,2014,juillet,jeudi,18:25,94,94077,48.7291,2.42933,2,1,3,1,1,3,1,01,1,1,000,000,1,2,1,4,1,28,1,1,9,00,2,1,19,201400045352A01,7,1,1
201400045354,2014-08-01,2014,août,vendredi,23:00,94,94078,48.733,2.44893,2,3,2,5,1,3,2,02,1,1,000,000,1,0,1,3,2,32,5,1,9,00,2,1,1,201400045354B02,7,4,1
201400045382,2014-10-28,2014,octobre,mardi,14:40,94,94077,0,0,2,2,3,1,5,3,1,01,1,-1,000,000,1,0,0,4,1,15,5,1,9,00,2,2,15,201400045382A01,7,1,1
201400045388,2014-11-16,2014,novembre,dimanche,20:15,94,94001,0,0,2,1,2,5,2,4,2,00,1,-1,000,060,2,0,1,3,1,47,5,1,9,00,0,4,2,201400045388B01,7,2,1
201400045407,2014-01-22,2014,janvier,mercredi,72:5,94,94080,48.8504,2.43813,2,3,3,5,1,4,1,01,1,1,000,000,1,0,1,4,1,45,1,1,9,00,2,1,21,201400045407B01,7,20,1
201400045409,2014-01-25,2014,janvier,samedi,19:00,94,94080,48.8506,2.43457,2,1,3,5,1,4,1,01,1,1,000,000,1,0,5,4,2,68,5,1,9,01,2,1,1,201400045409B01,7,22,1
201400045412,2014-03-05,2014,mars,mercredi,73:5,94,94080,48.8447,2.43702,2,1,6,1,1,3,2,03,1,1,000,000,1,0,1,3,2,59,1,1,2,00,1,1,1,201400045412A01,,,
201400045423,2014-04-15,2014,avril,mardi,20:00,94,94080,48.844,2.4343,2,1,3,2,1,3,2,02,1,1,000,000,1,0,1,3,1,14,5,1,9,00,2,8,19,201400045423B02,7,1,1
201400045431,2014-06-05,2014,juin,jeudi,15:20,94,94080,48.8463,2.4288,2,2,3,1,1,4,1,02,1,1,000,000,1,0,1,3,1,66,5,1,2,00,2,1,9,201400045431A01,7,1,1
201400045433,2014-06-12,2014,juin,jeudi,18:20,94,94080,48.8475,2.429,2,3,1,1,1,4,1,01,1,1,000,000,1,0,1,4,1,30,1,1,2,00,2,1,1,201400045433B01,32,13,1
201400045436,2014-06-16,2014,juin,lundi,19:05,94,94067,48.8476,2.41763,2,3,3,1,1,3,2,02,1,1,000,000,1,0,5,3,1,56,5,1,2,01,2,1,1,201400045436B01,7,22,1
201400045437,2014-06-20,2014,juin,vendredi,18:20,94,94080,48.8487,2.43715,2,1,3,1,1,4,2,02,1,1,000,000,1,0,1,4,2,55,5,1,2,00,2,1,1,201400045437B01,7,22,1
201400045445,2014-07-27,2014,juillet,dimanche,20:05,94,94080,48.841,2.43288,2,3,3,2,1,3,2,02,1,1,000,000,1,0,1,3,1,32,5,1,2,00,2,7,1,201400045445B01,7,10,1
201400045450,2014-08-21,2014,août,jeudi,55:,94,94067,48.8465,2.41756,2,5,3,5,1,3,2,02,1,1,000,000,1,0,1,4,2,31,5,1,9,00,2,8,19,201400045450B01,7,16,1
201400045456,2014-09-17,2014,septembre,mercredi,17:50,94,94067,48.8455,2.41757,2,3,3,1,1,3,2,02,1,1,000,000,1,0,1,4,2,52,1,1,9,00,2,3,18,201400045456B01,7,22,1
201400045464,2014-09-29,2014,septembre,lundi,18:45,94,94080,48.8493,2.42083,2,3,3,1,1,3,1,01,1,1,000,000,1,0,1,4,1,30,1,1,2,00,2,1,1,201400045464B01,7,15,1
201400045472,2014-11-18,2014,novembre,mardi,17:50,94,94080,0,0,2,1,3,5,3,3,1,01,1,1,000,000,2,0,1,4,1,22,5,1,9,01,0,1,1,201400045472B01,34,22,1
201400045531,2014-05-02,2014,mai,vendredi,93:0,94,94081,48.7936,2.38565,2,1,3,1,1,3,2,02,1,1,000,000,1,0,4,4,2,28,4,1,4,00,2,1,1,201400045531B01,7,9,1
201400045553,2014-06-23,2014,juin,lundi,84:0,94,94081,48.7983,2.37871,2,1,3,1,1,4,2,02,1,1,000,000,1,0,4,4,2,25,4,1,9,00,2,2,1,201400045553B01,7,15,1
201400045572,2014-09-01,2014,septembre,lundi,14:35,94,94081,48.7897,2.38984,2,7,3,1,1,3,2,04,2,1,000,100,1,0,1,3,1,23,5,1,9,00,2,3,1,201400045572B01,7,1,1
201400045572,2014-09-01,2014,septembre,lundi,14:35,94,94081,48.7897,2.38984,2,7,3,1,1,3,2,04,2,1,000,100,1,0,1,1,1,24,5,1,9,00,2,3,1,201400045572B01,7,1,1
201400045579,2014-09-26,2014,septembre,vendredi,18:20,94,94081,48.786,2.39159,2,2,6,1,1,3,2,02,1,1,070,070,1,0,1,3,1,59,1,1,2,00,1,1,1,201400045579A01,,,
201400045624,2014-01-23,2014,janvier,jeudi,94:0,95,95582,48.9774,2.2426,2,3,3,1,1,3,3,04,1,1,,,1,5,0,4,1,22,1,1,9,00,2,8,1,201400045624B01,7,15,1
201400045677,2014-04-30,2014,avril,mercredi,18:00,95,95018,48.9467,2.2381,2,2,2,1,1,3,2,02,1,1,,,2,0,1,4,1,12,5,1,9,00,2,4,19,201400045677A01,7,1,1
201400045680,2014-05-11,2014,mai,dimanche,12:00,95,95176,48.9696,2.2013,2,1,2,1,1,3,2,02,1,1,,,1,0,1,3,1,46,5,1,2,00,2,1,1,201400045680B01,7,10,1
201400045695,2014-06-04,2014,juin,mercredi,10:20,95,95176,48.9696,2.1946,2,2,3,1,2,3,2,02,1,1,,,2,0,1,4,1,16,2,1,9,00,2,1,1,201400045695A01,7,1,1
201400045701,2014-06-13,2014,juin,vendredi,11:05,95,95018,48.9541,2.2544,2,3,3,1,1,3,2,02,1,1,,,1,0,1,4,1,67,5,1,9,00,0,3,18,201400045701B01,15,16,1
201400045710,2014-07-02,2014,juillet,mercredi,21:10,95,95018,48.9513,2.2217,2,3,3,1,1,4,2,02,1,1,,,1,0,1,4,1,15,5,1,9,00,2,3,15,201400045710B01,7,1,1
201400045715,2014-07-09,2014,juillet,mercredi,14:10,95,95018,48.9609,2.2555,2,2,3,1,2,4,2,02,1,1,,,2,5,1,3,1,55,5,1,9,00,2,1,1,201400045715B01,7,1,1
201400045728,2014-08-21,2014,août,jeudi,20:15,95,95018,48.9411,2.2541,2,1,3,1,1,3,2,02,2,1,,,1,0,1,4,1,32,5,1,9,00,2,8,1,201400045728B01,2,14,1
201400045741,2014-09-30,2014,septembre,mardi,17:20,95,95582,48.9726,2.2552,2,1,3,1,1,3,2,02,1,1,,,1,0,1,4,2,35,5,1,9,00,2,1,1,201400045741B01,7,10,1
201400045742,2014-10-03,2014,octobre,vendredi,95:0,95,95018,48.9609,2.2555,2,2,1,1,1,4,2,02,1,1,,,1,0,0,4,1,82,3,1,2,00,2,1,1,201400045742B01,7,15,1
201400045765,2014-11-13,2014,novembre,jeudi,84:5,95,95018,48.9516,2.2779,2,1,2,4,1,4,2,02,2,2,,,1,0,1,3,1,29,1,1,9,00,2,6,2,201400045765A01,7,1,1
201400045795,2014-04-07,2014,avril,lundi,19:30,95,95063,48.9297,2.2109,2,1,3,1,1,4,1,01,1,1,,,1,0,1,4,1,15,5,1,2,00,2,1,9,201400045795B01,7,1,1
201400045800,2014-05-30,2014,mai,vendredi,17:20,95,95063,48.9279,2.2068,2,1,3,1,1,4,2,02,1,1,,,1,0,1,3,1,17,5,1,9,00,2,5,19,201400045800B01,7,1,1
201400045830,2014-03-18,2014,mars,mardi,16:50,95,95218,49.0111,2.0987,2,6,3,1,1,3,2,02,1,1,,,1,0,1,4,1,60,5,1,9,00,2,7,9,201400045830B01,10,1,1
201400045834,2014-04-05,2014,avril,samedi,18:15,95,95572,49.0415,2.1197,2,1,1,1,1,4,2,02,1,1,,,1,0,1,4,1,12,5,1,2,00,2,1,1,201400045834B01,7,13,1