Num_Acc,date,an,mois,jour,hrmn,dep,com,lat,long,agg,int,col,lum,atm,catr,circ,nbv,prof,plan,lartpc,larrout,surf,infra,situ,grav,sexe,age,trajet,secuexist,equipement,obs,obsm,choc,manv,vehiculeid,typevehicules,manoeuvehicules,numVehicules
201400045839,2014-05-13,2014,mai,mardi,20:30,95,95500,49.0549,2.1048,2,1,2,1,1,3,2,02,2,1,,,1,0,1,4,1,18,5,1,2,00,2,4,2,201400045839A01,7,1,1
201400045842,2014-05-31,2014,mai,samedi,19:00,95,95572,49.0431,2.1084,2,1,6,1,1,3,3,04,2,3,,,1,0,1,3,1,37,5,1,9,11,0,1,1,201400045842A01,,,
201400045886,2014-03-24,2014,mars,lundi,15:20,95,95288,48.9848,2.3617,2,1,6,1,1,3,3,04,1,1,,,1,0,1,4,1,33,5,1,4,00,2,7,1,201400045886B01,7,1,1
201400045932,2014-07-27,2014,juillet,dimanche,12:30,95,95555,48.9711,2.2808,2,2,3,1,1,4,2,02,1,1,,,1,0,4,1,1,38,5,1,9,00,2,2,1,201400045932B01,7,16,1
201400045939,2014-11-24,2014,novembre,lundi,93:0,95,95598,48.9859,2.2972,2,6,2,1,2,3,2,04,1,1,,,2,5,1,4,1,68,5,1,9,00,2,4,1,201400045939B01,7,1,1
201400045940,2014-10-01,2014,octobre,mercredi,13:17,95,95555,48.9731,2.2897,2,1,2,1,1,3,2,02,1,1,,,1,0,1,4,2,48,1,1,9,00,0,4,2,201400045940B01,7,1,1
201400045947,2014-01-05,2014,janvier,dimanche,91:5,95,95252,48.9845,2.2406,2,3,3,1,1,1,1,01,1,1,,,2,3,1,4,1,41,5,1,2,00,2,1,1,201400045947A01,7,15,1
201400045963,2014-03-25,2014,mars,mardi,90:5,95,95203,48.9786,2.2771,2,1,3,1,2,4,1,01,1,1,,,2,0,1,4,2,44,1,1,9,01,0,1,1,201400045963B01,7,22,1
201400045973,2014-04-15,2014,avril,mardi,19:40,95,95252,48.9983,2.2302,2,2,3,1,1,4,2,02,1,1,,,1,0,1,4,1,39,5,1,2,00,2,1,1,201400045973A01,10,15,1
201400045975,2014-04-27,2014,avril,dimanche,93:5,95,95203,48.9949,2.2754,2,6,3,1,2,3,2,02,1,1,,,2,5,1,4,1,82,5,1,2,00,2,2,15,201400045975B01,7,9,1
201400045987,2014-06-07,2014,juin,samedi,15:10,95,95252,48.9856,2.2381,2,1,3,1,1,3,3,04,1,1,,,1,0,1,4,1,14,5,1,9,00,2,8,19,201400045987B01,7,1,1
201400045991,2014-06-16,2014,juin,lundi,17:30,95,95203,48.9952,2.2843,2,1,3,1,1,4,2,02,1,1,,,1,0,1,3,1,6,2,1,9,00,2,1,19,201400045991B01,7,1,1
201400045997,2014-07-11,2014,juillet,vendredi,11:05,95,95219,48.9792,2.2502,2,3,3,1,2,4,2,02,1,1,,,2,0,1,4,1,58,5,1,9,00,2,8,15,201400045997B01,10,1,1
201400046003,2014-08-02,2014,août,samedi,15:30,95,95203,48.9953,2.2747,2,6,1,1,1,3,2,02,1,1,,,1,0,1,4,1,26,5,1,9,00,2,1,1,201400046003B01,7,1,1
201400046005,2014-08-05,2014,août,mardi,18:10,95,95203,48.9953,2.2746,2,1,3,1,1,3,2,02,1,1,,,1,0,1,3,1,60,5,1,4,00,2,1,1,201400046005B01,7,9,1
201400046008,2014-08-19,2014,août,mardi,94:5,95,95491,48.9959,2.2384,2,4,1,1,1,3,1,01,1,1,,,1,0,1,4,1,85,5,1,9,00,2,1,1,201400046008B01,7,15,1
201400046015,2014-09-06,2014,septembre,samedi,19:50,95,95252,48.9965,2.2246,2,1,1,1,1,4,2,01,1,1,,,1,0,1,4,2,44,5,1,9,00,2,1,1,201400046015A01,7,20,1
201400046022,2014-10-02,2014,octobre,jeudi,15:25,95,95252,48.9877,2.2325,2,1,3,1,1,3,2,02,1,1,,,1,0,1,3,1,24,2,1,9,00,2,8,2,201400046022B01,7,1,1
201400046023,2014-10-04,2014,octobre,samedi,13:30,95,95574,49.0101,2.2633,2,2,3,1,1,3,2,02,1,1,,,1,0,1,4,1,40,5,1,2,00,2,8,1,201400046023A01,31,1,1
201400046026,2014-10-13,2014,octobre,lundi,20:55,95,95491,49.0004,2.2487,2,1,1,5,1,4,2,02,1,1,,,1,0,1,3,1,24,5,1,9,00,2,7,1,201400046026B01,7,1,1
201400046031,2014-11-06,2014,novembre,jeudi,70:0,95,95203,48.9949,2.2757,2,6,3,2,1,3,2,02,1,1,,,1,0,1,3,1,25,1,1,4,00,2,2,13,201400046031B01,7,19,1
201400046032,2014-11-06,2014,novembre,jeudi,81:0,95,95252,48.9946,2.2212,2,1,3,1,1,4,2,02,1,1,,,1,0,1,3,1,14,2,1,4,00,2,1,19,201400046032B01,7,1,1
201400046041,2014-11-28,2014,novembre,vendredi,80:0,95,95203,48.9835,2.2719,2,1,3,1,1,3,2,02,2,1,,,1,0,1,3,1,49,1,1,9,00,2,7,1,201400046041B01,7,11,1
201400046042,2014-11-29,2014,novembre,samedi,12:40,95,95203,49.0025,2.2705,2,1,3,1,1,4,2,02,2,1,,,1,0,1,4,1,46,5,1,2,00,2,1,1,201400046042B01,7,15,1
201400046046,2014-12-16,2014,décembre,mardi,17:25,95,95252,48.9923,2.2226,2,6,3,5,1,4,2,02,1,1,,,1,0,1,4,2,14,2,1,9,00,2,4,19,201400046046B01,7,1,1
201400046048,2014-12-17,2014,décembre,mercredi,11:50,95,95203,49.0022,2.2702,2,1,2,1,2,4,2,02,1,1,,,2,0,1,3,2,25,5,1,9,00,2,1,1,201400046048B01,7,2,1
201400046054,2014-07-14,2014,juillet,lundi,11:20,95,95203,48.9949,2.2757,2,6,3,1,1,3,2,02,1,1,,,1,5,1,3,2,47,5,1,2,00,2,7,1,201400046054B01,7,9,1
201400046095,2014-04-13,2014,avril,dimanche,10:50,95,95019,48.9861,2.4127,2,6,3,1,1,3,2,02,1,1,,,1,0,1,4,1,11,5,1,2,00,2,8,13,201400046095B01,7,1,1
201400046248,2014-03-27,2014,mars,jeudi,11:30,95,95051,49.0074,2.2029,2,3,3,1,1,4,2,02,1,1,,,1,0,1,4,1,82,5,1,9,00,2,7,1,201400046248A01,7,15,1
201400046251,2014-06-01,2014,juin,dimanche,11:35,95,95607,49.0104,2.2134,2,6,1,1,1,3,2,02,1,2,,,1,5,5,1,1,43,5,1,9,00,2,3,16,201400046251A01,1,15,1
201400046251,2014-06-01,2014,juin,dimanche,11:35,95,95607,49.0104,2.2134,2,6,1,1,1,3,2,02,1,2,,,1,5,5,4,2,62,5,1,2,15,2,3,15,201400046251B01,1,16,1
201400046267,2014-03-13,2014,mars,jeudi,17:20,95,95607,49.0266,2.2243,2,1,3,1,1,3,1,01,1,1,,,1,0,1,3,1,15,2,1,9,09,2,1,5,201400046267A01,7,1,1
201400046348,2014-02-27,2014,février,jeudi,15:50,69,69381,0,0,2,1,6,1,2,4,-1,01,2,1,000,060,2,6,0,1,1,48,0,1,9,00,1,0,0,201400046348A01,,,
201400046354,2014-06-28,2014,juin,samedi,17:10,69,69381,0,0,2,1,6,1,1,4,2,13,1,1,000,130,1,0,1,1,1,18,0,1,2,00,1,1,1,201400046354A01,,,
201400046355,2014-06-17,2014,juin,mardi,21:15,69,69381,0,0,2,2,1,3,2,4,1,01,1,1,000,040,2,0,1,4,2,27,0,1,2,00,2,2,1,201400046355B01,7,15,1
201400046357,2014-08-12,2014,août,mardi,13:50,69,69381,0,0,2,1,3,1,1,4,2,02,2,3,000,090,1,0,1,4,1,24,5,1,2,00,2,1,1,201400046357A01,37,1,1
201400046362,2014-10-02,2014,octobre,jeudi,71:5,69,69381,0,0,2,1,3,1,1,4,2,01,2,1,000,053,1,0,1,4,1,30,1,1,4,00,0,0,0,201400046362B01,7,22,1
201400046368,2014-11-06,2014,novembre,jeudi,17:30,69,69381,0,0,2,2,3,5,1,4,2,03,1,1,000,000,1,5,1,4,1,75,5,1,9,00,2,7,15,201400046368A01,33,1,1
201400047752,2014-11-13,2014,novembre,jeudi,92:2,95,95028,0,0,1,1,3,1,1,2,3,04,1,2,,,1,0,1,3,1,55,1,1,9,00,2,8,18,201400047752B01,15,16,1
201400049153,2014-04-09,2014,avril,mercredi,16:22,2B,2B037,0,0,1,1,1,1,1,4,2,02,2,3,000,053,1,0,1,3,1,15,9,1,2,00,2,1,13,201400049153A01,7,1,1
201400049160,2014-04-24,2014,avril,jeudi,19:00,2B,2B003,0,0,2,1,3,1,2,4,2,02,1,1,000,065,1,0,1,4,2,38,9,1,9,00,2,1,17,201400049160B01,7,11,1
201400049192,2014-06-12,2014,juin,jeudi,15:40,2B,2B033,0,0,2,1,1,1,1,4,2,02,2,1,000,075,-1,0,1,4,1,25,9,1,2,00,2,1,1,201400049192B01,7,10,1
201400049202,2014-07-08,2014,juillet,mardi,15:15,2B,2B120,0,0,2,3,3,1,1,4,2,02,1,1,000,140,1,0,1,4,1,54,5,1,2,00,2,7,1,201400049202B01,7,9,1
201400049225,2014-08-13,2014,août,mercredi,13:25,2B,2B033,0,0,2,1,3,1,1,4,2,02,2,1,000,060,1,0,1,4,2,50,4,1,2,00,2,1,1,201400049225B01,7,20,1
201400049320,2014-01-07,2014,janvier,mardi,90:0,69,69382,0,0,2,1,3,1,1,4,2,01,1,3,000,130,1,0,1,3,1,52,1,1,2,00,2,4,14,201400049320B01,7,2,1
201400049321,2014-01-08,2014,janvier,mercredi,13:50,69,69382,0,0,2,1,6,1,1,4,1,01,1,1,000,030,1,0,1,3,2,39,1,1,9,01,2,1,1,201400049321B01,7,22,1
201400049322,2014-01-10,2014,janvier,vendredi,13:10,69,69382,0,0,2,1,6,1,1,4,1,01,1,1,000,029,1,0,1,1,1,25,0,1,4,00,1,0,2,201400049322A01,,,
201400049327,2014-07-10,2014,juillet,jeudi,17:10,69,69282,0,0,2,1,6,1,2,4,2,02,1,1,000,000,1,4,1,3,1,13,0,1,9,00,4,3,19,201400049327B01,40,1,1
201400049336,2014-02-21,2014,février,vendredi,18:55,69,69382,0,0,2,1,6,5,1,4,1,02,1,1,000,028,2,0,5,4,1,19,5,1,9,01,0,1,1,201400049336B01,7,24,1
201400049341,2014-03-23,2014,mars,dimanche,35:,69,69382,0,0,2,1,3,5,1,4,1,03,1,1,000,110,-1,0,0,4,2,21,0,1,9,00,2,0,0,201400049341B01,7,15,1
201400049349,2014-04-23,2014,avril,mercredi,12:15,69,69382,0,0,2,1,7,1,1,4,3,01,1,1,000,028,1,0,5,4,1,47,1,1,2,01,0,0,2,201400049349B01,7,24,1
201400049350,2014-05-05,2014,mai,lundi,95:0,69,69382,0,0,2,1,6,1,1,4,2,04,1,-1,000,000,1,0,5,4,1,44,5,1,9,00,1,1,0,201400049350A01,,,
201400049356,2014-06-03,2014,juin,mardi,19:00,69,69382,0,0,2,1,6,1,1,4,1,02,1,1,000,061,1,0,0,4,1,4,0,1,9,00,2,1,19,201400049356B01,10,2,1
201400049359,2014-06-17,2014,juin,mardi,16:40,69,69382,0,0,2,1,6,1,1,4,1,02,1,1,000,030,1,0,1,1,1,57,5,1,2,00,1,1,1,201400049359A01,,,
201400049371,2014-08-02,2014,août,samedi,18:50,69,69382,0,0,2,1,6,1,1,4,1,03,2,1,000,000,1,0,1,4,2,24,0,1,2,00,2,1,1,201400049371B01,7,24,1
201400049379,2014-09-16,2014,septembre,mardi,14:50,69,69382,0,0,2,1,3,1,1,4,1,01,1,1,000,050,1,0,1,4,2,37,0,1,9,00,2,3,19,201400049379A01,7,1,1
201400049391,2014-10-11,2014,octobre,samedi,10:15,69,69382,0,0,2,1,2,1,1,4,3,01,1,1,000,090,1,0,1,4,2,53,5,1,2,00,2,4,17,201400049391B01,7,2,1
201400049568,2014-01-06,2014,janvier,lundi,13:40,69,69383,0,0,2,1,3,1,1,4,1,01,1,1,000,000,1,0,5,4,1,34,5,1,2,00,2,7,1,201400049568B01,7,9,1
201400049574,2014-01-16,2014,janvier,jeudi,83:0,69,69383,0,0,2,3,3,1,1,4,2,03,1,1,000,000,1,0,1,4,2,37,0,1,2,00,2,0,1,201400049574B01,7,16,1
201400049578,2014-01-17,2014,janvier,vendredi,16:25,69,69383,0,0,2,2,3,1,1,4,4,03,1,1,000,020,1,0,5,4,1,25,5,1,2,00,2,1,2,201400049578B01,7,16,1
201400049586,2014-02-04,2014,février,mardi,16:00,69,69386,0,0,2,1,6,1,1,4,-1,01,1,1,000,080,1,0,1,4,2,65,4,1,2,01,0,7,1,201400049586B01,7,22,1
201400049588,2014-02-06,2014,février,jeudi,11:05,69,69387,0,0,2,1,6,1,1,4,2,03,2,1,000,000,1,0,5,1,1,33,4,1,2,00,1,1,0,201400049588A01,,,
201400049596,2014-02-19,2014,février,mercredi,81:5,69,69383,0,0,2,2,3,1,8,4,1,05,1,1,000,108,1,0,1,4,2,32,1,1,2,00,2,8,1,201400049596B01,7,16,1
201400049597,2014-02-17,2014,février,lundi,11:30,69,69387,0,0,2,1,1,1,1,4,1,02,1,-1,000,000,1,5,1,4,2,40,1,1,2,00,2,1,11,201400049597A01,7,23,1
201400049598,2014-02-22,2014,février,samedi,33:0,69,69386,0,0,2,1,1,5,1,4,1,01,1,1,000,000,1,0,1,3,1,30,5,1,4,00,2,4,2,201400049598B01,7,2,1
201400049609,2014-03-11,2014,mars,mardi,20:44,69,69383,0,0,2,1,3,5,1,4,1,01,1,1,000,070,1,0,1,3,1,27,0,1,9,00,2,8,13,201400049609A01,37,17,1
201400049614,2014-03-17,2014,mars,lundi,15:40,69,69383,0,0,2,1,3,1,1,4,-1,00,-1,-1,000,000,-1,0,0,3,2,64,9,1,2,01,0,1,7,201400049614B01,7,24,1
201400049616,2014-03-22,2014,mars,samedi,13:10,69,69383,0,0,2,2,3,1,2,4,2,03,1,-1,000,000,-1,0,1,4,2,61,0,1,2,00,2,8,1,201400049616B01,7,2,1
201400049619,2014-04-01,2014,avril,mardi,80:5,69,69383,0,0,2,2,1,1,1,4,2,03,1,1,000,000,1,0,1,4,1,34,1,1,9,00,2,8,15,201400049619B01,7,1,1
201400049621,2014-04-03,2014,avril,jeudi,17:00,69,69383,0,0,2,1,6,1,1,4,1,01,1,1,000,000,1,0,5,3,1,55,5,1,9,00,1,2,0,201400049621Z01,,,
201400049623,2014-04-07,2014,avril,lundi,1:,69,69383,0,0,2,2,6,5,1,4,4,03,-1,-1,000,000,-1,0,0,4,1,33,1,1,4,00,2,1,1,201400049623A01,7,19,1
201400049627,2014-04-15,2014,avril,mardi,13:45,69,69383,0,0,2,2,3,1,1,4,2,04,1,1,000,000,1,0,1,4,1,31,2,1,9,00,0,1,1,201400049627B01,7,15,1
201400049636,2014-04-24,2014,avril,jeudi,10:20,69,69383,0,0,2,1,3,1,1,4,2,00,1,1,000,000,1,0,1,4,1,23,9,1,2,00,2,8,16,201400049636B01,7,16,1
201400049639,2014-04-30,2014,avril,mercredi,13:55,69,69383,0,0,2,3,3,1,1,4,2,02,1,1,000,000,1,0,1,4,1,58,1,1,2,00,2,2,1,201400049639B01,7,15,1
201400049642,2014-05-09,2014,mai,vendredi,84:5,69,69386,0,0,2,1,3,1,1,4,2,03,1,-1,000,000,1,0,1,4,1,38,1,1,2,00,2,1,1,201400049642B01,7,16,1
201400049650,2014-05-17,2014,mai,samedi,19:20,69,69383,0,0,2,1,3,1,1,4,1,01,1,1,000,000,1,0,1,4,2,6,5,1,9,00,2,1,1,201400049650B01,7,1,1
201400049655,2014-05-18,2014,mai,dimanche,31:5,69,69383,0,0,2,2,3,5,1,4,1,01,1,3,000,000,1,0,1,4,1,19,5,1,2,00,2,3,1,201400049655A01,7,2,1
201400049656,2014-05-20,2014,mai,mardi,91:5,69,69383,0,0,2,2,3,1,1,4,1,01,1,1,000,000,1,0,5,4,1,34,1,1,2,01,0,7,16,201400049656B01,7,22,1
201400049661,2014-05-28,2014,mai,mercredi,16:50,69,69383,0,0,2,1,6,1,1,4,-1,00,1,1,000,000,1,6,5,4,1,29,5,1,2,00,1,0,1,201400049661A01,,,
201400049661,2014-05-28,2014,mai,mercredi,16:50,69,69383,0,0,2,1,6,1,1,4,-1,00,1,1,000,000,1,6,5,1,1,4,0,1,9,00,1,0,1,201400049661A01,,,
201400049662,2014-05-30,2014,mai,vendredi,45:5,69,69383,0,0,2,1,6,5,1,5,2,02,1,1,000,000,1,0,0,4,1,28,5,1,9,00,1,1,1,201400049662A01,,,
201400049666,2014-06-11,2014,juin,mercredi,80:0,69,69383,0,0,2,1,3,1,1,4,3,01,1,-1,000,000,1,6,5,4,1,20,1,1,2,00,2,1,2,201400049666B01,7,16,1
201400049667,2014-06-04,2014,juin,mercredi,16:30,69,69386,0,0,2,1,2,1,1,4,1,03,1,1,000,000,1,0,1,3,1,78,0,1,9,00,2,7,21,201400049667B01,7,5,1
201400049669,2014-06-06,2014,juin,vendredi,84:5,69,69386,0,0,2,3,3,1,1,4,1,04,1,1,000,000,1,0,1,4,1,20,1,1,2,00,2,1,1,201400049669B01,7,15,1
201400049675,2014-06-16,2014,juin,lundi,20:20,69,69383,0,0,2,1,3,1,1,4,1,02,1,1,000,000,1,5,1,4,2,24,5,1,2,00,2,8,15,201400049675B01,10,1,1
201400049677,2014-06-12,2014,juin,jeudi,14:50,69,69386,0,0,2,1,7,1,1,4,2,06,1,1,000,000,1,0,5,4,2,67,5,1,2,00,2,0,21,201400049677B01,1,6,1
201400049677,2014-06-12,2014,juin,jeudi,14:50,69,69386,0,0,2,1,7,1,1,4,2,06,1,1,000,000,1,0,5,1,1,37,5,1,2,00,2,0,6,201400049677A01,1,21,1
201400049678,2014-06-18,2014,juin,mercredi,12:20,69,69383,0,0,2,1,3,1,1,4,2,05,1,1,000,000,1,0,1,4,1,76,5,1,2,00,2,3,19,201400049678A01,7,2,1
201400049682,2014-06-26,2014,juin,jeudi,21:00,69,69383,0,0,2,2,3,1,1,4,-1,01,1,1,000,000,1,0,1,4,1,24,0,1,2,00,2,2,5,201400049682A01,7,6,1
201400049685,2014-06-30,2014,juin,lundi,92:5,69,69383,0,0,2,1,6,1,1,4,1,01,1,1,000,000,1,0,1,4,2,25,1,1,9,00,2,1,0,201400049685B01,7,0,1
201400049688,2014-06-30,2014,juin,lundi,18:55,69,69383,0,0,2,1,6,1,1,4,2,04,1,1,000,000,1,0,1,4,1,26,0,1,9,01,2,2,2,201400049688C01,7,22/23,2
201400049689,2014-07-03,2014,juillet,jeudi,20:15,69,69383,0,0,2,2,4,1,1,4,2,05,1,1,000,000,1,5,1,4,1,24,1,1,9,00,2,1,23,201400049689D01,10/ 7,2/16/23,3
201400049703,2014-07-26,2014,juillet,samedi,19:50,69,69383,0,0,2,1,2,1,1,4,1,02,1,1,000,000,1,0,1,4,2,51,5,1,2,01,2,1,2,201400049703B01,7,24,1
201400049705,2014-07-29,2014,juillet,mardi,15:00,69,69383,0,0,2,1,1,1,8,4,2,00,1,1,000,000,1,0,1,4,2,23,5,1,2,00,2,0,1,201400049705A01,37,2,1
201400049709,2014-08-07,2014,août,jeudi,84:5,69,69383,0,0,2,3,2,1,1,4,2,02,1,1,000,000,1,0,1,4,1,33,1,1,2,00,2,1,1,201400049709A01,7,16,1
201400049714,2014-08-26,2014,août,mardi,19:45,69,69386,0,0,2,3,3,1,1,4,1,00,1,1,000,000,1,0,1,1,1,22,5,1,2,00,2,8,2,201400049714A01,2,2,1
201400049715,2014-08-27,2014,août,mercredi,82:5,69,69386,0,0,2,2,3,1,1,4,2,03,1,1,000,000,1,0,1,4,1,33,1,1,9,00,2,7,1,201400049715B01,7,15,1
201400049716,2014-08-27,2014,août,mercredi,95:0,69,69383,0,0,2,1,3,1,1,4,1,01,1,1,000,000,1,0,1,4,1,21,4,1,2,00,2,7,1,201400049716B01,33,1,1
201400049726,2014-09-08,2014,septembre,lundi,74:5,69,69383,0,0,2,1,3,1,1,4,2,03,1,1,000,024,1,0,1,4,1,38,1,1,9,00,2,1,0,201400049726B01,99,1,1
201400049728,2014-09-09,2014,septembre,mardi,22:05,69,69386,0,0,2,1,3,5,1,4,2,03,1,1,000,000,1,0,1,3,2,63,0,1,9,00,2,0,14,201400049728B01,37,7,1
201400049733,2014-09-16,2014,septembre,mardi,80:5,69,69383,0,0,2,1,3,1,1,4,3,00,1,1,000,000,1,0,5,4,2,28,0,1,4,00,2,1,1,201400049733B01,7,22,1
201400049735,2014-09-17,2014,septembre,mercredi,15:15,69,69386,0,0,2,5,3,1,1,4,1,01,1,1,000,100,1,0,1,4,1,66,0,1,9,00,2,1,1,201400049735A01,7,1,1
201400049736,2014-09-17,2014,septembre,mercredi,13:50,69,69386,0,0,2,1,3,1,1,4,1,01,1,1,000,000,1,0,5,4,2,22,0,1,9,00,0,1,1,201400049736B01,7,22,1
201400049742,2014-09-24,2014,septembre,mercredi,82:5,69,69387,0,0,2,1,3,1,1,4,1,03,1,1,000,000,1,0,1,4,2,35,9,1,9,00,2,8,11,201400049742A01,14,1,1
201400049743,2014-09-24,2014,septembre,mercredi,17:50,69,69383,0,0,2,1,1,1,2,4,1,01,1,1,000,000,2,0,1,4,2,26,0,1,2,00,0,7,5,201400049743A01,7,0,1
201400049745,2014-09-28,2014,septembre,dimanche,14:30,69,69383,0,0,2,1,2,1,1,4,2,03,1,1,000,000,1,0,1,4,1,36,5,1,2,00,2,1,2,201400049745A01,7,0,1
201400049758,2014-10-31,2014,octobre,vendredi,64:5,69,69383,0,0,2,1,6,1,1,4,2,04,1,1,000,000,1,0,1,4,2,21,0,1,9,00,2,8,2,201400049758B01,,,
201400049764,2014-11-07,2014,novembre,vendredi,17:00,69,69383,0,0,2,1,3,1,1,4,2,04,1,1,000,000,1,0,1,4,2,29,0,1,9,00,2,8,1,201400049764A01,1,1,1
201400049764,2014-11-07,2014,novembre,vendredi,17:00,69,69383,0,0,2,1,3,1,1,4,2,04,1,1,000,000,1,0,1,1,1,21,0,1,9,00,2,1,1,201400049764B01,1,1,1
201400049771,2014-11-17,2014,novembre,lundi,73:0,69,69383,0,0,2,2,3,1,2,4,-1,00,1,1,000,000,2,0,1,4,1,31,1,1,9,00,2,8,0,201400049771B01,7,2,1
201400049778,2014-11-24,2014,novembre,lundi,19:45,69,69383,0,0,2,1,6,5,1,4,2,04,1,1,000,000,1,0,1,4,1,39,0,1,9,00,2,4,15,201400049778B01,7,2,1
201400049783,2014-11-27,2014,novembre,jeudi,18:15,69,69383,0,0,2,2,1,5,1,4,1,01,1,1,000,000,1,0,1,4,1,54,0,1,2,00,2,1,0,201400049783B01,38,0,1
201400049788,2014-12-06,2014,décembre,samedi,19:30,69,69383,0,0,2,2,3,5,2,4,1,01,1,1,000,000,2,0,1,4,1,23,0,1,2,00,2,0,2,201400049788A01,7,2,1
201400049790,2014-12-08,2014,décembre,lundi,17:05,69,69383,0,0,2,2,3,5,1,4,-1,01,-1,-1,000,000,-1,0,0,1,2,33,1,1,9,00,2,1,1,201400049790A01,33,15,1
201400049792,2014-12-03,2014,décembre,mercredi,16:05,69,69386,0,0,2,2,3,1,1,4,1,01,1,1,000,000,1,0,1,4,2,58,0,1,2,00,2,0,1,201400049792B01,7,16,1
201400049793,2014-12-09,2014,décembre,mardi,84:5,69,69386,0,0,2,2,3,1,1,4,1,04,1,1,000,140,1,0,1,4,2,24,1,1,9,00,2,8,1,201400049793B01,10,15,1
201400049794,2014-12-10,2014,décembre,mercredi,15:45,69,69387,0,0,2,1,2,1,2,4,1,03,1,1,000,000,2,0,5,4,1,24,9,1,2,01,0,1,9,201400049794B01,7,23,1
201400049798,2014-12-16,2014,décembre,mardi,12:10,69,69383,0,0,2,1,3,1,1,4,2,03,1,1,000,000,1,0,1,4,1,15,1,1,2,00,0,3,1,201400049798B01,7,1,1
201400049803,2014-12-17,2014,décembre,mercredi,19:15,69,69383,0,0,2,1,6,5,1,4,2,04,1,1,000,000,1,0,1,1,1,39,0,1,2,00,1,1,1,201400049803A01,,,
201400049808,2014-12-23,2014,décembre,mardi,13:00,69,69383,0,0,2,3,3,1,1,4,2,00,1,1,000,000,1,0,1,4,2,30,0,1,9,00,2,1,1,201400049808B01,7,15,1
201400049808,2014-12-23,2014,décembre,mardi,13:00,69,69383,0,0,2,3,3,1,1,4,2,00,1,1,000,000,1,0,1,4,1,3,0,1,9,00,2,1,1,201400049808B01,7,15,1
201400049816,2014-03-12,2014,mars,mercredi,13:45,69,69384,0,0,2,1,6,1,1,4,3,02,1,1,000,080,1,1,1,1,1,67,0,1,2,00,1,1,2,201400049816A01,,,
201400049819,2014-03-20,2014,mars,jeudi,21:20,69,69384,0,0,2,1,3,5,1,4,2,02,1,1,000,045,1,0,1,4,1,67,5,1,9,00,2,6,1,201400049819B01,7,1,1
201400049821,2014-04-01,2014,avril,mardi,13:50,69,69384,0,0,2,1,1,1,1,4,2,02,1,1,000,000,1,1,5,1,1,28,5,1,2,00,2,1,1,201400049821B01,1,17,1
201400049821,2014-04-01,2014,avril,mardi,13:50,69,69384,0,0,2,1,1,1,1,4,2,02,1,1,000,000,1,1,5,3,1,50,5,1,2,00,2,1,17,201400049821A01,1,1,1
201400049838,2014-07-10,2014,juillet,jeudi,21:26,69,69384,0,0,2,1,2,5,1,4,2,02,1,1,000,030,1,0,1,2,1,28,1,1,2,00,2,4,1,201400049838B01,7,1,1
201400049840,2014-08-06,2014,août,mercredi,19:15,69,69384,0,0,2,1,6,1,1,4,2,02,2,1,000,035,1,0,1,4,1,39,5,1,2,01,0,1,1,201400049840A01,,,
201400049843,2014-09-04,2014,septembre,jeudi,11:00,69,69384,0,0,2,1,3,1,1,4,2,02,-1,4,000,081,1,0,1,3,1,30,5,1,2,00,2,8,1,201400049843B01,7,17,1
201400049847,2014-10-08,2014,octobre,mercredi,15:00,69,69384,0,0,2,1,3,1,1,4,2,02,1,1,000,000,1,0,1,3,1,5,5,1,2,00,2,0,1,201400049847B01,30,1,1
201400049852,2014-12-11,2014,décembre,jeudi,17:05,69,69384,0,0,2,3,3,4,2,4,2,02,1,1,000,079,2,0,1,4,1,2,2,1,9,00,0,7,19,201400049852B01,7,1,1
201400050095,2014-02-12,2014,février,mercredi,16:20,69,69385,0,0,2,9,3,1,1,4,1,00,1,-1,000,000,1,0,5,4,1,32,0,1,9,00,2,1,1,201400050095B01,7,16,1
201400050112,2014-06-04,2014,juin,mercredi,12:05,69,69385,0,0,2,6,3,1,3,4,2,02,2,3,000,080,2,5,1,3,2,55,1,1,9,00,2,1,9,201400050112B01,7,9,1
201400050115,2014-06-26,2014,juin,jeudi,20:,69,69385,0,0,2,1,7,5,1,4,2,02,2,1,000,058,1,0,1,4,2,29,0,1,9,00,0,0,1,201400050115A01,,,
201400050119,2014-12-06,2014,décembre,samedi,12:30,69,69385,0,0,2,1,2,1,1,4,1,01,2,1,000,040,1,0,1,4,1,15,5,1,2,00,2,4,1,201400050119A01,7,1,1
201400050120,2014-08-06,2014,août,mercredi,13:03,69,69385,0,0,2,1,7,1,1,4,1,01,1,1,000,146,1,0,1,4,2,43,3,1,9,02,0,0,1,201400050120A01,,,
201400050125,2014-09-12,2014,septembre,vendredi,18:55,69,69385,0,0,2,1,6,1,1,4,2,03,1,1,000,094,1,0,1,4,2,40,5,1,2,00,2,1,1,201400050125B01,7,22,1
201400050222,2014-01-24,2014,janvier,vendredi,71:5,69,69387,0,0,2,2,3,5,1,4,2,04,1,1,000,000,1,0,1,4,2,47,1,1,2,00,2,0,1,201400050222B01,7,19,1
201400050225,2014-02-10,2014,février,lundi,85:0,69,69387,0,0,2,1,3,1,2,4,3,06,1,1,010,105,2,2,1,4,1,41,1,1,2,00,2,8,19,201400050225B01,32,21,1
201400050249,2014-03-28,2014,mars,vendredi,92:0,69,69387,0,0,2,1,6,1,1,4,2,03,1,1,000,000,1,0,5,1,2,23,5,1,9,00,1,1,15,201400050249A01,,,
201400050257,2014-04-08,2014,avril,mardi,10:30,69,69387,0,0,2,1,2,1,1,4,1,04,1,1,000,000,2,0,1,4,1,27,1,1,2,00,2,4,2,201400050257B01,10,2,1
201400050261,2014-04-09,2014,avril,mercredi,84:0,69,69387,0,0,2,1,1,1,1,4,2,02,1,1,000,068,1,0,1,4,1,28,1,1,9,00,2,1,5,201400050261A01,1,1,1