Num_Acc,date,an,mois,jour,hrmn,dep,com,lat,long,agg,int,col,lum,atm,catr,circ,nbv,prof,plan,lartpc,larrout,surf,infra,situ,grav,sexe,age,trajet,secuexist,equipement,obs,obsm,choc,manv,vehiculeid,typevehicules,manoeuvehicules,numVehicules
201400050261,2014-04-09,2014,avril,mercredi,84:0,69,69387,0,0,2,1,1,1,1,4,2,02,1,1,000,068,1,0,1,4,2,23,0,1,9,00,2,1,1,201400050261B01,1,5,1
201400050265,2014-04-16,2014,avril,mercredi,11:15,69,69387,0,0,2,2,3,1,1,4,2,05,1,1,000,000,1,0,1,4,2,20,2,1,9,00,2,1,19,201400050265B01,7,1,1
201400050298,2014-06-21,2014,juin,samedi,19:30,69,69387,0,0,2,1,3,1,1,4,2,02,1,1,000,000,1,0,1,4,1,49,0,1,9,00,4,7,14,201400050298A01,40,1,1
201400050305,2014-07-23,2014,juillet,mercredi,17:17,69,69387,0,0,2,1,2,1,1,4,2,02,1,1,000,000,1,0,0,4,1,34,1,1,9,00,2,6,1,201400050305B01,40,1,1
201400050328,2014-10-02,2014,octobre,jeudi,18:10,69,69387,0,0,2,2,3,1,1,4,1,01,1,1,000,098,1,0,1,4,1,57,5,1,2,00,2,7,19,201400050328A01,7,1,1
201400050335,2014-10-18,2014,octobre,samedi,12:34,69,69387,0,0,2,1,3,1,1,4,-1,00,1,3,000,000,1,2,1,4,2,42,0,1,2,00,2,1,19,201400050335B01,10,16,1
201400050338,2014-10-23,2014,octobre,jeudi,17:00,69,69387,0,0,2,1,3,1,1,4,2,02,1,1,000,000,1,0,1,4,2,22,5,1,2,00,2,1,1,201400050338B01,7,20,1
201400050340,2014-10-25,2014,octobre,samedi,17:40,69,69387,0,0,2,2,3,1,1,4,1,01,1,1,000,000,1,0,1,3,1,27,5,1,2,00,2,7,1,201400050340A01,7,1,1
201400050341,2014-10-29,2014,octobre,mercredi,15:50,69,69387,0,0,2,1,3,1,1,4,1,04,1,1,000,000,1,0,1,4,2,33,5,1,2,00,2,8,7,201400050341B01,37,7,1
201400050341,2014-10-29,2014,octobre,mercredi,15:50,69,69387,0,0,2,1,3,1,1,4,1,04,1,1,000,000,1,0,1,4,1,12,5,1,3,00,2,8,7,201400050341B01,37,7,1
201400050356,2014-11-27,2014,novembre,jeudi,11:40,69,69387,0,0,2,1,6,1,1,4,1,01,1,1,000,076,1,0,1,4,2,22,2,1,2,01,0,1,1,201400050356B01,7,24,1
201400050375,2014-01-30,2014,janvier,jeudi,18:25,69,69388,0,0,2,1,2,5,2,4,4,02,1,1,000,000,2,0,1,4,2,39,1,1,9,00,2,4,2,201400050375B01,7,1,1
201400050375,2014-01-30,2014,janvier,jeudi,18:25,69,69388,0,0,2,1,2,5,2,4,4,02,1,1,000,000,2,0,1,4,1,4,0,1,3,00,2,4,2,201400050375B01,7,1,1
201400050391,2014-03-02,2014,mars,dimanche,12:45,69,69388,0,0,2,1,6,1,1,4,1,02,1,1,041,055,1,0,1,4,2,40,5,1,2,00,2,8,19,201400050391A01,7,4,1
201400050396,2014-03-06,2014,mars,jeudi,11:45,69,69388,0,0,2,1,6,1,1,4,1,02,1,1,000,000,1,0,1,3,1,51,9,1,2,00,2,3,13,201400050396A01,7,2/23,2
201400050399,2014-03-27,2014,mars,jeudi,73:5,69,69388,0,0,2,1,6,2,1,4,1,03,1,1,000,000,1,0,1,1,1,46,0,1,4,00,1,1,1,201400050399A01,,,
201400050412,2014-04-23,2014,avril,mercredi,12:20,69,69388,0,0,2,2,3,1,1,4,1,01,1,1,000,037,1,0,1,4,1,16,5,1,2,00,2,1,19,201400050412A01,7,1,1
201400050416,2014-05-05,2014,mai,lundi,93:5,69,69388,0,0,2,3,3,1,1,4,3,02,1,1,000,000,1,0,1,4,2,47,4,1,9,00,2,3,15,201400050416A01,7,23,1
201400050417,2014-05-15,2014,mai,jeudi,14:30,69,69388,0,0,2,2,3,1,1,4,1,01,1,1,000,000,1,0,1,4,1,69,5,1,2,00,2,0,19,201400050417A01,7,1,1
201400050419,2014-05-15,2014,mai,jeudi,18:20,69,69388,0,0,2,1,6,1,6,4,-1,01,1,1,000,000,1,0,1,3,2,41,5,1,9,01,0,2,2,201400050419B01,7,22,1
201400050428,2014-06-21,2014,juin,samedi,19:25,69,69388,0,0,2,2,3,1,1,4,2,02,1,1,000,000,1,0,1,4,2,39,0,1,9,00,2,8,1,201400050428B01,2,1,1
201400050428,2014-06-21,2014,juin,samedi,19:25,69,69388,0,0,2,2,3,1,1,4,2,02,1,1,000,000,1,0,1,4,2,4,0,1,9,00,2,8,1,201400050428B01,2,1,1
201400050432,2014-07-22,2014,juillet,mardi,10:00,69,69388,0,0,2,2,1,1,2,4,1,01,1,1,000,000,2,0,1,1,2,20,4,1,2,00,2,3,1,201400050432B01,33,1,1
201400050434,2014-07-30,2014,juillet,mercredi,12:05,69,69388,0,0,2,2,3,1,2,4,2,02,1,1,000,120,2,0,1,3,2,25,9,1,2,00,2,0,1,201400050434B01,7,16,1
201400050435,2014-08-04,2014,août,lundi,90:0,69,69388,0,0,2,3,3,1,1,4,3,02,2,-1,000,000,1,5,1,4,1,48,0,1,9,00,2,1,1,201400050435B01,7,15,1
201400050443,2014-09-08,2014,septembre,lundi,84:0,69,69388,0,0,2,1,3,1,1,4,2,00,1,1,000,000,1,4,0,4,1,47,0,1,9,00,0,8,19,201400050443A01,40,1,1
201400050444,2014-09-09,2014,septembre,mardi,70:0,69,69388,0,0,2,1,3,2,8,4,1,01,1,1,000,030,1,0,1,4,1,37,0,1,2,00,2,8,2,201400050444B01,14,17,1
201400050447,2014-09-11,2014,septembre,jeudi,23:00,69,69388,0,0,2,3,3,5,1,4,1,01,1,1,000,000,1,0,1,4,2,29,5,1,9,00,2,8,15,201400050447A01,32,1,1
201400050459,2014-10-07,2014,octobre,mardi,17:40,69,69388,0,0,2,2,3,1,2,4,3,01,1,1,020,060,2,0,1,4,1,24,0,1,9,00,2,1,1,201400050459A01,7,16,1
201400050460,2014-10-13,2014,octobre,lundi,21:00,69,69388,0,0,2,3,3,4,2,4,4,03,1,1,000,000,2,0,1,4,2,22,1,1,4,00,2,8,2,201400050460B01,7,15,1
201400050477,2014-11-10,2014,novembre,lundi,21:40,69,69388,0,0,2,1,3,5,1,4,2,04,1,1,000,050,1,0,1,4,2,18,5,1,9,00,2,8,19,201400050477A01,7,1,1
201400050486,2014-11-07,2014,novembre,vendredi,17:00,69,69388,0,0,2,1,1,1,1,4,-1,03,1,1,000,000,1,0,5,3,2,29,5,1,2,00,2,1,1,201400050486A01,1,1,1
201400050486,2014-11-07,2014,novembre,vendredi,17:00,69,69388,0,0,2,1,1,1,1,4,-1,03,1,1,000,000,1,0,5,1,1,21,5,1,2,00,2,1,1,201400050486B01,1,1,1
201400050487,2014-11-21,2014,novembre,vendredi,15:20,69,69388,0,0,2,1,3,1,1,4,1,01,1,1,000,000,1,0,5,4,1,24,1,1,4,00,2,3,1,201400050487B01,7,16,1
201400050716,2014-06-13,2014,juin,vendredi,74:5,69,69029,0,0,1,1,2,1,1,1,1,03,1,1,010,115,1,0,1,3,1,35,1,1,2,00,2,1,12,201400050716A01,10,1,1
201400050725,2014-06-21,2014,juin,samedi,14:20,38,38544,45.52226,4.86897,1,6,3,1,1,2,3,02,1,1,051,079,1,5,1,2,1,77,5,1,2,00,0,8,19,201400050725B01,7,1,1
201400050755,2014-07-16,2014,juillet,mercredi,20:20,69,69152,0,0,1,1,4,1,1,1,1,03,1,1,015,140,1,0,1,1,1,26,0,1,9,00,0,0,0,201400050755T01,33/ 7,1/3,3
201400051011,2014-04-09,2014,avril,mercredi,13:00,69,69389,0,0,2,1,3,1,1,4,-1,00,1,1,000,089,1,0,4,4,1,33,9,1,9,00,2,1,1,201400051011A01,7,1,1
201400051018,2014-04-23,2014,avril,mercredi,15:45,69,69389,0,0,2,1,7,1,1,4,1,01,2,-1,000,000,1,0,1,4,1,12,5,1,9,00,0,0,0,201400051018A01,,,
201400051025,2014-06-12,2014,juin,jeudi,94:0,69,69389,0,0,2,1,6,1,1,4,2,06,1,1,000,000,1,0,1,3,2,62,1,1,9,01,0,1,1,201400051025A01,7,1,1
201400051035,2014-06-30,2014,juin,lundi,17:00,69,69389,0,0,2,1,3,1,1,4,2,02,2,1,000,071,1,0,0,3,1,11,5,1,9,00,2,2,1,201400051035B01,31,9,1
201400051038,2014-07-05,2014,juillet,samedi,13:10,69,69389,0,0,2,1,3,1,1,4,1,02,1,1,000,097,1,0,1,4,1,17,0,1,9,00,2,8,9,201400051038B01,10,1,1
201400051047,2014-09-19,2014,septembre,vendredi,17:30,69,69389,0,0,2,1,6,1,1,4,3,02,2,1,042,089,1,0,1,4,2,23,1,1,2,00,2,4,15,201400051047B01,33,17,1
201400051053,2014-09-08,2014,septembre,lundi,16:50,69,69389,0,0,2,1,7,1,1,4,2,03,1,1,000,110,1,0,1,4,2,31,5,1,2,00,0,0,1,201400051053A01,,,
201400051063,2014-09-28,2014,septembre,dimanche,17:15,69,69389,0,0,2,1,7,1,1,4,2,04,1,1,000,091,1,0,1,3,1,60,0,1,9,14,0,1,1,201400051063A01,,,
201400051078,2014-11-21,2014,novembre,vendredi,18:35,69,69389,0,0,2,1,3,5,1,4,3,02,2,1,000,100,1,0,4,4,1,18,9,1,9,00,2,8,5,201400051078A01,7,0,1
201400051669,2014-01-17,2014,janvier,vendredi,19:55,75,75101,0,0,2,1,2,5,1,4,-1,01,1,1,000,150,1,2,1,1,2,54,1,1,2,00,2,4,17,201400051669B01,32,15,1
201400051673,2014-01-22,2014,janvier,mercredi,14:30,75,75101,0,0,2,3,3,1,2,4,1,04,1,1,000,275,2,0,1,4,2,32,0,1,2,00,2,3,19,201400051673B01,34,15,1
201400051675,2014-01-25,2014,janvier,samedi,20:00,75,75101,0,0,2,1,6,5,1,4,1,02,1,1,060,060,1,0,1,1,1,27,0,1,2,00,1,1,1,201400051675A01,,,
201400051682,2014-02-03,2014,février,lundi,14:15,75,75101,0,0,2,7,3,1,1,4,1,04,1,1,000,120,1,0,1,4,1,44,1,1,2,00,2,7,16,201400051682B01,30,5,1
201400051683,2014-02-08,2014,février,samedi,16:50,75,75101,0,0,2,2,4,1,1,4,3,04,1,1,000,080,1,0,1,4,1,40,5,1,2,00,2,3,1,201400051683C01,7,14,2
201400051684,2014-02-09,2014,février,dimanche,14:45,75,75101,0,0,2,2,3,1,8,4,2,04,1,1,000,160,1,0,1,4,2,58,5,1,2,00,2,3,15,201400051684B01,7,17,1
201400051694,2014-02-17,2014,février,lundi,94:0,75,75101,0,0,2,2,3,1,8,4,1,03,1,1,010,120,1,0,1,4,2,58,1,1,2,00,2,3,7,201400051694B01,7,7,1
201400051704,2014-03-06,2014,mars,jeudi,11:50,75,75101,0,0,2,5,6,1,1,4,1,02,-1,-1,000,150,9,0,3,4,1,27,4,1,2,00,1,1,1,201400051704A01,,,
201400051709,2014-03-10,2014,mars,lundi,14:20,75,75101,0,0,2,3,2,1,1,4,1,03,-1,-1,000,080,-1,0,5,4,1,22,9,1,2,00,2,0,13,201400051709A01,7,23,1
201400051723,2014-04-08,2014,avril,mardi,74:5,75,75101,0,0,2,7,3,1,1,4,1,00,1,2,000,040,1,0,1,4,1,40,1,1,2,00,2,7,1,201400051723B01,10,9,1
201400051733,2014-05-04,2014,mai,dimanche,15:15,75,75101,0,0,2,2,2,1,1,4,1,03,1,1,000,150,1,0,1,4,2,45,5,1,2,00,2,0,2,201400051733A01,1,2,1
201400051733,2014-05-04,2014,mai,dimanche,15:15,75,75101,0,0,2,2,2,1,1,4,1,03,1,1,000,150,1,0,1,4,1,45,5,1,2,00,2,0,2,201400051733B01,1,2,1
201400051739,2014-05-18,2014,mai,dimanche,20:,75,75101,0,0,2,1,6,5,1,4,1,01,1,1,000,050,1,0,1,1,1,16,0,1,2,00,1,2,1,201400051739A01,,,
201400051744,2014-05-24,2014,mai,samedi,14:05,75,75101,0,0,2,2,7,1,2,4,1,01,1,-1,035,060,2,0,1,4,2,67,9,1,2,00,0,0,21,201400051744A01,,,
201400051756,2014-06-20,2014,juin,vendredi,20:,75,75101,0,0,2,1,1,5,1,4,1,01,1,2,000,000,1,0,1,4,1,34,0,1,2,00,2,1,5,201400051756A01,7,1,1
201400051763,2014-06-30,2014,juin,lundi,18:20,75,75101,0,0,2,7,1,1,1,4,-1,01,1,1,000,030,1,0,1,4,2,64,5,1,2,00,2,0,1,201400051763B01,7,15,1
201400051764,2014-07-01,2014,juillet,mardi,90:5,75,75101,0,0,2,1,6,1,2,4,-1,02,1,-1,000,050,2,0,0,1,1,41,1,1,2,00,1,0,1,201400051764A01,,,
201400051772,2014-07-22,2014,juillet,mardi,11:38,75,75101,0,0,2,5,6,1,1,4,1,01,1,1,030,030,1,0,0,1,1,24,0,1,2,00,1,1,16,201400051772A01,,,
201400051773,2014-07-23,2014,juillet,mercredi,92:0,75,75101,0,0,2,5,3,1,1,4,1,03,1,1,000,040,1,0,1,3,1,22,0,1,2,00,2,6,7,201400051773B01,10,16,1
201400051776,2014-07-31,2014,juillet,jeudi,11:35,75,75101,0,0,2,1,2,1,1,4,2,03,1,1,180,160,1,0,1,4,1,24,0,1,2,00,2,4,1,201400051776B01,7,23,1
201400051778,2014-07-31,2014,juillet,jeudi,20:00,75,75101,0,0,2,3,3,1,1,4,-1,04,-1,-1,000,100,1,0,0,4,2,19,1,1,2,00,2,1,7,201400051778A01,7,16,1
201400051784,2014-08-18,2014,août,lundi,18:05,75,75101,0,0,2,3,2,1,1,4,1,04,1,1,000,180,1,0,1,4,1,49,1,1,2,00,2,1,1,201400051784B01,7,22,1
201400051791,2014-08-29,2014,août,vendredi,17:25,75,75101,0,0,2,3,4,1,1,4,1,02,1,1,007,130,1,0,1,1,2,21,0,1,2,00,2,0,1,201400051791C01,7,13,1
201400051791,2014-08-29,2014,août,vendredi,17:25,75,75101,0,0,2,3,4,1,1,4,1,02,1,1,007,130,1,0,1,4,2,53,5,1,2,00,2,8,17,201400051791B01,7,13,1
201400051797,2014-09-13,2014,septembre,samedi,25:5,75,75101,0,0,2,2,3,5,1,4,1,01,1,1,000,120,-1,2,1,4,1,21,0,1,2,00,2,7,15,201400051797B01,7,1,1
201400051801,2014-09-23,2014,septembre,mardi,16:10,75,75101,0,0,2,2,3,1,1,4,2,04,1,1,000,120,1,0,1,4,1,33,5,1,2,00,2,7,15,201400051801A01,7,1,1
201400051804,2014-09-29,2014,septembre,lundi,19:25,75,75101,0,0,2,1,2,5,1,4,1,01,1,1,000,060,1,0,1,4,1,47,1,1,2,00,2,1,18,201400051804B01,7,22,1
201400051808,2014-10-10,2014,octobre,vendredi,20:30,75,75101,0,0,2,7,2,5,1,4,1,02,1,1,000,100,1,0,1,4,1,24,9,1,2,00,2,1,17,201400051808B01,7,13,1
201400051822,2014-11-06,2014,novembre,jeudi,95:0,75,75101,0,0,2,3,6,1,1,4,1,03,1,1,020,050,1,0,1,1,1,24,4,1,2,00,1,1,7,201400051822A01,7,23,1
201400051826,2014-11-12,2014,novembre,mercredi,81:5,75,75101,0,0,2,1,7,1,1,4,1,04,1,1,000,080,1,0,5,4,1,47,1,1,2,00,0,0,1,201400051826A01,,,
201400051827,2014-11-13,2014,novembre,jeudi,90:0,75,75101,0,0,2,2,1,1,1,4,-1,03,1,-1,000,132,1,0,1,4,1,42,4,1,2,00,2,1,5,201400051827A01,32,1,1
201400051864,2014-01-27,2014,janvier,lundi,10:05,75,75102,0,0,2,3,3,1,1,4,1,01,1,1,000,030,1,0,1,4,2,49,0,1,2,00,2,0,1,201400051864B01,7,17,1
201400051866,2014-02-08,2014,février,samedi,22:45,75,75102,0,0,2,1,6,5,1,4,3,03,1,1,000,120,1,0,1,4,1,28,5,1,2,00,2,2,19,201400051866B01,7,1,1
201400051873,2014-03-04,2014,mars,mardi,17:00,75,75102,0,0,2,2,3,1,1,4,1,01,1,1,085,065,1,0,1,4,1,32,5,1,2,00,2,7,1,201400051873A01,10,11,1
201400051875,2014-03-10,2014,mars,lundi,11:15,75,75101,0,0,2,3,3,1,1,4,-1,01,1,1,010,030,1,0,5,4,2,53,1,1,2,00,2,8,1,201400051875A01,7,16,1
201400051878,2014-03-15,2014,mars,samedi,21:45,75,75102,0,0,2,1,3,5,1,4,2,02,1,1,000,039,1,0,1,4,2,23,5,1,2,00,2,3,1,201400051878B01,7,1,1
201400051882,2014-04-08,2014,avril,mardi,12:50,75,75102,0,0,2,2,2,1,1,4,1,00,1,1,001,120,1,0,1,4,1,39,1,1,2,00,2,4,11,201400051882B01,32,1,1
201400051906,2014-06-17,2014,juin,mardi,16:00,75,75102,0,0,2,2,3,1,1,4,1,03,1,1,000,119,1,0,1,3,1,70,0,1,2,00,2,2,15,201400051906A01,32,1,1
201400051909,2014-06-18,2014,juin,mercredi,17:20,75,75102,0,0,2,2,2,1,1,4,2,03,1,-1,000,086,1,0,1,4,1,30,1,1,2,00,2,0,1,201400051909A01,7,23,1
201400051918,2014-07-08,2014,juillet,mardi,16:05,75,75102,0,0,2,5,3,1,1,4,2,02,1,1,000,000,2,0,1,4,1,26,0,1,2,00,2,1,1,201400051918A01,7,1,1
201400051921,2014-07-11,2014,juillet,vendredi,14:30,75,75102,0,0,2,2,3,1,2,4,1,03,1,1,000,129,2,0,1,4,1,22,4,1,2,00,2,8,7,201400051921B01,7,2,1
201400051924,2014-07-15,2014,juillet,mardi,23:50,75,75102,0,0,2,2,6,4,1,4,1,03,1,1,000,100,1,0,1,4,1,24,0,1,2,00,1,1,1,201400051924A01,,,
201400051928,2014-07-30,2014,juillet,mercredi,11:35,75,75103,0,0,2,1,3,1,1,4,1,01,1,1,000,049,1,0,1,3,1,45,1,1,2,00,2,0,1,201400051928B01,7,22,1
201400051933,2014-08-16,2014,août,samedi,15:12,75,75102,0,0,2,2,2,1,1,4,1,01,1,1,000,056,1,0,1,1,1,22,5,1,2,00,2,4,17,201400051933A01,30,15,1
201400051936,2014-08-26,2014,août,mardi,18:35,75,75102,0,0,2,1,3,1,1,4,2,03,1,1,002,030,1,0,5,4,2,28,0,1,2,00,2,1,1,201400051936B01,30,16,1
201400051952,2014-10-10,2014,octobre,vendredi,91:0,75,75102,0,0,2,2,2,1,3,4,1,01,1,1,000,063,1,0,0,4,1,55,0,1,2,00,2,4,7,201400051952B01,10,16,1
201400051954,2014-10-15,2014,octobre,mercredi,35:,75,75102,0,0,2,1,7,5,1,4,1,01,1,1,000,100,2,0,0,4,1,36,9,1,2,00,0,0,7,201400051954A01,,,
201400051991,2014-02-28,2014,février,vendredi,19:30,75,75103,0,0,2,2,3,3,2,4,1,03,1,1,006,110,2,0,1,4,1,32,0,1,2,00,2,1,5,201400051991A01,7,1,1
201400051992,2014-03-01,2014,mars,samedi,13:50,75,75103,0,0,2,1,3,1,1,4,3,06,1,1,015,130,1,0,1,4,2,30,5,1,2,00,2,1,1,201400051992B01,7,22,1
201400051994,2014-03-08,2014,mars,samedi,15:50,75,75103,0,0,2,1,3,1,1,4,1,04,1,1,000,129,1,0,1,4,2,59,5,1,2,00,2,2,1,201400051994A01,7,22,1
201400051996,2014-03-24,2014,mars,lundi,16:55,75,75103,0,0,2,1,2,1,1,4,1,02,1,1,000,060,1,0,1,3,2,60,5,1,2,00,2,8,1,201400051996B01,7,9,1
201400052005,2014-05-02,2014,mai,vendredi,81:0,75,75103,0,0,2,2,6,1,1,4,1,02,1,1,000,170,1,0,1,1,1,18,2,1,2,00,1,7,1,201400052005A01,,,
201400052006,2014-05-09,2014,mai,vendredi,93:0,75,75103,0,0,2,1,3,1,1,4,1,03,1,1,005,100,1,0,1,4,1,26,5,1,2,00,2,1,7,201400052006B01,10,16,1
201400052009,2014-05-15,2014,mai,jeudi,15:40,75,75103,0,0,2,3,2,1,1,4,1,03,1,1,000,110,1,0,1,4,1,21,5,1,2,00,2,1,11,201400052009A01,7,23,1
201400052010,2014-05-28,2014,mai,mercredi,17:55,75,75110,0,0,2,7,6,1,1,4,-1,00,1,-1,000,000,1,6,0,1,1,19,5,1,2,00,1,7,1,201400052010A01,,,
201400052017,2014-06-14,2014,juin,samedi,18:20,75,75103,0,0,2,1,2,1,1,4,1,01,1,1,000,042,1,0,1,4,2,53,5,1,2,01,2,1,1,201400052017B01,7,22,1
201400052019,2014-06-21,2014,juin,samedi,22:10,75,75103,0,0,2,1,3,5,1,4,1,03,1,1,002,120,1,0,1,4,1,32,5,1,2,00,2,1,7,201400052019B01,7,16,1
201400052021,2014-06-25,2014,juin,mercredi,40:,75,75111,0,0,2,1,7,5,1,4,1,02,1,1,000,000,1,0,1,4,1,33,5,1,2,00,0,0,1,201400052021A01,,,
201400052040,2014-08-09,2014,août,samedi,21:5,75,75104,0,0,2,3,3,5,2,4,3,01,1,-1,000,025,2,0,0,3,1,27,5,1,2,00,2,7,19,201400052040A01,7,1,1
201400052047,2014-08-30,2014,août,samedi,16:15,75,75103,0,0,2,7,2,1,1,4,2,08,1,1,000,231,1,0,1,4,1,31,5,1,2,00,2,1,2,201400052047A01,7,23,1
201400052050,2014-09-11,2014,septembre,jeudi,80:0,75,75104,0,0,2,2,3,1,1,4,1,03,1,1,010,100,1,0,1,4,2,22,1,1,2,00,2,3,7,201400052050B01,13,16,1
201400052055,2014-10-02,2014,octobre,jeudi,18:35,75,75103,0,0,2,7,2,1,1,4,2,04,1,1,030,200,1,0,1,4,1,46,5,1,2,00,2,4,15,201400052055B01,7,2,1
201400052057,2014-10-03,2014,octobre,vendredi,17:10,75,75103,0,0,2,2,3,1,1,4,1,01,1,1,000,045,1,0,1,4,1,5,5,1,2,00,2,1,5,201400052057B01,10,1,1
201400052058,2014-10-06,2014,octobre,lundi,20:10,75,75103,0,0,2,2,6,5,2,4,1,03,1,1,000,070,2,0,0,4,2,30,1,1,2,12,2,3,7,201400052058A01,37,17,1
201400052060,2014-10-09,2014,octobre,jeudi,27:,75,75103,0,0,2,7,3,5,2,4,2,05,1,1,020,210,2,0,0,4,1,32,5,1,2,00,2,1,16,201400052060B01,7,10,1
201400052067,2014-11-05,2014,novembre,mercredi,11:35,75,75103,0,0,2,2,3,1,1,4,1,03,1,1,007,100,1,0,1,4,1,36,1,1,2,00,2,1,7,201400052067B01,7,16,1
201400052069,2014-11-12,2014,novembre,mercredi,20:00,75,75103,0,0,2,3,6,5,1,4,1,03,1,1,010,150,1,0,1,4,2,26,5,1,2,00,2,8,7,201400052069A01,7,17,1
201400052076,2014-12-09,2014,décembre,mardi,10:05,75,75103,0,0,2,4,3,1,1,4,1,04,1,1,015,188,-1,0,1,4,1,42,4,1,2,00,2,8,1,201400052076B01,7,14,1
201400052077,2014-12-10,2014,décembre,mercredi,16:50,75,75109,0,0,2,2,6,1,1,4,1,02,1,1,000,770,2,5,1,4,1,45,4,1,2,00,2,8,1,201400052077A01,7,1,1
201400052088,2014-01-14,2014,janvier,mardi,84:5,75,75104,0,0,2,1,2,1,1,4,-1,00,1,1,000,000,2,0,1,4,1,23,0,1,2,01,0,0,7,201400052088B01,7,22,1
201400052089,2014-01-16,2014,janvier,jeudi,18:30,75,75104,0,0,2,7,7,5,1,4,2,04,1,1,000,090,1,0,5,4,2,66,3,1,2,00,1,0,1,201400052089A01,,,
201400052102,2014-03-05,2014,mars,mercredi,12:00,75,75104,0,0,2,1,6,1,1,4,1,03,1,1,000,100,1,0,1,4,1,64,1,1,2,00,2,1,1,201400052102B01,14,22,1
201400052106,2014-03-12,2014,mars,mercredi,91:5,75,75104,0,0,2,2,3,1,1,4,2,02,1,1,000,080,1,0,1,4,1,30,5,1,2,00,2,3,1,201400052106B01,7,16,1
201400052112,2014-03-31,2014,mars,lundi,15:30,75,75104,0,0,2,1,2,1,1,4,1,04,1,1,000,090,1,2,1,3,1,38,5,1,2,00,2,8,11,201400052112A01,37,1,1
201400052113,2014-03-31,2014,mars,lundi,18:30,75,75104,0,0,2,2,3,1,1,4,1,02,1,1,000,060,1,0,1,4,1,66,0,1,2,00,2,3,15,201400052113A01,1,1,1
201400052113,2014-03-31,2014,mars,lundi,18:30,75,75104,0,0,2,2,3,1,1,4,1,02,1,1,000,060,1,0,1,1,2,31,0,1,2,00,2,5,1,201400052113B01,1,15,1
201400052114,2014-04-02,2014,avril,mercredi,10:20,75,75104,0,0,2,2,3,1,1,4,1,00,1,1,000,095,1,0,1,4,2,22,0,1,2,00,2,0,7,201400052114B01,37,17,1
201400052122,2014-04-20,2014,avril,dimanche,18:10,75,75104,0,0,2,2,3,1,1,4,-1,03,1,1,000,120,1,0,1,1,1,30,5,1,2,00,2,1,1,201400052122A01,30,1,1
201400052126,2014-05-07,2014,mai,mercredi,20:30,75,75109,0,0,2,1,3,5,1,4,1,01,1,1,000,000,1,0,1,4,2,35,0,1,2,00,2,1,1,201400052126B01,7,22,1
201400052142,2014-06-21,2014,juin,samedi,17:20,75,75104,0,0,2,2,3,1,1,4,1,03,1,1,005,090,1,0,1,4,1,47,0,1,2,00,2,8,7,201400052142B01,7,12,1
201400052143,2014-06-24,2014,juin,mardi,19:20,75,75104,0,0,2,1,5,1,1,4,1,01,1,1,020,050,1,0,1,4,2,26,1,1,2,00,2,0,1,201400052143B01,7,1/22,2
201400052145,2014-06-26,2014,juin,jeudi,19:40,75,75104,0,0,2,1,6,1,1,4,1,01,1,1,005,030,1,0,0,4,1,26,0,1,2,00,1,1,7,201400052145A01,,,
201400052146,2014-06-27,2014,juin,vendredi,21:43,75,75104,0,0,2,4,2,5,1,4,1,01,1,-1,000,060,1,6,1,4,2,55,5,1,2,00,2,4,1,201400052146B01,7,1,1
201400052153,2014-07-05,2014,juillet,samedi,17:10,75,75104,0,0,2,3,3,1,1,4,2,05,1,1,000,180,1,0,1,4,2,42,5,1,2,00,2,4,13,201400052153B01,7,1,1
201400052171,2014-07-31,2014,juillet,jeudi,10:00,75,75104,0,0,2,2,3,1,1,4,2,04,1,1,000,120,1,0,1,4,2,53,1,1,2,00,2,3,1,201400052171A01,14,16,1
201400052177,2014-08-11,2014,août,lundi,19:10,75,75104,0,0,2,2,5,2,3,4,1,01,-1,-1,000,030,2,0,1,4,1,46,0,1,2,00,2,1,7,201400052177C01,2/ 31,1,2
201400052197,2014-10-21,2014,octobre,mardi,19:45,75,75104,0,0,2,2,7,4,2,4,-1,01,1,-1,000,100,2,0,0,1,1,37,0,1,2,00,1,0,1,201400052197A01,,,
201400052197,2014-10-21,2014,octobre,mardi,19:45,75,75104,0,0,2,2,7,4,2,4,-1,01,1,-1,000,100,2,0,0,4,2,37,5,1,2,00,1,0,1,201400052197A01,,,
201400052198,2014-10-28,2014,octobre,mardi,15:30,75,75104,0,0,2,3,3,1,1,4,1,01,1,1,000,035,1,0,1,4,2,38,0,1,2,00,2,0,23,201400052198B01,7,1,1
201400052212,2014-12-03,2014,décembre,mercredi,74:9,75,75104,0,0,2,2,6,2,2,4,2,02,1,3,000,100,2,0,5,4,2,60,1,1,2,00,2,0,1,201400052212A01,13,16,1
201400052213,2014-12-04,2014,décembre,jeudi,10:39,75,75104,0,0,2,5,3,1,1,4,1,03,1,3,000,136,1,0,1,4,2,36,1,1,2,00,2,3,7,201400052213B01,10,16,1
201400052221,2014-12-21,2014,décembre,dimanche,15:30,75,75104,0,0,2,3,3,1,8,4,4,03,1,-1,000,160,1,0,1,4,1,26,3,1,2,00,2,3,11,201400052221A01,7,1,1
201400052226,2014-01-15,2014,janvier,mercredi,19:55,75,75113,0,0,2,7,6,5,2,4,1,01,-1,-1,000,060,2,0,1,1,1,23,4,1,2,00,1,8,1,201400052226A01,,,
201400052241,2014-02-12,2014,février,mercredi,12:45,75,75105,0,0,2,2,6,1,1,4,1,01,1,1,000,050,1,0,1,1,1,60,1,1,2,00,1,7,1,201400052241A01,,,
201400052243,2014-02-18,2014,février,mardi,10:00,75,75105,0,0,2,1,6,1,1,4,-1,01,2,1,000,040,1,0,1,1,1,25,0,1,2,01,1,1,1,201400052243A01,,,
201400052250,2014-03-10,2014,mars,lundi,11:50,75,75105,0,0,2,2,6,1,1,4,-1,04,-1,-1,000,160,1,0,1,1,1,36,1,1,2,00,1,1,1,201400052250A01,,,