Num_Acc,date,an,mois,jour,hrmn,dep,com,lat,long,agg,int,col,lum,atm,catr,circ,nbv,prof,plan,lartpc,larrout,surf,infra,situ,grav,sexe,age,trajet,secuexist,equipement,obs,obsm,choc,manv,vehiculeid,typevehicules,manoeuvehicules,numVehicules
201400052253,2014-03-23,2014,mars,dimanche,23:55,75,75105,0,0,2,2,2,5,1,4,1,02,1,1,000,059,1,0,1,3,1,40,5,1,2,00,2,4,1,201400052253A01,7,16,1
201400052275,2014-05-06,2014,mai,mardi,14:20,75,75105,0,0,2,2,7,1,1,4,2,05,-1,-1,000,160,1,0,1,4,2,19,2,1,2,00,2,8,11,201400052275A01,33,1,1
201400052290,2014-05-29,2014,mai,jeudi,91:5,75,75105,0,0,2,1,7,1,1,4,2,04,2,1,000,150,8,0,1,4,2,68,0,1,2,00,0,0,7,201400052290A01,,,
201400052297,2014-06-12,2014,juin,jeudi,18:30,75,75105,0,0,2,2,7,1,1,4,1,03,1,1,000,110,1,2,1,3,1,41,5,1,2,00,0,1,1,201400052297A01,,,
201400052299,2014-06-13,2014,juin,vendredi,19:55,75,75105,0,0,2,7,6,1,1,4,1,03,1,1,007,051,1,0,1,1,1,24,5,1,2,00,1,0,7,201400052299A01,,,
201400052309,2014-07-02,2014,juillet,mercredi,18:25,75,75105,0,0,2,7,3,1,1,4,1,02,1,1,000,085,1,0,5,4,2,27,1,1,2,00,2,7,17,201400052309B01,7,22,1
201400052313,2014-08-02,2014,août,samedi,19:45,75,75105,0,0,2,5,3,1,1,4,2,02,2,1,000,070,1,0,1,4,1,23,5,1,2,00,2,1,15,201400052313A01,7,1,1
201400052317,2014-08-24,2014,août,dimanche,16:15,75,75105,0,0,2,1,4,1,1,4,2,02,1,1,000,000,1,0,1,4,1,27,5,1,2,00,2,1,1,201400052317B01,7,1/22,2
201400052323,2014-09-08,2014,septembre,lundi,91:5,75,75105,0,0,2,5,3,1,1,4,2,04,1,1,000,110,1,0,1,4,1,21,4,1,2,00,2,4,19,201400052323A01,7,7,1
201400052325,2014-09-10,2014,septembre,mercredi,94:0,75,75105,0,0,2,4,6,1,1,4,2,04,2,1,000,135,1,0,1,4,2,42,1,1,2,00,1,0,1,201400052325A01,,,
201400052329,2014-09-17,2014,septembre,mercredi,84:3,75,75105,0,0,2,2,2,1,1,4,1,02,1,1,000,120,1,0,1,4,1,34,1,1,2,00,2,3,7,201400052329B01,7,16,1
201400052333,2014-09-20,2014,septembre,samedi,25:9,75,75105,0,0,2,3,2,5,1,4,1,01,1,1,000,030,1,0,1,4,1,29,9,1,2,00,2,1,7,201400052333B01,7,16,1
201400052346,2014-10-11,2014,octobre,samedi,62:1,75,75105,0,0,2,2,3,5,2,4,1,02,1,1,000,140,2,0,1,4,2,24,9,1,2,00,2,8,19,201400052346B01,7,1,1
201400052350,2014-10-20,2014,octobre,lundi,22:00,75,75105,0,0,2,1,6,5,1,4,1,01,1,1,000,034,1,0,1,4,1,30,1,1,2,01,2,1,18,201400052350B01,7,22,1
201400052356,2014-11-06,2014,novembre,jeudi,82:5,75,75105,0,0,2,2,3,1,1,4,1,03,1,1,000,100,1,0,1,4,1,35,1,1,2,00,2,0,7,201400052356A01,10,16,1
201400052357,2014-11-08,2014,novembre,samedi,34:0,75,75105,0,0,2,2,3,5,1,4,3,02,1,1,095,095,1,5,1,4,2,20,5,1,2,00,2,7,1,201400052357A01,7,1,1
201400052358,2014-11-11,2014,novembre,mardi,20:55,75,75105,0,0,2,3,3,5,1,4,1,02,1,1,000,040,1,0,1,4,1,50,5,1,2,00,2,1,1,201400052358B01,7,15,1
201400052359,2014-11-13,2014,novembre,jeudi,94:0,75,75105,0,0,2,2,6,1,1,4,2,02,1,1,000,070,1,0,1,4,1,23,0,1,2,00,1,1,1,201400052359A01,,,
201400052369,2014-12-11,2014,décembre,jeudi,11:05,75,75105,0,0,2,3,6,1,1,4,1,03,1,1,000,080,1,0,1,1,1,26,1,1,2,00,1,1,7,201400052369A01,,,
201400052374,2014-12-16,2014,décembre,mardi,91:0,75,75105,0,0,2,1,7,1,8,4,1,01,1,1,000,000,2,0,5,4,1,40,1,1,2,00,0,0,0,201400052374A01,,,
201400052390,2014-01-09,2014,janvier,jeudi,18:40,75,75106,0,0,2,1,6,5,2,4,1,01,-1,1,000,073,-1,0,1,1,2,57,0,1,2,00,1,1,1,201400052390A01,,,
201400052391,2014-01-10,2014,janvier,vendredi,11:10,75,75106,0,0,2,2,6,1,8,4,1,02,1,1,000,070,1,0,1,1,1,29,4,1,2,00,1,1,1,201400052391A01,,,
201400052392,2014-01-11,2014,janvier,samedi,15:45,75,75106,0,0,2,5,6,1,1,4,2,04,2,1,000,144,1,0,1,4,1,26,0,1,2,00,1,1,1,201400052392A01,,,
201400052406,2014-02-13,2014,février,jeudi,83:5,75,75106,0,0,2,2,3,1,2,4,1,01,1,1,000,072,2,0,1,4,1,57,1,1,2,00,2,8,1,201400052406B01,7,15,1
201400052408,2014-02-15,2014,février,samedi,14:10,75,75106,0,0,2,3,3,1,1,4,2,02,1,-1,000,000,1,0,1,4,2,18,0,1,2,00,2,1,15,201400052408A01,7,1,1
201400052411,2014-02-25,2014,février,mardi,18:25,75,75106,0,0,2,1,7,2,1,4,1,03,1,1,000,150,1,0,1,3,1,37,0,1,2,00,0,3,7,201400052411A01,,,
201400052414,2014-03-08,2014,mars,samedi,10:30,75,75106,0,0,2,3,3,1,1,4,1,02,1,1,000,056,1,0,1,3,1,25,1,1,2,00,2,1,1,201400052414B01,7,22,1
201400052415,2014-03-08,2014,mars,samedi,20:00,75,75106,0,0,2,5,3,5,1,4,-1,03,2,1,000,000,1,0,5,4,2,26,0,1,2,00,2,1,1,201400052415B01,7,15,1
201400052420,2014-03-19,2014,mars,mercredi,12:40,75,75106,0,0,2,1,2,1,1,4,1,00,1,1,000,000,1,0,1,4,2,28,5,1,2,01,2,1,1,201400052420B01,10,22,1
201400052425,2014-04-01,2014,avril,mardi,14:55,75,75106,0,0,2,3,3,1,1,4,1,01,2,1,000,000,1,0,1,4,1,29,0,1,2,00,2,8,13,201400052425A01,37,1,1
201400052440,2014-05-16,2014,mai,vendredi,19:26,75,75106,0,0,2,2,6,1,1,4,2,02,1,1,000,000,1,0,1,4,1,27,4,1,9,00,2,0,1,201400052440B01,34,15,1
201400052442,2014-05-20,2014,mai,mardi,10:30,75,75106,0,0,2,3,6,1,1,4,1,01,1,1,091,063,1,0,1,1,1,21,2,1,2,00,1,1,1,201400052442A01,,,
201400052447,2014-05-27,2014,mai,mardi,17:50,75,75106,0,0,2,1,6,1,1,4,1,01,1,1,000,000,1,0,1,1,1,20,5,1,2,00,1,1,1,201400052447A01,,,
201400052448,2014-05-28,2014,mai,mercredi,16:40,75,75106,0,0,2,2,6,1,2,4,3,02,1,1,080,068,2,0,1,4,1,52,5,1,2,00,1,1,1,201400052448A01,,,
201400052450,2014-06-04,2014,juin,mercredi,14:44,75,75106,0,0,2,5,6,1,3,4,2,04,2,1,078,067,2,0,1,4,1,55,0,1,2,00,1,3,7,201400052450A01,,,
201400052457,2014-06-20,2014,juin,vendredi,81:0,75,75106,0,0,2,7,2,1,1,4,2,00,1,1,000,100,8,0,0,4,2,33,1,1,2,00,2,0,7,201400052457B01,1,7,1
201400052457,2014-06-20,2014,juin,vendredi,81:0,75,75106,0,0,2,7,2,1,1,4,2,00,1,1,000,100,8,0,0,4,2,53,1,1,2,00,2,0,7,201400052457A01,1,7,1
201400052458,2014-06-20,2014,juin,vendredi,17:55,75,75106,0,0,2,5,6,1,1,4,2,04,-1,1,000,083,1,0,1,1,1,43,1,1,2,00,1,1,1,201400052458A01,,,
201400052462,2014-06-26,2014,juin,jeudi,18:40,75,75106,0,0,2,2,2,1,1,4,2,01,1,1,060,060,1,5,1,4,2,44,5,1,2,00,2,0,1,201400052462B01,7,1,1
201400052471,2014-07-15,2014,juillet,mardi,84:0,75,75106,0,0,2,5,3,1,1,4,1,01,1,1,000,100,1,0,1,4,2,27,1,1,2,00,2,7,14,201400052471A01,30,1,1
201400052472,2014-07-18,2014,juillet,vendredi,18:00,75,75106,0,0,2,1,6,1,1,4,1,01,-1,1,000,000,1,0,1,1,1,38,5,1,2,00,1,1,1,201400052472A01,,,
201400052474,2014-07-24,2014,juillet,jeudi,15:38,75,75106,0,0,2,3,3,1,1,4,2,03,1,1,000,000,1,0,1,4,2,54,0,1,2,00,2,6,15,201400052474B01,32,5,1
201400052494,2014-09-26,2014,septembre,vendredi,17:40,75,75106,0,0,2,1,6,1,1,4,2,02,-1,-1,000,089,1,0,5,1,1,22,5,1,2,00,1,2,1,201400052494A01,,,
201400052498,2014-10-06,2014,octobre,lundi,12:30,75,75106,0,0,2,7,6,1,1,4,1,01,-1,-1,000,120,1,0,1,4,1,34,0,1,2,00,2,3,1,201400052498B01,10,17,1
201400052507,2014-11-04,2014,novembre,mardi,90:0,75,75106,0,0,2,1,3,1,1,4,2,02,1,1,000,069,1,0,5,4,1,47,1,1,2,00,2,1,1,201400052507B01,7,9,1
201400052513,2014-11-08,2014,novembre,samedi,13:30,75,75106,0,0,2,2,3,1,1,4,1,04,1,1,000,165,1,0,1,4,1,77,5,1,2,00,2,8,7,201400052513B01,7,17,1
201400052515,2014-11-17,2014,novembre,lundi,15:58,75,75106,0,0,2,2,3,1,2,4,1,02,1,1,000,053,2,0,1,4,1,45,0,1,2,00,2,2,1,201400052515A01,7,1,1
201400052517,2014-11-20,2014,novembre,jeudi,82:3,75,75106,0,0,2,2,3,1,1,4,2,04,1,1,000,000,1,0,1,4,1,37,1,1,2,00,2,1,7,201400052517B01,7,15,1
201400052522,2014-11-28,2014,novembre,vendredi,17:32,75,75106,0,0,2,7,2,5,1,4,1,01,1,1,000,060,1,6,1,4,2,64,4,1,2,01,2,1,1,201400052522B01,7,22,1
201400052531,2014-12-11,2014,décembre,jeudi,20:55,75,75106,0,0,2,7,6,5,1,4,1,04,1,1,000,110,1,0,1,1,2,51,1,1,2,00,1,1,1,201400052531A01,,,
201400052536,2014-12-18,2014,décembre,jeudi,14:45,75,75106,0,0,2,3,3,1,1,4,3,06,1,1,000,140,1,0,1,4,1,53,1,1,2,00,2,7,16,201400052536B01,7,1,1
201400052537,2014-12-19,2014,décembre,vendredi,12:40,75,75106,0,0,2,1,6,1,1,4,2,04,1,-1,000,080,2,0,5,1,1,23,0,1,2,00,1,1,1,201400052537A01,,,
201400052545,2014-01-22,2014,janvier,mercredi,74:5,75,75107,0,0,2,1,3,2,1,4,2,01,1,1,000,140,1,2,1,3,1,55,1,1,2,00,2,7,14,201400052545B01,32,1,1
201400052554,2014-02-11,2014,février,mardi,13:25,75,75107,0,0,2,1,3,1,1,4,2,02,1,1,000,060,1,0,1,1,1,17,2,1,2,00,2,1,9,201400052554A01,32,1,1
201400052563,2014-02-24,2014,février,lundi,95:0,75,75107,0,0,2,7,3,1,1,4,-1,00,1,1,000,000,1,0,1,1,2,66,1,1,2,00,2,8,15,201400052563B01,31,17,1
201400052565,2014-03-03,2014,mars,lundi,12:55,75,75107,0,0,2,1,7,1,1,4,1,02,1,1,000,070,1,0,4,3,2,69,0,1,2,00,0,0,1,201400052565A01,,,
201400052567,2014-03-07,2014,mars,vendredi,15:4,75,75107,0,0,2,1,2,5,1,4,2,03,1,1,022,130,1,0,1,4,1,26,0,1,2,00,2,1,2,201400052567A01,10,23,1
201400052584,2014-04-11,2014,avril,vendredi,91:5,75,75107,0,0,2,1,3,1,1,4,-1,03,1,1,000,000,1,0,1,4,1,24,1,1,2,01,2,1,1,201400052584B01,7,16,1
201400052590,2014-04-25,2014,avril,vendredi,10:40,75,75107,0,0,2,1,6,1,8,4,1,01,1,1,000,060,2,0,1,4,2,46,0,1,2,00,1,7,5,201400052590A01,,,
201400052591,2014-04-29,2014,avril,mardi,18:50,75,75106,0,0,2,3,3,2,2,4,2,01,1,1,000,100,2,0,1,4,2,37,9,1,2,00,2,7,7,201400052591A01,7,16,1
201400052592,2014-04-30,2014,avril,mercredi,12:25,75,75107,0,0,2,1,2,1,1,4,1,01,1,1,080,080,1,0,1,4,1,35,5,1,2,01,2,7,1,201400052592B01,7,22,1
201400052596,2014-05-06,2014,mai,mardi,16:36,75,75107,0,0,2,2,2,1,1,4,1,02,1,1,000,000,1,0,1,4,2,51,0,1,2,00,2,5,23,201400052596B01,7,2,1
201400052602,2014-05-15,2014,mai,jeudi,14:20,75,75107,0,0,2,1,3,1,1,4,1,01,1,1,040,040,1,0,1,4,2,52,1,1,2,00,2,7,1,201400052602B01,7,22,1
201400052603,2014-05-16,2014,mai,vendredi,11:10,75,75107,0,0,2,2,3,1,1,4,2,02,1,1,000,050,1,0,1,1,1,21,5,1,2,00,2,6,15,201400052603A01,30,1,1
201400052609,2014-05-27,2014,mai,mardi,19:10,75,75107,0,0,2,3,2,1,1,4,1,01,1,1,000,000,1,0,1,4,2,23,1,1,2,00,2,1,1,201400052609B01,7,20,1
201400052611,2014-05-30,2014,mai,vendredi,17:25,75,75107,0,0,2,1,6,1,1,4,1,02,1,1,030,110,1,0,5,4,2,14,5,1,2,00,2,0,1,201400052611A01,1,14,1
201400052613,2014-05-31,2014,mai,samedi,17:15,75,75107,0,0,2,1,7,1,1,4,1,02,4,1,000,070,1,1,5,4,1,27,5,1,2,00,0,0,1,201400052613A01,,,
201400052614,2014-06-02,2014,juin,lundi,17:50,75,75107,0,0,2,5,3,1,1,4,1,02,1,1,000,090,1,0,1,4,1,31,5,1,2,00,2,8,1,201400052614B01,7,17,1
201400052621,2014-06-12,2014,juin,jeudi,19:10,75,75107,0,0,2,1,7,1,1,4,1,04,1,1,000,100,1,0,1,4,2,22,5,1,2,00,0,0,7,201400052621A01,,,
201400052627,2014-06-17,2014,juin,mardi,16:02,75,75107,0,0,2,2,2,1,1,4,1,01,1,1,000,054,1,0,1,3,1,44,4,1,2,00,2,1,1,201400052627B01,10,4,1
201400052628,2014-06-19,2014,juin,jeudi,74:5,75,75107,0,0,2,1,2,1,1,4,1,03,1,1,000,100,1,0,1,4,1,63,1,1,2,00,2,3,7,201400052628B01,7,7,1
201400052633,2014-06-22,2014,juin,dimanche,11:40,75,75107,0,0,2,1,7,1,1,4,3,04,1,3,015,053,1,0,5,4,1,22,5,1,2,00,0,0,1,201400052633A01,,,
201400052640,2014-07-01,2014,juillet,mardi,23:30,75,75107,0,0,2,2,3,5,2,4,1,01,1,-1,000,000,1,2,5,4,2,30,0,1,2,00,2,2,19,201400052640B01,7,16,1
201400052644,2014-07-03,2014,juillet,jeudi,13:35,75,75107,0,0,2,1,3,1,1,4,1,02,1,2,000,070,1,0,1,4,1,40,4,1,2,00,2,1,1,201400052644B01,7,22,1
201400052648,2014-07-21,2014,juillet,lundi,19:25,75,75107,0,0,2,2,3,1,1,4,-1,04,1,1,000,120,1,0,1,4,2,32,5,1,2,00,2,1,7,201400052648A01,7,1,1
201400052658,2014-08-11,2014,août,lundi,17:00,75,75107,0,0,2,2,3,1,1,4,1,03,1,1,000,000,1,0,5,4,2,65,5,1,2,00,2,5,16,201400052658B01,7,16,1
201400052664,2014-08-28,2014,août,jeudi,20:00,75,75107,0,0,2,5,3,1,1,4,2,02,1,1,000,060,1,0,1,4,2,26,5,1,2,00,2,2,1,201400052664B01,7,1,1
201400052667,2014-09-09,2014,septembre,mardi,18:00,75,75107,0,0,2,7,3,1,1,4,1,02,1,1,000,080,1,0,1,1,1,35,5,1,2,00,2,0,13,201400052667A01,34,1,1
201400052668,2014-09-10,2014,septembre,mercredi,65:1,75,75107,0,0,2,2,3,1,1,4,1,04,1,1,000,000,1,0,1,4,1,38,1,1,2,00,2,1,1,201400052668B01,7,15,1
201400052671,2014-09-12,2014,septembre,vendredi,19:10,75,75107,0,0,2,2,3,1,1,4,1,02,1,1,080,080,1,0,1,4,1,35,5,1,2,00,2,1,7,201400052671A01,7,1,1
201400052672,2014-09-13,2014,septembre,samedi,16:40,75,75107,0,0,2,1,2,1,1,4,1,01,1,1,090,070,1,0,1,4,1,25,0,1,2,00,2,1,2,201400052672A01,7,2,1
201400052674,2014-09-14,2014,septembre,dimanche,11:45,75,75107,0,0,2,3,2,1,1,4,1,04,1,-1,000,100,2,0,1,4,1,46,5,1,2,00,2,7,7,201400052674A01,10,1,1
201400052683,2014-09-26,2014,septembre,vendredi,14:15,75,75107,0,0,2,2,3,1,1,4,2,01,1,3,000,000,1,0,1,3,2,22,0,1,2,12,2,8,16,201400052683B01,15,16,1
201400052692,2014-10-13,2014,octobre,lundi,13:20,75,75107,0,0,2,1,3,1,1,4,2,02,1,1,000,000,1,2,1,4,2,25,4,1,2,00,2,3,13,201400052692B01,10,1,1
201400052696,2014-10-17,2014,octobre,vendredi,14:20,75,75107,0,0,2,3,3,1,8,4,1,00,1,1,000,000,1,0,1,4,2,73,5,1,2,00,2,2,1,201400052696B01,10,22,1
201400052712,2014-11-18,2014,novembre,mardi,16:05,75,75107,0,0,2,4,6,1,2,4,1,03,1,1,000,102,2,0,5,4,1,41,1,1,2,12,0,0,13,201400052712A01,,,
201400052715,2014-11-22,2014,novembre,samedi,24:5,75,75115,0,0,2,5,2,5,1,4,2,04,1,1,000,000,1,0,1,4,2,23,0,1,2,00,2,4,2,201400052715B01,7,2,1
201400052717,2014-11-24,2014,novembre,lundi,19:15,75,75107,0,0,2,1,3,5,1,4,1,01,1,1,000,120,1,0,1,4,2,40,0,1,2,00,2,4,1,201400052717B01,7,13,1
201400052717,2014-11-24,2014,novembre,lundi,19:15,75,75107,0,0,2,1,3,5,1,4,1,01,1,1,000,120,1,0,1,4,2,21,0,1,2,00,2,4,1,201400052717B01,7,13,1
201400052723,2014-12-05,2014,décembre,vendredi,93:0,75,75107,0,0,2,7,3,1,8,4,-1,02,1,1,000,130,2,0,1,4,1,24,5,1,2,00,2,1,15,201400052723B01,7,17,1
201400052726,2014-12-10,2014,décembre,mercredi,22:00,75,75107,0,0,2,7,3,5,8,4,2,01,1,1,000,000,1,0,1,1,1,29,2,1,2,00,2,4,15,201400052726A01,30,1,1
201400052731,2014-12-14,2014,décembre,dimanche,15:00,75,75107,0,0,2,1,3,1,1,4,1,02,1,-1,000,000,1,0,0,4,2,63,5,1,2,00,2,8,1,201400052731B01,7,17,1
201400052732,2014-12-15,2014,décembre,lundi,84:5,75,75107,0,0,2,4,3,2,2,4,1,02,1,4,000,000,2,0,5,4,2,55,1,1,2,00,2,1,1,201400052732B01,7,16,1
201400052738,2014-12-22,2014,décembre,lundi,19:50,75,75107,0,0,2,3,3,5,1,4,1,01,1,1,000,060,1,0,1,4,2,40,1,1,2,00,2,8,16,201400052738B01,7,16,1
201400052740,2014-01-02,2014,janvier,jeudi,14:10,75,75108,0,0,2,7,3,1,1,4,2,00,2,1,000,240,1,0,1,1,1,42,4,1,2,00,2,6,1,201400052740B01,2,1,1
201400052740,2014-01-02,2014,janvier,jeudi,14:10,75,75108,0,0,2,7,3,1,1,4,2,00,2,1,000,240,1,0,1,4,2,35,4,1,2,00,2,6,1,201400052740B01,2,1,1
201400052747,2014-01-08,2014,janvier,mercredi,90:0,75,75108,0,0,2,1,7,1,1,4,2,04,1,1,000,120,1,0,1,4,2,55,0,1,2,00,0,1,1,201400052747A01,,,
201400052749,2014-01-11,2014,janvier,samedi,23:40,75,75108,0,0,2,2,6,5,1,4,2,02,2,1,000,000,1,0,1,4,1,25,5,1,2,00,2,7,1,201400052749A01,7,1,1
201400052760,2014-01-21,2014,janvier,mardi,14:20,75,75108,0,0,2,2,3,1,1,4,1,03,1,1,000,000,1,0,1,4,2,35,5,1,2,00,2,3,13,201400052760B01,7,7,1
201400052763,2014-01-22,2014,janvier,mercredi,22:15,75,75108,0,0,2,7,3,5,2,4,1,02,1,1,000,040,2,0,1,4,2,20,0,1,2,00,2,3,1,201400052763B01,7,1,1
201400052782,2014-02-07,2014,février,vendredi,18:45,75,75108,0,0,2,7,3,5,1,4,1,01,-1,2,000,080,1,0,1,4,1,34,5,1,2,00,9,2,1,201400052782B01,1,1,1
201400052782,2014-02-07,2014,février,vendredi,18:45,75,75108,0,0,2,7,3,5,1,4,1,01,-1,2,000,080,1,0,1,1,1,34,0,1,2,00,9,1,1,201400052782A01,1,1,1
201400052809,2014-02-28,2014,février,vendredi,14:30,75,75108,0,0,2,1,6,1,1,4,2,02,1,1,000,100,1,0,2,4,2,22,1,1,2,00,2,8,1,201400052809A01,7,16,1
201400052813,2014-03-05,2014,mars,mercredi,16:50,75,75108,0,0,2,7,3,1,1,4,1,01,1,1,000,070,1,0,1,4,1,19,4,1,2,00,2,1,1,201400052813B01,10,15,1
201400052815,2014-03-06,2014,mars,jeudi,16:55,75,75108,0,0,2,3,3,1,1,4,1,03,1,-1,000,100,1,0,1,4,2,26,5,1,2,00,2,3,13,201400052815B01,7,1,1
201400052825,2014-03-16,2014,mars,dimanche,14:20,75,75108,0,0,2,7,3,1,1,4,1,04,1,2,000,270,1,0,1,1,1,25,4,1,2,00,2,4,2,201400052825B01,30,2,1
201400052827,2014-03-18,2014,mars,mardi,18:30,75,75108,0,0,2,1,2,2,1,4,2,02,1,1,000,150,1,2,1,4,1,36,1,1,2,00,2,4,13,201400052827A01,33,1,1
201400052831,2014-03-22,2014,mars,samedi,33:4,75,75108,0,0,2,2,4,5,1,4,1,02,1,1,000,050,9,0,1,4,1,20,5,1,2,00,2,4,23,201400052831B01,7,1,1
201400052831,2014-03-22,2014,mars,samedi,33:4,75,75108,0,0,2,2,4,5,1,4,1,02,1,1,000,050,9,0,1,1,1,19,5,1,2,00,2,7,23,201400052831C01,7,1,1
201400052856,2014-04-15,2014,avril,mardi,16:35,75,75108,0,0,2,5,2,1,1,4,1,01,1,1,000,000,1,0,1,4,2,60,9,1,2,00,2,3,18,201400052856B01,7,22,1
201400052862,2014-04-21,2014,avril,lundi,14:30,75,75108,0,0,2,7,3,1,1,4,1,06,1,1,400,400,1,0,1,4,1,40,5,1,2,00,2,1,19,201400052862A01,7,1,1
201400052866,2014-04-24,2014,avril,jeudi,14:00,75,75108,0,0,2,2,3,1,1,4,2,00,2,1,000,210,1,0,1,4,2,27,5,1,2,00,2,0,19,201400052866B01,7,16,1
201400052878,2014-04-30,2014,avril,mercredi,83:5,75,75108,0,0,2,3,2,1,1,4,1,01,1,1,000,090,1,0,0,4,2,39,0,1,2,01,2,1,1,201400052878B01,7,22,1
201400052904,2014-05-30,2014,mai,vendredi,15:15,75,75108,0,0,2,5,3,1,1,4,1,04,1,1,000,220,1,0,1,4,1,27,5,1,2,00,2,1,18,201400052904B01,7,22,1
201400052907,2014-06-02,2014,juin,lundi,90:0,75,75108,0,0,2,1,3,1,1,4,1,04,1,1,120,120,1,0,1,4,1,36,1,1,2,00,2,1,1,201400052907B01,14,22,1
201400052946,2014-07-02,2014,juillet,mercredi,73:0,75,75108,0,0,2,5,3,1,1,4,1,02,1,1,000,050,1,0,5,3,1,60,5,1,2,00,2,0,1,201400052946B01,13,16,1
201400052952,2014-07-06,2014,juillet,dimanche,14:05,75,75108,0,0,2,2,6,1,3,4,1,02,2,1,000,050,2,0,1,4,2,29,1,1,2,00,1,7,15,201400052952A01,,,
201400052954,2014-07-08,2014,juillet,mardi,19:00,75,75108,0,0,2,1,3,1,2,4,1,03,1,2,000,100,2,0,1,4,2,61,0,1,2,00,2,7,1,201400052954B01,37,13,1
201400052965,2014-07-22,2014,juillet,mardi,13:50,75,75108,0,0,2,2,3,1,1,4,1,02,1,1,100,100,1,0,1,4,1,25,0,1,2,00,2,1,1,201400052965B01,7,10,1
201400052970,2014-07-30,2014,juillet,mercredi,13:10,75,75108,0,0,2,7,3,1,1,4,2,04,1,1,000,120,1,0,1,4,1,60,5,1,2,00,2,1,1,201400052970A01,33,1,1
201400052981,2014-08-13,2014,août,mercredi,20:15,75,75108,0,0,2,5,2,1,8,4,-1,02,1,-1,000,000,-1,0,5,4,1,34,0,1,2,01,2,7,1,201400052981B01,7,22,1
201400052995,2014-08-30,2014,août,samedi,18:15,75,75108,0,0,2,7,6,1,1,4,1,04,1,-1,000,160,1,0,1,4,1,31,1,1,2,00,2,7,1,201400052995A01,30,1,1
201400053006,2014-09-13,2014,septembre,samedi,17:00,75,75108,0,0,2,7,6,1,1,4,1,01,1,1,000,000,1,0,1,4,1,18,0,1,2,00,1,1,16,201400053006A01,,,
201400053010,2014-09-16,2014,septembre,mardi,20:15,75,75108,0,0,2,1,6,1,1,4,2,01,2,2,000,000,1,0,4,4,2,52,1,1,2,12,0,0,13,201400053010A01,,,
201400053020,2014-09-27,2014,septembre,samedi,92:0,75,75108,0,0,2,7,6,1,1,4,-1,03,1,3,000,000,1,0,1,4,2,24,1,1,2,00,2,3,1,201400053020A01,7,17,1
201400053021,2014-09-27,2014,septembre,samedi,14:30,75,75108,0,0,2,2,3,1,1,4,1,01,1,1,000,070,1,0,1,4,1,26,5,1,2,00,2,1,1,201400053021A01,7,1,1
201400053023,2014-09-29,2014,septembre,lundi,74:5,75,75108,0,0,2,1,7,2,1,4,2,03,2,1,000,060,2,0,1,4,1,15,2,1,2,00,0,1,21,201400053023A01,,,
201400053029,2014-10-01,2014,octobre,mercredi,18:45,75,75108,0,0,2,1,2,1,7,4,1,00,1,1,000,100,1,0,1,4,1,38,1,1,2,00,2,5,2,201400053029B01,10,2,1
201400053040,2014-10-07,2014,octobre,mardi,19:00,75,75108,0,0,2,1,2,5,1,4,1,02,1,1,000,080,1,0,1,4,1,52,4,1,2,00,2,7,1,201400053040B01,7,22,1
201400053048,2014-10-15,2014,octobre,mercredi,12:45,75,75108,0,0,2,7,3,1,2,4,1,04,1,1,000,250,2,0,1,4,1,20,9,1,2,00,2,4,1,201400053048B01,7,1,1
201400053056,2014-10-19,2014,octobre,dimanche,19:45,75,75108,0,0,2,7,3,5,1,4,2,06,1,1,000,200,1,0,1,4,2,42,5,1,2,00,2,6,1,201400053056B01,33,1,1
201400053064,2014-10-24,2014,octobre,vendredi,13:30,75,75108,0,0,2,1,4,1,1,4,2,04,1,1,000,100,1,0,1,4,1,26,4,1,2,00,2,1,1,201400053064B01,10/ 7,1/22,2
201400053065,2014-10-29,2014,octobre,mercredi,15:05,75,75108,0,0,2,1,3,1,1,4,1,01,1,1,000,050,1,0,1,4,2,30,5,1,2,00,2,1,5,201400053065A01,7,9,1
201400053066,2014-10-30,2014,octobre,jeudi,10:20,75,75108,0,0,2,7,3,1,1,4,1,02,1,1,000,000,1,0,1,4,2,12,5,1,2,00,2,7,19,201400053066B01,10,1,1
201400053078,2014-11-10,2014,novembre,lundi,19:40,75,75108,0,0,2,7,3,5,1,4,1,01,1,1,000,120,1,0,1,4,1,42,5,1,2,00,2,8,19,201400053078B01,7,16,1
201400053123,2014-12-12,2014,décembre,vendredi,80:0,75,75108,0,0,2,1,3,1,2,4,2,02,1,1,000,120,2,0,1,4,1,47,1,1,2,00,2,1,1,201400053123B01,7,10,1
201400053127,2014-12-16,2014,décembre,mardi,40:,75,75108,0,0,2,2,3,5,1,4,1,01,1,1,000,050,2,0,1,4,2,19,0,1,2,00,0,8,19,201400053127B01,7,16,1
201400053150,2014-01-17,2014,janvier,vendredi,23:0,75,75109,0,0,2,3,3,5,1,4,1,02,1,1,000,080,1,0,1,4,2,25,5,1,2,00,2,1,16,201400053150A01,7,1,1
201400053164,2014-02-06,2014,février,jeudi,82:5,75,75109,0,0,2,1,6,1,1,4,1,02,1,1,000,070,1,0,1,4,1,23,0,1,2,01,0,1,13,201400053164A01,,,
201400053167,2014-02-11,2014,février,mardi,19:30,75,75109,0,0,2,1,2,5,2,4,1,02,2,1,000,090,2,0,1,4,1,45,0,1,2,01,0,1,17,201400053167B01,10,22,1
201400053185,2014-03-20,2014,mars,jeudi,17:10,75,75109,0,0,2,7,6,1,1,4,-1,01,2,1,050,050,1,0,1,1,1,43,0,1,2,00,1,0,1,201400053185A01,,,