Num_Acc,date,an,mois,jour,hrmn,dep,com,lat,long,agg,int,col,lum,atm,catr,circ,nbv,prof,plan,lartpc,larrout,surf,infra,situ,grav,sexe,age,trajet,secuexist,equipement,obs,obsm,choc,manv,vehiculeid,typevehicules,manoeuvehicules,numVehicules
201400053192,2014-04-04,2014,avril,vendredi,92:0,75,75109,0,0,2,1,6,1,1,4,1,01,2,1,000,000,1,0,5,3,1,44,4,1,2,12,0,7,14,201400053192A01,,,
201400053198,2014-04-15,2014,avril,mardi,93:5,75,75109,0,0,2,1,2,1,1,4,2,03,1,1,000,100,1,0,1,3,2,26,0,1,2,00,2,3,13,201400053198B01,7,17,1
201400053203,2014-04-27,2014,avril,dimanche,22:0,75,75109,0,0,2,1,6,5,1,4,1,01,2,1,000,000,2,0,1,1,1,25,5,1,2,00,1,1,7,201400053203A01,,,
201400053223,2014-06-12,2014,juin,jeudi,17:50,75,75109,0,0,2,2,2,1,1,4,1,01,1,1,020,040,1,0,1,4,1,51,0,1,2,00,2,3,15,201400053223B01,34,17,1
201400053225,2014-06-16,2014,juin,lundi,18:20,75,75109,0,0,2,3,6,1,1,4,1,01,4,2,000,040,2,0,0,1,1,19,2,1,2,00,1,1,7,201400053225A01,,,
201400053226,2014-06-18,2014,juin,mercredi,12:35,75,75109,0,0,2,3,7,1,1,4,1,01,1,1,000,050,1,0,1,4,2,30,4,1,2,00,0,1,21,201400053226A01,,,
201400053244,2014-08-16,2014,août,samedi,15:00,75,75109,0,0,2,2,3,1,1,4,1,01,2,1,000,070,1,0,1,4,2,19,4,1,2,00,2,1,1,201400053244A01,32,1,1
201400053261,2014-09-29,2014,septembre,lundi,21:00,75,75109,0,0,2,5,3,5,2,4,1,01,1,-1,000,030,2,0,0,4,1,23,4,1,2,00,2,3,1,201400053261B01,7,1,1
201400053263,2014-10-01,2014,octobre,mercredi,17:35,75,75109,0,0,2,1,3,1,1,4,1,01,1,1,000,150,1,0,1,4,2,28,0,1,2,00,2,1,1,201400053263B01,7,22,1
201400053266,2014-10-07,2014,octobre,mardi,11:55,75,75109,0,0,2,1,2,1,8,4,1,01,1,1,000,000,1,0,1,4,2,34,0,1,2,00,2,1,1,201400053266B01,7,15,1
201400053267,2014-10-07,2014,octobre,mardi,12:40,75,75109,0,0,2,7,2,1,1,4,1,03,1,-1,000,050,1,0,1,3,1,65,0,1,2,00,2,0,16,201400053267B01,14,23,1
201400053272,2014-10-20,2014,octobre,lundi,90:0,75,75109,0,0,2,2,6,1,1,4,1,03,1,1,000,000,1,0,1,1,1,31,4,1,2,00,1,1,5,201400053272A01,,,
201400053289,2014-11-23,2014,novembre,dimanche,19:50,75,75109,0,0,2,2,3,5,1,4,1,02,1,1,000,000,1,0,1,4,1,27,5,1,2,00,2,2,1,201400053289A01,7,1,1
201400053310,2014-01-05,2014,janvier,dimanche,14:20,75,75110,0,0,2,1,3,1,1,4,2,02,1,1,005,070,1,0,5,4,2,63,5,1,2,00,2,1,1,201400053310B01,7,22,1
201400053328,2014-01-31,2014,janvier,vendredi,13:30,75,75110,0,0,2,1,2,1,1,4,2,02,1,1,000,150,2,0,1,4,1,57,1,1,2,01,2,1,1,201400053328B01,7,22,1
201400053337,2014-02-14,2014,février,vendredi,20:45,75,75110,0,0,2,4,6,5,1,4,2,02,2,1,000,035,1,0,1,4,1,40,5,1,2,00,1,1,21,201400053337B01,7,17,1
201400053342,2014-02-18,2014,février,mardi,15:30,75,75110,0,0,2,7,6,1,1,4,1,01,1,1,000,060,1,0,1,1,1,32,5,1,2,00,1,1,21,201400053342A01,,,
201400053354,2014-03-13,2014,mars,jeudi,19:15,75,75110,0,0,2,1,6,5,1,4,-1,04,2,1,000,120,1,0,5,4,1,36,1,1,2,08,2,1,1,201400053354A01,7,22,1
201400053356,2014-03-17,2014,mars,lundi,18:50,75,75110,0,0,2,1,3,5,1,4,2,04,1,1,000,000,1,0,1,4,1,51,1,1,2,00,2,1,1,201400053356B01,7,22,1
201400053372,2014-04-08,2014,avril,mardi,21:15,75,75110,0,0,2,1,2,5,1,4,1,02,1,1,000,070,1,0,1,4,1,28,1,1,2,01,2,1,1,201400053372B01,7,22,1
201400053373,2014-04-11,2014,avril,vendredi,92:0,75,75110,0,0,2,1,7,1,1,4,1,01,1,1,000,020,1,0,3,4,2,47,1,1,2,00,0,0,21,201400053373A01,,,
201400053374,2014-04-14,2014,avril,lundi,15:30,75,75110,0,0,2,4,1,1,1,4,2,04,1,-1,020,020,1,0,1,3,1,22,0,1,2,00,2,1,7,201400053374B01,7,13,1
201400053375,2014-04-14,2014,avril,lundi,16:45,75,75110,0,0,2,4,6,1,1,4,3,04,1,1,000,000,1,0,5,4,1,25,4,1,2,00,2,1,1,201400053375A01,7,16,1
201400053376,2014-04-15,2014,avril,mardi,10:00,75,75110,0,0,2,1,2,2,1,4,1,03,1,1,000,045,1,0,5,4,1,35,5,1,2,01,2,1,7,201400053376B01,10,23,1
201400053384,2014-05-02,2014,mai,vendredi,14:10,75,75110,0,0,2,5,1,1,2,4,2,02,1,1,000,040,2,0,5,4,2,54,9,1,2,00,2,1,1,201400053384B01,31,1,1
201400053406,2014-06-06,2014,juin,vendredi,19:20,75,75110,0,0,2,1,3,1,1,4,2,02,1,1,000,100,1,0,1,4,1,20,5,1,2,00,2,1,18,201400053406B01,7,22,1
201400053416,2014-06-15,2014,juin,dimanche,17:00,75,75110,0,0,2,1,2,1,1,4,2,02,1,1,120,060,1,0,1,4,1,46,5,1,2,00,2,1,1,201400053416A01,7,23,1
201400053417,2014-06-15,2014,juin,dimanche,18:30,75,75110,0,0,2,1,2,1,1,4,2,03,1,1,000,120,1,0,1,4,1,36,5,1,2,00,2,0,1,201400053417B01,7,22,1
201400053419,2014-06-17,2014,juin,mardi,93:0,75,75110,0,0,2,1,3,1,1,4,-1,02,-1,1,000,060,1,0,1,4,1,56,1,1,2,00,2,1,17,201400053419B01,10,10,1
201400053422,2014-06-25,2014,juin,mercredi,82:0,75,75110,0,0,2,1,6,1,1,4,2,02,1,2,000,040,1,0,5,1,1,30,1,1,2,00,1,1,1,201400053422A01,,,
201400053423,2014-06-26,2014,juin,jeudi,15:50,75,75110,0,0,2,1,1,1,7,4,2,02,1,1,000,000,1,0,1,4,1,35,5,1,2,00,2,4,1,201400053423B01,7,6,1
201400053434,2014-07-15,2014,juillet,mardi,10:30,75,75110,0,0,2,1,3,1,1,4,1,01,1,1,000,060,1,0,1,4,2,33,1,1,2,00,2,1,1,201400053434B01,7,22,1
201400053438,2014-07-18,2014,juillet,vendredi,92:0,75,75110,0,0,2,2,3,1,1,4,2,04,1,1,000,250,1,0,1,4,1,58,1,1,2,00,2,1,18,201400053438A01,7,22,1
201400053441,2014-07-22,2014,juillet,mardi,10:00,75,75110,0,0,2,3,1,1,1,4,1,00,1,1,000,000,1,0,5,4,1,26,0,1,2,00,2,1,16,201400053441B01,32,1,1
201400053444,2014-07-24,2014,juillet,jeudi,22:30,75,75110,0,0,2,5,3,5,1,4,1,02,-1,1,000,070,1,0,1,4,1,44,1,1,2,00,2,1,5,201400053444A01,30,1,1
201400053449,2014-07-29,2014,juillet,mardi,10:15,75,75110,0,0,2,2,3,1,1,4,2,04,1,1,000,100,1,0,1,4,1,27,0,1,2,00,2,1,7,201400053449B01,10,22,1
201400053453,2014-08-06,2014,août,mercredi,10:8,75,75110,0,0,2,1,6,1,1,4,2,,1,1,000,150,1,0,5,4,2,60,0,1,2,00,2,7,19,201400053453A01,2,1,1
201400053455,2014-08-13,2014,août,mercredi,11:0,75,75110,0,0,2,2,3,5,1,4,1,04,2,1,160,100,1,0,1,4,1,22,0,1,2,00,2,6,1,201400053455A01,7,1,1
201400053470,2014-09-12,2014,septembre,vendredi,15:10,75,75110,0,0,2,2,6,1,1,4,1,00,1,1,000,000,1,0,1,1,1,45,1,1,2,00,1,3,7,201400053470A01,,,
201400053471,2014-09-13,2014,septembre,samedi,14:30,75,75110,0,0,2,3,4,1,1,4,1,03,1,1,005,100,2,0,1,4,1,46,4,1,2,00,2,1,3,201400053471A01,7,9/2,2
201400053479,2014-09-20,2014,septembre,samedi,14:35,75,75110,0,0,2,2,6,1,1,4,2,02,1,1,000,070,1,0,1,1,1,,5,1,2,00,1,2,1,201400053479A01,,,
201400053481,2014-09-22,2014,septembre,lundi,92:5,75,75110,0,0,2,2,3,1,1,4,2,04,1,1,000,120,1,0,1,4,1,30,0,1,2,00,2,8,15,201400053481A01,7,1,1
201400053482,2014-09-25,2014,septembre,jeudi,90:5,75,75110,0,0,2,2,1,1,1,4,1,01,1,1,000,050,1,0,1,4,2,35,1,1,2,01,2,1,5,201400053482B01,34,14,1
201400053485,2014-09-26,2014,septembre,vendredi,19:15,75,75110,0,0,2,2,6,2,1,4,4,01,1,1,000,040,1,0,1,4,1,24,0,1,2,00,1,1,5,201400053485A01,,,
201400053490,2014-10-07,2014,octobre,mardi,19:00,75,75110,0,0,2,3,6,2,1,4,2,03,1,1,020,120,1,0,5,1,1,59,5,1,2,00,1,1,1,201400053490A01,,,
201400053493,2014-10-09,2014,octobre,jeudi,19:00,75,75110,0,0,2,1,2,5,2,4,2,02,1,1,000,000,1,0,1,4,2,69,5,1,2,00,2,1,1,201400053493B01,7,4,1
201400053502,2014-10-17,2014,octobre,vendredi,10:00,75,75110,0,0,2,2,3,1,1,4,1,02,1,1,000,060,1,0,0,4,1,32,1,1,2,00,2,1,1,201400053502B01,10,16,1
201400053508,2014-10-30,2014,octobre,jeudi,82:5,75,75110,0,0,2,2,3,1,1,4,1,01,1,1,000,030,-1,5,1,4,1,27,0,1,2,00,2,1,7,201400053508B01,7,15,1
201400053518,2014-11-05,2014,novembre,mercredi,18:25,75,75110,0,0,2,1,3,5,1,4,2,02,1,1,000,000,1,0,1,4,2,41,5,1,2,00,2,1,1,201400053518B01,7,22,1
201400053522,2014-11-10,2014,novembre,lundi,15:40,75,75110,0,0,2,1,6,1,1,4,2,00,1,1,000,300,1,0,5,4,2,39,0,1,2,02,0,1,21,201400053522A01,,,
201400053529,2014-11-19,2014,novembre,mercredi,16:00,75,75110,0,0,2,1,6,1,1,4,2,01,1,1,000,070,1,0,1,1,1,40,5,1,2,00,1,1,1,201400053529A01,,,
201400053534,2014-11-24,2014,novembre,lundi,19:15,75,75110,0,0,2,1,6,5,1,4,1,02,1,1,003,050,1,0,5,1,1,18,4,1,2,00,1,1,1,201400053534A01,,,
201400053535,2014-11-26,2014,novembre,mercredi,10:50,75,75110,0,0,2,3,6,1,1,4,1,00,1,1,000,000,2,0,1,4,1,44,4,1,2,01,2,1,1,201400053535B01,10,22,1
201400053559,2014-12-29,2014,décembre,lundi,17:25,75,75110,0,0,2,1,2,5,1,4,1,04,1,1,000,000,1,0,1,4,1,42,0,1,2,01,2,1,7,201400053559B01,7,22,1
201400053564,2014-01-08,2014,janvier,mercredi,13:40,75,75111,0,0,2,2,3,1,1,4,1,01,1,1,000,070,1,0,1,1,1,21,5,1,2,00,2,1,5,201400053564A01,30,1,1
201400053568,2014-01-11,2014,janvier,samedi,16:10,75,75111,0,0,2,1,1,1,1,4,2,01,1,1,000,040,1,0,1,1,1,20,5,1,2,00,2,1,5,201400053568A01,1,1,1
201400053568,2014-01-11,2014,janvier,samedi,16:10,75,75111,0,0,2,1,1,1,1,4,2,01,1,1,000,040,1,0,1,4,1,47,5,1,2,00,2,1,1,201400053568B01,1,5,1
201400053574,2014-01-17,2014,janvier,vendredi,95:0,75,75111,0,0,2,3,3,1,1,4,1,01,1,1,000,070,1,0,1,4,2,26,1,1,2,00,2,7,5,201400053574A01,7,15,1
201400053575,2014-01-17,2014,janvier,vendredi,14:25,75,75111,0,0,2,2,6,1,1,4,2,02,1,1,000,120,1,0,1,1,1,29,4,1,2,00,1,8,1,201400053575A01,,,
201400053585,2014-01-24,2014,janvier,vendredi,21:25,75,75111,0,0,2,5,3,5,8,4,1,01,1,1,000,050,2,0,1,1,1,28,0,1,2,00,2,1,1,201400053585A01,32,1,1
201400053592,2014-02-03,2014,février,lundi,20:40,75,75111,0,0,2,1,3,5,1,4,2,02,2,1,000,160,1,0,1,4,2,23,1,1,2,00,2,1,1,201400053592B01,33,9,1
201400053597,2014-02-08,2014,février,samedi,23:32,75,75111,0,0,2,7,6,5,1,4,1,02,1,1,000,100,1,0,1,4,1,69,5,1,2,00,2,8,1,201400053597A01,7,15,1
201400053602,2014-02-12,2014,février,mercredi,14:20,75,75111,0,0,2,3,2,1,1,4,1,01,2,1,000,030,1,0,1,4,1,34,5,1,2,00,2,1,1,201400053602B01,7,1,1
201400053616,2014-02-28,2014,février,vendredi,14:20,75,75111,0,0,2,1,2,1,1,4,1,01,1,1,000,070,1,0,1,4,1,36,5,1,2,00,2,0,1,201400053616A01,7,4,1
201400053625,2014-03-07,2014,mars,vendredi,84:0,75,75111,0,0,2,3,3,1,1,4,2,02,2,1,000,160,1,0,1,4,1,31,5,1,2,00,2,0,1,201400053625B01,10,22,1
201400053632,2014-03-11,2014,mars,mardi,82:5,75,75111,0,0,2,3,6,1,1,4,1,01,1,1,000,040,1,0,1,4,1,45,1,1,2,01,2,1,21,201400053632B01,10,1/22,2
201400053645,2014-03-28,2014,mars,vendredi,90:0,75,75111,0,0,2,1,6,1,1,4,1,02,1,1,008,060,1,0,1,1,1,40,1,1,2,00,1,0,1,201400053645A01,,,
201400053647,2014-03-31,2014,mars,lundi,17:35,75,75111,0,0,2,2,7,1,1,4,2,02,1,1,000,150,1,0,1,4,1,30,5,1,2,00,0,1,1,201400053647A01,,,
201400053670,2014-04-23,2014,avril,mercredi,73:5,75,75111,0,0,2,1,3,1,1,4,2,02,1,1,000,045,1,0,1,4,1,63,0,1,2,00,2,4,7,201400053670B01,10,14,1
201400053671,2014-04-23,2014,avril,mercredi,18:10,75,75111,0,0,2,3,6,1,1,4,2,01,1,1,000,150,1,0,4,1,1,16,5,1,2,00,1,1,1,201400053671A01,,,
201400053677,2014-04-29,2014,avril,mardi,11:30,75,75111,0,0,2,6,2,1,1,4,2,02,1,1,000,120,1,5,1,4,2,46,0,1,2,00,2,3,15,201400053677A01,7,1,1
201400053690,2014-05-05,2014,mai,lundi,19:45,75,75111,0,0,2,2,3,1,1,4,2,02,1,1,000,000,1,0,1,4,2,25,1,1,2,00,2,8,13,201400053690B01,3,17,1
201400053706,2014-05-19,2014,mai,lundi,10:05,75,75111,0,0,2,1,3,1,1,4,1,01,1,1,000,030,1,0,1,4,1,27,1,1,2,00,2,1,1,201400053706B01,10,9,1
201400053711,2014-05-22,2014,mai,jeudi,15:55,75,75111,0,0,2,1,2,1,1,4,2,02,1,1,000,120,1,0,1,4,1,52,4,1,2,01,2,1,1,201400053711B01,7,22,1
201400053712,2014-05-22,2014,mai,jeudi,20:25,75,75111,0,0,2,1,6,1,1,4,1,01,2,1,000,053,1,0,1,4,1,32,9,1,2,00,2,0,1,201400053712A01,34,5,1
201400053726,2014-06-05,2014,juin,jeudi,10:,75,75111,0,0,2,5,3,5,1,4,1,02,1,1,000,100,1,0,1,3,2,26,0,1,2,00,2,1,1,201400053726A01,10,1,1
201400053729,2014-06-08,2014,juin,dimanche,14:25,75,75111,0,0,2,7,3,1,1,4,-1,01,-1,1,000,070,1,0,1,4,2,26,5,1,2,00,2,7,1,201400053729A01,33,1,1
201400053732,2014-06-13,2014,juin,vendredi,84:5,75,75111,0,0,2,5,6,1,1,4,1,01,2,1,000,030,1,0,1,4,1,25,1,1,2,00,1,1,1,201400053732A01,,,
201400053736,2014-06-17,2014,juin,mardi,70:0,75,75111,0,0,2,2,3,1,1,4,1,01,2,1,000,050,1,0,0,4,1,36,1,1,2,00,2,0,1,201400053736A01,7,1,1
201400053739,2014-06-18,2014,juin,mercredi,81:5,75,75111,0,0,2,7,3,1,1,4,2,02,2,1,000,070,1,0,1,4,2,34,0,1,2,00,2,3,1,201400053739B01,10,16,1
201400053741,2014-06-18,2014,juin,mercredi,19:45,75,75111,0,0,2,1,3,2,1,4,1,01,1,1,000,050,1,0,5,4,1,38,1,1,2,00,2,7,5,201400053741B01,7,9,1
201400053742,2014-06-19,2014,juin,jeudi,18:40,75,75111,0,0,2,2,6,1,1,4,2,02,1,1,000,180,1,0,1,4,1,22,5,1,2,00,1,1,1,201400053742A01,,,
201400053744,2014-06-23,2014,juin,lundi,19:40,75,75111,0,0,2,2,2,1,1,4,2,00,1,1,000,107,1,0,1,4,2,36,1,1,2,01,2,2,1,201400053744B01,10,22,1
201400053746,2014-06-26,2014,juin,jeudi,13:05,75,75111,0,0,2,7,3,1,1,4,1,01,-1,3,080,140,1,0,1,4,2,64,5,1,2,00,2,1,11,201400053746A01,7,1,1
201400053750,2014-06-29,2014,juin,dimanche,14:30,75,75111,0,0,2,2,3,1,2,4,2,02,2,1,000,060,2,0,1,4,1,15,5,1,2,00,2,1,1,201400053750A01,7,1,1
201400053754,2014-07-03,2014,juillet,jeudi,11:30,75,75111,0,0,2,1,3,1,1,4,1,02,2,1,000,060,1,0,1,1,1,24,5,1,2,00,2,3,13,201400053754A01,33,1,1
201400053763,2014-07-14,2014,juillet,lundi,11:10,75,75111,0,0,2,1,3,1,1,4,2,02,2,1,000,170,1,0,1,4,1,34,0,1,2,00,2,1,1,201400053763B01,7,22,1
201400053764,2014-07-15,2014,juillet,mardi,12:30,75,75111,0,0,2,1,2,1,1,4,2,02,2,1,000,120,1,0,1,4,1,42,9,1,2,00,2,1,2,201400053764A01,7,12,1
201400053767,2014-07-19,2014,juillet,samedi,18:50,75,75112,0,0,2,7,6,1,1,4,2,02,1,1,050,200,1,0,1,1,1,34,5,1,2,00,1,1,1,201400053767A01,,,
201400053768,2014-07-20,2014,juillet,dimanche,55:5,75,75111,0,0,2,5,3,2,2,4,-1,02,1,1,000,000,2,5,1,4,1,20,0,1,2,00,2,7,1,201400053768B01,7,1,1
201400053769,2014-07-20,2014,juillet,dimanche,17:05,75,75111,0,0,2,3,3,1,1,4,2,02,1,1,000,150,2,0,1,4,2,35,5,1,2,00,2,1,1,201400053769B01,7,22,1
201400053770,2014-07-21,2014,juillet,lundi,11:10,75,75112,0,0,2,3,6,1,1,4,2,02,1,1,000,100,1,0,1,1,1,21,5,1,2,00,1,1,1,201400053770A01,,,
201400053776,2014-07-26,2014,juillet,samedi,14:45,75,75111,0,0,2,2,3,1,1,4,3,04,1,1,000,140,1,0,5,4,1,47,5,1,2,00,2,8,1,201400053776B01,7,15,1
201400053778,2014-07-29,2014,juillet,mardi,19:00,75,75111,0,0,2,3,3,1,1,4,2,03,1,1,000,060,1,0,1,4,2,27,0,1,2,00,2,0,10,201400053778A01,34,1,1
201400053785,2014-08-09,2014,août,samedi,20:25,75,75111,0,0,2,7,6,2,1,4,1,04,1,-1,000,150,9,0,1,4,2,67,5,1,2,00,2,4,1,201400053785A01,7,13,1
201400053788,2014-08-11,2014,août,lundi,13:45,75,75111,0,0,2,1,6,1,1,4,1,02,1,1,000,120,1,0,5,1,2,42,0,1,2,00,1,1,1,201400053788A01,,,
201400053791,2014-08-12,2014,août,mardi,19:30,75,75111,0,0,2,5,6,1,2,4,2,02,1,1,000,080,2,0,5,1,1,41,5,1,2,00,1,1,5,201400053791A01,,,
201400053794,2014-08-20,2014,août,mercredi,21:00,75,75111,0,0,2,5,6,2,1,4,1,01,1,1,000,080,1,0,1,4,1,24,5,1,2,00,2,4,23,201400053794A01,7,2,1
201400053795,2014-08-21,2014,août,jeudi,17:25,75,75111,0,0,2,1,3,1,1,4,2,02,1,-1,020,080,1,0,1,4,1,54,5,1,2,00,2,0,13,201400053795A01,37,17,1
201400053804,2014-09-06,2014,septembre,samedi,19:15,75,75111,0,0,2,1,7,1,1,4,2,02,1,1,000,160,1,0,1,4,1,37,0,1,2,00,0,0,1,201400053804A01,,,
201400053810,2014-09-09,2014,septembre,mardi,23:55,75,75111,0,0,2,2,6,5,1,4,1,01,1,1,017,065,1,5,1,4,2,46,0,1,2,00,2,4,15,201400053810A01,2,17,1
201400053820,2014-09-15,2014,septembre,lundi,19:00,75,75111,0,0,2,7,2,1,1,4,1,01,1,3,150,100,1,0,1,4,1,53,0,1,2,00,2,1,2,201400053820A01,7,2,1
201400053822,2014-09-16,2014,septembre,mardi,15:25,75,75111,0,0,2,1,3,1,1,4,2,02,1,1,000,150,1,0,1,4,1,36,9,1,2,00,2,1,18,201400053822B01,33,12,1
201400053831,2014-09-25,2014,septembre,jeudi,19:50,75,75111,0,0,2,7,3,2,1,4,2,04,1,1,000,080,1,0,1,4,1,39,0,1,2,00,2,8,19,201400053831B01,30,1,1
201400053833,2014-09-26,2014,septembre,vendredi,80:5,75,75111,0,0,2,5,2,1,1,4,2,02,1,1,000,100,1,0,1,4,2,48,1,1,2,00,2,1,7,201400053833B01,7,22,1
201400053834,2014-09-26,2014,septembre,vendredi,16:00,75,75111,0,0,2,5,2,1,1,4,3,01,1,-1,000,200,1,0,1,4,2,16,2,1,2,00,2,1,1,201400053834B01,7,16,1
201400053837,2014-09-28,2014,septembre,dimanche,15:15,75,75111,0,0,2,1,2,1,1,4,1,01,2,1,040,040,1,0,1,4,1,25,4,1,2,00,0,1,1,201400053837A01,7,23,1
201400053838,2014-09-28,2014,septembre,dimanche,17:00,75,75111,0,0,2,2,6,1,1,4,1,01,1,1,000,040,1,0,0,4,1,24,0,1,2,00,2,0,1,201400053838A01,7,1,1
201400053841,2014-10-01,2014,octobre,mercredi,73:0,75,75111,0,0,2,7,3,1,1,4,2,04,1,1,000,160,1,0,0,4,1,24,1,1,2,00,2,1,1,201400053841B01,10,16,1
201400053858,2014-10-16,2014,octobre,jeudi,17:35,75,75111,0,0,2,2,6,1,1,4,1,00,1,1,000,060,1,0,1,1,2,40,5,1,2,00,1,1,1,201400053858A01,,,
201400053872,2014-10-31,2014,octobre,vendredi,10:05,75,75111,0,0,2,1,2,1,1,4,2,02,1,1,000,120,1,0,1,4,1,29,1,1,2,00,2,1,2,201400053872B01,10,2,1
201400053875,2014-11-02,2014,novembre,dimanche,25:0,75,75111,0,0,2,2,3,5,1,4,3,02,1,1,000,000,1,0,1,4,1,28,0,1,2,00,2,1,1,201400053875A01,7,1,1
201400053878,2014-11-04,2014,novembre,mardi,18:20,75,75111,0,0,2,1,6,5,1,4,1,01,1,1,200,030,1,0,1,1,1,50,1,1,2,00,1,1,1,201400053878A01,,,
201400053892,2014-11-24,2014,novembre,lundi,18:30,75,75111,0,0,2,1,2,5,1,4,1,01,1,1,000,080,1,0,5,4,2,59,9,1,2,00,2,3,1,201400053892B01,7,22,1
201400053893,2014-11-24,2014,novembre,lundi,19:10,75,75111,0,0,2,1,2,5,1,4,2,02,1,1,000,110,1,0,1,4,1,26,5,1,2,01,2,1,1,201400053893B01,7,22,1
201400053902,2014-11-30,2014,novembre,dimanche,62:5,75,75111,0,0,2,1,7,5,1,4,2,01,2,1,000,100,1,0,1,4,1,22,5,1,2,12,0,1,1,201400053902A01,,,
201400053904,2014-12-02,2014,décembre,mardi,18:30,75,75111,0,0,2,1,3,5,2,4,1,03,1,1,400,080,2,0,5,4,1,17,5,1,2,00,2,8,13,201400053904A01,1,17,1
201400053904,2014-12-02,2014,décembre,mardi,18:30,75,75111,0,0,2,1,3,5,2,4,1,03,1,1,400,080,2,0,5,1,1,29,5,1,2,00,2,7,17,201400053904B01,1,13,1
201400053906,2014-12-04,2014,décembre,jeudi,10:05,75,75111,0,0,2,3,2,1,1,4,2,02,1,1,000,160,1,0,1,4,1,34,5,1,2,00,2,1,1,201400053906A01,7,16,1
201400053908,2014-12-05,2014,décembre,vendredi,84:0,75,75111,0,0,2,1,5,1,8,4,2,02,1,1,000,100,1,0,1,4,2,28,1,1,2,00,2,2,18,201400053908B01,7/ 10,22/1,2
201400053917,2014-12-10,2014,décembre,mercredi,22:55,75,75111,0,0,2,2,3,5,8,4,3,00,1,1,000,000,1,0,5,4,2,37,0,1,2,00,2,1,16,201400053917A01,7,1,1
201400053925,2014-12-16,2014,décembre,mardi,14:00,75,75111,0,0,2,3,3,1,1,4,1,01,1,1,000,060,1,0,1,4,2,41,5,1,2,00,0,3,5,201400053925A01,10,15,1
201400053926,2014-12-17,2014,décembre,mercredi,10:45,75,75111,0,0,2,2,2,1,2,4,1,01,1,1,000,070,2,0,1,4,1,34,1,1,2,00,2,0,15,201400053926B01,34,1,1
201400053927,2014-12-17,2014,décembre,mercredi,22:50,75,75111,0,0,2,4,2,3,2,4,2,02,1,-1,000,120,2,0,1,4,1,29,0,1,2,00,2,1,1,201400053927A01,7,16,1
201400053928,2014-12-18,2014,décembre,jeudi,93:5,75,75111,0,0,2,1,2,1,8,4,1,01,1,1,000,080,2,0,1,4,2,51,5,1,2,01,2,2,1,201400053928B01,10,22,1
201400053947,2014-01-04,2014,janvier,samedi,15:15,75,75112,0,0,2,3,3,1,8,4,2,04,1,1,000,080,1,6,0,4,1,53,5,1,2,00,2,6,1,201400053947A01,7,1,1
201400053953,2014-01-15,2014,janvier,mercredi,18:30,75,75112,0,0,2,7,3,5,2,4,2,04,1,1,000,110,2,0,5,4,1,42,1,1,2,00,2,1,1,201400053953B01,7,15,1
201400053968,2014-01-27,2014,janvier,lundi,95:0,75,75112,0,0,2,1,2,1,1,4,2,02,1,1,000,060,1,0,1,4,2,54,1,1,2,01,0,0,1,201400053968B01,7,22,1
201400053977,2014-02-01,2014,février,samedi,20:00,75,75112,0,0,2,7,6,3,1,4,2,02,1,1,000,077,1,1,1,4,2,41,5,1,2,14,0,0,13,201400053977A01,,,
201400053982,2014-02-02,2014,février,dimanche,15:00,75,75112,0,0,2,1,6,1,1,4,2,01,1,1,000,070,1,0,5,4,1,86,5,1,2,00,5,1,1,201400053982A01,,,
201400054001,2014-02-24,2014,février,lundi,94:0,75,75112,0,0,2,5,3,1,1,4,1,01,1,1,000,000,1,0,1,4,1,59,5,1,2,00,2,7,1,201400054001B01,10,1,1
201400054002,2014-02-24,2014,février,lundi,16:45,75,75112,0,0,2,5,5,1,1,4,1,01,1,1,003,060,1,0,5,4,1,38,5,1,2,00,2,1,2,201400054002A01,1,5/2,2
201400054002,2014-02-24,2014,février,lundi,16:45,75,75112,0,0,2,5,5,1,1,4,1,01,1,1,003,060,1,0,5,4,2,12,5,1,2,00,2,1,5,201400054002B01,1,2,2
201400054002,2014-02-24,2014,février,lundi,16:45,75,75112,0,0,2,5,5,1,1,4,1,01,1,1,003,060,1,0,5,1,1,30,5,1,2,00,2,1,2,201400054002C01,1,2/5,2
201400054004,2014-02-25,2014,février,mardi,19:30,75,75112,0,0,2,2,3,5,2,4,2,02,1,1,000,150,2,5,1,4,1,41,5,1,2,00,2,1,1,201400054004B01,7,16,1
201400054018,2014-03-06,2014,mars,jeudi,12:40,75,75112,0,0,2,4,3,1,1,4,4,04,1,-1,000,080,1,0,1,4,1,18,2,1,2,00,2,8,15,201400054018B01,7,17,1
201400054023,2014-03-12,2014,mars,mercredi,15:20,75,75112,0,0,2,3,1,1,1,4,2,02,1,1,000,060,1,0,1,4,1,62,5,1,2,00,2,8,1,201400054023B01,10,15,1
201400054026,2014-03-13,2014,mars,jeudi,18:20,75,75112,0,0,2,1,3,2,1,4,2,02,2,1,000,000,1,0,1,4,1,20,2,1,2,00,2,8,9,201400054026A01,33,17,1
201400054034,2014-03-20,2014,mars,jeudi,85:5,75,75112,0,0,2,1,3,1,1,4,1,03,1,1,000,120,1,0,1,4,2,26,1,1,2,00,2,1,13,201400054034A01,37,7,1
201400054038,2014-03-24,2014,mars,lundi,13:55,75,75112,0,0,2,1,3,1,8,4,2,02,2,1,000,070,2,0,5,4,1,15,5,1,2,00,2,1,1,201400054038B01,7,16,1
201400054041,2014-03-26,2014,mars,mercredi,94:0,75,75112,0,0,2,1,2,1,1,4,2,02,1,1,000,070,1,0,1,4,1,37,4,1,2,00,2,1,1,201400054041B01,7,22,1
201400054045,2014-03-30,2014,mars,dimanche,18:30,75,75112,0,0,2,1,7,1,1,4,2,04,1,1,000,140,1,0,1,4,1,24,5,1,2,00,2,0,1,201400054045A01,2,1,1