Num_Acc,date,an,mois,jour,hrmn,dep,com,lat,long,agg,int,col,lum,atm,catr,circ,nbv,prof,plan,lartpc,larrout,surf,infra,situ,grav,sexe,age,trajet,secuexist,equipement,obs,obsm,choc,manv,vehiculeid,typevehicules,manoeuvehicules,numVehicules
201400054061,2014-04-07,2014,avril,lundi,17:48,75,75112,0,0,2,1,6,1,1,4,2,02,1,1,000,060,1,0,5,1,1,36,1,1,2,00,1,1,1,201400054061A01,,,
201400054062,2014-04-09,2014,avril,mercredi,16:40,75,75112,0,0,2,3,2,1,1,4,1,01,1,3,000,035,1,0,1,4,1,46,5,1,2,00,2,1,2,201400054062B01,1,2,1
201400054062,2014-04-09,2014,avril,mercredi,16:40,75,75112,0,0,2,3,2,1,1,4,1,01,1,3,000,035,1,0,1,4,1,20,5,1,2,00,2,4,2,201400054062A01,1,2,1
201400054066,2014-04-12,2014,avril,samedi,19:50,75,75112,0,0,2,9,3,1,1,4,3,02,1,1,000,080,1,2,1,4,2,42,9,1,2,00,2,4,1,201400054066B01,7,19,1
201400054072,2014-04-16,2014,avril,mercredi,18:00,75,75112,0,0,2,7,1,1,1,4,2,01,1,1,000,000,1,0,1,4,1,16,5,1,2,00,2,8,5,201400054072A01,31,1,1
201400054075,2014-04-18,2014,avril,vendredi,14:30,75,75112,0,0,2,2,2,1,1,4,2,00,1,1,000,000,1,1,1,4,1,17,5,1,2,00,2,1,2,201400054075A01,7,23,1
201400054076,2014-04-19,2014,avril,samedi,14:10,75,75112,0,0,2,5,6,1,1,4,-1,00,2,-1,000,000,1,0,1,4,2,66,3,1,2,00,2,7,19,201400054076A01,30,1,1
201400054077,2014-04-19,2014,avril,samedi,13:25,75,75112,0,0,2,1,3,1,1,4,2,02,2,1,000,100,1,0,5,4,2,25,5,1,2,00,2,8,1,201400054077B01,7,15,1
201400054079,2014-04-21,2014,avril,lundi,15:00,75,75112,0,0,2,5,7,1,1,4,1,02,1,1,000,120,1,0,1,4,1,28,0,1,2,00,0,0,21,201400054079A01,,,
201400054084,2014-04-24,2014,avril,jeudi,14:30,75,75112,0,0,2,7,6,1,1,4,-1,01,1,1,000,050,1,0,5,4,1,55,5,1,2,00,1,1,1,201400054084A01,,,
201400054085,2014-04-24,2014,avril,jeudi,15:50,75,75112,0,0,2,7,2,1,1,4,2,02,1,1,000,000,1,0,1,4,1,37,5,1,2,00,2,4,2,201400054085B01,7,23,1
201400054102,2014-05-05,2014,mai,lundi,19:05,75,75112,0,0,2,1,6,1,1,4,1,00,2,1,000,050,1,0,5,4,2,60,5,1,2,00,1,7,1,201400054102A01,,,
201400054125,2014-05-24,2014,mai,samedi,17:00,75,75112,0,0,2,3,3,1,3,4,2,02,1,1,000,060,2,0,1,4,2,27,5,1,2,00,2,7,19,201400054125A01,10,1,1
201400054127,2014-05-25,2014,mai,dimanche,17:00,75,75112,0,0,2,7,3,1,1,4,3,04,1,1,000,120,1,5,1,4,1,27,1,1,2,00,2,5,17,201400054127B01,7,10,1
201400054128,2014-05-25,2014,mai,dimanche,17:00,75,75112,0,0,2,1,3,1,1,4,2,02,2,1,000,060,1,0,1,4,1,61,5,1,2,00,2,1,1,201400054128B01,7,9,1
201400054135,2014-05-29,2014,mai,jeudi,16:55,75,75112,0,0,2,1,6,1,1,4,2,02,1,1,000,000,1,0,1,4,2,15,5,1,2,00,1,1,1,201400054135A01,,,
201400054144,2014-06-06,2014,juin,vendredi,19:45,75,75112,0,0,2,1,2,1,1,4,2,04,1,1,000,120,1,0,1,4,1,60,5,1,2,00,2,1,2,201400054144A01,7,2,1
201400054149,2014-06-11,2014,juin,mercredi,20:00,75,75112,0,0,2,1,6,1,1,4,1,01,1,1,000,060,1,0,5,4,1,36,5,1,2,00,1,1,1,201400054149A01,,,
201400054155,2014-06-14,2014,juin,samedi,16:25,75,75112,0,0,2,1,3,1,1,4,2,02,1,1,000,000,1,0,4,4,2,25,5,1,2,00,2,1,1,201400054155A01,7,9,1
201400054174,2014-06-26,2014,juin,jeudi,20:5,75,75112,0,0,2,7,3,5,1,4,1,04,1,2,000,000,9,5,1,4,2,25,5,1,2,00,2,6,1,201400054174B01,31,1,1
201400054175,2014-06-26,2014,juin,jeudi,10:30,75,75112,0,0,2,1,6,1,1,4,2,02,1,1,000,120,1,0,1,4,1,62,5,1,2,00,5,1,1,201400054175A01,,,
201400054176,2014-06-26,2014,juin,jeudi,16:20,75,75112,0,0,2,1,2,1,1,4,2,04,1,1,000,090,1,0,0,4,1,25,5,1,2,00,2,1,1,201400054176B01,7,16,1
201400054182,2014-07-03,2014,juillet,jeudi,94:0,75,75112,0,0,2,1,4,1,1,4,1,01,1,1,000,060,1,0,5,1,1,59,5,1,2,00,2,1,2,201400054182B01,1,2,3
201400054182,2014-07-03,2014,juillet,jeudi,94:0,75,75112,0,0,2,1,4,1,1,4,1,01,1,1,000,060,1,0,5,4,2,16,5,1,2,00,2,1,2,201400054182A01,1,2,3
201400054182,2014-07-03,2014,juillet,jeudi,94:0,75,75112,0,0,2,1,4,1,1,4,1,01,1,1,000,060,1,0,5,1,1,61,5,1,2,00,2,1,2,201400054182C01,1,2,3
201400054182,2014-07-03,2014,juillet,jeudi,94:0,75,75112,0,0,2,1,4,1,1,4,1,01,1,1,000,060,1,0,5,1,1,42,5,1,2,00,2,0,2,201400054182D01,1,2,3
201400054185,2014-07-03,2014,juillet,jeudi,13:40,75,75112,0,0,2,1,6,1,1,4,2,06,2,3,000,180,1,0,1,4,2,35,1,1,2,00,2,8,7,201400054185A01,38,14,1
201400054191,2014-07-17,2014,juillet,jeudi,21:00,75,75112,0,0,2,1,6,2,1,4,2,04,1,1,000,080,1,0,5,1,1,48,5,1,2,00,1,1,1,201400054191A01,,,
201400054199,2014-07-23,2014,juillet,mercredi,20:26,75,75112,0,0,2,3,3,1,1,4,1,04,1,1,000,000,1,0,5,4,1,36,5,1,2,00,2,3,1,201400054199B01,38,16,1
201400054203,2014-07-26,2014,juillet,samedi,12:50,75,75112,0,0,2,5,6,1,1,4,2,04,1,1,000,000,1,0,1,1,1,44,5,1,2,00,1,1,1,201400054203A01,,,
201400054204,2014-07-27,2014,juillet,dimanche,19:15,75,75112,0,0,2,1,3,1,1,4,2,01,1,1,000,060,1,0,0,1,1,13,5,1,2,00,2,1,10,201400054204A01,1,1,1
201400054204,2014-07-27,2014,juillet,dimanche,19:15,75,75112,0,0,2,1,3,1,1,4,2,01,1,1,000,060,1,0,0,4,1,49,5,1,2,00,2,1,1,201400054204B01,1,10,1
201400054206,2014-07-30,2014,juillet,mercredi,19:50,75,75112,0,0,2,1,3,1,1,4,-1,00,1,3,000,000,1,0,5,4,2,29,5,1,2,00,2,1,14,201400054206A01,1,1,1
201400054206,2014-07-30,2014,juillet,mercredi,19:50,75,75112,0,0,2,1,3,1,1,4,-1,00,1,3,000,000,1,0,5,4,1,13,5,1,2,00,2,1,1,201400054206B01,1,14,1
201400054218,2014-08-14,2014,août,jeudi,18:35,75,75112,0,0,2,5,3,1,1,4,2,02,3,1,000,000,1,4,1,4,2,29,5,1,2,00,2,8,15,201400054218B01,7,1,1
201400054223,2014-08-18,2014,août,lundi,18:30,75,75112,0,0,2,5,1,1,1,4,2,02,1,1,000,000,1,0,1,4,1,62,5,1,2,00,2,3,1,201400054223B01,34,15,1
201400054224,2014-08-19,2014,août,mardi,84:5,75,75112,0,0,2,1,6,1,1,4,2,01,1,1,000,040,1,0,5,4,1,57,1,1,2,00,2,3,1,201400054224A01,33,17,1
201400054227,2014-08-21,2014,août,jeudi,91:5,75,75112,0,0,2,1,6,1,1,4,2,02,1,1,000,060,1,0,4,1,1,37,9,1,2,00,1,1,1,201400054227A01,,,
201400054228,2014-08-22,2014,août,vendredi,17:20,75,75112,0,0,2,3,1,1,8,4,1,01,1,2,000,000,1,0,1,3,1,33,0,1,2,00,2,1,1,201400054228B01,7,15,1
201400054236,2014-08-31,2014,août,dimanche,16:10,75,75111,0,0,2,3,2,1,1,4,2,02,1,1,000,060,1,0,1,3,2,57,0,1,2,00,2,8,15,201400054236A01,32,1,1
201400054237,2014-09-01,2014,septembre,lundi,18:00,75,75112,0,0,2,4,3,1,1,4,2,02,1,1,000,060,1,0,5,4,1,69,5,1,2,00,2,8,19,201400054237B01,7,1,1
201400054238,2014-09-03,2014,septembre,mercredi,15:00,75,75112,0,0,2,2,7,1,1,4,-1,00,1,1,000,055,1,6,4,1,1,16,5,1,2,00,1,0,1,201400054238A01,,,
201400054239,2014-09-03,2014,septembre,mercredi,21:00,75,75112,0,0,2,7,3,4,1,4,2,02,-1,1,000,035,1,0,1,4,1,37,5,1,2,00,2,8,1,201400054239B01,7,15,1
201400054246,2014-09-10,2014,septembre,mercredi,82:5,75,75112,0,0,2,2,3,1,1,4,2,02,1,1,000,060,1,0,1,4,1,32,0,1,2,00,2,3,1,201400054246B01,7,1,1
201400054249,2014-09-11,2014,septembre,jeudi,13:35,75,75112,0,0,2,2,3,1,1,4,2,02,2,1,000,080,2,0,5,4,2,25,1,1,2,00,2,6,1,201400054249B01,7,15,1
201400054250,2014-09-13,2014,septembre,samedi,1:,75,75112,0,0,2,1,3,5,1,4,2,02,1,1,000,000,1,0,1,4,1,50,9,1,2,00,2,1,17,201400054250B01,7,10,1
201400054252,2014-09-14,2014,septembre,dimanche,19:00,75,75112,0,0,2,1,3,1,1,4,2,02,-1,1,000,080,1,0,1,4,1,18,5,1,2,00,2,1,17,201400054252B01,7,15,1
201400054255,2014-09-15,2014,septembre,lundi,16:30,75,75112,0,0,2,2,3,1,1,4,1,04,1,1,000,000,1,0,1,4,1,30,4,1,2,00,2,8,9,201400054255A01,7,1,1
201400054260,2014-09-18,2014,septembre,jeudi,19:45,75,75112,0,0,2,2,2,1,1,4,2,02,1,-1,000,070,1,0,1,4,2,67,5,1,2,00,2,3,1,201400054260B01,17,16,1
201400054262,2014-09-19,2014,septembre,vendredi,10:30,75,75112,0,0,2,4,2,1,1,4,2,02,2,1,000,000,1,5,1,4,2,23,1,1,2,00,2,2,1,201400054262B01,7,4,1
201400054263,2014-09-19,2014,septembre,vendredi,21:10,75,75112,0,0,2,2,6,5,1,4,2,02,1,1,000,060,1,0,1,4,1,8,0,1,2,00,2,8,1,201400054263A01,7,16,1
201400054267,2014-09-23,2014,septembre,mardi,94:5,75,75112,0,0,2,1,2,1,1,4,1,01,1,1,000,082,1,0,1,4,1,16,2,1,2,00,2,2,1,201400054267A01,7,23,1
201400054269,2014-09-24,2014,septembre,mercredi,19:00,75,75112,0,0,2,1,3,2,2,4,2,02,1,1,000,060,2,0,1,4,1,29,5,1,2,00,2,1,1,201400054269B01,7,9,1
201400054270,2014-09-24,2014,septembre,mercredi,23:34,75,75112,0,0,2,7,7,5,1,4,2,02,1,3,000,050,2,0,1,4,1,35,1,1,2,00,0,0,16,201400054270A01,,,
201400054272,2014-09-25,2014,septembre,jeudi,20:00,75,75112,0,0,2,2,3,5,1,4,2,02,1,1,000,080,1,0,1,4,1,27,5,1,2,00,2,7,1,201400054272A01,7,1,1
201400054273,2014-09-26,2014,septembre,vendredi,91:5,75,75112,0,0,2,7,3,1,1,4,2,02,1,1,000,100,1,0,1,4,2,19,9,1,2,00,2,2,19,201400054273A01,7,1,1
201400054274,2014-09-27,2014,septembre,samedi,17:00,75,75112,0,0,2,4,1,1,1,4,2,04,2,3,000,025,1,0,5,4,1,42,9,1,2,00,2,1,13,201400054274A01,1,1,1
201400054274,2014-09-27,2014,septembre,samedi,17:00,75,75112,0,0,2,4,1,1,1,4,2,04,2,3,000,025,1,0,5,1,1,38,5,1,2,00,2,1,1,201400054274B01,1,13,1
201400054290,2014-10-08,2014,octobre,mercredi,75:0,75,75112,0,0,2,2,2,2,3,4,1,04,1,1,000,000,2,0,1,4,2,33,1,1,2,00,2,1,7,201400054290B01,7,16,1
201400054294,2014-10-09,2014,octobre,jeudi,15:,75,75112,0,0,2,1,2,5,2,4,1,03,1,1,000,080,2,0,5,4,2,27,0,1,2,00,2,1,7,201400054294B01,7,22,1
201400054300,2014-10-11,2014,octobre,samedi,11:00,75,75112,0,0,2,2,7,1,1,4,2,02,1,1,000,000,2,0,5,4,2,55,5,1,2,00,0,0,21,201400054300A01,,,
201400054310,2014-10-17,2014,octobre,vendredi,22:35,75,75112,0,0,2,1,2,5,1,4,2,00,2,1,000,000,1,0,1,4,1,16,5,1,2,00,2,4,2,201400054310B01,31,2,1
201400054312,2014-10-18,2014,octobre,samedi,14:45,75,75112,0,0,2,4,3,1,1,4,2,08,1,1,010,200,1,0,0,4,1,40,0,1,2,00,2,8,19,201400054312B01,7,1,1
201400054315,2014-10-23,2014,octobre,jeudi,15:25,75,75112,0,0,2,7,3,1,1,4,2,04,1,1,030,150,1,0,1,4,2,44,4,1,2,00,2,8,18,201400054315B01,7,16,1
201400054316,2014-10-23,2014,octobre,jeudi,19:00,75,75112,0,0,2,1,3,5,1,4,2,06,1,1,150,250,1,0,5,4,1,22,5,1,2,00,2,1,1,201400054316A01,1,1,1
201400054316,2014-10-23,2014,octobre,jeudi,19:00,75,75112,0,0,2,1,3,5,1,4,2,06,1,1,150,250,1,0,5,4,2,34,1,1,2,00,2,1,1,201400054316B01,1,1,1
201400054323,2014-10-27,2014,octobre,lundi,91:5,75,75112,0,0,2,2,3,1,1,4,1,01,2,1,000,030,1,5,1,3,1,47,0,1,2,00,2,7,2,201400054323B01,7,2,1
201400054331,2014-10-31,2014,octobre,vendredi,12:10,75,75112,0,0,2,1,6,1,1,4,3,01,4,1,000,000,1,0,5,1,1,15,5,1,2,00,1,1,5,201400054331A01,,,
201400054355,2014-11-18,2014,novembre,mardi,18:05,75,75112,0,0,2,2,3,5,2,4,2,02,1,1,000,000,2,0,1,4,2,25,4,1,2,00,2,1,1,201400054355B01,7,16,1
201400054385,2014-12-09,2014,décembre,mardi,81:5,75,75112,0,0,2,3,3,1,1,4,3,02,1,1,000,060,1,0,1,4,2,40,1,1,2,00,2,7,1,201400054385B01,7,9,1
201400054397,2014-12-19,2014,décembre,vendredi,84:0,75,75112,0,0,2,1,6,2,8,4,2,03,1,1,000,120,2,0,5,4,1,32,1,1,2,00,1,1,1,201400054397A01,,,
201400054418,2014-01-14,2014,janvier,mardi,19:05,75,75113,0,0,2,2,6,5,1,4,2,05,2,1,000,120,1,0,1,1,1,39,5,1,2,00,1,1,7,201400054418A01,,,
201400054427,2014-01-22,2014,janvier,mercredi,14:55,75,75113,0,0,2,3,3,1,2,4,1,01,1,1,000,099,2,0,1,4,1,49,4,1,2,00,2,0,1,201400054427B01,10,22,1
201400054439,2014-02-03,2014,février,lundi,85:0,75,75113,0,0,2,2,3,1,1,4,1,02,1,1,100,100,1,0,0,4,2,37,1,1,2,00,2,1,1,201400054439B01,7,22,1
201400054448,2014-02-14,2014,février,vendredi,19:05,75,75113,0,0,2,3,3,5,8,4,-1,01,1,1,010,040,2,0,1,4,2,55,0,1,2,00,2,1,1,201400054448A01,7,15,1
201400054462,2014-03-03,2014,mars,lundi,16:40,75,75113,0,0,2,1,3,1,8,4,2,02,1,1,000,032,2,0,5,4,2,37,5,1,2,00,2,1,1,201400054462B01,7,15,1
201400054464,2014-03-06,2014,mars,jeudi,14:40,75,75113,0,0,2,1,3,1,1,4,1,01,1,1,000,090,1,0,4,4,1,28,9,1,2,00,2,0,1,201400054464A01,7,9,1
201400054466,2014-03-08,2014,mars,samedi,19:50,75,75113,0,0,2,3,6,5,1,4,1,02,2,1,000,117,1,0,5,4,2,25,5,1,2,08,0,2,21,201400054466A01,,,
201400054467,2014-03-11,2014,mars,mardi,95:0,75,75113,0,0,2,3,3,1,1,4,-1,04,1,1,150,150,1,0,1,4,2,44,0,1,2,00,2,1,1,201400054467A01,7,23,1
201400054468,2014-03-11,2014,mars,mardi,20:35,75,75113,0,0,2,3,1,5,1,4,2,03,1,1,000,070,1,0,1,4,1,33,5,1,2,00,2,1,17,201400054468B01,7,1,1
201400054469,2014-03-14,2014,mars,vendredi,12:20,75,75113,0,0,2,3,3,1,1,4,2,04,1,1,000,180,1,0,1,4,1,44,5,1,2,00,2,1,1,201400054469B01,13,16,1
201400054475,2014-03-20,2014,mars,jeudi,17:25,75,75113,0,0,2,3,3,1,1,4,2,02,2,1,000,090,1,0,1,4,1,31,1,1,2,00,2,8,1,201400054475A01,1,14,1
201400054478,2014-03-24,2014,mars,lundi,11:55,75,75113,0,0,2,1,2,1,1,4,1,01,2,1,000,000,1,0,1,4,2,52,1,1,2,01,2,1,1,201400054478B01,7,22,1
201400054480,2014-03-28,2014,mars,vendredi,16:45,75,75113,0,0,2,5,6,1,1,4,1,01,2,1,015,050,1,0,1,4,1,42,5,1,2,00,2,8,1,201400054480B01,7,1,1
201400054510,2014-05-07,2014,mai,mercredi,18:25,75,75113,0,0,2,3,6,1,1,4,2,02,1,1,000,050,1,0,1,4,1,42,1,1,2,14,2,7,21,201400054510A01,37,23,1
201400054515,2014-05-13,2014,mai,mardi,14:35,75,75113,0,0,2,3,3,1,2,4,3,02,2,1,000,000,2,0,5,4,1,44,1,1,2,00,2,1,1,201400054515B01,33,19,1
201400054521,2014-05-17,2014,mai,samedi,13:10,75,75113,0,0,2,4,3,1,1,4,2,00,1,1,000,000,1,0,1,4,2,34,5,1,2,00,2,1,17,201400054521B01,13,22,1
201400054522,2014-05-17,2014,mai,samedi,18:50,75,75113,0,0,2,1,3,1,1,4,3,00,1,1,000,000,1,0,1,4,1,40,0,1,2,00,2,7,14,201400054522A01,37,7,1
201400054537,2014-05-29,2014,mai,jeudi,16:05,75,75113,0,0,2,2,3,1,1,4,2,03,1,1,000,065,1,0,1,4,1,19,2,1,2,00,2,2,1,201400054537B01,7,15,1
201400054540,2014-05-30,2014,mai,vendredi,21:55,75,75113,0,0,2,2,6,5,1,4,1,04,2,1,015,080,1,0,5,4,2,27,5,1,2,00,2,3,1,201400054540A01,7,4,1
201400054554,2014-06-16,2014,juin,lundi,85:0,75,75113,0,0,2,1,2,1,1,4,1,01,1,1,000,043,1,0,1,4,1,34,1,1,2,01,2,1,1,201400054554B01,7,22,1
201400054562,2014-06-23,2014,juin,lundi,93:5,75,75113,0,0,2,1,3,1,1,4,2,00,2,1,000,000,1,0,1,4,2,48,4,1,2,00,2,3,1,201400054562B01,7,14,1
201400054563,2014-06-23,2014,juin,lundi,13:35,75,75113,0,0,2,1,2,1,1,4,1,02,1,1,000,000,1,0,5,4,2,40,5,1,2,01,2,5,1,201400054563B01,7,22,1
201400054565,2014-06-24,2014,juin,mardi,19:40,75,75113,0,0,2,2,3,1,1,4,2,04,1,1,000,000,1,0,1,4,1,23,4,1,2,00,2,8,7,201400054565B01,7,1,1
201400054566,2014-06-26,2014,juin,jeudi,12:25,75,75113,0,0,2,1,3,1,1,4,2,04,1,-1,000,160,1,0,1,4,2,48,5,1,2,00,2,8,15,201400054566A01,13,1,1
201400054569,2014-06-30,2014,juin,lundi,17:55,75,75113,0,0,2,2,3,2,1,4,1,01,1,1,000,030,1,0,0,4,2,41,1,1,2,00,2,8,15,201400054569B01,34,1,1
201400054570,2014-07-01,2014,juillet,mardi,75:5,75,75113,0,0,2,1,6,1,1,4,2,04,1,1,000,000,1,0,1,4,1,53,1,1,2,12,0,1,7,201400054570A01,,,
201400054591,2014-07-23,2014,juillet,mercredi,17:00,75,75113,0,0,2,5,3,1,1,4,2,04,1,1,000,025,1,0,1,4,1,7,5,1,2,00,2,7,19,201400054591B01,10,15,1
201400054593,2014-07-25,2014,juillet,vendredi,10:3,75,75113,0,0,2,1,3,5,1,4,2,06,2,1,000,150,1,0,5,4,1,52,1,1,2,00,2,8,1,201400054593B01,7,14,1
201400054601,2014-08-01,2014,août,vendredi,19:20,75,75113,0,0,2,2,4,1,1,4,2,03,1,1,000,100,1,0,1,4,2,64,1,1,2,00,2,8,3,201400054601C01,7,22/23,2
201400054604,2014-08-07,2014,août,jeudi,23:0,75,75113,0,0,2,5,3,5,8,4,2,02,2,1,000,100,2,0,1,4,1,23,0,1,2,00,2,1,1,201400054604B01,7,15,1
201400054619,2014-08-29,2014,août,vendredi,12:50,75,75113,0,0,2,7,6,1,1,4,1,02,1,1,000,120,1,0,0,4,2,35,1,1,2,00,2,6,1,201400054619B01,7,1,1
201400054623,2014-09-06,2014,septembre,samedi,19:12,75,75113,0,0,2,2,6,1,1,4,2,03,1,-1,000,160,1,0,1,4,1,45,4,1,2,12,0,0,21,201400054623A01,,,
201400054629,2014-09-12,2014,septembre,vendredi,85:5,75,75113,0,0,2,1,6,1,1,4,2,05,1,1,015,100,1,0,1,1,1,30,5,1,2,00,1,1,19,201400054629A01,33,1,1
201400054631,2014-09-12,2014,septembre,vendredi,21:30,75,75113,0,0,2,3,3,5,1,4,2,03,-1,-1,000,120,1,0,1,4,2,37,9,1,2,00,2,8,15,201400054631B01,30,17,1
201400054636,2014-09-19,2014,septembre,vendredi,12:00,75,75113,0,0,2,7,3,1,1,4,1,00,1,2,000,000,1,0,1,4,2,23,0,1,2,00,2,4,13,201400054636A01,7,1,1
201400054644,2014-09-23,2014,septembre,mardi,15:0,75,75113,0,0,2,1,6,5,1,4,2,04,1,1,000,000,1,0,4,4,2,25,5,1,2,08,0,0,1,201400054644A01,,,
201400054660,2014-10-02,2014,octobre,jeudi,80:0,75,75113,0,0,2,3,3,1,1,4,3,02,1,1,000,050,1,0,5,4,1,19,1,1,2,00,2,3,13,201400054660B01,10,1,1
201400054675,2014-10-13,2014,octobre,lundi,19:10,75,75113,0,0,2,7,2,2,1,4,1,01,1,1,000,060,1,0,1,4,2,51,0,1,2,01,2,1,1,201400054675B01,7,22,1
201400054677,2014-10-14,2014,octobre,mardi,15:55,75,75113,0,0,2,1,6,1,1,4,1,01,1,1,000,050,1,0,1,3,1,75,0,1,2,00,2,5,1,201400054677A01,34,18,1
201400054688,2014-10-23,2014,octobre,jeudi,20:20,75,75113,0,0,2,2,3,5,1,4,2,02,1,1,000,000,1,0,1,4,2,28,1,1,2,00,2,5,13,201400054688A01,37,7,1
201400054691,2014-10-30,2014,octobre,jeudi,14:30,75,75113,0,0,2,2,3,1,1,4,2,04,1,1,000,000,1,0,5,4,1,36,5,1,2,00,2,3,1,201400054691B01,10,22,1
201400054700,2014-11-04,2014,novembre,mardi,12:30,75,75113,0,0,2,1,6,1,1,4,2,06,1,1,000,010,1,0,5,4,2,57,0,1,2,12,1,1,1,201400054700A01,,,
201400054702,2014-11-05,2014,novembre,mercredi,14:45,75,75113,0,0,2,3,3,1,1,4,3,04,2,1,000,000,-1,0,5,4,1,32,5,1,2,00,2,1,1,201400054702A01,7,16,1
201400054716,2014-11-24,2014,novembre,lundi,85:5,75,75113,0,0,2,3,2,1,2,4,2,03,1,1,000,138,2,0,1,4,1,36,5,1,2,00,2,4,23,201400054716B01,34,1,1
201400054723,2014-12-02,2014,décembre,mardi,71:0,75,75113,0,0,2,1,6,5,1,4,1,01,2,1,000,000,1,0,5,4,1,46,1,1,2,00,1,1,1,201400054723A01,,,
201400054731,2014-12-13,2014,décembre,samedi,53:5,75,75113,0,0,2,5,3,5,2,4,2,04,1,1,130,130,2,0,5,4,1,20,2,1,2,00,2,3,1,201400054731A01,7,15,1
201400054738,2014-12-20,2014,décembre,samedi,22:15,75,75113,0,0,2,2,6,5,1,4,1,02,2,1,040,080,2,0,1,4,1,45,5,1,2,00,2,1,1,201400054738A01,7,1,1
201400054745,2014-01-09,2014,janvier,jeudi,20:10,75,75114,0,0,2,3,3,5,1,4,1,01,1,1,000,030,1,0,0,4,2,28,1,1,2,00,2,2,1,201400054745B01,7,18,1
201400054766,2014-02-02,2014,février,dimanche,17:55,75,75114,0,0,2,3,7,5,1,4,2,08,1,1,050,100,1,0,0,4,1,66,5,1,2,00,0,0,1,201400054766A01,,,
201400054769,2014-02-03,2014,février,lundi,19:20,75,75114,0,0,2,1,3,5,1,4,1,01,1,1,000,050,1,0,1,4,1,38,0,1,2,00,2,0,1,201400054769B01,7,22,1
201400054772,2014-02-05,2014,février,mercredi,23:00,75,75114,0,0,2,2,2,5,1,4,2,01,1,1,000,090,1,5,1,4,1,22,1,1,2,00,2,1,9,201400054772B01,7,1,1
201400054785,2014-02-25,2014,février,mardi,92:5,75,75114,0,0,2,2,3,1,1,4,1,02,1,1,000,100,2,0,1,4,2,37,0,1,2,00,2,8,1,201400054785B01,10,16,1
201400054793,2014-03-07,2014,mars,vendredi,18:00,75,75114,0,0,2,3,3,1,1,4,1,02,1,1,000,060,1,0,1,4,1,56,0,1,2,00,2,8,13,201400054793B01,7,1,1
201400054798,2014-03-17,2014,mars,lundi,84:0,75,75114,0,0,2,3,3,1,8,4,1,01,1,1,000,150,1,0,1,4,1,40,1,1,2,00,2,1,1,201400054798B01,7,5,1
201400054803,2014-03-21,2014,mars,vendredi,18:45,75,75114,0,0,2,2,6,2,1,4,1,01,1,1,000,050,1,0,1,1,2,23,1,1,2,00,1,1,5,201400054803A01,,,
201400054807,2014-03-27,2014,mars,jeudi,10:15,75,75114,0,0,2,3,3,1,1,4,2,05,1,1,000,120,1,0,1,4,1,24,2,1,2,00,2,1,1,201400054807B01,7,15,1
201400054809,2014-03-30,2014,mars,dimanche,18:15,75,75114,0,0,2,1,2,1,1,4,1,01,1,1,000,070,1,0,1,4,1,35,5,1,2,00,2,6,1,201400054809B01,7,1,1
201400054812,2014-04-07,2014,avril,lundi,81:0,75,75114,0,0,2,1,7,1,1,4,1,01,1,1,000,050,1,0,5,4,2,23,2,1,2,14,0,1,1,201400054812A01,,,
201400054814,2014-04-07,2014,avril,lundi,19:00,75,75114,0,0,2,1,7,1,2,4,1,04,1,-1,000,040,2,0,1,4,1,64,5,1,2,12,0,1,16,201400054814A01,,,
201400054817,2014-04-09,2014,avril,mercredi,14:30,75,75114,0,0,2,3,3,1,1,4,2,06,1,1,000,000,1,0,1,4,2,28,9,1,2,00,2,4,1,201400054817B01,32,1,1
201400054823,2014-04-23,2014,avril,mercredi,10:15,75,75114,0,0,2,4,3,1,1,4,1,02,1,1,020,020,1,0,1,4,2,59,4,1,2,00,2,2,7,201400054823B01,10,22,1
201400054839,2014-05-15,2014,mai,jeudi,14:35,75,75114,0,0,2,1,6,1,1,4,1,01,1,1,000,000,1,0,1,3,1,67,0,1,2,00,2,8,1,201400054839A01,10,14,1
201400054841,2014-05-17,2014,mai,samedi,14:50,75,75114,0,0,2,2,3,1,1,4,2,02,1,1,000,000,1,0,1,4,1,59,5,1,2,00,2,3,7,201400054841B01,7,15,1
201400054844,2014-05-19,2014,mai,lundi,20:10,75,75114,0,0,2,2,2,1,1,4,2,05,1,1,000,150,1,0,1,1,1,52,1,1,2,00,2,2,1,201400054844A01,33,23,1
201400054857,2014-06-04,2014,juin,mercredi,93:0,75,75114,0,0,2,3,3,1,2,4,2,06,1,1,000,180,2,0,1,4,1,41,5,1,2,00,2,1,17,201400054857A01,7,1,1
201400054858,2014-06-04,2014,juin,mercredi,18:20,75,75114,0,0,2,1,3,1,1,4,1,01,1,1,000,000,1,0,1,4,2,33,1,1,2,00,2,1,2,201400054858B01,7,22,1
201400054864,2014-06-11,2014,juin,mercredi,14:14,75,75114,0,0,2,2,3,1,1,4,2,05,2,1,000,150,1,0,0,4,1,59,1,1,2,00,2,5,1,201400054864B01,7,1,1
201400054868,2014-06-13,2014,juin,vendredi,16:40,75,75114,0,0,2,1,6,1,1,4,2,02,2,1,000,065,-1,0,1,1,1,20,5,1,2,00,1,1,1,201400054868A01,,,
201400054884,2014-06-27,2014,juin,vendredi,18:10,75,75114,0,0,2,1,2,1,1,4,1,01,1,1,000,030,1,0,1,4,1,64,5,1,2,01,2,7,1,201400054884B01,7,22,1
201400054893,2014-07-05,2014,juillet,samedi,18:00,75,75114,0,0,2,1,3,1,1,4,2,06,1,1,000,070,1,0,0,4,1,56,1,1,2,00,2,1,18,201400054893B01,7,22,1
201400054894,2014-07-06,2014,juillet,dimanche,31:5,75,75114,0,0,2,3,7,5,1,4,2,03,1,1,000,070,9,0,1,4,2,31,5,1,2,00,0,1,1,201400054894A01,,,