Num_Acc,date,an,mois,jour,hrmn,dep,com,lat,long,agg,int,col,lum,atm,catr,circ,nbv,prof,plan,lartpc,larrout,surf,infra,situ,grav,sexe,age,trajet,secuexist,equipement,obs,obsm,choc,manv,vehiculeid,typevehicules,manoeuvehicules,numVehicules
201400054902,2014-07-23,2014,juillet,mercredi,19:50,75,75114,0,0,2,2,3,1,1,4,3,00,-1,-1,000,000,-1,0,5,4,1,48,0,1,2,00,2,1,1,201400054902B01,7,16,1
201400054903,2014-07-25,2014,juillet,vendredi,21:0,75,75114,0,0,2,1,7,5,1,4,1,01,1,1,000,015,1,0,5,4,1,30,5,1,2,00,0,0,1,201400054903A01,,,
201400054914,2014-08-16,2014,août,samedi,11:55,75,75114,0,0,2,3,2,1,1,4,2,02,1,1,000,000,1,0,5,4,1,26,5,1,2,00,2,8,7,201400054914B01,7,16,1
201400054919,2014-08-28,2014,août,jeudi,14:55,75,75114,0,0,2,3,6,1,8,4,1,01,1,1,000,030,1,0,4,1,1,18,5,1,2,09,1,0,1,201400054919A01,,,
201400054923,2014-08-31,2014,août,dimanche,20:30,75,75114,0,0,2,1,1,5,1,4,2,02,1,1,020,090,1,0,1,1,1,21,5,1,2,00,2,1,15,201400054923A01,34,1,1
201400054924,2014-09-02,2014,septembre,mardi,18:05,75,75114,0,0,2,5,3,1,1,4,2,04,1,1,020,200,1,0,1,4,1,41,0,1,2,00,2,1,1,201400054924B01,7,1,1
201400054929,2014-09-06,2014,septembre,samedi,15:,75,75114,0,0,2,5,3,5,1,4,2,00,1,-1,000,110,1,0,1,4,2,34,5,1,2,00,2,1,7,201400054929B01,7,15,1
201400054937,2014-09-14,2014,septembre,dimanche,17:30,75,75114,0,0,2,1,7,1,1,4,1,01,1,1,000,010,1,0,5,4,1,69,5,1,2,00,0,7,21,201400054937A01,,,
201400054941,2014-09-24,2014,septembre,mercredi,10:15,75,75114,0,0,2,2,2,1,1,4,2,01,1,1,080,200,1,6,5,4,1,63,1,1,2,00,2,8,1,201400054941B01,10,16,1
201400054944,2014-09-25,2014,septembre,jeudi,17:30,75,75107,0,0,2,1,6,1,1,4,2,01,1,1,000,080,1,0,1,4,2,23,2,1,2,00,2,2,1,201400054944A01,7,17,1
201400054945,2014-09-25,2014,septembre,jeudi,18:40,75,75114,0,0,2,5,2,1,1,4,3,02,1,1,000,060,1,0,1,4,1,34,1,1,2,00,2,7,19,201400054945B01,7,16,1
201400054948,2014-10-03,2014,octobre,vendredi,80:0,75,75114,0,0,2,7,3,1,1,4,1,02,1,3,000,100,1,0,1,4,1,39,0,1,2,00,2,3,1,201400054948B01,7,16,1
201400054955,2014-10-12,2014,octobre,dimanche,11:50,75,75114,0,0,2,1,2,1,1,4,2,01,1,1,000,070,1,0,5,4,1,18,5,1,2,00,2,1,11,201400054955A01,7,23,1
201400054959,2014-10-19,2014,octobre,dimanche,62:0,75,75114,0,0,2,1,1,5,1,4,3,03,1,1,000,090,1,0,1,4,1,22,5,1,2,00,2,1,13,201400054959A01,7,1,1
201400054960,2014-10-19,2014,octobre,dimanche,19:40,75,75114,0,0,2,3,3,3,1,4,2,05,1,1,000,000,1,0,1,4,2,34,5,1,2,00,2,8,7,201400054960B01,7,17,1
201400054963,2014-10-23,2014,octobre,jeudi,90:0,75,75114,0,0,2,2,5,1,1,4,3,04,1,1,000,040,1,0,1,4,1,26,0,1,2,00,2,1,1,201400054963A01,32/ 31,1,2
201400054971,2014-11-04,2014,novembre,mardi,84:5,75,75114,0,0,2,7,3,1,8,4,2,04,1,1,000,020,1,0,1,4,2,47,0,1,2,00,2,0,19,201400054971B01,13,16,1
201400054985,2014-11-21,2014,novembre,vendredi,55:0,75,75114,0,0,2,1,6,5,1,4,2,03,2,1,000,100,1,0,4,1,1,57,1,1,2,00,1,0,1,201400054985A01,,,
201400054990,2014-11-26,2014,novembre,mercredi,21:00,75,75114,0,0,2,1,7,5,1,4,1,02,2,1,040,050,2,0,4,4,1,32,5,1,2,15,0,7,1,201400054990A01,,,
201400055002,2014-12-09,2014,décembre,mardi,12:40,75,75114,0,0,2,3,6,1,1,4,1,00,1,1,000,000,1,0,1,4,2,50,1,1,2,00,2,1,15,201400055002A01,7,1,1
201400055003,2014-12-09,2014,décembre,mardi,13:25,75,75114,0,0,2,1,3,1,1,4,1,01,4,1,000,020,1,0,5,4,1,28,1,1,2,00,2,3,1,201400055003B01,10,16,1
201400055006,2014-12-10,2014,décembre,mercredi,84:0,75,75114,0,0,2,5,3,1,2,4,3,02,1,1,000,000,2,0,1,4,1,57,0,1,2,00,2,1,1,201400055006B01,7,15,1
201400055017,2014-12-18,2014,décembre,jeudi,19:55,75,75114,0,0,2,1,4,5,1,4,1,01,1,1,000,070,1,0,1,4,1,32,1,1,2,01,2,7,1,201400055017B01,7,1/22,2
201400055084,2014-03-02,2014,mars,dimanche,10:30,75,75115,0,0,2,2,3,1,2,4,1,02,1,1,030,040,1,0,1,3,1,54,0,1,2,00,2,6,1,201400055084B01,7,1,1
201400055090,2014-03-11,2014,mars,mardi,12:50,75,75115,0,0,2,2,6,1,1,4,1,01,1,1,000,037,1,5,1,1,1,22,2,1,2,00,1,1,16,201400055090A01,,,
201400055091,2014-03-11,2014,mars,mardi,14:20,75,75115,0,0,2,1,3,1,1,4,2,04,-1,-1,000,000,1,2,1,4,2,57,5,1,2,00,2,8,13,201400055091A01,10,17,1
201400055103,2014-03-20,2014,mars,jeudi,15:35,75,75115,0,0,2,5,3,1,1,4,2,04,-1,-1,000,000,-1,0,1,4,1,47,0,1,2,00,2,3,13,201400055103A01,32,1,1
201400055115,2014-04-02,2014,avril,mercredi,16:30,75,75115,0,0,2,3,3,1,1,4,1,01,-1,-1,000,000,1,0,5,4,2,22,5,1,2,00,2,7,1,201400055115A01,7,1,1
201400055131,2014-04-19,2014,avril,samedi,21:40,75,75115,0,0,2,1,2,5,1,4,1,01,1,1,000,080,1,0,1,1,1,28,5,1,2,00,2,7,17,201400055131B01,33,23,1
201400055137,2014-04-27,2014,avril,dimanche,22:10,75,75115,0,0,2,2,2,5,1,4,2,02,1,1,000,000,1,0,1,1,2,21,0,1,2,00,2,3,15,201400055137B01,2,2,1
201400055145,2014-05-01,2014,mai,jeudi,19:50,75,75115,0,0,2,1,3,2,2,4,1,01,1,1,000,050,2,0,1,4,2,22,5,1,2,00,2,2,1,201400055145B01,7,22,1
201400055151,2014-05-10,2014,mai,samedi,12:00,75,75115,0,0,2,1,3,1,2,4,1,02,2,1,000,190,2,0,1,4,1,60,5,1,2,00,2,8,7,201400055151B01,7,22,1
201400055174,2014-06-10,2014,juin,mardi,94:0,75,75115,0,0,2,1,3,1,1,4,2,02,1,1,000,000,1,0,1,4,1,54,9,1,2,00,2,0,1,201400055174B01,7,22,1
201400055190,2014-06-20,2014,juin,vendredi,17:20,75,75115,0,0,2,2,3,1,1,4,1,02,1,1,000,060,1,0,1,4,1,23,1,1,2,00,2,1,1,201400055190B01,7,1,1
201400055192,2014-06-21,2014,juin,samedi,15:50,75,75115,0,0,2,1,3,1,1,4,2,02,1,1,000,102,1,0,1,4,2,43,0,1,2,00,2,3,2,201400055192B01,7,2,1
201400055195,2014-06-24,2014,juin,mardi,10:15,75,75115,0,0,2,1,2,1,1,4,2,02,1,1,000,130,1,0,1,4,1,42,0,1,2,00,2,2,1,201400055195B01,7,22,1
201400055196,2014-06-25,2014,juin,mercredi,20:30,75,75115,0,0,2,2,6,2,1,4,2,04,1,1,020,080,1,0,1,4,1,49,0,1,2,00,2,6,15,201400055196B01,32,17,1
201400055197,2014-06-27,2014,juin,vendredi,14:50,75,75115,0,0,2,1,6,1,1,4,1,01,1,1,000,000,1,0,1,1,2,27,1,1,2,00,1,1,1,201400055197A01,,,
201400055198,2014-06-27,2014,juin,vendredi,15:05,75,75115,0,0,2,1,7,1,1,4,2,01,1,1,000,000,1,0,1,4,2,29,5,1,2,01,0,2,21,201400055198A01,,,
201400055220,2014-08-05,2014,août,mardi,17:55,75,75115,0,0,2,1,7,1,1,4,3,04,2,1,000,000,1,0,5,3,1,54,1,1,2,00,0,0,1,201400055220A01,,,
201400055229,2014-08-22,2014,août,vendredi,14:05,75,75115,0,0,2,1,2,1,1,4,2,02,1,1,000,120,1,0,1,4,2,51,4,1,2,01,2,1,1,201400055229B01,7,22,1
201400055243,2014-09-08,2014,septembre,lundi,70:0,75,75115,0,0,2,1,3,1,1,4,1,01,1,1,000,036,1,0,1,4,1,48,1,1,2,00,2,2,1,201400055243B01,7,22,1
201400055247,2014-09-09,2014,septembre,mardi,16:20,75,75115,0,0,2,1,6,1,1,4,1,00,1,-1,000,120,1,0,1,4,2,26,1,1,2,00,1,7,1,201400055247A01,,,
201400055262,2014-09-24,2014,septembre,mercredi,20:4,75,75115,0,0,2,2,3,5,1,4,-1,01,1,-1,000,000,1,0,1,4,1,22,9,1,2,00,2,8,1,201400055262B01,7,1,1
201400055263,2014-09-24,2014,septembre,mercredi,10:35,75,75115,0,0,2,2,6,1,1,4,1,02,1,1,020,040,1,0,1,1,2,13,0,1,2,01,1,1,1,201400055263A01,,,
201400055264,2014-09-24,2014,septembre,mercredi,18:25,75,75115,0,0,2,1,6,1,1,4,1,01,1,1,000,050,1,0,1,1,1,29,1,1,2,00,1,3,1,201400055264A01,,,
201400055276,2014-10-01,2014,octobre,mercredi,15:30,75,75115,0,0,2,1,6,1,1,4,1,02,1,1,090,100,1,0,1,4,1,74,0,1,2,12,2,4,7,201400055276B01,7,14,1
201400055277,2014-10-01,2014,octobre,mercredi,21:50,75,75115,0,0,2,1,3,3,1,4,3,02,1,1,000,060,1,0,1,4,1,50,9,1,2,00,2,1,1,201400055277B01,7,10,1
201400055279,2014-10-02,2014,octobre,jeudi,13:00,75,75115,0,0,2,1,3,1,1,4,2,02,1,1,000,200,1,2,5,4,2,52,0,1,2,00,2,4,13,201400055279B01,34,2,1
201400055288,2014-10-11,2014,octobre,samedi,17:45,75,75115,0,0,2,4,7,1,1,4,3,01,1,1,000,000,1,0,1,4,2,33,0,1,2,00,0,1,1,201400055288A01,,,
201400055289,2014-10-09,2014,octobre,jeudi,15:30,75,75115,0,0,2,3,3,1,1,4,2,02,1,1,080,060,1,0,1,1,1,23,1,1,2,00,2,1,15,201400055289A01,1,1,1
201400055289,2014-10-09,2014,octobre,jeudi,15:30,75,75115,0,0,2,3,3,1,1,4,2,02,1,1,080,060,1,0,1,4,1,66,9,1,2,00,2,7,1,201400055289B01,1,15,1
201400055292,2014-10-15,2014,octobre,mercredi,17:00,75,75115,0,0,2,2,6,1,8,4,2,02,1,1,000,100,2,0,1,4,1,14,0,1,2,01,0,0,15,201400055292A01,,,
201400055299,2014-10-22,2014,octobre,mercredi,14:55,75,75115,0,0,2,3,2,1,1,4,1,03,1,1,000,000,1,0,1,4,1,46,5,1,2,00,2,1,2,201400055299A01,14,23,1
201400055301,2014-10-25,2014,octobre,samedi,15:10,75,75107,0,0,2,1,6,1,2,4,3,01,1,1,000,000,2,0,5,4,1,32,1,1,2,00,2,1,1,201400055301B01,7,22,1
201400055310,2014-10-30,2014,octobre,jeudi,23:25,75,75115,0,0,2,2,3,5,1,4,-1,01,1,1,000,090,1,0,1,4,1,23,0,1,2,00,2,7,1,201400055310A01,7,1,1
201400055349,2014-12-10,2014,décembre,mercredi,11:45,75,75115,0,0,2,7,1,1,8,4,1,02,1,1,000,060,2,0,1,4,2,26,2,1,2,00,2,1,5,201400055349A01,7,1,1
201400055350,2014-12-10,2014,décembre,mercredi,13:45,75,75115,0,0,2,1,6,1,2,4,2,01,1,1,000,080,2,0,1,1,1,33,5,1,2,00,1,3,1,201400055350A01,,,
201400055358,2014-12-16,2014,décembre,mardi,84:0,75,75115,0,0,2,2,6,2,2,4,1,01,2,1,000,020,2,0,1,4,1,58,1,1,2,01,0,4,1,201400055358A01,7,17,1
201400055368,2014-12-24,2014,décembre,mercredi,95:8,75,75115,0,0,2,1,6,1,1,4,2,02,1,1,000,050,1,0,1,1,2,54,1,1,2,00,1,1,1,201400055368A01,,,
201400055418,2014-02-05,2014,février,mercredi,15:10,75,75116,0,0,2,2,3,1,2,4,1,02,1,1,000,000,2,0,1,4,1,42,4,1,2,00,0,7,16,201400055418A01,33,21,1
201400055437,2014-02-24,2014,février,lundi,13:00,75,75116,0,0,2,4,6,1,1,4,1,01,1,3,000,000,1,6,5,1,1,43,0,1,2,00,1,1,2,201400055437A01,,,
201400055445,2014-03-05,2014,mars,mercredi,12:00,75,75116,0,0,2,2,3,1,1,4,-1,04,1,1,000,000,1,0,1,4,1,37,5,1,2,00,2,4,1,201400055445B01,31,11,1
201400055450,2014-03-06,2014,mars,jeudi,19:00,75,75116,0,0,2,1,3,5,1,4,1,01,2,1,000,000,1,0,1,4,1,74,5,1,2,00,2,1,1,201400055450B01,7,22,1
201400055452,2014-03-08,2014,mars,samedi,16:15,75,75116,0,0,2,2,2,1,1,4,1,00,1,3,000,000,1,0,5,1,1,29,5,1,2,00,2,8,21,201400055452B01,1,21,1
201400055452,2014-03-08,2014,mars,samedi,16:15,75,75116,0,0,2,2,2,1,1,4,1,00,1,3,000,000,1,0,5,4,1,53,5,1,2,00,2,1,21,201400055452A01,1,21,1
201400055453,2014-03-09,2014,mars,dimanche,18:30,75,75116,0,0,2,1,6,1,1,4,1,01,1,1,000,000,-1,0,1,1,2,54,5,1,2,00,1,1,5,201400055453A01,,,
201400055480,2014-03-26,2014,mars,mercredi,91:5,75,75116,0,0,2,7,2,1,1,4,2,02,1,1,000,000,1,0,1,4,1,33,1,1,2,00,2,1,1,201400055480A01,7,23,1
201400055487,2014-03-28,2014,mars,vendredi,18:55,75,75116,0,0,2,1,2,2,1,4,1,01,1,1,000,000,1,0,1,4,1,70,5,1,2,00,2,1,1,201400055487A01,7,9,1
201400055494,2014-04-06,2014,avril,dimanche,93:0,75,75116,0,0,2,7,3,1,1,4,2,02,1,1,050,100,1,0,0,4,1,37,5,1,2,00,2,4,1,201400055494A01,7,1,1
201400055495,2014-04-06,2014,avril,dimanche,11:30,75,75116,0,0,2,1,3,1,1,4,2,01,1,2,050,100,-1,0,5,4,1,36,5,1,2,00,2,1,1,201400055495B01,7,15,1
201400055500,2014-04-08,2014,avril,mardi,12:25,75,75116,0,0,2,1,2,1,1,4,-1,00,1,1,000,000,1,0,1,4,1,30,1,1,2,01,2,1,1,201400055500B01,7,22,1
201400055509,2014-04-10,2014,avril,jeudi,14:30,75,75116,0,0,2,7,3,1,1,4,2,02,1,1,000,000,1,0,1,4,1,43,5,1,2,00,2,8,1,201400055509B01,10,16,1
201400055514,2014-04-13,2014,avril,dimanche,84:5,75,75116,0,0,2,2,5,1,1,4,2,03,1,1,000,000,1,0,1,4,1,56,4,1,2,00,2,2,23,201400055514B01,7,23/16,2
201400055517,2014-04-16,2014,avril,mercredi,10:00,75,75116,0,0,2,1,2,1,7,4,2,01,1,1,000,000,1,6,1,4,1,24,9,1,2,02,0,1,1,201400055517B01,10,23,1
201400055530,2014-04-26,2014,avril,samedi,17:20,75,75116,0,0,2,3,3,1,1,4,1,02,1,-1,000,000,1,0,1,4,1,45,5,1,2,00,2,1,19,201400055530A01,7,16,1
201400055531,2014-04-27,2014,avril,dimanche,12:35,75,75116,0,0,2,1,4,1,1,4,2,01,1,2,050,100,3,0,5,4,1,38,5,1,2,00,2,1,1,201400055531C01,7,10,1
201400055531,2014-04-27,2014,avril,dimanche,12:35,75,75116,0,0,2,1,4,1,1,4,2,01,1,2,050,100,3,0,5,4,1,36,5,1,2,00,2,0,1,201400055531B01,7,10,1
201400055535,2014-04-28,2014,avril,lundi,18:15,75,75116,0,0,2,5,3,1,1,4,2,04,1,1,000,000,1,0,1,4,1,59,5,1,2,00,2,8,1,201400055535B01,7,16,1
201400055539,2014-05-03,2014,mai,samedi,23:0,75,75116,0,0,2,1,6,5,1,4,2,01,2,1,000,040,1,0,1,4,1,19,5,1,2,01,0,1,1,201400055539A01,,,
201400055540,2014-05-03,2014,mai,samedi,10:20,75,75116,0,0,2,1,7,1,1,4,2,03,1,3,000,000,1,0,5,4,1,42,5,1,2,01,0,1,13,201400055540A01,,,
201400055542,2014-05-04,2014,mai,dimanche,11:40,75,75116,0,0,2,1,6,1,1,4,1,02,1,1,000,000,1,0,5,1,1,46,5,1,2,00,1,1,1,201400055542A01,,,
201400055553,2014-05-11,2014,mai,dimanche,11:15,75,75116,0,0,2,1,6,1,2,4,1,01,1,3,000,000,2,0,5,4,2,54,5,1,2,00,1,1,1,201400055553A01,,,
201400055561,2014-05-17,2014,mai,samedi,17:00,75,75116,0,0,2,5,2,1,1,4,1,03,1,1,000,000,1,0,1,4,1,56,5,1,2,00,2,4,7,201400055561B01,7,7,1
201400055568,2014-05-23,2014,mai,vendredi,15:30,75,75116,0,0,2,1,3,1,1,4,1,01,1,1,000,000,1,0,1,4,1,38,5,1,2,00,2,8,1,201400055568B01,10,17,1
201400055574,2014-05-27,2014,mai,mardi,16:00,75,75116,0,0,2,7,2,1,1,4,1,02,2,1,000,000,1,0,1,4,1,43,5,1,2,00,2,3,7,201400055574A01,10,16,1
201400055584,2014-06-05,2014,juin,jeudi,19:14,75,75116,0,0,2,3,3,1,1,4,1,00,1,3,000,000,1,0,5,4,1,51,5,1,2,00,2,0,1,201400055584B01,7,1,1
201400055585,2014-06-06,2014,juin,vendredi,10:05,75,75116,0,0,2,5,6,1,1,4,2,08,1,1,000,000,1,0,1,4,1,47,4,1,2,00,2,5,1,201400055585B01,34,12,1
201400055597,2014-06-11,2014,juin,mercredi,18:25,75,75116,0,0,2,1,7,1,1,4,1,01,1,1,000,040,1,0,1,4,1,59,5,1,2,12,0,1,1,201400055597A01,,,
201400055599,2014-06-13,2014,juin,vendredi,20:20,75,75116,0,0,2,1,6,1,1,4,1,01,1,1,000,000,1,0,1,4,2,34,5,1,2,00,1,1,1,201400055599A01,,,
201400055602,2014-06-11,2014,juin,mercredi,16:20,75,75116,0,0,2,2,2,1,1,4,2,02,2,1,050,100,1,0,1,3,1,24,5,1,2,00,2,1,7,201400055602B01,14,16,1
201400055603,2014-06-15,2014,juin,dimanche,18:05,75,75116,0,0,2,2,3,1,1,4,2,02,1,1,000,000,1,0,1,4,2,17,5,1,2,00,2,7,2,201400055603B01,7,2,1
201400055605,2014-06-16,2014,juin,lundi,18:20,75,75116,0,0,2,3,2,1,1,4,1,01,1,1,000,000,1,0,1,4,1,26,5,1,2,00,2,1,15,201400055605A01,7,1,1
201400055614,2014-06-22,2014,juin,dimanche,18:25,75,75116,0,0,2,7,3,1,1,4,1,02,1,1,000,000,1,0,1,4,2,19,5,1,2,00,2,3,15,201400055614A01,7,1,1
201400055616,2014-06-25,2014,juin,mercredi,11:30,75,75116,0,0,2,1,6,1,1,4,1,01,1,1,000,000,1,0,1,4,1,15,5,1,2,00,2,1,1,201400055616A01,7,1,1
201400055634,2014-07-03,2014,juillet,jeudi,22:00,75,75116,0,0,2,1,2,2,1,4,-1,01,1,1,000,000,1,0,5,4,1,16,5,1,2,00,2,1,2,201400055634A01,1,23,1
201400055634,2014-07-03,2014,juillet,jeudi,22:00,75,75116,0,0,2,1,2,2,1,4,-1,01,1,1,000,000,1,0,5,4,2,35,5,1,2,00,2,6,23,201400055634B01,1,2,1
201400055649,2014-07-17,2014,juillet,jeudi,18:40,75,75116,0,0,2,5,3,1,1,4,2,02,1,1,020,030,1,0,1,4,1,36,4,1,2,00,2,1,18,201400055649A01,7,15,1
201400055654,2014-07-20,2014,juillet,dimanche,11:10,75,75116,0,0,2,1,6,1,1,4,1,01,1,3,000,000,1,0,1,4,1,61,5,1,2,00,1,8,17,201400055654A01,,,
201400055657,2014-07-28,2014,juillet,lundi,10:12,75,75116,0,0,2,7,3,1,1,4,1,01,1,-1,120,200,1,0,1,4,1,40,1,1,2,00,2,1,15,201400055657A01,32,17,1
201400055663,2014-08-01,2014,août,vendredi,19:40,75,75116,0,0,2,4,3,1,1,4,1,01,2,-1,000,000,1,0,5,4,1,44,1,1,2,00,2,3,1,201400055663A01,33,1,1
201400055671,2014-08-22,2014,août,vendredi,17:30,75,75116,0,0,2,1,3,1,1,4,2,02,1,1,000,000,1,0,0,4,1,21,5,1,2,00,2,3,9,201400055671A01,7,16,1
201400055683,2014-09-03,2014,septembre,mercredi,92:0,75,75116,0,0,2,5,3,1,1,4,2,00,1,1,000,000,-1,0,1,4,2,49,1,1,2,00,2,8,15,201400055683A01,30,1,1
201400055685,2014-09-05,2014,septembre,vendredi,90:0,75,75116,0,0,2,3,3,1,1,4,1,02,1,1,000,000,1,0,0,4,1,54,1,1,2,00,2,1,1,201400055685B01,7,9,1
201400055711,2014-09-19,2014,septembre,vendredi,18:00,75,75116,0,0,2,1,7,1,1,4,-1,01,2,-1,000,000,2,0,0,4,2,37,5,1,2,00,0,0,1,201400055711A01,,,
201400055718,2014-09-24,2014,septembre,mercredi,22:40,75,75116,0,0,2,7,7,5,1,4,2,02,1,1,000,000,1,0,1,4,1,21,5,1,2,00,0,0,1,201400055718A01,,,
201400055724,2014-09-29,2014,septembre,lundi,14:15,75,75116,0,0,2,1,6,1,1,4,2,02,1,1,000,000,1,0,1,4,2,35,0,1,2,01,0,1,1,201400055724A01,,,
201400055728,2014-09-30,2014,septembre,mardi,19:00,75,75116,0,0,2,1,5,1,1,4,2,02,1,1,000,000,1,0,1,4,1,35,5,1,2,00,2,1,1,201400055728C01,7,15,1
201400055728,2014-09-30,2014,septembre,mardi,19:00,75,75116,0,0,2,1,5,1,1,4,2,02,1,1,000,000,1,0,1,4,1,47,5,1,2,00,2,1,1,201400055728B01,7,15,1
201400055731,2014-10-02,2014,octobre,jeudi,13:10,75,75116,0,0,2,4,4,1,1,4,1,01,1,1,000,000,1,0,5,4,1,70,5,1,2,00,2,8,15,201400055731A01,1,1,2
201400055731,2014-10-02,2014,octobre,jeudi,13:10,75,75116,0,0,2,4,4,1,1,4,1,01,1,1,000,000,1,0,5,4,1,39,5,1,2,00,2,1,1,201400055731B01,1,15/1,2
201400055731,2014-10-02,2014,octobre,jeudi,13:10,75,75116,0,0,2,4,4,1,1,4,1,01,1,1,000,000,1,0,5,4,1,38,5,1,2,00,2,0,1,201400055731C01,1,15/1,2
201400055741,2014-10-08,2014,octobre,mercredi,17:45,75,75116,0,0,2,1,2,2,2,4,1,01,1,-1,000,000,2,0,1,4,1,57,5,1,2,00,2,1,1,201400055741A01,1,1,1
201400055741,2014-10-08,2014,octobre,mercredi,17:45,75,75116,0,0,2,1,2,2,2,4,1,01,1,-1,000,000,2,0,1,1,1,76,5,1,2,00,2,4,1,201400055741B01,1,1,1
201400055746,2014-10-11,2014,octobre,samedi,20:30,75,75116,0,0,2,3,3,5,1,4,1,03,1,1,000,000,1,5,5,4,1,36,5,1,2,00,2,1,1,201400055746B01,7,15,1
201400055761,2014-10-16,2014,octobre,jeudi,20:55,75,75116,0,0,2,7,3,5,2,4,-1,01,1,1,000,000,1,0,1,4,2,38,1,1,2,00,2,7,1,201400055761A01,7,15,1
201400055764,2014-10-19,2014,octobre,dimanche,12:50,75,75116,0,0,2,1,2,1,1,4,1,01,1,3,000,000,1,0,1,4,1,19,5,1,2,00,2,1,2,201400055764B01,7,23,1
201400055778,2014-10-25,2014,octobre,samedi,12:45,75,75116,0,0,2,3,3,1,1,4,2,02,1,1,000,100,1,0,1,4,1,29,1,1,2,00,2,1,1,201400055778B01,7,10,1
201400055779,2014-10-26,2014,octobre,dimanche,11:45,75,75116,0,0,2,1,3,1,1,4,2,01,1,1,000,000,1,0,1,4,1,52,5,1,2,00,2,1,1,201400055779B01,7,9,1
201400055792,2014-11-05,2014,novembre,mercredi,13:45,75,75116,0,0,2,4,3,1,1,4,-1,01,1,-1,000,000,1,0,1,4,2,66,5,1,2,00,2,8,1,201400055792B01,7,16,1
201400055809,2014-11-18,2014,novembre,mardi,17:00,75,75116,0,0,2,4,3,2,2,4,1,04,1,2,000,000,2,5,1,4,1,20,4,1,2,00,2,7,1,201400055809B01,7,1,1
201400055818,2014-11-23,2014,novembre,dimanche,16:00,75,75116,0,0,2,1,6,1,1,4,1,01,1,1,000,000,1,0,1,1,1,14,5,1,2,00,1,3,5,201400055818A01,,,
201400055831,2014-11-29,2014,novembre,samedi,15:00,75,75116,0,0,2,3,6,1,1,4,1,02,2,1,000,000,1,0,0,1,1,35,1,1,2,00,1,1,16,201400055831A01,,,
201400055839,2014-12-04,2014,décembre,jeudi,15:15,75,75116,0,0,2,1,6,1,1,4,1,01,1,1,000,000,1,0,1,1,1,18,2,1,2,00,1,1,5,201400055839A01,,,
201400055845,2014-12-08,2014,décembre,lundi,10:30,75,75116,0,0,2,7,3,1,2,4,-1,00,1,1,000,000,1,0,1,4,2,40,1,1,2,00,2,1,1,201400055845B01,7,15,1
201400055855,2014-12-15,2014,décembre,lundi,18:05,75,75116,0,0,2,7,3,5,2,4,-1,04,1,-1,000,000,2,0,1,4,1,52,0,1,2,00,2,7,1,201400055855B01,7,11,1
201400055876,2014-01-16,2014,janvier,jeudi,13:00,75,75116,0,0,2,5,3,1,2,4,2,02,1,1,000,050,2,0,1,1,1,38,4,1,2,00,2,8,23,201400055876B01,32,2,1
201400055911,2014-02-03,2014,février,lundi,18:20,75,75117,0,0,2,1,6,5,1,4,2,01,1,1,040,040,1,0,1,1,1,36,5,1,2,00,1,1,1,201400055911A01,,,
201400055913,2014-02-05,2014,février,mercredi,19:15,75,75117,0,0,2,1,4,5,2,4,2,01,1,1,000,000,2,0,1,4,1,27,1,1,2,01,2,1,1,201400055913B01,7,23/22,2
201400055921,2014-02-12,2014,février,mercredi,17:50,75,75117,0,0,2,2,3,5,2,4,1,01,1,1,000,000,2,0,1,4,1,47,5,1,2,00,2,1,1,201400055921A01,7,1,1
201400055923,2014-02-13,2014,février,jeudi,74:0,75,75117,0,0,2,1,6,2,2,4,2,02,1,1,000,100,2,0,1,4,1,34,1,1,2,00,1,8,7,201400055923A01,,,
201400055941,2014-02-27,2014,février,jeudi,15:55,75,75117,0,0,2,1,2,1,2,4,1,01,2,1,000,000,2,6,1,4,1,49,1,1,2,00,0,1,1,201400055941A01,10,23,1
201400055951,2014-03-07,2014,mars,vendredi,83:0,75,75117,0,0,2,7,6,1,1,4,1,02,1,-1,000,000,1,0,1,4,1,53,1,1,2,00,2,6,2,201400055951A01,30,2,1
201400055954,2014-03-08,2014,mars,samedi,10:40,75,75117,0,0,2,2,3,1,1,4,2,02,-1,1,000,060,1,0,1,4,1,23,1,1,2,00,2,1,1,201400055954B01,13,22,1
201400055961,2014-03-13,2014,mars,jeudi,81:9,75,75117,0,0,2,5,3,1,1,4,2,03,1,1,000,080,1,0,1,4,1,38,1,1,2,00,2,3,1,201400055961A01,33,1,1
201400055962,2014-03-13,2014,mars,jeudi,16:30,75,75117,0,0,2,5,6,1,1,4,2,02,1,1,000,100,1,0,1,4,2,25,5,1,2,00,2,8,19,201400055962A01,7,1,1
201400055971,2014-03-25,2014,mars,mardi,93:0,75,75117,0,0,2,2,1,1,2,4,2,04,1,1,000,000,2,0,1,4,1,46,1,1,2,00,2,1,1,201400055971B01,37,15,1
201400055984,2014-04-02,2014,avril,mercredi,35:,75,75117,0,0,2,2,3,5,1,4,2,02,1,1,000,000,1,0,1,4,2,23,4,1,2,00,2,7,19,201400055984B01,2,1,1
201400055986,2014-04-08,2014,avril,mardi,93:0,75,75117,0,0,2,1,6,1,1,4,2,00,1,1,000,000,1,0,1,4,2,28,1,1,2,00,2,0,1,201400055986A01,32,17,1
201400056009,2014-05-02,2014,mai,vendredi,11:15,75,75117,0,0,2,2,3,1,1,4,-1,01,1,1,000,000,1,0,1,4,2,25,1,1,2,00,2,1,1,201400056009A01,7,1,1
201400056018,2014-05-12,2014,mai,lundi,10:35,75,75117,0,0,2,2,3,1,2,4,1,01,-1,-1,000,000,1,0,1,4,2,51,0,1,2,00,2,0,1,201400056018B01,7,1,1