Num_Acc,date,an,mois,jour,hrmn,dep,com,lat,long,agg,int,col,lum,atm,catr,circ,nbv,prof,plan,lartpc,larrout,surf,infra,situ,grav,sexe,age,trajet,secuexist,equipement,obs,obsm,choc,manv,vehiculeid,typevehicules,manoeuvehicules,numVehicules
201400056048,2014-06-04,2014,juin,mercredi,90:0,75,75117,0,0,2,1,3,1,3,4,2,02,1,1,000,000,2,0,1,1,1,44,1,1,2,00,2,4,13,201400056048A01,31,1,1
201400056051,2014-06-06,2014,juin,vendredi,13:15,75,75117,0,0,2,3,3,1,1,4,1,03,1,1,000,000,1,0,1,4,1,17,2,1,2,00,2,1,7,201400056051A01,7,16,1
201400056056,2014-06-11,2014,juin,mercredi,15:00,75,75117,0,0,2,5,6,1,1,4,1,03,1,1,000,000,1,5,1,4,1,12,5,1,2,00,2,8,19,201400056056A01,33,1,1
201400056065,2014-06-17,2014,juin,mardi,12:50,75,75117,0,0,2,3,6,1,1,4,1,01,1,1,000,000,1,0,4,1,1,53,5,1,2,00,1,1,5,201400056065A01,,,
201400056070,2014-06-20,2014,juin,vendredi,91:5,75,75117,0,0,2,1,2,1,1,4,2,00,1,1,000,000,1,0,1,4,2,27,1,1,2,01,2,1,1,201400056070A01,7,22,1
201400056084,2014-06-30,2014,juin,lundi,95:0,75,75117,0,0,2,1,2,1,1,4,2,02,1,1,000,000,1,0,1,4,1,25,1,1,2,01,2,2,1,201400056084B01,7,22,1
201400056115,2014-08-03,2014,août,dimanche,21:7,75,75117,0,0,2,5,6,4,1,4,2,01,1,1,000,000,1,0,1,4,1,49,1,1,2,00,2,4,1,201400056115A01,7,16,1
201400056119,2014-08-05,2014,août,mardi,14:40,75,75117,0,0,2,1,3,1,1,4,2,02,1,1,000,000,1,0,1,4,2,54,5,1,2,00,2,8,13,201400056119B01,33,1,1
201400056129,2014-08-20,2014,août,mercredi,15:20,75,75116,0,0,2,1,3,1,1,4,1,03,1,1,000,000,1,0,1,1,1,26,5,1,2,00,2,5,1,201400056129B01,2,11,1
201400056153,2014-09-15,2014,septembre,lundi,90:0,75,75117,0,0,2,7,3,1,1,4,1,04,1,2,000,000,1,0,1,4,2,26,0,1,2,00,2,1,13,201400056153A01,7,1,1
201400056162,2014-09-21,2014,septembre,dimanche,19:50,75,75117,0,0,2,1,3,5,1,4,2,01,1,1,000,000,1,0,0,4,1,32,1,1,2,00,2,1,1,201400056162B01,7,22,1
201400056163,2014-09-22,2014,septembre,lundi,91:0,75,75117,0,0,2,3,3,1,1,4,1,01,1,1,000,000,1,0,1,4,2,59,1,1,2,00,2,1,1,201400056163B01,14,15,1
201400056166,2014-09-23,2014,septembre,mardi,10:10,75,75117,0,0,2,1,2,1,1,4,1,00,1,1,000,000,1,0,1,4,1,30,1,1,2,00,2,3,1,201400056166A01,7,22,1
201400056167,2014-09-24,2014,septembre,mercredi,17:00,75,75117,0,0,2,1,6,1,1,4,1,02,1,1,000,000,1,0,1,1,1,18,2,1,2,00,1,1,5,201400056167A01,,,
201400056171,2014-09-30,2014,septembre,mardi,15:30,75,75117,0,0,2,1,2,1,1,4,1,02,1,1,000,000,1,0,1,4,1,33,4,1,2,00,2,2,7,201400056171B01,14,9,1
201400056183,2014-10-07,2014,octobre,mardi,21:35,75,75117,0,0,2,1,3,5,1,4,1,01,1,1,000,000,1,0,1,3,1,42,5,1,2,00,2,1,5,201400056183A01,7,9,1
201400056186,2014-10-09,2014,octobre,jeudi,93:0,75,75117,0,0,2,4,2,1,1,4,1,01,1,-1,000,000,1,0,1,4,1,39,1,1,2,00,2,1,1,201400056186B01,7,22,1
201400056189,2014-10-10,2014,octobre,vendredi,18:00,75,75117,0,0,2,1,3,1,1,4,2,02,1,-1,000,000,1,0,1,4,2,43,1,1,2,00,2,8,7,201400056189B01,7,17,1
201400056205,2014-10-23,2014,octobre,jeudi,15:40,75,75117,0,0,2,1,3,1,1,4,2,00,1,1,000,000,1,0,1,4,1,16,0,1,2,00,2,1,1,201400056205B01,7,22,1
201400056206,2014-10-24,2014,octobre,vendredi,13:00,75,75117,0,0,2,1,3,1,1,4,2,00,1,1,000,000,1,0,1,4,1,50,5,1,2,00,2,4,13,201400056206A01,7,1,1
201400056211,2014-10-31,2014,octobre,vendredi,14:45,75,75117,0,0,2,1,6,1,1,4,1,01,1,1,000,000,1,0,5,1,1,20,0,1,2,00,1,1,1,201400056211A01,,,
201400056216,2014-11-04,2014,novembre,mardi,13:30,75,75117,0,0,2,2,3,1,1,4,1,01,1,1,000,000,1,0,1,4,2,29,0,1,2,00,2,2,15,201400056216A01,7,1,1
201400056218,2014-11-04,2014,novembre,mardi,17:00,75,75117,0,0,2,3,2,1,1,4,2,03,2,1,000,000,1,0,1,4,2,39,5,1,2,00,2,1,2,201400056218A01,10,23,1
201400056250,2014-12-07,2014,décembre,dimanche,15:50,75,75117,0,0,2,1,3,1,8,4,1,01,2,1,000,000,-1,0,1,4,1,24,0,1,2,00,2,1,1,201400056250B01,7,22,1
201400056270,2014-12-22,2014,décembre,lundi,17:20,75,75117,0,0,2,3,2,4,2,4,-1,02,1,1,000,000,1,0,1,4,1,26,5,1,2,00,2,1,1,201400056270A01,7,23,1
201400056285,2014-01-16,2014,janvier,jeudi,13:10,75,75118,0,0,2,4,3,1,2,4,3,04,1,1,000,120,2,0,1,4,1,49,1,1,2,00,2,8,7,201400056285B01,7,14,1
201400056292,2014-01-25,2014,janvier,samedi,20:0,75,75118,0,0,2,3,6,5,2,4,4,01,2,1,000,000,2,0,5,4,2,28,5,1,2,00,2,3,1,201400056292A01,10,15,1
201400056306,2014-02-09,2014,février,dimanche,12:35,75,75118,0,0,2,5,2,1,8,4,2,02,1,1,000,040,1,0,1,4,2,34,5,1,2,00,2,3,15,201400056306B01,33,2,1
201400056316,2014-02-15,2014,février,samedi,14:0,75,75110,0,0,2,5,3,5,1,4,2,00,1,1,000,040,1,0,1,4,1,33,0,1,2,00,2,1,1,201400056316B01,7,1,1
201400056334,2014-03-14,2014,mars,vendredi,21:45,75,75118,0,0,2,3,4,5,1,4,1,01,2,1,000,030,1,0,1,4,2,39,5,1,2,00,2,6,1,201400056334C01,2/ 33,16/1,2
201400056344,2014-03-25,2014,mars,mardi,11:45,75,75118,0,0,2,5,2,1,2,4,2,02,-1,1,000,000,2,0,1,4,1,38,0,1,2,00,2,7,17,201400056344B01,7,15,1
201400056351,2014-03-27,2014,mars,jeudi,11:05,75,75118,0,0,2,1,3,1,1,4,1,01,1,1,000,050,1,0,1,4,1,13,2,1,2,00,2,7,19,201400056351B01,7,1,1
201400056399,2014-05-15,2014,mai,jeudi,82:0,75,75118,0,0,2,1,3,1,1,4,1,00,1,1,000,030,1,0,1,4,2,51,0,1,2,00,2,1,1,201400056399B01,10,22,1
201400056402,2014-05-19,2014,mai,lundi,19:45,75,75118,0,0,2,5,2,1,1,4,1,01,2,1,000,000,1,0,1,4,1,16,5,1,2,00,2,1,1,201400056402A01,7,23,1
201400056409,2014-05-23,2014,mai,vendredi,5:,75,75118,0,0,2,7,6,5,1,4,1,01,1,1,000,000,2,0,1,4,2,23,5,1,2,00,2,8,1,201400056409A01,30,19,1
201400056418,2014-06-02,2014,juin,lundi,81:5,75,75118,0,0,2,4,6,1,1,4,2,02,1,1,000,100,1,0,1,4,2,40,1,1,2,00,2,4,23,201400056418A01,7,2,1
201400056457,2014-07-02,2014,juillet,mercredi,18:15,75,75118,0,0,2,5,3,1,1,4,2,02,1,1,000,100,1,0,1,4,1,40,4,1,2,00,2,8,1,201400056457B01,7,15,1
201400056466,2014-07-08,2014,juillet,mardi,18:45,75,75118,0,0,2,1,6,1,8,4,-1,01,1,1,000,050,1,0,5,4,2,34,1,1,2,00,2,1,1,201400056466A01,7,22,1
201400056469,2014-07-11,2014,juillet,vendredi,21:45,75,75118,0,0,2,3,6,5,1,4,1,00,1,1,000,000,1,0,1,4,1,53,0,1,2,00,2,8,15,201400056469A01,7,5,1
201400056470,2014-07-12,2014,juillet,samedi,10:35,75,75118,0,0,2,3,6,1,1,4,1,01,1,1,080,040,1,0,5,1,1,45,5,1,2,00,1,7,1,201400056470A01,,,
201400056478,2014-07-20,2014,juillet,dimanche,15:55,75,75118,0,0,2,3,3,1,1,4,1,01,1,1,000,030,1,0,1,4,2,28,5,1,2,00,2,1,1,201400056478B01,7,22,1
201400056489,2014-08-04,2014,août,lundi,18:10,75,75118,0,0,2,4,3,1,1,4,-1,03,1,1,000,060,1,0,1,4,1,22,0,1,2,00,2,9,7,201400056489B01,7,16,1
201400056492,2014-08-08,2014,août,vendredi,12:50,75,75118,0,0,2,1,1,1,2,4,1,01,1,1,000,065,2,0,5,4,1,21,5,1,2,00,2,1,1,201400056492B01,10,9,1
201400056504,2014-09-01,2014,septembre,lundi,18:25,75,75118,0,0,2,2,3,1,1,4,3,03,1,-1,000,035,1,0,1,4,1,50,0,1,2,00,2,7,7,201400056504B01,7,17,1
201400056507,2014-09-04,2014,septembre,jeudi,18:20,75,75118,0,0,2,5,3,1,1,4,1,01,1,1,000,030,1,0,1,4,2,61,4,1,2,00,2,1,1,201400056507B01,7,22,1
201400056512,2014-09-12,2014,septembre,vendredi,75:5,75,75118,0,0,2,1,3,1,1,4,2,02,1,-1,000,060,1,0,1,4,1,22,5,1,2,00,2,1,1,201400056512B01,7,22,1
201400056515,2014-09-20,2014,septembre,samedi,17:00,75,75118,0,0,2,4,2,1,1,4,1,01,1,1,070,050,1,0,1,4,1,22,0,1,2,01,2,1,1,201400056515B01,10,22,1
201400056517,2014-09-23,2014,septembre,mardi,10:00,75,75118,0,0,2,1,2,1,1,4,2,02,1,1,000,060,1,0,1,4,2,28,1,1,2,01,2,1,1,201400056517A01,7,22,1
201400056522,2014-09-26,2014,septembre,vendredi,18:25,75,75118,0,0,2,2,3,1,1,4,2,02,1,1,000,060,1,0,1,4,2,44,1,1,2,00,2,8,1,201400056522B01,7,1,1
201400056530,2014-10-02,2014,octobre,jeudi,17:40,75,75118,0,0,2,5,2,1,1,4,2,02,1,1,000,060,1,0,1,4,2,30,1,1,2,00,2,6,15,201400056530B01,34,2,1
201400056531,2014-10-03,2014,octobre,vendredi,85:5,75,75118,0,0,2,2,3,1,1,4,2,04,1,1,000,080,1,0,1,4,2,29,1,1,2,00,2,7,1,201400056531A01,10,15,1
201400056539,2014-10-09,2014,octobre,jeudi,13:40,75,75118,0,0,2,3,2,1,1,4,1,01,1,1,000,050,1,0,1,4,1,61,1,1,2,00,2,1,1,201400056539B01,7,22,1
201400056563,2014-10-23,2014,octobre,jeudi,17:40,75,75118,0,0,2,3,7,1,1,4,1,01,1,1,000,025,1,0,1,4,1,32,9,1,2,00,0,0,1,201400056563A01,,,
201400056564,2014-10-24,2014,octobre,vendredi,12:00,75,75118,0,0,2,1,3,1,1,4,2,00,1,1,000,000,1,0,1,4,1,40,0,1,2,00,2,3,18,201400056564B01,7,16,1
201400056592,2014-11-19,2014,novembre,mercredi,22:15,75,75118,0,0,2,1,3,5,1,4,2,04,1,1,000,000,1,0,1,4,1,50,0,1,2,00,2,8,1,201400056592B01,30,17,1
201400056594,2014-11-21,2014,novembre,vendredi,74:0,75,75118,0,0,2,1,3,2,8,4,2,04,1,1,000,050,2,0,1,4,2,52,1,1,2,00,2,3,11,201400056594B01,7,1,1
201400056603,2014-11-28,2014,novembre,vendredi,74:0,75,75118,0,0,2,3,1,2,1,4,2,02,1,1,000,100,1,0,1,4,1,47,1,1,2,00,2,1,1,201400056603B01,7,15,1
201400056607,2014-12-02,2014,décembre,mardi,19:10,75,75118,0,0,2,1,6,5,2,4,1,01,1,1,000,050,2,0,5,4,2,27,1,1,2,00,2,1,1,201400056607B01,7,22,1
201400056616,2014-12-14,2014,décembre,dimanche,14:50,75,75118,0,0,2,2,2,1,8,4,2,00,1,1,000,100,1,0,1,4,1,50,5,1,2,00,2,1,7,201400056616B01,7,22,1
201400056635,2014-12-30,2014,décembre,mardi,16:40,75,75118,0,0,2,5,3,2,1,4,2,02,1,1,010,050,1,0,1,4,1,24,5,1,2,00,2,1,1,201400056635B01,7,15,1
201400056641,2014-01-05,2014,janvier,dimanche,13:15,75,75119,0,0,2,1,2,1,8,4,-1,00,1,2,000,100,1,0,1,4,2,41,0,1,2,00,2,1,16,201400056641B01,7,2,1
201400056675,2014-02-02,2014,février,dimanche,31:0,75,75119,0,0,2,1,6,5,1,4,-1,00,2,2,000,025,1,6,4,3,1,22,0,1,2,00,0,0,1,201400056675A01,,,
201400056680,2014-02-13,2014,février,jeudi,90:0,75,75119,0,0,2,1,3,1,2,4,1,02,1,1,000,000,2,0,5,4,2,32,1,1,2,00,2,1,1,201400056680B01,7,16,1
201400056683,2014-02-15,2014,février,samedi,17:50,75,75119,0,0,2,1,6,5,1,4,2,02,1,1,000,000,1,0,5,4,2,25,5,1,2,00,2,1,1,201400056683A01,7,16,1
201400056710,2014-03-10,2014,mars,lundi,10:45,75,75119,0,0,2,1,3,1,1,4,1,02,1,1,000,100,1,0,1,4,1,59,1,1,2,00,2,3,1,201400056710B01,7,22,1
201400056711,2014-03-13,2014,mars,jeudi,18:20,75,75119,0,0,2,7,3,1,1,4,1,02,1,2,000,000,1,5,1,4,2,31,5,1,2,00,2,4,1,201400056711B01,7,13,1
201400056719,2014-04-03,2014,avril,jeudi,85:0,75,75119,0,0,2,1,3,1,1,4,2,02,2,1,000,080,1,0,1,3,2,63,1,1,2,00,2,1,1,201400056719B01,10,22,1
201400056722,2014-04-07,2014,avril,lundi,18:10,75,75119,0,0,2,1,6,1,1,4,2,02,2,1,000,000,1,0,1,4,2,23,0,1,8,00,1,1,1,201400056722A01,,,
201400056759,2014-05-08,2014,mai,jeudi,12:15,75,75119,0,0,2,2,3,1,1,4,2,02,2,1,000,000,1,0,1,4,1,26,5,1,2,00,2,1,7,201400056759B01,7,22,1
201400056769,2014-05-18,2014,mai,dimanche,16:50,75,75119,0,0,2,1,6,1,1,4,3,01,1,1,030,040,1,0,5,4,1,22,5,1,9,00,1,1,1,201400056769A01,,,
201400056770,2014-05-22,2014,mai,jeudi,83:0,75,75119,0,0,2,1,2,1,1,4,2,02,2,1,000,070,1,0,1,4,1,45,1,1,2,00,2,1,17,201400056770B01,7,22,1
201400056771,2014-05-22,2014,mai,jeudi,22:20,75,75119,0,0,2,1,2,5,1,4,-1,02,1,-1,030,030,1,0,1,4,2,28,0,1,2,01,2,7,1,201400056771B01,7,22,1
201400056779,2014-06-06,2014,juin,vendredi,16:20,75,75119,0,0,2,5,6,1,1,4,2,01,1,1,000,080,1,0,1,4,1,69,0,1,2,01,2,5,2,201400056779A01,7,2,1
201400056790,2014-06-17,2014,juin,mardi,80:0,75,75119,0,0,2,1,3,1,8,4,1,02,1,1,000,000,1,0,1,4,1,35,5,1,2,00,2,3,13,201400056790B01,37,17,1
201400056792,2014-06-17,2014,juin,mardi,17:50,75,75119,0,0,2,3,2,1,1,4,2,02,1,1,000,000,1,0,5,4,1,50,0,1,2,00,2,1,9,201400056792B01,1,1,1
201400056792,2014-06-17,2014,juin,mardi,17:50,75,75119,0,0,2,3,2,1,1,4,2,02,1,1,000,000,1,0,5,4,1,26,0,1,2,00,2,1,1,201400056792A01,1,9,1
201400056807,2014-06-26,2014,juin,jeudi,20:50,75,75119,0,0,2,3,3,1,2,4,1,01,1,1,000,030,2,0,1,4,1,11,0,1,2,00,2,1,19,201400056807B01,7,1,1
201400056820,2014-07-08,2014,juillet,mardi,17:54,75,75119,0,0,2,5,6,1,8,4,1,03,1,1,000,100,1,0,1,4,2,39,0,1,2,00,2,5,7,201400056820A01,7,17,1
201400056830,2014-07-17,2014,juillet,jeudi,19:56,75,75119,0,0,2,1,3,1,1,4,1,02,1,1,000,000,1,0,5,4,2,26,5,1,2,00,2,1,1,201400056830B01,7,16,1
201400056831,2014-07-18,2014,juillet,vendredi,90:0,75,75119,0,0,2,3,3,1,1,4,1,01,2,1,000,000,1,0,1,4,1,51,0,1,2,00,2,1,1,201400056831B01,7,22,1
201400056861,2014-08-28,2014,août,jeudi,21:00,75,75119,0,0,2,1,2,5,1,4,2,02,2,1,000,000,1,0,1,4,1,31,0,1,2,00,2,1,1,201400056861B01,7,22,1
201400056862,2014-08-31,2014,août,dimanche,20:05,75,75119,0,0,2,1,6,1,1,4,2,02,1,1,100,080,1,0,5,4,2,20,5,1,2,00,2,7,1,201400056862A01,7,9,1
201400056869,2014-09-16,2014,septembre,mardi,15:30,75,75119,0,0,2,1,3,1,1,4,2,03,1,1,000,000,1,0,5,4,1,27,1,1,2,00,2,1,1,201400056869B01,7,16,1
201400056873,2014-09-19,2014,septembre,vendredi,17:10,75,75119,0,0,2,1,3,1,1,4,2,02,1,1,050,100,1,0,5,4,2,75,5,1,2,00,2,1,1,201400056873A01,7,22,1
201400056875,2014-09-20,2014,septembre,samedi,15:15,75,75119,0,0,2,5,3,1,1,4,3,02,1,1,000,000,1,0,1,4,1,67,0,1,2,00,2,3,19,201400056875B01,10,1,1
201400056877,2014-09-23,2014,septembre,mardi,11:10,75,75119,0,0,2,2,2,1,1,4,3,02,2,1,060,060,-1,0,1,4,2,17,1,1,2,00,2,1,1,201400056877A01,7,23,1
201400056890,2014-10-04,2014,octobre,samedi,22:25,75,75119,0,0,2,1,1,5,1,4,2,02,1,1,000,000,1,0,1,4,2,29,0,1,2,00,2,1,13,201400056890B01,7,1,1
201400056902,2014-10-16,2014,octobre,jeudi,19:05,75,75119,0,0,2,2,6,5,2,4,1,01,1,1,000,000,2,6,1,1,1,24,9,1,2,00,1,0,1,201400056902A01,,,
201400056905,2014-10-20,2014,octobre,lundi,20:40,75,75119,0,0,2,1,6,5,2,4,1,01,1,1,000,100,2,0,1,4,1,50,5,1,2,00,1,2,1,201400056905A01,,,
201400056919,2014-11-06,2014,novembre,jeudi,18:45,75,75119,0,0,2,3,6,5,1,4,1,01,1,1,000,050,1,0,1,4,2,19,1,1,2,00,2,4,15,201400056919A01,7,2,1
201400056941,2014-12-05,2014,décembre,vendredi,12:15,75,75119,0,0,2,1,5,1,8,4,1,01,1,1,000,000,1,0,5,4,1,53,0,1,2,00,2,1,1,201400056941C01,7/ 10,22/24,2
201400056946,2014-12-11,2014,décembre,jeudi,24:5,75,75119,0,0,2,2,3,5,1,4,1,01,1,1,000,050,1,0,1,3,1,24,0,1,2,00,2,1,5,201400056946A01,7,1,1
201400056955,2014-12-16,2014,décembre,mardi,80:0,75,75119,0,0,2,1,2,2,8,4,1,01,2,1,000,030,2,0,1,4,1,34,1,1,2,00,2,1,18,201400056955B01,7,22,1
201400056971,2014-01-03,2014,janvier,vendredi,90:5,75,75120,0,0,2,2,6,1,1,4,2,02,1,1,000,069,1,0,1,1,1,37,1,1,2,00,1,1,1,201400056971A01,,,
201400056972,2014-01-03,2014,janvier,vendredi,14:50,75,75120,0,0,2,7,3,1,8,4,2,04,1,1,000,000,1,0,1,4,2,11,0,1,2,00,2,2,19,201400056972B01,7,1,1
201400056977,2014-01-09,2014,janvier,jeudi,18:40,75,75120,0,0,2,4,3,5,1,4,-1,02,1,1,000,150,2,0,1,4,2,50,5,1,2,00,2,1,1,201400056977B01,7,1,1
201400056987,2014-01-24,2014,janvier,vendredi,14:05,75,75120,0,0,2,5,6,1,1,4,2,02,2,1,000,100,1,0,1,1,1,28,5,1,2,00,1,1,1,201400056987A01,,,
201400056988,2014-01-26,2014,janvier,dimanche,13:15,75,75120,0,0,2,2,7,1,1,4,1,01,2,1,031,031,1,0,1,4,1,29,5,1,2,00,2,0,21,201400056988A01,,,
201400056991,2014-01-26,2014,janvier,dimanche,23:0,75,75120,0,0,2,1,6,5,2,4,1,01,1,3,040,040,2,0,1,4,1,24,0,1,2,00,0,7,1,201400056991B01,7,1,1
201400057014,2014-02-19,2014,février,mercredi,18:35,75,75120,0,0,2,7,3,5,1,4,1,01,1,2,000,200,1,0,1,4,2,39,1,1,2,00,2,8,1,201400057014B01,7,14,1
201400057024,2014-03-05,2014,mars,mercredi,11:40,75,75120,0,0,2,1,6,1,1,4,1,02,1,1,000,058,1,0,1,4,1,20,5,1,2,01,0,1,14,201400057024A01,,,
201400057030,2014-03-14,2014,mars,vendredi,17:15,75,75120,0,0,2,2,6,1,1,4,2,02,1,1,000,100,1,0,1,4,1,80,5,1,2,00,2,1,18,201400057030A01,7,22,1
201400057032,2014-03-15,2014,mars,samedi,17:35,75,75120,0,0,2,3,2,1,1,4,2,02,1,1,000,085,1,0,1,1,1,46,4,1,2,00,2,1,1,201400057032A01,33,23,1
201400057054,2014-04-10,2014,avril,jeudi,50:,75,75120,0,0,2,1,3,5,1,4,2,03,2,1,000,080,1,0,1,4,2,50,1,1,2,00,2,7,1,201400057054B01,7,22,1
201400057062,2014-04-16,2014,avril,mercredi,14:35,75,75120,0,0,2,3,3,1,1,4,2,00,2,1,000,100,1,0,1,4,1,17,5,1,2,00,2,8,1,201400057062B01,7,10,1
201400057063,2014-04-16,2014,avril,mercredi,18:15,75,75120,0,0,2,3,6,1,1,4,2,02,2,1,000,000,1,0,1,1,1,30,1,1,2,00,1,1,7,201400057063A01,,,
201400057064,2014-04-16,2014,avril,mercredi,21:10,75,75120,0,0,2,1,6,5,1,4,2,02,2,1,000,100,1,0,1,4,1,27,0,1,2,00,2,1,1,201400057064A01,30,13,1
201400057081,2014-05-14,2014,mai,mercredi,18:00,75,75120,0,0,2,2,3,1,1,4,2,01,1,1,000,080,1,0,1,4,1,27,5,1,2,00,2,1,1,201400057081A01,34,1,1
201400057089,2014-05-23,2014,mai,vendredi,10:10,75,75120,0,0,2,2,3,1,1,4,2,01,1,1,000,035,1,0,5,4,1,63,0,1,2,00,2,8,1,201400057089B01,10,1,1
201400057109,2014-06-16,2014,juin,lundi,83:0,75,75119,0,0,2,3,6,1,1,4,3,02,2,1,080,100,1,0,1,1,2,30,1,1,2,00,1,1,1,201400057109A01,,,
201400057110,2014-06-19,2014,juin,jeudi,11:25,75,75120,0,0,2,1,6,1,1,4,1,01,1,1,010,450,1,0,1,1,1,50,5,1,9,01,1,1,1,201400057110A01,,,
201400057113,2014-06-23,2014,juin,lundi,84:5,75,75120,0,0,2,1,3,1,1,4,2,00,1,1,000,090,1,0,1,4,2,24,5,1,2,01,2,1,18,201400057113A01,13,1,1
201400057114,2014-06-25,2014,juin,mercredi,22:10,75,75120,0,0,2,1,6,5,1,4,2,01,1,1,000,080,1,0,1,4,1,30,0,1,2,00,2,1,1,201400057114A01,7,14,1
201400057115,2014-06-26,2014,juin,jeudi,15:40,75,75120,0,0,2,1,3,1,1,4,1,02,1,1,000,080,1,0,1,4,2,57,4,1,2,00,2,2,19,201400057115B01,10,1,1
201400057117,2014-06-27,2014,juin,vendredi,18:11,75,75120,0,0,2,1,3,1,1,4,2,02,1,1,000,060,1,0,1,4,1,,0,1,2,00,2,0,19,201400057117B01,7,1,1
201400057119,2014-07-01,2014,juillet,mardi,18:00,75,75120,0,0,2,1,3,1,1,4,2,02,-1,1,000,070,1,0,5,1,1,52,0,1,2,00,2,0,1,201400057119B01,30,1,1
201400057127,2014-07-09,2014,juillet,mercredi,17:35,75,75120,0,0,2,2,7,1,2,4,2,02,2,1,000,000,3,0,1,3,1,40,1,1,2,00,0,0,1,201400057127A01,,,
201400057131,2014-07-17,2014,juillet,jeudi,90:0,75,75120,0,0,2,3,3,1,1,4,2,02,2,1,000,095,1,0,1,4,2,29,0,1,2,00,2,8,15,201400057131A01,7,1,1
201400057133,2014-07-19,2014,juillet,samedi,10:15,75,75120,0,0,2,7,7,1,1,4,2,05,1,1,000,150,1,0,1,4,2,54,9,1,2,00,0,0,1,201400057133A01,,,
201400057141,2014-07-28,2014,juillet,lundi,18:15,75,75120,0,0,2,1,6,1,1,4,2,02,2,1,010,010,1,0,1,1,2,38,5,1,2,00,1,1,1,201400057141A01,,,
201400057142,2014-07-28,2014,juillet,lundi,23:26,75,75120,0,0,2,1,1,5,1,4,1,01,1,-1,000,000,1,0,5,4,1,24,0,1,2,00,2,3,1,201400057142B01,7,1,1
201400057146,2014-08-02,2014,août,samedi,15:25,75,75120,0,0,2,4,2,1,1,4,1,01,1,1,000,000,1,0,1,4,1,39,0,1,2,00,2,1,15,201400057146B01,7,4,1
201400057147,2014-08-03,2014,août,dimanche,13:6,75,75120,0,0,2,2,3,5,1,4,1,01,2,1,000,080,1,0,1,4,2,31,0,1,2,00,2,0,1,201400057147B01,7,1,1
201400057148,2014-08-03,2014,août,dimanche,20:00,75,75120,0,0,2,1,6,1,2,4,2,02,1,1,000,080,2,0,5,4,2,26,5,1,2,00,2,1,1,201400057148A01,10,22,1
201400057152,2014-08-07,2014,août,jeudi,19:00,75,75120,0,0,2,1,3,1,8,4,2,02,2,1,000,060,1,0,1,4,1,45,5,1,2,00,2,1,1,201400057152B01,7,22,1
201400057164,2014-09-02,2014,septembre,mardi,22:34,75,75120,0,0,2,1,3,5,1,4,-1,01,2,3,000,000,1,0,1,4,1,51,9,1,2,00,2,7,1,201400057164B01,7,9,1
201400057166,2014-09-04,2014,septembre,jeudi,10:50,75,75120,0,0,2,3,3,1,1,4,1,01,1,1,000,000,1,0,1,4,2,66,3,1,2,00,2,8,15,201400057166B01,31,17,1
201400057169,2014-09-06,2014,septembre,samedi,15:25,75,75120,0,0,2,2,6,1,1,4,2,04,2,1,000,082,2,0,5,4,2,29,5,1,2,00,2,0,1,201400057169A01,7,14,1
201400057184,2014-09-24,2014,septembre,mercredi,17:35,75,75120,0,0,2,2,2,1,1,4,1,02,1,1,000,060,1,0,1,4,1,48,0,1,2,00,2,4,1,201400057184B01,10,1,1
201400057205,2014-10-10,2014,octobre,vendredi,13:16,75,75120,0,0,2,5,3,1,8,4,2,00,1,1,000,000,1,0,0,4,1,24,0,1,2,00,2,1,1,201400057205B01,7,1,1
201400057206,2014-10-10,2014,octobre,vendredi,18:20,75,75120,0,0,2,7,2,1,8,4,1,01,1,2,000,020,1,0,1,4,2,33,5,1,2,00,2,4,23,201400057206B01,7,2,1
201400057223,2014-10-29,2014,octobre,mercredi,20:00,75,75120,0,0,2,7,6,5,1,4,1,00,1,2,000,000,1,0,1,4,1,45,0,1,2,00,2,0,19,201400057223A01,7,1,1
201400057241,2014-11-15,2014,novembre,samedi,30:5,75,75120,0,0,2,5,2,5,3,4,2,02,2,1,000,000,2,0,1,4,1,22,0,1,2,00,2,1,1,201400057241A01,7,23,1
201400057243,2014-11-17,2014,novembre,lundi,16:40,75,75120,0,0,2,1,6,2,2,4,1,01,1,1,000,091,2,0,5,1,1,48,5,1,2,00,1,1,1,201400057243A01,,,
201400057248,2014-11-23,2014,novembre,dimanche,81:0,75,75120,0,0,2,1,6,1,1,4,1,01,2,1,000,000,1,0,1,4,1,50,4,1,2,00,2,4,2,201400057248A01,7,2,1
201400057251,2014-11-25,2014,novembre,mardi,83:0,75,75120,0,0,2,1,2,1,2,4,2,01,2,1,000,090,2,0,1,4,2,38,1,1,2,01,2,1,1,201400057251B01,7,22,1
201400057281,2014-12-24,2014,décembre,mercredi,90:5,75,75120,0,0,2,2,3,1,1,4,-1,02,1,1,000,060,1,0,1,4,1,44,5,1,2,00,2,1,1,201400057281B01,7,15,1
201400057288,2014-01-08,2014,janvier,mercredi,85:7,75,75103,0,0,2,3,2,1,3,4,2,04,1,1,018,206,1,0,5,2,2,43,0,1,2,00,2,4,1,201400057288B01,14,16,1
201400057314,2014-01-27,2014,janvier,lundi,18:30,75,75119,0,0,2,1,6,5,1,4,2,04,2,3,000,152,1,0,1,3,1,46,0,1,2,01,0,0,1,201400057314A01,,,
201400057319,2014-01-31,2014,janvier,vendredi,12:50,75,75116,0,0,2,7,2,1,1,4,4,03,1,2,000,300,1,0,1,4,2,56,0,1,2,00,2,4,1,201400057319B01,7,1,1
201400057349,2014-03-04,2014,mars,mardi,30:,75,75111,0,0,2,5,3,5,1,4,2,02,2,1,000,140,1,0,1,2,1,64,5,1,2,00,2,7,19,201400057349B01,1,1,1
201400057349,2014-03-04,2014,mars,mardi,30:,75,75111,0,0,2,5,3,5,1,4,2,02,2,1,000,140,1,0,1,4,1,23,5,1,2,00,2,1,1,201400057349A01,1,19,1