Num_Acc,date,an,mois,jour,hrmn,dep,com,lat,long,agg,int,col,lum,atm,catr,circ,nbv,prof,plan,lartpc,larrout,surf,infra,situ,grav,sexe,age,trajet,secuexist,equipement,obs,obsm,choc,manv,vehiculeid,typevehicules,manoeuvehicules,numVehicules
201400057352,2014-03-05,2014,mars,mercredi,16:23,75,75113,0,0,2,1,3,1,1,4,2,00,1,-1,000,000,1,0,5,3,1,38,1,1,2,00,2,1,19,201400057352A01,40,1,1
201400057356,2014-03-09,2014,mars,dimanche,82:5,75,75111,0,0,2,2,6,1,1,4,2,02,1,1,020,141,1,0,4,4,2,29,5,1,2,08,0,1,14,201400057356A01,,,
201400057358,2014-03-10,2014,mars,lundi,93:0,75,75108,0,0,2,7,3,1,1,4,2,04,1,1,000,172,1,0,1,3,2,23,1,1,2,12,2,8,1,201400057358B01,10,1,1
201400057385,2014-04-03,2014,avril,jeudi,19:20,75,75116,0,0,2,1,3,1,1,4,2,02,1,1,000,074,1,0,1,4,2,36,1,1,2,00,2,1,1,201400057385B01,7,22,1
201400057388,2014-04-04,2014,avril,vendredi,83:8,75,75105,0,0,2,3,6,1,1,4,1,03,1,1,000,127,1,0,1,3,2,24,2,1,2,00,2,7,1,201400057388A01,31,18,1
201400057402,2014-04-15,2014,avril,mardi,21:40,75,75115,0,0,2,7,3,5,1,4,2,03,1,1,000,115,1,0,1,3,2,27,0,1,2,00,2,6,19,201400057402A01,10,1,1
201400057415,2014-04-28,2014,avril,lundi,94:0,75,75116,0,0,2,2,3,1,8,4,2,02,1,1,000,130,2,0,1,3,1,31,0,1,2,00,2,8,19,201400057415B01,33,1,1
201400057418,2014-04-30,2014,avril,mercredi,19:30,75,75115,0,0,2,1,2,1,1,4,1,01,1,1,000,068,1,0,1,3,1,50,0,1,2,00,2,1,1,201400057418B01,10,22,1
201400057421,2014-05-04,2014,mai,dimanche,14:4,75,75111,0,0,2,5,6,5,1,4,1,01,1,1,000,110,1,6,1,4,2,31,5,1,2,00,2,4,19,201400057421B01,7,1,1
201400057421,2014-05-04,2014,mai,dimanche,14:4,75,75111,0,0,2,5,6,5,1,4,1,01,1,1,000,110,1,6,1,3,2,33,5,1,2,00,2,4,19,201400057421B01,7,1,1
201400057426,2014-05-11,2014,mai,dimanche,18:05,75,75107,0,0,2,1,6,1,2,4,-1,01,1,1,000,000,2,6,4,1,1,27,4,1,2,00,1,8,1,201400057426A01,,,
201400057429,2014-05-14,2014,mai,mercredi,82:0,75,75113,0,0,2,1,6,1,1,4,2,02,1,1,000,059,1,0,5,4,1,26,1,1,2,00,1,1,7,201400057429A01,,,
201400057433,2014-05-16,2014,mai,vendredi,22:40,75,75115,0,0,2,2,3,5,1,4,1,01,1,1,000,033,1,0,1,3,1,21,0,1,2,00,2,1,5,201400057433A01,7,1,1
201400057447,2014-05-25,2014,mai,dimanche,20:05,75,75107,0,0,2,5,3,1,1,4,1,01,1,1,000,100,1,0,1,3,1,74,0,1,2,00,2,0,1,201400057447A01,31,1,1
201400057497,2014-06-28,2014,juin,samedi,21:09,75,75118,0,0,2,1,6,5,3,4,2,02,1,1,000,080,2,0,1,3,1,22,0,1,2,00,2,1,1,201400057497B01,7,1,1
201400057550,2014-09-09,2014,septembre,mardi,25:,75,75105,0,0,2,2,3,5,1,4,1,00,1,1,000,000,1,2,0,2,2,71,0,1,2,00,2,3,1,201400057550B01,13,16,1
201400057573,2014-09-27,2014,septembre,samedi,23:0,75,75110,0,0,2,2,3,5,5,4,2,02,1,1,000,000,1,0,1,3,2,28,0,1,2,00,2,1,0,201400057573B01,7,0,1
201400057606,2014-11-05,2014,novembre,mercredi,18:05,75,75113,0,0,2,1,6,5,1,4,1,03,2,1,000,090,1,0,1,3,1,20,2,1,2,00,1,2,1,201400057606A01,,,
201400057613,2014-11-15,2014,novembre,samedi,12:25,75,75112,0,0,2,1,7,1,1,4,2,04,1,1,000,068,2,0,5,3,1,51,0,1,2,00,0,0,1,201400057613A01,,,
201400057621,2014-11-25,2014,novembre,mardi,84:5,75,75117,0,0,2,2,3,1,1,4,2,02,1,1,000,038,2,0,1,4,1,41,1,1,2,00,2,8,15,201400057621B01,32,17,1
201400057628,2014-11-30,2014,novembre,dimanche,11:8,75,75118,0,0,2,2,3,5,1,4,2,08,1,1,000,210,1,5,1,3,1,29,9,1,2,00,2,1,1,201400057628A01,7,1,1
201400057648,2014-12-20,2014,décembre,samedi,12:30,75,75116,0,0,2,1,2,1,1,4,1,01,1,1,000,037,1,0,1,4,1,41,5,1,2,00,2,1,1,201400057648B01,7,23,1
201400057650,2014-12-21,2014,décembre,dimanche,16:25,75,75106,0,0,2,1,6,1,1,4,2,00,1,1,000,000,-1,0,1,4,1,60,9,1,2,00,1,0,1,201400057650A01,,,
201400058210,2014-12-19,2014,décembre,vendredi,18:15,972,97224,0,-0,1,1,1,3,2,2,2,00,2,1,000,060,2,0,1,2,1,15,5,1,2,00,2,1,5,201400058210B02,7,1,1
201400058240,2014-10-22,2014,octobre,mercredi,19:15,972,97230,0,-0,2,1,3,5,1,2,2,00,2,1,000,060,2,0,1,4,1,26,5,1,4,00,2,1,1,201400058240B02,7,15,1
201400058293,2014-09-30,2014,septembre,mardi,14:15,971,97114,0,-0,1,1,1,1,1,4,2,00,2,2,000,050,1,0,1,4,1,13,2,1,1,00,2,1,13,201400058293B02,7,1,1
201400058307,2014-09-30,2014,septembre,mardi,14:15,971,97115,0,-0,1,1,3,1,1,3,2,02,1,3,050,000,1,0,1,3,1,14,5,1,1,00,2,3,19,201400058307B02,7,1,1
201400058349,2014-01-25,2014,janvier,samedi,14:5,971,97119,0,-0,1,1,1,3,1,2,2,02,-1,2,000,064,1,0,1,3,1,42,5,1,4,00,2,1,1,201400058349B02,30,13,1
201400058358,2014-08-07,2014,août,jeudi,19:45,971,97102,0,-0,2,1,1,5,1,3,2,00,1,1,000,000,1,0,1,4,1,16,5,1,4,00,2,1,0,201400058358B02,7,17,1
201400058373,2014-12-23,2014,décembre,mardi,81:5,971,97125,0,-0,2,1,1,5,1,2,2,02,-1,3,000,000,1,0,1,4,1,39,5,1,2,00,0,1,1,201400058373A01,7,21,1
201400058375,2014-01-21,2014,janvier,mardi,10:30,971,97126,0,-0,1,6,3,4,1,2,2,02,1,2,000,060,1,5,1,3,1,70,5,1,4,00,2,4,3,201400058375B02,7,2,1
201400058398,2014-02-06,2014,février,jeudi,22:15,971,97116,0,-0,1,1,2,5,1,2,2,02,1,1,000,060,1,0,1,3,1,30,5,1,4,00,2,4,2,201400058398B02,10,2,1
201400058412,2014-02-11,2014,février,mardi,74:5,973,97305,0,-0,1,1,2,1,8,2,2,02,1,1,000,070,2,0,1,3,1,67,5,1,1,00,2,6,2,201400058412A01,10,2,1
201400058425,2014-08-30,2014,août,samedi,90:0,973,97304,0,-0,2,1,3,1,1,4,2,02,1,1,000,052,1,0,1,3,2,39,5,1,1,00,2,5,1,201400058425B02,7,1,1
201400058426,2014-09-21,2014,septembre,dimanche,15:30,973,97304,0,-0,2,9,1,1,1,9,-1,00,1,2,000,000,1,0,1,3,2,5,5,1,1,00,2,6,16,201400058426B02,7,15,1
201400058431,2014-04-07,2014,avril,lundi,18:00,973,97312,0,-0,2,1,3,1,1,4,2,02,1,1,000,059,-1,0,1,4,1,72,0,1,1,00,0,0,1,201400058431A01,10,1,1
201400058465,2014-05-04,2014,mai,dimanche,15:15,974,97408,-0,0,2,1,7,1,1,4,2,02,2,1,000,000,1,0,1,3,1,8,5,1,1,06,0,0,1,201400058465A01,,,
201400058467,2014-05-29,2014,mai,jeudi,12:15,974,97408,-0,0,1,1,2,1,1,2,3,04,1,1,073,000,1,0,5,2,1,43,5,1,2,00,2,4,2,201400058467B02,10,2,1
201400058471,2014-08-20,2014,août,mercredi,16:30,974,97418,-0,0,2,1,1,1,1,4,2,00,-1,2,000,000,1,0,1,3,1,14,5,1,1,00,2,1,14,201400058471B02,30,13,1
201400058473,2014-10-10,2014,octobre,vendredi,18:00,974,97420,-0,0,2,1,5,3,1,3,2,02,2,1,000,000,1,0,1,3,1,18,0,1,2,00,2,1,1,201400058473B02,7,13,1
201400058473,2014-10-10,2014,octobre,vendredi,18:00,974,97420,-0,0,2,1,5,3,1,3,2,02,2,1,000,000,1,0,1,4,1,18,0,1,2,00,2,1,1,201400058473C03,7,13,1
201400058484,2014-07-05,2014,juillet,samedi,13:45,974,97410,-0,0,2,1,1,5,1,3,2,02,1,1,000,000,1,0,1,2,1,29,5,1,1,00,2,8,19,201400058484A01,10,1,1
201400058491,2014-06-28,2014,juin,samedi,84:5,974,97419,-0,0,2,1,1,1,1,2,3,00,2,1,019,053,1,0,1,4,1,22,5,1,2,00,2,3,21,201400058491B02,7,5,1
201400058507,2014-08-21,2014,août,jeudi,22:15,974,97415,-0,0,1,1,1,3,1,3,2,02,2,1,000,098,1,0,1,3,1,21,5,1,4,00,2,1,1,201400058507B02,7,17,1
201400058528,2014-11-19,2014,novembre,mercredi,12:30,974,97415,-0,0,1,1,7,1,1,3,2,02,2,2,064,000,1,0,1,3,1,17,2,1,2,03,0,0,14,201400058528A01,,,
201400058533,2014-10-22,2014,octobre,mercredi,64:5,974,97414,-0,0,2,3,1,1,1,2,2,02,1,3,000,065,1,0,1,3,1,23,1,1,1,00,2,1,1,201400058533A01,7,19,1
201400058574,2014-08-17,2014,août,dimanche,20:45,976,97616,-0,0,2,1,6,5,1,4,-1,00,-1,-1,000,000,-1,0,0,1,1,16,0,1,2,00,1,1,1,201400058574A01,,,
201400058574,2014-08-17,2014,août,dimanche,20:45,976,97616,-0,0,2,1,6,5,1,4,-1,00,-1,-1,000,000,-1,0,0,3,2,6,0,1,8,00,1,1,1,201400058574A01,,,
201400058614,2014-01-30,2014,janvier,jeudi,15:00,973,97309,0,-0,1,1,1,1,1,2,2,01,-1,-1,000,000,1,0,1,3,1,43,1,1,2,00,0,8,0,201400058614B02,7,1,1
201400058618,2014-03-27,2014,mars,jeudi,19:30,973,97309,0,-0,2,1,1,5,1,4,2,00,1,1,000,060,-1,0,0,4,1,58,5,1,4,00,0,7,19,201400058618B02,7,21,1
201400058627,2014-09-04,2014,septembre,jeudi,17:30,973,97309,0,-0,2,1,1,1,1,4,2,02,1,1,000,060,1,5,1,3,1,15,5,1,2,00,2,8,15,201400058627B02,7,1,1
201400058630,2014-10-07,2014,octobre,mardi,15:15,973,97309,0,-0,1,1,5,1,2,3,2,02,-1,1,000,053,2,0,1,3,1,35,5,1,3,00,2,1,1,201400058630B02,7,13,1
201400058630,2014-10-07,2014,octobre,mardi,15:15,973,97309,0,-0,1,1,5,1,2,3,2,02,-1,1,000,053,2,0,1,3,1,44,5,1,2,00,2,1,1,201400058630C03,7,13,1
201400058642,2014-03-15,2014,mars,samedi,10:45,973,97304,0,-0,1,1,2,1,1,4,2,02,1,1,000,046,1,0,1,3,2,56,5,1,9,00,2,7,24,201400058642B02,10,20,1
201400058655,2014-04-16,2014,avril,mercredi,17:45,973,97307,0,-0,1,1,1,5,1,4,2,02,2,1,000,000,1,0,1,3,1,19,5,1,1,00,2,1,5,201400058655B02,30,1,1
201400058660,2014-07-18,2014,juillet,vendredi,63:0,973,97307,0,-0,2,1,1,1,1,2,2,00,-1,1,000,000,1,0,1,4,1,46,1,1,2,00,2,4,1,201400058660B02,7,0,1
201400058680,2014-02-09,2014,février,dimanche,74:5,971,97132,0,-0,1,1,1,1,1,2,2,02,4,3,000,080,1,0,3,3,1,34,5,1,2,00,2,6,1,201400058680B02,7,14,1
201400058715,2014-06-29,2014,juin,dimanche,18:15,972,97221,0,-0,2,1,1,1,1,3,3,02,1,1,020,077,1,0,1,3,1,44,9,1,2,11,2,7,6,201400058715A01,7,1,1
201400058791,2014-11-19,2014,novembre,mercredi,16:35,971,97107,0,-0,2,9,3,1,1,4,2,02,2,1,000,069,1,0,1,4,1,15,9,1,2,00,2,0,16,201400058791A01,7,1,1
201400058802,2014-02-20,2014,février,jeudi,74:5,971,97113,0,-0,1,1,2,1,1,2,2,02,1,1,000,000,1,0,1,4,1,22,0,1,2,00,2,1,2,201400058802B01,7,2,1
201400058808,2014-02-23,2014,février,dimanche,10:57,971,97120,0,-0,2,1,3,1,1,4,2,00,1,-1,000,000,1,0,1,3,1,8,0,1,2,00,2,1,19,201400058808B01,30,0,1
201400058809,2014-03-01,2014,mars,samedi,63:5,971,97101,0,-0,1,1,3,1,2,2,3,00,-1,-1,000,000,2,0,1,4,1,52,5,1,2,00,2,8,2,201400058809B01,7,2,1
201400058834,2014-05-27,2014,mai,mardi,15:50,971,97101,0,-0,2,3,1,1,1,4,2,02,1,1,000,000,1,0,1,3,1,16,5,1,4,00,2,1,16,201400058834A01,7,1,1
201400058840,2014-06-10,2014,juin,mardi,19:14,971,97120,0,-0,2,6,3,5,1,3,-1,00,1,1,000,000,1,0,1,4,1,39,0,1,2,00,2,0,0,201400058840B01,7,0,1
201400058841,2014-06-18,2014,juin,mercredi,14:35,971,97101,0,-0,1,1,6,1,1,2,-1,00,2,1,000,000,1,0,1,4,1,17,5,1,9,00,2,1,0,201400058841A01,7,0,1
201400058844,2014-06-28,2014,juin,samedi,84:5,971,97113,0,-0,1,1,2,1,1,2,2,03,1,1,000,000,1,0,1,3,1,75,5,1,2,00,2,4,0,201400058844B01,7,0,1
201400058897,2014-12-12,2014,décembre,vendredi,17:45,971,97101,0,-0,2,3,5,5,1,4,2,00,-1,-1,000,000,-1,0,1,3,1,17,5,1,9,00,2,7,0,201400058897B01,7,0/15,2
201400058902,2014-12-22,2014,décembre,lundi,18:15,971,97113,0,-0,2,3,3,2,1,3,2,02,2,-1,000,000,1,0,1,4,1,14,5,1,9,00,0,8,1,201400058902B01,7,15,1
201400058907,2014-01-04,2014,janvier,samedi,15:25,972,97209,0,-0,2,1,1,1,1,3,1,01,1,1,000,000,1,0,1,4,2,7,5,1,9,00,2,1,1,201400058907B01,7,4,1
201400058931,2014-02-15,2014,février,samedi,10:42,972,97209,0,-0,2,1,6,1,1,4,2,02,1,1,000,000,1,0,1,3,2,42,4,1,9,00,2,1,23,201400058931B01,7,4,1
201400058943,2014-03-07,2014,mars,vendredi,13:35,972,97209,0,-0,2,1,6,1,1,4,1,01,2,2,000,000,1,0,1,3,1,10,5,1,2,00,2,1,5,201400058943A01,7,1,1
201400058986,2014-06-06,2014,juin,vendredi,14:55,972,97209,0,-0,2,1,6,1,1,3,2,02,2,1,000,000,1,0,1,3,1,18,5,1,4,00,2,1,2,201400058986A01,7,1,1
201400059019,2014-09-14,2014,septembre,dimanche,18:30,972,97209,0,-0,1,1,6,3,1,2,2,02,2,4,000,000,1,0,1,3,1,15,5,1,4,00,2,1,1,201400059019B01,7,15,1
201400059091,2014-04-03,2014,avril,jeudi,11:04,972,97213,0,-0,1,1,7,1,1,3,2,02,-1,-1,000,000,1,0,1,4,1,27,0,1,2,00,2,1,1,201400059091A01,7,1,1
201400059117,2014-07-17,2014,juillet,jeudi,17:10,972,97213,0,-0,1,1,1,1,1,3,2,02,-1,2,000,000,-1,0,1,4,1,37,0,1,9,00,2,1,5,201400059117B01,7,5,1
201400059165,2014-09-09,2014,septembre,mardi,23:10,973,97302,0,-0,1,2,1,5,2,4,2,02,1,1,000,080,1,0,1,3,1,35,1,1,9,00,2,7,2,201400059165B01,7,2,1
201400059168,2014-01-08,2014,janvier,mercredi,13:25,973,97302,0,-0,2,2,1,1,6,4,4,02,-1,2,000,070,-1,0,1,4,1,40,0,1,2,00,2,1,1,201400059168A01,7,16,1
201400059173,2014-01-15,2014,janvier,mercredi,16:50,973,97302,0,-0,1,4,2,1,3,4,2,01,1,1,000,060,2,0,0,4,2,24,0,1,9,00,2,1,1,201400059173B01,7,16,1
201400059174,2014-01-16,2014,janvier,jeudi,15:40,973,97302,0,-0,2,1,3,1,1,4,2,01,1,-1,000,080,1,0,1,4,1,16,3,1,4,00,2,8,2,201400059174Y01,7,2,1
201400059177,2014-01-14,2014,janvier,mardi,10:00,973,97302,0,-0,2,1,1,1,1,3,2,00,1,1,030,030,1,0,5,4,2,20,0,1,2,00,2,0,5,201400059177A01,2,1,1
201400059179,2014-01-22,2014,janvier,mercredi,15:10,973,97302,0,-0,2,3,3,1,1,4,1,01,-1,-1,080,080,1,0,1,4,1,17,9,1,9,00,2,1,1,201400059179B01,7,1,1
201400059184,2014-02-01,2014,février,samedi,19:10,973,97302,0,-0,2,1,1,2,1,3,1,01,1,2,000,048,1,0,1,3,1,13,5,1,9,00,2,1,1,201400059184A01,7,1,1
201400059191,2014-12-13,2014,décembre,samedi,14:44,973,97302,0,-0,2,3,3,1,1,4,2,02,1,1,000,000,1,0,1,4,1,18,9,1,4,00,2,8,19,201400059191A01,33,1,1
201400059195,2014-02-18,2014,février,mardi,19:35,973,97302,0,-0,2,1,1,5,1,4,2,01,1,1,060,060,1,0,1,3,2,20,2,1,9,00,2,1,5,201400059195B01,7,15,1
201400059202,2014-03-06,2014,mars,jeudi,17:35,973,97302,0,-0,2,1,2,1,1,4,1,02,1,-1,000,000,1,0,1,3,1,46,0,1,9,00,0,4,0,201400059202B01,7,9,1
201400059221,2014-04-05,2014,avril,samedi,40:,973,97302,0,-0,2,3,1,5,1,4,2,01,1,-1,000,025,1,0,0,3,1,21,5,1,9,00,2,1,1,201400059221B01,7,0,1
201400059224,2014-04-09,2014,avril,mercredi,18:25,973,97302,0,-0,2,1,3,1,1,4,3,02,1,1,015,060,1,0,0,3,1,13,5,1,2,00,2,1,1,201400059224B01,7,15,1
201400059228,2014-04-24,2014,avril,jeudi,19:44,973,97302,0,-0,2,6,3,5,1,4,1,02,1,1,000,000,2,0,1,4,1,14,0,1,2,00,2,7,1,201400059228B01,10,0,1
201400059230,2014-04-27,2014,avril,dimanche,21:11,973,97302,0,-0,1,1,1,5,1,4,2,02,1,1,000,080,1,0,1,4,1,20,5,1,4,00,2,1,5,201400059230A01,2,1,1
201400059236,2014-05-11,2014,mai,dimanche,84:0,973,97302,0,-0,1,1,2,1,1,4,2,01,1,1,000,055,1,0,1,3,1,54,0,1,9,01,2,1,2,201400059236B01,7,2,1
201400059252,2014-07-03,2014,juillet,jeudi,12:15,973,97302,0,-0,2,1,3,1,1,4,2,02,1,-1,000,000,1,0,0,1,1,56,0,1,9,00,0,1,10,201400059252A01,30,0,1
201400059255,2014-07-12,2014,juillet,samedi,10:00,973,97302,0,-0,1,3,3,1,1,4,2,00,-1,-1,000,000,1,0,1,3,1,17,0,1,9,00,2,8,0,201400059255A01,7,0,1
201400059269,2014-09-12,2014,septembre,vendredi,84:0,973,97302,0,-0,1,3,1,1,3,4,2,02,-1,-1,000,000,1,0,1,4,2,36,0,1,2,12,2,8,1,201400059269B01,7,9,1
201400059279,2014-10-01,2014,octobre,mercredi,17:10,973,97302,0,-0,1,3,1,1,1,4,2,02,1,1,010,030,-1,0,0,4,1,17,5,1,2,00,2,1,13,201400059279B01,7,23,1
201400059310,2014-12-13,2014,décembre,samedi,13:40,973,97302,0,-0,2,1,1,1,2,4,2,02,1,-1,000,000,1,0,1,3,1,54,0,1,9,00,0,8,1,201400059310B01,7,19,1
201400059311,2014-12-13,2014,décembre,samedi,19:41,973,97302,0,-0,2,1,2,5,1,4,2,02,1,-1,000,000,1,0,1,3,1,19,0,1,9,00,0,4,2,201400059311B01,7,2,1
201400059321,2014-12-22,2014,décembre,lundi,18:11,973,97302,0,-0,1,1,6,5,1,2,1,01,1,-1,000,110,1,0,0,4,1,55,0,1,4,00,2,8,0,201400059321B01,7,0,1
201400059324,2014-12-24,2014,décembre,mercredi,18:53,973,97302,0,-0,1,1,6,5,1,4,2,00,-1,-1,040,040,-1,0,0,4,1,31,0,1,9,00,9,0,0,201400059324B01,2,0,1
201400059352,2014-03-26,2014,mars,mercredi,17:05,974,97407,-0,0,2,1,2,1,1,4,1,01,1,-1,050,050,1,0,1,4,1,48,9,1,9,00,2,4,1,201400059352B01,10,21,1
201400059359,2014-04-16,2014,avril,mercredi,80:0,974,97407,-0,0,2,1,1,1,1,4,1,01,2,1,000,035,-1,0,1,4,1,47,5,1,2,00,2,1,5,201400059359A01,10,1,1
201400059377,2014-06-21,2014,juin,samedi,95:0,974,97407,-0,0,2,1,3,1,1,2,2,00,1,1,000,070,1,0,1,4,1,25,0,1,4,00,2,0,1,201400059377B01,7,0,1
201400059381,2014-07-21,2014,juillet,lundi,14:10,974,97407,-0,0,2,3,3,1,1,4,2,02,1,1,000,070,1,0,1,4,1,15,5,1,9,00,2,1,1,201400059381B01,7,1,1
201400059386,2014-08-09,2014,août,samedi,61:0,974,97407,-0,0,1,1,2,2,1,2,3,04,1,1,020,070,1,0,1,3,1,41,5,1,9,00,2,4,2,201400059386B01,7,1,1
201400059387,2014-08-11,2014,août,lundi,13:20,974,97407,-0,0,2,3,3,1,1,4,1,00,1,1,000,000,1,0,1,3,1,11,0,1,9,00,2,4,5,201400059387A01,2,1,1
201400059388,2014-08-14,2014,août,jeudi,61:0,974,97407,-0,0,1,1,3,2,1,2,2,02,1,1,000,070,1,0,1,4,1,51,5,1,2,00,2,1,2,201400059388B01,10,0,1
201400059389,2014-08-19,2014,août,mardi,64:5,974,97407,-0,0,2,2,3,2,1,4,2,02,1,1,000,070,1,0,0,3,1,36,1,1,2,00,2,1,1,201400059389B01,7,1,1
201400059391,2014-08-21,2014,août,jeudi,75:0,974,97407,-0,0,2,1,2,1,1,4,2,02,1,1,000,000,1,0,1,4,1,71,5,1,9,00,2,4,2,201400059391B01,7,2,1
201400059394,2014-08-26,2014,août,mardi,11:00,974,97407,-0,0,2,1,3,1,2,4,2,02,1,1,000,070,2,0,1,3,1,52,5,1,9,00,2,3,2,201400059394A01,37,2,1
201400059398,2014-09-17,2014,septembre,mercredi,11:10,974,97407,-0,0,2,1,2,1,1,4,2,02,1,1,000,070,1,0,1,4,2,7,5,1,2,00,2,3,1,201400059398B01,7,1,1
201400059413,2014-12-02,2014,décembre,mardi,92:5,974,97407,-0,0,2,1,3,1,1,2,2,02,1,1,000,000,1,0,1,2,1,47,0,1,9,00,2,3,1,201400059413B01,7,11,1
201400059426,2014-10-31,2014,octobre,vendredi,23:54,974,97407,-0,0,2,2,1,4,1,2,2,02,1,1,000,070,1,0,1,4,1,20,5,1,2,00,2,4,2,201400059426B01,2,2,1
201400059430,2014-01-26,2014,janvier,dimanche,18:35,974,97409,-0,0,1,1,3,2,1,3,2,02,1,1,000,000,1,0,1,4,2,40,0,1,9,00,2,7,0,201400059430B01,7,0,1
201400059432,2014-03-20,2014,mars,jeudi,17:05,974,97409,-0,0,2,1,3,1,1,3,2,02,1,-1,000,000,1,0,1,4,1,43,0,1,9,00,2,1,1,201400059432A01,7,15,1
201400059433,2014-03-09,2014,mars,dimanche,16:45,974,97409,-0,0,2,1,2,1,1,4,2,02,1,-1,000,000,1,0,1,3,1,49,0,1,9,00,2,4,2,201400059433A01,7,2,1
201400059438,2014-03-13,2014,mars,jeudi,81:0,974,97409,-0,0,2,1,2,1,2,3,2,02,-1,-1,000,000,2,0,1,4,1,32,0,1,9,00,2,4,0,201400059438B01,7,0,1
201400059440,2014-04-04,2014,avril,vendredi,18:30,974,97409,-0,0,2,1,3,2,1,3,2,02,1,1,000,000,1,0,1,4,1,48,0,1,9,00,2,3,0,201400059440B01,7,12,1
201400059448,2014-02-19,2014,février,mercredi,65:0,974,97409,-0,0,2,1,3,1,1,2,2,02,1,1,000,000,1,0,0,4,1,81,0,1,9,00,2,3,0,201400059448B01,7,0,1
201400059459,2014-05-03,2014,mai,samedi,12:50,974,97409,-0,0,2,2,3,1,1,4,2,02,1,-1,000,000,1,0,1,4,2,19,0,1,9,00,2,1,1,201400059459B01,7,1,1
201400059478,2014-08-01,2014,août,vendredi,18:40,974,97409,-0,0,1,1,6,5,1,3,2,02,-1,-1,000,000,1,0,0,4,1,13,0,1,9,00,2,0,0,201400059478B01,7,1,1
201400059500,2014-07-31,2014,juillet,jeudi,17:25,974,97409,-0,0,2,1,6,1,1,4,2,02,-1,-1,000,000,1,0,0,4,2,21,0,1,9,00,2,0,0,201400059500B01,7,0,1
201400059502,2014-10-10,2014,octobre,vendredi,11:45,974,97409,-0,0,1,1,6,1,1,3,2,02,-1,-1,000,000,1,0,1,4,1,49,0,1,4,00,2,0,13,201400059502B01,13,0,1
201400059503,2014-10-11,2014,octobre,samedi,16:30,974,97409,-0,0,1,1,3,1,1,3,2,02,-1,-1,000,000,1,0,0,4,1,7,0,1,9,00,2,1,0,201400059503B01,7,1,1
201400059504,2014-10-12,2014,octobre,dimanche,17:10,974,97409,-0,0,1,1,3,1,1,3,2,02,-1,-1,000,000,1,0,0,4,1,34,0,1,4,00,2,0,1,201400059504B01,7,9,1
201400059506,2014-10-23,2014,octobre,jeudi,18:10,974,97409,-0,0,1,3,3,1,1,3,2,02,-1,-1,000,000,1,0,1,4,1,35,0,1,9,00,2,1,0,201400059506B01,7,9,1
201400059516,2014-12-10,2014,décembre,mercredi,17:05,974,97409,-0,0,2,1,6,1,1,3,-1,01,1,-1,000,000,1,0,1,4,1,15,0,1,9,00,2,4,1,201400059516B01,7,9,1
201400059539,2014-02-13,2014,février,jeudi,80:0,974,97411,-0,0,2,1,2,1,1,4,2,02,1,1,000,000,1,0,1,4,1,57,0,1,9,00,2,1,2,201400059539A01,7,0,1
201400059564,2014-05-07,2014,mai,mercredi,21:45,974,97411,-0,0,2,2,6,5,2,4,1,01,2,1,000,030,2,0,1,4,1,18,0,1,9,00,2,1,1,201400059564B01,30,1,1
201400059569,2014-05-19,2014,mai,lundi,70:5,974,97411,-0,0,1,1,3,1,1,4,2,03,2,1,000,000,1,0,1,4,1,54,1,1,9,00,2,1,1,201400059569B01,7,0,1
201400059580,2014-06-30,2014,juin,lundi,16:45,974,97411,-0,0,1,1,3,1,1,4,2,02,1,-1,000,000,1,0,0,4,1,16,0,1,9,00,2,1,1,201400059580Y01,7,15,1
201400059580,2014-06-30,2014,juin,lundi,16:45,974,97411,-0,0,1,1,3,1,1,4,2,02,1,-1,000,000,1,0,0,4,1,14,0,1,9,00,2,1,1,201400059580Y01,7,15,1
201400059581,2014-08-21,2014,août,jeudi,16:00,974,97411,-0,0,2,2,1,1,2,4,2,02,1,1,000,059,1,0,1,4,1,8,0,1,9,00,2,8,1,201400059581B01,7,1,1
201400059590,2014-11-06,2014,novembre,jeudi,20:20,974,97411,-0,0,2,2,3,3,1,2,2,02,1,1,000,000,-1,0,1,3,1,8,5,1,9,00,2,5,3,201400059590A01,7,0,1
201400059609,2014-01-05,2014,janvier,dimanche,14:10,974,97416,-0,0,2,1,2,1,1,4,2,02,1,1,000,070,1,0,1,4,1,42,9,1,2,00,2,4,16,201400059609B01,7,1,1
201400059631,2014-02-16,2014,février,dimanche,94:5,974,97416,-0,0,1,1,3,1,1,2,1,02,1,1,000,080,1,0,2,4,1,46,9,1,2,00,2,8,1,201400059631B01,7,14,1
201400059632,2014-02-16,2014,février,dimanche,13:30,974,97416,-0,0,1,1,1,1,1,3,2,02,2,1,000,080,1,0,1,4,1,49,9,1,9,00,2,1,1,201400059632B01,10,15,1
201400059643,2014-03-05,2014,mars,mercredi,12:00,974,97416,-0,0,2,1,3,1,1,4,1,01,2,1,000,040,1,0,4,4,1,23,9,1,9,00,2,1,18,201400059643B01,7,22,1
201400059645,2014-03-07,2014,mars,vendredi,83:0,974,97416,-0,0,1,6,2,1,1,4,4,02,2,2,000,080,1,3,1,4,1,64,5,1,9,00,2,4,1,201400059645B01,21,14,1
201400059655,2014-03-20,2014,mars,jeudi,16:50,974,97416,-0,0,1,2,3,1,1,3,2,02,1,1,000,070,1,0,1,4,1,31,9,1,2,00,2,1,1,201400059655B01,7,15,1
201400059662,2014-04-02,2014,avril,mercredi,74:0,974,97416,-0,0,1,1,2,1,1,4,2,02,2,1,000,070,1,0,1,4,1,17,9,1,9,00,2,1,2,201400059662B01,7,2,1