Num_Acc,date,an,mois,jour,hrmn,dep,com,lat,long,agg,int,col,lum,atm,catr,circ,nbv,prof,plan,lartpc,larrout,surf,infra,situ,grav,sexe,age,trajet,secuexist,equipement,obs,obsm,choc,manv,vehiculeid,typevehicules,manoeuvehicules,numVehicules
201400059690,2014-05-06,2014,mai,mardi,16:38,974,97416,-0,0,1,1,7,1,1,3,2,02,2,1,000,070,1,0,1,4,1,43,9,1,9,00,1,1,1,201400059690A01,,,
201400059697,2014-05-16,2014,mai,vendredi,10:55,974,97416,-0,0,1,3,3,1,1,4,2,02,2,1,000,070,1,0,1,3,1,20,9,1,9,00,2,1,17,201400059697B01,13,15,1
201400059711,2014-06-06,2014,juin,vendredi,17:40,974,97416,-0,0,1,1,3,2,1,3,2,02,2,1,000,070,1,0,1,4,2,12,9,1,9,00,2,4,19,201400059711A01,10,1,1
201400059714,2014-06-15,2014,juin,dimanche,19:35,974,97416,-0,0,2,2,7,5,1,4,1,02,2,1,000,070,1,0,1,4,1,15,9,1,9,00,0,0,14,201400059714A01,,,
201400059716,2014-06-20,2014,juin,vendredi,72:0,974,97416,-0,0,2,1,7,2,1,4,2,02,2,1,000,070,1,0,1,4,1,19,9,1,9,00,0,0,1,201400059716A01,,,
201400059724,2014-07-03,2014,juillet,jeudi,13:05,974,97416,-0,0,2,1,7,1,1,3,1,01,1,1,000,010,1,0,5,1,1,53,0,1,9,00,1,1,1,201400059724A01,,,
201400059727,2014-07-08,2014,juillet,mardi,15:20,974,97416,-0,0,1,1,3,1,1,4,2,02,2,1,000,070,1,0,1,4,1,19,5,1,9,00,2,1,17,201400059727B01,7,15,1
201400059753,2014-08-09,2014,août,samedi,12:50,974,97416,-0,0,1,3,3,1,1,3,2,02,2,1,000,070,1,0,1,4,1,15,9,1,9,00,2,1,16,201400059753A01,10,1,1
201400059761,2014-08-20,2014,août,mercredi,21:00,974,97416,-0,0,2,1,1,5,1,4,2,02,2,1,000,070,1,0,1,4,1,16,0,1,9,00,2,1,13,201400059761B01,7,1,1
201400059761,2014-08-20,2014,août,mercredi,21:00,974,97416,-0,0,2,1,1,5,1,4,2,02,2,1,000,070,1,0,1,4,1,14,9,1,9,00,2,1,13,201400059761B01,7,1,1
201400059763,2014-08-25,2014,août,lundi,17:05,974,97416,-0,0,2,6,3,1,1,4,2,02,1,1,000,070,1,0,1,4,2,61,0,1,9,00,2,7,1,201400059763B01,7,9,1
201400059767,2014-08-29,2014,août,vendredi,22:50,974,97416,-0,0,1,1,2,3,1,4,2,02,1,1,000,060,1,0,1,4,1,20,9,1,9,00,2,1,21,201400059767A01,7,9,1
201400059811,2014-10-29,2014,octobre,mercredi,12:45,974,97416,-0,0,1,2,3,1,1,3,2,02,2,1,000,070,1,0,1,4,1,20,5,1,9,00,2,1,17,201400059811B01,7,15,1
201400059845,2014-12-17,2014,décembre,mercredi,73:0,974,97416,-0,0,1,6,2,2,1,4,2,02,1,2,000,060,1,5,1,4,1,15,0,1,9,00,2,4,2,201400059845B01,7,0,1
201400059849,2014-12-23,2014,décembre,mardi,18:45,974,97416,-0,0,2,1,3,2,1,4,2,02,1,1,000,070,1,0,1,1,1,9,0,1,9,00,2,0,19,201400059849B01,33,1,1
201500000062,2015-11-02,2015,novembre,lundi,94:5,59,59268,50.641,2.722,2,1,3,1,5,4,2,02,1,1,000,050,1,0,1,3,1,74,5,1,1,00,2,8,1,201500000062B02,7,17,1
201500000092,2015-05-05,2015,mai,mardi,12:00,59,59611,50.66572,3.00818,1,1,2,1,6,3,2,02,1,1,000,069,2,0,1,2,2,53,5,1,2,00,2,3,13,201500000092B02,7,1,1
201500000093,2015-05-22,2015,mai,vendredi,11:00,59,59611,50.69039,2.99471,2,1,1,1,1,4,2,02,1,4,000,040,1,0,1,3,1,73,5,1,2,00,2,1,0,201500000093B02,32,1,1
201500000097,2015-12-17,2015,décembre,jeudi,12:00,59,59252,0,0,1,1,3,1,1,4,2,00,1,1,000,028,2,0,1,3,1,60,0,1,2,00,2,8,1,201500000097B02,14,16,1
201500000102,2015-11-08,2015,novembre,dimanche,90:0,59,59038,0,0,1,1,2,1,7,3,2,02,-1,1,000,050,1,0,1,3,2,27,4,1,1,00,2,4,2,201500000102B02,7,2,1
201500000110,2015-08-10,2015,août,lundi,14:45,59,59529,0,0,1,1,1,1,1,3,-1,00,-1,-1,000,000,1,0,1,3,2,58,5,1,2,00,0,8,2,201500000110B02,21,17,1
201500000190,2015-12-04,2015,décembre,vendredi,17:30,59,59357,0,0,2,9,1,3,1,3,-1,00,1,1,000,055,1,0,1,3,1,51,5,1,4,00,0,4,0,201500000190B02,7,2,1
201500000209,2015-05-26,2015,mai,mardi,18:30,62,62579,50.18183,2.6578,2,2,3,1,1,3,2,02,1,1,000,067,1,5,1,3,1,8,5,1,2,00,2,1,1,201500000209B02,7,1,1
201500000218,2015-06-28,2015,juin,dimanche,94:5,62,62861,50.3762,2.80639,2,3,3,1,1,3,2,00,1,1,000,000,1,0,1,3,1,19,5,1,2,00,2,1,17,201500000218B02,7,15,1
201500000246,2015-06-15,2015,juin,lundi,18:45,62,62473,50.61111,2.47597,2,1,6,1,1,4,2,02,1,1,000,064,1,0,1,3,1,15,5,1,2,01,0,1,1,201500000246A01,,,
201500000248,2015-06-28,2015,juin,dimanche,15:45,62,62473,50.61875,2.47133,2,1,1,1,1,3,2,02,-1,1,000,055,1,0,1,3,1,11,5,1,2,00,2,8,17,201500000248B02,7,1,1
201500000259,2015-07-01,2015,juillet,mercredi,18:30,62,62268,50.66697,1.84069,2,1,2,1,7,4,2,02,2,1,000,000,1,0,1,4,2,10,5,1,2,00,2,4,1,201500000259B02,99,1,1
201500000259,2015-07-01,2015,juillet,mercredi,18:30,62,62268,50.66697,1.84069,2,1,2,1,7,4,2,02,2,1,000,000,1,0,1,4,2,10,0,1,2,00,2,4,1,201500000259B02,99,1,1
201500000263,2015-09-06,2015,septembre,dimanche,17:15,62,62268,50.67859,1.83109,2,1,1,1,1,3,2,00,4,1,000,070,1,0,1,3,1,11,5,1,2,00,2,1,1,201500000263B02,7,1,1
201500000303,2015-07-02,2015,juillet,jeudi,17:00,62,62014,50.63973,2.39581,2,1,1,1,1,4,1,00,1,1,000,000,1,0,1,3,1,14,5,1,2,00,2,1,19,201500000303B02,7,1,1
201500000321,2015-06-26,2015,juin,vendredi,12:00,62,62451,50.4766,2.27821,1,9,1,1,1,3,2,02,2,1,000,070,1,0,1,3,1,14,5,1,2,00,2,1,9,201500000321B02,7,1,1
201500000340,2015-01-04,2015,janvier,dimanche,21:45,80,80016,50.00293,2.65187,2,6,3,5,1,4,-1,00,-1,-1,000,000,1,0,1,3,1,30,5,1,4,00,0,7,1,201500000340B02,7,9,1
201500000348,2015-10-30,2015,octobre,vendredi,11:30,80,80016,49.99797,2.65018,2,1,1,1,1,4,-1,01,1,1,000,050,1,0,1,3,2,77,3,1,9,01,0,1,1,201500000348B02,7,24,1
201500000380,2015-09-28,2015,septembre,lundi,11:00,02,02720,0,0,2,5,1,1,7,3,2,02,1,3,000,000,1,0,1,3,2,86,5,1,2,00,2,8,1,201500000380A01,7,19,1
201500000389,2015-01-06,2015,janvier,mardi,15:00,02,02163,48.97712,3.28837,2,1,3,1,1,4,1,01,1,1,000,057,1,0,1,3,2,19,1,1,2,00,2,8,1,201500000389A01,7,17,1
201500000411,2015-01-09,2015,janvier,vendredi,13:45,02,02210,0,0,2,1,2,1,1,3,2,02,1,1,000,065,1,0,1,3,1,27,5,1,2,00,2,4,1,201500000411B02,10,1,1
201500000443,2015-05-15,2015,mai,vendredi,16:00,60,60681,49.39842,1.94846,2,1,1,1,1,4,2,00,1,1,000,000,1,0,1,3,2,20,5,1,1,00,0,4,1,201500000443B02,7,17,1
201500000444,2015-06-01,2015,juin,lundi,18:30,60,60616,49.35566,1.7678,1,1,3,1,1,3,2,00,2,-1,000,000,1,0,1,3,2,11,5,1,2,00,2,3,13,201500000444B02,7,1,1
201500000467,2015-04-09,2015,avril,jeudi,18:00,60,60462,49.33401,2.19832,2,1,1,1,1,3,2,02,-1,1,000,097,1,0,1,2,1,59,5,1,9,00,2,1,18,201500000467B02,14,16,1
201500000473,2015-10-01,2015,octobre,jeudi,14:15,60,60330,49.2961,2.15942,2,2,3,1,1,3,2,02,-1,-1,000,000,-1,0,0,3,1,26,5,1,2,00,2,1,1,201500000473A01,7,1,1
201500000486,2015-04-19,2015,avril,dimanche,11:15,60,60360,49.32925,2.46802,1,9,3,1,1,3,2,00,1,1,000,000,1,0,1,4,1,75,0,1,2,00,2,8,15,201500000486A01,7,15,1
201500000487,2015-06-07,2015,juin,dimanche,14:15,60,60360,49.33071,2.4583,2,1,1,1,1,4,2,02,2,1,000,000,1,0,1,3,1,15,5,1,2,01,2,7,16,201500000487B02,7,15,1
201500000530,2015-06-10,2015,juin,mercredi,11:45,60,60612,49.20365,2.5947,2,1,1,1,1,3,2,02,4,1,000,030,1,0,1,3,1,63,5,1,2,00,2,1,1,201500000530B02,7,15,1
201500000539,2015-09-26,2015,septembre,samedi,70:0,60,60517,49.22813,2.22668,1,1,1,2,1,3,2,03,1,1,000,000,1,0,1,3,1,31,5,1,4,00,0,4,2,201500000539B02,7,2,1
201500000544,2015-07-06,2015,juillet,lundi,19:45,60,60346,49.16771,2.42309,2,6,3,1,1,4,2,02,1,1,000,000,1,5,1,4,1,34,5,1,2,00,2,7,0,201500000544B02,7,0,1
201500000548,2015-12-26,2015,décembre,samedi,11:00,60,60141,49.19291,2.46331,2,6,1,1,1,3,-1,00,-1,-1,000,000,-1,0,0,3,1,37,0,1,2,00,0,0,0,201500000548A01,3,0,1
201500000561,2015-04-02,2015,avril,jeudi,17:45,60,60509,49.30849,2.60296,2,1,3,1,1,4,2,02,1,1,000,000,1,0,1,3,1,18,1,1,2,00,2,1,1,201500000561B02,7,15,1
201500000568,2015-07-20,2015,juillet,lundi,60:0,76,76594,49.49164,1.01455,1,1,2,2,2,3,2,02,1,1,000,097,2,0,1,3,2,61,1,1,2,00,2,4,2,201500000568B02,7,2,1
201500000593,2015-09-19,2015,septembre,samedi,14:45,76,76125,49.61913,1.18121,1,1,1,1,1,3,2,02,1,1,035,032,1,0,1,3,1,79,5,1,1,01,2,1,1,201500000593A01,7,1,1
201500000602,2015-09-06,2015,septembre,dimanche,11:30,76,76636,49.50109,0.93159,2,2,3,1,1,3,2,02,1,1,000,070,1,0,1,3,1,36,5,1,2,00,2,7,1,201500000602A01,7,1,1
201500000612,2015-06-21,2015,juin,dimanche,17:15,76,76268,49.68543,0.32054,1,1,3,1,1,3,2,00,2,2,000,050,1,0,1,3,1,61,5,1,2,00,0,0,13,201500000612B02,21,1,1
201500000646,2015-03-06,2015,mars,vendredi,14:45,76,76459,49.71081,1.49927,1,1,2,1,7,3,2,02,2,1,000,051,1,0,1,3,1,42,5,1,2,00,0,4,0,201500000646B02,7,2,1
201500000693,2015-06-11,2015,juin,jeudi,70:0,76,76611,49.64853,0.8946,2,3,1,1,1,4,2,02,1,1,000,030,1,0,1,3,1,24,0,1,2,00,2,1,1,201500000693A01,7,15,1
201500000726,2015-06-04,2015,juin,jeudi,16:15,27,27448,49.01415,1.38559,2,6,3,1,1,3,1,02,1,3,000,000,1,5,1,3,1,50,5,1,2,00,2,3,5,201500000726B02,7,1,1
201500000740,2015-11-04,2015,novembre,mercredi,13:30,27,27495,49.25179,1.35426,2,1,1,1,1,3,2,02,1,1,540,000,1,0,1,3,1,77,5,1,8,00,2,1,1,201500000740B02,7,13,1
201500000785,2015-07-24,2015,juillet,vendredi,15:00,27,27249,49.18269,1.25726,1,1,3,1,1,3,2,00,1,1,000,006,1,0,1,3,1,15,5,1,1,00,2,6,19,201500000785B02,7,1,1
201500000789,2015-11-28,2015,novembre,samedi,11:30,27,27022,49.19361,1.33205,1,1,3,1,1,3,2,02,2,3,000,580,2,0,1,3,1,66,3,1,2,00,2,4,2,201500000789B02,10,2,1
201500000798,2015-09-02,2015,septembre,mercredi,19:00,27,27196,49.29714,1.17494,1,6,3,2,7,3,-1,01,1,-1,000,000,1,0,1,4,1,29,5,1,2,00,2,7,1,201500000798A01,7,1,1
201500000835,2015-07-31,2015,juillet,vendredi,94:5,35,35067,48.21665,-1.59149,1,2,1,1,7,3,2,02,2,1,000,060,1,0,1,3,1,52,5,1,2,00,2,8,1,201500000835A01,10,19,1
201500000847,2015-10-29,2015,octobre,jeudi,90:0,35,35133,48.1085,-2.036,1,1,5,1,1,3,2,00,1,1,000,000,2,0,1,3,2,64,5,1,2,00,0,1,0,201500000847B02,7,13,1
201500000847,2015-10-29,2015,octobre,jeudi,90:0,35,35133,48.1085,-2.036,1,1,5,1,1,3,2,00,1,1,000,000,2,0,1,3,2,47,5,1,2,00,0,1,0,201500000847C03,7,13,1
201500000853,2015-07-30,2015,juillet,jeudi,16:00,35,35037,48.04564,-1.87283,2,6,3,1,7,3,2,00,-1,1,000,000,1,0,1,3,1,57,5,1,2,00,2,4,2,201500000853B02,14,2,1
201500000857,2015-11-01,2015,novembre,dimanche,12:30,35,35196,48.0784,-1.84384,2,2,3,1,1,4,2,02,1,1,000,059,1,5,1,4,2,59,3,1,4,00,2,5,1,201500000857B02,7,16,1
201500000865,2015-08-18,2015,août,mardi,10:45,35,35243,48.34869,-1.26208,1,1,1,1,1,3,2,02,1,1,000,080,1,0,1,3,1,51,5,1,2,00,2,1,2,201500000865B02,7,2,1
201500000880,2015-05-14,2015,mai,jeudi,14:45,35,35341,48.40023,-1.4203,1,1,3,1,1,3,2,02,2,2,000,000,1,0,1,3,2,63,5,1,2,00,0,8,1,201500000880B02,7,14,1
201500000890,2015-04-09,2015,avril,jeudi,18:45,35,35064,0,0,2,1,3,1,1,4,2,00,1,1,000,025,9,0,0,3,1,8,5,1,2,00,2,1,19,201500000890B02,7,1,1
201500000938,2015-05-11,2015,mai,lundi,17:45,35,35360,48.10534,-1.20733,1,1,2,1,1,3,1,00,1,3,000,000,1,0,1,3,1,62,5,1,2,01,0,1,2,201500000938B02,10,0,1
201500000942,2015-08-02,2015,août,dimanche,10:30,35,35347,48.18768,-1.32166,2,1,1,1,1,3,2,02,1,1,000,060,1,0,1,3,1,59,5,1,2,00,2,8,0,201500000942B02,7,24,1
201500000958,2015-07-04,2015,juillet,samedi,94:5,35,35207,48.08536,-1.48281,1,1,7,1,1,4,2,00,2,3,000,042,1,0,3,2,2,79,5,1,2,13,0,1,1,201500000958A01,,,
201500000964,2015-06-30,2015,juin,mardi,18:30,35,35359,47.94659,-1.27531,1,1,2,1,1,3,2,02,1,1,075,000,1,0,1,3,1,43,5,1,2,00,2,4,1,201500000964B02,7,1,1
201500000970,2015-08-07,2015,août,vendredi,12:15,35,35136,47.96298,-1.49371,2,1,3,1,1,4,2,02,2,1,000,000,1,0,1,3,2,10,5,1,2,00,2,2,15,201500000970A01,7,1,1
201500000982,2015-06-26,2015,juin,vendredi,16:15,22,22093,48.46798,-2.50691,2,6,3,1,1,4,4,00,1,-1,000,000,1,5,1,3,1,55,5,1,2,00,2,1,1,201500000982B02,7,9,1
201500001013,2015-04-09,2015,avril,jeudi,15:00,22,22171,48.38521,-2.82788,1,2,3,1,1,4,2,02,1,1,,,1,5,1,3,1,17,5,1,2,00,2,1,1,201500001013B02,7,1,1
201500001016,2015-08-06,2015,août,jeudi,20:30,22,22287,48.4697,-2.88259,2,3,3,2,1,4,2,02,1,1,042,037,1,0,1,3,1,53,5,1,2,00,2,8,16,201500001016B02,7,15,1
201500001063,2015-07-29,2015,juillet,mercredi,93:0,29,29226,48.0843,-4.40212,1,1,2,1,7,3,2,00,1,1,000,065,1,0,1,4,1,68,5,1,9,00,0,4,2,201500001063B02,10,2,1
201500001076,2015-08-21,2015,août,vendredi,16:30,29,29058,47.86017,-4.02206,1,1,1,1,7,4,2,00,1,3,000,067,1,0,1,3,1,46,5,1,2,00,2,0,15,201500001076B02,10,1,1
201500001083,2015-03-05,2015,mars,jeudi,19:45,29,29158,47.81854,-4.31299,1,1,2,3,1,3,2,00,1,1,000,000,1,0,1,2,1,55,5,1,2,00,2,4,1,201500001083B02,7,1,1
201500001092,2015-12-20,2015,décembre,dimanche,16:45,29,29245,48.45013,-4.33164,2,1,3,1,2,4,2,02,1,1,000,050,2,0,1,3,1,6,5,1,2,00,0,8,19,201500001092B02,7,1,1
201500001107,2015-03-31,2015,mars,mardi,17:15,29,29117,48.56597,-4.5246,2,1,3,1,1,3,2,00,-1,1,035,000,1,0,1,4,1,63,0,1,2,00,2,1,15,201500001107B02,7,1,1
201500001118,2015-05-14,2015,mai,jeudi,10:45,29,29196,48.50597,-4.58269,1,1,1,1,1,4,2,01,2,4,000,060,1,0,1,3,1,57,5,1,2,00,2,4,1,201500001118B02,7,19,1
201500001121,2015-06-12,2015,juin,vendredi,17:15,29,29109,48.533,-4.72671,2,1,3,1,1,4,2,02,1,1,060,000,1,0,1,3,1,9,5,1,2,00,2,1,1,201500001121A01,7,1,1
201500001122,2015-06-20,2015,juin,samedi,15:45,29,29149,48.46688,-4.56667,1,1,3,1,1,4,2,00,-1,1,075,000,1,5,1,3,1,40,3,1,2,00,2,2,15,201500001122B02,7,1,1
201500001139,2015-01-17,2015,janvier,samedi,14:45,29,29024,48.27487,-3.55844,2,6,3,1,2,4,2,00,-1,2,000,060,2,5,1,3,2,55,5,1,2,00,2,7,1,201500001139B02,7,1,1
201500001148,2015-12-29,2015,décembre,mardi,15:45,29,29024,48.29294,-3.55543,2,1,1,1,1,3,1,00,1,2,000,000,1,5,1,3,2,18,5,1,2,00,2,1,1,201500001148B02,7,9,1
201500001149,2015-04-08,2015,avril,mercredi,17:30,29,29249,48.17034,-3.8113,1,1,3,1,1,3,2,02,2,1,000,064,1,0,1,3,1,65,5,1,2,00,0,7,1,201500001149B02,10,18,1
201500001156,2015-07-22,2015,juillet,mercredi,15:45,29,29042,48.25712,-4.53816,1,1,3,1,1,3,2,02,4,1,000,060,1,0,1,4,1,56,5,1,2,00,2,1,18,201500001156A01,7,16,1
201500001161,2015-10-12,2015,octobre,lundi,71:5,29,29120,48.24842,-4.41844,2,6,3,5,1,3,2,00,1,1,000,070,1,5,1,4,1,42,1,1,2,00,2,7,1,201500001161B02,7,1,1
201500001174,2015-02-22,2015,février,dimanche,10:15,29,29204,48.49917,-4.17386,1,1,3,1,2,4,2,00,4,2,000,115,2,5,1,3,1,48,5,1,2,00,2,1,1,201500001174A01,7,0,1
201500001189,2015-10-31,2015,octobre,samedi,17:00,29,29276,48.66609,-4.0676,2,1,1,1,1,3,2,02,1,-1,000,000,1,5,1,3,2,43,5,1,2,00,2,8,19,201500001189B02,7,1,1
201500001198,2015-10-13,2015,octobre,mardi,16:45,56,56158,47.69356,-2.80784,2,1,5,1,1,4,2,01,1,1,000,039,1,0,1,3,1,9,2,1,1,00,2,8,19,201500001198A01,7/ 37,16/1,2
201500001202,2015-06-05,2015,juin,vendredi,18:30,56,56183,0,0,2,1,3,1,1,3,2,00,1,3,000,575,1,0,1,3,1,12,5,1,2,00,2,8,1,201500001202B02,7,1,1
201500001208,2015-09-27,2015,septembre,dimanche,16:00,56,56126,47.55954,-2.39514,1,1,3,1,1,3,2,02,1,1,031,079,1,0,1,3,1,44,5,1,2,00,2,2,0,201500001208B02,7,13,1
201500001217,2015-10-18,2015,octobre,dimanche,11:45,56,56184,47.66171,-2.45365,2,1,1,1,1,4,1,00,2,1,000,000,1,0,1,4,1,16,3,1,2,00,2,1,1,201500001217B02,7,1,1
201500001230,2015-08-06,2015,août,jeudi,10:00,56,56176,0,0,1,6,3,1,1,3,-1,01,1,-1,000,000,1,0,1,3,1,71,5,1,1,00,2,7,1,201500001230B02,7,9,1
201500001237,2015-12-29,2015,décembre,mardi,13:30,56,56263,47.70387,-2.95489,2,1,3,1,7,3,2,02,-1,-1,000,000,-1,0,0,3,1,62,0,1,2,00,0,1,0,201500001237B02,7,15,1
201500001244,2015-06-17,2015,juin,mercredi,17:30,56,56169,0,0,2,1,1,1,1,3,2,00,1,1,000,065,1,0,1,3,2,14,5,1,2,00,2,2,19,201500001244A01,10,1,1
201500001248,2015-04-27,2015,avril,lundi,81:5,56,56127,48.0776,-2.29033,2,6,1,1,1,4,1,02,1,2,000,080,1,5,1,3,2,14,2,1,2,00,2,7,1,201500001248B02,7,9,1
201500001293,2015-06-10,2015,juin,mercredi,10:45,56,56117,47.88925,-2.83812,2,3,3,1,1,4,2,02,2,1,000,000,1,0,1,3,2,44,4,1,2,00,2,7,1,201500001293B02,7,19,1
201500001301,2015-01-24,2015,janvier,samedi,10:00,56,56014,0,0,1,1,2,1,1,3,2,00,1,1,000,000,2,0,1,2,1,81,5,1,1,14,0,4,15,201500001301A01,7,1,1
201500001314,2015-06-01,2015,juin,lundi,16:45,14,14384,49.3149,-0.35538,2,3,3,1,1,4,2,02,1,1,000,061,1,5,1,3,1,12,2,1,2,00,2,1,19,201500001314B02,10,1,1
201500001336,2015-06-07,2015,juin,dimanche,11:35,14,14166,49.2912,-0.28261,2,2,3,1,1,3,2,02,1,1,000,060,1,5,1,3,2,56,5,1,2,00,2,7,15,201500001336A01,10,21,1
201500001347,2015-10-20,2015,octobre,mardi,15:30,14,14046,49.2308,-0.21643,1,1,3,1,1,3,2,01,1,3,000,046,1,0,1,3,1,69,5,1,2,00,2,8,1,201500001347B02,7,13,1
201500001382,2015-01-28,2015,janvier,mercredi,80:0,14,14431,49.0729,-0.07597,2,1,6,5,1,3,2,02,1,1,000,070,1,0,1,4,1,17,2,1,9,01,0,7,1,201500001382A01,,,
201500001407,2015-07-16,2015,juillet,jeudi,12:15,14,14316,49.2639,-0.04287,1,2,1,1,1,3,2,02,1,1,000,030,1,5,1,3,1,39,5,1,2,00,2,1,1,201500001407B02,7,19,1
201500001438,2015-12-28,2015,décembre,lundi,15:00,50,50468,49.2201,-1.10227,2,1,6,1,1,3,2,02,2,2,000,045,1,0,1,3,1,68,5,1,2,00,1,1,1,201500001438A01,,,
201500001487,2015-09-02,2015,septembre,mercredi,21:00,50,50447,48.7985,-1.52158,1,1,3,2,1,3,2,02,1,1,000,080,1,0,1,3,1,46,5,1,2,00,2,4,1,201500001487B01,7,2,1
201500001497,2015-04-10,2015,avril,vendredi,20:45,50,50074,48.7146,-1.17902,1,1,1,2,2,3,2,02,1,2,000,046,2,2,1,4,1,29,5,1,4,00,2,1,1,201500001497B01,7,13,1
201500001504,2015-01-11,2015,janvier,dimanche,10:30,50,50041,49.6709,-1.8541,1,1,5,1,7,3,3,03,1,3,010,100,1,0,1,3,1,50,5,1,2,00,2,4,2,201500001504C01,7,2,1
201500001504,2015-01-11,2015,janvier,dimanche,10:30,50,50041,49.6709,-1.8541,1,1,5,1,7,3,3,03,1,3,010,100,1,0,1,2,1,59,5,1,2,00,2,4,2,201500001504B01,7,2,1
201500001519,2015-09-17,2015,septembre,jeudi,19:00,50,50087,49.5589,-1.63001,1,1,5,1,1,3,2,02,2,2,068,000,1,0,1,3,1,40,5,1,2,00,2,4,2,201500001519C01,7/ 33,2,2
201500001599,2015-05-29,2015,mai,vendredi,13:50,01,01053,46.20195,5.22072,2,2,3,1,1,4,1,03,2,1,000,000,1,0,1,4,1,17,2,1,8,00,2,3,1,201500001599B01,7,16,1
201500001609,2015-07-01,2015,juillet,mercredi,12:45,01,01053,46.2176,5.22767,2,6,3,1,7,4,2,02,1,1,000,000,1,0,1,4,1,21,1,1,8,00,2,1,19,201500001609A01,10,1,1
201500001634,2015-10-21,2015,octobre,mercredi,14:09,01,01344,46.1984,5.17531,1,3,3,1,1,3,2,02,1,1,000,000,1,0,1,3,1,7,5,1,9,00,2,7,16,201500001634B01,15,16,1
201500001637,2015-11-06,2015,novembre,vendredi,14:55,01,01289,46.17672,5.23421,1,2,3,1,1,3,2,02,1,1,000,050,1,5,1,3,1,66,5,1,2,00,2,1,1,201500001637B01,7,19,1
201500001643,2015-12-16,2015,décembre,mercredi,10:35,01,01053,0,0,2,2,3,1,1,4,1,01,2,1,000,000,1,0,1,4,2,65,5,1,9,00,2,7,1,201500001643A01,10,15,1
201500001653,2015-08-01,2015,août,samedi,10:00,61,61249,48.65983,0.02469,1,4,3,1,1,3,2,02,1,1,,,1,5,1,3,1,67,5,1,2,00,2,8,11,201500001653B02,7,17,1
201500001685,2015-07-10,2015,juillet,vendredi,13:15,61,61063,48.69722,-0.36888,2,3,3,1,1,4,2,02,1,1,000,065,1,0,1,3,1,17,5,1,9,00,2,7,19,201500001685B02,10,1,1
201500001720,2015-08-16,2015,août,dimanche,12:00,61,61456,48.76105,0.64136,2,6,3,1,1,4,2,02,1,1,000,000,1,5,1,3,1,71,5,1,2,00,2,8,1,201500001720B02,7,16,1
201500001759,2015-05-17,2015,mai,dimanche,90:0,44,44212,47.14429,-1.25198,1,2,1,1,1,4,-1,00,-1,3,000,070,-1,0,1,3,1,51,5,1,2,00,0,6,0,201500001759B02,7,15,1
201500001796,2015-09-06,2015,septembre,dimanche,53:0,44,44054,47.70019,-1.35142,1,1,2,3,1,3,2,02,2,1,000,060,1,0,1,2,1,68,5,1,2,00,2,4,2,201500001796A01,7,2,1
201500001806,2015-06-23,2015,juin,mardi,21:30,44,44015,47.46857,-1.83713,1,1,1,2,1,3,2,00,1,1,000,062,1,0,1,3,1,40,5,1,2,00,2,4,1,201500001806B02,10,1,1
201500001849,2015-08-20,2015,août,jeudi,11:45,44,44164,47.076,-1.885,1,1,3,1,1,3,2,02,1,-1,000,053,1,0,1,3,2,64,5,1,2,00,2,3,9,201500001849B02,7,1,1
201500001850,2015-09-27,2015,septembre,dimanche,93:0,44,44126,47.13315,-2.16434,1,1,2,1,1,3,2,02,1,1,000,000,1,0,1,2,1,76,5,1,2,00,2,4,1,201500001850B02,7,1,1
201500001862,2015-08-20,2015,août,jeudi,18:15,44,44154,47.2567,-2.16026,2,3,3,1,1,4,2,02,-1,3,000,000,1,5,1,3,2,77,5,1,2,00,2,7,1,201500001862A01,7,16,1
201500001869,2015-03-02,2015,mars,lundi,12:15,44,44186,47.10627,-1.81335,2,1,1,1,1,3,2,02,1,1,000,000,1,0,1,3,1,13,2,1,2,00,0,6,15,201500001869B02,7,1,1
201500001873,2015-06-08,2015,juin,lundi,18:30,44,44145,47.19385,-1.85107,1,2,3,1,1,3,2,02,1,1,,,1,0,1,3,1,44,5,1,2,00,2,0,1,201500001873B02,7,15,1
201500001882,2015-10-08,2015,octobre,jeudi,11:30,44,44047,47.21802,-1.68261,2,6,3,1,1,4,2,02,1,2,000,000,1,5,1,4,2,70,3,1,2,00,0,7,1,201500001882B02,7,9,1
201500001884,2015-12-02,2015,décembre,mercredi,15:30,44,44047,0,0,2,6,3,1,1,9,-1,02,1,1,000,062,1,5,1,4,1,13,5,1,2,00,2,5,1,201500001884B02,7,1,1
201500001904,2015-09-09,2015,septembre,mercredi,13:30,44,44030,47.44654,-2.26458,1,1,2,1,1,3,2,00,1,1,000,062,1,0,1,4,1,29,5,1,2,00,2,4,1,201500001904B02,7,1,1
201500001966,2015-08-30,2015,août,dimanche,13:45,49,49257,47.6571,-0.20595,2,1,3,1,3,4,2,01,1,1,000,000,2,5,1,3,1,55,5,1,1,15,2,1,1,201500001966B02,7,19,1
201500001982,2015-12-06,2015,décembre,dimanche,83:0,49,49092,47.19869,-0.71855,1,1,2,2,8,3,2,02,1,1,000,060,2,0,1,3,1,53,5,1,9,00,2,4,2,201500001982B02,7,2,1
201500002018,2015-05-21,2015,mai,jeudi,15:45,49,49030,47.35405,-0.08286,1,1,5,1,1,3,2,00,2,1,033,077,1,0,1,3,2,17,5,1,4,00,2,8,13,201500002018B02,7,17/1,2