Num_Acc,date,an,mois,jour,hrmn,dep,com,lat,long,agg,int,col,lum,atm,catr,circ,nbv,prof,plan,lartpc,larrout,surf,infra,situ,grav,sexe,age,trajet,secuexist,equipement,obs,obsm,choc,manv,vehiculeid,typevehicules,manoeuvehicules,numVehicules
201500002019,2015-06-01,2015,juin,lundi,18:30,49,49002,47.28685,0.01626,1,1,5,1,1,9,2,00,-1,3,000,030,1,0,1,3,1,9,5,1,2,00,2,1,1,201500002019B02,7,1,1
201500002019,2015-06-01,2015,juin,lundi,18:30,49,49002,47.28685,0.01626,1,1,5,1,1,9,2,00,-1,3,000,030,1,0,1,1,1,3,0,1,2,00,2,1,1,201500002019B02,7,1,1
201500002019,2015-06-01,2015,juin,lundi,18:30,49,49002,47.28685,0.01626,1,1,5,1,1,9,2,00,-1,3,000,030,1,0,1,1,1,7,5,1,2,00,2,7,0,201500002019C03,7,1,1
201500002027,2015-07-29,2015,juillet,mercredi,20:30,49,49253,47.12745,-0.23793,2,2,3,1,1,4,2,02,1,1,000,040,1,0,1,3,1,62,5,1,1,00,2,1,5,201500002027B02,7,1,1
201500002084,2015-06-06,2015,juin,samedi,18:15,53,53110,47.86284,-0.5226,1,1,1,1,1,4,2,00,2,1,000,035,1,0,1,3,2,79,5,1,2,00,2,1,1,201500002084B02,10,1,1
201500002123,2015-06-11,2015,juin,jeudi,10:45,53,53121,48.41802,-0.33613,2,1,1,1,1,2,2,02,1,1,000,000,1,0,1,3,1,68,5,1,2,00,2,1,1,201500002123B02,7,15,1
201500002145,2015-03-07,2015,mars,samedi,90:0,72,72054,48.032,0.367,1,1,2,1,1,3,2,00,1,1,000,000,1,0,2,3,1,63,5,1,4,00,2,4,1,201500002145A01,7,14,1
201500002149,2015-06-03,2015,juin,mercredi,16:45,72,72300,0,0,2,1,1,1,1,3,3,00,1,1,023,000,1,0,1,4,1,18,0,1,2,00,0,3,0,201500002149B02,7,0,1
201500002163,2015-06-15,2015,juin,lundi,16:30,72,72253,0,0,1,1,1,1,1,3,2,02,1,1,000,000,1,0,1,3,1,62,5,1,2,00,9,1,1,201500002163B02,1,1,1
201500002163,2015-06-15,2015,juin,lundi,16:30,72,72253,0,0,1,1,1,1,1,3,2,02,1,1,000,000,1,0,1,1,1,65,5,1,2,00,0,4,1,201500002163A01,1,1,1
201500002164,2015-06-25,2015,juin,jeudi,17:30,72,72280,0,0,1,1,3,1,1,3,2,02,1,1,000,077,1,0,1,3,2,71,5,1,2,00,2,8,1,201500002164B02,7,17,1
201500002178,2015-05-21,2015,mai,jeudi,74:5,72,72154,47.692,-0.044,1,1,1,1,1,3,2,00,1,1,000,070,1,0,1,3,1,18,0,1,2,00,2,8,15,201500002178B02,7,2,1
201500002224,2015-10-20,2015,octobre,mardi,10:00,72,72316,0,0,1,1,3,1,1,3,2,00,1,1,000,075,1,0,1,3,1,60,0,1,2,00,2,3,1,201500002224B02,10,17,1
201500002238,2015-11-24,2015,novembre,mardi,74:5,72,72006,0,0,2,1,1,5,2,3,2,02,1,1,000,000,2,0,1,3,1,31,1,1,4,00,2,4,2,201500002238B02,7,2,1
201500002245,2015-08-18,2015,août,mardi,16:15,85,85061,0,0,1,2,1,1,1,4,2,02,1,1,000,053,1,0,1,4,2,12,5,1,2,00,2,1,1,201500002245A01,7,1,1
201500002248,2015-11-16,2015,novembre,lundi,12:00,85,85135,46.54355,-1.24116,1,1,2,1,1,3,2,02,-1,1,000,000,1,0,1,2,1,58,3,1,9,00,2,4,2,201500002248B02,10,2,1
201500002292,2015-08-13,2015,août,jeudi,12:45,85,85003,46.73957,-1.6059,2,9,3,1,1,4,2,02,1,1,050,000,1,0,1,3,2,14,5,1,2,00,2,3,15,201500002292B02,7,1,1
201500002299,2015-11-03,2015,novembre,mardi,83:0,85,85155,46.71723,-1.45312,2,1,1,1,1,4,2,00,1,3,000,000,1,0,1,4,2,19,1,1,2,00,0,8,15,201500002299B02,7,17,1
201500002304,2015-06-08,2015,juin,lundi,84:5,85,85092,46.45959,-0.79837,2,1,1,1,1,3,1,02,2,1,000,140,1,0,1,3,1,49,5,1,9,00,2,0,11,201500002304B02,7,1,1
201500002313,2015-08-03,2015,août,lundi,18:00,85,85216,46.483,-1.1178,2,2,3,1,1,4,2,02,1,1,000,070,1,0,1,3,1,86,5,1,2,00,2,8,1,201500002313B02,7,19,1
201500002332,2015-09-04,2015,septembre,vendredi,17:30,85,85031,46.801,-0.941,1,1,1,1,1,4,2,01,1,1,000,048,1,5,1,2,1,63,5,1,2,00,2,9,15,201500002332B02,7,17,1
201500002345,2015-03-25,2015,mars,mercredi,94:5,85,85006,46.78477,-1.73501,1,1,2,1,1,3,2,02,1,1,000,066,1,0,1,3,1,73,5,1,2,00,2,4,1,201500002345B02,7,17,1
201500002352,2015-12-05,2015,décembre,samedi,91:5,85,85047,46.85874,-1.87167,2,1,6,1,7,4,2,02,2,1,000,060,1,0,1,3,1,69,5,1,2,00,2,4,1,201500002352A01,,,
201500002359,2015-07-06,2015,juillet,lundi,16:45,85,85011,46.93642,-2.16723,1,6,3,1,1,3,-1,00,1,-1,000,000,1,5,5,3,2,65,5,1,2,00,2,1,15,201500002359B02,33,16,1
201500002372,2015-03-23,2015,mars,lundi,12:30,85,85234,46.79707,-2.047,2,1,3,1,1,3,2,02,1,1,000,078,1,0,1,2,2,80,9,1,9,00,2,3,2,201500002372B02,7,2,1
201500002379,2015-08-22,2015,août,samedi,12:30,85,85234,46.79965,-2.08255,2,1,1,1,3,4,2,00,1,1,000,039,2,0,1,3,1,46,5,1,2,01,0,1,1,201500002379A01,7,24,1
201500002399,2015-05-31,2015,mai,dimanche,18:15,33,33051,44.64576,-0.95059,2,6,1,1,1,3,-1,00,-1,-1,000,000,-1,0,0,3,1,43,5,1,4,00,0,4,0,201500002399B02,10,1,1
201500002467,2015-11-28,2015,novembre,samedi,93:0,33,33109,44.6869,-0.46306,1,1,5,1,1,3,2,00,1,1,000,051,1,0,1,3,1,61,5,1,2,00,2,4,1,201500002467C03,7,1,1
201500002467,2015-11-28,2015,novembre,samedi,93:0,33,33109,44.6869,-0.46306,1,1,5,1,1,3,2,00,1,1,000,051,1,0,1,3,1,56,5,1,2,00,2,4,1,201500002467B02,7,1,1
201500002477,2015-03-14,2015,mars,samedi,11:30,33,33330,44.86202,-0.45868,1,1,1,1,1,3,2,00,1,1,000,000,1,0,1,3,1,45,0,1,2,00,2,2,13,201500002477A01,7,1,1
201500002485,2015-04-09,2015,avril,jeudi,15:30,33,33337,44.55065,-0.3169,1,2,3,1,1,3,-1,02,1,1,000,061,1,0,0,3,1,62,5,1,2,00,2,1,15,201500002485B02,7,19,1
201500002487,2015-08-15,2015,août,samedi,21:45,33,33081,44.63592,-0.32397,1,1,1,5,1,3,2,00,-1,2,000,063,1,0,1,3,1,19,5,1,9,00,2,1,17,201500002487B02,7,13,1
201500002509,2015-06-19,2015,juin,vendredi,94:5,33,33481,44.64031,0.05065,1,2,2,1,1,3,2,02,1,1,000,064,1,0,1,3,2,50,5,1,2,00,2,4,13,201500002509A01,7,1,1
201500002526,2015-08-12,2015,août,mercredi,20:30,33,33275,44.7036,-0.16666,1,1,3,2,1,3,2,02,1,1,000,000,1,0,1,3,2,80,5,1,2,00,2,5,6,201500002526A01,7,1,1
201500002533,2015-07-25,2015,juillet,samedi,14:45,33,33300,45.26097,-1.14518,1,1,3,1,1,4,2,02,1,1,000,000,1,0,1,3,2,25,5,1,2,00,2,2,14,201500002533A01,10,21,1
201500002551,2015-07-06,2015,juillet,lundi,93:0,33,33424,45.14726,-0.8251,2,1,3,1,1,3,2,00,1,1,000,065,1,0,1,3,1,76,5,1,2,00,2,9,1,201500002551B02,7,11,1
201500002555,2015-07-25,2015,juillet,samedi,20:15,33,33514,45.51304,-1.12403,2,1,3,1,1,4,1,01,-1,1,000,030,1,0,1,1,1,17,5,1,2,00,2,8,13,201500002555B02,31,1,1
201500002576,2015-09-21,2015,septembre,lundi,14:00,33,33147,44.79012,-0.23332,1,1,6,1,1,9,-1,00,2,-1,000,030,-1,0,0,3,1,66,5,1,2,00,0,0,1,201500002576A01,,,
201500002578,2015-12-14,2015,décembre,lundi,18:15,33,33185,44.86295,-0.25537,2,1,2,3,1,3,2,02,1,1,000,072,1,0,1,3,1,74,5,1,4,00,0,4,2,201500002578B02,7,2,1
201500002583,2015-05-17,2015,mai,dimanche,10:15,33,33154,45.08959,-0.05292,1,3,1,1,1,3,2,00,2,2,000,000,1,5,1,3,1,50,3,1,2,00,2,2,19,201500002583A01,33,1,1
201500002603,2015-03-05,2015,mars,jeudi,12:00,24,24013,45.1385,0.75609,1,1,1,1,1,3,2,02,-1,3,000,060,1,0,1,3,1,50,5,1,2,00,2,3,6,201500002603A01,7,1,1
201500002635,2015-08-21,2015,août,vendredi,17:30,24,24242,44.9138,0.61814,1,1,3,1,1,3,2,02,-1,3,000,070,1,0,1,3,1,87,5,1,2,00,0,8,1,201500002635B02,7,17,1
201500002636,2015-09-02,2015,septembre,mercredi,12:45,24,24472,44.8055,0.56474,1,1,1,1,1,3,2,00,2,1,000,070,1,0,1,3,1,72,5,1,1,00,0,1,1,201500002636B02,7,15,1
201500002643,2015-05-14,2015,mai,jeudi,11:15,24,24194,44.83663,0.33274,2,1,2,1,1,4,2,02,1,1,000,055,1,5,1,3,2,61,5,1,2,00,2,4,1,201500002643B02,10,16,1
201500002649,2015-12-10,2015,décembre,jeudi,17:00,24,24274,44.8111,0.47453,1,1,2,2,1,3,2,02,2,1,000,060,1,0,1,3,1,50,3,1,4,00,0,4,1,201500002649B02,7,1,1
201500002667,2015-11-29,2015,novembre,dimanche,21:00,24,24352,45.2494,0.33539,2,2,3,5,1,3,2,00,-1,1,000,000,1,5,1,3,1,14,5,1,1,00,2,7,1,201500002667A01,10,1,1
201500002677,2015-07-30,2015,juillet,jeudi,17:15,24,24159,45.1213,0.208,1,1,1,1,1,3,2,00,3,2,000,038,1,0,1,3,1,70,5,1,9,00,2,8,1,201500002677B02,7,17,1
201500002685,2015-02-22,2015,février,dimanche,17:30,24,24375,44.7249,1.26798,1,1,3,1,1,3,2,02,1,1,000,056,1,0,1,3,1,67,5,1,2,00,0,7,15,201500002685A01,7,1,1
201500002733,2015-08-21,2015,août,vendredi,15:15,40,40123,43.82608,-1.09651,1,1,5,1,1,3,2,00,1,1,000,000,1,0,1,3,1,77,0,1,2,00,2,1,0,201500002733C03,10/ 7,17,2
201500002811,2015-11-06,2015,novembre,vendredi,94:5,40,40286,43.65073,-0.52573,1,1,3,1,1,3,2,00,1,1,000,040,1,0,1,3,1,72,5,1,2,00,2,3,13,201500002811A01,7,1,1
201500002814,2015-05-12,2015,mai,mardi,17:45,40,40331,43.87917,-0.34502,1,2,3,1,1,3,2,02,-1,1,000,000,1,0,1,3,1,85,5,1,2,00,2,1,19,201500002814B02,7,1,1
201500002825,2015-02-28,2015,février,samedi,16:00,47,47137,44.1124,0.52585,1,1,1,1,1,3,2,02,2,1,065,065,1,0,1,3,1,51,5,1,2,00,2,0,2,201500002825B02,10,17,1
201500002833,2015-10-11,2015,octobre,dimanche,16:00,47,47100,44.249,0.605,1,1,7,1,1,4,2,02,2,3,000,038,1,0,3,3,2,60,5,1,2,02,0,3,13,201500002833A01,,,
201500002871,2015-07-19,2015,juillet,dimanche,21:45,47,47052,44.2992,0.09793,1,4,1,2,1,3,-1,02,2,1,000,000,1,0,1,2,1,82,5,1,9,00,2,1,1,201500002871B02,7,15,1
201500002896,2015-04-22,2015,avril,mercredi,15:15,64,64067,43.25264,-0.29566,2,6,3,1,1,3,-1,00,-1,-1,000,056,1,5,1,3,1,52,5,1,2,00,2,7,0,201500002896B02,7,0,1
201500002904,2015-07-17,2015,juillet,vendredi,23:45,64,64448,43.35249,-0.46964,2,1,1,5,1,4,2,02,2,2,000,000,1,0,1,3,1,19,9,1,4,00,2,1,5,201500002904A01,7,1,1
201500002906,2015-01-10,2015,janvier,samedi,90:0,64,64405,0,0,2,6,2,1,5,3,2,02,1,2,000,055,1,5,1,4,1,70,5,1,2,00,0,5,1,201500002906B02,7,9,1
201500002915,2015-09-03,2015,septembre,jeudi,18:45,64,64238,43.26073,-0.06559,2,1,3,1,3,3,2,00,-1,1,000,052,2,0,1,2,1,65,3,1,2,00,0,8,0,201500002915B02,7,0,1
201500002924,2015-07-28,2015,juillet,mardi,80:0,64,64191,43.1696,-0.21617,2,1,7,1,1,3,2,02,-1,2,000,080,-1,0,0,3,1,63,5,1,2,00,0,0,14,201500002924A01,,,
201500002944,2015-06-26,2015,juin,vendredi,11:45,64,64065,43.35441,-1.63093,2,1,1,1,1,3,2,00,-1,-1,000,000,1,0,3,3,1,70,5,1,2,00,0,0,0,201500002944B02,7,15,1
201500002947,2015-08-05,2015,août,mercredi,17:00,64,64495,43.36137,-1.58358,1,1,3,1,1,3,2,02,1,3,000,101,1,0,1,3,1,25,5,1,2,00,2,8,13,201500002947A01,33,2,1
201500002948,2015-08-12,2015,août,mercredi,10:30,64,64495,0,0,2,6,3,1,1,3,1,00,1,3,000,070,1,5,1,3,1,73,5,1,2,00,0,8,1,201500002948B02,7,16,1
201500002961,2015-08-21,2015,août,vendredi,10:00,64,64100,43.44622,-1.47481,1,1,1,1,1,9,2,01,-1,-1,000,030,1,6,1,3,1,36,5,1,2,00,2,3,1,201500002961B02,7,17,1
201500002967,2015-11-07,2015,novembre,samedi,13:30,64,64160,43.36699,-1.4236,1,1,1,1,1,3,-1,00,-1,2,000,068,1,0,1,2,1,74,0,1,4,00,2,1,5,201500002967B02,7,1,1
201500002971,2015-05-26,2015,mai,mardi,64:5,64,64559,43.23939,-0.87893,1,1,1,1,1,3,3,03,-1,1,000,105,1,5,1,3,1,53,1,1,2,00,2,1,1,201500002971B02,7,15,1
201500002985,2015-07-23,2015,juillet,jeudi,91:5,64,64362,43.36401,-1.07231,1,1,3,1,1,3,2,02,4,1,000,132,1,0,1,3,1,60,5,1,2,00,2,1,1,201500002985B02,7,15,1
201500002992,2015-04-07,2015,avril,mardi,19:00,64,64422,43.18791,-0.60673,2,1,1,1,1,4,2,01,2,1,000,060,1,0,1,3,1,15,5,1,2,00,2,1,1,201500002992B02,7,20,1
201500003000,2015-12-11,2015,décembre,vendredi,14:15,64,64422,43.19442,-0.61177,2,6,1,1,1,4,1,02,1,2,000,070,1,5,1,3,2,77,5,1,2,00,2,7,1,201500003000B02,7,9,1
201500003002,2015-10-26,2015,octobre,lundi,14:45,64,64127,43.074,-0.421,1,1,2,1,1,3,2,00,1,1,000,000,1,0,1,3,1,67,5,1,2,00,2,4,15,201500003002B02,7,17,1
201500003063,2015-10-31,2015,octobre,samedi,11:15,86,86077,46.4432,0.66287,2,9,1,1,7,9,-1,00,2,1,058,000,1,0,1,3,1,46,5,1,9,00,2,1,1,201500003063B02,7,15,1
201500003092,2015-05-29,2015,mai,vendredi,17:00,16,16078,45.70266,0.17469,1,3,1,1,1,4,2,02,1,3,000,036,1,0,1,3,1,58,5,1,2,00,2,1,1,201500003092B02,7,15,1
201500003156,2015-08-15,2015,août,samedi,11:00,17,17007,46.17082,-0.8988,1,1,1,1,1,3,2,02,-1,3,000,047,1,0,1,4,1,44,5,1,9,00,2,1,13,201500003156A01,7,1,1
201500003158,2015-09-30,2015,septembre,mercredi,84:5,17,17091,46.30536,-1.07706,1,1,2,2,1,3,2,02,2,4,000,059,1,0,1,3,1,66,3,1,4,00,0,4,2,201500003158B02,7,2,1
201500003159,2015-09-29,2015,septembre,mardi,91:5,17,17218,46.3127,-0.99133,2,1,3,1,1,3,2,02,1,1,000,080,1,0,1,3,2,80,3,1,2,00,0,5,19,201500003159B02,7,1,1
201500003166,2015-04-29,2015,avril,mercredi,15:30,17,17360,46.15569,-1.33201,2,2,1,1,1,3,1,01,1,1,000,030,1,0,1,4,2,18,5,1,2,00,2,7,1,201500003166A01,10,4,1
201500003176,2015-06-01,2015,juin,lundi,12:15,17,17197,45.43561,-0.43671,2,1,3,1,1,4,2,01,1,3,000,063,1,0,1,3,2,64,5,1,2,01,2,7,1,201500003176B02,7,22,1
201500003192,2015-05-12,2015,mai,mardi,15:15,17,17240,45.28842,-0.40099,2,3,3,1,1,4,2,01,1,1,,,1,0,1,3,1,48,5,1,2,00,0,1,9,201500003192B02,7,1,1
201500003200,2015-04-22,2015,avril,mercredi,12:15,17,17189,45.86661,-1.07035,2,1,1,1,1,3,2,01,1,1,000,000,9,0,1,3,1,22,5,1,2,00,2,1,17,201500003200B02,7,15,1
201500003217,2015-08-09,2015,août,dimanche,21:5,17,17385,45.92429,-1.32416,1,1,2,5,2,3,2,02,1,1,000,035,2,0,1,3,1,52,1,1,4,00,2,4,2,201500003217B02,7,2,1
201500003219,2015-08-15,2015,août,samedi,18:45,17,17337,45.96791,-1.29482,2,2,1,1,1,3,2,02,1,1,000,125,1,5,1,4,2,47,5,1,2,00,2,4,15,201500003219A01,7,19,1
201500003227,2015-06-05,2015,juin,vendredi,10:45,17,17021,45.75014,-1.11414,1,1,2,1,1,3,2,02,1,1,062,062,1,0,1,3,1,80,5,1,2,00,2,8,1,201500003227B02,7,1,1
201500003229,2015-07-02,2015,juillet,jeudi,14:45,17,17225,45.72733,-1.17528,1,1,5,1,7,3,2,02,1,1,051,000,1,0,3,3,1,41,5,1,2,00,9,1,5,201500003229B02,7,1,1
201500003229,2015-07-02,2015,juillet,jeudi,14:45,17,17225,45.72733,-1.17528,1,1,5,1,7,3,2,02,1,1,051,000,1,0,3,3,2,9,5,1,2,00,9,1,1,201500003229C03,7,1,1
201500003233,2015-08-20,2015,août,jeudi,18:15,17,17225,45.698,-1.198,1,1,1,1,1,3,2,01,-1,2,000,000,1,0,0,1,1,16,5,1,2,00,2,1,0,201500003233B02,1,0,1
201500003233,2015-08-20,2015,août,jeudi,18:15,17,17225,45.698,-1.198,1,1,1,1,1,3,2,01,-1,2,000,000,1,0,0,3,2,29,0,1,2,00,9,1,0,201500003233A01,1,0,1
201500003287,2015-03-27,2015,mars,vendredi,93:0,17,17141,45.6957,-0.47939,1,1,6,1,7,3,2,02,-1,1,000,068,1,0,1,3,1,51,5,1,2,01,0,1,2,201500003287A01,10,23,1
201500003288,2015-06-18,2015,juin,jeudi,15:15,17,17284,45.82958,-0.89658,1,1,5,1,1,3,2,02,1,1,000,060,1,0,1,3,2,64,5,1,2,00,2,6,1,201500003288C03,7,1,1
201500003288,2015-06-18,2015,juin,jeudi,15:15,17,17284,45.82958,-0.89658,1,1,5,1,1,3,2,02,1,1,000,060,1,0,1,3,1,60,5,1,2,00,2,6,1,201500003288B02,7,1,1
201500003307,2015-08-16,2015,août,dimanche,83:0,17,17103,46.05133,-0.708,2,1,6,1,1,3,2,01,1,1,000,062,1,0,1,3,1,80,5,1,2,00,5,1,1,201500003307A01,,,
201500003343,2015-04-08,2015,avril,mercredi,19:30,87,87201,45.8417,1.11174,1,1,1,1,1,3,2,02,2,3,000,060,1,0,1,3,1,62,5,1,2,00,2,1,1,201500003343B01,7,15,1
201500003354,2015-06-07,2015,juin,dimanche,10:45,87,87002,0,0,2,1,3,1,1,4,2,03,2,4,000,000,1,5,1,3,1,42,5,1,2,00,2,1,1,201500003354B02,7,15,1
201500003384,2015-01-21,2015,janvier,mercredi,18:45,87,87154,45.904,0.9345,1,6,3,3,1,3,1,02,-1,-1,000,000,1,5,0,3,1,57,5,1,2,00,2,7,1,201500003384B01,7,1,1
201500003395,2015-12-11,2015,décembre,vendredi,14:30,87,87185,45.896,1.03746,1,2,3,1,1,3,2,00,3,1,000,036,1,0,1,3,1,64,5,1,2,00,0,8,1,201500003395A01,7,19,1
201500003420,2015-07-11,2015,juillet,samedi,19:15,19,19229,45.1375,1.44844,1,2,1,1,1,3,2,00,1,1,000,124,1,5,1,4,1,64,5,1,1,00,2,1,15,201500003420A01,7,1,1
201500003439,2015-09-06,2015,septembre,dimanche,84:5,19,19288,45.3029,1.41753,2,2,3,1,1,3,2,00,1,1,000,054,1,0,1,3,1,30,9,1,2,00,2,1,19,201500003439B01,7,1,1
201500003472,2015-05-07,2015,mai,jeudi,18:45,31,31025,43.487,1.447,1,1,1,1,1,3,2,02,1,1,000,064,1,0,1,3,1,47,1,1,2,00,2,4,13,201500003472B02,33,1,1
201500003492,2015-05-04,2015,mai,lundi,83:0,31,31417,43.61286,1.26428,2,1,1,1,1,4,2,02,1,1,000,060,1,0,1,3,1,27,1,1,1,00,2,1,1,201500003492B02,7,1,1
201500003546,2015-07-27,2015,juillet,lundi,16:45,31,31033,0,0,2,1,5,1,1,3,2,02,-1,1,000,061,1,2,1,2,1,66,5,1,2,00,2,2,21,201500003546C03,7/ 10,1,2
201500003581,2015-03-27,2015,mars,vendredi,19:45,31,31187,43.5343,1.22833,2,2,1,2,1,3,2,00,1,-1,000,050,1,6,1,2,2,64,5,1,1,00,0,4,0,201500003581A01,7,1,1
201500003582,2015-03-27,2015,mars,vendredi,16:30,31,31424,43.5667,1.28807,2,1,3,1,1,4,2,02,2,1,000,053,1,0,1,3,1,48,5,1,2,00,2,1,1,201500003582B02,7,15,1
201500003598,2015-12-30,2015,décembre,mercredi,17:00,31,31500,42.76872,0.61856,1,1,1,1,8,3,2,02,2,3,000,060,1,0,1,3,1,55,5,1,2,00,2,4,1,201500003598A01,17,1,1
201500003618,2015-09-09,2015,septembre,mercredi,10:45,31,31167,0,0,1,1,6,1,1,3,2,02,4,1,000,060,1,0,1,2,1,74,5,1,2,14,0,0,1,201500003618A01,,,
201500003621,2015-10-31,2015,octobre,samedi,14:15,31,31208,43.06024,0.85397,1,1,5,1,1,3,2,00,1,1,050,000,1,0,1,3,1,60,5,1,2,00,2,8,1,201500003621B02,7,17,1
201500003621,2015-10-31,2015,octobre,samedi,14:15,31,31208,43.06024,0.85397,1,1,5,1,1,3,2,00,1,1,050,000,1,0,1,4,1,65,5,1,2,00,2,8,1,201500003621C03,7,17,1
201500003626,2015-08-18,2015,août,mardi,16:30,31,31566,43.4297,1.76838,1,2,3,1,1,3,2,02,1,1,000,058,1,0,1,3,1,66,5,1,2,00,2,5,1,201500003626B02,10,1,1
201500003631,2015-12-22,2015,décembre,mardi,15:15,31,31495,0,0,1,1,3,1,1,3,2,02,1,1,062,000,1,0,1,3,1,55,5,1,1,00,2,8,2,201500003631B02,7,17,1
201500003637,2015-03-18,2015,mars,mercredi,20:15,31,31451,0,0,1,1,2,5,1,3,2,02,1,1,000,065,1,0,1,2,1,16,5,1,4,00,2,4,1,201500003637B02,7,1,1
201500003659,2015-11-08,2015,novembre,dimanche,11:00,09,09238,43.09266,1.70017,1,1,1,1,1,3,2,02,1,-1,070,000,1,0,1,2,1,59,5,1,2,00,2,8,15,201500003659A01,7,17,1
201500003662,2015-12-16,2015,décembre,mercredi,17:30,09,09312,43.10207,1.64284,2,1,1,2,1,4,2,00,1,1,000,000,1,0,1,3,1,73,5,1,2,00,2,0,15,201500003662B02,31,1,1
201500003665,2015-07-18,2015,juillet,samedi,14:30,09,09061,43.1241,1.34469,1,3,3,1,1,3,2,01,1,1,000,060,1,0,1,3,1,16,5,1,9,00,2,1,9,201500003665B02,7,1,1
201500003677,2015-09-13,2015,septembre,dimanche,10:15,09,09282,43.23939,1.62228,1,1,2,1,8,3,2,02,1,1,000,048,1,0,1,4,1,77,5,1,2,00,0,4,1,201500003677B02,1,1,1
201500003677,2015-09-13,2015,septembre,dimanche,10:15,09,09282,43.23939,1.62228,1,1,2,1,8,3,2,02,1,1,000,048,1,0,1,3,1,69,5,1,2,00,2,0,1,201500003677A01,1,1,1
201500003689,2015-07-21,2015,juillet,mardi,10:45,09,09057,42.89843,1.31234,2,1,3,1,1,3,2,00,1,1,000,056,1,0,1,3,1,48,5,1,2,01,0,1,1,201500003689A01,10,24,1
201500003690,2015-01-01,2015,janvier,jeudi,15:,02,02168,0,0,2,3,1,5,5,4,2,02,2,1,,,1,0,1,3,1,17,5,1,9,00,2,8,19,201500003690A01,7,1,1
201500003704,2015-07-11,2015,juillet,samedi,19:45,12,12262,44.2387,2.30473,1,1,7,1,1,3,2,01,2,1,000,035,1,0,1,3,1,14,5,1,2,00,0,0,0,201500003704A01,,,
201500003725,2015-05-13,2015,mai,mercredi,95:0,12,12206,44.4506,2.25279,2,1,7,1,1,3,2,02,2,1,000,061,1,0,1,2,1,63,5,1,2,00,0,0,1,201500003725A01,,,
201500003755,2015-06-06,2015,juin,samedi,19:15,12,12286,43.955,2.85643,1,1,2,1,1,3,2,02,1,1,000,062,1,0,1,3,2,63,5,1,1,00,2,4,1,201500003755B02,7,1,1
201500003771,2015-12-16,2015,décembre,mercredi,13:00,12,12300,44.3136,2.02674,1,1,2,1,7,3,2,02,1,1,000,070,1,0,1,3,1,36,5,1,2,00,2,4,2,201500003771B02,7,2,1
201500003772,2015-01-02,2015,janvier,vendredi,14:50,12,12052,44.5618,2.07487,2,6,3,1,7,3,2,02,1,2,000,080,1,5,1,3,1,79,5,1,2,00,2,8,15,201500003772B02,7,9,1
201500003849,2015-07-16,2015,juillet,jeudi,93:0,32,32256,43.5338,0.42041,1,3,6,1,1,2,2,02,2,2,000,000,1,5,1,2,1,63,5,1,1,11,0,1,14,201500003849A01,,,
201500003857,2015-01-21,2015,janvier,mercredi,14:00,32,32205,43.5289,0.20149,1,1,2,1,1,3,2,00,2,1,000,060,1,0,1,3,1,52,5,1,2,00,2,4,1,201500003857B02,7,1,1
201500003885,2015-06-11,2015,juin,jeudi,11:00,46,46045,44.50107,1.85056,1,1,1,1,1,3,2,02,2,4,000,067,1,0,1,3,1,49,5,1,2,00,2,1,1,201500003885B02,10,1,1
201500003887,2015-03-18,2015,mars,mercredi,73:0,46,46132,44.74276,1.79161,2,1,1,1,1,4,2,02,2,-1,000,034,1,0,1,3,1,51,1,1,2,00,2,1,13,201500003887A01,7,1,1
201500003896,2015-06-27,2015,juin,samedi,12:30,46,46251,44.8537,1.90591,1,1,1,1,1,3,2,02,1,1,000,062,1,0,1,3,1,68,5,1,2,00,2,1,1,201500003896B02,7,17,1
201500003903,2015-06-25,2015,juin,jeudi,11:00,46,46316,0,0,1,2,1,1,1,3,2,02,1,1,000,035,1,5,1,3,1,67,0,1,2,00,2,1,21,201500003903B02,7,1,1
201500003907,2015-07-12,2015,juillet,dimanche,83:0,46,46265,0,0,1,1,1,1,1,3,2,02,1,2,000,070,1,0,1,3,1,80,5,1,2,00,2,1,13,201500003907A01,7,15,1
201500003908,2015-09-10,2015,septembre,jeudi,15:15,46,46265,0,0,2,3,3,1,1,3,2,02,3,1,000,070,1,5,1,3,1,76,5,1,2,00,2,1,1,201500003908B02,7,15,1
201500003911,2015-04-19,2015,avril,dimanche,17:45,65,65401,43.1783,0.10238,1,1,5,1,1,3,2,02,1,1,000,070,1,0,1,4,1,28,5,1,2,00,2,8,2,201500003911B02,7,17,1
201500003911,2015-04-19,2015,avril,dimanche,17:45,65,65401,43.1783,0.10238,1,1,5,1,1,3,2,02,1,1,000,070,1,0,1,3,2,29,5,1,2,00,2,8,2,201500003911C03,7,17,1
201500003912,2015-05-17,2015,mai,dimanche,14:30,65,65002,43.1564,-0.02005,1,8,3,1,1,3,2,00,1,1,000,000,1,4,1,2,1,82,5,1,2,00,4,2,19,201500003912A01,39,1,1
201500003929,2015-12-10,2015,décembre,jeudi,16:00,65,65121,43.35901,0.0693,1,6,3,1,1,3,1,00,1,2,350,095,1,5,1,3,1,76,5,1,2,00,2,7,1,201500003929B02,10,18,1