Num_Acc,date,an,mois,jour,hrmn,dep,com,lat,long,agg,int,col,lum,atm,catr,circ,nbv,prof,plan,lartpc,larrout,surf,infra,situ,grav,sexe,age,trajet,secuexist,equipement,obs,obsm,choc,manv,vehiculeid,typevehicules,manoeuvehicules,numVehicules
201500003933,2015-08-07,2015,août,vendredi,17:45,65,65367,43.1685,0.21529,1,1,7,1,1,3,2,00,4,1,000,000,1,0,1,3,1,39,5,1,2,00,0,0,0,201500003933A01,,,
201500003939,2015-08-11,2015,août,mardi,11:45,65,65032,42.9605,-0.21119,1,1,3,1,1,3,2,02,2,3,000,057,1,0,1,3,1,40,5,1,2,00,2,1,13,201500003939B02,7,1,1
201500003942,2015-07-16,2015,juillet,jeudi,12:30,65,65481,42.8972,0.10449,1,1,7,1,7,3,2,00,-1,1,000,060,1,0,1,3,1,65,5,1,2,14,0,0,1,201500003942A01,,,
201500003943,2015-08-02,2015,août,dimanche,15:45,65,65295,42.8334,0.00007,1,1,1,1,1,3,2,02,2,1,000,063,1,0,1,4,1,43,5,1,2,00,2,1,17,201500003943A01,7,15,1
201500003943,2015-08-02,2015,août,dimanche,15:45,65,65295,42.8334,0.00007,1,1,1,1,1,3,2,02,2,1,000,063,1,0,1,3,1,38,5,1,2,00,2,1,17,201500003943A01,7,15,1
201500003948,2015-07-24,2015,juillet,vendredi,16:30,65,65059,43.0665,0.14793,2,3,6,1,1,3,1,01,1,1,000,004,1,0,1,2,1,67,5,1,2,00,1,2,1,201500003948A01,,,
201500003951,2015-08-16,2015,août,dimanche,16:00,65,65042,43.0373,0.1687,1,1,2,1,1,3,2,02,1,1,000,345,1,0,1,4,2,66,5,1,2,00,2,4,2,201500003951A01,7,1,1
201500004043,2015-08-07,2015,août,vendredi,19:00,81,81145,43.858,1.811,2,7,1,1,1,9,2,00,-1,1,000,000,1,0,1,3,1,39,5,1,2,00,2,1,1,201500004043B02,7,15,1
201500004067,2015-07-09,2015,juillet,jeudi,54:5,82,82126,44.17,1.559,1,1,2,2,1,3,2,02,1,1,062,000,1,0,1,3,1,16,1,1,1,00,0,4,1,201500004067B02,10,1,1
201500004088,2015-01-23,2015,janvier,vendredi,94:5,82,82180,0,0,1,1,1,1,8,3,2,02,-1,3,000,049,1,5,1,2,1,77,3,1,2,00,2,1,1,201500004088B02,10,15,1
201500004098,2015-08-14,2015,août,vendredi,18:15,82,82028,43.854,1.299,2,1,7,2,2,3,2,00,1,1,000,050,2,0,3,3,1,59,3,1,2,00,0,0,1,201500004098A01,,,
201500004105,2015-10-24,2015,octobre,samedi,16:00,82,82114,0,0,2,1,2,1,1,4,2,01,-1,-1,000,038,1,0,1,3,2,63,5,1,2,00,2,1,2,201500004105A01,1,2,1
201500004105,2015-10-24,2015,octobre,samedi,16:00,82,82114,0,0,2,1,2,1,1,4,2,01,-1,-1,000,038,1,0,1,3,2,66,5,1,2,00,2,4,2,201500004105B02,1,2,1
201500004121,2015-02-28,2015,février,samedi,15:15,82,82014,43.786,1.122,1,1,3,1,1,3,2,00,2,3,037,000,1,0,1,1,1,42,5,1,2,00,2,8,2,201500004121A01,1,2,1
201500004121,2015-02-28,2015,février,samedi,15:15,82,82014,43.786,1.122,1,1,3,1,1,3,2,00,2,3,037,000,1,0,1,2,1,35,5,1,2,00,2,7,2,201500004121B02,1,2,1
201500004125,2015-06-24,2015,juin,mercredi,19:15,82,82190,43.86367,1.24705,1,1,3,1,1,4,2,00,1,1,000,000,1,5,1,4,1,15,5,1,2,00,2,6,1,201500004125B02,7,19,1
201500004177,2015-10-03,2015,octobre,samedi,13:15,69,69163,0,0,2,1,1,1,3,6,2,02,1,-1,000,000,2,0,1,4,1,63,5,1,2,00,2,1,1,201500004177B02,7,15,1
201500004191,2015-07-10,2015,juillet,vendredi,70:0,69,69288,45.6862,5.0525,2,6,1,1,1,3,1,02,1,2,000,000,1,0,1,4,1,74,5,1,2,00,2,4,1,201500004191B02,7,1,1
201500004226,2015-10-22,2015,octobre,jeudi,90:0,69,69021,0,0,2,1,3,1,2,4,2,00,-1,2,000,000,2,0,1,3,1,16,1,1,1,00,0,1,1,201500004226B02,7,15,1
201500004253,2015-05-27,2015,mai,mercredi,17:00,69,69131,0,0,2,1,6,1,1,3,,,2,1,,,1,,1,3,1,14,5,1,8,,1,1,1,201500004253A01,,,
201500004282,2015-05-29,2015,mai,vendredi,10:30,69,69004,45.9206,4.65551,1,1,1,1,1,3,2,00,1,1,000,000,1,0,1,3,1,82,5,1,2,00,2,1,1,201500004282B02,7,15,1
201500004287,2015-01-25,2015,janvier,dimanche,19:30,69,69206,46.049,4.72173,1,1,1,3,1,3,3,02,-1,1,008,038,1,0,1,3,1,18,1,1,4,00,2,0,2,201500004287B02,7,2,1
201500004290,2015-03-08,2015,mars,dimanche,11:00,69,69019,0,0,1,1,3,1,1,3,2,00,1,1,000,000,1,0,1,3,2,59,0,1,2,00,0,0,0,201500004290B02,7,0,1
201500004291,2015-05-22,2015,mai,vendredi,83:0,69,69197,0,0,1,1,1,1,1,3,-1,02,4,-1,000,000,1,0,1,3,1,54,5,1,2,00,2,1,1,201500004291B02,7,19,1
201500004296,2015-07-08,2015,juillet,mercredi,10:00,69,69019,0,0,1,6,3,1,1,3,4,00,1,1,000,000,1,5,1,3,1,18,5,1,2,00,2,1,18,201500004296B02,17,16,1
201500004298,2015-08-06,2015,août,jeudi,10:45,69,69019,0,0,1,1,3,1,1,3,2,00,-1,1,035,000,1,0,1,3,1,56,0,1,2,00,2,4,1,201500004298B02,7,1,1
201500004307,2015-07-13,2015,juillet,lundi,90:0,69,69050,45.8666,4.64122,2,1,1,1,1,3,2,00,-1,1,000,000,1,0,1,3,1,64,5,1,1,00,2,1,1,201500004307B02,7,15,1
201500004313,2015-12-10,2015,décembre,jeudi,74:5,69,69222,0,0,1,1,3,2,8,3,2,02,2,-1,070,000,2,0,1,3,1,54,1,1,4,00,2,8,13,201500004313B02,7,21,1
201500004314,2015-12-15,2015,décembre,mardi,16:00,69,69050,45.8575,4.65426,1,1,1,1,1,3,-1,00,1,1,000,000,1,0,1,3,1,67,5,1,2,00,2,0,5,201500004314B02,7,17,1
201500004316,2015-05-25,2015,mai,lundi,13:00,69,69254,0,0,1,1,1,1,1,3,2,00,2,3,250,000,1,0,1,3,1,53,5,1,2,00,2,8,1,201500004316B02,7,17,1
201500004318,2015-04-09,2015,avril,jeudi,16:00,69,69107,0,0,1,1,1,1,1,3,2,02,-1,1,000,099,1,0,1,3,1,68,5,1,2,00,2,1,1,201500004318B02,7,16,1
201500004326,2015-08-12,2015,août,mercredi,16:15,69,69006,0,0,2,6,1,1,1,3,4,04,-1,-1,000,000,1,0,0,3,1,34,5,1,2,00,2,1,0,201500004326B02,7,9,1
201500004363,2015-07-30,2015,juillet,jeudi,13:45,01,01304,0,0,2,9,3,1,1,3,2,02,-1,-1,000,000,1,0,4,1,1,15,5,1,9,00,2,1,1,201500004363A01,7,16,1
201500004363,2015-07-30,2015,juillet,jeudi,13:45,01,01304,0,0,2,9,3,1,1,3,2,02,-1,-1,000,000,1,0,4,3,2,15,5,1,9,00,2,1,1,201500004363A01,7,16,1
201500004365,2015-08-21,2015,août,vendredi,93:0,01,01304,0,0,1,6,3,1,1,3,1,02,1,2,000,000,1,0,1,3,1,67,5,1,2,00,2,1,9,201500004365B02,17,1,1
201500004382,2015-05-08,2015,mai,vendredi,15:15,01,01058,0,0,2,2,5,1,2,3,2,02,1,-1,000,060,2,5,1,3,1,24,5,1,2,00,2,1,1,201500004382B02,7,15,1
201500004382,2015-05-08,2015,mai,vendredi,15:15,01,01058,0,0,2,2,5,1,2,3,2,02,1,-1,000,060,2,5,1,1,1,29,5,1,2,00,2,4,1,201500004382C03,7,15,1
201500004395,2015-03-09,2015,mars,lundi,74:5,01,01004,0,0,2,3,1,1,1,4,2,02,1,3,000,000,1,0,1,3,1,66,5,1,2,00,2,8,15,201500004395B02,7,1,1
201500004426,2015-09-02,2015,septembre,mercredi,74:5,01,01008,0,0,2,1,2,1,5,3,2,02,1,1,000,058,1,0,1,2,1,79,5,1,2,00,2,6,2,201500004426B02,10,2,1
201500004443,2015-09-15,2015,septembre,mardi,13:45,01,01152,0,0,1,1,1,1,1,3,2,02,3,-1,000,060,1,0,1,3,1,78,5,1,2,00,2,9,15,201500004443B02,7,17,1
201500004448,2015-05-29,2015,mai,vendredi,10:45,01,01153,0,0,1,9,2,1,1,4,2,00,-1,2,000,054,1,0,1,3,1,55,5,1,2,00,2,1,5,201500004448A01,7,1,1
201500004455,2015-08-30,2015,août,dimanche,10:30,01,01247,0,0,1,1,7,1,1,3,2,00,2,1,000,075,1,0,3,3,2,47,5,1,2,13,0,1,1,201500004455A01,,,
201500004480,2015-02-20,2015,février,vendredi,14:45,01,01328,46.12167,5.02469,2,2,1,1,1,3,2,02,1,1,,,1,5,1,3,1,50,5,1,8,00,2,7,1,201500004480B02,30,1,1
201500004506,2015-06-03,2015,juin,mercredi,90:0,01,01249,0,0,2,1,1,1,1,3,2,00,-1,1,080,000,1,5,1,3,1,27,0,1,2,00,0,0,1,201500004506B02,7,11,1
201500004511,2015-10-17,2015,octobre,samedi,16:30,01,01249,0,0,1,1,6,1,1,3,2,02,-1,1,000,000,1,0,5,1,1,46,5,1,2,00,1,1,2,201500004511A01,,,
201500004517,2015-07-01,2015,juillet,mercredi,19:45,01,01333,0,0,1,1,1,1,1,9,2,00,1,1,000,043,1,0,1,3,1,13,5,1,8,00,2,1,1,201500004517B02,7,1,1
201500004529,2015-08-28,2015,août,vendredi,14:00,01,01389,0,0,1,1,3,1,1,3,2,02,-1,1,000,087,1,0,1,2,1,76,5,1,2,00,2,8,2,201500004529B02,7,17,1
201500004547,2015-04-09,2015,avril,jeudi,16:30,07,07278,0,0,1,1,1,1,1,3,2,02,2,2,000,048,1,0,1,3,1,60,5,1,2,00,2,1,1,201500004547B02,7,23,1
201500004569,2015-12-19,2015,décembre,samedi,17:45,07,07181,0,0,1,1,1,3,1,3,2,02,1,1,000,069,1,0,1,3,1,20,5,1,4,00,2,1,1,201500004569B02,7,17,1
201500004609,2015-03-31,2015,mars,mardi,14:15,26,26035,0,0,2,1,3,1,1,3,-1,02,2,1,000,063,1,0,1,3,1,70,5,1,2,00,2,7,1,201500004609A01,7,16,1
201500004667,2015-12-05,2015,décembre,samedi,14:15,38,38175,0,0,2,1,3,1,1,3,2,02,2,1,000,070,1,0,1,3,1,42,5,1,2,00,2,8,1,201500004667B02,7,15,1
201500004670,2015-09-21,2015,septembre,lundi,15:00,38,38158,0,0,2,6,3,1,1,4,1,00,1,2,000,000,1,0,1,3,1,69,5,1,2,00,2,5,15,201500004670B02,7,9,1
201500004683,2015-12-20,2015,décembre,dimanche,13:00,38,38006,0,0,2,1,1,1,1,3,2,00,2,1,000,070,6,0,0,3,1,62,5,1,2,00,2,1,1,201500004683B02,7,15,1
201500004686,2015-06-20,2015,juin,samedi,84:5,38,38405,0,0,1,1,3,1,1,3,2,00,1,4,000,000,1,0,1,3,1,49,5,1,2,00,2,8,1,201500004686B02,7,19,1
201500004692,2015-07-14,2015,juillet,mardi,11:00,38,38153,45.1933,5.52569,1,1,3,1,1,3,2,02,2,3,000,000,1,0,1,3,1,70,5,1,2,00,2,1,13,201500004692A01,7,1,1
201500004696,2015-09-14,2015,septembre,lundi,93:0,38,38281,0,0,1,1,6,1,1,3,-1,00,-1,-1,000,000,1,0,1,4,1,53,5,1,1,00,1,1,1,201500004696A01,,,
201500004705,2015-04-18,2015,avril,samedi,10:45,38,38436,0,0,1,1,1,1,1,3,2,00,1,1,000,000,1,0,1,3,2,42,5,1,2,00,2,7,1,201500004705B02,10,19,1
201500004712,2015-08-22,2015,août,samedi,19:45,38,38545,0,0,2,1,3,1,1,4,1,01,1,3,000,000,1,0,5,1,2,16,5,1,1,00,9,1,9,201500004712B02,1,1,1
201500004712,2015-08-22,2015,août,samedi,19:45,38,38545,0,0,2,1,3,1,1,4,1,01,1,3,000,000,1,0,5,3,2,80,5,1,1,00,9,7,1,201500004712A01,1,9,1
201500004718,2015-08-06,2015,août,jeudi,11:30,38,38548,45.07325,5.54036,1,1,1,1,1,3,2,02,1,3,000,000,1,0,1,2,1,45,0,1,2,00,2,4,1,201500004718A01,37,1,1
201500004720,2015-03-03,2015,mars,mardi,16:00,02,02738,49.66137,3.28803,2,6,3,1,2,4,4,01,1,2,000,000,2,0,1,4,2,28,1,1,4,00,2,7,1,201500004720B01,7,9,1
201500004723,2015-05-02,2015,mai,samedi,22:35,02,02738,49.67596,3.29774,2,1,6,5,2,4,2,02,2,1,000,050,2,0,1,2,1,32,0,1,9,08,0,0,1,201500004723A01,,,
201500004739,2015-03-19,2015,mars,jeudi,12:00,38,38565,0,0,1,3,3,1,1,3,2,03,1,1,000,132,1,0,5,3,1,63,5,1,2,00,2,1,1,201500004739A01,10,1,1
201500004742,2015-06-02,2015,juin,mardi,17:45,38,38061,45.32723,5.61048,1,1,2,1,1,3,2,02,1,1,000,105,1,0,3,3,1,37,1,1,2,01,0,1,1,201500004742A01,10,24,1
201500004744,2015-11-20,2015,novembre,vendredi,10:00,38,38565,45.28808,5.61893,1,1,7,1,2,9,1,01,1,1,000,021,2,0,5,2,1,57,5,1,2,00,0,1,1,201500004744A01,,,
201500004763,2015-12-10,2015,décembre,jeudi,11:45,38,38200,45.08376,5.74279,2,3,3,1,1,3,2,02,-1,-1,010,091,1,4,1,4,1,43,5,1,2,00,2,1,1,201500004763A01,7,15,1
201500004770,2015-03-23,2015,mars,lundi,15:15,38,38387,0,0,2,1,6,1,1,3,2,01,1,-1,000,054,1,0,1,2,1,67,5,1,1,00,0,4,0,201500004770A01,,,
201500004774,2015-06-19,2015,juin,vendredi,16:45,38,38457,45.33263,5.26382,2,1,1,1,1,4,2,01,1,1,045,000,1,0,1,3,1,13,5,1,1,00,2,1,1,201500004774A01,30,1,1
201500004777,2015-05-11,2015,mai,lundi,16:30,38,38559,0,0,1,2,3,1,1,3,2,02,1,1,000,050,1,0,1,3,1,13,0,1,2,00,2,3,1,201500004777B02,10,1,1
201500004781,2015-05-31,2015,mai,dimanche,17:00,38,38559,0,0,2,1,3,1,1,3,2,02,1,1,000,054,1,0,1,3,1,19,5,1,2,00,2,1,19,201500004781A01,7,1,1
201500004807,2015-04-14,2015,avril,mardi,16:00,38,38305,0,0,2,1,5,1,1,3,2,02,-1,1,000,000,1,0,1,3,1,57,5,1,1,00,0,1,1,201500004807B02,7,19,1
201500004807,2015-04-14,2015,avril,mardi,16:00,38,38305,0,0,2,1,5,1,1,3,2,02,-1,1,000,000,1,0,1,3,1,69,5,1,1,00,0,1,1,201500004807C03,7,19,1
201500004816,2015-04-09,2015,avril,jeudi,18:15,38,38320,0,0,1,1,1,1,1,3,2,02,-1,1,070,000,1,0,1,3,1,41,0,1,2,00,0,0,1,201500004816A01,7,0,1
201500004842,2015-03-18,2015,mars,mercredi,74:5,44,44201,47.33684,-1.53474,1,1,2,1,1,3,2,00,2,1,000,072,1,0,1,3,1,55,1,1,2,00,2,4,2,201500004842B02,7,1,1
201500004848,2015-09-23,2015,septembre,mercredi,90:0,44,44209,47.33612,-1.67498,1,1,1,1,1,4,2,02,1,1,032,000,1,0,1,3,1,69,5,1,2,00,2,1,1,201500004848B02,7,1,1
201500004849,2015-10-31,2015,octobre,samedi,17:00,44,44035,47.3006,-1.55242,2,6,3,1,1,3,1,02,-1,-1,000,060,1,5,1,3,2,63,5,1,2,00,2,8,1,201500004849B02,7,9,1
201500004865,2015-05-22,2015,mai,vendredi,74:5,38,38034,0,0,1,1,1,1,1,3,2,02,-1,1,000,066,1,0,1,3,2,21,1,1,1,00,2,3,1,201500004865B02,7,1,1
201500004911,2015-04-13,2015,avril,lundi,17:45,38,38468,0,0,2,1,3,1,1,4,2,02,3,1,000,060,1,0,1,3,1,12,5,1,2,00,0,2,16,201500004911B02,7,1,1
201500004930,2015-08-20,2015,août,jeudi,10:45,38,38537,0,0,1,1,2,1,1,3,2,02,1,1,000,106,1,0,1,4,1,50,5,1,2,00,2,6,2,201500004930B02,7,2,1
201500004950,2015-07-04,2015,juillet,samedi,11:15,42,42139,45.3069,4.42643,1,1,1,1,7,4,2,00,2,3,000,038,1,0,1,3,1,66,5,1,2,00,2,1,1,201500004950B02,7,1,1
201500004952,2015-07-24,2015,juillet,vendredi,90:0,42,42224,45.3453,4.48302,1,1,1,1,9,3,2,02,2,2,000,062,2,0,1,2,1,80,5,1,2,00,2,1,1,201500004952B02,7,1,1
201500004961,2015-05-31,2015,mai,dimanche,11:15,42,42302,45.48862,4.45006,2,6,3,1,1,3,2,02,3,1,000,070,1,0,1,4,1,14,5,1,1,00,2,7,1,201500004961B02,7,1,1
201500004965,2015-08-07,2015,août,vendredi,81:5,42,42208,45.52604,4.4625,1,1,2,1,7,3,2,02,2,1,000,062,1,0,1,3,1,61,5,1,2,00,2,4,1,201500004965B02,7,1,1
201500004969,2015-02-12,2015,février,jeudi,15:30,42,42299,45.60128,4.09302,1,6,3,1,1,3,2,02,1,2,000,090,1,0,0,3,1,57,5,1,2,00,2,1,1,201500004969B02,7,9,1
201500004970,2015-04-07,2015,avril,mardi,12:45,42,42147,45.60906,4.05506,2,6,1,1,1,3,2,00,1,-1,000,000,1,0,1,3,1,62,1,1,1,00,2,1,1,201500004970B02,14,1,1
201500004973,2015-04-24,2015,avril,vendredi,13:45,42,42147,45.61192,4.0555,2,1,3,1,1,4,2,02,1,1,000,000,1,0,1,3,2,64,5,1,1,00,2,8,15,201500004973A01,7,17,1
201500004992,2015-08-12,2015,août,mercredi,10:30,42,42304,45.53297,4.19665,2,1,3,1,1,3,2,02,4,1,000,000,1,0,1,3,1,58,5,1,1,00,2,3,1,201500004992B02,7,15,1
201500004993,2015-09-09,2015,septembre,mercredi,18:30,42,42324,45.55919,4.24298,1,1,1,1,7,3,2,00,1,1,000,000,1,0,1,4,1,71,5,1,1,00,2,4,1,201500004993B02,7,1,1
201500005004,2015-04-24,2015,avril,vendredi,16:00,42,42150,45.71795,4.07374,1,1,1,1,1,4,3,02,1,1,000,040,1,0,1,3,1,68,5,1,2,00,0,1,17,201500005004B02,7,13,1
201500005016,2015-09-10,2015,septembre,jeudi,17:15,42,42136,45.71357,3.98081,1,1,2,1,1,3,2,02,2,1,000,060,1,0,1,3,1,54,5,1,2,00,2,4,2,201500005016B02,1,2,1
201500005016,2015-09-10,2015,septembre,jeudi,17:15,42,42136,45.71357,3.98081,1,1,2,1,1,3,2,02,2,1,000,060,1,0,1,1,1,38,5,1,2,00,2,1,2,201500005016A01,1,2,1
201500005028,2015-02-20,2015,février,vendredi,16:30,42,42251,45.68356,4.25892,1,1,1,1,1,3,2,02,1,1,000,055,1,0,1,2,1,72,5,1,2,00,2,1,15,201500005028B02,7,13,1
201500005044,2015-06-24,2015,juin,mercredi,16:30,42,42192,45.37717,4.08857,1,1,7,1,1,3,2,02,2,1,000,054,1,0,1,3,1,67,5,1,2,00,0,0,1,201500005044A01,,,
201500005053,2015-03-17,2015,mars,mardi,15:00,42,42323,45.5733,4.30151,2,1,3,1,1,3,2,02,-1,1,000,060,1,0,1,4,1,57,5,1,2,00,2,8,1,201500005053B02,10,15,1
201500005060,2015-08-25,2015,août,mardi,17:45,42,42020,45.63798,4.20608,1,6,3,1,7,3,2,02,1,1,075,134,1,5,1,3,1,50,5,1,2,00,2,4,1,201500005060B02,7,9,1
201500005074,2015-04-26,2015,avril,dimanche,10:45,42,42168,45.41569,4.70788,1,1,4,1,1,3,2,03,3,3,000,000,1,0,1,3,1,45,5,1,2,00,2,1,1,201500005074B02,7,9,1
201500005074,2015-04-26,2015,avril,dimanche,10:45,42,42168,45.41569,4.70788,1,1,4,1,1,3,2,03,3,3,000,000,1,0,1,3,1,59,5,1,2,00,2,1,1,201500005074C03,7,9,1
201500005095,2015-02-24,2015,février,mardi,16:15,42,42011,45.81774,4.19555,2,6,1,1,1,3,2,00,2,-1,000,044,1,5,1,4,1,15,5,1,1,00,2,7,19,201500005095B02,7,9,1
201500005113,2015-06-27,2015,juin,samedi,11:15,42,42076,45.90672,3.92568,2,1,1,1,1,3,2,02,3,2,000,000,1,0,1,4,2,14,0,1,1,00,2,2,15,201500005113A01,7,0,1
201500005118,2015-10-01,2015,octobre,jeudi,11:30,73,73301,45.70784,5.95689,2,1,2,1,1,3,2,00,2,1,000,065,1,0,1,3,1,54,5,1,2,00,2,1,2,201500005118B02,7,2,1
201500005141,2015-08-30,2015,août,dimanche,18:45,73,73326,45.52449,5.85388,1,1,6,1,1,3,2,02,2,1,000,066,1,0,1,3,1,82,5,1,2,00,0,1,0,201500005141A01,,,
201500005144,2015-09-24,2015,septembre,jeudi,19:20,73,73179,45.59747,5.88479,2,6,3,2,1,3,2,02,1,1,000,075,1,5,1,3,1,43,5,1,2,00,2,1,1,201500005144B02,10,1,1
201500005154,2015-10-31,2015,octobre,samedi,16:00,73,73154,45.66775,6.33826,1,1,1,1,1,3,2,02,1,1,000,062,1,0,1,3,2,52,5,1,2,00,0,1,0,201500005154B02,7,15,1
201500005157,2015-09-19,2015,septembre,samedi,12:15,73,73142,0,0,2,1,7,1,1,4,2,00,2,1,000,058,1,0,1,2,1,60,5,1,2,00,0,0,1,201500005157A01,,,
201500005171,2015-04-10,2015,avril,vendredi,14:45,73,73201,45.4324,6.6923,1,1,2,1,1,3,2,02,2,1,000,068,1,0,1,2,1,63,5,1,2,00,2,4,2,201500005171B02,7,2,1
201500005183,2015-06-26,2015,juin,vendredi,11:00,73,73116,45.23985,6.31561,1,1,1,1,1,3,-1,00,2,4,000,062,1,0,1,3,1,39,5,1,2,00,0,0,0,201500005183B02,33,0,1
201500005184,2015-07-19,2015,juillet,dimanche,70:0,73,73248,45.27105,6.33666,1,1,7,1,1,3,2,02,2,3,000,065,1,0,1,3,1,52,5,1,2,00,0,0,2,201500005184A01,,,
201500005185,2015-08-29,2015,août,samedi,15:00,73,73306,45.08378,6.42768,1,1,1,1,1,3,2,00,2,1,000,060,1,0,1,3,1,41,5,1,2,00,0,4,0,201500005185B02,33,2,1
201500005188,2015-07-21,2015,juillet,mardi,12:15,73,73235,45.41619,6.36245,2,4,3,1,1,3,2,02,2,2,000,085,1,0,1,3,1,31,5,1,2,00,2,1,1,201500005188B02,7,15,1
201500005189,2015-07-25,2015,juillet,samedi,11:00,73,73278,45.39557,6.2679,2,1,1,1,1,3,2,00,2,1,000,065,1,5,1,3,1,61,5,1,2,00,2,1,1,201500005189B02,7,15,1
201500005215,2015-09-11,2015,septembre,vendredi,11:30,74,74148,0,0,1,1,1,1,1,3,2,02,2,3,000,040,1,0,1,3,2,36,5,1,2,00,2,3,0,201500005215A01,7,0,1
201500005250,2015-04-30,2015,avril,jeudi,14:45,74,74056,0,0,2,4,1,1,1,3,2,01,2,1,000,069,1,0,1,4,1,34,4,1,2,00,2,1,1,201500005250B02,7,15,1
201500005257,2015-04-14,2015,avril,mardi,16:00,74,74085,0,0,1,1,2,1,1,3,2,02,2,1,000,000,1,0,1,3,1,64,5,1,2,00,2,6,1,201500005257A01,7,1,1
201500005269,2015-10-31,2015,octobre,samedi,20:00,74,74208,0,0,1,1,2,3,1,3,2,00,1,1,000,060,1,0,1,3,1,73,5,1,2,00,0,4,2,201500005269B02,7,2,1
201500005273,2015-04-07,2015,avril,mardi,17:45,74,74183,0,0,2,1,3,1,1,4,2,02,1,1,000,060,1,0,1,4,2,10,5,1,2,00,2,1,9,201500005273A01,7,1,1
201500005275,2015-08-03,2015,août,lundi,92:0,74,74273,0,0,1,1,6,1,1,3,2,00,2,2,000,060,1,0,1,2,1,77,5,1,2,00,6,1,1,201500005275A01,,,
201500005276,2015-08-11,2015,août,mardi,10:45,74,74276,0,0,1,4,1,1,1,3,2,02,2,2,000,060,1,0,1,4,1,48,5,1,2,00,2,1,1,201500005276A01,7,19,1
201500005277,2015-08-18,2015,août,mardi,12:00,74,74134,0,0,1,1,1,1,1,3,2,02,2,3,000,063,1,0,1,3,1,58,5,1,2,00,2,1,1,201500005277A01,14,1,1
201500005281,2015-02-20,2015,février,vendredi,83:0,74,74044,0,0,1,6,1,1,1,3,2,00,1,1,000,000,1,5,1,3,2,35,1,1,2,00,0,7,15,201500005281B02,7,9,1
201500005284,2015-09-05,2015,septembre,samedi,15:15,74,74216,0,0,2,3,3,1,1,3,2,02,1,1,100,000,1,0,1,3,1,17,5,1,2,00,2,2,17,201500005284B02,10,15,1
201500005292,2015-10-29,2015,octobre,jeudi,16:45,74,74021,0,0,1,3,1,1,1,3,2,02,1,1,000,090,1,0,1,3,1,50,5,1,2,00,2,1,1,201500005292A01,7,15,1
201500005306,2015-07-19,2015,juillet,dimanche,11:15,74,74269,0,0,1,1,1,1,1,3,4,01,1,1,000,000,1,0,1,3,1,60,9,1,2,00,2,1,5,201500005306B02,7,5,1
201500005307,2015-07-23,2015,juillet,jeudi,11:30,74,74131,0,0,1,1,7,1,1,3,2,01,-1,3,000,063,1,0,1,3,1,61,5,1,2,14,0,0,1,201500005307A01,,,
201500005315,2015-08-29,2015,août,samedi,90:0,74,74063,0,0,1,1,1,1,1,3,2,02,2,3,000,031,1,0,1,3,1,26,5,1,2,00,2,8,13,201500005315B02,7,1,1
201500005335,2015-08-25,2015,août,mardi,21:15,63,63345,0,0,1,1,1,3,1,3,2,00,1,2,000,000,1,0,1,3,1,27,0,1,1,00,2,1,0,201500005335B02,7,13,1
201500005341,2015-08-07,2015,août,vendredi,23:14,63,63034,0,0,1,1,1,3,1,3,2,00,2,1,071,071,1,0,1,2,1,25,5,1,2,00,0,4,0,201500005341B02,15,0,1
201500005345,2015-09-02,2015,septembre,mercredi,64:5,63,63273,45.7277,3.2427,2,1,6,2,1,3,2,00,2,-1,025,066,1,0,1,3,1,47,1,1,2,00,0,0,1,201500005345B02,14,1,1
201500005346,2015-10-20,2015,octobre,mardi,17:30,63,63368,0,0,1,1,3,1,1,3,2,02,1,1,000,079,1,0,1,3,1,13,5,1,2,00,2,8,15,201500005346B02,7,17,1
201500005364,2015-04-13,2015,avril,lundi,81:5,63,63200,0,0,1,1,2,1,7,3,-1,01,-1,1,000,000,1,0,1,3,1,50,5,1,2,00,2,4,1,201500005364B02,7,1,1
201500005376,2015-06-09,2015,juin,mardi,10:00,63,63214,45.67254,3.20803,1,2,3,1,1,3,2,03,1,1,034,113,1,5,1,4,2,43,5,1,2,00,2,1,1,201500005376B02,7,15,1
201500005389,2015-06-14,2015,juin,dimanche,90:0,63,63211,45.48,3.764,1,1,6,1,1,3,2,02,2,1,000,000,1,0,1,3,1,66,5,1,2,00,0,2,1,201500005389A01,,,
201500005402,2015-05-29,2015,mai,vendredi,14:45,63,63038,0,0,1,1,7,1,6,3,2,02,2,3,000,065,1,0,1,2,1,65,5,1,2,00,0,8,1,201500005402A01,,,
201500005403,2015-07-12,2015,juillet,dimanche,10:00,63,63117,0,0,1,1,1,1,7,3,2,02,2,2,000,050,1,0,1,3,1,43,5,1,2,00,2,1,13,201500005403A01,7,1,1
201500005422,2015-06-07,2015,juin,dimanche,34:5,63,63379,45.9932,3.13236,2,1,6,5,1,3,2,00,1,1,000,000,1,0,1,3,1,27,5,1,2,00,0,0,1,201500005422A01,,,
201500005425,2015-07-01,2015,juillet,mercredi,73:0,63,63012,0,0,2,1,1,1,7,3,2,02,-1,3,000,074,1,0,1,3,1,46,1,1,1,00,2,1,1,201500005425B02,7,15,1
201500005430,2015-06-24,2015,juin,mercredi,19:00,63,63295,46.025,3.366,1,1,2,1,7,3,-1,02,1,2,000,058,1,0,0,2,2,64,5,1,2,00,2,8,1,201500005430B02,10,1,1
201500005465,2015-07-31,2015,juillet,vendredi,17:00,03,03155,46.773,2.928,1,1,1,1,1,3,2,02,-1,1,000,061,1,0,1,3,1,17,5,1,2,00,2,1,15,201500005465B02,7,1,1