Num_Acc,date,an,mois,jour,hrmn,dep,com,lat,long,agg,int,col,lum,atm,catr,circ,nbv,prof,plan,lartpc,larrout,surf,infra,situ,grav,sexe,age,trajet,secuexist,equipement,obs,obsm,choc,manv,vehiculeid,typevehicules,manoeuvehicules,numVehicules
201500005502,2015-05-30,2015,mai,samedi,17:45,03,03212,0,0,2,1,1,1,1,3,2,00,1,1,000,053,1,0,1,3,1,9,5,1,2,00,2,1,19,201500005502A01,31,1,1
201500005525,2015-05-30,2015,mai,samedi,10:15,03,03268,0,0,1,1,2,1,1,3,2,02,1,1,000,060,1,0,1,2,1,32,5,1,2,00,2,4,2,201500005525B02,7,2,1
201500005532,2015-03-17,2015,mars,mardi,15:30,03,03008,46.06,3.573,1,1,7,1,1,3,2,02,-1,3,000,050,1,0,3,3,1,65,5,1,2,00,0,1,1,201500005532A01,,,
201500005549,2015-11-14,2015,novembre,samedi,14:15,15,15196,44.863,2.293,1,1,1,1,1,2,2,00,1,1,000,000,1,0,1,3,1,42,5,1,2,00,2,1,1,201500005549B02,7,15,1
201500005559,2015-06-28,2015,juin,dimanche,11:00,15,15219,45.148,2.506,1,1,3,1,1,3,2,02,2,3,000,056,9,0,1,3,1,63,5,1,2,00,2,3,13,201500005559B02,7,1,1
201500005573,2015-08-16,2015,août,dimanche,80:0,15,15187,45.036,3.085,2,1,2,1,1,3,2,02,2,1,000,070,1,0,1,3,2,47,5,1,2,00,2,4,2,201500005573B02,7,2,1
201500005591,2015-08-28,2015,août,vendredi,18:15,43,43080,45.33,3.84699,2,3,1,1,7,3,2,02,1,1,000,064,1,0,1,3,1,80,5,1,2,00,2,1,1,201500005591B02,7,15,1
201500005593,2015-08-08,2015,août,samedi,14:00,43,43253,44.9689,4.30024,1,1,6,1,8,3,2,02,2,1,000,048,1,0,3,3,1,66,5,1,2,13,0,1,1,201500005593A01,,,
201500005596,2015-08-19,2015,août,mercredi,16:45,43,43115,44.9831,4.06013,1,1,6,1,1,3,2,02,2,3,000,048,1,0,1,2,1,61,5,1,2,00,0,1,1,201500005596A01,,,
201500005612,2015-12-15,2015,décembre,mardi,14:00,43,43040,0,0,2,3,3,1,1,4,2,03,1,1,000,105,1,0,1,3,1,68,5,1,2,00,2,1,1,201500005612B02,7,15,1
201500005651,2015-10-29,2015,octobre,jeudi,15:25,03,03185,0,0,2,3,6,1,1,4,2,03,1,1,000,100,1,0,1,3,1,14,0,1,2,00,0,1,19,201500005651B01,7,2/1,2
201500005670,2015-10-30,2015,octobre,vendredi,19:30,03,03185,0,0,2,3,3,5,1,4,1,02,1,1,000,075,1,5,1,2,1,42,5,1,9,00,2,1,19,201500005670B01,7,1,1
201500005687,2015-07-26,2015,juillet,dimanche,94:5,57,57543,0,0,1,1,1,1,1,2,2,00,1,-1,000,000,1,0,1,4,1,39,5,1,1,00,2,8,1,201500005687B02,7,14,1
201500005695,2015-09-19,2015,septembre,samedi,17:00,57,57153,49.03803,6.06998,1,1,3,1,8,3,2,02,1,1,000,046,1,0,1,3,1,20,5,1,2,00,0,1,1,201500005695B02,7,17,1
201500005713,2015-08-14,2015,août,vendredi,14:00,57,57652,0,0,2,2,1,1,1,3,2,02,1,1,000,072,1,0,1,4,1,37,0,1,1,00,2,3,0,201500005713B02,7,19,1
201500005730,2015-11-05,2015,novembre,jeudi,15:15,57,57097,0,0,1,1,2,1,1,3,2,00,1,1,000,064,1,0,1,3,2,55,5,1,2,00,2,6,2,201500005730B02,10,2,1
201500005747,2015-11-14,2015,novembre,samedi,84:5,57,57490,0,0,1,1,1,1,1,3,2,02,1,1,000,070,1,0,3,3,2,79,5,1,1,00,2,4,2,201500005747B02,7,2,1
201500005797,2015-09-12,2015,septembre,samedi,10:15,57,57179,49.33484,6.26901,2,1,1,1,1,3,2,02,2,1,000,067,1,0,1,3,1,23,4,1,2,01,0,1,2,201500005797B02,7,2,1
201500005811,2015-07-09,2015,juillet,jeudi,17:15,54,54311,48.66353,6.30306,2,1,1,1,1,3,2,02,1,1,000,560,1,0,1,4,1,9,5,1,2,00,2,0,19,201500005811A01,1,1,1
201500005811,2015-07-09,2015,juillet,jeudi,17:15,54,54311,48.66353,6.30306,2,1,1,1,1,3,2,02,1,1,000,560,1,0,1,3,1,54,5,1,2,00,2,1,1,201500005811B02,1,19,1
201500005812,2015-07-19,2015,juillet,dimanche,11:00,54,54301,48.80275,6.31313,1,1,3,1,1,3,2,02,1,1,000,068,1,0,1,4,1,22,5,1,2,00,2,8,1,201500005812B02,7,2,1
201500005823,2015-08-14,2015,août,vendredi,11:00,54,54150,48.79005,6.14293,2,6,6,1,1,3,1,00,-1,-1,000,070,1,0,1,3,1,43,3,1,1,00,2,1,1,201500005823B02,7,1,1
201500005830,2015-11-23,2015,novembre,lundi,16:00,54,54115,48.73243,6.16709,2,1,6,1,1,4,-1,01,-1,1,000,000,1,0,4,1,1,33,5,1,1,00,1,1,1,201500005830A01,,,
201500005847,2015-03-16,2015,mars,lundi,12:40,03,03023,0,0,2,1,3,1,1,3,2,02,2,1,000,070,1,0,1,4,1,73,5,1,9,01,2,1,1,201500005847B01,7,10,1
201500005857,2015-04-14,2015,avril,mardi,14:10,03,03095,0,0,2,6,7,1,1,4,2,01,1,3,000,030,1,5,1,3,1,46,5,1,9,12,0,0,21,201500005857A01,7,9,1
201500005874,2015-06-08,2015,juin,lundi,75:0,03,03310,0,0,2,3,3,1,1,4,2,03,1,1,000,090,1,5,1,4,1,15,2,1,2,00,2,6,1,201500005874A01,7,2,1
201500005876,2015-06-30,2015,juin,mardi,19:50,03,03023,46.1412,3.40623,1,3,3,1,1,3,2,03,1,1,000,100,1,5,1,4,1,53,5,1,2,00,2,1,1,201500005876B01,7,15,1
201500005882,2015-08-14,2015,août,vendredi,10:45,03,03310,0,0,2,3,3,1,1,4,2,01,1,1,000,060,1,0,1,4,2,81,5,1,2,00,2,1,1,201500005882B01,7,15,1
201500005885,2015-09-10,2015,septembre,jeudi,16:20,03,03310,46.12259,3.42787,2,3,3,1,1,4,2,02,1,1,000,140,1,0,1,3,1,78,5,1,2,00,2,2,1,201500005885A01,7,1,1
201500005927,2015-08-20,2015,août,jeudi,20:00,54,54595,48.53509,6.46122,1,1,3,2,1,3,2,02,-1,1,000,052,1,0,1,3,2,48,5,1,2,00,0,8,1,201500005927B02,7,9,1
201500005975,2015-11-07,2015,novembre,samedi,10:45,55,55221,0,0,2,1,6,1,1,3,2,02,2,1,000,061,-1,0,1,1,1,66,5,1,2,00,1,1,1,201500005975A01,,,
201500006015,2015-06-10,2015,juin,mercredi,18:30,88,88070,48.33446,6.2331,2,3,3,1,1,4,2,02,2,1,000,070,1,0,1,3,1,9,5,1,2,00,2,8,15,201500006015B02,7,1,1
201500006024,2015-07-07,2015,juillet,mardi,14:45,88,88162,48.16322,6.05458,1,1,3,1,1,3,2,00,-1,1,000,000,1,0,1,3,1,37,5,1,2,00,0,1,15,201500006024B02,7,19,1
201500006031,2015-08-30,2015,août,dimanche,18:15,88,88251,48.32491,6.72674,1,1,3,1,1,3,2,02,-1,1,000,085,1,0,1,4,1,36,5,1,2,00,2,8,1,201500006031A01,7,14,1
201500006057,2015-08-19,2015,août,mercredi,23:30,88,88241,48.29698,5.89217,1,1,1,3,1,3,2,02,-1,2,000,055,-1,0,1,3,1,18,0,1,2,00,2,1,13,201500006057A01,30,1,1
201500006060,2015-05-11,2015,mai,lundi,14:00,21,21652,47.22498,4.6213,1,1,7,1,1,3,2,00,2,3,000,050,1,0,1,3,2,75,5,1,2,00,0,1,1,201500006060A01,,,
201500006065,2015-04-09,2015,avril,jeudi,80:0,88,88006,48.34558,6.13909,2,1,3,1,1,3,2,02,1,1,000,640,1,0,1,2,1,38,1,1,9,00,2,8,6,201500006065B02,7,1,1
201500006094,2015-06-12,2015,juin,vendredi,10:00,88,88009,48.17249,6.92609,1,1,2,1,1,3,2,02,2,1,000,074,1,0,1,3,1,68,5,1,2,00,0,4,1,201500006094A01,7,2,1
201500006108,2015-07-14,2015,juillet,mardi,22:45,88,88372,48.4038,6.84504,2,1,6,3,1,9,2,02,1,1,000,030,1,0,5,1,1,18,5,1,2,00,1,1,1,201500006108A01,,,
201500006109,2015-01-13,2015,janvier,mardi,18:30,67,67028,0,0,2,3,3,1,1,4,2,02,-1,1,000,060,1,0,1,3,1,20,5,1,9,00,2,3,15,201500006109B02,7,1,1
201500006109,2015-01-13,2015,janvier,mardi,18:30,67,67028,0,0,2,3,3,1,1,4,2,02,-1,1,000,060,1,0,1,4,1,19,0,1,9,00,2,3,15,201500006109B02,7,1,1
201500006126,2015-02-13,2015,février,vendredi,15:15,67,67130,0,0,1,6,1,1,1,3,-1,00,1,-1,000,000,1,0,1,3,1,66,5,1,2,00,2,2,21,201500006126B02,7,9,1
201500006130,2015-06-27,2015,juin,samedi,12:30,67,67154,0,0,2,3,1,1,1,4,2,02,1,1,000,000,1,0,0,3,1,8,5,1,1,00,2,8,15,201500006130B02,7,1,1
201500006131,2015-07-21,2015,juillet,mardi,10:00,67,67130,0,0,2,1,3,1,1,4,1,00,-1,1,000,038,9,0,1,3,2,69,3,1,9,00,0,7,1,201500006131A01,7,22,1
201500006133,2015-09-03,2015,septembre,jeudi,10:00,67,67130,0,0,1,9,6,1,1,3,-1,02,-1,-1,000,000,1,0,5,4,2,64,5,1,9,00,1,1,13,201500006133A01,,,
201500006133,2015-09-03,2015,septembre,jeudi,10:00,67,67130,0,0,1,9,6,1,1,3,-1,02,-1,-1,000,000,1,0,5,4,1,66,5,1,8,00,1,1,13,201500006133A01,,,
201500006135,2015-09-15,2015,septembre,mardi,12:00,67,67130,0,0,2,1,3,1,1,6,2,00,1,1,000,000,1,0,4,4,2,22,1,1,1,00,0,8,1,201500006135B02,7,20,1
201500006138,2015-12-06,2015,décembre,dimanche,18:45,67,67130,0,0,1,9,1,3,1,3,2,00,-1,2,000,075,1,0,1,3,1,63,5,1,2,00,2,8,19,201500006138B02,7,1,1
201500006179,2015-04-16,2015,avril,jeudi,17:45,67,67520,0,0,2,2,1,1,1,4,-1,02,-1,1,000,000,1,5,1,3,1,69,5,1,1,00,0,8,21,201500006179B02,7,1,1
201500006195,2015-07-02,2015,juillet,jeudi,83:0,67,67363,0,0,1,2,1,1,7,4,2,02,1,1,000,060,1,0,1,3,1,66,5,1,2,00,2,1,1,201500006195A01,10,19,1
201500006226,2015-05-16,2015,mai,samedi,16:30,67,67051,0,0,1,1,1,1,1,3,1,00,1,1,070,000,1,0,1,4,1,13,5,1,8,00,0,4,15,201500006226B02,31,1,1
201500006239,2015-11-03,2015,novembre,mardi,70:0,67,67311,0,0,2,1,1,1,8,3,2,02,1,2,065,000,1,5,1,3,1,22,1,1,4,00,2,1,15,201500006239A01,10,9,1
201500006241,2015-12-28,2015,décembre,lundi,15:45,67,67461,0,0,2,1,7,1,1,3,2,02,1,1,000,059,1,0,1,3,1,64,5,1,1,00,0,0,0,201500006241A01,,,
201500006258,2015-06-07,2015,juin,dimanche,15:45,67,67260,0,0,1,1,2,1,1,3,2,00,2,1,000,061,-1,0,1,3,1,7,5,1,2,00,2,6,1,201500006258B02,7,17,1
201500006263,2015-03-27,2015,mars,vendredi,14:00,68,68145,48.08081,7.39402,2,3,3,1,1,4,1,01,1,1,000,043,1,0,1,4,1,82,5,1,2,00,2,5,1,201500006263B02,7,19,1
201500006264,2015-04-24,2015,avril,vendredi,11:45,68,68009,48.11609,7.53568,1,6,3,1,1,3,1,01,1,2,000,060,1,0,1,3,1,73,5,1,2,00,2,7,1,201500006264B02,7,9,1
201500006273,2015-04-15,2015,avril,mercredi,13:30,68,68175,48.14587,7.17964,1,2,3,1,1,4,2,02,1,1,000,030,1,5,1,3,2,60,5,1,2,00,2,1,1,201500006273B02,7,1,1
201500006278,2015-08-03,2015,août,lundi,16:00,68,68249,48.12525,7.09647,1,1,6,1,7,3,2,02,2,1,000,070,1,0,1,3,1,47,5,1,2,00,1,4,1,201500006278B01,7,15,1
201500006300,2015-07-28,2015,juillet,mardi,11:30,68,68269,48.19383,7.31549,2,1,6,1,1,4,2,02,2,1,000,050,1,0,1,4,1,61,5,1,2,12,0,0,1,201500006300B02,7,17,1
201500006307,2015-08-31,2015,août,lundi,16:45,68,68338,48.05383,7.25844,1,4,1,1,7,3,2,02,1,2,000,063,1,0,1,2,1,44,5,1,4,00,2,1,1,201500006307B02,7,15,1
201500006311,2015-11-03,2015,novembre,mardi,16:00,68,68066,48.08233,7.32539,2,1,3,1,1,4,2,02,1,1,000,067,1,0,1,4,1,17,2,1,2,00,2,3,19,201500006311A01,7,1,1
201500006316,2015-07-10,2015,juillet,vendredi,18:15,68,68004,47.62677,7.2428,1,1,6,1,1,3,3,04,1,1,020,148,1,0,1,3,1,17,5,1,2,01,0,1,1,201500006316A01,7,24,1
201500006339,2015-03-20,2015,mars,vendredi,17:00,68,68228,47.92814,7.35827,1,3,3,1,1,3,2,02,1,1,000,066,1,0,0,2,1,76,5,1,2,00,2,8,9,201500006339B02,7,1,1
201500006343,2015-06-14,2015,juin,dimanche,16:15,68,68091,41.91278,7.57411,1,1,7,1,7,9,2,02,2,1,000,050,1,0,1,3,2,48,5,1,2,00,0,1,1,201500006343A01,,,
201500006346,2015-06-19,2015,juin,vendredi,17:30,68,68082,47.85856,7.33947,2,1,1,1,1,3,2,02,1,1,000,064,1,0,1,3,2,9,3,1,2,00,2,1,5,201500006346B02,7,1,1
201500006352,2015-10-21,2015,octobre,mercredi,14:45,68,68041,47.8736,7.51482,1,9,3,1,1,3,2,02,1,1,000,075,1,0,5,3,2,16,5,1,2,00,2,1,1,201500006352A01,14,1,1
201500006356,2015-12-07,2015,décembre,lundi,15:45,68,68234,47.94235,7.41711,1,2,3,2,7,3,2,02,1,1,,070,1,0,0,3,1,76,5,1,2,00,2,1,1,201500006356B02,7,5,1
201500006361,2015-04-23,2015,avril,jeudi,14:15,68,68318,47.95524,7.21053,1,1,7,1,1,3,2,02,2,2,000,006,1,0,1,3,2,63,5,1,2,00,0,9,1,201500006361A01,,,
201500006362,2015-07-11,2015,juillet,samedi,13:30,68,68251,47.98613,7.22019,2,1,1,1,1,3,2,02,2,2,000,057,1,0,1,4,1,56,5,1,2,00,2,1,13,201500006362B02,33,1,1
201500006363,2015-08-25,2015,août,mardi,13:10,68,68318,47.96026,7.21422,1,1,2,1,1,3,2,02,2,1,000,084,1,0,1,3,1,61,5,1,2,00,0,4,2,201500006363A02,7,2,1
201500006381,2015-12-03,2015,décembre,jeudi,90:0,68,68149,47.60062,7.58568,2,1,3,1,1,3,2,02,2,1,000,080,1,0,1,3,1,48,1,1,2,00,2,8,15,201500006381A01,7,1,1
201500006393,2015-05-27,2015,mai,mercredi,17:15,68,68334,47.79592,7.11247,2,3,2,1,1,3,2,02,1,1,000,060,1,0,1,3,1,8,5,1,2,00,2,4,9,201500006393B02,10,2,1
201500006398,2015-04-22,2015,avril,mercredi,13:45,68,68063,47.79807,7.17177,2,3,1,1,1,4,2,02,1,1,000,056,1,0,1,4,1,6,5,1,2,00,2,8,19,201500006398B02,7,1,1
201500006411,2015-09-26,2015,septembre,samedi,15:30,68,68370,47.98636,6.96609,1,1,3,1,1,3,2,02,2,1,000,080,1,0,1,3,1,68,5,1,2,00,2,8,10,201500006411B02,33,1,1
201500006412,2015-11-03,2015,novembre,mardi,13:45,68,68292,0,0,2,1,1,1,1,9,2,00,2,2,000,000,1,0,1,3,1,11,2,1,1,00,0,3,0,201500006412A01,7,0,1
201500006435,2015-07-01,2015,juillet,mercredi,71:5,51,51559,49.13215,4.5336,2,1,1,1,1,3,2,02,1,1,000,090,1,0,1,4,1,52,5,1,8,00,2,8,1,201500006435B02,10,17,1
201500006474,2015-08-04,2015,août,mardi,16:15,51,51511,48.61366,3.75238,2,1,3,1,1,3,2,02,2,4,000,045,1,0,1,3,1,66,5,1,2,00,2,3,1,201500006474B02,21,1,1
201500006506,2015-11-12,2015,novembre,jeudi,17:45,51,51649,48.71552,4.58475,2,3,1,5,1,4,2,02,1,1,,052,1,5,1,4,1,17,2,1,4,00,2,1,1,201500006506B02,7,15,1
201500006531,2015-10-09,2015,octobre,vendredi,14:00,08,08362,49.53079,4.37424,1,1,2,1,1,3,2,02,1,1,000,070,1,0,1,3,1,64,5,1,8,00,2,8,1,201500006531A01,10,17,1
201500006539,2015-04-30,2015,avril,jeudi,11:00,10,10018,48.09115,3.92149,1,1,3,1,1,3,2,01,1,1,,060,1,0,1,2,1,60,5,1,2,00,2,8,13,201500006539B02,10,17,1
201500006541,2015-06-02,2015,juin,mardi,20:00,10,10435,48.19093,4.06511,1,2,3,1,1,3,2,02,-1,1,,055,1,0,1,3,1,38,5,1,2,00,2,2,1,201500006541A01,7,1,1
201500006545,2015-07-04,2015,juillet,samedi,19:45,10,10140,48.03742,3.90955,2,1,6,1,1,3,2,02,2,4,,060,1,0,1,3,1,50,0,1,4,00,0,1,1,201500006545A01,,,
201500006547,2015-09-06,2015,septembre,dimanche,11:45,10,10018,48.08781,3.89518,2,1,7,1,1,3,2,01,2,3,000,044,-1,0,1,2,1,47,5,1,2,00,5,0,1,201500006547A01,,,
201500006578,2015-01-25,2015,janvier,dimanche,14:00,10,10426,0,0,1,1,1,1,2,3,2,00,-1,1,,060,2,0,1,4,2,65,5,1,2,00,2,8,1,201500006578B02,7,1,1
201500006634,2015-07-16,2015,juillet,jeudi,71:5,52,52251,48.13551,5.08446,2,1,1,1,1,3,2,02,1,1,000,220,1,5,1,3,2,59,1,1,1,00,2,1,23,201500006634B02,7,15,1
201500006650,2015-11-07,2015,novembre,samedi,13:30,52,52374,47.78006,5.40213,1,8,1,1,7,3,2,02,2,1,000,056,1,4,1,3,1,82,5,1,2,14,0,1,1,201500006650B02,39,1,1
201500006654,2015-07-17,2015,juillet,vendredi,17:45,52,52145,47.69163,5.45836,2,1,1,1,1,4,2,00,-1,3,000,034,1,0,1,3,2,60,5,1,2,00,2,1,13,201500006654A01,7,1,1
201500006677,2015-07-16,2015,juillet,jeudi,84:5,21,21038,47.18845,5.39009,2,2,3,1,7,4,2,02,1,1,000,061,1,0,1,2,1,89,5,1,9,00,0,8,1,201500006677A01,7,19,1
201500006686,2015-07-13,2015,juillet,lundi,18:45,21,21126,47.28026,5.22279,2,6,1,1,1,3,2,01,1,3,000,000,1,0,1,2,1,53,5,1,2,00,2,1,1,201500006686B02,7,1,1
201500006696,2015-09-06,2015,septembre,dimanche,10:15,21,21295,47.22268,4.94976,1,1,2,1,1,3,-1,02,2,1,000,060,1,0,1,3,1,50,5,1,2,00,2,4,1,201500006696B02,7,1,1
201500006701,2015-11-11,2015,novembre,mercredi,93:0,21,21263,47.25882,5.03466,1,6,3,1,1,3,2,02,2,3,000,000,1,5,1,3,1,58,5,1,2,00,2,8,16,201500006701B02,7,16,1
201500006708,2015-08-16,2015,août,dimanche,15:30,21,21638,47.52433,5.18223,2,1,1,1,1,3,2,02,2,1,115,000,1,0,1,4,1,82,5,1,2,00,2,3,15,201500006708B02,7,17,1
201500006784,2015-03-09,2015,mars,lundi,16:45,58,58112,0,0,1,1,6,1,1,3,2,02,2,1,000,048,1,0,1,3,1,70,5,1,2,00,2,1,13,201500006784A01,,,
201500006807,2015-01-13,2015,janvier,mardi,15:15,58,58086,0,0,2,4,1,1,1,4,2,00,1,1,000,100,1,0,0,3,1,80,5,1,1,00,2,1,1,201500006807B02,7,15,1
201500006826,2015-06-25,2015,juin,jeudi,14:00,71,71250,46.37195,4.8094,1,1,5,1,1,4,2,00,1,1,000,000,1,0,1,3,1,45,5,1,2,00,2,1,19,201500006826A01,7,1,2
201500006827,2015-10-06,2015,octobre,mardi,15:00,71,71556,46.2728,4.79878,2,1,3,1,1,3,2,01,1,1,000,080,1,0,1,3,1,44,3,1,2,00,2,8,13,201500006827B02,7,2,1
201500006828,2015-10-31,2015,octobre,samedi,12:15,71,71526,0,0,2,1,1,1,1,3,2,02,2,1,050,000,1,0,1,3,1,39,5,1,2,01,0,1,2,201500006828B02,7,0,1
201500006846,2015-06-10,2015,juin,mercredi,10:00,71,71137,0,0,1,1,7,1,1,3,2,00,2,1,000,067,1,0,1,3,2,67,5,1,2,00,0,0,1,201500006846A01,,,
201500006856,2015-07-14,2015,juillet,mardi,84:5,71,71014,46.95634,4.3156,2,3,1,1,1,3,2,02,1,1,000,152,1,0,1,2,1,46,5,1,2,00,2,1,1,201500006856A01,7,15,1
201500006868,2015-04-30,2015,avril,jeudi,83:0,71,71422,0,0,1,1,1,1,1,3,2,00,1,1,000,055,1,5,1,3,1,44,1,1,2,00,2,7,1,201500006868B02,7,1,1
201500006873,2015-12-19,2015,décembre,samedi,10:15,71,71404,46.75324,4.70664,2,1,3,1,8,4,2,02,-1,1,054,000,2,0,1,3,1,53,5,1,2,00,2,1,1,201500006873A01,7,16,1
201500006886,2015-05-29,2015,mai,vendredi,11:30,71,71052,46.58048,4.88239,2,1,3,1,1,4,2,01,3,2,000,000,1,0,1,3,1,53,5,1,2,00,2,1,13,201500006886B02,10,1,1
201500006893,2015-11-27,2015,novembre,vendredi,14:00,71,71564,46.45775,4.38315,1,1,7,1,5,3,2,02,2,1,000,000,1,0,1,3,1,65,5,1,2,00,0,0,0,201500006893A01,,,
201500006898,2015-04-15,2015,avril,mercredi,83:0,71,71176,46.4837,3.98098,2,1,1,1,1,4,2,02,-1,2,000,055,1,0,1,3,2,58,3,1,2,00,0,4,1,201500006898B02,7,1,1
201500006932,2015-04-03,2015,avril,vendredi,15:15,71,71261,46.59099,4.99921,2,1,3,1,1,4,2,01,1,1,000,044,1,0,1,2,1,77,5,1,2,00,2,8,19,201500006932A01,10,1,1
201500006942,2015-04-22,2015,avril,mercredi,16:00,71,71390,46.71402,4.31363,1,1,6,1,7,4,2,02,4,2,000,031,9,0,3,3,2,71,5,1,2,03,0,7,1,201500006942A01,,,
201500006967,2015-02-19,2015,février,jeudi,16:00,89,89295,47.81896,3.53929,2,1,2,1,7,3,2,00,1,1,000,061,1,0,1,3,1,69,5,1,2,00,0,4,1,201500006967B02,7,1,1
201500006985,2015-09-29,2015,septembre,mardi,15:45,89,89263,0,0,2,1,1,1,1,3,3,00,1,-1,000,080,1,0,1,3,1,89,5,1,2,00,2,3,18,201500006985A01,10,2,1
201500006996,2015-08-12,2015,août,mercredi,93:0,89,89325,47.66038,3.10481,1,1,2,1,1,3,2,00,1,1,060,000,1,0,1,3,1,70,5,1,2,00,2,4,15,201500006996B02,7,1,1
201500007038,2015-08-29,2015,août,samedi,13:30,89,89309,0,0,1,1,1,1,1,4,2,00,-1,-1,000,000,-1,0,0,4,2,20,5,1,9,01,0,7,1,201500007038A01,7,24,1
201500007056,2015-09-06,2015,septembre,dimanche,70:0,89,89464,48.08968,3.28664,2,1,3,2,1,3,2,00,1,1,000,000,1,0,1,4,1,19,1,1,2,00,2,3,2,201500007056A01,2,1,1
201500007070,2015-11-12,2015,novembre,jeudi,15:30,25,25558,47.171,6.112,1,1,1,1,1,3,2,02,1,1,064,064,1,0,1,3,1,73,5,1,2,00,2,4,1,201500007070B02,10,17,1
201500007146,2015-04-21,2015,avril,mardi,15:45,25,25462,0,0,1,1,1,1,1,2,2,02,1,1,000,064,1,0,1,3,1,83,5,1,2,00,2,1,18,201500007146A01,7,16,1
201500007152,2015-03-23,2015,mars,lundi,18:15,25,25320,46.78,6.285,2,2,1,1,1,4,2,02,2,1,000,000,1,0,1,3,1,9,5,1,2,00,2,1,19,201500007152B02,10,1,1
201500007154,2015-05-10,2015,mai,dimanche,83:0,25,25494,46.749,6.298,2,1,1,1,1,4,2,02,-1,3,000,034,1,0,0,3,1,68,5,1,2,00,2,0,1,201500007154A01,7,1,1
201500007157,2015-07-18,2015,juillet,samedi,15:30,25,25362,46.82801,6.29081,2,1,3,1,1,3,2,02,4,1,000,058,1,0,1,3,1,51,5,1,2,00,2,1,1,201500007157B02,7,15,1
201500007158,2015-09-02,2015,septembre,mercredi,13:00,25,25320,46.792,6.279,1,1,3,1,1,3,-1,01,1,1,000,095,1,0,0,3,1,64,5,1,2,00,2,3,0,201500007158B02,7,0,1
201500007188,2015-08-26,2015,août,mercredi,90:0,39,39061,0,0,1,1,3,1,1,3,2,02,-1,1,000,060,1,0,1,3,1,84,5,1,2,00,0,1,15,201500007188A01,7,1,1
201500007193,2015-06-03,2015,juin,mercredi,18:15,39,39045,0,0,1,4,1,1,7,3,,,,,,,,,,3,1,53,5,1,2,00,2,1,1,201500007193B02,10,15,1
201500007197,2015-05-11,2015,mai,lundi,10:15,39,39279,0,0,1,1,3,1,1,3,2,00,1,1,000,067,1,0,1,3,1,53,5,1,2,00,2,8,2,201500007197B02,7,2,1
201500007202,2015-07-23,2015,juillet,jeudi,19:15,39,39574,0,0,2,4,1,1,1,3,2,02,1,1,000,068,1,0,1,3,1,14,5,1,2,00,2,1,15,201500007202A01,7,16,1
201500007204,2015-10-07,2015,octobre,mercredi,93:0,39,39379,0,0,1,1,2,1,1,3,2,00,3,1,000,058,1,0,1,3,1,66,5,1,2,00,2,4,1,201500007204B02,7,1,1
201500007224,2015-08-08,2015,août,samedi,11:15,39,39500,0,0,2,1,1,1,3,3,-1,02,1,1,000,048,2,0,1,3,1,46,5,1,2,00,2,0,17,201500007224B02,7,1,1
201500007231,2015-06-05,2015,juin,vendredi,61:5,39,39526,0,0,1,1,1,1,1,3,-1,02,1,1,115,000,1,0,0,3,1,47,1,1,4,00,0,6,2,201500007231B02,17,2,1
201500007242,2015-05-23,2015,mai,samedi,15:45,39,39579,0,0,1,1,1,1,1,3,2,02,4,1,000,094,1,0,1,2,1,13,5,1,2,00,0,5,19,201500007242B02,7,13,1
201500007292,2015-07-02,2015,juillet,jeudi,73:0,70,70085,47.39,6.009,1,1,1,1,1,3,2,02,1,3,000,052,1,0,1,3,1,38,1,1,2,00,2,1,1,201500007292B02,7,15,1
201500007311,2015-04-16,2015,avril,jeudi,14:00,70,70339,47.76,6.599,1,1,2,1,1,3,2,00,1,1,000,068,1,0,1,2,1,67,3,1,8,00,2,4,1,201500007311B02,7,17,1
201500007323,2015-12-08,2015,décembre,mardi,17:15,70,70117,47.6466,6.77757,1,1,1,5,1,2,2,00,2,1,000,105,1,0,1,3,1,63,3,1,2,00,2,4,2,201500007323B02,10,2,1
201500007328,2015-06-11,2015,juin,jeudi,15:00,70,70016,0,0,2,1,6,1,1,3,-1,02,-1,1,000,080,1,0,1,3,1,69,5,1,2,00,0,1,1,201500007328A01,,,
201500007373,2015-06-24,2015,juin,mercredi,18:30,90,90065,0,0,1,1,7,1,1,3,2,02,2,1,000,060,1,0,1,3,2,71,0,1,2,00,6,1,1,201500007373A01,,,
201500007382,2015-12-29,2015,décembre,mardi,15:00,90,90100,0,0,1,1,1,1,1,3,2,00,1,1,000,054,1,0,1,2,2,56,5,1,2,00,0,0,1,201500007382B02,10,17,1
201500007385,2015-06-21,2015,juin,dimanche,13:30,90,90101,0,0,2,6,6,1,8,3,2,00,1,2,049,078,1,0,1,3,1,63,5,1,2,00,2,7,1,201500007385A01,,,
201500007431,2015-07-06,2015,juillet,lundi,64:5,26,26166,0,0,1,1,3,1,1,3,2,00,1,1,000,075,1,0,1,3,1,20,1,1,2,00,2,3,15,201500007431B02,14,17,1
201500007434,2015-07-23,2015,juillet,jeudi,93:0,26,26208,44.7992,4.935,1,1,7,1,1,4,2,01,1,3,000,032,9,0,0,3,1,63,5,1,9,00,0,0,16,201500007434A01,,,
201500007447,2015-12-11,2015,décembre,vendredi,84:5,26,26064,0,0,1,2,3,2,8,3,2,02,1,1,000,060,1,0,1,2,1,15,2,1,9,00,2,7,1,201500007447A01,7,1,1