Num_Acc,date,an,mois,jour,hrmn,dep,com,lat,long,agg,int,col,lum,atm,catr,circ,nbv,prof,plan,lartpc,larrout,surf,infra,situ,grav,sexe,age,trajet,secuexist,equipement,obs,obsm,choc,manv,vehiculeid,typevehicules,manoeuvehicules,numVehicules
201500007532,2015-04-11,2015,avril,samedi,18:30,13,13097,0,0,2,2,3,1,1,4,2,02,1,1,070,000,1,0,1,3,1,12,5,1,2,00,2,7,1,201500007532B02,7,1,1
201500007536,2015-09-04,2015,septembre,vendredi,90:0,13,13097,0,0,1,1,2,1,1,3,2,02,1,1,000,070,1,0,1,3,1,62,0,1,4,00,0,6,2,201500007536B02,7,2,1
201500007547,2015-07-18,2015,juillet,samedi,11:00,13,13100,0,0,2,1,3,1,1,3,2,00,1,1,000,055,1,0,1,3,1,63,5,1,2,00,2,1,1,201500007547B02,7,15,1
201500007548,2015-10-29,2015,octobre,jeudi,84:5,13,13100,0,0,1,1,2,1,1,3,2,02,3,3,000,000,1,0,1,3,1,42,5,1,2,00,2,4,1,201500007548B02,10,1,1
201500007552,2015-03-07,2015,mars,samedi,10:30,13,13042,0,0,1,1,1,1,1,3,2,02,1,1,000,036,1,0,3,1,1,54,5,1,2,00,0,4,1,201500007552B02,33,1,1
201500007562,2015-08-02,2015,août,dimanche,10:30,13,13030,0,0,1,1,5,1,1,3,2,00,2,3,000,070,1,0,1,4,1,54,5,1,2,00,2,8,1,201500007562C03,7/ 33,1,2
201500007562,2015-08-02,2015,août,dimanche,10:30,13,13030,0,0,1,1,5,1,1,3,2,00,2,3,000,070,1,0,1,3,1,54,5,1,2,00,2,8,1,201500007562D04,7/ 33,1,2
201500007636,2015-05-12,2015,mai,mardi,20:30,04,04230,43.84,5.964,1,1,3,1,1,3,2,00,1,1,000,070,1,0,1,3,2,47,5,1,2,00,2,3,1,201500007636B02,10,1,1
201500007640,2015-08-04,2015,août,mardi,21:30,04,04094,43.762,5.893,2,1,1,5,1,3,2,00,1,1,000,065,1,0,1,4,2,51,5,1,2,00,0,8,13,201500007640A01,7,1,1
201500007643,2015-11-26,2015,novembre,jeudi,14:30,04,04094,43.775,5.879,1,1,1,1,1,3,2,00,2,2,000,068,1,0,1,2,1,71,5,1,2,00,0,0,13,201500007643A01,7,0,1
201500007682,2015-07-25,2015,juillet,samedi,18:30,04,04007,43.941,6.532,1,1,2,1,1,2,2,02,1,1,000,060,1,1,1,3,2,30,5,1,2,00,0,4,1,201500007682B02,7,2,1
201500007703,2015-05-31,2015,mai,dimanche,12:15,04,04208,43.98265,5.5595,1,1,3,1,1,3,2,02,2,2,000,075,1,0,1,3,1,33,5,1,2,00,2,3,1,201500007703B02,7,1,1
201500007722,2015-05-11,2015,mai,lundi,18:30,05,05034,44.27711,5.81684,1,1,3,1,1,3,2,02,2,2,000,006,1,0,1,3,1,54,5,1,2,00,2,8,2,201500007722B02,7,17,1
201500007766,2015-07-21,2015,juillet,mardi,15:00,05,05106,44.55308,6.33267,1,1,7,1,8,3,2,02,2,1,000,060,1,0,1,3,1,16,5,1,2,00,0,0,1,201500007766A01,,,
201500007772,2015-06-23,2015,juin,mardi,10:45,05,05065,44.64273,6.6619,1,1,3,1,1,3,2,00,2,3,000,060,1,0,1,4,1,60,5,1,2,00,,8,1,201500007772B02,7,17,1
201500007780,2015-09-05,2015,septembre,samedi,19:30,06,06048,0,0,2,1,1,1,1,3,-1,00,-1,-1,000,000,1,0,1,1,1,10,5,1,2,00,2,1,5,201500007780A01,7,1,1
201500007795,2015-07-09,2015,juillet,jeudi,70:0,06,06020,0,0,1,1,1,1,1,3,2,00,2,3,000,055,1,0,1,3,1,43,5,1,2,00,2,8,13,201500007795A01,15,1,1
201500007802,2015-08-28,2015,août,vendredi,94:5,06,06149,0,0,2,1,1,1,1,4,2,02,1,1,000,114,1,0,1,2,1,62,5,1,2,00,2,3,2,201500007802B02,14,2,1
201500007812,2015-04-22,2015,avril,mercredi,94:5,06,06138,0,0,1,1,3,1,2,3,2,00,1,3,000,000,1,0,1,4,1,64,5,1,2,00,2,8,2,201500007812B02,7,2,1
201500007814,2015-05-20,2015,mai,mercredi,74:5,06,06090,0,0,2,6,3,1,1,3,2,02,1,-1,000,000,1,5,1,4,1,34,0,1,2,00,2,1,1,201500007814B02,7,9,1
201500007815,2015-05-19,2015,mai,mardi,16:30,06,06090,0,0,1,1,1,1,1,3,2,02,2,3,000,000,1,0,1,3,1,43,5,1,2,00,2,1,1,201500007815B02,7,1,1
201500007829,2015-05-09,2015,mai,samedi,14:45,06,06003,0,0,1,1,1,1,1,3,2,02,2,2,000,058,1,0,1,3,1,57,5,1,2,00,2,8,1,201500007829A01,33,1,1
201500007839,2015-09-06,2015,septembre,dimanche,45:,06,06065,0,0,2,1,1,5,1,3,2,02,1,1,000,090,1,0,1,2,1,16,0,1,1,00,2,1,15,201500007839B02,7,1,1
201500007843,2015-02-12,2015,février,jeudi,16:15,06,06006,43.78251,7.24513,2,1,3,1,1,3,2,00,2,3,000,075,1,0,1,3,1,59,5,1,2,00,2,1,1,201500007843B02,10,9,1
201500007865,2015-05-27,2015,mai,mercredi,11:45,06,06047,0,0,1,1,1,1,1,3,2,01,2,3,060,000,1,0,1,2,1,69,5,1,2,00,2,1,0,201500007865B02,7,13,1
201500007868,2015-04-12,2015,avril,dimanche,14:00,83,83004,0,0,1,1,1,1,1,3,-1,02,-1,-1,000,080,-1,0,0,3,1,15,5,1,2,00,0,0,0,201500007868B02,7,0,1
201500007869,2015-06-30,2015,juin,mardi,15:30,83,83004,0,0,1,1,3,1,1,3,2,02,1,1,000,073,1,0,1,3,2,15,5,1,9,00,2,8,13,201500007869B02,7,1,1
201500007891,2015-07-08,2015,juillet,mercredi,12:45,83,83080,43.67972,6.69639,1,1,1,1,1,3,2,02,2,3,000,058,1,0,1,2,1,68,5,1,2,00,2,1,13,201500007891B02,7,1,1
201500007918,2015-05-27,2015,mai,mercredi,94:5,83,83139,43.592,6.287,1,1,1,1,1,4,2,01,2,2,000,020,1,0,1,3,1,45,5,1,2,00,2,1,1,201500007918B02,7,1,1
201500007919,2015-05-28,2015,mai,jeudi,15:30,83,83014,0,0,2,9,3,1,1,3,4,01,-1,1,000,050,1,0,1,4,1,47,1,1,2,00,2,1,18,201500007919B02,10,16,1
201500007924,2015-05-19,2015,mai,mardi,10:00,83,83023,0,0,2,1,3,1,1,3,2,02,1,1,000,000,1,0,1,3,1,54,5,1,2,00,2,8,2,201500007924B02,15,2,1
201500007964,2015-10-04,2015,octobre,dimanche,15:45,83,83059,0,0,1,1,1,1,1,3,2,02,-1,1,069,037,1,0,1,3,1,51,5,1,2,00,0,4,1,201500007964B02,7,1,1
201500007971,2015-07-28,2015,juillet,mardi,10:00,83,83120,43.38234,5.7384,1,1,6,1,1,3,2,02,-1,1,000,063,1,0,1,3,1,61,5,1,2,00,0,0,0,201500007971A01,,,
201500007973,2015-08-22,2015,août,samedi,10:15,83,83120,0,0,1,1,1,1,1,3,2,02,2,2,000,000,1,2,1,3,1,59,5,1,2,00,2,1,1,201500007973A01,10,1,1
201500007982,2015-12-19,2015,décembre,samedi,14:45,83,83087,0,0,1,1,1,1,1,3,2,02,1,1,000,060,1,0,1,3,2,49,5,1,2,00,2,3,1,201500007982B02,7,17,1
201500008009,2015-08-06,2015,août,jeudi,93:0,83,83068,43.275,6.576,1,6,1,1,1,3,1,02,-1,3,000,000,1,0,1,3,1,54,1,1,2,00,2,1,5,201500008009A01,7,1,1
201500008031,2015-03-08,2015,mars,dimanche,70:0,83,83065,43.257,6.601,1,1,1,2,1,3,2,02,1,3,000,000,1,0,5,3,1,70,5,1,2,00,2,1,1,201500008031B02,7,1,1
201500008067,2015-06-20,2015,juin,samedi,19:00,83,83047,43.14586,6.06736,2,6,2,1,1,3,-1,00,1,3,000,083,1,5,1,3,1,57,5,1,2,00,0,4,1,201500008067B02,7,16,1
201500008075,2015-01-02,2015,janvier,vendredi,90:0,83,83112,0,0,2,6,2,1,1,3,1,02,1,2,000,000,1,3,1,3,1,62,5,1,2,00,2,4,2,201500008075A01,7,2,1
201500008093,2015-01-15,2015,janvier,jeudi,13:45,84,84132,43.93997,4.98365,1,2,3,1,1,4,2,02,1,1,000,035,1,0,1,3,1,50,1,1,2,00,2,1,1,201500008093A01,7,1,1
201500008102,2015-06-26,2015,juin,vendredi,94:5,84,84132,43.92356,4.96924,1,4,2,1,1,3,2,02,1,1,000,115,1,4,1,3,1,84,5,1,2,00,2,4,15,201500008102B02,7,17,1
201500008127,2015-08-03,2015,août,lundi,11:30,84,84003,43.86344,5.36375,1,1,5,1,1,3,2,02,3,3,000,000,1,0,1,3,1,81,5,1,2,00,2,1,1,201500008127C03,7/ 14,1,2
201500008135,2015-09-01,2015,septembre,mardi,12:30,84,84147,43.72204,5.43612,2,3,3,1,1,3,2,02,1,1,000,056,1,0,1,3,1,12,5,1,2,00,2,8,15,201500008135B02,7,1,1
201500008144,2015-08-15,2015,août,samedi,13:45,84,84085,0,0,1,1,7,1,1,3,2,02,2,1,050,000,1,0,1,3,2,56,5,1,2,00,0,1,1,201500008144A01,,,
201500008155,2015-09-21,2015,septembre,lundi,10:45,84,84089,43.70106,5.50572,2,4,3,1,1,3,2,00,-1,1,000,000,1,0,1,3,1,81,5,1,2,00,2,8,15,201500008155B02,33,1,1
201500008157,2015-06-05,2015,juin,vendredi,13:15,84,84069,44.1651,5.14512,1,1,1,1,1,3,2,02,-1,4,000,000,1,0,1,3,1,25,5,1,2,00,2,1,5,201500008157A01,10,2,1
201500008159,2015-09-10,2015,septembre,jeudi,18:30,84,84069,0,0,1,1,3,1,1,3,2,02,2,3,000,000,1,0,1,2,1,29,5,1,2,00,2,1,1,201500008159A01,7,1,1
201500008168,2015-03-23,2015,mars,lundi,17:45,84,84004,44.0895,5.03619,2,1,1,2,7,4,2,02,1,1,000,050,1,0,1,3,1,9,5,1,2,00,2,8,1,201500008168B02,7,1,1
201500008169,2015-04-25,2015,avril,samedi,94:5,84,84130,44.16007,5.06915,1,1,6,3,1,4,2,00,2,3,000,040,9,0,3,2,1,38,5,1,8,02,0,1,1,201500008169A01,,,
201500008171,2015-06-05,2015,juin,vendredi,13:00,84,84122,44.09584,4.99331,1,1,6,1,1,3,2,02,-1,1,000,080,-1,0,1,3,1,55,5,1,2,00,2,8,1,201500008171B02,7,0,1
201500008194,2015-01-15,2015,janvier,jeudi,94:5,34,34327,43.65893,3.98107,1,1,1,1,1,3,2,02,1,1,000,070,1,0,1,4,1,74,5,1,9,00,2,8,0,201500008194B02,7,1,1
201500008206,2015-09-13,2015,septembre,dimanche,13:45,34,34058,43.6763,3.98275,2,2,1,1,1,4,1,00,1,1,025,000,1,0,1,3,1,16,5,1,2,00,2,3,5,201500008206A01,7,1,1
201500008216,2015-03-11,2015,mars,mercredi,16:15,34,34344,43.56046,4.07657,2,1,1,1,1,4,-1,00,-1,1,000,000,1,0,0,3,1,67,5,1,2,00,2,0,1,201500008216B02,7,9,1
201500008225,2015-06-02,2015,juin,mardi,73:0,34,34145,43.66643,4.12277,2,6,1,1,7,3,-1,00,1,2,000,000,1,0,1,4,2,37,1,1,4,00,0,8,0,201500008225B02,7,0,1
201500008251,2015-02-28,2015,février,samedi,16:00,34,34276,43.79249,3.8754,1,1,1,1,1,3,2,02,1,1,000,070,1,0,1,3,1,43,5,1,2,00,2,8,2,201500008251B02,7,14,1
201500008266,2015-09-02,2015,septembre,mercredi,90:0,34,34161,43.33338,3.12687,2,1,7,1,1,4,2,00,4,1,060,000,1,0,1,3,1,16,5,1,2,00,0,0,0,201500008266A01,,,
201500008310,2015-10-16,2015,octobre,vendredi,17:30,34,34001,43.44565,3.29593,2,1,1,1,1,4,2,02,3,3,000,075,1,0,1,4,1,7,5,1,2,00,2,8,9,201500008310B02,7,1,1
201500008321,2015-07-28,2015,juillet,mardi,14:45,34,34209,43.31325,3.33402,1,1,2,1,1,3,2,03,1,1,000,099,1,0,1,3,1,37,5,1,2,00,0,4,2,201500008321B02,7,2,1
201500008322,2015-08-13,2015,août,jeudi,93:0,34,34329,43.26926,3.22038,2,1,1,1,2,3,2,00,2,3,000,077,2,0,1,3,1,47,5,1,2,00,2,1,1,201500008322A01,10,1,1
201500008330,2015-01-28,2015,janvier,mercredi,64:5,34,34031,43.33805,3.44777,1,1,1,3,1,3,2,02,1,1,040,000,1,0,1,3,1,17,1,1,4,00,2,6,2,201500008330B02,10,2,1
201500008336,2015-04-24,2015,avril,vendredi,93:0,34,34332,43.3143,3.36446,1,1,3,1,1,3,2,03,1,1,000,000,1,0,2,3,1,67,5,1,2,00,2,3,2,201500008336B02,10,2,1
201500008387,2015-06-09,2015,juin,mardi,11:15,11,11084,43.236,2.272,1,1,5,1,1,3,2,02,1,1,000,062,1,0,1,1,1,46,5,1,2,00,2,4,1,201500008387C03,7,1,2
201500008456,2015-10-31,2015,octobre,samedi,93:0,11,11360,43.26686,2.89854,1,1,3,1,1,3,2,01,1,1,000,070,1,0,1,3,1,55,5,1,2,00,2,8,1,201500008456B02,7,17,1
201500008472,2015-10-31,2015,octobre,samedi,17:15,30,30003,43.56834,4.18889,2,1,7,1,1,3,2,01,-1,1,000,070,1,0,1,4,1,65,5,1,2,00,0,0,1,201500008472A01,,,
201500008486,2015-07-26,2015,juillet,dimanche,16:45,30,30258,0,0,2,1,1,1,1,2,2,02,1,1,000,000,1,0,1,4,1,47,5,1,2,00,0,1,0,201500008486B02,7,17,1
201500008508,2015-10-07,2015,octobre,mercredi,90:0,30,30006,43.68791,4.21367,2,1,6,1,7,4,2,02,-1,3,000,094,1,0,1,3,1,72,5,1,9,14,0,1,16,201500008508A01,,,
201500008531,2015-12-28,2015,décembre,lundi,15:15,30,30305,44.17724,4.16667,2,1,1,1,1,3,2,03,1,-1,000,000,1,0,1,3,2,72,5,1,2,00,0,1,15,201500008531A01,7,1,1
201500008600,2015-04-13,2015,avril,lundi,15:00,30,30277,44.21158,4.51816,1,1,2,1,1,3,2,02,2,1,000,060,1,0,1,3,1,45,5,1,2,00,2,6,1,201500008600B02,7,17,1
201500008626,2015-07-14,2015,juillet,mardi,12:30,30,30073,43.9699,4.55445,2,2,3,1,1,4,2,00,2,1,000,051,1,0,1,3,1,55,5,1,2,00,2,1,1,201500008626B02,7,1,1
201500008636,2015-03-16,2015,mars,lundi,16:45,30,30326,44.01143,4.6903,1,1,4,1,1,3,2,01,2,1,050,000,1,0,1,2,1,60,5,1,2,00,9,2,2,201500008636A01,1,0/2,2
201500008636,2015-03-16,2015,mars,lundi,16:45,30,30326,44.01143,4.6903,1,1,4,1,1,3,2,01,2,1,050,000,1,0,1,1,1,65,5,1,2,00,9,3,0,201500008636C03,1,2,2
201500008636,2015-03-16,2015,mars,lundi,16:45,30,30326,44.01143,4.6903,1,1,4,1,1,3,2,01,2,1,050,000,1,0,1,1,1,64,5,1,2,00,9,3,2,201500008636B02,1,2/0,2
201500008686,2015-11-29,2015,novembre,dimanche,11:00,48,48061,44.3301,3.59079,2,4,3,1,1,4,2,02,1,1,000,035,1,0,1,4,2,68,3,1,2,00,2,7,2,201500008686A01,7,15,1
201500008712,2015-03-19,2015,mars,jeudi,11:30,66,66037,42.69774,3.03238,2,1,1,1,1,3,-1,02,1,1,000,000,1,0,1,3,1,63,5,1,1,01,0,1,1,201500008712B02,7,24,1
201500008728,2015-04-15,2015,avril,mercredi,10:30,66,66190,0,0,1,1,1,1,1,3,2,02,1,1,000,000,1,0,1,3,1,59,5,1,2,00,0,4,2,201500008728B02,7,2,1
201500008733,2015-10-31,2015,octobre,samedi,90:0,66,66231,0,0,1,1,1,1,1,3,2,02,1,1,000,000,1,0,1,3,1,66,5,1,2,00,2,4,1,201500008733B02,7,1,1
201500008737,2015-12-28,2015,décembre,lundi,16:15,66,66002,42.63966,2.9733,2,6,1,1,7,3,1,00,1,-1,000,087,1,0,1,2,1,57,5,1,2,00,2,5,16,201500008737A01,7,1,1
201500008743,2015-07-21,2015,juillet,mardi,12:00,66,66017,42.82437,3.03515,2,1,1,1,1,4,2,02,-1,-1,000,090,-1,0,0,4,1,72,5,1,2,00,2,1,0,201500008743B02,7,0,1
201500008762,2015-06-07,2015,juin,dimanche,16:45,66,66008,0,0,1,1,5,1,1,3,2,02,1,3,000,060,1,0,1,3,1,69,5,1,2,00,0,1,15,201500008762B02,7,1,2
201500008776,2015-07-16,2015,juillet,jeudi,80:0,66,66106,0,0,1,1,1,1,1,3,2,02,2,1,000,075,1,0,1,4,1,58,5,1,2,00,2,2,1,201500008776B02,7,19,1
201500008777,2015-07-24,2015,juillet,vendredi,80:0,66,66106,0,0,1,1,1,1,1,3,2,02,2,1,000,075,1,0,1,3,1,70,5,1,2,00,2,7,1,201500008777B02,7,9,1
201500008782,2015-06-11,2015,juin,jeudi,17:45,66,66053,0,0,1,1,1,1,1,3,2,02,1,1,000,000,1,0,1,3,1,71,5,1,2,00,2,1,1,201500008782B02,10,1,1
201500008789,2015-08-18,2015,août,mardi,10:00,66,66192,0,0,1,1,1,1,2,2,2,00,2,3,000,060,2,2,1,3,1,18,5,1,1,00,2,1,1,201500008789A01,7,1,1
201500008794,2015-01-24,2015,janvier,samedi,10:45,2A,2A228,41.83486,8.7788,1,1,3,1,1,3,2,00,2,1,000,065,1,0,1,3,1,48,5,1,2,00,2,1,1,201500008794B02,7,15,1
201500008810,2015-09-22,2015,septembre,mardi,10:00,2A,2A212,42.25882,8.67681,1,1,1,1,1,3,2,02,2,3,000,047,1,0,1,3,1,52,5,1,2,00,2,0,1,201500008810B02,14,1,1
201500008819,2015-02-12,2015,février,jeudi,19:00,2A,2A247,41.59761,9.32322,1,1,1,1,1,4,2,00,-1,3,000,000,1,0,1,3,1,34,5,1,9,00,0,0,0,201500008819A01,7,0,1
201500008927,2015-10-22,2015,octobre,jeudi,16:45,2B,2B343,0,0,1,1,1,1,1,3,2,02,2,3,000,000,1,0,1,3,1,32,5,1,1,00,2,1,1,201500008927B02,7,15,1
201500008932,2015-05-24,2015,mai,dimanche,12:25,05,05023,44.89281,6.62867,2,4,3,1,1,3,2,02,2,1,000,060,1,0,1,4,1,69,5,1,2,00,2,7,1,201500008932B01,7,9,1
201500008942,2015-12-29,2015,décembre,mardi,17:25,05,05023,44.90843,6.62705,2,1,3,2,1,3,2,02,2,1,000,073,1,0,1,4,1,47,1,1,2,00,2,7,17,201500008942A01,10,15,1
201500008948,2015-05-11,2015,mai,lundi,17:15,05,05061,44.56946,6.08657,2,1,3,1,1,4,-1,01,1,1,000,061,1,0,0,3,1,5,5,1,4,00,2,1,19,201500008948B01,7,1,1
201500008955,2015-08-05,2015,août,mercredi,16:00,05,05061,44.59491,6.08064,1,1,3,1,1,2,2,02,2,2,000,075,1,0,1,3,1,57,5,1,9,00,2,8,13,201500008955A01,7,21,1
201500008961,2015-10-10,2015,octobre,samedi,16:40,05,05061,44.54524,6.05344,2,6,3,1,1,3,2,02,1,-1,000,056,1,5,1,4,1,61,5,1,2,00,,4,15,201500008961B01,7,9,1
201500008972,2015-03-09,2015,mars,lundi,17:00,05,05061,44.54565,6.06315,2,6,3,1,1,2,3,00,1,1,000,100,1,5,5,4,1,49,1,1,9,00,2,4,19,201500008972B01,7,1,1
201500008987,2015-04-12,2015,avril,dimanche,91:5,78,78113,49.035,1.82,2,1,3,1,1,3,2,02,3,1,000,060,1,0,1,3,1,53,5,1,2,00,2,1,1,201500008987A01,7,1,1
201500009019,2015-11-28,2015,novembre,samedi,11:30,78,78575,0,0,2,1,3,1,1,3,2,02,2,2,068,000,1,0,1,3,1,58,5,1,2,00,2,8,1,201500009019A01,7,1,1
201500009024,2015-10-09,2015,octobre,vendredi,71:5,78,78389,48.791,1.813,2,1,1,5,1,3,2,02,-1,1,000,000,1,0,4,3,1,33,1,1,4,01,9,1,1,201500009024B02,7,22,1
201500009029,2015-09-02,2015,septembre,mercredi,15:15,78,78062,0,0,2,1,2,1,1,4,2,00,2,2,003,065,1,0,1,3,1,79,5,1,2,00,0,6,1,201500009029B02,7,17,1
201500009030,2015-11-04,2015,novembre,mercredi,18:15,78,78321,0,0,1,1,3,3,1,3,2,02,1,1,000,000,1,0,1,3,1,14,5,1,2,00,0,0,0,201500009030B02,13,0,1
201500009086,2015-06-25,2015,juin,jeudi,80:0,91,91338,0,0,2,1,3,2,1,4,2,02,-1,1,000,060,1,5,1,4,1,41,1,1,2,00,2,1,1,201500009086B02,7,19,1
201500009091,2015-08-22,2015,août,samedi,10:30,91,91111,0,0,2,6,2,1,1,3,1,02,1,2,000,000,1,0,1,4,1,46,5,1,2,00,2,4,14,201500009091A01,7,9,1
201500009111,2015-07-12,2015,juillet,dimanche,11:30,91,91534,48.761,2.173,1,3,3,1,1,3,2,02,1,1,000,100,1,5,1,4,1,39,5,1,2,00,2,7,15,201500009111A01,7,15,1
201500009115,2015-05-06,2015,mai,mercredi,12:45,91,91274,48.68,2.128,1,1,6,1,1,9,-1,00,-1,4,000,000,1,6,5,4,1,51,5,1,2,00,1,1,1,201500009115A01,,,
201500009115,2015-05-06,2015,mai,mercredi,12:45,91,91274,48.68,2.128,1,1,6,1,1,9,-1,00,-1,4,000,000,1,6,5,1,1,13,2,1,8,00,1,1,1,201500009115A01,,,
201500009120,2015-09-27,2015,septembre,dimanche,94:5,91,91272,0,0,2,1,3,1,1,4,2,02,1,1,000,000,1,5,1,3,1,46,5,1,2,00,2,1,15,201500009120B02,7,13,1
201500009146,2015-02-21,2015,février,samedi,51:5,95,95002,49.0728,1.9673,1,1,1,3,5,3,2,02,2,1,,,1,0,1,2,1,33,1,1,4,00,2,1,1,201500009146B02,7,1,1
201500009150,2015-05-28,2015,mai,jeudi,17:00,95,95002,49.0923,1.9848,1,1,7,1,1,3,2,02,1,1,,,1,0,1,2,1,62,5,1,2,16,0,1,1,201500009150A01,,,
201500009161,2015-12-19,2015,décembre,samedi,11:45,95,95205,49.0252,2.3869,2,1,2,1,1,3,2,02,1,1,,,1,0,1,3,1,67,5,1,2,00,2,4,2,201500009161B02,7,1,1
201500009194,2015-09-21,2015,septembre,lundi,18:45,77,77470,0,0,1,1,1,1,1,4,2,00,1,3,050,000,1,0,1,3,1,12,5,1,4,00,2,1,15,201500009194B02,7,1,1
201500009220,2015-04-19,2015,avril,dimanche,18:45,77,77277,48.73052,2.89573,1,1,5,1,1,3,2,01,-1,1,000,054,1,0,1,2,2,13,5,1,2,00,2,5,5,201500009220C03,7,1/2,2
201500009244,2015-05-14,2015,mai,jeudi,19:30,77,77178,48.2319,2.68456,2,2,1,1,1,3,2,02,2,1,000,000,1,0,1,4,1,10,5,1,9,00,2,1,19,201500009244A01,7,1,1
201500009293,2015-06-30,2015,juin,mardi,19:30,77,77273,0,0,1,1,1,1,7,3,2,00,1,1,000,000,1,0,1,3,1,57,5,1,2,00,2,8,1,201500009293B02,10,1,1
201500009301,2015-10-20,2015,octobre,mardi,18:00,77,77308,0,0,1,1,7,1,1,3,2,02,1,1,000,000,1,5,1,3,1,63,5,1,2,14,0,1,1,201500009301A01,,,
201500009327,2015-01-30,2015,janvier,vendredi,81:5,45,45248,48.04455,1.69802,2,1,1,2,8,3,2,02,1,1,000,060,1,0,1,4,2,14,2,1,4,00,2,1,1,201500009327B02,7,20,1
201500009398,2015-01-20,2015,janvier,mardi,71:5,45,45278,47.80064,2.83657,1,1,2,3,5,3,2,02,1,1,000,056,2,0,1,2,1,37,5,1,4,00,0,4,1,201500009398A01,17,2,1
201500009418,2015-07-02,2015,juillet,jeudi,20:45,45,45119,48.15512,2.25773,1,1,3,1,1,3,2,02,1,1,000,073,1,0,1,2,1,18,5,1,9,00,2,8,19,201500009418B02,7,1,1
201500009442,2015-10-09,2015,octobre,vendredi,16:00,18,18197,0,0,1,2,6,1,1,4,2,02,1,1,000,050,1,0,1,4,2,15,2,1,2,00,2,1,17,201500009442B02,7,15,1
201500009452,2015-04-15,2015,avril,mercredi,73:0,18,18028,0,0,2,6,3,2,7,3,2,02,3,1,000,065,1,5,1,3,1,79,5,1,2,00,2,8,15,201500009452B02,10,9,1
201500009469,2015-03-12,2015,mars,jeudi,13:45,28,28006,48.4519,1.41736,1,1,1,1,1,3,2,02,1,1,046,082,1,0,1,2,1,74,5,1,2,00,2,4,9,201500009469A01,7,1,1
201500009480,2015-09-04,2015,septembre,vendredi,18:30,28,28006,0,0,1,2,1,1,1,3,2,02,1,1,000,075,2,5,1,4,1,65,0,1,4,00,2,1,1,201500009480B02,7,19,1
201500009531,2015-04-26,2015,avril,dimanche,10:00,28,28088,48.06762,1.33502,2,1,3,1,8,3,2,02,2,1,000,060,1,0,1,4,1,50,5,1,2,00,0,1,1,201500009531B02,7,15,1
201500009542,2015-12-23,2015,décembre,mercredi,17:45,28,28205,0,0,1,1,2,1,1,3,2,02,1,1,000,046,1,0,1,3,1,46,5,1,9,00,0,4,0,201500009542B02,10,0,1
201500009606,2015-10-04,2015,octobre,dimanche,84:5,36,36182,46.518,1.46634,1,1,2,1,7,3,2,02,1,1,000,058,1,0,1,3,1,62,5,1,2,00,2,4,1,201500009606B02,7,2,1
201500009631,2015-12-13,2015,décembre,dimanche,11:30,36,36228,47.1735,1.55267,1,1,2,1,1,3,2,02,4,1,000,076,1,0,1,3,1,36,5,1,2,00,2,4,1,201500009631B02,7,1,1
201500009691,2015-02-27,2015,février,vendredi,10:45,37,37281,0,0,1,1,2,1,1,3,2,00,1,1,000,065,1,0,1,3,1,63,5,1,2,00,2,1,2,201500009691B02,7,1,1
201500009706,2015-04-21,2015,avril,mardi,14:30,37,37193,0,0,2,3,3,1,1,3,2,02,2,1,000,070,1,0,1,3,1,61,5,1,2,00,0,7,1,201500009706B02,7,15,1
201500009714,2015-09-15,2015,septembre,mardi,14:15,37,37074,0,0,1,1,1,1,8,3,2,02,1,1,000,170,1,0,1,2,1,54,0,1,2,00,2,6,2,201500009714B02,15,2,1
201500009721,2015-04-05,2015,avril,dimanche,10:45,37,37200,0,0,1,1,1,1,1,3,2,02,1,2,000,066,1,0,1,2,1,54,5,1,2,00,2,1,13,201500009721A01,7,1,1
201500009766,2015-08-03,2015,août,lundi,17:30,33,33097,45.09358,-1.05036,1,2,3,1,8,4,2,00,1,1,000,040,-1,0,1,2,1,48,5,1,2,00,2,8,1,201500009766B02,10,1,1
201500009774,2015-05-09,2015,mai,samedi,11:30,29,29297,47.89345,-3.54137,1,1,1,1,1,4,2,00,2,3,000,000,1,0,1,3,1,11,5,1,2,00,2,2,1,201500009774B02,10,1,1
201500009844,2015-03-06,2015,mars,vendredi,13:55,06,06004,0,0,2,2,3,1,7,4,2,02,4,1,000,070,1,0,1,3,1,61,5,1,9,00,2,1,1,201500009844B01,7,15,1
201500009847,2015-05-19,2015,mai,mardi,10:45,06,06155,43.56801,7.07167,2,1,6,1,1,3,2,00,2,1,000,000,1,0,1,4,1,55,0,1,2,00,1,1,3,201500009847A01,,,
201500009850,2015-03-19,2015,mars,jeudi,10:30,06,06004,0,0,2,6,3,1,1,4,2,02,2,1,000,000,1,0,1,4,1,76,0,1,2,00,2,1,16,201500009850B01,10,16,1
201500009857,2015-05-18,2015,mai,lundi,11:45,06,06004,43.34063,7.07034,2,3,3,1,1,4,2,02,1,1,000,084,1,0,1,3,1,69,5,1,2,00,2,8,1,201500009857B01,7,15,1
201500009862,2015-04-08,2015,avril,mercredi,91:5,06,06004,43.59687,7.1141,2,6,6,1,1,4,-1,02,1,-1,000,050,1,0,1,3,2,34,5,1,9,00,2,0,0,201500009862A01,7,0,1
201500009866,2015-06-23,2015,juin,mardi,15:00,06,06004,43.60314,7.07442,2,1,6,1,1,3,2,01,2,1,000,070,1,0,1,3,1,19,9,1,2,00,2,1,0,201500009866A01,7,0,1