Num_Acc,date,an,mois,jour,hrmn,dep,com,lat,long,agg,int,col,lum,atm,catr,circ,nbv,prof,plan,lartpc,larrout,surf,infra,situ,grav,sexe,age,trajet,secuexist,equipement,obs,obsm,choc,manv,vehiculeid,typevehicules,manoeuvehicules,numVehicules
201500009866,2015-06-23,2015,juin,mardi,15:00,06,06004,43.60314,7.07442,2,1,6,1,1,3,2,01,2,1,000,070,1,0,1,4,1,18,2,1,2,00,2,1,0,201500009866A01,7,0,1
201500009869,2015-06-29,2015,juin,lundi,12:00,06,06004,43.55192,7.1288,2,1,6,1,1,3,2,02,1,2,000,065,1,0,1,4,1,45,5,1,2,00,0,0,1,201500009869B01,7,17,1
201500009870,2015-06-26,2015,juin,vendredi,11:00,06,06004,43.57188,7.10717,2,1,3,1,1,3,-1,03,1,1,000,000,1,0,5,4,1,90,0,1,2,00,0,0,0,201500009870B01,7,1,1
201500009885,2015-07-30,2015,juillet,jeudi,70:0,06,06004,43.55896,7.13546,2,3,1,1,1,4,2,00,1,1,000,070,1,0,1,2,2,49,0,1,2,00,2,7,1,201500009885B01,7,10,1
201500009888,2015-08-08,2015,août,samedi,13:25,06,06004,43.60314,7.12276,2,1,3,1,1,2,2,02,1,1,000,000,1,0,1,3,2,34,0,1,2,00,2,0,2,201500009888B01,34,2,1
201500009903,2015-09-11,2015,septembre,vendredi,85:0,06,06004,43.55508,7.13339,2,1,6,1,1,4,2,02,2,1,000,066,1,0,1,3,1,68,5,1,2,00,2,9,1,201500009903A01,1,1,1
201500009903,2015-09-11,2015,septembre,vendredi,85:0,06,06004,43.55508,7.13339,2,1,6,1,1,4,2,02,2,1,000,066,1,0,1,3,2,51,5,1,2,00,2,9,1,201500009903B01,1,1,1
201500009989,2015-07-11,2015,juillet,samedi,19:35,06,06123,0,0,2,1,3,1,1,4,2,02,1,1,000,000,1,0,1,4,1,67,5,1,2,00,2,8,1,201500009989A01,32,17,1
201500009990,2015-02-22,2015,février,dimanche,10:45,06,06123,0,0,2,1,3,1,1,4,1,01,-1,3,000,000,1,0,1,4,1,65,5,1,2,00,2,1,19,201500009990A01,7,1,1
201500010025,2015-08-24,2015,août,lundi,93:0,06,06027,0,0,2,1,2,1,1,4,2,02,1,1,000,000,1,0,1,4,1,52,5,1,2,00,2,1,2,201500010025A01,7,23,1
201500010037,2015-09-19,2015,septembre,samedi,22:10,06,06027,0,0,2,1,3,5,1,4,1,02,-1,1,000,000,1,0,1,4,1,43,5,1,2,00,2,1,9,201500010037A01,7,1,1
201500010041,2015-09-28,2015,septembre,lundi,16:15,06,06027,0,0,2,1,6,1,1,4,1,01,1,1,000,000,1,0,4,1,1,12,5,1,2,00,1,1,1,201500010041A01,,,
201500010108,2015-03-27,2015,mars,vendredi,90:5,06,06029,0,0,1,1,3,1,1,4,2,02,1,-1,000,060,1,5,1,4,1,72,5,1,2,00,2,5,1,201500010108B01,7,9,1
201500010138,2015-05-21,2015,mai,jeudi,15:35,06,06029,0,0,2,1,6,1,1,4,1,04,1,1,000,100,1,0,1,3,1,67,0,1,9,00,2,1,1,201500010138B01,7,11,1
201500010144,2015-05-30,2015,mai,samedi,18:57,06,06029,0,0,2,1,6,1,1,4,1,02,1,1,000,080,1,0,1,4,1,25,0,1,9,00,0,1,0,201500010144A01,,,
201500010145,2015-06-01,2015,juin,lundi,12:45,06,06029,0,0,2,1,3,1,1,4,1,02,1,1,000,070,1,0,1,4,2,51,0,1,4,00,2,1,17,201500010145B01,7,20,1
201500010173,2015-07-11,2015,juillet,samedi,19:52,06,06029,0,0,2,1,7,1,1,4,2,02,1,1,000,050,1,0,1,4,1,44,5,1,4,00,2,1,1,201500010173B01,7,16,1
201500010178,2015-07-16,2015,juillet,jeudi,23:55,06,06029,0,0,2,1,3,5,1,4,2,02,1,1,000,080,1,0,1,4,1,64,5,1,4,00,2,1,9,201500010178A01,32,1,1
201500010189,2015-07-29,2015,juillet,mercredi,95:0,06,06029,0,0,2,1,6,1,1,4,2,08,1,-1,000,080,1,0,1,3,1,50,0,1,2,00,2,1,0,201500010189B01,7,0,1
201500010217,2015-09-20,2015,septembre,dimanche,83:5,06,06029,0,0,2,1,3,1,1,4,1,02,1,-1,020,060,1,5,1,3,1,79,5,1,4,00,2,0,0,201500010217B01,7,9,1
201500010218,2015-09-22,2015,septembre,mardi,10:55,06,06029,0,0,2,1,6,1,1,4,2,02,1,1,000,080,1,0,1,4,1,41,0,1,2,00,0,0,1,201500010218B01,7,0,1
201500010275,2015-04-08,2015,avril,mercredi,12:09,06,06069,43.64851,6.92954,1,1,7,1,1,4,-1,00,-1,-1,000,000,-1,0,0,4,1,15,0,1,2,00,0,0,0,201500010275A01,,,
201500010369,2015-07-29,2015,juillet,mercredi,83:0,06,06069,43.64914,6.91745,2,1,7,1,1,3,2,02,1,1,000,000,1,0,1,4,1,58,9,1,2,00,0,0,0,201500010369A01,,,
201500010475,2015-12-30,2015,décembre,mercredi,80:5,06,06083,43.7856,7.5077,2,1,6,2,1,4,2,02,2,1,000,050,1,0,1,1,1,52,1,1,9,00,1,1,21,201500010475A01,,,
201500010521,2015-01-03,2015,janvier,samedi,11:45,06,06104,43.76212,7.48472,2,3,6,1,1,3,2,02,1,1,036,072,1,0,1,1,1,52,5,1,2,00,1,1,0,201500010521A01,,,
201500010532,2015-03-07,2015,mars,samedi,10:50,06,06104,0,0,2,1,7,1,1,3,2,02,1,1,000,000,1,0,1,3,1,65,5,1,2,00,5,0,1,201500010532B01,,,
201500010577,2015-01-10,2015,janvier,samedi,12:15,06,06088,43.7287,7.23759,2,1,2,1,1,4,2,02,1,1,000,050,1,0,1,3,1,44,5,1,2,00,2,1,1,201500010577B01,7,4,1
201500010605,2015-03-29,2015,mars,dimanche,13:00,06,06159,0,0,2,1,3,1,1,4,3,03,1,1,000,000,1,0,1,4,1,57,5,1,2,00,2,0,0,201500010605B01,7,1,1
201500010629,2015-04-04,2015,avril,samedi,13:15,06,06088,43.71309,7.26175,2,2,3,1,1,4,-1,01,1,1,000,000,1,0,1,4,1,30,0,1,9,00,2,1,19,201500010629B01,7,19,1
201500010636,2015-02-01,2015,février,dimanche,11:55,06,06088,0,0,2,2,3,1,1,4,2,01,2,-1,000,060,1,0,1,3,1,56,5,1,2,00,2,1,1,201500010636A01,7,1,1
201500010647,2015-02-04,2015,février,mercredi,19:15,06,06088,0,0,2,2,3,5,3,4,2,02,1,1,000,060,2,0,5,4,1,23,1,1,9,00,2,1,1,201500010647B01,7,15,1
201500010728,2015-05-05,2015,mai,mardi,17:10,06,06088,0,0,2,1,7,1,1,4,2,02,2,1,000,063,-1,0,4,4,1,24,1,1,4,00,0,0,21,201500010728A01,2,0,1
201500010733,2015-02-24,2015,février,mardi,18:20,06,06088,0,0,2,2,3,3,1,4,1,02,1,1,000,080,1,0,1,4,1,38,0,1,9,00,2,1,16,201500010733B01,7,15,1
201500010737,2015-02-25,2015,février,mercredi,11:00,06,06088,0,0,2,1,3,1,1,4,1,04,1,1,010,125,1,0,1,4,1,39,5,1,9,00,2,1,19,201500010737B01,7,1,1
201500010742,2015-05-09,2015,mai,samedi,10:50,06,06088,0,0,2,8,6,1,1,4,1,02,1,1,020,020,1,0,1,1,1,64,5,1,2,00,1,7,19,201500010742A01,,,
201500010742,2015-05-09,2015,mai,samedi,10:50,06,06088,0,0,2,8,6,1,1,4,1,02,1,1,020,020,1,0,1,3,1,78,0,1,8,00,1,7,19,201500010742A01,,,
201500010761,2015-03-05,2015,mars,jeudi,17:10,06,06088,0,0,2,1,3,1,1,4,2,02,1,1,000,072,1,0,5,4,2,33,1,1,4,00,2,1,19,201500010761B01,7,15,1
201500010889,2015-06-26,2015,juin,vendredi,91:0,06,06088,0,0,2,1,2,1,1,4,1,01,-1,-1,000,000,-1,0,0,4,2,63,0,1,2,00,2,1,0,201500010889B01,7,4,1
201500010921,2015-07-10,2015,juillet,vendredi,14:0,06,06088,43.68652,7.23793,2,1,3,5,1,4,1,03,1,1,000,000,1,0,1,3,1,34,5,1,9,00,2,8,19,201500010921B01,7,1,1
201500010951,2015-07-25,2015,juillet,samedi,15:00,06,06088,43.70093,7.27107,2,2,3,1,1,4,-1,00,1,1,000,000,1,0,0,4,1,33,0,1,2,00,2,0,1,201500010951A01,33,1,1
201500011034,2015-09-07,2015,septembre,lundi,11:30,06,06088,43.71085,7.19457,2,6,3,1,1,4,1,02,2,1,020,062,1,0,1,3,1,50,0,1,9,14,2,1,21,201500011034A01,7,23,1
201500011069,2015-09-26,2015,septembre,samedi,15:30,06,06088,0,0,2,9,3,1,1,4,2,03,1,1,000,000,1,0,1,4,1,33,1,1,2,00,2,1,1,201500011069B01,7,16,1
201500011073,2015-09-28,2015,septembre,lundi,21:40,06,06088,43.66542,7.21044,2,1,3,5,1,4,1,01,1,-1,000,000,1,0,5,3,2,24,1,1,2,15,2,4,19,201500011073B01,7,1,1
201500011077,2015-10-01,2015,octobre,jeudi,10:15,06,06088,43.70898,7.26282,2,1,6,1,1,4,2,02,2,1,000,070,1,4,1,1,1,43,5,1,2,00,1,1,1,201500011077A01,,,
201500011077,2015-10-01,2015,octobre,jeudi,10:15,06,06088,43.70898,7.26282,2,1,6,1,1,4,2,02,2,1,000,070,1,4,1,4,1,66,5,1,8,00,1,1,1,201500011077A01,,,
201500011106,2015-10-22,2015,octobre,jeudi,19:30,06,06088,0,0,2,1,3,5,1,2,3,03,1,1,000,900,1,6,1,3,1,23,0,1,2,00,2,7,1,201500011106B01,32,1,1
201500011114,2015-10-30,2015,octobre,vendredi,82:5,06,06088,0,0,2,1,3,1,1,4,1,02,2,1,000,000,1,0,1,3,1,37,5,1,9,00,2,0,1,201500011114B01,7,0,1
201500011122,2015-11-01,2015,novembre,dimanche,13:30,06,06088,0,0,2,1,6,1,1,4,2,04,1,1,000,000,1,0,1,1,1,43,5,1,2,00,1,1,1,201500011122A01,,,
201500011157,2015-11-20,2015,novembre,vendredi,15:25,06,06088,0,0,2,7,3,1,1,4,2,04,1,1,000,000,1,5,1,4,2,36,5,1,9,00,2,0,0,201500011157A01,32,1,1
201500011167,2015-11-27,2015,novembre,vendredi,15:20,06,06088,43.70227,7.26252,2,2,3,1,1,4,2,02,1,1,000,080,1,0,1,4,1,59,1,1,9,00,2,1,1,201500011167B01,7,15,1
201500011173,2015-11-30,2015,novembre,lundi,19:10,06,06088,43.69331,7.23055,2,1,3,5,1,4,2,02,2,1,000,082,1,0,1,4,1,52,1,1,2,00,2,1,1,201500011173B01,7,20,1
201500011185,2015-12-06,2015,décembre,dimanche,13:50,06,06088,0,0,2,1,3,1,1,4,2,02,1,1,000,000,1,0,1,4,1,16,5,1,9,00,2,1,19,201500011185A01,7,1,1
201500011193,2015-12-09,2015,décembre,mercredi,11:50,06,06088,0,0,2,3,1,1,1,4,2,04,1,1,000,100,1,0,1,1,1,57,1,1,2,00,2,1,1,201500011193A01,1,1,1
201500011193,2015-12-09,2015,décembre,mercredi,11:50,06,06088,0,0,2,3,1,1,1,4,2,04,1,1,000,100,1,0,1,4,1,27,5,1,2,00,2,1,1,201500011193B01,1,1,1
201500011194,2015-12-09,2015,décembre,mercredi,21:16,06,06088,0,0,2,1,5,5,1,4,3,00,1,1,000,000,1,0,1,3,1,42,1,1,9,00,2,1,0,201500011194C01,7,18/1,2
201500011216,2015-12-21,2015,décembre,lundi,14:30,06,06088,0,0,2,1,3,1,1,4,1,01,1,1,000,040,1,0,1,3,1,40,5,1,2,01,0,1,0,201500011216B01,7,24,1
201500011240,2015-08-12,2015,août,mercredi,11:00,15,15209,44.77,3.028,1,1,1,1,1,3,2,00,1,3,000,065,1,0,1,3,1,64,5,1,2,00,9,1,2,201500011240A01,1,2,1
201500011240,2015-08-12,2015,août,mercredi,11:00,15,15209,44.77,3.028,1,1,1,1,1,3,2,00,1,3,000,065,1,0,1,1,1,64,5,1,2,00,0,4,2,201500011240B02,1,2,1
201500011278,2015-02-09,2015,février,lundi,16:20,07,07019,0,0,1,1,3,1,7,3,2,02,2,1,000,060,1,0,1,3,1,63,5,1,9,00,0,1,1,201500011278B01,7,15,1
201500011290,2015-07-14,2015,juillet,mardi,19:45,07,07281,0,0,2,4,3,1,1,4,2,02,4,3,000,040,1,0,1,3,1,18,0,1,9,00,2,1,21,201500011290B01,7,15,1
201500011293,2015-09-27,2015,septembre,dimanche,95:7,07,07281,44.9334,4.81961,1,1,7,1,1,3,2,02,2,3,000,000,1,0,0,3,1,41,5,1,2,00,0,0,0,201500011293A01,,,
201500011300,2015-12-15,2015,décembre,mardi,95:5,07,07281,44.941,4.86264,2,1,1,1,1,3,2,01,1,1,000,112,1,0,0,3,1,64,5,1,2,00,2,0,1,201500011300B01,7,0,1
201500011327,2015-11-07,2015,novembre,samedi,15:50,07,07186,44.7274,4.59744,2,1,6,1,1,4,2,02,-1,-1,000,035,-1,0,1,4,2,14,5,1,2,00,2,1,2,201500011327A01,1,2,1
201500011327,2015-11-07,2015,novembre,samedi,15:50,07,07186,44.7274,4.59744,2,1,6,1,1,4,2,02,-1,-1,000,035,-1,0,1,1,2,16,5,1,2,00,0,4,2,201500011327B01,1,2,1
201500011409,2015-05-28,2015,mai,jeudi,19:00,37,37243,0,0,2,7,6,1,9,3,2,01,2,1,000,000,1,0,1,3,1,50,5,1,1,00,0,0,0,201500011409B02,30,0,1
201500011425,2015-06-20,2015,juin,samedi,10:00,60,60432,49.10949,2.6004,2,1,2,1,1,3,2,02,1,1,000,070,1,0,1,3,1,52,5,1,2,00,2,1,1,201500011425B02,7,20,1
201500011439,2015-01-27,2015,janvier,mardi,63:0,77,77340,48.28633,2.78742,2,1,7,5,9,3,-1,00,1,-1,000,000,7,0,1,3,1,59,1,1,2,00,0,0,0,201500011439A01,,,
201500011615,2015-06-23,2015,juin,mardi,84:5,17,17051,46.18475,-1.39203,2,3,3,1,1,4,2,01,1,1,000,055,1,0,1,4,2,87,5,1,2,00,2,5,1,201500011615B02,37,16,1
201500011616,2015-07-31,2015,juillet,vendredi,17:15,17,17051,46.16525,-1.35465,1,1,5,1,1,3,2,02,1,1,000,070,1,0,1,1,1,40,5,1,2,00,9,0,2,201500011616C03,37/ 7,1/13,2
201500011617,2015-08-06,2015,août,jeudi,18:30,17,17121,46.19607,-1.43168,1,6,3,1,1,3,1,01,1,2,000,086,1,0,1,3,2,44,5,1,2,00,2,0,2,201500011617B02,14,16,1
201500011618,2015-12-09,2015,décembre,mercredi,11:00,17,17121,46.19375,-1.42844,2,1,6,1,1,4,2,01,1,1,000,000,1,0,1,3,2,82,3,1,2,00,2,0,18,201500011618B02,14,16,1
201500011682,2015-01-14,2015,janvier,mercredi,10:30,37,37156,0,0,1,1,3,1,3,4,2,02,1,1,000,061,2,0,1,3,1,80,5,1,4,00,2,8,19,201500011682B02,10,21,1
201500011717,2015-05-08,2015,mai,vendredi,11:00,13,13114,0,0,1,1,3,1,1,3,2,01,1,1,000,000,1,5,1,3,1,56,4,1,2,00,2,8,15,201500011717B02,7,17,1
201500011718,2015-05-24,2015,mai,dimanche,17:45,13,13032,0,0,1,1,1,1,1,3,2,02,1,1,010,070,1,0,1,3,1,85,5,1,2,00,0,8,13,201500011718B02,7,17,1
201500011719,2015-06-05,2015,juin,vendredi,18:30,13,13114,0,0,2,1,3,1,1,3,2,02,2,1,000,000,1,0,1,4,1,55,5,1,2,00,2,1,1,201500011719B02,10,15,1
201500011720,2015-06-30,2015,juin,mardi,15:45,13,13032,0,0,1,1,1,1,1,3,2,02,-1,1,000,125,1,0,1,4,1,47,5,1,2,00,2,3,9,201500011720B02,10,1,1
201500011754,2015-03-12,2015,mars,jeudi,15:50,08,08346,49.75,4.69262,2,9,4,1,1,3,-1,03,1,1,000,000,1,0,1,4,1,51,1,1,9,00,0,0,0,201500011754B01,7,2,2
201500011766,2015-08-19,2015,août,mercredi,12:55,08,08105,49.78249,4.72366,2,1,6,1,1,4,4,02,4,-1,000,000,1,2,1,4,1,70,5,1,9,00,2,1,1,201500011766A01,7,0,1
201500011800,2015-06-02,2015,juin,mardi,14:45,69,69009,0,0,2,1,3,1,1,3,2,02,1,1,019,074,1,0,1,3,1,69,5,1,2,00,2,3,1,201500011800B02,38,6,1
201500011810,2015-11-15,2015,novembre,dimanche,19:30,29,29190,48.33705,-4.75181,1,1,6,3,1,3,2,02,1,1,000,000,1,0,5,3,1,42,5,1,2,00,0,4,1,201500011810A01,,,
201500011857,2015-06-02,2015,juin,mardi,84:5,31,31446,43.526,1.459,1,1,2,1,1,3,2,02,2,3,000,060,1,0,1,3,1,41,1,1,1,00,2,1,1,201500011857B02,7,15,1
201500011861,2015-01-16,2015,janvier,vendredi,70:0,26,26004,44.9866,5.0447,1,2,1,3,1,4,2,01,2,1,000,040,1,0,1,3,1,19,1,1,4,00,2,1,19,201500011861A01,7,1,1
201500011864,2015-02-11,2015,février,mercredi,15:00,26,26271,0,0,1,1,1,1,1,2,2,00,1,1,000,069,1,0,3,3,1,48,5,1,2,00,2,0,2,201500011864B02,17,2,1
201500011868,2015-04-01,2015,avril,mercredi,16:30,26,26347,0,0,2,3,3,1,1,2,2,00,1,1,019,086,1,0,1,3,1,69,5,1,2,00,0,1,0,201500011868B02,7,0,1
201500011877,2015-06-02,2015,juin,mardi,84:5,26,26004,0,0,1,1,2,1,1,3,2,00,1,1,000,070,1,0,1,3,2,70,5,1,4,00,2,8,15,201500011877B02,7,17,1
201500011885,2015-07-06,2015,juillet,lundi,10:00,26,26071,0,0,1,1,1,1,1,3,2,02,1,1,000,034,1,0,3,3,1,82,5,1,2,01,0,1,1,201500011885A01,7,23,1
201500011947,2015-08-23,2015,août,dimanche,11:15,38,38486,45.14733,5.6777,2,2,1,1,1,3,2,00,2,1,000,000,1,0,1,3,1,42,5,1,2,00,2,1,17,201500011947B02,7,15,1
201500011950,2015-10-06,2015,octobre,mardi,83:0,38,38485,45.16824,5.6787,2,4,2,1,8,3,2,01,4,1,000,000,2,0,1,3,1,34,1,1,2,00,2,4,2,201500011950B02,7,2,1
201500011953,2015-06-28,2015,juin,dimanche,14:00,38,38285,0,0,1,1,1,1,1,3,2,00,2,3,000,065,1,0,1,3,1,41,0,1,2,00,2,3,13,201500011953A01,7,1,1
201500011954,2015-07-18,2015,juillet,samedi,13:00,38,38375,44.9529,6.18322,1,1,6,1,1,3,2,02,2,2,000,051,1,0,3,2,1,64,5,1,2,10,0,5,1,201500011954A01,,,
201500012001,2015-07-10,2015,juillet,vendredi,13:45,09,09055,42.85605,1.09203,1,1,7,1,1,3,2,02,2,3,000,510,1,0,3,3,1,78,5,1,2,06,0,1,1,201500012001A01,,,
201500012002,2015-08-20,2015,août,jeudi,14:00,09,09219,42.93586,0.94237,2,3,6,1,1,3,2,02,2,1,000,006,1,0,1,3,1,29,5,1,2,00,0,1,1,201500012002B02,7,15,1
201500012055,2015-07-09,2015,juillet,jeudi,10:45,53,53177,48.32766,-1.04526,1,1,3,1,1,3,2,00,-1,3,000,066,1,0,1,3,1,33,5,1,2,00,2,1,13,201500012055A01,15,1,1
201500012066,2015-05-29,2015,mai,vendredi,91:5,17,17140,45.91007,-1.26453,2,1,3,1,1,3,2,02,1,3,000,070,1,5,1,3,2,62,5,1,2,12,2,1,18,201500012066B02,17,16,1
201500012074,2015-12-22,2015,décembre,mardi,14:30,42,42003,0,0,1,1,2,1,1,3,2,00,2,1,000,060,1,0,1,2,1,60,5,1,1,00,2,4,2,201500012074B02,15,2,1
201500012083,2015-07-02,2015,juillet,jeudi,11:30,13,13030,0,0,1,1,2,1,1,3,2,02,2,2,000,000,1,0,3,2,1,44,5,1,2,00,0,4,1,201500012083B02,7,14,1
201500012132,2015-01-18,2015,janvier,dimanche,13:45,74,74081,0,0,2,1,2,1,1,3,2,02,1,1,000,060,1,0,1,4,1,44,5,1,2,00,2,8,1,201500012132B02,7,2,1
201500012139,2015-05-27,2015,mai,mercredi,17:30,74,74264,0,0,2,1,3,1,1,4,2,02,-1,1,000,000,1,0,1,3,2,13,5,1,2,00,2,1,5,201500012139B02,7,1,1
201500012155,2015-10-20,2015,octobre,mardi,21:15,59,59485,0,0,2,1,3,5,1,3,2,00,-1,1,000,059,1,0,1,3,1,48,1,1,4,00,2,6,15,201500012155B02,10,17,1
201500012182,2015-05-23,2015,mai,samedi,12:15,38,38253,0,0,1,1,1,1,1,3,2,00,2,1,000,000,1,0,1,3,2,53,5,1,9,00,2,8,1,201500012182B02,7,14,1
201500012183,2015-07-17,2015,juillet,vendredi,17:15,38,38253,0,0,2,1,1,1,1,3,2,00,1,3,000,000,1,0,1,3,1,45,5,1,8,00,2,3,18,201500012183B02,37,16,1
201500012269,2015-08-05,2015,août,mercredi,84:5,2A,2A348,42.15149,8.75506,1,1,2,1,1,3,2,02,2,1,000,060,1,0,1,3,1,63,5,1,2,00,2,0,2,201500012269B02,14,2,1
201500012278,2015-05-27,2015,mai,mercredi,19:45,38,38126,45.2332,5.7511,1,3,1,1,1,3,2,02,3,1,000,060,1,0,1,3,1,28,5,1,2,00,2,1,1,201500012278B02,10,15,1
201500012280,2015-07-10,2015,juillet,vendredi,13:15,38,38249,45.22992,5.82352,1,1,1,1,1,3,2,02,-1,1,000,000,1,0,1,3,2,63,5,1,2,00,0,4,0,201500012280B02,7,0,1
201500012285,2015-10-14,2015,octobre,mercredi,73:0,38,38249,0,0,1,1,1,1,1,3,2,02,1,1,000,000,1,5,1,3,1,42,1,1,2,00,2,8,1,201500012285B02,7,15,1
201500012335,2015-06-10,2015,juin,mercredi,13:00,2A,2A139,41.63825,9.33585,1,6,3,1,1,3,-1,01,-1,2,084,000,1,0,1,3,2,40,5,1,2,00,2,1,5,201500012335B02,7,1,1
201500012362,2015-09-27,2015,septembre,dimanche,22:15,42,42256,45.49227,4.15954,1,1,3,3,1,3,2,02,1,1,000,103,1,0,1,4,1,36,5,1,2,00,2,1,13,201500012362A01,7,21,1
201500012372,2015-06-07,2015,juin,dimanche,11:30,91,91649,48.55,2.356,1,1,5,1,1,3,2,02,-1,2,000,060,1,0,1,4,1,83,5,1,2,00,2,8,1,201500012372B02,7,17,1
201500012372,2015-06-07,2015,juin,dimanche,11:30,91,91649,48.55,2.356,1,1,5,1,1,3,2,02,-1,2,000,060,1,0,1,4,1,75,5,1,2,00,2,8,1,201500012372C03,7,17,1
201500012387,2015-01-04,2015,janvier,dimanche,84:5,06,06152,0,0,1,1,7,1,8,9,2,02,2,2,000,069,2,0,1,3,1,53,5,1,2,00,0,0,1,201500012387A01,,,
201500012401,2015-08-20,2015,août,jeudi,12:30,06,06152,0,0,1,1,1,1,1,3,2,02,2,1,000,070,1,0,1,3,1,54,5,1,2,00,2,1,1,201500012401B02,7,1,1
201500012405,2015-10-23,2015,octobre,vendredi,15:00,06,06018,0,0,2,1,3,1,7,3,2,02,2,3,000,063,1,0,1,3,1,43,5,1,2,00,2,1,1,201500012405B02,7,9,1
201500012412,2015-03-19,2015,mars,jeudi,10:45,69,69244,45.753,4.805,2,1,2,1,1,5,1,00,1,2,000,035,1,0,1,2,1,88,5,1,2,00,2,8,15,201500012412B02,10,4,1
201500012420,2015-11-30,2015,novembre,lundi,64:5,69,69244,0,0,2,1,1,5,1,3,2,02,1,1,000,000,1,0,1,3,1,33,1,1,2,00,2,8,1,201500012420B02,7,15,1
201500012427,2015-07-12,2015,juillet,dimanche,80:0,38,38448,0,0,2,1,1,1,1,3,2,01,1,1,000,030,1,0,1,3,1,40,5,1,2,00,2,1,19,201500012427A01,7,1,1
201500012431,2015-07-21,2015,juillet,mardi,19:30,74,74299,0,0,2,1,2,1,1,3,2,02,1,1,000,000,1,0,1,3,2,67,5,1,2,00,2,1,2,201500012431B02,10,1,1
201500012439,2015-10-20,2015,octobre,mardi,17:30,34,34153,43.7329,3.82144,1,1,2,2,1,3,2,02,1,1,063,000,1,0,1,3,2,33,0,1,2,00,0,4,1,201500012439B02,7,1,1
201500012457,2015-06-01,2015,juin,lundi,16:30,78,78152,0,0,2,1,1,1,1,4,2,02,2,-1,000,025,1,0,1,3,1,14,9,1,1,00,2,1,5,201500012457B02,7,1,1
201500012460,2015-09-05,2015,septembre,samedi,12:30,78,78233,0,0,1,1,1,1,1,3,-1,02,2,1,000,084,1,0,5,3,2,63,5,1,2,00,0,9,21,201500012460B02,7,9,1
201500012471,2015-09-17,2015,septembre,jeudi,16:30,95,95678,49.0613,2.2187,1,1,7,1,2,3,2,02,2,1,,,2,0,1,3,1,63,5,1,2,16,0,9,1,201500012471A01,,,
201500012541,2015-07-29,2015,juillet,mercredi,15:45,13,13051,0,0,1,6,3,1,1,3,4,00,1,2,000,070,1,5,1,4,1,50,5,1,2,00,0,7,1,201500012541B02,7,9,1
201500012542,2015-08-02,2015,août,dimanche,10:00,13,13008,0,0,2,1,1,1,7,3,2,00,2,3,000,050,-1,5,1,3,1,41,5,1,2,00,0,1,1,201500012542B02,7,15,1
201500012595,2015-10-12,2015,octobre,lundi,72:5,10,10343,48.1619,4.52823,2,6,3,1,1,4,1,02,1,-1,,070,1,0,1,3,1,49,0,1,2,00,2,0,0,201500012595B01,7,0,1
201500012601,2015-07-17,2015,juillet,vendredi,80:7,10,10387,48.289,4.09,2,6,3,1,1,4,4,02,1,1,,,1,5,1,4,1,36,0,1,2,00,2,7,0,201500012601B01,7,1,1
201500012604,2015-08-27,2015,août,jeudi,22:02,10,10387,48.3036,4.06069,2,1,1,3,8,4,2,02,2,1,,,2,2,1,3,2,19,5,1,2,00,2,1,1,201500012604B01,7,13,1
201500012610,2015-09-19,2015,septembre,samedi,18:21,10,10387,48.27369,4.08416,2,3,2,1,1,4,2,02,1,1,,,1,0,1,4,1,16,2,1,9,00,2,4,13,201500012610B01,2,1,1
201500012615,2015-11-10,2015,novembre,mardi,17:27,10,10297,48.31786,4.09285,2,3,3,2,1,4,2,02,2,1,,060,1,0,1,2,2,79,5,1,2,00,2,8,16,201500012615B01,37,15,1
201500012636,2015-03-24,2015,mars,mardi,92:7,10,10387,48.29503,4.06737,2,6,3,1,2,4,1,02,1,2,,,2,0,1,3,2,52,0,1,2,00,0,4,13,201500012636B01,7,13,1
201500012645,2015-02-02,2015,février,lundi,12:00,67,67343,0,0,1,1,1,1,8,4,2,02,1,1,000,063,1,0,1,3,2,61,1,1,1,00,2,1,1,201500012645B02,7,15,1
201500012646,2015-07-06,2015,juillet,lundi,80:0,67,67471,0,0,2,1,1,1,1,3,2,00,1,1,000,065,1,0,1,4,1,31,1,1,1,01,0,1,1,201500012646A01,7,0,1
201500012648,2015-08-29,2015,août,samedi,11:5,67,67471,0,0,2,9,1,5,1,3,2,00,-1,1,000,095,1,2,1,3,1,19,5,1,2,00,2,8,9,201500012648B02,7,1,1
201500012656,2015-06-04,2015,juin,jeudi,10:15,06,06148,0,0,1,3,3,1,1,3,1,02,-1,1,000,060,1,0,1,3,1,70,5,1,2,00,2,1,1,201500012656B02,7,15,1
201500012680,2015-08-14,2015,août,vendredi,11:00,13,13080,43.66356,5.43852,2,1,1,1,1,4,1,00,1,1,000,000,1,0,1,3,1,66,3,1,1,00,2,2,1,201500012680B02,7,19,1
201500012699,2015-06-27,2015,juin,samedi,23:30,35,35352,48.06768,-1.62131,2,1,6,4,1,3,3,02,1,1,035,081,1,0,1,2,2,21,5,1,2,00,0,0,0,201500012699A01,7,11,1
201500012700,2015-09-05,2015,septembre,samedi,93:0,35,35352,48.04492,-1.6047,2,6,1,1,1,9,1,01,1,2,000,093,1,5,1,3,1,52,5,1,2,00,0,8,2,201500012700B02,7,9,1
201500012707,2015-02-01,2015,février,dimanche,62:9,11,11069,43.21525,2.37439,2,1,2,3,1,4,1,01,1,1,000,060,1,0,1,4,2,54,5,1,2,00,2,4,1,201500012707A01,99,0,1