Num_Acc,date,an,mois,jour,hrmn,dep,com,lat,long,agg,int,col,lum,atm,catr,circ,nbv,prof,plan,lartpc,larrout,surf,infra,situ,grav,sexe,age,trajet,secuexist,equipement,obs,obsm,choc,manv,vehiculeid,typevehicules,manoeuvehicules,numVehicules
201500012730,2015-06-24,2015,juin,mercredi,73:6,11,11069,43.22231,2.39143,1,6,3,1,1,4,2,01,1,2,050,050,1,5,1,4,1,18,2,1,2,00,2,7,1,201500012730B01,7,6,1
201500012739,2015-06-17,2015,juin,mercredi,21:30,11,11069,43.2094,2.38286,1,1,3,2,1,4,2,02,1,1,000,060,1,0,1,4,1,21,5,1,2,00,2,8,2,201500012739B01,7,2,1
201500012747,2015-07-21,2015,juillet,mardi,13:48,11,11069,43.22188,2.35906,2,1,6,1,1,4,-1,02,1,1,000,000,1,0,1,4,1,27,5,1,2,01,0,0,0,201500012747A01,,,
201500012765,2015-10-06,2015,octobre,mardi,16:45,11,11069,43.22577,2.34881,2,1,3,1,1,4,2,02,1,1,000,071,1,0,1,4,1,12,2,1,2,00,2,1,2,201500012765B01,7,2,1
201500012792,2015-05-12,2015,mai,mardi,44:5,77,77295,0,0,1,1,2,3,1,1,3,03,1,1,030,135,1,0,2,2,1,31,9,1,2,00,0,4,1,201500012792B02,17,1,1
201500012820,2015-06-11,2015,juin,jeudi,13:55,11,11262,43.1875,3.00756,2,1,6,1,1,4,1,01,1,1,000,000,1,6,4,1,1,12,5,1,9,00,1,3,13,201500012820A01,,,
201500012826,2015-07-09,2015,juillet,jeudi,65:5,11,11262,43.18668,3.01257,2,1,6,1,1,4,2,02,-1,-1,000,000,-1,0,1,3,1,59,0,1,2,00,2,0,0,201500012826B01,14,1,1
201500012830,2015-07-19,2015,juillet,dimanche,15:00,11,11262,43.20097,3.01777,1,1,1,1,1,3,2,03,3,3,000,000,1,3,1,4,1,44,5,1,9,00,2,4,1,201500012830B01,7,1,1
201500012850,2015-09-27,2015,septembre,dimanche,10:45,11,11262,43.1919,3.02819,2,6,6,1,1,4,2,00,1,1,000,000,1,0,1,4,1,57,5,1,2,00,2,0,15,201500012850B01,7,9,1
201500012866,2015-11-03,2015,novembre,mardi,16:20,11,11262,43.20059,3.01244,2,6,1,1,1,3,1,02,1,2,000,000,1,0,1,3,1,39,0,1,9,00,2,0,12,201500012866B01,7,1,1
201500012869,2015-11-18,2015,novembre,mercredi,13:10,11,11262,43.19085,3.01717,2,3,1,1,1,4,3,02,1,1,000,000,1,0,1,4,1,17,0,1,9,00,2,8,19,201500012869B01,7,1,1
201500012873,2015-12-11,2015,décembre,vendredi,21:00,11,11262,43.17357,2.99201,2,1,2,5,1,3,2,02,1,1,000,000,1,0,1,3,1,56,0,1,2,00,2,5,1,201500012873B01,7,2,1
201500012898,2015-07-08,2015,juillet,mercredi,19:30,30,30169,43.75738,4.34029,1,1,2,1,1,3,2,02,1,3,000,062,1,0,3,3,1,51,5,1,2,00,2,4,1,201500012898B02,7,2,1
201500012919,2015-06-07,2015,juin,dimanche,90:0,14,14536,49.4258,0.27478,1,1,6,1,1,2,3,04,4,1,015,070,1,0,5,4,1,45,5,1,2,14,0,1,1,201500012919A01,,,
201500012922,2015-10-25,2015,octobre,dimanche,15:45,76,76489,49.47825,0.26673,1,1,2,1,1,5,3,04,1,1,020,072,1,0,1,2,1,47,5,1,2,00,2,1,2,201500012922B02,17,2,1
201500012967,2015-02-23,2015,février,lundi,14:55,12,12145,44.1018,3.08575,2,6,3,1,1,3,2,02,1,1,000,193,2,5,1,2,2,39,9,1,9,12,0,1,2,201500012967B01,14,2,1
201500012975,2015-11-30,2015,novembre,lundi,15:55,12,12145,44.0888,3.06029,2,4,1,1,1,3,-1,02,1,2,000,000,1,5,0,3,2,26,5,1,9,00,2,1,1,201500012975B01,7,15,1
201500012983,2015-03-05,2015,mars,jeudi,16:45,12,12176,44.4058,2.55757,1,2,3,1,1,3,2,01,1,1,000,080,1,5,1,3,1,74,5,1,2,00,2,3,9,201500012983A01,7,15,1
201500012986,2015-05-20,2015,mai,mercredi,90:0,12,12202,44.3517,2.5562,1,1,6,1,8,3,2,02,2,-1,000,127,-1,0,1,3,1,25,4,1,9,00,2,1,0,201500012986B01,7,15,1
201500013057,2015-06-24,2015,juin,mercredi,12:00,13,13001,0,0,1,1,2,1,1,3,3,02,1,1,000,000,1,0,1,2,1,71,3,1,2,00,0,0,13,201500013057B01,7,2,1
201500013072,2015-07-31,2015,juillet,vendredi,17:30,13,13001,0,0,1,1,3,1,1,3,2,02,2,2,000,150,1,0,1,1,1,37,0,1,2,00,2,0,0,201500013072B01,7,11,1
201500013108,2015-11-05,2015,novembre,jeudi,94:5,13,13001,43.52733,5.45544,2,1,6,1,1,4,1,03,2,1,000,000,1,0,1,3,1,17,0,1,2,01,1,1,2,201500013108A01,7,0,1
201500013114,2015-11-26,2015,novembre,jeudi,19:30,13,13001,43.51421,5.43895,2,6,2,5,1,4,3,02,1,1,000,000,1,0,1,3,1,18,0,1,9,00,0,0,0,201500013114A01,7,0,1
201500013118,2015-12-29,2015,décembre,mardi,16:30,13,13001,43.53205,5.42083,2,2,3,1,1,3,2,02,1,1,000,000,1,0,1,3,2,18,9,1,9,00,2,1,0,201500013118A01,7,0,1
201500013164,2015-08-10,2015,août,lundi,11:10,13,13004,0,0,2,1,6,1,1,4,2,02,1,1,000,000,1,0,4,1,1,34,5,1,9,00,0,6,1,201500013164B01,7,14,1
201500013164,2015-08-10,2015,août,lundi,11:10,13,13004,0,0,2,1,6,1,1,4,2,02,1,1,000,000,1,0,4,3,1,87,5,1,9,00,0,6,1,201500013164B01,7,14,1
201500013170,2015-10-12,2015,octobre,lundi,93:0,13,13004,43.6614,4.64107,2,2,3,1,8,4,2,02,1,1,000,058,1,0,1,3,1,76,0,1,9,00,2,3,0,201500013170B01,7,1,1
201500013188,2015-04-05,2015,avril,dimanche,10:40,13,13070,43.35714,5.36707,2,9,3,1,1,4,2,02,1,1,000,055,1,0,1,4,1,48,0,1,2,00,2,8,1,201500013188B01,7,15,1
201500013249,2015-07-11,2015,juillet,samedi,82:0,13,13070,43.28142,5.51617,2,1,1,1,1,3,2,02,1,1,000,096,1,0,1,4,1,56,5,1,2,00,2,0,0,201500013249B01,7,10,1
201500013269,2015-08-14,2015,août,vendredi,11:00,13,13070,43.28193,5.51504,2,2,3,1,1,3,1,01,1,1,000,000,1,0,0,4,1,46,0,1,2,00,2,7,17,201500013269A01,7,15,1
201500013269,2015-08-14,2015,août,vendredi,11:00,13,13070,43.28193,5.51504,2,2,3,1,1,3,1,01,1,1,000,000,1,0,0,4,1,13,0,1,2,00,2,7,17,201500013269A01,7,15,1
201500013280,2015-09-12,2015,septembre,samedi,91:5,13,13005,43.30876,5.60799,1,2,3,1,1,3,2,02,1,1,000,070,1,0,1,4,1,61,5,1,2,00,0,0,0,201500013280B01,7,0,1
201500013311,2015-11-05,2015,novembre,jeudi,80:0,13,13005,43.29643,5.58345,2,6,3,1,1,3,2,01,-1,-1,000,080,-1,0,1,3,1,68,5,1,2,00,2,7,1,201500013311B01,7,9,1
201500013329,2015-12-07,2015,décembre,lundi,74:5,13,13005,43.30974,5.57489,1,1,1,1,1,3,2,02,1,1,000,060,1,0,1,3,1,50,9,1,2,00,2,1,1,201500013329B01,7,15,1
201500013329,2015-12-07,2015,décembre,lundi,74:5,13,13005,43.30974,5.57489,1,1,1,1,1,3,2,02,1,1,000,060,1,0,1,1,1,52,0,1,2,00,2,1,1,201500013329B01,7,15,1
201500013357,2015-03-05,2015,mars,jeudi,10:45,13,13005,0,0,2,1,7,1,1,3,2,02,1,1,000,000,1,0,1,4,1,60,5,1,2,01,0,2,17,201500013357B01,15,24,1
201500013379,2015-01-31,2015,janvier,samedi,12:30,13,13028,0,0,2,9,2,1,1,4,1,01,1,1,000,000,1,0,5,4,1,59,5,1,9,00,2,0,0,201500013379B01,7,9,1
201500013417,2015-06-04,2015,juin,jeudi,15:25,13,13028,43.19947,5.60621,2,3,3,1,1,4,2,02,1,3,000,062,1,0,1,4,1,20,5,1,2,00,2,1,9,201500013417A01,7,1,1
201500013474,2015-10-23,2015,octobre,vendredi,17:45,13,13028,43.19071,5.63929,2,1,5,1,1,3,2,02,2,1,000,097,1,0,1,4,2,61,5,1,2,01,0,0,2,201500013474B01,7,24/2,2
201500013490,2015-11-21,2015,novembre,samedi,12:00,13,13028,43.17883,5.61113,2,1,1,1,1,4,2,02,2,1,011,048,1,0,1,3,1,53,5,1,2,00,2,4,2,201500013490B01,7,2,1
201500013496,2015-12-07,2015,décembre,lundi,17:50,13,13028,43.19244,5.60948,2,6,3,5,1,3,1,02,1,2,000,090,2,0,1,4,1,30,1,1,2,00,2,7,1,201500013496B01,7,9,1
201500013558,2015-11-26,2015,novembre,jeudi,12:14,13,13102,0,0,1,1,1,1,1,4,-1,00,1,1,000,000,1,6,1,4,1,13,2,1,2,00,2,8,19,201500013558A01,33,2,1
201500013560,2015-12-06,2015,décembre,dimanche,16:30,13,13102,43.41862,5.22951,2,6,3,1,2,3,-1,00,1,-1,000,000,2,0,0,1,1,17,5,1,2,00,2,2,1,201500013560B01,7,9,1
201500013560,2015-12-06,2015,décembre,dimanche,16:30,13,13102,43.41862,5.22951,2,6,3,1,2,3,-1,00,1,-1,000,000,2,0,0,4,2,16,5,1,2,00,2,2,1,201500013560B01,7,9,1
201500013576,2015-12-03,2015,décembre,jeudi,13:45,13,13055,43.3011,5.38779,2,1,7,1,1,4,-1,00,1,1,000,060,9,0,0,4,1,14,5,1,2,00,0,0,0,201500013576A01,,,
201500013582,2015-12-31,2015,décembre,jeudi,11:30,13,13055,43.28088,5.38884,2,1,6,1,1,4,3,02,1,1,010,120,1,0,1,1,1,72,5,1,2,00,1,0,0,201500013582A01,,,
201500013631,2015-01-06,2015,janvier,mardi,10:50,13,13055,0,0,2,2,3,1,1,4,2,00,1,1,000,000,1,0,1,4,1,73,5,1,9,00,2,1,1,201500013631B01,10,1,1
201500013633,2015-01-05,2015,janvier,lundi,16:30,13,13055,43.2413,5.36341,2,1,1,1,1,4,2,00,1,1,000,000,1,0,5,4,1,54,9,1,9,01,2,1,1,201500013633A01,7,9,1
201500013675,2015-03-31,2015,mars,mardi,13:30,13,13055,43.27655,5.39941,2,7,3,1,1,4,2,02,1,1,005,030,1,2,0,4,1,60,4,1,2,00,2,2,19,201500013675A01,7,1,1
201500013728,2015-04-05,2015,avril,dimanche,20:07,13,13055,43.33147,5.39126,2,1,6,2,1,4,2,02,1,1,000,040,1,0,1,4,1,9,5,1,9,00,1,0,0,201500013728Z01,,,
201500013776,2015-04-11,2015,avril,samedi,13:35,13,13055,0,0,2,1,6,1,1,4,2,02,1,1,050,000,1,6,5,4,2,66,5,1,9,00,1,1,1,201500013776Z01,,,
201500013777,2015-04-11,2015,avril,samedi,15:30,13,13055,0,0,2,1,3,1,1,4,-1,01,1,1,000,000,1,0,0,3,1,18,0,1,9,00,2,4,1,201500013777A01,7,0,1
201500013805,2015-04-12,2015,avril,dimanche,19:45,13,13055,43.2721,5.39032,2,1,3,1,1,4,1,00,1,1,000,045,1,0,1,4,1,13,0,1,9,00,2,7,19,201500013805B01,7,1,1
201500013807,2015-04-13,2015,avril,lundi,22:45,13,13055,43.28369,5.38784,2,1,2,5,1,4,2,04,1,-1,000,120,1,0,0,1,1,56,0,1,2,00,2,0,2,201500013807B01,2,2,1
201500013964,2015-01-18,2015,janvier,dimanche,91:5,13,13055,43.34254,5.38619,2,1,6,1,1,3,2,00,1,3,000,000,1,0,1,4,1,65,5,1,9,00,2,4,2,201500013964B01,7,2,1
201500013990,2015-04-23,2015,avril,jeudi,17:30,13,13055,0,0,2,1,6,1,1,9,2,01,1,1,000,000,1,0,1,1,1,40,0,1,2,00,1,0,0,201500013990A01,,,
201500013993,2015-04-28,2015,avril,mardi,15:15,13,13055,43.31294,5.40196,2,1,3,1,1,4,2,02,1,1,000,000,1,0,1,1,1,19,0,1,9,00,2,0,0,201500013993A01,33,14,1
201500014037,2015-02-03,2015,février,mardi,13:06,13,13055,43.28436,5.38458,2,1,6,1,2,4,2,06,1,1,000,150,2,0,1,4,1,53,9,1,9,00,2,2,12,201500014037A01,37,7,1
201500014103,2015-05-08,2015,mai,vendredi,20:15,13,13055,43.29321,5.37063,2,1,1,5,1,4,2,00,1,-1,000,030,1,0,0,3,2,34,0,1,2,00,0,0,0,201500014103A01,7,1,1
201500014130,2015-05-11,2015,mai,lundi,75:8,13,13055,43.34055,5.34863,2,1,2,1,1,3,3,04,1,1,000,102,1,0,1,3,1,60,5,1,2,00,2,4,2,201500014130B01,10,2,1
201500014137,2015-10-20,2015,octobre,mardi,13:30,13,13055,43.2998,5.38755,2,1,3,1,1,4,2,02,-1,-1,000,000,-1,0,1,4,1,83,5,1,9,00,2,1,17,201500014137B01,7,10,1
201500014192,2015-02-07,2015,février,samedi,12:40,13,13055,43.30769,5.46801,2,1,6,1,1,3,3,04,2,1,000,120,1,0,1,4,1,45,5,1,9,00,2,1,1,201500014192B01,7,16,1
201500014215,2015-05-20,2015,mai,mercredi,91:5,13,13055,43.26675,5.40286,2,5,1,1,1,4,1,02,1,1,000,000,1,0,1,4,2,27,4,1,9,00,2,0,0,201500014215B01,10,1,1
201500014265,2015-05-25,2015,mai,lundi,15:15,13,13055,43.25684,5.37646,2,1,3,1,1,4,3,05,1,1,020,125,1,0,1,3,1,45,0,1,9,00,2,1,7,201500014265B01,7,16,1
201500014270,2015-02-18,2015,février,mercredi,10:10,13,13055,0,0,2,1,2,1,1,3,2,02,2,1,000,060,1,0,1,4,1,69,5,1,9,00,2,4,1,201500014270B01,7,1,1
201500014279,2015-05-27,2015,mai,mercredi,11:25,13,13055,43.29972,5.37595,2,1,2,1,1,4,1,02,2,1,000,000,1,0,0,3,1,38,4,1,2,00,2,5,19,201500014279B01,7,4,1
201500014291,2015-02-26,2015,février,jeudi,17:15,13,13055,43.28161,5.38581,2,1,6,1,1,4,2,06,1,1,000,162,1,0,1,4,1,77,9,1,9,00,2,4,1,201500014291B01,2,1,1
201500014347,2015-05-31,2015,mai,dimanche,15:20,13,13055,43.30985,5.3795,2,1,3,1,1,4,2,02,1,-1,000,120,1,0,0,4,1,56,5,1,2,00,2,1,1,201500014347A01,7,15,1
201500014407,2015-06-07,2015,juin,dimanche,94:0,13,13075,43.33825,5.4556,1,1,3,1,1,4,3,02,-1,3,000,030,1,0,1,1,1,31,0,1,2,00,2,6,0,201500014407B01,7,13,1
201500014415,2015-03-21,2015,mars,samedi,40:,13,13055,43.28575,5.3736,1,1,1,5,1,4,1,01,2,1,000,000,1,0,1,4,1,34,5,1,2,00,2,2,1,201500014415A01,7,24,1
201500014422,2015-06-08,2015,juin,lundi,12:15,13,13055,43.29067,5.37567,2,1,3,1,1,4,2,02,1,1,000,060,1,0,1,4,2,53,1,1,9,01,0,1,1,201500014422B01,7,22,1
201500014464,2015-06-09,2015,juin,mardi,20:55,13,13055,43.28774,5.38266,2,2,1,2,1,4,1,01,1,1,000,000,1,0,1,3,1,16,0,1,2,00,0,1,15,201500014464B01,1,1,1
201500014464,2015-06-09,2015,juin,mardi,20:55,13,13055,43.28774,5.38266,2,2,1,2,1,4,1,01,1,1,000,000,1,0,1,3,1,35,0,1,2,00,0,1,1,201500014464A01,1,15,1
201500014524,2015-05-30,2015,mai,samedi,16:30,13,13055,43.28954,5.35757,2,1,3,1,1,4,-1,01,1,-1,000,000,1,0,1,4,1,54,0,1,2,00,2,1,2,201500014524A01,7,11,1
201500014524,2015-05-30,2015,mai,samedi,16:30,13,13055,43.28954,5.35757,2,1,3,1,1,4,-1,01,1,-1,000,000,1,0,1,4,1,17,0,1,2,00,2,1,2,201500014524A01,7,11,1
201500014533,2015-06-19,2015,juin,vendredi,16:00,13,13055,0,0,2,1,2,1,1,4,2,02,2,1,000,000,1,0,5,4,1,17,5,1,2,01,0,1,2,201500014533B01,7,23,1
201500014577,2015-06-22,2015,juin,lundi,17:40,13,13055,43.33408,5.36138,2,1,2,1,1,4,1,01,1,1,000,000,1,0,1,4,1,17,5,1,9,00,9,4,2,201500014577A01,2,2,1
201500014769,2015-07-17,2015,juillet,vendredi,30:,13,13055,43.33104,5.43177,2,1,1,5,1,3,2,02,1,1,000,023,1,0,1,3,1,18,9,1,2,00,0,0,0,201500014769B01,7,5,1
201500014771,2015-07-17,2015,juillet,vendredi,84:5,13,13055,43.30316,5.374,2,1,5,1,1,4,2,03,1,1,000,000,1,0,1,1,1,54,5,1,9,00,2,4,2,201500014771B01,30/ 7,2,2
201500014888,2015-08-05,2015,août,mercredi,54:5,13,13055,43.28568,5.42509,2,6,6,2,1,4,2,02,1,3,000,050,1,0,1,4,2,54,1,1,2,00,2,4,1,201500014888B01,7,9,1
201500014926,2015-08-11,2015,août,mardi,11:25,13,13106,43.40973,5.3689,2,1,7,1,1,3,2,02,1,1,000,080,1,0,1,3,1,62,5,1,9,00,0,0,0,201500014926A01,,,
201500015040,2015-09-03,2015,septembre,jeudi,18:05,13,13055,43.29195,5.39358,2,1,3,1,1,4,-1,02,1,1,000,000,1,0,1,4,1,22,0,1,2,00,2,7,1,201500015040B01,7,13,1
201500015065,2015-08-19,2015,août,mercredi,20:00,13,13055,43.24632,5.43268,1,1,4,2,1,3,3,02,1,1,000,100,1,0,0,4,1,50,5,1,9,00,2,4,1,201500015065B01,10,1,1
201500015065,2015-08-19,2015,août,mercredi,20:00,13,13055,43.24632,5.43268,1,1,4,2,1,3,3,02,1,1,000,100,1,0,0,4,1,46,5,1,9,00,2,0,1,201500015065C01,10,1,1
201500015074,2015-09-10,2015,septembre,jeudi,10:50,13,13002,43.3632,5.49563,1,1,2,1,1,3,2,02,4,1,000,070,1,0,5,3,1,61,5,1,2,00,2,4,1,201500015074B01,7,14,1
201500015083,2015-09-11,2015,septembre,vendredi,19:15,13,13055,43.21969,5.34536,2,1,7,1,1,4,2,02,2,1,000,060,1,0,1,3,1,44,5,1,2,16,0,0,1,201500015083A01,7,0,1
201500015087,2015-09-03,2015,septembre,jeudi,14:30,13,13055,43.315,5.403,2,1,2,1,1,4,2,02,2,1,000,090,1,0,1,4,1,31,5,1,9,00,2,4,0,201500015087B01,32,0,1
201500015183,2015-08-27,2015,août,jeudi,11:45,13,13055,43.28668,5.35164,2,1,6,1,1,4,2,02,1,1,000,060,1,0,1,4,1,56,0,1,9,00,2,1,2,201500015183B01,7,2,1
201500015228,2015-10-01,2015,octobre,jeudi,92:0,13,13055,43.27077,5.40051,2,1,3,1,1,4,2,01,1,1,000,000,1,0,1,4,2,49,9,1,2,00,2,0,0,201500015228B01,10,0,1
201500015235,2015-10-02,2015,octobre,vendredi,75:5,13,13055,43.29531,5.44542,2,6,3,1,2,4,3,02,-1,-1,000,000,-1,0,0,4,1,50,1,1,2,00,2,7,2,201500015235B01,7,9,1
201500015343,2015-10-16,2015,octobre,vendredi,13:15,13,13055,43.2987,5.40029,2,1,1,1,1,4,1,01,1,1,000,000,1,0,1,4,1,22,5,1,2,00,2,1,5,201500015343A01,7,1,1
201500015404,2015-10-29,2015,octobre,jeudi,20:,13,13055,43.26698,5.37591,2,1,7,5,1,4,2,02,2,1,000,060,1,0,1,3,1,30,5,1,2,00,0,0,1,201500015404A01,,,
201500015466,2015-11-06,2015,novembre,vendredi,20:00,13,13055,43.25428,5.38173,2,6,3,5,1,4,3,02,1,1,020,120,1,0,0,4,1,33,1,1,2,00,2,7,1,201500015466B01,7,9,1
201500015530,2015-11-18,2015,novembre,mercredi,19:15,13,13055,43.26827,5.39367,2,3,3,5,1,3,2,06,1,1,000,150,1,0,1,4,1,50,1,1,4,00,2,0,0,201500015530B01,7,0,1
201500015677,2015-12-10,2015,décembre,jeudi,14:10,13,13055,43.24605,5.39443,2,1,3,1,1,4,1,00,-1,3,000,000,1,0,1,4,1,68,0,1,2,00,2,0,0,201500015677B01,7,0,1
201500015849,2015-11-06,2015,novembre,vendredi,95:0,13,13026,0,0,1,1,2,1,1,4,2,02,-1,-1,000,000,-1,0,0,4,1,63,0,1,9,00,2,4,2,201500015849B01,7,2,1
201500015863,2015-06-14,2015,juin,dimanche,12:50,13,13039,43.46502,4.94106,2,6,3,1,1,4,1,02,1,1,000,030,1,0,0,3,1,52,5,1,2,00,2,7,19,201500015863A01,7,0,1
201500015909,2015-04-08,2015,avril,mercredi,18:10,30,30032,0,0,1,1,3,1,1,4,-1,00,-1,-1,000,000,-1,0,0,3,2,53,5,1,2,00,0,0,0,201500015909B01,7,0,1
201500015911,2015-03-30,2015,mars,lundi,16:50,30,30032,43.80711,4.60993,1,1,3,1,1,3,-1,00,-1,-1,000,000,-1,0,0,4,2,38,1,1,2,00,0,0,0,201500015911B01,1,0,1
201500015911,2015-03-30,2015,mars,lundi,16:50,30,30032,43.80711,4.60993,1,1,3,1,1,3,-1,00,-1,-1,000,000,-1,0,0,4,1,20,5,1,2,00,0,0,0,201500015911A01,1,0,1
201500015951,2015-06-02,2015,juin,mardi,80:0,30,30032,43.81295,4.62754,1,1,6,1,1,4,2,01,-1,2,000,055,-1,0,1,4,1,14,2,1,2,00,0,0,0,201500015951B01,7,0,1
201500015952,2015-03-12,2015,mars,jeudi,19:15,13,13108,43.76738,4.69376,1,1,6,2,1,3,2,02,1,1,000,100,1,0,1,4,1,55,5,1,9,00,2,1,1,201500015952B01,7,16,1
201500015960,2015-06-12,2015,juin,vendredi,93:0,30,30032,43.80785,4.627,1,2,3,1,1,4,2,02,1,1,000,060,2,0,5,4,1,73,0,1,2,00,0,0,0,201500015960B01,7,0,1
201500015967,2015-06-23,2015,juin,mardi,10:45,30,30032,43.8059,4.64263,1,1,3,1,1,3,1,01,1,1,000,060,1,0,1,4,1,28,0,1,2,00,2,1,0,201500015967B01,7,0,1
201500015969,2015-06-25,2015,juin,jeudi,85:0,13,13108,43.79505,4.69603,1,6,3,1,1,3,1,02,1,-1,000,085,1,5,1,4,1,47,0,1,2,00,2,1,0,201500015969B01,7,0,1
201500015988,2015-08-16,2015,août,dimanche,13:06,30,30032,43.7925,4.63039,2,6,3,1,1,2,3,02,-1,-1,000,000,-1,0,1,4,1,46,5,1,2,00,0,0,0,201500015988B01,7,0,1
201500015997,2015-09-04,2015,septembre,vendredi,17:00,30,30032,43.79766,4.61924,1,2,3,1,1,4,2,02,1,1,000,000,1,0,1,2,1,17,2,1,2,00,0,0,0,201500015997A01,7,1,1
201500016000,2015-09-10,2015,septembre,jeudi,84:5,30,30032,43.80951,4.63812,1,1,3,1,1,4,2,02,1,1,000,000,1,0,1,4,1,10,2,1,2,00,2,8,1,201500016000B01,7,1,1
201500016004,2015-10-01,2015,octobre,jeudi,94:5,30,30032,43.81146,4.63345,2,1,2,1,1,4,2,02,-1,-1,000,000,-1,0,1,4,1,65,0,1,2,00,0,0,0,201500016004B01,7,0,1
201500016023,2015-03-23,2015,mars,lundi,17:40,13,13117,43.42771,5.25678,2,3,7,1,1,3,-1,03,2,1,000,045,1,0,0,4,1,47,9,1,2,08,0,2,0,201500016023A01,,,
201500016044,2015-02-02,2015,février,lundi,16:30,13,13071,0,0,1,1,2,1,1,2,1,02,2,1,000,000,1,3,1,4,1,17,0,1,2,00,2,5,14,201500016044A01,7,1,1
201500016058,2015-04-18,2015,avril,samedi,10:00,13,13019,43.4524,5.3588,1,3,3,1,1,3,-1,02,2,3,025,110,1,0,0,4,1,47,5,1,9,00,2,1,1,201500016058B01,7,15,1
201500016062,2015-04-22,2015,avril,mercredi,11:00,13,13117,43.4226,5.28144,2,2,3,1,1,4,2,01,1,1,000,050,1,0,4,4,2,9,0,1,2,00,0,0,0,201500016062B01,7,1,1
201500016157,2015-08-20,2015,août,jeudi,10:00,13,13117,43.42255,5.27146,2,3,3,1,1,4,2,02,2,1,000,060,-1,0,1,4,1,52,5,1,2,00,0,0,0,201500016157B01,7,0,1
201500016229,2015-11-15,2015,novembre,dimanche,11:35,13,13019,43.47846,5.35608,1,6,3,1,1,3,-1,01,2,1,100,055,1,3,1,4,1,56,0,1,2,00,2,0,1,201500016229B01,7,16,1
201500016239,2015-12-01,2015,décembre,mardi,12:35,13,13117,43.42711,5.27131,2,6,1,1,1,3,1,01,1,1,070,070,1,0,0,4,1,53,0,1,9,00,0,0,0,201500016239B01,7,14,1
201500016302,2015-07-10,2015,juillet,vendredi,17:30,72,72146,47.883,0.132,2,1,3,1,1,4,3,01,1,1,000,000,1,0,1,2,1,71,5,1,2,00,2,1,1,201500016302B02,14,1,1
201500016314,2015-04-15,2015,avril,mercredi,80:0,72,72320,48.065,0.157,2,6,1,1,1,4,2,00,2,-1,000,000,1,5,1,3,1,57,1,1,2,00,2,7,13,201500016314B02,7,16,1
201500016351,2015-06-08,2015,juin,lundi,41:5,68,68375,47.80074,7.27708,2,1,1,2,1,4,2,02,1,3,000,070,1,0,1,3,1,34,5,1,2,00,2,8,1,201500016351B02,7,1,1
201500016366,2015-07-24,2015,juillet,vendredi,93:0,67,67083,0,0,1,1,1,1,1,3,2,02,1,1,000,057,1,0,1,2,1,55,5,1,2,00,0,3,1,201500016366B02,7,13,1
201500016378,2015-03-25,2015,mars,mercredi,13:30,14,14118,49.1842,-0.38495,2,3,1,1,7,4,2,02,1,1,000,070,1,0,1,4,1,50,1,1,2,00,2,1,23,201500016378B01,7,15,1
201500016395,2015-05-12,2015,mai,mardi,19:30,14,14587,49.1998,-0.41312,1,6,3,1,7,3,2,02,1,-1,000,060,1,0,1,3,2,22,5,1,2,00,2,1,1,201500016395B01,7,9,1
201500016402,2015-05-23,2015,mai,samedi,10:40,14,14118,49.178,-0.38052,2,1,6,1,1,4,2,01,2,1,000,000,1,0,4,1,1,33,5,1,9,00,1,1,1,201500016402A01,,,
201500016405,2015-06-02,2015,juin,mardi,17:00,14,14167,49.2037,-0.2969,2,1,6,1,1,4,2,02,1,1,000,070,1,0,4,1,1,16,9,1,2,00,1,1,1,201500016405A01,,,
201500016410,2015-07-03,2015,juillet,vendredi,22:00,14,14167,49.1898,-0.31243,1,1,2,2,1,4,2,02,1,1,000,070,1,0,1,3,1,41,5,1,9,00,2,4,1,201500016410A01,7,1,1
201500016431,2015-07-17,2015,juillet,vendredi,11:10,14,14118,49.1968,-0.39677,2,2,3,1,1,3,3,04,1,1,000,000,1,0,1,3,1,64,5,1,2,00,2,7,1,201500016431B01,10,19,1
201500016442,2015-10-26,2015,octobre,lundi,13:56,14,14437,49.1643,-0.30632,2,1,2,1,1,3,2,04,1,1,000,120,1,2,1,3,2,41,1,1,2,00,2,4,12,201500016442B01,10,1,1
201500016487,2015-06-04,2015,juin,jeudi,19:30,88,88118,48.40363,5.68538,2,3,1,1,1,3,2,00,1,1,000,060,1,0,1,3,2,12,5,1,2,00,2,3,15,201500016487B02,3,1,1
201500016489,2015-07-19,2015,juillet,dimanche,11:00,08,08328,49.8161,4.74325,2,3,3,1,1,3,2,03,2,1,,090,1,5,1,3,1,39,5,1,2,00,2,8,16,201500016489A01,21,1,1
201500016546,2015-05-12,2015,mai,mardi,15:45,14,14333,49.4006,0.24072,2,1,3,1,1,4,2,02,1,2,000,084,1,0,1,3,1,12,2,1,2,00,2,3,19,201500016546A01,33,1,1
201500016600,2015-10-03,2015,octobre,samedi,17:30,37,37156,0,0,2,1,7,1,1,4,2,02,1,1,,,1,0,1,1,2,39,5,1,2,00,2,2,19,201500016600B02,33,1,1
201500016626,2015-05-28,2015,mai,jeudi,16:25,14,14366,49.1436,0.24773,2,1,6,1,1,4,2,02,2,1,000,000,9,0,1,4,1,13,2,1,4,12,0,1,1,201500016626A01,,,