Num_Acc,date,an,mois,jour,hrmn,dep,com,lat,long,agg,int,col,lum,atm,catr,circ,nbv,prof,plan,lartpc,larrout,surf,infra,situ,grav,sexe,age,trajet,secuexist,equipement,obs,obsm,choc,manv,vehiculeid,typevehicules,manoeuvehicules,numVehicules
201500016663,2015-09-18,2015,septembre,vendredi,80:0,37,37011,0,0,2,6,3,1,1,4,2,02,1,1,000,060,1,0,1,3,2,53,1,1,2,00,2,7,1,201500016663A02,7,9,1
201500016692,2015-08-07,2015,août,vendredi,90:0,87,87138,45.7122,1.47786,1,1,3,1,1,3,2,02,2,3,000,063,1,0,1,3,1,64,5,1,2,00,2,1,1,201500016692B02,7,15,1
201500016706,2015-07-08,2015,juillet,mercredi,18:45,23,23102,46.24372,2.04461,1,3,3,1,1,3,2,00,1,1,000,070,1,0,1,3,1,56,5,1,2,00,2,1,15,201500016706B02,7,21,1
201500016722,2015-12-23,2015,décembre,mercredi,11:30,27,27457,48.76883,0.96037,1,4,3,1,1,3,2,02,1,1,000,570,1,0,1,2,1,89,5,1,2,00,2,8,15,201500016722A01,7,17,1
201500016828,2015-06-06,2015,juin,samedi,15:30,21,21062,47.2744,4.51625,1,2,1,1,7,3,2,02,-1,1,000,040,1,0,1,3,2,63,5,1,2,00,2,8,19,201500016828B02,7,1,1
201500016833,2015-04-22,2015,avril,mercredi,20:30,21,21154,0,0,2,1,6,2,1,9,1,01,2,2,000,050,1,0,1,1,1,16,5,1,1,00,1,1,1,201500016833A01,,,
201500016837,2015-07-26,2015,juillet,dimanche,12:00,21,21584,0,0,1,1,3,1,1,3,2,02,-1,1,000,000,1,0,1,3,1,48,5,1,2,00,2,1,1,201500016837B02,7,1,1
201500016864,2015-07-21,2015,juillet,mardi,12:15,07,07050,0,0,1,1,1,1,1,3,2,02,2,2,000,030,1,2,1,3,1,66,5,1,2,00,2,0,0,201500016864B02,7,5,1
201500016874,2015-02-16,2015,février,lundi,10:00,07,07079,44.983,4.533,1,3,1,1,1,3,2,02,1,1,000,076,2,0,1,2,1,63,5,1,2,00,0,1,15,201500016874B02,7,1,1
201500016881,2015-04-12,2015,avril,dimanche,18:15,16,16263,45.52019,0.09478,2,3,3,1,7,4,2,02,1,1,000,041,1,0,1,3,2,12,0,1,2,00,2,1,1,201500016881B02,10,1,1
201500016884,2015-11-04,2015,novembre,mercredi,16:00,16,16143,45.53475,0.17771,1,1,6,1,7,3,2,02,3,1,000,070,1,0,1,2,1,57,5,1,4,00,2,4,1,201500016884B02,7,2,1
201500016930,2015-06-19,2015,juin,vendredi,17:45,36,36207,46.4132,1.6286,1,1,7,1,1,4,2,02,2,1,000,030,1,0,1,3,1,53,5,1,2,00,2,0,17,201500016930B02,21,1,1
201500016958,2015-04-24,2015,avril,vendredi,20:30,10,10345,48.419,4.521,1,1,2,1,1,3,2,02,1,1,000,066,1,0,1,3,1,16,5,1,9,00,2,4,2,201500016958B02,7,2,1
201500016985,2015-09-09,2015,septembre,mercredi,17:30,43,43061,45.0931,3.90637,1,1,6,1,1,3,2,02,1,3,000,080,1,0,1,3,1,68,5,1,2,07,0,1,1,201500016985A01,,,
201500016989,2015-10-26,2015,octobre,lundi,13:00,43,43021,45.1107,3.94128,1,3,3,1,1,3,2,02,1,1,000,046,1,0,1,3,1,44,5,1,2,00,2,1,1,201500016989A01,10,15,1
201500016993,2015-12-27,2015,décembre,dimanche,15:15,43,43187,45.1553,3.82448,1,1,2,1,1,3,2,02,1,1,000,065,1,0,1,3,1,39,5,1,2,00,2,4,1,201500016993B02,7,2,1
201500017021,2015-08-20,2015,août,jeudi,11:00,18,18197,46.731,2.495,2,1,3,1,1,3,2,02,1,1,000,086,1,0,5,3,1,56,3,1,9,00,2,1,1,201500017021B02,7,16,1
201500017032,2015-04-23,2015,avril,jeudi,12:45,18,18268,46.80274,2.45543,2,3,1,1,1,3,2,02,1,1,000,048,1,0,1,3,1,8,5,1,2,00,2,2,1,201500017032A01,7,1,1
201500017039,2015-07-31,2015,juillet,vendredi,93:0,18,18108,0,0,1,3,3,1,1,3,2,02,1,1,000,060,1,0,1,2,1,77,5,1,2,00,2,1,15,201500017039A01,10,1,1
201500017070,2015-04-14,2015,avril,mardi,10:00,73,73121,45.6264,6.32011,2,2,3,1,1,3,4,01,1,1,000,140,1,5,0,3,1,80,5,1,2,00,2,3,18,201500017070B02,15,16,1
201500017072,2015-01-10,2015,janvier,samedi,19:15,73,73248,45.27568,6.35577,2,6,3,5,1,3,2,02,1,2,000,065,1,5,1,3,1,28,1,1,2,00,2,1,2,201500017072B02,7,2,1
201500017095,2015-07-14,2015,juillet,mardi,18:45,64,64029,43.11871,-0.7333,2,1,3,1,1,3,2,02,2,1,000,000,1,0,1,3,1,26,5,1,2,00,2,1,17,201500017095B02,7,10,1
201500017099,2015-08-20,2015,août,jeudi,19:45,64,64393,43.31895,-0.58229,1,1,1,2,1,3,2,00,-1,1,000,064,1,0,1,3,1,45,5,1,2,00,0,1,1,201500017099B02,7,15,1
201500017110,2015-12-02,2015,décembre,mercredi,16:15,45,45193,47.75031,1.99369,1,1,5,2,7,3,2,02,1,1,000,063,1,0,1,3,1,66,5,1,2,00,2,4,1,201500017110C03,14,2,1
201500017110,2015-12-02,2015,décembre,mercredi,16:15,45,45193,47.75031,1.99369,1,1,5,2,7,3,2,02,1,1,000,063,1,0,1,3,1,76,5,1,2,00,2,4,1,201500017110B02,14,2,1
201500017131,2015-06-15,2015,juin,lundi,22:30,60,60029,49.365,1.99193,2,1,6,1,1,4,-1,00,-1,-1,000,000,1,0,0,4,1,14,0,1,2,00,2,3,1,201500017131A01,,,
201500017163,2015-08-21,2015,août,vendredi,51:5,60,60581,49.50508,2.43491,2,1,6,5,1,3,2,02,4,1,000,000,1,0,1,4,1,15,5,1,2,01,0,2,1,201500017163A01,,,
201500017171,2015-05-24,2015,mai,dimanche,18:15,60,60151,49.44136,2.86756,2,6,6,1,1,4,2,00,-1,1,000,000,1,5,1,3,1,60,5,1,2,00,2,0,0,201500017171B02,7,9,1
201500017173,2015-06-05,2015,juin,vendredi,17:45,60,60537,49.5009,2.93785,1,1,3,1,1,3,-1,00,-1,1,000,000,-1,5,0,2,1,14,0,1,2,00,0,0,0,201500017173B02,7,9,1
201500017192,2015-07-21,2015,juillet,mardi,19:45,60,60471,49.57454,2.98972,2,6,3,1,1,3,2,00,1,2,000,000,1,0,1,3,1,38,1,1,2,00,2,1,16,201500017192B02,7,9,1
201500017204,2015-05-13,2015,mai,mercredi,17:30,60,60284,49.38616,2.65648,1,6,3,1,1,3,1,02,-1,-1,000,000,1,5,0,3,1,64,5,1,2,00,2,7,1,201500017204B02,7,9,1
201500017227,2015-06-03,2015,juin,mercredi,12:00,83,83002,0,0,1,1,1,1,1,3,2,00,2,3,000,055,1,0,1,3,1,75,5,1,4,00,2,1,13,201500017227A01,38,1,1
201500017273,2015-04-13,2015,avril,lundi,15:00,50,50509,49.4051,-1.19385,1,1,3,1,5,3,2,02,1,1,000,080,1,0,1,3,1,86,5,1,2,00,2,0,1,201500017273B01,33,1,1
201500017293,2015-09-24,2015,septembre,jeudi,16:45,05,05071,44.42164,5.98807,1,1,3,1,1,3,2,02,2,2,000,060,1,0,1,3,1,67,0,1,2,00,2,2,0,201500017293B02,14,0,1
201500017301,2015-08-19,2015,août,mercredi,16:15,05,05072,44.64792,6.08638,1,9,6,1,1,2,2,02,2,1,000,073,1,0,1,3,2,19,4,1,2,00,0,1,1,201500017301A01,,,
201500017321,2015-08-24,2015,août,lundi,15:30,14,14138,49.231,-1.00196,1,2,3,1,1,3,-1,02,1,1,000,070,1,5,1,3,1,38,5,1,2,00,2,2,1,201500017321A01,7,1,1
201500017349,2015-09-08,2015,septembre,mardi,17:45,14,14020,49.1237,-0.17143,2,2,3,1,1,3,2,02,1,1,000,000,1,0,1,4,1,50,1,1,4,00,2,8,1,201500017349B01,30,17,1
201500017354,2015-10-28,2015,octobre,mercredi,92:0,14,14307,49.0218,-0.47981,2,1,3,1,1,3,2,02,4,1,000,050,1,0,1,3,1,28,4,1,2,00,2,2,17,201500017354B01,7,15,1
201500017395,2015-06-25,2015,juin,jeudi,12:45,06,06125,0,0,1,1,7,1,1,3,2,01,2,3,000,033,1,0,1,3,1,58,5,1,2,00,0,0,1,201500017395A01,,,
201500017443,2015-03-06,2015,mars,vendredi,17:00,14,14715,49.3571,0.09163,2,1,6,1,1,4,1,01,2,1,000,000,1,0,1,4,1,16,2,1,2,00,1,1,1,201500017443A01,,,
201500017458,2015-05-18,2015,mai,lundi,61:0,14,14715,49.3646,0.08388,2,1,7,2,1,3,2,02,2,1,000,000,1,0,1,4,1,28,5,1,2,00,0,0,1,201500017458A01,,,
201500017464,2015-07-07,2015,juillet,mardi,80:0,14,14699,49.35,0.10003,2,1,1,1,1,4,2,02,1,4,000,000,1,0,1,3,2,44,1,1,2,00,2,1,1,201500017464B01,7,1,1
201500017492,2015-11-03,2015,novembre,mardi,10:30,14,14220,0,0,2,3,6,1,1,4,3,04,1,1,000,000,1,0,1,4,2,81,5,1,2,00,2,7,1,201500017492B01,7,9,1
201500017516,2015-05-02,2015,mai,samedi,11:00,58,58062,0,0,2,7,1,1,2,6,2,01,2,2,000,000,2,0,1,3,1,13,5,1,2,00,2,1,5,201500017516A01,7,15,1
201500017572,2015-12-06,2015,décembre,dimanche,12:30,01,01235,0,0,2,3,3,1,1,3,2,02,1,1,000,070,1,0,1,3,1,17,5,1,2,00,2,6,19,201500017572B02,7,1,1
201500017582,2015-02-19,2015,février,jeudi,13:30,01,01138,0,0,1,3,3,1,7,3,2,02,2,3,000,364,1,0,1,3,1,81,5,1,2,00,2,7,1,201500017582B02,7,16,1
201500017595,2015-05-14,2015,mai,jeudi,17:15,01,01192,0,0,1,1,3,1,1,3,2,02,1,1,000,000,1,6,1,3,1,14,5,1,8,00,2,3,11,201500017595B02,7,17,1
201500017602,2015-09-18,2015,septembre,vendredi,10:00,01,01333,0,0,1,6,2,1,1,3,1,01,1,2,000,040,1,5,1,4,1,70,5,1,2,00,2,4,1,201500017602B02,7,9,1
201500017615,2015-09-01,2015,septembre,mardi,16:15,15,15261,45.233,2.362,1,1,3,1,1,3,2,02,-1,1,000,060,1,0,1,3,2,62,5,1,2,00,2,8,1,201500017615B02,7,1,1
201500017626,2015-06-18,2015,juin,jeudi,11:00,03,03195,46.278,2.646,1,1,1,1,1,3,2,00,2,4,000,055,1,0,1,3,1,66,5,1,2,00,2,1,13,201500017626A01,7,1,1
201500017627,2015-08-01,2015,août,samedi,16:30,03,03055,0,0,1,1,3,1,1,3,2,00,-1,2,000,000,1,0,1,3,1,73,5,1,2,00,2,8,13,201500017627A01,10,13,1
201500017628,2015-03-01,2015,mars,dimanche,12:00,03,03297,0,0,2,1,6,1,2,3,2,01,-1,1,000,057,2,0,1,2,1,75,5,1,2,01,0,1,1,201500017628A01,,,
201500017633,2015-06-20,2015,juin,samedi,15:15,03,03273,0,0,1,1,1,1,1,2,2,02,-1,2,000,000,1,0,1,3,1,50,5,1,2,00,2,4,1,201500017633B02,7,1,1
201500017650,2015-10-26,2015,octobre,lundi,15:00,84,84079,0,0,1,1,1,1,1,3,2,00,2,3,000,000,1,0,1,3,1,53,5,1,9,00,2,1,5,201500017650A01,7,5,1
201500017667,2015-04-16,2015,avril,jeudi,18:45,02,02583,49.46709,3.65498,1,2,3,1,1,4,2,02,1,1,000,000,1,0,1,3,1,30,5,1,2,00,2,8,19,201500017667A01,7,1,1
201500017669,2015-06-06,2015,juin,samedi,15:00,02,02114,49.04782,3.42734,1,1,2,1,1,4,2,02,-1,-1,000,000,-1,0,1,3,1,68,5,1,1,00,0,0,13,201500017669B02,31,17,1
201500017689,2015-04-22,2015,avril,mercredi,16:15,02,02810,49.25015,3.08662,2,3,3,1,1,4,2,02,1,1,000,000,1,0,1,3,1,16,5,1,2,00,2,2,5,201500017689B02,7,1,1
201500017692,2015-07-24,2015,juillet,vendredi,17:00,02,02810,0,0,1,3,3,1,1,3,2,02,1,1,000,000,1,0,1,3,1,16,5,1,2,00,0,8,19,201500017692B02,7,1,1
201500017695,2015-11-15,2015,novembre,dimanche,11:30,02,02172,0,0,2,2,5,1,1,3,2,02,1,1,000,073,1,0,1,4,1,65,5,1,2,00,2,1,19,201500017695C03,7,1,1
201500017695,2015-11-15,2015,novembre,dimanche,11:30,02,02172,0,0,2,2,5,1,1,3,2,02,1,1,000,073,1,0,1,3,1,53,5,1,2,00,2,1,19,201500017695B02,7,1,1
201500017698,2015-05-04,2015,mai,lundi,12:45,02,02608,0,0,1,3,3,1,1,3,2,02,1,3,000,000,1,0,1,3,1,11,5,1,9,00,2,3,19,201500017698B02,7,1,1
201500017698,2015-05-04,2015,mai,lundi,12:45,02,02608,0,0,1,3,3,1,1,3,2,02,1,3,000,000,1,0,1,3,1,10,0,1,9,00,2,3,19,201500017698B02,7,1,1
201500017718,2015-09-28,2015,septembre,lundi,15:45,38,38297,45.69238,5.40967,2,2,3,1,1,3,2,02,1,1,068,000,1,0,1,3,1,73,5,1,2,00,2,1,1,201500017718B02,7,15,1
201500017725,2015-04-30,2015,avril,jeudi,12:30,38,38249,45.23846,5.81701,2,2,3,1,1,3,2,02,1,1,000,000,1,5,1,3,1,52,5,1,2,00,0,1,1,201500017725B02,7,15,1
201500017731,2015-07-31,2015,juillet,vendredi,15:30,38,38504,45.32171,6.01853,1,1,1,1,1,3,2,00,2,2,000,057,1,0,1,2,1,20,5,1,2,00,2,8,13,201500017731B02,14,1,1
201500017732,2015-12-03,2015,décembre,jeudi,17:15,38,38181,45.33754,6.00047,1,1,7,2,9,4,2,02,2,3,000,070,7,0,1,2,1,70,5,1,2,00,0,0,0,201500017732A01,,,
201500017733,2015-12-03,2015,décembre,jeudi,94:5,38,38314,45.42583,6.01638,2,6,3,1,1,3,2,02,1,1,000,000,1,0,1,2,2,89,5,1,1,00,0,4,2,201500017733B02,7,0,1
201500017739,2015-01-05,2015,janvier,lundi,16:45,38,38033,45.18223,5.40717,1,2,3,1,1,4,2,00,1,1,000,040,1,0,1,3,1,42,5,1,1,00,2,7,1,201500017739A01,7,1,1
201500017774,2015-06-17,2015,juin,mercredi,91:5,29,29095,48.47175,-4.36802,2,1,3,1,7,4,2,00,1,1,000,000,1,0,1,3,1,70,0,1,2,00,0,0,0,201500017774B02,7,0,1
201500017802,2015-09-17,2015,septembre,jeudi,80:0,35,35341,48.43491,-1.47549,1,1,3,2,8,3,-1,00,1,-1,000,000,2,0,0,3,2,14,2,1,2,00,2,1,15,201500017802B02,15,1,1
201500017809,2015-06-04,2015,juin,jeudi,61:5,35,35299,48.63337,-1.95009,1,4,3,1,1,3,1,01,-1,3,000,052,1,5,1,3,1,43,1,1,2,00,2,7,1,201500017809B02,7,15,1
201500017810,2015-06-16,2015,juin,mardi,10:00,35,35132,48.60811,-1.81184,2,1,1,1,1,3,2,02,1,1,000,062,1,0,1,4,1,68,5,1,2,00,2,1,1,201500017810A01,7,17,1
201500017816,2015-09-24,2015,septembre,jeudi,21:00,35,35299,48.63608,-1.92518,1,1,2,3,1,3,2,02,1,1,000,063,1,0,1,2,1,34,1,1,4,00,0,4,2,201500017816B02,7,2,1
201500017850,2015-04-11,2015,avril,samedi,11:45,25,25545,47.035,6.136,1,1,3,1,8,3,2,02,1,1,060,000,1,0,1,3,1,42,5,1,2,00,2,8,15,201500017850A01,10,1,1
201500017891,2015-03-05,2015,mars,jeudi,13:30,22,22232,48.62243,-2.83739,1,1,3,1,1,4,2,02,-1,1,000,040,1,0,1,4,1,58,0,1,2,00,2,3,1,201500017891A01,7,1,1
201500017925,2015-10-03,2015,octobre,samedi,16:15,22,22258,48.41544,-2.6256,1,3,3,1,1,3,2,02,1,1,000,045,1,0,1,3,1,54,5,1,2,00,2,8,15,201500017925B02,7,17,1
201500017940,2015-03-05,2015,mars,jeudi,16:45,22,22269,48.67244,-3.22538,1,1,7,1,1,4,2,02,2,3,000,032,1,0,1,3,1,54,5,1,2,00,0,0,1,201500017940A01,,,
201500017952,2015-04-20,2015,avril,lundi,19:00,22,22351,48.2946,-3.51992,1,1,3,1,1,3,2,02,1,1,000,071,1,0,1,3,1,13,0,1,2,00,2,8,15,201500017952A01,7,17,1
201500017963,2015-06-09,2015,juin,mardi,15:15,22,22387,48.64918,-3.44636,1,1,2,1,1,3,2,02,1,2,000,000,1,0,1,3,1,40,5,1,2,00,0,4,1,201500017963B02,7,2,1
201500017964,2015-08-01,2015,août,samedi,19:00,22,22226,48.67951,-3.52623,2,3,3,1,1,3,2,02,1,1,000,055,1,0,1,3,1,43,5,1,9,00,2,8,15,201500017964B02,31,17,1
201500017973,2015-09-19,2015,septembre,samedi,11:45,22,22199,48.79506,-3.13914,1,1,3,1,1,4,2,02,1,1,000,050,1,0,1,3,1,9,5,1,2,00,0,1,16,201500017973B02,7,1,1
201500017986,2015-06-13,2015,juin,samedi,10:45,68,68094,47.54967,7.44033,2,4,1,1,1,3,2,02,1,3,000,061,1,5,1,3,1,79,5,1,2,00,2,1,15,201500017986A01,7,1,1
201500018003,2015-06-22,2015,juin,lundi,94:5,34,34300,43.39667,3.32834,1,1,5,1,1,2,2,03,2,1,000,107,1,0,1,2,2,69,5,1,2,00,2,6,2,201500018003B02,14,2,1
201500018003,2015-06-22,2015,juin,lundi,94:5,34,34300,43.39667,3.32834,1,1,5,1,1,2,2,03,2,1,000,107,1,0,1,3,1,70,5,1,2,00,2,6,2,201500018003C03,14,2,1
201500018030,2015-07-10,2015,juillet,vendredi,70:7,15,15012,44.8819,2.43005,1,1,6,1,7,3,2,02,1,2,000,060,1,0,0,2,1,55,1,1,2,00,2,4,1,201500018030B01,13,1,1
201500018040,2015-09-16,2015,septembre,mercredi,13:30,34,34113,43.49972,3.71433,2,9,3,1,1,3,2,00,1,1,000,000,1,5,0,3,1,12,5,1,2,00,2,1,1,201500018040B02,10,1,1
201500018052,2015-04-09,2015,avril,jeudi,14:45,86,86292,0,0,2,1,4,1,1,3,2,02,1,1,000,000,1,0,1,3,1,65,5,1,2,00,0,0,0,201500018052B02,7,17,1
201500018052,2015-04-09,2015,avril,jeudi,14:45,86,86292,0,0,2,1,4,1,1,3,2,02,1,1,000,000,1,0,1,4,1,62,5,1,2,00,2,4,1,201500018052C03,7,17,1
201500018057,2015-05-12,2015,mai,mardi,11:00,86,86281,0,0,1,1,2,1,1,3,2,02,1,1,000,065,1,0,1,3,1,76,5,1,2,00,0,4,2,201500018057B02,7,2,1
201500018083,2015-11-07,2015,novembre,samedi,11:30,29,29189,48.37072,-4.40658,1,2,1,1,2,4,2,00,2,3,000,000,2,0,1,3,1,14,5,1,2,00,2,8,15,201500018083B02,7,1,1
201500018090,2015-10-28,2015,octobre,mercredi,17:15,41,41185,47.34596,1.72898,1,6,3,1,1,3,1,01,1,2,,080,1,5,1,3,1,57,1,1,4,00,2,1,1,201500018090B02,10,17,1
201500018093,2015-04-04,2015,avril,samedi,14:45,41,41211,47.32,1.126,1,1,3,1,8,3,2,02,2,1,000,045,1,0,1,3,2,16,5,1,2,00,0,8,1,201500018093B02,7,21,1
201500018094,2015-05-10,2015,mai,dimanche,91:5,41,41045,47.449,1.175,1,1,3,1,1,3,2,02,1,1,000,045,1,0,1,3,1,56,5,1,2,00,2,8,19,201500018094B02,7,17,1
201500018097,2015-08-03,2015,août,lundi,16:00,41,41080,47.32831,1.18595,2,1,3,1,1,3,2,02,2,2,000,042,1,0,1,3,2,17,5,1,2,00,2,1,1,201500018097B02,7,4,1
201500018129,2015-05-22,2015,mai,vendredi,16:15,41,41053,48,0.928,1,1,3,1,1,3,2,02,2,3,000,063,1,0,3,4,2,53,5,1,2,00,2,3,1,201500018129A01,1,1,1
201500018129,2015-05-22,2015,mai,vendredi,16:15,41,41053,48,0.928,1,1,3,1,1,3,2,02,2,3,000,063,1,0,3,4,1,63,5,1,2,00,2,2,1,201500018129B02,1,1,1
201500018142,2015-09-05,2015,septembre,samedi,17:45,47,47249,44.2469,0.38994,2,3,1,1,1,3,2,02,2,2,000,000,1,5,1,3,1,64,5,1,2,00,2,7,15,201500018142B02,7,1,1
201500018193,2015-03-20,2015,mars,vendredi,15:30,12,12301,44.4282,2.0381,1,1,2,1,1,3,2,02,1,1,000,076,1,0,1,3,2,42,1,1,1,00,2,4,1,201500018193B02,7,1,1
201500018199,2015-07-23,2015,juillet,jeudi,11:00,49,49042,47.46501,-0.40124,1,1,2,1,1,3,2,02,1,1,000,066,1,0,1,3,1,77,5,1,2,00,2,3,2,201500018199B02,10,17,1
201500018206,2015-05-10,2015,mai,dimanche,10:30,49,49083,47.31205,-0.94084,1,1,1,1,1,3,2,02,1,3,000,045,1,0,1,3,1,43,5,1,2,00,2,1,1,201500018206A01,36,1,1
201500018208,2015-06-25,2015,juin,jeudi,23:00,49,49373,47.13783,-0.57457,1,1,2,3,1,3,2,02,1,1,000,075,1,0,1,2,1,71,5,1,4,00,2,4,1,201500018208B02,7,1,1
201500018237,2015-08-25,2015,août,mardi,93:0,61,61496,48.74907,0.02227,1,2,3,1,1,3,4,03,1,1,000,111,1,0,1,3,1,43,5,1,2,00,2,7,19,201500018237B02,7,1,1
201500018247,2015-10-09,2015,octobre,vendredi,10:30,61,61063,48.69002,-0.38125,1,3,3,1,1,3,2,02,1,1,,,1,0,1,3,1,29,5,1,2,00,2,8,1,201500018247B02,3,15,1
201500018261,2015-04-21,2015,avril,mardi,93:0,76,76255,50.04917,1.40625,2,1,2,1,7,3,2,00,3,1,000,053,1,0,1,2,1,79,3,1,2,00,2,4,2,201500018261B02,7,2,1
201500018264,2015-08-15,2015,août,samedi,15:00,76,76207,49.95991,1.39951,2,1,3,1,1,3,2,02,2,1,000,000,1,0,1,2,1,13,5,1,2,00,2,7,1,201500018264B02,99,1,1
201500018285,2015-12-20,2015,décembre,dimanche,10:15,63,63003,45.55037,3.74453,2,1,7,1,8,4,2,01,2,3,000,000,2,0,1,2,2,71,3,1,2,00,0,0,0,201500018285A01,,,
201500018313,2015-09-05,2015,septembre,samedi,20:15,63,63338,46.16274,2.84077,2,9,3,2,1,9,2,00,-1,1,000,035,1,0,1,3,1,7,5,1,2,00,2,1,1,201500018313B02,7,21,1
201500018314,2015-11-03,2015,novembre,mardi,93:0,63,63338,0,0,2,6,2,1,1,3,,,,,,,,,,4,1,74,9,1,1,00,0,4,0,201500018314B02,7,9,1
201500018345,2015-04-22,2015,avril,mercredi,16:30,89,89384,47.91419,3.34741,1,1,2,1,1,3,-1,00,1,1,000,060,1,0,1,2,2,50,5,1,1,00,0,4,1,201500018345B02,10,17,1
201500018359,2015-03-27,2015,mars,vendredi,83:0,71,71014,46.96616,4.29405,2,1,1,1,1,3,2,02,1,1,070,070,1,0,1,4,1,42,5,1,2,00,0,8,1,201500018359B02,7,15,1
201500018451,2015-07-11,2015,juillet,samedi,12:00,33,33193,45.41622,-1.12944,1,2,1,1,1,3,2,02,1,1,000,000,1,0,1,3,2,47,5,1,2,00,2,1,19,201500018451B02,7,1,1
201500018469,2015-07-15,2015,juillet,mercredi,19:00,65,65362,42.959,-0.07849,1,1,2,1,1,3,2,02,2,4,000,000,1,0,1,3,1,22,1,1,2,00,2,1,5,201500018469A01,33,1,1
201500018479,2015-07-14,2015,juillet,mardi,74:5,82,82148,0,0,1,1,2,1,1,3,2,02,-1,1,000,050,1,0,1,3,1,68,0,1,2,00,2,4,1,201500018479B02,7,1,1
201500018482,2015-05-27,2015,mai,mercredi,10:15,82,82017,43.8833,1.25392,2,1,1,1,1,3,2,02,-1,-1,000,090,1,0,1,2,1,75,5,1,2,00,0,8,0,201500018482B02,7,0,1
201500018508,2015-04-27,2015,avril,lundi,14:30,80,80225,49.83613,2.16196,1,1,3,1,1,4,2,02,-1,1,000,060,1,0,1,3,1,18,5,1,2,00,2,1,19,201500018508B02,14,1,1
201500018535,2015-08-16,2015,août,dimanche,21:35,80,80282,50.05225,1.88493,2,1,6,1,1,4,2,02,1,4,000,000,1,0,1,3,1,37,5,1,9,00,0,8,2,201500018535B02,7,0,1
201500018538,2015-09-25,2015,septembre,vendredi,17:15,80,80171,50.13136,1.88712,2,1,1,1,1,4,2,02,1,1,000,050,1,0,1,3,1,11,5,1,9,00,2,1,19,201500018538A01,7,1,1
201500018548,2015-05-31,2015,mai,dimanche,81:5,80,80190,50.05662,1.65152,2,2,1,1,2,4,2,02,1,-1,000,000,2,0,1,3,1,37,5,1,2,00,2,1,19,201500018548B02,7,1,1
201500018562,2015-11-09,2015,novembre,lundi,17:00,80,80368,50.09578,1.56841,1,1,2,2,7,3,2,02,1,4,000,051,1,0,1,2,2,58,5,1,9,00,2,4,1,201500018562B02,7,1,1
201500018577,2015-08-23,2015,août,dimanche,10:45,80,80228,50.22212,1.63269,1,1,1,1,2,3,2,02,1,1,000,065,2,0,1,3,2,61,5,1,9,00,2,7,2,201500018577B02,7,17,1
201500018581,2015-09-08,2015,septembre,mardi,16:30,80,80600,50.16584,1.72524,1,1,1,1,1,3,2,02,1,1,000,076,1,0,1,3,1,66,5,1,9,00,0,8,1,201500018581A01,21,17,1
201500018609,2015-07-06,2015,juillet,lundi,11:30,80,80293,49.66875,2.60202,2,1,3,1,1,3,2,02,1,1,000,067,1,0,1,3,1,71,5,1,2,00,2,1,1,201500018609B02,10,15,1
201500018642,2015-04-14,2015,avril,mardi,15:00,80,80186,49.80393,2.81145,1,3,1,1,1,3,2,02,1,1,000,000,1,0,1,3,1,66,5,1,4,00,2,2,1,201500018642A01,7,16,1
201500018647,2015-10-24,2015,octobre,samedi,64:5,80,80781,49.84281,2.6947,1,1,3,3,1,3,2,02,1,1,000,050,1,0,1,4,2,65,0,1,4,00,2,8,1,201500018647B02,10,17,1
201500018663,2015-06-17,2015,juin,mercredi,17:30,60,60587,49.33482,2.60427,2,1,7,1,1,3,2,00,1,1,000,000,1,0,1,3,1,57,1,1,2,00,0,0,21,201500018663A01,,,
201500018704,2015-04-16,2015,avril,jeudi,16:20,79,79003,46.2707,-0.44704,2,2,3,1,1,3,2,02,1,-1,000,035,1,0,1,4,1,27,5,1,9,00,2,1,1,201500018704B02,7,1,1
201500018727,2015-06-30,2015,juin,mardi,10:30,79,79246,46.39407,-0.14813,1,1,1,1,1,4,2,01,1,2,000,037,1,0,1,3,1,67,5,1,2,00,2,1,1,201500018727B02,10,15,1
201500018741,2015-02-08,2015,février,dimanche,12:15,79,79244,47.02879,-0.14917,1,2,3,1,6,3,2,00,1,1,000,050,1,0,1,2,1,59,5,1,2,00,2,8,15,201500018741B02,7,1,1
201500018777,2015-08-19,2015,août,mercredi,12:00,76,76377,49.49798,1.15177,2,6,3,1,1,3,2,02,1,1,000,000,1,5,1,3,1,56,5,1,2,00,2,5,15,201500018777B02,7,9,1
201500018780,2015-07-10,2015,juillet,vendredi,83:0,76,76136,49.81449,0.95068,2,2,3,1,7,3,2,00,1,1,000,060,1,0,1,4,1,55,5,1,1,00,2,1,1,201500018780B02,14,1,1
201500018794,2015-08-05,2015,août,mercredi,16:30,76,76527,49.80152,1.65717,1,1,3,1,1,3,2,02,1,1,000,060,1,0,1,3,1,13,5,1,2,00,2,8,15,201500018794B02,7,17,1
201500018802,2015-09-19,2015,septembre,samedi,15:30,76,76542,49.73005,0.74461,2,2,1,1,1,4,2,02,1,1,000,042,1,0,1,3,1,12,5,1,1,00,2,1,1,201500018802A01,7,1,1