Num_Acc,date,an,mois,jour,hrmn,dep,com,lat,long,agg,int,col,lum,atm,catr,circ,nbv,prof,plan,lartpc,larrout,surf,infra,situ,grav,sexe,age,trajet,secuexist,equipement,obs,obsm,choc,manv,vehiculeid,typevehicules,manoeuvehicules,numVehicules
201500018836,2015-09-29,2015,septembre,mardi,17:30,74,74011,0,0,2,6,1,1,1,4,2,02,1,1,,,1,5,1,3,1,33,9,1,2,00,2,7,0,201500018836B02,7,9,1
201500018842,2015-04-20,2015,avril,lundi,17:15,74,74311,0,0,1,1,2,1,1,3,2,02,-1,1,000,000,1,0,1,3,1,64,0,1,2,00,2,4,1,201500018842B02,10,1,1
201500018844,2015-07-09,2015,juillet,jeudi,91:5,74,74164,0,0,2,2,3,1,1,3,2,02,1,1,,,1,0,1,4,2,54,5,1,2,00,2,1,1,201500018844B02,7,16,1
201500018850,2015-06-13,2015,juin,samedi,14:00,74,74183,0,0,2,6,3,1,1,3,2,02,1,1,,,1,5,1,4,1,48,5,1,2,00,2,3,1,201500018850A01,7,16,1
201500018866,2015-12-09,2015,décembre,mercredi,18:15,74,74178,0,0,1,1,2,3,1,3,2,02,-1,1,000,000,1,0,1,3,1,13,0,1,4,00,0,4,2,201500018866B02,7,2,1
201500018875,2015-04-20,2015,avril,lundi,10:15,25,25371,47.245,5.87,2,3,3,1,1,3,2,02,1,1,000,050,1,0,1,3,1,12,5,1,2,00,2,1,15,201500018875B02,7,1,1
201500018883,2015-11-08,2015,novembre,dimanche,18:45,25,25542,0,0,1,1,2,3,1,3,-1,00,1,1,000,070,1,0,1,2,1,16,5,1,2,00,2,4,2,201500018883B02,7,2,1
201500018905,2015-03-09,2015,mars,lundi,83:0,56,56258,0,0,2,6,6,1,1,3,2,02,1,1,000,000,1,0,1,3,1,53,5,1,2,00,2,3,1,201500018905A01,,,
201500018906,2015-07-25,2015,juillet,samedi,15:,56,56168,47.59103,-3.1325,1,1,2,3,1,3,2,01,1,1,000,070,1,0,1,2,1,73,9,1,4,00,0,4,1,201500018906B02,7,1,1
201500018907,2015-07-25,2015,juillet,samedi,17:00,56,56186,47.48042,-3.1172,1,1,3,1,1,4,-1,00,2,1,000,060,1,0,1,4,2,56,0,1,2,00,2,8,1,201500018907B02,7,9,1
201500018911,2015-09-05,2015,septembre,samedi,15:30,56,56186,47.48499,-3.11842,2,1,3,1,1,3,1,02,1,2,000,000,1,0,1,3,2,74,5,1,8,00,2,8,2,201500018911B02,7,17,1
201500018913,2015-08-31,2015,août,lundi,91:5,56,56177,47.7791,-3.0075,2,6,3,1,8,3,1,02,1,2,000,650,1,0,1,3,1,58,5,1,2,00,2,1,1,201500018913B02,7,9,1
201500018919,2015-05-24,2015,mai,dimanche,17:00,56,56078,0,0,1,2,3,1,1,3,2,00,3,1,000,060,1,0,1,3,1,19,5,1,2,00,2,7,1,201500018919A01,7,19,1
201500018944,2015-11-04,2015,novembre,mercredi,10:45,56,56133,47.81022,-2.34037,1,1,2,1,1,3,2,02,1,1,000,065,1,5,1,3,1,59,5,1,2,01,0,1,1,201500018944A01,7,2,1
201500018955,2015-06-18,2015,juin,jeudi,17:00,56,56222,47.84344,-2.73515,2,1,1,1,1,9,2,02,1,1,000,079,1,0,1,3,1,13,2,1,2,00,0,4,13,201500018955B02,37,2,1
201500018982,2015-02-03,2015,février,mardi,10:30,56,56101,0,0,2,6,3,1,7,3,2,02,1,1,000,650,1,0,1,3,2,51,5,1,2,00,2,1,1,201500018982B02,7,9,1
201500018983,2015-02-23,2015,février,lundi,84:5,56,56094,0,0,2,6,3,1,2,3,2,02,1,-1,000,885,2,5,1,3,1,68,5,1,2,00,2,7,1,201500018983B02,7,9,1
201500018993,2015-09-15,2015,septembre,mardi,20:45,59,59464,0,0,1,1,2,3,8,3,2,01,1,1,000,065,1,0,1,3,1,28,5,1,4,00,2,4,1,201500018993B02,7,1,1
201500019005,2015-10-09,2015,octobre,vendredi,17:15,51,51380,48.87394,3.54216,2,1,1,1,1,3,2,02,2,1,000,060,1,0,1,2,1,11,2,1,9,00,2,8,9,201500019005B02,7,1,1
201500019014,2015-08-25,2015,août,mardi,10:45,62,62566,50.67378,1.86253,2,1,1,1,8,3,2,02,2,1,000,000,2,0,1,4,1,48,0,1,2,00,2,1,1,201500019014B02,7,19,1
201500019035,2015-02-24,2015,février,mardi,13:30,91,91538,0,0,1,6,2,1,1,3,2,02,1,2,000,000,2,5,1,4,1,56,5,1,2,00,2,5,2,201500019035B02,7,1,1
201500019053,2015-03-08,2015,mars,dimanche,12:15,57,57031,0,0,1,1,3,1,1,3,3,04,1,3,000,000,1,0,1,3,1,37,5,1,2,00,2,6,2,201500019053B02,7,2,1
201500019055,2015-07-21,2015,juillet,mardi,16:45,57,57610,0,0,1,1,1,1,7,3,2,01,2,1,000,060,1,5,1,3,1,51,5,1,2,00,2,1,1,201500019055B02,7,19,1
201500019069,2015-04-10,2015,avril,vendredi,17:30,57,57096,0,0,2,1,3,1,1,4,1,01,1,1,000,026,1,0,1,3,2,6,5,1,2,00,0,5,19,201500019069B02,7,1,1
201500019136,2015-12-18,2015,décembre,vendredi,73:0,74,74070,0,0,2,4,3,2,1,3,2,01,-1,1,076,038,2,0,1,3,2,41,5,1,4,00,2,7,19,201500019136B02,33,1,1
201500019140,2015-02-10,2015,février,mardi,16:15,34,34217,43.69102,3.87989,2,1,7,1,1,3,2,02,2,1,000,060,1,0,1,3,1,57,5,1,2,12,0,7,1,201500019140A01,,,
201500019149,2015-05-16,2015,mai,samedi,17:00,16,16374,45.64158,0.18678,2,2,3,1,1,4,2,02,2,1,000,053,1,0,1,1,1,11,5,1,2,00,2,1,1,201500019149B01,7,1,1
201500019158,2015-05-09,2015,mai,samedi,23:50,16,16015,45.6518,0.15481,2,3,1,5,1,4,2,01,1,1,000,034,1,0,1,3,1,28,5,1,9,00,2,1,1,201500019158B01,7,15,1
201500019167,2015-07-10,2015,juillet,vendredi,19:15,16,16271,45.62755,0.15763,2,6,2,1,1,4,2,02,1,1,000,058,1,0,1,4,1,41,5,1,2,00,2,4,23,201500019167B01,7,1,1
201500019187,2015-08-10,2015,août,lundi,15:50,16,16015,45.65279,0.14675,2,6,3,1,1,3,1,01,1,2,020,015,1,0,1,3,1,83,5,1,2,00,2,1,1,201500019187B01,7,2,1
201500019194,2015-01-17,2015,janvier,samedi,10:00,16,16015,45.65876,0.17097,2,1,7,1,1,3,3,04,1,1,020,100,1,0,1,3,1,42,5,1,2,00,2,3,16,201500019194A01,7,,1
201500019197,2015-01-30,2015,janvier,vendredi,80:0,16,16015,45.65788,0.14149,2,1,6,5,1,4,2,04,1,3,028,103,1,0,1,1,2,28,1,1,4,00,9,1,1,201500019197A01,1,1,1
201500019198,2015-02-11,2015,février,mercredi,10:10,16,16015,45.65347,0.12705,2,1,6,1,1,4,2,02,2,3,000,067,1,0,1,3,2,46,4,1,9,00,2,8,1,201500019198B01,10,13,1
201500019205,2015-02-06,2015,février,vendredi,15:05,16,16015,45.6582,0.1419,2,1,6,1,1,4,2,02,-1,-1,000,000,1,0,1,4,1,40,5,1,4,00,2,8,15,201500019205B01,7,17,1
201500019207,2015-02-27,2015,février,vendredi,23:00,16,16015,45.63792,0.12947,2,1,6,5,1,3,2,02,1,1,035,063,1,0,1,3,1,16,5,1,2,00,2,4,1,201500019207A01,99,1,1
201500019216,2015-09-08,2015,septembre,mardi,17:04,16,16102,45.69177,-0.30726,2,1,6,1,1,4,-1,00,2,2,000,051,1,0,1,1,1,25,2,1,9,00,1,1,1,201500019216A01,,,
201500019219,2015-10-09,2015,octobre,vendredi,10:00,16,16102,45.68871,-0.33661,2,1,2,1,1,3,2,02,1,1,000,070,1,0,1,4,1,55,4,1,2,00,2,4,1,201500019219B01,7,1,1
201500019225,2015-07-09,2015,juillet,jeudi,81:5,69,69133,45.6501,4.76882,1,1,1,1,1,3,2,00,2,1,000,000,1,0,1,3,1,49,5,1,9,00,2,3,1,201500019225B02,7,19,1
201500019234,2015-01-09,2015,janvier,vendredi,74:5,17,17299,45.93134,-0.9656,2,1,7,5,1,3,2,02,1,1,000,055,1,0,1,4,1,14,2,1,9,00,2,8,19,201500019234B01,7,1,1
201500019239,2015-04-24,2015,avril,vendredi,10:55,17,17299,45.92558,-0.96008,2,2,3,1,1,4,2,02,1,1,000,090,1,0,1,4,2,66,5,1,2,00,2,8,1,201500019239B01,15,16,1
201500019253,2015-06-04,2015,juin,jeudi,18:05,17,17299,45.91724,-0.96073,2,2,3,1,1,4,2,02,1,1,000,065,1,0,1,4,2,64,5,1,9,00,2,7,1,201500019253B01,7,16,1
201500019261,2015-07-28,2015,juillet,mardi,91:5,17,17299,45.93052,-0.96052,2,6,3,1,1,4,1,01,1,2,000,062,1,0,1,4,1,53,5,1,9,00,2,1,1,201500019261B01,7,9,1
201500019267,2015-08-20,2015,août,jeudi,10:40,17,17299,45.95205,-0.95267,2,6,3,1,1,3,1,01,1,2,000,059,1,0,5,3,2,72,5,1,9,00,2,1,1,201500019267B01,7,16,1
201500019274,2015-10-01,2015,octobre,jeudi,12:05,17,17299,45.93464,0.95967,2,2,3,1,1,4,2,02,1,1,000,075,1,0,1,4,2,23,5,1,9,00,2,1,1,201500019274B01,7,1,1
201500019319,2015-04-08,2015,avril,mercredi,18:20,17,17300,46.159,-1.15386,2,1,6,1,1,4,1,00,2,1,000,000,1,0,0,4,2,22,2,1,2,01,0,1,2,201500019319B01,7,24,1
201500019330,2015-04-22,2015,avril,mercredi,13:00,17,17300,46.16362,-1.18197,2,1,3,1,1,4,2,02,1,1,000,000,1,0,5,4,2,30,5,1,4,00,2,2,1,201500019330B01,3,2,1
201500019332,2015-04-24,2015,avril,vendredi,15:45,17,17300,46.15238,-1.11972,2,1,2,1,1,4,2,02,1,1,000,000,1,0,1,4,1,7,5,1,9,00,2,7,19,201500019332A01,7,1,1
201500019338,2015-05-03,2015,mai,dimanche,20:35,17,17300,46.15473,-1.14562,2,1,3,2,1,4,2,02,1,1,000,000,1,0,1,4,2,47,5,1,2,00,2,7,2,201500019338B01,7,21,1
201500019346,2015-05-28,2015,mai,jeudi,34:0,17,17300,46.15891,-1.14977,2,1,6,5,1,4,1,00,1,1,000,000,1,0,5,3,2,21,1,1,2,00,2,4,2,201500019346A01,,,
201500019349,2015-05-30,2015,mai,samedi,20:35,17,17300,46.17306,-1.16115,2,6,3,1,1,4,2,02,1,1,000,000,1,5,1,3,1,22,5,1,9,00,2,6,1,201500019349B01,7,1,1
201500019354,2015-06-04,2015,juin,jeudi,16:45,17,17300,46.1714,-1.12327,2,1,3,1,1,4,3,00,1,1,000,000,1,0,1,4,1,43,5,1,9,00,0,1,2,201500019354B01,7,2,1
201500019355,2015-06-07,2015,juin,dimanche,13:00,17,17300,46.15605,-1.16392,2,1,7,1,1,4,2,01,1,-1,000,000,1,0,4,3,2,61,5,1,2,00,2,1,2,201500019355B01,7,22,1
201500019367,2015-06-23,2015,juin,mardi,17:10,17,17300,46.15212,-1.14809,2,2,3,1,1,4,1,01,1,1,000,000,1,0,1,4,2,27,1,1,9,00,2,8,15,201500019367B01,7,2,1
201500019368,2015-06-26,2015,juin,vendredi,17:20,17,17300,46.16906,-1.14702,2,1,3,1,1,4,1,01,2,3,000,000,1,0,1,1,2,64,5,1,9,00,2,8,1,201500019368B01,31,17,1
201500019374,2015-07-09,2015,juillet,jeudi,14:53,17,17300,46.15557,-1.137,2,1,1,1,1,4,-1,00,1,-1,000,000,1,0,5,4,1,16,0,1,2,00,2,1,1,201500019374B01,7,1,1
201500019376,2015-07-10,2015,juillet,vendredi,15:40,17,17300,46.17149,-1.13945,2,1,6,1,1,4,2,03,1,1,000,000,1,0,1,2,1,54,0,1,2,00,2,1,0,201500019376B01,7,0,1
201500019392,2015-07-30,2015,juillet,jeudi,12:40,17,17300,46.16314,-1.15246,2,1,6,1,1,4,1,00,1,-1,000,000,1,0,0,4,2,64,5,1,2,00,2,1,19,201500019392B01,33,1,1
201500019397,2015-08-05,2015,août,mercredi,73:5,17,17300,46.16506,-1.19381,2,2,3,1,1,2,2,00,1,1,000,000,1,0,1,4,1,34,1,1,9,00,2,7,2,201500019397B01,7,19,1
201500019398,2015-08-10,2015,août,lundi,80:5,17,17300,46.1629,-1.13485,2,1,3,1,1,4,2,02,1,3,000,000,1,0,0,3,1,56,5,1,2,00,2,7,2,201500019398B01,7,9,1
201500019400,2015-08-10,2015,août,lundi,17:00,17,17300,46.149,-1.14541,2,1,3,1,1,4,2,02,1,1,000,000,1,0,1,4,2,16,5,1,2,00,2,1,2,201500019400B01,7,2,1
201500019407,2015-08-20,2015,août,jeudi,15:25,17,17300,46.15379,-1.15355,2,1,3,1,1,4,2,02,1,1,000,000,1,0,1,4,1,16,5,1,2,00,2,8,10,201500019407A01,33,1,1
201500019415,2015-09-02,2015,septembre,mercredi,81:0,17,17300,46.15043,-1.14617,2,2,3,1,1,4,2,02,1,1,000,000,1,0,1,4,1,60,1,1,2,00,2,1,1,201500019415A01,7,15,1
201500019417,2015-09-03,2015,septembre,jeudi,94:0,17,17300,46.18221,-1.20145,2,2,2,1,1,3,2,00,1,1,000,000,1,0,1,4,1,64,1,1,2,00,2,4,2,201500019417B01,7,2,1
201500019424,2015-09-07,2015,septembre,lundi,17:50,17,17300,46.16766,-1.1398,2,1,3,1,1,4,2,01,1,1,000,000,1,0,1,4,1,16,2,1,2,00,2,8,19,201500019424B01,7,16,1
201500019425,2015-09-07,2015,septembre,lundi,18:25,17,17300,46.16271,-1.16149,2,2,1,1,1,4,2,02,1,1,000,000,1,0,1,4,1,20,2,1,2,00,2,1,5,201500019425B01,7,1,1
201500019426,2015-09-08,2015,septembre,mardi,15:50,17,17300,46.15319,-1.13047,2,1,7,1,1,4,2,02,1,1,000,000,1,0,1,4,2,68,5,1,2,00,0,7,1,201500019426A01,,,
201500019427,2015-09-08,2015,septembre,mardi,18:30,17,17300,46.15877,-1.15391,2,1,6,1,1,4,1,01,1,1,000,000,1,0,1,1,1,30,1,1,2,00,1,1,1,201500019427A01,,,
201500019429,2015-09-09,2015,septembre,mercredi,90:0,17,17300,46.1461,-1.15283,2,6,3,1,1,4,2,02,1,2,000,000,1,0,1,4,2,21,5,1,2,00,2,2,1,201500019429B01,7,1,1
201500019430,2015-09-10,2015,septembre,jeudi,14:00,17,17300,46.14231,-1.15292,2,1,3,1,1,4,2,00,1,1,000,000,1,0,1,3,2,18,2,1,2,00,2,7,0,201500019430B01,7,1,1
201500019442,2015-09-18,2015,septembre,vendredi,21:20,17,17300,46.16175,-1.16539,2,1,6,4,1,4,2,01,1,1,000,000,1,0,4,1,1,18,5,1,2,00,1,1,1,201500019442A01,,,
201500019453,2015-09-30,2015,septembre,mercredi,21:15,17,17300,46.15851,-1.14567,2,4,1,5,1,4,1,01,1,1,000,000,1,0,1,3,1,41,5,1,9,00,2,8,19,201500019453B01,7,2,1
201500019454,2015-10-08,2015,octobre,jeudi,85:0,17,17300,46.15923,-1.15178,2,3,3,1,1,4,1,01,1,1,000,000,1,0,1,4,2,21,2,1,2,00,2,1,9,201500019454A01,2,1,1
201500019455,2015-10-08,2015,octobre,jeudi,16:45,17,17300,46.15556,-1.11882,1,1,3,1,1,4,2,02,1,1,000,005,1,0,1,4,1,33,5,1,2,00,2,8,2,201500019455B01,7,2,1
201500019460,2015-10-12,2015,octobre,lundi,73:0,17,17300,46.13842,-1.15137,2,2,3,2,1,4,2,02,4,1,000,000,1,0,1,4,2,18,2,1,2,00,2,1,14,201500019460B01,7,16,1
201500019461,2015-10-13,2015,octobre,mardi,14:42,17,17300,46.16957,-1.15115,2,6,3,1,1,4,3,02,1,2,000,000,1,0,1,4,2,44,5,1,2,00,2,8,19,201500019461B01,7,1,1
201500019467,2015-10-17,2015,octobre,samedi,12:45,17,17300,46.17491,-1.19707,2,2,3,1,1,4,2,02,1,1,000,000,1,0,1,4,1,29,5,1,2,00,2,7,19,201500019467B01,7,1,1
201500019474,2015-11-02,2015,novembre,lundi,16:09,17,17300,46.17332,-1.15627,1,1,7,1,1,4,-1,02,1,1,000,000,1,0,0,4,1,41,9,1,2,00,0,0,0,201500019474A01,,,
201500019477,2015-11-08,2015,novembre,dimanche,17:40,17,17300,46.10326,-1.13191,1,1,3,2,1,9,2,00,2,1,000,000,1,0,5,3,2,51,5,1,9,00,9,7,2,201500019477A01,1,17,1
201500019485,2015-11-20,2015,novembre,vendredi,80:0,17,17300,46,-1,2,1,6,2,1,4,1,01,1,1,000,040,1,0,1,4,1,23,1,1,9,01,0,1,1,201500019485B01,7,22,1
201500019505,2015-12-11,2015,décembre,vendredi,84:5,17,17300,46.16827,-1.17763,2,1,1,2,1,4,1,01,1,1,000,050,1,0,1,4,1,48,5,1,9,00,2,1,5,201500019505A01,7,1,1
201500019509,2015-12-14,2015,décembre,lundi,14:30,17,17300,46.17151,-1.1233,2,1,2,1,1,4,2,02,1,1,000,150,1,0,1,4,1,38,1,1,9,00,0,4,2,201500019509B01,7,2,1
201500019510,2015-12-16,2015,décembre,mercredi,15:30,17,17300,46.1568,-1.14976,2,1,6,1,1,4,1,02,1,1,000,070,1,0,1,4,2,43,5,1,9,00,2,1,1,201500019510B01,7,22,1
201500019525,2015-01-08,2015,janvier,jeudi,15:00,17,17306,45.63978,-1.03004,2,1,6,1,1,3,2,02,1,1,000,000,1,0,1,4,1,60,5,1,9,00,2,4,1,201500019525B01,7,1,1
201500019533,2015-01-23,2015,janvier,vendredi,17:15,17,17306,45.62444,-1.01891,2,1,6,1,1,4,2,02,1,1,000,000,1,0,1,4,2,75,5,1,9,00,2,1,1,201500019533B01,7,22,1
201500019545,2015-05-15,2015,mai,vendredi,10:20,17,17306,45.62496,-1.02939,2,1,6,1,1,4,3,01,1,1,000,000,1,0,4,1,1,74,0,1,2,00,1,0,1,201500019545A01,,,
201500019549,2015-05-20,2015,mai,mercredi,18:00,17,17461,45.64974,-1.0682,2,6,2,1,1,4,-1,02,1,1,000,000,1,0,1,4,1,73,5,1,2,00,2,1,1,201500019549A01,7,1,1
201500019562,2015-06-30,2015,juin,mardi,75:2,17,17380,45.65042,-1.06966,1,2,1,1,1,4,2,02,1,-1,000,000,1,0,1,4,1,63,9,1,2,00,2,8,1,201500019562B01,7,17,1
201500019569,2015-07-13,2015,juillet,lundi,17:32,17,17306,45.6365,-1.03788,2,1,3,1,1,3,2,02,-1,-1,000,000,1,0,1,4,2,17,5,1,2,00,2,1,19,201500019569B01,33,17,1
201500019571,2015-07-15,2015,juillet,mercredi,12:15,17,17333,45.59579,-0.98902,2,2,3,1,1,4,1,01,1,-1,000,000,-1,0,1,4,1,73,5,1,2,00,2,1,0,201500019571B01,1,1,1
201500019571,2015-07-15,2015,juillet,mercredi,12:15,17,17333,45.59579,-0.98902,2,2,3,1,1,4,1,01,1,-1,000,000,-1,0,1,4,1,39,1,1,2,00,2,1,1,201500019571A01,1,0,1
201500019573,2015-07-20,2015,juillet,lundi,12:15,17,17306,45.62522,-1.00106,2,1,6,1,1,2,2,02,1,1,000,000,1,0,1,4,1,74,0,1,2,00,2,0,9,201500019573B01,14,0,1
201500019575,2015-07-24,2015,juillet,vendredi,21:55,17,17306,45.62086,-1.03658,2,3,3,2,1,4,2,01,,1,,,1,0,1,4,1,20,5,1,2,00,2,1,1,201500019575B01,7,16,1
201500019581,2015-08-01,2015,août,samedi,20:20,17,17306,45.62116,-1.01926,2,1,1,2,1,4,2,02,1,1,000,000,1,0,5,4,1,51,5,1,2,00,2,1,1,201500019581A01,1,1,1
201500019581,2015-08-01,2015,août,samedi,20:20,17,17306,45.62116,-1.01926,2,1,1,2,1,4,2,02,1,1,000,000,1,0,5,4,1,72,5,1,2,00,2,1,1,201500019581B01,1,1,1
201500019582,2015-08-04,2015,août,mardi,20:34,17,17380,45.65082,-1.07033,2,1,6,2,1,4,2,02,1,1,000,000,1,0,1,4,2,16,5,1,2,00,0,4,1,201500019582B01,7,1,1
201500019593,2015-08-28,2015,août,vendredi,12:20,17,17306,45.62531,-1.026,2,2,6,1,1,4,-1,01,-1,-1,000,000,1,0,1,4,1,48,0,1,2,00,1,1,1,201500019593A01,,,
201500019593,2015-08-28,2015,août,vendredi,12:20,17,17306,45.62531,-1.026,2,2,6,1,1,4,-1,01,-1,-1,000,000,1,0,1,1,1,45,0,1,8,00,1,1,1,201500019593A01,,,
201500019597,2015-09-29,2015,septembre,mardi,15:24,17,17306,45.62188,-1.0391,2,1,2,1,1,4,2,00,1,1,000,000,1,0,1,4,1,74,5,1,2,00,2,1,1,201500019597A01,37,1,1
201500019599,2015-10-13,2015,octobre,mardi,13:25,17,17306,45.63617,-1.02853,2,6,6,1,1,4,-1,02,1,-1,000,000,1,0,1,4,1,16,9,1,2,00,2,1,1,201500019599A01,7,1,1
201500019625,2015-03-04,2015,mars,mercredi,91:4,17,17415,45.74872,-0.6442,2,1,6,1,1,4,2,00,-1,-1,000,060,1,0,1,4,2,23,0,1,4,00,0,1,1,201500019625A01,,,
201500019630,2015-03-18,2015,mars,mercredi,15:30,17,17415,45.74365,-0.6559,2,1,6,1,1,4,2,02,-1,-1,000,000,-1,0,1,4,1,9,5,1,4,00,0,0,0,201500019630B01,7,0,1
201500019635,2015-02-06,2015,février,vendredi,18:25,17,17415,45.74017,-0.64201,2,1,6,2,1,4,-1,02,-1,-1,000,060,1,0,5,4,1,20,5,1,4,00,2,1,1,201500019635B01,7,9,1
201500019643,2015-04-13,2015,avril,lundi,19:15,17,17415,45.74748,-0.63845,2,1,6,1,1,4,2,02,-1,-1,000,060,1,0,1,4,1,18,3,1,4,00,0,0,0,201500019643B01,7,0,1
201500019643,2015-04-13,2015,avril,lundi,19:15,17,17415,45.74748,-0.63845,2,1,6,1,1,4,2,02,-1,-1,000,060,1,0,1,4,1,17,0,1,4,00,0,0,0,201500019643B01,7,0,1
201500019644,2015-04-16,2015,avril,jeudi,94:0,17,17415,45.74579,-0.59017,1,3,6,1,1,2,2,00,2,1,000,080,1,0,1,4,2,42,5,1,2,00,2,1,1,201500019644B01,7,23,1
201500019645,2015-04-30,2015,avril,jeudi,64:5,17,17415,45.74591,-0.62873,2,3,6,5,1,4,1,01,1,1,,,1,0,1,4,1,46,5,1,4,00,2,8,1,201500019645B01,15,2,1
201500019647,2015-05-21,2015,mai,jeudi,17:30,17,17415,45.75294,-0.63105,1,6,3,1,1,4,2,02,-1,-1,000,000,-1,0,1,4,1,60,5,1,4,00,0,1,1,201500019647B01,7,9,1
201500019653,2015-06-28,2015,juin,dimanche,84:5,17,17415,45.74691,-0.6284,1,6,3,1,1,4,2,01,1,1,,,1,0,1,3,1,38,5,1,4,00,0,1,1,201500019653B01,7,9,1
201500019659,2015-07-14,2015,juillet,mardi,12:10,17,17415,45.74153,-0.6387,2,1,2,1,1,3,2,02,-1,-1,000,000,-1,0,0,4,1,15,0,1,4,00,2,4,9,201500019659B01,7,1,1
201500019674,2015-10-14,2015,octobre,mercredi,13:25,17,17415,45.43539,-0.38542,2,3,3,1,1,3,2,02,1,1,000,000,1,0,1,4,2,15,3,1,9,00,0,0,0,201500019674A01,7,0,1
201500019703,2015-02-19,2015,février,jeudi,15:00,30,30141,44.08444,4.70503,1,1,1,1,1,2,2,01,1,1,000,070,1,0,1,3,1,51,5,1,2,00,2,6,1,201500019703B02,10,1,1
201500019705,2015-04-29,2015,avril,mercredi,12:45,30,30331,44.11748,4.59413,1,3,3,1,1,3,2,00,1,2,000,000,1,5,1,2,1,66,5,1,2,00,2,8,9,201500019705B02,7,1,1
201500019706,2015-04-30,2015,avril,jeudi,18:15,30,30331,44.10628,4.59207,2,1,1,1,1,3,2,02,1,-1,000,065,1,0,1,3,1,11,5,1,9,00,2,1,19,201500019706B02,7,1,1
201500019718,2015-12-09,2015,décembre,mercredi,18:15,30,30331,44.13443,4.60484,1,1,1,5,1,3,2,02,1,1,000,060,1,0,1,3,2,11,5,1,2,00,2,8,19,201500019718B02,7,1,1
201500019730,2015-03-28,2015,mars,samedi,13:30,77,77436,48.80188,3.21134,2,2,3,1,8,3,2,02,1,1,,,2,0,1,4,1,14,9,1,2,00,2,1,16,201500019730B02,7,1,1
201500019778,2015-05-03,2015,mai,dimanche,17:15,21,21081,47.36772,4.77506,1,2,1,1,2,3,2,02,1,1,000,070,2,5,1,3,1,64,5,1,2,00,2,7,1,201500019778A01,7,19,1
201500019779,2015-06-11,2015,juin,jeudi,10:15,21,21661,47.31846,4.91035,2,1,3,1,1,3,2,02,-1,1,000,069,1,0,1,3,1,62,5,1,2,00,2,1,16,201500019779A01,3,15,1
201500019787,2015-08-09,2015,août,dimanche,11:30,83,83130,0,0,2,6,3,1,1,3,2,02,1,3,000,000,1,5,1,3,1,38,5,1,2,00,2,1,19,201500019787A01,14,16,1
201500019824,2015-05-07,2015,mai,jeudi,13:00,14,14456,49.1029,-0.16355,1,3,3,1,1,3,2,02,1,2,000,085,1,5,1,2,1,63,5,1,2,00,2,8,9,201500019824B02,17,21,1
201500019835,2015-03-14,2015,mars,samedi,13:20,18,18033,47.10386,2.40983,2,2,3,1,1,3,2,04,1,1,000,117,1,0,1,4,1,32,5,1,2,00,2,1,1,201500019835B01,10,15,1
201500019837,2015-03-17,2015,mars,mardi,17:39,18,18033,47.06096,2.41282,2,3,3,1,1,4,2,02,1,2,000,066,1,0,1,4,1,16,2,1,9,00,2,1,15,201500019837B01,7,1,1
201500019838,2015-03-26,2015,mars,jeudi,75:7,18,18033,47.07922,2.38981,2,3,3,1,1,4,1,01,2,1,000,000,1,0,1,3,1,54,1,1,2,00,2,6,19,201500019838B01,7,1,1
201500019846,2015-05-31,2015,mai,dimanche,13:08,18,18033,47.0752,2.41314,2,3,3,1,1,4,1,01,3,1,000,060,1,0,1,4,1,5,5,1,2,00,2,3,16,201500019846A01,7,1,1
201500019881,2015-01-12,2015,janvier,lundi,11:00,18,18033,47.06124,2.3859,2,3,6,1,1,3,2,02,1,1,,100,1,0,1,3,1,65,3,1,9,00,2,1,1,201500019881B01,7,15,1
201500020011,2015-04-16,2015,avril,jeudi,13:45,18,18279,47.22132,2.06764,2,1,3,1,1,4,2,02,1,1,000,055,1,2,1,4,1,19,2,1,2,00,2,1,19,201500020011A01,2,1,1
201500020018,2015-07-15,2015,juillet,mercredi,90:0,18,18279,47.21907,2.09129,2,4,3,1,7,4,2,02,1,4,000,070,1,2,1,4,1,62,3,1,9,00,2,1,1,201500020018B01,7,15,1
201500020029,2015-09-11,2015,septembre,vendredi,10:30,18,18279,47.2099,2.09851,2,3,1,1,7,3,2,02,3,1,000,055,1,0,1,3,1,45,9,1,2,00,2,9,1,201500020029B01,7,16,1
201500020041,2015-12-22,2015,décembre,mardi,14:50,18,18279,0,0,1,1,6,1,1,4,2,02,1,1,000,060,1,0,1,4,1,41,9,1,2,16,0,7,1,201500020041A01,,,
201500020053,2015-09-05,2015,septembre,samedi,16:30,72,72058,0,0,1,1,1,1,1,3,2,02,-1,1,000,000,1,0,1,4,1,40,5,1,2,00,2,1,1,201500020053B02,7,14,1
201500020056,2015-10-13,2015,octobre,mardi,71:5,72,72008,0,0,2,1,2,2,1,3,2,02,1,1,000,050,1,0,1,3,1,57,1,1,4,00,2,4,2,201500020056A01,7,2,1
201500020067,2015-06-11,2015,juin,jeudi,18:15,83,83019,43.12451,6.35715,2,2,3,1,1,3,2,00,1,1,000,065,1,5,1,4,1,43,5,1,2,00,2,7,1,201500020067A01,7,15,1
201500020069,2015-06-15,2015,juin,lundi,81:5,83,83019,43.15024,6.31217,2,1,3,1,1,9,2,01,1,1,000,036,1,0,1,4,1,66,5,1,2,00,2,8,1,201500020069B02,7,15,1