Num_Acc,date,an,mois,jour,hrmn,dep,com,lat,long,agg,int,col,lum,atm,catr,circ,nbv,prof,plan,lartpc,larrout,surf,infra,situ,grav,sexe,age,trajet,secuexist,equipement,obs,obsm,choc,manv,vehiculeid,typevehicules,manoeuvehicules,numVehicules
201500020071,2015-07-07,2015,juillet,mardi,20:15,83,83070,43.17351,6.44586,1,1,1,2,1,5,2,00,1,3,000,040,-1,0,1,3,1,56,5,1,2,00,2,1,1,201500020071B02,10,1,1
201500020074,2015-07-24,2015,juillet,vendredi,18:15,83,83070,43.13811,6.37288,2,1,3,1,1,4,2,02,1,1,000,061,1,0,1,3,1,55,5,1,1,00,2,8,15,201500020074A01,30,1,1
201500020075,2015-08-03,2015,août,lundi,12:15,83,83019,0,0,1,1,7,1,1,3,2,02,2,1,000,055,1,0,3,3,1,62,5,1,2,16,0,1,1,201500020075A01,,,
201500020076,2015-08-12,2015,août,mercredi,10:45,83,83019,0,0,1,1,3,1,1,3,2,02,1,1,000,054,1,0,1,4,2,28,5,1,2,00,2,8,1,201500020076B02,13,17,1
201500020151,2015-07-08,2015,juillet,mercredi,91:0,19,19031,45.1672,1.54234,2,6,2,1,1,4,2,02,1,1,000,000,1,0,1,4,1,38,1,1,2,00,2,8,1,201500020151B01,7,9,1
201500020162,2015-08-11,2015,août,mardi,12:35,19,19031,45.1551,1.5313,2,3,3,1,1,4,2,02,1,1,000,000,1,0,1,4,1,46,1,1,2,00,2,1,9,201500020162A01,7,1,1
201500020168,2015-09-04,2015,septembre,vendredi,19:15,19,19031,45.1646,1.50277,2,2,1,1,1,4,2,02,1,1,000,000,1,5,1,4,1,33,5,1,9,00,2,1,1,201500020168B01,7,15,1
201500020171,2015-09-11,2015,septembre,vendredi,84:5,19,19031,45.1598,1.51391,2,3,3,1,1,4,2,02,1,1,000,000,1,0,1,4,2,59,1,1,9,00,2,1,1,201500020171B01,7,9,1
201500020185,2015-10-11,2015,octobre,dimanche,16:25,19,19031,45.1665,1.54147,2,1,3,1,7,5,2,01,1,1,000,000,1,0,1,4,1,10,5,1,2,00,2,1,1,201500020185B01,7,0,1
201500020194,2015-10-30,2015,octobre,vendredi,10:30,19,19031,45.166,1.54181,2,6,2,1,1,4,2,02,1,1,000,000,1,0,1,4,2,24,2,1,2,00,2,4,3,201500020194B01,7,2,1
201500020200,2015-11-21,2015,novembre,samedi,12:50,19,19031,45.1589,1.51176,2,6,3,1,1,4,1,02,1,2,000,000,1,0,1,4,1,42,0,1,2,00,2,4,1,201500020200B01,7,0,1
201500020210,2015-12-17,2015,décembre,jeudi,12:00,19,19031,45.1456,1.49052,2,3,6,1,1,4,2,02,1,1,000,000,1,0,1,3,2,51,4,1,2,00,2,1,2,201500020210B01,10,4,1
201500020216,2015-12-29,2015,décembre,mardi,16:15,19,19031,45.1589,1.49593,2,1,3,1,1,4,2,02,1,1,000,000,1,0,1,4,1,62,5,1,2,00,2,1,1,201500020216B01,7,15,1
201500020228,2015-08-19,2015,août,mercredi,15:45,59,59448,0,0,2,6,1,1,1,3,2,00,1,3,000,000,1,0,1,3,2,79,5,1,9,00,2,1,1,201500020228B02,7,1,1
201500020246,2015-06-21,2015,juin,dimanche,10:00,19,19275,45.5529,2.32283,2,1,6,1,1,4,1,01,4,1,000,059,1,0,4,4,1,12,5,1,2,01,0,7,5,201500020246A01,,,
201500020258,2015-04-20,2015,avril,lundi,19:27,21,21054,0,0,2,2,3,1,1,4,2,02,1,1,000,000,1,0,1,4,1,15,5,1,2,00,2,0,0,201500020258A01,7,1,1
201500020258,2015-04-20,2015,avril,lundi,19:27,21,21054,0,0,2,2,3,1,1,4,2,02,1,1,000,000,1,0,1,4,2,15,5,1,2,00,2,0,0,201500020258A01,7,1,1
201500020265,2015-07-02,2015,juillet,jeudi,20:50,21,21054,47.02825,4.84594,2,3,3,1,1,4,2,02,1,-1,000,000,1,0,1,3,1,44,1,1,9,00,2,3,16,201500020265B01,7,17,1
201500020281,2015-03-20,2015,mars,vendredi,16:09,21,21278,0,0,2,6,3,1,1,4,3,00,1,1,000,000,1,5,1,3,1,83,5,1,2,00,2,1,1,201500020281B01,10,16,1
201500020292,2015-04-23,2015,avril,jeudi,10:05,21,21231,47.33392,5.06734,2,1,6,1,1,4,3,04,2,1,000,000,1,0,1,3,1,75,5,1,2,00,0,0,0,201500020292A01,,,
201500020294,2015-05-10,2015,mai,dimanche,21:01,21,21231,47.304,5.02259,2,1,1,1,1,4,1,01,1,1,000,033,1,4,1,3,1,7,5,1,2,00,0,0,0,201500020294B01,7,0,1
201500020301,2015-08-03,2015,août,lundi,18:07,21,21231,47.33086,5.05645,2,3,1,1,1,4,2,03,1,1,000,100,1,0,1,4,1,9,5,1,2,00,2,6,13,201500020301B01,33,1,1
201500020302,2015-08-04,2015,août,mardi,20:12,21,21231,47.31603,5.0269,2,1,3,1,1,4,2,04,1,1,018,071,1,0,1,4,1,26,0,1,2,00,2,0,0,201500020302B01,7,1,1
201500020316,2015-11-06,2015,novembre,vendredi,22:50,21,21166,47.28548,5.00274,2,6,3,5,1,3,2,02,1,1,000,000,1,5,1,3,2,18,5,1,2,00,2,8,0,201500020316B01,7,1,1
201500020347,2015-08-18,2015,août,mardi,16:50,22,22113,48.75182,-3.45316,2,6,3,1,1,4,-1,01,1,1,000,000,1,0,1,4,1,51,5,1,2,00,2,8,2,201500020347B01,10,2,1
201500020350,2015-09-01,2015,septembre,mardi,17:55,22,22113,48.74659,-3.46181,2,6,3,1,1,3,4,02,1,2,000,000,1,5,5,3,1,33,1,1,2,00,2,1,19,201500020350B01,7,16,1
201500020354,2015-10-06,2015,octobre,mardi,10:00,22,22113,48.73903,-3.45768,2,2,6,1,2,4,2,02,1,1,000,070,2,5,1,2,1,82,0,1,2,00,0,1,1,201500020354B01,7,1,1
201500020357,2015-09-16,2015,septembre,mercredi,10:50,22,22113,48.73293,-3.47437,2,1,7,1,2,4,2,02,2,-1,000,051,2,0,1,4,1,44,5,1,9,00,0,0,0,201500020357A01,,,
201500020372,2015-01-01,2015,janvier,jeudi,11:10,22,22278,48.49762,-2.7483,2,6,3,1,1,4,2,02,1,2,000,000,1,5,1,3,1,83,5,1,9,00,2,8,9,201500020372B01,7,9,1
201500020377,2015-03-04,2015,mars,mercredi,17:18,22,22215,48.494,-2.7774,2,6,3,1,1,3,2,02,1,1,000,070,1,5,0,4,1,14,9,1,4,00,2,1,19,201500020377B01,7,16,1
201500020410,2015-06-15,2015,juin,lundi,17:50,22,22278,48.49461,-2.74363,1,1,7,1,1,4,2,02,1,1,000,068,1,0,4,3,2,44,5,1,9,15,0,0,1,201500020410A01,,,
201500020426,2015-07-21,2015,juillet,mardi,90:0,22,22215,48.51692,-2.82373,1,1,1,1,1,4,2,02,-1,2,000,036,1,0,1,4,1,31,5,1,2,00,2,1,1,201500020426B01,10,14,1
201500020439,2015-09-14,2015,septembre,lundi,80:0,22,22278,48.51896,-2.79306,2,1,3,1,1,4,2,04,1,1,000,000,2,0,1,4,1,11,2,1,2,00,2,7,15,201500020439B01,7,1,1
201500020447,2015-09-22,2015,septembre,mardi,12:25,22,22278,48.51103,-2.45361,2,1,6,1,1,4,2,04,1,1,000,000,2,0,0,1,1,21,9,1,2,00,1,1,1,201500020447A01,,,
201500020465,2015-01-06,2015,janvier,mardi,15:05,22,22278,48.50687,-2.74961,2,3,3,1,1,4,2,02,1,1,000,067,2,0,5,4,1,31,5,1,2,00,2,3,1,201500020465B01,10,16,1
201500020483,2015-02-09,2015,février,lundi,15:30,22,22278,48.49867,-2.77174,2,6,6,1,1,4,2,02,1,1,000,070,1,5,1,4,1,48,5,1,4,00,2,7,1,201500020483B01,7,9,1
201500020500,2015-08-25,2015,août,mardi,17:03,24,24140,44.8418,0.54934,1,1,1,1,1,3,2,02,1,2,000,050,1,0,1,3,1,65,5,1,9,00,2,1,1,201500020500B01,30,17,1
201500020511,2015-03-27,2015,mars,vendredi,12:45,24,24322,45.1768,0.72414,2,1,3,1,1,4,2,02,1,1,000,070,1,2,1,3,1,14,2,1,9,00,2,1,19,201500020511B01,7,1,1
201500020515,2015-04-30,2015,avril,jeudi,14:40,24,24322,45.1972,0.70043,2,3,2,1,1,3,2,03,1,1,000,090,1,0,1,3,1,76,5,1,2,00,2,4,1,201500020515B01,7,16,1
201500020540,2015-03-19,2015,mars,jeudi,17:12,25,25056,47.2278,5.97508,2,1,1,1,1,4,2,05,1,1,000,000,1,0,0,3,1,67,0,1,2,00,2,4,1,201500020540B01,7,1,1
201500020546,2015-03-25,2015,mars,mercredi,83:8,25,25056,47.21859,5.97115,2,1,6,1,1,4,-1,00,-1,-1,000,000,1,0,1,1,1,27,4,1,2,00,1,0,0,201500020546A01,,,
201500020546,2015-03-25,2015,mars,mercredi,83:8,25,25056,47.21859,5.97115,2,1,6,1,1,4,-1,00,-1,-1,000,000,1,0,1,4,2,58,0,1,9,00,1,0,0,201500020546A01,,,
201500020551,2015-03-26,2015,mars,jeudi,19:48,25,25056,0,0,2,1,6,5,1,3,2,02,1,1,000,000,1,0,1,1,1,75,0,1,2,00,1,0,0,201500020551A01,,,
201500020551,2015-03-26,2015,mars,jeudi,19:48,25,25056,0,0,2,1,6,5,1,3,2,02,1,1,000,000,1,0,1,3,1,52,3,1,9,00,1,0,0,201500020551A01,,,
201500020565,2015-05-13,2015,mai,mercredi,10:18,25,25056,0,0,2,3,3,1,1,4,2,02,-1,-1,000,000,-1,0,1,4,1,51,0,1,2,00,2,1,1,201500020565B01,7,0,1
201500020567,2015-05-15,2015,mai,vendredi,10:57,25,25056,47,2,2,1,2,1,1,4,-1,02,-1,-1,000,000,-1,0,0,3,1,59,0,1,9,00,2,0,0,201500020567B01,10,0,1
201500020569,2015-05-18,2015,mai,lundi,18:02,25,25056,47.14529,6.08496,2,1,6,1,1,3,2,03,2,-1,000,000,1,0,4,4,2,27,0,1,4,00,0,0,0,201500020569A01,7,0,1
201500020575,2015-06-02,2015,juin,mardi,16:25,25,25056,47.2319,5.99933,2,1,2,1,1,4,2,02,-1,-1,000,000,1,0,1,4,1,67,0,1,2,00,2,0,0,201500020575A01,37,0,1
201500020581,2015-06-28,2015,juin,dimanche,19:50,25,25056,47.2178,5.97525,2,1,3,1,1,4,2,02,1,-1,000,000,1,0,1,3,1,17,5,1,4,00,2,1,19,201500020581A01,10,1,1
201500020584,2015-07-03,2015,juillet,vendredi,74:0,25,25056,47.24027,6.00411,2,1,3,1,1,4,2,02,-1,-1,000,000,-1,0,1,3,1,58,9,1,2,00,2,1,1,201500020584B01,7,15,1
201500020587,2015-07-13,2015,juillet,lundi,15:2,25,25056,47.24703,6.00673,2,4,3,5,1,4,2,02,2,3,000,000,1,0,1,3,1,19,0,1,4,00,2,1,5,201500020587A01,7,21,1
201500020589,2015-07-15,2015,juillet,mercredi,23:45,25,25056,0,0,2,1,6,5,1,4,2,02,1,1,000,000,1,0,1,3,1,36,0,1,2,00,0,0,0,201500020589A01,,,
201500020591,2015-07-20,2015,juillet,lundi,18:03,25,25056,0,0,2,3,3,1,1,4,1,01,2,1,000,000,1,0,1,4,1,65,0,1,2,00,2,8,15,201500020591B01,7,9,1
201500020612,2015-09-24,2015,septembre,jeudi,16:09,25,25056,47.24175,6.0341,2,3,3,1,1,4,2,02,1,1,000,000,1,0,1,4,1,66,0,1,4,00,2,1,9,201500020612A01,7,1,1
201500020614,2015-09-28,2015,septembre,lundi,17:43,25,25056,47.23804,6.01476,2,1,6,1,1,3,2,03,1,1,000,000,1,0,4,3,1,24,9,1,2,00,2,1,1,201500020614B01,7,9,1
201500020615,2015-10-02,2015,octobre,vendredi,14:40,25,25056,0,0,2,1,7,1,1,4,3,02,1,1,000,000,1,0,1,4,1,33,0,1,4,00,0,0,0,201500020615A01,,,
201500020624,2015-10-14,2015,octobre,mercredi,20:59,25,25056,47.21433,5.96355,2,1,6,5,1,4,2,00,-1,-1,000,000,-1,0,1,3,1,39,0,1,2,00,0,0,0,201500020624A01,,,
201500020633,2015-11-18,2015,novembre,mercredi,13:43,25,25056,47.2309,5.99506,2,1,6,1,1,4,2,02,1,1,000,000,1,0,1,4,1,35,0,1,9,01,0,1,1,201500020633B01,7,22,1
201500020641,2015-12-08,2015,décembre,mardi,94:3,25,25056,47.24897,6.03157,2,1,6,1,1,4,2,02,1,1,000,000,1,0,1,4,1,18,9,1,2,00,2,1,19,201500020641A01,1,0,1
201500020644,2015-12-09,2015,décembre,mercredi,12:13,25,25056,47.25901,6.04443,2,1,6,1,1,4,1,02,1,1,000,000,1,0,1,4,1,49,9,1,2,00,0,0,0,201500020644B01,7,20,1
201500020648,2015-12-21,2015,décembre,lundi,74:1,25,25056,47.25612,6.00367,2,6,3,5,2,4,2,02,-1,-1,000,000,2,0,0,4,1,44,1,1,2,00,2,7,0,201500020648B01,7,9,1
201500020681,2015-03-13,2015,mars,vendredi,15:10,25,25462,46.91428,6.35025,2,1,2,1,1,4,2,00,-1,-1,000,000,-1,0,1,1,2,57,1,1,2,00,0,0,0,201500020681B01,1,0,1
201500020681,2015-03-13,2015,mars,vendredi,15:10,25,25462,46.91428,6.35025,2,1,2,1,1,4,2,00,-1,-1,000,000,-1,0,1,4,1,15,9,1,2,00,0,0,0,201500020681A01,1,0,1
201500020689,2015-04-27,2015,avril,lundi,20:05,25,25462,0,0,2,6,3,2,3,4,2,01,4,1,080,070,2,5,1,4,1,22,0,1,9,00,2,7,2,201500020689B01,7,9,1
201500020690,2015-05-14,2015,mai,jeudi,12:05,25,25462,46.90588,6.35757,2,6,1,1,1,3,-1,02,-1,-1,015,030,-1,0,1,4,1,40,0,1,2,00,2,0,0,201500020690B01,7,9,1
201500020696,2015-07-02,2015,juillet,jeudi,19:10,25,25462,46.90563,6.3517,2,1,6,1,1,4,1,01,1,1,015,042,1,0,1,4,1,50,5,1,2,01,0,8,2,201500020696A01,,,
201500020697,2015-07-14,2015,juillet,mardi,14:20,25,25462,46.9099,6.347,2,3,1,1,1,4,-1,00,1,1,000,042,1,0,0,3,2,20,5,1,2,00,2,1,15,201500020697A01,7,2,1
201500020700,2015-08-11,2015,août,mardi,11:00,25,25462,46.91414,6.35215,2,6,2,1,1,4,1,00,-1,-1,000,000,-1,0,1,4,2,69,5,1,9,00,0,0,0,201500020700B01,7,0,1
201500020702,2015-09-08,2015,septembre,mardi,20:10,25,25462,46.90993,6.35497,2,2,1,2,1,4,2,02,1,1,000,078,1,0,1,3,1,43,1,1,9,00,2,1,1,201500020702B01,7,1,1
201500020704,2015-09-24,2015,septembre,jeudi,13:02,25,25204,46.93224,6.36648,1,3,3,1,1,3,2,02,1,2,000,070,1,0,1,4,1,43,5,1,2,00,2,8,1,201500020704B01,7,0,1
201500020709,2015-10-15,2015,octobre,jeudi,18:12,25,25462,46.90161,6.3544,1,1,3,1,1,4,-1,01,1,1,000,000,2,0,5,4,2,53,1,1,2,00,0,0,0,201500020709B01,7,0,1
201500020711,2015-11-12,2015,novembre,jeudi,12:15,25,25462,46.91803,6.34332,2,1,3,1,1,4,2,02,1,1,000,000,1,0,1,4,1,11,0,1,2,00,0,0,0,201500020711B01,7,0,1
201500020712,2015-11-17,2015,novembre,mardi,20:25,25,25462,46.90309,6.35531,2,3,3,5,1,4,1,01,1,1,000,000,1,0,0,4,1,39,0,1,9,00,2,0,0,201500020712B01,7,0,1
201500020725,2015-05-23,2015,mai,samedi,11:15,84,84038,0,0,1,1,3,1,1,3,2,02,1,1,000,060,1,0,1,3,1,70,5,1,2,00,2,8,1,201500020725B02,7,15,1
201500020733,2015-04-21,2015,avril,mardi,73:0,59,59082,50.95204,2.39542,1,1,2,1,7,3,2,02,1,3,000,060,1,0,1,2,1,47,1,1,2,00,0,4,2,201500020733B02,7,2,1
201500020737,2015-07-18,2015,juillet,samedi,12:00,59,59162,0,0,2,2,3,1,1,3,2,00,1,1,000,060,1,5,1,3,1,58,5,1,2,00,2,4,1,201500020737A01,7,19,1
201500020741,2015-09-10,2015,septembre,jeudi,18:45,79,79297,46.24506,0.03226,2,1,1,1,1,3,2,00,-1,2,000,050,1,0,1,2,1,56,5,1,2,00,0,8,13,201500020741A01,15,21,1
201500020747,2015-03-08,2015,mars,dimanche,93:0,62,62261,50.4847,1.6286,2,1,3,1,1,3,2,02,1,1,000,065,1,0,1,4,1,83,5,1,2,00,0,3,2,201500020747B02,7,2,1
201500020749,2015-04-22,2015,avril,mercredi,11:15,62,62261,50.47613,1.60188,2,2,3,1,1,4,-1,02,1,1,000,041,1,0,1,3,2,80,3,1,2,00,2,1,1,201500020749B02,7,1,1
201500020786,2015-08-27,2015,août,jeudi,70:0,26,26198,44.5374,4.7644,2,6,3,1,1,3,2,02,-1,-1,000,000,-1,0,1,3,1,68,5,1,2,00,2,1,15,201500020786B01,7,9,1
201500020794,2015-11-20,2015,novembre,vendredi,80:0,26,26008,0,0,1,1,3,1,1,3,2,02,1,1,000,000,1,0,1,3,1,50,1,1,2,00,0,4,1,201500020794B01,7,17,1
201500020809,2015-03-23,2015,mars,lundi,11:39,26,26281,45.0456,5.0463,2,6,1,1,1,4,2,02,1,1,000,000,1,0,1,3,1,67,0,1,9,00,2,2,0,201500020809B01,7,0,1
201500020811,2015-03-23,2015,mars,lundi,20:10,26,26281,45.0469,5.0489,2,1,6,2,1,4,-1,01,1,1,000,000,1,0,0,3,1,25,0,1,9,01,0,0,0,201500020811B01,7,0,1
201500020814,2015-01-09,2015,janvier,vendredi,75:0,26,26281,45.0566,5.0573,2,6,6,2,1,4,2,02,1,4,000,060,1,0,1,4,1,13,2,1,9,00,2,8,18,201500020814A01,7,16,1
201500020821,2015-04-19,2015,avril,dimanche,16:05,26,26281,45.0535,5.0544,2,1,3,1,1,4,2,02,1,1,000,000,2,0,0,3,1,16,0,1,2,00,2,6,19,201500020821B01,30,0,1
201500020823,2015-04-21,2015,avril,mardi,13:30,26,26057,45.0385,5.0492,2,1,6,1,1,4,1,01,1,1,000,000,1,0,1,4,1,57,0,1,9,00,1,0,21,201500020823A01,,,
201500020823,2015-04-21,2015,avril,mardi,13:30,26,26057,45.0385,5.0492,2,1,6,1,1,4,1,01,1,1,000,000,1,0,1,1,2,47,0,1,8,00,1,0,21,201500020823A01,,,
201500020827,2015-05-09,2015,mai,samedi,18:52,26,26281,0,0,1,1,2,1,1,3,2,02,1,1,000,060,1,3,1,4,1,62,5,1,2,00,0,4,1,201500020827B01,7,1,1
201500020834,2015-05-20,2015,mai,mercredi,12:07,26,26281,45.0473,5.0756,2,2,3,1,1,4,2,02,1,1,000,000,1,0,1,3,1,85,9,1,2,00,2,7,0,201500020834B01,7,0,1
201500020841,2015-06-26,2015,juin,vendredi,16:15,26,26281,45.0492,5.0511,2,1,3,1,1,4,1,01,1,1,000,030,-1,0,1,4,1,13,5,1,9,00,2,1,19,201500020841A01,7,1,1
201500020844,2015-07-06,2015,juillet,lundi,12:20,26,26057,0,0,2,1,3,1,1,3,2,03,2,1,000,090,1,0,1,4,1,67,5,1,2,00,2,8,1,201500020844B01,7,14,1
201500020856,2015-09-15,2015,septembre,mardi,13:40,26,26281,45.0454,5.0607,2,9,6,1,1,4,1,02,1,1,000,000,1,0,5,3,1,57,0,1,2,00,2,1,1,201500020856B01,7,0,1
201500020861,2015-09-21,2015,septembre,lundi,18:15,26,26281,0,0,2,6,2,1,1,3,1,02,1,2,000,080,1,0,1,4,2,60,9,1,9,00,0,4,1,201500020861B01,7,1,1
201500020875,2015-11-30,2015,novembre,lundi,75:0,26,26281,0,0,2,6,3,5,1,3,1,02,1,2,000,000,1,0,1,3,1,51,0,1,9,00,2,0,0,201500020875B01,7,0,1
201500020879,2015-12-08,2015,décembre,mardi,13:50,26,26281,45.0482,5.0412,1,4,6,1,1,4,2,02,1,1,000,000,1,0,1,4,1,12,5,1,9,00,2,1,5,201500020879A01,7,0,1
201500020881,2015-12-11,2015,décembre,vendredi,74:0,26,26281,45.0426,5.058,2,6,3,5,1,4,2,02,2,1,000,070,1,5,1,4,1,50,1,1,4,00,2,2,1,201500020881B01,7,9,1
201500020883,2015-12-15,2015,décembre,mardi,19:05,26,26281,0,0,2,1,3,2,1,4,2,02,1,1,000,000,1,0,1,3,2,25,0,1,9,00,2,7,0,201500020883A01,7,0,1
201500020884,2015-12-17,2015,décembre,jeudi,16:55,26,26057,0,0,1,2,3,1,1,3,2,02,1,1,000,000,1,0,1,3,1,36,0,1,2,00,2,8,0,201500020884B01,7,0,1
201500020898,2015-01-07,2015,janvier,mercredi,91:0,26,26362,44.929,4.8988,2,1,6,1,1,4,1,01,1,1,000,012,1,0,5,3,1,58,1,1,9,01,0,1,2,201500020898B01,7,24,1
201500020904,2015-01-28,2015,janvier,mercredi,20:30,26,26252,44.8861,4.8861,2,3,3,5,1,4,2,02,1,1,000,035,1,0,0,4,1,56,0,1,2,00,2,0,1,201500020904A01,14,0,1
201500020905,2015-04-10,2015,avril,vendredi,81:0,26,26362,44.9401,4.9159,2,6,6,1,1,4,3,04,1,1,000,000,1,0,1,4,1,59,5,1,2,00,2,1,2,201500020905B01,7,16,1
201500020911,2015-04-20,2015,avril,lundi,92:5,26,26362,44.9281,4.8997,2,1,3,1,1,4,1,00,1,1,000,036,1,0,5,4,1,63,5,1,2,00,2,0,0,201500020911B01,7,9,1
201500020920,2015-02-28,2015,février,samedi,14:10,26,26058,44.9411,4.8936,2,6,3,1,1,4,1,01,1,1,000,030,1,0,1,4,1,58,5,1,2,00,2,7,2,201500020920B01,7,9,1
201500020940,2015-08-10,2015,août,lundi,14:55,26,26058,44.9669,4.9155,2,2,3,1,1,4,2,02,1,1,000,000,1,0,1,4,1,18,5,1,2,00,2,1,9,201500020940A01,7,2,1
201500020952,2015-11-16,2015,novembre,lundi,18:08,26,26362,44.9293,4.9083,2,1,6,5,1,4,2,02,2,1,000,100,1,0,5,3,1,40,1,1,9,00,2,3,2,201500020952B01,7,22,1
201500020954,2015-11-14,2015,novembre,samedi,20:46,26,26362,44.9365,4.9181,2,2,3,5,1,4,2,04,1,1,000,000,1,0,1,2,1,50,0,1,2,00,2,0,1,201500020954A01,7,1,1
201500020960,2015-12-12,2015,décembre,samedi,10:03,26,26362,44.9222,4.8908,2,6,6,1,1,4,2,02,2,-1,000,000,1,0,1,3,1,47,5,1,2,00,2,7,2,201500020960B01,7,9,1
201500020971,2015-09-22,2015,septembre,mardi,19:00,06,06117,0,0,1,1,1,1,1,3,2,03,-1,1,000,105,1,0,3,3,1,53,3,1,2,00,2,1,1,201500020971B02,7,16,1
201500021007,2015-08-14,2015,août,vendredi,15:30,62,62161,50.8263,1.90269,2,1,3,1,1,3,2,02,2,2,000,039,-1,0,0,3,2,15,5,1,2,00,0,1,0,201500021007A01,14,1,1
201500021029,2015-10-21,2015,octobre,mercredi,44:0,27,27229,49.0288,1.16644,2,2,1,5,1,4,2,00,-1,-1,000,000,-1,0,1,3,1,17,0,1,2,00,0,0,0,201500021029B01,7,0,1
201500021033,2015-03-26,2015,mars,jeudi,12:45,27,27229,49.01515,1.14992,1,1,2,1,1,4,-1,00,1,1,000,000,1,0,0,3,1,15,5,1,2,00,2,0,2,201500021033B01,7,2,1
201500021050,2015-10-04,2015,octobre,dimanche,95:5,27,27229,49.02617,1.15831,2,3,3,1,1,4,2,00,-1,-1,000,000,-1,0,1,3,1,49,0,1,9,00,0,0,0,201500021050B01,7,0,1
201500021060,2015-06-25,2015,juin,jeudi,17:00,27,27375,49.2094,1.17975,2,6,4,1,1,4,2,03,1,1,000,000,1,0,1,3,1,13,5,1,9,00,2,1,1,201500021060Y01,7,1/0,2
201500021087,2015-10-27,2015,octobre,mardi,74:5,39,39097,0,0,2,1,6,1,1,9,2,01,1,1,000,098,1,0,1,3,1,43,1,1,2,01,0,1,1,201500021087A01,,,
201500021096,2015-07-10,2015,juillet,vendredi,16:40,27,27681,49.07906,1.48829,2,3,3,1,1,4,2,02,1,1,000,058,1,0,1,4,1,11,5,1,2,00,0,0,0,201500021096B01,10,19,1
201500021154,2015-01-26,2015,janvier,lundi,13:15,28,28218,48.43165,1.47049,2,1,3,1,2,4,2,01,1,1,000,000,2,0,1,4,1,49,1,1,9,00,0,6,2,201500021154B01,7,9,1
201500021161,2015-01-31,2015,janvier,samedi,16:50,28,28218,48.42934,1.46631,2,2,5,1,1,3,2,02,-1,-1,000,000,-1,0,1,4,1,59,9,1,9,00,0,1,0,201500021161C01,7,19,1
201500021161,2015-01-31,2015,janvier,samedi,16:50,28,28218,48.42934,1.46631,2,2,5,1,1,3,2,02,-1,-1,000,000,-1,0,1,4,1,19,0,1,9,00,0,1,1,201500021161B01,7,19,1
201500021169,2015-02-09,2015,février,lundi,75:0,28,28085,48.44182,1.47587,2,3,3,2,1,4,2,01,1,1,000,070,1,0,1,4,1,33,1,1,9,00,2,1,1,201500021169B01,7,15,1
201500021170,2015-02-04,2015,février,mercredi,20:45,28,28220,48.43552,1.479,2,1,2,5,1,3,2,02,1,-1,000,060,1,0,1,4,1,22,9,1,2,00,2,1,2,201500021170B01,7,4,1
201500021186,2015-02-25,2015,février,mercredi,91:0,28,28085,48.45122,1.52796,2,3,3,1,2,4,2,02,1,1,000,000,2,0,1,4,2,21,4,1,9,00,2,8,15,201500021186B01,7,15,1
201500021193,2015-03-04,2015,mars,mercredi,13:55,28,28229,48.44725,1.45121,2,6,3,1,1,3,2,02,1,3,000,080,2,0,1,3,1,18,5,1,2,00,2,7,16,201500021193B01,7,16,1
201500021195,2015-03-13,2015,mars,vendredi,11:15,28,28085,48.44998,1.48306,2,1,3,1,1,4,1,01,1,2,000,000,1,0,1,4,1,18,2,1,2,00,2,8,9,201500021195B01,7,1,1
201500021207,2015-03-22,2015,mars,dimanche,21:45,28,28085,48.44459,1.48149,2,1,7,5,2,4,-1,02,1,-1,000,000,2,0,1,3,2,70,0,1,9,00,0,0,0,201500021207A01,,,
201500021209,2015-04-02,2015,avril,jeudi,80:0,28,28085,48.43961,1.49499,2,1,3,1,1,4,2,02,1,1,000,000,1,0,0,4,1,15,2,1,9,00,2,1,0,201500021209A01,99,0,1
201500021214,2015-04-13,2015,avril,lundi,12:10,28,28229,48.4474,1.46755,1,1,3,1,1,4,2,02,1,1,000,000,1,0,1,4,1,53,5,1,9,00,2,8,1,201500021214B01,7,15,1
201500021217,2015-04-18,2015,avril,samedi,15:30,28,28209,48.47039,1.47818,2,1,1,1,1,3,2,02,3,1,000,000,1,0,1,4,1,12,0,1,2,00,2,0,19,201500021217B01,7,1,1
201500021229,2015-05-13,2015,mai,mercredi,14:46,28,28220,48.41882,1.47776,1,3,3,1,1,3,2,02,2,1,000,000,1,0,0,3,1,43,0,1,2,00,2,1,2,201500021229A01,7,15,1
201500021236,2015-05-20,2015,mai,mercredi,14:15,28,28229,48.45712,1.45964,1,2,3,1,1,3,3,04,2,1,000,000,1,0,1,4,1,41,5,1,2,00,2,3,1,201500021236B01,7,19,1
201500021243,2015-06-04,2015,juin,jeudi,11:20,28,28085,48.43812,8.43812,2,1,1,1,1,3,2,01,1,1,000,000,1,0,4,4,1,7,2,1,2,00,9,0,2,201500021243A01,7,1,1
201500021247,2015-06-08,2015,juin,lundi,10:45,28,28085,48.45545,1.4888,2,1,7,1,1,4,2,02,1,1,000,000,1,0,1,4,1,51,1,1,9,00,0,0,0,201500021247A01,,,
201500021249,2015-06-12,2015,juin,vendredi,16:30,28,28070,48.46901,1.50788,1,1,1,1,1,3,2,02,1,1,000,000,1,0,1,4,1,12,5,1,2,00,0,0,15,201500021249B01,7,0,1