Num_Acc,date,an,mois,jour,hrmn,dep,com,lat,long,agg,int,col,lum,atm,catr,circ,nbv,prof,plan,lartpc,larrout,surf,infra,situ,grav,sexe,age,trajet,secuexist,equipement,obs,obsm,choc,manv,vehiculeid,typevehicules,manoeuvehicules,numVehicules
201500021259,2015-06-21,2015,juin,dimanche,11:40,28,28085,48.4483,1.4824,2,1,7,1,1,4,2,02,2,3,000,000,1,0,1,4,1,45,5,1,2,00,2,0,14,201500021259A01,,,
201500021265,2015-07-05,2015,juillet,dimanche,16:30,28,28229,48.45024,1.46857,2,1,1,1,1,4,1,01,1,1,000,000,9,0,1,4,1,9,5,1,9,00,2,0,0,201500021265A01,7,0,1
201500021265,2015-07-05,2015,juillet,dimanche,16:30,28,28229,48.45024,1.46857,2,1,1,1,1,4,1,01,1,1,000,000,9,0,1,4,1,9,5,1,2,00,2,0,0,201500021265A01,7,0,1
201500021270,2015-07-16,2015,juillet,jeudi,95:5,28,28085,48.44059,1.50696,2,2,3,1,1,4,2,02,4,1,000,080,1,0,1,4,2,62,1,1,9,00,2,3,18,201500021270A01,7,1,1
201500021274,2015-09-03,2015,septembre,jeudi,80:5,28,28070,48.46084,1.49522,2,2,3,1,1,4,2,00,1,1,000,000,1,0,1,4,1,15,2,1,2,00,2,1,1,201500021274B01,10,15,1
201500021286,2015-04-18,2015,avril,samedi,15:00,42,42231,46.11038,3.97773,1,1,1,1,1,3,2,02,1,1,000,070,1,0,1,4,1,73,5,1,2,00,2,3,13,201500021286B02,7,2,1
201500021288,2015-06-30,2015,juin,mardi,84:5,42,42176,46.03865,3.98139,2,6,3,1,1,3,2,02,1,3,000,000,1,5,1,3,2,41,2,1,2,00,2,7,2,201500021288B02,7,9,1
201500021288,2015-06-30,2015,juin,mardi,84:5,42,42176,46.03865,3.98139,2,6,3,1,1,3,2,02,1,3,000,000,1,5,1,1,2,4,0,1,2,00,2,7,2,201500021288B02,7,9,1
201500021294,2015-11-01,2015,novembre,dimanche,10:00,42,42157,46.13628,4.01268,2,1,6,1,1,3,2,02,2,1,000,060,1,0,1,4,2,56,5,1,2,00,1,1,1,201500021294A01,,,
201500021297,2015-02-10,2015,février,mardi,19:30,28,28134,48.72806,1.37194,2,1,7,1,1,4,2,01,1,1,000,000,1,0,1,3,1,30,5,1,2,00,0,1,1,201500021297A01,,,
201500021341,2015-08-29,2015,août,samedi,19:00,14,14317,48.8918,-0.82663,1,1,3,1,1,4,2,01,1,1,000,025,1,0,1,3,1,9,5,1,2,00,2,1,9,201500021341B02,7,1,1
201500021431,2015-01-18,2015,janvier,dimanche,10:45,54,54537,49.4607,5.71724,1,1,7,1,1,3,2,00,-1,-1,000,000,-1,0,0,3,1,64,5,1,2,00,0,0,1,201500021431A01,,,
201500021462,2015-05-01,2015,mai,vendredi,83:0,35,35129,47.86499,-1.87854,1,6,3,1,2,3,2,00,1,2,000,060,2,5,1,4,1,51,5,1,2,00,2,7,1,201500021462B02,7,1,1
201500021465,2015-11-10,2015,novembre,mardi,91:5,35,35219,47.80649,-1.9428,2,1,1,1,7,3,2,00,1,1,000,000,1,0,1,3,1,70,5,1,2,00,2,8,1,201500021465B02,7,19,1
201500021506,2015-01-05,2015,janvier,lundi,17:15,29,29019,48.38376,-4.52384,2,3,3,2,1,4,-1,02,-1,-1,000,000,-1,0,1,4,1,31,0,1,9,00,2,1,21,201500021506B01,7,15,1
201500021507,2015-02-18,2015,février,mercredi,83:5,29,29019,48.40651,-4.52041,2,1,3,1,1,4,-1,00,-1,-1,000,000,-1,0,1,4,1,32,9,1,2,00,2,1,0,201500021507B01,7,0,1
201500021518,2015-01-08,2015,janvier,jeudi,19:05,29,29019,48.38294,-4.53828,2,2,3,5,1,4,-1,02,1,1,000,000,1,0,1,4,1,37,0,1,2,00,2,1,1,201500021518B01,7,16,1
201500021522,2015-01-12,2015,janvier,lundi,92:0,29,29019,48.41833,-4.46323,2,6,2,1,2,4,2,02,1,-1,000,000,2,0,1,4,1,58,1,1,2,00,2,1,0,201500021522A01,7,0,1
201500021528,2015-03-16,2015,mars,lundi,13:10,29,29019,48.38674,-4.50716,2,1,6,1,1,9,2,00,1,1,000,000,1,0,1,4,1,70,0,1,2,01,0,1,1,201500021528B01,7,22,1
201500021531,2015-01-28,2015,janvier,mercredi,22:00,29,29019,48.39533,-4.49209,2,3,3,5,1,4,3,04,2,-1,000,000,1,0,1,3,1,16,9,1,9,00,2,1,5,201500021531A01,7,0,1
201500021549,2015-02-07,2015,février,samedi,20:40,29,29019,48.39074,-4.48182,2,1,3,5,1,4,-1,00,-1,2,000,000,1,0,1,4,1,24,0,1,9,00,2,1,1,201500021549A01,7,9,1
201500021561,2015-05-11,2015,mai,lundi,11:10,29,29019,48.42559,-4.48009,2,1,3,1,1,4,-1,00,1,1,000,000,1,0,1,4,1,66,5,1,2,00,2,3,0,201500021561A01,7,0,1
201500021567,2015-05-24,2015,mai,dimanche,10:54,29,29019,48.40019,-4.4449,2,1,1,1,1,4,2,01,3,1,000,095,1,0,5,3,1,57,0,1,2,00,2,4,0,201500021567B01,7,0,1
201500021577,2015-06-23,2015,juin,mardi,74:5,29,29019,48.37457,4.5578,2,3,6,1,1,4,1,01,1,2,000,000,1,0,1,4,1,50,1,1,2,00,0,7,1,201500021577B01,7,9,1
201500021579,2015-06-29,2015,juin,lundi,80:0,29,29019,48.40469,-4.5096,2,1,3,1,1,4,2,04,2,1,000,065,1,0,5,3,1,38,9,1,2,00,2,1,1,201500021579B01,7,19,1
201500021607,2015-08-23,2015,août,dimanche,10:25,29,29019,48.42144,-4.50306,2,1,6,1,1,4,2,02,1,1,000,000,2,0,1,4,1,53,0,1,2,00,0,0,0,201500021607B01,7,0,1
201500021617,2015-09-18,2015,septembre,vendredi,14:00,29,29019,48.40488,-4.50627,2,1,1,1,1,9,3,04,1,1,000,000,1,0,1,4,1,12,5,1,2,00,2,1,19,201500021617B01,33,1,1
201500021638,2015-10-30,2015,octobre,vendredi,12:10,29,29019,48.41151,-4.49338,2,1,3,1,1,4,-1,02,-1,-1,000,000,-1,0,1,4,1,15,2,1,2,00,2,1,0,201500021638A01,7,1,1
201500021638,2015-10-30,2015,octobre,vendredi,12:10,29,29019,48.41151,-4.49338,2,1,3,1,1,4,-1,02,-1,-1,000,000,-1,0,1,3,1,16,4,1,2,00,2,1,0,201500021638A01,7,1,1
201500021667,2015-12-04,2015,décembre,vendredi,18:00,29,29019,48.40181,-4.50249,2,6,2,4,1,4,3,00,1,-1,000,000,1,0,1,4,1,24,2,1,2,00,2,4,0,201500021667B01,7,0,1
201500021679,2015-12-15,2015,décembre,mardi,83:5,29,29019,48.38499,-4.47884,2,1,5,1,1,4,2,02,1,1,000,000,2,0,1,3,2,41,0,1,2,00,2,1,1,201500021679B01,7,1,2
201500021680,2015-12-22,2015,décembre,mardi,53:0,29,29019,48.42495,-4.46049,2,3,3,4,3,4,-1,02,-1,-1,000,000,2,0,1,4,1,56,1,1,2,00,2,2,0,201500021680B01,7,0,1
201500021699,2015-03-23,2015,mars,lundi,16:30,29,29039,47.89967,-3.91189,1,1,3,1,1,3,2,02,1,1,000,070,1,0,1,3,1,46,5,1,9,00,2,1,1,201500021699B01,7,10,1
201500021728,2015-08-09,2015,août,dimanche,83:0,29,29039,47.88248,-3.92408,2,6,3,1,1,4,1,01,1,1,000,100,1,0,1,4,1,58,5,1,2,00,2,7,1,201500021728B01,7,9,1
201500021729,2015-10-09,2015,octobre,vendredi,83:0,29,29039,47.88268,-3.92406,2,6,3,1,1,4,1,01,1,1,000,100,1,0,1,4,1,58,5,1,2,00,2,7,1,201500021729B01,7,9,1
201500021800,2015-04-18,2015,avril,samedi,20:20,29,29232,47.99738,-4.11929,1,3,3,2,1,3,2,02,2,2,000,130,1,0,1,1,1,19,0,1,2,00,0,0,0,201500021800B01,7,1,1
201500021813,2015-12-19,2015,décembre,samedi,21:13,29,29232,47.99631,-4.10689,1,1,6,5,1,4,1,01,-1,-1,000,000,-1,0,0,4,1,12,0,1,2,00,9,1,0,201500021813A01,1,0,1
201500021813,2015-12-19,2015,décembre,samedi,21:13,29,29232,47.99631,-4.10689,1,1,6,5,1,4,1,01,-1,-1,000,000,-1,0,0,1,1,29,0,1,2,00,9,1,0,201500021813B01,1,0,1
201500021816,2015-02-09,2015,février,lundi,14:35,29,29232,48.01578,-4.08741,2,6,3,1,1,3,2,02,-1,-1,000,000,-1,0,1,4,2,46,0,1,9,00,2,8,16,201500021816B01,7,16,1
201500021836,2015-07-02,2015,juillet,jeudi,19:10,29,29232,47.99601,-4.11015,2,1,3,1,1,4,1,01,1,1,000,030,1,0,1,3,2,17,5,1,2,01,0,2,1,201500021836B01,7,22,1
201500021838,2015-07-07,2015,juillet,mardi,10:35,29,29051,48.0092,-4.02697,1,1,2,1,1,3,2,03,2,1,120,080,1,0,1,3,1,61,5,1,2,00,2,4,2,201500021838B01,10,2,1
201500021857,2015-09-14,2015,septembre,lundi,81:0,29,29232,47.97298,-4.09414,2,1,7,1,2,3,1,02,1,2,000,000,2,5,1,4,2,17,1,1,2,00,0,0,0,201500021857A01,,,
201500021858,2015-09-14,2015,septembre,lundi,18:30,29,29232,47.98319,-4.07552,2,6,3,1,3,3,1,01,1,2,000,000,2,0,1,4,1,26,5,1,2,00,2,7,1,201500021858B01,7,9,1
201500021860,2015-09-21,2015,septembre,lundi,19:25,29,29232,47.99197,-4.11932,2,1,3,1,1,4,2,01,-1,-1,000,000,-1,0,1,4,1,52,1,1,4,00,9,1,1,201500021860B01,7,19,1
201500021863,2015-10-01,2015,octobre,jeudi,83:7,29,29232,47.98223,-4.09445,2,1,6,1,1,4,2,02,2,1,000,000,1,0,0,4,1,20,2,1,9,00,1,1,1,201500021863A01,,,
201500021881,2015-11-26,2015,novembre,jeudi,12:50,29,29232,48.01579,-4.08737,2,6,3,1,2,4,4,01,-1,-1,000,000,2,0,1,4,1,21,5,1,2,00,2,7,0,201500021881B01,7,9,1
201500021920,2015-01-26,2015,janvier,lundi,15:45,30,30007,44.12963,4.10629,2,1,2,1,1,3,1,02,1,2,000,000,1,5,1,3,1,73,5,1,2,00,2,4,1,201500021920B01,7,9,1
201500021947,2015-06-28,2015,juin,dimanche,21:6,30,30007,44.13782,4.08603,2,1,3,1,1,4,-1,02,-1,-1,000,000,-1,0,1,3,1,20,5,1,2,00,2,8,1,201500021947B01,7,17,1
201500021964,2015-11-16,2015,novembre,lundi,17:00,30,30007,44.127,4.07583,2,1,6,1,1,4,2,01,1,1,000,000,1,0,5,1,1,54,0,1,9,00,1,1,1,201500021964A01,,,
201500021978,2015-06-20,2015,juin,samedi,16:20,30,30028,44.16158,4.61993,2,1,6,1,1,4,1,01,1,1,000,035,1,0,1,4,1,14,5,1,2,00,1,1,0,201500021978A01,,,
201500021983,2015-07-16,2015,juillet,jeudi,20:30,30,30028,44.16128,4.62441,2,3,3,2,1,4,2,01,2,1,000,065,1,5,1,4,1,10,5,1,9,00,2,1,16,201500021983A01,7,0,1
201500021986,2015-07-25,2015,juillet,samedi,84:5,30,30028,44.1549,4.61611,2,6,2,1,1,4,2,00,1,1,000,000,1,0,1,3,1,84,0,1,2,00,2,1,2,201500021986A01,7,1,1
201500021999,2015-11-23,2015,novembre,lundi,18:34,30,30189,0,0,2,1,1,5,6,4,-1,01,2,3,000,055,1,0,0,4,1,20,0,1,9,00,2,3,1,201500021999A01,7,1,1
201500022005,2015-12-26,2015,décembre,samedi,12:00,30,30189,43.85481,4.32172,2,2,3,1,1,4,2,02,1,1,000,083,1,0,1,3,1,85,0,1,2,00,0,0,0,201500022005B01,7,1,1
201500022040,2015-04-06,2015,avril,lundi,20:55,30,30189,43.82706,4.33142,2,3,1,5,1,4,2,02,2,3,000,093,1,0,0,3,1,18,5,1,2,00,2,1,1,201500022040B01,7,0,1
201500022074,2015-04-30,2015,avril,jeudi,15:45,30,30189,43.82946,4.36165,2,1,3,1,1,4,1,02,1,1,000,060,1,0,1,3,1,34,0,1,9,00,0,0,0,201500022074B01,7,1,1
201500022079,2015-05-12,2015,mai,mardi,18:10,30,30189,43.81857,4.34197,2,1,6,1,1,4,2,03,1,1,000,079,1,0,1,4,1,59,1,1,2,01,0,1,1,201500022079B01,7,24,1
201500022083,2015-05-05,2015,mai,mardi,12:48,30,30189,43.8283,4.37306,2,1,7,1,1,4,2,02,1,1,000,000,1,0,1,4,1,39,0,1,2,01,0,1,1,201500022083B01,7,24,1
201500022089,2015-05-22,2015,mai,vendredi,11:30,30,30189,43.82839,4.35994,2,2,3,1,1,4,2,02,1,1,000,070,-1,0,1,4,1,13,0,1,2,00,2,1,19,201500022089A01,7,1,1
201500022097,2015-05-25,2015,mai,lundi,17:10,30,30189,43.83322,4.35925,2,1,6,1,1,4,2,00,1,1,000,070,1,6,1,4,1,50,0,1,4,00,1,1,1,201500022097A01,,,
201500022113,2015-06-21,2015,juin,dimanche,13:40,30,30189,43.82507,4.35406,2,2,3,1,1,4,1,02,1,1,000,068,-1,0,1,4,1,27,0,1,2,00,2,1,1,201500022113A01,7,1,1
201500022118,2015-06-25,2015,juin,jeudi,17:12,30,30189,43.80997,4.35518,2,6,3,1,1,4,2,02,1,1,000,075,1,5,1,3,1,53,0,1,2,00,2,8,1,201500022118B01,7,14,1
201500022141,2015-07-28,2015,juillet,mardi,17:00,30,30189,43.82736,4.37473,2,3,2,1,1,3,2,02,1,1,000,000,1,0,1,4,1,56,0,1,4,00,0,0,0,201500022141B01,2,1,1
201500022142,2015-08-27,2015,août,jeudi,75:0,30,30189,43.81789,4.3609,2,2,3,1,1,3,3,04,1,1,000,000,1,5,1,4,1,36,0,1,2,00,2,0,0,201500022142A01,7,0,1
201500022156,2015-08-20,2015,août,jeudi,18:15,30,30189,43.83797,4.34508,2,4,3,1,1,3,2,03,-1,3,000,100,1,0,0,4,1,45,0,1,2,00,2,0,0,201500022156A01,7,0,1
201500022188,2015-11-19,2015,novembre,jeudi,18:00,30,30189,43.83183,4.35754,2,4,3,2,1,4,2,02,1,1,000,060,1,0,1,4,1,58,0,1,2,00,2,1,1,201500022188B01,7,15,1
201500022197,2015-10-29,2015,octobre,jeudi,17:40,30,30189,43.84721,4.383,2,1,3,5,1,4,2,01,1,1,000,078,1,0,1,4,1,31,0,1,9,00,2,8,1,201500022197B01,7,17,1
201500022208,2015-12-20,2015,décembre,dimanche,11:0,30,30189,43.83684,4.38822,1,6,3,5,2,4,3,04,1,1,000,000,2,0,0,4,1,19,0,1,9,00,2,1,19,201500022208B01,7,0,1
201500022211,2015-08-15,2015,août,samedi,94:5,63,63068,45.9452,3.1396,1,2,3,1,1,3,-1,02,1,1,000,051,1,0,1,4,1,75,5,1,2,00,2,1,1,201500022211A01,7,1,1
201500022231,2015-12-26,2015,décembre,samedi,15:30,23,23245,46.213,1.862,1,1,1,1,7,3,-1,00,3,3,000,000,1,0,1,3,1,60,5,1,2,00,2,8,1,201500022231B02,7,15,1
201500022292,2015-06-28,2015,juin,dimanche,10:30,35,35226,48.41237,-1.92421,1,2,5,1,1,4,2,02,1,1,000,069,-1,0,1,4,1,65,5,1,2,00,2,1,1,201500022292C03,7,1,1
201500022292,2015-06-28,2015,juin,dimanche,10:30,35,35226,48.41237,-1.92421,1,2,5,1,1,4,2,02,1,1,000,069,-1,0,1,3,1,63,5,1,2,00,2,1,1,201500022292B02,7,1,1
201500022296,2015-09-16,2015,septembre,mercredi,80:0,35,35265,48.36647,-1.86297,1,1,3,1,2,3,2,02,1,1,000,035,2,0,1,3,1,17,2,1,2,00,2,3,0,201500022296B02,7,0,1
201500022307,2015-03-21,2015,mars,samedi,14:45,83,83134,0,0,2,1,1,1,2,3,2,02,2,3,000,055,2,0,1,3,1,17,5,1,2,00,2,1,13,201500022307B02,7,1,1
201500022341,2015-03-30,2015,mars,lundi,11:20,31,31483,43.10479,0.72664,2,4,1,1,1,4,2,02,1,1,000,000,1,0,1,3,1,56,5,1,9,00,2,1,1,201500022341B01,7,0,1
201500022344,2015-02-12,2015,février,jeudi,17:20,31,31565,43.09665,0.70545,1,4,3,1,1,3,2,02,1,2,000,000,1,5,5,4,1,31,0,1,9,00,2,1,1,201500022344B01,7,15,1
201500022351,2015-05-12,2015,mai,mardi,15:45,31,31483,43.10906,0.72246,2,3,6,1,1,4,-1,,,-1,,,,0,,4,1,81,0,1,8,00,2,0,16,201500022351B01,7,0,1
201500022359,2015-07-26,2015,juillet,dimanche,11:30,31,31483,43.10383,0.7103,2,9,2,1,1,4,2,02,2,1,000,078,1,0,5,3,1,66,5,1,2,00,2,4,1,201500022359B01,7,17,1
201500022370,2015-09-18,2015,septembre,vendredi,10:40,31,31483,43.10805,0.70941,2,3,1,1,1,4,,,,,,,,,1,3,1,39,1,1,2,00,2,1,1,201500022370B01,7,15,1
201500022373,2015-10-16,2015,octobre,vendredi,90:0,31,31483,43.11189,0.72226,2,3,3,1,1,4,2,02,1,-1,000,000,1,0,1,4,1,8,2,1,9,00,2,8,15,201500022373B01,7,1,1
201500022384,2015-12-17,2015,décembre,jeudi,15:00,31,31483,43.10892,0.72228,2,1,3,1,1,3,1,02,1,1,000,077,1,0,1,4,1,79,5,1,9,00,2,8,13,201500022384B01,7,1,1
201500022395,2015-03-17,2015,mars,mardi,10:00,31,31555,0,0,2,1,1,1,1,4,2,00,1,1,000,000,1,0,1,4,1,15,0,1,4,00,2,0,0,201500022395B01,7,0,1
201500022413,2015-01-08,2015,janvier,jeudi,12:30,31,31069,43.64367,1.37076,2,1,3,1,1,6,-1,00,1,-1,000,000,1,0,0,4,1,30,0,1,9,00,2,0,0,201500022413B01,7,0,1
201500022424,2015-03-27,2015,mars,vendredi,82:5,31,31555,0,0,1,1,3,1,1,4,1,00,1,1,000,000,1,0,1,3,1,58,1,1,4,00,2,0,0,201500022424B01,7,0,1
201500022429,2015-01-15,2015,janvier,jeudi,92:5,31,31555,0,0,2,1,3,1,1,4,1,00,1,1,000,000,1,0,1,4,1,48,0,1,2,00,0,0,0,201500022429B01,7,0,1
201500022434,2015-03-28,2015,mars,samedi,22:05,31,31555,0,0,2,1,3,5,1,4,1,00,1,1,000,000,1,0,1,4,1,64,5,1,9,00,2,8,0,201500022434B01,7,0,1
201500022436,2015-03-29,2015,mars,dimanche,11:05,31,31555,0,0,2,1,1,1,1,4,1,00,1,1,000,000,1,0,1,4,1,26,0,1,2,00,2,0,0,201500022436A01,7,0,1
201500022446,2015-04-02,2015,avril,jeudi,83:5,31,31555,0,0,2,1,1,1,1,4,-1,02,-1,-1,000,000,-1,0,1,4,1,17,0,1,2,00,2,0,0,201500022446B01,7,0,1
201500022457,2015-01-20,2015,janvier,mardi,11:15,31,31555,0,0,2,1,3,1,1,4,2,00,1,-1,000,000,1,0,0,4,2,25,4,1,9,01,0,1,1,201500022457B01,10,0,1
201500022475,2015-01-26,2015,janvier,lundi,74:5,31,31555,0,0,2,1,3,1,1,4,2,00,1,1,000,000,1,0,1,3,2,31,1,1,9,00,2,0,0,201500022475B01,10,0,1
201500022494,2015-04-13,2015,avril,lundi,15:45,31,31557,43.58877,1.31133,2,1,6,1,1,4,2,02,1,-1,000,000,1,0,0,4,1,5,0,1,2,00,0,0,0,201500022494B01,7,0,1
201500022501,2015-01-29,2015,janvier,jeudi,18:36,31,31069,43.63109,1.39508,2,1,6,1,1,4,2,00,1,1,000,000,1,0,1,4,1,75,0,1,4,00,2,0,0,201500022501B01,7,0,1
201500022503,2015-02-02,2015,février,lundi,90:5,31,31555,0,0,2,1,7,1,1,4,-1,00,2,2,000,000,1,0,1,4,1,81,0,1,2,00,0,0,0,201500022503A01,,,
201500022505,2015-02-04,2015,février,mercredi,11:45,31,31555,0,0,2,2,3,1,1,4,2,00,1,1,000,000,1,0,1,4,2,23,0,1,4,00,2,0,0,201500022505B01,7,0,1
201500022529,2015-02-16,2015,février,lundi,14:30,31,31555,0,0,2,1,3,1,1,4,2,00,1,1,000,000,1,0,1,3,1,62,5,1,9,00,2,8,0,201500022529B01,14,0,1
201500022539,2015-02-19,2015,février,jeudi,92:5,31,31555,0,0,2,3,3,1,1,4,,,,,,,,0,0,4,2,73,0,1,4,00,2,0,0,201500022539A01,7,0,1
201500022541,2015-02-15,2015,février,dimanche,14:5,31,31555,0,0,2,4,3,5,3,4,1,01,1,2,000,000,2,0,1,4,1,39,5,1,9,00,2,1,1,201500022541B01,7,15,1
201500022542,2015-04-27,2015,avril,lundi,11:30,31,31555,0,0,2,1,2,1,1,4,2,00,1,1,000,000,1,0,1,4,1,23,0,1,4,00,2,0,0,201500022542A01,7,0,1
201500022570,2015-05-04,2015,mai,lundi,16:33,31,31149,43.61028,1.33361,2,1,1,1,1,4,2,02,1,1,000,070,1,0,1,4,2,12,2,1,9,00,2,7,0,201500022570B01,7,1,1
201500022573,2015-05-04,2015,mai,lundi,63:5,31,31555,0,0,2,1,3,2,1,4,2,00,1,1,000,000,1,0,1,4,2,65,1,1,9,00,2,1,1,201500022573B01,7,15,1
201500022574,2015-03-01,2015,mars,dimanche,5:,31,31555,0,0,2,1,3,4,2,4,2,02,1,1,000,060,2,0,1,4,1,31,0,1,9,00,2,1,1,201500022574A01,7,1,1
201500022576,2015-03-03,2015,mars,mardi,12:00,31,31555,0,0,2,1,3,1,1,4,1,00,1,1,000,000,2,0,0,4,2,66,0,1,9,00,2,8,0,201500022576A01,10,0,1
201500022586,2015-03-06,2015,mars,vendredi,14:20,31,31555,0,0,2,3,3,1,1,4,2,00,1,1,000,000,1,0,1,4,1,49,5,1,4,00,2,7,0,201500022586A01,30,0,1
201500022591,2015-05-09,2015,mai,samedi,12:05,31,31555,0,0,2,3,3,1,7,4,1,01,1,1,000,000,1,0,0,4,1,44,5,1,2,00,0,1,1,201500022591B01,7,15,1
201500022601,2015-05-12,2015,mai,mardi,13:20,31,31555,0,0,2,1,3,1,1,4,2,02,1,1,000,000,1,0,1,4,2,26,1,1,2,00,2,8,19,201500022601B01,10,1,1
201500022603,2015-05-12,2015,mai,mardi,21:30,31,31555,0,0,2,1,3,5,1,4,1,02,1,1,000,000,1,0,1,4,1,29,0,1,9,00,2,0,0,201500022603B01,7,1,1
201500022622,2015-05-19,2015,mai,mardi,18:45,31,31555,0,0,2,1,6,1,8,4,2,02,1,1,000,047,1,0,1,1,1,27,5,1,9,00,1,1,1,201500022622A01,,,
201500022622,2015-05-19,2015,mai,mardi,18:45,31,31555,0,0,2,1,6,1,8,4,2,02,1,1,000,047,1,0,1,4,2,30,5,1,8,00,1,1,1,201500022622A01,,,
201500022642,2015-05-29,2015,mai,vendredi,80:0,31,31555,0,0,2,1,3,1,1,4,-1,00,1,1,000,000,1,0,0,4,2,17,0,1,2,00,2,1,0,201500022642A01,7,16,1
201500022643,2015-05-29,2015,mai,vendredi,19:25,31,31069,43.627,1.39234,2,3,3,1,2,3,2,02,1,1,000,000,2,0,1,4,1,30,1,1,2,00,2,0,1,201500022643B01,7,1,1
201500022647,2015-06-01,2015,juin,lundi,17:10,31,31555,0,0,2,1,6,1,1,4,2,02,1,1,000,000,1,0,5,4,1,54,1,1,2,00,2,0,0,201500022647B01,7,0,1
201500022662,2015-06-11,2015,juin,jeudi,74:5,31,31555,0,0,2,3,6,1,1,4,2,02,1,1,000,000,1,0,1,4,2,44,0,1,2,00,2,0,0,201500022662B01,10,16,1
201500022669,2015-06-15,2015,juin,lundi,94:5,31,31555,0,0,2,1,3,1,1,4,3,04,1,1,000,000,2,0,1,4,2,42,0,1,2,00,2,1,1,201500022669B01,7,9,1
201500022670,2015-06-17,2015,juin,mercredi,10:00,31,31555,0,0,2,1,3,1,1,4,2,02,1,1,000,000,1,0,1,4,1,30,4,1,9,00,2,1,1,201500022670A01,7,9,1
201500022672,2015-06-21,2015,juin,dimanche,14:25,31,31555,0,0,2,1,3,1,1,4,2,02,1,1,000,000,1,0,1,4,1,17,5,1,9,00,2,0,13,201500022672B01,7,13,1
201500022730,2015-07-20,2015,juillet,lundi,14:15,31,31555,0,0,2,1,6,1,1,4,1,01,1,1,000,000,1,0,1,4,1,82,5,1,9,00,2,4,0,201500022730B01,13,4,1
201500022756,2015-08-07,2015,août,vendredi,94:0,31,31555,0,0,2,1,3,1,1,4,-1,00,-1,-1,000,000,-1,0,0,4,2,20,0,1,9,00,0,0,0,201500022756A01,7,0,1
201500022771,2015-08-19,2015,août,mercredi,16:00,31,31555,0,0,2,1,2,1,1,4,1,02,1,2,000,000,1,0,1,4,1,20,0,1,9,00,2,1,1,201500022771A01,7,1,1
201500022790,2015-08-20,2015,août,jeudi,72:5,31,31555,0,0,2,1,3,1,1,4,1,02,1,1,000,000,1,0,1,4,1,27,0,1,9,00,0,0,0,201500022790B01,10,0,1
201500022791,2015-08-31,2015,août,lundi,10:17,31,31555,0,0,2,1,3,1,1,4,2,02,1,3,000,000,1,0,1,4,1,23,1,1,9,00,2,2,19,201500022791B01,7,16,1
201500022818,2015-09-15,2015,septembre,mardi,14:30,31,31555,0,0,2,1,3,1,1,4,1,00,1,1,000,000,1,0,1,4,2,56,4,1,9,00,2,4,0,201500022818B01,7,0,1
201500022823,2015-09-18,2015,septembre,vendredi,71:4,31,31555,0,0,2,1,2,2,1,4,2,02,1,1,000,058,1,0,1,3,1,29,0,1,2,00,2,0,0,201500022823B01,7,1,1
201500022830,2015-09-21,2015,septembre,lundi,71:3,31,31555,0,0,2,1,3,2,1,4,2,02,1,1,000,000,1,0,1,4,1,41,1,1,2,00,2,1,1,201500022830B01,7,15,1
201500022837,2015-09-22,2015,septembre,mardi,21:45,31,31555,0,0,2,6,3,5,2,4,1,03,1,2,000,000,2,0,1,3,1,22,5,1,2,00,2,7,1,201500022837A01,7,1,1
201500022855,2015-09-29,2015,septembre,mardi,18:05,31,31149,43.60948,1.35154,2,6,6,1,1,4,1,00,1,3,000,000,1,0,1,4,1,64,0,1,4,00,2,0,0,201500022855A01,7,0,1
201500022860,2015-10-01,2015,octobre,jeudi,19:30,31,31555,0,0,2,1,3,1,1,4,2,02,-1,-1,000,000,-1,0,0,4,1,50,0,1,4,00,2,1,1,201500022860B01,7,16,1
201500022863,2015-10-02,2015,octobre,vendredi,11:55,31,31555,0,0,2,1,6,1,1,4,2,00,1,1,000,000,1,0,5,4,1,80,0,1,9,01,2,1,0,201500022863B01,,,
201500022888,2015-10-14,2015,octobre,mercredi,73:4,31,31069,43.63672,1.38395,2,1,3,2,1,4,3,02,1,1,000,000,1,0,1,4,2,26,4,1,9,00,2,1,1,201500022888B01,7,9,1
201500022899,2015-10-19,2015,octobre,lundi,80:0,31,31149,43.60859,1.33628,2,6,3,1,1,4,1,00,1,1,000,000,1,0,1,3,2,45,1,1,2,00,2,1,0,201500022899B01,7,0,1
201500022904,2015-10-21,2015,octobre,mercredi,12:55,31,31555,0,0,2,2,6,1,1,4,-1,00,1,1,000,000,1,0,0,4,2,20,0,1,2,00,2,0,0,201500022904A01,7,0,1
201500022922,2015-10-30,2015,octobre,vendredi,15:45,31,31555,0,0,2,1,3,1,1,4,2,02,1,1,000,000,1,0,1,4,1,17,0,1,9,00,2,5,19,201500022922A01,7,1,1
201500022926,2015-11-02,2015,novembre,lundi,72:0,31,31555,0,0,2,1,3,2,1,4,2,03,2,1,000,000,1,0,1,4,2,51,0,1,9,00,2,0,0,201500022926B01,7,9,1
201500022927,2015-11-02,2015,novembre,lundi,95:5,31,31555,0,0,2,1,3,1,1,4,2,02,1,1,000,000,1,0,1,4,1,21,0,1,9,00,2,0,0,201500022927A01,7,1,1
201500022932,2015-11-04,2015,novembre,mercredi,14:55,31,31555,0,0,2,3,6,1,1,4,1,02,1,1,000,000,1,0,0,4,1,21,1,1,9,00,1,0,1,201500022932A01,,,