Num_Acc,date,an,mois,jour,hrmn,dep,com,lat,long,agg,int,col,lum,atm,catr,circ,nbv,prof,plan,lartpc,larrout,surf,infra,situ,grav,sexe,age,trajet,secuexist,equipement,obs,obsm,choc,manv,vehiculeid,typevehicules,manoeuvehicules,numVehicules
201500022936,2015-11-06,2015,novembre,vendredi,13:50,31,31555,0,0,2,1,6,1,1,4,2,00,1,1,000,000,1,0,1,4,1,21,0,1,9,00,2,0,0,201500022936B01,7,0,1
201500022938,2015-11-06,2015,novembre,vendredi,19:00,31,31069,43.6444,1.3619,2,1,1,2,1,3,1,01,1,3,000,000,1,0,1,4,1,25,1,1,9,00,2,1,1,201500022938A01,7,1,1
201500022949,2015-11-10,2015,novembre,mardi,17:55,31,31555,0,0,1,6,1,5,1,4,1,00,1,-1,000,000,1,0,1,4,1,57,0,1,2,00,0,1,0,201500022949B01,7,0,1
201500022951,2015-11-12,2015,novembre,jeudi,18:20,31,31555,0,0,2,1,3,5,1,4,1,00,1,1,000,000,1,0,1,4,2,15,0,1,2,00,2,8,15,201500022951A01,7,0,1
201500022981,2015-11-30,2015,novembre,lundi,17:00,31,31555,0,0,2,1,3,1,1,4,2,02,1,1,000,000,1,0,1,4,1,7,0,1,9,00,2,1,19,201500022981B01,10,1,1
201500022990,2015-12-02,2015,décembre,mercredi,20:05,31,31555,0,0,2,2,6,5,1,4,2,00,-1,-1,000,000,-1,0,1,4,1,37,0,1,9,00,2,0,0,201500022990A01,7,0,1
201500023002,2015-12-07,2015,décembre,lundi,14:15,31,31555,0,0,2,1,3,1,1,4,2,02,1,1,000,000,1,0,1,3,1,58,5,1,9,00,2,1,1,201500023002B01,7,15,1
201500023036,2015-12-21,2015,décembre,lundi,19:06,31,31149,43.65111,1.37435,2,3,3,5,1,4,,,,,,,1,0,1,4,1,14,0,1,2,00,2,1,19,201500023036B01,7,1,1
201500023042,2015-02-26,2015,février,jeudi,18:45,10,10336,48.37588,4.02218,1,1,2,2,8,3,2,02,2,1,,060,2,0,1,3,1,76,5,1,2,00,2,4,2,201500023042B02,7,2,1
201500023134,2015-11-17,2015,novembre,mardi,13:00,32,32013,43.6408,0.59615,2,6,3,1,1,3,2,02,1,1,000,000,1,0,1,4,1,75,5,1,2,00,0,7,1,201500023134B01,7,1,1
201500023135,2015-11-25,2015,novembre,mercredi,15:25,32,32013,43.665,0.59231,2,2,3,1,3,6,-1,00,1,1,000,000,2,0,1,3,1,14,5,1,4,00,2,1,19,201500023135A01,7,1,1
201500023158,2015-11-20,2015,novembre,vendredi,21:00,31,31113,43.52041,1.49793,2,1,1,5,1,9,2,00,2,1,000,076,1,0,1,3,1,56,5,1,1,00,2,1,1,201500023158A01,7,11,1
201500023165,2015-03-16,2015,mars,lundi,13:30,41,41035,47.731,1.272,1,1,3,1,1,3,2,02,-1,1,000,040,1,5,1,3,1,68,5,1,2,00,2,8,15,201500023165A01,7,17,1
201500023171,2015-06-03,2015,juin,mercredi,17:30,41,41142,47.579,1.232,1,4,3,1,1,3,2,02,2,3,000,070,1,0,1,3,1,25,5,1,2,00,2,7,19,201500023171A01,33,1,1
201500023182,2015-04-11,2015,avril,samedi,12:05,33,33529,44.61772,-1.11469,1,2,1,1,1,4,2,02,1,1,000,040,1,0,0,4,1,69,5,1,9,00,2,1,1,201500023182A01,7,1,1
201500023184,2015-04-23,2015,avril,jeudi,15:20,33,33009,44.65359,-1.15909,2,6,6,1,1,3,1,01,1,1,000,050,1,5,1,4,2,44,4,1,2,00,0,7,1,201500023184B01,7,1,1
201500023192,2015-06-20,2015,juin,samedi,10:30,33,33529,44.62618,-1.13919,2,1,6,1,1,4,-1,02,1,1,000,050,1,0,1,3,1,78,5,1,2,00,2,3,13,201500023192B01,10,1,1
201500023193,2015-06-23,2015,juin,mardi,85:5,33,33529,44.62649,-1.14127,2,1,6,1,1,4,2,02,1,1,035,090,1,0,1,4,1,23,1,1,9,00,0,0,0,201500023193B01,7,0,1
201500023194,2015-06-23,2015,juin,mardi,16:30,33,33529,44.61833,-1.12555,1,1,6,1,1,2,2,01,1,1,000,060,1,0,1,4,2,44,5,1,9,00,2,6,19,201500023194B01,10,0,1
201500023197,2015-07-18,2015,juillet,samedi,81:0,33,33529,44.62673,1.14158,2,6,6,1,1,3,2,02,,,,,,5,1,3,2,69,1,1,9,00,0,0,0,201500023197B01,10,9,1
201500023198,2015-07-23,2015,juillet,jeudi,17:00,33,33009,44.66141,-1.17436,2,2,6,1,1,4,1,01,1,1,000,065,1,0,1,4,1,59,5,1,9,00,0,0,0,201500023198B01,7,23,1
201500023199,2015-08-02,2015,août,dimanche,13:25,33,33009,44.64541,-1.19454,2,3,3,1,7,3,2,02,1,1,000,060,1,0,1,4,1,13,5,1,2,00,2,1,19,201500023199B01,37,1,1
201500023202,2015-08-15,2015,août,samedi,17:55,33,33529,44.63612,-1.14456,2,1,6,1,1,4,2,02,1,1,000,075,1,0,1,3,2,63,5,1,9,01,0,1,1,201500023202B01,7,22,1
201500023203,2015-08-18,2015,août,mardi,18:30,33,33009,44.65772,-1.15857,2,6,3,1,1,4,2,02,1,1,000,070,1,0,1,4,1,11,5,1,9,00,2,1,1,201500023203A01,7,1,1
201500023206,2015-08-21,2015,août,vendredi,12:20,33,33009,44.64713,1.19244,2,1,6,1,1,3,2,02,2,2,000,100,1,0,1,3,1,8,5,1,2,00,2,1,17,201500023206A01,7,0,1
201500023207,2015-08-24,2015,août,lundi,12:50,33,33529,44.61569,-1.12668,2,6,2,1,3,4,2,02,1,1,000,120,2,0,1,4,1,24,0,1,2,00,0,0,0,201500023207B01,7,1,1
201500023210,2015-10-08,2015,octobre,jeudi,83:0,33,33009,44.65364,-1.14671,2,6,6,1,1,3,,,,,,,,,,4,2,42,4,1,2,00,2,7,1,201500023210B01,7,9,1
201500023216,2015-11-08,2015,novembre,dimanche,19:30,33,33529,44.61772,-1.11669,1,1,1,5,1,4,2,02,1,1,000,060,1,0,1,3,1,49,0,1,9,00,2,1,13,201500023216A01,10,23,1
201500023217,2015-11-02,2015,novembre,lundi,93:0,33,33529,44.62932,-1.14141,2,2,3,1,1,4,-1,01,1,1,000,057,1,0,0,3,1,77,5,1,2,00,0,0,0,201500023217B01,10,1,1
201500023234,2015-12-28,2015,décembre,lundi,12:15,33,33075,44.8823,-0.62104,2,2,3,1,1,4,2,02,1,1,000,074,1,0,1,4,1,45,0,1,2,00,2,1,1,201500023234B01,13,19,1
201500023235,2015-03-17,2015,mars,mardi,12:45,33,33063,44.857,-0.61992,2,2,3,1,1,4,-1,02,1,1,000,000,1,5,0,4,1,61,5,1,8,00,2,3,1,201500023235A01,10,16,1
201500023247,2015-03-23,2015,mars,lundi,75:5,33,33063,44.8283,-0.56223,2,1,3,1,1,4,2,02,1,1,000,000,1,0,1,3,2,40,0,1,9,00,2,1,1,201500023247B01,10,24,1
201500023249,2015-03-22,2015,mars,dimanche,16:40,33,33550,44.7619,-0.58196,2,3,6,1,1,3,2,02,1,1,000,000,1,0,0,1,1,25,9,1,8,00,1,6,16,201500023249A01,,,
201500023258,2015-03-19,2015,mars,jeudi,74:6,33,33167,44.8458,-0.52293,2,1,6,1,1,4,2,02,1,1,000,060,1,0,1,4,1,48,1,1,9,00,2,0,1,201500023258B01,7,17,1
201500023271,2015-03-27,2015,mars,vendredi,15:40,33,33063,44.8421,-0.59418,2,2,3,1,1,4,1,02,1,1,000,000,1,0,1,4,1,28,0,1,9,00,2,1,1,201500023271B01,7,16,1
201500023279,2015-04-01,2015,avril,mercredi,22:15,33,33063,44.8399,-0.57418,2,1,6,5,1,4,2,01,1,1,000,000,1,6,1,1,1,28,0,1,9,00,1,1,1,201500023279A01,,,
201500023285,2015-04-02,2015,avril,jeudi,16:20,33,33063,44.8653,-0.5773,2,1,6,1,1,4,3,07,1,1,000,000,1,0,1,4,1,15,0,1,9,00,2,1,1,201500023285B01,7,23,1
201500023286,2015-04-04,2015,avril,samedi,13:0,33,33063,44.8363,-0.56606,2,2,3,5,2,4,3,02,1,1,000,037,2,0,1,4,1,34,5,1,2,00,2,2,1,201500023286A01,7,1,1
201500023290,2015-04-03,2015,avril,vendredi,20:20,33,33063,44.85047,-0.57203,2,3,3,5,2,4,1,01,1,1,000,000,2,0,1,4,1,28,5,1,9,00,2,3,16,201500023290B01,7,1,1
201500023292,2015-04-03,2015,avril,vendredi,1:,33,33063,44.8381,-0.58289,2,1,6,5,1,4,2,04,1,3,000,066,1,4,1,3,1,21,0,1,9,08,0,1,1,201500023292A01,,,
201500023295,2015-04-03,2015,avril,vendredi,16:30,33,33032,44.9055,-0.5172,2,6,2,1,1,4,3,02,1,1,000,020,1,0,1,4,1,33,0,1,9,00,0,4,1,201500023295B01,10,9,1
201500023305,2015-04-11,2015,avril,samedi,18:34,33,33063,44.84416,-0.58889,2,2,3,1,1,4,1,02,1,1,000,030,1,0,1,4,1,28,5,1,9,00,2,4,1,201500023305A01,7,1,1
201500023306,2015-04-11,2015,avril,samedi,23:5,33,33063,44.8298,-0.56803,2,2,3,5,1,4,2,03,1,1,000,000,1,0,1,3,2,33,0,1,2,00,2,1,1,201500023306A01,7,1,1
201500023307,2015-04-10,2015,avril,vendredi,21:10,33,33063,44.84208,-0.59417,2,5,3,2,1,4,1,02,1,1,000,045,1,0,1,4,1,20,0,1,2,00,2,7,1,201500023307A01,7,1,1
201500023315,2015-04-06,2015,avril,lundi,16:50,33,33318,44.7864,-0.66471,2,6,3,1,1,4,2,02,1,2,000,080,1,0,1,3,2,48,0,1,2,00,0,3,2,201500023315B01,7,14,1
201500023317,2015-04-08,2015,avril,mercredi,83:2,33,33522,44.8119,-0.59107,2,1,3,1,1,4,3,04,1,1,000,000,1,0,1,1,1,38,0,1,2,00,2,0,19,201500023317A01,33,1,1
201500023317,2015-04-08,2015,avril,mercredi,83:2,33,33522,44.8119,-0.59107,2,1,3,1,1,4,3,04,1,1,000,000,1,0,1,4,2,4,0,1,2,00,2,0,19,201500023317A01,33,1,1
201500023323,2015-04-13,2015,avril,lundi,11:30,33,33063,44.8244,-0.59108,2,1,3,1,1,4,2,02,1,1,000,000,1,0,1,4,1,26,5,1,2,01,0,1,1,201500023323B01,7,22,1
201500023325,2015-04-08,2015,avril,mercredi,83:5,33,33013,44.86016,-0.49797,1,3,3,1,1,4,2,02,1,1,012,100,1,0,1,3,2,56,0,1,2,00,2,1,1,201500023325A01,7,9,1
201500023331,2015-04-14,2015,avril,mardi,15:40,33,33063,44.8323,-0.57941,2,3,3,1,1,4,2,04,2,1,000,000,1,0,1,3,2,58,4,1,2,00,2,3,15,201500023331B01,14,15,1
201500023332,2015-04-16,2015,avril,jeudi,14:20,33,33063,44.8628,-0.58365,2,1,3,1,1,4,1,06,1,1,000,080,1,0,1,3,2,37,4,1,2,00,2,8,1,201500023332B01,10,16,1
201500023343,2015-04-15,2015,avril,mercredi,83:0,33,33063,44.8575,-0.62112,2,1,3,1,1,4,2,04,1,1,000,000,1,0,1,4,1,17,0,1,9,00,0,0,1,201500023343A01,7,15,1
201500023345,2015-04-17,2015,avril,vendredi,14:45,33,33063,44.8455,-0.59408,2,1,3,1,1,4,1,01,1,1,000,078,1,0,1,3,1,16,0,1,9,00,0,0,0,201500023345B01,7,1,1
201500023346,2015-04-18,2015,avril,samedi,21:00,33,33063,44.8275,-0.57584,2,2,3,2,3,4,2,03,1,1,000,091,2,4,1,3,1,28,9,1,8,00,2,1,1,201500023346A01,7,1,1
201500023350,2015-04-20,2015,avril,lundi,15:00,33,33063,44.8491,-0.54521,2,3,3,1,1,4,3,09,1,1,000,000,1,0,1,4,1,17,9,1,3,00,2,1,1,201500023350B01,7,5,1
201500023353,2015-04-19,2015,avril,dimanche,21:40,33,33039,44.7998,-0.54307,2,2,3,5,1,4,2,02,1,1,000,000,1,0,1,3,1,18,5,1,4,00,0,7,1,201500023353B01,7,1,1
201500023355,2015-04-23,2015,avril,jeudi,15:05,33,33063,44.8276,-0.60191,2,1,3,1,8,4,2,04,1,1,000,070,1,0,1,3,2,49,0,1,9,00,2,1,21,201500023355A01,7,1,1
201500023357,2015-04-22,2015,avril,mercredi,80:5,33,33063,44.8171,-0.56873,2,3,1,1,1,4,1,01,1,1,000,000,1,0,1,3,1,55,1,1,9,00,2,1,15,201500023357B01,1,5,1
201500023357,2015-04-22,2015,avril,mercredi,80:5,33,33063,44.8171,-0.56873,2,3,1,1,1,4,1,01,1,1,000,000,1,0,1,4,1,35,5,1,2,00,2,1,5,201500023357A01,1,15,1
201500023362,2015-04-22,2015,avril,mercredi,13:50,33,33249,44.8731,-0.51152,2,2,3,1,1,4,2,02,1,1,000,094,1,0,1,4,1,72,0,1,9,00,2,1,1,201500023362B01,7,16,1
201500023367,2015-04-24,2015,avril,vendredi,93:0,33,33200,44.8594,-0.68464,2,3,3,1,1,4,2,04,1,1,000,000,1,0,1,3,1,54,5,1,9,00,2,4,15,201500023367A01,7,1,1
201500023373,2015-04-26,2015,avril,dimanche,10:25,33,33063,44.8315,-0.5586,2,2,3,1,2,4,1,04,1,1,000,000,2,0,1,3,1,91,0,1,9,00,2,1,1,201500023373A01,7,1,1
201500023381,2015-05-05,2015,mai,mardi,75:5,33,33063,44.8339,-0.57708,2,1,3,1,6,4,1,01,1,1,000,030,1,0,1,4,1,53,0,1,9,01,0,1,1,201500023381B01,7,22,1
201500023391,2015-05-11,2015,mai,lundi,84:0,33,33013,44.8426,-0.49942,2,4,3,1,1,3,3,06,1,1,000,101,1,0,1,3,1,79,0,1,9,00,0,0,1,201500023391B01,10,11,1
201500023397,2015-05-11,2015,mai,lundi,17:00,33,33281,44.8508,-0.64627,2,2,3,1,1,4,1,01,1,1,000,000,1,0,1,4,2,18,0,1,2,00,2,1,16,201500023397B01,7,15,1
201500023401,2015-05-13,2015,mai,mercredi,16:20,33,33063,44.8421,-0.60287,2,2,3,1,1,4,1,03,1,1,000,000,1,0,1,4,2,47,5,1,9,00,2,1,1,201500023401A01,7,16,1
201500023404,2015-05-14,2015,mai,jeudi,30:,33,33063,44.8553,-0.60062,2,1,6,5,1,4,2,02,1,1,000,000,1,0,1,4,1,17,0,1,9,00,2,1,1,201500023404A01,7,0,1
201500023416,2015-05-18,2015,mai,lundi,55:0,33,33063,44.861,-0.56917,2,1,2,2,1,4,1,01,1,1,000,098,1,0,1,4,2,26,1,1,4,00,0,4,1,201500023416B01,7,1,1
201500023417,2015-05-18,2015,mai,lundi,18:15,33,33063,44.8483,-0.57051,2,1,1,1,1,4,2,02,1,1,000,000,1,0,5,4,1,34,0,1,9,00,2,0,1,201500023417B01,1,1,1
201500023417,2015-05-18,2015,mai,lundi,18:15,33,33063,44.8483,-0.57051,2,1,1,1,1,4,2,02,1,1,000,000,1,0,5,4,1,26,0,1,9,00,2,0,1,201500023417A01,1,1,1
201500023418,2015-05-13,2015,mai,mercredi,20:00,33,33281,44.8284,-0.61943,2,3,3,1,1,4,2,02,1,1,000,070,1,0,1,4,1,37,0,1,9,00,2,1,1,201500023418B01,7,15,1
201500023423,2015-05-19,2015,mai,mardi,17:35,33,33063,44.8423,-0.58574,2,3,2,1,1,4,1,01,1,1,000,000,1,0,0,4,1,32,9,1,4,00,2,1,2,201500023423A01,7,15,1
201500023428,2015-05-20,2015,mai,mercredi,91:5,33,33063,44.86,-0.56456,2,3,1,1,1,4,1,01,1,1,000,000,1,0,1,4,2,50,0,1,9,00,2,1,8,201500023428A01,7,16,1
201500023429,2015-05-23,2015,mai,samedi,35:,33,33063,44.8415,-0.56945,2,1,3,5,1,4,2,06,1,1,000,155,1,0,1,4,1,23,5,1,9,00,2,1,1,201500023429A01,7,1,1
201500023436,2015-05-15,2015,mai,vendredi,23:00,33,33522,44.81822,-0.58481,2,3,3,5,1,4,2,04,1,1,700,350,1,4,1,4,1,20,0,1,9,00,2,1,1,201500023436A01,7,15,1
201500023436,2015-05-15,2015,mai,vendredi,23:00,33,33522,44.81822,-0.58481,2,3,3,5,1,4,2,04,1,1,700,350,1,4,1,1,2,21,0,1,9,00,2,1,1,201500023436A01,7,15,1
201500023442,2015-05-26,2015,mai,mardi,16:35,33,33063,44.822,-0.57654,2,2,3,1,1,4,1,01,1,1,000,000,1,0,1,4,2,15,0,1,9,00,2,1,1,201500023442A01,7,1,1
201500023446,2015-05-24,2015,mai,dimanche,10:40,33,33119,44.8496,-0.53456,2,3,3,1,1,4,2,02,1,1,000,067,1,0,1,3,1,11,0,1,9,00,2,1,1,201500023446A01,7,23,1
201500023447,2015-05-28,2015,mai,jeudi,19:15,33,33063,44.8307,-0.60128,2,1,1,1,1,4,2,02,2,1,000,070,1,4,1,4,1,29,5,1,8,00,2,1,1,201500023447B01,1,1,1
201500023447,2015-05-28,2015,mai,jeudi,19:15,33,33063,44.8307,-0.60128,2,1,1,1,1,4,2,02,2,1,000,070,1,4,1,4,1,24,5,1,8,00,2,1,1,201500023447A01,1,1,1
201500023448,2015-05-27,2015,mai,mercredi,10:05,33,33063,44.8617,-0.57086,2,1,3,1,1,4,2,04,1,1,000,000,1,0,1,4,1,46,0,1,9,00,2,8,1,201500023448A01,2,16,1
201500023450,2015-05-27,2015,mai,mercredi,70:0,33,33063,44.8569,-0.56884,2,3,3,1,1,4,3,01,1,1,000,000,1,0,0,4,2,39,1,1,9,00,2,1,5,201500023450A01,7,16,1
201500023453,2015-05-28,2015,mai,jeudi,81:0,33,33063,44.8404,-0.59642,2,2,3,1,1,4,1,01,1,1,000,000,1,0,1,3,2,41,0,1,9,00,2,1,1,201500023453B01,7,15,1
201500023454,2015-05-27,2015,mai,mercredi,15:15,33,33063,44.8292,-0.56831,2,2,3,1,1,4,2,02,1,1,000,110,1,0,1,3,2,31,0,1,9,00,2,0,1,201500023454B01,7,1,1
201500023463,2015-05-27,2015,mai,mercredi,81:0,33,33281,44.8626,-0.65057,2,3,5,1,1,4,2,03,1,1,000,135,1,0,1,4,1,10,0,1,9,00,2,1,5,201500023463C01,7,16,1
201500023463,2015-05-27,2015,mai,mercredi,81:0,33,33281,44.8626,-0.65057,2,3,5,1,1,4,2,03,1,1,000,135,1,0,1,3,2,41,0,1,9,00,2,1,5,201500023463B01,7,16,1
201500023470,2015-05-30,2015,mai,samedi,11:40,33,33281,44.8264,-0.61582,2,1,3,1,1,4,3,06,1,2,000,000,1,0,1,3,1,20,9,1,8,00,2,1,1,201500023470B01,7,16,1
201500023485,2015-06-04,2015,juin,jeudi,13:55,33,33063,44.854,-0.59282,2,1,2,1,1,4,2,02,2,-1,000,000,1,0,1,4,2,54,0,1,2,00,0,1,1,201500023485B01,7,20,1
201500023496,2015-06-09,2015,juin,mardi,13:45,33,33063,44.8267,-0.55776,2,1,3,1,1,4,2,05,1,1,000,000,1,0,1,4,2,21,5,1,9,00,2,1,5,201500023496A01,7,16,1
201500023499,2015-06-02,2015,juin,mardi,83:0,33,33192,44.7661,-0.61864,2,3,3,1,1,4,2,05,1,1,000,130,1,0,1,4,2,53,1,1,9,00,2,8,15,201500023499A01,31,15,1
201500023502,2015-06-05,2015,juin,vendredi,17:25,33,33013,44.8491,-0.49697,2,6,3,1,1,4,2,02,1,3,000,000,1,0,1,4,1,40,9,1,8,00,0,5,1,201500023502B01,7,15,1
201500023509,2015-06-10,2015,juin,mercredi,91:5,33,33281,44.8462,-0.63291,2,1,6,1,3,4,2,04,1,1,000,000,2,0,1,1,1,23,0,1,9,00,1,1,1,201500023509A01,,,
201500023511,2015-06-12,2015,juin,vendredi,21:09,33,33063,44.8289,-0.56842,2,3,3,1,1,4,1,01,1,1,000,000,1,0,1,4,1,21,0,1,9,00,2,1,1,201500023511B01,10,9,1
201500023517,2015-06-11,2015,juin,jeudi,16:00,33,33522,44.80667,-0.58616,2,5,3,1,1,4,2,03,1,1,000,000,1,0,1,4,1,19,0,1,2,00,0,1,15,201500023517A01,7,1,1
201500023522,2015-06-10,2015,juin,mercredi,19:08,33,33063,44.8589,-0.55676,2,3,3,1,1,4,2,06,1,1,000,000,1,0,1,4,1,17,5,1,2,00,4,1,15,201500023522A01,40,1,1
201500023529,2015-06-12,2015,juin,vendredi,73:5,33,33039,44.80501,-0.54324,2,2,3,1,8,4,2,02,1,1,000,000,1,0,1,4,1,18,0,1,9,00,0,0,0,201500023529B01,10,1,1
201500023530,2015-06-17,2015,juin,mercredi,21:10,33,33063,44.84004,-0.56893,2,2,7,1,1,4,3,07,1,1,000,000,1,0,1,4,1,41,1,1,9,09,0,7,1,201500023530A01,,,
201500023532,2015-06-20,2015,juin,samedi,90:8,33,33063,44.8139,-0.57298,2,3,6,1,1,4,1,01,1,1,000,000,1,0,1,4,2,57,0,1,9,01,0,1,1,201500023532B01,7,22,1
201500023540,2015-06-23,2015,juin,mardi,81:0,33,33063,44.8172,-0.56477,2,1,6,1,1,4,2,03,1,1,000,000,1,0,1,4,1,36,1,1,2,00,0,3,2,201500023540B01,7,17,1
201500023561,2015-06-19,2015,juin,vendredi,10:50,33,33522,44.81411,-0.58893,2,2,6,1,1,4,3,02,1,1,000,000,1,0,0,4,1,21,0,1,9,00,2,1,17,201500023561A01,7,15,1
201500023562,2015-06-27,2015,juin,samedi,16:20,33,33281,44.8128,-0.66475,2,1,3,1,1,4,2,04,1,1,200,900,1,0,1,4,1,56,0,1,9,00,2,8,1,201500023562B01,7,16,1
201500023568,2015-06-25,2015,juin,jeudi,18:25,33,33069,44.8635,-0.60634,2,6,3,1,1,4,2,02,1,1,000,000,1,0,1,4,2,40,0,1,9,00,0,1,1,201500023568B01,7,9,1
201500023569,2015-07-04,2015,juillet,samedi,35:,33,33063,44.8373,-0.56452,2,1,6,5,1,4,3,06,1,1,000,192,1,2,5,1,1,24,5,1,8,00,1,3,5,201500023569A01,,,
201500023572,2015-01-03,2015,janvier,samedi,14:15,33,33063,44.8285,-0.56205,2,2,3,1,1,4,2,04,1,1,000,000,2,0,1,4,1,24,0,1,9,00,2,1,16,201500023572A01,7,15,1
201500023573,2015-07-03,2015,juillet,vendredi,17:01,33,33063,44.8499,-0.54427,2,3,3,1,1,4,3,06,1,1,000,000,1,0,1,4,1,42,9,1,8,00,2,1,1,201500023573B01,3,16,1
201500023574,2015-06-26,2015,juin,vendredi,83:5,33,33318,44.8001,-0.67672,2,3,3,1,1,4,2,02,1,1,000,055,1,0,1,4,1,10,2,1,9,00,2,1,19,201500023574B01,7,1,1
201500023575,2015-06-26,2015,juin,vendredi,72:5,33,33318,44.79965,-0.66861,2,2,3,1,1,4,2,05,1,1,000,034,1,0,1,4,1,47,0,1,9,00,2,1,1,201500023575B01,7,15,1
201500023588,2015-07-12,2015,juillet,dimanche,19:30,33,33063,44.8354,-0.56919,2,3,3,1,1,4,1,01,1,1,000,000,1,0,0,4,2,23,9,1,8,00,2,1,1,201500023588B01,7,23,1
201500023591,2015-07-09,2015,juillet,jeudi,84:0,33,33281,44.8492,-0.66636,2,6,2,1,1,4,2,02,1,1,000,090,1,0,1,4,2,53,9,1,8,00,2,1,1,201500023591A01,7,16,1
201500023596,2015-07-16,2015,juillet,jeudi,24:5,33,33063,44.83567,-0.5674,2,1,6,5,1,4,2,01,1,1,000,036,1,0,1,1,1,42,0,1,8,00,1,0,1,201500023596A01,,,
201500023602,2015-07-07,2015,juillet,mardi,21:50,33,33063,44.8363,-0.58099,2,2,3,5,1,4,3,06,1,1,000,000,1,0,1,4,1,18,9,1,8,00,2,0,1,201500023602B01,7,1,1
201500023606,2015-07-07,2015,juillet,mardi,91:5,33,33063,44.8607,-0.5753,2,6,3,1,1,4,2,02,1,1,000,000,1,0,1,4,2,41,9,1,8,00,0,1,1,201500023606B01,7,9,1
201500023607,2015-07-09,2015,juillet,jeudi,17:05,33,33063,44.8569,-0.5911,2,2,3,1,1,4,2,02,1,1,000,000,1,0,1,4,1,45,4,1,8,00,2,0,1,201500023607A01,7,1,1
201500023610,2015-06-19,2015,juin,vendredi,94:5,33,33281,44.82651,-0.66389,2,2,6,1,1,4,3,05,1,1,100,820,1,0,1,3,1,73,0,1,2,00,0,4,15,201500023610B01,7,15,1
201500023618,2015-07-17,2015,juillet,vendredi,11:30,33,33063,44.8404,-0.56171,2,3,3,1,1,4,2,04,1,1,000,000,1,0,1,4,1,52,5,1,9,00,2,9,1,201500023618B01,10,15,1
201500023622,2015-07-18,2015,juillet,samedi,11:10,33,33063,44.8493,-0.58434,2,3,3,1,1,4,1,01,1,1,000,000,1,0,1,3,2,38,5,1,8,00,2,1,5,201500023622A01,10,16,1
201500023635,2015-07-21,2015,juillet,mardi,18:30,33,33281,44.8174,-0.66588,2,2,3,1,1,4,2,04,1,1,000,095,1,0,1,4,2,37,9,1,8,00,0,1,1,201500023635B01,7,15,1
201500023639,2015-07-26,2015,juillet,dimanche,10:40,33,33063,44.8557,-0.58434,2,1,3,1,1,4,2,02,1,1,000,000,1,0,1,4,1,5,9,1,8,00,2,1,19,201500023639B01,33,1,1
201500023642,2015-07-21,2015,juillet,mardi,75:0,33,33069,44.8703,-0.59263,2,6,3,2,1,4,2,02,1,1,000,000,1,0,1,4,1,22,9,1,8,00,0,1,1,201500023642B01,7,16,1
201500023646,2015-07-28,2015,juillet,mardi,16:54,33,33063,44.8421,-0.57582,2,1,6,1,1,4,2,04,1,1,000,000,1,0,0,1,2,32,0,1,8,00,1,0,1,201500023646A01,,,
201500023649,2015-07-28,2015,juillet,mardi,11:15,33,33063,44.85602,-0.5701,2,3,3,1,1,4,1,02,1,1,000,000,1,0,1,4,2,45,0,1,8,00,2,1,8,201500023649A01,7,16,1
201500023650,2015-07-28,2015,juillet,mardi,13:5,33,33063,44.8242,-0.58744,2,1,7,5,1,4,3,06,2,1,000,000,1,0,1,4,1,19,0,1,2,00,0,0,1,201500023650A01,,,
201500023651,2015-07-22,2015,juillet,mercredi,19:00,33,33522,44.78973,-0.58711,2,3,3,1,1,4,2,03,1,1,000,000,1,0,1,4,2,74,5,1,9,00,2,1,15,201500023651A01,7,15,1
201500023656,2015-07-24,2015,juillet,vendredi,64:5,33,33281,44.8466,-0.71939,2,6,3,2,1,4,2,02,1,1,000,000,1,0,1,4,1,40,0,1,8,00,2,1,1,201500023656B01,7,1,1
201500023665,2015-08-05,2015,août,mercredi,85:0,33,33063,44.8291,-0.55844,2,1,3,1,1,4,2,04,1,1,000,000,1,0,1,4,2,31,0,1,8,00,2,1,8,201500023665A01,7,16,1
201500023667,2015-08-06,2015,août,jeudi,11:5,33,33063,44.8333,-0.60175,2,3,3,5,1,4,2,02,1,1,000,000,1,0,0,4,1,27,0,1,8,00,2,0,13,201500023667B01,10,1,1
201500023687,2015-08-17,2015,août,lundi,16:00,33,33063,44.8598,-0.54341,2,3,3,1,1,4,2,02,-1,1,000,000,-1,0,0,4,1,25,0,1,8,00,2,3,13,201500023687A01,37,7,1
201500023696,2015-08-21,2015,août,vendredi,11:0,33,33063,44.8233,-0.57256,2,3,3,5,1,4,-1,01,-1,-1,000,000,-1,0,0,4,1,28,0,1,9,00,2,1,1,201500023696A01,7,4,1
201500023699,2015-08-18,2015,août,mardi,19:14,33,33522,44.7982,-0.60012,2,1,6,2,1,4,2,07,1,1,000,000,1,0,1,4,1,30,0,1,9,09,0,1,1,201500023699A01,,,
201500023704,2015-08-24,2015,août,lundi,72:2,33,33063,44.83,-0.60294,2,3,3,1,1,4,-1,03,1,2,000,000,1,0,1,4,1,38,0,1,9,00,2,1,19,201500023704A01,33,1,1
201500023706,2015-08-21,2015,août,vendredi,75:3,33,33069,44.8549,-0.59506,1,1,3,1,1,5,2,02,1,1,000,000,1,0,1,4,1,59,1,1,9,00,2,1,1,201500023706B01,10,15,1
201500023708,2015-08-25,2015,août,mardi,15:45,33,33318,44.814,-0.63521,2,3,1,1,1,4,2,02,1,1,000,000,1,0,1,4,1,32,1,1,2,00,2,9,1,201500023708B01,10,16,1