Num_Acc,date,an,mois,jour,hrmn,dep,com,lat,long,agg,int,col,lum,atm,catr,circ,nbv,prof,plan,lartpc,larrout,surf,infra,situ,grav,sexe,age,trajet,secuexist,equipement,obs,obsm,choc,manv,vehiculeid,typevehicules,manoeuvehicules,numVehicules
201500023709,2015-08-25,2015,août,mardi,13:20,33,33281,44.8301,-0.65959,2,1,3,1,1,4,2,02,1,1,000,000,1,0,1,4,1,54,0,1,9,00,0,1,1,201500023709B01,7,1,1
201500023711,2015-08-30,2015,août,dimanche,19:20,33,33063,44.87751,-0.57609,2,1,3,1,1,4,2,02,1,2,000,000,1,0,1,3,1,20,0,1,9,00,0,8,1,201500023711B01,7,1,1
201500023715,2015-08-27,2015,août,jeudi,14:50,33,33013,44.8571,-0.49415,2,1,2,1,1,4,2,00,2,3,000,084,1,0,1,4,1,68,5,1,2,00,2,1,2,201500023715A01,31,4,1
201500023717,2015-08-28,2015,août,vendredi,82:5,33,33063,44.8345,-0.60355,2,3,3,1,1,4,1,01,1,1,000,000,1,0,1,4,2,52,1,1,2,01,0,1,1,201500023717B01,7,22,1
201500023718,2015-08-25,2015,août,mardi,12:18,33,33069,44.8705,-0.61281,2,1,2,1,2,4,2,02,1,1,000,000,1,0,1,4,1,14,0,1,2,00,2,1,2,201500023718A01,10,2,1
201500023722,2015-09-06,2015,septembre,dimanche,15:40,33,33063,44.8313,-0.58961,2,1,3,1,1,4,1,02,1,1,000,000,1,0,1,4,1,16,0,1,2,00,2,0,1,201500023722B01,7,1,1
201500023733,2015-08-28,2015,août,vendredi,81:5,33,33550,44.78228,-0.56614,2,3,1,1,1,4,2,03,1,1,000,000,-1,0,4,4,1,68,0,1,2,00,0,0,0,201500023733A01,30,0,1
201500023740,2015-09-08,2015,septembre,mardi,13:00,33,33063,44.8364,-0.58102,2,2,3,1,1,4,2,04,1,1,010,198,1,0,1,1,1,35,0,1,9,00,2,1,19,201500023740A01,33,2,1
201500023742,2015-09-08,2015,septembre,mardi,12:15,33,33063,44.83004,-0.5808,2,1,1,1,1,4,2,02,1,1,000,070,1,0,1,4,1,20,0,1,2,00,0,0,0,201500023742B01,7,1,1
201500023759,2015-09-09,2015,septembre,mercredi,17:55,33,33192,44.7756,-0.60398,2,1,2,1,1,4,2,04,1,1,000,000,1,0,1,4,1,11,0,1,9,00,2,0,2,201500023759B01,7,1,1
201500023763,2015-09-20,2015,septembre,dimanche,80:5,33,33063,44.8192,-0.57234,2,1,2,1,1,4,2,02,1,1,000,000,1,0,1,3,1,19,0,1,9,00,2,1,2,201500023763A01,7,23,1
201500023769,2015-09-09,2015,septembre,mercredi,17:15,33,33192,44.77598,-0.62156,2,2,1,1,1,4,2,02,1,1,000,000,1,0,1,3,1,44,1,1,4,00,0,1,1,201500023769B01,7,15,1
201500023775,2015-09-22,2015,septembre,mardi,83:0,33,33063,44.84357,-0.60818,2,3,3,1,1,4,2,02,1,1,000,000,1,0,1,3,1,51,1,1,2,00,2,1,1,201500023775B01,7,16,1
201500023778,2015-09-23,2015,septembre,mercredi,14:45,33,33063,44.8257,-0.59001,2,1,3,1,1,4,1,07,1,1,000,000,1,0,1,4,2,54,0,1,2,00,2,1,1,201500023778B01,30,14,1
201500023783,2015-09-23,2015,septembre,mercredi,10:50,33,33063,44.8205,-0.54935,2,3,2,1,1,4,2,05,1,1,000,000,1,0,1,4,2,64,5,1,9,00,2,1,1,201500023783A01,7,16,1
201500023784,2015-09-11,2015,septembre,vendredi,17:20,33,33039,44.80118,-0.53992,2,4,3,1,1,4,2,02,1,1,000,000,1,0,1,3,1,12,5,1,9,00,2,1,1,201500023784B01,7,15,1
201500023790,2015-09-15,2015,septembre,mardi,74:5,33,33069,44.864,-0.60551,2,3,2,2,1,4,1,01,1,1,000,000,1,0,1,4,1,14,9,1,9,00,2,1,1,201500023790A01,7,1,1
201500023796,2015-09-17,2015,septembre,jeudi,18:20,33,33063,44.85572,-0.62551,2,3,5,1,1,4,2,03,1,1,000,095,1,0,1,4,1,15,0,1,9,00,2,0,1,201500023796B01,7,16,1
201500023796,2015-09-17,2015,septembre,jeudi,18:20,33,33063,44.85572,-0.62551,2,3,5,1,1,4,2,03,1,1,000,095,1,0,1,4,1,14,0,1,9,00,2,0,1,201500023796C01,7,16,1
201500023801,2015-09-24,2015,septembre,jeudi,20:45,33,33281,44.8275,-0.61373,2,3,3,5,1,4,2,04,1,1,000,000,1,0,1,4,1,30,0,1,9,00,2,3,19,201500023801A01,7,16,1
201500023802,2015-09-21,2015,septembre,lundi,94:0,33,33522,44.8063,-0.60184,2,3,1,1,1,4,2,06,1,1,000,000,1,0,1,4,1,18,2,1,9,00,2,1,1,201500023802A01,7,15,1
201500023810,2015-09-23,2015,septembre,mercredi,11:45,33,33063,44.8314,-0.55841,2,2,3,1,1,4,3,07,1,1,000,000,1,0,1,4,1,36,0,1,9,00,2,1,19,201500023810B01,10,1,1
201500023812,2015-09-28,2015,septembre,lundi,80:5,33,33063,44.8595,-0.58173,2,6,3,1,1,4,2,03,1,3,000,000,1,0,1,4,2,37,0,1,9,00,2,5,1,201500023812B01,7,1,1
201500023816,2015-09-30,2015,septembre,mercredi,21:00,33,33063,44.85603,-0.57009,2,2,1,5,1,4,1,01,1,1,000,090,1,0,1,4,2,52,0,1,9,00,2,1,5,201500023816A01,30,1,1
201500023830,2015-09-28,2015,septembre,lundi,18:15,33,33069,44.85938,-0.59892,2,3,3,1,1,4,2,02,1,1,000,000,1,0,1,4,1,15,0,1,9,00,2,3,1,201500023830B01,10,15,1
201500023833,2015-10-02,2015,octobre,vendredi,90:5,33,33281,44.8336,-0.6179,2,1,3,1,1,4,1,01,1,1,000,050,1,0,1,4,2,25,4,1,9,00,2,0,1,201500023833B01,37,17,1
201500023835,2015-10-06,2015,octobre,mardi,65:5,33,33063,44.82856,-0.59394,2,1,3,5,1,4,3,06,1,1,000,000,2,0,1,4,1,20,4,1,9,00,2,1,1,201500023835A01,7,0,1
201500023844,2015-10-05,2015,octobre,lundi,72:5,33,33200,44.8625,-0.67144,2,1,1,2,1,4,2,02,1,3,000,000,1,0,1,4,1,12,0,1,9,00,0,0,1,201500023844A01,10,1,1
201500023847,2015-10-07,2015,octobre,mercredi,12:40,33,33281,44.85188,-0.63711,2,3,3,1,1,4,2,02,1,1,000,000,1,0,1,4,1,16,0,1,9,00,2,1,1,201500023847A01,37,15,1
201500023878,2015-10-12,2015,octobre,lundi,13:30,33,33039,44.7989,-0.5471,2,1,6,1,1,4,2,02,1,1,000,000,1,0,1,1,1,35,4,1,9,00,1,3,1,201500023878A01,,,
201500023882,2015-10-16,2015,octobre,vendredi,10:50,33,33063,44.8181,-0.57228,2,1,2,1,1,4,2,02,1,1,000,000,1,0,1,4,2,43,0,1,9,00,0,0,0,201500023882B01,3,2,1
201500023894,2015-10-19,2015,octobre,lundi,18:15,33,33281,44.84197,-0.66076,2,2,3,1,1,4,2,02,1,1,000,000,1,0,1,3,1,19,0,1,9,00,2,1,1,201500023894B01,7,15,1
201500023902,2015-10-15,2015,octobre,jeudi,15:15,33,33192,44.77846,-0.60978,2,2,2,1,1,4,2,02,1,1,000,000,1,0,1,4,1,55,0,1,9,00,0,0,1,201500023902B01,7,23,1
201500023908,2015-10-24,2015,octobre,samedi,17:00,33,33063,44.81522,-0.56534,2,5,1,1,1,4,2,02,1,1,000,000,1,0,1,4,1,18,5,1,9,00,2,1,1,201500023908A01,7,15,1
201500023930,2015-11-02,2015,novembre,lundi,16:30,33,33063,44.8561,-0.57109,2,1,5,1,1,4,2,02,1,1,000,000,1,0,1,1,1,63,5,1,2,00,0,4,15,201500023930B01,32/ 7,1,2
201500023931,2015-11-03,2015,novembre,mardi,85:5,33,33063,44.8308,-0.54464,2,3,3,1,1,4,1,01,1,1,000,000,1,0,1,4,2,35,0,1,9,00,0,0,1,201500023931B01,7,1,1
201500023932,2015-10-28,2015,octobre,mercredi,54:5,33,33192,44.7772,-0.59293,2,6,3,5,1,4,2,02,1,1,000,000,1,0,1,4,1,52,1,1,2,00,2,7,16,201500023932B01,7,15,1
201500023938,2015-10-30,2015,octobre,vendredi,17:38,33,33039,44.79958,-0.54375,2,1,3,1,1,4,2,04,1,1,000,110,1,0,1,4,2,28,4,1,9,00,0,1,1,201500023938B01,10,15,1
201500023962,2015-11-08,2015,novembre,dimanche,15:10,33,33318,44.7832,-0.68707,2,3,3,1,1,4,2,04,1,1,000,000,1,0,1,3,1,75,5,1,2,00,2,8,1,201500023962B01,7,15,1
201500023965,2015-11-10,2015,novembre,mardi,14:50,33,33063,44.8416,-0.5835,2,3,3,1,1,4,1,01,1,1,000,000,1,0,1,3,1,40,0,1,2,00,2,8,1,201500023965B01,37,1,1
201500023968,2015-11-12,2015,novembre,jeudi,19:10,33,33063,44.8446,-0.55261,2,3,3,5,5,4,2,04,1,1,000,000,1,0,1,4,2,22,5,1,9,00,2,1,1,201500023968B01,10,16,1
201500023976,2015-11-10,2015,novembre,mardi,80:0,33,33069,44.8635,-0.60651,2,6,3,1,5,4,2,02,1,1,000,000,8,0,1,4,1,12,0,1,2,00,0,0,1,201500023976B01,7,1,1
201500023978,2015-11-16,2015,novembre,lundi,13:40,33,33063,44.83939,-0.55905,1,3,3,1,1,4,2,,1,1,000,000,1,0,1,4,1,22,0,1,2,00,0,7,1,201500023978B01,7,1,1
201500023983,2015-11-16,2015,novembre,lundi,12:15,33,33281,44.8509,-0.67842,2,1,3,1,1,4,2,02,1,1,000,060,1,0,1,4,1,24,0,1,9,00,2,1,1,201500023983A01,10,15,1
201500023987,2015-11-16,2015,novembre,lundi,17:25,33,33119,44.85965,-0.515,2,3,3,2,1,4,2,04,1,1,000,000,1,0,1,4,1,19,0,1,2,00,2,1,1,201500023987B01,31,15,1
201500023989,2015-11-19,2015,novembre,jeudi,84:0,33,33063,44.85141,-0.58226,2,2,3,1,1,4,1,01,1,1,000,000,2,0,1,4,1,14,2,1,9,00,2,1,1,201500023989A01,7,1,1
201500023990,2015-11-19,2015,novembre,jeudi,19:15,33,33063,44.8308,-0.54464,2,2,1,5,1,4,2,02,1,1,000,000,2,0,1,4,1,18,0,1,2,00,2,1,1,201500023990A01,31,1,1
201500024008,2015-11-27,2015,novembre,vendredi,75:6,33,33063,44.83144,-0.59836,2,2,3,1,1,4,2,02,1,1,000,000,1,4,1,4,1,16,0,1,2,00,0,0,15,201500024008A01,40,1,1
201500024011,2015-11-28,2015,novembre,samedi,14:00,33,33063,44.85967,-0.5547,2,3,3,1,1,4,3,09,1,1,000,000,1,0,1,4,2,24,0,1,9,00,0,8,19,201500024011B01,7,1,1
201500024016,2015-11-26,2015,novembre,jeudi,16:50,33,33167,44.8263,-0.52661,2,3,3,2,1,4,1,01,1,1,000,000,1,0,1,4,1,28,0,1,9,00,2,1,1,201500024016B01,7,15,1
201500024019,2015-11-29,2015,novembre,dimanche,18:10,33,33318,44.7945,-0.61199,2,3,3,2,1,4,2,02,1,1,000,033,1,0,1,4,2,52,1,1,2,00,2,7,1,201500024019B01,7,13,1
201500024024,2015-12-01,2015,décembre,mardi,83:0,33,33063,44.8467,-0.59815,2,2,3,1,5,4,1,02,1,1,000,000,1,0,1,4,1,26,0,1,9,00,2,1,17,201500024024A01,7,15,1
201500024027,2015-11-26,2015,novembre,jeudi,16:30,33,33063,44.8244,-0.59108,2,1,2,1,2,4,2,02,1,1,000,097,1,0,1,4,1,19,0,1,9,00,0,4,1,201500024027B01,10,1,1
201500024027,2015-11-26,2015,novembre,jeudi,16:30,33,33063,44.8244,-0.59108,2,1,2,1,2,4,2,02,1,1,000,097,1,0,1,1,1,19,5,1,9,00,0,4,1,201500024027B01,10,1,1
201500024030,2015-12-02,2015,décembre,mercredi,20:10,33,33063,44.8344,-0.59014,2,3,1,5,1,4,1,01,1,1,000,000,1,0,1,4,2,50,0,1,9,00,2,1,16,201500024030A01,7,1,1
201500024031,2015-12-03,2015,décembre,jeudi,19:30,33,33063,44.8223,-0.59366,2,1,3,5,1,4,2,02,1,1,000,000,1,0,1,4,1,28,0,1,9,00,0,0,1,201500024031B01,7,16,1
201500024039,2015-11-30,2015,novembre,lundi,11:30,33,33063,44.86422,-0.57999,2,1,3,1,1,4,3,06,1,1,000,000,1,0,1,4,1,29,5,1,9,01,2,1,1,201500024039B01,10,22,1
201500024040,2015-12-06,2015,décembre,dimanche,90:5,33,33063,44.84005,-0.59175,2,1,3,1,1,4,-1,02,1,1,000,030,1,0,1,4,1,65,0,1,2,00,2,1,1,201500024040B01,7,0,1
201500024044,2015-12-06,2015,décembre,dimanche,16:35,33,33063,44.86743,-0.57573,2,1,1,1,1,4,3,08,1,1,000,060,1,0,1,4,2,56,0,1,2,00,2,8,19,201500024044B01,32,1,1
201500024047,2015-12-02,2015,décembre,mercredi,13:30,33,33075,44.8745,-0.61883,2,1,3,1,1,4,3,04,1,1,010,162,1,0,1,4,1,6,5,1,2,00,2,8,1,201500024047B01,7,1,1
201500024053,2015-12-07,2015,décembre,lundi,11:30,33,33167,44.83541,-0.5234,2,1,3,1,1,4,2,02,2,2,000,000,1,0,1,4,1,76,0,1,2,00,2,0,1,201500024053A01,14,24,1
201500024063,2015-12-03,2015,décembre,jeudi,83:0,33,33318,44.8089,-0.60582,2,3,1,1,5,4,2,02,1,1,000,000,1,0,1,4,1,16,9,1,2,00,2,8,19,201500024063A01,7,1,1
201500024071,2015-12-07,2015,décembre,lundi,13:30,33,33281,44.84715,-0.65803,2,2,3,1,1,4,3,06,1,1,000,000,1,0,1,4,1,15,0,1,9,00,2,1,1,201500024071B01,31,15,1
201500024075,2015-11-30,2015,novembre,lundi,17:15,33,33063,44.84197,-0.5761,2,1,6,1,1,4,2,02,1,1,000,000,1,0,1,1,1,18,0,1,2,00,1,1,1,201500024075A01,,,
201500024087,2015-12-16,2015,décembre,mercredi,10:40,33,33063,44.8399,-0.60339,2,2,3,1,1,4,1,02,1,1,000,000,1,0,1,1,1,33,0,1,2,00,2,2,15,201500024087B01,10,1,1
201500024090,2015-12-09,2015,décembre,mercredi,13:50,33,33522,44.79625,-0.59346,2,1,3,1,1,4,2,04,1,1,000,365,1,0,1,4,2,20,0,1,2,00,2,1,15,201500024090B01,7,1,1
201500024091,2015-12-10,2015,décembre,jeudi,75:0,33,33039,44.8075,-0.54887,2,2,3,1,1,4,2,02,1,1,000,425,1,0,0,4,1,83,0,1,9,00,0,0,1,201500024091B01,7,15,1
201500024098,2015-12-11,2015,décembre,vendredi,17:00,33,33069,44.86189,-0.6019,2,3,3,5,1,4,2,03,1,1,000,000,1,0,1,4,2,65,0,1,9,00,0,9,1,201500024098B01,7,1,1
201500024099,2015-12-19,2015,décembre,samedi,22:55,33,33063,44.8406,-0.58074,2,4,6,5,1,4,4,00,2,1,000,000,1,0,1,4,1,18,9,1,2,01,0,4,1,201500024099A01,,,
201500024112,2015-12-21,2015,décembre,lundi,23:00,33,33063,44.8334,-0.59426,2,3,3,5,1,4,1,01,1,1,000,000,1,0,0,3,1,21,0,1,2,00,2,1,19,201500024112A01,10,1,1
201500024132,2015-12-30,2015,décembre,mercredi,15:05,33,33063,44.83203,-0.59388,2,2,3,1,1,4,1,01,1,1,000,035,1,0,1,4,2,34,0,1,9,00,0,7,1,201500024132B01,7,1,1
201500024142,2015-01-10,2015,janvier,samedi,40:5,33,33063,44.8213,-0.58277,2,2,3,5,1,4,3,06,1,1,015,070,2,0,1,4,1,22,5,1,8,00,2,0,1,201500024142B01,37,1,1
201500024153,2015-01-12,2015,janvier,lundi,65:0,33,33075,44.8762,-0.58229,2,2,3,5,1,4,2,02,1,1,000,000,1,0,1,4,1,29,0,1,8,00,2,0,1,201500024153B01,7,1,1
201500024155,2015-01-12,2015,janvier,lundi,18:15,33,33550,44.8,-0.57644,2,1,1,5,1,4,2,02,1,1,000,000,1,0,1,4,1,57,0,1,8,00,2,1,1,201500024155B01,7,13,1
201500024166,2015-01-15,2015,janvier,jeudi,17:15,33,33162,44.8753,-0.63052,2,3,2,1,2,4,2,02,1,1,000,000,2,0,1,3,1,65,0,1,8,00,2,4,1,201500024166B01,7,16,1
201500024168,2015-01-16,2015,janvier,vendredi,13:50,33,33318,44.8053,-0.65918,2,3,3,1,2,4,2,02,1,1,000,036,2,0,1,4,1,52,1,1,9,00,2,1,5,201500024168A01,7,16,1
201500024178,2015-01-20,2015,janvier,mardi,75:0,33,33119,44.8457,-0.53307,2,5,3,2,1,4,3,04,1,4,000,000,1,0,1,4,1,31,1,1,8,00,2,3,1,201500024178B01,7,16,1
201500024179,2015-01-20,2015,janvier,mardi,13:40,33,33063,44.8503,-0.60552,2,3,2,1,1,4,2,02,1,1,000,000,1,0,1,3,2,24,0,1,8,00,2,1,2,201500024179A01,7,16,1
201500024218,2015-02-07,2015,février,samedi,15:00,33,33063,44.8605,-0.57641,2,1,3,1,1,4,2,02,1,1,000,000,1,0,1,4,1,26,0,1,9,00,0,0,13,201500024218B01,10,22,1
201500024222,2015-01-23,2015,janvier,vendredi,15:05,33,33063,44.8453,-0.58541,2,2,3,1,1,4,1,01,1,1,000,000,1,0,1,4,1,28,0,1,8,00,0,1,1,201500024222B01,7,1,1
201500024252,2015-02-23,2015,février,lundi,72:0,33,33281,44.8241,-0.63643,2,6,3,2,3,4,2,04,1,1,000,700,1,0,1,4,1,57,0,1,9,00,2,0,19,201500024252B01,7,16,1
201500024253,2015-02-23,2015,février,lundi,19:00,33,33063,44.8391,-0.61308,2,3,1,5,3,4,2,02,1,1,000,000,2,0,0,4,1,53,1,1,9,00,2,1,1,201500024253B01,7,9,1
201500024254,2015-02-24,2015,février,mardi,18:15,33,33063,44.8285,-0.56205,2,3,3,1,1,4,2,03,1,1,000,000,1,0,1,3,1,19,5,1,9,00,2,1,1,201500024254B01,7,15,1
201500024258,2015-02-27,2015,février,vendredi,83:0,33,33281,44.8464,-0.63505,2,3,3,1,1,4,2,02,1,1,000,160,1,0,1,4,1,48,1,1,4,00,2,1,1,201500024258B01,7,16,1
201500024266,2015-03-02,2015,mars,lundi,19:50,33,33063,44.8319,-0.57727,2,2,1,5,1,4,2,03,1,1,000,095,2,0,1,4,2,23,5,1,9,00,2,1,1,201500024266A01,10,1,1
201500024278,2015-03-11,2015,mars,mercredi,18:30,33,33063,44.8589,-0.62799,2,3,3,1,1,4,2,03,1,1,000,000,1,0,1,4,1,59,5,1,2,00,2,1,1,201500024278A01,7,15,1
201500024288,2015-03-13,2015,mars,vendredi,21:55,33,33063,44.8422,-0.58546,2,1,3,5,1,4,2,03,1,1,000,130,2,0,1,4,2,18,0,1,8,01,0,1,1,201500024288B01,7,22,1
201500024293,2015-12-21,2015,décembre,lundi,17:00,06,06161,0,0,2,1,3,2,1,4,2,02,2,-1,000,080,1,0,5,3,1,32,5,1,2,00,2,1,1,201500024293B02,10,16,1
201500024326,2015-07-09,2015,juillet,jeudi,19:25,34,34003,43.30481,3.45245,1,1,2,1,1,3,2,01,1,1,000,072,1,0,1,4,2,51,0,1,2,00,0,0,0,201500024326A01,1,0,1
201500024326,2015-07-09,2015,juillet,jeudi,19:25,34,34003,43.30481,3.45245,1,1,2,1,1,3,2,01,1,1,000,072,1,0,1,4,1,29,0,1,2,00,0,0,0,201500024326B01,1,0,1
201500024330,2015-10-01,2015,octobre,jeudi,18:05,34,34003,43.3126,3.48205,2,2,3,1,1,4,2,02,1,1,000,055,1,0,1,3,1,14,5,1,9,00,2,1,0,201500024330B01,7,0,1
201500024332,2015-11-13,2015,novembre,vendredi,14:15,34,34003,43.30646,3.49309,2,7,3,1,1,6,-1,00,1,1,000,000,1,0,0,3,1,13,5,1,4,00,2,1,19,201500024332A01,10,1,1
201500024352,2015-05-06,2015,mai,mercredi,73:0,34,34032,43.3527,3.21608,2,3,6,1,1,4,-1,00,-1,-1,000,000,-1,0,0,1,1,58,0,1,2,00,1,0,0,201500024352A01,,,
201500024355,2015-05-09,2015,mai,samedi,13:10,34,34032,43.34778,3.21,1,1,7,1,1,4,2,00,-1,2,000,000,-1,0,1,3,1,44,9,1,2,00,0,0,0,201500024355Z01,,,
201500024397,2015-01-10,2015,janvier,samedi,19:50,34,34172,43.6219,3.84649,2,1,6,5,1,4,2,02,2,1,000,060,1,0,1,4,2,24,5,1,4,00,2,3,1,201500024397B01,7,15,1
201500024405,2015-04-08,2015,avril,mercredi,21:00,34,34172,43.6,3.87669,2,1,2,5,1,4,-1,02,1,-1,000,075,1,2,1,4,1,17,9,1,4,00,0,4,2,201500024405B01,7,2,1
201500024427,2015-04-20,2015,avril,lundi,15:55,34,34172,43.6367,3.83154,2,1,3,1,1,3,2,02,-1,1,000,045,1,0,5,4,2,21,9,1,2,00,4,0,19,201500024427B01,40,1,1
201500024437,2015-05-11,2015,mai,lundi,83:0,34,34198,43.57699,3.93303,1,2,3,1,1,3,2,03,1,1,114,161,1,5,1,3,1,61,1,1,2,00,2,7,9,201500024437B01,7,1,1
201500024441,2015-02-24,2015,février,mardi,80:5,34,34172,43.6036,3.88915,2,1,7,1,1,4,2,04,1,1,000,120,1,0,5,4,1,59,0,1,9,00,2,0,1,201500024441A01,7,16,1
201500024443,2015-02-24,2015,février,mardi,90:5,34,34172,43.603,3.88728,2,1,5,1,1,4,1,03,1,1,000,090,1,0,5,4,1,44,1,1,9,00,2,1,1,201500024443B01,7,1/22,2
201500024444,2015-05-14,2015,mai,jeudi,93:5,34,34172,43.6176,3.88172,2,3,3,1,1,4,2,02,1,1,000,054,1,5,1,3,2,56,5,1,2,00,0,0,0,201500024444B01,10,0,1
201500024469,2015-05-28,2015,mai,jeudi,82:0,34,34172,43.6108,3.91609,2,1,3,1,1,4,2,03,1,1,000,130,1,0,1,4,1,35,9,1,2,00,2,8,1,201500024469A01,7,15,1
201500024475,2015-03-13,2015,mars,vendredi,16:50,34,34172,43.6229,3.8725,2,6,7,1,1,4,2,02,2,1,000,084,1,0,1,2,2,74,0,1,9,14,0,1,1,201500024475A01,,,
201500024476,2015-06-01,2015,juin,lundi,85:0,34,34172,43.6285,3.84579,2,1,3,1,1,4,2,04,1,4,000,128,1,0,5,4,1,39,0,1,2,00,2,1,0,201500024476B01,7,15,1
201500024478,2015-06-02,2015,juin,mardi,91:0,34,34172,43.5814,3.86921,2,2,6,1,1,4,2,02,2,2,000,069,1,0,0,4,1,73,5,1,2,00,2,1,1,201500024478B01,7,15,1
201500024479,2015-06-02,2015,juin,mardi,18:15,34,34172,43.6325,3.86031,2,1,3,1,1,4,1,02,-1,-1,000,000,-1,0,1,4,1,24,5,1,4,00,2,6,1,201500024479B01,7,16,1
201500024505,2015-07-01,2015,juillet,mercredi,18:50,34,34172,43.6029,3.85519,2,1,6,1,1,4,2,03,2,1,000,090,1,0,1,3,1,59,9,1,2,00,2,1,2,201500024505A01,7,23,1
201500024509,2015-07-06,2015,juillet,lundi,20:30,34,34172,43.6235,3.89227,2,9,1,2,1,4,1,02,1,1,000,090,1,0,1,3,1,24,0,1,2,00,2,1,5,201500024509B01,7,16,1
201500024514,2015-07-09,2015,juillet,jeudi,20:15,34,34172,43.6051,3.85492,2,9,3,1,1,4,2,02,2,1,000,060,1,0,1,4,1,56,5,1,2,00,2,1,1,201500024514B01,7,15,1
201500024519,2015-07-10,2015,juillet,vendredi,20:00,34,34172,43.6219,3.88298,2,4,7,1,1,4,1,01,1,3,000,036,1,5,1,3,1,78,5,1,2,00,2,0,5,201500024519A01,7,1,1
201500024539,2015-08-11,2015,août,mardi,21:45,34,34172,43.6087,3.84649,2,1,1,5,1,4,2,01,1,1,000,075,1,0,1,3,1,34,0,1,2,00,2,1,17,201500024539A01,2,1,1
201500024551,2015-08-25,2015,août,mardi,10:35,34,34172,43.6085,3.867,2,3,3,1,1,4,1,01,1,1,000,030,1,0,1,4,1,31,1,1,2,00,2,1,0,201500024551A01,7,15,1
201500024568,2015-09-25,2015,septembre,vendredi,83:5,34,34172,43.6273,3.84736,2,2,3,1,1,4,2,00,1,1,000,000,1,0,1,4,2,39,9,1,2,00,2,8,1,201500024568B01,7,15,1
201500024573,2015-09-30,2015,septembre,mercredi,93:0,34,34172,43.6301,3.88575,2,1,1,1,1,4,2,02,2,1,000,060,1,0,1,4,1,31,5,1,2,00,2,1,1,201500024573B01,10,15,1
201500024591,2015-10-17,2015,octobre,samedi,19:00,34,34172,43.6199,3.86533,2,1,3,5,1,4,2,04,1,1,023,116,1,0,4,4,1,22,9,1,2,00,2,8,1,201500024591A01,7,0,1
201500024596,2015-10-23,2015,octobre,vendredi,19:00,34,34172,43.6047,3.87901,2,1,6,5,1,4,1,01,1,1,000,040,1,0,1,4,2,40,1,1,2,00,1,3,21,201500024596A01,,,
201500024634,2015-11-30,2015,novembre,lundi,18:25,34,34172,43.6285,3.84581,2,1,3,2,1,4,2,03,1,1,000,067,1,0,1,3,1,45,1,1,2,00,2,1,1,201500024634B01,7,15,1
201500024646,2015-12-09,2015,décembre,mercredi,14:35,34,34172,43.6114,3.86654,2,1,6,1,1,4,1,02,1,1,000,030,1,0,1,1,1,41,1,1,9,00,1,1,5,201500024646A01,,,
201500024709,2015-06-10,2015,juin,mercredi,14:45,35,35115,48.35952,-1.19234,2,1,6,1,1,4,2,02,1,1,000,000,1,0,1,4,1,15,5,1,2,01,0,1,2,201500024709C01,7,22,1
201500024709,2015-06-10,2015,juin,mercredi,14:45,35,35115,48.35952,-1.19234,2,1,6,1,1,4,2,02,1,1,000,000,1,0,1,4,1,13,5,1,2,01,0,1,2,201500024709B01,7,22,1
201500024723,2015-02-17,2015,février,mardi,82:9,35,35238,48.09136,-1.65503,2,3,6,1,1,4,2,02,2,1,000,000,1,0,1,4,1,56,1,1,4,00,2,0,1,201500024723B01,7,16,1
201500024736,2015-01-12,2015,janvier,lundi,13:00,35,35238,48.1098,-1.66928,2,1,3,1,8,4,1,02,1,1,000,000,1,0,5,4,2,61,1,1,8,00,2,1,1,201500024736B01,10,22,1
201500024743,2015-01-17,2015,janvier,samedi,13:25,35,35238,48.1086,-1.68015,2,2,3,1,1,4,2,02,3,1,000,000,2,0,1,4,1,41,1,1,2,00,2,1,1,201500024743A01,7,23,1
201500024746,2015-01-26,2015,janvier,lundi,10:05,35,35238,48.10359,-1.66251,2,1,3,1,1,4,1,02,2,1,000,000,1,5,1,4,2,19,5,1,2,00,2,1,1,201500024746B01,7,16,1
201500024747,2015-01-19,2015,janvier,lundi,10:05,35,35238,48.1035,-1.66268,2,2,3,1,1,4,2,02,1,1,000,000,1,5,1,4,2,19,2,1,2,00,2,1,1,201500024747B01,7,16,1
201500024761,2015-01-30,2015,janvier,vendredi,84:5,35,35238,48.11152,-1.62513,2,6,3,3,2,4,-1,00,-1,-1,000,000,2,5,1,4,1,51,1,1,4,00,2,0,0,201500024761B01,7,0,1
201500024784,2015-04-08,2015,avril,mercredi,14:15,35,35238,48.11331,-1.67522,2,1,7,1,1,4,3,03,2,2,000,000,1,0,1,3,1,57,5,1,2,00,0,0,0,201500024784B01,10,24,1
201500024791,2015-02-12,2015,février,jeudi,14:5,35,35281,48.07618,-1.74492,1,1,6,3,1,3,2,02,1,1,000,000,1,0,1,4,1,44,1,1,4,00,2,4,2,201500024791B01,7,2,1
201500024793,2015-02-12,2015,février,jeudi,14:10,35,35238,48.1041,-1.68435,2,1,3,1,1,4,3,02,1,1,000,000,1,0,1,4,1,49,5,1,2,00,2,0,1,201500024793B01,7,16,1