Num_Acc,date,an,mois,jour,hrmn,dep,com,lat,long,agg,int,col,lum,atm,catr,circ,nbv,prof,plan,lartpc,larrout,surf,infra,situ,grav,sexe,age,trajet,secuexist,equipement,obs,obsm,choc,manv,vehiculeid,typevehicules,manoeuvehicules,numVehicules
201500024801,2015-04-13,2015,avril,lundi,16:00,35,35055,48.09004,-1.61404,2,1,3,1,1,4,2,02,1,1,000,000,1,0,1,4,1,75,0,1,9,00,2,0,19,201500024801B01,7,1,1
201500024802,2015-02-14,2015,février,samedi,41:0,35,35238,48.1104,-1.68462,2,1,6,5,2,4,-1,01,2,1,000,000,2,0,1,4,1,56,5,1,2,00,2,0,1,201500024802B01,7,1,1
201500024808,2015-04-19,2015,avril,dimanche,12:15,35,35238,48.13665,-1.66689,2,6,3,1,1,4,-1,00,1,2,000,000,1,5,1,4,1,30,9,1,9,00,2,1,0,201500024808A01,7,9,1
201500024812,2015-02-17,2015,février,mardi,82:9,35,35238,48.0913,-1.65504,2,3,3,1,1,4,3,01,1,1,000,000,1,5,1,4,1,56,1,1,2,00,2,1,1,201500024812B01,7,16,1
201500024823,2015-04-29,2015,avril,mercredi,74:5,35,35238,48.08966,-1.68225,2,6,6,1,1,4,3,00,1,1,000,000,1,5,1,4,1,82,9,1,2,00,2,7,0,201500024823B01,7,9,1
201500024828,2015-02-22,2015,février,dimanche,12:30,35,35238,48.08471,-1.66072,2,3,3,1,1,4,3,02,1,1,000,000,1,5,1,4,2,67,5,1,2,00,2,2,1,201500024828B01,7,0,1
201500024838,2015-02-27,2015,février,vendredi,12:15,35,35238,48.11497,-1.65734,2,1,3,1,1,4,2,02,1,1,000,000,1,0,1,4,2,27,0,1,2,00,2,0,1,201500024838B01,7,15,1
201500024852,2015-05-19,2015,mai,mardi,18:30,35,35051,48.12326,-1.62088,1,6,1,1,1,3,1,00,1,1,000,000,1,5,1,4,1,53,0,1,2,00,0,0,0,201500024852B01,7,0,1
201500024864,2015-03-14,2015,mars,samedi,19:10,35,35238,48.1057,-1.67765,2,1,3,5,8,4,3,02,1,1,000,000,1,0,1,4,1,21,5,1,8,00,2,0,1,201500024864B01,7,16,1
201500024867,2015-06-07,2015,juin,dimanche,19:40,35,35238,48.09518,-1.63768,2,2,3,1,1,4,-1,00,1,1,000,000,1,0,0,4,1,50,9,1,9,00,2,1,1,201500024867B01,7,15,1
201500024870,2015-03-18,2015,mars,mercredi,17:40,35,35238,48.0897,-1.68563,2,2,3,1,1,4,3,02,1,1,000,000,1,5,1,4,1,40,9,1,2,00,2,1,1,201500024870B01,7,15,1
201500024872,2015-06-12,2015,juin,vendredi,81:5,35,35051,48.1323,-1.63446,2,1,5,1,1,4,2,01,1,1,000,000,2,0,1,4,1,35,9,1,9,00,2,1,17,201500024872B01,7,16,1
201500024872,2015-06-12,2015,juin,vendredi,81:5,35,35051,48.1323,-1.63446,2,1,5,1,1,4,2,01,1,1,000,000,2,0,1,4,1,10,9,1,9,00,2,1,17,201500024872C01,7,16,1
201500024878,2015-06-10,2015,juin,mercredi,15:50,35,35238,48.10908,-1.6907,1,1,3,1,1,4,2,00,1,1,000,000,1,0,0,1,1,46,4,1,2,00,0,0,0,201500024878B01,7,0,1
201500024885,2015-03-26,2015,mars,jeudi,18:30,35,35238,48.1054,-1.70846,2,6,3,1,1,4,2,02,1,1,000,000,1,5,1,4,1,56,5,1,8,00,2,7,1,201500024885B01,7,9,1
201500024889,2015-06-16,2015,juin,mardi,15:50,35,35238,48.10621,-1.716,2,1,1,1,1,4,-1,00,1,-1,000,000,9,0,0,4,1,62,5,1,2,00,2,1,1,201500024889B01,2,1,1
201500024891,2015-06-17,2015,juin,mercredi,18:30,35,35238,48.11822,-1.67633,2,2,3,1,1,4,2,02,-1,-1,000,000,-1,0,1,3,1,34,1,1,2,00,2,1,0,201500024891B01,30,1,1
201500024895,2015-06-19,2015,juin,vendredi,14:00,35,35238,48.11016,-1.68407,2,2,2,1,1,4,1,02,1,1,000,000,1,0,1,4,1,22,0,1,9,00,2,1,15,201500024895A01,7,23,1
201500024896,2015-03-31,2015,mars,mardi,10:55,35,35238,48.1035,-1.69401,2,2,3,1,1,4,2,02,1,1,000,000,1,5,1,3,2,27,5,1,8,00,2,1,1,201500024896B01,15,16,1
201500024899,2015-06-23,2015,juin,mardi,16:00,35,35238,48.10605,-1.68444,2,1,7,1,1,4,3,04,1,1,000,000,1,0,1,4,1,40,9,1,9,00,0,0,1,201500024899A01,,,
201500024903,2015-06-25,2015,juin,jeudi,17:20,35,35238,48.11008,-1.68623,2,3,3,1,1,4,2,00,1,1,000,000,1,0,1,3,1,48,5,1,2,00,2,1,0,201500024903A01,37,1,1
201500024909,2015-06-29,2015,juin,lundi,20:10,35,35238,48.10733,-1.67169,2,1,6,1,1,4,2,02,1,1,000,000,1,0,1,4,2,25,5,1,2,01,0,1,1,201500024909B01,7,22,1
201500024916,2015-07-03,2015,juillet,vendredi,18:05,35,35238,48.10938,-1.67393,2,2,2,1,1,4,1,01,1,1,000,000,1,5,1,4,1,39,0,1,9,00,2,1,2,201500024916A01,7,23,1
201500024917,2015-06-05,2015,juin,vendredi,18:25,35,35051,0,0,2,6,3,1,1,4,2,02,1,1,000,000,1,5,1,4,1,48,1,1,9,00,2,1,1,201500024917B01,7,1,1
201500024918,2015-07-05,2015,juillet,dimanche,18:30,35,35238,48.09514,-1.63785,2,2,3,1,1,4,2,02,1,1,000,000,1,5,1,4,1,71,9,1,9,00,2,0,0,201500024918B01,7,15,1
201500024926,2015-07-09,2015,juillet,jeudi,13:45,35,35055,48.08807,-1.60834,2,6,2,1,1,3,2,02,1,1,000,000,1,5,1,4,1,11,5,1,2,00,2,6,0,201500024926B01,7,1,1
201500024932,2015-07-11,2015,juillet,samedi,11:20,35,35238,48.10746,-1.68028,2,2,3,1,1,4,3,04,1,1,000,000,1,5,1,3,1,65,5,1,9,00,2,1,1,201500024932B01,7,1,1
201500024941,2015-05-04,2015,mai,lundi,14:55,35,35238,48.1094,-1.67393,2,2,3,1,2,4,1,01,1,1,000,000,2,5,1,4,1,22,5,1,8,00,2,8,19,201500024941A01,10,16,1
201500024943,2015-05-04,2015,mai,lundi,19:20,35,35238,48.1231,-1.66029,2,1,6,1,2,4,2,02,1,1,000,000,2,0,1,1,1,27,2,1,8,00,1,1,1,201500024943A01,,,
201500024949,2015-05-07,2015,mai,jeudi,90:5,35,35238,48.1054,-1.65057,2,1,3,1,1,4,2,02,1,1,000,000,1,0,5,4,1,44,5,1,2,00,0,1,22,201500024949B01,7,22,1
201500024951,2015-07-28,2015,juillet,mardi,16:30,35,35238,48.10935,-1.67784,2,2,3,1,1,4,1,01,1,1,000,000,2,0,1,3,2,20,5,1,2,00,2,1,1,201500024951B01,7,1,1
201500024955,2015-07-28,2015,juillet,mardi,19:10,35,35238,48.10531,-1.7081,2,6,3,1,1,4,1,02,1,2,000,000,1,5,1,4,2,56,9,1,9,00,2,7,0,201500024955B01,7,1,1
201500024960,2015-07-31,2015,juillet,vendredi,12:30,35,35238,48.11172,-1.69306,2,1,1,1,1,4,2,02,1,1,000,000,1,0,5,3,1,53,1,1,2,00,2,1,1,201500024960B01,7,16,1
201500024965,2015-05-14,2015,mai,jeudi,15:40,35,35238,48.1085,-1.69298,2,2,3,1,1,4,2,02,1,1,000,000,1,5,1,3,1,14,5,1,2,00,2,4,19,201500024965A01,7,15,1
201500024972,2015-05-19,2015,mai,mardi,13:30,35,35238,48.1299,-1.68422,2,4,3,1,1,4,2,02,1,3,000,000,1,5,1,4,1,14,2,1,2,00,0,0,19,201500024972A01,7,1,1
201500024987,2015-08-20,2015,août,jeudi,14:50,35,35238,48.09337,-1.65837,1,6,1,1,1,4,2,02,,,,,,5,1,4,1,21,0,1,2,00,0,0,0,201500024987B01,7,0,1
201500025000,2015-09-04,2015,septembre,vendredi,81:5,35,35238,48.13101,-1.70388,2,3,3,1,1,4,2,02,1,1,000,000,1,5,1,4,1,19,2,1,9,00,2,0,15,201500025000B01,7,15,1
201500025003,2015-09-07,2015,septembre,lundi,13:00,35,35238,48.11009,-1.66371,2,1,3,1,1,4,2,02,1,1,000,000,1,0,1,3,1,20,2,1,9,00,2,1,9,201500025003A01,37,1,1
201500025006,2015-08-24,2015,août,lundi,81:0,35,35238,48.11478,-1.67443,2,1,5,1,1,4,1,01,3,3,000,000,1,0,1,4,2,35,5,1,9,00,2,0,2,201500025006C01,7,0/1,2
201500025006,2015-08-24,2015,août,lundi,81:0,35,35238,48.11478,-1.67443,2,1,5,1,1,4,1,01,3,3,000,000,1,0,1,1,1,35,5,1,9,00,0,0,0,201500025006D01,7,0/1,2
201500025006,2015-08-24,2015,août,lundi,81:0,35,35238,48.11478,-1.67443,2,1,5,1,1,4,1,01,3,3,000,000,1,0,1,1,2,2,5,1,9,00,0,0,0,201500025006D01,7,0/1,2
201500025006,2015-08-24,2015,août,lundi,81:0,35,35238,48.11478,-1.67443,2,1,5,1,1,4,1,01,3,3,000,000,1,0,1,1,2,1,0,1,9,00,0,0,0,201500025006D01,7,0/1,2
201500025017,2015-09-21,2015,septembre,lundi,83:0,35,35238,48.12263,-1.68422,2,2,3,1,1,4,2,02,1,1,000,000,1,0,1,4,2,24,1,1,9,00,2,1,1,201500025017B01,7,15,1
201500025027,2015-09-29,2015,septembre,mardi,17:30,35,35238,48.0973,-1.65777,2,5,3,1,1,4,2,02,2,1,000,000,1,0,1,4,2,57,1,1,9,00,2,1,1,201500025027B01,7,15,1
201500025036,2015-10-08,2015,octobre,jeudi,75:0,35,35238,48.10387,-1.67701,2,3,3,5,1,4,1,02,1,1,000,000,1,0,1,4,2,58,1,1,2,00,2,1,1,201500025036B01,7,16,1
201500025040,2015-10-09,2015,octobre,vendredi,80:5,35,35238,48.08942,-1.68243,2,6,2,1,1,4,2,02,1,-1,000,000,1,0,1,3,2,49,1,1,9,00,2,1,1,201500025040B01,7,1,1
201500025074,2015-11-02,2015,novembre,lundi,12:30,35,35278,48.13414,-1.69424,2,6,3,1,1,4,-1,02,-1,-1,000,000,1,5,1,4,1,50,9,1,9,00,2,5,1,201500025074B01,7,1,1
201500025079,2015-11-04,2015,novembre,mercredi,83:0,35,35238,48.10175,-1.68447,2,2,3,5,1,4,2,04,1,1,000,000,1,0,1,4,2,46,1,1,9,00,2,1,19,201500025079B01,7,15,1
201500025080,2015-11-04,2015,novembre,mercredi,10:45,35,35238,48.09096,-1.68034,2,3,3,1,1,4,2,02,1,1,000,000,1,5,1,4,2,79,3,1,9,00,2,7,1,201500025080B01,7,16,1
201500025081,2015-11-05,2015,novembre,jeudi,12:50,35,35238,48.10106,-1.72001,2,3,3,1,1,4,2,02,1,1,000,000,2,0,1,1,1,17,5,1,9,00,2,8,19,201500025081B01,1,1,1
201500025081,2015-11-05,2015,novembre,jeudi,12:50,35,35238,48.10106,-1.72001,2,3,3,1,1,4,2,02,1,1,000,000,2,0,1,4,1,48,5,1,9,00,2,1,1,201500025081A01,1,19,1
201500025090,2015-11-11,2015,novembre,mercredi,20:15,35,35238,48.10518,-1.67756,2,3,3,3,1,4,3,04,1,1,000,000,1,5,1,3,1,18,0,1,9,00,2,1,15,201500025090A01,7,1,1
201500025091,2015-11-13,2015,novembre,vendredi,81:8,35,35278,48.15941,-1.67732,2,6,3,1,1,4,2,02,1,3,000,000,1,5,1,4,1,13,0,1,2,00,2,0,0,201500025091B01,14,1,1
201500025097,2015-11-18,2015,novembre,mercredi,17:20,35,35238,48.10936,-1.68471,2,7,3,1,1,4,3,03,1,1,000,000,1,5,1,4,1,42,0,1,9,00,2,0,1,201500025097A01,7,1,1
201500025098,2015-11-12,2015,novembre,jeudi,17:40,35,35238,48.11027,-1.66562,2,2,3,5,1,4,1,00,1,1,000,000,1,0,1,3,1,58,0,1,2,00,2,1,0,201500025098B01,14,16,1
201500025100,2015-11-16,2015,novembre,lundi,18:38,35,35238,48.11337,-1.69617,2,1,3,5,2,4,3,00,1,1,000,000,2,0,1,3,2,61,0,1,2,00,2,7,19,201500025100B01,2,1,1
201500025106,2015-11-07,2015,novembre,samedi,17:40,35,35238,48.11036,-1.65565,1,1,3,2,1,4,-1,00,1,1,000,000,1,0,0,4,1,23,9,1,2,00,2,0,0,201500025106A01,10,1,1
201500025111,2015-11-20,2015,novembre,vendredi,82:5,35,35238,48.099,-1.68431,2,2,1,2,2,4,-1,00,1,1,000,000,2,0,0,4,2,50,0,1,2,00,2,0,0,201500025111B01,7,9,1
201500025113,2015-11-27,2015,novembre,vendredi,17:00,35,35238,48.13227,-1.7083,2,1,6,1,2,4,2,02,1,1,000,000,2,2,1,4,1,29,9,1,2,01,0,7,1,201500025113B01,7,22,1
201500025117,2015-11-28,2015,novembre,samedi,31:5,35,35238,48.11017,-1.68386,2,1,3,5,2,4,1,02,1,1,000,000,2,0,1,4,1,24,5,1,9,00,2,0,0,201500025117A01,7,1,1
201500025118,2015-11-28,2015,novembre,samedi,17:00,35,35238,48.12129,-1.68294,2,4,3,1,1,4,1,02,1,1,000,000,1,0,1,4,2,28,0,1,2,00,2,0,1,201500025118B01,7,16,1
201500025120,2015-11-30,2015,novembre,lundi,91:0,35,35238,48.08875,-1.64458,2,1,6,1,2,4,2,04,3,1,000,040,2,0,1,3,2,55,5,1,9,00,2,1,1,201500025120B01,7,22,1
201500025123,2015-12-01,2015,décembre,mardi,44:5,35,35281,48.07496,-1.71248,2,1,6,5,1,3,2,02,1,1,015,050,1,0,1,3,1,23,0,1,9,00,2,4,2,201500025123B01,7,2,1
201500025125,2015-12-01,2015,décembre,mardi,18:10,35,35238,48.1098,-1.67792,2,2,3,5,1,4,2,02,3,1,000,000,1,0,1,4,1,52,1,1,9,00,2,5,1,201500025125B01,37,15,1
201500025134,2015-12-04,2015,décembre,vendredi,92:5,35,35278,48.13661,-1.69295,2,6,3,1,1,3,-1,02,1,1,000,000,1,0,1,4,2,26,1,1,9,00,2,1,1,201500025134B01,7,9,1
201500025139,2015-12-07,2015,décembre,lundi,84:5,35,35238,48.11605,-1.69186,2,6,3,1,1,4,2,02,2,1,000,000,2,0,1,4,1,37,0,1,2,00,2,0,1,201500025139B01,7,5,1
201500025147,2015-12-10,2015,décembre,jeudi,13:55,35,35238,48.10618,-1.69214,2,2,3,1,1,4,1,01,1,1,000,000,1,0,1,4,1,53,1,1,2,00,2,0,1,201500025147B01,7,16,1
201500025179,2015-12-30,2015,décembre,mercredi,13:55,35,35238,48.11531,-1.67734,2,1,6,1,1,4,-1,00,1,1,000,000,1,0,4,4,2,23,0,1,9,08,0,1,1,201500025179A01,,,
201500025187,2015-07-18,2015,juillet,samedi,11:58,35,35288,48.65033,-2.02119,2,1,6,1,1,9,-1,00,1,-1,000,000,1,0,0,3,1,57,5,1,2,07,0,1,1,201500025187A01,,,
201500025190,2015-10-16,2015,octobre,vendredi,13:50,35,35288,48.64736,-2.00812,2,6,3,1,1,3,-1,02,1,-1,000,000,1,0,0,2,1,71,5,1,2,00,2,2,0,201500025190B01,7,9,1
201500025197,2015-11-29,2015,novembre,dimanche,80:5,36,36044,46.8095,1.68348,2,1,6,1,1,4,2,02,1,1,000,070,1,0,1,4,1,17,0,1,2,12,0,1,1,201500025197A01,,,
201500025200,2015-03-12,2015,mars,jeudi,74:5,36,36044,46.8009,1.69243,2,1,2,1,1,4,2,00,-1,-1,000,000,-1,0,1,4,1,19,9,1,2,00,2,1,1,201500025200A01,30,1,1
201500025228,2015-05-11,2015,mai,lundi,15:30,36,36044,46.7935,1.71184,2,1,2,1,1,4,2,02,1,1,000,000,1,0,1,3,1,80,5,1,2,00,2,4,1,201500025228B01,7,1,1
201500025231,2015-12-15,2015,décembre,mardi,14:55,36,36044,46.8114,1.69365,2,1,6,1,1,4,1,01,-1,-1,000,000,-1,0,4,1,1,16,9,1,2,00,1,0,0,201500025231A01,,,
201500025232,2015-04-16,2015,avril,jeudi,83:5,36,36044,46.8029,1.67989,2,1,3,1,1,4,2,02,1,1,000,000,-1,0,1,4,1,10,9,1,2,00,2,7,19,201500025232A01,7,1,1
201500025242,2015-05-15,2015,mai,vendredi,20:05,36,36044,46.8082,1.70379,2,2,3,1,1,4,1,01,1,1,000,000,1,0,1,4,1,17,5,1,2,00,0,0,0,201500025242A01,7,1,1
201500025253,2015-07-01,2015,juillet,mercredi,17:59,36,36044,46.8079,1.67678,2,1,3,1,1,4,2,02,1,1,000,000,1,0,1,4,1,5,5,1,2,00,0,0,0,201500025253B01,7,19,1
201500025262,2015-08-09,2015,août,dimanche,18:00,36,36044,46.8006,1.70195,2,1,6,1,1,4,2,02,1,1,000,000,1,0,1,4,1,17,5,1,2,08,0,1,1,201500025262A01,,,
201500025267,2015-09-13,2015,septembre,dimanche,82:0,36,36044,46.8083,1.70593,2,1,3,1,8,4,2,03,1,1,000,000,1,0,0,4,1,74,9,1,2,01,2,1,1,201500025267B01,7,9,1
201500025271,2015-09-23,2015,septembre,mercredi,84:5,36,36044,46.7888,1.69323,2,1,6,1,1,3,2,02,1,1,000,000,1,0,1,4,1,48,9,1,2,00,0,3,1,201500025271B01,10,1,1
201500025300,2015-02-03,2015,février,mardi,75:0,36,36159,46.7718,1.71243,2,1,6,2,1,3,2,02,1,1,000,000,1,0,3,4,1,18,5,1,2,07,0,1,1,201500025300A01,,,
201500025302,2015-02-17,2015,février,mardi,18:45,37,37261,0,0,2,1,6,5,1,4,2,03,1,1,000,000,1,0,1,4,1,64,5,1,9,00,0,0,21,201500025302B01,7,1,1
201500025307,2015-02-25,2015,février,mercredi,11:10,37,37214,0,0,2,1,6,1,2,4,3,04,1,1,000,000,2,0,5,4,2,63,5,1,2,08,0,1,1,201500025307A01,,,
201500025321,2015-03-11,2015,mars,mercredi,15:56,37,37261,0,0,2,1,3,1,1,4,2,02,1,1,000,080,1,4,1,4,2,20,1,1,9,00,4,6,15,201500025321A01,40,1,1
201500025322,2015-01-15,2015,janvier,jeudi,17:00,37,37261,0,0,2,2,3,1,3,4,2,04,1,1,000,150,2,4,1,3,1,14,2,1,9,00,2,1,1,201500025322B01,7,1,1
201500025323,2015-03-06,2015,mars,vendredi,83:0,37,37261,0,0,2,1,6,1,1,4,3,04,1,1,010,120,1,0,1,1,1,33,4,1,2,00,1,0,0,201500025323A01,,,
201500025323,2015-03-06,2015,mars,vendredi,83:0,37,37261,0,0,2,1,6,1,1,4,3,04,1,1,010,120,1,0,1,3,2,29,1,1,9,00,1,0,0,201500025323A01,,,
201500025333,2015-03-13,2015,mars,vendredi,10:05,37,37261,0,0,2,3,3,1,1,4,2,02,1,1,000,060,1,0,1,4,1,63,5,1,9,00,2,1,7,201500025333A01,10,15,1
201500025335,2015-03-13,2015,mars,vendredi,14:40,37,37214,0,0,2,6,3,1,2,4,2,02,1,1,000,000,2,0,1,4,1,24,1,1,2,00,2,7,1,201500025335A01,7,1,1
201500025348,2015-03-19,2015,mars,jeudi,83:4,37,37261,0,0,2,1,7,1,1,4,1,02,-1,-1,000,000,-1,0,1,4,1,25,1,1,2,00,0,0,2,201500025348A01,,,
201500025351,2015-03-20,2015,mars,vendredi,12:34,37,37261,0,0,2,2,7,1,2,4,2,02,1,1,000,080,2,0,1,4,1,24,1,1,9,00,0,0,1,201500025351A01,,,
201500025361,2015-03-27,2015,mars,vendredi,13:54,37,37214,0,0,1,2,3,1,1,4,2,02,1,1,000,060,1,0,1,3,2,33,0,1,9,00,2,8,1,201500025361A01,7,1,1
201500025362,2015-03-29,2015,mars,dimanche,12:16,37,37261,0,0,2,1,3,1,2,4,2,02,1,-1,000,060,2,0,0,3,2,33,0,1,2,00,2,7,1,201500025362B01,7,1,1
201500025363,2015-03-30,2015,mars,lundi,13:33,37,37122,0,0,2,1,7,1,1,4,3,02,2,1,000,080,1,0,0,4,1,15,2,1,9,00,0,1,1,201500025363A01,,,
201500025365,2015-03-31,2015,mars,mardi,18:35,37,37261,0,0,2,1,6,1,1,4,1,01,1,1,000,000,1,0,4,4,1,15,2,1,9,00,1,1,5,201500025365A01,,,
201500025365,2015-03-31,2015,mars,mardi,18:35,37,37261,0,0,2,1,6,1,1,4,1,01,1,1,000,000,1,0,4,1,2,18,2,1,8,00,1,1,5,201500025365A01,,,
201500025380,2015-01-30,2015,janvier,vendredi,80:0,37,37214,0,0,2,6,7,1,8,4,1,00,2,2,000,050,7,5,1,3,2,25,2,1,9,00,0,0,1,201500025380A01,,,
201500025383,2015-04-04,2015,avril,samedi,18:50,37,37261,0,0,2,6,3,1,1,4,-1,02,1,2,000,000,1,0,5,4,2,17,5,1,9,00,2,0,0,201500025383B01,7,16,1
201500025387,2015-04-07,2015,avril,mardi,83:0,37,37233,0,0,2,2,3,1,1,4,2,01,2,1,000,070,1,0,1,4,2,35,1,1,9,00,2,1,1,201500025387B01,7,15,1
201500025387,2015-04-07,2015,avril,mardi,83:0,37,37233,0,0,2,2,3,1,1,4,2,01,2,1,000,070,1,0,1,4,2,6,2,1,9,00,2,1,1,201500025387B01,7,15,1
201500025399,2015-02-16,2015,février,lundi,18:10,37,37261,0,0,2,1,6,1,1,4,1,01,1,1,000,060,1,0,1,4,1,24,0,1,2,00,0,0,0,201500025399A01,,,
201500025405,2015-04-14,2015,avril,mardi,13:15,37,37261,0,0,1,1,2,1,1,4,-1,03,2,1,000,090,1,4,1,3,1,76,3,1,9,00,2,0,1,201500025405A01,7,18,1
201500025418,2015-04-22,2015,avril,mercredi,15:50,37,37261,0,0,2,2,3,1,1,4,2,02,1,1,000,050,1,0,1,4,1,18,2,1,9,00,2,1,5,201500025418B01,7,1,1
201500025420,2015-04-21,2015,avril,mardi,17:00,37,37261,0,0,2,1,2,1,1,4,3,02,1,1,030,060,1,0,1,3,1,46,5,1,9,00,2,1,1,201500025420A01,7,1,1
201500025421,2015-01-19,2015,janvier,lundi,18:05,37,37261,0,0,2,2,3,3,1,4,1,01,1,1,000,000,1,0,1,4,1,18,5,1,9,00,2,1,1,201500025421B01,7,9,1
201500025423,2015-01-20,2015,janvier,mardi,83:0,37,37261,0,0,2,3,3,5,1,4,1,01,2,1,000,000,1,0,1,4,2,44,1,1,4,00,2,1,1,201500025423B01,7,15,1
201500025426,2015-04-23,2015,avril,jeudi,80:5,37,37195,0,0,2,3,1,1,1,4,2,02,1,1,000,000,1,0,1,3,1,59,1,1,9,00,2,1,1,201500025426B01,10,15,1
201500025427,2015-01-20,2015,janvier,mardi,85:5,37,37261,0,0,2,2,3,2,1,4,2,02,1,1,000,000,1,0,1,4,2,29,1,1,9,00,2,8,1,201500025427B01,7,15,1
201500025428,2015-04-23,2015,avril,jeudi,21:10,37,37261,0,0,2,2,3,5,1,4,1,01,1,1,000,062,1,0,0,4,1,37,9,1,4,00,2,1,1,201500025428A01,2,1,1
201500025443,2015-02-11,2015,février,mercredi,14:00,37,37261,0,0,2,2,3,1,1,4,1,01,1,1,000,000,1,0,1,4,1,68,5,1,9,00,2,1,5,201500025443B01,7,15,1
201500025453,2015-05-05,2015,mai,mardi,19:15,37,37261,0,0,2,1,3,1,1,4,2,02,4,1,000,072,1,0,1,3,1,52,0,1,2,00,2,2,9,201500025453A01,7,1,1
201500025457,2015-05-06,2015,mai,mercredi,14:55,37,37261,0,0,2,3,3,1,1,4,2,01,-1,-1,000,000,-1,0,0,4,1,17,5,1,2,00,0,0,0,201500025457A01,7,0,1
201500025471,2015-05-19,2015,mai,mardi,17:55,37,37233,0,0,2,3,3,1,1,4,2,02,1,1,000,000,1,0,1,4,1,47,1,1,9,00,2,1,19,201500025471B01,7,15,1
201500025473,2015-05-20,2015,mai,mercredi,51:5,37,37122,0,0,2,3,3,5,1,3,2,02,1,1,000,000,1,0,1,4,1,27,1,1,4,00,2,1,16,201500025473A01,10,1,1
201500025475,2015-03-24,2015,mars,mardi,71:5,37,37261,0,0,2,1,6,1,1,4,-1,00,1,1,000,000,1,0,4,3,2,27,0,1,9,00,2,1,1,201500025475A01,,,
201500025476,2015-05-21,2015,mai,jeudi,12:10,37,37261,0,0,2,1,3,1,1,4,1,01,2,1,000,040,1,0,5,4,1,55,5,1,2,00,2,1,2,201500025476B01,7,14,1
201500025490,2015-05-31,2015,mai,dimanche,12:18,37,37261,0,0,2,1,3,1,1,4,2,02,1,1,000,090,1,0,1,4,1,7,5,1,2,00,2,5,1,201500025490B01,7,16,1
201500025492,2015-06-03,2015,juin,mercredi,13:40,37,37261,0,0,2,1,3,1,1,4,2,02,1,1,000,065,1,0,1,4,1,17,5,1,9,00,2,1,9,201500025492A01,7,2,1
201500025500,2015-06-08,2015,juin,lundi,12:05,37,37214,0,0,2,6,3,1,1,4,3,04,1,1,000,000,1,0,1,4,1,48,5,1,9,00,2,1,19,201500025500B01,10,9,1
201500025503,2015-06-09,2015,juin,mardi,85:5,37,37261,0,0,2,1,3,1,1,4,2,02,1,1,000,000,1,0,1,3,1,69,5,1,2,00,2,7,1,201500025503B01,7,15,1
201500025510,2015-06-12,2015,juin,vendredi,11:11,37,37261,0,0,2,6,3,1,2,4,1,02,1,2,000,060,2,0,1,4,1,48,5,1,9,00,2,1,1,201500025510B01,7,9,1
201500025513,2015-06-13,2015,juin,samedi,17:30,37,37261,0,0,1,6,3,1,1,3,3,04,1,1,000,000,1,0,1,3,1,23,1,1,9,00,2,8,1,201500025513A01,7,1,1
201500025517,2015-06-17,2015,juin,mercredi,17:45,37,37122,0,0,2,3,3,1,1,4,2,02,1,1,000,000,1,0,1,4,1,34,9,1,9,00,0,0,0,201500025517B01,7,15,1
201500025519,2015-06-15,2015,juin,lundi,51:5,37,37214,0,0,2,1,3,3,2,4,3,00,1,1,000,000,2,0,5,4,2,31,1,1,9,00,2,0,0,201500025519B01,13,15,1
201500025520,2015-06-21,2015,juin,dimanche,14:00,37,37214,0,0,2,1,7,1,1,4,1,01,2,1,000,050,1,0,1,4,2,28,5,1,9,00,0,1,1,201500025520A01,,,
201500025543,2015-05-21,2015,mai,jeudi,16:19,37,37261,0,0,2,1,7,1,1,4,2,02,1,-1,000,000,1,5,4,3,1,58,5,1,2,00,0,0,0,201500025543A01,,,
201500025547,2015-06-18,2015,juin,jeudi,14:45,37,37261,0,0,2,1,6,1,1,4,-1,01,1,1,000,000,1,0,1,4,2,20,5,1,2,00,0,0,0,201500025547A01,,,
201500025558,2015-07-10,2015,juillet,vendredi,19:30,37,37261,0,0,2,1,1,1,1,4,-1,02,1,1,000,070,1,0,1,4,1,26,5,1,9,01,0,1,2,201500025558A01,14,24,1
201500025567,2015-08-04,2015,août,mardi,15:35,37,37261,0,0,2,1,1,1,1,4,2,02,2,1,000,000,1,0,4,4,2,67,5,1,9,00,2,1,5,201500025567A01,1,1,1
201500025567,2015-08-04,2015,août,mardi,15:35,37,37261,0,0,2,1,1,1,1,4,2,02,2,1,000,000,1,0,4,1,1,17,5,1,9,00,2,1,1,201500025567B01,1,5,1
201500025574,2015-08-10,2015,août,lundi,84:0,37,37214,0,0,2,1,3,1,1,4,1,02,1,1,000,060,1,0,1,4,1,39,1,1,9,00,2,1,1,201500025574B01,33,1,1
201500025578,2015-08-13,2015,août,jeudi,17:55,37,37261,0,0,2,1,7,1,8,4,1,02,1,1,000,000,2,0,0,3,1,64,5,1,9,12,0,5,1,201500025578A01,,,
201500025587,2015-08-06,2015,août,jeudi,16:52,37,37261,0,0,2,1,7,1,1,4,1,01,1,1,000,050,-1,6,4,1,1,34,0,1,2,00,1,0,0,201500025587A01,,,
201500025593,2015-08-25,2015,août,mardi,72:5,37,37122,0,0,2,6,3,1,1,4,2,02,1,2,000,060,1,0,1,4,1,50,1,1,2,00,2,1,2,201500025593B01,7,9,1
201500025595,2015-08-21,2015,août,vendredi,10:00,37,37261,0,0,2,1,3,1,1,4,3,03,2,1,000,000,1,2,1,3,1,35,9,1,9,00,2,7,19,201500025595B01,7,1,1