Num_Acc,date,an,mois,jour,hrmn,dep,com,lat,long,agg,int,col,lum,atm,catr,circ,nbv,prof,plan,lartpc,larrout,surf,infra,situ,grav,sexe,age,trajet,secuexist,equipement,obs,obsm,choc,manv,vehiculeid,typevehicules,manoeuvehicules,numVehicules
201500025596,2015-08-24,2015,août,lundi,13:50,37,37214,0,0,2,1,7,1,1,4,2,02,1,1,000,000,2,0,1,3,1,35,4,1,2,00,0,8,1,201500025596A01,,,
201500025604,2015-09-01,2015,septembre,mardi,12:00,37,37233,0,0,2,2,3,1,1,4,2,02,1,1,000,000,1,0,1,3,1,61,0,1,9,00,2,1,1,201500025604B01,7,1,1
201500025606,2015-09-02,2015,septembre,mercredi,84:0,37,37261,0,0,2,1,3,1,1,4,2,02,1,1,000,000,1,0,1,3,1,31,0,1,9,00,2,7,19,201500025606A01,7,1,1
201500025608,2015-09-02,2015,septembre,mercredi,19:00,37,37261,0,0,2,1,1,1,1,4,1,01,1,-1,000,000,1,0,1,4,1,45,5,1,2,00,0,7,0,201500025608B01,7,5,1
201500025620,2015-09-10,2015,septembre,jeudi,80:0,37,37122,0,0,2,8,1,1,1,3,2,02,1,1,000,000,1,4,5,4,1,28,0,1,9,00,2,1,5,201500025620A01,1,1,1
201500025620,2015-09-10,2015,septembre,jeudi,80:0,37,37122,0,0,2,8,1,1,1,3,2,02,1,1,000,000,1,4,5,4,1,44,0,1,9,00,2,1,1,201500025620B01,1,5,1
201500025622,2015-09-10,2015,septembre,jeudi,16:20,37,37261,0,0,2,1,6,1,1,4,1,01,1,1,000,030,1,0,1,1,2,20,5,1,2,00,1,1,2,201500025622A01,,,
201500025623,2015-09-10,2015,septembre,jeudi,15:30,37,37261,0,0,2,6,3,1,1,4,3,02,-1,-1,000,000,-1,0,1,4,1,64,5,1,2,00,2,1,2,201500025623B01,7,2,1
201500025625,2015-09-11,2015,septembre,vendredi,13:45,37,37261,0,0,2,1,1,1,1,4,3,03,1,1,000,000,1,0,0,3,1,36,0,1,2,00,2,8,19,201500025625B01,7,1,1
201500025628,2015-07-27,2015,juillet,lundi,82:0,37,37122,0,0,2,1,3,1,1,4,-1,02,1,1,000,000,1,0,0,3,1,26,0,1,4,00,0,0,0,201500025628B01,7,0,1
201500025638,2015-09-21,2015,septembre,lundi,16:25,37,37261,0,0,2,1,7,1,1,4,4,02,-1,1,000,000,1,0,1,4,1,70,9,1,2,00,0,0,12,201500025638A01,,,
201500025643,2015-08-15,2015,août,samedi,12:35,37,37261,0,0,2,3,3,1,1,4,1,01,1,1,000,000,1,0,1,3,1,28,5,1,9,00,2,1,1,201500025643A01,7,1,1
201500025644,2015-09-24,2015,septembre,jeudi,19:15,37,37261,0,0,2,7,3,1,1,4,1,01,1,1,000,000,1,0,1,3,1,57,0,1,9,00,2,1,1,201500025644A01,7,1,1
201500025661,2015-09-29,2015,septembre,mardi,13:20,37,37261,0,0,2,1,3,1,1,4,3,01,1,1,000,000,1,0,1,3,1,19,0,1,9,00,2,8,19,201500025661B01,7,2,1
201500025666,2015-10-01,2015,octobre,jeudi,14:30,37,37261,0,0,2,3,3,1,1,4,2,01,1,1,000,060,1,0,1,4,2,62,0,1,9,00,0,0,0,201500025666B01,7,0,1
201500025671,2015-10-02,2015,octobre,vendredi,14:40,37,37261,0,0,2,1,3,1,1,4,3,04,1,1,012,120,1,0,1,1,2,19,2,1,2,00,2,8,19,201500025671A01,33,1,1
201500025673,2015-10-02,2015,octobre,vendredi,17:14,37,37233,0,0,2,1,7,1,1,4,-1,02,1,1,000,080,1,0,4,4,1,10,5,1,2,00,0,0,0,201500025673A01,,,
201500025694,2015-10-20,2015,octobre,mardi,16:13,37,37233,0,0,2,1,6,1,1,4,2,02,1,1,000,080,1,0,1,4,2,77,5,1,9,09,0,8,1,201500025694A01,,,
201500025695,2015-10-21,2015,octobre,mercredi,12:20,37,37261,0,0,2,1,3,1,1,4,3,02,1,1,005,070,1,0,1,4,1,32,2,1,9,00,2,1,1,201500025695B01,10,9,1
201500025704,2015-10-28,2015,octobre,mercredi,13:50,37,37261,0,0,2,1,3,1,1,4,2,02,1,1,000,030,1,0,5,4,1,24,0,1,9,00,0,0,0,201500025704B01,7,0,1
201500025716,2015-11-04,2015,novembre,mercredi,13:35,37,37261,0,0,2,1,6,1,1,4,2,02,1,1,000,000,1,6,1,1,1,39,1,1,9,00,1,0,0,201500025716A01,,,
201500025716,2015-11-04,2015,novembre,mercredi,13:35,37,37261,0,0,2,1,6,1,1,4,2,02,1,1,000,000,1,6,1,3,1,57,0,1,8,00,1,0,0,201500025716A01,,,
201500025717,2015-11-05,2015,novembre,jeudi,80:0,37,37233,47.39287,0.71595,2,6,3,1,1,4,2,02,1,1,000,000,1,0,1,4,1,54,1,1,2,00,2,7,1,201500025717B01,7,1,1
201500025718,2015-11-05,2015,novembre,jeudi,11:15,37,37233,47.39418,0.75131,1,1,7,1,1,4,2,02,1,1,000,000,1,0,1,4,1,14,2,1,2,00,0,0,1,201500025718A01,,,
201500025719,2015-11-05,2015,novembre,jeudi,12:50,37,37122,0,0,2,3,3,1,1,4,2,02,1,1,000,000,1,0,1,3,1,14,0,1,9,00,2,1,1,201500025719B01,7,0,1
201500025728,2015-11-10,2015,novembre,mardi,75:5,37,37261,47.38141,0.68318,2,2,6,1,1,4,2,02,1,1,000,000,1,0,1,4,2,58,1,1,2,00,1,1,1,201500025728A01,,,
201500025729,2015-11-10,2015,novembre,mardi,17:50,37,37261,47.38029,0.68935,2,2,3,5,1,4,2,01,1,1,000,000,1,0,1,3,1,42,0,1,9,00,2,1,2,201500025729B01,7,2,1
201500025730,2015-11-11,2015,novembre,mercredi,19:40,37,37261,0,0,2,1,6,5,1,4,1,01,1,1,000,000,1,0,0,1,1,26,5,1,9,00,1,0,0,201500025730A01,,,
201500025739,2015-11-17,2015,novembre,mardi,20:00,37,37261,0,0,2,1,6,5,1,4,1,01,1,1,000,000,1,0,1,3,2,24,0,1,9,00,2,0,14,201500025739A01,7,0,1
201500025740,2015-11-18,2015,novembre,mercredi,17:40,37,37261,0,0,2,1,6,5,2,4,2,00,1,1,000,070,2,6,1,1,1,20,5,1,9,00,1,0,1,201500025740A01,,,
201500025750,2015-11-28,2015,novembre,samedi,14:25,37,37233,0,0,2,1,3,1,1,4,3,03,1,1,000,000,1,0,1,3,1,60,0,1,9,00,0,1,1,201500025750B01,7,0,1
201500025756,2015-11-29,2015,novembre,dimanche,19:40,37,37261,0,0,2,1,7,5,8,4,2,02,1,1,000,000,2,4,1,4,1,19,9,1,9,00,0,1,1,201500025756A01,,,
201500025758,2015-12-01,2015,décembre,mardi,81:0,37,37261,0,0,2,3,1,1,1,4,2,02,1,1,000,000,1,0,0,3,1,66,0,1,9,00,2,1,1,201500025758B01,7,15,1
201500025761,2015-12-02,2015,décembre,mercredi,74:0,37,37261,0,0,2,3,3,5,1,4,1,01,2,1,000,050,1,0,1,4,1,46,1,1,2,00,2,1,5,201500025761A01,7,1,1
201500025774,2015-12-07,2015,décembre,lundi,10:50,37,37261,0,0,2,1,1,1,1,4,1,01,1,1,000,000,1,0,0,3,2,28,0,1,9,01,0,1,2,201500025774B01,7,0,1
201500025779,2015-12-09,2015,décembre,mercredi,18:09,37,37261,0,0,2,1,6,5,1,4,1,01,2,1,000,030,1,0,1,1,1,18,0,1,9,00,1,1,1,201500025779A01,,,
201500025792,2015-12-12,2015,décembre,samedi,18:05,37,37261,0,0,2,1,1,5,1,4,3,02,1,1,000,000,1,0,1,4,1,20,0,1,4,00,2,1,19,201500025792A01,7,1,1
201500025796,2015-12-01,2015,décembre,mardi,81:5,37,37261,0,0,2,1,7,1,1,4,-1,02,2,3,000,000,1,0,0,4,1,19,0,1,2,00,0,1,1,201500025796A01,,,
201500025799,2015-12-15,2015,décembre,mardi,13:00,37,37261,0,0,2,1,6,1,2,4,2,02,1,1,000,000,2,0,1,3,1,28,9,1,9,00,2,8,13,201500025799B01,7,17,1
201500025800,2015-12-15,2015,décembre,mardi,15:10,37,37261,0,0,2,1,6,1,2,4,1,01,1,1,000,000,2,0,1,1,1,28,9,1,9,00,1,1,1,201500025800A01,,,
201500025801,2015-12-15,2015,décembre,mardi,16:40,37,37208,0,0,2,1,6,2,3,4,2,01,1,1,000,000,2,0,1,4,2,14,2,1,9,00,2,1,1,201500025801B01,7,20,1
201500025805,2015-11-11,2015,novembre,mercredi,13:50,37,37214,47.42145,0.66079,2,1,6,1,1,4,2,02,2,1,000,000,1,0,1,3,1,40,5,1,2,01,0,7,2,201500025805A01,,,
201500025806,2015-12-17,2015,décembre,jeudi,22:52,37,37214,47.4279,0.64325,2,3,7,5,8,4,2,02,1,1,000,050,2,0,1,3,1,53,9,1,9,14,0,8,15,201500025806A01,,,
201500025811,2015-12-23,2015,décembre,mercredi,72:3,37,37261,47.40416,0.72388,2,6,7,3,1,4,2,02,-1,-1,000,000,2,0,1,4,1,45,1,1,2,00,0,0,0,201500025811A01,,,
201500025823,2015-12-31,2015,décembre,jeudi,13:25,37,37261,47.39391,0.68724,1,1,6,1,1,4,-1,00,1,1,000,000,1,6,4,1,1,18,5,1,2,00,1,1,0,201500025823A01,,,
201500025824,2015-01-31,2015,janvier,samedi,3:,37,37261,0,0,2,1,7,2,1,4,-1,00,-1,-1,000,000,-1,0,0,4,2,26,0,1,4,00,0,0,0,201500025824A01,,,
201500025830,2015-02-12,2015,février,jeudi,91:5,38,38053,0,0,2,2,6,1,1,4,2,02,1,1,000,055,1,0,1,4,1,76,5,1,9,00,2,1,15,201500025830B01,7,1,1
201500025846,2015-11-19,2015,novembre,jeudi,11:47,38,38053,45.5892,5.27579,2,1,1,1,1,4,3,00,-1,-1,000,000,1,0,1,4,2,52,0,1,9,00,0,0,0,201500025846B01,7,0,1
201500025862,2015-04-22,2015,avril,mercredi,14:30,38,38169,45.19116,5.68302,2,1,6,1,1,4,-1,02,1,1,000,058,1,0,5,3,2,57,5,1,2,00,2,1,1,201500025862B01,7,22,1
201500025872,2015-05-07,2015,mai,jeudi,85:0,38,38185,45.19142,5.72511,2,3,3,1,1,4,1,01,1,1,000,000,1,0,1,3,2,55,0,1,9,00,2,2,19,201500025872A01,7,1,1
201500025873,2015-02-12,2015,février,jeudi,15:10,38,38185,45.18487,5.72167,2,1,6,1,1,4,1,02,1,1,000,000,1,0,1,1,1,22,0,1,9,00,1,1,1,201500025873A01,,,
201500025874,2015-05-05,2015,mai,mardi,13:38,38,38185,45.17621,5.70919,2,1,6,1,1,4,2,01,1,1,000,000,1,0,1,1,1,20,2,1,2,00,2,1,21,201500025874B01,7,1/22,2
201500025881,2015-02-21,2015,février,samedi,55:,38,38185,0,0,2,1,6,5,1,4,1,01,1,1,000,000,1,0,1,4,1,28,5,1,9,00,2,7,1,201500025881B01,7,16,1
201500025883,2015-02-26,2015,février,jeudi,84:5,38,38516,45.19699,5.7487,2,6,7,1,1,4,2,00,1,1,000,000,1,0,1,4,2,29,1,1,9,00,2,0,1,201500025883B01,10,1,1
201500025887,2015-03-01,2015,mars,dimanche,13:40,38,38185,0,0,2,1,6,1,9,3,2,01,1,1,000,000,2,0,1,4,1,75,0,1,9,00,2,7,19,201500025887B01,7,1,1
201500025890,2015-05-28,2015,mai,jeudi,13:15,38,38151,45.14678,5.7197,2,1,6,1,1,4,-1,00,1,1,000,000,1,0,0,4,1,40,0,1,9,00,0,0,0,201500025890B01,7,0,1
201500025892,2015-05-29,2015,mai,vendredi,80:5,38,38185,45.17116,5.72395,2,1,3,1,1,4,2,04,1,1,000,000,1,0,1,4,2,45,1,1,9,00,2,2,1,201500025892B01,7,19,1
201500025893,2015-03-06,2015,mars,vendredi,11:10,38,38185,0,0,2,1,6,1,1,4,-1,02,1,1,000,070,1,0,1,4,2,75,5,1,2,00,2,7,19,201500025893B01,7,1,1
201500025896,2015-06-03,2015,juin,mercredi,21:15,38,38151,45.15972,5.71987,2,6,6,1,1,3,3,04,1,1,,,1,,,4,1,13,5,1,4,00,2,0,19,201500025896A01,7,16,1
201500025902,2015-06-12,2015,juin,vendredi,16:40,38,38185,45.18706,5.73061,2,2,6,1,2,4,1,00,1,1,000,057,2,0,1,1,2,30,0,1,2,00,1,1,21,201500025902A01,,,
201500025906,2015-06-25,2015,juin,jeudi,82:0,38,38185,0,0,2,1,6,1,1,4,2,00,1,1,000,000,1,0,5,1,2,37,0,1,2,00,1,2,1,201500025906A01,,,
201500025919,2015-07-23,2015,juillet,jeudi,14:00,38,38516,45.20411,5.73521,2,1,6,1,1,4,-1,01,2,3,000,031,1,0,0,2,1,33,5,1,2,15,0,1,16,201500025919A01,,,
201500025930,2015-09-15,2015,septembre,mardi,14:00,38,38185,45.19419,5.71894,2,2,6,1,1,3,1,00,1,1,000,000,1,0,1,3,1,55,1,1,2,00,2,0,0,201500025930B01,7,0,1
201500025932,2015-09-18,2015,septembre,vendredi,84:5,38,38185,45.17348,5.71783,2,1,6,1,1,3,-1,02,2,1,000,056,2,0,5,4,1,53,1,1,9,00,2,1,1,201500025932B01,10,15,1
201500025941,2015-10-07,2015,octobre,mercredi,16:10,38,38169,45.19727,5.67413,2,1,6,1,1,4,2,02,1,1,000,000,1,0,1,4,1,44,9,1,2,00,2,1,9,201500025941A01,13,1,1
201500025944,2015-10-21,2015,octobre,mercredi,12:20,38,38185,45.18069,5.71957,2,2,6,1,8,3,-1,00,-1,-1,000,000,-1,0,0,3,1,20,5,1,9,00,2,1,1,201500025944B01,14,16,1
201500025946,2015-10-22,2015,octobre,jeudi,91:5,38,38185,45.17657,5.73168,2,2,3,1,1,3,2,04,1,1,000,000,1,0,1,3,1,35,5,1,4,00,0,0,0,201500025946B01,7,1,1
201500025948,2015-10-28,2015,octobre,mercredi,16:40,38,38516,45.19746,5.74622,2,1,6,1,3,4,2,02,1,1,000,000,2,0,1,3,1,22,0,1,2,00,2,8,1,201500025948B01,7,16,1
201500025968,2015-12-08,2015,décembre,mardi,10:35,38,38185,45.18379,5.73112,2,1,6,1,1,3,-1,01,1,1,000,000,1,0,4,1,1,26,2,1,9,00,1,1,1,201500025968A01,,,
201500025969,2015-12-10,2015,décembre,jeudi,10:10,38,38421,45.19259,5.75379,2,1,6,1,1,4,2,02,1,1,000,060,2,0,1,4,2,75,0,1,2,00,2,6,19,201500025969B01,7,0,1
201500025980,2015-04-22,2015,avril,mercredi,11:20,38,38544,45.5406,4.8577,2,9,3,1,1,3,2,02,1,1,000,062,1,0,1,3,2,56,0,1,9,14,0,8,19,201500025980B01,7,1,1
201500025993,2015-09-09,2015,septembre,mercredi,18:37,38,38544,45.52663,4.88367,2,1,3,1,1,3,2,02,-1,-1,000,000,1,0,1,3,2,30,0,1,9,01,0,7,17,201500025993B01,7,22,1
201500026015,2015-11-05,2015,novembre,jeudi,16:15,38,38563,45.3613,5.5715,2,9,3,1,1,4,2,02,1,2,000,078,1,0,1,3,1,42,5,1,2,00,2,1,15,201500026015B01,7,9,1
201500026021,2015-03-10,2015,mars,mardi,14:00,39,39198,0,0,2,3,6,1,1,4,2,02,2,3,000,000,1,0,1,3,1,43,5,1,2,00,2,7,0,201500026021B01,7,19,1
201500026027,2015-02-09,2015,février,lundi,16:15,39,39198,0,0,2,1,6,1,7,4,2,02,1,1,000,000,1,0,1,1,1,54,5,1,2,00,1,7,1,201500026027A01,,,
201500026049,2015-02-24,2015,février,mardi,19:30,40,40088,43.71592,-1.05384,2,2,3,5,1,4,2,02,1,1,000,060,1,0,1,3,2,60,5,1,9,00,2,8,19,201500026049B01,10,15,1
201500026063,2015-06-24,2015,juin,mercredi,80:5,40,40192,43.89252,-0.51424,2,1,7,1,1,3,2,02,1,1,000,000,1,0,1,4,1,65,5,1,2,00,0,0,2,201500026063A01,37,17,1
201500026067,2015-07-22,2015,juillet,mercredi,11:30,40,40192,43.87505,-0.46909,2,6,2,1,1,3,2,02,1,-1,000,000,1,0,0,3,1,70,5,1,2,00,2,4,1,201500026067B01,7,9,1
201500026068,2015-07-31,2015,juillet,vendredi,13:35,40,40192,43.88942,-0.49971,2,1,6,1,1,4,1,01,1,1,000,000,1,0,0,4,2,42,4,1,9,01,0,1,0,201500026068B01,7,0,1
201500026069,2015-08-04,2015,août,mardi,19:30,40,40192,43.89837,-0.48056,2,1,3,1,1,4,1,01,1,1,069,049,1,0,5,3,1,44,0,1,9,01,0,1,0,201500026069B01,7,22,1
201500026075,2015-11-04,2015,novembre,mercredi,18:05,40,40192,43.89684,-0.49025,2,1,3,2,1,3,-1,00,1,1,000,000,1,0,5,3,1,15,5,1,2,00,2,1,1,201500026075B01,7,16,1
201500026079,2015-12-30,2015,décembre,mercredi,18:20,41,41018,47.61058,1.3344,2,1,3,5,1,4,2,02,1,1,000,000,1,0,0,4,2,49,0,1,9,00,0,0,0,201500026079B01,7,0,1
201500026099,2015-05-26,2015,mai,mardi,18:10,41,41018,47.595,1.347,2,1,2,1,1,3,2,02,2,1,000,000,1,0,1,4,2,20,9,1,4,00,2,1,2,201500026099A01,7,2,1
201500026106,2015-06-11,2015,juin,jeudi,18:15,41,41018,47.58368,1.32161,2,1,3,1,3,4,2,02,1,1,000,000,2,0,1,4,2,36,9,1,4,00,2,1,1,201500026106B01,7,15,1
201500026111,2015-07-09,2015,juillet,jeudi,84:5,41,41018,47.58758,1.31878,2,3,3,1,1,4,1,01,1,1,000,000,1,0,1,4,1,62,0,1,4,00,2,2,1,201500026111A01,7,1,1
201500026115,2015-08-05,2015,août,mercredi,16:30,41,41018,47.58961,1.32637,2,1,7,1,1,4,1,01,2,3,000,000,1,0,1,2,1,48,5,1,2,14,0,0,1,201500026115A01,,,
201500026121,2015-08-26,2015,août,mercredi,20:55,41,41295,47.57555,1.38927,2,1,3,2,1,3,2,02,1,1,000,000,1,0,5,4,1,20,5,1,2,00,0,0,0,201500026121B01,7,0,1
201500026152,2015-12-10,2015,décembre,jeudi,19:20,41,41018,47.58361,1.32286,2,3,3,5,1,4,2,02,1,1,000,000,1,0,5,4,1,16,0,1,2,00,2,1,1,201500026152B01,7,15,1
201500026182,2015-12-31,2015,décembre,jeudi,13:00,42,42095,45.3968,4.2965,2,2,3,1,2,4,2,02,1,1,000,000,2,0,1,4,2,47,4,1,2,00,2,1,0,201500026182B01,7,0,1
201500026187,2015-05-06,2015,mai,mercredi,93:0,42,42095,45.36696,4.27858,2,1,3,1,1,4,2,02,2,4,000,059,1,0,1,3,1,74,0,1,2,00,2,1,13,201500026187A01,7,0,1
201500026196,2015-07-21,2015,juillet,mardi,83:0,42,42183,45.40494,4.3729,2,1,1,1,1,3,2,02,2,1,000,000,1,0,1,3,1,63,5,1,2,00,2,1,0,201500026196B01,10,15,1
201500026210,2015-12-07,2015,décembre,lundi,12:50,42,42316,45.39536,4.2631,1,4,3,1,1,3,1,02,1,-1,000,000,1,5,1,4,1,42,5,1,2,00,2,7,0,201500026210B01,7,0,1
201500026226,2015-12-03,2015,décembre,jeudi,13:20,42,42187,46.03189,4.07125,2,1,7,1,1,4,-1,01,1,1,000,080,1,0,4,1,1,12,2,1,9,00,1,0,1,201500026226A01,,,
201500026228,2015-12-09,2015,décembre,mercredi,10:20,42,42071,46.03161,4.08249,2,2,3,1,1,4,2,02,1,2,000,064,1,0,1,4,1,65,5,1,9,00,2,0,1,201500026228B01,7,15,1
201500026249,2015-12-21,2015,décembre,lundi,19:20,42,42184,46.04397,4.03686,2,6,3,5,1,4,2,02,1,1,000,060,1,5,1,4,1,31,5,1,9,00,2,2,1,201500026249B01,10,9,1
201500026268,2015-05-23,2015,mai,samedi,13:15,42,42071,46.019,4.09618,2,6,3,1,1,4,2,02,1,2,000,090,1,5,1,3,2,34,5,1,9,00,2,4,1,201500026268B01,7,9,1
201500026271,2015-06-12,2015,juin,vendredi,93:0,42,42187,46.03371,4.07746,2,1,3,1,1,6,-1,00,1,2,000,000,1,0,4,4,1,23,4,1,9,00,2,1,1,201500026271A01,7,9,1
201500026277,2015-06-24,2015,juin,mercredi,19:10,42,42187,46.04129,4.05549,2,3,3,1,1,4,2,02,1,1,000,104,1,0,1,4,1,46,5,1,9,00,2,1,15,201500026277B01,7,1,1
201500026286,2015-07-08,2015,juillet,mercredi,81:0,42,42184,46.04913,4.05164,2,6,2,1,1,4,1,02,1,2,040,093,1,5,1,3,1,63,5,1,2,00,2,5,2,201500026286B01,7,2,1
201500026287,2015-07-08,2015,juillet,mercredi,12:15,42,42071,46.02488,4.09036,2,3,1,1,1,4,2,02,1,1,000,080,1,0,1,4,2,49,5,1,9,00,2,1,1,201500026287B01,7,15,1
201500026291,2015-07-13,2015,juillet,lundi,94:5,42,42184,46.04235,4.04901,2,3,3,1,1,4,2,02,1,1,000,065,1,0,1,4,1,78,5,1,9,00,2,1,1,201500026291B01,7,15,1
201500026300,2015-07-30,2015,juillet,jeudi,13:30,42,42187,46.03049,4.06252,2,3,3,1,1,4,2,02,1,1,000,055,1,0,1,3,1,28,5,1,9,00,2,1,1,201500026300A01,7,1,1
201500026305,2015-08-10,2015,août,lundi,16:30,42,42187,46.03537,4.06569,2,1,2,1,1,4,3,02,2,1,000,087,1,2,1,3,1,71,5,1,9,00,2,1,1,201500026305A01,7,1,1
201500026306,2015-08-20,2015,août,jeudi,22:47,42,42170,46.06629,4.1226,1,1,7,3,1,3,2,02,1,1,000,100,1,0,1,4,1,68,5,1,9,00,0,1,1,201500026306A01,,,
201500026307,2015-08-21,2015,août,vendredi,21:05,42,42184,46.04736,4.06902,2,2,3,5,1,4,2,02,1,1,000,054,1,0,1,3,1,14,5,1,9,00,2,0,1,201500026307A01,7,1,1
201500026308,2015-08-27,2015,août,jeudi,11:57,42,42187,46.03373,4.06902,2,1,3,1,1,4,2,02,1,1,000,060,1,0,1,4,1,72,5,1,9,00,2,1,1,201500026308B01,10,22,1
201500026315,2015-09-09,2015,septembre,mercredi,17:12,42,42187,46.03925,4.07163,2,1,1,1,1,4,1,02,1,1,000,080,1,0,1,4,1,18,5,1,9,00,2,1,5,201500026315A01,7,1,1
201500026317,2015-09-11,2015,septembre,vendredi,84:5,42,42127,46.08105,4.07338,2,1,3,1,7,4,2,02,1,1,000,090,1,0,1,3,2,49,5,1,9,00,2,7,19,201500026317B01,33,1,1
201500026319,2015-09-11,2015,septembre,vendredi,13:45,42,42187,46.03241,4.07385,2,3,3,1,1,4,2,02,1,1,000,065,1,0,1,3,2,65,5,1,9,00,2,1,1,201500026319B01,10,15,1
201500026331,2015-10-01,2015,octobre,jeudi,17:30,42,42187,46.03404,4.05353,2,3,3,1,1,4,2,02,1,1,000,104,1,0,1,4,1,79,5,1,9,00,2,1,1,201500026331B01,7,15,1
201500026336,2015-10-06,2015,octobre,mardi,15:55,42,42187,46.03252,4.0598,2,2,3,1,1,4,2,02,1,1,000,067,2,0,1,3,1,63,5,1,9,00,2,4,1,201500026336B01,7,15,1
201500026344,2015-11-13,2015,novembre,vendredi,16:55,42,42187,46.04901,4.07408,2,2,3,2,1,4,2,02,1,1,000,073,1,0,1,1,1,28,5,1,9,00,2,1,1,201500026344A01,2,15,1
201500026345,2015-11-14,2015,novembre,samedi,12:40,42,42127,46.06324,4.0625,2,1,6,1,1,4,1,02,1,2,000,060,1,0,1,3,1,58,4,1,9,00,2,3,16,201500026345B01,7,16,1
201500026366,2015-02-09,2015,février,lundi,16:45,42,42187,46.03372,4.06902,2,1,2,2,1,9,-1,01,1,1,000,000,1,0,0,4,2,71,5,1,9,00,2,4,23,201500026366B01,10,4,1
201500026375,2015-03-10,2015,mars,mardi,18:45,42,42187,46.048,4.08256,2,1,7,5,1,4,2,02,1,1,000,065,1,0,4,4,2,40,1,1,9,12,0,0,0,201500026375A01,,,
201500026382,2015-03-19,2015,mars,jeudi,13:00,42,42218,45.42277,4.39208,2,1,6,1,1,4,3,02,1,1,000,000,1,0,1,4,1,21,2,1,9,00,1,1,1,201500026382A01,,,
201500026392,2015-04-05,2015,avril,dimanche,15:37,42,42218,45.43514,4.43718,2,3,3,1,1,4,1,01,1,1,000,000,1,0,1,4,1,26,5,1,9,00,0,0,0,201500026392B01,10,0,1
201500026428,2015-05-29,2015,mai,vendredi,85:5,42,42218,45.44102,4.389,2,2,3,1,1,4,1,01,1,1,000,000,1,0,1,4,1,36,0,1,9,00,2,1,1,201500026428B01,7,1,1
201500026446,2015-08-04,2015,août,mardi,91:3,42,42218,45.46185,4.41447,2,3,3,1,1,4,2,02,1,1,000,000,1,0,1,3,1,60,5,1,2,00,2,8,0,201500026446B01,7,17,1
201500026454,2015-08-31,2015,août,lundi,11:32,42,42218,45.42082,4.41073,2,6,3,1,1,2,1,01,2,1,000,000,1,1,1,3,1,64,5,1,2,00,2,8,1,201500026454B01,7,14,1
201500026458,2015-09-15,2015,septembre,mardi,74:3,42,42218,45.44821,4.38466,2,1,6,1,1,4,1,01,1,1,000,000,1,4,1,4,1,20,1,1,2,00,1,1,1,201500026458A01,,,
201500026486,2015-11-12,2015,novembre,jeudi,17:29,42,42218,45.4388,4.40103,1,1,6,5,1,4,1,01,1,1,000,000,1,0,1,1,2,24,1,1,9,00,1,1,5,201500026486A01,,,
201500026543,2015-05-27,2015,mai,mercredi,13:15,42,42207,45.47519,4.52233,2,1,3,1,1,4,2,02,1,1,000,000,1,0,0,3,1,53,1,1,9,00,0,0,0,201500026543B01,7,9,1
201500026560,2015-09-21,2015,septembre,lundi,11:30,42,42186,45.52309,4.62447,2,1,1,1,1,4,2,02,1,1,000,080,1,0,1,3,2,76,5,1,2,00,2,1,1,201500026560B01,7,15,1
201500026587,2015-07-31,2015,juillet,vendredi,12:00,43,43002,45.0485,3.881,2,1,6,1,1,3,2,03,1,3,000,105,1,0,4,1,1,67,5,1,2,00,1,1,1,201500026587A01,,,
201500026622,2015-05-15,2015,mai,vendredi,17:15,44,44135,47.25997,-2.42442,2,1,1,1,8,4,2,02,1,2,014,033,1,0,5,4,1,52,5,1,2,00,2,1,1,201500026622B01,1,5,1
201500026622,2015-05-15,2015,mai,vendredi,17:15,44,44135,47.25997,-2.42442,2,1,1,1,8,4,2,02,1,2,014,033,1,0,5,4,1,60,5,1,2,00,2,1,5,201500026622A01,1,1,1
201500026625,2015-04-09,2015,avril,jeudi,18:15,44,44132,47.26527,-2.29694,1,1,2,1,1,4,2,02,1,1,000,050,1,0,1,4,1,49,5,1,9,00,2,4,1,201500026625B01,7,1,1
201500026628,2015-06-01,2015,juin,lundi,16:50,44,44055,47.28028,-2.40819,2,1,2,1,1,4,3,02,1,1,000,040,1,0,1,3,1,67,5,1,2,00,2,4,2,201500026628B01,10,2,1
201500026632,2015-07-11,2015,juillet,samedi,18:00,44,44132,47.26225,-2.34253,2,1,6,1,1,4,3,01,1,1,022,043,1,0,5,1,2,72,5,1,2,00,2,4,1,201500026632B01,10,2,1
201500026633,2015-07-15,2015,juillet,mercredi,82:0,44,44132,47.24947,-2.30866,2,2,3,1,1,4,2,02,1,1,000,050,1,0,0,4,1,66,0,1,2,00,2,1,1,201500026633B01,7,19,1
201500026640,2015-08-08,2015,août,samedi,11:30,44,44132,47.25632,-2.32158,2,1,2,1,1,4,2,02,1,1,000,050,1,0,1,4,1,13,0,1,2,00,2,1,1,201500026640A01,7,23,1
201500026641,2015-08-23,2015,août,dimanche,12:20,44,44055,47.28753,-2.38048,2,6,1,1,1,4,2,02,1,-1,010,056,1,5,1,3,2,42,5,1,2,00,2,8,1,201500026641B01,7,16,1