Num_Acc,date,an,mois,jour,hrmn,dep,com,lat,long,agg,int,col,lum,atm,catr,circ,nbv,prof,plan,lartpc,larrout,surf,infra,situ,grav,sexe,age,trajet,secuexist,equipement,obs,obsm,choc,manv,vehiculeid,typevehicules,manoeuvehicules,numVehicules
201500026646,2015-10-12,2015,octobre,lundi,18:00,44,44055,47.27844,-2.33976,1,1,3,1,1,4,-1,02,1,4,000,070,1,0,1,3,1,77,5,1,2,00,2,3,0,201500026646B01,7,1,1
201500026652,2015-12-29,2015,décembre,mardi,14:40,44,44109,0,0,2,1,1,1,1,4,-1,00,2,1,000,000,1,0,1,3,1,44,9,1,2,00,2,3,0,201500026652B01,7,0,1
201500026660,2015-12-31,2015,décembre,jeudi,14:30,44,44162,0,0,2,6,3,1,1,4,2,00,-1,-1,000,000,-1,0,1,3,1,40,0,1,2,00,0,7,0,201500026660B01,7,0,1
201500026677,2015-02-22,2015,février,dimanche,19:40,44,44109,47.21133,-1.55908,2,1,6,5,2,4,2,01,1,-1,000,000,2,0,1,1,1,29,0,1,2,00,1,0,0,201500026677A01,,,
201500026682,2015-12-19,2015,décembre,samedi,15:30,44,44109,47.15133,-1.30444,2,1,6,1,1,6,-1,00,1,1,000,000,1,0,1,4,2,66,0,1,8,00,1,0,0,201500026682Z01,,,
201500026685,2015-03-05,2015,mars,jeudi,14:00,44,44109,47.19891,-1.58297,2,1,3,1,1,4,2,02,1,1,033,032,1,0,1,3,1,48,0,1,2,00,2,8,1,201500026685B01,7,16,1
201500026687,2015-12-10,2015,décembre,jeudi,90:0,44,44109,47.2432,1.5399,2,1,6,1,1,4,2,00,1,1,000,000,-1,0,1,3,2,48,1,1,9,00,0,0,0,201500026687B01,7,0,1
201500026688,2015-03-09,2015,mars,lundi,11:45,44,44109,47.25851,-1.51965,2,6,3,1,1,4,2,00,1,-1,000,000,1,0,1,4,1,,5,1,9,00,2,0,0,201500026688B01,7,0,1
201500026693,2015-02-05,2015,février,jeudi,12:30,44,44109,47.23242,-1.52203,2,1,2,1,1,4,2,02,1,-1,000,000,1,0,1,4,2,51,1,1,2,00,0,0,0,201500026693B01,7,1,1
201500026698,2015-03-05,2015,mars,jeudi,16:40,44,44162,47.22722,-1.65127,1,6,6,1,1,4,-1,00,-1,-1,000,000,-1,0,1,4,1,30,0,1,2,00,0,0,0,201500026698B01,7,0,1
201500026699,2015-12-21,2015,décembre,lundi,16:55,44,44109,47.15345,-1.30402,2,2,1,2,1,4,2,02,1,1,000,000,2,0,1,3,1,40,0,1,2,00,0,4,15,201500026699B01,15,11,1
201500026702,2015-03-20,2015,mars,vendredi,14:45,44,44109,47.24917,-1.55416,2,6,3,1,2,4,2,02,1,-1,000,000,2,0,1,3,1,19,0,1,9,00,2,1,0,201500026702B01,7,0,1
201500026705,2015-03-19,2015,mars,jeudi,14:15,44,44109,47.21325,-1.55811,2,1,6,1,1,9,-1,00,1,-1,000,000,1,6,0,4,1,62,5,1,9,00,1,0,0,201500026705A01,,,
201500026715,2015-03-25,2015,mars,mercredi,18:50,44,44143,47.1963,-1.56387,2,1,2,2,1,4,2,02,1,1,000,069,1,0,1,3,1,40,0,1,9,00,2,4,2,201500026715B01,7,2,1
201500026721,2015-04-22,2015,avril,mercredi,12:55,44,44114,47.2815,-1.60173,1,1,3,1,1,4,2,00,1,1,000,000,1,0,1,3,1,73,0,1,4,00,2,8,15,201500026721A01,7,1,1
201500026723,2015-04-24,2015,avril,vendredi,17:30,44,44143,47.18994,-1.54747,2,1,5,1,1,4,-1,00,1,1,000,125,1,0,0,4,1,27,0,1,2,01,0,1,0,201500026723B01,7/ 37,22/1,2
201500026734,2015-03-23,2015,mars,lundi,21:45,44,44109,47.2543,-1.62206,2,1,1,5,1,2,1,02,1,1,000,000,1,0,1,3,1,28,5,1,2,00,2,1,1,201500026734B01,7,5,1
201500026735,2015-05-11,2015,mai,lundi,18:30,44,44109,47.23661,-1.50793,1,1,3,1,1,4,2,02,1,1,000,000,1,0,1,4,1,16,0,1,2,00,2,1,1,201500026735A01,7,15,1
201500026738,2015-05-15,2015,mai,vendredi,15:30,44,44109,47.21437,-1.57037,2,1,7,1,1,4,2,02,2,1,000,060,1,0,1,3,1,15,0,1,2,00,0,1,1,201500026738A01,,,
201500026740,2015-04-11,2015,avril,samedi,92:0,44,44109,47.2518,-1.56528,2,1,2,1,2,4,1,00,1,-1,000,000,-1,0,0,1,1,67,5,1,2,00,2,4,15,201500026740B01,1,1,1
201500026740,2015-04-11,2015,avril,samedi,92:0,44,44109,47.2518,-1.56528,2,1,2,1,2,4,1,00,1,-1,000,000,-1,0,0,4,1,68,5,1,2,00,0,1,1,201500026740A01,1,15,1
201500026747,2015-04-28,2015,avril,mardi,16:45,44,44109,47.2186,-1.54858,2,1,6,1,1,4,-1,00,2,1,000,000,1,0,0,1,1,44,4,1,2,00,1,0,0,201500026747A01,,,
201500026748,2015-05-06,2015,mai,mercredi,82:0,44,44026,47.27508,-1.47463,2,1,3,1,1,4,-1,00,-1,-1,000,000,-1,0,0,4,1,25,0,1,9,00,2,7,1,201500026748B01,7,9,1
201500026753,2015-05-11,2015,mai,lundi,95:0,44,44109,47.19437,-1.54658,2,1,3,1,1,4,2,00,1,1,000,000,1,0,1,4,1,29,1,1,9,00,2,1,1,201500026753A01,7,16,1
201500026757,2015-05-20,2015,mai,mercredi,12:45,44,44109,47.20719,-1.56474,2,1,3,1,1,4,2,02,1,1,000,000,1,0,5,3,2,25,0,1,9,00,2,6,0,201500026757B01,7,0,1
201500026764,2015-06-08,2015,juin,lundi,75:0,44,44143,47.1845,-1.54375,2,2,3,1,1,4,2,02,1,1,000,000,1,0,1,4,1,13,2,1,4,00,2,1,0,201500026764A01,7,1,1
201500026768,2015-06-19,2015,juin,vendredi,10:25,44,44109,47.209,-1.56851,2,7,3,1,1,4,1,02,1,1,000,000,1,5,5,3,1,31,0,1,4,00,2,3,0,201500026768B01,7,16,1
201500026770,2015-06-22,2015,juin,lundi,13:50,44,44109,47.2134,-1.5295,2,6,3,1,1,4,-1,00,1,3,000,000,-1,0,0,4,1,37,0,1,2,00,2,0,0,201500026770B01,14,12,1
201500026774,2015-01-02,2015,janvier,vendredi,91:0,44,44109,47.215,-1.53042,2,1,6,1,2,4,2,00,1,1,000,000,2,0,0,3,2,62,0,1,9,00,2,0,1,201500026774B01,7,22,1
201500026780,2015-06-28,2015,juin,dimanche,17:45,44,44162,47.22191,-1.61467,2,1,3,1,1,4,2,02,1,1,000,070,1,0,1,3,1,13,5,1,2,00,2,3,19,201500026780A01,7,1,1
201500026782,2015-01-13,2015,janvier,mardi,90:0,44,44109,47.25338,-1.56056,2,6,3,1,2,4,2,02,1,1,000,000,2,4,1,4,1,48,1,1,2,00,2,5,1,201500026782B01,7,1,1
201500026791,2015-05-06,2015,mai,mercredi,12:10,44,44109,47.21715,-1.52235,2,1,6,1,1,4,-1,00,-1,-1,000,000,-1,0,0,3,1,16,0,1,9,00,0,0,0,201500026791A01,,,
201500026791,2015-05-06,2015,mai,mercredi,12:10,44,44109,47.21715,-1.52235,2,1,6,1,1,4,-1,00,-1,-1,000,000,-1,0,0,3,1,13,0,1,9,00,0,0,0,201500026791A01,,,
201500026795,2015-07-04,2015,juillet,samedi,23:30,44,44109,47.2178,-1.54315,2,1,2,5,1,4,-1,01,1,1,000,000,1,0,0,4,2,26,0,1,4,00,0,0,0,201500026795B01,7,1,1
201500026803,2015-06-16,2015,juin,mardi,62:5,44,44109,47.26975,-1.51958,1,1,1,1,1,4,2,00,1,1,000,000,1,0,1,3,1,57,0,1,2,00,2,1,19,201500026803B01,7,0,1
201500026807,2015-06-09,2015,juin,mardi,19:15,44,44109,47.21453,-1.54114,2,1,6,1,1,4,-1,00,1,2,000,000,1,5,5,4,2,49,0,1,2,01,0,2,1,201500026807A01,7,22,1
201500026814,2015-07-28,2015,juillet,mardi,16:00,44,44109,47.1989,-1.58294,2,2,3,1,3,4,1,01,1,1,000,023,2,0,1,3,1,45,1,1,2,00,2,1,1,201500026814B01,14,1,1
201500026827,2015-06-24,2015,juin,mercredi,20:0,44,44109,47.219,-1.57208,2,1,6,5,1,4,2,01,1,1,000,000,1,0,0,4,1,22,0,1,9,01,0,1,1,201500026827A01,,,
201500026831,2015-06-24,2015,juin,mercredi,14:25,44,44109,47.2219,-1.55627,2,1,7,1,1,4,-1,00,-1,-1,000,000,-1,0,4,4,1,11,5,1,9,00,0,0,0,201500026831B01,,,
201500026835,2015-07-01,2015,juillet,mercredi,11:00,44,44109,47.2145,-1.56772,2,1,2,1,1,4,-1,02,3,-1,000,000,-1,0,0,1,1,45,0,1,2,00,0,0,0,201500026835Z01,1,1,1
201500026835,2015-07-01,2015,juillet,mercredi,11:00,44,44109,47.2145,-1.56772,2,1,2,1,1,4,-1,02,3,-1,000,000,-1,0,0,4,2,39,0,1,2,00,0,4,1,201500026835B01,1,0,1
201500026838,2015-07-23,2015,juillet,jeudi,15:00,44,44109,47.2169,-1.54739,2,1,1,1,1,4,2,02,-1,-1,000,000,-1,0,1,4,1,22,5,1,9,00,0,0,0,201500026838A01,7,0,1
201500026839,2015-07-23,2015,juillet,jeudi,40:,44,44109,47.2298,-1.58761,2,1,6,5,1,4,-1,01,-1,-1,000,000,-1,0,0,3,1,19,0,1,2,00,0,0,0,201500026839A01,,,
201500026841,2015-08-19,2015,août,mercredi,12:05,44,44109,47.2165,-1.53112,2,1,6,1,1,4,1,01,1,1,000,000,1,2,5,3,2,39,0,1,9,00,0,0,0,201500026841A01,1,0,1
201500026841,2015-08-19,2015,août,mercredi,12:05,44,44109,47.2165,-1.53112,2,1,6,1,1,4,1,01,1,1,000,000,1,2,5,3,1,72,0,1,2,00,0,0,0,201500026841B01,1,0,1
201500026846,2015-08-05,2015,août,mercredi,20:00,44,44162,47.21067,-1.62295,1,9,6,2,1,4,-1,02,1,1,000,000,1,0,0,3,1,80,0,1,2,00,0,0,0,201500026846B01,2,1,1
201500026852,2015-08-18,2015,août,mardi,13:10,44,44109,47.19149,-1.52463,2,1,6,1,1,4,-1,00,-1,-1,000,000,-1,0,4,4,1,21,5,1,9,00,2,0,0,201500026852A01,1,0,1
201500026852,2015-08-18,2015,août,mardi,13:10,44,44109,47.19149,-1.52463,2,1,6,1,1,4,-1,00,-1,-1,000,000,-1,0,4,4,2,52,4,1,9,00,2,0,0,201500026852B01,1,0,1
201500026876,2015-10-03,2015,octobre,samedi,13:0,44,44109,47.2008,-1.54536,2,7,3,5,1,4,-1,00,1,-1,000,000,1,0,1,4,2,22,5,1,9,00,9,1,0,201500026876A01,33,0,1
201500026911,2015-09-14,2015,septembre,lundi,22:30,44,44143,47.1915,-1.54801,2,7,2,5,2,4,1,02,1,2,000,060,2,0,1,3,1,55,5,1,9,00,2,0,0,201500026911B01,7,2,1
201500026913,2015-09-15,2015,septembre,mardi,82:5,44,44162,47.2217,-1.60696,2,6,3,1,1,4,1,01,1,1,000,000,2,0,1,2,1,57,1,1,2,00,2,1,1,201500026913B01,7,1,1
201500026914,2015-11-11,2015,novembre,mercredi,21:10,44,44109,47.2233,-1.5392,2,1,2,5,1,4,2,00,1,1,000,000,1,0,1,4,1,21,5,1,2,00,0,4,1,201500026914B01,7,1,1
201500026930,2015-09-11,2015,septembre,vendredi,15:27,44,44109,47.2151,-1.53052,2,6,1,1,1,4,-1,00,-1,-1,000,000,-1,0,0,3,1,13,0,1,9,00,2,1,0,201500026930A01,7,0,1
201500026931,2015-10-31,2015,octobre,samedi,20:30,44,44109,47.25046,-1.4974,2,6,3,5,1,4,2,02,1,3,000,000,1,0,0,4,1,34,5,1,2,00,2,7,6,201500026931B01,7,9,1
201500026936,2015-10-16,2015,octobre,vendredi,17:15,44,44109,47.2164,-1.55744,2,1,2,1,1,3,1,01,2,1,000,000,1,0,1,3,1,50,0,1,2,00,4,1,0,201500026936A01,40,1,1
201500026937,2015-11-08,2015,novembre,dimanche,15:55,44,44162,47.211,-1.60958,2,6,6,1,1,4,1,02,1,-1,000,000,1,0,1,4,2,25,0,1,9,00,0,0,0,201500026937B01,7,0,1
201500026944,2015-11-02,2015,novembre,lundi,17:00,44,44109,47.2341,-1.5757,2,2,6,1,1,4,2,02,1,1,000,000,1,0,1,3,1,41,1,1,9,00,2,1,0,201500026944B01,7,0,1
201500026958,2015-11-05,2015,novembre,jeudi,81:0,44,44109,47.2258,-1.57061,2,2,6,1,1,4,2,02,1,-1,000,000,1,0,1,3,2,17,0,1,9,00,2,7,9,201500026958B01,7,0,1
201500026968,2015-12-04,2015,décembre,vendredi,15:30,44,44162,47.1432,-1.3545,2,1,6,1,1,4,2,02,1,1,270,300,1,0,0,3,1,25,0,1,9,00,2,4,15,201500026968B01,7,2,1
201500026969,2015-11-20,2015,novembre,vendredi,10:05,44,44109,47.2481,-1.51604,1,3,6,1,1,4,2,02,-1,-1,000,000,-1,0,1,3,2,36,0,1,9,00,2,7,1,201500026969B01,7,9,1
201500026975,2015-12-07,2015,décembre,lundi,92:0,44,44109,47.1314,-1.3609,2,2,6,1,2,4,1,02,1,1,000,000,2,0,1,3,1,43,9,1,4,00,0,0,0,201500026975B01,7,0,1
201500026977,2015-12-08,2015,décembre,mardi,17:43,44,44109,47.1539,-1.34128,2,1,3,2,1,4,2,00,1,1,000,070,1,0,1,4,1,13,2,1,4,00,2,7,19,201500026977A01,7,1,1
201500027001,2015-01-19,2015,janvier,lundi,10:00,44,44109,47.2208,-1.55896,2,1,7,1,1,4,1,01,1,1,000,000,1,0,1,4,2,60,0,1,9,01,0,1,1,201500027001B01,7,24,1
201500027004,2015-02-01,2015,février,dimanche,11:42,44,44109,47.2099,-1.57771,2,1,6,1,1,4,1,01,3,1,000,000,1,0,0,4,1,53,0,1,4,00,2,7,0,201500027004A01,7,9,1
201500027010,2015-03-03,2015,mars,mardi,12:05,44,44184,47.26995,-2.2397,1,1,7,1,2,4,3,02,1,1,000,000,2,0,1,4,1,57,0,1,2,00,0,0,0,201500027010A01,,,
201500027012,2015-03-13,2015,mars,vendredi,12:40,44,44184,47.27548,-2.20576,1,1,3,1,2,4,2,02,1,1,000,000,2,0,4,4,2,25,4,1,9,00,2,2,1,201500027012B01,7,9,1
201500027013,2015-03-26,2015,mars,jeudi,22:50,44,44184,47.27979,-2.20255,1,3,3,5,1,4,2,02,1,1,000,070,1,0,1,3,1,42,5,1,9,00,2,3,15,201500027013B01,7,1,1
201500027015,2015-04-13,2015,avril,lundi,16:15,44,44184,47.27146,-2.21865,2,6,3,1,1,4,1,02,1,2,000,070,1,0,1,3,1,58,5,1,9,00,2,7,1,201500027015B01,7,9,1
201500027019,2015-04-27,2015,avril,lundi,64:6,44,44184,47.29263,-2.18785,2,6,3,2,1,4,2,01,1,2,000,000,1,5,1,4,1,45,1,1,9,00,2,1,1,201500027019A01,7,1,1
201500027020,2015-04-28,2015,avril,mardi,19:00,44,44184,47.26143,-2.25873,2,1,3,1,1,4,-1,02,1,1,000,000,1,0,1,4,1,9,5,1,9,00,2,1,19,201500027020B01,7,1,1
201500027028,2015-06-17,2015,juin,mercredi,15:30,44,44184,47.27427,-2.21297,2,1,3,1,1,4,3,02,1,1,000,000,1,0,0,4,1,80,0,1,9,00,2,1,19,201500027028B01,7,1,1
201500027036,2015-07-22,2015,juillet,mercredi,12:00,44,44184,47.2632,-2.23934,2,1,2,1,1,4,2,02,1,1,000,000,1,0,1,4,1,69,5,1,9,00,2,0,0,201500027036Y01,7,17,1
201500027039,2015-08-18,2015,août,mardi,11:50,44,44184,47.27877,-2.28792,1,1,3,1,1,4,2,02,1,1,000,000,1,0,1,4,1,72,5,1,9,00,2,1,1,201500027039B01,7,17,1
201500027042,2015-08-26,2015,août,mercredi,17:05,44,44184,47.27632,-2.2204,2,2,5,1,2,4,2,02,1,1,000,080,2,0,1,4,1,53,0,1,2,00,2,0,1,201500027042C01,7,1,2
201500027044,2015-08-31,2015,août,lundi,14:55,44,44184,47.25281,-2.26088,2,2,5,1,2,4,2,02,1,1,000,000,2,0,1,4,1,17,0,1,9,00,2,1,1,201500027044C01,7,0,1
201500027044,2015-08-31,2015,août,lundi,14:55,44,44184,47.25281,-2.26088,2,2,5,1,2,4,2,02,1,1,000,000,2,0,1,4,1,16,0,1,9,00,2,1,1,201500027044B01,7,0,1
201500027045,2015-09-08,2015,septembre,mardi,17:35,44,44184,47.29621,-2.18894,2,1,3,1,1,4,2,02,1,1,000,000,1,0,1,4,1,68,0,1,9,00,2,0,0,201500027045B01,7,0,1
201500027054,2015-10-05,2015,octobre,lundi,95:0,44,44184,47.26643,-2.24042,2,9,3,1,1,4,2,02,1,1,000,000,2,0,1,4,2,78,5,1,9,00,2,3,1,201500027054B01,7,16,1
201500027059,2015-10-13,2015,octobre,mardi,91:5,44,44184,47.25826,-2.24486,2,3,3,1,1,4,2,02,1,1,000,000,1,0,1,4,1,46,5,1,2,00,2,1,1,201500027059B01,7,15,1
201500027074,2015-12-10,2015,décembre,jeudi,72:0,44,44184,0,0,2,1,2,3,1,3,2,03,1,1,000,000,1,0,1,4,1,52,0,1,4,00,2,4,1,201500027074B01,15,1,1
201500027079,2015-12-17,2015,décembre,jeudi,18:00,44,44184,0,0,2,3,3,5,1,4,2,02,1,1,000,100,1,0,1,4,1,23,0,1,9,00,2,1,1,201500027079B01,7,15,1
201500027082,2015-01-13,2015,janvier,mardi,72:5,44,44184,47.28193,-2.20298,2,1,3,5,2,4,2,02,1,1,000,000,2,0,1,4,1,43,1,1,9,00,2,1,1,201500027082B01,37,9,1
201500027096,2015-02-26,2015,février,jeudi,18:10,45,45004,47.96337,2.78336,2,1,2,2,2,3,2,02,1,1,000,060,2,0,1,3,1,20,9,1,2,00,2,1,18,201500027096B01,7,15,1
201500027117,2015-04-28,2015,avril,mardi,15:50,45,45208,47.99867,2.73076,2,2,3,1,1,3,1,01,1,1,000,040,1,0,1,4,1,23,9,1,2,00,2,7,5,201500027117A01,7,1,1
201500027122,2015-05-17,2015,mai,dimanche,21:20,45,45208,47.99909,2.73096,2,1,7,5,1,4,1,01,1,1,000,040,1,0,1,4,1,77,9,1,9,14,0,2,1,201500027122A01,,,
201500027128,2015-06-17,2015,juin,mercredi,18:10,45,45208,47.99507,2.73548,2,1,3,1,1,4,2,01,1,1,000,040,1,0,1,4,1,16,5,1,9,00,2,8,15,201500027128A01,30,17,1
201500027132,2015-07-07,2015,juillet,mardi,17:30,45,45338,47.99146,2.70756,2,1,6,1,1,4,2,02,1,1,000,050,1,0,1,4,1,37,9,1,2,00,1,1,1,201500027132A01,,,
201500027158,2015-10-30,2015,octobre,vendredi,22:00,45,45004,47.97696,2.73762,2,1,3,5,1,3,2,02,1,1,000,060,1,0,1,4,1,18,5,1,2,00,2,7,17,201500027158A01,7,15,1
201500027158,2015-10-30,2015,octobre,vendredi,22:00,45,45004,47.97696,2.73762,2,1,3,5,1,3,2,02,1,1,000,060,1,0,1,1,1,19,5,1,2,00,2,7,17,201500027158A01,7,15,1
201500027161,2015-11-08,2015,novembre,dimanche,16:45,45,45208,47.99952,2.72943,2,1,7,1,1,4,2,03,2,2,000,100,1,2,1,4,1,15,5,1,2,14,0,3,1,201500027161A01,,,
201500027168,2015-12-02,2015,décembre,mercredi,12:29,45,45004,47.99271,2.75441,2,1,3,1,1,4,2,02,1,1,000,060,1,0,1,4,1,10,5,1,2,00,2,8,15,201500027168A01,10,17,1
201500027171,2015-12-13,2015,décembre,dimanche,12:45,45,45208,48.00037,2.74566,2,3,3,1,1,4,2,02,1,1,000,040,1,0,1,4,2,20,5,1,9,00,2,1,1,201500027171A01,7,15,1
201500027181,2015-10-15,2015,octobre,jeudi,16:20,45,45284,47.91681,1.97692,2,1,3,1,1,3,3,03,1,1,012,132,1,0,1,4,1,11,2,1,4,00,2,2,19,201500027181B01,7,1,1
201500027185,2015-10-19,2015,octobre,lundi,73:0,45,45234,47.90893,1.90093,2,2,3,1,1,3,2,02,1,1,000,060,1,0,1,4,1,42,9,1,4,00,0,7,1,201500027185A01,7,1,1
201500027196,2015-10-11,2015,octobre,dimanche,42:5,45,45234,47.89992,1.90639,2,2,3,5,1,4,1,01,1,1,000,068,1,0,1,4,1,32,9,1,2,00,2,2,17,201500027196A01,7,1,1
201500027206,2015-12-18,2015,décembre,vendredi,13:40,45,45284,47.90517,1.94671,2,1,3,1,2,3,2,02,2,1,000,085,2,0,1,3,1,44,1,1,2,00,2,3,15,201500027206A01,7,1,1
201500027213,2015-02-18,2015,février,mercredi,10:45,45,45284,47.92005,1.95868,2,1,3,1,1,4,2,02,1,1,000,073,1,0,1,4,1,81,9,1,9,00,2,7,19,201500027213B01,7,1,1
201500027228,2015-06-04,2015,juin,jeudi,82:0,45,45232,47.86027,1.90934,2,2,3,1,1,3,2,02,1,1,000,060,1,4,1,3,1,58,9,1,4,00,4,3,1,201500027228A01,40,1,1
201500027237,2015-07-03,2015,juillet,vendredi,94:5,45,45147,47.94414,1.91721,2,2,3,1,1,4,2,04,1,1,000,135,1,0,1,4,2,80,5,1,4,00,2,3,19,201500027237B01,7,15,1
201500027274,2015-01-07,2015,janvier,mercredi,18:52,47,47001,0,0,2,1,3,5,1,4,2,02,1,1,000,090,1,0,1,4,1,14,0,1,9,00,2,1,15,201500027274A01,7,0,1
201500027287,2015-08-17,2015,août,lundi,22:05,47,47001,0,0,2,1,3,3,1,4,2,02,1,3,000,000,-1,0,5,3,1,25,5,1,4,00,2,8,1,201500027287B01,7,6,1
201500027296,2015-09-24,2015,septembre,jeudi,18:54,47,47001,44.1964,0.62748,2,2,3,1,1,3,2,01,-1,-1,000,000,-1,0,5,3,2,62,0,1,9,00,2,1,1,201500027296B01,14,16,1
201500027304,2015-10-16,2015,octobre,vendredi,15:43,47,47001,0,0,2,1,3,1,1,3,2,02,1,1,000,000,1,0,1,1,1,72,3,1,2,00,2,4,11,201500027304B01,7,1,1
201500027319,2015-02-07,2015,février,samedi,13:55,47,47027,0,0,1,2,3,1,1,3,2,01,1,1,000,060,1,0,1,3,1,68,0,1,2,00,2,1,1,201500027319B01,7,1,1
201500027338,2015-12-06,2015,décembre,dimanche,15:15,47,47323,44.4149,0.77197,1,1,3,1,1,4,2,02,1,1,000,000,1,0,1,4,1,45,5,1,2,00,2,3,2,201500027338B01,7,1,1
201500027350,2015-01-05,2015,janvier,lundi,75:4,49,49007,47.46786,-0.551,2,3,3,5,1,4,1,03,1,1,000,035,1,0,1,4,2,47,1,1,4,00,0,0,1,201500027350B01,7,23,1
201500027357,2015-01-06,2015,janvier,mardi,18:05,49,49007,47.47526,-0.60775,2,6,6,4,2,4,3,02,1,1,000,081,2,0,1,3,1,48,0,1,9,00,2,0,1,201500027357B01,7,0,1
201500027358,2015-02-20,2015,février,vendredi,13:45,49,49015,47.50686,-0.58981,2,2,6,1,3,4,2,02,1,1,000,048,2,0,1,4,1,17,5,1,2,00,2,8,1,201500027358B01,7,1,1
201500027361,2015-01-08,2015,janvier,jeudi,92:0,49,49007,47.47315,-0.59985,2,9,3,1,1,4,-1,02,1,1,000,060,-1,5,1,4,1,19,0,1,4,00,0,0,1,201500027361B01,7,16,1
201500027364,2015-02-25,2015,février,mercredi,15:05,49,49007,47.47158,-0.55389,2,1,6,1,1,4,2,02,1,1,000,060,1,0,1,1,1,34,5,1,2,00,1,1,1,201500027364A01,,,
201500027364,2015-02-25,2015,février,mercredi,15:05,49,49007,47.47158,-0.55389,2,1,6,1,1,4,2,02,1,1,000,060,1,0,1,4,2,75,5,1,9,00,1,1,1,201500027364A01,,,
201500027369,2015-01-09,2015,janvier,vendredi,18:26,49,49007,47.4606,-0.5521,2,2,3,5,1,4,-1,02,1,1,000,080,9,0,1,4,1,18,5,1,4,00,0,1,2,201500027369B01,7,15,1
201500027371,2015-01-09,2015,janvier,vendredi,10:01,49,49007,47.46926,-0.54948,2,1,7,1,1,4,1,03,1,1,000,060,2,0,1,1,1,38,1,1,4,00,1,1,1,201500027371A01,,,
201500027386,2015-03-12,2015,mars,jeudi,74:5,49,49007,47.47505,-0.54981,2,2,6,1,1,4,2,02,1,1,000,060,1,0,1,4,2,45,1,1,2,00,2,5,1,201500027386B01,7,15,1
201500027388,2015-03-13,2015,mars,vendredi,20:30,49,49007,47.46636,-0.55278,2,1,6,5,1,4,-1,02,1,1,000,060,1,0,1,4,1,54,1,1,2,00,1,1,1,201500027388A01,,,
201500027391,2015-01-15,2015,janvier,jeudi,83:6,49,49353,47.44299,-0.48011,1,1,6,2,2,3,2,02,1,1,000,060,2,0,1,4,1,20,1,1,9,00,2,0,1,201500027391B01,7,17,1
201500027392,2015-03-14,2015,mars,samedi,84:5,49,49246,47.43369,-0.52962,2,6,3,1,1,4,2,02,1,1,000,060,1,0,1,4,1,51,5,1,2,00,2,4,1,201500027392B01,7,16,1
201500027396,2015-03-19,2015,mars,jeudi,16:38,49,49007,47.448,-0.5739,2,1,2,1,1,3,2,03,1,1,000,123,1,0,1,3,1,47,5,1,2,00,2,1,1,201500027396B01,13,24,1
201500027414,2015-03-30,2015,mars,lundi,74:0,49,49007,47.48172,-0.55356,2,4,6,4,1,4,2,02,1,1,000,057,1,0,1,4,2,21,2,1,2,00,2,0,1,201500027414B01,7,1,1
201500027415,2015-01-23,2015,janvier,vendredi,20:45,49,49007,47.46757,-0.55041,2,1,6,5,1,4,1,01,1,1,000,000,1,0,1,1,1,24,0,1,9,00,1,1,1,201500027415A01,,,
201500027416,2015-04-01,2015,avril,mercredi,80:5,49,49007,47.4628,-0.54054,2,1,6,2,1,4,2,02,1,1,000,070,1,0,1,1,1,38,0,1,2,00,1,1,1,201500027416A01,,,
201500027423,2015-01-26,2015,janvier,lundi,82:2,49,49007,47.47328,-0.59553,2,1,6,2,1,4,2,02,1,1,000,060,1,0,1,4,2,51,1,1,9,00,2,0,1,201500027423B01,7,1,1
201500027433,2015-01-29,2015,janvier,jeudi,81:7,49,49353,47.44766,-0.50949,2,6,2,2,2,4,-1,02,1,1,000,081,2,0,1,4,2,20,2,1,9,00,2,4,1,201500027433B01,7,1,1
201500027437,2015-01-30,2015,janvier,vendredi,94:9,49,49007,47.4628,-0.55383,2,6,3,1,1,4,2,03,1,1,000,060,2,0,1,4,1,32,9,1,4,00,0,0,1,201500027437B01,7,1,1
201500027438,2015-04-13,2015,avril,lundi,17:49,49,49015,47.508,-0.59078,2,1,6,1,1,4,3,02,1,1,000,090,1,0,1,4,2,19,5,1,2,08,0,1,1,201500027438A01,,,
201500027453,2015-02-09,2015,février,lundi,16:44,49,49246,47.41856,-0.52778,2,3,3,1,1,4,-1,02,1,1,000,050,1,0,1,3,1,74,5,1,4,00,0,1,1,201500027453B01,7,15,1
201500027460,2015-04-25,2015,avril,samedi,10:20,49,49007,47.47892,-0.54994,2,1,7,1,1,4,2,02,1,1,000,090,1,0,1,4,1,54,5,1,2,14,0,0,1,201500027460A01,,,
201500027461,2015-02-11,2015,février,mercredi,19:38,49,49007,47.47698,-0.55087,2,1,7,5,1,4,1,02,1,1,000,021,1,0,1,1,1,19,2,1,2,00,1,0,1,201500027461A01,,,
201500027465,2015-02-14,2015,février,samedi,13:30,49,49007,47.47587,-0.55263,2,2,3,1,1,4,2,06,1,1,000,143,1,0,1,4,1,22,5,1,4,00,0,5,1,201500027465B01,7,1,1
201500027473,2015-02-15,2015,février,dimanche,12:06,49,49007,47.46259,-0.55506,2,3,3,1,1,4,1,02,1,1,000,060,1,0,1,4,1,22,5,1,4,00,0,1,1,201500027473B01,7,1,1
201500027480,2015-05-13,2015,mai,mercredi,16:51,49,49007,47.47414,-0.5368,2,1,3,1,1,4,2,04,1,1,000,089,1,0,0,4,1,59,9,1,4,00,0,1,1,201500027480B01,7,24,1