Num_Acc,date,an,mois,jour,hrmn,dep,com,lat,long,agg,int,col,lum,atm,catr,circ,nbv,prof,plan,lartpc,larrout,surf,infra,situ,grav,sexe,age,trajet,secuexist,equipement,obs,obsm,choc,manv,vehiculeid,typevehicules,manoeuvehicules,numVehicules
201500027483,2015-05-15,2015,mai,vendredi,95:9,49,49353,47.4493,-0.50183,2,3,2,1,1,4,2,02,1,1,000,068,1,0,1,4,1,66,5,1,2,00,2,1,1,201500027483A01,7,1,1
201500027484,2015-05-16,2015,mai,samedi,19:15,49,49007,47.466,-0.54721,2,1,3,1,1,4,1,01,1,1,000,043,1,0,1,4,1,23,5,1,2,00,2,1,1,201500027484B01,7,22,1
201500027489,2015-05-21,2015,mai,jeudi,15:56,49,49007,47.46397,-0.55408,2,1,2,1,1,4,1,02,1,1,000,060,1,0,1,4,1,23,5,1,2,00,2,1,1,201500027489A01,1,1,1
201500027489,2015-05-21,2015,mai,jeudi,15:56,49,49007,47.46397,-0.55408,2,1,2,1,1,4,1,02,1,1,000,060,1,0,1,1,1,23,5,1,2,00,2,4,1,201500027489B01,1,1,1
201500027491,2015-05-22,2015,mai,vendredi,18:30,49,49007,47.4696,-0.5553,2,1,2,1,1,4,2,02,1,1,000,060,1,0,1,4,1,28,0,1,2,00,2,1,1,201500027491A01,7,1,1
201500027495,2015-05-27,2015,mai,mercredi,17:06,49,49007,47.46888,-0.53195,2,2,6,1,1,4,2,02,1,1,000,090,1,0,1,4,1,17,5,1,2,00,2,0,19,201500027495B01,7,1,1
201500027500,2015-05-29,2015,mai,vendredi,14:15,49,49007,47.47229,-0.59584,2,1,1,1,1,4,2,02,1,1,000,050,1,0,1,4,1,58,5,1,2,00,2,1,1,201500027500B01,7,0,1
201500027505,2015-06-04,2015,juin,jeudi,11:23,49,49353,47.44619,-0.49723,2,3,3,1,1,4,2,02,1,1,000,080,1,0,1,3,2,44,5,1,9,00,2,7,19,201500027505A01,7,1,1
201500027515,2015-06-09,2015,juin,mardi,12:33,49,49007,47.47716,-0.55339,2,1,3,1,1,4,1,01,1,1,000,047,1,0,1,4,1,21,5,1,2,00,2,1,1,201500027515B01,7,16,1
201500027517,2015-06-09,2015,juin,mardi,16:44,49,49267,47.47002,-0.49098,2,6,6,1,1,4,2,02,1,1,000,070,1,0,1,3,1,40,1,1,2,00,0,0,0,201500027517B01,7,1,1
201500027523,2015-06-15,2015,juin,lundi,12:34,49,49007,47.46793,-0.59014,2,3,3,1,1,4,-1,01,1,1,000,039,2,0,1,4,1,37,5,1,2,00,0,0,0,201500027523B01,7,15,1
201500027531,2015-06-19,2015,juin,vendredi,95:6,49,49267,47.46938,-0.5099,2,3,1,1,1,4,2,02,1,1,000,070,1,0,1,4,1,73,0,1,9,00,2,0,1,201500027531B01,7,15,1
201500027542,2015-07-01,2015,juillet,mercredi,95:9,49,49007,47.47398,-0.55446,2,2,3,1,1,4,2,02,1,1,000,047,1,0,1,4,1,34,1,1,4,00,0,0,0,201500027542B01,7,0,1
201500027546,2015-07-07,2015,juillet,mardi,10:15,49,49007,47.47232,-0.54609,2,4,3,1,1,4,1,02,1,1,000,070,1,0,1,4,1,54,5,1,2,00,2,1,1,201500027546B01,7,16,1
201500027547,2015-07-09,2015,juillet,jeudi,19:32,49,49353,47.45573,-0.52423,2,1,3,1,1,4,2,02,1,1,000,070,1,0,1,4,1,42,5,1,2,00,2,0,16,201500027547B01,33,1,1
201500027559,2015-07-26,2015,juillet,dimanche,10:43,49,49007,47.45789,-0.51476,2,6,6,1,2,4,-1,02,1,1,000,075,2,0,0,4,1,56,5,1,2,00,2,0,1,201500027559B01,7,1,1
201500027574,2015-08-18,2015,août,mardi,18:49,49,49007,47.46649,-0.55306,2,3,3,1,1,4,1,02,1,1,000,060,1,0,1,4,1,9,9,1,4,00,0,1,19,201500027574B01,7,1,1
201500027585,2015-08-31,2015,août,lundi,18:41,49,49007,47.46862,-0.52277,1,1,5,1,1,4,2,02,1,1,000,060,1,0,1,4,1,48,5,1,2,00,2,6,1,201500027585C01,7,15/1,2
201500027592,2015-09-06,2015,septembre,dimanche,18:02,49,49007,47.47454,-0.54675,2,3,7,1,1,4,3,02,1,1,000,093,1,0,1,4,1,48,5,1,2,00,0,0,1,201500027592A01,,,
201500027598,2015-09-15,2015,septembre,mardi,12:31,49,49007,47.44882,-0.55249,2,2,6,1,1,4,2,02,1,1,000,066,1,0,1,4,1,35,1,1,2,00,2,0,1,201500027598B01,7,15,1
201500027599,2015-09-15,2015,septembre,mardi,13:00,49,49007,47.47285,-0.59979,2,1,1,1,1,4,2,02,1,1,000,140,1,0,1,4,1,18,5,1,2,00,2,4,11,201500027599A01,7,1,1
201500027603,2015-09-17,2015,septembre,jeudi,17:17,49,49007,47.47114,-0.56495,2,1,6,1,1,4,-1,02,1,1,000,070,2,0,0,4,1,18,5,1,2,00,1,0,18,201500027603A01,,,
201500027603,2015-09-17,2015,septembre,jeudi,17:17,49,49007,47.47114,-0.56495,2,1,6,1,1,4,-1,02,1,1,000,070,2,0,0,4,1,21,5,1,8,00,1,0,18,201500027603A01,,,
201500027605,2015-09-18,2015,septembre,vendredi,10:04,49,49007,47.46778,-0.55909,2,2,6,1,2,4,2,02,1,1,000,070,2,0,1,4,2,22,1,1,9,00,2,2,1,201500027605B01,7,15,1
201500027609,2015-09-24,2015,septembre,jeudi,75:3,49,49246,47.43246,-0.53339,2,1,1,2,1,4,1,02,1,1,000,050,2,0,1,4,2,53,5,1,2,00,2,4,1,201500027609B01,7,1,1
201500027611,2015-09-25,2015,septembre,vendredi,15:45,49,49007,47.46861,-0.53927,2,1,2,1,1,4,2,02,1,1,000,080,1,0,1,3,1,70,5,1,2,00,2,0,1,201500027611B01,7,20,1
201500027614,2015-09-29,2015,septembre,mardi,23:50,49,49007,47.46638,-0.54768,2,2,3,5,1,4,1,01,1,1,000,050,1,0,1,3,1,20,5,1,2,00,2,8,1,201500027614A01,7,1,1
201500027615,2015-09-28,2015,septembre,lundi,11:41,49,49246,47.4385,-0.50851,2,6,6,1,1,4,2,02,1,1,000,070,1,0,1,4,1,17,5,1,2,00,2,7,1,201500027615B01,7,1,1
201500027620,2015-10-02,2015,octobre,vendredi,15:40,49,49007,47.46813,-0.54687,2,1,3,1,1,4,1,01,1,3,000,027,1,0,1,4,1,65,5,1,2,00,2,7,1,201500027620B01,7,22,1
201500027622,2015-10-06,2015,octobre,mardi,73:4,49,49007,47.48911,-0.57485,2,1,6,5,2,4,2,02,1,1,000,090,1,0,1,4,1,29,1,1,2,00,2,0,1,201500027622B01,7,10,1
201500027625,2015-10-12,2015,octobre,lundi,12:26,49,49007,47.4722,-0.54087,2,1,3,1,1,4,3,02,1,1,000,061,1,0,1,4,1,66,5,1,2,00,2,0,1,201500027625B01,7,13,1
201500027632,2015-10-17,2015,octobre,samedi,95:3,49,49007,47.47156,-0.52279,2,1,6,1,1,4,2,02,1,1,000,060,1,0,1,4,1,38,5,1,2,00,2,1,1,201500027632B01,7,10,1
201500027637,2015-10-22,2015,octobre,jeudi,19:45,49,49007,47.45983,-0.54236,2,3,5,5,1,4,,,1,1,,,1,0,1,4,1,20,0,1,9,00,2,1,0,201500027637B01,7,13/24,2
201500027646,2015-11-03,2015,novembre,mardi,91:5,49,49007,47.47453,-0.54682,2,2,3,1,1,4,3,04,1,1,000,184,2,0,1,4,1,16,2,1,2,00,2,0,1,201500027646B01,7,16,1
201500027657,2015-11-09,2015,novembre,lundi,14:50,49,49007,47.48743,-0.57354,2,2,2,1,1,4,3,02,1,1,000,120,1,0,1,3,1,82,5,1,4,00,0,8,1,201500027657B01,7,16,1
201500027659,2015-11-16,2015,novembre,lundi,11:30,49,49007,47.47047,-0.56342,2,2,3,1,1,4,-1,02,1,1,000,060,1,0,1,4,1,73,5,1,2,00,2,3,1,201500027659B01,7,15,1
201500027661,2015-11-14,2015,novembre,samedi,11:20,49,49007,47.47358,-0.58122,2,2,3,1,1,4,2,02,1,1,000,060,1,0,1,4,1,17,0,1,2,00,0,0,0,201500027661B01,7,16,1
201500027670,2015-11-18,2015,novembre,mercredi,15:40,49,49007,47.4674,-0.55577,2,3,3,1,2,4,3,03,1,1,000,080,2,0,1,3,1,43,5,1,2,00,2,1,1,201500027670A01,7,16,1
201500027672,2015-11-20,2015,novembre,vendredi,90:0,49,49007,47.4581,-0.54456,2,6,3,1,3,4,1,00,1,2,000,000,2,0,1,1,2,21,0,1,2,00,2,8,0,201500027672B01,7,0,1
201500027682,2015-11-26,2015,novembre,jeudi,15:45,49,49007,47.4752,-0.54852,2,3,3,1,1,4,3,03,1,1,000,120,1,0,1,4,1,16,5,1,2,00,2,8,1,201500027682B01,7,16,1
201500027691,2015-12-02,2015,décembre,mercredi,11:15,49,49007,47.47458,-0.58511,2,2,3,1,1,4,2,02,1,1,000,132,1,0,1,4,2,23,2,1,2,00,2,8,1,201500027691B01,7,16,1
201500027696,2015-12-06,2015,décembre,dimanche,12:30,49,49007,47.47083,-0.55298,2,1,7,1,1,9,-1,01,1,1,000,000,1,0,1,3,2,57,0,1,2,00,0,0,0,201500027696A01,,,
201500027724,2015-11-07,2015,novembre,samedi,13:44,49,49099,47.06078,-0.86535,2,2,3,1,1,4,2,02,1,1,000,000,1,6,1,4,1,58,5,1,9,00,2,1,18,201500027724B01,7,16,1
201500027767,2015-06-24,2015,juin,mercredi,18:40,49,49099,47.0683,-0.90509,2,6,3,1,1,3,1,01,-1,-1,000,000,-1,0,1,3,1,45,1,1,2,00,2,7,2,201500027767B01,7,9,1
201500027768,2015-06-24,2015,juin,mercredi,18:40,49,49099,47.0561,-0.86085,2,1,2,1,1,4,1,02,2,1,000,000,1,0,1,4,1,22,0,1,2,00,2,0,0,201500027768B01,7,1,1
201500027775,2015-09-30,2015,septembre,mercredi,92:0,49,49099,47.0764,-0.84873,1,1,6,1,1,4,2,02,-1,-1,000,000,1,0,1,4,1,77,5,1,2,00,9,1,2,201500027775A01,,,
201500027793,2015-06-09,2015,juin,mardi,12:40,49,49328,47.26795,-0.06893,2,1,6,1,1,4,2,02,1,1,000,000,1,0,1,4,2,60,1,1,2,01,0,1,1,201500027793B01,7,24,1
201500027827,2015-03-01,2015,mars,dimanche,16:55,50,50602,49.6443,-1.58157,2,2,1,1,1,4,2,02,1,1,000,000,2,0,1,3,1,56,5,1,2,00,2,1,1,201500027827B01,7,15,1
201500027846,2015-03-30,2015,mars,lundi,90:0,50,50129,49.6455,-1.63734,2,1,1,1,1,9,-1,00,1,1,000,000,1,0,5,1,1,33,0,1,2,00,2,0,1,201500027846A01,1,21,1
201500027846,2015-03-30,2015,mars,lundi,90:0,50,50129,49.6455,-1.63734,2,1,1,1,1,9,-1,00,1,1,000,000,1,0,5,4,1,36,1,1,2,16,0,7,21,201500027846B01,1,1,1
201500027851,2015-04-08,2015,avril,mercredi,18:05,50,50602,49.6375,-1.56866,2,2,3,1,1,4,2,02,2,1,000,070,1,0,1,4,1,13,5,1,9,00,2,1,1,201500027851A01,7,1,1
201500027883,2015-06-02,2015,juin,mardi,16:15,50,50129,49.6451,-1.63655,2,1,7,1,1,4,3,04,2,1,000,000,1,0,5,4,1,19,5,1,2,16,0,0,1,201500027883A01,,,
201500027892,2015-06-15,2015,juin,lundi,80:0,50,50602,49.6387,-1.56406,2,1,3,1,1,4,2,02,2,1,000,000,1,0,4,4,1,16,2,1,9,00,2,7,1,201500027892B01,7,4,1
201500027904,2015-07-13,2015,juillet,lundi,72:0,50,50602,49.6435,-1.60258,2,1,7,1,2,4,2,02,1,1,000,000,2,4,1,4,2,22,1,1,2,00,0,8,1,201500027904A01,,,
201500027909,2015-07-21,2015,juillet,mardi,18:30,50,50173,49.6485,-1.64933,2,1,7,1,1,4,2,02,1,1,000,000,1,0,4,1,1,16,5,1,2,00,1,3,1,201500027909A01,,,
201500027919,2015-08-18,2015,août,mardi,17:00,50,50129,49.6291,-1.6411,2,2,3,1,1,3,2,03,3,1,010,120,1,0,1,4,2,65,5,1,2,00,2,7,15,201500027919A01,7,10,1
201500027920,2015-08-22,2015,août,samedi,20:00,50,50602,49.6434,-1.60275,2,1,6,1,2,4,2,02,1,1,000,000,2,4,1,4,2,35,5,1,2,14,0,1,1,201500027920A01,,,
201500027924,2015-08-24,2015,août,lundi,73:0,50,50129,49.6403,-1.6284,2,1,1,2,2,4,1,01,1,1,000,000,2,0,1,4,1,35,1,1,2,01,0,1,1,201500027924B01,7,24,1
201500027940,2015-09-18,2015,septembre,vendredi,75:5,50,50129,49.6375,-1.63302,2,2,7,2,1,4,1,01,1,1,000,000,2,0,0,4,1,13,2,1,2,00,2,1,1,201500027940A01,7,16,1
201500027943,2015-09-23,2015,septembre,mercredi,15:30,50,50129,49.6387,-1.62813,2,4,6,1,1,4,1,01,1,1,000,000,1,0,1,3,2,49,5,1,9,01,0,1,1,201500027943B01,7,22,1
201500027946,2015-09-29,2015,septembre,mardi,13:00,50,50129,49.6405,-1.62839,2,3,2,1,1,4,1,01,1,1,000,000,1,0,1,4,1,14,2,1,4,00,2,4,15,201500027946B01,7,2,1
201500027950,2015-10-11,2015,octobre,dimanche,18:10,50,50602,49.6386,-1.59105,2,1,1,1,1,9,2,02,-1,-1,000,000,-1,0,1,4,2,15,5,1,2,00,2,0,24,201500027950B01,30,1,1
201500027950,2015-10-11,2015,octobre,dimanche,18:10,50,50602,49.6386,-1.59105,2,1,1,1,1,9,2,02,-1,-1,000,000,-1,0,1,4,2,15,5,1,2,00,2,0,24,201500027950B01,30,1,1
201500027955,2015-10-19,2015,octobre,lundi,13:05,50,50602,49.6419,-1.57363,2,2,3,1,1,4,2,02,1,1,000,000,1,5,1,4,1,59,5,1,2,16,0,0,1,201500027955B01,7,0,1
201500027988,2015-11-29,2015,novembre,dimanche,10:,50,50129,49.6339,-1.60639,2,1,7,5,6,3,3,04,1,1,000,000,2,0,4,4,1,55,5,1,2,15,0,3,1,201500027988A01,,,
201500027991,2015-12-14,2015,décembre,lundi,12:30,50,50173,49.6475,-1.65485,2,2,3,1,1,4,2,02,1,1,000,000,1,5,1,4,1,15,5,1,2,00,2,1,15,201500027991A01,7,2,1
201500027999,2015-12-22,2015,décembre,mardi,17:25,50,50129,49.6297,-1.62332,2,2,7,2,2,4,2,02,2,1,000,000,2,5,4,3,1,22,5,1,9,12,0,1,14,201500027999A01,,,
201500028015,2015-02-05,2015,février,jeudi,14:05,50,50129,49.6456,-1.63886,2,3,3,1,1,3,3,05,1,3,000,000,1,1,1,4,2,61,1,1,9,00,2,8,15,201500028015B01,7,1,1
201500028021,2015-05-29,2015,mai,vendredi,10:30,50,50147,49.0621,-1.42699,2,6,3,1,1,3,2,02,2,1,000,000,1,0,1,4,2,51,1,1,1,00,2,0,1,201500028021A01,7,9,1
201500028043,2015-05-16,2015,mai,samedi,17:24,50,50647,48.839,-1.55123,2,1,3,1,1,6,-1,00,1,1,000,000,1,0,1,4,1,14,5,1,9,00,2,1,16,201500028043B01,7,15,1
201500028048,2015-06-25,2015,juin,jeudi,19:07,50,50218,48.8372,-1.59949,2,1,6,1,1,3,1,01,1,1,000,065,1,0,1,1,1,22,5,1,2,00,1,1,1,201500028048A01,,,
201500028050,2015-07-09,2015,juillet,jeudi,11:30,50,50218,48.8415,-1.58643,2,8,7,1,1,3,2,02,2,2,000,000,1,4,1,3,2,52,0,1,2,00,0,0,1,201500028050A01,,,
201500028056,2015-08-10,2015,août,lundi,11:35,50,50532,48.8151,-1.5705,2,1,3,1,1,3,2,02,-1,-1,000,000,-1,0,0,4,1,56,5,1,9,00,2,3,11,201500028056A01,7,17,1
201500028060,2015-09-01,2015,septembre,mardi,19:15,50,50218,48.8339,-1.5711,2,6,3,1,1,3,1,01,1,2,000,050,1,5,1,4,1,45,5,1,9,00,2,7,1,201500028060A01,7,9,1
201500028077,2015-12-27,2015,décembre,dimanche,12:00,50,50165,48.8535,-1.56463,1,1,7,1,1,3,2,02,2,2,000,080,1,0,1,4,1,70,5,1,2,16,0,7,1,201500028077A01,,,
201500028086,2015-04-15,2015,avril,mercredi,16:50,50,50502,49.105,-1.08668,2,3,3,1,1,4,2,02,2,1,000,000,1,0,1,4,1,88,0,1,1,00,2,1,1,201500028086B01,7,9,1
201500028086,2015-04-15,2015,avril,mercredi,16:50,50,50502,49.105,-1.08668,2,3,3,1,1,4,2,02,2,1,000,000,1,0,1,4,1,89,0,1,1,00,2,1,1,201500028086B01,7,9,1
201500028091,2015-05-18,2015,mai,lundi,11:55,50,50002,49.1108,-1.13405,1,6,3,1,2,4,1,01,1,-1,000,000,-1,0,0,3,1,72,0,1,2,00,2,1,9,201500028091B01,3,9,1
201500028095,2015-08-04,2015,août,mardi,13:15,50,50502,49.1157,-1.07479,2,6,3,1,1,3,2,02,2,2,000,070,1,5,1,4,1,21,5,1,2,00,2,0,2,201500028095B01,7,16,1
201500028096,2015-08-05,2015,août,mercredi,11:20,50,50502,49.119,-1.08659,2,2,3,1,1,4,2,02,3,1,000,000,1,0,1,4,1,66,5,1,2,00,2,1,1,201500028096B01,7,15,1
201500028099,2015-08-22,2015,août,samedi,12:00,50,50502,49.1058,-1.06877,2,6,1,1,1,3,-1,02,1,-1,000,000,1,0,1,3,2,56,5,1,9,00,2,6,16,201500028099B01,7,16,1
201500028100,2015-09-10,2015,septembre,jeudi,16:55,50,50502,49.1157,-1.07706,2,1,3,1,1,3,2,02,2,1,000,000,1,0,1,4,2,20,1,1,2,00,2,8,19,201500028100A01,7,17,1
201500028108,2015-11-13,2015,novembre,vendredi,95:0,50,50002,49.1092,-1.13535,1,6,2,1,1,3,1,02,1,-1,000,000,1,0,1,3,1,69,3,1,9,00,2,4,1,201500028108B01,7,9,1
201500028143,2015-02-05,2015,février,jeudi,14:10,51,51172,49.22052,4.06378,2,6,3,1,1,4,3,04,1,3,000,000,1,5,1,4,1,52,5,1,9,00,2,7,1,201500028143B01,7,9,1
201500028154,2015-04-19,2015,avril,dimanche,24:5,51,51454,49.2492,4.02472,2,1,4,5,1,4,1,03,1,1,000,090,1,0,1,3,2,28,9,1,9,00,2,0,0,201500028154A01,7,0,1
201500028154,2015-04-19,2015,avril,dimanche,24:5,51,51454,49.2492,4.02472,2,1,4,5,1,4,1,03,1,1,000,090,1,0,1,3,1,30,9,1,9,00,2,0,0,201500028154B01,7,0,1
201500028163,2015-07-03,2015,juillet,vendredi,16:50,51,51454,49.25794,4.05361,2,3,4,1,1,4,2,02,1,1,000,080,1,0,1,4,1,57,5,1,2,00,2,1,0,201500028163C01,30/ 7,1/15,2
201500028165,2015-07-13,2015,juillet,lundi,19:50,51,51454,49.23277,4.00258,2,1,6,1,1,4,2,02,1,1,000,000,1,0,1,4,1,78,0,1,2,00,2,8,1,201500028165B01,7,17,1
201500028177,2015-09-25,2015,septembre,vendredi,16:20,51,51454,49.26168,4.02984,2,1,3,1,1,4,3,06,1,1,040,180,1,0,1,4,1,84,0,1,2,00,2,1,19,201500028177A01,1,1,1
201500028177,2015-09-25,2015,septembre,vendredi,16:20,51,51454,49.26168,4.02984,2,1,3,1,1,4,3,06,1,1,040,180,1,0,1,1,1,33,0,1,2,00,2,1,1,201500028177B01,1,19,1
201500028187,2015-10-13,2015,octobre,mardi,74:0,51,51454,49.27376,4.02987,2,1,3,2,1,4,2,04,1,1,000,000,1,5,1,4,1,52,1,1,2,00,2,1,1,201500028187B01,7,15,1
201500028200,2015-10-26,2015,octobre,lundi,14:05,51,51454,49.2734,4.01488,2,2,1,1,1,4,2,03,1,1,000,094,1,0,1,4,1,60,0,1,9,00,2,1,1,201500028200B01,7,15,1
201500028209,2015-11-12,2015,novembre,jeudi,81:0,51,51454,49.24433,4.03648,2,3,3,1,1,4,2,02,1,1,,059,1,0,1,3,1,12,2,1,2,00,2,3,15,201500028209A01,37,0,1
201500028217,2015-11-16,2015,novembre,lundi,23:00,51,51454,49.24405,4.02121,2,1,1,5,2,4,1,01,1,2,000,040,2,0,1,3,1,19,0,1,2,00,2,0,0,201500028217B01,7,0,1
201500028219,2015-11-17,2015,novembre,mardi,14:10,51,51454,49.24828,4.01265,2,1,3,1,1,4,-1,04,2,1,000,110,2,0,4,4,1,46,0,1,9,00,2,1,0,201500028219A01,7,1,1
201500028220,2015-11-20,2015,novembre,vendredi,80:0,51,51454,49.26287,4.01645,2,2,3,5,3,4,2,02,1,1,000,070,2,0,1,4,2,29,1,1,9,00,2,1,1,201500028220B01,7,15,1
201500028228,2015-11-27,2015,novembre,vendredi,12:10,51,51454,49.22585,4.03835,2,1,3,1,1,4,2,02,2,1,000,050,1,0,1,3,1,11,5,1,2,00,2,8,19,201500028228A01,7,1,1
201500028232,2015-12-03,2015,décembre,jeudi,80:0,51,51454,49.21251,4.01546,1,6,2,1,1,3,3,02,1,1,000,000,1,0,1,4,1,22,1,1,2,00,2,4,2,201500028232B01,7,2,1
201500028240,2015-12-15,2015,décembre,mardi,17:50,51,51454,49.23796,4.02392,2,1,6,5,1,4,1,00,2,1,000,000,2,0,5,1,1,25,0,1,9,00,1,1,1,201500028240A01,,,
201500028240,2015-12-15,2015,décembre,mardi,17:50,51,51454,49.23796,4.02392,2,1,6,5,1,4,1,00,2,1,000,000,2,0,5,4,2,56,0,1,8,00,1,1,1,201500028240A01,,,
201500028248,2015-12-25,2015,décembre,vendredi,25:5,51,51454,49.26565,4.02073,2,2,6,5,2,4,2,02,1,1,000,060,2,0,0,4,1,30,5,1,2,00,2,8,0,201500028248B01,10,1,1
201500028253,2015-12-30,2015,décembre,mercredi,13:30,51,51172,49.2161,4.04513,2,2,1,1,1,4,2,02,1,1,000,060,1,0,1,4,1,52,0,1,2,00,2,1,1,201500028253B01,7,15,1
201500028266,2015-12-16,2015,décembre,mercredi,12:50,52,52121,48.11022,5.12908,2,1,6,1,1,4,2,02,1,3,000,055,1,0,1,4,1,22,1,1,2,00,2,1,1,201500028266B01,7,15,1
201500028273,2015-08-06,2015,août,jeudi,13:50,52,52121,48.09891,5.14514,2,1,6,1,1,3,2,03,1,1,000,106,1,0,1,4,2,30,1,1,9,00,2,1,21,201500028273B01,7,16,1
201500028280,2015-11-15,2015,novembre,dimanche,11:15,52,52121,48.09234,5.14537,2,6,6,1,1,3,1,01,1,2,200,079,-1,5,1,4,1,47,5,1,2,00,2,1,1,201500028280B01,7,16,1
201500028283,2015-02-12,2015,février,jeudi,10:14,52,52121,48.09916,5.15326,2,2,6,1,1,4,2,02,2,1,000,071,1,0,1,4,1,48,1,1,9,00,2,1,1,201500028283B01,17,16,1
201500028290,2015-05-17,2015,mai,dimanche,13:20,52,52448,48.63884,4.97568,2,3,3,1,1,4,1,01,-1,-1,000,000,-1,0,1,3,1,10,0,1,2,00,0,0,0,201500028290B01,7,1,1
201500028301,2015-02-21,2015,février,samedi,15:50,53,53201,48.07795,-0.8198,2,1,3,1,1,4,2,01,1,2,000,000,1,0,1,3,1,46,5,1,2,00,2,1,19,201500028301A01,7,15,1
201500028307,2015-03-17,2015,mars,mardi,93:0,53,53130,48.08108,-0.79544,1,1,6,1,1,3,-1,02,1,1,000,000,1,0,0,4,1,76,0,1,2,00,2,7,0,201500028307B01,7,1,1
201500028308,2015-04-27,2015,avril,lundi,14:10,53,53054,48.10829,-0.82844,1,1,5,1,1,4,2,02,2,3,000,052,1,0,1,2,1,68,5,1,2,00,2,1,1,201500028308B01,7,13,1
201500028308,2015-04-27,2015,avril,lundi,14:10,53,53054,48.10829,-0.82844,1,1,5,1,1,4,2,02,2,3,000,052,1,0,1,3,1,69,0,1,2,00,2,1,1,201500028308C01,7,13,1
201500028308,2015-04-27,2015,avril,lundi,14:10,53,53054,48.10829,-0.82844,1,1,5,1,1,4,2,02,2,3,000,052,1,0,1,1,1,68,0,1,2,00,2,1,1,201500028308D01,7,13,1
201500028308,2015-04-27,2015,avril,lundi,14:10,53,53054,48.10829,-0.82844,1,1,5,1,1,4,2,02,2,3,000,052,1,0,1,4,2,73,5,1,2,00,2,1,0,201500028308E01,7,13,1
201500028308,2015-04-27,2015,avril,lundi,14:10,53,53054,48.10829,-0.82844,1,1,5,1,1,4,2,02,2,3,000,052,1,0,1,4,1,57,5,1,2,00,2,1,1,201500028308F01,7,13,1
201500028308,2015-04-27,2015,avril,lundi,14:10,53,53054,48.10829,-0.82844,1,1,5,1,1,4,2,02,2,3,000,052,1,0,1,4,1,67,5,1,2,00,0,0,0,201500028308G02,7,13,1
201500028308,2015-04-27,2015,avril,lundi,14:10,53,53054,48.10829,-0.82844,1,1,5,1,1,4,2,02,2,3,000,052,1,0,1,4,1,63,5,1,2,00,2,1,1,201500028308H02,7,13,1
201500028308,2015-04-27,2015,avril,lundi,14:10,53,53054,48.10829,-0.82844,1,1,5,1,1,4,2,02,2,3,000,052,1,0,1,4,1,70,5,1,2,00,2,1,1,201500028308I02,7,13,1
201500028308,2015-04-27,2015,avril,lundi,14:10,53,53054,48.10829,-0.82844,1,1,5,1,1,4,2,02,2,3,000,052,1,0,1,4,1,72,5,1,2,00,2,1,1,201500028308J02,7,13,1
201500028308,2015-04-27,2015,avril,lundi,14:10,53,53054,48.10829,-0.82844,1,1,5,1,1,4,2,02,2,3,000,052,1,0,1,4,2,65,5,1,2,00,2,1,1,201500028308K02,7,13,1
201500028308,2015-04-27,2015,avril,lundi,14:10,53,53054,48.10829,-0.82844,1,1,5,1,1,4,2,02,2,3,000,052,1,0,1,4,1,83,5,1,2,00,2,1,1,201500028308L03,7,13,1
201500028308,2015-04-27,2015,avril,lundi,14:10,53,53054,48.10829,-0.82844,1,1,5,1,1,4,2,02,2,3,000,052,1,0,1,3,1,76,5,1,2,00,2,1,1,201500028308M03,7,13,1
201500028313,2015-07-30,2015,juillet,jeudi,18:30,53,53034,48.07338,-0.73404,1,1,6,1,1,6,-1,00,1,1,000,000,1,0,1,1,1,30,1,1,2,00,1,0,0,201500028313A01,,,
201500028313,2015-07-30,2015,juillet,jeudi,18:30,53,53034,48.07338,-0.73404,1,1,6,1,1,6,-1,00,1,1,000,000,1,0,1,3,2,38,0,1,8,00,1,0,0,201500028313A01,,,
201500028315,2015-09-03,2015,septembre,jeudi,19:00,53,53130,48.0527,-0.79386,2,6,3,1,1,3,4,02,1,3,000,067,1,5,1,3,1,66,0,1,2,00,2,5,2,201500028315B01,7,9,1
201500028347,2015-12-12,2015,décembre,samedi,12:40,54,54159,48.62006,6.35093,2,3,3,1,1,3,2,01,1,1,000,000,1,0,0,3,1,62,0,1,2,00,2,1,0,201500028347B01,7,0,1
201500028387,2015-08-24,2015,août,lundi,18:37,54,54493,49.53289,5.82253,2,6,6,1,3,4,2,02,2,-1,000,000,2,0,1,4,1,13,5,1,2,00,2,3,0,201500028387B01,7,0,1
201500028429,2015-03-04,2015,mars,mercredi,16:45,54,54547,48.65202,6.15028,1,1,4,1,1,4,2,04,1,1,000,000,1,0,1,1,2,27,1,1,2,00,0,0,23,201500028429D01,7,2/23,3
201500028435,2015-11-27,2015,novembre,vendredi,91:5,54,54395,0,0,2,1,6,1,5,4,1,02,1,1,000,025,1,0,1,1,1,25,5,1,9,00,1,1,5,201500028435A01,,,
201500028447,2015-03-19,2015,mars,jeudi,11:50,54,54184,48.70647,6.22575,2,1,6,1,1,4,2,02,1,1,000,000,1,0,1,3,1,77,5,1,9,00,2,1,1,201500028447B01,7,24,1