Num_Acc,date,an,mois,jour,hrmn,dep,com,lat,long,agg,int,col,lum,atm,catr,circ,nbv,prof,plan,lartpc,larrout,surf,infra,situ,grav,sexe,age,trajet,secuexist,equipement,obs,obsm,choc,manv,vehiculeid,typevehicules,manoeuvehicules,numVehicules
201500028452,2015-03-17,2015,mars,mardi,10:45,54,54357,48.71275,6.16772,2,1,3,1,1,4,2,02,1,-1,000,000,1,0,1,4,1,22,4,1,9,00,2,1,1,201500028452B01,7,9,1
201500028456,2015-03-25,2015,mars,mercredi,15:20,54,54395,0,0,2,2,3,1,1,4,2,02,2,1,000,000,1,4,1,4,1,29,9,1,2,00,4,1,1,201500028456A01,40,1,1
201500028459,2015-03-23,2015,mars,lundi,18:20,54,54395,0,0,2,1,3,1,1,4,1,02,1,1,000,000,1,0,1,4,2,26,0,1,9,00,2,8,13,201500028459A01,7,1,1
201500028466,2015-12-01,2015,décembre,mardi,16:25,54,54547,0,0,2,1,1,1,1,4,1,03,1,1,000,000,1,0,4,4,1,24,5,1,2,00,2,1,5,201500028466A01,10,20,1
201500028474,2015-05-19,2015,mai,mardi,18:55,54,54328,48.6188,6.16917,2,3,6,1,1,4,2,02,-1,-1,000,000,-1,0,1,4,1,12,5,1,9,00,2,1,19,201500028474A01,7,1,1
201500028476,2015-04-10,2015,avril,vendredi,23:40,54,54395,48.69183,6.19297,2,1,1,5,1,4,2,02,2,3,000,000,1,0,1,4,1,25,0,1,9,00,2,8,19,201500028476B01,7,1,1
201500028477,2015-04-10,2015,avril,vendredi,13:15,54,54395,0,0,2,2,3,1,1,4,1,03,1,1,000,000,1,0,1,4,1,38,1,1,2,00,2,1,1,201500028477B01,7,1,1
201500028490,2015-04-20,2015,avril,lundi,14:35,54,54482,0,0,2,1,3,1,1,4,1,02,1,1,000,000,1,0,1,4,2,21,0,1,9,00,2,7,14,201500028490A01,7,1,1
201500028494,2015-12-23,2015,décembre,mercredi,13:00,54,54274,0,0,2,6,3,1,2,4,2,02,1,1,000,000,2,0,1,4,2,57,5,1,2,00,2,1,1,201500028494B01,10,1,1
201500028500,2015-03-25,2015,mars,mercredi,21:00,54,54395,48.68133,6.17847,2,1,6,5,1,4,1,02,1,1,000,000,1,0,1,4,1,20,0,1,9,00,1,0,0,201500028500Z01,,,
201500028514,2015-05-07,2015,mai,jeudi,18:05,54,54395,0,0,2,1,6,1,1,4,1,02,1,1,000,000,1,0,1,1,1,17,2,1,9,00,1,1,1,201500028514A01,,,
201500028517,2015-05-19,2015,mai,mardi,16:40,54,54395,0,0,2,1,1,1,1,4,1,02,1,1,000,000,1,0,1,4,1,34,0,1,9,01,0,1,1,201500028517B01,7,22,1
201500028522,2015-05-09,2015,mai,samedi,13:43,54,54547,48.66841,6.18925,1,1,3,1,1,4,2,01,3,3,000,100,1,0,5,4,1,26,0,1,2,00,2,1,1,201500028522B01,7,9,1
201500028523,2015-05-19,2015,mai,mardi,16:25,54,54395,0,0,2,2,3,1,1,4,1,01,1,1,000,000,1,0,1,4,1,37,9,1,9,00,2,1,1,201500028523A01,7,1,1
201500028538,2015-05-13,2015,mai,mercredi,17:20,54,54395,0,0,2,4,3,1,1,4,1,01,2,1,000,000,1,0,1,4,2,22,2,1,9,00,2,1,8,201500028538A01,7,16,1
201500028541,2015-06-04,2015,juin,jeudi,82:0,54,54300,0,0,2,1,2,1,1,4,2,02,1,1,000,000,1,0,1,4,1,51,0,1,9,00,2,1,2,201500028541A01,7,2,1
201500028551,2015-06-12,2015,juin,vendredi,18:25,54,54395,48.69264,6.17885,2,1,3,1,1,4,1,01,1,1,000,060,1,0,1,3,2,21,0,1,2,00,2,2,1,201500028551B01,7,22,1
201500028558,2015-06-24,2015,juin,mercredi,11:35,54,54395,48.68917,6.16186,2,1,2,1,1,4,2,03,2,1,000,083,1,0,1,4,1,20,1,1,2,00,2,1,2,201500028558A01,7,15,1
201500028561,2015-06-24,2015,juin,mercredi,14:50,54,54395,48.6779,6.16834,2,2,3,1,1,4,1,01,1,1,000,000,1,0,1,4,2,23,2,1,9,00,2,8,19,201500028561B01,7,15,1
201500028563,2015-06-30,2015,juin,mardi,14:50,54,54395,48.67693,6.20607,2,6,3,1,1,4,-1,02,1,1,000,000,1,0,0,4,1,27,0,1,2,00,2,1,1,201500028563A01,7,1,1
201500028565,2015-06-25,2015,juin,jeudi,17:50,54,54395,48.6957,6.14067,2,1,2,1,1,2,2,04,2,1,000,000,1,0,1,3,1,33,5,1,2,00,2,1,1,201500028565A01,7,23,1
201500028569,2015-06-15,2015,juin,lundi,14:15,54,54395,0,0,2,1,2,1,1,4,1,01,1,1,000,000,1,0,1,4,1,28,5,1,9,00,2,1,2,201500028569A01,10,2,1
201500028581,2015-07-15,2015,juillet,mercredi,18:20,54,54395,48.67922,6.19673,2,1,6,1,1,4,2,04,1,1,000,000,1,0,1,4,1,20,5,1,9,00,2,1,1,201500028581B01,7,22,1
201500028584,2015-07-22,2015,juillet,mercredi,16:00,54,54395,0,0,2,1,6,1,1,4,-1,01,1,-1,000,000,1,6,1,4,2,64,5,1,8,00,1,0,0,201500028584A01,,,
201500028591,2015-06-18,2015,juin,jeudi,17:30,54,54257,0,0,1,1,3,1,1,4,2,02,1,1,000,000,1,0,1,4,1,66,5,1,2,00,2,1,9,201500028591A01,7,1,1
201500028606,2015-08-22,2015,août,samedi,17:15,54,54339,0,0,2,2,3,1,1,4,1,01,1,1,000,000,1,0,1,3,1,38,5,1,9,00,2,1,1,201500028606A01,7,15,1
201500028619,2015-09-03,2015,septembre,jeudi,63:0,54,54395,48.68126,6.1935,2,1,2,2,1,4,1,01,1,1,000,000,1,0,0,4,1,42,1,1,2,00,2,4,16,201500028619B01,7,0,1
201500028639,2015-09-15,2015,septembre,mardi,18:00,54,54578,0,0,2,3,3,1,1,4,2,03,2,1,000,000,1,0,1,4,2,24,5,1,9,00,2,8,1,201500028639B01,7,15,1
201500028646,2015-09-23,2015,septembre,mercredi,19:15,54,54395,0,0,2,2,3,2,1,4,1,01,1,1,000,000,1,0,1,4,1,37,5,1,9,00,2,1,1,201500028646A01,7,1,1
201500028652,2015-09-28,2015,septembre,lundi,10:30,54,54257,0,0,2,1,3,1,1,4,2,02,2,1,000,000,1,1,1,4,2,18,5,1,9,00,2,4,1,201500028652B01,1,0,1
201500028652,2015-09-28,2015,septembre,lundi,10:30,54,54257,0,0,2,1,3,1,1,4,2,02,2,1,000,000,1,1,1,4,2,15,5,1,9,00,2,4,1,201500028652B01,1,0,1
201500028671,2015-09-14,2015,septembre,lundi,19:55,54,54395,0,0,2,2,3,5,1,4,2,05,1,1,000,000,1,0,1,4,1,31,5,1,2,00,2,1,1,201500028671A01,7,1,1
201500028676,2015-09-06,2015,septembre,dimanche,65:5,54,54395,48.69957,6.16555,2,2,2,1,1,4,1,02,-1,-1,000,000,-1,0,1,4,1,29,5,1,2,00,2,1,1,201500028676A01,7,1,1
201500028684,2015-10-22,2015,octobre,jeudi,10:45,54,54274,0,0,2,1,1,1,1,4,1,01,1,2,000,000,1,0,1,4,1,9,5,1,9,00,2,1,5,201500028684A01,7,1,1
201500028699,2015-11-04,2015,novembre,mercredi,17:03,54,54578,48.66976,6.15695,2,2,3,1,1,4,1,01,1,1,000,000,1,0,1,4,1,20,2,1,9,00,2,1,5,201500028699A01,2,1,1
201500028705,2015-11-05,2015,novembre,jeudi,14:10,54,54395,48.69102,6.1768,2,1,2,1,1,4,1,02,2,1,000,000,1,0,1,1,2,18,0,1,2,00,2,4,2,201500028705B01,30,2,1
201500028714,2015-10-10,2015,octobre,samedi,16:50,54,54395,0,0,2,1,3,1,1,4,1,01,1,1,000,000,1,0,5,4,1,25,3,1,2,00,2,2,1,201500028714B01,7,22,1
201500028723,2015-11-20,2015,novembre,vendredi,17:00,54,54395,48.69884,6.17257,2,1,3,1,1,4,1,01,1,1,000,000,1,0,1,3,2,32,1,1,9,00,2,7,1,201500028723B01,7,13,1
201500028731,2015-11-07,2015,novembre,samedi,11:40,54,54395,48.68977,6.17603,2,1,2,1,1,4,1,02,1,1,000,000,1,0,1,4,1,14,5,1,9,00,2,1,2,201500028731A01,7,2,1
201500028743,2015-12-09,2015,décembre,mercredi,12:25,54,54395,0,0,2,1,3,1,1,4,2,02,1,1,000,060,1,0,1,4,2,32,0,1,2,00,2,2,1,201500028743B01,10,9,1
201500028753,2015-12-14,2015,décembre,lundi,18:55,54,54304,48.67976,6.14836,2,2,1,5,1,4,2,02,1,1,000,000,1,0,1,4,1,21,5,1,9,00,2,1,5,201500028753A01,7,16,1
201500028758,2015-12-17,2015,décembre,jeudi,17:20,54,54395,0,0,2,1,6,2,1,4,1,01,1,1,000,000,1,0,1,1,1,26,0,1,2,00,1,2,1,201500028758A01,,,
201500028765,2015-01-06,2015,janvier,mardi,13:50,54,54395,0,0,2,3,3,1,1,4,2,02,2,1,000,000,1,0,0,4,2,49,5,1,2,00,2,1,1,201500028765B01,7,16,1
201500028774,2015-01-10,2015,janvier,samedi,11:40,54,54184,0,0,2,1,3,1,2,4,2,02,1,1,000,000,2,0,1,3,2,80,0,1,9,00,2,7,19,201500028774B01,7,16,1
201500028793,2015-01-27,2015,janvier,mardi,13:30,54,54395,0,0,2,1,6,1,1,4,2,04,1,1,000,000,1,0,1,4,1,53,1,1,9,00,1,1,1,201500028793A01,,,
201500028795,2015-01-29,2015,janvier,jeudi,80:5,54,54395,0,0,2,2,6,1,2,4,2,02,1,1,000,000,2,0,1,1,1,18,2,1,9,00,1,1,1,201500028795A01,,,
201500028806,2015-02-13,2015,février,vendredi,14:25,54,54498,0,0,2,2,3,1,1,4,2,04,1,1,000,000,1,0,1,4,1,17,0,1,9,00,2,1,19,201500028806B01,7,16,1
201500028828,2015-08-19,2015,août,mercredi,12:25,54,54431,48.91861,6.05045,1,1,6,1,1,3,2,02,1,1,000,070,1,0,2,3,1,67,5,1,2,01,0,0,0,201500028828A01,,,
201500028833,2015-02-22,2015,février,dimanche,10:15,54,54431,48.91704,6.03762,1,6,3,1,1,3,3,02,2,2,382,090,1,0,0,3,1,57,5,1,2,00,2,7,15,201500028833B01,7,15,1
201500028840,2015-04-15,2015,avril,mercredi,21:15,54,54580,0,0,1,1,1,3,1,3,2,02,-1,-1,000,000,-1,0,1,3,1,29,5,1,2,00,2,1,5,201500028840B01,7,1,1
201500028865,2015-08-11,2015,août,mardi,13:20,55,55545,0,0,2,1,7,1,1,4,2,02,1,1,000,068,1,0,4,3,1,16,5,1,2,08,0,1,13,201500028865A01,,,
201500028872,2015-02-17,2015,février,mardi,13:20,56,56121,47.74794,-3.38858,2,1,3,1,1,9,1,00,1,3,000,000,1,5,1,4,1,44,0,1,9,00,2,1,0,201500028872B01,7,9,1
201500028875,2015-02-24,2015,février,mardi,85:5,56,56098,47.76178,-3.34523,2,1,3,1,2,9,2,02,2,-1,000,000,2,0,1,4,1,63,0,1,9,00,2,0,1,201500028875B01,2,14,1
201500028879,2015-02-28,2015,février,samedi,64:9,56,56121,47.75694,-3.36508,2,1,3,5,1,9,-1,00,-1,-1,000,000,-1,0,1,4,1,28,0,1,9,00,2,0,0,201500028879A01,7,0,1
201500028883,2015-11-20,2015,novembre,vendredi,11:56,56,56121,47.75638,-3.38462,2,1,3,1,1,9,-1,00,-1,-1,000,000,-1,0,1,4,1,28,0,1,9,00,2,0,0,201500028883B01,7,0,1
201500028886,2015-03-05,2015,mars,jeudi,14:10,56,56121,47.73402,-3.36511,2,1,3,1,1,9,2,00,1,1,000,000,1,0,1,4,1,23,0,1,9,00,2,0,0,201500028886A01,7,1,1
201500028894,2015-03-12,2015,mars,jeudi,18:10,56,56107,47.73118,-3.38611,1,1,6,1,1,9,-1,00,-1,-1,000,000,1,0,1,4,1,19,0,1,9,00,2,8,0,201500028894A01,,,
201500028898,2015-03-14,2015,mars,samedi,12:11,56,56098,47.76791,-3.35036,1,1,2,1,1,9,-1,00,-1,-1,000,000,-1,0,1,4,1,42,0,1,9,00,2,1,0,201500028898B01,7,0,1
201500028901,2015-11-29,2015,novembre,dimanche,85:0,56,56121,47.76275,-3.39561,2,1,7,1,1,9,-1,00,-1,-1,000,000,2,0,1,4,1,74,0,1,9,16,0,0,0,201500028901A01,,,
201500028906,2015-03-27,2015,mars,vendredi,92:0,56,56098,47.76682,-3.33754,2,1,2,1,1,9,-1,00,-1,-1,000,000,1,0,1,4,1,49,4,1,9,00,2,1,2,201500028906A01,1,0,1
201500028906,2015-03-27,2015,mars,vendredi,92:0,56,56098,47.76682,-3.33754,2,1,2,1,1,9,-1,00,-1,-1,000,000,1,0,1,4,2,66,0,1,9,00,2,4,0,201500028906B01,1,2,1
201500028913,2015-12-01,2015,décembre,mardi,92:0,56,56098,47.75767,-3.34969,2,1,3,1,8,9,2,01,2,2,000,000,1,0,1,4,1,42,0,1,2,00,2,3,5,201500028913B01,15,1,1
201500028918,2015-04-07,2015,avril,mardi,18:00,56,56107,47.72664,-3.3839,2,6,3,1,1,3,1,00,-1,-1,000,000,1,0,1,4,1,62,0,1,9,00,2,0,0,201500028918B01,7,0,1
201500028930,2015-04-19,2015,avril,dimanche,17:25,56,56121,47.74557,-3.35945,2,1,7,1,1,9,-1,00,-1,-1,000,000,1,0,1,4,1,51,0,1,9,00,0,0,0,201500028930A01,,,
201500028956,2015-12-29,2015,décembre,mardi,17:10,56,56121,47.73626,-3.38246,1,1,3,1,1,9,3,02,1,1,000,000,1,0,1,4,1,17,0,1,9,00,2,0,0,201500028956B01,7,0,1
201500028959,2015-12-30,2015,décembre,mercredi,14:40,56,56083,47.79956,-3.26056,1,1,7,1,2,9,-1,00,-1,-1,000,000,2,0,1,4,1,14,0,1,9,16,0,0,0,201500028959A01,,,
201500028971,2015-05-26,2015,mai,mardi,14:59,56,56121,47.74722,-3.37655,2,2,3,1,1,9,-1,03,2,1,000,000,1,0,1,4,1,19,0,1,9,00,0,0,0,201500028971A01,7,0,1
201500028972,2015-05-27,2015,mai,mercredi,21:10,56,56098,47.77162,-3.33877,2,1,7,2,1,9,-1,00,-1,-1,000,000,1,0,1,4,2,23,0,1,2,00,5,0,0,201500028972A01,,,
201500028974,2015-06-01,2015,juin,lundi,10:05,56,56098,47.77069,-3.34819,1,2,3,1,1,9,2,01,1,1,000,000,1,0,1,4,2,82,0,1,9,00,2,0,0,201500028974A01,7,1,1
201500028978,2015-06-04,2015,juin,jeudi,19:00,56,56162,47.90183,-2.41239,2,1,7,1,1,3,-1,00,-1,-1,000,000,-1,0,1,4,2,69,0,1,9,00,0,0,0,201500028978A01,,,
201500028979,2015-06-05,2015,juin,vendredi,90:6,56,56121,47.75321,-3.39159,2,1,6,1,1,9,-1,00,-1,-1,000,000,-1,0,1,3,2,29,1,1,9,00,2,0,0,201500028979B01,7,0,1
201500028990,2015-06-16,2015,juin,mardi,17:23,56,56098,47.76798,-3.34272,2,1,3,1,1,9,-1,00,-1,-1,000,000,-1,0,1,4,1,12,0,1,9,00,2,7,0,201500028990B01,7,1,1
201500029006,2015-07-09,2015,juillet,jeudi,17:05,56,56162,47.73369,-3.43048,2,3,3,1,1,3,-1,00,-1,-1,000,000,1,0,1,4,1,79,0,1,9,00,2,4,0,201500029006B01,7,0,1
201500029017,2015-07-30,2015,juillet,jeudi,90:0,56,56121,47.75365,-3.39177,2,3,3,1,1,4,1,02,2,-1,000,000,1,0,1,4,2,56,0,1,9,00,0,0,0,201500029017B01,7,0,1
201500029023,2015-08-08,2015,août,samedi,11:25,56,56107,47.71524,-3.37536,2,1,3,1,1,9,-1,00,-1,-1,000,000,1,0,4,4,1,14,0,1,9,00,2,1,0,201500029023B01,7,0,1
201500029026,2015-08-14,2015,août,vendredi,90:1,56,56121,47.73585,-3.37393,2,1,3,1,2,9,-1,00,1,-1,000,000,2,0,1,4,2,35,0,1,9,00,2,0,0,201500029026B01,7,0,1
201500029027,2015-08-14,2015,août,vendredi,10:51,56,56121,47.75128,-3.35968,2,1,7,1,1,9,-1,00,-1,-1,000,000,-1,0,1,4,2,58,0,1,9,00,0,0,0,201500029027A01,,,
201500029043,2015-09-07,2015,septembre,lundi,11:28,56,56162,47.70752,-3.4373,1,3,3,1,1,3,1,00,-1,-1,000,000,-1,0,1,4,2,46,0,1,9,00,2,0,0,201500029043B01,7,0,1
201500029053,2015-09-18,2015,septembre,vendredi,23:22,56,56121,47.73651,-3.36541,2,1,7,5,1,9,-1,00,-1,-1,000,000,-1,0,1,4,1,57,0,1,9,00,0,0,0,201500029053A01,,,
201500029056,2015-09-24,2015,septembre,jeudi,14:25,56,56121,47.74236,-3.36842,2,1,7,1,1,9,2,01,2,1,000,000,1,0,1,4,2,24,0,1,9,00,1,1,0,201500029056A01,,,
201500029061,2015-09-28,2015,septembre,lundi,13:40,56,56121,47.75078,-3.36143,2,1,7,1,1,9,-1,00,-1,-1,000,000,-1,0,1,4,1,14,0,1,9,00,0,0,0,201500029061A01,,,
201500029063,2015-09-29,2015,septembre,mardi,85:0,56,56121,47.74532,-3.36603,2,6,2,2,1,9,-1,00,1,1,000,000,1,0,1,3,1,23,1,1,9,00,2,4,0,201500029063B01,7,0,1
201500029066,2015-09-30,2015,septembre,mercredi,17:00,56,56162,47.73426,-3.42704,1,1,3,1,1,9,2,00,1,1,000,000,1,0,1,4,1,12,0,1,9,00,2,0,0,201500029066B01,7,0,1
201500029071,2015-10-06,2015,octobre,mardi,84:5,56,56162,47.73256,-3.4216,2,3,3,1,1,9,-1,00,-1,-1,000,000,-1,0,1,4,1,14,0,1,9,00,2,0,0,201500029071B01,7,0,1
201500029075,2015-10-09,2015,octobre,vendredi,80:0,56,56121,47.73877,-3.39177,2,6,3,2,1,9,-1,00,-1,-1,000,000,-1,0,1,4,2,47,1,1,9,00,2,0,0,201500029075B01,7,0,1
201500029077,2015-10-12,2015,octobre,lundi,15:00,56,56162,47.70854,-3.42134,1,1,7,1,1,9,-1,00,-1,-1,000,000,-1,0,1,4,1,64,0,1,9,12,0,0,0,201500029077A01,,,
201500029084,2015-10-21,2015,octobre,mercredi,17:00,56,56098,47.78002,-3.33374,2,6,7,1,1,4,-1,00,-1,-1,000,000,1,0,1,4,1,56,0,1,2,12,0,0,0,201500029084A01,,,
201500029090,2015-11-03,2015,novembre,mardi,75:5,56,56121,47.73249,-3.38004,2,1,3,2,7,9,2,02,1,1,000,000,2,0,4,4,1,39,0,1,9,00,2,0,0,201500029090B01,7,16,1
201500029101,2015-11-13,2015,novembre,vendredi,13:20,56,56098,47.77743,-3.34465,2,6,3,1,1,9,1,00,1,1,000,000,1,0,1,4,1,18,1,1,9,00,2,0,0,201500029101B01,7,0,1
201500029103,2015-11-18,2015,novembre,mercredi,81:3,56,56121,47.74356,-3.38858,2,1,6,1,1,9,2,02,2,1,000,000,1,0,1,4,2,18,0,1,9,00,2,0,0,201500029103A01,,,
201500029106,2015-01-09,2015,janvier,vendredi,83:5,56,56121,47.7548,-3.36317,2,1,3,1,2,9,2,06,1,1,000,000,2,0,1,4,2,38,0,1,9,00,2,0,1,201500029106B01,7,16,1
201500029112,2015-01-19,2015,janvier,lundi,16:35,56,56121,47.74837,-3.38877,2,6,3,1,1,9,1,02,2,3,000,000,1,0,1,4,1,19,0,1,9,00,2,0,0,201500029112B01,7,0,1
201500029115,2015-01-28,2015,janvier,mercredi,84:5,56,56121,47.76338,-3.39546,2,1,7,1,1,9,-1,00,-1,-1,000,000,-1,0,1,4,1,32,0,1,9,00,0,0,0,201500029115A01,,,
201500029122,2015-02-06,2015,février,vendredi,13:40,56,56121,47.73728,-3.38663,2,1,7,1,1,9,-1,00,-1,-1,000,000,-1,0,1,4,2,13,0,1,9,00,0,0,0,201500029122A01,,,
201500029135,2015-03-14,2015,mars,samedi,90:3,56,56260,47.66071,-2.76064,2,3,3,1,1,4,1,02,2,2,000,000,1,0,1,3,1,44,0,1,2,00,2,2,1,201500029135B01,7,9,1
201500029138,2015-04-11,2015,avril,samedi,17:06,56,56260,47.65523,-2.75975,2,1,2,1,1,2,2,02,2,1,000,000,1,0,1,3,1,25,5,1,2,14,0,1,1,201500029138A01,7,23,1
201500029147,2015-06-23,2015,juin,mardi,16:20,56,56260,47.66142,-2.75706,2,2,1,1,1,4,2,03,1,1,000,000,1,5,1,3,1,58,0,1,9,00,0,0,0,201500029147B01,10,15,1
201500029167,2015-11-04,2015,novembre,mercredi,72:5,56,56260,47.66092,-2.75442,2,3,3,2,2,4,1,01,1,2,000,000,2,5,1,4,1,32,1,1,2,00,2,1,1,201500029167B01,7,15,1
201500029220,2015-03-11,2015,mars,mercredi,18:00,57,57480,49.09747,6.15559,2,2,1,1,1,4,2,02,1,1,000,076,1,0,1,4,1,48,0,1,9,00,2,1,1,201500029220B01,7,15,1
201500029234,2015-02-05,2015,février,jeudi,19:35,57,57463,49.09446,6.17614,1,1,6,5,1,4,2,03,2,1,000,089,1,0,1,4,1,53,1,1,9,01,2,0,1,201500029234B01,,,
201500029244,2015-04-16,2015,avril,jeudi,16:03,57,57463,49.13025,6.16566,2,1,3,1,1,4,1,01,1,3,000,050,1,0,1,4,1,21,9,1,2,00,2,1,19,201500029244A01,7,1,1
201500029247,2015-05-04,2015,mai,lundi,10:50,57,57463,49.09586,6.17097,2,1,5,1,1,4,2,02,1,1,000,170,1,0,1,3,1,70,0,1,2,00,2,0,0,201500029247D01,7/ 10,1/13,3
201500029250,2015-05-13,2015,mai,mercredi,71:0,57,57751,49.15241,6.14894,1,6,3,1,1,3,1,01,1,1,000,000,1,0,1,4,1,34,1,1,2,00,2,1,0,201500029250B01,7,9,1
201500029259,2015-06-02,2015,juin,mardi,19:45,57,57487,49.09544,6.11913,2,4,3,1,1,1,-1,00,2,3,000,060,1,3,0,4,1,51,5,1,2,00,2,1,0,201500029259B01,10,9,1
201500029266,2015-06-22,2015,juin,lundi,13:45,57,57463,49.10735,6.16916,2,1,2,1,1,4,4,03,1,1,000,095,2,0,1,4,1,43,5,1,9,00,2,0,0,201500029266A01,7,15,1
201500029271,2015-06-30,2015,juin,mardi,20:20,57,57751,49.14738,6.16581,2,1,3,1,1,4,2,02,1,1,000,000,1,0,1,3,1,8,5,1,9,00,2,0,19,201500029271B01,7,1,1
201500029272,2015-07-01,2015,juillet,mercredi,12:05,57,57447,49.06813,6.14732,2,6,3,1,7,4,2,02,1,1,000,040,1,0,1,4,1,19,0,1,9,00,2,1,0,201500029272A01,7,1,1
201500029283,2015-08-17,2015,août,lundi,16:10,57,57463,49.11565,6.17409,2,1,6,1,1,4,1,01,1,1,000,000,1,6,1,1,1,17,5,1,9,00,1,1,1,201500029283A01,,,
201500029294,2015-10-05,2015,octobre,lundi,12:25,57,57463,49.1157,6.20474,2,2,1,1,1,4,2,02,1,1,000,170,1,5,1,4,1,63,5,1,9,00,2,0,1,201500029294B01,7,16,1
201500029296,2015-10-10,2015,octobre,samedi,93:1,57,57463,49.10185,6.16306,2,1,6,1,1,4,2,02,1,1,000,090,1,0,1,4,1,39,1,1,2,01,0,1,1,201500029296B01,7,24,1
201500029309,2015-11-26,2015,novembre,jeudi,11:04,57,57463,49.10715,6.22699,2,9,6,1,1,4,2,02,1,1,000,000,1,0,1,4,1,28,9,1,9,00,0,0,0,201500029309B01,7,0,1
201500029386,2015-09-09,2015,septembre,mercredi,10:10,57,57757,49.35812,6.18909,2,1,3,1,1,3,2,02,1,1,000,100,1,0,1,4,1,30,5,1,2,00,2,1,1,201500029386B01,7,15,1
201500029389,2015-09-28,2015,septembre,lundi,14:40,57,57672,49.35354,6.17895,2,1,3,1,1,3,3,04,1,3,023,078,1,0,1,4,1,63,0,1,2,00,2,3,19,201500029389B01,7,16,1
201500029408,2015-12-03,2015,décembre,jeudi,12:06,57,57306,49.32744,6.06865,2,3,3,1,1,3,2,02,1,1,000,078,1,0,1,4,1,65,9,1,2,00,2,3,1,201500029408B01,7,16,1
201500029423,2015-05-10,2015,mai,dimanche,17:30,57,57371,0,0,1,9,3,1,1,3,2,02,1,1,000,000,1,0,1,2,1,70,5,1,2,00,2,8,15,201500029423B02,33,17,1
201500029424,2015-11-01,2015,novembre,dimanche,11:15,57,57437,0,0,1,1,1,1,5,3,2,02,1,1,000,070,2,0,1,1,1,43,5,1,2,00,9,4,1,201500029424B02,1,1,1
201500029424,2015-11-01,2015,novembre,dimanche,11:15,57,57437,0,0,1,1,1,1,5,3,2,02,1,1,000,070,2,0,1,3,1,71,5,1,2,00,9,1,1,201500029424A01,1,1,1
201500029433,2015-03-26,2015,mars,jeudi,75:5,58,58194,0,0,2,1,3,1,1,4,2,02,1,1,000,050,1,0,1,4,1,45,1,1,9,00,2,8,0,201500029433B01,7,0,1
201500029434,2015-03-31,2015,mars,mardi,15:10,58,58194,0,0,2,3,3,1,1,4,1,01,4,1,000,062,1,0,1,4,1,26,2,1,9,00,2,1,0,201500029434A01,7,0,1
201500029441,2015-04-15,2015,avril,mercredi,11:55,58,58194,0,0,2,1,6,1,1,4,2,02,1,1,000,054,1,0,1,4,1,51,5,1,9,00,2,1,1,201500029441B01,7,4,1
201500029443,2015-04-18,2015,avril,samedi,10:45,58,58194,0,0,2,1,3,1,1,4,2,02,1,1,000,091,1,0,1,4,1,52,5,1,9,00,2,1,1,201500029443B01,7,15,1
201500029447,2015-04-23,2015,avril,jeudi,18:10,58,58194,0,0,2,2,3,1,1,4,2,02,1,1,000,060,1,0,1,4,1,44,0,1,2,00,0,0,0,201500029447A01,7,0,1
201500029457,2015-07-07,2015,juillet,mardi,82:5,58,58194,0,0,2,1,7,1,1,3,2,02,1,1,000,000,1,0,1,4,1,23,1,1,9,12,0,0,1,201500029457A01,,,
201500029460,2015-07-14,2015,juillet,mardi,95:5,58,58194,46.98288,3.13179,2,1,6,1,1,4,2,02,1,1,000,062,1,0,1,4,1,58,0,1,9,00,2,0,1,201500029460B01,7,17,1
201500029463,2015-07-03,2015,juillet,vendredi,12:10,58,58194,46.99514,3.16815,2,6,3,1,1,4,2,02,1,1,000,000,1,0,1,4,1,47,1,1,9,00,2,0,0,201500029463B01,7,0,1
201500029466,2015-07-12,2015,juillet,dimanche,21:20,58,58194,46.98364,3.15878,2,1,2,2,1,4,2,02,1,1,000,000,1,2,5,4,2,24,5,1,9,00,0,4,1,201500029466B01,7,0,1
201500029478,2015-09-05,2015,septembre,samedi,16:15,58,58194,0,0,2,1,7,1,1,4,2,02,1,1,000,060,1,0,1,4,1,52,5,1,9,00,0,7,0,201500029478A01,,,
201500029496,2015-11-24,2015,novembre,mardi,71:5,58,58194,0,0,2,1,6,1,1,4,1,02,1,1,082,050,2,0,1,3,1,59,9,1,9,00,2,6,0,201500029496B01,7,0,1
201500029504,2015-12-02,2015,décembre,mercredi,12:00,58,58194,46.99331,3.15685,2,3,3,1,1,4,1,01,1,1,000,000,1,0,1,4,1,14,2,1,2,00,2,0,1,201500029504A01,7,0,1
201500029519,2015-02-11,2015,février,mercredi,15:05,58,58194,0,0,2,1,3,1,1,4,2,02,1,1,000,040,1,0,1,4,1,45,9,1,9,00,2,7,0,201500029519B01,7,0,1
201500029526,2015-04-10,2015,avril,vendredi,17:30,95,95487,49.1525,2.2732,2,1,2,1,1,4,2,02,1,1,,,1,0,1,3,1,29,1,1,2,00,2,4,2,201500029526B02,7,1,1
201500029549,2015-03-13,2015,mars,vendredi,10:25,59,59017,0,0,1,1,3,1,1,4,1,02,1,2,000,040,1,0,1,4,1,50,3,1,4,00,2,1,1,201500029549B01,7,19,1
201500029562,2015-10-08,2015,octobre,jeudi,11:45,59,59431,0,0,2,1,6,1,1,2,2,02,-1,-1,000,000,-1,0,1,4,1,78,3,1,9,00,2,8,2,201500029562B01,15,2,1