Num_Acc,date,an,mois,jour,hrmn,dep,com,lat,long,agg,int,col,lum,atm,catr,circ,nbv,prof,plan,lartpc,larrout,surf,infra,situ,grav,sexe,age,trajet,secuexist,equipement,obs,obsm,choc,manv,vehiculeid,typevehicules,manoeuvehicules,numVehicules
201500030723,2015-10-30,2015,octobre,vendredi,17:00,17,17010,46.10753,-1.10516,2,6,3,1,1,4,2,00,-1,-1,000,000,1,5,1,3,2,70,5,1,2,00,0,5,15,201500030723B02,7,1,1
201500030732,2015-07-13,2015,juillet,lundi,20:30,60,60454,49.40592,2.32014,2,1,1,1,7,3,2,02,1,2,000,000,1,0,1,4,1,49,5,1,9,00,2,1,1,201500030732B02,7,1,1
201500030789,2015-05-09,2015,mai,samedi,91:5,62,62570,50.40612,2.86186,2,1,3,1,1,4,2,02,1,3,000,085,1,0,1,3,1,37,5,1,2,00,2,1,1,201500030789B01,7,15,1
201500030805,2015-02-15,2015,février,dimanche,19:20,62,62427,50.39226,2.94739,1,1,2,3,1,3,2,03,1,1,000,108,1,0,1,4,1,39,5,1,4,00,2,4,1,201500030805A01,7,0,1
201500030806,2015-06-10,2015,juin,mercredi,74:5,62,62108,50.40471,1.5625,2,3,3,1,1,4,2,02,1,1,000,155,1,0,0,3,1,16,5,1,2,00,2,3,19,201500030806B01,7,9,1
201500030818,2015-05-15,2015,mai,vendredi,17:45,62,62051,50.51247,2.78424,2,3,6,1,7,4,1,01,1,1,000,070,1,0,1,3,2,13,2,1,2,00,2,8,19,201500030818B01,7,1,1
201500030826,2015-07-22,2015,juillet,mercredi,10:30,62,62846,50.48759,2.74578,2,5,2,1,1,3,2,02,1,1,000,080,1,0,0,4,2,80,3,1,4,00,2,8,1,201500030826B01,7,1,1
201500030833,2015-10-22,2015,octobre,jeudi,17:15,62,62119,50.51885,2.62122,2,3,3,1,1,3,1,03,1,1,000,155,1,0,1,3,1,27,1,1,9,00,2,7,19,201500030833B01,7,1,1
201500030843,2015-01-16,2015,janvier,vendredi,11:00,62,62126,50.51318,2.6819,1,6,3,1,1,3,2,02,1,1,005,070,1,0,1,4,1,51,5,1,4,00,2,7,1,201500030843B01,7,9,1
201500030859,2015-07-17,2015,juillet,vendredi,19:10,62,62160,50.7221,1.6071,2,1,1,1,1,4,2,03,-1,-1,000,000,-1,0,1,3,1,14,5,1,9,00,0,0,0,201500030859B01,30,13,1
201500030882,2015-09-14,2015,septembre,lundi,90:0,62,62178,50.47754,2.53508,2,2,3,1,1,3,2,02,1,1,000,107,1,0,1,4,1,43,9,1,9,00,2,5,15,201500030882B01,7,15,1
201500030904,2015-06-23,2015,juin,mardi,10:40,62,62774,50.95889,1.82661,2,1,2,1,1,3,2,02,1,1,000,070,1,0,1,3,1,72,5,1,9,00,2,4,2,201500030904A01,21,2,1
201500030916,2015-11-26,2015,novembre,jeudi,14:15,62,62193,50.95282,1.88478,2,1,2,1,1,4,1,02,1,1,000,000,1,0,1,2,2,49,5,1,9,00,2,4,12,201500030916B01,7,1,1
201500030924,2015-01-02,2015,janvier,vendredi,10:00,62,62215,50.49351,2.95714,2,2,3,1,1,4,2,03,1,1,000,090,1,0,1,3,1,78,0,1,9,00,2,1,1,201500030924B01,10,1,1
201500030933,2015-12-17,2015,décembre,jeudi,16:30,62,62427,50.42532,2.94295,2,1,3,2,1,3,2,02,1,1,000,000,1,0,1,3,2,61,3,1,4,00,2,8,2,201500030933B01,7,2,1
201500030950,2015-03-07,2015,mars,samedi,65:0,62,62351,50.41982,2.89587,2,9,1,1,1,4,2,03,-1,-1,000,000,-1,0,1,3,1,57,5,1,2,00,0,0,0,201500030950B01,7,13,1
201500030956,2015-04-13,2015,avril,lundi,12:25,62,62624,50.42244,2.99326,2,1,6,1,1,4,2,02,1,1,000,055,1,0,1,3,1,13,2,1,2,00,0,8,13,201500030956B01,7,17,1
201500030960,2015-05-04,2015,mai,lundi,20:20,62,62628,50.42862,2.87703,2,2,3,1,2,4,1,01,2,1,000,000,2,5,1,4,1,15,0,1,9,00,2,3,19,201500030960A01,7,1,1
201500030961,2015-04-26,2015,avril,dimanche,13:45,62,62427,50.41805,2.94696,2,1,3,1,1,4,2,02,1,1,000,000,1,0,1,4,1,43,0,1,4,00,2,1,1,201500030961B01,3,15,1
201500030964,2015-05-17,2015,mai,dimanche,13:00,62,62250,50.46413,2.96633,1,3,3,1,1,3,2,02,1,1,000,060,1,0,1,3,1,17,5,1,2,00,2,1,19,201500030964B01,7,2,1
201500030979,2015-06-16,2015,juin,mardi,14:00,62,62498,50.44076,2.80563,2,1,6,1,1,4,2,00,-1,-1,000,108,1,0,0,3,1,16,5,1,8,00,1,1,0,201500030979Z01,,,
201500030988,2015-07-18,2015,juillet,samedi,11:45,62,62427,50.41949,2.94453,2,6,3,1,1,4,2,02,1,2,000,070,1,0,1,4,2,61,5,1,4,09,2,6,2,201500030988B01,7,9,1
201500031002,2015-08-09,2015,août,dimanche,11:30,62,62215,50.49249,2.98615,1,1,3,1,1,4,1,01,1,2,000,089,1,0,1,4,1,59,5,1,9,00,2,7,1,201500031002B01,7,1,1
201500031016,2015-07-23,2015,juillet,jeudi,20:25,62,62895,50.49443,2.84474,2,1,3,1,1,4,2,02,1,1,000,060,1,5,1,3,1,8,5,1,2,00,2,3,19,201500031016B01,7,1,1
201500031017,2015-05-16,2015,mai,samedi,17:00,62,62498,50.43635,2.81559,2,1,2,1,1,4,2,02,-1,1,000,000,1,0,1,4,1,18,5,1,9,00,2,7,2,201500031017B01,7,13,1
201500031031,2015-10-29,2015,octobre,jeudi,17:20,62,62498,50.44983,2.81808,2,2,1,2,1,3,2,04,1,1,000,126,1,0,1,4,1,17,5,1,2,00,2,1,5,201500031031B01,7,1,1
201500031051,2015-02-03,2015,février,mardi,20:00,62,62186,50.44993,2.71972,2,1,6,2,1,3,2,02,1,1,000,000,-1,0,1,4,2,49,1,1,4,00,2,1,1,201500031051B01,7,15,1
201500031054,2015-04-06,2015,avril,lundi,81:7,62,62555,50.50247,2.50739,2,1,6,1,1,3,2,02,1,1,000,076,1,0,1,3,1,71,5,1,2,00,2,1,1,201500031054B01,7,9,1
201500031055,2015-05-01,2015,mai,vendredi,17:00,62,62224,50.54337,2.54812,1,1,1,1,1,3,2,02,1,1,036,037,1,0,5,3,1,18,5,1,2,00,0,0,0,201500031055B01,7,0,1
201500031066,2015-08-07,2015,août,vendredi,74:5,62,62617,50.47876,2.67244,2,1,6,1,1,4,2,02,1,1,000,070,1,0,1,4,2,49,1,1,9,00,2,3,13,201500031066B01,10,17,1
201500031068,2015-08-18,2015,août,mardi,17:20,62,62617,50.48045,2.66298,2,1,2,1,2,3,2,02,1,1,015,035,2,0,1,4,1,58,0,1,2,01,0,0,0,201500031068B01,7,0,1
201500031094,2015-09-12,2015,septembre,samedi,15:50,62,62826,50.51716,1.58019,2,2,3,1,1,4,2,02,2,1,000,082,1,0,1,3,1,47,5,1,2,00,2,1,2,201500031094B01,7,15,1
201500031095,2015-09-12,2015,septembre,samedi,14:20,62,62826,50.51137,1.5949,2,1,7,1,1,4,2,02,1,4,000,074,1,0,5,3,2,51,5,1,2,00,0,1,1,201500031095A01,,,
201500031105,2015-05-12,2015,mai,mardi,10:10,63,63113,45.77046,3.12904,1,1,2,1,1,4,2,02,1,1,000,000,1,0,4,4,1,29,5,1,9,00,2,1,1,201500031105A01,7,16,1
201500031117,2015-05-23,2015,mai,samedi,50:0,63,63113,45.7845,3.09881,2,1,1,5,1,4,-1,02,2,1,000,000,1,0,1,3,1,24,5,1,2,00,0,0,0,201500031117A01,40,0,1
201500031123,2015-09-25,2015,septembre,vendredi,16:00,63,63113,45.784,3.0761,2,2,6,1,1,4,-1,00,1,1,000,000,1,5,0,4,1,12,5,1,9,00,2,5,19,201500031123B01,7,16,1
201500031161,2015-07-01,2015,juillet,mercredi,74:0,63,63124,45.7315,3.1922,2,1,6,1,1,3,1,02,1,1,000,000,1,0,5,1,1,80,0,1,2,00,1,0,0,201500031161A01,,,
201500031164,2015-11-27,2015,novembre,vendredi,17:35,63,63193,0,0,2,1,2,2,1,4,2,02,-1,-1,000,000,-1,0,1,3,1,69,5,1,2,00,0,0,0,201500031164A01,7,0,1
201500031171,2015-10-04,2015,octobre,dimanche,11:10,63,63164,45.8419,3.1577,2,9,3,1,1,3,1,02,1,1,000,000,1,7,1,4,1,66,5,1,2,00,2,0,0,201500031171B01,7,0,1
201500031187,2015-10-07,2015,octobre,mercredi,12:00,63,63103,45.92699,3.07489,1,2,3,1,1,3,2,03,2,1,035,160,1,5,1,3,1,52,5,1,2,00,2,1,1,201500031187B01,7,19,1
201500031193,2015-12-09,2015,décembre,mercredi,74:5,63,63300,45.8976,3.1067,2,2,3,2,1,3,2,02,1,1,000,090,1,5,1,3,1,21,1,1,9,00,0,8,1,201500031193B01,7,19,1
201500031202,2015-01-08,2015,janvier,jeudi,12:20,64,64102,43.47852,-1.49269,2,6,3,1,1,4,1,02,1,2,000,080,1,5,1,3,1,51,5,1,2,00,2,4,1,201500031202B01,7,9,1
201500031247,2015-06-15,2015,juin,lundi,85:1,64,64102,43.50003,-1.48178,2,1,1,1,1,4,2,00,1,2,000,000,1,0,5,3,1,62,5,1,2,00,2,3,13,201500031247A01,1,21,1
201500031247,2015-06-15,2015,juin,lundi,85:1,64,64102,43.50003,-1.48178,2,1,1,1,1,4,2,00,1,2,000,000,1,0,5,1,1,62,1,1,2,00,2,3,21,201500031247B01,1,13,1
201500031248,2015-06-18,2015,juin,jeudi,11:20,64,64024,43.48074,-1.51708,2,1,6,1,1,4,-1,00,2,1,000,000,1,0,0,3,1,77,5,1,9,00,2,0,21,201500031248B01,,,
201500031267,2015-08-21,2015,août,vendredi,95:0,64,64102,43.47817,-1.49287,2,6,3,1,1,4,-1,00,2,1,000,080,1,5,0,3,2,54,4,1,9,00,2,7,1,201500031267B01,10,9,1
201500031270,2015-09-07,2015,septembre,lundi,19:30,64,64024,43.48398,-1.50401,2,1,3,1,1,4,2,02,1,1,000,080,1,0,1,4,1,33,0,1,2,00,2,1,1,201500031270B01,7,15,1
201500031275,2015-09-26,2015,septembre,samedi,16:50,64,64102,43.4606,-1.49616,2,6,3,1,1,3,1,02,2,2,000,080,1,0,1,3,1,60,0,1,2,00,2,7,1,201500031275B01,7,9,1
201500031280,2015-10-15,2015,octobre,jeudi,10:30,64,64102,43.48802,-1.49119,2,6,3,1,1,4,2,03,1,1,000,120,1,0,1,4,1,42,5,1,2,00,2,7,1,201500031280B01,7,9,1
201500031282,2015-10-21,2015,octobre,mercredi,15:40,64,64024,43.50315,-1.53639,2,6,3,1,1,4,2,02,1,1,000,070,1,5,1,4,2,72,5,1,2,00,2,1,0,201500031282A01,7,0,1
201500031289,2015-11-14,2015,novembre,samedi,11:10,64,64140,43.52434,-1.49328,1,1,7,1,1,3,2,02,1,3,000,070,1,4,1,3,2,62,5,1,9,00,0,0,1,201500031289A01,,,
201500031294,2015-12-13,2015,décembre,dimanche,15:50,64,64140,43.5242,-1.49311,2,1,7,1,1,3,2,02,1,1,000,080,1,0,1,4,1,52,0,1,2,00,0,0,1,201500031294A01,,,
201500031307,2015-05-25,2015,mai,lundi,16:20,64,64122,43.47114,-1.56788,2,1,6,1,8,4,1,01,2,1,000,070,1,0,1,4,1,63,5,1,2,01,0,1,1,201500031307B01,10,24,1
201500031313,2015-06-21,2015,juin,dimanche,11:35,64,64122,43.47904,-1.56081,2,1,1,1,7,4,2,02,2,1,000,064,1,0,1,3,1,57,5,1,2,00,2,1,17,201500031313A01,7,1,1
201500031320,2015-08-05,2015,août,mercredi,22:45,64,64122,43.48444,-1.54811,2,1,6,5,1,4,1,01,2,1,000,000,-1,0,1,4,1,42,5,1,2,01,0,1,1,201500031320A01,,,
201500031333,2015-11-18,2015,novembre,mercredi,10:50,64,64122,43.47477,-1.55647,2,1,3,1,1,4,2,02,2,1,000,096,1,0,1,4,1,62,5,1,9,00,2,0,0,201500031333B01,7,0,1
201500031365,2015-03-26,2015,mars,jeudi,13:45,64,64445,43.32015,-0.34214,2,1,6,1,1,4,2,02,1,1,000,000,1,0,1,4,1,20,0,1,9,00,2,1,15,201500031365A01,7,1,1
201500031370,2015-12-29,2015,décembre,mardi,13:55,64,64373,43.28078,-0.35774,2,6,3,1,1,3,2,02,1,2,000,085,1,5,1,4,1,41,5,1,2,00,2,1,1,201500031370B01,7,9,1
201500031388,2015-04-09,2015,avril,jeudi,90:4,64,64445,43.33833,-0.37931,2,1,3,1,1,4,3,01,1,3,000,000,1,0,1,3,1,66,5,1,2,00,2,0,0,201500031388B01,7,16,1
201500031403,2015-02-20,2015,février,vendredi,13:57,64,64445,43.32684,-0.33016,1,1,2,1,1,3,2,02,1,1,000,095,1,0,1,3,1,69,5,1,9,00,2,4,1,201500031403B01,7,1,1
201500031409,2015-04-20,2015,avril,lundi,13:05,64,64445,43.30822,-0.36222,2,1,1,1,1,4,2,01,1,2,000,013,1,0,1,4,1,44,4,1,9,00,2,1,1,201500031409B01,7,15,1
201500031410,2015-04-23,2015,avril,jeudi,18:00,64,64348,43.30901,-0.40886,2,1,3,1,1,4,2,02,1,1,000,039,1,0,1,4,1,58,5,1,2,00,2,1,2,201500031410B01,7,16,1
201500031417,2015-04-29,2015,avril,mercredi,14:25,64,64445,43.31125,-0.36339,2,6,3,1,1,4,1,02,1,3,000,157,1,5,1,4,1,40,5,1,2,00,2,7,1,201500031417B01,7,9,1
201500031418,2015-03-05,2015,mars,jeudi,80:2,64,64129,43.30214,-0.39633,2,2,3,1,1,4,2,03,1,1,015,090,1,0,1,3,1,17,2,1,2,00,2,1,1,201500031418B01,7,15,1
201500031435,2015-05-29,2015,mai,vendredi,16:50,64,64129,43.30161,9.56182,2,3,3,1,1,4,1,01,1,1,000,050,1,0,1,1,1,20,5,1,9,00,2,1,5,201500031435B01,1,16,1
201500031435,2015-05-29,2015,mai,vendredi,16:50,64,64129,43.30161,9.56182,2,3,3,1,1,4,1,01,1,1,000,050,1,0,1,4,1,55,1,1,2,00,2,1,16,201500031435A01,1,5,1
201500031437,2015-06-03,2015,juin,mercredi,17:05,64,64445,43.3041,-0.35706,2,2,3,1,1,4,2,02,1,1,000,095,1,0,1,4,1,49,5,1,9,00,2,2,1,201500031437B01,7,9,1
201500031443,2015-06-10,2015,juin,mercredi,18:05,64,64445,43.31878,-0.35971,2,6,3,2,2,4,1,01,1,1,000,000,1,0,1,4,1,12,5,1,2,00,2,1,5,201500031443A01,7,9,1
201500031452,2015-06-20,2015,juin,samedi,22:05,64,64445,43.30345,-0.35704,2,2,5,5,1,4,2,02,1,1,000,084,1,0,1,4,2,51,5,1,9,00,2,1,1,201500031452C01,7,21/1,2
201500031460,2015-06-25,2015,juin,jeudi,11:35,64,64445,43.30792,-0.37653,2,2,1,1,1,4,4,02,1,1,000,037,1,0,1,4,1,65,5,1,9,00,2,1,1,201500031460B01,7,16,1
201500031461,2015-06-25,2015,juin,jeudi,13:35,64,64348,43.31714,-0.39471,2,6,3,1,1,4,2,02,1,1,000,100,1,0,1,4,1,66,5,1,9,00,2,1,1,201500031461B01,7,9,1
201500031469,2015-07-02,2015,juillet,jeudi,18:15,64,64373,43.28065,-0.35755,2,6,2,1,1,3,-1,02,-1,-1,000,000,-1,0,0,3,1,43,0,1,2,00,2,5,0,201500031469B01,7,9,1
201500031483,2015-07-22,2015,juillet,mercredi,15:55,64,64445,43.31889,-0.36065,2,2,3,1,1,4,2,01,1,1,000,000,1,5,1,3,1,13,5,1,2,00,2,1,1,201500031483A01,7,1,1
201500031485,2015-07-23,2015,juillet,jeudi,12:20,64,64445,43.30153,-0.37534,2,2,3,1,1,4,2,01,-1,-1,000,000,-1,0,1,3,2,44,9,1,9,00,2,1,15,201500031485A01,7,1,1
201500031488,2015-07-29,2015,juillet,mercredi,82:5,64,64348,43.32075,-0.3914,2,6,3,1,1,4,2,01,1,1,000,000,1,0,1,3,2,56,5,1,2,00,2,2,1,201500031488B01,7,9,1
201500031500,2015-08-20,2015,août,jeudi,84:5,64,64445,43.31301,-0.36897,2,6,3,1,1,4,2,02,1,1,000,066,1,0,1,4,1,22,4,1,9,00,2,1,1,201500031500B01,7,1,1
201500031514,2015-09-11,2015,septembre,vendredi,82:2,64,64445,43.32928,-0.37826,2,3,3,1,1,4,3,02,1,1,000,103,1,0,0,3,1,51,1,1,9,00,2,1,2,201500031514B01,7,5,1
201500031520,2015-09-23,2015,septembre,mercredi,16:50,64,64445,43.30225,-0.35421,2,3,3,1,1,4,2,02,1,1,000,200,1,0,5,3,2,69,5,1,2,00,2,1,1,201500031520B01,7,15,1
201500031549,2015-10-16,2015,octobre,vendredi,73:5,64,64445,43.30389,-0.37573,2,2,3,5,1,4,2,02,1,1,000,195,1,0,1,4,1,58,1,1,2,00,2,1,1,201500031549B01,7,9,1
201500031554,2015-10-18,2015,octobre,dimanche,20:12,64,64445,43.31474,-0.3545,2,2,3,5,1,4,2,02,1,1,000,000,1,0,1,4,1,40,5,1,4,00,2,7,1,201500031554B01,7,9,1
201500031558,2015-10-24,2015,octobre,samedi,17:25,64,64445,43.35267,-0.37781,2,1,3,1,1,4,2,02,1,1,000,040,1,0,1,4,1,12,5,1,2,00,2,1,1,201500031558B01,7,20,1
201500031560,2015-10-27,2015,octobre,mardi,18:00,64,64445,43.32223,-0.36665,2,1,3,1,2,4,2,02,1,1,018,105,2,0,1,4,2,39,9,1,9,00,2,1,19,201500031560B01,7,1,1
201500031566,2015-11-02,2015,novembre,lundi,17:00,64,64445,43.30934,-0.36925,2,3,3,1,1,4,2,02,1,1,000,056,1,0,1,4,1,26,9,1,2,00,2,1,15,201500031566A01,7,1,1
201500031568,2015-11-04,2015,novembre,mercredi,19:20,64,64132,43.28537,-0.34772,2,1,1,1,1,4,1,01,1,1,000,064,1,0,1,4,1,43,9,1,2,00,2,4,1,201500031568B01,7,1,1
201500031572,2015-11-07,2015,novembre,samedi,12:20,64,64348,43.31531,-0.39565,1,1,6,1,1,3,2,02,1,1,071,104,1,0,1,4,1,43,5,1,9,00,2,1,1,201500031572B01,,,
201500031589,2015-11-19,2015,novembre,jeudi,15:55,64,64445,43.30611,-0.36689,2,3,3,1,1,4,2,02,1,1,000,084,1,0,1,4,2,48,9,1,2,00,2,1,1,201500031589B01,7,1,1
201500031590,2015-11-20,2015,novembre,vendredi,85:5,64,64445,43.31308,-0.36897,2,6,3,1,1,4,1,02,1,1,000,095,2,0,1,4,1,25,5,1,4,00,2,7,1,201500031590B01,7,1,1
201500031591,2015-11-23,2015,novembre,lundi,12:25,64,64445,43.30812,-0.37657,2,2,3,1,1,4,2,02,1,1,000,075,1,0,1,4,2,32,1,1,2,00,2,1,1,201500031591B01,30,15,1
201500031597,2015-11-27,2015,novembre,vendredi,14:19,64,64445,43.29418,-0.37713,2,1,3,1,1,4,2,01,1,1,000,060,1,0,1,4,1,61,9,1,2,00,2,8,1,201500031597B01,7,0,1
201500031606,2015-12-05,2015,décembre,samedi,94:0,64,64445,43.30042,-0.36478,2,1,3,1,1,4,2,02,1,1,000,066,1,0,1,4,2,76,9,1,2,00,2,7,1,201500031606B01,7,0,1
201500031623,2015-12-22,2015,décembre,mardi,16:45,64,64445,43.3061,-0.34452,2,1,5,1,1,4,3,01,1,1,000,072,1,0,1,4,1,42,1,1,2,00,2,4,1,201500031623B01,7,24/16,2
201500031626,2015-12-27,2015,décembre,dimanche,13:59,64,64445,43.29849,-0.36457,2,2,3,1,1,4,2,01,1,1,000,000,1,0,1,4,2,31,5,1,4,00,2,3,5,201500031626A01,7,9,1
201500031630,2015-01-08,2015,janvier,jeudi,10:55,64,64260,0,0,2,1,3,1,1,3,1,01,1,3,000,040,1,5,1,3,1,81,5,1,9,00,2,5,1,201500031630B01,7,9,1
201500031646,2015-02-12,2015,février,jeudi,16:50,64,64260,0,0,2,6,3,1,1,3,2,02,2,2,000,040,1,0,1,4,1,67,5,1,2,00,2,5,1,201500031646B01,7,9,1
201500031704,2015-07-26,2015,juillet,dimanche,11:10,64,64483,43.22572,-1.38526,2,1,3,1,1,3,3,03,1,1,000,000,1,0,1,4,1,31,5,1,9,00,0,0,0,201500031704B01,7,1,1
201500031784,2015-10-24,2015,octobre,samedi,10:40,65,65286,43.1074,-0.03976,2,6,3,1,1,4,-1,01,1,-1,000,060,1,0,1,4,1,53,5,1,2,00,2,8,15,201500031784A01,7,1,1
201500031785,2015-12-02,2015,décembre,mercredi,14:25,65,65286,43.093,-0.04866,2,1,6,1,1,4,2,02,4,1,000,080,1,0,1,4,2,61,1,1,2,00,0,0,0,201500031785B01,7,4,1
201500031792,2015-01-06,2015,janvier,mardi,84:0,65,65417,43.22386,0.09426,2,6,3,1,1,3,1,01,1,2,000,000,1,0,1,3,2,44,1,1,2,00,2,1,15,201500031792B01,7,9,1
201500031799,2015-03-25,2015,mars,mercredi,12:10,65,65440,43.2432,0.06735,2,1,3,1,8,4,2,02,1,1,000,060,1,0,4,4,1,16,9,1,9,00,2,1,0,201500031799B01,7,0,1
201500031821,2015-05-20,2015,mai,mercredi,11:05,65,65440,43.2349,0.07153,2,2,6,1,2,4,2,02,1,1,000,000,2,0,1,4,2,58,5,1,2,00,0,0,0,201500031821B01,10,15,1
201500031850,2015-09-08,2015,septembre,mardi,12:00,65,65440,43.2344,0.07781,2,1,6,1,1,4,1,01,1,1,000,000,-1,0,1,4,1,38,3,1,2,01,0,1,1,201500031850B01,7,22,1
201500031851,2015-09-09,2015,septembre,mercredi,18:25,65,65440,43.2336,0.07565,2,2,3,1,1,4,1,00,-1,-1,000,000,-1,0,0,4,1,17,5,1,2,00,2,0,19,201500031851A01,7,1,1
201500031856,2015-09-28,2015,septembre,lundi,18:05,65,65440,43.2284,0.07005,2,3,3,1,1,4,2,03,1,1,000,000,1,0,1,4,1,17,2,1,2,00,2,3,15,201500031856A01,7,1,1
201500031859,2015-10-09,2015,octobre,vendredi,20:15,65,65047,43.2352,0.10411,1,1,3,1,1,3,-1,02,1,1,000,000,1,0,0,3,1,45,5,1,9,00,0,0,0,201500031859A01,7,0,1
201500031860,2015-10-14,2015,octobre,mercredi,75:5,65,65433,43.2067,0.09909,2,1,5,2,1,3,2,02,1,1,000,048,1,0,1,3,1,17,2,1,2,00,2,1,17,201500031860A01,7/ 13,1/17,2
201500031868,2015-11-12,2015,novembre,jeudi,85:0,65,65440,43.2287,0.0882,2,6,3,1,8,2,1,02,2,2,000,000,2,0,1,4,1,74,5,1,2,00,2,0,1,201500031868B01,7,9,1
201500031872,2015-11-26,2015,novembre,jeudi,80:0,65,65440,43.2285,0.07492,2,1,6,1,1,4,2,00,1,1,024,117,2,0,1,1,2,63,0,1,2,00,1,0,0,201500031872A01,,,
201500031876,2015-12-07,2015,décembre,lundi,17:25,65,65440,43.2284,0.07605,2,1,3,1,1,4,1,01,1,1,000,000,1,0,1,4,2,41,0,1,2,00,0,0,0,201500031876B01,7,0,1
201500031881,2015-12-26,2015,décembre,samedi,95:0,65,65440,43.2366,0.05538,2,1,3,1,1,3,2,02,1,1,000,000,1,0,0,4,2,54,4,1,2,00,0,0,0,201500031881B01,7,9,1
201500031882,2015-12-29,2015,décembre,mardi,11:25,65,65047,43.2434,0.09565,2,3,3,1,1,2,2,02,1,1,000,000,1,0,1,4,1,27,1,1,2,00,2,1,1,201500031882B01,7,15,1
201500031903,2015-02-12,2015,février,jeudi,17:15,66,66136,42.69085,2.88115,2,1,3,1,1,4,2,04,1,1,000,100,1,2,1,4,1,20,5,1,9,00,2,1,15,201500031903A01,7,1,1
201500031913,2015-03-03,2015,mars,mardi,82:0,66,66136,42.65862,2.8744,1,2,3,1,1,3,2,02,1,1,000,000,1,5,1,4,1,71,5,1,9,00,2,7,1,201500031913B01,10,19,1
201500031914,2015-03-09,2015,mars,lundi,19:57,66,66136,42.67862,2.90472,2,1,6,5,1,4,2,01,1,1,000,070,1,0,1,3,1,54,9,1,9,00,2,1,21,201500031914B01,7,15,1
201500031916,2015-03-12,2015,mars,jeudi,10:50,66,66136,42.70444,2.90218,2,1,3,1,1,4,1,01,1,1,000,080,1,0,1,4,1,76,5,1,2,00,2,1,1,201500031916B01,7,1,1
201500031964,2015-07-08,2015,juillet,mercredi,81:5,66,66136,42.69611,2.89909,2,1,2,1,1,4,2,02,1,1,000,078,1,0,1,4,2,28,5,1,4,00,0,6,1,201500031964B01,7,1,1
201500031971,2015-07-13,2015,juillet,lundi,12:00,66,66136,42.69008,2.89204,2,1,2,1,1,4,2,02,1,1,000,076,1,0,1,4,1,56,5,1,4,00,0,4,1,201500031971A01,7,0,1
201500031975,2015-07-26,2015,juillet,dimanche,19:15,66,66136,42.68819,2.90026,2,1,6,1,1,4,2,01,1,1,000,070,1,0,1,4,1,38,0,1,9,00,2,1,1,201500031975B01,7,15,1
201500031988,2015-09-13,2015,septembre,dimanche,85:0,66,66136,42.72973,2.89814,2,1,3,1,1,4,2,02,1,1,000,100,1,5,1,4,2,69,5,1,9,00,2,8,19,201500031988B01,7,16,1
201500032011,2015-11-04,2015,novembre,mercredi,14:20,66,66136,42.69301,2.84845,1,1,3,1,1,4,2,02,1,-1,000,100,1,5,1,3,1,39,1,1,4,00,2,8,1,201500032011B01,7,1,1
201500032024,2015-12-06,2015,décembre,dimanche,14:19,66,66136,42.69212,2.89262,2,1,3,1,1,4,2,04,1,1,000,120,1,0,1,4,1,14,2,1,2,00,2,8,0,201500032024B01,7,1,1
201500032077,2015-08-08,2015,août,samedi,10:15,95,95229,49.0343,2.3419,1,1,3,1,1,3,2,02,1,1,,,1,0,5,3,1,23,1,1,2,00,2,1,1,201500032077B02,7,15,1
201500032087,2015-03-19,2015,mars,jeudi,17:00,67,67180,0,0,2,1,6,1,1,4,-1,00,1,1,000,000,1,0,0,1,1,27,0,1,2,00,1,1,17,201500032087A01,,,
201500032087,2015-03-19,2015,mars,jeudi,17:00,67,67180,0,0,2,1,6,1,1,4,-1,00,1,1,000,000,1,0,0,3,1,14,2,1,9,00,1,1,17,201500032087A01,,,
201500032091,2015-04-15,2015,avril,mercredi,14:50,67,67180,0,0,1,1,2,1,1,3,2,02,1,1,000,000,1,0,1,3,1,82,5,1,2,00,2,6,15,201500032091A01,7,2,1
201500032112,2015-12-05,2015,décembre,samedi,23:00,38,38425,0,0,2,6,7,5,1,4,1,02,1,2,000,000,1,5,1,4,1,18,5,1,4,00,2,7,1,201500032112A01,,,
201500032127,2015-05-29,2015,mai,vendredi,18:10,67,67462,0,0,2,1,3,1,1,3,4,03,1,1,000,100,1,2,1,4,1,8,5,1,9,00,2,0,19,201500032127A01,7,1,1
201500032128,2015-06-02,2015,juin,mardi,17:39,67,67462,48.2637,7.45175,2,3,1,1,1,4,2,02,1,1,000,066,1,0,1,4,1,13,5,1,2,00,2,7,19,201500032128A01,7,15,1
201500032130,2015-06-10,2015,juin,mercredi,94:0,67,67462,48.2418,7.42844,1,9,2,1,1,3,2,04,1,1,000,382,1,5,1,4,1,72,0,1,2,00,2,8,19,201500032130B01,7,4,1
201500032132,2015-09-20,2015,septembre,dimanche,11:20,67,67462,48.26512,7.45294,2,2,3,1,1,4,2,03,1,-1,000,000,1,0,1,4,1,61,5,1,2,00,2,1,1,201500032132B01,7,15,1
201500032134,2015-10-13,2015,octobre,mardi,75:1,67,67462,0,0,2,2,3,1,1,4,2,04,1,1,000,000,1,0,1,4,1,16,2,1,2,00,2,1,1,201500032134A01,7,1,1