Num_Acc,date,an,mois,jour,hrmn,dep,com,lat,long,agg,int,col,lum,atm,catr,circ,nbv,prof,plan,lartpc,larrout,surf,infra,situ,grav,sexe,age,trajet,secuexist,equipement,obs,obsm,choc,manv,vehiculeid,typevehicules,manoeuvehicules,numVehicules
201500032135,2015-10-17,2015,octobre,samedi,21:35,67,67462,0,0,1,1,3,3,1,3,3,02,1,1,000,065,1,0,1,2,1,23,0,1,9,00,2,7,0,201500032135A01,7,0,1
201500032136,2015-12-05,2015,décembre,samedi,91:5,67,67462,0,0,2,1,1,1,1,4,-1,01,1,2,000,078,1,0,1,3,2,44,3,1,9,00,2,1,1,201500032136B01,7,15,1
201500032138,2015-01-04,2015,janvier,dimanche,17:57,67,67482,0,0,2,1,3,5,1,4,2,02,1,1,000,120,1,0,1,4,1,31,0,1,4,00,2,1,1,201500032138A01,7,0,1
201500032139,2015-03-02,2015,mars,lundi,15:15,67,67482,48.5918,7.70444,2,1,3,1,1,4,2,02,1,1,000,070,1,0,1,4,1,14,0,1,4,00,2,7,19,201500032139B01,7,1,1
201500032151,2015-01-11,2015,janvier,dimanche,14:20,67,67482,0,0,2,1,3,1,1,4,2,02,1,1,000,110,1,0,1,4,2,84,5,1,9,00,2,1,19,201500032151Y01,7,1,1
201500032154,2015-03-09,2015,mars,lundi,16:45,67,67482,48.56966,7.76317,1,2,3,1,1,4,2,03,1,1,000,100,1,0,1,4,1,13,9,1,9,00,2,1,1,201500032154B01,7,1,1
201500032157,2015-01-13,2015,janvier,mardi,10:50,67,67267,0,0,1,1,3,1,1,4,2,02,1,2,000,110,1,0,1,4,1,46,0,1,4,00,2,3,15,201500032157B01,7,1,1
201500032172,2015-03-20,2015,mars,vendredi,16:00,67,67482,48.58069,7.77686,2,1,3,1,1,4,3,02,1,1,020,120,1,0,1,4,2,18,5,1,9,00,2,4,19,201500032172B01,7,1,1
201500032173,2015-01-19,2015,janvier,lundi,83:5,67,67482,0,0,1,1,6,1,8,4,2,02,1,-1,000,080,1,0,5,4,1,42,0,1,4,00,2,0,1,201500032173A01,1,9,1
201500032173,2015-01-19,2015,janvier,lundi,83:5,67,67482,0,0,1,1,6,1,8,4,2,02,1,-1,000,080,1,0,5,1,1,26,0,1,4,00,2,1,9,201500032173B01,1,1,1
201500032182,2015-03-30,2015,mars,lundi,85:5,67,67482,48.5823,7.75717,2,2,3,1,1,4,2,00,1,1,000,067,1,0,1,4,2,20,0,1,9,00,2,1,0,201500032182B01,7,1,1
201500032190,2015-04-02,2015,avril,jeudi,10:20,67,67043,48.61291,7.75556,2,1,3,1,2,4,2,02,1,1,000,050,1,0,4,4,2,39,4,1,4,00,2,1,1,201500032190A01,7,1,1
201500032191,2015-01-30,2015,janvier,vendredi,53:0,67,67482,0,0,2,6,3,5,1,4,1,02,1,-1,000,060,2,0,1,4,1,22,0,1,4,00,2,3,1,201500032191A01,7,0,1
201500032191,2015-01-30,2015,janvier,vendredi,53:0,67,67482,0,0,2,6,3,5,1,4,1,02,1,-1,000,060,2,0,1,4,2,21,0,1,4,00,2,3,1,201500032191A01,7,0,1
201500032200,2015-04-14,2015,avril,mardi,75:5,67,67267,48.55497,7.67822,2,3,3,1,1,4,2,02,1,1,000,070,1,0,1,4,1,29,0,1,2,00,2,1,1,201500032200B01,7,15,1
201500032205,2015-04-14,2015,avril,mardi,17:24,67,67482,48.60033,7.75456,2,1,3,1,1,4,3,02,1,1,050,080,1,0,1,3,2,58,1,1,9,00,2,8,19,201500032205A01,7,1,1
201500032212,2015-02-14,2015,février,samedi,15:05,67,67482,0,0,2,3,3,1,1,4,2,02,1,1,000,069,1,0,1,4,2,80,5,1,4,00,2,1,1,201500032212B01,7,15,1
201500032214,2015-02-17,2015,février,mardi,17:30,67,67482,0,0,2,3,3,5,1,4,2,02,1,1,000,030,1,0,1,4,2,24,1,1,9,00,2,3,1,201500032214B01,7,1,1
201500032220,2015-02-21,2015,février,samedi,15:,67,67482,0,0,2,1,6,5,1,4,1,01,1,1,000,040,1,0,1,3,2,21,5,1,9,00,4,8,1,201500032220A01,40,1,1
201500032222,2015-02-23,2015,février,lundi,14:15,67,67482,0,0,2,2,3,1,8,4,2,03,1,1,000,140,2,0,1,4,1,24,0,1,4,00,2,6,1,201500032222A01,7,1,1
201500032223,2015-04-24,2015,avril,vendredi,19:00,67,67482,48.58772,7.69783,2,3,3,1,1,4,2,02,1,1,000,125,1,0,1,4,1,5,5,1,9,00,2,8,19,201500032223B01,7,16,1
201500032224,2015-02-27,2015,février,vendredi,10:12,67,67482,0,0,2,3,3,1,2,4,2,02,1,1,000,060,2,0,1,4,2,29,4,1,4,00,2,8,1,201500032224B01,7,16,1
201500032226,2015-02-28,2015,février,samedi,21:55,67,67482,0,0,2,1,3,4,1,4,2,03,1,1,020,150,1,0,1,4,1,25,5,1,4,00,2,6,1,201500032226B01,7,1,1
201500032231,2015-04-29,2015,avril,mercredi,21:05,67,67482,48.58747,7.73858,2,2,1,5,1,4,-1,02,1,1,000,080,1,4,1,4,1,42,5,1,9,00,2,7,15,201500032231B01,7,1,1
201500032232,2015-04-29,2015,avril,mercredi,21:55,67,67482,48.56197,7.73061,2,1,3,5,1,4,2,02,1,1,000,057,1,0,1,4,1,3,5,1,2,00,2,8,19,201500032232B01,7,1,1
201500032236,2015-05-04,2015,mai,lundi,17:10,67,67482,48.5788,7.75931,2,1,3,1,1,4,3,02,1,1,050,166,1,0,1,4,2,29,0,1,4,00,2,0,1,201500032236B01,7,22,1
201500032237,2015-05-06,2015,mai,mercredi,17:30,67,67482,48.57364,7.76672,2,1,4,1,1,4,2,02,1,1,020,140,1,0,1,1,1,19,0,1,4,00,0,0,0,201500032237C01,7,1,2
201500032240,2015-05-07,2015,mai,jeudi,18:22,67,67482,48.57935,7.7327,2,1,3,1,1,4,1,02,1,1,000,080,1,0,1,4,1,10,5,1,9,00,2,1,1,201500032240B01,7,9,1
201500032244,2015-05-14,2015,mai,jeudi,18:45,67,67482,48.54918,7.75658,2,1,3,1,1,4,2,02,1,1,000,050,1,0,1,4,1,5,5,1,9,00,2,7,19,201500032244A01,7,1,1
201500032245,2015-05-16,2015,mai,samedi,83:5,67,67447,48.60642,7.74893,2,3,3,1,1,4,2,03,1,1,000,075,1,0,1,4,2,55,3,1,4,00,2,7,1,201500032245B01,7,16,1
201500032248,2015-05-21,2015,mai,jeudi,83:7,67,67482,48.5789,7.74342,2,1,2,1,1,4,-1,02,1,1,000,070,1,0,0,4,2,35,2,1,9,00,2,1,1,201500032248A01,7,21,1
201500032251,2015-05-22,2015,mai,vendredi,17:45,67,67043,48.61498,7.75259,2,1,3,1,1,4,2,02,1,1,000,065,1,0,1,4,2,74,0,1,4,00,2,8,1,201500032251B01,7,1,1
201500032261,2015-05-28,2015,mai,jeudi,12:00,67,67482,48.5814,7.76278,2,2,1,1,1,4,2,02,1,1,000,060,1,0,1,4,1,24,5,1,9,00,2,3,1,201500032261B01,7,15,1
201500032265,2015-06-03,2015,juin,mercredi,11:20,67,67482,48.5906,7.75597,2,1,3,1,1,4,3,02,1,1,000,060,1,0,5,3,1,45,9,1,2,00,2,2,1,201500032265A01,7,1,1
201500032270,2015-06-05,2015,juin,vendredi,16:50,67,67482,48.59696,7.74166,2,1,3,1,1,4,2,02,1,1,000,040,1,0,1,4,1,66,5,1,9,00,2,1,19,201500032270A01,37,1,1
201500032271,2015-06-05,2015,juin,vendredi,18:20,67,67482,48.5951,7.69397,2,1,3,1,1,4,2,02,1,1,000,080,1,0,1,4,1,12,0,1,4,00,2,1,19,201500032271A01,7,1,1
201500032274,2015-06-10,2015,juin,mercredi,13:05,67,67482,48.59896,7.7909,2,1,3,1,1,4,2,02,1,1,000,045,1,0,1,3,1,44,0,1,4,00,2,1,19,201500032274A01,7,1,1
201500032277,2015-06-12,2015,juin,vendredi,12:15,67,67482,48.58941,7.7452,2,3,3,1,1,3,1,01,1,1,000,040,1,0,1,4,2,14,2,1,2,00,2,7,19,201500032277B01,34,1,1
201500032278,2015-06-12,2015,juin,vendredi,17:42,67,67482,48.5914,7.70728,2,1,1,1,1,4,1,01,1,1,095,090,1,0,1,4,1,21,0,1,9,00,2,2,19,201500032278A01,7,1,1
201500032279,2015-06-13,2015,juin,samedi,10:03,67,67482,48.5785,7.75998,2,1,2,1,1,4,2,00,2,2,000,180,2,0,1,4,1,19,1,1,4,00,2,1,2,201500032279A01,10,2,1
201500032285,2015-06-19,2015,juin,vendredi,14:10,67,67482,48.58831,7.7559,2,1,3,1,1,4,2,04,1,1,020,120,1,0,1,4,2,38,5,1,9,00,2,7,19,201500032285B01,7,1,1
201500032287,2015-06-19,2015,juin,vendredi,21:00,67,67482,48.58703,7.76019,2,1,3,1,1,4,2,04,1,1,000,130,1,0,1,3,2,49,9,1,2,00,2,1,19,201500032287B01,7,1,1
201500032292,2015-06-25,2015,juin,jeudi,18:50,67,67482,48.59215,7.71861,2,1,3,1,1,4,2,03,1,1,000,097,1,0,0,4,1,16,5,1,2,00,2,8,19,201500032292A01,7,1,1
201500032295,2015-06-28,2015,juin,dimanche,18:05,67,67482,48.5926,7.71134,2,3,3,1,1,4,2,02,1,1,000,060,1,0,1,3,1,59,5,1,9,00,2,7,19,201500032295B01,7,1,1
201500032296,2015-06-29,2015,juin,lundi,74:0,67,67043,48.6142,7.74902,2,1,3,1,1,4,2,02,1,1,000,066,1,0,1,3,2,42,1,1,2,00,2,3,21,201500032296B01,7,17,1
201500032297,2015-06-29,2015,juin,lundi,19:23,67,67482,48.57577,7.75292,2,1,6,1,1,4,2,02,1,1,050,000,1,0,4,1,2,17,0,1,9,00,1,1,1,201500032297A01,,,
201500032300,2015-07-01,2015,juillet,mercredi,15:10,67,67482,48.57756,7.753,2,2,3,1,1,4,2,03,1,1,000,090,1,0,1,4,1,31,5,1,2,00,2,7,0,201500032300B01,7,1,1
201500032301,2015-07-01,2015,juillet,mercredi,16:25,67,67482,48.59367,7.75805,2,3,3,1,1,4,2,02,1,1,000,140,1,0,1,4,2,15,5,1,9,00,2,7,1,201500032301B01,7,9,1
201500032304,2015-07-03,2015,juillet,vendredi,23:45,67,67482,48.5794,7.75083,2,2,3,5,1,4,1,01,1,1,000,057,1,2,1,4,1,53,5,1,2,00,2,1,19,201500032304B01,30,1,1
201500032306,2015-07-06,2015,juillet,lundi,72:3,67,67482,48.57463,7.7498,2,2,3,1,1,4,2,05,1,1,000,120,1,0,1,4,2,45,1,1,2,00,2,1,0,201500032306B01,10,16,1
201500032308,2015-07-06,2015,juillet,lundi,17:15,67,67482,48.54858,7.74094,2,1,3,1,1,4,3,05,1,1,070,105,1,0,1,4,2,45,5,1,9,00,2,1,1,201500032308B01,3,16,1
201500032312,2015-07-08,2015,juillet,mercredi,81:0,67,67447,48.60327,7.75593,2,2,3,1,1,4,2,02,1,1,000,080,1,0,1,4,1,29,1,1,4,00,2,1,1,201500032312B01,7,15,1
201500032320,2015-07-16,2015,juillet,jeudi,13:46,67,67043,48.61188,7.75113,2,3,3,1,1,4,1,01,1,1,000,030,1,0,1,4,1,15,5,1,9,00,2,5,1,201500032320B01,7,1,1
201500032321,2015-07-17,2015,juillet,vendredi,20:50,67,67482,48.60085,7.71583,2,3,3,1,1,4,2,02,1,1,000,040,1,0,1,4,1,17,0,1,4,00,2,1,1,201500032321A01,7,16,1
201500032323,2015-07-20,2015,juillet,lundi,20:02,67,67482,48.58801,7.7588,2,1,3,1,1,4,1,01,1,1,000,040,1,0,1,4,1,11,5,1,2,00,2,1,1,201500032323A01,7,1,1
201500032325,2015-07-25,2015,juillet,samedi,10:44,67,67482,48.5794,7.73287,2,3,3,1,1,4,1,01,1,1,000,030,1,0,1,4,1,41,1,1,9,00,2,1,0,201500032325B01,7,16,1
201500032327,2015-07-28,2015,juillet,mardi,15:15,67,67482,48.5696,7.78092,2,1,3,1,1,4,2,03,1,1,000,150,1,0,1,4,2,65,5,1,9,00,2,1,19,201500032327B01,7,0,1
201500032330,2015-08-01,2015,août,samedi,17:50,67,67482,48.57908,7.73489,2,2,3,1,1,4,1,02,1,1,000,050,-1,0,0,3,2,21,5,1,9,00,2,1,19,201500032330A01,40,1,1
201500032337,2015-08-18,2015,août,mardi,90:0,67,67482,0,0,2,1,3,1,1,4,3,05,1,1,085,140,1,0,5,2,2,25,1,1,4,00,2,8,1,201500032337B01,13,1,1
201500032340,2015-08-25,2015,août,mardi,13:35,67,67482,48.57477,7.73657,2,1,1,1,1,4,2,04,1,1,000,080,1,2,5,4,1,29,0,1,2,00,2,1,1,201500032340A01,1,1,1
201500032340,2015-08-25,2015,août,mardi,13:35,67,67482,48.57477,7.73657,2,1,1,1,1,4,2,04,1,1,000,080,1,2,5,4,1,22,5,1,4,00,2,1,1,201500032340B01,1,1,1
201500032341,2015-08-25,2015,août,mardi,20:35,67,67482,0,0,2,1,3,2,1,4,2,02,1,1,000,050,1,0,1,4,1,74,0,1,2,00,2,1,19,201500032341A01,40,1,1
201500032342,2015-08-27,2015,août,jeudi,55:5,67,67482,48.5665,7.72785,2,2,3,5,1,4,2,02,1,1,000,080,1,0,0,4,2,46,1,1,4,00,2,1,16,201500032342A01,7,1,1
201500032367,2015-09-15,2015,septembre,mardi,15:40,67,67482,48.59189,7.76216,2,1,3,1,2,4,2,02,-1,-1,000,100,-1,0,0,3,2,25,1,1,9,00,2,3,19,201500032367A01,7,1,1
201500032370,2015-09-17,2015,septembre,jeudi,18:30,67,67482,48.57925,7.73338,2,2,3,2,1,4,-1,04,1,-1,000,062,1,0,5,4,2,25,5,1,9,00,2,1,1,201500032370B01,7,16,1
201500032375,2015-09-19,2015,septembre,samedi,20:25,67,67482,48.59204,7.73335,2,2,3,5,1,4,3,02,1,1,000,060,1,0,5,4,1,30,5,1,9,00,2,1,1,201500032375A01,7,1,1
201500032379,2015-09-21,2015,septembre,lundi,16:05,67,67482,48.58122,7.77015,2,2,6,1,1,4,2,04,1,1,000,060,1,0,1,4,2,22,0,1,4,00,2,1,1,201500032379A01,30,0,1
201500032390,2015-10-01,2015,octobre,jeudi,12:30,67,67218,48.54342,7.73634,2,3,1,1,1,4,3,03,1,1,050,064,1,0,1,4,1,51,5,1,9,00,2,8,1,201500032390B01,7,1,1
201500032393,2015-10-02,2015,octobre,vendredi,81:5,67,67482,48.5823,7.75727,2,3,3,1,1,4,-1,02,-1,-1,000,000,-1,0,1,4,1,36,0,1,2,00,2,1,16,201500032393B01,7,0,1
201500032399,2015-10-07,2015,octobre,mercredi,17:15,67,67482,48.59078,7.71593,1,2,1,1,1,4,2,02,1,1,000,060,1,0,1,4,1,72,0,1,9,00,2,6,19,201500032399B01,7,16,1
201500032400,2015-10-08,2015,octobre,jeudi,64:0,67,67482,48.58953,7.74089,2,5,1,5,1,4,3,06,1,1,000,180,1,0,1,4,1,18,1,1,2,00,2,1,13,201500032400A01,7,1,1
201500032401,2015-10-08,2015,octobre,jeudi,17:00,67,67482,48.59538,7.7279,2,3,3,1,1,4,1,01,1,1,000,000,-1,0,5,1,1,46,1,1,9,00,2,1,1,201500032401B01,1,1,1
201500032401,2015-10-08,2015,octobre,jeudi,17:00,67,67482,48.59538,7.7279,2,3,3,1,1,4,1,01,1,1,000,000,-1,0,5,3,2,52,1,1,9,00,2,1,1,201500032401A01,1,1,1
201500032408,2015-10-24,2015,octobre,samedi,23:25,67,67482,48.58652,7.76222,2,1,3,5,1,4,2,06,1,1,000,194,1,0,1,4,2,21,5,1,4,00,2,1,19,201500032408A01,7,1,1
201500032415,2015-11-04,2015,novembre,mercredi,17:35,67,67218,48.53337,7.72187,2,3,3,5,1,4,3,02,1,1,025,120,1,0,1,4,1,50,5,1,4,00,2,8,1,201500032415B01,7,15,1
201500032417,2015-11-07,2015,novembre,samedi,11:15,67,67482,48.58307,7.77223,2,2,2,1,1,2,2,03,1,1,000,156,1,0,1,4,2,53,9,1,9,00,2,4,2,201500032417B01,7,2,1
201500032418,2015-11-09,2015,novembre,lundi,74:5,67,67482,48.5855,7.76006,2,1,5,1,1,4,2,02,1,-1,000,115,1,0,1,4,1,17,0,1,4,00,2,1,16,201500032418A01,7,16,1
201500032419,2015-11-10,2015,novembre,mardi,84:0,67,67482,48.58222,7.74143,2,1,1,1,1,4,1,01,1,1,000,085,1,6,1,4,1,30,0,1,9,00,2,2,1,201500032419B01,1,21,1
201500032419,2015-11-10,2015,novembre,mardi,84:0,67,67482,48.58222,7.74143,2,1,1,1,1,4,1,01,1,1,000,085,1,6,1,1,1,20,5,1,9,01,2,8,21,201500032419A01,1,1,1
201500032420,2015-11-10,2015,novembre,mardi,17:00,67,67482,48.59574,7.7866,2,2,3,2,1,4,2,02,1,1,000,050,1,0,1,4,2,42,1,1,9,00,2,1,1,201500032420B01,7,16,1
201500032421,2015-11-11,2015,novembre,mercredi,32:0,67,67447,48.60761,7.74977,2,1,1,5,1,3,2,02,1,1,000,090,1,0,1,2,2,25,0,1,4,00,2,0,0,201500032421A01,7,0,1
201500032429,2015-11-24,2015,novembre,mardi,17:30,67,67482,48.54589,7.75822,2,2,3,5,1,4,2,03,1,1,000,100,1,0,1,4,1,20,5,1,4,00,2,1,1,201500032429B01,7,15,1
201500032434,2015-12-01,2015,décembre,mardi,90:0,67,67482,48.57848,7.78283,2,1,3,1,1,4,2,04,1,1,000,124,2,0,1,4,2,61,0,1,2,00,2,1,1,201500032434B01,7,1,1
201500032438,2015-12-03,2015,décembre,jeudi,73:0,67,67482,48.57344,7.79835,2,1,1,2,1,4,3,04,1,1,024,140,1,0,5,4,2,64,1,1,4,00,2,1,13,201500032438A01,1,1,1
201500032438,2015-12-03,2015,décembre,jeudi,73:0,67,67482,48.57344,7.79835,2,1,1,2,1,4,3,04,1,1,024,140,1,0,5,4,1,56,1,1,4,00,2,1,1,201500032438B01,1,13,1
201500032451,2015-12-19,2015,décembre,samedi,14:15,67,67482,48.54585,7.75803,2,1,3,1,1,4,2,03,1,1,000,098,1,0,1,4,2,47,1,1,9,00,2,4,19,201500032451B01,10,16,1
201500032467,2015-12-04,2015,décembre,vendredi,84:5,68,68066,48.08169,7.36382,2,1,3,1,1,3,2,04,1,1,020,200,1,0,1,3,1,55,5,1,2,00,2,7,1,201500032467B01,7,9,1
201500032477,2015-06-27,2015,juin,samedi,63:5,68,68066,48.0761,7.33983,2,1,6,2,1,4,-1,04,1,1,090,210,1,0,5,4,1,24,1,1,2,00,2,8,1,201500032477B01,7,6,1
201500032480,2015-08-26,2015,août,mercredi,74:5,68,68066,0,0,1,1,2,1,1,3,2,02,-1,1,000,000,1,2,1,3,1,73,5,1,2,00,0,0,0,201500032480B01,7,0,1
201500032482,2015-09-15,2015,septembre,mardi,16:20,68,68066,48.0694,7.35872,2,3,3,1,1,4,2,03,1,1,000,100,1,0,1,4,2,17,2,1,2,00,2,8,19,201500032482B01,7,15,1
201500032484,2015-11-03,2015,novembre,mardi,12:03,68,68066,48.07143,7.34988,2,2,3,1,1,4,2,02,1,1,000,080,1,5,1,3,2,31,1,1,9,00,2,1,19,201500032484B01,7,16,1
201500032492,2015-09-01,2015,septembre,mardi,16:10,68,68066,48.08029,7.36074,2,1,6,1,1,4,2,03,1,1,000,120,2,0,1,3,2,14,2,1,2,00,2,7,19,201500032492A03,7,15,1
201500032492,2015-09-01,2015,septembre,mardi,16:10,68,68066,48.08029,7.36074,2,1,6,1,1,4,2,03,1,1,000,120,2,0,1,4,2,14,2,1,2,00,0,7,19,201500032492A02,7,15,1
201500032523,2015-05-17,2015,mai,dimanche,18:10,68,68224,47.74854,7.32461,2,3,1,1,1,3,2,02,1,1,000,075,1,0,0,4,1,24,3,1,2,00,2,3,19,201500032523B01,7,15,1
201500032532,2015-06-04,2015,juin,jeudi,15:00,68,68224,47.75311,7.32754,2,3,3,1,1,4,1,01,1,1,000,040,1,5,1,4,2,30,3,1,9,00,2,1,5,201500032532B01,7,16,1
201500032539,2015-06-24,2015,juin,mercredi,17:55,68,68224,47.73855,7.33361,2,1,3,1,1,4,1,01,1,1,000,045,1,0,1,3,2,71,5,1,2,01,0,1,1,201500032539B01,7,24,1
201500032544,2015-07-17,2015,juillet,vendredi,94:5,68,68056,47.72873,7.32002,2,1,3,1,1,3,2,02,1,1,000,068,1,0,1,4,1,27,1,1,2,00,2,1,19,201500032544A01,7,1,1
201500032546,2015-07-23,2015,juillet,jeudi,19:15,68,68224,47.7516,7.35747,2,2,1,1,1,4,2,02,1,1,000,000,-1,0,5,3,1,70,0,1,2,00,9,1,0,201500032546A01,1,0,1
201500032546,2015-07-23,2015,juillet,jeudi,19:15,68,68224,47.7516,7.35747,2,2,1,1,1,4,2,02,1,1,000,000,-1,0,5,1,1,23,0,1,2,00,9,0,0,201500032546B01,1,0,1
201500032548,2015-07-26,2015,juillet,dimanche,15:20,68,68224,47.7564,7.32614,2,1,3,1,1,4,2,02,1,1,000,090,1,0,1,3,1,66,5,1,2,01,0,1,1,201500032548B01,7,0,1
201500032550,2015-08-03,2015,août,lundi,93:0,68,68224,47.75393,7.31833,2,6,3,1,1,4,1,00,-1,-1,000,000,-1,0,1,3,1,33,1,1,2,00,2,0,0,201500032550B01,7,0,1
201500032551,2015-08-03,2015,août,lundi,20:16,68,68224,47.75729,7.32527,2,2,3,1,1,4,2,01,1,1,000,037,-1,0,0,3,1,21,5,1,9,00,2,1,15,201500032551B01,7,17,1
201500032558,2015-11-12,2015,novembre,jeudi,15:45,68,68224,47.77122,7.33143,2,4,5,1,7,3,1,01,2,2,000,066,1,3,0,4,2,68,5,1,9,00,2,0,0,201500032558B01,7,15,1
201500032558,2015-11-12,2015,novembre,jeudi,15:45,68,68224,47.77122,7.33143,2,4,5,1,7,3,1,01,2,2,000,066,1,3,0,1,1,72,5,1,2,00,2,1,0,201500032558C01,7,15,1
201500032559,2015-11-25,2015,novembre,mercredi,19:45,68,68224,47.76474,7.32232,2,1,3,5,3,3,2,02,2,1,000,000,2,2,5,4,1,17,0,1,4,00,2,0,0,201500032559B01,7,0,1
201500032562,2015-12-18,2015,décembre,vendredi,11:40,68,68271,47.74727,7.36268,2,1,6,1,1,4,2,02,1,1,000,000,-1,0,1,3,1,13,2,1,9,00,2,0,19,201500032562A01,7,1,1
201500032566,2015-08-03,2015,août,lundi,18:30,68,68297,47.6069,7.52575,2,3,3,1,7,3,2,03,1,3,000,090,1,0,1,4,2,23,9,1,2,00,2,3,1,201500032566P01,7,15,1
201500032568,2015-09-14,2015,septembre,lundi,12:05,68,68149,47.5919,7.57575,2,1,3,1,1,3,2,02,1,1,000,102,1,0,1,4,1,77,3,1,9,00,2,8,19,201500032568B01,7,1,1
201500032575,2015-06-19,2015,juin,vendredi,85:5,68,68376,47.81932,7.33412,1,3,3,1,1,4,2,02,1,1,000,065,1,0,5,3,1,13,2,1,9,00,2,8,1,201500032575B01,7,1,1
201500032579,2015-12-10,2015,décembre,jeudi,16:00,68,68166,47.78916,7.31555,2,6,3,1,1,3,1,01,1,3,000,050,1,5,1,3,2,66,3,1,2,00,2,7,19,201500032579B01,7,16,1
201500032624,2015-06-30,2015,juin,mardi,15:45,69,69091,45.5942,4.76992,2,1,6,1,1,4,2,00,1,1,000,000,1,2,1,4,1,86,5,1,2,00,0,0,0,201500032624B01,7,2,1
201500032631,2015-07-31,2015,juillet,vendredi,11:00,69,69091,45.5766,4.74982,1,1,7,1,1,3,2,02,2,3,000,065,8,0,1,3,1,65,5,1,2,00,0,0,1,201500032631A01,,,
201500032634,2015-08-11,2015,août,mardi,81:5,69,69091,45.35467,4.45592,2,1,6,1,1,4,2,02,1,1,010,093,1,6,1,4,1,75,5,1,2,00,1,1,1,201500032634A01,,,
201500032646,2015-11-18,2015,novembre,mercredi,73:0,69,69091,0,0,2,1,2,1,1,3,2,01,-1,-1,000,000,-1,0,1,3,1,15,5,1,2,00,2,6,2,201500032646B01,7,2,1
201500032660,2015-02-12,2015,février,jeudi,16:10,69,69152,0,0,1,1,6,1,1,4,2,01,1,1,000,000,1,0,5,3,1,64,0,1,9,00,2,0,2,201500032660B01,2,2,1
201500032668,2015-03-05,2015,mars,jeudi,18:50,69,69256,0,0,2,1,3,5,1,4,2,02,1,1,000,067,1,0,1,4,1,11,5,1,9,00,2,7,19,201500032668B01,99,0,1
201500032682,2015-01-21,2015,janvier,mercredi,95:0,69,69290,45.6967,4.89389,2,6,1,1,2,4,2,02,1,1,000,000,2,5,1,4,1,50,0,1,2,00,2,7,1,201500032682B01,7,1,1
201500032702,2015-06-04,2015,juin,jeudi,13:00,69,69259,0,0,2,1,3,1,1,4,-1,01,-1,-1,000,000,-1,0,1,4,1,59,1,1,9,00,2,1,19,201500032702B01,37,11,1
201500032708,2015-06-19,2015,juin,vendredi,20:10,69,69259,0,0,2,2,3,1,1,3,1,01,2,1,000,040,1,0,0,3,1,25,5,1,9,00,2,1,1,201500032708A01,10,0,1
201500032728,2015-11-17,2015,novembre,mardi,71:0,69,69092,45.98164,4.69504,2,1,2,5,1,4,1,01,1,2,220,070,1,0,1,3,1,55,1,1,4,00,2,5,2,201500032728B01,7,2,1
201500032742,2015-03-24,2015,mars,mardi,84:0,69,69275,45.7644,4.96722,2,4,1,1,2,4,2,02,3,1,010,072,2,5,1,4,1,52,4,1,9,00,2,1,0,201500032742B01,7,15,1
201500032773,2015-04-13,2015,avril,lundi,18:40,69,69282,45.7634,4.99206,2,1,3,1,1,4,2,02,1,1,000,053,1,0,1,4,1,10,5,1,2,00,2,2,15,201500032773B01,7,0,1
201500032781,2015-04-22,2015,avril,mercredi,64:0,69,69266,45.77097,4.86705,2,1,3,2,1,4,2,02,1,-1,000,000,1,0,1,4,2,66,0,1,4,00,2,8,0,201500032781B01,15,16,1
201500032786,2015-05-06,2015,mai,mercredi,82:0,69,69029,45.7355,4.90342,2,4,3,1,1,3,1,02,2,2,000,091,1,0,1,3,2,49,0,1,2,00,2,8,1,201500032786B01,7,1,1
201500032795,2015-05-19,2015,mai,mardi,16:30,69,69266,0,0,2,1,3,1,1,4,-1,01,2,1,000,000,1,0,5,3,1,62,0,1,9,00,2,0,2,201500032795B01,7,1,1
201500032802,2015-05-27,2015,mai,mercredi,63:3,69,69290,45.7182,4.95381,2,6,2,1,1,2,2,04,1,3,017,124,1,0,1,4,1,55,0,1,9,00,2,4,1,201500032802B01,7,1,1
201500032831,2015-06-24,2015,juin,mercredi,75:0,69,69266,45.7601,4.88478,2,1,6,1,1,4,2,00,1,1,000,080,1,0,5,1,1,19,2,1,2,00,1,1,1,201500032831A01,,,
201500032842,2015-07-09,2015,juillet,jeudi,74:4,69,69290,45.7142,4.9662,2,1,6,1,1,3,2,03,1,-1,000,000,1,0,1,3,2,36,0,1,2,00,0,0,0,201500032842B01,14,1,1
201500032849,2015-07-09,2015,juillet,jeudi,85:0,69,69266,45.771,4.89588,2,3,3,1,1,4,1,01,1,1,000,037,1,0,1,4,2,36,1,1,2,00,2,1,1,201500032849B01,7,15,1
201500032865,2015-07-28,2015,juillet,mardi,19:30,69,69282,45.7818,5.00414,2,3,3,1,1,4,2,02,1,1,000,089,1,0,4,3,2,68,5,1,2,00,2,1,1,201500032865B01,7,16,1
201500032877,2015-08-20,2015,août,jeudi,23:00,69,69266,45.7626,4.90161,2,3,3,5,1,4,4,01,2,1,000,060,-1,0,1,4,1,18,0,1,9,00,2,1,19,201500032877A01,7,16,1
201500032880,2015-08-29,2015,août,samedi,13:50,69,69266,45.77181,4.86974,2,6,3,1,1,4,-1,01,1,2,028,103,1,0,1,3,1,59,5,1,9,00,2,3,5,201500032880A01,7,15,1