Num_Acc,date,an,mois,jour,hrmn,dep,com,lat,long,agg,int,col,lum,atm,catr,circ,nbv,prof,plan,lartpc,larrout,surf,infra,situ,grav,sexe,age,trajet,secuexist,equipement,obs,obsm,choc,manv,vehiculeid,typevehicules,manoeuvehicules,numVehicules
201500032881,2015-08-28,2015,août,vendredi,15:45,69,69266,45.7822,4.89089,2,2,3,1,1,4,1,02,1,2,050,108,1,0,0,4,1,53,5,1,9,12,2,8,18,201500032881A01,37,1,1
201500032883,2015-07-26,2015,juillet,dimanche,17:10,69,69266,45.78563,4.89383,1,1,3,1,1,4,2,02,2,-1,000,080,1,0,5,3,1,26,5,1,9,00,2,1,1,201500032883B01,7,1,1
201500032884,2015-09-01,2015,septembre,mardi,15:50,69,69290,0,0,2,1,3,1,8,4,2,02,1,1,000,050,2,0,1,4,1,13,5,1,9,00,0,0,0,201500032884B01,7,1,1
201500032895,2015-09-24,2015,septembre,jeudi,81:5,69,69266,45.77171,4.87721,2,1,2,1,1,4,2,02,1,1,000,066,1,0,1,3,1,23,0,1,9,00,2,4,15,201500032895B01,7,1,1
201500032908,2015-10-15,2015,octobre,jeudi,12:10,69,69266,45.7816,4.87389,2,1,1,1,2,4,2,01,1,1,000,068,2,0,1,3,1,20,2,1,4,01,2,1,11,201500032908B01,7,1,1
201500032916,2015-11-01,2015,novembre,dimanche,11:20,69,69266,45.76695,4.89707,2,9,1,1,1,4,3,01,1,-1,000,000,1,0,1,4,1,83,5,1,9,00,0,0,0,201500032916B01,3,15,1
201500032930,2015-11-13,2015,novembre,vendredi,15:35,69,69275,45.7732,4.95422,2,3,3,1,1,4,2,02,2,1,000,000,1,0,0,4,1,82,5,1,2,00,2,7,1,201500032930B01,7,1,1
201500032956,2015-12-04,2015,décembre,vendredi,17:01,69,69256,45.76283,4.92941,2,8,3,2,1,4,2,02,1,1,000,096,1,4,0,2,1,45,5,1,9,00,9,3,1,201500032956A01,40,0,1
201500032962,2015-12-11,2015,décembre,vendredi,65:0,69,69266,45.75,4.88497,2,1,1,5,1,4,2,02,2,1,000,037,1,0,5,3,1,47,1,1,4,01,0,1,1,201500032962B01,14,23,1
201500032964,2015-12-14,2015,décembre,lundi,75:0,69,69275,45.77261,4.97719,2,1,3,1,1,4,2,02,1,1,000,106,1,0,1,4,1,16,2,1,9,00,2,1,1,201500032964B01,10,15,1
201500032967,2015-12-16,2015,décembre,mercredi,14:40,69,69029,45.72777,4.91572,2,1,6,1,1,4,3,02,1,1,000,028,1,0,1,4,1,81,3,1,2,00,2,1,16,201500032967B01,10,16,1
201500032971,2015-12-14,2015,décembre,lundi,16:20,69,69282,45.76866,4.99138,2,6,3,1,1,4,2,00,1,1,000,050,1,5,1,4,1,85,0,1,2,00,2,0,0,201500032971B01,7,15,1
201500032974,2015-12-22,2015,décembre,mardi,17:20,69,69029,0,0,2,1,1,2,1,4,2,06,2,1,000,000,1,0,1,4,1,49,3,1,2,00,2,3,2,201500032974B01,37,2,1
201500032983,2015-03-03,2015,mars,mardi,21:50,69,69282,0,0,2,2,6,5,1,4,3,02,1,1,000,000,1,0,1,4,1,24,1,1,4,00,2,1,1,201500032983B01,7,15,1
201500032993,2015-03-05,2015,mars,jeudi,18:00,69,69286,0,0,2,1,6,2,1,4,3,02,2,1,000,075,1,0,1,4,1,38,0,1,2,01,0,1,1,201500032993B01,7,22,1
201500033002,2015-02-05,2015,février,jeudi,55:0,69,69290,0,0,1,1,6,5,6,4,2,02,4,3,038,074,1,2,5,4,1,24,1,1,4,00,2,3,1,201500033002A01,99,1,1
201500033015,2015-05-02,2015,mai,samedi,14:00,70,70388,47.61613,6.13883,2,3,3,1,1,3,2,02,1,1,000,105,1,5,1,4,1,53,5,1,2,00,2,5,0,201500033015B01,7,1,1
201500033016,2015-05-21,2015,mai,jeudi,17:35,70,70550,47.6247,6.14431,2,1,6,1,1,4,2,02,2,1,000,098,1,0,1,4,1,16,2,1,2,01,0,1,14,201500033016A01,,,
201500033017,2015-07-01,2015,juillet,mercredi,17:30,70,70550,47.6195,6.16097,2,6,3,1,1,4,2,02,1,2,000,065,1,5,1,4,1,61,0,1,9,00,2,2,15,201500033017B01,7,16,1
201500033019,2015-07-27,2015,juillet,lundi,18:15,70,70513,47.6306,6.12117,2,3,3,1,1,4,-1,02,1,1,000,050,-1,5,1,4,1,19,5,1,9,00,2,2,1,201500033019B01,7,15,1
201500033022,2015-10-28,2015,octobre,mercredi,20:55,70,70550,47.61323,6.15079,2,6,3,5,3,4,1,01,1,2,000,062,2,5,1,4,1,19,5,1,4,00,2,7,1,201500033022B01,7,1,1
201500033029,2015-12-18,2015,décembre,vendredi,18:20,71,71076,46.77677,4.85488,2,1,6,5,1,5,2,02,1,1,000,000,-1,0,5,4,1,53,1,1,2,00,1,1,0,201500033029A01,,,
201500033031,2015-12-28,2015,décembre,lundi,19:50,71,71076,46.79022,4.83219,2,1,1,5,1,4,2,02,2,1,000,000,1,0,1,3,1,18,5,1,2,01,2,1,1,201500033031B01,7,5,1
201500033045,2015-04-18,2015,avril,samedi,12:30,71,71076,46.80877,4.85181,2,9,6,1,1,4,2,02,1,1,000,100,1,0,1,4,1,40,5,1,2,00,2,1,1,201500033045A01,7,16,1
201500033057,2015-10-25,2015,octobre,dimanche,15:25,71,71445,46.78563,4.90039,2,1,6,1,1,4,-1,02,-1,-1,000,000,-1,0,5,3,1,23,5,1,9,01,0,1,1,201500033057A01,7,0,1
201500033058,2015-01-14,2015,janvier,mercredi,14:35,71,71076,46.78837,4.86586,2,6,3,1,8,4,3,02,1,-1,000,000,1,0,5,4,1,60,5,1,9,00,0,7,1,201500033058B01,10,9,1
201500033108,2015-03-03,2015,mars,mardi,90:6,72,72181,0,0,2,2,3,1,1,4,-1,01,1,2,000,000,1,4,0,3,1,54,0,1,9,00,2,8,16,201500033108B01,14,16,1
201500033114,2015-06-08,2015,juin,lundi,84:0,72,72181,48.0242,0.17667,2,6,6,1,1,4,1,01,1,-1,000,000,1,0,1,4,1,72,5,1,2,00,2,8,1,201500033114B01,14,9,1
201500033127,2015-11-22,2015,novembre,dimanche,16:00,72,72003,47.95878,0.12914,1,1,3,1,1,3,2,02,1,1,038,076,1,0,1,3,1,81,0,1,2,00,0,0,0,201500033127B01,7,17,1
201500033137,2015-05-12,2015,mai,mardi,13:35,73,73008,45.70158,5.90916,2,6,3,1,1,3,2,02,1,2,000,085,1,0,1,3,1,37,5,1,2,00,2,8,1,201500033137B01,7,16,1
201500033142,2015-11-30,2015,novembre,lundi,84:0,73,73008,45.7043,5.89472,2,6,3,1,1,3,2,02,1,2,000,089,1,5,1,4,2,35,0,1,2,00,2,1,1,201500033142B01,7,15,1
201500033152,2015-05-21,2015,mai,jeudi,17:30,73,73065,0,0,2,3,3,1,1,4,2,03,2,1,000,110,1,5,1,3,1,64,5,1,2,15,2,1,1,201500033152B01,7,15,1
201500033153,2015-07-22,2015,juillet,mercredi,21:20,73,73065,45.57424,5.91697,2,1,3,3,3,4,2,02,1,1,000,085,2,0,1,3,1,21,1,1,9,00,2,7,19,201500033153B01,7,1,1
201500033159,2015-05-28,2015,mai,jeudi,18:25,74,74093,0,0,2,3,6,1,1,4,2,02,1,1,000,109,1,0,1,4,1,17,0,1,2,00,2,0,1,201500033159B01,7,16,1
201500033160,2015-05-17,2015,mai,dimanche,95:0,74,74010,0,0,2,6,3,1,1,3,1,02,1,-1,000,056,1,5,1,3,1,28,5,1,2,00,2,2,1,201500033160B01,7,1,1
201500033171,2015-10-26,2015,octobre,lundi,74:5,74,74010,0,0,2,6,3,2,1,4,4,02,1,2,000,000,1,5,1,3,1,47,4,1,2,00,2,1,1,201500033171B01,7,1,1
201500033172,2015-11-10,2015,novembre,mardi,11:40,74,74010,45.90784,6.1363,2,6,3,1,1,4,2,02,1,2,000,000,1,5,1,3,1,50,3,1,2,00,0,0,0,201500033172B01,7,1,1
201500033173,2015-11-12,2015,novembre,jeudi,13:29,74,74010,0,0,2,1,3,1,1,3,2,02,1,1,000,104,1,0,5,3,1,60,5,1,2,00,2,1,1,201500033173B01,7,15,1
201500033177,2015-11-09,2015,novembre,lundi,19:00,74,74010,45.9058,6.12692,2,1,6,5,1,4,3,02,1,1,000,000,1,0,1,3,1,40,5,1,9,00,2,8,2,201500033177A01,99,0,1
201500033183,2015-11-09,2015,novembre,lundi,16:20,74,74298,46.10372,6.24389,2,6,3,1,1,3,2,02,1,2,000,000,1,5,1,3,1,86,0,1,2,00,2,3,9,201500033183B01,7,9,1
201500033186,2015-06-03,2015,juin,mercredi,20:20,74,74133,46.1886,6.21567,2,2,3,1,1,3,2,02,1,1,000,120,1,0,1,3,1,33,1,1,2,00,2,1,2,201500033186B01,7,15,1
201500033187,2015-05-30,2015,mai,samedi,11:00,74,74305,46.20683,6.28262,2,4,6,1,1,4,2,02,1,1,000,000,1,0,1,3,2,32,1,1,2,00,2,8,0,201500033187B01,7,2,1
201500033209,2015-02-12,2015,février,jeudi,71:0,74,74012,0,0,2,6,3,5,1,3,4,02,1,-1,000,000,1,0,1,3,1,56,5,1,2,00,2,2,2,201500033209B01,7,9,1
201500033221,2015-04-30,2015,avril,jeudi,14:25,74,74281,0,0,2,1,3,1,1,4,2,02,-1,-1,000,000,-1,0,1,3,2,6,5,1,9,00,2,7,15,201500033221B01,7,1,1
201500033233,2015-07-11,2015,juillet,samedi,13:40,74,74281,0,0,2,6,3,1,1,4,2,02,-1,-1,000,000,1,0,1,4,1,15,5,1,2,00,2,2,0,201500033233B01,7,1,1
201500033244,2015-10-21,2015,octobre,mercredi,15:45,74,74218,46.39429,6.56437,1,3,7,1,1,3,-1,02,-1,-1,000,000,-1,0,0,3,1,55,5,1,2,00,0,0,1,201500033244B01,7,15,1
201500033252,2015-02-26,2015,février,jeudi,80:5,74,74281,0,0,2,1,3,1,1,4,1,01,1,1,000,045,1,0,1,4,1,46,1,1,2,00,2,3,1,201500033252B01,7,1,1
201500033255,2015-03-02,2015,mars,lundi,19:00,76,76329,49.54871,0.49321,2,1,3,5,1,3,2,03,1,1,000,088,2,5,1,3,1,37,1,1,4,00,2,1,1,201500033255B01,7,15,1
201500033296,2015-08-23,2015,août,dimanche,11:30,76,76026,49.88654,1.13828,2,1,7,1,2,3,2,02,1,1,000,000,2,0,1,3,1,56,5,1,9,01,0,1,1,201500033296A01,,,
201500033325,2015-12-28,2015,décembre,lundi,19:00,76,76217,49.92652,1.07982,2,6,3,5,1,3,1,02,1,2,110,110,1,5,1,4,1,48,1,1,9,00,2,8,15,201500033325B01,7,15,1
201500033334,2015-07-02,2015,juillet,jeudi,11:30,76,76259,49.744,0.3889,2,6,3,1,2,3,2,02,1,1,000,081,2,5,1,3,1,88,5,1,9,00,2,7,2,201500033334B01,7,1,1
201500033342,2015-02-16,2015,février,lundi,13:00,76,76351,49.5125,0.1745,2,3,7,1,1,4,3,02,1,1,000,070,2,0,1,4,1,15,5,1,9,16,0,7,1,201500033342A01,,,
201500033345,2015-02-20,2015,février,vendredi,11:30,76,76447,49.545,0.18864,2,2,2,1,3,4,1,01,1,1,000,000,2,0,0,4,2,18,0,1,2,00,2,1,1,201500033345A01,7,15,1
201500033366,2015-03-30,2015,mars,lundi,21:30,76,76351,49.49734,0.13133,2,2,3,5,1,6,-1,00,1,1,000,000,1,0,4,4,1,20,5,1,2,00,2,1,16,201500033366B01,7,20,1
201500033374,2015-04-18,2015,avril,samedi,12:50,76,76447,49.53415,0.18846,2,1,2,1,1,3,2,02,1,1,000,068,1,0,1,4,1,54,0,1,2,00,2,1,0,201500033374A01,7,23,1
201500033376,2015-04-18,2015,avril,samedi,18:30,76,76351,49.50592,0.13948,2,1,7,1,1,4,2,02,1,1,000,000,1,0,1,3,1,48,0,1,2,00,0,0,0,201500033376A01,,,
201500033377,2015-04-15,2015,avril,mercredi,20:50,76,76351,49.49575,0.11837,2,3,3,2,1,4,1,01,1,1,,,1,0,0,4,1,45,5,1,2,00,2,7,18,201500033377A01,7,23,1
201500033379,2015-04-21,2015,avril,mardi,75:5,76,76351,49.49307,0.10432,2,1,6,1,1,4,3,02,1,1,000,060,1,0,1,4,2,56,1,1,2,00,1,1,1,201500033379A01,,,
201500033385,2015-04-24,2015,avril,vendredi,12:00,76,76351,49.50042,0.13791,2,1,7,1,1,4,2,02,1,1,000,000,1,0,1,3,1,41,5,1,2,00,0,0,1,201500033385A01,,,
201500033387,2015-04-28,2015,avril,mardi,12:10,76,76351,49.49525,0.11309,2,2,6,1,1,4,1,01,1,1,,,1,5,0,1,1,31,0,1,9,00,1,1,1,201500033387A01,,,
201500033387,2015-04-28,2015,avril,mardi,12:10,76,76351,49.49525,0.11309,2,2,6,1,1,4,1,01,1,1,,,1,5,0,4,1,56,0,1,8,00,1,1,1,201500033387A01,,,
201500033416,2015-06-08,2015,juin,lundi,90:0,76,76351,49.48454,0.10452,2,1,3,1,1,4,2,02,1,1,000,058,1,0,5,3,1,66,9,1,2,00,2,1,1,201500033416A01,7,16,1
201500033419,2015-06-11,2015,juin,jeudi,15:00,76,76351,49.49933,0.15588,2,1,7,1,1,4,2,02,1,1,000,000,1,0,5,3,1,18,0,1,2,00,0,0,0,201500033419A01,,,
201500033421,2015-06-14,2015,juin,dimanche,14:02,76,76351,49.50307,0.1308,2,1,7,1,1,4,-1,01,2,1,000,045,1,0,1,3,1,23,5,1,2,00,0,1,0,201500033421A01,,,
201500033430,2015-06-25,2015,juin,jeudi,19:10,76,76351,49.50127,0.17247,2,2,3,1,1,4,2,02,4,1,000,060,1,0,0,3,1,9,5,1,9,00,2,1,1,201500033430A01,37,1,1
201500033436,2015-06-26,2015,juin,vendredi,18:25,76,76351,49.49722,0.13019,2,1,7,1,1,4,2,02,1,1,000,185,1,0,5,4,1,26,0,1,2,00,0,0,1,201500033436A01,,,
201500033456,2015-08-03,2015,août,lundi,16:30,76,76447,49.54229,0.18107,2,1,7,1,1,4,2,02,1,1,000,000,1,0,1,3,1,62,0,1,2,00,0,0,0,201500033456A01,,,
201500033458,2015-08-05,2015,août,mercredi,80:0,76,76351,49.50234,0.17458,2,1,3,1,1,3,2,02,1,1,000,120,1,0,4,4,1,44,5,1,2,00,2,0,0,201500033458B01,7,0,1
201500033461,2015-08-08,2015,août,samedi,20:55,76,76351,49.493,0.12147,2,3,3,2,1,4,1,01,1,1,000,070,1,0,1,3,1,23,0,1,9,00,2,1,1,201500033461B01,7,15,1
201500033464,2015-08-11,2015,août,mardi,15:20,76,76351,49.4925,0.13967,2,2,3,1,1,4,2,02,1,1,000,066,1,0,1,4,1,20,4,1,2,00,2,1,1,201500033464A01,7,15,1
201500033473,2015-08-29,2015,août,samedi,18:30,76,76351,49.51136,0.09331,2,1,6,1,1,4,2,02,1,1,000,108,1,0,5,4,1,47,5,1,9,01,0,1,1,201500033473B01,7,24,1
201500033476,2015-09-06,2015,septembre,dimanche,11:30,76,76351,49.50407,0.17852,2,1,3,1,1,4,2,02,2,1,000,063,1,0,5,4,1,69,5,1,2,00,2,4,1,201500033476B01,33,12,1
201500033494,2015-09-23,2015,septembre,mercredi,93:0,76,76351,49.51656,0.15593,2,2,3,1,1,3,2,05,1,1,000,160,1,5,1,4,2,48,5,1,2,00,2,7,1,201500033494A01,7,1,1
201500033505,2015-10-11,2015,octobre,dimanche,16:20,76,76351,49.49724,0.12946,2,1,6,1,1,4,2,02,1,1,000,068,1,0,4,4,1,15,5,1,9,01,0,1,1,201500033505A01,,,
201500033540,2015-11-05,2015,novembre,jeudi,10:30,76,76351,49.49172,0.13275,2,6,3,1,2,4,2,02,1,1,000,093,2,0,0,4,1,36,0,1,9,00,2,7,1,201500033540B01,7,9,1
201500033541,2015-11-18,2015,novembre,mercredi,94:5,76,76351,49.50276,0.15288,2,3,3,1,1,4,2,02,4,1,000,079,1,0,5,4,1,69,0,1,9,00,2,1,1,201500033541B01,7,16,1
201500033558,2015-12-10,2015,décembre,jeudi,13:5,76,76552,49.50541,0.0788,2,1,7,5,1,3,2,02,2,1,000,055,1,0,1,3,1,21,4,1,2,00,0,0,1,201500033558A01,,,
201500033585,2015-12-27,2015,décembre,dimanche,15:00,76,76351,49.50063,0.161,2,1,6,1,1,4,2,02,2,3,000,000,1,0,5,4,1,26,0,1,9,00,2,1,1,201500033585B01,7,22,1
201500033588,2015-12-24,2015,décembre,jeudi,18:15,76,76351,49.50614,0.11422,2,2,3,5,1,4,2,02,1,1,000,000,1,0,5,4,1,18,0,1,2,00,2,1,5,201500033588B01,7,1,1
201500033601,2015-10-28,2015,octobre,mercredi,16:20,76,76366,49.51172,1.0275,1,1,3,1,1,3,2,02,2,1,000,060,1,0,1,4,1,68,5,1,2,00,2,4,2,201500033601B01,7,2,1
201500033604,2015-02-28,2015,février,samedi,20:15,76,76322,49.40547,1.05338,2,2,3,5,1,4,3,04,1,1,,,2,5,0,4,1,34,5,1,4,00,2,5,19,201500033604B01,7,15,1
201500033637,2015-04-18,2015,avril,samedi,1:,76,76540,49.43011,1.09066,2,2,1,5,1,4,2,02,1,1,,,-1,0,0,3,1,28,1,1,2,00,2,8,1,201500033637B01,7,0,1
201500033643,2015-04-18,2015,avril,samedi,91:0,76,76474,49.49146,1.0635,1,1,3,1,1,3,2,02,1,1,000,060,1,0,1,3,1,24,0,1,2,00,2,8,15,201500033643A01,7,17,1
201500033653,2015-05-21,2015,mai,jeudi,11:05,76,76484,49.34569,1.07721,1,6,3,1,1,3,2,02,1,-1,,,1,5,0,4,1,25,0,1,2,00,2,7,1,201500033653B01,7,9,1
201500033660,2015-05-19,2015,mai,mardi,17:10,76,76575,49.37544,1.10266,2,6,1,1,1,3,2,01,1,1,000,060,2,0,1,4,1,22,5,1,9,00,2,8,16,201500033660B01,7,15,1
201500033668,2015-06-13,2015,juin,samedi,18:40,76,76498,49.414,1.06465,2,3,3,1,1,3,2,02,1,1,000,070,1,0,5,3,1,68,5,1,9,00,0,0,0,201500033668B01,7,15,1
201500033673,2015-06-17,2015,juin,mercredi,23:50,76,76681,49.4107,1.09993,2,1,2,5,1,3,2,02,1,1,000,060,1,0,1,4,1,19,0,1,2,00,2,4,1,201500033673A01,7,0,1
201500033679,2015-06-30,2015,juin,mardi,23:15,76,76540,49.43603,1.11333,2,1,2,5,1,3,2,02,2,1,000,052,1,0,1,4,1,14,5,1,2,00,2,4,1,201500033679B01,7,2,1
201500033680,2015-06-24,2015,juin,mercredi,18:00,76,76540,49.44302,1.07722,2,1,3,1,1,4,1,02,1,1,000,060,1,6,1,3,2,36,5,1,2,00,2,0,0,201500033680A01,7,1,1
201500033686,2015-07-17,2015,juillet,vendredi,65:6,76,76540,49.44562,1.0947,2,2,3,1,1,4,1,01,-1,1,000,000,1,0,1,4,2,23,1,1,2,00,2,1,1,201500033686B01,7,1,1
201500033698,2015-07-22,2015,juillet,mercredi,10:50,76,76575,49.39728,1.10309,2,3,3,1,1,3,2,02,1,1,000,000,1,0,1,3,1,44,5,1,2,00,2,8,19,201500033698B01,10,15,1
201500033705,2015-07-16,2015,juillet,jeudi,19:00,76,76681,49.41924,1.098,1,1,3,1,1,4,2,02,1,1,000,000,1,0,1,4,1,10,5,1,9,00,2,1,9,201500033705B01,7,0,1
201500033770,2015-11-09,2015,novembre,lundi,91:0,76,76410,49.48239,1.04278,2,2,3,1,1,3,2,04,1,1,000,060,1,5,1,4,1,51,1,1,2,00,0,0,0,201500033770B01,7,15,1
201500033796,2015-12-06,2015,décembre,dimanche,14:45,76,76322,49.38938,1.05615,2,1,2,1,1,3,3,04,1,1,000,000,1,0,1,4,1,31,5,1,2,00,2,4,2,201500033796B01,7,2,1
201500033809,2015-01-04,2015,janvier,dimanche,21:23,76,76005,49.40902,1.12109,2,6,3,5,1,3,1,02,1,2,000,000,1,5,1,4,1,30,5,1,9,00,2,1,2,201500033809B01,7,9,1
201500033811,2015-01-08,2015,janvier,jeudi,17:45,76,76540,49.44438,1.07095,2,1,3,5,1,5,3,05,1,1,015,070,2,0,4,4,1,30,1,1,2,00,2,1,21,201500033811A01,7,16,1
201500033826,2015-01-27,2015,janvier,mardi,16:40,76,76540,49.4502,1.10354,2,1,2,1,1,4,1,01,1,1,000,044,1,0,1,2,1,64,0,1,9,00,2,0,0,201500033826B01,13,1,1
201500033839,2015-03-12,2015,mars,jeudi,84:5,77,77108,48.87241,2.58951,2,1,6,1,1,3,1,01,-1,-1,000,000,-1,0,1,3,1,82,5,1,9,00,2,0,1,201500033839B01,7,16,1
201500033850,2015-07-28,2015,juillet,mardi,75:5,77,77108,48.87004,2.57542,2,9,3,2,8,4,2,02,1,1,000,000,2,0,1,3,1,53,1,1,2,00,0,7,13,201500033850B01,7,15,1
201500033854,2015-07-20,2015,juillet,lundi,15:50,77,77108,48.877,2.58551,2,1,6,1,1,4,3,00,1,1,000,000,1,0,1,1,1,18,5,1,2,00,1,0,0,201500033854A01,,,
201500033857,2015-11-11,2015,novembre,mercredi,12:25,77,77108,48.88483,2.61825,2,3,6,1,1,4,2,01,-1,-1,000,000,-1,0,1,3,1,75,5,1,9,00,0,0,0,201500033857B01,7,16,1
201500033869,2015-04-15,2015,avril,mercredi,18:50,77,77132,48.88094,2.78264,1,1,1,1,1,3,-1,02,1,1,000,000,1,0,1,4,1,61,0,1,2,00,0,0,0,201500033869B01,7,1,1
201500033905,2015-12-17,2015,décembre,jeudi,17:50,77,77186,48.48505,2.66556,1,1,2,3,1,3,2,02,1,1,000,000,1,0,1,3,1,29,2,1,4,00,2,4,2,201500033905B01,15,2,1
201500033945,2015-11-18,2015,novembre,mercredi,74:0,77,77124,0,0,2,3,3,1,1,3,2,00,1,1,000,000,1,5,1,4,1,16,2,1,9,00,2,3,15,201500033945B01,7,2,1
201500033994,2015-12-10,2015,décembre,jeudi,10:00,77,77288,48.53354,2.6548,2,1,3,1,1,4,1,02,1,1,000,063,1,0,1,4,1,44,4,1,2,00,2,3,21,201500033994B01,7,11,1
201500034008,2015-06-17,2015,juin,mercredi,94:0,77,77296,48.63687,2.57697,2,3,3,1,1,3,2,02,1,1,000,000,1,5,1,2,1,64,3,1,2,00,2,1,0,201500034008B01,14,0,1
201500034024,2015-12-03,2015,décembre,jeudi,11:15,77,77053,48.7037,2.60707,1,6,3,1,1,3,2,00,1,1,000,000,1,0,5,4,2,24,1,1,2,00,2,1,19,201500034024B01,7,0,1
201500034031,2015-03-06,2015,mars,vendredi,18:00,77,77305,48.39589,2.95438,2,1,3,1,1,4,1,01,1,1,000,000,1,0,1,3,1,12,5,1,9,00,2,1,19,201500034031B01,7,19,1
201500034037,2015-09-26,2015,septembre,samedi,12:20,77,77210,48.38114,2.90484,2,1,6,1,1,4,2,01,2,1,000,060,1,0,1,3,1,44,1,1,9,00,1,1,0,201500034037A01,,,
201500034052,2015-06-20,2015,juin,samedi,12:30,77,77302,48.29887,2.70018,2,3,3,1,1,4,2,02,1,1,000,000,1,0,1,3,1,11,5,1,2,00,2,1,15,201500034052B01,7,1,1
201500034057,2015-11-01,2015,novembre,dimanche,15:05,77,77458,48.18055,2.72113,1,1,5,1,1,3,2,02,2,3,000,070,1,0,1,3,2,48,9,1,2,00,2,1,1,201500034057A01,3,1,1
201500034057,2015-11-01,2015,novembre,dimanche,15:05,77,77458,48.18055,2.72113,1,1,5,1,1,3,2,02,2,3,000,070,1,0,1,3,1,55,9,1,2,00,2,1,1,201500034057C01,3,1,1
201500034063,2015-03-03,2015,mars,mardi,85:0,77,77083,48.84794,2.58557,2,1,1,1,1,4,2,02,2,1,000,000,1,0,1,4,1,43,5,1,2,00,2,1,1,201500034063B01,7,15,1
201500034065,2015-03-20,2015,mars,vendredi,19:00,77,77083,48.8343,2.5985,1,1,3,1,1,3,2,02,1,1,000,000,1,0,1,3,1,35,5,1,9,00,2,8,2,201500034065B01,7,2,1
201500034067,2015-03-27,2015,mars,vendredi,17:45,77,77146,48.82358,2.64059,2,6,3,1,1,3,3,04,1,1,000,000,1,5,1,4,1,46,5,1,2,00,2,1,1,201500034067B01,7,9,1
201500034078,2015-07-03,2015,juillet,vendredi,16:25,77,77146,48.82852,2.64239,2,6,2,1,1,3,1,02,1,2,000,000,1,5,1,4,1,26,1,1,9,00,2,4,1,201500034078B01,7,21,1
201500034083,2015-07-28,2015,juillet,mardi,14:10,77,77468,48.85598,2.65581,2,3,6,1,1,4,2,02,2,1,000,061,1,0,1,2,1,14,5,1,2,08,0,1,1,201500034083A01,,,
201500034101,2015-02-12,2015,février,jeudi,18:20,77,77169,48.80842,2.61855,2,1,6,2,1,4,2,02,1,1,000,000,1,0,1,4,2,13,5,1,2,00,2,1,19,201500034101B01,7,1,1
201500034113,2015-04-24,2015,avril,vendredi,17:25,77,77374,48.79596,2.71375,1,6,2,1,1,3,2,01,1,1,000,050,1,5,1,3,1,58,0,1,9,12,2,0,16,201500034113B01,15,16,1
201500034120,2015-06-09,2015,juin,mardi,72:0,77,77373,48.78314,2.61601,2,1,3,1,1,4,2,02,1,1,000,034,-1,0,1,4,1,67,5,1,9,00,2,8,19,201500034120B01,7,16,1
201500034140,2015-11-05,2015,novembre,jeudi,91:0,77,77373,48.796,2.60449,2,1,3,1,1,4,2,00,1,1,000,000,1,0,4,3,1,12,2,1,9,00,2,2,0,201500034140B01,10,20,1
201500034206,2015-04-24,2015,avril,vendredi,13:55,78,78624,0,0,1,6,2,1,1,3,1,02,-1,1,000,000,-1,5,0,3,1,68,5,1,2,00,0,8,2,201500034206B01,20,16,1
201500034229,2015-07-09,2015,juillet,jeudi,12:20,78,78624,49.00717,2.00735,2,1,3,1,1,3,2,02,1,1,000,073,1,0,1,4,1,42,9,1,2,00,2,0,1,201500034229B01,7,13,1
201500034258,2015-12-19,2015,décembre,samedi,18:05,78,78397,0,0,1,1,1,3,1,3,2,00,1,1,000,000,1,0,1,2,1,58,5,1,9,00,2,4,1,201500034258B01,7,1,1
201500034263,2015-03-12,2015,mars,jeudi,13:00,78,78208,0,0,2,1,3,1,1,3,2,02,-1,1,000,000,1,0,1,4,1,37,5,1,9,00,2,3,0,201500034263B01,7,15,1
201500034283,2015-06-16,2015,juin,mardi,18:50,78,78297,0,0,2,1,6,1,1,4,-1,01,1,-1,000,000,1,0,0,4,1,12,5,1,9,00,0,0,0,201500034283B01,7,4,1
201500034342,2015-06-04,2015,juin,jeudi,17:25,78,78440,0,0,2,3,3,1,1,3,2,02,-1,-1,000,000,-1,0,1,4,1,35,5,1,9,00,9,1,15,201500034342B01,37,1,1
201500034373,2015-02-27,2015,février,vendredi,11:40,78,78440,0,0,2,6,3,1,1,3,,,,,,,,,,4,1,40,1,1,4,00,2,1,0,201500034373B01,7,0,1
201500034382,2015-06-19,2015,juin,vendredi,17:05,78,78545,0,0,2,1,2,1,1,2,2,02,2,3,000,000,-1,0,1,3,1,31,1,1,2,00,2,1,2,201500034382A01,7,2,1
201500034415,2015-06-08,2015,juin,lundi,17:23,78,78517,48.64362,1.83841,2,3,3,1,1,3,3,02,1,-1,000,060,1,0,1,4,1,79,5,1,9,00,2,4,2,201500034415B01,7,2,1
201500034432,2015-03-24,2015,mars,mardi,21:25,78,78551,0,0,2,1,3,3,2,4,2,02,-1,-1,000,000,-1,0,1,4,1,65,0,1,2,00,0,0,0,201500034432B01,7,0,1
201500034439,2015-04-14,2015,avril,mardi,15:30,78,78350,48.8614,2.12326,2,1,3,1,1,4,1,01,-1,-1,000,040,1,0,1,4,1,44,5,1,2,00,2,0,0,201500034439B01,7,15,1
201500034488,2015-06-05,2015,juin,vendredi,90:0,78,78124,48.91608,2.17806,2,1,3,1,1,3,2,01,1,1,000,088,1,0,1,3,1,27,0,1,8,00,2,0,19,201500034488B01,7,14,1