Num_Acc,date,an,mois,jour,hrmn,dep,com,lat,long,agg,int,col,lum,atm,catr,circ,nbv,prof,plan,lartpc,larrout,surf,infra,situ,grav,sexe,age,trajet,secuexist,equipement,obs,obsm,choc,manv,vehiculeid,typevehicules,manoeuvehicules,numVehicules
201500034510,2015-11-07,2015,novembre,samedi,12:45,78,78124,48.91597,2.17783,2,5,1,1,1,3,2,02,2,1,035,100,1,0,1,3,1,40,1,1,9,00,2,1,1,201500034510B01,7,15,1
201500034512,2015-04-06,2015,avril,lundi,14:30,78,78586,0,0,2,1,3,1,1,3,-1,00,1,1,000,000,1,0,4,3,1,20,9,1,2,00,2,1,5,201500034512B01,7,0,1
201500034522,2015-12-13,2015,décembre,dimanche,17:00,78,78646,48.80225,2.12069,2,1,3,5,1,4,2,02,2,1,000,000,1,0,1,3,1,32,5,1,2,00,2,0,0,201500034522B01,7,4,1
201500034533,2015-05-27,2015,mai,mercredi,18:37,78,78646,48.80827,2.12721,2,1,6,1,1,4,2,00,1,1,000,000,1,0,5,3,1,39,5,1,9,00,1,1,1,201500034533A01,,,
201500034539,2015-06-07,2015,juin,dimanche,91:5,78,78640,48.7817,2.18139,2,1,2,1,1,3,1,02,1,1,000,057,1,0,1,4,1,46,9,1,2,00,2,1,2,201500034539B01,7,1,1
201500034558,2015-09-11,2015,septembre,vendredi,14:10,78,78646,0,0,2,1,2,1,1,4,2,02,1,1,000,000,1,0,1,4,1,52,5,1,9,00,2,4,2,201500034558B01,7,17,1
201500034568,2015-10-02,2015,octobre,vendredi,18:00,78,78117,48.85661,2.35222,2,1,3,1,1,4,2,02,-1,-1,000,000,-1,0,5,4,1,15,5,1,2,00,0,0,0,201500034568B01,7,15,1
201500034575,2015-11-27,2015,novembre,vendredi,22:15,78,78646,48.79487,2.13007,2,1,6,5,2,4,2,02,2,1,000,000,2,0,1,3,1,47,1,1,2,00,1,0,1,201500034575A01,,,
201500034581,2015-01-08,2015,janvier,jeudi,17:00,78,78117,0,0,2,6,7,5,2,4,2,02,1,1,000,000,2,0,1,4,1,56,1,1,2,00,0,0,0,201500034581B01,7,9,1
201500034604,2015-08-11,2015,août,mardi,12:10,79,79191,46.33459,-0.42817,2,1,2,1,1,3,-1,00,1,1,000,160,1,1,0,3,1,21,0,1,4,00,2,1,1,201500034604A01,7,9,1
201500034617,2015-01-04,2015,janvier,dimanche,11:05,79,79191,46.31168,-0.47935,2,1,7,1,1,4,2,03,1,1,000,150,2,0,1,3,2,65,3,1,9,00,0,0,0,201500034617A01,,,
201500034652,2015-10-08,2015,octobre,jeudi,14:50,80,80001,50.11179,1.83484,2,1,6,1,1,3,2,02,1,1,000,000,1,0,4,1,1,17,2,1,4,00,1,1,1,201500034652A01,,,
201500034658,2015-02-19,2015,février,jeudi,22:40,80,80021,49.89894,2.29088,2,6,1,5,1,4,2,02,1,1,000,000,1,0,1,4,2,26,0,1,2,00,2,1,5,201500034658A01,7,1,1
201500034676,2015-04-10,2015,avril,vendredi,85:0,80,80021,49.89433,2.28662,2,1,3,1,1,6,-1,00,1,1,000,000,9,0,1,3,1,18,2,1,9,00,2,1,19,201500034676B01,7,1,1
201500034682,2015-05-05,2015,mai,mardi,21:50,80,80021,49.89533,2.30615,2,3,1,5,1,4,2,02,1,1,000,000,1,0,1,4,1,28,5,1,2,00,2,1,1,201500034682B01,7,15,1
201500034682,2015-05-05,2015,mai,mardi,21:50,80,80021,49.89533,2.30615,2,3,1,5,1,4,2,02,1,1,000,000,1,0,1,1,1,24,0,1,2,00,2,1,1,201500034682B01,7,15,1
201500034692,2015-06-07,2015,juin,dimanche,15:00,80,80021,49.89155,2.2968,2,2,1,1,1,4,1,01,1,1,000,000,1,0,1,4,1,15,0,1,2,00,2,1,1,201500034692B01,7,15,1
201500034697,2015-06-18,2015,juin,jeudi,81:5,80,80021,49.88473,2.30035,2,3,3,1,2,4,1,01,2,1,000,000,2,0,1,4,1,26,1,1,2,00,2,1,1,201500034697B01,7,15,1
201500034700,2015-06-25,2015,juin,jeudi,75:0,80,80021,49.89871,2.29026,2,6,3,1,1,4,2,04,1,1,000,000,1,0,1,4,1,28,1,1,9,00,2,1,1,201500034700B01,7,9,1
201500034711,2015-07-09,2015,juillet,jeudi,10:50,80,80021,49.90281,2.30398,2,1,7,1,1,4,2,02,2,1,000,000,1,0,1,3,1,31,0,1,2,00,1,1,17,201500034711A01,,,
201500034739,2015-09-11,2015,septembre,vendredi,17:15,80,80021,49.88384,2.32387,2,1,2,1,1,4,2,03,2,1,000,000,1,0,1,4,1,15,5,1,2,00,2,1,1,201500034739B01,7,1,1
201500034745,2015-09-18,2015,septembre,vendredi,84:0,80,80021,49.90859,2.29157,2,2,1,1,1,4,2,02,1,1,000,000,1,0,1,4,1,17,5,1,2,00,2,1,1,201500034745A01,7,15,1
201500034755,2015-10-01,2015,octobre,jeudi,20:25,80,80021,49.88155,2.2851,2,2,3,5,1,4,2,02,1,1,000,000,1,0,1,4,2,24,0,1,9,00,2,7,19,201500034755B01,7,15,1
201500034766,2015-10-12,2015,octobre,lundi,14:05,80,80021,49.87479,2.27458,2,1,3,1,1,4,2,04,1,1,000,000,1,0,1,4,2,22,0,1,2,00,2,8,0,201500034766B01,7,1,1
201500034768,2015-10-13,2015,octobre,mardi,15:30,80,80021,49.87428,2.31788,2,6,3,1,1,4,2,02,1,2,000,000,1,0,1,4,2,44,0,1,2,00,2,6,1,201500034768B01,7,15,1
201500034772,2015-10-23,2015,octobre,vendredi,74:5,80,80021,49.89669,2.29783,2,1,7,2,1,4,1,01,2,1,000,000,1,0,1,1,1,21,0,1,2,00,1,1,1,201500034772A01,,,
201500034786,2015-11-10,2015,novembre,mardi,16:15,80,80021,49.89604,2.29773,2,2,3,1,1,4,1,01,2,1,000,000,1,0,1,4,2,23,5,1,2,00,2,1,1,201500034786B01,7,15,1
201500034797,2015-11-25,2015,novembre,mercredi,17:40,80,80021,49.89674,2.30042,2,6,2,5,2,4,2,03,1,2,000,000,2,0,1,4,2,17,5,1,2,00,2,4,1,201500034797A01,7,9,1
201500034802,2015-12-09,2015,décembre,mercredi,82:5,80,80021,49.88958,2.29341,2,1,3,2,1,4,3,03,1,1,000,000,1,0,1,4,1,34,1,1,2,00,2,1,1,201500034802B01,7,16,1
201500034805,2015-12-15,2015,décembre,mardi,17:20,80,80021,49.91153,2.30264,2,1,3,5,2,4,2,02,1,1,000,000,2,0,1,4,2,21,5,1,2,00,2,7,19,201500034805B01,2,3,1
201500034831,2015-01-22,2015,janvier,jeudi,13:15,80,80489,49.87052,2.35701,2,3,3,1,1,4,3,02,2,1,000,000,1,0,1,4,1,16,0,1,2,00,2,1,5,201500034831A01,7,16,1
201500034842,2015-02-05,2015,février,jeudi,17:10,80,80021,49.89138,2.3143,2,1,3,1,1,4,2,02,1,1,000,000,1,0,1,4,1,44,0,1,2,00,2,1,5,201500034842B01,7,9,1
201500034846,2015-02-10,2015,février,mardi,91:5,80,80021,49.89596,2.28977,2,1,3,1,1,4,2,03,1,1,000,000,2,0,1,4,1,13,0,1,2,00,2,3,1,201500034846A01,37,1,1
201500034856,2015-05-28,2015,mai,jeudi,13:00,81,81004,43.93054,2.14565,2,1,1,1,1,4,1,01,2,1,000,060,1,0,0,3,1,18,2,1,9,00,2,1,21,201500034856B01,7,9,1
201500034858,2015-06-23,2015,juin,mardi,10:30,81,81004,0,0,2,1,6,1,1,4,2,02,1,1,000,090,1,0,1,2,1,41,1,1,9,01,0,1,21,201500034858B01,7,22,1
201500034877,2015-06-02,2015,juin,mardi,18:45,81,81065,0,0,2,3,3,1,1,3,2,02,2,1,000,070,1,0,1,3,1,63,5,1,9,00,2,1,1,201500034877B01,7,15,1
201500034896,2015-04-09,2015,avril,jeudi,11:25,82,82033,44.05246,1.10106,2,9,2,1,1,3,2,02,1,1,000,000,1,0,1,3,2,83,5,1,9,00,2,5,2,201500034896B01,7,2,1
201500034908,2015-12-27,2015,décembre,dimanche,13:45,82,82121,44.07075,1.36685,1,2,3,1,1,4,2,02,1,1,000,000,1,0,1,3,1,66,5,1,2,00,2,1,1,201500034908B01,7,19,1
201500034916,2015-05-11,2015,mai,lundi,18:15,82,82121,44.01788,1.38599,2,2,3,1,1,3,2,02,1,2,000,000,1,0,1,3,1,81,5,1,2,11,2,8,1,201500034916B01,7,19,1
201500034917,2015-05-16,2015,mai,samedi,19:00,82,82121,44.01845,1.37153,2,1,3,1,1,4,2,02,1,1,000,000,1,0,1,3,2,56,3,1,2,00,2,1,1,201500034917B01,7,15,1
201500034933,2015-08-20,2015,août,jeudi,12:21,82,82121,43.99561,1.35061,1,6,3,1,7,4,1,01,1,2,000,000,1,0,1,4,2,48,3,1,2,00,2,1,1,201500034933B01,7,1,1
201500034937,2015-08-20,2015,août,jeudi,19:30,82,82121,44.01654,1.38319,2,1,6,1,1,4,2,02,1,1,000,000,1,0,1,3,1,56,5,1,9,00,0,0,0,201500034937B01,37,1,1
201500034957,2015-10-22,2015,octobre,jeudi,45:0,82,82121,44.01676,1.3438,2,1,2,5,1,4,-1,02,1,1,000,000,1,0,0,4,1,51,1,1,4,00,0,4,1,201500034957B01,7,1,1
201500034958,2015-01-22,2015,janvier,jeudi,16:50,82,82121,0,0,2,1,3,1,1,4,2,03,1,1,000,000,1,0,5,4,1,17,2,1,2,00,2,1,1,201500034958B01,7,15,1
201500035007,2015-03-23,2015,mars,lundi,14:05,83,83061,43.42866,6.73631,2,1,3,1,1,4,2,02,1,1,000,000,-1,0,1,3,1,79,5,1,9,00,2,8,19,201500035007A01,7,1,1
201500035010,2015-05-03,2015,mai,dimanche,18:15,83,83118,0,0,2,1,3,1,1,3,2,02,1,1,000,000,1,0,1,3,1,77,5,1,9,00,2,1,9,201500035010B01,7,1,1
201500035019,2015-04-30,2015,avril,jeudi,11:00,83,83061,43.43143,6.75287,2,1,3,1,1,4,2,02,1,1,000,029,1,0,1,3,2,66,5,1,9,00,2,8,1,201500035019B01,7,16,1
201500035028,2015-07-21,2015,juillet,mardi,16:15,83,83061,43.40326,6.72977,2,1,3,1,1,3,2,02,1,1,035,035,1,0,1,3,1,31,5,1,9,00,2,3,19,201500035028B01,33,17,1
201500035036,2015-09-27,2015,septembre,dimanche,92:5,83,83118,43.45181,6.83367,1,1,3,1,1,4,2,02,2,3,000,000,-1,0,1,3,1,63,5,1,2,05,0,2,1,201500035036A01,33,17,1
201500035041,2015-12-09,2015,décembre,mercredi,15:05,83,83118,43.42219,6.7686,2,3,3,1,1,4,1,01,1,1,,030,1,0,1,3,1,87,5,1,9,00,0,0,0,201500035041B01,10,4,1
201500035053,2015-04-04,2015,avril,samedi,16:10,83,83069,43.10569,6.17581,2,6,3,1,1,4,1,01,1,1,000,048,1,0,0,3,1,65,5,1,2,00,2,7,19,201500035053A01,7,0,1
201500035075,2015-09-14,2015,septembre,lundi,13:20,83,83069,43.15502,6.12883,1,1,5,1,1,3,2,02,1,2,000,060,1,0,1,3,1,70,5,1,2,00,2,8,1,201500035075B01,7,2/5,3
201500035077,2015-09-17,2015,septembre,jeudi,92:0,83,83069,43.08025,6.14933,1,1,2,1,1,3,1,02,1,2,000,082,1,0,1,3,1,70,5,1,2,00,2,4,2,201500035077B01,7,2,1
201500035084,2015-01-04,2015,janvier,dimanche,20:50,83,83034,0,0,1,6,3,5,1,3,-1,02,1,1,000,000,1,0,1,3,1,39,5,1,9,00,0,4,1,201500035084B01,7,1,1
201500035088,2015-12-18,2015,décembre,vendredi,10:00,83,83069,43.08285,6.14968,2,1,3,1,1,3,-1,02,1,2,000,070,1,0,1,3,1,64,5,1,9,00,2,4,1,201500035088B01,7,9,1
201500035091,2015-01-13,2015,janvier,mardi,10:55,83,83034,0,0,1,1,6,1,1,3,2,02,1,1,000,070,1,0,1,3,1,86,5,1,9,00,9,0,2,201500035091B01,33,2,1
201500035101,2015-04-01,2015,avril,mercredi,19:00,83,83129,43.10794,5.81472,2,1,3,1,6,3,3,01,1,3,020,040,1,5,1,3,2,56,3,1,9,00,2,1,19,201500035101A01,7,1,1
201500035102,2015-04-09,2015,avril,jeudi,15:30,83,83009,43.14927,5.75067,1,6,3,1,1,3,1,02,1,2,000,070,1,5,1,4,1,57,5,1,9,00,2,0,0,201500035102B01,7,16,1
201500035107,2015-02-26,2015,février,jeudi,10:25,83,83129,43.09753,5.81205,2,1,3,1,1,4,2,01,4,1,000,000,1,0,1,4,1,46,5,1,2,00,2,8,1,201500035107A01,7,16,1
201500035114,2015-06-03,2015,juin,mercredi,12:10,83,83009,43.149,5.76374,2,6,2,1,1,3,-1,01,2,3,000,094,1,5,0,4,1,65,5,1,2,00,2,4,0,201500035114B01,7,9,1
201500035120,2015-06-29,2015,juin,lundi,10:40,83,83129,43.1024,5.82137,2,9,3,1,1,3,3,02,1,-1,000,000,1,0,1,3,2,68,5,1,2,00,0,0,0,201500035120B01,3,1,1
201500035136,2015-07-29,2015,juillet,mercredi,81:0,83,83009,43.14942,5.76453,1,1,6,1,1,3,3,01,1,1,015,040,1,0,1,4,1,74,5,1,2,00,2,1,2,201500035136A01,15,2,1
201500035183,2015-05-27,2015,mai,mercredi,17:45,83,83126,43.08905,5.89505,2,3,3,1,1,4,-1,00,2,2,000,060,1,0,0,4,1,32,0,1,2,00,2,1,1,201500035183B01,7,15,1
201500035198,2015-08-05,2015,août,mercredi,18:30,83,83126,43.08697,5.88098,2,1,3,1,1,3,3,01,1,1,000,000,1,0,1,3,2,33,5,1,9,00,2,8,13,201500035198B01,33,1,1
201500035220,2015-01-15,2015,janvier,jeudi,16:55,83,83137,43.12469,5.93078,2,2,6,1,1,3,1,01,1,1,000,080,1,0,1,1,1,26,0,1,2,00,1,1,1,201500035220A01,,,
201500035230,2015-01-26,2015,janvier,lundi,15:00,83,83137,43.12715,5.98154,2,1,6,1,1,4,2,02,1,1,000,060,1,0,1,4,1,17,0,1,2,00,2,0,2,201500035230A01,2,2,1
201500035237,2015-04-04,2015,avril,samedi,11:15,83,83090,0,0,1,1,6,1,1,3,2,02,3,3,000,000,1,0,3,4,1,61,5,1,2,01,0,1,1,201500035237B01,,,
201500035251,2015-04-14,2015,avril,mardi,13:00,83,83137,0,0,2,4,2,1,1,3,2,01,1,3,000,047,1,5,1,4,2,20,1,1,2,00,0,0,0,201500035251A01,2,2,1
201500035255,2015-04-08,2015,avril,mercredi,12:25,83,83062,43.12708,6.01097,2,1,6,1,1,4,3,02,1,1,000,070,1,0,0,4,1,15,2,1,2,01,0,1,2,201500035255B01,7,0,1
201500035279,2015-05-10,2015,mai,dimanche,10:00,83,83137,43.1183,5.94583,2,2,3,1,1,9,2,02,1,1,000,000,1,5,1,3,1,66,5,1,9,00,2,7,19,201500035279A01,7,1,1
201500035284,2015-03-04,2015,mars,mercredi,91:0,83,83062,43.11476,6.04711,1,1,3,1,1,4,-1,01,1,1,000,040,1,0,1,4,2,54,1,1,9,00,2,1,1,201500035284B01,7,16,1
201500035308,2015-06-03,2015,juin,mercredi,12:00,83,83137,43.12155,5.93725,2,1,7,1,1,4,-1,01,1,1,010,025,1,6,0,4,1,68,5,1,2,00,1,0,0,201500035308A01,,,
201500035317,2015-06-18,2015,juin,jeudi,93:0,83,83098,43.10329,6.02369,2,1,3,1,1,3,2,02,2,1,000,065,1,0,1,3,1,54,5,1,2,00,2,8,1,201500035317B01,7,15,1
201500035325,2015-06-29,2015,juin,lundi,23:00,83,83137,43.12165,5.93672,2,3,3,5,1,4,2,02,-1,-1,000,000,-1,0,1,3,1,13,5,1,9,00,0,0,0,201500035325B01,7,16,1
201500035342,2015-08-02,2015,août,dimanche,91:0,83,83137,43.12182,5.9556,2,1,3,1,1,4,4,03,1,1,020,090,1,1,5,3,1,58,5,1,2,00,2,0,1,201500035342B01,7,16,1
201500035366,2015-09-14,2015,septembre,lundi,10:30,83,83098,43.10793,6.03131,1,1,6,1,1,3,2,02,1,2,000,000,1,0,5,1,1,58,5,1,2,00,1,1,13,201500035366A01,,,
201500035373,2015-09-23,2015,septembre,mercredi,11:40,83,83137,43.13464,5.93208,2,3,3,1,1,4,1,01,1,1,000,000,1,0,1,4,1,38,0,1,2,00,2,1,21,201500035373B01,7,15,1
201500035396,2015-11-16,2015,novembre,lundi,14:00,83,83062,43.12488,6.0081,2,6,3,1,1,4,2,02,1,2,000,070,1,0,0,4,1,27,1,1,2,00,2,1,1,201500035396B01,7,1,1
201500035442,2015-04-04,2015,avril,samedi,16:40,84,84007,43.9328,4.80982,1,1,3,1,1,2,2,02,1,1,000,070,1,0,1,3,1,78,3,1,2,00,2,7,19,201500035442B01,7,1,1
201500035461,2015-05-08,2015,mai,vendredi,20:25,84,84007,43.93419,4.83191,2,5,3,2,1,3,3,06,1,1,020,150,1,5,1,4,1,48,5,1,2,00,2,8,19,201500035461B01,34,1,1
201500035467,2015-11-28,2015,novembre,samedi,84:6,84,84007,43.93588,4.82317,2,2,3,1,1,4,2,00,1,1,000,045,1,0,1,3,1,57,1,1,2,00,2,1,1,201500035467B01,10,0,1
201500035486,2015-04-15,2015,avril,mercredi,92:0,84,84035,43.82796,5.03371,2,6,3,1,1,4,2,01,1,3,000,050,1,5,1,4,1,70,5,1,2,00,2,0,0,201500035486A01,7,1,1
201500035491,2015-05-13,2015,mai,mercredi,19:40,84,84087,44.1415,4.81271,2,1,3,1,1,4,2,02,1,2,000,062,1,0,1,3,1,5,5,1,2,00,2,1,0,201500035491B01,7,15,1
201500035523,2015-05-20,2015,mai,mercredi,17:40,85,85191,46.67375,-1.4283,2,2,3,1,1,3,2,02,1,1,000,085,1,0,1,3,1,33,0,1,2,00,0,0,0,201500035523B01,7,0,1
201500035544,2015-03-21,2015,mars,samedi,15:20,85,85166,46.51341,-1.77667,2,6,1,1,1,3,-1,02,1,-1,000,000,1,5,0,4,1,65,5,1,2,00,2,3,9,201500035544B01,7,1,1
201500035550,2015-05-16,2015,mai,samedi,14:20,85,85166,46.51475,-1.75818,1,1,2,1,1,4,3,00,1,2,000,000,1,5,1,3,2,48,5,1,4,00,0,4,11,201500035550B01,7,16,1
201500035553,2015-06-10,2015,juin,mercredi,11:15,85,85194,46.50283,-1.79852,2,6,3,1,1,4,4,01,1,2,000,000,1,0,5,3,2,61,5,1,9,00,2,4,1,201500035553B01,7,9,1
201500035554,2015-06-27,2015,juin,samedi,10:20,85,85194,46.48812,-1.76872,2,1,6,1,1,3,2,02,1,1,000,000,1,0,5,4,1,66,0,1,9,01,0,1,1,201500035554B01,10,24,1
201500035562,2015-09-28,2015,septembre,lundi,12:35,85,85166,0,0,2,1,7,1,1,4,-1,00,1,1,000,000,1,6,0,4,1,33,5,1,2,00,2,0,1,201500035562B01,7,9,1
201500035567,2015-08-24,2015,août,lundi,20:18,85,85194,46.49849,1.79676,2,1,2,1,1,4,2,02,1,1,000,000,1,0,1,4,1,34,0,1,9,00,0,0,0,201500035567B01,7,1,1
201500035568,2015-10-13,2015,octobre,mardi,15:00,85,85166,46.50799,-1.77719,2,3,3,1,1,3,2,02,1,-1,000,000,1,6,1,3,2,26,5,1,2,00,2,2,1,201500035568B01,10,1,1
201500035570,2015-11-05,2015,novembre,jeudi,16:45,85,85166,46.51787,-1.78093,2,3,6,1,2,3,3,02,1,1,000,000,2,5,1,3,1,80,5,1,9,00,2,8,19,201500035570B01,13,16,1
201500035580,2015-02-11,2015,février,mercredi,16:15,85,85194,46.48556,-1.75396,2,6,3,1,1,4,2,00,1,1,000,000,1,5,1,3,1,63,9,1,9,00,2,8,9,201500035580A01,7,9,1
201500035585,2015-01-17,2015,janvier,samedi,16:06,86,86066,46.82512,0.55929,2,1,2,1,1,4,2,02,1,1,000,000,1,0,1,4,1,55,5,1,9,00,2,1,1,201500035585A01,7,23,1
201500035596,2015-06-22,2015,juin,lundi,15:10,86,86066,46.82571,0.56144,2,3,3,1,1,3,2,02,2,1,000,000,1,3,1,3,2,59,5,1,2,00,2,1,1,201500035596B01,7,9,1
201500035607,2015-09-18,2015,septembre,vendredi,70:0,86,86066,46.81625,0.5457,2,3,3,5,1,3,1,01,1,1,000,000,1,0,5,4,1,38,1,1,4,00,2,0,0,201500035607B01,7,16,1
201500035608,2015-09-23,2015,septembre,mercredi,83:0,86,86066,46.80878,0.54335,2,1,7,1,1,3,2,02,1,1,000,000,1,0,4,4,2,35,1,1,4,00,0,0,2,201500035608A01,,,
201500035609,2015-09-23,2015,septembre,mercredi,11:10,86,86066,46.81693,0.53842,2,2,3,1,1,4,2,02,2,1,000,000,1,0,1,4,1,27,5,1,4,00,2,2,19,201500035609A01,7,0,1
201500035631,2015-01-10,2015,janvier,samedi,65:5,86,86194,46.55869,0.39003,2,6,2,5,2,4,2,02,1,1,000,070,2,0,1,4,2,28,9,1,4,00,2,4,1,201500035631B01,7,1,1
201500035641,2015-01-14,2015,janvier,mercredi,10:25,86,86194,46.57565,0.35486,2,1,6,1,1,4,2,02,1,1,000,030,1,0,1,1,1,20,0,1,9,00,1,3,1,201500035641A01,,,
201500035667,2015-01-29,2015,janvier,jeudi,13:10,86,86194,46.5687,0.37008,2,3,3,1,3,4,1,01,1,1,000,065,2,0,1,4,2,24,1,1,9,00,2,1,1,201500035667B01,7,15,1
201500035673,2015-02-09,2015,février,lundi,13:35,86,86194,0,0,2,2,3,1,1,4,2,02,2,1,000,070,1,5,1,4,1,33,9,1,9,00,2,1,1,201500035673A01,7,1,1
201500035675,2015-02-10,2015,février,mardi,15:50,86,86194,0,0,2,1,3,1,1,4,2,02,1,1,000,060,1,0,5,4,1,60,5,1,9,00,2,1,1,201500035675B01,7,1,1
201500035679,2015-02-11,2015,février,mercredi,13:30,86,86194,46.57217,0.33835,2,1,6,1,1,4,2,02,2,1,000,070,1,0,1,4,2,45,9,1,2,00,5,1,1,201500035679A01,,,
201500035683,2015-02-16,2015,février,lundi,73:0,86,86194,0,0,1,2,3,2,5,3,2,02,3,1,000,630,2,0,1,4,1,26,0,1,4,00,2,1,1,201500035683B01,7,15,1
201500035707,2015-03-05,2015,mars,jeudi,16:10,86,86194,0,0,2,1,2,1,1,3,3,04,1,1,000,000,1,0,1,4,1,83,5,1,9,00,2,1,23,201500035707B01,37,4,1
201500035764,2015-08-15,2015,août,samedi,15:20,86,86194,46.58384,0.38186,2,1,3,1,1,4,2,02,1,1,000,060,1,0,1,4,1,15,5,1,2,00,2,1,1,201500035764B01,7,5,1
201500035793,2015-09-17,2015,septembre,jeudi,13:55,86,86194,46.58501,0.33036,2,2,1,1,1,4,2,02,1,1,000,070,1,0,1,4,1,23,9,1,9,00,2,1,1,201500035793B01,7,15,1
201500035810,2015-10-11,2015,octobre,dimanche,14:20,86,86194,46.58162,0.37344,2,7,2,1,1,6,-1,00,1,1,000,060,1,0,0,4,2,48,5,1,2,00,2,8,1,201500035810B01,7,4,1
201500035827,2015-10-27,2015,octobre,mardi,10:25,86,86194,46.58172,0.35014,2,2,3,1,1,4,1,01,1,1,000,036,1,0,1,4,1,25,9,1,9,00,2,1,1,201500035827B01,7,15,1
201500035832,2015-11-02,2015,novembre,lundi,75:5,86,86194,46.58687,0.37823,2,3,3,1,1,4,3,02,1,1,015,080,1,0,1,4,1,11,9,1,2,00,2,8,19,201500035832A01,7,1,1
201500035858,2015-11-26,2015,novembre,jeudi,81:5,86,86194,46.5711,0.36916,2,1,6,5,1,4,2,04,1,1,000,130,2,0,1,4,2,20,0,1,9,00,2,6,1,201500035858B01,14,1,1
201500035877,2015-03-17,2015,mars,mardi,17:12,87,87050,0,0,2,2,3,1,1,4,2,02,2,1,000,060,1,0,1,3,1,79,5,1,9,00,2,8,1,201500035877B01,7,9,1
201500035968,2015-06-22,2015,juin,lundi,11:35,87,87085,0,0,2,6,3,1,1,4,2,02,-1,1,000,060,1,0,1,3,1,76,5,1,2,00,2,5,0,201500035968B01,7,0,1
201500035973,2015-06-24,2015,juin,mercredi,20:15,87,87085,45.8251,1.2793,2,1,2,1,1,3,2,02,-1,1,000,060,1,0,1,4,1,28,1,1,2,00,2,1,2,201500035973A01,7,23,1
201500035976,2015-06-26,2015,juin,vendredi,16:58,87,87085,0,0,2,1,6,1,1,4,2,02,-1,1,000,060,1,0,4,4,1,13,5,1,2,00,0,0,1,201500035976A01,,,
201500035980,2015-06-30,2015,juin,mardi,15:28,87,87085,0,0,2,1,6,1,1,4,2,03,2,1,000,090,1,0,1,4,1,58,5,1,2,00,2,7,17,201500035980A01,37,0,1
201500036026,2015-08-26,2015,août,mercredi,11:17,87,87065,45.8042,1.33014,1,1,1,1,1,4,2,02,2,3,000,060,1,0,1,4,1,62,5,1,2,00,2,1,1,201500036026B01,7,5,1
201500036042,2015-09-10,2015,septembre,jeudi,17:53,87,87085,45.8241,1.24539,2,2,6,1,1,4,2,03,-1,1,000,090,1,0,1,4,2,54,5,1,2,00,2,1,1,201500036042B01,7,15,1
201500036064,2015-10-01,2015,octobre,jeudi,17:14,87,87085,45.8235,1.24044,2,2,6,1,1,4,2,03,-1,1,000,100,1,0,1,4,1,24,2,1,2,00,2,1,1,201500036064B01,7,15,1
201500036136,2015-11-26,2015,novembre,jeudi,19:49,87,87085,0,0,2,3,3,2,1,4,2,02,1,1,000,060,1,0,1,4,1,21,2,1,9,00,2,1,1,201500036136B01,7,15,1
201500036151,2015-02-13,2015,février,vendredi,15:01,87,87085,0,0,1,1,6,1,1,4,2,02,1,1,000,060,1,0,1,4,1,62,5,1,9,00,0,8,1,201500036151A01,,,
201500036159,2015-12-19,2015,décembre,samedi,11:11,87,87021,45.7698,1.22413,1,1,6,1,1,3,2,02,-1,-1,000,060,-1,0,1,3,1,54,5,1,2,00,2,3,1,201500036159B01,99,16,1
201500036165,2015-12-24,2015,décembre,jeudi,95:3,87,87085,0,0,2,1,6,1,1,4,2,02,1,1,000,060,1,0,1,4,1,17,1,1,2,00,2,0,19,201500036165B01,17,1,1
201500036199,2015-06-09,2015,juin,mardi,16:05,88,88160,48.14012,6.44991,1,1,1,1,1,3,2,02,1,1,000,070,1,0,1,3,1,47,5,1,2,00,2,1,1,201500036199B01,7,13,1
201500036213,2015-11-14,2015,novembre,samedi,16:10,88,88160,48.16993,6.52325,1,1,2,1,1,3,2,02,1,1,000,070,1,0,1,3,2,58,5,1,2,00,2,4,1,201500036213A01,7,2,1
201500036215,2015-11-12,2015,novembre,jeudi,13:15,88,88209,48.18968,6.42918,2,2,6,1,1,4,2,03,1,1,000,077,1,0,1,4,1,37,5,1,9,00,2,5,,201500036215A02,7,16,1
201500036223,2015-09-13,2015,septembre,dimanche,10:45,88,88429,48.02752,6.5794,2,4,3,1,2,3,2,03,2,1,000,107,2,0,1,4,1,56,5,1,2,00,2,8,1,201500036223B01,7,15,1
201500036229,2015-06-03,2015,juin,mercredi,16:10,88,88424,48.26593,6.98116,2,1,3,1,1,3,2,02,1,1,000,065,1,0,1,4,1,60,0,1,9,00,2,3,15,201500036229B01,2,17,1
201500036240,2015-07-08,2015,juillet,mercredi,11:35,88,88413,48.28904,6.92644,2,1,3,1,1,3,2,02,2,1,000,050,1,0,1,3,1,70,5,1,9,00,2,0,1,201500036240B01,7,16,1
201500036264,2015-10-14,2015,octobre,mercredi,13:10,89,89024,47.78911,3.60104,1,1,2,1,1,2,2,03,1,1,000,000,1,3,1,3,2,64,5,1,2,00,2,4,0,201500036264B01,7,12,1