Num_Acc,date,an,mois,jour,hrmn,dep,com,lat,long,agg,int,col,lum,atm,catr,circ,nbv,prof,plan,lartpc,larrout,surf,infra,situ,grav,sexe,age,trajet,secuexist,equipement,obs,obsm,choc,manv,vehiculeid,typevehicules,manoeuvehicules,numVehicules
201500036276,2015-06-15,2015,juin,lundi,10:30,89,89387,48.19838,3.27707,2,2,3,1,1,4,-1,00,-1,-1,000,000,-1,0,0,4,1,33,0,1,2,00,2,1,1,201500036276A01,7,15,1
201500036281,2015-09-10,2015,septembre,jeudi,20:30,89,89387,48.19798,3.27101,2,2,3,5,1,4,1,01,1,1,000,080,1,0,5,4,1,71,5,1,9,00,2,2,1,201500036281B01,7,1,1
201500036285,2015-11-17,2015,novembre,mardi,11:40,89,89387,48.19671,3.30311,2,2,1,1,1,4,2,02,1,1,000,060,9,0,1,3,2,17,2,1,2,00,2,1,1,201500036285B01,7,1,1
201500036295,2015-03-20,2015,mars,vendredi,18:05,90,90010,47.6463,6.85003,2,1,3,1,1,4,2,02,1,1,000,000,1,0,1,4,1,40,0,1,2,01,0,1,1,201500036295B01,7,22,1
201500036299,2015-01-12,2015,janvier,lundi,19:13,90,90008,0,0,2,1,6,5,1,3,2,02,1,1,000,052,1,0,4,4,2,22,5,1,2,00,2,2,0,201500036299B01,7,16,1
201500036308,2015-04-13,2015,avril,lundi,11:20,90,90010,0,0,2,3,3,1,1,4,-1,00,-1,-1,000,000,-1,0,1,4,1,22,5,1,9,00,0,0,0,201500036308B01,7,15,1
201500036319,2015-05-02,2015,mai,samedi,11:12,90,90075,0,0,2,1,3,1,2,4,2,00,1,1,000,000,2,0,0,4,1,64,0,1,2,00,0,0,0,201500036319B01,7,0,1
201500036325,2015-05-22,2015,mai,vendredi,75:3,90,90032,0,0,1,1,3,1,1,3,4,03,1,1,000,000,1,2,1,1,1,14,2,1,2,00,0,0,0,201500036325B01,7,1,1
201500036330,2015-06-07,2015,juin,dimanche,11:21,90,90010,47.6507,6.84585,2,1,3,1,1,4,2,02,1,1,000,070,1,0,1,4,1,20,0,1,2,00,2,1,0,201500036330B01,7,0,1
201500036346,2015-07-24,2015,juillet,vendredi,18:46,90,90010,0,0,2,3,3,1,1,4,-1,00,-1,-1,000,000,-1,0,0,4,1,36,0,1,2,00,2,1,0,201500036346Y01,7,0,1
201500036357,2015-09-10,2015,septembre,jeudi,19:00,90,90010,47.38165,6.31158,2,1,1,2,1,4,2,00,-1,-1,000,000,-1,0,1,3,1,16,0,1,2,00,2,1,0,201500036357A01,7,0,1
201500036358,2015-09-15,2015,septembre,mardi,10:45,90,90010,0,0,2,1,7,1,8,4,-1,01,1,1,000,000,1,0,0,4,1,31,0,1,2,01,0,0,21,201500036358B01,7,23,1
201500036360,2015-09-24,2015,septembre,jeudi,10:33,90,90010,47.6347,6.85364,2,3,3,1,1,4,1,01,-1,-1,000,000,-1,0,1,1,1,45,9,1,2,00,2,1,5,201500036360B01,7,15,1
201500036360,2015-09-24,2015,septembre,jeudi,10:33,90,90010,47.6347,6.85364,2,3,3,1,1,4,1,01,-1,-1,000,000,-1,0,1,4,1,2,9,1,2,00,2,1,5,201500036360B01,7,15,1
201500036366,2015-09-30,2015,septembre,mercredi,11:45,90,90010,47.6372,6.87992,1,1,1,1,1,3,2,04,1,1,000,000,1,0,1,4,1,41,0,1,2,00,2,4,0,201500036366B01,10,1,1
201500036382,2015-11-05,2015,novembre,jeudi,17:51,90,90010,0,0,2,1,3,1,1,4,-1,02,2,-1,000,000,1,0,5,1,1,43,0,1,9,02,0,3,0,201500036382A01,1,0,1
201500036382,2015-11-05,2015,novembre,jeudi,17:51,90,90010,0,0,2,1,3,1,1,4,-1,02,2,-1,000,000,1,0,5,4,1,59,0,1,2,00,0,0,0,201500036382B01,1,0,1
201500036386,2015-10-25,2015,octobre,dimanche,90:5,90,90075,0,0,2,1,3,1,1,4,-1,03,1,1,000,000,1,0,1,4,1,22,0,1,9,00,2,1,5,201500036386A01,7,9,1
201500036388,2015-11-06,2015,novembre,vendredi,19:50,90,90010,0,0,2,1,6,5,1,4,2,02,-1,-1,000,000,-1,0,0,3,1,51,0,1,2,00,0,0,0,201500036388B01,7,24,1
201500036395,2015-08-26,2015,août,mercredi,14:45,90,90001,0,0,2,1,3,1,1,4,-1,01,1,1,000,000,1,0,1,4,1,64,5,1,9,00,0,0,0,201500036395B01,7,0,1
201500036403,2015-11-28,2015,novembre,samedi,15:56,90,90010,0,0,2,7,3,1,1,4,-1,02,1,-1,000,000,1,5,1,3,2,23,0,1,9,00,0,1,1,201500036403B01,7,1,1
201500036403,2015-11-28,2015,novembre,samedi,15:56,90,90010,0,0,2,7,3,1,1,4,-1,02,1,-1,000,000,1,5,1,4,2,3,0,1,2,00,0,1,1,201500036403B01,7,1,1
201500036406,2015-12-02,2015,décembre,mercredi,14:41,90,90010,0,0,2,1,1,1,1,4,-1,02,4,1,000,090,1,5,0,3,1,65,5,1,2,00,2,0,0,201500036406B01,7,16,1
201500036410,2015-12-09,2015,décembre,mercredi,70:0,90,90008,0,0,2,6,1,5,2,4,-1,01,1,2,000,072,2,5,1,4,1,38,1,1,2,00,0,7,1,201500036410B01,7,9,1
201500036426,2015-03-20,2015,mars,vendredi,17:30,91,91103,0,0,2,1,6,1,1,4,2,02,1,1,000,000,1,0,1,4,1,11,5,1,2,00,2,1,1,201500036426A01,,,
201500036482,2015-05-25,2015,mai,lundi,16:20,91,91021,0,0,2,6,3,1,1,3,2,02,1,1,000,000,1,0,1,4,1,14,0,1,2,00,2,7,1,201500036482Y01,7,9,1
201500036485,2015-05-31,2015,mai,dimanche,11:10,91,91347,0,0,2,1,1,1,1,4,2,02,1,1,000,000,1,0,1,4,1,56,0,1,2,00,2,1,19,201500036485A01,7,1,1
201500036487,2015-06-02,2015,juin,mardi,18:35,91,91103,0,0,2,1,3,1,1,3,1,01,1,1,000,000,1,0,1,4,1,10,5,1,2,00,2,9,19,201500036487B01,7,1,1
201500036493,2015-06-12,2015,juin,vendredi,16:00,91,91103,0,0,2,1,3,1,1,4,1,02,1,2,000,000,1,0,1,4,1,15,0,1,2,00,2,9,19,201500036493A01,7,1,1
201500036498,2015-06-23,2015,juin,mardi,94:0,91,91425,0,0,1,2,3,1,1,4,2,02,1,1,000,000,1,0,1,4,1,8,2,1,2,00,2,1,1,201500036498A01,7,1,1
201500036499,2015-06-25,2015,juin,jeudi,60:0,91,91552,0,0,2,1,1,1,1,3,2,02,1,1,000,000,1,0,1,4,2,49,5,1,2,00,2,1,1,201500036499A01,7,0,1
201500036500,2015-06-25,2015,juin,jeudi,19:20,91,91552,0,0,2,1,7,1,1,4,2,02,1,1,000,000,1,0,1,4,1,58,5,1,2,16,0,1,1,201500036500A01,,,
201500036528,2015-09-10,2015,septembre,jeudi,18:00,91,91425,0,0,2,1,2,1,1,3,2,02,2,1,000,000,1,0,1,4,1,53,0,1,9,00,2,1,1,201500036528A01,7,2,1
201500036543,2015-10-11,2015,octobre,dimanche,21:40,91,91425,0,0,2,1,7,5,1,2,3,02,2,1,000,000,1,0,4,3,1,31,1,1,2,00,0,0,0,201500036543A01,,,
201500036561,2015-11-23,2015,novembre,lundi,14:30,91,91103,0,0,2,1,3,1,1,3,2,02,1,1,000,000,1,0,1,4,1,26,0,1,2,00,2,8,1,201500036561A01,7,1,1
201500036567,2015-12-04,2015,décembre,vendredi,13:10,91,91425,0,0,2,1,7,1,1,3,3,02,1,1,000,000,1,0,4,3,1,84,0,1,2,00,0,0,0,201500036567A01,,,
201500036585,2015-03-06,2015,mars,vendredi,17:35,91,91479,0,0,2,2,3,1,1,4,2,02,1,1,000,000,1,0,1,4,2,48,1,1,9,00,2,0,0,201500036585B01,7,1,1
201500036601,2015-03-19,2015,mars,jeudi,15:50,91,91514,48.68072,2.53808,2,6,2,1,1,3,1,01,1,3,000,040,1,5,1,4,2,55,9,1,9,00,2,1,9,201500036601B01,7,1,1
201500036616,2015-03-07,2015,mars,samedi,10:30,91,91114,0,0,2,1,2,1,1,3,2,02,1,1,000,200,1,0,1,3,1,44,0,1,9,00,2,1,0,201500036616A01,7,2,1
201500036641,2015-11-09,2015,novembre,lundi,18:20,91,91097,48.6909,2.5257,2,6,3,2,1,3,2,02,1,2,,,1,,0,4,1,29,0,1,9,00,2,8,1,201500036641B01,10,1,1
201500036643,2015-11-25,2015,novembre,mercredi,18:25,91,91514,48.6641,2.52444,1,1,3,3,2,3,2,02,1,1,000,070,2,0,1,3,1,53,1,1,9,00,2,1,1,201500036643A01,7,1,1
201500036663,2015-10-25,2015,octobre,dimanche,12:08,91,91174,48.58075,2.47633,2,3,3,1,1,2,2,02,1,1,000,000,1,0,1,3,1,51,5,1,2,00,2,7,0,201500036663B01,7,1,1
201500036695,2015-05-17,2015,mai,dimanche,14:40,91,91201,48.68724,2.39882,2,1,3,1,1,3,3,02,1,1,000,000,1,0,1,3,1,28,9,1,2,00,2,5,1,201500036695A01,7,13,1
201500036728,2015-09-11,2015,septembre,vendredi,18:00,91,91201,48.68864,2.41663,2,1,1,1,1,4,2,02,1,1,000,000,1,0,1,4,1,15,5,1,2,00,2,1,1,201500036728B01,7,14,1
201500036736,2015-11-06,2015,novembre,vendredi,15:20,91,91657,48.69419,2.43636,2,2,3,1,3,4,2,02,2,1,000,000,2,0,1,1,1,13,5,1,9,00,2,1,1,201500036736B01,7,1,1
201500036767,2015-03-10,2015,mars,mardi,12:30,91,91223,0,0,1,1,7,1,1,2,3,04,1,-1,000,000,1,0,1,4,1,49,0,1,2,00,0,0,0,201500036767A01,,,
201500036807,2015-06-21,2015,juin,dimanche,15:40,91,91223,0,0,2,1,3,1,1,4,1,01,1,1,000,000,1,0,1,4,1,9,5,1,9,00,2,1,5,201500036807A01,7,0,1
201500036811,2015-07-13,2015,juillet,lundi,16:50,91,91223,0,0,2,6,3,1,1,6,-1,00,1,1,000,000,1,5,1,3,1,16,0,1,2,00,2,8,1,201500036811B01,7,1,1
201500036869,2015-12-29,2015,décembre,mardi,16:45,91,91223,48.43326,2.15529,2,3,1,1,1,4,2,02,2,1,000,000,1,0,1,4,1,11,0,1,9,00,2,1,1,201500036869A01,7,2,1
201500036893,2015-01-12,2015,janvier,lundi,14:30,91,91434,48.64601,2.35354,2,7,3,1,1,4,1,00,1,2,000,000,1,0,1,4,1,68,0,1,2,00,2,4,1,201500036893A01,7,2,1
201500036894,2015-06-16,2015,juin,mardi,15:10,91,91286,48.66894,2.39338,2,1,1,1,1,2,2,02,1,1,000,000,1,0,1,1,2,44,0,1,2,00,2,1,0,201500036894B01,15,0,1
201500036908,2015-03-02,2015,mars,lundi,19:30,91,91161,0,0,2,1,3,4,1,4,2,03,1,1,000,140,1,0,1,4,2,22,1,1,9,00,2,3,2,201500036908B01,7,17,1
201500036916,2015-04-09,2015,avril,jeudi,19:20,91,91161,0,0,2,1,5,1,1,3,2,02,1,1,000,000,1,0,1,4,1,18,5,1,9,00,2,1,0,201500036916A01,2/ 7,0/1,2
201500036950,2015-12-29,2015,décembre,mardi,17:50,91,91161,48.71517,2.3037,1,3,1,3,1,4,2,02,1,1,000,000,1,0,1,3,1,26,0,1,9,00,2,1,0,201500036950B01,7,1,1
201500036983,2015-03-07,2015,mars,samedi,10:55,91,91689,0,0,2,1,3,1,1,3,3,02,1,1,000,050,1,5,1,4,1,48,0,1,9,00,2,8,19,201500036983A01,7,1,1
201500036997,2015-12-09,2015,décembre,mercredi,16:00,91,91689,0,0,1,1,1,1,7,3,2,02,1,1,000,000,1,0,5,4,1,59,0,1,9,00,2,1,0,201500036997B01,7,1,1
201500037034,2015-03-25,2015,mars,mercredi,17:55,91,91421,0,0,2,1,2,1,2,3,2,02,1,1,000,040,2,0,1,4,1,12,5,1,2,00,2,1,1,201500037034B01,7,4,1
201500037039,2015-10-01,2015,octobre,jeudi,19:50,91,91421,48.7042,2.44639,2,1,2,1,1,4,2,02,2,1,000,100,1,0,1,4,1,16,5,1,2,00,2,1,2,201500037039B01,7,1,1
201500037043,2015-09-19,2015,septembre,samedi,21:05,91,91691,48.708,2.49525,2,1,6,3,1,4,2,02,1,2,000,000,1,0,4,1,1,21,5,1,2,00,1,1,1,201500037043A01,,,
201500037044,2015-04-02,2015,avril,jeudi,16:30,91,91691,0,0,2,3,3,1,1,4,2,02,1,1,000,060,1,0,1,4,2,53,0,1,9,00,2,2,1,201500037044B01,7,1,1
201500037103,2015-06-07,2015,juin,dimanche,12:35,91,91477,0,0,2,1,6,1,1,4,1,01,1,1,000,000,1,0,1,1,1,28,5,1,9,00,1,1,1,201500037103A01,,,
201500037104,2015-07-01,2015,juillet,mercredi,21:30,91,91471,0,0,2,4,3,1,1,3,2,02,2,1,000,000,1,0,1,4,1,28,5,1,2,00,2,7,15,201500037104A01,7,15,1
201500037107,2015-07-03,2015,juillet,vendredi,14:00,91,91471,0,0,2,1,1,1,1,4,2,02,1,1,025,025,1,0,1,4,2,66,5,1,2,00,2,1,0,201500037107A01,10,0,1
201500037111,2015-05-28,2015,mai,jeudi,16:20,91,91692,0,0,2,3,3,1,1,4,3,02,1,1,000,000,1,5,1,4,1,54,0,1,2,00,2,7,1,201500037111B01,7,1,1
201500037125,2015-06-05,2015,juin,vendredi,22:15,91,91471,50.7,4.7,2,7,6,1,1,6,-1,00,1,-1,000,000,1,0,1,1,1,29,5,1,9,01,1,0,0,201500037125A01,,,
201500037133,2015-09-27,2015,septembre,dimanche,10:05,91,91692,48.6763,2.19419,1,9,3,1,1,4,1,02,1,2,030,030,1,0,1,4,1,68,5,1,2,00,2,2,1,201500037133B01,7,9,1
201500037135,2015-10-09,2015,octobre,vendredi,15:50,91,91645,0,0,2,1,3,1,1,4,2,02,2,1,000,000,1,0,4,3,1,15,0,1,9,00,2,1,1,201500037135A01,10,1,1
201500037136,2015-10-27,2015,octobre,mardi,18:35,91,91692,48.67776,2.17104,2,1,5,2,2,4,2,02,1,1,000,000,1,0,5,4,1,21,0,1,2,00,2,8,1,201500037136C01,7/ 10,9/1,2
201500037150,2015-12-07,2015,décembre,lundi,19:45,91,91471,0,0,2,6,1,5,1,4,2,02,1,1,000,000,1,0,1,4,1,24,0,1,2,00,2,1,9,201500037150B01,7,1,1
201500037157,2015-04-12,2015,avril,dimanche,70:5,91,91549,0,0,2,6,1,2,1,4,1,01,1,2,000,000,1,0,0,3,1,81,5,1,2,00,0,0,5,201500037157A01,7,0,1
201500037171,2015-08-07,2015,août,vendredi,17:50,91,91570,48.63489,2.31164,2,1,2,1,1,4,2,02,1,1,000,000,2,0,1,4,1,12,5,1,2,00,2,4,13,201500037171B01,7,1,1
201500037176,2015-09-21,2015,septembre,lundi,19:00,91,91570,0,0,2,1,3,2,1,4,2,02,1,1,000,050,1,0,1,4,1,18,9,1,2,00,2,1,2,201500037176B01,7,20,1
201500037194,2015-03-20,2015,mars,vendredi,12:00,91,91589,48.68541,2.34528,2,1,1,1,1,4,2,02,1,1,000,000,2,0,1,1,1,54,0,1,2,00,2,1,0,201500037194B01,1,0,1
201500037194,2015-03-20,2015,mars,vendredi,12:00,91,91589,48.68541,2.34528,2,1,1,1,1,4,2,02,1,1,000,000,2,0,1,4,1,65,0,1,2,00,2,1,0,201500037194A01,1,0,1
201500037223,2015-06-22,2015,juin,lundi,15:15,91,91589,48.67528,2.3543,1,1,3,1,1,4,2,02,1,3,000,000,1,0,1,3,1,74,5,1,2,01,0,1,1,201500037223B01,7,22,1
201500037224,2015-07-07,2015,juillet,mardi,20:30,91,91589,48.4,2.2,1,3,3,1,2,3,2,02,1,1,000,000,2,3,1,4,1,25,5,1,2,00,0,0,1,201500037224B01,7,15,1
201500037229,2015-07-01,2015,juillet,mercredi,19:45,91,91589,48.68278,2.34397,2,1,5,1,1,3,2,02,1,1,000,000,1,0,1,4,1,56,5,1,2,01,2,1,1,201500037229B01,7,22/1,2
201500037239,2015-09-03,2015,septembre,jeudi,90:5,91,91589,48.6833,2.33333,2,6,3,1,1,3,2,02,1,1,000,000,1,0,1,3,1,63,5,1,2,14,0,5,15,201500037239B01,7,2,1
201500037250,2015-11-21,2015,novembre,samedi,94:5,91,91432,48.70019,2.33863,2,6,3,1,1,3,2,02,2,1,030,000,1,0,1,3,1,61,3,1,9,00,2,7,1,201500037250B01,7,15,1
201500037266,2015-01-26,2015,janvier,lundi,20:30,92,92014,0,0,2,1,3,5,1,4,2,02,1,1,000,000,1,0,1,4,1,55,1,1,9,00,2,1,1,201500037266B01,10,10,1
201500037269,2015-01-31,2015,janvier,samedi,12:00,92,92014,0,0,2,2,3,1,1,3,2,02,1,1,000,087,1,0,1,4,2,72,5,1,9,00,2,7,1,201500037269B01,7,0,1
201500037293,2015-09-28,2015,septembre,lundi,84:5,92,92014,0,0,2,1,6,1,1,4,2,02,2,1,000,000,1,0,0,4,1,45,0,1,9,01,0,1,1,201500037293B01,10,22,1
201500037296,2015-10-12,2015,octobre,lundi,13:50,92,92002,0,0,2,3,3,1,1,3,2,02,1,1,000,096,1,0,1,3,1,72,5,1,2,00,2,4,15,201500037296B01,7,15,1
201500037309,2015-01-12,2015,janvier,lundi,18:00,92,92004,0,0,2,3,3,5,1,3,2,02,1,1,000,000,1,0,1,1,2,36,1,1,2,00,2,8,15,201500037309B01,2,1,1
201500037312,2015-01-26,2015,janvier,lundi,17:25,92,92004,0,0,2,1,3,4,2,3,3,04,-1,-1,000,000,2,0,1,4,2,23,1,1,2,00,2,8,1,201500037312B01,38,17,1
201500037328,2015-03-06,2015,mars,vendredi,16:15,92,92004,0,0,2,1,6,1,1,4,2,02,-1,-1,000,000,1,0,1,4,1,16,2,1,2,01,0,2,1,201500037328A01,,,
201500037340,2015-03-30,2015,mars,lundi,18:10,92,92009,0,0,2,3,3,1,1,4,1,02,-1,-1,000,000,1,0,1,1,1,17,0,1,2,00,2,1,1,201500037340A01,33,15,1
201500037349,2015-04-10,2015,avril,vendredi,13:00,92,92004,0,0,2,1,2,1,1,4,1,01,1,1,000,000,1,0,1,4,1,20,9,1,2,00,2,1,2,201500037349A01,10,2,1
201500037350,2015-04-11,2015,avril,samedi,85:0,92,92004,0,0,2,9,2,1,1,3,2,02,-1,-1,000,000,1,0,1,4,1,19,9,1,2,00,2,1,1,201500037350A01,7,16,1
201500037357,2015-04-21,2015,avril,mardi,20:15,92,92004,0,0,2,1,3,1,1,4,2,02,-1,-1,000,000,1,0,1,4,2,32,0,1,2,01,0,7,1,201500037357B01,7,22,1
201500037367,2015-05-13,2015,mai,mercredi,19:10,92,92004,0,0,2,1,6,1,1,4,2,02,1,1,000,000,-1,0,1,4,2,50,1,1,2,01,0,1,1,201500037367B01,7,22,1
201500037380,2015-06-04,2015,juin,jeudi,95:5,92,92004,0,0,2,3,3,1,1,3,1,02,-1,-1,000,000,1,0,1,3,1,68,5,1,2,00,2,8,19,201500037380B01,13,16,1
201500037381,2015-06-04,2015,juin,jeudi,16:05,92,92004,0,0,2,1,2,1,1,4,2,02,1,1,000,000,1,0,1,4,1,18,5,1,2,00,2,1,2,201500037381A01,7,2,1
201500037386,2015-06-15,2015,juin,lundi,16:05,92,92009,0,0,2,2,2,1,1,4,2,02,-1,-1,000,000,1,0,1,4,1,36,3,1,2,00,2,1,1,201500037386B01,99,4,1
201500037387,2015-06-16,2015,juin,mardi,17:25,92,92004,0,0,2,1,2,1,1,3,2,02,1,1,000,000,1,0,1,4,1,13,0,1,1,00,2,1,2,201500037387A01,10,16,1
201500037392,2015-06-22,2015,juin,lundi,19:20,92,92004,0,0,2,1,3,1,3,4,2,02,-1,-1,000,000,2,0,1,4,2,31,5,1,2,00,2,8,18,201500037392B01,7,22,1
201500037415,2015-08-22,2015,août,samedi,22:00,92,92009,0,0,2,1,7,5,1,4,1,01,1,1,000,000,1,0,1,3,1,22,0,1,2,12,0,1,15,201500037415A01,,,
201500037427,2015-09-29,2015,septembre,mardi,13:40,92,92004,0,0,2,1,3,1,1,4,1,03,1,1,000,000,1,2,1,3,2,47,0,1,2,00,2,8,2,201500037427B01,20,2,1
201500037446,2015-11-11,2015,novembre,mercredi,17:30,92,92009,0,0,2,1,2,2,1,3,2,02,1,1,000,000,1,0,1,4,2,22,1,1,2,00,2,1,1,201500037446B01,7,4,1
201500037467,2015-12-21,2015,décembre,lundi,17:00,92,92004,0,0,2,1,3,1,2,4,-1,00,1,1,000,000,2,0,4,3,1,53,0,1,2,00,2,8,1,201500037467B01,30,0,1
201500037483,2015-03-31,2015,mars,mardi,22:30,92,92007,0,0,2,1,2,5,3,3,2,02,1,1,000,000,2,0,1,3,1,35,5,1,9,01,0,1,1,201500037483B01,99,24,1
201500037523,2015-01-07,2015,janvier,mercredi,81:5,92,92012,0,0,2,2,3,1,1,3,2,02,1,1,000,000,1,0,1,1,2,61,0,1,9,00,2,1,1,201500037523B01,10,15,1
201500037528,2015-01-13,2015,janvier,mardi,10:00,92,92012,0,0,2,1,3,1,1,3,3,02,1,1,000,000,1,0,1,4,2,59,1,1,9,00,2,4,13,201500037528B01,7,1,1
201500037552,2015-03-07,2015,mars,samedi,81:0,92,92012,0,0,2,2,3,1,1,3,2,04,1,1,000,000,1,0,1,4,2,25,5,1,9,00,2,1,1,201500037552A01,7,0,1
201500037566,2015-04-15,2015,avril,mercredi,81:0,92,92012,0,0,2,1,2,1,1,3,1,02,1,1,000,000,1,0,1,4,2,76,5,1,9,00,2,4,1,201500037566B01,7,2,1
201500037600,2015-06-09,2015,juin,mardi,12:45,92,92064,0,0,2,1,2,1,1,2,2,00,1,1,000,000,1,0,1,4,1,40,5,1,2,00,2,1,1,201500037600A01,7,1,1
201500037608,2015-06-22,2015,juin,lundi,19:30,92,92012,0,0,2,1,6,1,2,3,2,00,1,1,000,000,2,0,1,4,1,56,5,1,9,01,0,1,1,201500037608B01,7,24,1
201500037609,2015-06-24,2015,juin,mercredi,13:40,92,92012,0,0,2,1,3,1,1,3,2,00,1,1,000,000,1,0,1,4,1,19,2,1,2,01,0,1,1,201500037609B01,7,24,1
201500037633,2015-07-31,2015,juillet,vendredi,20:35,92,92012,0,0,2,1,6,1,1,3,2,01,1,1,000,000,1,0,1,4,1,45,5,1,2,01,0,1,17,201500037633B01,7,24,1
201500037661,2015-09-24,2015,septembre,jeudi,17:30,92,92012,0,0,2,1,6,1,1,3,2,00,1,1,000,000,1,0,1,4,2,71,9,1,2,00,2,1,1,201500037661B01,7,22,1
201500037662,2015-09-25,2015,septembre,vendredi,17:55,92,92012,0,0,2,1,3,1,1,4,1,00,1,2,000,000,1,2,1,4,2,41,1,1,2,00,2,7,1,201500037662B01,7,13,1
201500037675,2015-10-08,2015,octobre,jeudi,16:30,92,92012,0,0,2,1,3,1,1,2,3,00,1,1,000,000,1,0,1,4,2,29,5,1,2,00,2,1,1,201500037675B01,7,23,1
201500037680,2015-10-11,2015,octobre,dimanche,11:30,92,92012,0,0,2,1,2,1,1,3,2,00,1,1,000,000,1,0,1,4,1,60,5,1,2,00,2,1,1,201500037680B01,7,4,1
201500037697,2015-11-09,2015,novembre,lundi,19:20,92,92012,0,0,2,1,3,5,1,4,2,00,1,1,000,000,1,0,1,4,1,42,0,1,2,00,2,0,16,201500037697B01,7,16,1
201500037703,2015-11-09,2015,novembre,lundi,10:05,92,92012,0,0,2,1,3,1,1,4,2,00,1,1,000,000,1,0,1,4,2,47,1,1,2,00,2,8,0,201500037703A01,33,1,1
201500037709,2015-11-18,2015,novembre,mercredi,18:30,92,92012,0,0,2,1,3,5,1,4,2,00,1,1,000,000,1,0,1,4,1,44,9,1,2,00,2,1,1,201500037709B01,13,23,1
201500037722,2015-12-02,2015,décembre,mercredi,15:50,92,92012,0,0,2,1,3,1,1,4,2,00,1,1,000,000,1,0,1,4,1,62,5,1,2,00,2,1,1,201500037722B01,7,16,1
201500037724,2015-12-16,2015,décembre,mercredi,23:35,92,92012,0,0,2,1,6,5,1,4,2,00,1,1,000,000,1,0,1,1,1,27,5,1,2,00,1,1,1,201500037724A01,,,
201500037728,2015-01-04,2015,janvier,dimanche,16:15,92,92032,0,0,2,1,6,1,1,3,2,02,2,1,000,000,1,0,4,1,1,56,5,1,9,00,1,1,1,201500037728A01,,,
201500037742,2015-05-20,2015,mai,mercredi,14:40,92,92071,0,0,2,1,3,1,1,3,2,02,1,1,000,080,1,0,1,4,1,56,5,1,2,00,2,1,17,201500037742A01,7,10,1
201500037745,2015-06-02,2015,juin,mardi,90:5,92,92032,0,0,2,1,3,1,1,3,1,02,1,1,000,000,1,0,1,4,1,50,1,1,2,00,2,0,19,201500037745B01,33,0,1
201500037754,2015-09-06,2015,septembre,dimanche,11:45,92,92071,0,0,2,1,2,1,1,2,2,04,1,-1,000,000,1,0,1,3,1,49,5,1,2,00,2,1,2,201500037754A01,7,1,1
201500037807,2015-05-02,2015,mai,samedi,90:0,92,92023,0,0,2,1,7,1,1,4,1,00,1,1,000,000,1,0,1,4,2,49,1,1,9,00,0,0,2,201500037807A01,,,
201500037819,2015-06-23,2015,juin,mardi,18:30,92,92023,0,0,2,1,3,1,1,4,1,01,1,1,000,000,1,0,1,4,1,31,5,1,9,00,2,1,1,201500037819B01,7,15,1
201500037846,2015-09-17,2015,septembre,jeudi,90:0,92,92023,0,0,2,4,3,1,1,4,1,01,1,1,,,1,,1,4,1,34,0,1,2,00,2,1,1,201500037846B01,10,16,1
201500037855,2015-09-30,2015,septembre,mercredi,16:10,92,92060,0,0,2,2,3,1,1,3,2,04,1,1,,,1,0,1,4,1,62,5,1,9,00,2,1,1,201500037855B01,7,1,1
201500037872,2015-11-13,2015,novembre,vendredi,83:0,92,92023,0,0,2,1,7,1,1,4,1,02,1,1,000,000,1,0,1,4,1,40,0,1,9,00,9,0,1,201500037872A01,,,
201500037933,2015-06-08,2015,juin,lundi,18:30,92,92024,0,0,2,1,3,1,1,3,2,02,1,1,000,000,1,0,1,4,1,24,1,1,2,00,0,7,17,201500037933B01,7,23,1
201500037937,2015-06-09,2015,juin,mardi,10:25,92,92024,0,0,2,3,3,1,1,3,2,04,1,1,000,000,1,0,1,4,1,39,1,1,2,00,0,6,1,201500037937B01,7,12,1
201500037942,2015-07-01,2015,juillet,mercredi,92:5,92,92024,0,0,2,2,5,1,1,3,1,03,1,1,000,000,1,0,1,4,2,46,1,1,2,00,0,8,23,201500037942C01,7/ 31,16/1,2
201500037944,2015-07-17,2015,juillet,vendredi,11:0,92,92024,0,0,2,2,3,5,1,4,1,01,1,1,000,000,1,0,1,4,1,35,5,1,2,00,2,1,5,201500037944A01,7,1,1
201500038019,2015-03-16,2015,mars,lundi,84:0,92,92025,0,0,2,1,3,1,1,4,2,02,1,1,000,000,1,0,1,4,2,28,1,1,9,00,2,0,0,201500038019B01,7,0,1
201500038029,2015-04-07,2015,avril,mardi,17:15,92,92025,0,0,2,1,6,1,1,4,2,00,1,1,000,000,1,0,5,4,1,14,2,1,2,00,2,1,1,201500038029B01,7,22,1
201500038068,2015-09-03,2015,septembre,jeudi,17:45,92,92025,0,0,2,1,3,1,1,4,-1,00,-1,-1,000,000,-1,0,1,4,2,13,0,1,9,00,2,5,0,201500038068B01,7,0,1
201500038076,2015-09-23,2015,septembre,mercredi,16:35,92,92025,0,0,2,1,6,1,1,4,1,01,1,1,000,000,1,0,1,4,1,5,5,1,2,00,0,0,1,201500038076B01,14,1,1
201500038078,2015-09-25,2015,septembre,vendredi,16:30,92,92025,0,0,2,1,6,1,1,3,1,00,1,1,000,000,1,0,1,4,1,51,1,1,2,00,2,8,1,201500038078B01,7,17,1
201500038080,2015-09-29,2015,septembre,mardi,10:00,92,92025,0,0,2,2,3,1,1,4,2,02,1,1,000,000,1,0,1,4,2,62,5,1,9,00,2,1,1,201500038080B01,14,16,1
201500038089,2015-10-10,2015,octobre,samedi,14:10,92,92025,0,0,2,1,7,1,1,4,1,01,1,1,000,000,1,0,1,3,1,7,5,1,2,00,0,0,0,201500038089A01,,,
201500038120,2015-12-03,2015,décembre,jeudi,80:0,92,92025,0,0,2,2,3,2,1,4,2,02,-1,-1,000,000,-1,0,1,4,1,46,1,1,9,00,2,0,0,201500038120B01,10,0,1