Num_Acc,date,an,mois,jour,hrmn,dep,com,lat,long,agg,int,col,lum,atm,catr,circ,nbv,prof,plan,lartpc,larrout,surf,infra,situ,grav,sexe,age,trajet,secuexist,equipement,obs,obsm,choc,manv,vehiculeid,typevehicules,manoeuvehicules,numVehicules
201500038130,2015-12-17,2015,décembre,jeudi,22:30,92,92025,0,0,2,3,3,5,1,4,1,02,1,1,000,000,1,0,1,4,1,17,0,1,2,00,2,1,15,201500038130B01,7,1,1
201500038136,2015-12-26,2015,décembre,samedi,15:00,92,92025,0,0,2,1,3,1,1,4,1,02,1,1,000,000,1,0,1,4,2,61,5,1,2,00,2,3,19,201500038136B01,7,1,1
201500038137,2015-01-02,2015,janvier,vendredi,17:55,92,92026,0,0,2,1,3,5,1,3,2,02,1,1,000,093,1,0,1,4,1,13,5,1,9,00,2,7,15,201500038137B01,7,1,1
201500038146,2015-01-27,2015,janvier,mardi,12:10,92,92026,0,0,2,1,1,1,1,4,2,02,1,1,000,120,1,0,1,4,1,18,2,1,9,00,2,1,1,201500038146A01,7,9,1
201500038163,2015-03-13,2015,mars,vendredi,21:50,92,92026,0,0,2,6,3,5,1,4,4,03,1,4,000,000,1,0,1,4,2,16,5,1,9,00,2,1,1,201500038163B01,7,0,1
201500038167,2015-03-25,2015,mars,mercredi,10:10,92,92026,0,0,2,1,6,1,1,4,2,02,1,1,000,060,1,0,1,1,1,34,1,1,9,00,1,1,21,201500038167A01,,,
201500038171,2015-04-12,2015,avril,dimanche,12:30,92,92026,0,0,2,1,7,1,1,4,3,,1,1,000,175,1,0,5,3,2,52,1,1,2,00,2,1,21,201500038171B01,7,20,1
201500038175,2015-04-15,2015,avril,mercredi,75:0,92,92026,0,0,2,1,3,1,1,3,2,02,1,1,000,088,1,0,1,4,2,55,5,1,9,00,2,8,2,201500038175B01,37,17,1
201500038181,2015-05-20,2015,mai,mercredi,11:52,92,92026,0,0,2,1,2,1,1,3,2,02,1,1,000,088,1,0,1,4,1,17,2,1,2,00,2,1,2,201500038181A01,7,16,1
201500038208,2015-07-18,2015,juillet,samedi,15:25,92,92026,0,0,2,9,3,1,1,3,2,00,-1,-1,000,150,1,2,1,4,2,38,0,1,2,00,0,7,19,201500038208B01,7,1,1
201500038250,2015-01-15,2015,janvier,jeudi,11:50,92,92035,0,0,2,1,6,1,6,3,2,02,1,2,000,000,1,0,1,4,2,53,1,1,2,00,2,3,18,201500038250B01,7,22/24,2
201500038255,2015-01-31,2015,janvier,samedi,14:25,92,92035,0,0,2,1,7,1,1,3,2,02,1,1,000,000,1,0,1,3,2,72,5,1,2,00,0,0,1,201500038255A01,,,
201500038262,2015-04-07,2015,avril,mardi,15:00,92,92035,0,0,2,2,1,1,1,4,1,01,1,1,000,000,1,0,1,4,2,31,9,1,2,00,2,1,1,201500038262B01,7,17,1
201500038297,2015-01-22,2015,janvier,jeudi,19:55,92,92036,0,0,2,6,6,5,1,4,2,04,1,1,000,080,1,0,1,3,1,59,1,1,2,00,2,0,21,201500038297B01,7,9,1
201500038319,2015-04-08,2015,avril,mercredi,20:10,92,92036,0,0,2,1,6,1,1,4,2,02,1,1,000,070,1,0,1,4,1,38,5,1,2,00,2,7,3,201500038319A01,7,1,1
201500038347,2015-07-25,2015,juillet,samedi,13:05,92,92036,0,0,2,3,6,1,1,4,2,02,1,1,000,070,2,0,1,4,1,8,5,1,2,00,2,3,19,201500038347B01,7,1,1
201500038351,2015-08-07,2015,août,vendredi,13:25,92,92036,0,0,1,1,7,1,1,4,2,02,1,1,000,060,1,0,4,4,2,51,5,1,2,12,0,2,14,201500038351A01,,,
201500038354,2015-08-21,2015,août,vendredi,20:45,92,92036,0,0,2,1,6,5,1,4,2,02,1,1,000,060,1,0,1,4,1,53,9,1,2,00,2,8,1,201500038354B01,7,9,1
201500038365,2015-10-08,2015,octobre,jeudi,21:05,92,92036,0,0,2,3,6,5,1,4,3,02,1,1,000,080,1,0,1,4,1,27,1,1,2,00,2,3,1,201500038365B01,7,16,1
201500038373,2015-11-11,2015,novembre,mercredi,15:45,92,92036,0,0,2,1,6,1,1,4,1,01,1,1,000,030,1,0,1,3,1,12,5,1,2,00,2,0,0,201500038373B01,7,0,1
201500038406,2015-11-02,2015,novembre,lundi,16:25,92,92040,0,0,2,1,3,1,1,4,-1,01,1,-1,000,000,1,0,1,4,2,58,1,1,2,00,2,0,1,201500038406B01,7,9,1
201500038416,2015-01-03,2015,janvier,samedi,20:25,92,92040,0,0,2,2,3,5,2,2,1,02,1,1,000,150,1,0,1,4,1,22,0,1,2,00,2,1,1,201500038416A01,7,1,1
201500038431,2015-02-10,2015,février,mardi,11:40,92,92040,0,0,2,1,3,1,1,9,2,02,1,1,000,000,1,0,1,4,2,42,5,1,2,00,2,0,1,201500038431B01,10,23,1
201500038436,2015-03-11,2015,mars,mercredi,93:0,92,92040,0,0,2,2,3,1,1,9,2,02,1,-1,000,000,1,0,1,4,1,52,0,1,9,00,2,4,1,201500038436B01,17,0,1
201500038452,2015-05-17,2015,mai,dimanche,19:30,92,92040,0,0,2,1,2,1,1,4,2,02,2,1,000,000,1,0,1,4,1,30,5,1,2,00,2,1,1,201500038452B01,7,15,1
201500038458,2015-07-02,2015,juillet,jeudi,12:50,92,92040,0,0,2,1,7,1,1,9,2,02,4,1,000,000,1,0,1,3,1,22,0,1,9,00,0,0,1,201500038458A01,,,
201500038472,2015-08-02,2015,août,dimanche,12:30,92,92040,0,0,2,1,3,1,1,4,2,02,1,1,000,100,1,0,1,4,1,52,5,1,9,00,2,0,0,201500038472B01,10,0,1
201500038476,2015-08-20,2015,août,jeudi,18:30,92,92040,0,0,2,1,2,1,1,3,2,02,1,1,,,1,,1,4,1,38,,1,9,00,2,4,1,201500038476B02,7,1,1
201500038484,2015-09-24,2015,septembre,jeudi,13:30,92,92040,0,0,2,2,3,1,1,9,1,02,1,1,000,000,1,0,1,4,1,16,2,1,9,00,2,1,1,201500038484B01,7,1,1
201500038490,2015-10-26,2015,octobre,lundi,10:10,92,92040,0,0,2,2,3,1,1,3,2,02,1,1,000,000,1,0,1,4,2,31,1,1,2,00,2,1,1,201500038490B01,7,1,1
201500038491,2015-09-11,2015,septembre,vendredi,84:0,92,92040,0,0,2,1,2,1,1,9,2,02,1,1,000,000,1,0,1,4,1,50,0,1,2,00,2,4,1,201500038491B01,7,1,1
201500038492,2015-09-29,2015,septembre,mardi,19:00,92,92040,0,0,2,3,6,1,1,9,2,02,1,1,000,000,1,0,4,1,1,29,0,1,2,00,1,1,1,201500038492A01,,,
201500038496,2015-11-24,2015,novembre,mardi,15:00,92,92040,0,0,2,1,5,1,2,9,2,02,2,1,000,110,2,0,1,4,2,42,0,1,2,00,2,1,1,201500038496C01,10/ 7,1,2
201500038518,2015-02-23,2015,février,lundi,18:20,92,92044,0,0,2,1,7,5,1,4,1,00,1,1,000,000,1,0,1,4,1,44,0,1,9,00,0,0,1,201500038518A01,,,
201500038526,2015-04-01,2015,avril,mercredi,10:20,92,92044,0,0,2,3,7,1,1,4,1,00,1,1,000,000,1,0,1,4,1,70,0,1,9,00,2,1,1,201500038526A01,10,0,1
201500038549,2015-06-16,2015,juin,mardi,19:00,92,92044,0,0,2,1,3,1,1,4,1,00,1,1,000,000,1,2,1,4,1,50,0,1,9,00,2,1,0,201500038549A01,7,0,1
201500038556,2015-07-07,2015,juillet,mardi,13:35,92,92044,0,0,2,1,6,1,1,4,1,01,1,1,000,000,1,0,1,1,1,55,0,1,2,00,1,1,5,201500038556A01,,,
201500038558,2015-07-17,2015,juillet,vendredi,11:20,92,92044,0,0,2,2,6,1,1,4,2,01,-1,1,000,000,1,0,1,4,1,33,0,1,2,00,2,1,1,201500038558A01,7,1,1
201500038559,2015-07-29,2015,juillet,mercredi,91:5,92,92044,0,0,2,2,3,1,1,4,1,00,1,1,000,000,1,0,1,4,1,26,0,1,9,00,2,0,0,201500038559A01,7,0,1
201500038564,2015-09-11,2015,septembre,vendredi,18:30,92,92044,0,0,2,2,3,1,2,4,1,00,1,1,000,000,2,0,1,4,1,36,0,1,9,00,0,0,0,201500038564A01,33,0,1
201500038583,2015-11-06,2015,novembre,vendredi,12:00,92,92044,0,0,2,2,6,1,1,4,1,01,1,1,000,000,1,0,1,4,1,37,0,1,9,00,2,2,1,201500038583B01,10,15,1
201500038595,2015-12-19,2015,décembre,samedi,60:0,92,92044,0,0,2,2,1,5,1,4,1,00,1,1,000,000,1,0,1,4,1,39,1,1,1,00,2,1,5,201500038595B01,7,5,1
201500038606,2015-03-10,2015,mars,mardi,14:00,92,92048,0,0,2,6,3,1,1,4,-1,02,-1,-1,000,034,-1,0,0,4,1,83,5,1,9,00,2,7,1,201500038606A01,7,1,1
201500038608,2015-03-31,2015,mars,mardi,20:50,92,92048,0,0,1,6,3,5,1,3,1,01,1,2,000,060,1,0,1,4,1,55,5,1,4,00,2,1,1,201500038608B01,7,1,1
201500038619,2015-06-30,2015,juin,mardi,71:0,92,92048,0,0,2,3,1,1,1,4,2,02,1,1,000,074,1,0,1,4,1,52,1,1,9,00,2,1,1,201500038619B01,7,15,1
201500038623,2015-08-21,2015,août,vendredi,14:00,92,92048,0,0,2,3,6,1,1,4,2,02,1,1,000,050,1,0,1,4,1,9,5,1,9,00,2,0,1,201500038623B01,7,1,1
201500038629,2015-10-06,2015,octobre,mardi,11:55,92,92048,0,0,2,1,6,1,1,4,1,01,2,1,000,036,1,0,1,4,2,51,5,1,2,00,0,0,1,201500038629A01,,,
201500038653,2015-02-02,2015,février,lundi,18:20,92,92049,0,0,2,1,3,5,8,3,2,02,1,1,000,000,2,0,1,4,1,30,0,1,9,00,2,7,1,201500038653B01,7,15,1
201500038682,2015-04-15,2015,avril,mercredi,81:0,92,92020,0,0,2,1,6,1,1,3,2,02,-1,-1,000,000,-1,0,1,4,1,29,1,1,9,01,0,0,1,201500038682B01,10,22,1
201500038686,2015-04-23,2015,avril,jeudi,18:10,92,92020,0,0,2,1,6,1,1,3,2,02,-1,-1,000,000,-1,0,1,1,1,36,0,1,9,00,1,0,1,201500038686A01,,,
201500038703,2015-07-03,2015,juillet,vendredi,10:,92,92049,0,0,2,3,3,5,1,3,2,03,-1,-1,000,000,1,0,1,4,1,27,0,1,9,00,2,1,19,201500038703B01,7,15,1
201500038704,2015-07-07,2015,juillet,mardi,18:10,92,92020,0,0,2,1,6,1,1,9,1,01,-1,-1,000,000,1,0,1,1,1,26,0,1,9,00,1,0,0,201500038704A01,,,
201500038727,2015-09-10,2015,septembre,jeudi,17:30,92,92049,0,0,2,1,3,1,1,3,1,02,1,1,000,000,1,0,3,4,2,13,2,1,9,01,0,0,21,201500038727B01,7,22,1
201500038728,2015-09-11,2015,septembre,vendredi,80:0,92,92049,0,0,2,3,3,1,1,3,2,02,1,1,000,000,1,0,1,4,1,37,1,1,2,00,2,8,1,201500038728B01,10,15,1
201500038732,2015-09-15,2015,septembre,mardi,15:10,92,92049,0,0,2,1,7,1,1,4,2,02,1,1,000,000,1,0,1,4,1,14,5,1,2,00,0,0,1,201500038732A01,,,
201500038733,2015-09-16,2015,septembre,mercredi,14:50,92,92049,0,0,2,2,3,1,2,3,1,02,1,1,000,000,2,0,1,4,1,68,0,1,2,00,2,1,5,201500038733A01,7,1,1
201500038739,2015-10-08,2015,octobre,jeudi,84:0,92,92020,0,0,2,1,7,1,1,3,1,01,1,1,000,000,1,0,1,4,1,32,1,1,2,00,0,0,19,201500038739A01,,,
201500038750,2015-11-03,2015,novembre,mardi,18:15,92,92049,0,0,2,6,3,5,1,3,2,02,-1,-1,000,000,1,0,0,4,1,40,0,1,2,00,2,1,1,201500038750A01,7,1,1
201500038808,2015-04-14,2015,avril,mardi,91:0,92,92050,0,0,2,1,2,1,1,3,1,02,1,1,000,060,1,0,1,4,1,26,1,1,9,00,2,1,2,201500038808A01,7,2,1
201500038811,2015-04-21,2015,avril,mardi,16:30,92,92050,0,0,2,2,3,1,7,4,2,02,1,1,000,058,1,0,1,4,1,9,5,1,9,00,2,1,1,201500038811A01,7,1,1
201500038812,2015-04-16,2015,avril,jeudi,84:5,92,92050,0,0,2,1,3,1,1,3,1,02,1,1,000,058,1,0,1,4,1,81,5,1,2,00,2,8,2,201500038812B01,17,17,1
201500038818,2015-04-29,2015,avril,mercredi,74:5,92,92050,0,0,2,1,3,1,7,3,1,04,4,1,000,083,1,0,5,4,1,53,1,1,9,00,2,1,1,201500038818B01,7,16,1
201500038884,2015-09-27,2015,septembre,dimanche,90:0,92,92050,0,0,2,1,3,1,1,3,2,02,2,2,,,1,0,1,4,1,44,5,1,9,00,2,8,1,201500038884B02,7,1,1
201500038950,2015-03-01,2015,mars,dimanche,10:00,92,92051,0,0,2,3,3,1,1,4,1,01,1,1,000,000,1,0,1,4,1,51,5,1,2,00,2,1,1,201500038950B01,7,15,1
201500038955,2015-03-13,2015,mars,vendredi,12:25,92,92051,0,0,2,1,6,1,1,4,2,02,1,1,000,000,1,0,1,4,2,25,4,1,2,01,0,2,1,201500038955B01,7,24,1
201500038962,2015-04-07,2015,avril,mardi,18:25,92,92051,0,0,2,1,3,1,1,4,1,02,1,1,000,000,1,0,1,4,2,64,1,1,2,00,2,2,12,201500038962A01,7,1,1
201500038979,2015-05-29,2015,mai,vendredi,13:33,92,92051,0,0,2,1,6,1,1,4,1,01,1,1,000,000,1,0,1,3,1,15,2,1,2,00,1,1,1,201500038979A01,,,
201500038996,2015-09-02,2015,septembre,mercredi,18:40,92,92051,0,0,2,1,6,1,1,4,2,00,1,1,000,000,1,0,1,3,1,52,1,1,2,00,0,0,2,201500038996A01,,,
201500039008,2015-10-12,2015,octobre,lundi,12:00,92,92051,0,0,2,1,6,1,1,4,1,00,1,1,000,000,1,0,1,4,2,67,5,1,2,00,2,8,2,201500039008B01,7,17,1
201500039013,2015-10-06,2015,octobre,mardi,73:6,92,92051,0,0,2,1,6,2,3,2,1,00,1,1,000,000,2,0,1,4,1,43,0,1,2,01,0,1,0,201500039013A01,7,22,1
201500039061,2015-06-19,2015,juin,vendredi,11:15,92,92062,0,0,2,1,3,1,1,4,1,01,1,1,000,000,1,0,1,4,1,50,5,1,2,00,2,1,1,201500039061B01,7,22,1
201500039082,2015-11-01,2015,novembre,dimanche,40:5,92,92062,0,0,2,3,3,5,1,4,2,03,2,1,000,000,1,0,1,3,1,33,1,1,2,00,2,9,1,201500039082B01,7,15,1
201500039102,2015-02-06,2015,février,vendredi,74:0,92,92063,0,0,2,1,2,2,1,3,1,02,1,1,000,000,1,3,1,4,1,29,0,1,4,00,2,4,1,201500039102B01,7,9,1
201500039103,2015-02-05,2015,février,jeudi,15:00,92,92063,0,0,2,1,3,1,1,4,2,02,1,1,000,000,1,0,1,2,1,85,5,1,9,00,2,8,15,201500039103B01,7,1,1
201500039114,2015-03-31,2015,mars,mardi,81:0,92,92063,0,0,2,4,3,1,1,3,3,03,1,1,010,208,1,5,1,4,1,17,2,1,9,00,2,1,19,201500039114A01,7,1,1
201500039126,2015-05-29,2015,mai,vendredi,16:30,92,92063,0,0,2,6,7,1,1,4,1,02,1,2,000,065,1,0,1,4,1,45,1,1,9,00,0,8,0,201500039126A01,,,
201500039141,2015-07-01,2015,juillet,mercredi,12:50,92,92063,0,0,2,1,1,1,1,4,2,02,2,1,000,060,1,0,1,4,2,63,5,1,9,00,2,1,1,201500039141A01,7,1,1
201500039150,2015-08-25,2015,août,mardi,18:50,92,92063,0,0,2,1,7,1,2,4,1,01,2,3,000,050,2,0,1,4,1,30,5,1,9,00,0,0,1,201500039150A01,,,
201500039152,2015-09-06,2015,septembre,dimanche,14:15,92,92063,0,0,1,3,3,1,1,1,1,02,1,1,000,070,-1,0,1,4,1,37,0,1,9,00,2,4,1,201500039152A01,7,1,1
201500039158,2015-09-22,2015,septembre,mardi,20:50,92,92063,0,0,2,3,3,5,1,4,2,02,1,1,000,060,1,0,1,4,1,39,5,1,9,00,2,1,1,201500039158B01,7,15,1
201500039167,2015-11-04,2015,novembre,mercredi,82:0,92,92063,0,0,2,1,1,2,2,4,2,02,2,1,000,106,2,0,1,4,1,54,5,1,9,00,2,1,1,201500039167B01,7,0,1
201500039172,2015-11-16,2015,novembre,lundi,13:55,92,92063,0,0,2,3,7,1,1,3,2,02,4,1,000,060,1,0,1,4,1,30,4,1,9,00,0,0,1,201500039172B01,7,15,1
201500039227,2015-05-11,2015,mai,lundi,15:50,92,92033,0,0,2,9,3,1,1,4,2,02,2,1,000,000,1,0,1,4,1,46,5,1,2,00,2,1,1,201500039227B01,30,15,1
201500039228,2015-05-11,2015,mai,lundi,19:45,92,92064,0,0,2,9,7,1,1,9,4,01,2,-1,000,000,1,0,1,4,1,36,5,1,2,00,0,8,15,201500039228A01,,,
201500039228,2015-05-11,2015,mai,lundi,19:45,92,92064,0,0,2,9,7,1,1,9,4,01,2,-1,000,000,1,0,1,4,1,36,5,1,2,00,0,8,15,201500039228A01,,,
201500039241,2015-06-23,2015,juin,mardi,16:00,92,92064,0,0,2,1,6,1,1,3,3,04,1,1,000,120,1,0,1,4,1,19,5,1,9,00,2,1,1,201500039241A01,7,1,1
201500039260,2015-09-03,2015,septembre,jeudi,14:10,92,92064,0,0,2,1,2,1,1,3,1,02,1,2,000,068,1,0,1,4,1,62,5,1,9,00,2,4,1,201500039260B01,7,1,1
201500039273,2015-10-09,2015,octobre,vendredi,15:30,92,92064,0,0,2,1,7,1,1,3,3,02,4,2,000,042,1,0,1,2,1,77,5,1,2,00,0,0,1,201500039273A01,,,
201500039327,2015-04-14,2015,avril,mardi,17:40,92,92022,0,0,2,2,3,1,1,3,2,05,1,1,020,160,1,5,1,4,1,32,9,1,2,00,2,1,17,201500039327B01,33,15,1
201500039332,2015-05-04,2015,mai,lundi,18:10,92,92072,0,0,2,1,6,1,2,3,2,07,1,1,000,210,2,0,1,1,1,22,5,1,2,00,1,1,1,201500039332A01,,,
201500039333,2015-05-10,2015,mai,dimanche,10:30,92,92022,0,0,2,3,3,1,1,3,2,03,2,1,000,142,1,5,1,3,1,43,5,1,2,00,2,1,1,201500039333B01,7,15,1
201500039355,2015-10-21,2015,octobre,mercredi,16:00,92,92072,0,0,2,3,3,1,1,3,2,02,2,1,000,069,1,0,1,4,1,14,9,1,2,00,2,1,17,201500039355B01,10,15,1
201500039356,2015-11-01,2015,novembre,dimanche,18:00,92,92077,0,0,2,2,6,5,1,3,2,03,1,1,000,078,1,0,1,4,2,50,9,1,2,00,0,0,1,201500039356B01,7,15,1
201500039378,2015-03-12,2015,mars,jeudi,18:45,92,92073,0,0,2,1,6,2,1,3,2,02,1,1,000,000,1,0,1,4,1,20,0,1,2,00,1,1,2,201500039378A01,,,
201500039384,2015-04-08,2015,avril,mercredi,19:10,92,92073,0,0,2,3,6,1,1,4,2,02,1,1,000,000,1,0,1,4,1,38,1,1,2,00,0,0,15,201500039384B01,32,17,1
201500039392,2015-05-11,2015,mai,lundi,14:35,92,92073,0,0,2,1,3,1,1,3,2,06,1,1,000,000,1,0,1,4,2,57,5,1,9,00,2,8,2,201500039392B01,10,17,1
201500039402,2015-06-10,2015,juin,mercredi,12:00,92,92073,0,0,2,1,2,1,1,3,3,04,2,1,000,000,1,0,1,4,1,17,5,1,2,00,2,4,2,201500039402B01,7,2,1
201500039404,2015-06-17,2015,juin,mercredi,18:00,92,92073,0,0,2,3,3,1,1,4,1,01,1,1,000,000,1,0,5,4,2,39,1,1,2,00,2,4,0,201500039404B01,7,5,1
201500039422,2015-10-02,2015,octobre,vendredi,18:40,92,92073,0,0,2,3,6,1,1,3,2,02,1,1,000,000,1,0,1,4,2,26,5,1,2,00,0,3,0,201500039422B01,7,0,1
201500039427,2015-10-20,2015,octobre,mardi,16:25,92,92073,0,0,2,1,3,1,1,3,2,04,3,1,000,000,1,0,1,4,1,76,5,1,2,01,0,7,3,201500039427B01,7,24,1
201500039432,2015-10-30,2015,octobre,vendredi,18:55,92,92073,0,0,2,3,6,3,1,3,2,02,1,-1,000,000,1,0,1,4,1,19,5,1,2,00,2,0,19,201500039432B01,7,15,1
201500039438,2015-12-03,2015,décembre,jeudi,17:30,92,92073,0,0,2,2,3,2,1,3,2,02,1,1,000,000,1,0,1,4,1,27,5,1,2,00,2,1,1,201500039438B01,7,0,1
201500039454,2015-02-28,2015,février,samedi,13:50,92,92075,0,0,2,4,2,1,1,4,1,00,1,1,000,000,1,0,0,4,1,62,5,1,2,00,0,0,1,201500039454B01,7,1,1
201500039467,2015-04-13,2015,avril,lundi,83:0,92,92075,0,0,2,1,2,1,1,3,3,05,1,1,000,000,1,0,1,4,1,37,1,1,9,00,0,4,1,201500039467B01,10,1,1
201500039474,2015-05-26,2015,mai,mardi,85:0,92,92075,0,0,2,7,3,1,1,4,-1,00,1,2,000,000,1,5,1,4,1,51,1,1,2,00,2,8,1,201500039474B01,7,15,1
201500039483,2015-06-29,2015,juin,lundi,10:0,92,92075,0,0,2,1,6,5,1,4,2,01,2,1,000,000,1,0,3,4,1,25,5,1,9,01,0,1,14,201500039483A01,,,
201500039486,2015-07-07,2015,juillet,mardi,83:0,92,92046,0,0,2,3,2,1,1,4,2,02,1,1,000,000,1,0,1,3,2,38,0,1,9,00,2,1,21,201500039486A01,33,1,1
201500039496,2015-09-21,2015,septembre,lundi,15:55,92,92046,0,0,2,3,3,1,1,4,1,00,-1,1,000,000,1,0,1,4,1,13,2,1,2,00,2,8,19,201500039496B01,7,1,1
201500039504,2015-10-14,2015,octobre,mercredi,18:30,92,92075,0,0,2,4,3,1,1,4,2,00,1,1,000,000,1,0,1,1,1,21,5,1,2,00,1,1,16,201500039504A01,37,23,1
201500039536,2015-05-13,2015,mai,mercredi,12:15,92,92078,0,0,2,1,6,1,1,4,2,02,1,1,000,000,1,0,1,1,1,34,0,1,2,00,1,0,1,201500039536A01,,,
201500039536,2015-05-13,2015,mai,mercredi,12:15,92,92078,0,0,2,1,6,1,1,4,2,02,1,1,000,000,1,0,1,4,2,42,0,1,9,00,1,0,1,201500039536A01,,,
201500039558,2015-01-21,2015,janvier,mercredi,20:55,92,92062,0,0,2,1,6,5,1,4,1,02,1,1,000,000,1,1,1,4,1,38,5,1,2,00,2,1,1,201500039558A01,7,1,1
201500039639,2015-06-12,2015,juin,vendredi,19:00,93,93001,0,0,2,1,3,1,1,4,-1,00,1,1,000,000,1,0,1,3,2,31,0,1,2,00,2,1,1,201500039639B01,7,15,1
201500039642,2015-06-17,2015,juin,mercredi,80:0,93,93001,0,0,2,1,3,1,1,4,2,02,1,-1,000,100,1,0,1,3,2,46,1,1,9,00,2,8,1,201500039642A01,7,17,1
201500039645,2015-06-21,2015,juin,dimanche,93:0,93,93001,0,0,2,2,3,1,1,2,-1,02,1,-1,000,000,-1,0,1,4,1,35,0,1,9,00,2,8,15,201500039645B01,7,1,1
201500039675,2015-08-26,2015,août,mercredi,21:00,93,93001,0,0,2,3,3,5,2,4,1,01,1,1,000,050,1,0,1,4,1,15,0,1,9,00,2,7,5,201500039675A01,7,15,1
201500039690,2015-10-11,2015,octobre,dimanche,11:40,93,93001,0,0,2,1,3,1,1,3,2,02,1,1,000,070,1,0,1,3,1,30,5,1,9,00,2,7,1,201500039690B01,7,9,1
201500039737,2015-03-04,2015,mars,mercredi,15:30,93,93005,0,0,2,1,1,1,1,4,2,02,1,-1,000,000,1,0,1,3,1,10,5,1,2,00,2,8,1,201500039737B01,7,1,1
201500039742,2015-03-23,2015,mars,lundi,14:00,93,93005,0,0,2,1,3,1,1,4,3,02,1,1,000,000,1,0,1,4,2,58,0,1,9,00,2,0,1,201500039742B01,7,1,1
201500039745,2015-03-26,2015,mars,jeudi,11:50,93,93005,0,0,2,1,6,1,2,4,2,02,1,1,000,110,1,0,1,3,2,63,0,1,2,01,0,2,1,201500039745B01,7,24,1
201500039772,2015-05-17,2015,mai,dimanche,21:35,93,93005,0,0,2,1,3,5,1,4,1,01,1,1,000,035,1,0,1,3,1,9,0,1,9,00,2,7,19,201500039772B01,7,1,1
201500039801,2015-07-17,2015,juillet,vendredi,20:00,93,93005,0,0,2,1,5,1,1,9,-1,01,2,1,000,000,1,0,5,3,1,41,5,1,9,00,0,8,5,201500039801A01,1,1/21,2
201500039801,2015-07-17,2015,juillet,vendredi,20:00,93,93005,0,0,2,1,5,1,1,9,-1,01,2,1,000,000,1,0,5,4,1,57,5,1,2,00,2,1,1,201500039801B01,1,5/21,2
201500039801,2015-07-17,2015,juillet,vendredi,20:00,93,93005,0,0,2,1,5,1,1,9,-1,01,2,1,000,000,1,0,5,1,1,49,5,1,2,00,2,1,21,201500039801C01,1,5/1,2
201500039827,2015-09-25,2015,septembre,vendredi,82:0,93,93005,0,0,2,1,3,1,1,4,1,01,1,-1,000,000,1,0,1,4,1,14,2,1,9,00,2,2,1,201500039827B01,7,9,1
201500039833,2015-10-04,2015,octobre,dimanche,80:0,93,93005,0,0,2,3,3,1,1,4,2,02,1,1,000,000,1,0,1,4,1,46,5,1,2,00,2,1,1,201500039833A01,7,15,1
201500039844,2015-10-15,2015,octobre,jeudi,15:00,93,93005,0,0,2,1,3,1,1,4,1,02,1,1,000,000,1,0,1,4,1,45,0,1,2,00,2,8,0,201500039844B01,7,0,1
201500039863,2015-12-04,2015,décembre,vendredi,19:30,93,93005,0,0,2,1,3,5,1,3,3,04,1,1,000,000,1,0,4,4,1,48,1,1,4,00,2,1,14,201500039863A01,7,20,1
201500039880,2015-02-09,2015,février,lundi,14:40,93,93007,0,0,2,6,7,1,1,9,2,02,1,1,000,030,1,0,5,4,1,38,0,1,2,00,2,1,1,201500039880Y01,7,1,1
201500039888,2015-03-02,2015,mars,lundi,17:20,93,93007,0,0,2,1,3,1,1,4,1,01,1,1,000,000,1,0,1,3,1,57,5,1,2,00,2,1,14,201500039888B01,7,9,1
201500039937,2015-09-10,2015,septembre,jeudi,22:40,93,93007,0,0,2,1,6,5,1,4,2,02,1,1,000,000,1,0,1,2,1,36,0,1,9,00,2,0,2,201500039937B02,7,2,1
201500039993,2015-05-11,2015,mai,lundi,13:50,93,93008,0,0,2,1,1,1,1,4,2,02,1,1,000,030,1,0,1,3,1,12,2,1,4,00,1,7,21,201500039993B01,14,17,1
201500040027,2015-12-29,2015,décembre,mardi,14:50,93,93008,0,0,2,1,3,1,1,4,2,00,-1,-1,000,000,-1,0,1,3,2,10,5,1,9,00,2,4,9,201500040027B01,7,1,1
201500040091,2015-03-11,2015,mars,mercredi,13:20,93,93010,0,0,2,6,3,1,1,2,1,01,-1,-1,000,000,1,0,1,4,1,44,1,1,2,00,0,5,0,201500040091A01,7,0,1
201500040116,2015-06-20,2015,juin,samedi,19:05,93,93010,0,0,2,1,1,1,1,4,1,01,1,1,000,000,1,0,1,3,1,15,5,1,9,00,2,8,19,201500040116A01,7,1,1
201500040146,2015-10-08,2015,octobre,jeudi,14:30,93,93010,0,0,2,9,3,1,1,3,-1,00,2,-1,000,000,1,0,1,4,1,30,0,1,2,00,2,1,1,201500040146B01,3,9,1
201500040151,2015-10-21,2015,octobre,mercredi,90:0,93,93010,0,0,2,2,3,1,1,2,3,02,1,-1,000,000,1,0,1,3,2,31,0,1,2,00,0,0,0,201500040151A01,7,0,1
201500040155,2015-11-09,2015,novembre,lundi,23:50,93,93010,0,0,2,1,2,5,1,2,3,02,1,1,100,035,1,0,1,4,1,39,1,1,9,00,0,4,2,201500040155B01,7,2,1
201500040182,2015-12-22,2015,décembre,mardi,14:15,93,93047,0,0,2,1,3,1,1,4,1,01,1,1,000,060,1,0,1,3,1,59,0,1,2,00,9,7,9,201500040182A01,99,5,1
201500040193,2015-03-17,2015,mars,mardi,13:10,93,93014,0,0,2,3,3,1,1,3,2,02,1,1,000,060,1,0,1,3,2,10,2,1,2,00,2,3,13,201500040193B01,7,1,1
201500040230,2015-09-11,2015,septembre,vendredi,74:0,93,93047,0,0,2,3,1,1,1,4,2,02,1,1,000,050,1,0,1,3,1,32,1,1,9,00,2,1,1,201500040230B01,7,15,1
201500040303,2015-06-25,2015,juin,jeudi,17:50,93,93030,0,0,2,1,3,1,1,4,2,02,1,1,000,000,1,0,1,4,2,14,5,1,2,00,2,7,0,201500040303B01,7,0,1