Num_Acc,date,an,mois,jour,hrmn,dep,com,lat,long,agg,int,col,lum,atm,catr,circ,nbv,prof,plan,lartpc,larrout,surf,infra,situ,grav,sexe,age,trajet,secuexist,equipement,obs,obsm,choc,manv,vehiculeid,typevehicules,manoeuvehicules,numVehicules
201500040325,2015-09-14,2015,septembre,lundi,19:20,93,93027,0,0,2,1,2,2,8,4,3,06,1,1,050,130,1,0,1,4,1,38,5,1,2,00,2,4,12,201500040325A01,34,3,1
201500040358,2015-12-10,2015,décembre,jeudi,12:36,93,93027,0,0,2,9,2,1,1,4,1,01,1,1,000,000,1,0,1,3,1,25,0,1,2,00,2,1,18,201500040358B01,7,23,1
201500040365,2015-02-04,2015,février,mercredi,20:24,93,93029,0,0,2,1,3,5,1,4,2,02,1,1,000,040,1,0,1,4,1,20,5,1,9,00,2,3,1,201500040365B01,7,1,1
201500040381,2015-04-21,2015,avril,mardi,18:30,93,93029,0,0,2,1,1,1,1,4,-1,00,-1,-1,000,000,1,0,1,3,1,58,0,1,9,00,0,0,0,201500040381B01,7,0,1
201500040383,2015-05-10,2015,mai,dimanche,21:40,93,93029,0,0,2,4,1,5,1,4,1,01,1,1,000,060,1,0,1,3,1,12,5,1,9,00,2,1,5,201500040383B01,7,1,1
201500040399,2015-07-09,2015,juillet,jeudi,10:45,93,93029,0,0,2,2,1,1,1,4,2,00,1,1,000,000,1,0,1,3,1,34,4,1,9,00,2,3,1,201500040399A01,7,1,1
201500040410,2015-10-01,2015,octobre,jeudi,18:15,93,93029,0,0,2,1,2,2,1,4,2,02,2,1,000,060,1,0,1,3,1,51,5,1,2,00,2,1,0,201500040410A01,7,0,1
201500040415,2015-10-16,2015,octobre,vendredi,63:5,93,93029,0,0,2,2,3,5,2,3,2,00,1,1,000,000,2,5,1,3,1,17,0,1,9,00,0,0,0,201500040415B01,7,0,1
201500040424,2015-11-10,2015,novembre,mardi,13:26,93,93029,0,0,2,3,3,1,1,4,2,02,1,1,000,000,1,0,1,4,2,28,4,1,9,00,9,1,1,201500040424B01,7,11,1
201500040427,2015-12-19,2015,décembre,samedi,92:5,93,93029,0,0,2,3,3,1,1,4,-1,01,1,1,000,000,1,0,1,4,1,30,5,1,2,00,2,8,1,201500040427B01,7,15,1
201500040433,2015-01-26,2015,janvier,lundi,17:00,93,93031,0,0,2,2,6,2,2,2,3,02,1,1,000,000,2,0,1,1,1,36,1,1,4,00,1,1,1,201500040433A01,,,
201500040440,2015-02-20,2015,février,vendredi,11:00,93,93031,0,0,2,1,3,1,2,4,-1,00,1,3,000,000,2,0,4,4,2,22,1,1,9,00,2,7,1,201500040440B01,99,1,1
201500040447,2015-03-07,2015,mars,samedi,23:40,93,93031,0,0,2,1,2,5,1,4,1,02,1,1,040,025,1,0,1,3,1,22,5,1,9,01,0,1,17,201500040447A01,7,22,1
201500040493,2015-08-21,2015,août,vendredi,22:20,93,93031,0,0,2,9,1,5,1,9,-1,00,1,-1,000,800,1,6,0,4,2,9,5,1,9,00,2,1,1,201500040493B01,34,1,1
201500040615,2015-07-03,2015,juillet,vendredi,10:15,93,93006,0,0,2,2,2,1,7,4,2,02,2,1,000,000,1,5,1,3,1,57,1,1,9,00,2,1,1,201500040615B01,7,4,1
201500040630,2015-09-28,2015,septembre,lundi,17:30,93,93061,0,0,2,1,6,1,1,4,2,00,1,1,000,000,1,0,1,3,2,46,1,1,2,01,9,2,2,201500040630B01,7,24,1
201500040636,2015-10-09,2015,octobre,vendredi,16:15,93,93006,0,0,2,1,3,1,1,4,1,02,1,1,000,000,1,0,1,1,2,27,0,1,9,00,0,3,0,201500040636B01,30,2,1
201500040677,2015-01-30,2015,janvier,vendredi,22:20,93,93046,0,0,2,9,3,5,1,4,2,02,1,1,000,000,2,0,1,3,1,56,0,1,2,00,0,1,1,201500040677B01,7,15,1
201500040732,2015-07-16,2015,juillet,jeudi,22:15,93,93046,0,0,2,1,3,5,1,4,1,01,1,1,000,000,1,0,1,3,1,7,0,1,2,00,2,0,0,201500040732B01,7,0,1
201500040744,2015-09-06,2015,septembre,dimanche,92:0,93,93046,0,0,2,1,3,1,1,4,3,02,1,1,000,000,1,0,1,4,1,88,5,1,2,00,2,3,11,201500040744B01,7,2,1
201500040760,2015-10-23,2015,octobre,vendredi,16:40,93,93046,0,0,2,1,2,1,1,9,2,02,2,1,000,000,1,0,1,4,1,42,0,1,9,00,2,1,2,201500040760B01,7,4,1
201500040765,2015-11-23,2015,novembre,lundi,83:5,93,93046,0,0,2,1,1,1,1,4,1,02,1,-1,000,060,1,0,1,4,1,17,2,1,2,00,2,1,0,201500040765B01,7,9,1
201500040772,2015-12-17,2015,décembre,jeudi,85:5,93,93074,0,0,2,6,3,1,1,4,2,02,2,1,000,000,1,5,1,4,1,38,0,1,2,00,2,0,0,201500040772B01,7,0,1
201500040778,2015-09-08,2015,septembre,mardi,18:30,93,93046,0,0,2,1,3,1,1,4,2,02,1,1,000,100,1,0,1,4,1,12,0,1,2,00,2,7,3,201500040778B01,3,1,1
201500040787,2015-01-28,2015,janvier,mercredi,20:45,93,93048,0,0,2,1,3,3,2,4,1,01,1,1,000,000,2,0,1,4,2,26,3,1,4,00,2,3,5,201500040787Y01,7,16,1
201500040796,2015-03-11,2015,mars,mercredi,85:0,93,93048,0,0,2,1,6,1,1,4,2,02,1,1,000,000,1,0,1,1,1,46,1,1,9,00,1,1,1,201500040796A01,,,
201500040801,2015-04-02,2015,avril,jeudi,15:40,93,93048,0,0,2,3,3,1,3,9,-1,01,1,-1,000,000,2,0,5,3,1,55,1,1,9,00,2,8,2,201500040801Y01,7,2,1
201500040812,2015-05-19,2015,mai,mardi,81:0,93,93048,0,0,2,1,6,1,1,4,2,02,1,1,000,000,1,0,1,1,1,33,1,1,9,00,1,1,9,201500040812A01,,,
201500040841,2015-09-20,2015,septembre,dimanche,20:00,93,93048,0,0,2,1,3,5,1,4,2,00,1,-1,000,000,1,0,1,4,1,12,5,1,9,00,2,8,19,201500040841B01,7,1,1
201500040847,2015-10-02,2015,octobre,vendredi,16:45,93,93048,0,0,2,1,3,1,1,4,2,02,1,1,000,076,1,0,1,3,1,19,2,1,2,00,2,1,1,201500040847B01,7,15,1
201500040872,2015-11-26,2015,novembre,jeudi,17:45,93,93048,0,0,2,3,3,5,1,4,1,01,1,1,000,000,1,0,5,3,2,35,1,1,2,00,2,1,1,201500040872B01,7,15,1
201500040876,2015-12-01,2015,décembre,mardi,14:15,93,93048,0,0,2,1,3,1,1,4,1,02,2,1,000,060,1,0,1,4,1,40,0,1,2,01,0,1,1,201500040876A01,7,22,1
201500040937,2015-09-10,2015,septembre,jeudi,17:30,93,93050,0,0,2,1,3,1,1,3,2,02,1,1,000,000,1,0,1,4,1,72,5,1,2,00,0,8,19,201500040937B01,7,2,1
201500040968,2015-02-13,2015,février,vendredi,84:5,93,93051,0,0,2,1,6,1,1,4,1,01,1,1,000,040,1,0,1,3,1,17,9,1,2,01,0,1,1,201500040968B01,7,24,1
201500040973,2015-03-04,2015,mars,mercredi,44:0,93,93051,0,0,2,1,1,3,1,4,2,02,2,2,010,060,1,0,1,3,1,35,1,1,4,00,2,1,5,201500040973A01,37,5,1
201500040999,2015-08-18,2015,août,mardi,15:05,93,93051,0,0,2,1,2,1,1,3,2,02,1,1,070,050,1,0,1,3,1,15,5,1,9,01,0,4,13,201500040999B01,7,13,1
201500041003,2015-09-06,2015,septembre,dimanche,10:30,93,93033,0,0,2,1,3,1,1,3,2,01,1,3,000,030,1,0,1,4,1,77,5,1,2,00,2,2,15,201500041003A01,33,1,1
201500041018,2015-10-14,2015,octobre,mercredi,16:11,93,93051,0,0,2,1,3,1,1,4,-1,01,1,1,000,020,1,0,4,3,1,9,5,1,9,00,2,0,0,201500041018A01,7,1,1
201500041020,2015-10-15,2015,octobre,jeudi,20:00,93,93051,0,0,2,1,6,5,2,4,1,01,1,1,000,030,2,0,1,3,1,8,5,1,2,00,2,8,19,201500041020B01,7,4,1
201500041029,2015-11-27,2015,novembre,vendredi,91:0,93,93051,0,0,2,6,6,1,5,9,2,02,-1,1,000,025,1,2,1,1,1,15,0,1,9,00,2,8,0,201500041029B01,31,0,1
201500041059,2015-06-05,2015,juin,vendredi,14:25,93,93053,0,0,2,1,3,1,1,3,2,01,1,1,060,060,1,0,1,3,1,33,1,1,2,00,2,7,1,201500041059B01,7,0,1
201500041104,2015-02-24,2015,février,mardi,20:10,93,93055,0,0,2,1,6,5,1,2,3,02,1,1,020,060,2,0,1,1,2,28,0,1,9,00,1,1,21,201500041104A01,,,
201500041120,2015-06-25,2015,juin,jeudi,16:50,93,93055,0,0,2,1,1,1,1,3,2,02,2,1,000,000,1,0,1,3,2,48,0,1,2,00,2,1,1,201500041120B01,7,13,1
201500041124,2015-07-15,2015,juillet,mercredi,19:15,93,93055,0,0,2,2,3,1,1,4,2,02,2,1,000,000,1,0,1,3,1,37,0,1,2,00,2,1,1,201500041124B01,7,1,1
201500041138,2015-09-28,2015,septembre,lundi,11:20,93,93055,0,0,2,1,3,1,1,4,2,02,4,1,000,000,1,0,1,3,2,32,0,1,1,00,0,0,0,201500041138B01,7,1,1
201500041180,2015-06-10,2015,juin,mercredi,12:20,93,93062,0,0,2,1,3,1,1,4,-1,02,1,-1,000,000,1,0,4,4,1,14,5,1,9,00,0,8,0,201500041180B01,7,0,1
201500041193,2015-07-24,2015,juillet,vendredi,19:45,93,93077,0,0,2,2,3,1,1,4,1,01,1,1,000,050,1,0,1,4,1,31,0,1,2,00,0,1,0,201500041193B01,7,0,1
201500041203,2015-09-07,2015,septembre,lundi,12:00,93,93062,0,0,2,1,3,1,1,4,1,01,1,1,000,000,1,0,1,3,1,47,5,1,2,00,2,1,1,201500041203A01,7,0,1
201500041218,2015-11-17,2015,novembre,mardi,17:25,93,93077,0,0,2,4,6,5,2,3,2,02,1,2,000,000,2,5,1,4,1,29,0,1,9,00,2,8,19,201500041218B01,7,2,1
201500041240,2015-07-28,2015,juillet,mardi,12:05,93,93064,0,0,2,1,6,1,1,2,2,04,1,1,000,000,1,0,4,4,2,18,1,1,9,00,2,1,1,201500041240B01,7,0,1
201500041244,2015-08-24,2015,août,lundi,17:55,93,93064,0,0,2,1,6,1,3,3,2,01,1,1,000,050,2,0,1,3,1,59,0,1,2,00,0,0,1,201500041244B01,7,1,1
201500041270,2015-01-28,2015,janvier,mercredi,13:20,93,93066,0,0,2,2,3,1,8,2,1,02,1,1,000,050,1,0,0,3,1,49,1,1,2,00,0,6,1,201500041270B01,7,1,1
201500041314,2015-05-02,2015,mai,samedi,15:40,93,93066,0,0,2,1,1,1,2,3,2,02,2,1,000,000,2,0,1,4,1,5,0,1,2,00,2,3,1,201500041314B01,7,1,1
201500041333,2015-05-30,2015,mai,samedi,21:55,93,93066,0,0,2,1,3,5,1,3,2,02,1,1,000,070,1,0,1,3,1,25,1,1,2,00,2,2,2,201500041333B01,7,2,1
201500041344,2015-06-22,2015,juin,lundi,14:0,93,93066,0,0,2,1,3,5,1,3,1,01,1,1,000,000,1,0,1,3,1,19,0,1,2,00,2,8,2,201500041344B01,7,2,1
201500041395,2015-09-24,2015,septembre,jeudi,21:15,93,93066,0,0,2,1,3,5,2,4,2,00,1,1,000,000,2,0,1,4,1,33,1,1,2,00,0,0,0,201500041395B01,99,0,1
201500041405,2015-10-13,2015,octobre,mardi,18:20,93,93066,0,0,2,1,6,1,1,3,2,02,1,1,000,060,1,0,1,3,1,14,0,1,9,00,0,0,0,201500041405B01,7,0,1
201500041419,2015-11-01,2015,novembre,dimanche,43:0,93,93066,0,0,2,1,6,5,1,3,2,02,1,1,000,000,-1,0,1,3,1,25,0,1,9,00,1,1,0,201500041419B01,10,0,1
201500041423,2015-11-05,2015,novembre,jeudi,12:15,93,93066,0,0,2,1,7,1,1,4,3,02,1,1,020,020,1,0,0,4,1,29,4,1,2,00,0,8,2,201500041423B01,15,2,1
201500041476,2015-02-15,2015,février,dimanche,16:45,93,93070,0,0,2,1,3,1,1,3,2,03,1,1,000,150,1,0,1,4,2,26,0,1,2,00,2,3,0,201500041476B01,7,0,1
201500041479,2015-03-08,2015,mars,dimanche,18:15,93,93070,0,0,2,1,6,2,1,4,-1,01,1,-1,000,035,-1,0,1,4,1,53,0,1,1,01,0,1,21,201500041479B01,7,24,1
201500041492,2015-05-13,2015,mai,mercredi,19:35,93,93070,0,0,2,1,2,1,1,4,2,04,1,1,000,140,1,0,1,4,1,47,0,1,2,00,2,2,3,201500041492B01,7,2,1
201500041505,2015-06-17,2015,juin,mercredi,19:40,93,93070,0,0,2,1,3,1,1,4,2,02,1,1,000,070,1,0,1,4,1,42,0,1,2,00,0,1,0,201500041505B01,7,15,1
201500041534,2015-11-18,2015,novembre,mercredi,16:10,93,93070,0,0,2,1,2,1,1,4,2,04,1,1,010,140,1,0,1,4,1,44,0,1,9,00,0,4,2,201500041534B01,7,2,1
201500041554,2015-03-28,2015,mars,samedi,19:07,93,93071,0,0,2,3,3,1,1,3,2,00,1,1,000,000,1,0,1,4,1,18,9,1,9,00,0,1,19,201500041554A01,7,1,1
201500041561,2015-05-01,2015,mai,vendredi,21:05,93,93071,0,0,2,2,3,5,8,4,2,02,1,-1,000,000,2,0,1,4,1,37,0,1,2,00,2,1,0,201500041561A01,7,1,1
201500041582,2015-08-05,2015,août,mercredi,20:30,93,93071,0,0,2,2,3,2,1,3,2,02,1,1,000,080,1,0,1,3,1,47,0,1,9,01,0,0,0,201500041582B02,7,24,1
201500041608,2015-03-16,2015,mars,lundi,16:55,93,93059,0,0,2,1,1,1,1,4,1,01,3,-1,000,000,1,6,1,4,1,15,5,1,9,00,2,3,9,201500041608B01,7,9,1
201500041631,2015-09-09,2015,septembre,mercredi,12:00,93,93059,0,0,2,1,3,1,1,2,3,02,1,-1,000,000,1,0,5,3,1,25,0,1,9,00,2,1,2,201500041631B01,7,16,1
201500041654,2015-05-27,2015,mai,mercredi,17:45,93,93059,0,0,2,3,3,1,1,4,2,02,1,1,000,035,1,0,1,4,1,11,5,1,2,00,2,4,10,201500041654B01,7,16,1
201500041659,2015-01-23,2015,janvier,vendredi,16:00,93,93078,0,0,2,1,2,1,1,4,2,00,1,1,000,060,1,0,1,3,2,26,0,1,2,00,0,4,1,201500041659B01,7,2,1
201500041665,2015-02-17,2015,février,mardi,20:00,93,93073,0,0,2,1,3,5,1,4,2,01,1,3,020,030,1,0,1,3,1,79,5,1,2,00,0,4,1,201500041665B01,7,16,1
201500041686,2015-05-22,2015,mai,vendredi,84:0,93,93073,0,0,2,1,3,1,1,4,1,00,1,-1,000,000,1,0,1,4,1,13,0,1,1,00,2,2,0,201500041686B01,7,0,1
201500041716,2015-09-05,2015,septembre,samedi,11:00,93,93078,0,0,2,1,3,1,1,4,2,03,1,1,010,090,1,0,1,3,1,13,5,1,9,00,0,0,0,201500041716B01,7,1,1
201500041725,2015-10-09,2015,octobre,vendredi,13:40,93,93073,0,0,2,2,3,1,1,4,2,00,1,1,000,000,1,0,1,3,1,13,0,1,9,00,2,7,19,201500041725Y01,7,1,1
201500041745,2015-03-21,2015,mars,samedi,11:00,94,94002,0,0,2,3,3,1,8,4,2,01,1,1,000,060,1,0,1,4,2,70,0,1,2,00,2,0,1,201500041745B01,7,0,1
201500041775,2015-08-28,2015,août,vendredi,12:30,94,94002,0,0,2,1,6,1,1,4,1,01,1,1,000,040,1,0,4,4,1,10,5,1,9,15,0,1,1,201500041775A01,,,
201500041782,2015-09-30,2015,septembre,mercredi,16:40,94,94002,0,0,2,1,3,1,1,4,2,02,1,1,000,074,1,0,5,3,1,59,1,1,9,00,2,1,1,201500041782B01,10,15,1
201500041783,2015-10-02,2015,octobre,vendredi,13:45,94,94002,0,0,2,1,3,1,1,3,2,02,1,1,000,073,1,0,5,4,1,54,1,1,2,00,2,1,0,201500041783B01,7,15,1
201500041784,2015-10-03,2015,octobre,samedi,12:30,94,94002,0,0,2,2,6,1,1,4,2,02,1,1,000,070,1,0,1,4,2,44,0,1,9,00,2,1,15,201500041784A01,7,1,1
201500041787,2015-10-15,2015,octobre,jeudi,70:0,94,94002,0,0,2,1,2,5,2,3,2,02,1,1,022,145,2,0,1,4,2,28,0,1,9,00,2,1,2,201500041787B01,10,4,1
201500041810,2015-01-11,2015,janvier,dimanche,12:00,94,94071,0,0,2,2,6,1,1,3,2,02,1,1,000,000,1,0,1,4,1,63,5,1,2,00,2,1,2,201500041810B01,7,2,1
201500041816,2015-01-07,2015,janvier,mercredi,85:5,94,94071,0,0,2,6,7,1,5,4,-1,00,1,3,000,085,2,0,1,4,2,45,5,1,2,00,0,0,1,201500041816A01,,,
201500041825,2015-11-23,2015,novembre,lundi,13:45,94,94075,0,0,2,2,3,1,1,4,2,02,1,1,000,120,1,5,1,4,1,35,5,1,9,00,2,1,1,201500041825B01,7,1,1
201500041855,2015-03-03,2015,mars,mardi,13:45,94,94071,0,0,2,3,3,1,1,4,2,02,1,1,000,000,1,0,1,4,1,49,5,1,2,00,2,1,15,201500041855B01,7,15,1
201500041904,2015-06-04,2015,juin,jeudi,18:20,94,94075,0,0,2,1,1,1,1,9,-1,00,1,-1,000,000,1,0,5,3,1,56,5,1,9,00,9,1,1,201500041904A01,1,1,1
201500041904,2015-06-04,2015,juin,jeudi,18:20,94,94075,0,0,2,1,1,1,1,9,-1,00,1,-1,000,000,1,0,5,3,1,5,5,1,9,00,9,1,1,201500041904B01,1,1,1
201500041920,2015-03-10,2015,mars,mardi,17:25,94,94044,0,0,2,6,7,1,1,3,2,00,1,2,000,000,2,0,1,4,1,64,5,1,2,12,0,8,1,201500041920A01,,,
201500041949,2015-09-19,2015,septembre,samedi,16:00,94,94071,0,0,2,2,3,1,1,4,2,02,1,1,000,000,1,0,1,4,1,18,5,1,9,00,2,7,1,201500041949B01,7,1,1
201500041976,2015-02-04,2015,février,mercredi,75:0,94,94017,0,0,2,6,2,1,1,4,1,02,1,2,000,000,1,0,1,4,1,47,1,1,2,00,2,4,0,201500041976B01,7,9,1
201500042014,2015-05-11,2015,mai,lundi,85:5,94,94017,0,0,2,2,6,1,1,4,-1,01,1,-1,000,000,1,0,1,4,1,40,1,1,9,00,1,0,0,201500042014B01,7,0,1
201500042023,2015-06-11,2015,juin,jeudi,90:0,94,94017,0,0,2,2,2,1,1,4,-1,00,-1,-1,000,000,1,0,1,3,1,57,5,1,2,00,2,4,1,201500042023B01,7,2,1
201500042024,2015-06-13,2015,juin,samedi,14:00,94,94017,0,0,2,1,6,1,1,4,2,02,2,1,000,000,1,0,1,4,1,7,5,1,9,00,2,1,1,201500042024B01,7,1,1
201500042028,2015-06-18,2015,juin,jeudi,73:0,94,94017,0,0,2,1,1,1,1,4,1,01,1,1,000,000,1,0,1,4,1,44,4,1,9,00,2,1,5,201500042028B01,7,15,1
201500042046,2015-08-05,2015,août,mercredi,15:00,94,94017,0,0,2,1,3,1,1,2,2,02,1,1,000,000,1,1,1,4,2,38,5,1,9,00,2,1,1,201500042046B01,7,17,1
201500042077,2015-11-28,2015,novembre,samedi,10:30,94,94017,0,0,2,1,3,1,1,4,-1,00,-1,-1,000,000,1,0,1,4,1,55,1,1,9,00,0,0,0,201500042077A01,7,0,1
201500042080,2015-11-30,2015,novembre,lundi,16:15,94,94017,0,0,2,1,3,1,1,4,-1,00,-1,-1,000,000,1,0,1,4,2,58,1,1,9,01,0,0,0,201500042080A01,7,0,1
201500042082,2015-12-08,2015,décembre,mardi,12:05,94,94017,0,0,2,2,3,1,1,4,2,02,1,1,000,000,1,5,1,4,1,61,5,1,9,00,2,5,1,201500042082B01,7,8,1
201500042100,2015-03-20,2015,mars,vendredi,19:00,94,94069,0,0,2,3,3,5,1,4,4,02,1,1,000,000,1,0,0,4,1,62,0,1,2,00,2,2,0,201500042100B01,3,12,1
201500042211,2015-09-26,2015,septembre,samedi,14:50,94,94079,0,0,2,2,2,1,1,4,2,01,1,1,000,061,-1,0,1,4,1,44,0,1,9,00,2,1,1,201500042211B01,7,15,1
201500042217,2015-10-06,2015,octobre,mardi,17:30,94,94079,0,0,2,6,3,1,2,4,1,01,1,1,000,000,1,0,1,4,1,45,0,1,2,00,2,0,1,201500042217B01,7,1,1
201500042238,2015-12-18,2015,décembre,vendredi,75:0,94,94019,0,0,2,1,2,5,8,2,2,00,1,1,000,000,2,0,1,4,2,52,0,1,2,00,2,4,2,201500042238B01,7,2,1
201500042281,2015-10-02,2015,octobre,vendredi,80:8,94,94022,0,0,2,1,3,1,1,4,2,01,1,1,000,060,1,0,1,4,1,42,0,1,9,00,2,1,18,201500042281A01,3,16,1
201500042331,2015-04-14,2015,avril,mardi,14:50,94,94022,0,0,2,3,3,1,1,3,2,02,1,1,000,068,1,0,1,3,1,45,9,1,2,00,2,1,11,201500042331B01,7,1,1
201500042334,2015-12-15,2015,décembre,mardi,16:40,94,94022,0,0,2,1,3,1,2,9,1,01,1,1,000,048,1,0,1,3,1,50,1,1,2,00,2,2,19,201500042334A01,7,1,1
201500042335,2015-04-17,2015,avril,vendredi,16:00,94,94022,0,0,2,1,3,1,1,4,2,01,1,1,001,064,1,0,1,4,1,70,3,1,9,00,2,8,18,201500042335B01,13,19,1
201500042344,2015-08-31,2015,août,lundi,18:55,94,94054,0,0,2,1,3,1,1,3,3,02,1,1,005,119,1,0,0,3,1,15,5,1,2,00,0,8,19,201500042344B01,32,1,1
201500042348,2015-01-16,2015,janvier,vendredi,17:30,94,94028,0,0,2,1,3,1,1,4,-1,05,-1,-1,010,150,-1,0,1,4,1,55,0,1,2,00,2,1,19,201500042348B01,37,7,1
201500042392,2015-04-23,2015,avril,jeudi,16:00,94,94028,0,0,2,1,3,1,1,3,2,02,-1,-1,000,060,-1,0,1,4,1,70,0,1,9,00,2,2,0,201500042392B01,7,1,1
201500042395,2015-04-27,2015,avril,lundi,16:35,94,94028,0,0,2,1,6,1,1,4,2,02,1,1,000,060,1,0,1,4,1,47,0,1,9,01,0,1,1,201500042395B01,7,22,1
201500042433,2015-07-01,2015,juillet,mercredi,17:50,94,94028,0,0,2,3,6,1,1,4,2,02,1,1,000,060,1,0,1,4,1,40,5,1,9,00,2,1,1,201500042433A01,7,1,1
201500042433,2015-07-01,2015,juillet,mercredi,17:50,94,94028,0,0,2,3,6,1,1,4,2,02,1,1,000,060,1,0,1,4,1,9,5,1,9,00,2,1,1,201500042433A01,7,1,1
201500042450,2015-07-29,2015,juillet,mercredi,12:00,94,94028,0,0,2,1,3,1,1,4,2,02,1,1,060,060,1,0,1,4,1,9,0,1,2,00,2,1,19,201500042450B01,7,1,1
201500042457,2015-08-19,2015,août,mercredi,19:00,94,94028,0,0,2,1,6,1,1,4,2,02,1,1,000,060,1,0,4,4,2,12,5,1,9,00,2,8,1,201500042457B01,7,1,1
201500042464,2015-09-05,2015,septembre,samedi,17:30,94,94011,0,0,2,1,1,1,1,4,-1,00,-1,-1,000,000,1,0,1,4,1,17,0,1,9,00,2,1,1,201500042464B01,7,1,1
201500042474,2015-09-21,2015,septembre,lundi,13:48,94,94028,0,0,2,1,2,1,1,4,2,02,1,1,000,060,1,0,1,4,1,10,5,1,9,00,2,2,1,201500042474B01,7,1,1
201500042512,2015-12-02,2015,décembre,mercredi,13:15,94,94011,0,0,2,1,3,1,1,4,2,02,1,-1,060,060,1,0,4,4,1,42,0,1,2,00,2,1,1,201500042512B01,7,9,1
201500042537,2015-01-28,2015,janvier,mercredi,80:0,94,94033,0,0,2,1,2,1,2,4,2,00,2,3,000,000,2,0,1,4,1,48,1,1,2,00,2,1,17,201500042537A01,7,23,1
201500042556,2015-06-19,2015,juin,vendredi,19:00,94,94033,0,0,2,1,1,1,1,4,2,00,1,1,000,000,1,0,1,4,1,11,0,1,2,00,0,1,0,201500042556B01,3,0,1
201500042557,2015-06-26,2015,juin,vendredi,19:24,94,94033,0,0,2,1,3,1,1,4,2,01,1,1,000,000,1,0,1,4,1,44,0,1,2,00,2,1,2,201500042557A01,7,2,1
201500042561,2015-07-28,2015,juillet,mardi,22:00,94,94033,0,0,2,6,3,2,2,3,-1,00,-1,-1,000,000,2,0,1,4,1,24,5,1,2,00,2,1,21,201500042561B01,10,15,1
201500042563,2015-08-19,2015,août,mercredi,18:35,94,94033,0,0,2,6,2,1,1,3,4,00,2,2,000,150,-1,5,1,4,1,35,1,1,9,00,2,4,16,201500042563B01,33,16,1
201500042564,2015-09-01,2015,septembre,mardi,93:0,94,94033,0,0,2,1,3,1,2,4,2,02,1,1,000,000,2,0,1,4,2,60,1,1,9,00,2,9,17,201500042564B01,7,15,1
201500042566,2015-09-09,2015,septembre,mercredi,21:05,94,94033,0,0,2,1,3,3,1,4,-1,02,2,1,000,000,1,0,1,3,1,34,5,1,9,00,2,8,0,201500042566A01,2,1,1
201500042610,2015-02-11,2015,février,mercredi,75:0,94,94016,0,0,2,3,3,2,1,2,4,00,1,-1,000,000,1,0,1,4,1,44,1,1,2,00,2,1,1,201500042610A01,7,0,1
201500042638,2015-04-07,2015,avril,mardi,13:10,94,94043,0,0,2,1,3,1,1,3,-1,00,-1,-1,000,000,1,0,1,4,1,29,0,1,2,00,0,8,0,201500042638B01,7,0,1
201500042641,2015-04-09,2015,avril,jeudi,19:25,94,94043,0,0,2,1,3,1,1,3,2,02,2,1,000,000,1,0,1,4,1,46,1,1,2,01,0,1,1,201500042641B01,7,22,1
201500042686,2015-06-21,2015,juin,dimanche,19:00,94,94076,0,0,2,1,3,1,1,4,2,00,1,-1,000,000,1,0,0,3,1,15,0,1,2,00,2,1,0,201500042686B01,7,0,1
201500042719,2015-09-08,2015,septembre,mardi,15:00,94,94076,0,0,2,1,3,1,1,3,3,00,1,1,000,000,1,0,1,3,1,70,5,1,2,00,2,3,0,201500042719B01,10,12,1
201500042755,2015-10-27,2015,octobre,mardi,18:00,94,94016,0,0,2,3,1,5,1,3,2,02,2,1,000,000,1,0,1,4,2,38,1,1,2,00,0,4,15,201500042755B01,7,15,1
201500042758,2015-11-05,2015,novembre,jeudi,11:45,94,94043,0,0,2,2,3,1,1,4,2,01,1,1,000,000,1,5,1,4,2,45,4,1,2,00,2,0,2,201500042758A01,7,15,1
201500042764,2015-11-20,2015,novembre,vendredi,19:30,94,94076,0,0,2,1,3,5,2,3,-1,00,1,1,000,000,2,0,5,4,1,27,5,1,9,00,2,1,5,201500042764A01,7,9,1
201500042798,2015-01-06,2015,janvier,mardi,75:0,94,94021,0,0,2,1,3,2,2,9,1,00,1,1,000,000,2,0,1,4,1,49,4,1,9,00,0,2,19,201500042798B01,10,1,1
201500042803,2015-01-13,2015,janvier,mardi,13:00,94,94073,0,0,2,1,6,1,2,3,2,02,1,1,000,000,2,0,1,4,1,15,2,1,9,00,2,8,13,201500042803B01,7,17,1
201500042871,2015-05-29,2015,mai,vendredi,17:55,94,94073,0,0,2,3,3,1,1,3,2,02,1,1,000,000,1,5,1,4,1,37,1,1,9,00,2,3,1,201500042871Y01,7,17,1
201500042879,2015-06-11,2015,juin,jeudi,15:55,94,94021,0,0,2,9,3,1,1,3,2,02,1,1,000,000,1,0,4,4,1,13,5,1,2,00,2,7,1,201500042879B01,7,0,1
201500042881,2015-06-12,2015,juin,vendredi,82:5,94,94021,0,0,2,1,3,1,1,4,2,02,1,1,000,000,1,0,1,4,1,13,2,1,9,00,2,3,19,201500042881B02,7,2,1
201500042883,2015-06-12,2015,juin,vendredi,18:15,94,94021,0,0,2,1,3,1,1,4,3,02,1,1,000,000,1,0,0,4,1,47,1,1,2,00,2,1,5,201500042883A01,7,23,1
201500042898,2015-07-05,2015,juillet,dimanche,11:00,94,94065,0,0,2,1,4,1,1,4,-1,02,1,1,000,000,1,0,1,3,1,59,0,1,2,00,0,0,0,201500042898A01,1,0,3
201500042898,2015-07-05,2015,juillet,dimanche,11:00,94,94065,0,0,2,1,4,1,1,4,-1,02,1,1,000,000,1,0,1,1,1,44,0,1,2,00,0,1,0,201500042898B01,1,0,3
201500042898,2015-07-05,2015,juillet,dimanche,11:00,94,94065,0,0,2,1,4,1,1,4,-1,02,1,1,000,000,1,0,1,3,1,61,0,1,2,00,0,1,0,201500042898C01,1,0,3