Num_Acc,date,an,mois,jour,hrmn,dep,com,lat,long,agg,int,col,lum,atm,catr,circ,nbv,prof,plan,lartpc,larrout,surf,infra,situ,grav,sexe,age,trajet,secuexist,equipement,obs,obsm,choc,manv,vehiculeid,typevehicules,manoeuvehicules,numVehicules
201500042898,2015-07-05,2015,juillet,dimanche,11:00,94,94065,0,0,2,1,4,1,1,4,-1,02,1,1,000,000,1,0,1,4,1,62,0,1,2,00,0,1,0,201500042898D01,1,0,3
201500042908,2015-07-31,2015,juillet,vendredi,12:40,94,94038,0,0,2,1,3,1,1,4,3,02,1,1,000,000,1,0,1,4,1,86,5,1,2,01,2,7,2,201500042908B01,10,12,1
201500042911,2015-08-13,2015,août,jeudi,18:55,94,94073,0,0,2,3,3,1,3,3,1,01,2,1,000,000,2,0,1,4,1,22,5,1,9,00,2,1,1,201500042911A01,7,1,1
201500042912,2015-08-17,2015,août,lundi,11:30,94,94021,0,0,2,3,3,1,1,4,1,02,-1,-1,000,000,-1,0,1,4,1,84,5,1,2,00,2,7,0,201500042912B01,7,0,1
201500042914,2015-08-21,2015,août,vendredi,10:40,94,94038,0,0,2,9,2,1,1,9,2,02,1,1,000,000,1,0,1,3,1,25,5,1,2,00,2,1,1,201500042914B01,7,15,1
201500042932,2015-09-10,2015,septembre,jeudi,14:55,94,94073,0,0,2,1,3,1,1,4,2,00,1,1,000,000,1,0,1,3,1,41,5,1,9,00,2,8,2,201500042932A01,2,2,1
201500042957,2015-11-05,2015,novembre,jeudi,12:35,94,94038,0,0,2,1,7,1,1,3,1,00,1,1,000,000,1,6,5,3,1,45,1,1,9,00,0,0,1,201500042957A01,,,
201500042961,2015-11-13,2015,novembre,vendredi,13:00,94,94073,0,0,2,1,2,1,2,4,2,02,2,1,000,000,2,0,1,4,2,26,5,1,2,00,2,1,2,201500042961A01,7,1,1
201500042998,2015-08-28,2015,août,vendredi,18:00,94,94041,0,0,2,9,6,1,1,3,2,01,-1,-1,000,000,1,0,1,4,1,39,5,1,2,00,0,6,1,201500042998B01,33,16,1
201500043009,2015-02-10,2015,février,mardi,13:05,94,94041,0,0,2,2,3,1,8,4,-1,02,2,1,013,080,1,0,1,4,2,49,0,1,9,00,2,1,1,201500043009B01,10,16,1
201500043016,2015-09-21,2015,septembre,lundi,16:10,94,94041,0,0,2,1,6,1,1,4,1,01,1,1,000,000,1,0,1,1,1,20,2,1,2,00,1,1,1,201500043016A01,,,
201500043021,2015-05-21,2015,mai,jeudi,73:5,94,94041,48.811,2.37186,2,1,3,1,1,3,3,04,1,1,000,000,9,0,4,2,1,50,1,1,2,00,2,7,1,201500043021B01,14,16,1
201500043023,2015-03-04,2015,mars,mercredi,91:5,94,94041,0,0,2,1,6,1,1,3,3,03,1,1,000,000,1,0,0,4,1,46,1,1,2,00,2,0,2,201500043023B01,7,16,1
201500043040,2015-11-13,2015,novembre,vendredi,23:00,94,94041,0,0,2,1,1,5,1,3,1,02,4,1,000,000,1,0,1,4,1,22,0,1,9,00,2,1,2,201500043040A01,2,2,1
201500043041,2015-04-09,2015,avril,jeudi,91:5,94,94041,0,0,2,1,6,1,1,3,-1,01,1,1,000,069,1,0,4,4,1,53,1,1,2,01,9,1,2,201500043041B01,3,22,1
201500043043,2015-08-06,2015,août,jeudi,20:15,94,94041,0,0,2,1,1,1,1,3,1,00,3,1,000,000,1,0,1,4,1,22,0,1,8,00,0,6,7,201500043043A01,37,1,1
201500043047,2015-04-14,2015,avril,mardi,17:20,94,94041,0,0,2,1,6,1,1,4,2,02,1,1,000,035,1,0,1,4,2,26,0,1,2,01,0,7,1,201500043047B01,99,24,1
201500043071,2015-06-19,2015,juin,vendredi,13:25,94,94041,0,0,2,1,3,1,1,4,-1,00,1,1,000,000,-1,1,4,4,1,36,5,1,9,00,0,1,0,201500043071A01,30,23,1
201500043107,2015-03-05,2015,mars,jeudi,83:0,94,94046,0,0,2,2,6,1,1,4,2,02,1,1,000,088,1,0,1,4,1,12,2,1,9,01,2,4,19,201500043107B01,7,1,1
201500043129,2015-12-04,2015,décembre,vendredi,75:0,94,94046,0,0,2,1,6,1,1,4,-1,00,1,-1,000,000,1,0,0,4,1,13,2,1,2,00,2,0,19,201500043129B01,2,0,1
201500043133,2015-05-09,2015,mai,samedi,14:50,94,94046,0,0,2,2,5,1,1,4,2,02,1,1,000,000,1,0,1,3,1,37,9,1,2,00,2,1,1,201500043133B01,7,1,2
201500043134,2015-03-06,2015,mars,vendredi,16:30,94,94046,0,0,2,3,3,1,1,4,2,04,1,1,000,000,1,0,1,4,2,46,0,1,9,00,2,7,0,201500043134A01,7,0,1
201500043142,2015-04-01,2015,avril,mercredi,12:40,94,94046,0,0,2,1,3,1,1,3,2,04,1,1,000,000,1,0,1,4,2,33,9,1,2,00,2,1,19,201500043142B01,7,16,1
201500043153,2015-06-30,2015,juin,mardi,13:15,94,94046,0,0,2,9,7,1,1,4,2,02,1,1,000,000,1,0,1,3,1,62,0,1,2,00,2,0,1,201500043153B01,7,15,1
201500043163,2015-06-24,2015,juin,mercredi,95:5,94,94052,0,0,2,1,3,1,1,2,2,02,2,1,000,120,1,0,1,4,1,82,5,1,9,01,0,7,3,201500043163Z01,7,22,1
201500043179,2015-02-03,2015,février,mardi,10:30,94,94015,0,0,2,5,2,1,1,3,3,00,1,2,000,067,1,0,1,4,1,60,5,1,2,00,2,4,15,201500043179B02,10,15,1
201500043183,2015-02-04,2015,février,mercredi,11:00,94,94052,0,0,2,1,3,1,1,3,1,01,1,1,000,000,1,0,4,4,1,4,0,1,9,00,0,0,0,201500043183B01,7,4,1
201500043185,2015-08-04,2015,août,mardi,19:20,94,94015,0,0,2,1,1,1,1,4,2,02,1,3,000,078,1,0,5,4,1,34,5,1,9,00,2,1,16,201500043185A01,1,15,1
201500043185,2015-08-04,2015,août,mardi,19:20,94,94015,0,0,2,1,1,1,1,4,2,02,1,3,000,078,1,0,5,4,1,27,5,1,9,00,2,1,15,201500043185B01,1,16,1
201500043189,2015-03-03,2015,mars,mardi,75:0,94,94015,0,0,2,1,2,1,1,3,2,02,2,3,000,093,1,5,0,4,2,45,1,1,9,00,0,3,18,201500043189A01,7,23,1
201500043201,2015-09-06,2015,septembre,dimanche,14:30,94,94042,0,0,1,1,6,1,1,4,2,01,1,1,000,036,1,6,1,4,2,72,5,1,9,00,1,1,1,201500043201A01,,,
201500043201,2015-09-06,2015,septembre,dimanche,14:30,94,94042,0,0,1,1,6,1,1,4,2,01,1,1,000,036,1,6,1,1,1,47,1,1,9,00,1,1,1,201500043201A01,,,
201500043207,2015-09-13,2015,septembre,dimanche,20:45,94,94052,0,0,2,4,2,5,1,4,1,01,1,1,000,064,1,0,1,3,1,41,5,1,2,00,2,4,2,201500043207B01,7,2,1
201500043255,2015-05-25,2015,mai,lundi,17:55,94,94058,0,0,2,3,3,1,1,4,1,01,1,1,000,052,1,0,1,4,1,8,5,1,2,00,2,1,5,201500043255Z01,7,16,1
201500043256,2015-05-26,2015,mai,mardi,18:20,94,94052,0,0,2,1,6,1,1,4,2,01,1,1,000,109,1,0,1,3,1,15,5,1,9,01,0,1,1,201500043256Z01,,,
201500043259,2015-11-22,2015,novembre,dimanche,12:55,94,94058,0,0,2,2,1,1,1,9,-1,02,1,-1,000,000,1,0,1,4,1,16,5,1,2,00,0,1,1,201500043259B01,7,0,1
201500043266,2015-12-01,2015,décembre,mardi,21:45,94,94042,0,0,2,1,1,5,1,4,1,01,2,1,000,080,1,0,5,4,1,37,5,1,9,00,2,1,5,201500043266A01,3,16,1
201500043279,2015-06-15,2015,juin,lundi,22:10,94,94058,0,0,2,1,2,5,1,3,2,02,1,1,000,060,1,0,1,4,1,57,5,1,2,00,0,4,17,201500043279B01,10,2,1
201500043303,2015-02-17,2015,février,mardi,15:40,94,94068,0,0,2,1,2,1,1,4,2,01,1,1,000,000,1,0,1,4,2,56,1,1,9,00,2,1,1,201500043303B01,7,0,1
201500043304,2015-02-23,2015,février,lundi,11:50,94,94068,0,0,2,1,3,1,1,4,2,01,1,1,000,000,1,0,1,4,2,61,0,1,2,00,2,8,1,201500043304B01,7,1,1
201500043317,2015-04-04,2015,avril,samedi,11:25,94,94068,0,0,2,1,3,1,1,4,2,01,1,1,000,000,1,0,1,4,2,55,3,1,9,00,2,0,0,201500043317B01,7,15,1
201500043330,2015-05-27,2015,mai,mercredi,10:25,94,94068,0,0,2,2,3,1,1,3,2,00,1,3,000,000,1,0,1,4,1,42,0,1,2,00,2,1,1,201500043330B01,7,1,1
201500043333,2015-06-02,2015,juin,mardi,18:00,94,94068,0,0,2,2,6,1,1,3,2,02,1,1,000,000,1,0,4,1,1,49,1,1,2,00,1,0,16,201500043333A01,,,
201500043337,2015-06-13,2015,juin,samedi,14:30,94,94068,0,0,2,2,3,1,1,3,1,01,1,1,000,000,1,0,1,4,1,18,5,1,2,00,2,0,1,201500043337B01,7,1,1
201500043340,2015-06-28,2015,juin,dimanche,16:50,94,94068,0,0,2,1,3,1,1,4,2,00,1,1,000,000,1,6,4,4,2,29,5,1,2,00,2,0,0,201500043340B01,10,0,1
201500043341,2015-06-29,2015,juin,lundi,19:40,94,94068,0,0,2,2,3,1,1,4,1,01,1,1,000,000,1,0,1,4,1,19,5,1,2,00,2,7,1,201500043341A01,7,1,1
201500043346,2015-07-18,2015,juillet,samedi,83:0,94,94068,0,0,2,2,3,1,1,3,2,01,1,1,000,000,1,0,1,4,1,37,5,1,2,00,2,1,0,201500043346A01,7,1,1
201500043348,2015-07-22,2015,juillet,mercredi,14:15,94,94068,0,0,2,1,2,1,1,3,1,01,1,1,000,000,1,0,1,4,1,36,1,1,2,00,2,1,1,201500043348A01,7,1,1
201500043353,2015-07-29,2015,juillet,mercredi,18:15,94,94068,0,0,2,1,7,1,1,4,1,01,2,2,000,000,1,0,1,4,1,43,5,1,2,00,0,0,1,201500043353A01,,,
201500043377,2015-10-25,2015,octobre,dimanche,12:30,94,94068,0,0,2,1,6,1,1,4,2,00,1,1,000,000,1,0,1,4,1,65,5,1,2,01,0,1,1,201500043377B01,7,22,1
201500043397,2015-12-21,2015,décembre,lundi,12:25,94,94068,0,0,2,1,2,1,1,4,1,00,1,1,000,000,1,0,1,4,1,18,0,1,2,00,2,0,0,201500043397B01,10,2,1
201500043472,2015-04-02,2015,avril,jeudi,15:45,94,94077,0,0,2,1,7,1,3,4,2,02,1,1,000,000,2,0,4,3,1,13,0,1,9,00,0,0,0,201500043472A01,,,
201500043493,2015-05-11,2015,mai,lundi,20:15,94,94077,0,0,2,2,3,1,1,4,1,02,1,1,000,000,1,0,5,4,1,11,5,1,2,00,2,3,1,201500043493B01,15,16,1
201500043500,2015-06-01,2015,juin,lundi,80:4,94,94078,0,0,2,1,3,1,1,4,-1,02,1,-1,000,064,1,0,1,3,1,61,0,1,2,00,2,3,2,201500043500B01,37,2,1
201500043513,2015-07-03,2015,juillet,vendredi,93:0,94,94074,0,0,2,1,3,1,1,4,2,02,1,1,060,060,1,0,1,4,1,41,0,1,2,00,2,1,1,201500043513A01,7,1,1
201500043521,2015-07-31,2015,juillet,vendredi,74:0,94,94077,0,0,2,1,1,1,1,3,1,02,1,1,000,060,1,0,1,3,2,28,0,1,9,00,0,1,0,201500043521B01,7,0,1
201500043545,2015-09-22,2015,septembre,mardi,15:30,94,94074,0,0,2,1,6,1,1,4,2,02,4,-1,000,000,1,2,4,4,1,26,1,1,2,08,0,0,1,201500043545A01,,,
201500043550,2015-10-05,2015,octobre,lundi,14:25,94,94074,0,0,2,1,6,1,3,4,-1,01,1,-1,000,000,2,0,1,4,2,45,0,1,9,00,2,1,0,201500043550B01,,,
201500043557,2015-10-26,2015,octobre,lundi,85:0,94,94074,0,0,2,4,1,1,1,3,1,01,1,1,000,000,1,0,1,4,1,21,1,1,9,00,2,8,0,201500043557B01,7,16,1
201500043579,2015-01-21,2015,janvier,mercredi,15:40,94,94080,0,0,2,2,3,1,1,4,2,02,1,1,000,000,1,0,1,4,2,68,3,1,9,00,2,6,19,201500043579B01,30,9,1
201500043585,2015-03-18,2015,mars,mercredi,19:05,94,94067,0,0,2,1,2,3,1,2,2,00,1,1,000,000,1,0,1,4,1,23,2,1,9,00,2,1,1,201500043585B01,7,0,1
201500043587,2015-04-07,2015,avril,mardi,92:5,94,94080,0,0,2,1,3,1,1,3,1,02,1,1,000,000,1,0,5,4,2,49,1,1,1,01,0,0,0,201500043587B01,34,22,1
201500043588,2015-04-13,2015,avril,lundi,15:00,94,94080,0,0,2,1,3,1,1,4,2,02,1,1,030,060,1,0,1,4,2,60,5,1,9,00,2,8,2,201500043588B01,10,9,1
201500043591,2015-05-11,2015,mai,lundi,19:20,94,94080,0,0,2,1,2,1,1,3,2,01,1,1,000,000,1,0,1,4,2,25,9,1,9,00,0,0,0,201500043591B01,2,0,1
201500043598,2015-06-17,2015,juin,mercredi,15:25,94,94067,0,0,2,1,1,1,1,4,1,01,1,1,000,000,1,0,1,3,1,11,5,1,9,00,2,3,19,201500043598B01,7,1,1
201500043599,2015-06-19,2015,juin,vendredi,17:00,94,94080,0,0,2,1,2,1,1,4,-1,01,-1,-1,000,000,1,0,1,4,1,29,1,1,9,01,0,1,0,201500043599B01,7,23,1
201500043603,2015-07-09,2015,juillet,jeudi,19:15,94,94080,0,0,2,1,2,1,1,4,1,01,1,1,000,000,1,0,1,4,1,22,0,1,9,00,2,6,2,201500043603B01,7,2,1
201500043604,2015-06-28,2015,juin,dimanche,12:20,94,94080,0,0,2,3,3,1,1,3,1,01,-1,-1,000,000,-1,0,1,4,1,43,0,1,2,00,2,1,1,201500043604B01,7,1,1
201500043610,2015-09-01,2015,septembre,mardi,18:35,94,94080,0,0,2,1,6,1,1,3,1,01,1,1,000,000,1,0,1,1,1,30,1,1,9,00,1,2,2,201500043610A01,,,
201500043632,2015-12-01,2015,décembre,mardi,17:55,94,94067,0,0,2,4,2,5,1,3,1,01,1,1,000,000,1,0,1,4,1,16,5,1,9,00,2,1,2,201500043632A01,34,16,1
201500043637,2015-12-12,2015,décembre,samedi,20:10,94,94067,0,0,2,3,1,5,1,3,1,01,1,1,000,000,1,0,1,4,2,32,5,1,9,00,2,0,0,201500043637B01,7,15,1
201500043642,2015-12-29,2015,décembre,mardi,10:15,94,94080,0,0,2,3,3,1,1,3,2,02,1,1,000,000,1,0,1,4,1,32,1,1,9,00,2,1,1,201500043642B01,7,22,1
201500043652,2015-01-28,2015,janvier,mercredi,80:5,94,94081,0,0,2,3,3,3,1,4,1,01,1,1,000,000,1,0,1,4,1,45,1,1,4,00,0,6,2,201500043652B01,7,15,1
201500043654,2015-01-29,2015,janvier,jeudi,21:00,94,94081,0,0,2,1,2,5,2,3,2,02,2,1,000,060,2,0,1,4,1,55,9,1,4,00,2,4,2,201500043654B01,7,2,1
201500043701,2015-05-23,2015,mai,samedi,16:45,94,94081,0,0,2,1,6,1,1,4,1,00,1,1,000,000,1,0,1,4,1,38,5,1,2,01,2,1,1,201500043701A01,7,1,1
201500043727,2015-07-12,2015,juillet,dimanche,21:10,94,94081,0,0,2,1,6,2,1,3,2,02,2,1,000,060,1,0,1,3,1,58,0,1,4,00,2,1,17,201500043727B01,37,1,1
201500043810,2015-04-27,2015,avril,lundi,16:50,95,95176,48.9785,2.2045,2,1,6,1,1,4,2,02,2,3,,,1,0,1,4,1,18,5,1,2,06,0,3,13,201500043810A01,,,
201500043811,2015-02-07,2015,février,samedi,14:50,95,95018,48.9359,2.2264,2,4,3,1,1,3,3,02,1,1,,,1,0,1,4,1,11,5,1,9,00,2,1,16,201500043811B01,7,1,1
201500043818,2015-05-06,2015,mai,mercredi,14:00,95,95176,48.9669,2.1937,2,2,6,1,1,4,2,02,1,1,,,1,0,1,4,2,52,4,1,2,14,0,9,1,201500043818A01,,,
201500043830,2015-05-27,2015,mai,mercredi,16:51,95,95018,48.9516,2.2794,2,1,3,1,1,4,1,01,1,3,,,1,0,1,3,1,5,5,1,9,00,2,2,19,201500043830B01,7,1,1
201500043841,2015-06-20,2015,juin,samedi,23:24,95,95018,48.9583,2.2284,2,1,3,4,1,3,2,02,2,1,,,1,0,1,3,1,12,5,1,9,00,2,8,1,201500043841B01,7,17,1
201500043870,2015-09-14,2015,septembre,lundi,12:45,95,95018,48.9303,2.2276,2,1,3,1,1,4,2,02,1,1,,,1,0,1,4,1,45,5,1,2,00,2,3,1,201500043870A01,7,1,1
201500043914,2015-12-13,2015,décembre,dimanche,21:27,95,95018,48.9635,2.2142,1,1,2,3,1,3,2,02,1,2,,,1,0,1,3,1,34,5,1,4,08,2,4,2,201500043914A01,7,1,1
201500043950,2015-02-26,2015,février,jeudi,16:25,95,95183,49.0444,2.0061,2,6,3,1,3,4,3,02,1,1,,,2,0,1,3,1,65,5,1,4,00,2,9,2,201500043950B01,10,9,1
201500043953,2015-04-29,2015,avril,mercredi,22:30,95,95572,49.0352,2.1228,2,6,3,5,2,3,2,01,1,2,,,2,5,1,3,1,30,5,1,2,00,2,4,9,201500043953B01,7,1,1
201500043954,2015-05-02,2015,mai,samedi,17:34,95,95572,49.0536,2.1185,2,3,3,1,2,4,2,02,1,1,,,2,0,0,3,1,18,5,1,2,00,2,1,1,201500043954B01,7,15,1
201500043965,2015-08-01,2015,août,samedi,16:30,95,95500,49.0561,2.0833,2,1,2,1,1,4,2,02,2,1,,,1,0,1,4,1,25,5,1,2,00,2,1,1,201500043965A01,7,23,1
201500043970,2015-09-02,2015,septembre,mercredi,12:35,95,95637,49.0324,2.01569,2,1,3,1,1,4,2,01,1,3,,,1,5,1,3,1,76,5,1,9,00,2,7,19,201500043970B01,7,1,1
201500043973,2015-09-19,2015,septembre,samedi,18:10,95,95572,49.0433,2.1079,2,4,6,1,1,3,2,02,1,3,,,1,0,4,3,1,20,5,1,2,12,0,9,1,201500043973A01,,,
201500043974,2015-10-03,2015,octobre,samedi,13:35,95,95127,49.0497,2.0371,2,1,3,1,1,4,2,02,1,1,,,1,0,1,4,1,18,5,1,9,00,2,7,19,201500043974B01,7,1,1
201500043975,2015-10-17,2015,octobre,samedi,15:20,95,95127,49.0471,2.0222,2,6,3,1,1,4,1,02,1,2,,,1,0,1,3,1,21,1,1,9,00,2,2,1,201500043975A01,7,9,1
201500043978,2015-11-09,2015,novembre,lundi,19:00,95,95127,49.0347,2.0828,2,6,3,5,1,4,3,04,-1,-1,,,-1,0,1,3,1,21,5,1,2,00,2,4,2,201500043978B01,7,11,1
201500044019,2015-12-04,2015,décembre,vendredi,10:05,95,95288,48.9894,2.3569,2,4,3,1,1,4,2,02,2,2,,,1,0,1,4,1,30,4,1,9,00,2,3,1,201500044019B01,7,15,1
201500044041,2015-06-12,2015,juin,vendredi,73:0,95,95555,48.9601,2.2799,2,1,3,1,1,3,2,02,2,1,,,1,0,1,4,1,32,1,1,2,00,2,4,2,201500044041B01,7,1,1
201500044054,2015-09-23,2015,septembre,mercredi,16:20,95,95210,48.9699,2.3061,1,1,6,1,1,4,1,01,1,1,,,1,0,1,1,1,11,5,1,9,00,1,1,1,201500044054A01,,,
201500044058,2015-10-13,2015,octobre,mardi,82:0,95,95598,48.9952,2.3027,2,1,2,1,1,3,2,02,1,1,,,1,0,1,4,1,16,2,1,9,00,2,4,2,201500044058B01,7,1,1
201500044064,2015-11-05,2015,novembre,jeudi,16:20,95,95428,48.9816,2.3213,2,1,3,1,1,3,2,02,2,1,,,1,0,1,4,1,20,2,1,2,00,2,1,1,201500044064B01,7,15,1
201500044067,2015-11-12,2015,novembre,jeudi,80:5,95,95428,48.9756,2.3142,2,1,3,5,1,3,2,02,1,1,,,1,0,1,4,1,78,5,1,2,00,2,1,15,201500044067B01,7,17,1
201500044076,2015-03-08,2015,mars,dimanche,20:25,95,95252,48.9923,2.2374,2,3,3,5,1,4,2,01,1,1,,,1,0,1,3,1,52,1,1,9,00,2,1,1,201500044076A01,7,15,1
201500044082,2015-03-24,2015,mars,mardi,12:20,95,95252,48.9913,2.2064,2,2,3,1,1,4,2,02,1,1,,,1,0,1,4,1,63,3,1,2,00,2,3,1,201500044082B01,7,1,1
201500044086,2015-02-02,2015,février,lundi,18:40,95,95219,48.9802,2.2621,2,6,3,5,1,4,2,02,1,1,,,1,0,1,4,1,20,5,1,4,00,2,7,15,201500044086B01,7,9,1
201500044088,2015-02-03,2015,février,mardi,91:5,95,95219,48.9801,2.2574,2,3,3,1,1,4,2,02,1,1,,,1,0,1,4,1,13,2,1,2,00,2,1,1,201500044088A01,7,16,1
201500044095,2015-05-19,2015,mai,mardi,82:0,95,95426,49.0069,2.2796,2,1,3,1,1,4,1,01,1,1,,,1,0,1,3,1,71,5,1,2,00,2,7,5,201500044095B01,7,1,1
201500044103,2015-06-09,2015,juin,mardi,12:30,95,95219,48.9891,2.2586,2,6,3,1,1,3,1,02,1,2,,,1,0,1,4,2,17,5,1,2,00,2,1,1,201500044103B01,7,9,1
201500044111,2015-07-02,2015,juillet,jeudi,13:50,95,95491,49.0009,2.2421,2,2,3,1,1,4,1,01,1,1,,,1,0,1,4,1,20,5,1,9,00,2,7,1,201500044111B01,7,1,1
201500044117,2015-08-01,2015,août,samedi,94:0,95,95491,49.0003,2.2417,2,1,3,1,1,3,2,02,1,1,,,1,0,0,3,1,49,5,1,2,00,2,7,9,201500044117B01,7,1,1
201500044125,2015-09-06,2015,septembre,dimanche,20:15,95,95219,48.9966,2.2547,2,1,1,1,1,3,2,02,1,1,,,1,0,1,4,1,27,5,1,2,01,0,3,1,201500044125B01,7,22,1
201500044126,2015-09-07,2015,septembre,lundi,11:55,95,95203,48.9957,2.2735,2,1,3,1,1,3,2,02,1,1,,,1,0,1,4,1,63,5,1,2,00,2,7,2,201500044126B01,7,1,1
201500044134,2015-10-15,2015,octobre,jeudi,14:10,95,95252,48.9941,2.2369,2,1,3,1,8,4,1,01,1,1,,,1,0,1,3,1,22,3,1,9,00,2,1,1,201500044134B01,7,22,1
201500044137,2015-10-18,2015,octobre,dimanche,18:00,95,95203,48.9949,2.2754,2,6,3,1,1,3,2,02,1,1,,,1,0,1,4,1,24,5,1,9,00,2,7,15,201500044137B01,7,9,1
201500044138,2015-09-21,2015,septembre,lundi,16:15,95,95426,49.0131,2.2862,2,1,2,1,1,3,1,01,1,1,,,1,0,1,4,2,61,5,1,9,00,2,4,2,201500044138A01,7,0,1
201500044139,2015-10-29,2015,octobre,jeudi,11:40,95,95219,48.9824,2.2611,2,1,2,1,1,4,2,02,1,1,,,1,0,1,3,1,83,5,1,2,00,2,1,16,201500044139B01,7,16,1
201500044140,2015-11-05,2015,novembre,jeudi,10:10,95,95203,48.9956,2.2761,2,1,3,1,1,3,2,02,1,1,,,1,0,1,4,1,61,5,1,2,00,2,2,1,201500044140B01,7,9,1
201500044142,2015-11-06,2015,novembre,vendredi,16:40,95,95203,48.9939,2.2736,2,3,3,1,2,3,1,01,1,1,,,2,0,5,3,1,76,5,1,9,00,2,7,1,201500044142B01,7,15,1
201500044145,2015-11-12,2015,novembre,jeudi,20:30,95,95219,48.9959,2.2535,2,1,2,5,1,4,2,02,1,1,,,1,0,1,4,1,12,5,1,9,01,0,1,1,201500044145A01,7,23,1
201500044194,2015-08-17,2015,août,lundi,22:15,95,95280,49.0324,2.4719,2,3,3,5,1,4,2,02,1,1,,,1,0,1,3,1,20,5,1,9,00,2,1,1,201500044194B01,7,1,1
201500044195,2015-09-12,2015,septembre,samedi,21:25,95,95019,48.9856,2.4239,2,6,3,3,2,3,2,02,1,1,,,2,5,1,3,1,23,5,1,2,00,2,7,17,201500044195B01,7,15,1
201500044210,2015-04-08,2015,avril,mercredi,16:00,95,95280,49.0313,2.4746,2,2,3,1,1,4,2,02,1,1,,,1,0,0,4,1,14,5,1,9,00,2,2,1,201500044210A01,7,1,1
201500044312,2015-05-22,2015,mai,vendredi,17:55,95,95539,48.9956,2.3441,2,1,7,1,1,3,2,02,2,3,,,1,0,3,3,1,17,5,1,9,16,0,1,13,201500044312A01,,,
201500044312,2015-05-22,2015,mai,vendredi,17:55,95,95539,48.9956,2.3441,2,1,7,1,1,3,2,02,2,3,,,1,0,3,3,1,17,5,1,9,16,0,1,13,201500044312A01,,,
201500044339,2015-09-26,2015,septembre,samedi,20:40,95,95585,48.9787,2.3929,2,1,6,5,1,4,2,02,1,1,,,1,0,1,1,1,19,5,1,2,00,1,1,1,201500044339A01,,,
201500044363,2015-10-16,2015,octobre,vendredi,15:45,95,95585,48.9952,2.3842,2,1,3,1,2,4,2,02,1,1,,,2,0,1,3,1,17,2,1,2,00,2,3,17,201500044363A01,7,1,1
201500044371,2015-06-30,2015,juin,mardi,10:20,95,95060,49.0424,2.2074,2,4,3,1,1,3,2,02,1,1,,,1,0,1,4,1,63,5,1,2,00,2,1,1,201500044371B01,7,15,1
201500044384,2015-05-24,2015,mai,dimanche,12:00,95,95607,49.0254,2.2137,2,2,3,1,1,3,2,02,1,1,,,1,0,1,4,1,56,5,1,2,00,2,8,1,201500044384B01,7,15,1
201500044441,2015-01-17,2015,janvier,samedi,17:20,69,69381,45.775,4.83717,2,1,6,5,1,4,2,02,1,1,000,073,1,0,1,1,1,28,1,1,9,00,1,1,1,201500044441A01,,,
201500045167,2015-02-08,2015,février,dimanche,24:0,93,93006,48.8646,2.41233,1,1,7,3,1,1,1,02,2,1,000,070,2,3,1,1,1,25,0,1,9,00,0,0,0,201500045167B01,34,0,1
201500045167,2015-02-08,2015,février,dimanche,24:0,93,93006,48.8646,2.41233,1,1,7,3,1,1,1,02,2,1,000,070,2,3,1,1,1,27,0,1,9,00,0,0,0,201500045167C01,34,0,1
201500045186,2015-02-14,2015,février,samedi,13:30,95,95018,0,0,1,1,6,1,2,1,1,01,2,3,,,2,3,1,4,1,34,5,1,2,05,0,8,14,201500045186A01,,,
201500046100,2015-11-16,2015,novembre,lundi,84:0,95,95582,48.9682,2.2743,1,1,2,1,1,3,3,04,1,1,,,1,0,1,4,1,34,1,1,2,00,0,4,2,201500046100B01,7,1,1
201500046758,2015-11-10,2015,novembre,mardi,10:15,92,92064,0,0,1,1,6,1,1,2,3,03,3,2,015,035,1,0,1,4,1,20,1,1,2,00,2,3,15,201500046758A01,,,
201500047658,2015-04-10,2015,avril,vendredi,22:15,2B,2B033,0,0,2,1,3,5,1,4,2,02,1,1,000,080,1,0,1,4,2,34,9,1,9,00,2,3,19,201500047658A01,32,1,1
201500047715,2015-07-03,2015,juillet,vendredi,12:10,2B,2B120,42.37256,9.26121,2,1,1,1,1,2,2,04,1,1,000,080,1,0,1,3,1,18,0,1,2,00,2,1,18,201500047715A01,10,16,1
201500047715,2015-07-03,2015,juillet,vendredi,12:10,2B,2B120,42.37256,9.26121,2,1,1,1,1,2,2,04,1,1,000,080,1,0,1,1,1,22,1,1,2,00,2,1,18,201500047715A01,10,16,1
201500047759,2015-10-09,2015,octobre,vendredi,13:50,2B,2B033,42.67736,9.43397,2,1,3,1,1,4,2,01,2,1,100,100,1,0,1,4,1,50,0,1,2,00,2,1,17,201500047759B01,10,15,1
201500047804,2015-03-20,2015,mars,vendredi,22:0,69,69034,45.7812,4.84243,2,2,3,5,1,4,-1,03,1,1,070,070,1,0,0,3,1,22,5,1,2,00,2,0,0,201500047804B01,7,1,1
201500047809,2015-03-20,2015,mars,vendredi,15:50,69,69382,45.7543,4.83051,2,1,3,1,1,4,1,03,4,-1,000,072,1,0,1,4,1,61,5,1,2,00,2,3,2,201500047809B01,7,1,1
201500047810,2015-03-10,2015,mars,mardi,11:10,69,69382,0,0,2,1,3,1,1,4,1,03,1,1,000,035,1,0,5,4,2,34,4,1,2,00,2,1,1,201500047810B01,7,22,1
201500047816,2015-03-22,2015,mars,dimanche,14:40,69,69142,45.7276,4.81617,2,1,3,1,1,4,2,01,2,1,000,065,1,0,1,3,1,17,5,1,2,00,9,1,15,201500047816A01,1,1,1
201500047816,2015-03-22,2015,mars,dimanche,14:40,69,69142,45.7276,4.81617,2,1,3,1,1,4,2,01,2,1,000,065,1,0,1,1,1,42,5,1,2,00,9,2,1,201500047816B01,1,15,1