Num_Acc,date,an,mois,jour,hrmn,dep,com,lat,long,agg,int,col,lum,atm,catr,circ,nbv,prof,plan,lartpc,larrout,surf,infra,situ,grav,sexe,age,trajet,secuexist,equipement,obs,obsm,choc,manv,vehiculeid,typevehicules,manoeuvehicules,numVehicules
201500047828,2015-03-30,2015,mars,lundi,70:0,69,69389,0,0,1,1,3,2,2,4,2,00,2,1,000,097,2,0,1,4,1,51,0,1,2,00,2,1,1,201500047828B01,7,24,1
201500047845,2015-04-08,2015,avril,mercredi,12:00,69,69382,0,0,2,3,3,1,1,4,1,03,1,1,000,000,1,0,1,4,1,55,5,1,2,00,2,1,1,201500047845A01,7,1,1
201500047872,2015-04-30,2015,avril,jeudi,15:50,69,69149,45.7203,4.80092,2,9,6,1,1,4,2,01,1,1,000,054,1,0,1,4,1,58,5,1,2,01,2,7,1,201500047872B01,7,1,1
201500047887,2015-05-11,2015,mai,lundi,16:15,69,69382,0,0,1,1,6,1,1,4,2,00,1,1,000,099,1,0,5,1,1,28,5,1,2,00,1,0,1,201500047887A01,,,
201500047896,2015-05-16,2015,mai,samedi,15:30,69,69389,0,0,2,1,2,1,1,4,2,03,1,1,000,087,1,0,1,4,1,26,5,1,9,01,0,1,21,201500047896A01,37,24,1
201500047897,2015-05-17,2015,mai,dimanche,55:,69,69382,0,0,2,1,3,5,1,4,2,03,1,1,000,172,1,0,1,4,2,35,5,1,2,00,2,7,1,201500047897B01,7,2,1
201500047902,2015-05-20,2015,mai,mercredi,13:25,69,69202,45.7412,4.78842,1,1,7,1,1,4,2,00,2,3,000,074,-1,0,1,4,1,68,0,1,9,00,0,0,0,201500047902A01,,,
201500047904,2015-05-20,2015,mai,mercredi,12:15,69,69381,45.77034,4.82995,2,1,1,1,1,4,2,01,2,1,000,064,1,0,1,4,1,14,0,1,2,00,2,0,0,201500047904B01,7,13,1
201500047909,2015-05-22,2015,mai,vendredi,14:10,69,69382,0,0,2,1,6,1,1,4,1,01,1,1,000,000,1,0,5,1,1,20,5,1,2,00,1,1,0,201500047909A01,,,
201500047912,2015-05-24,2015,mai,dimanche,17:20,69,69149,45.7197,4.80081,2,1,1,1,1,4,2,02,1,1,000,087,1,0,1,3,1,53,5,1,2,00,2,1,5,201500047912B01,7,15,1
201500047915,2015-05-26,2015,mai,mardi,13:25,69,69149,45.7132,4.80908,2,1,3,1,1,4,1,01,2,1,000,072,1,0,1,4,1,15,2,1,9,00,2,1,1,201500047915A01,7,1,1
201500047921,2015-05-28,2015,mai,jeudi,12:15,69,69034,45.7884,4.83983,2,1,6,1,1,4,2,02,1,1,000,070,1,0,1,3,1,45,1,1,2,01,0,0,0,201500047921B01,7,0,1
201500047925,2015-05-30,2015,mai,samedi,15:30,69,69389,0,0,2,1,6,1,1,4,1,00,2,1,000,070,1,0,5,3,1,49,0,1,9,00,1,0,5,201500047925A01,,,
201500047927,2015-06-02,2015,juin,mardi,95:0,69,69389,0,0,2,1,2,1,1,4,1,01,1,1,000,030,1,0,1,4,1,36,0,1,9,00,0,0,0,201500047927B01,7,1,1
201500047928,2015-06-02,2015,juin,mardi,14:20,69,69389,0,0,2,1,3,1,1,4,2,02,2,1,000,100,1,0,1,3,1,31,0,1,2,00,2,0,0,201500047928B01,7,15,1
201500047948,2015-06-11,2015,juin,jeudi,18:34,69,69286,45.8203,4.89547,2,3,3,1,1,3,-1,02,1,1,000,000,1,0,1,3,2,6,5,1,2,00,2,3,0,201500047948B01,99,1,1
201500047952,2015-06-13,2015,juin,samedi,10:00,69,69149,45.7167,4.79017,2,1,3,1,1,4,-1,01,2,1,000,058,1,0,4,3,1,15,5,1,2,00,2,1,1,201500047952A01,7,16,1
201500047953,2015-06-10,2015,juin,mercredi,73:0,69,69034,45.7862,4.84894,2,1,3,1,1,4,1,01,1,1,000,000,1,0,4,4,2,21,1,1,2,00,2,0,0,201500047953B01,7,0,1
201500047954,2015-06-10,2015,juin,mercredi,80:0,69,69381,45.7729,4.8308,2,1,3,1,1,4,1,01,1,1,000,029,1,0,1,4,1,61,1,1,2,00,2,2,19,201500047954B01,7,2,1
201500047958,2015-06-13,2015,juin,samedi,22:15,69,69381,0,0,2,7,6,5,3,9,2,00,1,1,000,000,2,6,4,3,1,25,5,1,8,00,1,1,1,201500047958A01,,,
201500047968,2015-06-24,2015,juin,mercredi,11:34,69,69389,0,0,2,3,1,1,1,4,2,00,1,1,000,068,1,0,1,3,1,42,5,1,2,00,2,0,0,201500047968A01,7,0,1
201500047970,2015-06-23,2015,juin,mardi,19:45,69,69384,45.7834,4.82016,2,1,1,2,1,4,2,02,2,1,000,030,1,0,0,4,1,49,0,1,2,00,2,0,0,201500047970B01,7,15,1
201500048004,2015-07-18,2015,juillet,samedi,20:35,69,69385,0,0,2,9,6,1,1,4,1,01,2,1,000,042,1,0,1,4,1,25,5,1,2,00,0,0,0,201500048004A01,,,
201500048011,2015-07-21,2015,juillet,mardi,81:0,69,69152,45.7059,4.821,2,1,3,1,1,3,3,02,1,1,018,040,1,2,1,4,1,77,5,1,2,00,2,3,13,201500048011A01,7,1,1
201500048017,2015-07-23,2015,juillet,jeudi,84:0,69,69149,45.7181,4.81683,2,1,3,1,1,4,3,02,1,1,000,020,1,0,1,4,1,42,0,1,2,00,2,7,2,201500048017B01,7,0,1
201500048032,2015-08-04,2015,août,mardi,75:0,69,69389,0,0,2,1,3,1,1,4,1,01,1,1,000,034,1,0,1,4,1,34,0,1,2,00,2,2,2,201500048032A01,7,23,1
201500048042,2015-08-07,2015,août,vendredi,93:0,69,69382,0,0,2,1,3,1,1,4,1,01,1,1,000,000,1,0,4,1,2,50,1,1,9,00,1,1,1,201500048042A01,7,0,1
201500048053,2015-08-25,2015,août,mardi,73:0,69,69385,45.76706,4.82144,2,1,7,1,1,4,2,02,1,1,000,000,1,0,5,4,1,54,1,1,2,00,0,0,0,201500048053A01,,,
201500048056,2015-08-26,2015,août,mercredi,16:05,69,69034,45.79145,4.82303,2,1,6,1,1,4,2,02,1,1,000,080,1,0,1,3,1,69,5,1,9,00,2,0,2,201500048056B01,14,0,1
201500048059,2015-08-22,2015,août,samedi,17:00,69,69382,45.74937,4.82757,1,1,6,1,1,4,-1,00,1,-1,000,000,1,1,0,1,1,34,0,1,2,00,1,1,2,201500048059A01,,,
201500048062,2015-08-30,2015,août,dimanche,11:30,69,69202,0,0,2,6,3,1,1,4,2,01,4,1,000,083,1,0,1,4,1,57,5,1,2,00,2,7,1,201500048062B01,7,9,1
201500048066,2015-09-05,2015,septembre,samedi,12:15,69,69385,45.75639,4.79769,2,3,3,1,1,4,2,00,1,1,000,059,1,0,0,4,2,44,3,1,2,00,2,7,1,201500048066B01,7,15,1
201500048067,2015-09-06,2015,septembre,dimanche,10:50,69,69389,0,0,2,2,6,1,1,4,2,01,-1,-1,000,060,-1,0,0,4,1,45,5,1,2,00,2,1,3,201500048067B01,7,23,1
201500048075,2015-09-11,2015,septembre,vendredi,21:00,69,69382,0,0,2,2,3,5,1,4,1,01,1,1,068,041,1,5,1,3,1,38,1,1,2,00,2,1,2,201500048075B01,7,2,1
201500048078,2015-09-15,2015,septembre,mardi,16:25,69,69385,0,0,2,1,6,1,1,4,2,02,2,1,000,050,1,0,1,4,1,36,5,1,9,01,0,2,14,201500048078A01,,,
201500048087,2015-09-23,2015,septembre,mercredi,10:00,69,69385,45.75803,4.81229,2,1,6,1,1,4,1,01,1,1,000,060,1,0,1,1,1,18,0,1,2,00,1,1,21,201500048087A01,,,
201500048106,2015-10-01,2015,octobre,jeudi,65:5,69,69389,45.7796,4.79894,2,3,3,2,1,4,2,02,1,1,000,165,1,0,0,3,1,37,1,1,4,00,2,0,0,201500048106B01,7,15,1
201500048109,2015-10-01,2015,octobre,jeudi,12:10,69,69385,45.7757,4.80412,2,1,6,1,1,4,2,02,2,3,000,062,1,0,1,4,2,17,5,1,2,01,0,1,13,201500048109A01,,,
201500048113,2015-10-01,2015,octobre,jeudi,19:40,69,69382,0,0,2,2,3,1,1,4,4,02,1,1,000,030,1,0,1,4,1,21,0,1,2,00,2,1,2,201500048113B01,7,15,1
201500048145,2015-10-29,2015,octobre,jeudi,11:35,69,69382,0,0,2,1,3,1,1,4,2,01,2,1,000,058,1,0,0,4,2,55,0,1,2,00,4,8,13,201500048145A01,40,1,1
201500048163,2015-11-08,2015,novembre,dimanche,13:50,69,69034,45.79122,4.8408,2,1,6,1,1,4,2,02,2,1,000,068,1,0,1,4,1,66,5,1,9,00,2,7,19,201500048163B01,7,1,1
201500048172,2015-11-10,2015,novembre,mardi,18:20,69,69389,0,0,2,1,6,5,1,4,2,02,1,1,000,000,1,0,1,4,1,23,0,1,2,00,1,1,1,201500048172A01,,,
201500048180,2015-11-16,2015,novembre,lundi,12:40,69,69384,0,0,2,1,6,1,1,4,1,02,1,1,000,020,1,0,1,4,1,38,1,1,2,00,1,1,0,201500048180A01,,,
201500048185,2015-11-19,2015,novembre,jeudi,15:50,69,69202,0,0,2,1,5,1,1,4,2,02,1,1,000,028,1,0,1,3,2,62,0,1,9,00,2,1,1,201500048185B01,37/ 7,0/16,2
201500048200,2015-11-26,2015,novembre,jeudi,72:0,69,69081,0,0,2,3,3,1,1,4,2,00,1,3,000,083,2,0,1,3,1,42,2,1,2,00,2,1,2,201500048200B01,7,2,1
201500048206,2015-11-27,2015,novembre,vendredi,18:40,69,69081,45.77347,4.78286,2,5,1,5,1,4,2,02,2,2,000,000,1,0,0,4,1,22,0,1,2,00,2,1,1,201500048206B01,7,15,1
201500048212,2015-12-03,2015,décembre,jeudi,82:0,69,69382,0,0,2,1,6,1,1,9,-1,00,1,1,000,059,1,4,0,1,1,21,0,1,9,00,1,1,1,201500048212A01,,,
201500048212,2015-12-03,2015,décembre,jeudi,82:0,69,69382,0,0,2,1,6,1,1,9,-1,00,1,1,000,059,1,4,0,4,1,69,0,1,8,00,1,1,1,201500048212A01,,,
201500048222,2015-12-11,2015,décembre,vendredi,90:0,69,69389,45.774,4.79675,2,3,3,1,1,4,2,02,1,1,050,075,1,0,1,4,1,64,1,1,2,00,2,2,2,201500048222B01,7,15,1
201500048226,2015-12-13,2015,décembre,dimanche,14:15,69,69381,0,0,2,3,1,1,1,4,1,04,2,1,164,120,1,0,1,3,1,20,4,1,2,00,2,8,19,201500048226A01,7,1,1
201500048234,2015-12-17,2015,décembre,jeudi,13:30,69,69389,0,0,2,1,2,1,1,4,2,03,2,1,000,160,1,0,1,3,1,18,5,1,9,00,2,1,2,201500048234A01,7,2,1
201500048238,2015-12-19,2015,décembre,samedi,15:55,69,69382,0,0,2,3,6,1,1,4,1,02,1,1,000,059,1,0,1,1,1,40,0,1,9,00,1,1,1,201500048238A01,,,
201500048418,2015-12-30,2015,décembre,mercredi,18:25,69,69386,0,0,2,1,6,5,1,4,1,03,1,1,000,000,1,0,5,4,1,27,0,1,9,01,0,3,18,201500048418B01,7,22,1
201500048421,2015-01-06,2015,janvier,mardi,18:50,69,69386,0,0,2,2,3,5,5,4,1,00,1,1,000,000,1,0,1,4,1,33,1,1,9,00,2,1,15,201500048421A01,7,1,1
201500048426,2015-12-31,2015,décembre,jeudi,11:30,69,69388,0,0,2,1,3,1,1,4,1,01,1,1,000,000,1,0,5,4,1,29,5,1,2,00,2,0,2,201500048426B01,7,22,1
201500048427,2015-01-09,2015,janvier,vendredi,12:05,69,69383,45.7458,4.88029,2,2,3,1,1,4,2,02,1,1,000,000,2,0,1,4,1,28,1,1,9,00,2,8,7,201500048427A01,7,15,1
201500048428,2015-01-12,2015,janvier,lundi,14:00,69,69386,45.7721,4.84463,2,2,3,1,1,4,-1,00,-1,-1,000,000,-1,0,1,4,1,36,0,1,2,00,2,3,1,201500048428A01,7,0,1
201500048431,2015-01-07,2015,janvier,mercredi,17:00,69,69383,0,0,2,1,2,5,1,4,2,08,1,1,000,000,1,2,1,4,2,24,0,1,2,00,0,4,0,201500048431B01,7,2,1
201500048439,2015-01-20,2015,janvier,mardi,12:05,69,69383,45.7527,4.84262,2,2,3,1,1,4,1,01,1,1,000,000,2,0,1,4,1,41,1,1,9,00,2,7,1,201500048439B01,10,1,1
201500048449,2015-04-02,2015,avril,jeudi,10:45,69,69387,45.7523,4.83626,2,1,6,1,8,4,2,02,1,2,000,000,1,2,5,1,1,73,5,1,9,00,1,1,1,201500048449A01,,,
201500048449,2015-04-02,2015,avril,jeudi,10:45,69,69387,45.7523,4.83626,2,1,6,1,8,4,2,02,1,2,000,000,1,2,5,4,2,60,5,1,8,00,1,1,1,201500048449A01,,,
201500048452,2015-01-16,2015,janvier,vendredi,18:20,69,69383,45.7544,4.85275,2,2,3,2,3,4,1,02,1,1,000,000,2,0,1,3,1,26,5,1,2,00,2,1,1,201500048452B01,7,15,1
201500048454,2015-01-22,2015,janvier,jeudi,21:35,69,69383,45.7522,4.87465,2,2,3,5,1,4,-1,01,1,1,000,000,1,0,1,3,1,18,5,1,2,00,2,0,1,201500048454B01,7,1,1
201500048456,2015-01-27,2015,janvier,mardi,14:15,69,69383,45.7544,4.85275,2,1,6,1,1,4,2,03,1,1,000,054,1,0,1,3,2,32,0,1,2,00,2,1,1,201500048456B01,7,15,1
201500048458,2015-02-01,2015,février,dimanche,22:00,69,69383,0,0,2,1,2,5,2,4,2,03,1,1,000,000,2,0,1,4,1,32,0,1,9,00,2,6,1,201500048458A01,7,1,1
201500048472,2015-04-07,2015,avril,mardi,19:50,69,69388,0,0,2,6,3,1,1,4,2,02,1,1,000,060,1,5,1,4,2,51,1,1,2,00,0,0,16,201500048472B01,7,9,1
201500048476,2015-04-08,2015,avril,mercredi,85:5,69,69386,0,0,2,1,6,1,1,4,1,01,-1,-1,000,000,-1,0,1,4,1,30,1,1,2,00,2,1,1,201500048476A01,,,
201500048487,2015-02-24,2015,février,mardi,81:5,69,69383,0,0,2,1,6,1,1,4,-1,01,1,1,000,010,-1,0,1,3,2,57,1,1,2,01,0,5,1,201500048487B01,7,22,1
201500048492,2015-04-14,2015,avril,mardi,18:50,69,69383,45.7527,4.84262,2,1,3,1,1,4,4,03,1,1,000,090,1,0,1,3,1,49,1,1,2,00,2,7,17,201500048492B01,10,22,1
201500048498,2015-04-15,2015,avril,mercredi,16:10,69,69383,0,0,2,1,2,1,1,4,1,02,1,1,000,000,1,0,1,1,1,60,0,1,2,00,2,4,11,201500048498B01,7,1,1
201500048505,2015-03-05,2015,mars,jeudi,10:50,69,69386,0,0,2,2,3,1,1,4,1,01,1,1,000,000,1,0,1,4,1,71,5,1,9,00,2,8,1,201500048505B01,7,1,1
201500048524,2015-04-22,2015,avril,mercredi,15:40,69,69388,45.7378,4.87195,2,3,1,1,1,4,1,00,1,1,000,000,1,0,1,4,1,11,0,1,2,00,0,0,0,201500048524B01,10,0,1
201500048526,2015-03-24,2015,mars,mardi,12:00,69,69383,0,0,2,1,6,1,1,4,2,04,1,1,000,107,1,0,5,1,1,41,0,1,9,00,1,1,1,201500048526A01,,,
201500048528,2015-04-22,2015,avril,mercredi,11:50,69,69388,0,0,2,2,3,1,1,4,3,00,-1,-1,000,000,-1,0,1,4,1,16,5,1,9,00,2,1,19,201500048528B01,7,19,1
201500048531,2015-04-23,2015,avril,jeudi,18:25,69,69383,0,0,2,3,3,1,7,4,2,03,2,1,000,060,1,0,5,4,1,53,0,1,9,00,2,2,0,201500048531B01,7,16,1
201500048532,2015-03-18,2015,mars,mercredi,17:40,69,69259,0,0,2,1,3,1,1,4,2,02,1,1,050,040,1,0,1,4,1,55,0,1,2,11,2,7,17,201500048532A01,10,1,1
201500048539,2015-04-27,2015,avril,lundi,20:30,69,69383,0,0,2,2,3,2,1,4,-1,00,-1,-1,000,000,2,0,0,4,1,21,0,1,9,01,2,1,2,201500048539B01,7,15,1
201500048540,2015-04-28,2015,avril,mardi,10:25,69,69387,0,0,2,1,2,1,1,4,1,01,1,1,020,117,1,0,1,4,1,44,5,1,2,00,2,4,11,201500048540B01,10,11,1
201500048541,2015-04-28,2015,avril,mardi,15:40,69,69387,45.7285,4.82183,2,2,3,1,1,4,1,01,1,1,000,070,1,0,1,4,1,44,1,1,4,00,2,1,1,201500048541B01,10,1,1
201500048546,2015-12-17,2015,décembre,jeudi,20:00,69,69387,0,0,2,1,5,5,1,4,1,01,1,1,000,000,1,0,1,4,2,27,0,1,2,00,2,0,0,201500048546A01,7,0,2
201500048557,2015-05-05,2015,mai,mardi,20:20,69,69386,0,0,2,2,3,1,1,3,2,03,1,1,000,000,1,0,1,4,1,22,2,1,9,00,2,1,1,201500048557B01,7,1,1
201500048563,2015-05-06,2015,mai,mercredi,12:35,69,69387,0,0,2,1,1,1,1,4,1,01,2,1,000,030,1,0,1,4,1,15,2,1,2,00,2,1,5,201500048563B01,7,1,1
201500048568,2015-05-09,2015,mai,samedi,12:55,69,69383,0,0,2,9,3,1,1,4,2,00,1,1,000,000,1,6,1,3,1,13,5,1,2,00,2,2,19,201500048568A01,7,1,1
201500048571,2015-05-12,2015,mai,mardi,73:5,69,69387,0,0,2,1,3,1,1,4,2,03,-1,-1,000,000,-1,0,4,4,1,43,5,1,2,00,2,1,1,201500048571B01,7,0,1
201500048574,2015-05-13,2015,mai,mercredi,17:50,69,69383,0,0,2,1,6,1,1,4,2,03,1,1,000,000,1,0,5,1,2,23,5,1,9,00,1,1,1,201500048574A01,,,
201500048578,2015-05-15,2015,mai,vendredi,72:0,69,69388,0,0,2,1,3,1,1,4,1,01,1,1,000,032,1,0,4,3,2,21,2,1,9,00,0,0,0,201500048578A01,7,15,1
201500048579,2015-05-15,2015,mai,vendredi,14:35,69,69386,0,0,2,2,3,1,2,4,1,01,1,1,000,000,2,0,1,4,1,41,1,1,2,00,2,7,19,201500048579A01,7,1,1
201500048581,2015-05-16,2015,mai,samedi,14:30,69,69259,0,0,2,2,3,1,1,4,3,02,1,1,110,053,1,0,1,3,1,43,0,1,2,00,2,1,2,201500048581B01,7,19,1
201500048587,2015-05-19,2015,mai,mardi,11:30,69,69387,45.7534,4.83678,2,2,3,1,1,4,1,00,1,1,000,120,1,0,1,4,1,39,1,1,2,00,2,0,1,201500048587A01,13,1,1
201500048590,2015-05-19,2015,mai,mardi,14:10,69,69259,45.7189,4.88725,2,1,2,1,1,4,-1,01,1,1,000,050,1,0,1,4,1,58,5,1,9,00,2,1,2,201500048590B01,7,0,1
201500048593,2015-05-20,2015,mai,mercredi,17:25,69,69387,0,0,2,3,3,1,1,4,2,00,1,1,000,064,1,0,1,4,1,28,1,1,9,00,2,7,19,201500048593A01,7,1,1
201500048612,2015-05-30,2015,mai,samedi,1:,69,69383,0,0,2,1,2,5,1,4,1,04,1,1,000,100,1,0,1,4,2,26,5,1,9,00,2,1,2,201500048612A01,7,1,1
201500048627,2015-06-08,2015,juin,lundi,19:10,69,69388,0,0,2,1,3,1,1,4,2,01,1,1,000,000,1,0,1,4,2,15,0,1,9,00,2,8,19,201500048627A01,7,1,1
201500048629,2015-06-09,2015,juin,mardi,17:25,69,69383,0,0,2,1,3,1,1,4,-1,00,1,-1,000,000,1,0,0,4,2,30,0,1,2,00,9,0,0,201500048629A01,37,7,1
201500048630,2015-06-09,2015,juin,mardi,18:30,69,69383,45.7532,4.8421,2,1,3,1,1,4,2,03,1,1,000,000,1,0,1,3,1,39,5,1,2,00,2,7,2,201500048630B01,7,22,1
201500048636,2015-06-12,2015,juin,vendredi,18:25,69,69386,0,0,2,2,3,1,2,4,1,01,1,1,000,000,2,0,1,4,1,23,5,1,2,00,2,0,0,201500048636A01,7,0,1
201500048640,2015-06-16,2015,juin,mardi,93:0,69,69387,45.7355,4.82963,2,2,3,1,1,4,2,01,1,1,000,160,1,0,1,4,2,37,1,1,9,00,2,1,1,201500048640B01,7,1,1
201500048649,2015-06-22,2015,juin,lundi,14:30,69,69383,0,0,2,3,3,1,1,4,1,02,1,1,000,000,1,0,1,4,1,23,1,1,2,00,2,1,1,201500048649B01,7,15,1
201500048650,2015-06-23,2015,juin,mardi,11:25,69,69383,45.7594,4.85119,2,1,3,1,1,4,2,03,1,1,000,000,1,0,1,4,1,58,1,1,9,00,0,5,2,201500048650B01,15,22,1
201500048651,2015-06-23,2015,juin,mardi,17:00,69,69387,45.7381,4.83021,1,4,3,1,1,4,1,01,1,3,000,000,1,2,1,4,1,32,1,1,2,00,2,2,1,201500048651B01,7,15,1
201500048652,2015-06-23,2015,juin,mardi,18:20,69,69387,0,0,2,1,1,1,1,4,1,03,1,1,000,000,1,0,5,4,1,30,0,1,9,00,2,3,1,201500048652B01,7,16,1
201500048654,2015-06-24,2015,juin,mercredi,15:55,69,69387,0,0,2,1,3,1,1,4,2,03,2,1,000,000,1,0,5,3,1,49,4,1,9,01,0,1,0,201500048654B01,7,23,1
201500048656,2015-06-24,2015,juin,mercredi,20:50,69,69388,0,0,2,1,1,2,1,4,2,02,1,1,000,060,1,0,1,4,1,28,5,1,2,00,2,5,19,201500048656B01,10,0,1
201500048659,2015-06-26,2015,juin,vendredi,19:06,69,69386,0,0,2,2,6,1,1,4,1,01,1,1,000,000,1,5,1,1,2,50,1,1,2,00,1,0,0,201500048659A01,,,
201500048662,2015-06-27,2015,juin,samedi,64:3,69,69386,0,0,2,3,1,5,1,4,1,03,1,1,000,000,1,0,1,3,1,43,0,1,2,00,2,1,0,201500048662B01,10,0,1
201500048671,2015-07-02,2015,juillet,jeudi,85:5,69,69383,0,0,2,1,3,1,1,4,3,03,1,1,000,000,1,0,1,4,2,28,1,1,9,00,2,8,19,201500048671B01,2,1,1
201500048672,2015-07-02,2015,juillet,jeudi,10:50,69,69259,0,0,2,1,3,1,1,4,2,02,1,1,000,080,1,0,1,3,1,57,4,1,2,00,2,8,11,201500048672B01,10,0,1
201500048677,2015-07-03,2015,juillet,vendredi,12:10,69,69386,0,0,2,1,6,1,1,4,1,02,1,1,000,000,1,0,1,4,1,34,5,1,2,00,2,1,1,201500048677B01,7,24,1
201500048678,2015-07-03,2015,juillet,vendredi,18:30,69,69387,0,0,2,3,3,1,7,4,1,04,1,1,000,120,1,0,1,4,1,32,5,1,2,00,2,7,5,201500048678A01,7,15,1
201500048688,2015-07-08,2015,juillet,mercredi,95:0,69,69386,0,0,2,1,1,1,1,4,2,01,1,1,000,000,1,0,1,4,1,26,0,1,2,00,2,1,1,201500048688A01,1,1,1
201500048688,2015-07-08,2015,juillet,mercredi,95:0,69,69386,0,0,2,1,1,1,1,4,2,01,1,1,000,000,1,0,1,3,1,21,0,1,2,00,2,1,1,201500048688B01,1,1,1
201500048691,2015-07-08,2015,juillet,mercredi,18:15,69,69383,0,0,1,1,1,1,1,4,1,03,-1,-1,000,000,-1,0,1,3,1,21,1,1,2,00,2,0,0,201500048691A01,7,2,1
201500048698,2015-07-09,2015,juillet,jeudi,21:15,69,69388,0,0,2,1,1,2,1,4,1,03,1,1,000,000,1,5,1,4,1,25,5,1,2,00,2,7,19,201500048698A01,7,2,1
201500048701,2015-07-11,2015,juillet,samedi,75:0,69,69383,0,0,2,2,3,1,1,4,1,01,1,1,000,000,1,0,1,4,1,49,5,1,2,00,2,7,0,201500048701B01,7,1,1
201500048703,2015-07-15,2015,juillet,mercredi,90:5,69,69383,0,0,2,2,3,1,1,4,1,01,1,1,000,039,1,5,1,4,1,52,1,1,2,00,2,2,1,201500048703B01,7,16,1
201500048704,2015-07-15,2015,juillet,mercredi,23:00,69,69388,0,0,2,2,3,5,1,4,1,01,1,1,000,000,1,0,1,4,1,17,0,1,2,00,2,8,0,201500048704B01,7,1,1
201500048705,2015-07-16,2015,juillet,jeudi,16:30,69,69383,0,0,2,2,3,1,1,4,1,03,1,1,000,000,1,5,1,4,1,41,1,1,9,00,2,1,1,201500048705B01,7,16,1
201500048711,2015-07-20,2015,juillet,lundi,74:5,69,69383,0,0,2,3,3,1,1,4,1,01,1,1,000,000,1,0,1,4,2,52,1,1,2,00,2,0,0,201500048711A01,7,0,1
201500048714,2015-07-21,2015,juillet,mardi,81:8,69,69383,0,0,2,2,3,1,1,4,1,01,1,1,000,000,1,5,5,4,1,35,1,1,2,00,0,7,1,201500048714B01,1,1,1
201500048715,2015-07-21,2015,juillet,mardi,22:28,69,69387,0,0,2,1,3,5,1,4,3,02,1,1,024,136,1,0,1,3,1,46,0,1,2,00,2,0,0,201500048715B01,7,0,1
201500048717,2015-07-23,2015,juillet,jeudi,23:00,69,69387,0,0,2,2,1,5,1,4,1,01,1,1,000,041,1,0,1,4,1,44,0,1,9,00,2,1,1,201500048717B01,7,15,1
201500048718,2015-07-23,2015,juillet,jeudi,11:40,69,69387,0,0,2,2,3,1,1,4,2,02,1,1,000,034,1,0,1,4,1,49,5,1,9,00,2,8,19,201500048718B01,7,1,1
201500048720,2015-07-23,2015,juillet,jeudi,18:00,69,69383,0,0,2,1,6,1,1,4,3,02,2,1,000,000,1,0,1,3,1,47,1,1,2,00,1,1,17,201500048720A01,,,
201500048727,2015-07-31,2015,juillet,vendredi,17:10,69,69383,0,0,2,2,3,1,1,4,2,04,1,1,000,000,1,0,1,3,2,29,1,1,2,00,2,7,1,201500048727B01,7,16,1
201500048728,2015-08-02,2015,août,dimanche,12:20,69,69383,0,0,2,2,3,1,1,4,1,01,1,1,000,000,1,0,5,3,2,35,1,1,2,00,2,1,1,201500048728B01,7,1,1
201500048740,2015-08-12,2015,août,mercredi,13:15,69,69259,0,0,2,1,1,1,1,4,-1,03,1,-1,022,089,1,0,1,4,1,15,9,1,9,00,2,7,19,201500048740A01,7,1,1
201500048750,2015-08-17,2015,août,lundi,17:00,69,69388,0,0,2,2,3,1,1,4,1,03,1,1,000,087,1,0,1,3,1,46,5,1,2,00,2,8,1,201500048750B01,7,1,1
201500048754,2015-08-21,2015,août,vendredi,16:10,69,69383,0,0,2,1,1,1,1,4,1,01,1,1,000,000,1,0,1,3,1,22,1,1,2,00,2,0,0,201500048754B01,7,0,1
201500048758,2015-08-25,2015,août,mardi,10:40,69,69388,0,0,2,2,1,1,1,4,2,02,1,1,000,115,1,0,1,4,1,59,0,1,2,00,2,8,18,201500048758A01,15,16,1
201500048759,2015-08-25,2015,août,mardi,10:50,69,69387,45.74889,4.84409,2,2,7,1,1,4,2,04,1,1,000,000,1,0,5,4,1,26,0,1,9,00,0,0,1,201500048759B01,7,1,1
201500048761,2015-08-25,2015,août,mardi,17:40,69,69387,45.7379,4.86352,2,2,3,1,1,4,4,01,1,1,000,050,1,0,1,4,1,36,1,1,9,00,2,2,1,201500048761B01,7,1,1
201500048762,2015-08-26,2015,août,mercredi,15:35,69,69383,0,0,2,2,3,1,1,4,1,01,-1,-1,000,000,-1,0,5,4,1,27,5,1,9,00,2,7,0,201500048762B01,7,1,1
201500048764,2015-08-28,2015,août,vendredi,80:0,69,69388,0,0,1,1,3,1,1,4,-1,02,1,1,000,000,1,0,1,4,1,56,1,1,9,00,2,1,1,201500048764B01,7,16,1
201500048787,2015-09-15,2015,septembre,mardi,14:33,69,69388,0,0,2,3,3,1,8,4,1,01,1,1,000,025,2,0,0,1,1,18,2,1,2,00,2,8,15,201500048787B01,1,1,1
201500048787,2015-09-15,2015,septembre,mardi,14:33,69,69388,0,0,2,3,3,1,8,4,1,01,1,1,000,025,2,0,0,4,1,64,5,1,2,00,2,1,1,201500048787A01,1,15,1
201500048789,2015-09-17,2015,septembre,jeudi,82:0,69,69388,0,0,2,1,3,1,3,4,2,00,1,1,000,000,2,4,0,3,1,41,0,1,2,00,4,3,0,201500048789B01,40,0,1
201500048802,2015-09-24,2015,septembre,jeudi,94:5,69,69383,0,0,2,3,1,1,1,4,2,02,1,1,000,000,1,0,1,4,1,24,9,1,2,00,2,0,0,201500048802A01,7,0,1
201500048807,2015-09-28,2015,septembre,lundi,14:20,69,69383,0,0,2,2,3,1,1,4,1,01,1,1,000,000,1,0,1,4,1,58,5,1,2,00,2,1,0,201500048807A01,31,0,1
201500048811,2015-09-29,2015,septembre,mardi,20:10,69,69259,0,0,2,1,3,4,1,4,1,02,1,1,110,060,1,0,5,4,1,40,1,1,4,00,2,0,0,201500048811B01,7,16,1