Num_Acc,date,an,mois,jour,hrmn,dep,com,lat,long,agg,int,col,lum,atm,catr,circ,nbv,prof,plan,lartpc,larrout,surf,infra,situ,grav,sexe,age,trajet,secuexist,equipement,obs,obsm,choc,manv,vehiculeid,typevehicules,manoeuvehicules,numVehicules
201500048813,2015-09-30,2015,septembre,mercredi,19:50,69,69386,0,0,2,1,3,5,1,4,1,03,1,1,000,000,1,0,1,4,2,27,0,1,2,00,2,1,2,201500048813B01,7,0,1
201500048814,2015-10-01,2015,octobre,jeudi,11:54,69,69383,0,0,2,1,3,1,1,4,1,02,1,1,000,000,1,6,5,4,2,22,5,1,2,00,2,1,1,201500048814B01,7,16,1
201500048821,2015-10-05,2015,octobre,lundi,14:00,69,69387,0,0,2,2,4,1,1,4,1,02,1,1,039,056,1,0,1,4,2,69,5,1,2,00,2,1,1,201500048821C01,7,1/15,2
201500048829,2015-10-08,2015,octobre,jeudi,90:0,69,69388,0,0,2,4,3,1,1,4,1,02,1,1,000,000,1,0,5,4,1,42,5,1,2,00,0,8,2,201500048829B01,7,15,1
201500048830,2015-10-07,2015,octobre,mercredi,20:20,69,69388,45.7304,4.85066,2,1,3,5,1,4,2,02,1,1,000,000,1,0,1,4,1,44,5,1,4,00,2,8,1,201500048830B01,10,1,1
201500048832,2015-10-06,2015,octobre,mardi,12:25,69,69386,0,0,2,6,1,1,8,4,1,01,1,3,000,000,2,0,1,4,1,35,0,1,9,00,2,0,0,201500048832B01,7,1,1
201500048833,2015-10-09,2015,octobre,vendredi,12:55,69,69387,0,0,2,1,2,1,1,4,2,03,1,1,000,172,1,0,1,4,1,19,2,1,2,00,2,4,1,201500048833B01,7,14,1
201500048839,2015-10-11,2015,octobre,dimanche,11:2,69,69383,0,0,2,2,2,5,1,4,1,02,1,1,000,100,1,0,1,4,1,29,5,1,2,00,2,4,0,201500048839B01,7,0,1
201500048845,2015-10-12,2015,octobre,lundi,16:45,69,69386,0,0,2,1,3,1,1,4,2,01,1,1,000,000,1,6,1,4,2,66,0,1,9,00,2,0,0,201500048845B01,7,0,1
201500048848,2015-10-13,2015,octobre,mardi,18:30,69,69383,0,0,2,2,6,1,8,4,2,03,1,1,000,000,1,0,5,1,1,19,5,1,2,00,1,1,0,201500048848A01,,,
201500048878,2015-11-02,2015,novembre,lundi,13:45,69,69383,0,0,2,1,1,1,1,4,1,01,1,1,000,000,1,0,1,4,2,38,1,1,2,00,2,4,19,201500048878B01,7,2,1
201500048879,2015-11-02,2015,novembre,lundi,14:25,69,69387,0,0,2,2,3,1,1,4,-1,04,1,1,000,050,1,0,1,4,1,50,5,1,2,00,2,5,1,201500048879A01,7,16,1
201500048882,2015-11-03,2015,novembre,mardi,10:00,69,69388,0,0,2,3,1,1,1,4,1,01,1,1,000,000,1,0,5,4,1,26,0,1,9,00,2,0,0,201500048882B01,7,9,1
201500048886,2015-11-04,2015,novembre,mercredi,92:0,69,69383,0,0,2,1,3,1,1,4,1,03,1,1,000,000,1,0,1,4,1,33,1,1,9,00,2,8,1,201500048886B01,7,1,1
201500048891,2015-11-05,2015,novembre,jeudi,18:20,69,69383,0,0,2,9,6,5,1,4,1,01,1,1,000,000,1,6,1,4,2,29,5,1,9,01,0,0,0,201500048891B01,7,0,1
201500048893,2015-11-07,2015,novembre,samedi,52:1,69,69388,0,0,2,2,3,5,1,4,1,00,-1,-1,000,000,-1,0,1,3,1,44,4,1,9,00,2,1,0,201500048893B01,40,2,1
201500048900,2015-11-10,2015,novembre,mardi,13:45,69,69386,0,0,2,2,3,1,1,4,1,01,1,1,000,000,1,0,0,4,2,41,1,1,9,00,2,0,0,201500048900B01,10,22,1
201500048907,2015-11-14,2015,novembre,samedi,11:10,69,69388,45.739,4.86687,2,1,6,1,1,4,-1,01,-1,-1,000,000,-1,0,5,1,1,52,9,1,9,00,1,0,0,201500048907A01,,,
201500048920,2015-11-20,2015,novembre,vendredi,18:30,69,69383,0,0,2,1,1,5,1,4,2,02,1,1,000,000,1,0,1,3,1,26,9,1,9,00,2,1,1,201500048920A01,7,15,1
201500048925,2015-11-25,2015,novembre,mercredi,84:5,69,69383,0,0,2,1,3,1,2,4,-1,03,1,-1,000,000,2,0,5,4,2,22,5,1,2,00,0,0,0,201500048925B01,7,0,1
201500048948,2015-12-08,2015,décembre,mardi,18:30,69,69383,0,0,2,1,3,5,1,4,1,01,1,1,000,000,-1,0,5,3,2,35,1,1,9,00,2,1,1,201500048948B01,7,16,1
201500048952,2015-12-12,2015,décembre,samedi,93:0,69,69259,0,0,2,2,1,1,1,2,-1,02,1,-1,010,090,1,0,1,3,2,30,4,1,2,00,2,1,1,201500048952B01,7,15,1
201500048957,2015-12-09,2015,décembre,mercredi,11:20,69,69387,45.7437,4.84094,2,2,3,1,1,4,2,02,1,1,000,107,1,0,1,4,1,22,1,1,2,00,2,1,0,201500048957B01,7,1,1
201500048963,2015-12-17,2015,décembre,jeudi,16:50,69,69383,0,0,2,2,2,2,1,4,2,05,1,1,000,000,1,0,1,3,2,33,1,1,9,00,2,3,19,201500048963B01,7,4,1
201500048966,2015-12-11,2015,décembre,vendredi,18:00,69,69383,0,0,2,1,2,2,1,4,1,01,1,1,000,000,1,0,1,4,1,48,0,1,2,00,0,0,0,201500048966B01,7,0,1
201500048969,2015-12-22,2015,décembre,mardi,12:15,69,69387,0,0,2,2,3,1,1,4,1,03,1,1,000,066,1,4,1,3,1,26,0,1,2,00,2,1,5,201500048969A01,7,1,1
201500048980,2015-12-26,2015,décembre,samedi,12:15,69,69259,0,0,2,1,3,1,1,4,1,01,2,1,150,080,1,0,1,3,1,29,4,1,2,00,2,3,19,201500048980A01,7,2,1
201500048984,2015-02-09,2015,février,lundi,19:20,69,69383,0,0,2,2,3,5,1,4,1,03,1,1,000,000,1,0,1,3,1,30,0,1,2,00,2,2,2,201500048984B01,7,9,1
201500049187,2015-10-20,2015,octobre,mardi,17:20,33,33063,44.88192,-0.54733,1,1,1,1,1,1,-1,01,2,1,000,000,1,2,5,1,2,50,1,1,2,00,0,0,0,201500049187B01,1,1,1
201500049187,2015-10-20,2015,octobre,mardi,17:20,33,33063,44.88192,-0.54733,1,1,1,1,1,1,-1,01,2,1,000,000,1,2,5,4,1,48,1,1,2,00,9,1,1,201500049187A01,1,0,1
201500049262,2015-01-13,2015,janvier,mardi,13:25,69,69385,45.7653,4.83035,2,1,3,1,1,4,2,02,2,1,000,072,1,0,1,4,1,42,5,1,2,00,2,1,5,201500049262B01,7,15,1
201500049270,2015-02-05,2015,février,jeudi,13:31,69,69385,0,0,2,1,3,1,4,4,2,02,1,1,000,110,1,0,1,4,2,53,1,1,2,00,2,1,1,201500049270B01,7,10,1
201500049408,2015-01-14,2015,janvier,mercredi,18:25,69,69387,45.7387,4.84113,2,2,3,5,1,4,1,01,1,1,000,045,1,0,1,4,2,56,0,1,9,00,2,7,1,201500049408B01,7,1,1
201500049434,2015-03-13,2015,mars,vendredi,12:00,69,69387,0,0,2,3,3,1,1,4,1,01,-1,1,000,000,1,0,1,3,1,31,0,1,2,00,2,7,1,201500049434A01,7,1,1
201500049437,2015-01-07,2015,janvier,mercredi,19:05,69,69387,45.7284,4.8509,2,1,6,5,1,4,2,00,1,1,000,000,-1,0,1,1,1,32,1,1,4,00,1,4,2,201500049437A01,,,
201500049437,2015-01-07,2015,janvier,mercredi,19:05,69,69387,45.7284,4.8509,2,1,6,5,1,4,2,00,1,1,000,000,-1,0,1,4,2,20,5,1,9,00,1,4,2,201500049437A01,,,
201500049443,2015-01-22,2015,janvier,jeudi,21:35,69,69388,45.7402,4.87747,2,2,3,5,2,4,2,03,2,-1,000,000,2,0,1,4,1,18,5,1,9,00,2,7,1,201500049443A01,7,1,1
201500049460,2015-02-26,2015,février,jeudi,11:10,69,69388,0,0,2,1,3,1,1,4,1,00,1,1,000,000,1,0,4,4,2,44,4,1,2,00,2,1,5,201500049460A01,7,0,1
201500049842,2015-02-19,2015,février,jeudi,10:30,69,69389,0,0,2,1,3,1,1,4,3,02,1,1,000,000,1,0,5,3,2,23,2,1,9,01,0,7,1,201500049842B01,7,24,1
201500049940,2015-01-13,2015,janvier,mardi,74:5,13,13055,0,0,1,1,3,5,1,1,1,03,1,1,015,105,1,0,1,3,1,52,1,1,2,00,2,8,1,201500049940B01,7,12,1
201500049941,2015-01-13,2015,janvier,mardi,85:0,13,13055,0,0,1,1,3,1,1,1,1,03,1,1,015,105,1,0,1,4,2,22,5,1,2,00,2,3,1,201500049941B01,7,3,1
201500050165,2015-05-07,2015,mai,jeudi,17:30,13,13001,0,0,1,1,3,1,1,1,1,01,2,3,000,035,1,3,1,4,1,42,0,1,2,00,0,0,0,201500050165B01,33,0,1
201500050165,2015-05-07,2015,mai,jeudi,17:30,13,13001,0,0,1,1,3,1,1,1,1,01,2,3,000,035,1,3,1,4,1,18,0,1,2,00,0,0,0,201500050165B01,33,0,1
201500050414,2015-11-23,2015,novembre,lundi,82:2,13,13055,0,0,1,1,3,1,1,1,1,03,1,1,035,025,1,0,2,4,1,35,1,1,2,00,2,0,3,201500050414B01,7,12,1
201500050487,2015-02-05,2015,février,jeudi,90:0,75,75101,0,0,2,2,3,1,1,4,1,01,1,1,000,035,1,0,1,4,2,36,0,1,2,00,2,7,18,201500050487B01,10,22,1
201500050509,2015-04-05,2015,avril,dimanche,15:25,75,75101,0,0,2,1,3,1,1,4,1,01,1,1,000,025,1,0,1,4,2,31,5,1,2,00,2,2,1,201500050509B01,7,22,1
201500050510,2015-04-09,2015,avril,jeudi,14:09,75,75101,0,0,2,5,3,1,1,4,1,03,1,1,000,115,1,0,1,4,2,38,1,1,2,00,2,3,13,201500050510B01,7,17,1
201500050518,2015-04-25,2015,avril,samedi,14:55,75,75101,0,0,2,1,3,1,1,4,2,02,1,1,000,120,1,0,1,4,1,46,0,1,2,00,2,8,7,201500050518B01,7,7,1
201500050519,2015-04-25,2015,avril,samedi,16:55,75,75101,0,0,2,2,3,1,2,4,2,04,1,1,000,120,2,0,1,4,2,28,0,1,2,00,2,8,18,201500050519B01,38,16,1
201500050532,2015-05-19,2015,mai,mardi,12:25,75,75101,0,0,2,2,7,1,1,4,2,04,1,1,002,150,1,0,0,4,1,50,5,1,2,00,0,0,1,201500050532A01,,,
201500050535,2015-05-31,2015,mai,dimanche,12:30,75,75101,0,0,2,2,7,1,2,4,2,04,1,-1,000,000,2,0,4,3,2,60,5,1,2,12,0,1,1,201500050535A01,,,
201500050539,2015-06-05,2015,juin,vendredi,12:30,75,75101,0,0,2,2,6,1,1,4,1,01,1,1,000,000,1,2,1,3,2,23,9,1,2,00,2,0,19,201500050539A01,7,15,1
201500050540,2015-06-12,2015,juin,vendredi,14:50,75,75101,0,0,2,3,3,1,1,4,2,05,1,2,000,150,1,0,1,4,1,22,9,1,2,00,2,3,15,201500050540B01,32,1,1
201500050541,2015-06-16,2015,juin,mardi,90:0,75,75101,0,0,2,5,1,1,1,4,2,04,-1,-1,000,000,-1,0,0,4,1,39,9,1,2,00,2,1,1,201500050541B01,7,15,1
201500050542,2015-06-18,2015,juin,jeudi,10:05,75,75101,0,0,2,2,6,1,1,4,1,03,1,1,120,060,3,5,1,1,1,29,1,1,2,00,1,1,7,201500050542A01,,,
201500050552,2015-07-13,2015,juillet,lundi,15:10,75,75101,0,0,2,1,6,1,1,4,1,03,1,1,000,093,1,0,0,1,2,55,9,1,2,00,1,0,1,201500050552A01,,,
201500050553,2015-07-14,2015,juillet,mardi,50:,75,75101,0,0,2,5,3,5,1,4,1,03,1,1,150,100,1,0,1,4,1,24,0,1,2,00,2,4,19,201500050553A01,7,1,1
201500050554,2015-07-15,2015,juillet,mercredi,10:00,75,75101,0,0,2,3,3,1,1,4,1,04,-1,-1,000,000,-1,0,5,4,1,51,0,1,2,00,2,0,1,201500050554B01,1,17,1
201500050554,2015-07-15,2015,juillet,mercredi,10:00,75,75101,0,0,2,3,3,1,1,4,1,04,-1,-1,000,000,-1,0,5,1,1,34,0,1,2,00,2,0,17,201500050554A01,1,1,1
201500050556,2015-07-15,2015,juillet,mercredi,22:35,75,75101,0,0,2,3,3,2,1,4,1,03,1,-1,000,040,1,0,1,4,1,57,9,1,2,00,2,1,1,201500050556A01,7,16,1
201500050558,2015-07-21,2015,juillet,mardi,12:40,75,75101,0,0,2,2,3,1,1,4,-1,02,1,1,000,000,1,0,1,4,2,29,1,1,2,00,2,1,7,201500050558B01,7,16,1
201500050562,2015-08-03,2015,août,lundi,14:25,75,75101,0,0,2,2,3,1,1,4,1,05,1,1,000,250,1,0,0,4,1,50,0,1,2,00,2,3,19,201500050562B01,7,16,1
201500050565,2015-08-17,2015,août,lundi,16:07,75,75101,0,0,2,7,6,1,1,4,1,01,1,1,000,030,1,0,1,4,1,70,5,1,2,00,2,1,1,201500050565B01,38,16,1
201500050593,2015-11-20,2015,novembre,vendredi,17:20,75,75101,0,0,2,1,3,5,2,4,1,03,1,1,000,200,8,0,1,4,1,43,1,1,2,00,2,8,13,201500050593B01,2,1,1
201500050594,2015-11-21,2015,novembre,samedi,23:00,75,75104,0,0,2,2,3,5,1,4,1,02,1,1,000,000,1,0,1,4,1,31,9,1,2,00,2,1,15,201500050594A01,7,1,1
201500050598,2015-12-05,2015,décembre,samedi,17:35,75,75101,0,0,2,1,3,5,1,4,2,06,1,1,000,192,1,0,1,4,2,56,9,1,2,00,2,4,7,201500050598B01,7,12,1
201500050609,2015-01-02,2015,janvier,vendredi,93:0,75,75102,0,0,2,5,3,1,8,4,1,02,1,1,000,081,2,0,1,4,1,32,0,1,2,00,2,4,17,201500050609B01,10,10,1
201500050618,2015-02-09,2015,février,lundi,95:0,75,75102,0,0,2,1,6,1,1,4,3,03,-1,1,180,110,1,0,1,1,1,55,4,1,2,00,1,1,1,201500050618A01,,,
201500050641,2015-05-08,2015,mai,vendredi,14:55,75,75102,0,0,2,5,6,1,1,4,1,01,1,1,000,077,1,0,1,1,1,35,0,1,2,00,1,0,1,201500050641A01,,,
201500050643,2015-05-10,2015,mai,dimanche,21:10,75,75102,0,0,2,5,3,2,1,4,1,04,1,1,000,110,1,0,1,4,1,25,1,1,2,00,2,7,1,201500050643B01,7,22,1
201500050646,2015-05-27,2015,mai,mercredi,12:30,75,75102,0,0,2,1,6,1,1,4,1,01,2,-1,000,069,1,0,1,1,1,25,0,1,2,00,1,1,18,201500050646A01,,,
201500050648,2015-05-31,2015,mai,dimanche,10:15,75,75102,0,0,2,1,6,1,8,4,1,02,1,1,050,080,1,0,1,1,1,29,1,1,2,01,1,1,5,201500050648A01,,,
201500050652,2015-06-08,2015,juin,lundi,18:25,75,75110,0,0,2,2,1,1,1,4,-1,04,-1,-1,200,100,1,0,0,1,2,26,0,1,2,00,2,2,15,201500050652B01,30,1,1
201500050657,2015-06-15,2015,juin,lundi,17:50,75,75102,0,0,2,3,6,1,1,4,1,01,1,1,020,040,1,0,1,1,1,58,0,1,2,00,1,1,5,201500050657A01,,,
201500050658,2015-06-16,2015,juin,mardi,12:25,75,75103,0,0,2,1,6,1,1,4,1,03,1,1,000,120,1,0,1,1,1,23,4,1,2,00,1,0,5,201500050658A01,,,
201500050659,2015-06-22,2015,juin,lundi,90:0,75,75103,0,0,2,2,7,1,1,4,1,04,1,1,200,150,1,0,1,4,1,46,1,1,2,00,0,0,1,201500050659A01,,,
201500050662,2015-06-29,2015,juin,lundi,90:5,75,75102,0,0,2,2,7,1,1,4,1,01,1,1,000,063,1,0,1,4,1,29,1,1,2,00,0,0,21,201500050662A01,,,
201500050664,2015-07-01,2015,juillet,mercredi,92:5,75,75102,0,0,2,3,6,1,1,4,2,03,-1,-1,000,000,1,0,1,1,1,33,0,1,2,00,1,1,5,201500050664A01,,,
201500050666,2015-07-08,2015,juillet,mercredi,91:0,75,75102,0,0,2,7,3,1,1,4,2,04,1,1,000,080,1,0,1,1,1,26,2,1,2,00,2,5,14,201500050666B01,2,13,1
201500050673,2015-08-10,2015,août,lundi,12:35,75,75102,0,0,2,2,7,1,1,4,1,01,1,1,100,076,9,0,1,4,1,26,5,1,2,00,0,1,1,201500050673A01,,,
201500050680,2015-09-12,2015,septembre,samedi,11:40,75,75102,0,0,2,3,2,1,8,4,-1,06,-1,-1,000,155,-1,0,1,4,1,30,0,1,2,00,2,8,15,201500050680B01,32,17,1
201500050681,2015-09-13,2015,septembre,dimanche,23:30,75,75104,0,0,2,1,3,5,1,4,1,03,1,-1,000,030,1,0,1,4,1,33,0,1,2,00,2,0,7,201500050681A01,7,7,1
201500050688,2015-09-23,2015,septembre,mercredi,12:45,75,75102,0,0,2,1,6,1,1,4,-1,01,1,-1,000,077,-1,0,1,1,1,25,0,1,2,00,1,1,5,201500050688A01,,,
201500050689,2015-09-23,2015,septembre,mercredi,20:15,75,75102,0,0,2,1,2,5,1,4,2,01,1,1,000,090,1,0,1,4,1,43,0,1,2,00,2,4,1,201500050689B01,7,1,1
201500050695,2015-09-30,2015,septembre,mercredi,20:50,75,75104,0,0,2,1,6,5,1,4,1,03,1,1,000,000,1,0,1,1,1,17,5,1,2,00,1,1,1,201500050695A01,,,
201500050698,2015-10-07,2015,octobre,mercredi,19:20,75,75102,0,0,2,1,6,5,1,4,2,01,1,1,000,030,1,0,5,1,1,18,4,1,2,00,1,1,1,201500050698A01,,,
201500050704,2015-10-17,2015,octobre,samedi,19:30,75,75109,0,0,2,2,2,5,1,4,1,01,1,1,000,000,1,0,1,1,1,23,4,1,2,00,2,3,1,201500050704A01,34,1,1
201500050718,2015-11-06,2015,novembre,vendredi,94:5,75,75102,0,0,2,2,6,1,1,4,4,03,1,1,000,000,1,5,1,1,1,41,1,1,2,00,1,2,16,201500050718A01,,,
201500050728,2015-12-04,2015,décembre,vendredi,84:5,75,75101,0,0,2,1,6,1,1,4,1,01,1,1,000,066,1,0,1,4,1,28,4,1,2,01,0,7,13,201500050728A01,,,
201500050729,2015-12-07,2015,décembre,lundi,74:5,75,75109,0,0,2,1,3,5,1,4,1,04,1,1,000,100,2,0,1,4,2,32,1,1,2,00,2,5,1,201500050729B01,7,11,1
201500050738,2015-01-21,2015,janvier,mercredi,13:40,75,75103,0,0,2,2,7,1,1,4,2,02,1,1,000,120,1,0,1,4,1,28,1,1,2,00,0,0,1,201500050738A01,,,
201500050740,2015-01-23,2015,janvier,vendredi,15:10,75,75103,0,0,2,1,7,1,1,4,1,01,1,1,050,040,1,0,1,3,1,31,5,1,2,00,0,0,7,201500050740A01,,,
201500050760,2015-03-06,2015,mars,vendredi,14:00,75,75104,0,0,2,3,6,1,1,4,1,02,1,1,000,045,1,0,5,4,2,40,3,1,2,00,1,7,1,201500050760A01,,,
201500050761,2015-03-09,2015,mars,lundi,10:00,75,75103,0,0,2,2,3,1,1,4,1,03,1,1,002,075,1,5,1,4,1,29,1,1,2,00,2,1,15,201500050761A01,10,1,1
201500050771,2015-04-13,2015,avril,lundi,12:15,75,75103,0,0,2,1,2,1,1,4,1,02,1,1,000,100,1,0,1,3,1,70,5,1,2,00,2,2,13,201500050771A01,7,1,1
201500050773,2015-04-17,2015,avril,vendredi,91:0,75,75103,0,0,2,1,6,1,1,4,1,03,1,1,000,093,1,0,5,4,2,24,2,1,2,00,1,1,1,201500050773A01,,,
201500050775,2015-04-22,2015,avril,mercredi,94:5,75,75103,0,0,2,1,6,1,1,4,1,03,1,1,005,100,1,0,1,4,1,30,1,1,2,00,0,1,7,201500050775A01,,,
201500050778,2015-05-06,2015,mai,mercredi,11:20,75,75103,0,0,2,7,1,1,1,4,3,05,1,1,005,070,1,0,1,4,2,32,5,1,2,00,2,1,5,201500050778B01,7,15,1
201500050781,2015-05-24,2015,mai,dimanche,22:15,75,75103,0,0,2,2,3,5,1,4,1,02,1,1,000,100,1,0,1,4,1,26,5,1,2,00,2,0,1,201500050781B01,7,16,1
201500050782,2015-05-21,2015,mai,jeudi,21:45,75,75103,0,0,2,1,6,4,1,4,2,06,1,1,000,086,1,0,1,4,1,29,5,1,2,01,2,1,1,201500050782B01,7,22,1
201500050783,2015-05-25,2015,mai,lundi,16:50,75,75103,0,0,2,1,3,1,1,4,1,03,1,1,000,120,1,0,1,4,2,55,5,1,2,00,2,0,11,201500050783A01,7,7,1
201500050784,2015-05-26,2015,mai,mardi,11:50,75,75103,0,0,2,1,3,1,1,4,1,02,1,1,003,080,1,0,1,4,2,40,1,1,2,00,2,1,7,201500050784B01,10,22,1
201500050785,2015-05-27,2015,mai,mercredi,10:20,75,75103,0,0,2,1,2,1,1,4,1,03,1,1,003,103,1,0,1,4,2,35,1,1,2,01,2,1,1,201500050785B01,10,22,1
201500050788,2015-06-03,2015,juin,mercredi,19:00,75,75101,0,0,2,2,6,1,1,4,1,03,1,1,010,120,1,0,1,4,1,40,1,1,2,00,2,8,1,201500050788B01,1,19,1
201500050792,2015-06-11,2015,juin,jeudi,15:05,75,75103,0,0,2,3,6,1,1,4,1,03,1,1,003,103,1,0,1,4,1,25,1,1,2,00,1,1,1,201500050792A01,,,
201500050797,2015-06-23,2015,juin,mardi,18:30,75,75103,48.52011,2.21485,2,1,6,1,1,4,2,06,1,1,021,203,1,5,1,1,1,19,1,1,2,00,1,1,3,201500050797A01,,,
201500050798,2015-06-28,2015,juin,dimanche,43:0,75,75103,0,0,2,2,3,5,1,4,2,03,-1,-1,000,000,-1,0,1,4,1,29,9,1,2,00,2,1,1,201500050798A01,7,1,1
201500050800,2015-07-10,2015,juillet,vendredi,11:20,75,75109,0,0,2,4,3,1,1,4,1,03,1,1,000,150,1,0,5,4,1,55,1,1,2,00,2,1,1,201500050800B01,10,22,1
201500050801,2015-07-16,2015,juillet,jeudi,84:5,75,75103,0,0,2,2,3,1,1,4,1,03,1,1,000,150,1,0,1,4,1,36,4,1,2,00,2,0,7,201500050801B01,10,16,1
201500050803,2015-07-19,2015,juillet,dimanche,11:50,75,75103,0,0,2,1,6,1,1,4,-1,00,1,1,000,000,1,6,4,1,1,41,0,1,2,00,1,1,1,201500050803A01,,,
201500050807,2015-07-29,2015,juillet,mercredi,10:00,75,75103,0,0,2,1,2,1,1,4,1,02,1,-1,000,070,1,0,1,4,1,40,4,1,2,00,2,0,1,201500050807B01,7,22,1
201500050808,2015-07-31,2015,juillet,vendredi,11:50,75,75103,0,0,2,5,6,1,1,4,2,02,1,1,000,107,1,0,1,1,1,30,5,1,2,01,1,4,19,201500050808A01,,,
201500050814,2015-08-29,2015,août,samedi,15:30,75,75103,0,0,2,3,2,1,1,4,1,03,1,1,000,100,1,0,1,4,2,32,5,1,2,00,2,5,2,201500050814A01,10,2,1
201500050818,2015-09-04,2015,septembre,vendredi,17:15,75,75103,0,0,2,1,3,1,1,4,1,03,1,1,005,098,1,0,1,4,1,50,5,1,2,00,2,1,11,201500050818A01,37,7,1
201500050828,2015-10-02,2015,octobre,vendredi,93:0,75,75103,0,0,2,7,3,1,1,4,2,04,1,1,000,085,1,0,5,4,2,74,5,1,2,00,2,1,1,201500050828B01,7,22,1
201500050830,2015-10-01,2015,octobre,jeudi,19:35,75,75103,0,0,2,2,3,2,1,4,1,02,1,1,000,074,1,0,1,4,1,39,5,1,2,00,2,7,1,201500050830A01,31,1,1
201500050834,2015-10-09,2015,octobre,vendredi,92:5,75,75103,0,0,2,5,2,1,7,4,2,02,1,1,000,057,1,0,1,4,2,31,5,1,2,00,2,4,2,201500050834B01,7,2,1
201500050835,2015-10-09,2015,octobre,vendredi,11:00,75,75103,0,0,2,1,3,1,1,4,2,02,1,1,000,057,1,0,1,4,1,62,3,1,2,00,2,0,13,201500050835A01,37,17,1
201500050838,2015-10-23,2015,octobre,vendredi,11:40,75,75103,0,0,2,2,2,1,1,4,1,01,1,1,000,060,1,0,1,4,1,49,1,1,2,00,2,1,1,201500050838B01,10,16,1
201500050854,2015-12-15,2015,décembre,mardi,15:00,75,75103,0,0,2,2,2,1,8,4,1,01,1,1,000,040,1,0,1,4,1,51,0,1,9,00,2,3,18,201500050854B01,7,22,1
201500050857,2015-12-19,2015,décembre,samedi,12:15,75,75103,0,0,2,7,4,1,1,4,1,03,1,1,031,110,1,0,1,4,1,17,5,1,2,00,2,0,3,201500050857A01,7,1,2
201500050866,2015-01-16,2015,janvier,vendredi,22:45,75,75104,0,0,2,2,6,5,1,4,1,04,1,1,000,100,1,0,4,3,1,43,9,1,2,09,2,1,1,201500050866B01,7,5,1
201500050872,2015-02-21,2015,février,samedi,12:00,75,75111,0,0,2,7,3,1,2,4,-1,04,1,2,000,120,2,0,1,4,1,61,5,1,2,00,2,7,1,201500050872A01,7,1,1
201500050873,2015-02-27,2015,février,vendredi,84:1,75,75104,0,0,2,2,3,1,1,4,2,01,1,1,000,035,1,6,1,4,2,32,0,1,2,00,2,1,1,201500050873A01,7,1,1
201500050877,2015-03-04,2015,mars,mercredi,16:50,75,75104,0,0,2,2,6,1,1,4,1,04,-1,-1,000,080,1,0,1,4,1,23,0,1,2,00,1,8,7,201500050877A01,,,
201500050879,2015-03-05,2015,mars,jeudi,85:0,75,75103,0,0,2,1,3,1,1,4,2,06,1,1,000,155,1,0,5,4,2,34,1,1,2,00,2,7,1,201500050879B01,7,11,1
201500050884,2015-03-17,2015,mars,mardi,20:30,75,75104,0,0,2,3,6,3,1,4,-1,03,1,1,010,080,1,0,1,1,1,19,5,1,2,00,1,1,8,201500050884A01,,,
201500050888,2015-03-27,2015,mars,vendredi,92:0,75,75104,0,0,2,3,3,1,1,4,1,01,1,1,000,060,1,0,5,1,1,29,1,1,2,00,2,1,15,201500050888A01,1,17,1
201500050888,2015-03-27,2015,mars,vendredi,92:0,75,75104,0,0,2,3,3,1,1,4,1,01,1,1,000,060,1,0,5,4,2,49,1,1,2,00,2,4,17,201500050888B01,1,15,1
201500050889,2015-03-27,2015,mars,vendredi,18:25,75,75104,0,0,2,7,3,1,1,4,-1,04,1,-1,160,150,1,0,1,4,2,32,0,1,2,00,2,8,1,201500050889B01,34,1,1
201500050891,2015-04-01,2015,avril,mercredi,18:45,75,75104,0,0,2,3,6,1,1,4,-1,04,1,1,000,141,1,0,5,4,1,36,1,1,2,00,2,4,2,201500050891A01,34,2,1
201500050893,2015-04-03,2015,avril,vendredi,13:15,75,75102,0,0,2,1,6,1,2,4,1,01,1,1,000,030,2,0,1,4,1,21,0,1,2,00,2,4,2,201500050893A01,10,2,1
201500050895,2015-04-08,2015,avril,mercredi,19:23,75,75104,0,0,2,1,3,1,1,4,2,02,1,1,000,100,1,0,5,4,1,25,9,1,2,00,2,1,1,201500050895B01,7,22,1
201500050898,2015-04-12,2015,avril,dimanche,20:20,75,75111,0,0,2,7,3,5,1,4,2,03,1,1,000,136,1,0,1,3,2,29,1,1,2,00,2,7,19,201500050898B01,34,1,1
201500050899,2015-04-12,2015,avril,dimanche,44:0,75,75104,0,0,2,1,6,5,1,4,1,03,1,1,000,000,1,0,1,3,2,24,5,1,2,00,2,0,1,201500050899A01,37,1,1
201500050900,2015-04-13,2015,avril,lundi,15:40,75,75104,0,0,2,4,3,1,1,4,-1,02,1,1,000,068,1,0,5,4,1,46,1,1,2,00,2,1,1,201500050900B01,10,16,1
201500050903,2015-04-25,2015,avril,samedi,25:5,75,75104,0,0,2,2,3,5,2,4,1,02,1,1,100,080,2,0,1,4,1,20,5,1,2,00,2,1,1,201500050903A01,7,1,1
201500050908,2015-05-05,2015,mai,mardi,93:5,75,75104,0,0,2,3,3,1,2,4,1,02,1,1,000,060,2,0,5,4,2,21,0,1,2,00,2,8,11,201500050908B01,14,1,1
201500050912,2015-05-12,2015,mai,mardi,19:00,75,75104,0,0,2,3,6,1,1,4,2,04,1,1,010,140,1,0,5,1,1,22,5,1,2,00,1,1,0,201500050912A01,,,
201500050913,2015-05-14,2015,mai,jeudi,34:5,75,75104,0,0,2,1,6,5,1,4,1,03,1,1,007,090,1,0,1,3,1,33,0,1,2,00,0,0,1,201500050913A01,,,