Num_Acc,date,an,mois,jour,hrmn,dep,com,lat,long,agg,int,col,lum,atm,catr,circ,nbv,prof,plan,lartpc,larrout,surf,infra,situ,grav,sexe,age,trajet,secuexist,equipement,obs,obsm,choc,manv,vehiculeid,typevehicules,manoeuvehicules,numVehicules
201500050916,2015-05-20,2015,mai,mercredi,17:40,75,75109,0,0,2,1,3,1,1,4,1,03,1,1,000,060,1,0,5,4,1,34,0,1,2,00,2,2,5,201500050916B01,32,1,1
201500050922,2015-06-02,2015,juin,mardi,10:15,75,75104,0,0,2,2,3,1,1,4,1,02,1,1,000,000,1,0,5,4,2,23,0,1,2,00,2,7,0,201500050922A01,10,1,1
201500050923,2015-06-02,2015,juin,mardi,16:00,75,75104,0,0,2,1,7,1,1,4,1,04,1,1,000,120,1,0,1,4,1,52,1,1,2,00,0,0,7,201500050923A01,,,
201500050929,2015-06-05,2015,juin,vendredi,84:5,75,75104,0,0,2,7,3,1,7,4,1,01,1,1,005,030,1,0,1,4,1,38,0,1,2,00,2,1,16,201500050929A01,33,1,1
201500050934,2015-06-21,2015,juin,dimanche,30:,75,75104,0,0,2,2,6,5,1,4,1,03,1,1,000,150,1,0,1,4,1,28,5,1,2,00,1,1,1,201500050934A01,,,
201500050940,2015-07-06,2015,juillet,lundi,17:05,75,75104,0,0,2,2,6,1,1,4,1,04,1,1,000,160,1,0,1,4,1,33,1,1,2,00,2,0,1,201500050940A01,7,16,1
201500050941,2015-07-07,2015,juillet,mardi,84:5,75,75109,0,0,2,3,6,1,1,4,2,02,-1,-1,000,000,-1,0,5,1,1,32,0,1,2,00,1,1,1,201500050941A01,,,
201500050945,2015-07-16,2015,juillet,jeudi,22:30,75,75104,0,0,2,2,2,5,1,4,-1,02,1,1,008,100,1,0,5,4,1,21,5,1,2,00,2,0,2,201500050945A01,14,2,1
201500050947,2015-07-18,2015,juillet,samedi,18:15,75,75109,0,0,2,3,6,1,1,4,2,03,1,1,000,138,1,0,1,1,2,30,5,1,2,00,1,0,8,201500050947A01,,,
201500050950,2015-08-03,2015,août,lundi,19:50,75,75104,0,0,2,2,3,1,1,4,1,02,1,1,000,000,1,0,1,4,1,23,5,1,2,00,2,7,19,201500050950A01,7,1,1
201500050952,2015-08-07,2015,août,vendredi,15:7,75,75104,0,0,2,2,6,5,1,4,2,00,-1,-1,000,000,-1,0,1,4,1,30,0,1,2,00,2,1,1,201500050952A01,7,1,1
201500050954,2015-08-14,2015,août,vendredi,16:10,75,75101,0,0,2,2,6,1,1,4,1,03,1,1,005,105,1,0,1,1,1,46,5,1,2,00,1,1,7,201500050954A01,,,
201500050957,2015-08-26,2015,août,mercredi,92:0,75,75104,0,0,2,2,3,1,1,4,1,02,1,-1,000,050,1,0,5,4,2,56,0,1,2,00,2,1,1,201500050957B01,10,16,1
201500050959,2015-08-28,2015,août,vendredi,19:30,75,75104,0,0,2,2,3,1,1,4,1,03,3,1,005,100,1,0,1,4,1,23,0,1,2,00,2,7,1,201500050959A01,7,16,1
201500050964,2015-09-10,2015,septembre,jeudi,18:25,75,75104,0,0,2,1,3,1,1,4,2,03,1,1,000,070,1,2,1,4,1,19,2,1,2,00,2,1,13,201500050964A01,7,23,1
201500050973,2015-09-22,2015,septembre,mardi,92:0,75,75104,0,0,2,1,2,1,2,4,1,03,1,1,000,066,2,0,1,4,1,40,4,1,2,01,2,1,7,201500050973B01,10,22,1
201500050975,2015-09-22,2015,septembre,mardi,18:20,75,75104,0,0,2,1,3,1,1,4,2,05,1,1,000,120,1,0,1,4,1,68,0,1,2,00,2,1,19,201500050975A01,34,1,1
201500050977,2015-10-02,2015,octobre,vendredi,17:00,75,75104,0,0,2,5,6,1,1,4,1,03,1,1,004,100,1,5,1,1,1,31,4,1,2,00,1,0,7,201500050977A01,,,
201500050979,2015-10-01,2015,octobre,jeudi,93:0,75,75104,0,0,2,3,3,1,1,4,2,02,1,-1,000,000,1,0,0,1,2,30,0,1,2,00,2,0,1,201500050979A01,1,1,1
201500050979,2015-10-01,2015,octobre,jeudi,93:0,75,75104,0,0,2,3,3,1,1,4,2,02,1,-1,000,000,1,0,0,4,2,54,0,1,2,00,2,0,1,201500050979B01,1,1,1
201500050987,2015-10-26,2015,octobre,lundi,16:30,75,75104,0,0,2,2,3,1,1,4,2,03,1,1,000,115,1,2,1,4,1,28,0,1,2,00,2,8,8,201500050987B01,37,8,1
201500050991,2015-11-05,2015,novembre,jeudi,18:25,75,75104,0,0,2,1,6,5,2,4,1,03,1,1,010,175,2,0,1,4,1,27,9,1,2,01,2,1,7,201500050991B01,10,22,1
201500050999,2015-11-19,2015,novembre,jeudi,23:55,75,75104,0,0,2,5,3,5,2,4,-1,02,1,1,000,050,2,0,1,3,1,47,5,1,2,00,2,7,1,201500050999A01,33,1,1
201500051000,2015-11-27,2015,novembre,vendredi,12:00,75,75104,0,0,2,1,3,1,1,4,2,03,1,1,000,100,1,0,1,4,1,44,0,1,2,00,2,0,7,201500051000B01,32,16,1
201500051005,2015-12-06,2015,décembre,dimanche,21:15,75,75104,0,0,2,2,2,5,1,4,1,01,1,-1,000,090,1,0,1,4,1,21,4,1,2,01,2,1,1,201500051005B01,7,22,1
201500051006,2015-12-08,2015,décembre,mardi,20:55,75,75104,0,0,2,5,6,5,8,4,1,03,1,1,000,150,2,0,1,1,1,48,1,1,2,00,1,1,1,201500051006A01,,,
201500051009,2015-12-17,2015,décembre,jeudi,20:40,75,75104,0,0,2,5,6,5,1,4,4,02,1,1,000,080,1,0,1,4,1,61,0,1,2,00,2,8,1,201500051009A01,7,16,1
201500051012,2015-12-23,2015,décembre,mercredi,16:30,75,75104,0,0,2,1,2,2,1,4,1,01,1,1,000,035,1,0,1,4,2,20,1,1,2,01,2,1,1,201500051012A01,7,22,1
201500051014,2015-12-30,2015,décembre,mercredi,13:00,75,75103,0,0,2,1,6,1,1,4,-1,01,1,-1,000,040,1,0,1,1,1,26,4,1,2,00,1,0,5,201500051014A01,,,
201500051018,2015-01-05,2015,janvier,lundi,11:20,75,75105,0,0,2,3,3,1,8,4,2,02,1,1,000,040,1,0,1,4,2,40,1,1,2,00,2,2,1,201500051018B01,7,22,1
201500051031,2015-01-30,2015,janvier,vendredi,14:00,75,75105,0,0,2,2,6,1,2,4,1,00,1,1,000,040,2,0,1,4,2,21,0,1,2,00,2,1,1,201500051031B01,10,1,1
201500051038,2015-02-27,2015,février,vendredi,18:45,75,75105,0,0,2,4,3,5,1,4,2,02,1,1,000,080,1,0,1,4,2,18,5,1,2,00,2,1,1,201500051038B01,7,22,1
201500051041,2015-03-02,2015,mars,lundi,18:45,75,75105,0,0,2,1,3,2,1,4,2,02,1,1,000,000,1,0,1,4,2,51,0,1,2,00,2,4,1,201500051041B01,34,9,1
201500051050,2015-04-01,2015,avril,mercredi,17:12,75,75105,0,0,2,3,7,1,1,4,1,03,-1,-1,004,045,1,0,1,4,1,19,0,1,2,01,0,2,7,201500051050A01,,,
201500051052,2015-04-03,2015,avril,vendredi,18:10,75,75105,0,0,2,1,3,1,2,4,1,01,1,1,000,035,2,0,1,4,1,41,0,1,2,00,2,6,13,201500051052A01,7,1,1
201500051055,2015-04-10,2015,avril,vendredi,11:05,75,75105,0,0,2,1,6,1,1,4,-1,00,2,1,000,000,1,6,4,1,1,16,2,1,2,00,1,1,1,201500051055A01,,,
201500051065,2015-04-18,2015,avril,samedi,20:9,75,75105,0,0,2,1,6,5,1,4,2,02,1,1,000,000,1,0,3,4,1,24,5,1,2,01,0,1,14,201500051065A01,,,
201500051067,2015-04-21,2015,avril,mardi,12:36,75,75105,0,0,2,3,2,1,1,4,2,06,2,1,000,250,-1,0,1,4,1,27,0,1,2,00,2,1,1,201500051067B01,7,23,1
201500051068,2015-04-23,2015,avril,jeudi,18:30,75,75105,0,0,2,3,6,1,1,4,1,04,1,1,000,140,1,0,1,1,1,25,4,1,2,00,1,1,1,201500051068A01,,,
201500051074,2015-05-06,2015,mai,mercredi,19:35,75,75105,0,0,2,2,7,1,1,4,2,00,2,1,050,500,1,0,1,4,2,27,5,1,2,00,0,0,21,201500051074A01,,,
201500051075,2015-05-18,2015,mai,lundi,15:10,75,75105,0,0,2,7,2,1,1,4,2,01,1,1,000,100,1,0,1,4,2,23,0,1,2,00,2,4,2,201500051075B01,7,2,1
201500051077,2015-05-27,2015,mai,mercredi,12:50,75,75105,0,0,2,1,6,2,1,4,2,02,2,1,000,120,1,0,1,4,1,45,0,1,2,01,0,1,1,201500051077A01,,,
201500051078,2015-05-27,2015,mai,mercredi,12:55,75,75105,0,0,2,1,2,1,1,4,2,02,2,1,000,120,1,0,1,4,2,51,0,1,2,01,2,1,1,201500051078A01,7,22,1
201500051079,2015-05-27,2015,mai,mercredi,21:12,75,75105,0,0,2,3,3,2,1,4,1,01,1,1,000,050,1,0,1,4,1,25,0,1,2,01,2,1,15,201500051079A01,7,1,1
201500051091,2015-06-19,2015,juin,vendredi,14:25,75,75105,0,0,2,2,3,1,1,4,1,03,1,1,000,000,1,0,1,3,1,50,9,1,2,00,2,3,18,201500051091A01,7,7,1
201500051094,2015-06-30,2015,juin,mardi,19:50,75,75105,0,0,2,1,3,1,1,4,1,00,1,1,000,100,1,0,1,4,1,52,5,1,2,00,2,3,7,201500051094B01,7,12,1
201500051102,2015-07-17,2015,juillet,vendredi,64:0,75,75105,0,0,2,2,2,1,1,4,1,03,1,1,008,120,1,0,1,4,2,47,5,1,2,00,2,7,7,201500051102B01,14,22,1
201500051109,2015-07-28,2015,juillet,mardi,19:09,75,75105,0,0,2,2,3,1,1,4,1,02,2,1,059,120,1,0,1,4,1,22,5,1,2,00,2,3,1,201500051109A01,7,1,1
201500051111,2015-07-29,2015,juillet,mercredi,23:30,75,75105,0,0,2,2,3,5,1,4,1,02,1,1,003,091,1,0,5,4,2,27,1,1,2,00,2,1,7,201500051111B01,7,16,1
201500051113,2015-08-06,2015,août,jeudi,90:4,75,75105,0,0,2,5,3,1,1,4,3,04,1,1,000,120,1,0,1,4,1,45,0,1,2,00,2,2,7,201500051113A01,10,16,1
201500051117,2015-08-19,2015,août,mercredi,20:40,75,75105,0,0,2,2,3,5,1,4,2,04,1,1,000,000,1,0,1,4,2,22,5,1,2,00,2,3,7,201500051117B01,38,16,1
201500051121,2015-08-31,2015,août,lundi,12:40,75,75105,0,0,2,5,6,1,2,4,2,00,2,1,000,000,-1,0,1,1,1,25,0,1,2,00,1,0,1,201500051121A01,,,
201500051125,2015-09-10,2015,septembre,jeudi,17:30,75,75105,0,0,2,3,6,1,1,4,2,02,1,1,000,100,1,0,1,4,1,18,5,1,2,00,2,7,1,201500051125A01,7,14,1
201500051133,2015-09-25,2015,septembre,vendredi,11:00,75,75105,0,0,2,1,3,1,1,4,1,01,1,1,000,035,1,0,1,4,2,29,0,1,2,00,2,1,9,201500051133B01,32,1,1
201500051137,2015-10-01,2015,octobre,jeudi,18:50,75,75105,0,0,2,5,3,2,1,4,4,02,1,-1,030,120,1,0,1,4,1,25,2,1,2,00,2,3,7,201500051137A01,33,15,1
201500051145,2015-10-07,2015,octobre,mercredi,85:0,75,75105,0,0,2,2,3,1,1,4,1,04,1,1,000,160,1,0,1,4,1,44,1,1,2,00,2,3,13,201500051145A01,1,17,1
201500051145,2015-10-07,2015,octobre,mercredi,85:0,75,75105,0,0,2,2,3,1,1,4,1,04,1,1,000,160,1,0,1,1,1,33,1,1,2,00,2,1,17,201500051145B01,1,13,1
201500051157,2015-10-21,2015,octobre,mercredi,10:45,75,75105,0,0,2,3,3,1,1,4,2,02,2,1,000,080,1,0,1,4,1,48,1,1,2,00,2,1,1,201500051157B01,10,22,1
201500051160,2015-10-24,2015,octobre,samedi,95:0,75,75105,0,0,2,3,3,1,1,4,2,04,2,1,004,131,1,0,1,4,2,57,5,1,2,00,2,6,15,201500051160A01,32,1,1
201500051163,2015-10-31,2015,octobre,samedi,31:5,75,75105,0,0,2,1,3,5,1,4,2,04,2,1,000,045,1,0,1,4,1,23,5,1,2,00,2,0,7,201500051163A01,7,22,1
201500051180,2015-11-24,2015,novembre,mardi,11:30,75,75105,0,0,2,2,3,1,2,4,2,04,1,1,000,140,2,0,1,1,1,23,9,1,2,00,2,0,15,201500051180A01,32,1,1
201500051181,2015-11-26,2015,novembre,jeudi,13:55,75,75105,0,0,2,1,6,1,1,4,2,00,2,1,000,150,1,0,1,4,1,44,4,1,2,01,2,2,21,201500051181A01,10,22,1
201500051190,2015-12-18,2015,décembre,vendredi,10:20,75,75105,0,0,2,2,6,1,1,4,2,00,1,1,000,080,1,0,1,4,1,44,1,1,2,00,2,1,17,201500051190A01,10,15,1
201500051201,2015-02-04,2015,février,mercredi,93:0,75,75106,0,0,2,2,2,1,1,4,1,03,1,1,212,156,1,0,1,1,1,40,4,1,2,00,2,4,2,201500051201B01,34,2,1
201500051211,2015-02-27,2015,février,vendredi,64:4,75,75106,0,0,2,7,1,2,1,4,1,02,1,1,000,080,1,0,0,4,2,56,5,1,2,00,2,1,5,201500051211A01,7,1,1
201500051215,2015-03-14,2015,mars,samedi,12:05,75,75106,0,0,2,1,6,1,1,4,2,02,1,1,000,000,1,0,1,4,1,72,5,1,2,00,1,8,7,201500051215A01,,,
201500051221,2015-03-28,2015,mars,samedi,15:45,75,75106,0,0,2,2,3,1,1,4,1,01,1,1,000,060,1,0,1,4,1,17,0,1,2,00,2,7,1,201500051221A01,7,1,1
201500051225,2015-04-04,2015,avril,samedi,17:10,75,75106,0,0,2,1,3,1,1,4,2,02,1,1,003,030,1,0,1,4,1,23,1,1,2,00,2,2,1,201500051225B01,7,22,1
201500051228,2015-04-13,2015,avril,lundi,13:00,75,75106,0,0,2,2,2,1,1,4,3,04,2,1,010,160,1,0,1,3,1,56,1,1,2,00,2,0,2,201500051228A01,7,23,1
201500051230,2015-04-15,2015,avril,mercredi,17:37,75,75106,0,0,2,1,2,1,1,4,1,02,1,1,000,075,1,0,1,4,1,14,5,1,2,00,2,1,1,201500051230A01,10,23,1
201500051232,2015-04-22,2015,avril,mercredi,94:8,75,75106,0,0,2,3,2,1,1,4,2,02,1,1,000,120,1,0,1,4,1,19,5,1,2,00,2,1,17,201500051232B01,7,15,1
201500051238,2015-05-06,2015,mai,mercredi,16:05,75,75106,0,0,2,2,3,1,1,4,1,01,1,1,000,040,1,0,1,4,2,63,5,1,2,00,2,8,13,201500051238B01,7,17,1
201500051244,2015-05-20,2015,mai,mercredi,10:44,75,75106,0,0,2,1,6,1,1,4,1,01,1,1,000,075,1,0,5,4,2,43,1,1,2,00,1,1,1,201500051244A01,,,
201500051246,2015-05-21,2015,mai,jeudi,15:10,75,75106,0,0,2,1,2,1,1,4,2,03,1,1,000,120,1,0,1,4,2,61,0,1,2,00,2,8,23,201500051246B01,7,1,1
201500051253,2015-06-10,2015,juin,mercredi,12:10,75,75106,0,0,2,3,3,1,1,4,1,02,-1,-1,000,130,1,0,1,4,2,34,0,1,2,00,2,3,15,201500051253A01,10,1,1
201500051263,2015-06-27,2015,juin,samedi,10:30,75,75106,0,0,2,2,3,1,1,4,2,04,1,1,000,080,1,0,0,4,2,24,0,1,2,00,2,4,1,201500051263B01,7,16,1
201500051270,2015-07-11,2015,juillet,samedi,20:30,75,75106,0,0,2,2,6,1,1,4,2,04,1,1,000,000,1,0,1,1,1,15,0,1,2,00,1,1,7,201500051270A01,,,
201500051271,2015-07-13,2015,juillet,lundi,14:40,75,75106,0,0,2,3,6,1,1,4,2,04,1,1,000,160,1,0,1,1,1,18,9,1,2,00,1,1,7,201500051271A01,,,
201500051275,2015-07-21,2015,juillet,mardi,14:00,75,75106,0,0,2,1,6,1,1,4,2,04,1,1,000,000,1,0,5,1,1,31,0,1,2,00,1,1,1,201500051275A01,,,
201500051276,2015-07-24,2015,juillet,vendredi,75:5,75,75106,0,0,2,2,7,1,1,4,1,01,1,1,000,040,1,0,1,4,1,44,1,1,2,00,0,0,1,201500051276A01,,,
201500051278,2015-07-29,2015,juillet,mercredi,84:5,75,75106,0,0,2,5,3,1,1,4,2,06,1,1,000,180,1,0,1,4,1,18,9,1,2,00,2,0,1,201500051278B01,7,1,1
201500051280,2015-08-01,2015,août,samedi,15:40,75,75106,0,0,2,2,3,1,1,4,3,05,2,1,100,120,1,0,1,4,1,25,9,1,2,00,2,5,15,201500051280B01,7,1,1
201500051284,2015-08-17,2015,août,lundi,92:0,75,75106,0,0,2,5,3,1,1,4,3,00,1,-1,000,070,1,0,1,4,1,40,5,1,2,00,2,8,7,201500051284B01,38,16,1
201500051286,2015-08-24,2015,août,lundi,90:0,75,75106,0,0,2,2,2,1,2,4,2,03,1,1,000,125,2,0,1,4,1,59,1,1,2,01,2,1,1,201500051286B01,7,22,1
201500051289,2015-08-30,2015,août,dimanche,17:25,75,75106,0,0,2,3,4,1,1,4,1,02,1,1,000,070,1,0,1,4,1,23,5,1,2,00,2,0,1,201500051289B01,7,22/1,2
201500051298,2015-09-15,2015,septembre,mardi,11:00,75,75106,0,0,2,3,3,1,1,4,1,03,1,1,000,120,1,0,5,4,2,34,2,1,2,00,2,8,1,201500051298B01,7,16,1
201500051321,2015-10-30,2015,octobre,vendredi,10:15,75,75105,0,0,2,3,3,1,1,4,2,04,2,1,000,150,1,0,1,4,2,27,9,1,2,00,2,3,13,201500051321A01,37,7,1
201500051322,2015-10-31,2015,octobre,samedi,17:30,75,75106,0,0,2,2,6,5,1,4,2,03,1,1,000,129,1,0,1,4,1,74,5,1,2,00,2,8,1,201500051322A01,7,22,1
201500051327,2015-11-11,2015,novembre,mercredi,19:50,75,75106,0,0,2,3,6,5,1,4,1,01,1,1,000,085,1,0,5,1,1,34,4,1,2,00,1,1,1,201500051327A01,,,
201500051328,2015-11-12,2015,novembre,jeudi,11:10,75,75106,0,0,2,5,3,1,1,4,1,02,1,1,000,070,1,0,1,4,1,27,1,1,9,00,2,8,1,201500051328B01,7,15,1
201500051333,2015-11-23,2015,novembre,lundi,83:0,75,75106,0,0,2,1,2,2,1,4,2,04,1,1,000,140,1,0,1,4,1,29,5,1,2,01,2,2,7,201500051333B01,10,24,1
201500051336,2015-12-02,2015,décembre,mercredi,13:25,75,75106,0,0,2,1,6,1,1,4,1,01,1,1,000,030,1,0,5,1,1,15,2,1,2,00,1,3,1,201500051336A01,,,
201500051339,2015-12-05,2015,décembre,samedi,21:0,75,75106,0,0,2,5,1,5,1,4,-1,02,1,1,000,100,1,5,1,4,1,23,0,1,2,00,2,2,5,201500051339A01,7,15,1
201500051342,2015-12-11,2015,décembre,vendredi,20:00,75,75106,0,0,2,1,6,5,8,4,1,00,1,1,000,070,2,0,1,1,1,22,4,1,2,00,1,1,1,201500051342A01,,,
201500051343,2015-12-12,2015,décembre,samedi,10:10,75,75106,0,0,2,1,3,1,1,4,2,06,1,1,000,000,1,0,1,4,2,27,5,1,2,00,2,0,7,201500051343B01,7,22,1
201500051349,2015-12-19,2015,décembre,samedi,15:30,75,75106,0,0,2,5,4,1,1,4,-1,00,1,1,000,000,1,0,1,3,1,50,5,1,2,00,2,0,1,201500051349B01,7,1/22,2
201500051354,2015-01-14,2015,janvier,mercredi,91:5,75,75107,0,0,2,3,3,1,1,4,2,03,1,1,000,115,1,0,1,4,1,33,1,1,2,00,2,3,1,201500051354B01,7,16,1
201500051376,2015-02-25,2015,février,mercredi,19:00,75,75107,0,0,2,7,3,5,2,4,1,03,1,1,030,090,2,0,1,4,1,52,1,1,2,00,2,3,1,201500051376B01,7,16,1
201500051380,2015-03-07,2015,mars,samedi,17:45,75,75107,0,0,2,1,6,1,1,4,-1,00,1,1,000,000,1,0,1,1,1,26,5,1,2,00,1,1,1,201500051380A01,,,
201500051382,2015-03-09,2015,mars,lundi,16:50,75,75107,0,0,2,1,3,1,2,4,2,00,1,3,000,000,1,0,1,4,1,62,1,1,2,00,2,3,1,201500051382B01,10,14,1
201500051384,2015-03-17,2015,mars,mardi,13:10,75,75107,0,0,2,2,6,1,1,4,2,02,1,1,000,120,1,0,1,1,2,61,0,1,2,00,1,4,15,201500051384A01,,,
201500051394,2015-04-10,2015,avril,vendredi,90:0,75,75114,0,0,2,2,3,1,1,4,1,02,1,1,000,120,1,0,5,4,1,18,2,1,2,00,2,7,1,201500051394B01,7,15,1
201500051395,2015-04-13,2015,avril,lundi,15:05,75,75107,0,0,2,1,3,1,1,4,2,02,1,1,000,080,1,0,1,4,1,50,9,1,2,00,2,7,1,201500051395B01,7,22,1
201500051396,2015-04-15,2015,avril,mercredi,13:45,75,75107,0,0,2,2,2,1,1,4,2,06,1,1,000,030,1,0,0,4,1,28,4,1,2,00,2,1,14,201500051396A01,7,23,1
201500051397,2015-04-16,2015,avril,jeudi,21:39,75,75107,0,0,2,1,2,5,1,4,2,04,1,1,000,180,1,0,5,4,1,50,1,1,2,00,2,1,1,201500051397B01,7,22,1
201500051407,2015-05-04,2015,mai,lundi,10:35,75,75107,0,0,2,3,6,1,1,4,3,03,-1,1,000,000,1,0,5,4,2,66,5,1,2,12,2,8,18,201500051407B01,7,22,1
201500051409,2015-05-07,2015,mai,jeudi,20:10,75,75107,0,0,2,7,3,5,1,4,2,03,1,1,000,090,1,0,1,4,2,31,5,1,2,00,2,4,1,201500051409A01,33,1,1
201500051412,2015-05-13,2015,mai,mercredi,11:55,75,75107,0,0,2,3,3,1,1,4,1,01,1,-1,000,000,1,0,0,4,1,27,0,1,2,00,2,1,1,201500051412B01,10,22,1
201500051429,2015-06-08,2015,juin,lundi,20:40,75,75107,0,0,2,2,3,1,1,4,2,08,1,1,000,230,1,0,1,4,2,27,5,1,2,00,2,8,15,201500051429A01,34,17,1
201500051433,2015-06-12,2015,juin,vendredi,75:5,75,75107,0,0,2,1,2,1,1,4,1,01,1,1,000,040,1,0,1,4,2,51,0,1,2,00,2,1,1,201500051433B01,7,22,1
201500051438,2015-06-18,2015,juin,jeudi,10:20,75,75107,0,0,2,2,6,1,1,4,1,01,1,1,000,069,1,0,1,1,1,49,4,1,2,00,1,1,1,201500051438A01,,,
201500051449,2015-07-08,2015,juillet,mercredi,12:55,75,75107,0,0,2,2,3,1,1,4,2,03,1,1,000,120,1,0,1,4,2,53,5,1,2,00,2,1,1,201500051449A01,33,1,1
201500051461,2015-08-07,2015,août,vendredi,12:27,75,75107,0,0,2,5,6,1,1,4,-1,00,1,1,000,000,1,0,0,1,1,63,5,1,2,00,1,1,1,201500051461A01,,,
201500051462,2015-08-09,2015,août,dimanche,22:25,75,75107,0,0,2,3,3,5,1,4,1,01,1,1,000,072,1,0,1,4,1,30,0,1,2,00,2,0,1,201500051462B01,7,22,1
201500051464,2015-08-13,2015,août,jeudi,20:40,75,75115,0,0,2,3,3,2,2,4,2,04,1,1,000,000,2,0,1,1,1,29,5,1,2,00,2,0,14,201500051464B01,31,1,1
201500051467,2015-08-26,2015,août,mercredi,84:5,75,75107,0,0,2,2,2,1,1,4,2,01,1,1,000,130,1,0,1,4,2,44,0,1,2,00,2,6,23,201500051467B01,7,2,1
201500051472,2015-09-05,2015,septembre,samedi,10:35,75,75107,0,0,2,5,6,1,1,4,1,01,1,1,000,060,1,0,1,1,1,20,9,1,2,00,1,0,0,201500051472A01,,,
201500051479,2015-09-15,2015,septembre,mardi,15:42,75,75107,0,0,2,1,6,1,1,4,1,01,1,1,000,050,1,0,0,4,2,52,4,1,2,01,0,1,1,201500051479A01,,,
201500051488,2015-10-10,2015,octobre,samedi,17:00,75,75107,0,0,2,1,3,1,1,4,-1,00,1,1,000,110,1,6,0,4,1,13,5,1,2,00,2,1,19,201500051488A01,7,1,1
201500051490,2015-10-14,2015,octobre,mercredi,91:5,75,75107,0,0,2,1,7,1,1,4,1,01,1,1,000,000,1,0,5,4,1,55,1,1,2,00,0,0,1,201500051490A01,,,
201500051491,2015-10-15,2015,octobre,jeudi,18:55,75,75107,0,0,2,7,3,2,1,4,2,02,1,1,000,000,1,0,1,4,2,15,0,1,2,00,2,2,19,201500051491B01,7,1,1
201500051495,2015-10-22,2015,octobre,jeudi,83:0,75,75107,0,0,2,1,3,1,8,4,2,04,1,1,000,000,2,0,1,4,1,25,2,1,2,00,2,1,1,201500051495B01,10,22,1
201500051501,2015-11-03,2015,novembre,mardi,23:35,75,75107,0,0,2,2,3,5,2,4,1,04,1,1,130,120,2,0,1,4,1,52,0,1,2,00,2,0,7,201500051501A01,7,1,1
201500051518,2015-12-02,2015,décembre,mercredi,15:55,75,75107,0,0,2,7,3,1,1,4,-1,02,1,1,000,000,1,0,0,4,1,20,1,1,2,00,2,3,7,201500051518B01,7,16,1
201500051521,2015-12-12,2015,décembre,samedi,16:35,75,75107,0,0,2,7,7,1,1,4,2,01,1,1,030,030,1,0,1,4,1,52,0,1,2,00,0,0,1,201500051521A01,,,
201500051525,2015-01-05,2015,janvier,lundi,20:15,75,75108,0,0,2,7,3,5,1,4,2,04,2,1,000,080,1,0,1,4,1,20,1,1,2,00,2,1,1,201500051525B01,7,10,1
201500051528,2015-01-08,2015,janvier,jeudi,10:35,75,75108,0,0,2,3,2,1,1,4,2,04,1,1,000,000,1,0,1,4,1,48,5,1,2,00,2,8,2,201500051528B01,10,2,1
201500051551,2015-01-27,2015,janvier,mardi,10:35,75,75108,0,0,2,7,2,1,1,4,4,08,1,2,250,250,1,0,1,4,1,45,1,1,2,00,2,5,2,201500051551B01,7,2,1
201500051616,2015-04-14,2015,avril,mardi,85:5,75,75108,0,0,2,1,3,1,1,4,2,03,1,1,000,000,1,0,1,1,1,49,0,1,2,00,2,2,13,201500051616B01,2,17,1
201500051617,2015-04-14,2015,avril,mardi,14:15,75,75116,0,0,2,5,3,1,7,4,2,07,1,-1,000,000,1,0,1,4,2,42,4,1,2,00,2,8,13,201500051617B01,14,17,1
201500051619,2015-04-18,2015,avril,samedi,14:05,75,75108,0,0,2,7,2,1,1,4,-1,03,1,1,000,000,1,0,1,4,1,36,0,1,2,00,2,4,2,201500051619B01,7,2,1
201500051624,2015-04-23,2015,avril,jeudi,85:0,75,75108,0,0,2,2,3,1,1,4,1,01,1,1,000,060,1,0,1,3,2,41,1,1,2,00,2,3,15,201500051624A01,34,1,1
201500051626,2015-04-23,2015,avril,jeudi,12:34,75,75108,0,0,2,7,3,1,1,4,1,02,1,1,000,080,1,0,1,4,2,44,0,1,2,00,2,3,1,201500051626B01,7,1,1
201500051631,2015-04-28,2015,avril,mardi,19:30,75,75108,0,0,2,1,3,1,1,4,1,03,1,1,000,120,1,0,1,4,1,26,5,1,2,00,2,8,7,201500051631B01,7,7,1
201500051633,2015-04-29,2015,avril,mercredi,20:00,75,75117,0,0,2,3,2,1,1,4,2,04,1,1,000,230,1,0,0,4,2,45,1,1,2,00,2,1,1,201500051633B01,10,22,1
201500051642,2015-05-09,2015,mai,samedi,43:0,75,75108,0,0,2,1,3,5,1,4,2,02,1,-1,000,100,1,2,1,4,1,54,0,1,2,00,2,0,13,201500051642A01,7,1,1
201500051654,2015-05-26,2015,mai,mardi,12:20,75,75108,0,0,2,7,3,1,1,4,2,00,1,1,000,100,1,0,1,4,1,31,0,1,2,00,2,1,17,201500051654B01,7,13,1
201500051681,2015-06-10,2015,juin,mercredi,19:45,75,75108,0,0,2,2,6,1,1,4,2,05,1,1,000,000,1,0,1,4,1,45,0,1,2,00,2,0,1,201500051681A01,7,22,1
201500051686,2015-06-15,2015,juin,lundi,17:45,75,75108,0,0,2,3,2,1,1,4,-1,02,2,1,000,150,1,0,0,4,2,31,5,1,2,00,2,0,14,201500051686A01,10,24,1
201500051690,2015-06-19,2015,juin,vendredi,11:00,75,75108,0,0,2,7,2,1,1,4,1,04,1,2,000,000,1,0,1,4,2,51,5,1,2,00,2,4,1,201500051690B01,7,1,1
201500051722,2015-07-16,2015,juillet,jeudi,11:00,75,75108,0,0,2,7,3,1,1,4,4,03,1,1,060,150,1,0,1,4,1,47,0,1,2,00,2,3,1,201500051722B01,7,15,1
201500051723,2015-07-17,2015,juillet,vendredi,83:8,75,75108,0,0,2,2,7,1,1,4,2,00,-1,-1,000,000,-1,0,1,4,2,49,1,1,2,00,0,0,15,201500051723A01,,,