Num_Acc,date,an,mois,jour,hrmn,dep,com,lat,long,agg,int,col,lum,atm,catr,circ,nbv,prof,plan,lartpc,larrout,surf,infra,situ,grav,sexe,age,trajet,secuexist,equipement,obs,obsm,choc,manv,vehiculeid,typevehicules,manoeuvehicules,numVehicules
201500051731,2015-07-22,2015,juillet,mercredi,14:43,75,75108,0,0,2,7,3,1,1,4,-1,00,1,1,000,000,1,0,1,3,2,66,0,1,2,00,2,0,23,201500051731B01,7,1,1
201500051734,2015-07-27,2015,juillet,lundi,19:30,75,75108,0,0,2,7,6,1,1,4,1,03,-1,-1,000,000,-1,0,1,1,1,21,5,1,2,00,1,1,1,201500051734A01,,,
201500051736,2015-07-28,2015,juillet,mardi,95:0,75,75108,0,0,2,1,3,1,1,4,2,04,1,1,000,230,1,0,1,4,2,28,5,1,2,00,2,3,13,201500051736A01,33,1,1
201500051737,2015-07-29,2015,juillet,mercredi,93:5,75,75108,0,0,2,2,3,1,1,4,2,06,2,1,000,200,1,2,1,3,1,37,1,1,2,00,2,1,1,201500051737A01,10,16,1
201500051741,2015-08-03,2015,août,lundi,12:00,75,75108,0,0,2,1,3,1,1,4,2,03,-1,-1,000,000,1,0,1,4,2,66,5,1,2,00,2,3,18,201500051741A01,7,1,1
201500051744,2015-08-05,2015,août,mercredi,93:0,75,75108,0,0,2,7,7,1,1,4,1,01,1,-1,000,000,1,0,1,4,1,43,1,1,2,00,0,0,1,201500051744A01,,,
201500051755,2015-08-29,2015,août,samedi,82:0,75,75109,0,0,2,7,3,1,1,4,1,01,2,1,000,080,1,0,1,4,1,34,5,1,2,00,2,7,1,201500051755B01,7,14,1
201500051761,2015-09-05,2015,septembre,samedi,19:10,75,75108,0,0,2,7,3,1,1,4,2,04,2,1,000,141,-1,0,1,4,1,34,5,1,2,00,2,4,15,201500051761B01,7,1,1
201500051765,2015-09-09,2015,septembre,mercredi,15:00,75,75108,0,0,2,2,3,1,1,4,1,00,1,-1,000,150,1,0,1,4,1,27,4,1,2,00,2,1,1,201500051765B01,7,22,1
201500051818,2015-10-16,2015,octobre,vendredi,17:40,75,75108,0,0,2,7,6,1,2,4,2,04,1,1,000,150,2,0,1,4,1,47,1,1,2,00,2,0,2,201500051818A01,32,2,1
201500051850,2015-11-08,2015,novembre,dimanche,17:30,75,75108,0,0,2,2,3,2,1,4,2,04,1,1,000,090,1,2,1,4,2,23,5,1,2,00,2,2,19,201500051850A01,7,1,1
201500051875,2015-12-03,2015,décembre,jeudi,19:00,75,75108,0,0,2,1,3,5,1,4,2,06,1,1,000,200,1,0,1,4,2,27,5,1,2,00,2,1,17,201500051875B01,10,22,1
201500051900,2015-12-29,2015,décembre,mardi,15:05,75,75108,0,0,2,2,3,1,1,4,1,01,1,1,000,080,1,0,1,4,1,69,0,1,2,00,2,4,18,201500051900A01,7,1,1
201500051921,2015-02-24,2015,février,mardi,10:00,75,75109,0,0,2,5,3,1,2,4,1,01,1,1,000,040,2,0,1,4,1,29,4,1,2,00,2,5,1,201500051921A01,7,1,1
201500051926,2015-03-06,2015,mars,vendredi,19:15,75,75109,0,0,2,1,3,1,1,4,-1,03,-1,-1,000,100,-1,0,0,1,1,42,0,1,2,00,2,6,14,201500051926A01,1,1,1
201500051926,2015-03-06,2015,mars,vendredi,19:15,75,75109,0,0,2,1,3,1,1,4,-1,03,-1,-1,000,100,-1,0,0,4,2,25,0,1,2,00,2,2,1,201500051926B01,1,14,1
201500051927,2015-03-09,2015,mars,lundi,17:55,75,75109,0,0,2,3,3,1,1,4,1,03,1,1,030,100,1,0,1,3,1,35,5,1,2,00,2,1,1,201500051927B01,10,4,1
201500051929,2015-03-13,2015,mars,vendredi,16:30,75,75109,0,0,2,7,3,1,1,4,-1,03,1,1,000,000,1,5,1,4,1,26,9,1,2,00,2,7,16,201500051929A01,34,7,1
201500051937,2015-03-31,2015,mars,mardi,92:0,75,75109,0,0,2,1,2,1,8,4,1,02,1,1,000,000,1,0,1,4,2,26,1,1,2,00,2,1,1,201500051937B01,10,22,1
201500051945,2015-04-12,2015,avril,dimanche,33:0,75,75109,0,0,2,3,3,5,1,4,1,03,1,-1,000,150,1,0,1,4,1,30,5,1,2,00,2,1,7,201500051945B01,7,16,1
201500051951,2015-04-21,2015,avril,mardi,12:35,75,75109,0,0,2,5,2,1,1,4,-1,01,-1,-1,000,050,1,0,1,4,1,41,0,1,2,00,2,1,1,201500051951B01,7,23,1
201500051981,2015-06-06,2015,juin,samedi,13:00,75,75109,0,0,2,3,3,1,1,4,1,02,1,1,000,060,1,0,1,4,1,18,5,1,2,00,2,4,1,201500051981A01,7,1,1
201500051983,2015-06-12,2015,juin,vendredi,94:5,75,75109,0,0,2,1,2,1,1,4,1,02,2,1,000,000,1,0,1,4,1,20,0,1,2,00,2,1,1,201500051983B01,7,12,1
201500051993,2015-06-29,2015,juin,lundi,20:30,75,75109,0,0,2,2,3,1,1,4,2,00,1,1,000,000,1,0,1,4,2,23,0,1,2,00,2,6,15,201500051993B01,7,1,1
201500052006,2015-08-08,2015,août,samedi,34:0,75,75101,0,0,2,5,2,5,1,4,-1,03,1,1,000,000,1,0,0,4,1,44,1,1,2,00,2,4,7,201500052006B01,7,2,1
201500052027,2015-09-25,2015,septembre,vendredi,19:48,75,75104,0,0,2,1,6,5,1,4,2,02,1,1,000,100,1,0,1,1,2,54,0,1,2,00,1,1,1,201500052027A01,,,
201500052028,2015-09-29,2015,septembre,mardi,12:50,75,75109,0,0,2,2,6,1,1,4,1,03,1,1,180,100,1,0,1,4,2,43,0,1,2,00,2,0,0,201500052028A01,32,0,1
201500052032,2015-10-04,2015,octobre,dimanche,55:,75,75104,0,0,2,2,3,5,1,4,1,01,1,1,000,000,1,0,1,4,1,38,0,1,2,00,2,2,7,201500052032A01,7,15,1
201500052036,2015-09-30,2015,septembre,mercredi,14:50,75,75109,0,0,2,7,3,1,1,4,2,02,1,1,000,050,1,0,1,4,1,65,0,1,2,00,2,8,1,201500052036B01,7,14,1
201500052044,2015-10-20,2015,octobre,mardi,72:5,75,75109,0,0,2,3,3,5,8,4,-1,02,2,1,000,050,2,0,0,4,1,22,9,1,2,00,2,0,1,201500052044B01,14,15,1
201500052046,2015-10-30,2015,octobre,vendredi,17:20,75,75109,0,0,2,2,2,1,1,4,-1,02,1,1,000,080,1,0,0,4,1,47,5,1,2,00,2,8,0,201500052046B01,7,15,1
201500052053,2015-11-12,2015,novembre,jeudi,94:5,75,75109,0,0,2,2,3,1,1,4,1,01,1,1,000,000,1,0,1,4,2,31,4,1,2,00,2,7,1,201500052053B01,7,9,1
201500052060,2015-11-26,2015,novembre,jeudi,84:9,75,75103,0,0,2,2,3,1,1,4,2,03,1,1,000,000,1,0,1,4,1,47,1,1,2,00,2,7,15,201500052060B01,2,1,1
201500052065,2015-12-01,2015,décembre,mardi,14:20,75,75109,0,0,2,3,6,1,1,4,1,02,-1,-1,000,000,-1,0,0,4,1,39,4,1,2,00,2,6,19,201500052065A01,32,7,1
201500052088,2015-01-18,2015,janvier,dimanche,21:40,75,75110,0,0,2,1,3,5,1,4,1,04,1,1,000,250,1,0,1,4,2,58,1,1,2,00,2,4,1,201500052088B01,7,13,1
201500052095,2015-01-27,2015,janvier,mardi,10:15,75,75110,0,0,2,1,6,1,1,4,1,01,1,1,100,050,1,0,5,1,1,24,4,1,2,00,1,7,1,201500052095A01,,,
201500052096,2015-01-27,2015,janvier,mardi,12:00,75,75110,0,0,2,1,6,1,1,4,1,01,1,1,000,100,1,0,5,1,1,18,2,1,2,00,1,1,1,201500052096A01,,,
201500052101,2015-02-06,2015,février,vendredi,18:00,75,75110,0,0,2,1,3,5,1,4,2,04,2,1,000,000,1,0,1,4,1,58,0,1,2,00,2,1,17,201500052101B01,7,14,1
201500052138,2015-04-09,2015,avril,jeudi,13:45,75,75110,0,0,2,5,3,1,1,4,2,02,1,1,000,030,1,0,1,4,2,28,9,1,2,00,2,8,18,201500052138A01,14,1,1
201500052147,2015-04-21,2015,avril,mardi,14:00,75,75110,0,0,2,2,3,1,1,4,1,01,1,-1,000,050,1,0,1,4,1,33,1,1,2,00,2,8,1,201500052147B01,7,1,1
201500052149,2015-04-23,2015,avril,jeudi,5:,75,75110,0,0,2,2,3,5,1,4,2,02,1,1,000,060,1,0,1,4,2,27,5,1,2,00,2,1,15,201500052149A01,30,1,1
201500052162,2015-05-20,2015,mai,mercredi,81:0,75,75110,0,0,2,3,3,1,1,4,1,01,1,1,000,030,1,0,1,4,1,61,5,1,2,00,2,1,15,201500052162B01,10,4,1
201500052164,2015-05-21,2015,mai,jeudi,92:6,75,75110,0,0,2,1,3,1,1,4,1,01,2,1,000,040,1,0,5,3,2,65,1,1,2,00,2,3,13,201500052164B01,7,1,1
201500052165,2015-05-22,2015,mai,vendredi,17:10,75,75110,0,0,2,5,6,1,1,4,1,02,1,1,000,000,1,0,1,4,1,45,5,1,2,00,2,1,1,201500052165A01,30,1,1
201500052168,2015-05-30,2015,mai,samedi,10:00,75,75110,0,0,2,5,3,1,1,4,1,01,1,1,000,030,1,0,1,4,2,63,3,1,2,00,2,1,1,201500052168A01,33,1,1
201500052171,2015-06-03,2015,juin,mercredi,95:0,75,75110,0,0,2,3,3,1,1,4,1,02,1,1,000,060,1,5,1,4,1,28,1,1,2,11,2,3,1,201500052171B01,7,16,1
201500052172,2015-06-06,2015,juin,samedi,19:15,75,75110,0,0,2,1,6,1,1,4,2,02,1,1,000,000,1,0,1,4,1,39,5,1,2,00,1,1,1,201500052172A01,,,
201500052179,2015-06-11,2015,juin,jeudi,14:15,75,75110,0,0,2,3,3,1,1,4,1,02,3,1,000,020,1,0,0,4,2,49,0,1,2,00,2,1,1,201500052179A01,10,15,1
201500052180,2015-06-16,2015,juin,mardi,20:45,75,75110,0,0,2,2,1,1,1,4,2,04,2,1,000,140,1,0,1,4,2,24,5,1,2,00,2,1,1,201500052180B01,7,15,1
201500052187,2015-06-12,2015,juin,vendredi,17:17,75,75110,0,0,2,1,2,1,1,4,1,01,1,1,000,000,1,0,1,3,2,59,9,1,2,00,2,8,1,201500052187B01,7,22,1
201500052195,2015-07-01,2015,juillet,mercredi,83:0,75,75110,0,0,2,1,3,1,1,4,-1,01,1,1,000,150,-1,0,0,4,1,25,1,1,2,00,2,8,3,201500052195A01,14,1,1
201500052199,2015-07-08,2015,juillet,mercredi,82:0,75,75110,0,0,2,2,3,1,1,4,2,02,1,1,000,080,1,5,1,4,1,58,4,1,2,00,2,8,1,201500052199B01,10,16,1
201500052213,2015-08-03,2015,août,lundi,20:00,75,75110,0,0,2,1,6,1,1,4,1,02,-1,-1,000,000,-1,0,5,1,1,39,4,1,2,00,1,1,1,201500052213A01,,,
201500052215,2015-08-13,2015,août,jeudi,20:30,75,75110,48.52501,2.21432,2,5,3,1,1,4,2,00,2,1,000,150,2,0,1,1,1,26,5,1,2,00,2,0,1,201500052215A01,31,1,1
201500052217,2015-08-15,2015,août,samedi,13:0,75,75110,0,0,2,3,3,5,2,4,2,02,1,1,000,000,2,0,1,1,1,53,0,1,2,00,2,0,15,201500052217B01,2,13,1
201500052221,2015-08-24,2015,août,lundi,17:15,75,75110,0,0,2,2,2,1,2,4,1,03,1,1,000,150,2,0,1,4,1,34,1,1,2,00,2,4,1,201500052221B01,7,1,1
201500052223,2015-08-31,2015,août,lundi,15:15,75,75110,0,0,2,1,3,1,1,4,2,04,1,1,000,120,1,0,1,4,2,48,1,1,2,00,2,2,19,201500052223A01,30,1,1
201500052225,2015-09-04,2015,septembre,vendredi,19:35,75,75110,0,0,2,2,6,1,1,4,1,03,2,1,000,000,1,0,1,1,1,27,5,1,2,00,1,1,7,201500052225A01,,,
201500052230,2015-09-21,2015,septembre,lundi,15:45,75,75110,0,0,2,1,3,1,1,4,1,01,2,1,000,035,1,0,1,4,2,43,5,1,2,00,2,7,1,201500052230B01,7,22,1
201500052236,2015-09-28,2015,septembre,lundi,91:0,75,75110,0,0,2,1,6,1,1,4,2,00,1,1,000,025,1,0,5,1,1,24,0,1,2,00,1,0,1,201500052236A01,,,
201500052240,2015-10-03,2015,octobre,samedi,16:30,75,75110,0,0,2,4,6,1,1,4,2,02,1,1,000,050,1,0,1,1,2,49,5,1,2,00,1,1,5,201500052240A01,,,
201500052249,2015-10-23,2015,octobre,vendredi,18:30,75,75110,0,0,2,1,6,2,1,4,-1,02,2,1,000,000,1,0,5,4,1,40,4,1,2,00,1,0,1,201500052249A01,,,
201500052251,2015-10-27,2015,octobre,mardi,20:00,75,75110,0,0,2,2,6,5,1,4,1,02,1,1,000,050,1,0,1,4,1,39,5,1,2,00,2,6,2,201500052251A01,33,2,1
201500052258,2015-11-06,2015,novembre,vendredi,11:00,75,75110,0,0,2,1,3,1,1,4,2,02,1,1,050,050,1,0,1,4,2,50,5,1,2,00,2,0,1,201500052258B01,7,22,1
201500052261,2015-11-13,2015,novembre,vendredi,15:15,75,75110,0,0,2,2,7,1,1,4,1,04,1,1,000,150,1,0,0,4,1,22,0,1,2,00,0,1,21,201500052261A01,,,
201500052270,2015-11-27,2015,novembre,vendredi,21:00,75,75110,0,0,2,5,3,5,1,4,-1,00,-1,-1,000,000,-1,0,5,4,1,22,0,1,2,00,2,0,1,201500052270B01,7,16,1
201500052272,2015-12-01,2015,décembre,mardi,90:0,75,75110,0,0,2,1,3,1,1,4,1,01,1,1,000,000,1,0,5,4,2,30,5,1,2,00,2,0,1,201500052272B01,7,22,1
201500052273,2015-12-01,2015,décembre,mardi,20:15,75,75110,0,0,2,1,3,5,1,4,2,04,1,1,005,160,1,0,5,4,2,24,1,1,2,00,2,1,1,201500052273B01,7,22,1
201500052276,2015-12-04,2015,décembre,vendredi,13:50,75,75110,0,0,2,1,3,1,1,4,2,06,2,1,000,200,1,0,5,4,2,47,1,1,2,00,2,1,1,201500052276B01,7,22,1
201500052308,2015-02-10,2015,février,mardi,20:10,75,75111,0,0,2,7,7,5,1,4,1,01,1,2,000,120,1,0,1,4,2,14,5,1,2,00,2,8,1,201500052308A01,30,1,1
201500052313,2015-02-19,2015,février,jeudi,93:0,75,75111,0,0,2,2,3,1,1,4,3,02,1,1,080,140,1,0,5,4,1,28,1,1,2,00,2,1,1,201500052313B01,10,15,1
201500052315,2015-02-20,2015,février,vendredi,70:0,75,75111,0,0,2,7,2,1,2,4,2,02,1,1,000,140,2,0,1,4,1,56,1,1,2,00,2,4,23,201500052315B01,7,2,1
201500052325,2015-02-28,2015,février,samedi,30:5,75,75111,0,0,2,2,3,5,1,4,1,01,1,1,000,000,1,0,5,4,1,27,5,1,2,08,2,4,1,201500052325B01,7,16,1
201500052331,2015-03-12,2015,mars,jeudi,15:05,75,75111,0,0,2,1,1,1,1,4,2,01,1,1,000,035,1,0,1,1,1,54,0,1,2,00,2,2,7,201500052331B01,10,22,1
201500052333,2015-03-13,2015,mars,vendredi,22:30,75,75111,0,0,2,5,3,5,1,4,1,01,1,1,000,000,1,0,1,4,1,28,0,1,2,00,2,1,1,201500052333A01,7,1,1
201500052338,2015-03-30,2015,mars,lundi,11:45,75,75111,0,0,2,3,7,1,1,4,1,01,1,1,000,030,1,0,1,4,1,17,2,1,2,00,0,0,7,201500052338A01,,,
201500052344,2015-04-07,2015,avril,mardi,18:45,75,75111,0,0,2,2,6,1,1,4,2,02,1,1,000,140,1,0,1,1,1,39,1,1,2,00,1,1,1,201500052344A01,,,
201500052354,2015-04-16,2015,avril,jeudi,16:55,75,75111,0,0,2,1,6,1,1,4,1,01,-1,1,000,045,1,0,1,3,2,58,1,1,2,00,2,4,1,201500052354B01,7,1,1
201500052355,2015-04-17,2015,avril,vendredi,13:10,75,75111,0,0,2,1,6,1,1,4,1,01,2,1,000,060,1,0,5,4,1,44,5,1,2,00,2,1,1,201500052355A01,30,1,1
201500052359,2015-04-21,2015,avril,mardi,91:5,75,75111,0,0,2,2,1,1,1,4,1,01,1,1,000,045,1,0,1,4,1,27,1,1,2,00,2,1,5,201500052359B01,7,15,1
201500052360,2015-04-21,2015,avril,mardi,15:20,75,75111,0,0,2,2,1,1,1,4,1,00,1,-1,000,040,1,0,1,4,1,65,5,1,2,00,2,0,1,201500052360A01,32,5,1
201500052364,2015-04-23,2015,avril,jeudi,23:45,75,75110,0,0,2,2,3,5,1,4,2,04,1,1,000,120,1,0,5,4,2,62,0,1,2,00,2,0,1,201500052364B01,7,16,1
201500052371,2015-05-03,2015,mai,dimanche,15:50,75,75111,0,0,2,7,3,1,8,4,1,01,1,2,000,250,2,0,1,4,1,28,5,1,2,00,2,7,1,201500052371B01,7,15,1
201500052379,2015-05-16,2015,mai,samedi,11:05,75,75111,0,0,2,7,3,1,1,4,2,01,1,1,000,135,1,0,1,4,1,69,0,1,2,00,2,1,1,201500052379B01,7,10,1
201500052380,2015-05-17,2015,mai,dimanche,11:10,75,75111,0,0,2,7,2,1,1,4,1,03,1,-1,000,110,1,0,1,3,1,42,5,1,2,00,2,4,23,201500052380B01,7,2,1
201500052386,2015-05-20,2015,mai,mercredi,19:40,75,75111,0,0,2,7,3,1,1,4,2,02,1,3,000,130,1,0,5,4,1,27,0,1,2,00,2,1,1,201500052386B01,7,1,1
201500052387,2015-05-21,2015,mai,jeudi,10:20,75,75111,0,0,2,1,2,1,1,4,1,01,1,1,000,080,1,0,1,4,2,33,1,1,2,01,2,1,1,201500052387B01,7,22,1
201500052403,2015-06-12,2015,juin,vendredi,11:20,75,75111,0,0,2,2,3,1,1,4,1,01,1,1,000,040,1,0,1,4,2,51,4,1,2,00,2,4,1,201500052403B01,32,9,1
201500052409,2015-06-19,2015,juin,vendredi,11:10,75,75111,0,0,2,4,3,1,1,4,3,01,1,1,000,110,1,0,1,4,1,41,0,1,2,00,2,8,1,201500052409B01,7,16,1
201500052412,2015-06-21,2015,juin,dimanche,12:0,75,75111,0,0,2,3,2,5,1,4,2,01,1,1,000,000,1,0,1,1,1,25,0,1,2,00,2,0,0,201500052412B01,2,0,1
201500052413,2015-06-24,2015,juin,mercredi,17:00,75,75103,0,0,2,3,2,1,1,4,2,06,1,-1,000,200,1,0,1,4,2,39,5,1,2,00,2,2,15,201500052413B01,7,15,1
201500052416,2015-06-27,2015,juin,samedi,23:5,75,75111,0,0,2,2,2,5,1,4,2,02,1,-1,000,000,1,5,1,4,1,26,0,1,2,00,2,1,19,201500052416A01,32,1,1
201500052419,2015-07-07,2015,juillet,mardi,16:10,75,75111,0,0,2,7,3,1,1,4,1,01,2,1,000,050,1,0,1,4,1,21,2,1,2,00,2,8,7,201500052419B01,7,14,1
201500052424,2015-06-03,2015,juin,mercredi,15:40,75,75111,0,0,2,1,3,1,1,4,2,02,1,1,000,160,1,0,1,4,2,21,4,1,2,00,2,4,11,201500052424A01,7,1,1
201500052427,2015-06-09,2015,juin,mardi,91:5,75,75111,0,0,2,3,3,1,1,4,2,04,1,1,000,080,1,0,1,4,2,25,1,1,2,00,2,2,1,201500052427A01,10,15,1
201500052432,2015-06-19,2015,juin,vendredi,17:40,75,75111,0,0,2,1,4,1,1,4,2,02,1,1,000,160,1,0,1,4,2,40,1,1,2,01,2,2,1,201500052432B01,7/ 2,22/1,2
201500052434,2015-07-01,2015,juillet,mercredi,45:,75,75111,0,0,2,2,6,5,1,4,1,01,2,1,040,055,1,0,1,4,1,51,5,1,2,00,2,7,1,201500052434A01,7,1,1
201500052435,2015-07-02,2015,juillet,jeudi,19:40,75,75111,0,0,2,5,3,1,1,4,2,02,3,1,000,160,1,0,1,4,1,33,1,1,2,00,2,8,15,201500052435B01,31,17,1
201500052439,2015-07-07,2015,juillet,mardi,23:25,75,75111,0,0,2,2,3,5,1,4,2,00,1,1,000,000,1,0,1,4,2,31,0,1,2,00,2,0,23,201500052439B01,32,1,1
201500052443,2015-07-12,2015,juillet,dimanche,55:0,75,75111,0,0,2,2,3,2,1,4,1,01,1,1,000,000,1,0,1,4,1,20,0,1,2,00,2,8,1,201500052443A01,7,1,1
201500052445,2015-07-13,2015,juillet,lundi,16:35,75,75111,0,0,2,1,3,1,8,4,1,01,2,1,000,030,1,0,1,3,1,40,5,1,2,00,2,1,1,201500052445B01,7,22,1
201500052448,2015-07-15,2015,juillet,mercredi,17:15,75,75111,0,0,2,4,6,1,1,4,1,01,1,1,000,050,1,0,1,1,1,54,5,1,2,00,1,8,1,201500052448A01,,,
201500052449,2015-07-17,2015,juillet,vendredi,12:25,75,75111,0,0,2,1,2,1,1,4,2,02,1,1,000,120,1,0,1,4,2,31,5,1,2,01,2,1,1,201500052449B01,7,22,1
201500052452,2015-07-22,2015,juillet,mercredi,16:29,75,75111,0,0,2,7,3,1,1,4,1,01,1,1,000,070,1,0,1,4,1,21,0,1,2,00,2,3,19,201500052452B01,7,1,1
201500052456,2015-07-30,2015,juillet,jeudi,83:5,75,75111,0,0,2,1,3,1,1,4,2,01,1,1,000,060,1,0,1,4,2,51,4,1,2,00,2,1,17,201500052456B01,7,10,1
201500052460,2015-08-12,2015,août,mercredi,10:45,75,75111,0,0,2,1,3,1,1,4,2,02,-1,-1,000,000,-1,0,1,4,1,55,1,1,2,00,2,8,18,201500052460B01,10,22,1
201500052463,2015-08-13,2015,août,jeudi,18:45,75,75111,0,0,2,2,7,1,7,4,2,03,1,1,000,180,2,0,1,4,2,26,0,1,2,00,1,0,1,201500052463A01,,,
201500052472,2015-08-26,2015,août,mercredi,18:35,75,75111,0,0,2,1,3,1,1,4,1,02,1,1,000,050,1,0,1,4,1,64,5,1,2,00,2,3,13,201500052472B01,7,1,1
201500052474,2015-08-28,2015,août,vendredi,16:33,75,75111,0,0,2,3,3,1,1,4,1,01,1,-1,000,000,1,0,1,4,2,72,4,1,2,00,2,7,19,201500052474B01,7,16,1
201500052485,2015-09-09,2015,septembre,mercredi,92:0,75,75111,0,0,2,1,6,1,1,4,1,00,1,1,000,050,1,0,1,4,2,45,1,1,2,00,2,7,1,201500052485A01,7,22,1
201500052488,2015-09-11,2015,septembre,vendredi,17:12,75,75111,0,0,2,3,3,1,1,4,1,01,2,1,000,060,1,0,0,4,2,62,5,1,2,00,2,1,15,201500052488B01,10,15,1
201500052498,2015-09-20,2015,septembre,dimanche,15:45,75,75111,0,0,2,2,6,1,1,4,1,01,1,1,000,036,1,0,1,4,2,31,5,1,2,00,2,4,1,201500052498B01,7,14,1
201500052498,2015-09-20,2015,septembre,dimanche,15:45,75,75111,0,0,2,2,6,1,1,4,1,01,1,1,000,036,1,0,1,4,1,1,0,1,2,00,2,4,1,201500052498B01,7,14,1
201500052502,2015-09-23,2015,septembre,mercredi,19:20,75,75111,0,0,2,1,3,5,1,4,2,01,1,1,000,120,1,0,1,4,2,50,1,1,2,00,2,8,1,201500052502B01,7,17,1
201500052505,2015-09-25,2015,septembre,vendredi,22:25,75,75111,0,0,2,2,3,5,1,4,1,01,1,1,000,000,1,0,1,4,1,32,4,1,2,00,2,1,18,201500052505A01,7,16,1
201500052522,2015-10-12,2015,octobre,lundi,16:05,75,75111,0,0,2,7,2,1,1,4,2,04,1,1,000,045,1,0,1,4,1,40,1,1,2,00,2,1,2,201500052522A01,7,23,1
201500052525,2015-10-14,2015,octobre,mercredi,17:45,75,75111,0,0,2,1,3,1,1,4,2,02,1,1,100,105,1,0,5,1,2,46,5,1,2,00,2,2,17,201500052525A01,1,1,1
201500052525,2015-10-14,2015,octobre,mercredi,17:45,75,75111,0,0,2,1,3,1,1,4,2,02,1,1,100,105,1,0,5,4,2,46,5,1,2,00,2,3,1,201500052525B01,1,17,1
201500052528,2015-10-20,2015,octobre,mardi,15:00,75,75111,0,0,2,1,3,1,1,4,2,01,1,1,000,140,1,0,1,4,2,47,5,1,2,00,2,0,1,201500052528B01,7,22,1
201500052535,2015-10-27,2015,octobre,mardi,19:00,75,75111,0,0,2,7,3,4,2,4,1,01,1,1,000,070,1,0,1,4,1,24,5,1,2,00,2,7,1,201500052535A01,7,1,1
201500052537,2015-10-30,2015,octobre,vendredi,75:8,75,75111,0,0,2,2,2,1,1,4,1,02,1,1,000,070,1,0,0,4,2,22,0,1,2,00,2,4,1,201500052537A01,10,1,1
201500052538,2015-11-02,2015,novembre,lundi,82:5,75,75111,0,0,2,3,3,1,1,4,2,02,1,1,000,145,1,0,1,4,1,17,2,1,2,12,2,3,1,201500052538B01,10,14,1
201500052541,2015-11-02,2015,novembre,lundi,17:28,75,75111,0,0,2,2,3,5,1,4,2,02,1,1,000,090,1,0,1,4,2,22,1,1,2,00,2,3,13,201500052541B01,37,17,1
201500052543,2015-11-07,2015,novembre,samedi,84:5,75,75111,0,0,2,3,3,1,1,4,1,01,-1,-1,000,000,-1,0,0,4,2,58,5,1,2,00,2,1,1,201500052543B01,10,16,1
201500052546,2015-11-11,2015,novembre,mercredi,20:50,75,75111,0,0,2,2,3,5,1,4,-1,01,1,1,000,040,1,0,1,4,1,20,1,1,2,00,2,0,1,201500052546B01,7,16,1
201500052554,2015-11-18,2015,novembre,mercredi,15:40,75,75111,0,0,2,3,6,1,1,4,2,02,2,1,000,100,1,0,1,1,2,28,0,1,2,00,2,1,23,201500052554B01,1,1,1
201500052554,2015-11-18,2015,novembre,mercredi,15:40,75,75111,0,0,2,3,6,1,1,4,2,02,2,1,000,100,1,0,1,1,1,30,0,1,2,00,1,1,1,201500052554A01,1,23,1
201500052555,2015-11-18,2015,novembre,mercredi,19:30,75,75111,0,0,2,3,6,4,1,4,1,01,1,1,000,100,1,0,5,1,1,42,1,1,2,00,1,1,1,201500052555A01,,,
201500052563,2015-11-23,2015,novembre,lundi,17:50,75,75111,0,0,2,7,3,5,1,4,1,01,1,1,000,000,1,0,1,4,1,42,0,1,2,00,2,1,1,201500052563A01,7,15,1
201500052565,2015-11-24,2015,novembre,mardi,93:5,75,75111,0,0,2,2,3,1,1,4,1,00,2,1,000,050,1,0,1,4,1,39,1,1,2,00,2,7,1,201500052565B01,7,1,1
201500052567,2015-11-24,2015,novembre,mardi,19:00,75,75111,0,0,2,3,3,5,2,4,1,01,1,1,000,035,2,0,1,4,1,32,1,1,2,00,2,1,1,201500052567A01,7,16,1
201500052572,2015-11-27,2015,novembre,vendredi,19:55,75,75111,0,0,2,2,6,5,2,4,2,02,1,1,000,120,2,0,1,1,2,29,5,1,2,00,1,1,1,201500052572A01,,,
201500052577,2015-12-01,2015,décembre,mardi,13:30,75,75111,0,0,2,2,6,1,8,4,2,01,1,1,000,100,1,6,1,1,1,32,4,1,2,00,1,7,1,201500052577A01,,,
201500052586,2015-12-09,2015,décembre,mercredi,11:55,75,75111,0,0,2,1,2,1,1,4,1,01,2,1,000,032,1,0,1,4,2,67,3,1,2,01,2,2,1,201500052586B01,10,22,1
201500052587,2015-12-10,2015,décembre,jeudi,22:00,75,75111,0,0,2,7,6,5,1,4,2,02,1,1,000,100,1,0,1,4,1,21,4,1,2,00,2,2,15,201500052587A01,32,0,1
201500052589,2015-12-14,2015,décembre,lundi,17:25,75,75111,0,0,2,2,6,5,1,4,1,01,1,1,000,040,1,0,1,1,1,62,5,1,2,00,1,2,1,201500052589A01,,,
201500052593,2015-12-18,2015,décembre,vendredi,10:10,75,75111,0,0,2,2,7,1,1,4,3,01,1,1,000,090,2,0,5,4,1,18,1,1,2,00,0,0,21,201500052593A01,,,
201500052598,2015-12-23,2015,décembre,mercredi,15:20,75,75111,0,0,2,2,3,1,1,4,2,02,1,1,000,060,1,0,1,4,1,18,5,1,2,00,2,3,1,201500052598A01,7,1,1
201500052615,2015-01-13,2015,janvier,mardi,92:5,75,75111,0,0,2,3,6,1,1,4,1,01,1,1,000,150,1,0,5,1,1,36,1,1,2,00,1,8,5,201500052615A01,,,
201500052620,2015-01-21,2015,janvier,mercredi,13:50,75,75112,0,0,2,7,2,1,2,4,2,02,1,1,000,050,2,0,1,3,1,49,5,1,2,00,2,0,2,201500052620B01,7,23,1
201500052634,2015-02-08,2015,février,dimanche,35:,75,75112,0,0,2,2,3,5,1,4,1,04,1,1,000,120,1,0,5,4,1,24,0,1,2,00,2,1,1,201500052634A01,7,15,1