Num_Acc,date,an,mois,jour,hrmn,dep,com,lat,long,agg,int,col,lum,atm,catr,circ,nbv,prof,plan,lartpc,larrout,surf,infra,situ,grav,sexe,age,trajet,secuexist,equipement,obs,obsm,choc,manv,vehiculeid,typevehicules,manoeuvehicules,numVehicules
201500052643,2015-02-20,2015,février,vendredi,12:50,75,75112,0,0,2,1,3,1,2,4,1,02,1,1,000,050,2,0,0,4,1,33,1,1,2,00,2,1,7,201500052643B01,7,22,1
201500052649,2015-02-27,2015,février,vendredi,15:20,75,75112,0,0,2,2,3,1,1,4,2,04,1,1,000,080,1,0,1,4,1,43,0,1,2,00,2,8,1,201500052649A01,33,1,1
201500052655,2015-03-05,2015,mars,jeudi,10:25,75,75112,0,0,2,1,6,1,1,4,-1,02,1,1,000,000,1,0,1,4,1,69,9,1,2,00,2,8,1,201500052655A01,7,12,1
201500052672,2015-03-12,2015,mars,jeudi,20:30,75,75112,0,0,2,1,6,5,1,4,2,02,1,1,000,040,1,0,1,1,1,42,0,1,2,00,1,1,1,201500052672A01,,,
201500052674,2015-03-14,2015,mars,samedi,16:00,75,75118,0,0,2,1,6,1,1,4,1,01,2,1,100,070,1,0,5,4,1,32,4,1,2,00,1,1,1,201500052674A01,,,
201500052676,2015-03-17,2015,mars,mardi,91:0,75,75112,0,0,2,2,3,1,1,4,1,02,1,1,000,100,1,2,1,4,1,50,1,1,2,00,2,8,1,201500052676B01,34,14,1
201500052682,2015-03-20,2015,mars,vendredi,16:20,75,75112,0,0,2,2,3,1,1,4,2,03,2,1,000,080,1,0,1,4,1,14,2,1,2,00,2,1,1,201500052682A01,7,1,1
201500052687,2015-03-27,2015,mars,vendredi,90:0,75,75112,0,0,2,1,7,1,1,4,2,02,1,1,000,060,9,0,1,4,1,58,4,1,2,00,0,0,1,201500052687A01,,,
201500052689,2015-03-27,2015,mars,vendredi,21:45,75,75112,0,0,2,7,6,5,1,4,2,03,1,1,000,075,1,0,5,4,1,27,1,1,2,00,2,8,7,201500052689B01,7,14,1
201500052699,2015-04-06,2015,avril,lundi,17:30,75,75112,0,0,2,2,3,1,1,4,2,02,1,1,000,000,1,0,1,4,1,38,5,1,2,00,2,8,1,201500052699B01,7,17,1
201500052710,2015-04-15,2015,avril,mercredi,13:30,75,75112,0,0,2,2,3,1,1,4,2,00,1,1,000,000,1,0,1,4,2,44,0,1,2,00,2,1,1,201500052710B01,7,15,1
201500052716,2015-04-20,2015,avril,lundi,18:30,75,75112,0,0,2,7,2,1,1,4,2,02,1,-1,000,100,1,0,1,4,2,25,5,1,2,00,2,3,2,201500052716A01,7,23,1
201500052722,2015-04-29,2015,avril,mercredi,17:05,75,75112,0,0,2,2,3,1,1,4,1,03,1,1,000,150,1,0,0,4,1,41,5,1,2,00,2,6,11,201500052722A01,33,1,1
201500052734,2015-05-02,2015,mai,samedi,17:35,75,75112,0,0,2,7,3,1,2,4,2,02,1,1,000,000,2,0,1,4,1,16,5,1,2,00,2,3,16,201500052734A01,31,1,1
201500052739,2015-05-09,2015,mai,samedi,16:30,75,75112,0,0,2,7,3,1,1,4,1,04,1,1,000,120,1,5,1,4,1,53,9,1,2,00,2,1,1,201500052739A01,7,1,1
201500052740,2015-05-09,2015,mai,samedi,22:05,75,75112,0,0,2,1,1,5,1,4,2,03,2,1,000,100,1,0,1,4,1,14,5,1,2,00,2,1,13,201500052740A01,7,1,1
201500052741,2015-05-12,2015,mai,mardi,15:00,75,75112,0,0,2,1,3,1,1,4,2,00,1,2,000,000,1,0,1,4,1,38,5,1,2,00,2,1,1,201500052741B01,7,22,1
201500052744,2015-05-13,2015,mai,mercredi,17:30,75,75112,0,0,2,1,3,1,1,4,1,01,1,1,000,040,1,0,1,1,1,23,4,1,2,00,2,1,9,201500052744A01,1,1,1
201500052744,2015-05-13,2015,mai,mercredi,17:30,75,75112,0,0,2,1,3,1,1,4,1,01,1,1,000,040,1,0,1,4,1,25,1,1,2,00,2,1,1,201500052744B01,1,9,1
201500052747,2015-05-15,2015,mai,vendredi,91:5,75,75112,0,0,2,2,6,1,1,4,1,01,2,1,000,035,1,0,5,1,2,26,5,1,2,00,1,1,1,201500052747A01,,,
201500052764,2015-06-04,2015,juin,jeudi,84:0,75,75112,0,0,2,5,3,1,1,4,2,02,1,1,000,080,1,0,5,4,1,40,1,1,2,00,2,1,1,201500052764B01,7,15,1
201500052767,2015-06-08,2015,juin,lundi,17:25,75,75112,0,0,2,3,6,1,1,4,-1,01,2,1,000,020,1,0,4,4,1,34,1,1,2,08,0,1,1,201500052767A01,,,
201500052768,2015-06-08,2015,juin,lundi,17:40,75,75112,0,0,2,1,6,1,1,4,2,02,2,1,000,070,1,0,1,1,1,21,4,1,2,00,1,1,1,201500052768A01,,,
201500052777,2015-06-14,2015,juin,dimanche,10:30,75,75112,0,0,2,2,7,1,1,4,2,01,2,1,000,025,1,0,5,4,2,61,5,1,2,00,0,0,1,201500052777A01,,,
201500052778,2015-06-15,2015,juin,lundi,19:55,75,75112,0,0,2,2,3,1,1,4,1,02,1,1,000,000,1,0,1,4,1,25,5,1,2,00,2,8,19,201500052778B01,7,15,1
201500052780,2015-06-17,2015,juin,mercredi,15:00,75,75112,0,0,2,3,3,1,1,4,2,03,-1,1,000,070,1,0,5,4,1,23,9,1,2,00,2,1,1,201500052780B01,7,16,1
201500052781,2015-06-18,2015,juin,jeudi,74:5,75,75112,0,0,2,1,6,1,8,4,-1,01,1,1,000,000,1,0,5,1,1,22,2,1,9,00,1,0,1,201500052781A01,,,
201500052782,2015-06-23,2015,juin,mardi,20:25,75,75112,0,0,2,2,6,1,1,4,1,03,1,1,000,000,1,0,5,4,2,53,1,1,2,00,2,2,19,201500052782A01,30,0,1
201500052801,2015-07-06,2015,juillet,lundi,18:30,75,75112,0,0,2,5,3,1,1,4,2,00,1,2,000,000,1,0,1,4,1,26,5,1,2,00,2,1,1,201500052801B01,7,1,1
201500052810,2015-07-16,2015,juillet,jeudi,15:20,75,75112,0,0,2,1,3,1,1,4,2,02,2,1,000,120,1,0,5,4,1,51,1,1,2,00,2,2,1,201500052810B01,10,16,1
201500052825,2015-07-31,2015,juillet,vendredi,91:0,75,75112,0,0,2,3,3,1,1,4,-1,02,1,1,000,000,1,0,1,4,1,19,0,1,2,00,2,8,13,201500052825B01,34,17,1
201500052832,2015-08-08,2015,août,samedi,14:45,75,75112,0,0,2,1,3,1,1,4,1,03,1,1,000,000,1,0,1,4,2,60,5,1,2,00,2,3,12,201500052832B01,30,18,1
201500052839,2015-08-22,2015,août,samedi,15:20,75,75112,0,0,2,2,3,1,1,4,-1,01,1,1,000,000,1,0,0,1,2,54,0,1,2,00,2,6,19,201500052839B01,30,1,1
201500052850,2015-08-31,2015,août,lundi,17:45,75,75112,0,0,2,7,3,1,1,4,1,00,1,3,000,000,1,0,1,4,1,44,0,1,2,00,2,1,1,201500052850B01,10,1,1
201500052851,2015-09-01,2015,septembre,mardi,20:00,75,75112,0,0,2,1,7,2,1,4,1,01,1,1,000,000,1,0,1,4,2,26,5,1,2,00,2,0,1,201500052851B01,7,22,1
201500052859,2015-09-05,2015,septembre,samedi,13:15,75,75112,0,0,2,5,3,1,1,4,1,00,1,3,000,060,1,6,5,4,1,30,5,1,2,00,2,7,17,201500052859A01,1,1,1
201500052859,2015-09-05,2015,septembre,samedi,13:15,75,75112,0,0,2,5,3,1,1,4,1,00,1,3,000,060,1,6,5,4,1,41,5,1,2,00,2,8,1,201500052859B01,1,17,1
201500052860,2015-09-06,2015,septembre,dimanche,34:0,75,75112,0,0,2,2,3,5,1,4,1,03,1,3,000,090,1,0,0,4,1,42,5,1,2,00,2,8,19,201500052860A01,7,16,1
201500052861,2015-09-06,2015,septembre,dimanche,18:20,75,75112,0,0,2,2,3,1,1,4,2,02,1,1,000,000,1,0,1,4,1,12,0,1,2,00,2,8,19,201500052861A01,7,1,1
201500052863,2015-09-08,2015,septembre,mardi,91:0,75,75112,0,0,2,2,6,1,1,4,1,02,1,1,000,000,1,0,1,1,1,56,5,1,2,00,1,1,1,201500052863A01,,,
201500052869,2015-09-15,2015,septembre,mardi,16:45,75,75112,0,0,2,1,2,1,1,4,1,01,1,1,000,040,1,0,1,3,1,30,1,1,2,00,2,4,23,201500052869B01,7,1,1
201500052891,2015-09-29,2015,septembre,mardi,85:9,75,75112,0,0,2,7,3,1,1,4,1,01,1,2,000,000,1,0,1,4,1,52,1,1,2,00,2,8,1,201500052891B01,7,16,1
201500052892,2015-09-29,2015,septembre,mardi,90:5,75,75112,0,0,2,2,3,1,1,4,1,03,-1,-1,000,000,-1,0,5,4,1,22,1,1,2,00,2,7,9,201500052892B01,33,1,1
201500052896,2015-09-30,2015,septembre,mercredi,18:10,75,75111,0,0,2,1,3,2,1,4,1,01,1,1,000,030,1,0,1,4,1,47,9,1,2,00,2,8,18,201500052896B01,10,22,1
201500052899,2015-10-02,2015,octobre,vendredi,91:5,75,75112,0,0,2,2,3,1,1,4,2,02,1,1,000,060,1,0,1,4,2,43,5,1,2,00,2,3,15,201500052899B01,33,2,1
201500052940,2015-10-30,2015,octobre,vendredi,12:35,75,75112,0,0,2,1,2,1,1,4,2,02,1,1,000,050,1,0,1,4,1,20,5,1,2,01,2,7,1,201500052940B01,7,22,1
201500052954,2015-11-09,2015,novembre,lundi,10:,75,75112,0,0,2,1,6,5,1,4,1,00,1,-1,000,000,1,0,0,3,1,27,0,1,2,00,2,0,2,201500052954A01,7,2,1
201500052956,2015-11-10,2015,novembre,mardi,19:35,75,75112,0,0,2,5,6,5,1,4,1,01,1,1,000,050,1,0,1,4,1,63,1,1,2,00,2,8,18,201500052956A01,31,14,1
201500052971,2015-11-26,2015,novembre,jeudi,15:30,75,75112,0,0,2,2,3,1,1,4,2,02,1,1,000,050,1,0,0,4,1,55,1,1,2,00,2,1,9,201500052971B01,7,15,1
201500052973,2015-11-27,2015,novembre,vendredi,16:05,75,75112,0,0,2,3,1,1,1,4,1,02,1,2,000,060,1,0,5,4,1,26,5,1,2,00,2,1,13,201500052973A01,7,1,1
201500052982,2015-12-07,2015,décembre,lundi,11:30,75,75112,0,0,2,3,6,1,1,4,2,02,3,1,000,006,1,0,1,1,1,58,5,1,2,00,1,1,1,201500052982A01,,,
201500052985,2015-12-10,2015,décembre,jeudi,75:0,75,75112,0,0,2,2,3,1,1,4,3,02,1,1,000,000,1,2,5,4,1,30,1,1,2,00,2,1,1,201500052985A01,33,16,1
201500052998,2015-12-21,2015,décembre,lundi,18:05,75,75112,0,0,2,2,2,5,2,4,1,01,1,1,000,040,2,0,1,4,2,42,1,1,2,00,2,1,23,201500052998B01,7,2,1
201500053010,2015-01-09,2015,janvier,vendredi,84:5,75,75113,0,0,2,1,2,1,1,4,1,02,1,1,000,080,2,0,4,4,2,21,1,1,2,00,2,1,1,201500053010B01,7,10,1
201500053030,2015-01-25,2015,janvier,dimanche,11:40,75,75113,0,0,2,1,2,1,1,4,2,02,2,1,000,000,1,0,1,4,1,40,5,1,2,00,2,7,17,201500053030B01,7,10,1
201500053054,2015-03-05,2015,mars,jeudi,18:00,75,75113,0,0,2,2,6,1,1,4,2,04,1,1,000,000,-1,0,1,4,1,29,1,1,2,00,2,1,2,201500053054A01,7,23,1
201500053056,2015-03-10,2015,mars,mardi,23:00,75,75113,0,0,2,1,3,5,1,4,2,01,2,1,000,120,1,0,0,4,2,21,5,1,2,00,2,1,13,201500053056A01,7,17,1
201500053068,2015-03-16,2015,mars,lundi,13:55,75,75113,0,0,2,2,6,1,1,4,3,00,1,1,000,050,1,0,5,4,2,33,1,1,2,00,2,8,19,201500053068B01,30,1,1
201500053069,2015-03-19,2015,mars,jeudi,20:15,75,75113,0,0,2,4,3,5,1,4,1,01,1,-1,000,000,1,0,0,4,1,26,5,1,2,00,2,1,1,201500053069A01,7,16,1
201500053071,2015-03-22,2015,mars,dimanche,17:30,75,75113,0,0,2,2,1,1,1,4,2,03,1,1,000,000,1,0,1,4,1,16,5,1,2,00,2,4,1,201500053071B01,33,15,1
201500053080,2015-04-01,2015,avril,mercredi,93:5,75,75113,0,0,2,7,3,1,1,4,1,06,1,2,000,120,1,0,1,4,2,27,1,1,2,00,2,8,1,201500053080B01,10,14,1
201500053085,2015-04-03,2015,avril,vendredi,20:00,75,75106,0,0,2,5,3,5,2,4,2,02,1,1,000,000,2,0,1,4,1,19,2,1,2,00,2,8,16,201500053085B01,7,1,1
201500053086,2015-04-10,2015,avril,vendredi,11:10,75,75113,0,0,2,3,3,1,1,4,-1,02,1,1,000,100,1,0,1,4,2,40,4,1,2,00,2,1,1,201500053086B01,14,16,1
201500053091,2015-04-14,2015,avril,mardi,15:20,75,75113,0,0,2,2,6,1,1,4,1,02,1,1,000,050,1,2,1,4,2,44,0,1,2,00,2,8,1,201500053091A01,7,15,1
201500053093,2015-04-14,2015,avril,mardi,18:30,75,75113,0,0,2,2,3,1,1,4,2,02,1,1,000,000,1,0,1,4,1,38,5,1,2,00,2,1,7,201500053093A01,37,15,1
201500053110,2015-05-04,2015,mai,lundi,16:55,75,75113,0,0,2,7,3,1,2,4,1,00,1,-1,000,100,2,0,0,4,2,53,1,1,2,00,2,1,2,201500053110A01,7,23,1
201500053117,2015-05-11,2015,mai,lundi,92:9,75,75113,0,0,2,3,6,2,1,4,2,00,2,1,030,190,1,0,1,1,2,44,1,1,2,00,1,1,17,201500053117A01,,,
201500053120,2015-05-11,2015,mai,lundi,18:25,75,75113,0,0,2,1,2,1,1,4,2,02,2,1,000,075,1,0,1,4,1,32,5,1,2,00,2,1,2,201500053120A01,37,23,1
201500053122,2015-05-12,2015,mai,mardi,80:0,75,75113,0,0,2,1,3,1,1,4,-1,02,2,1,040,040,1,0,5,4,1,66,0,1,2,00,2,5,1,201500053122B01,7,16,1
201500053126,2015-05-16,2015,mai,samedi,17:00,75,75113,0,0,2,3,6,1,1,4,2,04,2,1,025,120,1,0,5,1,1,34,5,1,2,00,1,1,1,201500053126A01,,,
201500053131,2015-05-24,2015,mai,dimanche,14:19,75,75113,0,0,2,3,3,1,1,4,1,01,1,-1,000,042,1,0,1,4,1,28,5,1,2,00,2,1,9,201500053131B01,7,15,1
201500053132,2015-05-25,2015,mai,lundi,10:05,75,75113,0,0,2,1,2,1,1,4,2,03,1,2,000,000,1,0,1,4,1,70,5,1,2,01,2,0,1,201500053132B01,7,22,1
201500053145,2015-06-05,2015,juin,vendredi,11:20,75,75113,0,0,2,3,3,1,1,4,2,04,1,1,000,120,1,0,1,4,1,27,4,1,2,01,2,2,1,201500053145B01,10,23,1
201500053152,2015-06-11,2015,juin,jeudi,20:45,75,75113,0,0,2,3,3,1,1,4,3,04,2,1,000,080,1,0,1,4,1,30,5,1,2,00,2,2,1,201500053152B01,7,15,1
201500053153,2015-06-12,2015,juin,vendredi,13:35,75,75113,0,0,2,2,6,1,1,4,1,,,-1,003,010,1,,,1,1,65,0,1,2,00,1,1,1,201500053153A01,,,
201500053157,2015-06-16,2015,juin,mardi,17:25,75,75113,0,0,2,2,6,1,1,4,1,01,-1,-1,000,000,-1,0,1,4,1,40,4,1,2,00,2,0,1,201500053157B01,7,1,1
201500053165,2015-06-26,2015,juin,vendredi,30:,75,75113,0,0,2,1,3,5,1,4,2,02,1,1,000,080,1,0,1,4,1,19,5,1,2,00,2,4,13,201500053165B01,7,1,1
201500053167,2015-06-27,2015,juin,samedi,22:5,75,75105,0,0,2,1,3,4,1,4,2,04,2,1,000,120,1,0,1,4,1,25,5,1,2,00,2,3,18,201500053167A01,7,1,1
201500053171,2015-07-01,2015,juillet,mercredi,11:15,75,75113,0,0,2,7,6,1,1,4,1,01,1,1,000,050,1,0,1,4,1,55,5,1,2,00,2,4,2,201500053171A01,34,2,1
201500053186,2015-07-20,2015,juillet,lundi,18:40,75,75113,0,0,2,3,3,1,1,4,1,01,-1,-1,000,000,-1,0,1,4,1,25,5,1,2,00,2,1,1,201500053186B01,7,15,1
201500053189,2015-07-23,2015,juillet,jeudi,19:00,75,75113,0,0,2,3,3,1,1,4,2,02,1,1,000,070,1,0,5,4,1,35,5,1,2,00,2,0,1,201500053189B01,7,22,1
201500053190,2015-07-24,2015,juillet,vendredi,16:10,75,75113,0,0,2,3,6,1,2,4,1,01,-1,-1,000,000,-1,0,1,4,1,36,5,1,2,00,2,5,1,201500053190A01,34,1,1
201500053195,2015-07-29,2015,juillet,mercredi,85:0,75,75113,0,0,2,2,3,1,1,4,2,02,1,1,000,000,1,0,5,3,2,27,1,1,2,00,2,8,1,201500053195B01,13,16,1
201500053196,2015-07-30,2015,juillet,jeudi,16:20,75,75113,0,0,2,3,3,1,1,4,2,02,1,1,000,000,1,0,0,4,1,27,0,1,2,00,2,0,1,201500053196B01,10,22,1
201500053198,2015-08-01,2015,août,samedi,24:5,75,75113,0,0,2,1,6,5,1,4,2,01,1,1,000,080,1,0,1,3,1,28,5,1,2,12,0,1,14,201500053198A01,,,
201500053211,2015-08-11,2015,août,mardi,16:30,75,75113,0,0,2,1,6,1,1,4,1,00,1,1,000,030,1,0,1,1,1,22,4,1,2,00,2,8,13,201500053211B01,33,17,1
201500053224,2015-08-23,2015,août,dimanche,18:25,75,75113,0,0,2,3,3,1,1,4,1,02,2,1,000,060,1,0,1,4,1,57,5,1,2,00,2,0,1,201500053224B01,7,10,1
201500053226,2015-08-26,2015,août,mercredi,94:5,75,75113,0,0,2,5,3,1,1,4,3,04,2,2,200,160,1,2,1,4,1,52,1,1,2,00,2,3,1,201500053226A01,7,17,1
201500053239,2015-09-08,2015,septembre,mardi,90:0,75,75113,0,0,2,7,6,1,8,4,2,06,2,1,033,061,1,0,1,4,1,49,1,1,2,00,1,1,17,201500053239A01,,,
201500053248,2015-09-11,2015,septembre,vendredi,17:00,75,75113,0,0,2,7,3,1,1,4,2,04,2,1,000,000,1,0,1,4,1,21,1,1,2,00,2,2,13,201500053248A01,7,1,1
201500053249,2015-09-12,2015,septembre,samedi,10:5,75,75113,0,0,2,7,3,5,1,4,1,01,1,3,000,050,1,0,1,4,1,32,5,1,2,00,2,1,1,201500053249A01,7,16,1
201500053255,2015-09-17,2015,septembre,jeudi,18:25,75,75113,0,0,2,2,3,1,1,4,1,02,1,1,000,000,1,0,1,4,1,22,1,1,2,00,2,0,23,201500053255A01,7,1,1
201500053264,2015-09-30,2015,septembre,mercredi,11:40,75,75113,0,0,2,1,6,1,1,4,1,01,2,1,000,000,1,6,5,1,1,20,5,1,2,00,1,1,1,201500053264A01,,,
201500053274,2015-10-09,2015,octobre,vendredi,13:35,75,75113,0,0,2,5,7,1,1,4,2,01,1,1,040,040,1,0,1,3,2,35,5,1,2,00,0,0,1,201500053274A01,,,
201500053275,2015-10-09,2015,octobre,vendredi,18:15,75,75113,0,0,2,1,1,1,1,4,2,02,1,1,000,000,1,0,5,4,1,44,0,1,2,00,2,1,1,201500053275B01,1,13,1
201500053275,2015-10-09,2015,octobre,vendredi,18:15,75,75113,0,0,2,1,1,1,1,4,2,02,1,1,000,000,1,0,5,3,1,24,0,1,2,00,2,1,13,201500053275A01,1,1,1
201500053279,2015-10-11,2015,octobre,dimanche,33:0,75,75113,0,0,2,2,6,5,1,4,2,04,1,1,000,100,1,0,1,4,1,42,4,1,2,00,2,1,1,201500053279B01,7,16,1
201500053282,2015-10-14,2015,octobre,mercredi,12:05,75,75113,0,0,2,7,1,1,1,4,1,00,1,3,000,040,1,0,1,4,1,66,5,1,2,00,2,1,1,201500053282B01,7,5,1
201500053290,2015-10-20,2015,octobre,mardi,19:15,75,75113,0,0,2,2,6,5,1,4,2,04,2,1,000,070,2,0,1,1,1,23,1,1,2,00,1,1,1,201500053290A01,,,
201500053293,2015-10-22,2015,octobre,jeudi,11:05,75,75113,0,0,2,2,7,1,2,4,-1,01,1,1,000,000,2,0,5,4,1,70,1,1,2,00,1,0,21,201500053293A01,,,
201500053294,2015-10-22,2015,octobre,jeudi,12:30,75,75113,0,0,2,1,6,1,1,4,2,02,2,1,000,000,1,0,1,1,1,24,5,1,2,00,1,0,1,201500053294A01,,,
201500053314,2015-11-04,2015,novembre,mercredi,19:50,75,75113,0,0,2,2,3,5,1,4,2,02,2,1,000,060,1,0,1,3,1,21,5,1,2,00,2,1,1,201500053314B01,7,15,1
201500053317,2015-11-06,2015,novembre,vendredi,15:30,75,75113,0,0,2,5,6,1,2,4,3,02,1,1,000,070,2,0,1,4,1,34,5,1,2,00,2,5,1,201500053317A01,7,9,1
201500053332,2015-11-23,2015,novembre,lundi,85:3,75,75113,0,0,2,3,7,1,1,4,1,01,1,1,000,030,1,0,1,4,1,49,1,1,2,00,0,1,21,201500053332A01,,,
201500053337,2015-11-27,2015,novembre,vendredi,18:29,75,75113,0,0,2,7,3,5,1,4,1,02,1,1,000,000,1,0,1,4,1,53,0,1,2,00,2,0,13,201500053337A01,14,1,1
201500053337,2015-11-27,2015,novembre,vendredi,18:29,75,75113,0,0,2,7,3,5,1,4,1,02,1,1,000,000,1,0,1,4,2,54,0,1,2,00,2,0,13,201500053337A01,14,1,1
201500053338,2015-11-27,2015,novembre,vendredi,20:45,75,75113,0,0,2,1,3,5,2,4,2,04,4,1,000,000,2,0,1,4,1,21,9,1,2,00,2,1,7,201500053338A01,10,16,1
201500053340,2015-11-30,2015,novembre,lundi,14:35,75,75113,0,0,2,2,3,1,1,4,2,02,2,1,008,200,2,0,1,4,1,21,5,1,2,00,2,0,7,201500053340A01,7,15,1
201500053344,2015-12-07,2015,décembre,lundi,35:,75,75113,0,0,2,7,3,5,1,4,1,00,1,2,000,000,1,0,1,4,1,31,5,1,2,00,2,4,1,201500053344B01,31,1,1
201500053352,2015-12-17,2015,décembre,jeudi,10:00,75,75113,0,0,2,3,3,1,1,4,2,02,-1,-1,000,000,-1,0,1,4,1,47,1,1,2,00,2,0,13,201500053352A01,37,17,1
201500053362,2015-12-23,2015,décembre,mercredi,12:57,75,75113,0,0,2,3,2,1,1,4,1,01,1,1,000,000,1,0,1,4,2,29,0,1,2,01,2,1,1,201500053362B01,7,22,1
201500053373,2015-01-21,2015,janvier,mercredi,80:0,75,75114,0,0,2,1,7,1,1,4,1,01,2,1,000,030,1,0,1,2,1,60,0,1,2,00,9,1,14,201500053373A01,,,
201500053382,2015-01-29,2015,janvier,jeudi,81:5,75,75114,0,0,2,1,3,1,1,4,2,01,2,1,000,080,1,0,1,4,2,19,2,1,2,00,2,1,1,201500053382B01,33,15,1
201500053384,2015-01-31,2015,janvier,samedi,22:5,75,75114,0,0,2,1,6,5,2,4,1,02,1,1,000,060,2,0,5,1,1,24,5,1,2,00,1,1,1,201500053384A01,,,
201500053406,2015-02-27,2015,février,vendredi,11:15,75,75114,0,0,2,1,3,1,1,4,1,01,2,1,080,080,1,0,1,4,2,36,5,1,2,01,2,1,1,201500053406B01,7,22,1
201500053407,2015-02-27,2015,février,vendredi,14:25,75,75114,0,0,2,3,6,1,1,4,2,05,1,1,000,150,1,0,1,4,1,50,4,1,2,00,0,0,5,201500053407A01,,,
201500053423,2015-04-02,2015,avril,jeudi,18:15,75,75114,0,0,2,7,3,1,2,4,-1,01,2,-1,000,000,2,0,1,1,1,65,0,1,2,00,2,0,13,201500053423A01,31,1,1
201500053446,2015-04-30,2015,avril,jeudi,16:50,75,75114,0,0,2,3,3,1,2,4,1,01,1,-1,000,030,2,0,1,4,1,31,4,1,2,00,2,1,1,201500053446B01,7,15,1
201500053473,2015-06-03,2015,juin,mercredi,20:30,75,75114,0,0,2,2,3,1,1,4,2,04,1,1,000,080,1,0,1,4,1,24,0,1,2,00,2,1,15,201500053473A01,7,1,1
201500053487,2015-08-28,2015,août,vendredi,13:42,75,75106,0,0,2,2,3,1,1,4,2,06,1,1,000,000,1,0,1,4,1,36,0,1,2,00,2,0,1,201500053487B01,7,7,1
201500053496,2015-06-18,2015,juin,jeudi,13:45,75,75113,0,0,2,2,6,1,2,4,1,01,2,1,000,000,1,0,1,1,1,41,5,1,2,00,1,1,5,201500053496A01,,,
201500053500,2015-06-20,2015,juin,samedi,15:34,75,75114,0,0,2,1,7,1,1,4,2,04,2,1,000,250,1,0,5,4,1,32,5,1,2,00,0,0,21,201500053500A01,,,
201500053510,2015-07-03,2015,juillet,vendredi,16:40,75,75114,0,0,2,1,6,1,1,4,2,05,-1,-1,000,000,-1,0,5,4,1,33,0,1,2,00,2,1,1,201500053510A01,7,4,1
201500053512,2015-07-04,2015,juillet,samedi,19:50,75,75107,0,0,2,3,3,2,1,4,1,01,1,1,000,040,1,0,1,4,2,21,5,1,2,00,2,7,1,201500053512B01,7,22,1
201500053516,2015-07-09,2015,juillet,jeudi,19:15,75,75114,0,0,2,4,3,1,1,4,2,04,1,1,000,120,1,0,1,4,2,23,5,1,2,00,2,4,7,201500053516B01,7,17,1
201500053525,2015-07-28,2015,juillet,mardi,15:20,75,75114,0,0,2,1,7,1,1,4,1,01,2,1,000,050,1,0,1,4,1,43,4,1,2,00,2,1,1,201500053525A01,,,
201500053527,2015-08-03,2015,août,lundi,18:30,75,75114,0,0,2,7,3,1,1,4,1,02,1,1,000,050,1,0,1,4,1,47,0,1,2,00,2,1,1,201500053527B01,7,1,1
201500053544,2015-09-03,2015,septembre,jeudi,16:40,75,75114,0,0,2,4,3,1,1,4,1,01,1,1,000,000,1,0,1,4,2,39,0,1,2,00,2,3,7,201500053544A01,37,17,1
201500053548,2015-09-07,2015,septembre,lundi,17:45,75,75114,0,0,2,4,3,1,1,4,2,00,1,1,000,120,1,0,1,4,2,44,1,1,2,00,2,1,7,201500053548B01,7,15,1
201500053560,2015-09-21,2015,septembre,lundi,22:55,75,75115,0,0,2,1,2,5,1,4,-1,00,-1,-1,000,000,-1,0,0,4,1,65,5,1,2,00,2,6,2,201500053560B01,30,2,1
201500053569,2015-10-01,2015,octobre,jeudi,18:40,75,75114,0,0,2,2,3,1,2,4,1,01,1,1,000,050,1,0,0,4,1,41,1,1,2,00,2,0,1,201500053569B01,7,16,1
201500053576,2015-10-07,2015,octobre,mercredi,13:45,75,75114,0,0,2,1,3,1,1,4,2,05,1,1,005,130,1,0,0,4,1,60,1,1,2,00,2,2,1,201500053576B01,7,22,1
201500053596,2015-11-06,2015,novembre,vendredi,90:0,75,75114,0,0,2,2,3,1,1,4,2,00,1,1,030,180,1,0,1,4,2,52,1,1,2,00,2,8,1,201500053596B01,7,1,1
201500053598,2015-11-10,2015,novembre,mardi,12:07,75,75114,0,0,2,2,3,1,1,4,2,00,1,1,000,150,1,0,1,3,1,47,4,1,2,00,2,3,1,201500053598B01,7,16,1
201500053607,2015-11-22,2015,novembre,dimanche,13:15,75,75114,0,0,2,6,3,1,7,4,1,03,1,2,000,060,1,0,1,4,1,41,0,1,2,00,2,2,1,201500053607A01,7,16,1
201500053629,2015-12-16,2015,décembre,mercredi,17:00,75,75115,0,0,2,5,3,5,1,4,2,00,1,1,000,120,1,0,1,4,1,63,5,1,2,00,2,7,1,201500053629B01,7,18,1
201500053633,2015-12-20,2015,décembre,dimanche,12:30,75,75114,0,0,2,4,6,1,1,4,1,01,1,-1,000,000,1,0,5,1,2,31,5,1,2,00,1,1,5,201500053633A01,,,
201500053646,2015-01-17,2015,janvier,samedi,12:30,75,75115,0,0,2,1,3,1,1,4,-1,00,1,-1,000,078,1,0,1,4,1,51,9,1,2,00,2,8,1,201500053646B01,7,1,1
201500053654,2015-01-29,2015,janvier,jeudi,15:00,75,75115,0,0,2,2,3,1,2,4,1,01,1,1,000,000,2,0,5,4,2,25,0,1,2,00,2,1,1,201500053654B01,10,1,1
201500053678,2015-03-01,2015,mars,dimanche,25:5,75,75115,0,0,2,2,3,5,2,4,1,01,2,1,000,100,2,0,1,4,2,25,0,1,2,00,2,2,1,201500053678B01,7,1,1
201500053683,2015-03-06,2015,mars,vendredi,14:45,75,75115,0,0,2,1,6,1,1,4,2,02,1,-1,000,000,1,0,5,1,2,47,0,1,2,00,1,1,1,201500053683A01,,,
201500053693,2015-03-14,2015,mars,samedi,13:50,75,75115,0,0,2,1,3,1,1,4,1,02,1,1,000,070,1,0,4,4,2,59,5,1,2,00,2,7,1,201500053693A01,7,9,1