Num_Acc,date,an,mois,jour,hrmn,dep,com,lat,long,agg,int,col,lum,atm,catr,circ,nbv,prof,plan,lartpc,larrout,surf,infra,situ,grav,sexe,age,trajet,secuexist,equipement,obs,obsm,choc,manv,vehiculeid,typevehicules,manoeuvehicules,numVehicules
201500053695,2015-03-16,2015,mars,lundi,14:35,75,75115,0,0,2,2,3,1,1,4,1,01,1,1,000,000,1,0,1,4,1,45,9,1,2,00,2,2,1,201500053695A01,7,1,1
201500053696,2015-03-17,2015,mars,mardi,21:25,75,75115,0,0,2,5,7,5,1,4,2,02,1,1,000,000,1,0,1,4,2,23,1,1,2,00,0,0,1,201500053696A01,,,
201500053705,2015-03-26,2015,mars,jeudi,15:50,75,75115,0,0,2,3,2,1,2,4,2,02,1,1,000,096,3,0,1,4,1,24,2,1,2,00,2,1,1,201500053705A01,7,23,1
201500053718,2015-04-13,2015,avril,lundi,12:50,75,75115,0,0,2,1,6,1,1,4,2,02,1,1,000,000,1,0,1,1,2,35,4,1,2,00,1,1,1,201500053718A01,,,
201500053721,2015-04-16,2015,avril,jeudi,16:35,75,75115,0,0,2,1,7,1,1,4,3,01,1,1,000,078,-1,5,1,4,1,27,5,1,2,00,0,0,1,201500053721A01,,,
201500053722,2015-04-18,2015,avril,samedi,11:20,75,75115,0,0,2,1,6,1,1,4,1,03,1,4,000,100,1,0,5,4,1,38,0,1,2,15,0,1,1,201500053722A01,,,
201500053735,2015-05-08,2015,mai,vendredi,11:00,75,75115,0,0,2,2,6,1,1,4,1,01,1,1,120,080,1,0,5,1,2,25,4,1,2,00,1,1,1,201500053735A01,,,
201500053737,2015-05-10,2015,mai,dimanche,20:20,75,75115,0,0,2,1,3,2,1,4,1,02,-1,1,110,056,1,0,5,4,1,27,0,1,2,00,2,4,1,201500053737B01,7,16,1
201500053751,2015-05-23,2015,mai,samedi,15:51,75,75115,0,0,2,1,6,1,1,4,-1,01,1,1,000,090,1,0,1,4,1,47,0,1,2,01,2,0,1,201500053751B01,10,22,1
201500053760,2015-06-03,2015,juin,mercredi,19:50,75,75107,0,0,2,1,2,1,1,4,1,01,1,1,000,000,1,0,1,4,1,25,4,1,2,01,2,1,1,201500053760A01,7,23,1
201500053777,2015-06-18,2015,juin,jeudi,10:30,75,75106,0,0,2,2,3,1,1,4,-1,00,1,1,000,200,1,0,0,4,2,48,4,1,2,00,2,1,1,201500053777B01,7,15,1
201500053789,2015-07-09,2015,juillet,jeudi,74:5,75,75115,0,0,2,5,7,1,1,4,2,01,2,1,120,080,1,0,1,4,1,24,0,1,2,00,0,1,1,201500053789A01,,,
201500053798,2015-07-30,2015,juillet,jeudi,91:5,75,75115,0,0,2,2,2,1,1,4,1,01,1,1,000,080,1,0,0,4,2,60,1,1,2,00,2,6,15,201500053798B01,7,2,1
201500053810,2015-08-29,2015,août,samedi,12:35,75,75115,0,0,2,2,3,1,1,4,2,02,1,1,000,100,1,0,1,4,1,29,5,1,2,00,2,6,13,201500053810B01,7,1,1
201500053814,2015-09-03,2015,septembre,jeudi,21:0,75,75115,0,0,2,2,3,5,1,4,1,02,1,1,000,000,1,0,1,4,1,27,9,1,9,00,2,1,1,201500053814A01,7,10,1
201500053817,2015-09-07,2015,septembre,lundi,12:15,75,75115,0,0,2,1,6,1,1,4,-1,01,1,1,000,000,1,6,5,4,1,28,1,1,2,12,0,1,14,201500053817A01,,,
201500053834,2015-09-23,2015,septembre,mercredi,17:10,75,75115,0,0,2,3,3,1,1,4,2,02,1,1,000,000,1,5,1,4,1,26,0,1,2,00,2,2,0,201500053834A01,7,15,1
201500053854,2015-10-07,2015,octobre,mercredi,83:0,75,75115,0,0,2,7,6,1,1,4,2,02,2,1,000,060,1,0,1,4,1,17,1,1,2,00,1,1,17,201500053854A01,,,
201500053855,2015-10-10,2015,octobre,samedi,16:25,75,75115,0,0,2,1,6,1,1,4,2,01,1,1,000,090,1,0,1,1,1,22,5,1,2,00,1,1,17,201500053855A01,,,
201500053860,2015-10-16,2015,octobre,vendredi,12:50,75,75115,0,0,2,1,6,1,2,4,-1,00,1,1,000,032,2,0,5,1,1,16,2,1,2,00,1,1,1,201500053860A01,,,
201500053870,2015-10-27,2015,octobre,mardi,75:5,75,75115,0,0,2,1,3,2,1,4,2,02,1,1,000,080,1,0,0,1,1,42,0,1,2,00,2,3,13,201500053870B01,33,1,1
201500053885,2015-11-09,2015,novembre,lundi,17:50,75,75115,0,0,2,1,2,5,1,4,1,02,1,1,000,070,1,0,1,4,1,76,5,1,2,00,2,0,2,201500053885B01,2,2,1
201500053889,2015-11-17,2015,novembre,mardi,10:05,75,75115,0,0,2,5,3,1,8,4,2,00,1,1,000,000,2,0,1,4,1,36,1,1,2,00,2,1,7,201500053889A01,7,15,1
201500053900,2015-11-27,2015,novembre,vendredi,90:0,75,75115,0,0,2,2,2,1,1,4,2,02,1,1,000,090,-1,0,1,4,1,26,2,1,2,00,2,5,2,201500053900A01,10,23,1
201500053906,2015-12-07,2015,décembre,lundi,21:30,75,75115,0,0,2,2,3,5,1,4,-1,00,2,1,000,000,1,0,0,4,2,39,0,1,2,00,2,3,1,201500053906A01,31,1,1
201500053916,2015-12-23,2015,décembre,mercredi,13:10,75,75115,0,0,2,1,2,1,1,4,2,02,1,1,000,000,1,0,1,4,2,23,5,1,2,00,2,4,15,201500053916B01,31,1,1
201500053922,2015-12-31,2015,décembre,jeudi,22:50,75,75116,0,0,2,2,6,5,1,4,2,02,1,1,000,000,1,0,1,4,1,16,5,1,2,11,0,1,1,201500053922A01,,,
201500053967,2015-02-05,2015,février,jeudi,84:5,75,75116,0,0,2,3,2,1,1,4,2,04,1,1,000,000,1,0,1,4,1,27,1,1,2,00,2,1,14,201500053967A01,7,23,1
201500053986,2015-02-19,2015,février,jeudi,12:00,75,75117,0,0,1,1,3,1,1,4,1,04,1,1,000,000,1,0,1,4,2,50,0,1,2,00,2,8,19,201500053986B01,7,17,1
201500054008,2015-03-11,2015,mars,mercredi,10:15,75,75116,0,0,2,3,2,1,1,4,1,01,1,1,000,000,1,0,1,4,1,42,1,1,2,00,2,7,15,201500054008B01,31,17,1
201500054013,2015-03-14,2015,mars,samedi,14:00,75,75116,0,0,2,2,3,1,1,4,1,01,1,1,000,000,1,0,1,4,1,8,5,1,2,00,2,1,1,201500054013A01,7,1,1
201500054044,2015-04-09,2015,avril,jeudi,81:0,75,75116,0,0,2,2,6,1,1,4,1,02,2,1,000,000,1,0,1,4,1,18,2,1,2,00,2,4,13,201500054044A01,7,1,1
201500054056,2015-04-17,2015,avril,vendredi,92:0,75,75116,0,0,2,5,3,1,1,4,2,02,1,1,000,000,1,0,1,4,2,61,1,1,2,00,2,1,15,201500054056B01,7,15,1
201500054062,2015-04-20,2015,avril,lundi,16:50,75,75116,0,0,2,7,6,1,1,4,1,01,1,1,000,000,1,0,1,1,1,27,4,1,2,00,1,1,1,201500054062A01,,,
201500054066,2015-04-23,2015,avril,jeudi,15:10,75,75116,0,0,2,2,3,1,1,4,2,04,1,1,000,000,1,0,5,4,1,50,5,1,2,00,2,1,19,201500054066B01,7,1,1
201500054118,2015-06-01,2015,juin,lundi,11:00,75,75116,0,0,2,1,6,1,1,4,1,00,1,1,000,000,1,0,5,4,1,61,5,1,2,00,1,1,1,201500054118A01,,,
201500054137,2015-06-02,2015,juin,mardi,17:45,75,75116,0,0,2,1,2,1,1,4,-1,02,1,1,000,000,1,0,0,4,2,43,9,1,2,00,2,0,2,201500054137B01,7,2,1
201500054146,2015-06-19,2015,juin,vendredi,41:0,75,75116,0,0,2,1,7,5,1,4,-1,06,1,1,000,000,1,0,0,4,1,49,5,1,2,00,0,0,1,201500054146A01,,,
201500054153,2015-06-23,2015,juin,mardi,16:00,75,75116,0,0,2,1,3,1,1,4,1,01,2,-1,000,000,1,0,1,4,1,55,5,1,2,00,2,1,1,201500054153B01,7,9,1
201500054154,2015-06-24,2015,juin,mercredi,92:0,75,75116,0,0,2,1,6,1,1,4,2,03,1,1,200,100,1,0,4,1,2,31,5,1,9,00,1,1,1,201500054154A01,,,
201500054156,2015-06-24,2015,juin,mercredi,22:40,75,75116,0,0,2,1,7,5,1,4,-1,01,1,1,000,000,1,0,5,4,1,36,4,1,2,00,0,1,1,201500054156A01,,,
201500054172,2015-07-01,2015,juillet,mercredi,10:20,75,75116,0,0,2,1,6,1,1,4,1,01,1,3,000,000,1,0,1,4,1,39,9,1,2,00,2,1,2,201500054172B01,10,4,1
201500054194,2015-07-14,2015,juillet,mardi,17:00,75,75116,0,0,2,1,3,1,1,4,2,02,1,1,000,000,1,0,5,4,2,26,0,1,2,00,2,1,1,201500054194B01,7,10,1
201500054200,2015-07-22,2015,juillet,mercredi,12:35,75,75116,0,0,2,7,3,1,1,4,1,05,1,2,000,000,1,0,1,4,1,34,0,1,2,00,2,5,1,201500054200B01,34,9,1
201500054211,2015-08-02,2015,août,dimanche,11:20,75,75116,0,0,2,2,6,1,1,4,1,01,1,3,000,000,1,0,5,1,1,44,5,1,2,00,1,1,1,201500054211A01,,,
201500054213,2015-08-03,2015,août,lundi,72:0,75,75116,0,0,2,1,6,1,1,4,1,02,1,3,000,000,1,0,5,4,1,51,5,1,2,00,2,0,1,201500054213A01,7,10,1
201500054218,2015-08-05,2015,août,mercredi,19:32,75,75116,0,0,2,5,6,1,1,4,1,01,1,3,050,100,1,0,1,4,1,30,5,1,2,12,2,8,1,201500054218A01,7,13,1
201500054219,2015-08-09,2015,août,dimanche,12:35,75,75116,0,0,2,1,4,1,1,4,2,01,1,3,000,000,1,0,5,4,1,67,5,1,2,00,2,4,2,201500054219C01,1,2,2
201500054219,2015-08-09,2015,août,dimanche,12:35,75,75116,0,0,2,1,4,1,1,4,2,01,1,3,000,000,1,0,5,4,1,28,5,1,2,00,2,1,2,201500054219A01,1,2,2
201500054219,2015-08-09,2015,août,dimanche,12:35,75,75116,0,0,2,1,4,1,1,4,2,01,1,3,000,000,1,0,5,4,1,25,5,1,2,00,2,1,2,201500054219B01,1,2,2
201500054224,2015-08-18,2015,août,mardi,16:15,75,75116,0,0,2,1,1,1,1,4,2,02,1,1,000,000,1,0,5,4,1,45,5,1,2,00,2,1,5,201500054224A01,7,1,1
201500054225,2015-08-21,2015,août,vendredi,14:25,75,75116,0,0,2,1,2,1,1,4,2,04,1,1,000,000,1,0,1,4,1,54,1,1,2,00,2,1,7,201500054225A01,10,24,1
201500054226,2015-08-22,2015,août,samedi,12:30,75,75116,0,0,2,1,6,1,1,4,2,01,1,1,000,000,1,0,5,1,1,55,5,1,2,00,1,1,1,201500054226A01,,,
201500054234,2015-08-29,2015,août,samedi,14:10,75,75116,0,0,2,2,2,1,1,4,1,01,1,1,000,000,1,0,1,4,1,26,1,1,2,00,2,1,2,201500054234A01,7,2,1
201500054235,2015-08-30,2015,août,dimanche,19:50,75,75116,0,0,2,7,2,2,1,4,1,02,1,1,000,000,1,0,1,4,2,19,5,1,2,00,2,4,11,201500054235B01,32,1,1
201500054244,2015-09-09,2015,septembre,mercredi,21:15,75,75116,0,0,2,3,3,3,1,4,2,01,2,1,000,000,1,0,1,4,1,28,5,1,2,00,2,1,1,201500054244B01,7,15,1
201500054249,2015-09-10,2015,septembre,jeudi,19:30,75,75116,0,0,2,7,3,2,1,4,2,02,2,3,000,000,1,5,1,4,1,61,0,1,2,00,2,8,1,201500054249B01,7,15,1
201500054278,2015-10-01,2015,octobre,jeudi,50:,75,75116,0,0,2,1,3,5,1,4,2,04,1,1,000,150,1,0,1,1,1,30,0,1,2,00,2,4,9,201500054278A01,32,1,1
201500054285,2015-10-02,2015,octobre,vendredi,21:15,75,75116,0,0,2,7,3,5,1,4,2,02,1,1,000,000,1,6,1,4,1,51,9,1,2,00,2,7,5,201500054285A01,7,1,1
201500054286,2015-10-03,2015,octobre,samedi,60:0,75,75116,0,0,2,5,6,5,1,4,1,03,2,1,000,000,1,0,1,4,1,21,5,1,2,00,2,1,19,201500054286A01,34,1,1
201500054292,2015-10-11,2015,octobre,dimanche,14:25,75,75116,0,0,2,2,3,1,1,4,-1,04,1,1,000,000,1,5,1,3,2,,5,1,2,00,2,8,1,201500054292B01,7,15,1
201500054302,2015-10-17,2015,octobre,samedi,19:15,75,75116,0,0,2,1,2,5,1,4,1,01,1,1,000,000,1,0,1,4,1,26,5,1,2,01,2,1,1,201500054302B01,7,22,1
201500054306,2015-10-22,2015,octobre,jeudi,14:30,75,75116,0,0,2,7,2,1,1,4,-1,01,1,3,000,000,2,0,1,4,1,26,4,1,2,00,2,4,2,201500054306B01,7,2,1
201500054318,2015-11-02,2015,novembre,lundi,15:20,75,75116,0,0,2,1,3,1,1,4,2,04,2,1,030,060,1,0,1,4,1,54,5,1,2,00,2,7,17,201500054318B01,7,22,1
201500054322,2015-11-05,2015,novembre,jeudi,83:5,75,75116,0,0,2,2,3,1,1,4,1,02,1,1,000,000,1,0,5,4,2,32,1,1,2,00,2,1,1,201500054322B01,7,15,1
201500054329,2015-11-08,2015,novembre,dimanche,43:0,75,75116,0,0,2,2,6,5,1,4,2,01,1,1,000,040,1,0,1,4,1,24,5,1,2,00,2,1,2,201500054329A01,7,23,1
201500054330,2015-11-08,2015,novembre,dimanche,12:20,75,75116,0,0,2,7,6,1,1,4,-1,01,-1,-1,000,000,-1,0,1,4,1,72,5,1,2,00,2,8,1,201500054330A01,33,1,1
201500054332,2015-11-08,2015,novembre,dimanche,12:00,75,75116,0,0,2,1,2,1,1,4,2,00,1,1,000,000,1,0,1,4,1,60,5,1,2,00,2,0,2,201500054332A01,1,2,1
201500054332,2015-11-08,2015,novembre,dimanche,12:00,75,75116,0,0,2,1,2,1,1,4,2,00,1,1,000,000,1,0,1,4,1,48,5,1,2,00,2,0,2,201500054332B01,1,2,1
201500054334,2015-11-10,2015,novembre,mardi,17:10,75,75116,0,0,2,1,3,2,1,4,1,02,1,1,000,000,1,0,1,4,1,70,0,1,2,00,2,1,1,201500054334B01,7,22,1
201500054348,2015-11-23,2015,novembre,lundi,14:45,75,75116,0,0,2,2,3,1,1,4,2,04,1,1,000,000,1,5,1,4,1,53,5,1,2,00,2,6,15,201500054348B01,7,1,1
201500054356,2015-11-28,2015,novembre,samedi,94:5,75,75116,0,0,2,4,3,1,1,4,-1,04,1,1,000,000,1,0,0,4,1,35,0,1,2,00,2,4,1,201500054356B01,31,14,1
201500054365,2015-12-03,2015,décembre,jeudi,30:,75,75116,0,0,2,2,6,5,1,4,1,01,2,1,000,000,1,5,1,4,1,47,0,1,2,01,0,3,13,201500054365A01,,,
201500054373,2015-12-07,2015,décembre,lundi,16:30,75,75116,0,0,2,5,3,1,1,4,2,04,1,1,000,000,1,0,1,4,1,49,4,1,2,00,2,1,18,201500054373A01,7,22,1
201500054379,2015-12-09,2015,décembre,mercredi,85:0,75,75116,0,0,2,2,3,1,1,4,2,04,1,1,000,040,1,0,1,4,1,26,1,1,2,00,2,1,19,201500054379A01,10,16,1
201500054383,2015-12-10,2015,décembre,jeudi,19:45,75,75116,0,0,2,2,3,4,1,4,-1,01,1,-1,000,000,1,0,1,4,1,16,2,1,2,00,2,1,1,201500054383A01,34,1,1
201500054390,2015-12-18,2015,décembre,vendredi,15:20,75,75116,0,0,2,1,3,1,2,4,2,02,-1,-1,000,000,-1,0,1,4,1,43,4,1,2,00,2,7,1,201500054390A01,10,22,1
201500054392,2015-12-20,2015,décembre,dimanche,23:0,75,75116,0,0,2,1,3,5,1,4,2,02,1,1,000,000,1,0,1,4,1,60,0,1,2,00,2,1,13,201500054392A01,7,1,1
201500054433,2015-01-27,2015,janvier,mardi,19:05,75,75117,0,0,2,1,3,5,1,4,2,00,1,1,000,000,1,0,5,4,1,20,9,1,2,00,2,8,1,201500054433B01,7,16,1
201500054440,2015-02-02,2015,février,lundi,16:40,75,75117,0,0,2,1,3,1,8,4,2,06,1,1,000,200,1,0,1,4,1,34,5,1,2,00,2,2,17,201500054440A01,7,22,1
201500054442,2015-02-05,2015,février,jeudi,84:5,75,75108,0,0,2,1,3,1,1,4,2,02,1,1,000,120,1,0,1,4,1,70,5,1,2,00,2,8,18,201500054442B01,7,22,1
201500054453,2015-02-16,2015,février,lundi,17:45,75,75117,0,0,2,4,6,2,1,4,1,03,2,1,000,000,1,0,3,4,2,30,1,1,2,12,0,2,16,201500054453A01,,,
201500054473,2015-03-13,2015,mars,vendredi,19:15,75,75117,0,0,2,2,3,5,1,4,2,03,1,1,000,000,1,0,1,4,1,38,5,1,2,00,2,4,1,201500054473B01,7,15,1
201500054495,2015-04-02,2015,avril,jeudi,80:0,75,75117,0,0,2,3,3,1,1,4,1,00,1,1,000,000,1,1,1,4,1,44,1,1,2,00,2,8,1,201500054495B01,7,17,1
201500054501,2015-04-05,2015,avril,dimanche,11:20,75,75117,0,0,2,1,3,1,1,4,2,04,1,1,000,000,1,0,1,4,2,42,5,1,2,00,2,4,18,201500054501B01,7,1,1
201500054513,2015-04-17,2015,avril,vendredi,14:50,75,75117,0,0,2,3,3,1,1,4,2,03,1,1,000,000,1,6,1,4,2,67,5,1,2,00,2,8,19,201500054513A01,34,1,1
201500054520,2015-04-22,2015,avril,mercredi,13:35,75,75117,0,0,2,1,6,1,1,4,1,01,1,1,000,000,1,0,1,1,1,42,4,1,2,00,1,1,1,201500054520A01,,,
201500054531,2015-05-04,2015,mai,lundi,16:50,75,75117,0,0,2,1,3,1,2,4,2,02,1,1,000,000,2,0,1,4,1,18,2,1,2,00,2,8,14,201500054531B01,7,18,1
201500054542,2015-05-12,2015,mai,mardi,95:5,75,75117,0,0,2,1,3,1,1,4,2,06,1,1,000,250,1,0,1,4,2,53,5,1,2,00,2,8,7,201500054542B01,10,16,1
201500054544,2015-05-12,2015,mai,mardi,13:15,75,75117,0,0,2,1,6,1,1,4,2,02,1,1,000,120,1,0,1,4,2,56,5,1,2,00,2,3,1,201500054544A01,13,12,1
201500054546,2015-05-13,2015,mai,mercredi,17:45,75,75117,0,0,2,2,3,1,1,4,2,01,1,1,000,000,1,0,1,4,1,18,0,1,2,00,2,1,1,201500054546B01,7,22,1
201500054547,2015-05-13,2015,mai,mercredi,18:45,75,75117,0,0,2,1,2,1,1,4,3,02,1,1,000,000,1,0,1,4,1,30,5,1,2,00,2,4,17,201500054547B01,7,2,1
201500054550,2015-05-17,2015,mai,dimanche,14:05,75,75117,0,0,2,5,6,1,1,4,1,01,1,1,000,000,1,0,0,1,1,30,0,1,2,00,1,1,1,201500054550A01,,,
201500054577,2015-06-12,2015,juin,vendredi,91:5,75,75117,0,0,2,1,6,1,1,4,2,00,1,1,000,000,1,0,0,4,1,36,9,1,2,01,2,1,22,201500054577A01,13,1,1
201500054579,2015-06-12,2015,juin,vendredi,21:50,75,75117,0,0,2,7,6,1,1,4,-1,00,2,1,000,100,1,0,0,1,1,30,4,1,2,00,1,1,1,201500054579A01,,,
201500054581,2015-06-14,2015,juin,dimanche,13:25,75,75117,0,0,2,2,3,1,1,4,-1,00,1,1,000,000,1,0,0,1,1,17,0,1,2,00,2,2,1,201500054581A01,34,1,1
201500054588,2015-05-17,2015,mai,dimanche,13:20,75,75117,0,0,2,1,3,1,1,4,2,03,1,1,000,120,1,0,1,4,2,18,5,1,2,00,2,1,1,201500054588B01,32,9,1
201500054589,2015-06-17,2015,juin,mercredi,13:20,75,75117,0,0,2,1,3,1,1,4,2,03,1,1,000,120,1,0,1,4,2,18,5,1,2,00,2,1,1,201500054589B01,34,9,1
201500054593,2015-06-21,2015,juin,dimanche,18:30,75,75117,0,0,2,5,3,1,1,4,2,02,1,1,000,000,1,0,1,4,1,9,5,1,2,00,2,8,19,201500054593B01,7,16,1
201500054595,2015-06-24,2015,juin,mercredi,85:0,75,75117,0,0,2,2,3,1,1,4,2,00,-1,-1,000,000,-1,0,1,4,2,25,0,1,2,00,2,8,19,201500054595B01,7,1,1
201500054600,2015-06-27,2015,juin,samedi,15:20,75,75117,0,0,2,1,3,1,1,4,2,00,2,1,000,000,1,0,1,4,1,20,5,1,2,00,2,3,13,201500054600A01,10,1,1
201500054603,2015-06-30,2015,juin,mardi,64:5,75,75117,0,0,2,2,3,1,1,4,2,02,1,1,000,000,1,0,1,4,1,46,1,1,2,00,2,1,1,201500054603B01,7,1,1
201500054613,2015-07-10,2015,juillet,vendredi,91:0,75,75117,0,0,2,7,3,1,1,4,2,02,1,1,000,000,1,1,0,4,2,42,1,1,2,00,2,3,13,201500054613B01,7,1,1
201500054616,2015-07-12,2015,juillet,dimanche,15:10,75,75117,0,0,2,5,3,1,1,4,-1,01,1,1,000,000,1,0,0,4,1,8,5,1,2,00,2,7,19,201500054616B01,7,16,1
201500054625,2015-07-21,2015,juillet,mardi,19:00,75,75117,0,0,2,1,6,1,1,4,-1,01,1,1,000,000,1,0,0,1,1,29,9,1,2,00,1,1,5,201500054625A01,,,
201500054651,2015-09-02,2015,septembre,mercredi,12:55,75,75117,0,0,2,3,3,1,1,4,1,01,1,1,000,000,1,0,1,4,1,60,5,1,2,00,2,1,16,201500054651B01,7,16,1
201500054658,2015-09-07,2015,septembre,lundi,95:0,75,75117,0,0,2,4,3,1,1,4,2,02,1,3,000,000,1,0,1,4,1,40,1,1,2,00,2,6,1,201500054658B01,7,1,1
201500054660,2015-09-09,2015,septembre,mercredi,18:15,75,75117,0,0,2,7,3,1,1,4,2,02,1,1,000,000,1,0,1,4,2,45,1,1,2,00,2,7,1,201500054660B01,7,1,1
201500054674,2015-09-17,2015,septembre,jeudi,12:45,75,75117,0,0,2,4,6,1,2,4,2,00,2,-1,000,000,2,0,1,1,1,30,0,1,2,00,1,1,17,201500054674A01,,,
201500054717,2015-10-24,2015,octobre,samedi,15:15,75,75117,0,0,2,2,6,1,1,4,3,00,1,3,000,000,1,0,5,4,1,27,0,1,2,00,2,0,9,201500054717A01,37,1,1
201500054724,2015-10-31,2015,octobre,samedi,21:5,75,75117,0,0,2,2,2,5,1,4,2,03,2,1,000,000,1,0,1,3,1,27,0,1,2,00,2,1,2,201500054724A01,7,23,1
201500054726,2015-11-03,2015,novembre,mardi,22:00,75,75117,0,0,2,2,3,5,2,4,2,04,1,1,000,000,2,5,0,4,2,20,5,1,2,00,2,1,1,201500054726B01,10,15,1
201500054735,2015-11-13,2015,novembre,vendredi,16:15,75,75117,0,0,2,1,3,1,1,4,1,01,1,1,000,000,1,0,1,4,2,34,0,1,2,00,2,6,13,201500054735B01,7,1,1
201500054740,2015-11-16,2015,novembre,lundi,14:45,75,75117,0,0,2,3,3,1,1,4,1,01,-1,-1,000,000,-1,0,1,4,1,71,5,1,2,00,2,4,19,201500054740B01,2,1,1
201500054741,2015-11-17,2015,novembre,mardi,15:00,75,75117,0,0,2,2,3,1,8,4,1,00,1,1,000,000,1,0,1,4,1,58,1,1,2,00,2,1,1,201500054741A01,7,15,1
201500054754,2015-11-23,2015,novembre,lundi,10:00,75,75117,0,0,2,1,2,1,1,4,-1,01,2,1,000,000,1,0,1,4,1,34,1,1,2,01,2,0,1,201500054754A01,14,22,1
201500054759,2015-11-26,2015,novembre,jeudi,15:,75,75117,0,0,2,7,6,5,1,4,1,00,1,2,000,000,1,0,1,4,1,32,0,1,2,00,2,1,19,201500054759A01,7,15,1
201500054764,2015-12-01,2015,décembre,mardi,15:50,75,75117,0,0,2,5,6,1,1,4,2,02,1,1,000,000,1,0,1,3,2,36,5,1,2,12,2,8,1,201500054764A01,7,17,1
201500054766,2015-12-02,2015,décembre,mercredi,16:50,75,75117,0,0,2,4,3,1,1,4,1,01,1,1,000,000,1,0,1,4,1,21,1,1,2,00,2,1,1,201500054766B01,7,15,1
201500054778,2015-12-10,2015,décembre,jeudi,85:3,75,75108,0,0,2,1,3,2,1,4,-1,03,1,2,000,000,1,5,5,4,1,52,1,1,2,00,2,1,1,201500054778B01,34,16,1
201500054780,2015-12-11,2015,décembre,vendredi,18:15,75,75117,0,0,2,7,3,5,1,4,1,04,1,2,200,120,1,5,1,4,1,41,1,1,2,00,2,3,1,201500054780B01,7,17,1
201500054793,2015-12-24,2015,décembre,jeudi,30:,75,75117,0,0,2,2,6,5,1,4,2,02,1,1,000,000,1,0,1,4,1,38,0,1,2,01,0,1,13,201500054793A01,,,
201500054828,2015-01-30,2015,janvier,vendredi,18:15,75,75118,0,0,2,1,3,5,1,4,2,02,1,1,000,000,1,0,5,4,1,26,0,1,2,00,2,8,1,201500054828B01,7,9,1
201500054832,2015-02-03,2015,février,mardi,91:0,75,75118,0,0,2,3,5,1,1,4,2,04,1,1,000,140,1,0,1,4,2,21,2,1,2,00,2,6,19,201500054832A01,10/ 32,23/1,2
201500054883,2015-04-02,2015,avril,jeudi,17:40,75,75118,0,0,2,5,3,1,1,4,2,04,1,1,000,000,1,1,1,4,1,24,1,1,2,00,2,4,1,201500054883B01,7,17,1
201500054884,2015-04-03,2015,avril,vendredi,12:10,75,75118,0,0,2,1,1,1,1,4,2,02,1,1,060,060,1,0,1,4,1,35,0,1,2,00,2,1,17,201500054884B01,7,1,1
201500054889,2015-04-10,2015,avril,vendredi,14:30,75,75118,0,0,2,1,6,1,1,4,2,01,1,1,000,075,1,0,1,4,2,26,1,1,2,00,2,7,1,201500054889A01,7,22,1
201500054895,2015-04-17,2015,avril,vendredi,22:50,75,75118,0,0,2,2,3,5,1,4,2,04,1,1,000,000,1,0,1,4,1,36,0,1,2,00,2,1,15,201500054895A01,7,15,1
201500054928,2015-06-01,2015,juin,lundi,72:5,75,75118,0,0,2,1,3,1,1,4,1,01,-1,-1,000,000,-1,0,5,4,1,33,1,1,2,00,2,1,1,201500054928B01,7,13,1
201500054931,2015-06-05,2015,juin,vendredi,74:5,75,75118,0,0,2,4,3,1,7,4,1,02,1,1,000,050,1,0,1,4,1,45,1,1,2,00,2,7,19,201500054931A01,7,1,1
201500054946,2015-06-02,2015,juin,mardi,10:00,75,75118,0,0,2,2,3,1,1,4,-1,00,1,1,000,000,1,0,1,4,1,32,0,1,2,00,2,0,1,201500054946B01,10,15,1
201500054947,2015-06-16,2015,juin,mardi,90:0,75,75118,0,0,2,5,2,1,1,4,1,02,1,1,000,000,1,0,5,4,1,44,5,1,2,00,2,4,7,201500054947B01,10,7,1
201500054967,2015-07-07,2015,juillet,mardi,21:50,75,75118,0,0,2,1,1,2,1,4,1,01,1,2,000,025,1,0,5,4,1,53,9,1,2,00,2,0,2,201500054967B01,7,2,1
201500054977,2015-07-24,2015,juillet,vendredi,55:,75,75118,0,0,2,7,3,5,1,4,3,04,1,1,000,100,1,0,1,4,1,38,0,1,2,00,2,7,1,201500054977A01,7,1,1
201500054993,2015-08-15,2015,août,samedi,15:55,75,75118,0,0,2,5,6,1,1,4,2,02,1,1,000,080,1,0,1,1,2,35,5,1,2,00,1,1,16,201500054993A01,,,
201500055000,2015-08-24,2015,août,lundi,10:20,75,75118,0,0,2,1,2,1,2,4,2,02,1,-1,000,000,2,0,1,4,1,22,0,1,2,00,2,1,1,201500055000B01,7,20,1
201500055010,2015-09-09,2015,septembre,mercredi,13:30,75,75118,0,0,2,5,2,1,1,4,3,01,1,1,070,050,1,0,1,4,1,24,1,1,2,00,2,6,2,201500055010B01,34,2,1
201500055021,2015-09-24,2015,septembre,jeudi,93:0,75,75118,0,0,2,2,6,1,1,4,1,01,2,1,000,050,1,0,1,4,2,36,2,1,2,00,2,0,1,201500055021A01,7,17,1
201500055022,2015-09-24,2015,septembre,jeudi,14:15,75,75118,0,0,2,1,2,1,1,4,2,02,1,1,000,000,1,0,1,4,1,38,1,1,2,00,2,1,1,201500055022A01,10,23,1
201500055027,2015-09-29,2015,septembre,mardi,93:0,75,75118,0,0,2,1,2,1,1,4,1,01,1,1,000,000,1,0,3,4,1,35,1,1,2,00,2,0,1,201500055027B01,7,22,1
201500055032,2015-10-05,2015,octobre,lundi,18:40,75,75118,0,0,2,2,3,2,3,4,2,04,1,1,000,000,3,0,5,4,1,27,5,1,2,00,2,1,1,201500055032B01,31,15,1