Num_Acc,date,an,mois,jour,hrmn,dep,com,lat,long,agg,int,col,lum,atm,catr,circ,nbv,prof,plan,lartpc,larrout,surf,infra,situ,grav,sexe,age,trajet,secuexist,equipement,obs,obsm,choc,manv,vehiculeid,typevehicules,manoeuvehicules,numVehicules
201500055064,2015-11-09,2015,novembre,lundi,71:5,75,75118,0,0,2,5,7,2,1,4,2,02,2,1,000,000,9,0,5,4,2,64,0,1,2,00,0,0,1,201500055064A01,,,
201500055067,2015-11-10,2015,novembre,mardi,15:40,75,75118,0,0,2,4,6,1,1,4,1,00,-1,-1,000,000,1,0,1,4,1,24,9,1,2,00,2,1,19,201500055067A01,7,1,1
201500055082,2015-11-22,2015,novembre,dimanche,12:45,75,75118,0,0,2,1,1,1,1,4,2,02,1,1,050,030,1,0,0,4,1,48,0,1,2,00,2,1,13,201500055082A01,7,1,1
201500055088,2015-11-28,2015,novembre,samedi,13:40,75,75118,0,0,2,3,2,1,1,4,2,04,1,1,000,000,1,0,1,4,1,50,0,1,2,01,2,1,7,201500055088B01,14,22,1
201500055096,2015-12-03,2015,décembre,jeudi,19:05,75,75118,0,0,2,1,3,5,1,4,2,02,1,1,020,200,1,0,3,4,1,21,1,1,2,00,2,1,14,201500055096A01,7,24,1
201500055118,2015-12-26,2015,décembre,samedi,19:50,75,75118,0,0,2,4,2,5,1,4,2,02,1,1,000,100,1,2,1,4,1,19,5,1,2,00,2,2,7,201500055118A01,38,24,1
201500055130,2015-01-16,2015,janvier,vendredi,63:0,75,75119,0,0,2,1,3,5,1,4,2,02,1,1,000,025,1,0,1,4,1,47,1,1,2,00,2,3,19,201500055130B01,10,1,1
201500055140,2015-01-24,2015,janvier,samedi,16:20,75,75119,0,0,2,3,7,1,1,4,1,01,1,1,000,030,1,0,1,4,2,40,5,1,2,00,0,0,1,201500055140A01,,,
201500055143,2015-01-29,2015,janvier,jeudi,20:07,75,75119,0,0,2,1,6,5,2,4,2,02,1,1,000,000,2,0,1,4,1,21,0,1,2,00,2,2,19,201500055143A01,7,1,1
201500055145,2015-02-04,2015,février,mercredi,14:35,75,75119,0,0,2,4,3,1,1,4,1,01,2,-1,000,045,1,0,4,4,2,9,5,1,2,00,2,4,1,201500055145B01,14,16,1
201500055157,2015-02-23,2015,février,lundi,93:0,75,75119,0,0,2,5,3,1,1,4,2,02,1,1,080,100,2,0,1,3,1,41,1,1,2,00,2,8,1,201500055157B01,10,16,1
201500055159,2015-02-23,2015,février,lundi,15:00,75,75119,0,0,2,1,3,1,2,4,1,01,1,1,000,000,2,0,1,4,1,35,0,1,2,00,2,3,18,201500055159B01,7,20,1
201500055172,2015-03-09,2015,mars,lundi,14:55,75,75119,0,0,2,1,2,1,1,4,2,03,2,2,000,000,1,0,1,4,2,54,5,1,2,00,2,7,23,201500055172B01,10,2,1
201500055173,2015-03-10,2015,mars,mardi,90:0,75,75119,0,0,2,3,3,1,1,4,1,01,1,1,000,040,1,0,5,4,2,42,1,1,2,00,2,1,1,201500055173B01,7,15,1
201500055186,2015-03-31,2015,mars,mardi,93:0,75,75119,0,0,2,1,7,1,2,4,3,02,1,1,080,070,2,0,1,4,1,39,1,1,2,14,0,0,1,201500055186A01,,,
201500055188,2015-03-31,2015,mars,mardi,10:10,75,75119,0,0,2,5,2,1,8,4,2,02,1,1,000,060,2,0,1,4,1,44,1,1,2,00,2,4,1,201500055188B01,10,1,1
201500055197,2015-04-14,2015,avril,mardi,16:45,75,75119,0,0,2,7,3,1,1,4,1,02,1,1,000,000,1,0,5,4,1,67,5,1,2,00,2,8,19,201500055197A01,7,1,1
201500055198,2015-04-15,2015,avril,mercredi,74:0,75,75119,0,0,2,1,6,1,1,4,1,02,1,1,000,000,1,0,1,4,1,34,5,1,2,00,2,1,18,201500055198B01,10,22,1
201500055216,2015-05-05,2015,mai,mardi,18:30,75,75119,0,0,2,2,6,1,1,4,1,01,1,1,000,000,1,0,5,1,1,45,1,1,2,00,1,1,1,201500055216A01,,,
201500055225,2015-05-19,2015,mai,mardi,16:55,75,75119,0,0,2,3,2,1,1,4,2,02,1,1,000,000,1,0,5,4,1,42,4,1,2,00,2,8,15,201500055225A01,1,17,1
201500055225,2015-05-19,2015,mai,mardi,16:55,75,75119,0,0,2,3,2,1,1,4,2,02,1,1,000,000,1,0,5,4,2,30,0,1,2,00,2,7,17,201500055225B01,1,15,1
201500055229,2015-05-22,2015,mai,vendredi,10:00,75,75119,0,0,2,1,7,1,1,4,-1,01,2,1,000,100,1,0,1,3,1,67,1,1,2,00,0,0,1,201500055229A01,,,
201500055232,2015-05-26,2015,mai,mardi,14:50,75,75119,0,0,2,3,3,1,1,4,3,02,1,1,000,000,1,0,5,4,1,34,5,1,2,00,2,3,1,201500055232B01,7,16,1
201500055242,2015-06-09,2015,juin,mardi,17:45,75,75119,0,0,2,3,3,1,8,4,2,03,2,1,000,080,1,0,5,4,1,37,5,1,2,00,2,1,1,201500055242B01,7,16,1
201500055245,2015-06-12,2015,juin,vendredi,20:10,75,75119,0,0,2,7,3,1,1,4,1,03,1,1,000,000,1,0,1,4,1,44,5,1,2,00,2,7,19,201500055245B01,7,1,1
201500055252,2015-07-01,2015,juillet,mercredi,21:45,75,75119,0,0,2,7,3,2,1,4,3,02,1,1,005,050,1,0,5,4,1,45,9,1,2,00,2,8,0,201500055252B01,7,14,1
201500055258,2015-07-28,2015,juillet,mardi,18:20,75,75119,0,0,2,1,3,1,1,4,-1,02,2,1,000,000,1,0,1,4,1,55,5,1,2,01,0,1,1,201500055258B01,7,22,1
201500055270,2015-09-26,2015,septembre,samedi,20:00,75,75119,0,0,2,3,1,5,1,4,2,02,1,1,000,000,1,6,5,1,1,18,4,1,2,00,2,1,1,201500055270B01,1,21,1
201500055270,2015-09-26,2015,septembre,samedi,20:00,75,75119,0,0,2,3,1,5,1,4,2,02,1,1,000,000,1,6,5,3,1,19,5,1,2,00,2,4,21,201500055270A01,1,1,1
201500055279,2015-10-08,2015,octobre,jeudi,17:20,75,75119,0,0,2,3,7,1,1,4,2,01,1,1,000,040,1,0,5,4,2,27,0,1,2,00,0,8,16,201500055279A01,,,
201500055291,2015-06-06,2015,juin,samedi,13:55,75,75119,0,0,2,1,2,1,1,4,2,03,3,3,000,130,1,0,1,4,1,44,5,1,2,00,2,1,1,201500055291B01,7,22,1
201500055294,2015-06-25,2015,juin,jeudi,19:30,75,75119,0,0,2,1,3,1,1,4,-1,02,1,1,000,150,1,0,0,4,1,52,1,1,2,00,2,4,1,201500055294B01,37,14,1
201500055314,2015-07-18,2015,juillet,samedi,11:55,75,75119,0,0,2,3,2,1,1,4,1,04,1,1,020,170,1,2,1,4,1,29,5,1,2,00,2,4,15,201500055314B01,7,1,1
201500055327,2015-08-08,2015,août,samedi,17:40,75,75119,0,0,2,1,3,1,1,4,1,02,1,1,000,090,1,0,5,3,1,70,0,1,2,00,2,3,1,201500055327B01,7,22,1
201500055330,2015-08-28,2015,août,vendredi,20:00,75,75119,0,0,2,3,6,1,1,4,-1,00,1,-1,000,000,1,0,4,3,2,10,5,1,2,00,0,1,1,201500055330A01,,,
201500055337,2015-09-10,2015,septembre,jeudi,19:24,75,75119,0,0,2,3,3,2,1,4,2,02,1,1,000,070,1,0,5,4,1,70,5,1,2,00,2,1,1,201500055337B01,7,22,1
201500055338,2015-09-11,2015,septembre,vendredi,93:0,75,75119,0,0,2,3,3,1,1,4,-1,00,2,1,000,000,1,0,0,4,1,42,0,1,2,00,2,1,1,201500055338B01,7,16,1
201500055345,2015-09-20,2015,septembre,dimanche,20:50,75,75119,0,0,2,1,3,5,1,4,3,01,1,1,000,035,1,0,1,4,1,25,5,1,2,00,2,1,1,201500055345B01,7,22,1
201500055350,2015-09-30,2015,septembre,mercredi,16:40,75,75119,0,0,2,1,6,1,1,4,2,02,1,1,000,000,1,0,5,1,1,39,0,1,2,00,1,0,1,201500055350A01,,,
201500055369,2015-11-03,2015,novembre,mardi,75:0,75,75119,0,0,2,3,5,1,1,4,2,02,1,1,050,080,2,0,1,4,1,23,9,1,2,00,2,8,1,201500055369A01,7,1,2
201500055382,2015-11-17,2015,novembre,mardi,10:20,75,75119,0,0,2,2,7,1,2,4,2,02,2,1,000,020,1,0,5,4,1,35,5,1,2,12,0,1,14,201500055382A01,,,
201500055386,2015-11-27,2015,novembre,vendredi,16:20,75,75119,0,0,2,1,6,1,1,4,1,01,1,1,000,050,1,0,5,1,1,49,0,1,2,00,1,0,1,201500055386A01,,,
201500055395,2015-12-14,2015,décembre,lundi,12:15,75,75119,0,0,2,4,3,1,1,4,1,03,1,1,000,000,1,5,5,4,1,51,0,1,2,00,2,8,19,201500055395B01,7,1,1
201500055409,2015-01-11,2015,janvier,dimanche,16:00,75,75120,0,0,2,1,3,1,1,4,2,02,2,-1,000,030,1,0,5,4,1,39,5,1,2,00,2,8,1,201500055409B01,7,10,1
201500055418,2015-01-19,2015,janvier,lundi,10:45,75,75120,0,0,2,3,3,1,2,4,1,01,1,1,000,000,2,0,5,4,2,59,0,1,2,00,2,7,1,201500055418B01,7,16,1
201500055426,2015-01-22,2015,janvier,jeudi,85:0,75,75120,0,0,2,5,6,1,1,4,2,02,1,1,000,000,1,0,1,4,1,56,1,1,2,00,2,7,1,201500055426A01,33,13,1
201500055465,2015-03-04,2015,mars,mercredi,83:0,75,75120,0,0,2,1,6,1,1,4,1,01,2,1,000,000,1,0,1,1,1,34,1,1,2,00,1,0,1,201500055465A01,,,
201500055469,2015-03-06,2015,mars,vendredi,18:00,75,75120,0,0,2,1,6,1,1,4,3,01,1,1,020,035,1,0,1,4,1,24,5,1,2,00,1,1,7,201500055469A01,,,
201500055470,2015-03-08,2015,mars,dimanche,15:20,75,75120,0,0,2,7,3,1,1,4,2,02,1,1,000,000,1,0,1,1,2,41,5,1,2,00,2,4,1,201500055470B01,7,1,1
201500055479,2015-03-17,2015,mars,mardi,18:45,75,75120,0,0,2,1,7,2,1,4,2,02,2,1,000,050,1,0,1,4,2,23,5,1,2,00,0,1,1,201500055479A01,,,
201500055484,2015-03-24,2015,mars,mardi,93:0,75,75120,0,0,2,1,6,1,1,4,2,02,2,1,000,039,1,0,1,1,1,55,2,1,2,00,1,1,18,201500055484A01,,,
201500055532,2015-05-31,2015,mai,dimanche,23:5,75,75120,0,0,2,1,6,5,1,4,1,01,2,1,000,000,1,0,1,3,1,28,5,1,2,01,0,1,1,201500055532A01,,,
201500055540,2015-06-09,2015,juin,mardi,18:35,75,75120,0,0,2,1,6,1,1,4,-1,01,-1,-1,000,000,-1,0,0,3,1,50,0,1,2,00,1,0,1,201500055540A01,,,
201500055553,2015-06-23,2015,juin,mardi,90:0,75,75120,0,0,2,1,3,1,1,4,1,01,1,-1,000,000,1,0,5,4,1,39,0,1,2,00,2,0,1,201500055553B01,34,16,1
201500055554,2015-06-25,2015,juin,jeudi,82:0,75,75120,0,0,2,2,1,1,1,4,3,02,1,1,000,080,1,0,1,4,1,50,1,1,2,00,2,1,1,201500055554B01,10,15,1
201500055559,2015-06-30,2015,juin,mardi,20:45,75,75120,0,0,2,1,2,2,1,4,1,01,1,1,000,000,1,0,1,4,2,29,0,1,2,00,2,2,1,201500055559A01,7,1,1
201500055571,2015-07-14,2015,juillet,mardi,11:0,75,75120,0,0,2,2,3,5,1,4,2,00,1,1,000,000,1,0,1,4,1,63,9,1,2,00,2,0,16,201500055571A01,7,15,1
201500055576,2015-07-27,2015,juillet,lundi,21:30,75,75120,0,0,2,1,1,2,1,4,1,01,1,3,000,030,1,0,5,4,1,32,0,1,2,00,2,1,5,201500055576B01,7,1,1
201500055578,2015-07-31,2015,juillet,vendredi,13:00,75,75120,0,0,2,1,3,1,1,4,2,02,1,1,000,070,1,0,1,4,1,15,5,1,2,00,2,0,17,201500055578B01,10,13,1
201500055579,2015-08-01,2015,août,samedi,16:30,75,75120,0,0,2,1,6,1,1,4,1,02,2,1,000,050,1,0,1,4,1,45,5,1,2,00,2,1,1,201500055579A01,2,5,1
201500055598,2015-09-07,2015,septembre,lundi,10:45,75,75120,0,0,2,1,7,1,1,4,1,01,2,1,000,050,8,0,1,4,1,52,0,1,2,00,0,0,1,201500055598A01,,,
201500055616,2015-09-22,2015,septembre,mardi,14:55,75,75120,0,0,2,1,4,1,2,4,1,00,1,1,000,000,2,0,0,4,1,40,1,1,2,01,2,9,7,201500055616B01,14/ 7,7/24,2
201500055653,2015-11-04,2015,novembre,mercredi,74:5,75,75120,0,0,2,2,3,2,2,4,2,02,2,1,120,080,2,0,1,1,1,24,0,1,2,00,2,1,15,201500055653A01,31,1,1
201500055669,2015-11-23,2015,novembre,lundi,10:50,75,75120,0,0,2,1,6,1,1,4,2,02,1,1,000,080,-1,0,1,3,1,66,0,1,2,00,2,0,1,201500055669A01,7,10,1
201500055683,2015-12-20,2015,décembre,dimanche,14:50,75,75120,0,0,2,1,6,1,1,4,2,02,1,1,000,050,1,0,1,4,1,53,1,1,2,00,2,4,2,201500055683B01,7,2,1
201500055729,2015-02-03,2015,février,mardi,12:05,75,75114,0,0,2,7,2,1,1,4,2,02,1,1,000,054,1,5,1,3,1,51,5,1,2,00,2,4,2,201500055729B01,7,2,1
201500055746,2015-02-22,2015,février,dimanche,18:00,75,75112,0,0,2,5,6,2,2,4,2,02,1,1,000,129,1,0,1,3,1,41,5,1,2,00,2,1,1,201500055746B01,10/ 7,5/1,2
201500055750,2015-02-26,2015,février,jeudi,18:19,75,75117,0,0,2,7,3,2,3,4,2,06,1,1,000,230,2,0,1,4,1,34,5,1,2,00,2,7,19,201500055750B01,7,1,1
201500055780,2015-04-01,2015,avril,mercredi,23:40,75,75108,0,0,2,3,3,5,1,4,1,03,1,1,000,096,1,0,1,2,1,40,0,1,2,00,2,1,1,201500055780A01,7,1,1
201500055824,2015-05-14,2015,mai,jeudi,20:40,75,75120,0,0,2,1,2,5,2,4,2,02,2,1,000,104,2,0,1,3,1,60,0,1,2,00,2,4,15,201500055824B01,33,1,1
201500055841,2015-05-30,2015,mai,samedi,15:54,75,75118,0,0,2,1,6,1,1,4,1,01,2,1,000,052,1,0,1,4,1,37,4,1,2,00,1,1,1,201500055841A01,,,
201500055844,2015-06-02,2015,juin,mardi,71:8,75,75111,0,0,2,7,3,1,1,4,1,01,1,2,000,100,1,5,1,2,1,29,1,1,2,00,2,1,1,201500055844A01,7,1,1
201500055849,2015-06-05,2015,juin,vendredi,17:50,75,75115,0,0,2,1,7,1,1,4,2,01,1,1,000,037,1,0,1,4,1,58,1,1,2,03,0,3,14,201500055849A01,,,
201500055866,2015-06-16,2015,juin,mardi,91:5,75,75105,0,0,2,2,3,1,1,4,1,03,1,1,000,107,1,0,1,4,1,27,0,1,2,00,2,8,1,201500055866B01,15,16,1
201500055867,2015-06-16,2015,juin,mardi,18:54,75,75115,0,0,2,1,6,1,1,4,2,04,2,1,000,116,1,0,1,1,1,28,9,1,2,00,1,8,1,201500055867A01,,,
201500055884,2015-06-29,2015,juin,lundi,11:10,75,75108,0,0,2,1,6,1,1,4,2,02,2,1,000,120,1,0,1,1,1,19,5,1,2,00,1,1,1,201500055884A01,,,
201500055885,2015-06-27,2015,juin,samedi,14:20,75,75118,48.53181,2.2107,2,2,2,1,1,4,1,01,1,1,000,036,1,0,1,4,1,25,4,1,2,00,0,7,18,201500055885B01,7,22,1
201500055887,2015-06-25,2015,juin,jeudi,21:26,75,75114,0,0,2,1,6,1,1,4,3,02,1,1,095,115,1,0,1,3,1,45,5,1,2,00,0,0,0,201500055887C01,17,0,1
201500055887,2015-06-25,2015,juin,jeudi,21:26,75,75114,0,0,2,1,6,1,1,4,3,02,1,1,095,115,1,0,1,4,1,32,0,1,2,00,0,0,0,201500055887B01,17,0,1
201500055906,2015-07-15,2015,juillet,mercredi,12:52,75,75112,0,0,2,5,5,1,1,4,-1,00,1,1,000,109,1,0,0,3,1,60,0,1,2,00,2,1,1,201500055906A01,7/ 33,23/1,2
201500055909,2015-07-18,2015,juillet,samedi,21:7,75,75104,0,0,2,2,3,5,1,4,1,03,1,1,000,118,1,0,1,3,1,35,5,1,2,00,2,0,18,201500055909B01,10,16,1
201500055936,2015-08-17,2015,août,lundi,83:9,75,75109,0,0,2,2,3,1,1,4,1,01,1,1,000,072,1,5,1,2,2,35,0,1,2,00,2,3,1,201500055936B01,14,16,1
201500055950,2015-08-31,2015,août,lundi,19:00,75,75105,0,0,2,7,7,1,1,4,4,00,1,1,000,000,1,0,4,3,2,28,9,1,2,15,0,0,0,201500055950A01,,,
201500055958,2015-09-09,2015,septembre,mercredi,14:45,75,75114,0,0,2,1,3,1,1,4,3,02,1,-1,000,052,1,0,5,3,1,63,0,1,2,00,2,0,5,201500055958B01,10,9,1
201500055962,2015-09-11,2015,septembre,vendredi,13:20,75,75107,0,0,2,1,3,1,1,4,2,06,1,2,000,103,1,0,5,4,2,57,0,1,2,00,2,8,1,201500055962B01,14,12,1
201500055978,2015-09-24,2015,septembre,jeudi,90:3,75,75106,0,0,2,5,3,1,1,4,1,01,1,1,000,164,1,0,1,3,2,36,0,1,2,00,2,8,18,201500055978B01,14,16,1
201500055986,2015-09-30,2015,septembre,mercredi,10:20,75,75116,0,0,2,7,3,1,1,4,2,04,2,1,021,185,8,0,1,4,2,62,5,1,2,00,2,8,1,201500055986B01,32,14,1
201500055994,2015-10-08,2015,octobre,jeudi,84:0,75,75117,48.88077,2.30911,2,7,1,1,1,4,1,01,1,-1,000,181,1,0,1,2,1,33,1,1,2,00,2,8,5,201500055994B01,33,1,1
201500055998,2015-10-15,2015,octobre,jeudi,16:37,75,75115,0,0,2,5,3,1,1,4,2,02,1,1,000,069,1,0,1,4,2,29,4,1,2,00,2,1,1,201500055998A01,7,1,1
201500056013,2015-10-29,2015,octobre,jeudi,19:33,75,75115,0,0,2,1,2,2,1,4,2,02,1,1,000,100,1,0,5,3,1,28,0,1,2,00,2,1,2,201500056013B01,7,15,1
201500056056,2015-12-03,2015,décembre,jeudi,90:8,75,75114,0,0,2,2,3,1,1,4,1,04,1,1,000,150,1,0,1,4,1,74,5,1,2,00,2,0,18,201500056056B01,13,16,1
201500056060,2015-12-06,2015,décembre,dimanche,22:25,75,75119,0,0,2,2,3,5,1,4,2,02,1,1,000,078,1,0,1,4,1,25,5,1,2,00,2,3,1,201500056060B01,7,1,1
201500056062,2015-12-07,2015,décembre,lundi,18:09,75,75108,0,0,2,7,3,5,1,4,2,05,1,1,000,147,1,5,1,3,2,55,5,1,2,00,2,6,18,201500056062B01,37,16,1
201500056076,2015-12-18,2015,décembre,vendredi,16:00,75,75115,0,0,2,3,3,1,1,4,1,01,1,1,000,040,1,0,1,4,1,40,1,1,2,00,2,5,1,201500056076B01,7,22,1
201500056078,2015-12-18,2015,décembre,vendredi,21:59,75,75105,0,0,2,2,3,5,1,4,2,04,1,1,000,145,1,0,1,4,1,29,5,1,2,00,2,5,13,201500056078A01,7,23,1
201500056079,2015-12-20,2015,décembre,dimanche,19:30,75,75109,0,0,2,7,3,5,1,4,1,02,1,1,000,096,1,0,1,3,2,65,5,1,2,00,2,7,19,201500056079B01,7,16,1
201500056190,2015-03-25,2015,mars,mercredi,15:30,75,75118,0,0,2,4,3,1,1,4,1,02,1,3,015,070,1,3,1,4,2,30,5,1,2,00,2,3,15,201500056190A01,7,1,1
201500056615,2015-04-12,2015,avril,dimanche,14:45,972,97219,0,-0,2,3,1,1,1,3,2,02,1,1,000,052,1,0,1,3,2,9,5,1,2,00,2,8,19,201500056615B02,10,1,1
201500056654,2015-07-13,2015,juillet,lundi,19:00,972,97228,0,-0,1,1,3,5,1,2,2,02,-1,1,000,055,1,5,1,3,1,18,5,1,4,00,2,1,19,201500056654B02,7,1,1
201500056661,2015-04-29,2015,avril,mercredi,10:30,971,97104,0,-0,2,1,6,1,1,9,2,00,2,3,000,046,1,0,1,2,1,59,0,1,2,06,0,1,13,201500056661A01,,,
201500056667,2015-07-14,2015,juillet,mardi,13:15,971,97134,0,-0,1,1,7,1,1,4,2,01,-1,3,000,000,1,0,0,3,1,15,5,1,1,00,0,0,19,201500056667A01,,,
201500056721,2015-01-12,2015,janvier,lundi,19:00,971,97129,0,-0,1,1,2,3,1,4,2,00,-1,1,000,042,1,0,1,4,1,22,5,1,1,00,0,4,2,201500056721B02,30,2,1
201500056729,2015-07-29,2015,juillet,mercredi,18:45,971,97129,0,-0,2,1,6,2,1,4,2,00,1,1,000,072,1,0,1,3,1,15,5,1,9,00,2,0,15,201500056729A01,,,
201500056731,2015-09-29,2015,septembre,mardi,16:15,971,97129,0,-0,1,2,3,1,1,2,2,02,-1,1,000,070,1,0,1,4,1,57,5,1,1,00,2,8,13,201500056731B02,32,0,1
201500056762,2015-08-03,2015,août,lundi,12:30,971,97122,0,-0,2,1,1,1,1,2,2,00,-1,3,060,000,-1,0,1,3,1,20,1,1,2,01,0,1,13,201500056762B02,33,23,1
201500056770,2015-01-19,2015,janvier,lundi,17:00,971,97125,0,-0,2,1,1,1,1,3,2,02,2,1,071,035,1,5,1,3,1,43,5,1,1,00,2,1,1,201500056770B02,7,1,1
201500056774,2015-07-29,2015,juillet,mercredi,17:45,971,97125,0,-0,2,3,3,1,1,2,-1,02,-1,1,060,000,1,0,1,4,1,50,5,1,2,00,2,7,0,201500056774A01,7,15,1
201500056783,2015-06-17,2015,juin,mercredi,10:15,971,97128,0,-0,1,1,7,1,1,4,2,00,2,1,000,026,1,0,3,3,1,3,5,1,2,06,0,4,13,201500056783A01,,,
201500056806,2015-12-30,2015,décembre,mercredi,16:15,971,97116,0,-0,1,1,3,1,8,2,2,02,2,1,000,070,2,0,2,4,1,53,5,1,2,00,2,1,1,201500056806B02,7,15,1
201500056808,2015-02-07,2015,février,samedi,94:5,973,97305,0,-0,1,1,5,1,1,2,2,02,1,1,000,070,1,0,1,3,1,56,5,1,1,00,0,4,2,201500056808B02,7,2/0,5
201500056833,2015-09-13,2015,septembre,dimanche,18:15,973,97312,0,-0,2,1,2,2,1,4,2,00,1,1,000,060,1,0,1,4,2,9,5,1,2,00,2,8,10,201500056833B02,10,1,1
201500056861,2015-12-05,2015,décembre,samedi,20:00,973,97311,0,-0,1,1,2,3,1,3,2,00,1,1,000,059,1,0,1,3,1,39,9,1,4,00,2,4,12,201500056861B02,7,1,1
201500056864,2015-02-22,2015,février,dimanche,16:30,973,97306,0,-0,1,1,2,1,1,2,2,02,1,1,000,061,1,0,1,2,1,38,5,1,1,00,2,4,1,201500056864B02,14,1,1
201500056880,2015-10-16,2015,octobre,vendredi,16:15,974,97408,-0,0,1,1,3,1,1,3,2,00,2,4,000,035,1,0,1,3,1,13,5,1,2,00,0,1,1,201500056880B02,7,1,1
201500056884,2015-01-26,2015,janvier,lundi,17:30,974,97418,-20.89714,55.56664,2,3,1,1,1,4,,,,,,,,,,3,1,10,5,1,2,00,2,3,19,201500056884A01,7,1,1
201500056885,2015-01-27,2015,janvier,mardi,70:0,974,97418,-20.9111,55.51791,1,6,3,1,1,3,2,02,1,2,110,170,1,5,1,3,1,55,5,1,2,00,2,2,9,201500056885B02,10,9,1
201500056886,2015-02-26,2015,février,jeudi,20:00,974,97418,-20.89742,55.54883,2,1,2,5,1,3,2,02,-1,1,000,103,1,0,1,3,1,18,9,1,4,00,0,4,2,201500056886B02,30,2,1
201500056895,2015-06-12,2015,juin,vendredi,17:30,974,97418,-0,0,2,1,1,2,1,4,2,00,1,-1,000,065,1,0,1,3,1,26,5,1,2,00,2,3,1,201500056895B02,10,15,1
201500056917,2015-05-15,2015,mai,vendredi,17:15,974,97419,-21.2,55.79999,1,1,3,2,2,2,2,01,-1,3,000,062,2,0,1,3,1,53,5,1,2,00,2,8,1,201500056917B02,37,1,1
201500056928,2015-07-04,2015,juillet,samedi,83:0,974,97415,-0,0,1,9,1,3,1,2,3,00,1,1,000,000,1,0,1,2,1,34,5,1,4,00,0,0,0,201500056928B02,7,1,1
201500056956,2015-07-14,2015,juillet,mardi,20:15,974,97415,-0,0,1,1,1,5,1,3,2,02,-1,2,000,000,1,0,1,3,1,16,5,1,4,00,2,1,13,201500056956B02,10,1,1
201500056959,2015-04-15,2015,avril,mercredi,17:45,974,97423,-21.11897,55.29756,1,1,1,2,8,4,2,02,2,3,000,044,1,0,1,3,1,18,5,1,1,00,2,1,13,201500056959B02,7,1,1
201500056970,2015-05-24,2015,mai,dimanche,18:15,974,97403,-0,0,2,1,3,2,1,3,2,02,2,1,000,000,1,5,1,3,1,14,5,1,4,00,2,1,1,201500056970B02,7,15,1
201500056979,2015-08-01,2015,août,samedi,19:00,974,97422,-21.22552,55.53091,2,1,6,3,1,4,2,00,2,3,060,060,1,0,1,3,2,32,5,1,4,12,0,1,1,201500056979A01,,,
201500056983,2015-12-14,2015,décembre,lundi,16:00,974,97405,-21.33756,55.54834,1,1,1,1,1,3,2,02,2,1,000,064,1,0,1,3,1,41,5,1,1,00,2,4,1,201500056983B02,10,15,1
201500056995,2015-12-11,2015,décembre,vendredi,10:45,974,97412,-21.36935,55.57528,2,1,7,1,1,4,2,00,2,1,000,030,1,0,1,3,1,51,5,1,1,12,0,1,1,201500056995A01,,,
201500057042,2015-07-26,2015,juillet,dimanche,12:00,971,97103,0,-0,1,1,2,1,1,2,2,02,-1,2,000,070,1,0,1,2,1,53,5,1,2,00,0,4,1,201500057042B02,7,2,1
201500057077,2015-09-09,2015,septembre,mercredi,17:00,973,97309,0,-0,2,1,3,1,1,2,2,02,1,1,000,000,1,0,0,3,1,34,1,1,2,00,2,3,1,201500057077B02,7,15,1
201500057079,2015-10-03,2015,octobre,samedi,17:30,973,97309,0,-0,2,1,1,1,1,3,2,00,-1,1,000,063,1,0,1,3,1,15,5,1,8,00,0,1,5,201500057079B02,7,1,1
201500057100,2015-11-16,2015,novembre,lundi,16:00,973,97307,0,-0,2,1,1,1,1,4,2,02,1,1,000,030,1,0,3,3,2,10,2,1,1,13,0,1,1,201500057100B02,1,1,1
201500057100,2015-11-16,2015,novembre,lundi,16:00,973,97307,0,-0,2,1,1,1,1,4,2,02,1,1,000,030,1,0,3,3,2,10,2,1,8,13,0,1,1,201500057100A01,1,1,1
201500057129,2015-06-28,2015,juin,dimanche,11:30,974,97418,-20.92259,55.56972,1,1,6,1,1,3,2,02,2,1,000,073,1,0,3,3,1,53,5,1,1,00,0,2,1,201500057129A01,,,
201500057132,2015-01-15,2015,janvier,jeudi,20:15,971,97132,0,-0,2,1,1,5,1,3,2,02,3,1,000,054,1,0,1,2,1,20,5,1,2,00,2,0,0,201500057132B02,7,1,1
201500057133,2015-01-31,2015,janvier,samedi,11:00,971,97132,0,-0,2,1,3,1,1,4,1,00,2,1,000,030,1,0,1,4,1,26,5,1,2,00,2,2,17,201500057133A01,7,15,1
201500057149,2015-12-22,2015,décembre,mardi,23:45,974,97414,-0,0,1,1,1,3,1,4,2,00,2,1,000,060,1,0,1,3,1,16,0,1,2,00,0,1,1,201500057149B02,7,15,1
201500057170,2015-01-28,2015,janvier,mercredi,16:45,972,97206,0,-0,1,1,3,1,1,3,2,03,2,1,000,140,1,0,1,3,1,20,5,1,2,00,2,8,10,201500057170B02,7,1,1
201500057180,2015-12-09,2015,décembre,mercredi,16:00,972,97221,0,-0,1,1,1,1,1,3,2,02,2,2,000,072,1,0,1,3,1,19,5,1,2,00,2,1,16,201500057180B02,14,1,1
201500057198,2015-11-01,2015,novembre,dimanche,18:15,972,97222,0,-0,1,1,1,3,1,4,2,00,2,2,000,037,1,0,1,2,1,14,5,1,4,00,2,1,5,201500057198A01,30,1,1
201500057198,2015-11-01,2015,novembre,dimanche,18:15,972,97222,0,-0,1,1,1,3,1,4,2,00,2,2,000,037,1,0,1,4,1,18,0,1,4,00,2,1,5,201500057198A01,30,1,1
201500057202,2015-04-15,2015,avril,mercredi,93:0,974,97422,-21.2786,55.50489,2,1,1,1,1,4,1,00,-1,1,000,000,1,0,1,4,1,11,5,1,1,00,2,8,5,201500057202A01,7,1,1