Num_Acc,date,an,mois,jour,hrmn,dep,com,lat,long,agg,int,col,lum,atm,catr,circ,nbv,prof,plan,lartpc,larrout,surf,infra,situ,grav,sexe,age,trajet,secuexist,equipement,obs,obsm,choc,manv,vehiculeid,typevehicules,manoeuvehicules,numVehicules
201500057203,2015-05-10,2015,mai,dimanche,18:30,974,97422,-21.26023,55.52189,2,1,1,3,1,4,2,00,2,1,000,061,2,0,1,2,1,26,0,1,1,00,0,0,23,201500057203B02,7,1,1
201500057226,2015-06-07,2015,juin,dimanche,20:30,971,97107,0,-0,2,3,3,5,1,9,-1,01,-1,-1,000,000,-1,0,1,4,1,8,0,1,9,00,2,4,15,201500057226B01,7,1,1
201500057269,2015-05-03,2015,mai,dimanche,22:20,971,97101,0,-0,1,1,1,1,1,3,-1,00,1,1,000,000,1,0,1,3,1,20,5,1,2,00,2,1,1,201500057269B01,7,15,1
201500057272,2015-02-28,2015,février,samedi,10:30,971,97101,0,-0,2,1,3,1,1,3,1,02,1,1,000,000,1,3,1,3,1,59,0,1,9,00,2,8,11,201500057272A01,7,2,1
201500057275,2015-05-22,2015,mai,vendredi,17:10,971,97101,0,-0,2,3,5,1,1,3,2,02,1,1,000,000,1,0,1,3,1,20,0,1,2,00,2,0,0,201500057275C01,7,1,2
201500057277,2015-05-22,2015,mai,vendredi,23:45,971,97120,0,-0,2,1,3,3,1,3,2,02,1,1,000,000,1,0,1,4,1,41,0,1,2,00,0,0,0,201500057277B01,13,15,1
201500057277,2015-05-22,2015,mai,vendredi,23:45,971,97120,0,-0,2,1,3,3,1,3,2,02,1,1,000,000,1,0,1,1,2,25,0,1,9,00,0,0,0,201500057277B01,13,15,1
201500057278,2015-03-10,2015,mars,mardi,17:50,971,97113,0,-0,2,2,1,2,1,2,2,03,1,1,000,070,1,0,1,4,1,39,0,1,2,00,2,0,0,201500057278A01,7,16,1
201500057283,2015-05-26,2015,mai,mardi,19:00,971,97101,0,-0,2,1,2,5,1,4,2,02,-1,-1,000,000,-1,0,1,3,1,45,0,1,2,00,0,0,0,201500057283B01,7,0,1
201500057313,2015-08-03,2015,août,lundi,22:02,971,97101,0,-0,2,1,1,3,1,3,2,02,2,1,000,056,1,0,1,2,1,20,0,1,2,00,2,1,13,201500057313B01,7,1,1
201500057314,2015-08-05,2015,août,mercredi,13:00,971,97120,0,-0,1,6,2,1,1,3,1,02,1,1,000,000,1,0,1,3,1,20,1,1,9,00,0,0,0,201500057314A01,7,0,1
201500057327,2015-10-02,2015,octobre,vendredi,13:30,971,97101,0,-0,1,3,3,1,1,4,2,02,-1,-1,000,000,-1,0,1,3,1,23,0,1,9,00,2,1,15,201500057327B01,7,1,1
201500057328,2015-10-20,2015,octobre,mardi,22:37,971,97101,0,-0,2,1,3,5,1,3,2,00,1,1,000,000,1,0,0,3,1,21,0,1,2,00,2,1,1,201500057328B01,7,1,1
201500057332,2015-11-13,2015,novembre,vendredi,13:50,971,97113,0,-0,2,3,3,1,1,3,1,00,1,1,000,000,1,0,1,4,1,14,5,1,2,00,2,0,19,201500057332A01,7,16,1
201500057341,2015-11-28,2015,novembre,samedi,33:0,971,97113,0,-0,2,1,7,5,1,2,2,00,1,1,000,000,1,0,3,1,1,20,5,1,9,00,0,0,0,201500057341A01,,,
201500057341,2015-11-28,2015,novembre,samedi,33:0,971,97113,0,-0,2,1,7,5,1,2,2,00,1,1,000,000,1,0,3,4,1,25,5,1,9,00,0,0,0,201500057341A01,,,
201500057350,2015-12-12,2015,décembre,samedi,15:00,971,97111,0,-0,2,2,1,1,3,3,2,02,2,1,000,000,1,0,1,4,1,8,5,1,9,00,2,7,10,201500057350B01,7,1,1
201500057353,2015-12-26,2015,décembre,samedi,19:10,971,97113,0,-0,1,3,3,5,1,3,2,02,-1,-1,000,000,-1,0,1,3,1,19,5,1,2,00,2,1,18,201500057353A01,7,15,1
201500057355,2015-12-25,2015,décembre,vendredi,19:00,971,97101,0,-0,1,1,1,1,1,3,2,00,1,1,000,000,2,5,1,3,1,19,0,1,2,00,0,0,0,201500057355A01,7,0,1
201500057359,2015-04-04,2015,avril,samedi,19:30,972,97209,0,-0,1,1,7,5,1,3,2,02,1,1,000,000,-1,0,1,4,1,17,5,1,4,03,0,2,14,201500057359Z01,,,
201500057359,2015-04-04,2015,avril,samedi,19:30,972,97209,0,-0,1,1,7,5,1,3,2,02,1,1,000,000,-1,0,1,4,1,16,5,1,4,03,0,2,14,201500057359Z01,,,
201500057395,2015-05-26,2015,mai,mardi,17:40,972,97209,0,-0,1,1,2,1,1,2,2,02,2,4,000,060,1,0,1,3,1,35,5,1,9,00,2,4,1,201500057395B01,7,2,1
201500057426,2015-08-09,2015,août,dimanche,91:0,972,97209,0,-0,2,6,1,1,1,2,3,02,2,1,000,000,1,0,1,4,1,42,5,1,4,00,2,7,1,201500057426B01,7,9,1
201500057438,2015-09-13,2015,septembre,dimanche,17:40,972,97209,14.63583,-61.07139,1,1,6,1,1,4,2,02,2,4,000,000,1,0,1,4,1,17,5,1,4,00,2,1,1,201500057438B01,7,0,1
201500057441,2015-09-15,2015,septembre,mardi,12:12,972,97209,14.60359,-61.07442,2,1,1,1,1,2,2,03,1,1,000,000,1,0,1,3,1,27,1,1,4,00,2,1,1,201500057441B01,7,15,1
201500057442,2015-09-16,2015,septembre,mercredi,19:35,972,97209,14.63091,-61.04224,2,1,6,5,1,3,2,02,2,4,000,000,1,0,1,4,1,19,5,1,4,00,2,1,1,201500057442B01,7,12,1
201500057448,2015-10-04,2015,octobre,dimanche,16:50,972,97209,14.60227,-61.07586,2,1,6,1,1,4,2,02,1,1,000,000,1,0,1,1,1,15,5,1,4,00,2,1,2,201500057448A01,7,1,1
201500057448,2015-10-04,2015,octobre,dimanche,16:50,972,97209,14.60227,-61.07586,2,1,6,1,1,4,2,02,1,1,000,000,1,0,1,4,1,26,5,1,2,00,2,1,2,201500057448A01,7,1,1
201500057485,2015-04-24,2015,avril,vendredi,21:30,972,97213,0,-0,2,1,6,5,1,4,1,01,1,1,000,000,1,6,1,4,2,10,5,1,8,00,1,0,0,201500057485Z01,,,
201500057488,2015-11-24,2015,novembre,mardi,17:56,972,97213,0,-0,1,1,3,1,1,2,3,04,1,2,000,000,1,0,1,4,1,46,0,1,9,00,9,4,1,201500057488B01,13,1,1
201500057533,2015-06-05,2015,juin,vendredi,21:15,972,97213,0,-0,1,1,6,3,1,2,3,04,1,1,000,000,1,2,1,4,1,58,9,1,9,00,0,0,19,201500057533B01,99,0,1
201500057552,2015-07-27,2015,juillet,lundi,17:30,972,97213,0,-0,2,1,6,1,1,4,2,02,1,1,000,000,1,0,1,4,1,16,0,1,2,00,2,0,1,201500057552B01,7,13,1
201500057568,2015-10-03,2015,octobre,samedi,64:5,972,97213,0,-0,1,1,6,1,1,5,2,02,1,1,000,000,1,0,1,4,1,52,5,1,2,00,1,1,13,201500057568A01,,,
201500057568,2015-10-03,2015,octobre,samedi,64:5,972,97213,0,-0,1,1,6,1,1,5,2,02,1,1,000,000,1,0,1,4,1,63,5,1,9,00,1,1,13,201500057568A01,,,
201500057592,2015-04-10,2015,avril,vendredi,18:59,973,97302,0,-0,1,1,1,5,1,4,1,01,-1,-1,000,000,-1,0,1,4,1,9,0,1,2,00,0,0,0,201500057592B01,7,1,1
201500057596,2015-04-19,2015,avril,dimanche,10:05,973,97302,0,-0,1,1,3,1,1,4,-1,02,1,1,000,080,1,0,0,3,2,58,0,1,2,01,0,1,1,201500057596B01,7,15,1
201500057600,2015-04-22,2015,avril,mercredi,12:40,973,97302,0,-0,2,1,3,1,1,4,2,00,1,2,000,060,1,0,1,4,1,40,0,1,2,00,2,1,1,201500057600B01,7,16,1
201500057613,2015-05-04,2015,mai,lundi,94:0,973,97302,4.93381,-52.33311,2,2,3,1,1,4,1,02,-1,1,000,000,1,0,1,4,1,51,0,1,2,00,2,1,1,201500057613B01,7,1,1
201500057614,2015-05-06,2015,mai,mercredi,11:55,973,97302,4.90659,-52.31524,1,1,1,1,1,2,2,01,1,-1,000,100,1,0,1,3,1,62,0,1,9,00,2,8,5,201500057614A01,7,9,1
201500057623,2015-05-13,2015,mai,mercredi,18:00,973,97302,4.91513,-52.32658,2,1,3,1,1,4,1,01,1,-1,000,000,1,0,0,3,1,9,0,1,9,00,0,4,0,201500057623B01,30,0,1
201500057628,2015-05-19,2015,mai,mardi,82:7,973,97302,4.92208,-52.30401,1,1,2,1,1,4,-1,00,1,-1,000,060,1,0,0,3,1,53,0,1,9,00,2,1,0,201500057628B01,7,0,1
201500057645,2015-05-27,2015,mai,mercredi,20:50,973,97302,4.93377,-52.33308,1,1,3,5,1,4,1,01,1,1,000,098,1,0,1,3,1,29,0,1,4,00,2,8,19,201500057645B01,7,15,1
201500057662,2015-06-16,2015,juin,mardi,75:0,973,97302,4.92227,-52.32314,2,1,3,1,3,4,2,01,1,1,000,060,3,0,1,3,2,25,1,1,4,00,2,0,1,201500057662B01,7,1,1
201500057665,2015-06-23,2015,juin,mardi,15:12,973,97302,4.92297,-52.31954,1,1,3,1,1,4,2,02,1,1,000,060,1,0,1,3,1,4,0,1,9,00,2,8,9,201500057665B01,7,1,1
201500057678,2015-06-30,2015,juin,mardi,16:45,973,97302,4.91749,-52.31283,1,1,3,1,1,4,2,02,1,1,000,070,1,0,1,3,1,51,0,1,4,00,2,8,16,201500057678B01,10,16,1
201500057682,2015-07-05,2015,juillet,dimanche,23:45,973,97302,4.90224,-52.30544,2,1,3,4,1,4,-1,01,1,3,000,060,1,0,1,3,1,24,0,1,2,00,0,0,0,201500057682B01,7,1,1
201500057682,2015-07-05,2015,juillet,dimanche,23:45,973,97302,4.90224,-52.30544,2,1,3,4,1,4,-1,01,1,3,000,060,1,0,1,1,1,27,0,1,2,00,0,0,0,201500057682B01,7,1,1
201500057714,2015-02-17,2015,février,mardi,92:0,973,97302,0,-0,2,1,2,1,2,4,1,00,1,-1,000,060,2,0,1,3,1,56,0,1,4,00,2,4,0,201500057714B01,7,0,1
201500057716,2015-08-14,2015,août,vendredi,22:40,973,97302,4.93214,-52.31984,2,3,1,4,1,4,2,02,1,-1,000,000,-1,0,1,3,1,35,5,1,9,00,0,0,0,201500057716B01,2,2,1
201500057723,2015-08-23,2015,août,dimanche,10:50,973,97302,4.91641,-52.33075,2,1,1,1,1,4,2,02,1,-1,000,000,1,0,0,3,2,12,0,1,9,00,0,0,0,201500057723A01,7,15,1
201500057728,2015-08-29,2015,août,samedi,17:33,973,97302,0,-0,2,1,7,1,1,4,-1,00,1,-1,000,100,1,0,1,3,1,15,0,1,9,00,1,1,0,201500057728A01,,,
201500057759,2015-10-02,2015,octobre,vendredi,63:6,973,97302,0,-0,1,1,6,1,1,4,2,00,1,1,000,060,1,0,1,4,2,13,2,1,2,00,2,8,19,201500057759B01,2,1,1
201500057765,2015-10-05,2015,octobre,lundi,19:40,973,97302,4.90805,-52.32129,2,6,3,5,1,2,-1,00,1,-1,000,060,1,0,0,4,1,16,5,1,9,00,2,1,1,201500057765B01,7,0,1
201500057781,2015-09-09,2015,septembre,mercredi,10:00,973,97302,4.90652,-52.31635,1,3,6,1,1,1,-1,02,1,1,030,030,1,0,1,4,2,36,0,1,2,00,0,0,0,201500057781B01,7,0,1
201500057786,2015-08-25,2015,août,mardi,94:5,973,97302,4.90505,-52.32344,1,1,3,1,1,4,1,02,1,3,030,030,1,0,1,4,1,47,9,1,2,00,2,8,2,201500057786B01,7,2,1
201500057791,2015-10-23,2015,octobre,vendredi,15:20,973,97302,0,-0,2,1,6,1,1,4,2,01,1,1,060,060,1,0,1,4,1,75,5,1,9,00,2,6,0,201500057791B01,7,2,1
201500057799,2015-10-27,2015,octobre,mardi,15:20,973,97302,4.91249,-52.3199,2,1,7,1,1,4,2,01,1,-1,030,030,1,0,1,3,1,20,0,1,2,14,0,1,0,201500057799A01,,,
201500057812,2015-11-05,2015,novembre,jeudi,18:00,973,97302,0,-0,1,1,3,1,1,4,2,01,1,1,000,070,1,0,1,3,2,48,5,1,2,00,2,8,19,201500057812B01,2,1,1
201500057846,2015-12-10,2015,décembre,jeudi,12:10,973,97302,0,-0,2,3,3,1,1,4,2,01,1,-1,060,060,1,0,1,3,1,12,9,1,9,00,2,1,19,201500057846A01,7,0,1
201500057855,2015-12-15,2015,décembre,mardi,14:15,973,97302,4.93836,-52.29899,2,1,2,1,1,4,-1,02,1,-1,000,070,1,0,1,3,1,20,0,1,9,00,2,1,1,201500057855A01,7,24,1
201500057858,2015-12-16,2015,décembre,mercredi,18:05,973,97302,0,-0,1,2,3,2,1,3,2,00,-1,-1,000,000,-1,0,1,4,1,19,0,1,2,00,2,7,0,201500057858B01,7,0,1
201500057860,2015-12-18,2015,décembre,vendredi,14:20,973,97302,4.94349,-52.30696,2,1,2,1,1,3,2,00,1,1,000,000,1,0,1,4,2,55,0,1,9,00,0,0,0,201500057860A01,32,0,1
201500057862,2015-12-20,2015,décembre,dimanche,18:30,973,97302,4.93463,-52.32724,1,1,3,1,1,4,-1,02,1,-1,000,095,1,0,1,3,1,57,5,1,9,00,9,7,15,201500057862A01,2,0,1
201500057867,2015-12-23,2015,décembre,mercredi,22:28,973,97302,0,-0,2,3,3,5,1,3,2,02,1,1,040,080,1,3,1,3,1,36,5,1,4,00,0,1,19,201500057867B01,33,0,1
201500057869,2015-12-24,2015,décembre,jeudi,20:00,973,97302,4.93448,-52.33124,2,1,1,5,1,4,2,01,-1,-1,000,000,-1,0,1,3,1,17,0,1,9,00,0,0,0,201500057869B01,7,0,1
201500057870,2015-12-26,2015,décembre,samedi,17:10,973,97302,4.92059,-52.31127,2,1,1,1,1,4,-1,01,3,2,000,070,1,0,1,3,1,19,0,1,4,00,9,1,5,201500057870B01,2,5,1
201500057887,2015-01-26,2015,janvier,lundi,90:0,973,97302,0,-0,1,9,6,1,1,4,2,01,1,1,000,060,1,0,1,4,1,15,2,1,9,00,9,8,1,201500057887B01,7,15,1
201500057894,2015-02-05,2015,février,jeudi,64:5,973,97302,0,-0,1,1,3,1,1,4,4,01,-1,-1,000,052,1,0,1,3,2,15,2,1,4,00,2,1,1,201500057894B01,7,15,1
201500057913,2015-02-16,2015,février,lundi,17:48,973,97302,0,-0,2,2,3,1,2,4,2,01,1,-1,000,040,2,0,1,4,2,28,5,1,9,00,2,8,0,201500057913B01,30,1,1
201500057924,2015-02-23,2015,février,lundi,14:35,973,97302,0,-0,2,1,2,1,1,4,1,01,1,-1,000,000,1,0,1,3,1,33,0,1,9,00,0,0,0,201500057924B01,7,0,1
201500057927,2015-02-24,2015,février,mardi,16:45,973,97302,0,-0,2,1,1,1,1,4,1,02,1,-1,000,000,1,0,1,3,1,14,0,1,9,00,2,1,5,201500057927A01,7,0,1
201500057928,2015-02-24,2015,février,mardi,18:25,973,97302,0,-0,2,1,6,1,1,4,-1,02,1,-1,000,000,1,0,0,3,1,8,0,1,9,00,2,0,0,201500057928A01,7,0,1
201500057949,2015-03-10,2015,mars,mardi,16:45,973,97302,0,-0,1,1,6,1,1,4,1,01,1,2,000,045,1,0,3,1,1,11,0,1,9,00,1,1,1,201500057949A01,,,
201500057951,2015-03-16,2015,mars,lundi,18:06,973,97302,0,-0,1,1,1,1,2,4,2,02,1,-1,000,000,2,0,1,3,1,58,1,1,4,00,2,1,0,201500057951A01,7,0,1
201500057955,2015-03-17,2015,mars,mardi,83:5,973,97302,0,-0,2,1,2,1,1,4,2,02,1,-1,000,000,1,0,1,4,1,27,0,1,9,00,2,1,1,201500057955A01,7,16,1
201500057960,2015-03-21,2015,mars,samedi,10:17,973,97302,0,-0,1,1,6,1,1,4,2,01,1,1,000,070,1,0,1,3,1,58,0,1,9,00,2,7,1,201500057960Z01,7,17,1
201500057964,2015-03-24,2015,mars,mardi,60:0,973,97302,0,-0,2,1,3,2,1,4,2,02,1,-1,000,000,1,0,1,2,1,,0,1,9,00,0,0,2,201500057964A01,7,2,1
201500057971,2015-03-27,2015,mars,vendredi,11:35,973,97302,0,-0,2,2,3,1,2,4,1,01,1,1,000,040,2,0,1,4,1,23,0,1,9,00,2,1,16,201500057971A01,3,0,1
201500057983,2015-04-10,2015,avril,vendredi,95:0,974,97407,-0,0,1,1,7,1,1,2,2,02,1,1,000,070,1,0,1,1,1,31,5,1,2,00,0,0,0,201500057983A01,31,1,1
201500057989,2015-04-15,2015,avril,mercredi,75:5,974,97407,-20.95669,55.31325,2,2,3,1,1,4,2,02,1,1,000,060,1,0,1,4,1,45,9,1,9,00,2,1,1,201500057989A01,7,1,1
201500057995,2015-04-18,2015,avril,samedi,16:40,974,97407,-20.94939,55.29272,2,3,3,1,1,4,2,02,1,1,000,060,1,0,0,4,1,14,5,1,2,00,2,8,1,201500057995A01,7,1,1
201500058001,2015-03-06,2015,mars,vendredi,11:40,974,97407,-20.9367,55.29007,2,1,3,1,1,4,1,01,1,1,000,035,1,0,1,4,1,56,5,1,9,00,2,4,0,201500058001B01,7,1,1
201500058010,2015-03-25,2015,mars,mercredi,60:5,974,97407,-20.95089,55.29071,2,1,3,2,1,4,2,02,1,1,000,070,1,0,1,4,1,21,5,1,9,00,2,7,1,201500058010B01,7,1,1
201500058013,2015-05-14,2015,mai,jeudi,16:45,974,97407,-20.93793,55.29575,2,1,6,1,1,4,1,01,1,1,000,060,1,0,1,4,1,17,5,1,9,00,2,8,1,201500058013A01,7,0,1
201500058022,2015-06-08,2015,juin,lundi,80:0,974,97407,-20.95599,55.312,2,6,6,1,1,2,-1,02,1,2,000,070,1,0,1,3,1,16,0,1,9,00,2,7,9,201500058022B01,7,0,1
201500058032,2015-07-09,2015,juillet,jeudi,84:0,974,97407,-20.93947,55.30315,2,1,3,1,1,4,3,04,1,1,020,140,1,0,1,4,1,32,5,1,9,00,2,7,1,201500058032B01,7,9,1
201500058034,2015-07-11,2015,juillet,samedi,19:30,974,97407,-20.94095,55.30194,2,2,6,2,1,4,1,01,1,1,000,070,1,0,1,3,1,12,5,1,9,00,0,7,9,201500058034A01,7,5,1
201500058038,2015-07-22,2015,juillet,mercredi,18:45,974,97407,-0,0,2,1,1,3,1,4,2,02,1,1,000,035,1,0,1,4,1,67,5,1,4,00,2,1,2,201500058038B01,33,0,1
201500058059,2015-11-04,2015,novembre,mercredi,74:5,974,97407,-0,0,2,1,1,1,2,4,2,02,1,1,000,070,2,0,1,4,1,19,2,1,9,00,2,1,1,201500058059A01,7,1,1
201500058060,2015-11-05,2015,novembre,jeudi,17:35,974,97407,-20.95118,55.29835,2,1,6,1,3,2,3,04,1,1,020,140,2,0,1,3,1,16,2,1,9,00,2,2,6,201500058060A01,7,1,1
201500058062,2015-11-21,2015,novembre,samedi,60:0,974,97407,-20.93858,55.29672,2,8,1,1,1,4,2,00,1,1,000,037,1,0,1,2,1,63,0,1,4,00,0,0,0,201500058062B01,7,0,1
201500058077,2015-12-24,2015,décembre,jeudi,16:00,974,97407,-20.96238,55.3176,2,1,1,1,1,4,1,01,1,1,000,060,1,0,1,3,1,11,0,1,9,00,2,1,5,201500058077A01,7,0,1
201500058082,2015-04-08,2015,avril,mercredi,10:00,974,97409,-20.94385,55.68148,1,1,3,1,1,3,2,01,1,1,000,000,1,0,1,4,2,46,5,1,9,00,2,3,1,201500058082B01,10,15,1
201500058101,2015-05-19,2015,mai,mardi,11:45,974,97409,-20.95536,55.65049,1,1,7,1,1,4,2,01,1,1,000,000,1,0,1,3,1,73,3,1,9,00,2,0,19,201500058101A01,14,1,1
201500058115,2015-08-15,2015,août,samedi,13:50,974,97409,-20.94024,55.64719,2,3,3,1,1,2,2,02,1,1,000,070,1,0,1,3,1,25,0,1,2,00,2,1,1,201500058115B01,7,15,1
201500058118,2015-10-07,2015,octobre,mercredi,72:0,974,97409,-0,0,2,1,3,1,1,4,2,01,1,1,000,070,1,0,1,4,1,41,0,1,9,00,2,1,19,201500058118A01,7,2,1
201500058146,2015-01-26,2015,janvier,lundi,12:30,974,97411,-20.88937,55.45068,2,3,3,1,1,2,2,02,1,1,000,050,1,0,5,3,1,31,5,1,9,00,2,2,1,201500058146B01,7,1,1
201500058173,2015-06-16,2015,juin,mardi,16:50,974,97411,-20.89841,55.47524,2,1,3,1,1,4,2,00,2,1,000,000,1,0,1,3,1,56,1,1,2,00,2,1,19,201500058173B01,7,9,1
201500058189,2015-08-24,2015,août,lundi,81:5,974,97411,-20.88673,55.46783,2,2,3,1,1,4,2,02,1,1,000,000,1,0,1,3,1,23,9,1,2,00,2,1,1,201500058189B01,7,16,1
201500058212,2015-11-30,2015,novembre,lundi,74:0,974,97416,-21.28772,55.47117,2,2,3,1,1,4,2,01,1,1,000,020,1,0,1,4,1,46,3,1,9,00,2,1,1,201500058212B01,7,15,1
201500058224,2015-04-09,2015,avril,jeudi,20:20,974,97416,-21.2973,55.45118,2,1,1,4,1,3,2,02,1,1,000,070,1,0,1,3,1,20,0,1,9,00,2,4,2,201500058224A01,7,2,1
201500058225,2015-01-16,2015,janvier,vendredi,12:30,974,97416,-0,0,1,1,1,1,1,4,2,02,2,1,000,060,1,0,1,4,1,25,0,1,9,00,2,1,13,201500058225B01,7,1,1
201500058227,2015-01-17,2015,janvier,samedi,95:0,974,97416,-21.32576,55.47692,2,3,3,1,1,4,2,02,2,1,000,060,1,0,1,4,1,19,0,1,9,00,2,1,15,201500058227A01,7,15,1
201500058232,2015-01-20,2015,janvier,mardi,74:5,974,97416,-21.31826,55.47331,2,1,3,1,1,4,2,02,2,1,000,070,1,0,1,4,2,28,0,1,9,00,0,1,18,201500058232A01,99,1,1
201500058237,2015-04-16,2015,avril,jeudi,10:0,974,97416,-21.35466,55.51403,1,1,2,3,1,2,2,02,1,1,000,070,1,0,1,3,1,20,0,1,2,00,2,4,2,201500058237A01,7,2,1
201500058252,2015-02-06,2015,février,vendredi,21:50,974,97416,-21.2943,55.46026,1,2,1,3,1,4,2,02,2,1,000,060,1,0,1,4,1,13,0,1,9,00,2,1,19,201500058252A01,7,1,1
201500058270,2015-02-12,2015,février,jeudi,82:5,974,97416,-21.28944,55.47834,1,1,2,2,1,4,2,00,2,1,000,060,1,0,1,4,1,27,0,1,9,00,2,1,1,201500058270A01,7,1,1
201500058287,2015-02-18,2015,février,mercredi,19:25,974,97416,-0,0,2,2,1,3,1,4,2,02,2,1,000,060,1,0,1,4,1,12,5,1,9,00,2,1,1,201500058287A01,10,1,1
201500058308,2015-05-30,2015,mai,samedi,14:25,974,97416,-21.28919,55.50744,2,3,3,1,1,4,2,02,-1,-1,000,060,1,0,1,4,1,8,0,1,2,00,2,1,15,201500058308B01,7,1,1
201500058311,2015-06-01,2015,juin,lundi,19:45,974,97416,-21.3295,55.47399,2,3,1,2,1,4,2,02,1,1,000,060,1,0,1,4,1,15,0,1,2,00,2,1,9,201500058311B01,7,1,1
201500058311,2015-06-01,2015,juin,lundi,19:45,974,97416,-21.3295,55.47399,2,3,1,2,1,4,2,02,1,1,000,060,1,0,1,4,1,14,0,1,2,00,2,1,9,201500058311B01,7,1,1
201500058318,2015-03-15,2015,mars,dimanche,61:0,974,97416,-21.33413,55.47118,2,1,7,2,1,4,2,04,2,1,000,140,1,0,1,4,1,68,5,1,9,00,0,0,14,201500058318A01,,,
201500058340,2015-03-29,2015,mars,dimanche,14:50,974,97416,-0,0,2,1,3,1,1,3,3,02,1,1,000,070,1,0,1,3,1,19,0,1,9,00,2,1,19,201500058340A01,7,1,1
201500058342,2015-06-03,2015,juin,mercredi,17:50,974,97416,-21.32466,55.48227,2,1,1,2,1,4,2,02,2,1,000,060,1,0,1,4,1,17,0,1,2,00,2,1,5,201500058342B01,7,1,1
201500058345,2015-03-30,2015,mars,lundi,75:0,974,97416,-21.28328,55.4771,2,2,7,1,1,4,2,02,2,1,000,060,1,0,1,4,1,15,2,1,9,00,2,3,18,201500058345A01,13,16,1
201500058348,2015-07-05,2015,juillet,dimanche,20:40,974,97416,-21.29836,55.45733,2,1,1,2,1,4,2,02,2,1,000,060,1,0,1,4,1,22,0,1,2,00,2,1,13,201500058348B01,7,1,1
201500058353,2015-07-12,2015,juillet,dimanche,15:25,974,97416,-21.36145,55.53535,2,1,6,1,1,2,2,02,1,1,000,060,1,0,1,4,1,11,0,1,2,00,0,1,1,201500058353A01,,,
201500058414,2015-10-11,2015,octobre,dimanche,72:0,974,97416,-0,55.27164,1,1,2,1,1,2,1,02,-1,-1,000,060,-1,0,1,3,1,64,0,1,2,00,2,4,1,201500058414A01,7,9,1
201500058416,2015-10-16,2015,octobre,vendredi,11:5,974,97416,-0,55.29543,1,1,1,3,1,2,1,02,-1,-1,000,060,-1,0,1,4,1,18,0,1,2,00,2,4,1,201500058416A01,2,2,1
201500058436,2015-11-01,2015,novembre,dimanche,14:30,974,97416,-21.32005,55.55053,2,1,6,1,1,3,2,02,2,3,000,060,1,0,1,4,1,16,0,1,2,13,0,1,21,201500058436A01,,,
201500058446,2015-12-05,2015,décembre,samedi,20:10,974,97416,-0,0,1,1,4,3,1,2,3,04,1,1,000,035,1,0,1,4,1,44,5,1,9,16,0,6,1,201500058446A01,7,2/0,2
201500058455,2015-11-24,2015,novembre,mardi,10:10,976,97611,-0,0,2,1,2,1,1,4,2,00,1,-1,000,000,1,0,1,4,1,21,5,1,9,00,2,4,2,201500058455B01,7,2,1
201500058466,2015-12-07,2015,décembre,lundi,20:45,976,97611,-0,0,2,1,6,3,1,4,2,00,1,1,000,000,1,0,1,4,1,21,5,1,2,00,2,7,21,201500058466A01,,,
201500058524,2015-04-01,2015,avril,mercredi,22:20,976,97611,-0,0,2,1,1,5,1,2,2,02,1,1,000,000,1,0,1,4,1,18,5,1,9,00,2,7,19,201500058524B01,30,19,1
201500058584,2015-07-15,2015,juillet,mercredi,16:45,976,97611,-0,0,1,1,2,1,1,3,2,00,2,4,000,000,1,0,1,4,1,15,5,1,2,00,9,1,2,201500058584A01,1,1,1
201500058584,2015-07-15,2015,juillet,mercredi,16:45,976,97611,-0,0,1,1,2,1,1,3,2,00,2,4,000,000,1,0,1,4,1,15,5,1,2,00,9,4,1,201500058584B01,1,2,1
201500058611,2015-11-05,2015,novembre,jeudi,16:50,976,97611,-0,0,2,1,3,1,1,4,2,02,2,4,000,000,1,0,1,4,1,55,5,1,9,14,2,1,17,201500058611B01,7,0,1
201500058616,2015-09-28,2015,septembre,lundi,16:50,976,97611,-0,0,2,6,3,1,1,2,4,00,1,-1,000,000,1,5,1,3,1,51,1,1,2,00,2,1,1,201500058616B01,15,14,1
201500058626,2015-10-07,2015,octobre,mercredi,14:53,976,97611,-0,0,2,1,6,1,1,4,2,00,1,4,000,000,1,0,1,1,1,13,9,1,3,00,1,1,0,201500058626A01,,,
201500058629,2015-10-13,2015,octobre,mardi,11:35,976,97611,-0,0,2,4,3,1,1,4,2,00,2,4,000,000,-1,5,1,4,1,13,5,1,9,01,0,1,15,201500058629A01,7,0,1
201500058648,2015-11-04,2015,novembre,mercredi,19:50,976,97611,-0,0,2,6,6,3,1,2,4,00,1,-1,000,000,1,5,1,4,1,14,5,1,9,00,2,8,15,201500058648B01,15,15,1
201600000015,2016-08-17,2016,août,mercredi,19:30,59,59466,0,0,1,6,5,1,7,3,1,01,1,-1,000,093,1,5,1,3,1,46,0,1,2,00,2,1,0,201600000015B02,7,16,1
201600000015,2016-08-17,2016,août,mercredi,19:30,59,59466,0,0,1,6,5,1,7,3,1,01,1,-1,000,093,1,5,1,1,1,52,0,1,2,00,2,1,0,201600000015C03,7,16,1
201600000052,2016-06-01,2016,juin,mercredi,15:30,59,59268,50.641,2.712,2,1,3,1,2,3,2,02,1,1,000,065,2,0,1,3,1,13,5,1,2,00,2,3,19,201600000052B02,7,1,1