Num_Acc,date,an,mois,jour,hrmn,dep,com,lat,long,agg,int,col,lum,atm,catr,circ,nbv,prof,plan,lartpc,larrout,surf,infra,situ,grav,sexe,age,trajet,secuexist,equipement,obs,obsm,choc,manv,vehiculeid,typevehicules,manoeuvehicules,numVehicules
201600000070,2016-09-21,2016,septembre,mercredi,13:45,59,59546,0,0,2,6,3,1,1,3,1,00,1,2,000,000,1,0,1,3,2,61,5,1,1,00,2,8,15,201600000070B02,7,16,1
201600000076,2016-03-29,2016,mars,mardi,16:15,59,59042,0,0,2,1,2,1,1,3,2,02,1,1,000,000,1,0,1,3,1,62,9,1,2,00,0,4,0,201600000076B02,7,2,1
201600000083,2016-04-02,2016,avril,samedi,81:5,59,59482,50.71633,2.99358,2,8,3,1,1,3,2,02,1,1,000,063,1,4,0,3,1,51,5,1,2,00,4,2,0,201600000083A01,39,1,1
201600000084,2016-04-02,2016,avril,samedi,20:0,59,59252,50.71359,2.93964,1,1,2,3,1,3,2,02,1,1,000,097,1,0,1,4,1,42,5,1,4,00,2,8,2,201600000084A02,7,2,1
201600000159,2016-12-27,2016,décembre,mardi,10:15,59,59409,50.309,3.208,2,6,3,1,1,3,2,02,1,1,000,000,1,5,1,3,1,46,5,1,2,00,2,1,19,201600000159B02,7,19,1
201600000164,2016-09-13,2016,septembre,mardi,10:00,59,59435,0,0,2,1,1,1,1,4,-1,02,-1,1,000,055,1,0,1,2,1,90,5,1,1,00,2,2,1,201600000164B02,10,4,1
201600000167,2016-11-19,2016,novembre,samedi,90:0,59,59435,0,0,1,1,3,1,7,3,2,00,1,1,000,000,3,0,5,3,1,28,5,1,2,00,2,0,0,201600000167B02,7,19,1
201600000206,2016-06-10,2016,juin,vendredi,18:00,62,62421,50.10858,3.08254,2,3,3,1,1,3,2,02,-1,-1,000,060,1,5,0,3,2,7,0,1,2,00,0,0,0,201600000206A01,10,14,1
201600000208,2016-08-29,2016,août,lundi,84:5,62,62593,50.02892,2.8738,2,1,3,1,1,3,2,02,1,1,000,000,1,0,1,2,2,46,9,1,2,00,2,0,2,201600000208B02,21,2,1
201600000209,2016-06-07,2016,juin,mardi,93:0,62,62422,50.12353,2.63517,2,1,6,1,1,4,2,00,1,1,000,075,1,0,1,4,1,61,5,1,2,01,0,1,1,201600000209A01,,,
201600000233,2016-11-28,2016,novembre,lundi,74:5,62,62865,50.32858,2.97896,2,1,2,2,1,4,2,02,1,1,000,050,1,0,1,3,2,28,1,1,1,00,2,4,2,201600000233B02,7,2,1
201600000285,2016-02-23,2016,février,mardi,10:00,62,62756,50.9045,2.13449,1,2,3,1,1,3,2,00,1,1,000,000,1,5,1,3,1,28,5,1,2,00,2,8,1,201600000285B02,7,19,1
201600000286,2016-11-03,2016,novembre,jeudi,10:30,62,62598,50.84352,2.11443,2,1,2,1,1,4,2,02,2,2,000,000,1,0,1,3,1,70,5,1,2,00,2,1,1,201600000286A01,20,4,1
201600000295,2016-04-13,2016,avril,mercredi,16:45,62,62367,50.38327,2.32433,1,1,2,1,1,3,2,02,1,1,000,060,1,0,1,4,1,15,9,1,2,00,2,1,1,201600000295A01,10,0,1
201600000304,2016-09-14,2016,septembre,mercredi,18:30,62,62519,50.51755,2.22933,2,3,1,1,1,3,2,02,1,1,000,053,1,0,1,3,1,9,5,1,1,00,2,8,1,201600000304B02,10,1,1
201600000314,2016-07-31,2016,juillet,dimanche,84:5,62,62198,50.38909,2.62265,1,2,1,1,1,3,2,02,1,1,000,080,1,5,1,3,1,41,5,1,2,00,0,3,1,201600000314A01,7,1,1
201600000331,2016-10-29,2016,octobre,samedi,91:5,80,80110,50.1722,1.65806,1,1,1,1,8,5,2,01,1,2,000,025,1,2,5,3,1,53,5,1,2,00,2,1,1,201600000331B02,2,13,1
201600000348,2016-02-19,2016,février,vendredi,16:45,02,02128,49.52477,3.66483,2,1,2,1,1,4,2,02,1,1,000,000,1,0,1,2,1,65,5,1,4,00,2,4,1,201600000348B02,7,1,1
201600000361,2016-11-23,2016,novembre,mercredi,93:0,02,02453,0,0,2,2,3,1,1,3,2,02,,,,,,0,1,3,1,60,5,1,2,00,2,1,1,201600000361A01,10,15,1
201600000415,2016-08-26,2016,août,vendredi,93:0,02,02354,0,0,1,1,5,1,1,3,2,02,1,1,000,066,1,0,1,4,1,17,5,1,2,00,0,8,1,201600000415B02,10,1,1
201600000415,2016-08-26,2016,août,vendredi,93:0,02,02354,0,0,1,1,5,1,1,3,2,02,1,1,000,066,1,0,1,3,1,15,5,1,2,00,0,8,1,201600000415C03,10,1,1
201600000427,2016-06-04,2016,juin,samedi,19:45,02,02391,49.80455,4.05527,2,3,3,1,1,3,2,02,-1,1,050,050,-1,0,1,4,1,13,0,1,2,00,2,1,9,201600000427B02,7,1,1
201600000428,2016-07-29,2016,juillet,vendredi,15:30,02,02833,0,0,1,2,1,1,1,3,2,02,1,1,,,1,0,1,3,1,17,5,1,2,00,2,1,9,201600000428B02,7,1,1
201600000437,2016-06-09,2016,juin,jeudi,12:30,60,60428,49.45598,2.02141,1,1,2,1,1,3,-1,02,1,1,060,000,1,0,1,2,1,71,5,1,2,00,2,4,1,201600000437B02,7,1,1
201600000449,2016-03-19,2016,mars,samedi,21:15,60,60211,49.30232,1.77787,1,1,2,1,1,3,-1,00,-1,-1,000,000,-1,0,0,2,1,36,0,1,2,00,0,0,0,201600000449B02,7,2,1
201600000480,2016-06-16,2016,juin,jeudi,15:45,60,60439,49.31424,2.31659,2,1,2,1,1,4,2,00,1,1,000,048,1,0,1,3,2,11,5,1,2,00,2,4,1,201600000480B02,7,1,1
201600000509,2016-01-28,2016,janvier,jeudi,15:00,60,60166,49.46477,2.81096,1,1,1,2,1,3,2,00,-1,1,000,000,1,0,1,3,1,19,2,1,2,00,2,2,21,201600000509B02,7,15,1
201600000526,2016-03-08,2016,mars,mardi,70:0,57,57124,0,0,1,1,2,1,1,3,2,02,-1,1,000,060,1,0,1,3,1,61,1,1,2,00,2,4,1,201600000526B02,7,17,1
201600000557,2016-12-26,2016,décembre,lundi,11:15,60,60259,49.19816,2.28214,1,1,3,1,1,3,2,00,2,1,000,000,1,0,1,4,1,19,5,1,2,00,2,1,1,201600000557B02,7,1,1
201600000562,2016-07-10,2016,juillet,dimanche,15:,60,60282,49.18952,2.45207,1,1,1,3,1,3,-1,00,-1,-1,000,000,-1,0,0,2,1,53,0,1,4,00,0,0,0,201600000562B02,7,0,1
201600000582,2016-05-16,2016,mai,lundi,18:30,76,76517,49.52182,1.14156,1,2,3,1,1,3,2,02,1,1,,,1,0,0,3,1,43,5,1,2,00,2,8,1,201600000582B02,7,2,1
201600000583,2016-06-07,2016,juin,mardi,94:5,76,76123,49.53037,1.11156,1,2,3,1,1,3,2,02,1,1,000,006,1,0,1,2,1,53,1,1,4,00,2,8,1,201600000583B02,7,1,1
201600000600,2016-06-22,2016,juin,mercredi,13:00,76,76532,49.60976,1.32337,2,1,3,1,1,4,2,02,1,1,000,028,1,0,1,4,1,14,5,1,2,00,2,3,19,201600000600A01,7,1,1
201600000616,2016-06-07,2016,juin,mardi,12:00,76,76436,49.43218,0.85844,1,1,2,1,1,3,2,02,1,1,000,070,1,0,0,4,2,28,5,1,2,00,2,1,2,201600000616A01,1,2,1
201600000616,2016-06-07,2016,juin,mardi,12:00,76,76436,49.43218,0.85844,1,1,2,1,1,3,2,02,1,1,000,070,1,0,0,1,1,32,5,1,2,00,2,4,2,201600000616B02,1,2,1
201600000618,2016-07-24,2016,juillet,dimanche,16:30,76,76559,49.56951,0.61911,1,1,3,1,1,3,2,02,1,1,000,043,1,0,1,3,1,14,5,1,2,00,2,8,1,201600000618A01,7,17,1
201600000632,2016-05-26,2016,mai,jeudi,17:45,76,76258,49.65459,0.59595,2,1,1,1,1,4,2,02,1,2,000,046,1,0,1,3,1,11,5,1,2,00,2,1,1,201600000632B02,7,15,1
201600000645,2016-10-13,2016,octobre,jeudi,16:25,76,76533,49.49701,0.26809,1,1,1,1,1,3,2,02,1,3,000,070,1,0,1,2,1,75,5,1,2,00,2,1,1,201600000645B02,7,13,1
201600000655,2016-09-23,2016,septembre,vendredi,14:15,76,76060,49.65037,1.535,1,1,1,1,1,3,2,02,2,3,000,055,1,0,1,2,1,78,5,1,2,00,2,1,1,201600000655B02,2,1,1
201600000658,2016-06-26,2016,juin,dimanche,10:00,76,76025,49.54077,1.51571,2,1,3,1,1,3,2,02,1,1,000,000,1,0,1,3,1,67,0,1,2,00,2,7,16,201600000658B02,7,1,1
201600000664,2016-08-22,2016,août,lundi,15:30,76,76758,49.61801,0.75264,2,3,3,1,1,3,2,02,1,1,000,060,1,0,1,3,1,87,5,1,1,00,2,1,16,201600000664B02,7,1,1
201600000714,2016-09-13,2016,septembre,mardi,18:00,27,27491,48.8299,1.01848,1,1,1,1,7,3,2,02,1,3,000,067,1,0,1,2,1,53,5,1,2,00,2,1,1,201600000714B02,10,17,1
201600000724,2016-12-21,2016,décembre,mercredi,16:00,27,27114,48.95992,1.41752,2,8,3,1,1,3,2,02,-1,1,000,000,1,4,1,2,1,60,5,1,2,00,4,0,0,201600000724A01,39,1,1
201600000761,2016-09-09,2016,septembre,vendredi,16:45,27,27493,49.33915,1.26005,1,1,2,1,7,3,2,00,2,3,000,065,1,0,1,2,1,54,5,1,2,00,2,4,2,201600000761B02,7,2,1
201600000805,2016-04-03,2016,avril,dimanche,16:30,27,27365,49.29793,1.20833,1,1,6,1,1,3,2,02,1,1,000,060,1,0,1,3,2,13,5,1,2,00,2,7,19,201600000805B02,7,1,1
201600000812,2016-12-16,2016,décembre,vendredi,93:0,27,27386,49.31073,1.20074,2,3,6,2,1,3,2,00,1,1,000,000,1,0,1,4,2,45,1,1,2,00,2,2,1,201600000812A01,3,15,1
201600000815,2016-02-07,2016,février,dimanche,15:00,27,27700,49.21903,1.03623,2,2,3,1,1,3,2,02,2,1,000,000,1,5,1,3,1,55,5,1,2,00,0,1,1,201600000815B02,7,15,1
201600000816,2016-03-30,2016,mars,mercredi,11:15,27,27261,49.2187,0.94345,2,6,6,1,1,3,2,04,1,1,000,000,1,0,1,3,1,67,5,1,2,00,0,4,1,201600000816B02,7,1,1
201600000819,2016-07-16,2016,juillet,samedi,15:,27,27616,49.26665,0.9828,1,1,5,3,1,3,2,00,-1,1,000,000,-1,0,1,3,2,27,5,1,4,00,2,4,1,201600000819B02,7,1,1
201600000819,2016-07-16,2016,juillet,samedi,15:,27,27616,49.26665,0.9828,1,1,5,3,1,3,2,00,-1,1,000,000,-1,0,1,3,2,32,5,1,4,00,2,4,1,201600000819C03,7,1,1
201600000837,2016-11-26,2016,novembre,samedi,11:30,27,27655,49.33854,0.51149,1,1,3,1,1,3,2,02,1,1,000,560,1,0,1,2,1,77,5,1,2,00,2,1,9,201600000837A01,7,1,1
201600000853,2016-05-11,2016,mai,mercredi,16:00,35,35296,48.26775,-1.65075,2,1,7,1,1,4,2,02,1,1,000,053,1,0,1,2,1,81,5,1,2,14,0,2,1,201600000853A01,,,
201600000870,2016-03-16,2016,mars,mercredi,16:45,35,35223,47.99596,-2.07911,1,1,2,1,6,3,2,02,1,1,000,057,1,0,1,2,2,79,5,1,2,00,2,6,13,201600000870B02,7,17,1
201600000881,2016-08-17,2016,août,mercredi,83:0,35,35240,48.09248,-1.78044,2,6,3,1,7,3,4,00,1,2,000,000,1,5,1,3,2,43,0,1,2,00,0,7,1,201600000881B02,7,9,1
201600000892,2016-06-27,2016,juin,lundi,91:5,35,35282,48.27779,-1.35503,1,1,5,1,2,3,2,02,1,1,000,058,2,0,1,3,1,46,5,1,2,00,2,1,1,201600000892B02,7,1,1
201600000892,2016-06-27,2016,juin,lundi,91:5,35,35282,48.27779,-1.35503,1,1,5,1,2,3,2,02,1,1,000,058,2,0,1,3,1,39,5,1,2,00,2,1,1,201600000892C03,7,1,1
201600000893,2016-08-13,2016,août,samedi,18:15,35,35178,48.28696,-1.43407,1,1,2,1,7,3,2,02,1,3,000,055,1,0,1,3,1,13,5,1,2,00,2,4,15,201600000893B02,7,2,1
201600000899,2016-09-09,2016,septembre,vendredi,91:5,35,35257,48.39884,-1.37221,1,6,3,1,7,3,2,00,1,2,000,000,1,5,1,3,1,70,0,1,2,00,0,7,1,201600000899B02,7,9,1
201600000903,2016-04-12,2016,avril,mardi,10:15,35,35013,47.7048,-2.07084,2,3,3,1,7,3,2,02,1,1,000,000,1,0,1,3,2,85,3,1,4,00,2,7,1,201600000903B02,7,9,1
201600000919,2016-02-10,2016,février,mercredi,16:30,35,35126,47.95375,-1.77967,1,1,2,1,1,3,2,00,2,1,000,075,1,0,1,3,1,58,5,1,2,00,0,4,1,201600000919B02,7,1,1
201600000922,2016-07-07,2016,juillet,jeudi,16:15,35,35139,47.95562,-1.70105,1,3,3,1,1,4,2,01,1,2,,,1,0,1,2,1,43,5,1,2,00,2,1,15,201600000922B02,14,1,1
201600000927,2016-05-06,2016,mai,vendredi,15:30,35,35289,47.87868,-1.78018,1,9,3,1,1,4,2,02,1,3,000,054,1,0,1,2,2,12,5,1,2,00,2,8,19,201600000927B02,7,1,1
201600000936,2016-04-21,2016,avril,jeudi,17:30,35,35228,48.60574,-2.06842,1,2,3,1,2,4,2,01,2,1,000,038,2,0,1,3,1,35,5,1,2,00,2,7,16,201600000936B02,7,1,1
201600000948,2016-07-25,2016,juillet,lundi,18:00,35,35360,48.12005,-1.19193,2,1,3,1,1,4,2,02,1,1,000,000,1,0,1,3,1,51,1,1,2,00,2,8,15,201600000948B02,7,15,1
201600000978,2016-08-10,2016,août,mercredi,11:00,22,22044,48.49043,-2.60603,1,1,6,1,1,4,2,02,4,2,000,045,1,0,3,2,1,67,5,1,2,02,0,1,1,201600000978A01,,,
201600000995,2016-04-30,2016,avril,samedi,16:00,22,22214,48.74091,-2.97963,1,1,3,1,1,4,2,02,1,1,000,043,1,0,1,2,2,71,5,1,4,00,0,0,2,201600000995B02,14,13,1
201600001003,2016-06-17,2016,juin,vendredi,16:15,22,22273,48.55663,-2.53637,2,4,3,1,1,3,2,02,1,2,000,060,1,5,1,3,1,12,0,1,2,00,2,2,1,201600001003B02,7,19,1
201600001006,2016-08-02,2016,août,mardi,10:30,22,22081,48.52995,-2.66598,2,2,3,1,8,4,2,02,1,3,000,000,1,0,1,3,1,7,5,1,2,00,2,1,1,201600001006A01,10,1,1
201600001013,2016-02-18,2016,février,jeudi,16:15,22,22176,48.42538,-2.74552,1,1,3,1,1,3,2,02,1,3,000,000,1,0,1,3,1,69,5,1,2,00,0,3,2,201600001013B02,7,1,1
201600001024,2016-01-07,2016,janvier,jeudi,10:15,22,22035,48.44473,-1.97567,1,2,3,1,7,3,2,02,-1,1,025,065,2,5,1,3,1,88,5,1,2,00,2,8,19,201600001024A01,7,1,1
201600001025,2016-01-10,2016,janvier,dimanche,11:30,22,22388,48.43645,-2.14462,1,1,3,1,7,3,2,02,1,1,000,058,2,3,1,3,2,17,5,1,2,00,2,1,1,201600001025B02,7,15,1
201600001042,2016-06-28,2016,juin,mardi,15:45,22,22179,48.62841,-2.36795,2,1,6,1,1,3,2,02,4,1,000,000,-1,0,1,1,1,19,5,1,2,00,1,1,1,201600001042A01,,,
201600001049,2016-07-23,2016,juillet,samedi,10:30,22,22070,48.56361,-3.14839,2,2,3,1,1,3,2,02,-1,1,000,000,1,5,1,3,1,71,0,1,2,00,2,1,1,201600001049B02,7,19,1
201600001052,2016-11-28,2016,novembre,lundi,16:00,22,22070,48.56085,-3.1556,2,1,1,1,1,4,2,02,1,1,000,000,1,0,1,3,1,36,0,1,2,00,2,1,13,201600001052B02,7,1,1
201600001058,2016-12-22,2016,décembre,jeudi,10:00,22,22134,48.78674,-3.39841,1,1,2,1,7,3,2,02,1,1,068,000,2,0,1,3,2,44,5,1,2,00,2,0,2,201600001058A01,7,2,1
201600001060,2016-04-21,2016,avril,jeudi,14:45,29,29003,48.0244,-4.5404,2,9,1,1,1,3,2,00,1,2,000,065,1,0,1,3,2,48,5,1,2,00,2,1,1,201600001060B02,7,17,1
201600001070,2016-01-07,2016,janvier,jeudi,12:30,29,29046,48.08797,-4.30236,2,1,1,1,2,4,-1,02,2,3,000,070,2,0,1,3,1,64,5,1,2,00,2,1,5,201600001070B02,7,1,1
201600001075,2016-10-19,2016,octobre,mercredi,16:15,29,29046,48.09506,-4.36303,1,1,7,1,1,4,2,00,2,1,000,042,1,0,1,3,1,77,5,1,2,00,0,2,1,201600001075A01,,,
201600001094,2016-01-12,2016,janvier,mardi,14:45,29,29135,47.83508,-4.18981,2,6,1,1,2,3,-1,01,1,2,000,080,2,5,1,4,1,42,0,1,2,00,2,8,1,201600001094B02,7,1,1
201600001108,2016-09-28,2016,septembre,mercredi,11:45,29,29075,48.43054,-4.44094,2,6,2,1,1,4,2,00,1,1,000,000,1,5,1,3,1,62,5,1,2,00,0,4,2,201600001108B02,7,2,1
201600001116,2016-01-15,2016,janvier,vendredi,84:5,29,29091,48.64499,-4.37082,2,1,1,1,1,3,2,00,1,2,070,000,1,0,1,3,2,43,2,1,2,00,2,7,1,201600001116B02,7,15,1
201600001121,2016-06-12,2016,juin,dimanche,10:30,29,29209,48.54153,-4.42925,1,1,1,1,8,4,-1,00,-1,-1,000,000,-1,0,0,4,1,83,0,1,9,00,2,0,16,201600001121B02,10,1,1
201600001137,2016-09-18,2016,septembre,dimanche,83:0,29,29177,48.43322,-4.70752,1,1,5,1,7,3,2,00,1,1,000,000,1,0,1,3,1,51,5,1,2,00,0,4,0,201600001137B02,7,2,1
201600001137,2016-09-18,2016,septembre,dimanche,83:0,29,29177,48.43322,-4.70752,1,1,5,1,7,3,2,00,1,1,000,000,1,0,1,4,1,51,5,1,2,00,0,4,0,201600001137C03,7,2,1
201600001153,2016-01-08,2016,janvier,vendredi,14:45,29,29024,48.27776,-3.55274,2,6,1,1,1,3,1,00,1,2,000,060,1,0,1,3,1,59,1,1,2,00,0,0,2,201600001153B02,7,9,1
201600001168,2016-09-17,2016,septembre,samedi,14:30,29,29020,48.099,-4.045,1,1,1,1,1,3,2,00,1,1,000,070,1,0,1,3,1,77,5,1,2,00,2,1,1,201600001168B02,17,17,1
201600001197,2016-06-01,2016,juin,mercredi,15:00,29,29276,48.66634,-4.06653,1,1,6,1,1,3,2,02,2,1,000,065,-1,0,1,4,2,68,5,1,2,00,0,0,1,201600001197A01,,,
201600001220,2016-10-15,2016,octobre,samedi,11:30,56,56158,0,0,2,6,6,1,1,3,2,00,-1,1,000,060,2,0,1,3,1,23,5,1,2,00,2,0,2,201600001220A01,,,
201600001222,2016-12-18,2016,décembre,dimanche,11:15,56,56206,47.69016,-2.72813,2,6,1,1,1,3,1,00,1,-1,000,000,1,0,1,4,1,69,5,1,8,00,2,0,1,201600001222B02,7,1,1
201600001237,2016-07-22,2016,juillet,vendredi,19:45,56,56052,47.5086,-2.6136,1,1,3,2,9,3,2,00,1,-1,000,062,1,0,1,3,1,11,5,1,2,00,2,4,19,201600001237B02,7,1,1
201600001239,2016-09-07,2016,septembre,mercredi,11:15,56,56004,47.53894,-2.39819,1,1,3,1,7,3,-1,00,-1,-1,000,000,1,0,1,3,1,70,5,1,2,00,2,7,1,201600001239B02,7,9,1
201600001271,2016-07-29,2016,juillet,vendredi,18:15,56,56152,47.34538,-3.16472,2,1,3,1,1,4,2,02,2,1,000,000,1,0,1,3,1,29,5,1,2,00,2,1,1,201600001271B02,7,15,1
201600001277,2016-03-23,2016,mars,mercredi,17:30,56,56118,0,0,2,6,3,1,7,3,-1,02,1,2,000,000,1,5,1,3,1,79,5,1,2,00,0,5,1,201600001277A01,7,1,1
201600001304,2016-10-13,2016,octobre,jeudi,13:30,56,56075,47.90426,-2.11839,2,3,3,1,1,9,2,02,1,1,000,064,1,0,1,3,1,9,2,1,2,00,2,1,1,201600001304A01,7,1,1
201600001324,2016-08-26,2016,août,vendredi,18:45,56,56110,0,0,1,1,5,1,1,3,2,02,3,1,000,076,1,0,1,3,1,13,5,1,2,00,2,4,0,201600001324C03,7,2,1
201600001324,2016-08-26,2016,août,vendredi,18:45,56,56110,0,0,1,1,5,1,1,3,2,02,3,1,000,076,1,0,1,4,1,62,5,1,2,00,2,4,2,201600001324B02,7,2,1
201600001352,2016-07-28,2016,juillet,jeudi,17:35,14,14384,49.3097,-0.35658,2,3,1,1,1,3,2,02,1,2,009,070,1,5,1,3,1,16,3,1,4,00,2,1,1,201600001352B01,7,16,1
201600001354,2016-10-02,2016,octobre,dimanche,95:0,14,14066,49.3319,-0.40584,2,2,3,1,1,3,2,02,1,1,000,074,1,5,1,3,1,82,5,1,9,00,2,8,1,201600001354A01,7,19,1
201600001362,2016-08-11,2016,août,jeudi,13:45,14,14738,49.1564,-0.4477,2,1,3,1,1,3,2,02,1,1,000,000,1,0,1,4,1,14,5,1,2,00,2,8,19,201600001362B02,7,1,1
201600001386,2016-06-30,2016,juin,jeudi,17:45,14,14143,0,0,1,1,1,1,1,9,2,01,2,3,000,036,1,0,1,3,1,63,5,1,1,00,0,0,1,201600001386A01,38,0,1
201600001397,2016-07-16,2016,juillet,samedi,18:15,14,14530,49.2362,-0.2381,1,2,3,1,1,3,2,02,2,4,000,060,1,0,1,3,1,17,5,1,4,00,2,1,1,201600001397A01,7,1,1
201600001438,2016-01-13,2016,janvier,mercredi,11:45,14,14713,49.0558,-0.4887,1,1,7,1,8,4,2,01,2,1,000,030,1,0,1,2,1,56,5,1,2,00,6,0,21,201600001438A01,,,
201600001441,2016-11-06,2016,novembre,dimanche,17:00,14,14150,0,0,1,1,3,2,1,3,2,02,1,1,000,000,1,0,3,3,1,3,5,1,2,00,0,0,0,201600001441B02,7,0,1
201600001454,2016-04-19,2016,avril,mardi,16:45,14,14648,49.131,0.14816,1,1,7,1,1,3,2,02,1,1,000,000,1,0,1,4,1,81,5,1,2,00,0,8,1,201600001454B01,,,
201600001472,2016-09-10,2016,septembre,samedi,17:00,14,14460,49.19,0.301,1,1,3,1,1,3,2,00,1,1,064,000,1,0,1,2,1,69,5,1,2,00,2,8,13,201600001472B02,10,1,1
201600001473,2016-10-26,2016,octobre,mercredi,13:30,14,14582,49.0672,0.18595,1,1,2,1,1,3,2,00,1,1,000,091,1,0,3,2,1,68,5,1,2,00,2,4,1,201600001473B02,7,14,1
201600001474,2016-12-22,2016,décembre,jeudi,18:30,14,14504,49.21,0.333,1,1,2,3,1,3,2,02,1,3,000,066,1,0,1,2,1,27,5,1,2,00,0,4,2,201600001474B02,7,2,1
201600001513,2016-04-30,2016,avril,samedi,14:30,14,14174,48.8482,-0.54949,2,1,3,1,1,4,2,02,1,1,000,035,1,0,1,3,1,15,5,1,2,00,2,3,15,201600001513B02,33,17,1
201600001529,2016-04-01,2016,avril,vendredi,74:5,50,50409,49.1657,-1.1316,2,1,1,1,1,3,2,02,2,1,070,000,1,0,1,4,1,46,1,1,4,00,2,4,1,201600001529B01,7,2,1
201600001542,2016-01-12,2016,janvier,mardi,85:5,94,94054,48.7298,2.37109,1,1,6,1,2,4,1,01,2,2,000,070,2,0,1,4,1,44,1,1,9,01,0,4,1,201600001542B01,7,24,1
201600001579,2016-01-16,2016,janvier,samedi,11:45,50,50102,48.7481,-1.55485,2,1,2,1,7,4,2,02,1,1,000,000,1,0,1,3,1,83,5,1,2,00,2,4,1,201600001579B01,7,2,1
201600001586,2016-08-14,2016,août,dimanche,91:5,50,50167,48.7482,-1.51009,1,1,3,2,7,3,2,02,1,1,000,065,1,0,1,4,1,82,5,1,2,00,2,8,1,201600001586B01,7,2,1
201600001605,2016-10-25,2016,octobre,mardi,12:00,50,50187,49.6334,-1.70542,1,1,3,1,1,3,2,02,-1,2,000,050,1,0,1,3,1,48,5,1,2,00,2,8,15,201600001605B01,7,1,1
201600001609,2016-05-06,2016,mai,vendredi,15:00,50,50045,49.5117,-1.7787,1,2,1,1,1,3,2,02,2,1,057,000,1,0,1,3,1,20,5,1,1,00,2,0,13,201600001609B01,7,17,1
201600001631,2016-07-09,2016,juillet,samedi,18:00,50,50058,49.093,-1.58234,2,2,3,1,1,4,2,02,2,1,046,000,1,0,1,4,1,13,5,1,1,00,2,8,15,201600001631A01,7,17,1
201600001647,2016-02-29,2016,février,lundi,16:45,50,50151,49.2013,-1.56599,2,6,3,1,1,3,2,02,1,1,000,056,1,5,1,3,1,67,5,1,2,00,2,1,1,201600001647B01,7,9,1
201600001653,2016-12-23,2016,décembre,vendredi,17:15,50,50510,49.1637,-1.34613,2,2,3,2,2,3,2,02,2,1,000,049,2,0,1,3,1,11,5,1,1,00,2,8,16,201600001653B01,7,1,1
201600001664,2016-01-18,2016,janvier,lundi,13:35,01,01053,46.19516,5.22941,1,7,3,1,1,3,1,01,1,2,000,000,1,5,1,4,1,50,1,1,8,00,2,7,1,201600001664B01,10,9,1
201600001674,2016-03-22,2016,mars,mardi,17:15,01,01451,46.23929,5.22886,2,6,3,1,1,3,2,02,1,4,000,000,1,5,5,3,1,17,1,1,9,00,2,8,1,201600001674B01,7,16,1
201600001678,2016-04-13,2016,avril,mercredi,64:5,01,01053,46.19532,5.22953,2,6,3,2,2,3,2,02,1,1,000,100,1,5,1,4,1,37,1,1,2,00,2,7,1,201600001678B01,7,9,1
201600001687,2016-05-23,2016,mai,lundi,13:30,01,01053,46.19845,5.22902,2,3,3,1,2,4,2,02,1,1,000,000,2,0,1,4,1,17,1,1,2,00,2,8,1,201600001687B01,7,15,1
201600001696,2016-07-21,2016,juillet,jeudi,90:0,01,01053,46.20019,5.24855,2,1,3,1,1,4,2,02,1,1,000,071,1,0,1,4,2,42,1,1,2,11,2,1,2,201600001696A01,7,2,1
201600001704,2016-09-16,2016,septembre,vendredi,17:15,01,01053,46.19541,5.22533,2,2,3,1,1,4,2,03,1,1,001,001,2,5,1,4,1,49,0,1,9,00,2,8,1,201600001704A01,7,16,1
201600001706,2016-09-23,2016,septembre,vendredi,17:59,01,01053,46.21099,5.22749,2,1,3,1,1,4,2,02,1,1,000,102,1,0,1,4,1,14,5,1,9,00,2,8,19,201600001706A01,7,1,1
201600001715,2016-11-18,2016,novembre,vendredi,83:0,01,01053,46.19814,5.22251,2,2,3,1,2,4,2,02,2,1,000,091,2,0,1,4,2,18,1,1,2,00,2,7,1,201600001715B01,7,15,1
201600001723,2016-12-12,2016,décembre,lundi,85:0,01,01053,46.20562,5.23612,2,1,6,1,8,4,2,02,1,1,010,070,1,0,1,4,1,18,2,1,2,00,2,1,18,201600001723B01,7,23,1
201600001724,2016-12-15,2016,décembre,jeudi,12:40,01,01053,46.20897,5.23752,2,1,1,1,1,4,2,04,1,1,000,000,1,0,5,4,1,56,1,1,2,00,2,1,1,201600001724B01,2,16,1
201600001786,2016-05-11,2016,mai,mercredi,14:45,61,61121,48.47501,0.46442,2,1,7,1,1,3,2,02,2,2,000,000,1,0,1,3,2,82,5,1,9,16,0,7,1,201600001786A01,,,
201600001812,2016-04-19,2016,avril,mardi,17:30,44,44204,47.2866,-1.44532,1,1,3,1,1,3,2,03,1,1,000,111,1,0,1,2,1,50,5,1,2,00,2,3,13,201600001812B02,14,17,1
201600001814,2016-07-12,2016,juillet,mardi,12:45,44,44172,47.26365,-1.48674,2,1,1,1,1,9,2,00,1,1,000,000,1,0,5,3,1,55,1,1,2,01,0,1,1,201600001814B02,17,0,1
201600001818,2016-09-20,2016,septembre,mardi,16:15,44,44026,47.29278,-1.43954,1,1,1,1,1,3,2,02,-1,1,000,060,1,0,1,1,1,66,5,1,2,00,0,4,2,201600001818B02,1,2,1