Num_Acc,date,an,mois,jour,hrmn,dep,com,lat,long,agg,int,col,lum,atm,catr,circ,nbv,prof,plan,lartpc,larrout,surf,infra,situ,grav,sexe,age,trajet,secuexist,equipement,obs,obsm,choc,manv,vehiculeid,typevehicules,manoeuvehicules,numVehicules
201600003612,2016-04-16,2016,avril,samedi,11:15,31,31271,43.57487,1.69224,1,4,5,1,7,3,-1,00,4,3,000,050,1,0,1,4,1,62,5,1,2,00,9,1,2,201600003612C03,21,1,1
201600003612,2016-04-16,2016,avril,samedi,11:15,31,31271,43.57487,1.69224,1,4,5,1,7,3,-1,00,4,3,000,050,1,0,1,4,1,51,5,1,2,00,9,1,2,201600003612E05,21,1,1
201600003616,2016-10-02,2016,octobre,dimanche,91:5,31,31228,0,0,1,1,6,1,1,3,2,02,1,2,000,000,1,0,1,3,2,63,5,1,2,00,0,3,1,201600003616B02,7,0,1
201600003617,2016-03-26,2016,mars,samedi,18:00,31,31113,43.52307,1.50654,2,1,1,1,1,4,2,02,1,1,000,060,1,0,1,3,2,38,5,1,1,00,2,1,1,201600003617B02,7,13,1
201600003624,2016-06-05,2016,juin,dimanche,91:5,31,31118,43.79122,1.35049,1,1,3,1,1,3,2,02,2,2,000,063,1,0,1,3,1,41,5,1,2,00,2,3,13,201600003624B02,7,13,1
201600003631,2016-03-30,2016,mars,mercredi,14:00,31,31093,43.76781,1.16329,1,2,3,1,1,3,2,02,-1,1,000,050,1,0,1,3,2,64,5,1,2,00,2,1,1,201600003631A01,7,1,1
201600003639,2016-01-14,2016,janvier,jeudi,91:5,31,31417,43.61775,1.2833,2,6,3,1,1,3,4,02,1,-1,000,000,1,5,1,4,1,64,5,1,1,00,2,8,1,201600003639B02,7,16,1
201600003641,2016-07-27,2016,juillet,mercredi,84:5,31,31291,0,0,1,6,3,1,1,3,2,00,2,2,000,000,1,0,1,3,1,36,5,1,2,00,0,0,0,201600003641B02,7,9,1
201600003655,2016-07-27,2016,juillet,mercredi,90:0,31,31205,43.70464,1.37668,2,6,2,1,1,3,1,01,1,2,000,085,1,5,1,4,2,42,5,1,2,00,0,4,16,201600003655B02,7,1,1
201600003656,2016-07-20,2016,juillet,mercredi,10:30,31,31136,0,0,1,1,1,1,1,3,2,02,3,3,000,060,1,0,1,3,1,81,5,1,2,00,0,4,1,201600003656B02,10,1,1
201600003663,2016-09-25,2016,septembre,dimanche,15:,31,31094,43.77794,1.63437,2,1,6,3,1,4,2,02,-1,1,000,000,1,0,0,3,1,52,1,1,2,00,0,0,1,201600003663A01,,,
201600003671,2016-05-01,2016,mai,dimanche,81:5,31,31395,43.45074,1.33559,1,6,1,1,1,3,2,00,-1,-1,000,000,-1,5,0,3,1,50,5,1,2,00,0,0,0,201600003671B02,3,1,1
201600003701,2016-09-10,2016,septembre,samedi,11:00,31,31107,43.29719,1.22474,2,1,3,1,1,4,2,02,1,1,000,086,1,0,1,3,2,73,3,1,1,00,2,3,1,201600003701B02,7,2,1
201600003731,2016-03-25,2016,mars,vendredi,18:45,31,31396,43.35908,1.63599,1,9,3,1,1,3,2,00,-1,1,000,000,1,5,1,3,2,33,5,1,1,00,2,1,1,201600003731B02,7,15,1
201600003737,2016-08-12,2016,août,vendredi,18:15,31,31210,43.39073,1.68409,1,3,1,1,7,3,2,00,4,1,000,051,-1,0,1,3,1,18,5,1,2,00,2,8,19,201600003737B02,7,1,1
201600003741,2016-08-06,2016,août,samedi,11:15,31,31478,43.45518,1.8969,1,1,1,1,1,3,-1,01,4,3,000,044,1,0,1,3,1,15,5,1,2,00,2,0,1,201600003741B02,7,13,1
201600003742,2016-03-18,2016,mars,vendredi,16:45,31,31240,43.41818,1.50054,1,2,3,1,1,3,2,02,1,1,000,061,1,5,1,3,1,35,5,1,2,00,2,1,1,201600003742B02,7,19,1
201600003758,2016-10-28,2016,octobre,vendredi,11:00,09,09108,42.99045,1.25156,1,1,6,1,1,4,2,02,2,4,000,035,1,0,1,2,2,70,5,1,2,00,0,0,1,201600003758A01,,,
201600003759,2016-11-26,2016,novembre,samedi,16:00,09,09293,42.97265,1.5221,1,1,1,1,1,3,2,00,2,1,000,041,1,0,1,3,1,58,5,1,2,00,2,1,21,201600003759B02,7,1,1
201600003785,2016-08-03,2016,août,mercredi,11:00,09,09167,43.25438,1.37039,1,1,7,1,1,4,2,01,4,2,000,034,1,2,1,3,1,58,5,1,2,00,0,2,1,201600003785A01,,,
201600003786,2016-10-22,2016,octobre,samedi,10:30,09,09167,43.26295,1.34694,1,1,7,1,6,3,2,00,1,1,000,050,1,0,1,3,1,19,0,1,2,00,0,0,1,201600003786A01,,,
201600003814,2016-03-02,2016,mars,mercredi,10:08,02,02168,49.04099,3.40378,2,3,3,1,1,4,2,02,1,1,000,000,2,0,1,3,1,81,3,1,9,00,2,1,1,201600003814B01,7,15,1
201600003825,2016-08-24,2016,août,mercredi,19:00,12,12264,44.4174,2.5733,1,2,5,1,7,3,2,02,2,1,000,060,1,5,1,3,1,24,5,1,2,00,2,8,1,201600003825B02,7,15,1
201600003825,2016-08-24,2016,août,mercredi,19:00,12,12264,44.4174,2.5733,1,2,5,1,7,3,2,02,2,1,000,060,1,5,1,3,1,53,5,1,2,00,2,8,1,201600003825C03,7,15,1
201600003827,2016-10-30,2016,octobre,dimanche,84:5,12,12133,44.29612,2.57411,1,1,6,1,1,4,-1,00,2,1,000,038,1,0,1,3,1,73,5,1,2,00,6,1,1,201600003827A01,,,
201600003839,2016-05-26,2016,mai,jeudi,16:36,12,12076,44.6272,2.37532,1,1,6,1,1,4,2,02,2,3,000,055,1,0,1,3,1,44,5,1,1,00,5,1,1,201600003839A01,,,
201600003843,2016-08-13,2016,août,samedi,10:45,12,12254,44.4185,2.53749,1,1,3,1,1,3,2,02,1,1,000,063,-1,0,1,3,1,80,5,1,2,00,2,8,1,201600003843B02,7,17,1
201600003882,2016-04-16,2016,avril,samedi,84:5,12,12208,43.9514,2.89519,2,2,3,1,1,3,2,00,4,1,000,083,1,5,1,3,1,13,5,1,2,00,2,8,1,201600003882A01,7,1,1
201600003897,2016-05-05,2016,mai,jeudi,14:00,12,12300,44.3484,2.05478,2,1,6,1,1,3,-1,00,1,1,000,040,1,0,1,4,1,18,5,1,1,00,0,0,1,201600003897A01,,,
201600003912,2016-04-18,2016,avril,lundi,14:45,32,32300,43.5512,0.61034,1,1,2,1,1,3,2,02,1,1,000,061,1,0,1,3,1,76,5,1,2,00,2,4,1,201600003912B02,7,2,1
201600003920,2016-05-24,2016,mai,mardi,94:5,32,32147,43.6262,0.87871,2,3,3,1,1,2,2,02,2,1,000,066,1,0,1,3,1,73,5,1,1,00,2,8,1,201600003920B02,7,19,1
201600003932,2016-05-16,2016,mai,lundi,14:30,32,32334,43.5913,1.14474,1,1,1,1,1,4,2,02,2,3,000,050,1,0,1,2,1,66,5,1,2,00,2,1,13,201600003932A01,7,1,1
201600003969,2016-10-17,2016,octobre,lundi,73:0,32,32211,43.8657,-0.06858,1,1,2,3,1,3,2,02,2,1,000,052,1,0,1,3,1,17,2,1,2,00,2,4,1,201600003969A01,7,2,1
201600003970,2016-10-24,2016,octobre,lundi,10:30,32,32119,43.8356,0.15154,1,4,3,1,1,3,2,02,1,1,000,061,1,0,1,3,1,90,5,1,1,00,2,1,9,201600003970A01,7,1,1
201600003980,2016-08-22,2016,août,lundi,14:15,32,32208,43.9337,0.5974,1,1,3,1,1,3,2,02,2,1,074,000,1,0,1,3,1,27,5,1,2,00,2,3,1,201600003980B02,15,17,1
201600003992,2016-07-30,2016,juillet,samedi,21:15,32,32252,43.4551,0.30089,1,2,3,2,1,3,2,02,2,1,000,050,1,0,1,3,1,17,5,1,1,00,2,1,19,201600003992A01,7,1,1
201600004102,2016-09-22,2016,septembre,jeudi,17:15,65,65340,43.27855,0.10916,1,2,1,1,1,2,2,00,1,1,000,000,1,0,1,3,1,78,5,1,2,00,2,0,19,201600004102A01,7,1,1
201600004103,2016-09-28,2016,septembre,mercredi,17:15,65,65280,43.1355,-0.06962,1,1,1,1,1,3,2,02,2,2,000,050,1,0,1,3,1,59,5,1,2,00,9,1,1,201600004103B02,21,1,1
201600004107,2016-08-31,2016,août,mercredi,18:45,65,65097,43.1961,0.37431,1,1,7,1,1,3,2,02,2,3,000,000,9,0,3,3,1,54,5,1,2,00,0,1,1,201600004107A01,,,
201600004112,2016-06-06,2016,juin,lundi,16:15,65,65304,43.4722,0.02636,2,1,2,1,1,3,2,02,1,1,000,058,2,0,1,4,1,86,5,1,2,00,2,4,1,201600004112B02,7,1,1
201600004115,2016-03-26,2016,mars,samedi,84:5,65,65040,43.065,-0.0432,1,1,1,1,1,3,-1,02,4,1,000,000,1,3,1,4,1,50,5,1,2,00,2,1,1,201600004115B02,7,19,1
201600004118,2016-12-06,2016,décembre,mardi,13:00,65,65098,43.0055,-0.08091,1,1,1,1,1,3,2,00,-1,1,032,000,1,0,1,4,1,53,5,1,2,00,2,8,19,201600004118B02,7,19,1
201600004120,2016-07-31,2016,juillet,dimanche,13:00,65,65188,42.7214,-0.04947,1,1,7,1,5,3,2,02,2,3,000,070,2,0,3,2,2,58,5,1,2,13,0,1,13,201600004120A01,,,
201600004130,2016-12-14,2016,décembre,mercredi,14:30,65,65328,43.0766,0.0694,2,1,3,1,1,3,2,00,1,1,380,000,1,0,1,3,1,53,5,1,2,00,2,1,15,201600004130A01,7,1,1
201600004137,2016-07-30,2016,juillet,samedi,14:15,65,65069,43.07909,0.3808,2,6,3,1,1,3,1,00,1,-1,000,000,1,5,1,3,1,68,5,1,2,00,2,5,1,201600004137B02,7,9,1
201600004139,2016-12-13,2016,décembre,mardi,14:45,65,65094,43.0631,0.4353,1,1,1,1,7,3,2,01,2,-1,000,000,7,0,1,3,1,82,5,1,2,00,0,0,1,201600004139A01,1,0,1
201600004139,2016-12-13,2016,décembre,mardi,14:45,65,65094,43.0631,0.4353,1,1,1,1,7,3,2,01,2,-1,000,000,7,0,1,4,1,67,5,1,2,00,0,0,0,201600004139B02,1,1,1
201600004141,2016-06-28,2016,juin,mardi,11:15,65,65031,42.8971,0.35321,2,3,7,1,1,3,,,,,,,,,,3,1,28,5,1,2,10,0,1,17,201600004141A01,,,
201600004160,2016-03-26,2016,mars,samedi,10:30,81,81247,43.9397,2.37878,1,1,3,1,1,3,2,02,2,3,000,050,1,0,1,3,1,64,5,1,2,00,2,3,1,201600004160A01,21,1,1
201600004170,2016-03-24,2016,mars,jeudi,17:30,81,81070,43.7737,1.68598,2,6,7,1,1,3,4,02,1,3,125,075,1,5,1,3,1,81,5,1,1,00,0,0,1,201600004170A01,,,
201600004189,2016-04-17,2016,avril,dimanche,10:15,81,81099,43.9051,1.85602,1,6,1,1,8,3,2,02,1,2,200,070,2,5,1,3,1,57,5,1,4,00,2,7,2,201600004189B02,7,9,1
201600004218,2016-07-20,2016,juillet,mercredi,17:30,02,02408,0,0,1,2,3,1,1,3,2,02,1,2,000,077,-1,0,1,3,1,24,9,1,2,00,0,8,19,201600004218A01,7,1,1
201600004234,2016-05-25,2016,mai,mercredi,12:30,81,81145,43.8892,1.82156,1,1,3,1,1,3,2,02,1,1,000,060,1,0,1,4,1,15,2,1,2,00,2,7,12,201600004234A01,10,18,1
201600004236,2016-07-31,2016,juillet,dimanche,15:30,81,81202,43.8002,1.82688,2,2,3,1,1,9,2,01,1,1,000,056,1,0,1,3,1,15,5,1,2,00,2,1,15,201600004236B02,7,1,1
201600004306,2016-07-25,2016,juillet,lundi,73:0,82,82112,44.11633,1.10588,2,6,2,1,1,3,2,02,1,-1,000,065,1,5,1,3,1,37,1,1,4,00,2,4,16,201600004306B02,7,9,1
201600004310,2016-08-25,2016,août,jeudi,10:45,82,82152,0,0,1,1,2,1,1,3,2,00,1,1,000,000,1,2,1,3,1,53,5,1,9,00,2,4,2,201600004310B02,7,2,1
201600004359,2016-07-01,2016,juillet,vendredi,12:00,69,69059,45.861,4.707,1,1,2,1,1,3,3,00,1,1,025,085,1,0,1,3,1,49,5,1,2,14,0,1,2,201600004359A01,10,23,1
201600004367,2016-04-22,2016,avril,vendredi,15:15,69,69143,0,0,2,1,1,1,1,3,2,02,2,1,029,087,1,0,1,3,1,82,5,1,1,00,2,8,2,201600004367B02,7,2,1
201600004381,2016-08-17,2016,août,mercredi,93:0,69,69287,45.713,5.056,1,6,3,1,7,4,2,00,1,1,000,000,1,5,1,3,2,57,5,1,2,00,2,1,9,201600004381A01,10,15,1
201600004389,2016-08-31,2016,août,mercredi,11:45,69,69273,0,0,2,1,3,1,1,4,2,02,1,1,000,000,-1,3,5,3,1,67,5,1,2,00,2,0,1,201600004389B02,7,23,1
201600004414,2016-06-26,2016,juin,dimanche,60:0,69,69078,0,0,1,1,7,1,1,3,3,02,2,2,000,000,1,0,1,3,1,41,5,1,1,00,0,0,0,201600004414A01,,,
201600004419,2016-04-10,2016,avril,dimanche,10:00,69,69255,45.739,4.682,1,1,2,1,1,3,2,02,-1,1,030,060,1,0,1,2,1,66,5,1,2,00,2,4,2,201600004419B02,7,2,1
201600004421,2016-08-21,2016,août,dimanche,19:45,69,69154,0,0,1,1,3,1,1,3,2,02,-1,3,000,000,1,0,1,3,1,58,5,1,2,00,2,1,13,201600004421A01,10,1,1
201600004433,2016-10-20,2016,octobre,jeudi,15:00,69,69296,45.65266,4.84828,1,1,2,1,1,4,2,02,1,1,060,000,1,0,1,4,1,46,5,1,2,00,0,3,1,201600004433B02,7,1,1
201600004438,2016-05-10,2016,mai,mardi,13:45,69,69228,0,0,1,1,2,1,1,3,2,02,2,1,080,000,1,0,1,3,1,72,5,1,2,00,2,4,1,201600004438B02,7,14,1
201600004447,2016-08-24,2016,août,mercredi,84:5,69,69228,0,0,1,6,1,1,1,3,1,02,-1,2,000,000,1,0,1,4,1,74,5,1,2,00,2,5,2,201600004447B02,7,9,1
201600004463,2016-09-15,2016,septembre,jeudi,15:00,69,69052,0,0,2,6,3,1,1,4,2,02,1,1,000,050,1,0,1,3,1,45,5,1,2,00,2,8,1,201600004463B02,10,1,1
201600004470,2016-06-03,2016,juin,vendredi,18:45,69,69019,46.112,4.733,2,1,3,1,8,4,-1,00,1,1,000,000,1,0,1,3,2,30,1,1,1,00,2,7,1,201600004470B02,14,15,1
201600004471,2016-08-17,2016,août,mercredi,91:5,69,69197,46.057,4.662,1,1,1,1,7,3,3,01,2,1,025,096,1,0,1,3,1,72,5,1,2,00,2,1,1,201600004471B02,7,15,1
201600004547,2016-06-23,2016,juin,jeudi,15:30,01,01273,46.09288,5.35699,1,1,6,1,1,4,2,00,2,4,000,060,1,0,3,3,1,61,5,1,2,01,0,1,1,201600004547A01,,,
201600004586,2016-10-31,2016,octobre,lundi,16:30,01,01138,0,0,2,6,3,1,1,3,-1,00,1,-1,000,000,1,5,1,4,1,82,5,1,2,00,2,2,1,201600004586B02,7,3,1
201600004604,2016-08-13,2016,août,samedi,20:00,01,01087,46.20538,5.6938,1,1,1,1,1,4,2,00,-1,1,000,040,1,0,1,3,2,68,5,1,2,00,9,3,0,201600004604B02,7,1,1
201600004612,2016-04-29,2016,avril,vendredi,81:5,01,01071,0,0,2,1,1,2,1,3,2,00,1,1,000,000,1,0,1,3,1,15,2,1,2,00,2,4,19,201600004612B02,7,1,1
201600004634,2016-06-23,2016,juin,jeudi,11:30,01,01427,0,0,2,1,7,1,1,3,1,00,1,1,000,000,1,0,1,3,1,50,5,1,2,08,0,7,1,201600004634A01,,,
201600004666,2016-01-23,2016,janvier,samedi,14:30,01,01297,0,0,1,1,7,1,1,3,2,02,2,1,000,030,2,0,3,3,1,58,5,1,2,00,0,0,1,201600004666A01,,,
201600004668,2016-04-08,2016,avril,vendredi,11:15,01,01049,0,0,2,1,3,1,1,3,3,02,1,1,029,097,1,0,1,4,1,43,1,1,2,00,0,8,1,201600004668A01,14,0,1
201600004694,2016-06-13,2016,juin,lundi,11:15,07,07139,0,0,1,1,1,1,1,3,2,02,2,1,000,050,1,0,1,4,1,71,5,1,2,14,0,3,13,201600004694A01,7,0,1
201600004721,2016-06-02,2016,juin,jeudi,10:15,07,07349,0,0,1,1,3,1,1,3,2,02,1,1,000,050,1,0,1,4,1,54,5,1,2,00,2,1,1,201600004721A01,7,17,1
201600004726,2016-10-19,2016,octobre,mercredi,17:00,07,07349,0,0,1,1,6,1,1,3,2,02,1,1,009,090,1,0,1,1,1,72,5,1,2,00,2,8,1,201600004726A01,,,
201600004726,2016-10-19,2016,octobre,mercredi,17:00,07,07349,0,0,1,1,6,1,1,3,2,02,1,1,009,090,1,0,1,3,2,71,0,1,2,00,2,8,1,201600004726A01,,,
201600004755,2016-08-02,2016,août,mardi,16:00,07,07324,0,0,2,6,1,1,1,3,1,00,1,2,000,070,1,5,1,3,2,53,4,1,1,00,2,4,1,201600004755B02,7,1,1
201600004759,2016-10-12,2016,octobre,mercredi,11:45,07,07324,0,0,2,1,3,1,1,4,2,02,-1,1,000,060,1,0,1,2,2,62,1,1,1,00,2,3,11,201600004759B02,7,1,1
201600004776,2016-08-02,2016,août,mardi,14:00,07,07129,0,0,1,1,6,1,1,3,2,02,2,1,000,058,1,0,1,2,1,75,5,1,2,00,0,8,1,201600004776B02,7,1,1
201600004785,2016-01-12,2016,janvier,mardi,17:15,26,26108,0,0,1,6,1,2,1,3,2,02,1,-1,000,000,1,5,1,3,1,66,5,1,4,00,2,8,2,201600004785B02,7,16,1
201600004807,2016-06-22,2016,juin,mercredi,80:0,26,26220,44.35853,5.13516,2,1,3,1,7,4,2,02,1,1,000,055,1,0,1,3,1,75,3,1,2,00,2,8,1,201600004807B02,7,17,1
201600004855,2016-07-20,2016,juillet,mercredi,11:00,38,38547,45.23356,5.88567,2,1,1,1,1,3,2,02,2,-1,000,000,1,0,1,3,1,70,5,1,2,00,2,9,0,201600004855B02,10,1,1
201600004856,2016-09-30,2016,septembre,vendredi,83:0,38,38422,45.16446,5.80833,1,1,5,1,1,3,2,00,2,-1,000,000,1,0,1,2,2,46,1,1,2,00,2,8,17,201600004856A01,7,1,2
201600004891,2016-09-25,2016,septembre,dimanche,15:45,38,38382,0,0,2,1,1,1,1,4,2,02,1,4,054,000,1,0,1,3,1,50,5,1,2,00,2,1,5,201600004891B02,7,1,1
201600004893,2016-11-23,2016,novembre,mercredi,14:00,38,38382,0,0,1,1,1,1,1,3,1,01,2,1,000,075,1,0,1,4,2,69,5,1,2,00,0,4,1,201600004893B02,3,14,1
201600004901,2016-03-30,2016,mars,mercredi,70:0,38,38474,0,0,2,1,1,2,1,4,2,02,1,1,000,060,1,0,1,3,1,18,1,1,2,00,2,7,15,201600004901A01,33,1,1
201600004909,2016-04-19,2016,avril,mardi,17:15,38,38511,45.36233,5.95537,2,9,2,1,1,3,2,00,2,-1,000,000,1,0,1,4,1,62,5,1,2,00,0,1,0,201600004909B02,10,0,1
201600004920,2016-01-22,2016,janvier,vendredi,12:15,38,38524,0,0,2,1,3,1,1,3,2,00,1,1,000,000,1,0,1,3,2,58,5,1,2,00,2,1,1,201600004920B02,7,15,1
201600004927,2016-11-08,2016,novembre,mardi,81:5,38,38524,0,0,2,1,3,2,5,4,2,02,1,-1,000,000,1,0,1,3,2,78,5,1,2,00,2,8,1,201600004927B02,7,13,1
201600004950,2016-11-10,2016,novembre,jeudi,82:0,02,02738,49.66957,3.30064,2,3,3,1,2,4,1,01,2,1,000,048,2,0,1,4,2,75,5,1,9,00,2,7,1,201600004950B01,7,15,1
201600004970,2016-07-01,2016,juillet,vendredi,17:45,38,38068,45.10402,5.71359,1,1,2,1,1,3,2,02,1,1,120,000,1,0,1,2,1,57,5,1,2,00,2,4,2,201600004970B02,7,2,1
201600004973,2016-08-23,2016,août,mardi,19:30,38,38364,0,0,1,1,6,2,1,3,2,00,2,3,000,070,1,0,1,3,1,23,5,1,2,10,0,1,1,201600004973A01,,,
201600005027,2016-01-22,2016,janvier,vendredi,16:15,38,38138,45.72,5.264,1,1,1,1,1,3,2,00,-1,2,000,060,1,0,0,3,1,41,5,1,2,00,2,1,19,201600005027A01,7,1,1
201600005054,2016-06-24,2016,juin,vendredi,17:45,38,38001,0,0,2,1,1,1,1,3,2,02,1,1,000,000,1,0,1,3,2,9,5,1,2,00,2,1,0,201600005054B02,7,1,1
201600005067,2016-09-12,2016,septembre,lundi,13:00,38,38464,0,0,2,1,2,1,1,3,2,00,2,1,000,061,1,0,1,3,2,56,1,1,2,00,0,4,1,201600005067A01,7,1,1
201600005077,2016-06-01,2016,juin,mercredi,15:30,44,44066,47.35446,-1.57373,1,9,1,1,1,4,2,00,2,-1,000,000,1,0,1,3,1,75,5,1,2,00,2,1,1,201600005077B02,1,15,1
201600005077,2016-06-01,2016,juin,mercredi,15:30,44,44066,47.35446,-1.57373,1,9,1,1,1,4,2,00,2,-1,000,000,1,0,1,1,1,12,5,1,2,00,0,4,15,201600005077A01,1,1,1
201600005116,2016-08-09,2016,août,mardi,11:00,38,38288,45.5554,5.01634,2,1,3,1,1,4,2,02,4,1,000,045,1,5,1,3,1,18,1,1,2,00,2,1,15,201600005116B02,3,1,1
201600005143,2016-07-23,2016,juillet,samedi,20:00,38,38189,0,0,2,1,2,2,1,4,2,02,1,1,000,060,1,0,1,3,1,14,5,1,2,00,0,3,13,201600005143B02,30,17,1
201600005163,2016-12-15,2016,décembre,jeudi,14:45,38,38475,0,0,1,1,1,1,1,4,2,00,1,1,000,070,1,0,1,3,2,66,5,1,1,00,2,8,1,201600005163B02,7,13,1
201600005166,2016-04-12,2016,avril,mardi,12:30,42,42279,45.48936,4.24344,2,1,3,1,1,3,2,02,2,1,000,066,1,0,1,3,1,36,5,1,2,00,2,1,1,201600005166B02,14,15,1
201600005173,2016-04-19,2016,avril,mardi,17:15,42,42172,45.38304,4.43847,2,1,7,1,1,3,2,00,2,1,000,000,1,0,1,4,2,45,5,1,2,16,0,0,15,201600005173A01,,,
201600005175,2016-04-19,2016,avril,mardi,14:15,42,42287,45.25854,4.46987,1,1,6,1,1,3,2,02,2,2,000,000,1,0,1,3,1,58,5,1,2,00,0,1,1,201600005175A01,,,
201600005181,2016-10-29,2016,octobre,samedi,14:30,42,42224,45.33903,4.42113,2,1,1,1,1,3,2,00,2,1,000,000,1,0,1,4,1,45,5,1,2,00,2,1,1,201600005181B02,7,15,1
201600005183,2016-02-06,2016,février,samedi,15:15,42,42097,45.48425,4.34455,2,1,3,1,1,3,2,02,-1,1,000,000,1,0,1,4,1,54,5,1,2,00,2,1,1,201600005183B02,7,15,1
201600005186,2016-04-16,2016,avril,samedi,83:0,42,42302,45.47817,4.44323,2,6,3,1,1,4,2,00,-1,2,000,070,1,5,1,4,1,64,5,1,2,00,2,7,1,201600005186B02,7,1,1
201600005188,2016-09-22,2016,septembre,jeudi,20:00,42,42302,45.50285,4.45055,1,1,3,3,1,3,2,00,-1,2,000,060,1,0,1,3,1,44,5,1,2,00,2,1,1,201600005188B02,7,15,1
201600005189,2016-11-15,2016,novembre,mardi,14:00,42,42097,45.50537,4.30661,1,6,3,1,1,3,2,02,-1,2,000,065,1,0,0,3,1,65,5,1,2,00,2,1,1,201600005189B02,7,16,1
201600005207,2016-09-01,2016,septembre,jeudi,11:00,42,42147,45.60248,4.07874,2,6,2,1,1,4,2,02,1,-1,000,075,1,0,0,3,1,64,5,1,2,00,0,5,1,201600005207A01,7,9,1
201600005208,2016-11-01,2016,novembre,mardi,14:15,42,42285,45.5541,4.13649,1,1,1,1,1,3,2,02,-1,1,000,060,1,6,1,3,1,14,5,1,2,00,2,8,19,201600005208B02,7,21,1
201600005209,2016-01-21,2016,janvier,jeudi,11:30,42,42304,45.54066,4.18742,2,1,1,1,1,4,2,02,1,1,000,000,1,5,5,3,1,75,3,1,1,00,2,7,1,201600005209B02,7,1,1
201600005227,2016-04-20,2016,avril,mercredi,10:00,42,42221,45.75435,4.14599,1,1,6,1,1,3,2,01,1,-1,000,040,1,0,1,4,1,65,5,1,2,00,6,0,0,201600005227A01,,,
201600005248,2016-12-12,2016,décembre,lundi,74:5,42,42159,45.80676,3.77807,1,1,1,1,1,4,2,02,-1,-1,000,095,1,0,1,3,1,16,2,1,2,00,2,1,1,201600005248B02,7,15,1
201600005274,2016-08-13,2016,août,samedi,11:45,42,42262,45.41089,4.2178,1,1,1,1,1,3,2,02,-1,2,000,072,1,0,1,3,1,56,5,1,1,00,2,3,1,201600005274B02,33,13,1
201600005276,2016-08-27,2016,août,samedi,12:00,42,42140,45.45545,4.06316,1,1,3,1,1,3,2,02,2,2,000,060,1,0,1,4,1,58,5,1,2,00,2,3,1,201600005276A01,10,0,1
201600005287,2016-07-19,2016,juillet,mardi,90:0,42,42013,45.65384,4.29335,1,1,3,1,1,3,2,02,1,1,000,045,1,0,1,3,1,80,5,1,2,00,2,3,1,201600005287B02,3,17,1
201600005290,2016-09-12,2016,septembre,lundi,81:5,42,42323,45.56591,4.29284,2,1,2,1,1,3,2,02,1,1,000,064,1,0,1,3,1,82,5,1,2,00,2,4,15,201600005290A01,1,17,1
201600005290,2016-09-12,2016,septembre,lundi,81:5,42,42323,45.56591,4.29284,2,1,2,1,1,3,2,02,1,1,000,064,1,0,1,1,1,42,1,1,2,00,2,1,17,201600005290B02,1,15,1
201600005301,2016-09-09,2016,septembre,vendredi,12:15,42,42265,45.44579,4.75256,2,1,1,1,1,3,4,02,-1,1,000,070,1,0,1,1,1,82,5,1,2,00,2,0,9,201600005301B02,7,14,1
201600005304,2016-02-18,2016,février,jeudi,15:45,42,42338,46.11977,4.11059,1,1,3,1,1,3,2,02,1,-1,000,060,1,0,1,4,1,65,0,1,1,00,2,3,1,201600005304B02,10,1,1
201600005323,2016-11-23,2016,novembre,mercredi,14:30,42,42289,45.94673,4.21951,2,1,3,1,1,2,3,01,1,1,040,080,1,0,1,3,1,78,5,1,2,00,2,8,2,201600005323B02,7,2,1
201600005327,2016-05-21,2016,mai,samedi,14:00,42,42052,46.16191,4.17168,1,1,3,1,1,3,2,02,2,3,000,060,1,0,1,3,1,13,5,1,2,00,2,1,1,201600005327B02,7,15,1
201600005328,2016-05-21,2016,mai,samedi,94:5,42,42015,46.15085,4.34197,1,1,3,1,1,3,2,02,1,1,000,060,1,0,1,3,1,61,5,1,2,00,2,8,19,201600005328A01,7,1,1
201600005334,2016-08-01,2016,août,lundi,17:15,42,42273,46.17094,4.09553,1,1,2,1,1,3,2,02,1,1,000,000,1,0,1,2,1,81,5,1,2,00,2,4,2,201600005334B02,7,1,1
201600005361,2016-06-20,2016,juin,lundi,15:45,73,73328,45.65663,5.89947,1,1,6,1,1,3,3,02,1,3,000,090,1,0,5,2,1,58,5,1,2,00,1,1,1,201600005361A01,,,
201600005387,2016-06-16,2016,juin,jeudi,14:15,73,73179,45.61194,5.86019,1,1,7,1,2,3,2,02,2,1,000,070,2,0,1,3,1,42,5,1,2,13,2,1,1,201600005387A01,,,
201600005395,2016-07-21,2016,juillet,jeudi,91:5,73,73048,45.58257,6.30468,1,1,6,1,1,3,2,02,2,3,000,061,1,0,1,3,2,57,5,1,2,00,0,1,2,201600005395A01,,,
201600005401,2016-07-20,2016,juillet,mercredi,11:30,73,73285,45.62306,6.82062,1,1,7,1,1,3,2,02,2,2,000,068,1,0,1,3,1,62,5,1,2,00,0,7,1,201600005401A01,,,
201600005406,2016-06-16,2016,juin,jeudi,10:00,73,73015,45.43371,6.55618,1,1,3,1,2,3,2,02,2,1,000,085,2,0,1,3,1,39,5,1,2,00,2,4,1,201600005406B02,10,17,1