Num_Acc,date,an,mois,jour,hrmn,dep,com,lat,long,agg,int,col,lum,atm,catr,circ,nbv,prof,plan,lartpc,larrout,surf,infra,situ,grav,sexe,age,trajet,secuexist,equipement,obs,obsm,choc,manv,vehiculeid,typevehicules,manoeuvehicules,numVehicules
201600005413,2016-06-26,2016,juin,dimanche,15:30,73,73306,45.08376,6.42768,1,1,5,1,1,3,2,00,2,3,000,070,1,0,1,3,1,29,5,1,2,00,2,1,1,201600005413B02,33,17,1
201600005413,2016-06-26,2016,juin,dimanche,15:30,73,73306,45.08376,6.42768,1,1,5,1,1,3,2,00,2,3,000,070,1,0,1,3,2,27,5,1,2,00,2,1,1,201600005413C03,33,17,1
201600005414,2016-07-01,2016,juillet,vendredi,14:15,73,73306,45.0858,6.4372,1,1,3,1,1,3,2,02,2,3,000,070,1,0,1,3,1,29,5,1,2,00,2,6,13,201600005414B02,7,1,1
201600005420,2016-06-26,2016,juin,dimanche,83:0,73,73220,45.48432,6.27172,1,3,1,1,1,3,2,02,1,3,000,052,1,0,1,3,1,52,5,1,2,00,0,1,0,201600005420A01,7,0,1
201600005425,2016-07-23,2016,juillet,samedi,12:15,73,73144,45.29935,6.93548,1,1,6,1,1,3,2,02,2,2,000,070,1,0,1,3,1,56,5,1,2,04,0,1,1,201600005425A01,,,
201600005434,2016-07-27,2016,juillet,mercredi,11:00,74,74275,0,0,2,1,5,1,1,3,2,00,-1,1,000,000,1,0,1,4,1,28,5,1,2,00,0,4,1,201600005434A01,7,1,1
201600005434,2016-07-27,2016,juillet,mercredi,11:00,74,74275,0,0,2,1,5,1,1,3,2,00,-1,1,000,000,1,0,1,2,2,28,5,1,2,00,0,4,1,201600005434B02,7,1,1
201600005443,2016-10-17,2016,octobre,lundi,17:45,74,74242,0,0,2,4,3,1,2,4,2,02,1,1,,,2,0,5,3,2,20,0,1,2,00,0,7,1,201600005443B02,7,1,1
201600005455,2016-10-29,2016,octobre,samedi,15:15,74,74274,0,0,1,1,2,1,1,3,3,02,-1,1,060,000,1,0,1,4,1,70,5,1,2,00,0,4,2,201600005455B02,10,17,1
201600005460,2016-09-11,2016,septembre,dimanche,17:30,74,74136,0,0,1,1,7,1,1,4,2,00,2,2,000,000,1,0,1,3,1,43,5,1,2,00,0,0,1,201600005460A01,,,
201600005489,2016-10-19,2016,octobre,mercredi,15:30,74,74236,0,0,1,1,3,1,1,3,2,02,-1,1,000,074,1,0,1,3,1,60,5,1,2,00,2,0,1,201600005489B02,7,17,1
201600005495,2016-06-25,2016,juin,samedi,20:15,74,74224,0,0,2,4,1,1,1,4,,02,2,1,,,1,0,1,3,1,9,5,1,2,00,2,7,1,201600005495B02,7,1,1
201600005508,2016-04-28,2016,avril,jeudi,14:30,74,74208,0,0,2,1,2,1,1,3,2,02,1,1,000,000,1,0,1,3,1,13,0,1,2,00,2,4,13,201600005508B02,31,2,1
201600005525,2016-08-02,2016,août,mardi,93:0,74,74258,0,0,1,1,1,1,1,3,2,02,-1,1,000,070,1,0,1,3,1,69,5,1,2,00,2,1,1,201600005525B02,20,1,1
201600005541,2016-09-01,2016,septembre,jeudi,17:30,74,74197,0,0,1,1,2,1,1,3,3,02,-1,1,000,073,1,3,1,3,1,67,5,1,2,00,2,4,12,201600005541A01,15,1,1
201600005620,2016-02-01,2016,février,lundi,17:15,63,63263,0,0,1,1,3,1,7,3,2,02,2,1,000,055,1,0,1,3,1,62,5,1,2,00,2,8,1,201600005620B02,7,15,1
201600005631,2016-02-06,2016,février,samedi,10:00,63,63219,45.8,2.924,1,1,7,1,1,3,-1,02,2,2,000,000,2,0,1,3,1,53,5,1,2,00,0,0,1,201600005631A01,,,
201600005659,2016-12-16,2016,décembre,vendredi,22:00,63,63211,45.4784,3.7264,2,1,4,5,1,3,2,02,1,1,000,102,1,0,1,2,2,55,5,1,2,00,2,8,1,201600005659C03,7,1,2
201600005674,2016-07-21,2016,juillet,jeudi,15:30,63,63380,0,0,2,1,2,1,1,3,2,02,2,1,050,050,1,0,1,3,1,41,5,1,2,00,2,1,2,201600005674B02,7,15,1
201600005683,2016-11-30,2016,novembre,mercredi,13:45,63,63073,45.58491,3.18395,2,3,3,1,1,3,2,02,3,1,000,000,1,0,1,4,1,48,0,1,2,00,2,1,19,201600005683B02,7,19,1
201600005696,2016-09-03,2016,septembre,samedi,11:30,63,63029,45.486,3.344,1,1,1,1,1,3,2,02,-1,3,000,064,1,0,1,3,1,56,5,1,2,00,0,8,15,201600005696A01,7,0,1
201600005726,2016-01-04,2016,janvier,lundi,16:45,63,63276,45.8298,3.501,2,1,6,1,1,4,2,02,1,1,000,060,1,0,1,3,1,63,5,1,2,00,2,4,2,201600005726B02,7,2,1
201600005771,2016-08-24,2016,août,mercredi,91:5,03,03173,0,0,1,1,7,1,7,3,2,02,2,1,000,060,1,0,1,3,1,66,5,1,2,00,0,0,1,201600005771A01,,,
201600005789,2016-09-25,2016,septembre,dimanche,91:5,03,03267,46.333,3.286,1,1,3,1,1,3,2,02,1,1,000,059,1,0,1,3,1,13,5,1,2,00,0,7,19,201600005789A01,7,1,1
201600005835,2016-11-17,2016,novembre,jeudi,12:15,03,03220,0,0,1,1,1,1,1,3,2,00,-1,-1,000,065,1,0,1,4,1,65,5,1,2,00,2,3,2,201600005835B02,7,17,1
201600005848,2016-11-28,2016,novembre,lundi,18:00,03,03284,0,0,1,1,2,3,1,3,2,02,1,1,000,120,1,0,1,2,1,54,5,1,2,00,2,4,1,201600005848A01,10,1,1
201600005863,2016-04-20,2016,avril,mercredi,16:30,15,15184,0,0,1,1,7,1,6,3,2,00,2,1,000,061,1,0,1,3,2,42,5,1,4,00,0,1,1,201600005863A01,,,
201600005863,2016-04-20,2016,avril,mercredi,16:30,15,15184,0,0,1,1,7,1,6,3,2,00,2,1,000,061,1,0,1,1,1,3,0,1,3,00,0,1,1,201600005863A01,,,
201600005867,2016-12-06,2016,décembre,mardi,14:30,15,15196,0,0,1,1,3,1,7,2,2,00,-1,1,000,000,1,0,1,4,1,65,5,1,2,00,2,8,1,201600005867B02,10,1,1
201600005911,2016-07-26,2016,juillet,mardi,15:30,15,15244,45.078,2.935,1,1,1,1,1,3,2,00,1,2,000,051,9,0,1,3,1,70,5,1,2,00,2,3,1,201600005911B02,7,1,1
201600005941,2016-12-28,2016,décembre,mercredi,14:30,43,43230,45.1327,3.91927,2,1,5,1,1,3,2,02,1,1,000,060,1,0,1,1,1,18,5,1,2,00,2,4,2,201600005941B02,7,1,1
201600005941,2016-12-28,2016,décembre,mercredi,14:30,43,43230,45.1327,3.91927,2,1,5,1,1,3,2,02,1,1,000,060,1,0,1,3,1,10,5,1,2,00,2,1,1,201600005941A01,7,1,1
201600005990,2016-01-01,2016,janvier,vendredi,22:45,03,03185,0,0,2,2,6,5,1,4,1,01,1,-1,000,065,1,5,1,3,1,20,0,1,2,00,2,4,1,201600005990A01,7,1,1
201600005992,2016-04-20,2016,avril,mercredi,16:00,03,03185,0,0,2,3,6,1,1,3,3,02,1,1,000,000,1,0,1,3,2,21,0,1,2,00,0,0,0,201600005992B01,7,0,1
201600006007,2016-08-04,2016,août,jeudi,13:00,03,03185,0,0,2,1,7,1,3,4,2,02,4,-1,000,042,2,0,1,3,2,49,5,1,2,00,0,0,0,201600006007A01,,,
201600006027,2016-08-07,2016,août,dimanche,15:30,57,57017,0,0,1,1,1,1,1,3,-1,02,1,1,036,000,1,0,1,3,2,79,0,1,2,00,2,4,1,201600006027B02,7,1,1
201600006029,2016-09-01,2016,septembre,jeudi,16:00,57,57134,0,0,2,9,3,1,1,3,2,00,-1,1,000,060,1,5,1,3,1,12,2,1,9,00,2,8,11,201600006029B02,7,1,1
201600006038,2016-07-22,2016,juillet,vendredi,50:0,57,57578,0,0,1,1,2,2,1,3,2,02,1,1,000,060,1,0,1,2,1,53,5,1,2,00,0,4,0,201600006038B02,13,0,1
201600006040,2016-09-01,2016,septembre,jeudi,93:0,57,57515,49.02984,6.05175,1,1,3,1,1,3,2,00,2,-1,000,060,1,2,1,4,1,17,2,1,2,00,2,1,15,201600006040A01,7,9,1
201600006068,2016-05-02,2016,mai,lundi,19:45,57,57106,49.29011,6.53514,2,6,1,1,1,3,2,00,2,-1,000,000,1,5,1,3,1,69,0,1,2,00,0,1,0,201600006068B02,7,9,1
201600006108,2016-05-03,2016,mai,mardi,17:15,57,57176,0,0,2,1,1,1,1,3,2,02,1,1,000,101,1,5,1,3,1,58,5,1,2,00,2,1,1,201600006108B02,7,15,1
201600006121,2016-08-26,2016,août,vendredi,19:45,57,57692,0,0,2,1,6,1,1,3,2,02,1,-1,020,060,1,5,1,3,1,52,5,1,1,08,0,1,16,201600006121A01,,,
201600006143,2016-07-17,2016,juillet,dimanche,11:45,57,57355,0,0,2,1,2,1,1,3,2,01,2,1,000,070,1,0,1,3,1,71,5,1,2,00,2,8,1,201600006143B02,17,17,1
201600006152,2016-06-08,2016,juin,mercredi,13:30,57,57206,0,0,1,1,3,1,1,4,2,00,1,-1,000,000,1,0,1,4,1,10,5,1,1,00,2,8,1,201600006152B02,38,1,1
201600006182,2016-05-04,2016,mai,mercredi,17:00,54,54571,48.617,6.25,1,1,5,1,1,3,2,02,2,1,000,070,1,0,1,4,1,40,5,1,2,00,2,8,2,201600006182B02,17/ 7,17/2,2
201600006194,2016-11-24,2016,novembre,jeudi,11:15,54,54462,48.992,6.55,2,1,7,1,2,4,2,02,1,1,000,000,2,0,4,3,1,63,5,1,2,12,0,1,20,201600006194A01,,,
201600006215,2016-02-08,2016,février,lundi,11:00,03,03310,46.1312,3.41747,2,3,3,1,8,4,2,02,1,1,000,080,1,0,1,3,2,79,5,1,9,00,2,3,1,201600006215B01,7,1,1
201600006230,2016-05-18,2016,mai,mercredi,20:50,03,03310,46.12247,3.41872,2,3,3,2,8,4,2,02,1,1,000,120,1,0,1,4,2,26,1,1,2,00,0,0,0,201600006230B01,7,15,1
201600006251,2016-11-26,2016,novembre,samedi,11:30,03,03095,46.13179,3.45374,2,1,6,1,1,4,2,02,1,1,000,100,1,0,1,4,1,21,5,1,2,00,0,0,0,201600006251B01,10,17,1
201600006280,2016-12-10,2016,décembre,samedi,15:00,54,54040,48.51788,6.90598,1,1,3,1,7,3,2,02,1,1,063,000,1,0,1,4,1,57,5,1,2,00,2,8,1,201600006280B02,7,1,1
201600006296,2016-10-11,2016,octobre,mardi,15:15,54,54490,48.77409,6.05395,1,1,2,1,1,3,2,02,-1,1,000,062,1,0,1,2,1,69,5,1,2,01,0,1,2,201600006296B02,10,23,1
201600006300,2016-05-24,2016,mai,mardi,16:00,54,54272,48.75557,5.95499,1,1,3,1,1,3,2,02,-1,1,000,000,1,0,1,4,1,68,5,1,2,00,2,3,2,201600006300A01,7,2,1
201600006310,2016-04-20,2016,avril,mercredi,17:15,55,55132,48.61012,5.09278,2,1,3,1,1,3,2,02,1,1,000,065,1,0,1,3,1,57,5,1,2,00,2,8,1,201600006310B02,7,13,1
201600006317,2016-07-04,2016,juillet,lundi,81:5,55,55122,48.66,5.811,2,3,3,1,2,3,2,02,1,1,000,065,2,0,1,3,2,6,2,1,2,00,2,1,0,201600006317B02,15,1,1
201600006318,2016-07-30,2016,juillet,samedi,17:45,55,55454,0,0,1,1,7,1,1,3,2,01,2,2,000,030,1,0,1,3,1,51,0,1,2,00,0,0,1,201600006318A01,,,
201600006389,2016-07-27,2016,juillet,mercredi,11:15,88,88465,48.25051,6.42115,2,1,1,1,1,3,2,02,1,1,000,050,1,0,1,3,1,50,5,1,2,01,0,1,1,201600006389B02,7,22,1
201600006390,2016-07-27,2016,juillet,mercredi,14:45,88,88465,48.24602,6.42515,2,6,3,1,1,3,4,01,1,1,000,050,1,5,1,4,1,69,5,1,2,01,2,7,1,201600006390A01,7,9,1
201600006401,2016-08-25,2016,août,jeudi,71:5,88,88225,48.10355,6.51399,1,1,1,1,7,3,2,02,1,1,000,074,1,0,1,3,2,57,5,1,2,00,2,8,1,201600006401B02,7,1,1
201600006409,2016-04-20,2016,avril,mercredi,16:00,88,88305,48.41989,5.70118,2,1,1,1,1,4,2,02,2,1,000,090,1,0,1,4,1,17,5,1,2,00,2,1,5,201600006409A01,7,1,1
201600006410,2016-04-20,2016,avril,mercredi,17:00,88,88232,48.47444,5.89557,1,1,5,1,1,4,2,02,1,1,000,040,1,0,1,4,1,48,5,1,2,00,2,8,1,201600006410B02,17,17,1
201600006410,2016-04-20,2016,avril,mercredi,17:00,88,88232,48.47444,5.89557,1,1,5,1,1,4,2,02,1,1,000,040,1,0,1,3,1,51,5,1,2,00,2,8,1,201600006410C03,17,17,1
201600006433,2016-02-12,2016,février,vendredi,11:45,88,88486,48.00694,6.71138,1,6,1,1,1,3,2,01,1,1,000,060,1,5,1,3,1,60,5,1,2,00,2,4,1,201600006433B02,7,1,1
201600006443,2016-08-31,2016,août,mercredi,12:15,88,88302,47.90435,6.77929,2,1,7,1,1,4,2,02,1,1,000,060,1,0,4,3,1,48,1,1,1,00,0,0,16,201600006443A01,,,
201600006447,2016-11-26,2016,novembre,samedi,10:30,88,88408,47.92686,6.65965,2,6,3,1,7,4,2,00,1,-1,100,000,1,5,1,2,2,83,5,1,2,00,2,1,1,201600006447B02,7,9,1
201600006467,2016-09-09,2016,septembre,vendredi,91:5,88,88196,48.06918,6.83701,2,1,3,1,1,3,2,00,1,1,000,090,1,0,1,3,1,61,5,1,2,00,2,1,1,201600006467B02,14,16,1
201600006469,2016-09-29,2016,septembre,jeudi,11:30,88,88196,48.06956,6.83747,2,3,1,1,1,3,2,02,-1,2,000,068,1,0,1,4,1,66,0,1,2,00,2,1,1,201600006469B02,7,15,1
201600006470,2016-10-22,2016,octobre,samedi,16:00,88,88196,48.06516,6.85648,1,1,1,1,1,3,2,02,1,3,000,068,1,0,1,4,2,28,5,1,2,00,2,3,1,201600006470B02,10,15,1
201600006479,2016-04-02,2016,avril,samedi,11:45,67,67028,0,0,1,1,1,1,1,3,2,01,2,2,000,035,1,0,1,3,1,67,5,1,2,00,2,8,15,201600006479B02,7,1,1
201600006483,2016-05-08,2016,mai,dimanche,11:00,67,67233,0,0,1,1,1,1,1,3,2,02,1,1,000,056,1,0,1,2,1,53,5,1,2,00,2,1,1,201600006483B02,7,13,1
201600006484,2016-05-08,2016,mai,dimanche,18:30,67,67216,0,0,2,3,3,1,1,4,2,02,1,1,000,060,1,0,1,4,1,14,5,1,2,00,2,4,1,201600006484B02,7,1,1
201600006489,2016-09-13,2016,septembre,mardi,11:45,67,67055,0,0,1,1,1,1,1,3,2,02,3,1,000,000,1,2,1,3,1,66,5,1,2,00,2,8,19,201600006489A01,7,1,1
201600006497,2016-03-07,2016,mars,lundi,15:30,67,67131,0,0,2,1,3,1,1,3,2,02,1,1,000,054,1,0,1,3,1,66,5,1,1,00,2,2,1,201600006497B02,10,15,1
201600006499,2016-05-09,2016,mai,lundi,15:30,67,67131,0,0,2,1,3,1,1,3,-1,00,1,-1,000,050,1,5,1,4,1,78,5,1,2,00,0,5,1,201600006499B02,7,1,1
201600006509,2016-06-27,2016,juin,lundi,17:30,67,67130,0,0,2,6,3,1,1,3,-1,02,-1,-1,000,000,-1,0,0,3,1,74,0,1,9,00,2,1,19,201600006509B02,7,1,1
201600006513,2016-09-04,2016,septembre,dimanche,16:15,67,67130,0,0,2,6,3,1,9,3,4,00,1,-1,000,050,2,0,1,3,1,24,5,1,2,00,0,7,1,201600006513B02,7,9,1
201600006532,2016-05-08,2016,mai,dimanche,10:00,67,67098,0,0,1,3,5,1,1,3,2,00,-1,1,000,070,1,0,1,3,2,53,5,1,2,00,2,7,1,201600006532A01,7,19,1
201600006532,2016-05-08,2016,mai,dimanche,10:00,67,67098,0,0,1,3,5,1,1,3,2,00,-1,1,000,070,1,0,1,3,1,56,5,1,2,00,2,5,1,201600006532B02,7,19,1
201600006536,2016-06-16,2016,juin,jeudi,12:00,67,67300,0,0,2,9,1,1,8,9,-1,00,-1,1,000,000,2,0,5,3,1,62,3,1,2,00,2,1,0,201600006536B02,7,9,1
201600006539,2016-09-07,2016,septembre,mercredi,84:5,67,67313,0,0,2,1,6,1,1,3,2,00,1,3,000,000,1,0,1,1,1,47,5,1,2,00,1,1,1,201600006539A01,,,
201600006540,2016-04-11,2016,avril,lundi,15:45,67,67299,0,0,1,1,1,1,1,3,2,02,1,3,000,061,1,0,1,3,1,59,5,1,2,00,2,1,1,201600006540B02,14,11,1
201600006543,2016-07-20,2016,juillet,mercredi,20:30,67,67411,0,0,2,1,1,1,1,4,2,00,1,1,000,076,1,0,1,3,1,47,5,1,2,00,0,0,0,201600006543A01,7,13,1
201600006558,2016-07-09,2016,juillet,samedi,16:00,67,67081,0,0,1,1,3,1,1,3,2,00,1,1,000,060,1,0,1,3,1,16,5,1,1,00,2,7,19,201600006558A01,33,1,1
201600006562,2016-11-03,2016,novembre,jeudi,15:45,67,67061,0,0,1,1,3,2,7,3,2,00,2,1,000,040,1,0,1,3,1,62,5,1,2,00,2,8,1,201600006562B02,10,17,1
201600006575,2016-11-30,2016,novembre,mercredi,13:15,67,67067,48.733,7.71,2,1,3,1,1,4,1,00,1,1,000,000,1,5,1,3,2,15,1,1,1,00,0,1,5,201600006575B02,7,16,1
201600006591,2016-05-26,2016,mai,jeudi,19:00,67,67118,0,0,2,1,2,1,1,3,2,00,1,3,000,000,1,0,1,2,1,60,5,1,2,00,2,0,2,201600006591B02,31,2,1
201600006592,2016-08-08,2016,août,lundi,81:5,67,67551,0,0,2,6,1,1,1,2,1,01,1,3,000,000,1,5,1,3,2,25,1,1,1,00,2,7,19,201600006592B02,33,16,1
201600006599,2016-08-03,2016,août,mercredi,15:30,67,67362,0,0,1,1,6,1,1,3,2,02,2,1,000,062,1,0,3,3,1,42,5,1,9,01,0,1,14,201600006599A01,,,
201600006602,2016-10-31,2016,octobre,lundi,14:30,67,67239,0,0,1,1,1,1,1,9,3,02,1,3,000,026,1,0,5,2,1,69,5,1,2,00,2,1,1,201600006602A01,1,13,1
201600006602,2016-10-31,2016,octobre,lundi,14:30,67,67239,0,0,1,1,1,1,1,9,3,02,1,3,000,026,1,0,5,1,2,16,5,1,2,00,2,1,13,201600006602B02,1,1,1
201600006607,2016-04-24,2016,avril,dimanche,84:5,67,67125,0,0,1,1,2,1,1,3,1,02,2,1,000,074,1,0,1,3,1,55,5,1,2,00,0,4,1,201600006607B02,7,2,1
201600006614,2016-09-29,2016,septembre,jeudi,14:30,67,67481,0,0,2,1,3,1,1,3,2,02,1,1,000,071,1,0,1,3,2,63,5,1,2,00,2,8,19,201600006614B02,33,1,1
201600006642,2016-01-13,2016,janvier,mercredi,14:45,67,67261,0,0,2,1,3,1,2,3,4,00,1,1,060,000,2,6,1,4,1,17,0,1,2,00,2,7,1,201600006642B02,7,1,1
201600006645,2016-05-18,2016,mai,mercredi,14:30,67,67330,0,0,2,1,1,1,1,3,2,02,1,1,000,060,1,0,1,3,2,48,5,1,2,00,2,8,1,201600006645B02,7,13,1
201600006646,2016-11-17,2016,novembre,jeudi,10:15,67,67261,0,0,2,2,3,1,2,9,2,02,1,1,000,048,2,0,1,3,1,40,0,1,1,00,2,1,2,201600006646B02,7,2,1
201600006657,2016-01-25,2016,janvier,lundi,93:0,67,67110,0,0,1,1,3,1,7,3,2,02,1,1,000,000,1,0,1,3,2,60,3,1,1,00,2,8,1,201600006657B02,7,1,1
201600006691,2016-07-08,2016,juillet,vendredi,11:00,68,68164,48.13384,7.29037,1,3,3,1,1,3,2,02,1,1,,057,1,0,0,3,1,78,5,1,2,00,2,1,1,201600006691B02,7,15,1
201600006701,2016-07-09,2016,juillet,samedi,21:00,68,68226,48.04022,7.15667,2,1,2,1,1,4,2,02,1,1,000,060,1,0,1,3,1,4,5,1,2,00,2,1,13,201600006701B02,7,20,1
201600006707,2016-11-24,2016,novembre,jeudi,17:50,68,68226,48.04238,7.1601,2,6,3,5,1,3,1,01,1,2,240,070,1,5,1,3,2,46,3,1,2,00,2,1,1,201600006707B01,7,15,1
201600006719,2016-06-01,2016,juin,mercredi,84:5,68,68028,48.20429,7.35398,2,3,1,1,1,4,2,02,1,1,000,040,1,0,1,3,1,19,1,1,2,00,2,8,15,201600006719B02,10,1,1
201600006735,2016-03-01,2016,mars,mardi,74:5,68,68155,48.09451,7.30565,2,6,3,1,1,3,2,02,1,2,000,065,1,5,1,4,2,24,1,1,2,00,2,7,1,201600006735B02,7,1,1
201600006740,2016-09-25,2016,septembre,dimanche,17:00,68,68155,0,0,1,1,2,1,1,9,2,02,1,1,000,030,1,0,5,4,1,54,5,1,2,00,0,1,1,201600006740B02,30,12,1
201600006742,2016-10-12,2016,octobre,mercredi,17:30,68,68374,0,0,1,1,3,1,1,3,2,00,-1,1,000,060,1,0,1,4,1,16,0,1,2,00,2,1,1,201600006742B02,7,16,1
201600006780,2016-04-02,2016,avril,samedi,16:15,68,68181,47.45039,7.20303,2,3,3,1,1,4,2,02,1,1,000,063,1,0,1,3,1,8,5,1,2,00,2,1,19,201600006780B02,7,1,1
201600006789,2016-05-26,2016,mai,jeudi,84:5,68,68266,47.89765,7.35334,2,2,3,1,1,3,2,02,1,1,000,195,1,0,1,3,1,63,5,1,2,00,2,8,1,201600006789A01,7,19,1
201600006790,2016-06-25,2016,juin,samedi,93:0,68,68266,47.89764,7.35335,1,2,1,1,1,3,2,03,1,1,000,165,1,0,1,4,1,66,5,1,2,00,2,1,1,201600006790B01,7,19,1
201600006811,2016-12-01,2016,décembre,jeudi,13:45,68,68082,0,0,2,6,1,1,1,4,-1,00,1,-1,030,000,1,5,1,2,1,74,5,1,2,00,2,8,19,201600006811B02,7,23,1
201600006825,2016-06-10,2016,juin,vendredi,15:00,68,68251,48.00521,7.21383,1,1,7,1,1,3,2,02,2,4,000,045,1,0,1,3,1,57,5,1,2,00,2,8,1,201600006825B02,7,17,1
201600006833,2016-11-04,2016,novembre,vendredi,14:15,68,68287,47.95997,7.29227,2,1,3,1,1,4,2,02,1,1,000,049,1,0,1,4,1,41,5,1,2,00,2,1,1,201600006833B02,7,20,1
201600006848,2016-12-28,2016,décembre,mercredi,14:00,68,68154,47.77954,7.34562,2,3,3,1,1,3,2,02,1,2,000,090,1,5,5,4,2,34,4,1,2,00,2,1,5,201600006848A01,7,23,1
201600006852,2016-07-05,2016,juillet,mardi,11:00,68,68384,47.70227,7.30801,2,1,2,1,1,3,2,02,1,1,000,078,1,0,1,4,1,19,1,1,2,00,2,1,2,201600006852A01,30,17,1
201600006855,2016-04-22,2016,avril,vendredi,16:45,68,68121,47.52525,7.47835,2,3,3,1,1,3,2,02,1,1,000,080,1,5,1,4,1,52,5,1,2,00,2,1,1,201600006855B02,10,15,1
201600006863,2016-08-04,2016,août,jeudi,81:5,68,68286,47.63651,7.53533,2,3,3,1,1,3,2,02,1,2,000,060,1,0,1,4,1,29,5,1,2,00,2,1,1,201600006863A01,7,9,1
201600006871,2016-11-03,2016,novembre,jeudi,15:30,68,68174,0,0,1,1,3,1,1,3,2,02,-1,1,000,063,1,0,1,3,1,66,5,1,2,00,0,4,0,201600006871B02,7,2,1
201600006876,2016-05-14,2016,mai,samedi,17:00,68,68040,47.81917,7.06035,1,1,7,1,1,3,2,02,2,1,000,052,1,0,1,3,1,48,5,1,2,00,0,3,1,201600006876A01,,,
201600006894,2016-05-18,2016,mai,mercredi,16:45,68,68063,47.80675,7.18282,2,1,1,1,1,4,2,02,1,1,000,050,1,0,1,4,1,13,5,1,2,00,2,1,19,201600006894B02,7,1,1
201600006899,2016-09-19,2016,septembre,lundi,20:15,68,68063,0,0,2,3,3,5,9,3,2,03,2,1,,090,1,5,0,4,2,36,5,1,2,00,2,2,17,201600006899B02,7,20,1
201600006903,2016-10-19,2016,octobre,mercredi,17:30,68,68359,47.84729,7.14319,1,1,5,1,1,4,2,02,2,4,000,045,2,0,1,4,1,17,5,1,2,00,2,1,1,201600006903B02,7,1,1
201600006903,2016-10-19,2016,octobre,mercredi,17:30,68,68359,47.84729,7.14319,1,1,5,1,1,4,2,02,2,4,000,045,2,0,1,1,1,18,5,1,2,00,2,8,1,201600006903C03,7,1,1
201600006915,2016-05-08,2016,mai,dimanche,12:45,68,68213,47.87128,6.97409,2,3,2,1,1,4,2,02,2,1,,060,1,0,0,3,1,18,5,1,9,00,2,1,1,201600006915B02,7,4,1
201600006917,2016-06-11,2016,juin,samedi,12:00,68,68102,47.90492,7.09061,2,1,5,1,1,3,2,02,2,2,000,070,1,0,1,3,1,27,5,1,2,00,2,1,1,201600006917B02,33,1,1
201600006917,2016-06-11,2016,juin,samedi,12:00,68,68102,47.90492,7.09061,2,1,5,1,1,3,2,02,2,2,000,070,1,0,1,4,1,31,5,1,2,00,2,1,1,201600006917A01,33,1,1
201600006945,2016-04-10,2016,avril,dimanche,94:5,51,51638,48.85739,4.10759,1,1,2,1,7,3,2,02,2,1,000,055,1,0,1,3,1,61,5,1,2,00,2,4,2,201600006945B02,10,2,1
201600006952,2016-10-15,2016,octobre,samedi,15:30,51,51413,49.02395,4.04559,2,3,3,1,1,4,2,02,1,1,000,043,1,0,1,4,1,14,5,1,2,00,2,6,15,201600006952B02,7,1,1
201600006977,2016-10-06,2016,octobre,jeudi,15:15,51,51432,48.69196,3.84042,1,1,3,1,6,3,2,02,1,1,000,056,1,0,1,2,1,21,5,1,2,00,2,3,13,201600006977B02,7,2,1
201600006980,2016-12-08,2016,décembre,jeudi,16:45,51,51009,48.58522,3.81897,2,3,3,2,1,3,2,02,1,1,000,062,1,5,1,3,1,58,5,1,9,00,2,8,19,201600006980B02,7,1,1
201600007005,2016-10-02,2016,octobre,dimanche,91:5,51,51204,49.07139,3.88316,1,1,1,1,1,3,2,02,-1,1,000,080,1,0,1,2,1,69,5,1,2,00,2,1,1,201600007005B02,7,13,1
201600007010,2016-08-08,2016,août,lundi,10:45,51,51647,48.74438,4.62637,2,1,1,1,1,3,2,02,1,1,000,060,1,0,4,2,1,6,5,1,2,00,2,8,1,201600007010B02,20,1,1
201600007028,2016-07-18,2016,juillet,lundi,11:30,10,10195,48.571,4.303,1,1,7,1,1,3,-1,00,2,1,,060,1,0,1,2,1,69,5,1,2,00,0,1,1,201600007028A01,,,
201600007036,2016-04-13,2016,avril,mercredi,16:00,10,10342,48.16377,4.05227,1,1,5,1,1,3,2,01,-1,3,,050,1,0,1,3,2,61,5,1,2,00,0,0,0,201600007036B01,1,0,2
201600007036,2016-04-13,2016,avril,mercredi,16:00,10,10342,48.16377,4.05227,1,1,5,1,1,3,2,01,-1,3,,050,1,0,1,3,1,56,5,1,2,00,0,0,0,201600007036C02,1,0,2
201600007036,2016-04-13,2016,avril,mercredi,16:00,10,10342,48.16377,4.05227,1,1,5,1,1,3,2,01,-1,3,,050,1,0,1,3,1,76,5,1,2,00,0,0,0,201600007036A03,1,0,2
201600007044,2016-10-22,2016,octobre,samedi,19:45,10,10282,48.36531,3.9495,1,1,2,3,1,3,2,00,1,1,,064,1,0,3,3,1,50,5,1,4,00,2,4,2,201600007044B02,7,2,1
201600007053,2016-09-01,2016,septembre,jeudi,16:00,10,10003,48.226,3.733,2,1,1,1,1,3,2,02,1,1,,065,1,0,1,3,1,20,5,1,2,00,2,1,15,201600007053A01,7,1,1
201600007063,2016-04-13,2016,avril,mercredi,14:00,10,10372,48.36945,4.69962,1,1,3,1,1,3,2,02,2,1,,070,1,0,1,3,1,66,5,1,2,00,2,7,1,201600007063B02,14,16,1
201600007065,2016-10-12,2016,octobre,mercredi,14:30,10,10094,48.518,4.568,2,1,1,1,1,4,2,00,1,1,,,1,0,1,3,1,9,5,1,2,00,2,1,19,201600007065B02,21,1,1