Num_Acc,date,an,mois,jour,hrmn,dep,com,lat,long,agg,int,col,lum,atm,catr,circ,nbv,prof,plan,lartpc,larrout,surf,infra,situ,grav,sexe,age,trajet,secuexist,equipement,obs,obsm,choc,manv,vehiculeid,typevehicules,manoeuvehicules,numVehicules
201600007074,2016-08-24,2016,août,mercredi,17:00,10,10213,48.15954,4.41348,1,1,3,1,1,3,2,02,1,1,,075,1,0,1,3,1,56,5,1,2,00,2,4,1,201600007074B02,15,17,1
201600007086,2016-06-12,2016,juin,dimanche,12:00,10,10370,48.3894,3.49011,1,1,7,1,1,3,2,00,-1,3,,042,1,0,1,2,1,42,5,1,2,00,0,0,1,201600007086A01,,,
201600007094,2016-10-22,2016,octobre,samedi,19:15,10,10234,48.48436,3.88852,1,1,2,3,5,3,2,02,1,1,,054,1,0,1,3,1,15,5,1,4,00,2,4,2,201600007094B02,38,2,1
201600007105,2016-05-21,2016,mai,samedi,11:30,52,52058,48.20426,5.14886,1,1,1,1,1,3,2,02,1,1,000,063,1,0,1,3,2,63,5,1,1,00,2,1,19,201600007105A01,7,1,1
201600007140,2016-09-24,2016,septembre,samedi,80:0,52,52029,48.47337,5.13724,2,3,1,1,1,4,,,,,,,,,,3,1,13,5,1,1,00,2,1,0,201600007140B02,7,15,1
201600007145,2016-03-13,2016,mars,dimanche,18:45,52,52149,48.41503,4.94046,2,9,6,2,1,3,2,02,1,1,000,000,1,5,1,3,1,55,5,1,3,00,2,2,19,201600007145A01,,,
201600007153,2016-01-06,2016,janvier,mercredi,13:15,21,21367,47.25044,5.342,2,1,1,1,3,3,2,02,4,3,000,058,2,0,1,3,1,52,5,1,2,00,2,0,21,201600007153B02,10,15,1
201600007161,2016-10-19,2016,octobre,mercredi,80:0,21,21038,47.19375,5.39393,2,3,3,2,1,3,2,02,1,-1,006,015,1,,,3,1,17,2,1,2,00,2,1,1,201600007161B02,7,15,1
201600007168,2016-03-17,2016,mars,jeudi,15:30,21,21295,47.22596,4.96918,2,3,3,1,1,3,2,02,1,1,000,000,1,0,1,3,1,64,5,1,2,00,0,8,1,201600007168B02,15,1,1
201600007175,2016-03-03,2016,mars,jeudi,14:45,21,21496,47.30404,5.41966,2,1,1,1,2,3,2,02,1,1,000,057,2,2,1,4,1,82,5,1,4,00,2,4,1,201600007175B02,7,1,1
201600007190,2016-09-09,2016,septembre,vendredi,18:30,21,21582,46.91297,4.7176,1,1,1,2,1,3,2,02,1,1,000,000,1,0,1,3,2,48,5,1,2,00,2,8,1,201600007190B02,7,1,1
201600007191,2016-06-04,2016,juin,samedi,11:45,21,21600,47.2818,4.62269,2,1,1,1,1,3,2,01,2,3,000,000,1,3,1,3,1,61,5,1,2,00,2,1,13,201600007191A01,7,1,1
201600007216,2016-02-26,2016,février,vendredi,16:00,21,21080,47.3677,4.77504,1,2,3,1,1,3,2,02,1,1,000,035,1,0,1,3,1,50,5,1,2,00,2,3,1,201600007216B02,7,1,1
201600007222,2016-03-15,2016,mars,mardi,12:00,58,58250,0,0,2,3,3,1,1,3,2,00,-1,1,000,000,1,2,0,2,1,65,9,1,2,00,2,1,16,201600007222B02,17,1,1
201600007229,2016-10-04,2016,octobre,mardi,18:00,58,58095,0,0,2,6,3,1,1,4,2,02,1,2,000,000,1,5,1,3,2,80,5,1,1,00,2,7,2,201600007229B02,7,2,1
201600007245,2016-06-01,2016,juin,mercredi,14:15,58,58232,0,0,1,1,2,1,2,3,2,02,1,1,000,050,1,0,1,3,2,61,5,1,1,00,0,4,2,201600007245B02,7,2,1
201600007247,2016-07-23,2016,juillet,samedi,16:15,58,58238,0,0,2,3,1,1,1,3,2,02,1,1,000,050,1,0,1,3,1,17,5,1,9,00,2,1,15,201600007247A01,7,1,1
201600007282,2016-10-24,2016,octobre,lundi,13:45,58,58286,47.608,3.002,2,1,7,1,3,4,1,01,2,1,000,070,2,0,1,3,2,54,3,1,1,00,0,0,1,201600007282A01,,,
201600007312,2016-05-10,2016,mai,mardi,15:45,71,71210,46.28738,4.74321,1,1,1,1,1,3,2,02,2,2,000,049,1,0,1,3,2,64,0,1,2,00,2,1,1,201600007312A01,7,9,1
201600007315,2016-08-10,2016,août,mercredi,18:00,71,71574,0,0,1,1,3,1,1,3,2,00,2,2,000,051,1,0,1,3,1,35,5,1,2,00,2,6,1,201600007315B02,2,17,1
201600007318,2016-09-29,2016,septembre,jeudi,19:15,71,71526,46.29754,4.72371,2,1,1,2,1,4,2,02,2,-1,040,000,1,0,1,4,1,48,5,1,2,00,2,1,0,201600007318A01,7,21,1
201600007323,2016-12-26,2016,décembre,lundi,14:45,71,71235,46.35231,4.79356,2,1,2,1,2,3,2,02,1,1,000,070,2,0,1,3,2,13,5,1,2,00,2,4,15,201600007323B02,7,1,1
201600007336,2016-04-07,2016,avril,jeudi,23:30,71,71543,0,0,1,1,1,3,1,3,2,04,1,1,000,000,1,0,1,1,1,22,5,1,2,00,0,4,2,201600007336B02,7,2,1
201600007336,2016-04-07,2016,avril,jeudi,23:30,71,71543,0,0,1,1,1,3,1,3,2,04,1,1,000,000,1,0,1,3,1,20,0,1,2,00,0,4,2,201600007336B02,7,2,1
201600007341,2016-11-15,2016,novembre,mardi,13:30,71,71591,0,0,1,6,3,1,1,3,2,00,-1,-1,000,000,1,5,1,4,1,66,5,1,2,00,0,5,1,201600007341B02,7,9,1
201600007358,2016-05-21,2016,mai,samedi,20:00,71,71124,46.67837,4.70171,1,2,3,1,1,4,2,00,2,1,000,055,1,5,1,3,1,63,5,1,2,00,2,7,1,201600007358B02,7,21,1
201600007367,2016-06-12,2016,juin,dimanche,17:45,71,71456,46.76508,5.05947,2,1,3,1,1,3,2,00,1,1,000,000,1,0,1,3,1,36,5,1,2,00,2,7,0,201600007367B02,7,1,1
201600007404,2016-06-29,2016,juin,mercredi,12:15,71,71047,46.6221,3.77691,2,1,3,1,1,3,2,02,1,3,000,200,1,0,1,3,2,43,9,1,2,00,0,1,1,201600007404B02,7,15,1
201600007490,2016-07-22,2016,juillet,vendredi,16:30,89,89068,47.79596,3.79883,1,1,3,1,1,3,2,00,1,1,000,070,1,0,1,3,1,12,5,1,2,00,2,7,15,201600007490A01,7,1,1
201600007539,2016-03-12,2016,mars,samedi,13:15,89,89309,48.28831,3.20851,2,1,1,1,1,9,2,00,1,1,000,000,1,0,1,3,1,16,5,1,2,00,2,8,15,201600007539B02,7,1,1
201600007557,2016-07-08,2016,juillet,vendredi,17:30,25,25245,47.2011,6.03551,1,1,2,1,1,3,-1,02,1,1,000,061,1,0,1,3,1,89,5,1,2,00,2,4,2,201600007557B02,10,2,1
201600007611,2016-04-12,2016,avril,mardi,17:30,25,25598,47.34666,6.10787,2,1,1,1,1,4,2,00,-1,3,000,030,1,0,1,2,1,8,5,1,2,00,2,1,1,201600007611B02,7,1,1
201600007614,2016-09-16,2016,septembre,vendredi,17:00,25,25132,47.33267,6.17227,1,1,1,1,1,3,2,02,2,1,000,056,1,0,1,3,1,49,5,1,2,00,2,1,1,201600007614B02,7,15,1
201600007651,2016-03-11,2016,mars,vendredi,17:30,25,25512,0,0,1,1,1,1,1,3,2,02,1,1,000,000,1,0,1,4,1,34,5,1,2,00,2,8,1,201600007651A01,7,17,1
201600007663,2016-02-23,2016,février,mardi,17:15,04,04070,44.0876,6.21751,2,1,3,1,1,4,2,00,1,1,000,056,1,0,1,3,1,15,2,1,2,00,2,0,19,201600007663B01,7,1,1
201600007666,2016-04-26,2016,avril,mardi,11:15,04,04070,44.0911,6.2311,1,6,3,1,1,3,1,02,1,2,000,060,1,5,1,4,1,71,5,1,9,00,2,0,0,201600007666B01,7,9,1
201600007668,2016-05-26,2016,mai,jeudi,15:00,04,04070,44.0879,6.22004,2,1,3,1,1,4,2,02,1,1,000,055,1,0,0,3,1,78,5,1,2,00,2,1,1,201600007668B01,10,19,1
201600007709,2016-07-28,2016,juillet,jeudi,17:15,39,39526,47.05649,5.41382,2,1,3,1,1,3,2,02,1,1,000,140,1,5,1,3,1,83,5,1,2,00,2,1,1,201600007709B02,7,19,1
201600007710,2016-10-07,2016,octobre,vendredi,17:30,39,39030,47.11659,5.50725,1,1,2,1,1,3,2,02,1,1,000,000,1,0,1,3,1,77,5,1,2,00,2,4,2,201600007710B02,7,2,1
201600007721,2016-06-01,2016,juin,mercredi,84:5,39,39131,46.59886,5.89596,1,1,1,1,2,4,2,00,2,1,000,053,2,0,1,3,1,8,5,1,2,00,2,1,9,201600007721B02,10,1,1
201600007726,2016-08-16,2016,août,mardi,12:15,39,39487,46.57601,5.98473,1,3,3,1,1,2,2,00,-1,2,081,000,1,0,1,3,2,51,5,1,2,00,2,1,1,201600007726B02,7,15,1
201600007736,2016-06-22,2016,juin,mercredi,80:0,04,04112,43.8262,5.7871,2,3,3,1,1,4,2,02,2,1,000,060,1,0,1,3,1,21,1,1,2,00,2,1,2,201600007736A01,7,9,1
201600007738,2016-08-19,2016,août,vendredi,17:50,04,04112,43.8221,5.78987,2,2,3,1,1,4,2,02,2,1,000,099,1,0,1,4,1,42,5,1,2,00,2,3,1,201600007738A01,7,1,1
201600007741,2016-09-29,2016,septembre,jeudi,85:5,04,04112,43.8295,5.78697,2,3,3,1,1,4,2,00,2,1,000,040,1,0,1,3,1,21,9,1,9,00,0,0,0,201600007741A01,7,0,1
201600007746,2016-12-08,2016,décembre,jeudi,14:00,04,04112,43.8104,5.81168,1,1,3,1,1,3,1,02,1,-1,035,070,1,5,0,3,1,76,0,1,2,00,2,8,2,201600007746B01,13,2,1
201600007753,2016-02-06,2016,février,samedi,83:0,70,70292,47.82929,5.89339,2,1,3,1,1,3,2,02,1,1,000,100,1,0,3,3,1,65,5,1,2,00,2,3,2,201600007753B02,7,2,1
201600007754,2016-03-15,2016,mars,mardi,14:00,70,70202,47.93076,6.02834,2,1,6,1,1,3,2,02,-1,3,000,053,1,0,1,2,1,75,5,1,2,00,0,1,2,201600007754A01,,,
201600007767,2016-09-08,2016,septembre,jeudi,83:0,70,70575,47.34163,6.01904,2,3,3,1,1,3,2,02,-1,1,000,000,1,5,1,4,1,71,5,1,2,00,2,1,1,201600007767B02,7,15,1
201600007777,2016-07-29,2016,juillet,vendredi,11:15,70,70339,47.74328,6.55626,1,2,3,1,1,3,2,02,1,1,000,000,1,0,1,3,1,59,5,1,2,00,2,1,1,201600007777B01,7,19,1
201600007778,2016-09-30,2016,septembre,vendredi,71:5,70,70120,47.68998,6.64285,2,5,3,2,1,4,2,02,2,1,000,035,1,0,1,3,1,60,4,1,2,00,2,1,15,201600007778A01,7,1,1
201600007800,2016-06-26,2016,juin,dimanche,12:45,70,70520,47.60482,5.84282,1,4,3,1,1,3,2,02,1,1,,,1,0,1,3,1,6,5,1,2,00,2,7,9,201600007800A01,10,1,1
201600007827,2016-06-02,2016,juin,jeudi,13:00,90,90005,0,0,2,1,7,1,3,3,2,02,2,1,000,062,2,0,1,3,2,64,5,1,2,00,0,0,1,201600007827A01,,,
201600007828,2016-07-10,2016,juillet,dimanche,13:30,90,90058,0,0,2,1,3,1,1,3,2,02,2,1,073,000,1,0,1,3,2,34,5,1,2,00,2,8,13,201600007828B02,7,17,1
201600007869,2016-05-30,2016,mai,lundi,90:0,26,26212,0,0,1,6,2,1,1,3,2,02,1,1,000,000,1,0,1,3,1,66,5,1,9,00,0,4,1,201600007869B02,7,9,1
201600007899,2016-03-25,2016,mars,vendredi,18:30,13,13040,0,0,1,1,3,1,1,3,2,02,1,2,000,038,1,0,1,2,1,36,9,1,1,00,2,8,9,201600007899A01,15,1,1
201600007933,2016-07-08,2016,juillet,vendredi,90:0,13,13110,0,0,1,1,3,1,1,3,2,02,2,1,000,000,1,0,1,3,1,49,5,1,2,00,2,8,1,201600007933A01,7,14,1
201600007960,2016-06-06,2016,juin,lundi,16:15,13,13096,0,0,1,1,5,1,1,3,2,02,1,-1,000,101,1,0,0,3,2,72,5,1,1,00,2,1,1,201600007960C03,7,5,1
201600007960,2016-06-06,2016,juin,lundi,16:15,13,13096,0,0,1,1,5,1,1,3,2,02,1,-1,000,101,1,0,0,2,1,74,5,1,1,00,2,1,1,201600007960B02,7,5,1
201600007997,2016-05-24,2016,mai,mardi,11:15,13,13022,0,0,1,1,1,1,1,3,2,00,2,3,000,065,1,0,1,3,1,47,5,1,2,00,2,8,13,201600007997B02,33,14,1
201600008002,2016-07-16,2016,juillet,samedi,19:30,13,13022,0,0,2,1,3,1,1,4,2,00,-1,3,000,000,1,5,1,3,2,56,5,1,1,00,2,2,1,201600008002B02,7,14,1
201600008003,2016-10-09,2016,octobre,dimanche,90:0,13,13022,43.24476,5.54667,1,1,7,1,1,3,2,03,-1,3,000,000,1,0,1,3,1,65,5,1,2,00,0,7,0,201600008003A01,,,
201600008022,2016-06-03,2016,juin,vendredi,22:30,13,13092,0,0,1,1,2,3,1,3,2,02,1,1,000,055,1,0,1,2,1,67,5,1,2,00,2,4,2,201600008022B02,7,2,1
201600008024,2016-07-07,2016,juillet,jeudi,10:00,13,13092,43.53212,5.05104,1,1,6,1,1,3,2,00,-1,1,000,073,1,0,5,3,1,52,5,1,2,01,0,1,1,201600008024B02,,,
201600008027,2016-11-08,2016,novembre,mardi,91:5,13,13014,0,0,2,6,1,1,1,4,-1,00,-1,2,050,000,1,5,1,4,1,83,3,1,1,00,2,2,1,201600008027B02,7,9,1
201600008038,2016-03-20,2016,mars,dimanche,14:45,13,13116,43.8548,4.921,1,1,2,1,1,3,2,00,1,1,000,070,1,0,1,3,1,35,0,1,2,00,2,4,2,201600008038A01,7,2,1
201600008042,2016-08-19,2016,août,vendredi,15:45,13,13076,0,0,1,6,1,1,1,3,2,02,-1,3,000,000,1,5,1,3,1,43,5,1,1,00,2,1,19,201600008042B02,7,1,1
201600008065,2016-07-31,2016,juillet,dimanche,11:00,04,04097,44.2061,6.27413,1,1,5,1,1,3,2,00,-1,2,000,055,2,0,1,3,1,50,5,1,2,00,2,1,1,201600008065A01,7,1,2
201600008066,2016-12-15,2016,décembre,jeudi,13:00,04,04070,44.0659,6.17293,1,6,1,1,1,2,2,02,1,-1,170,076,1,5,1,3,1,60,5,1,2,00,2,7,9,201600008066B02,10,9,1
201600008068,2016-05-22,2016,mai,dimanche,17:15,04,04189,43.7571,5.92647,1,1,1,1,1,3,2,02,2,3,000,055,1,0,1,3,1,62,0,1,2,00,2,1,13,201600008068B02,7,1,1
201600008074,2016-08-09,2016,août,mardi,11:00,04,04230,43.8004,5.83325,1,6,2,1,1,3,1,01,-1,2,000,040,1,0,1,4,2,70,5,1,2,00,2,4,1,201600008074B02,7,1,1
201600008135,2016-07-06,2016,juillet,mercredi,15:30,04,04144,43.7803,6.28064,1,1,7,1,1,3,2,02,-1,3,000,059,1,0,1,3,1,47,5,1,2,00,0,1,1,201600008135A01,,,
201600008136,2016-07-18,2016,juillet,lundi,10:15,04,04172,43.8465,6.16488,1,1,3,1,1,3,2,02,1,3,055,000,1,0,1,4,1,62,5,1,2,00,2,3,2,201600008136B02,10,2,1
201600008138,2016-09-06,2016,septembre,mardi,19:00,04,04166,43.8031,6.11936,1,1,1,1,1,3,2,02,1,1,000,000,1,0,1,3,1,55,5,1,2,00,2,8,13,201600008138A01,10,17,1
201600008160,2016-05-04,2016,mai,mercredi,18:00,04,04063,43.7608,5.75423,1,3,3,1,1,3,2,02,1,1,000,060,1,0,1,4,1,37,5,1,2,00,2,1,1,201600008160A01,7,15,1
201600008189,2016-08-25,2016,août,jeudi,13:30,05,05002,44.69548,5.88236,2,1,3,1,1,3,2,01,2,3,000,042,1,0,1,4,1,51,5,1,2,00,2,0,13,201600008189B02,7,1,1
201600008196,2016-10-30,2016,octobre,dimanche,16:10,05,05068,44.4898,6.11697,1,1,5,1,1,3,2,02,-1,1,000,066,1,0,1,2,2,51,5,1,2,00,2,4,1,201600008196A01,7,2,2
201600008209,2016-07-30,2016,juillet,samedi,17:30,05,05174,44.92577,6.67929,1,1,1,1,1,3,2,02,1,1,000,057,1,0,1,3,1,62,5,1,2,00,2,3,1,201600008209B02,7,17,1
201600008215,2016-08-09,2016,août,mardi,91:5,05,05108,44.54325,6.40818,1,1,3,1,1,3,2,02,2,2,000,051,1,0,1,3,1,44,5,1,2,00,2,2,13,201600008215B02,14,0,1
201600008223,2016-03-27,2016,mars,dimanche,12:45,05,05136,44.7065,6.60389,1,8,3,1,1,3,2,02,1,1,000,060,1,4,,2,1,50,5,1,2,00,4,9,19,201600008223A02,39,1,1
201600008238,2016-04-06,2016,avril,mercredi,12:30,06,06147,43.78,7.279,1,1,6,1,1,4,2,02,2,3,000,083,1,0,1,3,1,35,5,1,2,03,0,3,13,201600008238A01,,,
201600008250,2016-02-14,2016,février,dimanche,10:45,06,06011,43.70381,7.32653,2,3,3,1,1,3,2,02,1,3,000,056,1,0,1,3,1,41,5,1,2,00,2,1,1,201600008250A01,7,15,1
201600008253,2016-12-04,2016,décembre,dimanche,91:0,06,06011,43.70239,7.32917,2,1,7,1,1,3,2,02,2,2,065,000,1,0,4,3,1,20,5,1,2,12,0,2,1,201600008253A01,,,
201600008292,2016-09-04,2016,septembre,dimanche,84:5,06,06126,0,0,1,1,2,2,1,9,2,03,1,1,000,000,1,0,1,3,1,58,5,1,4,00,0,4,11,201600008292B02,33,1,1
201600008297,2016-01-22,2016,janvier,vendredi,71:5,06,06150,43.74338,7.39272,2,1,1,1,1,3,2,02,1,1,070,000,1,0,1,3,1,53,5,1,2,01,0,2,2,201600008297A01,10,23,1
201600008328,2016-11-13,2016,novembre,dimanche,11:15,83,83004,0,0,1,1,1,1,1,3,2,02,-1,1,000,065,1,0,0,3,1,80,5,1,2,00,2,6,13,201600008328B02,7,2,1
201600008357,2016-08-20,2016,août,samedi,93:0,83,83117,0,0,2,2,3,1,1,3,2,00,2,1,040,000,1,0,1,3,1,50,5,1,2,00,2,3,1,201600008357A01,1,1,1
201600008357,2016-08-20,2016,août,samedi,93:0,83,83117,0,0,2,2,3,1,1,3,2,00,2,1,040,000,1,0,1,3,1,18,5,1,2,00,2,1,1,201600008357B02,1,1,1
201600008364,2016-01-12,2016,janvier,mardi,10:00,83,83073,0,0,2,1,1,1,1,3,2,00,1,1,000,060,1,0,1,3,2,86,3,1,2,00,2,1,15,201600008364B02,7,1,1
201600008407,2016-07-23,2016,juillet,samedi,10:45,83,83084,0,0,1,6,1,1,1,3,2,02,-1,3,053,000,1,5,1,3,1,55,5,1,2,00,2,1,0,201600008407B02,7,15,1
201600008408,2016-08-01,2016,août,lundi,22:15,83,83084,0,0,1,1,1,1,1,3,2,02,-1,3,053,000,1,5,1,3,1,55,5,1,2,00,2,1,0,201600008408B02,7,15,1
201600008445,2016-06-26,2016,juin,dimanche,71:5,83,83107,0,0,1,1,1,1,1,3,2,00,1,1,000,000,1,0,1,3,1,56,5,1,2,00,2,1,1,201600008445B02,7,13,1
201600008447,2016-07-11,2016,juillet,lundi,17:15,83,83107,0,0,1,1,1,1,1,3,2,02,1,1,000,000,1,0,5,3,1,69,5,1,2,00,2,1,1,201600008447B02,7,4,1
201600008452,2016-08-16,2016,août,mardi,45:,83,83107,0,0,1,1,5,1,1,3,2,01,1,2,000,099,1,0,5,3,1,76,5,1,2,00,0,4,1,201600008452B02,7,1,1
201600008452,2016-08-16,2016,août,mardi,45:,83,83107,0,0,1,1,5,1,1,3,2,01,1,2,000,099,1,0,5,3,1,55,5,1,2,00,0,4,1,201600008452D04,7,1,1
201600008452,2016-08-16,2016,août,mardi,45:,83,83107,0,0,1,1,5,1,1,3,2,01,1,2,000,099,1,0,5,3,1,66,5,1,2,00,0,4,1,201600008452C03,7,1,1
201600008462,2016-04-30,2016,avril,samedi,34:5,83,83068,43.28,6.541,1,1,2,3,6,3,2,02,1,-1,000,000,1,0,1,3,1,19,5,1,4,00,2,4,1,201600008462B02,33,1,1
201600008478,2016-06-02,2016,juin,jeudi,83:0,83,83094,0,0,1,1,6,1,1,3,2,00,2,3,000,038,-1,0,1,3,1,52,5,1,4,00,2,1,1,201600008478B02,7,23/1,2
201600008481,2016-07-29,2016,juillet,vendredi,17:00,83,83094,0,0,2,1,1,1,1,3,2,00,1,1,000,075,1,0,1,4,1,14,5,1,4,00,2,6,15,201600008481B02,7,1,1
201600008522,2016-06-05,2016,juin,dimanche,91:5,83,83071,43.12652,6.2458,2,1,2,1,1,3,2,02,4,1,000,052,1,0,1,3,2,54,5,1,2,00,2,1,2,201600008522B02,1,2,1
201600008522,2016-06-05,2016,juin,dimanche,91:5,83,83071,43.12652,6.2458,2,1,2,1,1,3,2,02,4,1,000,052,1,0,1,1,1,28,5,1,2,00,2,4,2,201600008522A01,1,2,1
201600008525,2016-09-04,2016,septembre,dimanche,90:0,83,83071,0,0,2,1,3,1,1,3,2,02,1,1,000,060,1,0,0,3,1,32,5,1,2,00,2,8,15,201600008525A01,7,1,1
201600008536,2016-10-10,2016,octobre,lundi,10:30,83,83027,0,0,1,1,6,1,1,3,2,02,1,1,000,000,1,6,1,1,1,73,5,1,2,00,1,1,1,201600008536A01,,,
201600008537,2016-11-19,2016,novembre,samedi,11:15,83,83027,0,0,1,1,1,1,1,3,2,00,-1,-1,000,000,-1,0,0,3,1,69,0,1,2,00,2,1,0,201600008537B02,7,0,1
201600008539,2016-12-23,2016,décembre,vendredi,10:45,83,83112,43.17601,5.7409,1,1,1,1,1,4,2,00,2,1,000,000,1,0,1,3,1,52,0,1,2,00,0,0,1,201600008539B02,7,1,1
201600008553,2016-08-27,2016,août,samedi,17:00,84,84132,0,0,1,3,3,1,1,4,2,02,1,1,000,000,1,0,1,3,1,19,5,1,2,00,2,1,15,201600008553B02,7,1,1
201600008588,2016-08-26,2016,août,vendredi,10:30,84,84026,0,0,1,1,1,1,1,4,2,01,1,1,000,035,1,0,1,3,1,79,5,1,1,00,2,8,1,201600008588B02,7,17,1
201600008595,2016-11-20,2016,novembre,dimanche,15:00,84,84073,0,0,1,1,1,1,1,3,2,02,2,2,000,045,1,0,1,3,1,56,5,1,2,00,2,1,13,201600008595A01,7,1,1
201600008622,2016-08-17,2016,août,mercredi,16:40,84,84029,44.15364,4.8718,1,2,1,1,1,3,2,02,1,1,000,080,1,5,1,3,1,57,5,1,8,00,2,8,19,201600008622B02,33,1,1
201600008641,2016-08-14,2016,août,dimanche,12:45,84,84015,0,0,1,1,3,1,1,3,2,01,4,2,000,000,1,0,1,3,1,66,5,1,2,00,2,1,1,201600008641B02,7,1,1
201600008642,2016-09-29,2016,septembre,jeudi,16:00,84,84015,0,0,1,1,7,1,6,3,-1,02,-1,1,000,000,1,0,0,3,1,50,0,1,1,00,0,0,1,201600008642A01,,,
201600008653,2016-08-10,2016,août,mercredi,16:45,34,34057,43.6319,3.91107,2,1,1,1,1,4,-1,01,1,1,000,060,1,4,1,2,1,66,3,1,1,00,4,0,0,201600008653B02,40,1,1
201600008681,2016-06-20,2016,juin,lundi,17:45,34,34344,43.5624,4.07165,2,1,3,1,1,4,1,00,1,1,000,000,1,0,1,3,2,69,5,1,1,00,2,1,5,201600008681B02,7,9,1
201600008683,2016-07-12,2016,juillet,mardi,17:00,34,34344,43.5689,4.09246,2,6,2,1,1,4,2,02,-1,-1,000,000,1,0,1,4,1,16,5,1,1,00,2,4,1,201600008683B02,7,9,1
201600008692,2016-01-25,2016,janvier,lundi,74:5,34,34145,43.6504,4.1391,1,9,2,2,1,3,2,01,1,1,000,035,1,3,1,4,1,37,1,1,2,00,0,4,2,201600008692A01,7,9,1
201600008702,2016-09-08,2016,septembre,jeudi,12:15,34,34296,43.7628,4.05628,2,1,3,1,1,4,-1,00,2,1,000,000,1,0,1,3,2,35,5,1,2,00,0,1,1,201600008702B02,7,1,1
201600008709,2016-12-26,2016,décembre,lundi,19:45,34,34145,43.6561,4.13837,1,1,2,2,1,3,2,02,1,1,020,078,1,5,1,3,1,78,5,1,1,00,2,0,13,201600008709B02,7,1,1
201600008720,2016-10-21,2016,octobre,vendredi,16:30,34,34154,43.6378,3.99415,2,1,6,1,1,3,2,00,1,3,000,000,1,5,5,3,1,83,5,1,2,12,0,6,1,201600008720A01,,,
201600008726,2016-07-23,2016,juillet,samedi,11:30,34,34266,43.7525,3.83925,1,2,1,1,1,3,2,02,1,1,000,049,9,0,1,3,1,84,5,1,2,00,2,2,1,201600008726B02,7,1,1
201600008731,2016-04-13,2016,avril,mercredi,16:00,34,34096,43.5813,3.16755,1,1,3,1,1,3,2,02,-1,1,000,120,2,0,1,3,1,85,5,1,1,00,2,8,1,201600008731B02,7,16,1
201600008753,2016-06-28,2016,juin,mardi,10:30,34,34062,43.5501,3.15543,2,1,3,1,1,3,2,02,2,3,000,054,1,0,1,3,1,61,5,1,2,00,2,7,15,201600008753B02,21,16,1
201600008801,2016-07-21,2016,juillet,jeudi,12:00,34,34186,43.6521,3.30555,1,1,3,1,1,3,-1,02,-1,1,000,000,1,3,0,4,1,43,5,1,2,00,2,3,1,201600008801B02,7,1,1
201600008829,2016-08-22,2016,août,lundi,10:30,34,34023,43.4556,3.69487,1,1,1,1,1,4,2,00,-1,1,000,058,1,0,4,3,1,65,5,1,2,00,2,7,1,201600008829A01,7,1,1
201600008851,2016-12-18,2016,décembre,dimanche,10:0,11,11089,43.33084,2.1171,2,1,7,5,1,4,2,01,2,1,000,046,1,0,4,3,1,19,5,1,1,12,0,1,0,201600008851A01,,,
201600008853,2016-08-19,2016,août,vendredi,84:5,11,11378,43.10636,2.52723,1,1,2,1,1,3,2,00,-1,1,000,000,1,0,1,3,1,56,5,1,2,00,2,4,1,201600008853B02,10,1,1
201600008886,2016-01-03,2016,janvier,dimanche,10:45,11,11034,43.11937,2.07266,1,1,1,1,1,3,2,00,1,3,000,054,1,0,1,3,1,71,5,1,2,00,2,4,2,201600008886B02,7,1,1
201600008914,2016-01-07,2016,janvier,jeudi,93:0,11,11262,43.15838,3.1618,2,2,1,1,1,4,2,02,1,1,000,052,2,0,1,3,1,68,5,1,2,00,2,1,1,201600008914B02,7,1,1
201600008946,2016-08-13,2016,août,samedi,17:15,11,11266,42.98591,3.03208,1,1,5,1,1,3,2,02,-1,3,000,000,1,0,1,3,2,58,5,1,1,00,0,4,2,201600008946C03,10,2,2
201600008949,2016-01-15,2016,janvier,vendredi,13:00,30,30133,0,0,1,9,1,1,1,3,3,00,-1,-1,000,000,-1,0,0,3,1,62,5,1,2,00,9,3,18,201600008949B02,1,16,1
201600008949,2016-01-15,2016,janvier,vendredi,13:00,30,30133,0,0,1,9,1,1,1,3,3,00,-1,-1,000,000,-1,0,0,1,1,46,0,1,2,00,9,7,16,201600008949A01,1,18,1
201600008957,2016-05-21,2016,mai,samedi,14:15,30,30156,43.86077,4.44331,2,1,6,1,1,4,1,01,1,1,000,000,1,0,1,4,1,14,5,1,1,00,2,4,2,201600008957B02,7,0,1
201600008958,2016-06-29,2016,juin,mercredi,17:15,30,30039,43.89239,4.50932,1,1,3,1,1,3,2,00,-1,1,045,055,1,0,3,4,1,24,1,1,1,00,2,8,2,201600008958B02,7,2,1
201600008961,2016-03-13,2016,mars,dimanche,94:5,30,30258,43.69475,4.39072,1,1,1,1,1,3,2,00,1,1,000,050,1,0,1,2,1,45,5,1,2,00,2,1,1,201600008961B02,10,5,1
201600008988,2016-05-01,2016,mai,dimanche,17:00,30,30274,44.19982,4.08633,1,1,7,1,6,3,2,02,2,1,000,070,1,0,0,3,1,64,0,1,2,00,0,0,1,201600008988A01,,,
201600008992,2016-11-08,2016,novembre,mardi,15:00,30,30275,44.05754,4.22237,1,1,3,1,1,3,2,00,1,1,000,070,1,0,1,3,1,60,5,1,2,00,2,8,15,201600008992B02,7,13,1