Num_Acc,date,an,mois,jour,hrmn,dep,com,lat,long,agg,int,col,lum,atm,catr,circ,nbv,prof,plan,lartpc,larrout,surf,infra,situ,grav,sexe,age,trajet,secuexist,equipement,obs,obsm,choc,manv,vehiculeid,typevehicules,manoeuvehicules,numVehicules
201600009005,2016-07-11,2016,juillet,lundi,80:0,30,30130,44.30959,3.96772,1,1,7,1,1,3,2,02,1,1,000,035,1,0,3,3,2,62,5,1,2,00,0,1,1,201600009005A01,,,
201600009019,2016-11-04,2016,novembre,vendredi,12:00,30,30227,44.24332,4.19662,1,1,2,1,1,3,2,02,1,1,000,063,1,0,1,3,1,39,1,1,2,00,0,4,2,201600009019B02,7,2,1
201600009095,2016-07-26,2016,juillet,mardi,12:15,30,30283,44.02568,3.73324,1,1,3,1,1,3,2,02,-1,2,000,042,1,0,0,4,1,44,5,1,2,00,2,1,0,201600009095B02,10,13,1
201600009096,2016-08-03,2016,août,mercredi,17:00,30,30026,43.97902,3.59878,1,1,1,1,7,3,2,00,1,1,000,100,1,3,1,3,1,14,5,1,2,00,2,7,15,201600009096B02,33,1,1
201600009115,2016-08-08,2016,août,lundi,14:30,48,48198,44.456,3.934,1,1,1,1,1,3,2,02,2,3,000,059,1,0,1,3,1,64,5,1,2,00,2,1,1,201600009115B02,7,15,1
201600009146,2016-12-11,2016,décembre,dimanche,94:5,66,66037,42.69712,3.02963,2,6,6,1,1,4,2,02,1,1,000,000,1,0,1,3,1,58,5,1,2,,,,,201600009146B01,7,1,1
201600009175,2016-02-21,2016,février,dimanche,17:15,66,66145,42.62243,2.81852,2,1,1,1,1,4,2,02,1,1,000,060,1,0,1,3,1,8,5,1,2,00,2,8,15,201600009175B02,10,1,1
201600009199,2016-04-16,2016,avril,samedi,15:00,66,66175,42.54498,2.92897,2,1,2,1,1,4,2,00,1,1,000,064,1,0,1,2,1,50,5,1,1,00,0,4,2,201600009199B02,7,1,1
201600009261,2016-03-18,2016,mars,vendredi,11:30,2A,2A247,41.59693,9.26656,2,1,2,1,1,2,3,02,2,-1,000,000,1,0,1,3,1,68,5,1,2,00,0,4,2,201600009261A01,10,1,1
201600009264,2016-08-03,2016,août,mercredi,13:30,2A,2A247,41.58431,9.27398,2,1,7,1,1,4,1,00,2,1,000,000,1,0,1,3,1,60,0,1,2,06,0,1,1,201600009264A01,,,
201600009277,2016-11-27,2016,novembre,dimanche,10:20,2A,2A247,41.5845,9.28095,2,3,3,1,1,3,2,02,2,-1,000,010,1,,,3,1,66,5,1,2,00,2,1,1,201600009277B01,7,15,1
201600009294,2016-08-12,2016,août,vendredi,93:0,2B,2B148,42.55006,9.46256,2,9,3,1,1,3,2,00,1,1,000,060,1,0,1,3,1,62,5,1,2,00,2,1,0,201600009294B02,7,1,1
201600009308,2016-05-26,2016,mai,jeudi,17:30,2B,2B281,0,0,1,1,1,1,1,4,2,00,2,1,000,047,1,0,1,3,2,27,1,1,8,00,2,1,1,201600009308A01,7,23,1
201600009316,2016-04-02,2016,avril,samedi,15:00,2B,2B301,0,0,1,1,7,1,1,3,2,02,2,1,000,058,1,0,1,3,1,50,5,1,2,00,0,0,1,201600009316A01,,,
201600009323,2016-05-22,2016,mai,dimanche,15:00,2B,2B333,0,0,1,1,1,1,1,3,2,02,2,2,000,050,1,0,1,3,1,39,5,1,2,00,2,3,5,201600009323B02,10,5,1
201600009328,2016-09-23,2016,septembre,vendredi,11:00,2B,2B172,42.56065,9.31325,1,1,3,1,7,4,2,02,2,2,000,000,1,0,1,4,2,65,5,1,4,00,2,3,1,201600009328B02,10,1,1
201600009375,2016-07-10,2016,juillet,dimanche,17:15,2B,2B149,0,0,2,1,7,1,1,4,2,00,2,1,000,000,1,0,1,2,1,10,5,1,1,00,0,0,0,201600009375A01,,,
201600009394,2016-10-25,2016,octobre,mardi,83:0,2B,2B311,42.36264,9.52946,2,1,3,1,2,2,2,02,1,1,091,087,2,0,1,4,1,72,5,1,2,00,2,1,1,201600009394B02,7,15,1
201600009419,2016-03-24,2016,mars,jeudi,14:48,05,05061,44.55483,6.07513,2,6,2,1,1,2,1,02,1,-1,000,095,1,5,1,3,1,46,1,1,4,00,0,7,1,201600009419B01,7,1,1
201600009429,2016-07-12,2016,juillet,mardi,19:39,05,05061,44.54733,6.05919,2,9,3,1,1,4,2,02,2,2,000,073,1,0,1,3,1,53,1,1,2,00,,8,1,201600009429B01,7,19,1
201600009434,2016-09-01,2016,septembre,jeudi,19:20,05,05061,44.55739,6.0553,1,6,3,1,1,3,2,02,1,1,000,074,1,5,1,4,1,43,1,1,2,00,2,8,1,201600009434B01,7,16,1
201600009450,2016-08-21,2016,août,dimanche,40:0,78,78255,0,0,2,1,1,5,1,4,2,02,1,2,000,000,-1,0,0,3,2,26,0,1,8,00,2,1,1,201600009450B01,31,13,1
201600009471,2016-05-08,2016,mai,dimanche,12:00,78,78049,0,0,2,1,7,1,1,4,2,02,2,2,000,000,1,0,1,3,1,11,5,1,2,08,0,0,1,201600009471A01,,,
201600009496,2016-05-03,2016,mai,mardi,20:30,78,78575,0,0,2,1,1,2,1,3,2,02,-1,-1,000,000,1,0,1,3,1,23,0,1,2,00,2,1,1,201600009496B02,10,13,1
201600009509,2016-12-02,2016,décembre,vendredi,18:00,78,78389,0,0,2,1,2,4,1,3,-1,00,-1,-1,000,000,-1,0,0,3,1,35,0,1,2,00,0,4,2,201600009509B01,7,2,1
201600009513,2016-04-27,2016,avril,mercredi,10:45,78,78062,0,0,1,1,6,1,1,3,2,00,4,2,000,000,1,0,3,3,2,72,5,1,2,03,0,2,2,201600009513A01,,,
201600009520,2016-08-11,2016,août,jeudi,18:00,78,78513,0,0,1,1,7,1,1,3,2,00,2,2,000,000,1,0,1,3,1,57,3,1,2,00,0,2,0,201600009520A01,,,
201600009547,2016-07-27,2016,juillet,mercredi,17:30,91,91330,48.52199,2.28784,2,1,2,1,1,4,2,02,2,1,070,000,1,0,1,4,1,15,5,1,2,00,2,4,19,201600009547B02,7,13,1
201600009593,2016-06-13,2016,juin,lundi,20:15,91,91411,48.67039,2.06582,2,1,1,2,8,3,2,02,1,1,000,061,1,0,1,4,1,32,1,1,2,12,2,1,1,201600009593A01,7,17,1
201600009610,2016-10-28,2016,octobre,vendredi,19:00,91,91534,48.73831,2.16431,1,1,3,2,8,3,2,02,1,1,000,045,1,0,1,3,2,18,1,1,4,00,2,5,14,201600009610B02,7,1,1
201600009616,2016-08-24,2016,août,mercredi,11:45,91,91272,48.70168,2.1002,2,1,7,1,1,4,2,02,1,1,000,000,1,0,1,4,1,35,5,1,2,00,0,1,1,201600009616A01,,,
201600009627,2016-06-24,2016,juin,vendredi,17:30,95,95656,49.0615,1.7191,1,1,1,1,1,3,2,02,2,3,,,1,0,1,3,1,33,5,1,2,00,2,1,13,201600009627B02,10,23,1
201600009640,2016-06-29,2016,juin,mercredi,16:15,95,95039,49.0787,2.1588,1,1,3,1,1,3,2,02,2,1,,,1,0,1,3,1,46,5,1,2,00,2,8,1,201600009640A01,7,17,1
201600009673,2016-07-16,2016,juillet,samedi,14:45,77,77457,48.66212,2.72491,1,2,3,1,1,3,2,02,1,1,000,000,1,5,1,3,1,23,5,1,2,00,2,3,1,201600009673A01,7,1,1
201600009678,2016-09-14,2016,septembre,mercredi,11:15,77,77100,48.50505,2.8272,1,1,2,1,1,3,3,02,1,1,078,000,1,0,1,3,1,56,5,1,2,00,2,4,2,201600009678B02,7,2,1
201600009709,2016-06-05,2016,juin,dimanche,17:00,77,77238,48.9172,3.14989,1,1,5,1,8,4,2,02,4,1,000,000,1,0,1,3,1,67,5,1,2,01,2,1,1,201600009709B02,10/ 7,13/0,2
201600009716,2016-06-18,2016,juin,samedi,10:15,77,77336,48.77654,2.82583,1,1,3,1,1,3,2,00,1,1,000,070,1,0,1,4,1,50,5,1,2,00,2,8,13,201600009716B02,7,17,1
201600009723,2016-07-31,2016,juillet,dimanche,14:30,77,77116,48.74004,3.22504,1,1,2,1,1,3,2,02,1,3,000,070,1,0,1,3,2,73,0,1,2,00,0,4,1,201600009723B02,7,21,1
201600009731,2016-07-15,2016,juillet,vendredi,18:00,77,77031,48.67685,2.93709,1,1,7,1,1,3,2,02,2,1,000,050,1,0,1,3,1,54,5,1,2,12,0,0,1,201600009731A01,,,
201600009768,2016-06-07,2016,juin,mardi,20:30,77,77315,48.8848,2.83233,2,2,1,2,1,3,2,02,1,1,005,115,1,5,1,3,2,36,0,1,2,00,0,7,1,201600009768B02,7,19,1
201600009770,2016-07-21,2016,juillet,jeudi,17:15,77,77171,48.8988,2.8193,2,9,1,1,1,4,2,00,1,1,000,000,9,0,0,3,1,17,9,1,2,00,2,8,24,201600009770B02,7,1,1
201600009813,2016-09-01,2016,septembre,jeudi,61:5,77,77089,48.4979,2.94586,1,1,2,3,1,3,2,02,1,1,000,046,1,0,1,3,1,58,5,1,2,00,0,6,1,201600009813B02,7,1,1
201600009830,2016-12-27,2016,décembre,mardi,10:45,45,45317,0,0,2,1,3,2,1,4,2,02,1,1,000,000,1,0,1,3,1,66,5,1,9,00,2,8,1,201600009830B02,7,15,1
201600009847,2016-11-21,2016,novembre,lundi,74:5,45,45173,47.86144,2.10989,2,1,2,2,1,3,2,02,1,1,000,070,1,0,1,4,1,14,2,1,2,00,0,4,9,201600009847B02,7,1,1
201600009874,2016-04-12,2016,avril,mardi,18:15,45,45270,47.82049,2.31872,1,1,3,1,1,3,2,02,1,1,000,061,1,0,1,3,1,18,5,1,2,00,0,8,15,201600009874B02,7,17,1
201600009968,2016-07-10,2016,juillet,dimanche,10:15,28,28358,48.52727,1.56778,1,1,2,1,7,3,2,02,1,1,000,069,1,0,1,3,1,47,5,1,2,00,0,4,1,201600009968B02,7,1,1
201600009970,2016-08-25,2016,août,jeudi,12:15,28,28358,48.49502,1.49601,1,2,3,1,1,3,,,,,,,,,,3,1,66,5,1,2,00,0,1,0,201600009970B02,7,1,1
201600009978,2016-12-08,2016,décembre,jeudi,16:00,28,28034,0,0,2,2,3,1,1,3,2,02,-1,1,000,054,1,0,1,4,1,68,5,1,2,00,2,1,1,201600009978A01,10,1,1
201600010021,2016-08-20,2016,août,samedi,17:00,28,28088,48.07124,1.33737,2,1,1,1,1,3,2,00,-1,-1,000,111,1,0,1,3,2,28,0,1,2,00,2,8,1,201600010021B02,7,15,1
201600010041,2016-01-12,2016,janvier,mardi,18:30,28,28375,48.77169,1.47098,1,1,2,3,1,3,2,02,1,1,000,060,1,0,1,3,1,22,2,1,2,00,2,4,2,201600010041B02,10,2,1
201600010071,2016-01-21,2016,janvier,jeudi,13:15,36,36048,46.5612,1.60973,2,1,6,1,1,3,2,02,2,1,000,059,6,0,4,2,1,70,5,1,2,02,0,1,1,201600010071A01,,,
201600010098,2016-09-18,2016,septembre,dimanche,16:15,36,36018,0,0,2,9,1,1,1,9,2,02,1,1,000,000,1,0,1,3,2,15,5,1,1,00,0,8,19,201600010098A01,7,1,1
201600010111,2016-10-19,2016,octobre,mercredi,14:00,36,36046,0,0,2,1,3,1,1,4,1,01,1,1,000,000,1,5,1,3,1,13,5,1,2,00,2,1,9,201600010111A01,7,1,1
201600010128,2016-04-19,2016,avril,mardi,15:45,37,37003,0,0,2,1,2,1,1,3,2,00,-1,2,000,075,1,0,1,3,1,48,5,1,2,00,2,1,1,201600010128A01,7,1,1
201600010133,2016-07-10,2016,juillet,dimanche,91:5,37,37003,0,0,2,1,3,1,1,3,2,02,1,1,,925,1,0,1,3,1,37,5,1,2,00,2,5,17,201600010133B02,7,11,1
201600010148,2016-08-25,2016,août,jeudi,17:45,37,37243,0,0,2,1,1,1,1,3,2,00,-1,1,000,000,1,0,1,4,1,54,0,1,2,01,0,2,0,201600010148B02,10,22,1
201600010169,2016-04-08,2016,avril,vendredi,15:15,37,37120,0,0,1,1,2,1,1,3,2,02,-1,1,000,075,1,0,1,3,1,47,5,1,2,00,0,4,2,201600010169B02,7,2,1
201600010170,2016-04-24,2016,avril,dimanche,10:15,37,37248,0,0,2,1,6,1,1,3,2,00,4,1,000,000,1,0,1,3,1,23,5,1,2,06,0,1,1,201600010170A01,,,
201600010172,2016-06-05,2016,juin,dimanche,15:45,37,37210,47.224,0.32,2,1,1,1,1,4,-1,00,2,2,000,050,1,0,1,3,2,8,5,1,2,00,2,8,1,201600010172B02,7,19,1
201600010244,2016-04-28,2016,avril,jeudi,10:00,29,29031,47.80075,-3.55529,1,6,1,1,1,3,2,02,1,1,053,000,1,5,1,3,2,67,5,1,2,00,2,1,1,201600010244B02,7,5,1
201600010264,2016-08-23,2016,août,mardi,23:45,44,44020,47.18649,-1.60118,1,6,2,5,1,4,2,02,1,-1,000,000,1,5,1,3,1,17,0,1,2,00,2,5,5,201600010264B02,7,1,1
201600010266,2016-11-07,2016,novembre,lundi,15:50,44,44020,47.17402,-1.60997,2,6,3,1,7,4,2,01,1,-1,009,710,1,,,3,1,68,5,1,2,00,2,2,1,201600010266B02,10,19,1
201600010268,2016-06-20,2016,juin,lundi,10:00,33,33199,0,0,2,6,1,1,1,3,2,02,1,1,094,024,1,0,1,4,2,64,5,1,2,00,2,8,19,201600010268B02,7,1,1
201600010334,2016-07-30,2016,juillet,samedi,94:0,06,06004,43.5549,7.13304,2,2,3,1,1,4,2,02,2,1,024,067,1,0,1,4,1,53,5,1,9,00,2,0,0,201600010334B01,7,15,1
201600010365,2016-11-08,2016,novembre,mardi,10:35,06,06004,0,0,2,1,6,1,1,4,2,02,-1,-1,000,000,-1,0,1,2,1,73,5,1,2,00,1,0,0,201600010365A01,,,
201600010417,2016-04-24,2016,avril,dimanche,20:20,06,06123,43.67393,7.18758,2,3,3,2,1,4,1,10,1,1,000,000,1,0,1,4,1,16,5,1,2,00,2,7,5,201600010417B01,30,5,1
201600010431,2016-07-02,2016,juillet,samedi,18:15,06,06123,0,0,2,1,3,1,1,4,2,02,1,1,000,000,1,0,1,4,1,48,5,1,9,00,2,1,1,201600010431B01,7,10,1
201600010508,2016-03-14,2016,mars,lundi,80:5,06,06029,43.56198,7.01755,2,1,3,1,1,4,2,00,1,1,000,070,1,0,1,3,1,31,0,1,2,00,2,0,0,201600010508B01,2,15,1
201600010520,2016-04-19,2016,avril,mardi,72:0,06,06029,43.54843,7.00944,2,1,3,1,1,4,2,02,2,1,000,080,-1,0,1,3,1,76,0,1,2,00,0,0,0,201600010520B01,7,15,1
201600010521,2016-04-21,2016,avril,jeudi,13:16,06,06029,43.55843,6.96641,2,1,1,1,1,4,2,02,1,1,000,110,1,0,0,4,1,48,0,1,2,00,0,0,0,201600010521B01,7,0,1
201600010536,2016-05-18,2016,mai,mercredi,20:45,06,06029,43.5674,6.96758,2,1,3,2,1,4,4,01,2,-1,000,060,1,5,1,3,1,21,5,1,2,00,0,0,0,201600010536B01,7,1,1
201600010541,2016-05-21,2016,mai,samedi,17:36,06,06029,0,0,2,1,6,1,1,4,1,02,1,1,000,070,1,0,0,4,1,44,0,1,2,00,0,0,0,201600010541B01,7,14,1
201600010547,2016-06-02,2016,juin,jeudi,18:35,06,06029,0,0,1,1,6,1,1,4,2,02,1,1,000,080,1,0,0,3,1,63,5,1,2,00,2,1,1,201600010547B01,7,15,1
201600010586,2016-10-06,2016,octobre,jeudi,20:00,06,06029,43.55142,6.96862,2,1,3,5,1,4,2,02,-1,-1,000,000,-1,0,0,4,1,11,0,1,9,00,2,1,0,201600010586B01,7,0,1
201600010613,2016-12-27,2016,décembre,mardi,10:45,06,06029,43.55159,6.97148,2,1,6,1,1,4,2,02,1,1,000,080,1,0,1,4,1,14,0,1,9,00,2,1,0,201600010613B01,7,0,1
201600010688,2016-05-11,2016,mai,mercredi,93:0,06,06069,43.65,6.91666,2,9,2,1,3,3,2,01,2,3,000,000,1,0,1,4,2,17,1,1,2,00,9,1,2,201600010688G01,7,0,1
201600010702,2016-05-24,2016,mai,mardi,75:5,06,06069,43.64305,6.9489,2,1,3,1,1,4,2,02,-1,-1,000,000,-1,0,1,4,1,35,1,1,2,00,0,0,0,201600010702B01,7,0,1
201600010728,2016-07-07,2016,juillet,jeudi,90:0,06,06069,0,0,2,1,2,1,1,3,2,03,1,1,000,000,1,0,0,4,1,83,5,1,2,00,2,4,2,201600010728B01,7,9,1
201600010746,2016-08-14,2016,août,dimanche,19:30,06,06069,0,0,2,1,7,1,1,4,2,02,1,1,000,000,1,0,1,4,1,79,5,1,2,16,0,1,1,201600010746A01,,,
201600010773,2016-10-07,2016,octobre,vendredi,14:25,06,06069,0,0,2,1,3,1,1,4,2,02,2,3,000,000,-1,0,1,4,1,56,0,1,2,00,2,7,0,201600010773A01,7,0,1
201600010775,2016-10-09,2016,octobre,dimanche,11:05,06,06069,0,0,2,1,1,1,1,4,2,02,2,2,000,000,1,0,1,4,1,49,5,1,2,00,2,1,2,201600010775B01,7,15,1
201600010823,2016-12-23,2016,décembre,vendredi,11:10,06,06069,43.64036,6.96452,2,1,1,1,1,4,2,02,2,1,000,035,1,0,1,4,1,22,5,1,2,00,2,1,2,201600010823A01,7,0,1
201600010838,2016-03-17,2016,mars,jeudi,12:10,06,06104,43.7645,7.48173,2,1,6,1,1,3,2,02,4,1,000,000,1,0,1,1,1,42,5,1,2,00,1,1,0,201600010838A01,,,
201600010844,2016-02-01,2016,février,lundi,11:35,06,06083,43.7716,7.4969,2,3,2,1,1,4,2,02,1,1,000,000,1,0,1,3,1,35,5,1,2,00,2,5,1,201600010844B01,7,15,1
201600010862,2016-07-14,2016,juillet,jeudi,17:30,06,06083,43.775,7.4891,2,1,1,1,1,3,2,02,2,1,020,080,1,0,1,4,1,12,5,1,9,00,2,8,19,201600010862B01,31,1,1
201600010914,2016-01-16,2016,janvier,samedi,16:50,06,06088,43.70655,7.26412,1,2,3,1,1,4,1,00,1,1,000,120,1,0,1,3,1,49,5,1,9,00,2,8,5,201600010914A01,7,2,1
201600010926,2016-01-23,2016,janvier,samedi,17:50,06,06088,43.69998,7.2821,2,2,5,2,1,4,2,02,1,1,000,000,1,0,1,4,1,17,0,1,2,00,2,0,0,201600010926B01,7,0,1
201600010926,2016-01-23,2016,janvier,samedi,17:50,06,06088,43.69998,7.2821,2,2,5,2,1,4,2,02,1,1,000,000,1,0,1,4,1,17,0,1,2,00,2,0,0,201600010926A01,7,0,1
201600010926,2016-01-23,2016,janvier,samedi,17:50,06,06088,43.69998,7.2821,2,2,5,2,1,4,2,02,1,1,000,000,1,0,1,1,1,17,0,1,2,00,2,0,0,201600010926A01,7,0,1
201600010935,2016-01-29,2016,janvier,vendredi,17:15,06,06088,43.40215,7.12333,2,1,1,5,1,4,1,02,1,1,000,140,1,0,1,4,1,42,1,1,9,00,2,1,1,201600010935B01,7,9,1
201600010983,2016-03-02,2016,mars,mercredi,19:10,06,06088,0,0,2,1,2,5,1,4,2,02,1,1,000,000,1,0,1,3,1,56,1,1,9,00,2,4,2,201600010983A01,7,1,1
201600010985,2016-03-03,2016,mars,jeudi,90:0,06,06088,43.712,7.28259,2,1,6,1,1,4,2,01,1,1,000,025,1,0,5,2,1,69,5,1,2,03,0,1,0,201600010985A01,,,
201600010996,2016-03-11,2016,mars,vendredi,17:21,06,06088,43.6949,7.26603,2,1,3,1,1,4,3,00,1,1,000,000,1,0,1,3,2,63,9,1,9,00,0,7,9,201600010996A01,2,1,1
201600011026,2016-04-06,2016,avril,mercredi,84:0,06,06088,43.44289,7.13342,1,1,6,1,1,4,2,01,2,4,000,055,1,0,1,4,1,25,5,1,2,13,2,1,21,201600011026B01,7,9,1
201600011038,2016-04-12,2016,avril,mardi,17:50,06,06088,43.42256,7.16598,2,1,3,1,1,4,1,02,1,1,000,000,1,0,1,3,1,72,5,1,2,00,2,1,19,201600011038B01,7,1,1
201600011053,2016-04-21,2016,avril,jeudi,75:5,06,06088,43.41185,7.1427,2,1,3,1,1,4,3,03,1,1,000,120,1,0,1,3,1,56,1,1,2,00,2,8,19,201600011053B01,33,1,1
201600011127,2016-06-18,2016,juin,samedi,12:00,06,06088,0,0,2,1,2,1,1,4,1,01,1,1,000,018,1,0,1,4,1,66,0,1,2,00,2,1,2,201600011127A01,7,23,1
201600011144,2016-06-28,2016,juin,mardi,19:35,06,06088,43.69377,7.25641,2,3,3,1,1,4,2,03,1,,,,-1,5,1,4,1,18,5,1,9,00,2,7,19,201600011144B01,7,1,1
201600011214,2016-08-24,2016,août,mercredi,10:15,06,06088,43.43015,7.17251,2,1,3,1,1,4,-1,00,1,1,000,078,1,0,0,4,2,53,1,1,2,01,2,1,1,201600011214B01,7,24,1
201600011236,2016-09-09,2016,septembre,vendredi,23:13,06,06088,43.42103,7.15598,2,2,3,5,1,4,2,02,1,1,000,100,1,0,1,3,1,28,0,1,9,00,2,1,1,201600011236B01,7,1,1
201600011242,2016-09-15,2016,septembre,jeudi,11:30,06,06088,0,0,2,1,3,1,1,4,1,02,1,1,000,000,1,0,1,4,1,60,0,1,9,00,2,8,1,201600011242A01,31,2,1
201600011258,2016-09-29,2016,septembre,jeudi,16:45,06,06088,0,0,2,1,2,1,1,4,2,02,1,3,000,070,1,0,1,4,1,12,5,1,2,00,2,8,9,201600011258A01,31,1,1
201600011282,2016-10-22,2016,octobre,samedi,10:10,06,06088,0,0,2,1,3,1,1,4,2,04,1,1,000,195,1,0,1,4,1,84,5,1,2,00,2,8,11,201600011282A01,7,1,1
201600011289,2016-10-27,2016,octobre,jeudi,16:45,06,06088,0,0,2,3,3,1,1,4,2,02,-1,-1,000,000,-1,0,0,3,1,14,5,1,9,00,9,0,0,201600011289B01,31,1,1
201600011356,2016-12-10,2016,décembre,samedi,83:4,06,06088,43.69839,7.27415,2,2,3,1,1,4,1,02,1,1,000,100,1,0,1,4,1,58,5,1,9,00,2,7,2,201600011356A01,7,15,1
201600011379,2016-12-30,2016,décembre,vendredi,12:20,06,06088,43.71099,7.24565,2,1,3,1,1,4,2,02,2,3,000,064,-1,0,1,3,1,33,5,1,2,00,2,1,1,201600011379B01,7,15,1
201600011385,2016-04-06,2016,avril,mercredi,17:00,58,58300,0,0,2,1,1,1,1,3,2,02,2,1,000,070,1,0,1,3,1,66,5,1,1,00,2,8,0,201600011385B02,15,2,1
201600011386,2016-04-13,2016,avril,mercredi,81:5,58,58303,0,0,2,6,2,1,1,4,1,00,-1,-1,000,060,1,0,1,3,1,50,1,1,2,00,0,4,2,201600011386B02,7,0,1
201600011398,2016-07-26,2016,juillet,mardi,19:15,21,21605,47.29301,5.10548,2,1,3,1,1,4,3,02,1,1,000,000,1,0,1,4,1,47,0,1,2,00,2,8,0,201600011398B02,7,1,1
201600011399,2016-07-28,2016,juillet,jeudi,12:00,21,21515,47.31252,5.11647,2,1,6,1,1,4,2,00,-1,1,000,000,1,0,0,4,2,56,1,1,2,00,2,4,1,201600011399A01,,,
201600011463,2016-07-13,2016,juillet,mercredi,90:5,07,07102,44.93072,4.86277,2,2,3,1,1,4,2,01,1,1,000,076,1,0,1,2,2,86,3,1,9,00,2,0,0,201600011463B01,7,2,1
201600011471,2016-11-12,2016,novembre,samedi,11:30,07,07281,0,0,2,1,2,1,1,3,2,02,1,1,000,000,1,0,5,4,1,18,0,1,9,15,0,4,2,201600011471A01,10,2,1
201600011474,2016-11-27,2016,novembre,dimanche,19:30,07,07102,0,0,2,6,3,5,1,4,2,02,-1,-1,000,000,-1,0,1,4,1,25,4,1,9,00,2,0,0,201600011474B01,7,9,1
201600011488,2016-07-17,2016,juillet,dimanche,10:45,57,57498,0,0,2,1,1,1,1,4,2,00,1,1,000,000,1,0,1,3,1,51,5,1,2,00,2,1,1,201600011488A01,7,1,1
201600011489,2016-09-27,2016,septembre,mardi,17:00,57,57038,49.47561,5.95788,2,1,6,1,1,3,2,02,1,1,000,060,1,0,1,1,1,45,0,1,1,00,1,1,18,201600011489A01,,,
201600011495,2016-06-23,2016,juin,jeudi,10:35,07,07186,44.43361,4.36494,2,1,7,1,1,4,2,02,2,1,000,057,1,0,1,3,1,45,5,1,2,00,0,0,2,201600011495A01,,,
201600011521,2016-07-14,2016,juillet,jeudi,17:45,23,23140,45.91341,2.19695,2,1,6,1,1,3,2,00,-1,-1,000,000,1,0,1,2,1,42,5,1,2,00,0,0,0,201600011521A01,,,
201600011575,2016-10-28,2016,octobre,vendredi,16:45,33,33005,44.73383,-1.08249,2,1,3,1,1,3,2,02,-1,1,000,065,1,0,1,3,1,75,0,1,2,00,2,7,19,201600011575B02,7,0,1
201600011768,2016-09-11,2016,septembre,dimanche,17:30,68,68278,47.76526,7.42876,1,1,2,1,1,9,2,02,1,1,000,030,1,0,5,3,2,52,5,1,2,00,2,1,2,201600011768A01,1,2,1
201600011768,2016-09-11,2016,septembre,dimanche,17:30,68,68278,47.76526,7.42876,1,1,2,1,1,9,2,02,1,1,000,030,1,0,5,1,1,61,5,1,2,00,2,4,2,201600011768B02,1,2,1
201600011769,2016-09-05,2016,septembre,lundi,10:00,68,68278,47.75389,7.39299,2,9,3,1,3,3,2,02,1,1,000,110,2,0,5,3,1,63,5,1,2,00,2,3,21,201600011769B02,7,16,1
201600011778,2016-05-10,2016,mai,mardi,14:30,53,53137,48.05925,-0.93943,1,3,1,1,1,4,,,,,,,,,,3,2,26,5,1,2,00,2,1,1,201600011778A01,7,13,1
201600011781,2016-09-01,2016,septembre,jeudi,16:45,53,53247,48.11716,-1.03026,2,6,3,1,1,4,1,00,1,-1,000,000,1,5,1,4,1,18,0,1,2,00,2,1,1,201600011781B02,7,1,1
201600011791,2016-08-10,2016,août,mercredi,90:0,17,17472,46.24246,-1.07947,1,6,3,1,1,3,-1,01,-1,-1,000,071,1,5,1,3,1,64,5,1,2,00,2,7,1,201600011791B02,15,9,1
201600011891,2016-04-14,2016,avril,jeudi,14:45,13,13114,0,0,1,1,3,1,1,3,3,02,1,1,000,000,1,0,1,4,1,82,5,1,2,00,2,6,15,201600011891B02,7,1,1
201600011893,2016-06-17,2016,juin,vendredi,74:5,13,13114,43.54905,5.30102,1,1,3,1,1,3,3,02,1,-1,000,000,1,0,1,4,1,43,0,1,2,00,2,8,1,201600011893B02,7,15,1
201600011933,2016-12-20,2016,décembre,mardi,13:55,08,08105,49.78633,4.69423,2,2,3,1,1,4,1,00,2,1,000,045,1,0,1,3,1,15,5,1,2,00,2,1,5,201600011933B01,7,1,1
201600011946,2016-07-31,2016,juillet,dimanche,20:40,08,08105,0,0,2,1,3,1,1,3,2,02,-1,-1,000,000,-1,0,1,3,1,19,5,1,2,00,2,1,1,201600011946B01,7,15,1
201600011948,2016-08-31,2016,août,mercredi,10:20,08,08105,49.77122,4.7,2,3,3,1,1,4,-1,00,-1,-1,000,000,-1,0,0,3,1,62,5,1,2,00,0,0,0,201600011948B01,7,17,1
201600011951,2016-09-15,2016,septembre,jeudi,17:07,08,08105,49.74911,4.71429,2,1,6,1,1,4,2,00,1,-1,000,000,1,0,1,1,1,17,2,1,2,00,1,1,1,201600011951A01,,,
201600011958,2016-07-15,2016,juillet,vendredi,12:00,24,24405,44.9428,0.68134,1,1,1,1,1,4,2,00,4,2,000,039,1,0,1,2,1,58,5,1,2,00,2,1,1,201600011958A01,14,1,1
201600011974,2016-05-28,2016,mai,samedi,17:30,69,69043,0,0,2,1,3,1,1,3,2,02,2,2,000,000,1,0,1,3,1,49,0,1,2,00,0,1,0,201600011974B02,7,1,1
201600011982,2016-06-09,2016,juin,jeudi,17:30,69,69190,0,0,2,1,1,1,1,3,2,02,1,1,000,000,1,0,1,4,1,56,1,1,2,00,2,8,3,201600011982B02,15,1,1
201600011992,2016-05-02,2016,mai,lundi,11:30,69,69009,0,0,1,1,1,1,1,3,2,02,1,2,000,093,1,0,5,3,1,68,5,1,2,01,0,6,1,201600011992B02,13,24,1