Num_Acc,date,an,mois,jour,hrmn,dep,com,lat,long,agg,int,col,lum,atm,catr,circ,nbv,prof,plan,lartpc,larrout,surf,infra,situ,grav,sexe,age,trajet,secuexist,equipement,obs,obsm,choc,manv,vehiculeid,typevehicules,manoeuvehicules,numVehicules
201600015116,2016-07-11,2016,juillet,lundi,22:10,13,13055,43.29269,5.37989,2,8,3,5,1,4,1,02,1,1,000,030,1,0,1,3,1,43,0,1,2,00,2,7,0,201600015116B01,7,2,1
201600015211,2016-07-25,2016,juillet,lundi,18:45,13,13055,43.26127,5.3874,2,1,3,1,1,4,-1,01,1,1,006,033,1,0,1,4,1,67,5,1,9,00,2,0,1,201600015211B01,7,1,1
201600015267,2016-08-04,2016,août,jeudi,13:00,13,13055,43.26175,5.37487,1,1,6,1,1,4,2,00,1,1,000,000,1,0,5,4,2,34,0,1,9,00,1,0,0,201600015267A01,,,
201600015276,2016-08-05,2016,août,vendredi,21:30,13,13055,43.32508,5.36183,2,1,6,5,1,4,-1,01,1,1,000,060,1,0,1,4,1,34,5,1,2,00,0,0,0,201600015276A01,10,1,1
201600015328,2016-08-17,2016,août,mercredi,73:0,13,13055,43.31252,5.46478,2,6,3,1,1,4,1,02,2,1,000,060,1,0,1,4,1,35,1,1,2,00,2,7,1,201600015328B01,7,9,1
201600015337,2016-08-05,2016,août,vendredi,14:20,13,13055,43.29924,5.37618,2,1,1,1,1,4,1,01,2,1,000,030,1,0,0,4,1,30,5,1,2,00,2,1,5,201600015337A01,7,1,1
201600015343,2016-08-19,2016,août,vendredi,21:55,13,13055,43.28113,5.39931,2,1,1,5,1,4,2,04,1,1,000,100,1,0,1,3,1,22,5,1,9,00,2,1,19,201600015343A01,7,1,1
201600015410,2016-08-30,2016,août,mardi,18:00,13,13055,43.27947,5.39877,1,3,6,1,1,4,2,02,1,1,000,070,1,0,1,1,1,17,0,1,9,00,2,4,0,201600015410B01,2,17,1
201600015446,2016-09-05,2016,septembre,lundi,65:5,13,13055,43.27386,5.38501,2,3,1,5,1,4,2,02,1,1,000,060,1,0,1,3,1,67,9,1,2,00,2,1,1,201600015446B01,10,15,1
201600015457,2016-09-06,2016,septembre,mardi,16:00,13,13055,43.33776,5.43737,2,1,1,1,1,4,2,01,1,1,000,050,1,0,1,1,1,35,0,1,2,00,0,0,0,201600015457B01,2,0,1
201600015481,2016-09-09,2016,septembre,vendredi,21:30,13,13055,43.2786,5.38618,2,1,2,5,1,4,1,01,2,1,000,050,1,0,1,3,1,15,5,1,4,00,2,1,1,201600015481A01,7,23,1
201600015481,2016-09-09,2016,septembre,vendredi,21:30,13,13055,43.2786,5.38618,2,1,2,5,1,4,1,01,2,1,000,050,1,0,1,3,1,14,5,1,4,00,2,1,1,201600015481A01,7,23,1
201600015557,2016-09-20,2016,septembre,mardi,73:0,13,13055,43.30227,5.40076,2,1,5,1,1,4,3,06,1,1,000,090,1,0,1,4,1,31,0,1,2,00,2,8,1,201600015557C01,7/ 15,11/1,2
201600015558,2016-09-20,2016,septembre,mardi,15:25,13,13055,43.25346,5.405,2,1,2,1,1,4,1,01,1,1,000,050,1,0,4,4,1,12,2,1,9,00,2,0,0,201600015558A01,7,20,1
201600015581,2016-09-24,2016,septembre,samedi,13:00,13,13055,43.29359,5.47396,2,3,1,1,1,4,1,01,2,1,000,040,1,0,1,4,1,52,0,1,2,00,2,1,5,201600015581A01,7,1,1
201600015614,2016-09-28,2016,septembre,mercredi,13:30,13,13002,43.35668,5.48762,2,1,1,1,1,3,2,02,1,1,000,060,1,0,1,4,1,13,0,1,2,00,2,3,15,201600015614B01,33,1,1
201600015642,2016-10-02,2016,octobre,dimanche,10:10,13,13055,43.2321,5.35573,2,1,6,1,1,4,2,02,1,1,000,060,1,0,1,3,1,66,5,1,2,00,2,0,1,201600015642B01,7,0,1
201600015665,2016-10-04,2016,octobre,mardi,17:30,13,13055,43.29438,5.49149,2,1,3,1,1,3,2,02,2,1,000,060,1,0,1,4,1,54,0,1,2,00,2,1,17,201600015665B01,7,15,1
201600015666,2016-10-04,2016,octobre,mardi,21:50,13,13055,43.29522,5.38724,2,7,5,5,1,4,1,02,1,1,000,040,1,0,1,3,1,28,5,1,9,00,2,8,1,201600015666B01,7,0/15,2
201600015683,2016-10-06,2016,octobre,jeudi,16:30,13,13055,43.36797,5.36307,2,1,3,1,2,4,2,02,1,2,000,060,2,0,1,4,1,49,5,1,2,00,2,8,2,201600015683A01,7,0,1
201600015693,2016-10-08,2016,octobre,samedi,72:5,13,13055,43.2964,5.37764,2,2,6,2,1,4,2,02,2,1,000,100,1,0,1,3,1,44,5,1,2,00,2,1,1,201600015693B01,10,15,1
201600015878,2016-11-04,2016,novembre,vendredi,91:5,13,13002,43.32967,5.49006,2,1,1,1,7,4,2,01,1,1,015,060,1,0,1,4,1,55,5,1,2,00,2,1,1,201600015878B01,7,15,1
201600015908,2016-11-08,2016,novembre,mardi,75:0,13,13055,43.33368,5.42021,2,3,3,1,1,4,2,02,2,1,000,060,1,0,1,3,2,47,1,1,2,00,2,7,1,201600015908A01,7,15,1
201600015982,2016-11-18,2016,novembre,vendredi,11:15,13,13055,43.30841,5.3733,2,1,3,1,1,4,1,01,1,1,000,030,1,0,4,4,1,26,5,1,2,00,2,1,1,201600015982B01,7,1,1
201600016054,2016-11-30,2016,novembre,mercredi,16:10,13,13055,43.3252,5.38167,2,1,6,1,1,4,1,03,-1,-1,000,090,-1,0,1,4,1,17,2,1,9,00,9,0,5,201600016054A01,,,
201600016235,2016-03-03,2016,mars,jeudi,11:15,13,13039,43.43773,4.94092,1,1,6,1,9,2,3,04,1,1,015,078,1,0,1,4,2,56,4,1,2,00,0,8,13,201600016235B01,7,14,1
201600016241,2016-06-06,2016,juin,lundi,10:34,13,13056,43.34879,5.05714,1,1,5,1,1,3,2,02,2,1,000,070,1,0,1,2,1,45,5,1,2,00,0,0,0,201600016241C01,7,0/15,2
201600016285,2016-09-02,2016,septembre,vendredi,11:45,13,13056,43.39932,5.03971,2,1,3,1,1,4,2,02,1,1,000,000,1,0,1,4,1,73,0,1,2,00,2,1,0,201600016285B01,7,1,1
201600016301,2016-09-24,2016,septembre,samedi,17:25,13,13103,43.6356,5.06719,2,1,7,1,1,4,2,02,-1,-1,000,000,-1,0,1,3,1,40,5,1,9,12,0,1,1,201600016301A01,,,
201600016406,2016-04-16,2016,avril,samedi,74:5,13,13071,43.40851,5.31802,2,1,2,1,1,3,2,02,1,1,000,089,1,0,1,2,1,70,5,1,2,00,2,8,1,201600016406B01,37,2,1
201600016429,2016-05-14,2016,mai,samedi,13:30,13,13071,43.40946,5.32552,2,1,3,1,1,3,1,01,1,1,030,030,1,0,1,4,1,63,5,1,9,00,2,1,1,201600016429B01,7,9,1
201600016439,2016-06-01,2016,juin,mercredi,20:00,13,13019,43.47849,5.35609,1,6,3,1,1,3,1,01,1,1,000,000,1,0,1,4,1,39,5,1,2,00,0,4,1,201600016439B01,7,9,1
201600016450,2016-06-17,2016,juin,vendredi,63:0,13,13117,43.42323,5.24108,1,1,2,2,1,3,1,03,2,2,000,120,1,0,1,3,1,46,1,1,2,00,2,4,9,201600016450B01,7,1,1
201600016469,2016-07-07,2016,juillet,jeudi,83:0,13,13019,43.46528,5.35367,2,6,1,1,1,3,-1,00,1,1,000,035,1,0,0,4,1,48,5,1,2,00,2,7,1,201600016469B01,7,1,1
201600016517,2016-09-19,2016,septembre,lundi,16:30,13,13071,43.40992,5.31144,2,1,1,1,1,4,2,02,4,1,000,000,1,0,1,4,1,62,0,1,9,00,2,1,1,201600016517B01,7,15,1
201600016523,2016-09-24,2016,septembre,samedi,16:00,13,13071,0,0,2,1,3,1,1,4,2,02,2,3,000,070,1,0,1,4,1,11,5,1,2,00,2,4,1,201600016523A01,7,1,1
201600016539,2016-10-22,2016,octobre,samedi,93:0,13,13019,43.45034,5.36012,1,1,3,1,1,3,1,,1,-1,400,080,1,0,1,4,1,60,5,1,2,00,2,3,0,201600016539B01,7,0,1
201600016541,2016-10-28,2016,octobre,vendredi,10:00,13,13071,43.40734,5.29359,1,1,2,1,1,3,1,01,1,1,000,035,1,0,1,4,1,70,0,1,2,00,0,0,0,201600016541B01,7,2,1
201600016606,2016-08-28,2016,août,dimanche,11:00,78,78356,0,0,1,1,3,1,1,3,2,02,1,2,000,092,1,0,1,3,1,42,5,1,2,00,2,8,1,201600016606B01,7,17,1
201600016621,2016-03-04,2016,mars,vendredi,19:30,72,72320,48.069,0.155,2,1,2,5,1,9,2,00,1,1,054,000,1,0,1,2,1,36,1,1,1,00,0,4,1,201600016621B02,7,1,1
201600016636,2016-09-07,2016,septembre,mercredi,18:30,95,95392,49.0762,2.2027,2,1,3,1,1,3,2,02,1,1,,,1,0,1,3,2,55,5,1,2,00,2,1,1,201600016636A01,7,15,1
201600016668,2016-07-28,2016,juillet,jeudi,17:30,19,19123,45.177,1.621,1,1,3,1,1,3,2,02,1,1,000,073,1,0,1,3,1,72,9,1,2,00,2,1,19,201600016668A01,17,1,1
201600016682,2016-12-06,2016,décembre,mardi,11:42,14,14301,49.10968,-0.16588,1,1,6,1,1,3,2,03,1,1,000,000,-1,0,1,3,1,60,0,1,4,00,2,1,1,201600016682B01,7,16,1
201600016694,2016-03-15,2016,mars,mardi,18:20,14,14118,49.1936,-0.35751,2,1,2,1,1,4,1,01,1,2,000,000,1,0,1,3,1,41,1,1,2,00,2,4,1,201600016694B01,7,1,1
201600016705,2016-05-24,2016,mai,mardi,14:23,14,14118,49.1844,-0.35799,2,1,6,1,1,4,2,02,1,3,000,000,1,0,1,1,1,22,5,1,2,00,1,1,1,201600016705A01,,,
201600016717,2016-08-25,2016,août,jeudi,19:45,14,14327,49.2141,-0.3293,1,1,2,1,1,3,2,02,2,1,000,176,1,0,5,3,1,59,5,1,4,00,2,1,1,201600016717B01,10,23,1
201600016718,2016-09-05,2016,septembre,lundi,12:10,14,14118,0,0,2,1,6,1,1,4,2,02,1,1,000,000,1,0,1,3,1,19,2,1,2,00,2,1,19,201600016718A01,,,
201600016727,2016-10-12,2016,octobre,mercredi,85:9,14,14327,0,0,2,1,6,1,1,3,3,05,1,1,000,000,1,0,1,3,1,22,0,1,4,00,2,4,0,201600016727B01,7,0,1
201600016744,2016-02-23,2016,février,mardi,15:20,14,14225,49.2849,-0.10796,2,1,3,1,1,6,-1,00,1,1,000,000,1,0,1,4,2,43,4,1,9,00,2,8,1,201600016744B01,7,1,1
201600016751,2016-08-13,2016,août,samedi,14:12,14,14117,49.2794,-0.14395,2,1,5,1,1,3,2,02,1,1,000,073,1,0,1,4,1,51,5,1,2,00,2,4,1,201600016751C01,7,1,1
201600016751,2016-08-13,2016,août,samedi,14:12,14,14117,49.2794,-0.14395,2,1,5,1,1,3,2,02,1,1,000,073,1,0,1,4,2,52,5,1,2,00,2,4,1,201600016751B01,7,1,1
201600016754,2016-08-07,2016,août,dimanche,18:20,14,14338,49.3018,-0.08134,2,1,6,1,1,3,2,02,1,3,000,075,1,0,1,4,1,39,1,1,9,00,1,1,1,201600016754A01,,,
201600016765,2016-06-04,2016,juin,samedi,17:45,30,30047,43.78906,4.43364,1,6,2,1,1,3,2,00,1,-1,000,070,1,5,1,3,1,63,5,1,1,00,2,4,16,201600016765B02,7,9,1
201600016775,2016-07-09,2016,juillet,samedi,16:30,88,88487,47.94008,6.47778,1,1,1,1,1,3,2,00,-1,-1,000,000,1,0,1,3,1,56,5,1,2,00,0,7,10,201600016775A01,33,1,1
201600016801,2016-10-08,2016,octobre,samedi,16:00,08,08156,49.89306,4.40168,1,1,5,1,7,3,2,02,-1,1,000,061,-1,0,1,3,1,64,5,1,2,00,2,7,15,201600016801A01,7,1,2
201600016887,2016-04-24,2016,avril,dimanche,12:05,37,37041,0,0,2,1,3,1,1,4,2,02,2,3,000,040,1,0,1,3,1,25,5,1,2,00,2,2,1,201600016887B02,7,10,1
201600016947,2016-07-22,2016,juillet,vendredi,11:00,14,14487,49.1784,0.20935,1,2,3,1,1,3,2,02,2,1,000,000,1,0,1,4,1,44,5,1,2,00,2,8,19,201600016947A01,7,1,1
201600016965,2016-09-28,2016,septembre,mercredi,18:15,14,14366,49.1524,2.24211,2,1,6,1,1,4,2,00,1,1,000,000,1,0,1,4,1,13,5,1,4,01,0,1,1,201600016965B01,7,22,1
201600017024,2016-07-12,2016,juillet,mardi,12:45,37,37115,0,0,1,1,1,1,1,3,2,02,1,2,000,050,8,0,3,3,1,19,5,1,4,00,2,1,1,201600017024B02,10,19,1
201600017043,2016-12-10,2016,décembre,samedi,15:30,87,87090,46.3219,1.35845,2,1,1,1,1,3,2,00,2,1,006,100,1,0,1,3,1,67,5,1,2,00,2,8,2,201600017043B02,7,2,1
201600017045,2016-12-15,2016,décembre,jeudi,14:15,87,87111,45.7388,0.86734,2,4,3,1,1,3,2,00,2,1,000,080,1,0,1,3,1,42,5,1,2,00,2,1,1,201600017045B02,10,1,1
201600017063,2016-03-27,2016,mars,dimanche,21:00,27,27578,48.80454,0.92167,1,1,2,3,6,3,2,02,1,1,000,007,1,0,1,3,1,26,9,1,2,00,2,4,2,201600017063B02,7,2,1
201600017080,2016-10-04,2016,octobre,mardi,17:00,27,27056,49.08547,0.5973,2,6,6,1,1,3,1,00,1,-1,000,000,1,0,1,3,1,57,1,1,2,00,2,1,1,201600017080B02,7,1,1
201600017112,2016-05-15,2016,mai,dimanche,13:15,27,27669,49.36566,0.61109,2,3,1,1,1,4,2,01,2,1,000,032,1,0,0,4,1,17,5,1,2,00,2,1,15,201600017112B02,7,1,1
201600017113,2016-10-03,2016,octobre,lundi,16:30,27,27090,49.29601,0.92472,2,3,3,1,7,3,2,00,1,1,000,049,1,0,1,3,1,63,5,1,2,00,2,1,1,201600017113B02,7,15,1
201600017127,2016-03-12,2016,mars,samedi,18:30,04,04088,43.9571,5.77613,2,1,3,1,1,3,2,00,2,3,000,070,1,0,1,3,1,25,5,1,2,00,2,1,19,201600017127A01,7,1,1
201600017128,2016-12-02,2016,décembre,vendredi,14:15,04,04208,43.9564,5.56839,1,1,1,1,1,3,2,02,2,1,000,069,1,0,1,3,1,40,5,1,2,00,0,4,2,201600017128B02,7,2,1
201600017146,2016-08-10,2016,août,mercredi,15:30,24,24259,44.9296,0.47536,2,1,1,1,1,3,2,00,1,1,000,074,1,0,1,3,2,11,5,1,1,00,2,3,10,201600017146A01,7,1,1
201600017169,2016-09-17,2016,septembre,samedi,18:00,24,24330,45.0307,1.04821,1,1,7,1,1,3,2,00,2,1,000,050,1,0,1,3,1,26,5,1,2,00,0,0,1,201600017169A01,,,
201600017179,2016-04-04,2016,avril,lundi,81:5,40,40306,43.53159,-1.06188,2,1,2,1,1,3,2,02,1,1,000,070,1,0,1,3,2,30,5,1,2,00,2,1,1,201600017179A01,17,0,1
201600017184,2016-05-24,2016,mai,mardi,83:0,40,40168,43.77774,-1.21784,2,1,2,1,1,3,2,02,-1,1,000,080,1,0,1,3,1,55,2,1,2,00,2,4,2,201600017184B02,10,2,1
201600017184,2016-05-24,2016,mai,mardi,83:0,40,40168,43.77774,-1.21784,2,1,2,1,1,3,2,02,-1,1,000,080,1,0,1,1,1,5,0,1,2,00,2,4,2,201600017184B02,10,2,1
201600017190,2016-10-10,2016,octobre,lundi,90:0,40,40291,43.66991,-1.34233,1,1,2,1,7,3,2,02,2,2,000,053,1,0,1,3,2,63,5,1,4,00,0,4,1,201600017190B02,7,1,1
201600017206,2016-01-24,2016,janvier,dimanche,12:50,40,40152,43.92382,-1.1102,2,1,2,1,1,3,2,02,1,1,,057,1,0,1,3,1,69,5,1,2,00,0,4,1,201600017206A02,10,1,1
201600017216,2016-10-09,2016,octobre,dimanche,21:15,40,40084,43.65008,-0.89969,2,1,2,3,1,3,2,02,1,1,000,063,1,0,1,2,1,16,5,1,9,00,2,4,2,201600017216B02,10,2,1
201600017237,2016-11-03,2016,novembre,jeudi,15:35,21,21256,47.31808,5.33652,1,1,3,1,1,3,1,01,1,1,000,070,1,0,1,4,1,59,5,1,2,00,2,8,2,201600017237B01,37,2,1
201600017246,2016-08-09,2016,août,mardi,19:15,21,21674,47.94393,4.80255,2,1,1,1,1,3,2,00,1,1,058,029,1,0,1,3,2,6,5,1,2,00,2,1,19,201600017246B02,7,1,1
201600017259,2016-10-21,2016,octobre,vendredi,15:00,53,53127,48.47663,-0.4384,1,1,3,1,1,3,2,02,1,1,000,062,1,0,1,3,1,62,5,1,2,00,2,8,1,201600017259B02,7,17,1
201600017290,2016-06-21,2016,juin,mardi,93:0,07,07052,0,0,1,1,1,1,1,3,2,00,2,3,000,000,1,0,1,3,1,69,5,1,2,00,0,8,21,201600017290B02,7,13,1
201600017292,2016-05-26,2016,mai,jeudi,15:30,07,07103,0,0,1,1,7,1,1,3,2,00,1,3,000,060,1,0,1,2,1,64,5,1,2,00,0,0,1,201600017292A01,,,
201600017339,2016-10-17,2016,octobre,lundi,17:45,10,10268,48.49228,3.49675,2,1,3,1,1,3,2,00,1,1,,,2,0,1,4,1,25,5,1,2,00,2,1,1,201600017339B02,7,15,1
201600017358,2016-11-21,2016,novembre,lundi,16:45,10,10323,48.515,3.721,1,1,3,2,2,4,2,00,1,1,,059,2,0,1,4,1,15,2,1,2,00,2,1,19,201600017358A01,7,1,1
201600017373,2016-10-30,2016,octobre,dimanche,20:0,18,18118,47.03549,3.12767,1,1,1,3,5,3,2,00,4,-1,000,060,1,0,1,3,1,19,5,1,4,00,0,0,0,201600017373A01,7,17,1
201600017423,2016-08-06,2016,août,samedi,16:10,73,73300,45.66549,5.89596,1,1,2,1,1,3,3,02,1,1,020,100,1,0,1,3,1,66,5,1,2,00,2,4,1,201600017423B02,2,2,1
201600017433,2016-05-24,2016,mai,mardi,21:00,73,73303,45.75316,6.42121,2,1,3,5,1,3,2,02,2,2,000,070,1,0,1,3,1,18,5,1,2,00,2,1,19,201600017433A01,7,1,1
201600017446,2016-01-21,2016,janvier,jeudi,13:15,64,64519,43.39243,-0.38023,1,3,1,1,1,3,2,02,1,1,018,076,1,5,1,3,1,41,5,1,2,00,2,7,1,201600017446A01,7,9,1
201600017450,2016-10-21,2016,octobre,vendredi,17:00,64,64037,43.32856,-0.50113,2,2,3,1,1,3,2,02,1,1,000,065,1,0,1,3,1,11,5,1,1,00,2,8,9,201600017450B02,7,1,1
201600017468,2016-05-04,2016,mai,mercredi,17:45,45,45098,47.82575,1.76291,2,3,3,1,1,3,2,02,1,1,000,060,1,0,1,3,2,67,5,1,9,00,2,8,1,201600017468B02,7,1,1
201600017476,2016-09-29,2016,septembre,jeudi,83:0,45,45030,48.06925,2.43474,2,2,3,1,1,3,2,02,1,1,000,060,1,5,1,3,1,67,5,1,2,00,2,1,1,201600017476B02,7,15,1
201600017488,2016-09-30,2016,septembre,vendredi,16:15,60,60041,49.38286,2.22354,2,1,3,1,1,3,-1,00,-1,-1,000,000,-1,0,0,3,1,68,0,1,2,00,0,0,0,201600017488B02,7,0,1
201600017515,2016-11-23,2016,novembre,mercredi,16:30,60,60584,49.2132,2.40938,1,1,1,1,1,3,2,01,1,1,000,060,1,0,1,4,2,65,5,1,2,00,2,4,2,201600017515B02,7,2,1
201600017538,2016-06-28,2016,juin,mardi,14:15,60,60025,49.40432,3.07001,1,1,7,1,1,3,2,00,1,1,000,060,1,0,1,2,1,83,5,1,2,00,0,0,1,201600017538A01,,,
201600017623,2016-05-03,2016,mai,mardi,81:5,50,50103,49.3684,-1.33629,2,9,2,2,7,3,2,02,3,1,000,055,1,2,1,2,2,89,5,1,1,00,0,4,1,201600017623B01,7,1,1
201600017650,2016-09-01,2016,septembre,jeudi,10:45,14,14577,49.272,-0.558,1,2,1,1,1,3,2,00,1,1,000,060,1,5,1,3,1,75,5,1,2,00,0,0,1,201600017650A01,7,15,1
201600017653,2016-12-01,2016,décembre,jeudi,15:30,14,14111,49.218,-0.655,1,1,2,1,1,3,2,02,2,1,000,070,1,0,1,4,1,51,5,1,1,00,2,4,15,201600017653B02,7,17,1
201600017660,2016-05-08,2016,mai,dimanche,10:30,14,14299,49.3764,0.2758,1,2,3,1,1,3,2,02,1,1,000,050,1,0,1,3,1,50,5,1,2,00,0,3,1,201600017660A01,7,19,1
201600017705,2016-08-25,2016,août,jeudi,53:0,06,06138,0,0,1,1,6,5,1,3,2,00,-1,-1,000,000,-1,0,0,3,1,22,0,1,2,01,0,0,0,201600017705B02,7,0,1
201600017720,2016-07-19,2016,juillet,mardi,17:00,06,06112,0,0,2,1,3,1,1,3,2,02,-1,1,000,060,1,0,1,4,1,55,5,1,2,00,2,1,2,201600017720B02,7,2,1
201600017721,2016-07-27,2016,juillet,mercredi,15:45,06,06112,0,0,2,1,2,1,1,3,2,02,-1,1,000,060,1,0,1,3,1,42,5,1,2,01,0,1,0,201600017721A01,7,23,1
201600017723,2016-09-11,2016,septembre,dimanche,11:00,06,06010,0,0,1,1,7,1,1,3,2,02,2,3,000,121,1,0,1,3,1,68,5,1,2,00,9,1,1,201600017723A01,,,
201600017727,2016-12-10,2016,décembre,samedi,14:00,06,06068,43.72249,6.97942,1,1,6,1,1,3,2,02,1,1,000,061,1,0,1,1,1,41,5,1,2,00,9,7,2,201600017727A01,1,2,1
201600017727,2016-12-10,2016,décembre,samedi,14:00,06,06068,43.72249,6.97942,1,1,6,1,1,3,2,02,1,1,000,061,1,0,1,3,1,52,5,1,2,00,9,8,2,201600017727B01,1,2,1
201600017750,2016-08-15,2016,août,lundi,14:30,06,06071,0,0,2,1,2,1,1,3,2,00,1,1,000,065,1,0,1,4,1,11,5,1,4,00,2,4,15,201600017750B02,33,17,1
201600017770,2016-08-17,2016,août,mercredi,13:45,72,72029,0,0,2,1,1,1,1,4,2,02,1,1,000,000,1,0,1,4,1,17,5,1,2,00,0,8,15,201600017770A01,7,17,1
201600017787,2016-12-04,2016,décembre,dimanche,17:45,14,14220,0,0,2,3,3,5,1,4,2,02,1,1,000,000,1,0,1,4,1,45,5,1,2,00,2,7,1,201600017787A01,7,1,1
201600017808,2016-04-15,2016,avril,vendredi,18:35,14,14699,49.3571,0.10946,2,1,7,1,1,4,2,02,1,1,000,000,1,0,1,4,2,45,1,1,2,00,0,7,1,201600017808A01,,,
201600017813,2016-05-08,2016,mai,dimanche,15:25,14,14220,49.3578,0.07547,2,1,3,1,1,3,2,02,1,1,000,000,1,0,1,4,1,18,5,1,2,00,2,6,2,201600017813B01,7,2,1
201600017815,2016-05-20,2016,mai,vendredi,14:25,14,14699,49.3467,0.10246,2,3,3,1,1,4,2,02,1,2,000,000,1,0,1,4,1,45,1,1,9,00,2,8,23,201600017815B01,7,1,1
201600017819,2016-06-22,2016,juin,mercredi,18:45,14,14701,49.3275,0.07646,1,1,3,1,1,3,2,02,1,4,000,000,1,0,1,4,1,64,5,1,2,00,2,8,1,201600017819B01,7,17,1
201600017827,2016-07-30,2016,juillet,samedi,17:40,14,14220,0,0,2,1,7,1,1,4,3,04,1,1,000,000,1,0,1,1,1,27,5,1,2,00,1,1,1,201600017827A01,,,
201600017831,2016-08-17,2016,août,mercredi,10:35,14,14557,49.344,0.08614,2,1,2,1,1,3,2,02,1,1,000,000,1,0,1,3,1,51,5,1,2,15,2,4,1,201600017831B01,7,17,1
201600017835,2016-08-20,2016,août,samedi,12:15,14,14701,0,0,1,1,3,1,1,3,2,02,1,3,000,000,1,0,1,4,1,50,5,1,2,00,2,1,2,201600017835B01,7,2,1
201600017839,2016-08-30,2016,août,mardi,11:05,14,14220,0,0,2,1,7,1,1,4,2,02,1,1,000,000,1,0,1,4,2,67,5,1,2,00,2,1,1,201600017839B01,7,15,1
201600017851,2016-10-17,2016,octobre,lundi,14:20,14,14079,0,0,2,1,7,1,1,3,2,02,1,1,000,000,1,0,1,4,1,70,5,1,2,00,0,7,1,201600017851A01,,,
201600017852,2016-10-22,2016,octobre,samedi,16:50,14,14220,0,0,2,1,7,1,1,3,3,04,1,1,000,000,1,0,1,4,1,42,5,1,9,00,0,0,2,201600017852B01,7,2,1
201600017870,2016-07-06,2016,juillet,mercredi,11:15,58,58127,0,0,1,1,3,1,1,3,2,02,1,1,000,074,1,0,1,2,1,67,5,1,2,00,0,8,10,201600017870B02,7,17,1
201600017932,2016-12-16,2016,décembre,vendredi,16:30,01,01320,0,0,1,1,2,1,1,3,2,02,1,1,000,050,1,0,1,3,1,49,5,1,4,00,0,4,2,201600017932B02,30,1,1
201600017939,2016-08-23,2016,août,mardi,11:45,01,01010,0,0,1,1,3,1,1,3,2,00,2,1,000,055,1,0,1,3,1,57,5,1,4,00,2,8,13,201600017939A01,7,17,1
201600017942,2016-02-25,2016,février,jeudi,20:45,01,01031,0,0,1,6,6,5,1,3,-1,01,1,2,000,060,1,0,1,3,1,34,1,1,4,00,2,5,1,201600017942A01,,,
201600017950,2016-03-17,2016,mars,jeudi,19:15,01,01348,46.18165,4.8,1,1,3,2,1,4,2,02,2,1,000,073,1,0,3,3,1,22,5,1,2,00,2,2,5,201600017950B02,7,1,1
201600017972,2016-12-22,2016,décembre,jeudi,17:30,03,03060,0,0,2,6,3,5,2,3,2,02,1,1,000,080,2,0,1,3,1,49,1,1,4,00,2,5,1,201600017972A01,7,9,1
201600017983,2016-08-15,2016,août,lundi,10:30,84,84017,0,0,1,1,1,1,1,3,2,02,-1,2,000,000,1,0,1,3,1,36,5,1,2,00,2,1,13,201600017983A01,7,1,1
201600017984,2016-08-25,2016,août,jeudi,11:30,84,84017,0,0,1,1,3,1,1,3,2,00,2,3,000,000,1,0,1,3,1,56,5,1,2,00,2,8,13,201600017984B02,7,1,1
201600017987,2016-09-15,2016,septembre,jeudi,12:00,84,84079,44.05667,5.32696,1,1,7,1,1,3,2,00,1,4,000,052,1,1,1,2,1,57,5,1,2,00,0,7,1,201600017987A01,,,
201600017999,2016-05-25,2016,mai,mercredi,15:00,02,02052,49.52465,3.38544,2,1,1,1,1,3,2,02,1,-1,000,036,1,0,1,3,2,13,5,1,1,00,2,1,13,201600017999B02,21,1,1
201600018075,2016-03-22,2016,mars,mardi,17:45,38,38015,0,0,2,2,3,1,1,3,2,02,2,1,000,060,1,5,1,3,1,64,5,1,2,00,2,1,1,201600018075B02,7,19,1
201600018104,2016-11-28,2016,novembre,lundi,23:30,31,31089,43.70967,1.18804,1,1,2,3,9,3,2,02,1,1,000,000,9,0,1,4,1,17,5,1,9,00,2,4,1,201600018104A01,7,2,1
201600018118,2016-11-22,2016,novembre,mardi,18:10,31,31107,43.31005,1.22231,2,6,3,5,2,3,2,02,1,3,010,041,2,5,5,3,2,15,2,1,4,00,2,2,6,201600018118B02,10,1,1
201600018124,2016-02-06,2016,février,samedi,13:15,31,31292,0,0,1,3,6,1,6,3,2,02,1,1,062,065,1,5,1,3,1,72,5,1,2,00,2,8,1,201600018124A01,,,
201600018129,2016-12-01,2016,décembre,jeudi,17:05,31,31481,43.48838,1.14773,1,3,3,1,1,3,2,02,4,-1,006,510,1,,,3,1,58,5,1,2,00,2,1,1,201600018129B01,7,15,1
201600018131,2016-11-24,2016,novembre,jeudi,13:45,31,31042,42.79517,0.59615,2,5,3,1,7,3,2,02,1,-1,000,015,1,,,4,1,14,0,1,4,00,0,6,1,201600018131B02,7,19,1
201600018157,2016-08-07,2016,août,dimanche,91:5,29,29026,48.18934,-4.10944,1,1,1,1,1,3,2,02,2,1,000,000,1,0,1,3,1,62,5,1,2,00,0,1,2,201600018157A01,1,2,1
201600018157,2016-08-07,2016,août,dimanche,91:5,29,29026,48.18934,-4.10944,1,1,1,1,1,3,2,02,2,1,000,000,1,0,1,1,1,70,5,1,2,00,0,4,2,201600018157B02,1,2,1