Num_Acc,date,an,mois,jour,hrmn,dep,com,lat,long,agg,int,col,lum,atm,catr,circ,nbv,prof,plan,lartpc,larrout,surf,infra,situ,grav,sexe,age,trajet,secuexist,equipement,obs,obsm,choc,manv,vehiculeid,typevehicules,manoeuvehicules,numVehicules
201600018235,2016-10-13,2016,octobre,jeudi,12:15,44,44003,47.37439,-1.18753,2,1,3,1,1,4,2,02,2,1,000,072,1,0,1,3,1,12,2,1,9,00,2,1,1,201600018235B02,7,15,1
201600018243,2016-11-24,2016,novembre,jeudi,17:00,44,44036,47.71043,-1.37446,2,6,3,4,1,9,1,01,1,-1,000,010,1,,,3,1,16,2,1,4,00,0,7,1,201600018243A01,7,9,1
201600018255,2016-10-24,2016,octobre,lundi,18:00,44,44087,46.99086,-1.78544,1,1,3,1,1,4,2,02,1,-1,004,310,1,,,3,1,5,5,1,2,00,2,1,19,201600018255B02,21,1,1
201600018259,2016-10-29,2016,octobre,samedi,16:40,44,44043,47.08959,-1.28615,2,6,3,1,7,4,2,02,1,-1,000,010,1,,,2,2,55,5,1,4,00,0,1,13,201600018259B02,7,1,1
201600018271,2016-12-03,2016,décembre,samedi,16:50,44,44120,47.19041,-1.76865,1,1,2,1,7,3,2,02,1,1,000,060,1,0,1,3,1,49,5,1,2,00,2,4,1,201600018271B01,10,1,1
201600018279,2016-11-05,2016,novembre,samedi,11:30,44,44069,47.32725,-2.41762,2,1,3,1,1,9,4,02,1,-1,000,010,1,,,3,1,63,5,1,2,00,2,7,1,201600018279A01,7,1,1
201600018356,2016-11-30,2016,novembre,mercredi,11:15,22,22079,48.40062,-2.66439,1,1,6,1,1,4,2,02,-1,1,000,048,1,0,1,3,1,66,5,1,2,00,5,1,1,201600018356A01,,,
201600018374,2016-01-08,2016,janvier,vendredi,12:45,22,22207,48.63871,-3.45506,1,2,3,1,1,3,2,02,1,1,000,000,1,5,1,3,1,63,5,1,2,00,2,1,1,201600018374B02,7,19,1
201600018390,2016-04-28,2016,avril,jeudi,17:15,22,22347,48.78338,-3.21356,1,1,2,1,1,3,2,02,2,1,000,069,1,0,1,2,1,76,5,1,2,00,2,4,2,201600018390B02,7,2,1
201600018399,2016-08-23,2016,août,mardi,18:00,68,68237,48.09706,7.25744,1,1,2,1,7,3,2,02,2,1,000,060,1,0,1,3,1,49,5,1,2,00,0,4,2,201600018399A01,10,1,1
201600018413,2016-07-05,2016,juillet,mardi,94:5,68,68384,47.69785,7.297,1,1,1,1,1,5,2,02,1,1,000,030,1,0,5,3,1,68,5,1,2,00,2,1,1,201600018413A01,1,17,1
201600018413,2016-07-05,2016,juillet,mardi,94:5,68,68384,47.69785,7.297,1,1,1,1,1,5,2,02,1,1,000,030,1,0,5,1,1,54,5,1,2,00,2,1,17,201600018413B02,1,1,1
201600018435,2016-05-12,2016,mai,jeudi,19:00,34,34051,43.595,3.48738,1,1,5,1,1,3,2,02,-1,2,000,056,9,0,1,3,1,42,0,1,2,00,2,1,1,201600018435C03,7,1/13,2
201600018440,2016-07-26,2016,juillet,mardi,94:5,34,34281,43.5274,3.57188,2,1,2,1,1,3,2,02,1,-1,063,000,1,0,1,3,1,59,0,1,2,00,2,4,15,201600018440B02,7,1,1
201600018441,2016-10-22,2016,octobre,samedi,30:0,34,34079,43.6107,3.43668,1,1,2,3,1,3,2,00,1,1,000,070,1,0,1,2,1,22,5,1,4,00,0,4,0,201600018441B02,7,2,1
201600018478,2016-09-16,2016,septembre,vendredi,16:45,29,29189,48.38435,-4.37719,2,6,3,1,1,3,1,00,1,2,000,000,1,5,1,3,1,70,5,1,2,00,2,3,2,201600018478A01,7,2,1
201600018485,2016-07-10,2016,juillet,dimanche,19:00,41,41097,47.27889,1.70109,1,1,3,1,1,3,2,02,-1,-1,000,058,1,0,1,2,2,64,5,1,2,00,2,8,2,201600018485B02,7,2,1
201600018496,2016-04-27,2016,avril,mercredi,20:30,41,41239,47.26017,1.39676,2,1,6,1,1,3,2,00,1,1,000,068,1,0,1,3,1,54,5,1,2,00,2,8,1,201600018496B02,99,0,1
201600018508,2016-10-09,2016,octobre,dimanche,10:00,41,41198,47.27163,1.37246,2,1,6,1,1,3,2,02,1,1,000,000,1,0,1,3,1,65,5,1,2,00,2,1,2,201600018508A01,,,
201600018511,2016-11-13,2016,novembre,dimanche,10:30,41,41059,47.41638,1.43177,2,3,3,1,1,3,2,01,-1,-1,035,000,1,0,1,3,2,84,5,1,8,00,2,1,1,201600018511A01,7,9,1
201600018516,2016-01-12,2016,janvier,mardi,10:30,41,41232,47.42023,2.06046,2,3,3,1,7,4,2,02,1,1,000,061,1,0,1,3,1,90,3,1,2,00,2,1,15,201600018516B02,7,1,1
201600018524,2016-08-09,2016,août,mardi,10:00,41,41232,47.44377,2.06618,1,1,3,1,1,3,2,00,1,1,000,070,1,0,1,3,2,62,5,1,2,00,2,3,1,201600018524B02,7,17,1
201600018536,2016-05-29,2016,mai,dimanche,15:15,41,41075,48.03901,1.07576,2,1,1,1,2,3,2,00,1,2,000,064,2,0,1,3,1,22,5,1,2,00,2,1,13,201600018536A01,7,1,1
201600018559,2016-09-20,2016,septembre,mardi,15:30,12,12133,44.2897,2.57794,1,1,3,1,1,3,2,02,1,1,000,080,1,0,1,3,1,70,5,1,2,00,2,8,2,201600018559A01,10,17,1
201600018565,2016-06-28,2016,juin,mardi,18:20,12,12218,44.5515,2.42563,1,1,1,1,1,3,2,01,2,1,000,070,1,0,1,3,1,70,5,1,2,00,2,1,1,201600018565B02,21,15,1
201600018595,2016-04-18,2016,avril,lundi,10:30,49,49042,47.47641,-0.41348,2,1,7,1,1,3,2,00,1,1,000,060,1,0,1,3,1,66,5,1,1,00,0,1,1,201600018595A01,,,
201600018613,2016-08-25,2016,août,jeudi,18:30,49,49331,47.68284,-0.87826,2,1,2,1,1,4,2,02,-1,1,010,070,1,0,1,4,2,14,5,1,4,00,2,4,2,201600018613B02,7,17,1
201600018668,2016-05-09,2016,mai,lundi,11:30,76,76617,49.48383,1.15267,1,3,3,1,1,4,2,02,1,1,,,1,0,0,3,1,69,5,1,2,00,2,1,1,201600018668A01,10,1,1
201600018697,2016-01-25,2016,janvier,lundi,15:15,63,63322,0,0,1,1,1,1,7,3,-1,00,-1,-1,000,060,1,0,5,3,1,71,0,1,2,01,0,1,1,201600018697B02,7,23,1
201600018705,2016-10-22,2016,octobre,samedi,17:15,63,63118,0,0,1,1,1,1,1,3,2,00,1,1,000,072,1,0,1,2,1,20,5,1,2,00,0,8,1,201600018705B02,10,1,1
201600018729,2016-12-05,2016,décembre,lundi,18:00,89,89015,47.61556,3.75387,1,1,2,3,1,3,2,02,1,1,000,080,1,0,1,2,1,55,5,1,4,00,2,4,1,201600018729B02,7,1,1
201600018738,2016-12-03,2016,décembre,samedi,18:00,89,89306,47.49191,3.87948,1,1,3,3,1,3,2,00,1,1,000,000,1,0,3,3,1,37,1,1,4,00,0,8,1,201600018738B02,10,1,1
201600018744,2016-08-08,2016,août,lundi,15:45,89,89184,47.7431,4.17054,1,1,2,1,1,3,2,02,-1,1,000,050,-1,0,1,4,1,13,5,1,2,00,2,4,15,201600018744A01,7,1,1
201600018787,2016-08-25,2016,août,jeudi,84:5,71,71196,46.65359,5.34371,1,1,3,1,1,3,2,02,3,1,039,075,1,0,1,3,1,80,5,1,4,00,2,8,15,201600018787A01,10,1,1
201600018790,2016-10-18,2016,octobre,mardi,14:30,71,71263,46.62398,5.23086,2,1,1,1,1,9,2,02,1,1,037,075,1,0,1,3,1,75,5,1,2,00,2,5,2,201600018790B02,7,2,1
201600018796,2016-08-25,2016,août,jeudi,10:45,71,71292,0,0,1,1,3,1,1,3,2,02,2,1,000,074,1,0,1,3,1,70,5,1,2,00,0,8,2,201600018796B02,10,17,1
201600018879,2016-11-25,2016,novembre,vendredi,63:5,80,80212,49.91685,2.51659,2,4,3,5,1,3,2,02,2,-1,007,051,1,5,1,3,1,38,1,1,2,00,2,1,1,201600018879B02,7,15,1
201600018881,2016-03-03,2016,mars,jeudi,16:45,80,80013,49.96552,1.93506,2,1,2,1,1,3,2,02,2,1,000,060,1,0,1,3,1,69,5,1,9,00,0,6,1,201600018881B02,7,1,1
201600018882,2016-03-30,2016,mars,mercredi,17:30,80,80443,49.8476,1.9065,2,1,1,1,2,3,2,02,1,1,000,060,2,0,1,3,1,62,5,1,2,00,2,4,15,201600018882B02,31,17,1
201600018913,2016-10-27,2016,octobre,jeudi,14:40,80,80782,49.96315,2.24566,2,3,3,1,1,4,2,02,1,-1,007,010,1,,,3,1,13,5,1,2,00,2,3,15,201600018913B02,7,1,1
201600018972,2016-11-02,2016,novembre,mercredi,14:45,80,80368,50.07299,1.54178,1,6,3,1,1,3,2,02,1,-1,000,015,1,5,1,4,1,73,5,1,4,00,0,8,2,201600018972B02,7,2,1
201600018973,2016-11-05,2016,novembre,samedi,15:45,80,80368,50.09452,1.55982,2,3,7,1,1,4,2,02,1,,000,054,1,0,1,4,1,49,5,1,9,00,0,0,15,201600018973A01,10,1,1
201600018991,2016-05-13,2016,mai,vendredi,15:20,80,80003,50.06963,2.53939,2,1,3,1,1,3,2,00,1,1,000,060,1,0,1,4,1,16,5,1,2,00,0,5,19,201600018991A01,7,1,1
201600019004,2016-01-29,2016,janvier,vendredi,71:5,80,80185,49.69587,2.86313,2,1,1,5,9,3,2,00,1,1,000,062,1,0,1,3,1,52,1,1,4,00,2,4,1,201600019004B02,38,1,1
201600019015,2016-10-30,2016,octobre,dimanche,11:15,80,80232,49.73271,2.75503,1,2,3,1,1,3,2,02,1,-1,000,010,1,,,4,1,53,5,1,2,00,2,1,1,201600019015B02,7,19,1
201600019043,2016-09-17,2016,septembre,samedi,20:15,80,80620,49.93389,2.93291,2,1,1,5,1,4,2,02,2,1,000,000,1,0,1,3,1,16,5,1,9,00,2,1,1,201600019043B02,7,15,1
201600019056,2016-05-06,2016,mai,vendredi,17:15,80,80530,49.9533,2.57332,1,3,3,1,1,3,2,02,4,1,000,055,1,0,1,3,1,14,5,1,9,00,2,1,19,201600019056B02,7,1,1
201600019061,2016-08-22,2016,août,lundi,18:15,80,80530,49.93791,2.52857,1,1,2,1,1,3,2,02,1,1,000,070,1,0,1,3,1,70,5,1,2,00,2,8,2,201600019061B02,7,2,1
201600019066,2016-11-19,2016,novembre,samedi,16:35,80,80162,49.81542,2.64007,2,1,3,2,1,4,2,02,2,1,000,038,1,0,1,3,1,4,9,1,9,00,2,1,19,201600019066A01,7,1,1
201600019112,2016-01-20,2016,janvier,mercredi,14:00,31,31056,43.66425,1.36059,1,6,3,1,1,3,1,02,1,1,000,060,1,0,1,4,1,36,5,1,4,00,0,8,19,201600019112B02,7,1,1
201600019123,2016-11-08,2016,novembre,mardi,17:35,31,31032,43.67923,1.31938,2,1,3,3,1,4,2,02,2,1,000,070,1,0,1,4,1,11,5,1,2,00,2,1,1,201600019123A01,7,20,1
201600019151,2016-08-08,2016,août,lundi,17:45,79,79337,46.29846,-0.6554,1,2,3,1,1,3,2,02,1,1,000,060,1,0,1,3,1,59,5,1,9,00,2,1,1,201600019151B02,7,1,1
201600019182,2016-08-05,2016,août,vendredi,15:55,79,79079,46.92207,-0.74898,2,7,3,1,1,4,2,02,1,3,000,730,1,0,1,3,1,14,5,1,9,00,2,3,9,201600019182A01,7,1,1
201600019189,2016-03-26,2016,mars,samedi,16:00,79,79299,46.883,-0.241,1,1,1,1,1,3,2,00,1,1,000,000,1,0,1,3,1,88,5,1,9,00,2,8,2,201600019189B02,10,2,1
201600019194,2016-06-24,2016,juin,vendredi,20:15,79,79157,47.00969,-0.19996,2,3,3,1,1,4,2,02,1,1,,,1,0,1,3,1,42,5,1,2,00,2,1,5,201600019194B02,7,1,1
201600019234,2016-12-07,2016,décembre,mercredi,16:15,79,79179,0,0,1,3,3,1,1,3,2,02,-1,3,,,1,5,1,3,2,67,5,1,2,00,2,8,19,201600019234A01,7,1,1
201600019281,2016-10-31,2016,octobre,lundi,14:05,76,76198,49.65669,0.868,1,6,3,1,1,3,2,02,1,1,,,1,5,0,3,1,68,5,1,2,00,2,1,0,201600019281B01,7,1,1
201600019292,2016-01-05,2016,janvier,mardi,84:5,67,67276,0,0,2,1,3,1,2,4,2,02,1,1,000,000,2,0,1,3,1,63,5,1,2,00,2,8,1,201600019292B02,7,15,1
201600019299,2016-07-24,2016,juillet,dimanche,94:5,78,78591,48.904,1.672,1,2,1,1,1,3,2,00,2,1,000,000,1,5,1,2,1,75,5,1,2,00,0,8,9,201600019299B02,7,0,1
201600019329,2016-07-20,2016,juillet,mercredi,14:00,74,74193,0,0,1,1,3,1,1,3,2,01,-1,2,000,051,1,0,1,3,1,53,5,1,2,00,2,8,13,201600019329B02,7,1,1
201600019344,2016-05-08,2016,mai,dimanche,81:5,74,74208,0,0,1,6,3,1,1,3,-1,02,-1,1,,,,5,1,3,1,57,5,1,2,00,2,2,1,201600019344B02,7,9,1
201600019346,2016-06-22,2016,juin,mercredi,17:45,74,74208,0,0,1,1,2,1,1,4,2,01,2,4,070,000,1,0,1,4,1,55,5,1,2,00,2,4,2,201600019346B02,7,2,1
201600019348,2016-09-10,2016,septembre,samedi,10:30,74,74256,0,0,2,1,1,1,1,4,2,00,1,1,000,000,1,0,0,3,2,69,5,1,2,00,2,4,19,201600019348B02,33,1,1
201600019375,2016-01-08,2016,janvier,vendredi,81:5,56,56034,0,0,1,1,2,3,8,3,2,00,1,1,000,052,2,0,1,3,1,48,1,1,4,00,0,4,2,201600019375B02,7,2,1
201600019399,2016-06-22,2016,juin,mercredi,16:15,56,56036,47.79807,-3.3738,1,1,3,1,1,4,2,02,2,3,000,055,1,0,1,3,1,15,5,1,2,00,2,8,19,201600019399B02,10,1,1
201600019405,2016-06-05,2016,juin,dimanche,91:5,56,56013,47.67419,-3.16946,2,1,1,1,1,4,2,00,1,1,000,000,9,0,1,3,1,72,5,1,2,00,2,1,15,201600019405B02,7,15,1
201600019406,2016-07-24,2016,juillet,dimanche,18:00,56,56119,0,0,1,1,2,1,1,3,2,02,1,1,000,000,1,0,1,3,2,64,5,1,2,00,2,6,1,201600019406A01,7,17,1
201600019407,2016-08-04,2016,août,jeudi,83:0,56,56130,47.73921,-3.22648,2,6,6,1,1,3,2,00,-1,-1,020,060,-1,0,1,3,1,69,5,1,2,00,2,3,0,201600019407B02,7,0,1
201600019435,2016-08-23,2016,août,mardi,11:30,19,19176,0,0,1,1,1,1,1,3,2,02,1,1,000,000,1,0,1,3,1,71,5,1,2,00,0,8,0,201600019435B02,7,2,1
201600019471,2016-09-27,2016,septembre,mardi,51:5,51,51576,49.05694,4.12446,1,1,2,5,1,4,2,02,1,1,000,066,1,0,1,4,1,51,1,1,4,00,2,4,2,201600019471B02,33,2,1
201600019483,2016-08-20,2016,août,samedi,15:00,91,91573,48.60631,2.50635,2,1,3,1,1,4,2,02,1,1,000,042,1,0,1,4,1,14,5,1,2,00,2,2,19,201600019483B02,7,1,1
201600019515,2016-11-24,2016,novembre,jeudi,71:5,57,57028,0,0,1,1,2,2,8,3,2,02,1,1,000,070,1,0,1,3,1,36,1,1,4,00,0,4,1,201600019515B01,7,2,1
201600019554,2016-07-14,2016,juillet,jeudi,90:0,35,35024,48.18168,-1.64026,2,1,1,1,1,3,2,02,3,-1,060,000,1,0,1,3,1,55,0,1,2,00,2,1,1,201600019554B02,7,15,1
201600019556,2016-08-28,2016,août,dimanche,20:15,35,35024,48.18208,-1.64062,2,1,3,1,1,6,-1,00,-1,-1,000,000,1,0,1,3,1,7,5,1,1,00,2,1,19,201600019556A01,7,1,1
201600019563,2016-05-10,2016,mai,mardi,18:45,31,31588,43.52969,1.32906,2,1,1,1,1,4,2,02,1,1,000,060,1,7,5,3,2,64,5,1,2,00,2,8,1,201600019563B02,7,16,1
201600019581,2016-06-11,2016,juin,samedi,91:5,83,83087,0,0,1,1,2,1,1,3,2,02,-1,1,000,060,1,0,1,3,1,77,5,1,2,00,2,1,1,201600019581B02,7,16,1
201600019609,2016-07-01,2016,juillet,vendredi,10:45,74,74048,0,0,1,4,3,1,1,3,2,02,2,3,000,070,1,0,1,3,1,66,5,1,1,00,2,1,1,201600019609B02,7,15,1
201600019637,2016-07-25,2016,juillet,lundi,12:00,34,34118,43.737,3.905,1,1,2,1,1,3,2,02,1,3,000,060,1,0,1,3,1,42,5,1,2,00,0,4,2,201600019637B02,7,2,1
201600019638,2016-09-05,2016,septembre,lundi,12:15,34,34120,43.6597,3.9014,1,6,1,1,1,3,2,02,1,3,035,100,1,6,1,3,2,57,3,1,2,00,2,2,19,201600019638B02,7,1,1
201600019641,2016-10-20,2016,octobre,jeudi,13:00,34,34169,43.6597,3.86327,2,1,3,1,1,3,2,02,1,1,000,060,1,0,1,3,1,75,5,1,2,00,2,8,1,201600019641B02,7,17,1
201600019694,2016-08-22,2016,août,lundi,11:05,16,16102,45.68392,-0.34017,2,4,3,1,1,4,2,02,1,2,000,050,1,0,1,4,1,8,5,1,2,00,2,1,1,201600019694B01,2,19,1
201600019695,2016-09-04,2016,septembre,dimanche,11:30,16,16089,45.66818,-0.32804,2,6,3,1,1,3,1,02,1,2,120,080,1,5,1,3,1,50,5,1,2,00,2,1,1,201600019695B01,7,9,1
201600019707,2016-03-05,2016,mars,samedi,17:00,59,59335,50.471,3.395,2,3,3,1,1,3,2,02,1,1,000,065,1,0,5,4,1,13,5,1,2,00,0,8,1,201600019707B02,7,16,1
201600019711,2016-01-23,2016,janvier,samedi,11:00,60,60471,49.58495,3.00002,2,1,1,1,1,3,2,02,-1,2,010,100,1,5,1,4,1,36,1,1,9,00,2,7,1,201600019711B02,7,9,1
201600019721,2016-04-15,2016,avril,vendredi,15:25,17,17299,45.94164,-0.96437,2,1,3,1,1,4,2,02,1,1,000,060,1,0,1,4,2,49,1,1,9,00,2,8,13,201600019721B01,10,1,1
201600019753,2016-01-06,2016,janvier,mercredi,20:25,17,17300,46.15045,-1.14621,2,2,3,5,2,4,2,00,1,1,000,000,2,0,1,4,2,29,5,1,2,00,2,7,1,201600019753B01,7,1,1
201600019760,2016-01-19,2016,janvier,mardi,17:30,17,17291,46.17234,-1.12443,2,2,6,1,1,4,2,00,1,1,000,000,1,0,1,4,1,69,5,1,2,00,0,0,0,201600019760B01,7,2,1
201600019765,2016-01-27,2016,janvier,mercredi,11:0,17,17028,46.1401,-1.13326,2,1,2,5,1,4,2,00,1,1,000,000,1,0,1,3,1,30,5,1,2,00,2,4,2,201600019765B01,7,1,1
201600019766,2016-01-28,2016,janvier,jeudi,80:0,17,17300,46.14825,-1.15509,2,2,3,2,2,4,2,00,1,1,000,000,2,0,1,3,1,25,2,1,9,00,2,8,19,201600019766B01,7,1,1
201600019769,2016-02-02,2016,février,mardi,95:0,17,17300,46.15806,-1.15311,2,1,2,1,1,4,2,02,2,1,000,000,1,0,5,4,2,22,5,1,9,00,2,4,1,201600019769B01,7,14,1
201600019771,2016-02-02,2016,février,mardi,18:50,17,17028,46.13637,-1.12477,2,6,6,5,2,4,1,01,1,3,000,000,1,0,1,4,2,43,5,1,2,00,2,7,0,201600019771B01,7,9,1
201600019773,2016-02-03,2016,février,mercredi,19:46,17,17291,46.17697,-1.11522,2,1,2,2,1,4,2,02,1,1,000,000,1,0,1,4,2,23,5,1,2,00,2,4,2,201600019773B01,7,2,1
201600019778,2016-02-09,2016,février,mardi,14:15,17,17300,46.16364,-1.15201,2,2,6,1,1,4,1,01,1,1,000,000,1,0,1,3,1,31,5,1,2,00,2,4,1,201600019778B01,7,14,1
201600019780,2016-02-11,2016,février,jeudi,43:0,17,17300,46.15621,-1.14153,2,1,2,5,2,4,2,02,3,1,000,000,2,2,1,4,1,36,9,1,2,00,2,4,2,201600019780B01,7,2,1
201600019784,2016-02-12,2016,février,vendredi,17:15,17,17300,46.15817,-1.15108,2,1,2,1,1,4,1,01,1,1,000,000,1,0,1,4,1,21,9,1,2,00,2,4,2,201600019784B01,7,2,1
201600019785,2016-02-22,2016,février,lundi,19:20,17,17300,46.15807,-1.15071,2,1,3,5,2,4,2,02,3,1,000,000,2,0,1,4,2,19,9,1,2,00,2,1,1,201600019785B01,7,15,1
201600019788,2016-03-02,2016,mars,mercredi,80:0,17,17300,46.16039,-1.1493,2,1,3,1,2,4,2,02,2,1,000,000,2,0,1,4,1,14,2,1,2,00,2,1,2,201600019788B01,7,2,1
201600019789,2016-03-02,2016,mars,mercredi,17:50,17,17200,46.17341,-1.16099,2,1,3,1,1,4,2,02,1,2,000,000,1,0,1,4,1,14,2,1,2,00,2,7,1,201600019789B01,7,1,1
201600019813,2016-04-12,2016,avril,mardi,19:10,17,17300,46.15037,-1.14611,2,3,6,1,1,4,2,02,2,1,000,000,1,0,1,4,1,44,1,1,2,00,2,7,2,201600019813B01,7,19,1
201600019818,2016-04-15,2016,avril,vendredi,14:40,17,17300,46.16241,-1.15852,2,3,1,1,1,4,2,02,1,1,000,052,1,0,1,4,1,15,5,1,9,00,2,1,11,201600019818B01,7,1,1
201600019840,2016-05-29,2016,mai,dimanche,21:45,17,17300,46.16408,-1.1819,2,1,7,5,1,4,2,02,1,1,000,072,9,0,1,3,1,29,5,1,2,00,2,8,2,201600019840A01,,,
201600019845,2016-06-08,2016,juin,mercredi,17:20,17,17300,46.17597,-1.21502,1,1,6,1,1,3,1,02,2,-1,000,000,1,2,5,4,2,29,5,1,2,00,9,0,1,201600019845A01,1,0,1
201600019845,2016-06-08,2016,juin,mercredi,17:20,17,17300,46.17597,-1.21502,1,1,6,1,1,3,1,02,2,-1,000,000,1,2,5,4,1,14,5,1,2,00,0,0,0,201600019845B01,1,1,1
201600019849,2016-06-13,2016,juin,lundi,13:28,17,17028,46.13292,-1.11215,1,1,2,1,1,4,2,02,1,1,000,069,2,0,1,4,1,40,5,1,2,00,2,4,2,201600019849B01,7,2,1
201600019859,2016-06-23,2016,juin,jeudi,18:40,17,17300,46.16685,-1.16399,2,2,3,1,1,4,2,02,1,1,000,063,1,0,1,4,2,17,5,1,2,00,2,1,0,201600019859B01,7,2,1
201600019865,2016-06-28,2016,juin,mardi,12:11,17,17300,46.14693,-1.14322,2,3,3,1,2,4,3,02,1,1,019,059,2,0,,4,2,47,5,1,2,00,2,7,1,201600019865B01,7,15,1
201600019874,2016-07-06,2016,juillet,mercredi,16:25,17,17300,46.16867,-1.14985,2,3,3,1,1,4,2,02,1,1,035,074,1,0,1,4,1,19,5,1,2,00,2,1,16,201600019874B01,7,2,1
201600019885,2016-07-26,2016,juillet,mardi,13:11,17,17300,46.14921,-1.15879,2,2,3,1,1,4,2,02,1,1,000,063,1,0,1,4,1,28,5,1,2,00,2,1,2,201600019885B01,7,2,1
201600019887,2016-07-26,2016,juillet,mardi,14:18,17,17300,46.16423,-1.1518,2,2,3,1,1,4,1,01,1,1,000,047,1,0,1,4,2,37,5,1,2,00,2,1,2,201600019887B01,7,19,1
201600019889,2016-08-01,2016,août,lundi,14:55,17,17300,46.14089,-1.16196,2,1,2,1,1,4,2,04,1,1,027,109,1,0,1,4,1,67,5,1,2,00,2,1,1,201600019889B01,7,1,1
201600019897,2016-08-22,2016,août,lundi,18:32,17,17300,46.16272,-1.16147,2,3,3,1,1,4,2,02,1,1,000,056,1,0,1,4,2,18,5,1,2,00,2,1,2,201600019897B01,7,15,1
201600019904,2016-08-30,2016,août,mardi,19:08,17,17300,46.16365,-1.12533,2,1,3,1,1,4,2,02,1,3,000,061,1,0,1,4,1,18,5,1,2,00,2,8,19,201600019904B01,7,2,1
201600019907,2016-09-04,2016,septembre,dimanche,15:07,17,17300,46.17707,-1.21169,1,1,2,1,1,3,2,02,1,1,000,077,1,0,1,3,2,75,5,1,2,00,2,4,2,201600019907B01,7,2,1
201600019909,2016-09-04,2016,septembre,dimanche,23:00,17,17300,46.16029,-1.15339,2,1,6,5,1,4,1,02,1,1,000,043,1,0,1,4,2,29,5,1,2,00,2,5,2,201600019909B01,2,2,1
201600019923,2016-09-28,2016,septembre,mercredi,11:22,17,17300,46.1558,-1.17047,2,1,3,1,1,4,1,01,1,1,000,038,1,0,1,4,1,12,5,1,2,00,2,7,2,201600019923B01,7,15,1
201600019929,2016-10-04,2016,octobre,mardi,13:45,17,17300,46.15782,-1.14457,2,3,3,1,1,4,1,02,1,1,000,000,1,0,1,3,1,62,5,1,2,00,2,8,2,201600019929B01,7,15,1
201600019930,2016-10-05,2016,octobre,mercredi,80:0,17,17300,46.16294,-1.15141,2,1,6,1,1,4,1,01,1,1,000,035,1,0,1,4,2,17,5,1,2,00,2,1,2,201600019930B01,20,2,1
201600019932,2016-10-06,2016,octobre,jeudi,15:38,17,17300,46.14104,-1.14127,2,2,1,1,1,4,2,02,1,1,000,072,1,0,1,4,2,19,5,1,2,00,2,1,2,201600019932B01,7,15,1
201600019944,2016-10-17,2016,octobre,lundi,91:5,17,17300,46.16134,-1.18303,2,6,3,1,1,4,1,01,1,1,000,065,1,0,1,4,2,15,5,1,2,00,2,1,2,201600019944B01,7,2,1
201600019945,2016-10-17,2016,octobre,lundi,17:30,17,17300,46.16166,-1.14549,2,2,1,1,1,4,1,01,1,1,000,051,1,0,1,4,2,21,5,1,2,00,2,1,2,201600019945B01,7,2,1
201600019947,2016-10-20,2016,octobre,jeudi,82:0,17,17300,46.16356,-1.13834,2,1,6,1,1,4,2,02,1,1,000,087,1,0,1,4,1,41,5,1,2,00,2,7,1,201600019947B01,7,1,1
201600019951,2016-10-28,2016,octobre,vendredi,90:0,17,17300,46.16212,-1.15542,2,1,7,1,1,4,2,02,1,1,000,048,1,0,1,4,1,49,5,1,2,00,2,8,2,201600019951B01,7,1,1
201600019955,2016-11-05,2016,novembre,samedi,17:25,17,17300,46.17082,-1.18653,2,3,3,1,1,4,2,02,1,1,000,046,1,0,1,4,1,12,5,1,2,00,2,1,15,201600019955B01,7,23,1
201600019966,2016-11-18,2016,novembre,vendredi,75:6,17,17300,46.14461,-1.15295,2,1,3,5,1,4,2,02,1,1,000,066,1,0,1,4,2,22,2,1,2,00,2,3,2,201600019966B01,7,2,1
201600019973,2016-11-25,2016,novembre,vendredi,85:5,17,17300,46.14613,-1.15436,2,1,3,1,1,4,2,02,1,1,000,058,1,0,1,4,2,20,2,1,2,00,2,1,1,201600019973A01,7,1,1
201600019976,2016-11-30,2016,novembre,mercredi,81:0,17,17300,46.17347,-1.15036,2,1,3,1,1,4,2,04,1,1,043,135,1,0,1,4,1,15,2,1,2,00,2,8,2,201600019976B01,7,1,1
201600019989,2016-12-16,2016,décembre,vendredi,10:57,17,17300,46.14648,-1.15239,2,1,3,1,1,4,2,02,1,1,000,065,1,0,1,4,1,22,5,1,2,00,2,1,1,201600019989B01,7,2,1
201600019993,2016-12-29,2016,décembre,jeudi,11:35,17,17300,46.16459,-1.18119,2,1,3,1,1,4,2,02,2,1,000,059,1,0,1,4,2,52,5,1,2,00,2,1,1,201600019993B01,7,2,1
201600020011,2016-04-17,2016,avril,dimanche,11:40,17,17380,45.66499,-1.13775,1,1,3,1,1,3,2,02,1,1,000,061,1,0,1,4,1,65,5,1,2,00,2,0,0,201600020011B01,7,0,1
201600020024,2016-06-19,2016,juin,dimanche,10:25,17,17306,45.62642,-1.05071,2,1,6,1,1,4,2,02,1,1,000,054,1,0,1,3,1,78,5,1,9,00,2,1,0,201600020024B01,7,4,1
201600020025,2016-06-21,2016,juin,mardi,11:30,17,17306,45.63503,-1.03512,2,1,7,1,1,4,2,03,1,1,000,080,-1,0,1,4,2,78,0,1,2,00,0,0,1,201600020025A01,,,