Num_Acc,date,an,mois,jour,hrmn,dep,com,lat,long,agg,int,col,lum,atm,catr,circ,nbv,prof,plan,lartpc,larrout,surf,infra,situ,grav,sexe,age,trajet,secuexist,equipement,obs,obsm,choc,manv,vehiculeid,typevehicules,manoeuvehicules,numVehicules
201600020041,2016-08-04,2016,août,jeudi,23:40,17,17306,45.62503,-1.04765,2,1,2,5,1,4,2,02,1,1,000,069,1,0,1,4,1,18,5,1,9,00,2,4,2,201600020041B01,7,2,1
201600020045,2016-08-09,2016,août,mardi,17:50,17,17306,45.62686,-1.01875,2,1,3,1,1,4,2,02,1,1,000,119,1,0,1,4,1,35,5,1,9,00,2,7,15,201600020045A01,7,1,1
201600020046,2016-08-12,2016,août,vendredi,10:45,17,17380,45.64767,-1.11138,1,1,3,1,1,4,1,01,1,1,000,023,1,0,5,4,2,33,5,1,2,00,2,1,1,201600020046B01,7,15,1
201600020055,2016-09-23,2016,septembre,vendredi,91:5,17,17306,45.63167,-0.98753,2,1,3,1,1,4,2,02,1,1,000,054,1,0,1,4,2,47,0,1,2,00,2,4,0,201600020055B01,7,0,1
201600020064,2016-10-31,2016,octobre,lundi,93:0,17,17306,45.65152,-1.02388,2,3,3,1,1,3,2,02,1,1,000,075,1,0,0,4,2,64,5,1,2,00,0,0,0,201600020064B01,7,0,1
201600020069,2016-11-18,2016,novembre,vendredi,83:0,17,17306,45.62592,-1.03081,2,2,3,5,1,4,1,01,1,1,000,039,1,0,0,4,1,13,5,1,2,00,2,1,1,201600020069A01,7,1,1
201600020102,2016-01-07,2016,janvier,jeudi,18:20,17,17415,45.75761,-0.64484,2,1,3,2,1,4,2,02,1,1,000,070,1,0,1,4,1,55,0,1,2,00,2,1,19,201600020102A01,7,16,1
201600020110,2016-02-18,2016,février,jeudi,16:40,17,17415,45.74661,-0.62292,2,1,6,1,1,4,2,02,1,1,000,080,1,0,1,4,1,17,5,1,2,00,0,0,0,201600020110B01,7,9,1
201600020121,2016-04-20,2016,avril,mercredi,14:15,17,17415,45.74453,-0.62718,2,2,1,1,1,4,1,01,1,1,000,060,1,5,1,4,1,19,5,1,9,00,2,8,0,201600020121B01,7,15,1
201600020130,2016-06-24,2016,juin,vendredi,11:55,17,17415,45.74704,-0.63047,2,2,2,1,1,4,2,03,2,1,000,087,1,5,1,3,1,17,5,1,2,00,2,1,18,201600020130A01,7,16,1
201600020136,2016-08-11,2016,août,jeudi,11:25,17,17415,45.73938,-0.61848,2,1,2,1,1,4,2,02,1,1,000,085,1,0,1,4,1,25,5,1,2,00,0,4,1,201600020136B01,7,1,1
201600020137,2016-08-11,2016,août,jeudi,12:10,17,17415,45.73995,-0.61969,2,1,2,1,1,4,2,02,-1,-1,000,050,-1,0,1,4,1,16,5,1,2,00,2,1,17,201600020137A01,7,1,1
201600020151,2016-10-05,2016,octobre,mercredi,85:0,17,17415,45.74911,-0.65911,2,6,3,1,1,4,1,02,-1,-1,000,076,-1,0,1,4,1,21,5,1,2,00,0,0,0,201600020151B01,7,2,1
201600020158,2016-12-08,2016,décembre,jeudi,18:00,17,17415,45.74104,-0.62234,2,6,3,5,1,4,1,02,1,2,000,030,1,5,1,4,1,14,5,1,9,00,2,4,1,201600020158B01,7,2,1
201600020200,2016-07-26,2016,juillet,mardi,10:15,30,30141,44.10542,4.65943,1,1,3,1,1,4,1,01,2,-1,000,000,1,0,1,2,2,51,0,1,1,01,0,7,2,201600020200B02,7,24,1
201600020229,2016-12-06,2016,décembre,mardi,17:45,41,41279,47.7193,0.64864,2,1,3,5,1,3,2,02,4,1,000,055,1,0,1,3,2,7,5,1,2,00,2,1,16,201600020229A01,7,1,1
201600020242,2016-06-19,2016,juin,dimanche,10:15,62,62610,50.47393,1.77562,2,1,3,1,1,3,2,02,1,1,000,070,1,0,1,4,1,61,5,1,2,00,2,1,1,201600020242B02,7,9,1
201600020246,2016-04-02,2016,avril,samedi,14:15,62,62631,50.303,2.281,1,1,3,1,1,3,2,02,1,1,000,055,1,0,1,4,1,20,0,1,2,00,2,1,0,201600020246A01,7,19,1
201600020290,2016-11-08,2016,novembre,mardi,64:5,83,83054,0,0,2,6,1,2,1,3,1,00,4,-1,000,060,1,5,1,3,1,60,1,1,2,00,0,7,1,201600020290B02,7,1,1
201600020305,2016-01-09,2016,janvier,samedi,14:00,47,47257,44.5629,0.08266,2,1,5,1,1,3,4,01,1,1,000,030,1,0,1,3,2,56,5,1,2,00,2,3,1,201600020305B02,7,1,1
201600020305,2016-01-09,2016,janvier,samedi,14:00,47,47257,44.5629,0.08266,2,1,5,1,1,3,4,01,1,1,000,030,1,0,1,1,1,76,5,1,2,00,2,1,1,201600020305C03,7,1,1
201600020305,2016-01-09,2016,janvier,samedi,14:00,47,47257,44.5629,0.08266,2,1,5,1,1,3,4,01,1,1,000,030,1,0,1,1,1,70,5,1,2,00,2,1,1,201600020305D04,7,1,1
201600020337,2016-03-11,2016,mars,vendredi,80:0,08,08140,49.65368,4.79016,2,3,1,1,7,3,2,02,1,-1,020,109,1,0,1,3,2,38,1,1,2,00,2,1,1,201600020337B02,7,16,1
201600020391,2016-11-22,2016,novembre,mardi,92:5,18,18033,47.07529,2.30025,2,1,1,1,1,4,2,02,1,1,000,000,1,0,1,3,1,27,5,1,9,00,2,1,19,201600020391A01,7,1,1
201600020395,2016-12-12,2016,décembre,lundi,84:0,18,18205,0,2.42088,2,6,3,1,1,4,2,02,1,1,000,000,1,0,1,4,1,49,0,1,2,00,2,6,0,201600020395B01,7,0,1
201600020396,2016-12-08,2016,décembre,jeudi,75:0,18,18033,0,0,2,6,6,5,1,4,1,02,1,2,000,061,1,0,1,3,1,54,1,1,2,00,2,4,2,201600020396A01,,,
201600020405,2016-09-10,2016,septembre,samedi,10:00,41,41141,47.90425,1.33745,1,1,3,1,1,3,2,02,1,1,000,068,1,0,1,3,1,68,5,1,2,00,2,8,1,201600020405B02,99,0,1
201600020521,2016-03-25,2016,mars,vendredi,19:15,18,18279,47.219,2.08999,2,4,3,5,1,4,2,02,2,1,030,030,1,0,0,4,1,35,5,1,2,00,2,0,2,201600020521B01,7,15,1
201600020534,2016-06-06,2016,juin,lundi,91:5,72,72047,0,0,1,1,1,1,1,3,2,00,-1,1,000,000,1,0,1,3,1,63,5,1,2,00,2,6,1,201600020534B02,7,1,1
201600020543,2016-05-12,2016,mai,jeudi,15:00,72,72008,0,0,1,1,2,1,8,3,2,00,-1,1,000,060,2,0,1,3,1,32,5,1,4,00,0,4,1,201600020543B02,7,1,1
201600020548,2016-08-27,2016,août,samedi,10:00,72,72008,0,0,2,1,1,1,7,3,2,00,1,1,000,000,1,0,1,3,1,67,5,1,1,00,2,1,1,201600020548B02,37,1,1
201600020552,2016-10-07,2016,octobre,vendredi,14:45,72,72213,0,0,2,2,1,1,1,4,2,02,1,1,000,057,1,0,1,4,1,62,5,1,2,00,2,8,1,201600020552B02,7,19,1
201600020561,2016-06-10,2016,juin,vendredi,83:0,83,83019,43.14285,6.3376,1,1,3,1,1,9,2,02,1,1,022,000,1,2,5,1,1,53,1,1,2,00,9,0,13,201600020561A01,1,1,1
201600020561,2016-06-10,2016,juin,vendredi,83:0,83,83019,43.14285,6.3376,1,1,3,1,1,9,2,02,1,1,022,000,1,2,5,3,1,72,5,1,2,00,9,0,1,201600020561B02,1,13,1
201600020562,2016-06-14,2016,juin,mardi,90:0,83,83070,43.13827,6.37455,2,1,1,1,1,4,2,02,1,1,000,060,1,0,5,3,1,64,5,1,1,14,2,0,1,201600020562B02,7,16,1
201600020574,2016-07-03,2016,juillet,dimanche,16:15,60,60101,49.08642,2.87247,1,1,3,1,1,3,-1,00,-1,-1,000,000,-1,0,0,3,1,39,0,1,2,00,0,0,0,201600020574B02,33,0,1
201600020587,2016-01-15,2016,janvier,vendredi,17:15,19,19031,0,0,2,3,3,1,1,4,2,02,1,1,000,000,1,0,1,4,1,37,5,1,2,00,2,4,16,201600020587B01,7,16,1
201600020601,2016-03-10,2016,mars,jeudi,18:00,19,19031,45.16333,1.49037,2,1,3,1,1,4,2,02,1,1,000,000,1,2,1,3,1,64,5,1,2,00,2,0,1,201600020601B01,10,17,1
201600020603,2016-03-13,2016,mars,dimanche,11:35,19,19031,45.16062,1.51586,2,3,3,1,1,4,2,02,1,1,000,000,1,0,1,3,1,78,5,1,2,00,2,1,1,201600020603B01,7,16,1
201600020617,2016-05-26,2016,mai,jeudi,17:20,19,19031,45.12491,1.55438,1,1,4,1,1,3,2,02,2,1,000,000,1,0,1,4,1,43,5,1,2,00,2,1,1,201600020617A01,7/ 2,1/2,2
201600020628,2016-07-02,2016,juillet,samedi,16:20,19,19031,0,0,2,1,3,1,1,4,1,01,1,1,000,000,1,0,1,4,1,16,9,1,9,00,2,0,13,201600020628A01,7,15,1
201600020643,2016-09-06,2016,septembre,mardi,17:10,19,19031,45.16084,1.51533,2,1,2,1,1,4,2,02,1,1,000,000,1,0,1,3,1,17,9,1,2,00,2,4,1,201600020643B01,7,1,1
201600020668,2016-11-19,2016,novembre,samedi,16:50,19,19031,0,0,2,3,3,1,1,4,2,02,1,1,000,000,1,0,1,4,1,16,0,1,2,00,2,1,1,201600020668A01,7,1,1
201600020675,2016-12-12,2016,décembre,lundi,61:0,19,19031,45.15651,1.50418,2,2,3,5,1,4,2,02,1,1,000,000,1,0,1,4,1,18,2,1,4,00,2,7,1,201600020675B01,7,9,1
201600020679,2016-12-18,2016,décembre,dimanche,15:25,19,19031,45.15934,1.53059,2,1,2,1,1,4,1,03,1,1,000,000,1,5,1,4,1,38,0,1,9,00,2,4,23,201600020679B01,7,2,1
201600020683,2016-12-22,2016,décembre,jeudi,21:10,19,19031,45.14731,1.48252,2,1,2,5,2,4,1,02,1,1,000,000,2,0,1,3,1,35,1,1,4,00,2,4,1,201600020683B01,7,2,1
201600020711,2016-05-27,2016,mai,vendredi,14:15,68,68064,47.83437,7.55054,1,1,3,1,1,3,2,02,1,2,000,074,1,0,1,3,2,72,5,1,2,00,2,6,10,201600020711B02,7,17,1
201600020713,2016-06-06,2016,juin,lundi,17:00,68,68300,47.77971,7.36474,2,6,3,1,1,3,1,01,1,2,000,082,1,5,1,3,2,57,1,1,2,00,2,6,15,201600020713A01,7,1,1
201600020714,2016-08-31,2016,août,mercredi,19:30,68,68300,47.78169,7.36593,2,1,2,2,1,3,2,02,1,1,000,109,1,0,4,3,2,61,5,1,2,00,2,7,5,201600020714B02,7,4,1
201600020724,2016-07-04,2016,juillet,lundi,18:20,21,21054,47.02189,4.84395,2,2,3,1,1,4,1,01,1,1,000,000,1,0,1,4,1,13,5,1,2,00,2,7,1,201600020724A01,10,1,1
201600020727,2016-10-07,2016,octobre,vendredi,12:30,21,21054,47.01979,4.84716,2,6,6,1,1,4,2,02,1,1,000,000,1,0,1,3,1,48,0,1,2,00,2,7,2,201600020727B01,7,2,1
201600020731,2016-11-03,2016,novembre,jeudi,17:15,21,21054,47.0352,4.83799,2,3,3,2,1,4,-1,01,-1,-1,000,000,-1,0,1,4,1,15,0,1,2,00,2,0,0,201600020731B01,7,0,1
201600020731,2016-11-03,2016,novembre,jeudi,17:15,21,21054,47.0352,4.83799,2,3,3,2,1,4,-1,01,-1,-1,000,000,-1,0,1,4,2,13,0,1,2,00,2,0,0,201600020731B01,7,0,1
201600020746,2016-03-11,2016,mars,vendredi,21:10,21,21231,47.34408,5.04504,2,3,6,5,1,4,2,02,1,1,020,000,1,4,1,4,1,15,5,1,9,00,4,0,0,201600020746A01,40,0,1
201600020766,2016-07-04,2016,juillet,lundi,11:50,21,21231,47.31538,5.03819,2,7,6,1,1,4,2,02,1,1,000,000,1,0,1,1,1,30,5,1,9,00,1,1,1,201600020766A01,,,
201600020769,2016-07-27,2016,juillet,mercredi,90:5,21,21278,47.33729,5.03138,2,1,6,1,1,4,2,00,1,1,000,000,-1,0,4,1,1,87,5,1,2,00,1,1,15,201600020769A01,,,
201600020774,2016-09-06,2016,septembre,mardi,14:50,21,21231,47.31662,5.02546,2,3,3,1,1,4,1,01,1,1,000,030,1,0,1,4,1,63,5,1,2,00,2,4,1,201600020774B01,7,16,1
201600020778,2016-09-20,2016,septembre,mardi,10:54,21,21231,47.30858,5.05602,2,1,3,1,1,4,2,02,1,1,000,030,1,0,1,4,2,43,5,1,2,00,2,1,0,201600020778B01,7,0,1
201600020787,2016-12-01,2016,décembre,jeudi,12:20,21,21355,47.30026,5.05185,2,4,1,1,1,4,2,00,1,1,000,000,-1,0,1,3,2,44,1,1,2,00,2,3,1,201600020787B01,7,15,1
201600020803,2016-01-22,2016,janvier,vendredi,73:0,22,22113,48.77257,-3.48587,1,1,2,3,2,3,2,02,3,1,000,070,2,0,1,1,1,55,1,1,2,00,2,4,1,201600020803B01,7,1,1
201600020806,2016-01-25,2016,janvier,lundi,82:0,22,22113,48.75337,-3.51682,1,1,3,2,1,3,2,02,1,1,000,000,1,0,1,4,2,18,1,1,4,00,2,8,2,201600020806B01,7,2,1
201600020824,2016-07-25,2016,juillet,lundi,17:25,22,22113,48.72524,-3.47153,1,3,3,1,1,4,2,02,2,1,000,000,1,5,1,3,1,41,0,1,2,00,2,2,17,201600020824B01,7,15,1
201600020826,2016-07-26,2016,juillet,mardi,14:15,22,22113,48.73296,-3.44456,2,9,6,1,1,4,2,02,1,1,000,000,1,0,5,3,1,68,5,1,2,00,2,1,1,201600020826B01,7,16,1
201600020833,2016-09-15,2016,septembre,jeudi,16:20,22,22113,48.73412,-3.43931,1,6,6,1,1,6,-1,00,1,1,000,035,1,0,1,1,1,53,9,1,2,00,0,0,0,201600020833C01,30/ 7,17/4,2
201600020834,2016-10-03,2016,octobre,lundi,93:5,22,22113,48.74472,-3.47667,2,6,3,1,1,3,2,02,1,2,000,000,1,0,1,4,1,64,5,1,2,00,0,1,15,201600020834A01,7,13,1
201600020841,2016-12-09,2016,décembre,vendredi,14:44,22,22113,48.73803,-3.45661,2,1,7,1,1,4,2,02,2,1,000,080,1,0,5,2,1,63,5,1,9,00,0,1,1,201600020841A01,,,
201600020846,2016-12-28,2016,décembre,mercredi,16:25,22,22215,48.48346,-2.7965,1,1,3,1,1,3,2,02,1,1,000,064,1,0,1,3,1,13,5,1,2,00,2,8,0,201600020846B01,7,0,1
201600020849,2016-01-05,2016,janvier,mardi,95:0,22,22187,48.54622,-2.7727,1,6,3,1,8,4,2,02,-1,-1,000,061,2,5,1,4,1,58,1,1,2,00,2,5,1,201600020849B01,7,9,1
201600020858,2016-02-05,2016,février,vendredi,17:20,22,22278,48.51753,-2.73412,2,1,3,1,1,4,-1,02,1,1,000,000,1,0,0,4,1,12,0,1,2,00,0,0,0,201600020858B01,7,1,1
201600020869,2016-04-19,2016,avril,mardi,12:15,22,22278,48.49709,-2.74703,2,6,3,1,1,3,3,04,1,1,000,050,1,5,1,4,1,57,1,1,2,00,2,1,1,201600020869B01,7,9,1
201600020875,2016-05-15,2016,mai,dimanche,83:0,22,22360,48.48834,-2.74235,2,6,3,1,7,4,2,02,1,1,000,050,1,5,1,4,1,50,5,1,2,00,2,5,1,201600020875B01,7,9,1
201600020876,2016-05-25,2016,mai,mercredi,80:5,22,22187,48.543,-2.78268,1,9,3,1,1,3,1,01,1,3,000,035,1,3,1,3,1,68,5,1,2,00,2,8,9,201600020876A01,7,0,1
201600020878,2016-06-06,2016,juin,lundi,12:15,22,22278,48.50884,-2.77212,2,6,3,1,1,4,-1,02,1,1,000,025,1,5,5,3,1,46,0,1,2,00,2,1,1,201600020878B01,7,1,1
201600020895,2016-08-05,2016,août,vendredi,16:30,22,22360,48.46824,-2.76553,2,2,3,1,1,3,2,02,1,1,000,058,1,5,1,3,1,14,5,1,2,00,0,0,0,201600020895B01,7,1,1
201600020896,2016-08-09,2016,août,mardi,13:45,22,22187,48.55624,-2.76947,2,1,3,1,1,4,2,02,1,1,000,000,1,0,1,4,1,59,5,1,2,00,2,0,1,201600020896A01,30,0,1
201600020898,2016-08-31,2016,août,mercredi,17:50,22,22278,48.51075,-2.75692,2,1,2,1,1,4,2,02,2,1,000,050,-1,0,1,4,1,33,0,1,2,00,2,1,2,201600020898B01,7,1,1
201600020903,2016-09-12,2016,septembre,lundi,12:00,22,22278,48.49773,-2.74823,1,6,3,1,1,4,2,02,1,2,000,050,1,5,1,4,1,32,1,1,2,00,2,7,0,201600020903A01,7,0,1
201600020908,2016-09-21,2016,septembre,mercredi,17:40,22,22278,48.5023,-2.76894,1,3,3,1,1,4,2,02,1,1,000,050,1,5,1,3,1,47,0,1,2,00,2,0,0,201600020908C01,7,0,1
201600020937,2016-11-18,2016,novembre,vendredi,12:11,22,22360,48.48873,-2.76418,1,6,1,1,1,4,1,01,1,2,000,050,-1,5,1,1,1,15,5,1,2,00,2,2,13,201600020937A01,1,0,1
201600020937,2016-11-18,2016,novembre,vendredi,12:11,22,22360,48.48873,-2.76418,1,6,1,1,1,4,1,01,1,2,000,050,-1,5,1,3,1,45,1,1,2,00,2,3,0,201600020937B01,1,13,1
201600020939,2016-12-03,2016,décembre,samedi,10:15,22,22106,48.49836,-2.72326,2,6,3,1,1,3,2,02,1,1,000,000,1,5,1,3,1,59,5,1,2,00,2,7,1,201600020939B01,7,9,1
201600020946,2016-12-07,2016,décembre,mercredi,18:15,22,22187,48.55161,-2.80095,1,1,1,3,1,3,3,04,2,2,011,122,1,0,5,2,1,39,3,1,2,00,2,1,1,201600020946B01,2,1,1
201600020952,2016-09-23,2016,septembre,vendredi,15:00,23,23096,46.14364,1.86637,1,2,3,1,1,3,2,02,1,1,000,000,1,5,1,3,1,45,0,1,2,00,2,1,2,201600020952B01,7,19,1
201600020962,2016-11-03,2016,novembre,jeudi,60:0,24,24037,44.8606,0.47912,2,2,6,5,5,4,2,02,1,1,000,070,1,5,1,2,1,58,1,1,9,00,2,1,1,201600020962B01,7,1,1
201600020964,2016-12-07,2016,décembre,mercredi,16:45,24,24037,44.8635,0.452,1,1,6,1,1,3,2,02,1,2,000,074,1,0,2,2,1,82,5,1,2,00,2,0,1,201600020964B01,33,13,1
201600020972,2016-04-04,2016,avril,lundi,80:0,24,24256,45.1981,0.66118,2,1,2,1,1,3,1,01,1,3,000,063,1,5,1,3,1,17,9,1,2,00,2,4,1,201600020972B01,7,1,1
201600020993,2016-01-07,2016,janvier,jeudi,19:29,25,25056,47.24222,6.02277,2,1,6,5,9,4,1,01,1,1,000,000,2,0,1,1,1,20,9,1,2,00,1,1,1,201600020993A01,,,
201600020993,2016-01-07,2016,janvier,jeudi,19:29,25,25056,47.24222,6.02277,2,1,6,5,9,4,1,01,1,1,000,000,2,0,1,3,2,65,9,1,8,00,1,1,1,201600020993A01,,,
201600021017,2016-04-08,2016,avril,vendredi,92:8,25,25056,47.24311,5.99461,2,2,6,1,1,4,2,04,1,1,000,000,1,0,1,1,1,33,0,1,2,00,1,1,1,201600021017A01,,,
201600021031,2016-05-28,2016,mai,samedi,43:4,25,25056,47.24147,6.03269,2,1,6,5,8,4,2,02,1,1,000,000,2,0,1,4,1,27,0,1,2,00,2,1,2,201600021031B01,7,0,1
201600021049,2016-07-22,2016,juillet,vendredi,71:7,25,25056,47.24219,6.00897,2,9,6,1,1,3,2,02,1,1,000,000,1,0,1,4,1,21,9,1,2,00,0,0,0,201600021049B01,7,1,1
201600021059,2016-09-12,2016,septembre,lundi,17:27,25,25056,47.22983,5.9665,2,1,6,1,1,4,2,02,1,1,000,000,1,0,1,4,2,27,1,1,2,00,2,1,1,201600021059B01,7,1,1
201600021064,2016-10-02,2016,octobre,dimanche,11:11,25,25056,47.2395,6.01282,2,1,7,1,1,4,2,02,2,3,000,000,1,0,1,4,2,53,9,1,4,00,0,0,0,201600021064A01,,,
201600021067,2016-10-11,2016,octobre,mardi,12:25,25,25056,47.22536,5.97404,2,3,6,1,1,3,2,02,1,1,000,000,1,0,1,3,2,57,9,1,9,00,2,7,1,201600021067B01,7,15,1
201600021076,2016-11-07,2016,novembre,lundi,16:52,25,25056,47.25459,6.04481,2,3,3,1,1,4,2,02,-1,-1,000,000,-1,0,1,3,1,14,9,1,2,00,0,0,0,201600021076B01,7,17,1
201600021100,2016-04-23,2016,avril,samedi,10:10,25,25547,47.51224,6.83652,2,1,7,1,2,3,2,01,1,-1,000,000,2,0,1,3,2,78,0,1,9,00,9,0,0,201600021100A01,,,
201600021120,2016-05-14,2016,mai,samedi,11:15,25,25462,46.90936,6.33666,2,1,3,1,2,4,-1,00,1,1,000,000,2,0,0,4,2,18,0,1,9,00,0,0,0,201600021120B01,7,1,1
201600021122,2016-05-27,2016,mai,vendredi,15:00,25,25462,46.8987,6.34604,2,1,6,1,1,3,2,02,2,1,010,025,1,2,1,4,2,55,0,1,2,00,0,0,0,201600021122B01,7,0,1
201600021132,2016-07-03,2016,juillet,dimanche,15:20,25,25462,46.9005,6.35657,2,3,3,1,1,2,2,02,1,1,000,000,1,0,1,1,1,49,5,1,2,00,2,3,1,201600021132A01,7,1,1
201600021134,2016-07-06,2016,juillet,mercredi,17:45,25,25462,46.90492,6.3571,2,7,3,1,1,4,2,02,1,1,000,060,1,0,1,4,1,9,5,1,2,00,2,1,9,201600021134A01,7,2,1
201600021141,2016-09-24,2016,septembre,samedi,16:30,25,25462,46.91913,6.34391,2,3,2,1,1,4,2,02,1,1,000,000,1,0,1,3,1,68,0,1,9,00,0,0,0,201600021141B01,7,0,1
201600021143,2016-09-30,2016,septembre,vendredi,83:0,25,25462,46.90742,6.34387,2,1,3,1,1,4,-1,01,1,1,000,000,1,0,4,3,1,24,0,1,2,00,2,2,1,201600021143A01,7,0,1
201600021144,2016-10-07,2016,octobre,vendredi,65:5,25,25204,46.92794,6.34891,2,1,2,5,1,3,2,00,1,1,000,060,1,0,1,3,1,35,5,1,9,00,2,4,2,201600021144B01,7,2,1
201600021147,2016-10-17,2016,octobre,lundi,12:06,25,25462,46.90205,6.35925,2,3,2,1,2,4,-1,01,-1,-1,000,000,2,0,0,4,1,16,2,1,2,00,2,1,2,201600021147A01,7,1,1
201600021151,2016-11-24,2016,novembre,jeudi,13:15,25,25204,46.92478,6.33877,1,1,3,1,1,4,2,00,1,1,000,000,1,0,1,3,1,11,0,1,9,00,2,1,19,201600021151B01,7,0,1
201600021159,2016-04-02,2016,avril,samedi,14:45,84,84025,0,0,2,1,3,1,1,3,2,02,-1,1,000,050,1,0,1,3,1,13,5,1,2,00,2,8,15,201600021159B02,7,17,1
201600021166,2016-12-11,2016,décembre,dimanche,94:5,84,84071,0,0,1,3,3,2,5,3,2,02,1,2,000,061,1,5,1,3,1,50,5,1,2,00,2,7,1,201600021166B02,7,15,1
201600021168,2016-03-26,2016,mars,samedi,84:5,59,59478,0,0,2,6,2,1,1,3,-1,02,-1,-1,000,000,1,0,1,3,1,50,5,1,2,00,0,4,1,201600021168B02,10,9,1
201600021183,2016-06-04,2016,juin,samedi,19:30,62,62571,50.43586,1.60994,1,1,1,1,1,3,2,02,1,1,000,066,1,0,1,4,1,17,5,1,9,00,2,0,16,201600021183A01,7,1,1
201600021189,2016-01-13,2016,janvier,mercredi,17:30,59,59278,0,0,1,1,1,3,5,9,-1,01,-1,1,000,000,2,0,5,3,2,53,0,1,4,00,2,1,1,201600021189B02,30,1,1
201600021205,2016-07-19,2016,juillet,mardi,13:45,01,01044,0,0,1,1,2,1,1,3,2,02,1,1,000,000,1,0,1,4,1,56,5,1,1,00,0,0,0,201600021205B02,7,2,1
201600021228,2016-04-27,2016,avril,mercredi,14:45,26,26198,44.54664,4.73189,2,1,6,1,1,2,2,02,1,1,000,000,1,0,1,3,1,88,3,1,2,00,0,6,15,201600021228A01,7,1,1
201600021230,2016-05-15,2016,mai,dimanche,19:30,26,26198,44.55919,4.74786,2,1,1,1,1,3,2,00,1,1,000,000,1,0,1,4,1,22,5,1,9,00,2,0,0,201600021230B01,7,0,1
201600021253,2016-01-12,2016,janvier,mardi,11:50,26,26281,45.0445,5.0412,2,6,3,1,1,4,2,02,1,1,000,000,1,0,1,3,1,70,0,1,2,00,2,1,0,201600021253B01,7,0,1
201600021263,2016-03-19,2016,mars,samedi,18:25,26,26057,45.03934,5.06433,2,3,3,1,1,3,2,02,1,1,000,070,1,0,1,3,1,72,5,1,2,00,2,1,9,201600021263A01,7,0,1
201600021274,2016-04-21,2016,avril,jeudi,15:50,26,26281,45.05034,5.05912,2,1,3,1,1,4,2,00,1,1,000,060,1,0,1,4,1,16,5,1,2,00,2,1,9,201600021274A01,7,1,1
201600021291,2016-06-28,2016,juin,mardi,19:05,26,26281,45.04566,5.04664,2,1,6,1,1,4,1,02,1,2,000,000,1,0,1,3,1,16,9,1,2,00,2,1,2,201600021291A01,7,23,1
201600021306,2016-09-15,2016,septembre,jeudi,11:30,26,26281,45.05426,5.0839,2,1,6,1,1,4,-1,00,1,1,000,000,-1,0,5,3,1,67,0,1,9,00,0,0,0,201600021306B01,7,0,1
201600021311,2016-10-08,2016,octobre,samedi,15:10,26,26281,45.05091,5.08708,2,1,2,1,1,4,-1,02,1,1,000,000,1,0,1,4,1,34,0,1,9,00,0,0,0,201600021311B01,7,17,1
201600021327,2016-11-30,2016,novembre,mercredi,12:40,26,26057,45.04074,5.04851,2,2,3,1,1,4,1,01,1,1,000,000,1,0,1,4,1,24,0,1,2,00,2,1,1,201600021327A01,37,1,1
201600021330,2016-12-15,2016,décembre,jeudi,13:00,26,26281,45.04519,5.0618,2,6,3,1,1,4,1,02,1,1,000,000,1,0,1,4,2,63,0,1,2,00,2,1,2,201600021330B01,7,9,1
201600021342,2016-01-14,2016,janvier,jeudi,72:7,26,26362,44.93383,4.90404,2,6,3,5,2,4,1,02,1,3,000,065,2,0,1,1,1,28,9,1,9,00,2,7,2,201600021342B01,2,9,1
201600021397,2016-12-12,2016,décembre,lundi,17:50,26,26170,44.91441,4.93402,1,2,3,3,1,4,2,02,1,1,000,000,1,0,0,4,2,23,1,1,9,00,0,0,0,201600021397A01,14,0,1
201600021409,2016-05-02,2016,mai,lundi,18:00,06,06034,0,0,1,1,2,1,1,3,2,03,1,1,000,100,1,0,1,3,1,43,5,1,2,00,0,4,1,201600021409B02,7,1,1
201600021440,2016-09-30,2016,septembre,vendredi,17:30,69,69283,0,0,2,1,3,1,1,3,-1,02,1,1,000,070,1,0,1,4,1,13,5,1,2,00,0,7,19,201600021440B02,7,1,1
201600021457,2016-02-17,2016,février,mercredi,21:10,27,27229,49.02009,1.15949,2,2,1,5,1,4,2,02,2,1,000,000,1,0,1,4,1,30,3,1,4,00,2,1,1,201600021457B01,7,11,1
201600021478,2016-09-22,2016,septembre,jeudi,16:20,27,27229,49.02884,1.1726,2,1,2,1,1,4,2,02,1,1,000,000,1,0,1,4,1,11,5,1,2,00,2,7,5,201600021478B01,7,0,1
201600021489,2016-06-28,2016,juin,mardi,19:00,35,35353,48.10706,-1.72672,1,1,1,1,1,2,3,04,1,1,015,076,1,0,5,2,1,84,5,1,2,00,2,1,1,201600021489B02,7,14,1
201600021494,2016-01-28,2016,janvier,jeudi,84:5,27,27701,49.26347,1.21155,2,6,3,1,1,4,2,02,1,1,040,097,2,0,1,4,1,17,2,1,2,00,2,7,16,201600021494B01,7,1,1
201600021518,2016-07-09,2016,juillet,samedi,20:15,14,14663,49.2808,-0.68572,2,1,3,1,1,3,2,02,2,3,000,000,1,0,1,4,1,52,5,1,2,00,2,8,1,201600021518B01,7,17,1
201600021579,2016-09-12,2016,septembre,lundi,13:45,87,87127,45.5788,1.21649,1,1,2,1,1,3,2,02,2,1,000,065,1,0,1,3,1,27,5,1,1,00,2,4,2,201600021579B02,15,2,1