Num_Acc,date,an,mois,jour,hrmn,dep,com,lat,long,agg,int,col,lum,atm,catr,circ,nbv,prof,plan,lartpc,larrout,surf,infra,situ,grav,sexe,age,trajet,secuexist,equipement,obs,obsm,choc,manv,vehiculeid,typevehicules,manoeuvehicules,numVehicules
201600025256,2016-07-26,2016,juillet,mardi,13:07,35,35055,48.0871,-1.62167,2,3,3,1,1,4,2,02,1,1,000,000,1,0,0,4,1,16,5,1,9,00,2,1,19,201600025256A01,7,1,1
201600025260,2016-07-27,2016,juillet,mercredi,11:50,35,35238,48.1029,-1.68433,2,1,3,1,1,4,3,03,3,1,000,000,1,0,5,4,2,69,5,1,8,00,2,0,1,201600025260B01,7,16,1
201600025263,2016-08-19,2016,août,vendredi,11:16,35,35238,48.1064,-1.67774,2,3,3,1,2,4,3,04,1,1,000,000,2,5,5,2,1,86,5,1,8,00,2,0,1,201600025263B01,14,16,1
201600025267,2016-08-19,2016,août,vendredi,90:0,35,35238,48.1041,-1.65012,2,6,3,1,3,4,2,00,-1,1,000,000,2,5,1,4,1,43,1,1,8,00,2,4,1,201600025267B01,7,9,1
201600025274,2016-08-31,2016,août,mercredi,13:00,35,35238,48.1089,-1.71024,2,2,4,1,1,4,3,04,1,1,000,000,1,5,1,4,1,21,5,1,2,00,2,1,1,201600025274C01,7,16,1
201600025274,2016-08-31,2016,août,mercredi,13:00,35,35238,48.1089,-1.71024,2,2,4,1,1,4,3,04,1,1,000,000,1,5,1,4,1,19,5,1,2,00,2,1,1,201600025274B01,7,16,1
201600025283,2016-10-06,2016,octobre,jeudi,10:35,35,35238,48.0978,-1.6632,2,2,3,1,1,4,2,02,3,1,000,000,1,0,1,2,1,80,5,1,8,00,2,8,1,201600025283B01,15,17,1
201600025286,2016-10-04,2016,octobre,mardi,83:0,35,35238,48.1109,-1.69271,2,2,3,1,1,4,2,02,1,1,000,000,1,0,1,4,1,24,1,1,8,00,0,0,1,201600025286B01,14,16,1
201600025288,2016-10-06,2016,octobre,jeudi,17:42,35,35238,48.1223,-1.63874,2,6,3,1,1,4,2,02,-1,3,000,000,1,5,1,4,1,28,1,1,2,00,2,1,1,201600025288B01,7,9,1
201600025296,2016-10-07,2016,octobre,vendredi,16:10,35,35238,48.0914,-1.66456,2,1,3,1,1,4,2,02,1,1,000,000,1,0,4,4,1,14,2,1,2,00,2,1,1,201600025296A01,7,9,1
201600025301,2016-10-12,2016,octobre,mercredi,82:4,35,35238,48.1118,-1.64641,2,6,3,1,1,4,2,02,1,1,000,000,1,0,1,4,2,18,2,1,2,00,2,8,19,201600025301A01,37,1,1
201600025305,2016-10-12,2016,octobre,mercredi,18:11,35,35238,48.1175,-1.70466,2,6,3,1,1,4,2,01,1,1,000,000,1,0,1,4,1,18,2,1,8,00,2,7,1,201600025305B01,7,9,1
201600025311,2016-10-13,2016,octobre,jeudi,19:00,35,35238,48.1098,-1.67706,2,1,3,1,1,4,2,02,1,1,000,000,1,0,1,4,1,18,5,1,2,00,2,8,7,201600025311A01,37,7,1
201600025317,2016-10-14,2016,octobre,vendredi,10:10,35,35238,48.10182,-1.70725,2,6,6,1,1,4,2,02,1,1,000,000,1,0,1,4,1,41,1,1,2,00,2,3,1,201600025317B01,7,9,1
201600025318,2016-09-06,2016,septembre,mardi,17:50,35,35281,48.0897,-1.72185,2,2,6,1,1,4,-1,00,-1,-1,000,000,1,0,1,4,2,18,5,1,2,00,2,1,1,201600025318A01,7,1,1
201600025320,2016-09-03,2016,septembre,samedi,19:30,35,35238,48.1227,-1.68542,2,2,3,1,1,4,2,00,1,1,000,000,1,5,1,4,1,49,5,1,8,00,2,1,1,201600025320B01,7,15,1
201600025326,2016-10-17,2016,octobre,lundi,14:30,35,35238,48.1296,-1.64302,2,2,3,1,8,4,2,02,4,1,000,000,1,0,1,4,1,31,5,1,2,00,0,1,1,201600025326B01,7,15,1
201600025328,2016-09-08,2016,septembre,jeudi,17:20,35,35238,48.0897,-1.68563,2,2,3,1,1,4,3,02,1,1,000,000,1,5,1,3,1,23,5,1,2,00,2,7,1,201600025328B01,7,15,1
201600025331,2016-10-17,2016,octobre,lundi,18:05,35,35238,48.0992,-1.65274,2,3,3,1,1,4,2,02,1,1,000,000,1,0,1,4,1,21,5,1,2,00,0,0,1,201600025331B01,7,15,1
201600025339,2016-10-19,2016,octobre,mercredi,21:04,35,35238,48.1171,-1.67793,2,1,1,5,1,4,2,02,1,1,000,000,1,0,1,4,1,42,5,1,2,00,2,1,1,201600025339B01,30,13,1
201600025344,2016-09-14,2016,septembre,mercredi,16:15,35,35238,48.1056,-1.66605,2,5,3,1,1,4,2,02,1,1,000,000,1,5,1,3,2,19,1,1,2,00,2,7,1,201600025344A01,7,1,1
201600025372,2016-10-21,2016,octobre,vendredi,17:11,35,35238,48.1211,-1.68681,2,1,3,1,1,4,2,02,1,1,000,000,1,0,1,2,1,69,5,1,2,00,2,8,2,201600025372B01,7,2,1
201600025374,2016-10-28,2016,octobre,vendredi,18:40,35,35238,48.1082,-1.69468,2,1,2,1,1,4,1,03,1,4,000,000,1,0,1,4,1,22,5,1,2,00,2,1,2,201600025374A01,7,2,1
201600025375,2016-09-21,2016,septembre,mercredi,13:50,35,35238,48.0897,-1.68563,2,2,3,1,1,4,3,02,1,1,000,000,1,5,1,4,1,50,5,1,2,00,2,1,1,201600025375B01,7,15,1
201600025377,2016-09-21,2016,septembre,mercredi,20:15,35,35238,48.0945,-1.68562,2,2,3,5,1,4,2,02,1,1,000,000,1,5,1,4,2,25,1,1,2,00,2,1,1,201600025377B01,7,16,1
201600025379,2016-09-22,2016,septembre,jeudi,18:30,35,35278,48.135,-1.69355,2,6,6,1,1,4,1,02,-1,2,000,000,1,0,1,4,1,61,5,1,8,00,0,0,1,201600025379B01,7,1,1
201600025382,2016-10-31,2016,octobre,lundi,14:12,35,35238,48.1123,-1.69326,2,1,6,1,1,4,2,03,1,1,000,000,1,0,5,4,2,68,5,1,2,01,0,7,1,201600025382B01,7,24,1
201600025384,2016-10-31,2016,octobre,lundi,14:02,35,35238,48.1005,-1.68572,2,1,7,1,1,4,1,01,1,1,000,000,1,0,1,4,2,61,5,1,2,00,2,0,21,201600025384A01,7,23,1
201600025391,2016-11-03,2016,novembre,jeudi,85:6,35,35278,48.13623,-1.69222,1,6,3,1,7,3,1,02,1,-1,000,000,1,0,1,4,2,28,1,1,2,00,2,7,1,201600025391B01,7,9,1
201600025406,2016-09-30,2016,septembre,vendredi,10:30,35,35238,48.1199,-1.70833,2,1,7,1,1,4,2,02,1,1,000,000,1,0,1,3,1,80,5,1,8,00,2,1,21,201600025406A01,,,
201600025408,2016-09-30,2016,septembre,vendredi,13:45,35,35238,48.1208,-1.63774,2,1,3,1,1,4,2,02,2,2,000,000,1,0,1,4,1,22,2,1,8,00,2,1,1,201600025408A01,7,1,1
201600025409,2016-09-06,2016,septembre,mardi,83:2,35,35238,48.1123,-1.69192,2,1,7,1,1,4,3,01,1,1,000,000,1,0,1,3,2,56,5,1,8,00,0,0,21,201600025409A01,,,
201600025418,2016-11-10,2016,novembre,jeudi,15:47,35,35051,48.12255,-1.61822,2,1,7,1,1,4,2,01,1,2,000,000,9,0,1,4,1,18,5,1,2,00,0,0,0,201600025418A01,,,
201600025419,2016-11-10,2016,novembre,jeudi,74:5,35,35238,48.10405,-1.65017,2,6,3,5,2,4,2,02,1,1,000,000,2,5,1,4,1,41,0,1,2,00,2,4,1,201600025419B01,7,16,1
201600025433,2016-11-17,2016,novembre,jeudi,19:21,35,35238,48.11357,-1.68724,2,3,1,5,1,4,2,01,2,1,000,000,1,0,1,4,1,22,0,1,2,00,2,8,19,201600025433B01,7,1,1
201600025434,2016-11-18,2016,novembre,vendredi,15:26,35,35238,48.13072,-1.64226,2,1,6,1,1,4,2,02,1,1,000,000,1,0,1,3,1,78,9,1,2,00,2,4,1,201600025434B01,7,1,1
201600025438,2016-11-21,2016,novembre,lundi,21:10,35,35238,48.10642,-1.67782,2,1,3,5,1,4,3,02,1,1,000,000,2,0,1,4,1,24,0,1,2,00,2,1,1,201600025438B01,7,16,1
201600025443,2016-11-22,2016,novembre,mardi,15:05,35,35238,48.09517,-1.63756,2,2,3,1,1,4,2,02,1,1,000,000,1,5,1,4,1,32,1,1,2,00,2,1,1,201600025443B01,7,16,1
201600025454,2016-11-28,2016,novembre,lundi,14:52,35,35051,48.12946,-1.61991,2,1,7,1,1,4,2,01,1,1,000,000,1,0,1,4,1,16,1,1,2,14,0,1,1,201600025454A01,,,
201600025458,2016-11-29,2016,novembre,mardi,16:26,35,35238,48.11187,-1.64629,2,6,6,1,1,4,2,01,2,1,000,000,1,0,1,4,1,36,1,1,2,00,2,0,1,201600025458B01,7,9,1
201600025468,2016-12-06,2016,décembre,mardi,18:55,35,35238,48.10738,-1.67774,2,3,6,5,1,4,3,01,1,1,000,000,1,0,1,3,1,64,1,1,2,00,1,1,1,201600025468A01,,,
201600025477,2016-04-08,2016,avril,vendredi,17:15,35,35288,48.64146,-2.0025,2,1,3,1,1,4,1,01,1,1,000,000,1,0,1,3,1,45,0,1,9,00,2,8,15,201600025477B01,33,1,1
201600025504,2016-01-29,2016,janvier,vendredi,10:20,36,36044,46.8034,1.69196,2,1,3,1,1,4,2,01,1,1,000,000,1,0,1,4,1,80,5,1,2,00,2,6,13,201600025504B01,7,1,1
201600025517,2016-03-13,2016,mars,dimanche,22:50,36,36044,46.8086,1.70203,2,1,6,5,1,4,2,01,1,1,000,000,-1,0,1,4,1,20,0,1,2,00,2,8,1,201600025517A01,7,17,1
201600025534,2016-05-23,2016,mai,lundi,90:0,36,36063,46.8256,1.70055,2,1,6,1,8,4,2,02,1,2,000,000,1,0,1,4,2,52,9,1,2,00,1,1,1,201600025534A01,,,
201600025543,2016-06-09,2016,juin,jeudi,17:20,36,36044,46.8177,1.69703,2,6,3,1,1,4,2,02,2,1,000,000,1,0,1,4,1,73,5,1,2,00,2,1,1,201600025543A01,7,1,1
201600025575,2016-09-08,2016,septembre,jeudi,11:15,36,36159,46.7635,1.69589,1,2,3,1,1,3,2,02,1,1,000,070,1,0,1,4,1,53,5,1,2,00,0,0,1,201600025575B01,7,1,1
201600025582,2016-09-16,2016,septembre,vendredi,61:0,36,36044,46.8101,1.69059,2,1,6,2,1,4,-1,00,1,1,000,000,1,0,4,4,1,15,1,1,2,08,0,1,1,201600025582A01,,,
201600025600,2016-12-08,2016,décembre,jeudi,19:30,36,36159,46.7963,1.72951,1,1,3,3,1,4,2,02,1,1,000,000,1,0,1,4,1,30,3,1,2,00,2,1,1,201600025600B01,7,15,1
201600025611,2016-11-04,2016,novembre,vendredi,17:05,36,36202,46.782,1.65472,2,1,7,2,1,4,3,02,1,1,000,000,1,0,1,3,1,48,4,1,4,00,2,1,1,201600025611A01,7,1,1
201600025615,2016-10-20,2016,octobre,jeudi,83:5,37,37122,0,0,2,1,7,1,1,4,2,02,2,2,000,000,1,0,1,4,1,20,2,1,2,12,0,1,1,201600025615A01,,,
201600025632,2016-01-15,2016,janvier,vendredi,74:1,37,37261,47.40641,0.68892,2,3,2,5,1,4,2,02,1,1,000,000,7,0,1,4,2,48,1,1,2,00,0,4,15,201600025632B01,7,15,1
201600025633,2016-01-18,2016,janvier,lundi,84:0,37,37261,47.38626,0.66769,2,1,3,1,4,4,-1,02,1,1,000,000,2,0,4,3,1,18,2,1,9,00,2,1,1,201600025633B01,7,16,1
201600025648,2016-01-28,2016,janvier,jeudi,91:0,37,37122,47.34788,0.64805,2,1,7,1,2,4,2,02,1,1,000,000,2,0,5,3,1,44,4,1,9,12,0,1,16,201600025648A01,,,
201600025650,2016-01-28,2016,janvier,jeudi,18:20,37,37208,47.3559,0.71939,2,1,2,5,1,4,1,02,1,1,000,000,2,0,1,3,1,36,5,1,2,00,2,4,1,201600025650B01,7,0,1
201600025652,2016-01-28,2016,janvier,jeudi,13:0,37,37261,47.37691,0.68786,2,1,7,5,8,4,2,02,1,1,000,055,2,0,1,3,2,29,5,1,9,00,0,0,1,201600025652A01,,,
201600025653,2016-01-29,2016,janvier,vendredi,16:20,37,37261,47.41797,0.69179,2,3,3,1,1,4,2,02,1,1,000,070,2,0,1,4,1,27,1,1,9,00,2,1,1,201600025653A01,7,1,1
201600025677,2016-02-14,2016,février,dimanche,13:35,37,37261,47.38,0.68927,2,1,6,1,1,4,1,01,1,1,000,000,1,0,1,1,1,27,5,1,4,00,1,1,1,201600025677A01,,,
201600025689,2016-02-19,2016,février,vendredi,13:30,37,37233,47.38968,0.71824,2,2,5,1,1,4,2,01,1,1,000,000,1,0,1,4,2,27,5,1,2,00,2,1,1,201600025689C01,7,15,1
201600025689,2016-02-19,2016,février,vendredi,13:30,37,37233,47.38968,0.71824,2,2,5,1,1,4,2,01,1,1,000,000,1,0,1,4,1,50,5,1,2,00,0,0,0,201600025689B01,7,15,1
201600025695,2016-02-22,2016,février,lundi,11:02,37,37122,47.34676,0.64783,2,1,3,1,1,4,1,02,1,1,000,000,1,0,0,3,1,49,1,1,2,00,2,1,1,201600025695B01,7,16,1
201600025716,2016-03-08,2016,mars,mardi,85:0,37,37261,0,0,2,3,3,1,1,4,2,01,1,1,020,060,1,0,1,4,1,40,0,1,9,00,2,3,0,201600025716B01,7,0,1
201600025724,2016-03-12,2016,mars,samedi,11:10,37,37261,47.66522,0.17254,2,1,6,1,1,4,2,02,1,1,000,000,1,0,1,3,1,61,5,1,9,00,1,1,1,201600025724A01,,,
201600025725,2016-03-12,2016,mars,samedi,13:50,37,37261,0,0,2,2,3,1,1,4,2,02,1,1,000,000,1,0,1,4,1,80,5,1,2,00,2,8,1,201600025725B01,7,1,1
201600025730,2016-03-18,2016,mars,vendredi,85:0,37,37261,47.39375,0.70285,2,1,3,1,1,4,3,04,1,1,000,000,1,0,1,3,1,76,5,1,9,00,2,8,19,201600025730B01,7,1,1
201600025740,2016-04-02,2016,avril,samedi,20:25,37,37261,47.38176,0.69729,2,2,3,1,1,4,1,02,-1,-1,000,000,-1,0,1,3,1,21,5,1,2,00,2,3,1,201600025740B01,7,2,1
201600025748,2016-04-10,2016,avril,dimanche,11:45,37,37261,47.406,0.68264,2,1,3,1,1,4,1,04,2,1,000,000,1,0,1,3,1,48,5,1,9,00,2,1,1,201600025748B01,7,9,1
201600025752,2016-04-11,2016,avril,lundi,12:15,37,37261,47.25648,0.25489,2,3,7,1,1,4,2,02,1,1,000,000,1,0,1,3,1,59,5,1,9,00,0,1,1,201600025752A01,,,
201600025753,2016-04-14,2016,avril,jeudi,15:20,37,37261,47.39234,0.68805,2,1,7,1,2,4,2,02,1,1,000,000,2,0,0,3,1,36,5,1,2,00,0,0,1,201600025753A01,,,
201600025755,2016-04-15,2016,avril,vendredi,91:7,37,37261,47.41432,0.70204,2,1,3,1,1,4,2,02,1,1,000,000,1,0,1,1,1,29,0,1,4,00,2,2,1,201600025755B01,7,9,1
201600025764,2016-04-18,2016,avril,lundi,17:15,37,37261,47.39102,0.68413,2,1,6,1,1,4,1,01,1,1,000,000,1,0,1,4,2,47,1,1,2,00,0,0,0,201600025764B01,7,22,1
201600025765,2016-04-19,2016,avril,mardi,12:25,37,37261,0,0,2,1,6,1,1,4,-1,00,1,1,000,100,1,6,0,1,2,22,1,1,9,00,1,5,0,201600025765A01,,,
201600025768,2016-03-18,2016,mars,vendredi,92:0,37,37261,0,0,2,1,1,1,1,4,2,01,2,2,000,000,1,0,0,1,1,51,1,1,9,00,0,0,0,201600025768B01,1,0,1
201600025768,2016-03-18,2016,mars,vendredi,92:0,37,37261,0,0,2,1,1,1,1,4,2,01,2,2,000,000,1,0,0,3,1,31,1,1,9,00,0,0,0,201600025768A01,1,0,1
201600025777,2016-04-28,2016,avril,jeudi,11:30,37,37261,47.38864,0.7028,2,1,3,1,1,4,1,01,1,1,000,000,1,0,1,3,1,27,5,1,9,00,2,1,1,201600025777B01,7,22,1
201600025780,2016-04-29,2016,avril,vendredi,41:5,37,37261,47.38117,0.6938,2,1,7,5,1,4,2,01,2,1,000,065,1,0,1,4,2,24,5,1,4,00,0,0,0,201600025780A01,,,
201600025786,2016-05-06,2016,mai,vendredi,80:0,37,37261,0,0,2,1,3,1,1,4,2,02,1,1,000,000,1,0,5,4,1,42,1,1,9,00,2,1,1,201600025786B01,10,22,1
201600025791,2016-05-10,2016,mai,mardi,17:20,37,37233,47.39091,0.72903,1,1,3,1,1,4,3,01,1,1,120,050,1,0,1,4,1,66,5,1,2,00,2,1,1,201600025791B01,7,22,1
201600025805,2016-05-20,2016,mai,vendredi,12:20,37,37261,47.39283,0.68785,2,1,6,1,1,4,2,00,1,1,000,000,2,0,4,1,1,16,5,1,9,00,1,1,1,201600025805A01,,,
201600025806,2016-05-21,2016,mai,samedi,11:55,37,37261,47.39569,0.68901,2,2,3,1,1,4,2,02,1,1,000,000,1,0,1,4,2,25,1,1,9,00,2,1,1,201600025806B01,7,1,1
201600025808,2016-05-21,2016,mai,samedi,20:05,37,37233,0,0,2,1,3,1,1,4,2,00,1,1,000,000,1,0,1,3,1,24,5,1,9,00,2,8,18,201600025808A01,7,1,1
201600025832,2016-06-07,2016,juin,mardi,15:12,37,37261,47.38755,0.69336,2,1,6,1,7,4,2,02,1,1,000,000,1,0,1,1,2,78,5,1,4,00,1,1,1,201600025832B01,,,
201600025834,2016-06-07,2016,juin,mardi,10:00,37,37261,0,0,2,1,7,1,1,4,-1,01,-1,-1,000,000,-1,0,3,4,2,22,2,1,2,00,0,0,0,201600025834A01,,,
201600025840,2016-06-11,2016,juin,samedi,92:5,37,37214,47.39784,0.66619,2,1,7,1,8,4,2,02,2,1,000,060,2,0,1,4,1,71,5,1,2,00,0,8,1,201600025840A01,,,
201600025846,2016-06-15,2016,juin,mercredi,13:30,37,37261,47.38137,0.70675,2,6,3,1,1,4,2,02,1,1,000,060,1,2,1,4,1,23,1,1,2,00,2,7,1,201600025846B01,7,1,1
201600025847,2016-06-15,2016,juin,mercredi,14:05,37,37261,47.38889,0.69133,2,1,7,1,1,4,1,01,1,1,000,050,1,0,1,4,1,28,5,1,2,00,9,0,0,201600025847A01,1,0,1
201600025847,2016-06-15,2016,juin,mercredi,14:05,37,37261,47.38889,0.69133,2,1,7,1,1,4,1,01,1,1,000,050,1,0,1,1,1,27,5,1,2,00,9,0,0,201600025847B01,1,0,1
201600025849,2016-06-03,2016,juin,vendredi,14:55,37,37195,47.38483,0.64198,2,6,7,1,1,4,2,02,1,1,000,050,1,0,1,3,1,77,5,1,2,00,0,0,1,201600025849A01,,,
201600025852,2016-06-17,2016,juin,vendredi,19:00,37,37261,47.39114,0.69538,2,2,6,1,3,4,1,01,1,1,000,000,2,0,1,4,1,37,5,1,9,00,2,7,19,201600025852B01,7,1,1
201600025854,2016-06-21,2016,juin,mardi,19:25,37,37261,0,0,2,1,1,1,1,4,1,01,1,1,000,040,1,0,1,4,2,59,5,1,2,00,2,1,0,201600025854B01,1,0,1
201600025854,2016-06-21,2016,juin,mardi,19:25,37,37261,0,0,2,1,1,1,1,4,1,01,1,1,000,040,1,0,1,1,1,16,5,1,2,00,2,1,0,201600025854A01,1,0,1
201600025874,2016-07-08,2016,juillet,vendredi,16:40,37,37214,47.417,0.66677,2,1,3,1,1,4,2,02,1,1,000,000,1,0,0,3,1,27,3,1,9,00,2,2,1,201600025874B01,7,1,1
201600025878,2016-07-12,2016,juillet,mardi,10:10,37,37261,0,0,2,3,3,1,1,4,1,01,1,1,000,050,1,0,1,4,1,71,5,1,2,00,2,1,1,201600025878B01,7,15,1
201600025881,2016-07-09,2016,juillet,samedi,23:33,37,37261,0,0,2,1,7,5,1,9,-1,00,-1,-1,000,000,-1,0,0,4,1,36,0,1,2,00,0,0,0,201600025881A01,,,
201600025882,2016-07-18,2016,juillet,lundi,10:40,37,37233,47.38762,0.72685,2,6,3,1,1,4,2,02,1,1,000,060,1,0,1,4,2,71,5,1,2,00,2,1,1,201600025882B01,7,9,1
201600025884,2016-07-20,2016,juillet,mercredi,11:20,37,37261,47.36846,0.71022,2,3,3,1,1,4,1,01,1,1,000,000,1,0,1,4,2,29,1,1,9,00,2,6,1,201600025884B01,7,16,1
201600025885,2016-07-20,2016,juillet,mercredi,18:15,37,37122,47.34727,0.66365,2,1,7,1,1,4,2,02,2,1,000,000,1,0,1,1,1,45,5,1,9,00,1,1,1,201600025885A01,,,
201600025889,2016-07-24,2016,juillet,dimanche,35:,37,37261,47.3903,0.68873,2,2,3,5,1,4,-1,02,1,1,000,060,1,5,0,3,1,18,5,1,9,00,2,8,2,201600025889B01,7,1,1
201600025891,2016-06-10,2016,juin,vendredi,11:36,37,37208,0,0,2,1,7,1,1,4,-1,00,-1,-1,000,000,-1,0,0,4,1,56,5,1,2,00,0,0,0,201600025891A01,,,
201600025892,2016-07-27,2016,juillet,mercredi,17:28,37,37214,47.42007,0.6626,2,6,3,1,1,4,3,04,1,1,000,070,1,5,1,4,1,87,5,1,2,00,2,5,9,201600025892A01,7,9,1
201600025898,2016-08-04,2016,août,jeudi,12:20,37,37261,47.36789,0.66082,1,1,3,1,2,4,2,02,1,1,000,070,2,0,1,4,2,53,5,1,2,00,2,7,19,201600025898B01,7,1,1
201600025900,2016-08-05,2016,août,vendredi,20:00,37,37261,47.39085,0.69448,2,1,6,1,1,4,3,02,1,1,000,000,1,0,1,4,2,90,5,1,2,01,0,1,1,201600025900B01,7,0,1
201600025914,2016-08-17,2016,août,mercredi,12:40,37,37261,47.40766,0.68156,2,2,7,1,1,4,2,02,2,1,000,120,1,0,1,4,1,38,5,1,2,00,0,7,16,201600025914A01,,,
201600025917,2016-08-18,2016,août,jeudi,17:45,37,37233,47.38716,0.70977,2,1,3,1,1,4,-1,02,1,1,000,000,1,0,0,3,1,57,0,1,9,00,2,1,15,201600025917A01,7,1,1
201600025925,2016-08-22,2016,août,lundi,93:2,37,37261,0,0,1,3,7,1,1,4,1,01,1,1,000,000,1,0,1,4,1,49,5,1,2,00,0,0,0,201600025925B01,7,0,1
201600025940,2016-09-02,2016,septembre,vendredi,11:40,37,37261,47.37427,0.72008,2,1,6,1,1,4,2,02,1,1,000,000,1,0,1,3,1,68,5,1,2,01,0,1,14,201600025940A01,,,
201600025943,2016-09-06,2016,septembre,mardi,83:0,37,37214,47.41829,0.66461,2,1,3,1,1,4,1,02,1,1,000,050,1,0,5,4,1,26,1,1,2,00,2,3,1,201600025943B01,7,9,1
201600025947,2016-09-07,2016,septembre,mercredi,18:55,37,37122,0,0,2,3,6,1,1,4,2,00,1,1,000,000,1,0,1,4,1,14,5,1,2,00,2,1,1,201600025947B01,7,9,1
201600025949,2016-09-09,2016,septembre,vendredi,94:5,37,37261,47.40943,0.68209,2,3,1,1,1,4,2,03,1,1,000,000,1,0,1,4,1,76,5,1,2,00,2,1,1,201600025949B01,7,15,1
201600025950,2016-09-10,2016,septembre,samedi,17:30,37,37261,47.38007,0.69574,2,1,6,1,1,4,2,02,1,1,000,000,1,0,1,4,1,31,5,1,9,00,2,1,13,201600025950B01,7,1,1
201600025951,2016-09-11,2016,septembre,dimanche,19:15,37,37261,47.37384,0.69514,2,1,7,1,1,4,-1,00,1,1,000,000,1,0,4,4,1,12,5,1,9,12,0,1,1,201600025951A01,,,
201600025965,2016-09-30,2016,septembre,vendredi,84:7,37,37233,47.39575,0.727,2,3,3,1,1,4,3,02,1,1,000,000,1,0,5,4,2,60,0,1,9,00,2,5,2,201600025965B01,7,16,1
201600025971,2016-10-04,2016,octobre,mardi,14:45,37,37261,47.41934,0.68414,2,1,7,1,1,4,2,02,1,1,000,000,1,0,4,4,1,55,5,1,9,15,0,1,1,201600025971A01,,,
201600025972,2016-10-04,2016,octobre,mardi,19:40,37,37233,47.38984,0.71433,2,1,1,2,1,4,2,02,1,1,000,000,1,0,1,4,1,11,5,1,2,00,2,1,13,201600025972A01,7,1,1
201600025975,2016-10-05,2016,octobre,mercredi,17:30,37,37122,47.33794,0.66473,2,1,1,1,1,4,2,02,1,1,000,000,1,0,5,1,1,61,0,1,2,00,2,1,2,201600025975B01,1,2,1
201600025975,2016-10-05,2016,octobre,mercredi,17:30,37,37122,47.33794,0.66473,2,1,1,1,1,4,2,02,1,1,000,000,1,0,5,3,1,69,0,1,9,00,2,1,2,201600025975A01,1,2,1
201600025978,2016-10-07,2016,octobre,vendredi,11:08,37,37261,47.3924,0.6971,2,2,3,1,1,4,1,01,1,1,000,000,1,0,1,3,1,30,0,1,2,00,2,8,1,201600025978B01,7,1,1
201600025988,2016-10-12,2016,octobre,mercredi,17:00,37,37261,47.38998,0.67006,2,1,1,1,1,4,2,02,1,1,000,000,1,0,1,4,1,22,2,1,2,00,2,1,1,201600025988B01,7,9,1
201600025996,2016-10-20,2016,octobre,jeudi,15:15,37,37261,47.393,0.687,2,1,7,1,1,3,-1,01,1,1,080,080,1,4,1,3,2,76,9,1,2,16,0,1,2,201600025996A01,,,
201600026000,2016-10-22,2016,octobre,samedi,12:20,37,37195,47.3839,0.65884,2,9,3,1,1,4,2,02,1,1,000,070,1,0,1,4,2,58,5,1,2,00,2,1,15,201600026000A01,7,15,1
201600026025,2016-11-07,2016,novembre,lundi,10:20,37,37261,47.38892,0.67936,2,2,1,1,2,4,2,02,1,1,000,000,2,0,4,4,2,18,2,1,2,00,2,1,14,201600026025A01,1,1,1
201600026049,2016-11-19,2016,novembre,samedi,15:10,37,37261,0,0,2,3,3,1,1,4,1,02,2,1,000,000,1,0,1,4,1,49,0,1,2,00,2,3,15,201600026049B01,7,1,1
201600026053,2016-11-22,2016,novembre,mardi,17:20,37,37261,47.38541,0.69262,2,1,6,1,1,4,1,01,1,1,000,000,1,0,1,1,1,40,1,1,2,00,1,1,1,201600026053A01,,,
201600026054,2016-11-23,2016,novembre,mercredi,90:0,37,37261,47.38662,0.6922,2,2,3,1,2,4,1,01,1,1,000,000,2,0,1,4,2,23,9,1,9,00,2,7,1,201600026054B01,10,19,1
201600026057,2016-11-28,2016,novembre,lundi,14:30,37,37233,47.39203,0.72516,2,6,3,1,1,4,2,02,1,1,000,000,1,5,0,4,1,58,5,1,2,00,2,1,1,201600026057B01,7,1,1
201600026059,2016-11-30,2016,novembre,mercredi,13:40,37,37261,0,0,2,1,6,1,1,4,2,02,1,1,000,000,1,0,4,4,1,23,1,1,2,00,1,1,1,201600026059A01,,,
201600026081,2016-12-15,2016,décembre,jeudi,19:20,37,37261,47.38849,0.69649,2,1,6,3,1,4,2,02,1,1,000,000,1,0,4,4,1,67,5,1,9,15,0,1,1,201600026081A01,,,
201600026086,2016-12-21,2016,décembre,mercredi,19:10,37,37261,47.38775,0.68763,2,1,2,4,3,4,1,01,1,1,000,030,2,0,1,4,1,43,5,1,2,00,2,1,2,201600026086A01,7,1,1
201600026107,2016-05-17,2016,mai,mardi,11:53,38,38053,0,0,2,9,6,1,1,3,2,00,1,1,000,122,1,0,1,4,1,78,0,1,2,00,2,3,1,201600026107G01,7,19,1
201600026121,2016-02-05,2016,février,vendredi,21:10,38,38421,45.16294,5.75263,2,1,2,5,1,3,2,02,2,1,000,057,1,2,1,3,1,32,5,1,9,00,0,0,1,201600026121B01,7,1,1
201600026130,2016-03-08,2016,mars,mardi,14:38,38,38185,45.1868,5.7362,2,1,3,1,2,3,3,00,1,1,000,000,-1,4,1,3,2,67,0,1,9,08,4,1,16,201600026130A01,40,1,1
201600026138,2016-03-21,2016,mars,lundi,13:40,38,38421,45.1734,5.7555,2,1,6,1,1,4,-1,00,1,1,000,000,-1,0,0,4,2,13,9,1,9,00,0,0,0,201600026138B01,7,0,1