Num_Acc,date,an,mois,jour,hrmn,dep,com,lat,long,agg,int,col,lum,atm,catr,circ,nbv,prof,plan,lartpc,larrout,surf,infra,situ,grav,sexe,age,trajet,secuexist,equipement,obs,obsm,choc,manv,vehiculeid,typevehicules,manoeuvehicules,numVehicules
201600026139,2016-03-23,2016,mars,mercredi,16:30,38,38169,0,0,2,1,6,1,1,4,-1,01,1,1,000,000,1,4,0,4,1,17,5,1,9,00,4,2,7,201600026139A01,40,1,1
201600026140,2016-03-25,2016,mars,vendredi,22:5,38,38185,45.17631,5.72355,2,1,6,5,1,3,1,02,1,1,000,000,1,0,1,3,2,20,5,1,9,00,0,0,0,201600026140B01,7,0,1
201600026146,2016-04-29,2016,avril,vendredi,18:20,38,38516,45.1945,5.7494,2,1,5,1,1,3,3,02,1,1,000,000,1,0,1,1,1,81,5,1,2,00,2,4,1,201600026146D01,7/ 38,9/1,3
201600026151,2016-05-10,2016,mai,mardi,85:0,38,38185,45.1893,5.72103,2,3,3,1,1,4,2,02,1,1,000,000,2,0,1,4,1,28,0,1,2,00,2,1,1,201600026151B01,7,9,1
201600026155,2016-05-21,2016,mai,samedi,17:25,38,38151,45.15691,5.72466,2,2,3,1,1,4,2,01,1,1,000,000,-1,4,1,3,1,14,5,1,2,00,4,2,1,201600026155B01,40,1,1
201600026157,2016-05-25,2016,mai,mercredi,54:5,38,38185,45.18188,5.71674,2,3,3,2,1,3,1,01,1,1,000,000,1,0,1,4,1,45,1,1,9,00,2,1,1,201600026157A01,7,9,1
201600026172,2016-07-05,2016,juillet,mardi,75:0,38,38185,0,0,2,9,6,1,1,4,1,02,1,1,000,000,1,5,1,3,1,24,1,1,9,00,2,1,1,201600026172B01,14,16,1
201600026177,2016-07-09,2016,juillet,samedi,10:30,38,38179,45.18749,5.80612,1,1,1,1,1,4,-1,01,1,2,000,036,1,0,1,4,1,51,0,1,9,00,2,4,13,201600026177B01,7,21,1
201600026179,2016-07-10,2016,juillet,dimanche,75:0,38,38185,45.18856,5.71121,2,2,6,1,1,4,1,,,,,,1,,,4,2,73,0,1,2,00,0,0,0,201600026179B01,7,1,1
201600026186,2016-08-02,2016,août,mardi,17:30,38,38421,45.19365,5.75608,2,2,6,1,1,4,2,02,1,1,000,000,1,4,0,3,1,17,5,1,2,00,4,1,19,201600026186A01,40,1,1
201600026193,2016-09-08,2016,septembre,jeudi,18:20,38,38185,45.18651,5.73511,2,2,6,1,1,3,3,02,1,1,023,094,1,0,1,4,1,30,0,1,2,00,2,7,3,201600026193A01,7,2,1
201600026196,2016-09-15,2016,septembre,jeudi,95:5,38,38185,0,0,2,2,3,1,1,4,2,02,1,1,000,089,1,0,1,4,1,61,0,1,2,00,0,0,0,201600026196B01,7,2,1
201600026200,2016-09-29,2016,septembre,jeudi,82:5,38,38516,45.19614,5.75293,1,1,1,1,1,4,2,01,2,1,000,000,1,0,5,4,1,27,1,1,2,00,2,1,13,201600026200A01,1,1,1
201600026200,2016-09-29,2016,septembre,jeudi,82:5,38,38516,45.19614,5.75293,1,1,1,1,1,4,2,01,2,1,000,000,1,0,5,3,1,28,1,1,2,00,2,1,1,201600026200B01,1,13,1
201600026201,2016-09-30,2016,septembre,vendredi,75:0,38,38185,45.1859,5.71502,2,3,6,1,1,4,2,02,1,1,000,000,1,0,1,4,1,26,1,1,2,00,2,0,1,201600026201B01,7,15,1
201600026216,2016-11-04,2016,novembre,vendredi,18:45,38,38185,45.1894,5.73057,2,3,6,5,1,4,1,01,1,1,000,053,1,0,1,3,1,39,0,1,2,00,0,0,0,201600026216B01,7,15,1
201600026219,2016-11-16,2016,novembre,mercredi,14:40,38,38185,45.17056,5.72762,2,2,6,1,1,3,2,02,1,1,000,000,1,0,1,3,2,40,1,1,2,00,0,0,0,201600026219B01,7,16,1
201600026221,2016-11-21,2016,novembre,lundi,16:45,38,38185,45.18588,5.71656,2,2,6,1,9,3,2,02,1,1,000,000,-1,0,1,4,1,24,0,1,9,00,2,1,5,201600026221B01,7,13,1
201600026225,2016-12-01,2016,décembre,jeudi,74:0,38,38185,45.17052,5.72754,2,2,3,1,1,3,2,03,-1,-1,000,000,-1,0,1,4,1,23,0,1,4,00,2,1,0,201600026225A01,30,0,1
201600026233,2016-12-20,2016,décembre,mardi,91:0,38,38185,45.18789,5.72231,2,1,2,1,1,3,2,02,1,1,000,000,1,0,1,4,1,22,0,1,2,00,2,1,2,201600026233A01,7,2,1
201600026241,2016-11-17,2016,novembre,jeudi,15:45,38,38544,45.51674,4.86896,2,1,6,1,1,3,-1,02,1,-1,000,000,-1,0,0,4,2,45,0,1,9,01,0,1,1,201600026241B01,,,
201600026242,2016-03-08,2016,mars,mardi,18:20,38,38544,45.51063,4.8568,2,1,3,2,1,4,1,01,1,1,000,000,1,0,1,4,1,18,0,1,2,00,0,1,19,201600026242A01,7,0,1
201600026261,2016-03-18,2016,mars,vendredi,17:15,38,38563,45.36722,5.59461,2,3,3,1,1,4,2,02,2,1,000,080,1,0,1,4,1,18,2,1,2,00,2,1,19,201600026261A01,7,15,1
201600026314,2016-10-29,2016,octobre,samedi,15:30,40,40088,43.71086,-1.04985,2,1,6,1,1,4,2,02,2,1,000,000,1,0,1,1,1,43,5,1,9,00,1,1,1,201600026314A01,,,
201600026325,2016-07-24,2016,juillet,dimanche,92:0,40,40192,43.89663,-0.51253,2,1,3,1,1,4,2,02,1,1,000,000,1,0,1,3,2,45,0,1,9,00,2,0,0,201600026325B01,7,1,1
201600026329,2016-08-12,2016,août,vendredi,10:00,40,40192,43.91852,-0.48435,1,1,3,1,1,3,2,02,1,1,000,000,1,0,1,3,1,72,5,1,2,00,2,8,0,201600026329B01,7,17,1
201600026331,2016-08-31,2016,août,mercredi,18:50,40,40192,43.88588,-0.46978,2,9,3,1,1,4,2,01,-1,-1,000,000,-1,0,1,3,2,16,5,1,2,00,2,4,19,201600026331B01,7,1,1
201600026336,2016-11-26,2016,novembre,samedi,21:22,41,41018,47.58994,1.34189,2,1,3,5,1,3,2,02,1,1,000,000,1,5,1,3,1,16,0,1,4,00,2,8,0,201600026336B01,7,15,1
201600026341,2016-01-29,2016,janvier,vendredi,11:45,41,41047,47.60799,1.35519,2,3,3,1,1,3,2,02,1,1,000,000,1,5,1,3,1,49,1,1,2,00,2,1,1,201600026341B01,7,15,1
201600026355,2016-03-08,2016,mars,mardi,12:09,41,41018,47.60649,1.32758,2,2,6,1,1,4,4,03,1,3,000,060,1,5,1,2,1,70,5,1,4,00,2,0,19,201600026355B01,14,16,1
201600026365,2016-05-04,2016,mai,mercredi,80:0,41,41018,47.60751,1.32762,2,9,3,1,1,4,2,02,1,1,000,000,1,0,1,4,1,19,2,1,9,00,2,0,0,201600026365B01,7,1,1
201600026389,2016-09-15,2016,septembre,jeudi,80:0,41,41018,47.58206,1.3097,2,1,7,1,2,4,2,01,1,-1,000,000,2,0,4,4,1,32,4,1,2,00,0,0,0,201600026389A01,,,
201600026399,2016-11-05,2016,novembre,samedi,93:0,41,41018,47.59237,1.30628,2,3,3,1,1,4,2,02,1,1,000,000,1,0,1,4,2,54,1,1,4,00,2,1,1,201600026399B01,7,15,1
201600026409,2016-12-22,2016,décembre,jeudi,13:50,41,41295,47.57759,1.37549,2,3,3,1,2,3,1,00,2,1,000,000,2,0,1,4,2,11,5,1,2,00,2,6,0,201600026409A01,7,1,1
201600026414,2016-01-21,2016,janvier,jeudi,17:40,41,41269,47.80322,1.06102,2,3,3,2,1,4,2,02,1,1,000,058,1,0,1,4,1,58,1,1,2,00,2,1,1,201600026414B01,7,15,1
201600026419,2016-05-31,2016,mai,mardi,16:00,41,41269,47.81112,1.02546,1,1,1,1,2,3,2,02,1,2,000,000,2,0,1,3,2,41,1,1,2,00,2,8,0,201600026419B01,7,13,1
201600026421,2016-06-26,2016,juin,dimanche,18:20,41,41269,47.80061,1.04736,2,6,5,1,1,4,2,02,-1,-1,000,000,-1,0,1,4,1,19,5,1,2,00,2,1,0,201600026421C01,7,0,1
201600026421,2016-06-26,2016,juin,dimanche,18:20,41,41269,47.80061,1.04736,2,6,5,1,1,4,2,02,-1,-1,000,000,-1,0,1,4,1,19,5,1,2,00,2,1,0,201600026421B01,7,0,1
201600026422,2016-06-26,2016,juin,dimanche,18:42,41,41269,47.78613,1.07858,2,3,3,1,1,4,2,02,2,1,020,052,1,0,1,3,1,9,0,1,2,00,2,1,1,201600026422A01,7,1,1
201600026433,2016-01-29,2016,janvier,vendredi,17:20,42,42099,45.38929,4.26309,1,3,1,1,1,4,2,02,1,1,000,000,1,0,1,4,1,15,0,1,2,00,2,1,0,201600026433B01,7,15,1
201600026438,2016-04-04,2016,avril,lundi,10:10,42,42044,45.39567,4.32209,2,1,1,1,8,4,2,02,2,1,000,090,1,0,1,3,1,61,5,1,2,00,2,1,1,201600026438B01,7,15,1
201600026442,2016-05-18,2016,mai,mercredi,17:30,42,42316,45.40226,4.26023,1,3,3,1,1,4,1,01,2,1,000,000,1,0,1,3,1,9,5,1,2,00,2,1,0,201600026442A01,7,0,1
201600026461,2016-12-20,2016,décembre,mardi,18:54,42,42127,46.06375,4.06938,2,3,3,2,1,4,-1,02,-1,-1,000,000,-1,0,1,4,1,17,0,1,4,00,2,8,1,201600026461B01,7,0,1
201600026479,2016-02-10,2016,février,mercredi,85:0,42,42127,46.05777,4.07221,2,6,3,1,1,3,1,02,1,2,080,050,1,5,1,4,1,86,5,1,9,00,2,4,1,201600026479B01,7,9,1
201600026496,2016-03-26,2016,mars,samedi,12:08,42,42187,46.03653,4.0677,2,7,3,1,1,4,1,03,1,1,000,100,1,0,1,3,1,27,1,1,9,00,2,1,1,201600026496B01,7,15,1
201600026512,2016-05-23,2016,mai,lundi,16:50,42,42187,46.03415,4.06942,2,1,3,1,2,4,-1,01,1,1,000,074,2,0,4,4,2,43,1,1,9,00,2,1,1,201600026512A01,7,1,1
201600026540,2016-08-19,2016,août,vendredi,10:10,42,42187,46.04909,4.07402,2,2,3,1,1,4,2,02,1,1,000,060,1,0,1,4,1,53,5,1,2,00,2,1,1,201600026540B01,7,15,1
201600026544,2016-09-01,2016,septembre,jeudi,90:0,42,42184,46.04579,4.05597,2,6,1,1,1,4,2,02,1,1,000,060,1,0,1,3,1,73,5,1,9,00,2,1,1,201600026544B01,10,1,1
201600026559,2016-10-12,2016,octobre,mercredi,16:40,42,42071,46.02173,4.09223,2,3,3,1,1,4,-1,02,-1,-1,000,000,-1,0,1,4,1,21,0,1,9,00,2,4,1,201600026559B01,7,15,1
201600026577,2016-11-11,2016,novembre,vendredi,93:5,42,42184,46.03985,4.05211,2,9,6,1,2,4,1,01,1,2,000,000,2,0,1,4,1,70,5,1,9,00,2,7,16,201600026577B01,7,16,1
201600026579,2016-11-16,2016,novembre,mercredi,12:15,42,42187,46.0386,4.06414,2,1,1,1,1,4,2,02,1,1,000,000,1,0,5,4,1,46,4,1,9,00,2,2,2,201600026579B01,7,22,1
201600026603,2016-01-22,2016,janvier,vendredi,12:26,42,42218,45.45714,4.40522,2,1,3,1,1,4,2,02,2,2,000,000,1,0,1,4,1,42,5,1,2,00,2,7,1,201600026603B01,7,15,1
201600026709,2016-12-10,2016,décembre,samedi,12:0,42,42218,45.4168,4.39333,2,1,7,5,1,4,1,02,1,1,000,000,-1,0,0,2,2,24,5,1,2,00,0,0,0,201600026709A01,,,
201600026729,2016-10-04,2016,octobre,mardi,15:15,42,42186,45.52495,4.60948,2,1,3,1,1,4,1,01,2,2,040,060,1,0,1,3,2,66,5,1,2,00,2,8,1,201600026729B01,7,16,1
201600026733,2016-01-08,2016,janvier,vendredi,10:00,43,43157,45.0443,3.8799,2,1,3,1,1,3,2,03,1,1,000,105,1,0,1,3,2,58,3,1,8,00,2,8,19,201600026733A01,7,1,1
201600026750,2016-10-05,2016,octobre,mercredi,12:20,43,43157,0,0,2,1,3,1,1,4,1,02,1,1,000,070,1,0,1,3,1,42,1,1,8,00,2,3,18,201600026750B01,37,22,1
201600026764,2016-04-14,2016,avril,jeudi,18:10,44,44055,47.27767,-2.37013,2,1,6,1,1,4,2,02,1,1,000,000,1,0,5,1,1,25,5,1,2,00,1,7,1,201600026764A01,,,
201600026769,2016-06-05,2016,juin,dimanche,18:23,44,44055,47.27957,-2.37813,2,6,7,1,1,4,3,02,-1,-1,000,000,-1,0,0,3,2,62,5,1,2,12,0,0,1,201600026769A01,,,
201600026770,2016-06-30,2016,juin,jeudi,11:40,44,44132,47.25638,-2.31729,2,6,3,1,1,3,3,00,1,3,000,000,1,0,1,4,1,62,5,1,9,00,2,0,15,201600026770B01,17,16,1
201600026773,2016-07-14,2016,juillet,jeudi,11:40,44,44055,47.28177,-2.39758,2,1,7,1,1,4,1,02,1,1,000,000,1,0,5,4,1,32,5,1,2,00,0,0,0,201600026773B01,7,0,1
201600026777,2016-08-15,2016,août,lundi,18:50,44,44135,47.26764,-2.44203,2,1,1,1,1,4,2,00,1,1,000,000,1,0,1,3,1,14,5,1,9,00,2,1,1,201600026777B01,7,16,1
201600026780,2016-09-23,2016,septembre,vendredi,16:20,44,44132,47.26987,-2.34478,2,1,3,1,1,4,1,01,1,1,000,000,1,0,1,4,2,70,5,1,2,01,0,0,1,201600026780B01,7,22,1
201600026781,2016-10-08,2016,octobre,samedi,14:28,44,44135,47.26731,-2.42288,2,1,3,1,1,9,2,01,1,1,000,000,1,0,1,4,1,51,5,1,9,01,0,0,1,201600026781B01,7,22,1
201600026785,2016-11-24,2016,novembre,jeudi,16:15,44,44109,47.21443,-1.54558,2,1,6,1,1,4,-1,00,2,1,000,000,1,0,0,4,1,44,0,1,2,00,2,0,0,201600026785B01,7,0,1
201600026786,2016-01-09,2016,janvier,samedi,13:45,44,44190,47.2026,-1.48848,2,2,1,1,1,4,2,02,1,1,000,000,1,0,1,3,2,53,0,1,2,00,2,1,2,201600026786B01,7,16,1
201600026797,2016-11-09,2016,novembre,mercredi,90:0,44,44109,47.20091,-1.54455,2,1,6,2,1,4,-1,00,1,1,000,000,1,0,0,3,1,71,0,1,2,00,2,0,0,201600026797B01,7,0,1
201600026800,2016-11-16,2016,novembre,mercredi,80:0,44,44190,47.19901,-1.51064,2,6,6,2,2,4,-1,00,1,2,000,000,2,0,0,4,1,14,0,1,2,00,2,0,0,201600026800B01,7,0,1
201600026802,2016-01-12,2016,janvier,mardi,17:10,44,44109,47.2207,-1.57029,2,6,3,1,1,4,1,01,-1,-1,000,000,-1,0,1,4,2,21,0,1,2,00,2,7,1,201600026802B01,7,9,1
201600026810,2016-02-01,2016,février,lundi,21:15,44,44109,47.2055,-1.55468,2,6,3,5,1,4,2,02,1,1,000,000,1,0,1,4,1,24,4,1,9,00,2,1,1,201600026810A01,37,0,1
201600026817,2016-11-15,2016,novembre,mardi,10:30,44,44109,47.21941,-1.54941,2,3,6,1,8,4,1,00,1,1,000,000,2,0,0,3,1,35,0,1,2,00,0,0,0,201600026817B01,14,0,1
201600026822,2016-12-07,2016,décembre,mercredi,91:0,44,44109,47.23847,-1.52672,2,1,3,1,7,4,2,00,2,-1,000,000,1,0,0,4,1,28,0,1,2,00,2,0,0,201600026822B01,7,0,1
201600026834,2016-12-28,2016,décembre,mercredi,23:20,44,44109,47.20731,-1.56497,2,3,6,5,1,4,1,00,1,1,000,000,1,0,1,3,1,39,0,1,2,00,2,0,0,201600026834B01,7,0,1
201600026838,2016-12-22,2016,décembre,jeudi,19:50,44,44109,47.2171,-1.56251,2,1,6,2,1,4,-1,00,-1,-1,000,000,-1,0,0,3,2,22,0,1,2,00,0,0,0,201600026838A01,30,0,1
201600026843,2016-01-25,2016,janvier,lundi,11:5,44,44109,47.2139,-1.55997,2,1,6,5,9,4,-1,01,-1,-1,000,000,1,0,1,4,1,25,0,1,9,00,2,0,0,201600026843A01,30,0,1
201600026846,2016-12-01,2016,décembre,jeudi,17:45,44,44109,47.20496,-1.5382,2,1,6,5,1,4,-1,00,1,1,000,000,1,0,1,4,2,42,0,1,2,00,2,0,0,201600026846B01,7,0,1
201600026850,2016-01-29,2016,janvier,vendredi,13:10,44,44190,47.1882,-1.4951,2,3,2,1,1,4,2,02,1,1,000,000,1,0,1,3,1,62,0,1,2,00,2,0,0,201600026850B01,7,0,1
201600026854,2016-01-06,2016,janvier,mercredi,21:10,44,44109,47.2175,-1.55719,2,1,7,5,2,4,-1,02,-1,-1,000,000,2,0,0,3,1,78,0,1,2,00,0,0,0,201600026854A01,,,
201600026855,2016-01-04,2016,janvier,lundi,16:10,44,44114,47.2478,-1.5959,2,1,3,1,8,9,2,00,1,1,000,000,-1,0,1,4,1,14,0,1,2,00,4,0,0,201600026855A01,40,0,1
201600026866,2016-02-12,2016,février,vendredi,15:5,44,44109,47.21559,-1.55633,2,9,6,5,6,4,2,02,1,1,000,000,2,0,5,3,1,26,0,1,2,00,1,0,0,201600026866A01,,,
201600026869,2016-02-16,2016,février,mardi,18:10,44,44109,47.2316,-1.59229,2,6,6,2,1,4,-1,00,2,2,000,000,1,0,1,4,1,33,0,1,2,00,2,0,0,201600026869A01,7,0,1
201600026874,2016-02-09,2016,février,mardi,71:5,44,44109,47.1947,-1.54637,2,1,3,5,6,4,2,02,1,1,000,000,2,0,1,3,1,51,1,1,2,00,2,0,0,201600026874B01,10,0,1
201600026895,2016-03-09,2016,mars,mercredi,20:00,44,44109,47.2352,-1.54941,2,1,2,1,1,4,-1,01,-1,-1,000,000,-1,0,0,4,2,24,0,1,2,00,2,0,0,201600026895A01,7,0,1
201600026899,2016-04-01,2016,avril,vendredi,10:45,44,44109,47.22064,-1.505,2,1,1,1,1,4,2,02,1,1,000,000,1,0,0,3,1,66,0,1,2,00,9,0,0,201600026899B01,32,0,1
201600026907,2016-03-17,2016,mars,jeudi,1:,44,44109,47.2284,-1.52638,2,1,3,5,1,4,2,02,-1,-1,000,000,-1,0,0,3,2,26,0,1,2,00,2,0,0,201600026907A01,1,0,1
201600026910,2016-04-13,2016,avril,mercredi,16:05,44,44109,47.2148,-1.54599,2,1,3,1,1,4,1,02,-1,-1,000,000,-1,0,0,3,1,34,0,1,2,00,2,3,0,201600026910B01,7,0,1
201600026917,2016-03-17,2016,mars,jeudi,17:00,44,44190,47.1947,-1.50956,2,1,1,1,1,4,2,02,-1,-1,000,000,-1,0,0,3,1,15,0,1,2,00,0,0,0,201600026917B01,10,0,1
201600026940,2016-04-09,2016,avril,samedi,95:0,44,44109,47.2398,-1.51885,2,1,6,1,1,9,-1,00,-1,-1,000,000,2,0,4,1,1,35,0,1,2,00,1,1,0,201600026940A01,,,
201600026949,2016-05-24,2016,mai,mardi,92:0,44,44109,47.23539,-1.56927,2,3,6,1,1,4,2,00,1,1,000,000,1,0,0,4,1,49,0,1,2,00,2,0,0,201600026949A01,7,0,1
201600026956,2016-06-08,2016,juin,mercredi,61:5,44,44109,47.22062,-1.54856,2,1,6,1,1,4,1,00,1,1,000,000,1,0,1,1,1,29,0,1,9,00,1,0,0,201600026956A01,,,
201600026957,2016-05-23,2016,mai,lundi,15:55,44,44109,47.22026,-1.54897,2,1,6,1,1,4,1,01,1,1,000,000,1,0,0,1,2,23,0,1,2,00,1,0,0,201600026957A01,,,
201600026965,2016-06-16,2016,juin,jeudi,12:55,44,44109,47.25852,-1.51838,2,1,6,1,1,4,2,02,1,1,000,000,-1,0,1,4,1,6,0,1,2,00,2,0,0,201600026965A01,7,0,1
201600026967,2016-06-11,2016,juin,samedi,19:15,44,44109,47.20026,-1.5465,2,2,6,1,1,4,2,01,1,1,000,000,1,0,1,4,2,25,0,1,2,00,2,0,0,201600026967A01,7,0,1
201600026969,2016-05-28,2016,mai,samedi,15:55,44,44114,47.25472,-1.6337,1,1,5,1,1,3,2,01,-1,-1,000,000,-1,0,1,4,1,28,0,1,2,00,2,0,0,201600026969B01,7,0,1
201600026969,2016-05-28,2016,mai,samedi,15:55,44,44114,47.25472,-1.6337,1,1,5,1,1,3,2,01,-1,-1,000,000,-1,0,1,4,1,43,0,1,2,00,2,0,0,201600026969C01,7,0,1
201600026969,2016-05-28,2016,mai,samedi,15:55,44,44114,47.25472,-1.6337,1,1,5,1,1,3,2,01,-1,-1,000,000,-1,0,1,4,1,31,0,1,2,00,2,0,0,201600026969D01,7,0,1
201600026978,2016-06-08,2016,juin,mercredi,17:25,44,44162,47.21129,-1.65001,2,1,1,1,1,4,2,02,2,1,000,000,1,0,0,3,1,27,0,1,2,00,2,0,0,201600026978B01,7,0,1
201600026982,2016-06-08,2016,juin,mercredi,16:35,44,44109,47.19913,-1.60988,2,1,2,1,1,4,3,02,2,1,000,000,1,0,0,3,1,18,0,1,2,01,0,0,0,201600026982B01,7,0,1
201600026987,2016-06-22,2016,juin,mercredi,75:9,44,44109,47.25117,-1.49876,2,1,3,1,1,4,1,00,1,1,000,000,1,0,0,3,1,51,1,1,2,00,2,0,0,201600026987B01,7,0,1
201600026990,2016-06-13,2016,juin,lundi,14:30,44,44109,47.20664,-1.53401,2,1,3,1,1,4,2,02,1,1,000,000,1,0,0,3,2,48,0,1,2,00,2,0,0,201600026990B01,7,0,1
201600026995,2016-06-07,2016,juin,mardi,19:00,44,44109,47.21773,-1.55549,2,1,1,1,1,4,1,00,-1,-1,000,000,-1,0,0,3,2,56,0,1,2,00,0,0,0,201600026995A01,33,0,1
201600026998,2016-07-21,2016,juillet,jeudi,19:45,44,44109,47.2254,-1.55734,2,9,6,1,1,4,1,02,2,1,000,000,1,0,1,3,1,18,1,1,2,00,2,0,0,201600026998A01,7,0,2
201600027002,2016-07-19,2016,juillet,mardi,83:0,44,44109,47.21895,-1.54406,2,1,3,1,1,4,2,02,2,1,000,000,1,0,0,3,1,38,0,1,2,00,2,0,0,201600027002B01,7,0,1
201600027007,2016-08-11,2016,août,jeudi,16:45,44,44162,47.21334,-1.6089,2,1,3,1,1,4,2,02,1,1,000,000,1,0,1,4,1,13,5,1,2,00,2,1,9,201600027007B01,7,1,1
201600027009,2016-07-18,2016,juillet,lundi,72:5,44,44109,47.21693,-1.55758,2,1,6,1,1,4,2,01,1,1,000,000,1,0,1,4,1,47,0,1,2,00,2,0,0,201600027009B01,7,0,1
201600027014,2016-08-10,2016,août,mercredi,19:55,44,44109,47.21226,-1.55457,2,1,3,1,1,4,2,00,1,1,000,000,1,0,0,4,2,26,0,1,2,00,2,0,0,201600027014B01,2,0,1
201600027015,2016-07-17,2016,juillet,dimanche,21:43,44,44109,47.20651,-1.55495,2,1,6,2,1,4,2,00,2,1,000,000,1,0,0,4,1,25,0,1,2,00,2,0,0,201600027015B01,7,0,1
201600027017,2016-07-01,2016,juillet,vendredi,15:30,44,44109,47.19805,-1.52993,2,1,6,1,1,4,2,02,1,1,000,000,1,0,1,4,1,27,0,1,2,00,2,0,0,201600027017B01,7,0,1
201600027021,2016-08-17,2016,août,mercredi,23:26,44,44109,47.21176,-1.55614,2,1,6,5,1,4,2,00,-1,-1,000,000,-1,0,0,4,1,34,0,1,2,00,2,0,0,201600027021B01,7,0,1
201600027025,2016-07-01,2016,juillet,vendredi,14:35,44,44109,47.21605,-1.54679,2,1,6,1,1,4,-1,00,-1,-1,000,000,-1,0,1,1,1,35,0,1,2,00,1,0,0,201600027025A01,,,
201600027025,2016-07-01,2016,juillet,vendredi,14:35,44,44109,47.21605,-1.54679,2,1,6,1,1,4,-1,00,-1,-1,000,000,-1,0,1,4,2,49,0,1,8,00,1,0,0,201600027025A01,,,
201600027029,2016-09-16,2016,septembre,vendredi,14:30,44,44109,47.21278,-1.55349,2,1,1,1,1,4,3,00,1,1,000,000,1,0,1,4,1,26,0,1,2,00,2,0,1,201600027029A01,7,1,1
201600027032,2016-10-02,2016,octobre,dimanche,12:0,44,44109,47.21214,-1.57906,2,2,1,5,1,4,2,00,2,1,000,000,1,0,1,3,1,34,5,1,9,00,2,1,1,201600027032B01,7,1,1
201600027034,2016-09-02,2016,septembre,vendredi,13:55,44,44109,47.24741,-1.5039,2,6,6,1,1,4,-1,00,1,1,000,000,1,0,0,3,2,,0,1,2,00,2,0,0,201600027034B01,7,0,1
201600027036,2016-08-30,2016,août,mardi,80:0,44,44109,47.24606,-1.50291,1,1,6,1,1,4,1,00,1,2,000,000,1,0,0,3,2,29,0,1,2,00,2,0,0,201600027036B01,7,0,1
201600027037,2016-09-24,2016,septembre,samedi,5:,44,44109,47.22794,-1.5273,1,1,6,5,1,4,-1,00,-1,-1,000,000,-1,0,0,4,1,36,0,1,2,00,2,0,0,201600027037B01,7,0,1
201600027053,2016-09-12,2016,septembre,lundi,17:48,44,44109,47.21822,-1.54045,2,1,7,1,1,4,2,02,-1,-1,000,000,-1,0,0,3,1,71,0,1,2,00,0,0,0,201600027053A01,,,
201600027064,2016-10-14,2016,octobre,vendredi,16:00,44,44109,47.21382,-1.56036,2,1,6,1,1,4,1,02,2,1,000,000,1,0,0,3,2,78,0,1,8,00,1,0,0,201600027064Z01,,,
201600027066,2016-08-04,2016,août,jeudi,19:00,44,44109,47.21883,-1.55449,2,1,6,2,1,4,-1,00,-1,-1,000,000,-1,0,0,1,1,35,0,1,2,00,1,0,0,201600027066A01,,,
201600027072,2016-09-23,2016,septembre,vendredi,12:55,44,44109,47.24843,-1.52134,2,1,6,1,1,4,2,00,1,1,000,000,1,0,0,3,1,36,0,1,2,00,4,0,0,201600027072A01,40,0,1
201600027073,2016-09-10,2016,septembre,samedi,90:0,44,44109,47.24849,-1.52141,2,6,6,1,1,4,2,00,-1,-1,000,000,-1,0,1,3,2,71,0,1,2,00,2,0,0,201600027073B01,7,0,1
201600027077,2016-09-29,2016,septembre,jeudi,85:0,44,44109,47.19977,-1.56484,2,1,3,1,1,4,2,02,1,1,000,000,1,0,0,3,1,35,0,1,2,00,2,0,0,201600027077B01,2,0,1
201600027080,2016-09-15,2016,septembre,jeudi,17:45,44,44109,47.21338,-1.60242,2,1,3,1,1,4,2,02,1,1,000,000,1,0,1,4,1,27,0,1,2,00,2,0,0,201600027080A01,7,0,1
201600027084,2016-10-03,2016,octobre,lundi,85:0,44,44162,47.24053,-1.61053,2,1,2,1,1,4,-1,02,2,3,000,000,1,0,0,3,1,43,0,1,2,00,0,0,0,201600027084B01,7,0,1
201600027088,2016-10-19,2016,octobre,mercredi,18:30,44,44109,47.22452,-1.54978,2,1,6,1,1,4,2,02,2,1,000,000,1,0,4,1,2,35,0,1,2,00,1,0,0,201600027088A01,,,
201600027090,2016-10-28,2016,octobre,vendredi,11:10,44,44109,47.20614,-1.53868,2,1,3,1,1,4,2,00,-1,-1,000,000,-1,0,5,3,1,42,0,1,2,00,2,0,0,201600027090B01,7,0,1
201600027100,2016-10-06,2016,octobre,jeudi,18:20,44,44109,47.23529,-1.54543,2,1,1,1,1,4,2,02,2,1,000,000,1,0,0,3,1,27,0,1,2,00,2,0,0,201600027100B01,7,0,1
201600027101,2016-10-16,2016,octobre,dimanche,91:5,44,44109,47.22162,-1.55744,2,1,6,1,1,4,-1,00,-1,-1,000,000,-1,0,0,4,2,26,0,1,9,00,2,0,0,201600027101B01,7,0,1
201600027108,2016-10-24,2016,octobre,lundi,19:30,44,44109,47.20906,-1.55597,2,1,3,1,1,4,2,02,-1,-1,000,000,-1,0,0,4,2,31,0,1,9,00,0,0,0,201600027108B01,32,0,1
201600027109,2016-11-23,2016,novembre,mercredi,12:30,44,44109,47.18958,-1.51933,2,6,3,1,2,4,-1,00,1,1,000,000,2,0,0,4,1,15,0,1,9,00,2,4,1,201600027109B01,7,1,1