Num_Acc,date,an,mois,jour,hrmn,dep,com,lat,long,agg,int,col,lum,atm,catr,circ,nbv,prof,plan,lartpc,larrout,surf,infra,situ,grav,sexe,age,trajet,secuexist,equipement,obs,obsm,choc,manv,vehiculeid,typevehicules,manoeuvehicules,numVehicules
201600027119,2016-01-04,2016,janvier,lundi,14:15,44,44184,47.26358,-2.25887,2,1,3,1,1,3,2,02,1,4,000,000,2,0,1,4,1,47,5,1,9,00,2,1,9,201600027119B01,7,1,1
201600027129,2016-01-23,2016,janvier,samedi,11:30,44,44184,47.27759,-2.21661,2,1,3,1,1,4,2,02,1,1,000,000,1,0,1,4,1,50,0,1,9,01,0,2,1,201600027129B01,7,24,1
201600027141,2016-05-02,2016,mai,lundi,17:40,44,44184,47.26399,-2.24409,2,1,3,1,1,4,2,02,1,1,000,070,1,0,1,4,1,21,1,1,9,00,2,1,1,201600027141B01,7,16,1
201600027150,2016-06-17,2016,juin,vendredi,22:15,44,44184,47.25745,-2.22812,2,1,2,1,1,4,-1,01,1,1,000,000,1,0,4,4,1,16,5,1,2,00,2,4,1,201600027150B01,2,1,1
201600027151,2016-06-21,2016,juin,mardi,10:50,44,44184,47.27663,-2.20543,2,1,6,1,1,4,2,02,1,1,000,000,1,0,1,2,2,88,0,1,9,00,2,2,1,201600027151B01,7,1,1
201600027154,2016-06-29,2016,juin,mercredi,16:10,44,44184,47.26101,-2.25706,2,1,1,1,1,4,2,02,1,1,000,000,1,0,1,3,1,8,5,1,9,00,2,6,19,201600027154B01,7,1,1
201600027155,2016-06-30,2016,juin,jeudi,17:30,44,44184,47.25937,-2.27984,2,1,1,1,1,3,2,02,1,4,000,000,1,0,5,4,1,60,0,1,2,00,2,1,1,201600027155B01,2,13,1
201600027169,2016-09-26,2016,septembre,lundi,15:00,44,44184,47.27548,-2.21334,2,2,1,1,1,4,3,02,1,1,000,000,1,0,1,4,1,34,0,1,2,00,2,1,1,201600027169A01,7,1,1
201600027170,2016-09-27,2016,septembre,mardi,92:4,44,44184,47.27078,-2.24203,2,3,3,1,2,4,3,04,1,1,000,000,2,0,1,4,2,42,0,1,4,00,2,8,19,201600027170B01,7,1,1
201600027172,2016-10-05,2016,octobre,mercredi,90:0,44,44184,47.26479,-2.24331,2,6,3,1,1,4,2,02,1,1,000,000,1,0,1,4,2,38,1,1,9,00,2,1,15,201600027172B01,7,1,1
201600027181,2016-11-10,2016,novembre,jeudi,18:05,44,44184,47.27892,-2.22648,2,3,1,2,1,3,2,02,1,3,000,000,1,0,5,4,2,36,3,1,2,00,2,1,1,201600027181B01,7,15,1
201600027185,2016-11-22,2016,novembre,mardi,15:30,44,44184,47.28144,-2.22881,2,2,3,1,1,4,2,01,1,1,000,000,1,0,1,4,2,64,9,1,2,00,2,8,1,201600027185B01,7,15,1
201600027186,2016-11-28,2016,novembre,lundi,63:0,44,44184,47.28196,-2.20443,2,1,3,5,1,3,2,02,1,1,000,000,1,0,1,4,1,46,1,1,2,00,2,8,2,201600027186B01,7,16,1
201600027188,2016-11-30,2016,novembre,mercredi,13:30,44,44184,47.26778,-2.23365,2,6,1,1,1,4,3,02,1,1,000,000,1,5,5,4,1,11,2,1,2,00,2,1,19,201600027188B01,7,1,1
201600027190,2016-12-06,2016,décembre,mardi,75:0,44,44184,47.26216,-2.25475,2,1,7,5,1,4,2,00,1,1,000,000,2,0,1,4,1,14,2,1,2,00,0,0,0,201600027190A01,,,
201600027208,2016-02-15,2016,février,lundi,21:55,45,45208,48.00666,2.74113,2,2,3,5,1,3,2,02,1,1,000,060,1,0,1,3,1,52,9,1,9,00,2,1,1,201600027208B01,7,1,1
201600027219,2016-05-07,2016,mai,samedi,10:32,45,45068,48.01216,2.73131,2,3,3,1,1,4,2,02,1,1,000,060,1,0,1,4,1,92,5,1,9,00,2,8,15,201600027219B01,10,15,1
201600027230,2016-07-06,2016,juillet,mercredi,16:20,45,45068,48.00883,2.74053,2,1,6,1,1,4,2,02,1,1,000,030,1,0,5,4,1,36,9,1,9,00,2,1,1,201600027230A01,7,9,1
201600027232,2016-05-07,2016,mai,samedi,19:05,45,45068,0,0,2,6,3,1,1,3,1,02,1,1,000,060,1,0,5,4,1,75,9,1,2,00,2,1,1,201600027232A01,7,16,1
201600027243,2016-08-23,2016,août,mardi,11:35,45,45068,48.00776,2.74046,2,6,3,1,1,3,2,02,1,2,000,050,1,0,1,4,1,37,9,1,9,00,2,3,9,201600027243A01,7,1,1
201600027244,2016-08-29,2016,août,lundi,16:45,45,45208,47.99744,2.74182,2,1,6,1,1,6,-1,00,1,1,000,000,1,0,1,4,2,60,3,1,9,00,1,1,0,201600027244A01,,,
201600027248,2016-09-15,2016,septembre,jeudi,14:25,45,45068,0,0,2,1,3,1,2,3,3,00,1,1,010,050,2,0,1,4,1,39,9,1,9,12,2,7,17,201600027248A01,37,9,1
201600027253,2016-09-22,2016,septembre,jeudi,18:50,45,45208,47.99799,2.73991,2,2,3,1,1,4,2,02,1,1,000,050,1,0,1,4,1,14,2,1,2,00,2,3,19,201600027253B01,7,1,1
201600027258,2016-10-08,2016,octobre,samedi,16:45,45,45068,48.01206,2.71901,2,6,3,1,1,3,2,02,1,1,000,060,1,5,1,4,1,14,9,1,9,00,2,3,1,201600027258B01,7,16,1
201600027261,2016-10-17,2016,octobre,lundi,17:30,45,45068,48.02459,2.73511,2,1,6,1,1,4,2,02,1,1,000,050,1,0,1,4,1,12,2,1,9,01,0,1,1,201600027261A01,,,
201600027284,2016-12-27,2016,décembre,mardi,11:55,45,45234,0,0,2,1,6,1,1,4,3,02,1,1,010,070,1,5,1,4,1,19,4,1,4,00,2,7,19,201600027284B01,7,1,1
201600027289,2016-01-25,2016,janvier,lundi,13:30,45,45286,0,0,2,1,3,1,1,4,2,02,1,1,000,000,1,0,1,4,1,23,9,1,4,00,2,8,1,201600027289B01,7,17,1
201600027302,2016-06-09,2016,juin,jeudi,13:55,45,45234,47.88148,1.90345,2,3,1,1,1,3,2,02,1,1,000,095,1,0,1,4,1,44,5,1,2,00,2,1,1,201600027302B01,7,15,1
201600027303,2016-08-23,2016,août,mardi,10:25,45,45286,0,0,2,3,2,1,1,4,3,02,1,1,000,205,1,0,1,4,1,63,0,1,9,00,2,3,1,201600027303B01,7,15,1
201600027310,2016-09-27,2016,septembre,mardi,18:30,45,45285,47.90482,1.87603,2,1,1,1,1,4,2,02,1,1,000,050,1,0,1,4,1,11,5,1,4,00,2,1,19,201600027310B01,7,1,1
201600027312,2016-09-15,2016,septembre,jeudi,73:0,45,45169,47.93007,1.85451,2,2,3,2,1,4,2,02,1,1,000,065,1,0,1,4,1,21,9,1,4,00,2,3,1,201600027312B01,7,1,1
201600027322,2016-05-21,2016,mai,samedi,13:50,46,46095,44.51452,1.36691,1,1,5,1,1,3,2,00,-1,-1,000,000,-1,0,1,4,1,44,5,1,2,00,2,0,1,201600027322B01,7,,1
201600027322,2016-05-21,2016,mai,samedi,13:50,46,46095,44.51452,1.36691,1,1,5,1,1,3,2,00,-1,-1,000,000,-1,0,1,4,1,70,5,1,2,00,2,0,1,201600027322A01,7,,1
201600027344,2016-05-03,2016,mai,mardi,17:30,47,47201,44.1696,0.60863,1,6,3,1,1,2,1,02,1,2,000,000,1,0,1,3,1,54,5,1,2,00,2,8,2,201600027344A01,15,2,1
201600027345,2016-05-12,2016,mai,jeudi,74:0,47,47001,44.1955,0.6177,2,3,1,1,2,3,2,02,1,1,000,000,2,0,1,3,1,38,1,1,2,00,2,7,1,201600027345B01,7,9,1
201600027359,2016-09-07,2016,septembre,mercredi,81:5,47,47201,44.1945,0.60582,2,1,3,1,7,3,2,04,1,1,000,000,1,0,1,3,1,55,3,1,9,00,2,8,2,201600027359B01,7,2,1
201600027383,2016-09-04,2016,septembre,dimanche,17:50,47,47323,44.4103,0.70873,2,1,6,1,1,4,2,02,2,1,000,064,1,0,1,3,1,54,1,1,2,00,0,7,1,201600027383B01,7,24,1
201600027385,2016-10-10,2016,octobre,lundi,17:10,47,47323,44.4085,0.7195,2,1,6,1,1,4,2,02,2,1,000,032,1,0,1,3,1,17,2,1,2,00,2,1,21,201600027385B01,7,20,1
201600027390,2016-11-21,2016,novembre,lundi,12:20,47,47323,44.3984,0.72396,1,1,3,1,1,3,-1,02,1,1,000,000,-1,0,0,4,1,16,1,1,8,00,2,1,17,201600027390B01,7,11,1
201600027404,2016-01-06,2016,janvier,mercredi,85:2,49,49015,47.49379,-0.58585,2,6,6,1,2,4,2,02,1,1,000,060,2,0,1,4,1,34,1,1,2,00,2,4,1,201600027404B01,7,1,1
201600027412,2016-01-18,2016,janvier,lundi,19:35,49,49007,47.46717,-0.56503,2,1,7,5,1,4,-1,02,1,1,000,060,1,0,4,4,1,32,5,1,2,00,2,1,1,201600027412A01,7,1,1
201600027415,2016-01-19,2016,janvier,mardi,13:40,49,49007,47.47551,-0.567,2,1,1,1,1,4,2,04,1,1,000,120,1,0,1,4,2,20,2,1,2,00,2,1,1,201600027415B01,7,15,1
201600027416,2016-01-19,2016,janvier,mardi,20:50,49,49007,47.47692,-0.59889,2,6,7,1,1,4,3,02,1,1,000,070,1,0,1,4,2,25,5,1,2,00,0,0,1,201600027416A01,,,
201600027423,2016-01-24,2016,janvier,dimanche,15:11,49,49007,47.47452,-0.54679,2,1,1,1,1,2,-1,00,1,1,000,000,1,0,1,4,1,39,0,1,9,00,2,0,0,201600027423B01,7,0,1
201600027430,2016-01-21,2016,janvier,jeudi,18:30,49,49007,47.45323,-0.55328,2,1,7,2,1,4,2,02,1,1,000,070,1,0,1,4,1,27,1,1,2,00,0,0,1,201600027430A01,,,
201600027431,2016-01-25,2016,janvier,lundi,18:40,49,49007,47.44846,-0.5474,2,3,6,5,1,4,2,02,1,1,000,114,1,0,1,4,2,54,5,1,2,00,2,0,1,201600027431B01,7,16,1
201600027435,2016-01-27,2016,janvier,mercredi,11:24,49,49007,47.47992,-0.54551,2,2,3,1,1,4,2,02,1,1,000,060,1,0,1,4,2,32,5,1,2,00,2,7,1,201600027435A01,33,1,1
201600027441,2016-01-28,2016,janvier,jeudi,14:25,49,49007,47.47487,-0.53615,2,1,6,1,1,4,1,02,1,1,000,070,1,0,1,4,1,16,0,1,2,00,1,1,1,201600027441A01,,,
201600027443,2016-01-29,2016,janvier,vendredi,21:15,49,49007,47.47318,-0.55526,2,2,3,5,1,4,2,01,1,1,000,040,1,0,1,4,1,45,5,1,2,00,2,7,1,201600027443B01,7,1,1
201600027452,2016-02-02,2016,février,mardi,13:54,49,49007,47.47413,-0.55197,2,1,2,1,1,4,1,01,1,1,000,040,1,0,1,4,1,31,1,1,2,00,2,1,1,201600027452A01,7,23,1
201600027453,2016-02-02,2016,février,mardi,13:27,49,49015,47.50256,-0.59662,2,1,7,1,2,4,2,02,1,1,000,060,-1,0,1,4,1,24,5,1,2,00,0,0,1,201600027453A01,,,
201600027460,2016-02-11,2016,février,jeudi,18:00,49,49353,47.44215,-0.49415,2,1,6,5,1,4,2,02,1,1,000,060,1,0,1,4,1,54,1,1,2,00,2,2,1,201600027460B01,7,0,1
201600027463,2016-02-12,2016,février,vendredi,21:00,49,49007,47.45311,-0.53876,2,2,3,5,1,4,3,04,1,1,000,140,1,0,1,4,2,34,5,1,2,00,0,0,0,201600027463B01,7,1,1
201600027478,2016-02-28,2016,février,dimanche,13:50,49,49007,47.47816,-0.54364,2,5,6,1,1,4,-1,02,1,1,000,060,1,0,1,4,1,28,5,1,2,00,2,1,1,201600027478B01,7,0,1
201600027482,2016-02-27,2016,février,samedi,17:17,49,49007,47.46245,-0.54313,2,1,7,1,1,4,2,02,1,1,000,060,1,0,1,4,1,15,5,1,2,00,0,0,1,201600027482A01,,,
201600027485,2016-03-01,2016,mars,mardi,81:0,49,49007,47.46138,-0.54682,2,3,1,1,1,4,1,01,1,1,000,060,1,0,1,4,1,18,1,1,2,00,2,1,1,201600027485A01,7,1,1
201600027505,2016-03-24,2016,mars,jeudi,12:45,49,49007,47.44887,-0.57311,2,6,6,1,1,4,3,02,1,1,000,054,1,0,1,4,2,21,1,1,2,00,2,0,1,201600027505B01,7,16,1
201600027506,2016-03-25,2016,mars,vendredi,74:5,49,49007,47.48338,-0.5746,2,6,6,1,1,4,2,02,1,1,000,054,1,0,1,4,2,23,1,1,2,00,2,6,1,201600027506B01,7,0,1
201600027507,2016-03-25,2016,mars,vendredi,92:9,49,49007,47.45484,-0.55358,2,1,7,1,1,4,2,02,1,-1,000,060,1,0,1,4,1,19,5,1,2,00,0,0,1,201600027507A01,,,
201600027522,2016-04-03,2016,avril,dimanche,11:50,49,49353,47.45801,-0.48246,2,1,6,1,1,4,2,02,1,1,000,060,1,0,0,4,1,52,5,1,2,00,2,1,1,201600027522B01,7,16,1
201600027531,2016-04-13,2016,avril,mercredi,13:39,49,49007,47.47436,-0.55238,2,2,7,1,1,4,1,00,1,1,000,000,1,0,1,4,1,52,0,1,2,00,0,0,0,201600027531B01,7,0,1
201600027534,2016-04-19,2016,avril,mardi,13:10,49,49007,47.4656,-0.59507,2,6,6,1,1,4,2,02,1,1,000,070,1,0,1,4,1,69,5,1,2,00,2,0,1,201600027534B01,7,1,1
201600027537,2016-04-24,2016,avril,dimanche,19:00,49,49007,47.47437,-0.55237,2,2,1,1,1,4,1,01,1,1,000,050,1,0,5,1,2,38,5,1,2,00,2,1,1,201600027537B01,7,19,1
201600027542,2016-04-26,2016,avril,mardi,20:48,49,49007,47.47445,-0.56027,2,2,3,2,1,4,4,02,1,1,000,070,1,5,1,3,1,60,0,1,2,00,0,0,0,201600027542B01,7,0,1
201600027545,2016-04-29,2016,avril,vendredi,65:0,49,49007,47.44452,-0.55133,2,5,3,1,1,3,2,04,1,1,010,200,1,0,1,2,1,51,1,1,2,00,2,7,15,201600027545B01,10,1,1
201600027548,2016-05-03,2016,mai,mardi,18:33,49,49007,47.4865,-0.52975,2,1,7,1,1,4,-1,02,1,-1,000,000,1,0,0,3,1,13,0,1,9,00,0,1,0,201600027548A01,,,
201600027549,2016-05-04,2016,mai,mercredi,11:05,49,49007,47.48274,-0.504,2,1,7,1,1,4,2,02,1,1,000,064,1,0,1,4,2,29,4,1,2,00,0,8,0,201600027549A01,,,
201600027557,2016-04-09,2016,avril,samedi,93:1,49,49007,47.45957,-0.55446,2,1,7,1,2,4,2,02,1,-1,000,000,2,0,1,3,2,34,2,1,2,00,0,3,0,201600027557A01,,,
201600027557,2016-04-09,2016,avril,samedi,93:1,49,49007,47.45957,-0.55446,2,1,7,1,2,4,2,02,1,-1,000,000,2,0,1,3,1,13,2,1,2,00,0,3,0,201600027557A01,,,
201600027558,2016-05-09,2016,mai,lundi,93:1,49,49007,47.45909,-0.55436,2,1,7,1,2,4,2,02,1,1,000,000,2,0,1,3,2,34,2,1,2,00,0,3,0,201600027558A01,,,
201600027558,2016-05-09,2016,mai,lundi,93:1,49,49007,47.45909,-0.55436,2,1,7,1,2,4,2,02,1,1,000,000,2,0,1,3,1,13,2,1,2,00,0,3,0,201600027558A01,,,
201600027559,2016-05-10,2016,mai,mardi,20:40,49,49007,47.45588,-0.55853,2,1,6,2,1,4,2,02,1,-1,000,000,1,0,1,4,1,60,0,1,9,12,0,0,0,201600027559A01,,,
201600027575,2016-05-23,2016,mai,lundi,83:5,49,49007,47.45976,-0.52301,2,1,1,1,1,4,-1,00,-1,1,000,000,1,0,0,4,1,26,0,1,2,00,0,0,0,201600027575B01,7,0,1
201600027576,2016-05-24,2016,mai,mardi,10:00,49,49007,47.48325,-0.56973,2,3,3,1,1,4,-1,02,1,1,000,060,1,5,5,4,1,21,5,1,2,00,2,1,1,201600027576B01,7,15,1
201600027577,2016-05-26,2016,mai,jeudi,10:10,49,49007,47.47647,-0.53287,2,1,2,1,1,4,2,02,2,1,000,060,1,0,1,3,2,30,0,1,2,00,2,0,0,201600027577B01,7,0,1
201600027580,2016-05-25,2016,mai,mercredi,82:4,49,49007,47.46462,-0.56539,2,1,7,1,1,4,-1,00,1,-1,000,000,1,0,0,3,2,30,0,1,2,00,0,0,0,201600027580A01,,,
201600027582,2016-05-28,2016,mai,samedi,12:08,49,49007,47.49073,-0.53217,2,1,7,1,1,4,-1,00,1,1,000,000,1,0,0,4,1,63,0,1,2,00,0,0,0,201600027582A01,,,
201600027587,2016-06-01,2016,juin,mercredi,16:52,49,49007,47.46304,-0.53216,2,1,3,1,1,4,-1,01,-1,-1,000,000,-1,0,0,4,2,57,0,1,2,00,2,0,0,201600027587B01,7,0,1
201600027589,2016-05-06,2016,mai,vendredi,18:06,49,49007,47.47933,-0.56002,2,1,6,1,1,4,2,02,2,1,000,074,1,0,1,1,1,23,5,1,2,00,1,1,5,201600027589A01,,,
201600027592,2016-06-07,2016,juin,mardi,65:7,49,49015,47.51257,-0.59736,2,6,2,1,1,4,1,02,1,-1,000,084,1,0,1,4,1,48,0,1,2,00,2,4,1,201600027592B01,7,9,1
201600027594,2016-06-09,2016,juin,jeudi,18:45,49,49007,47.46742,-0.5395,2,1,6,1,1,4,2,02,1,1,000,045,1,0,1,1,1,59,1,1,9,00,1,0,0,201600027594A01,,,
201600027594,2016-06-09,2016,juin,jeudi,18:45,49,49007,47.46742,-0.5395,2,1,6,1,1,4,2,02,1,1,000,045,1,0,1,4,1,61,5,1,8,00,1,0,0,201600027594A01,,,
201600027595,2016-06-13,2016,juin,lundi,40:0,49,49007,47.4606,-0.55453,2,1,7,5,1,4,2,02,1,1,000,080,1,4,1,4,1,30,5,1,2,12,0,1,1,201600027595A01,,,
201600027609,2016-06-13,2016,juin,lundi,73:8,49,49007,47.4752,-0.58564,2,1,7,1,1,4,-1,01,-1,-1,000,000,-1,0,0,4,2,17,0,1,9,00,0,0,0,201600027609A01,,,
201600027614,2016-06-23,2016,juin,jeudi,19:20,49,49007,47.47339,-0.59154,2,1,3,1,1,4,2,02,2,1,000,078,1,0,1,4,1,38,1,1,2,00,0,0,0,201600027614B01,7,16,1
201600027615,2016-06-23,2016,juin,jeudi,14:29,49,49007,47.45354,-0.55772,2,1,1,1,1,4,2,02,1,1,000,090,1,0,1,4,2,39,0,1,2,01,0,1,1,201600027615B01,7,22,1
201600027616,2016-06-18,2016,juin,samedi,15:23,49,49007,47.47297,-0.54792,2,1,3,1,1,4,1,01,2,1,000,050,1,0,1,4,1,80,5,1,2,00,2,8,1,201600027616B01,7,17,1
201600027622,2016-07-02,2016,juillet,samedi,14:05,49,49007,47.48799,-0.56154,2,1,1,1,1,4,2,02,2,2,000,060,1,0,1,4,2,11,0,1,2,00,2,1,1,201600027622A01,7,1,1
201600027624,2016-07-04,2016,juillet,lundi,90:5,49,49007,47.45984,-0.53289,2,1,2,1,1,4,2,02,1,1,000,100,1,0,1,1,2,66,5,1,2,00,2,1,1,201600027624B01,7,4,1
201600027627,2016-07-05,2016,juillet,mardi,13:01,49,49007,47.47175,-0.5669,2,6,3,1,1,4,1,02,1,2,000,082,1,0,1,3,2,54,0,1,2,00,2,0,0,201600027627B01,7,0,1
201600027628,2016-07-04,2016,juillet,lundi,16:12,49,49007,47.47174,-0.54252,2,1,2,1,1,4,2,04,2,2,000,080,1,0,1,4,1,57,0,1,2,00,2,1,1,201600027628A01,7,1,1
201600027639,2016-07-18,2016,juillet,lundi,12:46,49,49007,47.48298,-0.57544,2,1,6,1,1,6,-1,00,1,-1,000,000,1,0,1,4,1,45,0,1,9,00,2,0,0,201600027639B01,7,0,1
201600027644,2016-07-21,2016,juillet,jeudi,83:0,49,49246,47.43768,-0.50652,2,1,3,1,1,4,-1,01,-1,-1,000,000,-1,0,0,4,1,49,0,1,2,00,0,0,0,201600027644B01,7,0,1
201600027649,2016-07-23,2016,juillet,samedi,18:45,49,49007,47.47235,-0.56344,2,1,6,1,1,4,-1,01,-1,-1,000,000,-1,0,1,4,1,41,0,1,2,00,1,0,0,201600027649A01,,,
201600027649,2016-07-23,2016,juillet,samedi,18:45,49,49007,47.47235,-0.56344,2,1,6,1,1,4,-1,01,-1,-1,000,000,-1,0,1,1,1,27,0,1,9,00,1,0,0,201600027649A01,,,
201600027651,2016-07-27,2016,juillet,mercredi,93:5,49,49015,47.52051,-0.61136,2,1,6,1,1,4,3,01,1,1,000,040,1,0,3,4,1,55,5,1,2,01,0,1,1,201600027651A01,,,
201600027660,2016-08-06,2016,août,samedi,17:40,49,49007,47.47277,-0.55491,2,1,6,1,1,4,2,01,2,1,000,065,1,0,1,3,1,58,0,1,2,00,1,2,0,201600027660A01,,,
201600027678,2016-08-31,2016,août,mercredi,92:5,49,49246,47.43791,-0.50821,2,1,3,1,1,4,2,02,1,1,000,086,1,0,1,3,2,54,0,1,2,00,0,8,1,201600027678B01,7,9,1
201600027682,2016-09-03,2016,septembre,samedi,21:35,49,49015,47.50917,-0.59235,2,1,7,5,1,4,2,04,1,1,000,182,1,0,1,4,1,62,0,1,2,00,0,0,11,201600027682A01,,,
201600027688,2016-09-09,2016,septembre,vendredi,12:20,49,49007,47.46213,-0.52912,2,1,6,1,1,4,1,01,1,1,000,430,1,0,1,4,2,63,0,1,2,00,1,0,0,201600027688A01,,,
201600027697,2016-09-14,2016,septembre,mercredi,21:55,49,49267,47.48489,-0.51712,2,1,6,5,1,4,-1,02,1,1,000,070,-1,0,0,3,1,16,1,1,2,00,0,0,0,201600027697B01,7,0,1
201600027707,2016-09-21,2016,septembre,mercredi,14:25,49,49007,47.45833,-0.54494,2,6,6,1,1,4,2,02,1,1,000,070,1,0,1,4,2,40,1,1,2,00,2,1,0,201600027707B01,7,13,1
201600027709,2016-09-21,2016,septembre,mercredi,13:45,49,49007,47.47809,-0.59847,2,6,6,1,1,4,-1,01,1,1,000,055,1,0,1,4,2,18,2,1,2,00,2,3,1,201600027709A01,7,1,1
201600027712,2016-09-29,2016,septembre,jeudi,12:35,49,49007,47.46255,-0.53224,2,1,7,1,1,4,3,02,1,1,000,053,1,0,5,4,2,50,1,1,2,00,0,0,21,201600027712B01,7,20,1
201600027713,2016-09-29,2016,septembre,jeudi,84:5,49,49007,47.45709,-0.53332,2,1,6,1,1,4,3,02,1,1,000,101,1,0,1,4,1,19,1,1,2,00,2,1,1,201600027713B01,7,22,1
201600027723,2016-10-04,2016,octobre,mardi,13:35,49,49007,47.47003,-0.56226,2,1,7,1,1,4,1,02,1,1,000,030,1,0,5,3,1,15,5,1,2,00,0,0,1,201600027723A01,,,
201600027727,2016-10-06,2016,octobre,jeudi,15:41,49,49007,47.47442,-0.54688,2,2,3,1,7,4,3,08,1,1,000,160,1,0,1,4,2,41,5,1,2,00,2,8,1,201600027727B01,7,15,1
201600027730,2016-10-07,2016,octobre,vendredi,15:30,49,49007,47.47178,-0.54258,2,1,6,1,1,4,2,00,1,1,000,017,1,0,1,4,2,19,5,1,2,00,2,1,1,201600027730B01,7,22,1
201600027730,2016-10-07,2016,octobre,vendredi,15:30,49,49007,47.47178,-0.54258,2,1,6,1,1,4,2,00,1,1,000,017,1,0,1,4,2,18,5,1,2,00,2,1,1,201600027730C01,7,22,1
201600027737,2016-10-15,2016,octobre,samedi,11:03,49,49007,47.45861,-0.55433,2,1,7,1,1,4,3,02,1,1,000,068,2,0,1,3,2,88,9,1,9,00,0,0,1,201600027737A01,,,
201600027740,2016-10-17,2016,octobre,lundi,18:04,49,49007,47.47202,-0.56703,2,6,1,1,1,4,1,03,1,1,000,112,1,0,1,4,1,23,1,1,2,00,2,0,1,201600027740B01,7,1,1
201600027748,2016-10-24,2016,octobre,lundi,18:45,49,49007,47.47314,-0.54844,2,2,3,2,1,4,2,02,1,1,000,107,1,0,1,4,1,44,0,1,2,00,2,1,1,201600027748B01,7,15,1
201600027762,2016-11-03,2016,novembre,jeudi,14:05,49,49007,47.46472,-0.54537,2,4,3,1,1,4,-1,02,1,1,000,059,1,0,1,4,1,56,1,1,2,00,2,1,1,201600027762B01,7,16,1
201600027768,2016-11-08,2016,novembre,mardi,18:40,49,49007,47.46061,-0.53271,2,1,1,5,1,4,2,02,1,1,000,000,1,0,5,4,1,16,5,1,9,00,2,6,1,201600027768B01,7,15,1
201600027770,2016-11-08,2016,novembre,mardi,19:45,49,49007,47.47632,-0.55055,2,1,6,5,1,4,2,02,1,1,000,000,1,0,1,4,1,27,9,1,9,00,2,1,1,201600027770B01,7,20,1
201600027789,2016-11-19,2016,novembre,samedi,11:37,49,49007,47.44908,-0.55943,2,6,6,1,1,4,2,02,1,1,000,070,1,0,0,3,2,53,5,1,2,00,2,3,1,201600027789B01,7,1,1
201600027797,2016-12-01,2016,décembre,jeudi,91:2,49,49007,47.47712,-0.59896,2,6,3,1,1,4,2,02,1,1,000,070,1,0,1,4,1,19,2,1,2,00,2,0,1,201600027797B01,7,1,1
201600027810,2016-12-05,2016,décembre,lundi,11:47,49,49007,47.47492,-0.53586,2,1,6,1,1,4,2,02,1,1,000,058,1,0,1,4,2,29,5,1,2,00,2,0,1,201600027810B01,7,16,1
201600027820,2016-12-08,2016,décembre,jeudi,17:45,49,49007,47.47015,-0.55021,2,1,6,1,1,4,2,02,1,1,000,060,1,0,1,4,2,25,1,1,2,00,1,1,1,201600027820A01,,,
201600027820,2016-12-08,2016,décembre,jeudi,17:45,49,49007,47.47015,-0.55021,2,1,6,1,1,4,2,02,1,1,000,060,1,0,1,1,2,48,5,1,8,00,1,1,1,201600027820A01,,,
201600027824,2016-12-09,2016,décembre,vendredi,13:04,49,49007,47.47824,-0.59851,2,1,6,1,1,4,2,02,1,1,000,000,1,0,1,4,1,40,1,1,9,00,2,5,2,201600027824B01,7,9,1
201600027833,2016-12-14,2016,décembre,mercredi,19:10,49,49007,47.46242,-0.55249,2,1,6,5,1,4,2,02,1,1,000,060,1,0,1,4,1,35,1,1,2,00,2,0,1,201600027833B01,7,1,1
201600027834,2016-12-14,2016,décembre,mercredi,16:30,49,49007,47.4835,-0.57606,2,1,6,1,1,4,2,00,1,1,000,080,1,0,1,4,2,57,5,1,2,00,0,0,0,201600027834B01,7,1,1
201600027843,2016-12-26,2016,décembre,lundi,12:50,49,49246,47.4246,-0.52496,2,1,1,1,8,4,2,02,1,1,000,000,2,0,1,4,1,53,5,1,9,00,2,3,1,201600027843B01,7,1,1
201600027845,2016-12-27,2016,décembre,mardi,19:59,49,49007,47.44863,-0.53665,2,2,6,5,8,4,2,02,1,1,000,000,2,0,1,4,2,54,5,1,9,00,2,1,2,201600027845B01,7,15,1
201600027854,2016-01-13,2016,janvier,mercredi,17:00,49,49099,47.04852,-0.9179,1,3,1,1,1,4,2,02,2,2,000,000,1,4,1,3,1,61,5,1,2,00,2,1,0,201600027854B01,7,0,1
201600027882,2016-11-22,2016,novembre,mardi,16:45,49,49099,47.05263,-0.86937,2,2,3,1,1,4,2,03,2,1,000,000,1,0,1,4,2,53,0,1,2,00,2,8,16,201600027882B01,7,0,1
201600027897,2016-06-10,2016,juin,vendredi,14:00,49,49328,47.24407,-0.09642,2,1,3,1,1,4,2,01,1,1,000,000,1,0,4,4,1,16,1,1,9,00,2,1,1,201600027897A01,7,1,1
201600027903,2016-07-22,2016,juillet,vendredi,20:00,49,49328,47.27411,-0.06196,2,1,6,1,1,4,2,02,1,1,000,000,1,0,1,4,2,27,0,1,9,00,2,8,19,201600027903A01,7,16,1
201600027906,2016-08-14,2016,août,dimanche,93:0,49,49328,47.26732,-0.06973,2,1,3,1,1,4,2,02,1,1,000,000,1,5,0,4,1,65,5,1,2,00,2,1,9,201600027906B01,7,1,1
201600027910,2016-10-05,2016,octobre,mercredi,10:10,49,49328,47.25752,-0.08803,2,1,3,1,1,4,2,04,1,1,000,000,1,0,1,4,2,32,5,1,2,00,2,2,1,201600027910B01,7,9,1