Num_Acc,date,an,mois,jour,hrmn,dep,com,lat,long,agg,int,col,lum,atm,catr,circ,nbv,prof,plan,lartpc,larrout,surf,infra,situ,grav,sexe,age,trajet,secuexist,equipement,obs,obsm,choc,manv,vehiculeid,typevehicules,manoeuvehicules,numVehicules
201600027915,2016-12-08,2016,décembre,jeudi,20:25,49,49328,47.25201,-0.08734,2,6,3,5,1,4,1,00,1,2,000,000,1,0,1,4,1,20,1,1,2,00,2,1,0,201600027915B01,7,9,1
201600027929,2016-01-20,2016,janvier,mercredi,75:0,50,50129,49.6309,-1.60534,2,1,1,5,1,4,2,02,1,1,000,000,1,0,1,4,2,22,2,1,2,00,2,1,1,201600027929B01,7,15,1
201600027955,2016-03-01,2016,mars,mardi,12:15,50,50129,49.6443,-1.6329,2,1,3,1,3,4,3,04,1,1,000,000,2,0,5,4,2,17,5,1,9,00,2,1,5,201600027955A01,7,9,1
201600027970,2016-04-04,2016,avril,lundi,12:40,50,50129,49.6405,-1.62757,2,3,7,1,1,4,1,01,1,1,000,000,1,5,4,4,1,35,0,1,2,12,0,8,21,201600027970A01,33,15,1
201600027991,2016-05-10,2016,mai,mardi,64:0,50,50129,49.6359,-1.6221,2,1,7,2,2,4,1,04,1,1,000,000,2,0,4,1,1,22,1,1,2,00,1,1,1,201600027991A01,,,
201600027992,2016-05-10,2016,mai,mardi,13:15,50,50602,49.6505,-1.55365,1,1,7,1,1,3,2,02,2,1,000,000,2,0,1,3,2,29,5,1,2,00,0,1,1,201600027992A01,,,
201600028000,2016-05-25,2016,mai,mercredi,93:0,50,50602,49.6479,-1.59152,2,1,7,1,1,4,2,02,1,3,000,000,1,0,5,3,1,67,5,1,2,00,0,1,1,201600028000A01,,,
201600028001,2016-05-19,2016,mai,jeudi,83:5,50,50129,49.6391,-1.61936,2,2,3,1,1,4,2,04,1,1,000,000,1,0,1,4,1,26,1,1,2,00,2,2,19,201600028001B01,7,15,1
201600028003,2016-05-29,2016,mai,dimanche,45:,50,50129,49.6441,-1.63163,2,3,7,5,1,4,2,02,1,1,000,000,1,0,5,3,1,48,5,1,2,00,0,1,1,201600028003A01,,,
201600028016,2016-05-27,2016,mai,vendredi,21:10,50,50173,49.651,-1.65195,2,1,6,1,1,4,2,02,1,1,000,000,1,0,4,4,1,24,5,1,9,01,0,1,13,201600028016B01,,,
201600028019,2016-06-26,2016,juin,dimanche,19:45,50,50602,49.6474,-1.59116,2,1,7,1,1,4,2,02,1,1,000,000,1,0,5,3,1,72,5,1,2,16,0,1,1,201600028019A01,,,
201600028027,2016-07-07,2016,juillet,jeudi,18:10,50,50129,49.6361,-1.63692,2,4,3,1,1,4,2,02,3,4,000,000,1,0,1,4,2,51,1,1,2,00,2,1,1,201600028027B01,7,15,1
201600028029,2016-07-13,2016,juillet,mercredi,16:35,50,50129,49.6382,-1.62528,2,2,3,1,1,4,2,02,1,1,000,000,1,5,1,4,1,43,5,1,2,00,2,1,1,201600028029B01,7,15,1
201600028050,2016-09-04,2016,septembre,dimanche,13:15,50,50129,49.6392,-1.62086,2,3,3,1,8,4,1,03,1,1,000,000,1,0,1,4,1,60,5,1,2,00,2,8,23,201600028050B01,7,2,1
201600028051,2016-09-06,2016,septembre,mardi,12:05,50,50173,49.6539,-1.6491,2,2,7,1,1,3,2,02,1,1,000,000,1,0,5,3,1,36,1,1,2,00,2,1,1,201600028051B01,7,16,1
201600028057,2016-09-23,2016,septembre,vendredi,18:05,50,50602,49.6391,-1.57358,2,1,3,1,1,4,2,02,1,1,000,000,1,0,1,3,1,9,5,1,2,00,2,1,1,201600028057A01,7,1,1
201600028068,2016-11-02,2016,novembre,mercredi,14:25,50,50173,49.6563,-1.69707,2,1,3,1,1,3,2,02,2,1,000,080,1,0,1,4,2,80,5,1,2,00,2,8,1,201600028068B01,7,17,1
201600028076,2016-11-11,2016,novembre,vendredi,13:30,50,50129,49.6445,-1.62731,1,2,5,1,1,4,2,02,1,1,000,000,1,5,1,3,1,53,5,1,2,00,2,1,23,201600028076C01,7,1,2
201600028081,2016-11-16,2016,novembre,mercredi,19:55,50,50129,49.6346,-1.61321,2,6,3,5,1,3,3,04,1,1,000,082,1,0,1,4,1,57,5,1,2,00,2,2,1,201600028081B01,7,9,1
201600028095,2016-12-05,2016,décembre,lundi,14:30,50,50129,49.6291,-1.64111,2,2,1,1,1,3,2,02,1,1,000,000,1,0,1,3,1,46,1,1,2,00,2,1,1,201600028095A01,7,15,1
201600028112,2016-05-05,2016,mai,jeudi,11:45,50,50147,49.0396,-1.44733,2,6,3,1,1,3,2,02,1,4,000,070,1,5,0,4,1,62,5,1,9,00,2,1,19,201600028112B01,7,16,1
201600028114,2016-07-13,2016,juillet,mercredi,93:5,50,50376,49.0351,-1.44096,1,1,2,1,1,3,2,02,2,1,000,000,1,0,1,4,1,68,5,1,4,00,2,4,1,201600028114B01,7,2,1
201600028132,2016-05-24,2016,mai,mardi,54:5,50,50218,48.8375,-1.54669,2,2,3,2,1,3,2,02,2,1,000,000,1,0,1,4,2,58,1,1,9,00,2,0,1,201600028132B01,7,1,1
201600028171,2016-08-10,2016,août,mercredi,90:0,50,50502,49.1166,-1.10208,2,6,1,1,1,3,2,02,2,1,000,000,1,5,1,4,2,16,5,1,9,00,2,0,1,201600028171B01,7,9,1
201600028176,2016-10-04,2016,octobre,mardi,12:35,50,50502,49.119,-1.08631,2,1,6,1,1,4,2,02,1,1,000,000,1,0,1,1,1,41,5,1,2,00,1,1,1,201600028176A01,,,
201600028195,2016-05-12,2016,mai,jeudi,13:55,51,51108,48.95402,4.35002,2,1,3,1,8,4,2,04,2,1,000,120,1,2,1,2,1,67,5,1,2,00,2,1,2,201600028195B01,14,2,1
201600028196,2016-06-01,2016,juin,mercredi,15:00,51,51108,48.95317,4.36064,2,1,3,1,1,4,2,02,1,1,000,099,1,0,1,3,1,16,5,1,2,00,2,8,0,201600028196A01,7,17,1
201600028204,2016-10-05,2016,octobre,mercredi,13:05,51,51108,48.95185,4.34943,2,1,3,1,1,4,1,01,1,1,000,046,1,0,1,3,2,13,5,1,2,00,2,8,19,201600028204B01,7,1,1
201600028205,2016-10-05,2016,octobre,mercredi,16:45,51,51108,48.94539,4.3795,2,2,3,1,1,3,2,02,1,1,000,090,1,5,1,4,2,22,5,1,9,00,2,8,1,201600028205B01,7,15,1
201600028233,2016-01-12,2016,janvier,mardi,12:00,51,51454,49.24661,4.01,2,1,6,1,1,4,2,02,2,1,000,070,1,0,1,4,2,47,0,1,9,01,0,1,1,201600028233B01,7,22,1
201600028235,2016-01-13,2016,janvier,mercredi,12:25,51,51055,49.28318,4.05661,2,1,3,1,1,4,2,02,1,1,000,070,1,0,1,4,1,54,0,1,9,00,2,5,15,201600028235A01,7,1,1
201600028243,2016-01-28,2016,janvier,jeudi,10:20,51,51454,49.2702,4.02215,2,1,1,1,1,4,2,02,1,1,000,150,1,0,1,4,1,79,0,1,2,00,2,0,0,201600028243B01,7,16,1
201600028270,2016-03-03,2016,mars,jeudi,75:5,51,51454,49.26164,4.02031,2,1,2,1,1,4,2,02,1,1,000,089,2,0,1,4,1,17,1,1,9,00,2,1,1,201600028270A01,7,23,1
201600028278,2016-03-11,2016,mars,vendredi,17:10,51,51454,49.24936,4.02447,2,1,2,1,1,4,1,01,2,1,000,040,1,0,1,4,1,49,1,1,2,00,2,4,2,201600028278B01,7,1,1
201600028285,2016-03-17,2016,mars,jeudi,11:15,51,51454,49.25692,4.03808,2,1,3,1,1,4,4,05,1,1,000,000,1,5,1,4,1,16,0,1,2,00,2,1,5,201600028285A01,7,1,1
201600028299,2016-04-12,2016,avril,mardi,11:15,51,51454,49.25683,4.02292,1,1,3,1,1,4,3,05,1,1,025,160,1,0,1,4,1,30,5,1,2,00,2,7,19,201600028299B01,10,1,1
201600028311,2016-04-24,2016,avril,dimanche,19:00,51,51454,49.25524,4.03083,2,1,3,1,1,4,2,02,1,1,000,075,1,0,1,4,1,22,5,1,4,00,2,1,1,201600028311B01,7,20,1
201600028314,2016-04-26,2016,avril,mardi,14:36,51,51454,49.26034,4.02229,2,2,3,1,8,4,2,02,1,1,000,065,2,0,1,3,2,31,0,1,9,00,2,6,19,201600028314B01,14,16,1
201600028318,2016-04-30,2016,avril,samedi,19:35,51,51454,49.26993,4.03005,2,1,2,1,1,4,2,02,1,1,000,078,1,0,1,3,1,24,0,1,9,00,2,1,0,201600028318A01,7,1,1
201600028326,2016-05-10,2016,mai,mardi,18:45,51,51454,49.24906,4.01541,2,1,1,1,1,4,2,04,1,1,030,120,-1,0,1,4,1,6,5,1,2,00,2,7,19,201600028326B01,7,1,1
201600028334,2016-05-19,2016,mai,jeudi,12:00,51,51454,49.25534,4.03371,2,7,3,1,1,4,1,01,1,1,000,062,1,0,1,4,1,19,0,1,2,00,2,4,1,201600028334B01,7,1,1
201600028358,2016-06-20,2016,juin,lundi,23:00,51,51454,49.24191,4.01776,2,6,6,5,2,4,1,02,1,2,000,067,2,0,1,4,1,39,5,1,2,00,2,1,0,201600028358A01,7,0,1
201600028360,2016-06-21,2016,juin,mardi,22:32,51,51454,49.26245,4.02876,2,1,1,5,2,2,2,04,1,1,000,193,1,4,0,3,1,40,5,1,2,00,4,1,5,201600028360A01,40,0,1
201600028362,2016-06-23,2016,juin,jeudi,22:00,51,51454,49.23221,4.03332,2,6,3,4,1,4,2,02,1,1,000,000,1,0,1,3,1,39,0,1,2,00,2,0,0,201600028362B01,7,0,1
201600028368,2016-07-02,2016,juillet,samedi,21:00,51,51454,49.25196,4.04356,2,1,3,1,1,4,2,05,1,3,000,099,1,0,1,3,1,42,5,1,2,00,2,0,0,201600028368A01,2,15,1
201600028369,2016-07-13,2016,juillet,mercredi,17:45,51,51454,49.26752,4.03721,2,6,3,1,1,4,2,02,1,3,047,112,1,5,1,4,1,20,0,1,2,00,2,0,0,201600028369B01,7,16,1
201600028378,2016-08-10,2016,août,mercredi,94:5,51,51454,49.25206,4.03157,2,1,2,1,1,4,1,01,1,1,000,035,1,0,1,4,1,23,5,1,2,00,2,1,2,201600028378A01,7,23,1
201600028389,2016-08-21,2016,août,dimanche,17:40,51,51454,49.27679,4.03014,2,2,3,1,1,4,2,02,1,1,000,067,1,0,1,3,1,12,0,1,2,00,2,0,0,201600028389B01,7,1,1
201600028411,2016-09-13,2016,septembre,mardi,19:35,51,51454,49.22816,4.0358,2,3,3,1,1,4,2,02,1,1,000,048,-1,0,1,4,1,48,5,1,2,00,2,0,0,201600028411A01,7,1,1
201600028412,2016-09-14,2016,septembre,mercredi,17:10,51,51454,49.28656,4.00802,2,2,6,1,1,4,-1,02,1,1,000,068,-1,0,1,1,1,59,0,1,2,00,1,0,15,201600028412A01,,,
201600028419,2016-09-20,2016,septembre,mardi,17:15,51,51454,49.26087,4.03456,2,1,1,1,1,2,2,04,1,1,000,110,1,0,1,4,1,19,0,1,2,00,2,1,1,201600028419B01,7,23,1
201600028432,2016-09-29,2016,septembre,jeudi,12:20,51,51454,49.27614,4.0182,2,1,3,1,1,4,2,02,1,1,000,110,1,0,1,3,1,13,2,1,9,00,2,8,19,201600028432B01,7,1,1
201600028434,2016-10-01,2016,octobre,samedi,15:45,51,51454,49.25035,4.03453,2,1,3,1,1,4,1,01,2,1,000,040,1,0,1,4,1,14,5,1,2,00,2,1,18,201600028434A01,7,20,1
201600028436,2016-10-05,2016,octobre,mercredi,13:50,51,51454,49.23312,4.0144,2,3,1,1,1,4,2,02,1,1,,,1,0,1,3,1,17,0,1,9,00,2,0,0,201600028436B01,7,0,1
201600028443,2016-10-08,2016,octobre,samedi,14:10,51,51454,49.25868,4.04284,2,1,3,1,1,4,2,03,1,1,000,076,1,0,1,4,1,19,0,1,2,00,2,4,2,201600028443B01,7,2,1
201600028445,2016-10-10,2016,octobre,lundi,54:0,51,51454,49.23779,4.06611,2,1,2,5,1,4,2,02,2,1,036,060,1,0,1,3,1,38,0,1,9,00,2,0,0,201600028445B01,10,2,1
201600028481,2016-11-17,2016,novembre,jeudi,16:12,51,51454,49.26481,4.00997,2,6,1,1,1,4,2,02,1,1,000,094,1,0,1,4,1,39,1,1,4,00,2,2,19,201600028481B01,7,1,1
201600028482,2016-11-18,2016,novembre,vendredi,10:15,51,51454,49.28323,4.01104,2,1,3,1,1,4,2,02,2,1,000,079,1,0,1,3,1,67,0,1,9,00,2,0,0,201600028482A01,7,0,1
201600028483,2016-11-19,2016,novembre,samedi,14:00,51,51454,49.24781,4.04746,2,1,3,1,1,4,1,01,1,1,000,041,1,0,4,4,1,12,0,1,2,00,2,7,0,201600028483B01,7,9,1
201600028488,2016-11-27,2016,novembre,dimanche,15:30,51,51454,49.2313,4.03428,1,3,3,1,1,4,-1,04,1,1,000,166,1,0,1,4,1,15,0,1,9,00,2,1,1,201600028488A01,7,15,1
201600028505,2016-12-17,2016,décembre,samedi,20:23,51,51454,49.24827,4.0109,2,1,3,5,5,4,2,04,2,1,000,166,2,0,1,4,1,30,9,1,9,00,2,1,0,201600028505B01,7,9,1
201600028511,2016-12-14,2016,décembre,mercredi,18:00,52,52121,48.12133,5.13775,2,3,3,5,1,3,2,02,2,1,000,000,1,0,1,4,1,24,5,1,4,00,2,1,1,201600028511B01,7,15,1
201600028513,2016-11-07,2016,novembre,lundi,11:30,52,52121,48.1165,5.14033,2,6,2,1,7,3,2,01,1,2,000,000,1,0,1,4,1,64,5,1,2,00,2,4,2,201600028513B01,7,2,1
201600028522,2016-04-29,2016,avril,vendredi,16:30,52,52121,48.09836,5.14519,2,3,6,1,1,3,2,03,1,1,000,104,1,0,1,4,1,24,5,1,2,00,2,1,1,201600028522B01,10,15,1
201600028524,2016-06-09,2016,juin,jeudi,13:35,52,52121,48.08644,5.1462,2,1,7,1,1,3,2,02,1,1,000,106,-1,0,4,3,1,30,5,1,2,08,0,1,14,201600028524A01,,,
201600028526,2016-07-06,2016,juillet,mercredi,72:5,52,52121,48.11733,5.14055,2,3,6,1,1,3,2,03,1,3,000,089,1,0,4,4,1,51,1,1,9,00,0,0,0,201600028526A01,7,16,1
201600028533,2016-09-27,2016,septembre,mardi,71:5,52,52121,48.09912,5.15324,2,2,6,2,1,4,2,02,1,2,000,114,1,0,1,3,2,48,1,1,9,00,2,8,21,201600028533B01,10,15,1
201600028535,2016-01-31,2016,janvier,dimanche,15:30,52,52448,48.63626,4.97322,2,1,6,1,2,4,-1,01,1,2,000,000,2,5,1,3,1,33,5,1,2,00,0,7,2,201600028535A01,,,
201600028556,2016-09-10,2016,septembre,samedi,20:15,53,53130,48.07161,-0.77148,2,3,3,5,1,4,1,02,1,1,000,000,1,5,1,3,1,68,0,1,9,00,0,0,0,201600028556B01,7,1,1
201600028629,2016-07-12,2016,juillet,mardi,17:35,54,54329,48.58189,6.50438,2,9,3,1,1,4,2,02,1,1,000,060,1,0,1,3,1,81,5,1,2,00,2,8,2,201600028629B01,7,2,1
201600028657,2016-01-11,2016,janvier,lundi,10:10,54,54395,0,0,2,1,3,1,1,4,1,02,1,2,000,000,1,0,1,4,1,15,2,1,9,00,2,1,19,201600028657A01,7,1,1
201600028662,2016-01-13,2016,janvier,mercredi,15:06,54,54184,0,0,2,1,6,1,1,4,2,02,-1,-1,000,000,-1,0,1,4,1,41,0,1,8,00,1,0,0,201600028662Z01,,,
201600028681,2016-01-28,2016,janvier,jeudi,70:5,54,54395,0,0,2,4,3,5,3,4,1,01,3,1,000,000,2,0,1,4,1,48,0,1,2,00,2,1,1,201600028681B01,7,1,1
201600028684,2016-02-03,2016,février,mercredi,10:50,54,54304,0,0,2,3,3,1,1,4,2,02,1,-1,000,000,1,0,1,4,2,38,1,1,9,00,2,8,1,201600028684B01,10,0,1
201600028697,2016-02-17,2016,février,mercredi,84:5,54,54395,48.68352,6.17405,2,1,3,1,1,4,1,02,1,1,000,000,1,0,1,4,2,42,5,1,9,00,2,8,1,201600028697B01,7,14,1
201600028697,2016-02-17,2016,février,mercredi,84:5,54,54395,48.68352,6.17405,2,1,3,1,1,4,1,02,1,1,000,000,1,0,1,1,1,5,5,1,3,00,2,8,1,201600028697B01,7,14,1
201600028715,2016-03-06,2016,mars,dimanche,12:30,54,54482,0,0,1,1,3,1,2,4,1,01,1,1,000,060,2,0,0,4,1,19,1,1,2,00,2,4,1,201600028715A01,7,0,1
201600028726,2016-03-14,2016,mars,lundi,12:55,54,54578,0,0,2,2,3,1,1,4,2,02,1,1,000,000,1,0,1,4,1,24,0,1,2,00,2,1,1,201600028726A01,7,11,1
201600028730,2016-03-18,2016,mars,vendredi,75:0,54,54257,0,0,2,3,3,1,1,4,2,02,1,1,000,000,1,5,1,4,1,14,2,1,9,00,2,7,19,201600028730B01,7,1,1
201600028735,2016-03-18,2016,mars,vendredi,13:00,54,54395,0,0,2,3,3,1,1,4,2,02,1,1,000,000,1,0,1,4,1,13,5,1,9,00,2,1,1,201600028735A01,7,1,1
201600028738,2016-03-20,2016,mars,dimanche,21:30,54,54395,0,0,2,1,2,5,1,4,2,02,1,1,000,000,1,0,1,4,1,31,5,1,9,00,2,0,1,201600028738B01,1,0,1
201600028761,2016-04-25,2016,avril,lundi,70:0,54,54395,0,0,2,1,1,1,1,4,2,02,1,1,000,000,1,0,1,4,1,42,1,1,2,00,4,0,0,201600028761A01,40,1,1
201600028770,2016-03-31,2016,mars,jeudi,14:30,54,54395,0,0,2,1,3,1,1,4,2,02,1,-1,000,000,1,0,1,4,2,36,1,1,2,00,2,1,19,201600028770B01,7,1,1
201600028777,2016-04-27,2016,avril,mercredi,13:20,54,54304,0,0,2,2,2,1,1,4,2,02,1,1,000,000,1,0,1,4,1,52,5,1,9,00,2,1,1,201600028777B01,7,16,1
201600028786,2016-05-11,2016,mai,mercredi,17:25,54,54395,0,0,2,3,3,1,2,4,2,02,3,1,000,000,2,0,1,1,1,46,0,1,9,00,2,8,16,201600028786A01,32,1,1
201600028798,2016-05-19,2016,mai,jeudi,15:55,54,54197,0,0,2,2,3,1,1,3,2,02,1,1,000,000,1,0,1,3,1,72,5,1,9,00,2,7,19,201600028798A01,7,1,1
201600028821,2016-06-06,2016,juin,lundi,13:00,54,54482,0,0,2,1,3,1,1,4,2,02,1,1,000,000,1,0,1,4,1,26,5,1,9,00,2,1,1,201600028821B01,10,20,1
201600028825,2016-05-29,2016,mai,dimanche,20:49,54,54395,0,0,2,3,3,1,1,4,1,01,1,1,000,000,1,0,1,4,1,30,5,1,9,00,2,8,1,201600028825B01,7,1,1
201600028829,2016-06-17,2016,juin,vendredi,20:00,54,54395,0,0,2,7,3,1,1,4,2,02,2,1,000,000,-1,0,1,4,1,7,5,1,9,00,2,7,19,201600028829A01,7,1,1
201600028831,2016-06-18,2016,juin,samedi,18:50,54,54547,0,0,2,1,3,1,1,4,1,01,1,1,000,000,1,0,1,4,1,11,5,1,9,00,2,1,19,201600028831A01,7,1,1
201600028838,2016-06-23,2016,juin,jeudi,18:05,54,54395,0,0,2,4,3,1,1,4,1,02,1,1,000,000,1,0,1,4,2,53,5,1,9,00,2,8,1,201600028838B01,7,1,1
201600028846,2016-07-04,2016,juillet,lundi,44:8,54,54184,0,0,1,1,5,5,1,4,2,03,1,1,000,000,1,0,1,3,1,22,1,1,2,00,2,4,19,201600028846B01,7,1/16,2
201600028849,2016-06-24,2016,juin,vendredi,92:2,54,54547,0,0,2,1,3,1,1,4,2,02,1,-1,000,000,1,0,1,4,1,31,5,1,9,00,2,1,1,201600028849B01,7,15,1
201600028854,2016-07-08,2016,juillet,vendredi,16:10,54,54395,0,0,2,2,3,1,1,4,1,02,1,1,000,000,1,0,1,4,1,18,5,1,9,00,2,1,1,201600028854A01,7,1,1
201600028882,2016-08-08,2016,août,lundi,18:25,54,54274,0,0,2,1,3,1,1,4,2,01,1,1,000,000,1,0,5,4,1,52,5,1,9,00,2,7,1,201600028882B01,30,0,1
201600028884,2016-08-10,2016,août,mercredi,15:25,54,54395,0,0,2,1,3,1,1,4,2,03,1,1,000,000,1,2,1,4,1,44,5,1,9,00,4,8,13,201600028884A01,40,7,1
201600028888,2016-08-15,2016,août,lundi,20:30,54,54395,0,0,2,6,1,1,1,4,1,02,1,1,000,000,1,0,1,4,2,21,5,1,9,00,2,7,1,201600028888A01,7,1,1
201600028889,2016-08-19,2016,août,vendredi,10:50,54,54395,0,0,2,1,6,1,1,4,1,02,2,1,000,000,1,0,1,4,1,29,5,1,9,00,1,1,1,201600028889A01,,,
201600028890,2016-08-23,2016,août,mardi,12:40,54,54274,0,0,2,1,6,1,1,4,2,03,1,1,000,000,1,0,1,4,1,30,5,1,9,00,1,1,1,201600028890A01,,,
201600028895,2016-08-29,2016,août,lundi,15:10,54,54495,0,0,2,1,3,1,1,3,2,03,1,1,000,000,1,0,1,4,2,17,5,1,9,00,2,4,1,201600028895A01,7,1,1
201600028908,2016-09-10,2016,septembre,samedi,18:55,54,54265,0,0,2,1,3,1,1,4,2,01,2,1,000,000,1,0,1,4,1,16,0,1,2,00,2,1,0,201600028908A01,7,1,1
201600028922,2016-09-27,2016,septembre,mardi,21:00,54,54304,48.67962,6.15309,2,3,3,5,1,4,2,02,1,1,000,000,1,0,1,4,1,21,5,1,9,00,2,8,1,201600028922B01,7,15,1
201600028923,2016-09-28,2016,septembre,mercredi,12:05,54,54395,48.68711,6.19553,2,1,6,1,1,4,1,03,2,1,000,000,1,2,1,4,1,65,5,1,9,00,1,1,1,201600028923A01,,,
201600028926,2016-09-28,2016,septembre,mercredi,19:45,54,54395,48.68276,6.16888,2,2,6,5,1,4,1,02,1,1,000,000,1,0,4,4,1,21,5,1,9,00,1,1,1,201600028926A01,,,
201600028938,2016-10-04,2016,octobre,mardi,85:0,54,54395,48.67944,6.16171,2,1,2,1,1,4,2,02,1,1,000,000,1,0,1,4,2,17,2,1,9,00,2,1,2,201600028938A01,7,2,1
201600028943,2016-10-11,2016,octobre,mardi,74:4,54,54547,48.6614,6.16901,2,2,7,1,1,4,2,02,1,1,000,000,1,0,1,4,1,20,5,1,2,00,2,0,21,201600028943B01,7,15,1
201600028951,2016-10-18,2016,octobre,mardi,13:05,54,54395,48.69062,6.17361,2,3,3,1,1,4,1,02,1,1,000,000,1,2,1,4,2,21,5,1,9,00,2,8,5,201600028951A01,7,1,1
201600028960,2016-10-24,2016,octobre,lundi,14:00,54,54395,48.68933,6.18514,2,1,6,1,1,4,1,01,1,-1,000,000,1,0,1,4,1,68,5,1,9,01,0,1,1,201600028960B01,7,22,1
201600029003,2016-11-23,2016,novembre,mercredi,15:23,54,54395,0,0,2,1,3,1,1,4,1,02,1,2,000,000,1,0,1,3,2,63,1,1,9,00,2,8,1,201600029003B01,14,14,1
201600029012,2016-10-20,2016,octobre,jeudi,14:05,54,54300,48.65983,6.23133,2,1,3,1,1,4,2,02,1,1,000,000,1,0,1,4,1,15,0,1,2,00,2,0,0,201600029012B01,7,1,1
201600029022,2016-12-09,2016,décembre,vendredi,75:5,54,54395,48.68476,6.17369,2,3,3,1,1,4,2,02,1,1,000,000,1,0,1,4,1,15,2,1,9,00,2,1,1,201600029022B01,7,16,1
201600029028,2016-12-20,2016,décembre,mardi,16:55,54,54395,0,0,2,2,6,5,1,4,1,02,1,1,000,000,-1,0,0,1,1,21,0,1,2,00,1,0,0,201600029028A01,,,
201600029051,2016-07-29,2016,juillet,vendredi,94:0,54,54167,48.67327,5.92608,2,1,3,1,1,3,2,02,1,1,000,080,1,0,1,3,1,67,3,1,9,00,2,3,11,201600029051B01,13,17,1
201600029053,2016-09-23,2016,septembre,vendredi,17:20,54,54528,0,0,2,1,3,1,1,4,2,02,1,1,000,090,1,0,1,4,1,18,2,1,9,00,2,1,16,201600029053A01,7,0,1
201600029054,2016-09-28,2016,septembre,mercredi,17:50,54,54528,48.6887,5.88847,2,1,1,1,1,4,2,02,2,2,000,049,1,0,1,3,1,15,5,1,9,00,2,1,5,201600029054A01,7,1,1
201600029060,2016-05-15,2016,mai,dimanche,13:40,54,54580,49.47064,5.93048,2,3,7,1,1,4,1,01,2,1,000,000,1,0,1,3,1,12,5,1,2,00,2,0,19,201600029060B01,7,0,1
201600029087,2016-04-12,2016,avril,mardi,17:45,55,55505,49.16869,5.36218,2,1,3,1,1,4,2,02,1,1,000,050,1,0,1,4,1,10,5,1,2,00,2,1,1,201600029087A01,30,1,1
201600029094,2016-07-17,2016,juillet,dimanche,19:30,55,55545,49.16002,5.38754,2,1,3,1,1,4,2,03,1,1,000,081,1,0,1,4,1,18,0,1,2,00,2,8,2,201600029094B01,7,0,1
201600029107,2016-01-06,2016,janvier,mercredi,15:25,56,56098,47.7722,-3.34813,2,1,6,1,1,3,2,02,-1,-1,000,000,1,0,0,4,1,51,0,1,9,00,1,0,0,201600029107A01,,,
201600029110,2016-01-11,2016,janvier,lundi,93:1,56,56162,47.73388,-3.42427,2,1,3,1,1,9,-1,00,-1,-1,000,000,-1,0,1,4,1,17,1,1,9,00,2,0,0,201600029110B01,7,0,1
201600029115,2016-01-15,2016,janvier,vendredi,20:30,56,56098,47.7697,-3.34883,2,1,3,5,5,9,2,02,2,1,000,000,2,0,1,4,1,40,0,1,2,00,2,0,0,201600029115B01,7,1,1
201600029147,2016-03-03,2016,mars,jeudi,18:26,56,56121,47.74131,-3.37299,2,6,2,1,2,9,-1,00,-1,-1,000,000,2,0,1,4,1,18,0,1,9,00,2,4,0,201600029147B01,7,0,1
201600029148,2016-03-06,2016,mars,dimanche,12:55,56,56121,47.75447,-3.37565,2,1,3,1,1,9,1,01,1,-1,000,000,1,0,1,4,1,31,0,1,9,00,2,1,1,201600029148B01,7,24,1
201600029156,2016-03-21,2016,mars,lundi,14:51,56,56121,47.74782,-3.3753,2,1,7,1,1,9,2,00,2,1,000,000,1,0,1,3,1,45,0,1,9,16,0,0,0,201600029156A01,,,
201600029157,2016-03-25,2016,mars,vendredi,14:33,56,56083,47.8203,-3.29472,1,1,2,1,1,9,-1,00,-1,-1,000,000,-1,0,1,4,2,64,0,1,9,00,2,1,2,201600029157A01,1,2,1
201600029157,2016-03-25,2016,mars,vendredi,14:33,56,56083,47.8203,-3.29472,1,1,2,1,1,9,-1,00,-1,-1,000,000,-1,0,1,1,2,52,0,1,9,00,2,4,2,201600029157B01,1,2,1
201600029164,2016-04-05,2016,avril,mardi,18:50,56,56121,47.74675,-3.38145,2,1,3,1,1,9,-1,00,-1,-1,000,000,-1,0,1,4,1,21,0,1,9,00,2,0,1,201600029164B01,7,0,1
201600029180,2016-04-20,2016,avril,mercredi,12:10,56,56121,47.76035,-3.39326,2,1,3,1,1,9,-1,00,-1,-1,000,000,-1,0,1,4,1,53,4,1,9,00,2,0,0,201600029180A01,7,0,1
201600029183,2016-04-23,2016,avril,samedi,11:13,56,56107,47.70996,-3.37593,2,1,3,1,1,9,1,01,1,1,000,000,1,0,1,4,2,47,5,1,9,00,2,0,0,201600029183B01,7,1,1
201600029186,2016-04-26,2016,avril,mardi,16:05,56,56107,47.70692,-3.38368,2,1,2,1,1,9,-1,00,-1,-1,000,000,-1,0,1,4,1,54,0,1,9,00,2,1,2,201600029186A01,7,2,1
201600029188,2016-04-29,2016,avril,vendredi,18:05,56,56121,47.75974,-3.36641,2,1,3,1,2,3,-1,00,-1,-1,000,000,2,0,1,4,1,28,0,1,9,00,2,1,0,201600029188B01,7,15,1
201600029198,2016-05-17,2016,mai,mardi,43:0,56,56121,47.73535,-3.38535,1,1,7,5,1,9,-1,00,-1,-1,000,000,-1,0,1,4,1,36,0,1,9,16,0,0,0,201600029198A01,,,