Num_Acc,date,an,mois,jour,hrmn,dep,com,lat,long,agg,int,col,lum,atm,catr,circ,nbv,prof,plan,lartpc,larrout,surf,infra,situ,grav,sexe,age,trajet,secuexist,equipement,obs,obsm,choc,manv,vehiculeid,typevehicules,manoeuvehicules,numVehicules
201600029201,2016-05-20,2016,mai,vendredi,85:5,56,56098,47.75697,-3.34404,2,1,2,1,2,9,1,01,2,1,000,000,2,0,1,4,2,47,0,1,9,00,2,1,2,201600029201A01,7,0,1
201600029223,2016-06-17,2016,juin,vendredi,17:00,56,56121,47.74685,-3.36603,2,2,3,1,1,9,2,02,1,1,000,000,1,0,1,4,2,37,0,1,9,00,2,0,0,201600029223B01,7,0,1
201600029224,2016-06-18,2016,juin,samedi,15:30,56,56121,47.73747,-3.37812,2,2,3,1,1,9,2,02,1,1,000,000,1,0,1,4,2,48,5,1,9,00,2,0,0,201600029224B01,7,15,1
201600029225,2016-06-20,2016,juin,lundi,18:55,56,56121,47.73597,-3.38989,2,1,3,1,1,9,2,02,2,1,000,000,2,0,1,4,2,13,0,1,9,00,0,0,19,201600029225B01,7,1,1
201600029226,2016-06-21,2016,juin,mardi,85:0,56,56098,47.75944,-3.32639,2,6,3,1,2,4,2,02,1,-1,000,000,2,0,1,4,1,43,0,1,9,00,0,0,0,201600029226B01,7,15,1
201600029228,2016-06-22,2016,juin,mercredi,16:07,56,56121,47.75852,-3.3653,2,1,6,1,1,9,2,02,2,1,000,000,1,0,1,4,1,51,0,1,9,01,0,1,1,201600029228B01,7,22,1
201600029229,2016-06-23,2016,juin,jeudi,11:45,56,56121,47.74725,-3.37657,2,6,2,1,3,9,2,00,2,3,000,000,2,0,1,4,1,69,0,1,2,00,2,4,0,201600029229B01,7,0,1
201600029239,2016-07-08,2016,juillet,vendredi,10:55,56,56107,47.72253,-3.37702,2,1,2,1,1,4,2,02,1,1,000,000,1,0,1,4,2,18,5,1,9,00,2,0,0,201600029239B01,7,2,1
201600029256,2016-07-29,2016,juillet,vendredi,16:50,56,56121,47.73712,-3.37891,2,1,3,1,1,9,2,01,1,3,000,000,1,0,1,4,2,67,5,1,9,00,2,0,1,201600029256B01,7,13,1
201600029271,2016-08-11,2016,août,jeudi,17:20,56,56107,47.72333,-3.38243,1,1,7,1,1,9,-1,00,-1,-1,000,000,1,0,1,4,1,69,0,1,9,16,0,0,0,201600029271A01,,,
201600029276,2016-08-14,2016,août,dimanche,18:17,56,56083,47.80508,-3.2835,2,1,7,1,1,9,-1,00,-1,-1,000,000,1,0,1,4,1,36,0,1,9,16,0,0,1,201600029276A01,,,
201600029277,2016-08-17,2016,août,mercredi,22:0,56,56121,47.75586,-3.36581,2,1,3,5,1,9,-1,00,1,1,000,000,1,0,1,4,2,31,0,1,9,00,2,0,0,201600029277B01,7,0,1
201600029281,2016-08-21,2016,août,dimanche,15:30,56,56121,47.76589,-3.3741,2,1,7,1,1,9,-1,00,-1,-1,000,000,1,0,1,4,1,17,0,1,9,16,0,0,0,201600029281A01,,,
201600029284,2016-08-22,2016,août,lundi,13:25,56,56121,47.74239,-3.3695,2,1,3,1,1,9,2,00,-1,1,000,000,1,0,1,4,1,39,1,1,9,00,2,1,0,201600029284B01,7,24,1
201600029285,2016-08-26,2016,août,vendredi,16:15,56,56107,47.72309,-3.39043,2,6,3,1,1,4,2,02,1,1,000,000,1,0,1,4,2,34,0,1,9,00,2,0,0,201600029285B01,7,0,1
201600029286,2016-08-26,2016,août,vendredi,17:38,56,56098,47.77766,-3.34396,2,1,7,1,1,9,1,01,1,1,000,000,1,0,1,4,1,14,0,1,9,16,0,0,0,201600029286A01,,,
201600029293,2016-08-31,2016,août,mercredi,17:45,56,56121,47.74775,-3.35905,2,1,3,1,1,9,-1,00,-1,-1,000,000,-1,0,1,4,1,28,0,1,9,00,2,0,1,201600029293B01,7,0,1
201600029297,2016-09-03,2016,septembre,samedi,10:15,56,56162,47.73576,-3.42871,2,1,6,1,1,9,-1,00,-1,-1,000,000,1,0,1,4,1,63,0,1,9,16,0,0,0,201600029297A01,,,
201600029303,2016-09-11,2016,septembre,dimanche,12:38,56,56098,47.76641,-3.33466,2,3,3,1,1,3,2,02,1,1,000,000,1,0,1,4,1,15,5,1,9,00,2,1,1,201600029303A01,7,1,1
201600029306,2016-09-16,2016,septembre,vendredi,7:,56,56121,47.75705,-3.37167,2,1,2,5,1,3,3,03,1,1,000,000,1,0,5,4,1,19,5,1,2,00,2,4,2,201600029306B01,7,2,1
201600029307,2016-09-16,2016,septembre,vendredi,14:30,56,56121,47.75067,-3.37596,2,1,3,1,1,4,2,02,1,1,000,000,1,0,4,4,2,63,5,1,2,00,2,8,1,201600029307B01,7,1,1
201600029311,2016-09-11,2016,septembre,dimanche,15:59,56,56121,47.74677,-3.35805,2,1,7,1,1,9,-1,00,-1,-1,000,000,-1,0,1,4,1,66,0,1,9,16,0,0,0,201600029311A01,,,
201600029312,2016-09-13,2016,septembre,mardi,16:28,56,56121,47.74861,-3.37423,2,1,7,1,1,9,-1,00,-1,-1,000,000,-1,0,1,4,1,25,0,1,9,16,0,0,0,201600029312A01,,,
201600029313,2016-09-23,2016,septembre,vendredi,17:00,56,56162,47.73658,-3.43249,2,1,7,1,1,9,2,00,-1,-1,000,000,-1,0,1,4,2,50,0,1,9,16,0,0,0,201600029313A01,,,
201600029322,2016-10-06,2016,octobre,jeudi,15:39,56,56121,47.7578,-3.3903,2,1,6,1,1,4,-1,01,1,1,000,000,1,0,4,1,1,14,5,1,2,00,1,1,2,201600029322A01,,,
201600029327,2016-10-11,2016,octobre,mardi,14:42,56,56121,47.75183,-3.36509,2,1,2,1,1,3,1,01,1,1,000,000,1,0,1,4,1,27,5,1,2,00,2,1,2,201600029327A01,7,2,1
201600029337,2016-10-18,2016,octobre,mardi,15:40,56,56121,47.73813,-3.3818,2,1,3,1,1,4,3,02,2,1,000,000,1,0,5,4,1,11,2,1,2,00,2,1,1,201600029337B01,7,16,1
201600029356,2016-11-08,2016,novembre,mardi,16:52,56,56121,47.74726,-3.37642,2,6,3,1,2,4,2,02,2,1,000,000,2,0,1,3,1,72,5,1,2,00,2,5,1,201600029356B01,7,1,1
201600029371,2016-11-30,2016,novembre,mercredi,16:10,56,56121,47.7603,-3.38961,2,1,7,1,1,4,1,02,1,2,000,000,1,0,1,4,2,55,0,1,2,00,0,0,21,201600029371A01,,,
201600029372,2016-12-01,2016,décembre,jeudi,11:10,56,56121,47.74756,-3.36519,2,1,6,1,1,4,2,02,2,1,000,000,1,0,1,1,1,18,5,1,2,00,1,1,7,201600029372A01,,,
201600029378,2016-12-07,2016,décembre,mercredi,82:0,56,56121,47.74727,-3.37643,2,6,3,2,5,4,2,02,1,1,000,000,2,0,1,4,2,12,2,1,2,00,2,8,0,201600029378B01,7,1,1
201600029392,2016-08-13,2016,août,samedi,11:15,34,34060,43.7695,3.59588,2,1,1,1,1,3,-1,00,-1,-1,000,060,-1,0,0,2,1,58,5,1,2,00,0,3,0,201600029392B02,10,0,1
201600029398,2016-01-19,2016,janvier,mardi,85:5,56,56260,47.65876,-2.75832,2,1,6,5,1,4,1,01,1,1,000,035,1,0,1,3,1,53,1,1,2,00,9,0,1,201600029398A01,,,
201600029406,2016-04-11,2016,avril,lundi,18:30,56,56260,47.66134,-2.75711,2,2,3,1,1,4,2,02,1,-1,000,000,1,5,1,4,1,49,1,1,4,00,2,1,21,201600029406B01,7,23,1
201600029412,2016-05-14,2016,mai,samedi,17:40,56,56260,47.64429,-2.77132,2,1,3,1,1,4,2,02,1,1,000,000,1,0,1,1,2,12,0,1,2,00,2,2,17,201600029412A01,2,1,1
201600029417,2016-05-25,2016,mai,mercredi,12:18,56,56260,47.66145,-2.75713,2,2,1,1,1,4,2,02,2,1,000,000,1,5,5,3,1,48,1,1,2,00,2,1,1,201600029417B01,10,15,1
201600029425,2016-07-16,2016,juillet,samedi,12:04,56,56260,47.65533,-2.75552,2,1,6,1,1,4,2,02,3,2,000,111,1,0,1,1,1,80,5,1,2,00,1,1,1,201600029425A01,,,
201600029428,2016-08-05,2016,août,vendredi,10:00,56,56260,47.65492,-2.756,2,4,3,1,1,4,2,02,2,1,000,000,1,0,1,4,2,38,3,1,9,00,2,0,15,201600029428B01,7,2,1
201600029440,2016-09-28,2016,septembre,mercredi,74:0,56,56260,47.66367,-2.76663,2,1,3,5,2,4,2,02,1,1,000,000,2,0,1,3,1,15,2,1,2,00,2,0,1,201600029440B01,7,0,1
201600029441,2016-10-07,2016,octobre,vendredi,75:0,56,56260,47.64682,-2.77897,2,3,3,2,1,4,2,03,1,1,000,000,1,0,1,3,1,20,2,1,2,00,2,8,15,201600029441A01,37,21,1
201600029452,2016-11-24,2016,novembre,jeudi,75:2,56,56260,47.66153,-2.72571,2,6,3,5,1,4,1,02,1,2,000,084,1,0,1,4,1,27,1,1,4,00,2,7,0,201600029452B01,7,9,1
201600029457,2016-12-14,2016,décembre,mercredi,14:05,56,56260,47.65347,-2.74111,2,6,3,1,1,4,1,02,1,3,000,000,1,0,1,4,1,49,3,1,2,00,2,4,1,201600029457B01,7,2,1
201600029467,2016-08-17,2016,août,mercredi,18:45,33,33392,44.59389,-0.283,2,1,3,1,1,4,2,02,1,1,000,050,1,0,1,4,1,13,5,1,4,00,2,7,10,201600029467B02,7,1,1
201600029486,2016-07-31,2016,juillet,dimanche,13:57,57,57606,49.10638,6.705,2,1,2,1,1,4,2,02,2,1,000,090,1,0,5,3,1,62,5,1,2,01,2,6,1,201600029486C01,7,1,1
201600029495,2016-09-13,2016,septembre,mardi,17:18,57,57597,49.25665,6.07277,2,6,3,1,1,3,3,02,1,3,046,119,1,0,1,3,1,53,5,1,9,00,2,7,1,201600029495B01,7,9,1
201600029536,2016-06-06,2016,juin,lundi,17:05,57,57412,49.11175,6.15989,2,1,3,1,1,3,4,03,1,1,016,086,1,0,1,4,1,49,1,1,2,00,2,1,1,201600029536B01,10,15,1
201600029538,2016-06-06,2016,juin,lundi,10:50,57,57487,49.08172,6.10892,2,6,3,1,1,3,2,02,1,3,000,000,1,0,1,3,1,63,5,1,2,00,2,4,2,201600029538B01,17,9,1
201600029548,2016-06-30,2016,juin,jeudi,20:40,57,57463,49.10936,6.17024,2,2,3,1,1,4,1,02,1,1,000,078,1,0,1,4,1,46,0,1,2,00,2,4,1,201600029548B01,7,0,1
201600029551,2016-07-29,2016,juillet,vendredi,13:25,57,57751,49.15016,6.16482,2,1,3,1,1,4,1,01,1,1,000,050,1,0,1,4,2,4,5,1,2,00,2,1,9,201600029551B01,7,1,1
201600029560,2016-09-03,2016,septembre,samedi,12:35,57,57463,49.10329,6.18757,2,3,6,1,1,4,2,00,1,1,000,000,1,0,1,3,1,32,0,1,2,00,2,1,9,201600029560A01,,,
201600029561,2016-09-08,2016,septembre,jeudi,14:04,57,57480,49.09356,6.1512,1,1,6,1,1,4,2,02,1,1,000,070,1,0,4,4,2,52,1,1,2,00,2,1,1,201600029561A01,7,23,1
201600029565,2016-09-21,2016,septembre,mercredi,16:40,57,57447,49.05654,6.13657,1,1,6,1,1,3,2,02,1,1,000,070,1,0,1,3,1,62,5,1,2,00,0,0,0,201600029565B01,,,
201600029570,2016-09-29,2016,septembre,jeudi,19:55,57,57463,49.09907,6.16145,2,1,3,5,1,3,2,02,1,1,000,098,1,0,1,4,1,28,5,1,2,00,2,1,1,201600029570B01,7,19,1
201600029571,2016-10-04,2016,octobre,mardi,84:5,57,57447,49.06013,6.16327,2,6,3,1,1,4,2,00,1,3,000,000,1,5,1,4,1,12,2,1,2,00,2,7,19,201600029571B01,7,16,1
201600029586,2016-11-25,2016,novembre,vendredi,16:36,57,57463,49.12104,6.16851,2,1,3,2,1,4,4,04,1,1,000,063,1,0,1,4,1,16,1,1,2,00,0,0,0,201600029586B01,7,14,1
201600029606,2016-05-08,2016,mai,dimanche,11:00,57,57630,48.72625,7.05366,2,3,6,1,7,4,2,02,1,1,000,050,1,5,1,4,1,30,5,1,2,00,2,1,0,201600029606B01,7,15,1
201600029658,2016-05-26,2016,mai,jeudi,14:10,57,57221,49.32866,6.11645,2,1,2,1,1,3,2,02,1,1,000,078,1,0,1,3,1,67,5,1,2,00,2,1,2,201600029658A01,7,1,1
201600029678,2016-11-09,2016,novembre,mercredi,92:0,57,57672,49.36136,6.16551,2,2,3,1,2,4,3,04,1,1,000,128,2,0,1,4,2,42,5,1,4,00,2,1,19,201600029678B01,7,15,1
201600029688,2016-12-12,2016,décembre,lundi,17:50,57,57757,49.34398,6.17681,2,1,3,5,1,3,1,01,1,2,000,087,1,0,1,3,1,52,5,1,2,00,9,1,0,201600029688B01,7,16,1
201600029693,2016-08-25,2016,août,jeudi,11:45,45,45259,0,0,2,1,3,1,1,3,2,02,1,1,000,072,1,0,1,3,2,65,5,1,2,00,0,8,1,201600029693B02,7,17,1
201600029709,2016-01-08,2016,janvier,vendredi,13:05,58,58194,46.99764,3.1644,2,1,6,1,2,4,2,02,1,1,000,056,2,0,1,4,2,34,4,1,2,01,0,0,1,201600029709B01,7,22,1
201600029712,2016-01-16,2016,janvier,samedi,15:45,58,58194,0,0,2,1,7,1,1,4,2,02,1,1,000,065,2,0,1,4,1,21,5,1,2,00,0,0,0,201600029712A01,,,
201600029715,2016-01-27,2016,janvier,mercredi,13:40,58,58194,46.99041,3.16554,2,1,1,1,1,4,2,02,1,1,000,054,1,0,1,3,1,74,3,1,2,00,2,0,1,201600029715B01,7,1,1
201600029728,2016-04-10,2016,avril,dimanche,12:20,58,58194,0,0,2,1,1,1,1,4,2,02,1,1,000,080,1,0,1,4,1,15,5,1,9,00,0,0,0,201600029728A01,7,0,1
201600029732,2016-04-18,2016,avril,lundi,17:20,58,58194,47.00426,3.15413,2,3,1,1,1,4,2,03,1,1,027,216,1,0,1,3,2,47,1,1,9,00,2,0,1,201600029732B01,38,16,1
201600029733,2016-04-22,2016,avril,vendredi,11:30,58,58194,46.978,3.12497,2,6,2,1,1,4,2,02,1,1,000,060,1,0,0,4,1,20,5,1,2,00,2,4,12,201600029733B01,7,1,1
201600029739,2016-05-29,2016,mai,dimanche,16:20,58,58194,46.98326,3.14904,2,1,7,1,1,4,2,02,1,1,000,050,1,0,1,4,1,27,5,1,2,00,0,0,0,201600029739A01,,,
201600029746,2016-06-14,2016,juin,mardi,18:25,58,58194,0,0,2,1,3,1,2,4,2,02,1,1,000,000,2,0,1,4,1,15,5,1,9,00,2,0,0,201600029746A01,7,0,1
201600029753,2016-07-20,2016,juillet,mercredi,80:0,58,58194,0,0,2,1,7,1,1,4,-1,02,1,1,000,000,1,0,0,4,1,57,1,1,9,00,0,0,0,201600029753A01,,,
201600029757,2016-07-27,2016,juillet,mercredi,90:0,58,58194,46.98881,3.12672,2,3,1,1,1,4,2,02,-1,-1,000,000,-1,0,1,3,1,56,5,1,2,00,2,0,0,201600029757A01,7,0,1
201600029766,2016-09-01,2016,septembre,jeudi,17:18,58,58194,46.98703,3.14747,2,1,2,1,1,4,2,02,1,1,000,060,1,0,1,4,1,45,5,1,2,00,2,4,2,201600029766A01,7,1,1
201600029776,2016-10-07,2016,octobre,vendredi,80:0,58,58194,46.98755,3.15175,2,3,6,1,1,4,1,00,-1,-1,020,060,-1,0,1,1,1,74,0,1,2,00,1,0,0,201600029776A01,,,
201600029843,2016-05-03,2016,mai,mardi,17:10,59,59017,0,0,1,1,1,1,1,9,2,00,4,1,000,000,-1,2,1,4,1,58,0,1,9,00,0,0,0,201600029843B01,7,11,1
201600029844,2016-05-05,2016,mai,jeudi,92:0,59,59043,0,0,2,1,6,1,1,4,2,02,2,1,000,085,1,0,1,4,2,63,5,1,4,00,2,8,1,201600029844B01,7,10,1
201600029848,2016-07-19,2016,juillet,mardi,15:00,59,59017,0,0,2,1,6,1,1,4,2,02,1,1,000,080,1,0,1,3,2,40,5,1,4,01,0,2,1,201600029848B01,7,22,1
201600029850,2016-08-05,2016,août,vendredi,10:50,59,59017,0,0,2,3,3,1,1,4,2,02,1,1,000,091,1,0,1,3,1,68,3,1,9,00,2,1,1,201600029850B01,7,15,1
201600029867,2016-12-08,2016,décembre,jeudi,14:45,59,59017,0,0,2,3,3,1,1,3,2,02,1,1,000,067,1,0,1,3,1,82,5,1,4,00,2,8,15,201600029867B01,7,17,1
201600029874,2016-03-03,2016,mars,jeudi,53:0,59,59122,0,0,2,1,1,5,3,4,-1,04,1,1,000,000,2,0,1,3,1,24,1,1,4,00,2,4,2,201600029874B01,14,2,1
201600029889,2016-11-27,2016,novembre,dimanche,19:45,59,59616,0,0,2,9,2,5,1,4,2,02,1,-1,000,040,1,0,5,4,1,19,0,1,9,00,2,2,9,201600029889B01,7,1,1
201600029891,2016-12-05,2016,décembre,lundi,10:00,59,59205,0,0,2,3,2,1,1,4,,,,,,,,,,4,1,32,0,1,2,00,0,4,1,201600029891B01,3,1,1
201600029900,2016-02-27,2016,février,samedi,43:5,59,59361,50.19016,0.21423,2,1,6,5,1,4,2,02,1,1,000,060,1,0,1,4,1,23,5,1,2,00,2,1,1,201600029900A01,1,0,1
201600029909,2016-07-27,2016,juillet,mercredi,17:45,59,59172,0,0,2,1,2,1,1,4,2,02,1,1,000,070,1,0,0,3,1,17,5,1,2,00,0,0,0,201600029909B01,7,23,1
201600029934,2016-03-27,2016,mars,dimanche,40:0,59,59486,50.42678,3.15149,1,1,2,3,2,3,2,02,1,1,000,063,2,0,1,2,1,18,5,1,9,00,2,4,13,201600029934B01,7,17,1
201600029937,2016-05-05,2016,mai,jeudi,13:30,59,59002,50.23228,3.07216,2,4,6,1,1,3,2,02,1,1,000,070,1,0,0,4,2,10,5,1,4,00,2,5,0,201600029937B01,7,14,1
201600029938,2016-04-15,2016,avril,vendredi,85:0,59,59486,50.41327,3.13547,2,1,6,1,1,3,2,02,1,1,000,072,1,0,1,1,1,29,1,1,2,00,1,0,0,201600029938A01,,,
201600029942,2016-05-16,2016,mai,lundi,10:50,59,59008,50.32397,3.25266,2,2,2,1,1,3,2,02,1,1,000,068,1,0,1,4,1,66,5,1,2,00,2,8,15,201600029942B01,7,17,1
201600029948,2016-05-30,2016,mai,lundi,16:30,59,59178,50.23415,3.05122,2,1,6,1,3,3,-1,00,1,1,000,070,3,0,0,3,1,38,1,1,9,00,2,0,0,201600029948B01,7,0,1
201600029953,2016-08-15,2016,août,lundi,14:35,59,59509,50.41772,3.09883,2,3,3,1,1,3,2,02,1,1,000,080,1,0,1,3,1,87,5,1,4,00,2,1,15,201600029953A01,33,1,1
201600029960,2016-09-23,2016,septembre,vendredi,18:20,59,59028,0,0,2,1,3,1,1,4,2,02,1,1,000,060,1,0,0,3,2,11,5,1,9,00,2,8,9,201600029960B01,7,1,1
201600029982,2016-02-06,2016,février,samedi,18:50,59,59183,51.0178,2.33294,2,6,3,3,1,4,2,02,-1,-1,000,000,-1,0,1,3,1,57,0,1,2,00,0,0,0,201600029982B01,7,0,1
201600029987,2016-02-13,2016,février,samedi,14:3,59,59183,0,0,2,1,3,3,1,4,-1,00,-1,-1,000,000,-1,0,0,4,1,37,0,1,2,00,2,3,1,201600029987A01,7,0,1
201600029993,2016-04-17,2016,avril,dimanche,17:45,59,59155,51.01133,2.21065,2,2,1,1,1,4,2,00,-1,-1,000,000,-1,0,1,3,1,79,0,1,9,00,2,3,16,201600029993A01,7,0,1
201600029996,2016-04-22,2016,avril,vendredi,10:15,59,59271,0,0,2,1,1,1,1,4,-1,00,-1,-1,000,000,-1,0,1,4,2,9,0,1,9,00,2,0,0,201600029996B01,7,0,1
201600030017,2016-07-30,2016,juillet,samedi,54:0,59,59273,50.98519,2.12827,2,1,3,1,1,4,2,02,1,1,000,000,1,0,1,4,2,27,0,1,2,00,0,0,0,201600030017B01,1,0,1
201600030033,2016-10-14,2016,octobre,vendredi,13:15,59,59540,0,0,2,1,1,1,1,3,3,04,-1,-1,000,000,-1,0,1,3,1,82,0,1,2,00,0,0,0,201600030033B01,1,0,1
201600030033,2016-10-14,2016,octobre,vendredi,13:15,59,59540,0,0,2,1,1,1,1,3,3,04,-1,-1,000,000,-1,0,1,1,1,65,0,1,2,00,0,0,0,201600030033A01,1,0,1
201600030034,2016-10-07,2016,octobre,vendredi,20:35,59,59273,0,0,2,1,3,5,1,4,2,02,1,1,000,064,1,0,1,1,1,17,9,1,2,00,2,8,1,201600030034B01,30,17,1
201600030039,2016-11-25,2016,novembre,vendredi,15:30,59,59183,0,0,2,1,1,1,1,3,-1,01,-1,-1,000,000,-1,0,1,3,1,69,0,1,2,00,2,0,0,201600030039B01,7,0,1
201600030061,2016-01-07,2016,janvier,jeudi,13:00,59,59350,50.62056,0.62056,2,2,3,1,2,2,1,01,1,1,000,025,2,0,1,3,1,25,2,1,9,00,2,7,2,201600030061B01,7,16,1
201600030063,2016-01-09,2016,janvier,samedi,44:0,59,59350,50.62631,3.0403,2,1,2,5,1,3,2,03,1,1,000,107,1,5,0,3,1,20,0,1,9,00,2,0,0,201600030063A01,7,0,1
201600030067,2016-01-11,2016,janvier,lundi,75:0,59,59378,50.6731,3.0921,1,3,3,5,2,4,2,02,1,1,000,000,2,0,1,3,2,21,1,1,9,00,2,8,15,201600030067B01,7,17,1
201600030073,2016-01-12,2016,janvier,mardi,19:45,59,59350,50.63984,3.07919,1,1,2,5,1,4,2,02,1,2,000,000,1,0,0,4,2,31,9,1,9,00,2,0,0,201600030073A01,7,0,1
201600030076,2016-11-23,2016,novembre,mercredi,12:30,59,59350,50.62801,3.05126,2,1,2,1,1,3,2,01,1,1,000,000,1,0,1,4,2,58,0,1,9,00,2,1,0,201600030076B01,13,4,1
201600030095,2016-02-08,2016,février,lundi,10:35,59,59350,0,0,2,2,1,1,7,4,2,02,1,1,000,000,2,5,0,3,2,28,9,1,9,00,2,1,1,201600030095B01,37,15,1
201600030110,2016-03-07,2016,mars,lundi,11:30,59,59350,50.62822,3.058,2,1,3,1,8,4,2,02,1,1,000,000,2,0,1,3,1,63,0,1,2,00,2,8,0,201600030110B01,7,2,1
201600030124,2016-04-18,2016,avril,lundi,85:0,59,59350,50.63216,3.05097,2,2,3,1,1,4,1,01,-1,-1,000,000,-1,0,0,4,2,37,1,1,2,09,2,4,1,201600030124B01,7,14,1
201600030131,2016-03-08,2016,mars,mardi,71:0,59,59350,0,0,2,1,1,1,1,4,2,02,1,1,000,000,1,0,1,4,1,20,1,1,9,00,2,0,0,201600030131B01,10,2,1
201600030137,2016-04-09,2016,avril,samedi,10:20,59,59350,50.62952,3.09005,2,3,6,1,1,4,-1,00,1,1,000,000,1,0,0,3,1,87,0,1,2,00,2,1,15,201600030137A01,,,
201600030141,2016-05-26,2016,mai,jeudi,19:00,59,59009,0,0,2,1,3,1,1,4,2,02,1,1,000,000,1,0,1,3,1,10,5,1,2,00,2,0,19,201600030141A01,7,1,1
201600030147,2016-06-08,2016,juin,mercredi,18:10,59,59350,50.38394,2.59189,2,3,1,1,1,4,2,02,1,1,000,000,1,0,1,4,1,23,5,1,9,00,2,1,1,201600030147B01,7,15,1
201600030152,2016-06-15,2016,juin,mercredi,17:20,59,59350,0,0,2,2,3,1,1,9,2,00,1,1,000,000,1,5,1,3,1,22,5,1,2,00,2,1,2,201600030152B01,7,2,1
201600030157,2016-06-16,2016,juin,jeudi,72:0,59,59350,0,0,2,2,3,1,1,4,1,01,-1,-1,000,000,-1,0,1,4,1,63,0,1,9,00,2,1,2,201600030157B01,10,16,1
201600030164,2016-06-12,2016,juin,dimanche,11:15,59,59527,0,0,2,3,3,1,1,2,2,02,1,1,000,000,1,0,1,4,1,52,5,1,2,00,2,2,2,201600030164B01,1,16,1
201600030164,2016-06-12,2016,juin,dimanche,11:15,59,59527,0,0,2,3,3,1,1,2,2,02,1,1,000,000,1,0,1,3,1,54,5,1,2,00,2,3,16,201600030164A01,1,2,1
201600030176,2016-08-06,2016,août,samedi,18:10,59,59350,0,0,2,1,3,1,1,4,2,00,1,1,000,000,1,0,1,3,1,25,0,1,9,00,2,4,1,201600030176B01,7,0,1
201600030183,2016-08-06,2016,août,samedi,23:57,59,59350,50.63194,3.05327,2,2,3,5,1,3,1,01,-1,-1,000,000,-1,0,1,3,1,25,0,1,2,00,0,0,1,201600030183B01,7,1,1
201600030184,2016-09-05,2016,septembre,lundi,15:30,59,59350,50.64113,3.0183,2,3,3,1,1,3,2,02,1,1,000,000,1,0,1,4,1,50,5,1,2,00,2,8,2,201600030184B01,15,2,1
201600030189,2016-09-28,2016,septembre,mercredi,11:00,59,59636,0,0,2,3,3,1,1,3,1,01,1,1,000,100,1,3,1,3,1,74,9,1,2,00,2,0,0,201600030189B01,17,0,1
201600030192,2016-09-15,2016,septembre,jeudi,14:00,59,59350,50.62304,3.04649,2,2,3,1,1,4,1,01,1,1,000,000,1,0,1,3,1,33,5,1,2,00,2,8,0,201600030192B01,7,0,1
201600030203,2016-09-13,2016,septembre,mardi,17:30,59,59527,0,0,2,6,3,1,1,4,2,02,-1,-1,000,000,-1,0,1,3,2,61,0,1,2,00,0,0,0,201600030203B01,7,0,1
201600030204,2016-10-20,2016,octobre,jeudi,16:30,59,59350,0,0,2,1,3,1,9,2,3,04,1,1,000,000,2,0,1,3,1,17,0,1,2,00,0,1,19,201600030204B01,10,1,1
201600030207,2016-10-26,2016,octobre,mercredi,5:,59,59350,50.62662,3.06969,2,1,5,5,1,4,1,02,1,1,000,000,1,0,1,4,2,26,0,1,2,00,2,8,19,201600030207B01,7,1,1
201600030207,2016-10-26,2016,octobre,mercredi,5:,59,59350,50.62662,3.06969,2,1,5,5,1,4,1,02,1,1,000,000,1,0,1,4,1,23,0,1,2,00,2,8,19,201600030207C01,7,1,1
201600030214,2016-11-24,2016,novembre,jeudi,17:45,59,59350,50.63097,3.05219,2,2,3,5,1,4,1,01,1,1,000,000,1,0,1,3,1,23,1,1,4,00,2,0,0,201600030214B01,7,0,1
201600030226,2016-07-22,2016,juillet,vendredi,11:40,59,59543,0,0,1,1,2,1,1,3,2,02,1,1,000,070,1,0,1,3,1,41,5,1,4,00,2,4,1,201600030226B01,7,14,1
201600030231,2016-01-07,2016,janvier,jeudi,92:5,59,59646,0,0,2,6,3,1,3,3,1,01,2,3,000,000,2,0,5,3,1,22,1,1,9,00,2,1,19,201600030231A01,7,1,1
201600030243,2016-01-17,2016,janvier,dimanche,18:45,59,59650,0,0,2,1,6,5,1,4,1,00,1,1,000,040,1,0,1,3,1,18,0,1,9,01,0,1,1,201600030243B01,7,0,1
201600030245,2016-01-20,2016,janvier,mercredi,75:0,59,59367,0,0,2,2,1,2,1,4,2,00,1,1,000,000,1,5,1,3,1,28,1,1,2,00,2,1,0,201600030245A01,7,15,1
201600030290,2016-03-20,2016,mars,dimanche,11:10,59,59512,0,0,2,1,2,1,1,4,1,01,1,-1,000,000,1,0,1,3,1,37,5,1,2,00,2,4,1,201600030290Y01,7,17,1
201600030293,2016-03-23,2016,mars,mercredi,18:15,59,59646,0,0,2,3,6,1,1,4,1,01,1,1,000,050,1,0,1,3,2,67,5,1,2,00,2,1,1,201600030293B01,7,4,1
201600030320,2016-04-26,2016,avril,mardi,19:05,59,59512,0,0,2,6,3,1,1,4,-1,01,1,-1,000,000,1,5,0,3,1,26,0,1,9,00,2,1,0,201600030320B01,7,9,1
201600030333,2016-05-19,2016,mai,jeudi,94:0,59,59512,0,0,2,1,3,1,1,4,3,04,2,1,000,000,1,2,4,3,2,25,4,1,9,00,2,1,5,201600030333A01,7,9,1
201600030341,2016-05-24,2016,mai,mardi,11:15,59,59512,0,0,2,6,6,1,1,4,2,02,-1,-1,000,000,-1,0,0,3,2,51,5,1,9,00,2,1,9,201600030341B01,7,16,1