Num_Acc,date,an,mois,jour,hrmn,dep,com,lat,long,agg,int,col,lum,atm,catr,circ,nbv,prof,plan,lartpc,larrout,surf,infra,situ,grav,sexe,age,trajet,secuexist,equipement,obs,obsm,choc,manv,vehiculeid,typevehicules,manoeuvehicules,numVehicules
201600030352,2016-06-15,2016,juin,mercredi,12:10,59,59512,0,0,2,2,1,1,1,4,,,,,,,,,,2,1,21,4,1,9,00,0,0,16,201600030352A01,15,0,1
201600030357,2016-06-22,2016,juin,mercredi,11:45,59,59650,0,0,2,6,2,1,1,4,3,02,1,4,000,000,-1,5,1,4,2,28,1,1,2,00,0,0,0,201600030357B01,1,0,1
201600030366,2016-07-10,2016,juillet,dimanche,18:05,59,59512,0,0,2,2,3,1,1,4,1,02,1,1,000,000,1,0,1,4,1,23,0,1,9,00,2,7,19,201600030366B01,7,0,1
201600030374,2016-07-09,2016,juillet,samedi,19:15,59,59512,0,0,1,3,3,1,1,4,-1,02,-1,-1,000,050,-1,0,1,3,1,37,0,1,2,00,2,1,19,201600030374A01,7,0,1
201600030385,2016-07-28,2016,juillet,jeudi,12:45,59,59512,0,0,2,2,6,1,1,4,2,02,1,1,000,068,1,0,1,3,1,48,0,1,2,00,2,1,1,201600030385B01,7,1,1
201600030406,2016-09-08,2016,septembre,jeudi,15:20,59,59650,0,0,2,9,3,1,1,4,2,00,1,1,000,000,1,0,1,4,1,13,2,1,9,00,0,0,0,201600030406B01,7,0,1
201600030414,2016-09-22,2016,septembre,jeudi,21:45,59,59512,0,0,2,1,3,5,1,4,-1,00,1,1,000,000,1,0,0,4,1,19,5,1,2,00,2,1,1,201600030414B01,7,1,1
201600030426,2016-10-06,2016,octobre,jeudi,22:45,59,59299,0,0,1,1,3,5,1,3,-1,00,-1,-1,000,000,-1,0,0,3,2,31,0,1,9,00,0,0,0,201600030426B01,7,0,1
201600030442,2016-11-08,2016,novembre,mardi,21:30,59,59646,0,0,2,3,1,5,1,4,2,02,1,2,000,060,1,0,0,3,1,42,5,1,2,00,2,1,1,201600030442Y01,7,15,1
201600030481,2016-02-09,2016,février,mardi,83:0,59,59599,0,0,2,6,3,1,3,4,1,01,1,2,000,000,2,5,1,3,1,24,1,1,2,00,0,7,6,201600030481B01,7,2,1
201600030492,2016-05-03,2016,mai,mardi,10:45,59,59090,0,0,2,1,3,1,1,3,-1,00,1,-1,000,000,1,0,0,3,1,45,5,1,2,00,2,8,0,201600030492B01,10,0,1
201600030493,2016-05-08,2016,mai,dimanche,15:45,59,59599,50.71869,3.13983,2,1,3,1,1,3,1,01,1,1,000,000,1,0,1,3,1,12,5,1,9,00,2,0,0,201600030493B01,7,1,1
201600030501,2016-06-15,2016,juin,mercredi,16:15,59,59599,0,0,2,1,6,1,1,3,1,01,1,1,000,000,1,0,1,4,1,12,0,1,8,00,1,0,0,201600030501Z01,,,
201600030537,2016-12-16,2016,décembre,vendredi,82:0,59,59421,0,0,2,1,1,2,8,4,1,00,1,2,000,000,1,0,1,3,1,34,0,1,9,00,2,2,0,201600030537B01,7,0,1
201600030539,2016-12-19,2016,décembre,lundi,17:20,59,59279,50.76823,3.10323,2,3,1,5,1,2,2,00,1,1,000,000,1,0,1,3,1,52,0,1,2,00,2,1,1,201600030539B01,7,15,1
201600030562,2016-02-24,2016,février,mercredi,17:00,59,59564,50.34833,3.48636,2,1,3,2,1,4,2,02,1,1,000,000,1,0,1,3,1,65,5,1,2,00,2,2,19,201600030562B01,7,1,1
201600030584,2016-04-21,2016,avril,jeudi,17:45,59,59459,0,0,2,1,2,1,1,3,2,02,1,1,000,000,1,0,4,4,2,18,0,1,2,00,2,4,1,201600030584B01,7,14,1
201600030585,2016-04-16,2016,avril,samedi,20:20,59,59606,0,0,2,1,2,1,1,3,2,02,2,1,000,000,1,0,5,4,1,13,5,1,2,00,2,4,1,201600030585B01,7,1,1
201600030589,2016-06-06,2016,juin,lundi,82:0,59,59112,50.39613,3.53288,2,1,2,1,1,6,1,01,-1,-1,000,000,-1,0,0,4,1,11,2,1,2,00,2,7,1,201600030589B01,7,4,1
201600030590,2016-06-06,2016,juin,lundi,83:0,59,59484,50.40052,3.65863,2,1,3,1,1,3,2,02,1,1,000,000,-1,0,1,4,2,12,2,1,2,00,2,8,0,201600030590B01,7,1,1
201600030635,2016-12-01,2016,décembre,jeudi,23:15,68,68315,0,0,2,1,6,5,1,4,2,02,1,1,000,000,1,0,5,3,1,22,5,1,2,01,0,1,2,201600030635A01,,,
201600030651,2016-07-11,2016,juillet,lundi,15:30,43,43040,0,0,2,7,1,1,1,6,-1,00,1,1,000,000,1,0,1,3,1,17,5,1,8,00,2,1,16,201600030651A01,7,1,1
201600030655,2016-01-21,2016,janvier,jeudi,10:45,41,41194,47.34715,1.74798,2,6,3,1,1,3,4,00,1,2,000,000,1,5,1,3,2,58,5,1,2,00,2,7,1,201600030655B02,7,9,1
201600030691,2016-08-17,2016,août,mercredi,10:00,22,22357,48.56502,-2.18935,1,6,2,1,7,3,1,01,1,2,000,000,1,5,1,3,1,50,5,1,2,00,2,4,1,201600030691B02,7,9,1
201600030697,2016-04-08,2016,avril,vendredi,14:45,22,22188,48.52216,-2.87277,1,6,3,1,1,3,4,01,1,2,000,079,1,5,1,3,1,64,5,1,2,00,2,1,1,201600030697B02,7,9,1
201600030702,2016-08-22,2016,août,lundi,11:30,22,22121,48.63345,-2.97496,2,1,3,1,1,3,2,02,1,1,000,060,1,0,1,3,1,46,5,1,2,00,2,1,1,201600030702B02,7,10,1
201600030707,2016-01-03,2016,janvier,dimanche,18:05,60,60665,49.4181,2.80362,2,1,3,3,3,3,2,02,1,1,000,035,2,0,1,4,1,24,5,1,4,00,2,1,1,201600030707B01,7,15,1
201600030716,2016-04-18,2016,avril,lundi,17:30,60,60159,49.41091,2.83827,2,2,5,1,1,4,2,02,2,1,000,089,1,0,1,4,1,18,2,1,2,00,2,1,1,201600030716C01,7,0,1
201600030716,2016-04-18,2016,avril,lundi,17:30,60,60159,49.41091,2.83827,2,2,5,1,1,4,2,02,2,1,000,089,1,0,1,4,1,18,2,1,2,00,2,1,1,201600030716B01,7,0,1
201600030719,2016-05-24,2016,mai,mardi,19:40,60,60159,49.40266,2.81852,2,3,3,1,1,4,2,02,1,1,000,061,1,0,1,4,1,13,5,1,4,00,2,1,1,201600030719B01,7,0,1
201600030721,2016-07-24,2016,juillet,dimanche,17:45,60,60159,49.408,2.82238,2,3,3,1,1,4,2,02,2,1,000,000,1,0,1,4,1,21,5,1,2,00,2,1,1,201600030721A01,7,1,1
201600030728,2016-09-07,2016,septembre,mercredi,20:15,60,60159,49.40705,2.80322,2,1,3,1,1,4,2,02,1,1,000,060,1,0,1,3,1,75,5,1,9,00,2,8,19,201600030728B01,7,1,1
201600030751,2016-05-27,2016,mai,vendredi,19:30,60,60684,49.29129,2.49685,2,1,3,2,1,4,2,02,1,1,000,000,1,0,1,4,1,10,0,1,2,00,2,8,0,201600030751B01,7,0,1
201600030752,2016-06-06,2016,juin,lundi,19:55,60,60463,49.27007,2.46075,2,1,3,1,1,4,2,02,1,2,000,050,1,0,1,3,1,11,5,1,2,00,2,7,19,201600030752B01,7,21,1
201600030765,2016-10-19,2016,octobre,mercredi,15:55,60,60463,49.27676,2.47346,2,2,3,1,1,4,2,02,1,1,000,000,1,0,1,3,1,17,9,1,2,00,2,1,19,201600030765B01,7,19,1
201600030778,2016-11-02,2016,novembre,mercredi,10:15,71,71087,46.56011,4.71413,1,1,1,1,8,4,2,00,1,2,000,045,1,0,1,2,1,69,5,1,2,06,2,1,1,201600030778B02,21,1,1
201600030807,2016-06-25,2016,juin,samedi,11:05,61,61143,48.45423,0.08462,2,6,3,1,1,3,2,02,1,1,000,000,1,5,1,3,1,65,5,1,2,00,2,1,1,201600030807Y01,7,9,1
201600030812,2016-07-28,2016,juillet,jeudi,16:20,61,61001,48.41652,0.08939,2,1,3,1,1,3,2,02,1,1,000,000,1,0,5,3,1,41,0,1,2,00,2,8,1,201600030812B01,7,18,1
201600030816,2016-08-15,2016,août,lundi,11:04,61,61397,48.4216,0.0798,2,6,3,1,1,3,2,02,1,1,,,1,5,1,4,2,29,5,1,2,00,2,8,2,201600030816B01,7,16,1
201600030816,2016-08-15,2016,août,lundi,11:04,61,61397,48.4216,0.0798,2,6,3,1,1,3,2,02,1,1,,,1,5,1,3,2,4,5,1,2,00,2,8,2,201600030816B01,7,16,1
201600030817,2016-09-11,2016,septembre,dimanche,93:0,61,61001,48.43898,0.08332,2,6,3,1,1,3,2,02,1,1,,,1,5,1,4,2,60,5,1,2,00,2,2,1,201600030817B01,7,9,1
201600030826,2016-05-31,2016,mai,mardi,74:0,61,61006,48.7413,-0.02148,2,6,3,1,2,3,2,02,1,1,080,088,2,5,1,4,1,52,1,1,2,00,2,5,1,201600030826B01,7,1,1
201600030827,2016-06-22,2016,juin,mercredi,18:10,61,61006,48.74061,-0.02724,2,1,6,1,1,4,2,02,1,1,000,000,1,0,4,3,2,16,9,1,2,12,0,1,1,201600030827A01,,,
201600030828,2016-07-07,2016,juillet,jeudi,11:20,61,61006,48.73953,-0.00456,2,3,3,1,7,3,2,02,4,3,000,064,1,0,1,3,2,85,5,1,9,00,2,8,15,201600030828A01,7,1,1
201600030830,2016-10-05,2016,octobre,mercredi,16:15,61,61006,48.74471,-0.02367,2,2,3,1,1,4,2,02,1,1,000,052,1,0,1,3,2,77,9,1,9,00,2,8,19,201600030830B01,7,15,1
201600030832,2016-09-27,2016,septembre,mardi,10:10,61,61006,48.74144,-0.02162,2,6,3,1,1,3,2,02,1,1,040,068,1,5,1,4,2,70,5,1,2,00,2,2,1,201600030832B01,7,9,1
201600030858,2016-08-25,2016,août,jeudi,80:0,17,17194,46.13549,-1.00962,1,6,3,1,1,3,2,02,-1,2,000,069,1,0,1,3,1,34,5,1,2,00,2,7,1,201600030858B02,7,1,1
201600030867,2016-01-16,2016,janvier,samedi,18:25,62,62744,50.31064,2.76629,2,3,3,5,1,3,2,03,-1,-1,000,000,-1,0,1,3,1,27,1,1,2,00,2,8,1,201600030867B01,7,15,1
201600030877,2016-04-12,2016,avril,mardi,10:05,62,62041,50.29703,2.73442,2,1,7,1,1,4,2,02,1,1,000,000,1,0,1,3,1,26,9,1,9,00,0,0,2,201600030877B01,7,24,1
201600030893,2016-06-09,2016,juin,jeudi,14:00,62,62041,50.28936,2.78649,2,1,3,1,1,9,2,02,1,1,000,000,1,0,1,3,1,39,5,1,2,00,0,0,0,201600030893B01,7,15,1
201600030902,2016-10-06,2016,octobre,jeudi,17:00,62,62041,50.27809,2.78488,2,1,6,1,1,4,2,02,1,1,000,000,1,0,1,4,1,14,5,1,2,00,2,2,1,201600030902B01,7,17,1
201600030912,2016-04-08,2016,avril,vendredi,20:15,62,62048,50.51861,2.45755,2,1,3,1,1,4,2,02,3,1,000,060,1,0,1,4,1,17,0,1,9,00,2,8,0,201600030912A01,7,0,1
201600030930,2016-08-25,2016,août,jeudi,90:0,62,62724,50.38757,2.91712,2,6,3,1,1,3,1,01,-1,-1,000,000,-1,0,1,4,1,49,5,1,2,00,2,7,1,201600030930B01,7,9,1
201600030932,2016-11-17,2016,novembre,jeudi,84:0,62,62570,50.40691,2.88142,2,3,3,1,8,3,2,02,1,1,000,000,2,0,1,4,2,35,1,1,2,00,2,5,1,201600030932B01,7,9,1
201600030946,2016-04-10,2016,avril,dimanche,17:00,62,62132,50.5212,2.87069,2,1,1,1,1,3,2,02,1,1,000,054,1,0,1,3,1,11,5,1,2,00,2,1,19,201600030946A01,7,1,1
201600030950,2016-05-05,2016,mai,jeudi,15:00,62,62126,50.55115,2.67665,1,1,4,1,1,3,2,02,1,1,000,100,1,0,1,3,1,60,5,1,4,00,2,4,1,201600030950C01,7,1/0,2
201600030958,2016-09-22,2016,septembre,jeudi,18:00,62,62119,50.5271,2.63274,2,6,3,1,1,4,-1,01,-1,-1,000,060,-1,0,1,4,1,16,0,1,2,00,0,0,0,201600030958B01,30,0,1
201600030974,2016-02-10,2016,février,mercredi,15:00,62,62894,50.76761,1.64199,1,1,7,1,1,3,2,02,2,1,000,150,1,5,1,3,1,69,5,1,2,00,0,0,0,201600030974A01,,,
201600030975,2016-02-25,2016,février,jeudi,19:10,62,62160,50.72032,1.5992,2,1,3,3,1,4,2,01,1,1,000,000,1,6,1,3,1,20,5,1,9,00,2,8,19,201600030975B01,7,1,1
201600030989,2016-11-12,2016,novembre,samedi,17:50,62,62160,50.73096,1.61947,2,1,6,5,2,9,2,02,1,-1,000,000,2,0,1,3,1,16,2,1,8,00,1,0,0,201600030989A01,,,
201600031007,2016-08-29,2016,août,lundi,16:45,62,62457,50.4503,2.52499,2,2,3,1,1,4,2,02,2,1,000,065,1,0,0,3,1,71,5,1,9,00,2,3,1,201600031007A01,7,1,1
201600031019,2016-02-03,2016,février,mercredi,93:0,62,62193,50.95222,1.83195,2,6,3,1,1,3,1,02,-1,-1,000,000,-1,0,0,3,1,50,1,1,9,00,0,0,0,201600031019B01,7,0,1
201600031027,2016-03-05,2016,mars,samedi,10:,62,62244,50.92669,1.90346,2,9,6,5,1,3,2,02,1,1,000,000,1,0,1,3,1,45,0,1,4,00,0,4,2,201600031027B01,10,1,1
201600031060,2016-01-05,2016,janvier,mardi,17:20,62,62587,50.43697,2.92872,2,3,3,2,1,4,2,02,1,1,000,000,1,0,1,3,1,20,9,1,4,00,2,8,0,201600031060B01,7,15,1
201600031073,2016-12-10,2016,décembre,samedi,12:30,62,62427,50.4146,2.96834,2,1,3,1,1,4,2,02,1,1,000,000,1,0,1,3,1,30,0,1,2,00,2,1,19,201600031073A01,7,1,1
201600031074,2016-01-08,2016,janvier,vendredi,12:25,62,62351,50.42282,2.90656,2,1,3,1,1,4,2,02,1,1,000,000,1,0,1,4,1,12,0,1,9,09,2,1,1,201600031074B01,7,1,1
201600031105,2016-02-24,2016,février,mercredi,11:15,62,62427,50.41794,2.97072,2,1,3,1,1,4,2,03,1,1,000,000,1,0,1,3,1,63,3,1,4,00,0,0,0,201600031105B01,7,1,1
201600031115,2016-02-22,2016,février,lundi,17:00,62,62637,50.47033,2.99616,2,3,3,1,2,4,2,02,1,3,000,045,2,0,1,3,1,15,0,1,2,00,2,7,1,201600031115A01,7,1,1
201600031120,2016-05-21,2016,mai,samedi,19:30,62,62250,50.45369,2.94038,2,3,3,1,1,3,2,02,1,1,000,066,1,0,1,4,2,16,0,1,2,00,2,8,15,201600031120B01,7,1,1
201600031149,2016-07-04,2016,juillet,lundi,16:00,62,62637,50.47186,2.99352,2,1,3,1,1,4,2,02,1,1,000,060,1,0,1,4,1,14,5,1,9,00,2,7,15,201600031149A01,2,17,1
201600031150,2016-07-22,2016,juillet,vendredi,16:00,62,62573,50.49555,2.90166,2,9,3,1,1,4,2,00,-1,-1,000,000,-1,0,1,3,1,20,5,1,2,00,2,3,15,201600031150A01,7,1,1
201600031151,2016-07-31,2016,juillet,dimanche,16:00,62,62510,50.42216,2.7813,2,1,6,1,1,3,2,02,1,1,000,027,1,0,1,4,1,45,5,1,2,01,0,1,3,201600031151B01,7,22,1
201600031163,2016-08-21,2016,août,dimanche,23:00,62,62427,50.41964,2.93419,2,1,1,5,1,4,2,00,1,1,000,000,1,0,1,1,1,25,0,1,2,00,2,1,13,201600031163A01,30,1,1
201600031165,2016-08-29,2016,août,lundi,20:00,62,62032,50.41334,2.74949,2,1,1,1,1,3,2,02,1,1,000,073,1,0,1,3,1,58,5,1,2,00,2,4,2,201600031165B01,7,2,1
201600031169,2016-08-26,2016,août,vendredi,14:50,62,62186,50.45685,2.72123,2,1,6,1,1,3,2,02,1,1,000,060,1,0,1,4,1,9,5,1,9,00,2,1,19,201600031169B01,7,1,1
201600031174,2016-09-13,2016,septembre,mardi,12:05,62,62510,50.42407,2.78125,2,1,3,1,1,3,1,02,1,1,000,060,1,5,1,4,1,11,2,1,9,00,2,8,0,201600031174B01,7,1,1
201600031188,2016-10-12,2016,octobre,mercredi,11:05,62,62351,50.41987,2.8941,2,1,3,1,2,4,2,02,1,1,000,124,2,0,5,3,1,24,5,1,2,01,2,1,1,201600031188B01,7,20,1
201600031199,2016-11-27,2016,novembre,dimanche,15:15,62,62842,50.46137,2.85646,2,2,3,1,1,4,2,02,1,1,000,068,1,5,1,2,1,12,5,1,9,00,2,4,1,201600031199B01,7,21,1
201600031204,2016-09-27,2016,septembre,mardi,83:0,62,62215,50.47998,2.95118,2,1,1,1,1,3,2,02,1,1,000,032,1,0,5,3,1,17,0,1,2,00,2,1,1,201600031204B01,2,13,1
201600031216,2016-09-08,2016,septembre,jeudi,14:10,62,62224,50.54103,2.56193,2,3,3,1,1,3,2,02,1,1,000,091,1,5,1,3,1,77,5,1,2,00,2,1,19,201600031216B01,7,2,1
201600031244,2016-07-17,2016,juillet,dimanche,16:40,62,62826,50.51829,1.58275,2,2,3,1,1,4,1,01,1,1,000,000,1,0,1,4,1,20,0,1,9,00,2,1,19,201600031244A01,7,1,1
201600031245,2016-07-19,2016,juillet,mardi,21:28,62,62826,50.51947,1.61014,2,1,1,2,1,4,2,01,1,2,000,058,1,0,1,3,2,17,5,1,2,00,2,1,0,201600031245B01,7,0,1
201600031254,2016-12-29,2016,décembre,jeudi,18:15,63,63113,45.76271,3.09959,2,1,6,5,1,4,2,02,1,1,000,000,1,0,1,4,1,33,1,1,2,00,0,0,0,201600031254B01,7,0,1
201600031266,2016-05-17,2016,mai,mardi,18:25,63,63113,45.7596,3.14216,1,9,3,1,1,3,1,03,1,1,000,000,1,0,1,3,1,60,0,1,2,00,0,0,0,201600031266B01,7,1,1
201600031288,2016-11-21,2016,novembre,lundi,18:50,63,63113,45.7673,3.1046,2,2,3,3,3,4,2,02,1,1,000,000,-1,0,1,3,1,22,0,1,9,00,0,0,0,201600031288B01,7,0,1
201600031294,2016-02-26,2016,février,vendredi,16:45,63,63124,45.73158,3.20458,2,6,6,1,1,4,1,01,1,1,000,060,1,0,1,4,1,66,5,1,2,00,2,1,1,201600031294B01,7,0,1
201600031297,2016-06-14,2016,juin,mardi,15:25,63,63124,45.73165,3.20457,2,2,2,1,1,4,1,01,1,3,000,000,1,0,1,3,1,81,0,1,2,00,0,0,0,201600031297B01,7,1,1
201600031316,2016-06-29,2016,juin,mercredi,12:30,63,63245,45.89112,3.08136,2,6,3,1,1,3,2,02,1,1,012,075,1,5,1,3,1,30,1,1,9,00,2,2,1,201600031316B01,10,9,1
201600031352,2016-05-07,2016,mai,samedi,10:10,64,64024,43.4845,-1.51815,2,6,7,1,8,4,2,02,2,1,000,070,2,0,1,3,2,60,0,1,2,00,0,0,1,201600031352A01,,,
201600031371,2016-07-04,2016,juillet,lundi,17:26,64,64102,43.50359,-1.47768,2,1,3,1,1,3,2,03,1,1,000,160,1,0,1,3,1,27,1,1,2,00,2,8,0,201600031371A01,14,0,1
201600031399,2016-08-26,2016,août,vendredi,14:30,64,64102,43.50022,-1.47975,2,1,5,1,1,4,1,02,1,1,000,080,1,0,1,3,1,28,0,1,9,00,2,1,0,201600031399B01,33,1,1
201600031399,2016-08-26,2016,août,vendredi,14:30,64,64102,43.50022,-1.47975,2,1,5,1,1,4,1,02,1,1,000,080,1,0,1,3,1,26,0,1,9,00,2,1,1,201600031399C01,33,1,1
201600031402,2016-09-03,2016,septembre,samedi,17:40,64,64024,43.4888,-1.51931,2,2,6,1,1,4,-1,02,-1,-1,000,000,-1,0,0,4,1,47,0,1,2,00,0,0,0,201600031402A01,,,
201600031425,2016-12-02,2016,décembre,vendredi,18:40,64,64102,43.49718,-1.48286,2,1,3,5,1,4,2,02,2,1,000,030,1,0,5,1,1,34,3,1,2,00,2,1,5,201600031425A01,1,1,1
201600031425,2016-12-02,2016,décembre,vendredi,18:40,64,64102,43.49718,-1.48286,2,1,3,5,1,4,2,02,2,1,000,030,1,0,5,3,1,40,1,1,2,00,2,1,1,201600031425B01,1,5,1
201600031474,2016-08-12,2016,août,vendredi,21:20,64,64122,43.48522,-1.55627,2,1,3,2,1,4,2,02,2,1,000,000,1,0,1,4,1,10,5,1,9,00,9,7,19,201600031474B01,2,1,1
201600031479,2016-08-19,2016,août,vendredi,11:00,64,64122,43.4696,-1.56946,2,1,3,1,1,4,1,01,2,1,000,077,1,0,1,3,2,57,0,1,2,00,2,1,18,201600031479A01,10,16,1
201600031486,2016-10-04,2016,octobre,mardi,10:10,64,64122,43.46902,-1.55812,2,1,3,1,1,4,2,02,1,1,000,070,1,0,1,3,1,68,5,1,2,00,2,8,1,201600031486B01,7,17,1
201600031507,2016-01-08,2016,janvier,vendredi,12:20,64,64445,43.30648,-0.37627,2,1,3,1,1,4,1,02,1,1,000,165,1,0,1,4,1,24,5,1,4,00,2,1,1,201600031507B01,7,22,1
201600031513,2016-01-17,2016,janvier,dimanche,11:45,64,64348,43.33872,-0.37987,2,6,2,1,1,3,1,02,1,2,000,000,1,5,0,4,1,55,5,1,2,00,2,4,16,201600031513B01,7,16,1
201600031520,2016-01-25,2016,janvier,lundi,13:20,64,64132,43.30865,-0.32576,2,1,6,1,1,4,2,03,1,1,000,078,1,0,1,4,1,28,5,1,2,00,2,0,1,201600031520B01,7,1,1
201600031531,2016-02-08,2016,février,lundi,15:30,64,64335,43.3338,-0.42404,2,2,3,1,1,4,2,02,1,1,000,000,1,0,1,4,1,54,0,1,9,00,2,1,1,201600031531B01,7,1,1
201600031541,2016-02-18,2016,février,jeudi,15:,64,64445,43.3045,-0.36807,2,2,6,5,1,4,1,03,-1,-1,000,000,-1,0,1,4,1,23,5,1,2,00,2,1,1,201600031541A01,7,0,1
201600031543,2016-02-18,2016,février,jeudi,18:40,64,64445,43.3111,-0.36327,2,6,2,2,2,4,3,02,1,1,000,000,2,5,1,4,1,35,0,1,9,00,2,4,16,201600031543B01,7,9,1
201600031548,2016-02-27,2016,février,samedi,21:40,64,64445,43.3042,-0.35658,2,6,3,5,2,4,1,02,1,2,000,000,2,0,1,4,1,31,0,1,2,00,2,1,1,201600031548B01,7,9,1
201600031556,2016-03-07,2016,mars,lundi,14:20,64,64445,43.30205,-0.36074,2,3,3,1,8,4,1,01,1,1,000,000,2,0,1,4,2,23,5,1,2,00,2,7,1,201600031556B01,7,15,1
201600031566,2016-03-17,2016,mars,jeudi,75:0,64,64445,43.3034,-0.36429,2,3,1,1,1,4,2,02,1,1,000,075,1,0,1,4,1,50,9,1,2,00,2,1,1,201600031566B01,7,15,1
201600031575,2016-04-05,2016,avril,mardi,21:55,64,64284,43.29414,-0.38696,2,1,2,4,2,4,3,02,1,1,000,000,2,0,1,4,1,18,1,1,2,00,2,4,2,201600031575B01,7,2,1
201600031576,2016-04-06,2016,avril,mercredi,14:35,64,64335,43.32835,-0.43816,2,1,2,1,1,4,2,02,1,1,000,063,1,0,1,4,1,17,0,1,2,00,2,1,1,201600031576A01,10,1,1
201600031580,2016-04-11,2016,avril,lundi,95:0,64,64335,43.32298,-0.42007,2,1,3,1,1,4,2,02,1,1,000,060,1,0,1,3,1,32,9,1,2,00,2,2,1,201600031580B01,7,15,1
201600031589,2016-04-18,2016,avril,lundi,14:05,64,64284,43.29193,-0.40707,2,1,3,1,1,3,2,02,1,1,000,076,1,0,1,4,1,78,5,1,2,00,2,1,10,201600031589B01,7,10,1
201600031594,2016-04-24,2016,avril,dimanche,10:45,64,64445,43.31634,-0.37479,2,6,3,1,1,4,2,01,1,1,000,000,1,0,1,3,1,53,5,1,2,00,2,3,1,201600031594B01,7,9,1
201600031608,2016-05-17,2016,mai,mardi,17:10,64,64445,43.31835,-0.35777,2,1,3,1,1,6,-1,00,1,1,000,094,1,0,1,4,1,13,2,1,2,00,2,1,1,201600031608B01,7,1,1
201600031615,2016-05-23,2016,mai,lundi,13:50,64,64445,43.30668,-0.33377,2,6,3,1,2,4,2,02,1,1,000,050,2,0,1,4,1,80,5,1,2,00,2,8,1,201600031615B01,7,16,1
201600031618,2016-05-27,2016,mai,vendredi,12:35,64,64445,43.3173,-0.37829,2,1,3,1,1,4,2,02,1,1,000,000,1,0,1,4,1,47,5,1,2,00,2,0,0,201600031618B01,7,0,1
201600031621,2016-05-30,2016,mai,lundi,13:23,64,64445,43.30043,-0.36519,2,1,3,1,1,4,2,02,1,1,091,130,2,0,0,4,1,45,5,1,2,00,2,0,0,201600031621B01,7,0,1
201600031622,2016-05-31,2016,mai,mardi,17:20,64,64335,43.31819,-0.42462,2,6,3,1,1,4,1,02,1,2,000,000,1,5,1,4,1,31,1,1,2,00,2,7,0,201600031622B01,7,9,1
201600031624,2016-06-01,2016,juin,mercredi,14:00,64,64445,43.3063,-0.33378,2,1,3,1,1,4,2,02,-1,-1,000,000,-1,0,1,4,1,27,5,1,2,00,2,1,1,201600031624B01,7,9,1
201600031628,2016-06-04,2016,juin,samedi,14:53,64,64445,43.3188,-0.35976,2,6,1,1,1,4,2,02,1,1,000,077,1,0,1,4,1,74,0,1,9,00,2,1,1,201600031628B01,10,16,1
201600031638,2016-06-20,2016,juin,lundi,12:10,64,64445,43.31512,-0.37564,2,1,1,1,1,4,2,02,1,1,000,000,1,0,1,4,1,13,2,1,2,00,2,1,2,201600031638A01,7,23,1
201600031643,2016-06-23,2016,juin,jeudi,16:40,64,64335,43.3187,-0.42495,2,1,3,1,1,4,1,02,1,2,000,105,1,0,1,4,2,56,5,1,2,00,2,0,1,201600031643B01,7,9,1
201600031648,2016-07-01,2016,juillet,vendredi,17:45,64,64348,43.32015,-0.39141,2,1,2,1,1,4,2,02,1,1,000,000,1,0,1,4,1,15,5,1,2,00,2,1,2,201600031648A01,7,23,1
201600031653,2016-07-11,2016,juillet,lundi,75:5,64,64335,43.32445,-0.4148,2,1,7,1,1,4,2,02,4,2,000,049,2,0,1,3,1,54,3,1,2,12,0,0,0,201600031653A01,,,
201600031655,2016-07-05,2016,juillet,mardi,92:0,64,64445,43.29898,-0.36995,2,1,1,1,1,4,1,01,1,1,000,046,1,0,1,4,1,50,4,1,2,00,2,8,5,201600031655B01,1,17,1
201600031655,2016-07-05,2016,juillet,mardi,92:0,64,64445,43.29898,-0.36995,2,1,1,1,1,4,1,01,1,1,000,046,1,0,1,3,1,65,0,1,2,00,2,1,17,201600031655A01,1,5,1
201600031666,2016-07-27,2016,juillet,mercredi,19:00,64,64129,43.31227,-0.38635,2,1,3,1,1,4,2,02,1,2,000,131,1,0,1,4,1,59,5,1,2,00,2,1,1,201600031666B01,7,15,1
201600031679,2016-08-19,2016,août,vendredi,84:5,64,64129,43.30714,-0.39882,2,6,3,1,1,3,2,02,1,2,000,102,1,0,5,4,1,62,5,1,2,00,2,1,1,201600031679B01,7,16,1
201600031695,2016-09-14,2016,septembre,mercredi,10:40,64,64445,43.30771,-0.33851,2,6,2,1,1,4,1,01,1,2,000,065,1,0,1,3,1,74,9,1,2,00,2,4,1,201600031695B01,7,2,1
201600031702,2016-09-21,2016,septembre,mercredi,16:30,64,64348,43.30867,-0.40835,2,1,5,1,1,4,2,03,1,1,000,156,1,0,1,1,1,29,0,1,2,00,2,1,1,201600031702C01,7,15,1
201600031702,2016-09-21,2016,septembre,mercredi,16:30,64,64348,43.30867,-0.40835,2,1,5,1,1,4,2,03,1,1,000,156,1,0,1,4,1,27,0,1,2,00,2,1,0,201600031702B01,7,15,1
201600031713,2016-10-06,2016,octobre,jeudi,16:36,64,64129,43.3028,-0.39569,2,2,3,1,1,4,2,02,1,1,000,113,1,0,1,4,1,45,0,1,2,00,2,1,15,201600031713B01,7,1,1