Num_Acc,date,an,mois,jour,hrmn,dep,com,lat,long,agg,int,col,lum,atm,catr,circ,nbv,prof,plan,lartpc,larrout,surf,infra,situ,grav,sexe,age,trajet,secuexist,equipement,obs,obsm,choc,manv,vehiculeid,typevehicules,manoeuvehicules,numVehicules
201600031718,2016-10-12,2016,octobre,mercredi,13:10,64,64445,43.31681,-0.36826,2,3,1,1,1,4,2,02,1,1,025,091,1,0,1,4,1,34,0,1,2,00,2,1,1,201600031718B01,7,16,1
201600031730,2016-10-27,2016,octobre,jeudi,15:05,64,64445,43.31523,-0.36165,2,1,1,1,1,4,2,02,1,1,000,000,1,0,0,3,1,78,5,1,2,00,2,7,19,201600031730B01,7,1,1
201600031731,2016-10-27,2016,octobre,jeudi,15:35,64,64445,43.31322,-0.37066,2,1,3,1,1,4,2,02,1,1,000,070,1,0,1,4,1,27,9,1,9,00,2,1,9,201600031731B01,7,1,1
201600031737,2016-11-05,2016,novembre,samedi,61:0,64,64132,43.30669,-0.32749,2,2,3,5,3,4,2,02,2,1,000,100,2,0,1,4,1,40,9,1,2,00,2,1,15,201600031737A01,10,15,1
201600031738,2016-11-05,2016,novembre,samedi,12:50,64,64445,43.33141,-0.36156,2,3,3,1,3,4,2,02,1,1,000,091,2,0,1,4,1,18,5,1,2,00,2,1,15,201600031738A01,7,1,1
201600031750,2016-11-15,2016,novembre,mardi,74:0,64,64445,43.2988,-0.35285,2,1,3,5,1,4,2,02,1,1,000,000,1,0,1,4,1,30,9,1,2,00,2,1,1,201600031750B01,7,16,1
201600031761,2016-11-23,2016,novembre,mercredi,11:30,64,64445,43.29671,-0.36352,2,1,3,1,1,4,1,01,1,1,000,000,1,0,1,3,2,16,2,1,2,00,2,1,1,201600031761B01,7,16,1
201600031762,2016-11-24,2016,novembre,jeudi,19:33,64,64445,43.30242,-0.36046,2,2,1,5,1,4,2,02,1,1,000,000,1,0,1,4,1,57,0,1,2,00,2,3,16,201600031762B01,7,15,1
201600031781,2016-12-13,2016,décembre,mardi,91:3,64,64445,43.31144,-0.36451,2,1,3,1,1,4,3,02,1,1,000,000,1,0,1,3,1,69,5,1,2,00,2,1,19,201600031781B01,7,0,1
201600031795,2016-12-27,2016,décembre,mardi,16:49,64,64445,43.31019,-0.34681,2,1,3,2,1,4,2,02,1,1,000,072,1,0,1,4,1,75,0,1,2,00,2,8,2,201600031795B01,7,2,1
201600031798,2016-01-20,2016,janvier,mercredi,10:30,64,64260,43.37422,-1.76042,1,1,1,1,1,3,2,02,2,1,000,000,1,0,1,4,1,57,0,1,2,00,2,1,1,201600031798B01,7,15,1
201600031812,2016-04-03,2016,avril,dimanche,12:05,64,64483,43.38636,-1.66213,2,1,3,1,1,4,3,04,1,1,000,000,1,0,1,4,2,49,9,1,9,00,2,8,19,201600031812A01,7,1,1
201600031831,2016-05-28,2016,mai,samedi,22:25,64,64260,43.3653,-1.7684,2,1,3,5,1,4,-1,01,-1,-1,000,000,1,0,0,4,1,18,5,1,9,00,2,1,1,201600031831A01,7,0,1
201600031842,2016-06-11,2016,juin,samedi,22:20,64,64189,43.38809,-1.67659,1,1,1,5,1,3,2,02,1,1,000,000,1,0,1,3,1,28,0,1,4,00,2,1,1,201600031842B01,7,15,1
201600031849,2016-07-06,2016,juillet,mercredi,12:10,64,64260,43.36876,-1.77114,2,3,1,1,1,3,2,00,1,1,000,000,-1,0,1,4,1,67,9,1,2,00,2,2,1,201600031849B01,7,19,1
201600031854,2016-07-17,2016,juillet,dimanche,12:09,64,64260,43.35402,-1.77987,2,1,3,1,1,3,2,02,1,1,000,000,1,0,1,4,1,73,9,1,4,00,2,1,1,201600031854B01,7,9,1
201600031860,2016-07-31,2016,juillet,dimanche,18:35,64,64260,43.35864,-1.7761,2,1,3,1,1,3,2,02,1,1,000,000,1,0,1,4,2,16,9,1,4,00,0,0,0,201600031860B01,7,9,1
201600031876,2016-09-03,2016,septembre,samedi,13:50,64,64483,43.38606,-1.66102,2,1,2,1,1,3,1,02,1,2,000,000,1,0,1,4,1,61,5,1,2,00,2,4,1,201600031876B01,7,2,1
201600031880,2016-09-28,2016,septembre,mercredi,18:50,64,64545,43.35542,-1.69075,1,1,1,2,1,3,2,01,2,2,000,000,1,0,1,3,1,49,5,1,2,00,2,1,16,201600031880B01,7,15,1
201600031884,2016-10-10,2016,octobre,lundi,17:10,64,64483,43.3768,-1.6377,2,1,6,1,1,3,2,00,1,1,000,000,1,0,5,4,1,68,5,1,2,00,1,1,1,201600031884A01,,,
201600031887,2016-10-13,2016,octobre,jeudi,17:30,64,64189,43.3752,-1.6601,2,1,6,1,8,4,2,01,-1,-1,000,000,2,0,1,4,1,17,0,1,2,00,0,0,0,201600031887A01,,,
201600031900,2016-12-06,2016,décembre,mardi,11:34,64,64483,43.38469,-1.6613,2,1,1,1,1,4,1,01,1,1,000,000,1,0,1,3,1,79,0,1,9,00,2,1,1,201600031900A01,7,1,1
201600031923,2016-08-19,2016,août,vendredi,80:0,65,65286,43.11603,-0.03285,1,3,6,1,1,2,2,02,4,1,000,110,1,0,1,4,1,55,5,1,2,00,2,1,1,201600031923B01,7,15,1
201600031935,2016-02-10,2016,février,mercredi,13:50,65,65047,43.2464,0.08956,2,6,3,1,2,3,2,02,1,-1,000,000,1,0,1,3,2,35,3,1,2,00,2,7,1,201600031935B01,7,16,1
201600031937,2016-02-20,2016,février,samedi,19:00,65,65440,43.24495,0.07842,2,3,6,1,1,3,2,02,1,1,000,093,1,0,1,3,2,89,3,1,2,00,2,4,1,201600031937B01,7,16,1
201600031945,2016-04-19,2016,avril,mardi,74:0,65,65417,43.2292,0.09156,2,1,3,1,1,2,3,04,1,1,000,000,1,2,1,3,1,29,1,1,2,00,2,8,2,201600031945B01,7,0,1
201600031961,2016-08-23,2016,août,mardi,18:00,65,65440,43.22845,0.07573,2,6,3,1,1,4,1,01,1,2,000,000,1,0,1,2,1,86,9,1,9,00,2,6,1,201600031961B01,7,9,1
201600031972,2016-10-31,2016,octobre,lundi,14:40,65,65440,43.22697,0.07892,2,1,6,1,1,4,2,02,1,1,000,000,1,0,1,1,1,45,5,1,2,00,1,1,1,201600031972A01,,,
201600031973,2016-10-31,2016,octobre,lundi,14:25,65,65440,43.22312,0.0916,2,1,6,1,1,3,1,00,1,2,000,000,1,0,1,3,1,79,5,1,2,00,2,1,9,201600031973A01,7,1,1
201600031994,2016-01-14,2016,janvier,jeudi,84:4,66,66136,42.68901,2.88817,2,2,3,1,1,4,2,02,1,1,000,080,1,0,1,4,1,18,5,1,4,00,2,1,1,201600031994A01,7,15,1
201600032016,2016-03-11,2016,mars,vendredi,12:43,66,66136,42.69415,2.85079,2,1,3,1,1,3,2,02,1,2,000,100,1,3,1,4,1,53,5,1,4,00,2,3,9,201600032016A01,7,12,1
201600032042,2016-05-18,2016,mai,mercredi,15:30,66,66136,42.67407,2.88751,1,1,3,1,1,3,3,04,-1,2,000,100,1,5,1,4,1,12,5,1,2,00,2,3,19,201600032042B01,7,0,1
201600032043,2016-05-23,2016,mai,lundi,84:0,66,66136,42.69159,2.88267,2,1,1,1,1,4,2,02,1,1,000,100,1,0,1,4,1,27,1,1,4,00,0,0,0,201600032043B01,7,0,1
201600032053,2016-06-14,2016,juin,mardi,84:0,66,66136,42.68637,2.87283,2,2,6,1,1,4,2,00,1,1,000,080,1,0,1,4,2,58,9,1,9,00,2,7,1,201600032053B01,7,16,1
201600032075,2016-08-23,2016,août,mardi,73:5,66,66136,42.71031,2.89948,1,1,7,1,1,4,-1,01,1,1,000,070,1,0,1,4,1,61,1,1,2,00,0,1,1,201600032075A01,,,
201600032080,2016-09-06,2016,septembre,mardi,84:5,66,66136,42.68629,2.9067,2,1,6,1,1,4,1,01,1,2,000,080,1,0,1,4,1,50,5,1,9,00,2,3,1,201600032080B01,7,16,1
201600032081,2016-09-08,2016,septembre,jeudi,10:18,66,66136,42.70149,2.89077,2,1,6,1,1,4,2,02,1,1,000,100,1,0,1,1,1,23,5,1,9,00,1,1,1,201600032081A01,,,
201600032097,2016-10-05,2016,octobre,mercredi,12:29,66,66136,42.69122,2.90776,2,1,3,1,1,4,-1,03,1,1,000,100,1,0,5,4,1,41,5,1,4,00,2,3,1,201600032097A01,7,15,1
201600032106,2016-10-19,2016,octobre,mercredi,18:45,66,66136,42.70027,2.88968,2,1,6,1,1,4,2,03,1,1,000,000,1,0,4,1,1,18,5,1,4,00,1,1,0,201600032106A01,,,
201600032108,2016-10-26,2016,octobre,mercredi,19:00,66,66136,42.70535,2.90179,2,1,3,2,1,4,2,02,1,2,000,100,1,2,1,4,2,17,5,1,4,00,2,7,1,201600032108A01,7,0,1
201600032129,2016-11-24,2016,novembre,jeudi,16:45,66,66136,42.70727,2.90944,1,1,6,1,1,4,3,01,1,1,000,060,1,0,1,3,1,62,5,1,9,00,2,0,9,201600032129A01,7,1,1
201600032220,2016-04-06,2016,avril,mercredi,85:0,67,67180,0,0,2,1,3,1,1,4,-1,00,1,2,000,000,1,5,0,3,1,74,0,1,2,00,2,8,2,201600032220B01,7,18,1
201600032234,2016-11-03,2016,novembre,jeudi,13:19,67,67180,0,0,2,1,3,1,1,3,2,03,1,1,000,000,2,0,1,4,1,82,5,1,4,00,2,0,0,201600032234B01,7,0,1
201600032270,2016-09-21,2016,septembre,mercredi,13:45,38,38425,45.40046,4.76035,2,3,1,1,1,4,2,02,1,1,000,060,1,0,1,3,1,80,5,1,2,00,2,0,16,201600032270B02,7,5,1
201600032275,2016-11-26,2016,novembre,samedi,13:45,38,38019,0,0,1,1,1,3,1,3,2,00,3,1,000,063,1,2,3,3,1,18,0,1,1,00,0,6,2,201600032275B02,7,2,1
201600032287,2016-04-08,2016,avril,vendredi,15:50,67,67462,48.26688,7.44758,2,1,2,1,1,4,2,02,2,1,000,041,1,0,1,4,2,37,5,1,9,00,2,6,1,201600032287B01,2,1,1
201600032290,2016-06-23,2016,juin,jeudi,92:0,67,67462,0,0,2,3,3,1,1,2,2,02,1,1,000,064,1,0,5,4,2,34,5,1,9,00,2,0,5,201600032290A01,7,16,1
201600032292,2016-07-20,2016,juillet,mercredi,10:30,67,67462,0,0,2,1,3,1,1,4,2,02,-1,-1,000,000,1,0,1,3,1,32,9,1,4,00,2,7,19,201600032292B01,10,1,1
201600032296,2016-10-26,2016,octobre,mercredi,14:35,67,67462,0,0,2,1,3,1,1,2,3,02,1,1,035,076,1,0,5,4,1,25,3,1,9,00,2,8,15,201600032296A01,10,1,1
201600032297,2016-10-27,2016,octobre,jeudi,20:22,67,67462,0,0,2,1,3,5,1,4,2,03,1,2,000,000,1,0,1,3,1,25,3,1,9,00,2,2,1,201600032297A01,7,2,1
201600032298,2016-11-21,2016,novembre,lundi,94:5,67,67462,0,0,2,1,2,1,1,4,2,01,1,1,000,070,6,0,1,2,1,5,5,1,9,00,2,7,0,201600032298B01,13,4,1
201600032300,2016-01-02,2016,janvier,samedi,11:15,67,67482,48.5779,7.70399,2,3,6,1,2,4,2,02,1,1,000,080,2,0,1,2,2,83,0,1,9,00,2,0,1,201600032300A01,7,0,1
201600032322,2016-01-22,2016,janvier,vendredi,23:00,67,67482,0,0,2,1,1,5,1,4,2,02,1,1,000,100,1,0,5,4,1,27,5,1,2,00,2,1,13,201600032322A01,1,1,1
201600032331,2016-02-02,2016,février,mardi,13:35,67,67204,48.63852,7.7815,2,1,6,1,1,4,2,02,1,3,000,050,1,2,5,4,1,57,5,1,2,00,1,1,1,201600032331A01,,,
201600032332,2016-02-03,2016,février,mercredi,82:0,67,67482,48.58999,7.76835,2,1,6,1,1,4,-1,02,1,1,000,085,1,0,0,1,2,22,2,1,9,00,1,1,1,201600032332A01,,,
201600032344,2016-02-10,2016,février,mercredi,13:55,67,67482,48.58235,7.7572,2,4,3,1,1,4,2,02,1,1,000,236,1,0,1,4,2,19,5,1,9,00,2,1,19,201600032344B01,7,1,1
201600032347,2016-02-12,2016,février,vendredi,53:1,67,67482,48.58587,7.77566,2,1,6,5,1,4,3,00,1,1,078,120,1,0,1,2,1,22,0,1,2,01,0,0,0,201600032347A01,,,
201600032348,2016-02-12,2016,février,vendredi,64:5,67,67482,48.58454,7.71463,2,1,1,5,1,4,3,02,1,1,000,090,2,0,5,4,1,51,0,1,4,00,2,1,1,201600032348A01,1,1,1
201600032348,2016-02-12,2016,février,vendredi,64:5,67,67482,48.58454,7.71463,2,1,1,5,1,4,3,02,1,1,000,090,2,0,5,4,1,30,0,1,9,00,2,1,1,201600032348B01,1,1,1
201600032349,2016-02-12,2016,février,vendredi,18:05,67,67482,48.5752,7.75369,2,1,3,5,2,4,2,04,1,1,000,150,1,0,1,4,1,24,1,1,9,00,2,1,19,201600032349A01,7,1,1
201600032350,2016-02-13,2016,février,samedi,64:0,67,67482,48.5753,7.75464,2,2,3,5,1,4,4,05,1,1,000,000,2,0,0,4,1,21,5,1,9,00,2,1,1,201600032350A01,7,1,1
201600032352,2016-02-17,2016,février,mercredi,71:5,67,67482,48.58057,7.72766,2,3,3,1,1,4,2,02,1,1,000,059,1,0,1,4,1,55,5,1,4,00,2,1,1,201600032352B01,7,16,1
201600032355,2016-02-22,2016,février,lundi,16:15,67,67482,48.60413,7.71252,2,3,3,1,1,4,2,02,1,1,000,080,-1,0,0,4,2,22,1,1,9,00,2,0,15,201600032355B01,7,1,1
201600032357,2016-02-23,2016,février,mardi,13:20,67,67482,48.582,7.75426,2,2,3,1,2,4,1,01,1,1,000,035,2,0,1,4,2,21,5,1,2,00,2,6,1,201600032357B01,7,1,1
201600032358,2016-02-24,2016,février,mercredi,10:20,67,67482,48.54907,7.74987,2,1,2,1,1,4,2,02,1,1,041,000,1,0,1,4,1,45,1,1,4,00,2,4,15,201600032358B01,32,1,1
201600032361,2016-02-27,2016,février,samedi,71:5,67,67482,48.56231,7.74581,2,3,3,2,1,4,2,02,1,1,000,080,1,0,1,3,1,50,1,1,9,00,2,1,1,201600032361B01,10,15,1
201600032365,2016-03-03,2016,mars,jeudi,16:35,67,67482,48.57416,7.77125,2,1,3,1,1,4,2,03,1,-1,000,080,2,0,1,4,2,20,0,1,2,00,2,1,19,201600032365B01,7,1,1
201600032378,2016-03-11,2016,mars,vendredi,17:35,67,67482,48.589,7.74218,2,1,3,1,1,4,1,04,1,1,050,071,-1,0,1,4,1,22,0,1,2,00,2,8,1,201600032378B01,7,1,1
201600032382,2016-03-14,2016,mars,lundi,16:20,67,67218,48.52026,7.73077,2,3,3,1,1,4,2,02,1,1,000,065,1,0,1,4,2,30,1,1,9,00,2,0,1,201600032382B01,7,16,1
201600032385,2016-03-16,2016,mars,mercredi,17:06,67,67482,48.56834,7.75742,2,1,6,1,1,4,2,02,1,1,000,070,1,0,5,1,1,20,1,1,9,00,1,1,1,201600032385A01,,,
201600032393,2016-03-29,2016,mars,mardi,14:00,67,67482,48.58102,7.69713,2,1,3,1,1,4,2,01,1,1,000,099,1,0,1,4,1,63,5,1,9,01,0,1,1,201600032393B01,10,22,1
201600032395,2016-03-30,2016,mars,mercredi,73:0,67,67447,48.56204,7.69984,2,1,3,1,1,4,2,03,1,1,000,102,2,0,1,3,2,15,2,1,9,00,2,1,19,201600032395B01,7,0,1
201600032396,2016-03-30,2016,mars,mercredi,82:5,67,67482,48.60102,7.7148,2,2,3,1,2,4,2,02,1,1,000,096,2,0,1,4,1,34,1,1,2,00,2,1,0,201600032396B01,7,15,1
201600032399,2016-03-31,2016,mars,jeudi,70:0,67,67482,0,0,2,1,2,1,8,4,3,06,1,1,040,138,1,0,1,4,1,47,1,1,4,00,2,1,1,201600032399B01,7,16,1
201600032410,2016-04-09,2016,avril,samedi,19:20,67,67482,48.5712,8.5712,2,1,1,1,1,4,3,03,1,1,000,069,1,0,5,4,1,53,5,1,9,00,2,1,1,201600032410A01,1,1,1
201600032414,2016-04-11,2016,avril,lundi,14:35,67,67267,48.56173,7.6816,2,3,3,1,1,4,3,02,1,1,006,068,1,0,1,4,1,53,5,1,9,00,2,1,1,201600032414A01,7,1,1
201600032416,2016-04-13,2016,avril,mercredi,20:00,67,67482,48.54617,7.75129,2,1,3,1,1,4,2,02,1,-1,000,050,1,0,1,4,1,51,0,1,4,00,2,1,1,201600032416A01,7,1,1
201600032417,2016-04-14,2016,avril,jeudi,83:0,67,67447,48.60117,7.74427,2,1,3,1,1,4,2,02,1,1,000,000,-1,0,1,4,1,24,1,1,2,00,2,6,1,201600032417B01,7,16,1
201600032419,2016-04-15,2016,avril,vendredi,19:00,67,67447,48.61279,7.73906,2,1,1,1,1,4,-1,02,1,1,000,070,1,0,0,4,1,51,0,1,4,00,2,1,1,201600032419B01,7,1,1
201600032427,2016-04-21,2016,avril,jeudi,17:00,67,67482,48.57772,7.75107,2,1,3,1,1,4,2,02,1,1,000,075,1,0,1,4,2,32,0,1,4,00,2,1,1,201600032427A01,7,22,1
201600032430,2016-04-22,2016,avril,vendredi,17:20,67,67482,48.5672,7.76254,2,3,3,1,1,4,2,02,1,1,000,070,1,0,0,3,1,13,5,1,9,00,2,1,15,201600032430B01,7,1,1
201600032431,2016-04-23,2016,avril,samedi,23:20,67,67482,0,0,2,1,1,3,1,4,2,02,1,1,000,090,1,0,5,4,2,26,5,1,9,00,2,1,1,201600032431B01,1,1,1
201600032431,2016-04-23,2016,avril,samedi,23:20,67,67482,0,0,2,1,1,3,1,4,2,02,1,1,000,090,1,0,5,4,1,32,5,1,9,00,2,1,1,201600032431A01,1,1,1
201600032433,2016-04-24,2016,avril,dimanche,13:15,67,67482,0,0,2,1,3,1,1,4,2,02,1,1,000,073,1,0,1,3,2,49,9,1,9,00,2,8,1,201600032433B01,7,1,1
201600032434,2016-04-24,2016,avril,dimanche,20:25,67,67482,48.57152,7.77038,1,1,3,1,1,4,3,05,1,-1,128,155,1,0,1,4,2,23,0,1,4,00,2,1,19,201600032434B01,7,15,1
201600032441,2016-05-03,2016,mai,mardi,83:0,67,67482,48.59371,7.75817,1,2,1,1,1,4,1,01,1,1,000,035,-1,0,1,4,1,36,1,1,4,00,2,1,19,201600032441A01,7,16,1
201600032442,2016-05-04,2016,mai,mercredi,17:31,67,67482,48.5868,7.73914,2,1,1,1,1,4,2,02,1,1,000,085,1,0,1,4,2,28,0,1,4,00,2,1,1,201600032442A01,1,19,1
201600032442,2016-05-04,2016,mai,mercredi,17:31,67,67482,48.5868,7.73914,2,1,1,1,1,4,2,02,1,1,000,085,1,0,1,1,2,31,0,1,4,00,2,8,19,201600032442B01,1,1,1
201600032443,2016-05-06,2016,mai,vendredi,17:00,67,67482,48.58752,7.71777,2,3,3,1,1,4,2,02,1,1,000,090,1,0,0,4,1,37,5,1,9,00,2,8,1,201600032443A01,7,15,1
201600032448,2016-05-11,2016,mai,mercredi,14:35,67,67482,48.58706,7.76658,2,1,6,1,1,4,3,04,1,1,020,120,1,0,1,4,1,21,1,1,2,00,1,1,1,201600032448A01,,,
201600032454,2016-05-16,2016,mai,lundi,18:00,67,67482,48.6007,7.70946,2,1,6,1,2,4,2,02,1,1,000,060,2,0,1,3,1,58,9,1,4,00,1,0,0,201600032454A01,,,
201600032455,2016-05-16,2016,mai,lundi,17:01,67,67482,48.57768,7.70391,2,2,3,1,1,4,2,02,1,1,000,122,2,0,1,4,2,26,5,1,9,00,2,8,1,201600032455B01,7,1,1
201600032458,2016-05-19,2016,mai,jeudi,10:10,67,67482,48.58072,7.74935,2,3,3,1,1,4,-1,01,1,1,000,050,1,6,1,4,1,35,5,1,9,00,2,2,1,201600032458B01,1,1,1
201600032458,2016-05-19,2016,mai,jeudi,10:10,67,67482,48.58072,7.74935,2,3,3,1,1,4,-1,01,1,1,000,050,1,6,1,1,1,37,5,1,9,00,2,1,1,201600032458A01,1,1,1
201600032461,2016-05-21,2016,mai,samedi,13:24,67,67482,48.57045,7.77574,2,2,3,1,1,4,3,03,1,1,000,086,1,0,1,4,1,32,5,1,9,00,2,1,1,201600032461B01,7,16,1
201600032463,2016-05-23,2016,mai,lundi,10:50,67,67482,0,0,2,2,1,1,3,4,2,02,1,1,000,090,2,0,1,3,1,46,1,1,9,00,2,1,1,201600032463B01,10,15,1
201600032465,2016-05-24,2016,mai,mardi,12:10,67,67482,48.5846,7.75144,2,2,6,1,1,4,2,02,1,1,000,050,1,0,1,4,1,44,9,1,4,00,2,0,1,201600032465A01,1,1,1
201600032465,2016-05-24,2016,mai,mardi,12:10,67,67482,48.5846,7.75144,2,2,6,1,1,4,2,02,1,1,000,050,1,0,1,1,1,43,0,1,4,00,2,1,1,201600032465B01,1,1,1
201600032467,2016-05-25,2016,mai,mercredi,81:0,67,67043,48.61621,7.73348,2,3,1,1,1,4,2,02,1,1,000,072,1,0,1,4,1,61,0,1,4,00,2,4,0,201600032467B01,7,16,1
201600032468,2016-05-25,2016,mai,mercredi,12:15,67,67482,48.59931,7.72456,2,1,3,1,1,4,-1,04,1,1,032,037,1,0,1,4,1,19,5,1,9,00,2,7,19,201600032468B01,7,1,1
201600032470,2016-05-27,2016,mai,vendredi,12:15,67,67267,48.56389,7.68989,2,1,1,1,1,4,-1,00,-1,-1,000,000,-1,0,0,4,2,54,0,1,9,00,2,0,0,201600032470B01,7,0,1
201600032478,2016-05-31,2016,mai,mardi,92:0,67,67218,48.52419,7.72142,2,1,3,1,1,4,-1,01,1,1,000,059,1,0,1,4,2,74,0,1,2,00,2,2,1,201600032478B01,7,22,1
201600032483,2016-06-03,2016,juin,vendredi,22:25,67,67482,48.57325,7.7555,2,3,3,5,2,4,2,04,1,1,000,081,2,0,1,4,2,23,1,1,9,00,2,7,1,201600032483B01,7,16,1
201600032486,2016-06-07,2016,juin,mardi,70:5,67,67482,48.57549,7.79074,2,2,3,1,1,4,2,04,1,3,000,130,1,0,1,4,2,55,1,1,9,00,2,5,15,201600032486B01,7,16,1
201600032489,2016-06-08,2016,juin,mercredi,19:35,67,67482,48.57474,7.75619,2,1,6,1,1,4,-1,01,1,1,000,000,1,0,5,1,2,39,5,1,9,00,1,1,1,201600032489A01,,,
201600032490,2016-06-10,2016,juin,vendredi,13:40,67,67482,48.58518,7.75094,2,1,3,1,1,4,1,01,1,1,000,035,1,0,1,4,2,24,5,1,9,00,2,1,19,201600032490A01,7,1,1
201600032493,2016-06-10,2016,juin,vendredi,19:30,67,67482,48.59185,7.75308,2,2,3,1,1,4,2,02,1,1,000,050,1,0,1,4,2,27,5,1,9,00,2,1,1,201600032493A01,7,1,1
201600032494,2016-06-11,2016,juin,samedi,14:10,67,67482,48.57126,7.77216,2,3,3,1,1,4,2,02,3,1,000,055,1,0,1,4,1,51,5,1,9,00,2,1,1,201600032494A01,7,1,1
201600032496,2016-06-15,2016,juin,mercredi,12:10,67,67482,48.56128,7.7517,2,1,3,1,2,4,2,02,1,1,000,094,1,0,1,4,2,33,9,1,9,00,2,7,1,201600032496B01,7,1,1
201600032505,2016-06-20,2016,juin,lundi,16:35,67,67482,48.58749,7.70019,2,3,3,1,1,4,2,02,1,1,000,063,1,0,1,4,2,20,0,1,2,00,2,8,1,201600032505B01,7,1,1
201600032511,2016-06-26,2016,juin,dimanche,19:05,67,67043,48.61276,7.73542,2,1,3,1,1,4,2,02,1,1,000,052,1,0,1,4,1,8,5,1,9,00,2,1,9,201600032511B01,7,1,1
201600032513,2016-06-29,2016,juin,mercredi,84:5,67,67043,48.61079,7.76649,2,3,1,1,1,4,3,02,1,1,040,040,1,0,1,4,1,70,5,1,9,00,0,0,0,201600032513A01,7,16,1
201600032520,2016-07-01,2016,juillet,vendredi,20:55,67,67482,48.56806,7.75753,2,3,3,1,1,4,2,02,1,1,000,066,1,0,1,4,2,27,0,1,4,00,2,7,0,201600032520B01,7,16,1
201600032525,2016-07-07,2016,juillet,jeudi,16:20,67,67482,48.57758,7.75304,2,2,3,1,1,4,2,02,1,3,000,076,1,0,1,4,1,20,5,1,9,00,2,1,1,201600032525B01,30,1,1
201600032532,2016-07-17,2016,juillet,dimanche,12:20,67,67365,48.54863,7.71055,2,1,6,1,1,4,2,02,1,1,000,070,1,0,1,1,2,60,9,1,9,00,1,1,1,201600032532A01,,,
201600032533,2016-07-19,2016,juillet,mardi,14:05,67,67482,48.56315,7.76224,2,1,3,1,1,4,2,02,1,1,000,120,1,0,1,4,1,23,5,1,9,00,2,8,1,201600032533B01,7,14,1
201600032536,2016-07-20,2016,juillet,mercredi,84:0,67,67482,48.58278,7.76345,2,3,3,1,1,4,2,03,1,1,000,100,1,0,1,4,2,24,1,1,9,00,2,8,19,201600032536A01,10,16,1
201600032545,2016-07-31,2016,juillet,dimanche,16:10,67,67482,48.58685,7.73846,2,1,6,1,1,4,3,02,1,1,040,080,2,0,5,4,1,31,5,1,9,00,2,7,1,201600032545B01,7,24,1
201600032546,2016-07-31,2016,juillet,dimanche,19:55,67,67447,48.60924,7.74464,2,2,1,1,1,4,2,,1,1,000,080,-1,0,0,4,1,34,5,1,9,00,2,1,13,201600032546A01,7,1,1
201600032550,2016-08-04,2016,août,jeudi,18:50,67,67482,48.59252,7.73282,1,1,3,1,2,4,2,02,1,1,010,090,2,0,1,4,1,46,0,1,4,00,2,8,19,201600032550A01,7,1,1
201600032552,2016-08-06,2016,août,samedi,11:40,67,67482,48.56554,7.76817,2,3,3,1,1,4,2,02,1,1,000,040,1,0,0,4,1,54,0,1,4,00,2,1,1,201600032552B01,7,15,1
201600032555,2016-08-10,2016,août,mercredi,16:10,67,67218,48.53125,7.72977,2,1,6,1,1,4,2,02,1,1,000,000,1,0,5,3,1,75,5,1,4,00,1,1,1,201600032555A01,,,
201600032557,2016-08-13,2016,août,samedi,13:,67,67482,48.56352,7.70416,2,1,3,5,1,4,2,02,1,1,000,000,1,0,0,4,1,24,5,1,4,00,2,5,1,201600032557A01,7,14,1
201600032558,2016-08-13,2016,août,samedi,18:55,67,67482,48.56305,7.75804,2,3,3,1,1,4,2,02,1,1,000,055,1,0,1,4,1,66,5,1,9,00,2,1,1,201600032558B01,7,15,1
201600032561,2016-08-17,2016,août,mercredi,10:10,67,67482,48.59899,7.79096,2,2,3,1,1,4,2,02,1,1,000,080,1,0,5,1,1,21,4,1,4,00,2,1,1,201600032561A01,1,1,1
201600032561,2016-08-17,2016,août,mercredi,10:10,67,67482,48.59899,7.79096,2,2,3,1,1,4,2,02,1,1,000,080,1,0,5,4,2,83,0,1,4,00,2,1,1,201600032561B01,1,1,1
201600032562,2016-08-17,2016,août,mercredi,21:20,67,67218,48.50961,7.72711,2,1,1,3,1,4,2,02,1,1,000,000,1,0,5,4,1,33,0,1,4,00,2,1,1,201600032562A01,1,1,1
201600032562,2016-08-17,2016,août,mercredi,21:20,67,67218,48.50961,7.72711,2,1,1,3,1,4,2,02,1,1,000,000,1,0,5,4,1,16,5,1,4,00,2,1,1,201600032562B01,1,1,1
201600032563,2016-08-18,2016,août,jeudi,11:30,67,67447,48.60995,7.74351,2,2,3,1,1,4,1,01,1,1,000,080,1,0,1,4,1,16,0,1,4,00,2,1,1,201600032563B01,7,1,1
201600032564,2016-08-19,2016,août,vendredi,15:15,67,67482,0,0,2,1,3,1,1,4,2,02,1,1,000,000,1,0,5,4,1,28,0,1,4,00,2,7,18,201600032564A01,1,1,1
201600032564,2016-08-19,2016,août,vendredi,15:15,67,67482,0,0,2,1,3,1,1,4,2,02,1,1,000,000,1,0,5,4,2,59,0,1,2,00,2,6,1,201600032564B01,1,18,1
201600032567,2016-08-25,2016,août,jeudi,14:30,67,67482,48.57037,7.73797,2,1,3,1,1,4,2,02,1,1,000,080,1,0,1,4,1,12,0,1,4,00,2,1,1,201600032567A01,7,1,1