Num_Acc,date,an,mois,jour,hrmn,dep,com,lat,long,agg,int,col,lum,atm,catr,circ,nbv,prof,plan,lartpc,larrout,surf,infra,situ,grav,sexe,age,trajet,secuexist,equipement,obs,obsm,choc,manv,vehiculeid,typevehicules,manoeuvehicules,numVehicules
201600032568,2016-08-25,2016,août,jeudi,17:00,67,67482,48.58411,7.7588,2,1,3,1,1,4,2,03,1,1,000,082,1,0,1,4,1,29,0,1,4,00,2,1,19,201600032568B01,7,15,1
201600032569,2016-08-25,2016,août,jeudi,17:05,67,67482,48.59224,7.76998,2,1,3,1,1,4,2,02,1,1,000,081,1,0,1,4,2,48,0,1,4,00,2,1,1,201600032569B01,7,0,1
201600032572,2016-08-26,2016,août,vendredi,16:30,67,67482,48.56397,7.75435,2,2,3,1,1,4,1,01,1,1,000,040,1,0,1,4,2,24,5,1,9,00,2,8,1,201600032572B01,7,15,1
201600032573,2016-08-26,2016,août,vendredi,19:20,67,67218,48.5316,7.70757,2,1,3,1,1,4,2,02,1,1,038,085,1,0,1,3,1,90,5,1,9,00,2,7,19,201600032573B01,7,1,1
201600032579,2016-08-30,2016,août,mardi,16:40,67,67482,0,0,2,1,3,1,1,4,2,00,1,1,000,050,1,0,1,4,1,13,5,1,9,00,2,8,19,201600032579B01,7,0,1
201600032582,2016-09-01,2016,septembre,jeudi,15:30,67,67482,48.56562,7.73491,2,1,1,1,1,4,2,01,1,1,000,000,1,0,5,4,1,24,9,1,2,00,2,1,1,201600032582B01,1,11,1
201600032582,2016-09-01,2016,septembre,jeudi,15:30,67,67482,48.56562,7.73491,2,1,1,1,1,4,2,01,1,1,000,000,1,0,5,1,2,24,0,1,2,00,2,1,11,201600032582A01,1,1,1
201600032590,2016-09-05,2016,septembre,lundi,16:30,67,67482,48.56301,7.6983,1,1,3,1,1,4,2,02,1,3,030,070,1,0,4,4,1,5,0,1,4,00,2,0,0,201600032590A01,2,0,1
201600032593,2016-09-08,2016,septembre,jeudi,16:35,67,67482,48.57819,7.70642,2,3,3,1,1,4,2,03,1,1,000,116,1,0,1,4,1,31,1,1,4,00,2,8,1,201600032593B01,7,15,1
201600032596,2016-09-09,2016,septembre,vendredi,19:05,67,67482,48.56785,7.7576,2,1,2,1,1,4,2,02,1,1,000,060,1,0,5,1,1,38,5,1,4,00,2,4,1,201600032596A01,1,1,1
201600032596,2016-09-09,2016,septembre,vendredi,19:05,67,67482,48.56785,7.7576,2,1,2,1,1,4,2,02,1,1,000,060,1,0,5,4,1,2,0,1,4,00,2,4,1,201600032596A01,1,1,1
201600032599,2016-09-12,2016,septembre,lundi,84:5,67,67482,48.59096,7.74624,2,2,3,1,1,4,2,06,1,1,100,240,1,0,1,4,1,55,0,1,4,00,2,1,1,201600032599A01,7,1,1
201600032602,2016-09-12,2016,septembre,lundi,15:24,67,67482,48.58815,7.75881,2,3,3,1,1,4,2,02,1,1,000,090,1,0,0,1,1,50,5,1,9,00,2,8,19,201600032602A01,1,19,1
201600032602,2016-09-12,2016,septembre,lundi,15:24,67,67482,48.58815,7.75881,2,3,3,1,1,4,2,02,1,1,000,090,1,0,0,4,2,75,5,1,9,00,2,1,19,201600032602B01,1,19,1
201600032608,2016-09-14,2016,septembre,mercredi,75:0,67,67482,48.56763,7.76328,2,1,6,1,1,4,-1,02,1,1,000,060,1,0,0,4,2,14,0,1,2,00,0,0,0,201600032608B01,10,1,1
201600032609,2016-09-15,2016,septembre,jeudi,13:00,67,67482,48.58153,7.74849,2,1,6,1,1,4,1,01,1,1,000,035,1,0,1,4,2,37,0,1,4,00,1,1,1,201600032609A01,,,
201600032610,2016-09-17,2016,septembre,samedi,51:7,67,67482,48.57172,7.77026,2,2,3,5,1,4,3,05,1,1,128,157,1,0,0,2,1,45,0,1,2,00,2,8,19,201600032610B01,7,1,1
201600032612,2016-09-19,2016,septembre,lundi,16:45,67,67482,0,0,2,1,3,1,1,4,3,04,1,1,000,130,1,0,1,4,2,39,0,1,4,00,2,1,19,201600032612B01,7,1,1
201600032613,2016-09-20,2016,septembre,mardi,72:0,67,67482,48.57213,7.76723,2,3,3,1,1,4,2,02,1,-1,000,071,1,0,1,4,2,43,1,1,4,00,2,1,19,201600032613B01,10,1,1
201600032614,2016-09-20,2016,septembre,mardi,73:0,67,67482,48.57153,7.77015,2,2,3,2,1,4,2,03,1,1,000,090,1,0,1,4,1,20,2,1,9,00,2,7,19,201600032614B01,7,1,1
201600032623,2016-09-27,2016,septembre,mardi,12:15,67,67365,0,0,2,3,3,1,1,4,1,,1,1,000,069,1,0,4,4,1,13,9,1,9,00,2,1,1,201600032623B01,7,15,1
201600032624,2016-09-28,2016,septembre,mercredi,74:5,67,67482,48.57716,7.75837,2,1,2,1,1,4,2,02,1,1,000,085,1,0,1,4,2,56,0,1,9,00,2,1,1,201600032624A01,7,1,1
201600032627,2016-09-29,2016,septembre,jeudi,81:5,67,67043,48.61439,7.75914,2,3,3,1,1,4,2,03,1,1,000,060,1,0,1,4,1,17,0,1,4,00,2,1,1,201600032627B01,7,1,1
201600032628,2016-09-29,2016,septembre,jeudi,83:0,67,67482,48.57423,7.77119,2,2,3,1,1,4,2,04,1,1,000,111,1,0,1,4,2,32,5,1,9,00,2,1,19,201600032628A01,7,1,1
201600032631,2016-09-30,2016,septembre,vendredi,14:50,67,67447,48.60401,7.75036,2,2,3,1,1,4,2,02,1,1,000,080,1,0,1,4,1,58,0,1,4,00,2,8,1,201600032631B01,10,0,1
201600032637,2016-10-03,2016,octobre,lundi,16:20,67,67482,48.57876,7.71101,2,1,3,1,1,4,2,02,1,1,000,060,1,0,1,4,1,23,0,1,4,00,2,1,1,201600032637B01,7,0,1
201600032638,2016-10-03,2016,octobre,lundi,21:10,67,67482,48.5822,7.74162,2,1,6,5,1,4,1,01,1,1,000,085,1,0,1,1,1,25,0,1,2,00,1,7,1,201600032638A01,,,
201600032648,2016-10-10,2016,octobre,lundi,75:5,67,67482,48.58782,7.75353,2,1,6,1,1,4,-1,01,1,1,000,027,1,0,0,4,1,12,0,1,8,00,1,1,0,201600032648Z01,,,
201600032654,2016-10-12,2016,octobre,mercredi,13:35,67,67482,48.59062,7.7004,2,1,6,1,1,4,3,04,1,1,050,100,1,0,4,4,1,52,0,1,4,00,2,1,1,201600032654B01,7,22,1
201600032656,2016-10-14,2016,octobre,vendredi,13:15,67,67218,48.52224,7.72172,2,2,1,1,1,4,2,02,1,1,000,040,1,0,1,4,1,17,0,1,2,00,2,7,1,201600032656B01,7,1,1
201600032658,2016-10-14,2016,octobre,vendredi,16:55,67,67482,48.54978,7.73418,2,1,3,1,1,4,2,02,1,1,000,080,1,0,1,4,1,39,0,1,4,01,0,1,1,201600032658A01,7,24,1
201600032661,2016-10-15,2016,octobre,samedi,12:30,67,67482,48.57714,7.76889,2,1,3,1,1,4,1,01,1,1,000,050,1,0,0,4,2,28,9,1,9,00,2,8,19,201600032661B01,7,16,1
201600032662,2016-10-16,2016,octobre,dimanche,54:2,67,67447,48.60025,7.75381,2,2,3,5,1,4,3,06,1,1,020,180,1,0,1,3,1,20,5,1,9,00,2,1,1,201600032662A01,7,15,1
201600032663,2016-10-17,2016,octobre,lundi,10:40,67,67482,48.59027,7.75468,2,2,3,1,1,4,2,02,1,1,000,080,1,0,1,4,1,21,1,1,9,00,2,1,1,201600032663B01,7,1,1
201600032665,2016-10-21,2016,octobre,vendredi,12:25,67,67482,48.57907,7.7349,2,3,3,1,1,4,1,01,1,1,000,000,1,0,0,4,1,49,1,1,4,00,4,1,1,201600032665B01,40,1,1
201600032667,2016-10-23,2016,octobre,dimanche,20:35,67,67482,48.56134,7.75153,2,2,3,5,1,4,3,02,1,1,000,080,2,0,1,4,1,21,5,1,9,00,2,8,1,201600032667B01,7,16,1
201600032668,2016-10-25,2016,octobre,mardi,19:48,67,67447,48.61008,7.74741,2,2,3,1,1,4,2,02,1,1,000,000,1,0,1,4,1,36,0,1,4,00,2,1,1,201600032668A01,7,1,1
201600032671,2016-10-28,2016,octobre,vendredi,19:59,67,67482,48.58745,7.73866,2,2,3,1,1,4,2,03,1,1,000,080,1,0,5,4,2,23,0,1,4,00,2,1,1,201600032671B01,7,15,1
201600032675,2016-10-31,2016,octobre,lundi,14:57,67,67482,48.57216,7.7142,2,2,3,1,1,4,2,02,1,-1,000,000,1,0,0,3,2,25,0,1,4,00,2,1,1,201600032675A01,10,16,1
201600032677,2016-11-02,2016,novembre,mercredi,10:40,67,67482,48.54883,7.7415,2,2,3,1,1,4,2,05,1,1,000,075,1,0,1,4,2,77,0,1,4,00,2,1,1,201600032677B01,14,16,1
201600032678,2016-11-03,2016,novembre,jeudi,19:30,67,67482,48.5605,7.75097,2,3,3,5,1,4,3,03,1,1,000,060,1,0,1,4,2,25,9,1,9,00,2,1,1,201600032678B01,7,16,1
201600032680,2016-11-07,2016,novembre,lundi,84:5,67,67218,48.52932,7.73401,2,1,1,1,1,4,2,02,1,1,000,060,1,0,1,4,1,23,1,1,9,00,4,5,15,201600032680A01,40,0,1
201600032682,2016-11-08,2016,novembre,mardi,17:30,67,67482,48.59683,7.74142,2,1,3,5,8,4,3,02,1,3,032,035,2,0,1,4,2,24,5,1,2,00,2,8,19,201600032682B01,7,1,1
201600032683,2016-11-09,2016,novembre,mercredi,19:05,67,67482,48.57113,7.77346,2,1,3,5,2,4,3,04,1,1,000,140,2,0,1,3,1,22,5,1,9,00,2,7,19,201600032683B01,7,1,1
201600032686,2016-11-13,2016,novembre,dimanche,12:30,67,67482,48.59676,7.74255,2,1,3,1,1,4,1,02,1,1,000,100,1,0,1,4,1,15,5,1,9,00,2,7,19,201600032686A01,7,1,1
201600032689,2016-11-16,2016,novembre,mercredi,91:0,67,67482,48.58193,7.76305,2,1,3,1,1,4,-1,00,1,1,000,120,2,0,1,4,1,22,0,1,9,00,2,1,1,201600032689B01,7,1,1
201600032690,2016-11-16,2016,novembre,mercredi,12:00,67,67482,48.58464,7.76869,2,2,3,1,2,4,1,01,1,1,000,060,2,0,1,4,1,24,2,1,9,00,2,1,19,201600032690A01,7,1,1
201600032692,2016-11-17,2016,novembre,jeudi,13:20,67,67482,48.5696,7.75109,2,1,3,1,1,4,2,03,1,1,000,142,2,0,4,4,1,7,0,1,9,00,2,1,1,201600032692A01,1,0,1
201600032692,2016-11-17,2016,novembre,jeudi,13:20,67,67482,48.5696,7.75109,2,1,3,1,1,4,2,03,1,1,000,142,2,0,4,1,2,17,0,1,9,00,0,0,0,201600032692B01,1,1,1
201600032693,2016-11-17,2016,novembre,jeudi,17:30,67,67482,48.58002,7.75029,2,1,6,5,1,4,-1,01,1,1,000,037,1,0,4,1,1,40,0,1,9,00,1,1,14,201600032693A01,,,
201600032701,2016-11-23,2016,novembre,mercredi,17:00,67,67218,48.52979,7.72555,2,1,3,5,1,4,2,03,1,1,000,090,1,0,1,4,1,21,1,1,9,00,2,1,0,201600032701B01,7,19,1
201600032703,2016-11-23,2016,novembre,mercredi,12:15,67,67218,48.52982,7.72529,2,3,3,1,1,4,2,02,1,1,000,000,1,0,1,4,1,19,0,1,9,00,2,1,19,201600032703B01,7,16,1
201600032716,2016-12-02,2016,décembre,vendredi,13:40,67,67447,48.6095,7.7559,2,1,6,1,1,4,2,02,1,1,000,066,1,0,1,4,2,47,0,1,4,00,2,8,9,201600032716A01,37,1,1
201600032722,2016-12-06,2016,décembre,mardi,90:0,67,67482,48.58953,7.75159,2,5,3,1,1,4,2,03,1,1,000,120,1,0,1,3,2,38,1,1,4,00,2,8,1,201600032722B01,7,16,1
201600032724,2016-12-07,2016,décembre,mercredi,85:5,67,67482,48.57462,7.74981,2,2,3,1,1,4,2,05,1,1,000,000,1,0,1,4,1,20,2,1,9,00,2,7,0,201600032724B01,7,16,1
201600032731,2016-12-12,2016,décembre,lundi,18:25,67,67482,48.57532,7.7575,2,1,1,5,1,4,2,05,1,1,000,150,1,0,0,4,2,21,5,1,9,00,2,4,19,201600032731A01,7,15,1
201600032733,2016-12-13,2016,décembre,mardi,75:0,67,67482,48.57739,7.72803,2,1,1,1,1,4,2,02,1,1,000,030,1,0,1,4,1,53,0,1,4,00,2,1,1,201600032733B01,7,20,1
201600032755,2016-08-26,2016,août,vendredi,71:5,91,91648,48.56504,2.36248,1,1,2,1,1,3,2,02,2,1,000,000,1,0,1,3,1,60,5,1,2,00,2,4,2,201600032755B02,14,1,1
201600032769,2016-12-05,2016,décembre,lundi,82:9,68,68066,48.0832,7.35,2,3,3,1,1,4,2,02,2,1,000,000,1,0,5,3,1,62,3,1,9,00,2,7,0,201600032769A01,7,0,1
201600032772,2016-01-23,2016,janvier,samedi,11:00,68,68066,48.07823,7.33276,2,2,2,1,1,3,3,04,1,1,120,230,1,0,0,3,1,82,5,1,2,00,0,4,16,201600032772B01,7,1,1
201600032774,2016-02-25,2016,février,jeudi,18:30,68,68066,48.07294,7.36611,2,1,3,2,1,3,3,04,1,1,010,145,1,0,1,3,2,27,5,1,9,00,2,2,5,201600032774A01,7,9,1
201600032776,2016-04-03,2016,avril,dimanche,74:5,68,68066,48.07461,7.34386,2,6,6,1,1,3,2,02,-1,-1,000,000,-1,0,0,4,1,30,1,1,2,00,0,0,0,201600032776B01,,,
201600032777,2016-04-04,2016,avril,lundi,71:0,68,68066,48.09229,7.34891,1,6,3,1,1,3,3,04,2,1,026,068,1,2,1,3,1,51,9,1,2,00,2,1,15,201600032777A01,7,1,1
201600032778,2016-04-08,2016,avril,vendredi,15:30,68,68066,48.07421,7.35258,2,5,3,1,1,4,1,01,1,1,000,055,1,0,1,3,2,55,1,1,2,00,2,1,1,201600032778B01,7,1,1
201600032785,2016-06-10,2016,juin,vendredi,14:00,68,68066,48.07084,7.3658,2,3,2,1,1,3,3,04,1,1,020,160,1,0,0,4,2,58,1,1,9,00,2,4,1,201600032785B01,7,15,1
201600032790,2016-07-19,2016,juillet,mardi,92:5,68,68066,48.09435,7.36182,2,6,3,1,1,4,3,04,1,1,010,140,1,0,1,4,2,46,1,1,9,00,2,8,19,201600032790B02,7,1,1
201600032792,2016-08-12,2016,août,vendredi,15:43,68,68066,48.06759,7.3441,2,2,6,1,1,3,2,02,1,1,000,120,1,0,1,3,2,33,5,1,9,00,2,1,1,201600032792B01,7,16,1
201600032796,2016-10-10,2016,octobre,lundi,10:06,68,68066,48.08345,7.35057,2,3,3,1,1,3,2,02,2,2,000,095,1,0,5,3,1,67,9,1,9,00,2,7,1,201600032796B01,7,16,1
201600032798,2016-10-27,2016,octobre,jeudi,16:00,68,68066,0,0,2,2,1,1,1,4,2,00,-1,-1,000,000,-1,0,1,1,1,26,0,1,2,00,0,0,0,201600032798A01,1,0,1
201600032798,2016-10-27,2016,octobre,jeudi,16:00,68,68066,0,0,2,2,1,1,1,4,2,00,-1,-1,000,000,-1,0,1,4,2,46,5,1,2,00,2,0,0,201600032798B01,1,0,1
201600032800,2016-11-03,2016,novembre,jeudi,91:0,68,68066,48.07032,7.35341,2,2,3,1,1,4,2,04,1,1,000,100,1,5,1,4,1,19,2,1,2,00,2,1,19,201600032800B01,7,1,1
201600032801,2016-11-14,2016,novembre,lundi,80:3,68,68066,48.07978,7.33745,2,2,3,2,1,4,2,03,1,1,000,110,1,0,1,3,2,17,2,1,2,00,2,7,19,201600032801B01,7,1,1
201600032802,2016-11-14,2016,novembre,lundi,17:37,68,68066,0,0,2,3,3,5,1,4,2,02,1,-1,000,000,1,0,1,3,1,18,9,1,4,00,2,0,19,201600032802B01,7,19,1
201600032806,2016-12-03,2016,décembre,samedi,15:37,68,68066,0,0,2,3,3,1,1,4,2,02,1,3,000,087,1,0,5,3,1,14,0,1,9,00,2,3,0,201600032806B01,7,15,1
201600032809,2016-01-25,2016,janvier,lundi,11:10,68,68224,47.76047,7.32629,2,2,1,1,1,4,2,02,1,1,000,085,1,0,1,4,1,49,5,1,4,00,2,1,1,201600032809A01,7,1,1
201600032811,2016-02-19,2016,février,vendredi,13:04,68,68224,47.75688,7.32303,2,3,3,1,1,4,2,02,1,1,000,066,1,0,1,3,1,63,1,1,4,00,2,1,1,201600032811B01,7,16,1
201600032826,2016-06-23,2016,juin,jeudi,95:5,68,68224,47.74325,7.34158,2,2,3,1,1,4,1,02,1,1,000,074,1,0,0,3,1,73,0,1,9,00,2,6,1,201600032826B01,33,1,1
201600032829,2016-06-30,2016,juin,jeudi,81:5,68,68224,47.74322,7.31053,2,2,3,1,1,4,3,00,1,1,000,000,1,0,1,4,2,52,0,1,2,00,2,7,19,201600032829B01,7,2,1
201600032831,2016-06-30,2016,juin,jeudi,19:20,68,68224,47.74357,7.30878,2,1,1,1,1,4,2,02,2,1,000,000,1,0,4,4,2,51,5,1,2,00,2,1,1,201600032831B01,7,0,1
201600032839,2016-11-03,2016,novembre,jeudi,91:0,68,68224,0,0,2,6,3,1,1,4,-1,00,1,1,000,000,1,0,0,4,1,68,0,1,9,00,0,7,0,201600032839B01,7,9,1
201600032846,2016-05-09,2016,mai,lundi,94:5,68,68297,47.57717,7.54981,2,3,3,1,1,3,2,02,1,1,000,094,1,0,1,1,2,25,1,1,2,00,2,4,15,201600032846A01,31,1,1
201600032848,2016-08-23,2016,août,mardi,11:10,68,68297,47.58635,7.56611,2,2,1,1,1,9,2,02,1,1,,030,1,0,1,3,2,58,5,1,2,00,2,1,1,201600032848B01,1,1,1
201600032848,2016-08-23,2016,août,mardi,11:10,68,68297,47.58635,7.56611,2,2,1,1,1,9,2,02,1,1,,030,1,0,1,1,1,46,5,1,2,00,2,1,1,201600032848A01,1,1,1
201600032888,2016-03-22,2016,mars,mardi,84:5,69,69091,45.59638,4.76666,2,3,3,1,1,2,2,02,1,2,007,100,1,5,1,4,1,26,1,1,2,00,2,0,1,201600032888B01,7,16,1
201600032932,2016-11-25,2016,novembre,vendredi,17:25,69,69092,0,0,1,1,3,5,8,3,2,01,3,1,050,064,1,0,1,2,1,52,9,1,2,00,2,8,1,201600032932B01,7,15,1
201600032957,2016-01-25,2016,janvier,lundi,14:20,69,69266,45.76366,4.87183,2,1,6,1,1,4,2,02,-1,-1,000,000,-1,0,1,1,1,23,0,1,2,00,1,0,0,201600032957A01,,,
201600032979,2016-02-27,2016,février,samedi,11:00,69,69256,45.76166,4.93694,2,1,3,1,1,9,2,02,1,1,000,080,1,0,5,4,2,34,5,1,9,06,9,1,5,201600032979B01,7,9,1
201600032998,2016-04-13,2016,avril,mercredi,18:25,69,69266,45.76041,4.88069,2,1,3,1,1,4,2,02,1,1,000,078,1,0,1,4,1,12,0,1,9,00,2,8,0,201600032998A01,7,1,1
201600032998,2016-04-13,2016,avril,mercredi,18:25,69,69266,45.76041,4.88069,2,1,3,1,1,4,2,02,1,1,000,078,1,0,1,1,1,6,0,1,9,00,2,8,0,201600032998A01,7,1,1
201600033009,2016-04-28,2016,avril,jeudi,20:38,69,69256,45.78716,4.92513,2,1,6,1,1,4,2,02,1,1,000,060,1,0,1,3,1,27,0,1,2,00,0,0,0,201600033009A01,,,
201600033022,2016-05-13,2016,mai,vendredi,14:20,69,69266,45.74926,4.91424,2,2,5,1,2,3,2,02,-1,-1,000,071,-1,0,1,4,1,38,1,1,9,00,2,0,0,201600033022C01,7,16/0,2
201600033038,2016-06-01,2016,juin,mercredi,23:20,69,69266,45.77077,4.86711,2,4,3,5,1,4,2,04,1,-1,000,160,1,0,1,3,1,22,0,1,2,00,2,1,1,201600033038B01,7,1,1
201600033049,2016-06-07,2016,juin,mardi,75:0,69,69256,45.77236,4.93386,2,6,3,1,1,4,2,04,2,1,047,140,1,2,1,4,2,69,5,1,9,12,2,7,1,201600033049B01,7,1,1
201600033059,2016-06-10,2016,juin,vendredi,83:0,69,69256,0,0,2,2,3,1,1,4,2,02,1,1,000,110,1,0,1,3,1,90,9,1,9,00,2,1,19,201600033059B01,7,1,1
201600033067,2016-06-23,2016,juin,jeudi,17:40,69,69256,0,0,2,2,3,1,1,4,2,00,1,1,000,000,1,0,4,4,1,12,5,1,2,00,2,1,1,201600033067B01,7,1,1
201600033072,2016-06-26,2016,juin,dimanche,18:20,69,69256,0,0,2,1,3,1,1,4,2,01,1,2,000,075,1,0,1,4,1,6,5,1,2,00,0,0,0,201600033072B01,7,1,1
201600033073,2016-06-13,2016,juin,lundi,19:10,69,69290,45.72058,4.92272,2,3,1,1,2,4,1,01,2,3,000,047,2,0,1,4,1,36,1,1,9,00,2,0,0,201600033073B01,7,1,1
201600033113,2016-08-23,2016,août,mardi,18:20,69,69290,45.72036,4.94105,2,1,2,1,1,3,2,04,1,2,000,143,1,0,3,2,1,46,1,1,9,00,2,4,1,201600033113B01,7,1,1
201600033115,2016-08-26,2016,août,vendredi,10:00,69,69266,45.77508,4.88033,2,1,3,1,1,4,1,00,1,1,000,032,1,0,1,2,1,32,0,1,2,00,2,0,10,201600033115B01,7,1,1
201600033125,2016-09-12,2016,septembre,lundi,10:10,69,69266,45.77272,4.86194,2,2,5,1,1,4,3,04,1,1,033,124,1,0,1,4,1,80,5,1,2,00,9,8,1,201600033125C01,7,1/15,2
201600033126,2016-09-13,2016,septembre,mardi,61:0,69,69029,45.72786,4.91597,2,1,3,1,1,4,2,02,1,1,000,155,1,0,4,4,1,50,1,1,2,00,2,1,1,201600033126A01,7,15,1
201600033136,2016-09-26,2016,septembre,lundi,22:05,69,69266,0,0,2,2,1,5,1,9,1,01,1,1,000,000,1,0,1,3,1,21,9,1,2,00,2,6,0,201600033136A01,7,2,1
201600033144,2016-10-03,2016,octobre,lundi,16:20,69,69266,45.77077,4.87039,1,1,3,1,1,4,2,03,1,1,000,000,1,0,1,3,2,53,0,1,2,00,2,1,19,201600033144A01,7,1,1
201600033152,2016-10-04,2016,octobre,mardi,13:46,69,69271,0,0,2,6,3,1,1,4,3,01,1,1,000,129,1,0,1,4,2,59,0,1,2,00,2,6,19,201600033152B01,7,17,1
201600033156,2016-08-31,2016,août,mercredi,12:50,69,69266,45.75564,4.8893,2,1,6,1,1,4,-1,00,-1,-1,000,000,-1,0,0,4,1,35,0,1,2,00,2,0,2,201600033156A01,,,
201600033160,2016-10-17,2016,octobre,lundi,17:30,69,69275,0,0,2,1,6,1,1,3,2,01,2,1,000,078,1,0,5,4,1,15,2,1,9,01,0,1,0,201600033160B01,7,23,1
201600033161,2016-10-17,2016,octobre,lundi,22:20,69,69266,45.76903,4.90568,2,1,2,4,1,4,-1,04,3,1,000,120,1,2,1,4,1,48,0,1,2,00,2,4,2,201600033161A01,7,2,1
201600033169,2016-10-29,2016,octobre,samedi,19:00,69,69266,45.77931,4.87921,2,2,3,5,1,4,2,02,1,1,000,060,1,0,1,4,1,30,0,1,9,00,2,1,1,201600033169B01,7,1,1
201600033175,2016-11-04,2016,novembre,vendredi,13:45,69,69266,45.77954,4.87508,1,6,3,1,1,4,2,02,1,1,000,075,1,0,5,2,2,21,0,1,9,00,2,8,15,201600033175Y01,7,9,1
201600033190,2016-11-26,2016,novembre,samedi,14:00,69,69282,0,0,2,3,3,1,1,4,1,01,1,1,000,040,1,0,1,4,1,57,0,1,9,00,2,1,1,201600033190B01,7,15,1
201600033203,2016-10-30,2016,octobre,dimanche,15:35,69,69290,45.71158,4.90228,2,2,3,1,1,4,2,02,-1,-1,000,000,-1,0,1,4,1,34,0,1,2,00,0,0,0,201600033203B01,7,0,1
201600033209,2016-11-24,2016,novembre,jeudi,63:0,69,69266,45.76095,4.88476,2,2,1,5,3,4,1,01,1,1,000,000,2,0,1,4,1,24,0,1,2,00,2,0,1,201600033209B01,7,15,1
201600033231,2016-09-24,2016,septembre,samedi,91:5,51,51262,48.69621,4.57784,2,1,2,1,1,3,2,02,1,1,000,058,1,0,1,3,1,49,5,1,2,00,2,4,1,201600033231B02,7,1,1
201600033237,2016-10-29,2016,octobre,samedi,80:0,24,24462,45.0461,0.36775,1,1,1,1,1,3,2,02,1,1,005,058,1,0,1,2,1,15,5,1,2,00,2,1,1,201600033237B02,7,6,1
201600033243,2016-03-14,2016,mars,lundi,17:15,56,56175,0,0,1,1,3,1,1,3,2,00,1,1,065,000,1,5,1,4,2,14,2,1,4,00,0,6,13,201600033243B02,38,1,1
201600033249,2016-09-24,2016,septembre,samedi,15:10,70,70285,47.56834,6.76017,2,9,3,1,1,4,2,02,1,1,000,000,-1,0,1,4,2,14,5,1,2,00,2,8,0,201600033249B01,7,1,1
201600033285,2016-12-01,2016,décembre,jeudi,14:00,62,62447,50.377,2.039,2,1,3,1,1,4,2,00,1,1,000,070,1,0,1,3,1,34,2,1,3,00,0,8,1,201600033285B02,7,1,1
201600033306,2016-06-08,2016,juin,mercredi,12:15,71,71076,46.78048,4.84156,2,3,3,1,1,4,2,02,-1,-1,000,000,-1,0,1,3,1,13,2,1,2,00,2,1,5,201600033306A01,38,1,1
201600033311,2016-08-03,2016,août,mercredi,19:00,71,71445,46.78666,4.90166,2,1,6,1,1,4,2,02,1,1,000,000,1,0,1,3,1,50,0,1,9,00,2,1,1,201600033311B01,7,15,1
201600033321,2016-06-14,2016,juin,mardi,16:25,71,71309,46.78982,4.40011,2,9,3,1,1,4,2,02,-1,-1,000,000,-1,0,1,3,1,65,5,1,2,00,2,8,15,201600033321A01,7,1,1
201600033324,2016-12-10,2016,décembre,samedi,16:00,71,71059,46.80991,4.47281,2,9,3,1,7,4,2,02,1,1,000,000,1,0,1,3,1,36,5,1,2,00,2,1,1,201600033324B01,7,15,1
201600033329,2016-07-07,2016,juillet,jeudi,14:30,71,71153,46.8066,4.42817,2,1,6,1,1,4,2,02,1,1,000,000,1,0,1,1,1,18,5,1,2,00,1,0,0,201600033329A01,,,
201600033343,2016-02-01,2016,février,lundi,74:5,71,71153,46.8117,4.44851,2,2,6,5,2,4,2,02,1,1,000,000,2,0,1,4,1,38,1,1,2,00,2,3,1,201600033343B01,7,0,1
201600033369,2016-10-17,2016,octobre,lundi,20:00,47,47219,44.6565,0.76689,1,1,6,3,1,3,2,02,1,3,000,034,2,0,1,4,1,18,5,1,4,00,2,4,1,201600033369A01,7,0,1
201600033375,2016-06-23,2016,juin,jeudi,19:50,71,71306,46.67029,4.37318,2,1,3,1,1,4,2,02,1,1,000,069,1,0,1,2,1,10,5,1,9,00,2,1,0,201600033375B01,7,0,1
201600033390,2016-05-09,2016,mai,lundi,90:0,72,72181,48.01574,0.20229,2,6,6,1,1,3,2,02,2,1,000,000,1,0,1,3,1,83,9,1,9,00,2,0,1,201600033390B01,7,1,1
201600033411,2016-12-18,2016,décembre,dimanche,18:00,72,72181,47.97507,0.2153,2,1,3,5,5,4,3,02,1,1,000,000,1,4,5,3,1,14,5,1,9,00,0,8,1,201600033411B01,7,16,1
201600033417,2016-08-31,2016,août,mercredi,15:30,73,73008,0,0,2,6,2,1,1,4,4,01,-1,-1,000,000,-1,0,1,3,1,59,0,1,2,00,2,6,0,201600033417B01,15,2,1
201600033427,2016-04-28,2016,avril,jeudi,14:04,73,73065,45.56293,5.90819,2,2,6,1,1,4,2,02,1,1,000,110,1,5,1,2,1,61,1,1,2,00,2,8,2,201600033427B01,14,16,1
201600033433,2016-09-08,2016,septembre,jeudi,30:,73,73222,45.57341,5.95716,1,1,2,5,1,4,2,03,1,1,000,100,1,0,1,3,1,26,5,1,9,00,2,4,2,201600033433B01,7,1,1
201600033459,2016-09-12,2016,septembre,lundi,16:45,74,74010,45.90255,6.12177,2,1,6,1,1,4,3,02,2,1,000,059,1,0,1,3,1,16,0,1,2,00,0,1,0,201600033459B01,38,7,1