Num_Acc,date,an,mois,jour,hrmn,dep,com,lat,long,agg,int,col,lum,atm,catr,circ,nbv,prof,plan,lartpc,larrout,surf,infra,situ,grav,sexe,age,trajet,secuexist,equipement,obs,obsm,choc,manv,vehiculeid,typevehicules,manoeuvehicules,numVehicules
201600033461,2016-11-10,2016,novembre,jeudi,18:10,74,74010,45.90455,6.13107,2,4,6,5,2,4,2,02,1,1,000,064,2,0,1,3,2,38,1,1,9,00,0,0,0,201600033461B01,7,15,1
201600033472,2016-04-22,2016,avril,vendredi,17:45,74,74012,46.18861,6.24305,2,3,3,1,1,3,2,02,1,1,000,000,1,0,1,3,2,71,5,1,2,00,2,1,2,201600033472B01,7,16,1
201600033475,2016-07-07,2016,juillet,jeudi,92:0,74,74012,0,0,2,6,3,1,1,4,2,02,1,1,000,000,-1,5,1,3,1,63,5,1,2,00,2,5,2,201600033475B01,7,9,1
201600033507,2016-10-15,2016,octobre,samedi,11:20,74,74218,46.38949,6.52406,1,2,3,1,1,4,1,01,1,2,000,080,1,0,1,4,1,67,5,1,2,00,0,0,0,201600033507B01,7,9,1
201600033509,2016-10-29,2016,octobre,samedi,17:35,74,74281,46.372,6.4805,2,1,6,1,1,4,1,01,1,1,000,000,1,0,1,1,1,20,3,1,9,00,1,1,1,201600033509A01,,,
201600033509,2016-10-29,2016,octobre,samedi,17:35,74,74281,46.372,6.4805,2,1,6,1,1,4,1,01,1,1,000,000,1,0,1,3,2,83,5,1,8,00,1,1,1,201600033509A01,,,
201600033547,2016-07-01,2016,juillet,vendredi,15:55,76,76707,49.85261,1.10162,2,3,3,1,1,3,2,02,1,1,000,042,-1,0,1,3,1,11,5,1,2,00,2,8,15,201600033547A01,7,1,1
201600033564,2016-11-01,2016,novembre,mardi,16:45,76,76217,49.9268,1.07959,2,1,1,1,1,4,3,04,1,1,000,000,1,0,1,4,1,19,1,1,2,00,2,1,0,201600033564B01,7,1,1
201600033572,2016-12-21,2016,décembre,mercredi,17:50,76,76217,49.91324,1.08205,2,3,3,5,2,4,2,02,1,1,000,000,2,0,1,3,1,51,5,1,9,00,2,0,0,201600033572B01,7,1,1
201600033574,2016-01-02,2016,janvier,samedi,17:15,76,76259,49.75075,0.40363,2,6,3,5,2,3,1,02,1,2,007,040,2,5,1,4,1,15,5,1,9,00,2,8,19,201600033574B01,7,16,1
201600033574,2016-01-02,2016,janvier,samedi,17:15,76,76259,49.75075,0.40363,2,6,3,5,2,3,1,02,1,2,007,040,2,5,1,1,1,8,5,1,9,00,2,8,19,201600033574B01,7,16,1
201600033578,2016-09-13,2016,septembre,mardi,11:35,76,76259,49.75858,0.37578,2,3,3,1,1,4,2,02,2,1,000,110,1,0,1,3,1,41,5,1,2,00,2,1,1,201600033578B01,7,16,1
201600033601,2016-01-31,2016,janvier,dimanche,12:00,76,76351,49.47958,0.11992,2,1,7,1,1,5,2,02,1,1,038,128,2,0,1,3,1,53,5,1,9,14,0,1,1,201600033601A01,,,
201600033626,2016-03-01,2016,mars,mardi,23:10,76,76351,49.50263,0.15289,2,3,6,5,1,4,2,02,4,1,000,068,2,0,0,4,2,18,5,1,2,04,0,1,1,201600033626A01,,,
201600033628,2016-03-01,2016,mars,mardi,74:5,76,76351,49.49742,0.13263,2,3,3,1,1,4,2,02,1,1,000,063,1,0,1,4,1,20,2,1,2,00,2,3,19,201600033628B01,2,1,1
201600033631,2016-03-11,2016,mars,vendredi,85:0,76,76351,49.50068,0.08849,2,1,6,1,1,4,2,02,2,1,000,118,1,0,4,4,2,44,5,1,2,00,1,1,1,201600033631A01,,,
201600033633,2016-03-14,2016,mars,lundi,17:10,76,76351,49.49486,0.11119,2,2,3,1,1,4,1,02,1,1,000,055,1,0,5,3,1,42,5,1,2,00,2,1,1,201600033633B01,7,15,1
201600033639,2016-03-25,2016,mars,vendredi,18:00,76,76351,49.48902,0.13964,2,2,3,1,1,4,2,02,1,1,000,128,1,0,1,3,1,42,5,1,2,00,2,3,0,201600033639A01,38,1,1
201600033661,2016-05-04,2016,mai,mercredi,16:50,76,76351,49.52208,0.15731,2,3,6,1,1,3,2,02,1,1,000,088,1,0,4,3,1,14,5,1,2,15,1,1,0,201600033661A01,,,
201600033661,2016-05-04,2016,mai,mercredi,16:50,76,76351,49.52208,0.15731,2,3,6,1,1,3,2,02,1,1,000,088,1,0,4,4,1,29,9,1,8,15,1,1,0,201600033661A01,,,
201600033667,2016-05-14,2016,mai,samedi,18:55,76,76351,49.50151,0.15109,2,1,2,1,1,3,2,02,1,1,000,064,1,0,1,4,1,52,0,1,2,00,2,3,0,201600033667B01,7,0,1
201600033676,2016-06-05,2016,juin,dimanche,18:15,76,76351,49.49607,0.12084,2,2,7,1,1,4,1,01,1,1,000,078,1,0,1,4,2,13,5,1,9,00,0,0,0,201600033676A01,,,
201600033692,2016-07-02,2016,juillet,samedi,20:05,76,76351,49.514,0.12644,2,3,3,1,1,4,2,02,1,1,000,055,1,0,0,4,1,19,0,1,9,00,2,1,15,201600033692B01,7,1,1
201600033749,2016-10-04,2016,octobre,mardi,13:15,76,76351,49.5011,0.09016,2,1,2,1,1,3,2,02,1,1,000,092,1,0,1,4,2,81,5,1,2,00,2,4,1,201600033749B01,7,1,1
201600033781,2016-12-22,2016,décembre,jeudi,18:00,76,76552,49.50621,0.08447,2,3,3,5,1,3,2,02,1,1,000,061,1,0,1,4,1,43,3,1,2,00,2,1,15,201600033781A01,33,1,1
201600033817,2016-02-22,2016,février,lundi,15:15,76,76410,49.47454,1.03809,2,1,3,1,3,4,2,02,2,1,000,030,2,0,1,4,1,20,5,1,2,00,2,1,1,201600033817B01,7,14,1
201600033818,2016-03-01,2016,mars,mardi,15:20,76,76540,49.43402,1.0822,2,2,3,1,2,4,1,01,1,1,,,1,0,0,4,2,15,5,1,2,00,2,1,19,201600033818A01,10,1,1
201600033870,2016-05-02,2016,mai,lundi,83:0,76,76540,49.44268,1.08996,2,1,6,1,1,4,1,01,1,1,000,000,1,0,1,1,1,23,4,1,2,00,1,1,17,201600033870A01,,,
201600033886,2016-05-29,2016,mai,dimanche,10:15,76,76705,49.32763,1.07447,2,1,2,1,1,4,2,02,1,1,000,055,1,0,1,4,1,71,5,1,2,00,2,4,1,201600033886B01,7,0,1
201600033891,2016-05-27,2016,mai,vendredi,22:45,76,76540,49.44218,1.10483,2,1,2,5,1,4,1,01,1,1,000,000,1,0,5,4,1,23,5,1,2,00,0,0,0,201600033891B01,1,1,1
201600033891,2016-05-27,2016,mai,vendredi,22:45,76,76540,49.44218,1.10483,2,1,2,5,1,4,1,01,1,1,000,000,1,0,5,1,1,27,0,1,2,00,2,1,1,201600033891A01,1,0,1
201600033910,2016-06-18,2016,juin,samedi,16:40,76,76212,49.44325,1.14873,2,3,3,1,1,4,1,01,1,1,,,1,0,1,4,2,12,5,1,2,00,2,8,9,201600033910A01,7,0,1
201600033925,2016-06-28,2016,juin,mardi,12:20,76,76540,49.43608,1.10136,2,1,2,1,1,4,3,06,1,1,000,093,1,0,1,4,2,45,1,1,2,00,2,4,12,201600033925B01,7,1,1
201600033955,2016-08-12,2016,août,vendredi,17:45,76,76540,49.44841,1.14213,2,3,3,1,1,4,2,02,1,1,,,1,0,0,4,1,12,9,1,2,00,2,0,0,201600033955B01,7,1,1
201600033991,2016-09-20,2016,septembre,mardi,23:55,76,76540,49.45086,1.06637,2,2,3,5,1,4,2,02,2,1,,,1,5,1,3,1,22,5,1,2,00,2,1,1,201600033991B01,7,1,1
201600034053,2016-01-26,2016,janvier,mardi,84:5,77,77108,48.86693,2.5753,2,1,7,1,1,3,2,00,2,1,000,060,2,0,1,3,1,86,5,1,9,00,0,0,1,201600034053B01,7,2,1
201600034054,2016-03-14,2016,mars,lundi,10:50,77,77108,48.88676,2.58526,2,6,6,1,1,3,2,01,2,2,000,040,1,0,1,3,1,76,5,1,2,00,0,0,0,201600034054B01,7,0,1
201600034055,2016-05-01,2016,mai,dimanche,11:00,77,77108,48.87527,2.57869,2,1,6,1,1,4,-1,01,1,1,000,060,1,0,1,3,1,73,0,1,9,01,0,0,0,201600034055B01,7,22,1
201600034064,2016-08-20,2016,août,samedi,17:30,77,77108,48.8892,2.60033,2,1,6,1,1,3,2,02,1,3,000,000,1,0,1,3,1,25,5,1,9,00,0,0,15,201600034064B01,33,1,1
201600034090,2016-01-24,2016,janvier,dimanche,10:40,77,77186,48.43354,2.74011,1,6,3,1,1,3,2,02,1,1,000,000,1,5,1,3,1,54,5,1,2,00,2,0,1,201600034090B01,7,1,1
201600034091,2016-01-27,2016,janvier,mercredi,15:00,77,77186,48.386,2.7643,1,1,2,1,1,3,2,04,1,1,000,000,1,0,1,3,1,73,5,1,2,00,2,4,1,201600034091B01,7,1,1
201600034095,2016-02-12,2016,février,vendredi,83:5,77,77186,48.40839,2.68702,1,6,3,1,1,3,2,02,1,1,000,000,2,5,0,3,2,75,5,1,2,00,2,5,1,201600034095B01,7,9,1
201600034099,2016-04-03,2016,avril,dimanche,16:30,77,77186,48.44396,2.71839,1,6,3,1,1,3,2,02,1,1,000,000,1,0,1,3,1,75,5,1,2,00,2,8,13,201600034099B01,7,17,1
201600034139,2016-03-27,2016,mars,dimanche,16:40,77,77181,48.82823,2.69921,2,1,1,1,1,4,2,00,1,-1,000,000,1,0,1,4,1,34,5,1,2,00,0,0,0,201600034139B01,7,23,1
201600034143,2016-05-21,2016,mai,samedi,92:0,77,77059,48.84988,2.67557,2,3,2,1,1,3,2,02,1,1,000,000,1,0,1,3,1,20,5,1,2,00,2,1,1,201600034143B01,7,15,1
201600034148,2016-06-13,2016,juin,lundi,16:45,77,77058,48.8418,2.72069,2,6,2,1,1,4,1,01,1,1,000,000,2,0,1,4,1,51,1,1,9,00,2,4,2,201600034148B01,7,2,1
201600034149,2016-06-23,2016,juin,jeudi,80:0,77,77058,48.85002,2.73416,1,6,3,1,1,3,2,02,1,1,000,000,1,5,1,3,1,67,5,1,2,00,2,1,1,201600034149B01,7,13,1
201600034171,2016-11-07,2016,novembre,lundi,17:12,77,77475,48.95773,2.94678,2,4,6,5,1,3,2,03,1,1,000,000,2,5,1,1,1,29,9,1,9,00,1,2,9,201600034171A01,,,
201600034205,2016-08-23,2016,août,mardi,11:10,77,77152,48.50969,2.59969,2,4,1,1,1,3,2,03,1,1,000,000,1,5,1,3,1,63,0,1,2,00,2,1,1,201600034205B01,7,15,1
201600034206,2016-08-23,2016,août,mardi,95:0,77,77285,48.5487,2.63974,1,6,3,1,1,3,1,03,1,2,000,000,1,5,1,3,1,70,5,1,9,00,2,7,0,201600034206B01,99,0,1
201600034208,2016-09-12,2016,septembre,lundi,16:25,77,77288,48.5529,2.66491,2,9,2,1,1,3,2,04,1,1,000,000,1,3,1,3,1,65,0,1,2,00,2,4,1,201600034208B01,7,9,1
201600034211,2016-09-30,2016,septembre,vendredi,17:30,77,77152,48.51962,2.64574,2,3,1,1,2,3,2,02,1,1,000,000,2,5,1,3,1,11,0,1,2,00,0,0,0,201600034211B01,38,0,1
201600034216,2016-11-17,2016,novembre,jeudi,72:5,77,77288,48.53853,2.65406,2,4,3,5,9,3,2,02,1,3,000,000,2,5,1,3,1,44,1,1,2,00,2,8,1,201600034216B01,7,15,1
201600034222,2016-12-20,2016,décembre,mardi,15:00,77,77326,48.57512,2.52732,1,1,7,1,1,4,2,02,1,1,000,000,1,0,1,2,1,52,5,1,2,00,0,1,1,201600034222A01,,,
201600034230,2016-05-13,2016,mai,vendredi,17:00,77,77114,48.73701,2.70136,1,1,6,1,8,3,2,02,1,1,000,040,2,2,1,2,1,49,0,1,9,00,2,8,2,201600034230B01,14,2,1
201600034246,2016-08-31,2016,août,mercredi,17:30,77,77495,48.56039,2.63471,2,1,1,1,1,3,2,02,1,1,000,000,1,0,5,3,2,29,5,1,2,00,2,8,5,201600034246B01,7,9,1
201600034267,2016-09-26,2016,septembre,lundi,20:25,77,77194,48.39862,2.94484,1,1,2,3,1,3,2,02,1,1,000,000,1,0,1,2,1,37,5,1,2,00,0,4,2,201600034267B01,7,2,1
201600034287,2016-01-08,2016,janvier,vendredi,12:30,77,77083,48.83933,2.60286,2,1,6,1,1,4,2,02,4,1,000,000,1,0,1,4,1,56,1,1,2,00,0,0,0,201600034287A01,,,
201600034311,2016-06-24,2016,juin,vendredi,20:30,77,77337,48.8552,2.625,2,3,3,1,1,4,2,02,1,1,000,000,1,0,1,4,1,14,5,1,2,00,2,1,1,201600034311B01,7,1,1
201600034315,2016-08-05,2016,août,vendredi,14:20,77,77337,48.84705,2.61719,2,2,3,1,1,4,3,02,1,1,000,000,1,5,1,3,1,84,5,1,2,00,2,6,19,201600034315B01,7,1,1
201600034341,2016-03-25,2016,mars,vendredi,91:0,77,77390,48.7985,2.64342,2,3,1,1,3,4,-1,01,1,3,000,000,2,0,1,3,1,44,9,1,2,00,2,1,16,201600034341B01,7,9,1
201600034350,2016-05-31,2016,mai,mardi,14:00,77,77373,48.78964,2.61475,2,3,3,1,2,4,2,02,1,1,000,000,2,0,1,3,1,16,2,1,9,00,0,0,0,201600034350A01,7,0,1
201600034401,2016-10-23,2016,octobre,dimanche,16:05,77,77404,48.52526,3.24876,2,1,7,1,3,3,2,02,1,1,000,135,2,0,1,3,1,24,5,1,9,00,0,0,0,201600034401B01,7,0,1
201600034407,2016-03-07,2016,mars,lundi,16:25,77,77514,48.9516,2.62409,2,1,3,1,1,4,-1,01,-1,-1,000,000,-1,0,0,3,1,72,0,1,2,00,2,2,16,201600034407B01,7,1,1
201600034447,2016-03-13,2016,mars,dimanche,17:40,78,78498,0,0,2,1,6,1,1,4,-1,00,-1,-1,000,062,1,0,4,3,1,25,0,1,2,00,0,0,0,201600034447A01,,,
201600034477,2016-07-28,2016,juillet,jeudi,21:11,78,78123,48.56309,2.13278,2,1,3,1,1,4,2,02,1,1,000,000,1,0,1,3,1,24,5,1,2,01,2,1,21,201600034477B01,7,10,1
201600034483,2016-11-01,2016,novembre,mardi,12:15,78,78643,48.97633,1.98163,2,6,3,1,1,3,1,01,1,-1,000,090,1,5,1,4,1,50,0,1,2,00,2,1,0,201600034483B01,7,9,1
201600034504,2016-03-23,2016,mars,mercredi,12:30,78,78688,0,0,2,1,6,1,1,4,2,02,1,1,000,068,1,0,1,3,1,14,0,1,9,00,2,8,19,201600034504B01,7,1,1
201600034509,2016-06-29,2016,juin,mercredi,12:42,78,78621,48.7566,1.98029,2,1,2,1,1,4,2,00,1,1,000,000,1,0,1,3,1,59,0,1,2,01,0,1,2,201600034509B01,13,24,1
201600034512,2016-08-23,2016,août,mardi,18:50,78,78208,0,0,2,1,3,1,1,3,2,02,1,1,000,000,1,0,1,3,1,44,5,1,2,00,2,8,19,201600034512B01,7,1,1
201600034524,2016-11-03,2016,novembre,jeudi,74:5,78,78168,0,0,2,1,3,5,1,2,1,00,1,1,000,000,1,0,1,3,1,66,0,1,2,00,2,8,1,201600034524B01,7,16,1
201600034540,2016-07-07,2016,juillet,jeudi,80:5,78,78335,48.59431,1.43542,2,2,3,1,1,4,2,02,1,1,000,050,1,0,1,3,1,45,9,1,2,00,2,1,1,201600034540A01,7,15,1
201600034573,2016-04-10,2016,avril,dimanche,85:5,78,78401,0,0,1,1,7,1,5,3,2,02,1,2,000,090,2,0,1,4,1,69,5,1,2,00,0,4,2,201600034573B01,7,2,1
201600034603,2016-10-06,2016,octobre,jeudi,16:20,78,78674,48.82,2.025,1,1,1,1,1,4,2,02,1,1,000,000,1,0,1,3,1,46,5,1,2,00,2,0,0,201600034603B01,7,17,1
201600034605,2016-01-10,2016,janvier,dimanche,18:45,78,78165,0,0,2,1,3,4,9,3,-1,01,1,-1,000,000,2,0,1,3,1,14,5,1,8,00,2,7,19,201600034605B02,7,0,1
201600034608,2016-12-09,2016,décembre,vendredi,85:0,78,78490,0,0,2,6,3,1,1,3,-1,00,1,1,000,000,1,5,1,3,1,55,1,1,9,00,0,0,0,201600034608B01,7,6,1
201600034652,2016-01-04,2016,janvier,lundi,20:55,78,78146,0,0,2,1,3,5,1,4,1,01,1,1,000,056,1,0,1,3,1,19,0,1,9,00,0,8,1,201600034652B01,7,17,1
201600034653,2016-11-01,2016,novembre,mardi,18:00,78,78146,48.91011,2.13952,2,3,3,2,1,4,-1,02,-1,-1,000,000,-1,0,0,3,1,27,0,1,2,00,2,1,19,201600034653B01,7,15,1
201600034655,2016-01-16,2016,janvier,samedi,95:0,78,78650,0,0,2,1,3,1,1,4,1,01,1,1,000,047,-1,0,1,3,2,55,1,1,9,00,2,8,0,201600034655B01,7,1,1
201600034657,2016-11-21,2016,novembre,lundi,15:30,78,78146,0,0,2,1,3,1,1,4,1,00,1,1,009,058,1,0,1,2,1,14,2,1,2,00,2,1,1,201600034657B01,14,1,1
201600034665,2016-11-30,2016,novembre,mercredi,13:05,78,78481,0,0,2,4,3,1,1,4,2,00,1,2,000,000,1,0,0,4,1,45,1,1,9,00,2,7,0,201600034665B01,7,0,1
201600034692,2016-05-23,2016,mai,lundi,11:00,78,78311,0,0,2,1,3,1,3,4,2,02,1,1,013,054,2,0,1,3,1,68,0,1,2,00,2,8,0,201600034692B01,7,17,1
201600034694,2016-05-11,2016,mai,mercredi,15:15,78,78586,0,2.17572,2,3,6,1,2,3,2,02,1,1,000,065,2,0,1,3,1,44,0,1,2,00,1,0,1,201600034694A01,,,
201600034739,2016-03-27,2016,mars,dimanche,13:10,78,78646,48.8119,2.12618,2,1,6,1,1,4,1,01,1,1,000,000,1,0,1,3,2,65,3,1,2,00,1,1,1,201600034739Y01,,,
201600034741,2016-01-20,2016,janvier,mercredi,20:20,78,78640,48.78302,2.18472,2,3,3,5,1,4,2,02,1,1,000,080,1,0,1,4,2,34,5,1,4,00,2,8,15,201600034741B01,7,1,1
201600034746,2016-05-03,2016,mai,mardi,16:30,78,78646,48.8566,2.35222,2,1,3,1,1,3,2,01,2,3,000,000,1,0,1,3,1,15,0,1,2,00,2,8,1,201600034746B01,7,17,1
201600034755,2016-06-10,2016,juin,vendredi,10:55,78,78117,48.76626,2.12863,2,1,4,1,1,3,1,01,1,1,000,000,1,0,1,4,1,30,5,1,2,00,2,4,1,201600034755B01,10,1,2
201600034756,2016-06-11,2016,juin,samedi,17:15,78,78646,48.81343,2.13617,2,1,3,1,1,4,-1,01,1,-1,000,000,1,0,1,4,1,17,5,1,2,00,2,1,1,201600034756B01,10,24,1
201600034767,2016-09-01,2016,septembre,jeudi,18:25,78,78524,0,0,2,2,2,1,1,3,2,02,1,1,000,000,1,0,1,4,1,48,5,1,2,00,2,4,12,201600034767B01,10,9,1
201600034771,2016-11-02,2016,novembre,mercredi,13:00,78,78646,48.80635,2.15791,2,4,1,1,1,4,2,01,1,2,000,000,1,0,1,3,1,62,5,1,2,00,2,1,1,201600034771B01,7,9,1
201600034784,2016-11-30,2016,novembre,mercredi,21:10,78,78646,48.4817,2.81,2,1,3,5,1,4,2,02,1,1,000,000,1,0,1,4,1,15,5,1,2,00,2,2,19,201600034784A01,7,2,1
201600034785,2016-12-15,2016,décembre,jeudi,23:10,78,78646,0,0,2,3,3,5,1,4,-1,02,1,1,000,000,1,0,0,4,1,45,1,1,9,00,2,1,19,201600034785B01,7,1,1
201600034801,2016-03-17,2016,mars,jeudi,75:5,79,79191,46.34212,-0.4525,2,6,3,1,1,4,2,02,2,1,000,195,1,0,1,4,1,80,5,1,9,00,2,4,1,201600034801B01,10,9,1
201600034808,2016-07-04,2016,juillet,lundi,12:30,79,79191,46.31613,-0.46883,2,2,5,1,8,4,2,02,1,1,000,125,1,0,1,4,1,59,1,1,9,00,2,8,1,201600034808B01,7/ 2,23/19,2
201600034812,2016-09-02,2016,septembre,vendredi,14:30,79,79191,46.326,-0.4523,2,1,6,1,1,4,2,02,2,1,000,250,1,0,1,3,1,39,5,1,9,00,2,8,19,201600034812A01,7,1,1
201600034816,2016-09-23,2016,septembre,vendredi,18:40,79,79191,46.3184,-0.5111,2,2,6,1,1,4,2,02,1,1,000,060,1,0,1,4,1,7,5,1,9,00,2,3,1,201600034816B01,7,1,1
201600034818,2016-09-27,2016,septembre,mardi,16:10,79,79191,46.33087,-0.47053,2,3,3,1,1,3,2,02,1,1,000,080,1,0,1,4,2,27,3,1,9,00,2,3,1,201600034818A01,7,1,1
201600034837,2016-07-11,2016,juillet,lundi,16:15,79,79329,46.98971,-0.22205,2,3,3,1,1,4,2,02,1,1,000,073,1,0,1,4,1,25,5,1,9,00,2,1,15,201600034837A01,2,2,1
201600034839,2016-07-16,2016,juillet,samedi,15:35,79,79329,46.98722,-0.21081,2,1,3,1,1,4,2,02,1,1,000,000,1,0,4,3,1,62,5,1,2,00,0,0,0,201600034839B01,7,9,1
201600034842,2016-08-29,2016,août,lundi,10:00,79,79329,46.97937,-0.19859,2,6,3,1,2,3,2,02,1,1,000,000,2,0,1,4,1,78,0,1,9,00,2,7,1,201600034842B01,7,9,1
201600034854,2016-05-18,2016,mai,mercredi,15:10,80,80001,50.10421,1.84308,2,6,3,1,2,4,3,02,1,1,000,155,2,5,1,3,1,85,5,1,9,00,2,6,18,201600034854B01,7,16,1
201600034880,2016-01-22,2016,janvier,vendredi,80:0,80,80261,49.86016,2.27498,1,6,3,3,1,3,2,02,1,2,000,000,1,0,1,3,1,62,1,1,9,00,2,7,1,201600034880A01,7,9,1
201600034910,2016-03-30,2016,mars,mercredi,85:5,80,80021,49.88646,2.30354,2,1,3,1,1,4,2,02,2,1,000,000,1,0,1,4,1,20,5,1,2,00,2,7,1,201600034910B01,7,20,1
201600034929,2016-05-11,2016,mai,mercredi,17:35,80,80021,49.89814,2.30074,2,3,3,1,1,4,2,02,1,1,000,000,1,0,0,4,1,33,5,1,2,00,2,1,1,201600034929B01,7,15,1
201600034930,2016-05-13,2016,mai,vendredi,14:30,80,80021,49.8806,2.33182,2,2,3,1,1,4,2,02,1,-1,000,000,-1,0,0,4,1,57,0,1,2,00,0,5,0,201600034930B01,7,0,1
201600034938,2016-05-27,2016,mai,vendredi,85:4,80,80021,49.88794,2.31379,2,1,3,1,1,4,2,00,1,1,000,000,1,0,1,4,1,18,5,1,2,00,2,0,7,201600034938A01,7,0,1
201600034963,2016-08-24,2016,août,mercredi,17:47,80,80021,49.8892,2.30555,2,3,3,1,1,4,3,02,1,1,000,000,1,0,1,4,2,16,5,1,2,14,0,0,0,201600034963A01,7,0,1
201600034967,2016-09-01,2016,septembre,jeudi,13:45,80,80021,49.87886,2.30275,2,3,6,1,1,4,2,02,1,1,000,000,1,0,1,4,1,16,5,1,2,00,0,0,0,201600034967B01,7,0,1
201600034972,2016-09-14,2016,septembre,mercredi,18:30,80,80021,49.9048,2.26505,2,1,3,1,1,4,2,02,1,1,000,000,1,0,1,4,2,16,2,1,2,00,0,1,0,201600034972B01,31,0,1
201600034975,2016-09-20,2016,septembre,mardi,10:10,80,80021,49.90603,2.27026,2,1,3,1,1,3,2,02,1,1,000,000,1,0,1,4,2,34,5,1,2,00,2,0,0,201600034975B01,7,14,1
201600034987,2016-11-03,2016,novembre,jeudi,18:30,80,80021,49.89679,2.28304,2,3,3,5,1,4,3,02,1,1,000,000,1,0,1,3,1,58,5,1,2,00,2,1,0,201600034987B01,10,0,1
201600035002,2016-12-03,2016,décembre,samedi,30:,80,80021,49.89399,2.29295,2,2,3,5,1,4,2,02,1,1,000,000,1,0,1,3,1,22,0,1,9,00,2,0,0,201600035002B01,7,0,1
201600035004,2016-12-06,2016,décembre,mardi,18:25,80,80021,49.908,2.26449,2,3,3,5,1,3,3,01,-1,-1,000,000,-1,0,1,4,1,37,5,1,2,00,2,0,0,201600035004B01,7,0,1
201600035007,2016-12-09,2016,décembre,vendredi,14:38,80,80021,49.90066,2.28214,2,1,2,1,1,4,2,02,1,1,000,000,1,0,1,4,1,33,4,1,9,01,0,0,0,201600035007A01,14,0,1
201600035019,2016-10-12,2016,octobre,mercredi,13:40,81,81004,43.9334,2.14641,2,1,3,1,1,4,2,02,1,1,000,000,1,0,1,3,1,18,5,1,9,00,0,0,0,201600035019B01,13,1,1
201600035022,2016-07-03,2016,juillet,dimanche,75:6,81,81060,0,0,2,1,1,1,1,6,-1,00,1,1,000,000,1,0,1,3,1,23,5,1,2,00,0,4,1,201600035022B01,7,9,1
201600035053,2016-09-03,2016,septembre,samedi,94:5,82,82033,0,0,1,4,3,1,1,3,2,02,1,1,000,000,1,5,1,4,1,45,5,1,2,00,2,8,1,201600035053B01,7,19,1
201600035059,2016-11-19,2016,novembre,samedi,10:25,82,82121,44.01688,1.3537,2,7,6,1,1,4,1,01,1,-1,000,000,1,6,1,3,1,89,3,1,9,00,0,1,1,201600035059B01,10,20,1
201600035062,2016-01-26,2016,janvier,mardi,93:0,82,82121,44.01178,1.37237,2,6,6,1,1,4,1,02,1,3,000,000,1,0,1,3,1,83,5,1,2,00,2,1,1,201600035062B01,10,9,1
201600035081,2016-05-20,2016,mai,vendredi,15:30,82,82121,44.01768,1.35471,2,1,6,1,1,4,-1,00,1,1,000,000,1,6,1,1,1,16,5,1,8,00,1,0,0,201600035081A01,,,
201600035081,2016-05-20,2016,mai,vendredi,15:30,82,82121,44.01768,1.35471,2,1,6,1,1,4,-1,00,1,1,000,000,1,6,1,1,1,16,5,1,8,00,1,0,0,201600035081A01,,,
201600035097,2016-09-27,2016,septembre,mardi,11:00,82,82121,44.02758,1.36797,2,3,3,1,1,4,2,03,1,1,000,000,1,0,1,3,1,95,5,1,2,00,2,8,13,201600035097A01,7,1,1
201600035098,2016-10-03,2016,octobre,lundi,11:30,82,82121,44.03471,1.35714,2,6,3,1,1,4,2,02,1,1,000,000,1,0,1,3,1,76,3,1,2,00,2,8,1,201600035098B01,7,17,1
201600035105,2016-03-22,2016,mars,mardi,19:05,83,83050,43.53286,6.47153,1,1,1,1,1,4,2,00,2,1,000,000,1,0,1,4,1,12,0,1,2,00,2,8,19,201600035105B01,7,1,1
201600035105,2016-03-22,2016,mars,mardi,19:05,83,83050,43.53286,6.47153,1,1,1,1,1,4,2,00,2,1,000,000,1,0,1,1,1,12,0,1,2,00,2,8,19,201600035105B01,7,1,1
201600035120,2016-08-09,2016,août,mardi,90:5,83,83050,43.53644,6.46031,2,3,3,1,1,4,2,03,1,1,000,088,1,0,1,3,1,49,5,1,2,00,2,1,1,201600035120B01,7,15,1
201600035123,2016-09-05,2016,septembre,lundi,18:45,83,83050,43.53191,6.44922,1,6,3,1,1,4,1,01,1,2,000,000,1,0,1,3,1,53,3,1,9,00,0,0,0,201600035123B01,7,2,1
201600035148,2016-11-24,2016,novembre,jeudi,18:10,83,83061,0,0,1,1,3,5,3,3,2,02,1,1,000,000,2,0,1,3,1,39,9,1,9,00,2,6,19,201600035148B01,34,1,1
201600035160,2016-05-06,2016,mai,vendredi,92:5,83,83069,43.0281,6.15559,1,1,6,1,1,3,1,01,2,-1,000,000,1,0,1,1,1,51,5,1,9,00,1,1,13,201600035160A01,,,
201600035179,2016-08-21,2016,août,dimanche,18:50,83,83034,43.10383,6.05472,1,1,4,1,1,3,2,02,1,1,000,066,1,0,1,4,1,33,5,1,2,15,9,1,1,201600035179C01,7,2,2
201600035186,2016-10-01,2016,octobre,samedi,22:10,83,83069,43.11341,6.12922,2,8,3,5,1,4,3,03,1,1,000,110,-1,0,1,3,1,27,0,1,2,00,2,7,19,201600035186B01,7,19,1
201600035188,2016-10-18,2016,octobre,mardi,12:20,83,83069,43.08417,6.15242,2,1,2,1,1,3,2,01,1,1,,070,1,0,1,3,1,73,5,1,2,00,2,6,1,201600035188B01,14,17,1