Num_Acc,date,an,mois,jour,hrmn,dep,com,lat,long,agg,int,col,lum,atm,catr,circ,nbv,prof,plan,lartpc,larrout,surf,infra,situ,grav,sexe,age,trajet,secuexist,equipement,obs,obsm,choc,manv,vehiculeid,typevehicules,manoeuvehicules,numVehicules
201600035221,2016-05-26,2016,mai,jeudi,84:0,83,83009,43.13699,5.76027,2,6,3,1,1,4,1,02,1,1,000,075,1,0,1,3,1,49,1,1,2,00,2,1,19,201600035221A01,7,16,1
201600035223,2016-06-09,2016,juin,jeudi,17:10,83,83129,0,0,2,1,6,1,1,3,2,02,1,1,020,070,1,0,5,1,1,49,5,1,2,00,1,1,0,201600035223A01,,,
201600035223,2016-06-09,2016,juin,jeudi,17:10,83,83129,0,0,2,1,6,1,1,3,2,02,1,1,020,070,1,0,5,3,2,69,0,1,8,00,1,1,0,201600035223A01,,,
201600035231,2016-07-19,2016,juillet,mardi,18:25,83,83129,43.11805,5.8473,2,1,5,1,1,3,2,02,3,3,000,080,1,0,1,1,1,32,5,1,9,00,0,0,1,201600035231D01,30/ 34/ 7,1/17,3
201600035251,2016-09-28,2016,septembre,mercredi,16:05,83,83129,43.10658,5.81434,2,6,3,1,1,3,2,02,4,-1,000,000,1,5,1,4,1,49,5,1,2,00,2,7,0,201600035251B01,7,9,1
201600035256,2016-10-26,2016,octobre,mercredi,17:45,83,83129,43.09601,5.83124,2,1,6,1,1,3,2,02,1,1,000,060,1,0,5,3,1,62,5,1,2,00,2,8,1,201600035256B01,7,14,1
201600035268,2016-02-17,2016,février,mercredi,17:00,83,83126,43.11335,5.88358,2,1,3,1,1,3,2,02,1,3,000,000,1,0,1,3,2,30,4,1,4,00,0,0,0,201600035268B01,7,1,1
201600035277,2016-06-24,2016,juin,vendredi,15:45,83,83126,43.11039,5.87883,2,1,3,1,1,4,-1,05,1,1,000,000,1,0,0,4,1,22,1,1,2,00,2,1,1,201600035277B01,7,19,1
201600035279,2016-08-20,2016,août,samedi,14:30,83,83126,43.10452,5.87884,2,1,3,1,1,4,1,02,1,1,000,000,1,0,1,3,1,6,5,1,9,00,0,0,0,201600035279B01,7,1,1
201600035306,2016-03-15,2016,mars,mardi,18:10,83,83137,43.12802,5.9549,2,1,3,1,1,3,1,01,1,1,000,060,1,0,1,4,2,66,1,1,2,00,2,0,2,201600035306B01,7,2,1
201600035313,2016-03-25,2016,mars,vendredi,10:15,83,83062,43.13292,6.04217,2,1,3,1,1,3,2,02,1,1,000,100,1,0,1,3,1,82,5,1,2,00,2,3,19,201600035313A01,30,1,1
201600035319,2016-04-09,2016,avril,samedi,20:52,83,83090,43.12705,5.87794,2,6,3,5,1,3,1,01,1,3,015,034,1,0,1,4,1,41,0,1,2,00,2,1,5,201600035319A01,34,1,1
201600035328,2016-05-04,2016,mai,mercredi,93:0,83,83137,43.12372,5.96969,2,1,3,1,7,4,-1,00,1,2,000,079,1,0,1,4,2,48,5,1,2,00,2,7,1,201600035328A01,10,9,1
201600035339,2016-06-04,2016,juin,samedi,20:10,83,83137,43.1275,5.90555,1,1,3,1,1,4,3,03,1,1,000,120,1,0,1,3,1,8,5,1,2,00,2,0,0,201600035339B01,7,1,1
201600035340,2016-06-06,2016,juin,lundi,11:00,83,83137,43.13213,5.882,2,1,6,1,1,4,1,00,2,-1,000,030,1,5,1,3,1,12,0,1,9,00,2,0,0,201600035340A01,7,0,1
201600035344,2016-06-13,2016,juin,lundi,22:55,83,83137,43.12834,5.90931,2,3,3,5,1,4,1,00,1,1,000,060,1,0,0,4,1,38,5,1,9,00,2,1,1,201600035344B01,7,15,1
201600035369,2016-08-09,2016,août,mardi,18:40,83,83062,43.10808,5.98405,1,1,3,1,1,4,2,02,1,1,000,000,1,0,1,4,1,14,5,1,9,00,2,3,15,201600035369B01,2,17,1
201600035376,2016-08-10,2016,août,mercredi,70:0,83,83137,43.12338,5.98194,2,1,3,1,1,4,-1,01,-1,-1,000,050,-1,0,0,3,1,40,0,1,2,00,2,0,0,201600035376B01,7,0,1
201600035381,2016-09-01,2016,septembre,jeudi,73:5,83,83062,43.11308,5.9933,2,1,3,2,7,4,2,02,2,1,000,030,1,0,1,4,1,50,1,1,2,00,2,1,1,201600035381B01,7,15,1
201600035385,2016-09-03,2016,septembre,samedi,20:25,83,83090,43.13503,5.84643,2,1,3,5,1,4,1,01,1,2,000,070,1,0,1,3,1,44,0,1,2,00,2,1,1,201600035385B01,7,1,1
201600035408,2016-10-05,2016,octobre,mercredi,18:15,83,83137,43.13929,5.88545,2,1,2,1,1,4,3,02,2,1,000,035,1,0,1,4,1,18,5,1,2,00,2,1,1,201600035408B01,7,4,1
201600035413,2016-10-11,2016,octobre,mardi,16:20,83,83137,43.12203,5.94019,2,1,3,1,1,4,-1,05,1,2,000,025,1,0,1,3,1,63,0,1,9,00,9,2,1,201600035413A01,33,0,1
201600035416,2016-10-12,2016,octobre,mercredi,17:45,83,83137,43.12099,5.94724,2,1,3,1,8,4,2,02,1,1,000,000,1,0,1,4,1,12,0,1,2,00,0,0,0,201600035416B01,7,1,1
201600035441,2016-11-26,2016,novembre,samedi,18:20,83,83144,43.13889,5.99472,2,1,1,2,1,4,2,02,1,1,000,130,1,0,1,4,1,16,5,1,2,00,2,1,17,201600035441B01,7,15,1
201600035441,2016-11-26,2016,novembre,samedi,18:20,83,83144,43.13889,5.99472,2,1,1,2,1,4,2,02,1,1,000,130,1,0,1,1,1,22,5,1,2,00,2,1,17,201600035441B01,7,15,1
201600035442,2016-11-26,2016,novembre,samedi,22:35,83,83137,43.11773,5.9357,2,6,2,5,1,4,1,00,1,1,000,000,1,5,1,1,1,28,0,1,2,00,2,4,2,201600035442B01,31,2,1
201600035452,2016-12-04,2016,décembre,dimanche,16:20,83,83144,43.13785,6.01563,2,1,3,1,1,4,2,02,2,1,000,070,1,0,1,4,1,8,0,1,9,00,2,0,0,201600035452B01,7,1,1
201600035470,2016-11-11,2016,novembre,vendredi,90:0,84,84007,0,0,2,1,3,1,1,4,2,03,1,1,000,070,1,0,1,3,1,61,5,1,2,00,2,7,15,201600035470B01,7,11,1
201600035491,2016-08-23,2016,août,mardi,62:8,84,84007,43.93222,4.82933,2,5,2,2,1,3,2,02,1,1,000,000,1,5,1,2,1,77,0,1,9,00,2,5,2,201600035491B01,7,2,1
201600035503,2016-07-13,2016,juillet,mercredi,92:5,84,84007,0,0,1,3,1,1,1,4,2,03,1,1,000,000,1,0,1,4,1,49,1,1,2,00,2,1,15,201600035503B01,7,9,1
201600035504,2016-07-29,2016,juillet,vendredi,94:0,84,84007,0,0,1,4,3,1,1,4,2,00,1,1,000,000,1,0,0,3,2,67,9,1,2,00,0,0,0,201600035504B01,7,16,1
201600035525,2016-07-04,2016,juillet,lundi,19:00,84,84031,44.0551,5.03321,2,4,1,1,1,4,2,00,1,1,000,000,1,0,1,3,1,10,0,1,2,00,2,1,0,201600035525B01,7,1,1
201600035533,2016-10-24,2016,octobre,lundi,60:0,84,84035,0,0,2,3,3,2,1,4,-1,00,1,1,000,050,1,5,0,4,1,30,1,1,4,00,0,0,0,201600035533B01,7,19,1
201600035548,2016-09-07,2016,septembre,mercredi,93:0,84,84087,0,0,1,1,2,1,1,3,2,02,1,1,000,000,1,0,1,3,1,81,5,1,2,00,2,0,0,201600035548B01,7,0,1
201600035561,2016-03-03,2016,mars,jeudi,11:55,85,85191,46.66613,-1.44514,2,1,2,1,1,4,4,02,1,1,000,100,1,5,1,2,1,24,5,1,2,00,2,4,2,201600035561B01,17,2,1
201600035571,2016-10-27,2016,octobre,jeudi,12:30,85,85191,46.66068,-1.40187,2,1,1,1,7,3,-1,02,3,1,000,101,1,0,1,3,1,12,5,1,3,00,2,1,5,201600035571B01,7,1,1
201600035583,2016-01-27,2016,janvier,mercredi,14:50,85,85060,46.49017,-1.73935,2,6,3,1,1,4,2,02,1,1,000,000,1,0,0,4,1,11,5,1,2,00,2,7,1,201600035583B01,7,9,1
201600035590,2016-05-10,2016,mai,mardi,15:35,85,85166,46.51442,-1.78993,2,6,3,1,1,3,3,04,1,-1,000,000,1,5,1,3,1,13,2,1,2,00,2,7,19,201600035590B01,7,1,1
201600035595,2016-05-04,2016,mai,mercredi,61:0,85,85194,46.50517,-1.78949,2,6,3,5,1,3,1,02,1,2,000,000,1,0,1,4,1,16,2,1,9,00,2,1,1,201600035595B01,10,9,1
201600035599,2016-06-17,2016,juin,vendredi,10:45,85,85060,46.49077,-1.74969,2,1,2,1,1,4,2,02,-1,-1,000,000,-1,0,1,2,1,63,5,1,9,00,2,4,1,201600035599B01,7,14,1
201600035605,2016-07-18,2016,juillet,lundi,14:10,85,85194,46.49045,-1.77275,2,6,6,1,1,3,2,02,1,1,000,000,1,0,5,3,2,65,5,1,9,00,2,5,1,201600035605A01,7,0,1
201600035607,2016-09-14,2016,septembre,mercredi,12:45,85,85194,46.50319,-1.78476,2,1,6,1,1,4,2,02,1,1,000,000,1,0,1,4,1,60,5,1,9,00,0,0,0,201600035607C01,7,22,1
201600035607,2016-09-14,2016,septembre,mercredi,12:45,85,85194,46.50319,-1.78476,2,1,6,1,1,4,2,02,1,1,000,000,1,0,1,3,1,59,5,1,9,01,0,7,1,201600035607B01,7,22,1
201600035614,2016-10-05,2016,octobre,mercredi,12:00,85,85166,46.51942,1.76519,2,6,3,1,1,4,2,02,1,2,000,000,1,5,1,3,1,16,5,1,9,00,0,0,0,201600035614B01,7,1,1
201600035633,2016-03-17,2016,mars,jeudi,18:30,86,86066,46.78643,0.5475,1,1,3,1,1,3,1,02,1,2,000,000,1,0,1,4,1,23,5,1,2,00,0,0,0,201600035633B01,7,2,1
201600035643,2016-05-13,2016,mai,vendredi,17:00,86,86066,46.80219,0.54557,2,6,3,1,2,3,2,02,2,1,000,000,2,5,0,4,1,20,2,1,2,00,2,4,16,201600035643B01,7,16,1
201600035648,2016-06-20,2016,juin,lundi,15:05,86,86066,46.79955,0.53715,2,1,1,1,1,3,2,02,2,3,000,000,1,2,5,1,1,17,5,1,2,00,2,1,1,201600035648A01,99,1,1
201600035652,2016-07-08,2016,juillet,vendredi,18:10,86,86066,46.79982,0.53009,2,3,3,1,1,4,2,02,1,1,000,000,1,0,1,4,1,19,5,1,2,00,2,0,1,201600035652B01,7,16,1
201600035659,2016-09-21,2016,septembre,mercredi,84:0,86,86066,46.81449,0.53458,2,1,6,1,1,4,1,01,1,1,000,000,1,0,1,4,1,24,1,1,2,00,2,6,1,201600035659B01,7,17,1
201600035675,2016-11-30,2016,novembre,mercredi,12:58,86,86066,46.8131,0.54069,2,1,3,1,1,4,1,01,1,1,000,000,1,0,1,4,1,63,1,1,2,01,0,1,1,201600035675B01,7,24,1
201600035677,2016-12-02,2016,décembre,vendredi,10:00,86,86066,46.84856,0.54751,2,1,3,1,1,4,2,02,1,1,000,000,1,0,1,4,1,49,1,1,2,00,2,1,1,201600035677B01,7,15,1
201600035701,2016-02-05,2016,février,vendredi,19:00,86,86194,46.5671,0.35987,2,2,3,5,1,4,3,02,1,1,020,120,1,5,1,4,1,29,9,1,9,00,2,1,1,201600035701B01,7,19,1
201600035748,2016-04-07,2016,avril,jeudi,94:5,86,86194,46.57955,0.34897,2,3,3,1,1,4,2,02,2,1,000,000,1,0,1,4,1,70,5,1,2,00,2,1,1,201600035748B01,7,15,1
201600035762,2016-05-11,2016,mai,mercredi,5:,86,86194,0,0,2,3,3,5,1,3,2,03,3,1,000,105,1,0,1,4,1,29,9,1,9,00,2,8,1,201600035762B01,7,15,1
201600035770,2016-05-21,2016,mai,samedi,17:35,86,86194,46.5837,0.336,2,1,3,1,1,4,2,02,1,1,000,070,1,0,4,4,1,42,0,1,9,00,2,1,1,201600035770B01,7,16,1
201600035790,2016-06-23,2016,juin,jeudi,19:20,86,86041,46.5966,0.3438,2,1,1,1,1,4,2,02,2,1,000,070,1,0,1,4,1,8,5,1,9,00,2,1,1,201600035790B01,7,16,1
201600035811,2016-07-26,2016,juillet,mardi,82:0,86,86133,46.50669,0.27836,2,3,3,1,1,4,2,00,1,1,000,000,1,5,0,4,1,79,5,1,2,00,2,3,0,201600035811A01,31,1,1
201600035816,2016-07-29,2016,juillet,vendredi,19:00,86,86194,46.57358,0.3283,2,1,1,1,1,4,2,02,2,3,000,070,1,0,1,4,2,18,5,1,9,00,2,1,13,201600035816A01,7,1,1
201600035820,2016-08-08,2016,août,lundi,21:10,86,86194,46.57713,0.35413,2,1,1,2,1,4,2,02,2,3,000,070,1,0,1,3,1,22,5,1,2,00,2,1,13,201600035820A01,7,1,1
201600035871,2016-11-08,2016,novembre,mardi,16:45,86,86194,46.56926,0.3693,2,2,1,1,1,3,3,04,1,1,035,140,1,0,1,4,2,50,9,1,9,00,2,1,1,201600035871B01,7,0,1
201600035876,2016-11-15,2016,novembre,mardi,17:30,86,86041,46.59356,0.36317,2,6,3,2,1,4,2,02,1,1,000,070,1,0,1,4,1,16,0,1,2,00,2,1,9,201600035876B01,7,9,1
201600035909,2016-12-30,2016,décembre,vendredi,17:49,87,87085,45.8247,1.23459,2,3,3,2,1,4,2,02,1,1,000,060,1,0,1,4,1,24,1,1,2,00,2,1,1,201600035909B01,7,9,1
201600035949,2016-02-04,2016,février,jeudi,17:50,87,87085,45.86,1.28737,2,9,6,1,3,3,3,04,-1,1,010,120,2,0,1,4,1,60,1,1,2,00,2,5,1,201600035949B01,10,9,1
201600035996,2016-03-30,2016,mars,mercredi,13:06,87,87085,45.835,1.22684,2,3,6,1,1,4,2,02,1,1,000,060,1,0,1,4,1,14,2,1,9,00,2,1,19,201600035996B01,7,16,1
201600036029,2016-05-06,2016,mai,vendredi,91:2,87,87085,45.8178,1.22319,2,1,6,1,1,4,2,02,1,1,000,060,1,0,1,4,1,27,1,1,9,09,0,1,14,201600036029A01,,,
201600036046,2016-05-30,2016,mai,lundi,81:4,87,87050,45.8675,1.23811,2,1,6,1,2,3,4,03,1,1,000,090,2,0,1,4,1,17,1,1,9,12,0,1,1,201600036046A01,,,
201600036066,2016-06-14,2016,juin,mardi,91:6,87,87050,0,0,2,1,6,1,1,4,2,02,2,1,000,060,2,0,1,3,1,17,1,1,2,06,0,1,0,201600036066A01,,,
201600036075,2016-06-22,2016,juin,mercredi,17:05,87,87075,45.7874,1.21312,1,1,6,1,1,2,2,02,-1,1,000,060,1,0,1,4,1,54,5,1,2,00,1,3,1,201600036075A01,,,
201600036100,2016-07-25,2016,juillet,lundi,10:50,87,87085,45.8867,1.26716,1,1,6,1,1,3,2,02,1,2,000,060,1,0,1,3,1,87,5,1,2,00,0,6,1,201600036100A01,,,
201600036103,2016-07-25,2016,juillet,lundi,22:15,87,87085,45.8208,1.2384,2,1,6,5,1,4,2,02,2,1,000,010,1,0,5,2,1,70,5,1,8,00,0,0,0,201600036103A01,,,
201600036105,2016-07-26,2016,juillet,mardi,18:07,87,87085,45.8111,1.27444,2,1,6,1,1,4,2,02,1,1,000,060,1,0,1,4,1,21,5,1,2,00,1,1,1,201600036105A01,,,
201600036118,2016-08-12,2016,août,vendredi,17:27,87,87050,45.8662,1.23804,2,1,6,1,1,3,2,02,1,1,000,060,1,0,1,3,1,39,5,1,9,00,0,1,1,201600036118A01,,,
201600036129,2016-08-30,2016,août,mardi,85:0,87,87085,45.8397,1.22576,2,3,3,1,1,4,2,02,1,3,000,060,1,0,1,4,1,69,5,1,2,00,2,1,15,201600036129B01,7,15,1
201600036130,2016-08-30,2016,août,mardi,10:45,87,87085,45.8486,1.25856,1,3,3,1,1,4,2,02,1,1,000,060,1,0,1,4,1,21,5,1,2,00,2,1,9,201600036130A01,7,9,1
201600036157,2016-10-04,2016,octobre,mardi,20:12,87,87085,45.8181,1.23399,2,1,6,4,1,4,3,04,1,1,010,120,1,0,1,4,2,18,2,1,2,00,2,8,19,201600036157A01,7,1,1
201600036172,2016-10-19,2016,octobre,mercredi,16:12,87,87050,45.8768,1.24388,1,3,3,1,1,4,2,02,1,1,000,060,1,0,1,4,1,47,5,1,9,00,2,1,1,201600036172B01,7,9,1
201600036219,2016-12-03,2016,décembre,samedi,19:00,87,87085,45.8248,1.2758,2,4,6,5,1,3,2,03,1,1,000,090,1,0,1,4,2,55,1,1,4,00,2,8,1,201600036219B01,7,16,1
201600036224,2016-12-10,2016,décembre,samedi,13:31,87,87114,45.8297,1.30702,2,1,6,1,1,4,2,02,1,1,000,060,1,0,1,4,1,52,5,1,9,00,2,2,1,201600036224B01,7,16,1
201600036230,2016-12-16,2016,décembre,vendredi,14:51,87,87085,45.844,1.22962,2,1,6,1,1,4,2,02,1,1,000,060,1,0,1,3,1,84,5,1,8,00,0,0,1,201600036230A01,,,
201600036232,2016-11-30,2016,novembre,mercredi,13:08,87,87114,45.8387,1.30992,1,1,6,1,1,3,2,03,1,1,000,090,1,0,1,4,1,24,1,1,9,00,0,0,1,201600036232A01,,,
201600036262,2016-09-24,2016,septembre,samedi,19:24,88,88415,48.01177,6.60886,2,3,1,1,1,4,2,02,1,1,000,033,1,0,1,3,1,8,5,1,2,00,2,1,9,201600036262B01,7,1,1
201600036268,2016-03-17,2016,mars,jeudi,14:45,88,88413,48.29041,6.94209,2,1,3,1,1,4,2,00,1,1,000,080,1,0,1,3,1,81,2,1,2,01,0,2,1,201600036268B01,7,22,1
201600036281,2016-09-01,2016,septembre,jeudi,18:30,88,88413,48.29138,6.92833,2,1,4,1,1,4,2,01,1,1,030,030,1,0,1,3,1,56,9,1,9,00,0,4,2,201600036281B01,7,2,2
201600036301,2016-11-29,2016,novembre,mardi,95:0,89,89024,47.81476,3.55774,1,1,2,1,1,4,2,02,1,1,000,060,1,0,1,3,1,77,5,1,2,00,2,4,1,201600036301B01,7,1,1
201600036303,2016-01-21,2016,janvier,jeudi,91:6,89,89387,48.19906,3.28404,2,9,2,1,1,4,1,01,1,2,000,025,1,0,1,4,1,13,2,1,2,00,2,8,1,201600036303B01,14,4,1
201600036307,2016-03-24,2016,mars,jeudi,13:05,89,89387,48.20507,3.29461,2,1,3,1,1,4,2,02,-1,-1,000,000,-1,0,1,4,2,20,2,1,2,00,2,1,11,201600036307A01,7,1,1
201600036308,2016-03-30,2016,mars,mercredi,13:25,89,89387,48.20116,3.28227,2,6,6,1,2,4,1,01,1,1,000,060,2,0,1,3,1,26,0,1,2,00,2,0,0,201600036308B01,7,0,1
201600036310,2016-05-08,2016,mai,dimanche,91:0,89,89287,48.1791,3.25817,2,9,2,1,1,3,1,02,1,3,000,084,1,0,1,4,1,40,0,1,2,00,0,0,0,201600036310B01,7,0,1
201600036317,2016-06-03,2016,juin,vendredi,84:0,89,89387,48.19892,3.27671,2,1,7,1,2,4,1,02,1,1,000,062,2,0,1,4,1,27,1,1,2,00,0,0,0,201600036317A01,,,
201600036330,2016-07-18,2016,juillet,lundi,11:50,89,89387,48.19504,3.3094,2,1,3,1,1,4,2,02,1,1,000,000,1,0,1,4,1,10,5,1,2,00,2,0,19,201600036330A01,7,1,1
201600036350,2016-11-25,2016,novembre,vendredi,82:0,89,89387,48.19442,3.28358,2,1,6,1,1,4,2,02,1,1,000,095,1,6,1,4,1,9,2,1,3,00,2,0,0,201600036350B01,7,0,1
201600036359,2016-01-11,2016,janvier,lundi,17:15,90,90010,0,0,2,1,6,2,2,4,-1,01,1,1,000,000,2,0,1,1,1,78,5,1,2,00,1,0,0,201600036359A01,,,
201600036359,2016-01-11,2016,janvier,lundi,17:15,90,90010,0,0,2,1,6,2,2,4,-1,01,1,1,000,000,2,0,1,4,1,14,5,1,9,00,1,0,0,201600036359A01,,,
201600036398,2016-05-31,2016,mai,mardi,15:54,90,90008,47.61094,6.82816,2,6,1,1,3,3,-1,00,1,1,000,000,2,0,0,3,1,81,0,1,2,00,2,1,1,201600036398B01,7,2,1
201600036400,2016-07-03,2016,juillet,dimanche,95:0,90,90010,0,0,2,1,1,1,1,3,4,02,-1,1,000,000,1,0,5,3,1,20,0,1,2,00,0,0,0,201600036400B01,7,15,1
201600036414,2016-09-30,2016,septembre,vendredi,13:37,90,90010,0,0,2,1,1,1,1,3,-1,02,1,-1,000,000,1,6,1,4,1,9,0,1,2,01,0,1,19,201600036414B01,7,2,1
201600036469,2016-05-08,2016,mai,dimanche,15:10,91,91425,48.63975,2.26644,2,3,1,1,1,3,1,01,1,1,000,000,1,0,0,3,1,18,0,1,2,00,2,1,5,201600036469A01,7,1,1
201600036471,2016-05-11,2016,mai,mercredi,17:30,91,91103,48.58537,2.29947,2,1,2,1,2,4,1,01,1,1,000,000,2,0,1,4,2,23,1,1,2,00,2,1,1,201600036471B01,7,9,1
201600036497,2016-07-10,2016,juillet,dimanche,21:5,91,91103,48.60251,2.29546,2,2,3,3,1,4,2,02,1,1,000,000,1,0,1,4,1,25,0,1,4,00,2,8,9,201600036497B01,7,1,1
201600036497,2016-07-10,2016,juillet,dimanche,21:5,91,91103,48.60251,2.29546,2,2,3,3,1,4,2,02,1,1,000,000,1,0,1,1,1,20,0,1,4,00,2,8,9,201600036497B01,7,1,1
201600036522,2016-10-23,2016,octobre,dimanche,11:56,91,91103,48.60862,2.31269,1,6,3,1,1,3,3,02,1,1,000,000,1,5,1,4,1,39,9,1,2,00,2,1,1,201600036522B01,7,16,1
201600036553,2016-10-14,2016,octobre,vendredi,18:05,91,91027,48.71021,2.38901,2,2,3,2,2,4,1,01,1,1,000,000,2,0,1,3,1,16,2,1,9,00,2,1,1,201600036553A01,7,1,1
201600036582,2016-05-05,2016,mai,jeudi,12:00,91,91114,48.68513,2.50125,2,1,6,1,1,4,2,02,1,1,000,070,1,0,1,1,1,65,5,1,9,00,1,1,1,201600036582A01,,,
201600036619,2016-09-26,2016,septembre,lundi,19:15,91,91215,48.69764,2.5195,2,6,1,1,1,3,3,02,3,1,000,060,2,0,1,4,1,15,5,1,9,00,2,1,1,201600036619A01,33,1,1
201600036626,2016-11-20,2016,novembre,dimanche,20:10,91,91114,48.69645,2.4983,2,3,3,5,2,3,2,02,1,1,200,200,2,0,1,4,1,15,0,1,2,00,2,1,1,201600036626A01,7,8,1
201600036633,2016-09-13,2016,septembre,mardi,81:0,91,91114,48.694,2.49,2,1,3,2,1,4,1,02,1,1,150,150,1,0,1,4,1,13,0,1,2,00,2,1,2,201600036633B01,7,1,1
201600036655,2016-02-20,2016,février,samedi,11:50,91,91657,48.6992,2.41728,2,5,1,1,1,3,2,02,1,2,000,000,1,0,1,4,1,69,0,1,9,00,2,1,1,201600036655B01,7,1,1
201600036660,2016-03-12,2016,mars,samedi,90:0,91,91201,48.68577,2.41122,2,4,3,1,7,4,2,02,1,2,000,000,1,0,1,3,1,71,0,1,2,00,2,1,1,201600036660B01,7,15,1
201600036683,2016-06-28,2016,juin,mardi,75:0,91,91657,48.70363,2.41331,2,6,3,1,1,3,2,02,1,1,000,000,1,0,1,4,1,30,1,1,9,00,2,2,1,201600036683B01,7,9,1
201600036693,2016-07-28,2016,juillet,jeudi,21:05,91,91657,48.70503,2.42141,2,2,2,1,1,4,2,02,1,1,000,068,1,0,1,3,2,54,0,1,9,00,2,4,2,201600036693B01,7,1,1
201600036697,2016-09-03,2016,septembre,samedi,18:15,91,91657,48.6891,2.43643,2,6,3,1,1,3,2,02,1,1,000,000,1,0,1,3,1,58,5,1,2,00,2,7,19,201600036697B01,7,19,1
201600036699,2016-09-27,2016,septembre,mardi,18:10,91,91201,48.68308,2.4081,2,3,3,1,1,3,2,02,1,1,000,000,1,0,0,3,1,13,9,1,2,00,2,7,1,201600036699B01,7,1,1
201600036709,2016-12-09,2016,décembre,vendredi,94:0,91,91201,48.68646,2.40416,2,4,3,1,1,3,2,03,2,1,000,000,1,0,1,4,1,29,0,1,2,00,2,7,17,201600036709B01,31,11,1
201600036713,2016-01-08,2016,janvier,vendredi,83:5,91,91223,48.43697,2.14616,2,1,7,1,1,4,2,02,1,1,000,000,1,0,1,4,1,16,0,1,2,00,0,0,15,201600036713A01,,,
201600036753,2016-05-15,2016,mai,dimanche,15:00,91,91223,48.43371,2.15507,2,1,6,1,1,4,2,02,2,1,000,000,1,0,1,4,1,13,0,1,9,00,0,0,0,201600036753A01,,,
201600036764,2016-06-12,2016,juin,dimanche,11:45,91,91223,48.42994,2.15785,2,1,6,1,1,4,2,02,1,1,000,000,1,0,1,1,1,19,0,1,2,00,1,1,1,201600036764A01,,,
201600036764,2016-06-12,2016,juin,dimanche,11:45,91,91223,48.42994,2.15785,2,1,6,1,1,4,2,02,1,1,000,000,1,0,1,1,1,19,0,1,2,00,1,1,1,201600036764A01,,,
201600036799,2016-12-04,2016,décembre,dimanche,23:45,91,91223,48.43271,2.15117,2,1,7,5,1,4,1,02,1,1,000,000,1,0,1,3,1,39,0,1,2,00,0,0,0,201600036799A01,,,
201600036827,2016-01-14,2016,janvier,jeudi,14:40,91,91161,48.70823,2.31007,2,6,3,1,2,3,1,03,1,2,000,000,2,0,1,3,1,64,0,1,9,00,2,9,1,201600036827B01,7,15,1
201600036872,2016-02-03,2016,février,mercredi,17:15,91,91377,48.73249,2.2659,2,6,3,1,8,3,1,01,1,3,000,000,1,0,1,3,1,46,0,1,4,00,2,0,1,201600036872B01,7,1,1
201600036883,2016-05-17,2016,mai,mardi,19:37,91,91689,48.72691,2.32194,1,1,3,1,1,3,2,00,1,1,000,000,1,0,0,3,1,50,0,1,2,00,2,0,0,201600036883B01,7,23,1
201600036893,2016-09-26,2016,septembre,lundi,82:0,91,91377,48.72103,2.30205,1,1,3,1,1,4,2,02,1,1,000,024,1,0,5,4,1,54,4,1,2,00,2,1,19,201600036893B01,7,19,1
201600036902,2016-12-09,2016,décembre,vendredi,18:00,91,91689,48.72713,2.32282,1,1,1,3,1,3,3,02,1,1,000,000,1,0,1,3,1,53,1,1,2,00,2,1,1,201600036902B01,33,1,1
201600036911,2016-01-18,2016,janvier,lundi,12:30,91,91421,48.70254,2.46649,2,1,3,1,1,3,2,02,1,1,000,000,1,0,1,4,1,31,0,1,2,00,2,1,1,201600036911B01,7,15,1
201600036931,2016-04-03,2016,avril,dimanche,11:30,91,91421,48.43098,2.2629,2,6,2,1,1,6,-1,00,1,1,000,070,1,0,1,4,2,59,5,1,2,00,2,4,2,201600036931B01,7,1,1
201600036934,2016-05-09,2016,mai,lundi,16:05,91,91191,48.71484,2.46326,2,1,6,1,1,4,2,02,1,1,000,050,1,0,4,1,1,14,5,1,9,00,1,1,1,201600036934A01,,,
201600036934,2016-05-09,2016,mai,lundi,16:05,91,91191,48.71484,2.46326,2,1,6,1,1,4,2,02,1,1,000,050,1,0,4,4,2,80,5,1,8,00,1,1,1,201600036934A01,,,
201600036951,2016-08-04,2016,août,jeudi,23:00,91,91691,48.71692,2.49021,2,1,6,5,1,4,1,01,2,1,000,040,1,0,1,1,1,38,5,1,2,00,1,1,1,201600036951A01,,,
201600036965,2016-09-12,2016,septembre,lundi,16:45,91,91691,48.7111,2.48618,2,2,3,1,1,4,2,02,1,1,000,000,1,0,1,4,1,85,9,1,2,00,2,1,1,201600036965B01,7,1,1
201600036985,2016-12-07,2016,décembre,mercredi,75:5,91,91421,48.70418,2.44686,2,1,2,1,1,4,2,02,2,1,000,100,1,0,1,3,1,67,0,1,2,00,2,4,2,201600036985B01,7,1,1
201600036996,2016-02-24,2016,février,mercredi,95:0,91,91692,48.6827,2.16688,2,1,6,1,1,4,2,02,1,1,025,025,1,6,1,3,1,16,5,1,2,00,2,1,1,201600036996A01,7,0,1