Num_Acc,date,an,mois,jour,hrmn,dep,com,lat,long,agg,int,col,lum,atm,catr,circ,nbv,prof,plan,lartpc,larrout,surf,infra,situ,grav,sexe,age,trajet,secuexist,equipement,obs,obsm,choc,manv,vehiculeid,typevehicules,manoeuvehicules,numVehicules
201600038965,2016-05-02,2016,mai,lundi,94:0,92,92051,0,0,2,1,3,1,1,4,2,00,1,1,000,000,1,0,1,3,2,43,9,1,2,00,2,3,2,201600038965A01,7,2,1
201600038970,2016-05-19,2016,mai,jeudi,19:05,92,92051,0,0,2,1,2,1,1,4,2,04,1,1,000,000,1,0,1,4,1,20,5,1,9,00,2,1,2,201600038970A01,7,2,1
201600038972,2016-05-13,2016,mai,vendredi,92:5,92,92051,0,0,2,1,6,1,8,2,1,02,1,1,000,000,1,0,1,4,2,27,1,1,4,00,2,1,0,201600038972B01,99,22,1
201600038975,2016-06-02,2016,juin,jeudi,81:5,92,92051,0,0,2,1,5,1,2,4,2,00,2,1,000,000,2,0,1,3,1,64,5,1,2,00,2,4,2,201600038975Y01,7,17/2,2
201600038980,2016-06-21,2016,juin,mardi,17:45,92,92051,0,0,2,1,2,1,8,3,2,00,1,1,000,000,1,0,1,4,1,50,5,1,2,00,2,4,1,201600038980B01,7,17,1
201600038981,2016-06-23,2016,juin,jeudi,95:0,92,92051,0,0,2,1,6,1,1,4,2,02,-1,-1,000,000,1,0,1,4,1,24,4,1,2,01,0,1,0,201600038981B01,7,22,1
201600039013,2016-09-18,2016,septembre,dimanche,19:50,92,92051,0,0,2,1,5,5,2,4,2,00,1,1,000,000,2,0,1,4,1,40,9,1,2,01,0,0,1,201600039013B01,7,1/2,2
201600039094,2016-12-14,2016,décembre,mercredi,19:00,92,92062,0,0,2,3,3,5,1,3,2,02,2,1,,,1,0,1,4,1,45,5,1,9,00,2,1,1,201600039094A01,7,1,1
201600039099,2016-01-16,2016,janvier,samedi,17:35,92,92063,0,0,2,1,6,2,1,3,2,02,1,1,000,075,1,0,1,4,2,50,5,1,9,01,0,1,1,201600039099B01,7,22,1
201600039101,2016-01-21,2016,janvier,jeudi,20:25,92,92063,0,0,2,3,2,5,1,4,2,02,1,1,000,065,1,0,1,4,1,46,1,1,9,00,2,4,23,201600039101B01,7,1,1
201600039107,2016-02-11,2016,février,jeudi,15:20,92,92063,0,0,2,1,2,1,1,3,3,04,2,1,016,120,2,2,1,4,1,29,5,1,9,00,2,4,2,201600039107B01,7,2,1
201600039120,2016-03-30,2016,mars,mercredi,12:50,92,92063,0,0,2,1,6,1,2,3,3,04,1,1,010,120,2,0,1,1,2,29,1,1,9,00,1,5,1,201600039120A01,,,
201600039127,2016-04-18,2016,avril,lundi,17:15,92,92063,0,0,2,1,3,1,1,4,1,01,1,3,000,045,1,0,1,3,1,14,5,1,9,00,2,8,19,201600039127B01,7,1,1
201600039145,2016-06-27,2016,juin,lundi,16:30,92,92063,0,0,2,1,3,1,1,3,3,05,1,1,013,153,2,0,1,4,2,57,4,1,9,00,2,6,19,201600039145B01,7,1,1
201600039145,2016-06-27,2016,juin,lundi,16:30,92,92063,0,0,2,1,3,1,1,3,3,05,1,1,013,153,2,0,1,1,1,2,5,1,9,00,2,6,19,201600039145B01,7,1,1
201600039152,2016-08-11,2016,août,jeudi,10:40,92,92063,0,0,2,1,3,1,1,3,3,04,1,1,015,150,1,0,1,4,1,97,5,1,9,00,2,1,9,201600039152B01,7,12,1
201600039153,2016-08-24,2016,août,mercredi,65:0,92,92063,0,0,2,1,7,1,1,3,2,02,2,1,000,075,1,0,1,4,2,59,5,1,9,00,0,7,1,201600039153A01,,,
201600039155,2016-09-01,2016,septembre,jeudi,11:20,92,92063,0,0,2,1,6,1,1,3,2,02,2,2,000,120,1,0,1,3,1,37,5,1,9,08,0,7,1,201600039155A01,,,
201600039160,2016-09-11,2016,septembre,dimanche,18:50,92,92063,0,0,2,1,6,1,1,4,2,02,1,1,000,090,1,0,1,4,1,54,5,1,9,00,2,1,1,201600039160B01,10,22,1
201600039161,2016-09-12,2016,septembre,lundi,17:20,92,92063,0,0,2,1,6,1,1,4,1,01,1,1,000,085,1,0,1,4,1,13,5,1,9,00,2,8,5,201600039161A01,32,1,1
201600039170,2016-10-04,2016,octobre,mardi,85:0,92,92063,0,0,2,3,5,1,1,3,2,03,1,1,000,115,1,5,1,4,1,14,2,1,9,00,2,7,15,201600039170A01,7,1,2
201600039203,2016-02-08,2016,février,lundi,16:30,92,92064,0,0,2,1,7,1,2,4,1,01,1,1,000,000,2,0,1,4,2,42,5,1,9,12,0,0,1,201600039203A01,,,
201600039216,2016-04-12,2016,avril,mardi,18:35,92,92033,0,0,2,4,3,1,1,4,2,02,1,1,000,000,1,0,1,4,1,35,1,1,2,00,2,1,0,201600039216A01,7,15,1
201600039234,2016-05-21,2016,mai,samedi,11:10,92,92064,0,0,2,1,2,1,1,3,2,03,1,1,000,000,1,0,1,4,1,27,5,1,2,00,2,4,2,201600039234A01,13,23,1
201600039243,2016-06-22,2016,juin,mercredi,16:30,92,92064,0,0,2,2,6,1,1,4,1,01,1,1,000,024,1,0,1,4,1,27,5,1,2,00,2,1,5,201600039243A01,7,1,1
201600039306,2016-02-17,2016,février,mercredi,91:5,92,92022,0,0,2,1,2,1,1,3,2,02,1,1,000,060,1,0,1,4,1,15,2,1,2,00,2,1,1,201600039306A01,7,23,1
201600039314,2016-05-06,2016,mai,vendredi,10:50,92,92072,0,0,2,1,3,1,1,3,3,04,1,1,018,130,1,0,1,4,1,58,9,1,2,01,0,1,17,201600039314B01,10,23,1
201600039318,2016-05-13,2016,mai,vendredi,18:10,92,92072,0,0,2,1,7,1,1,3,2,03,1,1,000,044,1,0,1,4,1,63,5,1,2,00,0,0,1,201600039318A01,7,16,1
201600039320,2016-05-29,2016,mai,dimanche,16:30,92,92072,0,0,2,3,3,1,2,3,2,02,2,1,000,069,2,0,1,4,1,30,9,1,2,00,2,1,17,201600039320B01,7,15,1
201600039322,2016-06-13,2016,juin,lundi,19:15,92,92022,0,0,2,1,3,1,1,3,2,04,1,1,000,120,1,0,1,4,1,35,9,1,2,00,2,1,1,201600039322B01,7,10,1
201600039340,2016-09-02,2016,septembre,vendredi,16:20,92,92072,0,0,2,1,7,1,1,4,2,02,2,1,000,065,1,0,1,3,1,29,5,1,2,14,0,1,1,201600039340A01,,,
201600039351,2016-10-21,2016,octobre,vendredi,55:0,92,92077,0,0,2,1,6,3,1,3,2,02,2,1,000,058,1,0,1,4,1,24,9,1,2,01,0,1,13,201600039351B01,7,17,1
201600039352,2016-10-21,2016,octobre,vendredi,18:15,92,92022,0,0,2,2,3,2,2,3,2,05,1,1,000,175,2,5,1,4,1,30,1,1,2,00,2,1,1,201600039352A01,7,10,1
201600039363,2016-12-13,2016,décembre,mardi,10:10,92,92022,0,0,2,1,6,1,1,3,-1,02,1,1,000,080,2,0,1,3,2,37,1,1,2,00,2,2,1,201600039363B01,10,23,1
201600039378,2016-03-25,2016,mars,vendredi,19:30,92,92073,0,0,2,3,6,5,1,3,3,04,1,1,000,000,1,0,1,4,1,31,0,1,2,00,2,1,7,201600039378B01,7,16,1
201600039391,2016-06-24,2016,juin,vendredi,21:15,92,92073,0,0,2,1,1,2,1,2,1,01,1,1,000,000,1,6,1,4,1,52,5,1,2,00,2,3,19,201600039391B01,7,3,1
201600039398,2016-07-26,2016,juillet,mardi,19:00,92,92073,0,0,2,3,3,1,1,4,1,01,1,1,000,000,1,0,1,4,1,52,5,1,2,00,2,8,15,201600039398A01,7,19,1
201600039401,2016-08-28,2016,août,dimanche,21:30,92,92073,0,0,2,1,3,5,1,3,3,04,2,1,000,000,1,0,1,3,1,30,5,1,9,00,2,8,0,201600039401B01,10,12,1
201600039427,2016-02-14,2016,février,dimanche,14:30,92,92046,0,0,2,2,1,1,2,4,2,02,1,1,000,000,2,0,1,4,2,69,5,1,9,00,2,1,23,201600039427B01,7,16,1
201600039450,2016-06-01,2016,juin,mercredi,11:00,92,92046,0,0,2,6,3,1,1,4,1,00,1,2,000,063,1,0,1,4,1,16,2,1,9,00,2,7,1,201600039450B01,7,14,1
201600039462,2016-07-07,2016,juillet,jeudi,17:35,92,92075,0,0,2,1,7,1,1,4,2,02,1,1,000,000,1,0,1,4,1,15,0,1,2,12,0,1,1,201600039462A01,,,
201600039463,2016-07-08,2016,juillet,vendredi,84:5,92,92075,0,0,2,2,3,1,1,4,2,02,1,1,000,035,1,0,1,4,2,26,1,1,2,00,2,1,1,201600039463B01,7,15,1
201600039486,2016-10-12,2016,octobre,mercredi,83:0,92,92075,0,0,2,3,3,1,1,4,2,00,1,1,000,000,1,0,1,4,2,36,1,1,2,00,2,8,19,201600039486B01,7,15,1
201600039487,2016-10-24,2016,octobre,lundi,95:5,92,92046,0,0,2,2,3,1,2,4,2,02,1,1,000,000,2,0,1,4,1,27,1,1,9,00,2,1,1,201600039487A01,7,0,1
201600039489,2016-11-18,2016,novembre,vendredi,10:22,92,92075,0,0,2,3,7,1,1,4,1,00,4,1,000,000,1,0,1,4,2,51,1,1,2,00,2,1,1,201600039489A01,10,23,1
201600039499,2016-12-04,2016,décembre,dimanche,10:40,92,92075,0,0,2,6,3,1,1,4,1,01,1,2,000,000,1,0,1,4,1,49,5,1,2,00,2,7,1,201600039499B01,7,1,1
201600039518,2016-03-22,2016,mars,mardi,17:35,92,92078,0,0,2,1,7,1,1,9,-1,01,1,1,000,000,1,0,5,1,1,52,1,1,9,00,1,1,1,201600039518A01,,,
201600039518,2016-03-22,2016,mars,mardi,17:35,92,92078,0,0,2,1,7,1,1,9,-1,01,1,1,000,000,1,0,5,4,2,56,0,1,9,00,1,1,1,201600039518A01,,,
201600039547,2016-09-14,2016,septembre,mercredi,18:00,92,92026,0,0,2,1,3,1,1,4,1,02,1,1,000,060,1,0,1,4,2,17,2,1,9,00,0,5,1,201600039547B01,7,0,1
201600039603,2016-05-09,2016,mai,lundi,10:15,93,93001,0,0,2,2,3,1,1,3,2,01,1,3,110,080,1,0,1,4,1,51,0,1,4,00,2,1,19,201600039603B01,14,16,1
201600039604,2016-05-13,2016,mai,vendredi,14:44,93,93001,0,0,2,2,6,1,1,4,2,01,1,-1,000,070,1,2,1,4,1,44,3,1,2,00,2,6,9,201600039604A01,7,1,1
201600039609,2016-05-24,2016,mai,mardi,23:00,93,93001,0,0,2,1,1,5,1,4,2,02,1,2,000,050,1,0,1,4,1,36,0,1,9,00,2,1,0,201600039609A01,7,0,1
201600039624,2016-07-08,2016,juillet,vendredi,13:55,93,93001,0,0,1,1,3,1,1,6,-1,00,1,1,000,000,1,0,1,1,1,29,0,1,2,00,2,7,19,201600039624B01,30,2,1
201600039625,2016-07-10,2016,juillet,dimanche,16:20,93,93001,0,0,2,1,2,1,7,4,2,04,1,1,000,000,1,0,1,4,1,11,5,1,9,00,2,1,2,201600039625B01,7,2,1
201600039635,2016-08-20,2016,août,samedi,14:53,93,93001,0,0,2,2,3,1,1,4,2,02,1,1,020,080,1,0,1,4,1,32,9,1,2,00,2,3,1,201600039635B01,7,16,1
201600039636,2016-08-20,2016,août,samedi,13:30,93,93001,0,0,2,1,3,1,1,4,1,00,1,1,000,000,1,0,1,4,1,41,0,1,2,01,2,1,1,201600039636B01,7,22,1
201600039650,2016-09-23,2016,septembre,vendredi,95:5,93,93001,0,0,2,1,6,1,1,3,2,02,1,1,000,000,1,0,1,4,1,30,1,1,4,00,2,1,1,201600039650B01,7,22,1
201600039662,2016-10-20,2016,octobre,jeudi,93:5,93,93001,0,0,2,2,3,1,2,3,1,01,1,1,000,080,2,0,0,4,2,46,0,1,9,00,2,7,2,201600039662B01,14,2,1
201600039677,2016-12-27,2016,décembre,mardi,50:0,93,93001,0,0,2,1,1,5,1,4,2,02,1,1,000,030,1,0,1,4,1,22,0,1,2,00,2,1,19,201600039677B01,37,2,1
201600039685,2016-01-07,2016,janvier,jeudi,15:20,93,93005,0,0,2,1,3,1,1,2,1,01,1,1,000,000,1,0,1,4,1,27,0,1,2,00,2,1,0,201600039685B01,7,0,1
201600039712,2016-02-13,2016,février,samedi,20:00,93,93005,0,0,2,3,1,5,2,4,2,02,1,1,000,000,2,0,1,4,1,34,5,1,4,00,2,1,15,201600039712B01,7,1,1
201600039724,2016-03-05,2016,mars,samedi,17:25,93,93005,0,0,2,9,3,1,1,4,3,02,1,1,020,050,1,6,1,4,2,13,5,1,2,00,2,7,19,201600039724B01,7,1,1
201600039758,2016-05-25,2016,mai,mercredi,70:0,93,93005,0,0,2,1,1,2,1,4,2,01,1,1,000,000,1,0,1,4,1,30,1,1,9,00,2,0,0,201600039758B01,7,1,1
201600039766,2016-06-15,2016,juin,mercredi,74:0,93,93005,0,0,2,1,1,1,2,3,3,04,1,-1,000,060,2,0,1,4,1,27,0,1,9,00,2,8,19,201600039766B01,10,21,1
201600039770,2016-06-25,2016,juin,samedi,14:00,93,93005,0,0,2,1,3,1,1,4,1,01,1,1,000,000,1,0,1,3,1,13,0,1,9,00,2,0,19,201600039770B01,7,2,1
201600039783,2016-07-25,2016,juillet,lundi,11:40,93,93005,0,0,2,1,3,1,1,4,2,01,2,1,000,000,1,0,1,3,1,17,5,1,2,00,2,0,9,201600039783A01,7,2,1
201600039785,2016-08-07,2016,août,dimanche,20:15,93,93005,0,0,2,1,2,1,1,4,2,02,1,1,000,000,1,0,1,4,2,24,1,1,2,00,2,4,1,201600039785A01,7,1,1
201600039808,2016-10-07,2016,octobre,vendredi,17:10,93,93005,0,0,2,1,6,1,1,4,2,02,1,1,000,000,1,0,5,4,1,15,0,1,2,01,0,1,13,201600039808B01,7,2,1
201600039818,2016-10-27,2016,octobre,jeudi,80:0,93,93005,0,0,2,2,3,2,5,4,2,02,1,1,000,000,1,0,1,4,2,29,0,1,9,00,2,1,1,201600039818B01,7,1,1
201600039828,2016-12-02,2016,décembre,vendredi,17:40,93,93005,0,0,2,1,1,5,1,4,2,01,1,1,000,000,1,0,1,4,1,43,0,1,9,00,2,1,1,201600039828B01,7,21,1
201600039836,2016-12-26,2016,décembre,lundi,18:00,93,93005,0,0,2,4,1,5,1,4,2,01,1,2,000,000,1,0,1,3,1,42,0,1,2,00,2,7,0,201600039836B01,7,1,1
201600039881,2016-09-02,2016,septembre,vendredi,17:20,93,93007,0,0,2,1,6,1,1,6,2,01,1,1,000,000,1,0,1,3,1,4,5,1,9,00,2,0,0,201600039881B01,7,0,1
201600039901,2016-12-04,2016,décembre,dimanche,18:50,93,93007,0,0,2,2,3,5,1,3,-1,02,1,1,000,000,1,5,1,3,1,6,5,1,9,00,0,0,0,201600039901B01,7,0,1
201600039930,2016-04-07,2016,avril,jeudi,13:00,93,93008,0,0,2,1,2,1,2,3,1,02,1,-1,010,040,2,0,1,3,1,66,0,1,2,00,2,6,2,201600039930B01,7,2,1
201600039938,2016-04-18,2016,avril,lundi,10:20,93,93008,0,0,2,7,1,1,1,9,1,00,1,-1,000,000,1,0,1,3,1,16,0,1,9,00,0,0,0,201600039938B01,7,0,1
201600039944,2016-05-14,2016,mai,samedi,14:30,93,93008,0,0,2,3,6,1,1,4,2,02,1,1,000,000,1,0,1,3,1,31,5,1,9,00,2,1,5,201600039944B01,7,9,1
201600039987,2016-10-18,2016,octobre,mardi,16:00,93,93008,0,0,2,1,3,1,8,4,2,01,1,1,000,000,-1,0,1,4,1,56,1,1,4,00,2,7,0,201600039987B01,7,0,1
201600040088,2016-09-15,2016,septembre,jeudi,17:45,93,93010,0,0,2,1,3,1,1,4,2,01,1,1,000,000,1,0,1,3,1,19,0,1,2,00,0,5,0,201600040088B01,7,0,1
201600040090,2016-09-22,2016,septembre,jeudi,52:5,93,93010,0,0,2,3,1,5,1,3,-1,02,1,1,000,000,1,0,1,4,1,37,1,1,9,00,2,8,19,201600040090B01,7,1,1
201600040095,2016-10-03,2016,octobre,lundi,16:35,93,93010,0,0,2,4,3,1,7,4,2,02,1,1,000,060,1,5,1,4,1,58,0,1,9,00,2,1,1,201600040095B01,7,1,1
201600040136,2016-03-02,2016,mars,mercredi,20:10,93,93047,0,0,2,3,3,5,3,3,2,02,3,1,000,050,2,0,1,3,2,68,0,1,2,00,2,8,15,201600040136A01,7,17,1
201600040154,2016-05-01,2016,mai,dimanche,75:0,93,93047,0,0,2,1,1,1,1,4,2,00,2,-1,000,000,1,0,1,4,1,49,5,1,2,00,2,1,2,201600040154B01,7,17,1
201600040179,2016-08-02,2016,août,mardi,13:15,93,93047,0,0,2,1,3,1,2,3,2,02,2,1,000,060,2,0,5,3,1,72,3,1,2,00,2,1,1,201600040179B01,7,15,1
201600040227,2016-03-15,2016,mars,mardi,17:30,93,93027,0,0,2,1,3,1,1,3,2,02,1,1,000,000,1,0,1,3,1,11,0,1,2,00,2,4,19,201600040227B01,7,0,1
201600040234,2016-04-06,2016,avril,mercredi,18:50,93,93013,0,0,2,3,3,1,2,4,1,01,1,1,000,040,2,0,1,3,1,15,0,1,2,00,2,1,5,201600040234A01,7,0,1
201600040263,2016-06-28,2016,juin,mardi,14:30,93,93030,0,0,2,3,3,1,1,4,2,01,1,1,000,070,1,0,1,3,1,56,0,1,9,00,2,8,19,201600040263B01,7,15,1
201600040264,2016-06-28,2016,juin,mardi,16:50,93,93027,0,0,2,1,6,1,1,3,1,01,1,1,000,030,1,0,1,4,1,54,0,1,2,00,1,1,1,201600040264B01,,,
201600040270,2016-07-10,2016,juillet,dimanche,19:00,93,93027,0,0,2,1,3,1,1,4,2,02,1,-1,000,050,1,0,1,3,1,28,0,1,9,00,2,7,0,201600040270A01,7,0,1
201600040296,2016-10-21,2016,octobre,vendredi,12:49,93,93013,0,0,2,1,2,1,2,3,3,04,2,1,025,040,2,0,1,3,2,46,1,1,9,00,2,4,3,201600040296B01,7,1,1
201600040370,2016-08-26,2016,août,vendredi,15:30,93,93029,0,0,2,2,6,1,1,4,2,02,1,1,000,000,1,0,1,4,2,61,0,1,9,00,2,7,15,201600040370A01,7,2,1
201600040377,2016-09-26,2016,septembre,lundi,13:18,93,93029,0,0,2,1,2,1,1,4,2,02,1,1,000,120,1,0,1,3,1,51,1,1,9,00,0,4,13,201600040377A01,3,0,1
201600040526,2016-06-13,2016,juin,lundi,12:40,93,93032,0,0,2,1,2,1,1,4,2,02,2,1,000,000,1,0,1,4,1,12,0,1,2,00,2,1,2,201600040526A01,7,2,1
201600040539,2016-09-30,2016,septembre,vendredi,82:5,93,93032,0,0,2,9,3,1,1,4,-1,01,1,-1,000,000,1,0,4,4,2,37,2,1,2,00,2,1,21,201600040539B01,7,16,1
201600040541,2016-10-05,2016,octobre,mercredi,19:41,93,93032,0,0,2,5,3,5,1,3,2,01,1,1,000,000,1,5,1,4,2,16,0,1,9,00,2,8,19,201600040541B01,7,19,1
201600040600,2016-07-10,2016,juillet,dimanche,11:40,93,93063,0,0,2,1,3,1,1,4,-1,01,3,-1,000,000,1,0,1,4,1,71,0,1,9,00,9,3,1,201600040600B01,7,0,1
201600040602,2016-07-15,2016,juillet,vendredi,18:50,93,93063,0,0,2,3,1,1,1,4,4,01,1,1,000,000,1,0,1,3,1,19,0,1,9,00,2,0,2,201600040602A01,10,1,1
201600040637,2016-11-06,2016,novembre,dimanche,16:00,93,93045,0,0,2,1,6,1,1,4,2,02,1,1,060,060,1,0,1,4,2,46,5,1,9,00,2,0,17,201600040637B01,7,10,1
201600040637,2016-11-06,2016,novembre,dimanche,16:00,93,93045,0,0,2,1,6,1,1,4,2,02,1,1,060,060,1,0,1,4,2,11,5,1,9,00,2,0,17,201600040637B01,7,10,1
201600040659,2016-01-11,2016,janvier,lundi,12:08,93,93046,0,0,2,3,3,1,2,4,1,01,1,1,000,060,2,0,1,4,1,75,0,1,2,00,2,7,1,201600040659Y01,7,15,1
201600040685,2016-04-18,2016,avril,lundi,18:20,93,93015,0,0,1,1,6,1,1,3,2,02,1,1,000,030,1,0,1,4,1,62,9,1,9,00,2,7,1,201600040685B01,7,0,1
201600040734,2016-11-03,2016,novembre,jeudi,90:0,93,93015,0,0,1,6,3,1,1,3,2,02,1,-1,000,000,1,5,1,4,1,62,5,1,2,00,2,7,0,201600040734A01,7,0,1
201600040756,2016-09-05,2016,septembre,lundi,17:50,93,93046,0,0,2,1,6,1,2,4,2,00,-1,-1,000,000,2,0,1,4,1,34,1,1,2,00,2,0,0,201600040756C01,7,22/0,2
201600040762,2016-01-09,2016,janvier,samedi,10:10,93,93048,0,0,2,1,6,1,8,9,2,01,2,1,000,100,1,0,1,4,1,34,1,1,2,01,0,1,2,201600040762A01,7,24,1
201600040763,2016-01-11,2016,janvier,lundi,83:0,93,93048,0,0,2,9,2,5,2,4,1,01,1,1,000,000,2,0,1,4,2,46,1,1,4,00,2,1,1,201600040763Y01,7,1,1
201600040770,2016-02-10,2016,février,mercredi,20:07,93,93048,0,0,2,2,3,5,8,4,2,02,1,1,000,076,1,0,1,4,1,36,9,1,9,00,0,0,2,201600040770B01,7,0,1
201600040783,2016-04-07,2016,avril,jeudi,13:30,93,93048,0,0,2,1,6,1,2,4,2,01,1,1,000,000,2,0,1,4,1,42,1,1,9,00,1,1,0,201600040783Y01,,,
201600040789,2016-04-19,2016,avril,mardi,21:20,93,93048,0,0,2,1,3,4,1,4,2,02,1,1,050,050,1,0,1,4,1,32,1,1,2,00,2,6,2,201600040789B01,7,2,1
201600040823,2016-07-17,2016,juillet,dimanche,12:05,93,93048,0,0,2,1,3,1,1,4,-1,01,1,-1,000,030,1,0,1,3,2,48,0,1,9,00,2,8,1,201600040823B01,7,15,1
201600040841,2016-09-12,2016,septembre,lundi,91:5,93,93048,0,0,2,3,3,1,1,4,1,01,2,1,000,000,1,0,1,4,1,44,1,1,2,00,2,1,1,201600040841B01,7,1,1
201600040857,2016-10-12,2016,octobre,mercredi,16:30,93,93048,0,0,2,1,3,1,1,4,2,02,1,1,000,000,1,0,1,1,2,72,5,1,2,00,0,7,10,201600040857A01,34,0,1
201600040900,2016-01-05,2016,janvier,mardi,18:50,93,93050,0,0,2,1,3,5,2,4,2,02,1,1,000,000,2,0,1,4,1,86,0,1,9,00,2,1,0,201600040900B01,7,24,1
201600040949,2016-09-12,2016,septembre,lundi,17:02,93,93050,0,0,2,1,3,1,1,4,1,02,4,1,000,050,1,0,1,4,1,25,1,1,2,00,0,1,3,201600040949B01,7,2,1
201600040991,2016-02-24,2016,février,mercredi,13:40,93,93051,0,0,2,1,7,1,1,4,2,01,1,1,000,000,1,2,1,4,2,31,1,1,2,00,2,4,2,201600040991B01,7,2,1
201600041025,2016-07-05,2016,juillet,mardi,18:12,93,93051,0,0,2,2,3,1,1,4,1,01,1,1,000,000,1,0,1,3,1,17,5,1,2,00,2,1,1,201600041025A01,7,2,1
201600041028,2016-07-23,2016,juillet,samedi,81:0,93,93051,0,0,2,1,2,1,1,4,2,02,1,1,000,000,1,0,1,3,1,32,5,1,2,00,2,1,2,201600041028A01,7,2,1
201600041066,2016-11-22,2016,novembre,mardi,93:5,93,93051,0,0,2,2,3,1,1,4,2,02,1,-1,000,120,1,0,1,4,2,41,1,1,9,00,2,1,1,201600041066B01,7,15,1
201600041087,2016-05-01,2016,mai,dimanche,10:55,93,93053,0,0,2,9,3,1,1,4,3,01,1,1,000,000,1,0,1,4,1,70,0,1,9,00,2,3,9,201600041087B01,7,9,1
201600041108,2016-10-19,2016,octobre,mercredi,74:5,93,93053,0,0,2,1,3,1,1,3,-1,01,2,-1,000,000,1,0,1,3,2,46,0,1,9,00,0,6,2,201600041108A01,13,2,1
201600041120,2016-12-06,2016,décembre,mardi,19:20,93,93053,0,0,2,4,3,5,1,3,2,01,2,1,000,000,1,3,1,3,2,25,1,1,2,00,9,1,23,201600041120A01,37,16,1
201600041154,2016-06-23,2016,juin,jeudi,19:45,93,93055,0,0,2,3,3,1,1,4,2,02,2,1,000,000,1,0,1,3,1,38,1,1,2,00,2,1,18,201600041154B01,7,15,1
201600041156,2016-08-07,2016,août,dimanche,20:15,93,93055,0,0,2,1,6,1,7,3,2,04,1,1,000,000,1,0,1,4,2,62,5,1,9,00,0,0,0,201600041156B01,7,0,1
201600041202,2016-05-03,2016,mai,mardi,17:15,93,93077,0,0,2,1,3,1,1,4,1,01,1,1,000,080,1,0,1,4,1,37,5,1,2,01,0,2,2,201600041202A01,7,0,1
201600041204,2016-05-06,2016,mai,vendredi,16:15,93,93077,0,0,2,5,3,1,1,4,2,00,-1,-1,000,000,1,0,1,4,1,48,5,1,9,00,2,8,2,201600041204B01,7,1,1
201600041218,2016-06-17,2016,juin,vendredi,10:30,93,93062,0,0,2,3,3,1,1,4,2,04,1,1,004,100,1,5,1,3,2,54,0,1,2,00,2,7,0,201600041218B01,10,16,1
201600041242,2016-09-10,2016,septembre,samedi,12:35,93,93014,0,0,2,2,3,1,1,4,1,01,1,1,000,030,1,0,1,4,1,13,5,1,2,00,0,0,0,201600041242B01,7,0,1
201600041252,2016-09-28,2016,septembre,mercredi,23:00,93,93077,0,0,2,9,3,5,1,4,1,00,1,-1,000,000,1,0,4,3,1,22,1,1,9,00,2,1,0,201600041252B01,7,0,1
201600041347,2016-10-31,2016,octobre,lundi,18:45,93,93064,0,0,2,1,6,5,1,4,2,02,1,3,000,025,1,0,1,1,1,18,0,1,9,00,1,1,1,201600041347A01,,,
201600041371,2016-02-02,2016,février,mardi,14:40,93,93066,0,0,2,2,2,1,1,4,2,02,1,1,006,006,1,0,1,4,1,79,0,1,9,00,2,4,19,201600041371B01,7,16,1
201600041393,2016-03-14,2016,mars,lundi,73:5,93,93066,0,0,2,1,3,1,1,4,2,02,1,1,000,000,1,6,1,3,1,17,2,1,2,00,0,0,1,201600041393B01,7,1,1
201600041395,2016-03-15,2016,mars,mardi,12:30,93,93066,0,0,2,1,6,1,1,3,1,02,1,1,000,000,1,0,0,4,1,27,0,1,9,00,2,0,1,201600041395B01,,,
201600041415,2016-04-13,2016,avril,mercredi,17:08,93,93066,0,0,2,4,2,1,1,3,2,04,-1,-1,020,020,1,0,0,3,1,47,0,1,9,00,0,4,0,201600041415A01,7,0,1
201600041419,2016-04-19,2016,avril,mardi,19:45,93,93039,0,0,2,1,3,1,1,4,2,02,1,1,000,000,1,0,5,4,1,54,5,1,2,00,2,1,0,201600041419B01,7,1,1
201600041487,2016-07-21,2016,juillet,jeudi,19:45,93,93066,0,0,2,3,3,1,1,4,1,02,1,1,000,030,1,0,1,3,1,56,0,1,9,00,0,0,0,201600041487B01,10,0,1
201600041510,2016-09-23,2016,septembre,vendredi,19:25,93,93066,0,0,2,1,2,1,1,9,1,03,1,1,000,000,1,0,1,4,1,47,0,1,9,00,2,4,12,201600041510B01,7,1,1
201600041519,2016-10-03,2016,octobre,lundi,16:00,93,93066,0,0,2,1,3,1,1,9,1,01,1,-1,000,000,1,0,1,4,1,22,1,1,2,00,2,1,0,201600041519B01,7,0,1
201600041541,2016-10-24,2016,octobre,lundi,17:40,93,93066,0,0,2,1,3,1,2,3,2,04,1,1,120,030,2,0,1,4,1,37,1,1,2,00,2,7,0,201600041541A01,32,0,1
201600041584,2016-01-31,2016,janvier,dimanche,20:40,93,93070,0,0,2,1,6,3,2,3,2,04,1,1,000,160,2,0,1,4,1,41,0,1,8,00,2,0,0,201600041584B01,10,24,1
201600041586,2016-02-13,2016,février,samedi,20:00,93,93070,0,0,2,2,3,5,2,4,-1,02,1,1,000,070,2,0,1,4,1,23,5,1,2,00,2,7,1,201600041586A01,7,1,1
201600041596,2016-04-08,2016,avril,vendredi,14:50,93,93070,0,0,2,1,6,1,1,4,2,02,1,1,000,070,1,0,1,4,1,40,1,1,9,00,2,7,0,201600041596B01,7,1,1
201600041626,2016-09-20,2016,septembre,mardi,15:48,93,93070,0,0,2,3,6,1,1,4,2,02,1,-1,000,000,1,0,1,1,1,25,1,1,9,00,0,0,0,201600041626A01,,,
201600041663,2016-03-16,2016,mars,mercredi,11:40,93,93071,0,0,2,6,2,1,1,4,1,01,1,2,000,000,1,0,1,3,1,78,5,1,2,00,0,4,2,201600041663B01,7,2,1