Num_Acc,date,an,mois,jour,hrmn,dep,com,lat,long,agg,int,col,lum,atm,catr,circ,nbv,prof,plan,lartpc,larrout,surf,infra,situ,grav,sexe,age,trajet,secuexist,equipement,obs,obsm,choc,manv,vehiculeid,typevehicules,manoeuvehicules,numVehicules
201600051562,2016-08-25,2016,août,jeudi,10:25,75,75104,48.8525,2.36672,2,2,3,1,1,4,2,03,1,1,000,120,1,0,1,4,1,57,3,1,2,00,2,8,7,201600051562B01,1,7,1
201600051568,2016-09-02,2016,septembre,vendredi,17:00,75,75104,48.856,2.35089,2,2,6,1,1,4,1,00,1,1,000,050,1,2,0,4,1,29,5,1,2,00,1,1,16,201600051568A01,,,
201600051571,2016-09-08,2016,septembre,jeudi,83:0,75,75104,48.8517,2.3617,2,1,6,1,1,4,2,07,1,1,000,260,1,0,5,4,1,45,1,1,2,08,0,0,21,201600051571A01,,,
201600051582,2016-09-30,2016,septembre,vendredi,13:15,75,75104,48.8612,2.35345,2,2,3,1,1,4,1,03,-1,-1,000,100,-1,0,0,4,1,35,0,1,2,00,2,0,7,201600051582B01,7,16,1
201600051583,2016-10-02,2016,octobre,dimanche,12:13,75,75104,48.8552,2.36113,2,3,5,1,1,4,1,02,1,1,000,075,1,0,1,1,2,21,0,1,2,00,2,1,19,201600051583B01,7/ 33,24/1,2
201600051587,2016-10-15,2016,octobre,samedi,15:25,75,75101,48.8583,2.34337,2,3,3,1,1,4,1,02,1,1,000,126,1,0,1,4,1,43,5,1,2,00,2,5,14,201600051587B01,7,1,1
201600051594,2016-11-12,2016,novembre,samedi,13:10,75,75104,48.8551,2.35021,2,2,3,1,1,4,1,01,1,-1,000,100,1,0,1,4,1,19,4,1,2,00,2,5,1,201600051594A01,10,1,1
201600051595,2016-11-16,2016,novembre,mercredi,19:25,75,75104,48.8544,2.35494,2,2,3,5,1,4,2,02,1,1,000,100,1,0,1,4,1,39,9,1,2,00,2,7,15,201600051595A01,31,1,1
201600051597,2016-11-28,2016,novembre,lundi,17:00,75,75104,48.8526,2.3598,2,3,3,2,1,4,1,02,1,1,000,036,1,0,5,4,2,25,5,1,2,00,2,0,1,201600051597B01,7,16,1
201600051600,2016-12-01,2016,décembre,jeudi,11:00,75,75104,48.8595,2.35251,2,2,3,1,1,4,1,03,1,1,000,120,1,0,1,4,1,25,1,1,2,00,2,1,7,201600051600B01,10,16,1
201600051605,2016-12-10,2016,décembre,samedi,19:50,75,75104,48.8585,2.35524,2,2,3,5,1,4,1,01,1,1,000,070,1,0,1,4,1,43,5,1,2,00,2,1,1,201600051605B01,7,22,1
201600051613,2016-12-27,2016,décembre,mardi,13:15,75,75104,48.8568,2.35104,2,7,3,1,1,4,1,03,1,1,000,100,1,0,1,4,2,56,5,1,2,00,2,8,18,201600051613A01,7,22,1
201600051616,2016-01-05,2016,janvier,mardi,17:50,75,75105,48.85,2.35486,2,2,1,2,1,4,1,02,1,1,000,060,1,0,1,1,1,28,0,1,2,00,2,0,5,201600051616A01,31,1,1
201600051617,2016-01-08,2016,janvier,vendredi,13:20,75,75105,48.8426,2.3615,2,1,6,1,1,4,1,01,1,1,010,030,1,0,1,1,1,24,9,1,2,00,1,7,5,201600051617A01,,,
201600051622,2016-01-16,2016,janvier,samedi,11:50,75,75105,48.8514,2.34314,2,2,3,1,1,4,1,03,1,1,000,147,1,0,1,4,1,65,0,1,2,00,2,1,7,201600051622B01,7,16,1
201600051630,2016-02-05,2016,février,vendredi,80:7,75,75105,48.8402,2.33901,2,1,3,1,1,4,1,01,1,-1,000,030,1,0,1,4,2,72,5,1,2,00,2,1,1,201600051630B01,10,22,1
201600051638,2016-02-16,2016,février,mardi,12:30,75,75105,48.8511,2.34618,2,4,7,1,1,4,1,00,1,1,000,080,1,0,1,4,2,46,0,1,2,00,0,8,21,201600051638A01,,,
201600051640,2016-02-18,2016,février,jeudi,21:55,75,75105,48.8528,2.34661,2,2,3,5,8,4,1,01,1,1,000,110,2,0,1,3,1,31,1,1,2,00,2,8,1,201600051640B01,7,22,1
201600051642,2016-02-25,2016,février,jeudi,91:7,75,75105,48.8494,2.35682,2,2,3,1,7,4,2,03,1,1,000,050,1,0,1,4,2,32,0,1,2,00,2,3,1,201600051642B01,7,7,1
201600051647,2016-03-03,2016,mars,jeudi,20:45,75,75105,48.8506,2.34641,2,3,3,5,1,4,1,03,1,1,005,100,1,0,1,4,2,56,0,1,2,00,2,0,7,201600051647B01,7,16,1
201600051651,2016-03-08,2016,mars,mardi,11:00,75,75105,48.8494,2.35611,2,2,2,1,1,4,2,01,1,1,000,040,1,0,1,4,1,17,0,1,2,00,2,1,2,201600051651A01,7,23,1
201600051652,2016-03-08,2016,mars,mardi,18:50,75,75105,48.8449,2.34233,2,3,6,5,1,4,1,01,1,1,000,090,1,0,1,4,1,27,0,1,2,00,2,7,1,201600051652B01,7,14,1
201600051654,2016-03-14,2016,mars,lundi,10:10,75,75105,48.8465,2.34472,2,7,2,1,1,4,2,04,1,1,000,120,1,0,1,4,1,19,5,1,2,00,2,3,1,201600051654B01,2,1,1
201600051655,2016-03-14,2016,mars,lundi,18:20,75,75105,48.843,2.35216,2,3,2,2,1,4,2,00,1,1,000,000,1,0,1,4,1,26,0,1,2,00,2,3,1,201600051655B01,7,22,1
201600051657,2016-03-17,2016,mars,jeudi,22:16,75,75105,48.8425,2.33818,2,3,3,5,1,4,2,00,1,1,000,000,1,0,0,4,1,30,5,1,2,00,2,7,15,201600051657A01,30,1,1
201600051661,2016-04-05,2016,avril,mardi,16:05,75,75105,48.8496,2.35032,2,2,6,1,1,4,1,03,1,1,000,204,1,0,1,4,2,17,2,1,2,12,0,1,14,201600051661A01,,,
201600051662,2016-04-05,2016,avril,mardi,20:30,75,75105,48.8514,2.34314,2,2,3,5,1,4,2,04,2,1,000,143,1,0,1,4,2,36,5,1,2,00,2,1,7,201600051662B01,7,16,1
201600051666,2016-04-14,2016,avril,jeudi,10:,75,75105,48.8528,2.34661,2,2,2,5,1,4,1,03,1,1,000,000,1,0,5,4,1,48,1,1,2,00,2,8,18,201600051666B01,7,22,1
201600051668,2016-04-20,2016,avril,mercredi,13:9,75,75105,48.8491,2.35762,2,1,6,5,1,4,2,04,1,1,000,110,1,0,1,1,1,19,5,1,2,00,2,7,1,201600051668B01,30,18,1
201600051687,2016-06-01,2016,juin,mercredi,18:00,75,75105,48.8421,2.3413,2,2,3,1,1,4,1,01,1,1,000,054,1,0,1,4,1,27,1,1,2,00,2,2,1,201600051687A01,7,1,1
201600051688,2016-06-02,2016,juin,jeudi,20:,75,75105,48.8514,2.34314,2,2,3,5,3,4,2,03,1,1,005,120,2,0,1,4,1,46,5,1,2,00,2,1,1,201600051688B01,7,16,1
201600051690,2016-06-03,2016,juin,vendredi,15:10,75,75105,48.8443,2.33915,2,7,5,1,1,4,2,04,2,1,004,140,1,0,1,4,1,22,2,1,2,00,2,1,5,201600051690A01,7,1,2
201600051700,2016-06-14,2016,juin,mardi,17:00,75,75105,48.8508,2.34548,2,2,6,1,1,4,1,03,1,1,008,146,1,0,1,4,1,20,5,1,2,00,2,8,1,201600051700A01,7,16,1
201600051701,2016-06-16,2016,juin,jeudi,83:0,75,75105,48.8491,2.35762,2,1,3,1,1,4,2,04,1,1,000,140,1,0,1,4,1,40,1,1,2,00,2,3,19,201600051701B01,32,3,1
201600051705,2016-06-22,2016,juin,mercredi,20:00,75,75105,48.8412,2.35596,2,2,6,1,1,4,2,02,2,1,000,050,2,0,1,1,1,24,5,1,2,00,1,1,1,201600051705A01,,,
201600051710,2016-06-29,2016,juin,mercredi,16:10,75,75105,48.8472,2.34171,2,1,2,1,1,4,2,02,2,-1,000,000,1,0,1,4,1,20,5,1,2,01,2,0,1,201600051710B01,7,22,1
201600051711,2016-06-29,2016,juin,mercredi,19:45,75,75105,48.8531,2.34682,2,1,3,1,1,4,1,03,1,-1,000,090,1,0,1,4,1,23,5,1,2,00,2,3,11,201600051711A01,7,1,1
201600051713,2016-06-30,2016,juin,jeudi,82:0,75,75105,48.8422,2.35202,2,2,3,1,8,4,2,02,2,1,000,120,1,0,1,4,1,43,9,1,2,00,2,8,1,201600051713B01,32,1,1
201600051713,2016-06-30,2016,juin,jeudi,82:0,75,75105,48.8422,2.35202,2,2,3,1,8,4,2,02,2,1,000,120,1,0,1,4,1,10,2,1,2,00,2,8,1,201600051713B01,32,1,1
201600051721,2016-07-12,2016,juillet,mardi,14:44,75,75105,48.8377,2.35117,2,1,3,1,1,4,2,04,1,1,000,120,1,0,5,4,1,48,4,1,2,00,2,5,1,201600051721B01,7,4,1
201600051725,2016-07-27,2016,juillet,mercredi,20:00,75,75105,48.8427,2.35212,2,2,3,1,1,4,2,02,-1,-1,000,080,1,0,1,4,2,33,0,1,2,00,2,1,18,201600051725B01,7,22,1
201600051726,2016-07-29,2016,juillet,vendredi,17:32,75,75105,48.847,2.34061,2,2,3,1,1,4,2,04,1,1,000,160,1,0,1,3,2,71,1,1,2,00,2,0,7,201600051726B01,37,17,1
201600051727,2016-07-29,2016,juillet,vendredi,18:45,75,75105,48.8449,2.35222,2,1,3,1,1,4,2,02,1,1,000,000,1,0,1,4,2,37,1,1,2,00,2,1,1,201600051727B01,7,22,1
201600051731,2016-07-31,2016,juillet,dimanche,13:35,75,75105,48.8455,2.34685,2,7,3,1,1,4,1,01,1,1,000,090,1,0,1,4,1,54,0,1,2,00,2,1,5,201600051731B01,7,9,1
201600051733,2016-08-04,2016,août,jeudi,18:20,75,75105,48.8403,2.34595,2,2,3,1,1,4,2,00,2,1,000,000,1,0,1,3,2,53,0,1,2,00,2,3,16,201600051733B01,1,16,1
201600051733,2016-08-04,2016,août,jeudi,18:20,75,75105,48.8403,2.34595,2,2,3,1,1,4,2,00,2,1,000,000,1,0,1,1,1,48,1,1,2,00,2,2,16,201600051733A01,1,16,1
201600051743,2016-08-26,2016,août,vendredi,18:10,75,75105,48.8494,2.35682,2,5,3,1,1,4,2,00,1,1,000,124,1,2,1,4,1,30,1,1,2,00,2,3,13,201600051743A01,7,1,1
201600051745,2016-08-28,2016,août,dimanche,17:55,75,75105,48.8496,2.34483,2,7,6,1,1,4,2,00,2,1,000,000,1,0,4,1,1,18,5,1,2,00,1,1,5,201600051745A01,,,
201600051746,2016-08-31,2016,août,mercredi,10:10,75,75105,48.8384,2.35068,2,5,3,1,1,4,2,02,1,1,000,132,1,0,1,4,2,35,5,1,2,00,2,0,1,201600051746B01,7,22,1
201600051753,2016-09-10,2016,septembre,samedi,17:45,75,75105,48.8428,2.36393,2,1,2,1,1,4,2,06,1,1,000,000,1,0,1,4,1,43,0,1,2,00,2,1,7,201600051753B01,7,22,1
201600051757,2016-09-18,2016,septembre,dimanche,14:53,75,75105,48.8494,2.35682,2,5,3,1,8,4,-1,04,1,1,010,165,1,0,1,4,2,32,5,1,2,00,2,7,19,201600051757A01,32,1,1
201600051761,2016-09-26,2016,septembre,lundi,10:40,75,75113,48.8391,2.36115,2,4,3,1,1,4,2,00,2,1,000,000,1,0,1,4,1,22,4,1,2,00,2,1,5,201600051761A01,7,15,1
201600051762,2016-09-27,2016,septembre,mardi,18:00,75,75105,48.8468,2.34331,2,2,6,1,1,4,1,02,1,1,000,100,1,0,1,4,1,24,5,1,2,00,1,1,15,201600051762A01,,,
201600051770,2016-10-13,2016,octobre,jeudi,19:20,75,75105,48.8504,2.34267,2,5,6,2,2,4,2,03,1,1,000,126,2,0,1,1,1,22,1,1,2,00,1,1,1,201600051770A01,,,
201600051774,2016-10-23,2016,octobre,dimanche,19:28,75,75105,48.8514,2.34314,2,2,3,5,2,4,1,02,2,-1,000,000,2,0,1,4,2,21,9,1,2,00,2,0,15,201600051774A01,30,1,1
201600051778,2016-11-10,2016,novembre,jeudi,13:55,75,75105,48.8465,2.35457,2,4,6,1,2,4,2,01,1,-1,000,000,2,0,1,1,2,19,2,1,2,00,1,1,1,201600051778A01,,,
201600051784,2016-11-17,2016,novembre,jeudi,14:00,75,75105,48.846,2.34322,2,1,6,1,1,4,-1,02,1,1,000,065,1,0,1,3,1,25,4,1,2,00,2,2,1,201600051784A01,7,1,1
201600051814,2016-01-09,2016,janvier,samedi,13:35,75,75106,48.8515,2.33704,2,2,6,1,1,4,1,02,1,1,000,000,1,0,1,4,2,67,9,1,2,08,0,1,1,201600051814A01,,,
201600051816,2016-01-15,2016,janvier,vendredi,20:30,75,75106,48.848,2.32774,2,2,3,5,1,4,1,02,1,1,000,000,1,0,1,4,2,33,0,1,2,00,2,7,18,201600051816B01,7,16,1
201600051817,2016-01-16,2016,janvier,samedi,15:15,75,75106,48.8524,2.33182,2,2,2,1,1,4,1,01,1,1,000,050,1,0,1,4,2,71,5,1,2,00,2,0,1,201600051817B01,7,23,1
201600051827,2016-02-06,2016,février,samedi,14:45,75,75106,48.8462,2.32613,2,1,6,1,1,4,2,04,2,1,000,080,1,0,5,1,1,19,9,1,2,00,1,1,1,201600051827A01,,,
201600051835,2016-02-17,2016,février,mercredi,13:50,75,75106,48.8514,2.33201,2,3,3,1,1,4,2,03,1,1,000,070,1,0,1,4,2,44,0,1,2,00,2,1,1,201600051835A01,7,15,1
201600051837,2016-03-01,2016,mars,mardi,16:45,75,75106,48.8451,2.32016,2,5,3,1,2,4,1,01,1,1,000,000,2,0,1,4,1,42,0,1,2,00,2,0,1,201600051837B01,7,15,1
201600051841,2016-03-04,2016,mars,vendredi,16:10,75,75106,48.8473,2.32221,2,1,3,1,1,4,1,00,1,1,000,020,1,0,5,4,2,63,0,1,2,00,2,0,5,201600051841B01,7,9,1
201600051846,2016-03-18,2016,mars,vendredi,21:00,75,75106,48.8521,2.32976,2,5,3,5,1,4,2,04,1,1,000,090,1,0,1,4,1,28,0,1,2,00,2,1,1,201600051846A01,7,15,1
201600051848,2016-03-19,2016,mars,samedi,13:30,75,75106,48.8561,2.34044,2,5,3,1,1,4,1,02,1,2,000,060,1,0,1,4,2,19,0,1,2,00,2,8,15,201600051848B01,33,17,1
201600051850,2016-03-29,2016,mars,mardi,19:30,75,75105,48.8417,2.33777,2,7,6,1,2,4,2,03,1,1,120,120,2,0,1,1,1,70,0,1,2,00,1,7,1,201600051850A01,,,
201600051853,2016-04-08,2016,avril,vendredi,17:10,75,75106,48.8451,2.32509,2,1,3,1,1,4,2,02,1,1,000,120,1,0,5,4,2,25,9,1,2,00,2,3,1,201600051853B01,7,16,1
201600051859,2016-04-12,2016,avril,mardi,23:40,75,75106,48.8473,2.32791,2,2,3,5,1,4,3,04,2,1,079,071,1,0,1,4,2,26,1,1,2,00,2,0,13,201600051859B01,7,1,1
201600051865,2016-04-22,2016,avril,vendredi,10:23,75,75106,48.8521,2.34008,2,2,3,1,1,4,1,03,1,1,000,150,1,0,1,4,1,35,4,1,2,00,2,8,1,201600051865A01,7,1,1
201600051868,2016-05-01,2016,mai,dimanche,42:0,75,75106,48.8529,2.33697,2,2,3,5,1,4,1,03,1,-1,000,000,1,0,5,4,1,31,5,1,2,00,2,1,7,201600051868B01,7,16,1
201600051869,2016-05-07,2016,mai,samedi,16:20,75,75106,48.8477,2.34004,2,7,7,1,1,4,2,02,2,1,000,060,1,0,1,4,1,40,5,1,2,00,0,0,1,201600051869A01,,,
201600051873,2016-05-10,2016,mai,mardi,22:30,75,75106,48.8505,2.33009,2,1,6,5,2,4,2,04,1,1,000,145,2,0,1,1,1,37,5,1,4,00,1,0,1,201600051873A01,,,
201600051874,2016-05-13,2016,mai,vendredi,13:05,75,75106,48.847,2.32692,2,5,3,1,1,4,1,02,1,1,000,070,1,0,0,4,1,20,0,1,2,00,2,8,23,201600051874B01,7,16,1
201600051885,2016-06-24,2016,juin,vendredi,22:30,75,75106,48.8538,2.33323,2,2,3,5,1,4,1,02,1,1,000,110,1,0,1,4,1,25,5,1,2,00,2,1,5,201600051885A01,7,1,1
201600051888,2016-06-27,2016,juin,lundi,14:40,75,75106,48.8511,2.33067,2,4,3,1,8,4,2,03,1,1,000,000,1,0,1,3,2,63,0,1,2,00,2,8,1,201600051888B01,37,14,1
201600051890,2016-06-30,2016,juin,jeudi,82:0,75,75106,48.8528,2.34255,2,1,3,1,1,4,1,02,1,1,000,060,1,0,1,4,2,57,4,1,2,01,2,7,1,201600051890B01,7,22,1
201600051894,2016-07-06,2016,juillet,mercredi,12:45,75,75106,48.8574,2.33811,2,1,3,1,1,4,1,04,1,1,000,150,1,0,1,4,1,41,4,1,2,00,2,3,13,201600051894B01,7,17,1
201600051895,2016-07-11,2016,juillet,lundi,16:55,75,75106,48.8521,2.33302,2,1,3,1,1,4,1,01,1,1,000,000,1,0,1,4,2,23,4,1,2,00,2,7,1,201600051895B01,7,22,1
201600051897,2016-07-13,2016,juillet,mercredi,21:15,75,75106,48.8473,2.32791,2,5,3,2,1,4,2,04,1,1,080,070,1,5,1,4,1,16,0,1,2,00,2,8,1,201600051897B01,7,1,1
201600051907,2016-08-18,2016,août,jeudi,12:55,75,75106,48.8451,2.32016,2,5,7,1,1,4,2,06,1,1,000,200,2,0,1,3,2,72,0,1,2,00,0,0,1,201600051907A01,,,
201600051908,2016-08-22,2016,août,lundi,17:15,75,75106,48.852,2.33862,2,4,6,1,1,4,2,02,4,1,000,000,1,0,1,4,1,33,1,1,2,01,2,7,1,201600051908A01,7,22,1
201600051910,2016-09-02,2016,septembre,vendredi,18:35,75,75106,48.8482,2.33101,2,2,6,1,1,4,2,02,-1,-1,000,000,-1,0,1,1,1,24,2,1,2,00,1,1,1,201600051910A01,,,
201600051911,2016-09-05,2016,septembre,lundi,95:0,75,75106,48.844,2.33062,2,2,3,1,2,4,1,01,1,1,000,040,2,0,1,4,1,16,2,1,2,00,2,8,1,201600051911B01,7,1,1
201600051916,2016-09-14,2016,septembre,mercredi,12:00,75,75106,48.8456,2.32862,2,2,3,1,1,4,1,01,1,1,000,030,1,0,1,3,2,23,4,1,2,00,2,0,0,201600051916B01,7,1,1
201600051920,2016-09-23,2016,septembre,vendredi,19:15,75,75106,48.8479,2.31939,2,3,6,1,1,4,2,03,1,1,000,100,1,0,1,1,1,17,2,1,2,00,1,1,1,201600051920A01,,,
201600051922,2016-09-24,2016,septembre,samedi,20:10,75,75106,48.8532,2.33255,2,3,2,5,1,4,2,04,1,1,000,120,1,0,1,4,1,24,5,1,2,00,2,1,2,201600051922A01,7,16,1
201600051925,2016-10-05,2016,octobre,mercredi,13:40,75,75106,48.8567,2.33475,2,1,3,1,1,4,1,02,1,1,000,059,1,0,1,4,1,29,1,1,2,00,2,0,1,201600051925B01,7,22,1
201600051929,2016-10-10,2016,octobre,lundi,91:0,75,75106,48.8568,2.33927,2,1,6,1,1,4,1,03,1,1,000,140,1,0,1,4,2,38,1,1,2,12,0,1,14,201600051929A01,,,
201600051945,2016-11-10,2016,novembre,jeudi,18:30,75,75106,48.8415,2.33121,2,2,3,5,3,4,2,06,1,-1,000,180,2,0,1,4,2,69,0,1,4,00,2,8,0,201600051945B01,7,17,1
201600051953,2016-12-07,2016,décembre,mercredi,16:50,75,75106,48.8502,2.32409,2,3,3,2,1,4,2,02,1,1,000,100,1,0,1,4,1,32,4,1,2,00,2,1,1,201600051953B01,10,22,1
201600051954,2016-12-13,2016,décembre,mardi,17:02,75,75106,48.8492,2.33596,2,3,3,5,1,4,2,02,1,1,000,090,1,0,1,4,1,23,1,1,2,00,2,1,17,201600051954A01,7,15,1
201600051955,2016-12-16,2016,décembre,vendredi,10:22,75,75106,48.8441,2.3231,2,3,6,1,1,4,2,04,1,1,000,160,1,0,1,4,1,25,4,1,2,00,2,3,19,201600051955A01,2,1,1
201600051957,2016-12-23,2016,décembre,vendredi,11:15,75,75106,48.8481,2.32791,2,5,6,1,1,4,2,02,1,1,000,110,1,0,1,1,1,22,5,1,2,00,1,1,1,201600051957A01,,,
201600051976,2016-01-29,2016,janvier,vendredi,75:0,75,75107,48.8568,2.33034,2,3,3,2,1,4,1,01,1,1,000,000,1,0,5,4,2,21,4,1,2,00,2,0,1,201600051976B01,10,15,1
201600051990,2016-02-25,2016,février,jeudi,20:00,75,75107,48.8612,2.32058,2,2,3,5,1,4,1,04,1,1,000,120,1,0,1,3,2,27,1,1,2,14,2,6,13,201600051990B01,7,1,1
201600051992,2016-02-26,2016,février,vendredi,13:35,75,75107,48.8549,2.29591,2,1,3,1,1,4,-1,02,-1,-1,000,000,-1,0,1,4,1,25,1,1,2,00,2,1,7,201600051992B01,7,22,1
201600051996,2016-03-06,2016,mars,dimanche,85:5,75,75107,48.8627,2.31096,2,1,6,1,1,4,2,06,1,1,000,050,1,0,5,1,1,70,5,1,2,00,1,2,1,201600051996A01,,,
201600052003,2016-03-11,2016,mars,vendredi,83:4,75,75107,48.8611,2.31318,2,2,3,1,1,4,3,02,1,1,000,000,1,0,1,4,1,55,0,1,2,00,2,0,13,201600052003A01,32,1,1
201600052013,2016-03-29,2016,mars,mardi,95:5,75,75107,48.8511,2.30703,2,7,3,1,8,4,1,01,1,1,000,000,1,0,1,4,2,56,4,1,2,00,2,7,1,201600052013B01,10,22,1
201600052022,2016-04-19,2016,avril,mardi,16:00,75,75107,48.8596,2.29298,2,1,7,1,1,4,-1,00,1,1,000,000,1,6,0,4,1,18,0,1,2,00,0,0,1,201600052022A01,,,
201600052025,2016-04-28,2016,avril,jeudi,17:42,75,75107,48.8593,2.29758,2,2,3,1,8,4,2,02,1,1,000,050,1,0,1,1,2,37,4,1,2,00,2,6,1,201600052025B01,38,17,1
201600052025,2016-04-28,2016,avril,jeudi,17:42,75,75107,48.8593,2.29758,2,2,3,1,8,4,2,02,1,1,000,050,1,0,1,4,2,18,5,1,2,00,2,6,1,201600052025B01,38,17,1
201600052032,2016-05-03,2016,mai,mardi,18:50,75,75107,48.8606,2.29553,2,7,6,1,1,4,-1,00,1,1,000,000,9,0,4,4,1,30,1,1,2,14,0,1,1,201600052032A01,,,
201600052042,2016-05-23,2016,mai,lundi,23:30,75,75107,48.8567,2.29355,2,2,6,5,1,4,1,00,1,1,000,100,1,0,1,4,1,23,4,1,2,01,0,1,15,201600052042A01,,,
201600052043,2016-05-26,2016,mai,jeudi,91:0,75,75107,48.8595,2.32936,2,2,3,1,1,4,1,03,1,1,000,000,1,0,1,4,1,26,1,1,2,00,2,8,18,201600052043A01,1,12,1
201600052043,2016-05-26,2016,mai,jeudi,91:0,75,75107,48.8595,2.32936,2,2,3,1,1,4,1,03,1,1,000,000,1,0,1,4,2,30,1,1,2,00,2,7,12,201600052043B01,1,18,1
201600052053,2016-06-04,2016,juin,samedi,12:35,75,75107,48.8627,2.31902,2,5,3,1,1,4,2,02,1,1,000,000,1,0,1,3,1,50,5,1,2,00,2,1,1,201600052053B01,38,15,1
201600052057,2016-06-11,2016,juin,samedi,17:43,75,75107,48.8599,2.32816,2,4,1,1,1,4,2,01,1,-1,000,000,1,0,1,4,2,36,5,1,2,00,2,8,5,201600052057B01,33,1,1
201600052059,2016-06-16,2016,juin,jeudi,19:15,75,75107,48.8525,2.31457,2,1,2,1,8,4,2,01,1,1,000,000,1,0,1,4,2,58,1,1,2,00,2,8,13,201600052059A01,1,17,1
201600052059,2016-06-16,2016,juin,jeudi,19:15,75,75107,48.8525,2.31457,2,1,2,1,8,4,2,01,1,1,000,000,1,0,1,1,1,28,1,1,2,00,2,5,17,201600052059B01,1,13,1
201600052060,2016-06-16,2016,juin,jeudi,22:35,75,75107,48.8623,2.30505,2,1,7,5,1,4,2,04,1,1,000,160,2,0,1,4,1,28,4,1,2,00,0,7,1,201600052060A01,,,
201600052061,2016-06-18,2016,juin,samedi,11:59,75,75107,48.8593,2.33019,2,3,3,1,1,4,1,04,1,1,000,000,1,0,1,4,1,22,5,1,2,00,2,4,19,201600052061B01,7,1,1
201600052066,2016-06-29,2016,juin,mercredi,10:25,75,75107,48.8585,2.33243,2,2,3,1,1,4,2,03,1,1,000,000,1,0,1,4,1,65,3,1,2,00,2,8,1,201600052066B01,10,1,1
201600052072,2016-07-12,2016,juillet,mardi,20:50,75,75107,48.8583,2.32243,2,1,6,1,1,4,1,01,1,1,000,080,2,0,1,4,1,26,9,1,2,00,1,7,1,201600052072A01,,,
201600052081,2016-07-29,2016,juillet,vendredi,95:5,75,75107,48.8599,2.31718,2,1,3,1,1,4,1,01,1,1,000,060,1,0,1,4,2,48,1,1,2,00,2,7,1,201600052081B01,7,22,1
201600052083,2016-08-01,2016,août,lundi,20:35,75,75107,48.8592,2.30061,2,1,2,3,1,4,1,03,1,1,000,100,1,0,1,4,1,30,4,1,2,01,2,1,1,201600052083A01,7,23,1
201600052084,2016-08-04,2016,août,jeudi,21:50,75,75107,48.8624,2.30962,2,3,2,5,1,4,3,02,1,1,000,000,1,0,1,3,1,40,9,1,2,00,2,4,1,201600052084B01,7,1,1
201600052084,2016-08-04,2016,août,jeudi,21:50,75,75107,48.8624,2.30962,2,3,2,5,1,4,3,02,1,1,000,000,1,0,1,3,2,27,9,1,2,00,2,4,1,201600052084B01,7,1,1
201600052084,2016-08-04,2016,août,jeudi,21:50,75,75107,48.8624,2.30962,2,3,2,5,1,4,3,02,1,1,000,000,1,0,1,4,1,26,0,1,2,00,2,4,1,201600052084B01,7,1,1
201600052088,2016-08-25,2016,août,jeudi,90:0,75,75107,48.8627,2.31902,2,5,3,1,1,4,2,04,1,1,000,000,1,0,1,4,2,21,0,1,2,00,2,8,1,201600052088B01,34,15,1
201600052092,2016-09-02,2016,septembre,vendredi,19:28,75,75107,48.8628,2.31163,2,3,3,2,1,4,1,01,1,-1,000,000,1,0,1,4,2,44,0,1,2,00,2,0,16,201600052092B01,7,15,1
201600052094,2016-09-05,2016,septembre,lundi,95:0,75,75107,48.8517,2.32428,2,1,2,1,2,4,1,01,1,1,000,030,2,0,1,4,1,51,1,1,2,00,2,8,18,201600052094B01,7,22,1
201600052096,2016-09-08,2016,septembre,jeudi,91:5,75,75107,48.8473,2.31794,2,1,1,1,1,4,-1,00,1,-1,000,000,1,0,4,4,2,46,0,1,2,00,2,1,13,201600052096A01,1,14,1
201600052096,2016-09-08,2016,septembre,jeudi,91:5,75,75107,48.8473,2.31794,2,1,1,1,1,4,-1,00,1,-1,000,000,1,0,4,1,1,25,1,1,2,00,2,1,14,201600052096B01,1,13,1
201600052098,2016-09-18,2016,septembre,dimanche,19:25,75,75107,48.8627,2.31902,2,2,3,2,3,4,2,03,1,1,000,000,2,0,1,4,1,23,5,1,2,00,2,0,15,201600052098A01,31,1,1
201600052099,2016-09-19,2016,septembre,lundi,10:00,75,75107,48.8597,2.29224,2,1,3,1,8,4,2,04,1,1,000,000,2,0,1,4,1,62,0,1,2,00,2,4,1,201600052099B01,7,13,1
201600052107,2016-10-06,2016,octobre,jeudi,15:21,75,75107,48.8506,2.30885,2,1,3,1,1,4,2,02,1,1,000,100,9,0,1,4,2,45,5,1,2,00,2,0,1,201600052107B01,7,22,1
201600052118,2016-10-25,2016,octobre,mardi,19:00,75,75107,48.8579,2.31572,2,1,6,5,1,4,1,02,1,1,000,070,1,0,1,4,1,44,1,1,2,01,2,8,13,201600052118A01,7,17,1
201600052119,2016-10-27,2016,octobre,jeudi,11:45,75,75107,48.8562,2.29295,2,2,3,1,1,4,-1,00,1,-1,000,000,1,0,1,4,2,24,4,1,2,00,2,2,19,201600052119B01,30,1,1