Num_Acc,date,an,mois,jour,hrmn,dep,com,lat,long,agg,int,col,lum,atm,catr,circ,nbv,prof,plan,lartpc,larrout,surf,infra,situ,grav,sexe,age,trajet,secuexist,equipement,obs,obsm,choc,manv,vehiculeid,typevehicules,manoeuvehicules,numVehicules
201600053883,2016-05-20,2016,mai,vendredi,23:0,75,75113,48.8368,2.35183,2,5,7,5,1,4,2,02,2,1,000,150,1,0,1,4,1,31,0,1,2,00,0,0,1,201600053883A01,,,
201600053890,2016-05-28,2016,mai,samedi,80:0,75,75113,48.8357,2.34848,2,2,3,1,1,4,-1,02,-1,-1,000,125,-1,0,0,4,1,17,5,1,2,00,2,1,15,201600053890A01,10,1,1
201600053901,2016-06-08,2016,juin,mercredi,90:0,75,75113,48.8301,2.3508,2,1,3,1,1,4,1,02,2,1,000,115,1,0,5,4,2,24,2,1,2,00,2,1,1,201600053901B01,10,16,1
201600053903,2016-06-12,2016,juin,dimanche,15:04,75,75113,48.8262,2.35988,2,5,7,1,2,4,1,02,1,1,000,060,2,0,1,4,1,26,5,1,2,00,0,0,21,201600053903A01,,,
201600053904,2016-06-12,2016,juin,dimanche,20:40,75,75113,48.8216,2.35874,2,1,6,1,2,4,2,04,1,1,000,100,2,0,0,4,1,13,5,1,2,00,2,7,1,201600053904B01,7,16,1
201600053906,2016-06-13,2016,juin,lundi,18:00,75,75113,48.8311,2.34421,2,2,3,1,1,4,2,00,1,-1,000,240,1,0,1,4,1,17,5,1,2,00,2,1,15,201600053906A01,7,1,1
201600053908,2016-06-14,2016,juin,mardi,18:30,75,75113,48.8437,2.36457,2,7,3,1,8,4,-1,00,1,1,000,000,1,0,0,4,1,24,5,1,2,00,2,8,7,201600053908A01,7,16,1
201600053917,2016-06-26,2016,juin,dimanche,13:15,75,75113,48.8228,2.37789,2,3,3,1,1,4,2,02,1,1,000,080,1,0,1,4,1,14,3,1,2,00,2,8,19,201600053917B01,7,1,1
201600053918,2016-06-26,2016,juin,dimanche,19:00,75,75113,48.8251,2.35761,2,3,7,1,1,4,2,04,1,1,000,110,1,0,5,4,1,55,5,1,2,01,0,1,1,201600053918A01,,,
201600053921,2016-06-28,2016,juin,mardi,18:00,75,75113,48.8384,2.35703,2,2,3,1,1,4,2,04,1,1,000,065,1,0,1,4,2,23,5,1,2,00,2,8,13,201600053921B01,7,17,1
201600053924,2016-06-30,2016,juin,jeudi,17:30,75,75113,48.823,2.34673,2,1,3,1,1,4,-1,01,-1,1,000,000,1,0,1,4,1,27,1,1,2,00,2,0,1,201600053924B01,10,22,1
201600053925,2016-07-01,2016,juillet,vendredi,12:00,75,75113,48.8443,2.36496,2,7,3,1,1,4,4,01,1,-1,000,220,1,5,1,4,1,34,1,1,2,00,2,1,7,201600053925B01,7,15,1
201600053928,2016-07-05,2016,juillet,mardi,74:5,75,75113,48.8351,2.35904,2,1,3,1,1,4,1,01,1,1,000,000,1,0,1,4,1,59,1,1,2,00,2,1,1,201600053928B01,7,22,1
201600053949,2016-07-26,2016,juillet,mardi,83:0,75,75113,48.8364,2.3713,2,2,3,1,1,4,2,02,1,1,130,180,1,0,5,4,1,65,0,1,2,00,2,3,1,201600053949B01,10,14,1
201600053950,2016-07-27,2016,juillet,mercredi,22:30,75,75113,48.8364,2.3713,2,3,3,5,1,4,2,02,1,1,000,000,1,0,1,4,1,27,1,1,2,00,2,1,1,201600053950B01,7,15,1
201600053953,2016-07-31,2016,juillet,dimanche,23:05,75,75113,48.8269,2.35109,2,3,3,5,1,4,1,01,1,1,000,025,1,0,1,4,1,19,5,1,2,00,2,1,18,201600053953B01,7,16,1
201600053954,2016-08-01,2016,août,lundi,22:20,75,75113,48.8323,2.37979,2,2,4,5,1,4,2,03,1,1,000,125,1,0,1,1,1,27,5,1,2,00,2,8,1,201600053954B01,2/ 7,1/14,2
201600053958,2016-08-07,2016,août,dimanche,43:3,75,75113,48.8209,2.35076,2,3,7,5,1,4,3,04,2,1,000,000,1,0,1,4,1,26,0,1,2,00,0,0,1,201600053958A01,,,
201600053963,2016-08-16,2016,août,mardi,95:0,75,75113,48.8306,2.34464,2,1,3,1,1,4,1,01,1,1,000,080,1,0,5,4,1,27,1,1,2,00,2,1,1,201600053963B01,7,16,1
201600053967,2016-08-22,2016,août,lundi,17:30,75,75113,48.8204,2.35271,2,1,3,1,1,4,2,03,1,1,000,130,1,0,1,1,1,25,5,1,2,00,2,4,12,201600053967A01,37,7,1
201600053975,2016-08-31,2016,août,mercredi,91:0,75,75113,48.816,2.36005,2,2,2,1,1,4,2,01,1,1,000,045,1,5,1,4,1,31,1,1,2,00,2,1,2,201600053975A01,14,23,1
201600053982,2016-09-05,2016,septembre,lundi,20:20,75,75113,48.8311,2.34421,2,2,2,5,2,4,2,03,1,1,000,120,2,0,1,4,1,24,5,1,2,00,2,1,1,201600053982A01,7,23,1
201600053986,2016-09-13,2016,septembre,mardi,11:47,75,75113,48.8381,2.36036,2,1,3,1,1,4,2,00,2,1,000,153,1,0,1,4,1,36,4,1,2,00,2,1,5,201600053986A01,33,9,1
201600053988,2016-09-14,2016,septembre,mercredi,20:10,75,75113,48.8342,2.3448,2,2,6,1,2,4,2,02,1,1,060,060,2,0,1,1,1,21,5,1,2,00,1,1,1,201600053988A01,,,
201600053990,2016-09-16,2016,septembre,vendredi,11:05,75,75113,48.8387,2.36085,2,1,6,1,2,4,2,02,2,1,000,000,2,0,1,4,1,19,2,1,2,00,2,1,1,201600053990A01,7,15,1
201600053994,2016-09-22,2016,septembre,jeudi,18:10,75,75113,48.8216,2.35874,2,1,3,1,1,4,2,04,1,1,130,130,1,0,4,4,1,19,5,1,2,00,2,1,1,201600053994A01,7,16,1
201600053998,2016-09-23,2016,septembre,vendredi,12:05,75,75113,48.825,2.36226,2,1,2,1,1,4,1,02,1,1,000,110,1,0,1,4,2,29,5,1,2,01,2,8,1,201600053998B01,7,22,1
201600054016,2016-10-06,2016,octobre,jeudi,20:00,75,75113,48.8216,2.35255,2,3,6,5,1,4,2,02,1,1,000,030,1,0,1,4,1,31,1,1,2,00,2,8,1,201600054016B01,7,22/1,2
201600054020,2016-10-10,2016,octobre,lundi,21:15,75,75113,48.8375,2.34631,2,3,1,5,1,4,3,02,1,1,000,080,2,0,1,4,1,26,5,1,2,00,2,1,7,201600054020B01,30,13,1
201600054022,2016-10-11,2016,octobre,mardi,11:30,75,75113,48.8209,2.35076,2,2,3,1,1,4,1,03,2,1,000,030,1,0,1,4,1,28,1,1,2,00,2,1,1,201600054022B01,7,16,1
201600054024,2016-10-12,2016,octobre,mercredi,95:3,75,75113,48.8285,2.36692,2,1,3,1,1,4,-1,01,2,1,000,040,1,0,5,4,1,64,5,1,2,00,2,1,1,201600054024B01,33,9,1
201600054027,2016-10-15,2016,octobre,samedi,20:0,75,75113,48.8326,2.37493,2,1,2,5,8,4,2,02,1,1,000,000,2,0,1,4,1,32,0,1,2,00,2,4,23,201600054027B01,7,2,1
201600054043,2016-10-25,2016,octobre,mardi,15:05,75,75113,48.8433,2.36427,2,4,6,1,1,4,2,02,1,1,000,000,1,0,1,1,1,37,0,1,2,00,1,1,1,201600054043A01,,,
201600054049,2016-11-01,2016,novembre,mardi,16:00,75,75113,48.8308,2.34412,2,5,6,1,1,4,-1,00,1,1,000,000,1,0,1,4,2,27,0,1,2,00,2,2,1,201600054049A01,30,1,1
201600054058,2016-11-05,2016,novembre,samedi,15:0,75,75111,48.8661,2.37014,2,2,3,5,2,4,2,02,2,1,000,000,2,0,1,4,1,23,0,1,2,00,2,4,9,201600054058B01,34,1,1
201600054059,2016-11-05,2016,novembre,samedi,20:50,75,75113,48.8229,2.3687,2,2,3,5,2,4,2,02,1,1,000,000,2,0,1,4,1,20,1,1,2,00,2,0,1,201600054059A01,33,1,1
201600054080,2016-11-18,2016,novembre,vendredi,16:50,75,75113,48.8268,2.36523,2,1,2,1,1,4,2,03,1,1,000,100,1,0,1,4,2,36,0,1,2,00,2,0,18,201600054080B01,7,22,1
201600054088,2016-11-27,2016,novembre,dimanche,12:30,75,75113,48.8432,2.36615,2,2,3,1,1,4,-1,03,1,-1,000,105,1,0,0,4,1,24,0,1,2,00,2,2,1,201600054088B01,7,16,1
201600054098,2016-12-08,2016,décembre,jeudi,19:05,75,75113,48.8262,2.35988,2,5,3,5,1,4,-1,01,1,1,000,050,1,0,1,4,1,47,0,1,2,00,2,1,1,201600054098B01,7,22,1
201600054105,2016-12-15,2016,décembre,jeudi,18:00,75,75113,48.8268,2.36469,2,1,6,2,1,4,2,02,1,1,000,000,1,0,1,1,1,18,0,1,2,00,1,1,7,201600054105A01,,,
201600054112,2016-12-22,2016,décembre,jeudi,17:50,75,75113,48.8415,2.36298,2,1,6,5,1,4,4,06,2,1,000,190,1,4,1,4,1,47,9,1,2,00,2,0,7,201600054112A01,10,17,1
201600054127,2016-01-26,2016,janvier,mardi,15:30,75,75114,48.8278,2.32667,2,7,2,1,1,4,1,01,1,2,000,000,1,5,1,4,2,65,1,1,2,00,2,4,2,201600054127B01,30,2,1
201600054129,2016-01-27,2016,janvier,mercredi,75:0,75,75114,48.8241,2.32769,2,3,3,1,2,4,1,01,2,1,000,070,2,0,0,4,2,19,2,1,2,00,2,1,1,201600054129B01,10,15,1
201600054137,2016-02-04,2016,février,jeudi,19:20,75,75114,48.8237,2.3232,2,2,6,5,2,4,2,04,1,1,000,200,2,0,5,1,1,37,1,1,2,00,1,1,15,201600054137A01,,,
201600054141,2016-02-10,2016,février,mercredi,11:55,75,75114,48.8389,2.32028,2,1,6,1,1,4,2,04,2,1,060,210,1,0,5,4,1,38,4,1,2,00,1,1,1,201600054141A01,,,
201600054176,2016-04-07,2016,avril,jeudi,12:55,75,75114,48.8377,2.33116,2,4,6,1,1,4,1,00,1,1,000,000,1,0,1,4,1,20,0,1,2,00,1,1,16,201600054176A01,,,
201600054177,2016-04-07,2016,avril,jeudi,18:15,75,75114,48.8299,2.3339,2,5,3,1,1,4,1,02,1,1,000,060,1,0,1,4,2,53,1,1,2,00,2,1,1,201600054177B01,7,22,1
201600054190,2016-04-20,2016,avril,mercredi,14:15,75,75114,48.8398,2.32368,2,1,3,1,1,4,1,01,1,1,000,000,1,0,1,4,1,30,9,1,2,00,2,1,17,201600054190B01,7,22,1
201600054192,2016-04-21,2016,avril,jeudi,14:30,75,75114,48.8201,2.32389,2,2,3,1,1,4,1,02,1,-1,000,000,1,0,1,4,2,71,5,1,2,00,2,2,1,201600054192B01,7,1,1
201600054206,2016-05-13,2016,mai,vendredi,16:32,75,75114,48.8434,2.32414,2,5,2,1,1,4,-1,03,1,1,000,000,1,0,1,4,1,17,2,1,2,00,2,1,2,201600054206A01,10,2,1
201600054223,2016-06-10,2016,juin,vendredi,72:0,75,75114,48.8365,2.32336,2,1,3,1,1,4,2,04,1,1,005,120,1,0,1,3,2,32,1,1,2,00,2,7,18,201600054223A01,14,1,1
201600054234,2016-06-19,2016,juin,dimanche,13:10,75,75107,48.8624,2.30951,2,1,3,1,1,4,2,04,1,1,000,200,1,0,1,4,2,13,5,1,2,00,2,3,9,201600054234A01,37,1,1
201600054245,2016-06-30,2016,juin,jeudi,94:5,75,75114,48.8265,2.31318,2,1,3,1,1,4,-1,01,1,1,000,080,1,0,1,4,2,36,1,1,2,01,2,1,1,201600054245B01,10,22,1
201600054259,2016-07-14,2016,juillet,jeudi,40:0,75,75114,48.8268,2.30391,2,7,7,3,1,4,2,00,1,1,010,080,1,0,1,4,1,20,0,1,2,15,0,1,21,201600054259A01,,,
201600054262,2016-07-18,2016,juillet,lundi,19:10,75,75114,48.8197,2.34223,2,1,3,1,1,4,3,00,1,1,000,000,1,0,5,4,1,43,1,1,2,00,2,1,1,201600054262B01,7,16,1
201600054273,2016-07-27,2016,juillet,mercredi,20:20,75,75114,48.8322,2.33061,2,3,3,2,1,4,2,03,1,1,000,090,1,0,3,4,2,27,0,1,2,00,2,1,18,201600054273B01,7,22,1
201600054276,2016-08-03,2016,août,mercredi,11:00,75,75114,48.8435,2.32493,2,1,6,1,1,4,3,06,1,3,000,150,1,0,1,1,1,20,5,1,2,00,1,1,1,201600054276A01,,,
201600054287,2016-08-29,2016,août,lundi,17:40,75,75114,48.8281,2.32689,2,7,3,1,1,4,4,03,1,3,000,130,1,5,1,4,2,52,5,1,2,00,2,1,16,201600054287B01,10,1,1
201600054288,2016-09-02,2016,septembre,vendredi,11:38,75,75114,48.8197,2.34223,2,1,6,1,1,4,1,01,4,-1,000,000,1,0,5,1,1,42,5,1,2,01,1,1,1,201600054288A01,,,
201600054290,2016-09-04,2016,septembre,dimanche,18:30,75,75114,48.8237,2.32336,2,1,3,1,1,4,1,01,1,-1,000,050,1,0,5,1,1,12,0,1,2,00,2,0,14,201600054290A01,7,23,1
201600054294,2016-09-10,2016,septembre,samedi,10:10,75,75115,48.8301,2.30571,2,1,2,1,1,4,1,01,1,1,000,050,1,0,1,4,1,66,5,1,2,01,2,1,1,201600054294B01,7,22,1
201600054295,2016-09-10,2016,septembre,samedi,20:00,75,75114,48.8431,2.32635,2,2,3,5,1,4,2,02,1,1,000,060,1,5,1,4,1,72,5,1,2,00,2,6,15,201600054295A01,7,17,1
201600054303,2016-09-15,2016,septembre,jeudi,10:05,75,75114,48.8344,2.33242,2,7,2,1,2,4,-1,03,1,-1,000,090,2,0,1,4,2,36,1,1,2,00,2,4,2,201600054303B01,7,2,1
201600054315,2016-09-27,2016,septembre,mardi,16:30,75,75114,48.8344,2.33242,2,7,3,1,1,4,-1,00,1,-1,000,000,1,5,1,3,1,50,1,1,2,00,2,3,1,201600054315B01,7,16,1
201600054320,2016-10-04,2016,octobre,mardi,92:0,75,75114,48.8229,2.32718,2,1,3,1,1,4,1,02,1,1,000,000,1,0,1,4,2,37,1,1,2,00,2,1,1,201600054320B01,10,22,1
201600054325,2016-10-09,2016,octobre,dimanche,17:30,75,75114,48.8227,2.32263,2,2,3,1,1,4,3,00,1,1,000,000,1,0,0,4,1,26,0,1,2,00,2,0,1,201600054325B01,7,15,1
201600054331,2016-10-12,2016,octobre,mercredi,85:0,75,75115,48.8458,2.30512,2,1,3,1,1,4,1,00,1,1,000,000,1,0,1,4,2,38,1,1,2,00,2,1,1,201600054331B01,10,22,1
201600054339,2016-10-18,2016,octobre,mardi,14:10,75,75114,48.8325,2.32498,2,2,3,1,1,4,3,04,1,1,000,000,1,0,1,4,1,73,5,1,2,00,2,6,7,201600054339B01,7,16,1
201600054342,2016-10-23,2016,octobre,dimanche,20:15,75,75114,48.842,2.3296,2,5,3,5,2,4,2,01,1,1,000,200,2,0,1,4,2,22,5,1,2,00,2,3,1,201600054342B01,7,15,1
201600054357,2016-11-09,2016,novembre,mercredi,92:0,75,75114,48.8314,2.31582,2,1,2,1,2,4,2,02,1,1,000,000,2,0,1,4,2,35,1,1,2,00,2,5,2,201600054357B01,31,2,1
201600054375,2016-11-18,2016,novembre,vendredi,12:35,75,75114,48.841,2.32497,2,1,7,1,1,4,-1,01,1,1,000,030,1,0,1,4,2,66,5,1,2,00,0,7,21,201600054375A01,,,
201600054384,2016-11-26,2016,novembre,samedi,10:28,75,75114,48.8197,2.32558,2,5,2,1,1,4,3,06,1,1,010,250,1,5,1,4,1,35,0,1,2,00,2,1,7,201600054384A01,37,7,1
201600054388,2016-11-30,2016,novembre,mercredi,92:0,75,75114,48.8209,2.32049,2,3,6,1,1,4,2,03,1,1,000,100,1,0,1,4,2,18,2,1,2,00,2,8,7,201600054388A01,7,17,1
201600054401,2016-12-15,2016,décembre,jeudi,20:30,75,75114,48.8251,2.3168,2,3,6,5,1,4,3,02,1,1,000,000,1,0,0,4,1,43,1,1,2,00,2,4,2,201600054401A01,7,2,1
201600054418,2016-01-07,2016,janvier,jeudi,13:30,75,75115,48.8455,2.27829,2,1,2,1,1,4,2,02,-1,-1,000,000,-1,0,1,4,1,34,4,1,2,00,2,1,2,201600054418A01,7,2,1
201600054426,2016-01-20,2016,janvier,mercredi,18:00,75,75115,48.8347,2.30515,2,2,3,5,1,4,1,02,1,1,000,090,1,0,0,4,2,19,0,1,2,00,2,6,1,201600054426B01,7,15,1
201600054444,2016-02-12,2016,février,vendredi,92:0,75,75115,48.8483,2.3028,2,1,2,1,1,4,1,01,1,1,000,040,1,0,1,4,2,53,5,1,2,00,2,1,2,201600054444B01,10,4,1
201600054458,2016-02-24,2016,février,mercredi,10:15,75,75115,48.8345,2.30577,2,3,3,1,1,4,2,03,1,1,000,120,1,0,1,4,1,41,1,1,2,00,2,1,18,201600054458B01,10,22,1
201600054461,2016-02-25,2016,février,jeudi,19:50,75,75115,48.847,2.28528,2,7,3,5,1,4,2,00,1,1,000,070,1,0,1,4,1,42,5,1,2,00,2,3,19,201600054461A01,32,5,1
201600054466,2016-03-04,2016,mars,vendredi,91:0,75,75115,48.8575,2.29103,2,4,2,1,2,4,2,00,1,1,000,000,2,0,1,4,2,28,0,1,2,00,2,1,16,201600054466B01,7,15,1
201600054471,2016-03-08,2016,mars,mardi,18:55,75,75115,48.8404,2.28389,2,1,6,5,1,4,1,01,1,1,000,160,1,0,5,1,1,30,0,1,2,00,1,3,1,201600054471A01,,,
201600054475,2016-03-11,2016,mars,vendredi,19:30,75,75107,48.8548,2.32494,2,1,2,4,1,4,1,01,-1,-1,000,000,-1,0,1,4,1,79,0,1,2,01,2,0,1,201600054475B01,7,22,1
201600054477,2016-03-13,2016,mars,dimanche,14:21,75,75115,48.8404,2.31491,2,2,6,1,1,4,2,04,-1,-1,000,000,-1,0,1,4,1,26,1,1,2,00,2,2,1,201600054477B01,7,9,1
201600054480,2016-03-15,2016,mars,mardi,19:10,75,75115,48.8387,2.31435,2,2,6,5,1,4,1,01,1,1,000,060,1,0,1,4,1,35,5,1,2,00,2,4,1,201600054480B01,34,1,1
201600054484,2016-03-18,2016,mars,vendredi,15:05,75,75115,48.8309,2.29228,2,2,3,1,1,4,2,04,2,1,080,200,1,4,1,4,1,30,5,1,2,00,2,1,5,201600054484A01,7,1,1
201600054486,2016-03-23,2016,mars,mercredi,11:00,75,75115,48.8431,2.28349,2,2,3,1,1,4,2,01,1,1,000,108,1,0,1,4,2,29,0,1,2,00,2,2,1,201600054486B01,10,22,1
201600054490,2016-03-25,2016,mars,vendredi,13:28,75,75115,48.8417,2.29166,2,1,1,1,1,4,1,01,1,1,000,122,1,0,1,4,1,17,2,1,2,00,2,1,5,201600054490A01,7,1,1
201600054497,2016-04-05,2016,avril,mardi,10:15,75,75115,48.8466,2.27574,2,1,3,1,1,4,2,02,1,1,000,100,1,0,5,4,1,52,5,1,2,00,2,4,1,201600054497B01,7,14,1
201600054516,2016-04-27,2016,avril,mercredi,12:45,75,75115,48.8438,2.28188,2,2,2,1,1,4,2,02,1,1,000,060,1,0,1,4,1,27,4,1,2,00,2,1,2,201600054516A01,10,2,1
201600054523,2016-05-08,2016,mai,dimanche,31:5,75,75115,48.842,2.31968,2,1,6,5,1,4,1,01,1,1,050,050,1,0,1,4,1,23,0,1,2,00,2,0,19,201600054523A01,7,1,1
201600054528,2016-05-12,2016,mai,jeudi,10:10,75,75115,48.8348,2.30469,2,1,6,1,1,4,2,01,1,1,000,110,1,0,1,4,1,62,1,1,2,00,2,4,11,201600054528A01,7,11,1
201600054530,2016-05-13,2016,mai,vendredi,14:00,75,75115,48.8551,2.29478,2,1,3,1,1,4,2,01,1,1,000,000,1,0,1,1,1,55,9,1,2,00,2,2,1,201600054530B01,7,9,1
201600054540,2016-05-20,2016,mai,vendredi,22:00,75,75115,48.8495,2.29854,2,3,3,5,1,4,2,02,1,1,000,000,1,0,1,4,1,22,5,1,2,00,2,1,1,201600054540B01,7,22,1
201600054546,2016-05-26,2016,mai,jeudi,16:00,75,75106,48.8457,2.31946,2,1,7,1,1,4,-1,01,1,1,000,050,1,0,1,4,2,61,5,1,2,00,0,0,21,201600054546A01,,,
201600054557,2016-06-01,2016,juin,mercredi,10:40,75,75115,48.8347,2.30515,2,2,3,1,2,4,2,03,1,1,000,080,2,0,1,1,1,18,2,1,2,00,2,1,1,201600054557B01,30,15,1
201600054568,2016-06-12,2016,juin,dimanche,12:45,75,75115,48.8521,2.29087,2,1,3,1,1,4,1,02,2,1,000,000,2,0,5,4,1,27,5,1,2,00,2,1,1,201600054568B01,7,16,1
201600054576,2016-06-22,2016,juin,mercredi,20:30,75,75115,48.8412,2.32163,2,1,6,2,1,4,1,02,1,1,010,100,1,0,1,1,1,35,0,1,2,00,1,0,1,201600054576A01,,,
201600054583,2016-06-26,2016,juin,dimanche,13:10,75,75115,48.8495,2.29599,2,1,2,1,1,4,-1,01,1,-1,000,080,1,0,0,4,1,24,4,1,2,01,2,1,1,201600054583B01,7,22,1
201600054584,2016-06-26,2016,juin,dimanche,13:20,75,75115,48.8413,2.29817,2,3,3,1,8,4,1,02,1,1,000,150,1,0,1,4,2,35,5,1,2,00,2,6,15,201600054584A01,2,17,1
201600054590,2016-06-29,2016,juin,mercredi,21:45,75,75115,48.8483,2.29037,2,1,3,1,2,4,1,00,1,1,000,000,1,0,1,4,2,25,0,1,2,00,2,0,1,201600054590B01,7,9,1
201600054591,2016-07-01,2016,juillet,vendredi,93:0,75,75115,48.8451,2.32016,2,5,6,1,1,4,2,02,2,1,000,000,1,0,1,4,1,43,1,1,2,00,2,8,1,201600054591A01,7,16,1
201600054601,2016-07-08,2016,juillet,vendredi,16:40,75,75115,48.8499,2.29911,2,3,3,1,1,4,2,02,1,1,000,000,1,0,1,4,1,42,4,1,2,00,2,1,1,201600054601B01,7,22,1
201600054605,2016-07-11,2016,juillet,lundi,16:50,75,75115,48.8403,2.28584,2,2,3,1,1,4,2,02,1,1,000,000,1,0,1,4,1,23,5,1,2,00,2,1,1,201600054605B01,7,22,1
201600054607,2016-07-13,2016,juillet,mercredi,73:0,75,75115,48.8383,2.27067,2,3,7,1,1,4,1,02,1,1,000,000,1,0,5,4,1,47,1,1,2,00,0,1,1,201600054607A01,,,
201600054610,2016-07-15,2016,juillet,vendredi,23:20,75,75115,48.8558,2.28967,2,1,6,5,1,4,-1,01,1,2,000,000,1,0,5,4,1,26,4,1,2,03,0,1,1,201600054610A01,,,
201600054615,2016-07-23,2016,juillet,samedi,15:35,75,75115,48.8302,2.30187,2,3,2,1,1,4,1,01,2,1,000,050,1,0,1,4,2,31,1,1,2,00,2,4,2,201600054615B01,7,2,1
201600054616,2016-07-24,2016,juillet,dimanche,12:45,75,75115,48.8368,2.26827,2,1,2,1,1,4,1,01,2,1,000,060,1,0,1,3,1,59,5,1,2,00,2,1,2,201600054616A01,1,2,1
201600054616,2016-07-24,2016,juillet,dimanche,12:45,75,75115,48.8368,2.26827,2,1,2,1,1,4,1,01,2,1,000,060,1,0,1,1,1,37,5,1,2,00,2,4,2,201600054616B01,1,2,1
201600054624,2016-08-05,2016,août,vendredi,12:0,75,75115,48.8423,2.31333,2,2,3,5,1,4,1,01,2,1,000,050,1,0,1,4,1,21,5,1,2,00,2,8,15,201600054624A01,7,17,1
201600054628,2016-08-19,2016,août,vendredi,17:10,75,75115,48.8457,2.30973,2,4,3,1,2,4,1,01,1,1,000,080,2,0,1,4,1,32,1,1,2,00,2,1,1,201600054628B01,7,16,1
201600054643,2016-09-04,2016,septembre,dimanche,1:,75,75115,48.8343,2.27451,2,1,3,5,1,4,2,02,1,-1,050,050,1,0,1,4,2,37,5,1,2,00,4,1,1,201600054643A01,40,1,1
201600054645,2016-09-04,2016,septembre,dimanche,16:45,75,75115,48.8462,2.27902,2,1,2,1,1,4,2,02,1,1,000,095,1,6,1,4,1,25,5,1,2,01,2,0,1,201600054645B01,10,22,1
201600054651,2016-09-09,2016,septembre,vendredi,17:10,75,75115,48.8487,2.28519,2,2,3,1,1,4,1,01,1,1,000,050,1,0,1,4,1,10,5,1,2,00,2,7,19,201600054651B01,7,4,1
201600054657,2016-09-14,2016,septembre,mercredi,14:35,75,75115,48.8527,2.29073,2,2,3,1,1,4,2,02,1,1,000,100,1,0,1,4,1,20,1,1,2,00,2,1,15,201600054657B01,7,15,1
201600054659,2016-09-15,2016,septembre,jeudi,95:3,75,75115,48.8538,2.29412,2,2,3,1,3,4,2,00,1,1,000,000,2,0,1,4,1,28,4,1,2,00,2,8,19,201600054659B01,7,15,1
201600054664,2016-09-20,2016,septembre,mardi,17:00,75,75115,48.8404,2.31491,2,2,3,1,1,4,2,02,1,1,000,000,1,5,1,4,1,26,0,1,2,00,2,1,1,201600054664B01,7,15,1
201600054672,2016-09-27,2016,septembre,mardi,20:35,75,75115,48.8509,2.29259,2,5,6,5,1,4,1,01,1,1,025,065,1,0,5,4,1,46,5,1,2,00,1,1,1,201600054672A01,,,
201600054686,2016-10-06,2016,octobre,jeudi,18:55,75,75115,48.8518,2.29166,2,2,3,2,1,4,2,02,1,1,000,090,1,0,1,4,1,20,5,1,2,00,2,1,1,201600054686A01,7,1,1
201600054687,2016-10-07,2016,octobre,vendredi,94:0,75,75115,48.8278,2.29278,2,7,6,1,1,4,1,02,1,1,000,000,1,5,1,4,2,27,1,1,2,00,2,7,1,201600054687B01,7,9,1
201600054694,2016-10-14,2016,octobre,vendredi,95:5,75,75115,48.8369,2.28359,2,2,7,1,1,4,1,02,1,1,000,050,1,0,1,4,1,24,4,1,2,00,0,1,21,201600054694A01,,,
201600054697,2016-10-17,2016,octobre,lundi,19:15,75,75115,48.8524,2.29058,2,2,6,5,8,4,1,01,1,1,000,000,1,0,1,1,2,60,5,1,2,00,1,3,5,201600054697A01,,,
201600054702,2016-10-23,2016,octobre,dimanche,19:50,75,75115,48.8343,2.28402,2,3,2,5,3,4,3,02,2,1,000,000,2,0,0,4,1,33,4,1,2,00,2,1,1,201600054702B01,7,16,1
201600054704,2016-10-25,2016,octobre,mardi,19:05,75,75115,48.8302,2.30187,2,3,3,2,1,4,1,00,2,1,000,000,1,0,1,4,1,9,5,1,2,00,2,7,5,201600054704B01,7,1,1
201600054706,2016-10-27,2016,octobre,jeudi,18:20,75,75115,48.8404,2.31491,2,2,3,1,1,4,3,01,1,1,080,040,-1,0,1,4,2,60,1,1,2,00,2,0,1,201600054706B01,7,15,1
201600054715,2016-11-02,2016,novembre,mercredi,21:15,75,75115,48.84,2.29031,2,2,3,5,1,4,2,03,1,1,000,110,1,0,1,4,1,29,4,1,2,00,2,7,1,201600054715A01,7,15,1
201600054716,2016-11-04,2016,novembre,vendredi,90:0,75,75115,48.8365,2.28398,2,1,3,1,2,4,1,01,2,1,000,060,1,0,1,4,2,47,1,1,2,00,2,7,1,201600054716B01,10,22,1
201600054724,2016-11-10,2016,novembre,jeudi,15:00,75,75115,48.8481,2.29018,2,2,3,1,1,4,1,01,1,1,000,040,2,0,1,4,1,35,4,1,2,00,2,1,1,201600054724A01,7,1,1
201600054727,2016-11-15,2016,novembre,mardi,65:5,75,75115,48.8327,2.28833,2,2,6,5,2,4,1,03,2,1,000,084,2,0,1,1,1,52,1,1,2,00,1,1,1,201600054727A01,,,
201600054731,2016-11-17,2016,novembre,jeudi,19:50,75,75115,48.8345,2.29567,2,2,3,5,2,4,1,01,1,1,000,000,2,0,1,4,1,57,1,1,2,00,2,4,1,201600054731B01,7,17,1
201600054736,2016-11-20,2016,novembre,dimanche,14:45,75,75115,48.8437,2.2863,2,2,3,1,2,4,1,01,1,1,000,060,2,0,1,4,1,29,5,1,2,00,2,1,1,201600054736B01,7,15,1