Num_Acc,date,an,mois,jour,hrmn,dep,com,lat,long,agg,int,col,lum,atm,catr,circ,nbv,prof,plan,lartpc,larrout,surf,infra,situ,grav,sexe,age,trajet,secuexist,equipement,obs,obsm,choc,manv,vehiculeid,typevehicules,manoeuvehicules,numVehicules
201600054745,2016-11-27,2016,novembre,dimanche,14:25,75,75115,48.8455,2.30124,2,1,6,1,1,4,1,01,2,1,000,060,1,0,1,4,1,35,0,1,2,01,2,0,1,201600054745B01,7,20,1
201600054746,2016-11-29,2016,novembre,mardi,10:15,75,75115,48.8278,2.29278,2,7,3,1,1,4,2,03,1,1,000,000,1,0,1,4,1,74,0,1,2,00,2,4,1,201600054746B01,7,1,1
201600054752,2016-11-30,2016,novembre,mercredi,19:30,75,75115,48.8481,2.29018,2,2,3,5,1,4,1,01,1,1,000,070,1,0,1,4,1,38,4,1,2,00,2,2,1,201600054752A01,7,1,1
201600054761,2016-12-09,2016,décembre,vendredi,15:45,75,75115,48.8436,2.29323,2,1,6,1,1,4,2,02,1,1,000,060,1,0,1,1,1,54,5,1,2,00,1,7,1,201600054761A01,,,
201600054763,2016-12-12,2016,décembre,lundi,15:00,75,75115,48.8443,2.30227,2,1,6,1,1,4,2,01,1,1,000,000,1,0,1,1,1,19,4,1,2,00,1,1,1,201600054763A01,,,
201600054764,2016-12-13,2016,décembre,mardi,82:0,75,75115,48.8437,2.2863,2,2,3,1,2,4,1,01,1,1,000,061,2,0,5,4,1,24,1,1,2,00,2,2,1,201600054764B01,10,15,1
201600054779,2016-12-29,2016,décembre,jeudi,14:00,75,75115,48.8385,2.29359,2,1,2,1,1,4,2,02,1,1,000,100,1,0,3,4,1,59,5,1,2,01,2,2,1,201600054779B01,10,22,1
201600054791,2016-01-06,2016,janvier,mercredi,74:5,75,75116,48.8642,2.27237,2,7,3,2,2,4,1,01,1,1,000,000,2,0,1,4,1,17,2,1,2,00,2,4,14,201600054791A01,30,1,1
201600054842,2016-02-18,2016,février,jeudi,17:45,75,75116,48.8491,2.26938,2,2,3,1,2,4,1,01,1,1,000,000,2,0,1,3,2,55,5,1,2,00,2,7,1,201600054842A01,10,1,1
201600054878,2016-03-16,2016,mars,mercredi,15:20,75,75116,48.8685,2.29887,2,2,2,1,8,4,2,02,2,1,000,000,1,0,0,4,2,53,1,1,2,01,2,2,1,201600054878B01,7,22,1
201600054888,2016-03-23,2016,mars,mercredi,16:00,75,75116,48.8521,2.27449,2,1,2,1,1,4,1,01,1,1,000,000,1,0,1,4,1,16,2,1,2,00,2,1,2,201600054888A01,7,23,1
201600054899,2016-03-26,2016,mars,samedi,12:50,75,75116,48.8625,2.29373,2,1,6,1,1,4,2,01,1,1,000,000,1,0,4,1,1,45,4,1,2,00,1,8,1,201600054899A01,,,
201600054912,2016-04-08,2016,avril,vendredi,13:59,75,75116,48.8633,2.2317,2,1,2,1,1,4,2,03,1,1,000,000,1,0,5,4,1,73,5,1,2,00,2,1,2,201600054912B01,13,24,1
201600054917,2016-04-12,2016,avril,mardi,84:5,75,75116,48.8594,2.22935,2,1,6,1,1,4,2,01,1,3,050,100,1,0,1,4,2,24,5,1,2,00,1,1,1,201600054917A01,,,
201600054925,2016-04-20,2016,avril,mercredi,93:5,75,75116,48.8721,2.27459,2,7,3,1,1,4,1,00,1,-1,000,000,1,5,5,4,2,62,0,1,2,00,2,3,1,201600054925B01,7,16,1
201600054949,2016-05-15,2016,mai,dimanche,16:10,75,75116,48.8474,2.25941,2,1,3,1,1,4,-1,03,1,1,000,000,1,0,5,4,2,55,5,1,2,00,2,7,1,201600054949B01,7,22,1
201600054951,2016-05-16,2016,mai,lundi,40:5,75,75116,48.8774,2.28138,2,4,1,5,1,4,1,05,2,2,000,000,-1,0,1,4,2,20,9,1,2,00,2,1,5,201600054951A01,7,1,1
201600054952,2016-05-16,2016,mai,lundi,12:15,75,75116,48.8593,2.22929,2,1,6,1,1,4,1,02,1,2,000,000,1,0,5,4,1,30,5,1,2,00,1,1,1,201600054952A01,,,
201600054959,2016-05-19,2016,mai,jeudi,11:25,75,75116,48.8681,2.28175,2,1,3,1,1,4,2,02,-1,-1,000,000,-1,0,1,4,1,25,4,1,2,00,2,1,1,201600054959B01,7,10,1
201600054961,2016-05-20,2016,mai,vendredi,91:5,75,75116,48.8637,2.23255,2,4,6,1,1,4,2,02,1,1,000,150,1,0,1,4,1,28,4,1,2,01,0,1,1,201600054961A01,,,
201600054969,2016-05-24,2016,mai,mardi,19:30,75,75116,48.8649,2.29155,2,2,2,1,1,4,-1,00,1,1,000,000,1,0,0,4,2,49,1,1,2,01,2,1,1,201600054969B01,7,22,1
201600054982,2016-06-04,2016,juin,samedi,15:08,75,75116,48.8703,2.26428,2,1,6,1,1,4,2,02,1,1,000,000,1,0,1,4,1,73,0,1,2,00,2,3,23,201600054982B01,7,1,1
201600054982,2016-06-04,2016,juin,samedi,15:08,75,75116,48.8703,2.26428,2,1,6,1,1,4,2,02,1,1,000,000,1,0,1,4,2,51,0,1,2,00,2,3,23,201600054982D01,7,1,1
201600054982,2016-06-04,2016,juin,samedi,15:08,75,75116,48.8703,2.26428,2,1,6,1,1,4,2,02,1,1,000,000,1,0,1,4,1,36,5,1,2,00,2,1,23,201600054982C01,7,1,1
201600054988,2016-06-08,2016,juin,mercredi,14:45,75,75116,48.8577,2.27138,2,1,3,1,1,4,1,01,1,1,000,000,1,0,1,4,1,36,1,1,2,00,2,1,1,201600054988B01,10,22,1
201600054991,2016-06-10,2016,juin,vendredi,74:5,75,75116,48.8525,2.26816,2,5,3,1,1,4,1,02,2,1,000,000,2,0,1,4,1,31,1,1,2,00,2,2,14,201600054991A01,7,1,1
201600055002,2016-06-10,2016,juin,vendredi,12:45,75,75116,48.8464,2.27269,2,1,3,1,8,4,2,03,1,1,000,000,1,0,1,4,2,53,1,1,2,00,2,0,12,201600055002A01,32,1,1
201600055026,2016-06-25,2016,juin,samedi,21:30,75,75116,48.8467,2.27303,2,1,4,1,1,4,2,02,1,1,000,000,1,0,0,4,1,16,5,1,2,00,2,4,1,201600055026B01,7,1/14,2
201600055027,2016-06-25,2016,juin,samedi,22:40,75,75116,48.8749,2.27109,2,2,3,5,1,4,2,02,1,1,000,000,1,0,1,4,1,43,9,1,2,00,2,4,15,201600055027B01,33,1,1
201600055031,2016-06-27,2016,juin,lundi,18:20,75,75116,48.8564,2.2747,2,2,6,1,8,4,2,02,2,3,000,000,2,0,1,1,1,25,1,1,2,00,1,1,16,201600055031A01,,,
201600055035,2016-06-29,2016,juin,mercredi,14:30,75,75116,48.8714,2.27413,2,7,3,1,1,4,1,04,-1,2,000,000,1,5,1,4,1,55,1,1,2,00,2,2,9,201600055035B01,10,1,1
201600055036,2016-06-29,2016,juin,mercredi,19:50,75,75116,48.8391,2.26125,2,3,3,1,1,4,1,03,1,1,000,100,1,0,1,4,2,28,5,1,2,00,2,1,7,201600055036B01,2,16,1
201600055038,2016-06-30,2016,juin,jeudi,91:0,75,75116,48.8481,2.27061,2,5,3,1,1,4,1,01,3,1,000,000,1,6,1,4,1,36,1,1,2,01,2,0,1,201600055038B01,7,22,1
201600055039,2016-06-30,2016,juin,jeudi,91:0,75,75116,48.8406,2.2562,2,1,3,1,1,4,2,02,1,1,000,000,1,0,1,4,1,34,1,1,2,00,2,1,1,201600055039B01,10,10,1
201600055044,2016-07-03,2016,juillet,dimanche,13:10,75,75116,48.8502,2.26005,2,1,6,1,1,4,2,02,2,1,000,000,1,0,1,1,1,23,5,1,2,00,1,0,1,201600055044A01,,,
201600055058,2016-07-12,2016,juillet,mardi,19:50,75,75116,48.8669,2.23884,2,4,6,1,9,4,1,00,1,2,000,000,1,0,1,4,2,52,5,1,2,15,2,0,9,201600055058A01,7,1,1
201600055059,2016-07-12,2016,juillet,mardi,22:50,75,75116,48.8634,2.2869,2,7,3,5,3,4,2,01,2,1,000,000,2,0,1,4,1,20,4,1,2,00,2,8,1,201600055059B01,7,22,1
201600055072,2016-07-30,2016,juillet,samedi,17:45,75,75116,48.8687,2.24378,2,1,6,1,1,4,-1,02,1,1,000,000,1,0,1,4,1,23,5,1,2,01,0,2,14,201600055072A01,,,
201600055087,2016-08-19,2016,août,vendredi,16:23,75,75116,48.8539,2.27675,2,1,2,1,2,4,1,01,1,1,000,000,1,0,1,4,2,20,5,1,9,01,2,2,1,201600055087B01,7,22,1
201600055093,2016-08-24,2016,août,mercredi,11:50,75,75116,48.8585,2.28867,2,1,3,1,1,4,1,04,1,1,000,000,1,0,1,4,1,55,5,1,2,00,2,5,12,201600055093B01,7,11,1
201600055097,2016-08-26,2016,août,vendredi,16:45,75,75116,48.8399,2.2563,2,7,6,1,1,4,2,02,1,1,000,000,1,0,1,4,1,25,5,1,2,01,2,4,1,201600055097B01,7,16,1
201600055109,2016-09-02,2016,septembre,vendredi,92:5,75,75116,48.8531,2.26845,2,1,3,1,1,4,1,02,1,1,000,000,1,0,1,4,2,38,5,1,2,00,2,8,13,201600055109B01,7,17,1
201600055111,2016-09-02,2016,septembre,vendredi,18:00,75,75116,48.8637,2.26732,2,3,2,1,1,4,1,01,1,1,000,000,1,0,1,4,2,44,5,1,2,00,2,3,19,201600055111B01,7,1,1
201600055112,2016-09-03,2016,septembre,samedi,93:8,75,75116,48.8607,2.23734,2,1,6,1,1,4,-1,02,1,-1,000,000,1,0,0,4,1,73,5,1,2,00,2,7,1,201600055112A01,1,1,1
201600055115,2016-09-05,2016,septembre,lundi,11:45,75,75116,48.8647,2.28265,2,1,6,1,2,4,1,02,1,1,000,045,1,0,1,1,1,25,4,1,2,00,1,7,17,201600055115A01,,,
201600055122,2016-09-07,2016,septembre,mercredi,81:0,75,75116,48.8473,2.27341,2,7,6,1,1,4,-1,01,1,1,000,000,1,0,4,1,2,35,1,1,2,00,1,1,1,201600055122A01,,,
201600055140,2016-09-14,2016,septembre,mercredi,11:30,75,75116,48.863,2.26851,2,7,3,1,1,4,1,04,1,1,000,000,1,0,1,4,2,52,5,1,2,00,2,1,5,201600055140B01,10,9,1
201600055142,2016-09-15,2016,septembre,jeudi,81:2,75,75116,48.8635,2.23921,2,5,3,1,2,4,-1,00,2,-1,000,000,2,0,1,4,2,58,1,1,2,00,2,8,19,201600055142A01,31,1,1
201600055154,2016-09-21,2016,septembre,mercredi,17:30,75,75116,48.8396,2.26773,2,1,2,1,1,4,-1,06,1,1,000,000,1,0,0,4,2,49,1,1,2,00,2,4,7,201600055154B01,31,12,1
201600055162,2016-09-25,2016,septembre,dimanche,12:40,75,75116,48.8718,2.2741,2,7,3,1,2,4,3,02,1,-1,000,000,2,6,1,4,2,59,5,1,2,00,2,0,19,201600055162B01,7,17,1
201600055177,2016-10-02,2016,octobre,dimanche,20:00,75,75116,48.8755,2.27254,2,1,2,5,1,4,2,02,1,1,000,000,1,0,1,4,1,45,4,1,2,01,2,1,1,201600055177B01,7,22,1
201600055186,2016-10-02,2016,octobre,dimanche,13:50,75,75116,48.8774,2.28138,2,4,3,1,1,4,1,06,1,2,000,000,1,0,1,4,1,40,1,1,2,00,2,7,14,201600055186B01,7,1,1
201600055205,2016-10-24,2016,octobre,lundi,74:5,75,75116,48.8602,2.29056,2,7,6,5,2,4,-1,02,2,1,000,000,2,5,1,4,1,53,1,1,2,00,2,7,17,201600055205A01,10,10,1
201600055221,2016-11-02,2016,novembre,mercredi,19:00,75,75116,48.855,2.26567,2,3,6,5,1,4,2,02,1,1,000,000,1,0,1,1,1,20,4,1,2,00,1,1,1,201600055221A01,,,
201600055228,2016-11-05,2016,novembre,samedi,16:30,75,75116,48.8623,2.23822,2,3,3,1,2,4,2,01,1,3,000,000,1,0,1,4,1,51,5,1,2,00,2,1,1,201600055228B01,7,9,1
201600055240,2016-11-12,2016,novembre,samedi,10:45,75,75116,48.8708,2.25947,2,1,2,1,1,4,2,03,1,1,000,000,1,0,1,4,1,66,5,1,2,00,2,8,18,201600055240B01,7,23,1
201600055254,2016-11-21,2016,novembre,lundi,19:15,75,75116,48.8685,2.2871,2,3,2,5,8,4,1,00,1,-1,000,000,1,0,1,4,2,31,0,1,2,01,2,1,15,201600055254B01,7,22,1
201600055301,2016-12-23,2016,décembre,vendredi,14:05,75,75116,48.8688,2.2833,2,3,3,1,1,4,2,02,1,1,000,000,1,0,1,4,1,28,4,1,2,00,2,3,13,201600055301A01,7,1,1
201600055318,2016-01-06,2016,janvier,mercredi,20:30,75,75117,48.8816,2.31514,2,1,6,5,1,4,2,01,1,1,000,000,1,6,1,1,1,27,1,1,2,00,1,1,1,201600055318A01,,,
201600055325,2016-01-13,2016,janvier,mercredi,23:07,75,75117,48.8873,2.31404,2,5,5,5,1,4,1,01,1,1,000,000,1,0,1,1,1,29,0,1,2,00,2,8,23,201600055325C01,7/ 32,15/1,2
201600055332,2016-01-20,2016,janvier,mercredi,17:40,75,75117,48.8806,2.30907,2,7,3,5,1,4,2,02,-1,-1,000,000,-1,0,1,4,1,17,5,1,2,00,2,2,1,201600055332B01,1,9,1
201600055332,2016-01-20,2016,janvier,mercredi,17:40,75,75117,48.8806,2.30907,2,7,3,5,1,4,2,02,-1,-1,000,000,-1,0,1,4,1,33,4,1,2,01,2,1,9,201600055332A01,1,1,1
201600055341,2016-01-27,2016,janvier,mercredi,85:0,75,75117,48.8918,2.30158,2,2,2,2,2,4,-1,02,1,-1,000,000,2,0,0,4,2,49,1,1,2,00,2,0,1,201600055341B01,14,16,1
201600055344,2016-01-27,2016,janvier,mercredi,19:50,75,75117,48.886,2.32291,2,1,3,5,1,4,1,01,2,1,000,000,1,0,1,3,2,33,1,1,9,00,2,3,1,201600055344B01,7,17,1
201600055356,2016-02-04,2016,février,jeudi,12:50,75,75117,48.8799,2.30684,2,1,3,1,2,4,1,01,1,1,000,000,2,0,1,4,2,42,5,1,2,00,2,1,17,201600055356B01,10,22,1
201600055385,2016-03-04,2016,mars,vendredi,12:10,75,75117,48.8918,2.30158,2,2,3,1,1,4,1,02,1,1,000,000,1,0,1,4,2,34,0,1,2,00,2,8,1,201600055385B01,10,16,1
201600055402,2016-03-18,2016,mars,vendredi,18:30,75,75117,48.8961,2.31062,2,1,3,2,1,4,1,02,1,1,000,000,1,0,1,4,2,51,0,1,2,00,2,0,18,201600055402B01,14,1,1
201600055426,2016-04-07,2016,avril,jeudi,74:0,75,75117,48.881,2.28416,2,7,3,1,1,4,1,03,1,-1,000,000,1,0,1,4,1,55,0,1,2,00,2,2,1,201600055426B01,10,14,1
201600055428,2016-04-07,2016,avril,jeudi,22:00,75,75117,48.8807,2.28525,2,2,3,5,1,4,2,02,1,1,000,200,1,0,5,4,1,27,5,1,2,00,2,1,1,201600055428B01,7,15,1
201600055437,2016-04-14,2016,avril,jeudi,22:00,75,75117,48.8877,2.32525,2,1,6,5,1,4,2,02,2,1,000,000,1,0,1,4,1,33,5,1,2,00,2,0,1,201600055437B01,7,1,1
201600055452,2016-04-27,2016,avril,mercredi,19:10,75,75108,48.8642,2.30214,2,7,3,1,1,4,1,02,1,1,000,000,1,0,1,4,1,31,0,1,2,00,2,6,12,201600055452B01,7,1,1
201600055454,2016-04-29,2016,avril,vendredi,22:45,75,75117,48.8808,2.28995,2,5,3,5,2,4,1,01,1,1,000,000,2,0,1,4,1,23,0,1,2,00,2,1,1,201600055454A01,7,1,1
201600055459,2016-05-04,2016,mai,mercredi,11:50,75,75117,48.8861,2.29251,2,1,6,1,1,4,2,02,-1,-1,000,000,-1,0,1,1,1,45,4,1,2,00,1,1,1,201600055459A01,,,
201600055480,2016-05-27,2016,mai,vendredi,20:00,75,75117,48.8857,2.29724,2,1,3,1,1,4,2,02,1,2,000,000,1,0,1,4,1,54,1,1,2,00,2,1,1,201600055480B01,7,22,1
201600055496,2016-06-16,2016,juin,jeudi,12:05,75,75117,48.899,2.32203,2,2,3,1,1,4,2,04,2,1,000,000,1,0,1,4,2,52,1,1,2,00,2,1,1,201600055496A01,7,1,1
201600055501,2016-06-19,2016,juin,dimanche,20:15,75,75117,48.8791,2.28601,2,1,2,1,1,4,1,01,1,1,000,050,1,0,1,4,1,34,5,1,2,01,2,1,1,201600055501B01,7,22,1
201600055506,2016-06-23,2016,juin,jeudi,19:20,75,75117,48.899,2.32203,2,2,3,1,1,4,2,04,1,1,000,000,1,0,1,4,1,68,0,1,2,00,2,1,1,201600055506A01,30,15,1
201600055508,2016-06-24,2016,juin,vendredi,13:30,75,75117,48.895,2.31761,2,3,3,1,1,4,-1,01,2,1,000,000,1,0,0,4,2,28,0,1,2,00,2,0,5,201600055508A01,7,15,1
201600055509,2016-06-24,2016,juin,vendredi,14:00,75,75117,48.8866,2.31845,2,7,3,1,1,4,1,01,1,1,000,000,1,0,1,4,2,30,0,1,2,00,2,1,5,201600055509B01,7,1,1
201600055525,2016-07-05,2016,juillet,mardi,10:20,75,75117,48.899,2.32203,2,2,3,1,1,4,2,00,2,1,000,000,1,0,1,4,2,44,5,1,2,00,2,1,1,201600055525A01,7,15,1
201600055531,2016-07-09,2016,juillet,samedi,13:00,75,75117,48.899,2.32203,2,3,3,1,1,4,2,02,2,1,000,000,1,0,1,4,1,44,0,1,2,00,2,1,1,201600055531A01,7,15,1
201600055551,2016-07-20,2016,juillet,mercredi,15:25,75,75117,48.8805,2.28629,2,1,3,1,1,4,2,06,1,1,000,000,1,0,1,4,2,52,5,1,2,00,2,3,18,201600055551B01,7,12,1
201600055556,2016-07-24,2016,juillet,dimanche,12:30,75,75117,48.8807,2.28525,2,7,3,1,1,4,2,03,1,1,000,000,1,0,5,4,1,35,5,1,2,00,2,7,1,201600055556B01,7,15,1
201600055569,2016-07-30,2016,juillet,samedi,16:10,75,75117,48.8854,2.29838,2,4,3,1,1,4,2,02,1,1,000,000,1,0,1,4,2,47,5,1,2,00,2,0,1,201600055569B01,7,14,1
201600055603,2016-09-15,2016,septembre,jeudi,80:0,75,75117,48.8942,2.32057,2,2,7,1,2,4,2,02,4,1,000,000,2,0,1,4,2,50,1,1,2,00,0,0,1,201600055603A01,,,
201600055606,2016-09-18,2016,septembre,dimanche,12:30,75,75117,48.8856,2.29167,2,2,3,1,1,4,2,04,1,1,010,100,1,0,1,3,1,54,0,1,2,00,2,8,1,201600055606B01,7,15,1
201600055611,2016-09-23,2016,septembre,vendredi,18:25,75,75117,48.8808,2.28495,2,1,2,1,1,4,2,00,-1,-1,000,000,-1,0,1,4,2,29,1,1,2,01,2,1,1,201600055611B01,7,22,1
201600055617,2016-09-28,2016,septembre,mercredi,15:00,75,75117,48.8875,2.29467,2,5,3,1,1,4,2,01,1,1,000,000,1,0,1,4,2,9,5,1,2,00,2,2,19,201600055617B01,7,1,1
201600055624,2016-10-06,2016,octobre,jeudi,10:55,75,75117,48.8875,2.30743,2,5,3,1,7,4,2,02,1,1,000,000,1,0,1,4,2,42,0,1,2,00,2,8,1,201600055624B01,7,15,1
201600055634,2016-10-10,2016,octobre,lundi,14:50,75,75117,48.8831,2.28749,2,2,6,1,1,4,2,00,1,1,000,000,1,0,1,1,1,20,3,1,2,00,1,1,15,201600055634A01,,,
201600055655,2016-10-24,2016,octobre,lundi,94:0,75,75116,48.8769,2.28506,2,1,3,1,2,4,2,06,2,1,000,200,2,0,1,4,2,58,0,1,2,00,2,8,19,201600055655B01,32,17,1
201600055672,2016-11-15,2016,novembre,mardi,12:50,75,75117,48.884,2.29358,2,3,6,1,1,4,1,01,1,1,000,000,2,0,1,1,2,51,4,1,2,00,1,1,5,201600055672A01,,,
201600055673,2016-11-16,2016,novembre,mercredi,10:30,75,75117,48.8832,2.32306,2,1,2,1,1,4,1,01,1,1,000,000,1,0,1,4,2,35,1,1,2,01,2,3,1,201600055673B01,10,22,1
201600055674,2016-11-17,2016,novembre,jeudi,82:0,75,75117,48.8902,2.30456,2,3,6,1,1,4,1,01,1,1,000,060,1,0,1,4,2,41,2,1,2,00,2,8,1,201600055674A01,13,17,1
201600055674,2016-11-17,2016,novembre,jeudi,82:0,75,75117,48.8902,2.30456,2,3,6,1,1,4,1,01,1,1,000,060,1,0,1,4,1,10,2,1,2,00,2,8,1,201600055674A01,13,17,1
201600055682,2016-11-21,2016,novembre,lundi,75:0,75,75117,48.8912,2.31908,2,3,1,1,2,4,2,02,1,1,000,000,2,0,1,4,1,51,0,1,2,00,2,0,15,201600055682B01,7,15,1
201600055692,2016-12-01,2016,décembre,jeudi,15:00,75,75117,48.8824,2.29982,2,1,6,1,1,4,2,02,1,1,000,000,1,0,1,4,1,27,1,1,2,01,0,2,14,201600055692A01,,,
201600055698,2016-12-06,2016,décembre,mardi,11:00,75,75117,48.883,2.32416,2,5,3,1,1,4,1,02,1,1,000,000,1,0,1,4,2,48,1,1,2,00,2,0,7,201600055698B01,7,16,1
201600055706,2016-12-12,2016,décembre,lundi,90:5,75,75117,48.8951,2.31566,2,5,6,1,8,4,2,02,1,1,000,000,1,0,1,4,1,32,0,1,2,00,1,1,1,201600055706A01,,,
201600055728,2016-01-05,2016,janvier,mardi,23:00,75,75118,48.8993,2.34409,2,2,3,5,2,4,1,01,1,1,000,000,2,0,1,3,2,34,9,1,2,00,2,6,16,201600055728A01,34,1,1
201600055734,2016-01-18,2016,janvier,lundi,19:30,75,75118,48.8858,2.36495,2,3,3,5,1,4,1,01,1,1,000,035,1,0,1,4,2,27,5,1,2,00,2,1,1,201600055734A01,7,1,1
201600055738,2016-01-20,2016,janvier,mercredi,16:45,75,75118,48.886,2.35658,2,2,2,1,1,4,2,02,1,1,000,000,1,5,1,4,1,37,5,1,2,00,2,6,23,201600055738B01,7,21,1
201600055741,2016-01-22,2016,janvier,vendredi,19:50,75,75118,48.8853,2.34948,2,3,7,5,2,4,2,02,1,1,000,060,2,0,1,4,2,26,5,1,2,12,0,1,14,201600055741A01,,,
201600055744,2016-01-24,2016,janvier,dimanche,15:00,75,75118,48.8853,2.34948,2,3,7,1,1,4,2,04,1,1,000,000,1,0,1,4,2,33,0,1,2,12,0,0,14,201600055744A01,,,
201600055753,2016-02-01,2016,février,lundi,19:35,75,75118,48.8888,2.34958,2,1,3,5,1,4,2,04,2,1,080,040,1,0,1,4,1,27,5,1,2,14,2,3,13,201600055753B01,7,1,1
201600055770,2016-02-20,2016,février,samedi,18:00,75,75118,48.8869,2.35194,2,1,6,5,1,4,1,01,1,1,000,000,1,0,5,1,1,23,1,1,2,00,1,1,1,201600055770A01,,,
201600055771,2016-02-21,2016,février,dimanche,21:00,75,75118,48.891,2.35254,2,1,3,5,1,4,2,02,1,1,000,050,1,0,1,4,1,42,5,1,2,00,2,8,1,201600055771B01,7,1,1
201600055772,2016-02-24,2016,février,mercredi,90:5,75,75118,48.8982,2.35248,2,2,3,1,1,4,1,01,1,1,000,000,1,0,1,3,1,31,1,1,2,00,2,8,19,201600055772B01,7,1,1
201600055781,2016-03-01,2016,mars,mardi,18:20,75,75118,48.8853,2.34948,2,4,3,2,2,4,1,01,2,1,000,050,2,0,1,4,1,28,0,1,2,00,2,0,1,201600055781B01,7,15,1
201600055799,2016-03-19,2016,mars,samedi,23:00,75,75118,48.8902,2.35989,2,2,3,5,1,4,1,01,-1,-1,000,000,-1,0,5,4,1,45,0,1,2,00,2,3,1,201600055799A01,7,1,1
201600055809,2016-03-25,2016,mars,vendredi,17:10,75,75118,48.8839,2.34946,2,5,3,1,1,4,2,00,1,3,000,000,1,0,1,4,2,25,0,1,2,00,2,0,1,201600055809B01,10,13,1
201600055822,2016-04-03,2016,avril,dimanche,19:10,75,75118,48.8899,2.36359,2,3,3,1,1,4,1,01,1,1,000,030,-1,0,1,3,1,31,0,1,2,00,2,1,1,201600055822B01,1,19,1
201600055822,2016-04-03,2016,avril,dimanche,19:10,75,75118,48.8899,2.36359,2,3,3,1,1,4,1,01,1,1,000,030,-1,0,1,1,1,19,0,1,2,00,2,3,19,201600055822A01,1,1,1
201600055829,2016-04-09,2016,avril,samedi,15:0,75,75118,48.8891,2.35988,2,3,6,5,1,4,2,04,1,1,000,000,1,0,0,4,1,26,0,1,2,00,1,0,1,201600055829A01,,,
201600055836,2016-04-14,2016,avril,jeudi,19:50,75,75118,48.889,2.36248,2,1,2,2,2,4,1,01,1,1,000,000,2,0,1,4,1,28,0,1,2,01,2,1,1,201600055836B01,7,22,1
201600055839,2016-04-15,2016,avril,vendredi,15:10,75,75118,48.8841,2.34946,2,3,3,1,3,4,2,04,1,1,000,070,2,0,5,4,2,64,5,1,2,00,2,8,7,201600055839B01,7,16,1
201600055841,2016-04-16,2016,avril,samedi,25:,75,75118,48.8958,2.33101,2,5,3,5,1,4,2,02,2,1,000,000,1,0,1,4,2,27,9,1,2,00,2,2,17,201600055841A01,7,1,1
201600055846,2016-04-21,2016,avril,jeudi,91:5,75,75118,48.893,2.32739,2,5,2,1,1,4,2,02,1,1,000,050,1,0,1,4,1,17,0,1,2,00,2,0,18,201600055846A01,10,23,1
201600055847,2016-04-23,2016,avril,samedi,17:50,75,75118,48.8873,2.34955,2,5,2,1,1,4,2,02,1,1,000,150,1,0,1,4,2,33,0,1,2,01,2,1,1,201600055847B01,7,22,1
201600055852,2016-04-29,2016,avril,vendredi,11:20,75,75118,48.8854,2.3567,2,1,6,1,1,4,1,01,-1,-1,000,000,-1,0,1,4,2,38,0,1,2,01,1,0,1,201600055852A01,,,
201600055853,2016-04-28,2016,avril,jeudi,19:45,75,75118,48.8866,2.33262,2,5,6,1,1,4,1,01,1,1,000,000,1,0,5,1,1,20,4,1,2,00,1,1,1,201600055853A01,,,
201600055858,2016-05-03,2016,mai,mardi,14:00,75,75118,48.8904,2.34845,2,5,2,1,1,4,1,01,1,-1,000,000,-1,0,1,4,2,63,0,1,2,00,2,3,2,201600055858B01,7,2,1
201600055861,2016-05-05,2016,mai,jeudi,18:50,75,75118,48.8891,2.33341,2,1,3,1,1,4,1,01,2,1,000,000,1,0,1,4,2,29,5,1,2,00,2,1,1,201600055861B01,7,22,1
201600055871,2016-05-09,2016,mai,lundi,12:10,75,75118,48.8855,2.34946,2,4,3,1,1,4,2,04,2,1,000,000,1,0,1,4,1,33,0,1,2,00,2,0,7,201600055871B01,10,14,1
201600055873,2016-05-14,2016,mai,samedi,19:50,75,75118,48.8846,2.34717,2,3,1,1,1,4,1,02,2,1,000,000,1,0,1,4,1,32,4,1,2,00,2,1,5,201600055873A01,1,1,1
201600055873,2016-05-14,2016,mai,samedi,19:50,75,75118,48.8846,2.34717,2,3,1,1,1,4,1,02,2,1,000,000,1,0,1,1,1,21,0,1,2,00,2,1,1,201600055873B01,1,5,1
201600055885,2016-05-26,2016,mai,jeudi,17:05,75,75118,48.8936,2.33637,2,2,3,1,1,4,2,02,1,1,000,000,1,0,1,1,1,36,0,1,2,00,2,2,1,201600055885B01,33,1,1
201600055905,2016-06-09,2016,juin,jeudi,17:00,75,75118,48.8959,2.32837,2,3,3,1,1,4,2,03,1,1,000,080,1,0,1,4,1,19,1,1,2,00,2,1,13,201600055905A01,33,1,1
201600055925,2016-07-01,2016,juillet,vendredi,12:45,75,75118,48.8873,2.35633,2,3,3,1,1,4,2,02,1,-1,000,000,1,0,1,4,2,30,0,1,2,00,2,0,1,201600055925B01,7,22,1
201600055926,2016-07-01,2016,juillet,vendredi,13:30,75,75118,48.8845,2.36144,2,2,6,1,1,4,-1,02,1,1,000,000,1,0,5,4,1,20,5,1,2,00,1,0,1,201600055926A01,,,
201600055945,2016-07-12,2016,juillet,mardi,21:00,75,75110,48.8843,2.36412,2,1,3,1,1,4,1,03,1,1,005,050,1,0,5,4,1,23,0,1,2,00,2,1,1,201600055945B01,7,16,1