Num_Acc,date,an,mois,jour,hrmn,dep,com,lat,long,agg,int,col,lum,atm,catr,circ,nbv,prof,plan,lartpc,larrout,surf,infra,situ,grav,sexe,age,trajet,secuexist,equipement,obs,obsm,choc,manv,vehiculeid,typevehicules,manoeuvehicules,numVehicules
201600055946,2016-07-13,2016,juillet,mercredi,10:0,75,75118,48.8912,2.3516,2,2,3,5,2,4,2,02,1,1,000,050,2,0,1,4,1,34,5,1,2,00,2,2,1,201600055946A01,7,1,1
201600055952,2016-07-19,2016,juillet,mardi,19:15,75,75118,48.895,2.32806,2,2,6,1,1,4,2,04,1,1,000,000,1,0,1,4,1,44,0,1,2,00,2,8,7,201600055952B01,7,9/7,2
201600055957,2016-07-25,2016,juillet,lundi,12:15,75,75118,48.8845,2.32911,2,1,6,1,1,4,1,03,1,1,000,090,1,0,1,4,1,26,3,1,2,00,2,0,13,201600055957A01,35,17,1
201600055972,2016-08-16,2016,août,mardi,85:5,75,75118,48.8977,2.33331,2,3,3,1,7,4,3,02,1,1,000,000,1,5,1,4,1,28,1,1,2,00,2,1,1,201600055972B01,7,15,1
201600055977,2016-08-20,2016,août,samedi,22:00,75,75118,48.8849,2.32986,2,1,6,5,2,4,2,04,1,1,000,200,1,0,1,1,1,20,0,1,2,00,1,1,1,201600055977A01,,,
201600055979,2016-08-25,2016,août,jeudi,18:00,75,75118,48.8839,2.34946,2,2,2,1,1,4,2,00,1,1,000,000,1,0,1,4,1,29,0,1,2,00,2,0,1,201600055979B01,7,1,1
201600055980,2016-08-31,2016,août,mercredi,15:00,75,75118,48.8898,2.34293,2,5,3,1,1,4,2,02,1,1,000,052,1,0,1,4,2,46,9,1,2,00,2,3,1,201600055980B01,10,14,1
201600055986,2016-09-07,2016,septembre,mercredi,18:40,75,75118,48.898,2.34414,2,5,2,1,1,4,3,01,1,1,100,100,1,5,1,4,2,42,1,1,2,00,2,6,2,201600055986B01,7,2,1
201600056002,2016-09-22,2016,septembre,jeudi,17:20,75,75118,48.8953,2.33754,2,2,3,1,1,4,2,02,1,1,000,100,1,0,1,4,1,40,5,1,2,00,2,3,1,201600056002B01,7,15,1
201600056004,2016-09-26,2016,septembre,lundi,18:05,75,75118,48.8985,2.3566,2,1,3,1,1,4,3,02,-1,-1,000,000,-1,0,1,3,1,45,0,1,2,00,2,3,1,201600056004B01,7,14,1
201600056013,2016-10-04,2016,octobre,mardi,19:45,75,75118,48.8892,2.36259,2,1,3,2,1,4,-1,01,1,1,000,030,1,0,0,4,1,37,5,1,2,00,2,8,1,201600056013B01,14,17,1
201600056014,2016-10-06,2016,octobre,jeudi,30:,75,75118,48.8824,2.33791,2,2,3,5,1,4,-1,02,1,1,000,000,1,0,5,4,1,39,5,1,2,00,2,1,1,201600056014B01,7,22,1
201600056019,2016-10-10,2016,octobre,lundi,15:40,75,75118,48.8917,2.33496,2,2,6,1,1,4,1,01,1,1,000,000,2,0,1,1,1,18,5,1,2,00,1,0,1,201600056019A01,,,
201600056035,2016-10-20,2016,octobre,jeudi,13:25,75,75118,48.8858,2.36495,2,3,3,1,2,4,1,01,1,1,000,040,2,0,4,4,1,9,5,1,2,00,2,1,1,201600056035B01,7,15,1
201600056066,2016-11-21,2016,novembre,lundi,15:50,75,75118,48.8858,2.32635,2,2,6,1,8,4,2,03,1,1,010,200,2,0,1,1,1,16,5,1,2,00,1,1,1,201600056066A01,,,
201600056070,2016-11-26,2016,novembre,samedi,11:20,75,75118,48.8915,2.34962,2,5,3,1,1,4,2,02,1,1,000,050,1,0,1,4,1,36,0,1,2,00,2,1,19,201600056070A01,13,1,1
201600056074,2016-11-28,2016,novembre,lundi,18:00,75,75118,48.8845,2.36263,2,1,3,5,1,4,1,01,-1,-1,000,000,-1,0,5,4,2,38,1,1,2,00,2,3,1,201600056074B01,14,16,1
201600056078,2016-11-30,2016,novembre,mercredi,18:30,75,75118,48.895,2.34674,2,1,3,2,1,4,1,03,1,1,000,000,1,0,1,4,1,48,9,1,2,00,2,1,7,201600056078B01,7,22,1
201600056084,2016-12-08,2016,décembre,jeudi,16:30,75,75118,48.9004,2.34411,2,1,3,1,1,4,1,01,1,1,000,000,1,0,1,4,1,29,0,1,2,00,2,0,19,201600056084B01,7,1,1
201600056086,2016-12-09,2016,décembre,vendredi,18:30,75,75118,48.8825,2.33762,2,1,6,5,1,4,2,00,1,1,000,080,1,0,5,1,1,29,9,1,2,00,1,1,1,201600056086A01,,,
201600056097,2016-12-23,2016,décembre,vendredi,19:50,75,75118,48.8915,2.34962,2,2,3,5,1,4,3,04,2,1,000,000,1,0,1,4,1,24,5,1,2,00,2,8,1,201600056097B01,7,16,1
201600056103,2016-12-26,2016,décembre,lundi,16:30,75,75118,48.8927,2.34008,2,2,2,1,1,4,1,01,1,1,000,000,1,0,1,3,1,24,4,1,2,00,2,4,2,201600056103B01,7,23,1
201600056124,2016-01-22,2016,janvier,vendredi,13:00,75,75119,48.8892,2.39387,2,1,3,1,1,4,2,02,1,1,000,000,2,0,5,4,1,25,4,1,2,00,2,8,1,201600056124B01,7,15,1
201600056132,2016-01-28,2016,janvier,jeudi,16:00,75,75119,48.8893,2.37125,2,5,6,1,1,4,2,02,1,1,000,000,1,0,1,4,1,36,5,1,2,00,1,1,1,201600056132A01,,,
201600056138,2016-02-04,2016,février,jeudi,22:30,75,75119,48.8828,2.37033,2,5,3,5,8,4,3,00,1,1,030,060,2,0,1,4,1,38,5,1,2,00,2,7,15,201600056138A01,7,1,1
201600056141,2016-02-08,2016,février,lundi,17:45,75,75119,48.8843,2.37588,2,3,3,2,2,4,2,04,1,1,000,000,2,0,5,4,1,38,1,1,2,00,2,1,1,201600056141B01,7,22,1
201600056147,2016-02-13,2016,février,samedi,19:05,75,75119,48.8987,2.37027,2,3,3,5,2,4,2,04,1,1,015,150,2,0,1,4,1,12,5,1,2,00,2,0,19,201600056147B01,7,16,1
201600056153,2016-02-22,2016,février,lundi,13:45,75,75119,48.8883,2.37413,2,2,6,1,1,4,1,02,1,1,000,050,1,0,1,4,1,33,0,1,2,00,1,1,1,201600056153A01,,,
201600056154,2016-02-24,2016,février,mercredi,10:45,75,75119,48.8721,2.37705,2,7,3,1,1,4,1,01,1,1,000,000,1,5,1,4,1,61,0,1,2,00,2,8,1,201600056154B01,7,15,1
201600056166,2016-03-18,2016,mars,vendredi,14:00,75,75119,48.8931,2.3841,2,2,2,1,1,4,2,01,1,1,000,000,1,0,1,4,1,57,0,1,2,00,2,1,1,201600056166B01,10,22,1
201600056167,2016-03-19,2016,mars,samedi,10:00,75,75119,48.8869,2.37239,2,1,3,1,1,4,1,02,1,1,000,000,1,0,1,4,1,44,0,1,2,00,2,8,17,201600056167B01,7,13,1
201600056185,2016-04-03,2016,avril,dimanche,14:30,75,75119,48.8811,2.37039,2,1,3,1,1,4,1,03,1,1,000,040,1,0,5,1,1,23,5,1,2,00,2,8,1,201600056185B01,1,13,1
201600056185,2016-04-03,2016,avril,dimanche,14:30,75,75119,48.8811,2.37039,2,1,3,1,1,4,1,03,1,1,000,040,1,0,5,4,1,30,5,1,2,00,2,1,13,201600056185A01,1,1,1
201600056192,2016-04-13,2016,avril,mercredi,12:15,75,75119,48.8859,2.3822,2,5,3,1,1,4,1,01,1,1,000,000,1,0,5,4,1,67,1,1,2,00,2,7,7,201600056192B01,10,15,1
201600056204,2016-04-29,2016,avril,vendredi,18:25,75,75119,48.8953,2.37189,2,2,6,1,1,4,2,00,1,1,000,100,1,0,1,4,1,16,5,1,2,00,2,1,1,201600056204A01,2,5,1
201600056205,2016-05-04,2016,mai,mercredi,19:10,75,75119,48.8909,2.3839,2,3,1,1,1,4,2,02,1,1,000,000,1,6,5,4,2,54,3,1,2,00,2,1,17,201600056205A01,1,1,1
201600056205,2016-05-04,2016,mai,mercredi,19:10,75,75119,48.8909,2.3839,2,3,1,1,1,4,2,02,1,1,000,000,1,6,5,1,1,25,5,1,2,00,2,1,1,201600056205B01,1,17,1
201600056206,2016-05-08,2016,mai,dimanche,15:30,75,75119,48.8764,2.37725,2,1,3,1,1,4,2,02,3,1,000,100,1,0,1,4,2,34,5,1,2,00,2,8,1,201600056206B01,7,17,1
201600056209,2016-05-15,2016,mai,dimanche,16:35,75,75119,48.8898,2.37542,2,1,3,1,1,4,1,02,1,1,000,000,1,0,1,4,1,8,5,1,2,00,2,7,19,201600056209A01,7,1,1
201600056219,2016-05-26,2016,mai,jeudi,10:0,75,75119,48.8917,2.38017,2,1,2,5,1,4,2,02,2,1,000,000,1,0,1,4,1,33,0,1,2,00,2,1,1,201600056219B01,7,4,1
201600056224,2016-05-30,2016,mai,lundi,20:15,75,75119,48.8901,2.37736,2,3,3,2,2,4,1,01,1,1,000,030,2,0,1,4,1,20,5,1,2,00,2,0,1,201600056224B01,7,15,1
201600056227,2016-06-01,2016,juin,mercredi,13:45,75,75119,48.8843,2.36795,2,1,6,1,1,4,1,01,1,1,000,015,2,0,5,1,1,23,5,1,2,00,1,1,1,201600056227A01,,,
201600056230,2016-06-08,2016,juin,mercredi,16:05,75,75119,48.8823,2.37473,2,1,6,1,1,4,-1,00,-1,-1,000,000,-1,0,4,1,1,16,5,1,2,00,1,1,1,201600056230A01,,,
201600056242,2016-06-23,2016,juin,jeudi,73:0,75,75119,48.8892,2.39387,2,1,3,1,1,4,2,03,1,1,000,075,1,0,5,4,2,54,1,1,2,00,2,1,1,201600056242B01,7,16,1
201600056253,2016-07-02,2016,juillet,samedi,34:,75,75119,48.8845,2.37692,2,3,3,5,1,4,-1,02,1,1,000,000,1,0,1,4,1,34,0,1,2,00,2,0,1,201600056253A01,7,16,1
201600056259,2016-07-07,2016,juillet,jeudi,18:35,75,75119,48.8853,2.37185,2,3,3,1,1,4,1,01,1,1,000,035,1,0,1,3,1,49,5,1,2,00,2,2,15,201600056259A01,30,1,1
201600056267,2016-07-12,2016,juillet,mardi,16:00,75,75119,48.8843,2.38632,2,1,6,1,1,4,-1,01,1,1,000,000,1,0,1,3,1,30,5,1,2,08,0,0,21,201600056267A01,,,
201600056268,2016-07-13,2016,juillet,mercredi,85:0,75,75119,48.8841,2.36886,2,7,7,1,1,4,1,02,1,1,000,100,1,0,1,4,2,33,5,1,2,00,2,1,2,201600056268A01,,,
201600056271,2016-07-21,2016,juillet,jeudi,12:42,75,75119,48.8893,2.37535,2,1,2,1,1,4,-1,02,1,1,080,060,1,0,1,4,1,32,1,1,2,00,2,0,7,201600056271A01,10,7,1
201600056279,2016-07-27,2016,juillet,mercredi,21:13,75,75119,48.8883,2.39139,2,1,6,5,1,4,1,01,1,1,000,000,1,0,5,1,1,19,0,1,2,00,1,4,1,201600056279A01,,,
201600056281,2016-08-02,2016,août,mardi,91:5,75,75119,48.8845,2.37692,2,3,3,1,1,4,1,01,1,1,000,040,2,0,1,4,2,33,1,1,2,00,2,1,1,201600056281A01,7,15,1
201600056296,2016-08-27,2016,août,samedi,20:00,75,75119,48.8804,2.37117,2,3,7,1,1,4,1,01,2,1,000,000,1,0,1,4,1,17,5,1,2,00,0,5,1,201600056296A01,,,
201600056298,2016-08-30,2016,août,mardi,19:30,75,75119,48.8885,2.3919,2,2,3,1,1,4,2,03,1,1,000,000,1,0,1,4,1,28,1,1,2,00,2,3,13,201600056298B01,7,1,1
201600056309,2016-09-13,2016,septembre,mardi,82:0,75,75119,48.8857,2.37091,2,2,3,1,1,4,1,02,1,1,000,000,1,0,1,4,1,50,5,1,2,00,2,0,1,201600056309B01,7,22,1
201600056315,2016-09-21,2016,septembre,mercredi,94:9,75,75119,48.8784,2.37423,2,2,6,1,1,4,2,02,2,1,000,000,1,0,1,1,1,27,1,1,2,00,1,1,1,201600056315A01,,,
201600056319,2016-09-25,2016,septembre,dimanche,10:00,75,75119,48.8961,2.37419,2,1,3,1,1,4,-1,02,1,1,000,000,-1,0,1,4,1,40,1,1,2,00,2,4,19,201600056319B01,7,1,1
201600056321,2016-09-30,2016,septembre,vendredi,13:5,75,75119,48.8764,2.37725,2,1,6,4,1,4,2,01,2,1,010,030,1,0,1,4,2,37,5,1,2,00,2,4,2,201600056321A01,7,2,1
201600056324,2016-10-01,2016,octobre,samedi,19:15,75,75119,48.8798,2.37041,2,1,3,2,1,4,1,02,-1,-1,000,000,-1,0,5,4,1,15,5,1,2,00,2,1,1,201600056324B01,7,16,1
201600056327,2016-10-06,2016,octobre,jeudi,85:0,75,75119,48.8845,2.37692,2,3,3,1,1,4,2,02,1,1,000,000,1,0,5,4,1,44,1,1,2,00,2,0,1,201600056327B01,7,15,1
201600056328,2016-10-08,2016,octobre,samedi,19:40,75,75119,48.8824,2.38618,2,1,2,5,1,4,2,02,4,1,000,000,1,0,1,3,2,46,9,1,2,00,2,4,1,201600056328B01,33,1,1
201600056338,2016-10-19,2016,octobre,mercredi,15:15,75,75119,48.8896,2.36906,2,1,3,1,1,4,1,01,1,1,000,000,1,0,5,4,1,36,1,1,2,00,2,0,1,201600056338B01,31,10,1
201600056344,2016-10-23,2016,octobre,dimanche,15:45,75,75119,48.8845,2.36529,2,1,4,1,2,4,1,02,1,1,000,000,2,0,1,4,1,28,0,1,2,00,2,3,1,201600056344B01,7,23/22,2
201600056353,2016-10-29,2016,octobre,samedi,19:00,75,75119,48.8752,2.39533,2,2,6,2,1,4,-1,02,1,2,000,000,-1,0,0,4,1,18,0,1,2,00,2,3,1,201600056353A01,7,1,1
201600056356,2016-10-31,2016,octobre,lundi,22:45,75,75119,48.8868,2.37224,2,1,2,5,1,4,1,02,1,1,000,080,1,0,1,4,2,25,5,1,2,01,2,1,1,201600056356A01,10,24,1
201600056359,2016-11-10,2016,novembre,jeudi,20:10,75,75119,48.8857,2.37091,2,2,3,5,2,4,1,02,1,1,000,000,2,0,1,4,1,13,5,1,2,00,2,0,19,201600056359B01,7,1,1
201600056363,2016-11-16,2016,novembre,mercredi,81:0,75,75119,48.8888,2.3859,2,2,3,1,2,4,1,01,1,1,000,000,2,0,1,4,1,28,1,1,2,00,2,7,17,201600056363B01,7,15,1
201600056365,2016-11-18,2016,novembre,vendredi,11:20,75,75119,48.8873,2.36704,2,3,6,1,1,4,1,01,1,1,000,000,1,0,1,4,2,32,5,1,2,00,2,0,17,201600056365A01,7,1,1
201600056382,2016-12-05,2016,décembre,lundi,15:35,75,75119,48.8955,2.38316,2,1,6,1,1,4,2,00,2,1,000,000,1,6,5,1,1,24,1,1,2,00,1,7,1,201600056382A01,,,
201600056404,2016-01-06,2016,janvier,mercredi,20:30,75,75120,48.8715,2.37766,2,3,3,5,1,4,1,01,1,1,000,060,1,0,5,4,1,26,0,1,2,00,2,1,1,201600056404A01,10,22,1
201600056419,2016-01-22,2016,janvier,vendredi,81:0,75,75120,48.8629,2.38742,2,5,3,2,1,4,3,03,1,1,000,000,1,0,0,4,2,57,1,1,2,00,2,8,1,201600056419B01,7,14,1
201600056435,2016-02-09,2016,février,mardi,19:10,75,75120,48.8674,2.38454,2,1,6,2,2,4,2,02,2,1,000,000,2,0,1,4,1,30,0,1,2,00,1,0,1,201600056435A01,,,
201600056438,2016-02-17,2016,février,mercredi,11:20,75,75120,48.868,2.38676,2,1,3,1,1,4,-1,02,2,1,000,060,1,0,1,4,1,23,1,1,2,00,2,1,1,201600056438B01,7,10,1
201600056441,2016-02-21,2016,février,dimanche,20:00,75,75120,48.8519,2.40134,2,2,2,5,1,4,1,01,1,1,000,000,1,0,0,4,1,26,4,1,2,00,2,1,23,201600056441B01,7,1,1
201600056449,2016-03-04,2016,mars,vendredi,19:05,75,75120,48.8744,2.38625,2,3,6,5,2,4,2,02,2,1,000,090,2,0,1,1,1,19,0,1,2,00,1,0,1,201600056449A01,,,
201600056455,2016-03-11,2016,mars,vendredi,93:0,75,75120,48.8599,2.38898,2,3,3,1,1,4,1,01,-1,-1,000,000,-1,0,5,4,2,53,0,1,2,00,2,1,1,201600056455B01,7,1,1
201600056458,2016-03-12,2016,mars,samedi,21:00,75,75120,48.8523,2.40405,2,3,6,5,1,4,1,00,1,1,000,000,1,0,0,4,1,21,5,1,2,00,2,1,1,201600056458A01,7,15,1
201600056464,2016-03-21,2016,mars,lundi,13:00,75,75120,48.8653,2.3848,2,3,2,1,1,4,3,02,1,1,000,000,1,0,1,4,1,31,0,1,2,01,2,1,1,201600056464B01,10,22,1
201600056476,2016-04-07,2016,avril,jeudi,18:30,75,75120,48.8474,2.40623,2,2,3,1,1,4,2,08,1,1,000,250,1,5,1,4,1,17,2,1,2,00,2,1,1,201600056476A01,10,1,1
201600056482,2016-04-12,2016,avril,mardi,85:0,75,75120,48.8692,2.38085,2,2,3,1,1,4,1,01,1,1,000,000,2,0,5,4,1,39,1,1,2,00,2,1,7,201600056482B01,7,4,1
201600056486,2016-04-15,2016,avril,vendredi,13:47,75,75120,48.8671,2.38325,2,5,3,1,1,4,1,01,1,1,000,000,1,0,0,4,2,38,1,1,2,00,2,1,19,201600056486B01,10,15,1
201600056498,2016-04-19,2016,avril,mardi,13:45,75,75120,48.8552,2.40535,2,1,3,1,1,4,2,02,1,1,000,000,1,0,1,4,2,25,0,1,2,00,2,1,1,201600056498B01,7,14,1
201600056528,2016-05-26,2016,mai,jeudi,23:45,75,75120,48.8562,2.40489,2,5,3,5,1,4,2,02,1,1,000,000,1,0,1,3,1,33,1,1,2,00,2,1,1,201600056528B01,7,1,1
201600056533,2016-06-03,2016,juin,vendredi,10:50,75,75120,48.8671,2.38325,2,3,3,1,2,4,2,02,2,1,000,000,2,0,1,4,2,66,5,1,2,00,2,4,1,201600056533B01,13,17,1
201600056535,2016-06-05,2016,juin,dimanche,23:45,75,75120,48.8667,2.39709,2,2,3,5,1,4,2,02,1,1,000,150,1,0,1,4,1,30,0,1,2,00,2,1,18,201600056535A01,7,16,1
201600056538,2016-06-05,2016,juin,dimanche,15:55,75,75120,48.8607,2.40274,2,2,7,1,1,4,2,02,1,2,000,060,2,0,1,4,2,37,4,1,2,00,0,0,1,201600056538A01,,,
201600056540,2016-06-08,2016,juin,mercredi,15:,75,75120,48.864,2.39915,2,2,3,5,1,4,1,01,1,1,000,100,1,0,1,4,1,20,9,1,2,00,2,2,15,201600056540B01,7,1,1
201600056541,2016-06-09,2016,juin,jeudi,17:40,75,75120,48.8655,2.39799,2,2,3,1,1,4,-1,02,4,1,000,060,1,0,5,4,1,41,4,1,2,00,2,1,1,201600056541B01,30,18,1
201600056545,2016-06-12,2016,juin,dimanche,15:40,75,75120,48.8577,2.40388,2,2,3,1,2,4,1,01,1,1,000,000,2,0,1,4,1,33,9,1,2,00,2,1,1,201600056545A01,7,1,1
201600056567,2016-06-29,2016,juin,mercredi,23:25,75,75120,48.8768,2.40638,2,1,3,5,8,4,2,02,1,1,000,000,1,0,1,4,1,34,5,1,2,00,2,0,19,201600056567B01,7,1,1
201600056590,2016-07-31,2016,juillet,dimanche,12:15,75,75120,48.847,2.41503,2,4,3,1,1,4,1,00,1,2,000,185,1,0,1,4,1,35,5,1,2,00,2,2,1,201600056590B01,7,16,1
201600056592,2016-08-05,2016,août,vendredi,24:5,75,75120,48.876,2.4025,2,2,3,5,1,4,2,02,2,1,000,040,1,0,1,4,1,43,5,1,2,00,2,3,1,201600056592B01,7,1,1
201600056602,2016-08-30,2016,août,mardi,85:0,75,75120,48.8679,2.40891,2,2,6,1,1,4,2,00,2,1,000,000,1,0,5,4,1,32,0,1,2,00,1,1,1,201600056602A01,,,
201600056606,2016-09-06,2016,septembre,mardi,19:30,75,75112,48.8464,2.4139,2,4,3,1,1,4,2,00,1,3,000,000,1,0,5,4,1,74,0,1,2,00,2,0,1,201600056606A01,33,16,1
201600056631,2016-10-01,2016,octobre,samedi,22:5,75,75120,48.8629,2.38742,2,7,2,3,2,4,1,02,4,3,000,000,2,0,5,4,1,28,0,1,2,00,2,8,18,201600056631B01,7,16,1
201600056634,2016-10-03,2016,octobre,lundi,20:15,75,75112,48.8414,2.45114,2,1,3,5,1,4,2,02,1,2,000,120,1,0,1,4,1,47,1,1,2,00,2,6,1,201600056634B01,33,14,1
201600056649,2016-10-17,2016,octobre,lundi,19:00,75,75120,48.8737,2.39346,2,1,6,5,1,4,2,01,1,1,000,000,1,0,5,1,2,36,1,1,2,00,1,0,1,201600056649A01,,,
201600056650,2016-10-18,2016,octobre,mardi,18:05,75,75120,48.8513,2.40627,2,1,6,2,2,4,2,01,2,1,000,050,2,0,1,4,2,56,0,1,2,00,2,1,18,201600056650A01,7,22,1
201600056659,2016-10-28,2016,octobre,vendredi,16:00,75,75120,48.8714,2.4041,2,1,6,1,1,4,2,02,2,1,000,080,1,0,1,1,1,62,5,1,2,00,1,1,1,201600056659A01,,,
201600056661,2016-10-29,2016,octobre,samedi,12:50,75,75120,48.8721,2.40586,2,1,3,1,1,4,1,01,1,1,000,000,1,0,5,4,1,29,0,1,2,00,2,1,1,201600056661B01,7,9,1
201600056662,2016-10-29,2016,octobre,samedi,15:50,75,75120,48.8634,2.40881,2,3,3,1,1,4,-1,01,1,1,000,050,1,0,1,4,1,13,0,1,2,00,2,8,19,201600056662B01,7,1,1
201600056677,2016-11-17,2016,novembre,jeudi,95:0,75,75120,48.8474,2.41072,2,1,6,1,1,4,-1,03,1,1,000,150,1,5,4,1,2,22,1,1,2,00,1,0,1,201600056677A01,,,
201600056679,2016-11-18,2016,novembre,vendredi,35:,75,75120,48.8523,2.40405,2,3,2,5,2,4,2,01,1,1,000,000,2,0,1,1,2,30,5,1,2,00,2,4,15,201600056679B01,32,17,1
201600056702,2016-12-07,2016,décembre,mercredi,90:0,75,75120,48.8535,2.4106,2,2,6,1,1,4,2,01,1,1,000,000,1,0,1,1,1,21,2,1,2,00,1,3,1,201600056702A01,,,
201600056722,2016-01-06,2016,janvier,mercredi,82:5,75,75104,48.8541,2.34742,2,1,3,2,1,4,1,02,1,1,000,117,1,0,5,4,2,26,4,1,2,00,2,1,1,201600056722B01,7,22,1
201600056734,2016-01-22,2016,janvier,vendredi,11:25,75,75118,48.892,2.34877,2,1,2,1,1,4,1,01,2,1,000,081,1,0,1,4,1,30,4,1,2,01,2,7,1,201600056734A01,10,22,1
201600056754,2016-02-10,2016,février,mercredi,19:47,75,75106,48.848,2.32774,2,5,3,5,1,4,2,03,1,1,000,060,1,0,5,4,1,45,5,1,2,00,2,3,1,201600056754B01,7,1,1
201600056802,2016-03-29,2016,mars,mardi,23:00,75,75113,48.8164,2.36058,2,4,3,5,3,4,1,01,1,1,000,131,2,0,1,3,1,34,9,1,9,00,2,0,1,201600056802B01,33,1,1
201600056811,2016-04-13,2016,avril,mercredi,15:15,75,75116,48.8452,2.27255,2,1,3,1,1,4,-1,01,1,1,000,036,1,0,1,4,2,12,5,1,2,00,2,1,19,201600056811B01,7,1,1
201600056811,2016-04-13,2016,avril,mercredi,15:15,75,75116,48.8452,2.27255,2,1,3,1,1,4,-1,01,1,1,000,036,1,0,1,4,1,10,5,1,2,00,2,1,19,201600056811B01,7,1,1
201600056825,2016-04-23,2016,avril,samedi,16:45,75,75116,48.8716,2.28481,2,1,7,1,1,4,-1,02,-1,-1,000,000,-1,0,1,3,2,52,0,1,2,00,0,1,21,201600056825A01,,,
201600056835,2016-05-05,2016,mai,jeudi,16:09,75,75112,48.8397,2.45738,2,2,6,1,1,4,-1,04,1,1,000,097,1,0,1,3,1,25,5,1,2,01,2,1,9,201600056835A01,7,1,1
201600056855,2016-05-22,2016,mai,dimanche,91:0,75,75113,48.8264,2.36192,2,1,6,1,2,4,2,02,2,1,000,081,2,0,1,4,1,52,5,1,2,00,1,1,1,201600056855A01,,,
201600056856,2016-05-24,2016,mai,mardi,14:07,75,75106,48.8561,2.34044,2,5,3,1,1,4,1,04,1,1,000,174,1,0,1,4,1,71,0,1,2,00,2,3,7,201600056856B01,38,16,1
201600056861,2016-05-31,2016,mai,mardi,12:49,75,75110,48.8825,2.36918,2,4,3,1,2,4,2,04,1,1,016,105,2,0,1,4,2,23,5,1,2,00,2,8,1,201600056861B01,13,16,1
201600056871,2016-06-14,2016,juin,mardi,85:5,75,75107,48.8536,2.31467,2,3,2,1,1,4,2,02,1,1,000,140,1,0,1,3,2,25,0,1,2,00,2,6,1,201600056871B01,33,1,1
201600056872,2016-06-14,2016,juin,mardi,94:3,75,75113,48.8368,2.35183,2,2,3,1,2,4,2,05,1,1,000,000,1,0,1,2,2,23,0,1,2,00,2,4,1,201600056872B01,14,16,1
201600056880,2016-06-20,2016,juin,lundi,12:26,75,75116,48.8373,2.25906,2,1,2,1,2,4,1,02,1,1,000,026,2,0,1,3,1,51,1,1,2,01,2,7,1,201600056880B01,7,22,1
201600056883,2016-06-23,2016,juin,jeudi,80:9,75,75113,48.8328,2.35649,2,2,3,1,1,4,2,02,2,1,012,160,1,0,1,3,2,15,2,1,2,00,2,8,13,201600056883B01,10,1,1
201600056884,2016-06-23,2016,juin,jeudi,17:05,75,75115,48.8415,2.29914,2,5,6,1,1,4,2,02,2,1,000,070,1,5,1,3,1,53,0,1,2,00,0,0,1,201600056884A01,7,11,1
201600056894,2016-07-06,2016,juillet,mercredi,21:35,75,75114,48.826,2.31255,2,2,3,2,1,4,2,02,1,1,000,102,1,0,1,3,1,14,5,1,2,00,2,8,13,201600056894B01,10,1,1
201600056904,2016-07-16,2016,juillet,samedi,14:03,75,75112,48.8443,2.38153,2,5,3,1,1,4,2,02,1,1,000,152,1,0,5,3,1,48,0,1,2,00,0,3,1,201600056904B01,38,16,1
201600056931,2016-08-25,2016,août,jeudi,10:38,75,75112,48.8218,2.45379,2,1,2,1,1,4,2,02,2,1,000,080,1,0,1,2,1,69,5,1,2,01,2,6,1,201600056931A01,10,24,1
201600056938,2016-08-31,2016,août,mercredi,20:03,75,75103,48.8648,2.35329,2,5,3,2,1,4,1,03,1,1,000,122,1,0,1,3,1,25,5,1,2,00,2,7,1,201600056938B01,33,1,1
201600056959,2016-09-29,2016,septembre,jeudi,19:00,75,75116,48.862,2.23803,2,1,3,5,1,4,1,03,1,2,000,194,1,0,1,3,1,25,5,1,2,00,2,1,13,201600056959B01,7,15,1
201600056960,2016-09-30,2016,septembre,vendredi,22:03,75,75110,48.8778,2.36159,2,3,3,5,1,4,2,02,1,1,000,120,2,0,1,3,1,38,5,1,2,00,2,4,1,201600056960B01,7,17,1
201600056982,2016-10-23,2016,octobre,dimanche,22:0,75,75107,48.8577,2.29143,2,1,7,5,1,4,2,05,2,1,026,134,1,1,5,3,1,62,5,1,2,09,0,7,1,201600056982A01,,,
201600057001,2016-11-17,2016,novembre,jeudi,20:30,75,75117,48.8848,2.29838,2,2,3,5,1,4,2,02,1,1,000,070,1,0,1,4,1,26,1,1,2,14,2,1,7,201600057001A01,7,15,1
201600057009,2016-11-26,2016,novembre,samedi,13:0,75,75120,48.8488,2.40125,2,1,7,5,1,4,1,02,1,1,000,137,1,0,5,2,1,40,5,1,2,00,0,8,1,201600057009A01,,,
201600057012,2016-11-29,2016,novembre,mardi,18:30,75,75112,48.8444,2.42182,2,3,3,5,1,4,1,01,-1,-1,000,080,-1,0,0,3,1,54,1,1,2,00,2,8,1,201600057012B01,7,15,1
201600057546,2016-01-02,2016,janvier,samedi,84:5,972,97207,0,-0,1,1,2,1,1,2,3,00,-1,1,020,116,1,0,1,3,1,55,5,1,2,00,2,4,2,201600057546B02,10,2,1