Num_Acc,date,an,mois,jour,hrmn,dep,com,lat,long,agg,int,col,lum,atm,catr,circ,nbv,prof,plan,lartpc,larrout,surf,infra,situ,grav,sexe,age,trajet,secuexist,equipement,obs,obsm,choc,manv,vehiculeid,typevehicules,manoeuvehicules,numVehicules
201600057557,2016-05-29,2016,mai,dimanche,21:45,972,97217,0,-0,2,6,6,5,1,2,2,00,1,2,000,070,1,0,1,3,1,18,5,1,2,00,0,1,1,201600057557B02,7,0,1
201600057571,2016-02-14,2016,février,dimanche,17:00,972,97230,0,-0,1,1,1,1,1,2,3,02,1,1,000,000,1,0,1,3,1,61,5,1,2,00,2,4,11,201600057571B02,7,1,1
201600057575,2016-08-21,2016,août,dimanche,17:00,972,97222,0,-0,2,1,3,1,1,3,2,00,2,3,000,000,1,0,1,3,1,15,5,1,2,00,2,8,13,201600057575B02,7,1,1
201600057610,2016-09-11,2016,septembre,dimanche,17:15,971,97111,0,-0,1,1,3,1,1,4,1,01,1,1,000,040,1,0,1,3,1,16,5,1,2,00,2,1,5,201600057610B02,7,5,1
201600057616,2016-01-25,2016,janvier,lundi,14:45,971,97107,0,-0,1,3,1,1,1,4,2,01,4,1,000,000,1,5,1,3,1,15,5,1,2,00,2,8,1,201600057616A01,7,19,1
201600057623,2016-04-17,2016,avril,dimanche,10:00,971,97114,0,-0,1,1,2,1,1,2,2,00,3,1,000,000,1,0,1,2,1,53,5,1,1,00,0,4,2,201600057623B02,10,2,1
201600057626,2016-04-29,2016,avril,vendredi,20:30,971,97107,0,-0,1,1,5,5,1,2,2,02,1,1,000,000,1,5,1,2,1,17,5,1,2,00,2,0,1,201600057626B02,7/ 33,0/19,2
201600057654,2016-12-13,2016,décembre,mardi,70:0,971,97118,0,-0,1,1,2,1,1,2,3,02,1,-1,000,000,1,0,1,2,1,57,1,1,2,00,2,4,2,201600057654B02,7,2,1
201600057659,2016-03-30,2016,mars,mercredi,21:00,971,97129,0,-0,2,1,3,5,2,4,-1,02,2,1,000,000,2,0,1,3,1,23,5,1,4,00,2,1,0,201600057659B02,7,15,1
201600057662,2016-08-10,2016,août,mercredi,16:45,971,97129,0,-0,2,1,3,1,1,2,2,02,2,2,000,070,1,0,1,3,2,19,5,1,2,00,2,3,9,201600057662B02,10,1,1
201600057666,2016-04-09,2016,avril,samedi,16:15,971,97108,0,-0,1,1,3,1,1,3,2,02,-1,3,000,064,1,0,1,3,2,15,5,1,1,00,2,8,19,201600057666B02,10,1,1
201600057673,2016-10-31,2016,octobre,lundi,21:45,971,97108,0,-0,1,1,2,3,1,3,2,02,1,1,000,060,1,0,1,3,1,57,0,1,2,00,2,4,2,201600057673B02,7,2,1
201600057727,2016-10-09,2016,octobre,dimanche,70:0,971,97116,0,-0,1,1,2,1,2,2,3,00,1,1,010,070,2,0,1,3,1,54,5,1,2,00,2,4,11,201600057727B02,7,0,1
201600057728,2016-10-16,2016,octobre,dimanche,60:0,971,97116,0,-0,1,1,2,2,1,2,2,00,1,1,000,070,1,0,1,2,1,56,4,1,2,00,2,4,1,201600057728B02,7,1,1
201600057737,2016-05-04,2016,mai,mercredi,19:30,973,97305,0,-0,1,1,1,3,1,2,2,02,1,1,000,000,1,0,3,2,1,41,1,1,4,00,2,4,2,201600057737B02,7,2,1
201600057740,2016-07-27,2016,juillet,mercredi,20:45,973,97305,0,-0,2,1,1,5,1,9,2,00,-1,1,000,000,1,0,1,3,1,11,3,1,2,00,2,1,1,201600057740B02,7,0,1
201600057750,2016-01-07,2016,janvier,jeudi,17:30,973,97304,0,-0,1,1,1,1,1,3,2,00,-1,1,000,000,1,0,1,3,1,61,5,1,1,00,0,3,0,201600057750B02,7,14,1
201600057757,2016-03-23,2016,mars,mercredi,74:5,973,97304,0,-0,2,3,3,1,1,3,2,02,1,1,000,055,1,0,1,4,2,19,2,1,1,00,2,4,15,201600057757B02,31,1,1
201600057762,2016-06-25,2016,juin,samedi,15:30,973,97304,0,-0,2,1,6,1,1,4,2,02,1,1,000,070,1,0,1,3,1,46,5,1,2,00,2,8,15,201600057762B02,7,0,1
201600057765,2016-08-18,2016,août,jeudi,18:15,973,97304,0,-0,2,1,2,1,1,4,2,00,1,1,002,060,1,0,1,3,2,55,5,1,4,00,0,4,1,201600057765A01,7,2,1
201600057767,2016-09-20,2016,septembre,mardi,15:15,973,97304,0,-0,2,1,1,1,1,9,2,02,-1,1,000,071,1,0,1,2,1,15,0,1,8,00,2,1,10,201600057767B02,7,1,1
201600057778,2016-01-01,2016,janvier,vendredi,23:0,973,97301,0,-0,2,1,7,3,3,4,2,00,1,1,000,000,2,0,3,2,1,35,5,1,1,13,0,1,1,201600057778A01,,,
201600057789,2016-01-27,2016,janvier,mercredi,13:00,973,97311,0,-0,2,1,1,1,1,4,2,02,1,-1,000,000,1,0,1,4,1,11,2,1,2,00,0,2,1,201600057789B02,10,1,1
201600057792,2016-03-09,2016,mars,mercredi,94:5,973,97311,0,-0,2,1,3,1,1,4,2,02,1,1,000,050,1,0,1,3,1,13,2,1,2,00,0,8,19,201600057792B02,7,1,1
201600057793,2016-03-29,2016,mars,mardi,70:0,973,97311,0,-0,2,1,1,1,1,4,2,02,1,1,000,055,1,0,1,4,1,21,1,1,1,00,2,1,15,201600057793A01,7,1,1
201600057813,2016-08-24,2016,août,mercredi,16:45,973,97306,0,-0,1,1,2,3,1,3,2,02,1,1,000,060,1,0,1,2,1,50,5,1,1,00,2,4,13,201600057813A01,7,1,1
201600057832,2016-04-07,2016,avril,jeudi,21:15,974,97418,-0,0,1,1,7,3,1,3,2,01,-1,3,000,080,1,0,3,3,1,15,5,1,2,16,0,0,1,201600057832A01,,,
201600057855,2016-04-16,2016,avril,samedi,16:30,974,97421,-0,0,2,1,6,1,1,3,2,02,2,1,000,080,1,0,1,4,1,28,5,1,2,00,1,1,1,201600057855A01,,,
201600057877,2016-11-19,2016,novembre,samedi,19:00,974,97415,-0,0,2,1,3,5,2,4,1,00,1,1,000,000,2,0,1,3,1,20,5,1,4,00,2,4,19,201600057877B02,7,1,1
201600057904,2016-04-28,2016,avril,jeudi,61:5,974,97423,-0,0,2,1,1,1,1,9,2,00,-1,1,000,059,1,0,1,4,1,22,5,1,1,00,2,1,1,201600057904B02,7,15,1
201600057905,2016-05-22,2016,mai,dimanche,15:45,974,97423,-0,0,1,1,5,1,6,2,-1,02,1,1,000,000,1,0,5,4,1,53,5,1,2,00,2,3,1,201600057905B02,7,20,1
201600057905,2016-05-22,2016,mai,dimanche,15:45,974,97423,-0,0,1,1,5,1,6,2,-1,02,1,1,000,000,1,0,5,3,2,51,5,1,2,00,2,1,1,201600057905C03,7,20,1
201600057912,2016-12-28,2016,décembre,mercredi,14:00,974,97424,-0,0,2,1,1,1,1,3,2,01,2,2,000,058,1,0,1,4,1,18,5,1,2,00,2,1,13,201600057912A01,37,1,1
201600057928,2016-03-16,2016,mars,mercredi,16:00,974,97412,-0,0,2,1,2,1,3,2,2,02,2,1,070,000,2,0,1,3,1,17,5,1,2,00,2,1,1,201600057928A01,7,15,1
201600057945,2016-09-08,2016,septembre,jeudi,12:45,976,97607,0,0,1,1,1,1,1,2,-1,02,-1,2,000,060,1,0,1,3,1,20,0,1,2,00,2,1,1,201600057945A01,7,21,1
201600057953,2016-08-12,2016,août,vendredi,18:00,976,97615,0,0,2,1,1,5,1,2,2,00,-1,1,000,000,1,0,1,4,1,49,5,1,2,00,2,1,0,201600057953B02,7,1,1
201600057958,2016-02-28,2016,février,dimanche,93:0,976,97616,-0,0,2,1,5,1,1,3,2,02,2,2,000,070,1,0,1,3,1,43,5,1,2,01,0,1,5,201600057958C03,7,0/23,2
201600057960,2016-06-27,2016,juin,lundi,16:30,976,97617,0,0,1,1,1,1,1,3,-1,00,-1,-1,000,000,-1,0,0,3,1,18,5,1,2,00,0,1,0,201600057960B02,10,23,1
201600057975,2016-07-28,2016,juillet,jeudi,18:45,971,97103,0,-0,1,1,2,1,1,2,3,00,2,1,071,106,1,0,1,2,1,22,4,1,2,00,2,0,2,201600057975B02,7,1,1
201600057988,2016-03-31,2016,mars,jeudi,13:30,976,97606,0,0,2,1,3,1,1,3,2,00,-1,1,000,072,1,0,1,3,1,15,0,1,2,15,0,8,21,201600057988A01,10,0,1
201600057994,2016-03-15,2016,mars,mardi,13:00,973,97309,0,-0,2,1,1,1,1,3,2,02,2,1,000,000,1,0,3,3,2,21,5,1,1,00,2,3,1,201600057994B02,7,16,1
201600058010,2016-10-06,2016,octobre,jeudi,30:,973,97309,0,-0,2,1,1,3,1,2,2,00,-1,1,000,065,1,0,1,4,1,15,5,1,4,00,2,1,5,201600058010B02,7,1,1
201600058017,2016-12-03,2016,décembre,samedi,21:45,973,97309,0,-0,2,1,7,5,1,4,2,02,1,1,000,080,1,0,1,4,1,36,5,1,1,00,2,1,18,201600058017A01,,,
201600058036,2016-01-09,2016,janvier,samedi,70:0,973,97307,0,-0,1,1,5,1,7,2,2,02,1,1,000,070,1,0,3,3,1,21,5,1,2,00,2,4,2,201600058036A01,7,2,1
201600058036,2016-01-09,2016,janvier,samedi,70:0,973,97307,0,-0,1,1,5,1,7,2,2,02,1,1,000,070,1,0,3,3,1,21,5,1,2,00,2,4,2,201600058036B02,7,2,1
201600058052,2016-07-09,2016,juillet,samedi,80:0,973,97307,0,-0,2,1,2,1,1,2,2,02,1,1,000,060,1,0,3,4,1,40,5,1,4,00,2,6,1,201600058052A01,7,1,1
201600058072,2016-05-27,2016,mai,vendredi,19:30,974,97415,-0,0,2,1,3,5,1,4,2,00,2,1,000,000,1,5,1,4,1,16,5,1,2,00,2,1,1,201600058072B02,7,15,1
201600058137,2016-02-03,2016,février,mercredi,16:30,972,97221,0,-0,1,1,5,1,1,3,2,02,2,2,072,000,1,0,1,3,1,36,5,1,2,00,2,1,16,201600058137B02,7,1,1
201600058137,2016-02-03,2016,février,mercredi,16:30,972,97221,0,-0,1,1,5,1,1,3,2,02,2,2,072,000,1,0,1,4,1,17,5,1,2,00,2,1,16,201600058137C03,7,1,1
201600058144,2016-07-27,2016,juillet,mercredi,16:30,972,97207,0,-0,1,3,1,1,1,2,2,00,2,3,000,065,1,0,1,3,1,17,5,1,2,00,2,8,15,201600058144A01,7,1,1
201600058150,2016-02-29,2016,février,lundi,20:15,972,97222,0,-0,2,1,3,3,1,2,2,00,1,1,000,000,1,0,1,3,1,17,5,1,2,00,2,8,15,201600058150B02,10,1,1
201600058151,2016-03-18,2016,mars,vendredi,20:45,972,97222,0,-0,1,1,1,5,1,4,2,00,2,1,000,000,1,0,1,3,2,16,5,1,4,00,2,1,1,201600058151B02,7,1,1
201600058155,2016-08-29,2016,août,lundi,13:45,972,97222,0,-0,1,1,1,1,1,4,2,00,2,2,000,040,1,0,1,3,1,17,5,1,2,00,2,1,13,201600058155A01,7,0,1
201600058181,2016-10-07,2016,octobre,vendredi,13:30,971,97105,0,0,2,1,6,1,1,4,2,02,1,1,000,035,1,0,1,4,1,20,5,1,2,00,1,0,0,201600058181A01,,,
201600058183,2016-12-02,2016,décembre,vendredi,16:45,971,97105,0,0,2,1,1,1,1,4,2,01,2,-1,000,054,1,0,1,4,1,17,5,1,2,00,0,1,0,201600058183B01,7,0,1
201600058237,2016-03-06,2016,mars,dimanche,10:30,971,97101,0,0,1,1,4,1,1,2,3,04,1,1,000,000,1,0,1,3,1,53,5,1,2,00,2,4,2,201600058237C01,7,2,1
201600058237,2016-03-06,2016,mars,dimanche,10:30,971,97101,0,0,1,1,4,1,1,2,3,04,1,1,000,000,1,0,1,3,1,47,0,1,2,00,2,4,2,201600058237B01,7,2,1
201600058277,2016-07-05,2016,juillet,mardi,65:0,971,97120,0,0,2,6,3,1,1,4,1,01,1,-1,000,000,1,0,1,4,1,48,1,1,2,00,2,0,0,201600058277B01,7,0,1
201600058280,2016-07-09,2016,juillet,samedi,19:10,971,97101,0,-0,2,1,6,5,1,4,2,01,1,-1,000,000,1,0,1,3,1,13,0,1,9,00,2,0,0,201600058280B01,7,2,1
201600058296,2016-09-09,2016,septembre,vendredi,20:30,971,97113,0,0,1,1,3,5,1,4,-1,00,-1,-1,000,000,-1,0,0,3,1,11,0,1,9,00,2,1,19,201600058296B01,10,0,1
201600058320,2016-12-20,2016,décembre,mardi,21:40,971,97120,0,0,2,9,6,5,9,3,1,01,1,2,000,000,2,3,1,3,1,31,5,1,9,00,2,0,0,201600058320B01,7,0,1
201600058345,2016-01-24,2016,janvier,dimanche,13:55,972,97209,0,-0,2,3,3,1,1,4,2,01,1,1,000,000,1,0,1,3,1,13,5,1,4,00,2,1,9,201600058345A01,7,1,1
201600058363,2016-03-02,2016,mars,mercredi,12:15,972,97209,0,-0,2,2,6,1,1,4,2,02,1,1,000,000,1,0,1,4,1,14,5,1,2,00,2,3,1,201600058363B01,7,1,1
201600058371,2016-03-20,2016,mars,dimanche,11:55,972,97209,0,-0,2,1,7,1,1,2,3,06,1,1,000,000,1,0,1,4,1,56,5,1,9,16,0,8,13,201600058371A01,,,
201600058382,2016-06-03,2016,juin,vendredi,18:05,972,97209,0,-0,2,1,6,1,1,4,2,02,1,1,000,000,1,0,1,4,1,14,5,1,2,00,2,1,1,201600058382B01,32,2,1
201600058410,2016-08-25,2016,août,jeudi,12:55,972,97209,0,-0,1,2,6,1,1,3,2,02,1,1,,000,1,0,1,4,1,7,0,1,4,00,2,1,13,201600058410A01,7,1,1
201600058435,2016-11-13,2016,novembre,dimanche,11:15,972,97209,14.62032,-61.05092,2,1,6,1,1,4,-1,00,2,1,000,000,1,0,0,3,2,8,5,1,9,00,2,1,13,201600058435A01,31,1,1
201600058442,2016-12-14,2016,décembre,mercredi,16:50,972,97213,14.5983,-61.00134,1,6,3,1,1,9,2,02,-1,-1,000,000,-1,0,1,4,1,44,5,1,2,00,2,1,0,201600058442B01,7,1,1
201600058467,2016-04-17,2016,avril,dimanche,11:20,972,97213,0,0,2,1,2,1,1,3,2,02,1,1,000,000,1,0,1,4,1,42,0,1,4,00,2,4,2,201600058467B01,7,2,1
201600058516,2016-09-16,2016,septembre,vendredi,14:00,972,97213,0,0,1,1,5,1,1,3,2,00,-1,-1,000,000,-1,0,1,4,1,43,0,1,2,00,0,0,0,201600058516B01,7,11/0,2
201600058517,2016-09-18,2016,septembre,dimanche,72:0,972,97213,0,0,1,1,3,1,1,2,-1,00,-1,-1,000,000,-1,0,0,4,1,41,0,1,2,00,0,0,0,201600058517B01,7,0,1
201600058546,2016-01-20,2016,janvier,mercredi,16:26,973,97302,4.93303,-52.30963,2,1,3,1,1,4,1,02,1,2,000,070,1,0,1,4,1,43,1,1,9,00,2,3,1,201600058546B01,7,16,1
201600058564,2016-02-15,2016,février,lundi,18:00,973,97302,0,0,1,1,6,2,1,4,2,00,-1,-1,000,000,-1,0,1,4,1,6,0,1,9,00,2,8,19,201600058564B01,7,1,1
201600058567,2016-02-15,2016,février,lundi,13:05,973,97302,0,-0,2,1,3,1,1,4,-1,01,1,-1,000,000,1,0,1,3,1,39,0,1,9,00,0,1,1,201600058567A01,7,0,1
201600058579,2016-02-24,2016,février,mercredi,13:26,973,97302,4.89922,-52.32662,1,1,2,1,1,2,1,04,-1,-1,000,000,-1,0,0,3,1,19,1,1,9,00,0,0,0,201600058579A01,10,0,1
201600058586,2016-02-29,2016,février,lundi,15:06,973,97302,4.55384,-52.18511,2,1,3,1,1,4,2,00,1,1,000,000,1,0,1,3,1,18,0,1,9,00,2,0,14,201600058586B01,7,16,1
201600058595,2016-03-05,2016,mars,samedi,13:10,973,97302,4.91019,-52.32121,2,6,2,1,1,2,1,02,1,-1,100,040,1,0,1,4,1,17,5,1,2,00,0,4,2,201600058595B01,30,2,1
201600058598,2016-03-08,2016,mars,mardi,83:0,973,97302,0,-0,2,2,3,1,1,4,1,01,-1,-1,000,000,-1,0,0,1,1,30,0,1,9,00,0,0,0,201600058598A01,34,0,1
201600058608,2016-03-14,2016,mars,lundi,14:05,973,97302,4.92654,-52.31387,2,1,7,1,1,4,2,02,1,1,000,060,1,0,1,4,1,30,0,1,9,00,0,1,0,201600058608A01,,,
201600058609,2016-03-14,2016,mars,lundi,16:00,973,97302,4.93493,-52.31188,2,1,3,1,1,4,-1,02,1,1,000,100,1,0,0,4,1,14,0,1,9,00,2,8,19,201600058609A01,33,17,1
201600058615,2016-03-19,2016,mars,samedi,17:29,973,97302,0,-0,1,1,2,1,1,4,-1,00,1,-1,000,080,1,0,1,3,1,16,0,1,9,00,9,4,0,201600058615B01,2,0,1
201600058621,2016-03-23,2016,mars,mercredi,18:12,973,97302,0,-0,2,6,3,2,1,4,2,00,1,-1,000,086,1,0,1,4,1,26,0,1,2,00,2,1,2,201600058621B01,7,15,1
201600058623,2016-03-24,2016,mars,jeudi,21:00,973,97302,0,-0,2,1,3,5,1,4,3,00,1,1,000,000,1,0,5,4,1,12,0,1,2,00,2,8,5,201600058623A01,2,0,1
201600058627,2016-03-31,2016,mars,jeudi,80:6,973,97302,4.92167,-52.33035,2,1,1,1,3,4,3,00,1,1,000,000,2,0,1,4,1,12,2,1,2,00,2,1,15,201600058627B01,7,15,1
201600058629,2016-04-01,2016,avril,vendredi,18:40,973,97302,4.55129,-5.21845,2,1,1,2,1,3,2,02,1,1,000,070,1,0,1,3,1,23,0,1,2,00,0,0,0,201600058629B01,7,19,1
201600058640,2016-02-06,2016,février,samedi,12:11,973,97302,4.55495,-52.18178,1,1,1,1,1,4,3,00,1,1,000,000,1,0,1,4,1,31,0,1,2,00,2,1,5,201600058640A01,2,2,1
201600058648,2016-04-11,2016,avril,lundi,13:50,973,97302,4.9421,-52.32079,1,1,3,1,1,4,2,02,-1,-1,000,000,-1,0,5,4,1,17,5,1,9,00,0,0,0,201600058648B01,7,0,1
201600058653,2016-04-25,2016,avril,lundi,13:41,973,97302,4.56137,-52.18563,2,1,,1,2,4,-1,00,-1,-1,000,060,1,0,1,4,1,51,0,1,2,00,2,6,1,201600058653B01,7,4,1
201600058657,2016-05-04,2016,mai,mercredi,13:35,973,97302,0,-0,2,1,3,1,1,4,1,02,-1,-1,000,000,-1,0,1,4,2,58,0,1,9,00,2,1,2,201600058657B01,7,15,1
201600058658,2016-05-05,2016,mai,jeudi,12:00,973,97302,0,-0,1,1,6,1,1,4,-1,00,1,1,000,000,1,0,0,4,1,53,0,1,9,00,9,0,1,201600058658A01,,,
201600058667,2016-05-09,2016,mai,lundi,12:15,973,97302,0,-0,1,1,6,1,1,4,3,00,1,-1,000,080,1,0,1,1,1,14,0,1,4,00,1,1,1,201600058667A01,,,
201600058667,2016-05-09,2016,mai,lundi,12:15,973,97302,0,-0,1,1,6,1,1,4,3,00,1,-1,000,080,1,0,1,3,1,12,0,1,8,00,1,1,1,201600058667A01,,,
201600058674,2016-05-13,2016,mai,vendredi,14:25,973,97302,4.55386,-5.21909,2,1,3,1,1,3,2,02,1,1,000,080,1,0,1,4,2,16,2,1,2,00,0,0,0,201600058674A01,7,1,1
201600058681,2016-05-20,2016,mai,vendredi,74:5,973,97302,0,-0,2,3,3,1,1,4,2,01,1,-1,000,080,1,0,1,4,2,16,2,1,9,00,2,8,1,201600058681B01,37,0,1
201600058684,2016-05-24,2016,mai,mardi,11:37,973,97302,0,0,2,3,2,1,1,4,2,02,1,1,,050,1,7,1,4,1,24,0,1,2,00,2,1,2,201600058684B01,2,13,1
201600058702,2016-06-01,2016,juin,mercredi,14:11,973,97302,0,0,1,1,3,1,1,4,-1,01,1,1,000,060,1,0,1,3,1,12,5,1,4,00,2,1,1,201600058702B01,7,15,1
201600058717,2016-06-10,2016,juin,vendredi,15:07,973,97302,0,-0,2,1,1,1,1,4,2,02,1,1,000,000,1,0,0,4,1,16,0,1,9,00,2,1,16,201600058717A01,7,13,1
201600058726,2016-06-23,2016,juin,jeudi,11:29,973,97302,4.55596,-52.19103,2,1,1,1,1,4,3,00,1,1,000,000,1,0,1,4,1,17,0,1,2,00,2,1,15,201600058726A01,1,2,1
201600058726,2016-06-23,2016,juin,jeudi,11:29,973,97302,4.55596,-52.19103,2,1,1,1,1,4,3,00,1,1,000,000,1,0,1,4,1,14,0,1,2,00,2,1,2,201600058726B01,1,15,1
201600058741,2016-07-07,2016,juillet,jeudi,15:15,973,97302,0,0,2,9,6,1,1,4,-1,01,1,-1,000,060,1,0,1,4,1,38,5,1,9,00,2,2,0,201600058741B01,7,0,1
201600058771,2016-08-13,2016,août,samedi,14:20,973,97302,0,0,2,1,6,1,1,4,2,01,1,1,000,060,1,0,1,4,1,15,5,1,2,00,2,9,2,201600058771B01,7,2,1
201600058783,2016-08-06,2016,août,samedi,11:15,973,97302,0,0,1,1,2,1,1,4,2,02,-1,-1,000,000,-1,0,1,4,1,32,5,1,2,00,2,4,1,201600058783B01,7,0,1
201600058786,2016-09-01,2016,septembre,jeudi,12:30,973,97302,0,0,1,1,3,1,1,3,2,02,1,1,000,000,1,0,1,3,2,22,0,1,2,00,0,0,0,201600058786Z01,10,15,1
201600058805,2016-09-16,2016,septembre,vendredi,15:35,973,97302,4.54135,-5.21859,2,1,1,1,1,2,2,03,1,1,000,100,1,0,0,3,1,36,0,1,4,00,2,1,15,201600058805A01,7,1,1
201600058809,2016-09-19,2016,septembre,lundi,21:25,973,97302,0,0,2,1,2,5,1,3,1,02,1,2,000,000,1,0,1,4,1,27,9,1,2,00,0,4,2,201600058809B01,7,0,1
201600058815,2016-09-26,2016,septembre,lundi,22:00,973,97302,0,0,2,6,1,5,1,4,1,02,1,2,000,090,1,5,1,3,1,42,2,1,4,00,2,6,21,201600058815A01,2,21,1
201600058819,2016-09-28,2016,septembre,mercredi,19:25,973,97302,0,0,2,6,3,5,1,3,1,01,1,1,000,080,1,0,1,3,1,48,0,1,9,00,2,4,1,201600058819B01,7,1,1
201600058823,2016-10-01,2016,octobre,samedi,61:5,973,97302,0,0,1,1,3,1,1,4,-1,01,1,1,000,060,1,0,1,3,1,31,0,1,4,00,2,1,10,201600058823A01,7,1,1
201600058827,2016-10-05,2016,octobre,mercredi,18:10,973,97302,0,0,2,1,3,1,1,4,-1,01,1,-1,000,060,1,0,1,4,2,20,0,1,9,00,2,7,0,201600058827B01,7,9,1
201600058835,2016-10-13,2016,octobre,jeudi,80:5,973,97302,0,0,2,1,3,1,1,4,2,01,1,1,000,060,1,0,1,4,1,21,0,1,2,00,0,0,0,201600058835B01,7,15,1
201600058837,2016-10-15,2016,octobre,samedi,75:5,973,97302,0,0,2,1,3,1,1,4,-1,00,1,2,000,000,1,0,0,3,2,27,0,1,9,00,2,7,1,201600058837B01,7,9,1
201600058839,2016-10-18,2016,octobre,mardi,17:30,973,97302,0,0,2,1,3,1,1,4,-1,00,1,-1,000,060,1,0,0,1,1,15,0,1,2,00,2,8,6,201600058839A01,7,0,1
201600058839,2016-10-18,2016,octobre,mardi,17:30,973,97302,0,0,2,1,3,1,1,4,-1,00,1,-1,000,060,1,0,0,4,1,16,0,1,2,00,2,8,6,201600058839A01,7,0,1
201600058845,2016-10-26,2016,octobre,mercredi,64:0,973,97302,0,0,2,1,3,1,1,4,2,01,1,-1,000,060,1,0,1,4,1,57,9,1,9,00,2,0,2,201600058845B01,7,2,1
201600058854,2016-11-05,2016,novembre,samedi,85:0,973,97302,0,0,2,2,3,1,1,4,2,02,1,1,000,080,1,0,0,3,1,62,5,1,9,00,0,0,0,201600058854A01,7,16,1
201600058855,2016-11-05,2016,novembre,samedi,15:55,973,97302,0,0,2,1,2,1,1,4,-1,00,1,1,000,060,1,0,0,4,1,60,0,1,2,00,0,0,2,201600058855B01,30,2,1
201600058880,2016-11-21,2016,novembre,lundi,21:30,973,97302,0,0,2,1,6,4,1,3,2,00,1,1,000,080,1,0,5,4,1,73,0,1,9,00,1,1,1,201600058880A01,,,
201600058880,2016-11-21,2016,novembre,lundi,21:30,973,97302,0,0,2,1,6,4,1,3,2,00,1,1,000,080,1,0,5,4,1,35,0,1,8,00,1,1,1,201600058880A01,,,
201600058883,2016-11-23,2016,novembre,mercredi,10:15,973,97302,0,0,2,1,3,1,1,4,2,02,1,-1,000,080,1,0,1,3,1,62,0,1,2,00,0,0,0,201600058883B01,7,13,1
201600058885,2016-11-24,2016,novembre,jeudi,13:29,973,97302,0,0,2,1,3,1,1,4,1,00,1,1,000,060,1,0,1,4,1,26,0,1,2,00,2,1,17,201600058885A01,7,15,1
201600058898,2016-12-07,2016,décembre,mercredi,12:23,973,97302,0,0,2,1,2,1,1,3,2,02,1,1,060,060,1,0,1,4,1,13,9,1,9,00,0,0,2,201600058898B01,7,2,1
201600058907,2016-12-16,2016,décembre,vendredi,92:0,973,97302,0,0,2,1,7,1,1,4,1,01,1,-1,000,030,1,0,1,3,1,17,0,1,2,00,0,1,21,201600058907A01,,,
201600058929,2016-01-26,2016,janvier,mardi,18:00,974,97407,-0,0,1,1,1,1,1,4,-1,02,1,1,000,070,1,0,0,4,1,7,5,1,9,00,2,3,19,201600058929A01,7,1,1
201600058937,2016-03-03,2016,mars,jeudi,18:00,974,97407,-0,0,1,1,3,1,1,4,2,01,1,1,000,070,1,0,1,4,1,77,5,1,9,00,2,8,0,201600058937B01,31,19,1
201600058938,2016-03-08,2016,mars,mardi,16:44,974,97407,-0,0,1,1,3,1,1,4,1,01,1,1,000,035,1,0,1,3,1,79,1,1,2,00,0,6,2,201600058938B01,7,2,1
201600058941,2016-03-24,2016,mars,jeudi,10:00,974,97407,-0,0,1,1,2,1,1,4,1,00,1,-1,000,000,1,0,1,3,1,37,5,1,9,00,9,4,0,201600058941B01,7,9,1
201600058950,2016-04-21,2016,avril,jeudi,17:35,974,97407,-0,0,1,1,3,2,1,3,2,02,1,3,000,000,1,0,3,4,1,36,5,1,2,00,0,0,0,201600058950B01,7,15,1
201600058954,2016-04-30,2016,avril,samedi,22:35,974,97407,-0,0,1,1,7,5,1,4,1,01,1,1,000,035,1,0,1,4,1,20,5,1,2,00,0,0,1,201600058954A01,,,
201600058978,2016-08-22,2016,août,lundi,71:0,974,97407,-0,0,2,1,3,1,1,4,1,01,1,-1,000,070,1,0,1,4,1,45,0,1,9,00,2,4,1,201600058978B01,10,9,1
201600058980,2016-09-13,2016,septembre,mardi,16:40,974,97407,-0,0,1,1,3,1,1,2,-1,04,1,1,030,060,1,0,0,4,1,60,0,1,2,00,2,5,14,201600058980B01,34,0,1
201600058982,2016-09-21,2016,septembre,mercredi,18:14,974,97407,-20.93181,55.29711,2,1,2,1,1,3,3,01,1,3,050,050,1,5,1,3,1,59,5,1,9,00,0,0,0,201600058982B01,7,2,1
201600058983,2016-09-22,2016,septembre,jeudi,17:50,974,97407,0,0,2,1,2,1,1,4,2,02,1,1,000,070,1,0,1,4,1,50,5,1,2,00,2,4,2,201600058983B01,7,2,1
201600058984,2016-09-25,2016,septembre,dimanche,19:50,974,97407,-20.94569,55.29137,2,2,3,5,1,4,2,02,1,1,000,070,1,0,1,4,1,10,0,1,2,00,2,1,1,201600058984B01,7,1,1
201600058986,2016-09-29,2016,septembre,jeudi,17:15,974,97407,0,0,2,1,1,1,1,4,1,01,1,1,000,070,1,0,1,4,1,11,0,1,2,00,9,1,5,201600058986B01,2,1,1
201600059001,2016-11-11,2016,novembre,vendredi,21:00,974,97407,0,0,1,1,7,5,1,4,-1,02,1,1,000,000,1,0,0,4,1,44,5,1,2,00,0,0,0,201600059001A01,,,
201600059022,2016-03-13,2016,mars,dimanche,21:00,974,97409,0,0,2,1,1,3,1,2,2,02,1,1,000,000,1,0,1,3,1,25,5,1,4,00,0,0,0,201600059022B01,7,1,1
201600059022,2016-03-13,2016,mars,dimanche,21:00,974,97409,0,0,2,1,1,3,1,2,2,02,1,1,000,000,1,0,1,4,2,15,5,1,4,00,0,0,0,201600059022B01,7,1,1
201600059035,2016-10-23,2016,octobre,dimanche,20:50,974,97409,0,0,2,1,3,5,1,2,3,00,1,1,025,075,1,0,1,3,1,18,5,1,9,00,2,0,1,201600059035A01,7,1,1