Num_Acc,date,an,mois,jour,hrmn,dep,com,lat,long,agg,int,col,lum,atm,catr,circ,nbv,prof,plan,lartpc,larrout,surf,infra,situ,grav,sexe,age,trajet,secuexist,equipement,obs,obsm,choc,manv,vehiculeid,typevehicules,manoeuvehicules,numVehicules
201600059040,2016-11-28,2016,novembre,lundi,15:25,974,97409,0,0,2,1,2,1,1,2,-1,02,1,1,000,080,1,0,1,3,1,14,9,1,2,00,2,1,2,201600059040B01,7,2,1
201600059045,2016-01-22,2016,janvier,vendredi,20:00,974,97411,-0,0,1,1,2,5,1,4,3,04,1,1,042,061,1,0,1,4,1,22,5,1,9,00,2,4,0,201600059045B01,7,2,1
201600059051,2016-03-01,2016,mars,mardi,71:0,974,97411,-0,0,1,3,3,1,1,2,2,02,2,1,000,098,1,3,1,4,1,38,5,1,2,00,2,8,1,201600059051B01,14,15,1
201600059078,2016-06-23,2016,juin,jeudi,80:5,974,97411,-0,0,1,1,1,1,2,3,2,02,-1,-1,000,060,-1,0,1,3,1,18,5,1,9,00,2,1,0,201600059078B01,14,1,1
201600059084,2016-07-06,2016,juillet,mercredi,18:10,974,97411,-0,0,2,3,1,5,1,4,2,03,-1,-1,000,086,-1,0,1,2,1,41,5,1,2,00,2,1,16,201600059084A01,37,15,1
201600059103,2016-11-28,2016,novembre,lundi,18:30,974,97411,-0,0,1,1,1,1,1,4,2,02,2,2,000,050,1,0,1,3,1,17,5,1,9,00,2,1,0,201600059103A01,38,0,1
201600059113,2016-01-10,2016,janvier,dimanche,15:20,974,97416,-0,0,1,1,2,1,1,2,1,01,2,1,000,040,1,3,3,2,1,17,5,1,9,03,2,4,1,201600059113B01,7,14,1
201600059119,2016-11-11,2016,novembre,vendredi,15:30,974,97416,-0,0,2,1,6,1,1,4,2,02,2,3,000,040,1,0,1,4,1,13,5,1,2,00,2,1,1,201600059119A01,,,
201600059123,2016-12-13,2016,décembre,mardi,12:05,974,97416,0,0,2,1,3,1,1,4,-1,01,1,1,040,031,2,0,1,3,1,58,0,1,2,01,0,1,2,201600059123B01,7,24,1
201600059136,2016-02-10,2016,février,mercredi,18:30,974,97416,-0,0,2,1,6,2,2,4,-1,01,2,3,000,030,2,0,0,4,1,15,0,1,2,00,2,1,1,201600059136A01,7,13,1
201600059174,2016-05-18,2016,mai,mercredi,18:55,974,97416,-0,0,1,6,6,2,1,4,1,01,1,2,000,000,1,0,1,3,1,43,9,1,2,00,6,1,1,201600059174A01,,,
201600059179,2016-03-02,2016,mars,mercredi,10:25,974,97416,-0,0,1,1,6,1,1,4,2,02,1,1,000,070,1,0,1,4,1,64,5,1,2,00,2,7,17,201600059179B01,7,15,1
201600059189,2016-06-06,2016,juin,lundi,20:20,974,97416,-0,0,2,2,3,5,1,4,1,01,1,1,000,040,1,0,1,3,1,16,9,1,9,00,2,0,1,201600059189B01,7,0,1
201600059192,2016-05-18,2016,mai,mercredi,19:00,974,97416,-0,0,1,1,6,3,1,4,2,01,2,1,000,040,1,0,1,4,2,35,0,1,9,00,2,4,1,201600059192A01,,,
201600059206,2016-07-11,2016,juillet,lundi,16:15,974,97416,-0,0,2,1,3,1,1,4,2,02,1,1,000,070,1,0,1,3,1,17,5,1,2,00,2,8,2,201600059206B01,7,16,1
201600059210,2016-07-16,2016,juillet,samedi,84:0,974,97416,-0,0,2,1,6,1,1,9,2,02,-1,-1,000,000,-1,0,1,3,1,20,5,1,2,00,1,0,0,201600059210A01,,,
201600059210,2016-07-16,2016,juillet,samedi,84:0,974,97416,-0,0,2,1,6,1,1,9,2,02,-1,-1,000,000,-1,0,1,3,1,21,5,1,2,00,1,0,0,201600059210A01,,,
201600059229,2016-09-19,2016,septembre,lundi,19:00,974,97416,-21.29025,55.48521,1,1,2,5,1,3,2,00,1,1,000,000,1,0,1,4,1,16,5,1,9,00,2,1,2,201600059229B01,7,15,1
201600059274,2016-12-22,2016,décembre,jeudi,18:17,976,97611,0,0,2,1,6,2,1,4,2,00,1,4,000,000,9,0,1,1,1,17,5,1,2,00,1,0,0,201600059274A01,,,
201600059328,2016-04-17,2016,avril,dimanche,17:35,976,97611,0,0,2,1,1,1,1,4,2,00,2,1,000,000,1,0,1,4,1,17,5,1,9,00,2,1,14,201600059328A01,7,1,1
201600059387,2016-08-15,2016,août,lundi,18:10,976,97611,0,0,2,1,1,2,1,4,2,00,1,1,000,000,1,0,1,4,1,20,5,1,4,00,2,1,17,201600059387B01,7,1,1
201600059390,2016-08-17,2016,août,mercredi,15:30,976,97611,0,0,2,1,1,1,1,3,2,00,2,4,000,000,1,0,1,2,1,15,5,1,2,00,2,1,17,201600059390B01,7,0,1
201600059392,2016-08-22,2016,août,lundi,18:42,976,97611,0,0,2,1,1,3,1,4,2,00,1,4,000,000,1,0,1,3,1,17,5,1,2,00,2,1,13,201600059392B01,30,1,1
201600059409,2016-10-02,2016,octobre,dimanche,75:7,976,97611,0,0,2,1,6,1,1,4,2,00,1,4,000,000,1,0,1,1,1,47,1,1,2,00,1,0,0,201600059409Z01,,,
201600059422,2016-11-14,2016,novembre,lundi,85:6,976,97611,0,0,2,1,3,1,1,2,2,00,1,1,000,000,1,0,1,4,1,26,1,1,2,00,2,1,1,201600059422B01,7,15,1
201600059426,2016-11-28,2016,novembre,lundi,17:04,976,97611,0,0,2,6,3,1,1,2,2,00,1,4,000,000,1,0,1,1,1,16,5,1,9,00,2,1,9,201600059426A01,7,1,1
201600059426,2016-11-28,2016,novembre,lundi,17:04,976,97611,0,0,2,6,3,1,1,2,2,00,1,4,000,000,1,0,1,4,1,15,5,1,9,00,2,1,9,201600059426A01,7,1,1
201700000002,2017-02-13,2017,février,lundi,16:30,59,59005,50.53611,2.95314,2,3,3,1,1,3,2,02,1,-1,006,010,1,,,3,1,57,5,1,2,00,0,7,1,201700000002B01,7,16,1
201700000019,2017-08-09,2017,août,mercredi,74:5,59,59034,50.54769,3.10034,1,6,3,1,1,3,2,02,1,-1,000,015,1,,,3,1,33,1,1,9,00,2,2,2,201700000019B01,7,2,1
201700000022,2017-12-27,2017,décembre,mercredi,12:00,59,59586,50.54129,3.18902,1,2,3,1,1,3,2,02,1,-1,000,010,1,,,3,1,62,5,1,2,00,2,1,1,201700000022B01,7,19,1
201700000042,2017-03-07,2017,mars,mardi,80:5,59,59268,50.63688,2.7342,2,1,6,1,1,4,2,02,1,1,000,000,1,0,1,3,1,70,3,1,4,00,0,0,2,201700000042B01,7,2,1
201700000043,2017-04-15,2017,avril,samedi,11:35,59,59212,50.64736,2.72026,2,1,6,1,1,3,2,02,1,1,000,000,1,0,1,4,1,28,5,1,2,00,1,1,1,201700000043A01,,,
201700000058,2017-09-23,2017,septembre,samedi,14:45,59,59044,50.60791,3.27096,2,3,1,1,1,3,2,02,1,-1,000,010,-1,,,4,1,59,5,1,9,00,2,1,5,201700000058B01,7,16,1
201700000062,2017-04-04,2017,avril,mardi,71:5,59,59258,50.53189,3.20942,2,3,3,1,1,3,2,02,1,-1,006,010,1,,,3,1,57,1,1,2,00,2,1,1,201700000062B01,7,9,1
201700000065,2017-10-31,2017,octobre,mardi,10:30,59,59096,50.5609,3.23893,2,3,4,1,1,3,2,02,1,-1,006,910,1,,,1,1,15,5,1,2,00,0,0,9,201700000065C01,7,2,2
201700000092,2017-06-23,2017,juin,vendredi,19:55,59,59093,50.05823,3.89344,2,1,6,2,7,4,2,02,4,-1,000,015,1,,,3,1,49,5,1,2,13,0,7,0,201700000092A01,,,
201700000099,2017-03-22,2017,mars,mercredi,20:30,59,59249,50.0186,4.05058,2,6,1,5,1,9,-1,02,1,-1,000,015,1,,,4,1,36,5,1,2,00,2,1,0,201700000099B01,10,1,1
201700000106,2017-06-13,2017,juin,mardi,83:0,59,59659,50.02676,4.01405,1,1,2,1,7,3,2,02,1,1,000,070,1,0,1,3,1,59,3,1,2,00,0,4,1,201700000106B01,7,1,1
201700000107,2017-08-31,2017,août,jeudi,14:15,59,59249,50.01885,4.04452,2,2,3,1,1,4,,,,,,,,,,3,1,39,0,1,2,00,2,1,1,201700000107B01,7,1,1
201700000108,2017-09-30,2017,septembre,samedi,14:30,59,59249,50.01826,4.04396,2,1,3,1,1,4,2,01,2,-1,000,010,1,,,3,1,36,5,1,9,00,2,1,1,201700000108A01,7,1,1
201700000121,2017-02-22,2017,février,mercredi,18:30,59,59139,50.13288,3.41713,2,1,2,3,2,3,2,02,1,1,035,000,2,0,1,3,1,17,1,1,4,00,2,4,2,201700000121B01,7,2,1
201700000159,2017-08-29,2017,août,mardi,21:20,59,59283,50.25543,3.84937,1,1,1,3,1,3,2,02,1,2,000,000,1,0,1,3,1,46,0,1,4,00,2,1,5,201700000159B01,7,1,1
201700000164,2017-07-04,2017,juillet,mardi,19:25,59,59481,50.25066,3.62397,2,1,1,1,1,6,2,02,1,-1,000,000,1,0,1,4,1,10,5,1,2,00,2,1,5,201700000164B01,7,16,1
201700000175,2017-05-09,2017,mai,mardi,15:45,62,62324,50.35777,2.82216,2,1,3,1,1,3,2,02,1,-1,000,000,1,0,1,3,1,58,4,1,2,00,2,8,0,201700000175B01,7,17,1
201700000181,2017-11-18,2017,novembre,samedi,11:35,62,62861,50.3742,2.83707,2,1,1,1,1,3,2,02,1,1,000,045,1,1,1,3,1,79,5,1,2,00,2,1,1,201700000181B01,7,1,1
201700000197,2017-09-10,2017,septembre,dimanche,93:0,62,62201,50.56414,1.61329,2,1,6,1,1,4,2,02,1,1,000,000,1,0,1,3,1,66,5,1,2,00,1,1,1,201700000197A01,,,
201700000198,2017-01-13,2017,janvier,vendredi,11:10,62,62014,50.63695,2.40949,2,3,3,1,7,4,,,,,,,,,1,4,2,57,3,1,9,00,2,8,1,201700000198B01,7,15,1
201700000200,2017-01-31,2017,janvier,mardi,16:15,62,62014,50.63564,2.40146,2,1,7,1,1,9,1,02,1,1,000,000,1,0,1,4,1,15,2,1,9,00,0,0,0,201700000200A01,,,
201700000204,2017-06-11,2017,juin,dimanche,10:50,62,62288,50.65938,2.27464,2,1,1,1,1,4,2,02,1,-1,000,010,1,,,3,1,69,5,1,2,00,2,8,13,201700000204B01,2,13,1
201700000213,2017-06-21,2017,juin,mercredi,95:0,80,80182,50.19949,1.55414,1,6,3,1,1,3,2,02,1,-1,006,015,1,,,2,1,70,5,1,2,14,2,7,19,201700000213B01,7,2,1
201700000220,2017-03-27,2017,mars,lundi,17:50,80,80016,50.00223,2.64994,2,1,3,1,7,4,2,02,1,1,000,000,1,0,1,4,1,14,5,1,2,00,2,8,1,201700000220B01,7,1,1
201700000246,2017-07-11,2017,juillet,mardi,16:23,02,02684,49.89602,4.1111,1,2,3,1,1,3,2,02,1,-1,013,315,1,0,1,2,2,74,5,1,2,00,2,8,19,201700000246B01,7,1,1
201700000317,2017-06-24,2017,juin,samedi,15:10,60,60450,49.22247,2.29778,1,6,3,1,1,3,-1,02,1,-1,000,010,1,0,1,3,1,30,5,1,2,00,2,0,0,201700000317B01,7,0,1
201700000328,2017-03-02,2017,mars,jeudi,17:45,60,60141,49.20024,2.46325,2,9,6,1,1,6,-1,00,1,-1,000,010,1,0,0,1,1,13,5,1,9,00,1,1,2,201700000328A01,,,
201700000328,2017-03-02,2017,mars,jeudi,17:45,60,60141,49.20024,2.46325,2,9,6,1,1,6,-1,00,1,-1,000,010,1,0,0,4,2,81,5,1,9,00,1,1,2,201700000328A01,,,
201700000348,2017-04-12,2017,avril,mercredi,16:10,60,60079,49.16246,2.87396,2,9,3,1,1,4,2,02,1,-1,000,010,1,,,4,1,60,5,1,2,00,2,1,1,201700000348B01,7,15,1
201700000364,2017-10-06,2017,octobre,vendredi,17:30,76,76313,49.35393,1.12984,1,1,3,1,1,3,2,02,1,1,000,069,1,0,1,3,1,71,5,1,2,00,2,2,12,201700000364A01,7,1,1
201700000386,2017-05-09,2017,mai,mardi,18:40,76,76758,49.61603,0.76426,2,3,1,1,7,4,2,02,1,-1,008,010,1,,,4,1,26,1,1,9,00,2,1,1,201700000386B01,7,15,1
201700000388,2017-08-26,2017,août,samedi,17:40,76,76568,49.601,0.7862,1,1,2,1,1,3,2,02,3,2,000,060,1,0,1,3,1,31,5,1,2,00,0,4,1,201700000388B01,7,2,1
201700000439,2017-06-17,2017,juin,samedi,17:30,27,27122,49.20904,1.60021,2,1,6,1,1,3,2,02,2,2,000,000,1,0,1,4,1,15,5,1,2,15,0,0,0,201700000439A01,,,
201700000469,2017-09-05,2017,septembre,mardi,14:5,27,27394,49.2961,1.0642,1,1,2,3,1,3,2,01,1,1,000,070,1,0,1,4,1,50,5,1,2,00,0,4,2,201700000469B01,7,17,1
201700000475,2017-10-28,2017,octobre,samedi,17:10,35,35047,48.06216,-1.75512,1,6,3,1,1,3,2,02,1,-1,000,010,1,5,1,4,1,48,5,1,2,00,2,1,1,201700000475B01,7,1,1
201700000478,2017-03-30,2017,mars,jeudi,14:15,35,35334,48.13997,-1.58244,1,6,5,1,9,2,1,02,3,2,,,1,0,1,4,1,73,5,1,2,00,2,2,3,201700000478C01,7,9,1
201700000478,2017-03-30,2017,mars,jeudi,14:15,35,35334,48.13997,-1.58244,1,6,5,1,9,2,1,02,3,2,,,1,0,1,4,1,68,5,1,2,00,2,0,2,201700000478B01,7,9,1
201700000479,2017-04-09,2017,avril,dimanche,20:00,35,35152,48.18726,-1.51448,1,2,3,1,1,3,2,02,1,1,,,1,5,1,3,1,51,5,1,2,00,2,8,1,201700000479B01,7,17,1
201700000481,2017-06-08,2017,juin,jeudi,92:0,35,35001,48.13219,-1.51993,1,2,3,1,1,3,2,02,1,-1,,,1,5,1,4,1,64,5,1,2,00,2,1,1,201700000481B01,7,19,1
201700000492,2017-11-21,2017,novembre,mardi,18:36,35,35240,48.10247,-1.75275,1,1,2,3,1,2,3,04,1,1,000,000,1,0,5,3,1,46,1,1,2,01,0,1,0,201700000492B01,17,24,1
201700000515,2017-11-29,2017,novembre,mercredi,15:00,35,35127,47.9233,-1.86426,2,6,3,1,4,4,2,02,1,1,005,025,1,5,1,3,2,64,5,1,2,00,2,8,1,201700000515B01,7,9,1
201700000526,2017-06-07,2017,juin,mercredi,12:40,35,35136,47.94623,-1.51883,1,1,2,1,1,3,2,02,1,1,000,000,1,0,1,3,1,24,5,1,2,00,0,6,2,201700000526B01,10,2,1
201700000529,2017-09-02,2017,septembre,samedi,16:00,35,35335,47.85653,-1.47871,2,4,1,1,1,3,2,02,2,-1,,,1,5,1,3,1,8,5,1,2,00,2,1,16,201700000529B01,7,1,1
201700000539,2017-07-27,2017,juillet,jeudi,84:5,22,22246,48.4776,-2.60427,1,2,3,1,1,3,2,02,1,-1,007,015,1,5,1,3,1,67,5,1,2,00,2,1,1,201700000539B01,7,19,1
201700000555,2017-10-26,2017,octobre,jeudi,15:15,22,22233,48.71561,-3.0856,1,1,1,1,1,3,2,02,2,3,000,065,1,0,1,3,1,64,5,1,2,00,2,1,13,201700000555A01,21,0,1
201700000562,2017-05-25,2017,mai,jeudi,18:30,22,22186,48.58188,-2.4993,1,1,2,1,1,3,2,02,1,1,000,000,1,0,1,3,1,34,5,1,9,00,2,4,15,201700000562B01,7,17,1
201700000568,2017-07-23,2017,juillet,dimanche,92:0,22,22081,48.52374,-2.65627,1,3,3,1,1,4,2,02,2,1,000,030,1,0,0,3,2,48,5,1,2,00,2,1,1,201700000568B01,7,15,1
201700000573,2017-01-04,2017,janvier,mercredi,14:10,22,22171,48.42266,-2.82042,1,1,4,1,1,4,2,02,1,1,000,050,1,0,1,3,1,65,5,1,2,00,2,0,2,201700000573C01,7/ 38,17/0,2
201700000573,2017-01-04,2017,janvier,mercredi,14:10,22,22171,48.42266,-2.82042,1,1,4,1,1,4,2,02,1,1,000,050,1,0,1,4,1,69,5,1,2,00,2,0,2,201700000573D01,7/ 38,17/0,2
201700000573,2017-01-04,2017,janvier,mercredi,14:10,22,22171,48.42266,-2.82042,1,1,4,1,1,4,2,02,1,1,000,050,1,0,1,3,1,71,5,1,2,00,2,0,2,201700000573E01,7/ 38,17/0,2
201700000573,2017-01-04,2017,janvier,mercredi,14:10,22,22171,48.42266,-2.82042,1,1,4,1,1,4,2,02,1,1,000,050,1,0,1,1,1,78,5,1,2,00,2,0,2,201700000573F01,7/ 38,17/0,2
201700000573,2017-01-04,2017,janvier,mercredi,14:10,22,22171,48.42266,-2.82042,1,1,4,1,1,4,2,02,1,1,000,050,1,0,1,3,1,70,5,1,2,00,2,0,2,201700000573G01,7/ 38,17/0,2
201700000604,2017-01-14,2017,janvier,samedi,10:45,22,22282,48.58584,-2.23876,1,2,5,1,7,3,2,02,2,2,006,010,1,5,1,3,1,65,5,1,2,00,2,4,0,201700000604C01,7,1/19,2
201700000607,2017-05-15,2017,mai,lundi,19:40,22,22286,48.52311,-2.38257,1,2,3,1,1,3,2,02,1,,000,060,1,0,1,4,2,42,5,1,2,00,2,8,19,201700000607A01,33,1,1
201700000608,2017-05-18,2017,mai,jeudi,15:15,22,22012,48.58193,-2.44153,1,1,6,1,1,3,2,02,1,1,000,000,1,0,1,3,1,50,5,1,2,00,5,1,1,201700000608A01,,,
201700000611,2017-07-17,2017,juillet,lundi,11:45,22,22143,48.59088,-2.29834,1,1,4,1,1,3,2,02,2,2,000,068,1,0,1,3,1,62,5,1,2,00,0,0,1,201700000611D01,14/ 7,21/1,3
201700000615,2017-02-19,2017,février,dimanche,11:45,22,22070,48.56023,-3.14853,2,3,3,1,1,4,1,01,1,1,,,1,5,1,3,1,68,5,1,2,00,2,1,1,201700000615B01,7,19,1
201700000636,2017-08-14,2017,août,lundi,18:50,22,22353,48.82321,-3.50301,2,3,3,1,1,3,2,02,1,-1,000,010,1,5,1,4,1,51,5,1,2,00,2,1,1,201700000636B01,7,9,1
201700000638,2017-09-17,2017,septembre,dimanche,81:7,22,22198,48.79341,-3.52159,2,1,1,1,1,4,2,02,1,4,000,000,1,0,1,2,1,80,5,1,2,00,2,1,1,201700000638B01,7,13,1
201700000642,2017-02-07,2017,février,mardi,10:50,29,29046,48.09028,-4.33143,2,3,3,1,1,3,2,03,2,-1,409,125,5,,,3,1,58,5,1,2,00,2,1,1,201700000642B01,3,15,1
201700000643,2017-04-17,2017,avril,lundi,19:40,29,29046,48.09595,-4.34127,2,1,6,1,1,4,2,02,1,1,000,000,1,0,1,1,1,15,5,1,9,00,1,2,1,201700000643A01,,,
201700000644,2017-05-23,2017,mai,mardi,12:00,29,29046,48.09314,-4.32892,2,2,3,1,1,4,,,,,,,,,,3,1,64,5,1,2,00,0,7,1,201700000644B01,37,15,1
201700000648,2017-10-04,2017,octobre,mercredi,12:20,29,29046,48.09151,-4.3274,2,2,3,1,1,4,2,,,,,,,,,3,1,41,1,1,2,00,2,1,17,201700000648A01,7,15,1
201700000656,2017-07-23,2017,juillet,dimanche,50:0,29,29006,47.88044,-4.0444,1,3,1,3,1,3,2,02,1,-1,006,510,1,,,3,2,16,5,1,2,00,0,3,1,201700000656B01,7,15,1
201700000660,2017-10-25,2017,octobre,mercredi,18:15,29,29057,47.91419,-4.00061,1,2,3,2,1,4,2,02,,,,,,5,1,4,1,53,5,1,2,00,2,7,1,201700000660A01,7,19,1
201700000675,2017-01-20,2017,janvier,vendredi,16:50,29,29124,48.56222,-4.32601,2,6,3,1,1,3,1,01,1,-1,004,015,1,5,,4,1,70,5,1,2,00,2,1,1,201700000675B01,7,9,1
201700000684,2017-09-02,2017,septembre,samedi,17:30,29,29091,48.637,-4.397,1,3,3,1,1,3,2,02,2,-1,000,010,1,,,3,1,70,5,1,2,00,2,2,1,201700000684B01,7,9,1
201700000694,2017-05-22,2017,mai,lundi,16:25,29,29042,48.27957,-4.52892,1,6,3,1,1,3,1,02,2,-1,000,010,1,0,1,3,1,81,5,1,2,00,2,1,2,201700000694B01,7,9,1
201700000697,2017-08-09,2017,août,mercredi,18:20,29,29256,48.19413,-4.30233,2,1,3,1,2,4,2,02,1,1,000,055,2,0,1,3,1,37,5,1,2,00,2,1,1,201700000697B01,7,15,1
201700000707,2017-02-08,2017,février,mercredi,18:45,56,56007,47.67044,-2.99035,2,6,3,2,1,3,2,02,1,-1,000,015,1,,,3,1,62,5,1,2,00,0,7,1,201700000707B01,7,9,1
201700000714,2017-06-19,2017,juin,lundi,94:0,56,56263,47.7036,-2.9384,1,6,3,1,1,3,-1,02,1,-1,006,010,1,,,3,1,66,5,1,2,00,2,0,1,201700000714B01,7,16,1
201700000719,2017-09-16,2017,septembre,samedi,12:45,56,56046,47.66589,-3.02305,1,6,3,1,8,3,2,02,1,-1,000,010,1,5,1,3,1,41,5,1,9,00,2,0,0,201700000719A01,10,0,1
201700000727,2017-05-27,2017,mai,samedi,20:05,56,56152,47.33373,-3.14804,1,1,1,1,1,4,1,01,4,2,000,034,1,0,1,3,1,16,5,1,2,00,2,6,5,201700000727B01,7,1,1
201700000728,2017-07-19,2017,juillet,mercredi,11:30,56,56114,47.32027,-3.11904,1,1,7,1,1,3,2,02,2,1,000,070,1,0,1,2,2,78,3,1,2,00,0,0,0,201700000728A01,,,
201700000745,2017-04-21,2017,avril,vendredi,14:55,14,14170,49.2645,-0.42113,1,1,2,1,1,3,2,02,1,1,000,000,1,0,1,3,1,66,5,1,2,01,0,1,2,201700000745A01,10,2,1
201700000757,2017-10-14,2017,octobre,samedi,14:10,14,14325,49.29558,-0.29677,2,1,1,1,1,3,2,02,1,1,000,000,1,0,1,2,1,77,5,1,2,00,2,1,13,201700000757A01,7,1,1
201700000794,2017-11-14,2017,novembre,mardi,82:5,14,14498,48.88743,-0.10689,1,1,2,1,1,3,2,02,1,1,000,060,1,0,1,3,2,77,5,1,9,00,2,4,2,201700000794B01,7,2,1
201700000797,2017-01-04,2017,janvier,mercredi,16:15,14,14127,0,0,1,1,5,1,1,3,2,02,4,4,000,048,1,0,1,3,1,52,5,1,2,00,9,1,13,201700000797A01,21/ 7,23/21,2
201700000809,2017-07-08,2017,juillet,samedi,16:20,50,50631,49.30865,-1.14055,1,1,6,1,7,3,2,02,1,1,000,068,1,2,4,2,1,65,5,1,2,12,0,7,1,201700000809A01,,,
201700000812,2017-07-19,2017,juillet,mercredi,12:00,50,50099,49.29915,-1.24551,2,1,1,1,1,4,2,02,2,2,000,049,1,0,1,3,1,13,5,1,2,00,2,1,5,201700000812A01,7,1,1
201700000813,2017-08-16,2017,août,mercredi,21:20,50,50099,49.30179,-1.2623,2,1,7,2,1,9,2,02,1,1,000,070,1,0,3,3,1,51,5,1,2,13,0,1,0,201700000813A01,,,
201700000830,2017-05-16,2017,mai,mardi,80:0,94,94054,48.7303,2.36801,1,1,2,1,1,4,1,01,1,1,000,070,1,6,1,4,1,30,1,1,2,00,2,3,1,201700000830B01,7,14,1
201700000858,2017-07-07,2017,juillet,vendredi,17:15,50,50616,48.63961,-1.35171,1,1,5,1,7,3,2,02,1,1,000,000,1,0,1,4,1,44,5,1,4,00,2,8,2,201700000858B01,7,17,1
201700000858,2017-07-07,2017,juillet,vendredi,17:15,50,50616,48.63961,-1.35171,1,1,5,1,7,3,2,02,1,1,000,000,1,0,1,1,2,45,5,1,4,00,9,8,2,201700000858C01,7,17,1
201700000874,2017-05-20,2017,mai,samedi,11:30,50,50643,49.5723,-1.72763,1,1,2,1,1,3,2,02,1,1,000,046,1,0,1,3,1,11,5,1,2,00,2,4,1,201700000874B01,7,17,1
201700000899,2017-05-05,2017,mai,vendredi,11:05,01,01053,46.20269,5.24528,2,1,7,1,1,3,2,02,1,1,038,150,1,5,1,3,1,41,5,1,2,00,0,0,0,201700000899A01,15,0,1
201700000901,2017-06-08,2017,juin,jeudi,14:55,01,01053,46.20174,5.24205,2,3,3,1,1,4,2,02,1,1,000,154,1,0,1,4,1,44,1,1,2,00,2,1,0,201700000901B01,7,0,1
201700000902,2017-06-08,2017,juin,jeudi,19:55,01,01053,46.21022,5.22149,2,3,3,1,1,3,2,03,1,1,000,000,1,0,1,4,2,23,1,1,2,00,2,2,0,201700000902A01,2,0,1
201700000911,2017-08-05,2017,août,samedi,11:00,01,01053,46.22801,5.22893,2,6,3,1,1,3,2,02,1,1,000,000,1,0,1,4,2,49,5,1,9,00,2,7,21,201700000911B01,7,9,1
201700000917,2017-09-23,2017,septembre,samedi,16:55,01,01053,46.20313,5.23367,2,3,3,1,1,3,1,04,1,1,000,059,1,0,1,2,2,51,3,1,9,00,2,8,19,201700000917B01,7,1,1
201700000948,2017-12-22,2017,décembre,vendredi,14:55,61,61509,48.51485,0.13563,1,1,7,1,1,3,2,02,1,1,000,000,1,0,1,2,1,67,5,1,2,00,0,8,1,201700000948A01,,,
201700000951,2017-02-08,2017,février,mercredi,13:20,44,44204,47.26649,-1.4412,2,6,3,1,1,3,2,02,1,1,,,1,5,1,4,1,35,4,1,4,00,2,1,1,201700000951B01,7,9,1
201700000953,2017-04-11,2017,avril,mardi,15:43,44,44026,47.31355,-1.43832,1,1,3,1,1,4,-1,02,2,-1,000,000,1,0,1,3,1,17,5,1,2,01,2,9,13,201700000953A01,1,17,1
201700000953,2017-04-11,2017,avril,mardi,15:43,44,44026,47.31355,-1.43832,1,1,3,1,1,4,-1,02,2,-1,000,000,1,0,1,3,1,15,5,1,2,00,2,9,17,201700000953B01,1,13,1
201700000975,2017-11-02,2017,novembre,jeudi,81:5,44,44047,47.22036,-1.68841,2,6,3,2,5,4,1,01,1,1,,,1,0,1,3,1,58,1,1,2,00,2,1,1,201700000975A01,7,1,1
201700000990,2017-06-28,2017,juin,mercredi,16:15,44,44195,47.3584,-1.93894,2,1,6,1,1,4,2,02,2,1,000,000,1,0,4,4,1,17,5,1,2,09,0,1,1,201700000990A01,2,1,1
201700001004,2017-12-08,2017,décembre,vendredi,18:10,49,49194,47.47374,-0.29045,1,1,4,3,1,3,2,02,1,1,000,000,1,0,1,3,1,14,2,1,4,00,2,4,1,201700001004C01,7,1,2
201700001008,2017-05-10,2017,mai,mercredi,12:35,49,49162,47.20131,-0.84399,1,1,3,1,1,3,2,02,1,-1,000,067,1,0,1,2,1,84,5,1,2,00,2,3,13,201700001008B01,7,2,1
201700001019,2017-01-11,2017,janvier,mercredi,16:45,49,49332,47.06231,-0.93817,2,1,6,1,1,4,2,02,2,3,000,000,1,0,3,3,1,66,5,1,2,06,0,1,1,201700001019A01,,,
201700001033,2017-05-01,2017,mai,lundi,13:55,49,49179,47.02152,-1.03821,1,1,7,1,2,3,2,02,1,1,000,000,1,0,1,3,1,54,5,1,2,00,6,1,1,201700001033A01,,,
201700001067,2017-03-13,2017,mars,lundi,90:0,72,72154,47.6998,-0.07889,2,1,3,1,1,9,-1,02,1,-1,000,010,1,,,3,2,63,3,1,9,00,2,2,1,201700001067B01,7,16,1
201700001068,2017-03-28,2017,mars,mardi,17:55,72,72154,47.70798,-0.06837,2,6,3,1,1,3,2,02,1,-1,000,015,1,,1,3,1,75,5,1,2,00,0,7,19,201700001068B01,7,19,1
201700001070,2017-05-23,2017,mai,mardi,18:00,72,72154,47.69738,-0.0694,2,1,3,1,1,3,2,02,1,1,000,000,1,0,1,3,1,17,1,1,9,00,2,1,19,201700001070B01,7,1,1
201700001071,2017-07-07,2017,juillet,vendredi,20:00,72,72154,47.69748,-0.07501,2,1,3,1,1,3,2,02,1,1,000,000,1,0,1,3,1,55,5,1,2,00,2,1,13,201700001071A01,7,1,1
201700001088,2017-06-18,2017,juin,dimanche,10:30,72,72244,47.73241,-0.29989,1,1,6,1,1,4,2,02,1,1,000,000,1,0,3,3,1,57,5,1,2,11,0,0,1,201700001088A01,,,
201700001100,2017-08-01,2017,août,mardi,20:50,85,85048,46.91909,-0.95931,2,6,3,1,1,4,2,02,1,-1,005,210,1,,,4,1,10,5,1,2,00,2,4,1,201700001100A01,7,1,1