Num_Acc,date,an,mois,jour,hrmn,dep,com,lat,long,agg,int,col,lum,atm,catr,circ,nbv,prof,plan,lartpc,larrout,surf,infra,situ,grav,sexe,age,trajet,secuexist,equipement,obs,obsm,choc,manv,vehiculeid,typevehicules,manoeuvehicules,numVehicules
201700001117,2017-10-04,2017,octobre,mercredi,17:23,85,85178,46.73458,-1.42197,2,1,3,1,7,4,2,02,1,1,000,000,1,0,1,3,1,69,5,1,2,00,2,8,1,201700001117B01,7,17,1
201700001125,2017-12-09,2017,décembre,samedi,90:0,85,85300,46.69061,-1.51543,2,6,3,1,1,3,2,02,1,-1,007,015,1,,,3,1,57,5,1,2,00,2,5,1,201700001125B01,7,9,1
201700001132,2017-08-06,2017,août,dimanche,11:20,85,85299,46.39978,-0.87003,1,1,2,1,1,3,2,02,1,1,000,069,1,0,1,3,2,52,5,1,4,00,2,4,2,201700001132B01,7,2,1
201700001143,2017-04-21,2017,avril,vendredi,15:20,85,85163,47.00312,-2.23516,2,1,3,1,1,4,2,02,1,1,000,060,1,0,1,3,1,14,5,1,9,00,2,0,2,201700001143A01,7,2,1
201700001147,2017-02-27,2017,février,lundi,74:0,85,85226,46.71802,-1.93982,2,6,3,2,3,3,1,01,1,-1,006,025,1,,,4,1,17,1,1,4,00,2,2,1,201700001147B01,7,13,1
201700001158,2017-08-18,2017,août,vendredi,19:00,85,85035,46.62238,-1.87269,2,1,2,1,1,4,2,02,1,1,000,050,1,0,1,1,1,15,5,1,9,00,2,4,19,201700001158B01,33,13,1
201700001163,2017-05-16,2017,mai,mardi,10:40,33,33029,44.59534,-0.75257,1,3,3,1,1,3,2,03,,,,,,5,0,3,1,64,5,1,2,00,2,8,19,201700001163A01,7,1,1
201700001168,2017-11-14,2017,novembre,mardi,16:15,33,33029,44.6311,-0.79402,1,1,2,1,1,3,2,02,1,-1,000,106,1,0,5,3,1,66,5,1,2,00,0,6,1,201700001168B01,7,14,1
201700001176,2017-04-13,2017,avril,jeudi,80:0,33,33051,44.64189,-0.96875,2,2,3,1,1,4,2,02,1,,000,000,1,0,1,4,2,16,2,1,2,00,2,1,1,201700001176B01,7,16,1
201700001181,2017-08-09,2017,août,mercredi,10:30,33,33051,44.64979,-0.98529,2,2,3,1,1,4,2,02,,1,,,,,,3,1,52,5,1,2,00,2,1,19,201700001181B01,7,0,1
201700001220,2017-09-01,2017,septembre,vendredi,10:15,33,33100,45.13459,-0.63782,1,2,6,1,8,3,2,02,1,-1,000,015,1,,1,3,1,55,5,1,2,00,2,0,1,201700001220B01,7,19,1
201700001225,2017-11-22,2017,novembre,mercredi,14:15,33,33058,45.13609,-0.65227,2,4,3,1,1,4,2,02,,,,,,,,3,1,45,3,1,4,00,2,8,1,201700001225B01,7,17,1
201700001267,2017-08-04,2017,août,vendredi,18:10,33,33474,44.65426,-0.4555,1,1,1,1,1,4,2,02,1,-1,000,037,1,0,1,3,1,56,5,1,2,00,2,1,1,201700001267B01,7,13,1
201700001283,2017-08-29,2017,août,mardi,11:40,33,33238,44.71787,-0.57838,1,1,6,1,1,3,2,02,1,1,061,000,1,0,1,3,1,65,5,1,2,00,9,0,5,201700001283B01,33,13,1
201700001285,2017-10-25,2017,octobre,mercredi,10:50,33,33080,44.74835,-0.53095,2,1,2,1,1,3,2,02,1,1,000,059,1,0,1,4,1,72,5,1,2,00,0,4,2,201700001285B01,7,2,1
201700001309,2017-10-15,2017,octobre,dimanche,12:25,33,33463,44.57722,-0.19346,1,3,1,1,1,4,2,02,,,,,,,,3,1,69,5,1,2,00,2,1,1,201700001309B01,7,15,1
201700001323,2017-04-06,2017,avril,jeudi,15:35,33,33220,45.09551,-0.72645,1,2,3,1,1,3,2,02,2,-1,013,915,1,5,1,3,1,67,5,1,2,00,2,1,1,201700001323A01,7,19,1
201700001355,2017-02-05,2017,février,dimanche,85:0,33,33207,44.91966,-0.35917,2,6,3,1,1,3,2,02,1,1,000,010,1,5,1,4,1,6,5,1,2,00,2,7,19,201700001355B01,7,1,1
201700001374,2017-09-19,2017,septembre,mardi,84:5,33,33362,45.02457,-0.19396,2,3,3,1,1,3,2,02,1,-1,000,010,1,,1,3,2,20,1,1,9,00,2,1,15,201700001374B01,7,1,1
201700001379,2017-01-14,2017,janvier,samedi,12:30,33,33179,44.97812,-0.24874,2,4,3,1,1,4,2,02,4,-1,000,090,1,,,3,1,32,5,1,2,00,2,3,1,201700001379B01,7,5,1
201700001433,2017-02-16,2017,février,jeudi,13:09,64,64230,43.18623,-0.39297,1,1,2,1,1,3,2,03,2,1,000,000,1,0,1,2,1,46,5,1,2,00,0,4,1,201700001433A01,1,1,1
201700001433,2017-02-16,2017,février,jeudi,13:09,64,64230,43.18623,-0.39297,1,1,2,1,1,3,2,03,2,1,000,000,1,0,1,3,1,57,5,1,2,00,2,1,1,201700001433B01,1,1,1
201700001436,2017-04-30,2017,avril,dimanche,11:15,64,64478,43.28001,-0.44035,1,1,1,1,1,3,2,02,2,-1,000,050,1,0,1,3,1,64,0,1,2,00,2,1,0,201700001436B01,30,13,1
201700001438,2017-06-29,2017,juin,jeudi,16:24,64,64219,43.22301,-0.54495,2,1,7,1,1,4,2,02,2,1,000,000,1,0,1,3,1,14,5,1,9,00,0,0,0,201700001438A01,,,
201700001446,2017-06-24,2017,juin,samedi,15:15,64,64422,43.19903,-0.61247,2,1,3,1,1,4,2,02,1,3,000,000,1,0,1,3,2,58,5,1,2,12,2,8,1,201700001446A01,7,17,1
201700001448,2017-08-26,2017,août,samedi,10:30,64,64422,43.19162,-0.62075,2,9,6,1,1,4,2,02,1,-1,000,010,1,,1,4,2,74,3,1,2,00,0,7,1,201700001448B01,7,20,1
201700001455,2017-07-04,2017,juillet,mardi,14:30,64,64430,43.48983,-0.78573,2,6,3,1,1,3,1,02,1,-1,000,010,1,,,4,2,54,1,1,2,00,0,8,2,201700001455B01,7,2,1
201700001501,2017-04-27,2017,avril,jeudi,73:0,17,17051,46.18487,-1.39334,2,4,3,1,1,3,2,02,1,-1,006,057,1,,1,3,1,72,5,1,2,00,2,3,1,201700001501B01,7,15,1
201700001507,2017-07-28,2017,juillet,vendredi,10:00,17,17360,46.15611,-1.3304,2,2,3,1,1,4,1,01,,,,030,,0,1,3,1,58,5,1,9,00,2,2,1,201700001507B01,2,1,1
201700001508,2017-08-15,2017,août,mardi,17:15,17,17121,46.19677,-1.42684,1,1,7,1,1,4,2,02,1,1,000,049,1,0,3,3,2,49,5,1,2,00,0,0,19,201700001508A01,,,
201700001522,2017-05-25,2017,mai,jeudi,15:00,17,17058,45.84649,-1.15777,2,9,1,1,1,4,2,02,1,-1,006,310,1,,,4,1,13,5,1,2,00,2,8,19,201700001522A01,7,1,1
201700001562,2017-01-21,2017,janvier,samedi,16:45,17,17228,45.63612,-0.93242,1,2,3,1,1,4,2,02,1,-1,005,010,1,,,4,1,70,5,1,2,00,2,7,1,201700001562A01,7,19,1
201700001608,2017-02-04,2017,février,samedi,19:04,31,31438,43.64225,1.15961,1,1,2,2,3,2,2,02,1,1,000,080,2,0,1,3,1,46,5,1,2,00,0,4,2,201700001608B01,7,2,1
201700001638,2017-04-29,2017,avril,samedi,10:55,31,31381,43.45497,1.5831,2,3,3,1,1,3,2,02,-1,1,,,1,0,1,3,1,30,5,1,2,00,2,1,1,201700001638B01,7,15,1
201700001640,2017-06-22,2017,juin,jeudi,23:25,31,31366,43.46177,1.50758,1,1,5,3,1,3,2,02,1,1,000,060,1,0,1,4,1,48,5,1,4,00,5,1,14,201700001640B01,7,14,1
201700001640,2017-06-22,2017,juin,jeudi,23:25,31,31366,43.46177,1.50758,1,1,5,3,1,3,2,02,1,1,000,060,1,0,1,3,2,33,5,1,4,00,0,0,5,201700001640C01,7,14,1
201700001640,2017-06-22,2017,juin,jeudi,23:25,31,31366,43.46177,1.50758,1,1,5,3,1,3,2,02,1,1,000,060,1,0,1,1,2,12,5,1,4,00,0,0,5,201700001640D01,7,14,1
201700001640,2017-06-22,2017,juin,jeudi,23:25,31,31366,43.46177,1.50758,1,1,5,3,1,3,2,02,1,1,000,060,1,0,1,1,2,33,5,1,4,00,2,7,5,201700001640E01,7,14,1
201700001648,2017-11-01,2017,novembre,mercredi,12:05,09,09269,42.98428,1.54883,1,1,7,1,1,3,2,02,2,1,000,035,1,0,1,3,1,62,5,1,2,00,0,0,1,201700001648A01,,,
201700001655,2017-03-31,2017,mars,vendredi,17:10,09,09160,42.93388,1.84927,2,1,6,1,1,3,2,02,1,1,000,000,1,0,1,4,1,68,5,1,2,00,1,1,17,201700001655A01,,,
201700001664,2017-01-26,2017,janvier,jeudi,15:45,09,09217,42.81887,1.59117,1,1,3,1,1,3,2,02,2,-1,006,610,1,,,3,1,52,1,1,2,00,2,8,9,201700001664A01,7,1,1
201700001671,2017-04-18,2017,avril,mardi,16:30,09,09303,42.8588,1.57679,2,1,6,1,1,3,2,02,2,3,000,050,1,0,3,3,1,34,5,1,2,06,0,1,1,201700001671A01,,,
201700001679,2017-12-21,2017,décembre,jeudi,11:05,09,09194,43.08859,1.87016,2,1,7,1,8,4,2,02,1,1,000,058,1,0,4,2,1,87,3,1,9,15,0,1,1,201700001679A01,,,
201700001682,2017-02-21,2017,février,mardi,16:30,09,09185,43.24727,1.68073,2,1,3,1,1,3,2,02,1,-1,006,410,1,,1,3,1,83,3,1,2,00,2,0,1,201700001682B01,7,1,1
201700001698,2017-01-01,2017,janvier,dimanche,14:00,09,09235,43.02968,1.02613,2,1,3,1,1,4,2,00,1,1,000,045,1,0,1,2,1,88,5,1,2,00,2,1,15,201700001698B02,10,1,1
201700001702,2017-04-03,2017,avril,lundi,18:45,02,02168,49.04939,3.37994,2,1,3,1,1,4,2,02,2,2,000,065,1,0,1,3,1,70,5,1,2,00,2,1,13,201700001702A01,7,0,1
201700001710,2017-08-04,2017,août,vendredi,83:0,32,32307,43.611,0.59512,2,3,3,2,1,4,2,02,1,-1,006,110,1,0,0,3,2,50,5,1,2,00,2,1,1,201700001710B01,7,15,1
201700001727,2017-06-10,2017,juin,samedi,14:40,65,65078,43.03253,0.16607,1,1,3,1,1,3,2,02,1,1,000,000,1,0,1,3,1,68,5,1,2,00,2,8,2,201700001727B01,7,2,1
201700001731,2017-06-24,2017,juin,samedi,18:15,65,65123,42.93621,0.20868,1,1,6,1,2,3,2,02,2,-1,000,000,2,0,3,4,1,56,5,1,2,04,0,7,1,201700001731A01,,,
201700001735,2017-07-27,2017,juillet,jeudi,19:00,65,65059,43.06662,0.14895,2,1,2,1,1,4,2,02,1,-1,006,415,1,,,4,1,34,5,1,2,00,2,1,2,201700001735A01,7,2,1
201700001738,2017-08-29,2017,août,mardi,18:30,65,65059,42.91379,0.18662,1,9,6,1,5,3,2,02,2,-1,006,011,1,,,4,1,16,5,1,2,06,0,1,1,201700001738A01,,,
201700001739,2017-09-10,2017,septembre,dimanche,10:20,65,65059,43.05914,0.14759,2,1,7,1,1,4,2,02,1,1,000,000,2,0,1,4,1,13,5,1,2,00,0,1,0,201700001739A01,,,
201700001753,2017-05-28,2017,mai,dimanche,20:50,81,81105,43.7556,1.97183,2,1,7,2,1,4,2,02,2,3,000,000,1,0,0,3,1,20,5,1,2,00,0,0,1,201700001753A01,,,
201700001777,2017-02-24,2017,février,vendredi,30:0,69,69089,45.74735,4.77716,2,1,7,5,1,4,2,02,4,1,000,000,1,0,4,3,1,36,0,1,2,12,0,1,0,201700001777A01,,,
201700001837,2017-02-25,2017,février,samedi,15:45,69,69116,45.84243,4.78451,1,1,3,1,1,3,2,02,2,3,000,000,1,0,1,3,1,68,5,1,2,00,2,1,1,201700001837B01,7,13,1
201700001854,2017-01-30,2017,janvier,lundi,85:0,69,69003,45.85455,4.83079,2,3,3,1,1,4,2,02,1,,000,040,2,0,0,4,1,46,0,1,4,00,2,7,16,201700001854B01,7,15,1
201700001856,2017-02-25,2017,février,samedi,15:10,69,69233,45.83629,4.82271,2,1,3,1,1,4,2,02,2,-1,000,010,1,,,3,1,22,5,1,2,00,2,1,1,201700001856B01,7,15,1
201700001857,2017-02-23,2017,février,jeudi,15:45,69,69207,45.88004,4.80747,2,9,3,1,1,4,2,02,1,-1,000,010,1,,,4,1,7,5,1,2,00,0,2,19,201700001857B01,7,1,1
201700001858,2017-03-25,2017,mars,samedi,14:30,69,69163,45.93197,4.7659,1,1,2,1,9,3,2,02,1,-1,000,010,1,,,4,2,29,5,1,2,00,2,5,1,201700001858B01,7,1,1
201700001873,2017-06-08,2017,juin,jeudi,13:45,69,69207,45.88936,4.80575,2,6,3,1,1,3,2,02,1,-1,006,115,1,,,3,1,16,5,1,2,00,2,7,1,201700001873B01,7,1,1
201700001878,2017-07-07,2017,juillet,vendredi,19:25,69,69163,45.90943,4.79173,1,1,2,1,7,3,2,02,1,1,000,000,1,0,5,3,1,57,5,1,2,01,0,1,2,201700001878B01,7,0,1
201700001888,2017-12-05,2017,décembre,mardi,16:15,69,69085,45.86293,4.84934,2,1,7,1,1,4,2,02,1,1,000,000,1,0,1,3,1,66,5,1,2,14,0,1,1,201700001888A01,,,
201700001899,2017-03-05,2017,mars,dimanche,10:55,69,69287,45.68443,5.02529,2,6,1,1,1,4,1,01,1,-1,000,015,1,,,3,1,53,5,1,4,00,2,1,1,201700001899B01,7,1,1
201700001928,2017-09-14,2017,septembre,jeudi,18:50,69,69057,45.76961,4.59785,1,1,6,1,1,3,2,02,2,4,000,000,9,0,1,2,1,63,0,1,2,00,2,0,19,201700001928A01,7,1,1
201700001947,2017-04-09,2017,avril,dimanche,11:55,69,69249,45.68528,4.63782,1,1,6,1,1,3,2,02,2,1,000,060,1,0,1,4,1,52,5,1,2,00,2,8,1,201700001947B01,7,17,1
201700001954,2017-11-11,2017,novembre,samedi,12:00,69,69154,45.75596,4.63219,1,1,7,1,8,3,2,02,2,3,000,000,2,0,1,3,1,33,5,1,2,00,0,8,1,201700001954A01,,,
201700001965,2017-07-24,2017,juillet,lundi,17:40,69,69296,45.64312,4.81807,2,1,3,1,1,3,2,02,2,-1,007,015,1,,,4,1,51,5,1,2,00,2,1,3,201700001965B01,7,15,1
201700001973,2017-04-14,2017,avril,vendredi,15:30,69,69179,45.60387,4.69083,1,3,3,1,1,3,,,,,,,,,,2,1,71,5,1,2,00,2,3,15,201700001973B01,7,1,1
201700001995,2017-08-21,2017,août,lundi,10:10,69,69121,45.85685,4.66918,2,1,3,1,7,3,2,02,2,-1,000,010,1,,,3,1,59,5,1,2,00,2,8,1,201700001995B01,7,15,1
201700002015,2017-10-31,2017,octobre,mardi,14:50,69,69242,46.11452,4.75216,2,6,3,1,7,3,2,02,1,-1,000,010,1,,,4,1,57,5,1,2,00,2,8,15,201700002015B01,10,16,1
201700002036,2017-02-25,2017,février,samedi,16:50,69,69157,45.87695,4.49928,2,1,1,1,1,4,2,02,1,-1,000,010,1,,,3,2,8,5,1,9,00,2,1,19,201700002036B01,7,1,1
201700002054,2017-04-24,2017,avril,lundi,14:30,69,69160,46.16718,4.44152,1,6,3,1,1,3,2,02,1,-1,008,815,1,,,3,1,84,5,1,2,00,2,5,0,201700002054B01,7,0,1
201700002086,2017-06-18,2017,juin,dimanche,18:45,01,01249,45.8228,4.94996,2,1,1,1,1,3,2,02,1,1,000,070,1,0,1,4,1,30,5,1,2,00,2,1,1,201700002086A01,7,15,1
201700002093,2017-11-20,2017,novembre,lundi,14:50,01,01376,45.83012,4.98086,2,1,3,1,1,3,3,02,1,1,024,105,1,0,1,3,2,32,1,1,9,00,2,8,13,201700002093B01,7,1,1
201700002119,2017-07-26,2017,juillet,mercredi,20:10,07,07322,44.6749,4.2124,1,1,6,2,1,4,2,02,2,3,000,000,1,0,1,3,2,41,5,1,9,00,2,3,16,201700002119A01,,,
201700002120,2017-07-27,2017,juillet,jeudi,11:30,07,07203,44.7892,4.22567,2,1,7,1,1,4,2,02,2,-1,000,000,1,0,1,2,1,73,5,1,2,00,0,0,1,201700002120A01,,,
201700002137,2017-08-01,2017,août,mardi,11:30,07,07323,44.89074,4.78648,1,1,7,1,1,3,2,02,2,3,000,050,1,0,1,3,1,61,5,1,2,00,0,2,1,201700002137A01,,,
201700002138,2017-08-12,2017,août,samedi,11:20,07,07324,45.05433,4.83891,2,1,3,1,1,4,2,02,1,-1,507,015,1,,,3,1,20,3,1,9,00,2,3,19,201700002138A01,7,1,1
201700002155,2017-08-27,2017,août,dimanche,93:3,26,26196,0,0,2,3,3,1,7,3,3,02,4,-1,006,510,1,0,1,4,1,74,5,1,2,00,2,1,1,201700002155B01,7,15,1
201700002169,2017-07-21,2017,juillet,vendredi,22:15,26,26085,0,0,1,1,2,3,1,3,2,02,1,1,000,000,1,0,3,3,1,64,5,1,9,00,2,4,1,201700002169B01,7,17,1
201700002190,2017-07-04,2017,juillet,mardi,19:00,26,26220,44.37371,5.12729,1,1,1,1,1,9,2,02,2,2,000,020,1,0,1,4,1,45,5,1,2,00,2,1,1,201700002190B01,7,1,1
201700002215,2017-03-07,2017,mars,mardi,17:40,26,26004,45.00761,5.01352,1,1,3,1,1,4,2,02,1,1,000,000,1,0,1,3,1,80,5,1,2,00,2,8,2,201700002215B01,7,2,1
201700002243,2017-07-18,2017,juillet,mardi,18:40,26,26038,0,0,1,1,1,1,1,3,2,02,1,1,000,073,1,0,3,3,1,57,5,1,2,01,0,1,1,201700002243B01,7,23,1
201700002247,2017-09-09,2017,septembre,samedi,94:5,26,26038,0,0,1,1,3,1,2,3,2,02,1,-1,000,000,2,0,1,1,2,31,5,1,2,00,2,8,15,201700002247A01,33,1,1
201700002259,2017-05-28,2017,mai,dimanche,93:0,02,02722,49.37616,3.32953,2,6,1,1,1,4,1,01,1,2,210,100,1,0,1,3,1,75,5,1,2,00,2,0,15,201700002259B01,7,9,1
201700002262,2017-02-01,2017,février,mercredi,75:0,02,02722,49.3732,3.34343,2,3,6,2,5,4,1,02,4,2,000,059,2,0,1,4,1,53,1,1,2,00,2,7,1,201700002262B01,7,9,1
201700002265,2017-03-28,2017,mars,mardi,18:15,38,38309,45.15729,5.7568,2,1,3,1,1,3,2,02,1,-1,090,000,1,0,1,4,1,73,0,1,2,00,2,8,19,201700002265B01,7,1,1
201700002266,2017-04-19,2017,avril,mercredi,84:5,38,38158,45.15241,5.74828,2,2,3,1,1,3,2,02,1,-1,000,010,1,,,4,1,27,1,1,9,00,2,1,1,201700002266B01,14,15,1
201700002267,2017-04-20,2017,avril,jeudi,17:50,38,38158,45.15936,5.74515,2,1,2,1,1,3,2,02,1,1,010,070,1,0,1,3,1,82,5,1,2,00,0,4,1,201700002267A01,7,17,1
201700002274,2017-02-16,2017,février,jeudi,84:5,38,38382,45.23334,5.69213,2,1,1,1,1,4,2,02,1,1,000,066,1,0,0,3,1,13,2,1,2,01,0,1,2,201700002274B01,7,22,1
201700002275,2017-03-03,2017,mars,vendredi,10:08,38,38382,45.23434,5.67054,2,4,1,1,1,4,,,2,-1,,,5,,,4,1,67,5,1,2,00,9,1,1,201700002275A01,1,1,1
201700002275,2017-03-03,2017,mars,vendredi,10:08,38,38382,45.23434,5.67054,2,4,1,1,1,4,,,2,-1,,,5,,,4,1,25,5,1,2,00,9,1,1,201700002275B01,1,1,1
201700002276,2017-04-05,2017,avril,mercredi,18:05,38,38382,45.23707,5.68004,2,3,3,1,1,4,,,,,,,1,,,3,2,74,5,1,2,00,2,1,1,201700002276B01,7,1,1
201700002282,2017-09-16,2017,septembre,samedi,12:40,38,38382,45.24025,5.68282,2,1,2,1,1,3,2,02,2,1,000,000,1,0,1,4,1,50,5,1,2,00,2,1,2,201700002282B01,7,23,1
201700002288,2017-05-31,2017,mai,mercredi,14:38,38,38376,45.43744,5.77648,1,1,3,1,1,3,2,02,2,4,000,000,1,0,1,3,1,15,5,1,2,00,2,8,13,201700002288A01,7,1,1
201700002295,2017-03-10,2017,mars,vendredi,16:50,38,38540,45.26395,5.58593,1,1,7,1,1,3,2,02,2,2,000,000,1,0,1,3,1,51,5,1,2,03,0,1,1,201700002295A01,,,
201700002297,2017-04-23,2017,avril,dimanche,16:30,38,38540,45.26989,5.61777,2,1,2,1,1,3,2,02,2,3,000,060,1,0,1,4,1,38,5,1,2,00,2,1,2,201700002297A01,7,2,1
201700002305,2017-10-25,2017,octobre,mercredi,11:00,38,38474,45.21939,5.66905,1,1,5,1,1,9,2,02,1,-1,033,033,1,0,5,1,1,63,5,1,2,00,0,8,1,201700002305A01,1,1,2
201700002305,2017-10-25,2017,octobre,mercredi,11:00,38,38474,45.21939,5.66905,1,1,5,1,1,9,2,02,1,-1,033,033,1,0,5,4,1,56,5,1,2,00,0,3,1,201700002305B01,1,1,2
201700002305,2017-10-25,2017,octobre,mercredi,11:00,38,38474,45.21939,5.66905,1,1,5,1,1,9,2,02,1,-1,033,033,1,0,5,2,1,83,5,1,2,00,2,1,1,201700002305C01,1,1,2
201700002313,2017-06-10,2017,juin,samedi,10:35,38,38545,45.04125,5.67184,2,3,3,1,1,3,2,02,4,1,700,013,1,,,3,1,69,5,1,2,00,2,1,1,201700002313B01,7,15,1
201700002316,2017-08-17,2017,août,jeudi,94:5,38,38545,45.04841,5.66844,2,1,6,1,1,3,2,02,4,3,000,000,1,0,1,4,1,41,5,1,2,00,5,1,1,201700002316A01,,,
201700002320,2017-10-06,2017,octobre,vendredi,18:20,38,38187,44.99569,5.62727,1,1,2,1,6,3,2,02,2,1,000,055,1,0,1,3,1,12,5,1,2,00,2,4,13,201700002320B01,10,17,1
201700002321,2017-10-17,2017,octobre,mardi,18:45,38,38545,45.03067,5.66463,1,3,3,2,1,3,2,02,2,-1,000,010,1,,,4,1,30,5,1,2,00,2,8,1,201700002321B01,7,15,1
201700002325,2017-03-15,2017,mars,mercredi,18:15,38,38225,45.12258,5.53062,1,3,3,1,1,3,2,02,2,-1,000,015,1,,,3,1,17,2,1,2,00,2,1,19,201700002325B01,7,1,1
201700002328,2017-06-02,2017,juin,vendredi,90:0,38,38548,45.07661,5.53701,1,1,6,1,1,3,2,02,1,3,000,000,1,0,1,4,1,72,5,1,2,00,5,1,1,201700002328A01,,,
201700002331,2017-07-08,2017,juillet,samedi,94:5,38,38548,45.07485,5.49174,1,1,6,1,1,3,2,02,2,1,000,000,1,0,3,3,1,54,5,1,2,14,0,1,1,201700002331A01,,,
201700002335,2017-01-05,2017,janvier,jeudi,15:40,02,02212,49.63776,3.2699,1,1,3,1,7,4,2,02,1,-1,010,072,2,0,1,2,1,70,5,1,9,00,2,0,0,201700002335B01,7,1,1
201700002340,2017-05-10,2017,mai,mercredi,12:36,02,02304,49.6598,3.3795,2,1,7,1,1,4,2,02,1,-1,000,145,1,0,1,4,1,15,2,1,9,00,0,0,0,201700002340A01,,,
201700002343,2017-07-06,2017,juillet,jeudi,14:35,02,02059,49.65907,3.34609,2,3,6,1,1,4,2,02,1,1,000,068,1,0,1,4,1,35,5,1,2,00,0,8,2,201700002343B01,7,16,1
201700002347,2017-09-26,2017,septembre,mardi,17:55,02,02212,49.63151,3.28076,2,1,7,1,1,3,2,02,1,1,000,060,1,0,4,4,1,15,0,1,9,00,0,0,1,201700002347A01,,,
201700002353,2017-03-11,2017,mars,samedi,18:45,38,38170,45.24669,5.66295,2,1,2,3,1,4,2,02,1,2,000,000,1,0,1,3,1,79,5,1,4,00,2,4,1,201700002353B01,7,1,1
201700002354,2017-03-16,2017,mars,jeudi,16:25,38,38565,45.29849,5.62823,1,1,3,1,1,3,3,05,1,-1,000,000,1,0,1,3,1,69,5,1,2,00,2,3,1,201700002354B01,7,1,1
201700002357,2017-04-22,2017,avril,samedi,19:15,38,38170,45.25781,5.66176,2,1,6,1,1,4,1,01,2,3,000,000,1,0,1,3,1,16,5,1,9,05,0,1,0,201700002357A01,,,
201700002362,2017-08-09,2017,août,mercredi,83:0,38,38565,45.29587,5.63772,2,1,6,1,1,3,2,02,2,3,000,072,1,0,1,4,1,60,5,1,2,00,1,3,1,201700002362A01,,,
201700002366,2017-01-11,2017,janvier,mercredi,14:35,38,38562,45.08054,5.77415,2,3,3,1,1,3,2,02,2,-1,007,625,1,,,3,1,38,5,1,2,00,2,1,16,201700002366B01,7,1,1
201700002370,2017-03-25,2017,mars,samedi,15:00,38,38059,45.13542,5.77149,2,6,3,1,3,3,2,02,2,-1,008,025,1,5,,4,1,72,5,1,2,00,2,1,1,201700002370B01,7,1,1
201700002374,2017-05-29,2017,mai,lundi,11:15,38,38402,45.01228,5.76237,1,1,7,1,1,3,2,02,1,1,000,070,1,0,1,3,1,50,5,1,2,00,0,0,1,201700002374A01,,,
201700002375,2017-06-15,2017,juin,jeudi,20:00,38,38562,45.08154,5.77016,2,1,7,2,1,3,2,02,1,-1,000,000,1,0,5,3,1,13,5,1,2,00,0,0,1,201700002375A01,,,
201700002376,2017-06-21,2017,juin,mercredi,70:7,38,38068,45.10225,5.71401,1,6,3,1,1,2,2,02,1,-1,017,015,1,5,1,2,1,76,5,1,2,00,2,7,1,201700002376B01,10,2,1
201700002385,2017-09-06,2017,septembre,mercredi,16:00,38,38562,45.0685,5.7622,1,9,3,1,1,3,3,04,1,-1,000,013,1,,,4,1,56,5,1,2,00,2,7,1,201700002385B01,7,9,1
201700002389,2017-10-05,2017,octobre,jeudi,14:21,38,38200,45.08673,5.74151,2,3,3,1,1,4,2,02,1,-1,000,015,1,,,3,1,24,5,1,2,00,2,1,1,201700002389B01,7,16,1
201700002428,2017-01-04,2017,janvier,mercredi,10:50,44,44035,47.27634,-1.54796,1,6,3,1,1,3,2,02,3,1,000,010,1,5,1,4,1,53,4,1,2,00,2,0,16,201700002428B01,7,1,1
201700002433,2017-04-27,2017,avril,jeudi,10:10,44,44035,47.28193,-1.56002,2,6,3,1,7,4,2,02,1,-1,000,015,1,,,3,2,63,3,1,2,00,2,8,15,201700002433B01,7,2,1
201700002435,2017-06-02,2017,juin,vendredi,10:10,44,44035,47.2955,-1.55497,2,6,2,1,1,3,1,02,1,-1,007,510,1,5,1,3,2,66,5,1,2,00,0,4,1,201700002435B01,7,2,1
201700002442,2017-03-27,2017,mars,lundi,18:45,38,38110,45.58934,4.86093,1,1,1,1,1,2,2,03,2,-1,000,010,1,,,4,1,55,5,1,2,00,2,3,15,201700002442B01,7,1,1
201700002455,2017-08-25,2017,août,vendredi,16:27,38,38507,45.75179,5.19578,2,1,3,1,7,3,2,02,1,1,000,000,1,5,1,3,1,9,5,1,2,00,2,8,19,201700002455B01,7,1,1
201700002510,2017-07-29,2017,juillet,samedi,11:38,42,42328,45.57162,3.98199,1,1,2,1,7,3,2,02,2,4,000,064,1,0,1,4,1,67,5,1,2,00,9,4,1,201700002510B01,7,2,1
201700002527,2017-04-22,2017,avril,samedi,19:30,42,42211,45.53373,4.23266,2,1,3,1,1,3,2,02,1,1,000,000,1,0,1,3,1,43,0,1,9,00,2,0,1,201700002527A01,10,0,1
201700002541,2017-02-15,2017,février,mercredi,22:10,42,42168,45.42179,4.67374,2,1,7,5,1,3,2,02,1,1,000,000,1,0,1,3,1,32,5,1,2,00,0,0,1,201700002541A01,,,
201700002548,2017-05-24,2017,mai,mercredi,85:5,42,42168,45.41638,4.67484,2,4,3,1,1,3,2,02,2,-1,010,010,1,,,3,1,67,5,1,2,00,2,7,2,201700002548B01,7,19,1