Num_Acc,date,an,mois,jour,hrmn,dep,com,lat,long,agg,int,col,lum,atm,catr,circ,nbv,prof,plan,lartpc,larrout,surf,infra,situ,grav,sexe,age,trajet,secuexist,equipement,obs,obsm,choc,manv,vehiculeid,typevehicules,manoeuvehicules,numVehicules
201700002567,2017-03-27,2017,mars,lundi,14:00,73,73328,45.64811,5.89163,1,1,3,1,1,3,2,02,1,1,000,000,1,0,5,3,1,62,5,1,2,00,0,7,17,201700002567A01,1,0,1
201700002567,2017-03-27,2017,mars,lundi,14:00,73,73328,45.64811,5.89163,1,1,3,1,1,3,2,02,1,1,000,000,1,0,5,1,1,41,5,1,2,00,0,8,0,201700002567B01,1,17,1
201700002573,2017-12-13,2017,décembre,mercredi,14:10,73,73328,45.64278,5.91082,1,6,3,1,1,3,2,02,1,-1,000,025,1,0,1,3,1,41,5,1,2,00,2,1,1,201700002573B01,7,16,1
201700002574,2017-01-26,2017,janvier,jeudi,22:40,73,73243,45.59362,6.0062,1,1,1,3,1,3,2,02,2,4,000,068,1,0,1,2,1,42,5,1,9,00,2,1,1,201700002574B01,7,13,1
201700002579,2017-10-06,2017,octobre,vendredi,14:44,73,73213,45.55362,5.95424,2,8,1,1,1,4,2,02,1,-1,000,014,5,4,,2,1,80,5,1,9,00,4,7,1,201700002579A01,39,1,1
201700002581,2017-11-30,2017,novembre,jeudi,21:40,73,73064,45.55185,5.98187,2,1,2,5,2,3,2,02,1,1,000,060,2,0,1,2,1,47,5,1,2,00,2,4,1,201700002581B01,7,1,1
201700002604,2017-08-05,2017,août,samedi,10:45,73,73034,45.688,6.58675,1,1,3,1,1,4,2,02,2,4,000,052,1,0,1,3,2,25,5,1,2,00,2,1,1,201700002604B01,7,1,1
201700002612,2017-07-01,2017,juillet,samedi,11:20,73,73176,45.60768,6.84479,1,1,5,1,8,3,2,02,1,1,000,071,1,0,1,3,1,54,5,1,2,00,2,8,2,201700002612B01,7,17,1
201700002612,2017-07-01,2017,juillet,samedi,11:20,73,73176,45.60768,6.84479,1,1,5,1,8,3,2,02,1,1,000,071,1,0,1,1,1,44,5,1,2,00,2,8,2,201700002612C01,7,17,1
201700002645,2017-08-03,2017,août,jeudi,13:20,73,73306,45.09919,6.42894,1,1,6,1,1,3,2,02,2,4,000,000,1,0,1,3,1,20,5,1,2,00,2,8,3,201700002645A01,7,1,1
201700002647,2017-09-21,2017,septembre,jeudi,16:00,73,73013,45.19686,6.33241,1,1,3,1,1,3,2,02,1,1,000,058,1,0,1,3,2,59,5,1,2,00,2,1,2,201700002647A01,1,10,1
201700002647,2017-09-21,2017,septembre,jeudi,16:00,73,73013,45.19686,6.33241,1,1,3,1,1,3,2,02,1,1,000,058,1,0,1,1,1,67,5,1,2,00,2,8,10,201700002647B01,1,2,1
201700002654,2017-05-20,2017,mai,samedi,17:00,73,73157,45.19438,6.66,2,1,3,1,1,3,2,02,1,1,000,000,1,0,1,3,1,43,1,1,2,00,2,8,1,201700002654B01,10,1,1
201700002656,2017-07-05,2017,juillet,mercredi,94:5,73,73023,45.21672,6.75384,1,1,3,1,1,3,2,02,1,3,000,000,1,0,1,3,1,65,5,1,2,00,2,8,2,201700002656B01,7,17,1
201700002657,2017-07-17,2017,juillet,lundi,10:25,73,73223,45.20488,6.62982,1,1,7,1,1,3,2,02,2,2,000,069,1,0,3,2,1,68,5,1,2,00,0,0,1,201700002657A01,,,
201700002666,2017-07-31,2017,juillet,lundi,12:30,74,74080,45.90606,6.42742,2,1,5,1,1,3,2,02,2,1,000,076,1,0,1,3,1,32,5,1,2,00,2,1,0,201700002666C01,7,19,1
201700002666,2017-07-31,2017,juillet,lundi,12:30,74,74080,45.90606,6.42742,2,1,5,1,1,3,2,02,2,1,000,076,1,0,1,3,1,67,5,1,2,00,2,1,18,201700002666B01,7,19,1
201700002671,2017-11-01,2017,novembre,mercredi,16:05,74,74136,45.94005,6.42629,1,1,1,1,1,4,2,02,2,2,000,070,1,0,1,3,1,12,5,1,2,00,2,1,1,201700002671B01,3,1,1
201700002691,2017-09-27,2017,septembre,mercredi,17:05,74,74143,45.89375,6.78408,2,1,2,1,1,4,2,02,1,3,000,000,1,0,1,3,2,74,5,1,2,00,2,3,1,201700002691B01,37,17,1
201700002694,2017-04-09,2017,avril,dimanche,80:0,74,74250,46.05964,6.36854,2,3,3,1,1,3,2,02,1,-1,005,810,1,0,1,3,1,61,3,1,9,00,2,8,1,201700002694B01,7,15,1
201700002706,2017-06-17,2017,juin,samedi,18:30,74,74016,46.12151,6.14083,1,1,2,1,1,3,-1,02,2,1,000,045,1,0,1,3,1,45,5,1,2,00,0,4,1,201700002706A01,7,17,1
201700002710,2017-12-13,2017,décembre,mercredi,20:15,74,74031,46.10409,6.10504,1,1,2,3,3,3,2,02,1,-1,000,000,2,0,1,3,1,45,1,1,2,00,2,4,1,201700002710B01,7,1,1
201700002714,2017-05-13,2017,mai,samedi,90:0,74,74220,46.12633,6.24434,2,1,1,1,1,4,2,02,2,-1,005,010,1,0,1,3,1,59,5,1,2,00,2,1,13,201700002714B01,7,1,1
201700002718,2017-06-04,2017,juin,dimanche,17:00,74,74145,46.22142,6.29429,2,2,3,1,1,4,2,02,1,1,,,1,0,1,3,1,42,5,1,2,00,2,1,1,201700002718B01,7,1,1
201700002722,2017-08-30,2017,août,mercredi,15:20,74,74040,46.1682,6.3207,2,3,1,1,8,3,2,02,4,-1,000,010,1,0,1,3,1,75,5,1,2,00,2,1,1,201700002722B01,7,15,1
201700002746,2017-05-17,2017,mai,mercredi,17:15,74,74154,46.40573,6.64881,1,1,2,1,1,3,2,01,1,-1,000,000,1,0,1,3,1,52,5,1,2,00,2,4,2,201700002746B01,7,17,1
201700002751,2017-04-14,2017,avril,vendredi,52:5,63,63307,0,0,1,1,4,3,1,3,2,03,2,1,000,067,1,0,1,3,1,47,1,1,4,00,2,8,1,201700002751C01,7/ 14,13/1,2
201700002753,2017-06-05,2017,juin,lundi,19:24,63,63263,45.77984,3.01285,2,9,1,1,1,4,2,02,2,-1,005,010,1,,,4,1,44,5,1,9,00,2,2,21,201700002753A01,7,4,1
201700002756,2017-03-14,2017,mars,mardi,12:30,63,63263,45.79003,3.02119,2,1,1,1,1,3,2,02,2,3,000,048,1,0,1,3,1,38,5,1,2,00,2,7,13,201700002756B01,7,21,1
201700002759,2017-04-23,2017,avril,dimanche,18:15,63,63254,45.81678,3.05618,1,2,3,1,1,3,,,,,,,,,,3,1,14,5,1,9,00,2,1,19,201700002759A01,7,1,1
201700002760,2017-06-05,2017,juin,lundi,17:50,63,63263,45.79746,2.99268,2,1,2,1,1,3,2,02,1,1,000,088,1,0,1,3,1,45,0,1,2,00,2,4,2,201700002760B01,7,2,1
201700002764,2017-06-12,2017,juin,lundi,12:00,63,63213,45.83911,3.2705,2,5,3,1,1,3,4,03,1,-1,000,015,1,,,4,1,26,4,1,2,00,2,2,1,201700002764B01,7,15,1
201700002775,2017-02-19,2017,février,dimanche,17:30,03,03085,46.54545,3.22904,1,1,3,1,1,3,2,02,1,1,000,064,1,0,1,4,1,47,5,1,9,00,2,3,2,201700002775B01,7,2,1
201700002777,2017-06-08,2017,juin,jeudi,17:30,03,03121,46.6165,3.3679,1,1,3,1,7,3,2,02,1,1,000,061,1,0,1,2,1,53,5,1,2,00,2,4,2,201700002777B01,7,2,1
201700002791,2017-06-10,2017,juin,samedi,10:10,03,03300,46.44648,3.63005,2,1,1,1,7,3,2,02,1,1,000,078,1,0,1,4,1,75,0,1,2,00,2,3,1,201700002791B01,7,15,1
201700002832,2017-01-06,2017,janvier,vendredi,14:00,03,03101,0,0,1,1,6,1,1,3,2,02,3,1,000,070,1,0,1,3,1,67,5,1,2,00,0,0,0,201700002832B01,7,17,1
201700002844,2017-03-28,2017,mars,mardi,15:25,03,03185,46.34761,2.60258,2,6,6,1,1,4,1,01,1,3,000,000,1,0,1,3,1,66,0,1,2,00,9,0,15,201700002844B01,7,16,1
201700002853,2017-06-15,2017,juin,jeudi,18:00,03,03185,46.35236,2.59068,2,4,3,1,1,4,2,02,1,1,000,108,1,0,1,3,2,26,0,1,2,00,2,1,1,201700002853B01,7,15,1
201700002856,2017-08-21,2017,août,lundi,13:40,03,03185,46.34054,2.59328,2,9,3,1,1,4,2,02,1,1,000,100,1,0,1,4,1,48,1,1,2,00,2,1,1,201700002856B01,7,16,1
201700002862,2017-09-06,2017,septembre,mercredi,15:35,03,03211,46.31472,2.53546,2,1,6,1,1,4,2,02,1,-1,000,000,1,0,1,4,1,16,5,1,2,00,2,0,1,201700002862B01,7,0,1
201700002869,2017-09-08,2017,septembre,vendredi,17:07,03,03190,46.56114,3.32679,2,1,3,1,1,4,3,04,1,1,000,041,1,0,1,2,2,46,9,1,2,00,2,8,1,201700002869B01,17,1,1
201700002873,2017-03-25,2017,mars,samedi,10:37,57,57620,49.19137,6.0038,2,1,2,1,1,3,2,02,1,-1,000,000,1,0,1,4,1,61,3,1,9,00,2,0,4,201700002873B01,7,4,1
201700002877,2017-01-10,2017,janvier,mardi,16:30,57,57039,49.05354,6.11787,1,3,3,1,2,3,2,02,1,,000,080,2,0,1,3,1,79,5,1,2,00,2,6,19,201700002877B01,7,1,1
201700002886,2017-02-14,2017,février,mardi,15:05,57,57663,49.24231,6.174,2,6,1,1,7,3,1,02,1,-1,700,010,1,,,3,1,90,5,1,2,00,2,7,0,201700002886B01,7,2,1
201700002898,2017-08-28,2017,août,lundi,13:30,57,57433,49.20619,6.16038,2,1,3,1,1,4,1,01,1,1,000,000,1,0,1,4,2,20,4,1,2,00,2,1,0,201700002898B01,7,1,1
201700002928,2017-06-25,2017,juin,dimanche,90:0,57,57052,49.06166,6.80844,1,1,6,1,1,3,2,02,1,-1,000,000,1,0,1,3,1,69,5,1,2,00,9,1,2,201700002928A01,1,2,1
201700002928,2017-06-25,2017,juin,dimanche,90:0,57,57052,49.06166,6.80844,1,1,6,1,1,3,2,02,1,-1,000,000,1,0,1,1,1,56,5,1,2,00,9,4,2,201700002928B01,1,2,1
201700002929,2017-06-25,2017,juin,dimanche,11:20,57,57669,49.11783,6.88513,2,6,3,1,1,3,1,02,1,-1,000,010,1,,,4,1,28,5,1,2,00,2,8,1,201700002929B01,7,12,1
201700002930,2017-09-16,2017,septembre,samedi,15:10,57,57316,49.09744,6.85144,2,3,3,1,2,3,2,02,2,-1,007,020,1,,,1,1,10,5,1,9,00,2,1,19,201700002930A01,1,1,1
201700002930,2017-09-16,2017,septembre,samedi,15:10,57,57316,49.09744,6.85144,2,3,3,1,2,3,2,02,2,-1,007,020,1,,,4,2,63,5,1,2,00,2,1,1,201700002930B01,1,19,1
201700002948,2017-03-25,2017,mars,samedi,16:45,54,54090,48.74936,6.16344,2,1,3,1,1,9,2,02,1,-1,007,515,1,,,3,1,69,5,1,2,00,2,1,0,201700002948B01,7,9,1
201700002959,2017-06-24,2017,juin,samedi,10:00,54,54527,48.55481,6.22774,1,1,3,1,1,2,2,02,1,1,000,000,1,0,1,3,1,43,5,1,2,00,2,4,1,201700002959B01,7,1,1
201700002964,2017-09-22,2017,septembre,vendredi,19:35,54,54397,48.62623,6.10826,2,3,3,2,1,9,,01,,,,,,,,3,1,13,5,1,2,00,2,1,1,201700002964B01,7,1,1
201700002978,2017-04-04,2017,avril,mardi,5:,03,03001,46.10125,3.44297,2,1,6,3,1,4,1,01,-1,-1,000,000,-1,0,0,4,1,23,0,1,2,00,2,0,0,201700002978B01,1,0,1
201700002981,2017-04-23,2017,avril,dimanche,18:55,03,03094,46.16769,3.42476,2,1,6,2,1,4,2,02,1,1,000,100,1,0,0,3,2,43,0,1,9,00,0,0,0,201700002981A01,7,0,1
201700002993,2017-08-14,2017,août,lundi,93:7,03,03310,46.12183,3.41452,2,3,3,1,1,4,2,02,1,1,000,080,1,0,1,3,2,68,5,1,2,00,2,1,1,201700002993B01,7,15,1
201700002994,2017-08-23,2017,août,mercredi,22:10,03,03095,46.12787,3,2,3,1,5,1,4,1,01,2,1,000,080,1,0,1,4,1,34,5,1,2,00,2,1,5,201700002994A01,7,15,1
201700003005,2017-11-09,2017,novembre,jeudi,10:45,54,54020,48.6039,6.43786,1,1,2,1,8,3,2,02,1,1,000,000,1,0,5,3,1,68,5,1,2,00,2,4,1,201700003005B01,7,1,1
201700003013,2017-04-30,2017,avril,dimanche,10:00,54,54532,48.80133,5.95633,1,1,1,1,7,3,2,02,1,-1,018,910,1,,,3,1,66,0,1,2,00,2,1,5,201700003013B01,7,15,1
201700003061,2017-04-10,2017,avril,lundi,18:15,88,88401,48.30442,5.77684,1,1,2,1,1,3,2,03,1,1,000,113,1,0,1,3,1,78,5,1,2,00,2,6,2,201700003061B01,7,2,1
201700003092,2017-09-01,2017,septembre,vendredi,16:02,67,67131,48.48154,7.72499,2,1,3,1,1,4,2,02,1,-1,000,010,5,,,3,1,67,5,1,9,00,2,1,1,201700003092B01,10,16,1
201700003099,2017-08-29,2017,août,mardi,93:6,67,67130,48.42147,7.65363,2,1,3,1,7,4,2,02,1,-1,000,015,1,,,3,1,83,5,1,9,00,2,7,1,201700003099B01,7,1,1
201700003105,2017-07-09,2017,juillet,dimanche,11:45,67,67348,48.46891,7.48742,2,1,1,1,1,5,2,02,1,1,000,050,1,0,1,3,1,63,5,1,2,00,2,1,1,201700003105B01,2,1,1
201700003110,2017-10-21,2017,octobre,samedi,10:05,67,67458,48.82283,7.74122,2,9,3,1,8,3,2,02,1,-1,307,315,1,,,3,1,82,0,1,9,00,2,1,0,201700003110B01,7,0,1
201700003119,2017-11-28,2017,novembre,mardi,11:50,67,67098,48.54371,7.41112,1,1,7,1,1,3,2,02,1,1,,,1,0,1,2,1,52,5,1,9,00,0,0,1,201700003119A01,,,
201700003123,2017-05-27,2017,mai,samedi,23:00,67,67300,48.54461,7.50001,2,1,1,3,1,9,2,02,1,-1,000,020,1,0,5,3,1,62,5,1,9,00,0,1,1,201700003123B01,1,0,1
201700003123,2017-05-27,2017,mai,samedi,23:00,67,67300,48.54461,7.50001,2,1,1,3,1,9,2,02,1,-1,000,020,1,0,5,1,1,19,5,1,9,00,0,1,0,201700003123A01,1,1,1
201700003126,2017-07-17,2017,juillet,lundi,16:15,67,67300,48.53217,7.50286,2,1,3,1,1,4,2,02,1,-1,006,510,5,,,3,1,79,5,1,2,00,2,4,19,201700003126B01,7,1,1
201700003128,2017-08-03,2017,août,jeudi,14:30,67,67313,48.53816,7.45768,2,1,3,1,1,3,2,02,1,-1,007,010,1,,,3,1,20,5,1,9,00,2,9,16,201700003128B01,7,1,1
201700003129,2017-08-24,2017,août,jeudi,18:45,67,67492,48.5899,7.44867,1,1,1,1,1,3,2,02,3,-1,000,015,1,,,4,1,53,5,1,2,00,2,8,1,201700003129B01,7,15,1
201700003132,2017-10-06,2017,octobre,vendredi,17:50,67,67080,48.54301,7.53331,2,8,3,1,1,3,-1,02,1,-1,010,014,-1,4,,2,2,16,2,1,9,00,4,7,0,201700003132A01,39,0,1
201700003133,2017-10-13,2017,octobre,vendredi,13:40,67,67008,48.53697,7.53086,1,1,1,1,1,3,2,03,1,-1,010,315,1,,,3,2,80,5,1,2,00,2,8,19,201700003133B01,7,1,1
201700003138,2017-05-25,2017,mai,jeudi,10:05,67,67368,48.43893,7.36323,1,1,3,1,1,3,2,02,2,3,000,063,1,0,1,3,1,54,5,1,2,00,2,8,13,201700003138B01,33,17,1
201700003139,2017-06-17,2017,juin,samedi,16:30,67,67428,48.44034,7.41694,1,1,1,1,1,3,2,02,2,2,000,060,1,0,1,3,1,23,5,1,2,00,2,1,13,201700003139B01,7,1,1
201700003141,2017-11-18,2017,novembre,samedi,10:15,67,67167,48.49027,7.31132,1,1,7,1,1,4,2,02,2,3,000,000,1,0,1,3,1,33,5,1,2,00,0,0,1,201700003141B01,7,17,1
201700003161,2017-08-21,2017,août,lundi,17:15,67,67205,48.69776,7.78633,2,1,3,1,1,3,2,02,1,-1,005,010,1,,,3,2,82,3,1,2,00,2,2,9,201700003161B01,7,19,1
201700003166,2017-06-13,2017,juin,mardi,13:35,67,67118,48.58309,7.68877,2,1,3,1,1,4,2,02,1,-1,007,010,1,,,3,1,15,2,1,9,00,2,1,16,201700003166A01,13,1,1
201700003172,2017-10-10,2017,octobre,mardi,71:0,67,67551,48.5929,7.66899,2,1,3,5,1,3,2,02,1,1,000,000,1,0,1,3,1,41,1,1,2,00,2,7,19,201700003172A01,7,1,1
201700003173,2017-12-06,2017,décembre,mercredi,18:15,67,67551,48.59221,7.67143,2,1,3,5,8,3,-1,02,1,-1,000,025,1,,,3,1,45,0,1,2,00,0,5,1,201700003173B01,7,9,1
201700003203,2017-08-27,2017,août,dimanche,11:00,67,67404,48.90246,7.95822,2,1,6,1,1,3,2,02,1,1,000,000,1,0,1,3,1,58,5,1,2,00,5,1,1,201700003203A01,,,
201700003204,2017-09-26,2017,septembre,mardi,90:0,67,67339,48.89097,7.91809,2,1,3,1,1,4,2,02,1,1,000,063,1,0,1,3,1,26,1,1,9,00,9,0,0,201700003204A01,15,1,1
201700003219,2017-02-26,2017,février,dimanche,16:00,68,68051,48.02702,7.10011,2,3,1,2,7,3,2,02,2,3,000,081,1,0,1,3,1,57,5,1,2,00,2,1,1,201700003219B02,7,15,1
201700003231,2017-09-28,2017,septembre,jeudi,94:5,68,68226,48.04196,7.13148,2,6,3,1,1,3,2,02,1,-1,006,010,1,,,3,1,71,5,1,2,00,0,2,1,201700003231B01,7,9,1
201700003241,2017-03-08,2017,mars,mercredi,15:50,68,68231,48.01317,7.53315,1,1,3,1,6,3,2,02,1,1,000,060,2,0,1,3,1,58,5,1,9,00,2,8,2,201700003241B01,7,2,1
201700003259,2017-12-02,2017,décembre,samedi,16:30,68,68269,48.18889,7.36015,1,2,3,2,1,3,2,02,1,1,000,066,1,5,1,3,1,67,5,1,4,00,0,7,19,201700003259A01,7,1,1
201700003284,2017-05-13,2017,mai,samedi,11:15,68,68251,48.00153,7.20476,1,1,3,1,1,3,2,02,2,3,000,056,1,0,1,3,1,45,5,1,2,00,2,8,1,201700003284B01,33,1,1
201700003294,2017-03-25,2017,mars,samedi,74:0,68,68154,47.77399,7.36153,2,6,3,2,1,3,-1,02,1,-1,000,015,1,,,4,2,53,5,1,4,00,2,1,0,201700003294B01,7,16,1
201700003297,2017-04-24,2017,avril,lundi,17:30,68,68154,47.76508,7.366,2,1,1,1,1,4,2,02,1,1,000,070,1,0,1,4,1,15,5,1,2,00,2,1,1,201700003297B01,7,13,1
201700003303,2017-09-29,2017,septembre,vendredi,11:15,68,68154,47.77272,7.36125,2,3,5,1,1,3,2,03,1,1,000,137,5,0,5,4,2,42,5,1,2,00,2,7,1,201700003303B01,7,15/23,2
201700003317,2017-08-14,2017,août,lundi,18:20,68,68163,47.68567,7.50179,2,3,3,2,1,4,2,02,1,-1,006,010,1,,,3,1,17,5,1,2,00,0,7,16,201700003317A01,7,1,1
201700003319,2017-09-03,2017,septembre,dimanche,11:00,68,68163,47.69793,7.50548,1,1,7,1,1,9,2,02,3,3,000,030,1,0,1,3,1,31,5,1,2,14,0,1,1,201700003319A01,,,
201700003330,2017-04-08,2017,avril,samedi,14:50,68,68106,47.87549,7.12739,1,2,3,1,1,3,2,02,3,2,000,060,1,0,0,3,1,29,5,1,2,00,2,1,1,201700003330B01,7,19,1
201700003334,2017-12-07,2017,décembre,jeudi,71:5,68,68334,47.81245,7.09589,2,2,3,5,1,2,2,02,1,-1,010,325,1,0,1,2,1,18,1,1,2,00,0,7,19,201700003334B01,7,1,1
201700003335,2017-12-13,2017,décembre,mercredi,14:00,68,68348,47.80412,7.13546,2,3,3,1,3,4,2,02,1,1,000,083,1,0,1,3,1,55,1,1,4,00,0,8,15,201700003335B01,7,1,1
201700003341,2017-02-18,2017,février,samedi,16:00,68,68342,47.82361,7.16347,1,1,6,1,1,3,2,02,2,1,000,060,1,0,1,3,1,57,5,1,2,07,0,1,1,201700003341A01,,,
201700003346,2017-05-27,2017,mai,samedi,13:05,68,68063,47.79195,7.17009,1,6,3,1,1,2,1,02,1,2,000,100,1,5,1,3,1,54,5,1,2,00,2,1,15,201700003346B01,7,16,1
201700003350,2017-07-09,2017,juillet,dimanche,19:15,68,68063,47.81043,7.17881,2,3,1,1,3,3,2,02,1,1,000,060,1,0,1,4,1,36,5,1,2,00,0,8,1,201700003350B01,7,15,1
201700003357,2017-02-26,2017,février,dimanche,81:0,68,68151,47.88406,6.99444,2,3,3,1,1,3,2,02,1,1,000,065,1,0,1,4,1,54,3,1,9,00,0,7,1,201700003357B01,7,9,1
201700003362,2017-05-14,2017,mai,dimanche,11:00,68,68089,47.90058,6.97335,1,3,1,1,2,3,2,02,1,1,000,063,2,0,1,4,1,62,5,1,2,00,0,8,1,201700003362B01,7,15,1
201700003369,2017-08-22,2017,août,mardi,16:00,68,68247,47.91738,6.94885,1,1,6,1,1,3,2,02,2,2,000,063,1,0,3,3,1,71,5,1,2,07,0,1,1,201700003369A01,,,
201700003370,2017-08-27,2017,août,dimanche,10:15,68,68247,47.93292,7.01055,1,1,3,1,1,3,2,02,2,3,000,070,1,0,1,3,1,44,5,1,2,00,2,3,13,201700003370A01,7,1,1
201700003371,2017-09-04,2017,septembre,lundi,16:55,68,68344,47.87798,6.93471,1,1,7,1,1,2,2,02,2,3,000,070,1,0,1,3,1,35,5,1,2,00,0,9,1,201700003371A01,,,
201700003428,2017-04-03,2017,avril,lundi,15:20,21,21105,47.31155,5.18991,1,1,4,1,1,3,2,02,1,1,000,030,1,0,1,3,1,73,5,1,2,00,2,4,23,201700003428C01,7,1,1
201700003428,2017-04-03,2017,avril,lundi,15:20,21,21105,47.31155,5.18991,1,1,4,1,1,3,2,02,1,1,000,030,1,0,1,4,2,67,5,1,2,00,2,0,23,201700003428B01,7,1,1
201700003439,2017-12-11,2017,décembre,lundi,18:25,21,21038,47.1997,5.39562,2,1,3,5,1,3,2,02,1,1,000,060,2,0,1,3,1,20,1,1,2,00,2,7,15,201700003439B01,7,1,1
201700003450,2017-05-14,2017,mai,dimanche,13:10,21,21625,47.20167,4.81754,1,1,7,1,1,3,2,02,4,2,000,039,1,0,0,3,1,36,5,1,2,00,0,0,0,201700003450A01,,,
201700003463,2017-07-05,2017,juillet,mercredi,70:5,21,21010,47.06552,4.86098,2,1,7,1,1,3,2,02,2,1,000,060,1,0,1,3,1,52,1,1,2,11,0,0,1,201700003463A01,,,
201700003560,2017-07-20,2017,juillet,jeudi,75:0,89,89337,47.75261,3.674,1,1,2,1,1,3,2,02,1,1,000,056,1,0,3,3,1,74,5,1,2,00,0,4,2,201700003560B01,7,2,1
201700003587,2017-10-26,2017,octobre,jeudi,18:05,25,25048,47.48352,6.72394,2,1,7,1,1,4,2,02,2,1,000,070,1,0,1,4,1,28,5,1,2,13,0,0,1,201700003587B01,7,15,1
201700003588,2017-11-22,2017,novembre,mercredi,11:05,25,25048,47.48302,6.74571,2,3,3,1,1,4,,,,,,,,,,3,1,85,5,1,2,00,0,8,0,201700003588B01,7,1,1
201700003595,2017-07-13,2017,juillet,jeudi,11:55,04,04070,44.0861,6.21243,2,1,3,1,1,4,2,02,1,1,000,061,1,0,5,3,1,69,5,1,2,00,2,1,5,201700003595A01,7,15,1
201700003605,2017-05-14,2017,mai,dimanche,17:40,39,39009,46.85287,5.9327,2,2,3,1,1,3,2,02,4,1,000,075,1,0,1,3,1,8,5,1,2,00,2,1,9,201700003605A01,7,1,1
201700003609,2017-10-21,2017,octobre,samedi,22:30,39,39009,46.85409,5.90899,1,1,6,3,2,3,2,02,1,1,000,090,2,0,1,3,1,21,1,1,2,00,2,4,1,201700003609B01,7,1,1
201700003614,2017-03-10,2017,mars,vendredi,17:45,04,04112,43.8324,5.7625,1,3,3,1,1,3,2,02,-1,-1,000,000,1,5,1,3,1,53,5,1,2,00,2,1,6,201700003614B01,7,0,1
201700003620,2017-06-10,2017,juin,samedi,13:00,04,04112,43.8421,5.78618,2,1,7,1,1,4,2,02,2,1,000,020,9,0,1,3,2,53,5,1,2,00,0,7,1,201700003620A01,,,
201700003627,2017-09-29,2017,septembre,vendredi,17:34,04,04112,43.8272,5.78137,2,6,3,1,1,4,2,02,1,1,015,035,1,5,1,4,1,68,5,1,2,00,2,6,1,201700003627A01,7,1,1
201700003638,2017-05-17,2017,mai,mercredi,19:00,70,70046,47.61996,6.43679,1,2,3,1,1,3,2,02,2,1,000,047,1,0,1,3,1,36,5,1,2,00,2,1,1,201700003638B01,7,19,1
201700003646,2017-06-04,2017,juin,dimanche,18:30,70,70279,47.4413,5.59154,2,6,3,1,1,9,2,02,1,1,004,015,1,0,1,3,1,14,5,1,2,00,2,1,1,201700003646A01,1,2,1
201700003646,2017-06-04,2017,juin,dimanche,18:30,70,70279,47.4413,5.59154,2,6,3,1,1,9,2,02,1,1,004,015,1,0,1,1,1,15,5,1,2,00,2,3,2,201700003646B01,1,1,1
201700003740,2017-05-21,2017,mai,dimanche,10:45,13,13027,43.87332,4.85279,2,1,7,1,1,4,2,02,2,1,000,049,1,0,1,3,2,64,5,1,2,00,0,7,1,201700003740A01,,,
201700003746,2017-07-12,2017,juillet,mercredi,13:20,13,13027,43.86203,4.8396,1,2,3,1,1,3,2,02,1,,000,000,1,0,1,4,1,51,5,1,2,00,2,2,1,201700003746A01,7,1,1
201700003748,2017-08-02,2017,août,mercredi,21:30,13,13027,43.88285,4.86269,2,6,3,5,1,3,1,02,1,-1,000,010,1,,,3,1,14,5,1,4,00,2,7,0,201700003748B01,7,9,1
201700003748,2017-08-02,2017,août,mercredi,21:30,13,13027,43.88285,4.86269,2,6,3,5,1,3,1,02,1,-1,000,010,1,,,1,1,13,5,1,4,00,2,7,0,201700003748B01,7,9,1
201700003752,2017-11-30,2017,novembre,jeudi,85:0,13,13027,43.89193,4.83857,2,1,2,1,7,4,2,02,1,-1,000,000,1,0,1,3,2,73,0,1,2,00,2,4,2,201700003752B01,7,2,1
201700003765,2017-05-04,2017,mai,jeudi,20:00,13,13097,43.64436,4.82074,1,6,3,1,1,3,2,02,1,-1,006,010,1,,,3,2,44,5,1,2,00,2,2,1,201700003765B01,7,9,1
201700003768,2017-09-01,2017,septembre,vendredi,83:5,13,13097,43.63828,4.82348,2,6,3,1,1,4,2,02,1,-1,000,015,1,,,4,1,86,5,1,9,00,2,1,1,201700003768B01,7,9,1
201700003806,2017-04-01,2017,avril,samedi,11:15,13,13007,43.37211,5.64572,2,1,2,1,8,3,2,02,2,1,000,000,1,0,1,3,1,57,0,1,2,00,2,1,3,201700003806A01,7,1,1
201700003814,2017-08-28,2017,août,lundi,18:30,13,13086,43.33318,5.60645,1,9,3,1,1,3,2,02,2,-1,000,010,1,,,3,1,12,5,1,2,00,2,1,1,201700003814A01,10,1,1
201700003857,2017-09-19,2017,septembre,mardi,10:30,13,13084,43.71753,5.30168,1,1,4,1,1,3,2,02,1,1,000,100,1,0,5,4,1,67,5,1,2,00,0,4,2,201700003857D01,14,17,1
201700003857,2017-09-19,2017,septembre,mardi,10:30,13,13084,43.71753,5.30168,1,1,4,1,1,3,2,02,1,1,000,100,1,0,5,3,1,77,5,1,2,00,0,0,2,201700003857C01,14,17,1
201700003857,2017-09-19,2017,septembre,mardi,10:30,13,13084,43.71753,5.30168,1,1,4,1,1,3,2,02,1,1,000,100,1,0,5,3,2,62,5,1,2,00,0,4,2,201700003857E01,14,17,1