Num_Acc,date,an,mois,jour,hrmn,dep,com,lat,long,agg,int,col,lum,atm,catr,circ,nbv,prof,plan,lartpc,larrout,surf,infra,situ,grav,sexe,age,trajet,secuexist,equipement,obs,obsm,choc,manv,vehiculeid,typevehicules,manoeuvehicules,numVehicules
201700003857,2017-09-19,2017,septembre,mardi,10:30,13,13084,43.71753,5.30168,1,1,4,1,1,3,2,02,1,1,000,100,1,0,5,3,1,70,5,1,2,00,0,4,2,201700003857F01,14,17,1
201700003857,2017-09-19,2017,septembre,mardi,10:30,13,13084,43.71753,5.30168,1,1,4,1,1,3,2,02,1,1,000,100,1,0,5,3,1,35,5,1,2,00,2,4,1,201700003857B01,14,17,1
201700003884,2017-12-04,2017,décembre,lundi,18:40,04,04086,44.3916,6.67906,1,1,2,3,1,3,2,02,1,1,000,069,1,0,1,2,1,46,3,1,4,00,0,6,2,201700003884B01,7,1,1
201700003909,2017-08-05,2017,août,samedi,94:0,05,05070,44.31621,5.82089,2,3,1,1,1,3,2,02,1,1,,060,1,,1,3,1,62,5,1,2,00,2,8,14,201700003909B01,7,15,1
201700003921,2017-04-22,2017,avril,samedi,16:20,05,05151,44.83253,6.58322,1,3,3,1,1,2,2,02,2,2,000,073,1,5,3,2,1,52,5,1,2,00,0,8,23,201700003921B01,33,1,1
201700003925,2017-08-10,2017,août,jeudi,18:30,05,05180,44.82237,6.53489,2,4,1,1,1,3,2,02,2,2,,,,5,1,3,1,56,5,1,2,00,2,1,1,201700003925B01,7,15,1
201700003957,2017-09-06,2017,septembre,mercredi,16:45,06,06019,43.79212,7.37285,2,1,3,1,1,4,2,02,2,3,000,068,9,0,1,2,1,17,0,1,2,00,2,0,21,201700003957B01,14,1,1
201700003972,2017-06-24,2017,juin,samedi,18:25,06,06011,43.7056,7.33433,2,1,6,1,1,2,2,02,1,1,000,000,1,0,1,4,1,40,1,1,2,00,1,1,1,201700003972A01,,,
201700003986,2017-01-27,2017,janvier,vendredi,12:50,06,06157,43.72938,7.11967,2,1,1,1,1,4,2,02,1,-1,065,000,1,0,1,3,1,52,4,1,2,00,2,1,0,201700003986B01,7,0,1
201700004021,2017-04-12,2017,avril,mercredi,15:45,83,83133,43.59217,6.86327,1,1,3,1,1,3,2,02,2,-1,004,010,1,,,3,1,43,5,1,2,00,2,1,1,201700004021B01,7,9,1
201700004069,2017-08-05,2017,août,samedi,11:33,83,83107,43.44792,6.63323,2,3,3,1,1,3,2,01,1,-1,000,010,1,,,3,1,78,5,1,2,00,2,1,1,201700004069A01,7,1,1
201700004077,2017-01-23,2017,janvier,lundi,18:15,83,83068,43.26925,6.54048,1,1,3,5,1,3,2,02,4,3,000,000,1,5,1,3,1,58,0,1,4,00,2,7,19,201700004077B01,10,1,1
201700004104,2017-04-11,2017,avril,mardi,17:25,83,83094,43.34144,6.56174,1,1,6,1,1,3,2,02,1,1,000,076,1,0,1,3,1,61,5,1,2,00,0,0,1,201700004104A01,,,
201700004126,2017-04-30,2017,avril,dimanche,93:5,83,83119,43.26751,6.64272,2,1,6,1,1,4,2,02,1,1,000,000,1,6,1,3,1,25,5,1,2,00,1,1,1,201700004126A01,,,
201700004151,2017-09-28,2017,septembre,jeudi,19:00,83,83016,43.20023,5.81105,2,1,3,1,1,4,2,02,1,-1,000,010,1,,,3,1,11,5,1,2,00,2,1,15,201700004151B01,7,1,1
201700004195,2017-01-23,2017,janvier,lundi,15:00,84,84054,43.9019,5.05478,1,1,2,1,1,3,2,02,1,1,000,048,1,0,1,2,1,60,5,1,2,00,0,4,1,201700004195B01,7,2,1
201700004209,2017-11-08,2017,novembre,mercredi,11:30,84,84054,43.92227,5.04257,2,1,2,1,1,4,2,02,1,1,020,060,1,0,1,3,1,14,0,1,9,00,0,0,2,201700004209B01,2,2,1
201700004238,2017-04-27,2017,avril,jeudi,17:50,84,84129,44.00762,4.87763,2,1,3,1,1,3,2,02,1,1,000,000,1,0,1,4,1,15,2,1,9,00,2,7,19,201700004238B01,7,1,1
201700004242,2017-06-12,2017,juin,lundi,63:0,84,84016,44.03973,4.89714,2,4,1,1,1,9,2,02,1,1,000,010,1,,1,2,1,79,3,1,4,00,2,1,19,201700004242B01,13,1,1
201700004250,2017-08-07,2017,août,lundi,12:05,84,84129,44.00594,4.88713,2,6,2,1,1,3,-1,02,1,-1,000,015,1,,,4,1,66,5,1,2,00,0,7,15,201700004250B01,7,16,1
201700004280,2017-07-22,2017,juillet,samedi,21:50,84,84026,43.73007,5.38621,1,1,2,3,1,3,2,02,1,1,000,035,1,0,1,3,1,31,5,1,2,00,0,4,1,201700004280A01,7,1,1
201700004283,2017-09-05,2017,septembre,mardi,15:00,84,84026,43.73677,5.36611,2,1,7,1,1,3,2,02,2,1,000,000,1,0,4,3,1,14,5,1,2,12,0,8,1,201700004283A01,,,
201700004293,2017-06-11,2017,juin,dimanche,11:30,84,84004,44.11407,5.01844,1,1,1,1,1,3,2,02,1,1,068,080,1,0,1,2,1,73,5,1,2,00,2,1,13,201700004293B01,7,1,1
201700004302,2017-03-02,2017,mars,jeudi,16:30,84,84019,44.28297,4.75085,2,6,3,1,1,4,1,01,1,-1,005,215,1,,,3,1,80,5,1,2,00,2,0,1,201700004302B01,7,9,1
201700004306,2017-06-20,2017,juin,mardi,84:5,84,84019,44.3107,4.75019,2,3,3,1,1,4,2,02,1,-1,000,010,1,,,3,1,10,2,1,2,00,2,1,15,201700004306B01,7,1,1
201700004309,2017-09-03,2017,septembre,dimanche,84:5,84,84063,44.26428,4.67523,1,1,4,1,1,3,2,02,1,1,000,057,1,2,1,2,2,53,5,1,2,00,2,4,2,201700004309B01,7,2,1
201700004309,2017-09-03,2017,septembre,dimanche,84:5,84,84063,44.26428,4.67523,1,1,4,1,1,3,2,02,1,1,000,057,1,2,1,4,1,55,5,1,2,00,2,8,2,201700004309C01,7,2,1
201700004340,2017-05-16,2017,mai,mardi,11:10,34,34058,43.66803,3.97571,1,6,3,1,1,3,1,02,1,-1,000,015,1,,,4,1,54,0,1,2,00,2,1,1,201700004340B01,7,16,1
201700004343,2017-06-30,2017,juin,vendredi,18:50,34,34327,43.65364,3.97043,2,1,2,1,1,4,-1,02,1,-1,000,010,1,,,3,1,41,0,1,2,00,2,7,1,201700004343B01,7,4,1
201700004346,2017-07-29,2017,juillet,samedi,83:5,34,34249,43.73552,3.99037,1,1,3,1,1,3,2,02,1,1,000,000,1,0,1,3,1,56,5,1,2,00,2,4,1,201700004346B01,7,13,1
201700004356,2017-04-09,2017,avril,dimanche,18:45,34,34344,43.56264,4.08031,2,1,3,1,1,9,2,04,1,1,000,000,1,6,1,4,2,61,5,1,4,00,2,1,19,201700004356A01,7,1,1
201700004359,2017-07-04,2017,juillet,mardi,18:20,34,34344,43.5613,4.07709,2,1,3,1,7,4,3,03,1,-1,000,015,1,,,4,1,7,5,1,2,00,2,7,19,201700004359B01,7,1,1
201700004372,2017-04-03,2017,avril,lundi,11:50,34,34340,43.73216,4.13701,2,1,7,1,1,3,2,02,2,-1,000,010,1,,,3,1,74,5,1,2,00,0,0,1,201700004372A01,,,
201700004381,2017-08-19,2017,août,samedi,16:00,34,34272,43.65809,4.11294,1,1,3,1,1,3,2,02,1,1,000,000,1,0,1,3,1,60,5,1,2,00,2,1,1,201700004381B01,7,15,1
201700004390,2017-11-13,2017,novembre,lundi,10:50,34,34145,43.67478,4.13211,2,6,3,1,6,3,2,02,1,-1,008,015,1,,,3,2,68,5,1,2,00,2,4,2,201700004390B01,14,2,1
201700004391,2017-11-18,2017,novembre,samedi,95:7,34,34145,43.67658,4.12964,2,3,3,1,1,4,1,01,1,-1,004,010,1,,,4,2,89,3,1,2,00,2,7,5,201700004391A01,7,15,1
201700004407,2017-11-23,2017,novembre,jeudi,54:5,34,34240,43.65393,3.9844,1,9,3,3,1,3,2,03,1,-1,012,013,1,,,3,2,53,1,1,4,00,2,7,12,201700004407B01,7,1,1
201700004432,2017-11-27,2017,novembre,lundi,14:45,34,34081,43.30839,3.16793,1,6,2,1,1,3,1,02,1,-1,000,010,1,,,3,1,81,5,1,2,00,0,4,15,201700004432B01,7,9,1
201700004453,2017-10-14,2017,octobre,samedi,70:0,34,34199,43.47411,3.40113,1,1,2,3,1,3,2,02,1,1,000,000,1,0,1,2,1,82,5,1,9,00,2,4,1,201700004453B01,7,1,1
201700004465,2017-09-11,2017,septembre,lundi,81:0,34,34299,43.26949,3.28438,2,6,2,1,1,3,2,02,1,-1,000,015,1,,,3,1,74,5,1,2,00,2,3,9,201700004465B01,7,16,1
201700004468,2017-09-27,2017,septembre,mercredi,14:30,34,34209,43.30455,3.33193,2,1,3,1,1,4,2,02,2,-1,000,010,1,,,3,1,13,5,1,2,00,2,2,16,201700004468A01,38,1,1
201700004476,2017-04-29,2017,avril,samedi,12:50,34,34088,43.56112,3.72894,2,1,1,1,1,3,2,02,4,3,000,035,1,0,1,3,1,50,0,1,9,00,2,1,1,201700004476B01,7,1,1
201700004483,2017-06-16,2017,juin,vendredi,10:10,34,34023,43.44895,3.67919,2,1,3,1,1,4,2,02,1,1,000,000,1,5,1,3,2,69,5,1,2,00,0,8,19,201700004483B01,7,1,1
201700004520,2017-06-02,2017,juin,vendredi,19:15,11,11091,42.98245,2.00812,2,1,6,1,8,3,2,02,1,3,000,063,2,0,1,3,1,37,5,1,2,12,0,7,1,201700004520A01,,,
201700004546,2017-11-05,2017,novembre,dimanche,14:20,30,30258,43.64682,4.43386,1,1,5,1,1,3,2,02,1,3,000,070,1,0,1,3,1,33,5,1,2,00,2,0,0,201700004546B01,33,13,1
201700004546,2017-11-05,2017,novembre,dimanche,14:20,30,30258,43.64682,4.43386,1,1,5,1,1,3,2,02,1,3,000,070,1,0,1,3,1,39,5,1,2,00,2,0,0,201700004546C01,33,13,1
201700004571,2017-08-12,2017,août,samedi,20:30,66,66037,42.70392,3.02168,2,1,1,1,1,4,1,01,1,1,000,035,1,0,1,3,1,54,5,1,2,00,2,1,5,201700004571B01,7,0,1
201700004579,2017-08-06,2017,août,dimanche,11:45,66,66065,42.60012,2.97407,2,2,3,1,1,4,1,01,1,-1,000,015,1,,,3,1,55,5,1,2,00,2,7,1,201700004579B01,7,1,1
201700004599,2017-10-11,2017,octobre,mercredi,75:8,66,66171,42.62259,3.01144,2,1,2,1,1,3,2,02,2,-1,000,000,1,0,1,4,1,57,5,1,2,00,0,4,1,201700004599A01,7,0,1
201700004601,2017-01-11,2017,janvier,mercredi,83:0,66,66180,42.77005,2.98387,2,1,3,1,1,4,2,02,1,-1,000,040,1,0,1,4,1,9,2,1,9,00,2,1,15,201700004601B01,7,1,1
201700004616,2017-09-30,2017,septembre,samedi,12:18,66,66210,0,0,1,1,6,1,1,3,2,02,2,1,000,000,1,0,3,3,1,68,5,1,2,16,0,0,13,201700004616A01,,,
201700004672,2017-07-02,2017,juillet,dimanche,90:0,2A,2A247,41.58739,9.2824,2,3,3,1,1,3,2,02,1,-1,000,010,1,,,4,1,47,5,1,2,00,2,1,2,201700004672B01,7,16,1
201700004683,2017-09-05,2017,septembre,mardi,93:0,2A,2A247,41.56385,9.26006,2,1,1,1,1,4,2,02,2,1,000,000,1,0,1,3,1,57,5,1,2,00,2,1,1,201700004683B01,7,15,1
201700004698,2017-03-31,2017,mars,vendredi,18:10,2B,2B036,42.52784,9.30413,1,1,1,1,1,3,2,02,2,2,000,050,1,0,1,4,1,48,5,1,2,00,2,1,13,201700004698A01,7,1,1
201700004712,2017-08-12,2017,août,samedi,16:50,2B,2B314,42.61378,9.27258,1,1,3,1,1,3,2,02,2,2,000,039,1,0,1,3,1,34,5,1,2,00,2,3,1,201700004712B01,7,13,1
201700004715,2017-09-10,2017,septembre,dimanche,22:0,2B,2B298,42.67831,9.31021,2,1,2,3,2,3,2,02,1,1,000,055,2,0,1,3,1,49,5,1,9,00,0,4,2,201700004715B01,7,2,1
201700004784,2017-06-23,2017,juin,vendredi,10:45,05,05023,44.90202,6.63343,2,3,1,1,1,4,2,02,1,1,,060,1,5,0,3,2,49,5,1,2,00,2,1,1,201700004784B01,7,15,1
201700004786,2017-07-27,2017,juillet,jeudi,12:30,05,05023,44.91446,6.62307,2,1,2,1,1,3,2,02,2,1,000,070,1,0,1,3,1,70,5,1,2,00,2,1,2,201700004786B01,10,17,1
201700004788,2017-08-02,2017,août,mercredi,20:20,05,05023,44.90032,6.63785,2,1,6,1,1,4,2,01,2,1,000,000,1,0,1,1,1,16,5,1,2,00,1,1,1,201700004788A01,,,
201700004792,2017-09-26,2017,septembre,mardi,14:25,05,05023,44.88366,6.6271,2,4,3,1,1,4,2,02,1,1,000,060,1,1,1,4,1,62,5,1,9,00,2,2,1,201700004792B01,10,15,1
201700004800,2017-03-30,2017,mars,jeudi,15:40,05,05061,44.55606,6.07111,2,1,2,1,1,4,2,03,2,3,017,073,1,0,1,3,1,55,5,1,2,00,2,4,3,201700004800B01,7,1,1
201700004819,2017-06-12,2017,juin,lundi,17:00,05,05061,44.55763,6.05336,1,3,3,1,1,3,2,02,2,1,000,010,1,0,5,4,1,69,5,1,9,00,2,1,1,201700004819B01,7,19,1
201700004822,2017-06-16,2017,juin,vendredi,16:25,05,05061,44.5596,6.0777,2,1,6,1,1,4,1,01,1,1,000,040,1,0,1,4,2,57,1,1,2,00,2,1,1,201700004822B01,7,22,1
201700004833,2017-07-24,2017,juillet,lundi,11:53,05,05061,44.55794,6.08227,2,1,6,1,1,4,2,03,1,1,000,100,1,0,1,4,1,56,1,1,2,00,1,1,3,201700004833A01,,,
201700004835,2017-08-03,2017,août,jeudi,74:5,05,05061,44.56651,6.10616,2,3,3,1,1,4,2,02,1,1,000,069,1,0,1,4,1,76,5,1,2,00,2,1,1,201700004835B01,7,15,1
201700004841,2017-08-26,2017,août,samedi,12:41,05,05061,44.56389,6.09988,2,3,1,1,1,4,2,02,1,1,013,079,1,0,4,4,1,68,5,1,2,00,2,1,1,201700004841B01,7,9,1
201700004842,2017-08-21,2017,août,lundi,19:07,05,05061,44.55786,6.06876,2,6,3,1,1,3,4,02,2,-1,000,067,1,5,1,3,1,34,5,1,4,00,2,1,1,201700004842B01,7,9,1
201700004847,2017-09-01,2017,septembre,vendredi,18:55,05,05061,44.5578,6.06864,2,6,3,1,7,3,2,02,2,1,000,067,1,5,1,3,1,48,1,1,9,00,2,7,1,201700004847B01,7,1,1
201700004855,2017-09-29,2017,septembre,vendredi,18:15,05,05061,44.54934,6.06357,2,3,1,1,1,4,2,02,1,1,000,000,1,0,1,3,1,59,5,1,9,00,2,1,1,201700004855B01,10,15,1
201700004868,2017-10-21,2017,octobre,samedi,14:00,05,05061,44.5431,6.0651,2,6,3,1,1,3,2,02,1,1,000,073,1,5,1,3,1,49,5,1,2,00,2,1,1,201700004868A01,7,1,1
201700004901,2017-03-17,2017,mars,vendredi,22:20,78,78528,49.02035,1.61079,2,1,3,5,1,3,2,02,1,1,000,000,1,0,1,3,2,21,0,1,9,01,2,9,19,201700004901B01,7,0,1
201700004913,2017-06-06,2017,juin,mardi,95:0,78,78460,49.02802,1.86279,1,1,1,1,1,3,2,02,1,1,040,000,1,0,1,3,1,74,5,1,2,00,2,8,15,201700004913A01,7,2,1
201700004941,2017-08-07,2017,août,lundi,55:0,78,78470,48.57781,1.78547,1,1,3,2,1,3,2,02,1,1,000,000,1,0,1,3,1,78,0,1,9,00,2,1,1,201700004941B01,10,17,1
201700004990,2017-12-28,2017,décembre,jeudi,15:45,78,78062,48.84259,1.84137,1,2,1,1,1,3,2,02,1,,098,000,1,5,0,3,1,66,5,1,2,00,2,1,15,201700004990B01,7,1,1
201700005006,2017-10-04,2017,octobre,mercredi,13:40,78,78087,48.62251,2.01539,1,1,3,1,7,3,2,02,1,1,000,000,1,0,1,3,1,13,5,1,2,00,2,8,10,201700005006B01,7,1,1
201700005024,2017-02-03,2017,février,vendredi,15:20,91,91200,48.52566,2.01535,2,1,7,1,8,4,1,01,1,1,000,032,2,0,1,4,1,46,5,1,2,00,0,7,5,201700005024A01,,,
201700005029,2017-05-15,2017,mai,lundi,13:15,91,91547,48.42815,1.9659,2,1,3,1,1,4,2,02,1,1,000,046,1,0,1,3,2,7,5,1,2,00,2,8,19,201700005029B01,7,1,1
201700005037,2017-02-22,2017,février,mercredi,10:35,91,91318,48.51233,2.25503,2,1,3,1,1,3,2,02,1,1,000,000,1,0,1,4,1,61,5,1,2,01,0,7,1,201700005037B01,7,24,1
201700005054,2017-03-29,2017,mars,mercredi,74:5,91,91654,48.47423,2.43093,1,1,2,1,7,3,2,02,1,1,000,057,1,0,1,4,1,73,5,1,2,00,2,6,1,201700005054B01,7,17,1
201700005071,2017-07-16,2017,juillet,dimanche,11:00,91,91662,48.51426,2.12371,2,1,7,1,1,3,2,02,1,1,000,060,1,0,1,2,1,77,5,1,2,00,0,0,1,201700005071A01,,,
201700005090,2017-03-25,2017,mars,samedi,13:20,91,91579,48.53363,2.30513,2,1,3,1,7,3,2,02,1,1,000,057,1,0,1,4,1,34,5,1,2,00,2,4,15,201700005090A01,7,21,1
201700005104,2017-04-30,2017,avril,dimanche,11:30,91,91093,48.66907,2.04083,1,1,3,1,1,3,2,02,1,1,000,060,1,0,1,3,1,44,5,1,2,00,2,8,1,201700005104B01,7,17,1
201700005119,2017-04-11,2017,avril,mardi,11:30,91,91044,48.66819,2.28572,2,6,3,1,1,3,1,01,1,2,003,115,1,,1,3,1,5,5,1,2,00,2,1,19,201700005119B01,7,1,1
201700005131,2017-11-26,2017,novembre,dimanche,11:45,91,91635,48.73361,2.20452,2,3,2,1,1,3,2,02,4,3,006,510,1,,1,4,1,43,5,1,2,00,2,1,2,201700005131B01,7,23,1
201700005147,2017-06-07,2017,juin,mercredi,18:50,95,95142,49.1601,1.9371,2,3,3,1,1,3,2,02,2,2,,,1,0,1,4,1,12,5,1,9,00,2,1,1,201700005147B01,7,1,1
201700005149,2017-08-23,2017,août,mercredi,94:0,95,95142,49.1566,1.9496,1,1,3,1,1,3,2,02,2,1,,,1,0,1,3,1,70,5,1,2,00,2,4,1,201700005149B01,7,17,1
201700005152,2017-03-20,2017,mars,lundi,17:30,95,95039,49.0706,2.1778,2,1,7,1,1,3,2,02,1,1,,,1,0,1,3,1,37,5,1,9,16,0,9,21,201700005152A01,,,
201700005162,2017-10-15,2017,octobre,dimanche,10:45,95,95295,49.1063,1.8477,2,1,2,1,1,3,2,02,2,3,,,1,0,0,4,1,57,5,1,2,00,2,9,15,201700005162A01,1,15,1
201700005162,2017-10-15,2017,octobre,dimanche,10:45,95,95295,49.1063,1.8477,2,1,2,1,1,3,2,02,2,3,,,1,0,0,3,1,51,5,1,2,00,2,1,15,201700005162B01,1,15,1
201700005180,2017-05-05,2017,mai,vendredi,16:45,77,77453,48.54747,2.76575,1,2,3,1,1,3,2,02,1,1,000,030,1,5,1,3,1,76,5,1,2,00,0,5,1,201700005180B01,7,1,1
201700005185,2017-09-24,2017,septembre,dimanche,20:55,77,77354,48.47605,2.84511,1,1,2,3,1,3,2,02,1,1,000,070,1,0,1,3,1,35,0,1,4,00,0,4,1,201700005185B01,7,1,1
201700005191,2017-08-06,2017,août,dimanche,17:00,77,77222,48.63206,2.80039,2,3,3,1,1,4,,,,,,,,,,4,1,6,5,1,2,00,2,1,0,201700005191A01,7,1,1
201700005196,2017-05-08,2017,mai,lundi,10:20,77,77195,48.58562,2.76167,1,4,1,1,1,3,2,02,1,1,,,1,0,0,4,1,64,5,1,2,00,2,1,1,201700005196B01,3,15,1
201700005244,2017-12-09,2017,décembre,samedi,15:07,77,77388,48.95777,3.14264,2,1,2,1,1,3,3,02,1,1,024,059,2,0,1,2,1,68,5,1,2,00,0,6,1,201700005244B01,7,1,1
201700005254,2017-11-14,2017,novembre,mardi,11:15,77,77510,48.81048,2.78574,1,1,2,1,1,3,2,02,1,4,000,068,1,0,1,4,1,72,5,1,2,00,0,4,1,201700005254A01,7,1,1
201700005257,2017-03-23,2017,mars,jeudi,13:05,77,77176,48.75639,3.01701,1,1,3,1,1,3,2,02,1,1,000,000,1,0,1,4,1,48,5,1,2,00,0,4,1,201700005257B01,7,17,1
201700005298,2017-04-13,2017,avril,jeudi,15:50,77,77232,48.91566,2.81503,1,1,2,1,1,4,2,02,1,1,000,040,1,0,1,3,1,46,0,1,2,00,2,4,2,201700005298B01,7,2,1
201700005327,2017-05-28,2017,mai,dimanche,20:15,77,77272,48.54431,3.1437,1,9,3,1,1,3,2,02,1,1,000,055,1,0,1,3,1,27,5,1,2,00,2,7,9,201700005327B01,7,17,1
201700005336,2017-10-20,2017,octobre,vendredi,73:0,45,45082,47.8802,2.2368,1,2,2,2,2,3,2,02,1,1,000,000,2,5,1,3,1,62,5,1,4,00,0,4,9,201700005336A01,14,1,1
201700005338,2017-02-08,2017,février,mercredi,17:25,45,45089,47.88707,2.03129,2,1,2,1,1,4,2,02,1,1,000,062,1,0,1,3,1,16,5,1,2,00,2,1,1,201700005338B01,7,1,1
201700005357,2017-05-13,2017,mai,samedi,10:30,45,45036,47.78855,2.73405,1,1,1,1,1,3,2,03,1,1,000,000,1,0,1,3,1,46,5,1,2,00,2,1,19,201700005357A01,7,1,1
201700005363,2017-04-04,2017,avril,mardi,70:0,45,45122,47.76138,2.5428,1,1,3,2,1,3,2,02,1,1,000,050,1,0,1,3,1,56,1,1,9,00,0,3,2,201700005363B01,7,2,1
201700005365,2017-07-09,2017,juillet,dimanche,16:15,45,45042,47.81084,2.40055,2,1,1,1,1,3,2,02,2,1,000,060,1,0,1,3,1,26,5,1,2,00,2,1,13,201700005365A01,2,1,1
201700005412,2017-03-14,2017,mars,mardi,13:45,37,37003,47.4011,0.98574,2,1,1,1,1,9,2,02,2,-1,004,010,1,,,3,1,69,5,1,2,00,2,1,21,201700005412B01,7,16,1
201700005434,2017-10-25,2017,octobre,mercredi,16:00,37,37003,47.41271,0.94518,2,1,7,1,1,9,2,02,2,-1,000,090,1,0,1,3,1,73,5,1,2,00,0,0,0,201700005434A01,,,
201700005439,2017-06-23,2017,juin,vendredi,17:10,37,37079,47.3229,1.02708,1,1,3,1,1,4,2,02,1,1,000,010,1,0,1,3,1,11,5,1,2,00,2,8,15,201700005439B01,7,2,1
201700005464,2017-06-15,2017,juin,jeudi,82:6,33,33528,44.8712,-0.92207,1,1,2,1,7,3,2,02,1,1,000,061,1,0,3,4,1,52,5,1,2,01,0,1,2,201700005464A01,7,24,1
201700005468,2017-07-25,2017,juillet,mardi,95:0,33,33214,45.00187,-1.19327,2,9,3,1,1,3,2,02,1,-1,000,015,1,,1,3,1,84,5,1,2,00,2,7,19,201700005468B01,7,1,1
201700005469,2017-08-08,2017,août,mardi,11:05,33,33333,44.87782,-1.08109,2,9,2,1,1,3,2,02,1,-1,000,010,1,,1,3,1,29,5,1,2,00,2,4,13,201700005469B01,7,17,1
201700005488,2017-07-29,2017,juillet,samedi,18:20,33,33199,44.6382,-1.11249,2,6,2,1,1,3,2,02,,,,,,5,1,4,1,55,5,1,2,00,2,6,19,201700005488B01,10,15,1
201700005492,2017-10-18,2017,octobre,mercredi,80:5,33,33527,44.62327,-1.02492,2,6,3,2,1,3,2,02,1,-1,000,020,1,,1,4,2,12,2,1,2,00,0,5,19,201700005492A01,7,1,1
201700005495,2017-11-18,2017,novembre,samedi,15:35,33,33199,44.62243,-1.07343,2,6,3,1,1,3,2,02,1,1,702,110,1,,1,3,1,57,5,1,2,00,0,7,19,201700005495B01,7,1,1
201700005512,2017-02-25,2017,février,samedi,12:15,06,06004,0,0,2,6,3,1,1,4,-1,01,1,-1,020,050,1,0,1,3,1,70,5,1,2,00,2,7,16,201700005512B01,7,16,1
201700005521,2017-03-30,2017,mars,jeudi,11:45,06,06004,43.60237,7.09177,2,3,6,1,1,4,2,02,3,1,000,000,-1,0,0,4,1,52,1,1,2,00,2,4,1,201700005521B01,7,1,1
201700005522,2017-04-05,2017,avril,mercredi,15:10,06,06004,43.5698,7.0844,1,1,2,1,1,4,2,00,1,1,000,000,1,0,1,4,1,65,5,1,2,00,2,4,2,201700005522B01,34,2,1
201700005541,2017-05-19,2017,mai,vendredi,18:50,06,06004,43.55073,7.11889,1,1,6,1,1,4,2,02,2,2,000,030,1,0,1,3,1,22,0,1,2,00,0,0,0,201700005541C01,7,15,1
201700005541,2017-05-19,2017,mai,vendredi,18:50,06,06004,43.55073,7.11889,1,1,6,1,1,4,2,02,2,2,000,030,1,0,1,3,1,17,5,1,2,00,0,0,0,201700005541D01,7,15,1
201700005546,2017-06-27,2017,juin,mardi,73:5,06,06004,43.58942,7.12359,2,1,3,1,1,3,3,00,1,3,000,060,1,0,5,4,1,62,0,1,9,00,2,6,1,201700005546B01,7,14,1
201700005551,2017-07-10,2017,juillet,lundi,17:35,06,06004,43.61254,7.12621,2,6,3,1,1,3,1,00,1,2,000,000,1,0,1,3,1,71,5,1,2,00,2,7,2,201700005551B01,7,2,1
201700005555,2017-07-25,2017,juillet,mardi,13:20,06,06004,43.61184,7.12758,2,1,2,1,1,3,1,00,1,1,000,060,1,0,5,3,1,33,0,1,2,00,2,1,1,201700005555B01,99,16,1
201700005556,2017-07-25,2017,juillet,mardi,19:20,06,06004,43.60298,7.12552,2,1,1,1,1,3,4,02,1,1,000,012,1,0,5,3,1,22,5,1,2,00,2,1,1,201700005556B01,7,14,1
201700005561,2017-09-02,2017,septembre,samedi,18:20,06,06004,43.59619,7.08967,2,6,3,1,2,3,2,02,1,1,030,030,2,5,1,3,1,23,2,1,9,00,2,8,19,201700005561B01,7,16,1
201700005574,2017-12-01,2017,décembre,vendredi,11:50,06,06004,43.5699,7.13399,2,3,3,1,1,3,2,02,1,3,000,060,1,0,1,3,1,56,5,1,9,00,2,6,15,201700005574B01,33,1,1
201700005701,2017-12-31,2017,décembre,dimanche,12:00,06,06123,43.6565,7.17861,2,1,1,1,1,3,2,02,1,1,000,000,1,6,5,3,1,54,5,1,2,00,9,1,0,201700005701A01,1,0,1
201700005701,2017-12-31,2017,décembre,dimanche,12:00,06,06123,43.6565,7.17861,2,1,1,1,1,3,2,02,1,1,000,000,1,6,5,3,1,64,5,1,2,00,9,1,0,201700005701B01,1,0,1
201700005801,2017-11-19,2017,novembre,dimanche,10:12,06,06029,43.54906,6.99142,2,1,3,1,1,4,2,02,1,1,000,080,1,0,1,4,2,39,5,1,2,00,2,8,1,201700005801B01,7,17,1
201700005885,2017-06-16,2017,juin,vendredi,19:00,06,06069,43.65388,6.92111,2,1,7,1,1,3,2,02,-1,-1,000,000,-1,0,1,4,1,25,1,1,2,00,0,0,0,201700005885A01,,,
201700005890,2017-06-22,2017,juin,jeudi,17:45,06,06069,0,0,2,2,7,1,8,4,2,02,1,1,000,000,1,0,1,3,1,59,5,1,2,00,0,0,1,201700005890B01,7,1,1
201700005900,2017-07-10,2017,juillet,lundi,15:20,06,06069,43.65621,6.9304,2,1,3,1,1,3,2,02,2,2,000,000,1,0,1,3,1,15,5,1,2,00,2,3,13,201700005900A01,7,13,1
201700005910,2017-07-26,2017,juillet,mercredi,80:0,06,06069,43.654,6.93084,2,1,3,1,1,3,2,02,2,1,000,085,1,0,1,4,1,39,5,1,2,00,2,1,1,201700005910B01,7,15,1
201700005960,2017-11-15,2017,novembre,mercredi,15:15,06,06069,43.657,6.9233,2,1,1,1,1,3,2,00,2,1,000,000,1,0,1,4,1,13,5,1,9,00,2,1,1,201700005960B01,7,13,1