Num_Acc,date,an,mois,jour,hrmn,dep,com,lat,long,agg,int,col,lum,atm,catr,circ,nbv,prof,plan,lartpc,larrout,surf,infra,situ,grav,sexe,age,trajet,secuexist,equipement,obs,obsm,choc,manv,vehiculeid,typevehicules,manoeuvehicules,numVehicules
201700005974,2017-11-30,2017,novembre,jeudi,14:10,06,06069,43.66,6.922,2,1,7,1,1,9,1,01,2,-1,000,000,1,0,1,4,2,45,5,1,2,00,0,0,19,201700005974A01,,,
201700005981,2017-12-13,2017,décembre,mercredi,15:00,06,06069,43.65,6.944,2,9,3,1,1,9,2,00,1,1,000,000,1,6,1,4,1,13,5,1,9,00,2,1,0,201700005981A01,7,9,1
201700006005,2017-04-12,2017,avril,mercredi,15:10,06,06083,43.77123,7.49512,2,3,3,1,1,3,2,02,1,1,000,070,1,0,1,3,1,27,0,1,2,00,2,8,15,201700006005B01,33,1,1
201700006058,2017-01-08,2017,janvier,dimanche,11:39,06,06088,0,0,1,1,3,1,1,4,2,02,-1,-1,000,000,-1,0,1,4,1,55,4,1,2,00,2,1,1,201700006058B01,7,5,1
201700006089,2017-02-01,2017,février,mercredi,10:05,06,06088,0,0,2,1,1,1,1,4,2,03,1,1,000,900,1,6,1,4,2,64,5,1,2,00,2,7,19,201700006089A01,33,1,1
201700006119,2017-03-03,2017,mars,vendredi,85:6,06,06088,43.70912,7.26701,2,1,2,1,1,4,-1,00,-1,-1,000,000,-1,0,0,3,2,22,1,1,9,00,2,7,1,201700006119A01,7,1,1
201700006124,2017-03-06,2017,mars,lundi,10:04,06,06088,0,0,2,1,6,1,1,3,1,03,1,1,000,000,1,5,1,4,1,67,5,1,2,01,0,1,1,201700006124B01,7,22,1
201700006138,2017-03-19,2017,mars,dimanche,17:02,06,06159,0,0,2,1,3,1,1,3,2,02,2,1,000,000,1,0,0,3,1,24,0,1,2,00,2,1,1,201700006138B01,7,16,1
201700006145,2017-03-25,2017,mars,samedi,40:0,06,06088,0,0,2,2,3,5,8,3,1,03,1,1,000,000,2,0,1,3,1,25,0,1,9,00,2,7,0,201700006145A01,7,0,1
201700006166,2017-04-10,2017,avril,lundi,15:00,06,06088,43.67356,7.20782,2,1,6,1,1,4,2,01,1,1,000,000,1,0,0,1,1,45,0,1,9,00,1,0,0,201700006166A01,,,
201700006166,2017-04-10,2017,avril,lundi,15:00,06,06088,43.67356,7.20782,2,1,6,1,1,4,2,01,1,1,000,000,1,0,0,4,1,15,0,1,8,00,1,0,0,201700006166A01,,,
201700006181,2017-04-21,2017,avril,vendredi,18:10,06,06088,43.73695,7.29918,2,1,3,1,1,4,2,00,1,1,000,000,1,0,1,4,1,16,5,1,9,00,2,7,19,201700006181B01,7,1,1
201700006210,2017-05-17,2017,mai,mercredi,73:5,06,06088,43.71333,7.2889,2,2,3,1,1,4,1,04,1,1,000,000,1,5,1,3,1,43,5,1,9,00,2,1,1,201700006210B01,7,1,1
201700006225,2017-05-31,2017,mai,mercredi,10:20,06,06159,43.70986,7.31116,2,1,6,1,1,3,2,02,2,4,000,030,1,0,1,2,1,67,0,1,2,08,0,1,1,201700006225A01,,,
201700006256,2017-06-20,2017,juin,mardi,64:0,06,06088,43.7059,7.28301,2,2,5,2,1,4,2,00,1,1,000,000,1,4,1,1,1,48,0,1,2,00,2,1,2,201700006256C01,7,1/2,2
201700006271,2017-07-03,2017,juillet,lundi,19:10,06,06088,43.7382,7.30707,2,1,3,1,1,4,2,01,1,1,000,040,1,0,1,4,1,13,5,1,9,00,2,7,19,201700006271B01,7,1,1
201700006273,2017-07-05,2017,juillet,mercredi,93:0,06,06088,47.70045,7.28654,2,1,3,1,1,4,-1,02,-1,3,000,050,1,0,1,4,1,3,5,1,2,00,2,1,19,201700006273B01,7,16,1
201700006387,2017-10-11,2017,octobre,mercredi,10:10,06,06088,43.66686,7.21632,2,1,3,1,1,3,3,04,1,1,000,000,1,0,1,4,1,60,1,1,9,00,2,8,11,201700006387A01,7,1,1
201700006391,2017-10-16,2017,octobre,lundi,18:00,06,06088,43.71167,7.19691,2,1,1,1,1,4,1,01,2,3,000,000,1,0,1,3,1,14,0,1,9,00,2,1,5,201700006391A01,10,0,1
201700006401,2017-10-25,2017,octobre,mercredi,13:45,06,06088,43.68569,7.23655,2,1,3,1,1,3,1,03,1,1,000,000,1,0,1,4,1,56,5,1,9,00,2,7,19,201700006401B01,7,1,1
201700006402,2017-10-27,2017,octobre,vendredi,11:50,06,06088,0,0,2,1,3,1,1,4,2,02,1,1,000,074,1,0,1,4,1,8,5,1,2,00,2,8,19,201700006402B01,7,1,1
201700006438,2017-12-02,2017,décembre,samedi,11:15,06,06088,43.70938,7.28228,2,1,2,1,1,4,1,02,1,1,000,000,2,0,1,3,1,23,5,1,2,00,2,1,2,201700006438A01,7,1,1
201700006465,2017-10-05,2017,octobre,jeudi,15:25,33,33234,44.78488,-0.50473,2,2,3,1,1,3,2,02,1,1,,,1,,5,3,1,62,5,1,2,00,2,1,1,201700006465B01,7,0,1
201700006483,2017-08-15,2017,août,mardi,11:00,13,13040,43.44576,5.5774,1,1,3,1,1,3,2,02,2,1,000,065,1,0,1,4,1,62,5,1,2,00,2,1,1,201700006483B01,7,15,1
201700006489,2017-04-09,2017,avril,dimanche,15:35,07,07331,44.6597,4.36781,2,7,1,1,1,9,2,02,1,1,000,000,1,0,1,3,1,52,5,1,2,00,2,2,1,201700006489B01,7,15,1
201700006492,2017-05-31,2017,mai,mercredi,18:35,07,07019,44.60493,4.3859,2,1,3,1,1,3,2,01,2,1,000,035,1,0,1,3,1,16,5,1,2,00,0,0,0,201700006492B01,7,1,1
201700006496,2017-07-10,2017,juillet,lundi,12:00,07,07019,44.6157,4.40427,1,6,2,1,1,2,1,01,1,-1,000,000,1,0,1,4,1,45,5,1,9,00,2,4,15,201700006496B01,7,2,1
201700006498,2017-08-22,2017,août,mardi,18:00,07,07116,44.63917,4.37172,2,1,5,1,1,3,2,02,1,1,000,073,1,0,1,4,2,14,5,1,2,00,2,1,2,201700006498C01,10,1,2
201700006516,2017-04-04,2017,avril,mardi,15:00,07,07102,0,0,2,6,3,1,1,4,1,01,1,2,000,000,1,0,1,4,1,56,5,1,2,00,2,7,14,201700006516B01,7,9,1
201700006517,2017-04-20,2017,avril,jeudi,10:30,07,07281,44.94,4.84,2,6,6,1,1,3,4,01,1,2,000,000,1,0,1,3,2,37,4,1,9,00,2,1,2,201700006517B01,17,0,1
201700006520,2017-10-05,2017,octobre,jeudi,19:10,07,07102,44.93777,4.86416,2,6,3,2,1,4,2,02,1,-1,000,000,1,0,1,3,1,51,1,1,2,00,2,7,1,201700006520B01,7,9,1
201700006523,2017-11-21,2017,novembre,mardi,16:00,07,07102,44.93805,4.86388,2,6,3,1,1,4,2,02,1,1,000,000,1,0,1,4,2,56,5,1,2,00,2,3,9,201700006523B01,7,9,1
201700006529,2017-09-29,2017,septembre,vendredi,93:0,11,11202,42.85937,3.03867,2,9,2,1,1,9,1,01,1,-1,000,010,1,,,3,2,71,5,1,2,00,2,7,5,201700006529B01,7,20,1
201700006546,2017-09-03,2017,septembre,dimanche,16:52,07,07186,44.7337,4.607,1,1,6,1,1,3,2,02,2,2,000,082,1,0,1,3,1,35,3,1,2,03,0,1,14,201700006546A01,,,
201700006548,2017-11-18,2017,novembre,samedi,15:30,07,07008,44.71242,4.62525,1,6,3,1,1,2,1,00,1,-1,000,000,1,5,1,4,2,78,5,1,2,00,2,1,2,201700006548B01,7,9,1
201700006553,2017-03-29,2017,mars,mercredi,14:55,34,34259,43.60828,3.79058,1,1,7,1,1,3,2,02,1,1,000,060,1,0,0,3,1,53,5,1,2,00,0,0,0,201700006553A01,,,
201700006561,2017-09-28,2017,septembre,jeudi,17:10,34,34123,43.61137,3.80571,2,1,3,1,1,3,2,02,1,1,000,070,1,0,1,3,1,64,5,1,2,00,2,2,3,201700006561A01,10,15,1
201700006601,2017-01-04,2017,janvier,mercredi,13:40,33,33005,44.73973,-1.094,2,2,6,1,5,3,2,02,1,-1,006,510,1,5,,4,1,15,5,1,2,00,2,8,15,201700006601B01,7,1,1
201700006805,2017-12-19,2017,décembre,mardi,17:05,68,68278,47.74964,7.39281,2,1,6,5,1,4,2,02,1,1,000,059,1,0,1,3,1,14,2,1,4,00,0,0,1,201700006805A01,37,1,1
201700006808,2017-03-16,2017,mars,jeudi,11:35,95,95371,49.0946,2.5041,2,1,3,1,1,3,2,02,1,1,,,1,0,1,4,1,51,5,1,9,00,2,7,17,201700006808B01,7,13,1
201700006810,2017-05-26,2017,mai,vendredi,10:00,95,95580,49.0867,2.5521,1,6,3,1,1,3,1,02,2,1,,,1,,1,2,1,45,5,1,2,00,2,8,9,201700006810B01,17,9,1
201700006905,2017-02-01,2017,février,mercredi,73:0,13,13032,43.57535,5.36282,2,1,2,1,1,3,2,02,2,1,000,035,1,0,1,3,1,33,1,1,2,00,2,1,2,201700006905B01,17,23,1
201700006906,2017-02-07,2017,février,mardi,15:30,13,13114,43.54022,5.26717,2,6,3,1,1,3,1,01,1,-1,000,015,5,,,3,1,46,5,1,2,00,2,1,1,201700006906B01,7,16,1
201700006915,2017-06-24,2017,juin,samedi,93:0,13,13114,43.54456,5.27828,2,3,7,1,1,3,2,02,2,-1,000,010,3,,,3,1,56,5,1,2,00,0,0,0,201700006915A01,,,
201700006917,2017-08-04,2017,août,vendredi,93:0,13,13032,43.58619,5.31145,1,1,3,1,1,3,2,02,1,-1,044,000,1,0,1,4,1,35,5,1,2,00,2,1,2,201700006917B01,33,23,1
201700006970,2017-01-03,2017,janvier,mardi,17:15,08,08105,49.78424,4.71024,2,3,3,3,2,4,1,00,-1,-1,000,000,2,0,1,3,1,30,0,1,2,00,2,0,0,201700006970B01,7,9,1
201700006999,2017-07-19,2017,juillet,mercredi,18:50,08,08497,49.77091,4.65872,1,9,3,1,1,3,4,00,1,2,000,000,1,0,1,3,1,48,5,1,2,00,2,1,9,201700006999B01,7,9,1
201700007001,2017-08-08,2017,août,mardi,22:10,08,08105,49.74344,4.7258,2,1,7,5,1,4,2,00,1,1,000,000,1,0,4,3,1,38,5,1,9,15,0,1,14,201700007001A01,,,
201700007002,2017-08-11,2017,août,vendredi,16:30,08,08105,49.77001,4.7121,2,3,2,1,1,3,2,00,2,1,000,000,1,0,1,4,1,32,5,1,9,00,2,1,1,201700007002B01,7,16,1
201700007005,2017-10-01,2017,octobre,dimanche,15:21,08,08105,49.77244,4.72579,2,3,3,1,1,3,2,00,1,1,000,000,1,0,1,3,1,52,5,1,4,00,2,1,1,201700007005B01,7,15,1
201700007050,2017-02-18,2017,février,samedi,11:35,69,69268,45.66378,4.77955,1,9,3,1,1,3,1,02,1,-1,008,610,1,,,4,1,61,5,1,2,00,2,3,19,201700007050B01,7,1,1
201700007059,2017-07-27,2017,juillet,jeudi,12:00,69,69268,45.65017,4.75127,1,1,3,1,1,3,2,02,1,1,000,000,1,0,1,3,1,31,5,1,9,00,2,3,15,201700007059B01,10,2,1
201700007151,2017-07-11,2017,juillet,mardi,95:0,08,08409,49.7,4.95,2,1,3,1,1,4,2,02,1,1,000,000,1,0,1,2,1,78,3,1,2,00,2,1,19,201700007151B01,7,15,1
201700007177,2017-02-07,2017,février,mardi,80:0,38,38486,45.15674,5.69562,2,3,3,1,2,4,2,02,2,-1,000,010,1,,,4,1,35,1,1,4,00,2,1,3,201700007177B01,7,15,1
201700007191,2017-05-27,2017,mai,samedi,13:30,38,38112,45.08697,6.14905,1,1,7,1,1,4,2,02,3,-1,000,045,9,0,1,4,1,37,5,1,2,00,9,1,1,201700007191A01,,,
201700007193,2017-05-28,2017,mai,dimanche,12:10,38,38375,44.96285,6.16634,1,1,6,1,1,3,2,02,2,3,000,065,1,0,3,2,1,33,5,1,2,13,0,1,1,201700007193A01,,,
201700007194,2017-06-09,2017,juin,vendredi,17:30,38,38285,45.05141,5.98778,2,1,6,1,1,3,2,02,2,2,000,050,1,6,1,4,1,55,5,1,2,00,1,1,2,201700007194A01,,,
201700007196,2017-07-30,2017,juillet,dimanche,10:20,38,38173,45.04651,6.12743,2,1,7,1,1,3,2,02,2,1,000,000,2,0,1,3,1,75,5,1,2,00,0,0,1,201700007196A01,,,
201700007197,2017-08-10,2017,août,jeudi,16:30,38,38285,45.03131,5.97493,1,1,6,1,1,3,2,02,2,1,000,060,1,0,1,4,1,64,5,1,2,00,1,1,1,201700007197A01,,,
201700007198,2017-08-12,2017,août,samedi,15:00,38,38375,44.9629,6.16434,1,1,3,1,1,3,2,02,2,3,000,050,1,0,1,4,1,51,5,1,2,00,2,8,1,201700007198B01,7,1,1
201700007200,2017-08-18,2017,août,vendredi,16:33,38,38177,45.07014,6.04602,1,1,7,1,1,3,2,02,2,3,000,093,1,0,1,3,1,35,5,1,2,00,0,0,1,201700007200A01,,,
201700007203,2017-08-26,2017,août,samedi,21:15,38,38052,45.06814,6.03924,1,1,7,3,1,3,2,02,2,1,000,000,1,0,1,4,1,22,5,1,2,04,0,1,1,201700007203A01,,,
201700007436,2017-02-27,2017,février,lundi,14:25,74,74081,46.06848,6.57219,2,1,6,1,1,4,1,01,1,4,000,000,1,0,1,1,1,21,1,1,9,00,1,0,5,201700007436A01,,,
201700007438,2017-03-15,2017,mars,mercredi,16:30,74,74169,46.05556,6.51817,1,1,3,1,1,3,2,02,2,2,000,000,1,0,1,4,1,24,1,1,2,00,2,8,1,201700007438B01,7,1,1
201700007451,2017-09-04,2017,septembre,lundi,93:0,74,74081,46.06915,6.56771,2,6,3,1,1,4,2,01,1,-1,005,010,1,5,1,4,1,23,1,1,2,00,0,4,2,201700007451B01,7,2,1
201700007636,2017-04-04,2017,avril,mardi,16:20,06,06085,43.60551,6.99292,2,3,3,1,1,3,2,02,1,1,000,000,1,0,1,4,1,31,5,1,2,00,2,1,1,201700007636B01,7,15,1
201700007674,2017-09-26,2017,septembre,mardi,19:00,66,66140,42.70057,2.76317,1,3,3,1,1,3,2,02,1,-1,000,010,1,,,3,1,63,5,1,2,00,2,1,1,201700007674B01,7,15,1
201700007727,2017-04-03,2017,avril,lundi,70:0,42,42279,45.51028,4.23849,2,6,3,2,1,3,1,01,1,-1,008,810,1,,,4,1,44,1,1,2,00,0,2,16,201700007727B01,7,16,1
201700007729,2017-07-05,2017,juillet,mercredi,93:0,42,42279,45.50186,4.25425,2,3,3,1,7,3,2,02,1,-1,006,010,1,,,4,1,72,5,1,2,00,0,8,1,201700007729B01,7,16,1
201700007730,2017-07-15,2017,juillet,samedi,11:20,42,42042,45.45281,4.23009,1,1,7,1,1,3,2,02,4,3,000,067,1,0,3,2,1,59,5,1,2,00,0,0,1,201700007730A01,,,
201700007750,2017-04-06,2017,avril,jeudi,18:15,06,06152,43.6235,7.00833,2,9,2,1,1,3,2,02,1,-1,009,010,1,,,4,1,15,5,1,2,00,2,7,9,201700007750A01,7,1,1
201700007753,2017-04-16,2017,avril,dimanche,12:00,06,06152,43.64381,7.01443,2,2,7,1,1,3,2,02,2,-1,000,010,1,,,4,1,77,5,1,2,00,0,7,1,201700007753A01,,,
201700007759,2017-06-27,2017,juin,mardi,84:0,06,06152,43.61261,7.02802,1,1,7,1,1,3,3,02,2,3,000,041,1,0,3,3,1,46,1,1,2,16,0,0,14,201700007759A01,,,
201700007766,2017-08-24,2017,août,jeudi,82:0,06,06152,43.64238,7.03512,2,6,3,1,1,3,2,02,1,-1,008,010,1,,,3,1,46,1,1,2,00,2,1,1,201700007766B01,7,9,1
201700007769,2017-09-16,2017,septembre,samedi,18:45,06,06152,43.60491,7.06062,1,4,3,1,1,3,2,04,2,,010,130,1,0,1,3,1,65,5,1,2,00,2,5,12,201700007769B01,7,1,1
201700007789,2017-09-14,2017,septembre,jeudi,10:55,34,34255,43.68348,3.79545,1,1,3,1,1,3,2,02,1,1,000,050,1,0,1,2,1,68,5,1,2,00,2,3,1,201700007789B01,10,17,1
201700007825,2017-08-06,2017,août,dimanche,12:05,13,13037,43.54724,5.19358,2,6,3,1,1,4,1,01,1,-1,000,010,1,,,4,1,36,5,1,2,00,2,4,1,201700007825B01,7,1,1
201700007828,2017-07-16,2017,juillet,dimanche,10:35,95,95042,49.0579,2.2814,1,1,7,1,1,3,2,01,1,1,,,1,0,1,3,1,69,5,1,2,16,0,9,1,201700007828A01,,,
201700007834,2017-03-13,2017,mars,lundi,80:5,35,35210,48.13531,-1.78251,1,1,2,1,1,4,2,02,2,1,000,052,1,0,1,3,1,50,1,1,2,00,2,4,1,201700007834B01,10,2,1
201700007836,2017-04-02,2017,avril,dimanche,14:20,35,35210,48.17185,-1.78836,1,1,2,1,1,3,2,02,2,1,000,000,1,0,1,3,2,69,5,1,2,00,0,4,1,201700007836B01,7,2,1
201700007838,2017-04-30,2017,avril,dimanche,10:30,35,35131,48.12309,-1.82241,2,8,7,1,2,3,2,02,1,-1,906,224,1,0,1,3,1,67,5,1,2,14,0,7,1,201700007838A01,,,
201700007842,2017-06-27,2017,juin,mardi,12:45,35,35189,48.15132,-1.70967,2,1,3,1,2,4,2,02,1,1,000,020,1,0,1,3,1,17,2,1,2,00,2,8,19,201700007842A01,7,1,1
201700007848,2017-11-18,2017,novembre,samedi,13:55,35,35131,48.12896,-1.82813,1,6,3,1,1,3,2,02,1,2,000,010,1,5,1,3,2,61,5,1,2,00,2,7,1,201700007848B01,7,9,1
201700007882,2017-06-10,2017,juin,samedi,17:40,34,34333,43.47161,3.79524,1,1,3,1,1,4,2,02,1,-1,004,010,1,,,3,1,69,5,1,2,00,2,8,16,201700007882B01,7,15,1
201700007888,2017-09-02,2017,septembre,samedi,12:15,34,34333,43.47163,3.78196,1,1,2,1,1,3,2,02,1,1,000,037,1,0,1,3,1,24,5,1,2,00,0,1,1,201700007888B01,7,1,1
201700007913,2017-04-10,2017,avril,lundi,63:0,13,13069,43.62626,5.15066,1,6,3,2,1,3,2,,1,-1,,,-1,0,1,4,1,42,1,1,2,00,2,5,12,201700007913B01,10,9,1
201700007916,2017-08-01,2017,août,mardi,94:5,13,13069,43.62653,5.14843,1,6,3,1,1,3,2,02,1,-1,007,015,1,,,3,1,72,5,1,2,00,2,6,1,201700007916B01,7,9,1
201700007917,2017-08-05,2017,août,samedi,83:5,13,13069,43.63232,5.14309,2,3,3,1,7,3,2,02,1,1,,,1,0,1,2,1,79,3,1,2,00,2,6,1,201700007917B01,7,15,1
201700007919,2017-08-21,2017,août,lundi,18:15,13,13029,43.58544,5.04975,1,1,3,1,1,3,2,02,2,1,000,043,1,0,1,3,1,42,5,1,2,00,2,1,1,201700007919B01,7,1,1
201700007923,2017-10-21,2017,octobre,samedi,13:00,13,13044,43.62014,5.07235,1,1,3,1,1,3,2,02,1,1,000,000,1,0,1,4,1,15,5,1,2,00,2,2,13,201700007923A01,7,2,1
201700007962,2017-02-09,2017,février,jeudi,15:13,10,10387,48.2959,4.09537,2,1,2,1,8,4,2,01,1,2,,,1,0,1,3,1,71,5,1,9,00,2,7,1,201700007962B01,7,4,1
201700007976,2017-03-28,2017,mars,mardi,73:0,10,10387,48.29345,4.06873,2,3,3,1,1,4,2,02,2,1,,,1,0,1,3,1,30,2,1,2,00,2,1,19,201700007976B01,7,15,1
201700007977,2017-03-29,2017,mars,mercredi,16:36,10,10343,48.27314,4.10306,2,1,1,1,1,4,2,01,1,2,,,1,0,4,4,1,9,5,1,9,00,2,1,0,201700007977B01,7,0,1
201700007981,2017-04-30,2017,avril,dimanche,11:49,10,10387,48.28998,4.0678,2,6,3,1,1,4,1,02,1,2,,,1,0,5,3,1,60,5,1,2,00,2,8,5,201700007981B01,7,9,1
201700007999,2017-07-04,2017,juillet,mardi,14:34,10,10387,48.29474,4.08262,2,2,3,1,1,4,1,02,1,1,,,1,0,1,3,2,20,1,1,2,00,9,1,9,201700007999B01,14,16,1
201700008000,2017-07-03,2017,juillet,lundi,13:40,10,10333,48.28851,4.04537,2,1,3,1,1,4,2,02,1,1,,,1,5,1,4,1,44,9,1,9,00,2,4,19,201700008000B01,7,1,1
201700008005,2017-07-20,2017,juillet,jeudi,12:09,10,10387,48.2774,4.07601,2,1,1,1,8,4,2,02,1,1,,,1,0,5,4,1,12,5,1,2,00,9,8,0,201700008005B01,31,0,1
201700008006,2017-07-18,2017,juillet,mardi,18:40,10,10362,48.29286,4.04627,2,1,6,1,1,4,2,02,1,1,,070,1,0,1,3,2,46,0,1,2,01,0,1,1,201700008006B01,7,22,1
201700008013,2017-09-19,2017,septembre,mardi,23:00,10,10081,48.32033,4.05266,2,1,6,5,1,4,2,02,1,1,,,1,2,1,2,1,41,5,1,2,00,2,9,0,201700008013B01,7,13,1
201700008014,2017-09-02,2017,septembre,samedi,18:46,10,10387,48.28758,4.08138,2,1,1,1,1,4,3,02,1,1,,,1,0,1,3,1,76,3,1,2,00,2,1,9,201700008014B01,7,9,1
201700008015,2017-09-07,2017,septembre,jeudi,18:00,10,10387,48.28871,4.08038,2,1,3,1,1,4,1,01,1,1,,050,1,0,5,3,2,67,0,1,2,00,2,3,19,201700008015B01,31,1,1
201700008016,2017-09-25,2017,septembre,lundi,15:51,10,10362,48.29087,4.06332,2,3,6,1,1,4,2,02,1,1,,,1,0,1,4,1,22,9,1,2,00,2,1,9,201700008016B01,31,1,1
201700008019,2017-10-13,2017,octobre,vendredi,12:13,10,10060,48.26035,4.12293,1,3,3,1,1,3,2,02,1,1,,066,1,0,1,2,1,64,5,1,2,00,2,8,9,201700008019B01,7,21,1
201700008021,2017-07-29,2017,juillet,samedi,18:55,10,10081,48.30509,4.02689,2,9,3,1,1,4,2,02,1,1,,050,1,0,5,3,1,54,0,1,2,00,2,8,19,201700008021B01,7,2,1
201700008032,2017-10-19,2017,octobre,jeudi,12:05,10,10387,48.29009,4.10085,2,2,7,1,1,4,2,02,1,1,,,1,0,1,4,2,52,1,1,9,00,2,0,1,201700008032B01,7,9,1
201700008096,2017-12-02,2017,décembre,samedi,14:50,35,35032,47.99725,-1.61322,2,3,3,1,1,3,2,02,4,2,000,015,1,5,1,3,2,69,5,1,9,00,2,1,1,201700008096A01,7,15,1
201700008112,2017-03-10,2017,mars,vendredi,75:0,11,11069,43.21617,2.36095,2,1,3,1,1,4,-1,02,2,1,000,087,1,2,1,4,1,64,1,1,2,00,0,0,0,201700008112B01,10,2,1
201700008123,2017-04-08,2017,avril,samedi,90:0,11,11069,43.2088,2.3799,2,1,3,1,1,4,2,02,3,2,000,060,1,0,1,4,1,64,5,1,2,00,2,1,0,201700008123B01,7,12,1
201700008144,2017-04-08,2017,avril,samedi,18:40,11,11069,43.21633,2.35613,2,2,3,1,1,4,1,01,1,1,000,052,1,0,1,4,1,23,5,1,2,00,2,8,1,201700008144B01,7,1,1
201700008145,2017-04-09,2017,avril,dimanche,14:38,11,11069,43.21029,2.38736,1,6,3,1,1,4,1,02,1,2,000,080,1,0,1,4,1,18,5,1,2,00,2,1,0,201700008145B01,7,6,1
201700008171,2017-07-18,2017,juillet,mardi,95:5,11,11069,43.19632,2.32182,1,6,3,1,1,3,1,01,1,-1,000,000,1,0,1,4,1,58,5,1,2,00,2,7,1,201700008171B01,7,9,1
201700008194,2017-10-04,2017,octobre,mercredi,84:0,11,11069,43.2069,2.385,1,1,3,1,1,2,2,02,1,1,000,105,1,0,1,4,1,69,9,1,2,00,2,9,2,201700008194B01,7,2,1
201700008236,2017-12-18,2017,décembre,lundi,18:10,11,11069,43.21269,2.34739,2,2,3,5,2,4,1,01,1,1,000,050,2,0,1,4,1,23,5,1,2,00,2,7,19,201700008236A01,7,1,1
201700008286,2017-03-19,2017,mars,dimanche,11:30,11,11262,43.18867,3.00467,2,1,6,1,1,4,2,02,1,1,000,000,1,0,1,4,1,57,5,1,2,01,0,8,9,201700008286B01,7,22,1
201700008295,2017-04-15,2017,avril,samedi,13:00,11,11262,43.18385,2.97583,2,1,3,1,8,4,-1,01,1,1,000,000,1,0,1,4,1,13,0,1,2,00,2,1,16,201700008295A01,10,1,1
201700008302,2017-05-14,2017,mai,dimanche,11:25,11,11262,43.18102,2.97088,2,1,1,1,1,4,2,02,1,1,000,000,1,0,4,4,1,35,0,1,9,00,2,1,1,201700008302B01,7,9,1
201700008304,2017-05-18,2017,mai,jeudi,16:00,11,11262,43.17587,2.99352,1,3,3,1,1,4,2,03,1,2,000,000,1,0,0,4,1,81,5,1,9,00,2,7,15,201700008304B01,14,15,1
201700008329,2017-09-05,2017,septembre,mardi,16:35,11,11262,43.1929,2.98069,1,6,7,1,1,3,2,04,1,2,000,000,1,0,1,4,1,29,1,1,9,00,0,0,9,201700008329B01,7,9,1
201700008345,2017-10-17,2017,octobre,mardi,17:50,11,11262,43.18439,2.97674,2,1,3,1,1,4,2,00,1,1,000,000,1,0,1,4,1,14,0,1,2,00,2,0,0,201700008345B01,7,0,1
201700008348,2017-10-19,2017,octobre,jeudi,10:45,11,11262,43.19135,3.01462,2,1,3,1,2,4,2,02,1,1,000,000,1,0,1,4,1,44,9,1,9,00,2,0,0,201700008348B01,7,2,1
201700008388,2017-06-04,2017,juin,dimanche,20:45,13,13050,43.69007,5.28182,1,1,1,1,1,3,2,02,2,1,000,040,1,0,1,3,1,16,5,1,2,00,2,1,0,201700008388B01,7,1,1
201700008394,2017-01-09,2017,janvier,lundi,13:00,30,30036,43.78041,4.29298,1,1,2,1,1,2,2,02,1,2,000,070,1,0,1,3,2,21,5,1,2,00,2,4,1,201700008394B01,7,1,1
201700008472,2017-03-10,2017,mars,vendredi,20:00,12,12145,0,0,2,2,3,5,1,4,2,02,2,1,000,000,1,0,0,4,1,23,5,1,2,00,2,1,1,201700008472B01,7,15,1
201700008476,2017-06-09,2017,juin,vendredi,11:05,12,12145,0,0,1,1,6,1,1,4,2,00,2,-1,000,000,1,0,1,1,1,30,0,1,2,00,1,1,1,201700008476P01,,,
201700008479,2017-09-20,2017,septembre,mercredi,16:53,12,12145,44.0888,3.06035,2,4,3,1,1,3,2,02,1,1,000,120,1,5,1,3,1,66,5,1,2,00,2,8,1,201700008479B01,10,15,1
201700008487,2017-05-05,2017,mai,vendredi,15:55,12,12202,0,0,2,1,7,1,1,4,2,02,-1,-1,000,000,-1,0,0,3,1,54,5,1,9,00,0,1,2,201700008487A01,,,
201700008490,2017-05-29,2017,mai,lundi,11:05,12,12202,0,0,2,1,3,1,1,3,2,02,-1,-1,000,000,-1,0,1,3,2,36,4,1,2,00,2,1,2,201700008490B01,7,15,1
201700008583,2017-07-27,2017,juillet,jeudi,10:30,13,13001,43.50809,5.40644,2,2,1,1,1,3,2,02,1,1,000,044,1,6,1,3,2,60,5,1,9,00,2,1,15,201700008583B01,7,9,1
201700008598,2017-09-14,2017,septembre,jeudi,17:10,13,13001,0,0,1,9,2,1,1,3,2,02,1,1,000,060,1,0,1,3,1,70,5,1,2,00,2,6,15,201700008598B01,7,1,1
201700008618,2017-11-27,2017,novembre,lundi,12:35,13,13001,43.51924,5.43627,2,9,2,1,1,4,2,02,2,1,000,054,1,6,1,3,1,41,0,1,2,00,2,1,1,201700008618B01,7,15,1
201700008638,2017-02-03,2017,février,vendredi,19:00,13,13004,0,0,2,1,6,5,1,4,2,02,3,1,000,079,1,0,1,4,2,22,5,1,2,00,0,0,0,201700008638B01,7,0,1
201700008649,2017-12-01,2017,décembre,vendredi,12:30,13,13004,43.68196,4.63459,2,3,2,1,1,4,2,02,1,1,000,062,1,0,1,4,1,73,5,1,9,00,2,4,1,201700008649B01,7,1,1