Num_Acc,date,an,mois,jour,hrmn,dep,com,lat,long,agg,int,col,lum,atm,catr,circ,nbv,prof,plan,lartpc,larrout,surf,infra,situ,grav,sexe,age,trajet,secuexist,equipement,obs,obsm,choc,manv,vehiculeid,typevehicules,manoeuvehicules,numVehicules
201700008666,2017-03-09,2017,mars,jeudi,90:0,13,13005,43.29597,5.58365,1,1,1,1,1,3,2,02,2,1,000,000,1,0,1,4,1,60,5,1,9,00,2,0,0,201700008666B01,7,15,1
201700008684,2017-05-28,2017,mai,dimanche,11:20,13,13005,43.29445,5.55774,2,1,7,1,1,3,2,00,-1,-1,000,000,1,2,1,3,1,84,0,1,2,00,0,0,0,201700008684A01,,,
201700008712,2017-10-19,2017,octobre,jeudi,15:10,13,13005,43.30386,5.60653,1,1,3,1,1,5,2,00,1,1,000,025,9,0,1,3,1,22,5,1,2,00,2,1,9,201700008712A01,7,1,1
201700008715,2017-11-05,2017,novembre,dimanche,92:0,13,13005,43.28733,5.58254,2,6,2,1,1,4,2,02,1,1,000,000,1,5,1,4,1,55,0,1,9,00,2,4,1,201700008715B01,7,1,1
201700008749,2017-03-27,2017,mars,lundi,17:30,13,13028,43.18903,5.6278,2,6,3,1,1,3,2,02,1,1,000,000,1,0,0,4,1,63,5,1,2,00,2,5,18,201700008749A01,10,2,1
201700008757,2017-04-29,2017,avril,samedi,81:5,13,13028,43.19076,5.64079,2,4,3,1,1,3,3,02,1,1,020,040,1,0,1,3,1,66,0,1,2,00,0,1,1,201700008757Y01,7,15,1
201700008782,2017-08-14,2017,août,lundi,15:50,13,13028,43.18887,5.62876,2,3,3,1,1,4,2,02,1,1,000,000,1,0,0,3,1,14,5,1,9,00,2,1,1,201700008782B01,7,15,1
201700008784,2017-08-28,2017,août,lundi,20:00,13,13028,43.19899,5.61666,2,6,2,1,1,3,2,02,1,1,000,090,1,0,1,3,2,47,0,1,2,00,2,1,15,201700008784A01,7,16,1
201700008808,2017-11-05,2017,novembre,dimanche,10:00,13,13047,43.3347,5.058,1,1,5,1,2,3,2,02,1,1,000,030,2,0,1,3,1,60,5,1,2,00,2,1,1,201700008808C01,7,13,1
201700008808,2017-11-05,2017,novembre,dimanche,10:00,13,13047,43.3347,5.058,1,1,5,1,2,3,2,02,1,1,000,030,2,0,1,2,1,65,5,1,2,00,2,1,1,201700008808B01,7,13,1
201700008833,2017-01-03,2017,janvier,mardi,95:0,13,13055,43.23487,5.43798,2,1,3,1,1,3,2,02,2,1,000,060,1,0,1,4,1,64,5,1,2,00,2,8,1,201700008833B01,7,9,1
201700008850,2017-01-07,2017,janvier,samedi,16:35,13,13055,43.26767,5.37197,2,3,3,1,1,4,2,01,1,1,000,030,1,0,1,4,2,27,5,1,9,00,2,1,1,201700008850B01,7,15,1
201700008864,2017-01-10,2017,janvier,mardi,22:30,13,13055,43.30041,5.37448,2,1,6,5,1,4,2,03,2,1,000,150,1,0,1,3,1,54,0,1,9,00,2,0,1,201700008864A01,7,0,1
201700008940,2017-01-20,2017,janvier,vendredi,15:30,13,13075,43.34095,5.45737,2,4,3,1,1,4,2,01,-1,-1,000,050,-1,0,1,4,1,15,0,1,9,00,2,3,15,201700008940A01,7,1,1
201700008961,2017-01-24,2017,janvier,mardi,85:0,13,13055,43.32345,5.44926,2,1,3,1,1,3,2,02,2,1,000,030,1,0,1,4,1,35,1,1,2,00,2,1,0,201700008961A01,7,15,1
201700009018,2017-02-02,2017,février,jeudi,21:18,13,13055,43.25775,5.40358,2,1,2,5,1,4,2,02,2,1,000,060,1,0,1,4,1,20,4,1,9,00,2,8,11,201700009018B01,33,0,1
201700009067,2017-02-11,2017,février,samedi,10:35,13,13002,43.36982,5.52918,1,1,5,1,8,3,2,02,2,3,000,050,1,0,1,3,1,46,5,1,2,00,2,3,13,201700009067B01,7/ 33,2/13,2
201700009093,2017-02-18,2017,février,samedi,19:15,13,13055,43.32354,5.38914,2,3,3,4,1,4,3,02,1,1,000,050,1,0,1,4,1,19,5,1,9,00,2,1,1,201700009093B01,7,15,1
201700009117,2017-02-22,2017,février,mercredi,19:10,13,13055,43.25483,5.40717,2,3,1,2,1,4,1,01,3,1,000,030,1,0,1,4,2,56,0,1,2,00,2,3,19,201700009117A01,7,0,1
201700009159,2017-03-02,2017,mars,jeudi,14:40,13,13055,43.29102,5.41778,2,1,6,1,1,4,2,03,1,1,000,090,1,0,1,4,1,52,5,1,2,00,2,0,0,201700009159B01,7,13,1
201700009260,2017-03-19,2017,mars,dimanche,17:20,13,13055,43.33653,5.35231,2,1,6,1,1,3,1,03,2,2,000,070,1,3,1,3,1,16,0,1,2,00,0,0,0,201700009260B01,7,1,1
201700009271,2017-03-21,2017,mars,mardi,90:0,13,13055,43.29202,5.39414,2,1,3,1,1,4,2,02,1,1,000,060,1,0,1,4,1,29,2,1,2,00,2,2,2,201700009271B01,7,22,1
201700009394,2017-03-17,2017,mars,vendredi,20:05,13,13055,43.2822,5.39944,2,1,6,5,1,4,2,04,1,1,000,060,1,0,0,3,1,44,0,1,9,00,0,0,0,201700009394A01,,,
201700009417,2017-04-10,2017,avril,lundi,13:45,13,13055,43.30679,5.36774,2,1,3,1,1,4,3,04,1,-1,120,120,1,4,0,3,1,43,9,1,2,00,4,8,19,201700009417A01,40,2,1
201700009610,2017-05-03,2017,mai,mercredi,15:30,13,13055,43.28438,5.38425,2,1,7,1,1,4,1,01,1,1,000,000,-1,0,1,4,1,40,0,1,2,00,0,0,0,201700009610C01,30,1,1
201700009613,2017-05-13,2017,mai,samedi,40:0,13,13055,43.29762,5.38102,2,2,3,5,1,4,2,04,2,1,000,100,1,0,0,3,1,23,5,1,2,00,2,7,15,201700009613A01,7,1,1
201700009629,2017-05-15,2017,mai,lundi,12:50,13,13002,43.35596,5.48677,2,6,3,1,1,3,1,01,1,2,000,030,1,5,1,4,1,46,3,1,2,00,2,7,2,201700009629B01,7,9,1
201700009631,2017-05-15,2017,mai,lundi,17:00,13,13055,43.24161,5.39388,2,1,3,1,1,4,2,02,1,1,000,060,1,0,1,4,1,13,2,1,9,00,2,1,1,201700009631A01,7,16,1
201700009734,2017-05-30,2017,mai,mardi,18:35,13,13055,43.28186,5.35107,2,1,3,1,1,4,2,02,1,1,000,060,1,0,1,3,1,53,5,1,2,00,2,0,0,201700009734B01,7,0,1
201700009758,2017-06-03,2017,juin,samedi,94:0,13,13002,43.36643,5.5036,1,1,3,1,1,3,2,02,2,3,000,060,1,0,1,4,1,52,5,1,2,00,2,3,13,201700009758A01,7,1,1
201700009807,2017-06-11,2017,juin,dimanche,63:0,13,13055,43.29176,5.40857,2,1,6,1,1,4,2,02,1,1,000,071,1,0,1,3,1,80,5,1,2,00,2,0,19,201700009807B01,7,1,1
201700009843,2017-06-14,2017,juin,mercredi,20:55,13,13055,43.28663,5.38627,2,3,6,1,1,4,2,05,2,1,000,150,1,0,1,4,1,45,5,1,2,00,2,1,1,201700009843A01,7,16,1
201700009855,2017-06-16,2017,juin,vendredi,18:18,13,13055,43.2902,5.38653,2,1,3,1,1,4,2,02,1,1,000,060,1,0,0,1,1,37,0,1,9,00,2,2,9,201700009855A01,32,2,1
201700009890,2017-06-22,2017,juin,jeudi,16:40,13,13055,43.2506,5.40376,2,6,2,1,1,3,2,06,1,1,000,200,1,0,0,3,1,35,5,1,2,00,2,4,2,201700009890B01,7,2,1
201700009941,2017-07-01,2017,juillet,samedi,45:,13,13055,43.29408,5.3765,2,3,3,5,1,4,1,01,1,1,000,030,1,0,0,3,1,26,5,1,2,00,2,1,19,201700009941A01,7,1,1
201700010009,2017-06-19,2017,juin,lundi,23:23,13,13055,43.26428,5.37365,2,1,6,5,1,4,3,04,1,1,015,100,1,0,1,4,1,23,9,1,9,00,2,8,10,201700010009A01,31,1,1
201700010026,2017-07-13,2017,juillet,jeudi,21:30,13,13055,43.28333,5.41285,2,3,3,2,1,4,2,02,1,1,000,000,1,0,1,4,1,21,0,1,4,00,2,1,1,201700010026A01,7,15,1
201700010089,2017-07-25,2017,juillet,mardi,18:20,13,13055,43.27756,5.39931,2,7,2,1,1,4,3,04,1,1,035,220,1,0,1,4,2,28,0,1,4,00,2,0,1,201700010089B01,32,2,1
201700010123,2017-07-31,2017,juillet,lundi,12:50,13,13055,43.29467,5.37446,2,8,3,1,1,4,2,02,1,-1,010,010,1,0,1,4,2,32,0,1,9,00,2,0,19,201700010123B01,7,0,1
201700010163,2017-08-08,2017,août,mardi,63:0,13,13055,43.27237,5.42835,2,6,2,2,1,4,2,02,1,1,000,080,1,0,1,3,1,81,5,1,2,00,2,4,1,201700010163B01,7,1,1
201700010175,2017-08-10,2017,août,jeudi,11:00,13,13055,43.23549,5.40161,2,1,3,1,1,4,2,02,1,1,000,050,1,0,1,4,1,20,4,1,2,00,2,2,15,201700010175B01,7,2,1
201700010187,2017-08-13,2017,août,dimanche,21:5,13,13055,43.29298,5.37049,2,1,2,5,1,4,2,03,1,1,000,090,1,0,1,4,1,32,5,1,9,00,2,1,1,201700010187B01,7,4,1
201700010309,2017-09-03,2017,septembre,dimanche,16:00,13,13055,43.29015,5.38197,2,3,3,1,1,4,1,00,2,1,000,000,1,0,0,4,1,11,5,1,2,14,0,1,21,201700010309A01,37,7,1
201700010349,2017-09-08,2017,septembre,vendredi,13:45,13,13055,43.30517,5.47101,2,1,2,1,1,3,3,04,1,1,010,120,1,0,1,4,1,25,1,1,2,00,2,4,2,201700010349B01,7,12,1
201700010505,2017-09-30,2017,septembre,samedi,10:10,13,13055,43.24589,5.4172,2,1,3,1,1,4,2,03,2,1,000,090,1,0,1,2,1,73,5,1,2,00,2,3,7,201700010505B01,7,16,1
201700010573,2017-10-10,2017,octobre,mardi,11:00,13,13055,43.25452,5.40176,2,3,2,1,1,4,1,01,1,1,000,030,1,0,0,4,1,34,1,1,2,00,2,1,1,201700010573B01,7,16,1
201700010589,2017-10-09,2017,octobre,lundi,18:50,13,13055,43.2922,5.36032,2,1,2,1,1,4,1,02,2,1,000,050,1,0,1,4,1,37,0,1,2,00,2,4,1,201700010589B01,7,2,1
201700010648,2017-10-20,2017,octobre,vendredi,15:50,13,13055,43.31915,5.36753,2,2,3,1,1,3,1,02,1,1,000,070,1,0,1,1,1,53,0,1,4,00,2,4,1,201700010648A01,33,21,1
201700010675,2017-10-22,2017,octobre,dimanche,19:30,13,13055,43.29375,5.40913,2,1,2,2,1,4,2,02,1,3,000,040,1,0,1,4,1,21,0,1,4,00,2,4,1,201700010675B01,7,2,1
201700010678,2017-10-25,2017,octobre,mercredi,12:30,13,13055,43.29537,5.44519,2,6,2,1,1,4,2,01,1,1,000,030,1,0,0,4,1,65,5,1,2,00,2,4,9,201700010678B01,7,9,1
201700010755,2017-10-20,2017,octobre,vendredi,16:00,13,13055,43.29923,5.37429,2,1,1,1,1,4,3,03,1,1,000,090,1,0,1,4,2,26,0,1,2,00,2,1,8,201700010755A01,7,15,1
201700010769,2017-11-09,2017,novembre,jeudi,93:0,13,13055,43.29894,5.42973,2,3,1,1,1,4,2,02,3,1,000,060,1,0,1,3,1,46,1,1,9,00,2,1,2,201700010769B01,7,15,1
201700010840,2017-11-19,2017,novembre,dimanche,11:00,13,13055,43.25723,5.42449,2,1,3,1,1,4,2,02,2,1,000,060,1,5,1,3,1,62,5,1,9,00,2,1,1,201700010840B01,7,15,1
201700010989,2017-12-12,2017,décembre,mardi,16:50,13,13055,0,0,2,1,3,1,1,4,2,03,1,1,000,060,1,0,1,3,1,19,5,1,4,00,2,1,1,201700010989B01,7,1,1
201700011038,2017-12-18,2017,décembre,lundi,20:30,13,13055,43.286,5.3849,2,1,2,5,1,4,1,02,1,1,000,070,1,0,1,4,1,62,0,1,2,00,2,6,0,201700011038B01,7,16,1
201700011108,2017-04-25,2017,avril,mardi,80:0,13,13026,43.3929,5.15055,2,1,2,1,1,3,2,02,1,1,000,000,1,0,1,4,1,80,0,1,2,00,2,4,2,201700011108B01,7,2,1
201700011136,2017-05-19,2017,mai,vendredi,19:40,13,13103,43.64049,5.05795,1,1,1,1,1,3,2,02,1,1,000,060,1,0,1,3,1,11,0,1,9,00,2,6,19,201700011136B01,7,1,1
201700011182,2017-01-29,2017,janvier,dimanche,11:00,13,13117,0,0,2,1,1,1,1,4,3,00,2,1,000,030,1,0,1,4,1,64,0,1,9,00,2,1,1,201700011182B01,10,16,1
201700011373,2017-03-16,2017,mars,jeudi,14:30,78,78561,48.73375,2.00874,1,1,1,1,1,3,2,02,1,3,000,073,1,0,1,3,1,81,5,1,9,00,0,0,1,201700011373B01,33,1,1
201700011376,2017-08-04,2017,août,vendredi,15:55,78,78356,48.75051,2.05142,2,1,3,1,1,4,2,02,2,3,000,070,1,0,1,3,1,13,5,1,2,00,2,8,13,201700011376A01,7,1,1
201700011386,2017-01-17,2017,janvier,mardi,11:30,95,95392,49.0745,2.2169,2,1,1,1,1,4,2,02,1,1,,,1,0,1,4,1,47,4,1,9,00,2,1,13,201700011386B01,7,1,1
201700011406,2017-11-27,2017,novembre,lundi,12:39,49,49355,47.10204,-0.76588,2,1,3,1,1,3,2,03,2,1,000,000,1,0,3,3,1,63,5,1,4,00,9,8,0,201700011406B01,14,18,1
201700011417,2017-04-29,2017,avril,samedi,11:55,68,68375,47.80812,7.22427,2,6,3,1,1,3,1,01,1,2,007,810,1,,,3,1,61,5,1,2,00,2,1,14,201700011417B01,7,2,1
201700011418,2017-04-30,2017,avril,dimanche,14:15,68,68375,47.78735,7.22522,2,3,3,1,1,3,2,02,1,1,000,103,1,0,5,3,1,40,5,1,2,00,2,1,1,201700011418B01,7,15,1
201700011421,2017-10-12,2017,octobre,jeudi,83:0,68,68375,47.80716,7.23587,2,1,3,1,1,4,2,02,1,1,000,062,1,0,1,3,1,74,3,1,2,00,0,7,1,201700011421A01,7,24,1
201700011431,2017-03-27,2017,mars,lundi,17:58,67,67558,48.91787,7.58885,2,1,3,1,1,4,2,02,2,-1,005,010,1,,,3,1,45,5,1,2,00,2,3,1,201700011431B01,7,1,1
201700011457,2017-05-15,2017,mai,lundi,13:10,14,14118,49.17229,0.38423,2,9,3,1,1,4,1,01,1,1,000,000,1,0,5,3,1,76,5,1,2,00,2,3,19,201700011457Y01,7,0,1
201700011464,2017-08-07,2017,août,lundi,15:50,14,14118,49.18329,0.36058,2,1,6,1,1,9,-1,00,1,1,000,000,1,6,4,1,1,47,5,1,9,00,1,1,1,201700011464A01,,,
201700011470,2017-09-21,2017,septembre,jeudi,11:20,14,14301,49.17232,-0.28218,2,6,3,1,1,4,2,01,1,1,040,040,1,5,1,3,1,64,5,1,2,00,2,7,9,201700011470B01,7,9,1
201700011482,2017-12-19,2017,décembre,mardi,17:45,14,14566,49.20152,-0.40123,2,9,6,5,2,3,2,03,1,1,035,035,2,0,5,3,2,52,1,1,2,00,2,0,1,201700011482B01,7,9,1
201700011486,2017-03-21,2017,mars,mardi,11:04,14,14117,49.2858,-0.12283,2,2,3,1,1,3,2,02,1,1,000,103,1,0,1,3,2,73,5,1,9,00,2,8,19,201700011486B01,7,15,1
201700011489,2017-04-24,2017,avril,lundi,80:0,14,14225,49.2835,-0.10761,2,2,3,1,1,4,2,02,1,1,000,060,1,0,1,4,2,61,1,1,9,00,2,4,1,201700011489B01,7,15,1
201700011495,2017-11-26,2017,novembre,dimanche,11:27,14,14225,49.1708,-0.0632,2,6,3,1,1,4,1,01,1,3,000,065,1,0,1,4,2,66,9,1,9,00,2,1,0,201700011495A01,7,2,1
201700011513,2017-11-03,2017,novembre,vendredi,17:11,88,88258,48.07013,5.7812,2,3,3,2,1,9,2,02,1,-1,000,010,1,,,3,1,11,5,1,2,00,2,1,15,201700011513B01,7,15,1
201700011515,2017-03-14,2017,mars,mardi,18:09,88,88304,48.3007,6.14188,2,3,3,1,1,4,2,02,1,-1,000,010,1,,,3,1,9,5,1,2,00,2,3,15,201700011515A01,7,1,1
201700011535,2017-04-29,2017,avril,samedi,14:45,88,88408,47.9252,6.66373,1,1,5,1,1,4,2,02,2,3,000,030,1,0,1,3,1,43,5,1,2,00,2,1,1,201700011535B01,7,1,1
201700011535,2017-04-29,2017,avril,samedi,14:45,88,88408,47.9252,6.66373,1,1,5,1,1,4,2,02,2,3,000,030,1,0,1,4,1,40,5,1,2,00,2,1,1,201700011535C01,7,1,1
201700011543,2017-03-16,2017,mars,jeudi,16:30,88,88116,47.969,6.83342,2,1,3,1,1,3,2,02,2,1,000,071,1,0,1,3,1,75,5,1,9,00,2,1,1,201700011543B01,7,15,1
201700011545,2017-06-09,2017,juin,vendredi,81:5,88,88486,48.00606,6.71603,2,7,3,1,1,4,-1,01,1,2,000,010,1,,1,4,1,14,2,1,2,00,2,1,9,201700011545A01,7,1,1
201700011548,2017-08-20,2017,août,dimanche,55:0,88,88447,47.95733,6.74364,1,1,2,2,1,3,2,02,1,1,000,075,1,0,1,3,2,53,1,1,2,00,2,8,1,201700011548A01,7,1,1
201700011550,2017-04-08,2017,avril,samedi,16:30,88,88375,48.26612,7.04619,1,1,3,1,1,3,2,03,1,1,000,140,1,0,1,3,1,67,5,1,2,00,2,3,1,201700011550A01,7,1,1
201700011564,2017-08-30,2017,août,mercredi,18:00,88,88319,48.39413,6.8577,1,4,2,1,1,3,3,02,1,1,005,515,1,,,4,1,67,5,1,2,00,2,4,11,201700011564B01,7,1,1
201700011570,2017-06-02,2017,juin,vendredi,16:30,08,08121,49.83964,4.47095,1,1,2,1,1,3,2,02,2,-1,000,076,1,0,1,3,1,20,5,1,2,00,0,4,1,201700011570B01,10,1,1
201700011582,2017-09-27,2017,septembre,mercredi,17:00,08,08302,49.87826,4.73217,1,1,3,1,1,3,2,02,2,1,000,000,1,0,1,3,1,71,5,1,2,00,2,8,2,201700011582B01,7,17,1
201700011585,2017-12-23,2017,décembre,samedi,17:50,08,08302,49.88308,4.76162,1,1,3,5,2,3,2,02,1,1,000,000,2,0,1,3,2,58,5,1,4,08,2,8,2,201700011585B01,7,2,1
201700011607,2017-10-18,2017,octobre,mercredi,12:00,08,08491,49.73844,4.85923,2,1,7,1,1,3,2,02,1,1,000,000,1,0,1,3,2,81,5,1,2,12,0,1,0,201700011607A01,,,
201700011608,2017-12-02,2017,décembre,samedi,14:45,08,08096,49.7081,4.76819,1,1,2,1,1,3,2,02,1,2,000,070,1,0,1,4,1,28,4,1,9,00,0,4,1,201700011608B01,7,1,1
201700011614,2017-07-01,2017,juillet,samedi,14:45,08,08490,49.41683,4.6881,1,1,2,1,8,3,2,02,1,1,000,069,1,0,1,4,1,48,5,1,4,00,0,4,1,201700011614B01,2,0,1
201700011626,2017-01-04,2017,janvier,mercredi,14:50,52,52058,48.19164,5.12436,1,1,3,1,3,3,2,02,1,1,000,000,2,0,1,3,1,60,3,1,2,00,2,8,2,201700011626B01,7,17,1
201700011630,2017-06-24,2017,juin,samedi,14:55,52,52253,48.19176,5.00661,1,1,3,1,1,3,2,02,1,4,000,000,1,0,1,4,2,16,5,1,2,00,2,3,1,201700011630B01,1,14,1
201700011630,2017-06-24,2017,juin,samedi,14:55,52,52253,48.19176,5.00661,1,1,3,1,1,3,2,02,1,4,000,000,1,0,1,1,1,16,5,1,2,00,2,5,14,201700011630A01,1,1,1
201700011676,2017-05-02,2017,mai,mardi,12:20,52,52429,48.60538,5.02649,1,2,1,1,1,2,4,03,1,-1,011,210,1,,,2,1,55,5,1,2,00,2,7,19,201700011676B01,33,1,1
201700011685,2017-08-17,2017,août,jeudi,17:45,52,52550,48.49679,4.93719,2,9,3,1,1,3,2,02,2,-1,000,010,1,,,3,2,23,5,1,2,00,2,3,1,201700011685B01,7,15,1
201700011691,2017-12-20,2017,décembre,mercredi,15:20,52,52039,48.39248,4.96965,1,1,2,1,8,3,2,02,1,1,000,069,2,0,1,2,1,78,5,1,9,00,0,4,2,201700011691B01,21,2,1
201700011708,2017-08-22,2017,août,mardi,13:30,48,48061,44.34348,3.58273,1,1,3,1,1,2,3,02,1,1,020,080,1,0,1,3,1,56,0,1,2,00,2,8,1,201700011708A01,14,13,1
201700011747,2017-10-13,2017,octobre,vendredi,17:40,30,30241,43.96924,4.27959,2,3,3,1,1,3,2,02,1,-1,007,010,1,,,4,1,72,5,1,2,00,2,1,17,201700011747A01,7,15,1
201700011784,2017-08-13,2017,août,dimanche,93:0,30,30109,44.0711,4.23027,1,1,7,1,1,3,2,02,2,1,000,058,1,0,1,3,1,58,5,1,2,00,0,0,1,201700011784A01,,,
201700011786,2017-09-13,2017,septembre,mercredi,18:25,30,30160,44.00569,4.1318,2,2,3,2,7,3,2,02,1,-1,005,610,1,,,3,1,48,5,1,2,00,2,1,1,201700011786A01,7,1,1
201700011825,2017-01-19,2017,janvier,jeudi,15:30,30,30033,43.71533,4.27463,2,1,2,1,1,3,2,02,1,1,000,058,1,0,1,3,1,68,5,1,2,00,2,5,2,201700011825B01,7,2,1
201700011840,2017-02-13,2017,février,lundi,21:40,30,30138,43.79869,4.24753,2,1,1,5,2,4,1,01,2,4,000,000,2,0,1,1,1,17,5,1,2,00,2,1,5,201700011840A01,7,1,1
201700011840,2017-02-13,2017,février,lundi,21:40,30,30138,43.79869,4.24753,2,1,1,5,2,4,1,01,2,4,000,000,2,0,1,3,1,17,5,1,2,00,2,1,5,201700011840A01,7,1,1
201700011858,2017-01-19,2017,janvier,jeudi,14:45,30,30276,43.63865,4.1931,1,1,5,1,1,3,3,04,1,1,000,146,1,0,1,2,1,73,5,1,2,00,2,4,1,201700011858B01,7,1,1
201700011858,2017-01-19,2017,janvier,jeudi,14:45,30,30276,43.63865,4.1931,1,1,5,1,1,3,3,04,1,1,000,146,1,0,1,3,1,72,5,1,2,00,2,4,1,201700011858C01,7,1,1
201700011864,2017-07-12,2017,juillet,mercredi,10:00,30,30133,43.56,4.15322,1,6,3,1,1,3,1,02,1,-1,006,010,1,,,4,1,75,5,1,2,00,2,7,12,201700011864B01,7,9,1
201700011867,2017-10-08,2017,octobre,dimanche,45:,30,30003,43.58893,4.21021,1,1,2,3,1,3,2,02,1,1,000,060,1,0,1,4,1,25,9,1,9,00,2,4,0,201700011867B01,7,2,1
201700011877,2017-04-11,2017,avril,mardi,17:45,37,37099,47.27856,0.53717,1,1,2,1,7,3,2,02,1,1,000,052,1,0,1,3,2,70,5,1,2,00,0,4,1,201700011877B01,7,2,1
201700011882,2017-07-06,2017,juillet,jeudi,21:40,37,37018,47.33444,0.61261,2,6,3,1,1,4,-1,01,1,-1,009,010,1,,,3,1,61,5,1,2,00,2,8,2,201700011882B01,7,2,1
201700011894,2017-03-19,2017,mars,dimanche,10:00,37,37149,47.63691,0.69128,1,1,7,1,1,4,2,02,1,1,000,034,1,0,1,3,1,61,5,1,2,16,0,0,1,201700011894A01,,,
201700011944,2017-04-16,2017,avril,dimanche,11:5,37,37027,47.32207,0.99963,2,1,2,5,1,3,2,02,1,1,000,060,1,0,1,3,1,20,1,1,4,00,2,4,1,201700011944B01,7,1,1
201700011954,2017-10-06,2017,octobre,vendredi,74:0,37,37273,47.38367,0.78445,1,6,3,1,1,3,2,02,1,-1,006,310,1,,,3,1,45,1,1,2,00,2,7,19,201700011954A01,7,0,1
201700011976,2017-03-14,2017,mars,mardi,12:30,14,14069,49.1306,0.24609,2,3,3,1,1,3,2,02,1,1,000,000,1,0,1,4,1,48,5,1,2,00,2,5,1,201700011976B01,7,16,1
201700011981,2017-04-18,2017,avril,mardi,18:20,14,14366,49.1632,0.20672,1,1,1,1,1,4,2,02,4,2,000,000,1,0,1,3,1,15,5,1,2,00,2,1,1,201700011981A01,10,1,1
201700012036,2017-05-24,2017,mai,mercredi,19:55,37,37031,47.28519,0.17334,2,1,3,1,7,4,2,02,1,-1,000,010,1,,,3,1,14,5,1,2,00,9,1,1,201700012036B01,1,15,1
201700012036,2017-05-24,2017,mai,mercredi,19:55,37,37031,47.28519,0.17334,2,1,3,1,7,4,2,02,1,-1,000,010,1,,,3,2,77,5,1,2,00,9,2,15,201700012036A01,1,1,1
201700012046,2017-02-07,2017,février,mardi,15:30,37,37038,47.30532,0.38478,1,1,6,1,1,3,2,02,1,1,000,050,1,0,1,3,1,74,5,1,2,00,6,8,1,201700012046A01,,,
201700012064,2017-11-22,2017,novembre,mercredi,14:45,37,37119,47.13081,0.42594,1,1,2,1,1,3,2,02,1,1,000,054,1,0,1,3,2,77,9,1,2,00,0,4,2,201700012064B01,7,2,1
201700012069,2017-02-21,2017,février,mardi,14:45,37,37111,47.21271,1.14128,1,1,6,1,8,3,2,02,1,1,000,000,6,0,1,4,1,15,5,1,9,00,2,8,2,201700012069B01,7,2,1
201700012075,2017-08-12,2017,août,samedi,10:25,37,37277,47.13508,1.2362,1,1,3,1,1,3,2,02,1,1,000,000,1,0,1,3,1,73,5,1,2,13,2,8,2,201700012075A01,7,2,1
201700012086,2017-05-25,2017,mai,jeudi,19:15,37,37143,47.14248,0.80058,1,1,3,1,7,3,2,02,1,-1,003,510,1,,,3,1,11,5,1,2,00,2,1,16,201700012086B01,7,1,1
201700012096,2017-02-15,2017,février,mercredi,10:40,37,37104,47.2929,0.7809,1,1,3,1,1,9,2,02,1,-1,005,010,1,,,4,1,58,5,1,2,00,2,1,1,201700012096B01,7,15,1
201700012137,2017-05-04,2017,mai,jeudi,72:5,87,87185,45.8778,1.01384,2,1,1,1,1,3,2,02,1,1,000,057,1,0,0,4,1,20,5,1,2,00,0,7,1,201700012137B01,7,15,1
201700012143,2017-10-25,2017,octobre,mercredi,13:30,87,87078,45.9568,0.95352,1,1,2,1,1,3,2,02,1,1,040,040,1,0,1,3,1,13,5,1,2,00,9,0,13,201700012143A01,21,1,1
201700012148,2017-05-23,2017,mai,mardi,16:20,87,87066,45.7226,1.1002,1,1,3,1,1,3,2,02,1,1,000,050,1,0,1,4,1,59,5,1,4,00,0,6,2,201700012148B01,7,2,1
201700012166,2017-09-19,2017,septembre,mardi,14:05,23,23030,45.95159,1.75778,2,6,2,1,8,3,2,02,3,-1,000,010,1,,,4,1,41,5,1,2,00,2,4,1,201700012166B01,17,9,1
201700012177,2017-01-20,2017,janvier,vendredi,14:00,23,23106,46.24525,2.38408,1,1,6,1,1,3,2,02,1,1,000,054,1,0,1,3,1,58,5,1,2,01,0,1,1,201700012177B01,17,24,1
201700012204,2017-10-22,2017,octobre,dimanche,93:0,17,17218,46.30604,-1.00569,2,6,3,1,1,3,1,02,1,-1,005,052,1,,,3,1,74,5,1,4,00,2,7,1,201700012204B01,7,11,1
201700012238,2017-07-30,2017,juillet,dimanche,15:15,17,17075,45.91249,-0.83273,1,1,6,1,1,3,2,02,1,1,000,056,1,0,1,4,2,48,5,1,9,00,2,8,1,201700012238B01,7,17,1
201700012259,2017-12-14,2017,décembre,jeudi,10:40,17,17452,45.77667,-1.14529,2,3,1,1,1,4,2,02,1,1,,079,-1,0,1,4,2,72,5,1,9,00,2,1,13,201700012259A01,10,15,1
201700012264,2017-06-03,2017,juin,samedi,17:10,17,17411,45.84509,-1.20942,2,6,3,1,1,4,1,01,1,-1,000,071,-1,,1,3,2,52,5,1,2,00,2,8,1,201700012264B01,7,17,1
201700012266,2017-07-09,2017,juillet,dimanche,16:25,17,17337,45.9781,-1.35439,2,9,6,1,1,3,2,02,1,-1,006,210,1,,,3,2,48,5,1,2,00,2,2,13,201700012266A01,7,1,1