Num_Acc,date,an,mois,jour,hrmn,dep,com,lat,long,agg,int,col,lum,atm,catr,circ,nbv,prof,plan,lartpc,larrout,surf,infra,situ,grav,sexe,age,trajet,secuexist,equipement,obs,obsm,choc,manv,vehiculeid,typevehicules,manoeuvehicules,numVehicules
201700012267,2017-07-22,2017,juillet,samedi,16:15,17,17093,45.86599,-1.22166,1,1,3,1,1,4,2,02,1,-1,005,054,1,0,1,3,2,59,5,1,2,00,2,2,1,201700012267B01,31,1,1
201700012291,2017-06-09,2017,juin,vendredi,17:35,17,17340,46.07784,-0.78155,1,1,3,1,1,3,2,02,1,1,000,132,1,0,1,3,2,64,5,1,2,00,2,8,1,201700012291B01,7,17,1
201700012304,2017-11-22,2017,novembre,mercredi,16:45,17,17003,46.12379,-0.92685,1,1,2,2,1,3,2,02,1,2,000,070,1,0,1,4,1,65,5,1,2,00,0,6,2,201700012304B01,7,2,1
201700012314,2017-08-31,2017,août,jeudi,16:20,17,17347,45.94287,-0.51534,2,1,2,1,1,3,2,03,1,1,000,120,1,0,1,3,2,57,3,1,9,00,9,4,1,201700012314B01,7,1,1
201700012327,2017-04-13,2017,avril,jeudi,12:55,17,17224,45.86442,-0.31697,2,2,3,1,1,4,2,02,2,-1,000,088,-1,0,1,3,1,14,5,1,2,00,2,0,19,201700012327A01,7,1,1
201700012348,2017-06-22,2017,juin,jeudi,71:5,28,28140,48.60398,1.67258,2,6,1,1,1,3,1,02,1,,000,087,1,5,1,4,2,39,1,1,2,00,2,1,1,201700012348B01,7,9,1
201700012349,2017-07-05,2017,juillet,mercredi,80:0,28,28023,48.54077,1.64033,2,6,3,2,1,3,2,02,1,,000,000,1,0,1,4,1,75,0,1,2,00,2,6,0,201700012349B01,7,0,1
201700012376,2017-07-16,2017,juillet,dimanche,11:20,28,28003,48.72274,1.29985,2,2,3,1,1,3,2,02,1,,000,000,1,0,3,3,1,50,5,1,2,00,2,1,1,201700012376B01,7,19,1
201700012416,2017-01-12,2017,janvier,jeudi,14:55,27,27383,48.744,0.84272,1,2,3,1,3,3,2,02,1,-1,005,720,1,,,4,1,58,5,1,4,00,2,1,1,201700012416B01,7,9,1
201700012435,2017-12-30,2017,décembre,samedi,23:45,27,27679,48.7253,0.89719,1,1,2,3,2,2,2,02,1,1,075,000,2,0,1,2,1,52,5,1,4,00,2,4,1,201700012435B01,7,1,1
201700012442,2017-04-23,2017,avril,dimanche,61:0,27,27056,49.09868,0.56302,1,1,2,2,5,3,2,02,1,1,000,080,1,0,1,2,1,19,0,1,4,00,0,4,3,201700012442B01,7,13,1
201700012509,2017-09-21,2017,septembre,jeudi,15:40,27,27545,49.24439,0.99087,1,2,2,1,1,3,2,02,1,-1,000,010,1,,,3,1,70,5,1,2,00,2,1,1,201700012509A01,7,23,1
201700012513,2017-10-28,2017,octobre,samedi,82:0,27,27302,49.2215,0.826,1,1,3,2,1,3,2,02,1,1,000,060,1,0,1,3,1,62,5,1,9,00,0,8,1,201700012513B01,7,17,1
201700012536,2017-07-06,2017,juillet,jeudi,81:5,27,27218,49.28941,0.44928,1,1,2,1,1,3,2,02,1,1,000,070,1,0,1,3,1,52,5,1,2,00,2,4,1,201700012536B01,10,17,1
201700012563,2017-08-06,2017,août,dimanche,95:0,85,85084,46.77505,-1.23216,2,6,3,1,1,4,2,02,1,-1,505,010,1,,,3,1,83,9,1,2,00,0,0,0,201700012563B01,7,1,1
201700012565,2017-09-28,2017,septembre,jeudi,13:00,85,85051,46.70195,-1.03926,2,1,3,1,1,3,2,02,1,-1,000,000,1,0,1,3,1,16,5,1,2,00,2,3,15,201700012565B01,7,2,1
201700012583,2017-03-02,2017,mars,jeudi,10:40,85,85104,46.34902,-1.32763,1,1,2,1,1,3,2,02,1,1,000,070,1,0,1,3,2,51,5,1,2,05,0,4,2,201700012583B01,7,2,1
201700012585,2017-08-03,2017,août,jeudi,15:56,85,85105,46.36906,-0.91836,2,3,3,1,1,4,2,02,1,-1,000,010,1,,,3,1,7,5,1,2,00,2,1,15,201700012585B01,7,1,1
201700012586,2017-08-09,2017,août,mercredi,14:00,85,85185,46.37618,-1.078,2,3,3,1,1,4,2,02,1,,,,1,,,3,1,7,5,1,2,00,2,8,9,201700012586B01,7,1,1
201700012588,2017-08-22,2017,août,mardi,75:5,85,85128,46.45832,-1.14716,2,1,2,1,1,3,2,02,1,-1,000,065,1,0,1,2,1,94,5,1,2,00,2,4,1,201700012588B01,7,1,1
201700012594,2017-01-26,2017,janvier,jeudi,17:45,85,85303,46.35326,-0.84178,2,6,3,1,1,3,2,02,1,-1,005,615,1,,,3,1,17,1,1,9,00,2,1,1,201700012594B01,7,16,1
201700012595,2017-03-25,2017,mars,samedi,17:00,85,85028,46.37909,-0.66041,1,1,6,1,1,3,2,02,1,1,000,050,1,0,1,3,1,63,9,1,2,01,0,1,1,201700012595A01,,,
201700012604,2017-11-02,2017,novembre,jeudi,18:25,85,85244,46.43713,-0.74268,1,2,3,3,1,3,2,02,1,-1,005,210,1,,,3,1,13,5,1,2,00,2,7,1,201700012604B01,7,1,1
201700012610,2017-05-25,2017,mai,jeudi,18:25,85,85067,46.66438,-0.78559,2,1,7,1,1,4,2,02,1,3,000,000,1,0,1,3,1,13,5,1,2,00,0,7,19,201700012610A01,1,19,1
201700012610,2017-05-25,2017,mai,jeudi,18:25,85,85067,46.66438,-0.78559,2,1,7,1,1,4,2,02,1,3,000,000,1,0,1,3,1,12,5,1,2,00,0,0,19,201700012610B01,1,19,1
201700012617,2017-11-03,2017,novembre,vendredi,14:30,85,85264,46.6903,-0.70612,2,1,3,1,1,3,2,02,1,1,000,070,1,0,1,4,1,12,5,1,2,00,2,8,19,201700012617B01,7,1,1
201700012625,2017-04-23,2017,avril,dimanche,11:45,85,85047,46.84223,-1.87362,2,2,5,1,1,4,2,02,1,-1,,,1,,,3,1,42,5,1,2,00,0,4,15,201700012625B01,7,2,1
201700012625,2017-04-23,2017,avril,dimanche,11:45,85,85047,46.84223,-1.87362,2,2,5,1,1,4,2,02,1,-1,,,1,,,1,1,10,5,1,2,00,0,6,15,201700012625C01,7,2,1
201700012626,2017-05-20,2017,mai,samedi,17:30,85,85204,46.82377,-1.76136,2,3,3,1,1,3,2,02,1,-1,000,010,1,,,3,1,14,5,1,4,00,2,8,9,201700012626A01,7,1,1
201700012637,2017-04-02,2017,avril,dimanche,16:30,85,85288,46.46873,-1.61818,2,1,1,1,1,3,2,02,2,1,000,034,1,0,3,3,1,68,5,1,9,01,0,1,5,201700012637A01,7,0,1
201700012638,2017-04-11,2017,avril,mardi,11:30,85,85294,46.35009,-1.43162,2,1,7,1,1,4,2,02,1,-1,000,060,1,0,1,3,1,13,5,1,9,00,0,0,0,201700012638A01,,,
201700012642,2017-05-12,2017,mai,vendredi,12:10,85,85201,46.42915,-1.34415,1,3,3,1,1,3,2,02,1,-1,005,110,1,,,3,1,78,5,1,9,00,2,7,15,201700012642A01,7,1,1
201700012650,2017-07-27,2017,juillet,jeudi,12:40,85,85294,46.35425,-1.42481,2,6,3,1,1,3,-1,01,1,-1,004,014,1,,,3,1,84,5,1,9,00,2,1,1,201700012650B01,10,16,1
201700012672,2017-08-30,2017,août,mercredi,10:10,85,85164,46.83763,-2.12644,2,3,2,1,8,3,2,02,1,-1,000,010,1,,,3,1,71,5,1,2,00,0,4,15,201700012672B01,33,2,1
201700012673,2017-09-01,2017,septembre,vendredi,16:15,85,85029,46.97749,-1.98636,1,1,1,1,1,3,2,02,1,1,000,000,1,0,1,3,1,49,5,1,2,00,2,1,1,201700012673B01,7,17,1
201700012677,2017-09-30,2017,septembre,samedi,15:45,85,85273,46.88096,-2.00799,2,6,1,1,1,3,-1,01,1,-1,000,015,1,,,3,1,81,5,1,2,00,2,5,0,201700012677B01,7,9,1
201700012742,2017-08-11,2017,août,vendredi,14:30,04,04173,43.9451,6.51547,1,3,3,1,1,2,2,02,1,1,000,000,1,0,1,4,1,21,5,1,9,00,2,6,15,201700012742A01,33,1,1
201700012757,2017-10-08,2017,octobre,dimanche,11:50,04,04124,43.7479,6.0999,1,1,7,1,1,3,2,02,2,1,000,043,1,0,1,3,1,40,9,1,2,00,0,7,1,201700012757A01,,,
201700012758,2017-10-16,2017,octobre,lundi,17:15,04,04166,43.8114,6.0723,1,1,3,2,7,3,2,02,1,1,000,057,1,0,1,3,1,73,5,1,2,00,2,8,1,201700012758B01,7,2,1
201700012764,2017-03-29,2017,mars,mercredi,10:00,04,04241,43.8578,5.70316,1,1,7,1,1,4,2,02,2,1,000,000,1,0,1,3,1,77,5,1,2,00,0,1,1,201700012764A01,,,
201700012782,2017-07-22,2017,juillet,samedi,18:40,04,04209,44.2075,5.93187,1,3,3,1,1,3,2,02,1,1,000,015,1,5,1,3,1,53,5,1,2,00,2,3,1,201700012782B01,7,15,1
201700012784,2017-09-26,2017,septembre,mardi,17:30,04,04123,44.259,5.86579,1,1,2,1,1,3,2,02,3,1,000,080,1,0,1,2,1,41,5,1,2,00,2,4,1,201700012784B01,7,1,1
201700012803,2017-07-10,2017,juillet,lundi,12:00,24,24156,45.08163,0.86282,1,1,5,1,8,3,2,02,1,1,000,000,1,0,1,2,1,52,5,1,2,00,2,4,1,201700012803C01,7/ 99,1,2
201700012826,2017-06-09,2017,juin,vendredi,16:00,24,24222,44.87807,0.37235,1,1,1,1,1,3,2,02,1,2,000,044,1,0,1,3,2,54,5,1,2,00,2,1,1,201700012826B01,7,21,1
201700012832,2017-09-27,2017,septembre,mercredi,19:05,24,24259,44.9268,0.48219,2,3,1,1,1,4,,,,,,,,,,3,1,14,5,1,2,00,2,1,1,201700012832B01,7,1,1
201700012835,2017-11-02,2017,novembre,jeudi,14:30,24,24259,44.95506,0.47995,1,3,3,1,1,3,2,02,1,-1,005,210,1,,,3,1,44,5,1,2,00,2,1,1,201700012835B01,7,15,1
201700012872,2017-08-19,2017,août,samedi,94:0,24,24482,45.314,0.2776,1,2,1,1,1,3,2,02,1,-1,000,010,1,,,3,1,40,5,1,2,00,2,1,1,201700012872B01,10,5,1
201700012897,2017-04-14,2017,avril,vendredi,17:30,24,24172,44.9356,1.0197,2,1,2,1,1,3,2,02,1,1,000,045,1,0,1,3,1,65,5,1,2,00,2,4,1,201700012897B01,7,1,1
201700012920,2017-02-08,2017,février,mercredi,17:40,40,40320,43.9147,-0.53612,1,2,3,1,1,3,2,02,1,-1,007,515,1,,,1,1,58,5,1,2,00,2,6,15,201700012920B01,7,15,1
201700012920,2017-02-08,2017,février,mercredi,17:40,40,40320,43.9147,-0.53612,1,2,3,1,1,3,2,02,1,-1,007,515,1,,,4,2,60,5,1,2,00,2,6,15,201700012920B01,7,15,1
201700012921,2017-02-17,2017,février,vendredi,17:45,40,40250,43.91658,-0.45244,1,6,3,1,1,3,-1,02,1,-1,008,810,1,,,3,1,61,5,1,2,00,2,7,1,201700012921B01,7,9,1
201700012923,2017-03-11,2017,mars,samedi,19:35,40,40250,43.92907,-0.43054,1,1,2,3,1,3,2,02,1,1,000,076,1,0,1,3,1,41,5,1,2,00,2,6,2,201700012923B01,37,2,1
201700012934,2017-06-21,2017,juin,mercredi,81:5,40,40331,43.8845,-0.30603,2,2,3,1,1,3,2,02,1,-1,000,010,1,0,1,3,1,79,5,1,4,00,2,3,1,201700012934B01,7,15,1
201700012936,2017-07-30,2017,juillet,dimanche,17:24,40,40102,43.96894,0.00552,1,3,3,1,1,2,2,02,2,-1,000,010,1,0,1,3,1,79,0,1,2,00,2,7,1,201700012936B01,7,15,1
201700012939,2017-09-27,2017,septembre,mercredi,14:40,40,40075,43.88299,-1.18632,1,9,1,1,1,3,2,02,2,-1,000,010,1,0,1,3,1,78,5,1,2,00,2,1,19,201700012939B01,7,1,1
201700012952,2017-06-27,2017,juin,mardi,14:30,40,40181,43.81551,-1.3733,1,1,7,1,1,4,4,02,2,1,000,000,1,0,1,3,2,77,5,1,2,00,0,0,0,201700012952B01,21,2,1
201700012957,2017-08-03,2017,août,jeudi,17:25,40,40187,43.84131,-1.38186,2,3,3,1,1,4,2,02,4,-1,006,015,1,,,3,1,17,5,1,2,00,2,8,19,201700012957B01,33,1,1
201700012973,2017-03-27,2017,mars,lundi,17:30,40,40217,44.35137,-1.07814,2,3,3,1,1,4,,,1,1,,,1,0,1,3,1,81,5,1,2,00,2,0,16,201700012973B01,7,1,1
201700012978,2017-08-30,2017,août,mercredi,17:15,40,40046,44.40811,-1.16052,2,9,3,1,1,3,2,02,1,-1,000,010,5,,,3,1,67,5,1,2,00,2,5,19,201700012978B01,7,1,1
201700012987,2017-10-04,2017,octobre,mercredi,17:50,40,40197,44.02693,-0.90603,2,1,3,1,1,3,2,02,1,1,000,000,1,0,1,3,1,46,5,1,2,00,2,8,1,201700012987B01,7,17,1
201700013009,2017-01-14,2017,janvier,samedi,15:25,40,40204,43.75765,-0.73098,1,4,3,1,8,3,2,02,1,-1,006,610,1,,,3,1,58,5,1,2,00,2,3,1,201700013009B01,7,16,1
201700013016,2017-06-11,2017,juin,dimanche,14:30,40,40228,43.62386,-0.85041,1,4,2,1,1,3,2,02,1,-1,007,610,1,0,1,4,1,12,5,1,2,00,2,8,15,201700013016B01,7,1,1
201700013023,2017-02-08,2017,février,mercredi,17:00,21,21190,46.95841,4.78502,1,9,7,1,1,4,2,02,1,-1,006,010,3,,,3,1,17,5,1,2,00,0,0,0,201700013023A01,,,
201700013032,2017-03-14,2017,mars,mardi,16:25,21,21210,47.25262,4.59345,2,3,3,1,1,4,2,02,1,-1,005,010,1,,,3,1,73,9,1,2,00,2,1,15,201700013032B01,7,1,1
201700013081,2017-09-29,2017,septembre,vendredi,82:5,21,21154,47.86947,4.59657,1,1,3,1,7,3,2,02,2,1,000,060,1,0,1,2,1,69,5,1,4,00,0,8,1,201700013081B01,7,1,1
201700013099,2017-06-16,2017,juin,vendredi,10:45,53,53009,47.99503,-0.60339,1,1,2,1,1,3,2,02,1,1,000,061,1,0,1,3,1,74,5,1,2,00,0,4,1,201700013099B01,7,1,1
201700013118,2017-06-04,2017,juin,dimanche,19:00,53,53103,48.09907,-0.88868,2,6,3,1,1,4,1,01,2,-1,000,015,1,,,3,1,37,5,1,2,00,2,1,9,201700013118B01,7,1,1
201700013130,2017-04-23,2017,avril,dimanche,16:05,53,53215,47.78925,-0.72925,1,1,3,1,1,4,3,02,1,1,000,000,1,0,1,4,1,44,5,1,2,00,2,2,17,201700013130A01,1,1,1
201700013130,2017-04-23,2017,avril,dimanche,16:05,53,53215,47.78925,-0.72925,1,1,3,1,1,4,3,02,1,1,000,000,1,0,1,3,1,14,5,1,2,00,2,3,1,201700013130B01,1,17,1
201700013195,2017-05-26,2017,mai,vendredi,10:33,07,07179,44.7401,4.48205,1,1,3,1,1,3,2,02,2,2,000,050,1,0,1,3,1,59,5,1,2,00,2,1,16,201700013195B01,7,15,1
201700013210,2017-01-18,2017,janvier,mercredi,91:5,07,07346,44.48619,4.68374,2,1,3,1,1,3,2,02,1,-1,000,010,1,,,3,1,82,5,1,2,00,2,1,0,201700013210B01,7,15,1
201700013234,2017-04-16,2017,avril,dimanche,14:20,07,07295,44.81826,4.59668,2,1,7,1,1,4,2,02,1,3,000,032,1,2,0,3,1,55,5,1,2,10,0,0,0,201700013234A01,,,
201700013235,2017-04-22,2017,avril,samedi,16:44,07,07083,44.83824,4.6476,1,1,6,1,1,3,2,02,2,2,000,060,1,0,3,4,1,56,5,1,2,06,0,2,0,201700013235A01,,,
201700013254,2017-04-15,2017,avril,samedi,11:15,07,07199,44.48712,4.27008,2,1,3,1,1,3,2,02,1,1,000,000,1,0,1,3,1,72,5,1,2,00,0,8,2,201700013254B01,7,17,1
201700013284,2017-06-20,2017,juin,mardi,14:20,07,07211,44.31555,4.21221,2,1,6,1,1,3,2,02,1,1,000,049,1,0,1,4,1,45,5,1,2,00,2,0,1,201700013284A01,,,
201700013332,2017-08-18,2017,août,vendredi,10:45,07,07085,45.03288,4.62156,1,1,3,1,1,3,2,02,1,-1,006,510,1,,,3,1,71,5,1,2,00,2,1,1,201700013332B01,7,15,1
201700013392,2017-07-11,2017,juillet,mardi,17:30,16,16028,45.50869,-0.17378,1,1,3,1,1,3,2,02,1,3,000,035,1,2,1,4,1,66,5,1,2,00,2,3,13,201700013392A01,7,1,1
201700013398,2017-10-20,2017,octobre,vendredi,17:05,16,16028,45.47759,-0.14985,2,1,3,1,1,3,2,02,1,1,000,068,1,0,1,4,2,13,2,1,9,00,2,8,19,201700013398B01,7,1,1
201700013435,2017-07-06,2017,juillet,jeudi,19:15,16,16096,45.79886,0.58786,1,3,3,1,1,3,2,02,1,1,,041,1,0,1,2,1,78,5,1,2,00,2,1,16,201700013435B01,7,1,1
201700013444,2017-08-26,2017,août,samedi,11:20,36,36045,46.99209,1.16643,2,1,3,1,1,3,2,02,1,1,000,000,1,0,1,2,1,92,5,1,9,00,2,1,19,201700013444A01,7,1,1
201700013553,2017-06-20,2017,juin,mardi,90:0,10,10232,48.09669,4.3866,2,1,3,1,1,3,2,02,1,2,000,060,1,0,1,3,2,60,5,1,2,00,2,1,16,201700013553B01,14,1,1
201700013563,2017-02-23,2017,février,jeudi,13:10,10,10345,48.41964,4.52931,2,1,2,1,6,3,2,02,1,1,,050,1,0,1,4,1,42,0,1,2,01,0,1,2,201700013563A01,13,23,1
201700013569,2017-02-14,2017,février,mardi,82:0,10,10268,48.49336,3.50167,2,1,6,1,1,4,1,01,1,-1,,,1,0,1,1,1,11,2,1,2,00,1,1,5,201700013569A01,,,
201700013588,2017-04-11,2017,avril,mardi,19:45,10,10323,48.52009,3.72648,2,6,3,1,1,3,2,02,1,-1,005,110,1,,,4,1,18,5,1,2,00,2,1,19,201700013588B01,7,1,1
201700013593,2017-05-18,2017,mai,jeudi,18:20,10,10114,48.51671,3.64883,2,9,3,1,1,4,2,02,1,-1,,010,1,,,4,1,10,2,1,2,00,2,1,0,201700013593A01,7,0,1
201700013604,2017-12-08,2017,décembre,vendredi,18:55,10,10368,48.40982,3.93494,1,1,2,3,1,3,2,04,3,3,009,140,1,0,1,2,1,32,5,1,4,00,2,4,2,201700013604B01,7,2,1
201700013634,2017-06-14,2017,juin,mercredi,11:45,43,43061,45.107,3.89648,1,1,6,1,1,3,2,02,1,3,000,060,1,0,1,3,1,69,5,1,2,14,0,1,1,201700013634A01,,,
201700013663,2017-05-27,2017,mai,samedi,18:10,43,43007,45.0746,4.13661,1,1,3,1,1,3,2,02,2,1,000,060,1,0,1,3,1,63,5,1,8,00,0,8,1,201700013663B01,7,17,1
201700013676,2017-09-24,2017,septembre,dimanche,13:45,43,43028,45.1408,4.07212,2,4,3,1,1,3,2,02,1,1,000,060,1,0,1,3,1,9,5,1,2,00,2,2,19,201700013676B01,7,1,1
201700013681,2017-04-24,2017,avril,lundi,16:15,43,43012,45.3695,4.20397,2,6,3,1,1,3,1,01,1,2,000,035,1,0,1,3,1,80,5,1,2,00,2,7,1,201700013681B01,7,9,1
201700013683,2017-07-05,2017,juillet,mercredi,14:55,43,43012,0,0,2,3,3,1,1,4,2,02,1,1,000,040,1,0,1,3,2,11,5,1,8,00,2,8,15,201700013683A01,7,1,1
201700013731,2017-04-03,2017,avril,lundi,12:15,18,18179,47.17448,2.44217,2,1,7,1,1,3,2,02,2,1,000,080,1,0,1,3,1,56,5,1,2,00,0,0,1,201700013731A01,,,
201700013732,2017-04-10,2017,avril,lundi,17:05,18,18211,47.18626,2.4173,2,1,6,1,1,4,-1,02,2,1,000,053,1,0,1,3,1,57,5,1,2,00,9,1,14,201700013732A01,,,
201700013750,2017-03-29,2017,mars,mercredi,18:20,18,18038,46.76913,2.42942,2,1,6,1,1,4,2,02,2,1,000,041,1,0,1,3,1,69,5,1,2,01,0,1,1,201700013750A01,,,
201700013753,2017-08-25,2017,août,vendredi,11:15,18,18197,46.71609,2.54196,1,1,6,1,1,4,2,02,1,1,000,039,1,0,1,1,1,64,5,1,2,00,9,1,1,201700013753C01,13,1,1
201700013753,2017-08-25,2017,août,vendredi,11:15,18,18197,46.71609,2.54196,1,1,6,1,1,4,2,02,1,1,000,039,1,0,1,2,1,72,5,1,2,00,9,1,1,201700013753B01,13,1,1
201700013808,2017-04-22,2017,avril,samedi,18:10,18,18134,47.13047,2.05646,2,1,3,1,1,3,2,02,1,1,065,065,1,0,1,3,2,74,5,1,4,00,2,1,1,201700013808B01,7,9,1
201700013810,2017-06-07,2017,juin,mercredi,17:30,18,18138,47.10359,2.28428,2,3,1,1,1,3,2,01,1,-1,007,010,1,,,3,1,49,5,1,2,00,2,1,21,201700013810B01,7,1,1
201700013818,2017-04-09,2017,avril,dimanche,17:30,73,73085,45.79833,5.86241,1,1,2,1,1,3,2,02,2,3,000,039,1,0,1,3,1,52,5,1,2,00,2,0,2,201700013818B01,7,2,1
201700013827,2017-08-21,2017,août,lundi,15:00,73,73059,45.73276,5.8893,1,3,3,1,1,3,2,02,,-1,,,,0,1,3,1,42,5,1,2,00,2,1,18,201700013827A01,7,15,1
201700013839,2017-03-31,2017,mars,vendredi,13:55,73,73171,45.50063,6.04943,2,3,3,1,1,3,2,02,1,-1,006,010,1,,,3,1,56,5,1,2,00,2,1,1,201700013839B01,7,15,1
201700013840,2017-07-12,2017,juillet,mercredi,11:10,73,73151,45.50508,6.00249,1,2,1,1,1,3,2,02,1,-1,007,010,1,,,3,1,56,5,1,2,00,2,1,15,201700013840A01,7,19,1
201700013844,2017-04-07,2017,avril,vendredi,16:30,73,73241,45.6019,6.30388,1,1,3,1,1,3,2,02,2,2,000,070,1,0,1,3,1,74,5,1,2,00,2,2,13,201700013844B01,7,17,1
201700013855,2017-08-19,2017,août,samedi,13:45,73,73153,45.73225,6.41361,1,1,7,1,7,4,2,02,2,3,000,000,1,0,1,3,2,18,5,1,2,00,0,1,1,201700013855A01,,,
201700013856,2017-08-30,2017,août,mercredi,16:30,73,73308,45.68976,6.41136,1,1,3,1,1,3,2,02,2,3,000,070,1,0,1,2,1,76,5,1,2,00,2,1,13,201700013856A01,7,14,1
201700013879,2017-04-23,2017,avril,dimanche,11:15,64,64216,43.25338,-0.17701,1,1,3,1,1,4,2,02,1,1,000,035,1,0,1,3,1,40,5,1,2,00,2,1,13,201700013879A01,7,1,1
201700013887,2017-10-18,2017,octobre,mercredi,11:10,64,64405,43.35069,-0.25724,1,6,1,1,7,3,-1,01,1,-1,000,015,1,,,3,1,64,5,1,2,00,2,7,1,201700013887B01,7,9,1
201700013901,2017-04-08,2017,avril,samedi,19:34,64,64536,43.472,-0.34351,2,1,3,2,1,3,2,02,2,1,000,076,1,0,1,3,1,33,5,1,2,00,2,1,1,201700013901B01,7,15,1
201700013908,2017-06-27,2017,juin,mardi,11:00,64,64134,43.36604,-1.27241,1,1,7,1,1,4,2,02,2,1,000,060,1,0,0,2,1,61,5,1,2,00,0,0,1,201700013908A01,,,
201700013925,2017-07-26,2017,juillet,mercredi,10:00,64,64495,43.35622,-1.56131,2,3,3,1,1,3,2,02,1,-1,006,010,1,,,4,1,45,0,1,2,00,2,1,1,201700013925B01,7,9,1
201700013943,2017-05-24,2017,mai,mercredi,15:10,64,64547,43.39988,-1.45648,2,1,3,1,1,3,2,02,1,1,000,000,1,0,1,3,1,30,5,1,2,00,2,1,1,201700013943A01,7,10,1
201700013950,2017-09-05,2017,septembre,mardi,17:23,64,64547,43.41319,-1.49211,2,1,6,1,1,3,2,02,2,1,000,000,1,0,0,3,1,79,5,1,2,00,2,8,2,201700013950B01,38,2,1
201700013956,2017-12-24,2017,décembre,dimanche,14:40,64,64038,43.4524,-1.52967,1,3,1,1,7,3,2,02,1,-1,006,510,1,,,4,1,27,5,1,2,00,2,1,1,201700013956B01,7,15,1
201700013957,2017-02-25,2017,février,samedi,13:30,64,64316,43.03571,-1.04409,1,1,7,1,1,3,2,02,2,4,000,070,1,0,3,4,1,19,5,1,2,13,0,0,0,201700013957A01,,,
201700013959,2017-05-07,2017,mai,dimanche,17:30,64,64188,43.23958,-0.86995,1,3,3,1,1,3,2,02,1,-1,000,015,-1,,,3,1,84,5,1,2,00,2,8,9,201700013959A01,7,1,1
201700013963,2017-10-20,2017,octobre,vendredi,18:40,64,64391,43.26609,-0.84625,2,1,2,2,1,3,2,02,2,1,000,070,1,0,1,4,1,62,5,1,2,00,2,4,2,201700013963B01,7,2,1
201700013997,2017-09-12,2017,septembre,mardi,15:10,45,45019,47.88461,1.62366,1,1,7,1,1,4,2,02,1,1,000,000,1,0,1,3,1,68,5,1,2,00,0,0,0,201700013997A01,,,
201700014005,2017-05-05,2017,mai,vendredi,17:30,45,45175,47.77543,1.82041,1,1,2,1,1,3,2,02,1,1,000,065,1,0,1,4,1,51,5,1,2,00,0,4,1,201700014005B01,7,1,1
201700014017,2017-12-29,2017,décembre,vendredi,14:20,45,45182,47.68716,1.77886,2,1,2,1,1,3,2,02,2,-1,000,060,1,0,1,4,1,15,5,1,2,00,2,1,1,201700014017A01,1,1,1
201700014017,2017-12-29,2017,décembre,vendredi,14:20,45,45182,47.68716,1.77886,2,1,2,1,1,3,2,02,2,-1,000,060,1,0,1,3,1,60,5,1,2,00,2,1,1,201700014017B01,1,1,1
201700014068,2017-08-21,2017,août,lundi,11:05,45,45224,48.0707,2.06185,2,1,2,1,1,3,2,02,1,1,000,069,1,0,1,2,1,72,3,1,9,12,0,4,2,201700014068B01,7,2,1
201700014076,2017-01-05,2017,janvier,jeudi,62:0,60,60103,49.40861,2.25058,2,3,3,5,1,4,,,,,,,,,,3,1,74,5,1,4,00,0,2,0,201700014076B01,7,15,1
201700014082,2017-05-17,2017,mai,mercredi,18:30,60,60646,49.48242,2.0381,2,1,7,1,1,4,1,01,2,-1,000,010,1,0,1,4,1,58,5,1,9,16,0,7,5,201700014082A01,,,
201700014083,2017-06-19,2017,juin,lundi,19:40,60,60041,49.38129,2.22896,2,1,3,1,1,3,2,02,1,-1,006,010,1,0,1,2,2,18,5,1,2,00,2,8,1,201700014083B01,7,1,1
201700014086,2017-08-16,2017,août,mercredi,15:15,60,60542,49.40492,2.1824,2,2,6,1,1,3,2,02,1,-1,000,010,5,0,5,2,1,64,5,1,2,08,0,1,1,201700014086A01,,,
201700014097,2017-06-01,2017,juin,jeudi,10:35,60,60662,49.38154,1.9156,2,1,2,1,1,3,2,02,1,1,000,059,1,0,1,2,1,58,5,1,9,00,2,1,1,201700014097B01,7,4,1
201700014140,2017-11-19,2017,novembre,dimanche,17:40,60,60664,49.61324,2.29056,2,9,6,5,1,3,2,02,1,-1,000,010,4,,,3,1,57,5,1,4,00,2,0,0,201700014140B01,7,9,1
201700014147,2017-05-13,2017,mai,samedi,19:45,60,60374,49.55194,2.50888,2,9,3,1,1,3,2,02,1,-1,006,610,1,,3,3,1,8,5,1,2,00,2,1,19,201700014147B01,7,1,1
201700014158,2017-02-15,2017,février,mercredi,16:15,60,60151,49.4481,2.90288,1,1,3,1,1,3,2,02,1,1,000,073,1,0,0,3,2,62,5,1,2,00,2,1,13,201700014158B01,10,0,1
201700014159,2017-03-14,2017,mars,mardi,15:00,60,60188,49.40362,2.99961,2,1,3,1,1,2,2,02,1,-1,000,070,1,0,1,3,1,64,,1,2,00,2,8,2,201700014159B01,15,1,1
201700014162,2017-04-12,2017,avril,mercredi,14:05,60,60188,49.39618,3.0043,2,6,3,1,1,4,2,01,1,-1,000,010,1,,,3,1,14,5,1,2,00,2,1,0,201700014162B01,7,21,1