Num_Acc,date,an,mois,jour,hrmn,dep,com,lat,long,agg,int,col,lum,atm,catr,circ,nbv,prof,plan,lartpc,larrout,surf,infra,situ,grav,sexe,age,trajet,secuexist,equipement,obs,obsm,choc,manv,vehiculeid,typevehicules,manoeuvehicules,numVehicules
201700014207,2017-08-28,2017,août,lundi,12:44,60,60238,49.26215,2.59244,1,1,3,1,1,3,2,02,1,1,000,000,1,0,1,2,1,48,1,1,2,00,2,8,15,201700014207B01,7,17,1
201700014254,2017-06-09,2017,juin,vendredi,11:45,83,83032,43.46379,6.21154,2,1,7,1,1,3,2,02,2,-1,060,060,1,0,1,2,1,77,5,1,2,00,0,0,0,201700014254A01,,,
201700014280,2017-07-14,2017,juillet,vendredi,30:0,83,83056,43.55589,6.51633,2,1,7,5,1,3,2,02,2,2,000,056,1,0,3,3,1,49,5,1,9,13,0,1,0,201700014280A01,,,
201700014289,2017-10-14,2017,octobre,samedi,16:00,90,90104,47.6203,6.8952,1,1,1,1,1,3,2,02,1,-1,005,510,1,,,3,1,71,5,1,9,00,2,0,0,201700014289B01,7,15,1
201700014316,2017-04-07,2017,avril,vendredi,17:25,50,50046,49.13326,-0.98099,1,1,3,1,1,3,2,02,1,1,000,110,1,0,1,3,1,78,5,1,2,00,0,4,1,201700014316B01,7,2,1
201700014323,2017-09-23,2017,septembre,samedi,15:40,50,50239,49.12614,-1.17537,1,3,3,1,1,3,2,02,1,1,004,810,1,,1,4,1,12,5,1,2,00,2,8,15,201700014323B01,7,1,1
201700014340,2017-12-24,2017,décembre,dimanche,15:15,50,50066,48.77075,-1.56972,2,9,6,1,8,4,2,02,1,1,004,710,1,,,3,1,12,3,1,2,00,2,8,1,201700014340B01,7,1,1
201700014385,2017-05-31,2017,mai,mercredi,15:30,50,50256,48.59804,-1.19273,1,1,3,1,7,3,2,02,2,1,000,063,1,0,1,3,2,75,5,1,2,00,2,8,1,201700014385B01,7,1,1
201700014416,2017-01-25,2017,janvier,mercredi,14:00,50,50503,49.32136,-1.67028,1,4,3,1,1,3,-1,02,1,-1,505,510,1,,,4,1,84,5,1,2,00,2,1,1,201700014416B01,7,16,1
201700014426,2017-07-02,2017,juillet,dimanche,85:0,50,50402,49.51658,-1.79912,1,6,3,1,1,3,2,02,1,1,000,015,1,,,4,1,66,5,1,2,00,2,1,1,201700014426B01,10,9,1
201700014441,2017-06-10,2017,juin,samedi,11:15,50,50103,49.38094,-1.30478,1,1,3,1,1,3,2,02,1,1,000,070,1,0,1,3,1,48,5,1,2,00,2,3,2,201700014441A01,1,2,1
201700014441,2017-06-10,2017,juin,samedi,11:15,50,50103,49.38094,-1.30478,1,1,3,1,1,3,2,02,1,1,000,070,1,0,1,1,1,47,5,1,2,00,2,5,2,201700014441B01,1,2,1
201700014448,2017-09-16,2017,septembre,samedi,14:50,50,50523,49.3975,-1.30981,1,1,6,1,1,3,2,02,1,1,000,000,2,0,1,3,1,64,5,1,2,00,0,7,1,201700014448A01,,,
201700014458,2017-06-16,2017,juin,vendredi,18:35,50,50437,48.98515,-1.33183,2,6,3,1,1,3,1,01,1,1,000,015,1,0,1,2,1,11,5,1,2,00,2,1,5,201700014458B01,38,15,1
201700014473,2017-07-18,2017,juillet,mardi,17:00,50,50349,48.9912,-1.54613,1,1,7,1,1,3,2,02,2,2,000,000,1,0,1,2,1,48,5,1,2,00,0,0,1,201700014473A01,,,
201700014476,2017-08-15,2017,août,mardi,18:00,50,50605,48.97344,-1.40762,1,1,2,1,1,3,2,02,2,1,000,000,1,0,1,3,2,14,5,1,9,00,2,4,17,201700014476B01,7,17,1
201700014479,2017-11-29,2017,novembre,mercredi,13:40,50,50277,48.85492,-1.54989,2,2,3,1,1,3,2,02,2,1,000,000,1,0,1,4,1,74,5,1,2,00,2,7,1,201700014479B01,14,19,1
201700014496,2017-06-28,2017,juin,mercredi,15:30,50,50182,49.16955,-1.47494,1,1,3,1,8,3,2,02,2,2,000,043,1,0,1,2,1,32,5,1,2,00,2,3,11,201700014496A01,21,5,1
201700014519,2017-04-22,2017,avril,samedi,11:40,05,05145,44.65781,6.20669,1,1,3,1,1,3,2,02,1,1,000,073,1,0,1,3,2,58,5,1,2,00,2,8,2,201700014519B01,7,2,1
201700014545,2017-08-18,2017,août,vendredi,16:15,05,05046,44.55778,6.46818,1,1,7,1,1,3,2,02,2,1,000,053,1,0,3,3,1,67,5,1,2,13,0,9,14,201700014545A01,,,
201700014554,2017-10-22,2017,octobre,dimanche,85:4,14,14670,49.22894,-0.50832,1,1,3,1,1,3,2,02,2,1,000,031,2,0,1,3,1,55,5,1,2,00,2,1,2,201700014554B01,7,17,1
201700014557,2017-11-07,2017,novembre,mardi,11:10,14,14670,49.23055,-0.52141,1,1,3,1,1,3,2,02,3,1,000,000,1,0,1,1,1,66,5,1,2,00,9,0,1,201700014557A01,1,2,1
201700014557,2017-11-07,2017,novembre,mardi,11:10,14,14670,49.23055,-0.52141,1,1,3,1,1,3,2,02,3,1,000,000,1,0,1,3,1,69,5,1,2,00,9,8,2,201700014557B01,1,1,1
201700014602,2017-08-27,2017,août,dimanche,18:30,14,14702,49.10034,-0.58604,1,3,3,1,1,3,2,02,1,-1,004,010,1,,,4,1,21,5,1,2,00,2,1,19,201700014602A01,7,1,1
201700014636,2017-09-13,2017,septembre,mercredi,16:45,14,14300,49.20178,-0.00872,1,1,3,1,2,3,1,02,2,1,000,051,2,0,1,4,1,14,5,1,2,00,2,7,21,201700014636B01,7,15,1
201700014646,2017-03-15,2017,mars,mercredi,15:00,14,14554,49.0749,-0.29658,1,3,3,1,1,3,2,02,1,-1,000,089,1,0,1,4,1,73,5,1,2,00,2,6,15,201700014646A01,7,15,1
201700014677,2017-07-30,2017,juillet,dimanche,18:20,14,14478,49.02155,0.40535,2,2,3,1,1,4,1,01,1,-1,000,010,1,,,3,2,15,5,1,2,00,2,1,0,201700014677B01,7,1,1
201700014684,2017-10-24,2017,octobre,mardi,17:00,14,14105,48.9729,0.16204,1,1,3,1,1,3,2,02,1,1,021,085,1,0,1,3,1,15,5,1,2,00,0,8,1,201700014684B01,7,1,1
201700014692,2017-03-02,2017,mars,jeudi,16:10,14,14749,49.0545,-0.11833,1,2,3,1,1,3,2,02,2,1,000,000,1,0,1,3,1,82,5,1,2,00,2,8,19,201700014692A01,7,1,1
201700014702,2017-06-14,2017,juin,mercredi,11:50,14,14431,49.07424,-0.08745,2,1,6,1,7,4,2,02,1,-1,000,070,1,0,1,4,1,41,1,1,2,01,0,1,2,201700014702A01,,,
201700014703,2017-06-26,2017,juin,lundi,15:55,14,14345,48.97113,-0.07831,1,2,3,1,1,3,2,02,1,-1,007,510,1,,,3,1,85,5,1,2,00,2,8,15,201700014703A01,7,1,1
201700014719,2017-04-23,2017,avril,dimanche,14:50,14,14113,0,0,1,1,3,1,1,4,2,02,1,1,000,048,1,0,1,3,1,13,5,1,2,00,2,8,19,201700014719B01,7,1,1
201700014730,2017-01-18,2017,janvier,mercredi,10:30,06,06079,43.53161,6.94811,2,4,3,1,1,3,2,02,1,-1,007,010,5,,,3,2,61,5,1,2,00,2,3,1,201700014730B01,7,12,1
201700014736,2017-04-04,2017,avril,mardi,16:15,06,06079,43.52951,6.94761,2,4,3,1,1,3,2,02,1,-1,006,010,1,,,4,1,44,1,1,2,00,2,3,1,201700014736B01,7,16,1
201700014771,2017-06-07,2017,juin,mercredi,14:45,06,06148,43.70745,7.04127,1,1,7,1,1,3,2,02,2,1,000,065,1,0,1,4,1,70,5,1,2,00,0,0,2,201700014771A01,,,
201700014777,2017-09-07,2017,septembre,jeudi,10:15,06,06010,43.69427,6.97095,1,1,7,1,1,3,2,02,2,3,015,031,9,0,3,3,1,72,5,1,2,06,0,1,1,201700014777A01,,,
201700014804,2017-02-28,2017,février,mardi,14:51,06,06150,43.73697,7.39675,1,1,1,1,1,3,2,02,2,1,000,060,1,0,1,3,2,26,5,1,2,00,2,1,17,201700014804B01,7,1,1
201700014810,2017-04-23,2017,avril,dimanche,13:00,06,06059,43.7271,7.35305,1,1,3,1,1,3,3,04,2,1,000,000,1,0,1,3,1,59,5,1,2,00,2,1,1,201700014810B01,7,3,1
201700014818,2017-07-07,2017,juillet,vendredi,82:0,06,06032,43.72404,7.39616,2,1,1,1,1,3,2,02,2,1,000,000,1,0,1,3,1,34,5,1,2,00,2,1,1,201700014818B01,7,20,1
201700014851,2017-02-16,2017,février,jeudi,16:45,72,72075,47.93076,0.004,1,1,5,1,1,3,2,02,1,1,000,000,1,0,1,4,1,65,5,1,2,00,9,8,2,201700014851C01,21,17,1
201700014851,2017-02-16,2017,février,jeudi,16:45,72,72075,47.93076,0.004,1,1,5,1,1,3,2,02,1,1,000,000,1,0,1,4,1,67,5,1,2,00,2,8,2,201700014851B01,21,17,1
201700014872,2017-12-06,2017,décembre,mercredi,13:15,72,72169,47.94147,0.04883,1,1,3,1,1,3,2,02,1,1,000,065,1,0,1,3,1,65,5,1,2,00,2,3,1,201700014872C01,10,2,1
201700014902,2017-01-28,2017,janvier,samedi,15:00,72,72241,48.03795,0.40654,2,1,7,1,1,4,2,02,1,-1,007,020,1,,,3,1,44,5,1,2,00,0,7,16,201700014902A01,,,
201700014911,2017-05-10,2017,mai,mercredi,14:20,72,72386,48.01215,0.26675,2,1,3,1,1,4,2,02,2,1,000,059,1,0,1,3,1,76,5,1,2,00,2,7,1,201700014911B01,7,20,1
201700014917,2017-07-18,2017,juillet,mardi,10:15,72,72300,48.02826,0.3804,2,1,5,1,7,3,2,02,1,-1,007,010,1,,,3,1,69,5,1,2,00,2,1,1,201700014917B01,7,15,1
201700014917,2017-07-18,2017,juillet,mardi,10:15,72,72300,48.02826,0.3804,2,1,5,1,7,3,2,02,1,-1,007,010,1,,,3,1,69,5,1,2,00,2,1,1,201700014917C01,7,15,1
201700014965,2017-02-06,2017,février,lundi,16:20,72,72021,47.86722,-0.19407,1,1,6,1,2,3,2,02,1,1,000,000,2,0,1,3,1,56,5,1,2,00,5,1,1,201700014965A01,,,
201700014979,2017-04-23,2017,avril,dimanche,11:50,72,72182,47.74359,0.13529,2,1,3,1,1,3,2,02,1,-1,000,010,1,,,3,1,59,5,1,2,00,2,2,15,201700014979B01,7,1,1
201700014987,2017-08-14,2017,août,lundi,10:05,72,72154,47.68926,-0.06464,1,1,3,1,1,4,2,02,1,-1,000,010,1,,,4,1,69,5,1,2,00,2,1,1,201700014987A01,7,1,1
201700014996,2017-04-29,2017,avril,samedi,18:55,72,72104,48.28171,0.27868,1,1,2,1,1,3,2,02,2,3,000,067,1,0,1,2,1,53,5,1,2,00,0,4,1,201700014996B01,7,1,1
201700014999,2017-05-14,2017,mai,dimanche,16:40,72,72317,48.34733,0.25145,1,1,2,1,1,4,2,02,1,1,000,000,1,0,1,4,1,18,5,1,2,01,0,1,1,201700014999B01,7,23,1
201700015007,2017-07-28,2017,juillet,vendredi,15:25,72,72189,48.25082,0.31446,2,1,3,1,1,3,2,02,1,-1,000,010,1,,,3,1,58,1,1,2,00,2,3,15,201700015007B01,7,17,1
201700015114,2017-04-21,2017,avril,vendredi,85:1,14,14220,0,0,2,1,3,1,1,4,1,02,1,2,000,000,1,0,1,4,2,35,5,1,2,00,2,2,1,201700015114B01,7,9,1
201700015126,2017-05-25,2017,mai,jeudi,20:15,14,14699,49.35106,0.10209,2,1,6,1,1,4,2,02,2,1,000,000,1,0,1,4,1,43,5,1,2,00,2,7,1,201700015126B01,7,15,1
201700015129,2017-06-07,2017,juin,mercredi,10:45,14,14220,49.36051,0.08439,2,1,7,1,1,3,2,02,1,1,000,000,1,0,1,4,1,92,5,1,2,00,2,8,1,201700015129A01,7,17,1
201700015139,2017-08-14,2017,août,lundi,19:10,14,14557,49.33596,0.09183,2,2,7,1,1,3,2,02,1,1,000,000,1,0,1,4,1,48,5,1,2,00,2,8,1,201700015139B01,7,9,1
201700015146,2017-10-15,2017,octobre,dimanche,11:31,14,14715,49.36501,0.08398,2,1,3,1,1,4,2,02,1,1,000,000,1,0,1,4,1,57,1,1,2,00,2,1,1,201700015146B01,7,16,1
201700015155,2017-03-11,2017,mars,samedi,92:0,66,66024,42.51401,2.82995,2,6,3,1,1,3,2,02,1,-1,000,015,-1,,,3,1,34,5,1,2,00,2,8,2,201700015155B01,7,17,1
201700015167,2017-07-23,2017,juillet,dimanche,11:00,66,66053,42.52328,3.09767,1,1,1,1,1,3,2,02,2,-1,000,010,5,,,3,1,54,5,1,2,00,2,1,1,201700015167A01,7,16,1
201700015187,2017-03-10,2017,mars,vendredi,17:50,58,58095,46.83756,3.47912,1,1,4,2,1,3,2,02,1,1,000,060,1,0,1,3,2,59,5,1,2,00,2,4,2,201700015187C01,7,2,1
201700015187,2017-03-10,2017,mars,vendredi,17:50,58,58095,46.83756,3.47912,1,1,4,2,1,3,2,02,1,1,000,060,1,0,1,3,1,60,5,1,2,00,2,4,2,201700015187B01,7,2,1
201700015228,2017-11-21,2017,novembre,mardi,13:50,58,58278,46.94766,3.20038,1,1,3,1,1,3,2,02,2,1,000,060,1,0,1,4,1,62,5,1,2,00,2,1,1,201700015228B01,7,13,1
201700015260,2017-04-28,2017,avril,vendredi,15:00,58,58067,47.10085,3.07498,1,1,3,1,1,3,2,02,2,1,000,000,1,0,1,4,1,53,5,1,2,00,2,8,2,201700015260B01,7,1,1
201700015267,2017-04-18,2017,avril,mardi,11:30,58,58058,47.39426,3.34417,2,1,1,1,1,4,2,02,1,1,000,050,1,0,1,3,1,10,5,1,2,00,2,8,19,201700015267B01,7,1,1
201700015273,2017-02-01,2017,février,mercredi,75:5,26,26166,0,0,2,1,6,1,1,3,2,02,1,1,000,028,1,0,1,3,1,13,2,1,9,00,2,8,15,201700015273B01,7,2,1
201700015277,2017-03-05,2017,mars,dimanche,12:45,26,26124,44.8396,4.88795,2,1,7,1,3,4,2,02,2,-1,000,020,1,,,3,1,66,5,1,2,00,0,0,16,201700015277A01,,,
201700015281,2017-05-03,2017,mai,mercredi,17:20,26,26144,0,0,1,1,6,1,1,3,2,02,1,-1,000,000,1,0,1,3,1,69,0,1,2,00,2,0,0,201700015281A01,1,0,1
201700015281,2017-05-03,2017,mai,mercredi,17:20,26,26144,0,0,1,1,6,1,1,3,2,02,1,-1,000,000,1,0,1,4,1,59,5,1,2,00,2,0,0,201700015281B01,1,0,1
201700015295,2017-04-03,2017,avril,lundi,14:15,26,26183,0,0,1,1,3,1,1,3,2,02,1,1,000,090,1,0,0,4,2,63,5,1,2,00,2,8,1,201700015295B01,7,1,1
201700015350,2017-03-26,2017,mars,dimanche,19:00,26,26172,0,0,2,1,1,2,1,3,2,02,1,3,000,035,1,0,1,3,1,77,5,1,2,00,2,1,0,201700015350B01,7,13,1
201700015375,2017-10-22,2017,octobre,dimanche,30:,70,70576,47.9337,6.00262,1,1,6,3,1,3,2,02,1,3,000,061,1,0,1,1,1,16,5,1,2,00,0,4,1,201700015375B01,7,4,1
201700015375,2017-10-22,2017,octobre,dimanche,30:,70,70576,47.9337,6.00262,1,1,6,3,1,3,2,02,1,3,000,061,1,0,1,2,1,16,5,1,2,00,0,4,1,201700015375C01,7,4,1
201700015378,2017-05-20,2017,mai,samedi,84:0,70,70138,47.64518,5.97798,2,6,3,1,1,3,2,02,1,-1,007,010,1,5,1,3,1,38,5,1,2,00,2,1,1,201700015378B01,7,9,1
201700015383,2017-11-02,2017,novembre,jeudi,93:0,70,70387,47.56723,5.93313,1,1,3,1,1,3,2,02,1,1,000,062,1,0,1,3,1,69,5,1,2,00,2,7,1,201700015383B01,7,17,1
201700015418,2017-08-17,2017,août,jeudi,14:59,70,70413,47.75147,6.72643,1,1,1,1,1,3,2,02,2,-1,000,062,1,0,1,3,1,60,5,1,2,00,2,3,0,201700015418B01,7,13,1
201700015428,2017-06-17,2017,juin,samedi,11:40,70,70155,47.73824,6.40307,2,3,3,1,1,3,2,02,1,4,000,000,1,0,1,3,1,55,5,1,2,00,2,3,15,201700015428A01,7,1,1
201700015459,2017-08-05,2017,août,samedi,10:10,01,01095,46.25283,5.41336,1,3,1,1,1,3,2,02,4,-1,000,010,1,,,4,1,55,5,1,2,00,2,1,1,201700015459B01,7,15,1
201700015461,2017-08-27,2017,août,dimanche,5:,01,01072,46.1856,5.30049,1,3,3,3,1,3,2,02,1,-1,207,215,1,,,3,1,22,5,1,4,00,2,4,6,201700015461B01,7,1,1
201700015462,2017-09-03,2017,septembre,dimanche,17:25,01,01254,46.1743,5.2872,1,1,2,1,1,3,2,02,2,1,000,000,1,0,1,4,1,79,5,1,2,00,2,4,1,201700015462B01,7,1,1
201700015469,2017-04-27,2017,avril,jeudi,10:35,01,01457,46.22719,4.99289,2,3,1,1,1,3,2,02,2,-1,006,110,1,,,3,1,66,5,1,2,00,2,1,1,201700015469B01,7,15,1
201700015473,2017-09-28,2017,septembre,jeudi,15:48,01,01093,46.12885,4.95521,1,1,3,1,1,3,2,01,1,1,000,000,1,0,1,3,1,76,5,1,2,00,2,8,1,201700015473B01,10,17,1
201700015484,2017-03-25,2017,mars,samedi,14:30,01,01266,46.34188,5.11852,1,1,5,1,1,4,2,02,4,3,000,053,1,0,1,3,1,65,5,1,2,00,2,3,2,201700015484B01,7,2,1
201700015484,2017-03-25,2017,mars,samedi,14:30,01,01266,46.34188,5.11852,1,1,5,1,1,4,2,02,4,3,000,053,1,0,1,3,1,65,5,1,2,00,2,8,2,201700015484C01,7,2,1
201700015490,2017-08-26,2017,août,samedi,10:50,01,01147,46.4018,5.2914,2,1,7,1,1,3,2,02,2,1,000,000,1,0,1,3,1,65,5,1,2,00,0,0,0,201700015490A01,,,
201700015506,2017-04-29,2017,avril,samedi,13:10,01,01370,46.302,4.83611,2,6,3,1,1,3,1,02,1,-1,000,015,1,,,3,1,85,0,1,2,00,2,1,1,201700015506B01,7,16,1
201700015510,2017-08-15,2017,août,mardi,10:47,01,01123,46.24183,4.81964,1,1,3,1,1,3,2,02,1,1,000,000,1,0,1,3,1,68,5,1,2,00,2,8,2,201700015510B01,10,17,1
201700015513,2017-09-05,2017,septembre,mardi,11:18,01,01025,46.35371,4.94182,2,1,3,1,1,3,2,02,2,-1,006,710,-1,,1,3,1,55,0,1,2,00,9,0,2,201700015513B01,7,0,1
201700015521,2017-05-24,2017,mai,mercredi,20:00,01,01058,45.64131,5.61672,2,1,3,1,1,4,-1,02,1,-1,000,060,1,0,1,4,1,38,5,1,9,00,0,8,1,201700015521B01,2,1,1
201700015527,2017-10-15,2017,octobre,dimanche,17:50,01,01310,45.67621,5.64568,1,1,3,2,1,3,2,02,1,1,000,000,1,0,0,3,1,40,5,1,2,00,2,3,0,201700015527B01,7,1,1
201700015550,2017-05-03,2017,mai,mercredi,16:50,01,01267,46.18038,5.52039,2,3,1,1,1,4,,,,,,,,,,3,1,14,5,1,2,00,2,3,15,201700015550B01,7,1,1
201700015556,2017-07-22,2017,juillet,samedi,90:0,01,01204,46.1553,5.71924,2,2,3,1,1,3,2,02,2,-1,008,010,1,,,3,1,48,5,1,2,00,2,1,1,201700015556B01,7,15,1
201700015583,2017-06-18,2017,juin,dimanche,19:05,01,01446,46.03128,4.89697,1,1,3,1,1,3,2,02,1,1,000,000,1,0,1,4,1,39,5,1,2,00,0,4,13,201700015583A01,7,2,1
201700015586,2017-07-31,2017,juillet,lundi,84:5,01,01263,46.06791,4.77147,1,1,2,1,1,3,2,02,1,-1,000,000,1,0,1,3,1,61,5,1,2,00,2,4,2,201700015586A01,10,2,1
201700015629,2017-06-25,2017,juin,dimanche,12:30,15,15079,45.2526,2.38347,1,1,6,1,7,3,2,02,1,-1,000,000,1,0,3,3,1,64,5,1,2,13,0,0,1,201700015629A01,,,
201700015631,2017-07-26,2017,juillet,mercredi,11:20,15,15153,45.13517,2.22528,2,9,3,1,1,4,2,02,1,-1,000,010,1,,,3,1,66,3,1,2,00,2,1,9,201700015631B01,7,13,1
201700015632,2017-08-20,2017,août,dimanche,19:15,15,15261,45.21247,2.37455,1,1,1,1,1,3,2,02,1,1,000,054,1,0,1,2,1,45,5,1,2,00,2,1,1,201700015632B01,7,17,1
201700015646,2017-06-15,2017,juin,jeudi,75:0,15,15037,45.35339,2.43427,2,1,7,1,1,3,2,02,2,2,000,000,1,0,1,4,1,22,1,1,2,12,0,1,1,201700015646A01,,,
201700015649,2017-07-12,2017,juillet,mercredi,16:00,15,15037,45.3533,2.41232,1,1,5,1,1,3,2,02,2,2,000,066,1,0,1,3,1,29,5,1,2,00,2,1,13,201700015649C01,14,1,1
201700015649,2017-07-12,2017,juillet,mercredi,16:00,15,15037,45.3533,2.41232,1,1,5,1,1,3,2,02,2,2,000,066,1,0,1,4,1,24,5,1,2,15,0,1,13,201700015649B01,14,1,1
201700015654,2017-11-06,2017,novembre,lundi,17:15,15,15008,45.35193,2.56187,2,3,3,2,2,3,2,02,2,-1,050,020,1,,,3,1,11,5,1,2,00,2,1,1,201700015654B01,7,1,1
201700015704,2017-07-25,2017,juillet,mardi,11:00,03,03019,46.6033,3.67975,2,4,1,1,1,3,2,02,1,-1,000,015,1,,,3,2,66,3,1,9,00,2,1,15,201700015704B01,7,1,1
201700015721,2017-05-21,2017,mai,dimanche,19:10,03,03195,46.28937,2.65161,2,3,3,1,7,4,2,02,1,-1,005,010,1,,,4,1,25,5,1,2,00,2,8,15,201700015721B01,7,1,1
201700015745,2017-03-22,2017,mars,mercredi,15:11,03,03236,46.19239,3.42903,1,1,3,1,1,3,2,02,4,-1,000,010,1,,,3,1,81,5,1,2,00,2,8,2,201700015745B01,14,2,1
201700015747,2017-04-09,2017,avril,dimanche,14:30,03,03029,46.23188,3.44008,1,1,7,1,7,3,2,02,2,1,000,000,1,0,1,3,1,58,0,1,2,00,0,0,1,201700015747A01,,,
201700015748,2017-04-09,2017,avril,dimanche,17:15,03,03126,46.07734,3.43898,1,1,3,1,7,3,2,02,1,1,000,000,1,0,1,3,2,30,5,1,2,00,2,8,2,201700015748B01,7,17,1
201700015756,2017-10-15,2017,octobre,dimanche,14:25,03,03126,46.07769,3.4413,2,1,3,1,1,3,2,02,1,1,000,080,1,0,1,3,1,40,5,1,2,00,2,3,1,201700015756A01,10,0,1
201700015762,2017-05-08,2017,mai,lundi,11:20,03,03109,46.13999,3.25664,1,1,2,1,2,3,2,02,1,1,000,050,2,0,1,3,1,60,5,1,2,00,2,1,2,201700015762A01,1,2,1
201700015762,2017-05-08,2017,mai,lundi,11:20,03,03109,46.13999,3.25664,1,1,2,1,2,3,2,02,1,1,000,050,2,0,1,1,1,63,5,1,2,00,2,4,2,201700015762B01,1,2,1
201700015789,2017-01-17,2017,janvier,mardi,14:45,03,03267,46.34037,3.28652,1,1,3,1,1,3,2,02,2,1,000,073,1,0,1,4,2,18,1,1,2,00,2,9,1,201700015789B01,10,17,1
201700015826,2017-12-21,2017,décembre,jeudi,14:30,84,84151,43.80814,5.5923,1,1,1,1,7,3,2,02,2,2,000,042,1,0,1,3,1,75,5,1,2,00,2,1,13,201700015826B01,10,1,1
201700015827,2017-01-01,2017,janvier,dimanche,11:45,84,84123,0,0,1,1,3,1,1,3,2,00,2,4,000,052,1,0,1,3,1,56,5,1,2,00,2,4,13,201700015827B02,10,1,1
201700015829,2017-04-11,2017,avril,mardi,12:00,84,84017,44.14323,5.28063,1,1,7,1,1,3,2,02,2,3,000,060,1,0,3,2,1,63,5,1,2,13,0,1,13,201700015829A01,,,
201700015832,2017-06-08,2017,juin,jeudi,14:00,84,84017,44.1225,5.24976,1,1,7,1,1,3,2,02,2,1,000,000,1,0,1,3,2,69,5,1,2,00,0,0,1,201700015832A01,,,
201700015833,2017-06-13,2017,juin,mardi,11:00,84,84148,44.06838,5.3068,1,1,6,1,1,3,2,02,2,2,000,070,1,0,3,3,1,63,5,1,2,13,0,1,21,201700015833A01,,,
201700015834,2017-06-22,2017,juin,jeudi,13:15,84,84017,44.16154,5.30063,1,1,7,1,1,3,2,02,2,2,000,000,1,0,1,3,2,49,5,1,2,00,0,0,0,201700015834A01,,,
201700015838,2017-08-26,2017,août,samedi,15:55,84,84041,44.10472,5.15327,1,1,3,1,1,3,2,02,1,1,000,000,1,0,1,3,1,45,5,1,2,00,2,8,15,201700015838B01,7,17,1
201700015839,2017-08-26,2017,août,samedi,17:45,84,84072,44.05453,5.1216,2,1,1,1,1,9,2,02,1,2,000,000,1,0,1,3,1,16,5,1,2,00,2,1,1,201700015839B01,7,1,1
201700015840,2017-09-02,2017,septembre,samedi,14:40,84,84017,44.12852,5.28408,1,1,7,1,1,3,2,02,2,4,000,000,1,0,1,3,1,42,5,1,2,00,0,3,13,201700015840A01,,,
201700015842,2017-09-17,2017,septembre,dimanche,18:14,84,84017,44.12491,5.26668,1,1,6,1,1,3,2,02,2,1,000,000,1,0,3,3,1,28,5,1,2,02,0,1,1,201700015842A01,,,
201700015843,2017-10-15,2017,octobre,dimanche,80:0,84,84123,44.09001,5.36862,1,1,2,2,5,3,2,02,2,3,000,000,1,0,1,3,1,52,5,1,2,00,2,4,2,201700015843A01,7,2,1
201700015852,2017-05-04,2017,mai,jeudi,14:00,02,02566,49.6073,3.18918,2,3,1,1,1,4,1,01,1,1,,,1,0,1,3,1,64,5,1,2,00,2,1,16,201700015852B01,7,15,1
201700015867,2017-06-11,2017,juin,dimanche,11:45,02,02656,49.38204,3.83926,1,1,2,1,1,3,2,02,1,1,000,072,1,0,1,3,1,21,5,1,2,00,2,4,1,201700015867B01,7,17,1
201700015878,2017-08-14,2017,août,lundi,15:35,02,02645,49.05864,3.55994,2,3,6,1,1,4,2,02,,,,,,0,3,3,1,9,5,1,2,06,0,1,1,201700015878A01,,,
201700015884,2017-05-10,2017,mai,mercredi,18:22,02,02090,49.22629,3.294,1,4,3,1,1,4,2,02,,,,,,0,1,3,2,10,5,1,3,00,2,7,15,201700015884A01,7,21,1
201700015885,2017-07-03,2017,juillet,lundi,11:55,02,02579,49.21016,3.35745,1,4,3,1,1,3,2,02,1,,000,070,1,0,1,3,1,15,3,1,2,00,2,7,9,201700015885A01,7,1,1
201700015899,2017-05-03,2017,mai,mercredi,20:05,02,02095,49.98548,3.4577,2,4,3,1,1,3,1,02,1,1,000,060,1,0,1,3,1,9,5,1,2,00,2,8,19,201700015899B01,7,1,1
201700015903,2017-07-30,2017,juillet,dimanche,81:5,02,02095,50.0097,3.4945,1,1,2,1,1,3,2,02,1,1,000,058,1,0,1,4,1,50,5,1,2,00,2,4,2,201700015903B01,7,2,1
201700015907,2017-03-17,2017,mars,vendredi,18:40,02,02313,49.89755,3.67032,2,1,3,1,1,3,2,02,1,1,000,000,1,0,1,4,1,14,5,1,2,00,2,1,19,201700015907A01,7,21,1
201700015909,2017-06-23,2017,juin,vendredi,20:00,02,02569,50.0226,3.6743,1,3,3,1,1,3,2,02,1,-1,005,212,1,0,1,3,1,17,2,1,9,00,2,8,15,201700015909B01,7,1,1
201700015947,2017-06-18,2017,juin,dimanche,18:10,02,02307,49.17564,3.13917,2,1,3,1,1,4,2,02,2,1,000,048,1,0,1,4,1,8,5,1,2,00,2,8,19,201700015947A01,7,1,1
201700015948,2017-09-06,2017,septembre,mercredi,15:50,02,02441,0,0,1,1,2,1,1,3,2,02,1,1,000,058,1,0,1,3,1,65,5,1,2,01,0,1,2,201700015948B01,17,23,1