Num_Acc,date,an,mois,jour,hrmn,dep,com,lat,long,agg,int,col,lum,atm,catr,circ,nbv,prof,plan,lartpc,larrout,surf,infra,situ,grav,sexe,age,trajet,secuexist,equipement,obs,obsm,choc,manv,vehiculeid,typevehicules,manoeuvehicules,numVehicules
201700015951,2017-10-07,2017,octobre,samedi,19:50,02,02232,49.23535,3.0512,1,1,2,3,1,3,2,02,1,1,000,054,2,0,1,3,1,18,5,1,4,00,0,4,1,201700015951A01,7,1,1
201700015969,2017-06-03,2017,juin,samedi,81:5,02,02244,49.92562,3.75698,2,1,3,1,1,3,2,02,2,3,000,045,9,0,1,4,1,39,5,1,2,00,2,3,13,201700015969A01,7,1,1
201700016003,2017-05-16,2017,mai,mardi,84:5,38,38520,45.49735,5.52786,1,2,3,1,1,3,2,02,2,,000,045,1,0,1,3,1,45,5,1,2,00,9,1,1,201700016003B01,21,19,1
201700016006,2017-07-16,2017,juillet,dimanche,73:5,38,38296,45.51821,5.51827,2,1,7,1,1,4,2,02,2,1,000,040,9,0,1,3,1,57,5,1,2,00,5,0,1,201700016006A01,,,
201700016038,2017-06-19,2017,juin,lundi,74:0,38,38249,45.22467,5.79707,2,1,6,1,1,3,2,02,1,1,000,080,1,0,1,3,1,12,2,1,2,00,2,8,13,201700016038A01,,,
201700016039,2017-06-21,2017,juin,mercredi,82:0,38,38397,45.2497,5.83601,2,2,1,1,1,3,2,02,2,-1,000,100,1,,,4,1,60,1,1,2,00,2,1,1,201700016039A01,7,15,1
201700016041,2017-06-27,2017,juin,mardi,15:20,38,38140,45.27876,5.8788,2,1,2,1,1,4,2,02,1,-1,000,000,1,0,5,3,1,15,5,1,2,00,0,6,1,201700016041A01,30,2,1
201700016042,2017-07-03,2017,juillet,lundi,85:0,38,38397,45.23981,5.84948,1,6,3,1,1,3,1,02,1,-1,000,015,1,,,4,1,59,1,1,2,00,2,5,1,201700016042B01,7,9,1
201700016043,2017-07-29,2017,juillet,samedi,11:20,38,38140,45.27945,5.87568,2,1,3,1,1,3,2,02,1,-1,000,060,1,0,1,4,1,70,5,1,2,00,2,1,1,201700016043B01,7,10,1
201700016045,2017-08-25,2017,août,vendredi,80:8,38,38126,45.21276,5.76044,2,1,3,1,1,3,2,02,1,1,000,059,1,0,1,3,1,55,5,1,2,00,2,3,1,201700016045B01,7,21,1
201700016046,2017-09-02,2017,septembre,samedi,11:30,38,38126,45.22829,5.76858,1,1,1,1,2,3,2,02,2,2,000,053,2,0,1,3,1,52,5,1,2,00,2,1,1,201700016046B01,7,5,1
201700016050,2017-10-24,2017,octobre,mardi,18:55,38,38229,45.20382,5.76248,2,1,6,5,1,3,2,02,1,1,000,000,1,0,5,1,1,50,1,1,4,00,1,1,1,201700016050A01,,,
201700016050,2017-10-24,2017,octobre,mardi,18:55,38,38229,45.20382,5.76248,2,1,6,5,1,3,2,02,1,1,000,000,1,0,5,3,2,84,5,1,9,00,1,1,1,201700016050A01,,,
201700016051,2017-11-16,2017,novembre,jeudi,18:20,38,38229,45.20702,5.75497,2,9,3,5,1,3,2,02,1,-1,009,510,1,,5,4,1,46,1,1,2,00,2,4,1,201700016051B01,7,15,1
201700016055,2017-03-14,2017,mars,mardi,82:0,38,38150,45.21007,5.83232,1,6,3,1,1,3,1,01,1,-1,008,010,1,,5,3,1,34,1,1,9,00,2,1,21,201700016055B01,7,9,1
201700016056,2017-03-26,2017,mars,dimanche,12:00,38,38422,45.15222,5.84777,2,3,3,1,1,3,2,02,2,-1,100,010,1,,,3,1,19,5,1,2,00,2,1,1,201700016056B01,7,15,1
201700016058,2017-04-21,2017,avril,vendredi,18:30,38,38334,45.19861,5.8478,1,1,1,1,1,3,2,02,2,3,000,053,1,0,1,3,1,29,5,1,2,00,2,1,1,201700016058B01,7,13,1
201700016061,2017-05-18,2017,mai,jeudi,15:50,38,38334,45.19405,5.85185,1,1,2,1,1,3,2,02,2,3,000,000,1,0,1,3,1,68,5,1,2,00,9,1,1,201700016061A01,7,1,1
201700016082,2017-07-28,2017,juillet,vendredi,19:45,38,38075,45.46381,5.98855,2,4,3,1,1,4,2,02,1,,000,000,1,0,1,3,1,44,5,1,2,00,2,1,1,201700016082B01,7,15,1
201700016083,2017-08-27,2017,août,dimanche,11:15,38,38075,45.47726,5.92329,1,1,7,1,1,3,2,02,2,1,000,060,1,0,3,3,1,63,5,1,2,13,0,1,1,201700016083A01,,,
201700016090,2017-04-15,2017,avril,samedi,93:5,38,38099,45.18604,5.2816,1,2,1,1,8,3,2,02,4,-1,004,410,1,,,2,1,69,5,1,2,00,2,2,19,201700016090B01,7,1,1
201700016091,2017-05-20,2017,mai,samedi,12:35,38,38333,45.14455,5.47966,1,1,1,1,1,3,2,02,2,2,000,040,1,0,1,3,1,28,5,1,2,00,2,1,13,201700016091A01,7,1,1
201700016096,2017-07-19,2017,juillet,mercredi,14:00,38,38195,45.15212,5.36909,1,2,3,1,1,3,2,02,1,-1,005,010,1,,,3,1,20,5,1,2,00,2,7,19,201700016096A01,7,1,1
201700016099,2017-11-21,2017,novembre,mardi,15:10,38,38416,45.15002,5.3121,2,2,1,2,1,3,2,02,1,-1,007,915,1,,,3,1,62,5,1,2,00,2,1,1,201700016099B01,7,15,1
201700016109,2017-06-20,2017,juin,mardi,13:40,38,38218,45.4315,5.18105,2,2,3,1,1,4,2,02,2,-1,004,010,1,,,3,1,13,5,1,2,00,2,1,1,201700016109A01,7,1,1
201700016117,2017-12-17,2017,décembre,dimanche,17:00,38,38490,45.35082,5.39492,1,2,5,3,1,4,2,01,1,-1,006,620,1,,,3,1,66,5,1,4,00,2,8,15,201700016117A01,7,1,1
201700016117,2017-12-17,2017,décembre,dimanche,17:00,38,38490,45.35082,5.39492,1,2,5,3,1,4,2,01,1,-1,006,620,1,,,1,2,12,5,1,4,00,2,3,15,201700016117B01,7,1,1
201700016118,2017-02-11,2017,février,samedi,15:46,38,38004,45.22372,5.44358,2,1,7,1,1,4,1,01,2,3,000,021,1,0,3,3,1,77,5,1,2,00,0,0,0,201700016118A01,,,
201700016128,2017-09-07,2017,septembre,jeudi,13:20,38,38074,45.24427,5.45156,1,1,2,1,8,3,2,02,1,1,000,074,1,0,1,3,1,64,5,1,9,00,0,4,1,201700016128B01,10,2,1
201700016142,2017-07-08,2017,juillet,samedi,94:5,38,38034,45.34133,5.04108,1,3,3,1,1,3,2,02,1,-1,000,010,1,,,3,1,73,5,1,2,00,2,8,15,201700016142B01,10,17,1
201700016166,2017-04-15,2017,avril,samedi,11:00,38,38480,45.55732,4.9562,1,1,7,1,1,3,2,02,1,1,024,074,1,0,3,3,1,39,5,1,2,00,0,0,1,201700016166A01,,,
201700016172,2017-05-30,2017,mai,mardi,10:45,38,38389,45.55337,5.13137,1,2,3,1,1,4,2,02,1,,000,000,1,0,1,3,1,71,5,1,2,00,2,1,13,201700016172A01,7,1,1
201700016227,2017-08-08,2017,août,mardi,70:0,31,31232,43.76541,1.25525,1,1,2,1,1,3,2,02,1,1,000,000,1,0,1,3,1,54,1,1,2,00,2,4,1,201700016227B01,7,1,1
201700016267,2017-10-03,2017,octobre,mardi,65:0,31,31399,43.35575,1.26971,1,1,2,2,1,3,2,02,1,1,000,050,2,0,1,3,1,21,1,1,2,00,2,4,1,201700016267B01,7,1,1
201700016270,2017-03-21,2017,mars,mardi,18:05,31,31135,43.20697,1.08726,2,3,6,1,1,4,2,02,3,1,,,1,0,1,1,1,34,1,1,9,00,1,1,16,201700016270A01,,,
201700016272,2017-08-13,2017,août,dimanche,14:00,31,31349,43.26043,1.02441,1,1,7,1,1,3,2,02,2,2,000,034,9,0,3,3,1,65,5,1,2,02,0,9,15,201700016272A01,,,
201700016280,2017-03-02,2017,mars,jeudi,13:50,31,31188,43.55668,1.18,1,6,3,1,1,3,4,02,1,-1,006,015,1,,,3,1,45,5,1,2,00,2,5,15,201700016280B01,7,9,1
201700016296,2017-04-08,2017,avril,samedi,11:15,31,31539,43.14783,0.5473,2,1,7,1,1,3,2,02,1,1,000,035,1,0,3,2,1,79,0,1,4,15,5,0,1,201700016296A01,,,
201700016303,2017-08-12,2017,août,samedi,18:30,31,31031,43.09503,0.58927,2,1,2,1,1,3,2,02,3,1,000,035,1,0,1,3,1,57,5,1,2,00,2,4,1,201700016303B01,7,1,1
201700016311,2017-04-13,2017,avril,jeudi,14:50,31,31177,42.92472,0.68083,1,1,3,1,1,2,2,02,1,1,000,069,1,0,1,3,1,58,5,1,2,00,2,8,1,201700016311B01,7,17,1
201700016313,2017-06-08,2017,juin,jeudi,10:10,31,31017,42.88299,0.71571,2,1,3,1,1,2,2,02,1,1,056,000,1,0,1,3,2,42,5,1,2,00,2,1,1,201700016313B01,7,17,1
201700016352,2017-01-02,2017,janvier,lundi,93:0,31,31451,43.44756,1.99667,2,3,3,1,5,4,2,01,-1,1,,,2,0,1,4,1,17,1,1,9,00,2,7,16,201700016352A01,7,1,1
201700016359,2017-06-11,2017,juin,dimanche,19:40,31,31571,43.58887,1.76799,1,1,3,1,1,3,2,02,1,-1,007,415,1,0,0,3,1,47,5,1,2,00,2,1,0,201700016359B01,10,1,1
201700016360,2017-06-12,2017,juin,lundi,14:00,31,31451,43.49886,2.04564,1,1,2,1,1,3,2,02,2,3,000,078,1,0,1,3,1,68,5,1,2,00,2,4,1,201700016360B01,7,17,1
201700016364,2017-10-04,2017,octobre,mercredi,17:20,31,31451,43.46262,1.99769,2,1,3,1,1,4,2,02,1,-1,000,010,1,,,3,1,13,3,1,2,00,2,1,19,201700016364B01,7,1,1
201700016384,2017-08-29,2017,août,mardi,13:20,29,29216,47.96852,-4.18148,1,6,3,1,1,3,1,01,1,3,908,415,1,,1,4,1,43,5,1,2,00,2,1,1,201700016384B01,10,1,1
201700016391,2017-01-22,2017,janvier,dimanche,17:30,29,29135,47.82817,-4.17191,2,1,3,2,1,6,-1,00,1,-1,000,000,1,0,1,3,1,56,5,1,2,00,2,1,16,201700016391B01,7,1,1
201700016403,2017-07-18,2017,juillet,mardi,17:50,29,29158,47.81365,-4.33781,2,1,2,1,1,3,3,02,1,1,000,000,1,0,1,3,1,75,5,1,9,00,2,3,1,201700016403B01,10,17,1
201700016404,2017-07-16,2017,juillet,dimanche,14:45,29,29037,47.88427,-4.16872,1,6,2,1,1,3,1,02,1,-1,000,010,1,,,4,1,19,5,1,2,00,0,4,0,201700016404B01,7,0,1
201700016405,2017-07-27,2017,juillet,jeudi,14:20,29,29158,47.82494,-4.3106,1,2,2,1,1,3,2,02,1,-1,009,610,1,,,3,1,50,5,1,2,00,2,8,11,201700016405B01,7,1,1
201700016406,2017-07-29,2017,juillet,samedi,16:20,29,29292,47.8877,-4.34554,1,1,3,1,1,3,2,02,1,1,000,050,1,0,1,3,2,59,5,1,2,00,2,8,1,201700016406B01,7,1,1
201700016423,2017-01-29,2017,janvier,dimanche,11:25,29,29061,48.45698,-4.46059,2,6,2,1,3,4,2,01,1,-1,000,020,2,,,3,1,71,0,1,2,00,2,4,1,201700016423B01,7,0,1
201700016460,2017-11-24,2017,novembre,vendredi,18:00,29,29160,48.51122,-4.41422,1,1,2,3,8,3,2,02,1,1,000,068,2,5,1,3,1,14,5,1,2,00,0,4,15,201700016460A01,38,1,1
201700016461,2017-12-17,2017,décembre,dimanche,12:10,29,29117,48.57092,-4.52304,2,6,3,1,1,4,2,02,2,-1,009,910,1,,,3,1,79,5,1,2,00,2,7,1,201700016461B01,7,9,1
201700016463,2017-01-25,2017,janvier,mercredi,94:5,29,29130,48.3903,-4.68056,1,1,2,1,1,3,2,02,1,1,000,036,1,0,1,4,1,57,5,1,2,01,0,1,1,201700016463A01,7,23,1
201700016470,2017-04-17,2017,avril,lundi,18:50,29,29212,48.38141,-4.61539,2,1,2,1,1,3,2,02,1,1,000,000,1,0,1,4,1,64,5,1,2,00,2,4,0,201700016470A01,7,0,1
201700016473,2017-06-14,2017,juin,mercredi,15:15,29,29069,48.42551,-4.57021,2,6,7,1,1,4,1,01,1,-1,000,010,1,,,3,1,65,0,1,2,00,0,0,0,201700016473B01,7,0,1
201700016477,2017-08-05,2017,août,samedi,10:30,29,29069,48.4291,-4.56206,2,6,1,1,7,4,2,02,1,-1,007,315,1,,,3,1,67,5,1,2,00,2,7,1,201700016477B01,7,1,1
201700016498,2017-06-23,2017,juin,vendredi,19:30,29,29178,48.53629,-4.66057,2,1,6,1,1,4,2,02,1,1,000,045,1,0,1,3,2,15,5,1,2,00,1,3,15,201700016498B01,30,1,1
201700016505,2017-10-15,2017,octobre,dimanche,11:05,29,29017,48.47728,-4.71795,2,3,3,1,1,3,,,,,,,,,,3,1,22,5,1,2,00,2,1,1,201700016505B01,7,15,1
201700016525,2017-04-12,2017,avril,mercredi,15:45,29,29029,48.26738,-3.61662,1,3,3,1,7,3,2,02,1,-1,006,510,1,,,3,1,72,5,1,2,00,2,1,1,201700016525B01,7,15,1
201700016546,2017-03-17,2017,mars,vendredi,16:52,29,29261,48.34902,-3.98768,1,1,7,1,1,4,2,02,2,1,000,000,1,0,1,3,1,60,5,1,2,00,0,0,0,201700016546A01,,,
201700016548,2017-04-11,2017,avril,mardi,17:15,29,29016,48.30031,-3.96291,1,1,7,1,1,3,2,02,2,1,000,000,1,0,1,3,1,13,5,1,2,00,0,0,0,201700016548A01,,,
201700016548,2017-04-11,2017,avril,mardi,17:15,29,29016,48.30031,-3.96291,1,1,7,1,1,3,2,02,2,1,000,000,1,0,1,3,1,14,5,1,2,00,0,0,0,201700016548A01,,,
201700016573,2017-07-05,2017,juillet,mercredi,10:20,29,29199,48.57347,-3.74359,1,1,5,1,7,3,2,02,1,1,000,070,1,0,1,2,1,74,5,1,2,00,2,1,1,201700016573B01,7,17,1
201700016573,2017-07-05,2017,juillet,mercredi,10:20,29,29199,48.57347,-3.74359,1,1,5,1,7,3,2,02,1,1,000,070,1,0,1,3,2,66,5,1,2,00,2,1,1,201700016573C01,7,17,1
201700016590,2017-09-23,2017,septembre,samedi,18:58,29,29204,48.51632,-4.21237,2,1,3,1,1,3,2,02,2,3,000,152,1,0,1,3,1,6,0,1,2,00,2,7,19,201700016590B01,7,1,1
201700016598,2017-05-21,2017,mai,dimanche,11:10,29,29148,48.60639,-4.02109,1,1,7,1,1,4,2,02,3,1,000,065,1,0,3,2,1,72,5,1,2,16,0,0,13,201700016598A01,,,
201700016609,2017-08-20,2017,août,dimanche,90:0,29,29185,48.6559,-4.1788,2,2,3,1,1,4,2,,,,,,,,,3,1,68,5,1,2,00,2,2,0,201700016609B01,7,1,1
201700016620,2017-04-09,2017,avril,dimanche,10:00,29,29147,47.89717,-3.59361,1,1,3,1,7,4,2,02,2,1,000,000,1,0,1,3,1,68,0,1,2,00,0,0,1,201700016620A01,7,1,1
201700016627,2017-08-05,2017,août,samedi,20:35,29,29233,47.87279,-3.56619,2,3,3,1,1,4,-1,,,,,,,,,3,2,19,1,1,2,00,2,1,1,201700016627B01,7,15,1
201700016639,2017-06-18,2017,juin,dimanche,11:00,29,29150,47.81015,-3.60513,1,1,1,1,7,4,2,02,1,-1,000,000,1,0,1,3,1,65,5,1,2,00,2,1,13,201700016639A01,7,1,1
201700016648,2017-09-01,2017,septembre,vendredi,18:00,29,29293,47.84212,-3.8652,1,1,6,1,1,4,2,02,2,1,000,000,1,0,1,4,1,55,5,1,2,13,0,1,1,201700016648B01,7,17,1
201700016649,2017-09-26,2017,septembre,mardi,19:05,29,29153,47.8189,-3.77777,1,1,3,2,7,4,2,02,1,1,000,000,1,0,1,3,1,83,5,1,2,00,0,3,1,201700016649B01,7,1,1
201700016659,2017-06-12,2017,juin,lundi,17:10,29,29241,47.96159,-3.82977,2,2,2,1,1,4,1,01,,,,,,,,3,1,47,1,1,9,00,0,4,1,201700016659B01,31,2,1
201700016669,2017-04-29,2017,avril,samedi,11:25,34,34154,43.55709,4.03535,1,1,7,1,1,9,-1,02,1,1,000,000,1,0,5,3,1,51,5,1,2,14,0,1,1,201700016669A01,,,
201700016671,2017-07-23,2017,juillet,dimanche,85:0,34,34192,43.53427,3.91922,1,1,1,1,1,9,-1,02,4,1,000,040,1,0,5,3,1,44,5,1,2,00,2,1,1,201700016671A01,1,1,1
201700016671,2017-07-23,2017,juillet,dimanche,85:0,34,34192,43.53427,3.91922,1,1,1,1,1,9,-1,02,4,1,000,040,1,0,5,3,1,87,5,1,2,00,2,1,1,201700016671B01,1,1,1
201700016684,2017-03-19,2017,mars,dimanche,10:20,35,35351,48.05724,-1.93724,1,3,3,1,1,3,2,02,1,1,000,010,1,0,1,4,1,70,5,1,2,00,2,7,15,201700016684A01,7,1,1
201700016687,2017-04-22,2017,avril,samedi,12:55,35,35133,48.15507,-2.01609,1,2,3,1,1,3,2,02,1,1,000,015,1,5,1,3,1,70,5,1,2,00,2,8,1,201700016687A01,7,19,1
201700016693,2017-05-14,2017,mai,dimanche,10:35,35,35277,48.11041,-2.10012,1,1,1,1,1,3,2,02,1,3,000,000,1,0,1,4,1,69,5,1,2,00,2,1,1,201700016693B01,30,13,1
201700016694,2017-05-15,2017,mai,lundi,22:00,35,35188,48.12935,-1.96767,1,1,2,2,1,3,2,02,2,2,000,000,1,0,3,2,1,55,5,1,9,00,0,4,1,201700016694B01,7,1,1
201700016696,2017-06-21,2017,juin,mercredi,16:15,35,35227,48.18199,-1.91262,2,1,1,1,1,4,2,02,2,1,000,034,1,0,1,4,2,10,5,1,2,00,2,0,1,201700016696B01,3,1,1
201700016700,2017-09-23,2017,septembre,samedi,23:30,35,35188,48.13833,-1.96281,2,2,3,5,1,3,2,02,1,-1,010,715,1,0,,3,1,17,5,1,2,00,2,8,1,201700016700A01,7,1,1
201700016709,2017-08-10,2017,août,jeudi,84:1,35,35021,48.34293,-1.17027,1,6,3,1,8,3,2,02,1,-1,510,020,1,,,2,1,79,5,1,2,00,2,1,19,201700016709A01,15,1,1
201700016740,2017-07-03,2017,juillet,lundi,11:10,35,35132,48.57435,-1.80092,1,1,2,1,1,3,2,02,1,1,060,000,1,0,1,3,1,65,5,1,2,00,2,1,2,201700016740A01,1,2,1
201700016740,2017-07-03,2017,juillet,lundi,11:10,35,35132,48.57435,-1.80092,1,1,2,1,1,3,2,02,1,1,060,000,1,0,1,1,1,68,5,1,2,00,0,4,2,201700016740B01,1,2,1
201700016767,2017-03-03,2017,mars,vendredi,10:00,35,35061,48.13381,-1.10067,1,2,3,1,1,3,2,02,1,1,000,015,1,5,1,3,1,73,5,1,2,00,2,7,1,201700016767B01,7,19,1
201700016780,2017-10-21,2017,octobre,samedi,16:45,35,35105,48.09156,-1.10098,1,1,2,1,7,3,2,02,1,1,000,105,1,0,1,2,1,36,5,1,2,00,2,4,2,201700016780B01,7,2,1
201700016802,2017-09-21,2017,septembre,jeudi,10:05,44,44045,47.30149,-1.78572,1,1,7,1,1,4,2,02,1,1,000,035,1,0,1,2,1,63,5,1,2,00,0,0,1,201700016802B01,21,1,1
201700016833,2017-04-07,2017,avril,vendredi,95:5,44,44015,47.47582,-1.76075,2,1,6,1,1,4,2,02,1,1,000,000,1,0,1,1,2,38,4,1,9,00,1,3,1,201700016833A01,,,
201700016875,2017-06-28,2017,juin,mercredi,91:0,44,44087,46.9575,-1.85623,1,1,2,1,1,3,2,02,1,1,000,053,1,0,1,2,1,77,5,1,2,00,2,4,2,201700016875B01,7,1,1
201700016893,2017-06-12,2017,juin,lundi,12:05,44,44116,47.28786,-2.03494,2,3,3,1,7,3,2,02,1,-1,000,010,1,0,1,4,1,11,2,1,2,00,2,7,15,201700016893B01,7,1,1
201700016898,2017-07-27,2017,juillet,jeudi,82:0,44,44154,47.20613,-2.14002,1,9,3,1,8,4,2,02,1,-1,005,060,1,,,4,1,48,5,1,2,00,0,8,1,201700016898B01,2,17,1
201700016910,2017-04-19,2017,avril,mercredi,19:40,44,44002,47.08345,-1.41199,2,9,1,1,1,9,2,02,2,-1,007,010,1,,,3,1,60,5,1,2,00,2,1,1,201700016910B01,7,15,1
201700016917,2017-12-04,2017,décembre,lundi,12:00,44,44043,47.09363,-1.29022,2,1,3,1,1,4,2,02,1,1,000,060,1,0,4,4,2,14,2,1,2,00,2,1,1,201700016917A01,7,1,1
201700016964,2017-08-02,2017,août,mercredi,13:15,44,44072,47.43255,-2.31204,1,1,6,1,1,3,2,02,1,1,000,060,1,0,1,4,1,13,5,1,4,00,2,7,2,201700016964A01,2,2,1
201700016985,2017-06-25,2017,juin,dimanche,90:0,25,25152,47.21574,6.18546,1,3,3,1,1,3,-1,02,1,-1,000,010,1,,,3,2,80,5,1,2,00,2,1,13,201700016985B01,7,17,1
201700016990,2017-11-25,2017,novembre,samedi,85:0,25,25058,47.20956,6.00039,2,6,1,1,3,2,3,02,1,-1,000,020,1,,,3,2,56,1,1,2,00,2,7,6,201700016990B01,7,1,1
201700016996,2017-08-21,2017,août,lundi,82:0,25,25258,47.22983,5.9382,2,4,1,1,1,4,,,,,,,,,,3,1,25,1,1,4,00,2,1,1,201700016996B01,10,15,1
201700017000,2017-02-17,2017,février,vendredi,17:05,25,25434,47.1043,6.1377,2,4,1,1,1,3,2,02,2,-1,006,510,1,,,4,1,13,5,1,2,00,2,1,1,201700017000B01,7,15,1
201700017037,2017-06-01,2017,juin,jeudi,12:00,25,25432,47.13032,6.52551,2,3,1,1,1,3,2,02,2,-1,000,010,1,,,3,1,67,5,1,2,00,2,1,1,201700017037B01,7,15,1
201700017056,2017-07-18,2017,juillet,mardi,18:15,25,25063,47.38301,6.82602,1,1,3,1,1,3,2,02,2,1,000,060,1,0,1,3,1,63,5,1,2,00,2,0,23,201700017056B01,7,1,1
201700017071,2017-06-05,2017,juin,lundi,11:00,25,25361,46.79775,6.30272,1,1,7,1,1,3,2,02,1,1,000,000,1,0,1,3,1,51,5,1,2,00,0,0,1,201700017071A01,,,
201700017088,2017-04-09,2017,avril,dimanche,12:22,39,39109,46.61052,5.73017,1,4,3,1,1,3,2,02,2,1,,,1,0,0,3,1,54,5,1,2,00,2,1,1,201700017088B01,7,15,1
201700017089,2017-04-23,2017,avril,dimanche,11:50,39,39154,46.57427,5.7473,2,6,2,1,1,3,2,02,1,1,000,015,1,5,1,4,2,55,5,1,2,00,2,4,12,201700017089B01,7,1,1
201700017106,2017-06-24,2017,juin,samedi,10:25,39,39422,46.71929,5.5568,1,2,2,1,1,3,2,04,1,1,403,615,1,5,1,3,1,78,5,1,2,00,2,4,11,201700017106B01,7,1,1
201700017113,2017-09-16,2017,septembre,samedi,16:05,39,39027,46.55306,5.49191,2,1,6,1,1,3,2,02,1,1,000,046,1,0,3,3,1,27,9,1,2,06,0,1,21,201700017113B01,7,13,1
201700017127,2017-10-15,2017,octobre,dimanche,14:00,39,39434,46.81629,5.75721,1,1,2,1,1,2,2,02,1,1,000,075,1,0,1,3,1,69,5,1,2,00,2,6,1,201700017127B01,7,17,1
201700017143,2017-09-06,2017,septembre,mercredi,18:32,39,39501,47.12635,5.46128,2,3,3,1,1,4,2,02,1,1,,,1,0,0,3,1,5,5,1,2,00,2,1,16,201700017143A01,7,1,1
201700017148,2017-03-04,2017,mars,samedi,12:30,39,39160,46.78947,5.43927,1,1,1,1,2,4,2,02,1,1,000,032,2,0,1,3,1,59,5,1,2,00,2,1,13,201700017148A01,7,1,1
201700017176,2017-07-07,2017,juillet,vendredi,10:10,39,39274,46.39991,6.03795,1,1,3,1,1,3,2,02,1,1,000,066,1,0,1,3,1,67,5,1,2,00,2,3,1,201700017176B01,7,17,1
201700017194,2017-10-11,2017,octobre,mercredi,17:00,39,39271,46.60792,5.9996,2,1,3,1,1,3,2,02,2,2,000,060,1,0,1,3,1,12,5,1,2,00,2,8,1,201700017194B01,10,17,1
201700017207,2017-04-19,2017,avril,mercredi,12:00,22,22183,48.17956,-2.54976,1,1,7,1,1,4,2,02,1,1,000,052,1,0,3,2,1,73,5,1,2,00,0,0,1,201700017207A01,,,
201700017227,2017-02-18,2017,février,samedi,17:00,22,22095,48.64293,-3.19406,1,1,6,1,1,4,2,02,1,3,000,041,1,0,3,3,1,51,5,1,9,13,0,0,1,201700017227A01,,,
201700017249,2017-06-29,2017,juin,jeudi,11:20,22,22158,48.19569,-2.98379,1,1,7,1,2,9,-1,01,2,4,015,000,2,0,1,3,1,10,5,1,2,00,0,0,1,201700017249A01,,,
201700017255,2017-04-14,2017,avril,vendredi,16:30,22,22229,48.30023,-3.22968,1,3,3,1,1,4,2,02,1,1,,,1,0,0,3,1,15,1,1,9,00,2,1,16,201700017255A01,10,1,1
201700017270,2017-06-21,2017,juin,mercredi,18:30,22,22387,48.58553,-3.4358,1,1,7,1,1,4,2,02,4,2,000,045,1,0,3,3,1,64,5,1,2,13,0,0,1,201700017270A01,,,
201700017275,2017-10-04,2017,octobre,mercredi,16:15,22,22226,48.67904,-3.50613,1,1,2,1,1,3,2,02,1,1,000,055,1,0,1,3,1,68,5,1,2,00,0,4,1,201700017275B01,7,1,1
201700017287,2017-08-16,2017,août,mercredi,15:45,22,22247,48.74223,-3.24497,1,1,7,1,1,4,2,02,2,1,000,049,1,0,0,3,2,11,5,1,2,00,0,0,1,201700017287A01,,,
201700017293,2017-01-06,2017,janvier,vendredi,83:0,68,68374,48.06839,7.30974,2,2,3,1,1,3,2,03,1,1,000,100,1,0,1,3,2,72,5,1,2,00,2,8,19,201700017293B01,7,15,1
201700017301,2017-03-12,2017,mars,dimanche,15:20,68,68374,48.07314,7.28929,2,2,3,1,1,4,2,02,1,1,000,050,1,0,1,4,1,39,4,1,2,00,2,1,1,201700017301A01,7,15,1
201700017309,2017-05-23,2017,mai,mardi,11:45,68,68374,48.07618,7.2866,2,2,5,1,1,4,1,01,1,1,000,040,1,5,1,3,1,61,5,1,2,00,2,1,1,201700017309A01,7,1,1
201700017309,2017-05-23,2017,mai,mardi,11:45,68,68374,48.07618,7.2866,2,2,5,1,1,4,1,01,1,1,000,040,1,5,1,3,1,67,5,1,2,00,2,1,1,201700017309B01,7,1,1
201700017315,2017-06-11,2017,juin,dimanche,11:40,68,68161,48.30063,7.2877,1,2,3,1,1,3,2,02,2,1,000,082,1,0,1,3,1,19,5,1,2,00,2,8,15,201700017315A01,33,1,1
201700017319,2017-08-10,2017,août,jeudi,65:0,68,68155,48.08986,7.31709,2,6,2,2,2,3,2,02,1,2,000,088,2,5,1,4,1,18,1,1,9,00,0,4,1,201700017319B01,7,9,1
201700017320,2017-08-24,2017,août,jeudi,18:45,68,68374,48.08545,7.31995,2,4,1,1,1,4,2,02,1,1,000,073,1,0,1,4,1,17,5,1,2,00,2,1,15,201700017320A01,7,1,1
201700017324,2017-10-18,2017,octobre,mercredi,10:45,68,68155,48.1037,7.3035,1,6,7,1,1,3,2,02,1,-1,507,510,1,,,4,1,54,5,1,2,16,0,9,21,201700017324A01,,,
201700017328,2017-12-11,2017,décembre,lundi,16:30,68,68338,48.08594,7.2804,2,2,3,2,2,3,2,02,1,-1,612,025,1,0,1,4,1,12,2,1,2,00,2,1,19,201700017328A01,7,1,1
201700017357,2017-09-06,2017,septembre,mercredi,10:15,68,68284,47.53647,7.33585,2,1,2,1,7,3,2,02,1,1,000,061,1,0,1,4,1,63,3,1,2,00,0,4,1,201700017357B01,7,2,1
201700017375,2017-04-12,2017,avril,mercredi,14:30,68,68031,47.6913,7.15988,1,1,2,1,1,3,2,02,1,1,000,112,1,0,1,2,2,54,5,1,2,00,2,4,2,201700017375B01,7,2,1