Num_Acc,date,an,mois,jour,hrmn,dep,com,lat,long,agg,int,col,lum,atm,catr,circ,nbv,prof,plan,lartpc,larrout,surf,infra,situ,grav,sexe,age,trajet,secuexist,equipement,obs,obsm,choc,manv,vehiculeid,typevehicules,manoeuvehicules,numVehicules
201700017383,2017-08-22,2017,août,mardi,16:40,68,68068,47.63238,7.12146,2,3,3,1,1,3,2,02,1,1,000,061,1,0,1,4,1,12,5,1,2,00,2,1,19,201700017383A01,7,1,1
201700017412,2017-04-07,2017,avril,vendredi,14:30,68,68267,47.74916,7.23091,2,1,3,1,1,3,2,02,1,1,000,000,1,0,1,3,1,56,0,1,2,00,2,1,1,201700017412B01,7,4,1
201700017416,2017-06-05,2017,juin,lundi,10:00,68,68384,47.69256,7.30291,2,3,3,1,1,4,2,02,1,1,000,060,1,0,1,4,1,14,5,1,2,00,2,7,16,201700017416B01,7,21,1
201700017417,2017-06-08,2017,juin,jeudi,75:0,68,68384,47.69688,7.29187,2,2,3,1,1,3,2,02,1,1,000,070,1,0,1,3,1,53,5,1,2,00,2,2,19,201700017417A01,7,1,1
201700017418,2017-08-06,2017,août,dimanche,11:15,68,68384,47.69687,7.29188,2,2,3,1,1,3,2,02,1,1,000,065,1,0,1,3,1,60,5,1,2,00,2,1,19,201700017418A01,7,1,1
201700017419,2017-09-22,2017,septembre,vendredi,92:5,68,68267,47.74952,7.22919,2,3,1,1,1,3,2,02,1,4,000,080,1,0,1,3,1,50,3,1,2,00,2,1,15,201700017419A01,7,15,1
201700017429,2017-05-24,2017,mai,mercredi,17:50,68,68349,47.61712,7.56569,1,1,2,1,1,5,2,02,1,1,000,072,1,0,1,1,1,46,5,1,2,00,2,8,1,201700017429B01,30,17,1
201700017431,2017-08-06,2017,août,dimanche,19:45,68,68135,47.57831,7.51996,2,1,1,1,1,4,2,02,1,3,000,063,1,0,1,3,1,11,5,1,2,00,2,1,5,201700017431B01,7,1,1
201700017439,2017-09-30,2017,septembre,samedi,81:5,68,68042,47.60428,7.4953,2,3,3,1,1,4,2,02,1,,000,060,1,0,1,4,1,81,3,1,2,00,0,7,1,201700017439B01,7,16,1
201700017440,2017-10-18,2017,octobre,mercredi,17:45,68,68121,47.52211,7.46947,2,3,1,2,7,3,2,02,4,4,000,079,1,0,1,4,1,44,1,1,2,00,2,1,1,201700017440B01,7,15,1
201700017450,2017-05-10,2017,mai,mercredi,16:35,68,68082,47.86582,7.35862,2,3,3,1,7,3,2,02,1,1,000,098,1,5,1,3,1,60,5,1,2,00,2,7,1,201700017450B01,7,9,1
201700017457,2017-08-09,2017,août,mercredi,12:19,68,68082,47.87328,7.32999,2,2,3,1,1,4,2,02,1,1,000,067,1,5,1,4,2,17,5,1,2,00,2,7,19,201700017457A01,7,1,1
201700017464,2017-12-06,2017,décembre,mercredi,14:20,68,68228,47.92824,7.35837,1,3,3,1,7,3,2,02,1,1,000,070,1,0,0,3,1,63,5,1,2,00,2,1,15,201700017464A01,7,1,1
201700017476,2017-07-16,2017,juillet,dimanche,22:45,68,68304,47.75635,7.04938,2,3,3,5,1,3,2,02,1,1,000,088,1,0,1,3,1,19,5,1,2,00,0,8,19,201700017476B01,7,1,1
201700017488,2017-05-09,2017,mai,mardi,15:40,34,34028,43.6094,3.1487,2,1,6,1,1,4,2,02,4,3,000,040,1,0,1,3,1,27,5,1,2,08,0,1,0,201700017488A01,,,
201700017494,2017-08-04,2017,août,vendredi,11:30,34,34126,43.58964,3.08309,2,6,3,1,1,3,1,01,1,-1,004,015,1,,,3,1,68,3,1,2,00,2,7,16,201700017494B01,7,9,1
201700017500,2017-03-28,2017,mars,mardi,93:0,34,34074,43.4557,3.03838,2,1,1,1,7,4,-1,02,1,-1,006,515,1,,,3,1,60,3,1,2,00,2,2,1,201700017500B01,7,19,1
201700017525,2017-12-15,2017,décembre,vendredi,14:00,34,34139,43.40808,3.22917,1,1,2,1,1,3,3,02,1,-1,000,013,1,,,3,1,65,5,1,2,00,2,4,1,201700017525B01,7,1,1
201700017546,2017-08-14,2017,août,lundi,11:35,34,34283,43.78518,3.4153,1,1,7,1,1,3,2,02,3,4,000,000,1,0,3,3,1,59,5,1,2,16,0,0,2,201700017546A01,,,
201700017550,2017-11-20,2017,novembre,lundi,12:10,34,34142,43.73106,3.32394,2,1,3,1,1,4,2,02,1,-1,006,512,1,,,4,2,32,1,1,2,00,0,1,23,201700017550B01,37,15,1
201700017588,2017-09-06,2017,septembre,mercredi,13:30,15,15014,44.9217,2.44639,2,1,6,1,1,4,2,02,2,1,000,000,1,0,1,3,1,25,5,1,2,01,0,1,1,201700017588B01,7,22,1
201700017588,2017-09-06,2017,septembre,mercredi,13:30,15,15014,44.9217,2.44639,2,1,6,1,1,4,2,02,2,1,000,000,1,0,1,4,1,35,5,1,2,00,2,1,1,201700017588C01,7,22,1
201700017598,2017-11-20,2017,novembre,lundi,10:40,15,15014,0,0,2,6,3,1,1,4,2,01,1,1,000,070,1,5,1,4,2,46,4,1,4,00,2,7,1,201700017598B01,10,9,1
201700017612,2017-08-10,2017,août,jeudi,17:50,34,34332,43.29942,3.40371,2,1,1,1,1,4,2,02,1,1,000,041,1,0,1,3,1,46,5,1,2,00,2,1,17,201700017612B01,7,1,1
201700017619,2017-04-12,2017,avril,mercredi,15:00,86,86264,46.27912,0.37216,2,7,7,1,1,3,2,02,1,-1,004,010,1,,,3,1,72,5,1,2,00,0,0,21,201700017619A01,,,
201700017647,2017-03-24,2017,mars,vendredi,10:35,86,86225,46.85663,0.1044,1,4,3,1,1,3,2,02,1,1,004,015,1,5,1,3,1,63,5,1,2,00,2,1,1,201700017647B01,7,5,1
201700017679,2017-03-29,2017,mars,mercredi,13:20,41,41164,47.27294,1.37628,2,1,2,1,1,3,2,02,1,1,000,000,1,0,1,3,1,31,5,1,2,00,0,0,1,201700017679B01,7,1,1
201700017701,2017-01-26,2017,janvier,jeudi,85:0,41,41152,47.55242,1.73293,1,1,2,1,7,3,2,02,1,1,000,047,1,0,1,3,2,78,5,1,2,00,0,4,2,201700017701B01,7,2,1
201700017734,2017-10-14,2017,octobre,samedi,18:00,41,41116,47.85031,1.11168,1,1,3,1,7,3,2,02,1,1,000,035,1,0,1,3,1,71,0,1,2,00,0,6,1,201700017734B01,7,1,1
201700017735,2017-11-08,2017,novembre,mercredi,74:5,41,41143,47.98047,0.89989,2,1,3,5,2,4,2,02,1,-1,000,025,1,,,3,1,12,2,1,4,00,2,8,15,201700017735B01,3,17,1
201700017739,2017-09-21,2017,septembre,jeudi,18:20,47,47210,44.2495,0.40009,1,1,2,1,1,3,2,02,1,1,000,000,1,0,3,3,1,71,5,1,2,00,2,4,2,201700017739B01,7,1,1
201700017748,2017-06-26,2017,juin,lundi,13:45,47,47271,44.6443,0.19461,1,3,3,1,1,3,2,02,1,-1,000,010,1,0,1,3,1,55,5,1,2,00,2,8,15,201700017748B01,7,17,1
201700017785,2017-03-16,2017,mars,jeudi,10:25,47,47052,44.3256,0.08221,2,3,3,1,1,3,2,02,1,1,000,062,1,0,1,3,1,75,5,1,2,00,2,8,19,201700017785A01,7,1,1
201700017796,2017-09-10,2017,septembre,dimanche,93:0,47,47328,44.4316,0.90615,1,1,1,1,8,3,2,02,4,4,000,000,2,2,1,3,1,52,5,1,2,00,2,1,13,201700017796A01,1,1,1
201700017796,2017-09-10,2017,septembre,dimanche,93:0,47,47328,44.4316,0.90615,1,1,1,1,8,3,2,02,4,4,000,000,2,2,1,3,1,57,5,1,2,00,0,1,1,201700017796B01,1,13,1
201700017810,2017-10-04,2017,octobre,mercredi,15:55,47,47252,44.3905,0.56695,1,4,3,1,1,3,2,02,1,-1,012,910,3,0,1,3,1,86,5,1,2,00,2,7,19,201700017810A01,17,1,1
201700017859,2017-09-03,2017,septembre,dimanche,17:30,42,42280,45.31476,4.46353,1,1,6,1,1,4,2,02,2,-1,000,000,1,0,1,3,1,68,5,1,9,00,0,0,0,201700017859A01,,,
201700017870,2017-04-08,2017,avril,samedi,93:0,42,42234,45.53848,4.35857,1,2,3,1,7,3,2,02,1,-1,006,010,1,,,4,1,43,5,1,2,00,2,1,1,201700017870B01,7,19,1
201700017874,2017-07-03,2017,juillet,lundi,19:45,42,42208,45.53536,4.47692,1,1,1,1,1,3,2,02,2,3,000,061,1,0,1,2,1,44,5,1,2,00,2,1,1,201700017874B01,7,1,1
201700017884,2017-02-18,2017,février,samedi,14:15,42,42219,45.72309,4.09335,1,1,2,1,1,3,2,02,1,1,000,080,1,0,1,3,1,59,5,1,2,00,2,1,1,201700017884B01,1,1,1
201700017884,2017-02-18,2017,février,samedi,14:15,42,42219,45.72309,4.09335,1,1,2,1,1,3,2,02,1,1,000,080,1,0,1,3,1,50,5,1,2,00,0,7,1,201700017884A01,1,1,1
201700017905,2017-09-03,2017,septembre,dimanche,14:13,42,42109,45.77287,3.9355,2,1,7,1,1,4,2,02,2,-1,000,060,1,0,1,3,1,17,0,1,9,00,0,1,1,201700017905A01,,,
201700017927,2017-10-13,2017,octobre,vendredi,85:0,42,42228,45.5609,4.09748,2,3,1,2,7,3,2,02,2,-1,704,810,1,,,3,1,46,1,1,2,11,2,1,19,201700017927B01,7,15,1
201700017932,2017-02-18,2017,février,samedi,14:40,42,42149,45.63573,4.24048,2,6,3,1,7,3,2,02,1,-1,006,215,1,,,3,1,60,5,1,2,00,2,7,1,201700017932B01,7,1,1
201700017934,2017-05-17,2017,mai,mercredi,17:50,42,42323,45.56968,4.29321,2,8,3,1,1,4,2,02,2,-1,005,714,-1,,,3,1,53,1,1,2,00,4,1,1,201700017934B01,39,0,1
201700017947,2017-10-12,2017,octobre,jeudi,10:30,42,42181,46.01186,4.20391,1,1,7,1,1,3,2,02,2,3,050,000,2,0,1,4,1,54,5,1,2,00,0,7,1,201700017947A01,,,
201700017953,2017-03-18,2017,mars,samedi,19:20,42,42131,46.17595,4.24334,1,1,7,3,1,3,2,02,2,1,020,060,1,0,1,3,1,54,5,1,2,15,0,0,1,201700017953A01,,,
201700017954,2017-03-27,2017,mars,lundi,83:5,42,42177,46.14404,4.10992,2,3,3,1,7,4,,,,,,,,,,3,1,77,5,1,2,00,0,8,1,201700017954B01,7,15,1
201700017955,2017-04-10,2017,avril,lundi,14:50,42,42015,46.16702,4.34825,2,1,7,1,7,3,2,02,2,1,000,060,1,0,1,3,1,25,5,1,2,00,0,1,1,201700017955A01,,,
201700017972,2017-06-08,2017,juin,jeudi,15:05,42,42004,45.89394,4.02571,1,1,6,1,1,3,2,02,1,1,000,000,1,0,3,3,1,68,5,1,2,01,0,1,1,201700017972A01,,,
201700018016,2017-08-09,2017,août,mercredi,13:25,12,12063,44.0084,3.16043,2,4,3,1,1,3,2,02,2,-1,000,060,1,0,0,3,2,48,5,1,2,00,0,7,1,201700018016A01,7,15,1
201700018050,2017-09-23,2017,septembre,samedi,18:30,12,12154,0,0,2,1,7,1,1,4,2,02,1,-1,004,010,1,0,0,2,1,11,5,1,2,12,0,1,1,201700018050A01,,,
201700018062,2017-06-21,2017,juin,mercredi,80:5,49,49278,47.43204,-0.55498,1,2,3,1,1,3,2,02,3,-1,000,015,1,,,3,1,54,1,1,2,00,0,7,1,201700018062B01,7,1,1
201700018064,2017-09-29,2017,septembre,vendredi,11:15,49,49035,47.43423,-0.61426,1,3,3,1,1,3,2,02,1,2,000,010,1,5,1,4,1,63,5,1,2,00,2,1,1,201700018064B01,10,9,1
201700018071,2017-03-19,2017,mars,dimanche,19:40,49,49153,47.24629,-0.60726,1,9,3,3,1,3,2,02,1,-1,000,010,1,,,3,1,68,5,1,2,00,2,3,19,201700018071A01,7,1,1
201700018077,2017-06-17,2017,juin,samedi,16:00,49,49345,47.26676,-0.50346,2,1,3,1,1,3,2,02,2,1,000,000,1,0,1,4,1,76,5,1,2,00,0,8,1,201700018077B01,2,17,1
201700018120,2017-05-14,2017,mai,dimanche,17:20,49,49276,47.36369,-1.01472,2,2,3,1,1,3,2,02,4,-1,010,010,1,0,1,4,2,54,5,1,2,00,2,1,1,201700018120A01,7,15,1
201700018169,2017-06-10,2017,juin,samedi,15:25,49,49030,47.35653,-0.08509,1,1,3,1,1,3,2,02,1,1,000,000,1,0,1,2,2,69,5,1,4,00,2,8,19,201700018169B01,33,1,1
201700018176,2017-09-02,2017,septembre,samedi,11:20,49,49149,47.34381,-0.23157,2,1,3,1,1,3,2,02,1,1,000,040,1,0,1,3,1,66,5,1,2,00,2,1,1,201700018176B01,7,15,1
201700018187,2017-06-21,2017,juin,mercredi,19:15,49,49215,47.12849,-0.14571,2,1,3,1,1,9,2,02,1,-1,000,010,1,,,3,1,15,5,1,9,00,2,1,15,201700018187A01,7,1,1
201700018191,2017-08-25,2017,août,vendredi,92:5,49,49219,47.2231,0.04726,1,6,3,1,1,3,2,02,1,-1,000,015,1,,,3,1,67,5,1,2,00,2,7,1,201700018191B01,7,0,1
201700018203,2017-07-04,2017,juillet,mardi,20:15,49,49331,47.6926,-0.89232,1,1,7,1,1,4,2,02,1,1,000,000,1,0,1,3,2,40,5,1,2,00,0,4,0,201700018203A01,,,
201700018221,2017-09-23,2017,septembre,samedi,11:00,49,49183,47.52086,-0.89772,1,1,3,1,1,3,2,02,1,3,060,000,1,0,1,3,1,74,5,1,2,00,9,8,1,201700018221B01,33,1,1
201700018227,2017-02-24,2017,février,vendredi,19:00,49,49065,47.66168,-0.57344,2,1,7,5,1,3,2,02,1,-1,000,000,1,0,1,3,1,18,5,1,9,12,0,7,2,201700018227B01,2,2,1
201700018229,2017-05-22,2017,mai,lundi,17:11,49,49170,47.63869,-0.49333,1,1,3,1,1,3,2,02,1,-1,000,010,1,0,1,1,1,66,5,1,2,00,2,8,15,201700018229B01,31,17,1
201700018233,2017-07-26,2017,juillet,mercredi,20:10,49,49170,47.65538,-0.50194,2,1,3,1,1,4,2,02,1,-1,000,010,1,,,4,2,13,5,1,2,00,2,1,1,201700018233A01,7,1,1
201700018254,2017-05-14,2017,mai,dimanche,16:25,55,55521,49.01111,5.45703,1,1,2,1,1,3,2,02,1,1,000,066,1,0,1,2,1,52,1,1,9,03,2,4,1,201700018254B01,7,1,1
201700018255,2017-05-31,2017,mai,mercredi,17:25,55,55463,48.89503,5.53317,2,1,3,1,1,4,2,02,2,-1,000,010,1,,,3,1,14,5,1,2,00,2,1,0,201700018255B01,7,1,1
201700018266,2017-07-05,2017,juillet,mercredi,17:30,55,55073,49.19348,5.37623,1,1,3,1,1,3,2,02,1,1,000,000,1,0,1,4,1,67,5,1,4,00,0,0,1,201700018266B01,7,17,1
201700018295,2017-07-08,2017,juillet,samedi,15:05,61,61202,48.46902,0.19461,2,1,3,1,1,3,2,02,2,1,000,042,1,0,1,3,1,61,5,1,2,00,2,8,1,201700018295A01,21,1,1
201700018306,2017-04-19,2017,avril,mercredi,15:00,61,61444,48.84329,-0.37897,2,3,3,1,1,3,2,02,2,2,000,050,1,0,1,4,1,20,5,1,2,00,2,1,1,201700018306A01,10,15,1
201700018307,2017-05-09,2017,mai,mardi,13:55,61,61496,48.75598,0.004,2,1,3,1,1,3,2,02,1,1,000,056,1,0,1,3,2,61,1,1,2,00,2,8,15,201700018307B01,7,17,1
201700018324,2017-06-23,2017,juin,vendredi,11:35,61,61508,48.93028,0.19562,2,1,7,1,1,3,2,02,2,2,000,010,1,0,1,2,1,80,5,1,2,16,0,7,1,201700018324A01,,,
201700018335,2017-08-07,2017,août,lundi,18:00,61,61248,48.48888,-0.79822,1,1,7,1,1,4,2,02,2,1,000,030,1,0,3,2,2,54,5,1,2,13,0,7,1,201700018335A01,,,
201700018362,2017-04-13,2017,avril,jeudi,14:05,61,61135,48.51299,-0.41092,2,1,3,1,1,3,2,02,1,1,000,000,1,0,1,3,1,14,5,1,2,00,2,9,14,201700018362A01,13,21,1
201700018368,2017-08-16,2017,août,mercredi,14:35,61,61380,48.5209,-0.55278,1,1,3,1,1,3,2,02,1,1,000,000,1,0,1,3,1,8,5,1,2,00,2,1,9,201700018368B01,7,1,1
201700018371,2017-10-11,2017,octobre,mercredi,15:35,61,61168,48.60215,-0.34453,2,1,3,1,1,4,2,02,2,1,000,060,1,0,1,3,1,13,5,1,2,00,2,6,10,201700018371A01,33,17,1
201700018383,2017-08-01,2017,août,mardi,10:35,61,61450,48.48221,0.41503,1,1,7,1,1,3,2,02,2,2,000,043,9,0,3,3,1,66,5,1,2,16,0,7,1,201700018383A01,1,1,1
201700018383,2017-08-01,2017,août,mardi,10:35,61,61450,48.48221,0.41503,1,1,7,1,1,3,2,02,2,2,000,043,9,0,3,3,1,71,5,1,2,16,0,7,1,201700018383B01,1,1,1
201700018384,2017-08-01,2017,août,mardi,14:45,61,61293,48.50943,0.55777,2,1,3,1,1,3,2,02,1,1,000,050,1,0,1,4,1,71,3,1,2,00,2,3,15,201700018384B01,7,17,1
201700018420,2017-08-04,2017,août,vendredi,15:45,61,61043,48.35286,0.74389,2,3,3,1,1,3,2,02,1,1,000,000,1,0,1,3,1,13,5,1,2,00,2,1,16,201700018420B01,7,1,1
201700018464,2017-08-07,2017,août,lundi,18:55,63,63229,45.78016,3.3509,1,2,3,1,1,3,2,02,2,-1,500,020,1,,,4,1,24,5,1,2,00,2,1,1,201700018464B01,7,15,1
201700018496,2017-07-08,2017,juillet,samedi,11:30,63,63003,45.55083,3.79346,1,9,2,1,1,3,2,02,2,-1,005,010,1,,,3,1,70,5,1,2,00,2,1,15,201700018496B01,7,19,1
201700018514,2017-06-09,2017,juin,vendredi,95:0,63,63222,45.55063,3.17034,1,1,2,1,7,3,2,02,1,3,000,085,1,0,1,3,1,58,5,1,2,00,0,4,1,201700018514B01,7,1,1
201700018547,2017-12-31,2017,décembre,dimanche,11:25,63,63295,46.01856,3.355,2,3,3,1,1,3,2,02,1,,000,071,1,0,1,4,1,52,5,1,2,00,2,8,15,201700018547B01,3,0,1
201700018555,2017-10-15,2017,octobre,dimanche,71:0,63,63400,46.04236,3.36379,1,3,3,2,1,3,2,02,1,-1,000,010,1,,,3,1,57,5,1,2,00,2,2,5,201700018555B01,7,1,1
201700018617,2017-03-15,2017,mars,mercredi,15:20,63,63271,45.93085,3.48889,2,1,1,1,1,4,2,02,2,3,000,000,1,0,1,3,1,14,5,1,2,00,2,1,5,201700018617B01,7,21,1
201700018659,2017-07-06,2017,juillet,jeudi,10:30,89,89347,47.43091,3.89297,1,1,2,1,1,3,2,02,4,2,000,056,1,0,1,3,1,62,5,1,2,00,2,4,1,201700018659B01,7,1,1
201700018664,2017-04-30,2017,avril,dimanche,10:45,89,89022,47.54015,3.99283,1,1,3,1,1,3,2,02,1,1,000,030,1,0,1,3,1,67,5,1,2,00,0,3,2,201700018664B01,7,2,1
201700018670,2017-08-25,2017,août,vendredi,15:50,89,89321,47.73086,4.22451,2,1,1,1,1,4,2,02,1,1,000,000,1,0,1,3,1,9,5,1,2,00,2,7,19,201700018670A01,7,1,1
201700018704,2017-09-21,2017,septembre,jeudi,17:50,89,89370,48.18125,3.08694,2,1,3,1,1,3,2,02,1,1,000,070,1,0,1,3,1,14,5,1,9,00,2,8,15,201700018704A01,7,1,1
201700018739,2017-05-26,2017,mai,vendredi,90:0,71,71014,46.95341,4.2956,2,1,3,1,7,4,2,02,2,-1,000,010,1,,,3,1,53,1,1,2,00,2,1,1,201700018739B01,7,15,1
201700018746,2017-08-13,2017,août,dimanche,17:00,71,71162,47.00267,4.40378,1,1,1,1,1,4,2,02,1,-1,000,031,1,0,1,2,2,77,5,1,2,00,0,1,13,201700018746A01,7,1,1
201700018765,2017-07-25,2017,juillet,mardi,17:10,71,71122,46.89782,4.66614,2,1,2,1,1,3,2,02,1,1,000,000,1,0,1,4,1,17,5,1,2,00,2,4,13,201700018765B01,31,2,1
201700018774,2017-05-17,2017,mai,mercredi,17:30,71,71221,46.77361,4.7379,2,1,1,1,1,4,2,02,1,1,000,000,1,0,1,2,1,57,5,1,2,00,2,0,13,201700018774A01,7,1,1
201700018777,2017-09-15,2017,septembre,vendredi,19:00,71,71241,46.78001,4.69039,1,3,2,1,1,3,2,02,2,-1,003,510,1,,,2,2,60,5,1,2,00,0,4,13,201700018777A01,1,2,1
201700018777,2017-09-15,2017,septembre,vendredi,19:00,71,71241,46.78001,4.69039,1,3,2,1,1,3,2,02,2,-1,003,510,1,,,4,1,17,5,1,2,00,2,1,2,201700018777B01,1,13,1
201700018788,2017-04-28,2017,avril,vendredi,16:40,71,71463,46.24035,4.26417,1,1,3,1,1,3,2,02,1,1,000,065,1,0,1,4,1,74,5,1,2,00,2,0,1,201700018788B01,10,14,1
201700018791,2017-10-28,2017,octobre,samedi,17:40,71,71120,46.20304,4.3385,2,5,3,1,1,4,2,02,2,-1,000,015,1,,,3,1,14,5,1,2,00,2,7,1,201700018791A01,7,6,1
201700018825,2017-12-26,2017,décembre,mardi,15:03,71,71263,46.63721,5.242,1,1,2,1,1,3,2,02,1,1,000,060,1,0,1,3,1,75,5,1,2,00,2,4,2,201700018825B01,7,17,1
201700018836,2017-08-07,2017,août,lundi,12:45,71,71522,46.60193,4.98683,1,1,3,1,1,3,2,02,1,1,000,000,1,0,1,3,1,79,3,1,2,00,2,7,15,201700018836A01,7,2,1
201700018885,2017-02-16,2017,février,jeudi,10:45,11,11008,42.9823,2.265,1,4,1,1,7,3,2,02,1,-1,000,010,1,,,2,1,67,5,1,2,00,2,1,1,201700018885B01,7,15,1
201700018887,2017-03-15,2017,mars,mercredi,16:30,11,11344,43.08094,2.31845,2,4,1,1,1,3,2,02,1,-1,000,010,-1,,,4,1,11,5,1,4,00,2,1,15,201700018887B01,7,1,1
201700018903,2017-10-27,2017,octobre,vendredi,72:0,11,11299,43.14876,2.29121,1,1,3,3,8,3,2,02,1,1,000,000,1,0,1,3,1,17,1,1,9,00,0,8,1,201700018903B01,14,1,1
201700018922,2017-07-12,2017,juillet,mercredi,75:0,11,11262,43.17342,3.06461,1,6,2,1,1,3,1,01,3,-1,000,010,1,,,3,1,73,5,1,2,00,2,4,1,201700018922B01,7,1,1
201700018929,2017-11-15,2017,novembre,mercredi,17:30,11,11262,43.19587,2.99738,1,1,3,2,1,3,2,02,1,1,000,000,1,0,1,4,1,38,5,1,2,00,2,8,15,201700018929A01,7,1,1
201700018999,2017-04-18,2017,avril,mardi,15:00,32,32208,43.9284,0.66728,1,3,7,1,1,4,2,02,1,-1,003,510,3,0,0,2,1,67,5,1,2,00,0,0,1,201700018999A01,,,
201700019009,2017-03-01,2017,mars,mercredi,15:30,32,32375,43.4315,0.49329,1,1,7,1,1,3,2,02,2,1,000,060,9,0,1,3,1,76,5,1,2,00,0,8,1,201700019009A01,,,
201700019105,2017-05-08,2017,mai,lundi,95:0,69,69135,46.21075,4.53164,1,1,6,1,1,3,2,02,2,1,000,070,1,0,1,3,1,53,5,1,2,00,5,1,1,201700019105B01,,,
201700019107,2017-06-23,2017,juin,vendredi,16:40,69,69053,46.21351,4.70562,2,1,1,1,1,3,2,02,2,-1,000,010,1,,,4,1,6,5,1,2,00,2,1,19,201700019107B01,7,1,1
201700019123,2017-12-19,2017,décembre,mardi,13:45,33,33140,44.77541,-0.35116,2,3,3,1,1,3,1,01,1,,000,000,1,0,5,3,2,61,5,1,2,00,2,1,1,201700019123B01,7,16,1
201700019152,2017-11-01,2017,novembre,mercredi,10:05,33,33036,44.44166,-0.21872,1,2,3,1,1,3,2,02,1,-1,000,015,1,,,3,2,49,5,1,2,00,2,1,1,201700019152A01,7,0,1
201700019155,2017-12-19,2017,décembre,mardi,74:9,33,33036,44.44389,-0.23611,2,6,3,2,1,2,1,01,1,-1,004,010,1,,1,3,1,74,3,1,2,00,2,7,19,201700019155B01,7,9,1
201700019173,2017-05-25,2017,mai,jeudi,74:5,33,33026,44.50959,-0.43771,1,1,2,1,1,3,2,02,1,1,000,060,1,0,1,2,1,51,5,1,2,00,0,4,1,201700019173B01,10,17,1
201700019192,2017-05-07,2017,mai,dimanche,12:00,33,33423,45.14739,-0.74134,2,4,3,1,1,3,1,01,,1,,,,5,,3,1,45,5,1,2,00,2,1,1,201700019192B01,7,19,1
201700019198,2017-08-03,2017,août,jeudi,11:00,33,33395,45.26463,-0.79064,1,2,3,1,1,3,2,02,4,1,000,010,1,,1,3,1,65,5,1,2,00,2,1,1,201700019198A01,10,19,1
201700019208,2017-10-13,2017,octobre,vendredi,10:00,33,33521,45.46531,-1.0499,2,9,2,1,1,3,2,02,1,-1,000,010,1,,,2,1,66,5,1,2,00,2,4,2,201700019208B01,7,2,1
201700019212,2017-02-28,2017,février,mardi,19:00,33,33466,44.82264,-0.29373,2,6,3,5,2,3,2,02,1,,053,000,2,0,1,3,1,72,9,1,4,00,2,7,1,201700019212B01,7,2,1
201700019233,2017-04-08,2017,avril,samedi,15:30,65,65062,43.19935,0.13833,1,1,5,1,1,3,2,02,1,1,000,000,1,0,1,3,2,44,5,1,2,00,9,4,1,201700019233B01,10,17,1
201700019233,2017-04-08,2017,avril,samedi,15:30,65,65062,43.19935,0.13833,1,1,5,1,1,3,2,02,1,1,000,000,1,0,1,4,1,46,5,1,2,00,2,4,1,201700019233C01,10,17,1
201700019238,2017-08-07,2017,août,lundi,15:15,65,65002,43.13862,-0.02771,2,2,3,1,1,2,2,02,1,-1,006,010,5,,,3,1,73,5,1,2,00,2,8,1,201700019238B01,7,19,1
201700019259,2017-01-30,2017,janvier,lundi,16:30,65,65176,43.01658,-0.24143,1,1,7,1,1,9,2,02,2,1,000,030,1,0,3,3,1,43,5,1,2,02,0,0,13,201700019259A01,,,
201700019263,2017-03-14,2017,mars,mardi,17:00,65,65029,42.99906,-0.11145,1,1,7,1,1,3,2,02,2,4,000,066,1,0,3,3,1,59,5,1,2,00,0,0,1,201700019263A01,,,
201700019265,2017-04-18,2017,avril,mardi,75:0,65,65025,43.00145,-0.10027,2,1,6,1,1,4,2,02,2,-1,000,000,1,0,1,3,1,13,2,1,2,01,0,1,14,201700019265A01,,,
201700019267,2017-05-13,2017,mai,samedi,14:40,65,65077,42.97325,-0.02742,1,1,6,1,1,3,2,02,2,3,000,085,1,0,1,3,1,52,5,1,9,04,0,0,1,201700019267A01,,,
201700019271,2017-07-05,2017,juillet,mercredi,11:30,65,65138,42.89811,-0.11105,2,1,3,1,1,3,-1,02,2,3,000,065,1,0,1,3,1,78,5,1,2,00,2,1,1,201700019271B01,7,15,1
201700019272,2017-07-16,2017,juillet,dimanche,10:15,65,65077,42.97329,-0.02756,1,1,3,1,1,3,2,02,2,2,000,060,1,0,1,3,1,68,5,1,2,00,2,1,13,201700019272A01,7,1,1
201700019273,2017-10-30,2017,octobre,lundi,16:15,65,65055,43.00391,-0.07922,1,4,7,1,1,3,,,,,,,,,,3,1,32,5,1,2,00,0,0,16,201700019273A01,,,
201700019278,2017-07-15,2017,juillet,samedi,15:20,65,65389,43.079,0.48181,2,1,7,1,1,3,2,02,2,1,000,000,1,0,0,3,1,27,5,1,2,00,0,0,13,201700019278A01,,,
201700019279,2017-07-26,2017,juillet,mercredi,12:05,65,65051,43.06832,0.51971,2,3,1,1,1,3,2,02,2,-1,000,010,1,,,4,1,57,5,1,2,00,2,1,1,201700019279B01,7,15,1
201700019332,2017-09-29,2017,septembre,vendredi,18:10,82,82135,44.15083,1.3799,2,1,3,1,1,3,2,02,1,1,000,060,1,0,1,3,1,40,5,1,2,00,2,1,2,201700019332B01,14,17,1