Num_Acc,date,an,mois,jour,hrmn,dep,com,lat,long,agg,int,col,lum,atm,catr,circ,nbv,prof,plan,lartpc,larrout,surf,infra,situ,grav,sexe,age,trajet,secuexist,equipement,obs,obsm,choc,manv,vehiculeid,typevehicules,manoeuvehicules,numVehicules
201700019344,2017-06-25,2017,juin,dimanche,94:0,82,82085,43.9701,1.27467,1,1,1,1,1,4,2,02,1,1,000,000,1,0,1,2,1,58,5,1,2,00,2,8,13,201700019344B01,7,21,1
201700019363,2017-08-13,2017,août,dimanche,94:0,82,82155,44.15032,1.7702,1,1,3,1,1,4,2,02,1,1,000,040,1,0,1,4,2,49,5,1,2,00,2,3,2,201700019363B01,7,2,1
201700019415,2017-12-18,2017,décembre,lundi,74:0,82,82186,44.11701,0.89568,2,1,5,2,2,9,2,02,1,1,000,057,2,0,1,4,1,63,1,1,9,00,2,8,2,201700019415B01,2/ 38,2/1,2
201700019439,2017-01-04,2017,janvier,mercredi,14:10,80,80630,49.77696,1.98061,2,1,2,1,2,3,2,02,1,1,000,000,2,0,1,3,2,41,5,1,2,00,2,4,1,201700019439B01,7,2,1
201700019459,2017-07-03,2017,juillet,lundi,10:15,80,80082,49.96534,2.13454,2,2,3,1,1,4,,,,,,,,,,4,1,63,5,1,2,00,2,1,1,201700019459A01,7,1,1
201700019515,2017-09-24,2017,septembre,dimanche,84:5,80,80253,50.1494,2.34584,2,1,2,1,1,9,2,02,1,1,000,070,1,0,1,3,1,47,1,1,9,00,0,8,15,201700019515B01,3,1,1
201700019530,2017-12-23,2017,décembre,samedi,16:30,80,80711,50.04305,2.12141,2,3,6,1,2,3,2,02,1,-1,000,020,1,,,3,2,56,5,1,2,00,2,1,0,201700019530A01,7,1,1
201700019537,2017-06-30,2017,juin,vendredi,14:35,80,80685,49.68413,2.78965,1,2,3,1,1,3,2,02,1,,000,000,1,5,1,3,1,63,5,1,2,00,2,0,16,201700019537B01,7,1,1
201700019582,2017-02-17,2017,février,vendredi,16:00,80,80807,49.9617,2.6225,1,3,3,1,1,3,2,02,1,-1,006,010,1,,,3,1,62,5,1,9,00,2,1,1,201700019582B01,7,15,1
201700019591,2017-06-12,2017,juin,lundi,17:15,80,80680,49.81169,2.69711,2,1,3,1,1,9,2,02,1,1,000,000,1,0,1,4,2,13,0,1,2,00,2,8,11,201700019591A01,7,17,1
201700019597,2017-08-07,2017,août,lundi,19:30,80,80617,49.7469,2.74646,1,3,6,1,1,3,2,02,1,-1,007,010,1,,,4,1,47,5,1,2,00,0,7,1,201700019597B01,10,1,1
201700019603,2017-09-15,2017,septembre,vendredi,13:45,80,80172,49.91886,2.77026,1,1,3,1,2,3,2,02,1,1,000,062,2,4,1,3,1,65,5,1,2,00,2,8,10,201700019603A01,7,2,1
201700019676,2017-07-29,2017,juillet,samedi,93:5,2B,2B246,42.43248,9.36287,1,1,1,1,1,3,2,02,1,-1,000,000,1,0,1,4,1,48,5,1,2,00,2,1,1,201700019676B01,7,13,1
201700019680,2017-08-18,2017,août,vendredi,18:30,2B,2B318,42.4345,9.47707,1,1,7,1,1,3,2,02,2,2,000,032,1,0,1,3,1,51,5,1,2,14,9,9,1,201700019680A01,,,
201700019684,2017-09-14,2017,septembre,jeudi,95:0,2B,2B291,42.37196,9.37319,1,1,6,1,1,3,2,02,2,3,000,050,1,0,1,3,1,70,5,1,2,10,0,9,1,201700019684A01,1,21,1
201700019684,2017-09-14,2017,septembre,jeudi,95:0,2B,2B291,42.37196,9.37319,1,1,6,1,1,3,2,02,2,3,000,050,1,0,1,2,1,56,5,1,2,10,0,8,21,201700019684B01,1,1,1
201700019715,2017-06-28,2017,juin,mercredi,14:45,2B,2B049,42.51997,8.72067,1,1,6,1,1,3,2,02,4,2,000,000,1,2,3,2,1,54,5,1,2,13,0,1,15,201700019715A01,,,
201700019728,2017-05-31,2017,mai,mercredi,10:40,2B,2B096,42.30189,9.1635,2,9,6,1,7,2,-1,01,1,-1,000,010,5,,5,3,1,57,5,1,2,08,0,0,1,201700019728A01,,,
201700019729,2017-08-02,2017,août,mercredi,91:0,2B,2B126,42.19226,9.36304,1,1,7,1,9,2,2,02,1,1,000,080,1,1,1,3,1,72,5,1,2,12,0,7,1,201700019729A01,14,17,1
201700019738,2017-04-09,2017,avril,dimanche,10:30,2B,2B283,41.89523,9.39098,1,1,3,1,1,2,2,02,1,1,000,064,1,0,1,4,1,79,5,1,9,00,2,3,2,201700019738A01,7,2,1
201700019740,2017-06-12,2017,juin,lundi,14:50,2B,2B123,42.09266,9.34774,1,1,7,1,1,3,2,02,2,1,000,050,1,0,1,3,1,60,5,1,2,00,0,0,0,201700019740A01,,,
201700019758,2017-08-22,2017,août,mardi,84:5,31,31150,43.64688,1.33592,2,6,3,1,1,3,2,02,1,-1,000,015,1,,,3,1,53,1,1,2,00,2,3,1,201700019758B01,7,16,1
201700019759,2017-09-13,2017,septembre,mercredi,74:0,31,31150,43.6451,1.33475,2,2,3,2,1,3,2,02,2,-1,007,010,1,0,1,3,1,44,1,1,9,00,2,1,21,201700019759B01,7,9,1
201700019809,2017-07-31,2017,juillet,lundi,17:30,79,79263,46.52556,-0.58295,1,5,3,1,1,3,2,02,1,1,000,010,1,0,1,3,1,14,5,1,9,00,2,1,19,201700019809B01,10,1,1
201700019822,2017-03-09,2017,mars,jeudi,13:00,79,79220,46.21865,-0.63889,1,1,2,1,1,3,2,02,2,2,000,045,1,0,1,3,1,70,5,1,4,00,0,4,2,201700019822B01,7,1,1
201700019853,2017-05-17,2017,mai,mercredi,11:00,79,79079,46.91458,-0.74347,1,1,7,1,1,3,2,02,1,1,000,065,1,0,1,2,1,69,5,1,2,00,0,0,1,201700019853A01,,,
201700019858,2017-11-22,2017,novembre,mercredi,10:00,79,79079,46.94906,-0.87161,1,1,4,1,7,4,2,02,1,1,000,035,1,0,1,3,1,63,5,1,2,00,2,4,1,201700019858B01,7,1,1
201700019858,2017-11-22,2017,novembre,mercredi,10:00,79,79079,46.94906,-0.87161,1,1,4,1,7,4,2,02,1,1,000,035,1,0,1,4,1,61,0,1,2,00,2,4,1,201700019858C01,7,1,1
201700019923,2017-02-13,2017,février,lundi,17:15,76,76482,49.8598,1.04288,1,1,2,1,7,3,-1,02,1,1,000,000,1,0,1,3,1,57,5,1,2,00,0,4,1,201700019923B01,7,1,1
201700019940,2017-01-14,2017,janvier,samedi,91:5,76,76002,49.60109,0.62108,1,1,3,1,1,3,2,02,1,1,000,000,1,0,0,4,1,48,5,1,9,00,0,8,2,201700019940B01,7,17,1
201700019942,2017-06-06,2017,juin,mardi,16:30,76,76281,49.5249,0.58194,1,2,3,1,6,3,2,03,1,-1,012,410,1,,,3,1,44,1,1,2,00,0,8,19,201700019942B01,7,15,1
201700019945,2017-03-21,2017,mars,mardi,14:10,76,76606,49.77309,1.70874,1,1,2,1,1,3,2,02,1,1,000,060,1,0,1,3,1,83,5,1,2,00,0,4,2,201700019945B01,7,2,1
201700019948,2017-06-13,2017,juin,mardi,15:05,76,76598,49.82497,1.61978,1,1,3,1,1,3,2,02,1,1,000,000,1,0,1,4,1,52,5,1,2,00,2,8,2,201700019948A01,7,17,1
201700019951,2017-08-10,2017,août,jeudi,12:10,76,76101,49.9303,1.63841,2,3,3,1,1,3,2,02,1,-1,007,515,1,,,4,1,23,1,1,9,00,2,8,15,201700019951B01,7,1,1
201700019966,2017-08-26,2017,août,samedi,13:45,76,76728,49.48194,0.99411,1,1,5,1,1,3,2,02,1,1,000,065,1,0,1,3,1,61,5,1,2,13,2,8,2,201700019966A01,7,17,1
201700019966,2017-08-26,2017,août,samedi,13:45,76,76728,49.48194,0.99411,1,1,5,1,1,3,2,02,1,1,000,065,1,0,1,4,1,60,5,1,2,13,2,8,2,201700019966C01,7,17,1
201700020011,2017-05-31,2017,mai,mercredi,17:30,67,67066,48.46027,7.17322,1,1,7,1,1,3,2,02,2,3,000,000,1,0,1,3,2,70,5,1,2,00,0,0,1,201700020011A01,,,
201700020026,2017-08-16,2017,août,mercredi,15:30,67,67191,49.02568,7.09757,1,1,7,1,7,3,2,02,1,1,000,050,1,0,1,3,1,53,5,1,2,00,0,0,21,201700020026A01,,,
201700020027,2017-09-21,2017,septembre,jeudi,91:0,67,67355,49.00485,7.10859,1,1,5,1,1,3,2,02,1,1,000,000,1,0,1,3,1,62,5,1,2,16,2,6,2,201700020027C01,10,17,1
201700020027,2017-09-21,2017,septembre,jeudi,91:0,67,67355,49.00485,7.10859,1,1,5,1,1,3,2,02,1,1,000,000,1,0,1,3,1,66,5,1,2,16,2,6,2,201700020027B01,10,17,1
201700020029,2017-10-15,2017,octobre,dimanche,17:00,67,67355,49.00073,7.12763,2,1,2,1,1,4,2,02,2,1,000,000,1,0,1,3,1,44,5,1,2,00,2,1,2,201700020029B01,7,3,1
201700020092,2017-06-03,2017,juin,samedi,15:30,74,74120,46.05238,6.21694,1,1,7,1,1,3,2,02,2,1,000,050,1,0,1,4,1,60,5,1,2,00,0,0,1,201700020092B01,1,1,1
201700020092,2017-06-03,2017,juin,samedi,15:30,74,74120,46.05238,6.21694,1,1,7,1,1,3,2,02,2,1,000,050,1,0,1,3,2,61,5,1,2,00,9,0,1,201700020092A01,1,1,1
201700020113,2017-06-10,2017,juin,samedi,15:55,74,74275,45.83697,6.21692,2,6,3,1,1,3,2,02,4,-1,000,015,1,5,1,4,1,36,5,1,2,00,2,1,1,201700020113B01,7,9,1
201700020122,2017-08-13,2017,août,dimanche,11:15,74,74275,45.82844,6.22103,2,3,2,1,1,3,2,02,2,-1,011,010,1,0,1,3,2,50,5,1,2,00,2,4,2,201700020122B01,7,16,1
201700020123,2017-08-14,2017,août,lundi,11:30,74,74267,45.85551,6.13807,1,1,6,1,1,9,2,02,1,1,000,000,1,0,5,3,1,65,5,1,2,00,0,1,1,201700020123B01,1,17,1
201700020124,2017-08-27,2017,août,dimanche,10:40,74,74148,45.77465,6.1187,1,1,1,1,1,3,2,02,2,2,000,000,1,0,1,3,1,38,5,1,2,00,2,1,13,201700020124A01,7,1,1
201700020127,2017-09-29,2017,septembre,vendredi,15:00,74,74108,45.8234,6.20818,1,1,6,1,1,9,2,02,1,2,000,030,1,0,5,4,1,45,5,1,2,01,0,1,1,201700020127B01,,,
201700020153,2017-12-14,2017,décembre,jeudi,74:5,74,74255,45.87016,5.96157,1,3,3,2,2,3,2,02,2,-1,000,020,1,0,1,3,1,15,2,1,9,00,0,4,2,201700020153B01,7,2,1
201700020154,2017-03-16,2017,mars,jeudi,17:50,74,74164,46.08945,6.50544,2,1,3,1,1,3,2,02,1,1,000,000,1,0,1,4,1,11,5,1,2,00,2,5,19,201700020154B01,10,1,1
201700020159,2017-06-18,2017,juin,dimanche,12:15,74,74183,46.14078,6.5365,2,1,3,1,1,3,2,02,2,-1,006,015,1,0,1,3,1,29,5,1,2,00,2,1,1,201700020159B01,7,0,1
201700020167,2017-03-30,2017,mars,jeudi,61:0,74,74262,46.12337,6.31119,1,2,3,5,1,3,2,02,1,-1,006,010,1,0,1,3,1,40,1,1,2,00,2,8,15,201700020167B01,33,17,1
201700020194,2017-03-13,2017,mars,lundi,18:45,74,74173,45.85848,6.62067,2,3,7,5,1,3,2,02,1,1,,,1,0,1,3,1,65,5,1,2,10,0,1,1,201700020194A01,,,
201700020206,2017-06-18,2017,juin,dimanche,11:30,74,74236,45.90737,6.712,1,3,3,1,1,3,2,02,2,1,000,000,1,0,1,3,1,23,5,1,2,00,2,7,21,201700020206B01,7,15,1
201700020215,2017-07-20,2017,juillet,jeudi,13:27,59,59358,50.92412,2.24653,1,1,1,1,1,4,2,02,2,1,000,032,2,0,1,3,1,39,5,1,2,00,2,1,16,201700020215A01,7,1,1
201700020237,2017-08-26,2017,août,samedi,11:20,59,59580,50.81968,2.53383,1,4,5,1,1,4,,,,,,,,,,4,1,36,5,1,2,00,2,1,1,201700020237C01,7,15,1
201700020237,2017-08-26,2017,août,samedi,11:20,59,59580,50.81968,2.53383,1,4,5,1,1,4,,,,,,,,,,3,1,44,5,1,2,00,2,1,1,201700020237B01,7,15,1
201700020238,2017-11-19,2017,novembre,dimanche,12:15,59,59587,50.80094,2.55182,1,1,6,1,1,4,2,02,1,1,000,035,1,0,3,2,1,77,5,1,2,13,0,1,1,201700020238A01,,,
201700020249,2017-04-26,2017,avril,mercredi,13:00,56,56164,47.66668,-2.8009,2,1,3,1,1,4,2,02,1,-1,000,000,1,0,1,4,1,57,1,1,2,00,0,6,15,201700020249B01,7,17,1
201700020254,2017-07-28,2017,juillet,vendredi,16:00,56,56206,47.71377,-2.75273,2,3,3,1,1,4,-1,00,2,1,,,1,0,0,4,1,15,5,1,9,00,2,1,1,201700020254B01,10,1,1
201700020255,2017-09-13,2017,septembre,mercredi,91:5,56,56003,47.62639,-2.82914,2,6,1,1,2,3,2,02,1,-1,006,020,1,5,1,3,2,49,5,1,4,00,2,7,1,201700020255B01,7,9,1
201700020285,2017-05-10,2017,mai,mercredi,15:00,56,56109,47.61591,-2.53905,1,1,7,1,1,3,2,02,2,1,025,025,1,0,1,3,1,71,5,1,2,00,0,0,1,201700020285A01,,,
201700020290,2017-11-07,2017,novembre,mardi,75:0,56,56231,47.69007,-2.67146,1,1,3,2,1,3,2,02,2,1,000,000,1,0,1,3,1,19,1,1,2,00,0,4,1,201700020290B01,10,2,1
201700020297,2017-05-27,2017,mai,samedi,11:45,56,56243,47.64963,-2.71627,2,4,3,1,1,3,2,02,1,-1,005,015,1,0,1,3,1,73,5,1,2,00,2,1,1,201700020297B01,7,0,1
201700020302,2017-08-13,2017,août,dimanche,12:40,56,56005,47.54124,-2.87866,2,9,3,1,1,3,2,02,1,-1,000,010,1,,,3,1,71,5,1,2,00,0,8,19,201700020302B01,7,1,1
201700020309,2017-07-19,2017,juillet,mercredi,12:00,56,56116,47.56005,-2.93726,2,4,3,1,1,4,1,01,1,1,,,1,0,0,3,1,63,5,1,2,00,2,8,1,201700020309B01,7,16,1
201700020312,2017-08-14,2017,août,lundi,94:5,56,56186,47.47767,-3.12874,2,6,3,1,1,3,4,02,1,2,000,015,1,5,1,3,2,75,3,1,9,00,2,3,1,201700020312A01,3,16,1
201700020313,2017-08-20,2017,août,dimanche,17:35,56,56186,47.48283,-3.09724,1,1,6,1,1,4,2,02,1,-1,000,000,1,0,5,1,1,73,5,1,2,00,1,2,17,201700020313A01,,,
201700020313,2017-08-20,2017,août,dimanche,17:35,56,56186,47.48283,-3.09724,1,1,6,1,1,4,2,02,1,-1,000,000,1,0,5,3,2,54,5,1,9,00,1,2,17,201700020313A01,,,
201700020315,2017-09-07,2017,septembre,jeudi,10:00,56,56234,47.52751,-3.14368,2,1,3,1,1,4,2,02,1,4,000,056,1,0,1,4,1,70,5,1,2,00,2,0,1,201700020315B01,10,17,1
201700020329,2017-04-23,2017,avril,dimanche,10:30,56,56096,47.74729,-3.07689,2,2,1,1,1,3,2,02,3,-1,000,010,1,,,3,1,53,5,1,2,00,2,1,1,201700020329B01,7,15,1
201700020331,2017-05-01,2017,mai,lundi,12:00,56,56177,47.75948,-3.02093,1,1,2,1,1,3,2,02,1,1,000,000,1,0,1,3,1,67,5,1,2,00,0,4,1,201700020331B01,7,1,1
201700020352,2017-02-14,2017,février,mardi,16:15,56,56078,47.8059,-3.45815,1,3,3,1,1,2,1,01,1,-1,004,013,1,3,1,3,1,44,5,1,2,00,2,1,1,201700020352B01,10,9,1
201700020356,2017-04-20,2017,avril,jeudi,16:10,56,56078,47.75468,-3.50833,1,1,7,1,1,4,2,02,1,-1,000,000,1,0,3,3,1,53,5,1,9,00,0,0,1,201700020356A01,,,
201700020360,2017-05-26,2017,mai,vendredi,10:00,56,56179,47.8221,-3.41191,1,2,3,1,1,4,-1,00,1,1,,,1,0,0,4,1,24,5,1,2,00,2,1,1,201700020360B01,7,1,1
201700020363,2017-06-25,2017,juin,dimanche,11:00,56,56166,47.90677,-3.33591,2,1,3,1,1,3,2,02,2,1,000,050,1,0,1,3,1,16,5,1,2,00,2,1,5,201700020363B01,7,15,1
201700020378,2017-11-23,2017,novembre,jeudi,18:45,56,56040,47.85213,-3.31652,1,1,2,3,3,3,2,02,1,-1,000,000,2,0,1,2,1,48,0,1,4,00,0,4,2,201700020378B01,7,2,1
201700020384,2017-04-18,2017,avril,mardi,11:20,56,56013,47.66557,-3.17992,2,1,3,1,1,3,2,02,2,1,000,000,1,0,1,3,2,63,5,1,2,00,2,2,13,201700020384A01,33,1,1
201700020386,2017-05-24,2017,mai,mercredi,10:00,56,56054,47.64652,-3.15965,2,6,3,1,1,3,2,02,1,-1,006,015,1,,,3,1,71,5,1,2,00,2,1,1,201700020386B01,7,9,1
201700020391,2017-09-18,2017,septembre,lundi,10:15,56,56062,47.69735,-3.34995,2,2,3,1,1,4,,,1,1,,,1,0,0,3,1,92,5,1,2,00,2,1,16,201700020391A01,7,1,1
201700020393,2017-10-04,2017,octobre,mercredi,12:50,56,56130,47.73466,-3.2383,2,1,3,1,1,3,2,02,1,1,000,000,1,0,1,3,1,46,5,1,2,00,2,2,1,201700020393B01,7,16,1
201700020414,2017-03-08,2017,mars,mercredi,15:50,56,56006,47.92226,-2.30257,1,1,6,1,1,3,2,02,2,3,000,065,1,0,1,3,1,17,5,1,2,00,2,8,1,201700020414B01,7,13,1
201700020443,2017-08-06,2017,août,dimanche,10:10,56,56198,48.07964,-2.76024,1,1,2,1,1,3,2,02,1,-1,000,000,1,0,1,3,1,83,5,1,2,00,0,6,1,201700020443B01,7,1,1
201700020448,2017-11-18,2017,novembre,samedi,11:00,56,56047,48.04885,-2.73999,1,1,3,1,1,4,2,02,1,1,000,000,1,0,3,2,2,44,5,1,2,00,2,8,1,201700020448B01,21,1,1
201700020505,2017-09-09,2017,septembre,samedi,16:40,19,19194,45.331,1.68716,1,1,3,1,1,3,2,02,2,1,000,000,2,0,1,3,1,17,5,1,2,00,2,6,2,201700020505A01,7,2,1
201700020513,2017-08-03,2017,août,jeudi,20:45,19,19229,45.14288,1.45461,2,1,7,1,1,4,2,02,2,1,000,000,1,0,1,3,1,15,5,1,2,00,0,3,1,201700020513A01,,,
201700020545,2017-05-16,2017,mai,mardi,21:50,19,19241,45.69348,2.09579,2,1,3,2,1,3,2,02,1,1,000,051,1,0,1,3,1,9,5,1,2,00,2,3,9,201700020545B01,7,1,1
201700020547,2017-04-06,2017,avril,jeudi,15:45,59,59474,50.08177,3.76458,2,3,3,1,1,3,2,02,1,-1,000,010,1,,,3,1,19,5,1,2,00,2,8,19,201700020547A01,7,1,1
201700020560,2017-10-11,2017,octobre,mercredi,17:05,59,59525,50.09205,4.00483,2,3,6,1,1,4,1,01,1,-1,000,010,1,,,3,1,79,0,1,2,00,2,1,11,201700020560B01,7,1,1
201700020597,2017-08-10,2017,août,jeudi,84:5,51,51634,48.95872,4.2675,2,1,6,1,1,3,2,02,1,-1,000,000,1,0,1,3,1,48,0,1,2,01,0,1,0,201700020597B01,7,0,1
201700020599,2017-09-03,2017,septembre,dimanche,12:30,51,51149,48.91536,4.47216,2,2,3,1,1,3,2,02,1,,000,080,1,0,1,3,1,64,5,1,2,00,2,8,0,201700020599B01,7,19,1
201700020634,2017-10-12,2017,octobre,jeudi,16:00,51,51007,49.09511,4.17624,1,1,7,1,1,3,2,02,2,2,000,063,1,0,1,2,1,67,5,1,2,00,0,1,1,201700020634A01,,,
201700020635,2017-10-20,2017,octobre,vendredi,17:15,51,51643,49.00934,3.90551,2,1,3,1,1,3,2,02,1,1,000,077,1,0,1,3,1,46,5,1,2,00,2,8,2,201700020635B01,7,2,1
201700020661,2017-05-28,2017,mai,dimanche,19:50,51,51440,49.29824,4.32354,2,1,3,1,1,3,2,02,1,-1,006,610,1,,,3,2,77,5,1,2,00,2,7,15,201700020661A01,7,1,1
201700020679,2017-05-21,2017,mai,dimanche,11:27,62,62448,50.66125,1.67509,2,1,1,1,1,3,2,02,4,1,000,000,1,2,1,3,1,53,5,1,2,00,2,3,13,201700020679A01,7,1,1
201700020691,2017-02-16,2017,février,jeudi,18:40,91,91553,48.63043,2.49193,2,3,3,5,2,4,1,01,1,1,000,020,4,,1,3,2,44,1,1,2,00,2,7,1,201700020691B01,7,15,1
201700020695,2017-05-02,2017,mai,mardi,74:5,91,91225,48.6384,2.45958,2,6,3,2,2,3,1,02,1,2,008,025,2,,1,4,1,20,2,1,2,00,2,1,1,201700020695B01,7,9,1
201700020720,2017-06-13,2017,juin,mardi,17:50,91,91272,48.69798,2.12296,2,6,3,1,1,3,1,01,1,2,000,015,1,,1,4,2,54,5,1,2,00,2,1,1,201700020720A01,7,9,1
201700020738,2017-08-20,2017,août,dimanche,11:00,95,95365,49.0686,2.4348,1,3,1,1,1,3,2,02,1,1,,,1,5,1,2,1,71,5,1,2,00,2,1,15,201700020738B01,7,15,1
201700020749,2017-06-27,2017,juin,mardi,12:05,89,89239,48.17017,3.34212,2,2,3,1,1,3,2,02,1,-1,000,010,1,,,4,1,54,5,1,2,00,2,1,15,201700020749B01,7,1,1
201700020752,2017-08-23,2017,août,mercredi,85:5,89,89291,48.10841,3.28506,1,1,3,1,1,3,2,02,3,3,000,000,1,0,1,3,1,58,5,1,4,00,2,8,1,201700020752B01,7,1,1
201700020760,2017-06-13,2017,juin,mardi,16:15,04,04161,44.4195,6.44607,1,1,2,1,1,3,1,02,1,1,000,073,1,0,1,3,1,54,5,1,2,00,2,1,2,201700020760A01,1,2,1
201700020760,2017-06-13,2017,juin,mardi,16:15,04,04161,44.4195,6.44607,1,1,2,1,1,3,1,02,1,1,000,073,1,0,1,1,1,29,5,1,2,00,2,4,2,201700020760B01,1,2,1
201700020773,2017-08-30,2017,août,mercredi,17:00,57,57552,49.04825,6.18446,2,4,3,1,1,4,2,02,2,,000,000,1,5,0,2,1,16,5,1,2,00,2,8,16,201700020773B01,38,1,1
201700020816,2017-08-01,2017,août,mardi,17:00,57,57064,48.80181,7.24241,2,3,3,1,1,3,2,02,2,,000,079,1,0,1,3,1,11,5,1,2,00,2,1,5,201700020816A01,10,1,1
201700020835,2017-04-09,2017,avril,dimanche,16:45,57,57628,49.00915,6.99411,1,9,3,1,1,3,2,02,2,-1,007,710,1,,,2,1,31,5,1,2,00,0,8,15,201700020835B01,7,17,1
201700020873,2017-08-24,2017,août,jeudi,17:50,31,31588,43.52626,1.33517,2,2,1,1,1,4,2,02,1,-1,017,815,5,,,3,1,67,0,1,2,00,2,1,1,201700020873B01,7,16,1
201700020892,2017-04-16,2017,avril,dimanche,95:5,62,62297,50.81336,2.17458,2,4,2,1,1,3,2,02,,,,,,,,3,1,58,5,1,2,00,2,4,2,201700020892B01,7,9,1
201700020907,2017-05-21,2017,mai,dimanche,10:20,83,83125,43.52587,5.8647,1,1,3,1,1,3,2,02,1,2,000,035,1,0,1,3,1,51,5,1,2,00,0,1,1,201700020907B01,7,1,1
201700020924,2017-03-22,2017,mars,mercredi,18:10,83,83067,43.32037,6.28572,2,1,3,1,1,3,2,02,1,-1,000,010,1,,,3,1,45,5,1,2,00,2,7,17,201700020924A01,7,15,1
201700020926,2017-04-12,2017,avril,mercredi,14:21,83,83026,43.44493,6.20761,1,1,2,1,1,3,2,02,1,4,000,066,1,0,1,3,1,34,5,1,2,00,2,1,21,201700020926A01,7,2,1
201700020927,2017-04-13,2017,avril,jeudi,17:00,83,83018,43.34628,6.17985,1,1,3,1,1,3,2,02,2,1,030,060,1,0,1,4,1,69,5,1,2,00,0,8,1,201700020927B01,7,17,1
201700020932,2017-07-11,2017,juillet,mardi,11:00,83,83092,43.29969,6.22829,2,1,3,1,1,3,3,02,1,-1,011,010,1,,,3,1,67,5,1,9,00,2,7,15,201700020932B01,7,0,1
201700020943,2017-04-08,2017,avril,samedi,18:45,74,74171,46.31299,6.33897,2,1,1,1,1,3,2,02,2,4,000,000,1,0,1,3,2,34,5,1,2,00,2,1,13,201700020943B01,7,1,1
201700020957,2017-09-21,2017,septembre,jeudi,17:50,74,74070,46.29116,6.27131,1,1,2,1,1,3,2,02,1,1,000,070,1,0,1,3,1,43,1,1,2,00,2,4,1,201700020957B01,7,2,1
201700020987,2017-05-17,2017,mai,mercredi,14:15,16,16374,45.64189,0.18564,2,3,3,1,1,4,1,01,4,1,000,063,1,0,1,3,1,15,5,1,9,00,2,1,15,201700020987B01,7,1,1
201700020995,2017-09-27,2017,septembre,mercredi,16:00,16,16166,45.67333,0.19077,1,1,3,1,1,3,2,02,2,2,000,070,1,0,1,3,1,88,5,1,2,00,2,6,10,201700020995B01,7,2,1
201700021002,2017-08-02,2017,août,mercredi,16:55,16,16102,45.68779,-0.31444,2,2,3,1,1,4,2,02,1,1,000,052,1,0,1,2,2,62,1,1,2,00,2,8,0,201700021002B01,7,1,1
201700021007,2017-10-04,2017,octobre,mercredi,15:45,16,16102,45.69,-0.32026,2,1,6,1,1,4,2,02,1,1,000,054,1,0,1,3,2,70,5,1,2,00,2,3,1,201700021007B01,7,17,1
201700021008,2017-10-14,2017,octobre,samedi,21:20,16,16102,45.69317,-0.32566,2,4,3,5,1,4,1,01,2,2,000,040,1,0,1,4,1,26,5,1,9,00,2,1,19,201700021008B01,7,1,1
201700021011,2017-12-04,2017,décembre,lundi,15:25,16,16089,45.67882,-0.31131,2,6,2,1,1,3,1,02,1,2,100,070,1,0,1,4,2,69,3,1,2,00,2,1,16,201700021011B01,7,9,1
201700021030,2017-02-10,2017,février,vendredi,74:0,59,59301,50.49497,3.55082,2,1,3,1,1,4,2,02,2,-1,000,000,1,0,1,4,2,44,3,1,4,00,2,1,0,201700021030B01,7,15,1
201700021037,2017-09-13,2017,septembre,mercredi,13:40,66,66189,42.65845,2.95399,2,9,3,1,1,4,2,02,1,-1,000,015,1,,,3,1,66,5,1,2,00,2,1,1,201700021037B01,7,15,1
201700021040,2017-01-04,2017,janvier,mercredi,84:5,17,17299,45.94776,-0.97633,2,1,7,1,1,4,2,02,1,1,000,060,7,0,5,4,2,53,1,1,4,12,0,7,0,201700021040A01,,,
201700021045,2017-02-16,2017,février,jeudi,14:45,17,17299,45.93592,-0.96911,2,4,6,1,1,4,2,02,1,1,000,039,1,0,1,4,1,84,5,1,4,00,2,8,15,201700021045A01,,,
201700021050,2017-04-07,2017,avril,vendredi,17:40,17,17299,45.92564,-0.95998,2,2,3,1,1,4,2,02,1,2,000,080,1,5,1,4,1,79,5,1,4,00,2,0,0,201700021050A01,7,9,1
201700021053,2017-05-17,2017,mai,mercredi,84:5,17,17299,45.93709,-0.98285,2,6,3,1,1,4,1,01,1,3,000,075,1,0,1,4,2,53,3,1,4,00,2,1,9,201700021053A01,7,15,1
201700021054,2017-06-02,2017,juin,vendredi,15:40,17,17449,45.94436,-0.89324,2,1,3,1,1,4,2,02,2,1,000,050,1,0,1,3,1,19,5,1,2,00,2,2,19,201700021054B01,7,21,1
201700021058,2017-08-03,2017,août,jeudi,71:0,17,17299,45.94337,-0.96031,2,6,3,2,1,4,1,01,1,2,000,049,1,0,1,4,1,42,1,1,9,00,2,5,16,201700021058B01,7,16,1
201700021074,2017-01-04,2017,janvier,mercredi,12:13,17,17300,46.1591,-1.18278,2,2,6,1,1,4,2,02,1,1,000,058,1,0,1,4,1,6,5,1,2,00,2,1,1,201700021074B01,7,2,1
201700021086,2017-01-26,2017,janvier,jeudi,75:0,17,17300,46.1665,-1.15321,2,3,3,2,1,4,2,04,1,1,026,011,1,0,1,4,1,13,2,1,2,00,2,1,19,201700021086B01,7,15,1