Num_Acc,date,an,mois,jour,hrmn,dep,com,lat,long,agg,int,col,lum,atm,catr,circ,nbv,prof,plan,lartpc,larrout,surf,infra,situ,grav,sexe,age,trajet,secuexist,equipement,obs,obsm,choc,manv,vehiculeid,typevehicules,manoeuvehicules,numVehicules
201700021096,2017-02-02,2017,février,jeudi,75:5,17,17300,46.16174,-1.15284,2,3,3,5,2,4,1,02,1,1,000,061,2,0,5,4,1,54,1,1,9,00,2,8,2,201700021096B01,7,10,1
201700021106,2017-02-10,2017,février,vendredi,70:5,17,17300,46.16145,-1.13972,2,6,3,5,1,4,2,02,1,1,000,072,1,0,1,4,1,35,1,1,2,00,2,7,2,201700021106B01,7,9,1
201700021108,2017-02-13,2017,février,lundi,20:15,17,17300,46.14601,-1.15241,2,6,3,5,1,4,2,02,1,1,000,063,2,0,1,4,2,20,5,1,2,00,2,2,1,201700021108B01,7,9,1
201700021121,2017-03-06,2017,mars,lundi,15:15,17,17300,46.1388,-1.15455,2,6,3,1,6,4,1,02,2,3,000,071,1,0,5,4,2,22,2,1,9,00,2,4,1,201700021121B01,7,9,1
201700021124,2017-03-10,2017,mars,vendredi,14:15,17,17300,46.16483,-1.20419,2,1,3,1,1,4,2,02,1,1,000,053,1,0,1,4,1,29,5,1,9,00,2,1,9,201700021124B01,7,1,1
201700021128,2017-03-13,2017,mars,lundi,93:0,17,17300,46.1691,-1.1499,2,6,3,1,2,4,1,02,1,1,000,082,2,0,5,4,2,37,1,1,2,00,2,8,1,201700021128B01,7,16,1
201700021130,2017-03-14,2017,mars,mardi,18:16,17,17300,46.15945,-1.20001,2,3,3,1,1,4,2,02,1,1,000,096,1,0,1,3,2,69,5,1,9,00,2,1,1,201700021130B01,7,15,1
201700021142,2017-04-10,2017,avril,lundi,16:00,17,17300,46.16812,-1.1326,2,1,3,1,1,4,3,04,2,1,019,132,1,0,1,4,2,81,5,1,2,00,2,8,1,201700021142B01,7,20,1
201700021149,2017-04-21,2017,avril,vendredi,85:0,17,17300,46.14147,-1.13887,2,1,3,1,1,4,2,02,1,1,000,088,1,0,5,3,2,53,5,1,9,00,2,1,1,201700021149B01,7,16,1
201700021150,2017-04-22,2017,avril,samedi,11:40,17,17300,46.15485,-1.13581,2,2,3,1,1,4,2,04,1,1,000,117,1,0,1,4,1,20,1,1,2,00,2,1,1,201700021150A01,7,1,1
201700021151,2017-04-23,2017,avril,dimanche,19:50,17,17300,46.15887,-1.14645,2,2,3,1,1,4,1,02,1,1,,039,1,0,1,3,1,14,5,1,2,00,2,7,1,201700021151B01,7,1,1
201700021159,2017-05-04,2017,mai,jeudi,75:5,17,17300,46.15298,-1.14888,2,2,3,1,1,4,2,02,2,1,000,107,1,0,1,4,2,21,1,1,2,00,2,3,5,201700021159A01,7,1,1
201700021160,2017-05-05,2017,mai,vendredi,17:30,17,17300,46.17583,-1.17493,1,1,1,1,1,4,2,02,1,1,000,041,1,0,1,4,1,73,5,1,2,02,0,1,21,201700021160B01,30,21,1
201700021164,2017-05-09,2017,mai,mardi,17:55,17,17300,46.16265,-1.15397,2,1,3,1,1,6,-1,00,1,1,000,000,1,0,1,4,1,26,5,1,9,00,2,1,1,201700021164A01,7,1,1
201700021170,2017-05-22,2017,mai,lundi,17:44,17,17300,46.16331,-1.18205,2,2,3,1,1,4,2,02,2,1,000,056,1,0,1,4,1,15,2,1,2,00,2,8,0,201700021170B01,7,1,1
201700021171,2017-05-23,2017,mai,mardi,82:9,17,17300,46.16914,-1.1465,2,1,3,1,1,4,3,02,1,1,048,070,1,0,1,4,1,19,2,1,2,00,2,7,19,201700021171A01,7,1,1
201700021172,2017-05-24,2017,mai,mercredi,84:5,17,17300,46.15869,-1.15953,2,2,3,1,1,4,2,02,1,1,000,106,1,0,1,4,2,49,1,1,4,00,2,8,2,201700021172A01,7,15,1
201700021175,2017-05-27,2017,mai,samedi,83:4,17,17300,46.16222,-1.14223,2,3,3,1,1,4,2,02,1,1,000,078,1,0,1,3,1,81,5,1,2,00,2,1,1,201700021175B01,7,15,1
201700021176,2017-05-30,2017,mai,mardi,82:6,17,17300,46.15381,-1.18378,2,9,3,1,1,4,2,02,1,1,000,000,1,0,1,4,1,20,5,1,2,00,2,8,19,201700021176B01,13,1,1
201700021185,2017-06-14,2017,juin,mercredi,75:0,17,17300,46.16727,-1.19505,2,2,2,1,1,4,2,02,1,1,000,071,1,0,1,3,1,13,2,1,2,00,2,1,2,201700021185A01,7,2,1
201700021188,2017-06-17,2017,juin,samedi,10:05,17,17300,46.1612,-1.15305,2,3,3,1,1,4,1,01,1,1,000,033,1,0,1,3,1,60,5,1,2,00,2,7,1,201700021188B01,7,15,1
201700021189,2017-06-17,2017,juin,samedi,19:09,17,17300,46.14181,-1.13985,1,1,1,1,1,4,1,01,1,1,000,032,1,0,1,4,1,70,5,1,2,00,2,1,2,201700021189B01,7,2,1
201700021194,2017-06-28,2017,juin,mercredi,16:00,17,17300,46.16776,-1.18299,2,3,3,1,2,4,2,02,1,1,000,048,2,0,1,4,2,18,5,1,2,00,2,1,21,201700021194B01,7,16,1
201700021198,2017-07-07,2017,juillet,vendredi,12:55,17,17300,46.16038,-1.15568,2,3,3,1,1,4,2,01,1,-1,000,075,1,0,1,4,2,86,5,1,2,00,2,8,9,201700021198B01,31,1,1
201700021210,2017-07-23,2017,juillet,dimanche,11:50,17,17300,46.16722,-1.17773,2,2,3,1,1,4,2,02,1,3,000,066,1,0,1,3,2,53,5,1,9,06,2,8,2,201700021210B01,7,2,1
201700021211,2017-07-23,2017,juillet,dimanche,14:50,17,17300,46.15187,-1.14056,2,1,1,1,1,4,2,02,1,3,000,040,1,0,1,3,1,15,5,1,2,00,2,1,13,201700021211B01,7,19,1
201700021212,2017-07-24,2017,juillet,lundi,11:10,17,17300,46.14094,-1.15754,2,1,3,1,1,4,2,02,1,1,000,065,1,0,5,4,2,54,5,1,2,06,2,8,2,201700021212B01,10,2,1
201700021218,2017-08-10,2017,août,jeudi,91:0,17,17300,46.16341,-1.16942,2,1,3,1,1,4,1,01,1,1,000,039,1,0,1,4,1,19,2,1,2,00,2,1,21,201700021218B01,10,16,1
201700021221,2017-08-14,2017,août,lundi,13:10,17,17300,46.14998,-1.20608,2,1,3,1,1,4,2,02,1,1,000,070,1,0,1,4,1,87,5,1,2,00,2,8,2,201700021221B01,7,16,1
201700021226,2017-08-21,2017,août,lundi,84:5,17,17300,46.15939,-1.16364,2,1,3,1,7,4,2,02,1,1,000,074,1,0,5,4,1,20,1,1,2,00,2,1,1,201700021226B01,7,15,1
201700021227,2017-08-22,2017,août,mardi,83:0,17,17300,46.16224,-1.14225,2,3,3,1,1,4,2,02,1,1,000,084,1,0,1,4,1,41,1,1,2,00,2,1,0,201700021227B01,7,15,1
201700021228,2017-08-22,2017,août,mardi,14:00,17,17300,46.16169,-1.20276,2,6,3,1,1,4,2,02,1,1,000,080,1,0,1,4,1,46,4,1,2,00,2,8,2,201700021228B01,7,2,1
201700021229,2017-08-24,2017,août,jeudi,85:5,17,17300,46.16768,-1.14027,2,1,3,1,1,4,1,01,1,1,000,046,1,0,5,3,1,31,1,1,2,00,2,2,1,201700021229B01,7,20,1
201700021236,2017-09-04,2017,septembre,lundi,91:5,17,17291,46.17762,-1.11656,2,6,3,1,1,4,2,02,1,1,,025,1,0,1,4,1,34,5,1,2,00,2,7,1,201700021236B01,7,9,1
201700021248,2017-09-28,2017,septembre,jeudi,15:30,17,17300,46.1584,-1.1507,2,1,1,1,1,4,1,02,1,1,000,084,1,0,1,4,1,39,1,1,9,00,2,1,7,201700021248B01,7,8,1
201700021250,2017-09-29,2017,septembre,vendredi,85:0,17,17300,46.16617,-1.15103,2,1,4,1,1,4,1,01,1,1,000,050,1,0,1,4,1,21,2,1,2,00,2,4,13,201700021250A01,10/ 7,22/2,2
201700021253,2017-10-03,2017,octobre,mardi,75:5,17,17300,46.15691,1.11942,2,1,3,2,8,4,2,02,1,3,000,093,2,0,1,4,2,13,2,1,2,00,2,1,19,201700021253B01,7,1,1
201700021264,2017-10-12,2017,octobre,jeudi,13:15,17,17300,46.16253,-1.18223,2,4,3,1,1,4,2,02,3,1,000,071,1,0,1,4,1,58,1,1,2,00,2,6,1,201700021264B01,7,1,1
201700021266,2017-10-12,2017,octobre,jeudi,17:30,17,17300,46.14098,1.14129,2,3,3,1,1,3,2,02,1,1,000,042,1,0,1,4,1,18,5,1,2,00,2,1,2,201700021266B01,7,15,1
201700021267,2017-10-12,2017,octobre,jeudi,18:05,17,17200,46.18795,-1.16041,2,1,2,1,1,4,2,02,2,1,000,049,1,0,1,4,1,35,5,1,2,00,2,4,1,201700021267B01,7,2,1
201700021268,2017-10-14,2017,octobre,samedi,14:09,17,17300,46.13977,-1.1452,2,6,1,1,1,4,1,01,1,2,000,078,1,5,1,3,1,95,5,1,2,00,2,1,5,201700021268A01,7,1,1
201700021272,2017-10-17,2017,octobre,mardi,16:30,17,17300,46.16087,-1.1231,2,1,3,1,1,4,2,02,1,2,000,074,1,0,1,3,1,15,2,1,2,00,2,8,15,201700021272B01,7,15,1
201700021275,2017-10-19,2017,octobre,jeudi,15:05,17,17200,46.19021,-1.1466,2,6,2,1,1,3,1,02,1,1,000,089,1,0,1,3,1,55,1,1,9,00,2,1,2,201700021275A01,7,2,1
201700021285,2017-10-31,2017,octobre,mardi,14:44,17,17300,46.16004,-1.15346,2,1,6,1,1,4,1,01,2,1,000,048,1,0,5,4,1,20,1,1,9,00,1,1,1,201700021285A01,,,
201700021288,2017-11-03,2017,novembre,vendredi,81:0,17,17300,46.16245,-1.15922,2,1,6,1,1,4,2,02,1,1,000,120,1,0,5,4,2,37,0,1,2,00,2,8,1,201700021288A01,,,
201700021291,2017-11-09,2017,novembre,jeudi,75:0,17,17300,46.16367,-1.1712,2,3,3,1,1,4,2,02,1,1,000,082,1,0,1,4,1,16,2,1,9,00,2,1,1,201700021291B01,7,15,1
201700021294,2017-11-14,2017,novembre,mardi,17:10,17,17300,46.16277,-1.15236,2,3,3,1,1,4,1,01,1,1,000,058,1,0,5,3,2,58,1,1,9,00,2,2,1,201700021294B01,1,15,1
201700021294,2017-11-14,2017,novembre,mardi,17:10,17,17300,46.16277,-1.15236,2,3,3,1,1,4,1,01,1,1,000,058,1,0,5,4,1,14,2,1,9,00,2,2,15,201700021294A01,1,1,1
201700021295,2017-11-15,2017,novembre,mercredi,14:55,17,17300,46.16551,-1.18891,2,3,3,1,1,4,2,02,1,1,000,060,1,0,1,4,2,45,5,1,4,00,2,0,15,201700021295B01,7,17,1
201700021297,2017-11-18,2017,novembre,samedi,13:00,17,17300,46.16449,-1.1818,2,6,3,1,1,4,3,02,1,1,000,029,1,5,1,3,1,20,5,1,9,00,2,7,1,201700021297B01,7,1,1
201700021304,2017-11-28,2017,novembre,mardi,82:2,17,17300,46.16003,-1.14784,2,1,1,1,3,6,-1,00,1,1,000,000,2,0,1,3,1,19,0,1,2,00,2,7,5,201700021304B01,7,1,1
201700021310,2017-12-12,2017,décembre,mardi,10:17,17,17300,46.16734,-1.14016,2,6,3,1,1,4,1,01,1,1,000,018,1,0,5,3,1,69,5,1,9,00,2,1,19,201700021310B01,7,16,1
201700021312,2017-12-15,2017,décembre,vendredi,18:47,17,17200,46.18421,-1.14245,2,3,3,5,1,4,2,02,1,1,000,063,1,0,1,3,1,77,5,1,2,02,2,1,2,201700021312B01,7,15,1
201700021317,2017-12-18,2017,décembre,lundi,18:50,17,17300,46.16907,-1.14967,2,6,3,5,1,4,1,02,2,2,000,098,1,0,1,4,2,24,1,1,2,00,2,4,19,201700021317B01,7,9,1
201700021319,2017-12-19,2017,décembre,mardi,83:0,17,17300,46.14045,-1.1655,2,1,2,1,1,4,2,02,1,1,000,038,1,0,1,3,1,44,2,1,2,00,2,6,14,201700021319B01,7,17,1
201700021319,2017-12-19,2017,décembre,mardi,83:0,17,17300,46.14045,-1.1655,2,1,2,1,1,4,2,02,1,1,000,038,1,0,1,1,1,9,2,1,2,00,2,6,14,201700021319B01,7,17,1
201700021327,2017-11-14,2017,novembre,mardi,10:31,17,17306,45.62775,-1.02817,2,1,3,1,1,4,2,02,1,1,000,138,1,0,1,4,2,65,5,1,2,00,2,1,1,201700021327B01,7,15,1
201700021331,2017-11-19,2017,novembre,dimanche,10:59,17,17306,45.62505,-1.00423,2,3,3,1,1,4,2,02,1,1,000,084,1,0,1,3,2,55,9,1,2,00,2,1,1,201700021331B01,7,0,1
201700021344,2017-02-17,2017,février,vendredi,18:00,17,17333,45.61282,-0.991,2,2,3,1,1,4,2,02,1,1,000,075,1,0,1,3,1,86,5,1,9,00,2,1,0,201700021344B01,7,9,1
201700021371,2017-06-01,2017,juin,jeudi,82:5,17,17380,45.64733,-1.10993,2,1,3,1,1,4,2,02,1,1,000,081,1,0,1,4,2,61,0,1,2,00,2,7,1,201700021371B01,7,9,1
201700021372,2017-06-02,2017,juin,vendredi,15:30,17,17380,45.66176,-1.0722,2,1,3,1,1,4,2,02,1,1,000,049,1,0,1,4,1,52,0,1,2,00,2,8,1,201700021372B01,7,9,1
201700021387,2017-08-04,2017,août,vendredi,1:,17,17380,45.64352,-1.08963,2,1,1,5,1,4,2,02,1,1,000,050,1,0,1,4,1,23,5,1,2,00,2,2,1,201700021387B01,7,15,1
201700021390,2017-08-06,2017,août,dimanche,13:30,17,17461,45.63368,-1.06599,2,1,2,1,1,4,2,02,1,1,000,060,1,0,1,4,1,38,9,1,2,00,2,1,2,201700021390A01,7,2,1
201700021392,2017-08-08,2017,août,mardi,16:15,17,17306,45.62037,-1.03517,2,1,3,1,1,4,2,02,1,1,000,103,1,0,1,4,2,42,9,1,2,00,2,1,2,201700021392B01,7,16,1
201700021395,2017-08-11,2017,août,vendredi,17:46,17,17306,45.62058,-1.01859,2,1,3,1,1,4,2,02,1,1,000,070,1,0,1,4,1,12,5,1,9,00,2,1,15,201700021395B01,30,18,1
201700021397,2017-08-12,2017,août,samedi,14:36,17,17306,45.61957,-1.03309,2,1,3,1,1,4,2,02,1,1,000,087,1,0,1,3,2,19,1,1,2,00,2,1,19,201700021397B01,7,1,1
201700021414,2017-10-07,2017,octobre,samedi,16:30,17,17333,45.60245,-0.99737,2,1,3,1,1,4,1,01,1,1,000,029,1,0,1,3,2,63,5,1,9,01,0,1,1,201700021414B01,7,22,1
201700021455,2017-01-04,2017,janvier,mercredi,13:15,17,17415,45.74313,-0.64001,2,2,1,1,1,4,2,02,2,1,000,120,1,5,1,4,1,17,5,1,2,00,2,8,1,201700021455B01,7,15,1
201700021474,2017-05-29,2017,mai,lundi,16:50,17,17415,45.75302,-0.631,2,6,3,1,1,4,2,02,1,1,000,060,1,5,1,4,1,11,5,1,2,00,2,4,1,201700021474B01,7,15,1
201700021475,2017-06-01,2017,juin,jeudi,16:17,17,17415,45.74067,-0.62671,2,6,2,1,1,4,2,02,1,2,000,060,1,5,1,1,1,16,5,1,2,00,2,4,15,201700021475B01,31,2,1
201700021476,2017-06-09,2017,juin,vendredi,18:45,17,17415,45.73611,-0.61933,2,3,1,1,1,4,2,02,1,1,000,055,1,5,1,4,1,11,5,1,2,00,2,2,16,201700021476B01,7,15,1
201700021484,2017-08-09,2017,août,mercredi,83:0,17,17415,45.74643,-0.62024,2,6,6,1,3,4,1,01,1,2,000,045,2,5,1,4,2,18,5,1,9,16,0,1,15,201700021484A01,,,
201700021494,2017-09-27,2017,septembre,mercredi,90:0,17,17415,45.74387,-0.64528,2,1,2,1,1,4,2,02,1,2,000,070,1,0,1,4,2,30,5,1,2,01,0,1,17,201700021494B01,7,24,1
201700021504,2017-12-01,2017,décembre,vendredi,13:15,17,17415,45.75301,-0.6459,2,1,7,1,1,4,2,02,1,1,000,055,1,0,1,4,1,16,5,1,4,00,0,7,1,201700021504A01,,,
201700021506,2017-12-01,2017,décembre,vendredi,18:40,17,17415,45.74533,-0.62722,2,1,6,2,1,4,2,02,1,1,000,060,1,0,1,4,1,17,5,1,2,00,0,1,1,201700021506A01,,,
201700021507,2017-12-02,2017,décembre,samedi,82:0,17,17415,45.72659,-0.66752,1,1,7,2,1,4,2,02,1,1,000,060,1,0,1,4,2,44,5,1,4,00,0,1,0,201700021507A01,,,
201700021508,2017-12-02,2017,décembre,samedi,18:24,17,17415,45.74639,-0.61876,2,1,7,2,2,4,2,02,1,1,000,060,1,0,1,4,1,90,5,1,2,00,0,1,1,201700021508A01,,,
201700021510,2017-12-08,2017,décembre,vendredi,14:46,17,17415,45.75325,-0.63617,2,1,7,1,1,4,2,02,1,1,000,040,1,0,1,4,1,56,5,1,4,00,0,7,1,201700021510A01,,,
201700021513,2017-12-17,2017,décembre,dimanche,17:35,17,17415,45.74186,-0.63703,2,1,3,2,1,4,2,02,1,1,000,060,1,0,1,4,1,16,5,1,4,00,2,8,9,201700021513B01,7,2,1
201700021515,2017-12-20,2017,décembre,mercredi,90:2,17,17415,45.74681,-0.62699,2,1,6,1,1,4,2,02,1,1,000,050,1,0,1,4,1,14,5,1,2,01,0,1,22,201700021515B01,7,22,1
201700021550,2017-03-08,2017,mars,mercredi,14:55,30,30292,44.10206,4.55651,2,3,3,1,1,3,2,02,2,-1,005,010,1,,,3,1,12,5,1,2,00,2,1,1,201700021550B01,7,1,1
201700021559,2017-08-07,2017,août,lundi,10:20,30,30207,44.04588,4.57604,1,1,2,1,1,3,2,02,1,1,072,072,1,0,1,3,1,55,5,1,2,00,2,8,1,201700021559B01,13,14,1
201700021573,2017-10-26,2017,octobre,jeudi,64:0,41,41238,47.88313,0.80042,2,1,3,3,5,3,2,02,4,1,006,025,2,5,1,3,1,42,1,1,4,00,2,1,15,201700021573B01,7,1,1
201700021580,2017-06-16,2017,juin,vendredi,21:15,77,77247,48.76023,3.35031,2,1,2,1,1,3,2,02,2,2,000,000,1,0,1,3,1,33,5,1,2,00,0,4,2,201700021580B01,7,2,1
201700021593,2017-05-15,2017,mai,lundi,14:00,62,62697,50.26197,3.0222,1,3,3,1,1,3,2,02,1,-1,600,010,1,,,2,1,69,5,1,2,00,2,1,1,201700021593B01,10,19,1
201700021617,2017-01-05,2017,janvier,jeudi,21:30,62,62770,50.621,2.51919,2,1,2,5,9,3,2,02,1,1,000,000,2,0,1,3,1,46,5,1,9,00,0,0,1,201700021617B01,7,1,1
201700021621,2017-06-14,2017,juin,mercredi,12:11,62,62473,50.61493,2.47599,2,2,3,1,1,3,2,02,,,,,,5,1,3,1,9,2,1,2,00,2,8,18,201700021621B01,15,15,1
201700021631,2017-05-04,2017,mai,jeudi,17:00,62,62196,50.47752,1.71995,2,2,1,1,1,3,2,02,,,,,,0,1,3,1,77,5,1,2,00,2,1,1,201700021631B01,7,1,1
201700021655,2017-03-28,2017,mars,mardi,18:00,62,62045,50.35063,2.58446,2,1,3,1,1,3,2,02,1,3,000,048,1,0,1,3,2,65,5,1,2,00,2,0,2,201700021655B01,7,2,1
201700021706,2017-10-22,2017,octobre,dimanche,90:0,83,83054,43.15786,6.06587,1,1,3,1,1,3,2,02,1,-1,005,010,5,,,3,1,51,5,1,2,00,2,1,1,201700021706B01,7,15,1
201700021707,2017-11-06,2017,novembre,lundi,55:5,83,83130,43.18774,6.03796,2,1,1,3,3,4,2,02,2,1,000,063,2,0,1,3,1,51,1,1,2,00,2,1,1,201700021707A01,99,1,1
201700021721,2017-10-23,2017,octobre,lundi,16:45,87,87001,45.7968,1.14219,2,9,3,1,1,2,2,02,4,-1,000,012,1,0,0,3,1,61,5,1,2,00,2,1,17,201700021721A01,7,15,1
201700021776,2017-09-04,2017,septembre,lundi,16:40,22,22175,48.47137,-2.34134,1,1,7,1,1,6,-1,00,2,1,000,000,1,0,0,2,1,77,5,1,2,00,0,0,0,201700021776A01,,,
201700021806,2017-02-01,2017,février,mercredi,16:40,30,30221,44.03558,4.73065,1,1,2,1,1,3,2,02,1,3,000,080,1,0,1,3,2,64,0,1,2,00,2,4,1,201700021806B01,10,1,1
201700021856,2017-05-23,2017,mai,mardi,17:45,18,18033,47.10553,2.42387,1,1,3,1,1,4,2,02,1,1,000,060,1,0,1,3,1,58,5,1,2,00,2,8,1,201700021856B01,10,17,1
201700021877,2017-10-11,2017,octobre,mercredi,18:04,18,18033,0,0,1,1,2,1,7,3,2,01,2,1,000,000,1,0,1,3,1,49,5,1,9,00,9,1,19,201700021877B01,7,19,1
201700022013,2017-06-16,2017,juin,vendredi,13:10,85,85109,46.86775,-1.02477,2,4,3,1,1,4,2,02,1,-1,,,1,,,3,1,54,1,1,9,00,2,4,15,201700022013B01,7,1,1
201700022069,2017-06-11,2017,juin,dimanche,10:27,44,44001,47.55557,-1.48695,1,1,5,1,1,3,2,02,1,1,000,063,1,0,1,3,1,48,5,1,2,00,0,0,2,201700022069C01,1,2,2
201700022069,2017-06-11,2017,juin,dimanche,10:27,44,44001,47.55557,-1.48695,1,1,5,1,1,3,2,02,1,1,000,063,1,0,1,4,1,71,5,1,2,00,0,0,2,201700022069B01,1,2,2
201700022069,2017-06-11,2017,juin,dimanche,10:27,44,44001,47.55557,-1.48695,1,1,5,1,1,3,2,02,1,1,000,063,1,0,1,1,1,57,5,1,2,00,2,0,2,201700022069A01,1,2,2
201700022081,2017-05-21,2017,mai,dimanche,12:25,72,72299,47.86125,0.31273,1,1,6,1,1,3,2,02,1,1,000,000,1,0,3,3,1,50,5,1,2,00,0,3,2,201700022081B01,7,17,1
201700022113,2017-06-29,2017,juin,jeudi,93:0,83,83019,43.14621,6.31716,1,1,1,1,1,3,2,02,2,2,000,050,1,0,1,3,1,68,5,1,2,00,2,1,1,201700022113A01,10,1,1
201700022126,2017-12-30,2017,décembre,samedi,11:30,83,83019,43.1871,6.33074,1,1,3,1,1,3,2,02,2,4,000,046,1,0,0,3,2,58,5,1,2,00,2,3,1,201700022126B01,7,1,1
201700022141,2017-10-18,2017,octobre,mercredi,17:26,60,60479,49.19849,2.84695,1,1,2,1,1,3,2,02,1,1,000,000,1,0,1,3,1,47,1,1,2,00,2,4,2,201700022141B01,7,2,1
201700022163,2017-02-23,2017,février,jeudi,15:10,19,19031,45.14353,1.49098,2,1,6,1,1,3,2,02,1,1,000,000,1,0,1,2,1,62,5,1,2,00,2,9,1,201700022163B01,14,1,1
201700022165,2017-02-28,2017,février,mardi,19:35,19,19031,45.1535,1.50899,2,6,3,5,8,4,2,02,1,1,000,000,1,5,1,4,1,37,0,1,2,00,2,1,1,201700022165B01,7,1,1
201700022199,2017-06-02,2017,juin,vendredi,94:0,19,19031,45.16348,1.53233,2,1,6,1,1,4,2,02,1,1,000,000,1,0,1,4,2,35,0,1,2,00,2,1,1,201700022199B01,7,22,1
201700022210,2017-07-18,2017,juillet,mardi,16:45,19,19031,45.14986,1.49792,2,1,3,1,1,4,2,02,1,1,000,000,1,0,1,4,1,45,3,1,2,00,2,1,9,201700022210B01,2,17,1
201700022224,2017-09-03,2017,septembre,dimanche,15:15,19,19031,45.15557,1.48029,2,6,2,1,1,4,2,02,1,1,000,000,1,0,1,4,1,42,5,1,2,00,2,4,1,201700022224B01,7,2,1
201700022232,2017-10-02,2017,octobre,lundi,80:0,19,19031,45.14309,1.48323,2,6,3,1,2,3,2,02,1,1,000,000,2,0,1,4,1,30,1,1,2,00,2,1,1,201700022232B01,7,1,1
201700022239,2017-10-16,2017,octobre,lundi,12:30,19,19031,45.15779,1.54923,2,1,3,1,1,4,2,02,1,1,000,000,1,0,1,4,1,51,0,1,2,00,2,1,9,201700022239A01,7,1,1
201700022241,2017-10-18,2017,octobre,mercredi,14:30,19,19031,45.15607,1.54782,2,1,3,1,1,4,1,01,1,1,000,000,1,0,1,4,1,14,5,1,2,00,2,1,5,201700022241A01,7,1,1
201700022263,2017-12-20,2017,décembre,mercredi,16:40,19,19031,45.15941,1.49734,2,2,6,1,1,3,2,02,1,1,000,000,1,0,1,4,1,70,5,1,2,00,2,1,1,201700022263B01,7,15,1
201700022303,2017-04-04,2017,avril,mardi,18:28,21,21054,47.03189,4.83438,2,1,3,1,1,4,2,02,1,1,000,089,1,0,1,3,2,62,5,1,9,00,2,8,13,201700022303B01,7,17,1
201700022305,2017-06-02,2017,juin,vendredi,17:15,21,21054,47.00585,4.84996,1,6,3,1,1,3,1,01,1,2,000,000,1,5,1,3,2,82,3,1,2,00,2,2,1,201700022305B01,7,9,1
201700022313,2017-09-29,2017,septembre,vendredi,11:25,21,21054,47.02628,4.84643,2,7,3,1,7,4,1,01,1,2,000,000,1,0,1,3,2,73,0,1,4,00,2,4,2,201700022313B01,7,2,1
201700022320,2017-07-12,2017,juillet,mercredi,94:5,74,74263,46.33338,6.3875,2,1,3,1,1,3,2,02,1,1,000,000,1,0,1,3,2,60,5,1,2,00,2,3,2,201700022320B01,15,2,1
201700022325,2017-01-11,2017,janvier,mercredi,18:18,21,21231,47.32881,5.0676,2,1,6,5,2,4,2,02,1,1,000,070,2,0,1,3,1,59,0,1,2,00,0,1,1,201700022325B01,7,0,1
201700022326,2017-01-17,2017,janvier,mardi,16:59,21,21355,47.28458,5.06288,2,1,1,1,1,4,3,02,1,1,000,000,1,0,1,3,2,58,0,1,2,00,2,0,0,201700022326B01,37,0,1
201700022329,2017-03-08,2017,mars,mercredi,17:25,21,21231,47.30047,5.06011,2,3,3,1,2,4,2,04,1,1,000,150,2,0,1,4,1,60,0,1,2,00,0,0,0,201700022329B01,7,15,1
201700022330,2017-03-16,2017,mars,jeudi,20:21,21,21231,47.31508,5.02972,2,3,3,5,1,4,1,01,1,1,000,000,1,0,1,4,1,21,0,1,9,00,2,1,1,201700022330B01,7,15,1
201700022354,2017-11-27,2017,novembre,lundi,15:37,21,21231,47.30839,5.01841,2,1,3,1,3,4,2,02,1,1,000,050,2,0,1,4,1,10,2,1,2,00,2,1,19,201700022354A01,7,1,1
201700022367,2017-03-13,2017,mars,lundi,91:0,22,22113,48.75177,-3.45254,1,6,3,1,1,4,2,02,1,2,000,000,1,5,1,4,1,37,1,1,2,00,2,1,1,201700022367B01,7,9,1
201700022374,2017-05-11,2017,mai,jeudi,93:0,22,22113,48.72797,-3.4576,2,6,3,1,1,3,1,00,-1,-1,000,000,1,5,1,4,1,42,1,1,2,00,2,7,2,201700022374B01,7,9,1
201700022384,2017-09-16,2017,septembre,samedi,11:00,22,22113,48.75133,-3.48503,1,1,2,1,8,4,2,02,1,1,000,000,2,0,1,3,1,77,5,1,2,00,9,8,2,201700022384B01,7,17,1
201700022413,2017-02-06,2017,février,lundi,19:25,22,22215,48.49537,-2.7757,2,1,6,2,2,3,2,02,1,1,000,050,2,0,1,4,2,37,0,1,2,01,0,1,0,201700022413B01,10,22,1
201700022425,2017-04-03,2017,avril,lundi,16:20,22,22360,48.48623,-2.75056,2,6,3,1,1,3,2,02,1,1,000,050,1,5,0,3,1,49,0,1,2,00,2,7,1,201700022425B01,7,9,1
201700022437,2017-05-25,2017,mai,jeudi,10:05,22,22187,48.52521,-2.74873,2,3,7,1,1,4,2,02,2,2,000,000,1,0,1,3,2,17,0,1,2,06,0,1,1,201700022437A01,,,
201700022440,2017-06-04,2017,juin,dimanche,23:23,22,22278,48.5103,-2.78331,1,6,3,5,1,3,4,01,1,2,000,050,1,5,1,4,1,36,0,1,2,00,2,5,0,201700022440B01,7,1,1
201700022442,2017-06-14,2017,juin,mercredi,16:55,22,22278,48.5016,-2.75898,2,3,3,1,1,4,2,02,2,1,000,050,1,5,1,4,2,52,0,1,2,00,2,1,1,201700022442B01,7,15,1