Num_Acc,date,an,mois,jour,hrmn,dep,com,lat,long,agg,int,col,lum,atm,catr,circ,nbv,prof,plan,lartpc,larrout,surf,infra,situ,grav,sexe,age,trajet,secuexist,equipement,obs,obsm,choc,manv,vehiculeid,typevehicules,manoeuvehicules,numVehicules
201700022454,2017-07-04,2017,juillet,mardi,19:08,22,22106,48.49576,-2.71584,2,1,6,1,1,4,2,02,1,1,000,050,1,0,1,4,1,59,5,1,2,00,2,1,14,201700022454A01,10,1,1
201700022462,2017-08-03,2017,août,jeudi,16:15,22,22278,48.50128,-2.73432,1,9,6,1,1,3,2,02,4,1,000,040,1,5,1,3,1,48,1,1,2,00,2,1,1,201700022462B01,10,16,1
201700022464,2017-08-07,2017,août,lundi,15:25,22,22215,48.49153,-2.80445,2,3,2,1,1,3,2,02,1,1,000,000,1,5,1,4,1,44,5,1,2,00,2,4,1,201700022464B01,7,1,1
201700022474,2017-08-20,2017,août,dimanche,53:0,22,22278,48.51011,-2.74636,2,1,2,5,1,4,2,02,1,1,000,050,1,0,1,4,1,27,0,1,2,00,2,4,1,201700022474B01,7,2,1
201700022479,2017-09-27,2017,septembre,mercredi,17:30,22,22278,48.50781,-2.76309,2,1,2,1,1,4,2,02,1,1,000,000,1,0,1,4,1,63,0,1,2,00,2,4,9,201700022479B01,7,1,1
201700022480,2017-10-11,2017,octobre,mercredi,12:15,22,22360,48.48831,-2.74012,2,6,3,1,1,4,4,01,1,2,000,075,1,5,1,3,1,60,3,1,2,00,2,7,0,201700022480B01,7,0,1
201700022497,2017-11-21,2017,novembre,mardi,18:30,22,22278,48.50904,-2.77362,2,1,6,5,1,4,2,02,1,1,000,035,1,0,5,1,2,17,2,1,2,00,1,1,1,201700022497A01,,,
201700022497,2017-11-21,2017,novembre,mardi,18:30,22,22278,48.50904,-2.77362,2,1,6,5,1,4,2,02,1,1,000,035,1,0,5,1,2,18,2,1,2,00,1,1,1,201700022497A01,,,
201700022500,2017-11-28,2017,novembre,mardi,18:30,22,22360,48.48424,-2.75679,2,1,6,3,1,4,2,01,1,1,000,000,1,0,1,1,1,17,0,1,4,00,1,1,1,201700022500A01,,,
201700022500,2017-11-28,2017,novembre,mardi,18:30,22,22360,48.48424,-2.75679,2,1,6,3,1,4,2,01,1,1,000,000,1,0,1,3,2,24,1,1,8,00,1,1,1,201700022500A01,,,
201700022506,2017-05-23,2017,mai,mardi,13:40,23,23096,46.17234,1.86762,2,2,3,1,1,4,2,02,2,1,000,069,1,5,1,4,1,21,5,1,2,00,2,0,0,201700022506A01,7,1,1
201700022519,2017-05-09,2017,mai,mardi,18:40,24,24037,44.82646,0.49384,1,1,2,1,1,3,2,02,1,1,000,076,1,0,1,3,1,57,1,1,9,00,2,4,1,201700022519B01,7,1,1
201700022527,2017-03-27,2017,mars,lundi,17:15,24,24322,45.19972,0.67498,2,6,1,1,2,3,2,00,1,3,000,061,2,0,1,3,1,68,5,1,2,00,2,1,1,201700022527B01,7,16,1
201700022538,2017-07-24,2017,juillet,lundi,15:50,24,24322,45.18104,0.7152,2,3,6,1,1,4,,,,,,,,,,3,1,50,9,1,9,00,2,3,5,201700022538A01,7,13,1
201700022551,2017-02-26,2017,février,dimanche,20:38,25,25056,47.21718,5.96233,2,3,3,5,1,4,2,02,1,1,000,000,1,0,1,4,1,19,0,1,4,00,2,1,15,201700022551A01,7,1,1
201700022561,2017-03-21,2017,mars,mardi,12:25,25,25056,47.22861,5.98706,2,1,1,1,1,4,2,02,1,1,000,000,-1,0,1,3,1,41,0,1,9,00,2,1,1,201700022561B01,7,16,1
201700022583,2017-07-05,2017,juillet,mercredi,81:1,25,25056,47.22787,5.98394,2,9,6,1,1,4,2,02,1,1,000,000,1,0,1,4,2,50,9,1,2,00,0,0,1,201700022583B01,10,15,1
201700022602,2017-09-29,2017,septembre,vendredi,22:47,25,25056,47.24745,6.0066,2,1,2,5,1,4,2,02,1,1,000,000,1,0,1,4,2,19,9,1,2,00,2,4,1,201700022602B01,7,2,1
201700022608,2017-10-13,2017,octobre,vendredi,13:49,25,25056,47.2387,6.03404,2,6,6,1,1,4,2,02,1,-1,000,000,1,0,1,4,1,51,9,1,2,00,2,0,1,201700022608B01,7,16,1
201700022611,2017-10-21,2017,octobre,samedi,21:5,25,25056,47.24267,6.02105,2,3,3,5,1,4,,,,,,,,,,4,1,33,9,1,2,00,2,1,0,201700022611B01,7,1,1
201700022616,2017-11-05,2017,novembre,dimanche,11:00,25,25056,47.2259,5.98405,2,1,6,1,1,4,2,02,-1,1,000,000,1,0,1,3,1,91,0,1,2,00,2,4,0,201700022616A01,7,0,1
201700022618,2017-11-13,2017,novembre,lundi,16:47,25,25056,47.24261,6.03366,2,1,6,1,2,4,-1,02,1,1,000,000,2,0,1,4,1,10,0,1,4,00,2,8,19,201700022618B01,7,1,1
201700022635,2017-03-18,2017,mars,samedi,12:00,70,70285,47.57577,6.75948,2,1,3,1,1,3,1,01,1,2,000,039,1,0,1,4,1,15,5,1,9,01,0,0,0,201700022635B01,10,24,1
201700022655,2017-12-13,2017,décembre,mercredi,94:5,25,25580,47.46604,6.83301,2,1,6,1,1,4,-1,00,1,-1,000,000,1,0,4,2,2,87,5,1,9,00,2,1,0,201700022655B01,10,20,1
201700022675,2017-06-16,2017,juin,vendredi,75:5,25,25462,46.89418,6.36452,2,1,3,1,1,2,2,02,1,1,020,100,1,0,1,3,1,49,5,1,2,00,2,1,2,201700022675B01,7,0,1
201700022688,2017-09-21,2017,septembre,jeudi,18:53,25,25462,46.89864,6.34905,2,3,1,1,1,4,2,01,1,1,000,070,1,5,1,3,1,58,5,1,9,00,2,1,15,201700022688B01,7,15,1
201700022715,2017-05-23,2017,mai,mardi,18:30,26,26094,45.17482,4.92357,1,1,2,1,1,3,2,02,3,1,050,000,1,1,1,3,1,33,5,1,2,00,0,4,1,201700022715B01,10,17,1
201700022728,2017-07-20,2017,juillet,jeudi,16:00,84,84062,43.89027,5.11698,2,1,2,1,1,3,2,02,2,1,000,035,1,0,1,3,1,59,5,1,2,01,0,1,1,201700022728B01,7,22,1
201700022737,2017-08-09,2017,août,mercredi,10:15,59,59083,50.91888,2.41022,1,1,3,1,1,3,2,02,1,1,000,000,1,0,1,3,1,79,5,1,2,00,2,8,1,201700022737B01,21,17,1
201700022745,2017-04-14,2017,avril,vendredi,18:30,79,79106,45.99325,-0.08594,2,2,3,1,1,3,2,02,1,1,,,1,0,0,3,2,13,5,1,2,00,2,1,19,201700022745A01,7,1,1
201700022770,2017-08-21,2017,août,lundi,10:45,59,59056,50.60464,2.9169,2,1,3,1,1,3,-1,02,1,1,000,000,1,0,1,3,2,47,5,1,2,00,2,1,13,201700022770B01,7,17,1
201700022779,2017-03-29,2017,mars,mercredi,17:45,01,01033,46.10551,5.82006,2,3,3,1,9,4,,,,,,,,,,4,1,49,5,1,2,00,2,1,1,201700022779B01,2,1,1
201700022781,2017-06-23,2017,juin,vendredi,19:45,01,01091,46.2107,5.70267,2,4,1,1,1,4,,,,,,,,,,4,1,5,5,1,2,00,2,7,1,201700022781B01,7,15,1
201700022791,2017-03-15,2017,mars,mercredi,10:45,83,83049,43.23573,6.07121,2,1,2,1,1,3,2,02,1,-1,007,410,1,,,4,2,52,5,1,2,00,0,4,1,201700022791B01,7,0,1
201700022827,2017-07-27,2017,juillet,jeudi,21:00,26,26198,44.56745,4.75536,2,6,3,1,1,3,2,02,1,1,000,088,1,0,1,4,1,40,5,1,9,00,2,1,1,201700022827B01,7,19,1
201700022828,2017-09-04,2017,septembre,lundi,19:25,26,26198,44.5833,4.7525,1,1,6,1,1,2,2,02,1,1,000,000,1,0,1,4,1,64,5,1,2,00,0,8,2,201700022828B01,15,17,1
201700022844,2017-01-30,2017,janvier,lundi,73:5,26,26281,45.04266,5.04717,2,3,3,1,1,4,1,01,2,1,000,000,1,0,1,3,1,59,0,1,9,00,2,1,0,201700022844B01,7,0,1
201700022845,2017-02-04,2017,février,samedi,93:9,26,26281,45.05328,5.04839,2,1,1,1,1,4,2,02,1,1,000,060,2,0,1,4,1,79,3,1,2,00,2,8,15,201700022845B01,7,17,1
201700022857,2017-03-29,2017,mars,mercredi,17:00,26,26281,45.06177,5.01673,1,6,3,1,1,4,1,01,1,1,000,000,1,0,1,4,1,27,0,1,2,00,2,1,1,201700022857B01,7,9,1
201700022860,2017-04-12,2017,avril,mercredi,14:00,26,26281,45.04103,5.02725,2,1,3,1,1,4,2,01,-1,-1,000,000,-1,0,1,4,2,11,5,1,9,00,0,0,0,201700022860B01,7,1,1
201700022862,2017-05-06,2017,mai,samedi,13:45,26,26057,0,0,2,1,6,1,1,3,2,01,1,1,000,000,2,0,1,1,1,57,5,1,2,00,2,3,0,201700022862A01,30,1,1
201700022869,2017-05-26,2017,mai,vendredi,92:9,26,26281,45.0487,5.0489,2,6,3,1,1,4,1,01,1,1,000,000,1,0,1,4,1,67,0,1,2,00,2,7,9,201700022869B01,7,1,1
201700022872,2017-06-12,2017,juin,lundi,90:0,26,26281,45.05982,4.99706,2,2,3,1,1,3,2,02,1,1,000,000,1,0,1,4,1,52,0,1,9,00,2,1,0,201700022872B01,7,0,1
201700022873,2017-06-17,2017,juin,samedi,17:50,26,26281,45.04757,5.05483,2,2,3,1,1,4,2,02,1,1,000,120,1,5,1,4,1,77,0,1,2,00,2,1,9,201700022873B01,7,1,1
201700022898,2017-10-10,2017,octobre,mardi,12:06,26,26281,45.04465,5.07136,2,1,3,1,2,4,2,02,1,1,000,000,1,0,1,3,2,59,0,1,9,00,2,1,0,201700022898B01,7,0,1
201700022902,2017-10-26,2017,octobre,jeudi,23:20,26,26281,45.04397,5.05009,2,2,3,5,1,4,1,01,1,1,000,000,1,0,1,4,1,20,0,1,9,00,2,1,19,201700022902A01,7,2,1
201700022905,2017-11-16,2017,novembre,jeudi,14:50,26,26281,45.0572,5.06451,2,1,6,1,1,4,-1,00,1,3,000,000,1,0,4,1,2,52,0,1,9,00,1,1,16,201700022905A01,,,
201700022911,2017-11-27,2017,novembre,lundi,17:00,26,26057,45.03819,5.05546,2,1,3,1,1,3,3,04,1,1,000,000,1,0,4,4,1,23,0,1,2,00,2,8,19,201700022911B01,7,1,1
201700022911,2017-11-27,2017,novembre,lundi,17:00,26,26057,45.03819,5.05546,2,1,3,1,1,3,3,04,1,1,000,000,1,0,4,4,1,2017,0,1,2,00,2,8,19,201700022911B01,7,1,1
201700022933,2017-04-07,2017,avril,vendredi,16:30,26,26362,44.93256,4.89859,2,6,3,1,1,4,2,02,1,2,000,000,1,0,1,3,2,71,0,1,2,00,2,1,1,201700022933B01,7,9,1
201700022938,2017-05-19,2017,mai,vendredi,13:40,26,26058,44.93892,4.89609,2,2,3,1,1,4,2,02,1,1,000,000,-1,0,1,4,2,21,0,1,2,00,2,1,1,201700022938A01,7,16,1
201700022959,2017-11-15,2017,novembre,mercredi,84:5,26,26362,0,0,1,6,3,1,1,2,1,01,1,1,000,000,1,0,1,4,1,76,0,1,2,00,2,1,1,201700022959B01,7,9,1
201700022963,2017-12-01,2017,décembre,vendredi,11:05,26,26362,44.91646,4.91086,2,2,3,1,1,4,2,02,1,1,000,000,1,0,1,3,1,68,5,1,2,00,2,0,1,201700022963B01,7,9,1
201700022989,2017-05-08,2017,mai,lundi,11:35,06,06033,43.78788,7.18487,2,3,3,1,1,3,2,02,2,-1,000,020,1,,,4,1,43,5,1,2,00,2,1,1,201700022989B01,7,16,1
201700022990,2017-05-08,2017,mai,lundi,81:5,06,06126,43.81603,7.18829,1,1,2,1,1,3,2,03,1,1,000,000,1,0,1,3,1,39,5,1,2,00,2,4,2,201700022990B01,7,2,1
201700022991,2017-05-29,2017,mai,lundi,16:30,06,06006,43.7664,7.24212,1,1,3,1,1,3,2,02,2,1,000,000,1,0,1,4,1,41,0,1,2,00,2,4,0,201700022991B01,7,19,1
201700022996,2017-07-30,2017,juillet,dimanche,11:00,06,06046,43.76587,7.20723,1,1,7,1,1,3,2,03,1,1,000,111,1,0,1,3,1,68,5,1,2,00,0,1,1,201700022996A01,,,
201700022997,2017-08-03,2017,août,jeudi,10:05,06,06033,43.78895,7.18489,2,1,1,1,1,3,2,02,2,2,000,068,1,0,1,3,1,18,5,1,2,00,2,1,5,201700022997A01,34,1,1
201700023005,2017-02-19,2017,février,dimanche,16:00,38,38383,45.38557,5.63315,2,6,3,1,1,3,1,01,1,-1,007,010,1,,,3,2,24,5,1,2,00,0,4,1,201700023005A01,7,16,1
201700023013,2017-05-27,2017,mai,samedi,17:15,38,38383,45.36712,5.62879,1,1,2,1,1,3,2,02,1,1,000,074,1,0,1,3,1,38,5,1,2,00,0,4,13,201700023013B01,33,1,1
201700023017,2017-06-25,2017,juin,dimanche,11:00,38,38432,45.40995,5.61069,1,1,1,1,1,3,2,02,2,2,000,000,1,0,1,3,1,58,5,1,2,00,2,1,1,201700023017B01,33,13,1
201700023020,2017-08-25,2017,août,vendredi,83:5,38,38432,45.4004,5.60234,2,1,1,1,1,3,2,02,1,3,000,060,1,0,1,3,2,77,5,1,2,00,2,1,1,201700023020B01,7,13,1
201700023022,2017-09-27,2017,septembre,mercredi,12:51,38,38368,45.39133,5.52172,1,1,3,1,1,3,2,02,2,3,000,000,1,0,1,4,1,67,5,1,2,00,2,5,17,201700023022A01,37,15,1
201700023030,2017-01-22,2017,janvier,dimanche,18:30,69,69283,0,0,1,1,2,3,1,3,2,02,2,1,000,059,1,0,1,4,2,60,5,1,4,00,2,8,2,201700023030B01,7,2,1
201700023035,2017-09-26,2017,septembre,mardi,18:10,69,69283,45.6721,4.93335,2,6,3,2,1,4,1,01,1,-1,010,515,1,,,4,1,30,1,1,4,00,2,2,0,201700023035B01,7,0,1
201700023037,2017-12-06,2017,décembre,mercredi,16:00,69,69283,45.64793,4.95849,1,1,1,1,1,4,2,02,1,1,000,000,1,0,1,3,1,19,5,1,2,01,0,1,2,201700023037B01,7,23,1
201700023046,2017-02-28,2017,février,mardi,85:0,58,58086,47.3801,2.90539,2,1,3,1,3,3,2,02,1,-1,000,020,1,,,3,2,54,5,1,9,00,2,1,1,201700023046B01,7,0,1
201700023055,2017-10-06,2017,octobre,vendredi,15:00,58,58102,47.34962,3.11224,1,1,3,1,1,3,2,02,1,1,000,065,1,0,1,4,1,37,5,1,2,00,0,8,2,201700023055B01,7,17,1
201700023078,2017-02-01,2017,février,mercredi,15:40,27,27229,0,0,2,3,3,1,1,2,1,02,-1,1,000,000,1,0,1,3,1,17,2,1,2,00,2,1,1,201700023078A01,7,0,1
201700023108,2017-11-15,2017,novembre,mercredi,18:50,27,27701,49.27138,1.21608,2,1,7,5,1,4,2,02,1,2,000,065,1,0,1,3,2,43,1,1,4,12,0,7,1,201700023108A01,,,
201700023132,2017-11-04,2017,novembre,samedi,17:35,06,06118,43.66746,6.79655,2,1,5,3,8,3,2,02,1,1,000,000,1,0,1,3,1,46,5,1,2,00,2,8,2,201700023132B01,7,1/2,2
201700023144,2017-06-23,2017,juin,vendredi,14:30,17,17407,46.19097,-1.01298,2,4,3,1,1,4,2,02,1,-1,000,010,1,0,1,3,1,67,5,1,2,00,2,8,19,201700023144B01,7,1,1
201700023158,2017-04-28,2017,avril,vendredi,92:0,91,91665,48.6686,2.27925,2,1,3,1,2,2,3,02,1,1,000,000,2,0,1,4,1,73,5,1,2,00,2,8,15,201700023158B01,7,1,1
201700023186,2017-04-06,2017,avril,jeudi,16:25,59,59266,50.54186,2.98218,2,3,3,1,1,3,2,02,1,,000,062,1,0,1,3,1,81,5,1,2,00,2,7,15,201700023186B01,7,1,1
201700023222,2017-06-11,2017,juin,dimanche,12:00,42,42182,46.05155,3.92383,2,9,3,1,1,3,2,01,2,-1,000,010,1,,,3,1,59,5,1,2,00,2,1,1,201700023222A01,7,1,1
201700023237,2017-05-18,2017,mai,jeudi,21:10,28,28404,48.73721,1.38143,2,1,1,1,2,4,1,01,1,2,000,030,2,5,1,3,1,50,1,1,2,00,2,0,2,201700023237B01,7,2,1
201700023238,2017-05-26,2017,mai,vendredi,17:50,28,28134,48.73728,1.38131,2,3,3,1,1,4,1,01,2,1,000,000,1,0,0,2,1,81,0,1,9,00,2,8,16,201700023238B01,7,0,1
201700023367,2017-07-12,2017,juillet,mercredi,19:10,01,01354,46.24526,6.02339,2,1,2,1,1,4,2,02,1,1,000,070,1,0,1,3,1,39,1,1,2,00,2,1,1,201700023367B01,7,1,1
201700023388,2017-01-13,2017,janvier,vendredi,16:10,67,67425,48.76713,7.38089,1,1,2,1,1,3,2,02,1,1,000,066,2,0,1,3,1,42,5,1,9,00,2,4,2,201700023388B01,7,2,1
201700023394,2017-10-21,2017,octobre,samedi,12:10,67,67117,48.76776,7.35733,2,1,3,1,1,4,2,02,2,1,000,048,1,0,1,3,1,8,5,1,2,00,2,1,19,201700023394B01,7,1,1
201700023405,2017-06-26,2017,juin,lundi,54:0,67,67485,48.6266,7.62729,1,1,3,1,7,3,2,02,1,-1,000,000,1,0,1,3,1,50,1,1,2,00,2,8,2,201700023405B01,7,2,1
201700023421,2017-12-22,2017,décembre,vendredi,18:30,35,35219,47.82067,-1.90771,1,1,5,3,2,3,2,02,2,1,000,000,2,0,1,2,1,61,3,1,2,00,2,4,1,201700023421A01,7,2,2
201700023479,2017-08-08,2017,août,mardi,23:40,01,01071,46.30668,6.06628,1,1,3,3,8,3,2,02,1,3,000,000,1,0,1,3,2,29,5,1,2,00,2,6,2,201700023479B01,7,2,1
201700023502,2017-03-16,2017,mars,jeudi,11:50,64,64410,43.38184,-0.59516,2,1,7,1,1,3,2,02,1,1,000,000,1,0,5,3,2,64,5,1,2,14,0,1,1,201700023502A01,,,
201700023518,2017-02-25,2017,février,samedi,11:10,68,68253,47.77525,7.51696,1,2,3,1,1,3,2,02,1,-1,006,015,1,,,3,1,54,5,1,2,00,2,3,1,201700023518A01,7,1,1
201700023521,2017-03-30,2017,mars,jeudi,11:30,68,68020,47.82461,7.51539,2,1,3,1,1,3,2,02,1,1,000,056,1,0,1,4,1,54,5,1,2,01,0,1,2,201700023521B01,7,22,1
201700023526,2017-10-05,2017,octobre,jeudi,18:45,68,68064,47.81688,7.54171,2,6,2,2,1,3,2,02,2,1,000,073,1,5,1,1,1,35,5,1,2,00,0,4,2,201700023526A01,1,2,1
201700023526,2017-10-05,2017,octobre,jeudi,18:45,68,68064,47.81688,7.54171,2,6,2,2,1,3,2,02,2,1,000,073,1,5,1,4,1,40,5,1,2,00,2,1,2,201700023526B01,1,2,1
201700023530,2017-02-17,2017,février,vendredi,11:50,01,01322,45.56222,4.47577,2,1,3,1,7,3,-1,02,1,-1,030,060,-1,,,3,1,54,5,1,2,00,2,0,1,201700023530B01,7,9,1
201700023532,2017-03-30,2017,mars,jeudi,81:5,01,01398,46.00071,4.8492,2,1,2,1,1,3,2,02,1,1,000,000,1,0,1,3,2,62,1,1,2,00,0,4,2,201700023532A01,10,17,1
201700023573,2017-12-18,2017,décembre,lundi,83:6,29,29019,48.41233,4.46832,2,1,3,5,2,3,-1,01,1,1,000,000,2,0,1,4,2,56,0,1,2,00,2,1,0,201700023573B01,7,9,1
201700023579,2017-01-16,2017,janvier,lundi,82:0,29,29019,48.38415,-4.50248,2,3,3,2,1,4,1,00,2,1,000,000,2,0,1,3,1,21,1,1,2,00,2,1,1,201700023579B01,15,1,1
201700023590,2017-01-03,2017,janvier,mardi,91:0,29,29019,48.40474,-4.47713,2,2,1,1,1,4,2,00,-1,-1,000,000,-1,0,0,4,1,50,1,1,2,00,0,0,0,201700023590B01,7,19,1
201700023593,2017-02-10,2017,février,vendredi,17:10,29,29019,48.3747,-4.5576,2,1,3,1,1,2,1,01,1,2,000,000,1,0,1,4,1,48,1,1,2,00,2,5,0,201700023593B01,7,0,1
201700023598,2017-02-16,2017,février,jeudi,18:30,29,29019,48.40485,-4.49529,2,1,3,1,1,4,-1,00,2,1,000,000,1,0,1,4,1,20,5,1,2,01,0,1,1,201700023598B01,7,22,1
201700023604,2017-02-27,2017,février,lundi,19:10,29,29019,48.4039,-4.4899,2,2,3,1,1,4,-1,00,2,2,000,000,1,0,0,4,1,29,4,1,2,00,2,0,0,201700023604B01,7,0,1
201700023606,2017-02-23,2017,février,jeudi,20:00,29,29019,48.3981,-4.46512,2,2,2,5,1,9,2,00,2,1,000,000,1,0,1,4,1,22,5,1,2,00,2,4,1,201700023606B01,7,2,1
201700023612,2017-03-14,2017,mars,mardi,16:50,29,29019,48.40771,-4.47174,2,1,3,1,1,4,2,04,1,-1,000,000,1,0,1,4,1,25,0,1,9,00,2,0,1,201700023612B01,7,15,1
201700023631,2017-04-05,2017,avril,mercredi,14:15,29,29019,48.41495,-4.47246,2,1,3,1,1,4,1,00,3,1,000,000,1,0,1,4,1,9,2,1,2,00,0,0,0,201700023631B01,7,1,1
201700023632,2017-04-26,2017,avril,mercredi,12:44,29,29019,48.42761,-4.47654,2,3,6,1,1,4,-1,00,-1,-1,000,000,-1,0,0,4,1,26,0,1,2,00,2,8,1,201700023632B01,7,9,1
201700023633,2017-03-24,2017,mars,vendredi,81:0,29,29019,48.38866,-4.51691,2,4,3,1,7,4,2,00,-1,-1,000,000,-1,0,1,4,1,57,0,1,2,00,2,1,1,201700023633B01,7,15,1
201700023642,2017-05-26,2017,mai,vendredi,15:20,29,29019,48.3931,-4.4348,2,1,3,1,1,4,2,02,1,1,000,000,1,0,1,4,1,29,5,1,2,00,2,0,0,201700023642B01,7,0,1
201700023676,2017-06-20,2017,juin,mardi,19:00,29,29019,48.40629,-4.50211,2,1,3,1,1,4,2,01,2,1,000,000,1,0,1,4,1,27,5,1,2,00,2,8,19,201700023676B01,7,1,1
201700023685,2017-08-03,2017,août,jeudi,11:25,29,29019,48.40422,-4.46476,2,3,1,1,1,4,,,,,,,,,,4,2,29,0,1,2,00,2,1,1,201700023685B01,10,15,1
201700023700,2017-08-08,2017,août,mardi,17:00,29,29019,48.38412,-4.48348,2,1,2,1,1,4,2,00,1,1,000,000,1,0,1,4,2,43,1,1,2,00,2,1,2,201700023700A01,7,2,1
201700023715,2017-10-06,2017,octobre,vendredi,11:45,29,29019,48.4039,-4.489,2,2,1,1,1,4,2,02,2,2,000,000,1,0,1,4,1,47,4,1,9,00,2,1,1,201700023715B01,7,15,1
201700023719,2017-10-02,2017,octobre,lundi,17:05,29,29019,48.38652,-4.47151,2,1,3,1,2,4,3,00,1,1,000,000,2,0,1,4,2,20,9,1,2,00,2,8,19,201700023719B01,7,1,1
201700023721,2017-10-28,2017,octobre,samedi,11:00,29,29019,48.40202,-4.4887,2,2,1,1,1,4,2,02,2,2,000,000,1,0,0,4,1,18,2,1,2,00,2,1,1,201700023721A01,7,15,1
201700023776,2017-07-17,2017,juillet,lundi,85:5,29,29039,47.87723,-3.91152,2,1,3,1,1,4,1,01,1,-1,097,085,1,5,1,4,2,48,5,1,9,00,2,4,13,201700023776B01,10,13,1
201700023786,2017-09-14,2017,septembre,jeudi,17:35,29,29039,47.88082,-3.93128,2,1,3,1,1,4,2,02,2,1,000,070,1,0,5,4,1,45,5,1,2,00,2,1,1,201700023786B01,7,16,1
201700023787,2017-09-22,2017,septembre,vendredi,11:25,29,29039,47.87525,-3.92075,2,9,6,1,1,4,2,02,4,1,000,040,1,0,1,4,2,47,1,1,9,14,0,1,14,201700023787A01,,,
201700023798,2017-10-24,2017,octobre,mardi,17:05,29,29039,47.87931,-3.93032,2,1,7,1,1,4,2,02,1,3,000,000,1,0,5,3,2,53,5,1,2,12,0,2,1,201700023798A01,,,
201700023801,2017-11-08,2017,novembre,mercredi,19:25,29,29039,47.89001,-3.91597,2,6,3,3,1,3,2,01,2,3,000,052,1,0,1,4,2,26,1,1,4,00,2,1,1,201700023801B01,7,9,1
201700023829,2017-07-17,2017,juillet,lundi,17:40,76,76238,49.55286,0.24666,1,1,7,1,1,3,2,02,1,1,000,000,1,0,1,4,1,29,0,1,2,00,0,9,0,201700023829A01,,,
201700023863,2017-03-03,2017,mars,vendredi,12:10,29,29232,47.93405,-4.06922,1,1,2,1,2,3,3,00,-1,1,000,000,2,0,1,3,1,32,0,1,2,00,0,4,1,201700023863B01,7,1,1
201700023870,2017-03-29,2017,mars,mercredi,83:0,29,29232,47.9876,-4.10881,2,6,3,1,2,4,4,02,1,2,000,000,2,5,1,4,1,49,0,1,2,00,2,7,15,201700023870B01,7,9,1
201700023873,2017-03-30,2017,mars,jeudi,17:50,29,29232,48.0156,-4.09522,2,1,3,1,1,4,2,02,4,1,000,000,1,0,1,4,1,58,1,1,2,00,2,1,1,201700023873B01,7,15,1
201700023878,2017-04-06,2017,avril,jeudi,16:00,29,29232,48.00595,-4.09724,2,6,3,1,1,4,2,02,4,1,000,000,1,0,1,4,1,54,0,1,2,00,2,0,0,201700023878B01,7,0,1
201700023891,2017-05-23,2017,mai,mardi,19:00,29,29232,48.01521,-4.08164,2,6,3,1,1,4,-1,01,1,3,000,000,1,5,1,4,1,10,5,1,9,00,0,8,19,201700023891B01,7,0,1
201700023930,2017-07-25,2017,juillet,mardi,10:10,29,29232,47.97689,-4.06923,2,1,3,1,1,3,2,04,1,1,000,000,1,0,5,4,1,64,0,1,9,00,2,1,0,201700023930B01,7,15,1
201700024001,2017-05-17,2017,mai,mercredi,14:45,88,88089,48.18611,6.78679,2,4,3,1,1,3,2,02,1,1,,060,1,5,1,3,1,11,5,1,2,00,2,1,19,201700024001A01,7,1,1
201700024006,2017-08-22,2017,août,mardi,18:40,88,88349,48.16989,7.01348,2,3,3,1,1,3,2,02,2,1,000,064,1,0,1,3,2,5,5,1,2,00,2,8,9,201700024006A01,7,1,1
201700024017,2017-05-21,2017,mai,dimanche,15:00,60,60256,49.29704,2.02683,1,9,6,1,1,3,2,02,1,-1,005,810,-1,,,4,1,81,5,1,2,00,0,0,0,201700024017B01,7,17,1
201700024043,2017-03-28,2017,mars,mardi,18:30,30,30007,44.12913,4.10324,2,1,6,1,7,4,2,03,1,1,000,084,1,0,1,2,1,84,5,1,8,,,,,201700024043B02,7,1,1
201700024059,2017-06-06,2017,juin,mardi,72:0,30,30007,44.13459,4.09046,2,6,3,1,1,4,1,01,1,2,000,075,1,0,1,3,1,65,9,1,4,00,2,9,1,201700024059B01,7,16,1
201700024062,2017-06-25,2017,juin,dimanche,83:0,30,30007,44.10949,4.10088,2,6,3,1,1,2,2,00,1,1,000,070,1,0,1,4,1,50,9,1,4,00,2,9,1,201700024062B01,7,9,1
201700024080,2017-10-05,2017,octobre,jeudi,12:00,30,30007,44.12047,4.09306,2,1,3,1,1,2,2,03,2,1,012,133,1,1,1,4,1,45,5,1,2,00,2,3,1,201700024080B01,7,17,1
201700024087,2017-11-20,2017,novembre,lundi,16:20,30,30007,44.13926,4.08847,2,6,3,1,1,4,2,00,1,1,000,110,1,0,1,4,1,61,9,1,4,00,2,1,1,201700024087A01,7,1,1
201700024088,2017-11-21,2017,novembre,mardi,13:25,30,30007,44.13467,4.09076,2,6,3,1,1,4,1,02,1,1,000,060,1,0,0,4,1,47,0,1,4,00,2,1,1,201700024088B01,7,9,1
201700024089,2017-02-24,2017,février,vendredi,13:00,30,30028,44.1632,4.61182,2,3,3,1,1,4,2,01,1,1,000,080,1,0,1,3,2,17,0,1,9,00,0,0,0,201700024089B01,7,1,1