Num_Acc,date,an,mois,jour,hrmn,dep,com,lat,long,agg,int,col,lum,atm,catr,circ,nbv,prof,plan,lartpc,larrout,surf,infra,situ,grav,sexe,age,trajet,secuexist,equipement,obs,obsm,choc,manv,vehiculeid,typevehicules,manoeuvehicules,numVehicules
201700024120,2017-02-23,2017,février,jeudi,20:25,30,30189,43.83707,4.36586,2,4,1,5,1,4,2,02,1,1,000,082,-1,0,1,4,1,51,0,1,2,00,0,0,0,201700024120B01,7,15,1
201700024130,2017-03-22,2017,mars,mercredi,11:40,30,30189,43.81806,4.3476,2,6,3,1,1,4,2,02,1,1,000,060,1,0,0,4,1,31,9,1,2,00,2,8,1,201700024130B01,7,1,1
201700024132,2017-03-31,2017,mars,vendredi,14:25,30,30189,0,0,2,1,2,1,1,3,2,02,1,1,000,060,1,0,1,4,1,74,5,1,2,00,2,4,1,201700024132B01,7,1,1
201700024135,2017-02-28,2017,février,mardi,15:38,30,30189,43.82939,4.38317,2,6,1,1,1,4,2,01,-1,-1,000,000,-1,0,0,3,1,59,0,1,2,00,2,8,0,201700024135A01,7,0,1
201700024169,2017-06-17,2017,juin,samedi,85:0,30,30189,43.83216,4.35801,2,2,2,1,1,4,1,01,1,1,000,035,1,0,0,4,1,61,0,1,2,00,2,1,1,201700024169A01,7,0,1
201700024208,2017-09-11,2017,septembre,lundi,19:00,30,30189,43.82231,4.36232,2,3,3,1,1,4,2,03,1,1,000,000,1,0,1,4,1,53,0,1,2,00,2,8,1,201700024208B01,10,19,1
201700024209,2017-09-14,2017,septembre,jeudi,18:20,30,30189,43.83886,4.36891,2,3,3,1,1,4,2,02,1,1,000,060,1,0,1,4,2,61,4,1,2,00,2,8,1,201700024209B01,7,15,1
201700024234,2017-10-19,2017,octobre,jeudi,19:00,30,30189,43.82428,4.36962,2,6,3,5,1,4,2,04,1,1,000,060,1,5,1,4,1,30,9,1,4,00,2,1,1,201700024234B01,7,1,1
201700024285,2017-11-10,2017,novembre,vendredi,15:40,63,63071,45.76747,2.8974,2,3,3,1,2,3,2,02,2,-1,500,020,1,,,3,1,51,5,1,2,00,2,1,1,201700024285A01,10,1,1
201700024289,2017-06-10,2017,juin,samedi,15:37,23,23247,46.21907,1.78926,1,1,5,1,1,3,2,02,2,2,000,000,1,0,1,3,1,46,5,1,2,00,2,3,1,201700024289B01,33,1,1
201700024289,2017-06-10,2017,juin,samedi,15:37,23,23247,46.21907,1.78926,1,1,5,1,1,3,2,02,2,2,000,000,1,0,1,3,1,18,5,1,2,00,2,3,1,201700024289C01,33,1,1
201700024294,2017-12-30,2017,décembre,samedi,12:10,23,23208,46.17148,1.80563,1,2,3,1,3,3,2,02,1,,000,063,2,0,1,4,1,54,5,1,2,00,2,1,1,201700024294B01,7,19,1
201700024320,2017-12-09,2017,décembre,samedi,14:10,84,84029,44.1572,4.8636,1,6,3,1,1,3,1,01,1,-1,000,015,1,,,3,1,72,5,1,2,00,2,7,1,201700024320B01,7,9,1
201700024324,2017-04-04,2017,avril,mardi,16:10,11,11164,43.28773,2.87012,1,3,6,1,6,3,2,02,1,1,,,1,,1,3,1,70,5,1,2,00,2,0,0,201700024324B01,14,1,1
201700024327,2017-06-07,2017,juin,mercredi,15:50,11,11111,43.19302,2.80094,1,1,3,1,1,3,2,02,1,1,000,064,1,0,1,2,1,72,0,1,2,00,0,4,1,201700024327B01,7,13,1
201700024334,2017-08-17,2017,août,jeudi,83:0,11,11164,43.28986,2.86841,1,1,2,1,1,3,2,02,1,1,000,060,1,0,1,3,1,73,5,1,2,00,2,6,1,201700024334B01,7,17,1
201700024343,2017-04-20,2017,avril,jeudi,19:00,35,35318,48.33828,-1.93244,2,1,1,1,1,3,2,02,1,1,000,000,1,0,1,4,1,9,0,1,2,00,2,0,0,201700024343B01,7,1,1
201700024368,2017-09-10,2017,septembre,dimanche,11:10,27,27230,48.86908,1.4205,1,1,3,1,1,9,2,02,3,-1,000,035,1,0,1,2,1,79,5,1,2,01,0,1,13,201700024368A01,7,24,1
201700024369,2017-10-06,2017,octobre,vendredi,14:20,27,27278,48.9173,1.4302,2,1,1,1,1,3,2,02,1,1,000,000,1,0,1,4,1,80,5,1,2,01,0,1,1,201700024369A01,7,24,1
201700024405,2017-10-11,2017,octobre,mercredi,81:0,83,83086,43.47856,6.56629,2,1,1,1,1,3,2,02,1,-1,006,810,1,,,4,1,76,5,1,2,00,2,7,1,201700024405B01,10,15,1
201700024407,2017-10-20,2017,octobre,vendredi,10:00,83,83148,43.4162,6.42042,2,1,3,1,1,3,2,02,1,-1,003,210,1,,,3,1,79,5,1,2,00,2,7,1,201700024407B01,7,15,1
201700024414,2017-06-17,2017,juin,samedi,15:35,05,05027,44.8226,6.73597,1,1,1,1,1,3,2,02,2,2,000,070,1,0,1,3,1,62,5,1,2,00,2,1,13,201700024414B01,33,1,1
201700024415,2017-07-10,2017,juillet,lundi,11:45,05,05027,44.83814,6.7234,1,1,1,1,1,3,2,02,2,4,000,071,1,0,1,2,1,49,5,1,2,00,2,1,13,201700024415B01,33,13,1
201700024416,2017-07-14,2017,juillet,vendredi,12:05,05,05027,44.85389,6.7257,1,1,1,1,1,3,2,02,2,-1,000,056,1,0,1,3,1,57,5,1,2,00,2,1,1,201700024416B01,33,17,1
201700024417,2017-07-19,2017,juillet,mercredi,10:45,05,05085,44.92888,6.71503,2,1,3,1,1,2,2,02,2,1,000,073,1,0,1,3,1,43,5,1,2,00,2,1,1,201700024417B01,7,10,1
201700024430,2017-10-28,2017,octobre,samedi,19:00,67,67445,48.29113,7.45777,1,1,2,3,1,3,2,02,1,1,000,000,1,0,1,4,1,16,5,1,9,00,2,4,1,201700024430B01,7,1,1
201700024459,2017-09-05,2017,septembre,mardi,75:8,31,31483,43.11286,0.72089,2,6,3,1,1,3,2,02,1,3,000,070,1,5,1,4,2,51,1,1,2,00,2,7,9,201700024459B01,7,9,1
201700024482,2017-08-01,2017,août,mardi,19:30,69,69280,45.80003,5.079,2,9,1,1,1,4,2,02,1,-1,005,010,1,,,4,1,11,5,1,2,00,2,8,19,201700024482B01,7,1,1
201700024484,2017-09-21,2017,septembre,jeudi,14:05,69,69285,45.75888,5.05175,2,1,1,1,1,4,2,02,1,-1,000,015,1,,,3,1,80,5,1,2,00,2,8,19,201700024484B01,7,15,1
201700024491,2017-05-11,2017,mai,jeudi,18:00,85,85199,46.50821,-1.05054,1,1,2,1,1,3,2,02,1,1,000,035,1,0,1,3,1,50,5,1,2,01,0,1,1,201700024491A01,14,24,1
201700024513,2017-01-15,2017,janvier,dimanche,8:,31,31555,43.5816,1.4627,2,1,1,5,1,4,2,00,1,1,000,000,1,0,1,4,1,25,5,1,9,00,2,1,1,201700024513B01,7,1,1
201700024514,2017-01-16,2017,janvier,lundi,90:5,31,31149,43.60924,1.35253,2,6,3,1,2,3,2,02,1,1,000,056,1,0,1,4,1,25,1,1,9,00,2,7,1,201700024514B01,7,9,1
201700024519,2017-01-19,2017,janvier,jeudi,15:30,31,31555,43.61602,1.45321,2,3,1,1,1,3,2,03,1,1,000,000,1,0,1,4,2,44,5,1,4,00,2,1,1,201700024519B01,7,15,1
201700024519,2017-01-19,2017,janvier,jeudi,15:30,31,31555,43.61602,1.45321,2,3,1,1,1,3,2,03,1,1,000,000,1,0,1,4,2,9,2,1,4,00,2,1,1,201700024519B01,7,15,1
201700024525,2017-01-21,2017,janvier,samedi,23:56,31,31555,43.6162,1.43709,2,2,3,5,1,3,2,00,1,1,000,000,1,0,1,3,2,24,5,1,9,00,2,7,15,201700024525B01,7,1,1
201700024529,2017-01-24,2017,janvier,mardi,17:20,31,31149,43.59705,1.32785,2,3,1,2,1,4,2,02,1,3,000,000,1,0,1,4,1,57,1,1,2,00,2,1,19,201700024529B01,3,16,1
201700024538,2017-01-31,2017,janvier,mardi,75:0,31,31555,43.59288,1.38932,2,1,3,2,1,3,2,02,1,1,000,000,1,0,1,4,1,61,0,1,2,00,2,0,1,201700024538B01,7,15,1
201700024543,2017-02-03,2017,février,vendredi,83:0,31,31555,43.59723,1.44553,2,1,3,1,2,4,2,02,1,1,000,000,2,0,1,4,1,56,1,1,9,00,2,0,0,201700024543A01,10,0,1
201700024547,2017-02-04,2017,février,samedi,30:0,31,31555,43.60568,1.45112,2,2,3,3,1,4,1,02,1,1,000,000,1,0,1,4,1,22,0,1,9,00,2,2,16,201700024547B01,7,1,1
201700024550,2017-02-06,2017,février,lundi,14:45,31,31555,43.57758,1.49042,2,1,7,1,1,4,2,02,2,4,000,000,1,0,1,3,1,67,5,1,9,00,0,0,1,201700024550A01,,,
201700024629,2017-03-28,2017,mars,mardi,71:0,31,31555,43.59917,1.41676,2,1,1,2,1,2,2,02,1,1,000,000,1,0,1,3,1,23,2,1,9,00,2,1,1,201700024629B01,33,13,1
201700024632,2017-03-28,2017,mars,mardi,16:20,31,31149,43.6129,1.33184,2,6,3,1,1,4,1,00,1,1,000,000,1,0,1,4,1,58,9,1,9,00,2,4,1,201700024632B01,7,9,1
201700024635,2017-03-29,2017,mars,mercredi,72:0,31,31555,43.62674,1.47737,2,1,3,1,1,3,2,00,1,1,000,000,1,0,1,4,1,51,9,1,9,00,0,0,0,201700024635B01,7,1,1
201700024637,2017-03-29,2017,mars,mercredi,17:45,31,31555,43.59045,1.43282,2,1,2,1,1,4,3,02,1,1,000,000,1,0,1,4,1,57,9,1,9,00,2,0,1,201700024637B01,7,17,1
201700024638,2017-03-29,2017,mars,mercredi,18:00,31,31555,43.63669,1.44087,2,1,1,1,1,4,2,02,1,1,000,000,1,0,1,4,2,40,0,1,9,00,2,1,1,201700024638B01,10,15,1
201700024646,2017-04-01,2017,avril,samedi,22:23,31,31555,43.59948,1.42951,2,1,3,5,2,4,2,02,1,1,000,000,2,0,1,4,2,44,0,1,9,00,2,1,9,201700024646A01,7,1,1
201700024648,2017-03-31,2017,mars,vendredi,16:35,31,31149,43.60962,1.3278,2,1,3,1,1,3,2,02,1,1,000,000,1,0,1,3,1,73,5,1,2,00,2,0,19,201700024648B01,30,1,1
201700024650,2017-04-04,2017,avril,mardi,80:5,31,31555,43.55878,1.4961,1,6,3,1,1,4,2,02,1,1,000,000,1,0,1,4,1,30,9,1,2,00,2,2,1,201700024650B01,7,9,1
201700024656,2017-04-08,2017,avril,samedi,14:5,31,31555,43.60607,1.46204,2,1,6,5,1,4,2,02,2,1,000,000,1,0,1,4,1,21,5,1,2,01,0,7,1,201700024656A01,,,
201700024671,2017-04-14,2017,avril,vendredi,12:34,31,31557,43.5885,1.35889,2,6,3,1,1,3,2,00,1,1,000,000,1,0,1,4,1,55,9,1,9,00,2,2,1,201700024671B01,7,9,1
201700024672,2017-04-14,2017,avril,vendredi,14:30,31,31069,43.6343,1.39125,2,3,3,1,1,3,2,03,1,1,000,000,1,0,1,3,1,21,5,1,9,00,2,1,1,201700024672A01,7,16,1
201700024685,2017-04-27,2017,avril,jeudi,17:27,31,31555,43.60741,1.45387,2,2,3,1,1,4,1,01,1,1,000,000,1,0,1,4,1,27,0,1,9,00,2,7,1,201700024685B01,7,1,1
201700024690,2017-05-01,2017,mai,lundi,16:00,31,31555,43.6217,1.45803,2,1,1,1,1,3,2,02,1,1,000,000,1,0,1,4,1,33,0,1,9,00,2,1,1,201700024690A01,7,1,1
201700024713,2017-05-13,2017,mai,samedi,16:00,31,31555,43.60805,1.44626,2,1,3,1,1,4,2,03,1,1,000,000,1,0,1,4,1,47,9,1,2,00,2,1,1,201700024713B01,7,15,1
201700024740,2017-05-26,2017,mai,vendredi,81:5,31,31555,43.59021,1.36803,2,3,3,1,7,3,2,03,1,1,000,000,1,0,1,3,2,66,5,1,9,00,2,9,1,201700024740B01,7,16,1
201700024745,2017-05-28,2017,mai,dimanche,19:50,31,31555,43.62687,1.45402,2,1,1,1,1,4,2,02,1,2,000,000,1,0,1,4,1,2,0,1,9,00,0,0,0,201700024745B01,30,0,1
201700024747,2017-05-29,2017,mai,lundi,16:05,31,31557,43.57619,1.31464,2,3,3,1,1,4,2,02,1,1,000,000,1,0,1,4,1,16,0,1,9,00,2,9,1,201700024747B01,7,15,1
201700024771,2017-06-09,2017,juin,vendredi,12:20,31,31555,43.59601,1.43234,2,1,2,1,1,4,3,00,1,1,000,000,1,0,1,4,2,35,5,1,9,00,2,4,11,201700024771B01,7,1,1
201700024773,2017-06-13,2017,juin,mardi,75:0,31,31149,43.60241,1.35072,2,1,3,1,1,4,2,00,1,1,000,000,1,0,1,4,2,20,2,1,9,00,2,8,11,201700024773B01,7,1,1
201700024776,2017-06-14,2017,juin,mercredi,18:30,31,31555,43.5829,1.40719,2,1,3,1,1,4,2,02,1,1,000,000,1,0,1,4,1,5,0,1,2,00,2,1,19,201700024776A01,7,1,1
201700024788,2017-06-21,2017,juin,mercredi,16:30,31,31149,43.60042,1.35343,2,1,3,1,1,4,2,02,1,3,000,052,1,0,1,4,1,34,1,1,9,00,2,1,1,201700024788B01,7,13,1
201700024797,2017-06-28,2017,juin,mercredi,13:45,31,31555,43.58679,1.42588,2,1,3,1,1,3,1,01,1,1,000,000,1,0,1,4,1,55,5,1,2,00,2,8,1,201700024797B01,7,15,1
201700024798,2017-06-28,2017,juin,mercredi,16:10,31,31555,43.57726,1.43762,2,1,2,1,3,3,2,02,1,1,000,000,2,0,1,4,1,16,9,1,2,00,2,1,1,201700024798A01,7,1,1
201700024806,2017-07-06,2017,juillet,jeudi,11:10,31,31555,43.61154,1.45024,2,1,6,1,1,4,1,01,1,1,000,000,1,0,1,3,1,25,5,1,9,00,2,1,1,201700024806B01,7,22,1
201700024814,2017-07-12,2017,juillet,mercredi,91:0,31,31069,43.62183,1.39693,2,1,2,1,1,4,3,00,1,1,000,000,1,0,1,4,1,29,0,1,2,00,2,1,1,201700024814A01,38,1,1
201700024819,2017-07-14,2017,juillet,vendredi,15:00,31,31149,43.60602,1.34684,2,1,2,1,1,4,2,02,1,1,000,000,1,0,1,4,1,23,0,1,2,00,2,1,1,201700024819B01,7,1,1
201700024829,2017-07-24,2017,juillet,lundi,20:00,31,31555,43.59792,1.43069,2,1,3,1,1,4,3,04,1,1,000,000,1,0,1,4,1,36,9,1,9,00,2,8,19,201700024829B01,7,15,1
201700024833,2017-07-26,2017,juillet,mercredi,18:50,31,31555,43.59461,1.44892,2,1,5,1,1,4,2,02,1,1,000,000,1,0,1,4,2,42,5,1,9,00,2,3,19,201700024833B01,33/ 7,17/1,2
201700024839,2017-07-31,2017,juillet,lundi,18:50,31,31555,43.61241,1.45851,2,3,3,1,1,4,3,02,2,1,000,000,1,0,1,4,2,25,5,1,2,00,2,1,1,201700024839B01,7,16,1
201700024847,2017-08-04,2017,août,vendredi,16:55,31,31555,43.60025,1.45178,2,1,6,1,1,4,3,00,1,1,000,000,1,0,1,4,2,40,9,1,9,00,2,1,11,201700024847A01,7,1,1
201700024851,2017-08-07,2017,août,lundi,18:35,31,31555,43.60593,1.4017,2,1,3,1,1,4,3,00,2,1,000,000,1,0,1,4,1,41,1,1,9,00,2,0,13,201700024851A01,33,1,1
201700024853,2017-08-09,2017,août,mercredi,92:0,31,31555,43.61121,1.37272,2,6,3,1,1,4,1,00,1,2,000,000,1,0,1,4,1,26,1,1,9,00,2,1,1,201700024853B01,7,16,1
201700024861,2017-08-17,2017,août,jeudi,90:5,31,31555,43.60954,1.45449,2,2,3,1,1,4,3,04,1,1,000,000,1,2,1,4,2,34,1,1,9,00,2,8,1,201700024861B01,10,15,1
201700024875,2017-08-31,2017,août,jeudi,18:15,31,31555,43.60678,1.45079,2,1,6,1,8,9,3,02,2,1,000,000,1,0,4,1,1,15,5,1,9,00,1,1,1,201700024875A01,,,
201700024886,2017-09-08,2017,septembre,vendredi,14:25,31,31555,43.61338,1.40152,2,1,3,1,1,3,2,02,1,2,000,000,1,0,1,4,1,33,0,1,2,00,2,4,1,201700024886B01,7,15,1
201700024892,2017-09-11,2017,septembre,lundi,85:0,31,31555,43.64167,1.44892,2,1,3,1,1,3,3,05,1,3,000,000,1,0,1,4,1,34,0,1,9,00,2,1,1,201700024892B01,7,16,1
201700024896,2017-09-12,2017,septembre,mardi,74:5,31,31555,43.55765,1.40172,2,1,6,1,1,3,2,02,1,1,000,000,1,0,1,4,1,40,0,1,2,00,2,3,1,201700024896B01,14,1,1
201700024898,2017-09-13,2017,septembre,mercredi,80:0,31,31557,43.5945,1.31828,2,1,1,1,1,4,-1,01,1,1,000,000,1,0,1,4,1,49,4,1,2,00,2,4,1,201700024898B01,2,15,1
201700024900,2017-09-13,2017,septembre,mercredi,45:5,31,31149,43.60466,1.30726,2,3,3,5,1,3,2,02,1,1,000,000,1,0,1,4,1,33,0,1,4,00,2,0,1,201700024900B01,7,9,1
201700024915,2017-09-18,2017,septembre,lundi,17:50,31,31555,43.62375,1.4369,2,2,3,1,1,4,1,01,1,1,000,000,1,0,1,4,1,31,1,1,9,00,2,1,5,201700024915B01,7,9,1
201700024922,2017-09-20,2017,septembre,mercredi,14:15,31,31555,43.62572,1.42262,2,1,3,1,1,4,2,02,1,1,000,000,1,0,1,4,1,60,0,1,2,00,2,8,1,201700024922A01,7,17,1
201700024924,2017-09-21,2017,septembre,jeudi,21:20,31,31555,43.58055,1.41025,2,3,1,5,1,4,2,02,1,1,000,000,1,0,1,4,1,20,9,1,9,00,2,1,1,201700024924B01,7,15,1
201700024925,2017-09-22,2017,septembre,vendredi,18:35,31,31555,43.56971,1.40407,2,1,3,1,1,4,1,01,1,1,000,000,1,0,1,4,1,20,5,1,9,00,2,7,1,201700024925B01,7,0,1
201700024927,2017-09-23,2017,septembre,samedi,12:40,31,31555,43.6006,1.44932,2,1,3,1,1,4,2,03,1,1,000,000,1,0,1,3,1,21,0,1,2,00,2,0,1,201700024927B01,33,18,1
201700024945,2017-09-29,2017,septembre,vendredi,13:50,31,31555,43.61603,1.43721,2,2,3,1,1,4,1,02,1,1,,,1,0,1,4,2,24,0,1,2,00,2,6,1,201700024945B01,10,12,1
201700024949,2017-10-02,2017,octobre,lundi,15:50,31,31555,43.60613,1.44569,2,2,3,1,1,4,-1,00,1,1,000,000,1,0,1,4,1,27,5,1,9,00,2,1,1,201700024949B01,7,1,1
201700024951,2017-10-03,2017,octobre,mardi,74:5,31,31555,43.57047,1.45477,2,1,6,2,8,4,2,00,1,1,000,000,2,0,1,4,1,24,2,1,2,01,2,2,1,201700024951B01,7/ 10,22/1,2
201700024952,2017-10-03,2017,octobre,mardi,16:11,31,31555,43.60556,1.4488,2,1,3,1,1,3,2,02,1,1,000,000,1,0,1,1,1,32,0,1,9,00,2,8,1,201700024952B01,2,15,1
201700024964,2017-10-09,2017,octobre,lundi,14:55,31,31555,43.56429,1.48128,2,1,3,1,1,4,1,02,1,1,000,000,1,0,1,4,1,71,5,1,9,00,2,7,14,201700024964A01,7,1,1
201700024966,2017-10-11,2017,octobre,mercredi,17:50,31,31555,43.60616,1.44882,2,1,2,1,1,4,3,00,4,1,000,000,1,0,1,4,1,79,9,1,9,00,2,1,2,201700024966A01,7,23,1
201700024976,2017-10-17,2017,octobre,mardi,17:40,31,31069,43.62487,1.39245,2,1,1,1,1,4,2,02,1,1,000,000,1,0,1,3,1,22,0,1,2,00,2,1,1,201700024976B01,7,15,1
201700024988,2017-10-23,2017,octobre,lundi,11:20,31,31555,43.60039,1.45067,2,1,3,1,1,4,1,00,1,1,000,000,1,0,1,4,1,55,9,1,9,00,2,1,8,201700024988A01,10,15,1
201700024999,2017-10-30,2017,octobre,lundi,83:0,31,31555,43.59885,1.43624,2,1,6,1,1,3,1,02,1,1,000,000,1,0,1,4,2,51,1,1,2,00,2,0,1,201700024999B01,10,23,1
201700025001,2017-10-31,2017,octobre,mardi,12:45,31,31555,43.5781,1.45037,2,1,3,1,1,4,2,03,1,1,000,000,1,0,1,4,2,23,5,1,2,00,2,8,15,201700025001B01,10,17,1
201700025020,2017-11-08,2017,novembre,mercredi,17:45,31,31149,43.60918,1.32633,2,6,3,5,2,4,2,02,1,1,000,000,2,0,1,4,1,33,9,1,9,00,2,7,1,201700025020B01,7,9,1
201700025023,2017-11-10,2017,novembre,vendredi,71:5,31,31555,43.60911,1.42766,2,1,3,2,1,4,1,01,1,1,000,000,1,0,1,4,1,19,4,1,2,00,2,1,5,201700025023A01,7,16,1
201700025037,2017-11-15,2017,novembre,mercredi,12:45,31,31555,43.59049,1.42021,2,2,3,1,1,4,2,00,1,1,000,000,1,0,1,4,2,25,9,1,9,00,2,1,1,201700025037B01,10,15,1
201700025066,2017-11-30,2017,novembre,jeudi,18:05,31,31555,43.59325,1.44294,2,1,3,5,1,3,2,02,1,1,000,000,1,0,1,4,1,40,1,1,2,00,2,8,1,201700025066B01,7,15,1
201700025087,2017-12-09,2017,décembre,samedi,34:0,31,31555,43.60908,1.43058,2,3,3,5,1,4,2,00,1,1,000,000,1,0,1,4,1,19,5,1,2,00,2,3,9,201700025087A01,10,1,1
201700025089,2017-11-23,2017,novembre,jeudi,18:00,31,31555,43.6198,1.46886,2,1,6,5,1,4,2,00,1,2,000,000,1,0,1,1,1,27,5,1,9,00,0,0,9,201700025089A01,33,1,1
201700025119,2017-12-22,2017,décembre,vendredi,19:45,31,31069,43.63113,1.39172,2,1,3,5,2,4,2,02,1,1,000,000,2,0,1,4,2,25,9,1,2,00,2,1,1,201700025119A01,7,15,1
201700025136,2017-09-22,2017,septembre,vendredi,17:00,28,28389,48.01858,1.3523,1,1,7,1,1,3,-1,02,1,1,000,078,1,0,1,3,1,73,5,1,2,00,0,0,1,201700025136A01,,,
201700025159,2017-11-22,2017,novembre,mercredi,81:6,10,10260,48.22106,4.11437,1,3,2,2,7,3,2,02,1,1,,,1,0,1,3,1,66,9,1,2,00,2,3,1,201700025159B01,7,9,1
201700025173,2017-03-11,2017,mars,samedi,11:00,68,68172,48.07642,7.53428,2,2,3,1,1,3,2,02,1,1,000,062,1,0,1,4,1,57,5,1,2,00,2,1,21,201700025173B01,7,15,1
201700025175,2017-04-08,2017,avril,samedi,14:50,68,68295,48.01467,7.3668,1,1,2,1,1,3,2,02,1,1,000,058,1,0,1,3,1,69,5,1,2,00,2,1,2,201700025175B01,15,23,1
201700025180,2017-05-08,2017,mai,lundi,10:50,68,68295,48.01233,7.38536,2,2,3,1,2,3,2,02,1,1,000,070,1,0,1,3,1,70,5,1,2,00,2,1,15,201700025180B01,7,19,1
201700025194,2017-03-06,2017,mars,lundi,85:0,68,68005,48.12421,7.28483,2,2,3,1,2,3,2,02,2,1,000,075,2,5,0,4,1,63,5,1,9,00,2,8,1,201700025194A01,17,17,1
201700025196,2017-03-13,2017,mars,lundi,13:53,68,68162,48.13536,7.2659,2,3,3,1,1,3,2,03,1,1,000,100,1,0,1,4,1,70,5,1,9,00,2,1,1,201700025196B01,7,15,1
201700025197,2017-03-26,2017,mars,dimanche,13:50,68,68310,48.12893,7.3148,1,1,5,1,1,9,2,02,1,1,000,042,1,0,1,3,2,71,5,1,2,00,2,8,2,201700025197A01,7,2,1
201700025197,2017-03-26,2017,mars,dimanche,13:50,68,68310,48.12893,7.3148,1,1,5,1,1,9,2,02,1,1,000,042,1,0,1,1,1,75,5,1,2,00,2,8,2,201700025197C01,7,2,1
201700025200,2017-05-16,2017,mai,mardi,18:00,68,68310,48.13293,7.31864,1,6,3,1,1,3,2,02,1,2,000,075,1,5,1,4,1,43,5,1,2,00,2,1,2,201700025200B01,7,1,1
201700025288,2017-01-20,2017,janvier,vendredi,15:55,81,81156,43.90923,2.0325,2,2,3,1,1,3,2,02,1,1,,120,1,0,1,3,1,80,5,1,9,00,2,1,1,201700025288B01,7,19,1
201700025323,2017-01-16,2017,janvier,lundi,18:30,32,32013,43.6372,0.59642,2,4,6,5,1,4,2,02,2,3,000,000,2,0,1,4,1,15,5,1,9,00,2,1,1,201700025323B01,7,15,1
201700025331,2017-03-27,2017,mars,lundi,18:25,32,32013,43.6644,0.59617,2,3,3,1,1,4,2,02,1,1,000,000,1,0,1,4,1,66,5,1,9,00,2,7,15,201700025331A01,7,1,1
201700025342,2017-05-05,2017,mai,vendredi,15:10,32,32013,43.6354,0.58903,2,1,2,1,1,4,2,02,1,1,000,000,1,0,1,4,1,17,5,1,2,00,2,1,1,201700025342B01,7,1,1
201700025350,2017-05-28,2017,mai,dimanche,18:30,32,32013,43.6539,0.61182,1,6,3,1,1,3,2,02,2,1,000,000,1,0,1,4,2,30,5,1,2,00,2,7,1,201700025350B01,7,1,1
201700025363,2017-08-23,2017,août,mercredi,19:30,32,32013,43.657,0.58897,2,1,6,1,1,4,2,02,1,1,000,059,1,0,1,3,1,40,5,1,2,01,0,1,1,201700025363A01,,,
201700025368,2017-09-30,2017,septembre,samedi,10:25,32,32013,43.6472,0.58896,2,1,2,1,2,4,1,02,1,1,000,000,2,2,1,3,1,81,3,1,9,00,2,7,19,201700025368B01,7,1,1
201700025378,2017-12-08,2017,décembre,vendredi,14:20,32,32013,43.6477,0.59022,2,1,7,1,1,4,2,02,1,1,000,000,2,0,1,4,1,15,5,1,2,00,2,1,19,201700025378B01,7,1,1
201700025393,2017-06-23,2017,juin,vendredi,13:45,57,57551,48.84923,7.0656,1,1,6,1,1,3,2,02,2,4,000,051,1,0,3,2,1,67,5,1,2,15,0,1,1,201700025393A01,,,
201700025395,2017-07-01,2017,juillet,samedi,15:30,57,57629,48.77281,7.05952,2,1,7,1,1,4,2,02,1,-1,000,000,1,4,0,3,2,53,5,1,2,14,0,0,1,201700025395A01,,,
201700025427,2017-06-09,2017,juin,vendredi,13:00,31,31044,43.60747,1.48549,2,1,2,1,1,3,3,02,1,1,000,000,1,0,1,3,1,79,9,1,2,00,0,4,2,201700025427A01,7,2,1
201700025433,2017-10-01,2017,octobre,dimanche,10:45,31,31285,43.64718,1.58971,1,1,5,1,1,3,2,02,1,1,000,000,1,0,3,3,1,54,5,1,2,00,0,4,1,201700025433B01,7,1/,2
201700025433,2017-10-01,2017,octobre,dimanche,10:45,31,31285,43.64718,1.58971,1,1,5,1,1,3,2,02,1,1,000,000,1,0,3,3,1,54,5,1,2,00,0,4,1,201700025433C01,7,1/,2
201700025438,2017-11-15,2017,novembre,mercredi,14:15,31,31044,43.62961,1.48751,2,1,3,1,1,3,2,02,2,-1,000,000,1,0,1,1,1,25,4,1,9,00,2,4,5,201700025438B01,31,1,1
201700025453,2017-12-02,2017,décembre,samedi,19:00,31,31113,43.5166,1.5065,2,1,3,5,1,9,2,02,1,1,000,000,2,0,1,4,1,41,5,1,9,00,2,1,18,201700025453A01,7,16,1
201700025467,2017-11-10,2017,novembre,vendredi,17:45,42,42332,46.00881,4.04678,1,1,3,3,2,3,2,02,1,1,000,000,2,0,1,1,1,17,0,1,4,00,2,3,2,201700025467B01,31,2,1
201700025472,2017-05-25,2017,mai,jeudi,14:15,84,84069,44.16161,5.14166,1,1,1,1,1,3,2,02,2,3,,,1,0,1,4,2,48,5,1,2,00,2,3,1,201700025472B01,33,1,1
201700025475,2017-08-28,2017,août,lundi,13:50,84,84015,44.17271,5.22443,1,1,3,1,1,3,2,02,2,3,000,000,1,0,1,3,1,56,5,1,2,00,2,1,1,201700025475A01,7,1,1
201700025481,2017-11-08,2017,novembre,mercredi,15:30,84,84104,44.19172,5.01464,1,6,3,1,1,3,2,02,1,-1,000,015,1,,,3,1,58,5,1,2,00,2,1,1,201700025481B01,7,16,1