Num_Acc,date,an,mois,jour,hrmn,dep,com,lat,long,agg,int,col,lum,atm,catr,circ,nbv,prof,plan,lartpc,larrout,surf,infra,situ,grav,sexe,age,trajet,secuexist,equipement,obs,obsm,choc,manv,vehiculeid,typevehicules,manoeuvehicules,numVehicules
201700025513,2017-10-04,2017,octobre,mercredi,18:15,41,41101,47.6063,1.14518,2,1,1,2,7,3,2,02,1,1,000,000,1,0,1,4,1,16,5,1,2,00,0,0,1,201700025513B01,7,15,1
201700025527,2017-01-08,2017,janvier,dimanche,18:20,33,33009,44.64445,-1.19555,2,3,3,5,1,3,2,02,1,1,000,084,1,0,,3,1,33,5,1,9,00,2,1,1,201700025527B01,7,15,1
201700025538,2017-04-16,2017,avril,dimanche,19:00,33,33529,44.6361,-1.14452,2,1,6,1,1,4,2,02,1,1,000,075,1,0,1,4,1,16,5,1,2,00,2,8,15,201700025538B01,7,17,1
201700025546,2017-07-05,2017,juillet,mercredi,11:10,33,33529,44.64561,-1.15789,2,1,6,1,1,4,2,02,1,1,012,059,1,0,5,4,1,36,5,1,2,00,2,6,1,201700025546B01,7,15,1
201700025550,2017-07-19,2017,juillet,mercredi,10:30,33,33529,44.56703,-1.22881,1,1,6,1,1,3,2,02,4,1,000,070,1,0,5,3,1,67,5,1,2,00,1,1,1,201700025550A01,,,
201700025562,2017-11-10,2017,novembre,vendredi,82:0,33,33009,44.65617,-1.17811,2,3,3,1,2,4,2,02,1,1,000,060,2,0,1,3,2,43,1,1,2,00,2,8,1,201700025562A01,7,1,1
201700025568,2017-05-16,2017,mai,mardi,10:10,74,74238,46.22988,6.65833,2,1,2,1,1,3,2,02,1,1,000,000,1,0,1,4,1,65,5,1,2,00,0,4,1,201700025568B01,3,2,1
201700025593,2017-01-11,2017,janvier,mercredi,95:0,33,33063,44.8542,-0.60944,2,4,3,1,2,4,2,02,1,1,000,190,1,0,1,4,2,55,9,1,2,00,2,1,1,201700025593B01,7,17,1
201700025642,2017-02-06,2017,février,lundi,84:0,33,33075,44.8693,-0.57618,2,3,3,1,1,4,2,06,1,1,000,000,1,0,1,4,1,37,9,1,2,00,0,8,5,201700025642B01,7,16,1
201700025645,2017-02-16,2017,février,jeudi,90:0,33,33063,44.8319,-0.57347,2,1,6,1,1,4,3,04,1,1,000,000,1,0,5,1,1,32,1,1,9,00,1,1,1,201700025645A01,,,
201700025646,2017-02-18,2017,février,samedi,72:0,33,33063,44.82857,-0.56243,2,1,2,2,1,4,2,04,2,1,000,059,1,0,1,3,1,40,0,1,2,00,2,4,1,201700025646A01,7,0,1
201700025647,2017-02-17,2017,février,vendredi,94:5,33,33063,44.8348,-0.57835,2,2,1,1,1,4,2,02,1,1,000,000,1,0,1,4,2,43,9,1,2,00,0,8,1,201700025647A01,32,1,1
201700025651,2017-02-12,2017,février,dimanche,19:10,33,33063,44.8537,-0.57096,2,1,2,5,1,4,2,02,1,1,000,000,1,0,0,4,2,43,9,1,2,00,0,4,1,201700025651B01,7,1,1
201700025654,2017-02-17,2017,février,vendredi,20:11,33,33192,44.7717,-0.6095,2,3,3,5,1,4,2,02,-1,1,000,080,1,0,1,4,1,45,9,1,2,00,2,1,1,201700025654A01,7,15,1
201700025656,2017-02-25,2017,février,samedi,20:50,33,33522,44.8191,-0.58446,2,3,1,5,1,4,2,02,1,1,000,030,1,0,1,4,1,29,9,1,2,00,2,1,1,201700025656A01,7,15,1
201700025658,2017-02-23,2017,février,jeudi,73:0,33,33281,44.8428,-0.67,2,6,1,5,1,4,1,01,1,1,000,000,1,0,0,2,1,45,9,1,2,00,0,3,19,201700025658B01,14,16,1
201700025662,2017-03-02,2017,mars,jeudi,18:25,33,33063,44.8232,-0.56278,2,2,5,1,1,4,1,01,2,1,000,000,1,0,1,4,1,47,1,1,2,00,0,1,1,201700025662B01,7,1,2
201700025673,2017-03-10,2017,mars,vendredi,23:30,33,33063,44.841,-0.56922,2,1,3,5,1,4,3,09,1,1,000,000,-1,0,1,4,1,25,0,1,2,00,0,8,1,201700025673A01,7,17,1
201700025676,2017-03-15,2017,mars,mercredi,20:15,33,33063,44.8414,-0.55801,2,1,3,5,1,4,3,08,1,1,000,000,1,4,1,3,1,22,9,1,4,00,0,4,19,201700025676B01,40,1,1
201700025691,2017-03-23,2017,mars,jeudi,85:0,33,33281,44.843,-0.6395,2,4,3,1,2,4,2,05,1,1,000,900,2,0,1,4,1,20,0,1,2,00,2,1,1,201700025691B01,7,15,1
201700025701,2017-03-28,2017,mars,mardi,13:40,33,33522,44.80725,-0.5915,2,1,1,1,1,4,3,04,1,1,000,000,1,0,1,4,1,32,0,1,2,00,2,1,1,201700025701Y01,7,0,1
201700025726,2017-04-17,2017,avril,lundi,13:0,33,33063,44.8269,-0.56922,2,2,1,5,1,4,2,02,1,1,000,071,1,0,1,3,1,46,9,1,2,00,0,0,1,201700025726A01,7,1,1
201700025737,2017-04-22,2017,avril,samedi,13:0,33,33063,44.8531,-0.58001,2,2,3,5,1,4,2,02,1,1,000,000,1,0,1,3,1,24,9,1,2,00,0,1,5,201700025737A01,33,1,1
201700025745,2017-04-30,2017,avril,dimanche,33:0,33,33063,44.8283,-0.55722,2,2,3,5,1,4,2,03,1,1,000,016,1,4,1,1,1,18,5,1,4,00,0,1,1,201700025745B01,7,1,1
201700025745,2017-04-30,2017,avril,dimanche,33:0,33,33063,44.8283,-0.55722,2,2,3,5,1,4,2,03,1,1,000,016,1,4,1,4,2,16,5,1,9,00,0,1,1,201700025745B01,7,1,1
201700025746,2017-05-03,2017,mai,mercredi,20:08,33,33522,44.8141,-0.58879,2,4,1,1,1,4,3,04,1,1,000,025,1,0,1,4,1,31,0,1,2,00,2,1,1,201700025746A01,7,16,1
201700025759,2017-05-13,2017,mai,samedi,14:30,33,33063,44.8787,-0.56846,2,3,1,1,1,4,2,03,1,1,000,000,1,0,1,4,1,40,0,1,9,00,0,2,1,201700025759B01,7,15,1
201700025769,2017-05-18,2017,mai,jeudi,23:30,33,33063,44.8333,-0.59418,2,2,1,5,2,4,3,06,1,1,000,200,2,0,1,4,1,48,5,1,2,00,2,1,1,201700025769B01,7,15,1
201700025778,2017-05-29,2017,mai,lundi,19:45,33,33281,44.8391,-0.69378,1,1,2,1,1,4,2,02,1,1,000,000,1,0,1,2,1,51,1,1,2,00,0,4,1,201700025778B01,15,1,1
201700025790,2017-06-03,2017,juin,samedi,12:00,33,33063,44.8317,-0.57338,2,4,5,1,2,4,3,03,1,1,000,000,2,0,0,4,1,30,0,1,2,00,0,9,23,201700025790C01,10/ 40/ 7,21/1/23,5
201700025801,2017-06-17,2017,juin,samedi,21:30,33,33281,44.8404,-0.64018,2,2,1,1,1,4,2,03,1,1,000,540,1,0,1,4,1,16,5,1,9,00,2,1,1,201700025801A01,7,1,1
201700025803,2017-06-22,2017,juin,jeudi,21:30,33,33063,44.84829,-0.59762,2,2,3,1,1,4,1,06,1,1,000,189,1,0,1,4,1,18,0,1,2,00,2,2,1,201700025803B01,7,1,1
201700025804,2017-06-26,2017,juin,lundi,74:2,33,33192,44.779,-0.59468,2,1,2,2,1,4,2,02,1,1,000,000,2,0,1,4,1,32,0,1,2,00,0,4,1,201700025804B01,7,1,1
201700025811,2017-07-01,2017,juillet,samedi,45:0,33,33063,44.8553,-0.61396,2,2,3,5,9,4,2,03,1,1,000,000,2,0,0,3,1,44,0,1,2,00,0,1,1,201700025811B01,7,15,1
201700025815,2017-06-22,2017,juin,jeudi,12:30,33,33063,44.82862,-0.58348,2,3,5,1,1,4,2,02,1,1,000,000,1,0,1,3,2,45,4,1,2,00,2,9,1,201700025815C01,30/ 7,1/15,2
201700025821,2017-07-05,2017,juillet,mercredi,10:00,33,33063,44.8257,-0.59842,2,6,3,1,1,4,2,02,1,4,000,000,1,0,1,3,2,33,0,1,2,00,0,1,18,201700025821B01,7,16,1
201700025829,2017-07-11,2017,juillet,mardi,90:0,33,33281,44.83876,-0.62593,2,2,3,1,1,4,2,04,2,1,000,000,1,0,1,4,1,17,0,1,2,00,2,0,1,201700025829A01,7,19,1
201700025847,2017-07-24,2017,juillet,lundi,22:30,33,33063,44.8658,-0.56059,2,1,2,5,1,4,2,06,1,1,000,000,1,0,1,4,1,24,9,1,2,00,0,9,19,201700025847A01,7,1,1
201700025851,2017-08-03,2017,août,jeudi,17:20,33,33063,44.84303,-0.55513,2,1,3,1,1,4,3,08,1,1,000,000,1,0,1,3,1,25,0,1,2,00,2,1,1,201700025851B01,7,16,1
201700025854,2017-08-10,2017,août,jeudi,20:35,33,33063,44.8342,-0.56264,2,1,3,1,1,4,3,04,1,1,000,000,1,0,1,3,1,36,0,1,2,00,0,9,19,201700025854B01,7,1,1
201700025859,2017-08-13,2017,août,dimanche,14:0,33,33063,44.83292,-0.58413,2,2,3,5,1,4,1,01,1,1,000,049,1,0,0,4,2,19,5,1,2,00,0,5,1,201700025859B01,7,1,1
201700025870,2017-08-26,2017,août,samedi,19:30,33,33063,44.8319,-0.57727,2,2,3,1,1,4,2,02,1,1,000,000,1,0,1,4,1,20,0,1,2,00,2,1,1,201700025870B01,7,1,1
201700025891,2017-09-24,2017,septembre,dimanche,54:0,33,33063,44.83881,-0.56212,2,1,5,5,1,4,3,04,1,1,000,000,1,0,0,4,1,22,0,1,2,00,2,1,1,201700025891C01,7,1,2
201700025899,2017-08-31,2017,août,jeudi,40:,33,33063,44.84205,-0.55189,2,1,6,5,1,4,1,01,1,1,000,059,1,0,1,4,1,18,0,1,2,01,0,1,1,201700025899A01,,,
201700025917,2017-10-22,2017,octobre,dimanche,21:10,33,33063,44.83142,-0.57537,2,4,1,5,1,4,3,03,1,1,000,000,1,0,1,4,2,20,0,1,2,08,2,3,1,201700025917A01,13,1,1
201700025920,2017-10-26,2017,octobre,jeudi,22:10,33,33167,44.8314,-0.53317,2,2,1,5,1,4,2,02,1,1,000,000,1,0,0,4,1,29,5,1,2,00,0,1,15,201700025920B01,7,15,1
201700025938,2017-11-19,2017,novembre,dimanche,12:0,33,33063,44.8389,-0.56798,2,3,3,5,1,4,3,02,1,1,000,000,1,0,1,3,1,27,0,1,2,00,0,8,19,201700025938B01,33,1,1
201700025948,2017-11-27,2017,novembre,lundi,16:10,33,33192,44.78043,-0.60323,2,2,1,1,1,4,3,02,1,1,000,000,1,0,0,3,1,12,0,1,9,00,2,1,1,201700025948B01,7,16,1
201700025950,2017-11-28,2017,novembre,mardi,14:00,33,33039,44.80958,-0.54223,2,2,3,1,8,4,2,02,1,1,000,000,2,0,1,4,1,47,0,1,9,00,2,1,1,201700025950A01,10,15,1
201700025956,2017-12-10,2017,décembre,dimanche,18:35,33,33063,44.84692,-0.62914,2,2,3,2,3,4,2,04,1,1,000,100,2,0,1,3,2,52,9,1,9,00,2,9,1,201700025956B01,7,15,1
201700025958,2017-12-17,2017,décembre,dimanche,20:0,33,33063,44.845,-0.57058,2,1,1,5,1,4,3,08,1,1,000,000,1,0,1,3,1,28,5,1,2,00,2,9,19,201700025958A01,7,1,1
201700025960,2017-12-14,2017,décembre,jeudi,10:15,33,33522,44.8045,-0.60076,2,6,1,1,2,4,3,04,1,1,000,061,2,0,1,4,1,22,0,1,2,00,0,1,16,201700025960B01,7,18,1
201700025972,2017-03-10,2017,mars,vendredi,73:0,49,49192,47.01525,-0.74425,1,2,3,2,1,3,2,02,1,1,006,010,1,5,1,3,1,66,5,1,2,00,2,8,1,201700025972B01,7,19,1
201700025977,2017-07-14,2017,juillet,vendredi,11:00,49,49192,47.00675,-0.74525,2,6,3,1,1,3,-1,02,1,-1,000,015,1,,,3,1,66,5,1,2,00,2,7,0,201700025977B01,7,13,1
201700025981,2017-08-22,2017,août,mardi,11:15,49,49195,47.0558,-0.80712,1,1,2,1,1,3,2,02,2,2,000,068,1,0,1,4,1,65,5,1,2,00,2,4,1,201700025981B01,10,1,1
201700025987,2017-11-05,2017,novembre,dimanche,94:0,49,49371,47.11895,-0.70984,2,4,3,1,1,4,,,,,,,,,,4,1,63,5,1,2,00,2,1,1,201700025987B01,7,15,1
201700025992,2017-07-10,2017,juillet,lundi,13:45,18,18168,47.37005,2.65535,1,1,2,1,1,3,2,02,1,1,000,050,1,0,1,3,1,57,5,1,2,00,0,4,1,201700025992B01,7,2,1
201700026002,2017-03-10,2017,mars,vendredi,17:45,06,06161,43.63068,7.13422,2,1,3,1,7,3,2,02,1,1,000,070,1,0,5,3,1,62,5,1,2,00,2,1,1,201700026002B01,7,15,1
201700026011,2017-05-31,2017,mai,mercredi,18:15,06,06161,43.64316,7.12187,2,1,3,1,1,6,-1,00,2,1,000,000,1,0,1,3,1,13,5,1,2,00,2,1,19,201700026011A01,7,1,1
201700026018,2017-07-24,2017,juillet,lundi,75:0,06,06044,43.68615,7.10263,2,1,,1,1,4,2,02,2,1,000,000,1,0,4,3,1,47,5,1,2,01,0,1,0,201700026018A01,,,
201700026027,2017-09-18,2017,septembre,lundi,93:0,06,06161,43.63088,7.13489,2,1,3,1,1,3,2,02,1,1,000,000,1,0,1,4,1,78,5,1,2,00,2,7,19,201700026027B01,2,1,1
201700026034,2017-12-04,2017,décembre,lundi,18:10,06,06161,43.61943,7.13031,2,1,2,3,1,3,2,02,1,1,000,000,1,0,5,4,1,52,5,1,2,00,0,4,1,201700026034A01,7,14,1
201700026038,2017-02-15,2017,février,mercredi,13:30,34,34003,43.28294,3.50294,2,2,3,1,2,4,2,02,1,1,000,033,2,0,1,4,1,19,0,1,9,00,2,1,1,201700026038B01,7,1,1
201700026041,2017-04-06,2017,avril,jeudi,15:00,34,34003,43.3,3.49,2,1,6,1,1,4,-1,01,2,1,000,000,1,0,4,3,1,73,5,1,2,00,1,1,1,201700026041A01,,,
201700026049,2017-07-19,2017,juillet,mercredi,85:0,34,34003,43.29745,3.47484,1,1,3,2,1,3,2,02,1,1,000,072,1,0,1,3,1,75,3,1,9,00,2,7,19,201700026049B01,7,1,1
201700026053,2017-09-22,2017,septembre,vendredi,17:55,34,34003,43.28221,3.49816,2,6,3,1,7,4,1,01,1,3,000,093,1,0,1,3,1,69,0,1,9,00,2,7,12,201700026053B01,7,12,1
201700026054,2017-10-11,2017,octobre,mercredi,17:15,34,34003,43.30795,3.47653,2,7,2,1,1,4,2,02,1,1,000,058,1,0,1,4,1,15,5,1,9,00,2,5,16,201700026054B01,34,18,1
201700026067,2017-05-01,2017,mai,lundi,21:20,34,34032,43.353,3.21848,2,1,6,5,1,4,-1,00,-1,-1,000,000,-1,0,0,1,1,27,0,1,2,00,1,0,0,201700026067Z01,,,
201700026067,2017-05-01,2017,mai,lundi,21:20,34,34032,43.353,3.21848,2,1,6,5,1,4,-1,00,-1,-1,000,000,-1,0,0,4,1,49,0,1,8,00,1,0,0,201700026067Z01,,,
201700026094,2017-01-05,2017,janvier,jeudi,18:10,34,34172,43.6076,3.86982,2,1,3,5,1,4,1,02,1,1,000,060,1,0,1,4,1,39,5,1,2,00,2,7,15,201700026094A01,7,1,1
201700026094,2017-01-05,2017,janvier,jeudi,18:10,34,34172,43.6076,3.86982,2,1,3,5,1,4,1,02,1,1,000,060,1,0,1,4,1,6,5,1,2,00,2,7,15,201700026094A01,7,1,1
201700026107,2017-01-26,2017,janvier,jeudi,20:05,34,34172,43.6003,3.85951,2,4,2,5,1,4,1,01,1,1,000,000,2,0,1,4,1,47,5,1,2,00,2,4,1,201700026107B01,7,1,1
201700026144,2017-03-24,2017,mars,vendredi,93:0,34,34172,43.62554,3.83669,2,1,3,1,2,3,2,04,1,3,000,085,2,0,1,3,1,44,1,1,9,00,2,8,1,201700026144B01,7,1,1
201700026150,2017-04-06,2017,avril,jeudi,13:15,34,34129,43.57219,3.90195,2,3,3,1,1,4,2,02,1,1,000,068,1,0,1,3,1,13,5,1,2,00,2,0,19,201700026150B01,7,1,1
201700026164,2017-04-28,2017,avril,vendredi,12:30,34,34172,43.62065,3.86481,2,1,3,1,1,4,2,04,1,1,010,090,1,0,4,4,2,28,1,1,2,00,2,8,1,201700026164A01,7,1,1
201700026166,2017-04-26,2017,avril,mercredi,91:5,34,34172,43.61761,3.90223,2,2,3,1,1,4,2,02,2,1,000,000,1,0,1,3,1,37,0,1,2,00,2,1,5,201700026166A01,7,23,1
201700026188,2017-05-24,2017,mai,mercredi,16:15,34,34172,43.58183,3.86872,2,1,7,1,1,4,2,02,1,1,000,068,1,0,1,3,1,32,1,1,2,00,0,1,0,201700026188A01,,,
201700026190,2017-05-27,2017,mai,samedi,13:50,34,34172,43.6199,3.85023,2,1,1,1,1,4,1,00,1,1,000,078,1,0,1,3,1,36,9,1,2,00,2,1,1,201700026190A01,7,1,1
201700026191,2017-05-28,2017,mai,dimanche,20:35,34,34172,43.60544,3.87394,2,3,3,1,1,4,1,01,1,1,000,040,1,0,0,4,1,29,0,1,9,00,2,1,0,201700026191B01,7,0,1
201700026212,2017-06-19,2017,juin,lundi,18:15,34,34172,43.60247,3.86799,2,1,3,1,1,4,2,00,1,1,000,000,1,0,1,4,1,23,0,1,2,00,2,8,0,201700026212B01,7,1,1
201700026236,2017-07-29,2017,juillet,samedi,19:10,34,34172,43.61236,3.86831,2,1,5,1,1,4,2,01,2,-1,000,040,1,0,1,1,1,34,0,1,2,00,2,0,0,201700026236B01,7,1/0,5
201700026237,2017-07-31,2017,juillet,lundi,12:45,34,34129,43.5719,3.89512,2,1,1,1,1,3,1,01,2,3,000,040,1,0,1,3,1,48,5,1,2,00,2,7,1,201700026237A01,7,16,1
201700026255,2017-09-06,2017,septembre,mercredi,12:15,34,34172,43.61443,3.88378,2,1,1,1,1,4,1,02,1,1,000,060,1,0,5,4,1,32,0,1,2,00,2,7,1,201700026255A01,7,1,1
201700026282,2017-10-02,2017,octobre,lundi,15:30,34,34172,43.59694,3.88656,2,1,7,1,1,4,2,02,2,1,000,060,1,0,1,4,1,13,5,1,2,00,0,0,0,201700026282A01,,,
201700026312,2017-11-10,2017,novembre,vendredi,91:0,34,34172,43.61527,3.87747,2,3,1,1,1,4,1,01,1,1,000,030,1,0,1,4,2,35,1,1,2,00,2,1,1,201700026312A01,7,1,1
201700026314,2017-11-08,2017,novembre,mercredi,12:35,34,34172,43.59506,3.88827,2,1,7,1,1,4,2,04,1,1,000,120,1,0,1,1,1,47,0,1,9,00,1,1,1,201700026314A01,,,
201700026324,2017-11-20,2017,novembre,lundi,11:05,34,34172,43.60884,3.91342,2,6,3,1,1,4,2,03,1,1,015,115,1,0,0,3,1,47,1,1,2,00,2,7,1,201700026324B01,10,9,1
201700026331,2017-12-05,2017,décembre,mardi,17:10,34,34172,43.61826,3.84456,2,1,3,2,1,4,2,02,-1,-1,000,000,1,0,1,3,1,31,0,1,2,00,2,1,1,201700026331A01,7,16,1
201700026377,2017-03-02,2017,mars,jeudi,15:15,35,35115,48.35347,-1.21183,2,1,1,1,1,4,2,02,2,3,000,045,1,0,1,4,2,55,0,1,2,00,2,1,13,201700026377A01,7,1,1
201700026389,2017-10-23,2017,octobre,lundi,73:0,35,35115,48.35408,-1.18652,2,1,3,5,2,4,2,01,2,1,000,160,2,0,3,3,2,16,1,1,4,00,2,8,21,201700026389B01,7,20,1
201700026396,2017-12-11,2017,décembre,lundi,82:0,35,35278,48.15156,-1.68347,2,2,6,5,3,4,2,01,1,1,000,000,2,0,1,4,2,41,9,1,2,00,2,0,1,201700026396A01,7,1,1
201700026399,2017-12-12,2017,décembre,mardi,20:23,35,35238,48.10354,-1.69398,2,2,3,5,1,4,2,01,1,1,000,000,1,0,1,4,1,27,5,1,2,00,2,7,1,201700026399B01,7,1,1
201700026406,2017-12-20,2017,décembre,mercredi,12:34,35,35238,48.12098,-1.6643,2,1,7,1,1,4,2,01,1,1,000,000,1,0,1,4,1,48,5,1,2,00,2,1,1,201700026406B01,7,22,1
201700026407,2017-12-20,2017,décembre,mercredi,10:25,35,35238,48.10425,-1.67724,2,1,6,1,1,4,3,02,2,1,000,000,1,0,1,4,2,58,5,1,2,00,2,8,1,201700026407B01,37,17,1
201700026441,2017-01-18,2017,janvier,mercredi,14:40,35,35238,48.11175,-1.68026,2,2,3,1,1,4,2,01,1,1,000,000,1,0,1,4,1,27,0,1,2,00,2,0,1,201700026441A01,10,1,1
201700026447,2017-01-28,2017,janvier,samedi,23:50,35,35238,48.11498,-1.67924,2,1,1,5,1,4,2,02,1,1,000,000,1,0,0,3,2,24,5,1,9,00,2,1,1,201700026447C01,7,1,1
201700026450,2017-01-24,2017,janvier,mardi,14:40,35,35238,48.08951,-1.68256,2,6,3,1,1,4,2,01,-1,-1,000,000,-1,0,1,4,2,30,0,1,2,00,2,0,0,201700026450B01,7,16,1
201700026453,2017-01-27,2017,janvier,vendredi,18:40,35,35051,48.11435,-1.61032,2,6,3,3,8,4,1,01,1,2,000,000,2,5,1,4,1,12,5,1,2,00,2,7,0,201700026453B01,10,0,1
201700026456,2017-01-28,2017,janvier,samedi,16:36,35,35238,48.10941,-1.68918,2,2,3,1,1,4,-1,00,-1,-1,000,000,-1,0,1,3,1,25,5,1,2,00,2,0,1,201700026456B01,7,1,1
201700026460,2017-01-30,2017,janvier,lundi,91:4,35,35238,48.11549,-1.70815,2,1,3,1,3,4,2,02,1,1,000,000,2,0,1,4,1,26,1,1,2,00,2,1,1,201700026460B01,7,9,1
201700026466,2017-02-02,2017,février,jeudi,13:05,35,35238,48.09891,-1.64511,2,3,3,1,2,4,3,02,1,1,000,000,2,5,1,4,1,60,1,1,2,00,2,1,1,201700026466B01,10,12,1
201700026476,2017-02-07,2017,février,mardi,17:30,35,35238,48.11862,-1.6556,2,6,3,1,8,4,2,02,2,1,000,000,3,5,1,4,2,17,0,1,9,00,2,2,9,201700026476B01,10,9,1
201700026484,2017-02-09,2017,février,jeudi,13:50,35,35238,48.10187,-1.68428,2,3,3,1,1,4,3,04,2,1,000,000,1,2,1,4,2,71,0,1,2,00,2,3,16,201700026484B01,14,16,1
201700026485,2017-02-09,2017,février,jeudi,83:5,35,35238,48.11574,-1.64839,2,2,3,1,1,4,2,03,1,1,000,000,1,5,1,4,1,55,0,1,2,00,2,1,1,201700026485B01,7,15,1
201700026490,2017-02-16,2017,février,jeudi,80:0,35,35238,48.11988,-1.64331,2,1,3,1,1,4,2,01,-1,1,000,000,1,0,1,4,1,23,0,1,2,00,2,1,1,201700026490A01,7,15,1
201700026498,2017-03-01,2017,mars,mercredi,14:10,35,35238,48.11395,-1.64581,2,1,6,1,2,4,2,02,2,1,000,000,2,0,0,4,1,21,0,1,9,00,2,0,0,201700026498A01,7,0,1
201700026499,2017-03-01,2017,mars,mercredi,19:15,35,35238,48.09726,-1.65787,2,5,6,5,1,4,2,02,1,1,000,000,1,0,0,3,1,54,0,1,2,00,2,1,0,201700026499B01,7,15,1
201700026515,2017-03-14,2017,mars,mardi,73:4,35,35238,48.10985,-1.67329,2,1,7,1,1,4,1,01,1,1,000,000,1,0,1,3,1,29,0,1,2,12,0,0,1,201700026515A01,,,
201700026517,2017-03-15,2017,mars,mercredi,18:50,35,35238,48.12399,-1.66814,2,1,7,1,1,4,2,02,1,1,000,000,1,0,1,4,2,20,0,1,2,00,0,0,1,201700026517A01,,,
201700026519,2017-03-17,2017,mars,vendredi,12:28,35,35238,48.10668,-1.72954,1,3,6,1,1,2,3,05,1,1,,,1,0,1,4,1,32,1,1,2,00,2,0,0,201700026519B01,10,0,1
201700026531,2017-03-27,2017,mars,lundi,13:57,35,35238,48.11886,-1.66415,2,3,3,1,1,4,1,01,1,1,000,,1,0,1,3,1,20,2,1,2,00,2,1,1,201700026531A01,7,15,1
201700026532,2017-03-28,2017,mars,mardi,12:20,35,35238,48.10706,-1.69508,2,1,6,1,1,4,2,02,1,1,000,,1,0,0,1,2,29,0,1,2,00,1,1,0,201700026532A01,,,
201700026532,2017-03-28,2017,mars,mardi,12:20,35,35238,48.10706,-1.69508,2,1,6,1,1,4,2,02,1,1,000,,1,0,0,3,1,5,0,1,8,00,1,1,0,201700026532A01,,,
201700026538,2017-03-20,2017,mars,lundi,91:6,35,35238,48.10859,-1.69297,2,2,2,1,1,4,2,02,1,1,000,,1,0,1,3,1,31,1,1,2,00,2,3,1,201700026538A01,7,1,1
201700026539,2017-03-31,2017,mars,vendredi,83:4,35,35281,48.07231,-1.70965,2,1,2,1,1,4,2,02,1,1,000,,1,0,1,4,1,43,1,1,2,00,2,1,0,201700026539B01,10,4,1
201700026545,2017-04-01,2017,avril,samedi,95:6,35,35238,48.13178,-1.6936,2,1,3,1,1,4,3,02,2,1,000,000,1,0,1,4,2,60,0,1,2,00,2,1,0,201700026545B01,7,0,1
201700026547,2017-04-03,2017,avril,lundi,15:39,35,35238,48.10858,-1.6768,2,1,7,1,1,4,2,01,1,1,000,000,1,0,1,4,1,67,5,1,2,00,5,1,1,201700026547A01,,,
201700026548,2017-04-04,2017,avril,mardi,90:0,35,35238,48.09819,-1.68828,2,2,3,1,1,4,1,01,-1,-1,000,000,-1,0,1,4,2,45,0,1,2,00,2,1,1,201700026548A01,7,1,1
201700026551,2017-04-04,2017,avril,mardi,17:45,35,35238,48.10556,-1.65067,2,1,3,1,1,4,2,02,1,1,000,000,1,0,4,4,1,23,1,1,2,00,2,1,14,201700026551A01,7,9,1
201700026558,2017-04-07,2017,avril,vendredi,11:44,35,35238,48.11027,-1.66844,2,1,6,1,1,4,2,01,1,1,000,000,1,0,5,4,2,42,1,1,2,01,0,1,1,201700026558B01,7,22,1
201700026559,2017-04-07,2017,avril,vendredi,16:12,35,35238,48.1117,-1.65608,2,3,6,1,1,4,2,02,1,1,000,000,1,0,1,4,1,54,0,1,2,00,2,1,1,201700026559B01,10,16,1
201700026574,2017-04-19,2017,avril,mercredi,12:50,35,35238,48.09832,-1.64378,2,3,2,1,1,4,2,01,1,1,000,000,1,0,0,4,1,40,0,1,2,00,2,0,1,201700026574B01,7,0,1
201700026579,2017-04-20,2017,avril,jeudi,16:47,35,35238,48.09139,-1.64101,2,7,6,1,1,6,,00,1,-1,000,000,1,0,0,4,2,55,3,1,2,00,2,1,1,201700026579B01,7,1,1
201700026584,2017-04-24,2017,avril,lundi,80:9,35,35238,48.11628,-1.66553,2,3,3,1,1,4,2,02,1,1,000,000,1,0,1,4,1,18,0,1,2,00,2,1,1,201700026584B01,7,15,1
201700026585,2017-04-24,2017,avril,lundi,12:00,35,35238,48.09114,-1.64875,2,1,6,1,1,4,2,01,1,1,000,000,1,0,4,1,1,24,0,1,9,00,1,1,0,201700026585A01,,,
201700026591,2017-04-28,2017,avril,vendredi,16:33,35,35051,48.10761,-1.61791,2,1,6,1,1,4,2,02,1,1,000,000,1,0,4,4,1,33,1,1,2,00,2,0,1,201700026591B01,7,15,1
201700026594,2017-04-29,2017,avril,samedi,10:48,35,35238,48.1202,-1.68271,2,1,6,1,1,4,1,02,1,1,000,000,1,0,5,4,1,55,0,1,2,12,0,0,1,201700026594A01,,,
201700026600,2017-05-03,2017,mai,mercredi,18:31,35,35238,48.12592,-1.66579,2,1,3,1,1,4,2,03,1,1,000,000,1,0,1,4,1,36,0,1,2,00,2,7,1,201700026600A01,7,18,1
201700026607,2017-05-09,2017,mai,mardi,13:03,35,35238,48.08672,-1.67498,2,2,3,1,1,4,3,02,1,1,000,000,1,5,1,4,1,26,0,1,2,00,2,8,1,201700026607B01,7,16,1
201700026610,2017-05-15,2017,mai,lundi,91:4,35,35238,48.10463,-1.64888,2,3,6,1,1,4,2,01,2,1,000,000,1,0,1,4,1,15,2,1,2,00,2,3,18,201700026610A01,7,23,1