Num_Acc,date,an,mois,jour,hrmn,dep,com,lat,long,agg,int,col,lum,atm,catr,circ,nbv,prof,plan,lartpc,larrout,surf,infra,situ,grav,sexe,age,trajet,secuexist,equipement,obs,obsm,choc,manv,vehiculeid,typevehicules,manoeuvehicules,numVehicules
201700026613,2017-05-16,2017,mai,mardi,10:48,35,35238,48.09593,-1.69235,2,1,6,1,1,4,2,01,1,1,000,000,1,0,1,4,2,26,4,1,2,00,2,4,2,201700026613B01,7,2,1
201700026622,2017-06-09,2017,juin,vendredi,16:18,35,35238,48.11464,-1.65709,2,5,3,1,1,4,2,03,1,1,000,000,1,5,1,3,2,38,0,1,2,00,2,9,2,201700026622B01,14,2,1
201700026633,2017-05-29,2017,mai,lundi,73:0,35,35238,48.11629,-1.71391,2,5,3,1,1,4,2,03,1,1,,,2,5,1,4,1,43,1,1,9,00,2,1,1,201700026633B01,7,15,1
201700026634,2017-05-29,2017,mai,lundi,90:8,35,35238,48.12541,-1.66086,1,3,3,1,2,4,2,01,2,-1,000,000,2,0,0,4,1,30,0,1,2,00,2,0,0,201700026634B01,7,9,1
201700026637,2017-05-31,2017,mai,mercredi,20:00,35,35238,48.11183,-1.64622,2,6,3,1,1,4,3,01,1,1,000,000,1,5,1,4,1,58,0,1,9,00,2,1,9,201700026637A01,37,1,1
201700026641,2017-06-01,2017,juin,jeudi,12:13,35,35238,48.11959,-1.65803,2,1,6,1,1,4,2,01,1,1,000,000,1,0,1,4,1,17,2,1,2,01,0,1,14,201700026641A01,,,
201700026644,2017-06-01,2017,juin,jeudi,19:24,35,35238,48.10356,-1.712,2,6,6,1,1,4,2,01,1,1,000,000,1,0,1,4,1,42,0,1,2,00,2,0,2,201700026644B01,7,0,1
201700026649,2017-04-20,2017,avril,jeudi,17:30,35,35238,48.08968,-1.68546,2,3,6,1,1,4,3,01,1,1,000,000,1,0,1,3,1,46,0,1,2,00,2,8,1,201700026649B01,7,15,1
201700026655,2017-06-09,2017,juin,vendredi,14:04,35,35238,48.1075,-1.67909,2,2,6,1,1,4,1,01,1,1,,,1,5,1,4,2,21,1,1,2,00,2,1,19,201700026655A01,33,1,1
201700026660,2017-06-13,2017,juin,mardi,17:16,35,35238,48.12456,-1.70551,2,1,6,1,1,4,3,04,1,1,000,000,1,0,1,4,2,27,1,1,2,00,2,1,1,201700026660A01,7,9,1
201700026668,2017-06-17,2017,juin,samedi,15:38,35,35238,48.10151,-1.67152,2,1,6,1,1,4,1,01,1,1,000,000,1,0,1,4,1,53,3,1,2,00,2,1,1,201700026668B01,7,22,1
201700026672,2017-06-20,2017,juin,mardi,19:46,35,35238,48.1194,-1.66085,2,3,6,1,1,4,2,01,1,1,000,000,-1,0,1,4,1,33,0,1,2,00,2,1,1,201700026672B01,7,15,1
201700026674,2017-06-21,2017,juin,mercredi,12:30,35,35238,48.11697,-1.65895,2,1,1,1,1,4,2,01,1,1,000,000,1,0,1,3,1,37,0,1,2,00,2,1,1,201700026674B01,7,15,1
201700026678,2017-06-23,2017,juin,vendredi,90:8,35,35238,48.10393,-1.63463,2,3,3,1,1,4,2,02,1,1,000,000,1,0,1,4,2,25,1,1,2,00,2,1,1,201700026678B01,7,16,1
201700026681,2017-06-23,2017,juin,vendredi,16:49,35,35055,48.08814,-1.60862,2,6,6,1,1,3,1,01,1,3,000,000,1,5,1,4,1,50,0,1,2,00,2,0,1,201700026681B01,7,9,1
201700026688,2017-06-28,2017,juin,mercredi,16:09,35,35238,48.09155,-1.64084,2,9,7,1,1,9,-1,00,-1,-1,000,000,-1,0,4,3,1,75,3,1,2,00,0,0,1,201700026688A01,,,
201700026689,2017-06-28,2017,juin,mercredi,17:27,35,35238,48.10917,-1.69032,2,1,2,1,1,4,2,01,1,1,000,000,1,0,1,4,1,15,5,1,2,00,2,1,2,201700026689A01,7,2,1
201700026706,2017-07-07,2017,juillet,vendredi,85:5,35,35051,48.11444,-1.6336,2,6,6,1,1,4,2,01,1,1,000,000,1,0,0,4,2,40,1,1,2,00,2,1,1,201700026706B01,7,16,1
201700026708,2017-07-07,2017,juillet,vendredi,12:49,35,35238,48.10627,-1.67753,2,1,6,1,2,9,1,01,1,1,000,000,1,0,1,4,1,71,5,1,2,00,2,4,1,201700026708B01,7,1,1
201700026714,2017-07-10,2017,juillet,lundi,18:05,35,35238,48.0936,-1.74594,1,1,6,1,7,4,2,02,2,1,000,000,1,0,1,4,1,23,0,1,2,00,2,0,1,201700026714B01,7,0,1
201700026715,2017-07-11,2017,juillet,mardi,83:9,35,35051,48.1143,-1.61539,2,6,6,1,1,4,2,01,1,1,000,000,1,0,1,4,1,71,9,1,2,00,2,1,1,201700026715B01,7,9,1
201700026728,2017-08-01,2017,août,mardi,74:0,35,35238,48.09374,-1.67455,2,2,6,1,1,4,3,02,1,1,000,000,1,0,1,3,1,75,5,1,2,00,2,8,1,201700026728B01,7,16,1
201700026732,2017-08-05,2017,août,samedi,11:03,35,35238,48.10935,-1.67892,2,1,6,1,1,4,2,01,1,1,000,000,1,0,1,1,2,29,0,1,9,00,1,1,1,201700026732A01,,,
201700026732,2017-08-05,2017,août,samedi,11:03,35,35238,48.10935,-1.67892,2,1,6,1,1,4,2,01,1,1,000,000,1,0,1,3,2,97,0,1,8,00,1,1,1,201700026732A01,,,
201700026741,2017-08-19,2017,août,samedi,20:15,35,35238,48.1172,-1.68083,2,2,1,1,1,4,2,01,3,1,000,000,1,0,1,4,1,26,0,1,9,00,2,1,1,201700026741B01,7,15,1
201700026748,2017-08-25,2017,août,vendredi,10:58,35,35238,48.10465,-1.65038,2,1,6,1,1,4,2,01,1,1,000,000,1,0,1,4,2,26,0,1,2,01,0,1,1,201700026748B01,7,22,1
201700026749,2017-08-25,2017,août,vendredi,19:31,35,35238,48.109,-1.70595,2,2,6,1,1,4,2,01,1,1,000,000,1,0,1,4,1,10,5,1,2,00,2,1,1,201700026749A01,7,1,1
201700026761,2017-09-07,2017,septembre,jeudi,72:6,35,35238,48.1081,-1.68943,2,3,7,2,1,4,1,01,1,,,,1,5,1,3,1,33,5,1,2,00,0,0,0,201700026761A01,,,
201700026768,2017-09-15,2017,septembre,vendredi,17:17,35,35238,48.09104,-1.66509,2,4,3,1,1,4,2,01,1,1,000,000,1,0,1,4,1,11,5,1,2,00,2,1,15,201700026768A01,7,1,1
201700026773,2017-09-18,2017,septembre,lundi,63:6,35,35055,48.0994,-1.62074,2,3,6,5,1,4,2,02,2,1,000,000,1,0,1,4,1,32,5,1,2,00,2,0,1,201700026773B01,7,15,1
201700026776,2017-09-19,2017,septembre,mardi,85:0,35,35051,48.13635,-1.62398,2,6,3,1,1,4,2,00,1,1,000,000,1,0,1,4,1,16,0,1,2,00,2,1,0,201700026776B01,7,0,1
201700026785,2017-10-03,2017,octobre,mardi,12:32,35,35051,48.14002,-1.58245,1,6,6,1,1,3,1,02,1,2,000,000,1,0,1,3,1,78,0,1,2,00,2,7,1,201700026785B01,7,9,1
201700026787,2017-10-04,2017,octobre,mercredi,15:15,35,35238,48.11022,-1.67663,2,1,6,1,1,4,3,01,1,1,000,000,1,0,1,1,2,60,0,1,2,00,1,1,1,201700026787A01,,,
201700026799,2017-10-10,2017,octobre,mardi,10:42,35,35238,48.11198,-1.70242,2,2,3,1,1,4,2,02,1,1,000,000,1,0,1,4,1,23,0,1,2,00,2,1,1,201700026799A01,7,1,1
201700026800,2017-10-11,2017,octobre,mercredi,16:10,35,35238,48.10985,-1.67917,2,1,6,1,1,4,2,01,1,1,000,000,9,0,1,4,1,18,5,1,2,00,1,1,21,201700026800A01,,,
201700026810,2017-10-15,2017,octobre,dimanche,20:49,35,35238,48.11826,-1.67389,2,3,7,5,1,4,1,01,1,1,,,1,0,1,3,1,26,1,1,2,00,0,0,21,201700026810B01,7,0,1
201700026813,2017-10-17,2017,octobre,mardi,17:48,35,35278,48.162,-1.67621,2,1,3,1,1,4,2,01,1,1,000,000,1,0,1,4,1,17,2,1,2,00,2,1,1,201700026813B01,7,15,1
201700026814,2017-10-17,2017,octobre,mardi,13:49,35,35238,48.12863,-1.64685,2,1,3,1,1,4,2,01,1,1,000,000,1,0,1,4,1,20,0,1,2,00,2,1,1,201700026814B01,7,16,1
201700026817,2017-09-24,2017,septembre,dimanche,12:00,35,35238,48.11274,-1.63782,2,1,2,1,1,4,2,00,1,1,000,000,1,0,1,4,1,18,0,1,2,00,2,1,1,201700026817A01,10,1,1
201700026822,2017-09-23,2017,septembre,samedi,14:05,35,35051,48.1141,-1.60728,2,6,3,1,1,4,2,01,1,1,000,000,1,0,0,4,2,22,3,1,2,00,2,1,1,201700026822B01,7,9,1
201700026824,2017-09-26,2017,septembre,mardi,14:00,35,35238,48.09421,-1.6818,2,2,3,1,1,4,2,01,1,1,000,000,1,0,1,4,1,38,0,1,2,00,2,1,1,201700026824B01,7,16,1
201700026827,2017-10-24,2017,octobre,mardi,80:0,35,35238,48.09396,-1.67628,2,1,3,5,1,4,2,02,1,1,000,000,1,0,1,4,1,47,1,1,9,00,2,7,1,201700026827B01,7,9,1
201700026829,2017-11-03,2017,novembre,vendredi,15:50,35,35238,48.11786,-1.68556,2,2,3,1,1,4,2,02,1,1,000,000,1,0,1,4,1,51,1,1,2,00,2,1,1,201700026829B01,7,15,1
201700026831,2017-10-24,2017,octobre,mardi,50:0,35,35051,48.10175,-1.63003,2,1,2,4,1,4,2,00,1,1,000,000,1,0,1,4,1,30,1,1,2,00,2,4,1,201700026831B01,2,1,1
201700026838,2017-11-08,2017,novembre,mercredi,18:09,35,35238,48.11773,-1.67701,2,1,3,5,1,4,2,02,1,1,000,000,1,0,4,3,2,30,0,1,2,00,2,2,1,201700026838A01,7,20,1
201700026843,2017-11-07,2017,novembre,mardi,12:24,35,35238,48.11607,-1.66608,2,1,6,1,1,4,-1,02,-1,-1,000,000,-1,0,1,4,1,16,0,1,2,00,1,0,1,201700026843A01,,,
201700026846,2017-11-09,2017,novembre,jeudi,16:40,35,35238,48.0973,-1.65783,2,5,3,1,2,4,2,02,4,1,,,2,0,1,4,1,51,1,1,2,00,2,1,1,201700026846B01,7,15,1
201700026848,2017-12-03,2017,décembre,dimanche,17:30,35,35238,48.08973,-1.68536,2,2,3,5,9,4,3,04,1,1,000,000,2,0,5,4,2,21,2,1,2,00,2,8,16,201700026848B01,7,15,1
201700026852,2017-11-20,2017,novembre,lundi,18:05,35,35238,48.11417,-1.69879,2,1,2,3,1,4,1,02,2,1,000,000,1,0,1,4,1,23,2,1,2,00,0,4,1,201700026852B01,7,2,1
201700026862,2017-11-10,2017,novembre,vendredi,14:10,35,35055,48.08762,-1.62559,2,6,3,1,1,4,1,01,1,3,000,000,1,0,1,4,1,65,0,1,2,00,2,3,1,201700026862B01,7,16,1
201700026869,2017-11-16,2017,novembre,jeudi,15:10,35,35238,48.10065,-1.64975,2,2,6,1,8,4,2,03,1,1,,,1,0,1,4,2,42,5,1,2,00,2,4,1,201700026869B01,14,2,1
201700026871,2017-11-17,2017,novembre,vendredi,16:15,35,35238,48.11701,-1.65566,2,1,6,1,1,4,2,02,3,1,000,000,1,0,1,4,1,59,0,1,2,00,2,1,1,201700026871B01,7,22,1
201700026874,2017-11-21,2017,novembre,mardi,84:0,35,35055,48.08716,-1.61639,2,2,3,1,1,4,2,02,1,1,000,000,1,0,1,4,2,50,1,1,2,00,2,1,1,201700026874B01,10,16,1
201700026877,2017-11-22,2017,novembre,mercredi,11:30,35,35238,48.10858,-1.69297,2,2,3,1,1,4,2,03,2,1,000,000,1,0,1,3,1,44,0,1,2,00,2,0,1,201700026877B01,7,0,1
201700026880,2017-10-09,2017,octobre,lundi,20:26,35,35238,48.11905,-1.64876,2,2,3,5,1,4,2,01,1,1,000,000,1,0,1,4,1,20,1,1,2,00,2,1,1,201700026880A01,7,15,1
201700026882,2017-11-24,2017,novembre,vendredi,92:0,35,35238,48.10743,-1.66585,2,1,3,1,1,4,2,02,1,1,000,000,1,2,5,4,2,36,0,1,4,00,2,1,1,201700026882B01,7,15,1
201700026885,2017-11-30,2017,novembre,jeudi,13:06,35,35238,48.11171,-1.64654,2,6,3,1,2,4,1,01,1,2,000,000,2,5,1,4,1,41,1,1,2,00,2,7,2,201700026885B01,7,2,1
201700026887,2017-11-26,2017,novembre,dimanche,18:46,35,35238,48.10157,-1.67639,2,1,6,5,1,4,2,02,1,-1,000,000,1,0,1,4,1,22,4,1,2,00,2,1,18,201700026887B01,7,22,1
201700026890,2017-11-29,2017,novembre,mercredi,19:30,35,35281,48.08693,-1.7074,2,6,3,5,1,3,3,02,-1,2,000,000,1,5,1,3,1,50,1,1,2,00,2,7,1,201700026890B01,7,9,1
201700026891,2017-11-29,2017,novembre,mercredi,10:31,35,35051,48.11381,-1.62061,2,6,3,1,1,4,1,02,1,2,000,000,-1,5,1,3,1,65,0,1,2,00,2,1,1,201700026891B01,7,9,1
201700026916,2017-12-08,2017,décembre,vendredi,82:0,35,35238,48.08374,-1.67553,2,2,3,5,2,4,-1,02,1,1,000,000,2,0,1,4,1,56,1,1,2,00,2,1,1,201700026916B01,7,15,1
201700026917,2017-12-09,2017,décembre,samedi,18:40,35,35281,48.09128,-1.70377,2,1,3,3,2,4,1,01,1,1,000,000,2,0,1,4,1,35,5,1,2,00,2,1,1,201700026917B01,10,16,1
201700026921,2017-05-16,2017,mai,mardi,10:55,35,35288,48.62183,-1.98906,1,9,1,1,1,3,1,01,2,3,000,000,1,3,1,3,1,57,5,1,2,00,2,4,1,201700026921B01,14,9,1
201700026976,2017-03-13,2017,mars,lundi,11:55,36,36044,46.8077,1.69787,2,1,6,1,1,4,2,02,1,1,000,000,1,0,1,4,2,64,0,1,8,00,2,1,5,201700026976A01,7,4,1
201700026978,2017-04-21,2017,avril,vendredi,91:6,36,36044,46.805,1.69823,2,1,6,1,1,4,2,02,1,1,000,000,1,0,0,3,1,63,1,1,2,00,2,1,1,201700026978A01,7,0,1
201700026980,2017-05-03,2017,mai,mercredi,92:1,36,36044,46.80877,1.67956,2,1,6,1,1,4,2,02,1,1,000,000,1,0,1,4,1,67,1,1,8,01,0,2,21,201700026980B01,7,22,1
201700026989,2017-07-03,2017,juillet,lundi,18:25,36,36044,46.8147,1.70823,2,1,3,1,1,4,1,01,1,1,000,060,1,0,1,3,1,83,5,1,9,00,2,3,9,201700026989B01,7,21,1
201700026997,2017-07-11,2017,juillet,mardi,12:04,36,36159,46.73865,1.72766,1,6,7,1,1,4,1,01,1,1,000,000,1,0,1,4,1,20,5,1,2,14,0,1,0,201700026997A01,,,
201700027006,2017-09-14,2017,septembre,jeudi,94:2,36,36044,46.8086,1.70527,2,2,2,1,1,4,2,04,1,1,030,100,1,0,1,4,1,29,5,1,2,00,2,4,2,201700027006B01,7,2,1
201700027011,2017-09-22,2017,septembre,vendredi,14:42,36,36063,46.8425,1.6739,1,6,3,1,1,3,2,02,1,1,000,000,1,0,1,3,1,68,5,1,2,00,2,1,15,201700027011B01,7,9,1
201700027016,2017-10-09,2017,octobre,lundi,61:2,36,36044,46.796,1.70785,2,6,3,5,5,4,1,02,1,2,000,080,2,0,1,4,1,20,4,1,2,00,2,7,15,201700027016B01,7,9,1
201700027032,2017-01-05,2017,janvier,jeudi,62:5,37,37214,47.40002,0.67666,2,1,2,5,1,4,2,03,1,1,000,000,2,2,1,4,2,30,1,1,9,00,2,4,2,201700027032B01,7,2,1
201700027039,2017-01-11,2017,janvier,mercredi,14:00,37,37261,0,0,2,2,6,1,2,4,1,01,1,1,000,000,2,0,5,4,2,26,9,1,2,00,2,3,1,201700027039B01,10,19,1
201700027043,2017-01-13,2017,janvier,vendredi,92:0,37,37261,47.37127,0.69761,2,2,3,1,2,4,3,04,1,1,000,000,2,0,1,4,2,35,1,1,2,00,2,4,15,201700027043B01,7,2,1
201700027054,2017-01-19,2017,janvier,jeudi,22:35,37,37261,47.39357,0.68762,2,1,7,5,1,4,2,02,1,1,000,060,1,6,4,4,1,23,5,1,2,16,0,1,1,201700027054A01,,,
201700027055,2017-01-20,2017,janvier,vendredi,12:25,37,37261,47.432,0.693,2,2,3,1,1,3,3,04,1,1,000,000,1,0,1,4,1,18,0,1,2,00,2,3,19,201700027055B01,7,16,1
201700027057,2017-01-18,2017,janvier,mercredi,11:55,37,37261,47.37375,0.6805,2,1,3,1,1,4,3,04,1,1,000,000,1,0,5,4,1,42,0,1,9,00,2,3,23,201700027057B01,7,16,1
201700027067,2017-01-29,2017,janvier,dimanche,16:35,37,37122,47.36495,0.65571,2,1,7,1,1,4,2,02,2,1,000,060,1,0,1,3,1,86,5,1,9,16,0,7,1,201700027067A01,,,
201700027072,2017-01-31,2017,janvier,mardi,12:15,37,37261,47.382,0.685,2,1,3,1,1,3,1,01,1,1,000,000,1,0,1,4,1,14,0,1,2,00,2,3,1,201700027072A01,7,0,1
201700027086,2017-02-08,2017,février,mercredi,18:25,37,37195,47.38973,0.66215,2,3,7,5,2,4,2,02,1,1,000,000,2,0,1,4,2,19,1,1,2,16,0,7,1,201700027086A01,,,
201700027089,2017-02-10,2017,février,vendredi,91:0,37,37195,47.38495,0.65421,2,6,3,1,1,4,2,02,1,1,000,000,1,0,1,4,2,20,1,1,2,00,2,1,1,201700027089B01,7,16,1
201700027092,2017-02-16,2017,février,jeudi,11:00,37,37261,47.3939,0.6946,2,2,7,1,2,4,2,02,1,1,000,000,2,6,0,4,1,53,9,1,2,16,0,1,1,201700027092A01,,,
201700027094,2017-02-17,2017,février,vendredi,13:46,37,37261,47.40166,0.68401,2,7,3,1,1,4,3,02,2,1,060,060,1,5,1,4,2,45,5,1,2,00,2,1,1,201700027094A01,7,9,1
201700027095,2017-02-17,2017,février,vendredi,15:25,37,37195,47.37992,0.66385,2,3,7,1,1,4,2,02,1,1,000,000,1,0,0,4,1,61,5,1,2,16,0,1,1,201700027095A01,,,
201700027108,2017-03-03,2017,mars,vendredi,18:55,37,37261,47.38149,0.70655,2,4,2,2,1,4,3,02,1,1,000,070,1,0,1,4,2,84,5,1,2,00,2,4,2,201700027108B01,7,2,1
201700027118,2017-01-01,2017,janvier,dimanche,21:30,37,37261,47.41435,0.68544,2,3,6,5,2,4,2,02,1,1,000,000,1,0,1,4,2,20,5,1,9,12,0,1,1,201700027118A01,,,
201700027119,2017-03-11,2017,mars,samedi,13:50,37,37214,47.41115,0.67559,2,2,3,1,1,4,1,02,1,1,000,000,1,0,1,4,1,18,5,1,2,00,2,1,1,201700027119A01,7,1,1
201700027123,2017-03-16,2017,mars,jeudi,60:0,37,37261,47.41207,0.68477,2,1,6,5,1,4,2,02,1,1,000,000,1,0,1,4,1,30,1,1,2,09,0,7,1,201700027123A01,,,
201700027125,2017-03-17,2017,mars,vendredi,93:0,37,37261,47.36534,0.67548,2,6,6,1,1,4,2,02,1,1,000,000,1,0,1,4,1,59,5,1,2,00,2,7,19,201700027125B01,7,1,1
201700027130,2017-03-21,2017,mars,mardi,90:0,37,37261,47.39291,0.68771,2,2,7,1,2,4,2,02,1,1,000,070,2,6,4,3,2,70,5,1,2,16,0,8,1,201700027130A01,,,
201700027143,2017-03-29,2017,mars,mercredi,12:20,37,37122,47.34613,0.64539,2,4,6,1,1,3,2,04,1,1,000,000,1,0,1,4,1,25,9,1,2,00,2,8,1,201700027143B01,7,16,1
201700027147,2017-04-03,2017,avril,lundi,61:5,37,37122,0,0,2,2,1,5,1,4,2,02,1,1,000,000,1,0,0,4,1,17,1,1,9,00,2,1,1,201700027147B01,7,1,1
201700027148,2017-04-03,2017,avril,lundi,10:50,37,37261,47.38138,0.70642,2,6,3,1,1,4,-1,01,1,2,000,000,1,0,1,4,2,38,3,1,2,00,2,3,1,201700027148B01,7,16,1
201700027150,2017-04-04,2017,avril,mardi,55:0,37,37122,47.3449,0.63568,2,1,6,3,1,3,2,02,1,1,000,000,1,0,5,4,2,37,1,1,2,00,1,1,2,201700027150A01,,,
201700027153,2017-04-06,2017,avril,jeudi,17:00,37,37208,47.45667,0.7311,2,1,1,1,1,4,2,02,1,1,000,070,1,0,5,4,1,12,5,1,2,00,2,1,1,201700027153A01,1,1,1
201700027153,2017-04-06,2017,avril,jeudi,17:00,37,37208,47.45667,0.7311,2,1,1,1,1,4,2,02,1,1,000,070,1,0,5,4,1,14,5,1,2,00,2,1,1,201700027153B01,1,1,1
201700027155,2017-03-23,2017,mars,jeudi,18:45,37,37195,0,0,2,1,7,3,2,9,2,01,1,1,000,000,2,6,1,4,1,13,5,1,2,16,0,1,1,201700027155A01,,,
201700027162,2017-04-11,2017,avril,mardi,92:5,37,37261,47.42638,0.67653,2,4,2,1,1,4,2,02,1,1,000,000,1,0,1,3,1,78,3,1,2,00,2,4,2,201700027162B01,7,2,1
201700027172,2017-04-19,2017,avril,mercredi,12:00,37,37261,0,0,2,2,3,1,1,4,1,01,1,1,000,000,1,0,1,4,1,20,2,1,2,00,2,1,1,201700027172A01,7,1,1
201700027186,2017-05-03,2017,mai,mercredi,11:50,37,37261,47.39751,0.6994,2,2,3,1,1,4,2,03,2,1,000,000,1,2,1,4,1,36,9,1,2,00,2,7,1,201700027186A01,7,1,1
201700027194,2017-04-12,2017,avril,mercredi,17:10,37,37214,0,0,2,1,7,1,1,4,2,02,1,1,000,000,1,0,1,3,2,41,9,1,2,16,0,8,1,201700027194A01,,,
201700027196,2017-05-10,2017,mai,mercredi,17:15,37,37261,47.38302,0.66894,2,3,3,1,1,4,2,02,1,1,000,000,1,0,0,4,2,71,5,1,2,00,2,1,1,201700027196B01,7,15,1
201700027198,2017-05-11,2017,mai,jeudi,12:30,37,37214,47.40043,0.679,2,6,3,1,2,4,2,02,1,1,000,000,2,0,1,4,2,19,5,1,2,00,2,2,1,201700027198B01,7,9,1
201700027203,2017-05-16,2017,mai,mardi,90:5,37,37261,47.39346,0.68445,2,1,6,1,1,4,2,02,1,1,000,000,1,0,1,4,2,49,1,1,2,01,0,1,1,201700027203B01,7,22,1
201700027212,2017-05-20,2017,mai,samedi,15:57,37,37261,47.38954,0.69568,2,1,6,1,1,4,2,03,1,1,000,000,1,0,1,3,1,81,5,1,4,00,2,2,7,201700027212B01,37,11,1
201700027217,2017-05-23,2017,mai,mardi,15:40,37,37261,47.39304,0.68774,2,1,7,1,1,4,2,02,1,1,000,080,1,6,1,4,2,63,5,1,2,14,0,1,1,201700027217A01,,,
201700027228,2017-05-31,2017,mai,mercredi,18:25,37,37261,47.3636,0.6996,2,3,3,1,1,4,3,04,4,1,000,000,1,0,5,4,1,31,1,1,2,00,2,8,1,201700027228B01,32,1,1
201700027230,2017-06-01,2017,juin,jeudi,71:0,37,37261,47.40147,0.68664,2,3,3,1,1,4,2,03,1,1,000,086,1,0,1,4,1,25,5,1,2,00,2,4,15,201700027230A01,7,1,1
201700027233,2017-06-03,2017,juin,samedi,24:5,37,37261,47.40787,0.68179,2,1,6,5,1,4,3,04,2,1,000,040,1,0,4,3,1,21,5,1,2,00,2,4,23,201700027233B01,7,1,1
201700027236,2017-06-05,2017,juin,lundi,10:50,37,37233,47.37961,0.71602,2,1,3,1,1,6,-1,00,1,1,000,000,1,6,1,4,2,41,3,1,2,00,2,7,1,201700027236B01,7,4,1
201700027239,2017-06-08,2017,juin,jeudi,18:00,37,37208,47.36247,0.71468,2,4,3,1,1,4,2,03,1,2,000,000,1,0,1,3,1,63,5,1,2,00,2,1,1,201700027239B01,7,15,1
201700027242,2017-06-09,2017,juin,vendredi,21:35,37,37261,47.4016,0.68418,2,1,6,2,1,4,3,02,4,1,000,061,1,5,1,4,1,44,5,1,2,09,0,1,13,201700027242A01,,,
201700027245,2017-06-13,2017,juin,mardi,12:30,37,37261,47.38663,0.69218,2,2,3,1,1,4,1,01,1,1,000,050,1,0,0,4,2,38,1,1,2,00,2,1,1,201700027245A01,7,9,1
201700027247,2017-06-13,2017,juin,mardi,19:05,37,37261,47.38931,0.70177,2,2,3,1,1,4,1,01,1,1,000,000,1,0,0,4,2,27,1,1,2,00,2,8,1,201700027247A01,7,1,1
201700027255,2017-06-17,2017,juin,samedi,19:25,37,37261,47.40336,0.72345,2,1,1,1,1,9,2,01,1,1,000,025,1,0,5,4,1,18,5,1,2,00,2,1,11,201700027255A01,1,1,1
201700027255,2017-06-17,2017,juin,samedi,19:25,37,37261,47.40336,0.72345,2,1,1,1,1,9,2,01,1,1,000,025,1,0,5,4,2,45,5,1,2,00,2,1,1,201700027255B01,1,11,1
201700027256,2017-06-18,2017,juin,dimanche,17:25,37,37195,47.38955,0.65741,2,1,7,1,1,4,1,01,1,1,000,021,1,0,1,3,1,64,5,1,2,16,0,1,1,201700027256A01,,,
201700027258,2017-06-19,2017,juin,lundi,16:15,37,37261,47.39627,0.68412,2,6,1,1,1,4,2,04,1,1,000,000,1,0,1,4,1,52,9,1,2,00,2,8,1,201700027258B01,10,1,1
201700027260,2017-06-20,2017,juin,mardi,23:56,37,37261,47.39779,0.68591,2,1,2,5,1,4,1,01,-1,-1,000,000,-1,0,1,4,1,32,0,1,2,00,2,4,0,201700027260B01,7,17,1
201700027270,2017-06-29,2017,juin,jeudi,12:25,37,37261,47.3909,0.68359,2,2,3,1,1,4,1,01,1,1,000,000,1,0,0,4,2,32,3,1,2,01,0,1,1,201700027270B01,7,22,1
201700027274,2017-06-30,2017,juin,vendredi,13:55,37,37122,47.32664,0.65009,1,1,5,1,2,3,2,02,1,3,000,000,2,0,1,4,1,42,5,1,2,00,2,1,1,201700027274C01,30,13,1
201700027274,2017-06-30,2017,juin,vendredi,13:55,37,37122,47.32664,0.65009,1,1,5,1,2,3,2,02,1,3,000,000,2,0,1,4,1,44,5,1,2,00,2,1,1,201700027274B01,30,13,1
201700027289,2017-07-12,2017,juillet,mercredi,80:5,37,37261,47.42359,0.63171,2,2,3,1,1,9,4,00,1,1,000,065,1,0,1,3,1,15,2,1,4,00,4,2,16,201700027289A01,40,1,1
201700027293,2017-07-14,2017,juillet,vendredi,17:15,37,37261,47.40029,0.6789,2,1,2,1,1,3,1,02,1,2,000,000,1,2,1,3,1,33,5,1,2,00,2,4,1,201700027293B01,7,9,1
201700027300,2017-07-19,2017,juillet,mercredi,13:30,37,37208,47.36593,0.71816,2,1,3,1,1,4,1,01,2,1,000,000,1,0,1,4,1,44,5,1,2,00,2,1,19,201700027300A01,7,2,1
201700027324,2017-07-31,2017,juillet,lundi,13:50,37,37261,47.36414,0.68521,2,1,3,1,1,4,2,02,1,1,000,000,1,0,5,4,1,69,5,1,2,00,2,1,1,201700027324B01,7,1,1
201700027337,2017-08-15,2017,août,mardi,17:45,37,37122,47.356,0.698,2,3,3,1,1,3,2,05,1,1,000,000,1,0,0,4,1,11,5,1,2,00,2,1,19,201700027337A01,7,16,1
201700027344,2017-08-19,2017,août,samedi,11:05,37,37208,47.34209,0.73746,2,6,3,1,1,4,2,02,1,1,000,000,1,0,1,4,1,19,1,1,2,00,2,1,1,201700027344B01,7,9,1
201700027368,2017-09-08,2017,septembre,vendredi,85:0,37,37261,47.39222,0.68095,2,3,7,1,2,4,1,01,1,1,000,040,2,0,1,3,2,57,1,1,2,16,0,8,1,201700027368A01,,,
201700027371,2017-09-09,2017,septembre,samedi,18:20,37,37122,47.35074,0.67775,2,6,3,1,2,4,1,01,1,2,000,040,2,5,1,4,1,22,0,1,9,00,2,1,15,201700027371B01,7,1,1
201700027381,2017-09-12,2017,septembre,mardi,16:00,37,37261,47.38493,0.69607,2,3,3,1,1,4,2,01,1,1,000,000,1,0,1,4,1,15,5,1,2,00,2,1,2,201700027381B01,7,2,1