Num_Acc,date,an,mois,jour,hrmn,dep,com,lat,long,agg,int,col,lum,atm,catr,circ,nbv,prof,plan,lartpc,larrout,surf,infra,situ,grav,sexe,age,trajet,secuexist,equipement,obs,obsm,choc,manv,vehiculeid,typevehicules,manoeuvehicules,numVehicules
201700028434,2017-07-17,2017,juillet,lundi,18:30,44,44109,47.2227,-1.59737,2,1,6,1,1,4,-1,00,-1,-1,000,000,-1,0,0,3,1,70,0,1,2,00,2,0,1,201700028434A01,7,0,1
201700028436,2017-07-14,2017,juillet,vendredi,20:00,44,44109,47.20446,-1.55329,2,1,6,2,1,4,-1,00,-1,-1,000,000,-1,0,1,3,1,60,0,1,2,00,2,0,1,201700028436B01,7,1,1
201700028444,2017-07-16,2017,juillet,dimanche,71:8,44,44114,47.25253,-1.61572,2,1,6,2,7,4,1,00,1,3,000,000,1,0,1,3,1,41,0,1,9,00,2,0,5,201700028444A01,7,1,1
201700028445,2017-07-06,2017,juillet,jeudi,17:15,44,44109,47.26805,-1.52187,2,1,6,1,1,4,-1,00,-1,-1,000,000,-1,0,0,3,1,60,0,1,9,00,2,0,0,201700028445B01,37,1,1
201700028455,2017-08-12,2017,août,samedi,11:00,44,44109,47.22055,-1.60323,2,1,6,1,2,4,2,00,1,1,000,000,1,0,0,3,1,27,0,1,2,00,0,0,1,201700028455B01,7,1,1
201700028456,2017-08-28,2017,août,lundi,16:00,44,44109,47.25361,-1.57612,2,2,6,1,1,4,2,02,1,1,000,000,1,0,1,3,1,55,0,1,2,00,0,0,1,201700028456B01,37,1,1
201700028468,2017-09-12,2017,septembre,mardi,11:15,44,44190,47.19612,-1.52362,2,1,7,1,1,4,2,02,1,1,000,000,1,0,1,4,2,32,0,1,2,00,2,0,1,201700028468B01,7,1,1
201700028470,2017-10-06,2017,octobre,vendredi,13:56,44,44109,47.21183,1.57834,2,1,3,1,1,4,2,02,1,1,000,000,1,0,1,3,2,31,0,1,2,00,2,8,1,201700028470B01,7,16,1
201700028471,2017-09-08,2017,septembre,vendredi,17:00,44,44109,47.26587,-1.52335,2,1,2,1,1,4,-1,00,1,1,000,000,1,0,1,4,1,40,0,1,2,00,2,0,1,201700028471B01,7,1,1
201700028479,2017-09-23,2017,septembre,samedi,15:20,44,44114,47.25581,-1.62004,2,1,3,1,1,4,2,02,4,3,000,000,1,0,1,3,1,57,5,1,2,00,2,3,1,201700028479A01,7,1,1
201700028482,2017-10-28,2017,octobre,samedi,22:00,44,44114,47.24233,-1.59191,2,1,3,5,1,4,3,01,1,1,000,000,1,0,5,3,1,33,0,1,2,00,2,8,1,201700028482A01,37,1,1
201700028488,2017-10-15,2017,octobre,dimanche,21:0,44,44109,47.24194,-1.55636,2,1,3,5,1,4,2,02,1,1,000,000,1,0,1,3,1,23,0,1,2,00,2,7,15,201700028488A01,7,1,1
201700028505,2017-11-17,2017,novembre,vendredi,91:0,44,44109,47.20724,-1.55888,2,1,2,1,1,4,2,02,1,1,000,000,1,0,1,3,2,24,0,1,2,01,0,1,1,201700028505B01,7,1,1
201700028514,2017-11-16,2017,novembre,jeudi,18:25,44,44109,47.2222,-1.54898,2,6,6,3,9,4,-1,00,1,1,000,000,1,0,1,3,1,20,0,1,2,00,2,1,5,201700028514A01,2,1,1
201700028524,2017-02-10,2017,février,vendredi,13:10,44,44184,47.26191,-2.23811,2,3,6,1,1,4,2,02,1,1,000,000,1,0,4,3,1,15,2,1,2,00,2,1,1,201700028524A01,7,16,1
201700028531,2017-02-21,2017,février,mardi,11:05,44,44184,47.27286,-2.21855,2,3,2,1,1,4,2,00,2,1,000,000,2,0,1,3,2,81,0,1,2,00,2,0,2,201700028531A01,7,0,1
201700028543,2017-05-03,2017,mai,mercredi,16:45,44,44184,47.25237,-2.26138,2,3,3,1,1,4,-1,00,1,1,000,000,1,0,0,4,1,50,0,1,2,00,2,1,1,201700028543B01,7,15,1
201700028545,2017-05-15,2017,mai,lundi,16:50,44,44184,47.27829,-2.20971,2,2,1,1,1,4,2,03,1,1,000,000,1,0,1,3,1,70,5,1,2,00,2,1,1,201700028545B01,7,1,1
201700028555,2017-07-06,2017,juillet,jeudi,19:45,44,44184,47.26482,-2.2433,2,6,3,1,1,4,-1,02,1,-1,000,000,1,0,1,4,2,35,0,1,9,00,2,1,1,201700028555B01,7,9,1
201700028560,2017-08-13,2017,août,dimanche,15:20,44,44184,47.2596,-2.259,2,2,6,1,1,4,2,02,1,1,000,000,1,0,1,4,1,35,1,1,2,00,2,1,1,201700028560B01,7,9,1
201700028563,2017-09-06,2017,septembre,mercredi,65:0,44,44184,47.2707,-2.25695,1,3,3,3,1,4,2,02,1,1,000,000,2,0,1,4,1,45,1,1,9,00,2,1,1,201700028563B01,7,15,1
201700028570,2017-10-08,2017,octobre,dimanche,90:0,44,44184,47.2904,-2.2658,2,2,3,1,2,4,2,02,1,1,000,000,2,0,1,4,1,50,5,1,2,00,2,8,1,201700028570B01,7,1,1
201700028571,2017-10-09,2017,octobre,lundi,16:45,44,44184,47.26433,-2.25756,2,1,3,1,1,3,2,02,1,3,000,000,1,0,1,4,2,77,5,1,9,00,2,8,1,201700028571B01,7,14,1
201700028572,2017-10-10,2017,octobre,mardi,17:05,44,44184,47.26535,-2.26772,2,6,3,1,1,4,2,02,1,1,000,000,1,0,1,3,2,63,0,1,2,00,2,0,1,201700028572B01,10,16,1
201700028595,2017-12-24,2017,décembre,dimanche,17:30,44,44184,47.2833,-2.2137,2,1,1,5,8,4,2,02,1,1,000,000,1,0,1,3,1,13,5,1,2,00,2,8,19,201700028595B01,7,1,1
201700028602,2017-01-31,2017,janvier,mardi,21:00,45,45068,48.00175,2.72156,2,1,7,5,1,4,2,02,2,1,000,060,2,0,5,4,1,44,0,1,2,00,0,0,1,201700028602A01,,,
201700028631,2017-05-19,2017,mai,vendredi,95:3,45,45208,47.99797,2.74052,1,1,3,1,1,6,-1,00,1,1,000,050,1,0,1,4,1,80,5,1,9,00,0,0,0,201700028631B01,7,0,1
201700028639,2017-06-14,2017,juin,mercredi,17:48,45,45338,47.98327,2.71844,2,1,6,1,1,4,-1,00,-1,-1,000,000,-1,0,0,4,1,48,1,1,2,00,0,0,0,201700028639A01,,,
201700028640,2017-06-16,2017,juin,vendredi,20:50,45,45208,48.00028,2.73056,2,1,3,1,1,4,2,02,1,-1,000,000,1,0,1,4,1,48,5,1,2,00,0,4,2,201700028640B01,7,9,1
201700028651,2017-07-20,2017,juillet,jeudi,11:20,45,45208,47.99068,2.73223,2,1,3,1,1,3,2,01,4,1,000,050,1,0,4,4,1,19,1,1,9,00,2,1,5,201700028651B01,7,9,1
201700028699,2017-01-06,2017,janvier,vendredi,13:15,45,45302,47.95184,1.8915,2,3,1,1,1,3,2,04,1,1,000,070,1,0,1,4,1,29,5,1,4,00,2,2,1,201700028699B01,7,16,1
201700028702,2017-01-23,2017,janvier,lundi,17:40,45,45234,47.84624,1.94094,2,3,3,2,1,3,3,04,1,1,000,084,1,0,5,4,2,50,1,1,4,00,2,1,1,201700028702B01,7,16,1
201700028715,2017-04-03,2017,avril,lundi,11:45,45,45147,47.9196,1.9183,2,7,3,1,1,3,2,02,1,1,000,030,1,0,1,4,1,7,2,1,2,00,2,7,19,201700028715B01,7,0,1
201700028732,2017-04-19,2017,avril,mercredi,80:3,45,45234,47.91155,1.89369,2,1,3,1,1,4,2,02,1,1,000,065,1,0,1,3,2,40,1,1,9,00,0,3,19,201700028732B01,33,17,1
201700028750,2017-05-04,2017,mai,jeudi,22:00,45,45234,47.91121,1.92959,2,2,3,5,1,4,3,02,1,1,000,050,1,0,1,4,1,17,9,1,2,00,0,0,0,201700028750Z01,7,15,1
201700028767,2017-02-27,2017,février,lundi,13:40,45,45234,47.907,1.904,2,1,3,1,1,4,-1,01,-1,-1,000,000,-1,0,1,4,2,48,0,1,4,00,2,0,1,201700028767B01,7,1,1
201700028768,2017-02-26,2017,février,dimanche,16:19,45,45147,0,0,2,2,3,2,1,4,2,02,1,1,000,000,1,0,1,1,1,31,0,1,2,00,0,0,0,201700028768B01,7,0,1
201700028772,2017-02-24,2017,février,vendredi,14:15,45,45234,0,0,2,1,3,1,1,4,2,02,1,1,000,000,1,0,1,4,1,15,5,1,2,00,0,0,0,201700028772A01,40,1,1
201700028776,2017-03-28,2017,mars,mardi,90:0,45,45302,47.94584,1.91251,2,1,3,1,1,4,-1,00,-1,-1,000,000,-1,0,0,4,1,79,0,1,2,00,0,0,0,201700028776B01,10,0,1
201700028786,2017-02-20,2017,février,lundi,17:45,45,45302,0,0,1,1,2,2,1,4,-1,02,1,1,000,000,1,0,1,4,1,37,1,1,2,00,2,1,2,201700028786B01,7,0,1
201700028788,2017-02-18,2017,février,samedi,20:35,45,45232,47.84022,1.87698,1,2,1,5,1,3,2,02,1,1,000,000,1,0,1,4,1,30,9,1,2,00,0,0,0,201700028788B01,7,21,1
201700028796,2017-03-14,2017,mars,mardi,73:0,45,45285,47.91288,1.87338,2,1,1,1,1,4,-1,00,-1,-1,000,000,-1,0,0,4,1,14,0,1,2,00,0,0,0,201700028796B01,7,0,1
201700028805,2017-05-23,2017,mai,mardi,20:15,45,45285,47.90981,1.88168,2,3,1,1,7,4,2,06,1,1,000,126,1,0,1,4,2,27,1,1,9,00,2,1,1,201700028805B01,7,15,1
201700028806,2017-02-07,2017,février,mardi,82:2,45,45234,0,0,2,1,6,2,1,4,2,02,1,1,000,000,1,0,1,4,1,28,1,1,9,00,1,0,1,201700028806A01,,,
201700028806,2017-02-07,2017,février,mardi,82:2,45,45234,0,0,2,1,6,2,1,4,2,02,1,1,000,000,1,0,1,4,1,29,1,1,8,00,1,0,1,201700028806A01,,,
201700028814,2017-01-31,2017,janvier,mardi,94:3,45,45234,47.91073,1.9082,2,1,3,1,1,4,2,02,1,1,000,000,1,0,1,4,1,41,5,1,2,00,2,1,5,201700028814B01,7,15,1
201700028814,2017-01-31,2017,janvier,mardi,94:3,45,45234,47.91073,1.9082,2,1,3,1,1,4,2,02,1,1,000,000,1,0,1,4,2,3,9,1,2,00,2,1,5,201700028814B01,7,15,1
201700028816,2017-03-02,2017,mars,jeudi,18:10,45,45147,47.9462,1.90974,2,1,7,1,1,4,-1,00,-1,-1,000,000,-1,0,0,4,1,55,0,1,2,00,0,0,0,201700028816A01,,,
201700028832,2017-01-10,2017,janvier,mardi,84:1,45,45234,0,0,2,1,7,1,1,4,2,02,1,1,000,000,1,0,1,4,2,43,1,1,9,00,0,0,0,201700028832A01,,,
201700028839,2017-05-29,2017,mai,lundi,17:00,45,45232,47.85032,1.91983,2,1,3,1,1,4,2,02,1,1,000,000,1,0,1,4,2,57,1,1,2,00,9,7,17,201700028839A01,1,13,1
201700028839,2017-05-29,2017,mai,lundi,17:00,45,45232,47.85032,1.91983,2,1,3,1,1,4,2,02,1,1,000,000,1,0,1,1,1,34,1,1,2,00,9,8,13,201700028839B01,1,17,1
201700028847,2017-06-01,2017,juin,jeudi,75:0,45,45234,47.841,1.924,2,1,3,1,1,4,1,01,1,1,000,000,1,0,1,4,2,31,1,1,9,00,2,8,1,201700028847B01,7,15,1
201700028854,2017-06-08,2017,juin,jeudi,16:00,45,45234,47.91486,1.9007,2,1,3,1,1,4,-1,02,1,1,010,140,1,0,1,4,1,28,9,1,2,00,2,8,15,201700028854A01,7,0,1
201700028861,2017-06-14,2017,juin,mercredi,73:5,45,45075,47.89,1.83,2,6,2,1,1,4,2,00,-1,-1,000,076,-1,0,1,4,2,51,0,1,2,00,0,4,2,201700028861B01,7,2,1
201700028862,2017-06-16,2017,juin,vendredi,15:49,45,45234,47.92388,1.93882,2,1,3,1,1,4,1,02,1,1,050,058,1,0,1,3,2,35,0,1,2,00,2,8,19,201700028862B01,7,1,1
201700028864,2017-06-17,2017,juin,samedi,17:22,45,45147,47.93124,1.92535,2,1,7,1,1,4,2,02,1,2,000,055,1,0,1,3,1,20,5,1,2,00,0,0,15,201700028864A01,,,
201700028866,2017-06-19,2017,juin,lundi,11:45,45,45147,49.92274,1.89762,2,3,1,1,1,4,2,02,1,1,000,070,1,0,1,4,1,19,5,1,9,00,2,3,15,201700028866B01,10,2,1
201700028867,2017-06-18,2017,juin,dimanche,19:30,45,45234,47.92686,1.94012,1,3,6,1,7,4,2,02,1,1,000,070,1,0,1,4,1,60,5,1,9,00,0,8,13,201700028867B01,33,17,1
201700028876,2017-06-27,2017,juin,mardi,13:15,45,45147,47.94081,1.91723,2,1,1,1,1,4,2,02,1,2,000,060,1,0,1,4,1,15,9,1,9,00,2,3,1,201700028876B01,7,17,1
201700028881,2017-07-04,2017,juillet,mardi,81:0,45,45286,47.88924,1.92971,2,1,3,1,1,4,2,01,1,3,000,040,1,0,1,4,1,58,4,1,2,00,2,3,1,201700028881B01,7,15,1
201700028898,2017-07-19,2017,juillet,mercredi,11:00,45,45234,47.91376,1.9238,2,1,3,1,1,4,3,02,1,1,000,056,1,0,5,3,1,79,5,1,2,00,2,1,1,201700028898B01,14,16,1
201700028902,2017-07-25,2017,juillet,mardi,19:00,45,45234,47.8317,1.92892,2,1,3,1,1,4,1,02,1,1,005,030,1,0,5,4,2,22,5,1,2,00,2,3,1,201700028902D01,7,16,1
201700028909,2017-08-01,2017,août,mardi,17:45,45,45234,47.91285,1.91319,2,1,3,1,1,4,2,02,1,1,000,060,1,0,5,3,2,23,0,1,9,00,2,7,16,201700028909B01,7,1,1
201700028912,2017-08-31,2017,août,jeudi,16:20,45,45147,47.94792,1.92142,2,1,2,1,8,3,2,01,2,1,000,035,1,0,4,4,1,21,4,1,2,00,2,1,0,201700028912B01,10,16,1
201700028925,2017-08-26,2017,août,samedi,18:50,45,45234,47.91791,1.90074,2,6,3,1,1,4,2,01,1,2,000,035,1,5,1,4,1,30,0,1,2,00,4,0,15,201700028925A01,40,0,1
201700028927,2017-08-31,2017,août,jeudi,16:20,45,45284,47.9,1.94,2,1,2,1,1,3,2,02,2,1,000,090,1,0,1,3,2,25,1,1,2,14,0,4,2,201700028927A01,7,23,1
201700028929,2017-09-08,2017,septembre,vendredi,90:0,45,45234,47.91476,1.92364,2,2,3,1,1,4,1,02,1,1,030,057,1,0,1,4,1,54,1,1,9,00,2,1,19,201700028929B01,7,16,1
201700028933,2017-09-12,2017,septembre,mardi,19:15,45,45234,47.908,1.90815,2,1,3,1,1,4,2,02,1,1,000,070,1,0,1,3,2,32,1,1,9,00,2,1,9,201700028933A01,7,1,1
201700028936,2017-09-20,2017,septembre,mercredi,13:20,45,45075,47.88333,1.83333,2,1,3,1,1,4,2,01,1,1,000,054,1,0,4,4,2,14,5,1,2,00,2,3,21,201700028936A01,7,9,1
201700028955,2017-10-06,2017,octobre,vendredi,12:20,45,45234,47.9,1.9,2,3,3,1,1,4,1,04,1,1,000,140,1,0,1,4,2,37,0,1,9,00,4,7,19,201700028955A01,40,1,1
201700028958,2017-10-13,2017,octobre,vendredi,17:30,45,45169,47.91,1.83,2,1,2,1,1,4,2,02,1,1,000,070,1,0,1,4,1,13,2,1,2,14,0,1,2,201700028958A01,7,23,1
201700028964,2017-10-19,2017,octobre,jeudi,13:29,45,45234,47.8364,1.93816,2,2,3,1,1,4,1,02,1,1,030,080,1,0,1,4,1,13,9,1,9,00,2,8,1,201700028964B01,7,16,1
201700028966,2017-10-20,2017,octobre,vendredi,10:55,45,45302,47.94777,1.9,2,2,2,1,1,4,-1,02,1,-1,000,060,1,0,1,3,2,53,1,1,2,00,2,2,19,201700028966B01,7,19,1
201700028971,2017-10-25,2017,octobre,mercredi,75:1,45,45147,47.9246,1.92147,2,6,2,2,1,4,1,00,1,1,000,000,1,0,1,4,2,25,1,1,2,00,2,3,2,201700028971B01,7,16,1
201700028974,2017-10-29,2017,octobre,dimanche,10:40,45,45232,47.86,1.9,2,3,3,1,2,4,2,03,1,1,020,090,2,0,1,3,2,51,0,1,2,00,9,3,16,201700028974B01,7,16,1
201700028976,2017-10-23,2017,octobre,lundi,17:54,45,45286,47.8958,1.9212,2,1,3,1,1,2,2,02,1,1,000,000,1,2,1,4,1,12,0,1,9,00,2,0,0,201700028976B01,7,0,1
201700028979,2017-11-02,2017,novembre,jeudi,18:10,45,45234,47.90769,1.90646,2,9,1,5,1,4,2,05,1,1,010,157,1,0,1,4,2,26,1,1,9,00,2,8,19,201700028979B01,37,15,1
201700028988,2017-11-10,2017,novembre,vendredi,19:10,45,45234,47.91011,1.89856,2,2,3,5,1,4,1,02,1,1,000,079,1,0,1,4,2,56,0,1,9,00,2,3,2,201700028988B01,7,9,1
201700028996,2017-11-21,2017,novembre,mardi,90:1,45,45234,47.83952,1.9429,2,6,3,1,8,4,3,02,1,1,040,070,1,5,1,3,2,21,1,1,9,00,2,3,19,201700028996B01,14,16,1
201700029005,2017-12-02,2017,décembre,samedi,15:3,45,45234,47.88793,1.90327,2,1,2,5,1,4,2,01,1,1,010,025,1,0,1,4,1,17,1,1,9,00,0,4,2,201700029005B01,7,2,1
201700029025,2017-12-18,2017,décembre,lundi,18:40,45,45235,47.94355,1.83419,1,1,3,5,1,4,1,00,1,3,000,150,1,0,1,4,1,40,5,1,2,00,2,7,1,201700029025B01,7,9,1
201700029051,2017-06-24,2017,juin,samedi,19:20,46,46042,44.44022,1.43548,2,1,2,1,1,4,2,01,1,1,000,064,1,0,1,4,2,60,0,1,2,00,2,6,0,201700029051B01,7,17,1
201700029068,2017-01-06,2017,janvier,vendredi,10:05,47,47001,44.1947,0.62348,2,3,3,1,7,4,2,02,1,1,000,000,1,0,1,4,2,43,1,1,2,00,2,0,15,201700029068B01,7,1,1
201700029075,2017-02-10,2017,février,vendredi,11:15,47,47031,44.17859,0.63026,2,1,3,1,1,3,2,02,1,1,000,000,1,0,1,3,1,51,5,1,2,00,2,1,19,201700029075A01,7,1,1
201700029084,2017-05-05,2017,mai,vendredi,15:43,47,47032,44.2038,0.69806,1,1,1,1,1,4,2,02,2,3,000,000,1,0,1,3,1,15,2,1,2,00,2,1,13,201700029084A01,7,1,1
201700029096,2017-10-25,2017,octobre,mercredi,19:50,47,47001,44.1966,0.6197,2,1,2,5,1,3,2,02,1,1,000,000,1,0,1,3,1,66,5,1,2,01,2,4,1,201700029096B01,7,1,1
201700029125,2017-06-08,2017,juin,jeudi,16:58,48,48095,44.52245,3.503,2,1,3,1,1,3,2,02,2,1,000,030,1,2,1,3,1,10,0,1,2,00,2,1,13,201700029125A01,15,1,1
201700029130,2017-12-26,2017,décembre,mardi,11:34,49,49007,47.46907,-0.54973,2,1,7,1,1,4,2,02,1,1,000,000,1,0,1,4,1,57,0,1,2,12,0,1,0,201700029130A01,,,
201700029142,2017-01-10,2017,janvier,mardi,80:0,49,49007,47.4747,-0.52913,2,1,3,5,2,4,2,02,1,1,000,115,2,0,1,4,1,62,0,1,2,00,2,7,1,201700029142B01,31,0,1
201700029155,2017-01-19,2017,janvier,jeudi,81:5,49,49007,47.45242,-0.55891,2,2,6,2,1,4,2,02,1,1,000,075,1,0,1,4,2,34,1,1,2,00,2,0,1,201700029155B01,7,15,1
201700029156,2017-01-16,2017,janvier,lundi,75:0,49,49007,47.47172,-0.56703,2,6,3,5,1,4,-1,02,1,-1,000,000,2,0,1,4,1,35,9,1,2,00,2,8,9,201700029156B01,7,1,1
201700029159,2017-01-22,2017,janvier,dimanche,15:45,49,49015,47.49378,-0.58666,2,1,6,1,1,3,2,02,1,1,000,130,1,0,1,4,1,12,0,1,2,08,0,0,0,201700029159A01,,,
201700029160,2017-01-22,2017,janvier,dimanche,13:35,49,49007,47.48455,-0.53398,2,1,6,1,1,4,2,02,1,1,000,062,1,0,1,3,1,57,0,1,2,00,0,0,0,201700029160A01,,,
201700029163,2017-01-23,2017,janvier,lundi,14:00,49,49007,47.47266,-0.54271,2,2,3,1,1,4,2,02,1,1,000,145,1,0,1,4,1,43,1,1,2,00,2,8,1,201700029163B01,7,15,1
201700029179,2017-02-05,2017,février,dimanche,84:5,49,49007,47.47379,-0.58266,2,1,2,1,1,4,2,02,1,1,000,082,1,0,5,4,1,51,5,1,2,00,2,7,1,201700029179B01,7,20,1
201700029196,2017-02-16,2017,février,jeudi,13:00,49,49007,47.45096,-0.54945,2,2,5,1,1,4,2,02,1,1,000,130,1,0,1,1,1,75,5,1,2,00,0,0,0,201700029196C01,2/ 3,1,2
201700029206,2017-02-26,2017,février,dimanche,11:20,49,49007,47.45915,-0.53557,2,1,3,1,2,4,-1,02,1,1,000,030,2,0,1,4,1,18,5,1,2,00,2,1,1,201700029206B01,7,22,1
201700029208,2017-03-01,2017,mars,mercredi,73:7,49,49007,47.4784,-0.54875,2,1,6,1,1,4,1,01,1,1,000,044,1,0,1,4,2,46,1,1,2,00,2,1,1,201700029208B01,7,20,1
201700029214,2017-03-03,2017,mars,vendredi,12:02,49,49007,47.48579,-0.57563,2,1,6,1,6,4,2,04,1,1,000,000,2,0,1,4,2,40,9,1,4,00,2,4,1,201700029214B01,7,1,1
201700029220,2017-03-14,2017,mars,mardi,11:05,49,49007,47.47519,-0.5828,2,1,6,1,1,4,-1,02,1,1,000,047,1,0,1,4,2,19,2,1,2,00,2,8,1,201700029220B01,7,16,1
201700029223,2017-03-18,2017,mars,samedi,71:0,49,49007,47.45229,-0.5561,2,1,6,2,1,4,2,02,1,1,000,060,1,0,4,3,1,54,5,1,2,08,0,1,1,201700029223A01,,,
201700029229,2017-03-23,2017,mars,jeudi,17:10,49,49007,47.47313,-0.60219,2,2,3,1,1,4,2,04,-1,-1,000,097,-1,0,1,4,1,22,1,1,2,00,2,1,1,201700029229B01,7,16,1
201700029230,2017-03-24,2017,mars,vendredi,12:30,49,49007,47.45166,-0.54551,2,1,6,1,1,4,3,04,1,1,000,128,1,0,1,3,2,50,1,1,2,00,2,0,1,201700029230A01,7,1,1
201700029236,2017-03-29,2017,mars,mercredi,17:34,49,49007,47.47573,-0.59391,2,2,6,1,1,4,2,02,1,1,000,070,1,0,1,4,1,13,5,1,2,00,2,1,1,201700029236B01,7,1,1
201700029237,2017-03-30,2017,mars,jeudi,11:12,49,49007,47.47518,-0.5482,2,1,7,1,1,4,3,07,1,1,000,109,1,0,1,4,2,27,5,1,2,00,0,0,0,201700029237A01,,,
201700029245,2017-04-05,2017,avril,mercredi,17:35,49,49007,47.46256,-0.53229,2,1,3,1,1,4,3,02,1,1,000,045,1,0,1,4,1,17,5,1,2,00,2,0,1,201700029245A01,1,0,1
201700029245,2017-04-05,2017,avril,mercredi,17:35,49,49007,47.46256,-0.53229,2,1,3,1,1,4,3,02,1,1,000,045,1,0,1,4,1,16,5,1,2,00,2,0,0,201700029245B01,1,1,1
201700029246,2017-04-06,2017,avril,jeudi,30:0,49,49007,47.46507,-0.54946,2,1,7,5,1,4,2,04,1,1,000,140,1,0,1,3,1,31,5,1,2,16,0,0,1,201700029246A01,,,
201700029252,2017-04-13,2017,avril,jeudi,91:0,49,49007,47.47454,-0.54676,2,2,3,1,1,4,2,02,1,1,,,1,0,1,4,1,44,5,1,2,00,2,0,0,201700029252B01,7,16,1
201700029255,2017-04-17,2017,avril,lundi,16:14,49,49246,47.40716,-0.52561,2,1,3,1,1,3,2,02,1,1,000,110,1,0,1,3,1,38,9,1,2,00,2,1,1,201700029255B01,7,15,1
201700029265,2017-05-02,2017,mai,mardi,18:00,49,49007,47.47304,-0.57722,2,3,3,1,1,4,2,02,1,1,000,178,1,0,1,4,1,43,1,1,2,00,2,1,1,201700029265B01,7,15,1
201700029273,2017-05-09,2017,mai,mardi,16:03,49,49007,47.47414,-0.56764,2,1,2,1,1,4,2,02,1,1,000,070,1,0,1,4,1,19,5,1,2,00,2,1,1,201700029273A01,7,15,1
201700029274,2017-05-09,2017,mai,mardi,19:15,49,49007,47.46952,-0.59934,2,1,6,1,1,4,2,02,1,-1,000,065,-1,0,1,4,2,20,2,1,2,00,2,4,1,201700029274B01,7,16,1
201700029275,2017-05-10,2017,mai,mercredi,75:5,49,49246,47.43754,-0.51253,2,1,3,1,1,4,3,02,1,1,000,099,1,0,1,4,1,12,2,1,2,00,2,7,1,201700029275B01,7,1,1
201700029276,2017-05-11,2017,mai,jeudi,18:00,49,49007,47.46643,-0.55293,2,1,6,1,1,4,3,02,1,1,000,043,1,0,1,1,1,35,5,1,2,00,1,1,1,201700029276A01,,,
201700029277,2017-05-15,2017,mai,lundi,10:30,49,49007,47.47363,-0.559,2,2,1,1,1,4,1,01,1,1,000,040,1,0,1,4,1,19,0,1,2,00,2,1,15,201700029277B01,7,1,1
201700029280,2017-05-16,2017,mai,mardi,13:06,49,49007,47.46612,-0.5524,2,1,7,1,1,4,2,03,1,1,000,095,1,0,1,3,2,20,5,1,2,12,0,0,0,201700029280A01,,,
201700029283,2017-05-19,2017,mai,vendredi,75:0,49,49007,47.46504,-0.54541,2,1,1,1,1,4,2,02,1,1,000,056,1,0,1,4,2,53,1,1,2,00,2,1,1,201700029283B01,7,15,1
201700029285,2017-05-22,2017,mai,lundi,14:40,49,49015,47.50059,-0.59009,2,6,6,1,1,4,2,02,1,1,000,084,1,0,1,4,1,35,5,1,2,00,2,4,1,201700029285B01,7,1,1
201700029289,2017-05-24,2017,mai,mercredi,80:6,49,49007,47.45969,-0.52956,2,1,7,1,1,4,2,02,1,1,000,050,1,0,1,3,2,53,5,1,2,00,0,0,1,201700029289A01,,,
201700029303,2017-06-02,2017,juin,vendredi,22:20,49,49007,47.48758,-0.53764,2,1,2,5,1,4,1,04,1,1,000,129,1,0,1,4,1,42,1,1,2,00,2,4,1,201700029303B01,7,1,1
201700029310,2017-06-10,2017,juin,samedi,20:50,49,49007,47.47486,-0.5341,2,2,3,1,1,4,2,02,-1,-1,000,030,1,0,1,3,2,55,5,1,2,00,2,1,1,201700029310B01,7,15,1
201700029311,2017-06-09,2017,juin,vendredi,16:43,49,49007,47.4539,-0.52555,2,1,7,1,1,4,2,02,1,1,000,020,1,0,5,3,1,78,5,1,2,00,0,0,21,201700029311A01,,,
201700029315,2017-06-13,2017,juin,mardi,16:13,49,49007,47.47881,-0.54831,2,1,7,1,1,4,2,02,1,1,000,043,1,0,1,4,2,25,5,1,2,00,0,0,1,201700029315A01,,,
201700029320,2017-06-12,2017,juin,lundi,17:30,49,49007,47.47641,-0.56643,2,3,3,1,1,4,3,02,1,1,000,079,1,0,1,4,2,25,0,1,2,00,2,1,1,201700029320B01,7,16,1
201700029321,2017-06-14,2017,juin,mercredi,13:45,49,49007,47.44775,-0.50892,2,1,7,1,1,4,2,02,1,1,000,074,1,0,1,3,2,31,5,1,2,14,0,0,1,201700029321A01,,,
201700029322,2017-06-15,2017,juin,jeudi,93:0,49,49007,47.44885,-0.57332,2,6,3,1,1,4,3,02,1,1,000,070,1,0,1,4,1,54,5,1,2,00,2,0,1,201700029322B01,7,0,1
201700029324,2017-06-16,2017,juin,vendredi,85:2,49,49007,47.43466,-0.53288,2,1,3,1,1,4,3,04,1,1,000,043,1,0,1,4,2,47,0,1,2,00,2,1,1,201700029324B01,7,20,1
201700029325,2017-06-17,2017,juin,samedi,93:5,49,49007,47.46558,-0.55188,2,1,7,1,1,4,2,03,1,1,000,067,1,0,1,3,2,82,9,1,2,12,0,1,9,201700029325A01,,,
201700029327,2017-06-19,2017,juin,lundi,16:53,49,49353,47.44341,-0.48834,2,6,6,1,1,4,2,02,1,1,000,069,-1,0,1,4,1,83,5,1,2,00,2,2,1,201700029327B01,7,1,1
201700029329,2017-06-20,2017,juin,mardi,18:18,49,49007,47.46869,-0.54987,2,1,7,1,2,4,3,02,1,1,000,070,1,0,1,4,2,54,0,1,2,00,0,0,1,201700029329A01,,,