Num_Acc,date,an,mois,jour,hrmn,dep,com,lat,long,agg,int,col,lum,atm,catr,circ,nbv,prof,plan,lartpc,larrout,surf,infra,situ,grav,sexe,age,trajet,secuexist,equipement,obs,obsm,choc,manv,vehiculeid,typevehicules,manoeuvehicules,numVehicules
201700029330,2017-06-21,2017,juin,mercredi,55:8,49,49246,47.43637,-0.5177,2,1,6,1,1,4,2,02,-1,-1,000,000,1,0,1,4,1,34,0,1,2,16,0,1,1,201700029330A01,,,
201700029343,2017-06-29,2017,juin,jeudi,13:21,49,49007,47.47327,-0.55499,2,1,7,1,1,4,-1,01,1,1,000,050,1,0,1,4,2,33,1,1,2,00,0,0,1,201700029343A01,,,
201700029349,2017-07-04,2017,juillet,mardi,95:0,49,49007,47.46305,-0.61557,2,1,7,1,1,4,2,02,1,1,000,070,1,0,1,4,1,10,9,1,2,00,0,0,1,201700029349A01,,,
201700029350,2017-07-05,2017,juillet,mercredi,90:0,49,49007,47.47403,-0.53744,2,3,3,1,1,4,2,02,1,1,000,000,1,0,1,4,2,31,1,1,2,00,2,1,1,201700029350B01,7,15,1
201700029356,2017-07-13,2017,juillet,jeudi,13:45,49,49007,47.45475,-0.5536,2,1,7,1,1,4,2,02,1,1,000,053,1,0,1,4,1,60,5,1,2,14,0,0,1,201700029356A01,,,
201700029358,2017-07-16,2017,juillet,dimanche,14:9,49,49007,47.47218,-0.55702,2,1,7,5,1,4,1,01,4,1,000,030,1,0,1,4,1,34,5,1,2,00,0,0,1,201700029358A01,,,
201700029362,2017-07-18,2017,juillet,mardi,83:5,49,49007,47.46362,-0.5553,2,1,7,1,1,4,-1,01,1,1,060,020,1,0,1,4,2,51,1,1,9,14,9,1,2,201700029362A01,,,
201700029364,2017-07-19,2017,juillet,mercredi,18:30,49,49007,47.46959,-0.5296,1,1,7,1,2,4,3,01,1,-1,000,000,2,0,5,4,2,28,0,1,9,00,0,0,0,201700029364A01,,,
201700029370,2017-07-23,2017,juillet,dimanche,14:10,49,49007,47.47303,-0.57752,2,9,3,1,1,4,3,03,1,1,000,070,1,5,1,3,2,40,9,1,2,00,2,1,1,201700029370B01,30,14,1
201700029382,2017-08-09,2017,août,mercredi,18:52,49,49007,47.46285,-0.55509,2,1,6,1,2,4,2,02,1,1,000,063,2,0,1,1,1,29,5,1,2,00,1,1,1,201700029382A01,,,
201700029383,2017-08-10,2017,août,jeudi,14:08,49,49007,47.4639,-0.5388,2,1,2,1,1,4,2,02,1,1,000,000,2,0,1,4,1,18,5,1,2,00,2,1,1,201700029383B01,7,14,1
201700029393,2017-08-20,2017,août,dimanche,15:13,49,49007,47.47793,-0.54612,2,1,3,1,1,4,1,03,1,1,000,080,1,0,1,4,1,17,0,1,2,00,2,1,1,201700029393A01,7,1,1
201700029394,2017-08-21,2017,août,lundi,93:2,49,49007,47.47494,-0.52911,2,1,7,1,1,4,2,02,1,1,000,000,1,0,1,4,2,57,1,1,2,00,0,0,1,201700029394A01,,,
201700029399,2017-08-26,2017,août,samedi,10:26,49,49007,47.45694,-0.52332,2,1,2,1,1,4,2,03,1,1,000,064,1,0,1,4,1,77,5,1,2,00,2,1,1,201700029399B01,7,4,1
201700029402,2017-08-31,2017,août,jeudi,19:00,49,49007,47.48192,-0.5669,2,1,6,1,1,4,2,02,1,1,000,070,1,0,1,4,2,43,5,1,2,00,2,1,1,201700029402B01,7,4,1
201700029408,2017-09-05,2017,septembre,mardi,19:55,49,49007,47.47317,-0.57773,2,1,7,1,1,4,2,02,1,1,000,060,1,0,1,4,1,23,5,1,2,00,0,0,1,201700029408A01,,,
201700029410,2017-09-02,2017,septembre,samedi,92:5,49,49007,47.48421,-0.51815,2,1,6,1,1,4,2,04,1,1,000,191,1,0,1,4,1,24,1,1,2,01,0,1,1,201700029410B01,,,
201700029411,2017-09-09,2017,septembre,samedi,94:5,49,49007,47.45403,-0.55345,2,1,7,1,1,4,2,02,1,1,000,080,1,0,1,4,1,55,5,1,2,00,0,0,1,201700029411A01,,,
201700029413,2017-09-11,2017,septembre,lundi,17:45,49,49353,47.44081,-0.49854,2,6,3,1,1,4,2,02,1,1,000,060,1,0,1,4,1,15,2,1,2,00,2,1,1,201700029413A01,7,16,1
201700029416,2017-09-13,2017,septembre,mercredi,19:23,49,49007,47.47195,-0.56688,2,6,6,1,2,4,2,01,1,1,000,110,2,0,1,4,2,51,5,1,2,00,2,0,1,201700029416B01,2,1,1
201700029422,2017-09-16,2017,septembre,samedi,17:41,49,49007,47.45779,-0.54439,2,6,6,1,1,4,2,02,1,1,000,000,1,0,1,4,1,17,5,1,2,00,2,5,1,201700029422B01,7,1,1
201700029423,2017-09-15,2017,septembre,vendredi,19:20,49,49007,47.46965,-0.54396,2,1,7,1,1,4,2,02,1,1,000,000,1,0,1,4,2,39,5,1,2,12,0,0,1,201700029423A01,,,
201700029428,2017-09-20,2017,septembre,mercredi,18:30,49,49007,47.47354,-0.58611,2,1,3,1,1,4,2,03,1,1,000,000,1,0,1,4,1,17,5,1,2,00,2,1,1,201700029428B01,7,15,1
201700029429,2017-09-21,2017,septembre,jeudi,40:7,49,49007,47.45819,-0.54495,2,1,7,5,1,4,-1,02,1,1,000,000,1,0,1,4,1,20,5,1,2,00,0,0,1,201700029429A01,,,
201700029432,2017-09-24,2017,septembre,dimanche,15:30,49,49007,47.46512,-0.49432,2,1,7,1,1,4,2,03,1,1,000,049,1,0,1,4,2,30,0,1,9,12,0,1,9,201700029432A01,,,
201700029438,2017-09-30,2017,septembre,samedi,17:00,49,49007,47.47028,-0.55368,2,1,7,1,1,4,2,02,1,1,000,067,1,0,1,4,1,43,0,1,2,12,0,1,1,201700029438A01,,,
201700029439,2017-10-03,2017,octobre,mardi,17:31,49,49246,47.43874,-0.53218,2,1,1,1,1,4,-1,01,-1,-1,000,032,-1,0,1,4,2,11,0,1,2,00,2,8,0,201700029439B01,7,0,1
201700029442,2017-10-04,2017,octobre,mercredi,18:10,49,49007,47.44445,-0.56937,2,3,3,1,1,4,,,,,,,,,,3,2,70,0,1,2,00,2,1,1,201700029442B01,7,15,1
201700029451,2017-10-10,2017,octobre,mardi,91:6,49,49007,47.44906,-0.54424,2,1,7,1,1,4,-1,01,1,3,001,070,1,0,1,4,2,18,0,1,2,00,0,0,21,201700029451A01,,,
201700029452,2017-10-12,2017,octobre,jeudi,18:48,49,49007,47.47361,-0.58737,2,1,6,2,1,4,2,02,4,1,000,000,1,0,1,4,1,20,9,1,2,00,2,8,2,201700029452B01,7,1,1
201700029453,2017-10-12,2017,octobre,jeudi,12:30,49,49007,47.46954,-0.60208,2,1,2,1,1,4,1,01,-1,2,000,060,1,2,5,4,2,65,0,1,2,00,2,4,2,201700029453B01,7,9,1
201700029458,2017-10-20,2017,octobre,vendredi,65:8,49,49015,47.50765,-0.59049,2,1,6,5,1,4,2,02,1,1,000,070,1,0,1,4,1,19,9,1,9,00,0,1,1,201700029458A01,,,
201700029459,2017-10-16,2017,octobre,lundi,82:7,49,49007,47.46293,-0.55382,2,1,6,2,1,4,2,02,1,1,000,000,1,0,1,4,2,28,1,1,2,00,2,4,1,201700029459B01,7,1,1
201700029460,2017-10-16,2017,octobre,lundi,21:35,49,49007,47.45953,-0.54569,2,1,6,5,9,4,2,02,1,1,000,000,1,0,1,4,2,18,2,1,2,00,2,7,1,201700029460B01,7,9,1
201700029463,2017-10-18,2017,octobre,mercredi,82:0,49,49007,47.4733,-0.53015,2,1,7,2,1,4,2,02,1,1,000,090,2,0,1,4,1,19,0,1,2,00,0,0,1,201700029463A01,,,
201700029464,2017-10-17,2017,octobre,mardi,95:7,49,49007,47.48145,-0.53007,2,1,3,1,1,4,2,,1,1,000,015,1,0,5,4,1,22,0,1,2,00,2,1,1,201700029464B01,7,9,1
201700029465,2017-10-17,2017,octobre,mardi,17:35,49,49246,47.43372,-0.52912,2,6,3,1,1,4,1,02,1,2,000,000,1,0,1,4,1,45,0,1,2,00,2,7,1,201700029465B01,7,1,1
201700029472,2017-10-24,2017,octobre,mardi,16:24,49,49007,47.47453,-0.54666,2,2,3,1,1,4,,,,,,,,,,4,2,24,0,1,2,00,2,3,1,201700029472B01,7,16,1
201700029474,2017-10-24,2017,octobre,mardi,19:26,49,49007,47.44824,-0.53858,2,6,3,5,1,4,-1,02,1,-1,000,045,1,0,1,3,1,50,0,1,2,00,2,1,1,201700029474B01,7,9,1
201700029476,2017-10-28,2017,octobre,samedi,13:25,49,49007,47.46837,-0.53291,2,1,7,1,1,4,-1,01,-1,-1,000,000,-1,0,1,4,2,48,0,1,2,00,0,1,0,201700029476A01,,,
201700029479,2017-10-27,2017,octobre,vendredi,17:40,49,49007,47.47367,-0.58386,2,1,7,1,1,4,-1,00,1,1,000,000,1,0,1,4,1,27,0,1,2,00,0,0,0,201700029479A01,,,
201700029495,2017-11-16,2017,novembre,jeudi,18:27,49,49007,47.4636,-0.52985,2,1,6,4,1,4,2,02,1,1,000,065,1,0,1,4,2,45,1,1,4,00,2,3,12,201700029495B01,7,12,1
201700029498,2017-11-17,2017,novembre,vendredi,83:0,49,49007,47.46382,-0.55032,2,1,7,5,1,4,-1,00,-1,-1,000,000,-1,0,0,4,1,26,0,1,2,00,0,0,0,201700029498A01,,,
201700029499,2017-11-17,2017,novembre,vendredi,72:0,49,49007,47.49195,-0.57216,2,1,7,5,1,4,2,00,-1,-1,000,000,-1,0,1,4,2,38,0,1,2,00,0,0,0,201700029499A01,,,
201700029524,2017-12-04,2017,décembre,lundi,10:41,49,49007,47.45374,-0.52675,2,1,3,1,1,4,2,02,1,1,000,050,1,0,1,3,2,57,0,1,2,01,0,1,1,201700029524B01,7,22,1
201700029526,2017-12-02,2017,décembre,samedi,15:,49,49007,47.45253,-0.5241,2,6,7,5,1,4,1,03,1,2,000,000,1,0,1,4,2,27,0,1,2,00,0,8,15,201700029526A01,,,
201700029531,2017-12-14,2017,décembre,jeudi,20:01,49,49007,47.47285,-0.55779,2,2,3,5,1,4,,,,,,,,,,4,1,37,0,1,2,00,2,8,1,201700029531B01,7,15,1
201700029538,2017-12-17,2017,décembre,dimanche,18:58,49,49007,47.49093,-0.56263,2,2,3,5,1,4,,,,,,,,,,4,1,18,0,1,2,00,2,1,15,201700029538A01,7,1,1
201700029546,2017-12-21,2017,décembre,jeudi,85:9,49,49007,47.47702,-0.54806,2,1,6,1,1,4,2,02,1,1,000,060,1,0,1,4,1,41,0,1,2,00,2,7,1,201700029546B01,7,15,1
201700029548,2017-12-20,2017,décembre,mercredi,21:25,49,49007,47.46749,-0.52957,2,6,3,5,1,4,2,02,1,-1,000,000,1,0,1,4,1,20,0,1,2,00,2,7,1,201700029548B01,7,1,1
201700029558,2017-02-08,2017,février,mercredi,16:15,49,49099,47.03542,-0.88479,1,1,2,1,1,3,-1,02,1,1,000,070,1,0,5,3,1,22,5,1,2,00,2,4,1,201700029558B01,10,14,1
201700029573,2017-05-31,2017,mai,mercredi,10:15,49,49099,47.0509,-0.88758,2,1,6,1,1,4,2,02,1,1,000,104,1,0,5,3,1,71,5,1,2,01,0,1,1,201700029573B01,7,22,1
201700029575,2017-06-08,2017,juin,jeudi,11:40,49,49099,47.05911,-0.90377,2,6,3,1,1,4,-1,02,2,1,000,000,1,0,1,4,1,64,5,1,2,00,2,7,1,201700029575B01,7,9,1
201700029579,2017-07-04,2017,juillet,mardi,14:20,49,49099,47.05548,-0.85939,2,6,3,1,1,4,3,04,2,3,014,080,1,0,0,3,1,65,5,1,9,00,2,7,1,201700029579B01,7,9,1
201700029581,2017-07-08,2017,juillet,samedi,11:45,49,49099,47.05084,-0.85013,2,6,3,1,1,4,1,02,1,2,000,104,1,0,1,3,1,44,5,1,9,00,2,7,1,201700029581B01,7,9,1
201700029587,2017-09-05,2017,septembre,mardi,16:20,49,49099,47.07128,-0.84898,2,1,6,1,8,4,3,02,1,1,024,043,1,0,1,3,1,63,0,1,2,12,2,1,6,201700029587A01,17,1,1
201700029624,2017-09-16,2017,septembre,samedi,11:30,49,49328,47.2658,-0.06718,2,1,6,1,1,3,2,02,1,1,000,000,1,0,1,4,1,79,5,1,2,00,2,3,15,201700029624B01,7,1,1
201700029625,2017-09-27,2017,septembre,mercredi,17:25,49,49328,47.25634,-0.07674,2,2,3,1,1,4,2,02,2,1,000,000,1,0,1,4,1,11,5,1,2,00,2,1,1,201700029625B01,7,9,1
201700029638,2017-01-19,2017,janvier,jeudi,13:35,50,50129,49.63938,-1.63324,2,2,3,1,1,4,1,01,1,1,000,035,1,0,1,4,1,56,1,1,2,00,2,8,1,201700029638B01,10,17,1
201700029654,2017-02-19,2017,février,dimanche,15:15,50,50602,49.63515,-1.58641,2,2,3,1,1,3,3,04,1,1,000,000,1,5,1,4,1,14,5,1,9,00,2,4,1,201700029654A01,7,1,1
201700029656,2017-03-03,2017,mars,vendredi,14:15,50,50129,49.62811,1.65329,2,3,3,1,1,4,2,01,1,1,000,000,1,0,1,3,1,24,5,1,2,00,2,1,1,201700029656B01,7,1,1
201700029658,2017-03-13,2017,mars,lundi,16:30,50,50129,49.6396,1.61864,2,3,2,1,1,4,2,03,1,1,000,000,1,0,1,4,1,35,1,1,2,00,2,1,2,201700029658B01,7,1,1
201700029660,2017-03-16,2017,mars,jeudi,94:5,50,50173,0,0,2,2,7,1,1,4,2,02,4,1,000,000,1,5,1,4,2,54,1,1,2,00,2,8,1,201700029660B01,7,17,1
201700029705,2017-07-06,2017,juillet,jeudi,12:15,50,50129,49.62838,-1.62562,2,1,1,1,1,4,2,02,1,1,000,000,1,0,0,4,1,29,5,1,2,00,2,1,1,201700029705B01,7,0,1
201700029710,2017-07-18,2017,juillet,mardi,16:00,50,50602,49.64405,-1.58113,2,2,3,1,1,4,2,02,1,1,000,000,1,5,1,4,1,73,5,1,2,00,2,2,1,201700029710A01,7,1,1
201700029714,2017-08-03,2017,août,jeudi,14:00,50,50602,49.65268,1.55236,2,1,7,1,1,3,2,01,4,1,000,000,1,0,1,4,2,16,5,1,2,00,0,0,1,201700029714A01,,,
201700029717,2017-08-08,2017,août,mardi,18:15,50,50129,49.63157,1.60414,2,1,3,1,1,4,1,01,2,1,000,031,1,0,1,4,1,15,5,1,2,00,2,1,17,201700029717B01,7,15,1
201700029722,2017-08-18,2017,août,vendredi,13:25,50,50129,49.62977,-1.65068,2,1,3,1,1,4,2,02,2,1,000,000,1,0,1,4,1,19,5,1,2,00,2,8,1,201700029722B01,7,17,1
201700029738,2017-10-04,2017,octobre,mercredi,18:15,50,50416,49.66093,-1.69452,2,1,3,1,1,4,2,02,1,3,000,050,1,0,1,4,1,9,5,1,2,00,2,1,15,201700029738B01,7,16,1
201700029740,2017-10-05,2017,octobre,jeudi,55:5,50,50129,49.62889,-1.62858,2,1,2,3,1,4,1,01,2,1,000,000,1,0,1,4,1,27,1,1,2,00,2,4,1,201700029740B01,7,1,1
201700029743,2017-10-09,2017,octobre,lundi,20:00,50,50129,49.64043,-1.64072,2,2,3,5,1,4,2,02,2,1,000,000,2,5,1,4,1,21,5,1,4,00,2,1,1,201700029743B01,7,15,1
201700029745,2017-10-10,2017,octobre,mardi,10:30,50,50602,49.64345,-1.58084,2,1,3,1,1,9,-1,01,1,1,000,000,2,0,4,1,1,14,2,1,9,00,2,1,1,201700029745A01,1,1,1
201700029745,2017-10-10,2017,octobre,mardi,10:30,50,50602,49.64345,-1.58084,2,1,3,1,1,9,-1,01,1,1,000,000,2,0,4,4,2,58,4,1,2,00,2,7,1,201700029745B01,1,1,1
201700029748,2017-10-19,2017,octobre,jeudi,13:10,50,50129,49.62683,1.63682,2,2,7,1,1,3,2,02,1,1,000,000,1,5,1,3,1,13,2,1,2,00,2,1,19,201700029748A01,7,16,1
201700029750,2017-10-21,2017,octobre,samedi,19:55,50,50416,49.66184,-1.68583,2,2,3,5,1,4,2,02,1,1,000,000,1,5,1,3,1,13,5,1,2,00,2,2,1,201700029750A01,7,1,1
201700029782,2017-04-11,2017,avril,mardi,80:0,50,50537,49.04632,-1.42551,1,4,1,1,7,3,2,01,1,3,000,070,1,0,1,2,2,38,1,1,2,00,2,3,1,201700029782B01,7,15,1
201700029794,2017-01-05,2017,janvier,jeudi,17:25,50,50218,0,0,2,6,3,2,1,3,3,02,1,1,000,040,1,0,1,3,1,17,2,1,2,00,2,7,1,201700029794B01,7,9,1
201700029813,2017-05-27,2017,mai,samedi,11:45,50,50218,48.8316,1.5832,2,1,3,1,1,3,2,02,4,1,000,069,1,0,1,3,2,62,5,1,9,00,2,1,17,201700029813B01,7,23,1
201700029835,2017-11-17,2017,novembre,vendredi,75:5,50,50218,0,0,2,1,2,1,1,4,2,02,1,1,000,100,1,0,1,4,1,17,2,1,2,01,0,2,2,201700029835B01,10,23,1
201700029851,2017-04-12,2017,avril,mercredi,14:30,50,50502,49.11363,-1.08558,2,6,1,1,1,4,2,02,1,1,030,070,1,5,1,4,1,67,5,1,2,00,2,1,5,201700029851B01,7,1,1
201700029891,2017-07-10,2017,juillet,lundi,14:29,51,51230,49.03814,3.95231,2,1,3,1,1,4,2,02,1,1,000,000,1,0,1,3,1,48,1,1,9,01,0,1,2,201700029891B01,7,22,1
201700029901,2017-01-03,2017,janvier,mardi,17:15,51,51454,49.24306,4.04394,2,2,3,2,8,4,2,02,1,1,,094,1,0,1,4,1,40,0,1,2,00,2,1,1,201700029901B01,7,1,1
201700029913,2017-01-19,2017,janvier,jeudi,14:45,51,51454,49.25211,4.02513,2,2,3,1,1,4,1,01,1,1,000,044,1,0,0,4,1,39,1,1,2,00,2,1,0,201700029913A01,7,0,1
201700029916,2017-01-25,2017,janvier,mercredi,14:40,51,51454,49.28552,4.02757,2,6,3,1,1,4,1,01,2,2,000,000,1,5,1,4,1,53,0,1,2,00,2,0,0,201700029916B01,7,0,1
201700029929,2017-02-15,2017,février,mercredi,83:0,51,51454,49.23219,4.02359,2,3,3,1,1,4,2,02,1,1,,,1,0,1,4,1,32,0,1,9,00,2,8,19,201700029929B01,7,15,1
201700029933,2017-02-22,2017,février,mercredi,17:50,51,51454,49.25203,4.04309,2,1,3,1,1,4,2,02,1,-1,000,070,1,0,1,4,1,29,1,1,9,00,2,1,19,201700029933B01,7,1,1
201700029964,2017-04-10,2017,avril,lundi,84:5,51,51454,49.27468,4.0331,2,6,3,1,1,4,1,02,1,1,000,000,1,0,1,4,1,37,1,1,2,00,2,1,0,201700029964B01,7,0,1
201700029967,2017-04-11,2017,avril,mardi,18:25,51,51454,49.27522,4.01828,2,1,3,1,1,4,2,02,1,1,000,060,1,0,1,4,1,55,9,1,2,00,2,1,1,201700029967B01,7,15,1
201700029970,2017-04-15,2017,avril,samedi,14:15,51,51172,49.2139,4.0469,2,1,1,1,1,4,2,02,1,1,000,000,1,0,1,1,1,41,0,1,2,00,2,1,1,201700029970B01,7,15,1
201700029970,2017-04-15,2017,avril,samedi,14:15,51,51172,49.2139,4.0469,2,1,1,1,1,4,2,02,1,1,000,000,1,0,1,3,2,43,0,1,2,00,2,1,1,201700029970B01,7,15,1
201700030001,2017-05-25,2017,mai,jeudi,18:00,51,51454,49.23378,4.03341,2,1,3,1,1,4,2,02,1,1,000,000,1,0,1,3,1,12,0,1,9,00,0,0,0,201700030001B01,7,17,1
201700030032,2017-06-19,2017,juin,lundi,20:15,51,51454,49.24564,4.0178,2,2,3,1,1,4,,,,,,,,0,1,4,1,20,0,1,2,00,2,0,1,201700030032B01,7,15,1
201700030033,2017-06-21,2017,juin,mercredi,16:40,51,51454,49.26353,4.0561,2,2,6,1,1,4,,,,,,,,0,1,4,1,22,3,1,2,,,,,201700030033B02,7,15,1
201700030050,2017-07-17,2017,juillet,lundi,21:55,51,51454,49.23891,4.02069,2,1,6,2,1,4,1,01,1,1,040,030,1,0,1,4,1,45,0,1,9,01,0,6,19,201700030050A01,,,
201700030051,2017-07-20,2017,juillet,jeudi,11:00,51,51454,49.24215,4.02458,2,6,3,1,1,9,-1,02,1,1,000,000,1,5,1,3,1,65,0,1,2,00,2,7,0,201700030051B01,7,0,1
201700030056,2017-08-09,2017,août,mercredi,13:00,51,51454,49.25793,4.02484,2,1,3,1,8,4,2,02,1,1,000,090,1,0,1,4,1,29,5,1,2,00,2,1,1,201700030056B01,10,9,1
201700030076,2017-09-09,2017,septembre,samedi,12:00,51,51454,49.26495,4.03944,2,1,3,1,2,4,2,03,1,1,000,090,2,0,1,4,1,11,5,1,2,00,2,6,2,201700030076B01,7,17,1
201700030081,2017-09-12,2017,septembre,mardi,12:50,51,51454,49.25945,4.06306,2,2,3,1,1,4,1,01,2,1,000,000,1,5,1,3,1,32,0,1,9,00,2,3,19,201700030081A01,37,1,1
201700030083,2017-09-14,2017,septembre,jeudi,13:30,51,51454,49.2341,4.00723,2,1,1,1,8,9,2,00,1,1,000,040,1,0,0,3,1,36,0,1,2,00,4,7,19,201700030083A01,40,2,1
201700030086,2017-09-22,2017,septembre,vendredi,13:05,51,51454,49.25209,4.02515,2,2,3,1,1,4,1,01,1,1,000,000,1,6,1,4,1,51,0,1,2,00,2,7,21,201700030086B01,7,19,1
201700030091,2017-09-25,2017,septembre,lundi,20:00,51,51454,49.2253,4.0095,2,1,3,5,1,4,3,02,2,1,100,070,1,0,1,4,1,11,5,1,2,00,2,8,19,201700030091B01,7,1,1
201700030098,2017-10-03,2017,octobre,mardi,74:0,51,51454,49.25534,4.04614,2,1,3,1,1,4,2,04,1,1,000,120,2,0,1,3,1,17,1,1,2,00,2,7,15,201700030098B01,7,0,1
201700030102,2017-10-06,2017,octobre,vendredi,17:20,51,51454,49.2632,4.02813,2,2,3,1,1,4,,,,,,,,2,,3,1,63,0,1,9,00,4,2,9,201700030102A01,40,19,1
201700030110,2017-10-16,2017,octobre,lundi,94:0,51,51454,49.22579,4.02688,2,1,1,1,1,4,1,01,1,3,000,030,1,0,5,3,1,23,0,1,2,00,2,1,5,201700030110A01,1,1,1
201700030110,2017-10-16,2017,octobre,lundi,94:0,51,51454,49.22579,4.02688,2,1,1,1,1,4,1,01,1,3,000,030,1,0,5,4,1,57,0,1,2,00,2,1,1,201700030110B01,1,5,1
201700030117,2017-10-29,2017,octobre,dimanche,21:12,51,51454,49.25766,4.02622,2,1,3,5,1,4,2,02,1,1,000,060,1,0,1,4,1,23,5,1,2,00,2,2,19,201700030117A01,31,1,1
201700030120,2017-11-05,2017,novembre,dimanche,17:55,51,51454,49.27045,4.0312,2,1,1,5,1,4,2,02,1,1,000,000,1,0,1,4,1,17,5,1,2,00,2,1,13,201700030120B01,7,9,1
201700030124,2017-11-07,2017,novembre,mardi,22:00,51,51454,49.25229,4.03211,2,2,3,5,1,4,1,01,2,1,000,070,1,0,1,4,1,20,5,1,9,00,2,1,0,201700030124A01,7,9,1
201700030125,2017-11-09,2017,novembre,jeudi,11:30,51,51454,49.24327,4.04441,2,1,3,1,1,4,1,01,2,1,000,090,1,0,4,4,2,32,4,1,2,00,2,1,1,201700030125A01,7,9,1
201700030126,2017-11-09,2017,novembre,jeudi,22:40,51,51454,49.24923,4.0369,2,2,3,5,1,4,2,02,1,1,000,000,1,0,1,4,1,21,5,1,2,00,2,7,7,201700030126A01,7,1,1
201700030139,2017-11-21,2017,novembre,mardi,85:0,51,51454,49.2674,4.0175,2,2,3,1,1,4,2,02,1,1,000,080,2,5,1,4,2,48,9,1,2,00,2,8,1,201700030139B01,7,15,1
201700030144,2017-11-27,2017,novembre,lundi,84:0,51,51454,49.24872,4.01386,2,1,2,1,1,4,-1,00,-1,-1,000,000,-1,0,1,4,1,15,2,1,9,00,2,1,2,201700030144A01,7,2,1
201700030145,2017-11-27,2017,novembre,lundi,13:50,51,51573,49.25112,3.98499,2,2,1,1,2,4,,,,,,,,5,1,3,1,16,2,1,2,00,2,1,1,201700030145B01,7,15,1
201700030156,2017-12-11,2017,décembre,lundi,13:10,51,51474,49.26839,3.99977,2,6,2,1,1,4,2,02,1,1,000,000,2,0,1,4,1,22,9,1,2,00,2,4,2,201700030156B01,7,2,1
201700030179,2017-01-30,2017,janvier,lundi,17:00,52,52121,48.09897,5.13478,2,1,3,1,8,4,2,02,1,1,000,070,2,0,1,4,1,18,2,1,2,00,2,1,1,201700030179B01,7,16,1
201700030195,2017-09-28,2017,septembre,jeudi,16:40,52,52121,48.12018,5.13883,2,1,3,1,1,3,2,02,2,1,000,000,1,0,1,3,1,57,5,1,2,00,2,1,1,201700030195B01,7,10,1
201700030206,2017-07-04,2017,juillet,mardi,13:30,52,52448,48.63101,4.94798,2,3,6,1,1,4,2,02,1,1,000,000,1,0,1,3,1,58,1,1,2,00,2,6,15,201700030206B01,7,13,1
201700030207,2017-08-26,2017,août,samedi,93:0,52,52045,48.65673,4.96845,2,6,6,1,1,4,1,01,1,-1,000,000,1,5,1,4,1,63,5,1,2,00,2,7,15,201700030207B01,7,16,1
201700030224,2017-08-09,2017,août,mercredi,18:15,53,53130,48.06521,-0.79477,2,6,2,1,1,9,2,02,1,-1,000,000,1,0,0,3,2,39,0,1,9,00,2,4,15,201700030224B01,7,9,1
201700030248,2017-10-16,2017,octobre,lundi,16:05,54,54542,49.21278,5.92175,1,1,2,1,1,3,2,02,2,1,007,074,1,0,1,3,1,51,5,1,2,00,2,4,1,201700030248B01,7,2,1
201700030253,2017-06-22,2017,juin,jeudi,12:10,54,54159,48.60865,6.35263,2,1,2,1,7,4,3,02,2,3,000,000,1,0,1,4,1,21,4,1,9,00,2,4,15,201700030253B01,10,17,1
201700030267,2017-07-03,2017,juillet,lundi,18:40,54,54451,49.49806,5.7522,2,1,1,1,1,3,2,02,2,4,000,040,1,0,1,4,1,46,5,1,2,00,2,6,1,201700030267B01,7,1,1
201700030273,2017-11-28,2017,novembre,mardi,17:05,54,54323,49.50971,5.71311,1,6,3,3,8,3,2,02,1,1,000,100,2,3,1,4,1,40,3,1,4,00,2,1,1,201700030273B01,7,9,1
201700030284,2017-01-04,2017,janvier,mercredi,20:,54,54395,48.69027,6.1728,2,1,3,5,2,4,1,02,1,1,000,000,2,0,1,3,1,32,5,1,9,00,2,8,19,201700030284A01,10,1,1
201700030285,2017-01-10,2017,janvier,mardi,73:5,54,54339,48.70565,6.19852,2,2,3,5,2,4,2,02,1,1,000,000,2,0,1,4,2,23,5,1,9,00,2,7,19,201700030285B01,7,15,1
201700030311,2017-01-26,2017,janvier,jeudi,71:0,54,54395,0,0,2,2,3,2,1,4,1,02,1,1,000,000,1,0,1,4,1,27,5,1,9,00,2,1,1,201700030311A01,7,15,1
201700030319,2017-01-31,2017,janvier,mardi,20:05,54,54395,0,0,2,1,6,5,1,4,1,02,1,1,000,000,1,0,1,4,2,20,5,1,9,00,2,1,21,201700030319B01,10,22,1
201700030334,2017-02-17,2017,février,vendredi,13:05,54,54395,0,0,2,4,3,1,1,4,2,02,2,1,000,000,1,0,1,4,1,75,5,1,2,00,2,1,15,201700030334B01,7,17,1
201700030359,2017-03-18,2017,mars,samedi,10:50,54,54184,48.71462,6.24851,2,1,3,1,3,3,3,02,1,1,000,000,2,0,1,4,1,22,1,1,2,00,2,0,19,201700030359A01,7,1,1
201700030365,2017-03-24,2017,mars,vendredi,17:45,54,54547,0,0,2,1,3,1,1,4,3,02,1,2,000,000,1,0,1,3,1,19,0,1,2,00,2,1,0,201700030365A01,7,0,1
201700030370,2017-03-25,2017,mars,samedi,19:16,54,54395,0,0,2,1,6,1,1,4,1,02,1,1,000,000,1,0,1,4,1,40,5,1,2,00,2,1,1,201700030370B01,7,1/22,2