Num_Acc,date,an,mois,jour,hrmn,dep,com,lat,long,agg,int,col,lum,atm,catr,circ,nbv,prof,plan,lartpc,larrout,surf,infra,situ,grav,sexe,age,trajet,secuexist,equipement,obs,obsm,choc,manv,vehiculeid,typevehicules,manoeuvehicules,numVehicules
201700033053,2017-10-07,2017,octobre,samedi,17:10,64,64122,43.45923,-1.57206,2,1,7,1,1,4,2,02,2,1,000,074,1,0,5,3,1,68,5,1,2,12,0,1,13,201700033053A01,,,
201700033073,2017-01-09,2017,janvier,lundi,11:47,64,64445,43.31128,-0.36348,2,1,3,1,1,4,3,02,1,1,000,061,1,0,1,4,2,45,9,1,2,00,2,6,19,201700033073B01,7,1,1
201700033077,2017-01-14,2017,janvier,samedi,18:42,64,64237,43.27882,-0.37527,1,1,3,5,1,3,-1,00,-1,-1,000,000,-1,0,0,4,1,25,5,1,2,00,0,0,0,201700033077B01,7,15,1
201700033078,2017-01-17,2017,janvier,mardi,10:10,64,64445,43.31917,-0.3601,2,1,3,1,1,4,2,04,1,1,000,081,1,0,1,4,1,19,0,1,2,00,2,7,19,201700033078B01,7,1,1
201700033084,2017-01-25,2017,janvier,mercredi,18:20,64,64445,43.29248,-0.3636,2,1,3,5,1,4,2,02,1,1,000,202,1,0,1,4,1,57,5,1,2,00,2,7,1,201700033084B01,7,9,1
201700033093,2017-02-03,2017,février,vendredi,18:00,64,64445,43.31275,-0.36882,2,1,3,1,2,4,2,02,1,-1,000,000,1,5,1,4,2,52,9,1,2,00,2,3,1,201700033093B01,1,17,1
201700033093,2017-02-03,2017,février,vendredi,18:00,64,64445,43.31275,-0.36882,2,1,3,1,2,4,2,02,1,-1,000,000,1,5,1,1,1,16,9,1,2,00,2,5,17,201700033093A01,1,1,1
201700033095,2017-02-04,2017,février,samedi,20:53,64,64445,43.30605,-0.35673,2,3,3,5,2,4,2,02,1,1,000,080,2,0,1,3,2,45,1,1,2,00,2,1,1,201700033095B01,7,15,1
201700033100,2017-02-10,2017,février,vendredi,19:00,64,64445,43.31089,-0.34933,2,1,3,5,1,4,2,02,1,1,000,100,1,0,1,4,1,21,2,1,2,00,0,0,0,201700033100B01,7,9,1
201700033111,2017-02-21,2017,février,mardi,16:55,64,64348,43.3197,-0.38551,1,1,6,1,1,3,2,02,1,-1,020,040,1,0,1,3,1,60,9,1,2,00,2,0,0,201700033111B01,7,0,1
201700033117,2017-02-25,2017,février,samedi,17:05,64,64269,43.30764,-0.30726,1,6,3,1,1,3,-1,01,1,-1,000,000,1,5,1,3,1,59,9,1,2,00,2,4,1,201700033117B01,7,15,1
201700033120,2017-02-27,2017,février,lundi,13:00,64,64445,43.31806,-0.3782,2,6,6,1,1,4,2,02,1,1,000,000,1,0,1,3,2,70,5,1,2,00,2,2,1,201700033120B01,7,9,1
201700033128,2017-03-11,2017,mars,samedi,15:10,64,64445,43.31703,-0.3682,2,3,3,1,1,4,2,02,1,1,000,000,1,0,1,3,2,91,5,1,2,00,2,1,15,201700033128A01,7,1,1
201700033136,2017-03-23,2017,mars,jeudi,84:0,64,64445,43.30753,-0.36436,2,3,3,1,1,4,2,02,1,1,000,070,2,0,1,4,1,55,0,1,9,00,2,2,1,201700033136B01,7,16,1
201700033139,2017-03-24,2017,mars,vendredi,21:00,64,64445,43.31178,-0.37544,2,3,3,5,1,4,2,02,1,1,000,070,1,0,1,4,1,15,5,1,2,00,0,0,0,201700033139B01,7,1,1
201700033144,2017-03-28,2017,mars,mardi,19:15,64,64445,43.29194,-0.37765,2,1,1,2,1,4,1,01,1,2,000,070,1,0,1,4,1,49,1,1,2,00,2,1,1,201700033144B01,7,1,1
201700033147,2017-04-05,2017,avril,mercredi,17:19,64,64335,43.34831,-0.44157,1,1,3,1,1,4,2,02,1,1,000,040,1,0,1,3,1,68,5,1,2,00,2,0,0,201700033147B01,10,14,1
201700033156,2017-04-20,2017,avril,jeudi,17:55,64,64445,43.31251,-0.3043,1,1,2,1,1,3,2,02,1,1,000,072,1,0,1,3,1,76,5,1,2,00,2,1,0,201700033156A01,7,0,1
201700033170,2017-05-05,2017,mai,vendredi,74:4,64,64445,43.31108,-0.35161,2,2,3,1,1,4,2,03,1,1,000,055,1,5,1,2,2,22,2,1,9,00,2,1,1,201700033170B01,10,16,1
201700033176,2017-05-14,2017,mai,dimanche,82:0,64,64445,43.30139,-0.37342,2,1,3,1,1,4,2,02,1,1,000,050,1,0,1,4,1,19,0,1,2,00,2,1,15,201700033176A01,7,0,1
201700033177,2017-05-15,2017,mai,lundi,18:20,64,64129,43.29774,-0.38822,2,1,3,1,1,4,1,01,1,1,000,054,1,0,1,4,2,31,5,1,2,00,2,7,1,201700033177B01,7,1,1
201700033180,2017-05-17,2017,mai,mercredi,92:5,64,64348,43.30124,-0.40963,1,1,3,1,1,3,1,01,1,2,000,000,1,0,1,4,1,50,1,1,2,00,2,1,1,201700033180B01,7,9,1
201700033181,2017-05-17,2017,mai,mercredi,17:15,64,64445,43.30219,-0.35969,2,1,6,1,1,4,2,02,1,1,000,060,1,0,5,4,2,53,3,1,2,00,2,8,1,201700033181B01,7,23,1
201700033189,2017-05-22,2017,mai,lundi,10:15,64,64445,43.31604,-0.36125,2,3,3,1,1,4,3,02,1,1,000,000,1,5,1,4,1,19,2,1,2,00,2,7,0,201700033189A01,7,0,1
201700033193,2017-05-27,2017,mai,samedi,21:15,64,64445,43.31318,-0.36256,2,1,2,2,1,4,1,02,1,1,000,050,1,0,1,1,1,17,2,1,9,00,2,3,13,201700033193B01,2,1,1
201700033196,2017-06-05,2017,juin,lundi,13:55,64,64335,43.35519,-0.41978,1,1,3,1,1,3,2,02,1,1,000,036,1,0,0,3,1,42,5,1,2,00,2,0,0,201700033196B01,7,15,1
201700033197,2017-06-09,2017,juin,vendredi,11:52,64,64445,43.31139,-0.36897,2,3,3,1,1,4,2,02,1,1,000,000,1,0,0,4,2,62,0,1,2,00,2,3,1,201700033197B01,7,16,1
201700033202,2017-06-15,2017,juin,jeudi,17:20,64,64445,43.3028,-0.36193,2,1,1,1,1,4,2,01,1,1,000,087,1,0,5,1,1,35,0,1,9,00,2,1,5,201700033202A01,1,1,1
201700033202,2017-06-15,2017,juin,jeudi,17:20,64,64445,43.3028,-0.36193,2,1,1,1,1,4,2,01,1,1,000,087,1,0,5,4,2,25,0,1,9,00,2,1,1,201700033202B01,1,5,1
201700033206,2017-06-22,2017,juin,jeudi,16:55,64,64445,43.32094,-0.35902,2,6,3,1,1,4,2,02,1,1,000,099,1,5,1,4,1,17,5,1,2,00,2,6,1,201700033206B01,7,9,1
201700033233,2017-08-02,2017,août,mercredi,14:44,64,64445,43.30304,-0.36874,2,3,1,1,1,4,2,01,1,1,000,081,1,0,1,4,2,56,5,1,2,00,2,1,13,201700033233A01,7,16,1
201700033243,2017-08-25,2017,août,vendredi,93:0,64,64269,43.30041,-0.31117,2,1,2,1,1,4,2,02,1,1,025,033,1,0,5,4,1,36,0,1,9,00,2,1,1,201700033243B01,7,23,1
201700033246,2017-09-04,2017,septembre,lundi,14:00,64,64348,43.30699,-0.40516,2,3,3,1,1,4,2,02,1,1,000,104,1,0,1,4,1,35,1,1,2,00,2,8,1,201700033246B01,7,16,1
201700033249,2017-09-05,2017,septembre,mardi,17:35,64,64445,43.30803,-0.33934,2,1,3,1,1,4,1,02,1,-1,000,000,1,5,1,4,2,20,2,1,2,00,2,1,1,201700033249B01,7,16,1
201700033259,2017-09-13,2017,septembre,mercredi,11:05,64,64445,43.31817,-0.35637,2,1,3,1,1,4,2,02,1,-1,000,000,1,0,1,4,2,61,0,1,9,00,2,6,1,201700033259B01,7,9,1
201700033280,2017-10-04,2017,octobre,mercredi,12:40,64,64445,43.3038,-0.34612,2,1,3,1,1,4,2,02,1,1,000,075,1,0,5,4,1,59,9,1,2,00,2,8,1,201700033280B01,7,15,1
201700033286,2017-10-06,2017,octobre,vendredi,70:0,64,64348,43.31365,-0.41738,2,1,2,5,1,4,2,02,1,1,000,120,1,0,0,3,1,35,0,1,2,00,2,4,1,201700033286B01,7,1,1
201700033289,2017-10-11,2017,octobre,mercredi,11:00,64,64445,43.29871,-0.36821,2,3,3,1,1,4,1,01,1,1,000,060,1,0,1,4,2,18,2,1,9,00,2,1,0,201700033289A01,7,1,1
201700033294,2017-10-17,2017,octobre,mardi,85:5,64,64445,43.30754,-0.36439,2,3,3,1,1,4,2,02,1,1,000,060,1,0,1,4,2,28,0,1,2,00,2,1,1,201700033294B01,7,16,1
201700033299,2017-10-20,2017,octobre,vendredi,19:55,64,64445,43.303,-0.35217,2,1,3,5,1,4,2,03,1,1,000,091,1,0,1,4,2,51,1,1,4,00,2,1,1,201700033299B01,7,15,1
201700033301,2017-10-26,2017,octobre,jeudi,17:17,64,64132,43.28734,-0.35129,2,1,3,1,1,4,2,02,1,1,000,070,1,0,1,4,1,10,0,1,2,00,2,1,1,201700033301A01,7,15,1
201700033337,2017-11-29,2017,novembre,mercredi,90:0,64,64445,43.30371,-0.37094,2,1,3,1,2,4,2,02,1,-1,000,060,2,0,1,4,1,48,0,1,9,00,2,7,1,201700033337B01,7,9,1
201700033338,2017-11-29,2017,novembre,mercredi,16:15,64,64129,43.30136,-0.38662,2,1,2,1,2,6,-1,00,-1,-1,000,000,2,0,1,4,1,21,0,1,9,00,2,7,1,201700033338B01,7,4,1
201700033340,2017-11-30,2017,novembre,jeudi,91:0,64,64445,43.31315,-0.36859,2,1,3,1,1,4,1,00,1,-1,000,000,1,0,1,4,2,54,0,1,2,00,2,6,2,201700033340B01,7,16,1
201700033356,2017-12-11,2017,décembre,lundi,16:54,64,64284,43.27826,-0.38832,2,1,2,1,2,2,1,01,1,3,000,000,1,0,1,3,2,81,0,1,2,00,2,7,1,201700033356B01,7,13,1
201700033362,2017-12-18,2017,décembre,lundi,18:15,64,64129,43.30713,-0.39885,2,6,3,5,2,4,2,04,1,1,000,125,1,0,1,4,1,22,9,1,2,00,2,1,1,201700033362B01,7,9,1
201700033371,2017-01-12,2017,janvier,jeudi,15:00,64,64260,43.37136,-1.77298,1,1,3,1,1,3,2,01,1,3,000,000,1,0,1,4,1,42,0,1,2,00,2,6,1,201700033371B01,7,9,1
201700033388,2017-04-21,2017,avril,vendredi,21:30,64,64260,43.38829,-1.67306,2,1,1,5,1,3,2,02,-1,1,000,000,1,0,1,4,1,36,0,1,2,00,2,1,13,201700033388A01,7,1,1
201700033404,2017-06-22,2017,juin,jeudi,10:55,64,64545,43.37792,-1.70417,2,4,3,1,1,4,2,01,2,2,000,000,1,0,1,4,1,65,0,1,2,00,2,1,1,201700033404B01,7,15,1
201700033410,2017-07-13,2017,juillet,jeudi,13:00,64,64260,43.3702,-1.7797,2,1,3,1,1,4,1,02,1,-1,000,000,1,0,1,4,2,72,0,1,2,00,2,3,1,201700033410B01,7,16,1
201700033419,2017-08-03,2017,août,jeudi,15:45,64,64260,43.36176,-1.77299,2,1,6,1,1,4,-1,00,1,1,000,000,1,6,5,4,1,41,5,1,9,00,2,1,9,201700033419B01,31,20,1
201700033421,2017-08-06,2017,août,dimanche,11:00,64,64545,43.3211,-1.6848,2,1,2,1,9,3,-1,02,-1,-1,000,000,-1,0,1,4,1,69,5,1,9,00,2,1,2,201700033421A01,7,1,1
201700033452,2017-11-01,2017,novembre,mercredi,12:25,64,64260,43.35231,-1.7768,1,1,3,1,1,4,2,02,1,1,000,000,1,0,1,4,2,76,0,1,9,00,2,2,1,201700033452B01,7,15,1
201700033474,2017-03-28,2017,mars,mardi,15:25,65,65286,43.1044,-0.04212,2,3,2,1,1,3,3,01,1,1,000,000,1,0,1,4,1,20,5,1,2,00,2,0,23,201700033474B01,2,21,1
201700033506,2017-02-18,2017,février,samedi,93:5,65,65417,43.2198,0.10335,2,3,6,1,1,4,,02,1,,,,,,,3,2,94,3,1,9,00,0,0,0,201700033506A01,7,1,1
201700033547,2017-12-08,2017,décembre,vendredi,74:5,65,65440,43.2393,0.0605,2,6,3,2,2,3,1,02,1,2,000,000,2,0,1,4,2,14,2,1,4,00,2,7,1,201700033547B01,7,9,1
201700033551,2017-12-25,2017,décembre,lundi,10:20,65,65440,43.2496,0.07282,2,2,3,1,1,3,2,02,1,1,000,080,1,0,1,3,1,85,3,1,9,00,2,3,11,201700033551A01,7,1,1
201700033566,2017-08-09,2017,août,mercredi,17:45,73,73085,45.80575,5.85764,1,1,6,1,1,3,2,02,2,1,000,000,1,0,1,3,1,64,5,1,2,00,2,1,2,201700033566B01,7,2,1
201700033582,2017-02-13,2017,février,lundi,15:45,66,66136,42.69645,2.92312,2,1,6,1,3,4,2,02,1,1,000,080,1,0,1,4,1,9,5,1,2,00,2,1,0,201700033582B01,7,1,1
201700033633,2017-07-04,2017,juillet,mardi,11:30,66,66136,42.69774,2.88552,2,2,3,1,1,4,2,01,1,1,000,050,1,0,1,4,1,82,5,1,2,00,2,1,1,201700033633B01,7,9,1
201700033651,2017-08-16,2017,août,mercredi,18:42,66,66136,42.68111,2.89388,2,6,3,1,1,4,2,02,1,1,000,100,1,5,1,4,2,19,1,1,4,00,2,8,19,201700033651B01,7,1,1
201700033730,2017-07-29,2017,juillet,samedi,92:0,06,06149,43.73932,7.3102,2,1,1,1,1,3,2,02,1,1,000,000,1,0,1,4,1,49,5,1,2,00,2,1,1,201700033730B01,7,16,1
201700033738,2017-06-15,2017,juin,jeudi,10:40,67,67322,48.82198,7.41367,2,1,2,1,1,4,2,01,1,1,000,041,1,0,1,3,1,69,5,1,2,00,2,2,1,201700033738B01,7,4,1
201700033741,2017-10-20,2017,octobre,vendredi,21:30,67,67372,48.84517,7.61603,2,1,3,5,1,3,1,01,1,1,000,077,1,0,4,3,1,17,5,1,2,00,2,7,1,201700033741B01,7,1,1
201700033750,2017-08-30,2017,août,mercredi,17:15,85,85110,46.51805,-0.89771,2,1,2,1,1,3,2,02,2,1,000,000,1,0,1,3,1,11,5,1,2,00,2,1,2,201700033750B01,14,4,1
201700033778,2017-02-08,2017,février,mercredi,16:10,17,17431,45.80271,-0.80594,1,2,3,1,1,3,2,02,1,-1,000,062,1,,,3,1,64,5,1,2,00,2,2,1,201700033778A01,7,0,1
201700033780,2017-10-12,2017,octobre,jeudi,19:10,17,17278,45.70051,-0.77949,2,1,1,1,1,6,-1,00,1,1,000,000,1,0,0,3,1,8,5,1,2,00,2,7,1,201700033780B01,7,1,1
201700033807,2017-05-23,2017,mai,mardi,23:30,52,52182,48.5866,4.87812,2,4,6,3,1,3,2,02,1,-1,000,015,3,,,2,1,56,5,1,2,15,0,1,6,201700033807A01,,,
201700033848,2017-03-21,2017,mars,mardi,13:35,67,67180,0,0,2,3,3,1,3,4,1,01,1,1,000,040,2,0,1,4,1,49,1,1,9,00,2,1,1,201700033848B01,7,1,1
201700033863,2017-05-26,2017,mai,vendredi,12:15,67,67180,48.81063,7.78175,2,3,3,1,1,4,1,01,1,1,000,059,1,5,0,4,1,46,5,1,2,00,2,1,19,201700033863A01,7,1,1
201700033870,2017-07-04,2017,juillet,mardi,10:42,67,67180,48.81061,7.78167,2,9,3,1,1,4,2,03,1,1,000,096,1,0,1,4,2,45,5,1,2,00,2,7,19,201700033870A01,7,1,1
201700033875,2017-07-24,2017,juillet,lundi,14:45,67,67180,48.81758,7.79583,2,3,3,1,2,4,2,01,1,1,000,000,2,0,1,4,1,19,5,1,2,00,2,1,1,201700033875B01,7,15,1
201700033890,2017-11-15,2017,novembre,mercredi,17:58,67,67180,48.81827,7.79171,2,2,3,5,1,4,2,02,1,1,000,054,1,0,1,3,1,58,5,1,2,00,2,4,1,201700033890B01,7,9,1
201700033895,2017-11-30,2017,novembre,jeudi,15:50,67,67180,48.82862,7.7566,2,3,3,2,2,4,2,02,1,1,000,052,2,0,4,4,1,17,1,1,2,00,2,8,19,201700033895B01,7,9,1
201700033902,2017-06-30,2017,juin,vendredi,15:00,86,86007,46.85769,0.53798,2,6,3,1,1,3,2,02,1,-1,003,510,1,,,3,1,71,5,1,9,00,2,8,1,201700033902B01,7,17,1
201700033932,2017-11-26,2017,novembre,dimanche,12:15,38,38378,45.43868,4.78375,1,1,3,1,1,3,2,02,2,2,000,040,1,0,1,3,1,59,5,1,2,00,2,3,13,201700033932B01,7,13,1
201700033948,2017-03-30,2017,mars,jeudi,15:30,24,24010,45.20375,0.61056,1,3,3,1,7,3,2,02,2,-1,000,010,1,,,4,1,39,5,1,2,00,2,0,1,201700033948B01,7,15,1
201700033951,2017-06-09,2017,juin,vendredi,10:40,24,24372,45.14894,0.54733,1,1,3,1,1,3,2,02,1,1,000,000,1,0,1,4,1,68,5,1,9,00,2,8,16,201700033951B01,7,1,1
201700033957,2017-01-17,2017,janvier,mardi,16:42,67,67462,0,0,2,1,6,1,1,4,2,02,1,3,000,060,1,0,4,1,1,19,2,1,2,00,1,1,21,201700033957A01,,,
201700033960,2017-04-20,2017,avril,jeudi,93:5,67,67462,0,0,2,1,2,1,1,4,2,01,1,1,000,000,1,0,1,3,2,84,3,1,9,00,2,7,1,201700033960A01,15,4,1
201700033967,2017-09-23,2017,septembre,samedi,10:53,67,67462,48.2762,7.46316,2,6,3,1,1,3,1,00,1,-1,000,099,1,5,0,3,1,82,5,1,9,00,2,8,1,201700033967A01,7,19,1
201700033972,2017-01-02,2017,janvier,lundi,18:35,67,67482,48.57779,7.7507,2,3,3,5,1,4,1,01,1,1,000,088,2,0,1,4,1,84,0,1,4,00,2,1,1,201700033972B01,7,16,1
201700033981,2017-01-20,2017,janvier,vendredi,94:5,67,67482,48.58647,7.7586,2,1,3,1,1,4,1,01,1,1,000,028,1,0,1,3,1,30,1,1,2,00,2,1,1,201700033981A01,7,1,1
201700033984,2017-01-26,2017,janvier,jeudi,80:0,67,67204,48.62264,7.72805,2,6,6,1,1,4,-1,00,1,1,000,000,1,0,0,4,2,29,0,1,2,00,2,0,0,201700033984B01,7,1,1
201700033986,2017-01-27,2017,janvier,vendredi,80:0,67,67447,48.60983,7.75184,2,1,3,1,1,4,2,02,1,1,000,060,1,0,0,4,2,8,0,1,9,00,2,0,1,201700033986B01,10,1,1
201700033988,2017-01-30,2017,janvier,lundi,80:0,67,67043,48.61368,7.76683,2,3,3,1,2,4,2,02,1,1,000,000,2,0,1,4,1,27,5,1,9,00,2,1,19,201700033988A01,7,1,1
201700033989,2017-01-30,2017,janvier,lundi,12:00,67,67482,48.58274,7.75102,2,2,6,1,2,4,1,01,1,1,000,055,2,0,0,4,2,21,0,1,4,00,2,1,1,201700033989A01,7,1,1
201700033992,2017-02-04,2017,février,samedi,18:05,67,67482,48.5681,7.76834,2,1,3,5,2,4,-1,04,1,1,000,000,2,0,0,4,2,12,0,1,4,00,2,3,0,201700033992B01,7,1,1
201700033995,2017-02-09,2017,février,jeudi,15:55,67,67482,48.60041,7.78042,2,1,3,1,1,4,2,02,1,1,000,030,1,0,1,4,2,21,1,1,9,00,2,8,1,201700033995A01,31,1,1
201700034009,2017-03-02,2017,mars,jeudi,93:0,67,67482,48.58049,7.72763,2,1,6,1,1,4,2,02,1,1,000,055,1,0,1,4,2,32,0,1,9,00,2,1,16,201700034009A01,1,16,1
201700034009,2017-03-02,2017,mars,jeudi,93:0,67,67482,48.58049,7.72763,2,1,6,1,1,4,2,02,1,1,000,055,1,0,1,1,1,46,0,1,9,00,2,1,16,201700034009B01,1,16,1
201700034011,2017-03-02,2017,mars,jeudi,17:30,67,67482,48.59025,7.78209,2,1,3,1,1,4,2,02,1,1,000,025,1,0,1,4,1,54,5,1,9,00,2,8,1,201700034011A01,1,1,1
201700034011,2017-03-02,2017,mars,jeudi,17:30,67,67482,48.59025,7.78209,2,1,3,1,1,4,2,02,1,1,000,025,1,0,1,1,1,32,5,1,9,00,2,1,1,201700034011B01,1,1,1
201700034014,2017-03-05,2017,mars,dimanche,20:30,67,67482,48.56636,7.72068,2,1,1,5,2,4,2,02,1,1,000,107,2,0,1,4,1,31,5,1,9,00,2,8,19,201700034014A01,7,0,1
201700034016,2017-03-07,2017,mars,mardi,11:40,67,67482,48.57146,7.75068,2,1,3,1,2,4,2,03,1,1,000,120,2,0,1,4,1,65,0,1,9,00,2,1,1,201700034016B01,7,1,1
201700034020,2017-03-10,2017,mars,vendredi,10:52,67,67043,0,0,2,3,3,1,1,3,2,02,2,2,000,150,1,0,0,4,1,42,0,1,4,00,2,1,1,201700034020B01,10,15,1
201700034024,2017-03-14,2017,mars,mardi,11:00,67,67482,48.58317,7.69769,2,2,3,1,1,4,2,02,1,1,000,020,1,0,1,4,1,17,2,1,4,00,2,1,1,201700034024B01,7,16,1
201700034028,2017-03-17,2017,mars,vendredi,12:20,67,67447,48.6064,7.74835,2,1,2,1,1,4,2,02,1,1,000,040,1,0,1,4,1,20,0,1,9,00,2,1,2,201700034028A01,7,2,1
201700034031,2017-03-22,2017,mars,mercredi,73:0,67,67482,48.56674,7.75832,2,3,3,1,2,4,1,01,1,1,000,044,2,0,0,4,2,12,2,1,2,00,2,1,19,201700034031B01,7,15,1
201700034034,2017-03-27,2017,mars,lundi,13:50,67,67482,48.58595,7.71402,2,4,1,1,1,4,1,01,1,1,000,075,1,0,1,4,1,46,5,1,9,00,2,1,1,201700034034B01,7,1,1
201700034037,2017-03-28,2017,mars,mardi,11:25,67,67482,48.57723,7.73159,2,2,3,1,1,4,3,04,1,1,040,080,1,0,1,4,1,67,5,1,9,00,2,4,19,201700034037B01,7,1,1
201700034038,2017-03-28,2017,mars,mardi,13:05,67,67482,48.57861,7.7717,2,1,3,1,1,4,2,02,1,1,000,055,1,0,1,4,1,12,2,1,9,00,2,7,19,201700034038B01,7,1,1
201700034044,2017-03-31,2017,mars,vendredi,13:50,67,67482,48.58295,7.74035,2,1,6,1,1,4,1,01,1,1,000,072,1,0,1,3,2,27,5,1,2,00,1,1,1,201700034044A01,,,
201700034045,2017-03-31,2017,mars,vendredi,15:00,67,67482,48.58263,7.75203,2,1,6,1,1,4,2,00,1,1,000,080,1,0,1,4,2,44,5,1,9,00,1,1,1,201700034045A01,1,1,2
201700034049,2017-04-03,2017,avril,lundi,74:5,67,67218,48.53723,7.72743,2,2,3,1,1,4,3,02,1,1,047,063,1,0,5,4,1,44,0,1,9,00,2,8,19,201700034049B01,7,15,1
201700034053,2017-04-06,2017,avril,jeudi,14:00,67,67482,48.56763,7.75798,2,1,6,1,1,4,2,02,1,1,000,064,1,0,1,4,2,59,5,1,9,01,0,7,1,201700034053B01,7,24,1
201700034055,2017-04-07,2017,avril,vendredi,84:0,67,67482,48.59001,7.74007,2,5,3,1,1,4,1,01,1,1,000,050,1,0,1,4,1,35,0,1,9,00,2,1,1,201700034055B01,7,15,1
201700034061,2017-04-10,2017,avril,lundi,18:35,67,67043,48.61556,7.7322,2,1,6,1,1,4,2,02,1,1,000,072,1,0,4,4,2,5,0,1,2,00,0,0,0,201700034061B01,7,0,1
201700034070,2017-04-21,2017,avril,vendredi,65:5,67,67482,48.56958,7.73463,2,1,1,1,1,4,2,02,1,4,000,060,1,2,1,1,1,34,0,1,9,00,2,1,1,201700034070A01,1,1,1
201700034070,2017-04-21,2017,avril,vendredi,65:5,67,67482,48.56958,7.73463,2,1,1,1,1,4,2,02,1,4,000,060,1,2,1,4,1,54,1,1,2,00,2,1,1,201700034070B01,1,1,1
201700034072,2017-04-21,2017,avril,vendredi,20:00,67,67482,0,0,2,2,1,1,1,4,2,03,1,1,000,100,1,0,1,4,1,62,0,1,2,00,2,1,1,201700034072B01,10,15,1
201700034086,2017-05-09,2017,mai,mardi,17:00,67,67482,48.57102,7.764,2,5,3,1,1,3,3,05,-1,-1,085,146,-1,0,1,4,2,17,5,1,2,00,2,1,0,201700034086A01,33,1,1
201700034092,2017-05-15,2017,mai,lundi,16:38,67,67482,48.59658,7.75927,2,2,3,1,1,4,2,02,1,3,000,220,1,0,0,3,2,16,0,1,4,00,4,2,16,201700034092A01,40,1,1
201700034094,2017-05-15,2017,mai,lundi,20:30,67,67447,48.60762,7.72161,2,3,3,1,1,4,2,02,1,1,000,092,1,0,0,3,1,42,1,1,2,00,2,1,1,201700034094B01,7,15,1
201700034101,2017-05-23,2017,mai,mardi,14:15,67,67482,48.5842,7.69303,2,3,3,1,1,4,2,02,1,1,000,070,1,0,0,4,1,14,0,1,2,00,2,0,0,201700034101B01,7,0,1
201700034102,2017-05-23,2017,mai,mardi,19:30,67,67482,48.57956,7.76691,2,1,3,1,1,4,2,02,1,1,000,000,1,0,0,4,1,21,5,1,2,00,0,0,0,201700034102A01,1,0,1
201700034102,2017-05-23,2017,mai,mardi,19:30,67,67482,48.57956,7.76691,2,1,3,1,1,4,2,02,1,1,000,000,1,0,0,4,1,20,5,1,2,00,0,0,0,201700034102B01,1,0,1
201700034105,2017-05-26,2017,mai,vendredi,13:50,67,67482,48.58183,7.7035,2,2,3,1,1,4,2,03,1,1,000,090,1,0,1,4,1,7,5,1,2,00,2,7,1,201700034105B01,7,1,1
201700034109,2017-05-28,2017,mai,dimanche,19:40,67,67447,48.60726,7.72951,2,1,3,1,1,4,1,01,1,1,000,040,1,0,0,4,1,6,0,1,2,00,2,0,0,201700034109B01,7,1,1
201700034111,2017-05-29,2017,mai,lundi,13:40,67,67447,48.60268,7.73819,2,1,5,1,1,4,2,02,1,1,000,100,1,0,1,4,2,24,5,1,9,00,2,8,1,201700034111B01,37/ 7,1/24,2
201700034114,2017-05-30,2017,mai,mardi,11:35,67,67482,48.58987,7.76454,2,1,1,1,1,4,1,01,1,1,000,050,1,0,0,4,1,22,0,1,2,00,2,1,0,201700034114A01,7,0,1
201700034117,2017-06-02,2017,juin,vendredi,20:05,67,67482,48.5642,7.76903,2,3,1,1,1,4,2,03,1,1,000,240,1,0,0,4,1,8,0,1,9,00,2,8,19,201700034117B01,30,1,1
201700034122,2017-06-06,2017,juin,mardi,17:30,67,67482,48.58222,7.76728,2,1,2,1,1,4,1,01,1,1,000,035,1,0,1,1,1,19,5,1,9,00,2,1,2,201700034122A01,7,2,1
201700034127,2017-06-12,2017,juin,lundi,14:30,67,67482,48.58608,7.76289,2,1,3,1,1,4,3,04,1,1,052,092,1,0,1,4,2,26,5,1,9,00,2,1,19,201700034127A01,33,1,1
201700034131,2017-06-15,2017,juin,jeudi,12:20,67,67482,48.58187,7.75885,2,2,1,1,1,4,2,02,1,1,000,061,1,0,1,4,1,16,0,1,2,00,2,1,1,201700034131A01,7,1,1
201700034141,2017-06-24,2017,juin,samedi,23:10,67,67482,48.5603,7.78436,2,1,6,5,1,4,2,02,1,3,000,040,1,0,1,4,1,8,5,1,9,00,2,7,19,201700034141B01,7,1,1
201700034144,2017-06-27,2017,juin,mardi,21:05,67,67482,48.56868,7.77721,2,2,1,2,1,4,3,04,1,1,000,040,1,0,1,4,1,45,1,1,9,00,2,1,1,201700034144B01,1,1,1
201700034144,2017-06-27,2017,juin,mardi,21:05,67,67482,48.56868,7.77721,2,2,1,2,1,4,3,04,1,1,000,040,1,0,1,4,1,36,5,1,9,00,2,1,1,201700034144A01,1,1,1
201700034151,2017-07-03,2017,juillet,lundi,15:50,67,67482,48.58701,7.75445,2,1,6,1,1,4,2,02,1,1,000,050,1,0,4,1,1,16,5,1,2,00,1,1,1,201700034151A01,,,
201700034153,2017-07-05,2017,juillet,mercredi,13:45,67,67482,48.57023,7.75087,2,1,6,1,1,4,2,02,1,1,000,080,1,0,1,4,1,57,5,1,9,00,2,1,1,201700034153B01,7,20,1