Num_Acc,date,an,mois,jour,hrmn,dep,com,lat,long,agg,int,col,lum,atm,catr,circ,nbv,prof,plan,lartpc,larrout,surf,infra,situ,grav,sexe,age,trajet,secuexist,equipement,obs,obsm,choc,manv,vehiculeid,typevehicules,manoeuvehicules,numVehicules
201700034154,2017-07-06,2017,juillet,jeudi,94:0,67,67482,48.5795,7.73091,2,2,3,1,1,4,1,03,1,1,000,110,1,0,1,4,2,20,1,1,2,00,2,1,1,201700034154B01,14,16,1
201700034158,2017-07-08,2017,juillet,samedi,10:30,67,67482,48.58145,7.73743,2,1,1,1,1,4,2,02,1,1,000,730,1,2,5,4,1,29,5,1,4,00,2,1,1,201700034158A01,1,1,1
201700034158,2017-07-08,2017,juillet,samedi,10:30,67,67482,48.58145,7.73743,2,1,1,1,1,4,2,02,1,1,000,730,1,2,5,4,2,54,0,1,4,00,2,1,1,201700034158B01,1,1,1
201700034159,2017-07-08,2017,juillet,samedi,13:40,67,67482,48.57238,7.76284,2,1,3,1,1,4,2,02,1,3,000,067,1,1,1,4,1,51,5,1,4,00,2,1,19,201700034159A01,7,1,1
201700034162,2017-07-09,2017,juillet,dimanche,19:05,67,67482,48.58438,7.6929,2,1,3,1,2,4,2,02,1,1,000,061,2,0,4,4,1,8,5,1,2,00,2,1,1,201700034162B01,7,20,1
201700034166,2017-07-11,2017,juillet,mardi,19:50,67,67482,48.5481,7.74113,2,1,3,1,1,4,3,02,1,1,040,050,1,0,1,4,2,46,5,1,9,00,2,8,1,201700034166B01,7,1,1
201700034167,2017-07-13,2017,juillet,jeudi,11:30,67,67482,48.60833,7.77917,2,1,6,1,1,4,2,02,1,1,000,050,1,0,1,4,2,50,5,1,9,00,2,1,5,201700034167B01,13,20,1
201700034168,2017-07-17,2017,juillet,lundi,53:,67,67482,48.57841,7.78296,2,2,3,5,2,4,1,02,2,1,000,075,2,0,1,4,1,42,5,1,2,00,2,8,19,201700034168A01,7,1,1
201700034170,2017-07-16,2017,juillet,dimanche,19:30,67,67482,48.5753,7.75797,2,1,6,1,1,4,2,02,1,1,000,050,1,0,5,1,1,21,5,1,2,00,1,1,1,201700034170A01,,,
201700034171,2017-07-16,2017,juillet,dimanche,20:30,67,67482,48.58557,7.73605,2,1,3,1,1,4,2,02,1,1,000,100,1,0,1,4,1,44,5,1,9,00,2,1,19,201700034171A01,37,1,1
201700034172,2017-07-18,2017,juillet,mardi,90:0,67,67482,48.58472,7.77359,2,1,3,1,1,4,2,02,1,1,000,135,1,0,1,4,2,21,5,1,9,00,0,7,19,201700034172A01,7,1,1
201700034174,2017-07-19,2017,juillet,mercredi,21:05,67,67482,48.57847,7.70846,2,1,3,2,1,4,2,02,1,1,000,050,1,0,5,3,2,35,5,1,9,01,0,1,1,201700034174B01,7,24,1
201700034182,2017-07-27,2017,juillet,jeudi,94:5,67,67482,48.57368,7.71855,2,2,3,1,1,4,2,02,1,1,000,040,1,0,1,3,1,28,5,1,2,00,2,1,1,201700034182A01,7,1,1
201700034184,2017-07-30,2017,juillet,dimanche,18:45,67,67482,48.58102,7.74909,2,1,6,1,1,4,1,00,2,1,000,035,1,0,1,1,2,23,5,1,9,00,1,1,1,201700034184A01,,,
201700034191,2017-08-06,2017,août,dimanche,10:53,67,67482,48.57211,7.75587,2,1,7,1,1,4,2,03,1,1,000,120,1,1,1,3,1,76,5,1,9,00,0,0,1,201700034191A01,,,
201700034195,2017-08-09,2017,août,mercredi,19:05,67,67482,48.54894,7.76897,2,1,3,1,1,4,3,02,1,1,040,060,1,0,1,4,1,35,5,1,9,00,2,8,19,201700034195B01,30,1,1
201700034200,2017-08-13,2017,août,dimanche,18:55,67,67482,48.57877,7.74502,2,1,3,1,1,4,2,02,1,1,000,060,1,0,1,4,2,61,1,1,9,00,2,1,19,201700034200B01,7,1,1
201700034201,2017-08-14,2017,août,lundi,14:15,67,67482,48.58138,7.76896,2,1,6,1,1,4,2,02,1,1,158,052,1,0,5,1,1,25,0,1,4,00,1,1,1,201700034201A01,,,
201700034203,2017-08-16,2017,août,mercredi,11:30,67,67482,48.59497,7.71845,2,1,2,1,1,4,2,02,1,1,000,057,1,0,1,4,1,13,0,1,2,01,0,8,17,201700034203B01,7,17,1
201700034209,2017-08-24,2017,août,jeudi,15:40,67,67204,48.62402,7.76344,2,2,3,1,1,4,2,02,1,1,000,070,1,0,0,4,1,25,9,1,9,00,2,2,15,201700034209A01,7,1,1
201700034214,2017-08-29,2017,août,mardi,18:39,67,67482,48.56369,7.7681,2,1,3,1,1,4,3,03,1,1,090,090,1,4,1,4,2,49,0,1,9,00,0,1,19,201700034214A01,40,1,1
201700034218,2017-09-01,2017,septembre,vendredi,11:55,67,67482,48.61123,7.778,2,1,3,1,1,4,2,00,1,1,000,070,1,0,1,4,2,38,1,1,4,00,2,1,1,201700034218B01,7,20,1
201700034221,2017-09-04,2017,septembre,lundi,10:50,67,67482,48.58305,7.74804,2,2,3,1,1,4,1,01,1,1,000,058,1,0,1,4,1,80,5,1,2,00,2,7,15,201700034221B01,7,16,1
201700034223,2017-09-05,2017,septembre,mardi,17:00,67,67365,48.54974,7.71006,2,1,6,1,1,4,2,02,1,1,000,060,1,0,1,4,1,11,5,1,2,00,2,1,9,201700034223B01,7,1,1
201700034230,2017-09-15,2017,septembre,vendredi,60:5,67,67482,48.56892,7.76513,2,1,1,5,1,4,1,01,1,1,000,000,1,0,5,1,1,22,0,1,2,00,2,1,0,201700034230A01,1,0,1
201700034230,2017-09-15,2017,septembre,vendredi,60:5,67,67482,48.56892,7.76513,2,1,1,5,1,4,1,01,1,1,000,000,1,0,5,4,2,50,0,1,2,00,2,1,0,201700034230B01,1,0,1
201700034232,2017-09-15,2017,septembre,vendredi,14:00,67,67447,48.5022,7.73835,2,1,2,1,3,4,2,02,1,1,000,087,2,0,1,3,1,14,9,1,9,00,2,1,1,201700034232B01,7,1,1
201700034236,2017-09-17,2017,septembre,dimanche,16:35,67,67482,48.5465,7.76819,2,1,3,1,2,4,3,00,1,1,020,100,2,0,1,4,1,13,5,1,9,00,2,7,19,201700034236A01,7,1,1
201700034237,2017-09-17,2017,septembre,dimanche,19:45,67,67482,48.60039,7.79131,2,3,3,5,1,4,2,02,1,1,000,078,2,0,1,3,1,40,5,1,9,00,2,8,1,201700034237B01,7,16,1
201700034239,2017-09-19,2017,septembre,mardi,17:35,67,67482,48.58542,7.77847,2,1,3,1,1,4,2,02,1,1,000,050,2,0,1,4,1,12,5,1,9,00,2,0,1,201700034239B01,7,1,1
201700034240,2017-09-19,2017,septembre,mardi,18:20,67,67447,48.60997,7.74349,2,2,3,1,2,4,1,01,1,1,000,060,2,0,1,4,1,20,5,1,9,00,2,1,1,201700034240B01,7,1,1
201700034242,2017-09-20,2017,septembre,mercredi,16:45,67,67482,48.58261,7.73312,2,1,1,1,1,4,1,03,1,1,000,000,1,0,1,4,1,46,2,1,2,00,2,1,19,201700034242B01,7,7,1
201700034247,2017-09-22,2017,septembre,vendredi,12:45,67,67482,48.55502,7.7541,2,2,3,1,1,4,2,02,1,1,000,070,1,0,1,4,1,13,5,1,2,00,2,7,19,201700034247B01,7,1,1
201700034252,2017-09-26,2017,septembre,mardi,82:0,67,67482,48.59226,7.74393,2,3,3,1,1,4,1,03,1,3,000,150,1,0,1,4,1,37,1,1,4,00,2,1,1,201700034252B01,7,16,1
201700034254,2017-09-26,2017,septembre,mardi,17:50,67,67482,48.5677,7.76481,2,1,2,1,1,4,2,02,1,1,000,080,1,0,1,4,1,15,5,1,9,00,2,1,2,201700034254A01,7,2,1
201700034255,2017-09-27,2017,septembre,mercredi,83:0,67,67218,48.58205,7.74093,2,2,3,1,1,4,2,03,1,1,000,108,1,0,1,4,1,13,0,1,9,00,2,1,1,201700034255B01,7,15,1
201700034259,2017-09-27,2017,septembre,mercredi,19:10,67,67447,48.6097,7.75509,2,5,3,1,1,4,2,02,1,1,000,077,1,0,0,3,2,15,0,1,9,00,2,8,1,201700034259B01,7,1,1
201700034260,2017-09-27,2017,septembre,mercredi,19:45,67,67365,48.53503,7.70705,2,3,3,4,1,4,2,01,1,1,000,060,1,0,1,3,1,15,9,1,9,00,2,1,1,201700034260B01,7,1,1
201700034267,2017-10-02,2017,octobre,lundi,18:20,67,67482,48.58674,7.76141,2,2,3,1,1,4,2,02,1,1,000,100,1,0,1,4,1,14,9,1,2,00,2,7,19,201700034267B01,7,1,1
201700034280,2017-10-11,2017,octobre,mercredi,72:5,67,67482,48.58489,7.73655,2,3,3,1,1,4,2,02,1,1,000,550,1,0,1,4,2,52,9,1,9,00,2,8,19,201700034280B01,7,15,1
201700034283,2017-10-12,2017,octobre,jeudi,21:25,67,67482,48.60053,7.78107,2,2,3,5,1,4,1,02,1,1,000,070,1,0,1,4,1,22,5,1,2,00,2,1,1,201700034283A01,7,15,1
201700034287,2017-10-16,2017,octobre,lundi,81:0,67,67447,48.60902,7.76638,2,3,3,1,1,4,3,02,1,1,000,060,1,0,1,4,2,63,1,1,9,00,2,7,1,201700034287B01,7,1,1
201700034288,2017-10-18,2017,octobre,mercredi,10:00,67,67204,48.627,7.75772,2,2,3,1,1,4,2,00,1,1,000,070,1,0,1,4,1,66,5,1,2,00,2,1,19,201700034288A01,7,15,1
201700034290,2017-10-19,2017,octobre,jeudi,19:10,67,67482,48.59709,7.72666,2,1,3,5,1,4,2,02,1,1,000,050,1,0,1,4,1,63,5,1,9,00,2,1,19,201700034290B01,7,1,1
201700034291,2017-10-20,2017,octobre,vendredi,80:5,67,67447,48.60399,7.73771,2,1,3,1,1,4,2,02,1,1,000,110,1,0,1,4,1,16,2,1,4,00,2,1,1,201700034291A01,7,1,1
201700034292,2017-10-21,2017,octobre,samedi,11:15,67,67482,48.5645,7.75872,2,2,3,1,1,4,1,01,-1,-1,000,055,-1,0,1,4,1,50,5,1,9,00,2,2,1,201700034292B01,7,17,1
201700034298,2017-10-25,2017,octobre,mercredi,80:0,67,67482,48.58683,7.76134,2,1,6,1,1,4,2,04,1,1,000,120,1,0,1,4,2,22,5,1,9,00,2,8,1,201700034298B01,7,1,1
201700034303,2017-11-05,2017,novembre,dimanche,19:00,67,67482,48.58659,7.71598,2,1,2,5,2,4,2,02,1,1,000,061,2,0,1,3,2,29,5,1,9,00,2,1,2,201700034303B01,7,2,1
201700034306,2017-11-09,2017,novembre,jeudi,14:50,67,67482,48.57988,7.71568,2,1,3,1,1,4,2,04,1,1,000,076,1,0,1,4,2,34,9,1,9,00,2,7,1,201700034306B01,7,16,1
201700034308,2017-11-14,2017,novembre,mardi,13:25,67,67482,48.54902,7.74127,2,3,3,1,1,4,2,02,1,1,000,150,1,0,1,1,1,23,5,1,9,00,2,1,1,201700034308A01,7,1,1
201700034315,2017-11-21,2017,novembre,mardi,80:5,67,67482,48.57416,7.77146,2,1,3,1,2,4,2,03,1,1,000,102,2,0,1,4,1,20,2,1,2,00,2,1,19,201700034315A01,7,1,1
201700034316,2017-11-23,2017,novembre,jeudi,15:10,67,67482,48.57116,7.77221,2,3,1,1,1,4,1,02,1,1,000,060,1,0,1,4,2,38,5,1,9,00,2,1,1,201700034316A01,1,5,1
201700034322,2017-11-27,2017,novembre,lundi,18:00,67,67482,48.58099,7.77045,2,1,3,5,1,4,1,02,1,1,000,062,1,0,1,4,1,26,1,1,2,00,2,1,1,201700034322B01,7,9,1
201700034324,2017-11-30,2017,novembre,jeudi,16:50,67,67482,48.59151,7.76412,2,2,3,2,2,4,2,02,1,1,000,110,2,0,1,4,1,36,9,1,9,00,2,8,1,201700034324B01,10,16,1
201700034325,2017-12-01,2017,décembre,vendredi,16:00,67,67482,48.58417,7.69295,2,2,3,1,8,4,2,02,1,1,000,075,2,5,1,4,1,16,2,1,9,00,2,8,19,201700034325B01,7,16,1
201700034330,2017-12-05,2017,décembre,mardi,18:30,67,67482,48.59283,7.70927,2,2,3,5,1,4,2,02,1,1,000,060,1,0,1,4,1,31,5,1,9,00,2,8,1,201700034330B01,7,1,1
201700034331,2017-12-06,2017,décembre,mercredi,74:5,67,67482,48.57073,7.76972,2,2,3,1,1,4,2,02,1,1,000,050,2,0,1,4,1,45,5,1,9,00,2,8,19,201700034331B01,7,15,1
201700034336,2017-12-14,2017,décembre,jeudi,18:20,67,67043,48.61846,7.75602,2,1,6,5,2,4,1,01,1,1,000,070,2,0,1,4,1,56,0,1,9,00,2,1,1,201700034336B01,7,1,1
201700034338,2017-12-18,2017,décembre,lundi,11:10,67,67482,48.57621,7.75418,2,3,3,1,4,4,2,02,1,1,000,040,2,0,1,4,2,24,1,1,9,00,2,7,1,201700034338B01,7,1,1
201700034341,2017-12-20,2017,décembre,mercredi,74:0,67,67482,48.58138,7.76275,2,2,3,5,2,4,2,02,1,1,000,060,2,0,1,4,1,17,0,1,9,00,2,7,1,201700034341B01,10,1,1
201700034343,2017-12-20,2017,décembre,mercredi,13:55,67,67482,48.58741,7.77022,2,3,3,1,1,4,3,02,1,1,012,110,2,5,1,4,2,47,5,1,2,00,2,3,5,201700034343A01,7,15,1
201700034346,2017-12-21,2017,décembre,jeudi,17:30,67,67447,48.60036,7.7539,2,1,3,5,2,4,3,02,1,1,025,100,2,5,1,3,2,57,1,1,2,00,2,2,19,201700034346B01,7,1,1
201700034349,2017-12-27,2017,décembre,mercredi,19:40,67,67482,48.57866,7.72827,2,3,3,5,2,4,2,02,1,2,000,060,2,5,1,4,1,33,1,1,9,00,2,7,1,201700034349B01,7,15,1
201700034358,2017-05-29,2017,mai,lundi,16:30,26,26174,0,0,1,1,3,1,1,3,2,02,2,1,063,000,1,0,1,3,1,8,2,1,2,00,2,3,11,201700034358B01,7,2,1
201700034388,2017-09-15,2017,septembre,vendredi,18:45,91,91340,48.60136,2.44118,2,3,1,1,1,3,2,03,1,-1,000,015,1,,1,3,1,15,5,1,9,00,2,7,1,201700034388B01,7,1,1
201700034389,2017-10-05,2017,octobre,jeudi,18:20,91,91086,48.61525,2.38162,2,1,1,1,2,4,1,01,1,1,000,020,1,,1,3,1,62,9,1,9,00,2,1,5,201700034389B01,7,15,1
201700034405,2017-10-04,2017,octobre,mercredi,11:00,62,62644,50.64999,2.14403,2,3,1,1,1,3,2,02,4,-1,000,010,1,,,3,1,71,5,1,2,00,2,1,1,201700034405A01,7,15,1
201700034409,2017-01-17,2017,janvier,mardi,16:41,68,68066,48.06945,7.36513,2,2,3,1,1,3,3,04,1,1,010,170,1,5,1,3,2,19,5,1,9,00,2,1,19,201700034409A01,7,1,1
201700034415,2017-09-16,2017,septembre,samedi,16:07,68,68066,48.07784,7.33248,2,1,3,1,1,4,2,02,1,1,000,110,1,0,1,4,1,35,5,1,9,00,2,5,1,201700034415B01,7,19,1
201700034422,2017-10-13,2017,octobre,vendredi,85:5,68,68066,48.09238,7.34885,2,6,3,1,1,3,3,04,4,1,018,140,1,0,1,4,1,16,2,1,2,00,2,8,19,201700034422B01,7,1,1
201700034423,2017-10-09,2017,octobre,lundi,14:58,68,68066,48.08468,7.36192,2,2,3,1,1,3,3,05,1,1,020,155,1,0,1,3,1,77,5,1,9,00,2,8,15,201700034423B01,7,15,1
201700034426,2017-10-06,2017,octobre,vendredi,10:02,68,68066,48.0747,7.34427,2,6,2,1,1,3,1,01,1,2,000,083,1,0,1,4,2,38,1,1,9,00,2,4,1,201700034426B01,7,9,1
201700034427,2017-11-14,2017,novembre,mardi,15:01,68,68066,48.07085,7.35142,2,3,1,1,1,4,1,01,1,1,000,110,1,0,1,3,1,16,0,1,2,00,2,0,19,201700034427B01,7,1,1
201700034436,2017-12-14,2017,décembre,jeudi,10:23,68,68066,48.07753,7.3301,2,1,7,1,1,4,2,01,1,1,000,000,1,0,1,2,1,42,0,1,2,00,0,0,23,201700034436A01,,,
201700034441,2017-01-30,2017,janvier,lundi,17:15,68,68224,47.7524,7.33988,2,1,6,1,2,4,1,01,1,1,000,000,2,0,1,3,1,14,5,1,8,00,1,0,0,201700034441Z01,,,
201700034448,2017-03-17,2017,mars,vendredi,75:5,68,68224,47.5299,7.33167,2,9,3,1,1,9,1,01,1,1,000,030,1,0,1,3,2,55,5,1,2,00,2,1,1,201700034448B01,7,1,1
201700034453,2017-04-07,2017,avril,vendredi,20:45,68,68224,47.73,7.33,1,1,6,5,1,4,-1,02,1,2,000,007,1,2,0,3,1,17,0,1,2,00,9,3,1,201700034453B01,10,1,1
201700034454,2017-06-07,2017,juin,mercredi,31:5,68,68224,47.76449,7.32404,2,1,1,5,2,3,2,04,1,1,000,120,2,2,1,3,1,18,5,1,9,00,2,3,19,201700034454B01,7,1,1
201700034457,2017-05-10,2017,mai,mercredi,17:17,68,68224,47.74815,7.33333,2,1,7,1,1,4,2,02,1,1,010,106,1,0,1,3,1,56,5,1,2,01,0,2,1,201700034457B01,7,22,1
201700034465,2017-06-24,2017,juin,samedi,92:6,68,68224,47.74711,7.32768,2,2,3,1,1,4,1,01,1,1,000,074,1,5,1,3,2,71,3,1,9,00,2,7,1,201700034465A02,14,16,1
201700034469,2017-07-15,2017,juillet,samedi,23:23,68,68224,47.75,7.32,2,1,6,5,1,4,2,02,1,1,000,075,1,0,1,4,1,33,5,1,9,00,2,6,2,201700034469B01,7,14,1
201700034472,2017-08-01,2017,août,mardi,14:07,68,68224,47.75509,7.34474,2,4,3,1,1,4,2,02,1,3,000,110,1,0,5,3,1,63,9,1,2,00,2,1,1,201700034472B01,7,9,1
201700034476,2017-08-27,2017,août,dimanche,16:30,68,68224,47.77318,7.33391,2,3,3,1,1,4,2,02,1,1,000,114,1,0,1,3,1,6,5,1,9,00,2,1,19,201700034476B01,7,1,1
201700034477,2017-09-03,2017,septembre,dimanche,16:15,68,68224,47.75297,7.35564,2,2,3,1,1,3,2,03,1,1,000,095,1,5,1,3,1,33,5,1,9,00,2,1,9,201700034477A01,7,1,1
201700034486,2017-11-07,2017,novembre,mardi,16:32,68,68224,47.74358,7.32418,2,1,6,1,1,4,2,02,1,1,000,100,1,0,4,1,1,12,5,1,9,00,1,1,1,201700034486A01,,,
201700034486,2017-11-07,2017,novembre,mardi,16:32,68,68224,47.74358,7.32418,2,1,6,1,1,4,2,02,1,1,000,100,1,0,4,1,1,13,5,1,9,00,1,1,1,201700034486A01,,,
201700034494,2017-03-08,2017,mars,mercredi,17:50,68,68297,47.58113,7.55354,2,3,3,1,1,3,2,03,1,1,000,114,9,0,1,3,1,96,5,1,2,00,2,8,1,201700034494B01,7,1,1
201700034498,2017-08-30,2017,août,mercredi,18:45,68,68149,47.60056,7.58424,2,6,3,1,1,3,1,01,1,2,000,095,1,5,1,4,2,60,1,1,2,00,2,3,2,201700034498B01,7,16,1
201700034501,2017-10-21,2017,octobre,samedi,17:25,68,68297,47.58877,7.56098,2,3,1,1,8,2,2,02,1,1,000,100,1,0,1,3,1,41,5,1,2,00,2,1,15,201700034501B01,7,1,1
201700034508,2017-06-12,2017,juin,lundi,14:25,68,68376,47.80304,7.33709,2,2,6,1,1,3,2,03,1,1,000,098,1,0,1,1,1,47,1,1,9,00,1,1,1,201700034508A01,,,
201700034515,2017-09-29,2017,septembre,vendredi,73:7,68,68166,47.7854,7.31665,2,2,3,1,1,3,2,02,1,1,000,165,1,5,1,3,1,29,1,1,2,00,2,7,1,201700034515B01,7,1,1
201700034516,2017-10-11,2017,octobre,mercredi,71:5,68,68166,47.7994,7.33651,2,1,3,1,1,3,2,02,1,1,024,120,1,0,5,3,2,49,1,1,2,00,2,8,5,201700034516B01,7,9,1
201700034517,2017-11-07,2017,novembre,mardi,17:20,68,68166,47.78585,7.32774,2,1,3,4,2,4,2,02,1,1,000,060,2,0,1,3,2,11,5,1,9,00,2,4,19,201700034517B01,7,1,1
201700034537,2017-06-10,2017,juin,samedi,17:35,01,01333,45.92622,4.95128,2,6,3,1,1,3,2,02,1,-1,006,015,1,5,1,3,1,49,5,1,2,00,2,7,1,201700034537B01,7,1,1
201700034578,2017-08-22,2017,août,mardi,13:08,69,69091,45.56821,4.77844,2,1,6,1,1,3,2,02,2,2,000,000,1,0,1,3,1,16,5,1,2,00,2,1,15,201700034578B01,,,
201700034581,2017-09-13,2017,septembre,mercredi,17:46,69,69091,45.58918,4.771,2,9,3,1,1,3,2,01,2,1,000,000,1,5,4,3,1,18,9,1,2,00,2,7,19,201700034581B01,7,9,1
201700034613,2017-07-16,2017,juillet,dimanche,19:45,69,69264,45.98885,4.72407,2,1,1,1,1,4,1,01,1,1,010,030,1,0,1,3,1,8,5,1,9,00,2,1,8,201700034613B01,7,1,1
201700034645,2017-12-31,2017,décembre,dimanche,17:30,69,69282,45.76769,5.00211,2,3,6,5,8,4,2,01,1,1,000,085,1,0,1,4,1,34,9,1,4,00,2,1,5,201700034645B01,7,9,1
201700034660,2017-02-17,2017,février,vendredi,16:30,69,69256,45.78122,4.92905,2,6,3,1,1,4,2,02,1,1,000,082,1,0,1,4,1,80,5,1,2,00,2,4,19,201700034660A01,7,16,1
201700034671,2017-03-01,2017,mars,mercredi,10:00,69,69029,45.73361,4.90868,2,2,3,1,1,4,3,05,1,1,000,030,1,4,1,4,1,21,5,1,9,00,2,0,1,201700034671B01,7,15,1
201700034700,2017-04-08,2017,avril,samedi,84:0,69,69266,45.77348,4.89535,2,1,2,1,1,4,2,02,1,1,000,000,1,0,1,3,1,60,5,1,2,00,2,4,2,201700034700B01,7,2,1
201700034712,2017-04-24,2017,avril,lundi,18:27,69,69266,45.75499,4.88593,2,8,3,1,1,4,1,01,1,1,000,020,1,5,1,4,2,33,0,1,2,00,2,0,0,201700034712B01,7,0,1
201700034713,2017-05-07,2017,mai,dimanche,11:35,69,69282,45.78402,5.00126,2,1,3,1,1,4,1,01,1,1,000,071,-1,0,1,4,1,11,5,1,2,00,2,7,5,201700034713B01,7,1,1
201700034720,2017-05-15,2017,mai,lundi,14:50,69,69256,45.76337,4.93694,2,2,1,1,1,3,2,02,1,1,000,000,1,0,1,4,2,25,1,1,2,00,2,8,16,201700034720B01,14,16,1
201700034728,2017-05-24,2017,mai,mercredi,13:10,69,69266,45.75956,4.88499,2,3,3,1,1,4,1,01,1,3,000,000,1,0,1,4,2,75,0,1,9,00,2,0,0,201700034728B01,7,15,1
201700034730,2017-05-27,2017,mai,samedi,20:45,69,69029,45.73439,4.89702,2,3,3,1,1,3,2,02,2,1,000,058,1,0,0,4,1,27,5,1,2,00,2,8,15,201700034730B01,7,1,1
201700034731,2017-05-27,2017,mai,samedi,23:55,69,69266,45.76666,4.89742,2,1,3,5,1,4,2,02,2,1,000,100,1,0,1,4,1,33,9,1,9,00,2,1,15,201700034731B01,7,1,1
201700034757,2017-06-22,2017,juin,jeudi,18:00,69,69266,45.7573,4.90304,2,1,2,1,1,4,1,01,1,1,000,050,1,4,5,4,1,54,0,1,2,00,9,4,2,201700034757B01,30,2,1
201700034764,2017-07-02,2017,juillet,dimanche,15:00,69,69282,45.76198,4.99109,2,3,3,1,1,4,2,00,1,1,000,055,1,0,1,4,1,10,5,1,9,00,2,3,19,201700034764B01,7,1,1
201700034764,2017-07-02,2017,juillet,dimanche,15:00,69,69282,45.76198,4.99109,2,3,3,1,1,4,2,00,1,1,000,055,1,0,1,4,1,7,5,1,2,00,2,3,19,201700034764B01,7,1,1
201700034766,2017-07-04,2017,juillet,mardi,12:10,69,69266,45.759,4.885,2,1,2,1,1,4,2,02,2,1,000,078,1,0,5,4,1,16,5,1,2,00,2,3,1,201700034766B01,7,20,1
201700034795,2017-08-03,2017,août,jeudi,17:25,69,69266,45.78029,4.883,2,2,3,1,3,4,2,02,1,1,000,060,2,0,1,4,2,20,5,1,9,00,2,7,19,201700034795A01,7,1,1
201700034797,2017-08-04,2017,août,vendredi,21:25,69,69266,45.75687,4.89973,2,4,3,2,1,4,1,01,1,1,000,080,-1,0,1,4,1,46,0,1,2,00,2,1,19,201700034797B01,7,19,1
201700034799,2017-08-05,2017,août,samedi,13:55,69,69266,45.769,4.872,2,1,6,1,1,4,1,01,1,1,000,036,1,0,4,1,1,43,5,1,2,00,1,7,1,201700034799A01,,,
201700034809,2017-08-16,2017,août,mercredi,11:50,69,69256,45.77134,4.90844,2,1,3,1,1,4,1,02,1,1,010,059,1,0,1,3,1,46,1,1,2,00,2,8,11,201700034809B01,7,1,1
201700034814,2017-08-19,2017,août,samedi,91:5,69,69029,45.72977,4.91675,2,3,3,1,1,3,2,02,1,1,000,060,1,0,1,3,2,74,0,1,2,00,2,1,19,201700034814B01,7,16,1
201700034827,2017-09-03,2017,septembre,dimanche,12:00,69,69275,45.76362,4.96313,2,1,3,1,1,4,1,01,2,-1,000,000,1,0,1,4,1,55,5,1,9,00,9,1,16,201700034827B01,7,16,1
201700034830,2017-09-14,2017,septembre,jeudi,74:5,69,69290,45.69809,4.92558,2,3,3,2,7,4,2,02,1,1,000,030,1,5,1,4,1,15,2,1,2,00,2,7,19,201700034830B01,7,1,1
201700034831,2017-09-14,2017,septembre,jeudi,17:50,69,69266,45.77278,4.86632,2,1,3,1,1,4,2,02,1,1,000,000,1,0,1,3,2,22,1,1,2,00,2,3,1,201700034831B01,7,17,1
201700034836,2017-09-21,2017,septembre,jeudi,63:5,69,69029,45.72472,4.915,2,3,3,5,1,4,1,02,1,4,000,000,1,0,5,3,1,50,1,1,2,00,2,2,16,201700034836B01,7,9,1
201700034849,2017-10-03,2017,octobre,mardi,13:55,69,69275,45.75712,4.9426,2,3,3,1,1,4,2,01,1,1,000,091,1,0,1,4,1,87,5,1,9,00,2,8,2,201700034849B01,7,15,1
201700034877,2017-10-15,2017,octobre,dimanche,17:58,69,69256,45.78138,4.92934,2,6,3,1,1,4,3,02,1,3,000,000,1,5,1,4,2,54,0,1,2,00,2,7,19,201700034877B01,7,16,1
201700034889,2017-11-02,2017,novembre,jeudi,17:00,69,69282,45.7564,4.9876,2,1,2,2,1,3,2,02,2,2,000,050,1,0,1,3,1,67,5,1,2,00,2,6,17,201700034889B01,7,17,1
201700034917,2017-11-28,2017,novembre,mardi,75:0,69,69029,45.73697,4.91913,2,1,3,1,1,4,2,04,2,1,000,400,1,0,5,3,1,30,1,1,2,00,2,1,1,201700034917B01,7,23,1
201700034921,2017-12-07,2017,décembre,jeudi,20:30,69,69266,45.75687,4.89975,2,2,1,5,1,4,-1,01,1,1,000,075,1,4,1,4,2,21,9,1,9,00,4,8,1,201700034921B01,40,19,1
201700034973,2017-05-11,2017,mai,jeudi,18:40,24,24299,45.03672,0.36559,2,3,2,1,1,3,,,,,,,,,,4,1,18,0,1,2,00,2,4,1,201700034973B01,7,15,1
201700034981,2017-11-15,2017,novembre,mercredi,14:00,24,24409,45.0453,0.3685,1,1,3,1,1,3,2,02,1,1,000,000,1,0,1,4,1,14,1,1,2,00,2,8,15,201700034981B01,31,1,1
201700034988,2017-08-12,2017,août,samedi,11:00,2A,2A212,42.21877,8.64275,2,1,7,1,1,3,2,02,2,-1,000,000,1,0,1,3,1,43,5,1,2,00,0,0,1,201700034988B01,7,19,1
201700035004,2017-02-13,2017,février,lundi,11:30,70,70550,47.63114,6.16761,2,1,2,1,1,3,2,02,1,1,024,081,1,5,1,3,2,58,3,1,2,00,0,8,2,201700035004B01,14,17,1
201700035102,2017-10-16,2017,octobre,lundi,18:50,54,54108,48.59264,6.24754,1,1,3,3,1,3,2,02,1,-1,000,000,1,0,1,3,1,37,5,1,9,00,2,0,2,201700035102A01,7,14,1