Num_Acc,date,an,mois,jour,hrmn,dep,com,lat,long,agg,int,col,lum,atm,catr,circ,nbv,prof,plan,lartpc,larrout,surf,infra,situ,grav,sexe,age,trajet,secuexist,equipement,obs,obsm,choc,manv,vehiculeid,typevehicules,manoeuvehicules,numVehicules
201700035111,2017-07-22,2017,juillet,samedi,70:0,54,54407,48.47516,6.06667,2,1,2,1,1,3,2,02,1,1,000,000,1,0,1,3,1,18,1,1,2,00,0,2,1,201700035111A01,7,20,1
201700035181,2017-11-11,2017,novembre,samedi,15:30,35,35307,48.28694,-1.96918,1,3,3,1,2,3,2,02,2,1,000,020,1,5,1,3,1,87,5,1,2,00,2,7,15,201700035181B01,7,15,1
201700035204,2017-02-17,2017,février,vendredi,16:35,47,47295,44.4814,0.79238,2,1,3,1,7,4,2,02,2,1,000,060,1,0,1,4,1,57,5,1,2,00,2,4,1,201700035204B01,7,15,1
201700035208,2017-05-14,2017,mai,dimanche,17:44,47,47146,44.4561,0.66364,1,2,3,1,1,3,2,02,1,1,000,058,1,0,1,3,2,16,5,1,2,00,2,1,15,201700035208A01,7,1,1
201700035227,2017-09-26,2017,septembre,mardi,13:05,71,71306,46.67377,4.37396,2,1,3,1,1,4,2,02,1,1,000,000,1,5,1,3,1,44,0,1,9,00,2,1,1,201700035227B01,7,15,1
201700035228,2017-10-17,2017,octobre,mardi,16:50,71,71040,46.69011,4.38437,2,3,3,1,1,4,2,02,1,1,000,000,1,0,1,3,1,9,5,1,2,00,2,0,2,201700035228B01,7,15,1
201700035240,2017-08-19,2017,août,samedi,18:45,12,12300,0,0,2,1,3,1,1,3,2,03,2,-1,000,010,1,0,0,3,1,15,0,1,2,00,2,1,1,201700035240B01,7,15,1
201700035242,2017-09-15,2017,septembre,vendredi,14:50,12,12300,44.3611,2.05158,1,1,2,1,1,3,2,02,1,1,000,000,1,0,1,4,1,71,5,1,2,00,2,1,1,201700035242A01,10,23,1
201700035244,2017-10-11,2017,octobre,mercredi,15:00,12,12300,44.3695,2.03934,2,9,3,1,1,4,2,02,1,1,000,010,1,0,1,4,1,15,5,1,2,00,2,4,15,201700035244A01,7,13,1
201700035259,2017-02-08,2017,février,mercredi,17:00,72,72181,47.999,0.23597,2,6,3,1,1,4,2,02,1,2,000,000,2,0,0,3,1,75,0,1,9,00,2,1,1,201700035259B01,7,1,1
201700035269,2017-03-16,2017,mars,jeudi,16:20,72,72181,48.01757,0.21859,2,6,3,1,1,4,2,02,1,1,000,000,1,0,1,4,2,67,0,1,2,00,0,0,0,201700035269B01,7,1,1
201700035287,2017-04-28,2017,avril,vendredi,16:40,72,72095,48.01897,0.20166,2,1,3,1,1,4,3,02,1,1,000,000,1,0,4,3,1,34,1,1,2,00,2,1,1,201700035287A01,7,23,1
201700035289,2017-05-17,2017,mai,mercredi,75:0,72,72181,48.00456,0.17933,2,2,3,1,1,4,2,02,1,1,000,071,1,0,1,3,1,44,0,1,2,00,2,1,1,201700035289B01,7,15,1
201700035293,2017-05-28,2017,mai,dimanche,10:40,72,72181,47.96326,0.2207,2,6,3,1,1,4,1,02,1,2,000,000,1,0,5,3,1,29,0,1,2,00,2,8,1,201700035293B01,7,16,1
201700035294,2017-06-03,2017,juin,samedi,14:45,72,72181,48.00268,0.19325,2,2,1,1,1,4,1,01,1,1,000,000,1,0,0,4,1,53,0,1,2,00,2,1,15,201700035294B01,38,15,1
201700035313,2017-09-12,2017,septembre,mardi,19:15,72,72181,48.00714,0.19761,2,1,3,2,1,4,2,02,1,1,000,000,1,0,5,3,1,19,0,1,9,00,2,8,1,201700035313A01,7,1,1
201700035314,2017-09-15,2017,septembre,vendredi,12:45,72,72181,48.01824,0.18092,2,2,3,1,1,4,2,02,1,1,000,000,1,0,0,4,1,50,0,1,9,00,2,1,1,201700035314B01,10,1,1
201700035323,2017-10-10,2017,octobre,mardi,73:5,72,72181,47.99614,0.23376,2,4,3,2,1,4,2,02,1,1,000,000,1,0,1,3,1,50,0,1,9,00,2,1,19,201700035323B01,7,15,1
201700035361,2017-09-07,2017,septembre,jeudi,14:05,11,11130,42.82135,2.02108,2,2,5,1,1,3,2,02,2,-1,005,810,1,,,1,1,54,5,1,2,00,2,1,1,201700035361C01,7,1,1
201700035361,2017-09-07,2017,septembre,jeudi,14:05,11,11130,42.82135,2.02108,2,2,5,1,1,3,2,02,2,-1,005,810,1,,,3,1,45,5,1,2,00,2,1,19,201700035361A01,7,1,1
201700035362,2017-07-03,2017,juillet,lundi,15:15,12,12231,44.0189,3.33609,1,1,2,1,1,3,2,02,1,2,000,068,1,0,1,4,1,67,5,1,2,00,2,4,1,201700035362B01,7,17,1
201700035363,2017-04-04,2017,avril,mardi,93:0,65,65154,43.00065,0.57876,1,1,2,1,1,3,2,02,1,3,000,056,1,0,1,1,1,72,5,1,2,00,2,4,1,201700035363B01,1,1,1
201700035363,2017-04-04,2017,avril,mardi,93:0,65,65154,43.00065,0.57876,1,1,2,1,1,3,2,02,1,3,000,056,1,0,1,2,1,74,5,1,2,00,2,1,1,201700035363A01,1,1,1
201700035377,2017-01-11,2017,janvier,mercredi,15:25,73,73008,0,0,2,8,3,1,1,3,2,00,-1,-1,000,000,-1,4,1,2,1,15,0,1,2,00,4,5,0,201700035377A01,39,0,1
201700035378,2017-02-23,2017,février,jeudi,65:5,73,73008,45.69654,5.90736,2,1,3,2,1,3,3,03,1,1,000,000,1,0,1,3,1,30,0,1,2,00,2,7,5,201700035378B01,7,16,1
201700035386,2017-08-07,2017,août,lundi,12:0,73,73008,45.68993,5.91046,2,3,3,5,1,4,2,02,2,1,000,118,1,0,1,4,1,34,5,1,2,00,2,1,1,201700035386B01,7,15,1
201700035396,2017-05-20,2017,mai,samedi,20:20,73,73011,45.665,6.379,2,1,3,1,1,4,2,02,1,1,000,060,1,0,1,4,2,12,5,1,9,00,2,1,5,201700035396B01,7,0,1
201700035401,2017-09-13,2017,septembre,mercredi,12:15,73,73011,45.66637,6.39074,2,1,6,1,1,4,2,02,1,1,000,000,1,1,5,1,1,18,9,1,2,00,1,1,21,201700035401A01,,,
201700035401,2017-09-13,2017,septembre,mercredi,12:15,73,73011,45.66637,6.39074,2,1,6,1,1,4,2,02,1,1,000,000,1,1,5,4,2,33,5,1,8,00,1,1,21,201700035401A01,,,
201700035403,2017-10-28,2017,octobre,samedi,12:05,73,73011,45.65858,6.37554,2,1,2,1,1,4,3,02,2,1,000,000,1,0,5,3,1,73,5,1,2,01,2,1,1,201700035403B01,7,23,1
201700035412,2017-12-27,2017,décembre,mercredi,21:00,73,73065,45.5655,5.91589,2,3,1,5,4,4,2,02,1,1,000,000,2,0,1,3,2,23,1,1,2,00,2,8,1,201700035412B01,7,10,1
201700035417,2017-03-19,2017,mars,dimanche,15:30,73,73065,45.5738,5.9105,2,1,2,1,1,4,1,02,1,1,000,000,1,0,1,1,2,23,5,1,2,00,2,4,1,201700035417A01,1,12,1
201700035417,2017-03-19,2017,mars,dimanche,15:30,73,73065,45.5738,5.9105,2,1,2,1,1,4,1,02,1,1,000,000,1,0,1,3,2,23,5,1,2,00,2,1,12,201700035417B01,1,1,1
201700035419,2017-01-14,2017,janvier,samedi,18:05,73,73222,45.57362,5.95555,1,9,3,5,2,4,3,01,1,1,000,000,2,0,1,3,2,31,5,1,2,00,2,3,1,201700035419B01,7,1,1
201700035423,2017-03-25,2017,mars,samedi,15:00,73,73065,45.57345,5.91712,2,1,1,1,8,6,-1,00,1,3,000,000,1,0,1,4,1,53,5,1,2,01,2,1,1,201700035423B01,7,1,1
201700035432,2017-04-12,2017,avril,mercredi,18:25,73,73087,45.56861,5.89235,2,6,3,1,7,3,4,02,1,1,000,000,1,0,1,4,1,60,0,1,2,00,2,1,1,201700035432B01,7,1,1
201700035433,2017-04-14,2017,avril,vendredi,20:30,73,73029,45.56492,5.9425,2,3,1,1,1,3,-1,02,1,2,000,000,9,0,1,4,1,24,0,1,2,00,2,4,2,201700035433B01,7,2,1
201700035437,2017-04-23,2017,avril,dimanche,19:43,73,73065,45.57062,5.91452,2,1,3,1,1,4,2,02,1,1,000,000,1,0,1,4,1,21,5,1,2,00,2,1,9,201700035437B01,7,1,1
201700035439,2017-04-27,2017,avril,jeudi,17:10,73,73065,45.56612,5.93401,2,6,3,1,8,4,2,02,1,-1,000,000,1,5,1,4,2,51,0,1,2,00,2,1,1,201700035439B01,7,1,1
201700035443,2017-06-20,2017,juin,mardi,15:00,73,73065,45.57461,5.92307,2,6,7,1,1,3,1,01,2,2,000,000,1,0,1,3,1,38,5,1,2,00,2,0,21,201700035443B01,7,12,1
201700035450,2017-06-27,2017,juin,mardi,64:5,73,73222,45.57611,5.95877,2,6,3,1,7,3,2,02,1,1,000,000,2,5,1,3,1,48,1,1,2,00,2,7,1,201700035450B01,7,9,1
201700035451,2017-06-23,2017,juin,vendredi,23:10,73,73065,45.56658,5.92276,2,7,3,5,1,4,1,01,1,3,000,000,1,5,1,3,1,19,5,1,2,00,2,1,1,201700035451A01,1,5,1
201700035451,2017-06-23,2017,juin,vendredi,23:10,73,73065,45.56658,5.92276,2,7,3,5,1,4,1,01,1,3,000,000,1,5,1,1,1,36,5,1,2,00,2,1,5,201700035451B01,1,1,1
201700035454,2017-07-18,2017,juillet,mardi,94:5,73,73065,45.58113,5.88976,2,2,2,1,1,3,2,02,1,1,000,000,1,0,1,3,2,74,5,1,2,00,2,1,1,201700035454B01,7,1,1
201700035467,2017-10-14,2017,octobre,samedi,12:10,73,73065,45.56348,5.92824,2,6,3,1,1,4,2,02,1,1,000,000,1,0,1,4,1,42,5,1,2,00,2,1,1,201700035467B01,7,1,1
201700035468,2017-10-17,2017,octobre,mardi,17:30,73,73065,45.56748,5.91438,2,1,3,1,1,4,2,02,1,1,000,000,1,0,1,4,1,7,2,1,9,00,2,1,19,201700035468B01,7,1,1
201700035469,2017-10-18,2017,octobre,mercredi,17:15,73,73065,45.5668,5.93381,2,1,3,1,1,3,2,02,1,1,000,000,1,0,1,4,1,51,9,1,9,00,2,8,1,201700035469B01,7,1,1
201700035472,2017-11-18,2017,novembre,samedi,10:6,73,73065,45.57342,5.92237,2,1,6,5,1,4,1,01,2,1,000,000,1,0,1,2,1,37,5,1,2,02,0,1,7,201700035472A01,,,
201700035473,2017-11-11,2017,novembre,samedi,10:00,73,73087,45.55951,5.8962,2,6,3,1,1,3,3,02,1,1,000,000,1,0,1,3,1,49,5,1,2,00,2,1,1,201700035473B01,7,9,1
201700035484,2017-01-27,2017,janvier,vendredi,11:55,74,74010,45.90718,6.132,2,1,6,1,1,4,1,01,1,1,000,050,1,0,1,4,1,57,0,1,2,00,0,0,0,201700035484B01,7,0,1
201700035485,2017-01-31,2017,janvier,mardi,18:25,74,74010,45.89818,6.11641,2,3,6,5,1,4,2,02,1,1,,,2,0,1,4,1,22,0,1,9,00,0,0,0,201700035485B01,7,15,1
201700035491,2017-03-08,2017,mars,mercredi,11:55,74,74010,45.90545,6.13212,2,6,6,1,3,4,2,00,1,1,000,000,2,0,1,4,2,63,0,1,9,00,0,0,0,201700035491B01,7,0,1
201700035492,2017-03-10,2017,mars,vendredi,18:33,74,74010,45.90368,6.12739,2,3,6,2,1,4,2,02,1,1,000,066,1,0,1,4,1,20,5,1,9,00,2,1,1,201700035492A01,7,1,1
201700035495,2017-03-18,2017,mars,samedi,92:3,74,74010,45.9116,6.1228,2,1,3,1,1,4,1,01,1,1,000,000,1,0,4,4,1,44,5,1,9,00,2,1,1,201700035495A01,7,1,1
201700035506,2017-02-24,2017,février,vendredi,23:30,74,74010,45.90348,6.13049,2,2,3,5,1,4,2,02,1,1,000,000,1,5,5,4,1,22,5,1,2,00,2,1,1,201700035506B01,7,19,1
201700035507,2017-03-28,2017,mars,mardi,15:45,74,74010,45.9119,6.1313,2,6,3,1,1,4,3,02,1,1,000,000,1,5,1,2,1,84,5,1,2,00,0,0,0,201700035507B01,14,1,1
201700035512,2017-04-17,2017,avril,lundi,18:03,74,74010,45.8902,6.1324,1,1,1,1,1,3,2,00,2,-1,000,000,1,0,1,4,1,24,0,1,2,00,2,2,5,201700035512A01,7,5,1
201700035517,2017-04-23,2017,avril,dimanche,16:10,74,74010,45.9054,6.1441,2,1,2,1,1,4,2,02,1,1,000,080,1,0,1,4,1,53,0,1,2,00,0,0,0,201700035517B01,33,2,1
201700035524,2017-04-28,2017,avril,vendredi,10:59,74,74010,45.9204,6.1236,2,1,6,1,1,4,2,02,1,1,000,060,1,0,1,4,1,85,0,1,2,01,0,1,1,201700035524B01,7,22,1
201700035527,2017-03-16,2017,mars,jeudi,19:45,74,74010,45.91331,6.12491,2,2,3,5,1,4,2,01,1,1,,,1,0,1,4,1,37,5,1,4,00,2,1,1,201700035527B01,7,15,1
201700035528,2017-03-30,2017,mars,jeudi,90:0,74,74010,45.91192,6.12783,2,3,3,1,1,4,2,02,1,1,000,068,1,5,1,4,1,42,5,1,4,00,2,1,1,201700035528B01,7,16,1
201700035533,2017-05-27,2017,mai,samedi,12:23,74,74010,45.92133,6.13335,2,6,3,1,1,4,1,02,2,3,026,062,1,5,1,4,2,31,5,1,9,00,2,8,1,201700035533B01,7,16,1
201700035544,2017-04-28,2017,avril,vendredi,12:00,74,74010,45.90939,6.14181,2,3,6,1,1,4,2,02,1,1,000,050,1,0,0,4,2,48,0,1,2,00,2,2,19,201700035544B01,7,1,1
201700035545,2017-06-21,2017,juin,mercredi,17:30,74,74093,45.8977,6.1146,2,6,2,1,1,3,1,02,2,2,048,080,1,5,1,4,1,54,0,1,2,00,2,4,19,201700035545B01,7,9,1
201700035559,2017-05-28,2017,mai,dimanche,12:00,74,74010,45.92433,6.12667,2,4,6,1,1,4,2,02,1,1,000,040,1,0,1,4,1,64,9,1,2,00,2,1,16,201700035559B01,7,15,1
201700035560,2017-07-07,2017,juillet,vendredi,81:5,74,74010,45.91141,6.13423,2,1,6,1,1,4,1,02,1,1,013,074,1,0,5,3,1,29,5,1,2,01,0,1,21,201700035560A01,7,24,1
201700035567,2017-07-10,2017,juillet,lundi,19:50,74,74093,45.90783,6.09923,2,3,3,1,3,4,2,02,2,2,000,109,2,0,1,4,1,22,0,1,2,00,2,0,1,201700035567B01,7,0,1
201700035571,2017-07-24,2017,juillet,lundi,91:5,74,74010,45.9104,6.1238,2,1,3,1,2,4,-1,00,1,1,000,000,2,0,4,3,2,49,1,1,9,00,2,1,1,201700035571A01,7,1,1
201700035575,2017-07-15,2017,juillet,samedi,15:35,74,74010,45.90134,6.1282,2,1,6,1,1,4,2,02,1,1,000,061,1,0,1,4,1,25,9,1,9,00,2,1,19,201700035575B01,33,1,1
201700035583,2017-08-23,2017,août,mercredi,17:03,74,74010,45.92317,6.12369,2,4,3,1,1,4,1,02,1,3,040,048,1,5,5,3,2,32,5,1,2,00,2,8,2,201700035583A01,7,16,1
201700035586,2017-08-31,2017,août,jeudi,19:00,74,74010,45.90446,6.12999,2,2,7,1,2,4,2,02,1,1,000,088,2,0,1,3,1,71,0,1,9,03,0,1,21,201700035586A01,7,15,1
201700035602,2017-09-22,2017,septembre,vendredi,15:15,74,74010,45.89305,6.11753,2,2,3,1,1,4,2,02,1,1,,,1,5,1,4,1,57,5,1,2,00,2,1,1,201700035602B01,7,15,1
201700035603,2017-09-23,2017,septembre,samedi,16:02,74,74093,45.9088,6.10013,2,1,7,1,1,4,-1,01,1,1,010,025,1,0,5,3,1,20,0,1,9,08,0,1,1,201700035603A01,1,1,1
201700035603,2017-09-23,2017,septembre,samedi,16:02,74,74093,45.9088,6.10013,2,1,7,1,1,4,-1,01,1,1,010,025,1,0,5,3,1,54,0,1,2,00,9,1,1,201700035603B01,1,1,1
201700035605,2017-09-26,2017,septembre,mardi,10:50,74,74093,45.8941,6.10854,2,4,3,1,1,4,2,02,2,2,,,1,0,1,3,1,51,1,1,2,00,2,8,19,201700035605B01,7,1,1
201700035606,2017-10-03,2017,octobre,mardi,92:5,74,74010,45.90481,6.12625,2,1,6,1,2,4,1,01,1,1,004,097,2,0,1,4,1,52,0,1,9,00,2,1,2,201700035606B01,10,4,1
201700035613,2017-10-17,2017,octobre,mardi,73:5,74,74010,45.90481,6.14507,2,3,3,1,1,4,2,03,1,1,,,1,5,1,4,1,22,0,1,2,00,2,2,19,201700035613B01,7,1,1
201700035620,2017-11-02,2017,novembre,jeudi,19:00,74,74010,45.9076,6.1243,2,4,3,5,1,4,1,01,1,1,000,030,1,0,1,4,1,23,0,1,9,00,2,1,15,201700035620B01,7,15,1
201700035621,2017-11-07,2017,novembre,mardi,13:00,74,74010,45.9207,6.1329,2,6,3,1,1,4,2,02,1,1,000,000,1,0,1,4,1,58,0,1,9,00,2,0,19,201700035621B01,31,2,1
201700035623,2017-11-10,2017,novembre,vendredi,18:10,74,74010,45.91606,6.12858,2,6,3,5,2,4,2,02,1,1,000,000,2,0,0,4,2,63,0,1,9,00,2,2,14,201700035623B01,7,9,1
201700035636,2017-12-18,2017,décembre,lundi,14:30,74,74010,45.90471,6.12378,2,1,6,1,4,4,3,01,1,1,000,200,5,0,1,1,1,26,0,1,2,00,1,1,1,201700035636A01,,,
201700035648,2017-04-07,2017,avril,vendredi,13:30,74,74012,46.19294,6.22866,2,6,3,1,1,3,2,02,1,1,000,000,1,5,1,3,2,67,5,1,2,00,2,7,1,201700035648B01,7,0,1
201700035657,2017-08-31,2017,août,jeudi,14:05,74,74133,46.19211,6.20705,2,1,6,1,2,4,3,02,1,1,000,000,2,5,1,1,1,47,5,1,2,00,1,1,17,201700035657A01,,,
201700035670,2017-10-21,2017,octobre,samedi,20:25,74,74012,46.20384,6.25729,2,3,3,5,3,3,2,03,2,1,000,000,2,5,1,3,1,47,1,1,9,00,2,1,1,201700035670B01,7,15,1
201700035672,2017-11-15,2017,novembre,mercredi,85:0,74,74012,46.197,6.25492,2,1,3,1,1,4,1,01,1,1,000,000,1,0,1,4,1,24,0,1,4,00,2,1,18,201700035672B01,7,23,1
201700035691,2017-12-08,2017,décembre,vendredi,63:0,74,74012,46.19202,6.24186,2,1,3,5,2,4,2,04,1,1,010,350,2,0,1,4,1,19,1,1,4,00,2,1,1,201700035691B01,7,9,1
201700035730,2017-03-16,2017,mars,jeudi,11:00,76,76217,49.92272,1.07119,2,1,7,1,1,3,2,02,2,1,000,000,1,0,1,4,1,16,2,1,2,01,0,0,14,201700035730A01,,,
201700035747,2017-08-16,2017,août,mercredi,16:05,76,76217,49.90807,1.0727,1,2,2,1,1,4,2,02,1,1,000,070,1,0,0,4,1,64,5,1,2,00,2,6,15,201700035747B01,7,17,1
201700035748,2017-09-02,2017,septembre,samedi,12:50,76,76217,49.91306,1.09055,2,1,2,1,1,3,3,05,1,1,000,105,1,0,1,3,1,50,5,1,2,00,2,4,1,201700035748B01,7,14,1
201700035770,2017-06-20,2017,juin,mardi,23:30,76,76259,49.76197,0.37812,2,1,2,5,1,3,2,01,1,1,000,076,1,0,1,3,1,45,5,1,9,00,2,4,19,201700035770B01,7,13,1
201700035786,2017-01-14,2017,janvier,samedi,19:15,76,76351,49.49408,0.12408,2,2,2,5,2,4,2,02,1,1,000,063,2,0,0,3,1,15,5,1,9,00,2,4,1,201700035786B01,7,1,1
201700035789,2017-01-05,2017,janvier,jeudi,13:05,76,76351,49.49162,0.09697,2,3,3,1,1,4,2,02,1,1,000,,1,0,0,4,2,66,0,1,9,00,2,8,19,201700035789B01,7,1,1
201700035804,2017-02-19,2017,février,dimanche,11:15,76,76305,49.50301,0.20999,2,1,6,1,1,3,-1,02,1,1,000,000,1,0,5,3,1,47,5,1,2,09,0,7,1,201700035804A01,,,
201700035818,2017-02-28,2017,février,mardi,83:0,76,76270,49.5302,0.14335,2,6,3,1,2,3,1,01,1,1,000,058,2,5,1,3,1,65,0,1,2,00,2,8,0,201700035818B01,7,16,1
201700035821,2017-03-14,2017,mars,mardi,17:00,76,76351,49.5018,0.16346,2,1,6,1,1,4,2,02,1,1,000,098,1,0,1,1,1,15,2,1,9,00,1,1,0,201700035821A01,,,
201700035823,2017-02-16,2017,février,jeudi,15:00,76,76351,49.48947,0.10506,2,1,6,1,1,4,2,02,1,1,000,000,1,0,1,4,2,90,5,1,9,01,0,0,0,201700035823B01,7,22,1
201700035831,2017-04-03,2017,avril,lundi,20:10,76,76351,49.49935,0.15039,2,1,1,1,1,4,2,02,1,1,000,089,1,0,1,3,1,15,5,1,2,00,2,1,1,201700035831A01,7,1,1
201700035859,2017-05-22,2017,mai,lundi,21:35,76,76351,49.49753,0.11557,2,2,3,2,1,4,1,01,1,1,000,060,1,0,0,4,2,47,5,1,2,00,2,1,5,201700035859A01,7,1,1
201700035862,2017-05-30,2017,mai,mardi,11:15,76,76481,49.55479,0.13435,1,6,6,1,1,3,2,02,1,1,000,079,1,0,1,3,1,63,5,1,2,16,0,7,1,201700035862A01,,,
201700035880,2017-07-07,2017,juillet,vendredi,14:00,76,76481,49.5152,0.10572,2,1,7,1,1,4,2,02,1,1,000,044,1,0,1,3,1,13,5,1,2,00,0,0,0,201700035880A01,,,
201700035886,2017-07-16,2017,juillet,dimanche,18:45,76,76351,49.49795,0.11463,2,1,6,1,1,4,2,02,1,1,000,000,1,0,4,4,1,29,5,1,2,08,0,1,0,201700035886A01,,,
201700035888,2017-07-19,2017,juillet,mercredi,17:40,76,76351,49.50015,0.1346,2,3,2,1,1,4,1,01,1,1,000,025,1,0,0,3,1,28,5,1,2,00,2,1,9,201700035888A01,7,23,1
201700035903,2017-08-16,2017,août,mercredi,15:10,76,76351,49.50532,0.11816,2,3,3,1,1,4,2,02,2,1,000,099,1,0,1,4,1,11,5,1,2,00,2,1,19,201700035903B01,7,0,1
201700035913,2017-09-09,2017,septembre,samedi,20:05,76,76351,49.49301,0.12148,2,2,3,5,2,4,1,01,1,1,000,070,2,0,1,4,2,23,5,1,9,00,2,1,1,201700035913B01,7,1,1
201700035918,2017-09-21,2017,septembre,jeudi,22:05,76,76351,49.50005,0.13084,2,3,3,5,2,4,2,02,1,1,000,000,2,0,1,4,2,18,0,1,2,00,2,8,1,201700035918B01,7,0,1
201700035920,2017-09-24,2017,septembre,dimanche,15:45,76,76351,49.51044,0.18155,1,1,3,1,1,4,2,02,1,1,000,049,1,0,1,3,1,11,5,1,2,00,2,7,19,201700035920A01,7,1,1
201700035932,2017-10-04,2017,octobre,mercredi,20:10,76,76351,49.49416,0.10981,2,1,3,5,1,4,2,02,1,1,000,057,1,0,5,4,1,56,5,1,2,00,2,8,1,201700035932B01,7,10,1
201700035948,2017-10-30,2017,octobre,lundi,74:0,76,76351,49.51559,0.11266,2,3,2,1,1,4,,,,,,,,,,4,1,59,1,1,9,00,2,4,1,201700035948B01,7,2,1
201700035963,2017-11-22,2017,novembre,mercredi,10:10,76,76351,49.49899,0.11999,2,3,6,1,1,4,,,,,,,,,,1,1,23,0,1,9,00,1,1,1,201700035963A01,,,
201700035977,2017-12-09,2017,décembre,samedi,10:20,76,76351,49.51119,0.13843,1,3,6,1,1,4,1,01,2,1,000,050,1,0,5,3,1,58,5,1,2,00,1,1,1,201700035977A01,,,
201700036010,2017-02-04,2017,février,samedi,21:15,76,76540,49.44594,1.07123,2,1,3,5,1,4,1,01,1,1,000,030,1,0,1,4,2,38,5,1,9,00,0,7,1,201700036010A01,7,18,1
201700036016,2017-02-22,2017,février,mercredi,17:00,76,76165,49.28363,1.02629,2,2,3,1,1,4,2,02,1,1,000,000,1,0,0,4,2,23,0,1,4,00,0,0,0,201700036016B01,7,0,1
201700036022,2017-03-15,2017,mars,mercredi,73:0,76,76391,49.30085,0.97509,1,2,3,2,1,3,2,02,1,1,000,000,1,5,1,2,1,85,5,1,2,00,2,0,0,201700036022A01,7,1,1
201700036052,2017-04-14,2017,avril,vendredi,11:00,76,76231,49.29499,0.99822,2,3,3,1,1,3,2,02,1,1,000,000,1,0,1,3,1,79,9,1,9,00,2,0,19,201700036052B01,7,0,1
201700036059,2017-04-11,2017,avril,mardi,12:05,76,76498,49.42564,1.052,2,3,6,1,1,4,2,02,4,2,000,060,1,0,1,4,1,54,9,1,2,00,2,8,15,201700036059B01,7,1,1
201700036060,2017-04-20,2017,avril,jeudi,17:10,76,76540,49.4543,1.13763,1,1,3,1,1,4,2,02,1,1,000,060,1,0,1,4,1,16,5,1,4,00,2,1,1,201700036060B01,7,0,1
201700036062,2017-04-29,2017,avril,samedi,15:00,76,76108,49.45377,1.10472,2,1,3,1,1,3,2,03,2,1,000,105,1,0,1,4,1,29,5,1,2,00,2,0,1,201700036062B01,7,10,1
201700036097,2017-06-12,2017,juin,lundi,17:05,76,76575,49.38538,1.07101,1,6,2,1,1,4,1,02,1,2,000,060,1,5,1,4,1,84,5,1,2,00,2,4,2,201700036097B01,7,2,1
201700036108,2017-05-27,2017,mai,samedi,18:15,76,76681,49.41256,1.08189,2,2,5,1,1,4,2,02,2,1,000,032,1,0,1,3,1,19,5,1,2,00,2,1,19,201700036108C01,7,1,1
201700036108,2017-05-27,2017,mai,samedi,18:15,76,76681,49.41256,1.08189,2,2,5,1,1,4,2,02,2,1,000,032,1,0,1,2,1,22,5,1,2,00,2,1,19,201700036108A01,7,1,1
201700036149,2017-08-14,2017,août,lundi,13:45,76,76681,49.40357,1.08527,2,2,3,1,1,4,,,,,,,,,,4,1,72,5,1,2,00,2,1,1,201700036149B01,7,15,1
201700036174,2017-10-14,2017,octobre,samedi,84:5,76,76216,49.47609,1.04817,2,2,3,1,1,3,2,03,1,1,000,115,1,0,1,3,1,14,5,1,2,00,2,1,19,201700036174B01,37,16,1
201700036176,2017-10-18,2017,octobre,mercredi,15:20,76,76540,49.42858,1.10991,2,1,6,1,1,4,2,01,1,1,000,000,1,6,5,3,1,71,5,1,2,00,1,1,0,201700036176A01,,,
201700036176,2017-10-18,2017,octobre,mercredi,15:20,76,76540,49.42858,1.10991,2,1,6,1,1,4,2,01,1,1,000,000,1,6,5,1,1,14,5,1,8,00,1,1,0,201700036176A01,,,
201700036197,2017-11-20,2017,novembre,lundi,15:58,76,76484,49.33837,1.08735,2,1,6,1,1,4,2,02,2,1,000,000,1,0,1,4,1,33,1,1,2,00,2,1,21,201700036197A01,7,0,1
201700036212,2017-12-26,2017,décembre,mardi,80:3,76,76322,49.40521,1.03013,2,2,1,5,1,4,2,02,1,1,000,080,2,0,1,3,1,34,1,1,2,00,2,1,15,201700036212A01,10,1,1
201700036258,2017-03-29,2017,mars,mercredi,12:45,77,77014,48.41095,2.73386,1,1,3,1,1,4,2,02,1,1,000,088,1,0,1,3,1,17,9,1,2,00,2,8,19,201700036258B01,7,1,1
201700036261,2017-04-01,2017,avril,samedi,10:00,77,77186,48.39669,2.70456,1,1,2,1,1,3,3,04,1,1,000,000,1,0,1,3,1,40,5,1,2,00,2,4,2,201700036261B01,7,2,1
201700036269,2017-08-02,2017,août,mercredi,16:55,77,77186,48.38535,2.76552,1,1,2,1,1,3,3,04,1,1,028,073,1,0,1,2,1,43,0,1,9,00,0,4,9,201700036269F01,99,1,1
201700036329,2017-08-27,2017,août,dimanche,19:10,77,77335,48.9699,2.82975,1,2,3,1,1,3,-1,02,2,1,000,000,1,0,1,3,1,44,5,1,2,00,2,9,1,201700036329B01,7,19,1
201700036352,2017-05-16,2017,mai,mardi,14:30,77,77288,48.54141,2.68084,2,1,7,1,1,4,2,02,1,1,000,000,1,0,1,4,1,23,0,1,9,00,0,0,0,201700036352B01,7,0,1