Num_Acc,date,an,mois,jour,hrmn,dep,com,lat,long,agg,int,col,lum,atm,catr,circ,nbv,prof,plan,lartpc,larrout,surf,infra,situ,grav,sexe,age,trajet,secuexist,equipement,obs,obsm,choc,manv,vehiculeid,typevehicules,manoeuvehicules,numVehicules
201700036354,2017-05-26,2017,mai,vendredi,13:11,77,77269,48.54271,2.70629,1,1,2,1,1,3,2,02,1,1,000,067,1,0,1,3,1,51,5,1,9,00,2,4,2,201700036354B01,7,2,1
201700036356,2017-06-02,2017,juin,vendredi,13:55,77,77288,48.54489,2.65113,2,1,3,1,1,4,2,01,-1,-1,000,000,-1,0,1,3,1,19,0,1,2,00,2,0,0,201700036356B01,7,0,1
201700036365,2017-09-05,2017,septembre,mardi,21:00,77,77518,48.50125,2.62265,1,1,2,3,1,3,2,02,1,1,000,065,1,0,1,3,1,65,3,1,4,00,2,4,1,201700036365B01,7,1,1
201700036377,2017-01-17,2017,janvier,mardi,15:55,77,77495,48.56449,2.60989,2,3,2,1,1,3,2,02,1,1,000,056,1,0,1,3,1,66,5,1,2,00,2,0,0,201700036377A01,7,1,1
201700036385,2017-04-04,2017,avril,mardi,90:0,77,77180,48.71912,2.64877,1,1,5,1,1,3,2,02,1,1,000,040,1,0,1,3,1,60,9,1,2,00,2,4,1,201700036385C01,7,17/1,2
201700036388,2017-04-11,2017,avril,mardi,18:25,77,77114,48.73198,2.68845,1,1,3,1,1,3,2,02,1,1,000,000,1,0,3,2,1,67,9,1,2,00,2,4,13,201700036388B01,7,1,1
201700036401,2017-07-31,2017,juillet,lundi,17:30,77,77067,48.57587,2.60904,2,1,3,1,1,4,2,02,1,-1,000,000,1,0,1,4,1,8,5,1,2,00,2,1,19,201700036401B01,7,1,1
201700036410,2017-09-18,2017,septembre,lundi,70:0,77,77296,48.62971,2.6125,1,1,2,2,1,4,2,02,1,1,000,050,1,0,1,4,1,59,1,1,4,00,2,6,2,201700036410B01,7,17,1
201700036432,2017-10-19,2017,octobre,jeudi,19:53,77,77172,48.35895,2.97757,1,1,2,3,1,3,2,03,1,1,000,000,1,0,1,3,1,36,1,1,9,00,2,4,2,201700036432B01,7,2,1
201700036458,2017-06-08,2017,juin,jeudi,72:0,77,77468,48.85792,2.65952,2,1,6,1,1,4,2,02,2,2,000,000,1,0,1,4,1,58,1,1,2,00,2,1,15,201700036458B01,7,4,1
201700036465,2017-10-29,2017,octobre,dimanche,10:30,77,77083,48.85025,2.58524,2,6,3,1,1,4,2,03,3,-1,000,000,1,5,1,3,1,50,5,1,2,00,2,7,1,201700036465B01,7,9,1
201700036478,2017-02-19,2017,février,dimanche,12:25,77,77374,48.796,2.7187,1,1,7,1,1,3,2,02,1,1,000,035,1,0,1,3,1,29,0,1,2,00,0,0,0,201700036478A01,,,
201700036482,2017-04-09,2017,avril,dimanche,19:05,77,77350,48.77779,2.67954,2,1,3,1,1,3,2,02,1,-1,000,060,1,6,1,4,1,7,5,1,2,00,2,2,0,201700036482B01,7,1,1
201700036495,2017-06-17,2017,juin,samedi,19:00,77,77390,48.79927,2.63838,2,1,3,1,7,3,3,02,1,1,000,000,1,0,1,4,1,57,9,1,2,00,2,1,19,201700036495A01,7,1,1
201700036516,2017-10-19,2017,octobre,jeudi,16:00,77,77390,48.7988,2.63923,2,4,3,1,1,3,3,02,1,3,030,150,1,5,1,4,1,11,2,1,2,00,2,1,0,201700036516B01,37,1,1
201700036518,2017-10-31,2017,octobre,mardi,14:05,77,77350,48.77162,2.70798,1,1,6,1,1,3,2,02,1,1,000,070,1,0,1,2,2,49,0,1,2,00,0,8,13,201700036518B01,15,2,1
201700036530,2017-03-29,2017,mars,mercredi,22:15,77,77459,48.54915,3.32922,1,1,6,3,1,3,2,02,2,1,000,000,1,0,1,3,1,23,1,1,9,00,0,3,2,201700036530A01,7,17,1
201700036543,2017-03-22,2017,mars,mercredi,10:45,77,77118,48.94579,2.66781,1,9,3,1,1,3,1,01,2,1,000,000,1,3,1,4,1,40,3,1,9,00,2,2,12,201700036543B01,7,1,1
201700036571,2017-02-03,2017,février,vendredi,21:45,78,78206,0,0,2,1,2,5,1,4,-1,02,-1,-1,000,000,-1,0,1,4,1,18,0,1,2,00,2,4,1,201700036571B01,7,0,1
201700036574,2017-03-26,2017,mars,dimanche,19:10,78,78643,48.9763,1.98194,2,6,1,1,1,3,2,02,-1,-1,000,000,-1,0,1,4,1,59,0,1,2,00,2,1,15,201700036574B01,7,1,1
201700036624,2017-05-26,2017,mai,vendredi,14:10,78,78297,48.77287,2.07066,2,1,6,1,1,4,2,02,1,1,000,000,1,0,1,3,1,45,5,1,9,00,2,8,19,201700036624B01,7,1,1
201700036628,2017-07-04,2017,juillet,mardi,18:12,78,78297,48.78679,2.04917,2,1,3,1,1,4,1,03,1,1,000,087,1,0,1,3,1,34,5,1,2,00,2,0,19,201700036628B01,7,1,1
201700036659,2017-10-18,2017,octobre,mercredi,12:15,78,78361,48.99666,1.67672,2,1,6,1,1,3,3,05,1,1,015,190,1,0,1,3,1,58,0,1,2,00,2,8,15,201700036659A01,7,1,1
201700036682,2017-04-18,2017,avril,mardi,16:10,78,78227,49.00539,1.90937,1,1,1,1,1,3,-1,02,-1,-1,000,000,1,0,1,4,1,55,0,1,2,00,2,3,0,201700036682B01,7,1,1
201700036690,2017-07-03,2017,juillet,lundi,18:35,78,78029,48,4.5685,2,2,3,1,1,4,2,01,1,1,030,030,1,0,1,4,1,50,5,1,9,00,2,1,19,201700036690A01,7,19,1
201700036697,2017-09-11,2017,septembre,lundi,11:10,78,78638,49.0191,1.9819,1,1,3,1,1,3,2,02,1,1,000,070,2,0,1,3,1,68,5,1,2,00,2,6,0,201700036697B01,7,17,1
201700036701,2017-12-01,2017,décembre,vendredi,19:35,78,78440,48.9907,1.92296,2,2,3,5,1,4,2,01,-1,1,000,060,2,0,0,3,2,25,9,1,9,00,2,7,1,201700036701A01,7,15,1
201700036728,2017-09-24,2017,septembre,dimanche,10:50,78,78517,48.64584,1.86039,2,3,3,1,1,3,2,01,-1,-1,000,000,1,0,1,3,1,67,0,1,2,14,2,1,0,201700036728B01,7,19,1
201700036742,2017-03-19,2017,mars,dimanche,91:7,78,78551,0,0,1,1,3,1,1,2,2,02,1,1,000,106,1,0,1,2,1,45,5,1,2,00,2,4,1,201700036742B01,7,2,1
201700036743,2017-04-13,2017,avril,jeudi,21:15,78,78551,48.905,2.0936,1,1,6,3,1,3,2,02,1,1,000,030,1,0,1,3,2,29,5,1,9,00,2,4,1,201700036743B02,7,2,1
201700036781,2017-09-17,2017,septembre,dimanche,11:40,78,78358,48.95318,2.13891,2,1,3,1,1,4,2,01,1,1,000,065,1,0,1,4,2,52,5,1,2,00,2,3,1,201700036781B01,7,17,1
201700036810,2017-05-15,2017,mai,lundi,18:05,78,78640,48.78502,2.18262,2,1,3,1,1,4,-1,02,1,1,000,000,1,0,1,3,1,10,5,1,9,00,2,8,19,201700036810B01,7,1,1
201700036812,2017-05-25,2017,mai,jeudi,19:20,78,78646,48.79246,2.11812,2,2,3,1,1,3,2,03,2,1,000,000,1,5,1,3,1,51,5,1,2,00,2,1,1,201700036812B01,7,15,1
201700036821,2017-06-21,2017,juin,mercredi,72:7,78,78646,48.80302,2.1268,2,1,3,1,1,3,2,06,1,1,000,000,1,0,1,3,1,50,1,1,9,00,2,8,1,201700036821B01,7,1,1
201700036834,2017-09-12,2017,septembre,mardi,11:00,78,78646,48.80667,2.15561,2,2,3,1,1,4,2,02,1,1,000,000,1,5,1,3,1,13,0,1,9,00,2,1,1,201700036834B01,7,15,1
201700036839,2017-09-25,2017,septembre,lundi,18:05,78,78686,48.80406,2.16889,2,1,3,1,1,3,3,02,1,1,000,000,1,0,5,4,2,52,1,1,2,00,2,1,1,201700036839B01,7,22,1
201700036842,2017-10-10,2017,octobre,mardi,92:0,78,78646,48.8072,2.12858,2,1,7,1,1,3,2,02,1,1,000,000,1,0,1,3,1,78,5,1,9,00,2,0,1,201700036842B01,7,10,1
201700036843,2017-10-11,2017,octobre,mercredi,18:43,78,78646,48.79833,2.15346,2,2,3,2,8,3,2,05,1,1,000,000,1,5,1,3,1,39,1,1,2,00,2,1,1,201700036843B01,7,15,1
201700036854,2017-10-20,2017,octobre,vendredi,75:0,78,78158,48.82523,2.12827,2,6,3,3,2,4,4,00,1,3,000,000,2,0,1,3,2,19,2,1,9,00,2,7,2,201700036854B01,7,9,1
201700036856,2017-01-04,2017,janvier,mercredi,12:05,79,79191,46.32229,-0.47477,2,3,7,1,1,4,2,02,1,1,000,073,1,0,1,1,2,32,3,1,4,00,2,0,19,201700036856A01,31,1,1
201700036856,2017-01-04,2017,janvier,mercredi,12:05,79,79191,46.32229,-0.47477,2,3,7,1,1,4,2,02,1,1,000,073,1,0,1,4,2,4,3,1,3,00,2,0,19,201700036856A01,31,1,1
201700036859,2017-01-30,2017,janvier,lundi,20:30,79,79191,46.31856,-0.46568,2,1,6,5,1,4,2,02,1,1,000,105,1,0,1,4,1,46,0,1,4,01,0,2,1,201700036859B01,7,24,1
201700036867,2017-06-24,2017,juin,samedi,18:15,79,79191,46.33557,-0.45265,2,2,6,1,1,3,3,02,2,1,000,210,1,3,0,3,1,17,5,1,9,00,2,1,1,201700036867A01,7,15,1
201700036869,2017-08-29,2017,août,mardi,22:10,79,79191,46.31967,-0.48599,2,2,3,5,1,4,2,02,1,1,000,100,1,0,1,3,1,29,1,1,4,00,2,1,19,201700036869B01,7,1,1
201700036876,2017-10-07,2017,octobre,samedi,92:0,79,79191,46.31764,-0.41333,2,6,3,1,1,3,2,02,1,1,000,090,1,5,1,3,1,61,5,1,9,00,2,0,21,201700036876B01,7,9,1
201700036882,2017-11-14,2017,novembre,mardi,84:0,79,79191,46.32762,-0.46672,2,1,6,1,1,4,2,02,1,1,000,050,1,0,1,4,2,43,0,1,4,01,0,2,1,201700036882B01,7,24,1
201700036892,2017-05-02,2017,mai,mardi,18:20,79,79329,46.979,-0.20019,2,2,3,1,1,4,2,02,1,1,000,070,1,5,1,4,1,63,0,1,9,00,2,0,1,201700036892B01,7,1,1
201700036898,2017-06-25,2017,juin,dimanche,14:30,79,79329,46.97666,-0.19647,2,1,3,1,1,3,2,02,2,1,000,066,1,0,1,3,1,35,5,1,2,00,2,1,1,201700036898B01,3,9,1
201700036901,2017-08-22,2017,août,mardi,95:5,79,79329,46.97931,-0.19893,2,1,2,1,1,4,2,02,1,1,000,060,1,0,1,4,2,47,0,1,9,00,2,4,23,201700036901A01,7,1,1
201700036932,2017-12-22,2017,décembre,vendredi,19:10,80,80021,49.88865,2.30267,2,2,3,5,1,4,2,02,1,1,000,000,1,0,1,4,2,19,9,1,2,00,2,7,19,201700036932A01,7,1,1
201700036946,2017-02-03,2017,février,vendredi,85:5,80,80021,49.88556,2.28761,2,1,6,1,1,4,2,02,-1,1,000,000,1,0,1,1,1,38,0,1,9,00,9,0,0,201700036946B01,1,0,1
201700036946,2017-02-03,2017,février,vendredi,85:5,80,80021,49.88556,2.28761,2,1,6,1,1,4,2,02,-1,1,000,000,1,0,1,4,2,21,0,1,2,00,9,4,0,201700036946A01,1,0,1
201700036956,2017-03-01,2017,mars,mercredi,18:40,80,80021,49.88861,2.30304,2,1,3,5,1,4,2,02,-1,3,000,000,2,0,1,4,2,28,0,1,9,00,2,0,0,201700036956B01,7,0,1
201700036984,2017-05-05,2017,mai,vendredi,16:40,80,80021,49.89478,2.2933,2,1,6,1,1,4,2,02,1,1,000,000,1,0,4,1,2,41,0,1,2,00,1,0,0,201700036984A01,,,
201700037027,2017-08-29,2017,août,mardi,94:5,80,80021,49.89672,2.30042,2,2,6,1,1,4,2,02,1,1,000,000,1,0,1,4,2,28,0,1,2,00,2,1,19,201700037027B01,7,19,1
201700037034,2017-09-15,2017,septembre,vendredi,22:0,80,80021,49.89027,2.29093,2,1,2,5,2,4,2,06,1,1,000,000,2,0,1,2,1,21,5,1,9,00,2,4,1,201700037034B01,7,1,1
201700037052,2017-10-21,2017,octobre,samedi,19:10,80,80632,49.87421,2.24818,2,1,3,5,2,4,2,02,1,1,000,000,2,0,1,4,1,13,9,1,2,00,2,4,19,201700037052A01,7,1,1
201700037062,2017-11-06,2017,novembre,lundi,16:15,80,80021,49.87721,2.2698,2,2,6,1,1,4,2,02,1,3,000,000,1,0,1,4,1,22,9,1,2,00,2,5,19,201700037062A01,7,16,1
201700037074,2017-11-29,2017,novembre,mercredi,14:00,80,80021,49.89437,2.30944,2,1,6,1,1,4,2,02,1,1,000,000,1,0,1,4,1,17,9,1,2,00,2,8,1,201700037074A01,7,1,1
201700037091,2017-12-14,2017,décembre,jeudi,90:0,80,80021,49.88877,2.29555,2,1,2,1,3,4,2,04,-1,1,000,000,2,0,1,4,1,20,5,1,9,00,2,1,1,201700037091A01,7,1,1
201700037103,2017-02-23,2017,février,jeudi,17:30,81,81004,43.95104,2.1255,2,1,5,1,1,3,2,02,1,1,000,070,1,0,0,4,1,55,0,1,2,00,0,0,0,201700037103D01,7,0/1,3
201700037106,2017-03-16,2017,mars,jeudi,18:05,81,81144,0,0,2,3,3,1,1,4,2,02,1,1,000,000,1,0,1,3,1,48,5,1,2,00,2,8,15,201700037106A01,7,1,1
201700037107,2017-05-09,2017,mai,mardi,10:15,81,81004,43.92488,2.1485,2,1,2,1,1,4,3,04,1,1,000,000,1,0,1,3,2,80,5,1,2,00,2,3,2,201700037107B01,7,17,1
201700037131,2017-08-22,2017,août,mardi,13:35,82,82033,44.05247,1.10109,2,2,3,1,7,3,2,02,1,1,000,105,1,5,1,3,2,47,5,1,2,00,2,3,13,201700037131B01,15,13,1
201700037140,2017-02-11,2017,février,samedi,14:35,82,82121,43.99262,1.35043,2,6,3,1,1,3,2,01,1,1,000,000,1,3,1,4,1,48,5,1,2,00,2,1,1,201700037140B01,7,9,1
201700037143,2017-03-30,2017,mars,jeudi,17:10,82,82121,44.02063,1.37555,2,2,3,1,1,4,2,02,1,1,000,000,1,0,1,4,2,13,2,1,2,00,0,8,19,201700037143A01,7,1,1
201700037158,2017-11-22,2017,novembre,mercredi,75:0,82,82121,44.01097,4.01097,2,3,3,5,1,4,2,02,1,1,000,000,1,0,1,3,1,47,1,1,2,12,2,7,1,201700037158B01,7,15,1
201700037164,2017-02-03,2017,février,vendredi,90:0,83,83050,43.53369,6.46652,2,1,2,1,1,4,2,00,1,1,000,061,1,0,1,3,1,83,5,1,2,00,0,0,0,201700037164B01,7,2,1
201700037179,2017-09-18,2017,septembre,lundi,73:5,83,83050,43.53065,6.50995,1,1,2,1,1,4,2,01,2,2,000,000,1,0,1,3,2,26,5,1,9,00,2,1,2,201700037179A01,7,2,1
201700037182,2017-10-31,2017,octobre,mardi,12:10,83,83050,43.5408,6.4682,2,1,6,1,1,4,2,02,1,1,000,000,1,0,1,4,1,69,5,1,2,00,1,1,1,201700037182A01,,,
201700037182,2017-10-31,2017,octobre,mardi,12:10,83,83050,43.5408,6.4682,2,1,6,1,1,4,2,02,1,1,000,000,1,0,1,1,1,23,4,1,8,00,1,1,1,201700037182A01,,,
201700037186,2017-11-27,2017,novembre,lundi,14:15,83,83061,43.42692,6.71707,1,1,1,1,1,3,2,02,1,-1,000,000,1,0,1,3,1,63,5,1,2,00,2,3,0,201700037186B01,7,15,1
201700037207,2017-10-15,2017,octobre,dimanche,10:49,83,83061,43.44577,6.73727,2,6,3,1,1,3,1,02,1,2,000,000,1,5,1,2,1,57,5,1,2,00,2,2,14,201700037207B01,7,9,1
201700037223,2017-04-18,2017,avril,mardi,11:50,83,83069,43.07441,6.15305,2,3,3,1,1,3,2,02,1,1,000,000,1,0,1,3,1,45,0,1,2,00,2,1,3,201700037223B01,7,15,1
201700037234,2017-06-05,2017,juin,lundi,11:00,83,83069,43.10513,6.17557,1,1,7,1,1,3,-1,02,1,1,000,050,1,0,1,4,1,58,9,1,2,00,9,1,2,201700037234A01,,,
201700037250,2017-07-03,2017,juillet,lundi,17:15,83,83069,43.06491,6.07248,2,1,3,1,1,4,3,01,1,3,058,109,1,0,1,3,2,16,5,1,9,00,2,7,19,201700037250B01,7,9,1
201700037258,2017-07-18,2017,juillet,mardi,95:3,83,83034,43.09243,6.07645,2,1,3,1,7,3,-1,01,1,3,000,084,1,0,1,3,2,58,0,1,9,00,2,2,15,201700037258B01,7,9,1
201700037280,2017-09-28,2017,septembre,jeudi,92:0,83,83069,43.101,6.1708,2,1,2,1,1,4,2,02,1,1,000,070,1,0,1,4,1,72,5,1,2,00,2,1,2,201700037280A01,1,2,1
201700037280,2017-09-28,2017,septembre,jeudi,92:0,83,83069,43.101,6.1708,2,1,2,1,1,4,2,02,1,1,000,070,1,0,1,1,1,64,5,1,2,00,2,4,2,201700037280B01,1,2,1
201700037286,2017-10-18,2017,octobre,mercredi,12:30,83,83069,43.12698,6,1,6,3,1,1,3,1,01,1,3,000,000,1,0,1,4,1,82,0,1,2,00,2,1,1,201700037286B01,7,9,1
201700037289,2017-10-30,2017,octobre,lundi,16:00,83,83069,43.10883,6.08763,1,1,2,1,1,4,-1,00,2,4,000,000,1,0,1,4,2,17,5,1,2,00,2,1,0,201700037289B01,7,23,1
201700037291,2017-11-05,2017,novembre,dimanche,15:50,83,83034,43.10204,6.05702,1,1,3,1,7,4,2,01,1,1,000,000,1,0,5,4,1,56,5,1,2,15,0,1,1,201700037291B01,7,23,1
201700037307,2017-12-07,2017,décembre,jeudi,16:00,83,83034,43.09711,6.0796,2,1,3,1,1,4,-1,02,1,2,010,040,1,5,1,4,2,56,0,1,9,00,2,8,1,201700037307A01,7,16,1
201700037310,2017-12-21,2017,décembre,jeudi,10:00,83,83123,43.12174,5.81935,2,3,3,1,1,3,1,01,1,1,000,000,1,0,1,4,1,24,1,1,2,00,2,7,1,201700037310B01,10,16,1
201700037315,2017-02-02,2017,février,jeudi,95:5,83,83123,43.1177,5.80227,2,1,6,1,1,3,1,02,1,1,000,000,1,0,1,3,1,71,5,1,2,01,0,7,17,201700037315B01,10,24,1
201700037321,2017-03-26,2017,mars,dimanche,11:35,83,83129,43.11301,5.81088,2,1,6,1,1,4,2,02,1,1,000,000,1,0,5,1,1,28,0,1,2,00,1,0,0,201700037321A01,,,
201700037332,2017-06-16,2017,juin,vendredi,19:25,83,83123,43.12304,5.80664,2,3,3,1,1,4,2,01,4,1,000,063,1,0,1,3,1,14,5,1,2,00,2,1,13,201700037332A01,7,1,1
201700037347,2017-08-10,2017,août,jeudi,10:20,83,83129,43.08645,5.80887,1,1,6,1,1,9,2,02,1,1,000,070,1,0,5,4,1,42,5,1,2,00,1,1,1,201700037347B01,1,1,1
201700037347,2017-08-10,2017,août,jeudi,10:20,83,83129,43.08645,5.80887,1,1,6,1,1,9,2,02,1,1,000,070,1,0,5,4,1,59,5,1,2,00,1,1,1,201700037347A01,1,1,1
201700037362,2017-01-10,2017,janvier,mardi,94:0,83,83126,0,0,2,1,3,1,1,3,1,00,1,2,160,088,1,0,1,3,1,84,5,1,4,00,2,8,0,201700037362B01,7,1,1
201700037363,2017-01-10,2017,janvier,mardi,18:15,83,83126,0,0,2,9,3,5,3,3,3,04,1,1,000,075,2,0,1,3,1,14,2,1,9,00,2,7,19,201700037363B01,7,1,1
201700037379,2017-05-26,2017,mai,vendredi,82:9,83,83126,43.10762,5.87736,2,9,3,1,1,3,3,02,1,1,014,029,1,5,1,3,1,77,5,1,2,00,2,8,2,201700037379B01,14,2,1
201700037385,2017-06-18,2017,juin,dimanche,73:1,83,83126,43.08486,5.85916,1,6,1,1,1,3,2,02,1,1,150,031,1,0,1,4,1,58,5,1,2,00,2,5,1,201700037385V01,7,1,1
201700037392,2017-09-13,2017,septembre,mercredi,19:00,83,83126,43.10933,5.85028,2,1,3,1,1,3,2,01,1,3,125,042,1,0,1,3,1,71,5,1,9,00,2,7,19,201700037392B01,7,1,1
201700037422,2017-02-15,2017,février,mercredi,16:50,83,83137,43.12795,5.90655,2,2,3,1,1,4,-1,00,1,1,,,1,5,1,3,1,51,0,1,2,00,2,7,5,201700037422A01,7,1,1
201700037432,2017-03-20,2017,mars,lundi,12:50,83,83098,43.10928,6.00195,1,1,3,1,1,9,2,02,-1,-1,000,020,-1,0,5,4,1,75,0,1,2,14,0,1,0,201700037432B01,20,0,1
201700037449,2017-04-20,2017,avril,jeudi,10:45,83,83137,43.12643,5.91182,1,1,6,1,1,4,-1,01,1,1,000,060,1,0,0,3,1,21,5,1,2,01,0,1,2,201700037449A01,,,
201700037505,2017-07-22,2017,juillet,samedi,19:25,83,83137,43.11215,5.93518,2,1,3,1,1,4,2,02,1,1,000,120,1,0,1,3,2,37,9,1,9,00,2,8,19,201700037505B01,31,17,1
201700037510,2017-08-07,2017,août,lundi,11:00,83,83137,43.15,5.9,2,1,1,1,1,4,2,02,2,4,000,050,1,0,1,2,1,47,5,1,2,00,2,1,13,201700037510B01,7,1,1
201700037516,2017-08-19,2017,août,samedi,16:00,83,83144,43.1418,6.00209,2,3,3,1,1,3,2,02,2,3,000,150,1,5,1,3,1,52,5,1,2,00,2,5,1,201700037516B01,7,16,1
201700037544,2017-10-30,2017,octobre,lundi,17:15,83,83137,43.12297,5.92966,2,1,6,2,1,4,2,02,1,1,000,060,1,0,1,1,1,30,1,1,9,00,1,8,1,201700037544A01,,,
201700037549,2017-11-05,2017,novembre,dimanche,15:30,83,83137,43.13904,5.90245,2,1,3,1,1,4,2,02,1,1,000,050,1,0,1,4,1,13,5,1,2,00,2,1,5,201700037549A01,7,1,1
201700037561,2017-11-28,2017,novembre,mardi,20:50,83,83062,43.14096,6.03005,2,3,3,5,1,4,2,01,1,2,000,030,1,0,1,4,1,45,1,1,2,00,2,3,1,201700037561B01,7,11,1
201700037578,2017-12-18,2017,décembre,lundi,17:40,83,83137,43.12358,5.89571,2,1,1,5,1,4,1,04,1,1,000,100,1,3,1,4,1,21,5,1,2,00,2,1,5,201700037578A01,7,1,1
201700037597,2017-05-13,2017,mai,samedi,15:17,30,30011,43.96066,4.74986,2,6,2,1,1,4,2,02,1,1,030,030,1,0,1,4,1,58,5,1,9,00,2,4,2,201700037597B01,7,2,1
201700037610,2017-07-31,2017,juillet,lundi,55:5,84,84007,43.93817,4.84976,1,1,1,3,1,4,2,02,1,1,000,300,1,0,1,3,1,28,0,1,2,00,2,1,1,201700037610B01,7,17,1
201700037644,2017-07-20,2017,juillet,jeudi,13:25,84,84031,44.02382,5.03677,1,1,2,1,1,3,2,02,1,-1,000,000,1,0,5,3,1,52,5,1,9,01,0,4,24,201700037644B01,7,24,1
201700037657,2017-10-19,2017,octobre,jeudi,17:00,84,84035,43.8246,5.06004,2,1,2,1,1,3,2,02,1,1,000,070,1,0,1,3,1,76,5,1,2,00,2,1,2,201700037657A01,15,23,1
201700037658,2017-11-12,2017,novembre,dimanche,20:50,84,84035,43.855,5.03216,1,1,2,3,2,3,2,01,1,1,000,000,2,0,3,3,1,50,9,1,4,13,2,4,23,201700037658B01,7,1,1
201700037662,2017-02-13,2017,février,lundi,11:30,84,84087,0,0,2,3,3,1,1,4,2,02,1,1,000,000,1,0,1,3,2,69,5,1,9,00,2,3,1,201700037662B01,7,15,1
201700037702,2017-10-07,2017,octobre,samedi,13:00,85,85191,46.66081,-1.4501,2,1,7,1,1,4,2,02,1,1,000,000,1,0,1,3,1,71,0,1,2,00,2,3,13,201700037702B01,7,21,1
201700037712,2017-10-06,2017,octobre,vendredi,75:0,85,85194,46.49977,1.77997,2,2,3,1,1,4,2,02,1,1,000,000,1,0,5,4,1,13,2,1,9,00,2,8,1,201700037712B01,38,16,1
201700037714,2017-10-30,2017,octobre,lundi,18:40,85,85166,46.51318,1.77666,2,2,3,5,1,3,4,00,1,2,000,000,1,0,1,3,1,57,1,1,9,00,2,7,19,201700037714A01,7,1,1
201700037725,2017-01-14,2017,janvier,samedi,10:10,85,85194,46.50027,1.78626,2,1,3,1,1,4,-1,02,-1,-1,000,000,1,5,1,3,1,77,5,1,9,00,2,3,2,201700037725A01,1,16,1
201700037725,2017-01-14,2017,janvier,samedi,10:10,85,85194,46.50027,1.78626,2,1,3,1,1,4,-1,02,-1,-1,000,000,1,5,1,1,1,18,5,1,2,00,2,2,16,201700037725B01,1,2,1
201700037730,2017-04-22,2017,avril,samedi,20:05,85,85194,46.49933,-1.78421,2,6,2,2,1,4,3,01,1,-1,000,060,1,0,1,4,1,19,5,1,4,00,2,4,2,201700037730B01,7,2,1
201700037740,2017-06-16,2017,juin,vendredi,91:5,85,85194,46.5,-1.77968,2,1,6,1,1,4,2,02,1,1,000,000,1,0,1,3,1,60,5,1,2,00,2,8,1,201700037740B01,7,17,1
201700037741,2017-07-06,2017,juillet,jeudi,52:0,85,85060,46.48826,-1.74682,2,1,3,5,1,4,3,02,1,1,000,000,1,0,1,3,1,29,5,1,2,00,2,3,19,201700037741B01,7,1,1
201700037742,2017-05-27,2017,mai,samedi,94:5,85,85194,46.50545,-1.7899,2,6,6,1,1,3,1,01,1,2,070,030,1,0,1,4,2,66,1,1,9,,0,0,0,201700037742A01,7,2,1
201700037743,2017-07-27,2017,juillet,jeudi,11:15,85,85194,46.50089,-1.78556,2,3,3,1,1,4,3,02,1,1,000,000,1,5,5,4,2,29,3,1,9,00,2,7,21,201700037743B01,7,19,1
201700037751,2017-07-30,2017,juillet,dimanche,18:10,85,85194,46.49597,-1.77524,2,1,2,1,1,4,2,00,1,1,000,000,1,0,1,3,1,71,5,1,9,00,2,4,1,201700037751B01,7,4,1
201700037757,2017-10-23,2017,octobre,lundi,16:45,85,85166,46.51668,1.78118,2,2,3,1,1,4,2,02,1,1,000,000,1,0,1,4,1,58,1,1,9,00,2,7,1,201700037757B01,7,9,1
201700037761,2017-10-15,2017,octobre,dimanche,25:,85,85194,46.50092,1.77861,2,1,6,5,1,4,2,02,1,1,000,000,1,0,1,4,1,20,5,1,4,00,2,8,13,201700037761B01,7,17,1
201700037767,2017-02-21,2017,février,mardi,13:40,86,86066,46.83456,0.53145,2,1,2,1,1,3,2,04,1,3,000,000,2,0,1,4,1,47,5,1,2,00,2,4,2,201700037767B01,7,2,1
201700037769,2017-03-04,2017,mars,samedi,18:00,86,86066,46.77767,0.55182,1,1,2,1,1,3,2,02,1,1,000,000,1,0,1,4,1,64,5,1,2,00,2,4,1,201700037769B01,7,2,1
201700037788,2017-06-15,2017,juin,jeudi,11:15,86,86066,46.80765,0.55211,2,2,3,1,1,3,2,02,2,1,000,000,1,0,1,4,2,13,2,1,2,00,2,6,15,201700037788B01,31,1,1
201700037790,2017-06-19,2017,juin,lundi,21:15,86,86066,46.81762,0.54594,2,1,6,2,1,4,1,01,1,1,000,000,1,0,0,3,1,23,5,1,2,09,0,1,1,201700037790A01,,,
201700037798,2017-11-09,2017,novembre,jeudi,92:5,86,86066,46.81252,0.53051,2,6,3,1,2,4,2,02,1,1,000,000,2,0,1,3,1,76,5,1,2,00,2,2,19,201700037798B01,7,9,1
201700037832,2017-02-21,2017,février,mardi,18:00,86,86194,46.57434,0.36172,2,2,3,1,2,4,2,02,1,3,000,060,2,0,1,4,2,31,0,1,4,00,2,1,1,201700037832B01,7,9,1
201700037869,2017-04-13,2017,avril,jeudi,12:30,86,86194,46.5846,0.37478,2,1,6,1,1,3,2,02,1,1,000,060,1,0,0,4,1,63,0,1,2,00,1,2,1,201700037869A01,,,