Num_Acc,date,an,mois,jour,hrmn,dep,com,lat,long,agg,int,col,lum,atm,catr,circ,nbv,prof,plan,lartpc,larrout,surf,infra,situ,grav,sexe,age,trajet,secuexist,equipement,obs,obsm,choc,manv,vehiculeid,typevehicules,manoeuvehicules,numVehicules
201700037871,2017-04-14,2017,avril,vendredi,19:00,86,86194,46.57277,0.3275,2,1,1,1,1,4,2,04,1,1,000,120,1,0,1,4,1,55,0,1,2,00,2,1,1,201700037871B01,7,15,1
201700037878,2017-04-28,2017,avril,vendredi,40:0,86,86194,46.5782,0.35063,2,2,3,5,1,4,2,04,1,1,000,170,1,0,1,4,1,23,0,1,9,00,2,1,1,201700037878B01,7,1,1
201700037878,2017-04-28,2017,avril,vendredi,40:0,86,86194,46.5782,0.35063,2,2,3,5,1,4,2,04,1,1,000,170,1,0,1,4,2,23,0,1,9,00,2,1,1,201700037878B01,7,1,1
201700037890,2017-05-25,2017,mai,jeudi,13:50,86,86194,46.58759,0.34888,2,3,3,1,1,4,2,02,2,1,000,060,1,0,1,4,2,87,0,1,2,00,2,1,1,201700037890B01,7,16,1
201700037897,2017-06-06,2017,juin,mardi,1:,86,86194,46.577,0.35235,2,1,4,5,2,4,2,02,1,1,000,070,2,0,1,4,2,14,5,1,9,00,2,4,2,201700037897B01,7,17,1
201700037897,2017-06-06,2017,juin,mardi,1:,86,86194,46.577,0.35235,2,1,4,5,2,4,2,02,1,1,000,070,2,0,1,3,1,14,5,1,9,00,2,4,2,201700037897C01,7,17,1
201700037901,2017-06-15,2017,juin,jeudi,84:0,86,86194,46.57377,0.37144,2,1,2,1,1,3,1,04,1,1,000,090,1,0,1,4,1,56,9,1,2,00,2,4,1,201700037901B01,7,12,1
201700037927,2017-07-30,2017,juillet,dimanche,22:50,86,86194,46.57694,0.34694,2,1,3,5,1,4,2,02,1,1,000,060,1,0,1,3,2,53,1,1,9,00,2,8,15,201700037927B01,7,1,1
201700037965,2017-10-05,2017,octobre,jeudi,13:00,86,86194,46.57254,0.35902,2,3,3,1,1,3,2,02,1,1,000,050,1,0,1,3,2,22,2,1,9,00,2,1,9,201700037965A01,7,16,1
201700037971,2017-10-18,2017,octobre,mercredi,18:25,86,86194,46.56863,0.37372,2,1,6,1,1,4,2,02,1,1,000,090,1,0,1,1,1,23,1,1,9,00,1,3,1,201700037971A01,,,
201700037973,2017-10-02,2017,octobre,lundi,84:0,86,86194,46.58361,0.36,2,1,6,1,1,4,1,01,2,1,000,000,2,0,1,4,1,18,2,1,9,01,0,2,17,201700037973A01,,,
201700037984,2017-11-06,2017,novembre,lundi,74:5,86,86194,46.56062,0.37177,2,6,3,1,1,4,2,02,1,2,000,060,1,0,1,4,2,29,1,1,9,00,2,7,1,201700037984B01,7,9,1
201700038004,2017-12-13,2017,décembre,mercredi,17:55,86,86194,46.56973,0.37995,2,6,3,5,2,4,2,02,1,3,000,060,2,0,1,3,2,35,2,1,9,00,2,3,1,201700038004B01,7,9,1
201700038035,2017-01-23,2017,janvier,lundi,19:22,87,87085,45.8144,1.24194,2,2,3,2,1,4,2,02,1,1,000,060,1,0,1,4,1,19,2,1,9,00,2,5,1,201700038035B01,7,9,1
201700038083,2017-03-14,2017,mars,mardi,10:18,87,87085,45.8138,1.28194,2,1,3,1,1,4,1,01,1,2,000,030,1,0,1,4,2,19,1,1,9,00,2,8,16,201700038083B01,7,16,1
201700038135,2017-06-01,2017,juin,jeudi,23:29,87,87085,45.826,1.26801,2,2,3,5,1,3,2,05,1,1,000,150,1,0,1,3,1,32,5,1,2,00,2,1,1,201700038135B01,7,15,1
201700038170,2017-07-25,2017,juillet,mardi,14:58,87,87075,45.809,1.22592,2,1,6,1,1,4,2,02,1,1,000,060,1,0,1,3,1,64,5,1,9,01,0,1,14,201700038170A01,,,
201700038182,2017-08-07,2017,août,lundi,93:9,87,87085,45.8188,1.25205,2,2,3,1,1,4,3,05,2,3,000,150,1,0,1,4,1,71,5,1,2,00,2,8,1,201700038182B01,7,15,1
201700038190,2017-08-17,2017,août,jeudi,18:26,87,87085,45.8376,1.24,2,1,6,1,1,4,3,05,1,1,000,130,1,0,1,4,1,46,5,1,2,00,2,2,12,201700038190B01,33,11,1
201700038191,2017-08-19,2017,août,samedi,16:12,87,87085,45.9129,1.30257,2,1,6,1,1,4,2,02,-1,1,000,060,1,0,1,3,1,9,5,1,2,00,2,2,19,201700038191A01,7,1,1
201700038233,2017-10-03,2017,octobre,mardi,17:42,87,87085,45.8292,1.27812,2,3,7,1,1,4,2,02,1,1,000,060,1,0,1,4,1,73,5,1,9,00,0,0,9,201700038233A01,7,9,1
201700038234,2017-10-16,2017,octobre,lundi,81:6,87,87085,45.8236,1.24053,2,3,3,2,1,4,2,02,1,1,000,060,1,0,1,4,1,35,1,1,9,00,2,1,1,201700038234B01,7,15,1
201700038277,2017-11-20,2017,novembre,lundi,18:42,87,87085,45.8088,1.25971,2,1,6,5,1,4,2,01,-1,-1,000,020,1,1,5,4,2,63,1,1,2,00,2,3,0,201700038277A01,1,1,1
201700038277,2017-11-20,2017,novembre,lundi,18:42,87,87085,45.8088,1.25971,2,1,6,5,1,4,2,01,-1,-1,000,020,1,1,5,1,1,51,1,1,2,00,2,3,1,201700038277B01,1,0,1
201700038334,2017-06-07,2017,juin,mercredi,18:20,88,88413,48.29024,6.96318,2,1,7,1,1,4,2,02,2,4,000,046,1,0,1,2,1,50,5,1,2,06,0,3,13,201700038334A01,,,
201700038335,2017-06-16,2017,juin,vendredi,20:00,88,88413,48.28436,6.95293,2,1,3,1,1,4,2,02,1,1,000,050,1,0,1,4,2,28,5,1,9,00,2,4,13,201700038335B01,7,2,1
201700038336,2017-06-28,2017,juin,mercredi,15:15,88,88413,48.28422,6.95643,2,2,6,1,1,4,2,02,1,1,000,065,1,0,1,3,1,18,5,1,2,00,2,4,16,201700038336B01,7,15,1
201700038343,2017-08-23,2017,août,mercredi,14:05,88,88413,48.28483,6.95631,2,1,7,1,1,4,2,02,1,1,000,000,1,0,1,4,1,15,5,1,2,00,0,7,0,201700038343A01,,,
201700038348,2017-10-09,2017,octobre,lundi,90:0,88,88413,48.29383,6.93463,2,6,3,1,1,4,1,01,1,3,000,000,1,5,1,3,1,58,5,1,2,00,2,7,1,201700038348B01,7,9,1
201700038349,2017-11-07,2017,novembre,mardi,21:20,88,88413,48.28341,6.95734,2,3,3,5,2,4,2,01,1,1,000,064,2,0,1,3,1,40,5,1,9,00,2,0,16,201700038349B01,7,15,1
201700038355,2017-01-13,2017,janvier,vendredi,18:10,89,89024,47.808,3.56438,2,3,3,5,2,3,2,03,2,1,000,000,2,0,1,3,1,20,1,1,2,00,2,1,1,201700038355B01,7,15,1
201700038378,2017-03-07,2017,mars,mardi,14:00,89,89387,48.2068,3.29982,1,1,3,1,1,3,2,01,1,-1,000,000,1,0,1,4,1,13,2,1,2,00,2,5,13,201700038378B01,7,17,1
201700038382,2017-04-12,2017,avril,mercredi,94:0,89,89387,48.19571,3.28324,2,1,2,1,1,4,1,01,1,1,000,055,1,0,1,4,1,60,0,1,2,00,2,1,1,201700038382A01,7,23,1
201700038389,2017-06-10,2017,juin,samedi,15:05,89,89287,48.19545,3.26212,2,2,1,1,1,3,2,02,2,3,000,069,1,5,1,2,1,50,5,1,2,00,2,1,1,201700038389A01,7,15,1
201700038401,2017-10-27,2017,octobre,vendredi,85:0,89,89387,48.19219,3.29952,2,1,3,1,1,4,-1,02,1,3,000,060,1,0,1,3,1,64,5,1,2,00,2,7,12,201700038401A01,7,1,1
201700038406,2017-02-09,2017,février,jeudi,18:41,90,90010,0,0,2,1,1,4,1,3,2,02,1,1,000,000,1,5,1,3,1,7,0,1,4,00,2,7,1,201700038406B01,7,15,1
201700038415,2017-06-16,2017,juin,vendredi,12:23,90,90010,47,6,2,1,3,1,1,4,1,02,1,-1,000,000,1,0,5,4,1,56,0,1,2,00,2,1,1,201700038415B01,7,16,1
201700038418,2017-07-13,2017,juillet,jeudi,12:55,90,90032,47.61,6.86,2,1,1,1,1,6,-1,01,1,1,000,041,1,0,0,3,1,9,5,1,2,00,2,1,1,201700038418M01,7,15,1
201700038421,2017-09-25,2017,septembre,lundi,70:6,90,90010,47.63027,6.8655,2,3,6,5,1,4,-1,03,2,1,000,120,1,0,1,4,1,49,1,1,2,00,2,4,1,201700038421B01,7,0,1
201700038441,2017-03-02,2017,mars,jeudi,10:15,91,91552,48.5967,2.25017,1,1,3,1,1,4,2,02,1,3,000,000,1,0,1,4,1,59,9,1,2,00,2,8,1,201700038441A01,7,0,1
201700038468,2017-05-05,2017,mai,vendredi,23:10,91,91347,48.62979,2.28959,2,3,3,5,1,4,2,02,1,1,000,000,1,0,1,4,2,18,5,1,2,00,2,7,1,201700038468A01,7,1,1
201700038499,2017-07-03,2017,juillet,lundi,16:36,91,91552,48.59668,2.25015,2,1,7,1,1,4,2,02,1,3,000,000,1,0,0,4,1,16,5,1,9,00,0,0,1,201700038499A01,,,
201700038540,2017-10-25,2017,octobre,mercredi,16:10,91,91103,48.60788,2.0309,2,1,3,1,1,4,2,02,1,1,000,000,1,0,1,4,1,18,9,1,9,00,2,1,19,201700038540A01,7,19,1
201700038540,2017-10-25,2017,octobre,mercredi,16:10,91,91103,48.60788,2.0309,2,1,3,1,1,4,2,02,1,1,000,000,1,0,1,1,1,16,9,1,9,00,2,1,19,201700038540A01,7,19,1
201700038551,2017-11-17,2017,novembre,vendredi,12:00,91,91103,48.60914,2.32009,2,3,3,1,1,3,2,02,1,1,000,000,1,0,1,4,2,62,9,1,2,00,2,1,1,201700038551A01,7,1,1
201700038561,2017-12-18,2017,décembre,lundi,11:50,91,91103,48.59043,2.30154,2,6,3,1,1,4,2,02,1,1,000,000,1,0,1,4,1,20,1,1,2,00,2,7,1,201700038561B01,7,9,1
201700038597,2017-07-06,2017,juillet,jeudi,14:05,91,91514,48.67787,2.53789,2,3,3,1,1,4,2,02,2,1,150,150,1,0,1,4,1,20,5,1,9,00,2,1,1,201700038597A01,7,1,1
201700038619,2017-11-22,2017,novembre,mercredi,13:20,91,91215,48.6968,2.5339,2,2,3,1,1,3,2,04,1,1,000,070,1,0,0,4,1,11,9,1,2,00,2,1,19,201700038619B01,7,1,1
201700038626,2017-12-23,2017,décembre,samedi,15:00,91,91514,48.67807,2.52706,2,6,2,1,2,3,1,01,1,3,000,070,2,5,1,4,1,28,9,1,9,00,2,4,1,201700038626B01,35,9,1
201700038771,2017-10-31,2017,octobre,mardi,11:50,91,91223,48.43703,2.16343,2,6,2,1,1,3,1,01,2,2,000,000,1,5,1,4,1,19,9,1,9,00,2,4,2,201700038771A01,7,1,1
201700038772,2017-10-31,2017,octobre,mardi,19:15,91,91223,48.4388,2.14218,2,1,7,2,1,4,2,02,1,1,000,000,1,0,1,4,1,56,9,1,9,00,0,0,0,201700038772A01,,,
201700038797,2017-03-17,2017,mars,vendredi,16:30,91,91228,48.63554,2.45383,2,3,3,1,1,4,2,02,1,1,000,000,1,0,1,3,1,74,5,1,2,00,2,1,16,201700038797B01,7,1,1
201700038842,2017-12-01,2017,décembre,vendredi,11:20,91,91687,48.64778,2.36705,2,6,3,1,2,3,1,02,1,2,000,000,2,5,1,4,1,46,9,1,2,00,2,1,15,201700038842B01,7,9,1
201700038846,2017-12-14,2017,décembre,jeudi,14:20,91,91326,48.68465,2.38917,2,3,1,1,8,3,2,02,1,2,000,020,2,5,1,3,1,37,5,1,2,00,2,1,15,201700038846B01,7,9,1
201700038848,2017-12-18,2017,décembre,lundi,19:25,91,91286,48.64875,2.37745,2,1,5,5,1,3,3,02,1,1,000,000,1,0,1,4,1,39,5,1,9,00,2,6,19,201700038848C01,7,1,1
201700038848,2017-12-18,2017,décembre,lundi,19:25,91,91286,48.64875,2.37745,2,1,5,5,1,3,3,02,1,1,000,000,1,0,1,4,2,7,5,1,9,00,2,8,19,201700038848B01,7,1,1
201700038877,2017-03-14,2017,mars,mardi,81:5,91,91377,48.72542,2.26164,2,1,2,1,1,4,2,02,1,1,000,000,1,0,1,4,1,45,4,1,2,00,2,4,2,201700038877B01,7,1,1
201700038880,2017-04-10,2017,avril,lundi,12:50,91,91377,48.72766,2.28112,2,1,6,1,1,4,2,02,1,1,000,000,1,0,1,1,1,35,9,1,2,00,1,1,1,201700038880A01,,,
201700038898,2017-07-03,2017,juillet,lundi,17:15,91,91377,48.73105,2.29058,2,3,2,1,1,4,2,02,1,1,000,000,1,5,1,4,1,50,9,1,2,00,2,1,1,201700038898B01,7,1,1
201700038899,2017-10-10,2017,octobre,mardi,20:41,91,91377,48.7377,2.2726,2,6,3,5,1,3,1,03,1,2,000,000,1,0,1,3,1,71,5,1,9,00,2,1,1,201700038899B01,7,9,1
201700038924,2017-04-03,2017,avril,lundi,92:0,91,91421,48.69521,2.4524,2,1,2,1,1,3,2,02,1,1,000,110,1,0,1,4,2,67,5,1,2,00,2,4,2,201700038924B01,10,1,1
201700038926,2017-05-04,2017,mai,jeudi,80:0,91,91421,48.70405,2.44425,2,1,1,1,1,4,2,02,1,1,000,000,1,0,1,4,1,13,9,1,2,00,2,1,19,201700038926B01,3,1,1
201700038930,2017-04-18,2017,avril,mardi,90:5,91,91421,48.69787,2.46538,2,1,1,1,1,4,1,01,1,1,000,000,1,0,1,4,1,12,9,1,9,00,2,1,1,201700038930B01,7,1,1
201700038945,2017-07-10,2017,juillet,lundi,16:30,91,91421,48.70223,2.45489,2,4,3,1,1,4,2,02,1,1,000,060,1,0,1,2,1,17,9,1,2,00,2,1,1,201700038945B01,7,1,1
201700038949,2017-08-03,2017,août,jeudi,10:15,91,91691,48.6992,2.48653,2,2,3,1,1,4,2,02,1,1,000,060,1,0,1,3,1,40,4,1,2,00,2,8,19,201700038949B01,13,16,1
201700038961,2017-09-20,2017,septembre,mercredi,75:5,91,91691,48.69445,2.48287,2,6,3,1,1,4,2,02,1,1,000,000,1,0,1,4,1,51,9,1,2,00,2,7,1,201700038961B01,7,9,1
201700038965,2017-10-03,2017,octobre,mardi,20:20,91,91421,48.71373,2.44837,2,1,3,5,1,3,2,02,1,1,000,100,1,2,1,2,1,48,5,1,2,00,2,7,19,201700038965B01,7,1,1
201700039008,2017-02-22,2017,février,mercredi,16:15,91,91064,48.76533,2.22816,2,1,3,1,1,3,2,02,1,1,000,000,1,0,1,3,1,69,9,1,9,00,2,8,1,201700039008B01,7,17,1
201700039009,2017-12-13,2017,décembre,mercredi,74:0,91,91645,48.73616,2.23834,2,1,3,3,2,3,1,00,1,2,000,000,2,0,0,4,1,41,0,1,2,00,2,6,15,201700039009B01,10,14,1
201700039027,2017-05-11,2017,mai,jeudi,65:5,91,91471,48.71513,2.17988,2,1,1,2,1,3,2,02,1,1,000,000,1,0,1,4,1,27,9,1,2,00,2,1,1,201700039027B01,14,13,1
201700039032,2017-05-30,2017,mai,mardi,74:0,91,91477,48.71062,2.2441,2,2,3,1,1,3,2,02,4,1,001,001,1,0,1,3,1,43,1,1,2,00,2,1,1,201700039032B01,7,15,1
201700039035,2017-05-20,2017,mai,samedi,15:10,91,91692,48.67735,2.17308,2,1,6,1,1,4,2,02,1,1,000,000,1,0,1,4,1,63,5,1,2,00,1,1,1,201700039035A01,,,
201700039038,2017-06-08,2017,juin,jeudi,17:28,91,91477,48.72144,2.24827,2,9,3,1,1,3,2,03,1,1,000,000,1,0,5,4,2,20,9,1,9,00,2,8,16,201700039038B01,7,16,1
201700039055,2017-08-17,2017,août,jeudi,14:15,91,91692,48.67779,2.17103,2,1,3,1,1,4,2,02,1,1,000,070,1,0,1,4,2,46,9,1,9,00,2,8,19,201700039055A01,7,1,1
201700039066,2017-10-17,2017,octobre,mardi,17:30,91,91692,48.68028,2.17074,2,1,1,1,1,4,1,01,1,2,000,030,1,0,1,3,1,11,5,1,2,00,2,1,5,201700039066A01,7,5,1
201700039077,2017-01-18,2017,janvier,mercredi,80:0,91,91549,48.64079,2.3259,2,6,3,2,1,4,2,02,1,1,000,000,1,0,1,4,1,16,9,1,2,00,2,8,1,201700039077B01,7,1,1
201700039086,2017-04-14,2017,avril,vendredi,12:00,91,91549,48.6241,2.33796,2,3,1,1,1,4,3,02,1,3,000,000,1,0,1,4,1,17,5,1,2,00,2,1,15,201700039086B01,7,1,1
201700039125,2017-07-08,2017,juillet,samedi,20:20,91,91432,48.70131,2.32337,2,1,6,1,1,4,2,02,1,1,000,000,1,0,4,1,2,22,5,1,2,00,1,1,1,201700039125A01,,,
201700039139,2017-12-14,2017,décembre,jeudi,80:0,91,91589,48.68883,2.35455,2,2,3,2,8,4,3,02,1,1,000,023,1,0,1,3,1,40,1,1,2,00,2,1,19,201700039139A01,7,19,1
201700039146,2017-06-02,2017,juin,vendredi,16:40,92,92002,48.75122,2.30056,2,1,2,1,1,4,1,01,1,1,000,000,1,0,1,4,2,52,9,1,9,00,2,4,2,201700039146B01,7,2,1
201700039156,2017-08-16,2017,août,mercredi,12:45,92,92002,0,0,2,2,6,1,1,3,3,02,1,1,000,151,1,5,1,4,1,47,5,1,9,00,2,8,19,201700039156B01,7,15,1
201700039156,2017-08-16,2017,août,mercredi,12:45,92,92002,0,0,2,2,6,1,1,3,3,02,1,1,000,151,1,5,1,4,2,13,5,1,9,00,2,8,19,201700039156C01,7,15,1
201700039158,2017-08-26,2017,août,samedi,19:30,92,92002,0,0,2,3,6,1,1,4,2,02,2,1,000,063,1,0,1,4,1,5,5,1,2,00,2,1,19,201700039158B01,7,1,1
201700039171,2017-10-09,2017,octobre,lundi,94:0,92,92002,48.75456,2.30061,2,3,6,1,1,4,3,02,1,1,000,120,1,0,1,4,2,14,2,1,2,00,2,8,9,201700039171B01,7,1,1
201700039175,2017-06-19,2017,juin,lundi,11:30,92,92014,48.78316,2.31515,2,2,3,1,1,3,1,02,1,1,000,000,1,0,1,4,1,43,9,1,2,00,2,1,1,201700039175B01,7,16,1
201700039178,2017-11-24,2017,novembre,vendredi,90:0,92,92002,48.76889,2.32112,2,1,3,1,2,3,2,02,1,1,000,059,2,0,1,4,1,51,1,1,2,00,2,1,1,201700039178B01,7,16,1
201700039191,2017-12-28,2017,décembre,jeudi,13:30,92,92002,48.75135,2.30456,2,2,3,1,1,3,3,04,1,1,000,136,1,0,1,4,1,44,5,1,9,00,2,1,1,201700039191B01,7,10,1
201700039194,2017-01-24,2017,janvier,mardi,16:10,92,92014,0,0,2,2,6,1,1,3,1,02,2,1,000,000,2,0,1,3,2,77,5,1,9,00,2,0,0,201700039194B01,17,1,1
201700039200,2017-03-09,2017,mars,jeudi,18:00,92,92002,0,0,2,3,3,1,1,3,2,04,2,1,000,000,1,0,1,4,2,47,5,1,2,00,2,0,1,201700039200B01,7,1,1
201700039205,2017-04-26,2017,avril,mercredi,82:5,92,92002,0,0,2,1,3,1,1,3,3,04,1,1,000,000,1,0,5,4,1,17,2,1,2,00,2,1,1,201700039205B01,7,9,1
201700039211,2017-05-19,2017,mai,vendredi,18:05,92,92002,0,0,2,3,6,1,1,3,2,02,1,1,000,000,1,0,1,4,2,77,9,1,9,00,2,1,15,201700039211A01,7,1,1
201700039215,2017-01-16,2017,janvier,lundi,80:5,92,92004,0,0,2,3,3,5,1,3,2,02,1,1,000,000,1,0,1,4,1,30,0,1,2,00,2,1,1,201700039215B01,7,16,1
201700039236,2017-11-22,2017,novembre,mercredi,17:05,92,92004,0,0,2,1,6,1,1,4,1,02,1,1,000,000,1,0,1,4,2,55,5,1,2,00,0,0,1,201700039236A01,7,0,1
201700039242,2017-03-07,2017,mars,mardi,90:0,92,92004,0,0,2,3,1,1,2,4,2,02,1,1,000,000,2,0,1,4,1,16,5,1,2,00,2,1,15,201700039242B01,7,1,1
201700039246,2017-03-10,2017,mars,vendredi,14:00,92,92004,0,0,2,2,3,1,1,4,1,01,1,1,000,000,1,0,1,4,1,13,5,1,2,00,2,1,1,201700039246B01,10,1,1
201700039254,2017-12-04,2017,décembre,lundi,18:30,92,92004,48.91184,2.29983,2,1,3,5,1,3,2,02,1,1,000,000,1,0,1,4,1,35,9,1,2,00,2,1,1,201700039254B01,7,15,1
201700039271,2017-04-20,2017,avril,jeudi,84:0,92,92004,0,0,2,2,1,1,1,3,2,02,1,1,000,000,1,0,1,4,2,37,4,1,9,00,2,1,15,201700039271A01,33,1,1
201700039278,2017-05-09,2017,mai,mardi,93:0,92,92004,0,0,2,1,2,1,1,3,2,02,1,1,000,000,1,0,1,4,2,26,0,1,4,00,0,4,12,201700039278B01,7,2,1
201700039313,2017-09-04,2017,septembre,lundi,19:35,92,92004,0,0,2,1,6,1,1,4,1,01,1,1,000,000,1,0,1,1,1,47,1,1,9,00,1,1,1,201700039313A01,,,
201700039335,2017-11-20,2017,novembre,lundi,82:5,92,92004,48.90763,2.28348,2,2,3,2,1,3,2,02,1,1,000,000,1,0,1,4,1,35,1,1,2,00,2,1,1,201700039335B01,7,15,1
201700039337,2017-07-17,2017,juillet,lundi,10:30,92,92004,48.92456,2.27741,2,2,3,1,1,4,2,02,1,1,000,000,1,0,1,4,1,69,5,1,2,00,2,1,1,201700039337B01,7,1,1
201700039359,2017-04-27,2017,avril,jeudi,18:20,92,92007,0,0,2,1,6,1,1,4,1,01,1,1,000,055,1,0,1,4,1,45,9,1,2,00,2,1,1,201700039359B01,7,4,1
201700039359,2017-04-27,2017,avril,jeudi,18:20,92,92007,0,0,2,1,6,1,1,4,1,01,1,1,000,055,1,0,1,3,2,3,9,1,2,00,2,1,1,201700039359B01,7,4,1
201700039428,2017-02-09,2017,février,jeudi,10:05,92,92012,48.82808,2.2411,2,5,3,1,4,4,2,00,1,1,000,000,-1,0,1,4,1,19,0,1,9,00,2,0,5,201700039428A01,7,1,1
201700039430,2017-02-10,2017,février,vendredi,19:10,92,92012,0,0,2,1,3,5,1,4,2,00,1,1,000,000,1,0,1,4,1,51,1,1,9,00,2,0,1,201700039430B01,7,16,1
201700039434,2017-02-17,2017,février,vendredi,15:00,92,92012,0,0,2,1,3,1,1,3,2,00,1,1,000,000,1,0,1,4,2,28,5,1,2,00,2,0,10,201700039434A01,34,1,1
201700039448,2017-03-14,2017,mars,mardi,71:5,92,92012,0,0,2,1,3,2,1,3,2,00,1,1,000,000,1,0,1,4,2,34,1,1,2,00,2,0,1,201700039448B01,7,15,1
201700039451,2017-03-17,2017,mars,vendredi,85:5,92,92012,0,0,2,1,3,1,1,4,-1,00,1,1,000,000,1,2,1,4,1,18,2,1,1,00,2,0,0,201700039451B01,13,1,1
201700039482,2017-05-14,2017,mai,dimanche,13:15,92,92012,0,0,2,1,3,1,1,3,2,00,1,1,000,000,1,0,1,4,1,20,5,1,2,00,2,1,1,201700039482B01,7,22,1
201700039539,2017-09-11,2017,septembre,lundi,18:55,92,92012,48.83158,2.22525,2,1,3,1,1,3,1,01,1,1,000,000,1,0,5,4,1,44,1,1,9,01,0,7,1,201700039539B01,7,22,1
201700039549,2017-10-04,2017,octobre,mercredi,20:15,92,92012,48.84096,2.22573,2,1,3,5,1,3,2,00,1,1,000,000,1,0,1,3,1,59,4,1,9,00,2,7,1,201700039549B01,7,1,1
201700039566,2017-11-04,2017,novembre,samedi,16:00,92,92012,0,0,2,1,3,1,2,4,2,00,1,1,000,000,2,0,1,3,2,23,5,1,9,00,2,3,1,201700039566B01,10,20,1
201700039603,2017-04-23,2017,avril,dimanche,18:00,92,92071,0,0,2,1,3,1,1,3,2,02,1,1,000,080,1,0,1,4,1,40,5,1,2,00,2,7,17,201700039603A01,7,1,1
201700039609,2017-06-24,2017,juin,samedi,10:50,92,92019,0,0,2,2,3,1,1,3,2,02,1,1,000,100,1,0,1,4,2,12,5,1,2,00,2,6,19,201700039609B01,7,15,1
201700039615,2017-07-30,2017,juillet,dimanche,11:40,92,92071,0,0,2,1,5,1,1,4,2,02,2,1,000,000,1,0,1,4,2,53,5,1,2,01,0,1,1,201700039615B01,7,22/1,2
201700039616,2017-08-01,2017,août,mardi,18:00,92,92032,0,0,2,2,1,1,1,4,2,02,1,1,000,060,1,0,1,3,1,17,5,1,2,00,2,1,15,201700039616B01,7,1,1
201700039649,2017-08-06,2017,août,dimanche,15:00,92,92019,48.79742,2.25293,2,2,2,1,1,3,3,02,2,1,000,150,1,0,0,4,1,53,5,1,2,00,2,4,17,201700039649B01,33,2,1
201700039667,2017-09-28,2017,septembre,jeudi,19:40,92,92019,48.79935,2.2538,2,1,3,2,1,4,3,02,3,1,000,000,1,0,1,4,1,21,1,1,4,00,2,1,1,201700039667B01,7,2,1
201700039671,2017-10-30,2017,octobre,lundi,12:50,92,92019,48.81161,2.27518,2,2,3,1,1,4,2,02,1,1,000,000,1,0,1,4,1,17,5,1,4,00,2,1,1,201700039671A01,7,1,1
201700039728,2017-03-14,2017,mars,mardi,18:20,92,92023,0,0,2,2,6,1,1,4,-1,02,1,1,000,000,1,0,1,4,1,66,0,1,9,00,2,8,1,201700039728B01,7,15,1
201700039732,2017-04-03,2017,avril,lundi,18:10,92,92023,0,0,2,4,3,1,1,2,1,02,-1,1,000,000,1,0,1,4,1,61,1,1,2,00,2,8,1,201700039732B01,10,16,1
201700039745,2017-05-31,2017,mai,mercredi,20:10,92,92060,0,0,2,1,6,1,1,4,2,02,1,1,000,000,1,0,1,4,1,33,0,1,2,00,2,1,1,201700039745B01,10,15,1
201700039753,2017-04-10,2017,avril,lundi,12:10,92,92024,48.90709,2.30065,2,3,3,1,1,3,1,03,1,1,000,000,1,0,1,4,1,65,3,1,2,00,2,8,15,201700039753A01,7,1,1
201700039763,2017-04-27,2017,avril,jeudi,18:00,92,92024,48.90026,2.30823,2,3,3,1,1,3,1,03,1,1,000,000,1,0,1,4,2,42,1,1,2,00,2,4,13,201700039763A01,33,1,1
201700039782,2017-12-19,2017,décembre,mardi,19:34,92,92024,48.90504,2.3008,2,2,3,5,1,4,1,01,1,1,000,000,1,0,1,3,2,56,9,1,2,00,2,1,5,201700039782B01,7,15,1
201700039783,2017-05-22,2017,mai,lundi,85:5,92,92024,48.90386,2.31191,2,3,3,1,1,3,2,02,1,1,000,000,1,0,1,4,1,42,1,1,2,00,2,1,1,201700039783B01,14,16,1
201700039793,2017-06-18,2017,juin,dimanche,18:45,92,92024,48.89794,2.3116,2,2,3,1,1,3,1,01,1,1,000,000,1,0,0,4,1,35,9,1,2,00,2,8,19,201700039793B01,30,1,1
201700039795,2017-06-21,2017,juin,mercredi,21:20,92,92024,48.90299,2.31279,2,6,3,1,1,3,2,02,-1,1,000,000,1,0,0,4,2,37,1,1,2,00,2,1,1,201700039795B01,7,9,1
201700039806,2017-07-25,2017,juillet,mardi,10:25,92,92024,48.90299,2.31279,2,6,3,1,1,3,2,02,1,1,000,000,1,0,0,4,2,60,0,1,2,00,2,4,1,201700039806B01,7,9,1
201700039860,2017-02-04,2017,février,samedi,94:3,92,92025,0,0,2,1,3,1,1,4,-1,01,-1,-1,000,000,-1,0,0,3,2,56,1,1,2,00,2,8,19,201700039860B01,7,1,1
201700039876,2017-03-02,2017,mars,jeudi,90:0,92,92025,0,0,2,1,6,1,1,3,-1,01,-1,-1,000,000,-1,0,0,1,1,36,2,1,9,00,2,6,9,201700039876B01,,,
201700039876,2017-03-02,2017,mars,jeudi,90:0,92,92025,0,0,2,1,6,1,1,3,-1,01,-1,-1,000,000,-1,0,0,4,2,4,2,1,9,00,2,6,9,201700039876B01,,,
201700039885,2017-03-30,2017,mars,jeudi,18:55,92,92025,0,0,2,3,6,1,1,3,2,00,1,-1,000,000,1,0,1,4,1,80,0,1,2,00,2,1,0,201700039885A01,32,0,1
201700039887,2017-04-03,2017,avril,lundi,18:15,92,92025,0,0,2,1,6,1,1,3,2,00,1,1,000,000,1,0,1,1,1,17,5,1,2,00,1,1,0,201700039887A01,,,