Num_Acc,date,an,mois,jour,hrmn,dep,com,lat,long,agg,int,col,lum,atm,catr,circ,nbv,prof,plan,lartpc,larrout,surf,infra,situ,grav,sexe,age,trajet,secuexist,equipement,obs,obsm,choc,manv,vehiculeid,typevehicules,manoeuvehicules,numVehicules
201700039889,2017-04-06,2017,avril,jeudi,16:20,92,92025,0,0,2,1,3,1,1,3,2,00,1,1,000,000,1,0,1,4,1,67,0,1,2,00,2,1,10,201700039889B01,7,2,1
201700039891,2017-04-20,2017,avril,jeudi,91:9,92,92025,0,0,2,1,6,1,1,4,-1,01,1,-1,000,000,1,6,0,4,2,33,1,1,2,09,0,1,0,201700039891A01,,,
201700039896,2017-04-28,2017,avril,vendredi,16:20,92,92025,0,0,2,3,3,1,1,4,1,01,1,1,000,000,1,0,1,3,2,83,0,1,2,00,0,0,0,201700039896B01,7,0,1
201700039908,2017-05-25,2017,mai,jeudi,10:55,92,92025,0,0,2,1,6,1,1,3,2,03,1,1,000,000,1,0,1,4,1,53,5,1,2,00,0,1,0,201700039908B01,33,2,1
201700039914,2017-06-07,2017,juin,mercredi,22:50,92,92025,48,2.24736,2,1,6,5,1,3,2,02,1,1,000,000,1,0,1,4,1,42,0,1,1,00,2,0,0,201700039914B01,7,1,1
201700039923,2017-06-26,2017,juin,lundi,13:20,92,92025,48.91789,2.22853,2,1,3,1,1,3,1,01,1,1,000,000,1,0,1,4,1,66,1,1,2,00,2,9,19,201700039923B01,15,1,1
201700039924,2017-06-28,2017,juin,mercredi,23:10,92,92025,48.92623,2.25289,2,1,3,5,1,4,2,02,-1,-1,000,000,-1,0,1,4,1,37,9,1,2,00,2,1,1,201700039924A01,7,15,1
201700039933,2017-07-29,2017,juillet,samedi,13:20,92,92025,48.92323,2.24646,2,1,3,1,1,3,2,02,1,1,000,000,1,0,1,4,1,33,0,1,9,00,2,1,1,201700039933B01,7,9,1
201700039935,2017-08-15,2017,août,mardi,17:20,92,92025,48.91632,2.2341,2,1,6,1,1,4,2,00,-1,-1,000,000,-1,0,1,4,1,20,5,1,9,01,2,8,17,201700039935B01,37,17,1
201700039955,2017-10-02,2017,octobre,lundi,16:50,92,92025,48.92228,2.23666,2,2,6,1,2,4,1,00,1,1,000,000,2,0,1,4,1,50,0,1,2,00,2,7,2,201700039955A01,33,2,1
201700039963,2017-10-13,2017,octobre,vendredi,16:50,92,92025,48.92,2.25,2,1,6,1,1,4,2,00,1,1,000,000,1,0,1,4,1,49,3,1,2,01,0,1,1,201700039963Y01,7,24,1
201700039965,2017-10-14,2017,octobre,samedi,21:00,92,92025,48.92288,2.25287,2,1,6,5,1,3,2,02,1,1,000,000,1,0,1,4,1,55,0,1,9,00,2,1,1,201700039965B01,7,12,1
201700039999,2017-06-20,2017,juin,mardi,14:40,92,92026,48.8989,2.24335,2,1,6,1,1,4,2,02,1,1,000,064,1,0,1,3,1,48,1,1,2,01,0,1,17,201700039999B01,7,22,1
201700040000,2017-06-21,2017,juin,mercredi,85:5,92,92026,48.90124,2.27166,2,1,6,1,1,3,2,02,1,1,000,000,1,0,1,1,1,30,1,1,9,00,1,1,17,201700040000A01,,,
201700040004,2017-06-26,2017,juin,lundi,16:25,92,92026,48.89677,2.25423,2,1,6,1,1,4,3,02,1,1,000,098,1,0,5,3,2,28,0,1,2,01,0,1,21,201700040004B01,7,22,1
201700040006,2017-07-03,2017,juillet,lundi,83:0,92,92026,48.89772,2.26353,2,1,6,1,1,3,2,04,1,1,000,150,1,0,1,4,2,61,0,1,9,00,2,4,7,201700040006C01,34/ 7,7,2
201700040048,2017-11-16,2017,novembre,jeudi,10:20,92,92026,48.89669,2.23723,2,1,3,1,1,4,2,01,1,1,000,000,1,0,1,4,1,36,1,1,9,00,2,1,1,201700040048A01,7,22,1
201700040049,2017-10-28,2017,octobre,samedi,19:45,92,92026,48.89876,2.24233,2,1,3,5,1,4,2,01,1,1,000,032,1,0,1,4,1,30,0,1,2,00,2,1,17,201700040049B01,7,15,1
201700040052,2017-10-14,2017,octobre,samedi,17:40,92,92026,48.8988,2.26251,2,1,3,1,1,3,2,02,1,1,000,150,1,0,1,3,1,36,1,1,2,00,2,1,1,201700040052A01,7,15,1
201700040070,2017-01-12,2017,janvier,jeudi,13:00,92,92026,0,0,2,1,7,1,1,3,3,04,1,1,000,000,1,0,1,3,1,62,5,1,2,12,0,1,0,201700040070A01,,,
201700040084,2017-03-27,2017,mars,lundi,17:20,92,92026,0,0,2,1,7,1,1,3,2,02,1,1,000,150,1,0,1,4,1,66,5,1,2,00,0,8,0,201700040084A01,,,
201700040094,2017-05-14,2017,mai,dimanche,16:50,92,92026,0,0,2,1,2,1,1,3,1,02,1,1,000,071,1,0,1,3,1,57,0,1,9,01,0,1,1,201700040094A01,20,23,1
201700040114,2017-07-06,2017,juillet,jeudi,75:5,92,92035,48.90706,2.23998,2,1,3,1,2,4,3,01,1,1,000,000,2,0,5,4,1,28,1,1,9,00,2,1,1,201700040114B01,10,16,1
201700040115,2017-07-07,2017,juillet,vendredi,19:25,92,92035,48.90451,2.23635,2,2,6,1,1,4,1,01,1,1,000,000,1,0,1,1,2,30,1,1,9,00,1,1,16,201700040115A01,,,
201700040133,2017-11-22,2017,novembre,mercredi,81:0,92,92035,48.90637,2.25562,2,3,3,1,1,3,2,02,1,1,000,000,1,0,5,4,2,45,1,1,2,00,2,8,2,201700040133B01,7,15,1
201700040143,2017-02-01,2017,février,mercredi,95:3,92,92035,0,0,2,1,6,1,1,2,2,02,1,1,000,000,1,0,5,1,1,42,1,1,2,00,1,1,1,201700040143A01,,,
201700040147,2017-02-22,2017,février,mercredi,12:10,92,92035,0,0,2,1,3,1,1,2,-1,00,1,1,000,000,1,0,4,4,2,60,1,1,9,00,2,8,5,201700040147B01,7,16,1
201700040170,2017-01-29,2017,janvier,dimanche,20:40,92,92036,0,0,2,2,6,5,1,4,2,02,1,1,000,070,1,0,1,4,2,24,1,1,2,00,2,8,0,201700040170B01,7,1,1
201700040178,2017-02-03,2017,février,vendredi,10:05,92,92036,0,0,2,1,6,1,1,4,2,02,1,1,000,070,1,0,1,4,1,68,5,1,2,01,0,1,1,201700040178B01,7,24,1
201700040182,2017-02-07,2017,février,mardi,70:0,92,92036,0,0,2,2,2,5,1,4,2,03,1,1,000,100,1,0,1,4,1,53,1,1,2,00,2,4,1,201700040182A01,13,0,1
201700040190,2017-02-28,2017,février,mardi,11:00,92,92036,0,0,2,3,6,1,1,4,2,02,1,1,000,080,1,0,1,4,1,54,0,1,2,00,2,2,19,201700040190A01,7,1,1
201700040200,2017-03-20,2017,mars,lundi,20:45,92,92036,0,0,2,2,3,5,1,4,2,03,2,1,000,100,1,0,1,4,1,63,5,1,2,00,2,1,9,201700040200B01,7,21,1
201700040224,2017-09-13,2017,septembre,mercredi,14:50,92,92036,48,2.2,2,3,3,1,3,4,2,02,1,1,000,070,2,0,1,4,1,22,1,1,2,00,2,1,21,201700040224B01,14,16,1
201700040227,2017-09-22,2017,septembre,vendredi,20:30,92,92036,48,2.2,2,1,6,5,1,3,3,04,1,1,020,160,1,0,1,4,1,31,0,1,2,00,2,1,1,201700040227B01,7,16,1
201700040229,2017-09-27,2017,septembre,mercredi,84:0,92,92036,48,2.2,2,1,6,1,1,9,2,02,1,1,000,120,1,4,1,3,1,36,1,1,2,00,9,0,0,201700040229B01,40,1,1
201700040231,2017-10-02,2017,octobre,lundi,10:40,92,92036,48,2.2,2,1,6,1,1,4,2,02,1,1,000,080,1,0,1,4,1,35,9,1,2,00,2,3,18,201700040231B01,7,23,1
201700040238,2017-10-12,2017,octobre,jeudi,18:15,92,92036,48,2.2,2,1,6,1,1,3,2,04,1,1,000,150,1,0,4,4,1,15,9,1,2,00,2,1,1,201700040238B01,34,9,1
201700040246,2017-10-31,2017,octobre,mardi,12:20,92,92036,48.93194,2.30105,2,1,2,1,1,4,1,01,1,1,000,080,1,0,1,4,1,15,5,1,2,00,2,1,1,201700040246B01,7,4,1
201700040249,2017-11-16,2017,novembre,jeudi,94:0,92,92036,48,2.2,2,2,3,1,1,4,3,04,1,1,010,140,1,0,1,4,1,56,0,1,2,00,2,1,0,201700040249B01,15,16,1
201700040251,2017-11-27,2017,novembre,lundi,15:40,92,92036,48,2.2,2,1,6,1,1,4,2,02,1,1,020,080,1,0,4,4,1,68,5,1,2,00,1,1,1,201700040251B01,7,9,1
201700040257,2017-10-18,2017,octobre,mercredi,90:0,92,92040,0,0,2,1,6,2,1,4,2,02,1,1,000,000,1,0,1,3,1,40,1,1,9,00,2,1,1,201700040257P01,7,15,1
201700040266,2017-11-30,2017,novembre,jeudi,20:10,92,92040,48.82815,2.26675,2,1,6,5,4,4,3,02,1,1,000,000,2,0,1,3,1,26,0,1,9,01,2,8,9,201700040266B01,33,1,1
201700040281,2017-07-20,2017,juillet,jeudi,18:25,92,92040,48.82774,2.27509,2,1,6,1,1,3,2,02,1,1,000,100,1,0,1,1,2,25,0,1,9,00,1,1,1,201700040281A01,,,
201700040281,2017-07-20,2017,juillet,jeudi,18:25,92,92040,48.82774,2.27509,2,1,6,1,1,3,2,02,1,1,000,100,1,0,1,4,2,75,0,1,8,00,1,1,1,201700040281A01,,,
201700040304,2017-02-07,2017,février,mardi,22:10,92,92040,0,0,2,1,6,5,1,3,2,02,1,1,000,000,1,0,1,4,1,20,0,1,2,00,2,1,19,201700040304A01,7,2,1
201700040314,2017-03-27,2017,mars,lundi,13:15,92,92040,0,0,2,1,6,1,1,3,1,02,1,1,000,000,1,0,1,4,1,34,1,1,2,00,2,8,1,201700040314B01,7,23,1
201700040334,2017-06-19,2017,juin,lundi,23:30,92,92044,48.89276,2.28547,2,1,7,5,1,4,1,01,1,1,000,000,1,0,1,4,1,27,4,1,2,14,0,1,1,201700040334A01,,,
201700040379,2017-12-29,2017,décembre,vendredi,12:18,92,92044,48.89276,2.28547,2,1,3,1,8,4,2,02,1,1,000,000,2,0,1,4,1,72,5,1,2,00,2,8,18,201700040379B01,7,23,1
201700040409,2017-05-18,2017,mai,jeudi,11:20,92,92044,0,0,2,1,6,1,1,4,1,02,1,1,000,000,1,0,1,1,1,56,0,1,9,00,1,1,1,201700040409A01,,,
201700040415,2017-06-21,2017,juin,mercredi,19:57,92,92048,48.78468,2.22861,2,1,3,1,1,4,2,02,1,1,000,070,1,0,1,3,1,7,5,1,9,00,2,3,19,201700040415B01,7,1,1
201700040421,2017-08-23,2017,août,mercredi,10:45,92,92048,48.81006,2.2277,2,1,7,1,1,5,2,02,1,1,000,050,1,0,1,4,1,34,9,1,9,00,0,0,1,201700040421A01,,,
201700040422,2017-08-29,2017,août,mardi,12:10,92,92048,48.8221,2.22626,2,3,3,1,1,4,2,01,1,1,000,050,1,0,1,4,1,37,5,1,9,00,2,1,1,201700040422B01,7,16,1
201700040442,2017-01-10,2017,janvier,mardi,11:10,92,92048,0,0,1,1,6,1,2,9,2,02,1,1,000,030,1,0,1,4,1,72,5,1,2,00,0,0,1,201700040442A01,,,
201700040452,2017-02-21,2017,février,mardi,84:5,92,92048,0,0,2,1,1,1,1,4,2,02,1,1,000,050,1,0,1,4,1,52,1,1,2,00,2,1,1,201700040452B01,7,15,1
201700040453,2017-03-05,2017,mars,dimanche,22:55,92,92048,0,0,2,1,3,5,1,4,2,02,1,1,000,075,1,0,1,4,1,42,0,1,2,00,2,1,1,201700040453B01,7,15,1
201700040454,2017-03-12,2017,mars,dimanche,12:15,92,92048,0,0,2,3,3,1,1,4,1,01,-1,-1,000,090,-1,0,0,4,2,50,9,1,9,00,2,1,1,201700040454B01,7,9,1
201700040468,2017-01-10,2017,janvier,mardi,81:8,92,92049,0,0,2,6,3,2,1,3,2,02,1,1,000,000,1,0,1,4,1,33,0,1,9,00,2,1,0,201700040468B01,7,9,1
201700040473,2017-01-16,2017,janvier,lundi,92:2,92,92049,0,0,2,1,3,1,1,3,2,02,1,1,000,000,1,0,1,4,2,39,0,1,9,00,2,1,7,201700040473B01,7,9,1
201700040487,2017-02-28,2017,février,mardi,19:05,92,92049,0,0,2,1,6,5,1,3,2,04,1,1,000,000,1,0,1,3,1,11,5,1,2,00,2,6,19,201700040487B01,37,1,1
201700040522,2017-05-16,2017,mai,mardi,12:15,92,92049,0,0,2,2,6,1,1,3,2,02,1,1,000,000,1,0,1,1,1,39,0,1,2,00,1,1,1,201700040522A01,,,
201700040533,2017-06-19,2017,juin,lundi,22:45,92,92049,48.81453,2.31725,2,1,6,5,1,3,2,02,1,1,000,000,1,0,1,4,1,28,0,1,2,00,2,4,2,201700040533B01,30,2,1
201700040543,2017-07-13,2017,juillet,jeudi,60:5,92,92049,48.8098,2.32234,2,1,6,1,1,3,2,02,1,1,000,000,1,0,1,4,1,63,1,1,9,00,0,4,16,201700040543B01,7,1,1
201700040544,2017-07-13,2017,juillet,jeudi,63:5,92,92049,48.8141,2.32617,2,1,2,1,1,3,3,08,1,1,000,000,1,0,1,4,1,34,1,1,2,00,2,4,1,201700040544B01,7,12,1
201700040564,2017-09-10,2017,septembre,dimanche,21:30,92,92049,48.81903,2.32296,2,1,6,5,1,3,1,02,1,1,000,000,1,0,1,4,1,23,5,1,9,00,2,0,15,201700040564A01,7,1,1
201700040570,2017-09-20,2017,septembre,mercredi,19:00,92,92049,48.81192,2.30079,2,3,3,1,1,3,2,02,1,1,000,000,1,0,1,4,1,27,1,1,9,00,2,1,1,201700040570B01,7,15,1
201700040579,2017-10-14,2017,octobre,samedi,11:55,92,92020,48.8101,2.18229,2,1,3,1,1,4,2,02,1,1,000,085,1,0,1,3,1,14,0,1,9,00,2,2,15,201700040579A01,10,21,1
201700040596,2017-11-22,2017,novembre,mercredi,90:8,92,92020,48.80574,2.28335,2,1,2,1,1,4,1,02,1,1,000,000,1,0,1,4,1,61,5,1,2,01,0,7,2,201700040596B01,7,23,1
201700040637,2017-03-08,2017,mars,mercredi,93:0,92,92050,0,0,2,1,1,1,1,9,2,02,2,1,000,040,1,0,1,4,1,52,9,1,2,00,0,0,0,201700040637B01,7,0,1
201700040660,2017-05-23,2017,mai,mardi,12:40,92,92050,0,0,2,1,1,1,1,9,1,02,1,1,030,050,1,0,1,4,1,34,0,1,2,00,0,0,0,201700040660A01,7,0,1
201700040671,2017-06-13,2017,juin,mardi,72:5,92,92050,48.91907,2.22243,2,9,7,1,1,3,3,04,3,1,000,000,1,2,4,3,1,19,1,1,9,00,2,0,21,201700040671B01,7,14,1
201700040673,2017-06-13,2017,juin,mardi,15:20,92,92050,48.88821,2.19327,2,9,3,1,1,9,1,00,1,2,000,000,1,0,1,4,1,13,0,1,9,00,2,2,5,201700040673B01,7,18,1
201700040745,2017-11-22,2017,novembre,mercredi,12:40,92,92050,48.2,2.33,2,3,6,1,1,4,2,02,1,1,000,060,1,0,5,1,1,20,0,1,9,00,1,0,0,201700040745A01,,,
201700040770,2017-06-03,2017,juin,samedi,21:00,92,92051,0,0,2,1,6,1,2,4,1,00,1,1,000,000,2,0,1,4,1,52,5,1,2,00,2,1,1,201700040770B01,7,24,1
201700040817,2017-01-13,2017,janvier,vendredi,10:00,92,92051,0,0,2,1,6,1,1,3,-1,00,-1,-1,000,000,1,0,1,1,1,42,1,1,2,00,1,1,0,201700040817A01,,,
201700040817,2017-01-13,2017,janvier,vendredi,10:00,92,92051,0,0,2,1,6,1,1,3,-1,00,-1,-1,000,000,1,0,1,3,2,77,5,1,9,00,1,1,0,201700040817A01,,,
201700040850,2017-06-27,2017,juin,mardi,10:45,92,92062,48.88234,2.23976,2,1,6,1,1,4,1,02,1,1,000,000,1,0,1,1,1,55,0,1,2,00,1,1,1,201700040850A01,,,
201700040920,2017-01-19,2017,janvier,jeudi,10:20,92,92063,0,0,2,3,1,1,1,4,2,02,2,2,000,055,1,0,1,4,1,14,2,1,9,00,2,1,16,201700040920A01,34,1,1
201700040923,2017-10-19,2017,octobre,jeudi,20:15,92,92063,48.86697,2.19974,2,3,1,5,1,3,2,02,1,1,000,080,1,0,1,4,1,61,5,1,9,00,2,1,1,201700040923B01,7,15,1
201700040931,2017-10-27,2017,octobre,vendredi,72:0,92,92063,48.88723,2.16922,2,1,2,5,1,3,3,04,2,1,008,130,1,0,1,4,1,65,5,1,4,00,2,4,1,201700040931B01,33,14,1
201700040940,2017-03-02,2017,mars,jeudi,19:30,92,92063,0,0,2,1,2,2,1,3,3,04,1,1,000,150,1,0,1,4,1,16,5,1,9,00,2,1,2,201700040940A01,7,2,1
201700040941,2017-11-19,2017,novembre,dimanche,10:35,92,92063,48.88632,2.18402,2,1,6,1,2,4,1,01,2,1,000,035,2,0,5,4,1,76,5,1,9,00,2,1,5,201700040941B01,7,1,1
201700040946,2017-03-14,2017,mars,mardi,18:00,92,92063,0,0,2,2,3,1,1,3,2,02,1,1,010,060,1,5,1,4,1,16,5,1,9,00,2,1,1,201700040946B01,7,15,1
201700040948,2017-03-21,2017,mars,mardi,14:00,92,92063,48.88438,2.18735,2,1,6,1,1,4,1,01,1,1,000,035,1,0,1,2,1,81,5,1,9,00,2,7,2,201700040948B01,7,2,1
201700040951,2017-12-09,2017,décembre,samedi,20:15,92,92063,48.88465,2.1778,2,1,1,5,1,3,2,02,1,1,000,090,1,0,1,4,1,14,5,1,9,00,2,3,19,201700040951B01,7,1,1
201700040980,2017-07-05,2017,juillet,mercredi,30:,92,92063,48.87347,2.17921,2,2,3,5,1,4,2,02,1,1,000,060,1,5,1,4,1,16,5,1,9,00,2,3,1,201700040980A01,7,1,1
201700040983,2017-07-24,2017,juillet,lundi,13:50,92,92063,48.88825,2.16448,2,3,6,1,1,4,-1,01,1,1,000,150,1,6,1,4,1,35,1,1,9,01,0,8,1,201700040983B01,14,24,1
201700041008,2017-02-18,2017,février,samedi,13:30,92,92033,0,0,2,1,7,1,1,4,2,02,1,1,000,000,1,0,1,4,1,39,0,1,9,01,0,1,0,201700041008A01,,,
201700041025,2017-04-14,2017,avril,vendredi,19:05,92,92064,0,0,2,2,3,1,1,4,1,01,1,1,000,043,1,0,1,4,1,32,5,1,2,00,2,1,1,201700041025B01,7,1,1
201700041028,2017-05-04,2017,mai,jeudi,92:0,92,92064,0,0,2,1,3,1,1,4,1,01,1,1,000,000,1,0,1,4,2,57,5,1,2,00,2,0,1,201700041028B01,7,22,1
201700041030,2017-05-24,2017,mai,mercredi,19:00,92,92076,0,0,2,2,3,1,1,4,2,02,1,1,000,000,1,0,1,4,1,14,5,1,2,00,2,8,1,201700041030B01,7,1,1
201700041069,2017-10-14,2017,octobre,samedi,16:50,92,92064,48.85286,2.20591,2,1,3,1,1,3,2,02,2,1,000,067,1,5,1,4,1,21,5,1,2,00,2,1,18,201700041069B01,7,16,1
201700041083,2017-12-28,2017,décembre,jeudi,95:0,92,92033,48.84129,2.1803,2,1,3,1,1,4,2,02,2,1,000,000,1,0,1,4,1,29,1,1,2,00,2,2,17,201700041083B01,7,13,1
201700041091,2017-06-28,2017,juin,mercredi,12:50,92,92077,48.82709,2.18878,2,1,3,1,1,3,2,02,1,1,000,060,1,0,1,4,1,30,9,1,2,00,2,8,19,201700041091B01,7,1,1
201700041102,2017-08-04,2017,août,vendredi,19:25,92,92022,48.80574,2.18457,2,1,3,1,1,3,2,02,1,1,000,176,1,0,1,4,1,29,5,1,2,00,2,1,1,201700041102B01,7,9,1
201700041106,2017-08-21,2017,août,lundi,15:35,92,92072,48.82485,2.21444,2,1,6,1,1,3,3,04,1,1,000,168,1,0,1,3,1,46,1,1,2,00,2,1,18,201700041106B01,7,22,1
201700041113,2017-09-12,2017,septembre,mardi,19:30,92,92077,48.827,2.18739,2,1,1,2,1,5,2,01,2,1,000,050,1,0,1,4,1,45,5,1,2,00,2,1,1,201700041113A01,7,1,1
201700041117,2017-09-29,2017,septembre,vendredi,80:5,92,92022,48.80609,2.18456,2,1,3,1,1,4,2,02,1,1,000,120,1,0,4,4,1,12,9,1,2,00,2,8,19,201700041117A01,7,1,1
201700041138,2017-01-23,2017,janvier,lundi,17:33,92,92072,0,0,2,1,3,5,1,3,2,02,2,2,000,069,1,0,1,4,1,19,2,1,2,00,2,1,9,201700041138B01,7,0,1
201700041144,2017-03-05,2017,mars,dimanche,10:40,92,92022,0,0,2,1,6,1,3,3,2,02,1,1,000,135,2,0,1,1,1,21,9,1,2,00,1,1,1,201700041144A01,,,
201700041158,2017-05-08,2017,mai,lundi,14:25,92,92022,0,0,2,3,3,1,1,3,2,03,2,1,000,142,1,0,5,4,1,23,9,1,2,00,2,1,1,201700041158B01,7,15,1
201700041159,2017-05-12,2017,mai,vendredi,11:35,92,92077,0,0,2,3,3,1,1,3,2,02,2,1,000,070,1,0,1,4,2,26,9,1,2,00,2,1,1,201700041159B01,7,1,1
201700041187,2017-06-11,2017,juin,dimanche,13:15,92,92073,48.87147,2.23274,2,1,2,1,1,3,3,05,1,1,000,000,1,0,1,4,2,54,5,1,9,00,2,9,2,201700041187B01,7,12,1
201700041189,2017-07-11,2017,juillet,mardi,10:10,92,92073,48.86864,2.22448,2,1,3,1,1,9,2,06,2,1,000,000,1,0,1,3,2,28,5,1,9,01,0,1,17,201700041189B01,7,22,1
201700041213,2017-06-12,2017,juin,lundi,13:50,92,92075,48.82028,2.28196,2,1,7,1,1,4,1,01,4,1,000,000,1,0,1,4,1,63,0,1,2,00,1,1,1,201700041213A01,,,
201700041215,2017-10-03,2017,octobre,mardi,20:30,92,92046,48.81472,2.29685,2,2,1,5,1,4,2,00,1,1,000,000,1,0,1,4,1,15,9,1,2,00,2,1,15,201700041215B01,7,1,1
201700041217,2017-11-08,2017,novembre,mercredi,8:,92,92075,48.82155,2.28689,2,1,7,5,1,4,2,01,2,1,000,050,1,0,1,4,1,48,5,1,2,00,0,1,1,201700041217A01,,,
201700041220,2017-07-05,2017,juillet,mercredi,15:00,92,92046,0,0,2,1,3,1,1,4,2,02,1,1,000,000,1,0,1,4,1,49,1,1,9,00,2,3,15,201700041220A01,33,18,1
201700041233,2017-10-19,2017,octobre,jeudi,16:00,92,92075,48.8144,2.2879,2,6,3,1,1,4,-1,00,1,3,000,000,1,0,1,4,1,43,0,1,2,00,2,1,1,201700041233B01,7,1,1
201700041247,2017-11-07,2017,novembre,mardi,94:5,92,92075,48.8184,2.266,2,1,7,1,1,4,2,02,1,1,000,075,1,0,1,3,2,50,0,1,2,12,0,1,1,201700041247A01,,,
201700041258,2017-04-07,2017,avril,vendredi,17:45,92,92046,0,0,2,3,6,1,1,4,2,02,1,1,000,000,1,0,1,4,2,32,1,1,2,00,2,3,2,201700041258B01,7,1,1
201700041260,2017-04-19,2017,avril,mercredi,13:40,92,92046,0,0,2,2,6,1,1,4,-1,00,1,1,000,000,1,0,0,4,1,18,0,1,2,00,2,1,1,201700041260B01,2,1,1
201700041261,2017-04-24,2017,avril,lundi,18:40,92,92046,0,0,2,3,6,1,1,4,2,00,1,-1,000,000,1,0,1,4,1,22,1,1,9,00,2,1,0,201700041261A01,7,9,1
201700041265,2017-05-18,2017,mai,jeudi,92:0,92,92046,0,0,2,2,3,1,1,4,1,01,1,1,,,1,0,1,3,2,48,1,1,9,00,2,8,1,201700041265B01,7,1,1
201700041266,2017-05-20,2017,mai,samedi,39:,92,92046,0,0,2,1,7,1,1,4,2,00,1,1,000,000,1,0,4,1,1,48,0,1,2,00,1,1,0,201700041266A01,,,
201700041276,2017-04-12,2017,avril,mercredi,21:50,92,92078,0,0,2,1,1,5,1,4,3,02,1,1,000,000,1,0,1,4,1,53,0,1,9,00,2,8,19,201700041276A01,7,1,1
201700041280,2017-05-20,2017,mai,samedi,14:15,92,92078,0,0,2,1,3,1,1,4,2,02,1,1,000,000,1,0,1,4,1,39,0,1,9,00,2,8,21,201700041280A01,7,1,1
201700041338,2017-03-20,2017,mars,lundi,14:35,93,93001,0,0,2,6,3,1,1,4,1,01,1,1,000,000,1,0,1,4,1,30,0,1,9,00,2,6,1,201700041338B01,7,9,1
201700041382,2017-07-21,2017,juillet,vendredi,92:0,93,93001,0,0,2,2,3,1,1,4,1,02,1,1,000,070,1,0,5,3,1,66,1,1,2,00,2,1,5,201700041382B01,7,9,1
201700041385,2017-07-24,2017,juillet,lundi,16:15,93,93001,0,0,2,1,3,1,1,4,2,02,1,2,100,060,1,0,1,4,1,45,0,1,9,00,2,8,2,201700041385B01,7,15,1
201700041400,2017-09-10,2017,septembre,dimanche,17:15,93,93001,0,0,2,1,5,1,1,4,2,02,1,1,000,120,1,0,1,4,1,38,0,1,9,01,0,0,9,201700041400B01,7,22/9,2
201700041406,2017-09-18,2017,septembre,lundi,19:15,93,93001,48.91447,2.39193,2,6,3,2,8,4,-1,02,1,1,020,060,1,5,1,4,1,44,1,1,9,00,2,1,2,201700041406B01,7,9,1
201700041409,2017-09-24,2017,septembre,dimanche,19:20,93,93001,48.91641,2.36807,2,1,1,1,1,4,1,01,1,1,000,050,9,0,1,4,1,14,5,1,9,00,2,4,19,201700041409B01,7,1,1
201700041426,2017-11-07,2017,novembre,mardi,10:20,93,93001,48.91371,2.38246,2,1,3,1,1,4,1,01,1,-1,000,000,1,0,1,4,2,26,1,1,9,00,2,7,2,201700041426B01,7,14,1
201700041439,2017-12-14,2017,décembre,jeudi,17:25,93,93001,48.9057,2.3808,2,1,3,2,2,4,2,02,1,1,000,050,2,0,4,4,1,33,0,1,4,00,2,8,19,201700041439A01,10,9,1
201700041448,2017-01-17,2017,janvier,mardi,91:5,93,93071,0,0,2,2,3,1,8,4,3,02,-1,-1,000,000,-1,0,1,4,1,49,1,1,9,00,2,1,0,201700041448B01,7,0,1
201700041509,2017-06-09,2017,juin,vendredi,18:00,93,93005,48.95235,2.48967,2,1,2,1,1,4,2,01,1,1,000,000,1,6,1,3,1,6,5,1,9,00,2,0,2,201700041509B01,20,4,1
201700041516,2017-06-29,2017,juin,jeudi,12:30,93,93005,0,0,2,1,3,1,1,3,2,02,1,1,000,000,1,0,1,3,1,31,9,1,2,00,2,3,16,201700041516B01,7,15,1
201700041600,2017-06-22,2017,juin,jeudi,20:40,93,93007,0,0,2,1,1,1,1,4,2,02,1,1,000,060,1,0,1,3,1,9,5,1,2,00,2,8,19,201700041600B01,31,1,1
201700041670,2017-04-23,2017,avril,dimanche,90:0,93,93008,48.90831,2.42718,2,1,2,1,1,3,2,04,1,1,000,000,1,0,1,3,1,45,1,1,9,00,2,4,1,201700041670B01,7,1,1
201700041730,2017-04-28,2017,avril,vendredi,92:0,93,93010,0,0,2,1,2,1,2,4,2,03,2,1,000,000,2,0,5,4,1,84,9,1,2,00,2,4,1,201700041730A01,14,1,1
201700041749,2017-06-23,2017,juin,vendredi,15:30,93,93010,0,0,2,3,3,1,1,4,2,01,2,1,000,080,1,2,1,3,1,61,5,1,2,00,2,1,1,201700041749B01,13,15,1
201700041851,2017-01-28,2017,janvier,samedi,12:20,93,93047,0,0,2,2,3,1,1,4,2,02,1,1,000,000,1,0,1,4,1,15,0,1,9,00,2,2,0,201700041851A01,7,0,1
201700041858,2017-03-12,2017,mars,dimanche,18:05,93,93014,0,0,2,1,1,2,1,5,-1,01,1,1,000,020,1,0,1,3,1,11,5,1,2,00,2,8,9,201700041858B01,7,20,1
201700041867,2017-04-19,2017,avril,mercredi,12:20,93,93014,0,0,2,1,7,1,1,4,2,00,1,1,000,000,1,0,1,3,1,17,0,1,2,00,0,1,0,201700041867A01,,,
201700041870,2017-05-05,2017,mai,vendredi,18:52,93,93047,0,0,2,1,1,1,1,4,2,00,2,1,000,000,1,0,1,3,1,60,3,1,2,00,2,1,9,201700041870B01,10,0,1
201700041879,2017-06-07,2017,juin,mercredi,20:20,93,93047,0,0,2,3,1,1,7,4,2,02,4,1,000,000,1,0,1,3,1,33,1,1,2,00,2,3,21,201700041879B01,7,11,1