Num_Acc,date,an,mois,jour,hrmn,dep,com,lat,long,agg,int,col,lum,atm,catr,circ,nbv,prof,plan,lartpc,larrout,surf,infra,situ,grav,sexe,age,trajet,secuexist,equipement,obs,obsm,choc,manv,vehiculeid,typevehicules,manoeuvehicules,numVehicules
201700041885,2017-06-30,2017,juin,vendredi,18:25,93,93014,0,0,2,1,3,1,8,4,3,04,2,1,000,000,1,0,1,3,1,16,0,1,2,00,2,3,2,201700041885A01,7,2,1
201700041905,2017-09-26,2017,septembre,mardi,20:25,93,93047,0,0,2,3,2,5,1,4,2,00,1,1,000,000,1,0,1,4,1,34,1,1,9,00,2,2,1,201700041905B01,7,4,1
201700041908,2017-10-04,2017,octobre,mercredi,21:15,93,93014,48.90836,2.55617,2,1,3,5,1,4,2,02,1,1,000,000,1,6,1,4,1,56,9,1,9,00,2,6,19,201700041908A01,34,2,1
201700041971,2017-05-25,2017,mai,jeudi,17:30,93,93027,48.93535,2.40297,2,1,2,1,1,4,3,02,3,1,010,160,1,2,5,3,1,37,5,1,9,01,9,1,2,201700041971B01,7,23,1
201700042058,2017-01-18,2017,janvier,mercredi,11:00,93,93029,0,0,2,1,3,1,1,3,1,02,2,1,000,000,1,0,1,3,1,20,0,1,9,00,2,1,17,201700042058A01,7,23,1
201700042059,2017-01-18,2017,janvier,mercredi,15:27,93,93029,0,0,2,1,6,1,1,4,2,02,1,1,000,000,1,0,1,3,1,30,0,1,2,01,0,1,0,201700042059B01,7,24,1
201700042070,2017-03-13,2017,mars,lundi,19:40,93,93029,0,0,2,1,1,5,1,4,2,01,1,-1,000,000,1,0,1,4,1,67,9,1,9,00,2,1,0,201700042070A01,7,9,1
201700042071,2017-03-15,2017,mars,mercredi,23:15,93,93029,0,0,2,1,3,5,1,4,2,02,1,1,000,000,1,0,1,4,1,17,5,1,9,01,0,1,17,201700042071B01,7,24,1
201700042078,2017-04-07,2017,avril,vendredi,16:37,93,93027,0,0,2,1,3,1,1,4,1,01,1,1,000,000,1,0,1,3,1,14,5,1,9,00,2,8,15,201700042078B01,7,1,1
201700042139,2017-01-19,2017,janvier,jeudi,90:5,93,93031,0,0,2,3,5,1,1,4,2,02,1,1,000,000,1,5,1,1,2,57,0,1,2,00,2,8,1,201700042139B01,7,15/1,2
201700042148,2017-03-18,2017,mars,samedi,20:50,93,93031,0,0,2,2,1,5,1,9,-1,00,1,-1,000,000,1,0,1,4,1,40,9,1,9,00,2,1,0,201700042148B01,10,0,1
201700042172,2017-05-30,2017,mai,mardi,19:00,93,93031,0,0,2,1,1,1,1,4,1,01,1,1,000,000,1,0,1,3,1,35,0,1,9,00,2,1,9,201700042172B01,7,9,1
201700042176,2017-06-04,2017,juin,dimanche,11:40,93,93031,0,0,2,1,3,1,1,4,1,01,1,1,000,000,1,0,1,4,2,49,5,1,9,00,4,1,15,201700042176B01,40,2,1
201700042180,2017-06-15,2017,juin,jeudi,81:0,93,93031,0,0,2,2,3,1,1,4,2,02,1,1,000,000,1,5,1,3,1,31,1,1,9,00,2,1,1,201700042180A01,7,1,1
201700042191,2017-07-12,2017,juillet,mercredi,15:45,93,93079,0,0,2,1,5,1,8,3,3,02,1,1,000,000,1,0,1,3,1,20,2,1,9,01,9,1,3,201700042191C01,10,1/2,2
201700042197,2017-08-30,2017,août,mercredi,12:30,93,93031,0,0,2,1,2,1,1,4,2,01,1,1,000,000,1,0,1,3,1,23,0,1,9,00,2,4,14,201700042197B01,7,1,1
201700042275,2017-06-22,2017,juin,jeudi,10:15,93,93027,0,0,2,9,3,1,1,4,2,02,2,1,000,000,1,0,4,4,1,46,0,1,2,00,2,8,2,201700042275A01,7,5,1
201700042305,2017-02-23,2017,février,jeudi,71:0,93,93063,0,0,2,2,3,2,1,3,2,02,1,-1,000,000,1,5,1,4,1,54,0,1,9,00,2,0,1,201700042305B01,10,15,1
201700042320,2017-05-18,2017,mai,jeudi,85:8,93,93006,0,0,2,1,6,1,8,4,1,02,1,1,000,025,1,0,1,3,1,48,1,1,9,01,0,1,2,201700042320C01,10,24,1
201700042336,2017-07-17,2017,juillet,lundi,12:40,93,93063,0,0,2,1,3,1,1,4,2,02,1,1,000,000,1,0,1,4,2,27,4,1,9,00,9,0,18,201700042336A01,14,2,1
201700042350,2017-09-11,2017,septembre,lundi,22:25,93,93006,0,0,2,2,1,5,2,3,2,02,1,1,000,000,2,5,1,4,1,21,0,1,9,00,2,3,9,201700042350B01,7,1,1
201700042358,2017-10-05,2017,octobre,jeudi,16:20,93,93006,0,0,2,2,3,2,2,4,2,00,2,1,000,060,2,0,1,4,2,36,1,1,2,00,0,1,1,201700042358B01,7,15,1
201700042359,2017-10-05,2017,octobre,jeudi,20:20,93,93006,0,0,2,2,3,5,8,4,2,02,1,1,000,000,1,0,1,4,1,15,0,1,9,00,2,7,0,201700042359B01,7,19,1
201700042360,2017-10-06,2017,octobre,vendredi,18:44,93,93006,0,0,2,1,3,1,1,4,2,02,1,-1,000,000,1,0,1,4,1,37,1,1,9,00,2,6,2,201700042360B01,7,17,1
201700042363,2017-10-19,2017,octobre,jeudi,16:30,93,93006,0,0,2,3,3,1,1,3,1,02,1,1,000,000,1,5,1,3,1,50,0,1,9,00,2,3,0,201700042363B01,34,0,1
201700042414,2017-07-21,2017,juillet,vendredi,20:55,93,93046,48.91136,2.51682,2,5,3,1,1,4,2,01,1,-1,000,040,1,5,1,4,2,23,0,1,9,00,2,1,19,201700042414B01,7,19,1
201700042457,2017-01-12,2017,janvier,jeudi,72:0,93,93074,0,0,2,2,1,5,2,4,1,01,1,1,000,000,2,0,1,4,1,25,2,1,9,00,0,1,1,201700042457Y01,7,1,1
201700042522,2017-05-16,2017,mai,mardi,15:50,93,93048,0,0,2,1,3,1,1,4,1,01,1,1,000,000,1,0,1,4,1,30,1,1,2,00,2,3,0,201700042522B01,7,16,1
201700042531,2017-06-06,2017,juin,mardi,18:00,93,93048,0,0,2,1,2,1,2,4,-1,00,2,1,000,000,2,0,0,3,1,25,9,1,9,00,2,1,21,201700042531B01,7,21,1
201700042545,2017-07-02,2017,juillet,dimanche,23:20,93,93048,0,0,2,3,3,5,1,4,2,01,1,1,000,040,1,0,5,4,1,18,5,1,2,00,2,7,1,201700042545B01,7,9,1
201700042551,2017-07-22,2017,juillet,samedi,19:50,93,93048,0,0,2,1,3,1,2,4,2,02,1,1,000,000,2,0,1,3,1,11,5,1,9,00,2,8,9,201700042551B01,7,19,1
201700042565,2017-09-07,2017,septembre,jeudi,16:50,93,93048,0,0,2,3,3,1,1,4,2,01,1,1,000,050,1,0,1,3,1,19,0,1,9,00,2,1,1,201700042565B01,7,15,1
201700042569,2017-09-18,2017,septembre,lundi,16:40,93,93048,0,0,2,1,3,1,1,4,2,00,1,1,000,000,2,0,1,4,1,28,0,1,2,00,2,1,2,201700042569B01,7,2,1
201700042577,2017-10-20,2017,octobre,vendredi,18:20,93,93048,48.86313,2.44378,2,1,6,2,1,4,-1,01,2,-1,000,000,1,0,1,1,1,22,0,1,9,00,1,8,3,201700042577A01,,,
201700042580,2017-10-21,2017,octobre,samedi,12:08,93,93048,48.85464,2.44725,2,2,3,1,1,4,1,01,1,1,000,000,1,0,1,4,1,13,9,1,2,00,2,8,19,201700042580B01,7,15,1
201700042582,2017-10-27,2017,octobre,vendredi,20:05,93,93048,48.85085,2.41884,2,1,3,5,1,4,2,00,1,1,000,000,1,0,1,4,1,33,0,1,2,00,2,1,1,201700042582B01,7,10,1
201700042584,2017-11-01,2017,novembre,mercredi,14:20,93,93048,0,0,2,1,3,1,1,4,1,01,1,1,000,035,1,0,1,4,1,10,9,1,9,00,2,7,19,201700042584Y01,7,21,1
201700042588,2017-11-07,2017,novembre,mardi,18:45,93,93048,48.86141,2.44384,2,1,5,5,1,4,2,02,2,1,000,050,1,0,1,4,1,27,1,1,2,00,2,5,15,201700042588A01,33/ 7,17/23,2
201700042592,2017-11-16,2017,novembre,jeudi,15:02,93,93048,0,0,2,9,1,1,1,9,-1,01,1,-1,000,000,1,0,0,3,1,20,0,1,9,00,2,1,0,201700042592B01,7,19,1
201700042609,2017-12-21,2017,décembre,jeudi,18:10,93,93048,48.873,2.454,2,2,3,5,2,4,2,02,1,1,030,030,2,0,1,3,1,45,0,1,2,00,2,1,5,201700042609B01,7,15,1
201700042632,2017-06-29,2017,juin,jeudi,10:31,93,93049,0,0,2,9,3,1,8,4,2,02,1,1,000,000,1,0,1,4,1,37,1,1,2,00,2,1,1,201700042632B01,7,15,1
201700042743,2017-08-16,2017,août,mercredi,10:10,93,93051,48.84971,2.55289,2,1,3,1,1,4,2,02,2,1,000,050,1,0,1,4,1,57,4,1,2,00,2,3,9,201700042743B01,7,15,1
201700042787,2017-04-26,2017,avril,mercredi,83:4,93,93053,0,0,2,7,3,1,1,4,1,01,1,1,000,000,1,0,0,3,1,42,0,1,2,00,2,8,16,201700042787B01,7,9,1
201700042821,2017-03-30,2017,mars,jeudi,19:40,93,93055,0,0,2,1,6,1,1,9,-1,01,1,1,000,000,1,6,5,3,1,24,0,1,9,00,1,1,9,201700042821A01,,,
201700042856,2017-10-15,2017,octobre,dimanche,13:55,93,93055,48.90874,2.39968,2,1,7,1,1,4,1,01,1,1,000,000,1,0,1,4,1,27,9,1,9,00,0,0,1,201700042856A01,,,
201700042895,2017-03-01,2017,mars,mercredi,17:40,93,93027,0,0,2,9,3,1,3,4,2,01,1,1,000,080,2,0,1,4,1,41,1,1,2,00,2,7,1,201700042895B01,7,9,1
201700042903,2017-04-04,2017,avril,mardi,85:5,93,93062,48.89459,2.51337,2,3,3,1,1,4,1,01,2,3,000,000,1,0,1,4,2,40,1,1,2,00,2,2,1,201700042903B01,7,9,1
201700042974,2017-12-13,2017,décembre,mercredi,18:16,93,93077,48.88,2.5,2,1,6,5,2,4,2,04,1,1,000,140,2,0,1,1,1,25,1,1,9,00,1,1,2,201700042974A01,,,
201700043050,2017-12-08,2017,décembre,vendredi,85:0,93,93064,0,0,2,1,2,1,2,4,1,02,1,1,010,035,2,0,1,3,1,41,1,1,2,00,2,4,1,201700043050B01,7,9,1
201700043066,2017-01-19,2017,janvier,jeudi,13:00,93,93066,0,0,2,1,6,1,1,4,3,02,1,1,000,000,1,0,1,3,1,23,1,1,9,00,2,8,2,201700043066A01,7,2,1
201700043197,2017-08-28,2017,août,lundi,92:7,93,93066,48.929,2.36651,2,2,3,1,1,9,1,02,1,1,000,000,1,0,1,4,1,25,4,1,9,01,2,5,19,201700043197A01,7,9,1
201700043217,2017-09-30,2017,septembre,samedi,14:00,93,93066,48.93657,2.34996,2,1,6,1,1,4,3,03,1,1,000,000,1,0,1,1,1,21,5,1,2,00,1,1,2,201700043217A01,,,
201700043244,2017-11-08,2017,novembre,mercredi,11:20,93,93066,48.91,2.36,2,1,3,1,1,4,1,01,1,1,000,000,1,5,1,3,2,28,0,1,2,00,9,0,9,201700043244B01,7,9,1
201700043306,2017-07-26,2017,juillet,mercredi,12:20,93,93070,0,0,2,1,1,1,1,4,2,02,1,1,000,000,1,0,1,3,1,35,1,1,2,00,2,1,1,201700043306A01,34,13,1
201700043324,2017-10-19,2017,octobre,jeudi,14:20,93,93070,0,0,2,1,3,1,1,4,2,00,1,1,000,000,1,0,1,4,1,44,5,1,9,01,0,0,1,201700043324B01,17,24,1
201700043328,2017-11-05,2017,novembre,dimanche,20:5,93,93070,48.90134,2.34415,2,1,3,3,2,4,2,02,1,1,000,000,2,5,1,3,1,30,1,1,9,00,2,1,2,201700043328B01,7,10,1
201700043354,2017-03-15,2017,mars,mercredi,18:50,93,93070,0,0,2,3,3,5,1,4,2,02,1,1,000,006,1,0,1,3,1,37,1,1,2,00,2,1,2,201700043354A01,7,15,1
201700043424,2017-07-13,2017,juillet,jeudi,16:45,93,93059,0,0,2,1,6,1,1,4,3,00,1,1,000,000,1,0,5,3,1,69,0,1,9,00,2,7,1,201700043424Y01,,,
201700043435,2017-09-06,2017,septembre,mercredi,15:00,93,93059,48.96598,2.36568,2,1,6,1,1,6,-1,00,1,1,000,000,1,0,1,1,1,11,5,1,9,00,1,1,1,201700043435A01,,,
201700043473,2017-01-20,2017,janvier,vendredi,84:5,93,93078,0,0,2,3,3,1,1,4,2,02,1,1,000,000,1,0,1,4,1,19,1,1,2,00,2,7,2,201700043473B01,7,15,1
201700043505,2017-06-13,2017,juin,mardi,12:00,93,93073,0,0,2,2,3,1,1,4,1,01,1,1,000,000,1,0,1,4,1,26,1,1,2,00,2,7,2,201700043505A01,7,9,1
201700043506,2017-06-10,2017,juin,samedi,14:10,93,93073,48.96346,2.57375,2,1,6,1,1,4,-1,01,1,1,000,025,1,0,4,1,1,16,5,1,9,00,1,1,1,201700043506A01,,,
201700043508,2017-06-16,2017,juin,vendredi,20:20,93,93078,48.9644,2.54079,2,3,3,1,1,4,2,02,1,-1,015,040,1,0,1,4,1,12,5,1,2,00,2,1,15,201700043508B01,7,1,1
201700043518,2017-06-24,2017,juin,samedi,18:30,93,93078,0,0,2,2,3,1,1,4,2,02,1,1,000,070,1,0,1,4,1,11,0,1,9,00,2,1,0,201700043518B01,7,1,1
201700043520,2017-06-26,2017,juin,lundi,16:00,93,93073,0,0,2,9,6,1,3,4,2,02,1,1,000,060,3,0,1,3,1,11,0,1,9,00,2,0,0,201700043520B01,7,0,1
201700043597,2017-09-17,2017,septembre,dimanche,91:5,94,94002,48.8146,2.41389,2,2,3,1,2,4,2,00,1,1,000,060,2,0,1,4,1,60,5,1,2,00,2,1,1,201700043597A01,7,1,1
201700043609,2017-11-14,2017,novembre,mardi,23:20,94,94002,0,0,2,3,3,5,1,4,1,01,1,1,000,030,1,0,1,4,2,54,1,1,9,00,2,7,1,201700043609B01,7,15,1
201700043610,2017-11-23,2017,novembre,jeudi,19:45,94,94002,0,0,2,1,6,5,2,4,2,01,2,1,020,090,2,0,1,1,1,21,5,1,9,00,1,8,0,201700043610A01,,,
201700043619,2017-01-24,2017,janvier,mardi,16:45,94,94002,0,0,2,1,6,1,8,4,1,01,1,1,000,041,1,0,1,1,1,24,0,1,9,00,1,1,1,201700043619A01,,,
201700043633,2017-04-21,2017,avril,vendredi,10:,94,94002,0,0,2,3,3,5,1,3,2,01,1,1,000,087,1,0,1,4,1,32,0,1,1,00,2,8,1,201700043633A01,7,1,1
201700043640,2017-05-26,2017,mai,vendredi,13:20,94,94002,0,0,2,1,3,1,1,4,2,02,1,1,000,060,1,0,1,4,2,49,4,1,9,01,0,2,21,201700043640B01,7,0,1
201700043646,2017-06-11,2017,juin,dimanche,10:00,94,94047,48.70263,2.54443,2,3,1,1,1,3,1,01,1,1,000,000,1,0,1,3,1,29,5,1,2,00,2,1,16,201700043646A01,7,1,1
201700043652,2017-06-18,2017,juin,dimanche,23:30,94,94047,48.70647,2.55447,2,1,2,5,1,3,2,02,1,1,000,000,1,0,1,4,1,57,0,1,2,,,4,1,201700043652A02,7,2,1
201700043694,2017-09-23,2017,septembre,samedi,10:55,94,94070,48.72574,2.57813,1,6,3,1,1,4,2,00,1,1,000,060,1,0,1,4,1,53,5,1,2,00,2,2,9,201700043694B01,7,9,1
201700043707,2017-10-19,2017,octobre,jeudi,90:0,94,94075,48.72434,2.53594,2,4,3,1,1,3,1,01,2,1,000,030,1,0,1,4,1,18,1,1,2,00,2,7,19,201700043707A01,7,5,1
201700043721,2017-11-10,2017,novembre,vendredi,14:20,94,94070,48.72845,2.56888,2,3,3,1,2,4,2,02,1,1,000,050,2,0,1,4,1,14,2,1,9,00,2,1,5,201700043721B01,7,15,1
201700043767,2017-02-01,2017,février,mercredi,13:50,94,94004,48.7551,2.50528,2,2,3,1,1,2,3,03,1,1,000,090,1,0,1,3,1,24,4,1,2,00,2,7,19,201700043767B01,10,1,1
201700043789,2017-03-23,2017,mars,jeudi,63:0,94,94075,0,0,2,1,3,1,1,4,2,00,1,1,000,000,-1,0,5,4,1,42,1,1,2,00,2,1,1,201700043789B01,7,4,1
201700043792,2017-06-01,2017,juin,jeudi,14:30,94,94004,48.74532,2.5079,2,1,3,1,1,3,2,02,1,1,000,060,1,0,1,3,1,43,1,1,2,00,2,8,0,201700043792B01,7,17,1
201700043799,2017-04-29,2017,avril,samedi,94:0,94,94075,0,0,2,1,3,1,1,4,2,02,1,1,000,053,1,0,1,4,1,52,5,1,2,00,2,1,1,201700043799B01,7,5,1
201700043812,2017-05-29,2017,mai,lundi,82:5,94,94004,0,0,2,3,3,1,1,9,2,02,1,1,000,040,1,0,0,4,1,24,5,1,1,00,0,1,0,201700043812A01,7,0,1
201700043840,2017-03-08,2017,mars,mercredi,22:10,94,94017,0,0,2,1,2,5,2,4,2,02,1,1,000,000,2,0,1,4,1,47,0,1,9,00,2,1,1,201700043840B01,7,4,1
201700043845,2017-03-21,2017,mars,mardi,11:55,94,94017,0,0,2,1,2,1,1,4,2,04,1,1,000,000,2,0,1,4,1,82,5,1,2,00,2,4,1,201700043845B01,7,1,1
201700043846,2017-03-21,2017,mars,mardi,10:25,94,94017,0,0,2,1,6,1,1,4,2,01,1,1,000,000,2,0,1,4,1,38,3,1,2,01,0,1,0,201700043846B01,7,0,1
201700043858,2017-05-05,2017,mai,vendredi,19:05,94,94017,0,0,2,1,6,1,1,4,-1,00,-1,-1,000,000,1,0,4,4,1,16,5,1,2,00,2,1,1,201700043858B01,7,9,1
201700043870,2017-05-31,2017,mai,mercredi,14:15,94,94017,0,0,2,1,1,1,1,4,2,02,1,1,000,000,1,0,1,4,1,13,5,1,2,00,2,8,19,201700043870B01,7,1,1
201700043877,2017-06-16,2017,juin,vendredi,83:0,94,94017,48.8146,2.50795,2,2,3,1,1,3,2,02,1,1,060,060,1,0,1,4,1,29,1,1,9,00,2,1,1,201700043877B01,7,16,1
201700043888,2017-07-07,2017,juillet,vendredi,94:0,94,94017,48.81193,2.53965,2,1,1,1,1,4,1,01,2,1,010,030,1,0,1,4,1,55,5,1,9,00,2,1,13,201700043888A01,7,13,1
201700043889,2017-07-09,2017,juillet,dimanche,10:20,94,94017,48.81477,2.52454,2,1,2,1,1,3,3,03,2,1,000,000,1,0,1,4,1,54,5,1,9,00,2,4,2,201700043889B01,7,14,1
201700043921,2017-10-06,2017,octobre,vendredi,13:51,94,94017,0,0,2,2,1,1,3,4,2,01,1,3,000,029,1,0,5,4,1,25,1,1,9,00,2,1,19,201700043921B01,7,15,1
201700043924,2017-10-28,2017,octobre,samedi,11:50,94,94017,0,0,2,2,1,1,2,4,2,02,1,1,000,060,1,5,1,3,1,22,4,1,2,00,2,1,5,201700043924A01,7,15,1
201700043956,2017-06-26,2017,juin,lundi,18:00,94,94018,48.82408,2.42667,2,1,3,1,1,4,2,02,1,1,000,100,1,0,1,3,1,28,5,1,2,11,0,2,14,201700043956B01,33,14,1
201700043961,2017-07-03,2017,juillet,lundi,44:5,94,94018,48.82589,2.40691,2,2,3,2,1,3,2,03,1,1,000,090,1,0,1,4,2,19,1,1,4,00,2,8,19,201700043961A01,7,19,1
201700043989,2017-04-07,2017,avril,vendredi,15:10,94,94069,0,0,2,1,3,1,1,3,2,02,1,1,000,108,1,0,1,4,2,77,5,1,9,00,0,8,19,201700043989B01,31,1,1
201700044065,2017-05-28,2017,mai,dimanche,11:25,94,94053,0,0,2,3,3,1,1,3,2,02,1,3,000,000,1,0,1,4,1,79,5,1,2,00,2,8,19,201700044065B02,30,17,1
201700044076,2017-06-25,2017,juin,dimanche,81:0,94,94053,48.76947,2.54299,2,1,3,1,1,3,2,01,1,1,000,067,1,0,1,3,1,46,5,1,9,,2,8,1,201700044076B02,7,17,1
201700044078,2017-06-27,2017,juin,mardi,13:30,94,94059,48.80267,2.57433,2,1,1,1,1,2,2,00,1,1,013,000,1,0,4,1,1,14,5,1,9,00,2,1,1,201700044078A01,1,1,1
201700044078,2017-06-27,2017,juin,mardi,13:30,94,94059,48.80267,2.57433,2,1,1,1,1,2,2,00,1,1,013,000,1,0,4,4,1,48,5,1,9,00,2,1,1,201700044078B01,1,1,1
201700044079,2017-06-30,2017,juin,vendredi,16:40,94,94019,48.78762,2.52063,2,3,7,1,3,3,2,02,1,1,000,052,2,0,1,3,1,67,5,1,9,00,0,0,16,201700044079A01,,,
201700044129,2017-11-02,2017,novembre,jeudi,18:05,94,94019,0,0,2,3,3,2,1,3,-1,01,1,1,000,000,1,0,1,4,2,24,9,1,2,00,2,0,1,201700044129B01,7,9,1
201700044132,2017-11-08,2017,novembre,mercredi,12:30,94,94059,0,0,2,1,7,1,1,4,2,02,1,1,000,070,1,0,1,4,1,16,2,1,9,00,0,0,2,201700044132Z01,,,
201700044132,2017-11-08,2017,novembre,mercredi,12:30,94,94059,0,0,2,1,7,1,1,4,2,02,1,1,000,070,1,0,1,4,1,16,2,1,8,00,0,0,2,201700044132Z01,,,
201700044174,2017-07-31,2017,juillet,lundi,15:45,94,94054,48.74165,2.40249,2,1,3,1,1,4,2,02,1,1,000,640,1,0,1,3,1,25,5,1,2,01,0,1,7,201700044174B01,7,22,1
201700044255,2017-05-23,2017,mai,mardi,20:25,94,94022,0,0,2,3,3,1,1,4,2,02,1,1,000,066,1,0,1,4,2,9,5,1,2,00,2,1,15,201700044255B01,7,1,1
201700044292,2017-01-20,2017,janvier,vendredi,84:8,94,94028,0,0,2,1,6,1,1,4,1,01,1,1,000,030,1,0,1,4,2,11,5,1,2,00,2,8,9,201700044292B01,31,20,1
201700044293,2017-01-21,2017,janvier,samedi,16:00,94,94028,0,0,2,1,7,1,1,4,2,02,1,1,000,060,1,0,1,4,2,24,5,1,9,00,2,8,19,201700044293B01,31,1,1
201700044299,2017-02-08,2017,février,mercredi,13:10,94,94028,0,0,2,1,3,1,1,4,-1,00,-1,-1,000,000,-1,0,1,4,1,43,0,1,9,00,2,7,9,201700044299B01,30,18,1
201700044306,2017-03-06,2017,mars,lundi,11:50,94,94028,0,0,2,1,1,1,2,4,-1,00,-1,-1,000,000,2,0,1,3,1,45,1,1,4,00,2,1,2,201700044306B01,7,13,1
201700044315,2017-03-22,2017,mars,mercredi,20:23,94,94011,0,0,2,1,1,5,2,3,-1,00,-1,-1,000,000,-1,0,1,4,1,8,0,1,4,00,2,1,19,201700044315B01,7,0,1
201700044334,2017-04-24,2017,avril,lundi,12:50,94,94028,0,0,2,1,6,1,1,4,-1,00,1,-1,000,000,1,0,1,1,1,27,0,1,9,00,1,1,2,201700044334A01,,,
201700044342,2017-04-30,2017,avril,dimanche,14:55,94,94028,0,0,2,1,1,1,1,4,4,00,-1,1,000,000,-1,0,1,4,1,53,1,1,9,00,2,7,0,201700044342B01,7,0,1
201700044368,2017-06-15,2017,juin,jeudi,20:55,94,94028,48.76761,2.46771,2,1,3,1,1,3,2,01,1,1,000,065,1,0,1,3,1,16,5,1,9,00,2,1,19,201700044368B01,37,19,1
201700044386,2017-07-11,2017,juillet,mardi,12:35,94,94028,48.774,2.4691,2,3,3,1,1,4,2,02,1,1,,,1,,1,3,1,47,1,1,2,00,2,1,1,201700044386B01,7,15,1
201700044409,2017-09-21,2017,septembre,jeudi,75:0,94,94028,48.779,-2.443,2,1,3,1,1,3,1,02,1,1,000,070,1,0,1,4,1,22,2,1,2,00,2,7,19,201700044409B01,34,1,1
201700044424,2017-10-13,2017,octobre,vendredi,16:46,94,94028,48.79636,2.46791,2,9,3,1,1,4,2,01,1,-1,000,000,1,6,1,4,2,10,5,1,2,00,2,3,19,201700044424B01,7,19,1
201700044438,2017-11-10,2017,novembre,vendredi,19:30,94,94028,0,0,2,2,6,5,2,4,2,02,2,1,000,000,2,0,1,4,1,43,1,1,2,00,2,1,1,201700044438A01,7,1,1
201700044490,2017-05-06,2017,mai,samedi,15:20,94,94033,0,0,2,1,6,1,2,4,2,01,1,1,000,060,2,0,1,1,1,37,2,1,2,00,0,1,0,201700044490A01,,,
201700044495,2017-05-30,2017,mai,mardi,94:0,94,94033,0,0,2,1,6,1,8,9,2,02,1,1,000,000,1,0,4,1,1,20,0,1,2,00,1,1,0,201700044495A01,,,
201700044496,2017-06-01,2017,juin,jeudi,94:5,94,94033,48.84897,2.47626,2,3,2,1,1,4,1,01,1,1,000,000,1,0,1,4,2,25,4,1,2,00,2,7,1,201700044496B01,7,4,1
201700044518,2017-10-17,2017,octobre,mardi,15:12,94,94033,48.8573,2.4914,2,1,3,1,1,4,1,02,1,-1,000,000,1,0,1,4,1,47,5,1,9,00,2,2,14,201700044518B01,7,1,1
201700044539,2017-01-23,2017,janvier,lundi,10:05,94,94076,0,0,2,6,7,1,1,4,1,01,1,2,000,000,2,0,1,4,1,49,4,1,2,00,0,0,15,201700044539A01,,,
201700044550,2017-02-16,2017,février,jeudi,94:5,94,94003,0,0,2,1,3,1,2,2,3,04,1,-1,000,000,2,0,1,4,2,57,0,1,2,00,0,7,0,201700044550B01,13,0,1
201700044552,2017-02-16,2017,février,jeudi,18:10,94,94003,0,0,2,1,3,5,3,3,3,02,1,1,000,000,2,0,1,4,2,43,5,1,2,00,2,8,2,201700044552A01,7,14,1
201700044554,2017-02-19,2017,février,dimanche,12:05,94,94003,0,0,2,4,3,1,1,3,1,04,1,-1,000,000,1,0,1,4,1,70,5,1,9,00,2,2,0,201700044554B01,7,0,1
201700044595,2017-05-03,2017,mai,mercredi,15:00,94,94076,0,0,2,2,3,1,2,3,2,01,1,1,000,000,2,0,1,3,1,20,4,1,2,00,2,7,1,201700044595B01,7,2,1
201700044637,2017-09-19,2017,septembre,mardi,10:15,94,94003,48.79962,2.33292,2,1,3,1,2,3,2,00,1,-1,000,000,2,0,1,4,1,47,0,1,2,00,2,8,1,201700044637B01,7,1,1
201700044650,2017-09-29,2017,septembre,vendredi,13:00,94,94003,48.80456,2.33346,2,2,7,1,1,4,1,00,1,1,000,000,1,0,1,4,1,56,9,1,9,00,2,2,1,201700044650B01,7,12,1
201700044651,2017-09-29,2017,septembre,vendredi,16:00,94,94016,48.78556,2.34177,2,1,3,1,1,3,3,02,1,1,000,000,1,0,5,4,1,37,5,1,2,00,2,1,2,201700044651B01,99,16,1
201700044662,2017-10-17,2017,octobre,mardi,12:35,94,94037,0,0,2,1,6,1,1,4,1,01,2,1,000,000,1,0,1,4,1,15,2,1,2,00,1,1,1,201700044662A01,,,
201700044670,2017-10-21,2017,octobre,samedi,17:30,94,94076,48.79208,2.35362,2,1,6,1,2,9,-1,00,2,1,000,000,2,0,4,1,1,18,0,1,9,00,1,4,21,201700044670A01,,,
201700044698,2017-12-06,2017,décembre,mercredi,10:50,94,94016,48.52461,2.34345,2,1,2,1,1,4,2,00,1,3,000,000,1,0,1,4,2,70,0,1,9,00,2,1,1,201700044698B01,7,24,1
201700044713,2017-06-12,2017,juin,lundi,74:0,94,94038,48.77109,2.34993,2,6,3,1,1,3,2,02,1,3,000,000,1,0,0,4,1,13,5,1,2,00,2,8,19,201700044713B01,7,9,1
201700044726,2017-07-05,2017,juillet,mercredi,21:35,94,94021,48.77465,2.36161,2,1,3,2,1,4,2,01,1,1,000,000,1,0,1,4,1,10,5,1,2,00,2,1,19,201700044726B01,7,2,1
201700044735,2017-07-20,2017,juillet,jeudi,10:15,94,94021,48.76617,2.33562,2,4,6,1,8,3,3,04,1,1,000,000,1,0,4,1,1,28,4,1,2,00,1,1,1,201700044735A01,,,
201700044746,2017-08-18,2017,août,vendredi,82:0,94,94021,0,0,2,1,3,1,2,2,1,02,1,1,000,000,2,0,1,4,1,27,0,1,2,00,2,8,15,201700044746B01,7,17,1
201700044753,2017-08-28,2017,août,lundi,13:05,94,94021,0,0,2,1,3,1,1,4,1,02,1,1,000,060,1,0,1,3,2,19,3,1,2,00,2,1,13,201700044753B01,7,17,1
201700044761,2017-09-15,2017,septembre,vendredi,93:0,94,94021,0,0,2,1,7,1,1,3,2,03,1,1,000,000,1,0,1,4,1,29,1,1,9,00,0,0,13,201700044761A01,,,