Num_Acc,date,an,mois,jour,hrmn,dep,com,lat,long,agg,int,col,lum,atm,catr,circ,nbv,prof,plan,lartpc,larrout,surf,infra,situ,grav,sexe,age,trajet,secuexist,equipement,obs,obsm,choc,manv,vehiculeid,typevehicules,manoeuvehicules,numVehicules
201700044765,2017-09-25,2017,septembre,lundi,12:40,94,94073,0,0,2,2,3,1,1,4,1,00,1,1,000,000,1,0,1,4,2,46,4,1,2,00,2,1,16,201700044765B01,15,16,1
201700044776,2017-10-11,2017,octobre,mercredi,92:6,94,94021,48.77333,2.3396,2,1,3,1,8,4,1,01,1,1,000,030,1,0,1,4,2,38,0,1,2,00,2,3,0,201700044776B01,14,2,1
201700044785,2017-10-24,2017,octobre,mardi,20:05,94,94021,0,0,2,3,3,5,1,2,2,01,1,1,000,000,1,5,1,4,1,15,5,1,9,00,2,1,19,201700044785B01,7,1,1
201700044824,2017-12-18,2017,décembre,lundi,19:10,94,94021,48.77173,2.35679,2,2,3,5,1,4,1,02,1,1,000,000,1,0,1,4,1,14,5,1,4,00,2,6,1,201700044824B01,7,15,1
201700044842,2017-01-17,2017,janvier,mardi,16:00,94,94065,0,0,2,6,6,1,1,4,1,02,-1,-1,000,000,1,0,1,4,1,63,5,1,2,00,2,4,1,201700044842B01,,,
201700044843,2017-01-18,2017,janvier,mercredi,75:0,94,94073,0,0,2,1,3,5,1,3,-1,02,1,3,000,000,1,5,1,4,1,25,1,1,2,00,2,1,8,201700044843A01,7,1,1
201700044855,2017-02-14,2017,février,mardi,10:20,94,94065,0,0,2,1,3,1,2,4,-1,01,1,1,000,000,2,0,1,3,2,45,4,1,2,00,2,2,15,201700044855B01,7,1,1
201700044876,2017-04-05,2017,avril,mercredi,18:10,94,94073,0,0,2,2,3,1,1,4,2,02,2,2,000,000,1,0,1,3,1,61,0,1,9,00,2,8,2,201700044876A01,37,2,1
201700044880,2017-04-18,2017,avril,mardi,16:10,94,94034,0,0,2,3,3,1,1,4,2,02,1,1,000,000,1,0,1,3,2,53,0,1,9,00,2,3,5,201700044880B01,7,0,1
201700044905,2017-06-02,2017,juin,vendredi,15:00,94,94038,48.77697,2.34018,2,1,3,1,2,3,3,04,1,1,000,000,2,0,1,4,1,86,5,1,9,00,2,8,13,201700044905A01,7,1,1
201700044918,2017-06-14,2017,juin,mercredi,11:50,94,94041,48.82104,2.39437,2,1,3,1,1,3,3,04,1,1,000,000,1,0,5,4,1,55,5,1,9,00,2,1,1,201700044918B01,7,16,1
201700044936,2017-06-04,2017,juin,dimanche,19:45,94,94041,48.81442,2.40837,2,1,3,1,1,4,1,01,1,1,000,040,1,0,1,4,1,11,5,1,9,00,2,8,19,201700044936B01,7,1,1
201700044940,2017-09-07,2017,septembre,jeudi,13:5,94,94041,48.80757,2.38072,2,3,1,3,1,4,2,00,1,1,000,000,1,0,1,4,1,31,9,1,2,00,2,1,1,201700044940B01,7,11,1
201700044940,2017-09-07,2017,septembre,jeudi,13:5,94,94041,48.80757,2.38072,2,3,1,3,1,4,2,00,1,1,000,000,1,0,1,4,1,29,9,1,2,00,2,1,1,201700044940B01,7,11,1
201700044968,2017-11-27,2017,novembre,lundi,83:5,94,94041,0,0,2,1,2,1,1,4,2,02,1,1,000,000,1,0,1,4,1,32,1,1,2,00,2,1,1,201700044968B01,10,20,1
201700044970,2017-12-02,2017,décembre,samedi,19:42,94,94041,48.81739,2.38172,2,1,3,5,1,4,2,02,1,1,000,060,1,0,1,3,1,50,5,1,2,00,2,8,0,201700044970B01,7,11,1
201700044977,2017-12-27,2017,décembre,mercredi,65:0,94,94041,48.8193,2.39261,2,2,1,5,1,4,2,02,-1,-1,000,000,1,0,1,4,1,62,1,1,2,00,2,0,0,201700044977B01,7,15,1
201700044986,2017-01-16,2017,janvier,lundi,75:4,94,94041,0,0,2,2,6,5,1,3,2,02,2,1,,,1,0,1,1,1,15,2,1,9,00,1,1,16,201700044986A01,,,
201700044998,2017-02-21,2017,février,mardi,16:30,94,94041,0,0,2,1,3,1,1,4,1,01,1,1,000,000,1,0,4,4,1,72,0,1,9,00,0,8,5,201700044998B01,7,9,1
201700045023,2017-05-15,2017,mai,lundi,14:10,94,94041,0,0,2,1,6,1,1,2,2,02,1,3,000,070,1,0,4,3,1,20,1,1,9,00,0,1,1,201700045023A01,,,
201700045047,2017-06-23,2017,juin,vendredi,21:11,94,94043,48.81424,2.3597,2,1,1,2,1,4,1,01,1,1,000,000,1,0,1,4,1,31,9,1,9,00,2,1,5,201700045047B01,7,21,1
201700045049,2017-06-25,2017,juin,dimanche,95:5,94,94016,48.78801,2.33031,2,4,3,1,1,3,2,02,1,1,000,000,1,0,1,4,1,56,5,1,2,00,2,1,7,201700045049B01,7,16,1
201700045051,2017-06-25,2017,juin,dimanche,18:05,94,94043,48.81518,2.3605,2,3,3,1,1,3,2,03,1,1,000,000,1,0,1,4,1,29,5,1,2,00,2,3,1,201700045051B01,7,16,1
201700045058,2017-07-05,2017,juillet,mercredi,17:30,94,94043,48.80612,2.34594,2,2,3,1,1,4,3,02,1,1,000,000,1,0,5,4,1,23,5,1,9,00,2,0,1,201700045058B01,7,1,1
201700045075,2017-06-07,2017,juin,mercredi,72:0,94,94003,48.81239,2.35281,2,2,3,1,1,3,2,04,1,1,000,000,1,0,1,3,1,31,5,1,2,00,2,1,1,201700045075A01,7,1,1
201700045093,2017-09-21,2017,septembre,jeudi,17:50,94,94046,0,0,2,1,7,1,1,4,-1,02,1,1,000,000,1,0,1,4,1,62,5,1,9,00,0,0,17,201700045093B01,7,17,1
201700045102,2017-10-12,2017,octobre,jeudi,16:40,94,94046,48.81002,2.47211,2,1,6,1,1,4,-1,02,1,1,000,000,1,0,5,4,1,26,5,1,2,00,2,1,2,201700045102B01,7,22,1
201700045113,2017-11-21,2017,novembre,mardi,16:10,94,94046,0,0,2,1,6,1,1,9,2,01,1,2,000,020,1,0,5,1,1,19,0,1,2,00,1,2,21,201700045113A01,,,
201700045143,2017-03-14,2017,mars,mardi,17:50,94,94046,0,0,2,3,3,1,1,3,2,02,1,1,000,080,1,0,1,4,1,18,0,1,9,00,2,1,19,201700045143B01,7,1,1
201700045156,2017-04-21,2017,avril,vendredi,15:55,94,94046,0,0,2,1,3,1,1,3,1,01,1,1,000,040,1,0,1,4,2,42,0,1,2,00,2,3,1,201700045156A01,13,0,1
201700045164,2017-05-31,2017,mai,mercredi,80:0,94,94046,0,0,2,1,3,1,1,2,2,00,1,1,000,100,1,0,4,4,1,24,1,1,2,00,2,1,1,201700045164A01,7,0,1
201700045173,2017-06-25,2017,juin,dimanche,14:05,94,94042,48.81887,2.46793,2,1,6,1,1,3,1,02,2,1,000,080,1,0,5,4,2,42,5,1,9,00,2,2,1,201700045173B02,7,22,1
201700045180,2017-07-16,2017,juillet,dimanche,18:30,94,94015,48.84073,2.51323,2,1,1,1,1,4,1,02,1,2,000,037,1,0,5,1,1,45,5,1,2,00,9,1,21,201700045180A01,1,21,1
201700045180,2017-07-16,2017,juillet,dimanche,18:30,94,94015,48.84073,2.51323,2,1,1,1,1,4,1,02,1,2,000,037,1,0,5,3,1,27,5,1,9,00,9,1,21,201700045180B01,1,21,1
201700045182,2017-07-17,2017,juillet,lundi,10:00,94,94042,48.81495,2.4633,2,2,2,1,1,3,2,04,1,1,000,100,1,5,1,4,1,35,5,1,2,00,2,4,1,201700045182B01,7,15,1
201700045182,2017-07-17,2017,juillet,lundi,10:00,94,94042,48.81495,2.4633,2,2,2,1,1,3,2,04,1,1,000,100,1,5,1,3,2,3,5,1,3,00,2,4,1,201700045182B01,7,15,1
201700045235,2017-03-13,2017,mars,lundi,19:30,94,94052,0,0,2,1,2,5,1,3,3,03,1,1,000,120,1,0,1,4,2,59,1,1,4,00,2,4,2,201700045235B01,7,2,1
201700045238,2017-03-22,2017,mars,mercredi,13:40,94,94052,0,0,2,1,2,1,1,4,1,01,1,1,000,032,1,0,1,4,1,16,2,1,9,00,2,3,2,201700045238A01,7,2,1
201700045242,2017-03-29,2017,mars,mercredi,19:30,94,94042,0,0,2,3,1,1,1,4,1,01,2,1,000,051,1,0,1,4,1,29,1,1,9,00,2,2,5,201700045242A01,37,16,1
201700045265,2017-02-18,2017,février,samedi,95:0,94,94068,0,0,2,2,3,1,5,4,2,01,1,-1,000,000,1,5,1,3,1,77,5,1,9,00,2,8,15,201700045265A01,7,1,1
201700045273,2017-03-14,2017,mars,mardi,75:0,94,94068,0,0,2,2,3,1,1,4,1,01,1,1,000,000,1,0,1,4,1,17,2,1,2,00,2,1,1,201700045273A01,7,1,1
201700045296,2017-05-22,2017,mai,lundi,16:56,94,94068,0,0,2,1,3,1,1,4,2,04,1,1,065,060,1,0,1,4,2,65,0,1,9,01,2,3,11,201700045296A01,37,2,1
201700045297,2017-05-24,2017,mai,mercredi,18:35,94,94068,0,0,2,1,6,1,1,4,2,01,-1,-1,000,000,1,0,1,4,2,52,0,1,9,00,0,0,2,201700045297A01,37,2,1
201700045320,2017-07-13,2017,juillet,jeudi,14:10,94,94068,48.78825,2.4853,2,2,3,1,1,4,2,02,1,1,000,059,1,0,1,4,1,21,5,1,2,00,2,7,1,201700045320A01,7,1,1
201700045322,2017-07-16,2017,juillet,dimanche,16:05,94,94068,48.79959,2.52204,2,1,7,1,1,4,1,01,1,-1,000,040,1,0,1,4,1,82,5,1,2,08,0,8,1,201700045322A01,,,
201700045325,2017-07-28,2017,juillet,vendredi,20:00,94,94068,48.80072,2.47032,2,4,3,1,1,3,4,02,1,3,000,000,1,0,1,4,1,59,5,1,2,00,2,3,1,201700045325B01,7,16,1
201700045326,2017-08-01,2017,août,mardi,10:10,94,94068,48.79341,2.49767,2,2,3,1,2,4,2,02,1,1,000,128,2,0,1,4,1,28,1,1,9,00,2,1,1,201700045326B01,7,15,1
201700045363,2017-10-13,2017,octobre,vendredi,74:5,94,94068,48.79323,2.51533,2,1,6,2,1,4,2,02,1,1,000,085,1,0,1,4,2,37,1,1,9,01,0,2,1,201700045363B01,7,22,1
201700045366,2017-10-17,2017,octobre,mardi,17:40,94,94068,48.80891,2.47115,2,1,6,1,1,4,3,02,1,1,030,120,1,0,1,1,2,42,0,1,9,00,1,1,1,201700045366A01,,,
201700045390,2017-12-14,2017,décembre,jeudi,17:00,94,94068,48.79795,2.49137,2,2,3,5,2,4,2,01,1,1,000,100,2,0,5,4,2,33,1,1,9,00,2,8,19,201700045390B01,7,9,1
201700045421,2017-01-02,2017,janvier,lundi,61:0,94,94077,0,0,2,9,6,5,9,3,3,03,1,-1,000,120,7,0,1,4,1,91,9,1,2,00,2,1,19,201700045421A01,7,1,1
201700045423,2017-07-28,2017,juillet,vendredi,11:25,94,94078,48.7465,2.4564,2,1,7,1,1,4,4,01,1,1,000,000,1,0,1,3,1,76,0,1,9,00,0,0,0,201700045423A01,,,
201700045444,2017-01-03,2017,janvier,mardi,93:5,94,94078,0,0,2,5,3,1,1,3,-1,02,1,1,000,080,2,0,1,3,1,30,0,1,9,00,0,7,2,201700045444B01,7,2,1
201700045473,2017-10-31,2017,octobre,mardi,22:50,94,94077,0,0,2,2,2,5,1,3,2,02,2,1,000,100,1,0,1,4,1,17,5,1,2,00,0,0,1,201700045473B01,7,1,1
201700045510,2017-01-26,2017,janvier,jeudi,73:0,94,94078,0,0,2,1,6,3,8,4,2,02,1,1,000,070,1,0,1,1,1,48,1,1,1,00,0,0,0,201700045510A01,,,
201700045555,2017-05-11,2017,mai,jeudi,20:00,94,94078,0,0,2,6,3,5,2,3,1,00,1,2,000,000,2,0,1,4,1,20,0,1,2,00,2,1,1,201700045555B01,7,9,1
201700045567,2017-02-19,2017,février,dimanche,16:30,94,94080,0,0,2,3,6,1,1,3,1,01,1,1,000,000,1,0,1,1,1,32,5,1,9,00,2,5,1,201700045567A01,34,15,1
201700045569,2017-02-20,2017,février,lundi,91:5,94,94080,0,0,2,1,6,1,2,3,2,02,-1,-1,000,000,2,0,1,1,1,35,1,1,9,00,1,1,1,201700045569A01,,,
201700045574,2017-03-26,2017,mars,dimanche,93:0,94,94080,0,0,2,1,6,1,1,3,1,01,1,1,000,000,1,0,1,4,1,74,5,1,9,01,2,1,17,201700045574B01,7,22,1
201700045592,2017-06-08,2017,juin,jeudi,13:45,94,94080,48.84525,2.43159,2,2,1,1,1,3,2,04,1,1,000,000,1,0,1,4,2,54,4,1,2,00,1,1,1,201700045592B01,7,15,1
201700045593,2017-06-12,2017,juin,lundi,95:5,94,94080,48.84474,2.43742,2,1,3,1,1,3,2,04,1,1,025,150,1,0,1,4,1,54,1,1,9,01,0,1,7,201700045593B01,10,22,1
201700045595,2017-06-15,2017,juin,jeudi,17:00,94,94080,48.85075,2.43996,2,1,6,1,1,4,2,02,1,1,000,075,1,0,1,4,1,18,5,1,2,01,0,1,1,201700045595B01,7,24,1
201700045596,2017-06-17,2017,juin,samedi,19:55,94,94067,48.84365,2.41764,2,2,3,2,1,3,2,02,1,1,060,145,1,5,1,4,1,21,4,1,9,00,2,7,15,201700045596B01,7,2,1
201700045617,2017-11-03,2017,novembre,vendredi,14:50,94,94080,0,0,2,3,3,1,1,4,1,01,1,1,000,000,1,0,1,4,1,49,0,1,2,00,2,1,2,201700045617B01,7,1,1
201700045637,2017-01-19,2017,janvier,jeudi,15:35,94,94081,0,0,2,2,3,1,1,4,1,02,1,1,000,060,1,0,1,4,1,21,0,1,9,00,0,8,2,201700045637B01,7,10,1
201700045652,2017-02-27,2017,février,lundi,11:50,94,94081,0,0,2,1,6,1,2,4,2,02,1,1,000,071,2,0,0,4,1,38,0,1,9,00,0,0,0,201700045652A01,,,
201700045652,2017-02-27,2017,février,lundi,11:50,94,94081,0,0,2,1,6,1,2,4,2,02,1,1,000,071,2,0,0,4,2,64,0,1,9,00,0,0,0,201700045652A01,,,
201700045654,2017-03-01,2017,mars,mercredi,16:50,94,94081,0,0,2,1,3,2,2,9,2,01,1,1,000,000,2,0,1,4,1,62,0,1,4,00,0,8,1,201700045654Y01,7,0,1
201700045675,2017-05-07,2017,mai,dimanche,18:35,94,94081,0,0,2,2,2,1,1,3,1,01,1,1,000,000,1,0,1,4,1,29,5,1,9,00,2,8,0,201700045675B01,37,16,1
201700045680,2017-06-07,2017,juin,mercredi,16:15,94,94081,48.77761,2.40126,2,1,2,1,1,4,2,02,4,1,000,000,1,0,1,3,1,14,5,1,2,00,2,1,1,201700045680A01,7,1,1
201700045725,2017-09-28,2017,septembre,jeudi,22:55,94,94081,0,0,2,2,3,5,1,4,2,02,1,1,000,000,1,0,1,4,1,25,5,1,2,00,2,3,1,201700045725B01,7,1,1
201700045731,2017-10-10,2017,octobre,mardi,15:05,94,94081,48.79987,2.4012,2,1,3,1,1,3,2,02,1,1,000,070,1,0,1,4,1,15,5,1,9,00,2,1,1,201700045731B01,7,17,1
201700045754,2017-11-27,2017,novembre,lundi,17:00,94,94081,0,0,2,1,3,5,2,4,1,01,1,1,000,035,2,0,1,1,2,41,2,1,9,01,0,8,21,201700045754A01,7,2,1
201700045754,2017-11-27,2017,novembre,lundi,17:00,94,94081,0,0,2,1,3,5,2,4,1,01,1,1,000,035,2,0,1,4,1,4,2,1,2,01,0,8,21,201700045754A01,7,2,1
201700045766,2017-12-18,2017,décembre,lundi,18:55,94,94081,48.79,2.384,2,1,3,5,1,4,2,02,2,3,000,071,1,0,1,4,1,28,5,1,9,00,2,1,1,201700045766B01,7,17,1
201700045808,2017-04-19,2017,avril,mercredi,11:40,95,95018,48.9456,2.2333,2,2,3,1,1,3,2,02,1,1,,,1,0,0,3,1,83,5,1,2,00,2,6,1,201700045808B01,7,16,1
201700045818,2017-05-23,2017,mai,mardi,17:30,95,95063,48.9397,2.2068,2,1,3,1,1,3,3,02,1,1,,,1,0,1,4,1,46,1,1,9,00,2,7,1,201700045818A01,30,9,1
201700045846,2017-09-02,2017,septembre,samedi,19:50,95,95018,48.9404,2.2237,2,2,2,2,1,4,2,02,1,1,,,1,0,1,4,1,37,1,1,9,00,2,4,23,201700045846A01,7,18,1
201700045950,2017-06-15,2017,juin,jeudi,13:00,95,95288,48.9818,2.3531,2,3,3,1,1,3,2,02,1,1,,,1,0,1,4,1,15,2,1,2,00,2,1,1,201700045950B01,14,16,1
201700045958,2017-06-29,2017,juin,jeudi,17:10,95,95598,48.9931,2.3096,2,2,3,1,8,3,2,02,1,1,,,2,0,1,3,2,56,1,1,9,00,2,1,1,201700045958B01,7,15,1
201700045998,2017-12-07,2017,décembre,jeudi,84:0,95,95427,48.9691,2.3417,2,1,3,2,2,4,2,02,1,1,,,2,0,1,4,1,12,2,1,9,00,2,5,2,201700045998B01,7,1,1
201700045999,2017-12-07,2017,décembre,jeudi,14:25,95,95555,48.9691,2.2857,2,1,2,1,8,3,1,02,1,1,,,2,0,1,3,2,52,3,1,9,00,2,4,1,201700045999B01,31,21,1
201700046032,2017-08-30,2017,août,mercredi,17:00,95,95060,49.0448,2.1819,1,1,3,1,2,4,2,02,1,3,,,2,0,1,4,1,52,5,1,2,00,2,7,2,201700046032Y01,7,15,1
201700046131,2017-09-18,2017,septembre,lundi,71:0,95,95585,48.9937,2.3779,2,1,3,1,1,4,2,02,1,1,,,2,0,1,3,1,27,1,1,2,00,2,7,1,201700046131B01,7,22,1
201700046166,2017-01-05,2017,janvier,jeudi,10:50,2A,2A004,41.93169,8.73997,2,1,3,1,1,4,3,04,1,1,000,000,1,0,1,4,1,33,0,1,9,01,0,2,17,201700046166B01,10,24,1
201700046249,2017-05-29,2017,mai,lundi,16:31,2A,2A004,41.93471,8.74331,2,1,6,1,1,4,2,01,1,1,000,000,1,0,1,4,1,48,0,1,2,00,2,3,17,201700046249B01,7,0,1
201700046251,2017-05-31,2017,mai,mercredi,18:25,2A,2A004,41.91116,8.71117,2,1,3,1,1,4,2,02,2,1,000,065,1,0,1,3,1,27,5,1,2,00,2,2,1,201700046251A01,7,15,1
201700046269,2017-06-29,2017,juin,jeudi,11:58,2A,2A004,41.91957,8.73689,2,1,2,1,1,2,2,03,1,1,000,000,1,0,1,4,1,58,5,1,2,00,2,8,18,201700046269A01,7,1,1
201700046281,2017-07-21,2017,juillet,vendredi,19:15,2A,2A004,41.94327,8.75722,2,1,2,1,1,3,2,02,1,1,000,074,1,0,0,4,1,73,0,1,9,00,2,4,2,201700046281B01,7,2,1
201700046478,2017-03-13,2017,mars,lundi,93:0,77,77514,48.93509,2.6087,1,1,7,1,1,1,3,02,1,1,025,060,1,0,0,4,1,38,1,1,2,00,0,3,0,201700046478A01,,,
201700049459,2017-09-14,2017,septembre,jeudi,20:00,91,91549,48.62586,2.3382,1,1,3,3,2,2,1,01,3,1,015,035,1,0,1,4,1,12,9,1,2,00,2,1,19,201700049459A01,7,1,1
201700049836,2017-08-25,2017,août,vendredi,14:00,2B,2B033,0,0,2,1,3,1,1,4,1,01,1,2,000,000,1,5,1,3,1,42,4,1,2,00,2,1,1,201700049836B01,7,9,1
201700049893,2017-12-26,2017,décembre,mardi,81:5,2B,2B033,42.37503,9.27566,1,1,2,1,1,4,2,02,1,1,000,062,1,0,1,4,1,67,5,1,2,00,2,4,1,201700049893B01,7,17,1
201700049896,2017-01-02,2017,janvier,lundi,13:00,69,69381,45.77052,4.83781,2,3,3,1,1,4,1,01,-1,-1,000,000,-1,0,1,4,1,23,4,1,2,00,2,8,19,201700049896B01,7,1,1
201700049908,2017-01-04,2017,janvier,mercredi,12:30,69,69081,45.79425,4.77074,1,2,1,1,1,4,-1,02,1,1,000,000,1,0,0,3,1,75,5,1,2,00,2,8,1,201700049908B01,7,16,1
201700049909,2017-01-07,2017,janvier,samedi,10:44,69,69034,45.78346,4.83297,2,3,3,1,1,4,1,01,2,2,000,052,1,0,1,3,2,68,5,1,2,00,2,8,1,201700049909B01,7,15,1
201700049937,2017-01-28,2017,janvier,samedi,60:5,69,69382,0,0,2,1,3,5,1,4,2,06,1,1,000,000,1,2,5,4,1,44,0,1,2,00,2,1,0,201700049937B01,7,1,1
201700049980,2017-03-10,2017,mars,vendredi,15:10,69,69286,0,0,2,1,3,1,1,4,1,00,1,3,000,000,1,5,1,4,1,49,0,1,2,00,2,8,1,201700049980A01,7,0,1
201700049994,2017-03-18,2017,mars,samedi,10:0,69,69382,0,0,2,1,3,5,1,4,2,03,1,1,030,090,1,0,1,4,2,22,5,1,9,00,2,7,19,201700049994B01,7,1,1
201700049995,2017-03-18,2017,mars,samedi,84:0,69,69389,45.79784,4.83007,2,2,3,1,8,4,1,01,1,2,000,053,1,0,1,3,1,54,0,1,2,00,2,5,9,201700049995B01,10,1,1
201700049996,2017-03-18,2017,mars,samedi,20:15,69,69381,45.7679,4.83775,2,3,3,3,1,4,1,04,1,1,000,110,1,0,1,3,1,21,4,1,2,00,2,2,1,201700049996A01,7,1,1
201700050011,2017-03-29,2017,mars,mercredi,12:10,69,69382,0,0,2,1,6,1,1,4,2,03,1,1,000,000,1,0,1,3,1,32,5,1,2,00,2,1,2,201700050011B01,7,22,1
201700050014,2017-03-28,2017,mars,mardi,15:10,69,69381,0,0,2,1,6,1,1,4,1,02,1,1,000,026,1,2,5,3,2,54,5,1,9,00,2,4,1,201700050014B01,14,0,1
201700050019,2017-04-01,2017,avril,samedi,14:5,69,69381,45.76756,4.83793,2,1,3,5,1,4,1,01,2,1,000,000,1,0,1,4,1,31,5,1,9,00,2,1,9,201700050019A01,7,1,1
201700050022,2017-04-02,2017,avril,dimanche,20:30,69,69382,0,0,2,1,6,2,1,3,1,04,1,1,000,102,1,0,1,4,2,28,5,1,2,01,0,1,3,201700050022B01,7,23,1
201700050045,2017-04-06,2017,avril,jeudi,90:0,69,69382,45.75379,4.82523,2,1,2,1,1,4,1,03,1,1,000,000,1,0,1,4,1,23,1,1,2,00,2,6,1,201700050045B01,33,1,1
201700050048,2017-04-18,2017,avril,mardi,16:00,69,69034,45.79911,4.84645,2,3,3,1,1,3,-1,00,2,1,000,000,-1,0,1,4,2,12,5,1,2,00,2,8,19,201700050048B01,7,16,1
201700050050,2017-04-14,2017,avril,vendredi,11:20,69,69385,45.76304,4.82939,2,1,6,1,1,4,2,00,1,1,000,061,1,0,1,1,1,29,5,1,9,00,1,1,0,201700050050A01,,,
201700050059,2017-04-23,2017,avril,dimanche,33:6,69,69382,45.76304,4.8333,2,1,7,5,1,3,1,02,1,1,000,000,1,0,1,4,1,27,5,1,2,00,0,0,0,201700050059A01,,,
201700050075,2017-05-05,2017,mai,vendredi,80:5,69,69385,45.75461,4.7883,2,2,1,1,1,4,2,02,2,1,020,094,1,0,0,4,1,35,1,1,2,00,2,1,1,201700050075B01,7,15,1
201700050082,2017-05-09,2017,mai,mardi,19:15,69,69382,0,0,2,1,3,1,1,4,1,00,1,1,000,000,1,0,1,4,1,50,1,1,2,00,2,3,15,201700050082B01,32,1,1
201700050109,2017-05-25,2017,mai,jeudi,18:45,69,69034,0,0,2,1,6,1,1,9,-1,00,1,-1,000,000,1,6,4,1,1,57,5,1,2,00,1,1,2,201700050109A01,,,
201700050115,2017-05-30,2017,mai,mardi,93:5,69,69381,45.77079,4.82871,2,1,3,1,1,4,2,02,2,3,000,077,1,0,1,4,1,31,1,1,9,00,0,0,0,201700050115B01,7,15,1
201700050128,2017-06-03,2017,juin,samedi,22:00,69,69381,0,0,2,1,3,5,2,3,1,04,1,1,000,032,2,0,1,3,1,33,1,1,2,00,2,0,0,201700050128B01,7,16,1
201700050134,2017-06-11,2017,juin,dimanche,12:40,69,69389,45.78298,4.8112,2,6,1,1,7,4,2,04,1,1,000,000,1,5,1,3,1,62,5,1,2,00,2,7,15,201700050134B01,32,1,1
201700050137,2017-06-13,2017,juin,mardi,17:30,69,69389,45.773,4.808,2,1,2,1,1,4,1,02,2,1,060,060,1,0,1,4,1,24,5,1,9,00,2,1,2,201700050137B01,7,2,1
201700050144,2017-06-20,2017,juin,mardi,16:45,69,69382,45.75702,4.83595,2,3,3,1,1,4,1,04,1,1,000,000,1,5,1,3,1,20,1,1,2,00,2,6,19,201700050144B01,7,1,1
201700050150,2017-06-27,2017,juin,mardi,21:11,69,69382,45.75887,4.83091,2,1,3,2,1,4,1,03,1,1,000,097,1,0,1,4,2,25,5,1,9,00,2,1,5,201700050150B01,7,15,1
201700050159,2017-07-03,2017,juillet,lundi,94:0,69,69286,45.80561,4.88268,2,1,2,1,1,4,2,03,2,1,000,130,1,0,1,4,1,41,1,1,2,00,2,4,7,201700050159B01,7,23,1
201700050184,2017-07-17,2017,juillet,lundi,17:50,69,69384,45.77596,4.82105,2,3,3,1,1,4,2,01,1,1,000,110,1,0,1,3,2,24,0,1,2,00,2,8,15,201700050184A01,7,17,1
201700050201,2017-08-03,2017,août,jeudi,93:0,69,69142,45.70659,4.80504,2,8,3,1,1,3,2,02,2,2,016,122,1,0,0,3,1,34,1,1,2,00,2,1,0,201700050201B01,7,15,1
201700050206,2017-08-04,2017,août,vendredi,12:00,69,69389,45.7866,4.7939,2,1,3,1,1,4,2,02,2,1,000,064,1,0,1,3,1,7,5,1,2,00,2,7,19,201700050206A01,7,1,1
201700050214,2017-08-11,2017,août,vendredi,23:0,69,69382,45.7635,4.8382,2,2,3,5,2,3,2,04,1,1,000,180,2,0,0,4,2,26,0,1,9,00,2,7,19,201700050214A01,7,1,1
201700050215,2017-08-10,2017,août,jeudi,15:17,69,69286,45.81524,4.89656,2,1,3,1,1,4,3,02,2,1,250,037,1,0,1,2,1,75,9,1,2,01,0,1,1,201700050215B01,10,22,1
201700050227,2017-08-24,2017,août,jeudi,22:59,69,69382,45.7429,4.82125,2,1,7,5,1,3,3,02,1,1,000,000,1,0,5,3,2,24,5,1,9,12,0,1,16,201700050227A01,,,
201700050231,2017-08-29,2017,août,mardi,61:5,69,69389,45.80315,4.83942,2,1,7,2,1,4,3,01,2,1,000,074,1,0,1,3,1,80,5,1,2,00,9,0,0,201700050231A01,,,
201700050233,2017-08-30,2017,août,mercredi,18:10,69,69382,45.7653,4.83639,2,1,6,1,1,4,1,01,1,1,000,060,1,0,1,1,1,28,1,1,2,00,1,2,2,201700050233A01,,,
201700050247,2017-09-07,2017,septembre,jeudi,85:5,69,69385,45.7653,4.82916,2,1,3,1,1,4,1,03,1,1,000,099,1,0,5,4,1,36,4,1,2,00,2,1,1,201700050247B01,7,16,1
201700050258,2017-09-14,2017,septembre,jeudi,11:00,69,69382,45.75055,4.8319,2,2,3,1,2,4,2,01,1,1,000,116,2,0,1,4,2,22,5,1,2,00,2,5,19,201700050258B01,7,16,1
201700050264,2017-09-16,2017,septembre,samedi,15:00,69,69382,45.76639,4.83863,2,1,3,1,1,3,-1,00,1,-1,000,000,1,6,4,4,2,29,5,1,2,00,2,1,19,201700050264B01,2,20,1
201700050267,2017-09-05,2017,septembre,mardi,19:00,69,69202,0,0,2,1,1,1,1,6,1,01,1,2,000,000,1,0,1,4,1,10,0,1,9,00,2,1,1,201700050267B01,7,23,1
201700050276,2017-09-22,2017,septembre,vendredi,15:21,69,69385,45.75771,4.82459,2,1,7,1,1,4,-1,01,2,3,000,000,1,0,1,3,1,19,2,1,2,06,0,1,16,201700050276A01,,,
201700050285,2017-09-28,2017,septembre,jeudi,90:0,69,69149,45.71,4.8,2,2,3,1,1,4,1,01,2,1,000,040,1,0,1,1,2,32,1,1,2,00,2,7,1,201700050285B01,7,1,1
201700050285,2017-09-28,2017,septembre,jeudi,90:0,69,69149,45.71,4.8,2,2,3,1,1,4,1,01,2,1,000,040,1,0,1,4,1,5,2,1,3,00,2,7,1,201700050285B01,7,1,1
201700050288,2017-09-29,2017,septembre,vendredi,16:45,69,69382,45.75385,4.83431,2,1,3,1,1,4,3,04,1,1,050,140,1,0,1,3,2,25,0,1,2,00,2,6,19,201700050288B01,7,1,1
201700050295,2017-09-30,2017,septembre,samedi,10:30,69,69382,0,0,2,1,6,1,1,4,1,01,1,1,000,000,1,0,1,1,1,28,1,1,2,00,1,1,18,201700050295A01,,,