Num_Acc,date,an,mois,jour,hrmn,dep,com,lat,long,agg,int,col,lum,atm,catr,circ,nbv,prof,plan,lartpc,larrout,surf,infra,situ,grav,sexe,age,trajet,secuexist,equipement,obs,obsm,choc,manv,vehiculeid,typevehicules,manoeuvehicules,numVehicules
201700050299,2017-10-05,2017,octobre,jeudi,22:10,69,69381,45.76775,4.83795,2,2,3,5,1,4,1,04,1,1,000,123,1,0,1,4,1,18,5,1,2,00,2,8,1,201700050299B01,7,1,1
201700050301,2017-10-07,2017,octobre,samedi,12:12,69,69034,45.79177,4.83775,2,3,6,1,1,4,2,01,1,1,000,000,1,0,1,4,1,33,1,1,2,00,2,3,2,201700050301A01,,,
201700050319,2017-10-18,2017,octobre,mercredi,17:50,69,69034,45.79808,4.84872,2,1,6,1,1,4,2,02,1,1,000,000,1,0,1,4,2,13,5,1,9,00,2,3,1,201700050319B01,7,1,1
201700050332,2017-10-23,2017,octobre,lundi,18:55,69,69381,45.76616,4.83808,2,3,3,5,1,4,1,04,1,1,000,100,1,0,1,4,1,24,5,1,2,00,2,7,1,201700050332B01,7,15,1
201700050335,2017-10-25,2017,octobre,mercredi,18:45,69,69381,45.77405,4.82659,2,1,3,5,1,4,2,02,1,1,000,087,1,0,1,4,1,27,9,1,2,01,0,1,1,201700050335B01,7,22,1
201700050338,2017-10-26,2017,octobre,jeudi,20:00,69,69382,45.73524,4.81732,2,1,2,5,1,4,1,01,1,1,000,053,1,0,5,1,1,24,0,1,2,00,2,4,1,201700050338B01,33,18,1
201700050365,2017-10-24,2017,octobre,mardi,21:45,69,69286,45.81703,4.89137,2,6,2,5,1,3,2,01,1,1,000,040,1,0,1,4,1,23,9,1,2,00,9,4,1,201700050365B01,7,9,1
201700050381,2017-11-19,2017,novembre,dimanche,20:20,69,69381,45.77081,4.82862,2,1,3,5,1,4,2,01,2,1,000,085,1,0,1,1,1,18,4,1,2,00,2,1,1,201700050381B01,30,24,1
201700050405,2017-12-13,2017,décembre,mercredi,18:30,69,69202,45.74164,4.79968,2,2,6,5,3,4,2,02,2,-1,000,082,2,0,1,4,1,32,1,1,2,00,1,2,1,201700050405A01,,,
201700050406,2017-12-13,2017,décembre,mercredi,21:00,69,69385,45.75162,4.82159,2,2,3,5,8,3,2,05,2,1,000,150,2,2,1,1,2,23,4,1,4,00,2,1,5,201700050406A01,34,1,1
201700050407,2017-12-11,2017,décembre,lundi,19:40,69,69381,45.7667,4.834,2,9,6,5,1,4,2,00,1,1,000,000,1,0,0,3,1,38,1,1,9,00,1,3,19,201700050407A01,,,
201700050407,2017-12-11,2017,décembre,lundi,19:40,69,69381,45.7667,4.834,2,9,6,5,1,4,2,00,1,1,000,000,1,0,0,3,2,32,1,1,8,00,1,3,19,201700050407A01,,,
201700050421,2017-12-23,2017,décembre,samedi,18:45,69,69385,45.7561,4.81772,2,1,2,5,1,4,2,02,2,1,000,080,1,0,1,4,1,55,5,1,2,00,2,1,2,201700050421A01,7,2,1
201700050579,2017-01-01,2017,janvier,dimanche,25:5,69,69386,45.76932,4.85037,2,2,3,5,1,4,1,03,1,1,000,000,1,5,1,3,1,20,5,1,9,00,2,0,19,201700050579A01,7,1,1
201700050581,2017-01-01,2017,janvier,dimanche,21:55,69,69387,45.7539,4.83854,2,1,3,5,1,4,1,04,1,1,000,000,1,0,1,4,1,31,5,1,2,00,2,8,0,201700050581B01,7,1,1
201700050584,2017-01-05,2017,janvier,jeudi,16:50,69,69259,45.69731,4.89038,1,1,3,1,2,4,2,00,1,2,000,000,2,5,1,4,1,46,0,1,2,00,2,1,0,201700050584B01,7,16,1
201700050588,2017-01-06,2017,janvier,vendredi,95:5,69,69387,45.75193,4.83696,2,2,3,1,1,4,-1,00,1,1,000,000,1,0,0,4,1,21,0,1,9,00,0,0,0,201700050588B01,7,0,1
201700050591,2017-01-06,2017,janvier,vendredi,21:00,69,69387,45.75477,4.84452,2,1,1,5,1,4,1,00,1,1,000,000,1,0,1,4,1,24,4,1,2,00,2,1,1,201700050591B01,7,20,1
201700050595,2017-01-11,2017,janvier,mercredi,81:0,69,69388,45.73015,4.87847,2,2,7,1,1,4,2,02,1,1,000,000,1,0,1,4,1,30,1,1,2,00,0,0,0,201700050595B01,7,1,1
201700050597,2017-01-05,2017,janvier,jeudi,19:50,69,69387,45.74531,4.84618,2,1,6,5,1,4,1,01,1,1,000,000,1,0,1,4,1,24,4,1,2,01,0,1,1,201700050597B01,7,24,1
201700050601,2017-01-12,2017,janvier,jeudi,18:00,69,69383,45.75503,4.87062,2,2,3,5,2,4,3,03,1,1,000,000,2,0,1,4,2,28,1,1,9,00,2,8,19,201700050601B01,7,17,1
201700050611,2017-01-18,2017,janvier,mercredi,85:5,69,69383,0,0,2,1,1,1,9,4,-1,00,1,-1,000,000,1,0,0,3,1,29,4,1,2,00,2,1,5,201700050611B01,7,0,1
201700050617,2017-01-21,2017,janvier,samedi,14:10,69,69387,45.74918,4.8384,2,2,1,1,1,4,-1,00,-1,-1,000,000,-1,0,0,4,1,36,0,1,9,00,0,0,19,201700050617B01,7,15,1
201700050628,2017-02-01,2017,février,mercredi,15:45,69,69386,0,0,2,2,3,1,1,4,1,01,1,1,000,000,1,0,0,4,2,50,1,1,2,00,2,0,0,201700050628B01,10,22,1
201700050630,2017-02-01,2017,février,mercredi,17:45,69,69387,0,0,2,2,3,1,1,4,3,00,1,1,000,000,1,5,1,4,1,21,2,1,2,00,2,8,1,201700050630B01,7,1,1
201700050639,2017-02-04,2017,février,samedi,19:20,69,69388,45.73146,4.86631,1,2,3,1,1,3,2,04,1,1,000,000,1,4,1,1,1,33,4,1,2,00,2,1,1,201700050639A01,7,19,1
201700050641,2017-02-06,2017,février,lundi,16:17,69,69383,0,0,2,1,3,1,1,4,1,02,1,1,000,000,1,0,1,3,1,61,0,1,9,00,2,4,0,201700050641B01,7,1,1
201700050649,2017-02-09,2017,février,jeudi,19:30,69,69387,0,0,2,1,2,5,2,4,2,01,1,1,000,000,2,0,5,1,1,22,5,1,9,00,2,4,0,201700050649B01,7,13,1
201700050650,2017-02-11,2017,février,samedi,91:5,69,69383,0,0,2,3,3,1,1,3,1,03,-1,-1,000,000,-1,0,1,4,1,98,4,1,2,00,2,0,0,201700050650B01,7,0,1
201700050662,2017-02-21,2017,février,mardi,16:40,69,69388,0,0,2,1,3,1,1,4,2,03,1,1,000,120,1,0,1,4,1,79,0,1,9,00,2,0,0,201700050662B01,7,12,1
201700050663,2017-02-22,2017,février,mercredi,83:0,69,69387,0,0,2,1,3,1,1,4,2,01,1,1,000,080,-1,0,5,4,2,33,0,1,4,00,2,0,0,201700050663B01,7,14,1
201700050669,2017-03-02,2017,mars,jeudi,19:45,69,69387,45.748,4.847,2,2,3,5,1,4,-1,00,1,1,000,000,1,0,0,4,1,58,1,1,2,00,2,2,0,201700050669B01,7,1,1
201700050671,2017-03-03,2017,mars,vendredi,84:0,69,69388,45.738,4.884,2,2,1,1,1,4,1,00,-1,-1,000,000,-1,0,1,3,1,25,0,1,2,00,2,2,1,201700050671B01,7,15,1
201700050677,2017-03-08,2017,mars,mercredi,20:59,69,69387,45.74532,4.84195,2,2,3,5,1,4,1,02,1,1,000,170,1,4,1,3,2,26,0,1,2,00,2,1,19,201700050677B01,7,15,1
201700050685,2017-03-12,2017,mars,dimanche,18:50,69,69387,0,0,2,2,3,5,1,4,1,00,1,-1,000,000,1,0,1,4,1,24,4,1,2,00,2,7,0,201700050685B01,7,1,1
201700050690,2017-03-16,2017,mars,jeudi,23:45,69,69387,0,0,2,2,3,5,1,4,1,01,1,1,000,040,2,0,1,3,1,31,5,1,2,00,2,4,2,201700050690B01,7,0,1
201700050695,2017-03-18,2017,mars,samedi,15:40,69,69387,0,0,2,1,6,1,8,4,1,03,1,1,000,000,1,0,1,1,1,22,0,1,2,00,1,1,1,201700050695A01,,,
201700050710,2017-03-25,2017,mars,samedi,1:,69,69383,0,0,2,1,3,5,1,4,1,00,1,1,000,000,-1,0,1,4,1,32,0,1,2,00,2,1,0,201700050710B01,7,0,1
201700050711,2017-03-25,2017,mars,samedi,23:00,69,69383,45.75715,4.8412,2,2,1,5,2,4,1,00,1,1,000,000,2,5,1,3,1,20,4,1,9,00,2,0,0,201700050711A01,7,0,1
201700050713,2017-03-27,2017,mars,lundi,90:0,69,69388,45.727,4.853,2,1,6,1,1,4,2,02,1,1,000,000,1,0,1,4,1,36,0,1,2,00,1,1,1,201700050713A01,,,
201700050720,2017-03-30,2017,mars,jeudi,17:00,69,69387,0,0,2,2,6,1,1,4,2,02,1,1,000,000,1,0,1,1,1,27,1,1,9,00,1,1,1,201700050720A01,,,
201700050728,2017-04-03,2017,avril,lundi,17:35,69,69276,45.6664,4.85868,2,1,2,1,1,3,3,02,2,1,000,060,1,5,1,4,1,50,1,1,9,00,2,1,2,201700050728B01,7,23,1
201700050732,2017-04-04,2017,avril,mardi,13:00,69,69386,45.76596,4.84398,2,1,3,1,1,4,-1,00,1,1,000,000,1,0,0,4,1,21,0,1,2,00,2,0,0,201700050732B01,7,0,1
201700050735,2017-04-05,2017,avril,mercredi,16:30,69,69388,45.733,4.862,2,2,1,1,1,4,2,00,1,1,000,000,1,0,1,4,1,31,0,1,2,00,2,0,0,201700050735A01,7,0,1
201700050736,2017-04-05,2017,avril,mercredi,16:30,69,69387,45.73135,4.83365,2,2,3,1,1,4,2,04,1,1,000,000,1,0,1,1,2,40,0,1,9,00,2,1,19,201700050736B01,7,16,1
201700050736,2017-04-05,2017,avril,mercredi,16:30,69,69387,45.73135,4.83365,2,2,3,1,1,4,2,04,1,1,000,000,1,0,1,4,2,2,0,1,2,00,2,1,19,201700050736B01,7,16,1
201700050740,2017-04-08,2017,avril,samedi,22:25,69,69383,45.75817,4.84494,2,2,3,5,1,4,1,01,1,1,000,000,1,0,1,3,1,20,4,1,9,00,2,7,5,201700050740B01,7,0,1
201700050749,2017-04-12,2017,avril,mercredi,17:41,69,69386,45.76417,4.85335,2,3,3,1,1,4,1,01,1,1,000,000,1,0,1,4,1,44,0,1,9,00,2,0,0,201700050749B01,10,1,1
201700050759,2017-04-19,2017,avril,mercredi,72:0,69,69383,45.75485,4.84996,2,2,3,1,1,4,1,00,1,1,000,000,1,0,1,4,1,25,1,1,9,00,2,1,2,201700050759B01,7,2,1
201700050761,2017-04-19,2017,avril,mercredi,15:09,69,69387,45.7381,4.83766,2,1,3,1,1,4,2,04,1,1,000,000,1,0,1,3,1,42,5,1,2,00,2,1,1,201700050761B01,7,16,1
201700050776,2017-04-27,2017,avril,jeudi,17:00,69,69387,45.75171,4.83898,1,1,3,1,1,4,1,01,1,1,000,070,1,0,1,4,1,24,0,1,2,00,2,1,9,201700050776A01,7,1,1
201700050785,2017-02-03,2017,février,vendredi,75:5,69,69387,0,0,2,1,2,1,1,4,1,04,1,1,000,000,2,0,1,1,2,59,0,1,2,00,2,0,0,201700050785B01,1,0,1
201700050785,2017-02-03,2017,février,vendredi,75:5,69,69387,0,0,2,1,2,1,1,4,1,04,1,1,000,000,2,0,1,4,2,30,0,1,2,00,2,0,0,201700050785A01,1,0,1
201700050796,2017-05-08,2017,mai,lundi,13:25,69,69386,45.76752,4.85875,2,1,1,1,1,4,2,04,1,2,000,000,1,0,1,4,1,54,5,1,2,00,2,0,0,201700050796B01,7,0,1
201700050809,2017-05-14,2017,mai,dimanche,19:00,69,69387,45.76521,4.85899,2,1,6,1,1,4,-1,01,1,1,000,000,1,0,1,4,1,27,0,1,9,00,2,0,18,201700050809B01,7,23,1
201700050812,2017-05-16,2017,mai,mardi,14:00,69,69383,45.76521,4.85899,1,2,3,1,1,3,1,04,1,1,000,000,1,0,5,3,1,33,4,1,9,00,2,1,0,201700050812B01,7,0,1
201700050813,2017-05-16,2017,mai,mardi,15:45,69,69388,45.73621,4.86964,2,2,3,1,1,4,1,01,1,1,000,000,1,0,1,4,1,75,5,1,2,00,2,1,1,201700050813B01,7,15,1
201700050814,2017-05-16,2017,mai,mardi,18:35,69,69259,45.71432,4.87273,2,1,3,1,1,4,2,02,1,1,000,000,1,0,1,3,1,31,0,1,2,00,2,4,0,201700050814B01,7,0,1
201700050817,2017-05-19,2017,mai,vendredi,20:0,69,69386,45.7666,4.858,2,2,3,5,3,4,1,02,1,-1,000,000,2,0,1,3,1,34,5,1,4,00,2,1,0,201700050817A01,7,0,1
201700050823,2017-05-22,2017,mai,lundi,11:15,69,69383,45.758,4.86181,2,1,1,1,1,4,2,04,1,1,000,000,1,0,1,4,1,67,0,1,2,00,2,7,19,201700050823B01,7,1,1
201700050825,2017-05-23,2017,mai,mardi,90:0,69,69383,45.75,4.85,2,1,3,1,1,4,2,07,1,1,000,000,1,0,1,4,1,31,1,1,9,00,2,1,2,201700050825B01,7,23,1
201700050833,2017-05-26,2017,mai,vendredi,16:30,69,69387,45.73138,4.83625,2,1,3,1,1,4,2,02,1,1,000,061,1,0,1,3,1,33,5,1,2,00,2,1,19,201700050833B01,7,1,1
201700050838,2017-05-29,2017,mai,lundi,91:5,69,69386,0,0,2,1,3,1,1,4,-1,00,1,1,000,000,1,0,1,3,1,32,0,1,2,00,4,3,19,201700050838B01,40,1,1
201700050839,2017-05-30,2017,mai,mardi,38:,69,69259,45.7,4.8,2,1,2,5,1,4,1,02,2,3,000,030,1,0,5,4,1,25,0,1,9,00,2,0,0,201700050839A01,7,0,1
201700050843,2017-05-31,2017,mai,mercredi,17:40,69,69383,45.75411,4.86415,2,1,3,1,1,4,-1,00,1,1,000,000,1,0,5,3,1,48,1,1,2,00,2,1,1,201700050843B01,7,0,1
201700050856,2017-06-02,2017,juin,vendredi,16:30,69,69387,45.74233,4.83975,2,1,6,1,1,9,-1,01,1,-1,000,000,1,0,5,4,2,25,4,1,2,00,0,0,0,201700050856B01,20,0,1
201700050857,2017-06-05,2017,juin,lundi,11:20,69,69386,45.76,4.85,2,1,3,1,1,4,2,02,1,2,000,000,1,0,1,4,1,56,5,1,2,00,2,3,1,201700050857B01,7,16,1
201700050860,2017-05-28,2017,mai,dimanche,15:,69,69386,45.77799,4.84441,2,1,3,5,1,4,3,00,1,1,049,083,1,0,1,4,1,19,0,1,2,00,2,8,0,201700050860B01,7,0,1
201700050861,2017-06-07,2017,juin,mercredi,13:00,69,69383,45.75,4.86,2,1,1,1,1,4,2,02,1,1,000,000,1,0,1,4,1,19,0,1,2,00,2,8,13,201700050861B01,10,14,1
201700050868,2017-06-08,2017,juin,jeudi,19:20,69,69383,45.75085,4.86074,2,2,3,1,1,4,1,00,1,1,000,000,1,0,1,4,2,28,5,1,2,00,0,0,0,201700050868B01,40,1,1
201700050871,2017-06-09,2017,juin,vendredi,20:00,69,69388,45.7294,4.86763,2,1,3,1,1,4,3,04,1,1,000,000,1,0,1,4,1,39,0,1,2,00,2,0,23,201700050871B01,7,0,1
201700050872,2017-06-10,2017,juin,samedi,45:,69,69383,45.74816,4.84575,2,1,3,5,1,4,-1,03,1,-1,000,000,1,0,1,4,1,35,0,1,9,00,2,7,0,201700050872B01,7,0,1
201700050883,2017-06-15,2017,juin,jeudi,18:45,69,69386,45.77,4.84,2,1,3,1,2,4,2,03,1,1,000,000,2,0,1,4,2,30,1,1,2,00,2,8,19,201700050883A01,7,1,1
201700050898,2017-06-24,2017,juin,samedi,14:05,69,69383,45.76141,4.8692,2,1,2,1,1,4,2,02,1,1,000,000,1,0,1,4,1,36,0,1,2,01,0,1,1,201700050898B01,7,22,1
201700050899,2017-06-27,2017,juin,mardi,23:30,69,69387,45.73123,4.83364,2,2,3,5,3,4,2,04,1,1,000,000,2,0,5,4,1,38,5,1,2,00,2,8,1,201700050899B01,7,1,1
201700050911,2017-07-04,2017,juillet,mardi,14:20,69,69388,45.73084,4.86559,2,1,3,1,1,4,2,02,1,1,010,050,1,0,1,3,1,59,0,1,9,01,0,8,1,201700050911B01,7,24,1
201700050918,2017-07-07,2017,juillet,vendredi,11:00,69,69387,45.75429,4.84557,2,1,6,1,1,4,2,03,1,1,000,000,1,0,1,1,1,20,0,1,2,00,1,1,8,201700050918A01,,,
201700050940,2017-07-19,2017,juillet,mercredi,94:0,69,69383,45.75129,4.88322,2,2,3,1,1,4,1,01,1,1,000,000,1,0,1,4,1,12,0,1,9,00,2,7,1,201700050940B01,7,1,1
201700050946,2017-07-21,2017,juillet,vendredi,83:0,69,69387,45.74794,4.83379,2,1,3,1,1,3,1,02,1,1,000,000,1,2,1,4,2,50,4,1,2,00,2,2,1,201700050946B01,7,16,1
201700050947,2017-07-21,2017,juillet,vendredi,82:0,69,69383,45.75463,4.86665,2,1,3,1,1,4,2,00,1,1,000,000,1,0,1,4,1,20,1,1,2,00,2,8,1,201700050947B01,7,15,1
201700050951,2017-07-23,2017,juillet,dimanche,16:05,69,69386,45.7082,4.83566,2,1,6,1,1,4,-1,01,2,1,000,000,1,0,0,1,1,15,5,1,9,00,1,1,1,201700050951A01,,,
201700050953,2017-07-27,2017,juillet,jeudi,19:50,69,69383,45.75804,4.86159,2,9,3,1,1,5,2,00,1,1,000,000,1,4,0,4,2,19,5,1,2,00,2,1,19,201700050953B01,7,7,1
201700050959,2017-08-01,2017,août,mardi,14:30,69,69386,45.76634,4.84777,2,2,3,1,1,4,1,01,1,1,000,000,1,0,1,4,1,22,4,1,2,00,2,1,5,201700050959A01,7,1,1
201700051003,2017-08-29,2017,août,mardi,13:00,69,69383,45.76143,4.86955,2,1,6,1,1,4,2,02,1,1,000,000,1,0,1,4,2,57,1,1,2,01,0,1,1,201700051003B01,7,22,1
201700051009,2017-09-01,2017,septembre,vendredi,20:15,69,69387,45.74133,4.84082,2,3,3,1,1,4,2,02,1,1,000,000,1,0,1,4,1,30,5,1,2,00,2,1,1,201700051009B01,7,15,1
201700051021,2017-09-08,2017,septembre,vendredi,84:0,69,69387,45.75,4.84,2,2,3,1,1,4,1,02,1,-1,000,000,1,0,1,3,1,13,0,1,9,00,2,2,21,201700051021B01,7,21,1
201700051026,2017-09-12,2017,septembre,mardi,74:0,69,69276,45.67553,4.86937,2,3,3,5,1,4,2,01,1,1,000,000,1,0,1,4,1,12,2,1,2,00,2,1,15,201700051026A01,7,1,1
201700051028,2017-09-15,2017,septembre,vendredi,14:20,69,69386,45.76911,4.84602,2,1,6,1,1,4,1,01,1,1,000,000,1,0,1,1,1,17,5,1,2,00,1,0,1,201700051028A01,,,
201700051040,2017-09-08,2017,septembre,vendredi,23:50,69,69387,45.75401,4.83863,2,1,1,5,1,4,1,00,1,1,000,000,1,0,1,4,1,26,0,1,2,00,2,7,19,201700051040A01,7,15,1
201700051050,2017-09-25,2017,septembre,lundi,18:30,69,69388,45.74034,4.88128,2,3,3,2,2,4,1,01,1,1,000,000,1,0,1,4,1,67,1,1,9,01,2,7,21,201700051050B01,7,15,1
201700051055,2017-09-26,2017,septembre,mardi,19:10,69,69387,45.75248,4.84975,2,1,6,1,1,4,1,01,1,1,000,000,1,0,5,4,2,13,0,1,9,00,1,7,1,201700051055A01,,,
201700051056,2017-09-27,2017,septembre,mercredi,16:30,69,69259,45.70189,4.88097,2,1,3,1,1,4,1,01,1,1,000,000,1,0,1,4,1,73,5,1,2,14,0,3,18,201700051056B01,7,22,1
201700051057,2017-09-27,2017,septembre,mercredi,17:35,69,69386,0,0,2,1,6,1,1,4,-1,00,1,1,000,000,1,6,5,1,1,42,9,1,9,00,1,1,1,201700051057A01,,,
201700051057,2017-09-27,2017,septembre,mercredi,17:35,69,69386,0,0,2,1,6,1,1,4,-1,00,1,1,000,000,1,6,5,3,1,4,5,1,8,00,1,1,1,201700051057A01,,,
201700051058,2017-09-27,2017,septembre,mercredi,18:12,69,69259,0,0,2,1,3,1,1,4,-1,01,1,-1,040,020,1,0,1,4,1,68,0,1,9,00,2,4,9,201700051058A01,7,16,1
201700051059,2017-09-28,2017,septembre,jeudi,80:0,69,69386,45.7721,4.85384,2,2,3,1,1,4,1,03,1,1,000,000,1,0,1,1,1,22,2,1,9,00,2,1,1,201700051059A01,31,1,1
201700051064,2017-09-29,2017,septembre,vendredi,12:45,69,69383,45.75,4.885,2,1,2,1,1,4,2,02,1,1,000,000,1,0,1,4,1,23,9,1,9,00,2,1,1,201700051064A01,7,1,1
201700051069,2017-09-30,2017,septembre,samedi,18:30,69,69387,45.7423,4.833,2,3,3,1,2,4,2,01,1,1,000,000,2,0,5,4,1,38,0,1,9,00,2,4,2,201700051069B01,7,16,1
201700051077,2017-10-04,2017,octobre,mercredi,11:25,69,69386,45.765,4.8448,2,1,3,1,1,4,1,01,1,1,000,000,1,0,1,3,1,31,0,1,2,00,2,1,1,201700051077B01,7,16,1
201700051078,2017-10-04,2017,octobre,mercredi,17:50,69,69383,45.75713,4.86247,2,3,3,1,1,4,1,02,1,1,000,000,1,0,1,4,2,58,1,1,9,00,2,5,1,201700051078B01,7,19,1
201700051080,2017-10-05,2017,octobre,jeudi,73:0,69,69387,45.75436,4.84538,2,3,3,2,1,4,1,01,1,1,000,025,1,0,1,3,1,30,9,1,2,00,2,1,8,201700051080B01,7,15,1
201700051084,2017-10-06,2017,octobre,vendredi,13:00,69,69383,45.74969,4.87353,2,1,3,1,1,4,1,00,1,1,000,000,1,0,5,3,1,28,1,1,9,00,2,2,1,201700051084B01,7,16,1
201700051086,2017-10-08,2017,octobre,dimanche,10:5,69,69387,45.74558,4.8413,2,7,7,5,1,4,1,00,1,1,000,000,1,0,4,4,2,31,1,1,2,00,0,0,1,201700051086A01,,,
201700051094,2017-10-11,2017,octobre,mercredi,81:9,69,69388,45.74,4.867,2,2,7,1,1,4,1,01,1,1,000,060,1,0,5,4,1,50,9,1,2,00,2,0,1,201700051094B01,7,15,1
201700051117,2017-10-21,2017,octobre,samedi,22:30,69,69199,45.71193,4.85305,2,2,3,5,1,4,2,00,1,1,000,000,1,5,1,4,1,16,0,1,9,00,2,4,1,201700051117B01,7,1,1
201700051118,2017-10-16,2017,octobre,lundi,20:55,69,69387,45.75166,4.84562,2,1,3,5,1,4,2,04,1,1,000,000,1,0,1,4,1,33,0,1,2,00,2,1,8,201700051118B01,7,15,1
201700051126,2017-10-27,2017,octobre,vendredi,17:33,69,69386,45.77768,4.85946,1,1,6,2,2,9,2,00,1,1,000,000,2,0,0,1,1,20,1,1,9,00,1,1,1,201700051126A01,,,
201700051126,2017-10-27,2017,octobre,vendredi,17:33,69,69386,45.77768,4.85946,1,1,6,2,2,9,2,00,1,1,000,000,2,0,0,4,2,2,5,1,8,00,1,1,1,201700051126A01,,,
201700051141,2017-11-03,2017,novembre,vendredi,94:0,69,69383,45.74276,4.8854,2,1,3,1,1,4,2,02,2,1,000,000,1,0,5,3,2,32,1,1,2,00,2,1,2,201700051141B01,7,20,1
201700051145,2017-11-03,2017,novembre,vendredi,23:04,69,69383,45.75019,4.8537,2,1,3,5,1,4,2,00,1,1,000,000,1,0,1,4,2,32,0,1,2,00,2,0,8,201700051145B01,7,15,1
201700051152,2017-11-08,2017,novembre,mercredi,13:00,69,69383,45.75561,4.85919,2,1,7,1,1,4,1,01,1,1,000,050,1,0,5,4,1,27,4,1,4,00,0,0,7,201700051152A01,,,
201700051162,2017-11-12,2017,novembre,dimanche,17:00,69,69388,45.743,4.872,2,1,3,5,3,4,1,01,1,1,000,000,2,0,4,4,1,36,5,1,2,00,2,1,1,201700051162B01,7,9,1
201700051165,2017-11-14,2017,novembre,mardi,83:0,69,69383,47.61937,6.15293,2,1,3,1,1,4,1,02,1,1,000,000,1,0,5,4,2,33,0,1,2,00,2,3,1,201700051165B01,7,16,1
201700051166,2017-11-14,2017,novembre,mardi,10:35,69,69388,45.73802,4.88445,2,3,7,1,1,3,2,02,2,1,000,030,1,0,0,4,1,26,0,1,9,02,0,0,14,201700051166A01,,,
201700051168,2017-11-14,2017,novembre,mardi,16:40,69,69383,45.7522,4.8524,2,4,3,1,8,4,1,01,1,1,000,000,1,0,1,4,1,37,1,1,9,00,2,3,18,201700051168A01,7,16,1
201700051187,2017-11-21,2017,novembre,mardi,11:00,69,69383,45.75,4.88,2,1,3,1,1,4,1,01,1,1,000,000,1,0,5,4,1,52,0,1,2,01,0,1,24,201700051187B01,7,22,1
201700051200,2017-11-25,2017,novembre,samedi,13:00,69,69259,45.72793,4.8573,2,6,3,1,1,4,4,01,1,2,000,000,1,0,1,4,1,29,9,1,4,00,2,7,19,201700051200B01,7,9,1
201700051210,2017-11-28,2017,novembre,mardi,22:45,69,69383,45.76189,4.84125,2,1,2,5,2,4,2,03,1,1,000,000,2,0,5,4,2,58,5,1,2,08,0,1,2,201700051210B01,1,2,1
201700051210,2017-11-28,2017,novembre,mardi,22:45,69,69383,45.76189,4.84125,2,1,2,5,2,4,2,03,1,1,000,000,2,0,5,4,1,28,5,1,2,08,0,1,2,201700051210A01,1,2,1
201700051213,2017-11-30,2017,novembre,jeudi,72:5,69,69388,45.4323,4.53113,2,4,2,2,8,3,1,02,1,2,000,000,2,0,1,4,1,30,1,1,2,00,2,4,14,201700051213B01,7,14,1
201700051219,2017-12-06,2017,décembre,mercredi,50:,69,69386,45.75,4.85,2,1,7,5,1,4,1,01,1,-1,000,000,1,0,1,3,1,42,0,1,9,00,0,1,1,201700051219A01,,,
201700051226,2017-12-08,2017,décembre,vendredi,18:25,69,69387,45.7298,4.84107,2,9,3,5,2,4,-1,02,1,1,000,000,2,0,1,4,1,43,1,1,2,00,2,8,15,201700051226A01,30,2,1
201700051233,2017-12-11,2017,décembre,lundi,18:00,69,69388,45.74547,4.87136,2,1,6,5,8,4,2,04,2,1,000,120,2,0,1,1,1,32,0,1,9,00,1,1,7,201700051233A01,,,
201700051253,2017-12-19,2017,décembre,mardi,17:30,69,69387,45.73274,4.82455,2,1,3,5,1,4,-1,00,1,1,070,070,1,0,1,3,1,43,0,1,9,00,2,7,0,201700051253B01,7,0,1
201700051254,2017-12-19,2017,décembre,mardi,19:00,69,69386,45.765,4.849,2,1,6,5,8,4,1,01,1,1,000,000,2,0,5,4,2,27,0,1,9,01,0,1,1,201700051254B01,7,22,1
201700051264,2017-12-28,2017,décembre,jeudi,11:30,69,69383,45.75924,4.84264,2,1,7,1,1,9,2,02,1,1,000,000,1,6,5,4,1,65,5,1,2,08,0,2,0,201700051264A01,,,
201700052705,2017-01-06,2017,janvier,vendredi,85:0,75,75101,48.8614,2.34595,2,1,7,1,9,4,1,01,1,1,000,070,7,0,1,4,1,42,1,1,2,00,0,0,1,201700052705A01,,,
201700052709,2017-01-12,2017,janvier,jeudi,17:15,75,75101,48.8627,2.33736,2,7,7,2,2,4,1,01,1,1,000,060,2,0,1,4,1,60,1,1,2,00,0,1,21,201700052709A01,,,
201700052722,2017-02-14,2017,février,mardi,23:45,75,75101,48.8622,2.33693,2,7,6,5,1,4,1,03,1,1,003,120,1,0,1,4,1,47,0,1,2,00,1,1,18,201700052722A01,7,23,1
201700052724,2017-02-15,2017,février,mercredi,19:00,75,75101,48.8627,2.33525,2,2,7,5,1,4,1,04,1,1,000,200,1,0,5,4,1,62,0,1,2,00,0,0,7,201700052724A01,,,
201700052725,2017-02-16,2017,février,jeudi,12:40,75,75101,48.8658,2.33015,2,3,2,1,8,4,1,01,1,1,000,050,2,0,1,4,2,53,5,1,2,00,2,1,21,201700052725B01,7,22,1