Num_Acc,date,an,mois,jour,hrmn,dep,com,lat,long,agg,int,col,lum,atm,catr,circ,nbv,prof,plan,lartpc,larrout,surf,infra,situ,grav,sexe,age,trajet,secuexist,equipement,obs,obsm,choc,manv,vehiculeid,typevehicules,manoeuvehicules,numVehicules
201700052727,2017-02-21,2017,février,mardi,11:20,75,75101,48.8644,2.33008,2,3,3,1,1,4,1,04,-1,-1,000,000,-1,0,1,4,1,31,1,1,2,00,2,0,17,201700052727B01,7,22,1
201700052735,2017-03-05,2017,mars,dimanche,16:00,75,75101,48.8629,2.34136,2,1,6,1,7,4,1,01,1,1,000,000,2,0,1,1,1,27,5,1,2,00,1,1,5,201700052735A01,,,
201700052737,2017-03-09,2017,mars,jeudi,14:50,75,75101,48.8641,2.33604,2,1,2,1,1,4,1,02,2,1,000,080,1,0,1,4,1,49,5,1,2,01,2,1,1,201700052737B01,7,22,1
201700052743,2017-03-16,2017,mars,jeudi,18:30,75,75102,48.8709,2.34672,2,3,6,5,1,4,4,01,2,1,000,000,1,0,5,1,1,16,2,1,2,00,1,1,0,201700052743A01,,,
201700052745,2017-03-22,2017,mars,mercredi,16:00,75,75101,48.8642,2.33346,2,1,3,1,1,4,1,01,1,-1,000,000,-1,0,1,4,2,52,0,1,2,00,2,0,18,201700052745B01,7,22,1
201700052746,2017-03-24,2017,mars,vendredi,16:40,75,75104,48.8572,2.34729,2,7,3,1,1,4,1,04,1,1,000,000,1,0,1,4,1,25,4,1,2,00,2,1,1,201700052746B01,7,1,1
201700052750,2017-04-12,2017,avril,mercredi,14:20,75,75101,48.8639,2.34233,2,2,6,1,1,4,2,02,1,1,000,060,1,0,1,1,1,22,0,1,2,00,1,1,1,201700052750A01,,,
201700052752,2017-04-18,2017,avril,mardi,15:25,75,75101,48.8615,2.33907,2,3,3,1,1,4,2,02,1,1,000,120,1,0,1,4,1,73,5,1,2,00,2,1,1,201700052752B01,10,16,1
201700052758,2017-05-12,2017,mai,vendredi,19:50,75,75101,48.8573,2.34679,2,7,2,1,1,4,1,04,1,1,000,150,2,0,1,4,2,27,1,1,2,00,2,4,15,201700052758B01,7,2,1
201700052763,2017-05-18,2017,mai,jeudi,21:45,75,75101,48.8674,2.32961,2,1,3,5,2,4,2,02,1,1,000,000,2,0,1,4,1,21,4,1,2,00,2,1,17,201700052763B01,7,19,1
201700052769,2017-05-27,2017,mai,samedi,17:15,75,75101,48.8638,2.33207,2,2,3,1,1,4,1,04,1,1,000,160,1,0,1,4,2,57,5,1,2,00,2,8,15,201700052769A01,7,1,1
201700052776,2017-06-07,2017,juin,mercredi,91:5,75,75101,48.8596,2.33571,2,1,1,1,1,4,-1,00,1,1,000,063,1,1,1,4,1,30,1,1,2,00,2,1,1,201700052776B01,1,5,1
201700052776,2017-06-07,2017,juin,mercredi,91:5,75,75101,48.8596,2.33571,2,1,1,1,1,4,-1,00,1,1,000,063,1,1,1,4,1,28,1,1,2,00,2,1,5,201700052776A01,1,1,1
201700052777,2017-06-14,2017,juin,mercredi,93:5,75,75101,48.8625,2.33607,2,3,3,1,1,4,1,00,-1,-1,000,000,-1,0,1,4,2,34,0,1,2,00,2,8,7,201700052777B01,38,16,1
201700052778,2017-06-16,2017,juin,vendredi,19:15,75,75101,48.8631,2.3234,2,1,2,1,1,4,1,03,1,1,000,104,1,0,1,4,1,46,1,1,2,00,2,4,7,201700052778A01,34,7,1
201700052779,2017-06-17,2017,juin,samedi,16:27,75,75101,48.8627,2.33525,2,7,3,1,1,4,1,00,1,1,000,000,-1,0,1,4,2,36,5,1,2,00,2,7,7,201700052779B01,7,16,1
201700052780,2017-06-26,2017,juin,lundi,14:00,75,75101,48.8653,2.34307,2,2,2,1,1,4,-1,00,1,1,000,040,1,0,0,4,2,27,0,1,2,00,2,1,1,201700052780B01,7,22,1
201700052781,2017-06-25,2017,juin,dimanche,21:00,75,75101,48.8592,2.33789,2,3,7,1,1,4,1,04,1,1,000,000,9,0,1,4,1,33,4,1,2,00,0,0,1,201700052781A01,,,
201700052785,2017-07-01,2017,juillet,samedi,20:50,75,75101,48.864,2.33134,2,3,3,1,1,4,1,01,1,1,000,035,1,0,1,1,1,22,4,1,2,00,2,1,1,201700052785A01,7,16,1
201700052785,2017-07-01,2017,juillet,samedi,20:50,75,75101,48.864,2.33134,2,3,3,1,1,4,1,01,1,1,000,035,1,0,1,4,2,56,5,1,2,00,2,1,1,201700052785A01,7,16,1
201700052786,2017-07-02,2017,juillet,dimanche,15:40,75,75101,48.8579,2.34719,2,2,3,1,1,4,-1,01,1,-1,000,130,1,5,1,4,1,45,9,1,2,00,2,1,18,201700052786B01,7,16,1
201700052787,2017-07-02,2017,juillet,dimanche,19:45,75,75101,48.867,2.32757,2,1,3,1,1,4,1,01,1,1,000,030,1,0,1,4,1,21,5,1,2,00,2,3,14,201700052787A01,7,1,1
201700052794,2017-07-06,2017,juillet,jeudi,10:25,75,75101,48.8661,2.33982,2,2,1,1,1,4,1,01,1,1,000,065,2,0,1,4,1,61,1,1,2,00,2,0,5,201700052794A01,7,1,1
201700052798,2017-07-11,2017,juillet,mardi,13:52,75,75101,48.8584,2.34199,2,1,6,1,1,4,2,00,1,1,000,045,1,6,1,1,1,17,5,1,2,00,1,3,1,201700052798A01,,,
201700052801,2017-07-17,2017,juillet,lundi,16:50,75,75101,48.8647,2.32896,2,1,3,1,1,4,1,00,1,1,000,000,1,0,1,4,1,24,0,1,2,00,2,1,1,201700052801B01,10,22,1
201700052803,2017-07-24,2017,juillet,lundi,13:10,75,75109,48.874,2.34606,2,1,3,1,2,4,1,01,1,1,000,053,2,0,1,4,2,24,9,1,2,00,2,0,1,201700052803B01,7,22,1
201700052818,2017-09-04,2017,septembre,lundi,83:0,75,75101,48.8615,2.33907,2,3,3,1,1,4,2,00,1,1,000,000,1,0,1,4,2,34,1,1,2,00,2,1,7,201700052818B01,10,16,1
201700052819,2017-09-04,2017,septembre,lundi,19:55,75,75101,48.8658,2.33359,2,2,3,5,1,4,1,01,1,-1,000,000,1,0,1,4,1,45,0,1,2,00,2,0,1,201700052819B01,7,14,1
201700052821,2017-09-07,2017,septembre,jeudi,16:00,75,75101,48.8605,2.34442,2,1,3,1,1,4,1,01,1,1,000,040,1,0,1,4,2,47,9,1,2,00,2,1,18,201700052821B01,7,22,1
201700052829,2017-09-19,2017,septembre,mardi,93:0,75,75101,48.8608,2.3303,2,3,3,1,2,4,1,00,1,-1,000,000,2,0,1,4,2,54,0,1,2,00,2,0,19,201700052829B01,7,15,1
201700052834,2017-09-28,2017,septembre,jeudi,11:45,75,75101,48.8674,2.32619,2,2,2,1,1,4,1,00,-1,-1,000,000,-1,0,1,4,1,21,4,1,2,00,2,0,18,201700052834A01,7,22,1
201700052852,2017-11-27,2017,novembre,lundi,17:30,75,75101,48.8591,2.34641,2,2,6,1,2,4,-1,00,1,1,000,105,2,0,1,1,1,26,0,1,2,00,1,1,0,201700052852A01,,,
201700052858,2017-12-05,2017,décembre,mardi,21:30,75,75101,48.8615,2.33907,2,3,3,5,1,4,-1,00,1,1,000,000,-1,0,0,3,1,32,0,1,2,00,2,1,7,201700052858B01,7,16,1
201700052874,2017-01-14,2017,janvier,samedi,10:15,75,75104,48.8537,2.36896,2,7,3,1,1,4,3,00,-1,-1,000,000,1,5,1,4,2,50,5,1,2,00,2,3,1,201700052874A01,7,1,1
201700052886,2017-03-16,2017,mars,jeudi,22:10,75,75102,48.8684,2.34765,2,2,3,5,1,4,-1,00,2,1,000,050,1,6,1,4,1,22,0,1,2,00,2,7,1,201700052886A01,7,1,1
201700052899,2017-05-21,2017,mai,dimanche,21:40,75,75102,48.867,2.35294,2,3,3,2,1,4,1,04,1,1,000,000,1,5,1,4,1,29,0,1,2,00,2,1,1,201700052899B01,7,15,1
201700052902,2017-06-08,2017,juin,jeudi,13:45,75,75102,48.8668,2.34383,2,2,6,1,1,4,2,02,1,1,000,080,1,0,1,1,1,25,4,1,2,00,1,2,1,201700052902A01,,,
201700052907,2017-06-29,2017,juin,jeudi,22:30,75,75102,48.8656,2.3418,2,1,6,5,1,4,2,00,1,1,000,000,1,0,1,4,1,37,0,1,2,00,2,0,1,201700052907A01,2,1,1
201700052911,2017-07-26,2017,juillet,mercredi,91:0,75,75101,48.8624,2.34157,2,4,3,1,1,4,-1,03,1,1,000,100,1,0,1,4,2,23,5,1,2,00,2,3,7,201700052911B01,10,16,1
201700052931,2017-10-09,2017,octobre,lundi,19:20,75,75109,48.8716,2.33773,2,3,3,5,2,4,2,02,1,1,000,000,1,0,1,4,2,30,0,1,2,00,2,1,7,201700052931B01,7,10,1
201700052936,2017-10-20,2017,octobre,vendredi,15:35,75,75102,48.8658,2.35169,2,3,6,1,1,4,1,01,1,1,000,050,1,0,1,1,2,24,0,1,2,00,1,1,5,201700052936A01,,,
201700052937,2017-10-26,2017,octobre,jeudi,30:5,75,75103,48.868,2.36223,2,7,3,5,1,4,2,04,1,1,000,000,1,0,1,4,1,27,0,1,2,00,2,2,19,201700052937B01,2,17,1
201700052954,2017-12-18,2017,décembre,lundi,16:37,75,75102,48.8663,2.35202,2,2,3,2,1,4,1,03,1,1,000,100,1,0,1,4,2,57,9,1,2,00,2,3,7,201700052954B01,10,16,1
201700052957,2017-12-27,2017,décembre,mercredi,15:45,75,75102,48.8666,2.33734,2,2,3,1,2,4,1,01,1,-1,000,000,2,0,1,4,2,60,5,1,2,00,2,8,1,201700052957B01,10,22,1
201700052969,2017-02-23,2017,février,jeudi,22:05,75,75103,48.8673,2.36338,2,7,6,5,1,4,2,04,1,1,000,150,1,0,0,4,1,28,5,1,2,00,2,8,1,201700052969A01,30,15,1
201700052971,2017-02-26,2017,février,dimanche,52:0,75,75103,48.8685,2.35883,2,3,6,5,1,4,2,00,2,1,000,030,1,0,1,4,1,32,5,1,2,01,0,0,15,201700052971A01,,,
201700052973,2017-02-28,2017,février,mardi,10:45,75,75103,48.8677,2.35483,2,3,3,1,3,4,1,01,1,1,000,000,2,0,0,4,1,39,4,1,2,00,2,2,1,201700052973B01,7,9,1
201700052974,2017-03-02,2017,mars,jeudi,22:40,75,75103,48.8655,2.35571,2,5,3,5,1,4,1,03,1,1,000,080,1,0,1,4,2,40,5,1,2,00,2,3,13,201700052974A01,7,1,1
201700052975,2017-03-15,2017,mars,mercredi,19:20,75,75103,48.8638,2.35871,2,1,3,5,1,4,1,01,1,1,000,052,1,0,1,4,1,31,5,1,2,00,2,1,1,201700052975B01,7,12,1
201700052976,2017-03-16,2017,mars,jeudi,10:19,75,75103,48.8682,2.3536,2,3,3,1,1,4,1,03,1,1,007,123,1,0,1,4,1,28,5,1,2,00,2,0,7,201700052976A01,7,16,1
201700052979,2017-03-23,2017,mars,jeudi,10:05,75,75103,48.8632,2.35248,2,2,6,1,1,4,2,02,1,1,000,050,1,5,1,4,1,18,0,1,2,00,2,3,15,201700052979A01,10,1,1
201700052981,2017-03-27,2017,mars,lundi,13:45,75,75103,48.8673,2.36338,2,7,6,1,1,4,4,05,1,1,020,179,1,0,1,4,1,45,5,1,2,00,1,1,1,201700052981A01,,,
201700052982,2017-03-30,2017,mars,jeudi,13:50,75,75103,48.8587,2.36279,2,3,6,1,1,4,1,01,-1,-1,000,101,-1,0,0,1,1,37,4,1,2,00,1,2,2,201700052982A01,,,
201700052988,2017-04-29,2017,avril,samedi,17:20,75,75103,48.8667,2.36171,2,1,5,1,1,4,1,03,1,1,080,091,1,0,1,4,1,51,0,1,2,00,2,6,1,201700052988A01,10/ 7,11/1,2
201700052991,2017-05-16,2017,mai,mardi,13:20,75,75103,48.8612,2.35819,2,2,3,1,1,4,1,01,1,1,000,035,1,0,1,4,1,34,4,1,2,00,2,1,18,201700052991B01,10,22,1
201700052994,2017-06-08,2017,juin,jeudi,23:39,75,75103,48.8655,2.35571,2,2,2,5,1,4,1,03,2,1,000,065,1,5,1,4,1,40,5,1,2,00,2,1,1,201700052994A01,10,1,1
201700052999,2017-07-12,2017,juillet,mercredi,90:5,75,75103,48.8627,2.35426,2,2,2,1,3,4,2,02,1,1,000,075,2,5,1,4,1,55,1,1,2,00,2,4,21,201700052999B01,33,1,1
201700053011,2017-08-30,2017,août,mercredi,18:30,75,75103,48.8631,2.36672,2,3,6,1,3,4,2,04,1,1,000,081,2,0,1,4,2,26,1,1,2,00,2,1,23,201700053011A01,7,1,1
201700053013,2017-09-05,2017,septembre,mardi,91:0,75,75102,48.8701,2.33375,2,2,6,1,1,4,1,01,2,2,000,048,1,5,1,1,1,28,1,1,2,00,1,1,1,201700053013A01,,,
201700053027,2017-11-07,2017,novembre,mardi,23:35,75,75104,48.8552,2.3528,2,3,3,5,1,4,-1,02,1,1,025,050,1,5,1,4,1,22,5,1,2,00,2,8,9,201700053027A01,7,1,1
201700053042,2017-01-17,2017,janvier,mardi,12:50,75,75103,48.869,2.35558,2,5,3,1,1,4,2,04,1,-1,000,140,1,0,1,4,1,22,5,1,2,00,2,1,7,201700053042A01,7,1,1
201700053047,2017-02-04,2017,février,samedi,24:0,75,75104,48.8508,2.3614,2,2,3,5,1,4,1,02,1,1,000,060,1,5,1,4,1,28,5,1,2,00,2,8,1,201700053047B01,33,1,1
201700053049,2017-02-08,2017,février,mercredi,19:25,75,75102,48.8665,2.35109,2,5,3,2,1,4,1,03,1,1,000,150,1,0,5,4,2,30,0,1,2,00,2,1,1,201700053049B01,7,22,1
201700053050,2017-02-09,2017,février,jeudi,23:45,75,75104,48.8546,2.36271,2,2,2,5,1,4,2,04,1,1,000,100,1,0,1,3,1,24,5,1,2,00,2,1,2,201700053050A01,7,23,1
201700053056,2017-03-13,2017,mars,lundi,93:5,75,75104,48.8607,2.34941,2,1,3,1,1,4,1,04,1,1,005,130,1,0,5,4,1,47,4,1,2,00,2,5,18,201700053056A01,7,22,1
201700053060,2017-03-31,2017,mars,vendredi,15:45,75,75103,48.8634,2.35094,2,2,3,1,1,4,1,03,-1,-1,000,000,-1,0,0,4,1,38,0,1,2,00,2,0,7,201700053060A01,7,16,1
201700053063,2017-04-02,2017,avril,dimanche,20:50,75,75104,48.8579,2.35166,2,1,6,5,1,4,1,03,2,1,002,120,1,0,1,3,1,66,0,1,2,11,0,8,13,201700053063A01,,,
201700053065,2017-04-08,2017,avril,samedi,40:,75,75104,48.8569,2.3538,2,2,3,5,1,4,1,03,1,1,000,110,1,0,1,4,2,28,5,1,2,00,2,3,7,201700053065B01,7,16,1
201700053069,2017-04-26,2017,avril,mercredi,20:20,75,75104,48.8579,2.35785,2,2,6,2,1,4,2,02,1,1,000,035,1,0,1,4,2,55,1,1,2,00,1,1,1,201700053069A01,,,
201700053070,2017-04-27,2017,avril,jeudi,71:5,75,75104,48.8581,2.35178,2,1,3,1,1,4,1,03,1,1,005,140,1,0,1,4,2,56,1,1,2,00,2,0,7,201700053070B01,37,7,1
201700053073,2017-05-05,2017,mai,vendredi,17:55,75,75104,48.8522,2.36595,2,4,3,1,1,4,2,03,1,1,000,090,1,0,1,4,1,27,4,1,2,00,2,1,17,201700053073A01,10,13,1
201700053074,2017-05-10,2017,mai,mercredi,13:10,75,75104,48.8535,2.3665,2,3,3,1,1,4,2,02,1,-1,000,170,1,0,1,4,2,26,0,1,2,00,2,1,1,201700053074B01,7,9,1
201700053077,2017-05-15,2017,mai,lundi,19:10,75,75104,48.8585,2.3482,2,5,6,1,1,4,1,03,1,1,000,130,1,0,1,1,1,27,4,1,2,00,1,1,7,201700053077A01,,,
201700053078,2017-05-16,2017,mai,mardi,83:5,75,75104,48.8565,2.35549,2,7,3,1,1,4,1,03,-1,-1,000,120,1,0,1,4,2,34,1,1,2,00,2,7,17,201700053078B01,7,22,1
201700053080,2017-05-22,2017,mai,lundi,94:5,75,75104,48.8562,2.34643,2,2,3,1,1,4,-1,02,1,-1,000,000,1,0,1,4,2,28,1,1,2,00,2,3,1,201700053080B01,7,1,1
201700053083,2017-05-29,2017,mai,lundi,17:35,75,75104,48.8521,2.36094,2,1,3,1,1,4,1,02,1,3,002,005,1,0,1,4,2,54,0,1,2,00,2,1,13,201700053083B01,7,1,1
201700053085,2017-06-07,2017,juin,mercredi,20:40,75,75104,48.8563,2.35812,2,2,3,1,1,4,1,01,1,1,000,045,1,0,1,4,2,48,5,1,2,00,2,7,1,201700053085B01,1,1,1
201700053085,2017-06-07,2017,juin,mercredi,20:40,75,75104,48.8563,2.35812,2,2,3,1,1,4,1,01,1,1,000,045,1,0,1,1,2,29,5,1,2,00,2,1,1,201700053085A01,1,1,1
201700053091,2017-06-16,2017,juin,vendredi,11:15,75,75104,48.8539,2.36737,2,3,6,1,1,4,1,01,1,1,000,050,1,0,1,3,1,78,5,1,2,00,1,1,1,201700053091A01,,,
201700053094,2017-06-26,2017,juin,lundi,70:5,75,75104,48.8573,2.34922,2,2,6,1,1,4,1,03,1,-1,020,160,1,0,1,4,1,53,1,1,2,00,2,7,1,201700053094B01,10,18,1
201700053099,2017-07-07,2017,juillet,vendredi,10:10,75,75102,48.8634,2.35094,2,2,3,1,1,4,1,04,1,1,000,000,1,0,1,4,1,23,0,1,2,00,2,1,7,201700053099A01,7,15,1
201700053107,2017-08-02,2017,août,mercredi,25:5,75,75103,48.8649,2.35989,2,1,1,5,1,4,1,02,1,1,000,100,1,0,1,4,1,26,5,1,2,00,2,1,5,201700053107A01,33,1,1
201700053108,2017-08-06,2017,août,dimanche,18:50,75,75104,48.8572,2.34977,2,5,3,1,7,4,1,02,1,1,000,140,-1,0,1,4,1,22,4,1,2,00,2,8,11,201700053108B01,7,2,1
201700053109,2017-08-11,2017,août,vendredi,13:18,75,75104,48.8512,2.36265,2,7,3,1,1,4,1,01,1,1,000,080,1,0,1,4,1,49,5,1,2,00,2,8,1,201700053109A01,10,16,1
201700053110,2017-08-16,2017,août,mercredi,14:50,75,75104,48.8542,2.364,2,1,6,1,1,4,2,04,1,1,000,000,1,0,1,4,2,29,5,1,2,00,2,2,1,201700053110A01,7,22,1
201700053121,2017-09-16,2017,septembre,samedi,11:30,75,75104,48.8618,2.35086,2,2,6,1,1,4,1,01,1,1,000,000,1,0,1,4,1,36,1,1,2,00,1,1,5,201700053121A01,,,
201700053122,2017-09-17,2017,septembre,dimanche,19:25,75,75104,48.8552,2.3528,2,3,3,1,8,4,2,03,1,1,000,000,2,0,1,3,2,25,9,1,2,00,2,8,19,201700053122B01,7,7,1
201700053125,2017-09-27,2017,septembre,mercredi,45:,75,75104,48.8555,2.36009,2,3,3,5,1,4,1,03,1,1,000,100,1,0,1,4,2,34,5,1,2,00,2,8,0,201700053125B01,7,0,1
201700053127,2017-09-28,2017,septembre,jeudi,19:50,75,75104,48.8552,2.3528,2,3,6,5,1,4,2,05,1,1,000,120,1,0,1,4,2,30,1,1,2,00,2,4,14,201700053127A01,7,14,1
201700053131,2017-10-09,2017,octobre,lundi,92:0,75,75101,48.8639,2.33592,2,7,3,1,1,4,1,02,1,1,000,090,1,0,1,4,2,51,0,1,2,00,2,3,14,201700053131A01,10,1,1
201700053136,2017-10-18,2017,octobre,mercredi,19:00,75,75104,48.8529,2.36834,2,7,3,1,1,4,1,01,1,1,000,160,-1,0,1,4,2,35,1,1,2,00,2,0,1,201700053136B01,7,1,1
201700053138,2017-10-21,2017,octobre,samedi,19:25,75,75104,48.8546,2.35514,2,2,3,2,1,4,-1,01,1,1,000,000,-1,0,1,1,2,60,0,1,2,00,2,8,15,201700053138A01,1,1,1
201700053138,2017-10-21,2017,octobre,samedi,19:25,75,75104,48.8546,2.35514,2,2,3,2,1,4,-1,01,1,1,000,000,-1,0,1,4,2,49,0,1,2,00,2,8,1,201700053138B01,1,15,1
201700053161,2017-01-11,2017,janvier,mercredi,18:45,75,75105,48.8461,2.34295,2,2,6,2,1,4,1,01,1,1,000,040,1,0,5,1,1,58,4,1,2,00,1,1,1,201700053161A01,,,
201700053162,2017-01-11,2017,janvier,mercredi,22:05,75,75105,48.8494,2.35611,2,3,3,5,1,4,1,02,1,2,000,047,1,0,5,4,2,31,5,1,2,00,2,7,1,201700053162B01,7,18,1
201700053163,2017-01-11,2017,janvier,mercredi,22:55,75,75105,48.838,2.35582,2,2,3,5,1,4,2,04,1,1,000,000,1,0,1,4,2,60,5,1,2,00,2,7,19,201700053163B01,7,1,1
201700053175,2017-02-22,2017,février,mercredi,95:0,75,75105,48.8528,2.34379,2,2,6,1,1,4,1,00,1,1,000,030,1,0,5,4,1,42,9,1,2,12,2,2,7,201700053175A01,7,4,1
201700053180,2017-03-03,2017,mars,vendredi,15:10,75,75106,48.8521,2.34008,2,7,6,1,1,4,1,00,1,1,000,130,1,0,1,1,1,60,0,1,2,00,1,0,1,201700053180A01,,,
201700053181,2017-03-05,2017,mars,dimanche,90:0,75,75105,48.8427,2.35212,2,7,3,1,2,4,2,02,2,1,000,100,2,0,1,4,1,11,0,1,2,00,2,7,12,201700053181B01,7,1,1
201700053186,2017-03-17,2017,mars,vendredi,12:50,75,75105,48.8406,2.34517,2,3,3,1,1,4,2,02,2,-1,000,120,-1,0,1,4,2,24,5,1,2,00,2,0,3,201700053186B01,7,1,1
201700053187,2017-03-17,2017,mars,vendredi,19:50,75,75105,48.8496,2.34483,2,2,3,5,1,4,2,03,1,1,000,000,1,0,1,4,1,21,0,1,2,00,2,7,1,201700053187A01,7,1,1
201700053190,2017-03-24,2017,mars,vendredi,19:45,75,75105,48.8498,2.34896,2,2,6,5,1,4,1,02,-1,-1,000,000,-1,0,1,3,1,72,5,1,2,00,2,3,7,201700053190A01,1,7,1
201700053191,2017-03-29,2017,mars,mercredi,23:05,75,75105,48.839,2.35395,2,3,3,5,1,4,1,01,1,1,035,035,1,0,1,4,2,24,5,1,2,00,2,3,5,201700053191A01,1,1,1
201700053191,2017-03-29,2017,mars,mercredi,23:05,75,75105,48.839,2.35395,2,3,3,5,1,4,1,01,1,1,035,035,1,0,1,1,1,28,5,1,2,00,2,3,1,201700053191B01,1,5,1
201700053192,2017-03-30,2017,mars,jeudi,13:15,75,75105,48.8471,2.34509,2,1,2,1,1,4,-1,01,-1,-1,000,060,-1,0,0,4,2,22,0,1,2,00,2,1,1,201700053192A01,7,23,1
201700053198,2017-04-06,2017,avril,jeudi,94:5,75,75105,48.8518,2.34333,2,1,6,1,1,4,2,04,1,1,000,000,1,0,1,4,2,27,5,1,2,00,1,1,7,201700053198A01,,,
201700053199,2017-04-06,2017,avril,jeudi,94:0,75,75105,48.8444,2.35477,2,1,2,1,1,4,2,02,1,1,000,130,1,0,1,4,2,58,0,1,2,00,2,1,2,201700053199A01,1,2,1
201700053199,2017-04-06,2017,avril,jeudi,94:0,75,75105,48.8444,2.35477,2,1,2,1,1,4,2,02,1,1,000,130,1,0,1,1,1,52,1,1,2,00,2,4,2,201700053199B01,1,2,1
201700053201,2017-04-08,2017,avril,samedi,1:,75,75105,48.8466,2.35159,2,5,3,5,1,4,2,02,2,1,000,130,1,5,0,4,1,17,5,1,2,00,2,0,1,201700053201B01,30,15,1
201700053202,2017-04-08,2017,avril,samedi,22:3,75,75105,48.8496,2.34483,2,2,6,5,1,4,2,04,1,1,000,116,1,0,1,4,1,27,5,1,2,00,2,4,1,201700053202A01,7,16,1
201700053216,2017-05-14,2017,mai,dimanche,16:40,75,75105,48.8488,2.34172,2,7,7,1,1,4,-1,04,2,-1,000,000,-1,0,0,4,2,24,4,1,2,00,0,0,21,201700053216A01,,,
201700053217,2017-05-17,2017,mai,mercredi,10:10,75,75105,48.8485,2.35489,2,1,3,1,1,4,2,00,1,-1,000,060,1,0,1,4,2,36,1,1,2,00,2,0,1,201700053217B01,7,10,1
201700053219,2017-05-22,2017,mai,lundi,17:20,75,75105,48.8506,2.34641,2,3,2,1,1,4,1,01,1,1,010,040,1,0,1,4,1,18,9,1,2,00,2,1,7,201700053219B01,7,7,1
201700053224,2017-06-02,2017,juin,vendredi,10:15,75,75105,48.8408,2.34461,2,1,3,1,1,4,2,02,2,1,000,120,1,0,1,4,2,66,5,1,2,00,2,2,1,201700053224A01,7,22,1
201700053230,2017-06-13,2017,juin,mardi,18:25,75,75105,48.8498,2.34944,2,3,6,1,1,4,1,03,1,1,005,120,1,0,1,4,1,45,5,1,2,00,2,1,18,201700053230A01,7,1,1
201700053234,2017-06-17,2017,juin,samedi,23:40,75,75105,48.8484,2.34142,2,4,3,5,1,4,1,04,2,1,000,000,1,0,1,3,1,24,9,1,2,00,2,2,7,201700053234A01,7,16,1
201700053235,2017-06-18,2017,juin,dimanche,19:50,75,75105,48.8466,2.35159,2,5,2,1,1,4,2,02,2,1,000,120,1,0,1,4,1,21,1,1,2,00,2,1,1,201700053235A01,7,23,1
201700053251,2017-07-20,2017,juillet,jeudi,21:40,75,75105,48.8468,2.36095,2,7,3,2,1,4,-1,00,1,1,000,170,1,0,0,4,1,19,0,1,2,00,2,5,19,201700053251A01,7,16,1
201700053255,2017-08-01,2017,août,mardi,17:20,75,75105,48.8514,2.34314,2,2,3,1,1,4,1,03,1,1,000,160,1,0,1,4,1,28,5,1,2,00,2,0,7,201700053255B01,7,16,1
201700053264,2017-08-31,2017,août,jeudi,18:55,75,75105,48.8393,2.35978,2,1,3,1,8,4,2,04,1,-1,000,145,1,0,1,3,1,17,5,1,2,00,2,4,15,201700053264B01,34,17,1
201700053273,2017-10-02,2017,octobre,lundi,19:50,75,75105,48.8514,2.34314,2,2,3,5,1,4,1,04,1,1,000,110,1,0,1,4,1,29,0,1,2,00,2,3,1,201700053273B01,7,16,1
201700053279,2017-10-10,2017,octobre,mardi,17:00,75,75105,48.8439,2.33896,2,2,6,1,1,4,2,04,1,1,000,120,1,0,1,1,1,21,5,1,2,00,1,1,1,201700053279A01,,,
201700053280,2017-10-14,2017,octobre,samedi,21:34,75,75105,48.8493,2.34325,2,1,7,5,1,4,1,01,2,1,000,050,1,0,1,4,1,26,4,1,2,00,0,0,1,201700053280A01,,,
201700053286,2017-10-23,2017,octobre,lundi,20:40,75,75105,48.8494,2.35611,2,4,3,5,2,4,1,03,1,1,000,100,2,0,1,4,2,24,0,1,2,00,2,5,1,201700053286B01,7,13,1
201700053289,2017-11-02,2017,novembre,jeudi,11:50,75,75105,48.85,2.34243,2,1,6,1,1,4,2,04,2,1,000,180,1,0,1,1,1,61,9,1,2,00,1,1,7,201700053289A01,,,
201700053292,2017-11-18,2017,novembre,samedi,25:9,75,75105,48.8494,2.35682,2,2,3,5,1,4,1,03,1,1,000,100,1,5,1,4,2,21,5,1,2,00,2,2,1,201700053292B01,7,1,1
201700053304,2017-01-09,2017,janvier,lundi,18:35,75,75106,48.85,2.32713,2,5,6,5,2,4,1,02,1,1,000,060,1,0,1,1,1,39,1,1,2,00,1,2,1,201700053304A01,,,
201700053313,2017-02-15,2017,février,mercredi,15:15,75,75106,48.8503,2.32987,2,4,3,1,1,4,2,03,1,1,000,130,1,0,1,4,1,27,0,1,2,00,2,1,1,201700053313B01,7,15,1
201700053320,2017-02-25,2017,février,samedi,31:5,75,75105,48.8504,2.34267,2,5,3,5,1,4,2,03,1,1,000,000,1,0,0,1,1,24,5,1,2,00,2,4,15,201700053320B01,33,17,1
201700053322,2017-02-28,2017,février,mardi,83:0,75,75106,48.8514,2.33648,2,1,3,1,8,4,1,02,1,1,000,055,1,0,5,4,2,29,0,1,2,00,2,3,1,201700053322B01,7,17,1
201700053337,2017-04-13,2017,avril,jeudi,11:55,75,75106,48.8528,2.33216,2,1,4,1,1,4,3,03,1,1,000,000,1,0,1,1,1,29,5,1,2,00,2,1,1,201700053337C01,7,22,1
201700053337,2017-04-13,2017,avril,jeudi,11:55,75,75106,48.8528,2.33216,2,1,4,1,1,4,3,03,1,1,000,000,1,0,1,4,2,29,5,1,2,01,2,1,1,201700053337B01,7,22,1