Num_Acc,date,an,mois,jour,hrmn,dep,com,lat,long,agg,int,col,lum,atm,catr,circ,nbv,prof,plan,lartpc,larrout,surf,infra,situ,grav,sexe,age,trajet,secuexist,equipement,obs,obsm,choc,manv,vehiculeid,typevehicules,manoeuvehicules,numVehicules
201700054231,2017-07-02,2017,juillet,dimanche,13:40,75,75110,48.8686,2.363,2,7,3,1,1,4,1,02,2,1,000,000,-1,0,5,4,2,36,5,1,2,00,2,1,1,201700054231B01,7,22,1
201700054235,2017-07-03,2017,juillet,lundi,19:35,75,75110,48.8793,2.36293,2,3,3,1,1,4,2,02,1,1,000,030,1,0,1,1,2,36,1,1,2,00,2,1,1,201700054235B01,10,16,1
201700054237,2017-07-07,2017,juillet,vendredi,18:20,75,75110,48.8823,2.37002,2,4,3,1,1,4,2,02,1,1,000,700,1,0,0,4,1,39,5,1,2,00,2,8,15,201700054237B01,7,17,1
201700054243,2017-07-25,2017,juillet,mardi,19:30,75,75110,48.871,2.36592,2,2,3,2,1,4,1,01,2,1,000,000,1,0,1,4,2,24,5,1,2,00,2,2,1,201700054243A01,7,1,1
201700054244,2017-07-26,2017,juillet,mercredi,21:10,75,75110,48.8762,2.35611,2,3,3,2,2,4,1,01,2,1,000,000,2,0,0,4,1,32,0,1,2,00,2,0,1,201700054244B01,7,16,1
201700054249,2017-08-16,2017,août,mercredi,70:0,75,75110,48.8762,2.35611,2,4,3,1,1,4,2,00,1,1,000,000,1,0,5,4,1,38,1,1,2,00,2,0,1,201700054249A01,10,16,1
201700054251,2017-08-22,2017,août,mardi,12:17,75,75110,48.8753,2.36333,2,3,3,1,1,4,1,01,2,1,000,000,1,0,0,4,2,43,5,1,2,00,2,3,1,201700054251B01,10,16,1
201700054266,2017-09-12,2017,septembre,mardi,90:0,75,75110,48.878,2.35211,2,7,6,1,1,4,1,03,2,1,000,090,1,0,1,1,1,39,9,1,2,00,1,1,5,201700054266A01,,,
201700054267,2017-09-12,2017,septembre,mardi,22:20,75,75110,48.8809,2.3678,2,1,6,5,1,4,1,01,1,1,000,030,2,0,5,1,1,18,0,1,2,00,1,8,1,201700054267A01,,,
201700054272,2017-09-27,2017,septembre,mercredi,12:30,75,75110,48.8827,2.37017,2,2,3,1,1,4,4,06,1,1,000,035,1,0,1,4,1,27,1,1,2,00,2,1,1,201700054272A01,10,1,1
201700054284,2017-10-24,2017,octobre,mardi,91:0,75,75110,48.8684,2.36283,2,7,3,1,2,4,2,02,1,1,000,100,2,0,1,4,2,47,0,1,2,00,2,3,15,201700054284B01,32,1,1
201700054289,2017-10-31,2017,octobre,mardi,16:25,75,75110,48.8824,2.3687,2,1,2,1,1,4,3,05,1,1,000,000,1,0,1,4,1,45,1,1,2,00,2,4,13,201700054289B01,7,1,1
201700054294,2017-11-08,2017,novembre,mercredi,21:10,75,75110,48.8745,2.3628,2,4,3,5,2,4,1,01,2,1,000,035,2,0,5,4,1,45,5,1,2,00,2,3,1,201700054294B01,7,14,1
201700054304,2017-11-17,2017,novembre,vendredi,15:00,75,75110,48.8807,2.36465,2,1,2,1,8,4,2,02,1,1,000,120,1,0,1,4,1,30,5,1,2,00,2,1,2,201700054304A01,7,23,1
201700054307,2017-11-18,2017,novembre,samedi,21:00,75,75110,48.8781,2.35125,2,7,6,5,8,4,1,03,2,1,000,150,1,0,5,4,1,25,1,1,2,00,2,8,1,201700054307A01,7,1,1
201700054308,2017-11-24,2017,novembre,vendredi,11:50,75,75118,48.8845,2.35932,2,2,2,1,8,4,1,01,1,1,000,050,2,0,1,4,2,28,9,1,2,00,2,4,1,201700054308B01,7,1,1
201700054311,2017-11-28,2017,novembre,mardi,15:20,75,75110,48.8741,2.36285,2,1,6,1,1,4,1,02,4,2,000,000,2,3,5,1,1,29,5,1,2,00,1,1,1,201700054311A01,,,
201700054313,2017-11-30,2017,novembre,jeudi,80:5,75,75110,48.8717,2.3572,2,3,2,1,1,4,1,01,1,1,010,030,1,0,1,4,1,30,1,1,2,00,2,1,1,201700054313B01,14,15,1
201700054327,2017-01-04,2017,janvier,mercredi,19:30,75,75111,48.8547,2.38535,2,2,3,5,2,4,2,02,1,1,000,100,2,0,1,4,1,22,4,1,2,00,2,0,15,201700054327A01,31,1,1
201700054333,2017-01-15,2017,janvier,dimanche,30:5,75,75111,48.8595,2.36759,2,3,6,5,1,4,2,00,1,1,000,000,1,0,1,4,1,28,5,1,2,00,2,0,18,201700054333A01,7,14,1
201700054337,2017-01-17,2017,janvier,mardi,19:30,75,75111,48.864,2.37068,2,5,6,5,1,4,1,01,1,-1,000,000,-1,0,5,4,1,30,0,1,2,02,2,1,17,201700054337B01,1,15,1
201700054337,2017-01-17,2017,janvier,mardi,19:30,75,75111,48.864,2.37068,2,5,6,5,1,4,1,01,1,-1,000,000,-1,0,5,1,1,33,0,1,2,00,2,4,15,201700054337A01,1,17,1
201700054340,2017-01-18,2017,janvier,mercredi,20:10,75,75111,48.8562,2.39101,2,1,2,5,1,4,2,02,2,1,000,120,1,0,1,4,1,47,1,1,2,01,2,1,1,201700054340B01,7,22,1
201700054347,2017-02-01,2017,février,mercredi,73:0,75,75111,48.8558,2.38158,2,3,3,1,1,4,1,01,1,1,000,060,1,0,5,4,2,29,1,1,2,00,2,1,1,201700054347B01,7,15,1
201700054350,2017-02-05,2017,février,dimanche,18:20,75,75111,48.8666,2.38125,2,3,3,5,1,4,1,02,1,1,000,000,1,0,1,4,1,15,5,1,2,00,2,2,5,201700054350B01,7,9,1
201700054355,2017-02-15,2017,février,mercredi,19:50,75,75111,48.8535,2.36952,2,7,2,5,1,4,1,04,1,2,000,200,1,0,1,4,1,39,1,1,2,00,2,4,2,201700054355B01,7,16,1
201700054358,2017-02-18,2017,février,samedi,18:40,75,75111,48.8494,2.39642,2,1,1,5,1,4,1,01,1,2,000,040,1,0,5,4,2,59,5,1,2,00,2,2,1,201700054358B01,7,9,1
201700054359,2017-02-20,2017,février,lundi,83:5,75,75111,48.8507,2.39447,2,2,3,1,1,4,2,02,1,1,000,080,1,0,1,4,1,55,9,1,2,00,2,1,1,201700054359B01,7,1,1
201700054378,2017-03-13,2017,mars,lundi,20:40,75,75111,48.8548,2.37811,2,1,3,5,1,4,2,02,1,1,000,050,1,0,1,4,2,40,1,1,2,00,2,1,1,201700054378B01,7,22,1
201700054382,2017-03-18,2017,mars,samedi,61:0,75,75111,48.8642,2.38023,2,3,1,5,1,4,2,01,2,1,000,060,1,0,1,3,1,29,9,1,2,00,2,0,13,201700054382B01,7,1,1
201700054383,2017-03-21,2017,mars,mardi,18:35,75,75111,48.8606,2.38162,2,1,3,2,1,4,1,01,1,1,000,060,1,0,1,4,2,50,1,1,2,00,2,1,1,201700054383B01,7,22,1
201700054387,2017-04-01,2017,avril,samedi,16:45,75,75111,48.8575,2.37968,2,5,3,1,1,4,3,02,1,2,000,030,1,0,1,4,1,13,5,1,2,00,2,8,13,201700054387B01,32,17,1
201700054397,2017-04-07,2017,avril,vendredi,19:30,75,75111,48.8501,2.39486,2,1,6,1,3,4,2,01,1,1,000,000,1,0,1,4,2,62,5,1,2,00,2,1,1,201700054397B01,7,22,1
201700054398,2017-04-07,2017,avril,vendredi,19:10,75,75111,48.8533,2.37701,2,3,6,1,1,4,3,02,1,1,000,000,1,0,1,4,1,49,5,1,2,00,2,6,2,201700054398A01,7,2,1
201700054399,2017-04-10,2017,avril,lundi,10:30,75,75111,48.8571,2.3712,2,3,6,1,1,4,3,02,1,1,000,180,1,0,5,1,1,44,5,1,2,00,1,1,1,201700054399A01,,,
201700054400,2017-04-10,2017,avril,lundi,14:55,75,75111,48.8683,2.38135,2,3,3,1,1,4,1,01,1,1,000,000,1,0,0,4,1,39,0,1,2,00,2,3,17,201700054400B01,7,22,1
201700054401,2017-04-11,2017,avril,mardi,10:30,75,75111,48.8513,2.39822,2,5,3,1,3,4,1,01,1,1,180,070,1,0,1,4,2,35,1,1,2,00,2,4,1,201700054401B01,10,16,1
201700054406,2017-04-16,2017,avril,dimanche,20:10,75,75111,48.8587,2.38431,2,3,3,1,1,4,2,02,2,1,000,070,1,0,1,4,1,27,4,1,2,00,2,1,1,201700054406A01,7,15,1
201700054411,2017-04-27,2017,avril,jeudi,14:25,75,75111,48.8574,2.38484,2,1,2,1,1,4,1,01,1,1,000,075,1,0,1,4,2,49,4,1,2,01,2,7,1,201700054411B01,7,22,1
201700054412,2017-04-27,2017,avril,jeudi,19:00,75,75111,48.8572,2.37897,2,1,2,1,1,4,1,01,1,1,000,050,1,0,1,4,1,58,1,1,2,00,2,0,18,201700054412B01,14,22,1
201700054421,2017-05-10,2017,mai,mercredi,16:00,75,75111,48.8566,2.37729,2,1,7,1,1,4,1,00,1,1,000,070,1,0,1,4,2,49,5,1,2,00,0,0,1,201700054421A01,,,
201700054428,2017-05-16,2017,mai,mardi,11:30,75,75111,48.8701,2.3748,2,1,2,1,1,4,1,01,1,1,000,050,1,0,1,4,2,62,0,1,2,00,2,4,1,201700054428B01,10,4,1
201700054434,2017-05-22,2017,mai,lundi,15:30,75,75111,48.8574,2.38081,2,4,3,1,1,4,1,01,1,3,000,040,1,0,0,4,2,56,1,1,2,00,2,0,15,201700054434B01,31,1,1
201700054435,2017-05-22,2017,mai,lundi,19:30,75,75111,48.8646,2.37798,2,2,3,1,1,4,2,02,1,1,000,140,1,5,1,4,1,28,9,1,2,00,2,3,15,201700054435A01,32,1,1
201700054439,2017-05-24,2017,mai,mercredi,20:30,75,75111,48.8539,2.38197,2,3,6,1,1,4,1,01,1,1,000,080,1,0,1,4,1,26,1,1,2,00,2,0,5,201700054439B01,2,1,1
201700054440,2017-05-25,2017,mai,jeudi,20:45,75,75111,48.8587,2.37857,2,2,3,1,1,4,2,02,1,1,000,140,1,0,1,4,1,30,5,1,2,00,2,0,1,201700054440B01,7,1,1
201700054444,2017-06-03,2017,juin,samedi,94:5,75,75111,48.8514,2.37559,2,1,3,1,1,4,2,02,1,-1,000,125,1,0,1,4,2,33,9,1,2,00,2,5,1,201700054444B01,13,22,1
201700054448,2017-06-13,2017,juin,mardi,10:00,75,75111,48.8529,2.38851,2,4,3,1,1,4,3,02,1,1,000,170,1,0,1,4,2,27,1,1,2,00,2,8,15,201700054448B01,7,1,1
201700054452,2017-06-19,2017,juin,lundi,18:30,75,75111,48.8626,2.3673,2,2,3,1,1,4,1,01,1,1,000,050,1,0,1,1,1,48,5,1,2,00,2,0,17,201700054452A01,2,7,1
201700054453,2017-06-21,2017,juin,mercredi,15:15,75,75111,48.8606,2.37828,2,3,3,1,1,4,2,02,1,1,000,120,1,0,1,4,2,79,5,1,2,00,2,4,1,201700054453B01,7,17,1
201700054455,2017-06-22,2017,juin,jeudi,81:0,75,75111,48.8511,2.38994,2,1,6,1,1,4,1,01,1,1,000,050,1,0,1,1,1,40,1,1,2,00,1,7,1,201700054455A01,,,
201700054462,2017-06-24,2017,juin,samedi,17:30,75,75111,48.85,2.39311,2,1,2,1,1,4,2,02,1,1,000,100,1,0,1,4,1,29,4,1,2,00,2,1,14,201700054462B01,7,23,1
201700054469,2017-07-09,2017,juillet,dimanche,41:5,75,75111,48.864,2.37068,2,2,3,5,1,4,3,02,1,1,120,080,1,0,1,4,1,26,5,1,2,00,2,2,1,201700054469A01,7,1,1
201700054471,2017-07-12,2017,juillet,mercredi,18:20,75,75111,48.866,2.37396,2,1,6,1,8,4,2,02,1,1,000,060,1,0,1,4,1,37,5,1,2,01,0,7,14,201700054471A01,,,
201700054473,2017-07-18,2017,juillet,mardi,15:00,75,75111,48.8683,2.3673,2,1,3,1,1,4,1,02,1,1,000,120,1,0,1,4,1,39,9,1,2,00,2,8,18,201700054473B01,7,20,1
201700054476,2017-07-21,2017,juillet,vendredi,14:20,75,75111,48.865,2.37052,2,1,6,1,1,4,3,02,1,1,250,080,1,0,1,1,1,22,4,1,2,00,1,1,1,201700054476A01,,,
201700054477,2017-07-21,2017,juillet,vendredi,19:45,75,75111,48.8625,2.36688,2,2,3,1,1,4,1,01,1,1,000,070,1,0,1,4,2,27,9,1,2,00,2,4,13,201700054477B01,14,1,1
201700054482,2017-08-05,2017,août,samedi,10:40,75,75111,48.8616,2.38471,2,3,6,1,1,4,1,01,1,1,000,100,1,0,1,1,1,17,0,1,2,00,1,1,16,201700054482A01,,,
201700054483,2017-08-06,2017,août,dimanche,13:40,75,75111,48.8542,2.38337,2,1,6,1,1,4,2,02,1,1,000,070,1,0,1,4,1,56,3,1,2,00,2,8,19,201700054483A01,32,1,1
201700054490,2017-08-31,2017,août,jeudi,13:15,75,75111,48.8586,2.37991,2,7,6,1,1,4,2,02,1,1,000,070,1,0,1,4,1,62,1,1,2,00,2,0,1,201700054490A01,30,5,1
201700054497,2017-09-10,2017,septembre,dimanche,33:0,75,75104,48.8529,2.36834,2,7,3,5,2,4,-1,00,-1,-1,000,000,-1,0,0,4,1,25,0,1,2,00,2,0,1,201700054497B01,7,16,1
201700054500,2017-09-17,2017,septembre,dimanche,20:7,75,75111,48.86,2.37189,2,1,6,5,1,4,3,02,1,1,000,000,2,0,1,4,1,30,0,1,2,00,2,4,1,201700054500B01,7,1,1
201700054500,2017-09-17,2017,septembre,dimanche,20:7,75,75111,48.86,2.37189,2,1,6,5,1,4,3,02,1,1,000,000,2,0,1,4,2,27,0,1,2,00,2,4,1,201700054500B01,7,1,1
201700054502,2017-09-18,2017,septembre,lundi,18:30,75,75111,48.8551,2.38712,2,2,3,1,1,4,-1,01,2,1,000,060,1,0,1,4,1,31,0,1,2,00,2,1,18,201700054502B01,10,22,1
201700054504,2017-09-20,2017,septembre,mercredi,17:30,75,75111,48.8644,2.36901,2,2,3,1,1,4,2,02,1,1,000,060,1,0,1,4,1,21,5,1,2,00,2,3,18,201700054504B01,7,4,1
201700054507,2017-09-22,2017,septembre,vendredi,85:5,75,75120,48.8666,2.38354,2,1,6,1,1,4,1,01,1,1,000,000,2,0,5,4,2,27,1,1,2,00,1,1,1,201700054507A01,,,
201700054516,2017-09-27,2017,septembre,mercredi,92:0,75,75111,48.8505,2.39302,2,1,6,1,8,4,1,01,2,1,000,040,1,0,1,4,1,38,1,1,2,00,1,1,17,201700054516A01,,,
201700054519,2017-09-29,2017,septembre,vendredi,16:45,75,75111,48.8619,2.37209,2,2,2,1,1,4,1,01,1,1,000,050,1,0,0,4,2,51,1,1,2,01,2,2,1,201700054519B01,7,22,1
201700054525,2017-10-08,2017,octobre,dimanche,95:5,75,75111,48.8563,2.38258,2,1,2,1,8,4,2,01,1,1,000,080,2,0,1,3,1,46,5,1,2,01,2,1,1,201700054525B01,7,22,1
201700054528,2017-10-09,2017,octobre,lundi,17:45,75,75111,48.8547,2.38535,2,2,3,1,1,4,-1,01,1,1,000,000,1,0,1,4,2,25,0,1,2,00,2,3,18,201700054528B01,10,16,1
201700054533,2017-10-13,2017,octobre,vendredi,20:30,75,75111,48.8504,2.38447,2,2,2,5,1,4,1,01,1,1,000,030,1,0,1,4,1,26,1,1,2,00,2,4,15,201700054533B01,30,1,1
201700054537,2017-10-15,2017,octobre,dimanche,18:15,75,75111,48.8649,2.385,2,3,3,1,1,4,3,01,1,1,080,050,1,0,5,4,2,30,5,1,4,00,2,3,1,201700054537B01,7,16,1
201700054544,2017-10-21,2017,octobre,samedi,19:20,75,75111,48.864,2.37549,2,3,2,5,1,4,2,02,1,1,000,070,1,0,1,4,2,32,1,1,2,10,2,1,17,201700054544B01,7,1,1
201700054547,2017-10-23,2017,octobre,lundi,13:45,75,75111,48.8636,2.38335,2,3,2,1,8,4,2,02,1,1,000,120,1,0,1,4,1,28,1,1,2,00,2,1,2,201700054547A01,7,23,1
201700054560,2017-11-11,2017,novembre,samedi,20:15,75,75111,48.8657,2.37246,2,2,3,5,2,4,2,00,2,1,000,140,2,0,1,4,1,30,1,1,2,00,2,1,1,201700054560A01,7,15,1
201700054561,2017-11-12,2017,novembre,dimanche,93:0,75,75111,48.8505,2.37938,2,3,3,1,3,4,2,03,1,1,000,140,2,0,1,3,1,66,0,1,2,00,2,8,13,201700054561B01,7,1,1
201700054567,2017-11-17,2017,novembre,vendredi,91:5,75,75111,48.86,2.37761,2,1,6,1,2,4,1,01,2,1,000,040,2,0,1,4,1,47,0,1,2,01,0,3,13,201700054567A01,,,
201700054575,2017-11-26,2017,novembre,dimanche,13:05,75,75111,48.8547,2.36951,2,4,6,1,1,4,1,01,1,1,015,030,1,0,1,1,1,20,0,1,2,00,1,1,1,201700054575A01,,,
201700054580,2017-11-30,2017,novembre,jeudi,94:5,75,75111,48.8585,2.38366,2,2,6,1,1,4,2,02,2,1,000,080,1,0,1,4,2,36,0,1,2,01,0,1,1,201700054580A01,,,
201700054589,2017-12-15,2017,décembre,vendredi,13:45,75,75111,48.8601,2.37261,2,3,6,1,2,4,-1,00,-1,-1,000,000,-1,0,0,4,1,21,4,1,2,00,2,1,1,201700054589A01,30,6,1
201700054595,2017-12-29,2017,décembre,vendredi,11:15,75,75111,48.8582,2.38646,2,2,3,1,2,4,1,01,1,1,000,080,2,0,1,4,2,70,5,1,2,00,2,1,1,201700054595A01,7,1,1
201700054603,2017-01-05,2017,janvier,jeudi,95:0,75,75112,48.8479,2.39779,2,1,1,1,1,4,1,03,1,1,000,060,1,0,1,4,1,49,9,1,2,00,5,0,5,201700054603A01,7,9,1
201700054614,2017-01-13,2017,janvier,vendredi,23:30,75,75112,48.85,2.37475,2,1,6,5,1,4,-1,02,1,1,000,060,2,0,0,4,1,23,4,1,2,00,2,7,1,201700054614A01,7,9,1
201700054633,2017-02-14,2017,février,mardi,19:30,75,75112,48.8379,2.40004,2,1,3,5,1,4,2,02,2,1,000,080,1,0,5,4,1,23,4,1,2,00,2,1,1,201700054633B01,7,16,1
201700054634,2017-02-16,2017,février,jeudi,10:10,75,75112,48.8467,2.39559,2,1,3,1,2,4,2,01,1,1,000,000,2,0,1,4,2,31,0,1,2,00,2,1,1,201700054634B01,7,22,1
201700054639,2017-02-21,2017,février,mardi,18:20,75,75112,48.8384,2.39294,2,1,6,5,1,4,2,02,2,1,000,050,1,0,5,4,1,44,1,1,2,00,1,1,1,201700054639A01,,,
201700054645,2017-02-26,2017,février,dimanche,10:07,75,75112,48.8248,2.44314,2,2,6,1,1,4,2,00,1,1,000,050,1,0,1,4,2,33,5,1,8,00,1,0,1,201700054645Z01,,,
201700054648,2017-03-02,2017,mars,jeudi,72:5,75,75112,48.8206,2.44532,2,2,3,2,1,4,2,02,1,1,000,060,2,0,1,4,1,56,1,1,2,00,2,3,1,201700054648B01,10,1,1
201700054659,2017-03-09,2017,mars,jeudi,10:56,75,75112,48.8487,2.37253,2,2,3,1,1,4,1,03,1,1,000,090,1,0,1,4,2,32,1,1,2,00,2,8,5,201700054659B01,7,15,1
201700054666,2017-03-15,2017,mars,mercredi,18:00,75,75112,48.8346,2.41894,2,1,1,1,1,4,-1,00,1,-1,000,000,1,0,5,4,1,16,5,1,2,00,2,1,13,201700054666A01,1,1,1
201700054666,2017-03-15,2017,mars,mercredi,18:00,75,75112,48.8346,2.41894,2,1,1,1,1,4,-1,00,1,-1,000,000,1,0,5,4,1,43,5,1,2,00,2,1,1,201700054666B01,1,13,1
201700054667,2017-03-16,2017,mars,jeudi,23:05,75,75112,48.8513,2.37612,2,5,3,5,1,4,2,04,-1,1,000,000,1,0,1,4,2,23,5,1,2,00,2,8,13,201700054667B01,7,1,1
201700054675,2017-03-20,2017,mars,lundi,91:5,75,75112,48.8367,2.40144,2,1,3,1,1,4,1,01,1,-1,000,030,1,0,5,4,1,33,1,1,2,00,2,1,1,201700054675B01,31,9,1
201700054678,2017-03-22,2017,mars,mercredi,15:05,75,75112,48.837,2.43159,2,1,3,1,1,4,2,02,1,1,000,070,1,0,1,4,1,47,5,1,2,00,2,2,17,201700054678B01,7,10,1
201700054684,2017-03-27,2017,mars,lundi,18:00,75,75112,48.847,2.38376,2,2,3,1,1,4,2,02,1,1,000,060,1,0,5,4,1,12,5,1,2,00,2,1,1,201700054684B01,7,15,1
201700054688,2017-03-30,2017,mars,jeudi,12:34,75,75112,48.8443,2.41032,2,2,3,1,1,4,2,02,1,1,000,030,1,5,5,4,1,64,5,1,2,00,2,8,16,201700054688B01,14,16,1
201700054697,2017-04-07,2017,avril,vendredi,83:0,75,75112,48.8385,2.39583,2,1,3,1,1,4,1,01,2,1,000,000,1,0,1,4,2,29,5,1,2,00,2,1,1,201700054697B01,7,9,1
201700054698,2017-04-07,2017,avril,vendredi,17:20,75,75112,48.8384,2.39868,2,3,7,1,1,4,2,02,3,1,000,040,3,0,0,3,2,58,5,1,2,00,9,0,1,201700054698A01,,,
201700054699,2017-04-07,2017,avril,vendredi,23:50,75,75112,48.8385,2.38972,2,1,6,5,7,4,2,03,2,1,000,000,1,0,1,3,2,42,0,1,2,00,2,4,2,201700054699A01,7,2,1
201700054703,2017-04-12,2017,avril,mercredi,19:10,75,75112,48.8444,2.38971,2,3,6,1,1,4,2,01,2,1,000,060,1,0,1,4,2,25,9,1,2,00,2,1,1,201700054703A01,30,15,1
201700054704,2017-04-12,2017,avril,mercredi,20:10,75,75112,48.8375,2.45197,2,2,3,1,1,4,2,00,1,1,000,070,1,0,1,4,2,21,1,1,2,00,2,1,1,201700054704B01,7,1,1
201700054705,2017-04-13,2017,avril,jeudi,10:45,75,75112,48.8397,2.39619,2,7,3,1,1,4,1,02,1,2,000,100,1,0,1,4,1,51,1,1,2,00,2,8,1,201700054705B01,7,14,1
201700054707,2017-04-14,2017,avril,vendredi,21:50,75,75112,48.8473,2.37529,2,5,3,5,1,4,1,01,1,1,000,000,1,0,1,4,1,22,1,1,2,00,2,1,1,201700054707A01,7,15,1
201700054713,2017-04-21,2017,avril,vendredi,10:35,75,75112,48.8376,2.39092,2,1,3,1,1,4,2,03,2,1,000,090,1,0,1,1,1,24,9,1,2,00,2,4,13,201700054713A01,33,1,1
201700054716,2017-04-22,2017,avril,samedi,12:30,75,75112,48.8458,2.3676,2,7,3,1,1,4,2,03,1,2,000,000,1,0,0,4,1,55,1,1,2,00,2,4,13,201700054716A01,7,1,1
201700054717,2017-04-24,2017,avril,lundi,85:0,75,75112,48.8526,2.36962,2,7,3,1,1,4,4,02,1,1,020,060,1,0,1,4,1,50,1,1,2,00,2,3,1,201700054717B01,7,1,1
201700054733,2017-05-12,2017,mai,vendredi,13:3,75,75112,48.8478,2.39906,2,7,3,5,1,4,2,08,1,1,000,220,1,0,1,3,1,68,5,1,2,00,2,1,1,201700054733A01,7,1,1
201700054741,2017-05-16,2017,mai,mardi,22:45,75,75112,48.8514,2.36986,2,3,6,5,1,4,3,02,1,-1,020,050,1,0,1,1,1,23,1,1,2,00,1,7,1,201700054741A01,,,
201700054745,2017-05-23,2017,mai,mardi,12:50,75,75112,48.8458,2.37405,2,2,6,1,1,4,1,03,1,1,000,000,1,0,1,4,1,46,1,1,2,00,2,8,1,201700054745A01,7,16,1
201700054747,2017-05-24,2017,mai,mercredi,18:45,75,75112,48.8532,2.37022,2,7,3,1,1,4,-1,05,1,2,000,150,1,0,0,4,1,61,1,1,2,00,2,1,18,201700054747B01,7,1,1
201700054750,2017-05-25,2017,mai,jeudi,19:55,75,75112,48.834,2.44485,2,7,3,1,1,4,2,02,1,1,000,040,1,0,0,4,2,25,5,1,2,00,2,1,1,201700054750B01,1,10,1
201700054750,2017-05-25,2017,mai,jeudi,19:55,75,75112,48.834,2.44485,2,7,3,1,1,4,2,02,1,1,000,040,1,0,0,1,1,19,5,1,2,00,2,8,10,201700054750A01,1,1,1
201700054752,2017-05-27,2017,mai,samedi,10:20,75,75112,48.8357,2.38605,2,3,3,1,1,4,2,01,1,1,000,160,1,0,1,4,2,36,5,1,2,00,2,1,18,201700054752A01,37,16,1
201700054758,2017-05-31,2017,mai,mercredi,16:15,75,75112,48.8391,2.3904,2,1,3,1,1,4,2,02,1,1,000,000,1,6,1,4,1,46,5,1,2,00,2,8,19,201700054758B01,7,1,1
201700054760,2017-06-01,2017,juin,jeudi,10:00,75,75112,48.845,2.36617,2,1,3,1,1,4,2,07,1,1,000,150,1,2,1,4,2,30,1,1,2,00,2,3,18,201700054760A01,7,7,1
201700054761,2017-06-01,2017,juin,jeudi,12:30,75,75112,48.851,2.37714,2,3,3,1,1,4,2,00,-1,-1,000,000,-1,0,1,4,2,32,0,1,2,00,2,0,1,201700054761B01,7,22,1
201700054762,2017-06-02,2017,juin,vendredi,83:0,75,75112,48.8396,2.39689,2,7,3,1,1,4,1,01,-1,-1,000,000,-1,0,1,4,1,34,1,1,2,00,2,4,1,201700054762B01,7,14,1
201700054768,2017-06-06,2017,juin,mardi,13:10,75,75112,48.8489,2.38409,2,1,2,1,1,4,2,02,1,1,000,080,2,0,1,4,1,32,1,1,2,01,2,1,1,201700054768A01,7,23,1
201700054770,2017-06-09,2017,juin,vendredi,91:5,75,75112,48.8216,2.43316,2,1,2,1,1,4,2,02,1,1,000,000,1,0,5,1,1,29,1,1,2,00,2,1,17,201700054770A01,1,13,1
201700054770,2017-06-09,2017,juin,vendredi,91:5,75,75112,48.8216,2.43316,2,1,2,1,1,4,2,02,1,1,000,000,1,0,5,4,2,41,0,1,2,00,2,0,13,201700054770B01,1,17,1
201700054771,2017-06-10,2017,juin,samedi,10:40,75,75112,48.8501,2.37903,2,2,4,1,1,4,2,02,-1,-1,000,000,-1,0,0,1,2,36,3,1,2,00,2,0,23,201700054771C01,7,2/23,2
201700054776,2017-06-14,2017,juin,mercredi,83:0,75,75112,48.8393,2.39332,2,1,6,1,1,4,2,02,1,1,000,000,1,0,5,4,1,22,5,1,2,01,0,8,21,201700054776A01,,,
201700054782,2017-06-19,2017,juin,lundi,18:30,75,75112,48.8374,2.39117,2,2,3,1,1,4,2,04,1,1,000,090,1,5,0,4,2,73,1,1,2,00,2,0,1,201700054782B01,7,15,1
201700054785,2017-06-20,2017,juin,mardi,22:30,75,75112,48.839,2.42848,2,1,2,5,1,4,2,02,1,1,000,050,1,0,1,4,1,22,9,1,2,01,2,0,1,201700054785B01,7,22,1
201700054788,2017-06-22,2017,juin,jeudi,92:0,75,75112,48.8427,2.38477,2,1,7,1,1,4,2,03,1,1,000,070,1,0,5,4,1,50,1,1,2,00,0,0,1,201700054788A01,,,
201700054790,2017-06-23,2017,juin,vendredi,17:15,75,75112,48.8312,2.40874,2,2,3,1,1,4,2,02,1,1,000,040,1,0,1,4,1,42,1,1,2,00,2,1,1,201700054790A01,1,1,1
201700054790,2017-06-23,2017,juin,vendredi,17:15,75,75112,48.8312,2.40874,2,2,3,1,1,4,2,02,1,1,000,040,1,0,1,4,1,22,5,1,9,00,2,3,1,201700054790B01,1,1,1
201700054803,2017-07-07,2017,juillet,vendredi,85:5,75,75112,48.8279,2.41894,2,7,3,1,1,4,2,02,1,1,000,000,1,0,1,4,1,32,1,1,2,00,2,0,19,201700054803B01,7,1,1
201700054806,2017-07-08,2017,juillet,samedi,17:50,75,75112,48.8336,2.41424,2,1,3,1,1,4,2,02,1,1,000,150,1,0,1,3,1,40,9,1,2,00,2,7,1,201700054806B01,7,22,1
201700054817,2017-07-13,2017,juillet,jeudi,17:45,75,75112,48.8222,2.44231,2,7,1,1,1,4,4,01,-1,-1,000,000,-1,0,1,1,2,53,5,1,2,00,2,1,5,201700054817A01,1,1,1
201700054817,2017-07-13,2017,juillet,jeudi,17:45,75,75112,48.8222,2.44231,2,7,1,1,1,4,4,01,-1,-1,000,000,-1,0,1,4,1,45,5,1,2,00,2,1,1,201700054817B01,1,5,1