Num_Acc,date,an,mois,jour,hrmn,dep,com,lat,long,agg,int,col,lum,atm,catr,circ,nbv,prof,plan,lartpc,larrout,surf,infra,situ,grav,sexe,age,trajet,secuexist,equipement,obs,obsm,choc,manv,vehiculeid,typevehicules,manoeuvehicules,numVehicules
201700054821,2017-07-17,2017,juillet,lundi,18:56,75,75112,48.8474,2.38714,2,1,7,1,1,4,2,00,1,1,000,000,1,0,1,4,1,47,1,1,2,00,0,0,17,201700054821A01,,,
201700054823,2017-07-19,2017,juillet,mercredi,23:31,75,75112,48.8524,2.36941,2,4,3,5,1,4,2,05,1,3,010,125,1,5,1,4,1,35,5,1,2,00,2,8,1,201700054823A01,7,1,1
201700054839,2017-08-08,2017,août,mardi,75:5,75,75112,48.8426,2.40515,2,1,3,1,2,4,2,02,1,1,000,078,2,0,1,4,2,37,5,1,2,00,2,4,15,201700054839B01,7,1,1
201700054845,2017-08-13,2017,août,dimanche,12:00,75,75112,48.8367,2.42391,2,1,3,1,1,4,2,02,1,1,000,000,1,0,1,4,1,31,0,1,2,00,2,2,1,201700054845B01,7,22,1
201700054846,2017-08-13,2017,août,dimanche,13:45,75,75112,48.8289,2.45206,2,1,3,1,1,4,2,02,1,1,000,100,1,0,1,4,1,11,5,1,2,00,2,1,1,201700054846B01,7,22,1
201700054848,2017-08-14,2017,août,lundi,12:10,75,75112,48.8356,2.3925,2,1,4,1,1,4,2,02,2,1,000,060,1,0,1,4,1,39,5,1,2,00,2,1,18,201700054848A01,10/ 7,22/23,2
201700054851,2017-08-16,2017,août,mercredi,60:0,75,75112,48.8432,2.37439,2,1,3,5,1,4,2,04,1,1,000,000,1,0,1,4,1,42,1,1,2,00,2,7,1,201700054851B01,10,22,1
201700054852,2017-08-20,2017,août,dimanche,18:10,75,75112,48.8337,2.4451,2,2,7,1,1,4,1,01,1,1,000,050,1,0,5,3,1,49,5,1,2,00,1,8,1,201700054852A01,,,
201700054858,2017-08-25,2017,août,vendredi,94:5,75,75112,48.839,2.38921,2,2,3,1,2,4,2,02,1,1,000,120,2,0,1,4,2,33,4,1,2,00,2,3,1,201700054858B01,7,15,1
201700054859,2017-08-27,2017,août,dimanche,19:45,75,75112,48.8523,2.37215,2,1,2,1,1,4,2,02,1,2,000,000,1,0,1,4,1,24,0,1,2,00,2,1,1,201700054859B01,30,15,1
201700054865,2017-09-03,2017,septembre,dimanche,16:05,75,75112,48.8366,2.38249,2,3,6,1,1,4,4,00,1,1,000,000,1,0,1,4,1,45,5,1,2,00,2,8,13,201700054865A01,30,17,1
201700054866,2017-09-06,2017,septembre,mercredi,84:5,75,75112,48.8447,2.40572,2,5,3,1,1,4,2,02,1,1,000,100,1,0,5,4,2,21,2,1,2,00,2,0,1,201700054866B01,7,15,1
201700054867,2017-09-06,2017,septembre,mercredi,20:00,75,75112,48.8359,2.40564,2,2,3,1,1,4,2,00,1,1,000,000,1,0,5,4,2,33,0,1,2,00,2,2,1,201700054867B01,7,16,1
201700054879,2017-09-18,2017,septembre,lundi,14:45,75,75112,48.8397,2.40886,2,1,6,1,1,4,2,02,1,1,000,030,1,0,5,4,1,66,5,1,2,00,1,1,1,201700054879A01,,,
201700054884,2017-09-21,2017,septembre,jeudi,15:55,75,75112,48.8371,2.40219,2,4,3,1,1,4,2,02,-1,-1,000,000,-1,0,1,4,2,12,2,1,2,00,2,0,19,201700054884B01,7,1,1
201700054890,2017-09-26,2017,septembre,mardi,85:5,75,75112,48.8329,2.39594,2,1,3,1,1,4,2,02,1,1,000,060,2,0,1,4,2,34,1,1,2,00,2,8,15,201700054890A01,33,1,1
201700054900,2017-10-06,2017,octobre,vendredi,19:45,75,75113,48.8446,2.36545,2,1,3,5,1,4,2,05,1,1,000,000,1,2,1,4,1,31,5,1,2,00,2,3,13,201700054900B01,32,17,1
201700054905,2017-10-11,2017,octobre,mercredi,13:05,75,75112,48.8519,2.37378,2,3,3,1,1,4,2,03,1,1,000,110,1,0,1,1,1,36,5,1,2,00,2,6,13,201700054905B01,34,1,1
201700054908,2017-10-12,2017,octobre,jeudi,13:45,75,75112,48.8461,2.37617,2,2,5,1,1,4,-1,00,1,1,000,040,1,0,0,4,1,27,4,1,2,00,2,1,1,201700054908C01,7,23/1,2
201700054919,2017-10-18,2017,octobre,mercredi,18:10,75,75112,48.8377,2.40077,2,3,3,1,1,4,2,02,2,1,000,080,1,0,5,4,1,41,1,1,2,00,2,2,1,201700054919A01,7,16,1
201700054934,2017-10-28,2017,octobre,samedi,12:20,75,75112,48.8404,2.37898,2,7,3,1,1,4,1,01,1,1,000,000,1,0,1,4,1,26,0,1,2,00,2,8,11,201700054934A01,7,1,1
201700054944,2017-11-08,2017,novembre,mercredi,75:0,75,75112,48.8478,2.36743,2,1,6,1,1,4,2,02,1,1,000,030,1,0,5,3,1,46,1,1,2,00,1,1,1,201700054944A01,,,
201700054949,2017-11-10,2017,novembre,vendredi,19:35,75,75111,48.8535,2.36952,2,7,2,5,1,4,1,00,1,-1,200,400,1,0,0,4,2,32,9,1,2,00,2,4,1,201700054949B01,7,1,1
201700054950,2017-11-10,2017,novembre,vendredi,21:20,75,75111,48.8576,2.36804,2,3,6,5,1,4,2,00,1,1,000,000,1,0,1,4,1,31,0,1,2,00,2,4,23,201700054950A01,30,1,1
201700054973,2017-11-28,2017,novembre,mardi,14:05,75,75112,48.8326,2.42035,2,4,2,1,1,4,2,02,1,1,000,060,1,0,1,4,1,48,5,1,2,00,2,2,2,201700054973A01,10,23,1
201700054982,2017-12-06,2017,décembre,mercredi,19:00,75,75112,48.8242,2.42275,2,2,3,5,1,4,2,00,1,1,000,060,1,0,1,4,2,29,5,1,2,00,2,7,19,201700054982B01,7,1,1
201700054990,2017-12-16,2017,décembre,samedi,11:40,75,75112,48.8506,2.37316,2,4,3,1,1,4,1,01,1,1,000,030,1,0,1,4,1,66,5,1,2,00,2,1,17,201700054990B01,7,22,1
201700054998,2017-12-23,2017,décembre,samedi,17:40,75,75112,48.8475,2.40288,2,1,3,2,1,4,1,00,1,1,100,010,1,0,1,4,2,21,5,1,2,00,2,3,1,201700054998B01,7,22,1
201700055025,2017-01-31,2017,janvier,mardi,72:0,75,75113,48.8382,2.35644,2,1,1,5,2,4,2,01,1,1,000,070,2,0,1,4,1,45,1,1,2,00,2,1,7,201700055025B01,7,17,1
201700055026,2017-02-01,2017,février,mercredi,17:00,75,75113,48.8317,2.37289,2,3,3,1,1,4,1,01,1,1,000,040,1,0,1,4,1,21,1,1,2,01,2,7,1,201700055026B01,7,2,1
201700055034,2017-02-09,2017,février,jeudi,15:55,75,75113,48.825,2.38888,2,3,3,1,1,4,2,00,1,1,000,125,1,0,5,4,2,36,9,1,2,00,2,0,19,201700055034A01,14,1,1
201700055035,2017-02-10,2017,février,vendredi,18:,75,75113,48.8437,2.36457,2,7,3,5,1,4,2,02,1,1,000,000,1,0,1,4,1,37,5,1,2,00,2,8,19,201700055035A01,7,7,1
201700055048,2017-02-18,2017,février,samedi,11:50,75,75113,48.8259,2.35142,2,1,3,1,1,4,2,03,1,1,000,060,1,0,1,4,1,28,0,1,2,00,2,1,17,201700055048B01,10,22,1
201700055054,2017-02-25,2017,février,samedi,54:0,75,75113,48.8222,2.34631,2,7,6,5,1,4,2,02,1,1,000,000,1,0,1,4,1,19,5,1,2,00,2,3,1,201700055054A01,7,15,1
201700055059,2017-03-06,2017,mars,lundi,22:55,75,75113,48.824,2.37702,2,2,3,5,2,4,2,02,1,1,000,000,2,0,1,4,1,23,5,1,9,00,2,7,5,201700055059B01,7,15,1
201700055065,2017-03-10,2017,mars,vendredi,21:0,75,75113,48.8299,2.3503,2,1,6,5,1,4,1,01,2,1,000,050,1,0,1,4,1,26,0,1,2,01,0,1,13,201700055065A01,,,
201700055069,2017-03-11,2017,mars,samedi,17:40,75,75113,48.8407,2.36958,2,3,3,1,1,4,2,04,1,1,000,150,1,0,5,4,2,31,0,1,2,00,2,0,1,201700055069B01,7,22,1
201700055081,2017-03-25,2017,mars,samedi,18:05,75,75106,48.8457,2.33235,2,1,6,1,1,4,-1,01,1,1,000,000,1,0,0,1,2,76,0,1,2,00,1,0,1,201700055081A01,,,
201700055082,2017-03-26,2017,mars,dimanche,21:20,75,75113,48.8289,2.3737,2,1,2,5,1,4,2,03,2,1,100,100,1,0,1,4,1,19,4,1,2,00,2,1,1,201700055082B01,7,22,1
201700055084,2017-03-27,2017,mars,lundi,15:00,75,75113,48.836,2.37267,2,1,2,1,1,4,1,01,2,1,000,030,1,0,1,4,1,45,9,1,2,00,2,4,20,201700055084A01,7,1,1
201700055087,2017-03-28,2017,mars,mardi,19:30,75,75113,48.8399,2.36179,2,4,3,1,1,4,-1,04,1,1,000,000,1,0,1,4,1,47,5,1,2,00,2,5,7,201700055087B01,7,16,1
201700055090,2017-04-01,2017,avril,samedi,19:55,75,75113,48.8389,2.35836,2,1,3,1,1,4,2,04,1,1,000,000,1,0,1,4,2,29,5,1,2,00,2,3,7,201700055090B01,37,17,1
201700055096,2017-04-04,2017,avril,mardi,94:5,75,75113,48.8391,2.35918,2,3,3,1,1,4,1,01,1,1,000,080,1,0,1,4,2,28,0,1,2,00,2,1,7,201700055096B01,7,9,1
201700055108,2017-04-15,2017,avril,samedi,44:5,75,75113,48.8263,2.36146,2,3,6,5,1,4,2,03,2,1,000,000,1,0,1,4,1,23,5,1,2,01,0,1,14,201700055108A01,,,
201700055114,2017-04-19,2017,avril,mercredi,17:29,75,75113,48.8297,2.34949,2,3,6,1,1,4,1,02,2,1,010,100,1,0,1,1,1,46,1,1,2,00,1,1,1,201700055114A01,,,
201700055121,2017-04-26,2017,avril,mercredi,12:20,75,75113,48.8247,2.34919,2,1,3,1,1,4,-1,02,-1,-1,000,000,-1,0,0,4,2,26,1,1,2,00,2,1,1,201700055121B01,7,22,1
201700055127,2017-05-02,2017,mai,mardi,15:40,75,75113,48.8273,2.36852,2,2,3,1,1,4,1,01,2,1,000,045,1,0,1,4,1,23,9,1,2,00,2,8,15,201700055127B01,31,17,1
201700055132,2017-05-04,2017,mai,jeudi,16:05,75,75113,48.8309,2.35665,2,1,6,1,1,4,3,06,2,1,200,400,1,4,1,1,1,19,9,1,2,00,1,0,19,201700055132A01,,,
201700055146,2017-05-23,2017,mai,mardi,14:50,75,75113,48.8192,2.35948,2,2,6,1,1,4,3,04,1,1,000,030,1,0,1,4,1,20,4,1,2,00,2,7,15,201700055146B01,7,1,1
201700055149,2017-05-27,2017,mai,samedi,20:10,75,75113,48.8337,2.37386,2,1,1,1,1,4,2,02,1,1,000,060,1,6,4,1,1,38,5,1,2,00,2,1,1,201700055149B01,1,5,1
201700055149,2017-05-27,2017,mai,samedi,20:10,75,75113,48.8337,2.37386,2,1,1,1,1,4,2,02,1,1,000,060,1,6,4,4,1,6,5,1,2,00,2,1,5,201700055149A01,1,1,1
201700055152,2017-05-29,2017,mai,lundi,19:00,75,75113,48.823,2.35658,2,2,6,1,1,4,1,01,1,1,000,032,1,0,1,1,1,27,5,1,2,00,1,7,1,201700055152A01,,,
201700055154,2017-05-31,2017,mai,mercredi,11:30,75,75113,48.8323,2.37979,2,2,3,1,1,4,3,03,1,1,010,100,1,0,1,4,1,24,0,1,2,00,2,7,19,201700055154B01,7,16,1
201700055162,2017-06-05,2017,juin,lundi,17:30,75,75113,48.8348,2.34159,2,2,3,1,1,4,3,00,1,1,000,000,1,0,0,4,2,28,0,1,2,00,2,2,1,201700055162B01,7,15,1
201700055164,2017-06-06,2017,juin,mardi,81:5,75,75106,48.8515,2.33704,2,2,6,1,1,4,1,02,1,1,000,070,2,0,0,1,1,42,1,1,2,00,1,7,1,201700055164A01,,,
201700055165,2017-06-06,2017,juin,mardi,83:0,75,75106,48.8525,2.33881,2,2,3,1,1,4,1,03,1,1,000,060,1,0,1,4,2,23,1,1,2,00,2,1,7,201700055165B01,7,16,1
201700055167,2017-06-08,2017,juin,jeudi,83:5,75,75113,48.8268,2.35326,2,2,6,1,1,4,2,01,2,1,000,070,1,0,0,1,1,20,1,1,2,00,1,1,1,201700055167A01,,,
201700055176,2017-06-12,2017,juin,lundi,22:50,75,75113,48.8332,2.35433,2,3,2,5,1,4,2,02,2,1,000,000,1,0,1,3,1,40,0,1,2,00,2,4,2,201700055176B01,31,2,1
201700055177,2017-06-13,2017,juin,mardi,18:20,75,75113,48.837,2.3731,2,3,6,1,1,4,1,02,2,-1,000,060,1,0,5,4,1,52,1,1,2,00,1,0,1,201700055177A01,,,
201700055184,2017-06-19,2017,juin,lundi,18:40,75,75113,48.8234,2.37505,2,3,3,1,1,4,2,02,2,1,000,050,1,0,1,4,1,24,0,1,2,00,2,1,1,201700055184B01,7,16,1
201700055187,2017-06-20,2017,juin,mardi,19:10,75,75113,48.8209,2.35076,2,2,3,1,1,4,1,01,2,3,000,070,1,0,0,4,2,33,5,1,2,00,2,1,1,201700055187B01,7,15,1
201700055192,2017-06-26,2017,juin,lundi,21:40,75,75113,48.8258,2.35739,2,3,2,2,1,4,2,04,1,1,000,100,1,0,5,4,1,19,1,1,2,00,2,1,1,201700055192B01,7,22,1
201700055195,2017-06-28,2017,juin,mercredi,17:45,75,75113,48.8266,2.36354,2,5,6,1,3,4,2,04,1,1,000,000,2,0,1,1,1,20,9,1,2,00,1,1,17,201700055195A01,,,
201700055196,2017-06-30,2017,juin,vendredi,12:50,75,75113,48.8275,2.35887,2,1,6,1,2,4,-1,00,1,-1,000,000,2,0,4,1,1,17,9,1,2,00,1,1,1,201700055196A01,,,
201700055197,2017-06-30,2017,juin,vendredi,13:10,75,75113,48.8401,2.37072,2,1,3,1,2,4,1,01,1,1,075,075,1,2,1,1,2,32,4,1,2,00,2,8,2,201700055197B01,1,2,1
201700055197,2017-06-30,2017,juin,vendredi,13:10,75,75113,48.8401,2.37072,2,1,3,1,2,4,1,01,1,1,075,075,1,2,1,4,2,31,0,1,2,00,2,8,2,201700055197A01,1,2,1
201700055215,2017-07-16,2017,juillet,dimanche,18:45,75,75113,48.838,2.37325,2,4,6,1,1,4,2,03,1,1,000,040,1,0,5,4,1,17,5,1,2,00,2,1,19,201700055215A01,2,16,1
201700055228,2017-08-06,2017,août,dimanche,15:,75,75113,48.8208,2.36675,2,1,3,5,1,4,2,04,1,1,000,000,1,0,1,4,1,30,5,1,2,00,2,2,17,201700055228B01,7,13,1
201700055239,2017-08-21,2017,août,lundi,20:50,75,75113,48.8259,2.35207,2,1,3,2,1,4,2,03,1,1,000,110,1,0,1,4,1,39,5,1,2,00,2,1,1,201700055239B01,7,22,1
201700055241,2017-08-24,2017,août,jeudi,15:05,75,75113,48.8284,2.35662,2,3,6,1,1,4,2,01,2,1,000,060,1,0,5,1,1,27,1,1,2,00,1,3,1,201700055241A01,,,
201700055263,2017-09-19,2017,septembre,mardi,82:0,75,75113,48.8327,2.36217,2,5,6,1,2,4,-1,02,2,1,000,062,2,0,1,1,2,28,1,1,2,00,1,1,7,201700055263A01,,,
201700055275,2017-09-28,2017,septembre,jeudi,20:30,75,75113,48.8307,2.37358,2,1,6,5,1,4,1,01,2,1,000,060,1,0,1,1,1,37,9,1,2,00,1,1,1,201700055275A01,,,
201700055276,2017-09-29,2017,septembre,vendredi,80:0,75,75113,48.8368,2.35941,2,1,3,1,1,4,2,03,2,1,000,035,1,0,4,4,1,51,1,1,2,00,2,8,1,201700055276A01,7,9,1
201700055280,2017-10-05,2017,octobre,jeudi,85:5,75,75113,48.8323,2.37979,2,2,3,1,1,4,2,02,1,1,000,025,1,2,1,1,1,35,1,1,2,00,2,4,19,201700055280B01,2,1,1
201700055283,2017-10-06,2017,octobre,vendredi,15:45,75,75113,48.8262,2.35729,2,2,3,1,1,4,2,02,2,1,010,200,1,0,5,4,1,69,5,1,2,00,2,2,19,201700055283A01,7,1,1
201700055293,2017-10-11,2017,octobre,mercredi,17:15,75,75105,48.8528,2.34661,2,3,6,1,1,4,1,02,1,1,000,070,1,0,1,4,1,35,5,1,2,00,2,4,1,201700055293A01,2,1,1
201700055299,2017-10-17,2017,octobre,mardi,18:05,75,75113,48.8284,2.38035,2,2,3,1,1,4,2,02,1,1,000,060,1,0,1,4,2,28,1,1,2,00,2,1,1,201700055299B01,7,22,1
201700055301,2017-10-19,2017,octobre,jeudi,20:05,75,75113,48.8364,2.3713,2,5,6,5,1,4,2,04,1,1,000,100,1,0,1,4,2,38,1,1,2,00,2,8,15,201700055301A01,7,15,1
201700055311,2017-10-26,2017,octobre,jeudi,20:23,75,75106,48.8441,2.3231,2,7,6,5,1,4,2,04,1,1,000,180,1,0,1,4,1,21,4,1,2,00,2,7,1,201700055311A01,7,14,1
201700055314,2017-10-31,2017,octobre,mardi,93:0,75,75113,48.8273,2.36852,2,2,3,1,1,4,2,02,1,1,000,070,1,0,1,4,2,23,1,1,2,00,2,8,1,201700055314B01,14,1,1
201700055321,2017-11-07,2017,novembre,mardi,94:5,75,75113,48.8263,2.36146,2,3,6,1,1,4,2,03,1,1,000,060,1,0,4,1,1,18,2,1,2,00,1,1,1,201700055321A01,,,
201700055326,2017-11-16,2017,novembre,jeudi,23:15,75,75113,48.8362,2.37145,2,5,3,5,1,4,2,02,1,1,000,080,1,0,1,4,1,35,5,1,2,00,2,1,1,201700055326B01,7,1,1
201700055328,2017-11-19,2017,novembre,dimanche,44:5,75,75113,48.8272,2.38588,2,1,3,5,2,4,3,00,1,1,000,000,2,0,1,1,1,27,9,1,2,00,2,8,13,201700055328B01,2,1,1
201700055389,2017-02-03,2017,février,vendredi,10:00,75,75114,48.8297,2.33103,2,2,3,1,1,4,1,01,1,1,000,025,1,0,1,4,2,42,1,1,2,00,2,1,5,201700055389A01,7,16,1
201700055399,2017-02-07,2017,février,mardi,92:0,75,75114,48.833,2.33597,2,5,3,1,2,4,4,02,2,1,000,050,2,0,1,4,1,47,0,1,2,00,2,1,1,201700055399B01,7,15,1
201700055403,2017-02-10,2017,février,vendredi,95:0,75,75114,48.8206,2.33752,2,1,3,1,1,4,3,02,2,1,000,060,1,0,5,4,1,57,5,1,2,00,2,7,1,201700055403A01,10,16,1
201700055413,2017-02-27,2017,février,lundi,92:0,75,75114,48.8348,2.34159,2,2,3,1,1,4,2,00,1,1,000,060,1,0,1,4,1,27,1,1,2,00,2,0,15,201700055413A01,32,1,1
201700055423,2017-03-16,2017,mars,jeudi,94:5,75,75114,48.8313,2.32984,2,2,3,1,1,4,4,04,1,1,000,000,1,0,1,4,1,41,0,1,2,00,2,6,1,201700055423B01,7,1,1
201700055427,2017-03-18,2017,mars,samedi,14:45,75,75114,48.84,2.32386,2,1,3,1,1,4,1,01,1,-1,000,050,1,0,1,4,1,18,5,1,2,00,2,1,1,201700055427B01,7,22,1
201700055429,2017-03-20,2017,mars,lundi,85:5,75,75114,48.8345,2.33411,2,1,3,1,1,4,2,04,1,1,000,000,1,0,5,4,2,45,1,1,2,00,2,0,1,201700055429B01,7,22,1
201700055435,2017-03-28,2017,mars,mardi,16:10,75,75114,48.8341,2.33328,2,7,3,1,1,4,1,02,1,-1,030,030,1,0,1,4,1,49,1,1,2,00,2,7,1,201700055435B01,7,1,1
201700055437,2017-03-31,2017,mars,vendredi,91:5,75,75114,48.8237,2.3232,2,2,3,1,1,4,1,01,1,1,000,000,1,0,5,4,1,25,1,1,2,00,2,0,1,201700055437B01,10,16,1
201700055459,2017-04-27,2017,avril,jeudi,18:40,75,75114,48.8281,2.32145,2,3,2,1,1,4,1,01,1,1,000,000,1,0,1,4,1,16,5,1,2,00,2,1,15,201700055459A01,7,15,1
201700055470,2017-05-11,2017,mai,jeudi,19:50,75,75114,48.8227,2.32263,2,2,3,1,2,4,4,02,1,1,000,060,1,0,1,4,2,61,5,1,2,00,2,8,1,201700055470B01,7,15,1
201700055473,2017-05-18,2017,mai,jeudi,15:,75,75114,48.8311,2.32965,2,1,4,5,2,4,2,05,1,1,000,220,2,0,1,4,2,23,0,1,2,00,2,4,23,201700055473A01,7,2,2
201700055480,2017-05-24,2017,mai,mercredi,92:0,75,75114,48.831,2.31782,2,4,3,1,1,4,2,01,1,1,000,030,1,0,1,4,1,39,5,1,2,00,2,3,1,201700055480B01,7,17,1
201700055483,2017-05-31,2017,mai,mercredi,10:15,75,75114,48.8386,2.33665,2,2,3,1,1,4,1,00,1,1,000,030,1,0,1,4,2,25,0,1,2,00,2,0,1,201700055483B01,10,16,1
201700055486,2017-06-01,2017,juin,jeudi,94:5,75,75114,48.8264,2.31069,2,3,3,1,1,4,1,02,1,1,000,000,1,0,1,4,1,30,0,1,2,00,2,0,1,201700055486B01,7,9,1
201700055507,2017-06-26,2017,juin,lundi,21:00,75,75114,48.8431,2.32635,2,2,3,2,1,4,-1,00,1,1,000,000,1,0,1,4,1,26,5,1,2,00,2,1,1,201700055507B01,7,10,1
201700055516,2017-07-07,2017,juillet,vendredi,16:10,75,75107,48.8584,2.31365,2,7,1,1,1,4,-1,01,1,-1,000,000,1,0,1,4,1,30,9,1,2,00,2,1,1,201700055516B01,7,5,1
201700055517,2017-07-07,2017,juillet,vendredi,19:45,75,75114,48.8337,2.33189,2,7,6,1,1,4,2,00,-1,-1,000,000,-1,0,1,1,1,47,0,1,2,00,1,8,1,201700055517A01,,,
201700055525,2017-07-19,2017,juillet,mercredi,14:05,75,75114,48.8372,2.3178,2,7,3,1,1,4,-1,01,-1,-1,000,180,1,0,5,4,1,66,0,1,2,00,2,8,1,201700055525A01,14,16,1
201700055550,2017-09-08,2017,septembre,vendredi,91:8,75,75106,48.8422,2.32898,2,1,3,1,1,4,2,06,1,1,000,210,1,0,1,4,1,31,1,1,2,00,2,0,13,201700055550B01,7,17,1
201700055552,2017-09-11,2017,septembre,lundi,18:10,75,75114,48.833,2.33597,2,5,6,1,1,4,2,02,1,1,000,080,1,0,1,4,2,56,1,1,2,00,1,1,1,201700055552A01,,,
201700055565,2017-09-26,2017,septembre,mardi,11:50,75,75114,48.8278,2.32667,2,7,5,1,1,4,2,00,1,1,030,120,1,0,1,4,1,22,5,1,2,01,2,1,7,201700055565B01,10/ 7,22/23,2
201700055571,2017-09-30,2017,septembre,samedi,50:0,75,75114,48.8256,2.32605,2,1,1,5,2,4,3,04,1,1,000,160,2,0,1,4,1,17,0,1,2,00,2,1,1,201700055571B01,7,13,1
201700055582,2017-10-12,2017,octobre,jeudi,14:05,75,75114,48.8346,2.31924,2,1,1,1,1,4,1,01,1,1,000,040,1,0,1,4,1,79,9,1,2,00,2,0,5,201700055582A01,32,1,1
201700055587,2017-10-17,2017,octobre,mardi,17:30,75,75114,48.8232,2.32552,2,5,6,1,1,4,2,05,1,1,000,150,1,0,1,4,2,38,5,1,2,00,2,3,19,201700055587A01,7,1,1
201700055600,2017-11-04,2017,novembre,samedi,11:40,75,75107,48.8529,2.32631,2,1,3,1,8,4,1,02,1,1,030,040,1,0,1,4,2,38,4,1,2,00,2,6,15,201700055600A01,33,1,1
201700055603,2017-11-07,2017,novembre,mardi,15:31,75,75114,48.8237,2.3232,2,2,3,1,1,4,2,00,1,1,020,090,1,0,5,4,2,25,0,1,2,00,2,3,1,201700055603B01,7,16,1
201700055635,2017-12-16,2017,décembre,samedi,25:9,75,75114,48.8246,2.31928,2,2,3,5,1,4,3,02,1,1,000,025,2,0,1,4,1,36,5,1,2,00,2,1,1,201700055635A01,7,1,1
201700055639,2017-12-20,2017,décembre,mercredi,13:50,75,75107,48.8474,2.31817,2,3,2,1,8,4,2,01,1,1,000,000,1,0,1,4,1,42,1,1,2,00,2,1,1,201700055639A01,7,1,1
201700055640,2017-12-21,2017,décembre,jeudi,91:5,75,75114,48.8202,2.339,2,1,3,1,2,4,1,00,1,1,000,060,2,0,1,4,1,14,2,1,2,00,2,7,19,201700055640A01,2,1,1
201700055642,2017-12-21,2017,décembre,jeudi,22:35,75,75114,48.8315,2.31528,2,3,5,4,1,4,2,03,1,1,000,080,2,0,1,1,1,51,5,1,2,00,2,8,1,201700055642C01,31/ 7,17/15,2
201700055675,2017-01-26,2017,janvier,jeudi,20:22,75,75115,48.839,2.31657,2,3,3,5,1,4,3,02,1,1,000,080,1,0,5,4,2,57,0,1,2,00,2,0,16,201700055675B01,7,1,1
201700055678,2017-01-30,2017,janvier,lundi,12:00,75,75115,48.8457,2.30197,2,3,3,1,1,4,2,02,1,1,000,000,2,0,1,4,1,47,0,1,2,00,2,1,1,201700055678B01,7,22,1
201700055683,2017-02-01,2017,février,mercredi,20:00,75,75115,48.8286,2.30138,2,2,3,5,1,4,2,04,1,1,000,160,1,0,1,4,2,50,1,1,2,00,2,1,1,201700055683B01,7,22,1
201700055690,2017-02-06,2017,février,lundi,18:45,75,75115,48.8309,2.29228,2,5,3,5,1,4,1,00,2,-1,000,000,1,0,1,4,1,25,0,1,2,00,2,0,19,201700055690B01,7,16,1
201700055691,2017-02-06,2017,février,lundi,18:30,75,75115,48.8361,2.2782,2,2,3,5,8,4,2,02,1,1,000,055,1,0,5,4,1,37,1,1,2,00,2,0,1,201700055691B01,7,15,1
201700055704,2017-02-15,2017,février,mercredi,20:35,75,75115,48.8477,2.28415,2,2,3,5,1,4,3,02,1,1,000,000,1,0,0,4,1,25,1,1,2,00,2,1,1,201700055704B01,7,22,1
201700055717,2017-03-07,2017,mars,mardi,15:40,75,75115,48.8391,2.30003,2,3,2,1,1,4,1,03,1,1,000,100,1,0,1,4,1,32,5,1,2,00,2,1,1,201700055717B01,7,22,1
201700055724,2017-03-18,2017,mars,samedi,35:,75,75115,48.8508,2.28426,2,1,6,3,2,4,2,04,1,1,000,000,2,0,1,4,2,27,0,1,2,00,2,4,13,201700055724A01,7,2,1
201700055740,2017-04-05,2017,avril,mercredi,10:58,75,75115,48.8478,2.29655,2,2,6,1,1,4,1,01,1,1,000,050,1,0,1,1,1,21,0,1,2,00,1,1,1,201700055740A01,,,
201700055743,2017-04-08,2017,avril,samedi,13:00,75,75115,48.8434,2.31404,2,3,3,1,1,4,1,02,1,1,000,040,1,0,5,4,2,37,9,1,2,00,2,7,1,201700055743B01,7,22,1
201700055767,2017-04-06,2017,avril,jeudi,94:5,75,75115,48.8323,2.28904,2,7,6,1,1,4,1,01,2,1,000,000,1,0,0,3,2,51,0,1,2,00,1,7,2,201700055767A01,,,
201700055775,2017-05-12,2017,mai,vendredi,13:00,75,75115,48.8364,2.28232,2,1,3,1,1,4,1,01,1,1,000,000,1,0,1,4,1,31,4,1,2,00,2,0,1,201700055775B01,7,9,1
201700055777,2017-05-17,2017,mai,mercredi,18:40,75,75115,48.8438,2.32295,2,3,6,1,1,4,1,01,1,3,000,000,1,5,1,4,2,36,1,1,2,00,2,3,1,201700055777A01,7,18,1
201700055790,2017-06-18,2017,juin,dimanche,12:30,75,75115,48.8459,2.29605,2,1,6,1,1,4,1,01,1,1,000,040,1,0,1,1,1,44,5,1,2,00,1,1,1,201700055790A01,,,
201700055794,2017-06-21,2017,juin,mercredi,22:35,75,75115,48.8369,2.27834,2,7,3,5,1,4,4,00,1,1,000,090,1,0,1,4,1,49,5,1,2,00,2,6,18,201700055794A01,7,1,1
201700055818,2017-07-27,2017,juillet,jeudi,84:5,75,75115,48.8393,2.30489,2,2,7,1,2,4,1,01,1,1,000,040,2,0,1,4,2,51,1,1,2,00,0,0,21,201700055818A01,,,
201700055828,2017-08-14,2017,août,lundi,17:15,75,75115,48.8468,2.28568,2,7,6,1,1,4,2,00,1,1,020,090,1,5,1,1,1,26,1,1,2,00,1,1,1,201700055828A01,,,