Num_Acc,date,an,mois,jour,hrmn,dep,com,lat,long,agg,int,col,lum,atm,catr,circ,nbv,prof,plan,lartpc,larrout,surf,infra,situ,grav,sexe,age,trajet,secuexist,equipement,obs,obsm,choc,manv,vehiculeid,typevehicules,manoeuvehicules,numVehicules
201700055848,2017-09-19,2017,septembre,mardi,16:35,75,75115,48.8414,2.28721,2,1,3,1,1,4,2,02,1,1,000,050,1,0,1,4,2,27,0,1,2,00,2,8,1,201700055848B01,7,22,1
201700055853,2017-09-23,2017,septembre,samedi,11:30,75,75115,48.8413,2.29817,2,3,3,1,1,4,1,02,1,1,000,100,1,0,1,4,1,56,0,1,2,01,2,2,1,201700055853B01,7,22,1
201700055868,2017-10-05,2017,octobre,jeudi,12:55,75,75115,48.8446,2.29688,2,3,2,1,1,4,2,02,1,1,000,080,1,0,1,4,1,28,5,1,2,01,2,7,1,201700055868B01,7,22,1
201700055870,2017-10-06,2017,octobre,vendredi,21:00,75,75115,48.8361,2.2782,2,2,2,5,1,4,1,01,1,1,000,000,1,0,1,4,1,22,1,1,2,00,2,4,23,201700055870B01,7,2,1
201700055876,2017-10-10,2017,octobre,mardi,19:15,75,75115,48.8314,2.29119,2,1,6,2,1,4,2,01,2,1,000,050,1,0,5,4,1,48,5,1,2,00,1,1,1,201700055876A01,,,
201700055876,2017-10-10,2017,octobre,mardi,19:15,75,75115,48.8314,2.29119,2,1,6,2,1,4,2,01,2,1,000,050,1,0,5,4,1,28,5,1,8,00,1,1,1,201700055876A01,,,
201700055885,2017-10-19,2017,octobre,jeudi,21:30,75,75115,48.8269,2.29324,2,1,3,5,1,4,1,01,1,1,000,000,1,0,1,4,1,16,0,1,2,00,2,7,16,201700055885A01,30,1,1
201700055890,2017-10-28,2017,octobre,samedi,14:50,75,75115,48.8463,2.28206,2,1,3,1,1,4,2,02,1,1,000,090,1,0,0,4,1,16,4,1,2,00,2,3,11,201700055890A01,34,1,1
201700055895,2017-11-02,2017,novembre,jeudi,84:5,75,75115,48.8404,2.31491,2,7,3,1,1,4,3,02,1,1,000,090,1,5,1,4,1,53,1,1,2,00,2,8,1,201700055895B01,10,15,1
201700055899,2017-11-06,2017,novembre,lundi,13:50,75,75115,48.8362,2.28959,2,1,6,1,1,4,2,02,1,1,000,000,1,0,1,4,1,26,1,1,2,00,2,1,2,201700055899A01,2,2,1
201700055908,2017-11-13,2017,novembre,lundi,21:15,75,75115,48.8451,2.32016,2,3,6,5,1,4,1,02,2,1,000,000,1,0,1,1,1,16,4,1,2,00,1,1,1,201700055908A01,,,
201700055928,2017-12-04,2017,décembre,lundi,19:42,75,75115,48.8481,2.29018,2,2,3,5,1,4,1,01,1,1,000,040,1,0,1,4,2,24,1,1,2,00,2,2,1,201700055928A01,7,1,1
201700055930,2017-12-05,2017,décembre,mardi,22:15,75,75115,48.8321,2.30294,2,2,3,5,1,4,1,01,2,1,000,000,1,0,5,4,2,31,5,1,2,00,2,1,5,201700055930A01,10,1,1
201700055939,2017-12-11,2017,décembre,lundi,19:00,75,75107,48.8624,2.30201,2,7,3,5,1,4,2,06,1,1,000,200,2,0,1,4,1,29,9,1,2,00,2,7,19,201700055939B01,7,16,1
201700055991,2017-02-07,2017,février,mardi,20:15,75,75116,48.8588,2.28906,2,5,3,1,1,4,1,03,1,1,000,000,1,0,1,4,1,29,5,1,2,00,2,5,13,201700055991A01,7,1,1
201700055996,2017-02-10,2017,février,vendredi,16:10,75,75116,48.8585,2.24489,2,2,3,1,2,4,2,02,1,1,000,000,2,0,1,4,1,53,4,1,2,00,2,8,19,201700055996B01,33,1,1
201700056014,2017-02-24,2017,février,vendredi,11:30,75,75116,48.8727,2.28452,2,5,6,1,1,4,2,06,1,1,000,000,2,0,1,4,1,40,4,1,2,01,2,8,1,201700056014B01,7,16,1
201700056015,2017-02-24,2017,février,vendredi,21:00,75,75116,48.8679,2.28107,2,7,6,5,1,4,1,01,1,1,000,100,1,0,1,4,1,23,5,1,2,00,2,8,1,201700056015A01,7,16,1
201700056028,2017-03-05,2017,mars,dimanche,16:30,75,75116,48.8591,2.22921,2,1,6,1,8,4,1,01,1,3,000,000,2,6,5,1,1,38,5,1,2,16,1,6,1,201700056028A01,,,
201700056036,2017-03-11,2017,mars,samedi,80:5,75,75116,48.8537,2.2774,2,2,3,1,1,4,2,02,2,1,000,000,1,0,1,4,1,19,2,1,2,00,2,1,1,201700056036A01,7,15,1
201700056039,2017-03-09,2017,mars,jeudi,12:10,75,75116,48.8732,2.29458,2,7,3,1,1,4,2,02,1,-1,000,000,1,0,1,4,1,41,1,1,2,00,2,2,16,201700056039B01,7,16,1
201700056046,2017-03-16,2017,mars,jeudi,15:45,75,75116,48.8451,2.2574,2,1,6,1,1,4,1,02,1,-1,000,000,1,6,1,1,1,51,5,1,2,00,1,7,1,201700056046A01,,,
201700056072,2017-03-30,2017,mars,jeudi,19:30,75,75116,48.8507,2.26717,2,5,2,1,1,4,1,01,2,1,000,000,1,0,0,4,1,15,5,1,2,00,2,1,15,201700056072A01,7,17,1
201700056097,2017-04-19,2017,avril,mercredi,12:25,75,75116,48.8426,2.26863,2,1,3,1,1,4,2,03,1,1,000,000,1,0,1,4,1,30,5,1,2,00,2,0,1,201700056097A01,7,9,1
201700056116,2017-05-06,2017,mai,samedi,52:0,75,75116,48.8629,2.29191,2,2,2,5,1,4,2,01,2,3,000,000,1,0,1,4,1,36,5,1,2,00,2,1,2,201700056116A01,7,23,1
201700056117,2017-05-07,2017,mai,dimanche,12:00,75,75116,48.8758,2.28866,2,1,3,1,1,4,2,03,1,1,000,000,2,0,1,4,1,32,1,1,2,00,2,7,17,201700056117B01,7,1,1
201700056118,2017-05-07,2017,mai,dimanche,11:20,75,75116,48.8452,2.26189,2,2,3,1,1,4,2,02,1,1,000,000,1,0,1,4,1,51,5,1,2,00,2,1,1,201700056118B01,7,22,1
201700056123,2017-05-14,2017,mai,dimanche,19:10,75,75116,48.8724,2.27715,2,7,3,1,1,4,-1,02,1,1,000,000,1,0,5,4,2,31,5,1,2,00,2,7,1,201700056123B01,10,1,1
201700056124,2017-05-15,2017,mai,lundi,90:0,75,75116,48.8707,2.28765,2,3,3,1,1,4,2,02,1,1,000,000,1,0,1,4,2,24,1,1,2,00,2,8,19,201700056124B01,31,17,1
201700056130,2017-05-21,2017,mai,dimanche,72:0,75,75116,48.8388,2.25681,2,1,2,1,1,4,2,00,1,1,000,000,1,0,1,4,1,39,5,1,2,01,2,7,1,201700056130B01,7,22,1
201700056137,2017-05-26,2017,mai,vendredi,10:10,75,75116,48.8375,2.25684,2,7,3,1,1,4,1,03,1,1,000,000,1,0,1,4,1,55,9,1,2,00,2,2,9,201700056137A01,7,1,1
201700056142,2017-05-29,2017,mai,lundi,11:00,75,75116,48.8749,2.27109,2,5,3,1,1,4,2,02,1,1,000,000,1,0,5,4,1,27,9,1,2,00,2,7,1,201700056142B01,7,15,1
201700056144,2017-06-01,2017,juin,jeudi,94:5,75,75116,48.8558,2.25187,2,1,3,1,1,4,2,02,1,1,000,000,1,0,1,4,2,49,1,1,2,00,2,1,1,201700056144B01,10,22,1
201700056146,2017-06-02,2017,juin,vendredi,15:,75,75116,48.8557,2.24299,2,1,6,5,1,4,2,04,1,1,000,000,1,0,1,4,1,24,1,1,2,00,2,8,1,201700056146A01,7,10,1
201700056153,2017-06-09,2017,juin,vendredi,10:15,75,75116,48.8542,2.27552,2,5,3,1,2,4,1,01,2,1,000,000,2,0,1,4,1,55,1,1,2,00,2,1,1,201700056153B01,33,1,1
201700056173,2017-06-18,2017,juin,dimanche,19:00,75,75116,48.8487,2.25772,2,7,3,1,1,4,1,01,1,1,000,000,1,6,1,4,1,32,9,1,2,00,2,1,1,201700056173B01,7,1,1
201700056174,2017-06-18,2017,juin,dimanche,19:30,75,75116,48.8723,2.29527,2,2,3,1,1,4,2,02,1,1,000,000,1,6,1,4,1,18,9,1,2,00,2,8,19,201700056174B01,7,1,1
201700056176,2017-06-19,2017,juin,lundi,10:00,75,75116,48.8774,2.28374,2,7,6,1,1,4,1,02,1,3,000,000,1,5,1,4,2,56,0,1,2,00,2,7,19,201700056176B01,7,16,1
201700056199,2017-07-05,2017,juillet,mercredi,18:10,75,75116,48.8651,2.29935,2,1,6,1,1,4,1,03,2,1,000,000,1,0,1,4,1,53,1,1,2,01,0,1,7,201700056199A01,,,
201700056215,2017-07-19,2017,juillet,mercredi,12:20,75,75116,48.8529,2.28104,2,3,3,1,2,4,2,03,1,1,000,000,2,0,1,4,2,59,5,1,2,00,2,4,15,201700056215B01,31,16,1
201700056218,2017-07-21,2017,juillet,vendredi,14:30,75,75116,48.8546,2.2422,2,1,6,1,1,4,1,04,1,1,000,000,1,0,0,4,1,30,5,1,2,01,0,1,14,201700056218A01,,,
201700056228,2017-08-03,2017,août,jeudi,83:0,75,75116,48.8573,2.27299,2,2,1,1,2,4,-1,03,2,1,000,000,2,0,1,4,1,27,9,1,2,00,2,1,15,201700056228A01,10,1,1
201700056230,2017-08-03,2017,août,jeudi,13:20,75,75116,48.8453,2.25751,2,2,3,1,1,4,2,04,1,-1,000,000,1,0,1,4,1,33,5,1,2,00,2,1,1,201700056230B01,7,15,1
201700056234,2017-08-08,2017,août,mardi,19:00,75,75116,48.8461,2.27243,2,3,6,1,1,4,2,02,1,1,000,000,1,0,1,4,1,45,0,1,2,01,2,2,1,201700056234B01,7,22,1
201700056238,2017-08-19,2017,août,samedi,10:15,75,75116,48.863,2.26851,2,2,3,1,1,4,1,02,1,1,000,000,1,0,1,4,1,59,0,1,2,00,2,8,18,201700056238B01,7,16,1
201700056241,2017-08-24,2017,août,jeudi,16:20,75,75116,48.8623,2.23822,2,2,3,1,1,4,1,01,1,3,000,000,1,0,5,4,1,62,5,1,2,00,2,1,1,201700056241B01,7,16,1
201700056277,2017-09-21,2017,septembre,jeudi,84:0,75,75116,48.8453,2.25798,2,1,2,1,1,4,2,00,1,1,000,000,1,0,1,4,2,36,1,1,2,00,2,1,2,201700056277A01,7,23,1
201700056283,2017-09-26,2017,septembre,mardi,16:40,75,75116,48.8664,2.28966,2,3,3,1,1,4,2,03,1,1,000,000,1,0,1,4,1,29,9,1,2,00,2,1,1,201700056283B01,7,15,1
201700056290,2017-10-03,2017,octobre,mardi,95:0,75,75116,48.8727,2.28452,2,5,3,1,1,4,2,04,1,1,000,000,-1,0,1,4,1,30,1,1,2,00,2,1,1,201700056290B01,7,16,1
201700056293,2017-10-02,2017,octobre,lundi,15:30,75,75116,48.8657,2.2958,2,2,3,1,1,4,2,02,1,1,000,000,1,0,1,4,2,43,5,1,2,00,2,8,19,201700056293B01,7,15,1
201700056302,2017-10-06,2017,octobre,vendredi,19:00,75,75116,48.8396,2.26284,2,7,3,2,1,4,1,01,1,1,000,050,1,5,1,4,1,37,1,1,2,00,2,8,16,201700056302B01,7,16,1
201700056309,2017-10-09,2017,octobre,lundi,13:30,75,75116,48.8648,2.29718,2,1,3,1,1,4,1,01,1,1,000,000,1,0,1,4,2,58,0,1,2,00,2,8,18,201700056309B01,37,1,1
201700056314,2017-10-14,2017,octobre,samedi,17:20,75,75116,48.8729,2.28215,2,1,6,1,1,4,2,04,1,1,000,000,1,0,4,4,1,7,5,1,2,00,2,3,1,201700056314B01,10,9,1
201700056323,2017-10-20,2017,octobre,vendredi,11:15,75,75116,48.863,2.23767,2,1,6,1,1,4,-1,01,1,1,000,000,1,0,5,4,1,71,5,1,2,00,2,1,1,201700056323B01,7,16,1
201700056326,2017-10-17,2017,octobre,mardi,19:00,75,75116,48.8566,2.28615,2,3,3,5,1,4,3,02,1,1,000,000,1,0,1,4,1,28,1,1,2,00,2,1,13,201700056326A01,31,1,1
201700056356,2017-11-10,2017,novembre,vendredi,20:20,75,75116,48.8409,2.26529,2,2,3,5,1,4,2,02,1,1,000,000,1,6,1,4,2,60,5,1,2,00,2,8,1,201700056356B01,7,15,1
201700056366,2017-11-17,2017,novembre,vendredi,91:2,75,75116,48.8684,2.26572,2,7,3,1,2,4,2,02,1,1,000,000,2,0,1,4,2,28,1,1,2,00,2,2,10,201700056366A01,7,1,1
201700056380,2017-11-28,2017,novembre,mardi,84:5,75,75116,48.8576,2.28364,2,1,6,1,2,4,1,01,1,1,001,001,2,0,1,1,1,23,5,1,2,00,1,1,5,201700056380A01,,,
201700056406,2017-12-13,2017,décembre,mercredi,62:0,75,75116,48.8732,2.29292,2,1,6,2,2,4,1,01,1,2,000,000,2,0,1,4,2,33,1,1,2,01,2,2,1,201700056406B01,10,22,1
201700056408,2017-12-13,2017,décembre,mercredi,18:20,75,75116,48.8662,2.28623,2,2,2,2,2,4,2,02,1,1,000,000,2,6,1,4,1,66,5,1,2,01,2,1,1,201700056408B01,7,22,1
201700056421,2017-12-19,2017,décembre,mardi,14:50,75,75116,48.8774,2.28138,2,7,6,1,1,4,1,06,1,2,000,000,1,0,1,4,2,34,4,1,2,00,2,5,1,201700056421A01,7,9,1
201700056425,2017-12-20,2017,décembre,mercredi,13:50,75,75116,48.8707,2.28765,2,3,3,1,1,4,2,02,1,1,000,000,1,0,1,4,1,23,4,1,2,00,2,2,17,201700056425B01,7,15,1
201700056458,2017-01-17,2017,janvier,mardi,13:00,75,75117,48.88,2.28833,2,5,3,1,1,4,2,04,1,1,000,000,1,5,1,4,1,57,0,1,2,00,2,0,10,201700056458B01,10,17,1
201700056460,2017-01-18,2017,janvier,mercredi,83:5,75,75117,48.8806,2.30163,2,1,2,1,1,4,2,02,1,1,000,000,1,0,1,4,2,48,0,1,2,01,2,1,1,201700056460B01,7,22,1
201700056464,2017-01-21,2017,janvier,samedi,43:0,75,75117,48.8857,2.30867,2,1,6,5,1,4,2,02,1,1,000,000,1,0,1,4,1,26,5,1,2,01,0,3,2,201700056464A01,,,
201700056469,2017-01-24,2017,janvier,mardi,22:15,75,75117,48.8857,2.31684,2,2,3,5,1,4,1,01,1,1,000,000,1,0,1,4,1,26,1,1,2,00,2,1,1,201700056469A01,7,1,1
201700056477,2017-01-31,2017,janvier,mardi,91:2,75,75117,48.8788,2.28622,2,1,3,1,1,4,2,01,1,1,000,000,2,0,1,4,1,42,1,1,2,00,2,1,18,201700056477B01,7,22,1
201700056487,2017-02-09,2017,février,jeudi,12:30,75,75117,48.8848,2.31159,2,1,6,1,1,4,1,01,1,1,000,000,1,0,5,1,1,46,1,1,2,00,1,1,1,201700056487A01,,,
201700056490,2017-02-14,2017,février,mardi,16:30,75,75117,48.8792,2.29197,2,1,3,1,1,4,2,02,1,1,000,000,1,0,1,4,1,40,4,1,2,00,2,7,17,201700056490A01,7,22,1
201700056530,2017-03-23,2017,mars,jeudi,91:0,75,75117,48.887,2.30462,2,7,6,1,1,4,2,02,1,1,000,000,1,0,0,4,2,30,1,1,2,00,2,7,1,201700056530A01,10,16,1
201700056536,2017-03-26,2017,mars,dimanche,13:00,75,75117,48.8796,2.30499,2,2,3,1,1,4,2,03,1,1,000,000,1,0,1,4,2,56,5,1,2,00,2,0,1,201700056536B01,32,1,1
201700056539,2017-03-28,2017,mars,mardi,11:05,75,75117,48.8831,2.32483,2,1,3,1,1,4,1,02,1,1,000,000,1,0,5,4,1,38,1,1,2,00,2,2,1,201700056539A01,13,22,1
201700056542,2017-04-03,2017,avril,lundi,20:50,75,75117,48.8807,2.28525,2,7,3,2,1,4,2,02,1,1,000,000,1,5,1,4,1,21,1,1,2,00,2,1,1,201700056542B01,7,15,1
201700056548,2017-04-05,2017,avril,mercredi,21:00,75,75117,48.888,2.31502,2,1,2,5,1,4,2,03,1,1,000,000,1,0,1,4,1,22,4,1,2,00,2,1,23,201700056548B01,7,4,1
201700056552,2017-04-10,2017,avril,lundi,13:15,75,75117,48.8886,2.31562,2,7,6,1,1,4,2,02,1,1,000,080,1,0,1,1,1,21,4,1,2,00,1,1,1,201700056552A01,,,
201700056558,2017-04-14,2017,avril,vendredi,19:10,75,75117,48.8811,2.31467,2,1,6,1,1,4,3,03,1,1,000,000,1,0,5,4,1,30,4,1,2,00,1,8,1,201700056558A01,,,
201700056564,2017-04-20,2017,avril,jeudi,93:0,75,75117,48.8831,2.30822,2,1,2,1,1,4,2,00,1,1,000,000,1,0,5,4,1,28,1,1,2,01,2,1,1,201700056564A01,7,22,1
201700056567,2017-04-22,2017,avril,samedi,18:00,75,75117,48.8786,2.2819,2,7,3,1,1,4,1,04,1,2,000,000,1,0,1,4,2,31,0,1,2,00,2,3,1,201700056567B01,7,14,1
201700056583,2017-05-10,2017,mai,mercredi,85:0,75,75117,48.8807,2.3119,2,1,3,1,1,4,-1,01,1,1,000,000,1,0,5,4,2,38,1,1,2,00,2,8,1,201700056583B01,10,12,1
201700056587,2017-05-13,2017,mai,samedi,14:15,75,75117,48.8888,2.32328,2,3,3,1,1,4,2,00,2,1,000,000,1,0,1,4,1,52,5,1,2,00,2,3,7,201700056587B01,7,16,1
201700056597,2017-05-21,2017,mai,dimanche,13:10,75,75117,48.888,2.3246,2,3,2,1,1,4,2,01,2,1,000,000,1,0,1,4,1,31,5,1,2,00,2,1,1,201700056597B01,7,1,1
201700056616,2017-06-16,2017,juin,vendredi,14:50,75,75117,48.8833,2.30688,2,1,6,1,1,4,2,02,1,1,000,000,1,0,1,4,1,16,5,1,2,00,0,0,14,201700056616A01,,,
201700056618,2017-06-16,2017,juin,vendredi,20:00,75,75117,48.8857,2.29104,2,1,7,1,1,4,2,04,1,1,000,000,1,0,1,4,1,30,0,1,2,01,0,1,21,201700056618A01,,,
201700056626,2017-06-21,2017,juin,mercredi,18:20,75,75117,48.8845,2.30098,2,1,5,1,1,4,2,01,1,1,000,000,1,0,1,4,2,51,0,1,2,01,2,1,1,201700056626A01,7,22/1,2
201700056630,2017-06-24,2017,juin,samedi,19:15,75,75117,48.8903,2.30089,2,3,6,1,1,4,1,01,1,1,000,000,1,0,1,4,1,33,5,1,2,00,1,1,1,201700056630A01,,,
201700056632,2017-06-25,2017,juin,dimanche,23:25,75,75117,48.8831,2.29346,2,2,3,5,1,4,1,01,1,1,000,000,1,0,1,4,1,20,0,1,2,00,2,1,1,201700056632B01,7,1,1
201700056633,2017-06-26,2017,juin,lundi,14:30,75,75117,48.8841,2.31406,2,3,6,1,1,4,1,01,1,1,000,000,1,0,1,4,1,33,1,1,2,00,1,8,1,201700056633A01,,,
201700056636,2017-06-27,2017,juin,mardi,93:0,75,75116,48.8652,2.24923,2,4,3,1,1,4,2,02,-1,-1,000,000,-1,0,0,4,1,45,5,1,2,00,2,1,19,201700056636B01,7,1,1
201700056654,2017-07-06,2017,juillet,jeudi,12:45,75,75117,48.8942,2.32057,2,2,3,1,1,4,2,02,1,1,000,000,1,5,1,4,1,48,0,1,2,00,2,1,1,201700056654B01,7,15,1
201700056661,2017-07-11,2017,juillet,mardi,12:10,75,75117,48.8848,2.29838,2,4,3,1,1,4,2,02,1,1,000,000,1,0,1,4,1,36,0,1,2,00,2,1,7,201700056661A01,7,15,1
201700056715,2017-09-15,2017,septembre,vendredi,23:07,75,75117,48.8846,2.30616,2,1,7,5,1,4,2,02,1,1,000,000,1,0,1,4,1,37,0,1,2,00,0,0,1,201700056715A01,,,
201700056719,2017-09-18,2017,septembre,lundi,20:50,75,75117,48.8942,2.32057,2,2,6,3,1,4,2,02,1,1,000,080,1,0,1,4,1,41,1,1,2,00,2,3,1,201700056719A01,7,15,1
201700056734,2017-09-29,2017,septembre,vendredi,85:0,75,75117,48.8773,2.29439,2,1,3,1,1,4,2,03,1,1,000,000,1,0,1,4,1,61,0,1,2,00,2,0,11,201700056734B01,37,1,1
201700056748,2017-10-07,2017,octobre,samedi,13:35,75,75117,48.8812,2.3153,2,7,6,1,1,4,1,02,1,1,000,000,1,0,5,1,1,28,1,1,2,00,1,1,1,201700056748A01,,,
201700056749,2017-10-10,2017,octobre,mardi,13:45,75,75117,48.8847,2.30781,2,3,2,1,1,4,2,00,1,1,000,000,1,0,5,4,1,41,4,1,2,01,2,0,1,201700056749B01,7,22,1
201700056754,2017-10-12,2017,octobre,jeudi,14:25,75,75117,48.8944,2.31361,2,2,6,1,1,4,1,00,1,1,000,000,1,0,1,4,1,49,9,1,2,04,0,7,14,201700056754A01,,,
201700056757,2017-10-13,2017,octobre,vendredi,11:05,75,75117,48.8918,2.30158,2,2,3,1,1,4,2,03,1,1,000,000,1,0,1,4,2,32,0,1,2,00,2,9,7,201700056757B01,14,16,1
201700056769,2017-10-25,2017,octobre,mercredi,75:0,75,75116,48.8759,2.26213,2,2,3,5,1,4,2,02,1,1,000,000,-1,0,1,4,1,36,0,1,2,00,2,6,1,201700056769B01,33,15,1
201700056779,2017-10-31,2017,octobre,mardi,23:15,75,75117,48.8787,2.30091,2,2,3,5,1,4,2,00,1,1,000,000,1,0,0,4,2,22,5,1,2,00,2,3,1,201700056779A01,7,15,1
201700056793,2017-11-14,2017,novembre,mardi,17:55,75,75117,48.8894,2.32309,2,1,6,5,1,4,1,02,1,1,000,000,1,0,5,1,1,62,3,1,2,00,1,8,1,201700056793A01,,,
201700056806,2017-11-28,2017,novembre,mardi,17:25,75,75117,48.8942,2.32057,2,2,6,5,2,4,2,02,1,1,000,000,2,0,1,1,1,56,5,1,2,00,1,1,1,201700056806A01,,,
201700056807,2017-12-01,2017,décembre,vendredi,19:30,75,75117,48.8822,2.28604,2,3,3,5,1,4,-1,00,-1,-1,000,000,-1,0,0,4,2,25,1,1,2,00,2,8,7,201700056807B01,7,17,1
201700056826,2017-12-21,2017,décembre,jeudi,20:35,75,75117,48.8826,2.31037,2,7,3,5,2,4,2,01,1,1,000,060,2,0,1,4,1,48,9,1,2,00,2,3,1,201700056826B01,31,15,1
201700056827,2017-12-22,2017,décembre,vendredi,12:50,75,75117,48.8807,2.29524,2,1,3,1,2,4,2,04,1,1,000,000,2,0,1,1,1,25,1,1,2,00,9,7,7,201700056827B01,30,7,1
201700056829,2017-12-28,2017,décembre,jeudi,18:30,75,75117,48.8838,2.30476,2,2,3,5,1,4,2,02,1,1,000,000,1,0,1,4,1,33,9,1,2,00,2,8,19,201700056829B01,7,15,1
201700056838,2017-01-05,2017,janvier,jeudi,23:45,75,75118,48.8826,2.3419,2,2,3,5,1,4,-1,00,-1,-1,000,000,-1,0,0,4,1,34,0,1,2,00,2,1,1,201700056838B01,7,1,1
201700056843,2017-01-13,2017,janvier,vendredi,90:0,75,75118,48.8936,2.33637,2,5,6,1,1,4,2,02,1,1,000,000,1,0,1,4,1,35,1,1,2,00,2,1,2,201700056843A01,10,2,1
201700056878,2017-02-13,2017,février,lundi,94:5,75,75118,48.8899,2.36307,2,2,6,1,1,4,1,00,1,1,000,080,1,0,1,1,1,28,1,1,2,00,1,1,1,201700056878A01,,,
201700056883,2017-02-23,2017,février,jeudi,18:20,75,75118,48.89,2.3625,2,3,6,2,1,4,1,01,1,1,000,040,1,0,1,1,1,22,2,1,2,00,1,1,1,201700056883A01,,,
201700056897,2017-03-10,2017,mars,vendredi,25:,75,75118,48.8946,2.3471,2,4,3,5,1,4,2,02,1,1,000,200,1,0,1,4,1,47,1,1,2,00,2,0,15,201700056897A01,7,17,1
201700056903,2017-03-16,2017,mars,jeudi,18:10,75,75118,48.8884,2.34956,2,2,6,2,1,4,1,01,1,1,000,000,1,0,0,4,1,25,5,1,2,00,1,4,21,201700056903A01,,,
201700056904,2017-03-16,2017,mars,jeudi,20:45,75,75118,48.8932,2.33919,2,1,3,5,1,4,2,02,1,1,000,060,1,0,1,4,2,45,5,1,2,00,2,1,1,201700056904B01,7,22,1
201700056913,2017-03-28,2017,mars,mardi,18:30,75,75118,48.8884,2.34956,2,2,3,1,1,4,2,00,2,1,000,000,1,0,1,4,1,30,0,1,2,00,2,1,1,201700056913A01,10,1,1
201700056925,2017-04-08,2017,avril,samedi,21:20,75,75118,48.8869,2.32584,2,1,6,5,1,4,2,02,1,1,000,000,1,0,1,1,1,29,1,1,2,00,1,0,1,201700056925A01,,,
201700056927,2017-04-09,2017,avril,dimanche,23:40,75,75118,48.8992,2.33624,2,2,6,5,1,4,3,02,1,1,000,100,1,0,1,4,1,19,0,1,2,00,2,4,16,201700056927A01,34,1,1
201700056939,2017-04-26,2017,avril,mercredi,11:35,75,75118,48.896,2.35926,2,1,6,1,1,4,2,04,1,1,000,000,1,0,1,4,1,65,5,1,2,01,0,1,14,201700056939A01,,,
201700056942,2017-05-02,2017,mai,mardi,12:00,75,75118,48.8931,2.33776,2,2,3,1,1,4,1,00,1,1,000,000,1,0,1,4,1,40,0,1,2,00,2,1,1,201700056942B01,7,1,1
201700056945,2017-05-04,2017,mai,jeudi,18:40,75,75118,48.8866,2.34954,2,2,2,1,3,4,2,04,1,1,000,000,2,0,1,4,1,30,4,1,2,00,2,1,2,201700056945A01,7,23,1
201700056958,2017-05-16,2017,mai,mardi,12:30,75,75118,48.885,2.34948,2,1,2,1,1,4,1,02,1,1,000,000,1,0,1,4,1,21,0,1,2,00,2,1,2,201700056958A01,13,2,1
201700056962,2017-05-20,2017,mai,samedi,20:45,75,75118,48.9013,2.3441,2,2,3,1,7,4,1,00,1,1,000,000,1,0,1,4,1,26,0,1,2,00,2,8,1,201700056962B01,7,15,1
201700056965,2017-05-24,2017,mai,mercredi,17:55,75,75118,48.8911,2.34961,2,1,6,1,1,4,2,04,2,1,000,000,1,0,1,4,2,38,1,1,2,00,2,1,17,201700056965A01,7,22,1
201700056973,2017-05-30,2017,mai,mardi,72:0,75,75118,48.8901,2.32922,2,2,3,1,8,4,1,01,1,1,000,000,1,0,1,4,1,43,1,1,2,00,2,7,1,201700056973A01,7,1,1
201700056975,2017-05-30,2017,mai,mardi,14:20,75,75118,48.8839,2.32722,2,4,1,1,1,4,2,02,2,1,000,150,1,0,1,4,1,36,1,1,2,00,2,1,1,201700056975B01,30,17,1
201700056982,2017-06-07,2017,juin,mercredi,22:40,75,75118,48.8904,2.34845,2,5,3,5,1,4,1,01,1,1,000,000,1,0,1,4,2,25,5,1,2,00,2,1,1,201700056982A01,10,1,1
201700056993,2017-06-14,2017,juin,mercredi,17:18,75,75118,48.8936,2.34791,2,3,6,1,1,4,2,00,1,1,000,150,1,0,1,1,1,42,0,1,2,00,1,1,7,201700056993A01,,,
201700057006,2017-07-03,2017,juillet,lundi,17:30,75,75118,48.8848,2.35932,2,7,7,1,1,4,4,02,1,1,000,000,1,5,0,4,1,46,0,1,2,00,,0,21,201700057006A01,,,
201700057010,2017-07-05,2017,juillet,mercredi,82:5,75,75118,48.8845,2.35932,2,7,3,1,1,4,1,01,1,1,000,000,1,0,1,4,2,41,1,1,2,00,2,8,7,201700057010B01,14,16,1
201700057013,2017-07-07,2017,juillet,vendredi,11:30,75,75118,48.8951,2.35291,2,5,6,1,1,4,2,00,1,1,000,000,1,0,1,4,1,24,5,1,2,00,2,8,1,201700057013A01,13,17,1
201700057015,2017-07-07,2017,juillet,vendredi,20:58,75,75118,48.8845,2.3642,2,3,3,1,1,4,1,01,1,-1,000,000,1,0,0,4,2,18,0,1,2,00,2,0,1,201700057015B01,7,16,1
201700057017,2017-07-08,2017,juillet,samedi,10:50,75,75118,48.8931,2.33776,2,2,6,1,1,4,1,01,1,1,000,030,1,0,1,4,1,29,1,1,2,00,1,1,1,201700057017A01,,,
201700057039,2017-08-08,2017,août,mardi,84:5,75,75118,48.9005,2.34411,2,4,3,1,2,4,2,03,1,1,000,000,2,0,5,4,2,37,1,1,2,00,2,1,1,201700057039B01,10,16,1