Num_Acc,date,an,mois,jour,hrmn,dep,com,lat,long,agg,int,col,lum,atm,catr,circ,nbv,prof,plan,lartpc,larrout,surf,infra,situ,grav,sexe,age,trajet,secuexist,equipement,obs,obsm,choc,manv,vehiculeid,typevehicules,manoeuvehicules,numVehicules
201700057050,2017-08-21,2017,août,lundi,14:50,75,75118,48.9005,2.34411,2,4,2,1,1,4,3,03,1,1,010,150,1,0,0,4,1,25,0,1,2,00,2,1,2,201700057050A01,7,23,1
201700057063,2017-09-06,2017,septembre,mercredi,83:0,75,75118,48.8857,2.33121,2,4,6,1,1,4,2,00,2,1,000,000,1,0,1,4,1,30,1,1,2,00,2,0,15,201700057063A01,7,1,1
201700057069,2017-09-14,2017,septembre,jeudi,13:00,75,75118,48.8987,2.37027,2,2,6,1,1,4,2,04,1,1,010,080,1,0,1,4,1,46,4,1,2,00,2,7,19,201700057069A01,30,1,1
201700057070,2017-09-16,2017,septembre,samedi,17:28,75,75118,48.8915,2.3517,2,3,2,1,8,4,2,02,1,1,000,000,1,0,1,4,2,41,0,1,2,00,2,1,1,201700057070A01,7,23,1
201700057071,2017-09-18,2017,septembre,lundi,45:,75,75118,48.8886,2.35457,2,3,3,5,1,4,1,00,-1,-1,000,000,-1,0,1,4,1,30,9,1,2,00,2,1,19,201700057071A01,7,1,1
201700057073,2017-09-19,2017,septembre,mardi,13:25,75,75118,48.8958,2.34339,2,5,3,1,1,4,2,02,1,1,000,000,2,0,1,4,2,27,2,1,2,00,2,0,1,201700057073B01,10,22,1
201700057074,2017-09-20,2017,septembre,mercredi,25:,75,75118,48.8905,2.34958,2,2,3,5,1,4,1,03,1,1,000,000,1,0,1,3,1,28,5,1,2,00,2,8,13,201700057074B01,7,1,1
201700057081,2017-10-03,2017,octobre,mardi,14:35,75,75118,48.8986,2.36293,2,1,3,1,1,4,2,02,1,1,010,050,1,0,1,1,1,36,5,1,2,00,2,4,19,201700057081B01,32,1,1
201700057094,2017-10-16,2017,octobre,lundi,13:15,75,75118,48.8911,2.34755,2,1,6,1,1,4,1,01,1,1,000,000,1,0,5,1,2,28,1,1,2,00,1,1,1,201700057094A01,,,
201700057105,2017-10-27,2017,octobre,vendredi,13:09,75,75118,48.8913,2.36882,2,1,3,1,1,4,1,01,1,1,000,000,1,0,5,4,1,63,1,1,2,00,2,0,1,201700057105B01,10,16,1
201700057108,2017-10-31,2017,octobre,mardi,92:0,75,75118,48.8941,2.34754,2,1,3,1,1,4,1,02,1,1,000,000,1,0,1,4,1,45,5,1,2,00,2,1,13,201700057108B01,10,1,1
201700057113,2017-11-07,2017,novembre,mardi,74:5,75,75118,48.8855,2.34735,2,1,6,1,1,4,1,02,1,1,000,035,1,0,1,1,1,42,1,1,2,00,1,7,5,201700057113A01,,,
201700057114,2017-11-07,2017,novembre,mardi,14:40,75,75118,48.8952,2.32817,2,3,6,1,1,4,2,03,1,1,000,140,1,0,1,3,1,52,0,1,2,00,2,8,1,201700057114A01,7,15,1
201700057121,2017-11-13,2017,novembre,lundi,14:05,75,75118,48.8876,2.36713,2,1,6,1,1,4,-1,00,1,1,000,000,1,6,4,1,2,37,1,1,2,00,1,1,1,201700057121A01,,,
201700057133,2017-11-22,2017,novembre,mercredi,11:25,75,75118,48.8984,2.35906,2,2,6,1,1,4,1,02,1,1,000,000,1,0,1,4,2,35,5,1,2,00,2,8,19,201700057133B01,7,16,1
201700057146,2017-12-02,2017,décembre,samedi,14:45,75,75118,48.8903,2.33574,2,3,1,1,8,4,-1,00,-1,-1,000,000,-1,0,0,4,2,28,0,1,2,00,2,2,5,201700057146B01,7,9,1
201700057159,2017-12-14,2017,décembre,jeudi,12:25,75,75118,48.8862,2.34951,2,1,6,1,8,4,2,03,1,1,000,000,1,0,5,4,1,36,9,1,2,00,1,1,1,201700057159A01,,,
201700057161,2017-12-15,2017,décembre,vendredi,92:5,75,75118,48.8846,2.3295,2,5,7,1,8,4,1,02,1,2,000,150,2,0,1,4,2,26,1,1,2,00,2,0,13,201700057161B01,7,1,1
201700057167,2017-12-20,2017,décembre,mercredi,11:50,75,75118,48.8842,2.34946,2,3,2,1,1,4,2,04,1,1,000,120,1,0,1,4,1,42,1,1,2,00,2,1,12,201700057167A01,13,1,1
201700057180,2017-01-12,2017,janvier,jeudi,12:30,75,75119,48.8873,2.36704,2,3,2,1,2,4,3,01,1,1,000,000,2,0,5,4,1,49,1,1,2,00,2,1,1,201700057180B01,10,4,1
201700057182,2017-01-12,2017,janvier,jeudi,17:30,75,75119,48.89,2.38741,2,3,6,5,1,4,-1,01,1,1,000,000,2,0,4,1,1,17,9,1,2,00,1,1,1,201700057182A01,,,
201700057191,2017-02-01,2017,février,mercredi,20:00,75,75119,48.8762,2.40322,2,1,2,5,1,4,2,02,3,1,000,000,1,0,1,4,2,31,9,1,2,00,2,8,2,201700057191B01,7,2,1
201700057203,2017-02-11,2017,février,samedi,18:05,75,75119,48.8886,2.37919,2,3,3,2,8,4,1,01,1,1,000,040,1,2,1,4,1,29,5,1,2,00,2,3,13,201700057203B01,7,1,1
201700057214,2017-02-23,2017,février,jeudi,83:5,75,75119,48.8953,2.37189,2,2,7,1,1,4,-1,00,-1,-1,000,000,-1,0,0,4,1,46,0,1,2,00,0,0,15,201700057214A01,,,
201700057245,2017-03-29,2017,mars,mercredi,16:45,75,75119,48.8957,2.37135,2,3,3,1,1,4,2,01,-1,-1,000,000,-1,0,0,3,1,54,0,1,2,00,2,1,15,201700057245B01,7,1,1
201700057246,2017-03-30,2017,mars,jeudi,21:35,75,75119,48.883,2.38608,2,1,4,5,1,4,2,02,1,1,000,060,1,0,1,4,1,28,0,1,2,00,2,4,1,201700057246C01,7/ 32/ 33,1,3
201700057246,2017-03-30,2017,mars,jeudi,21:35,75,75119,48.883,2.38608,2,1,4,5,1,4,2,02,1,1,000,060,1,0,1,1,1,20,4,1,2,00,2,4,1,201700057246B01,7/ 32/ 33,1,3
201700057256,2017-04-08,2017,avril,samedi,19:25,75,75119,48.8827,2.3899,2,4,6,1,1,4,2,02,2,1,000,080,1,0,1,4,1,27,5,1,2,00,2,1,1,201700057256A01,7,15,1
201700057262,2017-04-20,2017,avril,jeudi,81:9,75,75119,48.8827,2.39014,2,1,6,1,1,4,2,02,2,1,000,000,1,0,1,4,2,51,0,1,2,00,2,3,19,201700057262A01,34,1,1
201700057262,2017-04-20,2017,avril,jeudi,81:9,75,75119,48.8827,2.39014,2,1,6,1,1,4,2,02,2,1,000,000,1,0,1,4,1,8,0,1,2,00,2,3,19,201700057262A01,34,1,1
201700057281,2017-05-02,2017,mai,mardi,20:10,75,75119,48.8892,2.39387,2,1,3,1,1,4,2,03,2,1,000,000,1,0,5,4,1,22,5,1,2,00,2,8,1,201700057281B01,7,15,1
201700057296,2017-05-18,2017,mai,jeudi,18:05,75,75119,48.8906,2.37641,2,3,6,1,1,4,1,00,1,1,000,000,1,0,1,1,1,22,4,1,2,00,1,1,1,201700057296A01,,,
201700057301,2017-05-22,2017,mai,lundi,18:20,75,75119,48.8913,2.36879,2,1,3,1,1,4,1,10,1,1,000,050,1,0,1,4,1,14,2,1,2,00,2,1,14,201700057301A01,7,1,1
201700057308,2017-05-26,2017,mai,vendredi,23:30,75,75119,48.8808,2.37393,2,1,6,5,1,4,2,02,2,1,000,070,1,0,4,4,1,17,5,1,2,01,0,1,13,201700057308A01,,,
201700057309,2017-05-30,2017,mai,mardi,18:55,75,75119,48.8854,2.37496,2,1,6,1,1,4,2,00,1,1,000,000,1,0,5,1,1,25,2,1,2,00,1,1,1,201700057309A01,,,
201700057312,2017-06-01,2017,juin,jeudi,10:20,75,75119,48.8894,2.38091,2,3,6,1,1,4,1,01,1,1,040,080,1,0,1,4,1,58,1,1,2,01,0,1,1,201700057312A01,,,
201700057313,2017-06-02,2017,juin,vendredi,15:,75,75119,48.8795,2.38953,2,2,6,5,1,4,2,02,2,1,000,080,1,0,1,4,1,34,5,1,2,00,2,1,1,201700057313A01,7,15,1
201700057319,2017-06-06,2017,juin,mardi,80:0,75,75119,48.8822,2.37101,2,1,3,1,1,4,2,03,2,1,000,000,1,0,1,4,2,27,1,1,2,00,2,4,17,201700057319A01,7,1,1
201700057330,2017-06-21,2017,juin,mercredi,19:55,75,75119,48.8847,2.39446,2,1,7,1,9,4,-1,00,2,1,000,000,4,0,0,4,1,29,1,1,2,00,0,7,21,201700057330A01,,,
201700057334,2017-06-25,2017,juin,dimanche,14:30,75,75119,48.8845,2.37692,2,3,3,1,1,4,2,01,1,1,000,000,1,0,1,4,1,47,0,1,2,00,2,0,1,201700057334B01,7,15,1
201700057337,2017-06-28,2017,juin,mercredi,21:55,75,75119,48.8859,2.3822,2,2,3,2,1,4,2,04,1,1,000,150,1,0,1,4,1,56,0,1,2,00,2,0,16,201700057337B01,32,1,1
201700057340,2017-06-30,2017,juin,vendredi,85:0,75,75119,48.886,2.39808,2,2,3,1,1,4,2,02,1,1,000,000,2,0,1,4,2,26,0,1,2,00,2,8,19,201700057340B01,7,1,1
201700057341,2017-07-02,2017,juillet,dimanche,19:00,75,75119,48.889,2.37497,2,1,3,2,1,4,1,02,1,1,000,000,1,0,1,3,1,13,5,1,2,00,2,1,9,201700057341B01,7,7,1
201700057347,2017-07-09,2017,juillet,dimanche,25:0,75,75119,48.8784,2.37423,2,2,3,5,1,4,2,02,-1,-1,000,000,-1,0,1,4,1,26,9,1,2,00,2,1,1,201700057347B01,7,15,1
201700057349,2017-07-10,2017,juillet,lundi,10:52,75,75119,48.8876,2.38032,2,3,3,1,2,4,1,01,1,1,000,000,2,0,5,4,2,28,1,1,2,00,2,2,1,201700057349B01,7,15,1
201700057351,2017-07-17,2017,juillet,lundi,19:30,75,75119,48.8798,2.37041,2,1,3,1,1,4,1,02,-1,-1,000,000,-1,0,5,4,1,72,5,1,2,00,2,8,1,201700057351B01,7,16,1
201700057368,2017-08-08,2017,août,mardi,18:45,75,75119,48.8884,2.36744,2,1,6,1,1,4,1,01,1,1,000,000,2,0,1,3,1,19,0,1,2,01,2,0,13,201700057368B01,7,1,1
201700057369,2017-08-10,2017,août,jeudi,62:0,75,75119,48.873,2.38078,2,1,3,2,8,4,-1,02,2,1,000,070,1,0,1,4,1,42,0,1,2,00,2,0,1,201700057369B01,10,22,1
201700057370,2017-08-11,2017,août,vendredi,14:50,75,75119,48.8753,2.37862,2,3,6,1,1,4,1,01,1,1,000,000,1,0,5,4,1,58,0,1,2,01,1,0,5,201700057370A01,,,
201700057373,2017-08-20,2017,août,dimanche,17:20,75,75119,48.8871,2.37548,2,3,6,1,1,4,2,00,1,1,000,000,1,6,5,1,2,29,1,1,2,00,1,1,0,201700057373A01,,,
201700057375,2017-08-23,2017,août,mercredi,14:34,75,75119,48.8889,2.37479,2,1,7,1,1,4,3,02,1,-1,000,000,1,0,1,4,1,29,0,1,2,14,0,1,7,201700057375A01,,,
201700057378,2017-08-28,2017,août,lundi,17:55,75,75119,48.888,2.37377,2,1,6,1,1,4,1,02,1,1,000,050,1,0,1,1,1,32,1,1,2,00,1,7,1,201700057378A01,,,
201700057379,2017-08-28,2017,août,lundi,19:15,75,75119,48.8833,2.37221,2,1,6,1,1,4,2,02,1,1,000,000,1,0,5,4,1,22,5,1,2,00,2,1,1,201700057379B01,10,22,1
201700057381,2017-08-29,2017,août,mardi,95:5,75,75119,48.8777,2.37054,2,7,3,1,1,4,3,02,1,1,000,000,1,0,0,4,2,34,1,1,2,00,2,4,1,201700057381B01,7,14,1
201700057382,2017-08-29,2017,août,mardi,19:45,75,75119,48.8894,2.37045,2,1,6,1,1,4,2,02,1,1,000,200,1,6,4,1,1,34,5,1,2,00,1,1,1,201700057382A01,,,
201700057397,2017-09-15,2017,septembre,vendredi,20:00,75,75119,48.8739,2.38529,2,5,6,5,1,4,2,02,2,1,000,000,1,0,1,4,1,27,5,1,2,00,2,0,1,201700057397A01,7,9,1
201700057404,2017-09-27,2017,septembre,mercredi,12:58,75,75119,48.8901,2.37741,2,1,6,1,1,4,1,01,2,1,000,025,1,0,1,1,1,35,1,1,2,00,1,1,1,201700057404A01,,,
201700057408,2017-09-29,2017,septembre,vendredi,18:00,75,75119,48.8893,2.38931,2,1,6,1,1,4,-1,00,1,1,000,000,1,6,0,4,2,6,5,1,2,00,2,4,1,201700057408A01,2,1,1
201700057409,2017-10-01,2017,octobre,dimanche,63:0,75,75119,48.8836,2.37331,2,3,6,5,1,4,-1,02,1,-1,000,000,1,0,0,4,1,26,0,1,2,01,0,4,13,201700057409A01,,,
201700057429,2017-10-25,2017,octobre,mercredi,11:00,75,75119,48.8893,2.37125,2,2,6,1,1,4,1,01,1,1,000,000,1,0,1,1,1,35,1,1,2,00,1,8,2,201700057429A01,,,
201700057441,2017-11-09,2017,novembre,jeudi,18:35,75,75119,48.8862,2.39647,2,7,3,5,1,4,2,04,1,1,000,000,1,4,5,4,1,43,5,1,2,00,2,1,1,201700057441A01,40,1,1
201700057446,2017-11-14,2017,novembre,mardi,20:15,75,75119,48.8868,2.38552,2,1,3,5,1,4,-1,00,1,1,000,020,1,0,5,4,1,57,1,1,2,00,2,1,9,201700057446A01,1,1,1
201700057446,2017-11-14,2017,novembre,mardi,20:15,75,75119,48.8868,2.38552,2,1,3,5,1,4,-1,00,1,1,000,020,1,0,5,1,2,33,1,1,2,00,2,1,1,201700057446B01,1,9,1
201700057447,2017-11-15,2017,novembre,mercredi,12:15,75,75119,48.8948,2.3823,2,3,3,1,2,4,1,01,1,1,000,000,2,2,5,4,1,46,9,1,2,00,2,0,1,201700057447A01,1,16,1
201700057447,2017-11-15,2017,novembre,mercredi,12:15,75,75119,48.8948,2.3823,2,3,3,1,2,4,1,01,1,1,000,000,2,2,5,1,1,38,4,1,2,00,2,3,16,201700057447B01,1,1,1
201700057448,2017-11-18,2017,novembre,samedi,20:10,75,75118,48.8897,2.36807,2,2,6,5,1,4,2,02,1,1,000,000,1,0,1,4,1,27,5,1,2,00,2,1,1,201700057448A01,7,16,1
201700057463,2017-12-05,2017,décembre,mardi,83:0,75,75119,48.8982,2.38619,2,5,3,2,1,4,3,06,1,1,000,250,1,5,1,4,2,55,1,1,2,00,2,4,23,201700057463B01,13,15,1
201700057472,2017-12-15,2017,décembre,vendredi,15:28,75,75119,48.8784,2.37423,2,2,3,1,2,4,-1,00,-1,-1,000,000,-1,0,0,4,2,24,0,1,2,00,2,1,1,201700057472B01,7,22,1
201700057474,2017-12-16,2017,décembre,samedi,11:15,75,75119,48.8861,2.38305,2,2,3,1,1,4,2,04,1,1,000,000,1,0,1,4,2,34,4,1,2,00,2,1,19,201700057474B01,7,15,1
201700057484,2017-01-03,2017,janvier,mardi,81:5,75,75120,48.847,2.41503,2,4,3,1,1,4,-1,05,1,2,000,000,-1,0,0,4,1,42,1,1,2,00,2,6,18,201700057484B01,7,16,1
201700057491,2017-01-12,2017,janvier,jeudi,75:0,75,75120,48.8781,2.40963,2,7,3,5,1,4,1,02,1,1,000,100,2,0,1,4,1,24,0,1,2,00,2,0,7,201700057491B01,7,16,1
201700057492,2017-01-15,2017,janvier,dimanche,21:15,75,75120,48.8666,2.38354,2,1,6,5,2,4,2,02,1,1,000,000,2,0,5,1,1,20,9,1,2,00,1,1,1,201700057492A01,,,
201700057515,2017-02-13,2017,février,lundi,17:30,75,75120,48.8649,2.39722,2,2,6,2,1,4,2,02,1,1,000,000,1,0,1,1,1,29,1,1,2,00,1,1,1,201700057515A01,,,
201700057517,2017-02-14,2017,février,mardi,17:40,75,75120,48.8581,2.40337,2,3,3,1,1,4,2,02,2,1,000,000,1,0,1,4,2,24,5,1,2,00,2,8,18,201700057517B01,33,15,1
201700057531,2017-03-02,2017,mars,jeudi,17:00,75,75120,48.8495,2.41128,2,1,3,1,1,4,1,02,1,1,000,000,1,0,0,4,1,51,5,1,2,00,2,1,1,201700057531B01,7,9,1
201700057538,2017-03-10,2017,mars,vendredi,90:0,75,75120,48.8738,2.40521,2,1,2,1,1,4,2,02,2,1,000,000,1,0,1,4,1,57,9,1,2,00,2,4,15,201700057538B01,33,1,1
201700057556,2017-03-30,2017,mars,jeudi,85:5,75,75120,48.8635,2.41069,2,2,3,1,1,4,2,02,2,1,000,000,1,0,5,4,1,35,1,1,2,00,2,0,1,201700057556B01,7,15,1
201700057559,2017-04-02,2017,avril,dimanche,19:45,75,75120,48.8535,2.4106,2,2,3,1,1,4,1,01,1,1,000,000,1,4,0,4,1,26,0,1,2,00,2,1,15,201700057559B01,40,1,1
201700057566,2017-04-19,2017,avril,mercredi,17:45,75,75120,48.8535,2.40582,2,3,3,1,1,4,2,01,1,1,000,000,1,0,1,4,1,18,5,1,2,00,2,8,1,201700057566B01,7,15,1
201700057573,2017-04-24,2017,avril,lundi,18:45,75,75120,48.8626,2.4109,2,2,6,1,1,4,2,00,2,1,000,000,1,0,5,1,1,44,1,1,2,00,1,1,1,201700057573A01,,,
201700057574,2017-04-26,2017,avril,mercredi,85:5,75,75120,48.8634,2.40881,2,3,3,1,1,4,2,02,2,1,000,000,1,0,0,4,1,39,1,1,2,00,2,1,1,201700057574B01,7,16,1
201700057602,2017-06-09,2017,juin,vendredi,85:0,75,75120,48.8716,2.40321,2,1,6,1,8,4,2,02,1,1,000,125,2,0,1,1,1,37,0,1,2,00,1,1,1,201700057602A01,,,
201700057604,2017-06-10,2017,juin,samedi,20:20,75,75120,48.868,2.39603,2,4,6,1,1,4,2,01,2,1,000,000,1,0,1,4,2,28,0,1,2,01,1,1,1,201700057604A01,,,
201700057605,2017-06-10,2017,juin,samedi,21:30,75,75120,48.8529,2.40712,2,1,6,1,1,4,2,02,1,1,000,000,1,0,1,4,1,37,4,1,2,00,2,9,3,201700057605B01,7,23/13,2
201700057606,2017-06-09,2017,juin,vendredi,31:5,75,75120,48.8604,2.38873,2,1,7,5,3,4,1,02,1,1,000,000,2,0,1,4,1,23,0,1,2,12,0,0,1,201700057606A01,,,
201700057614,2017-06-19,2017,juin,lundi,82:8,75,75120,48.849,2.40772,2,2,3,1,1,4,1,01,1,-1,000,000,1,0,1,4,2,54,0,1,2,00,2,1,1,201700057614A01,7,15,1
201700057664,2017-08-24,2017,août,jeudi,17:20,75,75120,48.8579,2.40364,2,1,3,1,1,4,2,03,2,1,000,090,1,0,1,4,1,18,5,1,2,01,2,0,1,201700057664B01,7,22,1
201700057666,2017-08-30,2017,août,mercredi,21:00,75,75120,48.864,2.39186,2,1,7,5,8,4,2,02,4,1,000,090,2,0,5,4,1,24,4,1,2,00,0,0,1,201700057666A01,,,
201700057667,2017-08-31,2017,août,jeudi,14:50,75,75120,48.8583,2.40317,2,1,6,1,1,4,2,02,2,1,000,040,1,0,1,4,2,44,1,1,2,00,1,1,1,201700057667A01,,,
201700057670,2017-09-06,2017,septembre,mercredi,90:5,75,75120,48.8558,2.41019,2,1,3,1,1,4,3,02,1,1,050,030,1,0,1,4,1,33,1,1,2,00,2,8,19,201700057670B01,7,1,1
201700057682,2017-09-19,2017,septembre,mardi,84:5,75,75120,48.8535,2.41086,2,1,6,1,2,4,2,04,1,1,010,100,2,0,5,1,2,27,5,1,2,00,1,1,1,201700057682A01,,,
201700057683,2017-09-19,2017,septembre,mardi,13:00,75,75120,48.8531,2.40594,2,1,1,1,1,4,2,02,2,1,000,080,2,0,1,4,1,60,1,1,2,00,2,1,1,201700057683B01,30,17,1
201700057686,2017-09-22,2017,septembre,vendredi,20:55,75,75120,48.8682,2.38773,2,1,6,5,1,4,2,02,-1,-1,000,060,-1,0,1,3,1,29,5,1,2,00,1,1,1,201700057686A01,,,
201700057694,2017-09-30,2017,septembre,samedi,30:,75,75120,48.8683,2.38803,2,2,6,5,2,4,2,00,2,1,000,000,2,0,1,4,1,32,0,1,2,00,2,0,1,201700057694B01,7,15,1
201700057712,2017-10-23,2017,octobre,lundi,20:25,75,75120,48.8715,2.39567,2,3,3,5,2,4,2,00,2,1,000,030,2,0,1,4,1,28,5,1,2,00,2,1,1,201700057712B01,7,15,1
201700057745,2017-11-29,2017,novembre,mercredi,81:5,75,75120,48.8635,2.41069,2,2,3,1,1,4,2,02,2,1,000,060,1,0,5,4,2,51,1,1,2,00,2,7,1,201700057745B01,7,15,1
201700057811,2017-03-23,2017,mars,jeudi,12:20,75,75118,48.8937,2.34216,2,1,6,1,1,4,2,02,1,1,010,035,1,0,1,1,1,29,4,1,2,00,1,0,1,201700057811A01,,,
201700057815,2017-03-28,2017,mars,mardi,83:5,75,75118,48.8999,2.35863,2,1,3,1,1,4,1,01,1,1,000,120,1,0,5,3,1,37,1,1,2,00,2,8,1,201700057815B01,14,16,1
201700057828,2017-04-08,2017,avril,samedi,11:39,75,75106,48.8577,2.33536,2,5,7,1,1,4,1,06,1,1,000,000,1,0,1,3,1,26,4,1,2,00,0,0,15,201700057828A01,,,
201700057831,2017-04-09,2017,avril,dimanche,23:0,75,75114,48.8413,2.32486,2,7,3,5,1,4,4,00,1,1,000,000,1,0,1,4,1,29,5,1,2,00,2,1,9,201700057831A01,7,1,1
201700057836,2017-04-13,2017,avril,jeudi,74:8,75,75112,48.8367,2.40346,2,2,3,1,1,4,2,02,1,1,000,000,1,5,1,3,1,53,1,1,2,00,2,1,1,201700057836B01,14,16,1
201700057841,2017-04-19,2017,avril,mercredi,94:0,75,75118,48.885,2.34948,2,1,3,1,1,4,2,04,1,1,000,139,1,0,1,3,1,73,9,1,2,00,2,0,7,201700057841B01,7,7,1
201700057871,2017-05-23,2017,mai,mardi,19:08,75,75109,48.8762,2.34512,2,1,2,1,1,4,1,01,1,1,000,104,1,0,1,4,1,32,1,1,2,01,2,1,7,201700057871B01,7,22,1
201700057873,2017-05-26,2017,mai,vendredi,17:00,75,75107,48.8624,2.30201,2,2,7,1,1,4,2,02,1,1,000,000,1,0,1,4,1,42,5,1,2,00,0,0,9,201700057873A01,,,
201700057894,2017-06-16,2017,juin,vendredi,10:10,75,75101,48.8665,2.33413,2,5,3,1,1,4,2,04,1,1,000,190,1,5,1,3,1,44,0,1,2,00,2,8,18,201700057894B01,38,16,1
201700057915,2017-07-01,2017,juillet,samedi,14:10,75,75108,48.8642,2.30214,2,7,3,1,1,4,1,04,1,1,000,190,1,2,5,3,2,66,0,1,2,00,2,6,1,201700057915B01,38,16,1
201700057917,2017-07-02,2017,juillet,dimanche,16:00,75,75116,48.865,2.23445,2,5,3,1,1,4,4,01,1,1,000,078,1,5,1,4,1,45,5,1,2,00,2,1,19,201700057917A01,7,1,1
201700057950,2017-08-02,2017,août,mercredi,15:05,75,75107,48.8582,2.29226,2,3,4,1,1,4,2,04,1,1,034,202,1,0,1,4,1,42,4,1,2,00,2,4,1,201700057950B01,7/ 34,20/18,2
201700057955,2017-08-12,2017,août,samedi,16:10,75,75119,48.8925,2.38818,2,1,1,1,2,4,2,01,1,1,000,025,2,2,5,1,1,51,5,1,2,00,2,1,13,201700057955A01,1,1,1
201700057955,2017-08-12,2017,août,samedi,16:10,75,75119,48.8925,2.38818,2,1,1,1,2,4,2,01,1,1,000,025,2,2,5,3,2,28,5,1,2,00,2,1,1,201700057955B01,1,13,1
201700057962,2017-08-21,2017,août,lundi,16:15,75,75114,48.8357,2.31847,2,1,6,1,1,4,1,01,1,1,000,047,1,0,1,1,1,59,5,1,2,00,1,1,1,201700057962A01,,,
201700057964,2017-08-22,2017,août,mardi,23:34,75,75115,48.8494,2.28155,2,2,3,5,1,4,2,06,1,1,010,214,1,5,1,2,1,50,0,1,2,00,2,1,1,201700057964B01,38,1,1
201700057974,2017-09-07,2017,septembre,jeudi,12:29,75,75104,48.8517,2.36442,2,1,6,1,1,4,2,03,1,1,000,142,1,0,1,4,1,58,1,1,2,00,1,1,1,201700057974A01,,,
201700057976,2017-09-10,2017,septembre,dimanche,20:52,75,75106,48.846,2.31811,2,1,6,5,1,4,2,02,4,1,010,187,1,0,1,1,1,46,4,1,2,00,1,1,7,201700057976A01,,,
201700057979,2017-09-12,2017,septembre,mardi,17:55,75,75116,48.8384,2.25701,2,7,2,1,1,4,4,01,1,2,000,281,1,5,1,4,1,23,4,1,2,00,2,1,2,201700057979A01,7,2,1
201700058004,2017-10-04,2017,octobre,mercredi,11:36,75,75112,48.8206,2.44532,2,2,3,1,1,4,2,02,1,1,000,071,1,0,1,3,1,50,0,1,2,00,2,0,1,201700058004B01,7,1,1
201700058009,2017-10-10,2017,octobre,mardi,13:54,75,75103,48.8673,2.36338,2,7,3,1,1,4,2,06,1,1,020,119,1,0,1,1,1,50,4,1,2,00,2,1,1,201700058009B01,1,19,1
201700058009,2017-10-10,2017,octobre,mardi,13:54,75,75103,48.8673,2.36338,2,7,3,1,1,4,2,06,1,1,020,119,1,0,1,4,2,31,4,1,2,00,2,1,19,201700058009A01,1,1,1
201700058019,2017-10-22,2017,octobre,dimanche,16:40,75,75105,48.8382,2.34951,2,1,6,1,1,4,1,01,1,1,000,052,1,1,5,1,1,68,5,1,2,00,1,7,1,201700058019A01,,,
201700058060,2017-11-29,2017,novembre,mercredi,83:5,75,75117,48.8743,2.29449,2,6,3,1,1,4,4,04,1,-1,000,222,1,5,1,2,2,34,1,1,2,00,2,8,16,201700058060B01,14,16,1
201700058071,2017-12-13,2017,décembre,mercredi,14:41,75,75108,48.8642,2.30214,2,7,3,1,8,4,3,03,1,1,000,190,2,0,1,3,1,26,5,1,2,00,2,2,1,201700058071A01,10,1,1
201700058652,2017-01-14,2017,janvier,samedi,17:20,971,97134,0,-0,2,1,1,2,1,3,2,02,2,2,000,045,1,0,1,3,1,16,5,1,2,00,2,2,13,201700058652B01,7,1,1
201700058657,2017-07-12,2017,juillet,mercredi,17:30,971,97134,0,-0,2,1,3,1,1,6,2,02,4,3,000,055,1,0,1,4,1,11,5,1,2,00,2,8,19,201700058657B01,34,1,1
201700058673,2017-11-11,2017,novembre,samedi,10:10,971,97121,0,-0,2,1,1,1,1,2,2,02,2,1,000,070,1,0,1,3,1,52,5,1,2,00,2,3,1,201700058673B01,7,15,1
201700058687,2017-01-17,2017,janvier,mardi,80:0,971,97107,0,-0,1,1,3,1,1,2,3,04,1,1,000,000,2,3,1,4,1,55,5,1,2,00,2,8,1,201700058687B01,7,1,1
201700058701,2017-08-02,2017,août,mercredi,11:45,971,97114,0,-0,2,1,1,1,8,3,2,02,2,2,000,060,1,0,1,3,1,20,4,1,2,00,2,1,13,201700058701B01,7,1,1
201700058736,2017-03-31,2017,mars,vendredi,14:00,971,97118,0,-0,1,1,2,1,1,2,3,04,1,1,000,070,1,0,1,2,1,31,5,1,9,00,0,4,11,201700058736B01,7,1,1
201700058789,2017-01-22,2017,janvier,dimanche,10:00,971,97117,0,-0,1,1,2,1,1,3,2,02,1,1,000,050,1,0,1,3,1,58,5,1,2,00,2,4,2,201700058789B01,7,2,1
201700058841,2017-08-23,2017,août,mercredi,15:45,971,97116,0,-0,2,4,3,1,1,3,2,02,1,-1,000,010,1,,,3,1,69,5,1,2,00,2,1,16,201700058841A01,10,1,1
201700058843,2017-09-08,2017,septembre,vendredi,18:50,971,97116,0,-0,1,1,1,5,1,3,2,02,1,1,000,000,1,0,1,3,1,19,0,1,2,00,2,1,1,201700058843B01,7,11,1
201700058851,2017-05-17,2017,mai,mercredi,19:15,973,97305,0,-0,1,1,3,3,8,2,2,02,1,1,000,000,2,0,1,3,1,36,5,1,4,00,2,9,1,201700058851B01,7,1,1