Num_Acc,date,an,mois,jour,hrmn,dep,com,lat,long,agg,int,col,lum,atm,catr,circ,nbv,prof,plan,lartpc,larrout,surf,infra,situ,grav,sexe,age,trajet,secuexist,equipement,obs,obsm,choc,manv,vehiculeid,typevehicules,manoeuvehicules,numVehicules
201700058862,2017-10-01,2017,octobre,dimanche,19:00,973,97305,0,-0,1,1,3,5,1,9,2,02,1,1,000,000,1,0,1,4,1,9,0,1,9,00,2,0,13,201700058862B01,2,0,1
201700058873,2017-03-19,2017,mars,dimanche,32:0,973,97304,0,-0,2,6,1,5,1,4,2,02,1,-1,007,025,1,,,3,1,52,5,1,9,14,0,1,5,201700058873B01,7,23,1
201700058875,2017-03-24,2017,mars,vendredi,17:40,973,97304,0,-0,2,2,3,1,1,4,2,02,1,-1,000,010,-1,,,3,2,17,3,1,9,00,2,7,19,201700058875B01,7,1,1
201700058881,2017-05-09,2017,mai,mardi,12:10,973,97304,0,-0,2,1,2,1,3,3,2,02,1,-1,600,020,1,,,3,1,49,1,1,9,00,2,4,9,201700058881B01,7,1,1
201700058884,2017-06-24,2017,juin,samedi,18:42,973,97304,0,-0,2,1,1,3,3,4,2,02,1,1,000,070,2,0,1,4,1,71,0,1,9,00,2,7,19,201700058884B01,7,19,1
201700058895,2017-04-10,2017,avril,lundi,14:30,973,97312,0,-0,1,1,2,1,2,2,2,02,1,-1,006,020,1,,,3,1,37,0,1,9,00,2,4,13,201700058895B01,7,1,1
201700058903,2017-02-10,2017,février,vendredi,20:45,973,97308,0,-0,2,1,6,5,1,4,2,02,1,1,000,070,1,0,1,4,1,50,5,1,4,00,2,0,1,201700058903B01,,,
201700058912,2017-03-12,2017,mars,dimanche,18:50,973,97311,0,-0,2,1,1,2,1,3,2,02,1,1,000,000,1,0,1,3,2,14,0,1,2,00,2,1,5,201700058912B01,7,1,1
201700058920,2017-06-25,2017,juin,dimanche,10:05,973,97311,0,-0,2,9,2,1,8,3,2,02,1,-1,005,410,1,,,3,1,40,5,1,4,00,0,4,1,201700058920B01,7,1,1
201700058926,2017-11-04,2017,novembre,samedi,11:55,973,97311,0,-0,2,1,1,1,1,4,2,02,1,-1,000,010,1,,,3,1,24,3,1,9,00,2,1,15,201700058926B01,7,1,1
201700058926,2017-11-04,2017,novembre,samedi,11:55,973,97311,0,-0,2,1,1,1,1,4,2,02,1,-1,000,010,1,,,3,1,51,3,1,9,00,2,1,15,201700058926B01,7,1,1
201700058929,2017-12-25,2017,décembre,lundi,11:30,973,97311,0,-0,2,1,3,1,1,4,2,02,1,-1,005,910,1,,,2,1,14,5,1,2,00,2,3,15,201700058929B01,7,1,1
201700058935,2017-05-06,2017,mai,samedi,70:0,974,97408,-20.943,55.35582,2,1,1,1,1,4,2,02,2,1,000,060,1,0,1,4,1,44,5,1,2,00,2,1,1,201700058935B01,7,13,1
201700058937,2017-10-11,2017,octobre,mercredi,15:50,974,97408,-20.93862,55.32765,1,1,1,1,1,4,2,02,1,1,000,000,1,0,1,4,1,12,5,1,2,00,2,8,19,201700058937A01,7,1,1
201700058958,2017-06-04,2017,juin,dimanche,95:0,974,97406,-21.11519,55.6511,1,1,7,1,1,2,2,02,2,1,000,060,1,0,1,3,1,48,5,1,2,00,0,0,1,201700058958A01,,,
201700058968,2017-09-15,2017,septembre,vendredi,14:00,974,97415,-21.00808,55.27485,2,2,3,1,1,4,1,02,1,-1,006,710,1,,,3,1,15,5,1,2,00,2,2,19,201700058968B01,7,1,1
201700058991,2017-02-09,2017,février,jeudi,18:20,974,97412,-0,0,1,1,1,1,1,3,2,02,3,3,000,054,1,0,1,3,1,52,5,1,2,00,2,3,1,201700058991B01,38,13,1
201700059006,2017-10-05,2017,octobre,jeudi,12:00,974,97422,-21.21815,55.54885,2,3,3,1,1,4,2,01,4,-1,006,090,1,,,3,1,14,2,1,2,00,2,1,15,201700059006B01,7,21,1
201700059009,2017-03-18,2017,mars,samedi,11:15,974,97417,-0,0,1,1,1,1,2,2,2,02,1,3,000,000,2,0,1,3,1,42,5,1,2,00,2,8,13,201700059009A01,7,1,1
201700059028,2017-02-24,2017,février,vendredi,18:30,976,97608,-0,0,2,9,2,5,1,2,2,02,1,-1,006,310,1,,,3,1,40,5,1,4,00,2,4,1,201700059028B01,2,17,1
201700059058,2017-12-31,2017,décembre,dimanche,12:10,971,97103,0,-0,2,2,3,1,1,3,2,02,1,-1,,,1,0,1,3,1,22,5,1,9,00,2,1,1,201700059058A01,7,1,1
201700059062,2017-02-22,2017,février,mercredi,20:00,971,97103,0,-0,2,9,3,5,1,6,-1,05,1,-1,000,010,1,,,4,1,11,5,1,2,00,2,1,3,201700059062B01,10,1,1
201700059089,2017-11-28,2017,novembre,mardi,11:45,976,97613,-0,0,2,1,6,1,1,4,2,02,1,2,000,061,1,0,1,2,1,17,0,1,4,00,2,0,5,201700059089A01,14,1,1
201700059092,2017-01-03,2017,janvier,mardi,16:15,976,97603,-0,0,1,1,2,1,1,2,2,02,1,1,000,060,1,0,1,4,1,28,0,1,2,00,2,1,2,201700059092B01,7,2,1
201700059118,2017-12-29,2017,décembre,vendredi,12:20,976,97603,-0,0,2,1,6,1,1,2,2,02,1,-1,000,000,1,0,1,4,1,13,5,1,9,00,0,7,2,201700059118B01,7,20,1
201700059120,2017-02-09,2017,février,jeudi,73:5,973,97309,0,-0,2,1,2,1,3,4,2,02,1,1,000,000,2,0,1,3,1,15,2,1,2,00,2,1,2,201700059120B01,7,23,1
201700059122,2017-02-21,2017,février,mardi,81:5,973,97309,0,-0,1,1,3,1,1,2,2,02,1,1,074,074,1,0,1,2,1,27,9,1,2,00,2,8,1,201700059122B01,10,17,1
201700059140,2017-07-06,2017,juillet,jeudi,16:40,973,97309,0,-0,1,1,2,1,2,2,2,02,1,1,074,074,2,0,3,3,1,25,9,1,4,00,2,4,1,201700059140B01,10,1,1
201700059161,2017-02-07,2017,février,mardi,17:50,973,97307,0,-0,1,1,3,1,1,2,2,02,1,1,000,075,1,0,3,3,1,66,1,1,2,00,2,8,1,201700059161B01,7,14,1
201700059175,2017-06-15,2017,juin,jeudi,12:30,973,97307,0,-0,2,1,6,1,1,2,1,04,1,-1,000,080,1,0,1,3,1,32,0,1,2,03,2,6,19,201700059175B01,7,0,1
201700059178,2017-07-21,2017,juillet,vendredi,20:00,973,97307,0,-0,1,1,6,3,1,3,2,02,1,1,000,086,1,0,1,3,1,22,5,1,2,00,2,0,2,201700059178A01,,,
201700059185,2017-09-04,2017,septembre,lundi,10:30,973,97307,0,-0,2,1,1,1,1,4,2,02,1,1,000,000,1,0,1,3,1,27,5,1,9,00,0,1,1,201700059185B01,10,1,1
201700059191,2017-10-05,2017,octobre,jeudi,18:50,973,97307,0,-0,1,6,3,5,1,2,2,02,1,-1,000,010,1,,,3,1,28,5,1,2,00,2,8,19,201700059191B01,7,1,1
201700059211,2017-08-02,2017,août,mercredi,60:5,974,97415,-21.04214,55.25371,2,3,3,2,1,3,2,02,2,-1,003,510,1,,,3,1,49,5,1,2,00,2,1,1,201700059211B01,7,15,1
201700059242,2017-08-18,2017,août,vendredi,18:45,974,97414,-21.33321,55.47368,2,3,1,3,1,3,2,02,2,-1,000,010,1,,,3,1,13,5,1,2,00,2,1,21,201700059242B01,7,15,1
201700059242,2017-08-18,2017,août,vendredi,18:45,974,97414,-21.33321,55.47368,2,3,1,3,1,3,2,02,2,-1,000,010,1,,,4,1,13,5,1,2,00,2,1,21,201700059242B01,7,15,1
201700059244,2017-09-06,2017,septembre,mercredi,21:10,974,97414,-21.28171,55.40711,2,4,3,3,1,4,2,02,4,-1,007,010,1,,,3,1,19,5,1,4,00,2,8,15,201700059244A01,7,1,1
201700059262,2017-06-18,2017,juin,dimanche,16:15,974,97410,-21.0515,55.68428,2,3,3,1,1,3,2,02,4,-1,007,015,1,,,3,1,13,5,1,2,00,2,8,19,201700059262A01,7,1,1
201700059317,2017-01-23,2017,janvier,lundi,16:15,972,97210,0,-0,2,1,7,1,1,4,2,02,2,1,000,000,1,0,1,4,1,60,5,1,9,00,0,0,1,201700059317A01,,,
201700059348,2017-05-22,2017,mai,lundi,15:05,972,97221,0,-0,2,3,3,1,1,3,2,02,2,-1,006,515,1,,,3,1,29,5,1,2,00,2,7,17,201700059348B01,7,15,1
201700059358,2017-02-03,2017,février,vendredi,14:55,972,97207,0,-0,2,3,6,1,1,4,2,02,2,,000,060,1,0,0,4,1,18,5,1,9,15,0,1,15,201700059358A01,,,
201700059358,2017-02-03,2017,février,vendredi,14:55,972,97207,0,-0,2,3,6,1,1,4,2,02,2,,000,060,1,0,0,2,1,15,5,1,9,15,0,1,15,201700059358A01,,,
201700059394,2017-02-10,2017,février,vendredi,51:5,974,97412,-0,0,2,1,6,3,1,2,2,02,1,1,000,120,1,0,5,4,1,21,1,1,4,00,1,1,1,201700059394A01,,,
201700059398,2017-02-28,2017,février,mardi,20:30,974,97412,-21.38035,55.60846,2,1,3,5,1,2,2,02,2,1,000,069,1,0,1,3,1,44,3,1,9,00,2,1,1,201700059398B01,7,15,1
201700059418,2017-02-22,2017,février,mercredi,17:55,974,97422,-21.28781,55.50791,2,1,3,1,1,4,2,02,2,-1,000,078,1,0,1,3,1,22,5,1,2,00,2,2,17,201700059418B01,7,9,1
201700059420,2017-03-26,2017,mars,dimanche,15:55,974,97422,-21.26519,55.49661,2,1,3,1,8,4,2,02,2,3,000,035,2,0,1,4,1,17,5,1,9,00,2,1,13,201700059420A01,7,1,1
201700059420,2017-03-26,2017,mars,dimanche,15:55,974,97422,-21.26519,55.49661,2,1,3,1,8,4,2,02,2,3,000,035,2,0,1,4,2,16,5,1,9,00,2,1,13,201700059420A01,7,1,1
201700059423,2017-05-15,2017,mai,lundi,17:05,974,97422,-21.24057,55.50188,2,1,1,1,1,4,2,02,2,2,050,000,1,0,1,3,1,24,5,1,9,00,2,7,13,201700059423A01,7,23,1
201700059427,2017-07-24,2017,juillet,lundi,16:50,974,97422,-21.26246,55.5197,2,1,1,1,1,4,2,02,2,1,000,070,1,0,1,3,1,54,5,1,2,00,2,4,13,201700059427B01,7,19,1
201700059449,2017-03-04,2017,mars,samedi,15:00,971,97107,0,0,2,1,3,1,1,4,-1,02,1,1,007,054,1,0,0,3,1,22,5,1,2,01,0,0,0,201700059449A01,7,0,1
201700059460,2017-10-11,2017,octobre,mercredi,15:45,971,97107,16.24677,-61.33487,2,2,3,1,1,4,1,01,1,1,000,046,1,0,1,3,1,15,0,1,2,00,2,1,9,201700059460A01,7,1,1
201700059489,2017-03-22,2017,mars,mercredi,17:15,971,97113,0,0,1,1,3,1,1,3,2,02,-1,-1,000,000,-1,0,1,2,1,51,0,1,9,00,2,0,0,201700059489B01,37,1,1
201700059502,2017-04-29,2017,avril,samedi,51:5,971,97113,16.21731,-61.51503,1,6,2,1,2,4,2,02,1,1,000,035,1,0,1,3,1,22,0,1,2,00,2,1,9,201700059502B01,7,9,1
201700059513,2017-06-10,2017,juin,samedi,85:5,971,97113,16.21946,-61.51637,2,1,3,1,1,2,-1,02,-1,-1,000,000,-1,0,5,3,1,52,5,1,2,00,2,0,0,201700059513B01,7,0,1
201700059528,2017-07-29,2017,juillet,samedi,22:20,971,97101,16.26423,-61.51266,2,1,2,5,1,2,3,02,-1,-1,000,144,1,0,0,3,1,41,0,1,4,00,2,4,2,201700059528B01,10,2,1
201700059546,2017-09-30,2017,septembre,samedi,13:15,971,97120,16.24004,-61.53233,2,2,5,1,1,3,3,02,1,1,000,000,1,0,1,4,1,34,9,1,2,00,2,1,23,201700059546B01,7,16/13,2
201700059635,2017-06-17,2017,juin,samedi,16:04,972,97209,0,-0,2,1,7,1,1,3,2,02,2,1,000,000,1,0,3,3,1,57,5,1,4,16,0,1,14,201700059635A01,,,
201700059690,2017-02-09,2017,février,jeudi,14:55,972,97213,0,-0,2,2,3,1,1,4,2,02,1,1,000,000,1,0,1,4,1,27,5,1,2,00,2,1,19,201700059690B01,7,1,1
201700059695,2017-02-19,2017,février,dimanche,80:0,972,97213,0,-0,2,6,3,1,1,3,2,04,1,1,000,000,1,0,1,4,1,52,5,1,2,00,2,8,1,201700059695B01,7,16,1
201700059714,2017-04-20,2017,avril,jeudi,18:00,972,97213,0,-0,2,1,2,2,1,4,2,02,1,1,000,000,1,0,1,4,1,25,5,1,2,00,2,1,2,201700059714A01,1,1,1
201700059714,2017-04-20,2017,avril,jeudi,18:00,972,97213,0,-0,2,1,2,2,1,4,2,02,1,1,000,000,1,0,1,4,1,8,5,1,9,00,2,4,1,201700059714B01,1,2,1
201700059715,2017-04-20,2017,avril,jeudi,40:5,972,97213,0,-0,1,6,3,5,1,1,1,02,1,3,000,000,1,3,1,4,1,19,5,1,2,00,2,6,1,201700059715B01,7,1,1
201700059715,2017-04-20,2017,avril,jeudi,40:5,972,97213,0,-0,1,6,3,5,1,1,1,02,1,3,000,000,1,3,1,4,1,20,5,1,2,00,2,6,1,201700059715B01,7,1,1
201700059724,2017-05-02,2017,mai,mardi,14:15,972,97213,0,-0,2,1,3,1,1,4,2,02,1,1,000,000,1,0,1,4,1,22,3,1,2,00,0,0,0,201700059724B01,7,0,1
201700059728,2017-05-14,2017,mai,dimanche,80:5,972,97213,0,-0,2,1,3,1,1,3,2,02,1,1,000,000,-1,0,0,4,1,54,1,1,2,00,0,0,0,201700059728B01,7,6,1
201700059740,2017-06-05,2017,juin,lundi,70:0,972,97213,0,-0,1,1,4,1,1,2,1,00,1,1,000,000,1,0,1,2,1,46,5,1,2,00,2,4,2,201700059740B01,7,2,1
201700059740,2017-06-05,2017,juin,lundi,70:0,972,97213,0,-0,1,1,4,1,1,2,1,00,1,1,000,000,1,0,1,4,1,45,5,1,2,00,2,4,2,201700059740C01,7,2,1
201700059749,2017-06-28,2017,juin,mercredi,82:0,972,97213,0,-0,2,1,6,1,1,4,2,01,2,1,000,000,1,0,1,4,2,37,0,1,9,00,2,4,15,201700059749B01,,,
201700059807,2017-11-20,2017,novembre,lundi,12:00,972,97213,14.62554,-61.00747,1,1,3,1,1,3,2,02,1,1,000,000,1,0,1,4,1,17,0,1,2,00,2,2,1,201700059807B01,7,15,1
201700059813,2017-01-03,2017,janvier,mardi,10:55,973,97302,0,0,2,1,3,1,1,4,1,02,1,1,000,060,1,0,1,3,1,50,0,1,2,00,2,8,0,201700059813B01,7,2,1
201700059814,2017-01-03,2017,janvier,mardi,13:00,973,97302,0,0,2,1,3,1,3,4,-1,02,1,-1,000,070,2,0,1,3,1,14,0,1,2,00,2,2,0,201700059814B01,7,0,1
201700059835,2017-01-25,2017,janvier,mercredi,71:4,973,97302,0,0,2,3,1,1,1,4,2,02,1,-1,000,000,1,0,1,4,2,15,2,1,2,00,2,8,5,201700059835A01,7,16,1
201700059840,2017-02-01,2017,février,mercredi,84:5,973,97302,0,0,2,1,3,1,1,4,1,00,1,-1,000,000,1,0,1,4,1,32,0,1,9,00,2,1,5,201700059840A01,7,1,1
201700059841,2017-02-01,2017,février,mercredi,15:05,973,97302,0,0,2,1,2,1,1,4,-1,02,1,1,000,110,1,0,5,3,1,17,2,1,9,00,2,4,1,201700059841A01,7,0,1
201700059846,2017-02-04,2017,février,samedi,19:38,973,97302,4.92001,-52.31001,2,1,3,5,1,4,2,00,-1,-1,000,000,-1,0,1,3,1,34,0,1,9,00,0,0,0,201700059846A01,30,0,1
201700059854,2017-02-12,2017,février,dimanche,14:55,973,97302,4.92349,-52.31548,2,1,3,1,1,4,2,02,1,1,000,070,1,0,1,3,1,13,5,1,9,00,2,1,19,201700059854A01,7,1,1
201700059885,2017-03-13,2017,mars,lundi,17:27,973,97302,4.94389,-52.30908,2,1,3,1,1,4,2,02,1,-1,000,000,1,0,1,1,1,14,0,1,9,00,2,7,14,201700059885A01,2,1,1
201700059887,2017-03-15,2017,mars,mercredi,82:0,973,97302,0,0,2,1,3,1,1,4,1,01,1,3,000,000,1,5,1,4,2,47,9,1,9,00,2,8,13,201700059887B01,7,16,1
201700059888,2017-03-15,2017,mars,mercredi,12:22,973,97302,0,0,2,1,3,1,1,4,2,00,1,1,000,000,1,0,1,4,2,18,2,1,2,00,2,8,9,201700059888B01,2,2,1
201700059925,2017-05-06,2017,mai,samedi,95:0,973,97302,4.93982,-52.33074,2,2,3,1,1,4,1,00,1,1,000,060,1,0,1,4,1,23,0,1,2,00,2,7,1,201700059925B01,7,1,1
201700059941,2017-05-27,2017,mai,samedi,20:0,973,97302,4.9398,-52.32853,2,3,3,5,1,4,2,02,1,1,060,060,1,0,0,4,1,24,0,1,2,00,2,1,1,201700059941A01,7,1,1
201700059954,2017-06-05,2017,juin,lundi,17:20,973,97302,4.93728,-52.33538,2,1,3,1,1,4,2,02,1,1,000,000,1,0,1,4,1,19,5,1,2,00,2,1,1,201700059954B01,37,1,1
201700059956,2017-06-09,2017,juin,vendredi,92:0,973,97302,4.91762,-52.30769,1,1,3,1,2,4,2,01,-1,-1,000,060,2,0,1,3,1,18,1,1,4,00,2,8,2,201700059956B01,7,2,1
201700059959,2017-06-10,2017,juin,samedi,18:20,973,97302,4.93902,-52.31927,2,1,3,1,1,4,-1,00,1,1,060,060,1,0,0,4,1,10,0,1,9,00,2,7,1,201700059959B01,7,9,1
201700059960,2017-06-12,2017,juin,lundi,18:00,973,97302,4.91272,-52.30965,2,1,1,1,1,4,1,00,1,1,030,030,1,0,1,3,1,34,0,1,9,00,2,1,1,201700059960B01,7,19,1
201700059973,2017-06-19,2017,juin,lundi,19:30,973,97302,4.92919,-52.30186,2,3,3,5,1,2,2,02,1,1,060,060,1,0,1,4,1,33,0,1,2,00,2,1,1,201700059973B01,7,15,1
201700059976,2017-06-22,2017,juin,jeudi,14:10,973,97302,4.90773,-52.32191,2,6,3,1,1,4,2,02,1,3,060,060,1,0,1,4,1,2017,9,1,9,00,9,8,15,201700059976B01,7,16,1
201700059995,2017-07-13,2017,juillet,jeudi,23:00,973,97302,4.92236,-52.32127,2,1,1,5,1,4,2,01,1,1,000,063,1,0,1,3,1,37,9,1,4,00,2,1,13,201700059995A01,7,1,1
201700060000,2017-07-19,2017,juillet,mercredi,10:57,973,97302,4.93869,-52.33216,2,3,3,1,1,4,1,01,1,1,060,060,1,0,0,3,1,29,9,1,9,00,2,1,19,201700060000B01,7,9,1
201700060020,2017-08-04,2017,août,vendredi,21:50,973,97302,4.9342,-52.31685,2,1,2,3,1,4,2,01,1,1,000,080,1,0,1,4,1,54,9,1,4,00,2,1,23,201700060020B01,32,1,1
201700060023,2017-08-08,2017,août,mardi,19:00,973,97302,0,-0,2,6,7,4,1,4,1,02,1,2,030,060,1,0,1,4,2,61,0,1,2,00,0,0,7,201700060023B01,7,7,1
201700060031,2017-08-16,2017,août,mercredi,17:50,973,97302,4.92771,-52.29175,2,1,1,1,1,4,2,02,1,1,000,000,1,0,5,3,1,27,9,1,9,00,2,0,2,201700060031B01,7,9,1
201700060039,2017-09-01,2017,septembre,vendredi,1:,973,97302,4.93359,-52.31237,2,1,2,4,1,4,2,01,1,-1,000,000,1,0,1,3,1,24,5,1,2,00,2,6,19,201700060039A01,7,0,1
201700060040,2017-09-04,2017,septembre,lundi,14:55,973,97302,4.91726,-52.29922,2,3,7,1,1,4,2,02,1,1,000,060,1,0,1,3,1,37,0,1,9,00,2,4,1,201700060040B01,7,16,1
201700060044,2017-09-05,2017,septembre,mardi,21:25,973,97302,4.92617,-52.31361,1,1,3,5,1,4,2,01,1,-1,000,080,1,0,1,3,2,31,0,1,4,00,2,1,1,201700060044B01,7,19,1
201700060051,2017-09-07,2017,septembre,jeudi,14:25,973,97302,4.92953,-52.30751,1,1,3,1,1,4,2,02,1,1,000,030,-1,0,1,3,1,47,0,1,4,00,2,0,13,201700060051A01,7,1,1
201700060064,2017-09-18,2017,septembre,lundi,61:0,973,97302,4.93711,-52.32501,2,6,3,1,1,4,1,02,1,-1,000,090,1,5,1,4,1,51,9,1,2,00,2,1,1,201700060064B01,7,9,1
201700060083,2017-10-02,2017,octobre,lundi,13:20,973,97302,4.90001,-52.32001,1,1,2,1,1,2,1,01,1,-1,000,000,1,0,1,3,2,28,9,1,9,00,2,1,16,201700060083B01,7,17,1
201700060150,2017-11-17,2017,novembre,vendredi,21:25,973,97302,0,-0,2,1,3,1,1,4,2,02,1,-1,030,060,1,0,1,3,1,30,5,1,2,09,2,4,7,201700060150B01,31,7,1
201700060154,2017-11-21,2017,novembre,mardi,18:10,973,97302,4.92793,-52.31851,2,1,3,2,1,4,2,02,1,1,040,080,1,0,3,3,1,35,0,1,2,01,0,1,21,201700060154A01,7,17,1
201700060168,2017-11-29,2017,novembre,mercredi,14:20,973,97302,0,-0,1,1,3,1,1,4,2,01,-1,-1,000,000,1,0,1,4,1,16,0,1,4,00,2,1,1,201700060168B01,7,15,1
201700060175,2017-12-07,2017,décembre,jeudi,70:0,973,97302,4.93403,-52.33213,1,1,6,1,1,4,1,01,1,1,000,000,1,0,1,4,1,32,0,1,2,01,0,1,1,201700060175B01,,,
201700060202,2017-01-03,2017,janvier,mardi,18:45,974,97407,-20.93337,55.29241,2,1,2,1,1,6,1,01,1,1,000,040,1,0,0,4,2,24,0,1,2,00,2,0,0,201700060202B01,7,0,1
201700060212,2017-02-28,2017,février,mardi,18:00,974,97407,-20.93059,55.30859,1,6,3,1,1,2,1,02,1,2,000,070,1,0,1,4,1,51,5,1,9,00,2,8,1,201700060212B01,7,2,1
201700060248,2017-07-23,2017,juillet,dimanche,19:15,974,97407,-20.93958,55.30324,2,6,3,5,1,4,1,01,-1,-1,000,000,-1,0,1,4,1,33,5,1,9,00,2,8,15,201700060248B01,7,9,1
201700060258,2017-08-24,2017,août,jeudi,15:10,974,97407,-20.94856,55.29382,2,1,2,1,1,4,1,01,1,1,100,050,1,0,1,4,1,9,5,1,2,01,0,1,2,201700060258B01,7,24,1
201700060263,2017-10-09,2017,octobre,lundi,15:50,974,97407,-20.94247,55.29183,2,6,1,1,1,4,2,00,1,-1,015,060,1,0,1,3,2,24,5,1,2,00,2,1,5,201700060263B01,7,9,1
201700060268,2017-08-19,2017,août,samedi,10:5,974,97407,-20.93865,55.29672,2,1,2,5,1,4,2,02,1,1,000,060,1,0,1,4,1,24,5,1,9,00,2,0,0,201700060268B01,7,0,1
201700060286,2017-11-29,2017,novembre,mercredi,14:30,974,97409,-20.97184,55.67466,2,1,3,1,1,4,2,02,1,1,000,050,1,0,1,3,1,53,5,1,2,00,2,1,1,201700060286B01,7,9,1
201700060289,2017-07-08,2017,juillet,samedi,75:0,974,97409,-20.93253,55.64798,2,9,3,1,1,3,2,01,1,1,000,064,1,0,1,3,1,10,5,1,9,00,2,3,15,201700060289B01,7,21,1
201700060300,2017-12-14,2017,décembre,jeudi,18:05,974,97409,-20.96288,55.65863,2,6,7,1,1,3,2,02,1,1,000,040,1,0,1,3,1,59,5,1,2,00,9,8,9,201700060300A01,,,
201700060336,2017-07-12,2017,juillet,mercredi,63:0,974,97411,-20.90389,55.49506,2,1,6,1,1,4,1,01,2,1,000,040,1,0,1,1,1,28,1,1,9,00,1,1,13,201700060336A01,,,
201700060342,2017-10-30,2017,octobre,lundi,20:45,974,97411,-20.90548,55.48412,2,6,3,5,3,4,1,02,1,2,000,088,1,5,1,3,1,9,5,1,9,00,2,1,9,201700060342A01,7,15,1
201700060353,2017-12-20,2017,décembre,mercredi,18:27,974,97411,-20.90899,55.50451,2,1,1,1,1,3,2,02,2,3,000,050,1,0,1,3,1,14,5,1,9,00,2,1,11,201700060353B01,7,21,1
201700060359,2017-01-10,2017,janvier,mardi,17:00,974,97416,-21.00001,55.50001,1,1,6,1,1,4,1,01,2,-1,040,031,-1,0,1,3,1,16,0,1,9,00,1,0,0,201700060359A01,,,
201700060361,2017-01-05,2017,janvier,jeudi,18:00,974,97416,-21.28621,55.45551,1,1,2,1,1,3,2,00,1,1,000,000,-1,0,1,4,1,15,5,1,2,00,2,4,13,201700060361B01,7,13,1
201700060395,2017-03-31,2017,mars,vendredi,93:5,974,97416,-21.33001,55.45001,1,1,6,1,1,4,2,02,-1,-1,000,000,-1,0,5,4,1,53,5,1,2,00,0,0,0,201700060395B01,7,0,1
201700060397,2017-04-07,2017,avril,vendredi,15:55,974,97416,-21.33593,55.47648,2,1,1,1,1,4,1,01,1,1,000,040,1,0,1,4,1,11,0,1,2,00,2,3,5,201700060397A01,7,1,1
201700060405,2017-04-17,2017,avril,lundi,60:0,974,97416,-21.29987,55.42295,1,1,1,3,1,2,3,00,1,1,125,106,1,0,1,2,1,52,5,1,2,00,2,4,1,201700060405B01,7,2,1
201700060414,2017-05-21,2017,mai,dimanche,18:40,974,97416,-21.34356,55.46893,2,6,1,2,1,4,2,02,-1,-1,000,000,-1,0,1,4,1,15,0,1,2,00,2,1,1,201700060414B01,7,16,1
201700060419,2017-03-03,2017,mars,vendredi,83:4,974,97416,-21.3208,55.47706,1,1,7,1,1,4,2,01,4,2,000,000,1,0,1,4,1,26,0,1,2,14,0,0,1,201700060419A01,,,
201700060502,2017-10-04,2017,octobre,mercredi,64:0,974,97416,-21.33515,55.4653,2,1,3,1,1,4,2,02,1,1,000,000,1,0,1,3,1,59,5,1,2,00,2,1,2,201700060502B01,7,1,1
201700060519,2017-11-11,2017,novembre,samedi,13:15,974,97416,-21.31957,55.47825,2,1,6,1,1,4,2,01,2,3,015,015,1,0,1,3,1,14,5,1,2,00,1,1,2,201700060519A01,,,
201700060634,2017-07-02,2017,juillet,dimanche,16:40,976,97611,-12.78428,45.22953,2,1,1,2,1,2,2,02,2,1,000,000,1,0,1,3,1,19,9,1,9,00,2,4,0,201700060634B01,7,2,1
201700060653,2017-08-23,2017,août,mercredi,18:55,976,97611,-12.77543,45.23121,1,1,2,2,1,2,2,00,1,1,000,000,1,0,1,4,1,18,9,1,9,14,9,6,17,201700060653B01,7,13,1
201700060692,2017-11-07,2017,novembre,mardi,19:04,976,97611,-12.76433,45.22543,2,1,6,3,1,2,2,02,1,1,000,000,1,0,1,1,1,18,0,1,9,00,1,1,19,201700060692B01,,,
201800000004,2018-05-05,2018,mai,samedi,17:35,59,59052,50.51974,2.89123,2,1,3,1,7,3,2,02,1,1,,,1,0,1,3,1,5,5,1,2,00,2,8,0,201800000004B01,7,21,1
201800000020,2018-05-27,2018,mai,dimanche,16:00,59,59586,50.54129,3.18902,1,1,7,1,1,4,2,02,1,2,,,1,0,1,3,1,21,9,1,2,12,0,7,1,201800000020B01,7,2,1
201800000044,2018-09-29,2018,septembre,samedi,18:00,59,59400,50.62556,2.62903,1,1,3,1,7,3,2,02,1,1,,,1,0,1,3,1,71,5,1,2,00,0,8,2,201800000044A01,7,17,1
201800000051,2018-08-26,2018,août,dimanche,15:30,59,59042,50.53908,3.2646,2,1,2,1,2,3,2,01,1,1,,,1,0,1,2,1,78,5,1,2,00,0,4,2,201800000051B01,7,0,1
201800000056,2018-04-10,2018,avril,mardi,15:20,59,59252,50.68934,2.96942,1,1,2,1,1,3,2,02,1,1,,,1,0,1,3,1,74,5,1,2,00,2,6,2,201800000056B01,7,2,1
201800000080,2018-11-02,2018,novembre,vendredi,16:50,59,59290,50.10269,3.87925,1,1,2,1,1,3,2,02,4,3,,,1,0,1,3,1,61,5,1,2,00,2,8,2,201800000080B01,7,2,1
201800000094,2018-08-15,2018,août,mercredi,11:30,59,59450,50.11673,3.64089,1,1,2,1,2,3,2,02,1,1,,,1,0,1,2,1,68,3,1,2,00,0,4,1,201800000094B01,7,2,1