Num_Acc,date,an,mois,jour,hrmn,dep,com,lat,long,agg,int,col,lum,atm,catr,circ,nbv,prof,plan,lartpc,larrout,surf,infra,situ,grav,sexe,age,trajet,secuexist,equipement,obs,obsm,choc,manv,vehiculeid,typevehicules,manoeuvehicules,numVehicules
201800000107,2018-06-01,2018,juin,vendredi,13:30,59,59139,50.12199,3.42028,2,6,3,1,3,4,2,02,1,1,,,2,0,1,4,2,24,3,1,2,00,0,7,0,201800000107B01,7,0,1
201800000150,2018-09-30,2018,septembre,dimanche,94:5,59,59029,50.48156,3.20767,1,2,3,1,1,3,2,02,1,1,,,1,0,1,4,1,81,5,1,2,00,2,1,19,201800000150B01,33,1,1
201800000166,2018-04-26,2018,avril,jeudi,19:15,59,59265,50.27426,3.7072,2,1,2,1,1,4,-1,02,1,1,,,9,0,1,3,1,17,5,1,2,00,2,6,5,201800000166B01,21,4,1
201800000187,2018-02-16,2018,février,vendredi,17:35,62,62173,50.33859,3.01421,2,1,2,1,1,3,3,02,1,1,,,1,0,1,2,1,58,3,1,2,00,0,4,1,201800000187B01,7,2,1
201800000209,2018-02-04,2018,février,dimanche,17:22,62,62014,50.63717,2.39036,2,6,2,1,1,3,2,01,1,1,,,1,5,4,3,1,12,5,1,2,00,2,8,0,201800000209B01,7,14,1
201800000213,2018-06-14,2018,juin,jeudi,81:5,62,62811,50.63797,2.25655,2,3,5,1,1,3,2,02,1,1,,,1,0,1,4,2,13,2,1,2,00,2,4,1,201800000213B01,7,15,1
201800000213,2018-06-14,2018,juin,jeudi,81:5,62,62811,50.63797,2.25655,2,3,5,1,1,3,2,02,1,1,,,1,0,1,4,1,15,2,1,2,00,9,0,1,201800000213C01,7,15,1
201800000216,2018-10-17,2018,octobre,mercredi,14:50,62,62014,50.62565,2.34829,1,1,1,1,1,4,-1,02,1,4,,,1,0,1,3,1,11,5,1,2,00,2,7,1,201800000216A01,7,1,1
201800000222,2018-04-11,2018,avril,mercredi,15:45,80,80603,50.10796,1.61532,2,1,2,1,1,3,2,02,1,1,,,1,0,1,3,1,61,5,1,2,00,2,1,1,201800000222A01,1,2,1
201800000222,2018-04-11,2018,avril,mercredi,15:45,80,80603,50.10796,1.61532,2,1,2,1,1,3,2,02,1,1,,,1,0,1,1,1,57,5,1,2,00,0,4,2,201800000222B01,1,1,1
201800000284,2018-08-08,2018,août,mercredi,17:40,60,60638,49.35495,2.31735,1,1,7,1,1,3,2,02,1,1,,,1,0,1,4,1,15,5,1,2,00,2,0,1,201800000284B01,7,1,1
201800000285,2018-08-10,2018,août,vendredi,11:20,60,60313,49.36975,2.25588,1,1,1,1,1,4,2,02,2,3,,,1,0,1,3,1,21,5,1,2,00,2,1,1,201800000285B01,7,1,1
201800000311,2018-04-11,2018,avril,mercredi,91:5,60,60086,49.19394,2.32817,1,3,3,1,1,3,2,02,1,1,,,1,0,1,3,1,72,0,1,2,00,2,8,16,201800000311B01,7,1,1
201800000317,2018-10-20,2018,octobre,samedi,12:08,60,60139,49.16692,2.24852,2,6,6,1,1,3,2,02,1,2,,,1,5,1,3,1,67,0,1,2,03,0,1,15,201800000317A01,,,
201800000326,2018-07-18,2018,juillet,mercredi,84:0,60,60589,49.22083,2.46687,1,6,3,1,1,3,4,02,2,2,,,1,5,1,3,2,69,5,1,2,00,2,6,1,201800000326A01,7,12,1
201800000356,2018-06-21,2018,juin,jeudi,80:0,76,76239,49.54817,0.33492,1,1,1,1,1,3,2,02,1,1,,,1,0,1,2,1,83,5,1,2,00,2,8,13,201800000356B01,7,1,1
201800000361,2018-10-09,2018,octobre,mardi,11:00,76,76647,49.52947,0.3428,1,6,2,1,1,3,-1,01,1,2,,,1,0,1,3,1,80,5,1,2,00,0,4,16,201800000361B01,7,16,1
201800000390,2018-09-17,2018,septembre,lundi,18:25,76,76164,49.52344,0.74967,1,6,2,1,1,3,-1,01,1,1,,,1,0,1,3,2,59,5,1,2,00,2,4,1,201800000390B01,7,9,1
201800000414,2018-06-16,2018,juin,samedi,14:54,27,27165,48.96176,0.92378,2,3,7,1,1,3,2,02,2,1,,,9,0,3,3,2,65,3,1,2,00,0,0,0,201800000414A01,7,16,1
201800000416,2018-07-06,2018,juillet,vendredi,14:00,27,27602,49.0034,1.05848,1,1,2,1,1,3,2,02,1,1,,,1,0,1,3,1,13,5,1,9,00,2,6,13,201800000416B01,7,17,1
201800000428,2018-04-08,2018,avril,dimanche,12:40,27,27448,49.03252,1.39942,1,1,3,1,1,3,2,02,1,1,,,1,0,1,4,1,26,5,1,2,00,2,4,2,201800000428B01,10,2,1
201800000442,2018-06-03,2018,juin,dimanche,14:00,27,27016,49.25057,1.43906,2,1,1,1,7,4,2,02,2,3,,,1,0,1,3,1,14,5,1,2,00,2,0,19,201800000442B01,7,1,1
201800000456,2018-09-29,2018,septembre,samedi,84:0,27,27439,49.07842,1.16371,2,2,3,1,1,3,2,02,3,1,,,1,0,1,4,1,81,5,1,2,00,2,1,19,201800000456B01,7,21,1
201800000462,2018-05-07,2018,mai,lundi,14:35,27,27599,49.15294,1.40368,1,1,3,1,1,3,2,02,2,2,,,1,2,1,4,1,56,5,1,2,00,2,1,1,201800000462B01,7,13,1
201800000482,2018-09-06,2018,septembre,jeudi,71:0,27,27458,49.32146,1.23025,2,2,1,2,1,3,2,02,1,1,,,1,0,1,4,1,28,1,1,2,00,2,8,9,201800000482B01,10,13,1
201800000486,2018-11-13,2018,novembre,mardi,10:57,35,35047,48.02378,-1.75675,2,3,1,1,7,4,2,02,1,1,,,1,0,1,4,2,47,0,1,2,00,2,3,1,201800000486B01,7,13,1
201800000494,2018-06-02,2018,juin,samedi,16:25,35,35076,48.05876,-1.79446,1,1,2,1,1,3,2,02,1,1,,,1,0,1,3,1,22,5,1,4,00,2,4,1,201800000494B01,7,1,1
201800000495,2018-07-08,2018,juillet,dimanche,12:10,35,35080,48.10245,-1.87465,2,2,3,1,1,4,2,02,4,1,,,1,0,1,2,1,6,5,1,2,00,2,1,1,201800000495A01,7,1,1
201800000497,2018-11-24,2018,novembre,samedi,16:30,35,35037,48.06077,-1.87576,2,3,1,1,1,2,3,04,2,1,,,1,3,1,3,1,54,5,1,2,00,2,1,1,201800000497B01,7,15,1
201800000501,2018-07-14,2018,juillet,samedi,11:00,35,35164,48.35932,-1.60516,1,1,1,1,1,4,2,02,1,3,,,1,0,1,4,2,45,5,1,2,00,2,1,1,201800000501B01,7,13,1
201800000512,2018-03-10,2018,mars,samedi,15:35,35,35236,47.6576,-2.08427,2,6,3,1,1,3,2,01,3,2,,,1,5,1,3,1,57,5,1,2,00,2,7,1,201800000512B01,7,9,1
201800000568,2018-02-11,2018,février,dimanche,11:00,22,22273,48.55432,-2.5403,1,1,7,1,2,3,2,02,2,1,,,2,0,1,2,1,63,5,1,2,00,0,0,1,201800000568A01,,,
201800000569,2018-05-04,2018,mai,vendredi,18:00,22,22173,48.55272,-2.55751,1,2,3,1,9,4,2,02,1,1,,,1,0,1,3,1,59,1,1,2,00,2,3,0,201800000569A01,7,1,1
201800000570,2018-05-06,2018,mai,dimanche,81:5,22,22081,48.48503,-2.646,2,1,7,1,1,3,2,02,1,1,,,1,0,3,3,1,78,5,1,2,00,0,0,1,201800000570A01,,,
201800000575,2018-07-18,2018,juillet,mercredi,21:00,22,22186,48.59337,-2.55083,2,2,3,1,1,4,1,01,2,1,,,1,0,1,3,1,10,5,1,2,00,2,1,1,201800000575A01,7,2,1
201800000576,2018-07-21,2018,juillet,samedi,84:0,22,22054,48.61468,-2.47999,2,1,7,1,1,4,2,02,2,2,,,2,0,1,3,1,34,5,1,2,00,0,0,1,201800000576A01,,,
201800000618,2018-07-08,2018,juillet,dimanche,17:30,22,22179,48.66299,-2.32582,1,1,3,1,1,3,2,02,1,3,,,1,0,1,3,1,67,5,1,2,00,2,7,13,201800000618A01,33,5,1
201800000620,2018-08-19,2018,août,dimanche,16:45,22,22179,48.6545,-2.37142,1,1,3,1,1,3,2,02,2,2,,,1,0,3,3,2,50,5,1,2,00,2,8,1,201800000620B01,7,1,1
201800000623,2018-10-20,2018,octobre,samedi,91:0,22,22282,48.58574,-2.2386,1,3,1,1,7,3,2,02,2,1,,,1,5,1,4,1,56,5,1,2,00,2,1,1,201800000623B01,7,15,1
201800000645,2018-03-03,2018,mars,samedi,11:30,29,29046,48.09563,-4.34364,2,1,6,1,1,4,2,02,2,1,,,1,0,1,4,1,56,5,1,2,00,1,1,1,201800000645A01,,,
201800000649,2018-07-13,2018,juillet,vendredi,14:40,29,29046,48.08982,-4.32553,2,1,6,1,1,4,2,02,2,1,,,1,0,1,3,1,59,0,1,2,00,2,1,1,201800000649B01,7,22,1
201800000651,2018-05-15,2018,mai,mardi,18:40,29,29058,47.89419,-4.00455,2,2,3,1,7,4,2,02,,,,,,5,1,4,1,57,5,1,2,00,2,1,1,201800000651B01,7,15,1
201800000666,2018-12-09,2018,décembre,dimanche,83:0,29,29045,48.42022,-4.25693,1,1,1,2,1,3,2,02,1,1,,,1,0,1,2,1,57,5,1,2,00,2,1,0,201800000666B01,7,0,1
201800000688,2018-07-18,2018,juillet,mercredi,11:15,56,56007,47.66552,-2.96731,2,1,7,1,1,3,3,02,2,2,,,1,0,3,3,2,75,5,1,2,12,0,7,0,201800000688A01,,,
201800000690,2018-08-13,2018,août,lundi,14:00,56,56046,47.61311,-3.01129,2,6,3,1,1,4,2,02,1,1,,,1,0,1,4,1,31,5,1,2,00,2,1,0,201800000690B01,7,0,1
201800000693,2018-09-03,2018,septembre,lundi,17:35,56,56176,47.69969,-2.90935,2,1,4,1,1,3,2,02,1,1,,,1,0,1,3,1,61,5,1,2,09,0,4,1,201800000693B01,7,1,2
201800000700,2018-07-12,2018,juillet,jeudi,14:40,56,56152,47.34757,-3.16026,2,2,3,1,1,3,2,02,2,1,,,1,0,1,3,2,50,1,1,2,00,2,7,1,201800000700A01,7,15,1
201800000715,2018-04-18,2018,avril,mercredi,83:0,14,14228,49.29959,-0.38097,2,6,3,1,1,3,2,02,1,3,,,1,0,1,4,1,69,3,1,2,00,2,1,2,201800000715B01,7,2,1
201800000722,2018-04-24,2018,avril,mardi,94:5,14,14488,49.27865,-0.25948,2,3,3,1,1,4,,,,,,,,,,3,1,12,2,1,2,00,2,1,19,201800000722A01,7,1,1
201800000733,2018-09-22,2018,septembre,samedi,93:0,14,14530,49.2285,-0.2442,1,2,3,1,1,3,2,02,1,1,,,2,0,1,4,2,40,5,1,2,00,2,1,1,201800000733A01,7,19,1
201800000736,2018-01-23,2018,janvier,mardi,18:35,14,14047,49.2797,-0.7088,2,1,3,5,2,3,1,02,1,1,000,062,2,0,1,4,2,38,1,1,4,01,0,1,1,201800000736B01,7,22,1
201800000739,2018-06-27,2018,juin,mercredi,12:00,14,14047,49.27651,-0.71866,2,2,3,1,1,4,,,,,,,,,,4,1,63,0,1,2,00,2,1,1,201800000739A01,7,19,1
201800000748,2018-12-17,2018,décembre,lundi,19:25,14,14732,49.29891,-0.68619,1,2,3,3,8,3,2,02,1,1,,,2,0,1,3,1,59,5,1,4,00,2,1,1,201800000748B01,13,15,1
201800000812,2018-01-23,2018,janvier,mardi,16:45,01,01053,46.20415,5.24072,2,1,3,1,1,4,2,02,1,1,000,060,1,0,4,4,2,55,1,1,2,00,2,1,1,201800000812A01,7,9,1
201800000813,2018-02-05,2018,février,lundi,13:40,01,01053,46.20372,5.21863,2,4,6,1,2,4,2,02,3,1,000,000,2,0,0,4,1,13,5,1,2,00,2,1,9,201800000813B01,7/ 99,9/0,2
201800000827,2018-05-25,2018,mai,vendredi,82:0,01,01053,46.19568,5.2176,2,1,3,1,7,4,1,01,2,1,,,1,0,3,3,1,49,1,1,2,00,2,1,1,201800000827B01,7,16,1
201800000864,2018-02-23,2018,février,vendredi,74:5,44,44204,47.26468,-1.44397,2,6,3,2,1,7,2,02,1,1,,,1,5,1,4,1,43,1,1,2,00,0,5,1,201800000864B01,7,16,1
201800000894,2018-09-05,2018,septembre,mercredi,18:55,44,44047,47.21151,-1.71321,2,2,3,1,1,4,2,02,2,1,,,1,0,1,3,1,11,5,1,2,00,2,2,19,201800000894B01,37,1,1
201800000913,2018-10-10,2018,octobre,mercredi,94:5,44,44195,47.35589,-1.94315,2,1,2,1,1,4,2,02,1,1,,,1,0,1,3,1,77,5,1,2,00,2,1,1,201800000913B01,7,15,1
201800000914,2018-10-20,2018,octobre,samedi,90:0,44,44195,47.35598,-1.91535,1,1,3,1,1,4,2,02,1,1,,,1,0,1,3,1,70,5,1,2,00,2,4,1,201800000914B01,7,1,1
201800000920,2018-10-04,2018,octobre,jeudi,18:40,49,49289,47.46305,-0.68334,1,1,1,2,7,3,2,02,1,1,,,1,0,1,4,1,70,5,1,2,00,2,3,1,201800000920B01,7,17,1
201800000930,2018-10-31,2018,octobre,mercredi,17:15,49,49194,47.45398,-0.27636,1,6,3,1,2,3,2,02,1,2,,,2,0,1,4,1,14,5,1,9,00,2,7,16,201800000930B01,7,9,1
201800000953,2018-10-22,2018,octobre,lundi,11:30,49,49332,47.07966,-0.97928,1,1,3,1,1,4,2,02,1,1,,,1,0,1,3,1,71,5,1,2,00,2,3,1,201800000953B01,16,15,1
201800000954,2018-11-02,2018,novembre,vendredi,95:0,49,49193,47.15789,-0.89452,1,3,3,1,1,3,2,02,1,1,,,2,0,1,3,1,20,0,1,2,00,2,1,19,201800000954A01,7,1,1
201800000991,2018-01-02,2018,janvier,mardi,83:5,72,72154,47.70708,-0.08323,2,6,3,2,2,4,2,02,1,-1,000,025,1,,,3,1,67,5,1,2,00,2,4,1,201800000991B01,7,15,1
201800001000,2018-07-01,2018,juillet,dimanche,13:10,72,72185,47.71312,-0.00436,1,1,7,1,7,3,2,02,1,2,,,1,0,1,2,1,46,5,1,2,00,0,0,0,201800001000A01,,,
201800001010,2018-10-29,2018,octobre,lundi,75:0,72,72154,47.6995,-0.07231,2,1,1,1,2,9,1,01,1,1,,,2,0,1,3,2,58,1,1,2,00,2,7,1,201800001010B01,7,1,1
201800001013,2018-03-31,2018,mars,samedi,10:00,72,72244,47.76387,-0.31968,2,1,1,1,1,3,2,02,1,1,,,1,0,1,4,2,70,0,1,2,00,2,3,1,201800001013A01,7,0,1
201800001023,2018-08-08,2018,août,mercredi,18:25,85,85288,46.45154,-1.69251,1,9,3,1,1,3,2,02,1,1,,,1,0,1,3,1,13,5,1,9,00,0,8,19,201800001023B01,38,1,1
201800001028,2018-03-29,2018,mars,jeudi,13:00,85,85302,46.94674,-0.97978,1,6,1,1,3,3,1,02,1,2,,,2,0,1,4,1,70,5,1,2,00,2,7,2,201800001028B01,7,2,1
201800001029,2018-04-13,2018,avril,vendredi,16:10,85,85097,46.93695,-1.07687,1,6,3,1,1,3,2,02,1,1,,,1,5,1,3,1,66,5,1,2,00,2,7,1,201800001029B01,7,1,1
201800001030,2018-06-09,2018,juin,samedi,82:0,85,85198,46.99628,-1.00478,1,1,3,1,1,4,2,02,2,1,,,1,0,1,1,1,51,5,1,2,00,2,8,1,201800001030B01,1,1,1
201800001030,2018-06-09,2018,juin,samedi,82:0,85,85198,46.99628,-1.00478,1,1,3,1,1,4,2,02,2,1,,,1,0,1,3,1,63,5,1,2,00,2,0,1,201800001030A01,1,1,1
201800001036,2018-11-21,2018,novembre,mercredi,10:30,85,85151,46.99294,-0.95082,2,6,3,1,7,3,2,02,1,1,,,1,0,1,4,1,79,3,1,9,00,2,0,1,201800001036B01,7,1,1
201800001040,2018-02-25,2018,février,dimanche,11:45,85,85155,46.72748,-1.44158,1,1,1,1,1,4,2,02,1,1,,,1,0,1,3,1,61,5,1,2,14,2,3,1,201800001040A01,7,1,1
201800001064,2018-09-14,2018,septembre,vendredi,16:52,85,85044,46.41028,-0.85739,1,1,2,1,1,3,2,02,1,1,,,1,0,1,3,2,27,5,1,4,00,0,4,2,201800001064B01,13,2,1
201800001069,2018-08-30,2018,août,jeudi,17:46,85,85113,46.72651,-2.35867,2,1,7,1,1,4,2,01,1,1,,,9,0,1,3,1,13,5,1,9,00,0,0,0,201800001069A01,,,
201800001077,2018-10-10,2018,octobre,mercredi,84:5,85,85218,46.6348,-1.59977,1,1,2,1,7,3,2,02,1,1,,,1,0,1,2,1,65,5,1,2,00,2,4,2,201800001077B01,7,2,1
201800001081,2018-08-28,2018,août,mardi,20:0,85,85163,46.99927,-2.2445,2,1,6,5,1,4,2,02,1,1,,,1,0,1,2,1,31,5,1,9,16,0,1,19,201800001081A01,,,
201800001089,2018-10-20,2018,octobre,samedi,81:5,85,85222,46.70178,-1.93927,2,1,3,1,1,4,4,04,1,1,,,1,0,1,2,1,88,5,1,4,00,0,7,19,201800001089B01,7,1,1
201800001092,2018-12-19,2018,décembre,mercredi,84:5,85,85226,46.71049,-1.96487,2,6,3,2,1,4,3,02,1,1,,,2,5,1,4,1,77,3,1,9,00,2,7,1,201800001092B01,7,9,1
201800001096,2018-01-09,2018,janvier,mardi,12:10,33,33051,44.64729,-0.97251,2,2,3,1,1,4,2,02,1,1,,,1,0,1,4,1,16,2,1,2,00,2,7,1,201800001096B01,7,1,1
201800001107,2018-12-13,2018,décembre,jeudi,12:30,33,33284,44.59281,-0.93664,1,1,3,1,2,3,2,02,1,1,,,2,0,1,4,1,37,3,1,2,00,2,3,1,201800001107A01,7,17,1
201800001109,2018-02-26,2018,février,lundi,11:10,33,33519,44.91335,-0.6802,2,4,3,1,1,4,2,02,1,2,,,1,5,1,3,2,44,5,1,2,00,2,1,1,201800001109B01,7,16,1
201800001111,2018-05-23,2018,mai,mercredi,17:15,33,33056,44.91391,-0.63355,2,3,3,1,1,4,2,02,2,1,,,1,0,5,4,1,14,5,1,2,00,2,5,1,201800001111B01,7,15,1
201800001134,2018-10-23,2018,octobre,mardi,18:00,33,33449,44.88829,-0.7039,2,6,3,1,1,4,2,02,1,2,,,1,5,5,4,2,30,3,1,9,00,2,5,1,201800001134B01,7,9,1
201800001139,2018-08-30,2018,août,jeudi,17:20,33,33006,45.19741,-0.65174,1,3,2,1,1,3,2,02,1,1,,,1,0,1,3,1,25,3,1,9,00,0,4,0,201800001139A01,7,1,1
201800001145,2018-03-14,2018,mars,mercredi,15:05,33,33341,45.07599,-0.49796,2,6,3,1,8,3,2,02,2,3,,,1,5,1,3,1,75,5,1,2,00,0,7,0,201800001145B01,7,9,1
201800001159,2018-12-27,2018,décembre,jeudi,15:00,33,33003,44.9243,-0.48598,2,3,3,1,1,4,1,01,2,1,,,1,0,,3,1,61,5,1,2,00,2,1,1,201800001159B01,7,15,1
201800001182,2018-04-01,2018,avril,dimanche,21:45,33,33501,44.68786,-0.60437,1,1,2,3,1,3,2,02,1,1,,,1,0,1,2,1,48,5,1,2,00,2,6,2,201800001182A01,7,17,1
201800001185,2018-06-14,2018,juin,jeudi,14:20,33,33238,44.72735,-0.59745,2,1,3,1,1,3,2,02,2,2,,,1,0,1,4,2,58,9,1,2,00,2,8,2,201800001185B01,7,2,1
201800001226,2018-05-18,2018,mai,vendredi,15:10,33,33494,44.94785,-0.85229,1,2,3,1,1,3,2,02,1,1,,,1,0,,3,1,61,5,1,2,00,2,1,1,201800001226A01,7,1,1
201800001247,2018-10-20,2018,octobre,samedi,14:50,33,33012,44.999,-0.70402,1,3,7,1,1,3,2,02,1,1,,,1,0,1,3,1,37,5,1,2,00,0,1,1,201800001247A01,1,2,1
201800001264,2018-11-30,2018,novembre,vendredi,18:30,33,33243,44.91296,-0.24782,2,6,3,5,9,3,2,02,2,2,,,2,5,1,3,1,77,5,1,2,00,2,7,15,201800001264B01,7,9,1
201800001265,2018-01-10,2018,janvier,mercredi,20:15,33,33393,44.99836,-0.2005,2,1,2,5,8,3,2,02,1,2,,,2,0,1,3,2,40,5,1,2,00,2,4,2,201800001265B01,7,2,1
201800001290,2018-08-19,2018,août,dimanche,10:10,24,24318,44.88691,0.86581,1,1,7,1,1,3,2,02,1,1,,,1,0,3,3,1,69,5,1,2,02,0,1,13,201800001290A01,,,
201800001301,2018-05-08,2018,mai,mardi,17:20,47,47157,44.506,0.1479,2,1,6,1,1,3,3,02,1,1,000,000,1,0,4,4,1,63,5,1,2,00,1,1,14,201800001301A01,,,
201800001302,2018-06-03,2018,juin,dimanche,17:45,47,47157,44.5072,0.14519,2,1,2,1,1,3,3,03,1,1,000,000,1,0,1,4,1,68,1,1,2,00,2,6,1,201800001302B01,7,1,1
201800001303,2018-07-20,2018,juillet,vendredi,10:35,47,47157,44.5349,0.20474,1,2,3,1,1,4,2,02,2,1,000,000,1,0,1,3,1,12,5,1,2,00,2,8,15,201800001303A01,7,1,1
201800001305,2018-08-07,2018,août,mardi,80:0,47,47263,44.4775,0.21063,1,3,1,1,1,3,2,02,1,1,000,000,1,0,1,2,1,77,5,1,2,00,2,1,15,201800001305B01,7,17,1
201800001316,2018-10-12,2018,octobre,vendredi,94:0,64,64230,43.234,-0.3852,2,1,6,1,1,3,2,02,2,2,000,000,1,0,1,1,1,67,5,1,2,00,1,1,13,201800001316A01,,,
201800001328,2018-04-30,2018,avril,lundi,11:30,64,64422,43.1991,-0.61247,2,1,3,1,1,3,2,02,2,3,000,000,1,0,1,4,1,61,5,1,2,00,2,8,2,201800001328B01,10,2,1
201800001335,2018-10-19,2018,octobre,vendredi,16:35,64,64422,43.1916,-0.61884,2,6,2,1,1,3,2,02,1,3,000,000,1,5,1,2,2,68,5,1,2,00,2,4,18,201800001335A01,15,2,1
201800001346,2018-12-16,2018,décembre,dimanche,11:30,86,86062,46.65735,0.3672,1,1,1,1,8,3,2,05,1,1,,,2,0,1,3,1,64,5,1,2,00,2,4,1,201800001346B01,7,12,1
201800001363,2018-06-02,2018,juin,samedi,18:55,16,16187,45.64839,0.07148,2,1,2,1,1,3,2,02,2,1,000,053,1,0,1,3,1,40,5,1,2,00,2,4,1,201800001363B01,7,1,1
201800001363,2018-06-02,2018,juin,samedi,18:55,16,16187,45.64839,0.07148,2,1,2,1,1,3,2,02,2,1,000,053,1,0,1,1,2,2,5,1,2,00,2,4,1,201800001363B01,7,1,1
201800001375,2018-10-30,2018,octobre,mardi,15:10,16,16058,45.71311,-0.31748,1,3,3,1,1,3,2,02,1,1,000,045,1,0,1,3,2,45,5,1,2,00,2,8,15,201800001375B01,7,17,1
201800001384,2018-04-24,2018,avril,mardi,15:6,17,17121,46.20174,-1.44801,1,2,3,3,1,3,2,02,1,2,,100,1,5,1,2,1,17,5,1,2,00,2,4,0,201800001384B01,7,1,1
201800001390,2018-05-15,2018,mai,mardi,11:20,17,17051,46.18291,-1.37677,2,1,7,1,1,9,2,02,1,1,,,1,0,5,2,1,81,5,1,2,00,0,0,2,201800001390A01,,,
201800001392,2018-07-27,2018,juillet,vendredi,10:50,17,17369,46.19373,-1.36958,1,2,1,1,1,3,2,02,1,1,,103,1,0,1,3,1,83,5,1,9,00,2,3,0,201800001392B01,7,2,1
201800001393,2018-08-07,2018,août,mardi,18:45,17,17369,46.19973,-1.38877,1,2,5,1,1,3,2,02,1,1,,,1,0,1,3,1,12,5,1,2,00,2,2,19,201800001393C01,7,1/23,2
201800001395,2018-08-21,2018,août,mardi,53:0,17,17121,46.20328,-1.45739,1,1,2,3,1,3,2,02,1,1,,067,1,0,1,3,1,19,5,1,9,00,2,4,1,201800001395B01,7,1,1
201800001395,2018-08-21,2018,août,mardi,53:0,17,17121,46.20328,-1.45739,1,1,2,3,1,3,2,02,1,1,,067,1,0,1,2,2,20,5,1,9,00,2,4,1,201800001395B01,7,1,1
201800001396,2018-08-22,2018,août,mercredi,11:30,17,17051,46.17514,-1.3681,1,1,6,1,1,9,2,02,1,1,,,1,0,5,3,1,74,5,1,2,00,2,7,1,201800001396A01,1,1,1
201800001396,2018-08-22,2018,août,mercredi,11:30,17,17051,46.17514,-1.3681,1,1,6,1,1,9,2,02,1,1,,,1,0,5,1,1,24,5,1,9,00,2,8,1,201800001396B01,1,1,1
201800001423,2018-07-28,2018,juillet,samedi,19:15,17,17375,45.94971,-1.0504,1,1,7,1,1,4,-1,01,1,1,,,9,0,1,2,1,69,5,1,9,00,0,8,1,201800001423A01,,,
201800001437,2018-10-21,2018,octobre,dimanche,10:05,17,17164,45.77473,-0.62191,1,1,2,1,7,3,2,02,2,1,,,1,0,1,3,1,62,5,1,2,00,2,4,2,201800001437B01,7,2,1
201800001461,2018-08-20,2018,août,lundi,17:35,79,79048,46.35351,-0.30776,2,2,1,1,1,3,2,02,1,3,,075,1,0,1,4,1,31,5,1,9,00,2,8,1,201800001461B01,7,9,1
201800001520,2018-04-12,2018,avril,jeudi,17:00,31,31165,43.42035,1.37489,1,6,3,2,1,3,2,02,1,2,,,2,0,1,4,1,20,5,1,2,00,2,1,15,201800001520B01,7,9,1
201800001526,2018-09-06,2018,septembre,jeudi,14:50,31,31287,43.39692,1.25525,2,6,3,1,1,3,1,01,2,2,,,1,5,1,3,2,43,5,1,2,00,2,0,0,201800001526B01,7,2,1
201800001528,2018-11-14,2018,novembre,mercredi,16:45,31,31395,43.4489,1.30882,2,3,1,1,1,1,1,01,1,3,,,1,3,1,4,1,44,3,1,2,00,2,2,1,201800001528B01,7,9,1
201800001545,2018-06-20,2018,juin,mercredi,15:47,09,09157,42.96771,1.86717,2,1,3,1,1,4,1,01,1,1,,,1,0,1,3,1,62,5,1,2,00,2,2,5,201800001545A01,7,20,1
201800001553,2018-04-23,2018,avril,lundi,12:15,09,09052,43.03512,1.86024,1,1,7,1,1,3,2,02,4,1,,,4,2,1,3,1,67,5,1,2,00,0,7,1,201800001553A01,,,
201800001566,2018-11-10,2018,novembre,samedi,12:55,09,09261,42.98559,1.14101,2,1,3,1,1,3,1,01,1,3,,,1,5,1,3,1,62,5,1,2,00,2,1,15,201800001566B01,7,2,1
201800001578,2018-09-17,2018,septembre,lundi,93:5,32,32118,43.5357,0.56585,1,3,3,1,1,3,2,02,2,2,000,000,1,0,1,3,1,70,5,1,2,00,2,1,15,201800001578B01,7,1,1
201800001593,2018-07-25,2018,juillet,mercredi,14:50,65,65145,42.91718,-0.03942,1,1,1,1,1,3,2,02,1,3,,,1,0,1,3,1,63,5,1,2,00,2,1,13,201800001593A01,7,1,1
201800001611,2018-04-26,2018,avril,jeudi,17:50,81,81105,43.76003,1.96854,2,3,3,1,7,3,2,02,4,1,,,1,0,1,4,1,58,5,1,2,00,2,2,1,201800001611B01,34,15,1
201800001625,2018-12-26,2018,décembre,mercredi,12:50,81,81140,43.70172,1.82056,2,6,3,1,1,3,2,02,1,1,,,1,5,1,4,1,28,0,1,2,00,2,1,1,201800001625B01,7,0,1
201800001634,2018-04-19,2018,avril,jeudi,15:15,81,81099,43.90071,1.891,2,3,3,1,1,4,2,02,2,1,,,1,0,1,1,1,20,0,1,2,00,2,8,1,201800001634B01,7,1,1
201800001634,2018-04-19,2018,avril,jeudi,15:15,81,81099,43.90071,1.891,2,3,3,1,1,4,2,02,2,1,,,1,0,1,3,1,18,0,1,2,00,2,8,1,201800001634B01,7,1,1
201800001647,2018-11-02,2018,novembre,vendredi,11:10,81,81131,43.89307,1.96913,1,3,3,1,8,4,2,02,2,1,,,2,0,1,2,1,77,0,1,2,00,2,1,1,201800001647B01,7,1,1
201800001736,2018-02-28,2018,février,mercredi,75:5,69,69207,45.8833,4.79659,2,6,3,1,1,9,1,02,1,2,,,1,0,1,3,1,54,0,1,9,00,2,8,9,201800001736B01,7,9,1
201800001747,2018-06-16,2018,juin,samedi,23:30,69,69143,45.86827,4.83944,2,6,6,5,1,3,1,01,1,2,,,1,5,1,4,1,52,5,1,2,00,0,0,1,201800001747A01,,,
201800001749,2018-06-18,2018,juin,lundi,19:00,69,69163,45.9215,4.77561,1,6,3,1,1,3,2,02,1,2,,,1,0,1,4,1,57,5,1,2,00,0,5,0,201800001749B01,7,9,1
201800001761,2018-12-10,2018,décembre,lundi,15:20,69,69207,45.88,4.80456,2,1,3,1,1,4,2,02,2,1,,,2,0,1,4,1,44,5,1,2,00,0,8,0,201800001761A01,7,0,1