Num_Acc,date,an,mois,jour,hrmn,dep,com,lat,long,agg,int,col,lum,atm,catr,circ,nbv,prof,plan,lartpc,larrout,surf,infra,situ,grav,sexe,age,trajet,secuexist,equipement,obs,obsm,choc,manv,vehiculeid,typevehicules,manoeuvehicules,numVehicules
201800001763,2018-12-27,2018,décembre,jeudi,16:30,69,69068,45.84802,4.8319,2,1,1,1,1,3,2,02,1,1,,,1,0,1,3,1,56,5,1,2,00,2,1,0,201800001763B01,7,15,1
201800001803,2018-09-25,2018,septembre,mardi,94:5,69,69038,45.76587,4.38863,1,2,1,1,1,3,2,02,2,3,,,1,0,1,4,1,65,5,1,2,00,2,1,1,201800001803B01,7,15,1
201800001804,2018-10-19,2018,octobre,vendredi,12:20,69,69220,45.7333,4.47232,2,9,2,1,1,4,1,01,1,2,,,1,5,1,3,1,61,5,1,2,12,0,4,1,201800001804B01,10,9,1
201800001809,2018-05-05,2018,mai,samedi,16:30,69,69227,45.69518,4.5574,1,1,6,1,1,4,2,02,4,2,,,1,0,1,3,1,66,5,1,2,14,1,1,1,201800001809A01,,,
201800001809,2018-05-05,2018,mai,samedi,16:30,69,69227,45.69518,4.5574,1,1,6,1,1,4,2,02,4,2,,,1,0,1,1,1,70,9,1,2,14,1,1,1,201800001809A01,,,
201800001811,2018-05-18,2018,mai,vendredi,11:25,69,69227,45.62511,4.55347,1,1,3,1,1,3,2,02,1,1,,,1,0,1,4,1,54,5,1,2,00,0,3,1,201800001811B01,7,16,1
201800001815,2018-09-28,2018,septembre,vendredi,16:40,69,69227,45.65937,4.55857,2,9,3,1,1,4,1,01,2,1,,,1,0,1,4,1,14,0,1,9,00,2,1,5,201800001815A01,7,16,1
201800001825,2018-04-12,2018,avril,jeudi,12:30,69,69028,45.71369,4.71362,1,6,3,1,1,3,2,02,1,1,,,1,5,1,4,1,19,5,1,2,14,2,7,1,201800001825B01,7,9,1
201800001826,2018-04-14,2018,avril,samedi,16:15,69,69154,45.77259,4.65886,1,1,7,1,1,3,2,02,2,3,,,2,0,1,3,2,42,5,1,2,00,0,0,0,201800001826A01,,,
201800001831,2018-06-14,2018,juin,jeudi,11:15,69,69028,45.70992,4.69075,1,1,2,1,1,3,2,02,4,1,,,1,0,1,2,1,73,5,1,2,16,2,4,1,201800001831B01,7,1,1
201800001833,2018-06-23,2018,juin,samedi,15:20,69,69249,45.69155,4.62678,1,1,1,1,1,3,2,02,2,4,,,1,0,1,3,1,58,5,1,2,00,2,1,1,201800001833A01,7,1,1
201800001837,2018-07-30,2018,juillet,lundi,19:25,69,69094,45.74655,4.65323,1,9,1,1,7,3,2,02,4,4,,,1,0,1,4,1,52,5,1,2,00,2,1,1,201800001837B01,7,15,1
201800001841,2018-10-16,2018,octobre,mardi,14:10,69,69249,45.67946,4.65046,2,4,3,1,1,3,2,02,2,2,,,1,0,1,3,1,66,5,1,2,00,0,1,1,201800001841B01,7,15,1
201800001886,2018-10-04,2018,octobre,jeudi,18:55,69,69141,45.62153,4.67579,1,2,3,1,1,4,2,02,1,3,,,1,0,1,3,1,55,5,1,2,00,2,8,1,201800001886B01,7,1,1
201800001948,2018-02-25,2018,février,dimanche,16:40,69,69243,45.9135,4.42274,1,1,6,1,1,3,2,02,2,1,,,1,0,1,3,2,35,5,1,9,12,0,1,1,201800001948A01,,,
201800001967,2018-10-27,2018,octobre,samedi,10:20,69,69157,45.87821,4.51069,1,3,3,1,2,4,2,02,2,1,,,2,0,1,3,1,50,5,1,2,00,2,1,1,201800001967B01,7,15,1
201800001988,2018-03-16,2018,mars,vendredi,15:15,01,01390,45.82008,5.24367,1,2,5,1,2,3,2,02,1,1,,,1,0,1,4,1,59,5,1,2,00,2,1,1,201800001988B01,7,1,1
201800001988,2018-03-16,2018,mars,vendredi,15:15,01,01390,45.82008,5.24367,1,2,5,1,2,3,2,02,1,1,,,1,0,1,3,1,59,5,1,2,00,2,1,1,201800001988C01,7,1,1
201800001989,2018-04-08,2018,avril,dimanche,15:40,01,01099,45.88517,5.25119,1,1,3,1,8,3,2,02,1,1,,,1,0,1,4,1,15,9,1,2,00,2,8,10,201800001989B01,7,17,1
201800001997,2018-06-24,2018,juin,dimanche,12:08,01,01081,46.20359,5.78801,1,1,7,1,1,3,2,02,2,3,,,9,0,1,3,1,17,5,1,2,00,0,0,1,201800001997A01,,,
201800002006,2018-06-14,2018,juin,jeudi,75:0,01,01160,46.25011,6.10172,2,3,3,1,1,4,2,02,1,1,,,1,0,1,3,1,44,1,1,2,00,2,5,0,201800002006B01,7,0,1
201800002024,2018-07-31,2018,juillet,mardi,19:10,01,01249,45.82686,4.95294,2,2,1,1,1,3,2,02,4,2,,,1,0,1,3,1,23,5,1,2,00,2,1,1,201800002024B01,7,15,1
201800002037,2018-07-25,2018,juillet,mercredi,11:30,07,07042,44.38777,4.6193,1,1,3,1,1,3,2,02,2,2,,,1,0,1,2,1,41,0,1,2,00,2,1,1,201800002037B01,7,1,1
201800002044,2018-05-30,2018,mai,mercredi,83:0,07,07178,44.66874,4.29093,2,1,3,1,2,4,2,02,2,2,,,2,0,1,3,1,47,1,1,3,00,2,1,1,201800002044A01,7,1,1
201800002063,2018-11-21,2018,novembre,mercredi,13:00,07,07324,45.05954,4.83374,2,1,6,1,1,4,2,02,1,1,,,1,0,1,4,1,39,1,1,2,00,2,8,1,201800002063A01,,,
201800002067,2018-04-06,2018,avril,vendredi,16:50,26,26170,44.9136,4.9603,1,2,5,1,1,3,2,03,1,1,000,000,1,5,1,4,1,76,5,1,2,00,2,0,15,201800002067C01,7,19/1,2
201800002067,2018-04-06,2018,avril,vendredi,16:50,26,26170,44.9136,4.9603,1,2,5,1,1,3,2,03,1,1,000,000,1,5,1,3,2,72,5,1,2,00,2,1,15,201800002067D01,7,19/1,2
201800002068,2018-04-28,2018,avril,samedi,16:40,26,26232,44.9126,5.1042,2,1,2,1,1,3,2,02,1,1,000,000,1,0,1,4,2,38,5,1,2,00,2,1,1,201800002068B01,7,1,1
201800002072,2018-06-19,2018,juin,mardi,72:0,26,26037,0,0,1,1,3,1,1,3,2,03,1,1,000,000,1,0,3,3,1,52,1,1,9,00,2,8,0,201800002072B01,7,0,1
201800002092,2018-11-23,2018,novembre,vendredi,18:50,26,26235,44.37571,4.70385,2,6,3,5,3,4,2,01,4,2,,,2,0,1,4,1,22,1,1,2,00,2,7,15,201800002092A01,7,0,1
201800002101,2018-09-07,2018,septembre,vendredi,11:45,26,26367,44.42653,5.11792,1,1,6,1,1,4,2,02,2,1,,,1,0,1,2,1,63,5,1,2,00,0,0,1,201800002101A01,,,
201800002144,2018-06-14,2018,juin,jeudi,19:15,26,26250,0,0,2,6,2,2,1,2,2,02,2,1,000,000,1,0,1,4,1,69,5,1,9,00,0,4,0,201800002144B01,7,0,1
201800002147,2018-09-15,2018,septembre,samedi,80:0,26,26179,45.06941,4.87549,2,1,2,1,1,3,2,02,1,1,,,1,0,1,3,2,18,1,1,2,00,2,1,1,201800002147B01,7,9,1
201800002148,2018-10-04,2018,octobre,jeudi,10:45,26,26250,45.01527,4.88517,1,1,2,1,1,3,2,02,1,1,,,1,0,1,4,1,20,5,1,2,01,0,1,1,201800002148B01,7,24,1
201800002162,2018-04-11,2018,avril,mercredi,18:20,02,02722,49.39151,3.31773,2,1,3,1,1,4,2,01,1,1,,,1,0,3,4,1,14,5,1,2,00,2,0,19,201800002162A01,7,1,1
201800002185,2018-07-05,2018,juillet,jeudi,11:15,38,38317,45.12568,5.69804,2,1,3,1,1,3,3,02,1,1,,,1,0,1,4,1,45,0,1,2,00,0,8,19,201800002185B01,7,0,1
201800002192,2018-10-18,2018,octobre,jeudi,74:0,38,38382,45.24025,5.66663,2,2,3,2,1,3,3,03,1,1,,,1,5,1,3,1,42,1,1,9,00,2,3,9,201800002192B01,7,16,1
201800002210,2018-08-07,2018,août,mardi,11:05,38,38376,45.42144,5.81574,1,1,3,1,1,3,2,02,1,3,,,1,0,1,4,1,56,5,1,2,00,2,3,1,201800002210A01,2,1,1
201800002219,2018-07-12,2018,juillet,jeudi,13:26,38,38281,45.25276,5.64127,1,1,1,1,1,9,-1,02,1,1,,,1,0,1,4,1,37,5,1,2,00,9,1,0,201800002219A01,1,0,1
201800002219,2018-07-12,2018,juillet,jeudi,13:26,38,38281,45.25276,5.64127,1,1,1,1,1,9,-1,02,1,1,,,1,0,1,3,2,74,5,1,2,00,9,1,0,201800002219B01,1,0,1
201800002221,2018-10-13,2018,octobre,samedi,12:15,38,38169,45.20378,5.6883,2,1,1,1,1,4,2,02,1,1,,,1,0,5,4,1,59,5,1,2,00,2,1,1,201800002221A01,1,17,1
201800002221,2018-10-13,2018,octobre,samedi,12:15,38,38169,45.20378,5.6883,2,1,1,1,1,4,2,02,1,1,,,1,0,5,3,1,58,5,1,2,00,2,1,17,201800002221B01,1,1,1
201800002225,2018-05-12,2018,mai,samedi,17:00,38,38545,45.06648,5.67213,2,6,3,1,1,3,2,02,1,1,,,1,0,1,4,1,51,1,1,2,00,2,5,2,201800002225B01,7,2,1
201800002227,2018-07-08,2018,juillet,dimanche,10:00,38,38436,45.06846,5.64952,2,1,3,1,1,4,2,02,2,1,,,1,0,1,3,1,55,5,1,2,00,2,8,1,201800002227B01,7,17,1
201800002228,2018-08-29,2018,août,mercredi,10:10,38,38524,45.08768,5.66853,1,6,2,1,1,1,1,01,1,2,,,1,3,1,3,1,77,5,1,2,00,2,4,0,201800002228B01,7,9,1
201800002233,2018-03-24,2018,mars,samedi,17:15,38,38129,45.02951,5.52482,2,1,3,1,1,3,2,02,2,1,,,1,0,1,3,1,9,5,1,2,00,2,3,1,201800002233B01,38,1,1
201800002236,2018-08-20,2018,août,lundi,17:25,38,38225,45.12784,5.52757,2,3,1,1,1,3,2,02,1,1,,,1,0,1,4,1,73,5,1,2,00,2,1,1,201800002236B01,7,15,1
201800002246,2018-04-02,2018,avril,lundi,74:5,38,38565,45.30743,5.61772,2,1,7,2,1,4,2,02,1,1,,,1,0,5,3,1,89,5,1,4,12,0,0,0,201800002246A01,,,
201800002254,2018-08-16,2018,août,jeudi,80:0,38,38170,45.25348,5.66245,2,1,2,1,1,3,1,01,1,1,,,1,0,5,4,2,35,5,1,2,00,2,4,1,201800002254B01,7,14,1
201800002255,2018-08-19,2018,août,dimanche,15:20,38,38471,45.2719,5.76704,1,1,5,1,1,3,2,02,2,3,,,1,0,1,4,1,53,5,1,2,00,2,1,2,201800002255C01,7,1/13,2
201800002260,2018-12-19,2018,décembre,mercredi,17:45,38,38565,45.29152,5.63494,2,1,1,5,1,4,2,02,1,1,,,2,0,1,4,1,3,0,1,2,00,2,7,19,201800002260B01,7,0,1
201800002269,2018-07-08,2018,juillet,dimanche,19:10,38,38445,45.05982,5.75249,1,4,3,1,1,2,2,02,2,2,,,1,0,1,4,1,25,5,1,2,00,2,1,1,201800002269B01,7,16,1
201800002281,2018-11-07,2018,novembre,mercredi,13:00,38,38200,45.09225,5.7355,1,1,3,1,1,4,2,02,1,1,,,1,0,1,4,1,46,5,1,2,00,2,1,1,201800002281B01,7,15,1
201800002291,2018-04-08,2018,avril,dimanche,11:00,38,38176,45.637,5.20249,1,1,5,1,1,3,2,02,1,3,,,1,0,1,4,1,59,5,1,2,01,0,0,1,201800002291D01,7,1/13,3
201800002308,2018-10-19,2018,octobre,vendredi,14:45,38,38539,45.87456,5.34525,1,1,3,1,7,3,2,02,1,3,,,1,0,5,3,2,66,5,1,2,16,2,0,1,201800002308B01,3,21,1
201800002311,2018-05-06,2018,mai,dimanche,11:00,38,38509,45.57407,5.43911,2,3,6,1,1,4,2,02,2,1,,,1,0,1,3,1,46,5,1,2,00,2,7,1,201800002311B01,7,15,1
201800002319,2018-11-12,2018,novembre,lundi,16:31,38,38162,45.6008,5.52772,1,1,2,1,7,3,2,02,2,1,,,1,0,1,3,1,78,5,1,2,00,2,6,2,201800002319B01,7,2,1
201800002327,2018-07-13,2018,juillet,vendredi,92:0,38,38110,45.58113,4.87915,2,2,3,1,1,3,3,02,2,1,,,1,0,1,4,1,70,5,1,2,00,2,8,1,201800002327B01,7,1,1
201800002334,2018-05-02,2018,mai,mercredi,16:30,38,38085,45.75346,5.14929,2,6,3,1,1,4,-1,02,1,2,,,1,5,1,4,1,74,5,1,2,00,2,5,1,201800002334B01,7,1,1
201800002344,2018-06-18,2018,juin,lundi,19:00,38,38051,45.32975,4.8874,1,1,3,1,1,3,2,02,1,1,,,1,0,1,2,1,58,5,1,2,00,2,4,2,201800002344B01,7,2,1
201800002362,2018-08-28,2018,août,mardi,16:02,42,42211,45.53245,4.23275,2,1,2,1,1,3,2,02,1,1,,,1,0,5,3,1,76,5,1,2,01,0,1,2,201800002362A01,15,23,1
201800002380,2018-08-30,2018,août,jeudi,11:50,42,42147,45.60442,4.07327,2,3,6,1,1,4,,,,,,,,,,4,1,82,0,1,2,00,2,7,1,201800002380B01,7,15,1
201800002381,2018-09-03,2018,septembre,lundi,18:00,42,42328,45.57662,3.99642,1,2,1,1,1,3,,,,,,,,,,3,1,67,5,1,2,00,2,1,1,201800002381B01,7,15,1
201800002383,2018-10-19,2018,octobre,vendredi,13:15,42,42147,45.60905,4.05509,2,6,3,1,1,3,2,02,1,1,,,1,5,1,4,1,63,5,1,2,00,0,5,1,201800002383B01,7,0,1
201800002404,2018-12-05,2018,décembre,mercredi,13:30,42,42304,45.54058,4.18744,2,2,3,1,1,3,1,01,1,1,,,1,0,1,3,1,70,5,1,2,00,2,1,1,201800002404A01,7,6,1
201800002417,2018-10-07,2018,octobre,dimanche,15:50,42,42214,45.67283,4.28382,1,1,5,1,1,4,-1,01,1,2,,,1,0,1,3,1,29,5,1,2,00,2,1,1,201800002417B01,7,1,1
201800002417,2018-10-07,2018,octobre,dimanche,15:50,42,42214,45.67283,4.28382,1,1,5,1,1,4,-1,01,1,2,,,1,0,1,4,1,26,5,1,2,00,2,1,1,201800002417C01,7,1,1
201800002430,2018-10-11,2018,octobre,jeudi,14:45,73,73155,45.64265,5.92794,2,3,3,1,1,3,2,02,1,1,,,1,0,1,3,2,72,5,1,2,00,2,8,2,201800002430B01,7,17,1
201800002442,2018-05-31,2018,mai,jeudi,12:00,73,73036,45.73159,6.10963,1,1,6,1,1,3,2,02,2,1,,,1,0,3,3,2,15,9,1,2,08,0,1,14,201800002442A01,,,
201800002444,2018-02-28,2018,février,mercredi,75:5,73,73179,45.59392,5.88667,1,1,3,1,1,3,3,04,1,1,,,1,5,1,3,1,17,1,1,2,00,2,5,1,201800002444A01,7,1,1
201800002446,2018-08-11,2018,août,samedi,84:6,73,73314,45.51262,6.13767,2,4,7,1,1,3,2,02,2,1,,,1,0,1,2,1,64,5,1,2,00,0,0,1,201800002446A01,,,
201800002458,2018-07-03,2018,juillet,mardi,17:30,73,73034,45.72135,6.56637,1,3,3,1,1,4,2,02,2,1,,,1,0,1,3,1,63,0,1,2,00,2,1,15,201800002458A01,7,1,1
201800002463,2018-06-29,2018,juin,vendredi,95:0,73,73054,45.61852,6.77089,2,6,3,1,1,3,1,01,1,2,,,1,5,1,3,1,70,5,1,2,15,2,3,1,201800002463B01,14,1,1
201800002468,2018-10-02,2018,octobre,mardi,16:00,73,73285,45.62029,6.78887,2,3,1,1,1,3,2,02,1,1,,,1,0,1,4,1,38,5,1,2,00,2,1,1,201800002468B01,7,15,1
201800002472,2018-06-25,2018,juin,lundi,85:5,73,73003,45.49946,6.51057,2,3,3,1,1,3,2,02,4,1,,,1,0,1,3,2,50,5,1,2,00,2,1,1,201800002472B01,7,19,1
201800002475,2018-07-15,2018,juillet,dimanche,11:45,73,73187,45.44113,6.37862,1,1,6,1,1,3,2,02,2,2,,,1,0,1,3,2,49,5,1,2,10,0,7,15,201800002475A01,,,
201800002482,2018-11-01,2018,novembre,jeudi,15:00,73,73003,45.50987,6.48942,2,9,3,1,2,3,2,02,2,1,,,1,0,1,4,1,57,5,1,2,00,2,1,1,201800002482B01,7,0,1
201800002483,2018-11-28,2018,novembre,mercredi,14:00,73,73187,45.53735,6.46716,1,1,2,1,1,3,2,02,1,1,,,1,0,1,4,2,14,5,1,2,00,2,4,2,201800002483B01,7,2,1
201800002487,2018-03-28,2018,mars,mercredi,13:30,73,73203,45.31764,6.32857,1,1,2,1,1,3,2,02,1,1,,,1,0,1,4,1,53,5,1,2,00,0,6,1,201800002487B01,7,1,1
201800002490,2018-07-07,2018,juillet,samedi,20:0,73,73248,45.27592,6.34789,2,4,7,5,1,4,1,01,1,1,,,1,0,1,3,1,21,5,1,2,14,0,0,1,201800002490A01,,,
201800002495,2018-08-10,2018,août,vendredi,10:40,73,73248,45.27158,6.35147,2,3,3,1,1,3,2,02,1,1,,,1,0,1,3,1,85,5,1,2,00,2,6,1,201800002495A01,7,9,1
201800002514,2018-08-15,2018,août,mercredi,11:20,74,74136,45.96452,6.43794,1,1,2,1,1,3,2,02,3,1,,,1,0,1,3,1,66,5,1,2,00,0,4,2,201800002514B01,2,2,1
201800002528,2018-10-13,2018,octobre,samedi,19:00,74,74024,46.08195,6.43005,2,1,7,5,1,3,2,02,2,1,,,1,0,1,3,1,51,5,1,4,00,0,1,1,201800002528A01,,,
201800002530,2018-10-20,2018,octobre,samedi,21:40,74,74042,46.07176,6.46069,1,1,2,3,5,3,2,02,1,1,,,1,0,1,4,1,38,5,1,4,00,0,4,1,201800002530B01,7,1,1
201800002536,2018-08-03,2018,août,vendredi,10:50,74,74266,45.94527,6.78468,2,2,3,1,1,3,2,02,1,1,,,1,5,1,4,1,50,5,1,2,00,2,0,1,201800002536B01,7,1,1
201800002543,2018-07-22,2018,juillet,dimanche,15:50,74,74250,46.04662,6.37566,1,1,1,1,1,3,2,02,2,3,,,1,0,1,4,1,51,5,1,4,00,2,1,5,201800002543B01,7,1,1
201800002545,2018-08-18,2018,août,samedi,12:30,74,74116,46.05164,6.26726,1,1,3,1,1,3,2,01,1,1,,,1,0,1,3,1,57,5,1,2,00,2,4,2,201800002545B01,10,2,1
201800002550,2018-06-01,2018,juin,vendredi,22:30,74,74216,46.09336,6.09257,1,1,2,3,1,3,2,02,3,1,,,1,0,1,2,1,18,5,1,4,00,0,4,0,201800002550A01,7,0,1
201800002553,2018-10-20,2018,octobre,samedi,18:50,74,74016,46.13485,6.13364,2,9,3,5,1,4,2,02,2,3,,,1,0,1,3,1,28,0,1,4,00,2,1,1,201800002553B01,7,16,1
201800002562,2018-04-29,2018,avril,dimanche,13:50,74,74094,46.19961,6.28832,2,3,3,1,1,4,2,02,1,1,,,1,6,1,3,2,10,5,1,2,00,2,1,9,201800002562A01,7,1,1
201800002568,2018-06-17,2018,juin,dimanche,16:08,74,74185,46.15261,6.19197,2,1,2,1,1,3,2,02,1,1,,,1,0,1,3,1,45,5,1,2,00,2,1,2,201800002568B01,7,0,1
201800002578,2018-10-22,2018,octobre,lundi,13:50,74,74220,46.13085,6.26173,2,4,3,1,1,3,2,02,2,3,,,1,0,1,3,1,16,9,1,2,00,2,8,1,201800002578B01,7,15,1
201800002588,2018-08-16,2018,août,jeudi,14:05,74,74063,46.25631,6.82986,2,1,1,1,1,4,2,02,2,1,,,1,0,1,3,1,29,5,1,2,00,0,1,1,201800002588B01,10,19,1
201800002633,2018-05-21,2018,mai,lundi,17:25,03,03015,46.64538,3.20463,2,1,3,1,1,3,2,02,2,1,,,1,0,1,4,1,14,5,1,2,00,2,8,9,201800002633A01,7,1,1
201800002672,2018-06-20,2018,juin,mercredi,90:0,03,03113,46.03608,3.64714,1,1,7,1,1,3,2,02,4,1,,,1,0,1,2,1,78,5,1,2,00,0,0,0,201800002672A01,,,
201800002680,2018-07-15,2018,juillet,dimanche,10:10,03,03266,46.24918,3.47166,1,1,7,1,1,3,2,02,4,2,,,1,0,3,3,1,22,5,1,2,00,0,0,1,201800002680B01,7,15,1
201800002728,2018-05-22,2018,mai,mardi,14:15,57,57350,49.06321,6.0796,2,3,3,1,1,3,2,03,1,1,,,1,5,1,3,1,40,5,1,2,00,2,1,1,201800002728B01,10,15,1
201800002729,2018-07-29,2018,juillet,dimanche,16:45,57,57212,49.03133,6.11621,1,1,6,1,1,3,2,02,1,1,,,1,0,1,3,1,51,5,1,2,01,0,2,2,201800002729A01,7,23,1
201800002737,2018-04-07,2018,avril,samedi,11:30,57,57546,49.1669,6.11224,2,1,5,1,1,4,2,02,2,3,,,1,0,1,1,1,18,5,1,2,00,2,3,13,201800002737A01,7,1,1
201800002737,2018-04-07,2018,avril,samedi,11:30,57,57546,49.1669,6.11224,2,1,5,1,1,4,2,02,2,3,,,1,0,1,4,1,57,5,1,2,00,2,1,1,201800002737C01,7,1,1
201800002749,2018-06-25,2018,juin,lundi,19:35,57,57160,49.20179,6.69272,2,1,2,1,1,4,1,01,1,1,,,1,0,1,3,1,13,5,1,2,00,2,1,19,201800002749A01,7,1,1
201800002768,2018-05-07,2018,mai,lundi,20:15,57,57207,49.12388,6.87585,2,1,6,1,1,4,2,02,4,1,,,1,5,4,3,1,9,5,1,2,04,0,1,0,201800002768A01,,,
201800002832,2018-09-12,2018,septembre,mercredi,16:40,54,54370,48.81706,5.89055,1,1,7,1,1,4,2,02,4,2,,,1,0,1,3,1,55,5,1,2,00,0,0,2,201800002832A01,1,2,1
201800002832,2018-09-12,2018,septembre,mercredi,16:40,54,54370,48.81706,5.89055,1,1,7,1,1,4,2,02,4,2,,,1,0,1,3,1,51,5,1,2,00,0,1,2,201800002832B01,1,2,1
201800002837,2018-04-18,2018,avril,mercredi,13:30,55,55366,48.79054,5.06464,1,1,2,1,7,3,2,02,1,1,,,1,0,1,2,2,66,5,1,2,00,0,4,0,201800002837B01,7,2,1
201800002876,2018-09-20,2018,septembre,jeudi,11:05,88,88355,48.34825,6.35569,1,1,1,1,1,5,2,02,1,2,,,1,0,5,3,1,65,5,1,2,00,9,1,13,201800002876B01,1,13,1
201800002876,2018-09-20,2018,septembre,jeudi,11:05,88,88355,48.34825,6.35569,1,1,1,1,1,5,2,02,1,2,,,1,0,5,3,1,74,5,1,2,00,9,1,13,201800002876A01,1,13,1
201800002905,2018-07-28,2018,juillet,samedi,17:35,88,88196,48.064,6.85196,2,4,1,1,1,3,2,02,1,1,,,1,0,1,3,1,46,5,1,2,00,2,8,1,201800002905B01,7,15,1
201800002909,2018-04-04,2018,avril,mercredi,10:04,67,67397,48.31687,7.70515,2,6,2,1,1,4,3,02,1,3,,,2,0,1,4,1,63,0,1,2,00,2,5,1,201800002909B01,7,0,1
201800002923,2018-03-03,2018,mars,samedi,12:15,67,67130,48.42815,7.65991,2,3,1,1,1,4,,,,,,,,,,4,1,81,0,1,2,00,2,1,15,201800002923B01,7,1,1
201800002932,2018-07-23,2018,juillet,lundi,19:01,67,67348,48.46473,7.493,2,3,3,1,1,4,2,02,1,1,,,1,0,1,3,1,17,5,1,2,00,2,1,1,201800002932B01,7,1,1
201800002933,2018-08-06,2018,août,lundi,11:10,67,67348,48.452,7.48773,1,6,6,1,1,3,-1,01,1,3,,,1,0,1,4,2,45,5,1,2,00,2,1,1,201800002933A01,7,16,1
201800002938,2018-03-20,2018,mars,mardi,14:50,67,67067,48.72465,7.7143,1,3,1,1,1,3,2,02,2,1,,,1,0,1,3,1,50,5,1,2,00,2,8,15,201800002938A01,7,1,1
201800002941,2018-06-14,2018,juin,jeudi,10:00,67,67087,48.83445,7.67587,1,1,7,1,1,3,2,02,2,1,,,1,0,1,2,1,59,5,1,2,00,0,0,1,201800002941A01,,,
201800002942,2018-10-01,2018,octobre,lundi,10:00,67,67023,48.77866,7.71922,1,2,3,1,8,3,2,02,2,1,,,1,5,1,4,1,45,5,1,2,00,2,1,1,201800002942A01,7,19,1
201800002956,2018-06-23,2018,juin,samedi,18:00,67,67128,48.55709,7.56646,1,1,2,1,1,3,2,02,1,1,,,1,0,1,4,1,18,5,1,2,00,2,4,11,201800002956B01,7,13,1
201800002958,2018-07-10,2018,juillet,mardi,14:45,67,67127,48.57594,7.5351,1,1,1,1,1,9,2,02,1,1,,,1,0,1,1,1,53,5,1,2,00,9,1,1,201800002958A01,1,1,1
201800002958,2018-07-10,2018,juillet,mardi,14:45,67,67127,48.57594,7.5351,1,1,1,1,1,9,2,02,1,1,,,1,0,1,4,1,49,5,1,2,00,9,1,1,201800002958B01,1,1,1
201800002962,2018-08-29,2018,août,mercredi,64:0,67,67168,48.53756,7.43762,1,1,1,2,1,9,2,01,4,3,,,1,0,5,4,1,51,1,1,2,00,2,1,1,201800002962A01,1,13,1
201800002962,2018-08-29,2018,août,mercredi,64:0,67,67168,48.53756,7.43762,1,1,1,2,1,9,2,01,4,3,,,1,0,5,1,1,39,1,1,2,00,2,1,13,201800002962B01,1,1,1
201800002966,2018-10-15,2018,octobre,lundi,15:55,67,67112,48.52931,7.56764,2,3,1,1,1,4,,,,,,,,,,3,1,82,5,1,2,00,0,1,19,201800002966B01,7,15,1
201800002984,2018-07-26,2018,juillet,jeudi,20:50,67,67350,48.59548,7.63844,1,1,7,1,1,3,2,02,2,1,,,1,0,1,3,1,20,5,1,2,00,0,0,0,201800002984A01,,,
201800002986,2018-02-13,2018,février,mardi,14:45,67,67010,48.38793,7.42118,2,3,3,1,1,3,2,02,1,1,,,1,0,1,4,2,69,5,1,2,00,0,5,1,201800002986A01,7,1,1
201800002987,2018-05-07,2018,mai,lundi,15:30,67,67084,48.32596,7.42417,2,3,3,1,1,4,,,,,,,,,,3,1,58,5,1,2,00,2,1,1,201800002987B01,7,15,1
201800003000,2018-07-05,2018,juillet,jeudi,16:18,67,67351,48.96722,7.98779,2,1,1,1,1,3,2,02,1,1,,,2,0,1,4,1,18,2,1,2,01,2,2,14,201800003000B01,7,1,1
201800003020,2018-04-26,2018,avril,jeudi,15:15,68,68226,48.04025,7.13937,2,7,3,1,1,6,-1,00,1,2,000,060,1,0,1,4,1,25,5,1,4,00,2,1,16,201800003020B01,7,15,1
201800003029,2018-06-30,2018,juin,samedi,11:5,68,68311,47.97451,7.04779,1,1,6,3,1,3,2,02,2,2,000,055,1,0,3,3,1,46,5,1,4,00,6,9,1,201800003029A01,,,
201800003031,2018-07-26,2018,juillet,jeudi,22:30,68,68329,48.05347,7.1054,2,1,7,5,1,4,2,02,1,1,,,1,0,1,4,2,30,9,1,2,00,0,9,1,201800003031A01,,,
201800003035,2018-11-08,2018,novembre,jeudi,13:00,68,68193,48.03314,7.11154,2,1,2,1,1,3,2,02,2,1,,,1,0,1,4,1,77,5,1,2,00,2,4,15,201800003035B01,7,2,1
201800003068,2018-04-04,2018,avril,mercredi,17:30,68,68287,47.9563,7.29431,2,1,3,1,1,3,2,02,1,1,000,065,1,0,4,4,2,11,5,1,2,07,2,8,21,201800003068A01,7,1,1
201800003074,2018-11-21,2018,novembre,mercredi,73:0,68,68287,47.94587,7.27517,1,1,6,2,8,3,2,02,1,1,,,1,0,1,4,1,13,2,1,4,00,2,6,15,201800003074B01,7,2,1
201800003076,2018-04-03,2018,avril,mardi,13:15,68,68154,47.76504,7.3773,2,9,3,1,1,6,-1,00,1,1,000,000,1,0,1,4,1,24,1,1,2,00,2,1,1,201800003076A01,7,1,1
201800003096,2018-09-08,2018,septembre,samedi,13:40,68,68348,47.80787,7.11956,2,1,1,1,1,3,1,01,1,3,,,1,0,5,4,1,50,5,1,2,00,2,1,5,201800003096A01,1,1,1
201800003096,2018-09-08,2018,septembre,samedi,13:40,68,68348,47.80787,7.11956,2,1,1,1,1,3,1,01,1,3,,,1,0,5,3,1,66,5,1,2,00,0,1,1,201800003096B01,1,5,1
201800003100,2018-12-02,2018,décembre,dimanche,45:,68,68372,47.85188,7.08008,1,1,2,3,8,2,2,02,1,1,,,1,0,1,3,1,16,5,1,2,00,2,4,1,201800003100B01,7,1,1
201800003106,2018-07-29,2018,juillet,dimanche,22:45,68,68063,47.80009,7.17482,2,9,3,5,1,3,2,02,2,1,,,1,0,1,4,2,18,1,1,2,00,0,8,19,201800003106A01,7,1,1