Num_Acc,date,an,mois,jour,hrmn,dep,com,lat,long,agg,int,col,lum,atm,catr,circ,nbv,prof,plan,lartpc,larrout,surf,infra,situ,grav,sexe,age,trajet,secuexist,equipement,obs,obsm,choc,manv,vehiculeid,typevehicules,manoeuvehicules,numVehicules
201800003119,2018-08-12,2018,août,dimanche,11:50,68,68247,47.93302,7.01073,1,1,5,1,1,3,2,02,2,3,,,9,0,1,4,1,13,5,1,2,00,2,1,1,201800003119A01,7,1,2
201800003121,2018-10-15,2018,octobre,lundi,84:5,68,68199,47.86611,7.03914,2,6,3,2,7,2,2,02,1,1,,,1,0,1,4,2,24,1,1,2,00,2,7,19,201800003121B01,7,1,1
201800003128,2018-06-09,2018,juin,samedi,16:15,08,08188,49.82238,4.82803,2,1,1,1,1,4,-1,02,1,1,,,1,0,1,4,1,70,5,1,2,00,0,4,1,201800003128B01,7,9,1
201800003173,2018-08-30,2018,août,jeudi,14:30,21,21021,47.3388,5.20083,1,6,3,1,1,3,1,01,1,2,,,1,0,1,4,1,78,5,1,2,00,2,2,12,201800003173B01,7,15,1
201800003178,2018-12-12,2018,décembre,mercredi,13:40,21,21038,47.2092,5.41479,1,2,3,1,1,3,2,02,4,1,,,1,0,1,3,1,71,5,1,2,00,2,1,1,201800003178B01,7,19,1
201800003196,2018-08-06,2018,août,lundi,84:5,21,21464,47.13608,4.95487,2,6,2,1,7,3,2,02,1,1,,,1,5,1,3,1,68,5,1,2,00,0,4,15,201800003196A01,7,1,1
201800003201,2018-03-05,2018,mars,lundi,16:15,58,58160,47.00185,3.0994,1,1,3,1,1,3,2,02,1,1,,,1,0,1,3,1,74,0,1,2,00,2,1,0,201800003201A01,10,1,1
201800003203,2018-07-30,2018,juillet,lundi,18:30,58,58214,47.07111,3.10497,2,1,3,1,1,3,2,02,1,1,,,1,0,1,3,1,68,5,1,2,00,0,3,1,201800003203B01,7,17,1
201800003205,2018-08-11,2018,août,samedi,40:,58,58121,47.04218,3.0937,2,1,2,3,1,3,2,02,1,1,,,1,0,1,1,1,37,5,1,9,00,0,4,2,201800003205B01,7,2,1
201800003205,2018-08-11,2018,août,samedi,40:,58,58121,47.04218,3.0937,2,1,2,3,1,3,2,02,1,1,,,1,0,1,4,2,4,5,1,2,00,0,4,2,201800003205B01,7,2,1
201800003214,2018-07-12,2018,juillet,jeudi,11:30,71,71574,46.37255,4.7318,1,1,3,1,1,3,2,02,1,3,,,1,0,1,4,1,74,5,1,2,00,2,8,1,201800003214B01,7,17,1
201800003232,2018-09-28,2018,septembre,vendredi,16:20,71,71328,46.6264,4.81199,1,1,1,1,7,4,2,02,1,3,,,1,0,1,2,2,33,5,1,9,00,2,1,1,201800003232B01,7,1,1
201800003255,2018-09-05,2018,septembre,mercredi,10:30,71,71453,46.23213,4.04063,1,2,1,1,1,4,2,02,1,1,,,1,0,1,3,1,74,5,1,2,00,2,2,1,201800003255A01,7,1,1
201800003264,2018-07-19,2018,juillet,jeudi,80:0,71,71342,46.45023,4.12784,2,2,3,1,1,3,2,02,2,1,,,1,5,1,3,1,68,5,1,2,00,2,1,1,201800003264B01,7,0,1
201800003299,2018-11-05,2018,novembre,lundi,18:20,89,89083,47.84662,3.48241,1,1,2,3,1,3,2,02,1,1,,,2,0,3,3,1,66,5,1,2,00,2,6,2,201800003299B01,7,2,1
201800003304,2018-05-24,2018,mai,jeudi,16:35,89,89206,47.98089,3.39901,2,1,6,1,1,3,2,02,1,1,,,1,0,1,3,1,65,5,1,9,01,0,0,0,201800003304B01,7,22,1
201800003306,2018-09-07,2018,septembre,vendredi,19:15,89,89206,47.97467,3.35987,1,1,2,2,1,3,2,02,1,1,,,1,0,3,4,1,62,5,1,2,00,2,4,0,201800003306B01,7,0,1
201800003325,2018-02-09,2018,février,vendredi,12:25,25,25632,47.47855,6.76748,2,1,3,1,8,3,2,02,1,1,,,1,0,1,4,1,56,1,1,4,00,2,1,19,201800003325B01,7,1,1
201800003326,2018-05-19,2018,mai,samedi,13:25,25,25048,47.48352,6.72394,2,9,3,1,1,4,2,02,1,1,,,1,0,1,3,1,10,5,1,2,00,2,8,19,201800003326B01,7,1,1
201800003352,2018-12-18,2018,décembre,mardi,15:50,04,04070,44.0919,6.23141,2,7,3,1,1,4,2,01,1,1,000,000,1,0,3,3,2,58,5,1,2,00,2,4,9,201800003352B01,7,15,1
201800003444,2018-06-10,2018,juin,dimanche,10:30,13,13048,43.59688,5.64524,1,1,6,1,1,3,2,02,1,1,,,1,0,1,3,1,49,5,1,2,00,9,3,13,201800003444B01,33,1,1
201800003460,2018-08-31,2018,août,vendredi,83:5,13,13015,43.45403,5.40139,2,1,2,1,1,3,2,02,1,1,,,1,0,5,2,1,71,5,1,2,00,0,4,2,201800003460B01,10,2,1
201800003468,2018-01-04,2018,janvier,jeudi,17:50,13,13004,0,0,1,1,2,3,1,3,2,02,1,-1,000,060,1,0,3,2,2,17,5,1,4,00,0,4,1,201800003468B01,7,14,1
201800003483,2018-05-25,2018,mai,vendredi,18:00,13,13027,43.88505,4.84948,2,2,2,1,1,3,2,02,1,3,,,1,0,1,3,2,81,5,1,2,00,2,1,9,201800003483B01,7,9,1
201800003485,2018-07-22,2018,juillet,dimanche,10:40,13,13027,43.85833,4.84207,1,2,3,1,1,3,2,02,1,1,,,1,5,1,3,1,44,5,1,2,00,2,1,1,201800003485B01,7,1,1
201800003501,2018-06-03,2018,juin,dimanche,11:15,13,13097,43.64272,4.79963,1,6,3,1,1,3,1,01,1,2,,,1,0,1,4,1,84,5,1,2,00,2,1,16,201800003501A01,7,15,1
201800003528,2018-09-23,2018,septembre,dimanche,10:50,13,13030,43.2758,5.70389,1,1,1,1,1,2,2,02,2,4,,,1,0,1,4,1,60,5,1,2,00,2,1,5,201800003528A01,7,1,1
201800003533,2018-02-08,2018,février,jeudi,11:35,13,13022,43.23698,5.55939,1,1,1,1,1,3,2,02,2,3,,,1,0,1,2,1,68,5,1,4,00,2,1,13,201800003533A01,15,1,1
201800003551,2018-12-05,2018,décembre,mercredi,13:00,13,13101,43.4123,5.52476,2,3,3,1,1,3,1,01,1,1,,,1,5,1,3,1,76,5,1,2,00,2,2,1,201800003551B01,7,15,1
201800003562,2018-07-26,2018,juillet,jeudi,91:5,13,13016,43.39432,5.5877,2,3,3,1,1,4,2,02,1,1,,,1,0,1,3,1,12,0,1,2,00,2,1,19,201800003562B01,7,1,1
201800003568,2018-05-20,2018,mai,dimanche,10:00,13,13092,43.52744,5.06977,2,3,3,1,1,3,2,02,2,1,,,1,5,1,3,1,69,5,1,2,00,2,4,1,201800003568B01,7,15,1
201800003605,2018-10-11,2018,octobre,jeudi,10:45,13,13081,43.50432,5.22068,1,6,2,1,1,3,,,,,,,,,,3,1,67,5,1,9,00,2,4,1,201800003605B01,7,9,1
201800003609,2018-03-23,2018,mars,vendredi,16:30,13,13084,43.70859,5.36242,1,3,3,1,1,3,2,02,1,1,,,1,0,1,3,1,64,5,1,2,00,2,1,1,201800003609B01,7,15,1
201800003611,2018-07-08,2018,juillet,dimanche,50:0,13,13050,43.66826,5.23622,1,1,7,2,1,4,2,01,2,3,,,1,0,1,2,1,67,5,1,2,00,0,0,1,201800003611A01,,,
201800003673,2018-12-20,2018,décembre,jeudi,15:10,05,05166,44.41548,5.71211,1,1,1,1,1,3,2,02,1,2,,,1,0,1,4,1,70,5,1,2,00,2,1,0,201800003673B01,7,13,1
201800003682,2018-09-12,2018,septembre,mercredi,10:10,05,05063,45.04651,6.31163,1,4,1,1,1,3,-1,02,2,3,,,1,0,1,4,1,51,5,1,2,00,2,1,1,201800003682A01,7,15,1
201800003687,2018-07-02,2018,juillet,lundi,15:00,05,05065,44.66037,6.65862,2,1,3,1,1,3,2,02,2,1,,,1,0,1,4,1,18,5,1,2,00,2,1,1,201800003687B01,7,19,1
201800003688,2018-07-28,2018,juillet,samedi,13:10,05,05136,44.70836,6.58982,2,1,3,1,3,3,2,02,2,4,,,2,0,1,3,2,51,5,1,2,00,2,1,16,201800003688A01,7,1,1
201800003706,2018-10-22,2018,octobre,lundi,16:40,06,06117,43.82039,7.23904,2,1,7,1,1,9,-1,01,2,1,,,1,0,1,3,1,14,5,1,2,00,0,0,0,201800003706A01,,,
201800003720,2018-04-14,2018,avril,samedi,17:00,06,06157,43.72452,7.10491,2,1,3,1,1,7,2,02,1,1,,,1,0,1,4,1,49,5,1,2,01,0,1,2,201800003720B01,7,22,1
201800003725,2018-06-29,2018,juin,vendredi,74:5,06,06157,43.72489,7.10348,2,4,1,1,1,7,2,02,2,2,,,1,0,1,3,1,38,5,1,2,00,2,8,1,201800003725B01,7,15,1
201800003727,2018-08-02,2018,août,jeudi,10:20,06,06017,43.80839,7.0988,1,1,6,1,1,3,2,02,2,1,,,1,0,1,3,1,66,5,1,2,00,0,1,2,201800003727A01,1,2,2
201800003727,2018-08-02,2018,août,jeudi,10:20,06,06017,43.80839,7.0988,1,1,6,1,1,3,2,02,2,1,,,1,0,1,3,1,73,5,1,2,00,0,1,2,201800003727B01,1,2,2
201800003727,2018-08-02,2018,août,jeudi,10:20,06,06017,43.80839,7.0988,1,1,6,1,1,3,2,02,2,1,,,1,0,1,3,1,68,5,1,2,00,0,0,2,201800003727C01,1,2,2
201800003729,2018-09-02,2018,septembre,dimanche,11:30,06,06065,43.73751,7.17787,1,1,7,1,1,7,2,02,2,1,,,1,0,3,3,1,53,5,1,2,13,0,0,1,201800003729A01,,,
201800003732,2018-09-30,2018,septembre,dimanche,11:20,06,06065,43.7242,7.15288,2,1,6,1,1,7,2,02,2,4,,,1,0,3,2,1,62,5,1,2,13,0,7,1,201800003732A01,,,
201800003733,2018-10-06,2018,octobre,samedi,11:30,06,06065,43.73805,7.17925,1,3,1,1,1,4,-1,00,-1,-1,,,-1,0,0,4,1,30,5,1,2,00,2,1,1,201800003733B01,10,6,1
201800003735,2018-05-05,2018,mai,samedi,13:55,06,06101,44.02707,6.97739,1,1,6,1,1,3,2,02,2,3,,,1,0,1,3,1,73,5,1,2,04,0,1,16,201800003735A01,,,
201800003741,2018-09-09,2018,septembre,dimanche,94:5,06,06047,43.84279,7.04722,1,1,7,1,1,3,2,02,1,2,,,1,0,1,3,1,70,5,1,2,00,0,0,0,201800003741A01,,,
201800003763,2018-11-08,2018,novembre,jeudi,14:20,83,83029,43.6143,6.74178,1,1,2,1,1,4,2,02,2,3,,,1,0,1,4,1,19,2,1,2,14,0,1,2,201800003763A01,7,23,1
201800003774,2018-07-03,2018,juillet,mardi,15:05,83,83023,43.40922,6.06656,2,9,6,1,1,4,-1,02,1,1,,,1,0,1,3,1,37,1,1,4,00,2,3,9,201800003774B01,7,1,1
201800003775,2018-07-27,2018,juillet,vendredi,85:4,83,83030,43.36305,6.09407,1,2,3,1,1,3,2,02,1,1,,,1,0,1,3,1,85,5,1,2,00,2,8,19,201800003775B01,7,2,1
201800003789,2018-08-28,2018,août,mardi,71:5,83,83066,43.67274,5.86867,1,1,2,2,7,3,2,02,1,1,,,1,0,1,3,1,66,5,1,2,00,0,4,2,201800003789B01,7,14,1
201800003817,2018-07-09,2018,juillet,lundi,93:8,83,83107,43.49867,6.6473,2,6,1,1,1,4,1,01,1,2,,,1,0,1,3,1,66,0,1,2,00,2,4,2,201800003817B01,7,2,1
201800003823,2018-10-30,2018,octobre,mardi,94:5,83,83107,43.46202,6.65711,1,6,3,1,1,3,1,02,1,1,,,1,5,1,3,1,71,5,1,2,00,2,7,1,201800003823B01,7,9,1
201800003833,2018-06-05,2018,juin,mardi,74:4,83,83068,43.27338,6.51275,2,1,2,1,7,3,2,02,2,1,,,1,0,1,4,2,56,1,1,2,00,2,4,2,201800003833B01,7,2,1
201800003853,2018-09-23,2018,septembre,dimanche,20:05,83,83094,43.33396,6.56315,1,1,2,3,1,3,2,02,1,1,,,1,0,1,2,1,45,5,1,2,00,0,4,1,201800003853B01,7,1,1
201800003862,2018-07-07,2018,juillet,samedi,13:30,83,83101,43.22611,6.61258,1,1,1,1,1,3,2,02,4,2,,,1,0,1,3,1,65,5,1,2,00,2,3,13,201800003862B01,7,1,1
201800003869,2018-02-04,2018,février,dimanche,14:45,83,83053,43.19567,5.87846,1,1,1,1,1,4,2,02,2,1,,,9,0,3,3,1,54,5,1,2,00,2,1,23,201800003869A01,33,21,1
201800003874,2018-04-14,2018,avril,samedi,93:5,83,83016,43.21824,5.81048,1,1,2,1,1,3,2,02,1,1,,,1,0,1,4,1,68,5,1,2,00,0,4,0,201800003874B01,7,14,1
201800003881,2018-10-23,2018,octobre,mardi,92:5,83,83035,43.22404,5.7686,1,1,3,1,1,3,2,02,1,1,,,1,0,1,2,1,79,5,1,2,00,2,3,13,201800003881B01,7,17,1
201800003884,2018-09-25,2018,septembre,mardi,91:5,83,83035,43.26178,5.75999,1,6,2,1,1,3,-1,05,1,3,,,1,0,1,4,1,54,5,1,2,00,2,4,16,201800003884B01,7,9,1
201800003901,2018-10-15,2018,octobre,lundi,13:0,83,83071,43.11987,6.24649,2,1,2,5,1,3,2,02,1,1,,,1,0,1,4,1,35,1,1,2,00,2,4,2,201800003901B01,7,2,1
201800003905,2018-05-06,2018,mai,dimanche,13:00,83,83112,43.1522,5.71362,1,1,3,1,1,4,2,02,2,1,,,1,0,1,3,2,66,5,1,2,00,2,1,13,201800003905A01,7,14,1
201800003907,2018-06-20,2018,juin,mercredi,12:10,83,83112,43.18293,5.69397,2,1,2,1,1,3,2,02,1,1,,,1,0,5,3,1,64,5,1,2,01,0,1,2,201800003907A01,38,24,1
201800003946,2018-08-22,2018,août,mercredi,18:10,84,84132,43.93132,5.03065,1,1,3,1,1,3,2,02,1,1,,,1,0,1,3,1,60,5,1,2,00,0,8,1,201800003946B01,7,15,1
201800003988,2018-07-05,2018,juillet,jeudi,18:00,84,84042,43.7768,5.45473,1,1,7,1,7,3,2,02,1,1,,,1,0,1,3,1,53,5,1,2,00,0,3,0,201800003988A01,,,
201800003991,2018-09-23,2018,septembre,dimanche,19:55,84,84068,43.75987,5.36507,2,1,2,3,1,3,2,02,2,1,,,1,0,1,3,1,85,5,1,2,00,0,4,2,201800003991B01,10,2,1
201800003994,2018-10-21,2018,octobre,dimanche,17:00,84,84147,43.70378,5.4375,2,2,1,1,1,4,2,02,1,1,,,1,0,1,4,1,70,5,1,2,00,2,7,1,201800003994B01,7,19,1
201800003998,2018-04-16,2018,avril,lundi,16:40,84,84004,44.10031,5.02534,2,1,2,1,1,3,2,02,1,1,,,1,0,5,4,2,50,5,1,2,00,0,4,2,201800003998B01,7,2,1
201800004014,2018-02-02,2018,février,vendredi,18:45,84,84150,44.3042,4.97358,1,1,2,3,1,3,2,02,2,1,,,1,0,1,2,1,50,5,1,2,00,0,4,1,201800004014B01,7,2,1
201800004020,2018-10-09,2018,octobre,mardi,11:00,84,84053,44.39662,4.92514,2,1,3,1,1,3,2,02,1,1,,,1,0,5,3,2,69,3,1,2,00,0,6,1,201800004020B01,3,1,1
201800004048,2018-07-09,2018,juillet,lundi,19:30,34,34344,43.56504,4.07329,2,1,3,1,1,9,2,02,1,1,,,1,0,1,3,1,15,5,1,2,00,2,8,2,201800004048A01,37,17,1
201800004051,2018-10-25,2018,octobre,jeudi,16:45,34,34344,43.56132,4.08308,2,1,3,1,7,9,2,02,1,1,,,1,0,1,3,2,57,1,1,2,00,2,5,19,201800004051B01,7,1,1
201800004063,2018-07-01,2018,juillet,dimanche,95:0,34,34146,43.67766,4.08746,1,1,2,1,1,2,1,01,1,1,,,1,0,3,3,1,63,5,1,2,00,2,4,1,201800004063B01,7,14,1
201800004099,2018-06-02,2018,juin,samedi,10:30,34,34226,43.34377,2.96497,2,1,6,1,1,4,2,02,1,1,,,1,0,1,4,1,57,5,1,2,00,2,0,0,201800004099A01,1,0,1
201800004099,2018-06-02,2018,juin,samedi,10:30,34,34226,43.34377,2.96497,2,1,6,1,1,4,2,02,1,1,,,1,0,1,4,1,8,5,1,2,00,2,0,0,201800004099B01,1,0,1
201800004101,2018-08-03,2018,août,vendredi,95:0,34,34183,43.29104,3.12743,2,3,3,1,1,3,2,02,4,1,,,1,0,1,4,2,88,5,1,2,00,2,1,1,201800004101B01,7,16,1
201800004112,2018-08-27,2018,août,lundi,10:15,34,34189,43.2671,2.74848,1,1,2,1,7,3,2,02,1,1,,,1,0,1,4,1,64,5,1,2,00,0,8,1,201800004112B01,10,1,1
201800004120,2018-07-29,2018,juillet,dimanche,94:0,34,34199,43.48003,3.43669,1,1,1,1,1,3,2,02,1,4,,,1,0,1,3,1,47,5,1,2,00,2,1,1,201800004120B01,7,19,1
201800004138,2018-11-14,2018,novembre,mercredi,16:00,34,34299,43.28538,3.28198,2,6,3,1,1,3,2,02,1,1,,,1,5,1,4,1,79,5,1,2,00,2,1,21,201800004138B01,7,9,1
201800004149,2018-09-05,2018,septembre,mercredi,15:40,34,34023,43.45558,3.70231,1,1,3,1,1,3,2,03,2,1,,,1,0,1,3,1,69,5,1,9,00,2,3,1,201800004149B01,15,17,1
201800004155,2018-11-05,2018,novembre,lundi,11:45,34,34023,43.44134,3.6802,2,1,6,1,1,4,1,01,2,1,,,1,0,1,4,1,67,5,1,9,01,0,1,1,201800004155B01,7,24,1
201800004156,2018-12-12,2018,décembre,mercredi,10:30,34,34213,43.48597,3.66874,2,1,6,1,1,9,2,02,1,1,,,1,0,1,3,1,73,5,1,2,00,0,8,1,201800004156A01,,,
201800004159,2018-03-20,2018,mars,mardi,10:50,34,34143,43.44293,3.61635,1,3,3,1,1,3,2,02,2,1,,,1,0,1,3,1,77,5,1,2,00,2,1,1,201800004159A01,7,1,1
201800004160,2018-04-27,2018,avril,vendredi,14:00,34,34157,43.41809,3.59527,2,1,3,1,1,4,2,02,1,1,,,1,0,1,3,2,31,9,1,2,01,2,1,2,201800004160B01,7,24,1
201800004162,2018-06-27,2018,juin,mercredi,83:0,34,34143,43.44291,3.61636,1,3,3,1,1,3,2,02,2,1,,,1,0,5,3,1,69,5,1,2,00,2,7,1,201800004162B01,7,1,1
201800004168,2018-07-29,2018,juillet,dimanche,21:30,11,11315,43.28232,2.58537,2,2,3,5,1,3,2,02,1,1,,,1,0,1,3,1,6,5,1,2,00,2,1,19,201800004168B01,7,1,1
201800004179,2018-07-25,2018,juillet,mercredi,10:50,11,11303,42.90879,2.05974,1,1,3,1,1,3,2,02,2,3,,,1,0,3,3,1,65,5,1,2,00,9,2,1,201800004179A01,1,13,1
201800004179,2018-07-25,2018,juillet,mercredi,10:50,11,11303,42.90879,2.05974,1,1,3,1,1,3,2,02,2,3,,,1,0,3,1,1,59,5,1,2,00,9,0,13,201800004179B01,1,1,1
201800004180,2018-09-03,2018,septembre,lundi,81:5,11,11333,43.01777,2.03124,1,1,6,1,1,3,2,02,2,2,,,1,0,1,3,1,70,5,1,2,00,2,3,1,201800004180B01,7,1,1
201800004193,2018-07-22,2018,juillet,dimanche,10:20,30,30156,43.8661,4.44403,2,6,3,1,1,3,3,02,1,1,,,1,0,1,4,1,48,5,1,2,00,2,1,1,201800004193B01,7,1,1
201800004213,2018-07-11,2018,juillet,mercredi,13:30,30,30307,44.1993,4.04113,1,1,5,1,1,2,2,02,1,1,,,1,0,1,3,1,48,5,1,2,00,2,8,2,201800004213C01,7,17,1
201800004213,2018-07-11,2018,juillet,mercredi,13:30,30,30307,44.1993,4.04113,1,1,5,1,1,2,2,02,1,1,,,1,0,1,3,1,32,5,1,2,00,2,8,2,201800004213B01,7,17,1
201800004233,2018-11-15,2018,novembre,jeudi,17:30,66,66037,42.69391,3.0345,2,1,1,5,1,4,1,04,1,1,,,1,0,1,2,1,62,5,1,2,00,2,8,0,201800004233B01,7,14,1
201800004255,2018-04-06,2018,avril,vendredi,12:00,66,66171,42.61894,3.00968,2,6,1,1,1,3,1,01,1,1,,,1,0,1,3,1,56,5,1,2,00,2,1,1,201800004255A01,7,1,1
201800004269,2018-12-08,2018,décembre,samedi,15:00,66,66017,42.8104,3.03773,2,1,6,1,1,4,2,02,1,1,,,1,0,1,3,1,57,5,1,2,00,0,0,0,201800004269A01,,,
201800004277,2018-06-17,2018,juin,dimanche,90:0,66,66226,42.5901,2.8366,2,6,3,1,1,3,2,02,1,2,,,1,5,1,4,1,60,5,1,2,00,2,2,1,201800004277B01,7,9,1
201800004279,2018-08-23,2018,août,jeudi,80:5,66,66210,42.6434,2.75863,1,1,1,1,7,3,2,02,1,3,,,1,0,1,3,1,70,5,1,2,00,2,3,1,201800004279B01,7,17,1
201800004285,2018-08-02,2018,août,jeudi,84:0,66,66008,42.53621,3.03118,1,6,3,1,1,3,1,02,1,2,,,1,3,1,3,1,61,5,1,2,00,2,1,2,201800004285A01,7,9,1
201800004290,2018-09-16,2018,septembre,dimanche,16:50,66,66175,42.56658,2.93372,1,3,3,1,1,4,2,02,1,1,,,9,0,1,2,1,31,5,1,2,00,2,1,15,201800004290B01,7,1,1
201800004303,2018-01-25,2018,janvier,jeudi,91:0,2A,2A247,41.59388,9.21911,1,1,2,1,1,3,2,02,1,2,,,1,0,1,3,1,64,5,1,2,00,9,4,1,201800004303B01,7,1,1
201800004357,2018-04-02,2018,avril,lundi,10:30,2B,2B301,42.59595,9.2665,1,1,6,1,1,3,2,02,1,2,,,1,0,3,3,2,10,5,1,2,15,0,2,1,201800004357A01,,,
201800004367,2018-08-25,2018,août,samedi,11:30,2B,2B109,42.73611,9.34639,2,1,1,1,1,3,2,02,4,2,,,1,0,1,3,1,50,5,1,2,00,2,1,1,201800004367B01,7,15,1
201800004407,2018-08-10,2018,août,vendredi,19:00,2B,2B311,42.35006,9.53264,1,1,7,1,1,2,-1,02,1,1,,,1,0,1,3,2,62,5,1,2,00,0,9,23,201800004407A01,,,
201800004499,2018-08-21,2018,août,mardi,16:10,05,05061,44.55969,6.0842,2,3,3,1,1,4,2,03,1,1,,,1,0,3,4,1,17,5,1,9,00,2,6,19,201800004499B01,7,15,1
201800004583,2018-04-27,2018,avril,vendredi,10:36,78,78128,48.6681,1.94331,1,1,2,1,1,3,2,02,1,1,,,1,0,1,3,2,51,0,1,2,00,2,4,2,201800004583B01,7,2,1
201800004588,2018-04-15,2018,avril,dimanche,14:40,78,78289,48.76863,1.76324,1,1,6,1,1,3,2,02,2,2,,,1,0,1,3,2,70,5,1,2,00,9,0,2,201800004588B01,1,2,1
201800004588,2018-04-15,2018,avril,dimanche,14:40,78,78289,48.76863,1.76324,1,1,6,1,1,3,2,02,2,2,,,1,0,1,3,1,53,5,1,2,00,9,0,2,201800004588A01,1,2,1
201800004602,2018-07-29,2018,juillet,dimanche,12:30,78,78321,48.79562,1.89956,1,1,7,1,1,3,2,02,1,1,,,1,0,1,3,1,45,5,1,2,12,0,1,1,201800004602A01,,,
201800004614,2018-05-22,2018,mai,mardi,11:30,78,78522,48.58201,1.98045,1,6,3,1,1,3,1,02,1,2,,,1,5,1,1,1,69,5,1,2,00,2,4,2,201800004614B01,10,9,1
201800004623,2018-05-24,2018,mai,jeudi,81:0,91,91386,48.57067,2.44502,2,6,3,1,1,4,1,01,1,2,,,1,0,1,3,1,14,9,1,2,00,2,7,1,201800004623B01,7,9,1
201800004633,2018-11-15,2018,novembre,jeudi,17:00,91,91405,48.40039,2.4688,2,1,3,2,1,3,2,02,1,1,,,1,0,1,4,1,68,5,1,2,00,2,1,1,201800004633B01,7,1,1
201800004644,2018-06-16,2018,juin,samedi,14:00,91,91200,48.53186,2.00128,2,6,3,1,1,3,1,02,1,3,,,1,5,1,3,2,74,5,1,2,00,2,1,2,201800004644B01,7,1,1
201800004666,2018-05-06,2018,mai,dimanche,15:15,91,91661,48.69915,2.20913,2,1,6,1,1,3,2,02,2,1,,,1,0,4,2,1,55,5,1,2,01,0,1,1,201800004666A01,,,
201800004683,2018-03-24,2018,mars,samedi,14:45,91,91634,48.59823,2.11204,2,3,2,1,1,3,2,02,1,1,,,1,0,1,4,1,69,5,1,2,00,2,1,1,201800004683A01,7,15,1
201800004699,2018-06-01,2018,juin,vendredi,19:40,95,95177,49.1211,2.0264,1,1,3,1,1,3,2,03,1,2,,,1,0,1,2,1,22,5,1,2,00,2,3,13,201800004699B01,10,17,1
201800004722,2018-08-05,2018,août,dimanche,11:10,95,95592,49.0542,1.8679,1,1,7,1,1,3,2,02,2,1,,,1,0,1,3,1,75,5,1,2,16,0,9,1,201800004722A01,,,
201800004733,2018-09-04,2018,septembre,mardi,17:05,95,95199,49.0379,2.3404,2,1,3,1,1,3,3,02,1,1,,,1,0,5,4,1,34,5,1,9,00,2,2,1,201800004733A01,7,9,1
201800004740,2018-01-11,2018,janvier,jeudi,74:0,77,77457,48.66436,2.71293,1,3,3,2,3,3,2,02,1,1,,,2,0,1,3,1,52,1,1,4,00,2,7,1,201800004740B01,7,19,1
201800004758,2018-01-09,2018,janvier,mardi,12:15,77,77470,48.74441,2.75299,2,5,3,1,8,4,2,02,1,1,,,1,5,1,3,1,73,5,1,2,00,2,1,1,201800004758B01,7,15,1
201800004761,2018-09-19,2018,septembre,mercredi,18:05,77,77377,48.70406,2.74854,1,1,7,1,1,3,2,02,2,4,,,1,0,1,3,1,40,5,1,2,00,0,1,15,201800004761A01,,,
201800004776,2018-03-08,2018,mars,jeudi,14:55,77,77238,48.91413,3.15554,1,4,3,1,2,3,2,02,2,1,,,2,0,1,3,1,47,5,1,2,00,2,1,1,201800004776B01,7,16,1
201800004814,2018-06-27,2018,juin,mercredi,19:50,77,77022,48.43789,2.59292,2,9,3,1,1,3,2,02,1,1,,,1,0,1,3,2,64,5,1,2,00,2,3,13,201800004814B01,7,0,1
201800004823,2018-09-02,2018,septembre,dimanche,15:25,77,77399,48.26309,2.90225,2,1,1,1,1,4,2,01,2,4,,,1,0,1,3,1,12,5,1,2,00,2,1,5,201800004823B01,7,1,1
201800004836,2018-12-26,2018,décembre,mercredi,15:05,77,77323,49.04774,2.62638,2,3,3,1,7,3,2,02,4,1,,,1,0,1,4,1,56,5,1,2,00,2,1,1,201800004836A01,10,15,1
201800004872,2018-06-06,2018,juin,mercredi,15:00,45,45082,47.86749,2.21849,2,2,3,1,1,4,2,02,1,1,,,2,0,1,4,1,14,5,1,2,00,2,1,5,201800004872B01,7,1,1
201800004880,2018-03-08,2018,mars,jeudi,10:55,45,45089,47.88994,2.02732,1,1,7,1,1,4,-1,02,1,1,,,1,0,1,2,1,86,3,1,2,00,0,7,1,201800004880A01,,,
201800004882,2018-09-25,2018,septembre,mardi,17:00,45,45089,47.90271,2.02799,2,3,2,1,1,3,2,02,1,1,,,1,0,1,3,1,19,9,1,2,00,2,1,2,201800004882A01,7,2,1
201800004907,2018-11-06,2018,novembre,mardi,18:10,45,45315,47.75897,2.40682,1,1,3,3,1,3,2,02,1,1,,,1,0,1,3,1,17,5,1,2,00,2,4,1,201800004907B01,7,1,1
201800004928,2018-06-21,2018,juin,jeudi,22:10,45,45253,48.14537,2.21705,1,2,3,2,1,3,2,02,1,1,,,1,0,1,2,1,17,5,1,2,00,9,2,19,201800004928A01,7,1,1
201800004938,2018-04-25,2018,avril,mercredi,51:0,18,18285,47.03018,2.22771,1,1,7,3,1,3,2,02,2,1,,,1,0,1,4,2,34,1,1,2,00,0,1,1,201800004938A01,,,
201800004974,2018-08-19,2018,août,dimanche,93:0,37,37072,47.15198,0.28558,1,2,3,1,1,3,2,02,1,1,,,1,0,1,3,1,88,5,1,2,00,2,0,0,201800004974A01,7,0,1
201800004978,2018-11-16,2018,novembre,vendredi,12:30,37,37089,47.16208,0.35067,1,1,7,1,1,4,2,02,2,1,,,1,0,1,3,1,55,0,1,2,00,0,1,0,201800004978A01,,,
201800004982,2018-03-16,2018,mars,vendredi,18:15,37,37008,47.32462,0.91697,2,1,2,1,1,9,2,01,1,1,,,1,0,1,4,1,67,5,1,2,00,0,4,2,201800004982B01,7,17,1