Num_Acc,date,an,mois,jour,hrmn,dep,com,lat,long,agg,int,col,lum,atm,catr,circ,nbv,prof,plan,lartpc,larrout,surf,infra,situ,grav,sexe,age,trajet,secuexist,equipement,obs,obsm,choc,manv,vehiculeid,typevehicules,manoeuvehicules,numVehicules
201800004993,2018-12-14,2018,décembre,vendredi,15:30,37,37075,47.25905,0.94863,1,1,6,1,1,4,2,02,1,3,,,1,0,1,3,1,72,5,1,2,00,2,7,1,201800004993A01,1,1/18,2
201800004993,2018-12-14,2018,décembre,vendredi,15:30,37,37075,47.25905,0.94863,1,1,6,1,1,4,2,02,1,3,,,1,0,1,1,1,71,5,1,2,00,2,1,1,201800004993B01,1,1/18,2
201800004993,2018-12-14,2018,décembre,vendredi,15:30,37,37075,47.25905,0.94863,1,1,6,1,1,4,2,02,1,3,,,1,0,1,1,1,65,5,1,2,00,2,8,18,201800004993C01,1,1,2
201800004996,2018-04-14,2018,avril,samedi,16:40,41,41136,47.7064,1.51951,2,6,2,1,1,3,1,02,1,2,,,1,0,1,3,1,56,5,1,2,00,2,5,15,201800004996B01,7,9,1
201800005021,2018-10-31,2018,octobre,mercredi,17:30,33,33214,45.00182,-1.19637,2,6,2,5,2,4,1,02,1,2,,,1,0,1,4,1,44,5,1,2,00,2,1,1,201800005021B01,7,4,1
201800005028,2018-09-10,2018,septembre,lundi,19:15,29,29297,47.9063,-3.52726,1,2,3,2,1,4,2,02,1,1,,,1,0,1,4,1,9,5,1,2,00,2,8,0,201800005028B01,7,9,1
201800005035,2018-05-05,2018,mai,samedi,14:30,13,13088,43.37773,5.22562,1,1,3,1,1,3,2,02,1,1,,,1,0,1,3,1,32,5,1,2,00,2,4,2,201800005035B01,7,1,1
201800005046,2018-05-23,2018,mai,mercredi,18:15,33,33199,44.63875,-1.06821,2,1,3,1,1,4,2,02,1,1,,,1,0,1,3,1,73,5,1,2,01,0,7,1,201800005046B01,7,24,1
201800005054,2018-08-22,2018,août,mercredi,15:20,33,33199,44.63577,-1.07282,2,6,2,1,1,3,3,02,1,2,,,1,5,1,3,1,42,5,1,2,00,0,4,2,201800005054B01,7,2,1
201800005116,2018-03-22,2018,mars,jeudi,84:0,06,06027,43.66828,7.14915,2,1,3,1,1,4,2,02,1,2,000,000,1,0,1,4,1,13,2,1,9,00,2,1,1,201800005116B01,7,9,1
201800005331,2018-01-18,2018,janvier,jeudi,13:30,06,06069,43.63629,6.93338,2,3,3,1,1,3,2,02,2,1,000,040,1,0,1,4,2,53,5,1,2,00,2,3,1,201800005331B01,7,15,1
201800005567,2018-01-23,2018,janvier,mardi,17:40,06,06088,43.70567,7.27361,2,1,5,2,1,4,2,03,-1,-1,000,000,1,0,1,3,2,51,0,1,2,00,2,9,23,201800005567B01,7/ 10,2/23,2
201800005580,2018-02-01,2018,février,jeudi,16:15,06,06088,43.70987,7.28784,2,2,3,1,1,4,3,02,1,1,000,150,1,5,1,4,1,45,0,1,9,00,2,1,5,201800005580B01,7,1,1
201800005592,2018-02-17,2018,février,samedi,14:05,06,06088,43.7077,7.28439,2,1,2,1,2,4,1,03,1,1,000,000,2,0,1,4,2,19,4,1,2,00,2,4,23,201800005592B01,7,2,1
201800005727,2018-07-15,2018,juillet,dimanche,20:40,06,06088,43.69342,7.254,2,9,6,5,1,9,2,01,1,1,,,1,6,3,1,1,18,5,1,2,00,1,8,0,201800005727A01,,,
201800005818,2018-10-12,2018,octobre,vendredi,15:30,06,06088,43.69112,7.24478,2,2,6,1,1,4,1,01,1,1,,,1,0,3,4,2,57,9,1,3,00,1,1,1,201800005818A01,,,
201800005888,2018-01-18,2018,janvier,jeudi,23:30,21,21605,47.29471,5.10192,2,1,2,5,8,3,2,02,1,1,,,2,0,1,3,1,35,1,1,4,00,2,4,2,201800005888B01,7,2,1
201800005889,2018-03-10,2018,mars,samedi,13:0,21,21515,47.31248,5.10295,1,1,1,5,2,3,2,03,1,1,,,2,0,1,4,1,57,1,1,9,00,2,4,2,201800005889A01,7,2,1
201800005899,2018-05-13,2018,mai,dimanche,12:30,13,13090,43.52071,5.57346,1,1,2,1,3,3,2,02,2,1,,,2,0,1,3,2,45,5,1,2,01,0,1,1,201800005899B01,7,20,1
201800005905,2018-09-28,2018,septembre,vendredi,90:0,13,13040,43.45157,5.56589,2,2,1,1,7,4,,,,,,,,0,0,3,1,69,5,1,2,00,2,1,15,201800005905B01,7,16,1
201800005983,2018-04-24,2018,avril,mardi,16:50,69,69064,45.49653,4.72171,1,2,3,1,1,3,2,02,2,1,,,1,0,1,4,1,67,5,1,2,00,2,7,1,201800005983A01,7,1,1
201800005992,2018-04-25,2018,avril,mercredi,10:40,33,33229,44.70241,-1.0343,2,1,6,1,1,4,1,01,1,1,,,1,0,1,4,2,73,3,1,2,00,2,4,5,201800005992B01,10,4,1
201800006166,2018-10-15,2018,octobre,lundi,16:35,27,27365,49.28876,1.20424,2,3,3,1,1,4,2,02,1,1,,,1,0,1,3,2,42,1,1,4,00,2,1,16,201800006166B01,38,1,1
201800006220,2018-01-19,2018,janvier,vendredi,92:0,68,68278,47.76738,7.39244,2,2,1,1,7,3,2,02,1,1,,,2,5,1,3,1,60,5,1,2,00,0,3,1,201800006220B01,7,15,1
201800006227,2018-09-25,2018,septembre,mardi,11:30,68,68278,47.74799,7.39834,2,4,3,1,7,4,2,02,1,1,,,1,0,1,3,1,46,2,1,2,00,0,1,5,201800006227A01,7,16,1
201800006233,2018-04-14,2018,avril,samedi,15:10,95,95604,49.1004,2.5321,2,1,3,1,1,4,2,02,1,1,,,1,0,1,4,1,46,5,1,2,00,2,1,1,201800006233B01,7,15,1
201800006237,2018-11-11,2018,novembre,dimanche,23:35,95,95580,49.0857,2.5298,2,1,2,3,2,3,2,02,1,1,,,2,0,1,4,1,29,5,1,4,00,2,4,2,201800006237B01,7,1,1
201800006322,2018-01-17,2018,janvier,mercredi,12:25,13,13114,43.54774,5.30976,2,1,3,1,1,3,2,02,1,1,,,1,0,1,4,1,49,5,1,2,00,2,1,1,201800006322B01,7,6,1
201800006374,2018-02-22,2018,février,jeudi,12:10,08,08105,49.77012,4.70698,2,6,6,1,1,4,4,02,2,2,000,000,1,0,1,4,1,18,2,1,9,00,2,3,15,201800006374A01,,,
201800006429,2018-05-07,2018,mai,lundi,10:17,72,72240,47.76276,0.66151,2,1,3,1,1,3,2,02,1,1,,,1,0,1,2,1,57,5,1,2,00,2,8,13,201800006429B01,14,17,1
201800006533,2018-03-14,2018,mars,mercredi,19:28,38,38486,45.16259,5.69663,2,1,1,5,1,4,2,02,1,1,,,1,0,1,1,1,52,5,1,2,00,2,1,1,201800006533B01,33,15,1
201800006534,2018-06-19,2018,juin,mardi,16:40,38,38486,45.16175,5.69657,2,1,3,1,1,4,2,02,1,1,,,1,5,1,3,1,39,0,1,2,00,2,3,19,201800006534B01,7,1,1
201800006540,2018-11-20,2018,novembre,mardi,65:0,38,38485,45.17325,5.68732,2,1,3,2,2,3,2,02,1,1,,,2,0,1,3,2,46,1,1,2,00,0,4,1,201800006540B01,7,1,1
201800006692,2018-07-09,2018,juillet,lundi,91:0,38,38181,45.34627,5.9795,2,1,3,1,1,3,2,02,1,1,,,1,0,1,4,2,32,5,1,2,00,2,3,1,201800006692B01,13,17,1
201800006694,2018-09-25,2018,septembre,mardi,15:10,38,38175,45.26391,5.91418,2,1,3,1,1,3,2,02,1,1,,,1,5,1,3,2,62,5,1,2,00,2,0,0,201800006694B01,14,1,1
201800006775,2018-02-25,2018,février,dimanche,80:5,66,66172,42.71295,2.83229,2,1,1,1,1,4,2,02,2,1,,,1,0,1,3,1,51,5,1,2,00,2,1,1,201800006775B01,3,15,1
201800006780,2018-12-20,2018,décembre,jeudi,10:45,66,66228,42.69299,2.79978,2,1,3,1,1,3,2,02,1,1,,,1,0,1,3,1,84,5,1,2,00,2,3,13,201800006780A01,14,1,1
201800006789,2018-02-03,2018,février,samedi,12:00,74,74081,46.0652,6.57742,2,6,3,1,1,4,2,02,1,1,,,1,6,1,4,1,53,3,1,2,00,2,7,19,201800006789A01,7,19,1
201800006793,2018-03-15,2018,mars,jeudi,18:05,74,74081,46.07115,6.56702,2,1,1,2,1,4,2,02,1,1,,,2,0,1,4,1,64,5,1,9,00,2,1,1,201800006793B01,7,0,1
201800006798,2018-07-14,2018,juillet,samedi,17:25,74,74014,46.04504,6.61352,2,1,1,1,1,4,2,02,2,1,,,1,0,1,3,1,51,5,1,4,00,2,1,1,201800006798B01,7,11,1
201800006837,2018-08-07,2018,août,mardi,11:25,38,38253,45.03807,6.1046,1,1,1,1,1,3,2,02,1,2,,,1,2,1,4,1,47,5,1,2,00,2,1,1,201800006837B01,33,5,1
201800006970,2018-10-09,2018,octobre,mardi,92:0,06,06085,43.60031,7.0301,1,9,1,1,1,3,3,02,2,2,,,1,0,5,3,1,60,5,1,2,00,2,1,1,201800006970B01,7,9,1
201800006973,2018-11-18,2018,novembre,dimanche,12:28,06,06085,43.59566,6.99036,2,1,6,1,1,3,2,02,2,3,,,1,0,3,3,1,41,0,1,2,03,0,1,16,201800006973A01,7,0,1
201800006982,2018-09-11,2018,septembre,mardi,80:0,78,78189,48.88667,1.91383,1,2,3,1,7,3,2,02,1,1,,,1,5,1,2,1,94,3,1,2,00,2,1,19,201800006982A01,7,1,1
201800006988,2018-08-31,2018,août,vendredi,23:00,33,33122,44.74088,-0.67944,2,1,2,5,1,3,2,02,1,1,,,1,0,1,3,1,37,5,1,2,00,0,6,1,201800006988A01,7,2,1
201800006993,2018-11-30,2018,novembre,vendredi,10:04,33,33122,44.77921,-0.68918,2,3,3,1,3,6,-1,00,1,1,,,2,0,1,2,1,64,3,1,2,00,2,1,1,201800006993B01,7,16,1
201800007024,2018-11-28,2018,novembre,mercredi,20:40,74,74268,45.89008,6.11454,2,6,3,5,1,3,-1,01,1,1,,,1,0,1,4,1,58,0,1,2,00,2,1,0,201800007024A01,7,1,1
201800007076,2018-05-15,2018,mai,mardi,17:20,06,06018,43.6153,7.08322,1,1,3,1,1,5,2,02,1,3,,,1,0,5,4,1,24,0,1,2,00,9,2,1,201800007076A01,1,1,1
201800007076,2018-05-15,2018,mai,mardi,17:20,06,06018,43.6153,7.08322,1,1,3,1,1,5,2,02,1,3,,,1,0,5,3,2,52,1,1,2,00,9,1,1,201800007076B01,1,1,1
201800007093,2018-10-19,2018,octobre,vendredi,18:15,06,06018,43.61779,7.11218,2,6,2,1,1,3,1,01,1,2,,,1,5,1,4,2,61,1,1,2,00,0,4,2,201800007093B01,7,9,1
201800007098,2018-12-04,2018,décembre,mardi,18:15,06,06018,43.62646,7.05566,2,3,3,5,1,3,2,02,1,1,,,1,0,1,4,1,33,1,1,2,00,2,7,1,201800007098B01,7,15,1
201800007110,2018-09-08,2018,septembre,samedi,53:0,69,69244,45.75848,4.77457,2,1,3,5,1,3,2,02,1,1,,,1,0,1,3,1,57,1,1,2,00,2,1,19,201800007110A01,7,1,1
201800007116,2018-01-12,2018,janvier,vendredi,91:8,34,34082,43.66785,3.78652,1,1,5,1,7,3,2,02,1,3,,,1,5,1,3,1,55,5,1,2,00,2,1,1,201800007116B01,7,15,1
201800007116,2018-01-12,2018,janvier,vendredi,91:8,34,34082,43.66785,3.78652,1,1,5,1,7,3,2,02,1,3,,,1,5,1,4,1,63,5,1,2,00,2,1,1,201800007116C01,7,15,1
201800007116,2018-01-12,2018,janvier,vendredi,91:8,34,34082,43.66785,3.78652,1,1,5,1,7,3,2,02,1,3,,,1,5,1,1,1,45,5,1,2,00,0,1,1,201800007116D01,7,15,1
201800007132,2018-02-18,2018,février,dimanche,19:00,78,78571,48.8605,2.00088,1,2,3,3,1,3,2,02,3,1,,,1,0,1,3,1,16,5,1,2,00,2,7,19,201800007132B01,7,1,1
201800007133,2018-03-13,2018,mars,mardi,17:10,78,78043,48.83868,2.08707,2,1,1,1,1,3,4,02,2,1,,,1,5,1,3,1,44,5,1,2,00,2,1,1,201800007133B01,7,15,1
201800007156,2018-05-23,2018,mai,mercredi,14:00,35,35131,48.12551,-1.81622,2,1,2,1,1,4,2,02,1,1,,,1,0,1,3,1,66,5,1,2,00,2,4,15,201800007156B01,7,2,1
201800007161,2018-09-04,2018,septembre,mardi,75:0,35,35353,48.11793,-1.73539,1,3,3,1,1,3,2,03,1,1,,,1,5,5,3,1,56,1,1,2,00,2,1,5,201800007161B01,7,16,1
201800007164,2018-12-14,2018,décembre,vendredi,15:00,35,35240,48.10243,-1.83171,1,2,3,1,1,3,2,02,1,1,,,1,5,1,4,1,59,5,1,2,00,2,3,1,201800007164B01,7,19,1
201800007204,2018-08-02,2018,août,jeudi,40:,34,34333,43.48172,3.77288,1,1,2,3,1,3,2,02,1,1,,,1,0,1,2,1,15,5,1,2,00,0,4,1,201800007204B01,7,1,1
201800007240,2018-08-01,2018,août,mercredi,82:0,13,13069,0,0,1,6,3,1,1,3,3,02,1,1,,,1,0,1,3,1,62,5,1,2,00,2,5,2,201800007240B01,7,2,1
201800007281,2018-01-08,2018,janvier,lundi,19:32,10,10387,48.29569,4.07692,2,3,2,5,1,4,2,02,1,1,000,000,1,0,1,4,2,46,5,1,2,00,2,1,9,201800007281B01,7,4,1
201800007284,2018-01-29,2018,janvier,lundi,18:29,10,10387,48.29162,4.07129,2,1,3,5,1,4,2,04,1,1,000,000,2,0,4,4,1,27,0,1,4,00,2,8,0,201800007284B01,7,0,1
201800007288,2018-01-30,2018,janvier,mardi,12:02,10,10387,48.30861,4.06902,2,6,6,1,1,4,4,01,1,-1,000,000,1,0,1,4,1,54,0,1,2,00,2,8,2,201800007288B01,7,2,1
201800007316,2018-03-26,2018,mars,lundi,12:03,10,10387,48.27344,4.07878,2,2,1,1,1,4,2,02,1,1,000,000,1,0,1,4,1,20,3,1,2,00,2,1,9,201800007316B01,7,1,1
201800007361,2018-07-19,2018,juillet,jeudi,17:26,10,10387,48.29436,4.07784,2,1,3,1,1,9,1,02,1,1,,,1,0,3,4,1,11,5,1,9,00,2,4,0,201800007361B01,7,0,1
201800007403,2018-09-07,2018,septembre,vendredi,17:39,10,10333,48.28274,4.06475,2,1,7,1,1,4,1,01,2,1,,,1,0,3,4,2,80,0,1,3,00,0,0,0,201800007403A01,,,
201800007494,2018-02-12,2018,février,lundi,16:35,67,67152,48.51671,7.65524,2,9,6,1,9,9,4,02,1,1,,,1,0,5,3,1,72,5,1,2,00,1,0,0,201800007494A01,,,
201800007501,2018-09-30,2018,septembre,dimanche,85:0,67,67152,48.51681,7.65343,2,9,3,1,7,3,2,02,1,1,,,1,0,5,4,1,58,5,1,2,00,2,1,1,201800007501A01,7,16,1
201800007502,2018-09-27,2018,septembre,jeudi,17:00,67,67049,48.50794,7.61008,2,1,7,1,1,3,2,02,1,1,,,1,0,1,3,1,59,5,1,2,00,0,0,21,201800007502B01,7,22,1
201800007503,2018-11-08,2018,novembre,jeudi,93:0,67,67152,48.51517,7.64896,2,1,2,1,1,3,2,02,1,1,,,9,0,1,3,1,72,5,1,2,00,2,2,1,201800007503B01,10,4,1
201800007515,2018-10-18,2018,octobre,jeudi,74:5,67,67506,48.66762,7.74008,2,6,3,1,1,3,1,02,1,1,,,1,0,1,3,1,12,2,1,3,00,2,1,1,201800007515B01,10,9,1
201800007519,2018-11-20,2018,novembre,mardi,20:00,67,67343,48.60831,7.67615,2,2,3,5,1,3,2,02,1,1,,,1,0,5,4,1,13,5,1,9,00,2,1,23,201800007519B01,7,16,1
201800007730,2018-01-10,2018,janvier,mercredi,10:35,11,11262,43.18174,3.00749,2,1,2,1,1,4,2,02,1,1,000,000,1,0,1,4,1,18,1,1,9,00,2,1,2,201800007730A01,7,2,1
201800007740,2018-03-14,2018,mars,mercredi,18:23,11,11262,43.18329,3.00152,2,1,3,1,1,4,2,02,1,1,000,000,1,0,1,3,1,27,9,1,2,00,2,1,2,201800007740A01,7,2,1
201800008040,2018-06-14,2018,juin,jeudi,84:5,13,13001,43.51429,5.46328,2,6,3,1,1,4,2,00,1,3,,,1,0,3,4,1,17,2,1,2,00,2,7,19,201800008040A01,32,0,1
201800008207,2018-02-11,2018,février,dimanche,10:35,13,13028,43.1691,5.60383,2,1,3,1,1,4,2,02,2,1,000,050,1,0,1,4,2,60,5,1,2,00,2,1,1,201800008207B01,7,20,1
201800008379,2018-01-21,2018,janvier,dimanche,14:30,13,13055,43.30193,5.40062,2,3,3,1,1,4,3,06,1,1,030,150,1,0,1,3,1,24,4,1,9,00,2,7,1,201800008379B01,7,19,1
201800008500,2018-02-10,2018,février,samedi,10:05,13,13055,43.29785,5.37282,2,1,6,1,1,4,2,02,2,1,000,067,1,0,1,3,2,28,5,1,2,00,2,1,2,201800008500B01,7,1,1
201800008588,2018-02-23,2018,février,vendredi,21:40,13,13055,43.30119,5.36731,2,1,6,5,1,4,2,02,3,-1,000,040,1,0,1,1,1,26,0,1,2,00,0,0,0,201800008588B01,30,0,1
201800008602,2018-02-27,2018,février,mardi,82:5,13,13002,43.33975,5.48227,2,3,3,1,1,3,2,02,2,2,000,085,1,0,1,4,1,12,5,1,2,00,2,8,1,201800008602B01,7,15,1
201800008603,2018-02-27,2018,février,mardi,11:30,13,13055,43.2932,5.49517,2,3,3,1,1,3,2,02,1,2,000,062,1,0,1,4,1,59,5,1,2,00,2,1,0,201800008603B01,7,15,1
201800008613,2018-02-28,2018,février,mercredi,81:0,13,13055,43.2847,5.4212,2,1,6,1,1,4,2,02,1,2,000,070,1,0,1,4,1,35,1,1,2,01,0,1,2,201800008613A01,,,
201800008616,2018-02-28,2018,février,mercredi,17:15,13,13055,43.29118,5.38077,2,3,3,1,1,4,-1,02,1,-1,030,060,-1,0,1,4,1,24,4,1,2,00,2,7,0,201800008616A01,7,1,1
201800008666,2018-03-14,2018,mars,mercredi,12:15,13,13055,43.25265,5.38215,2,1,3,1,1,4,2,02,1,1,000,060,1,0,1,4,1,14,2,1,2,00,2,8,15,201800008666A01,32,1,1
201800008739,2018-03-26,2018,mars,lundi,22:20,13,13055,43.28753,5.38888,2,1,1,5,1,4,2,00,1,1,000,000,1,0,1,4,1,21,0,1,9,00,2,1,19,201800008739B01,7,7,1
201800008762,2018-03-30,2018,mars,vendredi,11:00,13,13075,43.34536,5.46489,2,6,3,1,1,4,1,02,3,3,000,060,1,0,1,4,1,69,5,1,2,00,2,2,1,201800008762B01,7,9,1
201800008793,2018-04-04,2018,avril,mercredi,14:00,13,13055,43.30488,5.37323,2,6,3,1,1,4,1,02,1,2,,,1,0,3,3,1,55,9,1,4,00,2,8,2,201800008793B01,15,9,1
201800008808,2018-04-05,2018,avril,jeudi,19:30,13,13055,43.2645,5.40957,2,1,6,1,1,4,2,02,2,1,,,1,0,1,4,1,59,0,1,2,00,1,1,3,201800008808A01,,,
201800010483,2018-07-29,2018,juillet,dimanche,12:00,95,95394,49.0697,2.1789,2,1,2,1,1,3,2,02,1,1,,,1,2,1,3,1,47,5,1,2,00,2,4,2,201800010483B01,7,1,1
201800010509,2018-01-19,2018,janvier,vendredi,14:00,68,68321,47.8271,7.25227,2,2,3,1,2,4,2,02,1,1,000,007,2,0,1,4,1,66,5,1,2,00,2,1,17,201800010509A01,7,10,1
201800010529,2018-02-08,2018,février,jeudi,10:16,14,14118,49.1596,-0.3615,2,3,6,1,1,4,2,02,1,1,000,000,7,0,1,1,1,15,2,1,2,00,0,0,21,201800010529B01,13,1,1
201800010529,2018-02-08,2018,février,jeudi,10:16,14,14118,49.1596,-0.3615,2,3,6,1,1,4,2,02,1,1,000,000,7,0,1,3,1,15,2,1,9,00,0,0,21,201800010529B01,13,1,1
201800010530,2018-03-23,2018,mars,vendredi,14:05,14,14118,49.2104,-0.36737,2,2,3,1,1,3,2,04,1,1,000,000,1,0,1,2,1,64,5,1,9,00,2,7,19,201800010530B01,7,1,1
201800010602,2018-04-12,2018,avril,jeudi,14:30,88,88465,48.24597,6.42533,2,6,3,1,1,3,2,02,1,3,,,1,5,1,3,2,73,5,1,2,00,2,2,1,201800010602B01,3,9,1
201800010605,2018-08-06,2018,août,lundi,90:0,88,88094,48.31391,6.39226,2,3,7,1,7,3,2,02,2,3,,,1,5,1,3,1,49,5,1,2,00,0,0,1,201800010605A01,7,1,1
201800010616,2018-06-27,2018,juin,mercredi,13:45,88,88267,48.14437,6.1505,2,1,3,1,1,3,2,02,3,1,,,1,0,1,3,1,15,5,1,2,00,2,0,19,201800010616B01,7,21,1
201800010619,2018-08-18,2018,août,samedi,12:00,88,88310,48.02967,5.9613,1,3,2,1,1,3,2,02,1,1,,,1,5,1,3,1,68,5,1,2,00,2,4,1,201800010619B01,7,16,1
201800010624,2018-05-28,2018,mai,lundi,10:45,88,88292,48.27996,6.1334,2,1,7,1,1,3,2,02,1,1,,,1,0,1,3,2,65,5,1,2,01,0,0,1,201800010624B01,7,22,1
201800010629,2018-07-20,2018,juillet,vendredi,16:35,88,88114,48.18834,5.88734,2,2,3,1,1,3,2,02,1,1,,,1,0,1,3,2,14,5,1,2,00,2,7,15,201800010629B01,7,1,1
201800010637,2018-06-20,2018,juin,mercredi,19:30,88,88158,48.09178,6.60339,2,1,7,1,1,4,2,02,1,1,,,1,0,1,3,1,36,5,1,2,00,0,0,1,201800010637A01,,,
201800010647,2018-06-09,2018,juin,samedi,13:00,88,88369,47.88999,6.73912,2,3,3,1,1,4,2,02,1,1,,,1,0,1,3,1,14,5,1,2,00,2,1,15,201800010647A01,7,1,1
201800010662,2018-04-07,2018,avril,samedi,16:45,88,88346,48.40457,6.98864,2,1,6,1,1,3,2,02,1,2,,,1,0,1,3,1,74,5,1,2,00,5,7,1,201800010662A01,,,
201800010667,2018-07-10,2018,juillet,mardi,15:30,88,88372,48.40658,6.85276,2,1,6,1,1,3,2,02,1,1,,,1,0,4,4,1,9,5,1,2,00,0,1,0,201800010667B01,7,13,1
201800010673,2018-07-23,2018,juillet,lundi,17:15,08,08408,49.85106,4.68906,2,1,6,1,1,4,2,02,1,1,,,1,0,1,3,1,15,5,1,2,01,0,1,0,201800010673A01,,,
201800010689,2018-04-11,2018,avril,mercredi,16:05,08,08302,49.88386,4.7456,2,2,3,1,1,3,2,04,1,1,,,1,5,1,3,2,48,5,1,2,00,2,6,1,201800010689B01,7,1,1
201800010696,2018-05-22,2018,mai,mardi,17:30,08,08190,50.13433,4.83989,2,6,3,1,7,3,1,02,1,3,,,1,0,1,4,1,59,5,1,2,00,2,2,2,201800010696B01,7,9,1
201800010698,2018-07-06,2018,juillet,vendredi,16:00,08,08487,50.06822,4.72956,2,1,1,1,1,4,2,02,1,1,,,1,0,1,3,1,58,5,1,4,01,0,1,1,201800010698B01,20,23,1
201800010707,2018-01-11,2018,janvier,jeudi,15:50,08,08173,49.69881,4.77362,2,5,3,1,2,3,2,02,2,3,,,2,0,1,4,1,55,1,1,3,00,2,1,1,201800010707B01,7,15,1
201800010722,2018-04-20,2018,avril,vendredi,17:50,08,08025,49.47967,4.57882,2,1,3,1,1,3,2,02,1,1,,,1,2,1,3,2,58,5,1,2,00,0,8,15,201800010722B01,7,2,1
201800010742,2018-07-17,2018,juillet,mardi,17:15,52,52253,48.18382,4.98018,2,1,6,1,1,3,2,02,1,1,,,1,0,1,4,1,29,5,1,2,00,2,7,1,201800010742B01,7,0,1
201800010747,2018-12-14,2018,décembre,vendredi,15:20,52,52058,48.20499,5.16095,1,1,7,1,1,3,2,02,2,1,,,1,0,1,3,1,65,5,1,2,00,0,0,0,201800010747A01,,,
201800010754,2018-11-02,2018,novembre,vendredi,14:30,52,52060,47.95554,5.72224,1,1,2,1,1,3,2,02,2,1,,,1,0,1,2,1,68,5,1,2,00,0,4,2,201800010754B01,7,2,1
201800010782,2018-06-24,2018,juin,dimanche,17:41,52,52529,47.73068,5.32338,1,1,1,1,1,3,2,02,1,1,,,1,0,3,1,1,54,5,1,4,00,2,7,1,201800010782B01,7,1,1
201800010783,2018-07-21,2018,juillet,samedi,84:5,52,52405,47.67018,5.31292,1,1,2,1,1,3,2,02,1,2,,,1,0,1,3,1,76,5,1,2,00,0,1,1,201800010783A01,1,1,1
201800010783,2018-07-21,2018,juillet,samedi,84:5,52,52405,47.67018,5.31292,1,1,2,1,1,3,2,02,1,2,,,1,0,1,1,1,58,5,1,2,00,0,4,1,201800010783B01,1,1,1
201800010810,2018-05-23,2018,mai,mercredi,15:15,48,48086,44.68772,3.87514,1,1,2,1,1,3,2,02,1,1,,,1,0,1,4,1,67,5,1,2,00,2,3,2,201800010810B01,7,11,1
201800010815,2018-08-11,2018,août,samedi,16:00,48,48082,44.6014,3.6669,2,4,7,1,1,4,2,02,2,3,,,9,0,1,3,1,9,5,1,2,10,0,1,21,201800010815A01,7,1,1
201800010836,2018-07-08,2018,juillet,dimanche,12:30,48,48088,44.30203,3.31369,2,1,2,1,1,3,2,02,2,1,,,1,0,1,4,1,43,5,1,2,01,0,1,1,201800010836A01,7,23,1
201800010845,2018-03-19,2018,mars,lundi,14:20,48,48056,44.48347,3.36117,2,1,3,1,1,4,2,02,4,2,,,1,0,1,3,1,30,5,1,2,00,2,1,18,201800010845B01,14,1,1
201800010874,2018-09-23,2018,septembre,dimanche,10:25,30,30102,43.93307,4.2908,1,1,7,1,1,3,2,02,1,1,,,1,2,3,3,1,44,5,1,2,13,0,0,1,201800010874A01,,,
201800010907,2018-03-27,2018,mars,mardi,16:50,30,30259,44.08295,4.11249,2,1,6,1,1,3,2,02,1,1,,,1,0,1,3,1,59,5,1,2,00,5,1,1,201800010907A01,,,
201800010988,2018-05-18,2018,mai,vendredi,95:0,30,30133,43.53936,4.14351,2,6,3,1,1,3,3,04,1,3,,,1,0,1,3,1,69,5,1,2,00,2,3,2,201800010988B01,3,16,1
201800010997,2018-10-17,2018,octobre,mercredi,91:0,30,30133,43.53689,4.14529,1,1,2,1,2,3,2,02,1,3,,,2,0,1,3,1,81,5,1,2,00,0,4,2,201800010997B01,7,1,1
201800011003,2018-05-11,2018,mai,vendredi,10:55,37,37050,47.3469,0.70716,2,2,3,1,1,3,2,02,1,1,,,1,0,1,4,1,34,5,1,2,00,2,1,19,201800011003A01,7,1,1
201800011005,2018-05-23,2018,mai,mercredi,16:15,37,37050,47.3424,0.70866,2,3,3,1,1,4,2,02,1,1,,,1,0,1,3,1,49,5,1,2,00,0,0,0,201800011005A01,99,19,1
201800011008,2018-06-10,2018,juin,dimanche,21:15,37,37050,47.31482,0.7114,2,2,3,2,1,4,2,02,1,1,,,1,5,1,3,1,35,1,1,2,00,2,1,19,201800011008B01,7,6,1
201800011015,2018-10-14,2018,octobre,dimanche,11:40,37,37243,47.34756,0.54797,2,1,3,1,1,4,2,02,2,1,,,1,0,1,4,1,63,5,1,2,00,0,8,1,201800011015B01,7,17,1
201800011033,2018-07-23,2018,juillet,lundi,74:5,37,37054,47.47534,0.69546,1,1,3,1,1,3,2,02,1,1,,,1,0,1,4,1,41,1,1,2,00,2,8,1,201800011033B01,7,1,1
201800011051,2018-04-15,2018,avril,dimanche,95:0,37,37139,47.40213,0.55733,2,3,1,1,1,4,2,02,,,,,,,1,3,1,45,5,1,2,00,2,3,1,201800011051B01,7,15,1
201800011061,2018-10-25,2018,octobre,jeudi,85:0,37,37109,47.41249,0.58153,1,2,1,1,1,3,2,02,1,3,,,1,0,1,3,1,49,1,1,2,00,2,8,1,201800011061B01,7,15,1
201800011116,2018-05-04,2018,mai,vendredi,10:30,37,37119,47.12323,0.4284,2,9,3,1,1,4,1,01,1,1,,,1,0,1,3,1,38,3,1,2,00,2,3,16,201800011116A01,7,1,1
201800011130,2018-08-01,2018,août,mercredi,18:15,37,37222,47.08979,1.04336,1,1,7,1,1,3,2,02,2,1,,,1,0,1,3,2,58,5,1,2,00,0,1,1,201800011130A01,,,