Num_Acc,date,an,mois,jour,hrmn,dep,com,lat,long,agg,int,col,lum,atm,catr,circ,nbv,prof,plan,lartpc,larrout,surf,infra,situ,grav,sexe,age,trajet,secuexist,equipement,obs,obsm,choc,manv,vehiculeid,typevehicules,manoeuvehicules,numVehicules
201800011134,2018-10-16,2018,octobre,mardi,18:00,37,37111,47.16437,1.06756,1,1,3,1,1,3,2,02,1,1,,,1,0,1,3,1,70,5,1,2,00,2,6,1,201800011134B01,7,2,1
201800011135,2018-12-10,2018,décembre,lundi,90:0,37,37173,47.13369,1.31983,1,1,4,1,1,3,2,02,1,1,,,1,0,1,4,1,70,5,1,2,00,0,0,2,201800011135B01,7,2,1
201800011135,2018-12-10,2018,décembre,lundi,90:0,37,37173,47.13369,1.31983,1,1,4,1,1,3,2,02,1,1,,,1,0,1,4,1,79,5,1,2,00,0,0,2,201800011135C01,7,2,1
201800011163,2018-04-16,2018,avril,lundi,71:0,37,37250,47.25555,0.67907,1,6,3,1,1,3,1,02,1,1,,,1,0,1,4,1,33,1,1,2,00,2,1,1,201800011163B01,7,9,1
201800011164,2018-04-16,2018,avril,lundi,16:35,37,37154,47.28584,0.70687,2,1,7,1,1,9,1,01,2,2,,,1,0,1,3,1,13,2,1,2,00,0,4,0,201800011164A01,,,
201800011173,2018-10-10,2018,octobre,mercredi,17:20,37,37211,47.22791,0.76906,2,3,3,1,1,4,,,,,,,,,,3,1,10,5,1,2,00,2,1,15,201800011173A01,7,1,1
201800011178,2018-07-17,2018,juillet,mardi,21:00,87,87153,45.8216,1.66654,1,1,7,1,1,4,2,01,2,3,000,000,1,0,1,2,1,62,5,1,2,00,0,0,1,201800011178A01,,,
201800011181,2018-09-04,2018,septembre,mardi,16:50,87,87051,45.6292,1.58366,2,9,3,1,1,3,2,02,1,1,000,000,1,0,1,3,1,8,5,1,9,00,2,8,1,201800011181A01,10,1,1
201800011238,2018-07-22,2018,juillet,dimanche,17:44,87,87187,45.516,1.19793,2,9,6,1,1,4,2,02,2,1,000,000,1,0,1,3,1,12,5,1,2,00,2,1,0,201800011238A01,,,
201800011240,2018-08-01,2018,août,mercredi,10:30,87,87096,45.5984,1.15417,1,1,7,1,1,3,2,02,1,1,000,000,1,0,1,3,1,62,5,1,2,00,0,0,16,201800011240A01,,,
201800011248,2018-07-26,2018,juillet,jeudi,18:25,23,23237,45.89653,1.69551,1,1,1,1,1,4,2,02,2,3,,,1,0,1,3,1,54,5,1,2,00,2,1,13,201800011248B01,7,1,1
201800011271,2018-02-02,2018,février,vendredi,16:15,17,17041,46.22547,-0.81046,1,1,2,1,1,3,2,02,1,1,,,1,0,1,3,1,60,5,1,2,00,0,4,1,201800011271B01,7,1,1
201800011300,2018-06-19,2018,juin,mardi,11:50,17,17075,45.92074,-0.83496,2,3,5,1,1,3,2,02,1,1,,055,1,5,3,3,1,14,5,1,9,00,2,4,16,201800011300A01,7,1,1
201800011300,2018-06-19,2018,juin,mardi,11:50,17,17075,45.92074,-0.83496,2,3,5,1,1,3,2,02,1,1,,055,1,5,3,3,1,14,5,1,9,00,2,4,16,201800011300B01,7,1,1
201800011315,2018-10-13,2018,octobre,samedi,17:05,17,17409,45.66209,-1.01906,1,3,3,1,1,4,2,02,2,3,,,1,0,1,4,1,47,5,1,2,00,2,3,15,201800011315B01,7,15,1
201800011317,2018-11-28,2018,novembre,mercredi,14:05,17,17452,45.7781,-1.14431,2,3,1,1,1,4,2,02,1,1,,,1,0,1,2,1,14,5,1,9,00,2,8,9,201800011317B01,7,1,1
201800011323,2018-06-30,2018,juin,samedi,93:0,17,17411,45.85162,-1.2191,2,1,6,1,1,3,2,02,1,1,,063,1,0,4,3,1,33,5,1,9,00,9,2,0,201800011323A01,,,
201800011327,2018-08-31,2018,août,vendredi,20:00,17,17337,45.97499,-1.33714,1,1,6,1,1,5,-1,05,1,1,,,1,0,1,3,1,13,5,1,9,00,0,0,0,201800011327A01,,,
201800011328,2018-09-01,2018,septembre,samedi,17:15,17,17140,45.91276,-1.25623,1,1,3,1,1,3,2,02,1,1,,,1,0,1,3,1,59,5,1,9,00,2,2,1,201800011328B01,7,2,1
201800011344,2018-03-27,2018,mars,mardi,15:00,17,17397,45.89065,-0.66633,1,2,3,1,3,3,2,02,4,2,,049,2,0,1,3,1,67,3,1,9,00,2,7,1,201800011344B01,7,9,1
201800011354,2018-08-27,2018,août,lundi,12:30,17,17450,45.95952,-0.61751,1,3,2,1,1,3,2,02,1,1,,,1,0,1,3,1,14,5,1,9,00,0,4,15,201800011354B01,7,17,1
201800011374,2018-07-27,2018,juillet,vendredi,12:00,17,17313,45.7631,-0.49251,1,1,7,1,1,4,2,02,3,1,,029,1,0,1,2,1,70,5,1,9,00,0,0,1,201800011374A01,,,
201800011395,2018-10-15,2018,octobre,lundi,18:30,28,28052,48.56536,1.52385,1,1,2,1,7,3,2,02,1,1,,,1,0,1,3,1,61,0,1,2,00,2,4,2,201800011395B01,10,2,1
201800011397,2018-11-06,2018,novembre,mardi,17:30,28,28140,48.6093,1.67494,2,1,1,5,1,4,2,02,1,1,,,1,0,1,3,1,48,1,1,2,00,2,1,1,201800011397A01,1,11,1
201800011397,2018-11-06,2018,novembre,mardi,17:30,28,28140,48.6093,1.67494,2,1,1,5,1,4,2,02,1,1,,,1,0,1,1,1,39,5,1,2,00,2,1,11,201800011397B01,1,1,1
201800011400,2018-12-27,2018,décembre,jeudi,11:20,28,28140,48.6087,1.67902,2,4,3,1,8,4,1,01,2,4,,,1,5,1,4,1,29,0,1,9,00,2,4,2,201800011400B01,7,2,1
201800011414,2018-12-12,2018,décembre,mercredi,15:45,28,28406,48.18022,1.72608,1,1,2,1,7,3,2,02,1,1,,,1,0,1,3,1,73,5,1,2,00,2,4,2,201800011414B01,7,1,1
201800011435,2018-05-27,2018,mai,dimanche,17:25,28,28239,48.67084,1.3782,1,1,3,1,7,3,2,02,1,1,,,1,0,1,3,2,50,5,1,8,00,2,7,2,201800011435B01,32,2,1
201800011458,2018-07-29,2018,juillet,dimanche,84:0,28,28240,48.49163,1.0192,1,1,4,1,1,3,2,02,1,1,,,1,0,1,4,1,64,5,1,2,13,2,4,2,201800011458C01,7,2,1
201800011458,2018-07-29,2018,juillet,dimanche,84:0,28,28240,48.49163,1.0192,1,1,4,1,1,3,2,02,1,1,,,1,0,1,3,1,74,5,1,2,13,2,4,2,201800011458B01,7,2,1
201800011467,2018-11-02,2018,novembre,vendredi,95:7,27,27350,48.8183,1.26837,2,9,1,1,1,3,2,02,1,3,,,1,0,1,4,1,78,3,1,2,00,0,8,0,201800011467B01,7,15,1
201800011492,2018-06-18,2018,juin,lundi,17:25,27,27462,49.09,0.4283,1,3,1,1,1,3,2,02,1,1,,,1,0,1,2,1,85,5,1,2,00,2,3,15,201800011492B01,10,1,1
201800011495,2018-09-28,2018,septembre,vendredi,18:00,27,27463,49.13486,0.63081,1,1,2,1,1,4,2,02,2,2,,,1,0,1,3,1,14,2,1,2,00,2,4,1,201800011495A01,99,1,1
201800011497,2018-10-06,2018,octobre,samedi,10:00,27,27629,49.14462,0.44965,1,6,3,1,7,3,,,,,,,,,,3,2,67,5,1,2,00,0,6,2,201800011497B01,7,2,1
201800011500,2018-12-26,2018,décembre,mercredi,15:00,27,27207,49.10208,0.43461,1,1,3,1,1,3,2,02,1,1,,,1,0,1,3,1,74,5,1,2,00,2,8,2,201800011500B01,7,2,1
201800011501,2018-12-31,2018,décembre,lundi,10:05,27,27547,49.05243,0.40819,1,1,2,1,2,3,2,02,1,1,,,2,0,1,3,1,66,5,1,2,00,0,4,1,201800011501B01,7,13,1
201800011553,2018-09-19,2018,septembre,mercredi,83:0,27,27467,49.35014,0.52062,2,6,3,1,1,3,1,02,1,2,,,1,0,1,4,2,35,1,1,2,00,2,1,1,201800011553B01,7,9,1
201800011565,2018-10-31,2018,octobre,mercredi,74:5,27,27661,49.35734,0.874,1,1,3,1,1,4,2,02,1,1,,,1,0,1,4,1,18,1,1,2,00,2,8,1,201800011565B01,10,17,1
201800011574,2018-06-28,2018,juin,jeudi,17:50,27,27435,49.28253,0.52371,1,2,3,1,1,3,,,,,,,,,,3,2,79,5,1,2,00,2,8,15,201800011574B01,7,17,1
201800011607,2018-07-04,2018,juillet,mercredi,10:15,85,85246,46.74719,-1.20136,1,1,6,1,1,3,2,02,1,1,,,1,0,1,3,1,76,5,1,2,00,9,1,1,201800011607A01,,,
201800011612,2018-10-05,2018,octobre,vendredi,11:20,85,85202,46.72727,-1.08873,1,2,3,1,7,4,2,02,1,1,,,1,0,1,2,1,77,5,1,2,00,2,1,1,201800011612B01,7,1,1
201800011641,2018-01-13,2018,janvier,samedi,74:5,85,85001,46.33399,-1.30435,2,9,3,2,1,4,2,02,1,1,,,1,0,1,3,1,91,5,1,9,00,2,2,1,201800011641B01,7,1,1
201800011648,2018-07-28,2018,juillet,samedi,20:45,85,85049,46.38353,-1.14507,2,1,2,1,1,3,2,02,1,1,,,1,0,1,3,1,82,5,1,4,00,2,6,1,201800011648B01,7,1,1
201800011664,2018-09-02,2018,septembre,dimanche,10:13,85,85132,46.33989,-0.77161,1,2,2,1,1,3,2,02,1,1,,,1,0,1,4,1,52,5,1,2,00,0,4,23,201800011664B01,7,1,1
201800011666,2018-08-30,2018,août,jeudi,16:50,85,85092,46.4639,-0.79226,2,7,3,1,1,4,-1,02,1,1,,,1,0,1,4,2,48,0,1,9,00,2,7,0,201800011666B01,10,0,1
201800011669,2018-03-25,2018,mars,dimanche,12:30,85,85264,46.67701,-0.68935,1,1,7,1,1,3,2,02,2,1,,,1,0,1,3,1,17,5,1,9,13,0,0,1,201800011669A01,,,
201800011717,2018-06-20,2018,juin,mercredi,93:0,85,85029,46.99644,-1.99757,1,1,4,1,1,3,2,02,1,1,,,1,0,1,3,1,66,5,1,2,00,9,9,1,201800011717B01,1,1,4
201800011717,2018-06-20,2018,juin,mercredi,93:0,85,85029,46.99644,-1.99757,1,1,4,1,1,3,2,02,1,1,,,1,0,1,3,1,72,5,1,2,00,9,9,1,201800011717A01,1,1,4
201800011717,2018-06-20,2018,juin,mercredi,93:0,85,85029,46.99644,-1.99757,1,1,4,1,1,3,2,02,1,1,,,1,0,1,4,1,62,5,1,2,00,9,9,1,201800011717D01,1,1,4
201800011717,2018-06-20,2018,juin,mercredi,93:0,85,85029,46.99644,-1.99757,1,1,4,1,1,3,2,02,1,1,,,1,0,1,4,1,67,5,1,2,00,9,9,1,201800011717E01,1,1,4
201800011717,2018-06-20,2018,juin,mercredi,93:0,85,85029,46.99644,-1.99757,1,1,4,1,1,3,2,02,1,1,,,1,0,1,4,1,67,5,1,2,00,9,9,1,201800011717C01,1,1,4
201800011723,2018-09-29,2018,septembre,samedi,48:,85,85029,46.97096,-2.00002,2,9,1,5,1,3,2,02,1,1,,,1,0,1,3,1,18,5,1,4,00,2,1,15,201800011723B01,7,1,1
201800011730,2018-06-23,2018,juin,samedi,11:15,04,04040,44.1894,6.14144,1,1,6,1,1,3,2,02,2,2,,,1,0,1,3,1,54,5,1,2,00,5,1,1,201800011730A01,,,
201800011761,2018-09-08,2018,septembre,samedi,10:05,04,04108,44.0432,6.02988,1,6,2,1,7,3,1,01,1,2,,,1,0,1,4,1,69,5,1,2,00,0,4,2,201800011761B01,7,2,1
201800011768,2018-12-08,2018,décembre,samedi,10:30,04,04013,44.1138,5.9505,1,1,5,1,9,3,2,02,1,1,000,000,1,0,1,1,1,45,5,1,2,00,0,8,1,201800011768C01,21,17,1
201800011768,2018-12-08,2018,décembre,samedi,10:30,04,04013,44.1138,5.9505,1,1,5,1,9,3,2,02,1,1,000,000,1,0,1,4,1,36,5,1,2,00,0,8,1,201800011768B01,21,17,1
201800011796,2018-06-12,2018,juin,mardi,10:10,04,04124,43.7359,6.07972,1,1,6,1,1,4,2,02,1,1,,,1,0,3,3,1,68,5,1,2,02,0,0,1,201800011796A01,,,
201800011797,2018-06-30,2018,juin,samedi,93:0,04,04144,43.7727,6.32513,1,1,3,1,1,3,2,02,2,3,,,1,0,1,4,1,57,5,1,2,00,2,3,1,201800011797B01,7,17,1
201800011818,2018-07-31,2018,juillet,mardi,83:5,04,04045,43.8565,5.59219,2,1,3,1,1,4,2,02,2,1,,,1,0,1,4,1,71,5,1,2,00,2,1,1,201800011818B01,7,13,1
201800011827,2018-05-23,2018,mai,mercredi,13:00,04,04065,44.1182,5.82193,1,1,7,1,2,3,2,02,2,1,,,2,0,1,2,1,61,5,1,2,00,0,0,0,201800011827A01,,,
201800011836,2018-07-05,2018,juillet,jeudi,95:3,04,04139,44.1695,5.82238,1,1,4,1,1,3,2,02,2,1,,,1,0,1,4,1,49,4,1,2,00,2,1,2,201800011836A01,1,2,2
201800011836,2018-07-05,2018,juillet,jeudi,95:3,04,04139,44.1695,5.82238,1,1,4,1,1,3,2,02,2,1,,,1,0,1,3,1,42,4,1,2,00,2,1,2,201800011836B01,1,2,2
201800011836,2018-07-05,2018,juillet,jeudi,95:3,04,04139,44.1695,5.82238,1,1,4,1,1,3,2,02,2,1,,,1,0,1,1,1,52,4,1,2,00,2,4,2,201800011836C01,1,2,2
201800011851,2018-09-24,2018,septembre,lundi,13:45,24,24026,45.17329,0.81516,1,1,3,1,1,4,2,02,2,2,,,1,0,1,3,1,51,1,1,2,00,9,0,1,201800011851B01,31,2,1
201800011889,2018-09-11,2018,septembre,mardi,10:25,24,24451,45.5153,0.64667,1,2,3,1,1,3,2,02,1,1,,,1,0,1,3,1,63,5,1,2,00,2,0,15,201800011889A01,10,1,1
201800011924,2018-07-09,2018,juillet,lundi,91:5,24,24412,44.99392,1.25337,2,2,3,1,1,3,,,,,,,,,,3,1,61,5,1,2,00,2,0,16,201800011924A01,7,0,1
201800011962,2018-08-21,2018,août,mardi,12:00,40,40274,43.92839,-0.63963,2,3,3,1,1,3,2,02,1,1,,,1,0,1,4,1,65,5,1,2,00,2,1,1,201800011962B01,7,15,1
201800011993,2018-09-14,2018,septembre,vendredi,11:45,40,40284,43.65581,-1.30106,1,1,3,1,1,3,2,02,1,3,,,1,0,1,3,1,76,5,1,9,00,2,0,2,201800011993B01,7,17,1
201800012007,2018-04-29,2018,avril,dimanche,90:0,40,40046,44.45197,-1.1075,1,3,3,1,1,3,2,02,1,1,,,1,0,1,4,1,42,5,1,2,00,2,1,1,201800012007B01,7,16,1
201800012018,2018-10-05,2018,octobre,vendredi,16:00,40,40333,43.99223,-0.70297,1,1,3,1,1,3,2,02,1,2,,,1,0,1,3,1,56,5,1,2,00,2,6,1,201800012018B01,10,2,1
201800012037,2018-08-26,2018,août,dimanche,20:10,40,40228,43.62823,-0.82802,2,3,3,2,1,3,2,02,1,1,,,-1,0,0,4,1,47,5,1,4,00,2,8,1,201800012037B01,7,15,1
201800012061,2018-07-28,2018,juillet,samedi,91:5,21,21128,47.26295,4.50957,1,1,7,1,1,4,2,02,1,1,,,1,0,3,3,2,71,5,1,2,16,0,0,1,201800012061A01,,,
201800012072,2018-10-13,2018,octobre,samedi,10:40,21,21366,47.11416,5.18799,1,2,3,1,1,3,2,02,1,1,,,1,0,1,3,1,56,5,1,2,00,2,1,1,201800012072A01,7,1,1
201800012132,2018-12-27,2018,décembre,jeudi,16:00,21,21271,47.52635,4.46959,1,1,7,1,1,3,2,02,1,1,,,1,0,1,2,1,59,5,1,2,00,0,0,1,201800012132A01,,,
201800012137,2018-11-02,2018,novembre,vendredi,18:55,53,53141,48.06543,-0.6247,1,6,3,5,1,3,1,02,1,3,,,1,0,1,4,1,28,5,1,2,00,2,5,1,201800012137B01,7,9,1
201800012138,2018-12-29,2018,décembre,samedi,11:30,53,53264,48.00631,-0.33041,1,1,6,1,1,4,2,02,1,1,,,1,0,1,4,1,34,5,1,2,00,5,1,1,201800012138A01,,,
201800012140,2018-01-11,2018,janvier,jeudi,12:10,53,53097,48.15057,-0.3837,2,6,3,1,1,3,-1,01,1,1,,,2,5,1,3,2,67,1,1,2,00,2,7,1,201800012140B01,7,9,1
201800012145,2018-07-16,2018,juillet,lundi,70:0,53,53207,48.13026,-0.43878,1,1,2,1,7,3,2,02,2,1,,,1,0,1,3,1,35,1,1,2,00,0,4,2,201800012145B01,7,2,1
201800012149,2018-04-05,2018,avril,jeudi,15:15,53,53015,48.16934,-0.9444,1,1,2,1,1,3,2,02,2,1,,,1,0,1,3,1,83,5,1,2,00,0,4,1,201800012149B01,7,17,1
201800012152,2018-05-29,2018,mai,mardi,18:50,53,53137,48.0628,-0.93457,2,2,3,1,1,3,2,02,1,1,,,1,5,1,4,1,7,5,1,2,00,2,1,19,201800012152A01,7,13,1
201800012161,2018-06-08,2018,juin,vendredi,90:0,53,53078,47.78629,-0.64231,1,1,2,1,1,3,2,02,1,1,,,1,0,1,3,1,81,5,1,2,00,0,4,1,201800012161B01,7,2,1
201800012174,2018-07-22,2018,juillet,dimanche,83:0,53,53188,47.79481,-1.06092,2,6,3,1,7,3,2,02,1,2,,,1,0,1,3,2,84,5,1,2,00,2,2,1,201800012174B01,7,9,1
201800012188,2018-07-06,2018,juillet,vendredi,11:45,53,53147,48.28577,-0.62305,2,6,3,1,7,3,1,02,1,2,,,1,0,1,2,1,66,0,1,2,00,2,7,1,201800012188B01,7,1,1
201800012192,2018-08-21,2018,août,mardi,18:35,53,53146,48.19623,-0.66653,1,6,7,1,1,3,2,02,2,1,,,8,0,1,3,1,52,5,1,2,00,0,7,1,201800012192A01,,,
201800012199,2018-02-22,2018,février,jeudi,13:55,53,53107,48.41103,-0.80581,2,6,3,1,1,3,1,01,1,1,,,1,0,1,3,1,79,5,1,2,00,0,4,1,201800012199B01,7,9,1
201800012201,2018-07-07,2018,juillet,samedi,11:55,53,53096,48.29847,-0.93804,2,1,6,1,1,4,2,02,2,1,,,1,0,1,3,1,67,5,1,2,00,2,1,13,201800012201B01,7,13,1
201800012217,2018-10-25,2018,octobre,jeudi,16:15,53,53112,48.37052,-0.35132,1,9,6,1,1,4,2,02,2,3,,,1,0,1,3,1,60,5,1,2,00,5,2,0,201800012217A01,,,
201800012232,2018-01-18,2018,janvier,jeudi,13:15,07,07288,44.71779,4.56759,1,3,3,1,1,3,2,02,1,1,,,1,0,1,4,2,57,1,1,2,00,2,1,1,201800012232B01,7,16,1
201800012242,2018-06-17,2018,juin,dimanche,11:35,07,07349,44.80941,4.78303,2,1,6,1,1,4,2,02,2,3,,,1,0,4,3,1,59,5,1,2,01,0,1,13,201800012242A01,,,
201800012252,2018-11-10,2018,novembre,samedi,12:25,07,07349,44.80706,4.78403,2,1,2,1,1,3,2,02,1,1,,,1,0,1,4,1,42,5,1,2,00,2,1,1,201800012252B01,7,1,1
201800012264,2018-12-03,2018,décembre,lundi,10:00,07,07300,44.50298,4.62947,2,6,1,1,2,3,2,02,1,3,,,2,0,1,4,2,61,0,1,2,00,2,0,0,201800012264B01,7,16,1
201800012275,2018-12-26,2018,décembre,mercredi,16:25,07,07199,44.49276,4.26156,1,6,2,1,7,3,4,03,1,1,,,1,0,1,3,2,43,5,1,2,00,2,4,14,201800012275B01,7,1,1
201800012325,2018-07-13,2018,juillet,vendredi,10:20,07,07197,45.21159,4.65987,1,1,1,1,1,3,2,02,1,1,,,1,0,3,2,1,79,5,1,2,00,2,1,1,201800012325B01,7,1,1
201800012329,2018-07-27,2018,juillet,vendredi,10:35,07,07344,45.32291,4.69603,1,1,6,1,1,3,2,02,2,1,,,1,0,1,3,1,65,5,1,2,00,0,8,0,201800012329A01,,,
201800012356,2018-06-23,2018,juin,samedi,11:50,07,07114,45.03169,4.49434,1,1,7,1,1,3,2,01,1,1,,,1,0,1,3,1,48,5,1,2,00,0,0,1,201800012356C01,7,2,1
201800012356,2018-06-23,2018,juin,samedi,11:50,07,07114,45.03169,4.49434,1,1,7,1,1,3,2,01,1,1,,,1,0,1,1,1,49,5,1,2,00,0,1,1,201800012356B01,7,2,1
201800012379,2018-07-01,2018,juillet,dimanche,10:15,16,16263,45.53056,0.04067,1,2,3,1,1,3,2,02,2,1,055,107,1,5,1,3,1,47,5,1,4,00,2,1,1,201800012379A01,7,1,1
201800012396,2018-02-21,2018,février,mercredi,15:55,16,16379,45.78861,0.41803,1,6,2,1,1,3,1,01,1,2,140,085,1,5,1,4,1,62,5,1,9,00,2,4,1,201800012396B01,10,9,1
201800012455,2018-10-19,2018,octobre,vendredi,15:0,16,16268,45.9699,0.27648,1,1,7,3,1,4,2,02,2,1,000,036,1,0,1,3,1,59,5,1,4,00,0,0,2,201800012455A01,,,
201800012483,2018-03-25,2018,mars,dimanche,16:40,36,36018,46.62717,1.08672,2,1,3,1,1,4,2,02,3,1,,,1,0,1,1,1,55,5,1,2,00,9,2,1,201800012483A01,1,1,1
201800012483,2018-03-25,2018,mars,dimanche,16:40,36,36018,46.62717,1.08672,2,1,3,1,1,4,2,02,3,1,,,1,0,1,3,1,64,5,1,2,00,9,3,1,201800012483B01,1,1,1
201800012491,2018-08-05,2018,août,dimanche,80:0,36,36231,46.73706,1.66794,1,1,3,1,1,3,2,02,1,1,,,1,0,1,3,1,81,5,1,2,00,2,8,2,201800012491B01,7,17,1
201800012492,2018-08-18,2018,août,samedi,10:30,36,36049,46.51113,1.42478,1,1,7,1,7,3,2,02,2,3,,,1,0,1,3,2,63,5,1,2,00,0,0,0,201800012492A01,,,
201800012494,2018-09-02,2018,septembre,dimanche,90:0,36,36062,46.4808,1.61402,1,1,1,1,1,3,2,02,2,4,000,000,1,0,1,3,1,79,5,1,2,00,2,1,13,201800012494A01,7,1,1
201800012498,2018-07-10,2018,juillet,mardi,94:7,10,10140,48.09496,3.86129,1,1,3,1,1,2,2,02,2,1,,,1,0,3,3,1,59,3,1,2,00,0,6,14,201800012498B01,10,13,1
201800012560,2018-04-19,2018,avril,jeudi,93:0,10,10323,48.50955,3.72435,2,2,3,1,7,4,2,02,1,1,,,1,0,1,3,1,70,5,1,2,00,0,8,1,201800012560B01,7,1,1
201800012564,2018-07-08,2018,juillet,dimanche,19:10,10,10323,48.51057,3.72573,1,1,3,1,1,3,2,02,1,1,,,1,0,1,4,1,10,0,1,2,00,0,2,13,201800012564A01,7,17,1
201800012603,2018-08-01,2018,août,mercredi,12:45,43,43181,45.09,4.02125,1,1,3,1,1,3,2,02,2,3,000,060,1,0,1,3,1,75,5,1,2,00,2,3,13,201800012603A01,7,1,1
201800012613,2018-05-18,2018,mai,vendredi,94:5,43,43112,45.0902,3.49444,1,3,3,1,1,3,2,02,2,2,000,070,1,0,1,3,1,84,5,1,2,00,2,1,1,201800012613B01,10,15,1
201800012618,2018-10-22,2018,octobre,lundi,10:09,43,43112,0,0,2,2,3,1,1,4,2,02,2,1,000,050,1,0,1,4,1,18,5,1,8,00,2,1,1,201800012618A01,7,16,1
201800012644,2018-07-26,2018,juillet,jeudi,84:5,43,43012,0,0,1,1,1,1,1,4,2,02,1,3,000,030,1,0,1,3,1,23,5,1,2,00,2,1,13,201800012644A01,7,1,1
201800012646,2018-09-28,2018,septembre,vendredi,11:15,43,43012,0,0,2,1,3,1,7,4,2,02,2,2,000,040,1,0,1,3,1,35,5,1,2,00,2,1,1,201800012646B01,14,17,1
201800012650,2018-03-16,2018,mars,vendredi,12:00,43,43184,0,0,1,1,6,1,1,4,2,02,1,1,000,049,1,0,1,4,1,65,5,1,2,00,1,1,1,201800012650A01,,,
201800012663,2018-06-07,2018,juin,jeudi,17:00,43,43244,45.1174,4.2881,2,1,6,1,2,3,2,02,1,1,000,050,2,0,1,2,1,87,5,1,2,00,0,0,1,201800012663A01,,,
201800012676,2018-09-08,2018,septembre,samedi,15:50,18,18139,47.06941,2.97338,1,1,2,1,1,3,2,02,1,1,,,1,0,1,4,1,8,5,1,2,00,2,6,1,201800012676B01,7,1,1
201800012699,2018-11-16,2018,novembre,vendredi,90:0,18,18109,47.29861,2.53698,1,1,2,1,1,3,2,02,1,1,,,2,0,1,3,1,41,5,1,4,00,0,4,2,201800012699B01,7,2,1
201800012703,2018-02-05,2018,février,lundi,12:15,18,18197,46.72543,2.51201,2,3,3,1,1,3,2,02,1,1,,,1,0,1,3,1,42,5,1,2,00,2,8,19,201800012703A01,7,1,1
201800012704,2018-04-15,2018,avril,dimanche,12:00,18,18197,46.72714,2.50028,2,6,4,1,7,3,1,01,1,2,,,1,5,1,3,1,51,5,1,2,00,2,0,1,201800012704B01,7,16,1
201800012704,2018-04-15,2018,avril,dimanche,12:00,18,18197,46.72714,2.50028,2,6,4,1,7,3,1,01,1,2,,,1,5,1,1,2,45,5,1,2,00,0,0,1,201800012704C01,7,16,1
201800012705,2018-05-03,2018,mai,jeudi,80:0,18,18169,46.72489,2.44771,1,1,3,1,2,3,2,02,1,1,,,1,0,1,3,2,41,1,1,2,00,0,6,15,201800012705B01,7,17,1
201800012706,2018-06-04,2018,juin,lundi,85:0,18,18197,46.72036,2.51215,2,1,7,1,1,4,1,01,1,1,,,1,0,1,1,2,15,2,1,2,00,0,0,17,201800012706B01,1,2,1
201800012706,2018-06-04,2018,juin,lundi,85:0,18,18197,46.72036,2.51215,2,1,7,1,1,4,1,01,1,1,,,1,0,1,4,2,74,5,1,2,00,0,0,2,201800012706A01,1,17,1
201800012724,2018-05-07,2018,mai,lundi,11:30,18,18058,46.85735,2.31789,2,3,3,1,1,3,2,02,1,1,,,1,0,1,3,2,74,9,1,2,00,2,7,1,201800012724B01,7,15,1
201800012732,2018-10-09,2018,octobre,mardi,11:45,18,18126,46.92565,2.40695,2,1,2,1,1,4,2,02,1,1,,,1,0,1,4,2,40,5,1,2,00,2,1,23,201800012732B01,7,4,1
201800012748,2018-06-21,2018,juin,jeudi,10:15,18,18159,47.37258,2.21934,1,1,7,1,1,3,2,02,1,1,,,1,0,1,3,1,70,5,1,2,00,0,0,1,201800012748A01,,,
201800012750,2018-07-12,2018,juillet,jeudi,19:08,18,18011,47.55931,2.46404,1,1,6,1,1,3,2,02,1,1,,,1,0,1,3,1,59,5,1,2,00,0,1,1,201800012750A01,,,
201800012759,2018-06-13,2018,juin,mercredi,21:15,18,18141,47.14446,2.22398,2,2,3,1,1,3,2,02,2,1,,,1,0,1,4,1,17,5,1,2,00,2,1,1,201800012759B01,7,1,1
201800012762,2018-10-12,2018,octobre,vendredi,16:50,18,18186,47.07793,2.1808,1,6,3,1,1,3,-1,02,1,2,,,1,5,1,4,1,56,5,1,2,00,2,5,2,201800012762B01,7,1,1
201800012772,2018-06-05,2018,juin,mardi,90:0,73,73103,45.65826,5.92762,2,6,2,1,1,3,1,01,1,2,,,1,5,1,3,1,56,5,1,2,00,2,4,1,201800012772B01,7,9,1
201800012773,2018-06-10,2018,juin,dimanche,14:15,73,73010,45.77178,5.86803,1,1,2,1,1,3,2,02,1,1,,,1,0,1,3,1,59,5,1,2,00,2,4,1,201800012773B01,7,14,1
201800012775,2018-08-02,2018,août,jeudi,90:5,73,73062,45.81573,5.86542,1,1,3,1,7,3,2,02,2,1,,,1,0,1,3,1,71,5,1,2,00,2,8,1,201800012775B01,7,17,1
201800012776,2018-08-04,2018,août,samedi,85:5,73,73128,45.72653,5.93051,1,5,3,1,1,3,2,02,2,2,,,1,0,1,3,1,71,5,1,2,00,2,1,19,201800012776A01,7,19,1
201800012780,2018-09-24,2018,septembre,lundi,16:50,73,73300,45.65974,5.89477,1,1,2,1,1,3,3,02,1,1,,,1,0,5,3,1,51,5,1,2,00,0,4,2,201800012780A01,1,2,1
201800012780,2018-09-24,2018,septembre,lundi,16:50,73,73300,45.65974,5.89477,1,1,2,1,1,3,3,02,1,1,,,1,0,5,1,2,22,2,1,2,00,2,1,2,201800012780B01,1,2,1
201800012786,2018-04-03,2018,avril,mardi,15:00,73,73183,45.50982,5.98582,1,2,3,1,1,3,2,02,1,1,,,1,0,1,4,1,61,5,1,2,00,2,1,1,201800012786B01,7,1,1