Num_Acc,date,an,mois,jour,hrmn,dep,com,lat,long,agg,int,col,lum,atm,catr,circ,nbv,prof,plan,lartpc,larrout,surf,infra,situ,grav,sexe,age,trajet,secuexist,equipement,obs,obsm,choc,manv,vehiculeid,typevehicules,manoeuvehicules,numVehicules
201800012792,2018-11-29,2018,novembre,jeudi,14:15,73,73240,45.48058,6.04093,1,2,3,1,1,3,2,02,1,1,,,1,5,1,4,1,60,5,1,2,00,0,5,1,201800012792A01,7,16,1
201800012799,2018-05-24,2018,mai,jeudi,11:55,73,73130,45.65422,6.38194,2,1,2,1,1,3,2,02,1,1,,,1,0,1,3,1,80,5,1,2,00,2,2,1,201800012799B01,7,4,1
201800012802,2018-06-01,2018,juin,vendredi,82:5,73,73032,45.62548,6.45072,2,3,1,1,1,4,2,02,1,1,,,1,0,1,3,1,9,2,1,2,00,2,8,19,201800012802B01,7,1,1
201800012807,2018-08-12,2018,août,dimanche,93:0,73,73292,45.71194,6.40604,1,3,3,1,1,3,2,02,1,1,,,1,5,1,4,1,60,5,1,2,00,2,7,1,201800012807B01,10,16,1
201800012809,2018-08-30,2018,août,jeudi,12:00,73,73124,45.64794,6.34252,1,1,3,1,1,4,2,02,1,1,,,1,0,1,3,2,66,5,1,2,00,2,8,2,201800012809A01,7,2,1
201800012823,2018-06-21,2018,juin,jeudi,11:40,73,73231,45.33127,6.28514,1,1,1,1,1,3,2,02,2,2,,,1,0,1,3,1,53,5,1,2,00,2,1,0,201800012823B01,33,13,1
201800012832,2018-03-15,2018,mars,jeudi,14:15,64,64511,43.3681,-0.40857,1,1,1,1,1,3,2,02,1,1,000,000,1,0,1,2,1,47,5,1,2,00,2,0,10,201800012832B01,7,1,1
201800012838,2018-09-03,2018,septembre,lundi,90:0,64,64060,43.3177,-0.4547,2,1,6,1,1,3,2,02,1,1,000,000,1,0,1,2,1,68,5,1,2,00,2,4,11,201800012838B01,7,2,1
201800012864,2018-03-14,2018,mars,mercredi,16:45,64,64148,43.1168,-0.3019,1,1,3,1,1,4,2,02,2,3,000,000,9,0,1,4,1,13,5,1,2,00,2,1,1,201800012864B01,10,1,1
201800012866,2018-06-02,2018,juin,samedi,14:50,64,64526,43.2688,-0.19703,2,6,3,1,1,3,1,01,1,2,000,000,1,0,1,3,2,76,5,1,2,00,2,7,2,201800012866B01,7,9,1
201800012869,2018-09-19,2018,septembre,mercredi,15:16,64,64386,43.1832,-0.2456,2,6,2,1,1,3,-1,02,1,2,000,000,1,0,1,3,1,58,5,1,2,00,0,4,18,201800012869A01,7,15,1
201800012876,2018-06-17,2018,juin,dimanche,92:5,64,64457,43.5455,-0.38976,1,2,3,1,1,3,2,02,1,1,000,000,1,0,1,3,1,61,5,1,2,00,2,7,1,201800012876B01,7,19,1
201800012888,2018-07-22,2018,juillet,dimanche,84:5,64,64256,43.379,-1.34677,1,1,1,1,1,3,2,02,2,3,000,000,1,0,1,4,1,49,5,1,2,00,2,0,13,201800012888A01,7,1,1
201800012902,2018-11-15,2018,novembre,jeudi,12:25,64,64065,43.3599,-1.63446,1,1,5,1,1,3,2,02,1,1,000,000,1,0,3,3,1,63,5,1,2,00,2,8,1,201800012902A01,99,17,1
201800012902,2018-11-15,2018,novembre,jeudi,12:25,64,64065,43.3599,-1.63446,1,1,5,1,1,3,2,02,1,1,000,000,1,0,3,4,1,64,5,1,2,00,2,8,1,201800012902B01,99,17,1
201800012928,2018-08-04,2018,août,samedi,12:05,64,64316,43.0131,-0.96343,1,1,1,1,1,3,2,02,2,2,000,000,1,0,1,4,1,30,5,1,2,00,2,1,1,201800012928A01,7,1,1
201800012929,2018-09-15,2018,septembre,samedi,93:0,64,64371,43.2312,-0.87895,2,6,3,1,1,3,1,01,1,1,000,000,1,5,1,4,1,63,5,1,2,00,2,1,1,201800012929B01,7,9,1
201800012940,2018-08-15,2018,août,mercredi,83:0,64,64484,43.1729,-1.18474,1,1,3,1,1,3,2,02,1,1,000,000,1,0,1,3,1,53,5,1,2,00,0,8,1,201800012940A01,10,2,1
201800012952,2018-05-25,2018,mai,vendredi,16:45,64,64029,43.1293,-0.71941,1,1,7,1,1,4,2,02,4,2,000,000,1,0,1,3,2,58,5,1,2,00,0,0,1,201800012952A01,,,
201800012957,2018-08-19,2018,août,dimanche,12:10,64,64204,42.9685,-0.36966,1,1,3,1,1,3,2,02,2,4,000,000,1,0,1,3,1,31,5,1,2,00,2,8,1,201800012957A01,31,1,1
201800012982,2018-02-02,2018,février,vendredi,19:20,45,45182,47.68904,1.78473,1,1,2,3,1,3,2,02,2,1,,,1,0,1,3,1,50,1,1,4,00,0,4,1,201800012982B01,7,2,1
201800012986,2018-05-22,2018,mai,mardi,16:45,45,45175,47.74945,1.81238,2,6,7,1,2,3,1,01,1,2,,,2,0,1,3,1,67,5,1,2,00,0,0,0,201800012986A01,,,
201800012991,2018-07-24,2018,juillet,mardi,10:20,45,45146,47.71935,1.89843,1,1,2,1,1,3,2,02,1,1,,,1,0,1,3,1,75,5,1,2,00,2,8,2,201800012991B01,10,17,1
201800012994,2018-10-09,2018,octobre,mardi,15:40,45,45182,47.68864,1.78458,1,1,6,1,1,3,2,02,2,1,,,1,0,1,4,1,58,5,1,2,00,0,0,1,201800012994A01,,,
201800013007,2018-09-30,2018,septembre,dimanche,15:00,45,45296,48.00105,1.69504,1,1,2,1,1,3,2,02,1,1,,,1,0,1,2,1,69,5,1,2,00,0,4,1,201800013007B01,7,2,1
201800013015,2018-06-19,2018,juin,mardi,72:0,45,45029,47.55039,2.80245,1,1,3,1,1,3,2,02,3,1,,,1,0,3,3,1,16,1,1,2,00,0,6,1,201800013015B01,7,17,1
201800013066,2018-10-03,2018,octobre,mercredi,92:0,60,60009,49.40054,2.132,1,6,3,1,1,3,1,01,1,3,,,1,0,1,4,1,56,1,1,2,00,2,0,0,201800013066B01,7,0,1
201800013067,2018-10-12,2018,octobre,vendredi,14:30,60,60251,49.45844,2.21244,2,1,7,1,1,3,2,02,2,1,,,1,0,1,3,1,48,5,1,2,00,9,1,1,201800013067A01,,,
201800013095,2018-05-18,2018,mai,vendredi,15:40,60,60403,49.49608,2.01126,1,1,4,1,1,3,2,02,1,1,,,1,0,1,3,1,23,5,1,2,00,2,4,1,201800013095C01,14,1,1
201800013095,2018-05-18,2018,mai,vendredi,15:40,60,60403,49.49608,2.01126,1,1,4,1,1,3,2,02,1,1,,,1,0,1,3,1,31,5,1,2,00,2,4,1,201800013095B01,14,1,1
201800013113,2018-11-04,2018,novembre,dimanche,20:00,60,60155,49.26128,2.33899,1,1,2,3,1,3,2,02,3,3,,,1,0,1,3,1,22,0,1,2,00,0,4,2,201800013113B01,7,2,1
201800013126,2018-05-22,2018,mai,mardi,21:35,60,60581,49.5002,2.43348,2,1,7,2,1,4,2,02,2,1,,,1,0,4,2,1,37,5,1,2,12,0,0,0,201800013126A01,,,
201800013135,2018-11-06,2018,novembre,mardi,15:15,60,60495,49.51852,2.44364,1,1,2,1,7,3,2,02,1,2,,,1,0,1,4,1,60,5,1,2,00,2,4,2,201800013135B01,10,2,1
201800013142,2018-03-11,2018,mars,dimanche,44:5,60,60636,49.4751,2.8819,2,3,1,5,3,3,2,02,2,1,,,2,0,1,4,1,31,1,1,2,00,2,1,1,201800013142A01,7,15,1
201800013151,2018-06-15,2018,juin,vendredi,19:00,60,60348,49.57179,2.96532,2,3,6,1,1,4,,,,,,,,,,3,1,20,5,1,2,12,0,1,15,201800013151A01,,,
201800013154,2018-09-07,2018,septembre,vendredi,16:30,60,60431,49.566,3.02645,1,1,2,1,1,3,2,02,1,1,,,1,0,1,4,1,52,5,1,2,00,0,4,1,201800013154B01,2,1,1
201800013156,2018-10-15,2018,octobre,lundi,12:15,60,60471,49.60518,3.01517,1,1,2,1,1,3,2,02,3,1,,,1,0,1,3,1,55,1,1,2,00,2,4,1,201800013156B01,7,1,1
201800013162,2018-11-22,2018,novembre,jeudi,17:45,60,60471,49.57419,2.98791,2,9,1,5,8,4,1,01,1,1,,,2,0,1,4,2,49,1,1,4,00,0,1,0,201800013162B01,7,0,1
201800013170,2018-04-24,2018,avril,mardi,20:35,60,60509,49.30825,2.60048,2,3,3,1,1,4,1,01,1,1,,,1,0,1,3,1,59,0,1,2,00,2,1,1,201800013170B01,7,1,1
201800013212,2018-10-18,2018,octobre,jeudi,15:50,83,83083,43.47985,6.13612,1,3,5,1,1,3,2,02,2,3,,,1,0,1,1,1,56,5,1,2,00,9,4,1,201800013212B01,2,19,1
201800013212,2018-10-18,2018,octobre,jeudi,15:50,83,83083,43.47985,6.13612,1,3,5,1,1,3,2,02,2,3,,,1,0,1,3,1,71,5,1,2,00,2,1,0,201800013212C01,2,19,1
201800013217,2018-06-20,2018,juin,mercredi,12:30,83,83122,43.74415,6.2234,1,1,7,1,1,3,2,02,2,2,,,1,0,3,3,1,69,5,1,4,03,0,1,1,201800013217A01,,,
201800013242,2018-06-26,2018,juin,mardi,11:45,90,90054,47.7216,6.87295,1,1,7,1,1,3,2,02,2,1,,,1,0,1,3,1,55,5,1,2,13,0,0,1,201800013242A01,,,
201800013243,2018-07-14,2018,juillet,samedi,16:40,90,90065,47.80314,6.84082,1,1,2,1,1,3,2,02,2,1,,,1,0,1,3,1,65,5,1,2,00,9,4,13,201800013243B01,33,17,1
201800013244,2018-08-14,2018,août,mardi,19:10,90,90016,47.70043,6.94712,2,3,5,1,1,3,2,02,2,1,,,1,0,1,1,1,15,5,1,2,00,2,1,9,201800013244C01,1,1,2
201800013244,2018-08-14,2018,août,mardi,19:10,90,90016,47.70043,6.94712,2,3,5,1,1,3,2,02,2,1,,,1,0,1,4,1,48,5,1,2,00,2,2,1,201800013244A01,1,9/1,2
201800013244,2018-08-14,2018,août,mardi,19:10,90,90016,47.70043,6.94712,2,3,5,1,1,3,2,02,2,1,,,1,0,1,3,1,53,5,1,2,00,2,1,1,201800013244B01,1,9/1,2
201800013245,2018-08-29,2018,août,mercredi,92:0,90,90003,47.70057,6.93308,2,1,7,1,1,3,2,02,1,2,,,1,0,1,3,1,81,5,1,2,00,0,0,13,201800013245A01,,,
201800013246,2018-10-10,2018,octobre,mercredi,16:15,90,90065,47.80188,6.84347,1,1,7,1,1,3,2,02,2,2,,,1,0,1,3,1,68,5,1,2,00,0,0,1,201800013246A01,,,
201800013257,2018-04-16,2018,avril,lundi,14:05,50,50468,49.2197,-1.12348,1,6,3,1,1,3,1,01,1,2,,,1,0,1,3,2,83,5,1,4,00,2,1,1,201800013257B01,7,0,1
201800013258,2018-06-15,2018,juin,vendredi,17:25,50,50216,49.23789,-1.20053,2,1,3,1,1,3,2,02,1,1,,,1,0,1,4,1,13,5,1,2,00,2,1,0,201800013258A01,7,1,1
201800013308,2018-06-27,2018,juin,mercredi,13:30,50,50644,48.58457,-1.13403,2,3,3,1,1,3,2,02,1,1,,,1,0,1,4,2,12,3,1,2,00,2,5,0,201800013308A01,7,0,1
201800013320,2018-02-25,2018,février,dimanche,11:00,50,50030,49.66627,-1.25893,2,1,2,1,1,3,2,02,1,1,,,1,0,1,4,1,46,5,1,2,00,2,1,2,201800013320A01,7,1,1
201800013326,2018-07-24,2018,juillet,mardi,17:00,50,50615,49.51298,-1.48091,1,3,3,1,1,3,1,01,2,2,,,1,5,1,2,1,82,5,1,2,00,2,8,5,201800013326A01,10,1,1
201800013332,2018-10-05,2018,octobre,vendredi,82:0,50,50539,49.66693,-1.39964,2,1,3,2,1,3,2,02,1,1,,,1,0,1,4,1,71,5,1,2,00,2,6,19,201800013332B01,7,1,1
201800013343,2018-05-10,2018,mai,jeudi,21:40,50,50031,49.36496,-1.75964,2,1,6,5,1,4,2,02,1,1,,,1,0,3,4,1,50,5,1,2,08,0,1,0,201800013343A01,,,
201800013372,2018-07-22,2018,juillet,dimanche,10:50,50,50551,49.3867,-1.53197,2,3,7,1,1,4,2,02,2,1,,,1,0,1,3,1,63,3,1,2,00,0,0,1,201800013372A01,,,
201800013375,2018-08-17,2018,août,vendredi,95:0,50,50517,49.42675,-1.24696,1,2,3,1,1,3,2,02,1,1,,,1,0,1,4,1,37,5,1,2,00,2,8,1,201800013375B01,7,15,1
201800013377,2018-08-31,2018,août,vendredi,16:15,50,50103,49.37199,-1.32891,2,4,3,1,1,3,2,02,1,2,,,1,0,1,4,1,50,1,1,2,00,2,7,1,201800013377A01,7,1,1
201800013380,2018-10-04,2018,octobre,jeudi,14:20,50,50387,49.42238,-1.44936,1,3,2,1,1,3,2,02,1,1,,,1,0,1,4,1,35,5,1,2,00,0,4,2,201800013380B01,7,2,1
201800013383,2018-01-05,2018,janvier,vendredi,15:40,50,50354,49.12375,-1.5039,1,6,3,1,7,3,2,02,2,1,000,065,1,5,1,3,1,40,5,1,2,00,2,1,1,201800013383B01,7,19,1
201800013387,2018-04-09,2018,avril,lundi,12:30,50,50003,49.04817,-1.59818,2,1,2,1,1,4,1,01,1,1,,,1,0,1,3,1,85,3,1,2,00,2,0,1,201800013387B01,7,4,1
201800013411,2018-10-03,2018,octobre,mercredi,16:20,50,50143,48.85183,-1.51252,1,1,3,1,1,3,2,02,2,3,,,1,0,1,4,1,39,5,1,2,00,2,1,1,201800013411B01,21,13,1
201800013442,2018-10-10,2018,octobre,mercredi,13:50,05,05184,44.40661,5.95495,1,2,1,1,2,3,2,02,1,1,,,2,0,1,3,1,67,5,1,2,00,2,8,1,201800013442A01,10,1,1
201800013448,2018-07-01,2018,juillet,dimanche,17:25,05,05072,44.62818,6.08385,1,1,5,1,1,2,2,02,2,1,,,1,0,1,4,1,62,0,1,2,00,0,6,2,201800013448B01,7,2,1
201800013448,2018-07-01,2018,juillet,dimanche,17:25,05,05072,44.62818,6.08385,1,1,5,1,1,2,2,02,2,1,,,1,0,1,1,1,65,5,1,2,00,0,4,2,201800013448C01,7,2,1
201800013500,2018-04-17,2018,avril,mardi,19:00,14,14034,49.10025,-0.45897,2,2,3,1,1,3,2,02,2,1,,,1,0,1,3,1,16,5,1,2,00,2,7,19,201800013500A01,7,1,1
201800013513,2018-06-23,2018,juin,samedi,19:45,14,14705,49.23094,-0.9337,1,1,7,1,1,4,-1,02,1,3,,,1,0,1,3,1,64,5,1,2,00,0,0,0,201800013513B01,21,1,1
201800013520,2018-09-11,2018,septembre,mardi,13:30,14,14652,49.38735,-0.97399,1,1,7,1,1,3,2,02,1,1,,,1,0,3,4,1,81,5,1,2,00,0,1,1,201800013520A01,,,
201800013551,2018-07-04,2018,juillet,mercredi,11:05,14,14278,49.1752,-0.58175,1,1,3,1,1,3,2,02,1,1,,,1,0,1,4,1,66,5,1,2,00,2,3,23,201800013551B01,7,17,1
201800013588,2018-07-12,2018,juillet,jeudi,19:20,14,14743,49.16562,0.00181,1,3,2,1,1,3,2,02,1,1,,,1,0,1,2,1,16,5,1,3,00,0,4,15,201800013588B01,10,17,1
201800013589,2018-07-15,2018,juillet,dimanche,10:45,14,14398,49.2069,0.15658,1,1,3,1,1,3,2,02,1,1,,,1,0,1,4,1,65,5,1,2,00,0,8,1,201800013589B01,7,17,1
201800013622,2018-11-24,2018,novembre,samedi,92:0,14,14556,49.11656,-0.38398,2,2,3,1,1,3,2,02,2,1,,,1,5,1,3,1,41,5,1,2,00,2,1,1,201800013622B01,7,15,1
201800013629,2018-03-31,2018,mars,samedi,13:30,14,14414,0,0,1,3,5,1,1,3,2,02,2,1,000,000,1,0,1,4,1,60,5,1,2,00,2,6,1,201800013629B01,7,23/15,2
201800013655,2018-10-29,2018,octobre,lundi,17:10,14,14431,49.07352,-0.06947,2,6,2,1,1,3,1,01,1,2,,,1,5,1,3,1,44,5,1,2,00,2,4,2,201800013655B01,7,9,1
201800013669,2018-04-22,2018,avril,dimanche,91:5,06,06090,43.58753,6.93485,1,6,3,1,1,3,-1,02,1,2,,,1,5,1,4,2,20,5,1,2,00,2,8,1,201800013669B01,7,9,1
201800013683,2018-07-12,2018,juillet,jeudi,16:50,06,06079,43.54016,6.93565,2,6,2,1,1,3,1,02,1,2,,,1,5,1,4,1,53,5,1,2,00,0,4,1,201800013683B01,7,1,1
201800013687,2018-08-17,2018,août,vendredi,75:0,06,06079,43.53357,6.95026,2,3,3,1,1,3,2,02,1,3,,,1,0,5,4,1,57,5,1,2,00,2,8,2,201800013687B01,7,16,1
201800013694,2018-10-26,2018,octobre,vendredi,84:0,06,06138,43.49338,6.9451,2,3,3,1,1,3,2,02,2,2,,,1,0,1,4,1,28,5,1,2,00,2,1,1,201800013694B01,7,15,1
201800013703,2018-04-16,2018,avril,lundi,13:20,06,06112,43.67482,7.01032,2,2,3,1,1,3,2,02,2,1,,,1,5,1,3,1,70,5,1,2,00,2,0,1,201800013703A01,20,15,1
201800013704,2018-04-18,2018,avril,mercredi,12:05,06,06089,43.66528,6.99278,2,2,3,1,1,4,2,02,3,1,,,1,0,1,3,1,58,3,1,2,00,2,8,1,201800013704B01,7,15,1
201800013706,2018-03-28,2018,mars,mercredi,11:00,06,06038,43.67516,6.97931,2,1,7,1,1,3,2,02,2,1,,,1,0,1,3,1,67,5,1,2,00,0,0,1,201800013706A01,13,9,1
201800013709,2018-06-16,2018,juin,samedi,10:50,06,06112,43.67461,7.00963,2,1,3,1,1,3,2,02,2,1,,,1,0,1,4,1,48,5,1,2,00,2,1,0,201800013709B01,7,15,1
201800013717,2018-09-15,2018,septembre,samedi,18:40,06,06010,43.72236,6.97592,1,1,6,1,1,3,2,02,2,4,,,1,0,3,3,1,30,5,1,2,06,0,1,1,201800013717A01,,,
201800013738,2018-03-06,2018,mars,mardi,11:45,06,06032,43.72178,7.3993,2,1,5,1,1,3,2,02,2,1,,,1,0,1,2,1,62,5,1,2,00,2,1,2,201800013738A01,7/ 38,23/1,2
201800013744,2018-06-16,2018,juin,samedi,11:10,06,06150,43.73239,7.41157,2,9,2,1,1,4,2,02,2,4,,,1,0,1,3,1,45,5,1,2,00,2,1,2,201800013744B01,7,4,1
201800013797,2018-07-18,2018,juillet,mercredi,74:0,72,72073,48.02562,0.06858,1,1,2,1,1,2,2,02,2,1,,,1,0,1,3,1,47,1,1,2,00,0,4,1,201800013797B01,10,2,1
201800013798,2018-07-21,2018,juillet,samedi,11:50,72,72344,47.94022,0.13937,1,1,1,1,1,4,2,02,3,1,,,1,2,1,3,2,17,1,1,2,00,2,8,13,201800013798A01,7,1,1
201800013804,2018-10-04,2018,octobre,jeudi,16:25,72,72146,47.87459,0.11851,1,1,7,1,1,3,2,02,1,1,,,1,0,1,2,1,60,5,1,2,00,0,0,1,201800013804A01,,,
201800013819,2018-09-20,2018,septembre,jeudi,17:15,72,72217,48.09934,0.1791,1,1,4,1,1,4,2,02,1,3,,,1,0,1,4,1,68,5,1,2,00,2,3,17,201800013819C01,7,21,1
201800013819,2018-09-20,2018,septembre,jeudi,17:15,72,72217,48.09934,0.1791,1,1,4,1,1,4,2,02,1,3,,,1,0,1,3,1,58,5,1,2,00,2,8,1,201800013819B01,7,21,1
201800013822,2018-09-27,2018,septembre,jeudi,16:00,72,72275,48.06705,0.34285,2,1,6,1,1,3,2,02,1,1,,,1,0,4,3,1,70,5,1,2,01,0,1,0,201800013822A01,,,
201800013859,2018-09-20,2018,septembre,jeudi,13:30,72,72090,48.03978,0.47294,1,1,7,1,1,4,2,02,2,1,,,1,0,3,4,1,13,2,1,2,00,0,0,1,201800013859A01,,,
201800013862,2018-09-25,2018,septembre,mardi,17:25,72,72129,48.04395,0.33425,1,1,3,1,1,3,2,02,1,1,,,1,0,1,4,1,42,5,1,2,00,2,8,1,201800013862B01,7,14,1
201800013867,2018-01-09,2018,janvier,mardi,51:5,72,72334,48.18348,-0.12734,2,2,2,5,1,3,2,02,2,1,,,1,0,1,4,1,29,5,1,2,00,2,1,1,201800013867B01,15,1,1
201800013868,2018-05-10,2018,mai,jeudi,10:55,72,72198,48.07021,0.1417,1,1,2,1,1,3,3,01,1,1,,,1,0,1,3,1,53,5,1,2,00,0,4,11,201800013868A01,33,1,1
201800013879,2018-05-29,2018,mai,mardi,14:45,72,72376,47.86942,0.49503,1,1,3,1,1,3,2,02,2,1,,,1,0,1,3,1,62,5,1,2,00,2,8,1,201800013879B01,17,17,1
201800013901,2018-11-13,2018,novembre,mardi,95:0,72,72228,47.81008,-0.20399,1,1,3,1,1,3,2,02,1,1,,,2,0,1,4,2,64,9,1,2,00,2,8,2,201800013901B01,7,17,1
201800013924,2018-07-29,2018,juillet,dimanche,12:30,72,72196,48.18234,0.30954,1,1,6,1,8,3,2,02,4,1,,,1,0,3,3,2,19,5,1,2,08,0,8,16,201800013924A01,,,
201800013947,2018-06-02,2018,juin,samedi,11:35,72,72266,48.26633,-0.00188,1,1,6,1,1,3,2,02,2,1,,,1,0,1,3,1,52,5,1,2,00,6,3,1,201800013947A01,,,
201800013961,2018-08-12,2018,août,dimanche,17:55,54,54425,49.30219,5.79136,2,3,1,1,1,4,2,02,1,1,,,1,0,1,4,1,16,5,1,2,00,2,1,15,201800013961A01,7,1,1
201800014004,2018-12-04,2018,décembre,mardi,14:05,54,54415,48.98376,6.02017,2,2,3,1,1,3,2,02,1,3,,,1,5,1,3,1,71,5,1,2,07,2,1,1,201800014004B01,7,15,1
201800014008,2018-03-05,2018,mars,lundi,12:00,66,66009,0,0,2,1,1,1,1,3,2,02,2,1,,,1,0,1,3,1,71,0,1,2,00,2,1,15,201800014008A01,7,17,1
201800014063,2018-09-16,2018,septembre,dimanche,93:0,66,66024,0,0,1,1,2,1,1,3,2,02,2,1,,,1,0,1,3,1,81,5,1,2,12,0,4,1,201800014063B01,7,17,1
201800014080,2018-06-09,2018,juin,samedi,14:40,66,66154,0,0,1,1,3,1,1,3,2,02,2,3,,,1,0,1,3,1,39,5,1,2,00,2,3,1,201800014080A01,7,21,1
201800014105,2018-08-02,2018,août,jeudi,10:30,58,58095,46.83481,3.46656,2,1,3,1,1,3,2,02,1,1,,,1,0,3,3,1,71,5,1,2,00,2,8,2,201800014105B01,7,2,1
201800014169,2018-09-15,2018,septembre,samedi,84:9,58,58180,47.20102,4.08194,1,1,1,1,1,4,2,02,2,3,,,1,0,1,3,1,53,5,1,2,00,2,0,17,201800014169A01,21,1,1
201800014183,2018-08-14,2018,août,mardi,14:51,58,58155,47.15432,3.02647,1,1,2,1,1,3,2,02,1,1,,,1,0,1,3,1,73,5,1,2,00,2,4,13,201800014183B01,14,17,1
201800014189,2018-05-11,2018,mai,vendredi,16:15,58,58109,47.46835,3.32607,1,3,3,1,1,3,2,02,4,1,,,1,0,1,3,1,67,5,1,2,00,2,3,0,201800014189B01,33,1,1
201800014190,2018-07-30,2018,juillet,lundi,11:15,58,58198,47.4772,3.44697,2,1,6,1,1,4,2,02,2,2,,,1,0,1,3,1,10,5,1,2,00,2,1,17,201800014190A01,7,1,1
201800014220,2018-05-04,2018,mai,vendredi,17:00,26,26108,44.73085,5.01758,2,2,1,1,1,4,1,01,1,1,000,000,1,5,1,3,1,78,5,1,9,00,2,2,15,201800014220B01,7,1,1
201800014240,2018-08-01,2018,août,mercredi,81:0,26,26176,0,0,1,1,7,1,1,3,2,02,2,1,000,000,1,0,3,3,1,50,0,1,9,13,0,0,0,201800014240A01,,,
201800014250,2018-07-10,2018,juillet,mardi,93:0,26,26345,44.29981,4.80625,1,1,1,1,1,4,2,02,1,1,000,000,1,0,1,2,1,73,5,1,2,00,2,1,21,201800014250B01,7,21,1
201800014253,2018-08-12,2018,août,dimanche,10:00,26,26363,0,0,1,1,7,1,1,3,2,02,2,1,000,000,1,0,3,3,1,71,5,1,2,13,0,1,1,201800014253A01,,,
201800014255,2018-09-03,2018,septembre,lundi,13:50,26,26263,44.18324,5.38797,1,1,1,1,1,3,2,01,1,1,,,1,5,1,3,2,71,5,1,2,00,2,7,1,201800014255B01,7,9,1
201800014267,2018-08-31,2018,août,vendredi,22:05,70,70136,47.65997,6.10676,1,1,2,3,1,2,1,02,1,1,,,1,0,1,2,1,42,0,1,2,00,2,4,2,201800014267A01,7,2,1
201800014288,2018-07-09,2018,juillet,lundi,18:00,70,70309,47.45196,6.22261,1,1,3,1,1,3,2,02,1,1,,,1,0,1,3,1,57,5,1,2,00,2,6,2,201800014288B01,10,17,1
201800014289,2018-07-27,2018,juillet,vendredi,11:45,70,70560,47.44014,5.96997,1,1,3,1,1,3,2,02,1,1,,,1,0,1,4,1,46,5,1,2,00,0,8,1,201800014289B01,10,1,1
201800014290,2018-08-09,2018,août,jeudi,91:5,70,70575,47.33922,6.01812,2,1,2,1,1,3,2,02,1,1,,,1,0,1,4,1,73,5,1,2,00,2,4,2,201800014290B01,7,1,1
201800014295,2018-04-03,2018,avril,mardi,11:39,70,70299,47.62401,5.78382,2,3,3,1,1,3,2,02,1,1,,,1,0,1,4,1,11,2,1,2,00,2,1,19,201800014295A01,7,1,1
201800014312,2018-04-14,2018,avril,samedi,17:15,70,70188,47.68254,6.29383,1,1,5,1,1,3,2,02,4,1,,,1,0,1,4,1,23,9,1,2,00,2,8,2,201800014312C01,33,2,2
201800014314,2018-06-07,2018,juin,jeudi,18:15,70,70294,47.74723,6.50506,1,1,5,1,1,3,2,02,1,1,,,1,0,1,3,2,8,5,1,2,00,2,1,15,201800014314A01,7,2/1,2
201800014316,2018-09-18,2018,septembre,mardi,17:45,70,70473,47.79377,6.39102,2,9,3,1,1,3,2,02,1,1,,,1,0,1,4,1,57,3,1,2,00,9,8,13,201800014316A01,37,17,1
201800014326,2018-08-20,2018,août,lundi,18:00,70,70245,47.89152,6.41919,1,1,2,1,1,3,2,02,1,1,,,1,0,1,3,1,46,5,1,2,00,2,4,2,201800014326B01,7,2,1
201800014380,2018-06-24,2018,juin,dimanche,10:15,01,01272,46.16324,4.98809,1,1,3,1,1,3,2,02,1,1,,,1,0,1,3,1,47,5,1,2,00,2,8,1,201800014380B01,7,17,1
201800014408,2018-04-18,2018,avril,mercredi,18:20,01,01229,46.33163,5.14656,1,1,6,1,1,4,2,02,1,1,,,1,0,1,4,1,43,5,1,2,00,1,1,1,201800014408A01,,,
201800014408,2018-04-18,2018,avril,mercredi,18:20,01,01229,46.33163,5.14656,1,1,6,1,1,4,2,02,1,1,,,1,0,1,1,1,45,1,1,2,00,1,1,1,201800014408A01,,,
201800014468,2018-07-15,2018,juillet,dimanche,93:0,01,01079,45.93199,5.69318,2,1,7,1,1,4,2,02,2,3,,,9,0,1,2,1,61,3,1,2,00,0,0,1,201800014468A01,,,
201800014475,2018-02-08,2018,février,jeudi,20:20,01,01181,46.22975,5.61362,2,3,2,3,1,3,2,02,1,1,,,1,0,1,3,1,15,5,1,2,00,0,4,15,201800014475B01,7,2,1
201800014495,2018-09-15,2018,septembre,samedi,22:30,01,01095,46.23022,5.4035,2,1,7,3,1,3,2,02,1,1,,,1,0,1,3,1,18,5,1,2,00,0,0,0,201800014495A01,,,
201800014519,2018-11-01,2018,novembre,jeudi,10:25,01,01183,46.10442,4.77639,2,5,3,1,1,3,2,02,2,1,,,2,5,1,4,1,28,5,1,3,00,0,7,1,201800014519B01,7,19,1
201800014531,2018-07-28,2018,juillet,samedi,94:0,15,15233,44.97421,2.36071,2,1,7,1,8,3,2,02,2,1,,,2,0,1,3,1,13,5,1,2,00,0,3,1,201800014531A01,,,
201800014543,2018-10-19,2018,octobre,vendredi,17:55,15,15196,44.86883,2.30197,1,1,3,2,1,2,2,02,2,1,,,1,5,1,3,1,63,5,1,2,00,2,3,1,201800014543B01,7,15,1
201800014550,2018-08-08,2018,août,mercredi,19:20,15,15081,44.94173,2.67177,1,1,7,1,1,3,2,02,2,2,,,1,0,1,3,1,14,5,1,2,00,0,0,15,201800014550A01,,,
201800014555,2018-10-24,2018,octobre,mercredi,15:15,15,15015,45.26753,2.47364,2,1,6,1,1,3,2,02,1,1,,,1,0,1,2,1,66,5,1,2,00,2,7,1,201800014555A01,21,1,1
201800014556,2018-12-28,2018,décembre,vendredi,20:40,15,15079,45.2571,2.34327,1,1,7,3,5,3,2,02,1,1,,,1,0,1,2,1,72,5,1,2,15,0,0,13,201800014556A01,,,