Num_Acc,date,an,mois,jour,hrmn,dep,com,lat,long,agg,int,col,lum,atm,catr,circ,nbv,prof,plan,lartpc,larrout,surf,infra,situ,grav,sexe,age,trajet,secuexist,equipement,obs,obsm,choc,manv,vehiculeid,typevehicules,manoeuvehicules,numVehicules
201800014557,2018-07-05,2018,juillet,jeudi,17:25,15,15162,45.28543,2.64714,2,6,3,1,1,3,-1,02,1,2,,,1,0,1,3,1,56,5,1,2,00,2,2,14,201800014557B01,7,2,1
201800014558,2018-07-26,2018,juillet,jeudi,95:0,15,15124,45.29983,2.58106,1,1,1,1,1,3,2,02,2,2,,,1,0,1,2,1,73,5,1,2,00,2,8,1,201800014558A01,7,1,1
201800014562,2018-04-22,2018,avril,dimanche,10:15,15,15070,45.10891,2.51785,1,1,7,1,1,3,2,02,2,2,,,1,0,1,3,1,44,5,1,2,00,0,8,1,201800014562A01,,,
201800014564,2018-07-14,2018,juillet,samedi,93:0,15,15066,45.1048,2.66776,1,1,3,1,1,3,2,02,1,3,,,1,0,1,4,1,58,5,1,2,00,2,3,18,201800014564A01,7,20,1
201800014606,2018-08-24,2018,août,vendredi,17:45,03,03036,46.58467,3.05624,2,3,3,1,1,3,2,02,2,1,,,1,0,1,3,1,69,5,1,2,00,2,1,1,201800014606B01,7,15,1
201800014647,2018-08-01,2018,août,mercredi,11:00,03,03082,46.29173,2.74072,2,1,2,1,1,3,2,02,1,1,,,1,0,1,4,1,17,5,1,2,00,2,1,2,201800014647A01,7,2,1
201800014657,2018-03-31,2018,mars,samedi,11:45,03,03126,46.07734,3.43899,1,1,3,1,1,3,2,02,1,1,,,1,0,1,4,1,21,5,1,2,00,2,8,2,201800014657B01,14,2,1
201800014664,2018-08-14,2018,août,mardi,17:40,03,03060,46.15261,3.39358,2,2,6,1,1,3,3,04,1,1,,,1,5,1,3,1,71,5,1,2,00,0,3,0,201800014664B01,10,1,1
201800014676,2018-08-04,2018,août,samedi,16:50,03,03107,46.1142,3.08363,2,2,3,1,7,3,2,02,1,1,,,1,0,1,4,1,48,5,1,2,00,2,1,1,201800014676A01,7,15,1
201800014682,2018-11-11,2018,novembre,dimanche,12:30,03,03133,46.15501,3.1932,2,1,1,1,1,3,2,02,2,1,,,1,0,1,4,1,30,5,1,2,00,2,1,1,201800014682B01,7,16,1
201800014708,2018-02-15,2018,février,jeudi,14:15,03,03254,46.30844,3.29175,2,2,3,1,1,3,2,02,1,1,,,1,,,4,1,14,5,1,2,00,2,7,1,201800014708C01,7,1,1
201800014750,2018-04-23,2018,avril,lundi,17:20,84,84072,44.05662,5.15424,1,1,1,1,1,4,2,02,2,1,,,1,0,1,2,1,8,5,1,4,00,2,1,13,201800014750B01,7,1,1
201800014757,2018-09-22,2018,septembre,samedi,15:30,84,84017,44.14323,5.28064,1,1,1,1,1,3,2,02,2,3,,,1,0,1,3,1,42,5,1,2,00,2,3,13,201800014757A01,7,1,1
201800014802,2018-11-07,2018,novembre,mercredi,10:50,02,02541,49.42825,4.02686,2,1,3,1,2,3,2,02,1,1,,,2,0,1,4,1,50,3,1,4,12,2,1,2,201800014802B01,7,2,1
201800014804,2018-02-01,2018,février,jeudi,11:45,02,02748,49.09312,3.6053,1,1,2,1,2,3,2,02,1,1,,,2,0,1,3,1,63,5,1,2,00,2,4,1,201800014804B01,7,2,1
201800014811,2018-10-15,2018,octobre,lundi,16:54,02,02042,49.00286,3.34796,1,1,3,2,1,3,2,02,1,1,,,1,0,3,4,2,63,3,1,2,00,2,3,1,201800014811B01,7,2,1
201800014821,2018-09-29,2018,septembre,samedi,16:19,02,02806,49.18808,3.4636,1,1,4,1,1,3,2,02,1,4,,,1,0,1,1,2,32,5,1,4,00,0,4,2,201800014821C01,7,2,1
201800014821,2018-09-29,2018,septembre,samedi,16:19,02,02806,49.18808,3.4636,1,1,4,1,1,3,2,02,1,4,,,1,0,1,3,1,33,5,1,4,00,0,4,1,201800014821B01,7,2,1
201800014823,2018-04-17,2018,avril,mardi,16:15,02,02397,49.71189,3.22432,1,1,6,1,1,3,2,02,1,1,,,1,0,1,3,1,72,5,1,2,00,2,0,2,201800014823A01,1,2,3
201800014823,2018-04-17,2018,avril,mardi,16:15,02,02397,49.71189,3.22432,1,1,6,1,1,3,2,02,1,1,,,1,0,1,4,1,71,5,1,2,00,2,0,2,201800014823D01,1,2,3
201800014823,2018-04-17,2018,avril,mardi,16:15,02,02397,49.71189,3.22432,1,1,6,1,1,3,2,02,1,1,,,1,0,1,3,1,70,5,1,2,00,2,0,2,201800014823C01,1,2,3
201800014823,2018-04-17,2018,avril,mardi,16:15,02,02397,49.71189,3.22432,1,1,6,1,1,3,2,02,1,1,,,1,0,1,4,1,68,5,1,2,00,2,0,2,201800014823B01,1,2,3
201800014838,2018-07-07,2018,juillet,samedi,93:0,02,02095,49.98734,3.45385,2,1,5,1,1,9,2,02,1,1,,,1,0,1,4,1,32,5,1,8,00,2,8,13,201800014838A01,7,9/17,2
201800014862,2018-08-08,2018,août,mercredi,17:15,02,02687,49.3205,3.19688,1,1,6,1,1,3,2,02,2,1,,,1,0,1,3,1,65,5,1,2,00,0,1,1,201800014862A01,,,
201800014894,2018-08-04,2018,août,samedi,17:35,02,02679,49.1025,3.19703,1,2,3,1,1,3,2,02,1,1,,,1,0,1,3,1,17,5,1,4,00,2,7,1,201800014894A01,7,1,1
201800014913,2018-09-28,2018,septembre,vendredi,81:5,13,13083,43.90362,4.80989,2,6,2,1,7,4,-1,01,1,3,,,1,5,1,3,2,80,5,1,4,00,0,4,1,201800014913B01,7,2,1
201800014923,2018-05-31,2018,mai,jeudi,14:00,38,38304,44.94965,5.76826,1,4,3,1,2,3,2,02,1,2,,,1,0,1,3,1,51,5,1,2,00,2,2,1,201800014923B01,7,10,1
201800014940,2018-05-20,2018,mai,dimanche,14:50,38,38292,45.44904,5.51233,1,6,3,1,1,3,2,02,1,2,,,1,0,1,3,1,68,5,1,2,00,2,7,16,201800014940A01,7,16,1
201800014951,2018-08-12,2018,août,dimanche,90:0,38,38104,45.58194,5.58723,1,2,3,1,1,3,2,02,2,1,,,1,0,1,2,1,76,5,1,2,00,2,1,1,201800014951B01,7,19,1
201800014953,2018-08-17,2018,août,vendredi,15:50,38,38357,45.5436,5.52228,2,2,3,1,1,3,2,02,2,1,,,1,0,1,4,1,78,5,1,2,00,0,7,1,201800014953B01,7,15,1
201800014963,2018-09-22,2018,septembre,samedi,17:35,38,38465,45.69449,5.50166,2,3,3,1,1,3,2,02,1,1,,,1,0,1,3,1,15,5,1,2,00,2,8,16,201800014963B01,7,1,1
201800014979,2018-04-25,2018,avril,mercredi,17:35,38,38140,45.27258,5.88713,2,3,6,1,1,4,1,01,1,1,,,1,0,5,3,1,14,5,1,2,06,2,7,1,201800014979B01,7,16,1
201800014980,2018-04-28,2018,avril,samedi,11:40,38,38397,45.24274,5.8254,2,1,7,1,1,3,2,02,1,1,,,1,0,5,4,1,68,5,1,2,06,9,2,1,201800014980A01,,,
201800014981,2018-05-18,2018,mai,vendredi,17:06,38,38140,45.27869,5.89501,1,1,3,1,1,4,-1,02,2,2,,,1,2,1,3,1,56,5,1,2,00,2,8,1,201800014981B01,7,1,1
201800014995,2018-06-23,2018,juin,samedi,18:20,38,38334,45.18247,5.88024,1,3,7,1,1,3,2,02,3,1,,,1,0,1,3,1,46,5,1,2,00,0,9,1,201800014995B01,7,15,1
201800014996,2018-07-08,2018,juillet,dimanche,11:00,38,38422,45.15645,5.82354,2,1,7,1,1,3,2,02,2,1,,,1,0,4,3,1,61,5,1,2,12,0,2,1,201800014996A01,,,
201800014997,2018-08-06,2018,août,lundi,17:30,38,38547,45.25025,5.89942,2,1,7,1,1,3,2,02,2,1,,,1,0,1,4,1,35,5,1,2,00,0,0,1,201800014997A01,,,
201800015003,2018-10-23,2018,octobre,mardi,15:10,38,38422,45.14206,5.82915,2,1,2,1,1,3,2,02,1,1,,,1,0,1,3,1,36,5,1,2,00,2,3,2,201800015003A01,10,1,1
201800015010,2018-06-22,2018,juin,vendredi,83:0,38,38002,45.27348,5.97673,2,4,3,1,1,4,2,02,2,2,,,1,0,1,3,1,65,1,1,2,00,2,1,16,201800015010B01,7,1,1
201800015011,2018-06-29,2018,juin,vendredi,10:20,38,38511,45.36234,5.95533,1,1,3,1,1,3,2,02,2,1,,,1,0,5,3,1,49,5,1,2,00,2,1,5,201800015011B01,7,15,1
201800015020,2018-11-15,2018,novembre,jeudi,80:0,38,38314,45.43463,6.00841,2,6,3,1,1,3,1,02,1,3,,,1,0,1,4,2,62,1,1,2,00,0,4,0,201800015020A01,7,0,1
201800015030,2018-10-24,2018,octobre,mercredi,17:35,38,38394,45.06901,5.24368,2,6,3,1,1,3,2,02,1,1,,,1,5,1,3,1,52,5,1,2,00,2,3,9,201800015030A01,7,1,1
201800015062,2018-04-28,2018,avril,samedi,15:45,38,38291,45.36365,5.12964,1,2,3,1,1,4,2,02,2,1,,,1,0,1,3,1,14,5,1,2,00,2,8,1,201800015062B01,10,1,1
201800015095,2018-04-19,2018,avril,jeudi,95:0,38,38015,45.53558,5.16387,2,1,7,1,1,3,2,02,1,1,,,1,0,1,4,1,64,5,1,2,00,2,1,17,201800015095B01,7,15,1
201800015097,2018-05-05,2018,mai,samedi,85:0,38,38399,45.49674,5.14057,2,6,3,1,1,3,2,02,1,1,,,1,0,1,4,1,64,5,1,2,00,2,1,1,201800015097B01,7,1,1
201800015101,2018-05-20,2018,mai,dimanche,10:15,38,38015,45.54194,5.19057,1,3,1,1,1,3,2,02,1,1,,,1,0,1,3,1,50,5,1,2,00,2,1,16,201800015101A01,7,1,1
201800015105,2018-07-03,2018,juillet,mardi,10:30,38,38015,45.54017,5.15512,2,1,5,1,1,3,2,02,1,1,,,1,0,1,4,1,74,5,1,2,00,2,1,1,201800015105C01,99,1,1
201800015105,2018-07-03,2018,juillet,mardi,10:30,38,38015,45.54017,5.15512,2,1,5,1,1,3,2,02,1,1,,,1,0,1,3,1,71,5,1,2,00,2,1,1,201800015105B01,99,1,1
201800015129,2018-09-12,2018,septembre,mercredi,74:5,31,31293,43.71996,1.39402,1,1,3,1,1,3,2,02,1,1,,,1,0,1,4,1,48,1,1,2,00,2,8,15,201800015129A01,10,1,1
201800015134,2018-11-28,2018,novembre,mercredi,16:40,31,31230,43.71777,1.42401,2,1,1,1,1,4,2,02,1,1,,,1,0,1,3,1,14,5,1,2,00,2,1,1,201800015134A01,7,1,1
201800015138,2018-02-25,2018,février,dimanche,70:0,31,31515,43.80597,1.32289,1,1,3,2,1,3,2,02,1,1,,,1,0,1,4,1,54,5,1,2,00,2,8,2,201800015138B01,7,2,1
201800015143,2018-10-16,2018,octobre,mardi,73:0,31,31079,43.77188,1.40618,1,1,1,3,2,3,2,02,1,1,,,2,0,1,3,1,51,1,1,2,00,2,3,1,201800015143B01,7,17,1
201800015176,2018-08-15,2018,août,mercredi,11:30,31,31345,43.37292,1.4164,2,1,7,1,1,3,2,02,2,4,,,1,0,1,3,1,63,5,1,2,00,0,8,1,201800015176A01,,,
201800015186,2018-02-11,2018,février,dimanche,13:50,31,31052,43.37882,1.36739,2,1,7,1,8,4,2,02,4,2,,,1,0,4,2,1,15,5,1,2,06,0,7,14,201800015186A01,,,
201800015189,2018-04-11,2018,avril,mercredi,17:30,31,31280,43.24325,1.2853,1,1,3,1,1,3,2,02,4,1,,,1,0,1,4,1,11,5,1,2,00,2,8,15,201800015189B01,7,17,1
201800015190,2018-04-24,2018,avril,mardi,16:35,31,31455,43.25552,1.20075,2,1,7,1,1,4,2,02,2,1,,,1,0,1,4,1,39,5,1,2,12,0,9,1,201800015190A01,,,
201800015225,2018-03-03,2018,mars,samedi,94:5,31,31255,43.03972,0.57039,1,1,7,1,1,4,2,02,2,1,,,1,0,1,3,1,62,5,1,2,00,0,0,0,201800015225A01,,,
201800015230,2018-09-10,2018,septembre,lundi,15:25,31,31147,43.10464,0.62021,1,1,3,1,1,3,2,02,1,1,,,1,0,1,4,1,73,5,1,2,00,2,8,1,201800015230B01,10,2,1
201800015240,2018-05-26,2018,mai,samedi,15:50,31,31152,43.34161,0.89039,1,1,1,1,1,3,2,02,2,3,,,1,0,1,3,1,16,5,1,2,00,2,1,5,201800015240B01,7,1,1
201800015250,2018-08-18,2018,août,samedi,10:15,31,31357,43.03524,0.89544,1,2,1,1,1,3,2,02,1,1,,,1,0,1,3,1,80,5,1,2,00,2,2,1,201800015250B01,7,14,1
201800015265,2018-07-11,2018,juillet,mercredi,11:30,31,31374,43.40669,1.63187,1,1,7,1,1,3,2,02,4,2,,,1,0,1,3,1,60,5,1,2,00,0,0,1,201800015265A01,,,
201800015269,2018-10-04,2018,octobre,jeudi,11:55,31,31210,43.3989,1.67956,1,2,3,1,1,3,2,02,3,1,,,1,0,1,2,1,70,5,1,2,00,2,1,1,201800015269A01,7,1,1
201800015298,2018-03-23,2018,mars,vendredi,16:45,29,29220,47.8625,-4.24793,1,1,2,1,3,4,2,02,1,3,,,2,0,1,3,1,58,3,1,4,00,2,4,2,201800015298B01,7,2,1
201800015308,2018-07-08,2018,juillet,dimanche,13:00,29,29165,47.82042,-4.26882,1,3,7,1,1,4,2,02,1,1,,,1,0,5,3,1,67,5,1,2,00,0,0,1,201800015308A01,7,0,1
201800015321,2018-01-11,2018,janvier,jeudi,18:35,29,29075,48.43137,-4.40274,2,6,3,5,1,3,2,01,3,2,,,1,5,1,3,1,48,1,1,4,00,2,1,1,201800015321B01,7,9,1
201800015323,2018-03-02,2018,mars,vendredi,14:00,29,29075,48.44314,-4.41496,2,6,2,1,2,3,2,02,1,3,,,2,0,1,4,1,16,5,1,2,00,0,4,0,201800015323B01,7,9,1
201800015326,2018-05-14,2018,mai,lundi,81:5,29,29075,48.43549,-4.3996,2,6,3,1,1,3,-1,02,2,1,,,1,0,1,3,1,11,2,1,2,00,2,1,2,201800015326B01,7,2,1
201800015340,2018-03-15,2018,mars,jeudi,20:55,29,29149,48.46525,-4.51568,1,1,2,3,1,3,2,02,1,1,,,1,0,1,3,1,56,1,1,2,00,2,4,1,201800015340A01,7,1,1
201800015345,2018-07-14,2018,juillet,samedi,21:55,29,29195,48.60038,-4.49302,1,1,3,1,1,3,2,02,1,1,,,1,0,1,4,2,34,5,1,2,00,2,6,2,201800015345B01,7,2,1
201800015348,2018-09-05,2018,septembre,mercredi,95:0,29,29117,48.57092,-4.52304,1,6,3,1,1,3,2,02,2,2,,,1,5,1,3,1,51,5,1,2,00,2,0,0,201800015348A01,7,0,1
201800015370,2018-12-04,2018,décembre,mardi,84:0,29,29069,48.42473,-4.56636,2,6,3,2,1,4,2,02,1,1,,,2,0,1,4,1,14,2,1,2,00,0,7,1,201800015370B01,10,1,1
201800015382,2018-06-14,2018,juin,jeudi,12:00,29,29208,48.49668,-4.69843,1,6,3,1,8,3,2,02,1,1,,,1,5,1,4,1,32,5,1,2,00,2,1,1,201800015382B01,7,9,1
201800015427,2018-07-05,2018,juillet,jeudi,20:00,29,29199,48.57278,-3.71785,2,1,3,1,1,4,2,02,1,1,,,1,0,1,3,1,53,1,1,2,00,2,3,1,201800015427B01,7,17,1
201800015430,2018-10-25,2018,octobre,jeudi,13:20,29,29207,48.52443,-3.83535,1,5,3,1,8,3,2,02,1,1,,,1,5,1,3,1,65,5,1,2,00,2,3,1,201800015430B01,7,19,1
201800015440,2018-05-31,2018,mai,jeudi,10:03,29,29277,48.41098,-4.08551,1,6,3,1,2,3,1,01,2,2,,,2,5,1,3,1,62,5,1,2,00,2,7,1,201800015440B01,7,9,1
201800015465,2018-05-01,2018,mai,mardi,11:45,29,29259,48.6554,-4.00967,1,1,2,1,1,4,2,02,1,1,,,1,0,1,4,1,48,5,1,2,00,2,2,1,201800015465B01,21,4,1
201800015470,2018-06-07,2018,juin,jeudi,18:45,29,29287,48.61143,-4.26532,1,2,2,1,1,3,2,02,3,4,,,1,0,1,4,1,44,5,1,2,00,2,4,1,201800015470B01,7,1,1
201800015475,2018-08-15,2018,août,mercredi,10:55,29,29239,48.71913,-3.98528,2,1,3,1,1,3,2,02,1,1,,,1,0,1,3,1,30,1,1,2,00,2,1,1,201800015475B01,7,16,1
201800015484,2018-12-21,2018,décembre,vendredi,17:35,29,29184,48.62191,-3.9859,1,2,3,3,2,3,2,02,1,1,,,2,0,1,3,1,62,1,1,4,00,2,8,19,201800015484B01,7,1,1
201800015490,2018-04-03,2018,avril,mardi,16:10,29,29150,47.80813,-3.65986,1,1,2,1,1,3,2,02,1,1,,,2,0,3,4,2,45,5,1,2,00,2,8,1,201800015490B01,7,1,1
201800015495,2018-08-08,2018,août,mercredi,14:25,29,29150,47.80814,-3.70174,2,1,7,1,1,4,2,02,2,2,,,1,0,3,3,1,66,5,1,2,00,0,2,1,201800015495A01,,,
201800015497,2018-09-02,2018,septembre,dimanche,11:35,29,29150,47.78402,-3.66966,2,3,3,1,1,4,2,02,4,1,,,1,5,1,3,1,25,5,1,2,00,0,1,1,201800015497B01,7,15,1
201800015499,2018-10-05,2018,octobre,vendredi,11:40,29,29293,47.81283,-3.82338,1,1,2,1,1,4,2,02,1,1,,,1,0,1,3,1,72,5,1,2,00,0,4,1,201800015499B01,7,17,1
201800015502,2018-02-25,2018,février,dimanche,15:03,29,29004,47.92159,-3.65087,1,1,3,1,1,3,2,02,1,1,,,1,0,1,3,2,14,5,1,2,00,2,8,15,201800015502B01,7,17,1
201800015520,2018-12-22,2018,décembre,samedi,14:45,29,29004,47.9227,-3.66985,1,1,2,1,1,3,3,02,1,3,,,1,0,1,3,1,77,5,1,2,00,0,0,1,201800015520A01,7,17,1
201800015533,2018-09-03,2018,septembre,lundi,14:45,35,35117,48.12546,-2.21564,1,3,3,1,1,3,2,02,1,1,,,1,0,1,2,2,80,5,1,2,00,2,8,9,201800015533A01,7,1,1
201800015537,2018-10-25,2018,octobre,jeudi,15:20,35,35184,48.18988,-2.03141,1,1,3,1,1,3,2,02,1,3,,,1,0,1,3,1,88,5,1,2,00,2,8,1,201800015537B01,21,17,1
201800015555,2018-06-21,2018,juin,jeudi,15:10,35,35230,48.47375,-1.27798,1,1,6,1,1,3,2,02,1,1,,,1,0,1,3,1,69,5,1,2,00,2,3,1,201800015555A01,14,1,1
201800015557,2018-09-01,2018,septembre,samedi,14:35,35,35243,48.34247,-1.29279,1,6,3,1,1,2,2,02,1,1,,,1,5,1,3,1,44,5,1,2,00,2,1,1,201800015557B01,7,16,1
201800015561,2018-12-14,2018,décembre,vendredi,16:00,35,35157,48.38549,-1.0803,1,1,3,1,7,3,2,02,1,1,,,2,0,1,3,1,74,5,1,2,00,2,8,2,201800015561B01,10,17,1
201800015570,2018-05-18,2018,mai,vendredi,72:0,35,35011,48.37734,-1.37285,1,2,3,1,1,3,2,03,1,1,,,1,5,1,3,1,71,3,1,2,00,2,7,1,201800015570B01,7,15,1
201800015581,2018-01-05,2018,janvier,vendredi,14:15,35,35299,48.63375,-1.89652,1,2,3,1,7,3,2,02,3,1,,,1,5,1,4,1,61,5,1,2,00,2,1,1,201800015581A01,7,19,1
201800015584,2018-01-28,2018,janvier,dimanche,19:40,35,35299,48.65397,-1.87282,1,1,3,3,2,3,2,02,1,1,,,2,0,3,3,1,33,5,1,4,00,2,8,1,201800015584A01,7,17,1
201800015587,2018-04-22,2018,avril,dimanche,14:50,35,35299,48.63276,-1.91041,1,1,5,1,1,3,2,02,1,1,,,1,0,1,3,1,23,5,1,2,01,0,3,13,201800015587B01,7,24,1
201800015587,2018-04-22,2018,avril,dimanche,14:50,35,35299,48.63276,-1.91041,1,1,5,1,1,3,2,02,1,1,,,1,0,1,4,1,20,5,1,2,01,0,3,13,201800015587C01,7,24,1
201800015616,2018-11-01,2018,novembre,jeudi,10:00,35,35010,48.53806,-1.69768,1,1,2,1,7,3,2,02,2,3,,,1,0,1,2,1,79,5,1,2,00,2,4,1,201800015616B01,10,2,1
201800015617,2018-01-16,2018,janvier,mardi,71:5,35,35360,48.11321,-1.20101,2,6,3,2,1,3,2,02,1,2,,,2,5,1,3,1,49,1,1,9,00,2,7,1,201800015617B01,7,1,1
201800015624,2018-05-18,2018,mai,vendredi,44:5,35,35360,48.11384,-1.19815,2,3,3,4,1,3,2,03,1,1,,,1,5,1,3,1,19,1,1,4,00,2,3,1,201800015624B01,7,15,1
201800015627,2018-08-29,2018,août,mercredi,23:0,35,35360,48.10192,-1.20736,1,9,3,3,1,3,2,02,2,1,,,1,0,1,4,1,45,5,1,2,00,2,0,1,201800015627A01,15,17,1
201800015629,2018-10-12,2018,octobre,vendredi,15:30,35,35194,48.1552,-1.24354,1,1,1,1,1,4,2,02,2,3,,,2,4,1,3,1,61,5,1,2,00,2,1,13,201800015629A01,7,1,1
201800015661,2018-05-18,2018,mai,vendredi,17:30,44,44180,47.52194,-1.18448,2,1,6,1,1,3,2,02,1,1,,,1,6,4,1,1,15,5,1,2,00,1,1,1,201800015661A01,,,
201800015673,2018-08-19,2018,août,dimanche,11:25,44,44144,47.5202,-1.29767,2,6,3,1,1,3,-1,01,3,3,,,1,0,1,4,1,57,5,1,2,00,2,1,1,201800015673B01,7,1,1
201800015700,2018-07-08,2018,juillet,dimanche,11:30,44,44131,47.11215,-2.13964,2,1,6,1,1,4,2,02,2,3,,,1,0,1,3,2,62,5,1,2,01,0,2,17,201800015700B01,7,24,1
201800015705,2018-01-10,2018,janvier,mercredi,85:5,44,44087,46.99671,-1.8169,2,6,3,1,2,4,-1,02,1,3,,,2,5,1,4,2,49,1,1,2,00,2,7,1,201800015705B01,7,16,1
201800015715,2018-07-04,2018,juillet,mercredi,16:40,44,44220,47.20533,-1.91071,1,1,3,1,1,3,2,02,1,1,,,1,0,1,3,1,65,5,1,2,00,2,8,1,201800015715B01,7,1,1
201800015716,2018-07-13,2018,juillet,vendredi,17:55,44,44186,47.10352,-1.81052,2,1,2,1,1,3,2,02,1,1,,,1,0,1,3,1,33,5,1,2,00,2,1,23,201800015716B01,7,23,1
201800015722,2018-12-23,2018,décembre,dimanche,80:0,44,44133,47.11209,-1.77978,1,1,2,3,8,3,2,02,1,1,,,2,0,1,3,1,48,5,1,2,00,2,4,1,201800015722B01,7,1,1
201800015723,2018-01-31,2018,janvier,mercredi,11:45,44,44154,47.23872,-2.16881,2,6,3,1,2,4,1,01,1,2,,,2,5,1,4,2,23,4,1,2,00,2,3,1,201800015723B01,7,16,1
201800015724,2018-02-23,2018,février,vendredi,16:30,44,44154,47.23486,-2.15901,2,6,3,1,1,4,-1,01,1,1,,,1,5,1,3,1,13,2,1,2,00,2,1,19,201800015724B01,7,1,1
201800015725,2018-03-17,2018,mars,samedi,20:05,44,44154,47.22576,-2.15556,2,9,3,5,1,4,-1,01,1,1,,,1,5,1,3,1,57,0,1,2,00,2,1,19,201800015725A01,7,1,1
201800015728,2018-06-26,2018,juin,mardi,16:38,44,44116,47.28685,-2.03327,2,1,7,1,1,4,1,01,1,1,,,1,0,1,4,1,17,5,1,2,00,0,1,1,201800015728A01,,,
201800015748,2018-09-24,2018,septembre,lundi,18:45,44,44043,47.09036,-1.2822,2,1,3,1,1,9,4,02,4,1,,,1,2,1,4,1,48,1,1,2,00,2,2,17,201800015748B01,7,15,1
201800015754,2018-11-23,2018,novembre,vendredi,22:30,44,44014,47.12259,-1.50887,1,1,2,3,2,3,2,02,1,1,,,2,0,1,3,2,62,9,1,2,00,2,4,1,201800015754A01,7,2,1
201800015758,2018-04-01,2018,avril,dimanche,94:5,44,44079,47.2081,-1.31495,1,1,2,1,1,3,2,02,3,1,,,1,0,1,3,1,64,5,1,2,01,0,1,1,201800015758A01,7,23,1
201800015775,2018-11-30,2018,novembre,vendredi,16:40,44,44130,47.13475,-1.57634,1,1,3,1,1,4,2,02,1,1,,,1,0,1,3,1,69,5,1,2,00,2,0,1,201800015775B01,7,2,1
201800015780,2018-04-10,2018,avril,mardi,10:00,44,44069,47.3407,-2.42774,2,6,3,1,3,3,1,01,1,2,,,2,5,1,3,1,79,3,1,2,00,0,4,0,201800015780B01,7,0,1
201800015791,2018-08-15,2018,août,mercredi,10:50,44,44006,47.41926,-2.38061,1,1,7,1,1,4,2,02,1,2,,,8,0,1,1,1,52,5,1,2,00,0,8,1,201800015791C01,1,1,2
201800015791,2018-08-15,2018,août,mercredi,10:50,44,44006,47.41926,-2.38061,1,1,7,1,1,4,2,02,1,2,,,8,0,1,4,2,59,5,1,2,00,0,7,1,201800015791B01,1,1,2
201800015791,2018-08-15,2018,août,mercredi,10:50,44,44006,47.41926,-2.38061,1,1,7,1,1,4,2,02,1,2,,,8,0,1,4,1,76,5,1,2,00,0,8,1,201800015791A01,1,1,2
201800015792,2018-09-03,2018,septembre,lundi,10:20,44,44049,47.28352,-2.50321,2,1,3,1,1,4,2,02,1,1,,,1,0,5,3,2,81,5,1,2,00,2,1,1,201800015792B01,7,16,1
201800015794,2018-10-10,2018,octobre,mercredi,15:15,44,44069,47.32507,-2.38697,1,1,3,1,2,3,2,02,1,1,,,2,0,1,3,1,62,5,1,2,00,2,8,1,201800015794B01,10,17,1
201800015796,2018-11-03,2018,novembre,samedi,10:35,44,44069,47.33161,-2.42907,2,6,3,1,1,4,2,02,1,1,,,1,5,1,3,1,72,3,1,2,00,2,3,1,201800015796B01,7,1,1
201800015801,2018-05-06,2018,mai,dimanche,81:0,44,44013,47.39309,-2.09849,2,1,1,1,1,7,2,02,1,3,,,1,0,1,3,1,58,5,1,9,00,2,1,1,201800015801B01,7,5,1
201800015815,2018-07-12,2018,juillet,jeudi,10:00,25,25532,47.20521,6.10231,1,9,3,1,1,3,1,02,1,1,,,1,5,1,3,1,81,5,1,2,00,2,8,11,201800015815A01,10,9,1
201800015820,2018-12-11,2018,décembre,mardi,16:30,25,25437,47.26779,6.21463,1,1,2,2,7,3,2,02,4,1,,,1,0,1,3,1,54,5,1,2,00,2,4,1,201800015820B01,7,1,1
201800015835,2018-08-23,2018,août,jeudi,12:45,25,25265,47.33331,5.97028,1,1,3,1,1,3,2,02,1,1,,,1,0,1,4,2,63,5,1,2,00,2,4,1,201800015835B01,7,2,1
201800015847,2018-11-06,2018,novembre,mardi,11:15,25,25339,47.04671,6.23855,2,1,7,1,1,3,2,02,1,1,,,1,0,1,3,1,72,5,1,2,00,0,8,13,201800015847A01,,,
201800015848,2018-01-13,2018,janvier,samedi,15:50,25,25560,47.26923,6.07694,1,1,3,1,1,3,2,04,1,2,,,1,0,1,3,1,72,5,1,2,00,2,8,1,201800015848A01,7,17,1
201800015851,2018-04-02,2018,avril,lundi,80:0,25,25560,47.27042,6.07886,1,1,2,1,1,3,2,02,1,1,,,1,0,1,2,1,65,5,1,2,00,0,4,1,201800015851B01,7,1,1
201800015854,2018-10-20,2018,octobre,samedi,16:20,25,25111,47.26833,6.08642,2,1,3,1,1,3,2,02,1,3,,,1,0,1,4,1,41,5,1,2,00,2,3,1,201800015854B01,7,17,1
201800015859,2018-02-24,2018,février,samedi,18:15,25,25147,47.21918,5.89541,1,1,6,3,1,3,2,02,1,1,,,1,5,1,3,1,17,5,1,2,00,2,8,19,201800015859B01,7,1,1
201800015874,2018-09-18,2018,septembre,mardi,15:45,25,25431,47.49496,6.60596,1,1,1,1,1,3,2,02,3,1,,,1,0,1,3,1,67,5,1,2,00,2,1,1,201800015874B01,7,19,1
201800015887,2018-06-02,2018,juin,samedi,93:0,25,25193,47.24792,6.87847,2,1,3,1,1,3,2,02,1,1,,,1,0,3,3,1,78,5,1,2,00,2,1,1,201800015887B01,7,15,1
201800015897,2018-01-08,2018,janvier,lundi,14:15,25,25634,46.95141,6.33146,1,1,3,1,1,4,2,02,2,1,,,1,0,1,3,1,49,5,1,2,00,2,1,11,201800015897B01,7,1,1