Num_Acc,date,an,mois,jour,hrmn,dep,com,lat,long,agg,int,col,lum,atm,catr,circ,nbv,prof,plan,lartpc,larrout,surf,infra,situ,grav,sexe,age,trajet,secuexist,equipement,obs,obsm,choc,manv,vehiculeid,typevehicules,manoeuvehicules,numVehicules
201800015899,2018-04-06,2018,avril,vendredi,13:35,25,25493,46.87371,6.21862,1,1,3,1,1,3,2,02,1,1,,,1,0,1,3,1,56,5,1,2,00,0,4,2,201800015899B01,7,2,1
201800015902,2018-04-21,2018,avril,samedi,95:5,25,25110,46.91198,6.27904,1,1,3,1,1,3,2,02,1,1,,,1,0,1,3,2,62,5,1,2,00,9,3,2,201800015902A01,10,2,1
201800015907,2018-06-18,2018,juin,lundi,80:0,25,25627,46.90276,6.04405,2,2,3,1,1,3,2,02,2,1,,,1,0,1,3,1,78,5,1,2,00,2,1,1,201800015907A01,21,9,1
201800015932,2018-07-27,2018,juillet,vendredi,11:00,25,25329,47.17492,6.6097,1,1,3,1,1,3,2,02,2,3,,,9,0,1,4,2,45,5,1,2,00,2,8,1,201800015932B01,33,1,1
201800015941,2018-06-25,2018,juin,lundi,12:25,39,39169,46.65468,5.53202,2,2,3,1,1,3,2,02,1,1,,,1,0,1,3,2,15,5,1,2,00,2,8,19,201800015941A01,1,1,1
201800015941,2018-06-25,2018,juin,lundi,12:25,39,39169,46.65468,5.53202,2,2,3,1,1,3,2,02,1,1,,,1,0,1,1,1,32,5,1,2,00,2,1,1,201800015941B01,1,19,1
201800015943,2018-07-06,2018,juillet,vendredi,10:40,39,39397,46.52257,5.6105,2,2,3,1,1,3,2,02,1,2,,,1,0,1,3,2,68,0,1,2,00,2,0,1,201800015943B01,7,15,1
201800015951,2018-09-23,2018,septembre,dimanche,16:50,39,39467,46.5829,5.48223,1,1,6,1,1,3,2,02,2,1,,,1,0,1,3,1,36,5,1,2,13,0,1,1,201800015951A01,,,
201800015979,2018-04-17,2018,avril,mardi,18:50,39,39448,46.98253,5.46687,2,1,6,1,1,4,2,02,1,1,,,1,0,1,3,1,54,5,1,2,01,0,1,17,201800015979B01,7,24,1
201800015983,2018-09-14,2018,septembre,vendredi,17:45,39,39365,46.97933,5.60245,2,2,3,1,1,4,2,02,1,1,,,1,0,1,3,1,11,5,1,2,00,2,1,15,201800015983A01,13,1,1
201800015987,2018-11-11,2018,novembre,dimanche,15:30,39,39498,47.1665,5.79598,2,1,1,1,1,4,2,02,1,1,,,1,0,1,2,1,60,5,1,2,00,2,1,1,201800015987B01,7,13,1
201800015991,2018-01-28,2018,janvier,dimanche,14:55,39,39333,46.43484,5.72636,2,4,1,1,1,4,2,02,1,1,,,1,0,5,4,1,12,5,1,2,00,2,1,15,201800015991B01,2,1,1
201800015993,2018-04-03,2018,avril,mardi,13:25,39,39478,46.40426,5.87843,1,3,3,1,1,3,2,02,2,2,,,1,0,1,4,1,72,5,1,2,00,2,1,1,201800015993B01,7,15,1
201800016013,2018-05-05,2018,mai,samedi,18:25,39,39047,46.56347,6.07515,1,1,1,1,2,3,2,02,2,2,,,2,0,1,3,1,31,5,1,2,00,2,1,13,201800016013A01,33,13,1
201800016019,2018-09-09,2018,septembre,dimanche,12:05,39,39367,46.53537,6.03441,2,1,1,1,7,4,2,02,2,4,,,1,0,1,3,1,31,5,1,2,00,2,1,1,201800016019A01,7,1,1
201800016026,2018-04-21,2018,avril,samedi,11:20,22,22232,48.63032,-2.8703,2,3,3,1,1,3,2,02,1,1,,,1,0,1,3,1,57,5,1,2,00,2,1,1,201800016026B01,7,1,1
201800016043,2018-01-28,2018,janvier,dimanche,93:0,22,22297,48.26139,-2.53566,1,1,2,1,8,3,2,02,2,1,,,2,0,1,3,1,61,5,1,2,00,2,4,1,201800016043B01,7,1,1
201800016052,2018-04-22,2018,avril,dimanche,83:0,22,22015,48.41126,-2.58851,1,1,7,1,1,3,2,02,2,3,,,1,0,3,2,1,69,5,1,2,13,0,0,2,201800016052A01,,,
201800016065,2018-08-08,2018,août,mercredi,82:0,22,22004,48.62609,-3.30149,2,6,3,1,1,3,2,02,1,1,,,1,5,1,4,1,73,5,1,2,00,2,5,1,201800016065B01,7,9,1
201800016092,2018-10-07,2018,octobre,dimanche,10:00,22,22220,48.24164,-3.2687,1,1,2,1,7,3,2,02,2,1,,,1,0,1,3,1,72,5,1,2,00,2,4,2,201800016092B01,7,2,1
201800016115,2018-03-05,2018,mars,lundi,14:00,22,22362,48.78596,-3.2232,2,3,7,1,1,3,2,02,1,1,,,1,5,4,3,1,56,0,1,2,12,0,1,1,201800016115A01,,,
201800016120,2018-08-08,2018,août,mercredi,18:50,22,22199,48.80498,-3.16132,1,1,5,1,1,4,2,02,1,1,,,1,0,1,3,1,70,5,1,2,00,0,0,1,201800016120B01,7,1,1
201800016120,2018-08-08,2018,août,mercredi,18:50,22,22199,48.80498,-3.16132,1,1,5,1,1,4,2,02,1,1,,,1,0,1,1,1,45,5,1,2,00,0,0,1,201800016120C01,7,1,1
201800016120,2018-08-08,2018,août,mercredi,18:50,22,22199,48.80498,-3.16132,1,1,5,1,1,4,2,02,1,1,,,1,0,1,1,1,63,5,1,2,00,0,0,1,201800016120D01,7,1,1
201800016121,2018-11-04,2018,novembre,dimanche,94:0,22,22362,48.78035,-3.23026,2,2,5,1,2,3,2,02,2,1,,,2,5,1,4,1,70,5,1,2,00,2,1,1,201800016121B01,7,10,1
201800016121,2018-11-04,2018,novembre,dimanche,94:0,22,22362,48.78035,-3.23026,2,2,5,1,2,3,2,02,2,1,,,2,5,1,3,1,68,5,1,2,00,2,1,1,201800016121C01,7,10,1
201800016125,2018-01-13,2018,janvier,samedi,16:00,68,68134,48.02407,7.31173,1,4,3,1,1,4,2,02,2,2,000,035,1,0,1,3,1,68,5,1,9,00,2,7,12,201800016125B02,7,18,1
201800016132,2018-05-08,2018,mai,mardi,15:00,68,68155,48.09032,7.31784,2,6,3,1,1,3,2,02,2,1,,,1,0,5,1,1,14,5,1,2,00,2,1,1,201800016132B01,1,1,1
201800016132,2018-05-08,2018,mai,mardi,15:00,68,68155,48.09032,7.31784,2,6,3,1,1,3,2,02,2,1,,,1,0,5,4,1,20,5,1,2,00,0,8,1,201800016132A01,1,1,1
201800016139,2018-07-15,2018,juillet,dimanche,11:40,68,68365,48.04683,7.33605,1,1,1,1,1,9,2,02,1,1,,,1,0,1,4,1,65,5,1,2,00,0,3,1,201800016139B01,7,1,1
201800016161,2018-06-15,2018,juin,vendredi,21:15,68,68138,47.59674,7.23862,1,3,3,2,1,3,2,02,1,1,,,1,0,1,4,1,34,5,1,2,00,2,3,1,201800016161A01,7,17,1
201800016165,2018-09-26,2018,septembre,mercredi,54:0,68,68138,47.58627,7.25552,2,4,3,5,1,3,2,02,1,2,,,1,5,1,4,1,49,1,1,2,00,0,8,15,201800016165B01,7,15,1
201800016176,2018-04-27,2018,avril,vendredi,16:55,68,68018,47.67157,7.176,2,3,3,1,1,3,2,02,1,1,000,072,1,0,1,4,1,23,5,1,2,00,2,1,16,201800016176B01,7,1,1
201800016180,2018-06-04,2018,juin,lundi,14:10,68,68152,47.67175,7.26534,2,3,3,1,1,3,2,02,1,1,000,056,1,5,1,3,1,16,9,1,9,00,2,7,15,201800016180A01,15,1,1
201800016189,2018-10-14,2018,octobre,dimanche,11:30,68,68378,47.63669,7.11291,2,3,2,1,1,3,2,02,4,1,,,1,0,1,4,1,69,5,1,2,00,0,4,2,201800016189A01,1,2,1
201800016189,2018-10-14,2018,octobre,dimanche,11:30,68,68378,47.63669,7.11291,2,3,2,1,1,3,2,02,4,1,,,1,0,1,3,1,69,5,1,2,00,9,1,2,201800016189B01,1,2,1
201800016206,2018-05-29,2018,mai,mardi,17:10,68,68195,47.75892,7.29024,2,6,1,1,1,3,2,02,1,1,,,1,0,1,3,2,57,5,1,2,00,0,1,5,201800016206B01,7,9,1
201800016207,2018-06-10,2018,juin,dimanche,18:10,68,68129,47.72682,7.21963,2,3,3,1,1,3,2,02,1,1,,,1,0,1,4,1,17,5,1,2,00,2,2,1,201800016207A01,2,1,1
201800016213,2018-09-12,2018,septembre,mercredi,13:20,68,68055,47.69717,7.35965,2,2,3,1,1,3,2,02,2,1,,,1,0,1,4,1,46,5,1,2,00,0,7,17,201800016213B01,7,15,1
201800016218,2018-01-18,2018,janvier,jeudi,16:40,68,68182,47.49552,7.48333,2,3,3,2,6,3,2,02,1,1,000,068,1,0,1,3,1,52,5,1,2,00,2,1,1,201800016218B01,7,15,1
201800016228,2018-07-27,2018,juillet,vendredi,18:45,68,68120,47.52166,7.47956,2,1,2,1,1,3,2,02,2,1,,,1,0,1,4,1,33,5,1,2,00,2,1,1,201800016228B01,7,1,1
201800016233,2018-10-17,2018,octobre,mercredi,14:50,68,68042,47.60777,7.50329,2,4,3,1,1,3,2,02,1,1,,,1,5,1,3,1,51,5,1,2,00,2,1,9,201800016233B01,7,1,1
201800016239,2018-04-20,2018,avril,vendredi,22:0,68,68082,47.84907,7.34654,1,1,2,3,1,3,2,02,1,1,000,065,1,0,1,4,1,19,1,1,4,00,0,4,1,201800016239A01,7,1,1
201800016241,2018-05-07,2018,mai,lundi,18:40,68,68082,47.85873,7.33991,2,3,2,1,1,3,2,02,1,1,,,1,0,1,4,1,56,5,1,2,00,2,1,1,201800016241A01,7,15,1
201800016247,2018-08-30,2018,août,jeudi,20:55,68,68258,47.84842,7.30884,1,1,6,3,1,9,2,02,1,1,,,1,0,5,3,1,63,5,1,2,00,6,0,1,201800016247A01,,,
201800016248,2018-09-26,2018,septembre,mercredi,17:40,68,68205,47.91126,7.36074,2,6,2,1,7,3,2,02,1,1,,,1,5,1,2,1,81,5,1,2,00,0,4,1,201800016248B01,7,9,1
201800016260,2018-06-02,2018,juin,samedi,14:45,68,68060,47.74039,7.1425,1,6,2,1,1,3,2,02,1,1,,,1,5,1,4,1,65,5,1,2,00,0,4,0,201800016260B01,7,1,1
201800016263,2018-08-07,2018,août,mardi,10:48,68,68201,47.78526,6.96613,2,1,2,1,7,3,2,02,1,1,,,1,0,1,3,1,77,5,1,2,00,2,1,1,201800016263B01,7,17,1
201800016265,2018-10-16,2018,octobre,mardi,16:00,68,68046,47.78299,7.03937,1,1,1,1,1,3,2,02,4,2,,,1,0,1,3,1,67,5,1,2,00,2,1,1,201800016265B01,33,1,1
201800016276,2018-08-07,2018,août,mardi,83:0,34,34096,43.55161,3.18321,1,1,2,1,1,3,2,02,2,1,,,1,0,1,4,1,20,5,1,2,00,0,4,2,201800016276A01,7,1,1
201800016293,2018-08-18,2018,août,samedi,11:00,34,34070,43.4068,2.96904,2,1,1,1,1,3,2,02,2,3,,,1,0,1,3,1,63,5,1,2,00,2,1,1,201800016293B01,7,15,1
201800016301,2018-03-15,2018,mars,jeudi,13:45,34,34300,43.43522,3.29322,1,1,2,1,1,3,-1,02,1,1,,,1,0,1,3,1,54,5,1,2,00,0,4,0,201800016301A01,7,0,1
201800016326,2018-02-02,2018,février,vendredi,21:45,34,34013,43.5819,3.46007,1,1,2,3,1,3,2,02,1,2,,,1,0,1,2,1,33,5,1,2,00,9,4,1,201800016326B01,7,1,1
201800016392,2018-05-10,2018,mai,jeudi,90:0,86,86053,46.69261,0.13939,1,2,3,1,1,3,2,02,2,1,,,1,0,1,3,1,51,5,1,2,00,2,1,1,201800016392B01,7,19,1
201800016414,2018-09-30,2018,septembre,dimanche,11:34,29,29189,48.36777,-4.3719,2,6,2,1,1,3,1,01,1,2,,,1,0,1,3,1,40,5,1,2,00,0,5,1,201800016414A01,7,0,1
201800016548,2018-08-14,2018,août,mardi,16:30,47,47283,44.4798,0.94781,2,3,3,1,1,3,2,02,1,1,000,000,1,0,1,4,1,20,0,1,2,00,2,8,15,201800016548A01,7,1,1
201800016565,2018-04-26,2018,avril,jeudi,19:57,46,46335,44.40381,1.34669,1,3,3,2,1,3,2,02,1,1,,,1,0,1,3,1,50,0,1,2,00,2,1,1,201800016565B01,7,15,1
201800016570,2018-08-22,2018,août,mercredi,10:15,46,46007,44.45053,1.52078,1,1,2,1,1,3,2,02,1,2,,,1,0,1,3,1,44,5,1,2,00,2,4,1,201800016570B01,7,2,1
201800016584,2018-07-27,2018,juillet,vendredi,15:20,46,46159,44.85252,1.95687,1,3,1,1,1,3,2,02,1,1,,,1,0,1,3,1,13,5,1,2,00,2,1,15,201800016584B01,7,1,1
201800016593,2018-08-21,2018,août,mardi,18:10,46,46128,44.77627,1.73338,2,1,3,1,1,3,2,02,1,3,,,1,0,1,3,2,13,5,1,9,00,2,7,6,201800016593A01,7,1,1
201800016614,2018-07-08,2018,juillet,dimanche,11:00,42,42311,45.47953,4.39699,2,4,1,1,7,3,2,02,1,1,,,1,5,1,3,1,41,5,1,2,00,2,8,1,201800016614B01,7,15,1
201800016616,2018-09-02,2018,septembre,dimanche,90:0,42,42097,45.49992,4.31916,2,1,1,1,1,3,2,02,2,3,,,1,0,1,3,1,45,5,1,2,00,2,1,1,201800016616B01,7,13,1
201800016641,2018-04-21,2018,avril,samedi,16:30,42,42107,45.5368,3.98936,1,1,3,1,1,3,2,02,2,1,,,1,0,1,4,1,53,5,1,2,00,2,8,1,201800016641B01,10,17,1
201800016643,2018-06-27,2018,juin,mercredi,16:25,42,42091,45.41659,4.00204,1,1,3,1,7,3,2,02,2,2,,,1,0,1,3,1,62,5,1,2,00,0,8,15,201800016643B01,7,17,1
201800016678,2018-10-22,2018,octobre,lundi,11:40,42,42241,45.88562,4.12425,1,1,2,1,1,3,2,02,2,2,,,1,0,1,4,1,69,5,1,2,00,0,4,2,201800016678B01,10,2,1
201800016716,2018-09-03,2018,septembre,lundi,18:30,12,12264,44.41738,2.57326,1,2,3,1,1,3,2,02,2,1,,,1,0,1,3,1,57,5,1,2,00,2,1,1,201800016716B01,7,1,1
201800016723,2018-04-21,2018,avril,samedi,16:55,12,12215,44.46204,2.39579,1,1,4,1,1,3,2,02,1,1,,,1,0,1,3,1,19,5,1,2,00,2,8,13,201800016723C01,7,17/1,2
201800016727,2018-07-01,2018,juillet,dimanche,11:25,12,12171,44.52106,2.42754,2,2,3,1,1,3,2,02,1,1,,,1,0,1,3,1,11,5,1,8,00,2,1,1,201800016727B01,7,1,1
201800016741,2018-08-29,2018,août,mercredi,11:00,12,12164,44.85732,2.66006,1,1,5,1,1,3,2,02,2,2,,,1,0,1,4,1,34,5,1,2,00,2,2,1,201800016741B01,7,13,1
201800016741,2018-08-29,2018,août,mercredi,11:00,12,12164,44.85732,2.66006,1,1,5,1,1,3,2,02,2,2,,,1,0,1,4,1,58,5,1,2,00,2,2,1,201800016741C01,7,13,1
201800016749,2018-09-21,2018,septembre,vendredi,17:55,12,12063,44.00828,3.16157,2,4,3,1,1,3,2,02,1,1,,,1,0,1,4,1,38,5,1,2,00,2,1,1,201800016749A01,37,1,1
201800016781,2018-11-28,2018,novembre,mercredi,15:25,12,12292,43.90639,2.90611,1,1,1,1,1,3,2,02,1,1,,,1,0,1,2,1,67,0,1,2,00,2,1,1,201800016781B01,10,13,1
201800016784,2018-06-09,2018,juin,samedi,17:15,12,12183,43.92631,2.54547,2,1,3,1,1,3,2,02,1,3,,,1,0,1,3,2,69,5,1,2,00,2,1,1,201800016784B01,7,15,1
201800016785,2018-07-25,2018,juillet,mercredi,10:45,12,12147,43.81023,3.02467,2,3,4,1,1,3,2,02,1,1,,,1,0,1,3,1,72,5,1,2,00,2,4,0,201800016785B01,7,21,1
201800016785,2018-07-25,2018,juillet,mercredi,10:45,12,12147,43.81023,3.02467,2,3,4,1,1,3,2,02,1,1,,,1,0,1,4,1,79,5,1,2,00,2,4,0,201800016785C01,7,21,1
201800016785,2018-07-25,2018,juillet,mercredi,10:45,12,12147,43.81023,3.02467,2,3,4,1,1,3,2,02,1,1,,,1,0,1,4,1,71,5,1,2,00,2,4,0,201800016785D01,7,21,1
201800016786,2018-08-02,2018,août,jeudi,16:30,12,12186,43.87708,2.60634,1,1,7,1,1,3,2,02,2,1,,,1,0,1,3,1,17,5,1,2,03,0,1,1,201800016786A01,,,
201800016786,2018-08-02,2018,août,jeudi,16:30,12,12186,43.87708,2.60634,1,1,7,1,1,3,2,02,2,1,,,1,0,1,4,2,17,5,1,2,03,0,1,1,201800016786A01,,,
201800016790,2018-05-19,2018,mai,samedi,17:30,12,12148,44.47997,2.22957,2,1,6,1,1,4,2,02,1,1,,,1,0,1,2,2,8,5,1,2,00,2,0,23,201800016790C01,21,1,1
201800016790,2018-05-19,2018,mai,samedi,17:30,12,12148,44.47997,2.22957,2,1,6,1,1,4,2,02,1,1,,,1,0,1,2,1,8,5,1,2,00,2,7,23,201800016790B01,21,1,1
201800016826,2018-09-07,2018,septembre,vendredi,19:10,49,49247,47.37117,-0.70277,2,3,1,1,7,3,2,02,1,1,,,1,0,1,3,1,11,5,1,2,00,2,1,17,201800016826B01,7,1,1
201800016826,2018-09-07,2018,septembre,vendredi,19:10,49,49247,47.37117,-0.70277,2,3,1,1,7,3,2,02,1,1,,,1,0,1,4,1,12,5,1,2,00,2,1,17,201800016826B01,7,1,1
201800016828,2018-11-02,2018,novembre,vendredi,12:00,49,49068,47.42811,-0.89508,2,1,3,1,1,4,2,02,1,1,,,1,0,1,4,1,11,5,1,2,00,2,8,0,201800016828B01,7,1,1
201800016829,2018-11-24,2018,novembre,samedi,18:30,49,49283,47.41348,-0.75182,1,1,2,3,1,3,2,03,1,1,,,1,0,1,2,1,63,5,1,4,00,0,4,0,201800016829B01,7,1,1
201800016847,2018-09-08,2018,septembre,samedi,10:00,49,49122,47.55118,0.12355,1,1,2,1,1,3,2,02,1,1,,,1,0,1,3,1,40,5,1,2,00,0,4,1,201800016847B01,7,1,1
201800016856,2018-05-27,2018,mai,dimanche,11:50,49,49125,47.1845,-0.25799,2,3,3,1,1,4,2,02,1,1,,,1,5,1,3,1,57,5,1,2,00,2,7,19,201800016856A01,7,1,1
201800016861,2018-08-23,2018,août,jeudi,14:45,49,49125,47.19733,-0.27493,2,6,3,1,1,3,1,01,1,2,,,1,0,1,4,2,62,5,1,2,00,2,6,0,201800016861B01,7,17,1
201800016875,2018-09-25,2018,septembre,mardi,16:40,49,49180,47.37923,-0.11415,2,3,3,1,1,4,,,,,,,,,,3,1,56,5,1,2,00,2,8,1,201800016875B01,7,15,1
201800016885,2018-06-24,2018,juin,dimanche,82:0,49,49053,47.16759,-0.21205,1,1,5,1,1,3,2,02,1,1,,,1,0,1,3,1,57,5,1,2,00,2,8,1,201800016885C01,7,1,2
201800016893,2018-04-20,2018,avril,vendredi,73:0,49,49331,47.69147,-0.86243,2,2,3,1,1,3,1,01,2,3,,,1,5,1,3,2,58,1,1,2,00,2,2,1,201800016893A01,7,16,1
201800016895,2018-05-13,2018,mai,dimanche,11:15,49,49305,47.71748,-0.74281,1,2,3,1,1,4,,,,,,,,,,3,1,42,5,1,2,00,2,7,0,201800016895A01,7,1,1
201800016897,2018-06-27,2018,juin,mercredi,92:3,49,49331,47.6853,-0.86886,2,1,1,1,7,4,2,02,2,1,,,1,0,1,3,1,26,1,1,2,00,2,1,1,201800016897B01,7,15,1
201800016908,2018-11-19,2018,novembre,lundi,94:5,49,49277,47.68656,-0.88562,2,1,3,1,7,4,2,02,1,1,,,1,6,1,4,1,16,1,1,2,00,2,0,19,201800016908B01,7,1,1
201800016913,2018-04-21,2018,avril,samedi,93:5,49,49043,47.57458,-0.73238,2,2,3,1,7,3,2,02,1,1,,,1,0,1,2,1,47,5,1,2,00,2,8,15,201800016913A01,7,1,1
201800016916,2018-07-12,2018,juillet,jeudi,17:55,49,49055,47.52441,-0.56868,1,2,3,1,7,3,2,02,2,1,,,1,2,1,2,1,59,5,1,2,00,2,8,19,201800016916B01,7,1,1
201800016929,2018-01-13,2018,janvier,samedi,18:30,49,49347,47.61973,-0.49264,1,1,3,3,1,3,2,02,1,1,,,1,0,1,3,1,45,1,1,4,00,2,6,1,201800016929B01,7,2,1
201800016964,2018-12-05,2018,décembre,mercredi,18:00,55,55533,48.61603,5.64168,1,1,2,3,1,3,2,02,1,1,,,1,0,1,3,1,61,5,1,2,00,2,4,1,201800016964B01,99,1,1
201800016995,2018-07-27,2018,juillet,vendredi,10:15,61,61164,48.57114,0.06549,1,1,7,1,1,4,2,02,2,1,,,1,0,1,3,2,55,5,1,9,00,0,0,1,201800016995A01,,,
201800017012,2018-08-02,2018,août,jeudi,15:03,61,61150,48.72802,0.40897,1,1,7,1,1,3,2,02,2,1,,,1,0,3,4,1,13,5,1,9,16,0,7,1,201800017012A01,,,
201800017021,2018-04-16,2018,avril,lundi,18:15,61,61145,48.59261,-0.65223,2,1,7,1,1,4,2,02,2,1,,,1,0,1,3,1,15,2,1,2,00,0,0,1,201800017021A01,,,
201800017033,2018-11-27,2018,novembre,mardi,74:0,61,61421,48.55102,-0.71991,1,2,3,3,2,3,2,02,1,3,,,2,0,1,3,1,15,2,1,4,00,2,1,15,201800017033A01,7,1,1
201800017045,2018-09-25,2018,septembre,mardi,14:20,61,61030,48.77422,-0.59992,1,1,2,1,1,3,2,02,2,2,,,1,0,1,3,1,67,5,1,2,00,2,4,1,201800017045B01,7,2,1
201800017055,2018-06-27,2018,juin,mercredi,21:00,61,61211,48.55105,-0.51328,1,1,4,2,7,3,2,02,1,1,,,1,0,1,3,1,59,5,1,2,00,2,6,2,201800017055B01,7,1,1
201800017055,2018-06-27,2018,juin,mercredi,21:00,61,61211,48.55105,-0.51328,1,1,4,2,7,3,2,02,1,1,,,1,0,1,3,1,55,5,1,2,00,2,6,2,201800017055C01,7,1,1
201800017055,2018-06-27,2018,juin,mercredi,21:00,61,61211,48.55105,-0.51328,1,1,4,2,7,3,2,02,1,1,,,1,0,1,4,1,67,5,1,2,00,2,6,2,201800017055D01,7,1,1
201800017055,2018-06-27,2018,juin,mercredi,21:00,61,61211,48.55105,-0.51328,1,1,4,2,7,3,2,02,1,1,,,1,0,1,4,1,60,5,1,9,00,2,6,2,201800017055E01,7,1,1
201800017057,2018-08-16,2018,août,jeudi,12:00,61,61295,48.56788,-0.28332,2,1,1,1,7,3,2,02,1,3,,,1,0,1,3,2,17,5,1,9,00,2,8,1,201800017057B01,7,14,1
201800017062,2018-10-12,2018,octobre,vendredi,18:45,61,61096,48.53616,-0.4758,2,1,7,2,1,4,2,02,2,1,,,1,0,1,3,1,18,5,1,9,00,0,1,1,201800017062A01,,,
201800017063,2018-10-25,2018,octobre,jeudi,16:45,61,61483,48.57826,-0.41992,2,9,7,1,1,3,2,02,2,1,,,1,0,1,3,1,61,5,1,9,15,0,7,1,201800017063A01,,,
201800017084,2018-07-04,2018,juillet,mercredi,15:20,61,61187,48.66168,0.58438,1,1,2,1,1,3,2,02,2,1,,,1,0,1,4,1,18,5,1,2,00,2,4,1,201800017084B01,7,2,1
201800017108,2018-05-06,2018,mai,dimanche,13:15,61,61345,48.41755,0.79974,2,1,6,1,7,9,-1,01,1,1,,,1,0,5,2,1,86,5,1,9,14,0,1,1,201800017108A01,,,
201800017153,2018-01-08,2018,janvier,lundi,17:15,63,63262,45.71137,3.1798,1,6,3,2,1,3,,,,,,,,,,4,1,42,1,1,2,00,2,7,1,201800017153B01,7,9,1
201800017176,2018-06-23,2018,juin,samedi,13:40,63,63374,45.5238,3.8003,1,1,3,1,7,3,2,02,4,3,,,1,2,1,3,1,44,5,1,2,00,2,8,1,201800017176B01,7,13,1
201800017179,2018-07-19,2018,juillet,jeudi,80:0,63,63003,45.54527,3.74587,2,3,2,1,1,3,2,02,1,1,,,1,0,1,4,1,79,5,1,2,00,2,4,1,201800017179B01,7,16,1
201800017189,2018-07-12,2018,juillet,jeudi,14:00,63,63337,45.56076,3.57088,1,1,3,1,1,3,2,02,2,3,,,1,0,1,3,1,31,5,1,2,00,2,1,13,201800017189A01,7,1,1
201800017197,2018-08-04,2018,août,samedi,11:00,63,63054,0,0,1,1,1,1,1,3,2,02,1,2,,,1,0,1,3,1,24,5,1,2,00,2,1,13,201800017197B01,7,1,1
201800017223,2018-04-27,2018,avril,vendredi,15:05,63,63295,46.01412,3.35366,2,2,3,1,1,3,2,02,1,1,,,1,0,1,3,2,87,3,1,2,00,2,3,19,201800017223A01,7,1,1
201800017269,2018-02-15,2018,février,jeudi,15:00,63,63265,45.8845,3.44842,1,3,1,1,8,3,2,02,1,1,,,1,0,1,3,1,76,5,1,2,00,2,1,23,201800017269B01,7,15,1
201800017277,2018-09-30,2018,septembre,dimanche,11:45,63,63195,45.8037,3.37157,1,4,3,1,1,3,,,,1,,,,5,,3,1,45,5,1,2,00,2,7,1,201800017277B01,7,15,1
201800017310,2018-08-14,2018,août,mardi,19:00,89,89034,47.82036,3.70786,1,1,7,1,1,3,2,02,2,3,,,1,0,1,2,1,65,5,1,2,00,0,9,1,201800017310A01,,,
201800017331,2018-04-08,2018,avril,dimanche,15:20,89,89368,47.61599,3.21057,2,1,3,1,1,4,2,02,2,1,,,1,0,3,3,1,11,5,1,2,00,2,1,9,201800017331A01,7,2,1
201800017349,2018-07-21,2018,juillet,samedi,18:00,89,89364,47.46405,3.75662,1,1,1,1,1,3,2,02,2,2,,,1,0,1,3,1,18,5,1,2,00,2,1,1,201800017349A01,10,1,1
201800017351,2018-07-24,2018,juillet,mardi,34:5,89,89159,47.52025,3.90792,1,1,2,3,1,3,2,02,1,1,,,1,0,1,3,1,29,1,1,4,00,0,4,2,201800017351B01,7,2,1
201800017352,2018-07-27,2018,juillet,vendredi,85:0,89,89025,47.48498,3.90959,2,1,2,1,1,3,2,02,2,1,,,1,0,1,4,1,51,5,1,2,12,0,6,2,201800017352B01,99,17,1
201800017406,2018-05-11,2018,mai,vendredi,80:5,89,89060,48.05937,3.26095,1,1,3,1,1,4,2,02,1,1,,,1,0,1,3,1,81,5,1,2,00,2,7,0,201800017406C01,10,2,1
201800017451,2018-07-26,2018,juillet,jeudi,81:5,71,71162,46.97497,4.33674,2,1,4,1,7,3,2,02,1,1,,,1,0,1,1,2,27,5,1,2,00,0,4,1,201800017451C01,7,1,1
201800017451,2018-07-26,2018,juillet,jeudi,81:5,71,71162,46.97497,4.33674,2,1,4,1,7,3,2,02,1,1,,,1,0,1,4,1,51,5,1,2,00,0,4,1,201800017451B01,7,1,1
201800017453,2018-08-01,2018,août,mercredi,83:0,71,71237,47.05626,4.3746,2,1,7,1,1,3,-1,02,1,1,,,1,0,1,2,1,66,5,1,4,00,0,0,1,201800017453A01,,,
201800017470,2018-07-29,2018,juillet,dimanche,12:15,71,71369,46.90626,4.72284,1,1,1,1,1,9,-1,01,1,2,,,1,0,5,4,1,70,5,1,4,00,9,1,1,201800017470A01,1,1,1
201800017470,2018-07-29,2018,juillet,dimanche,12:15,71,71369,46.90626,4.72284,1,1,1,1,1,9,-1,01,1,2,,,1,0,5,3,1,60,5,1,4,00,9,1,1,201800017470B01,1,1,1
201800017471,2018-08-13,2018,août,lundi,16:40,71,71109,46.89865,4.68917,1,1,6,1,1,9,2,02,1,1,,,1,0,1,1,1,63,5,1,2,00,1,1,1,201800017471A01,,,
201800017473,2018-09-10,2018,septembre,lundi,12:20,71,71378,46.88083,4.76356,2,1,7,1,1,4,2,02,1,1,,,1,0,1,3,1,58,0,1,9,12,0,1,1,201800017473A01,,,
201800017477,2018-06-09,2018,juin,samedi,17:00,71,71247,46.70453,4.71848,1,2,3,1,1,3,2,02,1,1,,,1,0,1,4,1,17,5,1,2,00,2,1,0,201800017477B01,7,15,1
201800017507,2018-08-14,2018,août,mardi,11:20,71,71230,46.59694,4.06738,2,3,3,1,1,3,2,02,1,1,,,1,6,1,2,1,79,0,1,4,00,2,1,2,201800017507B01,7,2,1
201800017567,2018-07-21,2018,juillet,samedi,17:00,11,11016,43.1207,2.5028,1,1,3,1,1,3,2,02,2,3,,,1,0,1,3,1,45,5,1,2,00,2,1,1,201800017567A01,7,1,1
201800017595,2018-12-29,2018,décembre,samedi,70:0,11,11206,43.05908,2.19798,1,1,1,3,1,3,2,02,1,1,,,1,0,1,3,1,35,1,1,2,13,2,3,1,201800017595A01,7,1,1