Num_Acc,date,an,mois,jour,hrmn,dep,com,lat,long,agg,int,col,lum,atm,catr,circ,nbv,prof,plan,lartpc,larrout,surf,infra,situ,grav,sexe,age,trajet,secuexist,equipement,obs,obsm,choc,manv,vehiculeid,typevehicules,manoeuvehicules,numVehicules
201800017596,2018-03-09,2018,mars,vendredi,10:45,11,11358,42.82345,2.22873,1,1,2,1,1,3,2,02,1,1,,,1,1,1,3,1,61,5,1,4,12,2,4,2,201800017596B01,7,2,1
201800017603,2018-01-09,2018,janvier,mardi,10:00,11,11106,43.23047,3.06005,2,6,3,1,1,4,2,02,1,1,,,1,5,1,3,2,68,5,1,9,00,2,2,1,201800017603B01,7,9,1
201800017609,2018-05-30,2018,mai,mercredi,11:40,11,11170,43.11728,3.08846,1,6,2,1,1,3,2,02,2,1,,,1,0,1,3,1,68,5,1,2,00,2,4,1,201800017609B01,7,1,1
201800017614,2018-07-25,2018,juillet,mercredi,81:5,11,11170,43.11161,3.09395,2,1,1,1,1,4,1,01,1,2,,,1,0,1,3,1,73,5,1,9,00,2,1,5,201800017614B01,7,1,1
201800017672,2018-06-11,2018,juin,lundi,17:05,32,32462,43.7603,0.30197,2,1,3,1,1,4,2,02,1,1,000,000,1,0,1,3,1,13,2,1,2,00,2,8,1,201800017672B01,10,17,1
201800017743,2018-04-04,2018,avril,mercredi,20:00,81,81145,43.85331,1.81015,2,7,1,1,1,9,2,02,1,1,,,1,0,1,3,1,15,5,1,2,00,2,1,1,201800017743A01,7,1,1
201800017744,2018-06-20,2018,juin,mercredi,74:0,81,81220,43.81789,1.69641,1,1,2,2,7,3,2,02,1,1,,,1,0,1,3,1,47,5,1,2,00,2,4,2,201800017744B01,7,1,1
201800017746,2018-09-09,2018,septembre,dimanche,11:45,81,81171,43.84781,1.8896,1,1,5,1,1,3,2,02,1,1,,,1,0,1,3,1,46,5,1,2,00,0,4,1,201800017746C01,7,1,1
201800017746,2018-09-09,2018,septembre,dimanche,11:45,81,81171,43.84781,1.8896,1,1,5,1,1,3,2,02,1,1,,,1,0,1,3,2,46,5,1,2,00,0,4,1,201800017746D01,7,1,1
201800017746,2018-09-09,2018,septembre,dimanche,11:45,81,81171,43.84781,1.8896,1,1,5,1,1,3,2,02,1,1,,,1,0,1,3,1,12,5,1,2,00,0,4,1,201800017746B01,7,1,1
201800017769,2018-07-07,2018,juillet,samedi,10:40,69,69168,45.83591,4.83824,2,6,3,1,1,4,2,02,2,3,,,1,5,5,3,2,65,5,1,2,00,2,1,1,201800017769B01,7,16,1
201800017770,2018-09-19,2018,septembre,mercredi,10:35,69,69063,45.81476,4.84638,1,6,3,1,1,3,2,02,1,2,,,1,5,1,3,1,57,5,1,2,00,2,1,0,201800017770B01,10,9,1
201800017771,2018-09-27,2018,septembre,jeudi,19:00,69,69063,45.83046,4.84826,2,9,1,1,1,3,2,02,1,1,,,1,5,5,3,1,51,5,1,2,00,2,1,1,201800017771B01,7,15,1
201800017783,2018-08-26,2018,août,dimanche,11:15,69,69012,46.17908,4.53252,1,1,5,1,1,3,2,02,2,4,,,1,0,1,2,1,63,5,1,2,00,2,1,1,201800017783B01,7,5/1,2
201800017784,2018-09-27,2018,septembre,jeudi,15:50,69,69150,46.22988,4.5974,2,4,1,1,7,3,2,02,2,1,,,1,0,1,3,1,72,5,1,2,00,2,1,1,201800017784A01,21,15,1
201800017802,2018-12-22,2018,décembre,samedi,16:00,69,69248,46.03079,4.31234,2,1,6,1,1,3,1,01,1,1,,,2,0,1,4,1,33,0,1,2,00,1,1,1,201800017802B01,,,
201800017843,2018-07-26,2018,juillet,jeudi,91:5,33,33307,44.47743,-0.3489,2,2,2,1,7,3,2,02,1,1,,,1,0,1,3,1,15,5,1,2,00,2,4,10,201800017843B01,7,2,1
201800017844,2018-03-01,2018,mars,jeudi,94:5,33,33314,45.19658,-0.75416,2,1,3,1,1,4,-1,02,1,1,,,1,0,1,3,1,67,3,1,2,00,2,7,1,201800017844B01,13,9,1
201800017857,2018-07-02,2018,juillet,lundi,13:15,33,33514,45.50802,-1.11222,2,1,1,1,1,4,2,02,2,3,,,1,0,4,4,2,34,1,1,2,00,2,1,0,201800017857B01,7,16,1
201800017868,2018-08-31,2018,août,vendredi,17:15,33,33421,44.80779,-0.13646,1,4,4,1,1,3,2,02,,1,,,,0,,3,1,62,5,1,2,00,2,8,0,201800017868C01,10/ 7,2/1,2
201800017869,2018-10-03,2018,octobre,mercredi,18:30,33,33127,44.8334,-0.07474,1,3,3,1,1,3,2,02,1,1,,,1,0,1,3,2,8,5,1,2,00,2,8,19,201800017869B01,7,1,1
201800017889,2018-08-11,2018,août,samedi,13:00,65,65019,43.1484,0.0826,2,1,1,1,1,3,2,02,4,3,,,1,0,1,3,1,25,5,1,2,00,2,1,13,201800017889B01,7,1,1
201800017892,2018-12-05,2018,décembre,mercredi,15:40,65,65339,43.12658,0.0398,2,1,6,1,1,3,2,02,1,4,,,1,0,1,1,1,27,5,1,2,00,1,1,1,201800017892A01,,,
201800017897,2018-10-09,2018,octobre,mardi,74:5,65,65460,43.38701,0.06692,2,6,3,2,1,3,1,01,1,2,,,1,5,1,4,1,16,2,1,2,00,2,5,1,201800017897B01,10,1,1
201800017902,2018-05-10,2018,mai,jeudi,15:50,65,65176,43.00883,-0.26535,1,1,7,1,1,3,2,02,2,3,,,1,0,1,3,1,48,5,1,2,16,0,0,1,201800017902A01,,,
201800017906,2018-08-16,2018,août,jeudi,17:15,65,65055,43.00375,-0.06703,2,1,7,1,1,3,2,02,2,1,,,1,0,1,3,2,24,5,1,2,00,0,0,1,201800017906A01,,,
201800017940,2018-10-02,2018,octobre,mardi,15:00,82,82087,44.14396,1.23035,1,1,3,1,1,3,2,02,4,1,,,1,0,1,3,1,65,5,1,2,00,2,3,1,201800017940B01,15,17,1
201800017970,2018-08-22,2018,août,mercredi,11:50,82,82161,44.0341,1.42659,1,1,2,1,1,4,2,02,2,1,,,1,0,1,3,1,58,5,1,2,00,2,4,2,201800017970B01,7,2,1
201800017971,2018-08-26,2018,août,dimanche,16:45,82,82134,44.08636,1.50634,1,1,7,1,1,3,2,02,1,1,,,1,0,1,3,1,30,5,1,2,00,0,3,1,201800017971A01,,,
201800018004,2018-03-30,2018,mars,vendredi,20:10,82,82012,44.07678,1.18096,1,1,2,1,1,3,2,02,1,1,,,1,0,1,2,1,18,5,1,4,00,2,4,1,201800018004B01,7,1,1
201800018015,2018-06-27,2018,juin,mercredi,94:0,82,82072,44.12084,0.85445,2,1,3,1,1,9,2,02,1,4,,,1,0,1,3,1,80,5,1,2,00,2,3,1,201800018015B01,7,1,1
201800018098,2018-04-15,2018,avril,dimanche,11:15,80,80253,50.15997,2.34795,2,1,3,1,1,3,2,02,1,1,,,1,0,1,3,1,31,5,1,2,00,2,1,1,201800018098B01,7,15,1
201800018128,2018-09-27,2018,septembre,jeudi,93:9,80,80279,49.70345,2.94687,2,1,3,1,7,3,2,02,1,1,,,1,0,1,4,1,17,5,1,2,00,2,1,19,201800018128B01,10,1,1
201800018174,2018-05-11,2018,mai,vendredi,85:0,80,80781,49.84509,2.68789,1,1,1,1,1,3,2,02,1,2,,,1,0,1,3,2,66,3,1,2,00,2,1,13,201800018174B01,15,21,1
201800018184,2018-03-12,2018,mars,lundi,17:15,80,80410,49.74966,3.07662,2,1,7,1,2,4,2,02,2,1,,,2,0,1,3,1,12,2,1,2,00,0,0,1,201800018184A01,,,
201800018197,2018-11-02,2018,novembre,vendredi,19:15,80,80410,49.74041,3.09174,2,1,3,3,1,4,2,02,1,1,,,1,0,1,3,1,17,0,1,2,00,2,4,19,201800018197B01,7,1,1
201800018209,2018-12-18,2018,décembre,mardi,16:15,60,60102,49.30765,2.56539,1,2,5,1,8,3,2,02,1,1,,,1,5,1,3,1,58,5,1,2,00,2,1,1,201800018209C01,7,1/0,2
201800018214,2018-05-18,2018,mai,vendredi,13:50,2B,2B152,42.89815,9.40137,1,1,3,1,1,3,2,02,2,3,,,1,0,1,3,1,47,5,1,2,00,2,1,13,201800018214A01,13,1,1
201800018332,2018-10-05,2018,octobre,vendredi,90:0,2A,2A008,41.85855,8.80078,2,1,6,1,1,4,3,02,1,1,,,1,0,4,3,1,63,5,1,2,12,0,1,1,201800018332A01,,,
201800018390,2018-10-07,2018,octobre,dimanche,16:15,79,79195,46.95151,-0.5917,2,3,3,1,1,3,2,02,1,1,,055,1,0,1,4,1,38,5,1,9,00,2,8,15,201800018390B01,7,1,1
201800018408,2018-08-10,2018,août,vendredi,12:15,79,79080,46.65582,-0.24868,2,6,3,1,1,3,2,02,2,2,,,1,0,1,3,1,69,5,1,9,00,2,7,15,201800018408B01,7,1,1
201800018415,2018-09-05,2018,septembre,mercredi,14:50,79,79005,46.81953,-0.14296,2,1,7,1,1,4,1,01,4,3,,043,1,0,1,3,1,60,5,1,9,00,0,0,1,201800018415A01,,,
201800018419,2018-04-05,2018,avril,jeudi,11:30,79,79222,46.73414,-0.5201,1,1,6,1,1,3,-1,02,1,2,,,1,0,1,3,1,67,5,1,9,00,9,1,2,201800018419A01,,,
201800018445,2018-01-17,2018,janvier,mercredi,13:30,76,76334,49.83544,0.9201,1,3,3,1,1,3,2,02,1,1,,,1,0,1,3,1,71,5,1,9,00,2,7,1,201800018445B01,7,15,1
201800018448,2018-05-04,2018,mai,vendredi,15:30,76,76085,49.81563,1.03584,1,1,3,1,1,3,2,02,1,1,,,1,0,1,2,1,72,5,1,2,00,2,7,1,201800018448B01,21,1,1
201800018476,2018-10-06,2018,octobre,samedi,16:57,76,76002,49.6052,0.63505,2,3,1,1,1,3,2,02,1,1,,,1,0,1,3,1,58,5,1,2,00,2,0,19,201800018476B01,7,1,1
201800018499,2018-11-20,2018,novembre,mardi,12:10,76,76594,49.50364,1.0037,1,1,4,1,2,3,2,03,1,1,,,2,0,1,4,1,27,1,1,2,00,2,8,13,201800018499A01,33/ 7,17/1,2
201800018505,2018-06-04,2018,juin,lundi,17:25,76,76161,49.71158,0.72137,1,1,1,1,1,3,2,02,1,1,,,1,0,1,2,1,63,5,1,2,00,2,1,1,201800018505B01,10,17,1
201800018520,2018-08-14,2018,août,mardi,82:0,76,76695,49.66711,0.49844,2,2,3,1,1,3,2,02,1,3,,,1,0,1,4,1,70,5,1,2,00,2,1,1,201800018520B01,7,1,1
201800018570,2018-02-14,2018,février,mercredi,17:00,67,67281,48.15868,7.54337,2,6,3,1,1,3,2,02,1,1,,,1,0,4,3,1,75,5,1,2,00,2,8,0,201800018570B01,7,9,1
201800018576,2018-08-21,2018,août,mardi,82:5,67,67281,48.16961,7.53762,2,6,3,1,7,3,1,01,1,2,,,1,0,1,3,1,78,5,1,2,00,2,7,2,201800018576B01,7,9,1
201800018582,2018-04-10,2018,avril,mardi,11:30,67,67261,48.97481,8.17989,2,1,3,1,1,3,2,02,2,1,,,1,0,1,3,1,9,2,1,2,00,2,3,19,201800018582B01,7,1,1
201800018585,2018-10-23,2018,octobre,mardi,70:0,67,67305,48.93998,8.1538,1,1,5,2,1,3,2,02,1,1,,,1,0,1,3,1,39,1,1,4,00,2,1,1,201800018585B01,7,17/1,2
201800018630,2018-04-06,2018,avril,vendredi,14:00,74,74270,45.70577,6.30762,1,2,3,1,7,3,2,02,2,1,,,1,0,1,4,1,53,5,1,2,00,0,8,1,201800018630A01,10,1,1
201800018637,2018-06-02,2018,juin,samedi,12:45,74,74104,45.79537,6.23182,1,1,3,1,1,3,2,02,1,1,,,1,0,1,4,1,65,5,1,2,00,2,8,2,201800018637B01,7,2,1
201800018642,2018-07-26,2018,juillet,jeudi,10:30,74,74275,45.79569,6.26006,1,1,3,1,1,3,2,02,2,4,,,1,0,1,3,1,23,5,1,2,00,2,8,1,201800018642A01,10,1,1
201800018644,2018-08-17,2018,août,vendredi,13:00,74,74123,45.75259,6.29099,2,2,3,1,3,4,,,,,,,,,1,3,1,48,5,1,2,12,2,1,1,201800018644B01,7,11,1
201800018646,2018-09-07,2018,septembre,vendredi,19:00,74,74104,45.77488,6.22427,2,3,3,1,1,3,2,02,1,1,,,1,0,1,4,1,45,5,1,2,00,2,3,1,201800018646B01,7,19,1
201800018680,2018-06-17,2018,juin,dimanche,11:50,74,74223,46.09587,6.59815,1,1,7,1,1,3,2,02,4,2,,,1,0,1,3,1,73,5,1,4,00,0,0,2,201800018680A01,,,
201800018683,2018-08-07,2018,août,mardi,12:15,74,74183,46.13453,6.52499,2,3,3,1,1,3,2,02,2,2,,,1,0,1,3,1,68,5,1,2,00,2,1,1,201800018683B01,7,15,1
201800018691,2018-06-09,2018,juin,samedi,10:45,74,74314,46.1052,5.95841,2,3,3,1,1,3,2,02,1,1,,,1,0,1,3,1,44,5,1,2,00,2,1,0,201800018691B01,7,19,1
201800018702,2018-10-15,2018,octobre,lundi,17:30,74,74296,46.0894,6.03069,1,1,5,1,1,3,2,02,2,4,,,1,0,1,3,1,32,1,1,4,00,2,4,1,201800018702B01,7,1,2
201800018719,2018-07-13,2018,juillet,vendredi,80:0,74,74131,46.01895,5.92042,1,1,3,1,1,3,2,02,1,1,,,1,0,1,3,1,81,5,1,2,00,2,8,13,201800018719B01,7,17,1
201800018731,2018-08-28,2018,août,mardi,18:43,74,74085,45.83534,6.72952,2,1,2,1,1,3,2,02,2,1,,,1,0,1,4,2,47,5,1,2,00,0,6,1,201800018731B01,10,17,1
201800018734,2018-04-05,2018,avril,jeudi,16:40,74,74256,45.96431,6.63016,1,6,3,1,1,3,2,02,1,3,,,1,5,1,3,1,73,5,1,2,00,2,0,16,201800018734B01,7,16,1
201800018737,2018-06-07,2018,juin,jeudi,18:40,74,74256,45.9366,6.63709,2,3,3,1,1,4,2,02,1,1,,,1,0,1,4,1,42,5,1,2,00,2,1,1,201800018737B01,7,15,1
201800018758,2018-03-27,2018,mars,mardi,17:00,59,59663,50.88327,2.46461,2,1,7,1,8,3,-1,02,1,1,,,2,0,1,4,1,13,2,1,2,00,0,0,1,201800018758A01,,,
201800018761,2018-07-28,2018,juillet,samedi,10:25,59,59663,50.8824,2.47613,2,1,2,1,1,3,2,02,1,1,,,1,0,1,3,1,41,5,1,2,00,0,8,2,201800018761B01,33,2,1
201800018765,2018-11-09,2018,novembre,vendredi,11:10,59,59663,50.87794,2.47865,1,1,6,1,6,3,2,02,1,1,,,1,0,1,3,2,48,5,1,2,00,9,8,18,201800018765B01,21,17,1
201800018770,2018-05-31,2018,mai,jeudi,11:00,59,59262,50.79699,2.64561,2,9,3,1,1,4,2,02,1,3,,,1,0,1,3,1,8,5,1,2,00,2,4,9,201800018770B01,7,1,1
201800018772,2018-07-17,2018,juillet,mardi,17:30,59,59516,50.83796,2.35632,2,4,3,1,1,3,2,02,1,1,,,1,0,1,4,1,14,5,1,2,00,2,1,5,201800018772A01,7,1,1
201800018774,2018-09-01,2018,septembre,samedi,15:50,59,59587,50.79214,2.56499,1,2,1,1,1,3,2,02,1,1,,,1,0,1,2,1,73,5,1,2,00,2,8,15,201800018774B01,7,1,1
201800018789,2018-07-26,2018,juillet,jeudi,13:25,56,56067,47.76042,-2.8589,2,1,3,1,1,3,3,02,1,1,,,1,0,1,4,2,19,1,1,2,00,2,8,9,201800018789B01,7,1,1
201800018821,2018-07-10,2018,juillet,mardi,18:45,56,56149,47.59577,-2.45123,1,1,3,1,1,3,2,02,2,1,,,1,0,1,4,1,21,1,1,2,00,2,2,10,201800018821B01,7,1,1
201800018828,2018-08-28,2018,août,mardi,19:30,56,56184,47.65298,-2.46977,1,1,1,2,1,3,2,02,2,1,,,1,0,1,3,1,44,5,1,2,00,2,1,1,201800018828B01,7,17,1
201800018844,2018-07-30,2018,juillet,lundi,10:10,56,56240,47.5171,-2.72699,1,3,1,1,1,3,2,02,1,1,,,1,5,1,2,1,32,5,1,2,00,2,1,15,201800018844B01,7,1,1
201800018847,2018-08-27,2018,août,lundi,17:45,56,56214,47.5318,-2.83902,1,1,2,1,1,3,2,02,1,1,,,1,0,1,3,1,16,5,1,2,00,2,4,1,201800018847B01,7,1,1
201800018851,2018-10-23,2018,octobre,mardi,83:0,56,56243,47.64869,-2.72345,2,1,2,2,1,4,2,02,1,1,,,1,0,3,2,2,20,1,1,2,00,2,4,2,201800018851B01,17,2,1
201800018852,2018-10-29,2018,octobre,lundi,11:05,56,56251,47.64121,-2.69391,1,1,3,1,1,4,2,02,1,2,,,1,0,1,4,1,69,5,1,2,00,0,3,2,201800018852B01,99,2,1
201800018857,2018-06-30,2018,juin,samedi,10:50,56,56234,47.53218,-3.13459,1,1,2,1,7,3,2,02,1,1,,,1,0,1,3,1,66,5,1,2,00,2,4,2,201800018857B01,7,2,1
201800018859,2018-07-08,2018,juillet,dimanche,11:30,56,56034,47.574,-3.06873,2,1,3,1,1,4,2,02,1,1,,,1,0,1,3,1,71,5,1,2,00,2,8,2,201800018859B01,7,17,1
201800018894,2018-05-29,2018,mai,mardi,12:45,56,56185,47.77675,-3.39225,1,1,6,1,9,4,2,02,1,1,,,2,0,1,4,1,52,5,1,2,00,6,0,1,201800018894A01,,,
201800018916,2018-05-05,2018,mai,samedi,17:50,56,56054,47.62853,-3.14312,1,2,3,1,1,3,2,02,1,1,,,1,0,1,1,1,15,5,1,2,00,0,6,15,201800018916A01,33,17,1
201800018927,2018-09-19,2018,septembre,mercredi,19:00,56,56130,47.73921,-3.22602,1,6,3,1,1,3,2,02,1,2,,,1,0,1,4,1,17,5,1,2,00,2,5,1,201800018927B01,7,9,1
201800018942,2018-03-07,2018,mars,mercredi,18:40,56,56244,47.8114,-2.49199,1,1,7,2,1,3,2,02,1,1,,,1,0,1,3,1,15,5,1,2,00,0,0,0,201800018942A01,,,
201800018960,2018-10-18,2018,octobre,jeudi,13:15,56,56228,47.80534,-2.40194,2,6,1,1,1,3,2,02,3,1,,,1,5,1,3,1,36,1,1,2,00,2,7,1,201800018960B01,10,9,1
201800018984,2018-06-22,2018,juin,vendredi,15:40,56,56151,48.02823,-2.91627,1,2,3,1,1,3,2,02,1,1,,,1,5,1,3,1,33,0,1,2,00,2,8,19,201800018984A01,7,1,1
201800019003,2018-01-11,2018,janvier,jeudi,16:15,56,56066,48.1553,-3.59386,1,6,2,1,1,3,1,02,1,2,,,1,5,1,3,1,63,5,1,2,00,2,4,1,201800019003B01,7,9,1
201800019004,2018-02-24,2018,février,samedi,17:30,56,56057,48.03136,-3.48696,2,3,1,1,1,4,2,02,1,1,,,1,0,0,4,1,47,5,1,2,00,2,1,1,201800019004B01,7,15,1
201800019031,2018-06-20,2018,juin,mercredi,15:25,19,19123,45.16231,1.58136,2,6,3,1,1,3,1,01,1,3,,,1,0,1,3,1,81,5,1,2,00,2,6,16,201800019031B01,7,16,1
201800019048,2018-06-23,2018,juin,samedi,12:30,19,19154,45.32968,1.457,1,1,3,1,7,3,2,02,2,1,,,1,0,1,3,1,67,5,1,2,00,2,1,15,201800019048B01,7,1,1
201800019059,2018-06-05,2018,juin,mardi,90:0,19,19058,45.4952,2.15026,1,1,7,1,1,3,2,02,1,4,,,1,0,3,3,1,44,5,1,2,13,5,1,21,201800019059B01,,,
201800019078,2018-05-04,2018,mai,vendredi,16:15,59,59037,50.19753,3.37926,2,1,1,1,1,3,1,01,2,1,,,1,0,1,1,1,11,5,1,2,00,2,0,5,201800019078B01,7,1,1
201800019078,2018-05-04,2018,mai,vendredi,16:15,59,59037,50.19753,3.37926,2,1,1,1,1,3,1,01,2,1,,,1,0,1,3,1,8,5,1,2,00,2,0,5,201800019078B01,7,1,1
201800019083,2018-05-22,2018,mai,mardi,16:30,59,59545,50.05045,3.53791,2,3,1,1,1,3,2,02,1,1,,,1,0,1,3,1,11,5,1,2,00,0,7,15,201800019083B01,38,1,1
201800019089,2018-09-03,2018,septembre,lundi,92:0,59,59624,50.0297,3.28787,2,1,3,1,1,3,2,01,1,1,,,1,0,1,4,2,71,3,1,2,00,2,3,15,201800019089A01,17,1,1
201800019100,2018-08-02,2018,août,jeudi,21:20,59,59003,50.23649,4.09173,2,4,3,2,1,4,,,,,,,,,,3,1,13,5,1,9,00,2,1,5,201800019100B01,7,1,1
201800019121,2018-05-15,2018,mai,mardi,14:50,51,51367,48.94807,3.98966,1,1,3,1,1,3,2,02,2,3,,,1,0,1,3,1,61,5,1,2,00,2,8,2,201800019121B01,7,2,1
201800019122,2018-06-02,2018,juin,samedi,18:50,51,51158,48.84322,3.98323,1,1,3,1,1,3,2,02,1,1,,,1,0,1,3,1,58,1,1,2,00,2,6,1,201800019122B01,7,1,1
201800019123,2018-06-28,2018,juin,jeudi,95:0,51,51154,48.82853,4.08234,2,2,3,1,1,3,-1,02,1,1,,,1,0,1,3,1,66,5,1,2,00,2,1,1,201800019123A01,7,1,1
201800019128,2018-10-13,2018,octobre,samedi,10:52,51,51411,48.95727,3.98563,1,1,4,1,7,3,2,02,2,3,,,1,0,1,3,1,55,5,1,2,00,0,4,2,201800019128C01,7,2,1
201800019128,2018-10-13,2018,octobre,samedi,10:52,51,51411,48.95727,3.98563,1,1,4,1,7,3,2,02,2,3,,,1,0,1,4,1,54,5,1,2,00,0,4,2,201800019128B01,7,2,1
201800019145,2018-09-13,2018,septembre,jeudi,91:0,51,51343,48.55052,3.71615,1,1,3,1,1,3,2,02,1,1,,,1,0,1,3,1,68,5,1,2,00,2,3,2,201800019145B01,7,2,1
201800019146,2018-09-24,2018,septembre,lundi,12:20,51,51535,48.72254,3.72487,2,3,3,1,1,4,2,02,1,1,,,1,0,1,4,1,14,2,1,2,00,2,1,0,201800019146A01,7,1,1
201800019171,2018-09-15,2018,septembre,samedi,16:30,51,51291,49.33567,3.91003,2,2,3,1,1,3,,,,,,,,,,3,1,62,5,1,2,00,2,1,1,201800019171B01,7,15,1
201800019182,2018-04-05,2018,avril,jeudi,14:50,51,51088,49.3477,4.03442,1,6,3,1,1,3,-1,02,1,2,,,1,0,1,3,1,62,5,1,2,00,2,7,1,201800019182B01,7,16,1
201800019189,2018-04-11,2018,avril,mercredi,14:15,51,51090,48.78483,3.85648,1,2,4,1,7,3,2,02,1,1,,,1,0,1,4,1,82,5,1,2,00,0,4,2,201800019189B01,20,2,1
201800019189,2018-04-11,2018,avril,mercredi,14:15,51,51090,48.78483,3.85648,1,2,4,1,7,3,2,02,1,1,,,1,0,1,2,1,78,5,1,2,00,0,4,2,201800019189C01,20,2,1
201800019191,2018-07-22,2018,juillet,dimanche,13:54,51,51165,48.72812,3.87964,1,1,2,1,7,2,2,02,1,1,,,1,0,1,3,1,59,5,1,2,00,0,4,2,201800019191A01,7,1,1
201800019194,2018-04-27,2018,avril,vendredi,16:20,62,62387,50.10985,2.79101,1,3,1,1,1,3,2,02,1,1,,,1,0,1,3,1,14,5,1,2,00,2,8,14,201800019194B01,7,1,1
201800019223,2018-04-17,2018,avril,mardi,12:00,91,91635,48.73498,2.20987,2,1,1,1,1,3,2,02,2,2,,,1,0,1,3,1,68,5,1,2,00,2,1,1,201800019223B01,7,15,1
201800019229,2018-07-08,2018,juillet,dimanche,10:55,91,91272,48.7022,2.14704,2,3,3,1,1,4,2,02,1,1,,,1,0,1,3,1,75,5,1,2,00,2,1,1,201800019229A01,7,15,1
201800019239,2018-10-06,2018,octobre,samedi,12:20,95,95026,49.1321,2.3587,2,1,7,1,1,4,2,02,1,3,,,1,0,1,3,1,67,5,1,2,16,0,1,1,201800019239A01,,,
201800019285,2018-05-21,2018,mai,lundi,15:45,57,57235,49.28728,6.50508,2,1,1,1,1,4,2,02,1,4,,,1,4,1,4,1,10,0,1,2,00,2,0,10,201800019285B01,7,1,1
201800019290,2018-10-13,2018,octobre,samedi,81:6,57,57106,49.29471,6.54584,1,3,1,1,1,3,2,02,1,1,,,1,5,1,3,1,49,5,1,2,00,2,1,1,201800019290B01,7,15,1
201800019323,2018-12-15,2018,décembre,samedi,13:15,57,57540,48.76897,7.24436,2,1,3,1,1,2,2,02,2,1,,,1,0,1,4,1,66,5,1,2,00,0,0,2,201800019323B01,7,17,1
201800019346,2018-04-22,2018,avril,dimanche,11:40,57,57556,49.06386,6.91872,1,1,2,1,1,3,2,02,2,3,,,1,0,1,3,1,30,5,1,2,00,0,4,1,201800019346B01,7,14,1
201800019347,2018-05-04,2018,mai,vendredi,16:30,57,57325,49.00167,6.88931,1,1,3,1,1,4,2,02,1,2,,,1,2,1,3,1,59,5,1,2,00,0,3,1,201800019347B01,7,17,1
201800019369,2018-10-11,2018,octobre,jeudi,12:30,35,35173,48.21583,-1.69722,2,1,6,1,1,4,2,02,1,1,,,1,0,4,3,1,61,5,1,2,01,0,1,1,201800019369A01,,,
201800019424,2018-10-19,2018,octobre,vendredi,16:45,83,83120,43.38186,5.70728,2,1,6,1,1,4,-1,02,2,1,,,1,0,1,3,1,14,5,1,4,06,0,1,0,201800019424A01,,,
201800019457,2018-05-18,2018,mai,vendredi,16:30,74,74105,46.30383,6.29595,2,1,3,1,1,3,2,02,1,1,,,1,0,4,3,1,82,3,1,2,00,2,3,0,201800019457B01,7,15,1
201800019461,2018-07-23,2018,juillet,lundi,17:15,74,74157,46.34149,6.53511,1,1,1,1,1,3,2,02,2,1,,,1,0,1,2,1,51,5,1,4,00,2,1,1,201800019461B01,33,13,1
201800019464,2018-08-26,2018,août,dimanche,90:0,74,74150,46.28031,6.31078,2,6,3,1,7,3,2,02,2,1,,,1,0,1,3,1,45,5,1,2,00,2,7,21,201800019464B01,7,9,1
201800019480,2018-04-26,2018,avril,jeudi,17:05,34,34118,43.73848,3.90906,1,1,3,1,1,3,2,02,1,1,,,1,0,1,3,2,55,5,1,2,00,2,8,1,201800019480B01,7,17,1
201800019481,2018-05-24,2018,mai,jeudi,12:00,34,34014,43.7002,3.89924,2,3,1,1,1,3,2,02,1,1,,,1,0,1,3,1,55,5,1,2,00,2,8,1,201800019481B01,7,15,1
201800019488,2018-09-14,2018,septembre,vendredi,18:30,34,34120,43.66011,3.91147,2,1,3,1,1,4,2,02,1,1,,,1,0,1,4,1,45,5,1,2,00,2,3,0,201800019488B01,7,1,1
201800019546,2018-11-06,2018,novembre,mardi,11:15,77,77185,48.45519,2.55226,2,1,1,1,1,4,2,02,1,1,,,1,0,1,2,1,78,5,1,2,00,2,1,0,201800019546B01,21,4,1
201800019564,2018-03-28,2018,mars,mercredi,13:45,17,17299,45.94349,-0.97521,2,6,3,1,2,4,1,01,1,2,000,059,2,0,5,4,2,68,3,1,4,00,2,7,1,201800019564B01,7,9,1
201800019583,2018-01-09,2018,janvier,mardi,15:05,17,17300,46.16974,-1.15196,2,6,3,1,8,4,1,02,1,2,000,069,2,0,1,4,1,30,5,1,2,00,2,4,16,201800019583B01,7,9,1
201800019584,2018-01-10,2018,janvier,mercredi,12:45,17,17300,46.14844,-1.15444,2,1,6,1,1,4,2,02,1,1,000,062,1,0,1,4,2,57,1,1,2,01,0,1,1,201800019584A01,,,
201800019586,2018-01-12,2018,janvier,vendredi,19:35,17,17291,46.18149,-1.1241,2,1,1,5,1,4,2,02,2,1,000,041,1,0,5,4,1,57,1,1,2,02,2,1,13,201800019586A01,1,1,1
201800019586,2018-01-12,2018,janvier,vendredi,19:35,17,17291,46.18149,-1.1241,2,1,1,5,1,4,2,02,2,1,000,041,1,0,5,1,1,45,5,1,2,02,2,1,1,201800019586B01,1,13,1
201800019590,2018-01-19,2018,janvier,vendredi,85:5,17,17300,46.14441,-1.14128,2,1,3,1,1,4,2,02,1,1,000,079,1,0,4,4,1,13,2,1,2,00,2,7,2,201800019590B01,7,9,1
201800019598,2018-01-31,2018,janvier,mercredi,73:0,17,17300,46.16272,-1.16143,2,3,3,5,2,4,2,02,1,1,000,065,2,0,1,3,1,17,2,1,9,00,2,1,1,201800019598B01,7,15,1
201800019600,2018-02-02,2018,février,vendredi,15:20,17,17300,46.15451,-1.13616,2,1,3,1,1,9,2,02,2,1,000,026,1,0,5,4,2,22,2,1,2,00,2,8,15,201800019600B01,30,1,1