Num_Acc,date,an,mois,jour,hrmn,dep,com,lat,long,agg,int,col,lum,atm,catr,circ,nbv,prof,plan,lartpc,larrout,surf,infra,situ,grav,sexe,age,trajet,secuexist,equipement,obs,obsm,choc,manv,vehiculeid,typevehicules,manoeuvehicules,numVehicules
201800019605,2018-02-14,2018,février,mercredi,19:10,17,17300,46.15281,-1.14862,2,1,3,5,3,4,2,02,1,1,000,106,2,0,1,3,2,29,9,1,2,00,2,7,19,201800019605B01,34,0,1
201800019614,2018-03-09,2018,mars,vendredi,85:8,17,17300,46.15859,-1.14937,2,1,2,1,1,4,1,01,1,1,000,038,1,0,1,3,1,41,1,1,2,00,2,1,2,201800019614A01,7,2,1
201800019615,2018-03-09,2018,mars,vendredi,14:30,17,17300,46.14774,-1.15849,2,3,3,1,1,4,2,02,1,1,000,090,1,0,1,4,2,19,2,1,2,00,2,3,23,201800019615A01,7,16,1
201800019616,2018-03-13,2018,mars,mardi,18:09,17,17300,46.15377,-1.18705,2,1,3,1,1,4,2,02,1,1,000,074,1,0,1,3,1,21,5,1,2,00,2,5,19,201800019616B01,7,21,1
201800019698,2018-08-09,2018,août,jeudi,18:13,17,17300,46.15815,-1.15119,2,1,6,1,1,4,2,02,1,1,,056,1,0,3,4,2,73,5,1,9,00,1,1,0,201800019698A01,,,
201800019950,2018-08-18,2018,août,samedi,23:30,66,66021,42.7374,2.94154,1,1,3,3,1,3,2,02,1,1,,,1,0,1,3,1,35,5,1,2,00,0,8,1,201800019950B01,10,17,1
201800019952,2018-10-22,2018,octobre,lundi,11:35,66,66021,42.7266,2.94653,1,6,3,1,1,3,-1,01,1,2,,,1,5,1,3,2,47,1,1,2,00,0,8,0,201800019952B01,7,12,1
201800019965,2018-01-12,2018,janvier,vendredi,20:25,41,41294,47.80165,0.9972,2,1,2,3,1,3,2,02,1,1,,,1,0,1,3,1,46,1,1,4,00,0,4,1,201800019965A01,7,1,1
201800019985,2018-07-06,2018,juillet,vendredi,11:15,77,77385,48.84848,3.23189,2,3,3,1,1,3,2,02,1,3,,,1,5,1,3,1,82,5,1,2,00,2,1,1,201800019985B01,7,15,1
201800019993,2018-03-11,2018,mars,dimanche,90:0,62,62424,50.21308,2.94969,1,1,2,1,1,3,2,02,1,1,,,1,0,1,2,1,68,5,1,2,00,0,4,2,201800019993B01,7,2,1
201800020009,2018-05-06,2018,mai,dimanche,95:5,62,62378,50.3029,2.64575,1,1,2,1,7,3,2,02,1,1,,,1,0,1,4,1,84,9,1,2,00,0,4,1,201800020009B01,7,2,1
201800020013,2018-09-05,2018,septembre,mercredi,17:55,62,62689,50.20753,2.69008,2,2,3,1,2,3,2,02,1,1,,,1,0,1,4,1,54,5,1,2,00,2,1,1,201800020013A01,7,1,1
201800020029,2018-02-18,2018,février,dimanche,10:45,62,62886,50.57922,1.95417,2,1,4,1,1,3,2,02,1,1,,,1,0,1,4,1,52,5,1,2,00,0,8,2,201800020029B01,7,17,1
201800020029,2018-02-18,2018,février,dimanche,10:45,62,62886,50.57922,1.95417,2,1,4,1,1,3,2,02,1,1,,,1,0,1,4,1,43,5,1,2,00,0,8,2,201800020029C01,7,17,1
201800020032,2018-04-25,2018,avril,mercredi,12:15,62,62554,50.52962,1.73045,2,1,6,1,1,3,2,02,1,1,,,1,0,1,3,1,66,5,1,2,00,5,1,1,201800020032A01,,,
201800020035,2018-06-24,2018,juin,dimanche,10:30,62,62670,50.57519,1.88197,1,1,7,1,1,3,2,02,3,2,,,1,0,3,3,1,52,5,1,2,00,0,1,1,201800020035A01,,,
201800020100,2018-04-22,2018,avril,dimanche,14:00,83,83054,43.1598,6.05494,1,1,3,1,1,3,2,02,1,1,,,1,0,1,3,1,64,5,1,2,00,2,1,1,201800020100B01,7,19,1
201800020102,2018-06-27,2018,juin,mercredi,18:45,83,83130,43.1812,6.07949,2,6,6,1,7,4,4,02,2,3,,,1,0,1,3,2,77,5,1,4,00,2,7,1,201800020102B01,7,9,1
201800020106,2018-10-06,2018,octobre,samedi,11:49,83,83017,43.24617,5.99991,2,9,7,1,1,3,2,01,1,1,,,1,0,1,4,1,50,5,1,2,00,0,0,1,201800020106A01,7,15,1
201800020129,2018-04-27,2018,avril,vendredi,16:05,47,47156,44.4926,0.07222,1,1,6,1,1,3,2,02,1,2,000,000,1,0,3,3,1,74,5,1,2,13,0,1,1,201800020129A01,,,
201800020173,2018-04-27,2018,avril,vendredi,15:20,30,30334,44.02616,4.41665,2,4,1,1,1,4,2,02,1,1,,,1,5,1,3,1,33,5,1,2,00,2,1,13,201800020173B01,7,1,1
201800020177,2018-06-29,2018,juin,vendredi,18:00,30,30014,43.99967,4.36484,1,1,7,1,7,3,2,02,2,1,,,1,0,1,3,1,56,5,1,2,00,0,0,1,201800020177A01,38,17,1
201800020210,2018-07-13,2018,juillet,vendredi,19:55,30,30221,44.04961,4.77568,2,3,3,1,1,3,2,02,1,1,,,1,0,1,4,1,19,5,1,2,00,0,7,1,201800020210B01,7,15,1
201800020216,2018-05-05,2018,mai,samedi,12:30,38,38456,44.8385,5.79753,1,1,7,1,1,3,2,02,2,2,,,3,0,1,3,1,43,5,1,2,00,0,0,17,201800020216A01,,,
201800020377,2018-06-30,2018,juin,samedi,13:45,67,67418,48.82188,8.00637,2,2,3,1,1,3,2,02,1,1,,,1,0,1,4,1,14,5,1,2,00,2,8,2,201800020377B01,7,1,1
201800020378,2018-09-18,2018,septembre,mardi,12:20,67,67106,48.76089,7.95166,2,3,1,1,1,3,2,02,1,1,,,1,0,1,4,1,13,2,1,2,00,2,1,15,201800020378B01,7,1,1
201800020380,2018-10-09,2018,octobre,mardi,13:45,67,67472,48.8324,7.96295,1,1,2,1,1,3,2,02,1,1,,,1,0,1,3,1,67,5,1,2,00,0,4,1,201800020380B01,7,17,1
201800020382,2018-11-27,2018,novembre,mardi,10:00,67,67106,48.76171,7.95125,2,2,7,1,1,3,,,,,,,,,,3,1,81,5,1,2,00,0,1,0,201800020382B01,7,0,1
201800020403,2018-10-12,2018,octobre,vendredi,18:50,44,44137,47.36354,-2.0112,2,2,1,1,1,3,2,02,1,1,,,1,0,1,4,1,10,5,1,2,00,2,1,1,201800020403B01,38,1,1
201800020486,2018-01-08,2018,janvier,lundi,18:20,72,72058,47.99046,0.2406,2,1,3,3,1,3,2,02,1,1,,,1,0,1,4,1,14,2,1,4,00,2,8,15,201800020486B01,7,1,1
201800020492,2018-04-11,2018,avril,mercredi,16:43,72,72058,47.96358,0.24415,2,1,6,1,1,3,2,02,1,2,,,1,0,1,3,1,61,5,1,2,00,5,1,1,201800020492A01,,,
201800020493,2018-04-24,2018,avril,mardi,19:45,72,72200,47.8938,0.21881,1,1,3,1,1,3,2,02,1,1,,,1,0,1,4,1,44,5,1,2,00,2,1,1,201800020493B01,7,15,1
201800020513,2018-11-08,2018,novembre,jeudi,13:30,72,72299,47.8714,0.32677,2,1,1,1,1,3,2,02,1,1,,,1,0,1,4,1,76,5,1,2,00,2,1,1,201800020513B01,7,1,1
201800020528,2018-09-22,2018,septembre,samedi,15:30,65,65324,43.22915,0.23281,2,1,7,1,1,3,2,02,1,2,,,1,0,1,3,1,72,5,1,2,00,0,0,1,201800020528A01,,,
201800020530,2018-03-29,2018,mars,jeudi,18:10,83,83019,43.13883,6.35121,2,6,3,1,1,3,1,02,1,2,,,1,0,1,3,1,76,5,1,2,00,2,8,1,201800020530B01,7,9,1
201800020531,2018-04-26,2018,avril,jeudi,15:45,83,83019,43.13883,6.35121,2,6,3,1,1,4,1,01,1,2,,,1,5,1,4,1,66,5,1,4,00,2,1,1,201800020531A01,7,1,1
201800020547,2018-10-06,2018,octobre,samedi,10:10,83,83070,43.14485,6.38484,1,1,3,1,1,4,2,02,1,1,,,1,0,5,4,1,72,5,1,2,00,0,3,1,201800020547B01,7,17,1
201800020563,2018-01-30,2018,janvier,mardi,17:50,19,19031,45.16544,1.53697,2,3,3,2,1,3,2,02,1,1,000,000,1,0,1,4,1,48,5,1,2,00,2,1,17,201800020563B01,10,9,1
201800020645,2018-02-18,2018,février,dimanche,10:30,59,59641,50.97616,2.50985,1,1,3,1,7,4,2,02,1,1,,,1,0,1,3,1,28,5,1,2,00,2,1,19,201800020645B01,7,1,1
201800020651,2018-10-10,2018,octobre,mercredi,12:07,59,59107,51.06711,2.51774,2,2,3,1,1,3,2,02,1,1,,,1,0,1,4,2,19,0,1,2,00,2,7,19,201800020651B01,7,1,1
201800020681,2018-01-20,2018,janvier,samedi,19:25,21,21054,47.03074,4.84186,2,1,2,5,3,4,2,01,1,1,000,000,2,0,1,4,1,61,5,1,9,00,2,4,2,201800020681B01,7,2,1
201800020693,2018-01-05,2018,janvier,vendredi,11:57,21,21231,47.18588,5.15052,2,3,3,1,2,4,1,02,1,3,000,000,2,0,1,4,1,37,5,1,9,00,2,1,5,201800020693B01,10,8,1
201800020700,2018-01-24,2018,janvier,mercredi,75:0,21,21231,47.31543,5.04263,2,1,3,5,1,4,1,01,1,1,000,000,1,0,0,4,2,21,5,1,9,00,2,2,19,201800020700A01,7,7,1
201800020702,2018-02-19,2018,février,lundi,13:20,21,21231,47.19114,5.2263,2,2,3,1,1,4,1,01,1,1,000,040,1,0,5,3,2,34,4,1,9,00,2,1,1,201800020702B01,7,15,1
201800020703,2018-02-26,2018,février,lundi,84:0,21,21231,47.1837,5.33598,2,2,3,1,7,4,2,02,1,1,000,000,1,0,1,4,2,54,1,1,9,00,2,1,1,201800020703B01,7,15,1
201800020707,2018-03-10,2018,mars,samedi,11:10,21,21231,47.20265,5.24104,2,3,3,1,2,4,2,04,1,1,000,000,2,0,1,3,1,90,5,1,9,00,4,6,19,201800020707A01,40,1,1
201800020759,2018-03-07,2018,mars,mercredi,14:35,22,22113,48.73407,-3.4443,2,1,3,1,1,4,-1,01,1,1,000,050,1,0,1,4,2,39,4,1,2,00,2,8,13,201800020759B01,7,17,1
201800020794,2018-01-31,2018,janvier,mercredi,11:20,22,22278,48.51412,-2.74228,2,6,2,1,1,4,3,02,1,1,000,050,1,5,1,4,1,18,9,1,2,00,2,4,1,201800020794B01,7,0,1
201800020802,2018-02-17,2018,février,samedi,19:05,22,22360,48.49227,-2.72701,2,1,3,2,1,4,2,02,1,1,000,050,1,0,1,4,1,28,1,1,2,00,2,5,19,201800020802A01,7,1,1
201800020818,2018-03-31,2018,mars,samedi,10:10,22,22278,48.51121,-2.76188,2,6,6,1,1,4,1,02,1,2,000,000,2,5,1,4,1,55,5,1,2,00,2,5,1,201800020818B01,7,9,1
201800020990,2018-05-17,2018,mai,jeudi,11:50,25,25056,47.24849,6.01489,2,1,3,1,1,4,-1,00,2,1,,,1,0,3,4,1,61,5,1,2,00,2,1,0,201800020990B01,10,0,1
201800020997,2018-06-08,2018,juin,vendredi,16:55,25,25056,47.21727,5.97746,2,1,3,1,1,4,2,02,1,1,,,1,0,3,4,2,9,0,1,2,00,2,0,0,201800020997A01,7,0,1
201800021085,2018-09-22,2018,septembre,samedi,19:00,25,25539,47.51209,6.79419,2,1,6,1,1,3,-1,00,1,1,,,1,0,3,3,1,50,0,1,2,00,2,0,0,201800021085B01,30,0,1
201800021134,2018-06-28,2018,juin,jeudi,17:25,26,26380,0,0,2,1,1,1,1,3,2,02,1,1,000,000,1,0,1,4,1,51,0,1,9,00,2,1,15,201800021134B01,7,1,1
201800021136,2018-09-02,2018,septembre,dimanche,17:30,26,26009,45.26025,4.82339,2,1,3,1,1,2,2,02,1,1,,,1,0,1,3,1,72,0,1,2,00,2,8,6,201800021136B01,7,1,1
201800021146,2018-06-07,2018,juin,jeudi,14:25,59,59162,50.9156,2.39256,1,1,5,1,1,4,2,01,1,1,,,1,0,1,3,1,69,5,1,2,00,2,8,1,201800021146C01,21,13,1
201800021146,2018-06-07,2018,juin,jeudi,14:25,59,59162,50.9156,2.39256,1,1,5,1,1,4,2,01,1,1,,,1,0,1,3,1,60,5,1,2,00,2,8,1,201800021146B01,21,13,1
201800021149,2018-09-28,2018,septembre,vendredi,12:10,59,59067,50.9675,2.4324,2,1,2,1,2,4,2,02,1,1,,,2,0,1,3,1,57,1,1,2,00,2,1,2,201800021149A01,7,2,1
201800021156,2018-04-16,2018,avril,lundi,92:0,79,79083,46.11078,-0.10896,1,1,3,1,1,3,2,02,1,1,,070,1,0,1,3,1,70,5,1,9,00,2,8,2,201800021156B01,7,17,1
201800021174,2018-09-22,2018,septembre,samedi,20:30,62,62015,50.43586,1.65175,2,1,1,3,2,3,2,02,4,3,,,2,0,1,3,1,38,0,1,2,00,2,1,5,201800021174B01,7,1,1
201800021183,2018-03-08,2018,mars,jeudi,22:00,59,59653,50.56622,2.92894,1,1,3,3,9,3,2,02,1,1,,,1,0,1,3,1,62,5,1,2,00,0,4,0,201800021183A01,7,2,1
201800021193,2018-06-15,2018,juin,vendredi,18:45,01,01033,46.10811,5.82955,2,1,7,2,1,4,1,01,2,3,,,1,0,4,3,1,82,5,1,2,12,0,1,1,201800021193A01,,,
201800021253,2018-06-25,2018,juin,lundi,20:20,26,26281,45.04531,5.04636,2,6,3,2,1,4,2,02,3,1,000,000,1,0,3,4,1,21,9,1,9,00,2,7,0,201800021253B01,7,9,1
201800021263,2018-07-18,2018,juillet,mercredi,12:55,26,26281,45.05029,5.05779,2,1,3,1,1,4,2,02,1,1,000,000,1,0,3,4,1,60,9,1,9,00,2,0,0,201800021263B01,7,0,1
201800021277,2018-02-27,2018,février,mardi,13:30,26,26362,44.92247,4.88982,2,1,3,1,1,4,2,02,1,1,000,061,1,0,1,4,1,18,0,1,2,00,2,0,9,201800021277A01,7,1,1
201800021302,2018-08-23,2018,août,jeudi,15:10,26,26362,44.89589,4.91596,1,6,3,1,1,3,2,02,1,1,000,000,1,0,3,3,2,54,4,1,9,00,2,7,1,201800021302B01,7,9,1
201800021319,2018-04-15,2018,avril,dimanche,13:30,06,06033,43.78531,7.19627,1,1,3,1,8,7,2,02,2,1,,,1,0,1,3,1,26,5,1,2,00,2,3,13,201800021319B01,7,1,1
201800021328,2018-08-29,2018,août,mercredi,90:0,06,06033,43.79209,7.18503,2,4,3,1,1,4,-1,00,-1,-1,,,-1,0,0,4,1,38,5,1,2,00,2,1,1,201800021328B01,7,16,1
201800021329,2018-09-08,2018,septembre,samedi,12:00,06,06046,43.75857,7.2079,1,9,3,1,1,7,2,02,2,1,,,1,0,1,3,1,17,5,1,2,00,2,8,0,201800021329B01,10,1,1
201800021343,2018-06-04,2018,juin,lundi,19:00,38,38270,45.38112,5.54208,2,3,3,1,1,4,2,02,1,1,,,1,0,1,3,1,9,5,1,2,00,2,1,0,201800021343B01,7,1,1
201800021345,2018-06-30,2018,juin,samedi,10:20,38,38383,45.3693,5.63788,1,1,2,1,1,3,2,02,1,1,,,1,0,1,3,1,45,5,1,2,00,0,4,2,201800021345B01,7,17,1
201800021477,2018-01-05,2018,janvier,vendredi,11:20,27,27701,49.28046,1.22624,1,2,3,1,1,3,2,02,1,1,050,200,2,0,1,4,1,54,5,1,2,00,2,8,16,201800021477B01,7,1,1
201800021583,2018-12-12,2018,décembre,mercredi,18:10,17,17142,46.18571,-1.06015,2,6,6,5,1,4,2,02,1,1,,,2,5,1,3,1,62,1,1,9,00,0,4,1,201800021583B01,7,9,1
201800021601,2018-09-28,2018,septembre,vendredi,12:00,91,91363,48.64575,2.19534,1,4,6,1,1,3,2,02,1,1,,,1,0,1,3,1,69,5,1,2,13,0,1,1,201800021601B01,14,21,1
201800021605,2018-11-02,2018,novembre,vendredi,12:45,91,91363,48.6429,2.22854,2,1,3,1,1,3,2,02,2,1,,,1,0,1,3,1,53,9,1,2,00,2,1,1,201800021605A01,10,15,1
201800021634,2018-02-14,2018,février,mercredi,15:40,28,28229,48.45176,1.45235,2,1,3,1,2,3,3,02,2,3,000,000,2,0,1,3,2,69,0,1,9,00,2,1,19,201800021634B01,7,2,1
201800021662,2018-09-25,2018,septembre,mardi,11:35,42,42182,46.05133,3.95319,1,9,3,1,7,3,3,02,1,1,,,1,5,1,3,1,67,5,1,2,00,2,8,13,201800021662B01,7,17,1
201800021691,2018-05-04,2018,mai,vendredi,18:05,74,74213,45.91912,6.06947,2,6,3,1,1,3,2,02,1,1,,,1,5,1,4,1,41,5,1,2,00,2,7,1,201800021691B01,7,1,1
201800021696,2018-09-04,2018,septembre,mardi,20:00,74,74217,45.94373,6.12296,2,1,2,1,1,3,2,02,2,1,,,1,0,1,3,2,22,5,1,2,00,2,4,1,201800021696B01,7,1,1
201800021703,2018-12-05,2018,décembre,mercredi,82:0,74,74182,45.92303,6.09861,2,6,1,1,1,4,2,02,1,1,,,2,5,1,3,1,43,1,1,2,00,2,7,1,201800021703B01,7,1,1
201800021706,2018-12-21,2018,décembre,vendredi,14:35,74,74182,45.91719,6.09019,2,6,6,1,2,3,2,02,1,1,,,2,5,1,2,2,47,1,1,2,00,2,0,0,201800021706B01,16,16,1
201800021791,2018-04-18,2018,avril,mercredi,15:15,01,01354,46.24547,6.02344,2,6,3,1,1,4,1,01,1,2,,,1,0,1,3,2,48,1,1,2,00,2,7,16,201800021791B01,7,9,1
201800021816,2018-02-08,2018,février,jeudi,74:0,67,67437,48.74068,7.36982,2,2,3,1,1,3,2,03,1,1,,,1,5,1,4,1,36,0,1,3,00,2,1,1,201800021816B01,7,15,1
201800021826,2018-06-19,2018,juin,mardi,15:40,83,83048,43.19162,6.55641,2,6,7,1,1,3,1,01,1,2,,,1,0,1,3,2,68,5,1,2,00,2,8,13,201800021826B01,7,18,1
201800021832,2018-04-18,2018,avril,mercredi,14:50,67,67532,48.67372,7.51565,2,1,7,1,1,3,2,02,2,1,,,1,0,1,3,1,62,5,1,2,00,0,1,1,201800021832A01,,,
201800021839,2018-01-08,2018,janvier,lundi,13:55,35,35045,47.79546,-2.00918,1,2,3,1,1,3,2,02,1,1,,,1,5,1,4,1,63,5,1,2,00,2,7,1,201800021839B01,10,19,1
201800021839,2018-01-08,2018,janvier,lundi,13:55,35,35045,47.79546,-2.00918,1,2,3,1,1,3,2,02,1,1,,,1,5,1,4,2,58,5,1,2,00,2,7,1,201800021839B01,10,19,1
201800021855,2018-05-13,2018,mai,dimanche,17:40,35,35077,47.86827,-1.27459,1,1,4,1,1,3,2,02,1,1,,,1,0,1,4,1,11,5,1,2,00,9,4,2,201800021855C01,7,1,1
201800021855,2018-05-13,2018,mai,dimanche,17:40,35,35077,47.86827,-1.27459,1,1,4,1,1,3,2,02,1,1,,,1,0,1,3,1,17,5,1,2,00,2,4,2,201800021855B01,7,1,1
201800021860,2018-09-28,2018,septembre,vendredi,94:0,35,35235,47.91578,-1.20509,1,2,3,1,7,3,2,02,1,1,,,1,0,1,3,1,88,5,1,2,00,2,9,1,201800021860B01,7,19,1
201800021867,2018-01-16,2018,janvier,mardi,10:55,62,62491,50.62729,2.77184,2,1,3,1,1,3,2,02,1,1,,,1,0,1,3,2,86,5,1,8,00,2,8,13,201800021867B01,7,17,1
201800021869,2018-01-30,2018,janvier,mardi,92:0,62,62491,50.61209,2.78241,2,2,3,1,7,3,2,02,1,1,,,2,0,1,3,1,56,5,1,2,00,2,8,1,201800021869B01,7,19,1
201800021870,2018-05-08,2018,mai,mardi,93:5,62,62252,50.56131,2.71564,2,1,5,1,1,3,2,02,1,1,,,1,0,1,3,1,47,5,1,2,00,2,1,1,201800021870B01,7,17,1
201800021870,2018-05-08,2018,mai,mardi,93:5,62,62252,50.56131,2.71564,2,1,5,1,1,3,2,02,1,1,,,1,0,1,4,1,25,5,1,2,00,2,1,1,201800021870C01,7,17,1
201800021874,2018-10-20,2018,octobre,samedi,13:15,62,62252,50.57406,2.72643,2,3,3,1,1,3,2,02,1,1,,,1,0,1,3,2,57,5,1,2,00,2,2,23,201800021874B01,10,0,1
201800021894,2018-08-19,2018,août,dimanche,10:45,86,86070,46.58872,0.64615,1,1,1,1,1,3,2,02,1,1,,,1,0,1,3,1,53,5,1,2,00,2,7,19,201800021894A01,7,1,1
201800021912,2018-10-13,2018,octobre,samedi,92:0,01,01071,46.30837,6.067,1,3,3,1,1,4,2,02,1,1,,,1,5,1,3,1,75,3,1,2,00,2,8,23,201800021912B01,15,16,1
201800021938,2018-10-10,2018,octobre,mercredi,11:15,64,64410,43.3813,-0.5958,1,8,7,1,1,3,2,02,1,1,000,000,1,4,1,3,1,68,5,1,2,00,0,1,1,201800021938A01,,,
201800021940,2018-10-30,2018,octobre,mardi,16:45,64,64061,43.3998,-0.5665,2,4,3,1,1,3,2,02,2,3,000,000,1,0,1,3,2,61,0,1,2,00,2,3,15,201800021940B01,7,1,1
201800021944,2018-05-21,2018,mai,lundi,11:00,68,68020,47.81071,7.50605,2,1,3,1,1,3,2,02,1,1,000,075,1,0,1,3,1,62,5,1,2,00,0,8,15,201800021944B01,7,17,1
201800021961,2018-05-23,2018,mai,mercredi,14:30,01,01322,45.93038,4.82157,2,1,1,1,1,9,2,02,1,1,,,1,0,1,4,1,11,5,1,2,00,2,1,0,201800021961A01,7,0,1
201800021973,2018-05-13,2018,mai,dimanche,17:00,28,28358,48.5072,1.51351,1,3,2,1,1,3,2,02,1,1,,,1,0,1,4,1,65,5,1,2,00,2,4,1,201800021973A01,7,1,1
201800021997,2018-01-12,2018,janvier,vendredi,19:40,29,29019,48.38016,-4.5334,2,3,3,5,1,4,2,02,1,1,000,000,1,5,1,4,2,25,5,1,2,00,2,1,1,201800021997B01,7,15,1
201800022003,2018-01-18,2018,janvier,jeudi,16:30,29,29019,48.38316,-4.5092,2,1,7,1,1,4,2,00,2,1,000,000,2,0,1,4,1,23,5,1,2,00,0,0,18,201800022003B01,7,15,1
201800022015,2018-03-07,2018,mars,mercredi,20:30,29,29019,48.39338,-4.48114,2,2,3,5,1,4,2,02,2,1,000,000,1,0,1,4,1,23,1,1,2,00,2,1,1,201800022015A01,7,1,1
201800022019,2018-03-13,2018,mars,mardi,90:0,29,29019,48.4259,-4.47045,2,3,6,1,1,4,2,02,2,1,000,000,1,0,1,4,1,18,9,1,2,00,2,8,1,201800022019B01,7,9,1
201800022044,2018-04-27,2018,avril,vendredi,91:0,29,29019,48.39339,-4.48115,2,2,3,1,8,4,2,02,1,1,,,1,0,3,4,1,20,0,1,2,00,2,6,1,201800022044A01,10,1,1
201800022222,2018-12-27,2018,décembre,jeudi,15:20,29,29039,47.86293,-3.88701,2,1,6,1,1,4,2,02,1,1,,,1,0,3,4,1,32,4,1,2,00,1,1,17,201800022222B01,14,23,1
201800022248,2018-01-17,2018,janvier,mercredi,15:00,57,57224,49.06926,6.68441,2,2,3,1,8,3,2,02,2,1,,,2,0,1,3,1,17,5,1,2,00,2,1,19,201800022248A01,7,1,1
201800022270,2018-01-17,2018,janvier,mercredi,20:00,29,29232,47.98875,-4.0747,1,1,6,3,1,3,1,02,2,1,000,096,2,0,2,4,1,31,1,1,2,00,2,8,2,201800022270A01,99,,1
201800022315,2018-03-04,2018,mars,dimanche,12:35,29,29232,48.0068,-4.10964,2,1,6,1,1,4,2,02,-1,-1,000,000,-1,0,1,4,1,64,5,1,2,00,2,0,0,201800022315B01,,,
201800022439,2018-04-14,2018,avril,samedi,16:00,46,46023,44.26834,1.54341,2,3,1,1,1,3,2,02,1,1,,,1,0,1,4,1,34,5,1,2,00,2,1,1,201800022439B01,7,15,1
201800022461,2018-07-31,2018,juillet,mardi,15:00,60,60256,49.2825,2.00724,2,9,3,1,1,4,2,02,2,1,,,1,0,3,3,1,12,5,1,2,00,2,2,1,201800022461B01,7,1,1
201800022469,2018-01-03,2018,janvier,mercredi,15:25,30,30007,44.12125,4.09208,2,6,3,1,1,2,2,02,1,3,053,147,1,5,1,4,2,61,1,1,2,00,2,2,1,201800022469B01,7,9,1
201800022479,2018-01-28,2018,janvier,dimanche,15:20,30,30007,44.12699,4.07571,2,1,3,1,1,4,2,04,1,1,020,140,1,0,1,3,1,53,5,1,2,00,2,7,19,201800022479A01,33,1,1
201800022530,2018-01-13,2018,janvier,samedi,10:50,30,30189,43.81515,4.36852,2,2,3,1,1,4,3,04,1,1,000,110,1,0,1,4,1,21,4,1,2,00,2,3,1,201800022530B01,7,15,1
201800022555,2018-03-31,2018,mars,samedi,12:47,30,30189,43.82428,4.36959,2,6,3,1,1,4,2,01,1,2,000,000,1,0,1,4,1,47,0,1,9,00,2,1,15,201800022555B01,7,13,1
201800022577,2018-06-20,2018,juin,mercredi,20:30,30,30189,43.84808,4.29042,1,1,1,1,1,3,2,02,2,1,,,1,0,3,4,1,56,5,1,2,00,2,1,1,201800022577B01,7,15,1
201800022710,2018-06-08,2018,juin,vendredi,20:00,84,84135,44.21075,4.80137,2,2,7,1,1,3,2,02,2,1,,,1,0,4,3,1,60,9,1,9,08,0,8,16,201800022710A01,,,
201800022714,2018-02-08,2018,février,jeudi,73:0,11,11203,43.19308,2.75564,2,1,2,3,1,3,2,02,1,1,,,1,0,1,3,1,17,1,1,4,00,2,4,1,201800022714A01,14,1,1
201800022739,2018-08-26,2018,août,dimanche,10:30,35,35029,48.4642,-1.74112,1,1,2,1,7,3,2,02,1,1,,,1,0,1,3,1,46,1,1,2,00,2,1,1,201800022739B01,10,4,1
201800022757,2018-05-05,2018,mai,samedi,74:0,62,62621,50.87653,2.02921,2,1,2,1,1,3,2,02,1,1,,,1,0,1,3,1,62,0,1,2,00,2,4,2,201800022757B01,99,2,1
201800022793,2018-09-07,2018,septembre,vendredi,15:10,05,05161,44.93802,6.5783,1,1,3,1,1,3,2,02,1,1,,,1,0,1,3,1,70,5,1,2,00,2,8,0,201800022793B01,10,17,1
201800022794,2018-10-24,2018,octobre,mercredi,15:15,05,05161,44.93772,6.57918,1,1,3,1,1,3,2,02,2,1,,,1,0,1,3,1,46,5,1,2,00,2,8,1,201800022794B01,7,17,1
201800022795,2018-02-10,2018,février,samedi,13:35,67,67445,48.30114,7.36121,1,1,6,1,1,4,2,02,2,1,,,1,0,1,4,1,50,5,1,2,00,5,1,1,201800022795A01,,,
201800022797,2018-06-15,2018,juin,vendredi,15:30,67,67115,48.30536,7.503,2,3,1,1,1,4,,,,,,,,,,3,1,47,5,1,2,00,2,1,1,201800022797B01,31,0,1
201800022799,2018-07-03,2018,juillet,mardi,13:25,67,67073,48.28187,7.40221,1,1,7,1,1,3,-1,02,1,1,,,1,0,1,3,1,36,5,1,2,00,0,0,0,201800022799A01,,,
201800022801,2018-07-27,2018,juillet,vendredi,83:0,67,67115,48.30503,7.49906,2,6,3,1,1,3,1,01,1,2,,,1,0,1,4,1,64,5,1,2,00,9,4,2,201800022801A01,7,2,1
201800022805,2018-10-16,2018,octobre,mardi,13:40,67,67317,48.30636,7.33763,2,1,1,1,1,4,2,02,2,3,,,1,0,1,4,1,9,2,1,2,00,2,1,5,201800022805B01,7,2,1
201800022847,2018-08-11,2018,août,samedi,93:0,69,69277,45.74002,5.02393,1,1,2,1,1,3,2,02,1,1,,,1,0,1,3,1,70,5,1,2,00,0,4,14,201800022847B01,7,14,1
201800022849,2018-09-19,2018,septembre,mercredi,81:5,69,69277,45.72869,4.98808,2,6,3,1,1,3,1,01,1,2,,,1,0,1,3,1,62,1,1,2,00,2,7,0,201800022849B01,7,9,1
201800022858,2018-01-02,2018,janvier,mardi,93:0,31,31555,43.61603,1.4532,2,1,3,1,2,4,2,02,1,1,000,000,2,0,1,4,1,65,9,1,9,00,2,8,1,201800022858B01,7,15,1
201800022875,2018-01-10,2018,janvier,mercredi,13:05,31,31555,43.59612,1.45673,2,1,6,1,1,4,2,02,1,1,000,000,1,0,1,4,1,27,5,1,2,01,0,1,1,201800022875A01,,,