Num_Acc,date,an,mois,jour,hrmn,dep,com,lat,long,agg,int,col,lum,atm,catr,circ,nbv,prof,plan,lartpc,larrout,surf,infra,situ,grav,sexe,age,trajet,secuexist,equipement,obs,obsm,choc,manv,vehiculeid,typevehicules,manoeuvehicules,numVehicules
201800022895,2018-01-22,2018,janvier,lundi,20:00,31,31149,43.61543,1.34297,2,1,3,5,2,4,2,02,1,4,000,000,2,0,1,4,2,29,1,1,9,00,2,0,1,201800022895B01,10,9,1
201800022929,2018-02-12,2018,février,lundi,11:25,31,31555,43.60028,1.44525,2,1,6,1,1,4,2,02,1,1,000,000,1,0,1,1,1,32,0,1,9,00,1,1,1,201800022929B01,,,
201800022930,2018-02-12,2018,février,lundi,19:40,31,31555,43.593,1.41295,2,1,3,3,1,4,2,01,1,1,000,000,1,0,5,4,1,48,1,1,2,00,2,8,1,201800022930B01,7,9,1
201800022945,2018-03-01,2018,mars,jeudi,17:35,31,31555,43.61948,1.44104,2,1,1,1,6,4,1,01,1,1,000,000,1,0,1,4,2,53,9,1,9,00,2,1,1,201800022945B01,7,13,1
201800022951,2018-03-05,2018,mars,lundi,85:5,31,31555,43.58018,1.36208,2,1,3,1,1,3,1,02,1,2,000,000,1,0,1,4,1,35,0,1,9,00,2,8,1,201800022951B01,7,16,1
201800022973,2018-03-13,2018,mars,mardi,22:30,31,31555,43.61652,1.4537,2,1,3,5,1,3,2,02,1,1,000,000,1,0,1,4,2,26,5,1,2,00,2,9,19,201800022973A01,7,1,1
201800022975,2018-03-14,2018,mars,mercredi,11:30,31,31555,43.5934,1.44418,2,1,3,1,1,4,2,02,1,1,000,000,1,0,1,3,1,37,0,1,2,00,2,1,1,201800022975B01,10,15,1
201800022977,2018-03-15,2018,mars,jeudi,82:0,31,31555,43.59779,1.44213,2,1,6,1,1,4,1,01,1,1,000,000,1,0,1,3,2,50,0,1,2,00,2,1,1,201800022977B01,7,15,1
201800022979,2018-03-15,2018,mars,jeudi,20:00,31,31555,49.5973,1.4211,2,1,1,5,1,4,2,02,1,1,000,000,1,0,1,4,1,31,0,1,2,00,2,1,17,201800022979B01,7,1,1
201800022988,2018-03-19,2018,mars,lundi,19:00,31,31557,45.58141,1.35045,2,1,3,5,2,4,2,02,1,1,000,000,2,0,1,4,2,46,1,1,4,00,2,7,19,201800022988B01,7,1,1
201800023002,2018-03-29,2018,mars,jeudi,10:47,31,31555,43.61097,1.43691,2,1,3,1,1,4,2,04,1,1,000,000,1,0,1,4,2,54,9,1,2,00,2,1,1,201800023002B01,7,15,1
201800023420,2018-01-24,2018,janvier,mercredi,18:25,28,28204,48.04883,1.18093,1,1,4,3,1,3,2,02,1,1,,,1,0,1,1,1,13,5,1,2,00,2,4,1,201800023420C01,10,1,1
201800023420,2018-01-24,2018,janvier,mercredi,18:25,28,28204,48.04883,1.18093,1,1,4,3,1,3,2,02,1,1,,,1,0,1,3,1,13,0,1,2,00,2,4,1,201800023420B01,10,1,1
201800023449,2018-02-05,2018,février,lundi,75:3,10,10100,48.20601,4.18896,2,1,3,2,2,3,2,02,1,1,,,2,0,1,3,1,15,1,1,4,00,2,1,19,201800023449A01,7,1,1
201800023478,2018-12-17,2018,décembre,lundi,20:15,68,68145,48.07516,7.40312,2,3,3,5,2,3,2,02,1,1,,,2,0,1,3,1,47,0,1,2,00,0,0,1,201800023478A01,7,12,1
201800023499,2018-10-13,2018,octobre,samedi,15:45,68,68249,48.10594,7.17238,2,1,2,1,1,3,2,02,2,1,,,1,0,1,4,2,63,5,1,2,00,0,4,2,201800023499B01,7,2,1
201800023571,2018-05-18,2018,mai,vendredi,83:0,44,44120,47.19879,-1.7567,2,1,3,1,1,9,2,02,1,1,,,1,0,1,2,1,90,3,1,2,00,2,3,13,201800023571A01,37,1,1
201800023574,2018-08-24,2018,août,vendredi,10:25,44,44212,47.14588,-1.3141,1,1,1,1,1,3,2,02,1,1,,,1,0,1,2,1,72,5,1,2,00,2,1,13,201800023574A01,15,1,1
201800023592,2018-09-05,2018,septembre,mercredi,18:15,81,81156,43.91691,2.03263,2,3,1,1,1,3,2,02,1,1,,,1,0,1,3,1,84,5,1,2,00,2,7,19,201800023592B01,3,1,1
201800023604,2018-06-26,2018,juin,mardi,85:5,81,81281,43.60568,2.10423,1,1,1,1,7,3,2,02,2,3,,,1,0,1,2,1,59,5,1,2,00,2,8,1,201800023604B01,7,0,1
201800023633,2018-06-18,2018,juin,lundi,15:26,32,32013,43.6886,0.60456,1,1,6,1,1,2,2,02,1,1,000,000,1,0,3,4,1,72,5,1,2,00,2,0,2,201800023633B01,7,2,1
201800023637,2018-07-02,2018,juillet,lundi,11:50,32,32013,43.6436,0.5871,2,1,3,1,8,4,2,02,1,1,000,000,1,0,3,4,1,84,5,1,3,00,2,1,19,201800023637B01,7,0,1
201800023640,2018-07-11,2018,juillet,mercredi,80:5,32,32013,43.6712,0.59833,2,1,3,1,1,4,2,02,1,1,000,000,1,0,3,4,1,19,1,1,3,00,2,1,21,201800023640B01,7,9,1
201800023645,2018-08-19,2018,août,dimanche,12:19,32,32013,43.6397,0.5987,1,1,7,1,1,3,2,02,1,1,000,000,1,0,3,4,2,57,5,1,3,00,0,1,1,201800023645A01,,,
201800023654,2018-11-24,2018,novembre,samedi,17:20,32,32013,43.6493,0.5875,2,3,6,2,1,4,1,01,4,1,000,000,2,0,3,1,1,38,5,1,2,00,1,1,1,201800023654A01,,,
201800023655,2018-11-25,2018,novembre,dimanche,15:12,32,32013,43.6454,0.58232,2,3,3,1,8,4,2,02,3,1,000,000,2,0,3,4,1,27,9,1,3,00,2,7,1,201800023655B01,7,9,1
201800023661,2018-12-03,2018,décembre,lundi,17:08,32,32013,43.6411,0.59523,2,3,3,2,1,4,2,02,1,1,000,000,1,0,3,3,1,81,5,1,3,00,2,8,9,201800023661A01,7,1,1
201800023675,2018-05-26,2018,mai,samedi,10:30,57,57177,48.81408,6.72096,2,1,3,1,1,6,,,1,1,,,1,5,4,4,2,36,4,1,2,00,2,3,19,201800023675A01,7,1,1
201800023698,2018-04-06,2018,avril,vendredi,11:55,31,31044,43.60445,1.49841,2,9,3,1,7,3,-1,01,2,1,,,1,0,5,3,1,66,5,1,2,00,2,3,0,201800023698B01,10,9,1
201800023724,2018-04-24,2018,avril,mardi,13:50,42,42162,46.014,3.98618,2,1,5,1,1,3,2,02,1,1,,,1,0,1,4,1,66,5,1,2,00,2,0,21,201800023724C01,7,15,1
201800023724,2018-04-24,2018,avril,mardi,13:50,42,42162,46.014,3.98618,2,1,5,1,1,3,2,02,1,1,,,1,0,1,4,1,71,5,1,2,00,2,0,21,201800023724D01,7,15,1
201800023724,2018-04-24,2018,avril,mardi,13:50,42,42162,46.014,3.98618,2,1,5,1,1,3,2,02,1,1,,,1,0,1,3,1,71,5,1,2,00,2,1,21,201800023724B01,7,15,1
201800023729,2018-08-21,2018,août,mardi,20:00,42,42068,46.03184,4.26299,1,2,1,2,1,3,-1,02,2,1,,,1,5,1,4,1,50,5,1,9,00,2,1,1,201800023729B01,7,15,1
201800023730,2018-09-10,2018,septembre,lundi,17:15,42,42332,46.00905,4.02187,1,1,3,1,7,3,2,02,3,1,,,1,0,1,4,1,27,5,1,2,00,0,8,2,201800023730A01,7,1,1
201800023731,2018-09-29,2018,septembre,samedi,10:45,42,42145,46.04399,4.24105,1,1,1,1,1,3,2,02,1,1,,,1,0,1,1,1,4,5,1,2,00,2,4,1,201800023731B01,7,1,1
201800023734,2018-12-06,2018,décembre,jeudi,19:45,42,42166,45.99768,4.10362,1,1,2,3,1,3,2,03,1,1,,,1,0,1,2,1,43,1,1,2,00,0,4,2,201800023734B01,7,1,1
201800023737,2018-04-19,2018,avril,jeudi,18:45,84,84069,44.18671,5.11165,2,4,6,1,1,3,2,02,,,,,,,,4,1,65,5,1,2,00,2,2,0,201800023737B01,7,15,1
201800023741,2018-06-02,2018,juin,samedi,11:30,84,84015,44.18033,5.18815,1,1,1,1,1,3,2,02,2,3,,,1,0,1,3,1,48,5,1,2,00,2,1,13,201800023741A01,7,1,1
201800023742,2018-06-14,2018,juin,jeudi,14:10,84,84015,44.17271,5.22444,1,1,1,1,1,3,2,02,2,3,,,1,0,1,3,1,50,5,1,2,00,2,1,13,201800023742B01,33,1,1
201800023744,2018-07-31,2018,juillet,mardi,19:50,84,84137,44.24431,5.07545,2,6,3,1,1,4,2,02,1,1,,,1,0,1,4,1,43,5,1,2,11,2,7,1,201800023744B01,7,1,1
201800023748,2018-03-08,2018,mars,jeudi,18:04,31,31467,43.7166,1.40632,2,6,3,2,7,3,1,02,1,2,,,1,5,1,3,1,70,5,1,2,00,0,4,2,201800023748B01,7,1,1
201800023771,2018-04-20,2018,avril,vendredi,17:40,41,41276,47.62309,1.32679,2,1,3,1,1,4,2,02,1,1,,,1,0,1,3,1,8,5,1,2,00,2,1,19,201800023771B01,7,1,1
201800023778,2018-08-28,2018,août,mardi,18:05,41,41055,47.55303,1.25141,1,1,3,1,7,3,2,02,1,1,,,1,0,1,3,1,73,5,1,2,00,2,8,1,201800023778B01,7,1,1
201800023780,2018-09-07,2018,septembre,vendredi,15:45,41,41167,47.46311,1.19693,2,1,1,1,1,4,1,01,1,1,,,1,0,1,4,1,11,2,1,2,00,2,1,5,201800023780A01,7,1,1
201800023821,2018-07-26,2018,juillet,jeudi,18:45,74,74191,46.16188,6.70274,1,1,1,1,1,3,2,02,2,3,,,1,0,1,3,1,58,5,1,2,00,2,1,21,201800023821B01,10,1,1
201800023822,2018-08-16,2018,août,jeudi,11:20,74,74188,46.21115,6.73769,1,1,7,1,1,3,2,02,2,4,,,1,0,1,4,1,53,5,1,2,00,9,9,1,201800023822A01,,,
201800023836,2018-01-15,2018,janvier,lundi,16:50,33,33063,44.82028,-0.54973,2,2,1,1,2,4,2,02,1,1,000,060,2,0,0,4,1,16,0,1,2,00,2,1,1,201800023836A01,7,1,1
201800023842,2018-01-22,2018,janvier,lundi,75:0,33,33063,44.85506,-0.61355,2,1,2,5,1,4,2,03,1,1,000,000,1,0,1,4,2,14,2,1,2,00,2,4,1,201800023842B01,10,14,1
201800023853,2018-02-01,2018,février,jeudi,17:30,33,33192,44.77007,-0.629,2,6,3,2,2,4,3,04,1,1,000,030,2,5,1,3,2,32,1,1,2,00,2,4,9,201800023853B01,7,1,1
201800023882,2018-03-22,2018,mars,jeudi,14:00,33,33063,44.8373,-0.57675,2,1,6,1,1,4,3,03,1,1,000,000,1,4,1,1,1,23,0,1,9,00,1,1,1,201800023882A01,,,
201800023888,2018-03-30,2018,mars,vendredi,19:50,33,33063,44.8541,-0.58174,2,1,6,2,1,4,1,01,1,1,000,000,1,0,1,1,1,39,0,1,2,00,1,1,5,201800023888A01,,,
201800024079,2018-01-23,2018,janvier,mardi,12:50,33,33063,44.81819,-0.57793,2,3,5,1,1,4,3,06,1,1,000,000,1,5,5,4,2,48,1,1,2,00,2,4,23,201800024079B01,7,21/23,2
201800024088,2018-02-28,2018,février,mercredi,14:10,33,33063,44.8528,-0.59433,2,1,3,1,1,4,3,05,1,1,000,000,1,0,5,4,2,74,5,1,2,00,2,8,1,201800024088B01,7,22,1
201800024089,2018-03-04,2018,mars,dimanche,17:15,33,33063,44.8292,-0.56013,2,3,3,1,1,4,1,01,1,1,000,000,1,0,5,4,1,48,0,1,2,00,2,1,1,201800024089B01,7,16,1
201800024094,2018-03-12,2018,mars,lundi,14:00,33,33063,44.845,-0.59152,2,1,3,1,1,4,2,02,1,1,000,000,1,0,1,4,2,51,1,1,2,00,2,8,1,201800024094A01,7,1,1
201800024095,2018-03-15,2018,mars,jeudi,20:00,33,33063,44.846,-0.58501,2,2,3,5,1,4,1,01,1,1,000,000,1,5,0,4,2,47,1,1,2,00,2,1,1,201800024095A01,7,16,1
201800024096,2018-02-09,2018,février,vendredi,11:15,33,33318,44.8005,-0.61727,2,6,3,1,1,4,2,02,1,1,000,000,1,0,1,3,1,20,0,1,2,00,2,5,1,201800024096A01,7,9,1
201800024097,2018-03-20,2018,mars,mardi,10:20,33,33063,44.8247,-0.58808,2,1,3,1,1,4,2,04,1,1,000,000,1,0,5,4,1,66,5,1,2,00,2,1,1,201800024097B01,7,23,1
201800024100,2018-04-03,2018,avril,mardi,21:30,33,33063,44.8401,-0.57419,2,2,6,5,1,4,2,01,1,1,000,000,1,6,0,1,1,20,4,1,2,00,1,1,1,201800024100A01,,,
201800024101,2018-04-09,2018,avril,lundi,61:0,33,33119,44.8531,-0.5384,2,3,2,5,1,4,1,03,1,1,000,000,1,5,1,4,1,48,1,1,4,00,2,4,23,201800024101A01,7,1,1
201800024114,2018-07-19,2018,juillet,jeudi,17:50,33,33522,44.789,-0.58706,2,3,3,1,1,4,2,02,1,1,000,000,1,0,1,4,1,32,9,1,2,00,2,8,15,201800024114B01,7,17,1
201800024115,2018-09-03,2018,septembre,lundi,73:0,33,33063,44.8415,-0.60011,2,2,3,2,1,4,1,02,1,1,000,000,1,5,1,4,2,47,1,1,2,00,2,1,1,201800024115B01,7,16,1
201800024116,2018-09-03,2018,septembre,lundi,16:40,33,33063,44.8298,-0.56801,2,2,3,1,1,4,2,02,1,1,000,000,1,5,0,4,1,15,2,1,2,00,2,2,15,201800024116B01,7,1,1
201800024118,2018-09-12,2018,septembre,mercredi,19:50,33,33063,44.8374,-0.57062,2,2,3,1,1,4,1,01,1,1,000,000,1,0,1,4,2,48,0,1,2,00,2,6,5,201800024118B01,7,1,1
201800024137,2018-08-14,2018,août,mardi,16:00,49,49092,47.22265,-0.73559,1,3,3,1,1,3,2,02,1,1,,,1,0,1,3,1,46,5,1,2,00,2,8,19,201800024137A01,7,1,1
201800024147,2018-07-31,2018,juillet,mardi,20:30,18,18272,47.26317,2.74632,1,4,3,2,7,3,2,02,1,3,,,1,0,1,3,1,52,5,1,2,00,2,8,10,201800024147B01,7,15,1
201800024149,2018-07-25,2018,juillet,mercredi,61:5,18,18032,47.4109,2.89525,1,6,3,2,1,3,2,02,4,1,,,1,5,1,3,1,57,5,1,2,00,0,2,1,201800024149B01,7,9,1
201800024231,2018-01-05,2018,janvier,vendredi,12:30,34,34172,43.62712,3.86951,2,1,3,1,1,4,1,03,1,3,095,084,1,5,1,3,2,27,9,1,2,00,2,1,19,201800024231A01,7,16,1
201800024234,2018-01-03,2018,janvier,mercredi,18:00,34,34172,43.60143,3.89885,2,3,3,5,1,4,3,04,1,1,070,110,1,5,1,4,1,31,5,1,2,00,2,7,19,201800024234A01,7,1,1
201800024282,2018-03-20,2018,mars,mardi,19:45,34,34172,43.61701,3.86115,2,2,5,5,1,4,2,02,1,1,000,060,1,5,1,3,2,26,9,1,2,00,2,0,0,201800024282C01,10/ 33/ 7,15/1/0,3
201800024588,2018-01-03,2018,janvier,mercredi,15:32,35,35238,48.11016,-1.67855,2,1,6,1,1,4,1,01,1,1,000,000,1,0,1,4,1,37,5,1,4,00,2,7,1,201800024588B01,7,22,1
201800024600,2018-01-11,2018,janvier,jeudi,12:24,35,35238,48.09135,-1.66602,2,2,3,1,1,4,3,02,1,1,000,000,1,0,5,4,2,78,5,1,2,00,2,5,1,201800024600B01,7,16,1
201800024606,2018-01-15,2018,janvier,lundi,75:0,35,35238,48.10992,-1.65638,2,2,3,5,2,4,-1,02,1,1,000,000,2,0,1,4,1,53,1,1,2,00,2,1,1,201800024606B01,7,16,1
201800024619,2018-01-23,2018,janvier,mardi,18:40,35,35238,48.11133,-1.67479,2,3,3,3,1,4,2,01,1,1,,,2,0,1,4,1,50,1,1,2,00,2,3,1,201800024619B01,7,16,1
201800024620,2018-01-25,2018,janvier,jeudi,65:0,35,35051,48.11382,-1.62063,2,6,3,5,1,4,3,02,1,-1,000,000,2,5,1,4,2,54,5,1,2,00,2,7,1,201800024620B01,7,9,1
201800024625,2018-01-29,2018,janvier,lundi,16:35,35,35051,48.10614,-1.62562,2,1,3,1,1,4,2,02,2,1,000,000,1,0,1,4,1,56,5,1,2,00,2,8,1,201800024625B01,7,14,1
201800024634,2018-02-02,2018,février,vendredi,21:08,35,35238,48.10385,-1.68083,2,3,3,5,2,4,2,01,1,1,000,000,2,0,1,4,2,33,,1,2,00,2,5,1,201800024634B01,7,9,1
201800024652,2018-02-15,2018,février,jeudi,18:50,35,35238,48.08561,-1.67507,2,2,3,5,1,4,3,04,1,1,000,000,1,0,1,4,1,31,3,1,2,00,2,1,1,201800024652A01,7,16,1
201800024660,2018-02-20,2018,février,mardi,14:15,35,35238,48.107,-1.72805,2,3,3,1,8,2,3,05,1,1,000,000,2,5,5,3,1,44,1,1,2,00,2,0,1,201800024660B01,7,15,1
201800024676,2018-02-28,2018,février,mercredi,19:19,35,35051,48.11434,-1.60279,2,1,6,3,1,4,2,01,2,1,000,000,1,0,1,4,1,18,5,1,2,00,2,8,19,201800024676A01,2,1,1
201800024687,2018-03-12,2018,mars,lundi,94:9,35,35238,48.12141,-1.70599,2,1,2,1,1,4,2,01,1,3,000,000,1,0,1,4,1,21,2,1,2,00,2,1,1,201800024687A01,7,23,1
201800024696,2018-03-16,2018,mars,vendredi,14:20,35,35238,48.10623,-1.66745,2,1,7,1,3,4,2,01,1,1,000,000,2,0,1,4,1,27,0,1,2,00,0,0,1,201800024696A01,,,
201800024702,2018-03-20,2018,mars,mardi,84:1,35,35238,48.11628,-1.66617,2,2,3,1,7,4,1,01,1,1,000,000,1,5,1,3,1,62,1,1,2,00,2,8,18,201800024702B01,7,1,1
201800024704,2018-03-23,2018,mars,vendredi,85:0,35,35238,48.1102,-1.6846,2,2,3,1,1,4,2,02,1,1,000,000,1,0,5,4,2,51,0,1,2,00,2,0,1,201800024704A01,13,16,1
201800024707,2018-03-28,2018,mars,mercredi,80:1,35,35281,48.07464,-1.71432,2,3,6,1,2,4,2,02,1,1,000,000,2,0,1,4,1,21,1,1,2,00,2,4,15,201800024707B01,7,2,1
201800024709,2018-03-28,2018,mars,mercredi,18:45,35,35051,48.12709,-1.61381,2,6,2,1,1,4,2,02,1,3,000,000,1,0,1,4,1,21,0,1,2,00,2,4,1,201800024709B01,7,9,1
201800024710,2018-03-29,2018,mars,jeudi,85:7,35,35238,48.09807,-1.72705,1,2,3,1,2,4,2,02,1,1,000,000,1,0,1,4,1,39,1,1,2,00,2,8,19,201800024710B01,7,1,1
201800024711,2018-03-29,2018,mars,jeudi,12:00,35,35238,48.10144,-1.65968,2,3,6,1,3,4,1,01,2,1,000,000,2,0,1,4,1,11,2,1,2,00,2,8,16,201800024711B01,7,1,1
201800025129,2018-03-12,2018,mars,lundi,90:4,36,36044,46.8072,1.6836,2,2,3,1,1,4,2,02,1,1,000,000,1,0,1,4,2,24,1,1,2,00,2,2,1,201800025129A01,7,1,1
201800025143,2018-05-25,2018,mai,vendredi,15:01,36,36202,46.7757,1.64841,1,6,3,1,1,3,1,02,1,1,000,086,1,0,1,4,1,35,4,1,2,00,2,7,1,201800025143B01,7,1,1
201800025153,2018-03-26,2018,mars,lundi,17:25,36,36044,46.81268,1.68492,2,3,3,1,1,4,2,02,1,1,000,000,1,0,1,4,1,78,5,1,2,00,2,8,15,201800025153B01,7,15,1
201800025158,2018-03-20,2018,mars,mardi,16:00,36,36044,46.81681,1.68453,2,6,3,1,1,4,2,,1,3,000,000,1,0,1,4,1,20,3,1,2,00,2,3,18,201800025158B01,7,16,1
201800025163,2018-10-17,2018,octobre,mercredi,11:45,36,36159,46.7587,1.7212,2,6,3,1,7,3,3,02,1,3,000,000,1,0,3,2,1,75,5,1,2,00,2,7,16,201800025163B01,7,16,1
201800025167,2018-11-09,2018,novembre,vendredi,74:1,36,36044,46.803,1.71944,2,1,6,2,1,4,2,02,1,1,000,000,1,0,4,4,2,21,9,1,2,00,2,1,0,201800025167A01,7,20,1
201800025180,2018-01-05,2018,janvier,vendredi,16:35,37,37261,47.42678,0.70804,2,6,3,1,1,4,1,01,1,2,150,070,1,5,1,4,1,76,0,1,2,00,2,1,2,201800025180B01,7,16,1
201800025187,2018-01-11,2018,janvier,jeudi,83:0,37,37261,47.38498,0.70693,2,3,3,1,1,4,2,01,1,1,000,000,1,0,1,3,2,28,1,1,2,00,2,1,1,201800025187B01,7,15,1
201800025190,2018-01-13,2018,janvier,samedi,13:27,37,37261,47.40791,0.68147,2,1,3,1,1,4,2,02,2,1,000,000,1,4,1,3,1,14,5,1,2,00,2,7,19,201800025190B01,30,18,1
201800025192,2018-01-15,2018,janvier,lundi,74:5,37,37261,47.41845,0.68156,2,1,7,5,1,4,2,02,1,1,000,070,1,0,1,4,1,55,1,1,2,00,6,0,0,201800025192A01,,,
201800025195,2018-01-08,2018,janvier,lundi,16:00,37,37261,47.40443,0.7027,2,1,7,1,1,4,2,04,2,3,000,000,1,0,1,4,1,24,0,1,2,00,0,1,1,201800025195A01,,,
201800025206,2018-01-20,2018,janvier,samedi,10:55,37,37233,47.38121,0.71257,2,1,7,1,2,4,2,01,1,1,000,000,2,0,1,4,2,25,1,1,2,00,0,7,1,201800025206A01,,,
201800025213,2018-01-26,2018,janvier,vendredi,83:0,37,37261,47.4113,0.69116,2,1,3,1,1,4,2,02,3,1,000,060,2,0,1,4,2,49,5,1,4,00,2,3,19,201800025213B01,7,1,1
201800025217,2018-01-26,2018,janvier,vendredi,12:25,37,37261,47.38865,0.69062,2,1,7,1,1,4,2,01,1,1,000,210,1,4,1,4,2,16,0,1,2,00,0,1,0,201800025217A01,,,
201800025221,2018-01-31,2018,janvier,mercredi,14:00,37,37261,47.38124,0.70222,2,1,3,1,2,4,2,02,1,1,000,000,2,0,1,3,1,42,1,1,2,00,2,2,1,201800025221B01,10,4,1
201800025222,2018-02-01,2018,février,jeudi,64:0,37,37261,47.40828,0.70853,2,3,1,4,1,4,2,02,2,1,000,070,2,0,1,4,1,47,1,1,2,00,2,1,13,201800025222A01,7,16,1
201800025223,2018-01-29,2018,janvier,lundi,15:30,37,37233,47.39164,0.72241,2,1,7,1,2,4,2,02,1,1,000,000,2,0,1,4,1,88,5,1,4,00,0,0,23,201800025223A01,,,
201800025234,2018-02-14,2018,février,mercredi,81:0,37,37261,47.38586,0.68396,2,2,7,1,9,4,1,01,1,1,000,000,7,0,1,3,2,55,1,1,2,00,9,7,16,201800025234A01,,,
201800025236,2018-02-16,2018,février,vendredi,95:0,37,37261,47.38879,0.6798,2,1,3,1,1,4,2,04,1,1,000,000,1,0,1,4,1,62,5,1,2,01,0,1,1,201800025236B01,7,24,1
201800025241,2018-02-22,2018,février,jeudi,20:40,37,37261,47.38533,0.67237,2,2,3,5,1,4,1,01,1,1,000,000,1,0,1,4,2,19,2,1,2,00,2,8,5,201800025241A01,7,1,1
201800025244,2018-02-21,2018,février,mercredi,12:35,37,37261,0,0,2,1,7,1,1,4,1,00,-1,-1,000,000,-1,0,0,4,2,26,0,1,9,00,0,0,0,201800025244A01,,,
201800025255,2018-03-06,2018,mars,mardi,18:25,37,37261,47.38765,0.69332,2,1,6,1,1,4,1,01,1,1,000,000,1,0,1,4,2,23,0,1,2,00,1,1,1,201800025255A01,,,
201800025255,2018-03-06,2018,mars,mardi,18:25,37,37261,47.38765,0.69332,2,1,6,1,1,4,1,01,1,1,000,000,1,0,1,1,2,29,1,1,8,00,1,1,1,201800025255A01,,,
201800025259,2018-03-16,2018,mars,vendredi,74:5,37,37233,47.3878,0.72687,2,6,3,1,1,4,2,01,1,1,000,000,1,5,1,4,1,30,1,1,2,00,2,6,15,201800025259B01,7,1,1
201800025270,2018-03-21,2018,mars,mercredi,14:35,37,37261,47.37422,0.70368,2,1,3,1,1,4,2,04,1,1,000,000,1,0,1,4,1,70,5,1,2,14,0,4,21,201800025270B01,14,1,1
201800025297,2018-03-18,2018,mars,dimanche,12:20,37,37261,47.37372,0.6792,2,1,7,1,2,4,2,02,2,1,000,000,1,0,1,4,1,13,1,1,2,00,0,0,1,201800025297A01,,,
201800025313,2018-03-30,2018,mars,vendredi,19:10,37,37261,47.42053,0.68627,2,1,3,1,1,4,2,02,1,1,000,000,1,0,1,4,1,13,5,1,2,00,2,8,19,201800025313B01,7,1,1
201800025353,2018-05-28,2018,mai,lundi,18:20,37,37122,47.35526,0.66472,2,1,6,1,2,4,1,00,1,1,,,2,6,3,1,1,27,0,1,2,00,1,1,1,201800025353A01,,,
201800025364,2018-06-04,2018,juin,lundi,17:50,37,37261,47.37415,0.67559,2,3,7,1,1,4,3,04,1,1,,,1,0,3,4,2,46,5,1,2,00,0,0,1,201800025364A01,,,
201800025443,2018-07-28,2018,juillet,samedi,91:5,37,37122,47.30575,0.64997,1,1,3,1,2,3,2,01,1,1,,,2,0,3,4,1,76,0,1,2,00,2,3,2,201800025443B01,3,15,1
201800025463,2018-08-18,2018,août,samedi,11:35,37,37261,47.39915,0.6755,2,1,6,1,1,4,1,07,1,1,,,1,2,2,3,2,73,5,1,2,00,1,1,1,201800025463A01,,,
201800025689,2018-01-24,2018,janvier,mercredi,14:20,38,38185,45.18542,5.73108,2,1,6,1,1,3,2,03,1,1,000,000,1,0,1,4,1,51,1,1,2,00,2,1,1,201800025689B01,7,16,1
201800025878,2018-01-23,2018,janvier,mardi,18:55,41,41018,47.5951,1.3089,2,1,1,5,2,4,2,02,1,1,000,000,2,0,1,3,1,71,0,1,9,00,2,1,0,201800025878B01,7,0,1
201800025967,2018-02-01,2018,février,jeudi,17:00,42,42187,46.06686,4.09072,2,1,3,1,2,3,2,02,1,-1,000,000,2,0,1,4,1,71,5,1,2,00,2,7,1,201800025967B01,7,9,1
201800026052,2018-10-23,2018,octobre,mardi,16:50,42,42187,46.05003,4.09008,2,3,3,1,7,4,2,02,1,1,,,1,0,3,4,1,77,5,1,2,00,2,7,0,201800026052B01,7,0,1
201800026084,2018-01-27,2018,janvier,samedi,14:00,42,42218,45.45987,4.41368,2,1,3,1,1,6,-1,00,2,2,000,000,1,0,1,4,1,27,5,1,2,00,2,6,1,201800026084B01,7,17,1
201800026091,2018-02-10,2018,février,samedi,92:5,42,42305,45.48195,4.43412,2,1,6,1,1,4,1,01,1,1,000,000,1,0,1,1,1,41,0,1,9,00,1,1,2,201800026091A01,,,
201800026148,2018-09-22,2018,septembre,samedi,14:28,42,42218,45.43728,4.39064,2,1,6,1,1,4,1,02,1,1,,,1,4,3,4,1,18,3,1,2,00,1,2,1,201800026148A01,,,
201800026214,2018-03-22,2018,mars,jeudi,17:50,43,43157,45.0394,3.88198,2,1,6,1,1,3,1,02,1,1,000,050,1,0,4,1,1,15,2,1,8,00,1,1,1,201800026214A01,,,
201800026239,2018-01-06,2018,janvier,samedi,10:30,44,44132,47.25782,-2.32417,2,1,3,1,8,3,2,01,4,3,000,063,1,0,1,3,1,80,5,1,2,00,2,0,0,201800026239B01,7,9,1
201800026241,2018-02-20,2018,février,mardi,11:20,44,44132,47.25822,-2.33556,2,3,3,1,7,4,2,02,1,1,000,080,1,0,5,3,1,48,5,1,2,00,2,1,1,201800026241B01,10,15,1
201800026242,2018-03-23,2018,mars,vendredi,11:20,44,44132,47.28651,-2.39163,2,3,3,1,1,4,2,02,1,1,000,000,1,0,1,3,1,69,0,1,9,00,2,7,1,201800026242B01,7,15,1
201800026286,2018-02-07,2018,février,mercredi,17:30,44,44109,47.23182,-1.56835,2,1,3,1,1,9,2,02,2,1,000,000,1,0,1,4,1,25,0,1,2,00,9,0,1,201800026286B01,30,1,1
201800026297,2018-02-21,2018,février,mercredi,85:7,44,44109,47.21229,-1.55439,2,4,1,1,1,4,1,02,1,1,000,000,1,0,1,3,1,59,0,1,2,00,2,8,15,201800026297A01,14,1,1