Num_Acc,date,an,mois,jour,hrmn,dep,com,lat,long,agg,int,col,lum,atm,catr,circ,nbv,prof,plan,lartpc,larrout,surf,infra,situ,grav,sexe,age,trajet,secuexist,equipement,obs,obsm,choc,manv,vehiculeid,typevehicules,manoeuvehicules,numVehicules
201800026308,2018-03-24,2018,mars,samedi,30:0,44,44109,47.226,-1.555,2,1,1,5,1,9,-1,00,1,1,000,000,1,0,1,3,1,25,0,1,9,00,9,1,1,201800026308B01,32,5,1
201800026309,2018-03-22,2018,mars,jeudi,10:40,44,44109,47.24796,-1.55497,2,1,6,1,1,4,2,02,1,1,000,000,1,0,1,1,1,26,0,1,2,00,1,1,1,201800026309A01,,,
201800026332,2018-03-16,2018,mars,vendredi,83:0,44,44109,47.21606,-1.56586,2,2,3,1,1,4,2,02,1,1,,,1,0,1,4,2,31,0,1,2,00,2,8,1,201800026332B01,7,16,1
201800026352,2018-03-31,2018,mars,samedi,21:30,44,44109,47.23315,-1.56572,2,1,3,2,1,4,2,02,2,1,000,000,1,0,1,3,1,41,0,1,2,00,2,1,1,201800026352B01,7,23,1
201800026517,2018-01-26,2018,janvier,vendredi,80:5,44,44184,47.3089,-2.2691,1,3,1,2,1,4,2,02,1,1,000,000,1,0,1,4,1,64,5,1,2,00,2,1,16,201800026517B01,7,15,1
201800026734,2018-02-08,2018,février,jeudi,16:25,45,45147,47.93616,1.90933,2,2,3,1,1,4,2,02,1,1,000,060,1,0,1,3,1,26,0,1,9,00,2,1,1,201800026734B01,7,9,1
201800026740,2018-02-21,2018,février,mercredi,71:5,45,45285,47.90637,1.87814,2,6,3,2,1,4,1,01,1,2,030,072,1,0,1,4,2,48,1,1,2,00,2,7,1,201800026740B01,7,9,1
201800026741,2018-02-22,2018,février,jeudi,15:15,45,45147,47.93413,1.89635,2,2,3,1,1,4,3,04,1,1,015,142,1,0,1,2,1,37,0,1,9,00,2,8,16,201800026741B01,14,16,1
201800026748,2018-03-10,2018,mars,samedi,11:10,45,45234,47.89131,1.90479,2,1,2,1,1,4,2,02,1,1,000,030,1,0,1,3,1,20,1,1,9,00,2,1,2,201800026748A01,7,23,1
201800026753,2018-03-20,2018,mars,mardi,12:00,45,45234,47.90583,1.90974,2,2,3,1,1,4,2,02,1,1,000,121,1,5,1,4,2,21,0,1,2,00,2,1,19,201800026753A01,7,2,1
201800026756,2018-03-24,2018,mars,samedi,10:10,45,45234,47.89901,1.9136,2,2,6,1,1,4,2,01,2,1,000,050,1,0,1,1,2,58,5,1,2,00,1,3,1,201800026756A01,,,
201800026786,2018-02-21,2018,février,mercredi,14:00,45,45234,47.8947,1.90453,2,2,3,1,1,4,2,02,1,1,000,000,1,5,1,4,1,19,5,1,2,12,2,1,1,201800026786B01,7,2,1
201800026949,2018-10-10,2018,octobre,mercredi,10:15,45,45234,47.90798,1.88611,2,1,6,1,1,4,2,02,1,1,,,1,0,1,4,1,55,1,1,2,00,1,1,0,201800026949A01,,,
201800027065,2018-09-23,2018,septembre,dimanche,20:40,47,47001,44.209,0.62162,2,3,3,5,1,4,2,02,1,1,000,000,1,0,1,3,1,50,5,1,4,00,2,7,14,201800027065A01,7,2,1
201800027089,2018-09-28,2018,septembre,vendredi,92:0,47,47027,44.4157,0.66163,1,2,3,1,1,3,2,02,1,2,000,000,1,5,1,3,1,65,5,1,2,00,2,1,1,201800027089B01,7,19,1
201800027102,2018-01-03,2018,janvier,mercredi,91:7,49,49007,47.47208,-0.56704,2,6,3,1,1,4,1,02,1,2,000,000,2,0,1,4,1,42,0,1,2,00,2,7,1,201800027102B01,7,9,1
201800027104,2018-01-03,2018,janvier,mercredi,17:56,49,49007,47.4658,-0.55163,2,1,7,5,1,4,2,04,1,1,000,000,2,0,5,4,2,23,0,1,2,00,0,0,1,201800027104A01,,,
201800027108,2018-01-05,2018,janvier,vendredi,93:6,49,49015,47.506,-0.58868,2,1,7,1,1,4,-1,02,1,1,000,000,2,0,1,4,2,55,0,1,2,05,0,1,1,201800027108A01,,,
201800027121,2018-01-15,2018,janvier,lundi,18:20,49,49007,47.47432,-0.51588,2,6,3,5,8,4,1,02,1,2,000,077,2,0,1,4,1,18,9,1,2,00,2,7,1,201800027121B01,7,9,1
201800027122,2018-01-15,2018,janvier,lundi,22:30,49,49007,47.45277,-0.56494,2,1,6,5,1,4,2,04,1,1,000,000,1,0,1,4,2,31,0,1,2,12,0,7,1,201800027122A01,,,
201800027128,2018-01-19,2018,janvier,vendredi,18:42,49,49007,47.46026,-0.55463,2,2,6,2,1,4,2,02,1,1,000,060,1,0,1,4,2,19,0,1,9,00,2,1,1,201800027128A01,7,1,1
201800027134,2018-01-23,2018,janvier,mardi,17:00,49,49007,47.47189,-0.56724,2,6,3,1,1,4,1,02,1,2,000,068,1,0,1,4,2,25,0,1,2,00,2,4,15,201800027134B01,2,11,1
201800027135,2018-01-25,2018,janvier,jeudi,84:0,49,49007,47.45256,-0.52554,2,1,6,1,1,4,1,02,1,1,000,039,2,0,1,1,2,16,0,1,9,00,1,1,1,201800027135A01,,,
201800027143,2018-02-01,2018,février,jeudi,17:44,49,49007,47.44829,-0.55029,2,2,3,1,1,4,,,,,,,,,,4,1,18,0,1,2,00,2,1,1,201800027143B01,7,1,1
201800027153,2018-02-07,2018,février,mercredi,81:8,49,49007,47.47029,-0.56307,2,1,7,2,4,4,2,03,1,1,000,000,5,0,1,3,1,51,1,1,2,00,0,1,21,201800027153A01,,,
201800027157,2018-02-16,2018,février,vendredi,84:9,49,49007,47.4877,-0.5633,2,3,3,1,1,4,,,,,,,,,,4,2,29,0,1,2,00,2,7,1,201800027157B01,7,15,1
201800027163,2018-02-21,2018,février,mercredi,15:48,49,49353,47.44081,-0.49862,2,6,3,1,1,4,1,02,1,2,000,085,1,0,1,1,1,15,0,1,2,00,2,7,1,201800027163B01,1,1,1
201800027163,2018-02-21,2018,février,mercredi,15:48,49,49353,47.44081,-0.49862,2,6,3,1,1,4,1,02,1,2,000,085,1,0,1,3,1,78,0,1,2,00,2,1,1,201800027163A01,1,1,1
201800027168,2018-02-26,2018,février,lundi,20:30,49,49007,47.47405,-0.53741,2,3,3,5,1,4,,,,,,,,,,4,1,38,9,1,2,00,2,1,1,201800027168B01,7,15,1
201800027180,2018-03-08,2018,mars,jeudi,23:20,49,49007,47.4759,-0.54922,2,1,3,5,1,4,1,01,-1,-1,000,000,-1,0,1,4,1,23,0,1,2,00,2,1,1,201800027180B01,7,0,1
201800027190,2018-03-15,2018,mars,jeudi,73:5,49,49007,47.46962,-0.56102,2,1,7,5,1,4,3,03,2,1,000,058,2,0,5,4,1,20,1,1,2,00,0,0,1,201800027190A01,,,
201800027201,2018-03-22,2018,mars,jeudi,13:44,49,49353,47.4427,-0.49542,2,2,2,1,1,4,2,02,1,1,000,035,1,0,1,4,2,22,4,1,2,00,2,4,19,201800027201B01,7,19,1
201800027207,2018-03-27,2018,mars,mardi,14:00,49,49007,47.4687,-0.52743,2,1,7,1,1,4,2,02,1,-1,000,000,1,0,1,4,2,26,0,1,2,00,0,0,21,201800027207A01,,,
201800027211,2018-03-28,2018,mars,mercredi,16:13,49,49007,47.47992,-0.59534,2,1,1,1,1,4,-1,00,-1,-1,000,000,1,0,1,4,1,6,0,1,2,00,2,2,0,201800027211B01,7,0,1
201800027213,2018-03-24,2018,mars,samedi,93:0,49,49007,47.46335,-0.60189,2,6,7,1,1,4,2,02,1,1,000,000,1,5,1,4,1,54,5,1,2,00,0,0,1,201800027213A01,,,
201800027217,2018-03-24,2018,mars,samedi,10:55,49,49007,47.47156,-0.55202,2,1,7,1,1,4,4,02,1,1,000,000,1,4,1,4,1,19,5,1,2,00,0,0,1,201800027217A01,,,
201800027580,2018-01-14,2018,janvier,dimanche,12:15,49,49099,47.05446,-0.89912,2,3,3,1,1,4,2,02,1,1,000,070,1,0,0,3,1,88,5,1,2,00,2,8,15,201800027580B01,7,1,1
201800027677,2018-01-28,2018,janvier,dimanche,85:0,50,50173,49.6613,-1.68142,2,6,3,1,1,3,1,01,1,2,000,116,2,5,1,4,1,74,5,1,2,00,2,7,1,201800027677B01,7,9,1
201800027678,2018-01-26,2018,janvier,vendredi,18:20,50,50602,49.64951,-1.57,2,2,3,5,1,4,2,01,1,1,000,000,1,0,4,4,2,51,5,1,2,00,2,1,1,201800027678B01,7,16,1
201800027701,2018-03-14,2018,mars,mercredi,17:20,50,50129,49.64218,-1.63703,2,2,3,1,1,3,3,04,1,1,000,000,1,5,1,4,2,20,5,1,2,00,2,7,19,201800027701A01,7,1,1
201800027910,2018-02-11,2018,février,dimanche,14:15,51,51230,49.03185,3.94151,2,1,6,1,1,4,-1,02,2,1,000,000,1,0,1,3,1,42,5,1,2,,,,,201800027910B02,7,1,1
201800027925,2018-01-01,2018,janvier,lundi,17:50,51,51454,49.22592,4.02121,2,3,3,5,3,4,,,,,,,,,,4,1,17,0,1,4,00,2,8,1,201800027925B01,7,15,1
201800027952,2018-02-13,2018,février,mardi,11:35,51,51454,49.26141,4.03102,2,1,6,1,7,4,2,02,1,3,000,120,1,0,4,1,1,40,4,1,2,00,1,1,1,201800027952A01,,,
201800028210,2018-01-22,2018,janvier,lundi,12:20,52,52448,48.6369,4.9501,2,1,6,1,3,4,1,01,1,1,000,000,2,0,1,1,1,13,2,1,9,00,1,0,21,201800028210A01,,,
201800028210,2018-01-22,2018,janvier,lundi,12:20,52,52448,48.6369,4.9501,2,1,6,1,3,4,1,01,1,1,000,000,2,0,1,3,2,70,5,1,8,00,1,0,21,201800028210A01,,,
201800028222,2018-01-15,2018,janvier,lundi,17:30,53,53130,48.07956,-0.80464,2,6,3,2,8,4,2,02,1,1,010,010,1,0,1,4,2,15,5,1,2,00,2,1,19,201800028222B01,7,1,1
201800028224,2018-01-20,2018,janvier,samedi,17:36,53,53130,48.05984,-0.77592,2,2,3,2,2,3,2,01,2,1,000,000,2,0,1,4,1,30,5,1,4,00,2,1,1,201800028224B01,7,15,1
201800028226,2018-02-12,2018,février,lundi,11:25,53,53130,48.06328,-0.74995,2,1,3,1,1,4,-1,01,1,1,000,061,1,0,1,3,1,22,9,1,9,00,2,1,19,201800028226B01,7,1,1
201800028229,2018-03-28,2018,mars,mercredi,82:0,53,53130,48.05386,-0.79633,2,9,3,1,1,3,2,02,1,1,000,000,1,0,1,3,1,25,0,1,2,00,2,8,19,201800028229B01,13,1,1
201800028243,2018-10-05,2018,octobre,vendredi,15:20,53,53130,48.07108,-0.74584,2,9,3,1,1,3,2,05,1,1,,,1,0,3,3,1,29,1,1,3,00,2,1,19,201800028243B01,7,0,1
201800028302,2018-01-19,2018,janvier,vendredi,19:25,54,54547,48.67099,6.15701,2,3,6,3,2,4,2,02,1,1,000,000,2,0,1,4,1,41,0,1,2,00,2,3,15,201800028302A01,7,16,1
201800028314,2018-01-27,2018,janvier,samedi,17:00,54,54300,48.65509,6.22741,2,1,3,2,1,4,2,02,1,1,000,000,1,0,1,4,1,17,0,1,2,00,2,1,9,201800028314B01,7,1,1
201800028333,2018-02-17,2018,février,samedi,10:20,54,54395,48.68558,6.19543,2,2,3,1,2,4,2,04,1,1,000,000,2,0,1,4,2,53,0,1,2,00,2,7,19,201800028333A01,7,1,1
201800028352,2018-03-12,2018,mars,lundi,11:00,54,54357,48.70762,6.16658,2,1,6,1,1,4,2,02,1,1,000,000,1,0,1,4,1,61,0,1,2,00,2,8,13,201800028352A01,7,1,1
201800028362,2018-03-16,2018,mars,vendredi,18:53,54,54578,48.65691,6.13256,2,4,6,5,1,4,2,02,1,1,000,000,1,0,1,4,2,39,0,1,2,00,2,7,1,201800028362B01,7,1,1
201800028365,2018-03-20,2018,mars,mardi,20:10,54,54395,48.68644,6.16416,2,1,2,5,1,4,1,01,1,1,000,000,1,0,1,4,1,22,0,1,2,00,2,5,3,201800028365A01,7,1,1
201800028647,2018-01-07,2018,janvier,dimanche,12:30,56,56162,47.73653,3.43251,2,6,3,1,3,3,2,02,1,1,000,000,2,0,1,4,1,57,5,1,2,00,2,7,1,201800028647B01,7,9,1
201800028655,2018-01-16,2018,janvier,mardi,84:0,56,56121,47.73269,-3.37094,2,1,6,1,1,4,2,02,1,2,000,000,1,0,1,4,1,31,4,1,2,01,0,2,1,201800028655B01,7,22,1
201800028663,2018-01-23,2018,janvier,mardi,74:9,56,56121,47.76017,-3.39312,2,1,2,5,2,4,2,03,1,1,000,000,2,0,1,4,1,15,2,1,2,00,2,4,7,201800028663B01,30,7,1
201800028668,2018-01-25,2018,janvier,jeudi,10:05,56,56098,47.75944,-3.32649,2,6,7,1,1,4,2,02,1,1,000,000,1,0,1,4,1,60,5,1,2,00,0,8,1,201800028668A01,,,
201800028669,2018-01-25,2018,janvier,jeudi,18:08,56,56121,47.74024,-3.36873,2,2,3,5,1,4,2,02,1,1,000,000,1,0,1,4,1,18,5,1,2,00,2,1,18,201800028669B01,7,16,1
201800028671,2018-01-29,2018,janvier,lundi,75:0,56,56121,47.73553,-3.36617,2,2,3,5,1,4,2,02,1,1,000,000,1,0,0,4,1,19,5,1,2,00,2,1,1,201800028671B01,7,15,1
201800028687,2018-03-09,2018,mars,vendredi,12:25,56,56121,47.73945,-3.37959,2,6,3,1,1,4,1,02,1,2,000,000,1,0,1,4,2,21,4,1,2,00,2,7,1,201800028687B01,7,9,1
201800028688,2018-03-11,2018,mars,dimanche,12:30,56,56121,47.75711,-3.38723,2,1,7,1,1,4,3,02,1,1,000,000,1,0,5,4,1,43,5,1,2,00,0,0,1,201800028688A01,,,
201800028695,2018-03-29,2018,mars,jeudi,92:4,56,56121,47.75951,-3.36746,2,3,3,1,3,9,2,02,1,1,000,000,2,0,1,4,1,64,0,1,2,00,2,8,1,201800028695B01,7,0,1
201800028897,2018-12-11,2018,décembre,mardi,11:30,17,17230,45.56085,-0.93391,1,1,3,1,1,3,2,02,1,1,,,1,0,1,4,1,78,5,1,2,00,2,6,1,201800028897B01,7,1,1
201800028963,2018-08-20,2018,août,lundi,16:20,49,49163,47.56104,-0.21398,1,1,1,1,1,4,2,02,2,4,,,1,0,1,4,1,15,5,1,2,00,2,3,13,201800028963A01,7,1,1
201800028990,2018-09-21,2018,septembre,vendredi,12:00,33,33231,44.65291,-0.30436,1,2,3,1,1,3,2,02,3,1,,,1,0,1,3,1,14,2,1,2,00,2,7,19,201800028990A01,7,1,1
201800029019,2018-03-12,2018,mars,lundi,16:32,57,57143,49.25877,6.08333,1,6,3,1,8,3,1,02,1,3,000,095,2,0,1,3,1,80,5,1,9,00,2,7,16,201800029019B01,7,2,1
201800029024,2018-07-04,2018,juillet,mercredi,20:50,57,57491,49.24974,6.04853,2,1,3,2,1,4,2,,1,1,,,1,0,3,3,1,15,5,1,2,00,2,3,19,201800029024B01,7,1,1
201800029042,2018-01-16,2018,janvier,mardi,18:45,57,57463,49.11489,6.18416,2,1,3,4,2,4,1,01,1,1,000,024,2,0,1,4,1,7,9,1,2,00,2,7,19,201800029042B01,7,1,1
201800029052,2018-03-05,2018,mars,lundi,17:50,57,57463,49.07977,6.18706,2,3,3,1,1,4,-1,01,1,1,000,000,1,5,1,3,1,60,5,1,9,00,2,0,1,201800029052B01,7,9,1
201800029094,2018-02-16,2018,février,vendredi,10:15,57,57757,49.36513,6.20412,2,1,3,1,1,4,2,02,1,1,000,080,1,0,1,4,1,53,4,1,2,00,2,8,19,201800029094B01,7,1,1
201800029153,2018-05-19,2018,mai,samedi,14:05,45,45293,47.98821,2.63777,1,2,3,1,1,3,2,02,2,1,,,1,2,1,3,1,26,5,1,2,00,2,8,19,201800029153A01,7,1,1
201800029183,2018-01-26,2018,janvier,vendredi,93:5,86,86297,46.54583,0.25841,2,6,3,1,1,3,2,02,1,3,,,2,5,1,4,1,67,5,1,2,00,2,1,1,201800029183B01,7,1,1
201800029263,2018-07-17,2018,juillet,mardi,12:39,95,95116,49.1432,2.3319,1,1,3,1,1,3,2,02,1,1,,,1,2,1,2,2,61,1,1,2,00,2,6,2,201800029263A01,15,1,1
201800029278,2018-09-18,2018,septembre,mardi,15:15,95,95313,49.1225,2.2333,1,1,3,1,1,4,2,02,1,1,,,1,0,1,4,2,18,5,1,4,00,2,8,1,201800029278B01,7,17,1
201800029349,2018-01-15,2018,janvier,lundi,19:10,59,59574,50.35585,3.28073,2,1,3,5,1,4,2,02,1,1,000,050,1,0,1,3,1,35,0,1,9,00,2,5,19,201800029349B01,7,1,1
201800029352,2018-02-22,2018,février,jeudi,15:40,59,59327,50.38598,3.1595,2,2,1,1,7,4,2,02,1,1,000,050,1,0,1,3,1,87,5,1,9,00,2,1,1,201800029352B01,7,1,1
201800029357,2018-03-07,2018,mars,mercredi,19:35,59,59375,50.43531,3.26181,2,1,1,5,1,3,2,02,1,1,000,000,1,0,5,2,2,64,9,1,9,00,2,1,1,201800029357B01,7,14,1
201800029359,2018-03-27,2018,mars,mardi,17:25,59,59178,50.36497,3.06903,2,6,3,1,1,3,2,02,1,1,000,110,1,0,1,3,1,48,5,1,9,00,2,8,16,201800029359B01,14,16,1
201800029406,2018-04-22,2018,avril,dimanche,15:30,59,59271,51.01712,2.30257,2,9,3,1,1,4,-1,02,1,1,,,1,0,3,4,1,11,0,1,3,00,2,9,19,201800029406B01,7,0,1
201800029450,2018-01-11,2018,janvier,jeudi,44:0,59,59328,50.65576,3.02821,1,1,6,3,5,3,2,02,1,1,000,000,1,0,5,4,1,19,2,1,9,00,2,8,1,201800029450B01,,,
201800029476,2018-03-07,2018,mars,mercredi,18:00,59,59350,50.63456,3.03025,2,1,6,1,1,4,2,02,1,1,000,000,1,0,5,4,1,30,1,1,9,00,1,7,1,201800029476A01,,,
201800029701,2018-07-01,2018,juillet,dimanche,16:30,59,59650,50.69697,3.20412,2,1,4,1,1,4,2,02,1,1,,,1,0,3,3,1,45,5,1,9,01,0,1,1,201800029701B01,7,22/1,2
201800029886,2018-10-23,2018,octobre,mardi,95:5,68,68112,47.90258,7.21649,2,3,3,1,1,4,-1,00,1,1,,,1,0,1,4,2,35,4,1,2,00,2,8,1,201800029886B01,7,15,1
201800029893,2018-05-27,2018,mai,dimanche,11:45,68,68043,47.85569,7.23726,1,3,3,1,1,3,2,02,1,1,000,057,1,0,1,3,1,73,5,1,9,00,2,2,1,201800029893B01,7,16,1
201800029894,2018-06-16,2018,juin,samedi,18:30,68,68381,47.87306,7.16862,1,1,7,1,1,9,2,02,2,4,000,048,1,0,3,4,1,39,5,1,9,00,0,9,21,201800029894A01,,,
201800029895,2018-06-23,2018,juin,samedi,23:55,68,68156,47.90559,7.23869,2,1,7,5,1,4,2,02,1,1,,,1,0,1,4,1,34,5,1,9,00,0,9,1,201800029895A01,,,
201800029898,2018-07-16,2018,juillet,lundi,16:40,68,68156,47.90217,7.23889,2,3,3,1,1,3,2,02,1,1,,,1,5,1,4,1,30,5,1,2,00,2,1,1,201800029898B01,7,15,1
201800029904,2018-10-26,2018,octobre,vendredi,16:30,68,68260,47.8831,7.26069,1,1,3,1,1,3,2,02,1,1,,,1,0,1,3,1,15,3,1,2,00,2,4,1,201800029904B01,7,1,1
201800029919,2018-06-09,2018,juin,samedi,11:40,43,43003,0,0,2,1,3,1,1,4,2,02,1,1,000,040,1,0,1,3,1,14,5,1,2,00,2,1,15,201800029919A01,7,1,1
201800029923,2018-01-22,2018,janvier,lundi,70:5,41,41194,47.36553,1.72572,2,1,3,5,2,4,2,02,1,1,,,2,0,1,3,2,25,1,1,9,00,2,8,13,201800029923B01,7,21,1
201800029927,2018-04-14,2018,avril,samedi,10:00,41,41194,47.34939,1.75605,2,1,7,1,8,4,2,02,1,1,,,2,0,1,3,1,55,3,1,2,00,0,0,1,201800029927A01,,,
201800029928,2018-06-04,2018,juin,lundi,18:00,41,41194,47.35078,1.73935,2,1,2,1,8,4,2,02,1,1,,,1,0,1,4,1,21,0,1,9,00,2,6,2,201800029928B01,7,2,1
201800029929,2018-06-28,2018,juin,jeudi,19:00,41,41194,47.34701,1.7511,2,2,5,1,1,4,,,,,,,,,,4,1,56,5,1,2,00,2,8,1,201800029929A01,7,23/11,2
201800029930,2018-07-27,2018,juillet,vendredi,18:30,41,41194,47.37284,1.74949,2,3,3,1,8,4,,,,,,,,,,4,2,14,5,1,9,00,2,1,1,201800029930A01,7,1,1
201800029937,2018-11-09,2018,novembre,vendredi,16:00,41,41194,47.35068,1.74588,2,1,3,1,1,3,2,02,1,1,,,1,0,1,4,1,12,2,1,2,00,2,8,0,201800029937B01,7,1,1
201800029959,2018-06-18,2018,juin,lundi,74:5,60,60057,49.45461,2.09528,1,1,3,1,1,3,3,02,1,1,,,1,3,3,4,1,31,0,1,2,00,2,0,0,201800029959B01,7,12,1
201800029985,2018-02-15,2018,février,jeudi,12:40,22,22190,48.52781,-2.09237,2,6,3,1,2,3,2,02,2,2,,,2,5,1,4,1,29,5,1,2,00,2,1,1,201800029985A01,7,9,1
201800029989,2018-05-06,2018,mai,dimanche,11:25,22,22172,48.52255,-2.23214,2,6,3,1,1,3,-1,01,2,1,,,1,5,1,4,1,58,5,1,2,00,2,3,1,201800029989B01,7,16,1
201800029993,2018-06-30,2018,juin,samedi,20:25,22,22209,48.5765,-2.16006,1,2,3,2,1,3,2,02,1,1,,,1,5,1,3,2,17,5,1,2,00,2,7,15,201800029993A01,7,1,1
201800029994,2018-07-21,2018,juillet,samedi,13:26,22,22357,48.56568,-2.19493,1,3,2,1,1,3,2,02,1,1,,,1,5,0,4,2,14,5,1,2,00,2,0,15,201800029994B01,33,2,1
201800030079,2018-05-15,2018,mai,mardi,14:00,84,84043,44.00539,4.92325,2,3,3,1,1,4,2,02,3,1,,,1,0,1,3,1,27,1,1,9,00,2,8,9,201800030079B01,7,1,1
201800030085,2018-10-18,2018,octobre,jeudi,13:40,84,84088,43.99731,5.06208,2,6,3,1,1,4,2,02,1,3,,,1,5,1,3,1,80,5,1,2,00,2,8,18,201800030085A01,14,16,1
201800030127,2018-10-26,2018,octobre,vendredi,12:10,61,61006,48.75229,-0.02697,2,1,6,1,1,4,2,02,1,1,,,1,0,1,4,1,20,5,1,9,00,2,8,19,201800030127B01,7,1,1
201800030128,2018-10-10,2018,octobre,mercredi,12:45,61,61006,48.74909,-0.01479,2,6,3,1,1,3,2,04,1,2,,,1,5,1,3,2,44,5,1,9,00,2,8,15,201800030128B01,7,17,1
201800030142,2018-07-13,2018,juillet,vendredi,12:15,16,16351,45.62533,-0.02678,2,3,6,1,1,3,2,02,2,4,000,056,1,0,4,2,1,63,1,1,2,06,0,1,1,201800030142A01,,,
201800030161,2018-08-11,2018,août,samedi,11:25,17,17420,46.09904,-1.04827,1,1,7,1,1,9,-1,01,2,1,,,1,0,1,2,1,66,5,1,9,00,0,0,1,201800030161A01,,,
201800030162,2018-08-18,2018,août,samedi,10:00,17,17413,46.08215,-1.07056,2,1,3,1,7,3,2,02,1,1,,061,1,0,1,3,1,81,5,1,9,00,2,8,1,201800030162B01,7,17,1
201800030163,2018-10-03,2018,octobre,mercredi,10:30,17,17193,46.12727,-1.06169,2,1,2,1,1,3,2,02,1,1,,,1,0,1,3,1,39,5,1,2,00,2,4,1,201800030163B01,10,2,1
201800030350,2018-01-17,2018,janvier,mercredi,17:50,62,62523,50.43333,2.85,2,1,3,2,1,3,2,02,1,1,000,000,1,0,1,3,1,16,5,1,2,00,2,0,1,201800030350B01,7,15,1
201800030370,2018-03-29,2018,mars,jeudi,15:30,62,62427,50.42233,2.94803,2,1,3,1,1,3,1,02,1,1,000,000,1,6,1,4,1,15,5,1,2,00,2,7,19,201800030370B01,7,1,1
201800030371,2018-03-26,2018,mars,lundi,73:0,62,62032,50.40944,2.75682,2,6,3,3,1,3,2,02,1,1,000,067,1,0,1,3,2,56,1,1,2,00,2,1,1,201800030371B01,7,9,1
201800030377,2018-02-23,2018,février,vendredi,13:55,62,62724,50.40371,2.90783,2,1,3,1,1,4,2,02,1,1,000,050,1,0,1,3,1,12,2,1,2,01,2,8,15,201800030377B01,7,17,1
201800030458,2018-05-01,2018,mai,mardi,16:05,62,62826,50.53092,1.59364,2,1,6,1,1,4,-1,01,1,1,,,1,0,3,1,1,10,0,1,2,00,1,1,0,201800030458A01,,,
201800030533,2018-02-27,2018,février,mardi,17:40,64,64024,43.4932,-1.51029,2,1,3,1,1,4,2,02,1,1,000,090,1,0,1,4,1,64,5,1,2,00,2,1,1,201800030533B01,7,15,1
201800030551,2018-04-03,2018,avril,mardi,10:15,64,64102,43.4658,-1.49509,2,6,3,1,1,3,4,04,1,3,000,000,1,5,3,4,1,30,5,1,2,00,2,7,1,201800030551B01,7,9,1
201800030553,2018-04-15,2018,avril,dimanche,14:50,64,64024,43.5002,-1.53527,2,3,3,1,8,4,2,00,2,3,000,000,1,0,3,4,1,19,5,1,2,00,2,1,15,201800030553B01,7,1,1
201800030554,2018-04-18,2018,avril,mercredi,16:20,64,64024,43.5003,-1.53903,2,1,7,1,1,4,2,02,2,1,000,000,1,0,3,3,1,33,5,1,2,00,0,8,1,201800030554A01,,,
201800030561,2018-05-06,2018,mai,dimanche,11:50,64,64024,43.4967,-1.50879,2,6,3,1,1,4,2,02,1,1,000,000,1,5,3,4,1,44,5,1,2,00,2,8,1,201800030561B01,7,16,1
201800030589,2018-07-11,2018,juillet,mercredi,14:40,64,64024,43.4988,-1.54264,2,3,3,1,1,4,2,02,1,1,000,000,1,0,3,3,1,24,5,1,2,00,2,1,1,201800030589B01,7,15,1
201800030598,2018-08-12,2018,août,dimanche,11:25,64,64102,43.4953,-1.47834,2,2,3,1,1,4,4,04,1,4,000,000,1,5,3,3,1,27,5,1,2,00,2,7,19,201800030598B01,33,1,1
201800030603,2018-08-21,2018,août,mardi,16:00,64,64024,43.5271,-1.52123,2,1,3,1,1,6,-1,00,1,1,000,000,1,0,3,4,1,70,5,1,2,00,2,1,0,201800030603A01,2,1,1
201800030622,2018-10-08,2018,octobre,lundi,14:25,64,64102,43.4908,-1.49426,2,1,3,1,1,4,2,03,2,1,000,000,1,0,3,3,1,75,5,1,2,00,2,8,21,201800030622A01,7,1,1
201800030630,2018-11-02,2018,novembre,vendredi,15:20,64,64024,43.4877,-1.53599,2,1,3,1,1,4,4,02,1,3,000,000,1,5,1,2,2,87,3,1,2,00,2,8,18,201800030630B01,14,1,1
201800030685,2018-08-08,2018,août,mercredi,11:05,64,64122,43.4818,-1.55572,2,9,3,1,1,4,2,02,2,1,000,000,1,0,3,4,1,35,1,1,2,00,2,7,17,201800030685B01,7,15,1
201800030689,2018-08-21,2018,août,mardi,10:00,64,64125,43.4382,-1.58272,2,1,6,1,1,3,2,02,2,3,000,000,1,0,2,4,1,41,5,1,2,00,1,1,9,201800030689A01,,,
201800030689,2018-08-21,2018,août,mardi,10:00,64,64125,43.4382,-1.58272,2,1,6,1,1,3,2,02,2,3,000,000,1,0,2,4,2,27,5,1,3,00,1,1,9,201800030689A01,,,
201800030692,2018-08-26,2018,août,dimanche,11:30,64,64122,43.4845,-1.54301,2,9,3,1,1,4,-1,02,1,1,000,000,1,0,3,4,1,53,5,1,2,00,2,2,0,201800030692A01,7,15,1
201800030711,2018-01-02,2018,janvier,mardi,43:5,64,64284,43.2787,-0.38851,2,6,3,5,2,3,2,02,1,1,000,050,2,0,1,4,1,29,1,1,2,00,2,4,1,201800030711B01,7,9,1
201800030718,2018-01-09,2018,janvier,mardi,18:28,64,64445,43.3023,-0.35405,2,1,2,5,1,4,2,02,1,1,000,062,1,0,5,4,1,39,1,1,2,00,2,4,2,201800030718B01,7,2,1