Num_Acc,date,an,mois,jour,hrmn,dep,com,lat,long,agg,int,col,lum,atm,catr,circ,nbv,prof,plan,lartpc,larrout,surf,infra,situ,grav,sexe,age,trajet,secuexist,equipement,obs,obsm,choc,manv,vehiculeid,typevehicules,manoeuvehicules,numVehicules
201800037610,2018-06-08,2018,juin,vendredi,16:40,92,92023,48.79242,2.26842,2,1,1,1,1,3,1,01,1,1,000,000,1,0,5,3,1,69,5,1,2,00,2,1,2,201800037610B01,7,15,1
201800037621,2018-06-30,2018,juin,samedi,23:0,92,92023,48.80492,2.26879,2,9,2,5,1,4,2,02,1,1,000,000,1,0,1,4,1,24,0,1,9,00,2,4,7,201800037621B01,34,7,1
201800037622,2018-06-13,2018,juin,mercredi,18:10,92,92023,48.78026,2.22846,2,4,6,1,1,4,1,01,1,1,000,000,1,0,1,4,1,9,9,1,9,00,2,7,19,201800037622B01,7,7,1
201800037628,2018-06-29,2018,juin,vendredi,10:05,92,92060,48.78194,2.25273,2,1,6,1,1,3,1,02,1,1,000,000,1,0,1,4,2,73,5,1,2,00,2,3,1,201800037628B01,7,17,1
201800037634,2018-07-03,2018,juillet,mardi,90:5,92,92023,48.81226,2.26194,2,3,3,1,1,4,2,02,1,1,000,000,1,0,1,4,1,28,1,1,2,00,2,8,15,201800037634B01,7,1,1
201800037667,2018-01-05,2018,janvier,vendredi,13:25,92,92024,48.9033,2.31363,2,1,3,1,1,3,2,02,1,1,000,000,1,0,1,4,2,60,4,1,2,00,2,1,1,201800037667B01,10,20,1
201800037681,2018-04-04,2018,avril,mercredi,13:20,92,92024,48.90766,2.29881,2,2,3,1,1,3,2,04,1,1,000,000,1,0,1,4,1,31,0,1,2,00,2,7,1,201800037681B01,7,10,1
201800037688,2018-04-28,2018,avril,samedi,12:30,92,92024,48.90322,2.28989,2,6,4,1,1,3,2,03,1,1,000,000,1,0,1,4,2,51,5,1,2,00,2,4,1,201800037688A01,10/ 7,1,2
201800037689,2018-04-07,2018,avril,samedi,11:50,92,92024,48.90199,2.30909,2,1,3,1,1,4,1,01,1,1,000,000,1,0,1,4,2,43,5,1,2,00,2,2,1,201800037689B01,7,20,1
201800037695,2018-05-02,2018,mai,mercredi,21:25,92,92024,48.90083,2.31546,2,2,3,5,2,3,2,02,1,1,000,000,2,0,1,4,1,20,3,1,2,00,2,7,1,201800037695B01,7,1,1
201800037700,2018-05-17,2018,mai,jeudi,17:30,92,92024,48.90023,2.30886,2,1,3,1,1,3,1,03,1,1,000,000,1,0,1,1,2,30,1,1,2,00,2,8,7,201800037700B01,34,3,1
201800037716,2018-06-10,2018,juin,dimanche,18:55,92,92024,48.90122,2.30506,2,2,3,1,1,3,1,03,1,2,000,000,2,0,1,4,1,19,9,1,2,00,2,1,1,201800037716A01,7,1,1
201800037792,2018-04-22,2018,avril,dimanche,19:10,92,92025,48.9244,2.22,2,1,1,1,1,3,2,00,1,1,000,000,1,0,1,4,1,27,0,1,2,00,2,1,0,201800037792A01,7,0,1
201800037815,2018-06-25,2018,juin,lundi,17:20,92,92025,48.9244,2.25933,2,2,1,1,1,4,2,00,1,1,000,000,1,0,1,4,1,25,9,1,2,00,2,1,5,201800037815A01,33,15,1
201800037830,2018-07-17,2018,juillet,mardi,13:00,92,92025,0,0,2,1,1,1,1,1,2,00,1,1,000,000,1,0,1,4,1,55,0,1,2,00,2,1,0,201800037830A01,7,1,1
201800037926,2018-06-11,2018,juin,lundi,18:40,92,92026,48.89,2.26,2,1,3,1,3,4,2,02,1,1,000,000,2,0,1,4,1,13,5,1,2,00,2,7,17,201800037926A01,7,15,1
201800037935,2018-07-05,2018,juillet,jeudi,18:05,92,92026,48.89904,2.26162,2,1,1,1,1,4,1,01,1,-1,000,000,1,0,1,3,2,35,0,1,2,00,2,1,5,201800037935B01,7,0,1
201800037942,2018-07-22,2018,juillet,dimanche,18:00,92,92026,48.92568,2.21584,2,2,3,1,1,4,2,02,1,1,000,000,1,0,1,4,1,41,1,1,4,00,2,1,9,201800037942B01,2,2,1
201800037996,2018-03-09,2018,mars,vendredi,18:30,92,92026,48.8877,2.2531,2,1,6,2,2,9,2,01,2,1,010,030,2,6,1,1,2,44,1,1,2,00,1,1,1,201800037996A01,,,
201800037996,2018-03-09,2018,mars,vendredi,18:30,92,92026,48.8877,2.2531,2,1,6,2,2,9,2,01,2,1,010,030,2,6,1,4,2,87,0,1,8,00,1,1,1,201800037996A01,,,
201800038012,2018-11-09,2018,novembre,vendredi,18:00,92,92062,48.89,2.23,2,1,7,5,1,9,-1,00,1,1,,,1,6,3,4,1,32,1,1,2,00,0,1,0,201800038012A01,,,
201800038112,2018-06-15,2018,juin,vendredi,21:30,92,92036,48,2.2,2,1,2,5,1,3,3,04,1,1,000,080,1,0,1,4,1,32,1,1,9,00,2,4,0,201800038112A01,2,0,1
201800038123,2018-07-12,2018,juillet,jeudi,10:40,92,92036,48.92343,2.32122,2,2,3,1,1,3,2,02,1,1,000,000,1,0,1,2,2,23,3,1,2,00,2,0,0,201800038123B01,15,15,1
201800038207,2018-05-14,2018,mai,lundi,19:15,92,92040,48.82277,2.26347,2,4,3,1,2,3,1,02,2,1,000,056,2,0,1,3,1,48,1,1,2,00,2,1,1,201800038207B01,7,9,1
201800038208,2018-05-16,2018,mai,mercredi,17:30,92,92040,48.821,2.25924,2,1,2,1,1,4,2,02,1,1,000,000,1,0,1,4,1,17,5,1,9,00,2,1,2,201800038208B01,7,23,1
201800038227,2018-09-25,2018,septembre,mardi,10:44,92,92040,48.82734,2.27745,2,1,6,1,1,4,2,02,1,1,,,1,0,3,4,2,44,1,1,2,00,2,1,1,201800038227B01,10,24,1
201800038272,2018-04-14,2018,avril,samedi,14:14,92,92044,48.89276,2.28547,2,9,3,1,1,4,3,02,1,1,000,000,1,0,1,4,1,37,5,1,9,00,2,1,2,201800038272B01,7,16,1
201800038278,2018-05-07,2018,mai,lundi,19:45,92,92044,48.89276,2.28547,2,1,3,1,1,4,2,02,1,1,000,000,1,0,5,4,1,41,5,1,9,00,2,8,1,201800038278B01,37,1,1
201800038291,2018-05-06,2018,mai,dimanche,12:00,92,92044,48.89276,2.28547,2,1,6,1,1,4,1,01,1,1,000,000,1,0,1,4,1,58,0,1,9,14,0,1,18,201800038291B01,,,
201800038292,2018-05-27,2018,mai,dimanche,18:45,92,92044,48.89276,2.28547,2,1,3,1,1,4,1,02,1,1,000,000,1,0,1,4,1,44,5,1,2,00,2,8,1,201800038292B01,7,14,1
201800038295,2018-07-06,2018,juillet,vendredi,16:50,92,92044,48.89276,2.28547,2,1,2,1,1,4,1,02,1,1,000,000,1,0,1,3,1,25,5,1,9,01,0,1,1,201800038295A01,7,23,1
201800038297,2018-06-05,2018,juin,mardi,17:55,92,92044,48.89276,2.28547,2,1,6,1,1,4,1,02,1,1,000,000,1,0,1,1,1,21,5,1,2,00,2,1,1,201800038297A01,99,0,1
201800038357,2018-03-14,2018,mars,mercredi,15:29,92,92048,48.8079,2.23595,2,2,6,1,1,4,2,02,1,1,030,060,1,0,1,4,2,45,5,1,2,00,0,0,2,201800038357B01,7,17,1
201800038375,2018-07-01,2018,juillet,dimanche,95:0,92,92048,48.81772,2.20428,2,2,3,1,1,3,2,02,1,1,000,070,1,0,1,3,1,36,5,1,2,00,2,1,1,201800038375E01,7,1,1
201800038420,2018-03-16,2018,mars,vendredi,20:05,92,92020,48.80103,2.28107,2,1,7,5,2,4,2,02,2,1,000,086,2,0,1,3,2,48,1,1,4,00,9,8,13,201800038420A01,,,
201800038439,2018-05-28,2018,mai,lundi,18:30,92,92049,48.81835,2.31959,2,2,3,1,2,3,2,04,1,1,040,020,1,0,1,4,2,33,1,1,2,00,2,7,19,201800038439B01,7,15,1
201800038530,2018-01-13,2018,janvier,samedi,15:55,92,92050,48.88975,2.1868,2,2,3,1,1,9,4,01,1,1,000,000,1,0,1,4,1,56,0,1,9,00,0,1,5,201800038530B01,7,19,1
201800038566,2018-05-09,2018,mai,mercredi,16:55,92,92050,48.88858,2.2241,2,1,2,1,1,4,2,01,2,1,000,000,1,0,1,3,1,50,5,1,9,01,0,1,1,201800038566B01,7,24,1
201800038581,2018-06-01,2018,juin,vendredi,19:50,92,92050,0,0,2,1,6,1,2,3,1,01,2,1,000,030,2,0,5,4,1,29,0,1,2,00,2,3,5,201800038581B01,,,
201800038588,2018-06-20,2018,juin,mercredi,16:00,92,92050,48.8914,2.20025,2,7,1,1,1,4,2,04,1,1,000,120,1,0,1,4,1,43,5,1,9,00,2,1,1,201800038588A01,7,15,1
201800038629,2018-10-05,2018,octobre,vendredi,16:30,92,92050,48.89487,0.20937,2,1,3,1,1,4,2,01,1,1,,,1,0,3,4,2,18,0,1,9,00,2,7,15,201800038629A01,7,0,1
201800038633,2018-10-12,2018,octobre,vendredi,82:5,92,92050,48.88856,2.19391,2,4,3,1,2,4,1,01,1,1,,,2,0,3,4,2,58,1,1,9,00,2,7,0,201800038633B01,7,0,1
201800038672,2018-02-21,2018,février,mercredi,18:15,92,92051,48.8858,2.27047,2,1,6,2,1,4,2,02,1,1,000,000,1,0,5,1,1,40,5,1,2,00,1,1,1,201800038672A01,,,
201800038678,2018-03-19,2018,mars,lundi,12:30,92,92051,0,0,2,1,3,1,8,4,2,02,1,1,000,000,1,0,0,4,2,17,2,1,9,00,2,8,19,201800038678B01,7,21,1
201800038699,2018-05-25,2018,mai,vendredi,16:30,92,92051,48.88007,2.79664,2,1,1,1,3,4,2,02,1,1,000,035,2,0,1,3,1,23,1,1,2,00,2,3,1,201800038699B01,33,17,1
201800038740,2018-02-02,2018,février,vendredi,95:0,92,92062,48.88202,2.23472,2,1,6,1,1,4,1,01,1,1,000,000,1,0,1,1,1,41,1,1,2,00,1,1,1,201800038740A01,,,
201800038752,2018-05-04,2018,mai,vendredi,16:45,92,92062,48.88456,2.22673,2,1,7,1,1,4,2,02,1,1,000,000,1,0,1,4,1,36,1,1,2,00,0,0,0,201800038752B01,7,13,1
201800038759,2018-06-15,2018,juin,vendredi,83:0,92,92062,48.87779,2.23992,2,1,2,1,1,4,1,01,1,1,000,040,1,0,1,4,1,32,1,1,2,00,2,1,2,201800038759A01,34,21,1
201800038762,2018-06-26,2018,juin,mardi,20:10,92,92062,48.88124,2.22643,2,2,3,1,1,3,2,02,2,1,000,000,1,0,1,4,1,38,0,1,2,00,2,8,2,201800038762B01,7,15,1
201800038816,2018-05-24,2018,mai,jeudi,84:0,92,92063,48.88142,2.18412,2,2,6,1,1,3,3,04,1,1,010,120,1,5,1,4,2,33,5,1,9,00,2,8,1,201800038816B01,38,1,1
201800038824,2018-06-07,2018,juin,jeudi,81:0,92,92063,48.88946,2.17882,2,3,3,1,1,4,2,02,1,1,000,070,1,0,1,4,2,33,1,1,9,00,2,3,15,201800038824B01,7,17,1
201800038826,2018-06-08,2018,juin,vendredi,74:5,92,92063,48.86469,2.18833,2,3,3,1,1,4,2,02,2,1,000,070,1,0,1,4,1,23,1,1,9,00,2,1,19,201800038826A01,7,1,1
201800038913,2018-05-22,2018,mai,mardi,13:35,92,92064,48.84587,2.21877,2,2,3,1,1,4,2,04,2,1,000,000,1,0,1,4,2,58,1,1,9,00,2,1,19,201800038913B01,7,15,1
201800038927,2018-06-23,2018,juin,samedi,10:40,92,92033,48.84062,2.19357,2,3,3,1,7,3,3,02,1,1,010,041,1,0,1,4,1,34,5,1,2,00,2,1,1,201800038927B01,7,15,1
201800038935,2018-08-01,2018,août,mercredi,10:05,92,92064,48.82993,2.22148,1,1,6,1,1,5,-1,01,2,3,,,1,0,3,3,1,51,5,1,3,00,1,1,21,201800038935A01,,,
201800038967,2018-10-23,2018,octobre,mardi,17:15,92,92064,48.83541,2.21716,2,1,6,1,1,9,4,01,2,1,,,1,0,3,4,1,4,5,1,3,00,1,8,0,201800038967A01,,,
201800038985,2018-02-02,2018,février,vendredi,84:0,92,92072,48.82194,2.20661,2,1,3,1,2,3,2,04,1,3,000,100,2,5,1,4,1,40,1,1,2,00,2,8,9,201800038985B01,7,9,1
201800038995,2018-03-09,2018,mars,vendredi,92:5,92,92022,48.80051,2.18932,2,6,3,1,1,4,4,01,3,-1,000,100,1,0,1,4,2,33,9,1,2,00,9,8,13,201800038995B01,34,13,1
201800039006,2018-04-23,2018,avril,lundi,80:5,92,92072,48.8248,2.21378,2,1,6,1,1,3,3,04,1,1,030,130,1,0,1,1,1,43,1,1,2,00,1,1,1,201800039006A01,,,
201800039008,2018-05-10,2018,mai,jeudi,12:55,92,92072,48.82711,2.22347,2,1,6,1,1,3,2,02,1,3,025,130,1,0,1,1,1,29,5,1,2,00,1,1,1,201800039008A01,,,
201800039009,2018-05-15,2018,mai,mardi,93:0,92,92022,48.81014,2.19036,2,9,2,1,1,3,2,04,1,1,000,120,1,0,1,4,1,42,5,1,2,00,2,1,19,201800039009B01,7,4,1
201800039024,2018-07-21,2018,juillet,samedi,11:5,92,92072,48.81139,2.21147,2,6,7,5,1,3,1,02,-1,3,000,000,1,5,1,4,1,28,5,1,9,00,0,0,16,201800039024A01,,,
201800039028,2018-07-23,2018,juillet,lundi,12:30,92,92022,48.803,2.18837,2,1,3,1,1,3,2,02,1,1,000,070,1,0,1,4,1,13,5,1,2,00,2,1,1,201800039028B01,7,9,1
201800039057,2018-01-11,2018,janvier,jeudi,75:0,92,92073,48.86625,2.22066,2,1,3,5,8,4,3,02,2,1,000,000,2,0,1,4,1,43,1,1,2,00,2,7,1,201800039057B01,7,11,1
201800039097,2018-11-08,2018,novembre,jeudi,10:20,92,92073,48.881,2.22771,2,4,3,1,1,4,2,02,2,2,,,1,0,1,4,1,47,0,1,9,00,2,7,16,201800039097B01,7,15,1
201800039114,2018-01-22,2018,janvier,lundi,85:0,92,92046,48.8132,2.2968,2,1,3,1,2,4,2,02,1,1,000,000,2,0,1,4,2,48,1,1,2,00,2,1,19,201800039114Y01,7,2,1
201800039116,2018-02-14,2018,février,mercredi,14:45,92,92046,48.82129,2.30368,2,1,2,1,1,4,2,01,1,1,000,000,1,0,1,4,2,18,5,1,9,00,2,1,1,201800039116B01,7,4,1
201800039123,2018-04-03,2018,avril,mardi,84:0,92,92075,48.82104,2.28842,2,1,7,2,1,4,2,02,2,1,028,100,1,0,1,4,2,27,9,1,2,00,1,1,1,201800039123A01,,,
201800039126,2018-04-10,2018,avril,mardi,14:33,92,92075,48.82672,2.28626,2,1,7,1,1,4,2,02,2,1,000,000,1,0,1,4,1,70,1,1,2,00,0,0,1,201800039126A01,,,
201800039128,2018-03-21,2018,mars,mercredi,75:0,92,92046,48.8193,2.2954,2,2,3,2,1,4,2,02,1,1,000,000,1,0,1,4,1,55,1,1,2,00,2,3,19,201800039128B01,14,16,1
201800039138,2018-05-04,2018,mai,vendredi,94:0,92,92046,48.81932,2.30464,2,1,6,1,1,4,2,02,1,1,000,000,1,0,1,1,1,34,1,1,2,00,1,1,1,201800039138A01,,,
201800039140,2018-06-29,2018,juin,vendredi,11:00,92,92075,48.8142,2.2781,2,2,7,1,1,4,2,00,1,1,000,000,1,0,1,1,1,37,5,1,4,00,0,0,9,201800039140B01,34,21,1
201800039142,2018-06-26,2018,juin,mardi,83:5,92,92075,48.81332,2.27917,2,2,3,1,1,4,1,01,2,1,000,000,1,0,1,4,1,20,0,1,2,00,2,7,1,201800039142A01,7,1,1
201800039143,2018-06-22,2018,juin,vendredi,83:0,92,92075,48.81779,2.30169,2,3,3,1,1,4,1,01,-1,1,000,000,1,0,1,4,2,34,0,1,9,00,2,1,1,201800039143B01,7,4,1
201800039145,2018-07-05,2018,juillet,jeudi,10:10,92,92075,48.81879,2.28596,2,1,7,1,1,4,2,02,2,1,000,000,1,0,1,4,1,16,9,1,2,01,0,1,1,201800039145A01,,,
201800039150,2018-06-28,2018,juin,jeudi,93:0,92,92075,48.48426,2.16504,2,2,3,1,1,3,2,02,2,1,000,000,1,0,1,4,2,45,0,1,2,00,2,1,1,201800039150B01,7,1,1
201800039151,2018-07-10,2018,juillet,mardi,18:30,92,92046,48.4859,2.17425,2,4,3,1,1,4,2,02,1,2,000,000,1,0,1,3,1,42,5,1,2,00,2,1,1,201800039151B01,7,1,1
201800039193,2018-06-21,2018,juin,jeudi,19:40,92,92078,48.93485,2.32064,2,1,3,1,1,4,1,02,1,3,000,060,1,3,0,4,1,36,9,1,9,00,9,7,19,201800039193B01,7,0,1
201800039222,2018-02-03,2018,février,samedi,13:45,93,93001,48,2.3,2,2,3,1,8,4,2,02,1,1,000,000,2,0,1,3,1,45,9,1,2,00,2,7,15,201800039222B01,7,16,1
201800039229,2018-02-22,2018,février,jeudi,13:10,93,93001,48.907,2.39,2,1,3,1,1,4,1,01,1,1,000,000,1,0,4,3,1,61,1,1,9,00,2,1,1,201800039229B01,7,16,1
201800039244,2018-04-19,2018,avril,jeudi,17:00,93,93001,0,0,2,2,6,1,1,4,2,02,1,1,000,120,1,0,1,4,1,28,1,1,2,00,2,7,1,201800039244A01,7,1,1
201800039265,2018-06-12,2018,juin,mardi,30:,93,93001,0,0,2,1,3,5,2,4,3,04,1,1,000,000,2,0,1,4,1,31,0,1,9,00,2,7,0,201800039265A01,7,0,1
201800039267,2018-06-18,2018,juin,lundi,14:30,93,93001,48.91931,2.38253,2,1,6,1,1,4,2,02,1,1,000,050,1,5,1,4,2,45,1,1,9,00,2,8,1,201800039267B01,10,15,1
201800039341,2018-01-31,2018,janvier,mercredi,10:20,93,93005,48.93947,2.49578,2,9,3,1,3,3,1,00,1,1,000,000,2,0,1,4,1,64,9,1,9,00,2,3,1,201800039341A01,7,14,1
201800039347,2018-03-07,2018,mars,mercredi,15:55,93,93005,48.92596,2.48667,2,1,3,1,4,4,2,02,1,4,000,000,2,0,1,3,1,35,1,1,2,00,2,7,19,201800039347B01,10,1,1
201800039363,2018-04-24,2018,avril,mardi,21:10,93,93005,0,0,2,1,6,5,1,4,2,00,1,1,000,000,1,0,1,4,2,18,0,1,2,00,2,0,21,201800039363A01,7,21,1
201800039377,2018-05-28,2018,mai,lundi,11:32,93,93005,0,0,2,1,1,1,1,4,2,01,1,1,000,000,1,0,1,4,1,31,5,1,9,00,2,0,9,201800039377B01,7,2,1
201800039426,2018-09-25,2018,septembre,mardi,17:50,93,93005,0,0,2,1,6,1,1,4,-1,00,1,1,,,1,0,3,4,1,14,5,1,2,00,2,0,19,201800039426B01,7,2,1
201800039433,2018-10-15,2018,octobre,lundi,18:00,93,93005,0,0,2,6,3,1,1,4,-1,02,1,3,,,1,0,3,1,1,36,0,1,2,00,2,4,2,201800039433B01,10,9,1
201800039567,2018-06-30,2018,juin,samedi,16:45,93,93008,0,0,2,1,1,1,1,9,2,00,1,2,000,000,1,6,5,4,1,59,5,1,2,00,2,1,1,201800039567B01,31,21,1
201800039630,2018-05-04,2018,mai,vendredi,14:45,93,93010,48.91709,2.47952,2,1,2,1,1,4,3,02,1,-1,000,030,1,0,1,4,1,45,5,1,2,00,2,1,2,201800039630B01,7,2,1
201800039639,2018-06-17,2018,juin,dimanche,19:44,93,93010,0,0,2,3,1,1,1,4,1,00,2,-1,000,000,1,0,1,4,1,20,0,1,9,00,2,1,21,201800039639B01,7,9,1
201800039724,2018-06-15,2018,juin,vendredi,15:03,93,93014,0,0,2,4,6,1,1,4,2,01,2,1,038,036,1,0,1,1,1,13,5,1,2,00,1,1,15,201800039724A01,,,
201800039734,2018-07-15,2018,juillet,dimanche,20:45,93,93047,48.905,2.5588,2,9,3,1,1,6,2,02,1,1,000,000,1,6,1,4,2,19,0,1,2,00,2,1,19,201800039734B01,99,0,1
201800039808,2018-06-24,2018,juin,dimanche,16:30,93,93027,48.92768,2.38359,2,1,3,1,1,4,2,02,1,1,000,050,1,0,1,4,1,9,5,1,9,00,2,3,19,201800039808B01,7,21,1
201800039900,2018-07-08,2018,juillet,dimanche,17:30,93,93029,48.93388,2.45104,2,3,3,1,1,4,1,01,1,1,000,000,1,0,1,3,1,27,5,1,2,00,2,1,5,201800039900Y01,7,14,1
201800039946,2018-01-30,2018,janvier,mardi,18:20,93,93079,48.94932,2.34193,2,2,2,5,2,4,2,02,1,1,000,000,2,0,1,4,1,20,0,1,9,00,2,4,2,201800039946A01,7,2,1
201800039962,2018-05-25,2018,mai,vendredi,20:05,93,93031,48.96169,2.2953,2,2,3,2,2,2,1,02,1,1,000,000,2,0,1,3,1,42,5,1,2,00,2,1,3,201800039962A01,7,13,1
201800040082,2018-02-02,2018,février,vendredi,92:0,93,93061,48.88311,2.41136,2,1,2,1,8,4,2,02,2,1,000,060,1,0,1,4,1,46,9,1,9,00,2,1,2,201800040082A01,13,2,1
201800040085,2018-02-05,2018,février,lundi,81:0,93,93006,48.8705,2.417,2,1,3,1,1,3,2,00,1,1,030,030,1,0,5,3,1,31,1,1,2,01,0,8,0,201800040085B01,7,24,1
201800040160,2018-02-03,2018,février,samedi,19:10,93,93046,48.92067,2.52056,2,2,3,5,2,4,2,02,1,1,000,035,2,0,1,3,1,16,5,1,9,00,2,8,1,201800040160B01,7,2,1
201800040182,2018-04-11,2018,avril,mercredi,16:20,93,93046,48.92264,2.53607,2,1,3,1,1,4,2,02,1,1,000,000,1,0,1,4,2,66,0,1,9,01,0,2,1,201800040182B01,7,24,1
201800040202,2018-06-14,2018,juin,jeudi,16:20,93,93046,48.91148,2.52843,2,2,3,1,1,4,2,02,1,1,000,000,1,0,1,4,1,36,0,1,2,00,2,7,1,201800040202F01,7,1,1
201800040308,2018-05-18,2018,mai,vendredi,18:05,93,93048,48.86032,2.46642,2,3,3,1,1,4,2,02,1,1,000,000,1,0,1,3,2,34,0,1,2,00,2,1,15,201800040308B01,7,16,1
201800040335,2018-07-24,2018,juillet,mardi,19:40,93,93048,0,0,2,5,3,1,1,4,,,,,,,,,,4,1,18,0,1,9,00,2,8,15,201800040335B01,2,0,1
201800040425,2018-07-02,2018,juillet,lundi,92:0,93,93049,48.46,2.5,2,1,3,1,1,4,2,01,2,1,000,050,1,0,0,3,1,35,0,1,2,01,2,1,1,201800040425B01,7,24,1
201800040459,2018-12-19,2018,décembre,mercredi,19:30,93,93050,48.86507,2.52936,2,2,1,5,8,2,3,02,1,1,,,2,5,1,4,2,6,9,1,2,00,2,7,0,201800040459B01,7,0,1
201800040590,2018-04-16,2018,avril,lundi,12:56,93,93055,48.89483,2.40963,2,1,7,1,1,4,2,04,2,1,000,040,1,0,5,3,1,35,1,1,9,00,0,1,1,201800040590A01,,,
201800040595,2018-05-07,2018,mai,lundi,18:20,93,93055,0,0,2,3,3,1,1,2,2,00,1,1,000,000,1,0,1,3,1,23,0,1,9,00,2,1,17,201800040595B01,7,15,1
201800040603,2018-06-15,2018,juin,vendredi,80:5,93,93055,48.89597,2.40961,2,1,6,1,1,4,2,04,2,3,020,030,1,0,5,3,1,14,2,1,9,00,2,8,1,201800040603A01,15,1,1
201800040606,2018-06-27,2018,juin,mercredi,17:15,93,93055,48.89565,2.415,2,1,1,1,1,9,2,00,1,1,000,000,1,0,5,3,1,69,5,1,9,00,2,1,1,201800040606A01,99,9,1
201800040650,2018-02-24,2018,février,samedi,19:04,93,93077,48.88826,2.5101,2,1,3,5,1,3,1,01,1,1,030,045,-1,0,1,4,1,49,0,1,9,01,0,0,0,201800040650B01,7,22,1
201800040692,2018-07-13,2018,juillet,vendredi,91:2,93,93077,48.8851,2.50523,2,3,2,1,1,2,2,04,1,1,000,100,1,0,1,4,1,52,1,1,2,00,2,4,9,201800040692B01,33,2,1
201800040826,2018-02-21,2018,février,mercredi,15:00,93,93066,48.93084,2.3564,2,1,6,1,1,4,2,02,1,1,001,001,1,0,1,1,1,27,0,1,9,00,1,1,21,201800040826A01,,,
201800040877,2018-05-28,2018,mai,lundi,12:45,93,93066,48.92617,2.35642,2,3,3,1,1,2,1,02,1,3,000,000,1,0,1,4,2,45,1,1,2,00,2,8,9,201800040877B01,10,19,1
201800040914,2018-07-18,2018,juillet,mercredi,85:0,93,93066,48.90196,2.35836,2,1,6,1,1,4,3,04,1,1,,,1,0,3,4,2,50,1,1,3,00,1,1,1,201800040914A01,,,
201800041023,2018-04-24,2018,avril,mardi,81:0,93,93070,48.903,2.334,2,3,1,1,1,4,2,01,1,1,000,000,1,0,1,3,1,30,1,1,9,00,2,1,13,201800041023A01,7,11,1
201800041030,2018-06-06,2018,juin,mercredi,20:30,93,93070,48.90729,2.3262,2,1,1,1,2,4,-1,01,-1,-1,000,000,2,0,1,3,1,24,4,1,9,00,2,1,9,201800041030B01,7,9,1
201800041095,2018-06-05,2018,juin,mardi,82:2,93,93071,48.92999,2.53,2,1,2,1,3,4,2,02,1,-1,000,000,2,0,1,3,1,10,2,1,2,00,2,4,14,201800041095B01,31,1,1
201800041183,2018-01-06,2018,janvier,samedi,16:45,93,93078,48.97374,2.50356,2,1,2,1,1,4,1,02,1,1,000,000,1,0,1,3,1,69,5,1,9,00,2,1,9,201800041183B01,7,9,1
201800041231,2018-05-18,2018,mai,vendredi,20:30,93,93078,48.9531,2.55185,2,1,3,1,1,4,2,02,1,1,000,000,1,0,1,4,1,20,5,1,9,00,2,8,19,201800041231B01,7,1,1
201800041240,2018-06-03,2018,juin,dimanche,11:42,93,93073,48.98369,2.52494,1,6,3,1,1,4,1,00,1,-1,000,000,1,0,1,4,2,61,5,1,2,00,2,7,1,201800041240B01,7,9,1
201800041337,2018-03-27,2018,mars,mardi,16:15,94,94002,48.80522,2.42059,2,1,2,1,2,4,1,01,1,1,015,030,2,0,1,4,1,11,2,1,9,00,2,8,1,201800041337B01,7,20,1
201800041350,2018-06-28,2018,juin,jeudi,16:30,94,94002,48.81454,2.41087,2,9,2,1,1,4,-1,02,2,1,000,120,1,2,1,4,2,30,5,1,9,09,0,4,0,201800041350B01,7,0,1
201800041404,2018-03-18,2018,mars,dimanche,22:15,94,94047,48.70579,2.53122,2,1,2,5,2,3,2,02,1,1,000,070,2,0,1,4,1,46,5,1,9,00,2,4,1,201800041404B02,7,2,1
201800041407,2018-03-22,2018,mars,jeudi,14:00,94,94044,48.74297,2.50073,2,3,2,1,1,3,2,02,1,-1,000,080,-1,0,1,4,1,57,0,1,9,00,2,1,2,201800041407A01,7,2,1
201800041417,2018-04-05,2018,avril,jeudi,74:5,94,94004,48.74855,2.51309,2,1,3,1,1,4,2,02,2,1,000,000,1,0,1,4,1,60,0,1,9,00,2,2,17,201800041417B01,7,13,1
201800041426,2018-05-07,2018,mai,lundi,20:00,94,94071,48.76744,2.53289,2,1,7,1,1,4,2,01,1,1,080,080,1,0,1,4,1,50,1,1,2,00,0,0,0,201800041426A01,,,
201800041430,2018-05-15,2018,mai,mardi,18:15,94,94048,48.73812,2.55243,2,3,3,1,1,4,2,02,1,1,000,060,1,0,0,4,1,12,5,1,2,00,2,1,15,201800041430A01,7,1,1
201800041440,2018-05-31,2018,mai,jeudi,93:5,94,94044,48.74118,2.48042,2,6,3,1,8,3,1,00,1,3,000,000,2,0,1,4,1,32,1,1,2,00,2,5,15,201800041440B01,10,9,1
201800041555,2018-03-09,2018,mars,vendredi,11:30,94,94017,48.81118,2.55661,2,2,3,1,2,4,2,02,1,1,017,025,2,0,1,4,1,30,4,1,2,00,2,5,9,201800041555B01,7,9,1
201800041574,2018-06-02,2018,juin,samedi,30:0,94,94017,48.81366,2.51015,2,1,3,5,1,3,1,02,4,1,000,070,1,5,1,3,1,21,0,1,9,00,2,8,19,201800041574A01,7,0,1
201800041647,2018-01-13,2018,janvier,samedi,21:10,94,94069,48.81726,2.45892,2,2,3,5,1,3,2,04,2,1,000,110,1,5,1,4,1,25,5,1,9,00,2,7,15,201800041647B01,7,2,1