Num_Acc,date,an,mois,jour,hrmn,dep,com,lat,long,agg,int,col,lum,atm,catr,circ,nbv,prof,plan,lartpc,larrout,surf,infra,situ,grav,sexe,age,trajet,secuexist,equipement,obs,obsm,choc,manv,vehiculeid,typevehicules,manoeuvehicules,numVehicules
201800041659,2018-04-17,2018,avril,mardi,22:10,94,94018,48.81908,2.40576,2,1,7,5,1,4,2,02,1,1,002,037,1,0,1,3,1,30,5,1,9,04,0,1,14,201800041659A01,,,
201800041663,2018-05-02,2018,mai,mercredi,10:35,94,94018,48.82007,2.4156,2,1,6,1,1,3,2,01,1,1,000,037,1,0,5,1,1,49,1,1,2,00,1,2,19,201800041663A01,,,
201800041674,2018-07-07,2018,juillet,samedi,11:20,94,94018,48.82563,2.3924,2,1,3,1,1,3,2,05,1,1,000,000,1,0,1,4,1,62,5,1,9,00,2,3,11,201800041674B01,7,11,1
201800041676,2018-07-11,2018,juillet,mercredi,10:05,94,94018,48.827,2.40491,2,1,3,1,1,3,2,02,1,1,000,120,1,0,1,4,1,53,0,1,9,00,2,1,1,201800041676B01,7,15,1
201800041745,2018-04-21,2018,avril,samedi,94:0,94,94055,48.78988,2.53169,2,4,3,1,1,4,1,01,1,1,000,030,1,0,1,4,1,86,5,1,2,01,0,1,1,201800041745B01,7,22,1
201800041839,2018-01-29,2018,janvier,lundi,14:00,94,94054,48.74733,2.41433,2,1,3,1,1,4,2,02,1,1,000,050,1,0,4,4,2,23,4,1,9,00,2,8,1,201800041839B01,7,1,1
201800041841,2018-01-31,2018,janvier,mercredi,17:10,94,94022,48.76516,2.4119,2,1,1,1,2,4,2,02,1,3,000,070,2,2,1,3,1,18,9,1,2,00,2,1,1,201800041841B02,7,1,1
201800041872,2018-06-19,2018,juin,mardi,22:40,94,94022,48.76579,2.41047,2,1,3,5,1,3,1,02,1,1,000,070,1,2,1,4,1,27,5,1,2,00,2,2,19,201800041872B01,7,1,1
201800041934,2018-01-08,2018,janvier,lundi,15:28,94,94011,48.75682,2.4833,2,6,3,1,7,3,1,02,1,2,000,040,1,0,1,4,1,69,5,1,2,00,2,1,15,201800041934B01,7,9,1
201800041979,2018-04-24,2018,avril,mardi,21:25,94,94028,48.78366,2.44236,2,3,1,5,1,4,2,02,1,1,000,070,1,0,1,4,1,46,0,1,2,00,2,1,15,201800041979B01,7,15,1
201800041996,2018-05-28,2018,mai,lundi,65:0,94,94028,48.79624,2.46351,2,1,3,1,1,4,2,04,2,1,000,120,1,0,1,3,1,33,1,1,9,00,2,1,0,201800041996B01,7,10,1
201800042010,2018-06-25,2018,juin,lundi,18:10,94,94028,48.77163,2.45867,2,1,3,1,1,9,2,01,1,1,000,060,1,0,1,3,1,18,5,1,9,00,0,1,2,201800042010B01,7,1,1
201800042023,2018-08-29,2018,août,mercredi,16:40,94,94028,48.77324,2.43978,2,3,3,1,1,2,1,01,2,1,,,1,0,1,4,1,26,3,1,2,00,2,7,1,201800042023B01,7,16,1
201800042074,2018-01-08,2018,janvier,lundi,17:50,94,94033,48.84981,2.46544,2,1,1,2,1,4,1,01,1,1,000,030,1,0,1,4,1,16,5,1,2,00,2,1,1,201800042074B01,7,1,1
201800042082,2018-03-29,2018,mars,jeudi,81:5,94,94033,48.8512,2.47443,2,2,3,1,1,3,2,02,1,1,000,050,1,0,1,4,2,17,2,1,9,00,2,1,2,201800042082B01,7,2,1
201800042092,2018-06-14,2018,juin,jeudi,21:50,94,94033,48.85361,2.45241,2,2,3,2,1,4,2,02,2,1,000,042,1,0,1,4,1,23,0,1,9,00,2,1,1,201800042092A01,7,1,1
201800042096,2018-07-07,2018,juillet,samedi,20:30,94,94033,48.8539,2.46971,2,1,6,1,1,3,2,03,1,1,000,014,1,0,1,1,1,30,5,1,9,00,2,3,11,201800042096A01,2,2,1
201800042129,2018-01-29,2018,janvier,lundi,90:0,94,94076,48.7977,2.35768,2,1,2,1,2,4,1,01,1,1,000,000,2,0,1,4,2,19,2,1,2,01,2,6,15,201800042129B01,7,1,1
201800042136,2018-02-16,2018,février,vendredi,13:35,94,94003,48.80006,2.34276,2,2,1,1,1,3,2,02,2,1,200,100,1,0,1,2,1,70,0,1,2,00,2,8,0,201800042136B01,15,0,1
201800042176,2018-05-26,2018,mai,samedi,15:30,94,94043,48.81244,2.35317,2,2,3,1,8,4,2,01,2,1,000,000,1,0,1,1,1,55,0,1,2,00,2,4,1,201800042176B01,7,1,1
201800042188,2018-06-11,2018,juin,lundi,19:15,94,94076,48.7858,2.37269,2,3,3,1,3,6,-1,00,1,1,000,055,2,0,1,3,1,7,5,1,2,00,2,8,19,201800042188B01,13,2,1
201800042237,2018-02-01,2018,février,jeudi,11:35,94,94073,48.7511,2.40293,2,3,3,1,1,4,2,02,1,1,000,060,-1,0,0,3,2,81,5,1,2,00,2,8,1,201800042237B01,7,17,1
201800042264,2018-04-18,2018,avril,mercredi,15:20,94,94034,48.75598,2.32803,2,2,3,1,1,3,3,04,1,1,000,000,1,0,1,4,1,58,0,1,2,00,2,2,1,201800042264B01,10,10,1
201800042267,2018-04-23,2018,avril,lundi,20:05,94,94073,48.7522,2.3991,2,3,3,1,1,4,2,02,1,1,000,000,1,0,1,4,1,60,5,1,2,00,2,2,1,201800042267B01,7,15,1
201800042279,2018-05-17,2018,mai,jeudi,14:45,94,94034,48.75852,2.32468,2,1,6,1,1,4,-1,00,2,-1,000,000,1,6,4,1,1,17,5,1,9,00,1,1,1,201800042279A01,,,
201800042284,2018-05-23,2018,mai,mercredi,18:10,94,94021,48.7708,2.33752,2,3,7,1,1,4,2,00,1,1,000,000,1,6,1,4,1,60,5,1,9,00,0,0,19,201800042284A01,,,
201800042290,2018-06-04,2018,juin,lundi,18:30,94,94073,48.77125,2.40094,2,1,3,1,1,3,2,04,1,1,000,080,1,0,1,4,1,47,9,1,2,00,2,7,1,201800042290B01,7,11,1
201800042334,2018-07-24,2018,juillet,mardi,10:30,94,94073,48.76641,2.3882,2,2,3,1,1,4,1,01,-1,-1,000,000,-1,0,1,4,1,21,1,1,4,00,0,1,19,201800042334B01,7,15,1
201800042458,2018-05-15,2018,mai,mardi,14:40,94,94041,48.81459,2.40683,2,2,3,1,1,4,2,02,1,1,000,060,1,5,1,4,1,39,0,1,9,04,2,8,15,201800042458B01,2,18,1
201800042479,2018-07-04,2018,juillet,mercredi,93:0,94,94041,48.81837,2.37506,2,1,3,1,1,4,2,02,1,1,000,000,1,0,1,4,1,26,0,1,2,00,2,1,19,201800042479A01,32,1,1
201800042480,2018-07-12,2018,juillet,jeudi,95:5,94,94041,48.82199,2.39284,2,1,3,1,1,3,2,04,1,1,000,100,1,0,4,4,1,27,1,1,2,00,2,3,1,201800042480B01,2,9,1
201800042486,2018-07-27,2018,juillet,vendredi,18:30,94,94041,48.8158,2.4032,2,9,1,1,2,4,1,01,1,1,,,2,0,1,4,1,33,1,1,2,00,2,2,5,201800042486B01,7,20,1
201800042546,2018-03-27,2018,mars,mardi,12:50,94,94037,48.81294,2.34879,2,2,3,1,2,4,2,02,2,1,000,000,2,0,1,3,2,58,1,1,2,00,2,5,1,201800042546B01,7,1,1
201800042596,2018-10-23,2018,octobre,mardi,84:5,94,94016,48.79157,2.3342,2,1,6,1,1,4,2,02,1,1,,,1,0,1,4,1,44,0,1,2,01,0,1,0,201800042596B01,7,24,1
201800042668,2018-05-08,2018,mai,mardi,16:35,94,94046,48.80563,2.43147,2,2,3,1,1,3,2,00,1,3,000,150,1,0,5,4,1,39,5,1,2,00,2,1,2,201800042668B01,7,16,1
201800042711,2018-11-07,2018,novembre,mercredi,90:0,94,94046,48.82204,2.43387,2,1,6,1,2,3,2,02,1,1,,,2,0,1,1,1,24,2,1,2,00,1,0,2,201800042711A01,,,
201800042736,2018-01-29,2018,janvier,lundi,90:5,94,94042,48.81627,2.47054,2,1,2,1,8,4,1,01,1,1,000,000,1,0,0,4,1,86,0,1,2,00,2,1,1,201800042736B01,7,4,1
201800042740,2018-03-10,2018,mars,samedi,17:05,94,94052,48.83205,2.4765,2,3,3,1,1,4,2,02,1,1,000,062,1,0,1,4,1,56,9,1,9,00,2,2,1,201800042740B01,7,15,1
201800042757,2018-05-28,2018,mai,lundi,74:5,94,94042,48.82011,2.48021,2,1,3,1,1,3,2,04,1,1,000,140,1,0,1,4,1,34,1,1,2,00,2,1,1,201800042757B01,7,15,1
201800042811,2018-01-15,2018,janvier,lundi,17:50,94,94068,48.79363,2.50892,2,2,3,5,2,4,2,02,1,1,000,059,2,0,1,4,2,42,1,1,2,00,2,8,16,201800042811B01,7,15,1
201800042814,2018-01-24,2018,janvier,mercredi,12:50,94,94068,48.8021,2.4816,2,2,2,1,1,4,1,01,1,1,000,040,2,5,1,4,1,62,0,1,2,00,2,1,2,201800042814A01,7,23,1
201800042833,2018-03-14,2018,mars,mercredi,12:30,94,94068,48.7916,2.5035,2,2,3,1,1,4,2,02,1,1,000,080,1,0,1,4,1,18,0,1,9,00,2,1,1,201800042833A01,7,1,1
201800042838,2018-04-03,2018,avril,mardi,17:25,94,94068,48.81102,2.46933,2,2,3,1,2,3,3,02,1,3,010,060,2,0,1,4,1,16,2,1,9,00,2,8,2,201800042838B01,7,16,1
201800042847,2018-04-25,2018,avril,mercredi,10:20,94,94068,48.81025,2.4744,2,3,3,1,1,4,2,02,,,000,040,,0,1,4,1,20,9,1,9,00,2,1,1,201800042847B01,7,15,1
201800042849,2018-04-27,2018,avril,vendredi,19:20,94,94068,48.79785,2.50106,2,1,6,1,1,3,2,02,1,1,000,069,1,0,1,1,1,17,3,1,9,00,1,1,1,201800042849A01,,,
201800042856,2018-05-12,2018,mai,samedi,16:30,94,94068,48.7966,2.50606,2,1,3,1,2,3,2,02,1,1,000,080,2,0,1,4,1,19,9,1,9,01,0,7,1,201800042856B01,10,22,1
201800042864,2018-05-30,2018,mai,mercredi,11:05,94,94068,48.78455,2.49217,2,3,3,1,1,4,2,02,1,1,000,062,1,0,1,4,1,64,9,1,9,00,2,2,1,201800042864A01,7,15,1
201800042874,2018-06-16,2018,juin,samedi,18:45,94,94068,48.79269,2.51227,2,3,1,1,1,4,1,01,1,4,000,050,1,0,1,4,1,13,5,1,9,00,2,3,5,201800042874A01,7,15,1
201800042876,2018-06-20,2018,juin,mercredi,19:15,94,94068,48.80654,2.47878,2,2,3,1,1,3,2,02,1,1,000,071,1,0,1,4,1,28,1,1,2,00,2,1,1,201800042876B01,7,15,1
201800042959,2018-01-19,2018,janvier,vendredi,11:17,94,94077,48.72741,2.43913,2,3,3,1,2,3,2,03,1,1,000,000,2,0,1,4,1,92,0,1,9,00,2,7,1,201800042959B01,7,9,1
201800042993,2018-05-15,2018,mai,mardi,90:7,94,94074,48.74845,2.45688,2,1,3,1,1,4,3,02,1,1,043,030,1,0,5,2,2,74,0,1,2,00,2,1,0,201800042993B01,7,2,1
201800042997,2018-05-23,2018,mai,mercredi,20:15,94,94078,48.74757,2.43677,2,1,3,2,1,3,2,02,1,1,000,080,1,0,1,4,1,10,0,1,9,00,2,8,19,201800042997B01,7,19,1
201800042998,2018-05-25,2018,mai,vendredi,17:45,94,94078,48.7395,2.45688,2,1,3,1,1,4,2,02,1,1,000,056,1,0,1,3,1,12,5,1,9,00,2,6,18,201800042998B01,7,15,1
201800043011,2018-06-15,2018,juin,vendredi,19:00,94,94074,48.74811,2.46756,2,1,3,1,1,4,2,02,2,3,000,080,1,0,1,4,1,38,5,1,2,00,2,1,19,201800043011A01,7,9,1
201800043063,2018-10-03,2018,octobre,mercredi,18:20,94,94078,48.73233,2.44694,2,3,3,1,1,2,2,04,1,1,,,1,5,1,4,1,11,0,1,2,,,,,201800043063A01,37,8,1
201800043115,2018-03-26,2018,mars,lundi,12:55,94,94080,48.84877,2.42937,2,3,3,1,1,3,2,02,1,1,000,000,1,0,1,4,1,26,4,1,2,11,2,2,17,201800043115B01,7,13,1
201800043138,2018-07-09,2018,juillet,lundi,18:45,94,94080,48.847,2.444,2,1,3,1,7,3,2,02,1,1,000,030,1,0,1,4,2,68,5,1,2,01,0,1,2,201800043138B01,7,24,1
201800043171,2018-01-10,2018,janvier,mercredi,73:5,94,94081,48.79607,2.41315,2,1,3,2,2,3,3,06,1,1,050,100,2,0,4,4,1,23,1,1,4,00,2,1,1,201800043171B01,10,9,1
201800043172,2018-01-11,2018,janvier,jeudi,75:0,94,94081,48.78951,2.38918,2,3,1,5,8,3,2,03,1,1,000,060,2,0,1,4,1,44,0,1,9,00,2,1,8,201800043172B01,7,15,1
201800043196,2018-03-24,2018,mars,samedi,11:10,94,94081,48.79421,2.39645,2,1,2,1,1,3,2,02,1,1,000,080,1,0,1,4,1,18,2,1,9,00,2,4,13,201800043196B01,7,17,1
201800043205,2018-04-15,2018,avril,dimanche,13:05,94,94081,48.79278,2.39128,2,2,3,1,1,3,3,05,2,1,000,060,1,0,1,4,2,57,0,1,2,00,2,8,7,201800043205B01,7,16,1
201800043207,2018-04-20,2018,avril,vendredi,12:30,94,94081,48.79862,2.40036,2,1,3,1,1,3,2,02,1,1,000,080,1,0,1,4,2,60,9,1,9,01,0,8,21,201800043207B01,34,1,1
201800043208,2018-04-22,2018,avril,dimanche,20:25,94,94081,48.80616,2.40482,2,1,3,1,1,3,2,02,1,1,000,060,1,0,4,4,2,32,9,1,9,00,2,1,1,201800043208B01,7,9,1
201800043254,2018-09-03,2018,septembre,lundi,10:40,94,94081,48.7869,2.3902,2,1,3,1,1,3,1,01,1,1,,,1,6,1,4,2,35,4,1,2,00,2,1,1,201800043254B01,3,0,1
201800043309,2018-01-12,2018,janvier,vendredi,20:30,95,95063,48.9341,2.2092,2,1,1,5,1,3,2,02,2,1,,,1,0,1,3,2,50,5,1,9,00,2,1,1,201800043309A01,7,11,1
201800043312,2018-02-18,2018,février,dimanche,90:0,95,95018,48.9499,2.2059,2,6,3,1,1,3,1,02,1,2,,,1,0,1,3,1,58,5,1,2,00,2,7,16,201800043312B01,7,9,1
201800043404,2018-01-25,2018,janvier,jeudi,10:20,95,95598,48.9762,2.3009,2,1,2,1,1,4,2,02,1,1,,,1,0,1,4,2,44,5,1,2,01,2,1,1,201800043404B01,7,4,1
201800043444,2018-05-28,2018,mai,lundi,16:15,95,95598,48.9969,2.3032,2,1,1,1,1,3,2,02,2,1,,,1,0,1,4,1,16,2,1,9,00,2,2,15,201800043444A01,10,1,1
201800043477,2018-04-25,2018,avril,mercredi,18:00,95,95563,49.0091,2.2375,2,1,6,1,1,3,2,02,1,1,,,1,0,1,4,2,72,5,1,3,00,1,1,17,201800043477A01,,,
201800045013,2018-06-26,2018,juin,mardi,93:0,93,93053,48.88403,2.46458,1,1,3,1,1,1,3,09,3,1,,,1,0,3,4,1,17,0,1,3,00,2,8,0,201800045013B01,7,1,1
201800047318,2018-01-14,2018,janvier,dimanche,14:55,69,69382,45.7572,4.83692,2,2,3,1,1,4,2,06,1,1,000,000,1,2,1,4,1,40,1,1,2,00,2,1,7,201800047318B01,7,10,1
201800047326,2018-01-16,2018,janvier,mardi,12:10,69,69034,45.78499,4.83263,2,1,3,1,1,4,-1,02,2,1,000,080,1,0,5,4,2,43,1,1,9,00,2,7,1,201800047326B01,7,9,1
201800047329,2018-01-18,2018,janvier,jeudi,10:35,69,69382,45.75881,4.83074,2,3,3,1,1,4,1,01,1,1,000,000,1,0,5,4,2,44,1,1,2,00,2,5,2,201800047329B01,7,15,1
201800047344,2018-01-23,2018,janvier,mardi,91:0,69,69385,45.76085,4.82497,2,1,7,1,1,4,2,02,2,1,000,058,1,0,1,3,1,55,1,1,2,00,0,0,1,201800047344A01,,,
201800047353,2018-01-30,2018,janvier,mardi,85:0,69,69382,45.75929,4.8297,2,1,6,1,8,4,1,04,1,1,000,140,2,0,1,1,1,34,1,1,2,00,1,1,1,201800047353A01,,,
201800047361,2018-02-04,2018,février,dimanche,90:5,69,69149,45.71653,4.80962,2,1,7,1,1,4,2,02,2,1,044,063,1,0,1,4,1,33,1,1,2,00,0,0,1,201800047361A01,,,
201800047385,2018-02-18,2018,février,dimanche,16:50,69,69382,45.76354,4.83733,2,3,3,1,8,4,1,01,1,1,000,000,1,0,1,4,2,30,0,1,9,00,2,7,19,201800047385A01,7,1,1
201800047405,2018-03-07,2018,mars,mercredi,82:5,69,69149,45.717,4.812,2,1,6,1,1,4,2,02,1,1,000,076,1,0,1,4,1,47,1,1,2,00,2,1,18,201800047405B01,7,23,1
201800047410,2018-03-10,2018,mars,samedi,20:05,69,69149,45.7096,4.8209,2,3,7,5,1,4,2,02,2,1,008,050,1,5,1,3,1,48,0,1,2,11,0,1,19,201800047410A01,,,
201800047412,2018-03-12,2018,mars,lundi,81:5,69,69382,45.76012,4.83786,2,1,3,1,2,4,1,03,1,1,000,000,2,0,1,4,2,58,1,1,9,00,2,8,15,201800047412Y01,7,15,1
201800047434,2018-03-29,2018,mars,jeudi,19:10,69,69382,45.76,4.83,2,1,3,1,1,4,1,01,1,1,000,000,1,0,1,4,2,37,1,1,9,01,0,1,17,201800047434B01,7,24,1
201800047456,2018-04-18,2018,avril,mercredi,12:30,69,69381,45.76867,4.83778,2,9,1,1,1,4,1,04,1,1,,,1,0,3,4,1,34,9,1,9,00,2,7,19,201800047456B01,7,0,1
201800047524,2018-05-29,2018,mai,mardi,75:0,69,69034,45.77947,4.84412,2,9,1,1,1,4,3,02,1,2,,,1,5,3,4,1,27,5,1,2,00,2,8,19,201800047524B01,7,15,1
201800047539,2018-06-07,2018,juin,jeudi,21:00,69,69385,45.76602,4.82884,2,1,6,3,2,4,1,03,1,1,,,2,0,3,1,1,39,5,1,2,00,1,8,21,201800047539A01,,,
201800047555,2018-06-14,2018,juin,jeudi,18:40,69,69382,45.7636,4.8384,2,7,3,1,1,4,2,01,1,1,,,1,0,3,4,1,35,1,1,2,00,1,1,19,201800047555Y01,7,15,1
201800048013,2018-01-09,2018,janvier,mardi,83:5,69,69386,45.76496,4.8443,2,1,6,1,1,4,1,01,1,1,000,000,2,0,1,4,2,42,1,1,9,01,0,1,1,201800048013B01,7,24,1
201800048018,2018-01-10,2018,janvier,mercredi,13:00,69,69383,45.75332,4.86866,2,1,6,1,2,4,1,00,-1,1,000,000,2,6,1,1,1,24,5,1,9,00,1,8,7,201800048018A01,,,
201800048021,2018-01-11,2018,janvier,jeudi,15:30,69,69387,45.74665,4.84267,2,2,3,1,1,4,2,04,1,1,000,000,1,0,1,4,2,37,5,1,4,00,2,1,9,201800048021A01,7,7,1
201800048025,2018-01-12,2018,janvier,vendredi,12:00,69,69383,45.76354,4.84558,2,1,6,1,1,4,1,01,1,1,000,000,1,0,1,4,1,39,0,1,9,00,2,2,22,201800048025B01,7,23,1
201800048031,2018-01-15,2018,janvier,lundi,10:50,69,69388,45.73214,4.87589,2,6,2,1,1,4,2,02,1,3,000,060,1,0,1,4,2,24,2,1,2,00,2,4,16,201800048031B01,7,16,1
201800048050,2018-01-26,2018,janvier,vendredi,72:5,69,69383,45.76002,4.84088,2,2,3,5,3,4,1,03,1,1,000,000,2,2,1,4,2,61,1,1,2,00,2,8,19,201800048050B01,7,16,1
201800048059,2018-01-30,2018,janvier,mardi,20:50,69,69387,45.74992,4.8583,2,3,3,3,1,4,1,00,1,1,000,000,1,0,5,4,1,19,0,1,9,00,2,1,8,201800048059B01,7,15,1
201800048064,2018-02-01,2018,février,jeudi,13:45,69,69387,45.74485,4.88431,2,1,2,1,1,4,1,02,1,1,000,060,1,0,1,4,1,36,3,1,2,00,2,1,9,201800048064B01,7,4,1
201800048068,2018-02-05,2018,février,lundi,82:0,69,69387,45.73298,4.823,2,1,7,1,4,4,2,02,1,1,000,000,2,0,4,4,1,42,0,1,2,08,0,1,0,201800048068A01,,,
201800048079,2018-02-09,2018,février,vendredi,12:00,69,69387,45.7484,4.83803,2,3,3,1,1,4,1,01,1,1,000,000,1,0,5,4,2,62,0,1,9,01,0,1,1,201800048079B01,7,22,1
201800048084,2018-02-13,2018,février,mardi,83:0,69,69259,45.71784,4.87241,2,1,3,1,1,4,1,02,1,1,000,050,1,0,1,3,1,26,0,1,2,00,2,8,5,201800048084B01,7,15,1
201800048086,2018-02-13,2018,février,mardi,10:15,69,69387,45.74014,4.83831,2,1,3,1,1,4,2,00,1,1,000,700,1,0,1,4,2,19,9,1,9,00,2,1,1,201800048086A01,7,1,1
201800048089,2018-02-14,2018,février,mercredi,12:40,69,69388,45.73787,4.87411,2,1,3,1,1,4,1,01,1,1,000,060,1,0,1,3,1,31,0,1,9,00,2,1,1,201800048089B01,7,9,1
201800048098,2018-02-21,2018,février,mercredi,17:35,69,69388,45.72848,4.85362,2,1,3,1,1,4,2,02,1,1,000,000,1,0,5,4,1,14,2,1,9,00,2,8,1,201800048098B01,7,19,1
201800048099,2018-02-21,2018,février,mercredi,44:0,69,69387,45.75439,4.84511,2,1,7,5,1,4,-1,03,1,1,000,000,1,0,4,4,1,34,5,1,9,00,0,0,1,201800048099A01,,,
201800048109,2018-03-01,2018,mars,jeudi,83:0,69,69383,45.75216,4.85226,2,2,3,1,1,4,1,00,1,1,000,000,5,0,0,4,2,35,0,1,2,00,2,1,2,201800048109B01,10,16,1
201800048124,2018-03-10,2018,mars,samedi,16:50,69,69387,45.74768,4.8388,2,1,3,1,1,4,1,01,1,1,000,000,1,0,1,4,1,20,5,1,9,00,2,6,2,201800048124B01,7,22,1
201800048134,2018-03-19,2018,mars,lundi,22:35,69,69383,45.75958,4.84783,2,2,3,5,1,4,1,01,1,1,000,000,1,0,1,3,2,21,0,1,9,00,2,7,19,201800048134B01,30,1,1
201800048135,2018-03-20,2018,mars,mardi,13:45,69,69383,45.75394,4.84742,2,1,3,1,8,4,1,04,1,1,000,000,1,0,5,1,1,36,0,1,9,00,2,8,19,201800048135B01,1,1,1
201800048135,2018-03-20,2018,mars,mardi,13:45,69,69383,45.75394,4.84742,2,1,3,1,8,4,1,04,1,1,000,000,1,0,5,3,2,19,0,1,2,00,2,1,1,201800048135A01,1,19,1
201800048150,2018-03-24,2018,mars,samedi,16:54,69,69383,45.75898,4.84918,2,2,3,1,1,4,1,01,1,1,000,070,1,0,1,4,1,23,5,1,9,00,2,1,19,201800048150A01,7,1,1
201800048153,2018-03-27,2018,mars,mardi,10:50,69,69383,45.75404,4.86233,2,1,6,1,1,4,2,03,1,1,000,000,1,0,1,1,1,25,1,1,2,00,1,1,8,201800048153A01,,,
201800048156,2018-03-29,2018,mars,jeudi,90:0,69,69387,45.7496,4.8524,2,1,6,1,1,4,1,02,1,3,000,000,1,0,1,4,2,29,0,1,2,01,0,1,17,201800048156B01,7,24,1
201800048748,2018-12-12,2018,décembre,mercredi,85:0,69,69387,45.729,4.85,2,1,6,1,1,4,2,02,2,3,,,1,0,3,4,1,48,1,1,2,00,1,1,0,201800048748A01,,,
201800048750,2018-12-13,2018,décembre,jeudi,13:55,69,69386,45.76491,4.84319,2,1,3,1,1,4,1,02,1,1,,,1,0,3,3,1,18,5,1,9,00,2,1,1,201800048750B01,7,20,1
201800048773,2018-12-21,2018,décembre,vendredi,12:20,69,69383,45.7535,4.8514,2,1,2,1,2,7,1,01,1,1,,,2,2,3,4,2,19,0,1,2,00,2,1,0,201800048773B01,7,20,1
201800049501,2018-12-02,2018,décembre,dimanche,13:0,69,69029,45.74573,4.90653,1,1,2,5,2,3,1,04,1,1,,,2,0,3,2,1,50,5,1,3,00,2,4,1,201800049501B01,7,1,1
201800050213,2018-01-20,2018,janvier,samedi,13:00,75,75101,48.8601,2.33333,2,2,6,1,2,4,2,04,1,1,000,205,2,2,1,4,1,29,5,1,2,00,2,3,7,201800050213B01,7,16,1
201800050217,2018-01-30,2018,janvier,mardi,18:35,75,75101,48.8653,2.34307,2,2,3,5,1,4,-1,04,1,1,000,000,1,0,1,3,2,51,1,1,2,00,2,4,1,201800050217B01,33,1,1
201800050225,2018-02-19,2018,février,lundi,16:20,75,75101,48.8653,2.32728,2,3,6,1,8,4,-1,00,-1,-1,000,000,-1,0,0,4,2,26,4,1,2,00,1,1,1,201800050225A01,,,
201800050240,2018-04-06,2018,avril,vendredi,15:40,75,75101,48.8627,2.33525,2,2,3,1,1,4,1,04,1,1,000,160,1,0,1,4,2,26,4,1,2,00,2,4,7,201800050240B01,7,16,1
201800050241,2018-04-12,2018,avril,jeudi,12:05,75,75101,48.8623,2.32551,2,1,6,1,1,4,2,05,1,1,010,180,1,0,5,4,1,39,4,1,2,00,1,1,1,201800050241A01,,,
201800050252,2018-04-30,2018,avril,lundi,85:3,75,75101,48.8602,2.34826,2,2,3,1,2,4,2,00,1,1,000,160,2,6,0,4,2,46,9,1,2,00,2,1,1,201800050252B01,10,1,1
201800050255,2018-05-04,2018,mai,vendredi,19:50,75,75101,48.8599,2.34395,2,2,3,1,1,4,1,03,1,1,000,130,1,0,1,4,1,35,0,1,2,00,2,3,15,201800050255A01,34,1,1
201800050257,2018-05-09,2018,mai,mercredi,17:15,75,75104,48.8508,2.3614,2,2,3,2,1,4,1,03,1,3,000,000,1,2,1,4,1,31,9,1,2,00,2,8,1,201800050257A01,38,16,1
201800050258,2018-05-12,2018,mai,samedi,14:00,75,75101,48.8604,2.34232,2,5,3,1,1,4,1,03,1,-1,000,120,1,0,1,4,1,28,0,1,2,00,2,1,7,201800050258B01,2,16,1
201800050259,2018-05-12,2018,mai,samedi,16:00,75,75101,48.8587,2.34139,2,1,7,1,2,4,1,04,1,1,000,000,2,0,5,4,1,28,4,1,2,00,0,1,7,201800050259A01,,,
201800050271,2018-06-03,2018,juin,dimanche,95:5,75,75101,48.8625,2.33607,2,7,6,1,1,4,1,04,1,1,000,143,1,6,1,1,1,54,1,1,2,00,1,1,7,201800050271A01,,,
201800050274,2018-06-12,2018,juin,mardi,19:00,75,75109,48.8776,2.33832,2,1,6,1,1,4,1,01,2,1,000,040,1,0,1,4,1,22,4,1,2,00,1,2,5,201800050274A01,,,
201800050278,2018-06-17,2018,juin,dimanche,20:35,75,75101,48.8674,2.32619,2,2,3,1,1,4,1,01,1,1,060,060,1,0,1,4,1,16,9,1,2,00,2,1,15,201800050278A01,7,1,1
201800050285,2018-06-29,2018,juin,vendredi,21:00,75,75101,48.8601,2.34337,2,2,3,1,1,4,1,00,1,1,000,000,1,0,1,4,2,26,1,1,2,00,2,4,23,201800050285B01,7,2,1
201800050286,2018-07-02,2018,juillet,lundi,11:30,75,75101,48.8654,2.32697,2,1,2,1,1,4,1,03,1,1,000,160,2,0,1,4,2,42,4,1,2,01,2,3,1,201800050286B01,7,22,1
201800050289,2018-07-06,2018,juillet,vendredi,18:05,75,75101,48.8651,2.32799,2,1,6,1,1,4,1,01,1,1,000,000,1,0,5,3,1,30,5,1,3,00,1,2,1,201800050289A01,,,
201800050291,2018-07-10,2018,juillet,mardi,95:3,75,75101,48.864,2.33134,2,3,2,1,1,4,1,04,1,1,005,011,1,0,5,3,2,59,1,1,2,14,2,2,1,201800050291B01,7,22,1
201800050337,2018-11-17,2018,novembre,samedi,12:00,75,75101,48.85854,2.34825,2,2,3,1,1,4,-1,00,1,1,,,1,0,1,4,1,60,5,1,2,00,2,8,1,201800050337A01,33,1,1
201800050355,2018-02-01,2018,février,jeudi,15:30,75,75102,48.8687,2.34133,2,7,3,1,8,4,1,03,1,1,000,150,2,0,1,4,1,32,4,1,2,00,2,1,7,201800050355B01,7,16,1
201800050359,2018-02-12,2018,février,lundi,92:0,75,75101,48.8647,2.34275,2,1,3,1,1,4,2,03,3,1,000,100,1,0,1,4,2,30,1,1,2,00,2,3,19,201800050359B01,31,17,1