Num_Acc,date,an,mois,jour,hrmn,dep,com,lat,long,agg,int,col,lum,atm,catr,circ,nbv,prof,plan,lartpc,larrout,surf,infra,situ,grav,sexe,age,trajet,secuexist,equipement,obs,obsm,choc,manv,vehiculeid,typevehicules,manoeuvehicules,numVehicules
201800050370,2018-05-28,2018,mai,lundi,19:20,75,75102,48.8682,2.34361,2,2,3,2,3,4,-1,00,-1,-1,000,000,-1,0,0,4,1,41,1,1,2,00,2,1,1,201800050370B01,7,22,1
201800050372,2018-06-14,2018,juin,jeudi,19:50,75,75102,48.8662,2.35251,2,2,3,1,1,4,1,04,1,1,000,120,1,0,1,4,1,34,0,1,2,00,2,7,1,201800050372B01,7,7,1
201800050373,2018-06-16,2018,juin,samedi,13:50,75,75103,48.8631,2.35876,2,1,3,1,1,4,1,01,1,1,000,050,1,0,1,4,1,22,0,1,2,01,2,5,18,201800050373B01,7,22,1
201800050375,2018-06-19,2018,juin,mardi,12:55,75,75102,48.8689,2.33667,2,2,6,1,1,4,1,01,1,1,000,050,1,0,5,1,1,19,4,1,2,00,1,1,1,201800050375A01,,,
201800050426,2018-02-16,2018,février,vendredi,14:20,75,75103,48.8632,2.35164,2,2,3,1,1,4,2,02,1,1,000,120,1,0,1,4,1,28,5,1,2,00,2,3,1,201800050426B01,7,22,1
201800050429,2018-03-07,2018,mars,mercredi,70:0,75,75103,48.8634,2.35094,2,2,3,5,2,4,1,04,1,1,000,160,2,0,1,4,1,28,1,1,2,00,2,1,7,201800050429B01,10,16,1
201800050430,2018-03-07,2018,mars,mercredi,83:5,75,75103,48.8634,2.35094,2,2,3,1,2,4,1,04,1,1,000,160,2,0,1,4,1,19,1,1,2,00,2,1,7,201800050430B01,10,16,1
201800050436,2018-03-29,2018,mars,jeudi,64:0,75,75103,48.8662,2.35251,2,2,3,5,1,4,1,03,1,1,000,080,1,0,1,4,1,82,5,1,2,00,2,2,1,201800050436A01,7,7,1
201800050439,2018-04-05,2018,avril,jeudi,20:40,75,75103,48.868,2.36223,2,7,3,5,1,4,2,04,1,1,000,000,1,0,0,4,1,52,1,1,2,00,2,4,17,201800050439B01,7,15,1
201800050440,2018-04-06,2018,avril,vendredi,22:00,75,75103,48.8581,2.36446,2,3,3,5,1,4,2,02,1,1,000,060,1,0,1,3,2,37,5,1,2,00,2,3,18,201800050440B01,7,22,1
201800050442,2018-04-16,2018,avril,lundi,19:40,75,75103,48.8647,2.35967,2,2,7,1,1,4,1,03,1,1,000,134,1,0,1,4,1,25,0,1,2,00,0,0,1,201800050442A01,,,
201800050451,2018-05-03,2018,mai,jeudi,84:5,75,75103,48.859,2.35922,2,1,2,1,1,4,1,01,1,1,000,034,1,0,1,4,1,60,1,1,2,00,2,8,18,201800050451B01,10,22,1
201800050452,2018-05-09,2018,mai,mercredi,15:50,75,75103,48.868,2.36223,2,7,3,1,1,4,1,02,1,3,020,060,1,0,1,4,1,56,4,1,2,00,2,8,1,201800050452B01,32,15,1
201800050453,2018-05-09,2018,mai,mercredi,20:15,75,75104,48.8529,2.35896,2,3,3,2,1,4,2,02,1,1,000,114,1,5,1,4,1,29,1,1,2,00,2,8,19,201800050453A01,7,15,1
201800050454,2018-05-14,2018,mai,lundi,12:40,75,75103,48.8634,2.36151,2,2,3,1,8,4,1,01,1,1,000,100,2,0,1,4,2,39,5,1,2,00,2,1,1,201800050454B01,7,15,1
201800050459,2018-06-04,2018,juin,lundi,21:40,75,75103,48.8612,2.35819,2,2,3,5,1,4,1,01,1,1,000,089,1,5,1,1,1,42,4,1,2,00,2,0,1,201800050459A01,2,1,1
201800050466,2018-07-03,2018,juillet,mardi,12:50,75,75103,48.8664,2.36039,2,3,2,1,1,4,1,02,1,1,000,073,1,5,1,4,1,72,5,1,2,00,2,8,1,201800050466B01,1,16,1
201800050466,2018-07-03,2018,juillet,mardi,12:50,75,75103,48.8664,2.36039,2,3,2,1,1,4,1,02,1,1,000,073,1,5,1,1,1,42,5,1,2,00,2,7,16,201800050466A01,1,1,1
201800050525,2018-02-02,2018,février,vendredi,95:5,75,75104,48.8575,2.35141,2,2,3,1,1,4,1,03,-1,-1,000,120,1,0,1,4,2,43,1,1,2,00,2,7,1,201800050525B01,33,1,1
201800050532,2018-03-06,2018,mars,mardi,19:08,75,75104,48.8544,2.35494,2,2,6,5,2,4,2,04,1,1,000,120,2,0,1,1,1,26,1,1,2,00,1,1,1,201800050532A01,,,
201800050535,2018-03-23,2018,mars,vendredi,10:45,75,75103,48.8681,2.36131,2,1,6,1,1,4,2,04,2,1,000,150,1,0,1,1,1,29,5,1,2,00,1,1,1,201800050535A01,,,
201800050558,2018-06-01,2018,juin,vendredi,17:50,75,75102,48.8673,2.34774,2,1,2,1,1,4,1,03,1,-1,000,000,1,0,1,4,2,26,1,1,2,01,2,1,7,201800050558A01,7,23,1
201800050561,2018-06-05,2018,juin,mardi,18:25,75,75104,48.8585,2.3482,2,2,6,1,8,4,1,02,1,1,000,140,1,0,5,4,1,51,0,1,2,00,1,7,1,201800050561A01,,,
201800050569,2018-06-20,2018,juin,mercredi,85:0,75,75102,48.8697,2.35262,2,3,6,1,1,4,-1,00,1,-1,010,100,1,0,1,4,2,28,1,1,2,00,2,4,2,201800050569A01,34,1,1
201800050571,2018-06-29,2018,juin,vendredi,84:5,75,75104,48.8568,2.35104,2,3,6,1,1,4,1,02,1,2,000,160,1,0,0,4,1,56,1,1,2,01,1,1,15,201800050571A01,,,
201800050577,2018-07-04,2018,juillet,mercredi,65:0,75,75104,48.859,2.35021,2,3,3,1,1,4,-1,00,1,-1,000,060,1,6,1,4,1,42,1,1,2,00,2,1,1,201800050577B01,7,5,1
201800050655,2018-01-30,2018,janvier,mardi,13:10,75,75105,48.8398,2.34587,2,1,6,1,2,4,2,02,-1,-1,000,080,2,0,1,1,1,34,1,1,9,00,1,4,1,201800050655A01,,,
201800050661,2018-02-23,2018,février,vendredi,14:40,75,75105,48.8398,2.35131,2,4,2,1,1,4,2,02,1,1,000,060,1,0,1,4,1,30,1,1,2,00,2,1,2,201800050661A01,7,2,1
201800050666,2018-03-08,2018,mars,jeudi,15:00,75,75105,48.8488,2.34172,2,7,6,1,2,4,1,04,2,-1,000,000,2,0,1,1,1,33,0,1,2,00,1,1,7,201800050666A01,,,
201800050684,2018-05-03,2018,mai,jeudi,19:15,75,75105,48.8412,2.35596,2,2,6,1,1,4,2,02,1,1,000,062,1,0,1,4,2,52,5,1,2,00,1,1,5,201800050684A01,,,
201800050695,2018-06-05,2018,juin,mardi,14:05,75,75105,48.8476,2.34094,2,1,3,1,1,4,2,04,2,1,000,074,1,6,1,4,1,39,9,1,2,00,2,4,19,201800050695A01,7,7,1
201800050697,2018-06-10,2018,juin,dimanche,14:46,75,75105,48.8508,2.34548,2,2,6,1,1,4,1,03,1,1,000,300,1,0,1,1,1,53,1,1,2,00,1,1,7,201800050697A01,,,
201800050701,2018-06-19,2018,juin,mardi,19:05,75,75105,48.8481,2.3504,2,2,3,1,1,4,2,02,2,1,000,090,1,0,1,4,1,65,5,1,2,00,2,3,19,201800050701B01,37,1,1
201800050702,2018-06-21,2018,juin,jeudi,85:1,75,75105,48.8511,2.35127,2,2,3,1,1,4,1,01,1,1,000,000,1,0,1,4,2,60,1,1,2,00,2,8,1,201800050702A01,7,16,1
201800050706,2018-07-05,2018,juillet,jeudi,30:0,75,75105,48.8527,2.34762,2,3,2,5,1,4,1,02,1,1,000,143,1,0,1,4,1,22,5,1,2,00,2,1,1,201800050706B01,7,4,1
201800050708,2018-07-09,2018,juillet,lundi,13:27,75,75105,48.8514,2.34314,2,2,6,1,1,4,2,04,2,1,000,120,1,0,0,1,1,23,4,1,2,00,1,1,7,201800050708A01,,,
201800050756,2018-01-17,2018,janvier,mercredi,21:30,75,75106,48.8443,2.33299,2,4,2,5,1,4,2,02,2,1,000,080,1,0,1,4,1,51,5,1,2,00,2,1,1,201800050756B01,7,23,1
201800050758,2018-01-24,2018,janvier,mercredi,17:12,75,75106,48.8521,2.32976,2,5,3,1,1,4,2,04,1,1,000,130,1,0,1,4,2,33,1,1,2,00,2,1,1,201800050758B01,7,15,1
201800050768,2018-03-16,2018,mars,vendredi,20:00,75,75106,48.8487,2.33263,2,2,6,2,8,4,2,02,1,1,000,070,2,0,1,1,1,33,9,1,2,00,1,1,1,201800050768A01,,,
201800050772,2018-04-09,2018,avril,lundi,84:5,75,75106,48.842,2.3296,2,2,2,1,1,4,-1,00,-1,-1,000,000,-1,0,0,4,2,58,4,1,2,00,2,4,7,201800050772B01,37,7,1
201800050774,2018-04-12,2018,avril,jeudi,93:0,75,75106,48.8452,2.32855,2,2,3,1,1,4,2,02,2,1,080,140,1,0,1,4,1,38,1,1,2,00,2,1,11,201800050774A01,34,1,1
201800050775,2018-04-14,2018,avril,samedi,17:20,75,75106,48.8507,2.33027,2,1,2,1,1,4,2,04,1,1,000,160,1,0,1,4,1,18,5,1,2,00,2,7,1,201800050775B01,7,22,1
201800050776,2018-04-19,2018,avril,jeudi,93:0,75,75106,48.8438,2.33751,2,1,3,1,1,4,1,01,1,1,000,100,1,0,1,4,2,69,9,1,2,00,2,9,1,201800050776B01,7,22,1
201800050778,2018-05-08,2018,mai,mardi,15:30,75,75106,48.8476,2.32746,2,1,2,1,1,4,2,00,1,1,020,100,1,0,1,4,1,57,5,1,2,01,2,8,1,201800050778B01,7,22,1
201800050781,2018-05-24,2018,mai,jeudi,17:52,75,75106,48.8577,2.33536,2,3,3,1,1,4,1,04,1,1,000,000,1,0,1,4,1,38,0,1,2,00,2,1,5,201800050781A01,7,15,1
201800050821,2018-01-12,2018,janvier,vendredi,16:00,75,75107,48.856,2.32588,2,5,3,2,8,4,2,04,1,1,000,000,1,0,1,4,1,23,4,1,2,00,2,1,15,201800050821A01,30,1,1
201800050830,2018-02-03,2018,février,samedi,14:40,75,75107,48.8584,2.31365,2,7,3,1,3,4,2,02,1,1,000,000,2,0,1,4,2,47,5,1,2,00,2,7,19,201800050830B01,7,1,1
201800050845,2018-03-17,2018,mars,samedi,12:05,75,75107,48.8572,2.29927,2,1,3,1,2,4,1,01,1,-1,000,000,2,0,5,4,1,35,0,1,2,00,2,5,19,201800050845B01,7,1,1
201800050851,2018-03-29,2018,mars,jeudi,70:0,75,75107,48.8563,2.32545,2,4,3,2,1,4,1,03,1,1,000,000,1,0,1,4,1,26,1,1,2,00,2,3,7,201800050851A01,7,16,1
201800050861,2018-04-06,2018,avril,vendredi,19:05,75,75107,48.863,2.30966,2,1,1,1,1,4,2,00,1,1,000,000,1,6,1,4,1,64,5,1,2,00,2,1,1,201800050861B01,1,13,1
201800050861,2018-04-06,2018,avril,vendredi,19:05,75,75107,48.863,2.30966,2,1,1,1,1,4,2,00,1,1,000,000,1,6,1,1,1,16,5,1,2,00,2,1,13,201800050861A01,1,1,1
201800050868,2018-04-24,2018,avril,mardi,92:2,75,75107,48.854,2.30953,2,2,3,1,7,4,1,02,1,1,000,076,1,0,1,4,1,30,1,1,2,00,2,8,19,201800050868B01,7,1,1
201800050877,2018-05-07,2018,mai,lundi,20:30,75,75107,48.8554,2.31803,2,3,3,2,1,4,1,01,1,1,010,010,1,0,1,3,2,51,0,1,2,00,2,4,1,201800050877B01,7,15,1
201800050885,2018-06-12,2018,juin,mardi,14:15,75,75107,48.8548,2.32918,2,2,3,1,1,4,1,02,1,1,000,000,1,0,1,4,2,75,5,1,2,00,2,7,19,201800050885B01,7,1,1
201800050892,2018-06-22,2018,juin,vendredi,91:0,75,75107,48.8595,2.30628,2,3,3,1,1,4,1,01,1,1,000,000,1,0,1,4,1,47,1,1,2,00,2,2,1,201800050892B01,14,22,1
201800050893,2018-06-22,2018,juin,vendredi,11:15,75,75107,48.8575,2.29103,2,3,3,1,1,4,3,03,3,1,000,000,1,0,1,4,1,62,5,1,2,00,2,3,1,201800050893B01,10,18,1
201800050894,2018-06-25,2018,juin,lundi,16:05,75,75107,48.8628,2.31163,2,3,3,1,1,4,3,02,1,1,000,000,1,0,1,4,1,34,0,1,2,00,2,6,15,201800050894B01,32,17,1
201800050901,2018-07-05,2018,juillet,jeudi,22:05,75,75106,48.8544,2.34068,2,3,3,5,1,4,1,01,1,1,000,000,1,0,0,4,1,27,0,1,2,00,2,1,1,201800050901B01,7,15,1
201800050971,2018-01-08,2018,janvier,lundi,93:5,75,75108,48.8664,2.32347,2,1,3,1,1,4,1,04,1,2,000,150,1,0,1,4,2,34,1,1,2,00,2,3,13,201800050971A01,7,1,1
201800051017,2018-03-16,2018,mars,vendredi,90:0,75,75108,48.8738,2.3177,2,1,3,1,1,4,1,01,1,1,000,100,1,0,1,4,1,33,1,1,2,00,2,1,18,201800051017B01,7,22,1
201800051056,2018-04-25,2018,avril,mercredi,13:30,75,75108,48.8684,2.32324,2,2,2,1,1,4,1,02,1,1,000,000,2,0,1,4,1,24,1,1,2,00,2,1,1,201800051056A01,7,23,1
201800051063,2018-05-08,2018,mai,mardi,11:30,75,75108,48.8777,2.29857,2,1,2,1,1,4,2,04,2,1,000,120,1,0,1,4,1,59,0,1,2,01,2,1,1,201800051063A01,7,23,1
201800051069,2018-05-11,2018,mai,vendredi,14:00,75,75108,48.8767,2.29716,2,3,3,1,1,4,2,05,2,1,000,180,1,0,1,1,1,27,5,1,2,00,2,8,1,201800051069B01,2,15,1
201800051073,2018-05-16,2018,mai,mercredi,10:25,75,75108,48.8692,2.30107,2,1,3,1,8,4,2,02,1,1,000,100,1,0,1,4,2,59,1,1,2,00,2,1,18,201800051073A01,7,20,1
201800051082,2018-05-28,2018,mai,lundi,19:30,75,75108,48.8644,2.30185,2,7,3,2,3,4,1,03,1,1,000,150,2,0,1,4,2,41,1,1,2,00,2,2,12,201800051082A01,7,1,1
201800051087,2018-05-31,2018,mai,jeudi,18:30,75,75108,48.872,2.30045,2,3,3,1,1,4,2,00,2,1,020,200,1,0,1,4,1,47,1,1,2,00,2,4,1,201800051087B01,38,12,1
201800051093,2018-06-05,2018,juin,mardi,20:20,75,75108,48.8775,2.30971,2,7,2,1,1,4,2,02,1,1,000,000,1,0,1,4,2,54,5,1,2,00,2,8,1,201800051093B01,33,14,1
201800051096,2018-06-08,2018,juin,vendredi,11:01,75,75108,48.8722,2.30905,2,3,3,1,1,4,1,02,1,1,010,050,1,0,1,4,1,37,4,1,2,00,2,1,1,201800051096B01,7,22,1
201800051132,2018-07-02,2018,juillet,lundi,13:55,75,75108,48.8666,2.3219,2,7,3,1,1,4,2,03,1,-1,000,000,1,0,1,4,2,50,0,1,2,00,2,8,1,201800051132B01,7,16,1
201800051135,2018-07-04,2018,juillet,mercredi,92:5,75,75108,48.8729,2.31595,2,2,2,1,1,4,1,01,2,1,000,000,1,0,1,4,1,39,1,1,2,00,2,1,1,201800051135A01,10,23,1
201800051141,2018-07-09,2018,juillet,lundi,17:10,75,75108,48.8673,2.31523,2,1,2,1,1,4,2,08,1,1,000,270,1,0,1,4,1,28,4,1,2,00,2,4,2,201800051141B01,34,2,1
201800051141,2018-07-09,2018,juillet,lundi,17:10,75,75108,48.8673,2.31523,2,1,2,1,1,4,2,08,1,1,000,270,1,0,1,4,1,53,5,1,2,00,2,4,2,201800051141B01,34,2,1
201800051141,2018-07-09,2018,juillet,lundi,17:10,75,75108,48.8673,2.31523,2,1,2,1,1,4,2,08,1,1,000,270,1,0,1,4,2,16,5,1,2,00,2,4,2,201800051141B01,34,2,1
201800051141,2018-07-09,2018,juillet,lundi,17:10,75,75108,48.8673,2.31523,2,1,2,1,1,4,2,08,1,1,000,270,1,0,1,4,1,12,5,1,2,00,2,4,2,201800051141B01,34,2,1
201800051236,2018-10-18,2018,octobre,jeudi,20:45,75,75108,48.87,2.32,2,7,6,5,1,4,2,06,1,1,,,1,0,1,4,1,44,0,1,2,00,1,1,1,201800051236A01,,,
201800051311,2018-02-04,2018,février,dimanche,15:00,75,75109,48.8707,2.33257,2,7,6,1,1,4,1,01,1,1,000,130,1,0,1,1,1,23,4,1,2,12,1,3,15,201800051311A01,,,
201800051327,2018-03-27,2018,mars,mardi,12:05,75,75109,48.8736,2.32832,2,3,3,1,3,4,1,03,1,1,000,000,2,0,1,4,1,25,4,1,2,00,2,1,1,201800051327B01,7,22,1
201800051330,2018-03-28,2018,mars,mercredi,19:45,75,75109,48.8812,2.3425,2,2,6,5,1,4,1,01,1,1,000,000,1,0,1,4,1,30,9,1,2,00,2,4,2,201800051330A01,7,2,1
201800051333,2018-04-06,2018,avril,vendredi,14:50,75,75109,48.8753,2.34171,2,2,6,1,1,4,1,03,1,1,000,090,1,0,1,1,1,24,0,1,2,00,1,1,1,201800051333A01,,,
201800051355,2018-06-07,2018,juin,jeudi,17:40,75,75109,48.8741,2.33724,2,4,6,1,1,4,1,01,1,1,000,000,1,0,1,4,2,43,1,1,2,00,2,4,1,201800051355A01,2,1,1
201800051363,2018-06-19,2018,juin,mardi,14:20,75,75109,48.8769,2.34767,2,1,6,1,1,4,1,01,1,1,000,000,1,0,5,4,1,30,1,1,2,00,1,1,1,201800051363A01,,,
201800051366,2018-07-03,2018,juillet,mardi,80:0,75,75109,48.8783,2.32692,2,1,3,1,7,4,1,02,2,1,000,060,1,0,1,4,1,44,0,1,2,12,2,3,7,201800051366B01,10,12,1
201800051431,2018-01-12,2018,janvier,vendredi,18:05,75,75110,48.8751,2.37077,2,1,6,5,8,4,1,01,2,1,000,000,1,0,0,4,2,22,1,1,2,00,2,4,1,201800051431A01,30,13,1
201800051444,2018-02-14,2018,février,mercredi,19:15,75,75110,48.8705,2.35303,2,1,6,5,2,4,1,01,1,-1,000,000,1,0,5,1,1,31,5,1,2,00,1,0,1,201800051444A01,,,
201800051447,2018-02-16,2018,février,vendredi,19:00,75,75110,48.8737,2.35826,2,2,3,5,1,4,1,02,1,1,000,000,1,0,1,4,2,47,5,1,2,00,2,1,1,201800051447B01,7,16,1
201800051461,2018-03-16,2018,mars,vendredi,90:7,75,75110,48.8793,2.35334,2,4,3,1,1,4,3,04,1,1,025,070,1,0,5,4,2,38,1,1,2,00,2,3,1,201800051461A01,33,16,1
201800051474,2018-04-11,2018,avril,mercredi,10:55,75,75110,48.8726,2.35769,2,3,3,1,1,4,1,03,1,1,000,000,1,0,1,4,2,25,0,1,2,00,2,1,1,201800051474B01,10,22,1
201800051482,2018-05-04,2018,mai,vendredi,91:5,75,75110,48.8806,2.36196,2,2,3,1,1,4,3,02,1,1,000,000,1,5,1,4,1,53,1,1,2,00,2,1,1,201800051482B01,7,1,1
201800051490,2018-05-16,2018,mai,mercredi,13:45,75,75110,48.8714,2.37229,2,3,6,1,1,4,1,01,1,1,000,025,1,0,5,4,2,28,5,1,2,00,2,7,1,201800051490A01,2,15,1
201800051497,2018-05-25,2018,mai,vendredi,10:34,75,75110,48.8702,2.35032,2,1,2,1,1,4,2,05,1,1,000,000,1,0,1,4,1,36,1,1,2,00,2,4,23,201800051497B01,7,1,1
201800051502,2018-05-30,2018,mai,mercredi,91:5,75,75110,48.8737,2.35826,2,2,3,1,1,4,2,03,1,1,000,090,1,0,1,4,2,27,1,1,2,00,2,8,15,201800051502B01,2,1,1
201800051508,2018-06-13,2018,juin,mercredi,18:08,75,75110,48.8749,2.35731,2,5,3,1,8,4,1,05,1,1,000,000,1,5,1,4,2,51,0,1,2,00,2,8,11,201800051508B01,7,1,1
201800051509,2018-06-13,2018,juin,mercredi,20:15,75,75110,48.8749,2.35731,2,5,6,1,1,4,1,03,2,1,000,105,1,0,1,3,1,41,5,1,2,00,2,4,15,201800051509B01,34,1,1
201800051516,2018-06-21,2018,juin,jeudi,20:0,75,75110,48.8715,2.36032,2,2,3,5,1,4,1,00,1,1,000,000,1,0,1,4,1,45,5,1,2,00,2,1,1,201800051516A01,2,1,1
201800051517,2018-06-21,2018,juin,jeudi,93:0,75,75110,48.8724,2.36408,2,1,3,1,1,4,2,03,1,1,000,000,1,0,5,4,2,28,0,1,2,00,2,0,21,201800051517B01,7,22,1
201800051518,2018-06-21,2018,juin,jeudi,14:20,75,75110,48.8725,2.3479,2,1,6,1,1,4,1,01,1,1,000,050,1,0,1,4,1,28,0,1,2,00,2,1,5,201800051518A01,32,1,1
201800051523,2018-06-26,2018,juin,mardi,84:5,75,75110,48.8755,2.3585,2,1,2,1,1,4,1,01,1,1,000,040,1,0,1,4,1,41,1,1,2,01,2,2,1,201800051523B01,10,22,1
201800051528,2018-07-04,2018,juillet,mercredi,16:50,75,75110,48.8703,2.3499,2,1,2,1,1,4,2,03,1,1,000,080,1,0,1,4,1,27,9,1,2,00,2,1,1,201800051528A01,7,23,1
201800051529,2018-07-11,2018,juillet,mercredi,18:20,75,75110,48.8694,2.36217,2,1,2,1,1,4,1,02,1,1,000,000,1,0,1,1,1,21,4,1,2,00,2,4,7,201800051529B01,33,7,1
201800051530,2018-07-11,2018,juillet,mercredi,20:15,75,75110,48.8737,2.35826,2,2,3,1,1,4,2,04,1,1,000,000,1,0,5,1,1,49,9,1,2,00,2,7,1,201800051530A01,1,7,1
201800051530,2018-07-11,2018,juillet,mercredi,20:15,75,75110,48.8737,2.35826,2,2,3,1,1,4,2,04,1,1,000,000,1,0,5,4,1,40,1,1,2,00,2,1,7,201800051530B01,1,1,1
201800051633,2018-01-05,2018,janvier,vendredi,93:5,75,75111,48.8503,2.39259,2,2,3,1,8,4,1,01,1,1,000,040,2,0,1,4,2,38,1,1,2,00,2,1,1,201800051633B01,7,22,1
201800051636,2018-01-11,2018,janvier,jeudi,15:00,75,75111,48.8613,2.38178,2,1,3,1,1,4,1,01,2,-1,000,050,1,0,1,3,1,80,5,1,2,00,2,0,1,201800051636B01,7,22,1
201800051687,2018-03-30,2018,mars,vendredi,23:45,75,75111,48.8547,2.38535,2,2,3,5,1,4,2,00,1,-1,000,000,1,5,1,4,1,54,0,1,2,00,2,3,1,201800051687A01,2,1,1
201800051690,2018-04-03,2018,avril,mardi,22:10,75,75111,48.8593,2.38685,2,2,3,5,1,4,1,01,1,1,000,000,1,0,1,4,2,29,0,1,2,00,2,7,1,201800051690B01,7,15,1
201800051692,2018-04-05,2018,avril,jeudi,95:0,75,75111,48.8688,2.37629,2,2,3,1,2,4,1,01,1,1,000,090,2,0,1,4,2,29,1,1,2,00,2,7,1,201800051692A01,10,1,1
201800051694,2018-04-07,2018,avril,samedi,19:55,75,75111,48.8623,2.38515,2,2,6,2,1,4,1,00,2,1,000,000,1,0,1,1,1,19,1,1,2,00,1,1,1,201800051694A01,,,
201800051696,2018-04-10,2018,avril,mardi,20:25,75,75111,48.861,2.37475,2,3,6,5,1,4,1,01,1,1,000,050,2,0,1,4,1,50,5,1,2,14,2,7,14,201800051696A01,7,1,1
201800051697,2018-04-12,2018,avril,jeudi,94:0,75,75111,48.8617,2.37442,2,3,6,1,8,4,1,01,1,1,000,000,1,0,1,1,2,61,1,1,2,00,1,2,1,201800051697A01,,,
201800051699,2018-04-13,2018,avril,vendredi,12:15,75,75111,48.8667,2.36518,2,7,6,1,1,4,2,02,1,1,000,000,1,0,1,1,1,25,1,1,2,00,1,3,1,201800051699A01,,,
201800051701,2018-04-16,2018,avril,lundi,19:45,75,75111,48.8657,2.37246,2,4,3,2,1,4,2,01,2,1,000,000,1,0,1,3,1,70,0,1,2,00,2,3,1,201800051701B01,7,17,1
201800051707,2018-04-22,2018,avril,dimanche,20:15,75,75111,48.8507,2.39447,2,2,3,2,1,4,1,01,2,1,000,050,1,0,5,4,1,29,5,1,2,00,2,1,1,201800051707A01,7,1,1
201800051710,2018-04-24,2018,avril,mardi,20:10,75,75111,48.8662,2.3797,2,1,7,1,1,4,1,01,1,-1,000,000,1,0,1,4,1,25,5,1,2,00,0,0,1,201800051710A01,,,
201800051712,2018-04-27,2018,avril,vendredi,17:30,75,75111,48.8653,2.38453,2,3,3,1,1,4,1,00,1,1,000,050,1,0,1,1,1,29,0,1,2,00,2,1,1,201800051712B01,34,16,1
201800051718,2018-05-07,2018,mai,lundi,18:30,75,75111,48.8505,2.3833,2,1,2,1,1,4,1,01,1,1,000,035,-1,0,1,3,1,38,5,1,2,00,2,1,1,201800051718A01,7,20,1
201800051722,2018-05-11,2018,mai,vendredi,17:00,75,75111,48.8577,2.38038,2,7,3,1,1,4,-1,02,1,1,000,000,1,0,1,3,1,57,0,1,2,00,2,2,1,201800051722B01,7,14,1
201800051728,2018-05-20,2018,mai,dimanche,19:05,75,75111,48.8665,2.36813,2,4,3,1,1,4,1,01,1,1,000,060,1,0,1,4,2,53,9,1,2,00,2,3,1,201800051728B01,13,15,1
201800051729,2018-05-23,2018,mai,mercredi,85:5,75,75111,48.8638,2.37563,2,1,3,1,1,4,2,02,1,1,000,140,1,0,1,4,2,52,1,1,2,00,2,1,1,201800051729B01,32,9,1
201800051730,2018-05-24,2018,mai,jeudi,10:19,75,75111,48.8607,2.36729,2,4,2,1,1,4,1,01,1,1,000,055,1,0,1,4,1,32,1,1,2,00,2,4,2,201800051730B01,14,23,1
201800051732,2018-05-25,2018,mai,vendredi,15:05,75,75111,48.851,2.37714,2,3,3,1,1,4,2,03,1,1,050,100,1,0,1,4,2,34,5,1,2,00,2,4,11,201800051732B01,34,1,1
201800051737,2018-05-30,2018,mai,mercredi,11:22,75,75111,48.858,2.38147,2,2,3,1,8,4,2,01,2,1,015,120,1,0,1,4,1,25,2,1,2,00,2,1,1,201800051737B01,10,22,1
201800051740,2018-06-04,2018,juin,lundi,18:40,75,75111,48.8551,2.38712,2,2,3,1,1,4,2,02,2,1,000,000,1,5,1,4,1,27,0,1,2,01,2,1,1,201800051740B01,7,1,1
201800051742,2018-06-06,2018,juin,mercredi,20:10,75,75111,48.8594,2.37584,2,2,3,1,2,4,1,01,1,1,000,040,2,0,1,4,1,25,3,1,2,00,2,3,5,201800051742A01,7,15,1
201800051756,2018-06-19,2018,juin,mardi,14:00,75,75111,48.864,2.38129,2,5,3,1,1,4,1,01,1,1,000,050,1,0,0,4,2,47,9,1,2,00,2,8,1,201800051756B01,10,16,1
201800051758,2018-06-21,2018,juin,jeudi,83:0,75,75111,48.8588,2.3846,2,3,1,1,1,4,2,01,2,1,000,000,1,0,1,4,1,37,1,1,2,00,2,2,17,201800051758B01,7,15,1
201800051764,2018-06-26,2018,juin,mardi,18:05,75,75111,48.8551,2.38712,2,2,3,1,1,4,2,02,2,1,000,070,1,0,1,4,1,53,5,1,2,00,2,7,15,201800051764B01,32,1,1
201800051766,2018-06-28,2018,juin,jeudi,92:5,75,75111,48.8662,2.36963,2,2,3,1,1,4,3,02,1,1,220,135,1,0,1,4,1,72,1,1,2,00,2,1,16,201800051766B01,10,15,1
201800051769,2018-07-01,2018,juillet,dimanche,15:15,75,75111,48.8584,2.3894,2,2,2,1,1,4,2,,1,2,040,120,1,0,1,4,2,68,5,1,2,00,2,3,1,201800051769B01,32,1,1
201800051770,2018-07-02,2018,juillet,lundi,19:00,75,75111,48.8529,2.38851,2,2,3,1,1,4,2,03,1,1,000,150,1,0,1,4,1,21,5,1,2,00,2,8,16,201800051770B01,7,15,1
201800051773,2018-07-05,2018,juillet,jeudi,23:10,75,75111,48.856,2.38625,2,2,6,5,1,4,1,01,2,1,000,000,1,0,1,1,1,27,9,1,2,00,1,2,1,201800051773A01,,,
201800051774,2018-07-06,2018,juillet,vendredi,15:10,75,75111,48.8581,2.37164,2,2,3,1,1,4,2,00,1,1,000,000,1,0,1,4,1,29,1,1,2,00,2,1,1,201800051774B01,7,15,1
201800051779,2018-07-11,2018,juillet,mercredi,22:10,75,75111,48.8655,2.38422,2,1,2,5,1,4,3,01,1,1,000,000,1,0,5,4,2,37,5,1,2,01,2,0,1,201800051779B01,10,22,1