Num_Acc,date,an,mois,jour,hrmn,dep,com,lat,long,agg,int,col,lum,atm,catr,circ,nbv,prof,plan,lartpc,larrout,surf,infra,situ,grav,sexe,age,trajet,secuexist,equipement,obs,obsm,choc,manv,vehiculeid,typevehicules,manoeuvehicules,numVehicules
201800051780,2018-07-12,2018,juillet,jeudi,19:49,75,75111,48.8563,2.3782,2,1,1,1,1,4,1,00,1,1,015,030,1,0,1,4,2,25,1,1,2,00,2,1,5,201800051780B01,30,17,1
201800051781,2018-07-13,2018,juillet,vendredi,18:40,75,75111,48.8595,2.3792,2,1,7,1,1,4,2,02,2,1,000,120,1,0,1,4,1,64,5,1,2,00,0,0,21,201800051781A01,,,
201800051905,2018-01-11,2018,janvier,jeudi,18:35,75,75112,48.8281,2.39224,2,4,3,2,1,4,1,03,1,1,000,100,1,3,1,4,2,35,5,1,2,00,2,4,7,201800051905B01,7,16,1
201800051926,2018-01-29,2018,janvier,lundi,19:35,75,75112,48.8463,2.39443,2,3,3,5,1,4,2,02,1,1,000,060,1,0,1,4,1,13,5,1,2,00,2,8,16,201800051926B01,7,15,1
201800051947,2018-02-18,2018,février,dimanche,19:24,75,75112,48.8265,2.41972,2,4,2,5,1,4,2,02,1,1,000,120,1,0,1,4,1,31,5,1,2,00,2,4,2,201800051947B01,7,2,1
201800051954,2018-03-09,2018,mars,vendredi,94:5,75,75112,48.8434,2.37071,2,2,6,1,2,4,3,03,1,1,000,080,2,0,4,1,1,40,1,1,2,08,1,1,1,201800051954A01,,,
201800051959,2018-03-13,2018,mars,mardi,15:10,75,75112,48.8371,2.39,2,2,2,1,1,4,2,00,1,1,000,000,1,1,1,4,1,29,5,1,2,00,2,5,2,201800051959A01,7,2,1
201800051968,2018-03-23,2018,mars,vendredi,19:30,75,75112,48.8487,2.37253,2,2,3,5,1,4,2,03,1,1,000,000,1,0,1,4,1,19,1,1,2,00,2,2,7,201800051968B01,7,16,1
201800051974,2018-03-27,2018,mars,mardi,23:40,75,75111,48.8665,2.36813,2,4,3,5,1,4,2,02,1,1,000,000,1,0,1,4,1,64,5,1,2,00,2,1,1,201800051974B01,2,15,1
201800051995,2018-04-14,2018,avril,samedi,14:20,75,75112,48.8342,2.40424,2,1,6,1,1,4,2,04,1,1,050,060,1,0,5,1,1,27,5,1,2,00,1,3,1,201800051995A01,,,
201800052000,2018-04-19,2018,avril,jeudi,23:43,75,75112,48.8526,2.36962,2,7,3,5,1,4,1,01,1,2,000,150,1,0,1,4,2,37,0,1,2,00,2,0,1,201800052000B01,7,1,1
201800052025,2018-05-05,2018,mai,samedi,10:10,75,75112,48.8337,2.41554,2,1,7,1,1,4,-1,01,1,1,000,000,1,0,5,4,1,38,5,1,2,00,0,0,1,201800052025A01,,,
201800052040,2018-05-27,2018,mai,dimanche,14:0,75,75112,48.8478,2.39057,2,3,3,5,1,4,-1,02,1,1,000,080,1,0,1,4,1,28,5,1,2,00,2,8,13,201800052040A01,37,17,1
201800052041,2018-05-28,2018,mai,lundi,82:3,75,75112,48.8357,2.38605,2,7,3,1,1,4,1,02,1,2,000,080,1,0,1,4,1,43,1,1,2,00,2,4,7,201800052041B01,7,9,1
201800052046,2018-05-30,2018,mai,mercredi,20:00,75,75112,48.8455,2.37124,2,2,3,1,1,4,3,02,1,-1,000,000,1,0,1,4,1,22,1,1,2,00,2,1,1,201800052046A01,7,16,1
201800052056,2018-06-06,2018,juin,mercredi,14:45,75,75112,48.8206,2.44532,2,3,3,1,1,4,2,02,1,1,000,000,1,0,1,4,1,70,5,1,2,00,2,2,5,201800052056B01,7,1,1
201800052063,2018-06-15,2018,juin,vendredi,10:00,75,75112,48.8379,2.40386,2,1,3,1,1,4,2,02,1,1,000,060,1,0,1,4,1,52,5,1,2,01,2,2,1,201800052063B01,7,22,1
201800052065,2018-06-14,2018,juin,jeudi,83:0,75,75112,48.8443,2.41032,2,2,7,1,1,4,1,02,1,1,000,080,1,0,1,4,1,55,1,1,2,00,0,0,1,201800052065A01,,,
201800052069,2018-06-18,2018,juin,lundi,22:30,75,75112,48.8374,2.39117,2,2,3,5,7,4,2,01,2,1,000,000,1,0,1,4,1,27,0,1,2,12,2,1,1,201800052069A01,7,15,1
201800052070,2018-06-14,2018,juin,jeudi,12:05,75,75112,48.8433,2.38372,2,2,3,1,1,4,2,03,1,1,000,100,1,0,5,1,1,43,1,1,2,00,2,1,1,201800052070B01,32,15,1
201800052072,2018-06-21,2018,juin,jeudi,18:20,75,75112,48.8387,2.37568,2,2,3,1,1,4,1,03,1,1,000,090,1,2,5,4,2,67,5,1,2,00,2,1,1,201800052072B01,7,16,1
201800052079,2018-06-25,2018,juin,lundi,13:50,75,75112,48.8422,2.37635,2,2,3,1,1,4,2,01,1,1,000,090,1,1,1,4,1,31,4,1,2,00,2,2,17,201800052079B01,7,10,1
201800052092,2018-07-04,2018,juillet,mercredi,16:15,75,75112,48.8443,2.39019,2,3,7,1,1,4,2,02,2,1,100,100,1,5,1,4,1,25,5,1,2,00,0,0,1,201800052092A01,,,
201800052098,2018-07-09,2018,juillet,lundi,18:15,75,75112,48.844,2.37294,2,1,6,1,1,4,-1,02,2,-1,000,000,1,0,1,1,1,28,5,1,2,00,1,1,1,201800052098A01,,,
201800052100,2018-07-11,2018,juillet,mercredi,1:,75,75112,48.8334,2.44575,2,1,2,5,1,4,2,02,1,1,000,000,1,0,1,4,1,41,5,1,2,00,2,8,10,201800052100B01,2,1,1
201800052315,2018-01-18,2018,janvier,jeudi,75:0,75,75113,48.8347,2.36699,2,2,2,2,2,4,1,02,2,1,000,070,2,0,1,3,1,72,0,1,2,00,2,1,1,201800052315B01,10,4,1
201800052320,2018-01-21,2018,janvier,dimanche,20:20,75,75113,48.8181,2.36038,2,2,6,5,3,4,1,01,1,1,000,050,2,0,1,1,1,48,9,1,2,00,1,8,1,201800052320A01,,,
201800052321,2018-01-25,2018,janvier,jeudi,12:09,75,75113,48.8306,2.37679,2,2,6,1,2,4,1,02,1,1,000,000,2,0,1,4,2,50,1,1,2,00,2,6,15,201800052321A01,34,1,1
201800052326,2018-02-01,2018,février,jeudi,94:5,75,75113,48.8387,2.37234,2,3,3,1,1,4,2,03,1,1,000,000,2,0,5,4,1,33,1,1,2,00,2,1,1,201800052326B01,7,22,1
201800052341,2018-02-19,2018,février,lundi,17:55,75,75113,48.8376,2.37364,2,2,3,5,2,4,3,03,2,1,000,150,2,0,1,4,1,25,0,1,2,00,2,1,1,201800052341B01,7,16,1
201800052343,2018-02-23,2018,février,vendredi,92:5,75,75113,48.8347,2.36699,2,3,3,1,1,4,1,02,1,3,000,090,5,0,1,4,1,27,1,1,2,00,2,8,1,201800052343B01,10,16,1
201800052351,2018-03-07,2018,mars,mercredi,15:03,75,75113,48.8189,2.35952,2,2,6,1,2,4,2,06,1,1,000,150,2,0,1,1,1,42,4,1,2,00,1,1,1,201800052351A01,,,
201800052355,2018-03-11,2018,mars,dimanche,14:07,75,75113,48.8389,2.36978,2,3,6,1,1,4,2,02,1,1,000,090,1,0,5,4,1,52,5,1,2,00,2,4,1,201800052355A01,7,1,1
201800052357,2018-03-13,2018,mars,mardi,16:35,75,75113,48.8245,2.35785,2,3,6,1,2,4,2,04,2,1,000,110,1,0,5,1,1,31,5,1,2,00,1,4,1,201800052357A01,,,
201800052368,2018-03-23,2018,mars,vendredi,11:10,75,75113,48.8391,2.36115,2,3,2,1,1,4,2,04,2,1,000,000,2,0,1,4,1,49,4,1,2,00,2,3,1,201800052368A01,7,23,1
201800052372,2018-03-26,2018,mars,lundi,15:22,75,75113,48.8234,2.37505,2,3,3,1,1,4,3,02,2,1,100,100,1,0,5,4,2,23,2,1,2,00,2,1,1,201800052372B01,7,16,1
201800052374,2018-03-27,2018,mars,mardi,82:0,75,75113,48.8384,2.35703,2,2,6,2,3,4,4,04,1,1,000,100,2,0,5,1,1,24,2,1,2,00,1,1,17,201800052374A01,,,
201800052376,2018-04-01,2018,avril,dimanche,15:30,75,75113,48.8203,2.35912,2,1,3,1,1,4,3,04,1,1,000,000,1,0,5,1,1,22,9,1,2,00,2,3,13,201800052376A01,31,1,1
201800052401,2018-04-23,2018,avril,lundi,17:30,75,75113,48.8336,2.34471,2,1,3,1,1,4,2,02,1,1,000,000,1,0,1,4,2,23,2,1,2,00,2,8,1,201800052401B01,7,13,1
201800052402,2018-04-25,2018,avril,mercredi,10:15,75,75113,48.8262,2.35988,2,5,6,1,1,4,1,02,1,1,000,070,2,0,1,4,1,32,5,1,2,00,2,7,19,201800052402C01,7,1/23,2
201800052403,2018-04-25,2018,avril,mercredi,16:47,75,75113,48.8329,2.36261,2,1,6,1,1,4,2,02,1,1,000,060,1,0,1,3,2,24,5,1,2,00,1,3,1,201800052403A01,,,
201800052411,2018-04-30,2018,avril,lundi,18:50,75,75113,48.8232,2.37423,2,1,7,1,2,4,1,02,2,1,094,050,2,0,5,4,2,42,1,1,2,00,0,0,21,201800052411A01,,,
201800052412,2018-05-01,2018,mai,mardi,22:35,75,75113,48.8242,2.37675,2,2,3,4,1,4,-1,00,-1,-1,000,000,-1,0,0,4,1,21,9,1,2,00,2,0,1,201800052412A01,1,1,1
201800052412,2018-05-01,2018,mai,mardi,22:35,75,75113,48.8242,2.37675,2,2,3,4,1,4,-1,00,-1,-1,000,000,-1,0,0,4,1,19,0,1,2,00,2,5,1,201800052412B01,1,1,1
201800052425,2018-05-17,2018,mai,jeudi,12:10,75,75113,48.8322,2.36287,2,1,6,1,1,4,2,02,1,1,000,140,1,0,5,4,1,15,5,1,2,00,2,3,19,201800052425A01,32,1,1
201800052439,2018-06-05,2018,juin,mardi,23:00,75,75113,48.8245,2.35785,2,3,6,5,1,4,3,06,2,1,001,030,1,0,5,4,2,24,0,1,2,00,1,8,1,201800052439A01,,,
201800052451,2018-06-16,2018,juin,samedi,22:30,75,75113,48.8319,2.37906,2,3,3,5,1,4,2,03,1,1,000,000,-1,0,1,4,1,52,5,1,2,00,2,1,5,201800052451A01,7,15,1
201800052458,2018-06-23,2018,juin,samedi,17:30,75,75113,48.8301,2.34781,2,1,6,1,1,4,1,02,2,1,000,080,1,0,5,4,1,30,0,1,2,00,1,7,2,201800052458A01,,,
201800052461,2018-06-28,2018,juin,jeudi,1:,75,75113,48.8425,2.36373,2,1,6,5,1,4,2,02,1,1,000,060,1,5,1,1,1,32,5,1,2,00,1,1,17,201800052461A01,,,
201800052463,2018-06-28,2018,juin,jeudi,17:50,75,75113,48.8192,2.35948,2,2,6,1,7,4,3,03,1,1,120,080,1,0,1,1,1,36,1,1,2,00,1,1,1,201800052463A01,,,
201800052465,2018-07-02,2018,juillet,lundi,17:40,75,75113,48.8346,2.36734,2,2,7,1,1,4,1,02,1,1,000,050,1,0,5,4,1,55,1,1,2,00,0,1,21,201800052465A01,,,
201800052470,2018-07-05,2018,juillet,jeudi,15:20,75,75113,48.8192,2.35948,2,9,3,1,8,4,2,04,1,1,000,120,1,0,1,4,1,34,5,1,2,00,2,8,19,201800052470A01,33,16,1
201800052648,2018-01-18,2018,janvier,jeudi,11:50,75,75114,48.8197,2.34163,2,3,3,2,2,4,3,02,1,1,000,000,2,0,5,4,1,41,4,1,2,00,2,1,1,201800052648B01,10,16,1
201800052654,2018-01-24,2018,janvier,mercredi,11:45,75,75114,48.8296,2.32833,2,3,6,1,1,4,2,04,1,1,000,120,1,6,1,1,1,48,5,1,2,00,1,1,1,201800052654A01,,,
201800052662,2018-02-02,2018,février,vendredi,18:00,75,75114,48.8269,2.3386,2,3,1,5,1,4,-1,00,-1,-1,000,000,-1,0,0,4,1,67,5,1,2,00,2,1,5,201800052662A01,32,1,1
201800052668,2018-02-15,2018,février,jeudi,82:0,75,75114,48.8232,2.32552,2,2,2,1,2,4,3,03,1,-1,000,000,2,5,1,1,2,31,1,1,2,00,2,1,1,201800052668B01,34,1,1
201800052685,2018-03-19,2018,mars,lundi,13:30,75,75114,48.8334,2.31238,2,1,3,1,1,4,1,01,1,1,000,000,1,0,5,4,1,61,0,1,2,00,2,7,1,201800052685B01,7,9,1
201800052692,2018-03-25,2018,mars,dimanche,19:20,75,75114,48.8344,2.31889,2,3,1,1,1,4,1,01,1,1,000,000,1,0,0,1,1,21,4,1,2,00,2,1,5,201800052692A01,1,1,1
201800052692,2018-03-25,2018,mars,dimanche,19:20,75,75114,48.8344,2.31889,2,3,1,1,1,4,1,01,1,1,000,000,1,0,0,4,1,26,4,1,2,00,2,1,1,201800052692B01,1,5,1
201800052705,2018-04-10,2018,avril,mardi,17:00,75,75114,48.8325,2.31684,2,1,6,1,6,4,1,01,1,1,000,000,1,0,1,1,1,31,0,1,2,00,1,7,1,201800052705A01,,,
201800052709,2018-04-19,2018,avril,jeudi,17:22,75,75114,48.8308,2.31206,2,1,6,1,1,4,2,02,1,1,020,040,1,0,1,4,1,31,5,1,2,00,2,0,1,201800052709B01,15,17,1
201800052709,2018-04-19,2018,avril,jeudi,17:22,75,75114,48.8308,2.31206,2,1,6,1,1,4,2,02,1,1,020,040,1,0,1,4,2,4,5,1,3,00,2,0,1,201800052709B01,15,17,1
201800052716,2018-04-30,2018,avril,lundi,95:0,75,75114,48.8201,2.32575,2,1,6,1,1,4,1,04,1,1,005,120,2,0,1,4,2,15,2,1,2,11,0,1,13,201800052716A01,,,
201800052744,2018-06-12,2018,juin,mardi,84:2,75,75114,48.8278,2.32667,2,7,3,1,2,4,1,00,1,2,030,200,2,0,1,4,2,40,1,1,2,00,2,8,15,201800052744B01,7,17,1
201800052747,2018-06-12,2018,juin,mardi,16:55,75,75114,48.8307,2.32376,2,3,3,1,1,4,1,01,1,1,000,040,1,0,1,4,1,8,5,1,2,00,2,2,1,201800052747A01,7,1,1
201800052758,2018-06-18,2018,juin,lundi,19:55,75,75114,48.8385,2.32261,2,4,3,1,1,4,1,01,2,1,000,000,1,0,1,4,1,26,4,1,2,00,2,2,1,201800052758B01,7,22,1
201800052761,2018-06-20,2018,juin,mercredi,80:0,75,75114,48.8223,2.31415,2,5,3,1,1,4,3,02,1,1,020,050,1,0,1,4,1,34,1,1,2,00,2,8,18,201800052761A01,7,1,1
201800052764,2018-06-22,2018,juin,vendredi,20:00,75,75114,48.8299,2.3231,2,3,3,1,1,4,1,00,1,1,000,050,1,0,4,4,1,47,4,1,2,00,2,1,1,201800052764A01,7,9,1
201800052767,2018-06-26,2018,juin,mardi,23:05,75,75115,48.8372,2.29641,2,2,3,5,1,4,2,03,1,2,000,090,1,0,1,4,1,21,0,1,2,00,2,1,1,201800052767B01,7,15,1
201800052771,2018-07-04,2018,juillet,mercredi,18:55,75,75114,48.8259,2.32226,2,3,3,1,1,4,1,00,1,1,000,000,1,0,1,1,2,24,0,1,2,00,2,6,15,201800052771A01,2,17,1
201800052773,2018-07-06,2018,juillet,vendredi,19:55,75,75114,48.836,2.3276,2,2,3,1,1,4,2,00,1,1,000,060,1,6,1,4,1,64,1,1,2,00,2,8,1,201800052773B01,7,16,1
201800052775,2018-07-09,2018,juillet,lundi,94:0,75,75114,48.8237,2.33581,2,1,1,1,1,4,2,00,2,1,000,078,1,0,1,1,1,57,1,1,2,00,2,1,17,201800052775A01,1,1,1
201800052775,2018-07-09,2018,juillet,lundi,94:0,75,75114,48.8237,2.33581,2,1,1,1,1,4,2,00,2,1,000,078,1,0,1,4,1,42,1,1,2,00,2,1,1,201800052775B01,1,17,1
201800052913,2018-01-07,2018,janvier,dimanche,20:30,75,75115,48.8467,2.28829,2,1,6,5,1,4,2,02,1,1,000,096,1,0,1,4,2,21,4,1,2,00,2,1,1,201800052913B01,7,22,1
201800052915,2018-01-09,2018,janvier,mardi,17:22,75,75115,48.8383,2.28125,2,3,6,5,2,4,2,02,1,1,000,060,2,0,1,1,1,57,9,1,2,00,1,7,1,201800052915A01,,,
201800052916,2018-01-12,2018,janvier,vendredi,17:10,75,75115,48.8362,2.3064,2,7,2,5,1,4,1,02,2,1,000,100,1,0,1,4,1,59,9,1,2,00,2,4,2,201800052916B01,7,2,1
201800052925,2018-01-21,2018,janvier,dimanche,17:53,75,75115,48.8408,2.32152,2,1,3,5,9,4,1,02,2,1,000,080,3,1,1,4,2,37,9,1,2,00,2,4,13,201800052925A01,7,17,1
201800052929,2018-01-26,2018,janvier,vendredi,11:30,75,75115,48.8457,2.29138,2,7,3,1,1,4,1,01,1,1,000,045,1,0,1,4,2,45,4,1,2,00,2,8,1,201800052929B01,7,9,1
201800052934,2018-01-31,2018,janvier,mercredi,19:00,75,75115,48.8404,2.31491,2,7,2,5,2,4,-1,00,-1,-1,000,000,-1,0,0,4,1,35,0,1,2,00,2,5,23,201800052934B01,7,1,1
201800052940,2018-02-14,2018,février,mercredi,90:5,75,75115,48.8524,2.29058,2,2,3,1,8,4,1,01,1,1,120,050,1,0,5,4,1,49,1,1,2,00,2,1,1,201800052940B01,7,16,1
201800052944,2018-02-22,2018,février,jeudi,94:5,75,75115,48.8494,2.28155,2,3,3,1,1,4,3,04,1,1,000,100,1,0,1,3,1,19,0,1,2,00,2,7,14,201800052944A01,31,1,1
201800052945,2018-02-28,2018,février,mercredi,15:00,75,75115,48.8405,2.29943,2,2,6,1,1,4,2,02,2,1,000,060,1,0,1,4,1,17,5,1,2,01,0,1,1,201800052945A01,,,
201800052947,2018-03-06,2018,mars,mardi,20:50,75,75115,48.8524,2.29662,2,3,3,5,1,4,1,01,1,1,000,060,2,0,1,4,1,83,5,1,2,00,2,1,1,201800052947A01,10,15,1
201800052948,2018-03-08,2018,mars,jeudi,81:5,75,75115,48.8451,2.28949,2,2,3,1,8,4,2,02,1,1,000,000,1,0,1,4,1,33,9,1,2,00,2,3,18,201800052948B01,7,22,1
201800052950,2018-03-09,2018,mars,vendredi,18:35,75,75115,48.8441,2.3231,2,7,3,2,2,4,2,06,2,4,020,250,2,0,1,4,2,56,1,1,2,00,2,6,1,201800052950B01,37,15,1
201800052984,2018-04-26,2018,avril,jeudi,80:0,75,75115,48.8264,2.29556,2,1,3,1,1,4,1,01,1,1,000,060,1,0,4,4,1,70,9,1,2,00,2,1,5,201800052984A01,7,9,1
201800052985,2018-04-26,2018,avril,jeudi,11:45,75,75115,48.8459,2.31835,2,1,3,1,1,4,2,04,2,1,000,210,1,0,0,4,2,53,0,1,2,00,2,1,7,201800052985B01,7,22,1
201800052993,2018-05-03,2018,mai,jeudi,14:25,75,75115,48.8316,2.29066,2,1,7,1,1,4,1,02,2,1,000,050,1,0,5,4,1,70,5,1,2,12,0,1,14,201800052993A01,,,
201800053007,2018-05-11,2018,mai,vendredi,18:00,75,75115,48.8414,2.27781,2,1,2,1,1,4,2,00,1,1,000,040,1,0,1,4,1,47,1,1,2,01,2,1,22,201800053007B01,7,1,1
201800053020,2018-05-20,2018,mai,dimanche,20:15,75,75115,48.8403,2.28584,2,2,3,2,1,4,1,01,1,1,000,040,1,0,1,4,1,34,4,1,2,00,2,5,1,201800053020B01,7,1,1
201800053029,2018-05-30,2018,mai,mercredi,17:15,75,75115,48.8277,2.3001,2,2,3,1,1,4,2,01,1,1,000,060,1,0,1,4,1,11,0,1,2,00,2,1,19,201800053029B01,7,1,1
201800053031,2018-05-31,2018,mai,jeudi,19:15,75,75115,48.8501,2.28669,2,1,3,1,1,4,1,01,1,1,000,030,1,0,0,3,1,23,0,1,2,00,2,1,1,201800053031B01,7,22,1
201800053039,2018-06-12,2018,juin,mardi,16:10,75,75115,48.8467,2.28886,2,2,6,1,1,4,2,02,1,-1,018,070,1,0,1,1,1,42,0,1,2,00,1,2,1,201800053039A01,,,
201800053045,2018-06-19,2018,juin,mardi,23:15,75,75115,48.8395,2.28997,2,1,6,5,1,4,2,02,1,1,000,050,1,0,1,4,1,37,1,1,2,00,2,8,1,201800053045A01,30,14,1
201800053051,2018-06-23,2018,juin,samedi,19:20,75,75115,48.8339,2.28528,2,3,6,1,1,4,3,04,2,1,114,050,1,0,1,4,1,49,1,1,2,00,1,7,17,201800053051A01,,,
201800053059,2018-06-27,2018,juin,mercredi,19:20,75,75115,48.8472,2.27917,2,3,3,1,1,4,2,00,1,1,000,000,1,0,1,4,2,28,9,1,2,00,2,8,19,201800053059B01,7,1,1
201800053062,2018-06-29,2018,juin,vendredi,20:00,75,75115,48.8488,2.29071,2,1,6,1,1,4,1,01,1,1,000,000,1,0,1,1,1,46,4,1,2,00,1,2,1,201800053062A01,,,
201800053066,2018-07-06,2018,juillet,vendredi,60:0,75,75115,48.8336,2.30919,2,2,3,1,1,4,2,02,1,1,000,000,1,0,1,4,1,20,5,1,2,00,2,3,1,201800053066A01,7,1,1
201800053076,2018-07-16,2018,juillet,lundi,41:5,75,75115,48.8462,2.29514,2,2,3,5,1,4,1,01,1,1,000,026,1,0,1,4,1,42,5,1,9,00,2,5,1,201800053076B01,7,1,1
201800053229,2018-01-02,2018,janvier,mardi,15:55,75,75116,48.8713,2.28906,2,1,3,1,2,4,2,02,1,-1,001,001,2,0,1,4,2,26,5,1,2,00,2,3,1,201800053229A01,7,14,1
201800053234,2018-01-08,2018,janvier,lundi,10:30,75,75116,48.8559,2.26473,2,3,2,1,1,4,1,01,1,1,010,010,1,0,1,4,1,25,4,1,2,00,2,6,15,201800053234B01,10,4,1
201800053235,2018-01-08,2018,janvier,lundi,20:10,75,75116,48.8668,2.22995,2,1,6,5,1,4,2,04,2,1,000,000,1,2,1,4,1,56,1,1,2,00,2,4,2,201800053235A01,7,2,1
201800053248,2018-01-25,2018,janvier,jeudi,18:15,75,75116,48.8717,2.2758,2,6,3,5,1,4,1,03,1,2,000,000,1,0,1,4,1,17,5,1,2,00,2,1,9,201800053248B01,7,1,1
201800053256,2018-01-30,2018,janvier,mardi,92:0,75,75116,48.8449,2.25728,2,1,2,1,1,4,2,02,1,1,000,000,1,0,1,4,1,31,1,1,9,00,2,1,1,201800053256B01,7,9,1
201800053264,2018-02-10,2018,février,samedi,18:30,75,75116,48.8737,2.29411,2,6,3,5,1,4,2,01,1,1,000,000,1,0,1,4,1,46,9,1,2,00,2,8,19,201800053264A01,34,1,1
201800053299,2018-03-15,2018,mars,jeudi,17:35,75,75116,48.8577,2.26351,2,7,3,1,1,4,2,01,1,1,000,000,1,0,5,4,2,50,1,1,2,00,2,8,1,201800053299B01,7,16,1
201800053300,2018-03-15,2018,mars,jeudi,19:15,75,75116,48.8581,2.24688,2,2,3,5,2,4,2,02,1,1,000,000,2,0,1,4,1,22,9,1,2,00,2,7,19,201800053300B01,34,1,1
201800053314,2018-03-26,2018,mars,lundi,22:15,75,75116,48.8774,2.28374,2,7,3,5,1,4,2,04,1,1,000,000,1,0,1,4,2,20,5,1,2,00,2,1,1,201800053314B01,7,16,1
201800053321,2018-04-06,2018,avril,vendredi,12:50,75,75116,48.8652,2.28517,2,1,6,1,1,4,1,01,1,1,000,000,1,0,5,1,1,22,1,1,2,00,1,1,1,201800053321A01,,,
201800053334,2018-04-15,2018,avril,dimanche,10:50,75,75116,48.8561,2.23747,2,1,2,1,1,4,2,02,1,1,000,000,1,0,5,4,2,26,5,1,2,00,2,4,2,201800053334A01,1,2,1
201800053334,2018-04-15,2018,avril,dimanche,10:50,75,75116,48.8561,2.23747,2,1,2,1,1,4,2,02,1,1,000,000,1,0,5,4,1,77,5,1,2,00,2,1,2,201800053334B01,1,2,1
201800053337,2018-04-17,2018,avril,mardi,18:55,75,75116,48.8605,2.27345,2,1,6,1,1,4,1,01,1,1,000,000,1,0,1,1,1,54,1,1,2,00,1,1,1,201800053337A01,,,
201800053355,2018-05-03,2018,mai,jeudi,92:0,75,75116,48.8483,2.26035,2,2,3,1,1,4,1,01,1,1,000,000,1,0,1,4,1,36,1,1,2,00,2,1,1,201800053355B01,7,9,1
201800053372,2018-05-23,2018,mai,mercredi,17:00,75,75116,48.8545,2.28359,2,3,3,1,1,4,1,03,1,1,000,075,1,0,1,4,1,79,5,1,2,00,2,8,19,201800053372B01,38,7,1
201800053383,2018-05-29,2018,mai,mardi,22:10,75,75116,48.8398,2.26759,2,1,1,5,3,4,4,02,1,1,010,010,2,0,5,4,2,20,5,1,2,00,2,1,5,201800053383A01,1,1,1
201800053383,2018-05-29,2018,mai,mardi,22:10,75,75116,48.8398,2.26759,2,1,1,5,3,4,4,02,1,1,010,010,2,0,5,4,1,32,5,1,2,00,2,1,1,201800053383B01,1,5,1
201800053384,2018-05-30,2018,mai,mercredi,10:44,75,75116,48.8618,2.23025,2,7,6,1,1,4,-1,00,-1,-1,000,000,-1,0,0,3,1,66,5,1,2,00,2,1,1,201800053384B01,13,23,1
201800053395,2018-06-06,2018,juin,mercredi,19:45,75,75116,48.877,2.28307,2,7,3,2,2,4,1,03,1,2,025,150,2,5,1,4,1,53,5,1,2,00,2,1,18,201800053395B01,7,22,1
201800053403,2018-06-10,2018,juin,dimanche,19:00,75,75116,48.8624,2.28699,2,7,3,1,2,4,1,00,1,1,010,010,2,0,1,4,1,37,0,1,2,00,2,2,15,201800053403A01,7,1,1
201800053429,2018-07-01,2018,juillet,dimanche,14:50,75,75116,48.862,2.23043,2,1,2,1,1,4,2,02,1,1,000,000,1,0,5,4,2,62,5,1,2,00,2,1,1,201800053429B01,7,24,1
201800053430,2018-07-03,2018,juillet,mardi,10:35,75,75116,48.8618,2.23025,2,3,6,1,1,4,2,03,1,1,000,000,1,0,5,4,1,77,5,1,2,01,0,6,1,201800053430A01,,,
201800053434,2018-07-04,2018,juillet,mercredi,13:35,75,75116,48.8727,2.28452,2,2,3,1,1,4,4,02,1,1,000,000,1,5,5,4,2,58,5,1,2,00,2,1,1,201800053434B01,7,16,1
201800053435,2018-07-04,2018,juillet,mercredi,21:00,75,75116,48.8678,2.25104,2,2,3,1,1,4,2,04,1,1,000,000,1,0,1,4,1,41,5,1,2,00,2,8,1,201800053435B01,7,15,1
201800053445,2018-07-13,2018,juillet,vendredi,10:30,75,75116,48.8543,2.2374,2,1,2,1,1,4,2,02,1,1,000,000,1,0,5,4,1,44,5,1,2,01,2,4,1,201800053445B01,10,23,1
201800053446,2018-07-14,2018,juillet,samedi,19:30,75,75116,48.8641,2.27801,2,1,3,1,1,4,2,04,1,1,000,000,1,0,1,4,1,52,4,1,2,00,2,5,1,201800053446B01,32,15,1
201800053674,2018-01-20,2018,janvier,samedi,11:30,75,75117,48.8788,2.29341,2,1,4,1,2,4,2,02,1,1,001,001,2,0,1,4,1,22,4,1,2,00,2,4,23,201800053674B01,7,1/23,2
201800053678,2018-01-24,2018,janvier,mercredi,17:20,75,75117,48.8845,2.3148,2,3,5,2,1,4,1,01,1,1,000,000,1,0,1,4,1,26,4,1,2,00,2,1,5,201800053678A01,7,1,2
201800053680,2018-01-25,2018,janvier,jeudi,75:5,75,75117,48.8878,2.28897,2,1,3,5,2,4,2,03,1,1,000,000,2,0,1,4,2,50,5,1,2,00,2,4,19,201800053680B01,7,1,1
201800053697,2018-02-12,2018,février,lundi,21:30,75,75117,48.8951,2.31556,2,1,3,5,1,4,1,01,1,1,000,000,1,0,1,4,1,23,4,1,2,00,2,1,1,201800053697B01,7,9,1
201800053758,2018-04-15,2018,avril,dimanche,25:,75,75117,48.8848,2.29793,2,7,3,5,1,4,1,03,1,2,000,000,1,0,1,4,1,39,0,1,2,00,2,3,19,201800053758B01,7,1,1
201800053763,2018-04-19,2018,avril,jeudi,19:40,75,75117,48.8782,2.28123,2,7,6,1,1,4,1,02,1,2,000,000,1,0,1,4,1,43,1,1,2,00,2,6,1,201800053763A01,7,14,1
201800053768,2018-04-22,2018,avril,dimanche,44:0,75,75117,48.8785,2.29471,2,1,2,5,1,4,2,02,2,1,000,000,1,0,1,4,1,27,0,1,2,00,2,1,2,201800053768A01,7,23,1