Num_Acc,date,an,mois,jour,hrmn,dep,com,lat,long,agg,int,col,lum,atm,catr,circ,nbv,prof,plan,lartpc,larrout,surf,infra,situ,grav,sexe,age,trajet,secuexist,equipement,obs,obsm,choc,manv,vehiculeid,typevehicules,manoeuvehicules,numVehicules
201800053789,2018-05-27,2018,mai,dimanche,21:30,75,75117,48.8888,2.30885,2,3,1,2,1,4,1,01,1,1,000,000,1,0,1,4,2,26,5,1,2,00,2,1,5,201800053789B01,10,1,1
201800053790,2018-05-28,2018,mai,lundi,20:00,75,75117,48.8963,2.31022,2,2,3,1,8,4,1,01,1,1,000,000,1,5,1,3,1,28,9,1,2,00,2,2,19,201800053790B01,7,16,1
201800053792,2018-05-29,2018,mai,mardi,91:5,75,75117,48.8845,2.3148,2,3,6,1,8,4,1,01,1,1,000,000,1,0,1,4,1,32,4,1,2,00,2,2,1,201800053792B01,10,22,1
201800053820,2018-06-27,2018,juin,mercredi,13:40,75,75117,48.8822,2.30185,2,1,3,1,1,4,2,02,1,1,000,000,1,0,1,1,1,35,4,1,2,01,2,1,1,201800053820A01,7,22,1
201800053831,2018-07-05,2018,juillet,jeudi,16:10,75,75108,48.8818,2.31963,2,1,6,1,1,4,3,04,1,1,000,000,1,0,5,1,1,29,0,1,2,00,1,1,1,201800053831A01,,,
201800053991,2018-01-22,2018,janvier,lundi,11:20,75,75118,48.8902,2.36022,2,3,6,1,3,4,1,01,1,1,000,000,2,0,5,1,1,29,5,1,2,00,1,1,1,201800053991A01,,,
201800053994,2018-01-27,2018,janvier,samedi,23:0,75,75118,48.896,2.34594,2,7,6,5,1,4,2,04,1,1,010,210,1,5,1,4,1,23,5,1,9,11,2,4,1,201800053994B01,10,1,1
201800054019,2018-02-19,2018,février,lundi,18:25,75,75118,48.8912,2.3516,2,2,6,5,1,4,-1,00,-1,-1,000,000,-1,0,0,4,1,33,1,1,2,00,2,1,1,201800054019A01,7,22,1
201800054031,2018-03-12,2018,mars,lundi,18:41,75,75118,48.8839,2.34946,2,5,3,1,1,4,1,02,1,-1,000,020,1,0,1,4,2,61,1,1,2,00,2,8,13,201800054031A01,7,1,1
201800054041,2018-03-23,2018,mars,vendredi,91:5,75,75118,48.8838,2.3393,2,1,3,1,8,4,1,01,2,1,000,000,1,0,1,4,2,48,1,1,2,00,2,2,14,201800054041B01,2,1,1
201800054055,2018-04-06,2018,avril,vendredi,19:37,75,75118,48.8893,2.3418,2,3,3,1,1,4,1,01,2,1,000,060,1,0,1,4,2,27,0,1,2,00,2,2,19,201800054055B01,31,1,1
201800054058,2018-04-07,2018,avril,samedi,15:50,75,75118,48.8996,2.35229,2,4,3,2,1,4,2,02,1,1,000,060,1,0,1,4,1,63,5,1,2,00,2,3,15,201800054058B01,31,1,1
201800054076,2018-04-19,2018,avril,jeudi,17:05,75,75118,48.8979,2.33992,2,1,3,1,1,4,1,02,1,1,035,035,1,0,1,4,1,67,1,1,2,00,2,1,17,201800054076B01,10,22,1
201800054077,2018-04-21,2018,avril,samedi,18:53,75,75109,48.8827,2.34394,2,2,6,1,1,4,1,00,1,1,000,000,1,6,5,1,1,30,0,1,2,00,1,1,1,201800054077A01,,,
201800054098,2018-05-18,2018,mai,vendredi,54:0,75,75118,48.8908,2.35987,2,4,2,2,1,4,2,05,1,1,000,000,1,0,1,4,1,32,0,1,2,00,2,1,1,201800054098B01,7,4,1
201800054101,2018-05-20,2018,mai,dimanche,13:45,75,75118,48.8978,2.33738,2,5,3,1,1,4,2,02,1,1,000,060,1,5,1,4,1,33,0,1,2,00,2,8,1,201800054101B01,7,14,1
201800054120,2018-06-13,2018,juin,mercredi,81:5,75,75118,48.8987,2.37027,2,2,6,1,1,4,1,03,1,1,000,050,1,0,1,4,1,54,0,1,2,00,2,4,19,201800054120B01,7,1/23,2
201800054128,2018-06-19,2018,juin,mardi,13:10,75,75118,48.8966,2.37034,2,1,3,1,1,4,2,02,1,1,000,000,1,0,1,4,1,22,1,1,2,00,2,1,1,201800054128B01,10,9,1
201800054131,2018-06-22,2018,juin,vendredi,14:00,75,75118,48.8987,2.35905,2,2,3,1,1,4,1,03,1,1,000,000,1,0,1,4,1,20,4,1,2,00,2,7,1,201800054131B01,7,1,1
201800054137,2018-06-28,2018,juin,jeudi,22:45,75,75118,48.8907,2.35397,2,1,5,5,1,4,2,02,1,1,000,000,1,0,1,3,2,57,0,1,2,00,2,2,1,201800054137B01,7/ 2,22/21,2
201800054142,2018-07-01,2018,juillet,dimanche,85:1,75,75118,48.8884,2.34956,2,2,7,1,1,4,1,01,1,1,000,060,1,0,1,4,2,32,5,1,2,00,0,2,21,201800054142A01,,,
201800054145,2018-07-02,2018,juillet,lundi,21:56,75,75118,48.8845,2.35932,2,2,3,5,1,4,2,04,1,-1,000,000,1,0,0,3,1,21,0,1,2,00,2,8,15,201800054145B01,34,17,1
201800054151,2018-07-05,2018,juillet,jeudi,10:15,75,75118,48.8843,2.35573,2,2,3,1,8,4,4,02,2,3,000,000,1,0,5,4,2,30,9,1,2,00,2,1,1,201800054151B01,7,16,1
201800054154,2018-07-05,2018,juillet,jeudi,15:40,75,75118,48.8845,2.36263,2,1,3,1,1,4,1,01,1,1,030,060,1,0,5,4,1,75,5,1,2,00,2,1,1,201800054154B01,14,16,1
201800054155,2018-07-09,2018,juillet,lundi,17:00,75,75118,48.8936,2.36271,2,1,6,1,1,4,1,01,1,1,000,000,1,0,1,1,1,33,0,1,2,00,1,2,1,201800054155A01,,,
201800054156,2018-07-10,2018,juillet,mardi,18:25,75,75118,48.8877,2.35626,2,1,2,1,1,4,-1,02,1,1,000,030,1,0,1,4,1,35,5,1,2,01,2,0,1,201800054156B01,7,22,1
201800054158,2018-07-11,2018,juillet,mercredi,20:10,75,75118,48.8927,2.34327,2,3,2,1,1,4,2,03,1,1,000,100,1,0,1,4,2,35,0,1,2,00,2,0,7,201800054158B01,7,15,1
201800054160,2018-07-14,2018,juillet,samedi,13:15,75,75118,48.8868,2.35963,2,3,3,1,1,4,2,04,1,1,000,000,1,0,1,4,1,71,0,1,2,00,2,8,16,201800054160B01,7,1,1
201800054161,2018-07-16,2018,juillet,lundi,33:5,75,75118,48.8925,2.34886,2,2,6,5,1,4,1,02,1,1,000,000,1,5,1,4,1,21,5,1,2,00,2,8,1,201800054161B01,7,1,1
201800054225,2018-10-08,2018,octobre,lundi,19:00,75,75118,48.89,2.33,2,1,6,5,1,4,2,04,1,1,,,1,0,5,1,1,27,0,1,2,00,1,1,7,201800054225A01,,,
201800054308,2018-01-10,2018,janvier,mercredi,18:30,75,75119,48.8904,2.37283,2,1,6,5,2,4,1,01,1,1,000,000,2,0,1,1,1,26,0,1,2,00,1,8,1,201800054308A01,,,
201800054316,2018-01-16,2018,janvier,mardi,83:0,75,75110,48.8843,2.3615,2,2,3,1,2,4,-1,00,-1,-1,000,000,-1,0,0,4,1,42,0,1,2,00,2,1,1,201800054316B01,10,16,1
201800054318,2018-01-17,2018,janvier,mercredi,53:5,75,75119,48.8982,2.38619,2,2,3,5,2,4,-1,02,1,1,000,000,2,0,1,4,1,33,0,1,2,00,2,7,1,201800054318A01,7,15,1
201800054322,2018-01-27,2018,janvier,samedi,19:50,75,75119,48.8823,2.37071,2,1,3,5,1,4,2,03,1,1,030,050,1,0,1,4,1,24,4,1,2,00,2,7,1,201800054322B01,7,11,1
201800054324,2018-01-30,2018,janvier,mardi,17:50,75,75119,48.8865,2.36923,2,2,6,2,1,4,1,02,1,1,000,000,2,0,5,4,1,55,1,1,2,00,2,1,1,201800054324A01,30,5,1
201800054332,2018-02-12,2018,février,lundi,10:20,75,75119,48.8896,2.36873,2,1,6,1,1,4,1,01,1,1,000,000,1,0,5,1,1,39,9,1,2,00,1,1,1,201800054332A01,,,
201800054334,2018-02-16,2018,février,vendredi,18:20,75,75119,48.8893,2.37125,2,5,3,2,8,4,-1,00,-1,-1,000,000,-1,0,0,3,2,22,1,1,2,00,2,1,1,201800054334B01,7,22,1
201800054339,2018-02-21,2018,février,mercredi,13:00,75,75119,48.8897,2.36807,2,3,6,1,1,4,-1,00,-1,-1,000,000,-1,0,0,1,1,27,4,1,2,00,1,1,1,201800054339A01,,,
201800054340,2018-02-23,2018,février,vendredi,12:0,75,75119,48.8764,2.37685,2,3,6,5,1,4,3,02,2,1,000,100,1,0,1,1,1,25,5,1,2,00,1,1,1,201800054340A01,,,
201800054353,2018-03-10,2018,mars,samedi,20:,75,75119,48.8872,2.38076,2,3,6,5,1,4,1,01,1,1,000,030,1,0,5,4,2,54,5,1,2,00,2,7,1,201800054353A01,7,15,1
201800054370,2018-03-28,2018,mars,mercredi,10:10,75,75119,48.8801,2.37566,2,2,3,1,2,4,1,01,2,1,000,000,2,0,1,4,2,23,2,1,2,00,2,1,5,201800054370A01,7,15,1
201800054382,2018-04-18,2018,avril,mercredi,84:0,75,75119,48.8998,2.38781,2,2,3,1,1,4,2,06,1,1,000,240,1,0,1,4,1,23,5,1,2,00,2,1,19,201800054382B01,7,16,1
201800054397,2018-05-02,2018,mai,mercredi,16:05,75,75119,48.8886,2.39253,2,1,6,1,1,4,2,01,1,1,000,000,1,0,5,4,2,35,5,1,2,01,2,1,1,201800054397B01,7,22,1
201800054398,2018-05-03,2018,mai,jeudi,11:10,75,75119,48.8803,2.37418,2,4,3,1,1,4,1,01,1,1,000,030,1,0,1,4,1,42,1,1,2,00,2,1,1,201800054398B01,7,10,1
201800054409,2018-05-12,2018,mai,samedi,18:50,75,75119,48.8789,2.37042,2,1,3,1,2,4,1,01,2,1,000,080,2,0,1,4,1,30,0,1,2,00,2,3,13,201800054409B01,30,17,1
201800054410,2018-05-14,2018,mai,lundi,12:25,75,75119,48.8843,2.36761,2,3,2,1,2,4,1,00,1,1,000,000,2,0,1,4,1,24,4,1,2,00,2,1,16,201800054410A01,10,16,1
201800054414,2018-05-15,2018,mai,mardi,17:15,75,75119,48.882,2.40247,2,2,3,1,1,4,2,02,2,1,000,000,1,0,1,4,1,25,0,1,2,00,2,1,1,201800054414B01,7,22,1
201800054430,2018-05-24,2018,mai,jeudi,13:50,75,75119,48.8861,2.37142,2,1,6,1,1,4,1,02,1,1,000,000,1,0,1,1,1,22,0,1,2,00,1,1,7,201800054430A01,,,
201800054435,2018-05-29,2018,mai,mardi,91:0,75,75119,48.8869,2.37784,2,1,6,1,8,4,-1,01,1,1,000,020,2,6,4,4,2,27,0,1,2,00,1,1,21,201800054435A01,,,
201800054440,2018-06-03,2018,juin,dimanche,14:40,75,75119,48.8893,2.38367,2,5,3,1,1,4,2,00,1,1,000,000,1,0,1,4,1,16,5,1,2,00,2,8,19,201800054440B01,7,1,1
201800054445,2018-06-10,2018,juin,dimanche,21:0,75,75119,48.8849,2.36985,2,1,6,5,1,4,1,02,1,1,000,080,1,0,1,4,1,29,5,1,2,01,0,1,14,201800054445A01,,,
201800054459,2018-06-23,2018,juin,samedi,15:15,75,75119,48.8818,2.38836,2,4,3,1,1,4,1,01,2,1,000,040,1,0,1,4,1,34,1,1,2,00,2,8,1,201800054459B01,7,17,1
201800054463,2018-06-28,2018,juin,jeudi,44:5,75,75119,48.8786,2.40206,2,1,3,5,1,4,1,02,2,1,040,040,1,0,5,4,1,39,9,1,2,00,2,3,1,201800054463B01,7,16,1
201800054464,2018-06-28,2018,juin,jeudi,23:50,75,75119,48.885,2.38326,2,2,6,5,1,4,1,01,2,1,000,050,1,5,1,4,1,22,0,1,2,00,2,6,1,201800054464A01,7,15,1
201800054478,2018-07-12,2018,juillet,jeudi,92:0,75,75119,48.8899,2.37609,2,1,2,1,1,4,1,02,1,1,100,100,1,0,1,4,2,19,0,1,2,00,2,8,7,201800054478B01,7,17,1
201800054639,2018-01-11,2018,janvier,jeudi,15:15,75,75120,48.8691,2.39141,2,3,3,1,8,4,2,02,2,1,000,060,2,0,1,4,2,47,1,1,2,00,2,0,1,201800054639B01,7,15,1
201800054640,2018-01-13,2018,janvier,samedi,20:25,75,75120,48.8693,2.3926,2,1,6,5,1,4,2,02,2,1,000,070,1,0,1,4,1,51,5,1,2,08,2,8,1,201800054640A01,30,5,1
201800054652,2018-01-24,2018,janvier,mercredi,18:00,75,75120,48.8711,2.39302,2,3,3,2,1,4,2,01,1,1,000,060,1,0,1,3,1,61,1,1,2,00,2,1,1,201800054652B01,7,15,1
201800054661,2018-02-03,2018,février,samedi,18:35,75,75120,48.8643,2.3929,2,1,3,5,2,4,2,02,2,1,000,025,2,0,1,4,1,19,4,1,2,00,2,8,10,201800054661A01,33,1,1
201800054676,2018-03-06,2018,mars,mardi,95:0,75,75120,48.8466,2.41598,2,2,3,1,1,4,2,04,1,1,000,280,1,0,1,4,1,36,1,1,2,00,2,3,1,201800054676B01,7,15,1
201800054677,2018-03-07,2018,mars,mercredi,20:40,75,75120,48.8679,2.38657,2,3,6,5,1,4,2,02,2,1,000,068,1,0,1,4,2,20,1,1,2,00,2,2,1,201800054677A01,10,9,1
201800054691,2018-04-13,2018,avril,vendredi,85:5,75,75120,48.8544,2.39613,2,2,3,1,1,4,2,01,1,1,000,000,1,0,1,4,2,31,1,1,2,00,2,8,1,201800054691B01,13,15,1
201800054693,2018-04-15,2018,avril,dimanche,12:0,75,75111,48.8658,2.37168,2,1,6,5,1,4,2,04,2,1,000,080,1,0,1,1,1,22,5,1,2,01,1,1,1,201800054693A01,,,
201800054698,2018-04-20,2018,avril,vendredi,81:5,75,75120,48.8649,2.3981,2,7,2,1,1,4,1,04,1,2,000,150,1,0,1,4,2,35,1,1,2,00,2,6,23,201800054698B01,10,1,1
201800054705,2018-04-24,2018,avril,mardi,17:45,75,75120,48.8647,2.39862,2,7,3,1,1,4,1,04,1,-1,030,080,1,5,1,4,2,38,1,1,2,00,2,8,1,201800054705A01,31,1,1
201800054713,2018-05-06,2018,mai,dimanche,18:45,75,75120,48.872,2.39184,2,2,3,1,1,4,2,01,2,1,000,030,1,0,1,4,1,46,5,1,2,00,2,1,19,201800054713B01,7,15,1
201800054721,2018-05-18,2018,mai,vendredi,1:,75,75120,48.8584,2.40297,2,1,3,5,1,4,2,02,2,1,000,100,1,0,1,4,1,19,9,1,2,00,2,8,13,201800054721B01,30,17,1
201800054722,2018-05-18,2018,mai,vendredi,15:15,75,75120,48.8484,2.41633,2,3,3,1,1,4,1,01,1,1,000,035,1,0,1,4,1,82,5,1,2,00,2,1,1,201800054722B01,33,9,1
201800054725,2018-05-19,2018,mai,samedi,20:50,75,75120,48.8494,2.40649,2,3,3,1,1,4,2,00,1,1,000,000,1,0,1,4,1,13,5,1,2,00,2,2,9,201800054725B01,33,1,1
201800054736,2018-06-01,2018,juin,vendredi,14:20,75,75120,48.847,2.41503,2,6,5,1,8,4,1,02,1,1,000,089,1,3,1,4,1,57,5,1,2,00,2,8,19,201800054736A01,7/ 34,23/3,2
201800054738,2018-06-03,2018,juin,dimanche,17:15,75,75120,48.8567,2.40925,2,3,3,1,1,4,2,01,2,1,000,025,1,0,5,4,1,32,5,1,2,00,2,1,1,201800054738A01,7,15,1
201800054739,2018-06-04,2018,juin,lundi,12:20,75,75120,48.8551,2.41529,2,1,7,1,1,4,2,04,1,1,020,080,1,0,1,3,2,83,3,1,2,00,0,8,1,201800054739A01,,,
201800054741,2018-06-05,2018,juin,mardi,18:10,75,75120,48.8659,2.39931,2,1,6,1,1,4,2,02,2,1,000,055,1,0,1,1,1,42,9,1,2,00,1,1,1,201800054741A01,,,
201800054758,2018-07-04,2018,juillet,mercredi,30:5,75,75120,48.8645,2.40858,2,7,6,5,1,4,2,01,1,3,000,040,1,5,1,4,1,31,5,1,2,00,2,3,1,201800054758A01,7,16,1
201800054761,2018-07-10,2018,juillet,mardi,15:05,75,75120,48.847,2.41119,2,6,6,1,1,4,2,04,1,1,000,120,1,0,5,4,2,49,4,1,2,00,2,2,19,201800054761B01,7,18,1
201800054764,2018-07-12,2018,juillet,jeudi,22:50,75,75120,48.8671,2.38325,2,2,6,5,1,4,1,01,1,1,020,030,1,0,1,4,2,34,0,1,2,00,2,4,16,201800054764A01,7,1,1
201800054892,2018-01-12,2018,janvier,vendredi,10:50,75,75105,48.8398,2.35131,2,4,3,1,8,4,2,03,2,1,000,066,1,0,5,4,1,51,3,1,2,00,2,1,1,201800054892B01,7,22,1
201800054907,2018-01-24,2018,janvier,mercredi,74:0,75,75116,48.8722,2.28466,2,2,6,5,8,4,2,01,1,1,014,205,2,5,1,3,1,43,1,1,2,00,0,8,1,201800054907A01,,,
201800054913,2018-01-30,2018,janvier,mardi,82:7,75,75106,48.8478,2.32953,2,2,5,1,1,4,2,02,1,1,000,000,1,0,1,4,1,41,9,1,2,00,2,8,1,201800054913C01,34/ 7,1/15,2
201800054957,2018-03-17,2018,mars,samedi,18:01,75,75119,48.8828,2.37033,2,7,3,5,4,4,1,03,1,1,000,087,2,5,1,4,1,32,0,1,2,00,2,2,1,201800054957B01,7,11,1
201800054972,2018-04-12,2018,avril,jeudi,92:7,75,75102,48.8669,2.34943,2,2,6,1,1,4,1,04,1,1,054,204,1,0,1,1,1,25,0,1,2,00,1,1,1,201800054972A01,,,
201800054981,2018-04-19,2018,avril,jeudi,17:19,75,75119,48.8772,2.40668,2,5,1,1,1,4,2,04,1,1,000,158,1,0,1,4,1,28,4,1,2,00,2,1,5,201800054981B01,10,15,1
201800054982,2018-04-20,2018,avril,vendredi,92:4,75,75107,48.8627,2.31902,2,5,3,1,1,4,2,03,1,1,000,194,1,2,0,2,2,30,1,1,2,00,2,3,19,201800054982B01,14,16,1
201800054983,2018-04-21,2018,avril,samedi,17:34,75,75119,48.8797,2.40157,2,1,3,1,1,4,2,04,2,2,011,247,1,0,1,4,1,29,4,1,2,00,2,5,1,201800054983B01,7,10,1
201800054987,2018-04-22,2018,avril,dimanche,20:45,75,75116,48.8585,2.24489,2,2,3,2,1,4,2,02,1,1,000,130,1,0,1,3,1,26,5,1,2,00,2,1,15,201800054987B01,7,1,1
201800055024,2018-05-28,2018,mai,lundi,11:36,75,75112,48.8348,2.39337,2,1,6,1,1,4,2,02,2,1,000,084,1,0,1,3,1,45,0,1,2,09,0,1,1,201800055024A01,,,
201800055030,2018-06-03,2018,juin,dimanche,20:5,75,75113,48.8299,2.35013,2,1,7,5,1,4,2,02,2,1,000,062,1,0,1,3,1,39,0,1,2,00,0,8,1,201800055030A01,,,
201800055039,2018-06-13,2018,juin,mercredi,73:3,75,75112,48.8447,2.36914,2,2,3,1,1,4,1,01,1,1,000,028,-1,0,1,3,2,41,4,1,2,00,2,1,1,201800055039B01,14,16,1
201800055045,2018-06-19,2018,juin,mardi,17:00,75,75116,48.8525,2.23682,2,1,2,1,1,4,2,02,2,2,000,119,1,0,1,3,1,69,5,1,2,01,2,1,1,201800055045B01,20,23,1
201800055047,2018-06-21,2018,juin,jeudi,17:20,75,75107,48.8572,2.3099,2,2,6,1,1,4,2,04,1,1,000,104,1,0,1,3,2,52,9,1,2,00,2,6,16,201800055047B01,34,1,1
201800055774,2018-05-12,2018,mai,samedi,23:00,972,97230,14.74361,-60,2,3,1,5,1,4,2,02,1,1,,,1,0,1,3,1,16,5,1,2,00,2,0,15,201800055774B01,7,1,1
201800055781,2018-01-24,2018,janvier,mercredi,16:35,972,97228,14.77475,-61.03479,1,1,7,1,1,4,2,02,2,1,,,2,0,1,3,2,11,5,1,2,00,2,8,14,201800055781B01,7,2,1
201800055809,2018-04-14,2018,avril,samedi,23:55,971,97111,16.27461,-61.80399,1,1,7,3,1,2,2,02,4,2,,,1,0,3,3,1,24,5,1,2,03,0,2,14,201800055809A01,,,
201800055809,2018-04-14,2018,avril,samedi,23:55,971,97111,16.27461,-61.80399,1,1,7,3,1,2,2,02,4,2,,,1,0,3,4,2,27,5,1,2,03,0,2,14,201800055809A01,,,
201800055817,2018-02-25,2018,février,dimanche,80:0,971,97107,15.99464,-61.6091,1,1,2,1,1,2,2,02,2,1,,,1,0,1,3,1,46,5,1,9,00,0,4,1,201800055817B01,7,14,1
201800055819,2018-03-23,2018,mars,vendredi,19:30,971,97114,16.13455,-61.57209,2,3,3,5,1,3,2,02,2,1,,,1,0,1,3,1,40,5,1,9,00,2,8,0,201800055819B01,7,0,1
201800055832,2018-11-21,2018,novembre,mercredi,14:30,971,97107,16.07401,-61.58682,1,4,3,1,1,4,2,02,2,1,,,1,0,1,3,1,14,5,1,2,00,2,3,15,201800055832A01,7,1,1
201800055903,2018-07-19,2018,juillet,jeudi,15:48,971,97117,16.29289,-61.34836,2,3,3,1,1,3,2,02,1,1,,,1,0,1,3,1,11,5,1,2,00,2,8,19,201800055903A01,7,1,1
201800055930,2018-07-14,2018,juillet,samedi,92:0,971,97125,16.25773,-61.27312,1,1,5,1,1,3,2,02,1,3,,,1,0,1,3,1,58,5,1,2,00,2,8,1,201800055930B01,7,5,1
201800055930,2018-07-14,2018,juillet,samedi,92:0,971,97125,16.25773,-61.27312,1,1,5,1,1,3,2,02,1,3,,,1,0,1,4,1,67,5,1,2,00,2,8,1,201800055930C01,7,5,1
201800055931,2018-07-15,2018,juillet,dimanche,81:5,971,97125,16.25871,-61.26315,1,1,2,1,1,3,2,02,1,1,,,1,0,1,4,1,21,5,1,2,00,2,4,1,201800055931B01,7,17,1
201800055933,2018-08-05,2018,août,dimanche,16:40,971,97125,16.25065,-61.27994,2,1,3,1,1,9,2,02,1,1,,,1,0,1,3,1,53,5,1,2,00,2,3,0,201800055933B01,7,13,1
201800055934,2018-08-16,2018,août,jeudi,16:45,971,97125,16.25698,-61.27531,2,6,3,1,1,2,2,01,2,2,,,1,5,1,4,1,60,5,1,2,00,2,1,0,201800055934A01,7,0,1
201800055941,2018-01-06,2018,janvier,samedi,18:55,971,97128,16.26305,-61.37457,2,1,1,3,1,3,2,02,2,1,,,1,0,1,2,1,14,5,1,2,00,2,1,13,201800055941B01,7,1,1
201800056000,2018-06-25,2018,juin,lundi,75:5,973,97304,5.15573,-52.6592,2,1,3,1,1,4,2,02,1,1,,,1,0,1,3,1,17,1,1,2,00,2,9,1,201800056000C01,7,1,1
201800056001,2018-07-03,2018,juillet,mardi,10:30,973,97304,5.17468,-52.65273,2,1,1,1,1,3,2,02,1,1,,,1,0,1,3,1,21,3,1,2,00,2,4,0,201800056001B01,10,1,1
201800056010,2018-01-28,2018,janvier,dimanche,10:30,973,97312,5.37744,-52.95511,2,1,3,1,1,4,2,02,1,1,,,1,0,1,3,2,7,5,1,2,00,2,8,10,201800056010B01,33,1,1
201800056016,2018-05-31,2018,mai,jeudi,72:0,973,97308,3.89401,-51.8028,2,1,3,1,2,4,2,02,1,1,,,3,0,1,4,1,36,2,1,2,00,2,8,2,201800056016B01,13,2,1
201800056016,2018-05-31,2018,mai,jeudi,72:0,973,97308,3.89401,-51.8028,2,1,3,1,2,4,2,02,1,1,,,3,0,1,4,1,8,2,1,2,00,2,8,2,201800056016B01,13,2,1
201800056019,2018-02-08,2018,février,jeudi,12:45,973,97311,5.49136,-54.01888,2,1,1,1,1,4,2,02,1,1,,,1,0,1,3,1,16,2,1,2,00,2,1,11,201800056019B01,7,1,1
201800056068,2018-12-01,2018,décembre,samedi,63:8,974,97418,-20.89755,55.51107,2,6,1,1,1,2,1,02,1,3,,,1,3,1,3,1,48,5,1,2,00,2,0,1,201800056068B01,7,9,1
201800056082,2018-11-02,2018,novembre,vendredi,16:40,974,97402,-20.99039,55.66199,1,1,3,1,1,2,1,01,2,1,,,1,3,1,3,1,53,0,1,2,00,2,3,11,201800056082A01,10,1,1
201800056085,2018-01-14,2018,janvier,dimanche,16:30,974,97419,-21.18066,55.82655,1,1,2,1,1,2,2,02,1,1,,,1,0,1,3,1,15,5,1,2,00,2,4,13,201800056085B01,7,17,1
201800056087,2018-05-30,2018,mai,mercredi,17:15,974,97419,-21.12825,55.7938,2,9,3,1,2,4,2,02,1,1,,,2,0,4,3,1,16,3,1,2,00,2,8,0,201800056087A01,7,9,1
201800056096,2018-10-18,2018,octobre,jeudi,64:5,974,97421,-21.03361,55.5066,2,1,6,1,1,9,2,02,2,2,,,1,0,1,3,1,14,5,1,2,00,1,2,1,201800056096A01,,,
201800056117,2018-01-28,2018,janvier,dimanche,22:10,974,97415,-21.02931,55.22698,2,4,1,3,1,2,2,02,1,1,,,1,3,1,3,1,25,1,1,2,00,2,1,1,201800056117B01,7,15,1
201800056121,2018-04-11,2018,avril,mercredi,93:0,974,97415,-21.05996,55.2243,2,1,3,1,1,2,2,02,2,1,,,1,0,1,4,1,38,9,1,2,00,2,3,13,201800056121B01,7,2,1
201800056144,2018-10-06,2018,octobre,samedi,15:20,974,97424,-21.13836,55.46734,2,3,3,1,1,4,-1,02,2,2,,,1,0,1,4,1,9,5,1,2,00,2,1,1,201800056144B01,7,1,1
201800056152,2018-06-16,2018,juin,samedi,17:15,974,97422,-21.22395,55.55212,2,1,3,2,1,2,2,02,2,2,,,1,0,1,3,1,16,5,1,2,13,2,0,17,201800056152B01,7,15,1
201800056208,2018-08-20,2018,août,lundi,23:30,971,97103,16.25311,-61.57294,1,9,1,3,3,2,2,02,1,1,,,2,3,1,3,1,60,5,1,2,00,2,1,5,201800056208B01,7,1,1
201800056227,2018-01-09,2018,janvier,mardi,10:30,976,97606,-12.91267,45.15858,1,1,6,1,1,4,2,02,1,1,,,1,0,1,3,1,30,1,1,2,00,9,7,1,201800056227A01,,,
201800056232,2018-07-22,2018,juillet,dimanche,75:0,976,97603,-12.9248,45.18064,1,1,4,1,1,2,2,02,2,3,,,1,0,1,4,1,41,5,1,2,00,0,4,2,201800056232B01,7,2,1
201800056232,2018-07-22,2018,juillet,dimanche,75:0,976,97603,-12.9248,45.18064,1,1,4,1,1,2,2,02,2,3,,,1,0,1,3,1,42,5,1,2,00,0,4,2,201800056232C01,7,2,1
201800056239,2018-01-08,2018,janvier,lundi,73:0,973,97309,4.89943,-52.2738,2,1,2,1,1,3,2,02,1,1,,,1,0,1,4,2,44,5,1,2,01,2,2,1,201800056239B01,7,1,1
201800056243,2018-03-03,2018,mars,samedi,17:40,973,97309,4.87992,-52.29444,1,1,6,3,2,3,2,02,1,1,,,2,0,1,3,2,39,5,1,2,14,0,1,1,201800056243A01,,,
201800056245,2018-04-01,2018,avril,dimanche,17:45,973,97309,4.92075,-52.27987,2,1,1,2,1,3,2,02,1,1,,,1,0,5,3,1,34,5,1,2,00,2,1,1,201800056245B01,7,21,1
201800056248,2018-05-11,2018,mai,vendredi,17:15,973,97309,4.88789,-52.27604,2,1,5,1,8,3,2,02,2,1,,,1,0,1,4,1,15,9,1,2,00,2,4,18,201800056248B01,7,16,1
201800056248,2018-05-11,2018,mai,vendredi,17:15,973,97309,4.88789,-52.27604,2,1,5,1,8,3,2,02,2,1,,,1,0,1,3,1,13,9,1,2,00,2,1,1,201800056248C01,7,16,1
201800056249,2018-05-19,2018,mai,samedi,53:0,973,97309,4.88248,-52.29189,1,1,2,3,1,3,2,02,1,1,,,1,0,1,2,1,41,9,1,2,00,2,6,1,201800056249B01,10,14,1
201800056250,2018-05-21,2018,mai,lundi,18:45,973,97309,4.88949,-52.27559,1,1,6,3,1,3,2,02,1,1,,,1,0,3,4,1,34,0,1,2,00,0,4,1,201800056250A01,,,
201800056265,2018-09-20,2018,septembre,jeudi,83:0,973,97309,4.88563,-52.29661,1,3,3,1,1,3,2,02,1,1,,,1,5,1,3,2,15,5,1,2,00,2,8,19,201800056265A01,7,,1
201800056267,2018-09-27,2018,septembre,jeudi,16:40,973,97309,4.91609,-52.27037,2,3,6,1,1,4,2,02,1,1,,,1,0,3,3,1,16,2,1,2,13,0,0,0,201800056267A01,,,