Num_Acc,date,an,mois,jour,hrmn,dep,com,lat,long,agg,int,col,lum,atm,catr,circ,nbv,prof,plan,lartpc,larrout,surf,infra,situ,grav,sexe,age,trajet,secuexist,equipement,obs,obsm,choc,manv,vehiculeid,typevehicules,manoeuvehicules,numVehicules
201800056270,2018-10-12,2018,octobre,vendredi,17:30,973,97309,4.88587,-52.28568,1,1,2,1,1,4,2,02,2,1,,,1,0,1,3,1,14,5,1,2,00,2,0,13,201800056270B01,7,17,1
201800056293,2018-03-13,2018,mars,mardi,15:25,973,97307,4.89505,-52.3307,1,3,3,1,1,4,1,01,1,1,,,1,0,1,2,1,51,9,1,2,00,2,1,19,201800056293B01,10,1,1
201800056317,2018-08-30,2018,août,jeudi,22:25,973,97307,4.77029,-52.33915,1,1,2,3,1,3,2,02,1,1,,,1,0,1,3,1,24,5,1,2,00,2,4,1,201800056317B01,10,1,1
201800056320,2018-09-23,2018,septembre,dimanche,63:0,973,97307,4.88628,-52.34275,2,3,6,2,1,4,,,,,,,,,,3,1,11,5,1,2,06,0,1,0,201800056320A01,,,
201800056322,2018-10-05,2018,octobre,vendredi,17:40,973,97307,4.83145,-52.33957,2,3,1,1,1,2,2,02,1,1,,,1,5,1,4,1,48,3,1,2,00,2,7,1,201800056322A01,7,15,1
201800056352,2018-08-03,2018,août,vendredi,10:15,974,97413,-21.2266,55.29315,1,1,2,1,1,2,2,02,1,1,,,1,0,5,3,1,61,5,1,2,01,0,1,1,201800056352B01,7,23,1
201800056353,2018-09-25,2018,septembre,mardi,16:15,974,97413,-21.16611,55.33335,1,1,3,1,1,3,2,02,1,3,,,1,0,1,2,1,11,2,1,2,00,2,8,16,201800056353B01,14,16,1
201800056355,2018-11-30,2018,novembre,vendredi,18:45,974,97413,-21.19145,55.30183,2,1,7,2,1,4,2,02,2,3,,,1,0,1,3,1,12,5,1,2,00,0,0,1,201800056355A01,,,
201800056364,2018-10-27,2018,octobre,samedi,92:0,971,97109,15.96185,-61.70769,1,1,1,1,1,3,2,02,1,1,,,1,0,1,3,1,61,5,1,2,00,2,1,10,201800056364B01,7,17,1
201800056369,2018-03-07,2018,mars,mercredi,19:10,974,97414,-21.27922,55.41315,2,6,5,5,1,3,2,02,2,1,,,1,5,1,4,1,14,5,1,2,00,2,1,5,201800056369A01,7,1,2
201800056372,2018-04-19,2018,avril,jeudi,17:20,974,97414,-21.26578,55.43744,2,1,3,1,1,4,2,02,2,1,,,1,0,1,1,1,16,5,1,2,00,2,7,17,201800056372A01,10,15,1
201800056372,2018-04-19,2018,avril,jeudi,17:20,974,97414,-21.26578,55.43744,2,1,3,1,1,4,2,02,2,1,,,1,0,1,4,1,16,5,1,2,00,2,7,17,201800056372A01,10,15,1
201800056383,2018-10-10,2018,octobre,mercredi,15:25,974,97414,-21.28995,55.40637,2,2,3,1,1,4,3,02,1,1,,,1,0,1,2,1,12,5,1,2,00,2,1,8,201800056383A01,7,2,1
201800056387,2018-12-17,2018,décembre,lundi,17:00,974,97414,-21.2722,55.43647,2,1,1,1,1,4,2,02,2,3,,,1,0,1,3,1,14,5,1,2,00,2,3,1,201800056387B01,7,13,1
201800056392,2018-07-27,2018,juillet,vendredi,23:45,974,97410,-21.05327,55.72698,1,1,2,3,1,2,2,02,1,1,,,1,0,1,4,1,23,5,1,2,00,0,0,0,201800056392B01,33,2,1
201800056438,2018-04-07,2018,avril,samedi,90:5,972,97210,14.60068,-60,1,6,3,1,1,2,2,02,1,2,,,1,0,1,4,1,75,5,1,2,00,2,8,0,201800056438B01,10,16,1
201800056451,2018-04-28,2018,avril,samedi,65:5,972,97231,14.52842,-61.00291,1,1,2,1,1,3,2,02,2,1,,,1,0,1,2,1,64,5,1,2,00,0,4,1,201800056451A01,7,1,1
201800056456,2018-07-03,2018,juillet,mardi,17:45,972,97206,14.49029,-61.04334,1,3,2,1,1,3,-1,02,2,1,,,1,0,1,3,1,17,0,1,2,00,2,1,15,201800056456B01,7,1,1
201800056490,2018-12-16,2018,décembre,dimanche,14:50,972,97222,14.68051,-60,2,3,3,1,1,4,2,02,1,1,,,1,0,1,3,1,7,5,1,2,00,2,1,1,201800056490B01,7,1,1
201800056511,2018-10-07,2018,octobre,dimanche,83:0,974,97412,-21.35931,55.59904,2,1,6,1,1,3,2,02,2,3,,,1,0,3,4,1,51,5,1,2,00,0,0,23,201800056511B01,7,1,1
201800056512,2018-10-27,2018,octobre,samedi,10:00,974,97412,-21.38156,55.64849,2,1,1,1,1,2,2,02,1,1,,,1,0,1,3,1,37,5,1,2,00,2,1,1,201800056512B01,7,5,1
201800056520,2018-05-02,2018,mai,mercredi,17:00,974,97422,-21.28173,55.52696,1,3,3,1,1,4,2,02,2,1,,,1,0,1,3,1,10,5,1,2,00,2,1,15,201800056520B01,7,1,1
201800056524,2018-07-02,2018,juillet,lundi,19:00,974,97422,-21.24178,55.49163,2,1,7,3,1,3,2,02,2,2,,,1,0,3,3,1,19,5,1,2,13,0,1,1,201800056524A01,,,
201800056555,2018-03-21,2018,mars,mercredi,94:0,971,97107,16.05113,-61.5625,2,3,3,1,1,3,2,02,2,1,000,000,1,0,1,4,1,26,5,1,2,00,2,7,21,201800056555B01,7,9,1
201800056582,2018-03-06,2018,mars,mardi,18:30,971,97101,0,-0,1,1,2,5,1,3,2,03,1,1,000,090,1,0,1,4,1,32,0,1,4,00,2,1,14,201800056582B01,7,1,1
201800056585,2018-03-15,2018,mars,jeudi,10:50,971,97101,0,-0,1,4,2,1,1,2,3,02,1,1,010,070,1,3,1,3,2,36,9,1,2,00,2,4,13,201800056585B01,7,1,1
201800056629,2018-06-27,2018,juin,mercredi,62:0,971,97113,16.21803,-61.50912,1,1,3,1,2,2,3,04,1,1,,,2,0,3,4,1,60,5,1,2,00,2,8,1,201800056629B01,10,18,1
201800056674,2018-01-26,2018,janvier,vendredi,21:35,972,97209,14.62148,-61.03857,1,1,3,5,1,4,2,02,1,1,000,000,1,0,1,4,1,11,5,1,4,00,2,8,13,201800056674A01,7,1,1
201800056828,2018-01-17,2018,janvier,mercredi,14:45,973,97302,4.8966,-52.32847,2,6,3,1,1,2,-1,02,1,2,000,090,1,0,1,4,1,41,9,1,9,00,2,1,2,201800056828B01,7,9,1
201800056842,2018-01-29,2018,janvier,lundi,16:45,973,97302,4.92729,-52.31966,2,3,3,1,1,3,2,02,1,1,000,120,1,0,1,4,1,33,0,1,9,00,2,0,0,201800056842B01,7,15,1
201800056850,2018-02-19,2018,février,lundi,19:45,973,97302,4.94431,-52.30985,2,2,3,5,1,3,2,00,1,-1,000,000,1,0,1,4,1,28,9,1,9,00,2,1,15,201800056850A01,7,1,1
201800056854,2018-02-27,2018,février,mardi,21:00,973,97302,4.93651,-52.30726,2,1,3,5,1,3,2,01,-1,-1,000,060,1,0,1,3,2,54,0,1,4,00,2,4,1,201800056854B01,7,15,1
201800056856,2018-03-02,2018,mars,vendredi,20:11,973,97302,4.92569,-52.32426,1,3,3,1,1,3,2,02,1,2,000,060,1,0,1,4,1,34,5,1,9,00,2,1,15,201800056856A01,7,1,1
201800056878,2018-03-26,2018,mars,lundi,63:0,973,97302,4.9347,-52.3085,2,1,6,2,1,3,2,02,1,1,000,000,1,0,1,4,2,17,2,1,9,00,2,1,15,201800056878A01,7,1,1
201800056885,2018-03-28,2018,mars,mercredi,11:50,973,97302,4.9341,-52.31707,2,1,6,1,1,4,2,02,1,1,000,000,1,0,1,4,2,49,0,1,9,00,2,8,1,201800056885A01,,,
201800057154,2018-01-08,2018,janvier,lundi,18:40,974,97407,-20.95033,55.30675,2,1,1,1,1,4,2,02,2,2,000,070,1,0,1,3,1,33,5,1,2,00,2,1,13,201800057154B01,7,21,1
201800057168,2018-03-06,2018,mars,mardi,20:00,974,97407,-0,0,2,6,3,5,2,4,2,02,1,1,001,070,2,5,1,4,1,14,5,1,4,00,2,1,1,201800057168B01,7,9,1
201800057244,2018-02-12,2018,février,lundi,17:30,974,97409,-20.96886,55.65545,2,1,2,1,1,3,2,02,2,2,000,000,1,5,1,3,1,50,5,1,9,00,2,4,2,201800057244B01,7,13,1
201800057245,2018-01-30,2018,janvier,mardi,10:30,974,97409,-20.95818,55.68823,1,1,6,1,1,3,2,02,1,1,000,000,1,0,3,2,1,40,5,1,9,00,0,5,0,201800057245A01,10,0,1
201800057253,2018-05-25,2018,mai,vendredi,18:30,974,97409,-20.95067,55.67508,2,1,3,5,1,4,2,02,2,1,,,1,0,3,4,1,40,5,1,2,00,2,7,13,201800057253A01,7,1,1
201800057268,2018-08-09,2018,août,jeudi,18:00,974,97409,-20.95095,55.6487,2,1,2,1,1,4,2,02,1,1,,,1,0,1,4,1,54,5,1,2,00,2,0,0,201800057268B01,7,0,1
201800057288,2018-02-16,2018,février,vendredi,11:35,974,97411,-0,0,1,1,5,1,1,4,2,01,2,2,000,058,1,0,1,3,1,15,2,1,9,00,2,1,1,201800057288B01,7/ 37,4/1,2
201800057403,2018-02-16,2018,février,vendredi,19:10,974,97416,-0,0,2,6,3,5,1,4,1,01,1,2,000,040,1,0,1,4,1,57,9,1,2,00,2,1,5,201800057403A01,7,15,1
201800057415,2018-02-25,2018,février,dimanche,80:0,974,97416,-21.34127,55.46277,2,3,3,1,1,4,2,02,1,1,000,000,1,0,1,4,1,46,9,1,2,00,2,1,1,201800057415B01,7,15,1
201800057420,2018-03-08,2018,mars,jeudi,19:10,974,97416,-21.29654,55.45071,2,1,3,2,1,3,2,02,1,1,000,060,1,0,1,4,1,22,5,1,4,00,2,3,2,201800057420B01,7,2,1
201800057521,2018-09-27,2018,septembre,jeudi,80:0,974,97416,-21.29643,55.46052,1,1,3,1,1,4,2,02,1,1,,,1,0,2,4,1,26,1,1,2,09,2,1,2,201800057521B01,7,15,1
201800057582,2018-03-21,2018,mars,mercredi,18:10,976,97611,-12.76833,45.22532,2,9,2,2,1,2,2,02,1,1,000,000,1,0,1,4,1,31,9,1,2,05,2,3,9,201800057582B01,7,2,1
201800057587,2018-03-31,2018,mars,samedi,17:40,976,97611,-12.78604,45.22107,2,1,3,2,1,4,2,02,3,1,000,000,1,0,1,4,1,13,9,1,9,00,2,8,0,201800057587B01,7,17,1
201800057587,2018-03-31,2018,mars,samedi,17:40,976,97611,-12.78604,45.22107,2,1,3,2,1,4,2,02,3,1,000,000,1,0,1,4,1,5,9,1,9,00,2,8,0,201800057587B01,7,17,1
201800057676,2018-07-31,2018,juillet,mardi,11:00,976,97611,-12.77302,45.22106,2,1,6,1,1,4,2,02,1,1,,,1,0,3,4,1,4,0,1,3,00,1,1,0,201800057676A01,,,
201900000051,2019-11-29,2019,novembre,vendredi,17:10,45,45234,"47,8763800","1,9145000",2,6,3,2,1,4,1,2,1,2,,,1,0,1,4,1,15,0,2,,0,2,0,9,201900000051B01,7,9,1
201900000102,2019-09-19,2019,septembre,jeudi,17:00,71,71040,"46,6965100","4,3911800",2,3,1,1,1,4,2,2,1,2,,,1,0,1,4,1,53,0,1,2,0,2,2,1,201900000102B01,7,15,1
201900000151,2019-02-17,2019,février,dimanche,07:45,60,60471,"49,5782422","2,9943981",2,6,3,1,1,3,1,1,1,2,,,1,0,1,4,1,32,5,1,2/9,0,2,1,1,201900000151B01,7,9,1
201900000181,2019-02-16,2019,février,samedi,15:30,28,28287,"48,1574460","1,6877360",1,1,5,1,1,3,2,2,1,1,,,1,0,1,3,1,66,5,1,2,0,2,0,1,201900000181C01,3,17,1
201900000181,2019-02-16,2019,février,samedi,15:30,28,28287,"48,1574460","1,6877360",1,1,5,1,1,3,2,2,1,1,,,1,0,1,1,1,26,5,1,2,0,2,0,1,201900000181B01,3,17,1
201900000182,2019-02-18,2019,février,lundi,11:45,28,28137,"48,5515960","1,7361330",1,1,2,1,1,3,2,1,4,1,,,1,0,1,2,1,76,5,2,,0,0,4,2,201900000182B01,7,17,1
201900000188,2019-02-14,2019,février,jeudi,15:15,68,68375,"47,8164620","7,2676050",1,1,3,1,1,3,2,2,2,1,,,1,0,1,4,1,62,5,2,,0,2,3,1,201900000188B01,7,15,1
201900000192,2019-02-17,2019,février,dimanche,19:10,76,76660,"49,4425301","0,2726543",1,1,3,2,1,2,3,4,2,1,,,1,2,5,4,1,25,5,2,,0,0,0,1,201900000192B01,33,0,1
201900000218,2019-02-16,2019,février,samedi,17:10,77,77430,"49,0716100","2,8051200",2,6,3,1,1,3,2,2,1,1,,,1,5,1,3,1,67,5,1,2,0,2,7,15,201900000218B01,7,26,1
201900000220,2019-02-15,2019,février,vendredi,16:40,77,77317,"48,6092150","2,8869400",2,4,1,1,7,4,2,2,1,1,,,1,0,1,3,1,12,2,2,,0,2,1,24,201900000220B01,7,26,1
201900000224,2019-02-16,2019,février,samedi,14:43,78,78548,"48,7150440","2,0019880",1,1,3,1,1,3,2,2,1,1,,,1,0,1,3,1,55,5,1,2,0,2,8,10,201900000224A01,34,17,1
201900000232,2019-05-10,2019,mai,vendredi,17:30,17,17219,"45,8264120"," -1,1087060",2,3,3,1,1,4,1,1,1,1,,,1,5,1,3,1,39,3,2,,0,2,1,16,201900000232B01,7,1,1
201900000240,2019-05-08,2019,mai,mercredi,10:00,64,64496,"43,4800542"," -1,4416990",1,6,3,1,2,1,3,2,1,1,,,2,3,1,3,1,34,5,2,,0,0,7,15,201900000240B01,7,9,1
201900000245,2019-05-17,2019,mai,vendredi,14:30,33,33238,"44,7205000"," -0,6037100",2,3,3,1,1,3,2,2,2,4,,,1,0,1,3,1,18,5,1,2,0,2,1,1,201900000245B01,7,9,1
201900000254,2019-05-04,2019,mai,samedi,11:20,72,72154,"47,6975360"," -0,0894790",2,1,6,1,1,3,2,2,1,1,,,1,0,1,4,1,52,5,2,,0,2,8,1,201900000254A01,7,1,1
201900000257,2019-05-26,2019,mai,dimanche,08:00,49,49023,"47,1841860"," -1,1068360",2,1,1,1,2,4,1,1,1,2,,,1,0,1,4,1,62,5,1,2,0,0,1,5,201900000257A01,7,1,1
201900000293,2019-05-29,2019,mai,mercredi,12:50,27,27335,"49,1346320","1,1887900",2,4,1,1,8,3,2,2,2,3,,,1,0,5,3,1,12,9,2,,0,2,1,5,201900000293B01,7,1,1
201900000305,2019-05-12,2019,mai,dimanche,11:44,62,62170,"50,4218350","2,6607360",2,1,2,1,1,3,2,2,4,1,,,1,0,1,4,1,21,5,1,6/2,0,0,4,1,201900000305B01,33,1,1
201900000320,2019-08-16,2019,août,vendredi,20:00,64,64445,"43,2965300"," -0,3730700",2,1,6,1,1,4,2,1,2,3,,,1,0,1,1,1,15,5,2,,0,1,1,1,201900000320A01,,,
201900000337,2019-08-14,2019,août,mercredi,18:10,56,56121,"47,7458700"," -3,3804500",2,6,7,1,2,4,2,1,1,3,,,2,5,1,3,1,25,4,1,2,0,0,7,16,201900000337A01,,,
201900000360,2019-08-15,2019,août,jeudi,12:25,44,44132,"47,2596070"," -2,3390750",2,6,3,1,1,4,1,2,1,2,,,1,0,1,1,1,16,5,2,,0,2,1,16,201900000360A01,1,9,1
201900000360,2019-08-15,2019,août,jeudi,12:25,44,44132,"47,2596070"," -2,3390750",2,6,3,1,1,4,1,2,1,2,,,1,0,1,4,2,64,5,2,,0,2,1,9,201900000360B01,1,16,1
201900000478,2019-10-24,2019,octobre,jeudi,08:30,75,75118,"48,8881149","2,3598786",2,1,3,1,1,4,2,4,1,1,,,1,0,1,4,2,30,1,1,2,0,2,7,12,201900000478B01,14,1,1
201900000480,2019-10-24,2019,octobre,jeudi,19:55,75,75115,"48,8361386","2,2972210",2,2,6,5,1,4,1,1,2,1,,,1,0,1,1,1,23,5,1,2,0,1,1,1,201900000480A01,,,
201900000483,2019-10-24,2019,octobre,jeudi,20:10,75,75108,"48,8756728","2,3195863",2,7,6,5,1,4,2,4,1,1,,,1,0,1,4,2,20,2,1,2,0,2,6,9,201900000483A01,30,1,1
201900000528,2019-10-24,2019,octobre,jeudi,14:40,3,03082,"46,2949333","2,7353721",2,2,3,1,1,4,2,2,1,1,,,1,0,1,3,1,60,5,2,,0,2,1,1,201900000528B01,7,1,1
201900000530,2019-10-25,2019,octobre,vendredi,11:50,1,01093,"46,1073500","4,9627720",1,3,1,1,1,3,2,2,1,1,,,1,0,1,3,1,14,5,1,2,13,0,4,15,201900000530B01,7,21,1
201900000538,2019-10-25,2019,octobre,vendredi,17:25,4,04004,"43,7778290","6,0276900",1,1,7,1,1,3,2,2,2,3,,,1,0,1,4,1,70,5,1,2,0,0,0,1,201900000538A01,,,
201900000558,2019-11-29,2019,novembre,vendredi,19:26,75,75105,"48,8384763","2,3570239",2,2,6,5,1,4,2,4,1,1,,,1,0,1,1,1,41,1,1,2,0,1,8,1,201900000558A01,,,
201900000603,2019-11-30,2019,novembre,samedi,17:10,51,51660,"49,3481234","4,2125039",2,9,1,2,1,3,2,2,1,1,,,1,5,1,2,1,79,9,2,,0,2,7,19,201900000603B01,7,1,1
201900000613,2019-11-29,2019,novembre,vendredi,15:35,47,47147,"44,6360760","0,2417190",1,3,1,1,7,3,2,2,2,3,,,1,0,1,2,1,71,5,1,2,0,2,1,1,201900000613B01,7,15,1
201900000634,2019-11-29,2019,novembre,vendredi,20:45,33,33199,"44,6365100"," -1,0956600",2,1,2,4,1,3,2,2,1,1,,,1,0,1,3,1,76,5,2,,0,0,4,2,201900000634B01,7,2,1
201900000641,2019-11-27,2019,novembre,mercredi,11:51,67,67205,"48,6906490","7,7846270",2,6,3,1,1,4,2,2,1,1,,,1,5,1,4,2,63,5,2,,0,2,7,1,201900000641B01,7,1,1
201900000669,2019-11-27,2019,novembre,mercredi,06:20,75,75116,"48,8637090","2,2401166",2,2,3,5,1,4,2,4,1,1,,,2,0,1,4,1,23,1,1,2,0,2,8,1,201900000669B01,10,15,1
201900000670,2019-11-28,2019,novembre,jeudi,18:30,75,75115,"48,8441850","2,3228920",2,3,3,5,1,4,3,3,1,1,,,1,0,1,4,2,32,0,1,2,0,2,1,17,201900000670B01,7,22,1
201900000701,2019-08-28,2019,août,mercredi,19:35,51,51612,"48,9069063","4,0173334",2,1,2,1,1,3,2,2,1,1,,,1,9,1,3,1,44,5,1,2,0,2,1,2,201900000701A01,7,2,1
201900000708,2019-10-22,2019,octobre,mardi,17:15,29,29075,"48,4323110"," -4,4413739",1,1,3,1,1,2,1,1,1,1,,,1,3,1,4,1,70,5,1,2,0,2,7,12,201900000708A01,33,1,1
201900000717,2019-11-28,2019,novembre,jeudi,17:50,88,88307,"48,0244930","5,8090520",1,1,3,3,2,3,2,2,1,2,,,2,0,1,3,1,13,5,2,,0,2,1,15,201900000717B01,7,17,1
201900000774,2019-09-15,2019,septembre,dimanche,11:00,22,22278,"48,5194100"," -2,7882680",2,2,3,1,1,4, -1,2,1,1,,,1,0,1,4,1,76,5,1,2,0,2,0,1,201900000774A01,1,15,1
201900000774,2019-09-15,2019,septembre,dimanche,11:00,22,22278,"48,5194100"," -2,7882680",2,2,3,1,1,4, -1,2,1,1,,,1,0,1,1,1,11,5,1,2,0,2,1,15,201900000774B01,1,1,1
201900000793,2019-09-19,2019,septembre,jeudi,09:00,5,05061,"44,5672300","6,0971900",2,6,3,1,1,2,2,2,1,1,,,1,0,1,4,2,50,1,1,2,0,2,7,19,201900000793B01,7,16,1
201900000807,2019-09-20,2019,septembre,vendredi,19:25,75,75113,"48,8259651","2,3531906",2,1,6,2,1,4,2,4,1,1,,,1,0,6,4,1,18,2,1,2,0,2,4,7,201900000807A01,10,7,1
201900000810,2019-09-20,2019,septembre,vendredi,15:35,75,75112,"48,8341140","2,4435680",2,1,6,1,1,4,2,2,1,1,,,1,0,5,4,1,74,5,1,2,1,0,1,1,201900000810B01,,,
201900000812,2019-09-20,2019,septembre,vendredi,15:45,75,75108,"48,8771953","2,3230354",2,3,6,1,1,4,2,4,2,1,,,1,0,6,4,2,27,5,1,2,0,2,1,1,201900000812A01,7,22,1
201900000815,2019-09-20,2019,septembre,vendredi,17:20,75,75104,"48,8552101","2,3458059",2,1,6,1,1,4,1,4,1,1,,,1,0,6,1,1,24,9,1,2,0,1,1,7,201900000815A01,,,
201900000857,2019-09-20,2019,septembre,vendredi,09:00,62,62473,"50,6184900","2,4705790",2,7,2,1,1,9,2,2,1,1,,,1,0,1,3,1,85,5,2,,0,2,4,23,201900000857A01,7,1,1
201900000858,2019-09-20,2019,septembre,vendredi,19:45,41,41149,"47,7467890","0,8643610",2,1,6,3,1,4,2,2,1,1,,,1,0,1,1,1,25,5,1,2,0,2,5,2,201900000858B01,1,2,1
201900000858,2019-09-20,2019,septembre,vendredi,19:45,41,41149,"47,7467890","0,8643610",2,1,6,3,1,4,2,2,1,1,,,1,0,1,2,1,61,5,1,2,0,9,0,2,201900000858A01,1,2,1
201900000866,2019-09-20,2019,septembre,vendredi,15:20,65,65036,"42,9876438"," -0,0565356",1,1,6,1,1,3,2,2,2,3,,,1,0,1,3,1,66,5,1,2,10,0,1,1,201900000866A01,,,
201900000879,2019-09-21,2019,septembre,samedi,15:35,50,50507,"49,4950110"," -1,2656440",1,1,2,1,1,3,2,2,1,1,,,1,0,1,4,1,59,5,1,2,0,2,4,2,201900000879B01,7,2,1
201900000887,2019-09-20,2019,septembre,vendredi,07:45,49,49132,"47,6493570"," -0,4418740",2,3,6,1,1,4,2,2,1,1,,,1,0,1,3,1,80,5,2,,0,2,8,5,201900000887B01,38,15,1
201900000888,2019-09-14,2019,septembre,samedi,16:10,35,35131,"48,1293510"," -1,8095160",2,2,3,1,1,4,2,2,1,1,,,1,0,1,1,1,71,5,2,,0,9,2,19,201900000888B01,50,1,1
201900000889,2019-09-21,2019,septembre,samedi,10:30,38,38289,"45,1263300","6,0432400",1,1,6,1,1,3,2,1,2,2,,,2,0,1,3,1,35,5,1,2,0,2,1,2,201900000889A01,1,2,1
201900000889,2019-09-21,2019,septembre,samedi,10:30,38,38289,"45,1263300","6,0432400",1,1,6,1,1,3,2,1,2,2,,,2,0,1,3,1,41,5,1,2,0,0,4,2,201900000889B01,1,2,1
201900000907,2019-09-20,2019,septembre,vendredi,11:15,27,27016,"49,2493350","1,4390520",2,1,1,1,1,4,2,2,1,1,,,1,0,1,4,1,18,2,2,,0,2,7,19,201900000907B01,7,1,1
201900000991,2019-10-13,2019,octobre,dimanche,12:10,63,63113,"45,7928399","3,1198883",2,3,5,1,1,7,2,2,1,1,,,1,0,3,1,1,26,0,2,,0,2,1,1,201900000991B01,7/ 2,9/1,2
201900001003,2019-02-14,2019,février,jeudi,13:36,67,67433,"48,3772780","7,6191370",1,4,3,1,7,3,2,2,1,2,,,1,5,1,3,1,62,5,1,2/6,0,2,7,1,201900001003B01,7,16,1
201900001022,2019-01-30,2019,janvier,mercredi,18:10,69,69191,"45,8124880","4,8183480",2,1,6,5,1,3,2,2,2,1,,,1,0,1,3,1,28,9,1,2,0,2,1,1,201900001022B01,7,15,1
201900001041,2019-02-17,2019,février,dimanche,12:48,76,76024,"49,7503050","1,2846030",1,1,2,1,6,3,2,2,1,1,,,1,0,1,3,1,33,5,1,2,0,2,1,2,201900001041A01,7,23,1
201900001049,2019-02-14,2019,février,jeudi,17:35,59,59571,"50,1777520","3,4714876",1,1,3,1,7,3,2,2,2,1,,,1,0,1,3,1,35,5,1,2,0,2,8,2,201900001049B01,99,2,1
201900001142,2019-02-12,2019,février,mardi,08:45,69,69389,"45,7742200","4,8029000",2,1,3,1,1,4,2,2,1,1,,,1,0,1,4,1,50,1,1,2,0,2,1,1,201900001142B01,7,9,1
201900001156,2019-02-12,2019,février,mardi,16:40,83,83069,"43,1244700","6,1887500",1,9,3,1,1,4,3,2,2,1,,,1,0,1,3,1,76,5,2,,0,2,1,19,201900001156A01,33,1,1
201900001174,2019-02-11,2019,février,lundi,15:25,64,64024,"43,4803700"," -1,5222600",2,1,7,1,2,4,2,2,1,1,,,2,0,1,3,2,64,5,2,,12,0,2,26,201900001174A01,,,
201900001190,2019-05-23,2019,mai,jeudi,08:30,59,59400,"50,6436200","2,6401080",2,1,3,1,1,3,2,2,1,1,,,1,0,1,3,1,81,5,2,,0,2,8,1,201900001190A01,10,17,1
201900001454,2019-06-06,2019,juin,jeudi,17:00,92,92050,"48,8923050","2,2094080",2,1,2,1,1,3,3,2,1,1,,,1,0,1,4,1,50,0,2,,1,0,1,17,201900001454B01,7,24,1
201900001471,2019-08-08,2019,août,jeudi,09:10,14,14118,"49,1725600"," -0,3545300",2,3,3,1,1,4,2, -1,2,1,,,1,0,1,4,1,41, -1,2,,0,0,0,1,201900001471B01,7,1,1
201900001499,2019-08-13,2019,août,mardi,09:00,13,13209,"43,2487840","5,4417060",2,1,1,1,1,3,2,2,1,1,,,1,0,1,4,1,54,5,1,2,0,2,1,1,201900001499B01,7,15,1
201900001545,2019-08-14,2019,août,mercredi,08:25,5,05023,"44,9056000","6,6302000",2,1,6,1,1,2,2,2,2,1,,,1,0,1,1,1,28,1,2,,0,1,1,1,201900001545A01,,,
201900001590,2019-08-15,2019,août,jeudi,22:00,75,75118,"48,8989116","2,3590122",2,4,6,5,2,4,1,2,1,1,,,2,0,1,4,1,23,0,1,2,0,2,4,1,201900001590A01,7,14,1
201900001618,2019-06-11,2019,juin,mardi,10:45,87,87157,"45,9386110","1,4586490",1,1,2,1,2,4, -1,1,3,2,,,2,0,1,3,1,62,5,2,,0,2,1,2,201900001618A01,7,1,1
201900001625,2019-08-13,2019,août,mardi,15:30,75,75109,"48,8765705","2,3465735",2,3,3,1,1,4,2,3,1,1,,,1,0,1,4,1,41,5,1,2,0,2,1,1,201900001625B01,10,16,1
201900001633,2019-08-16,2019,août,vendredi,00:01,75,75102,"48,8708792","2,3467142",2,3,3,5,1,4,2,3,1,1,,,1,0,1,4,2,30,0,1,2,0,2,8,15,201900001633A01,7,1,1
201900001636,2019-08-15,2019,août,jeudi,15:45,75,75103,"48,8586818","2,3587801",2,2,3,1,8,4,1,0,1,1,,,1,0,1,4,1,18,5,1,2,0,2,0,18,201900001636B01,7,20,1
201900001736,2019-08-17,2019,août,samedi,14:15,84,84069,"44,1607480","5,1468650",1,1,3,1,1,3,2,2,2,3,,,1,0,1,3,1,55,5,1,2,0,2,3,13,201900001736B01,7,1,1
201900001737,2019-07-25,2019,juillet,jeudi,12:50,84,84126,"44,2051860","5,0223070",1,6,3,1,1,3,3,1,1,3,,,1,5,1,3,1,61,5,1,2,0,2,2,26,201900001737B01,7,26,1
201900001738,2019-08-16,2019,août,vendredi,11:45,31,31547,"43,5040470","1,2483680",1,2,3,1,1,3,2,2,1,1,,,1,5,1,4,1,59,5,1,2,0,2,1,1,201900001738B01,7,19,1
201900001740,2019-08-14,2019,août,mercredi,15:55,68,68162,"48,1373590","7,3227250",1,1,7,1,1,3,2,2,2,2,,,1,0,3,3,1,87,5,1,2,16,0,8,14,201900001740A01,,,
201900001754,2019-10-24,2019,octobre,jeudi,17:45,57,57433,"49,2083540","6,1542470",2,1,3,1,1,3,3,2,1,1,,,1,9,1,4,2,12,5,2,,0,2,1,19,201900001754B01,7,1,1
201900001857,2019-10-23,2019,octobre,mercredi,17:10,75,75118,"48,8986751","2,3670130",2,1,3,1,8,4,3,2,1,1,,,2,9,1,4,1,47,5,1,2,0,2,1,1,201900001857B01,10,22,1
201900001858,2019-10-23,2019,octobre,mercredi,16:00,75,75118,"48,8912100","2,3396426",2,5,3,1,2,4,1,1,2,1,,,2,0,1,4,2,51,5,1,2,0,2,1,1,201900001858B01,7,1,1