Num_Acc,date,an,mois,jour,hrmn,dep,com,lat,long,agg,int,col,lum,atm,catr,circ,nbv,prof,plan,lartpc,larrout,surf,infra,situ,grav,sexe,age,trajet,secuexist,equipement,obs,obsm,choc,manv,vehiculeid,typevehicules,manoeuvehicules,numVehicules
201900001859,2019-10-23,2019,octobre,mercredi,14:30,75,75110,"48,8732275","2,3642030",2,2,6,1,8,4,1,2,1,1,,,1,0,5,4,1,34,4,1,2,0,1,1,5,201900001859A01,,,
201900001860,2019-10-23,2019,octobre,mercredi,10:38,75,75118,"48,8868300","2,3596900",2,3,3,1,8,4,3,4,1,1,,,1,0,1,3,1,24,0,1,2,0,2,1,1,201900001860A01,10,1,1
201900001869,2019-10-23,2019,octobre,mercredi,11:50,75,75112,"48,8481109","2,3974879",2,7,3,1,1,4,4,4,1,1,,,1,0,1,4,1,14,0,1,2,0,2,4,11,201900001869B01,10,1,1
201900001870,2019-10-23,2019,octobre,mercredi,18:30,75,75110,"48,8698630","2,3607300",2,2,3,5,1,4,4,1,1,1,,,1,0,5,4,2,27,0,1,2,0,2,8,1,201900001870B01,10,1,1
201900001907,2019-10-23,2019,octobre,mercredi,16:00,64,64371,"43,2208915"," -0,8878753",2,1,6,1,8,3,1,1,1,1,,,1,0,4,1,1,13,5,2,,0,1,1,25,201900001907A01,,,
201900001927,2019-11-28,2019,novembre,jeudi,17:20,44,44052,"47,3449961"," -2,0706043",2,1,6,2,1,4,2,2,1,1,,,1,9,8,1,1,13,2,2,,0,1,1,1,201900001927A01,,,
201900001967,2019-11-26,2019,novembre,mardi,16:45,76,76498,"49,4317400","1,0702000",2,1,2,1,1,4,1,1,1,1,,,1,0,1,4,1,25,5,2,,0,2,4,2,201900001967A01,7,2,1
201900001969,2019-11-25,2019,novembre,lundi,17:30,76,76351,"49,5318400","0,1031600",2,6,3,5,1,3,1,2,1,2,,,1,0,1,4,1,48,0,1,2,0,2,7,1,201900001969B01,7,9,1
201900002028,2019-11-27,2019,novembre,mercredi,20:32,75,75120,"48,8745444","2,3866577",2,1,1,5,1,4,2,2,2,1,,,1, -1,6,4,2,50,9,1,2,0,2,1,17,201900002028B01,37,7,1
201900002071,2019-11-27,2019,novembre,mercredi,12:00,68,68075,"47,5324190","7,3332350",1,1,7,1,1,9,2,1,1,1,,,1,0,5,3,2,47,5,1,2/6/9,0,0,9,0,201900002071A01,,,
201900002073,2019-11-23,2019,novembre,samedi,17:25,29,29298,"47,9133560"," -4,3162860",1,1,2,2,8,3,2,2,2,4,,,2,0,1,4,1,53,5,1,2,0,2,4,1,201900002073B01,7,1,1
201900002083,2019-11-28,2019,novembre,jeudi,05:45,974,97422," -21,2217070","55,5604410",2,1,3,1,1,2,2,2,2,3,,,1,0,1,2,1,14,2,2,,0,2,1,13,201900002083A01,37,1,1
201900002109,2019-12-20,2019,décembre,vendredi,15:15,974,97411," -20,8894413","55,4799324",2,1,1,1,1,4,2,2,2,1,,,1,0,1,4,1,26,5,2,,0,2,1,16,201900002109B01,7,1,1
201900002137,2019-12-02,2019,décembre,lundi,09:55,6,06088,"43,7169600","7,2555230",2,3,3,1,1,4,2,2,2,1,,,2,0,1,4,1,24,0,2,,0,2,1,1,201900002137A01,7,2,1
201900002151,2019-12-16,2019,décembre,lundi,13:25,76,76575,"49,3920800","1,0870400",2,6,3,1,1,4, -1,1,1,1,,,1,0,1,4,2,35,1,1,2/4,0,2,0,9,201900002151A01,7,9,1
201900002172,2019-09-11,2019,septembre,mercredi,08:25,29,29019,"48,4023988"," -4,4885748",2,1,3,1,8,4,2,0,1,2,,,2,0,1,4,1,19,0,1,2,0,0,8,2,201900002172B01,7,17,1
201900002187,2019-09-15,2019,septembre,dimanche,10:30,6,06088,"43,6652260","7,2029889",2,4,3,1,1,7,1,1,2,3,,,1,9,1,3,1,62,5,1,2,0,2,8,19,201900002187A01,7,1,1
201900002191,2019-07-06,2019,juillet,samedi,11:25,10,10245,"48,2560330","4,2075810",2,1,7,1,1,3,2,2,2,1,,,1,0,3,2,1,62,5,1,2,0,0,0,1,201900002191A01,,,
201900002192,2019-09-29,2019,septembre,dimanche,18:05,38,38012,"45,5906930","5,6135070",2,3,3,1,1,3,2,2,1,2,,,1,5,1,4,2,56,5,1,2/6,0,2,4,1,201900002192B01,7,15,1
201900002200,2019-08-05,2019,août,lundi,12:00,61,61215,"48,5187790","0,3707250",1,1,3,1,1,4,2,2,2,1,,,1,0,1,4,1,17,5,1,6/9,13,2,8,1,201900002200B01,7,17,1
201900002255,2019-07-01,2019,juillet,lundi,11:40,6,06077,"43,8820810","7,3594460",1,1,6,1,7,3,2,2,1,1,,,1,0,1,3,1,54,5,1,2,8,0,1,1,201900002255A01,,,
201900002318,2019-09-17,2019,septembre,mardi,11:40,64,64122,"43,4703700"," -1,5688600",2,1,6,1,1,4,1,2,2,1,,,1,0,1,4,2,40,5,2,,0,0,0,1,201900002318B01,7,16,1
201900002352,2019-09-19,2019,septembre,jeudi,18:50,75,75120,"48,8641600","2,3922300",2,3,6,1,1,4,2,2,2,1,,,1,0,1,4,1,48,1,1,2,0,2,1,1,201900002352A01,7,15,1
201900002363,2019-09-18,2019,septembre,mercredi,09:20,75,75116,"48,8375241","2,2567195",2,7,3,1,1,4,4,3,1,3,,,1,0,1,4,2,42,1,1,2,0,2,8,1,201900002363B01,7,16,1
201900002365,2019-09-19,2019,septembre,jeudi,20:00,75,75120,"48,8470311","2,4114947",2,7,3,2,1,4,2,6,1,1,,,1,0,1,4,2,14,5,1,2,0,2,8,16,201900002365A01,32,1,1
201900002371,2019-09-19,2019,septembre,jeudi,10:30,75,75104,"48,8543470","2,3449290",2,2,3,1,1,4,2,4,1,1,,,1,0,6,4,2,17,0,1,2,0,2,0,13,201900002371B01,37,7,1
201900002423,2019-09-20,2019,septembre,vendredi,10:25,34,34096,"43,5624760","3,1806360",1,4,6,1,1,3,2,3,2,2,,,1,0,1,2,1,83,5,1,2,0,2,8,19,201900002423A01,7,1,1
201900002432,2019-09-20,2019,septembre,vendredi,10:05,18,18015,"47,5158280","2,4022350",1,1,2,1,7,3,2,2,1,1,,,1,0,1,3,1,72,5,1,2/9,0,2,4,1,201900002432B01,14,1,1
201900002455,2019-02-11,2019,février,lundi,15:07,47,47001,"44,2056200","0,6165000",2,4,3,1,1,4,1,1,1,3,,,1,0,1,3,1,38,9,2,,0,2,1,1,201900002455A01,7,15,1
201900002479,2019-02-12,2019,février,mardi,15:45,29,29019,"48,4018237"," -4,5024778",2,6,3,1,1,4, -1,0,1,1,,,1,0,1,4,1,22, -1,1,2,0,2,8,19,201900002479B01,7,0,1
201900002518,2019-02-11,2019,février,lundi,11:43,75,75103,"48,8601140","2,3664630",2,3,3,1,1,4, -1,2,2,1,,,1,0,1,3,1,57,0,2,,0,2,2,1,201900002518A01,7,16,1
201900002542,2019-02-12,2019,février,mardi,15:10,44,44010,"47,2675270"," -2,4542160",1,6,3,1,1,3,2,2,1,3,,,1,5,1,3,2,64,5,2,,0,0,7,1,201900002542B01,7,9,1
201900002563,2019-02-13,2019,février,mercredi,14:50,26,26146,"44,4208698","4,8708923",1,1,3,1,1,3,2,2,2,1,,,1,0,1,3,1,30,5,1,2/9,0,2,1,19,201900002563A01,7,0,1
201900002566,2019-02-14,2019,février,jeudi,16:25,64,64230,"43,2391060"," -0,4222360",1,1,2,1,1,3,2,2,1,1,,,1,0,1,4,1,47,5,1,2,1,0,1,1,201900002566A01,15,23,1
201900002567,2019-02-14,2019,février,jeudi,13:50,24,24347,"44,7169650","0,7994390",1,3,1,1,1,3,2,2,2,2,,,1,0,1,2,1,72,5,1,2,0,2,8,16,201900002567A01,7,1,1
201900002579,2019-02-05,2019,février,mardi,19:10,42,42187,"46,0430420","4,0535410",2,1,1,5,1,4,1,2,1,1,,,1,0,1,4,2,7,0,1,2,0,2,2,19,201900002579B01,7,2,1
201900002579,2019-02-05,2019,février,mardi,19:10,42,42187,"46,0430420","4,0535410",2,1,1,5,1,4,1,2,1,1,,,1,0,1,4,1,33,0,2,,0,2,2,19,201900002579B01,7,2,1
201900002642,2019-07-08,2019,juillet,lundi,17:25,88,88413,"48,2927070","6,9357530",2,1,2,1,1,4,3,2,1,1,,,1,0,1,4,1,20,0,2,,0,2,1,2,201900002642A01,10,2,1
201900002671,2019-05-27,2019,mai,lundi,17:45,50,50647,"48,8403800"," -1,5591900",2,6,7,1,1,3,2,2,1,1,,,1,0,3,4,1,21,1,1,2,0,0,1,15,201900002671A01,,,
201900002683,2019-07-09,2019,juillet,mardi,13:10,34,34172,"43,6042871","3,8835333",2,9,3,1,1,4,2,2,2,1,,,2,0,1,4,1,31,9,2,,0,2,0,1,201900002683B01,7,0,1
201900002899,2019-07-25,2019,juillet,jeudi,18:30,29,29103,"48,4474450"," -4,2700320",2,4,3,1,1,4,2,2,1,1,,,1,5,5,4,1,16,5,2,,0,2,3,11,201900002899B01,37,1,1
201900002960,2019-08-16,2019,août,vendredi,18:35,62,62571,"50,4350510","1,6093290",1,1,3,1,1,3,2,2,1,1,,,1,0,5,3,1,77,5,1,2,0,2,1,1,201900002960B01,7,15,1
201900002992,2019-06-08,2019,juin,samedi,13:55,68,68019,"48,0959810","7,5334860",1,3,1,1,1,3,2,1,1,1,,,1,0,1,3,1,7,5,1,2,0,0,8,0,201900002992B01,2,0,1
201900002994,2019-08-13,2019,août,mardi,14:40,79,79213,"46,6096020"," -0,2355090",2,1,3,1,1,3,2,2,1,1,18,65,1,0,1,3,1,83,5,1,9,0,0,0,2,201900002994B01,13,2,1
201900003008,2019-08-14,2019,août,mercredi,12:00,65,65006,"42,8877072","0,3213380",1,1,2,1,1,3,2,2,2,1,,,1,0,1,4,1,37,5,1,2,0,2,1,2,201900003008A01,7,2,1
201900003010,2019-08-14,2019,août,mercredi,12:00,65,65138,"42,8556290"," -0,1280500",1,1,6,1,1,3,2,2,2,3,,,1,0,1,3,1,33,5,1,2,13,0,2,21,201900003010B01,7,10,1
201900003013,2019-06-04,2019,juin,mardi,16:15,974,97422," -21,2557370","55,5226000",2,1,6,1,1,2,2,2,2,1,,,1,6,1,4,1,36,5,2,,0,1,1,17,201900003013A01,,,
201900003036,2019-08-15,2019,août,jeudi,07:55,12,12239,"44,4290190","2,9628180",1,2,3,1,2,3,2,2,1,1,,,1,0,1,2,1,67,5,1,2,0,2,1,1,201900003036B01,7,15,1
201900003045,2019-06-08,2019,juin,samedi,15:45,84,84029,"44,1520630","4,8849160",1,1,2,1,1,3,2,2,1,1,,,1,0,1,4,2,53,5,1,2,0,2,4,1,201900003045B01,7,1,1
201900003069,2019-06-16,2019,juin,dimanche,11:20,76,76167,"49,5857000","0,1207000",2,3,3,1,1,4,2, -1,1,1,,,1,0,1,4,1,36,5,1,2,0,2,1,16,201900003069B01,7,1,1
201900003076,2019-06-01,2019,juin,samedi,15:00,28,28269,"48,3955660","1,4928140",2,2,3,1,1,3,2,2,1,1,,,1,0,1,3,1,91,5,1,4,0,2,1,19,201900003076A01,7,1,1
201900003088,2019-04-16,2019,avril,mardi,15:30,35,35219,"47,8289510"," -1,9502930",1,1,6,1,1,3,2,2,2,3,,,1,0,1,3,1,57,5,2,,1,0,1,0,201900003088A01,,,
201900003089,2019-08-16,2019,août,vendredi,17:30,25,25050,"47,1179200","6,6140270",1,2,7,1,1,3,2,2,3,1,,,1,0,3,3,1,15,5,1,2,13,0,0,0,201900003089A01,,,
201900003114,2019-10-22,2019,octobre,mardi,18:15,75,75120,"48,8510200","2,4158100",2,4,3,2,1,4,2,2,1,1,,,1,0,1,1,1,119,0,1,2,0,2,8,13,201900003114B01,1,17,1
201900003114,2019-10-22,2019,octobre,mardi,18:15,75,75120,"48,8510200","2,4158100",2,4,3,2,1,4,2,2,1,1,,,1,0,1,4,2,43,0,1,2,0,2,7,17,201900003114A01,1,13,1
201900003121,2019-10-22,2019,octobre,mardi,20:55,75,75119,"48,9001468","2,3873126",2,7,5,5,1,4,1,4,1,1,,,1,0,5,4,2,19,0,1,2,0,2,9,1,201900003121C01,7/ 10,1,2
201900003124,2019-06-08,2019,juin,samedi,09:15,58,58086,"47,4111230","2,9257370",1,1,7,1,1,3,2,2,1,1,,,1,0,1,3,1,36,5,2,,0,0,0,0,201900003124A01,,,
201900003128,2019-06-07,2019,juin,vendredi,17:25,971,97132,"15,9700650"," -61,6428620",2,1,3,1,1,4,2,2,2,4,,,1,0,1,4,1,20,5,2,,0,2,1,18,201900003128A01,7,16,1
201900003131,2019-06-06,2019,juin,jeudi,17:45,62,62261,"50,5069470","1,6273140",2,9,3,1,1,3,1,1,1,1,,,1,0,1,4,1,18,2,2,,0,2,1,26,201900003131A01,10,1,1
201900003142,2019-06-03,2019,juin,lundi,16:20,974,97413," -21,2166610","55,3080870",2,3,3,1,1,3,2,2,2,1,,,1,0,1,4,1,32,5,2,,0,2,1,1,201900003142B01,7,15,1
201900003152,2019-10-22,2019,octobre,mardi,16:15,75,75111,"48,8535785","2,3804157",2,2,6,1,1,4,2,2,1,1,,,1,0,1,1,2,47,1,2,,0,1,1,1,201900003152A01,,,
201900003155,2019-10-22,2019,octobre,mardi,00:45,75,75114,"48,8245899","2,3193970",2,2,2,5,1,4,3,6,1,1,,,1,5,1,4,1,29,0,1,2,0,2,4,2,201900003155B01,7,2,1
201900003166,2019-08-17,2019,août,samedi,12:05,50,50487,"48,5248470"," -1,3100960",1,1,4,1,2,3,2,2,2,1,,,2,0,1,3,1,69,5,1,2,0,2,4,1,201900003166E01,7,2/1,2
201900003166,2019-08-17,2019,août,samedi,12:05,50,50487,"48,5248470"," -1,3100960",1,1,4,1,2,3,2,2,2,1,,,2,0,1,3,1,60,5,1,2,0,2,4,2,201900003166D01,7,2/1,2
201900003166,2019-08-17,2019,août,samedi,12:05,50,50487,"48,5248470"," -1,3100960",1,1,4,1,2,3,2,2,2,1,,,2,0,1,4,1,76,5,1,2,0,2,4,2,201900003166C01,7,2/1,2
201900003222,2019-08-13,2019,août,mardi,18:20,27,27260,"49,4121830","0,4241120",1,1,2,1,2,3,2,2,1,1,,,1,0,1,3,1,65,5,1,2/4,0,2,4,1,201900003222B01,7,1,1
201900003224,2019-08-14,2019,août,mercredi,11:35,17,17459,"45,9174380"," -0,4453770",1,1,3,1,1,3,2,2,1,1,,,1,0,1,3,1,68,5,2,,0,2,8,1,201900003224B01,7,1,1
201900003243,2019-08-02,2019,août,vendredi,10:05,30,30241,"43,9706260","4,2786000",1,1,1,1,1,4,2,2,1,4,,,1,0,1,3,1,77,5,1,9,0,2,3,1,201900003243B01,7,13,1
201900003245,2019-10-19,2019,octobre,samedi,18:38,49,49026,"47,4983010"," -0,8072340",2,2,3,2,2,9,2,2,1,1,,,1,0,1,4,1,12,5,2,,0,2,1,11,201900003245A01,7,1,1
201900003256,2019-07-30,2019,juillet,mardi,17:50,88,88358,"48,1083330","6,5668530",2,3,1,1,8,3,2,2,1,3,,,1,5,1,4,1,26,1,1,2,0,2,1,1,201900003256B01,7,15,1
201900003265,2019-08-13,2019,août,mardi,08:20,69,69244,"45,7638100","4,7735220",2,1,1,1,1,4,1,1,2,2,,,1,0,1,4,1,43,0,1,2,0,2,1,1,201900003265B01,10,5,1
201900003293,2019-10-23,2019,octobre,mercredi,19:30,73,73252,"45,4358454","6,2800275",2,1,3,3,2,3,2,2,1,4,,,2,0,1,4,1,30,5,2,,0,2,3,1,201900003293B01,7,1,1
201900003336,2019-08-14,2019,août,mercredi,16:10,5,05065,"44,6549470","6,6521250",2,6,3,1,1,3, -1,1,4,1,,,1,0,1,4,1,60,5,1,2,0,2,5,1,201900003336B01,7,16,1
201900003362,2019-09-25,2019,septembre,mercredi,17:53,974,97415," -21,0687800","55,2893260",1,1,1,1,1,3,2,2,2,2,,,1,0,1,3,1,16,5,2,,0,2,1,13,201900003362B01,7,1,1
201900003363,2019-10-21,2019,octobre,lundi,19:30,973,97304,"5,1559780"," -52,6598860",2,1,1,5,1,4,2,2,1,1,,,1,0,5,3,1,13,5,2,,0,2,0,0,201900003363A01,2,0,1
201900003371,2019-08-16,2019,août,vendredi,16:30,68,68193,"47,9924620","7,1303060",1,1,7,1,1,9,2,2,2,2,,,9,0,1,3,2,47,5,1,2/9,0,0,9,1,201900003371A01,,,
201900003376,2019-08-16,2019,août,vendredi,16:25,67,67184,"48,9012060","7,9779990",2,1,3,1,1,4,2,2,1,1,,,1,0,1,4,1,9,5,1,2,0,2,1,16,201900003376B01,7,1,1
201900003379,2019-05-31,2019,mai,vendredi,09:50,78,78300,"48,8895320","1,7223260",1,2,3,1,7,3, -1,2,1,1,,,1,5,1,3,1,77,5,1,2,0,2,8,1,201900003379B01,7,15,1
201900003388,2019-06-04,2019,juin,mardi,23:54,67,67448,"48,4782390","7,2181460",2,1,2,5,1,3,2,2,1,1,,,1,0,1,3,1,44,1,2,,0,2,4,1,201900003388A01,7,1,1
201900003410,2019-06-06,2019,juin,jeudi,11:25,2B,2B096,"42,3047450","9,1574920",2,1,3,1,1,2,2,2,2,3,,,1,1,1,3,1,36,4,1,2,0,2,1,13,201900003410B01,14,1,1
201900003437,2019-08-07,2019,août,mercredi,10:15,44,44047,"47,2199920"," -1,7246690",2,1,3,1,1,7,2,2,2,1,,,1,0,1,3,1,64,5,1,2,0,0,8,1,201900003437B01,7,17,1
201900003476,2019-03-27,2019,mars,mercredi,14:00,22,22282,"48,6273770"," -2,2661110",2,1,7,1,1,3,2,2,1,1,,,1,0,5,2,1,79,5,2,,0,0,0,0,201900003476A01,,,
201900003478,2019-03-14,2019,mars,jeudi,12:55,60,60141,"49,1868240","2,4595940",2,1,1,1,1,9,1,1,1,2,,,1,0,1,3,1,77,0,2,,0,2,1,13,201900003478B01,7,9,1
201900003522,2019-03-25,2019,mars,lundi,19:40,69,69387,"45,7521800","4,8472300",2,2,3,5,8,7,1,1,1,1,,,1,0,1,4,2,28,9,2,,0,2,1,5,201900003522B01,7,15,1
201900003590,2019-11-25,2019,novembre,lundi,13:32,973,97302,"4,9302290"," -52,3089410",2,1,3,1,1,4,2,2,1,1,,,1,0,1,4,1,17,2,2,,0,2,7,1,201900003590B01,7,9,1
201900003681,2019-11-26,2019,novembre,mardi,18:00,75,75113,"48,8345773","2,3673620",2,3,3,5,1,4,3,2,2,1,,,2,0,5,4,1,49,1,1,2,0,2,1,1,201900003681B01,10,16,1
201900003682,2019-11-26,2019,novembre,mardi,08:45,75,75113,"48,8311376","2,3718955",2,3,3,1,8,4,2,2,2,1,,,1,0,5,4,2,39,0,1,2,0,2,1,1,201900003682A01,7,15,1
201900003685,2019-11-25,2019,novembre,lundi,22:15,75,75112,"48,8514329","2,3699002",2,3,3,5,2,4,2,4,1,1,,,2,0,1,4,2,20,5,1,2,0,2,8,16,201900003685A01,37,1,1
201900003686,2019-11-26,2019,novembre,mardi,19:00,75,75111,"48,8618580","2,3834096",2,3,3,5,8,4,1,1,2,1,,,2,0,1,4,1,44,0,1,2,0,2,2,1,201900003686B01,10,22,1
201900003688,2019-11-26,2019,novembre,mardi,19:45,75,75104,"48,8595305","2,3487901",2,2,6,5,2,4,1,4,1,1,,,2,0,5,4,2,42,1,1,2,0,2,0,1,201900003688A01,7,15,1
201900003689,2019-11-25,2019,novembre,lundi,09:15,75,75101,"48,8680848","2,3311400",2,1,6,1,1,4,2,2,1,1,,,1,0,5,1,1,30,1,1,2,0,1,1,1,201900003689A01,,,
201900003839,2019-11-28,2019,novembre,jeudi,17:50,29,29212,"48,3733450"," -4,5883910",2,1,3,3,2,4,2,2,1,1,,,1,0,1,4,2,14,5,1,2/4/9,0,2,7,19,201900003839B01,7,1,1
201900003852,2019-09-20,2019,septembre,vendredi,08:05,75,75111,"48,8660025","2,3706578",2,2,3,1,1,4,2,2,2,1,,,1,0,1,4,2,31,1,1,2,0,2,1,1,201900003852A01,7,16,1
201900003891,2019-09-15,2019,septembre,dimanche,11:00,38,38200,"45,0883200","5,7310000",2,6,3,1,1,2,1,2,1,2,,,1,0,1,4,1,57,5,1,2,0,2,1,16,201900003891B01,7,9,1
201900003929,2019-09-17,2019,septembre,mardi,14:25,87,87085,"45,8293600","1,2447000",2,2,3,1,1,4,2,2,1,1,,,1,0,1,3,1,25,5,2,,0,2,1,9,201900003929A01,7,9,1
201900003953,2019-09-17,2019,septembre,mardi,17:10,56,56121,"47,7438357"," -3,3810682",2,2,3,1,1,4,2,4,1,1,,,1,5,1,4,1,51,4,1,2,0,2,8,1,201900003953B01,10,15,1
201900003980,2019-09-18,2019,septembre,mercredi,16:00,14,14327,"49,2068600"," -0,3156400",2,9,3,1,1,3,2,0,1,1,,,1,9,1,4,1,26, -1,2,,0,0,9,1,201900003980B01,7,1,1
201900003981,2019-09-18,2019,septembre,mercredi,12:05,14,14341,"49,1486700"," -0,3401100",2,1,3,1,1,4,2,2,1,1,,,1,0,1,4,2,62,5,2,,0,2,3,19,201900003981B01,7,1,1
201900003998,2019-09-18,2019,septembre,mercredi,13:40,75,75116,"48,8633010","2,2866610",2,7,2,1,1,4,1,4,1,2,,,1,0,1,4,1,50,1,1,2,0,2,4,2,201900003998B01,7,2,1
201900004001,2019-09-18,2019,septembre,mercredi,16:25,75,75115,"48,8367520","2,2995440",2,2,3,1,1,4,2,2,1,1,,,1,0,5,4,2,62,0,1,2,0,2,8,1,201900004001B01,10,1,1
201900004034,2019-09-17,2019,septembre,mardi,09:40,59,59309,"50,9840600","2,5901680",2,1,7,1,1,3,2,2,1,1,,,9,0,1,3,2,68,5,1,2,0,0,1,1,201900004034A01,,,
201900004054,2019-09-19,2019,septembre,jeudi,09:45,2,02656,"49,3811420","3,8288310",1,1,2,1,7,3,2,2,1,1,,,1,0,1,3,1,71,5,1,2/6,0,0,4,1,201900004054B01,7,2,1
201900004057,2019-09-18,2019,septembre,mercredi,19:05,60,60509,"49,3003579","2,6038163",2,3,1,1,1,3,2,2,1,1,,,1,0,1,3,1,9,0,2,,0,2,0,0,201900004057A01,7,1,1
201900004060,2019-09-19,2019,septembre,jeudi,07:20,64,64371,"43,2152791"," -0,8962425",2,1,2,2,8,3,2,2,1,1,,,1,0,1,4,1,2,2,1,2/3/4,0,0,6,15,201900004060B01,7,18,1
201900004060,2019-09-19,2019,septembre,jeudi,07:20,64,64371,"43,2152791"," -0,8962425",2,1,2,2,8,3,2,2,1,1,,,1,0,1,1,1,33,2,1,2,0,0,6,15,201900004060B01,7,18,1
201900004063,2019-07-09,2019,juillet,mardi,20:10,14,14118,"49,1949600"," -0,3598700",2,1,6,1,1,4,2,2,1,1,,,1,0,1,3,2,42,1,1,2,12,0,1,26,201900004063A01,,,
201900004088,2019-07-08,2019,juillet,lundi,09:00,75,75115,"48,8313870","2,2915770",2,1,3,1,1,4,1,1,2,1,,,1,0,5,1,1,33,5,1,2,0,2,8,13,201900004088A01,1,17,1
201900004088,2019-07-08,2019,juillet,lundi,09:00,75,75115,"48,8313870","2,2915770",2,1,3,1,1,4,1,1,2,1,,,1,0,5,4,1,39,1,1,2,0,2,7,17,201900004088B01,1,13,1
201900004093,2019-07-09,2019,juillet,mardi,13:20,75,75113,"48,8234340","2,3750580",2,3,3,1,1,4,1,3,2,1,,,1,0,5,4,1,19,5,1,2,0,2,4,1,201900004093B01,7,16,1
201900004094,2019-07-09,2019,juillet,mardi,11:05,75,75109,"48,8751010","2,3410220",2,2,6,1,1,4,1,1,1,1,,,1,0,1,1,1,20,9,1,2,0,1,1,1,201900004094A01,,,
201900004131,2019-07-06,2019,juillet,samedi,14:10,84,84069,"44,1559430","5,1474940",1,1,3,1,1,3,2,2,2,2,,,1,0,1,3,1,52,5,1,2,0,2,1,26,201900004131A01,7,21,1
201900004133,2019-07-10,2019,juillet,mercredi,08:30,35,35226,"48,4268440"," -1,8905970",1,2,3,1,1,3,2,2,1,1,,,1,5,1,4,1,38,5,1,2/6,0,2,8,1,201900004133A01,7,19,1
201900004136,2019-07-10,2019,juillet,mercredi,10:15,65,65340,"43,2786164","0,1092397",2,3,3,1,1,2,2,2,1,1,,,1,0,1,4,1,25,5,1,2,0,2,6,1,201900004136B01,7,19,1
201900004156,2019-07-09,2019,juillet,mardi,21:00,2,02678,"49,7197200","4,0747590",2,3,1,2,1,3,2,2,1,1,,,1,0,1,3,1,13,5,2,,0,2,1,5,201900004156A01,10,1,1
201900004170,2019-07-09,2019,juillet,mardi,11:45,971,97134,"16,0577930"," -61,7620920",1,1,3,1,1,4,2,2,2,1,,,1,0,1,3,1,6,0,2,,0,2,1,0,201900004170A01,7,26,1
201900004178,2019-07-08,2019,juillet,lundi,14:45,54,54397,"48,6134900","6,1186690",2,1,7,1,1,3,2,2,1,1,,,1,0,1,3,1,45,9,1,2,12,0,2,0,201900004178A01,,,
201900004181,2019-07-10,2019,juillet,mercredi,10:50,26,26182,"44,3323010","5,1075100",1,1,7,1,1,3,2, -1,1,1,,,1,0,1,4,1,70,5,1,2,0,9,0,1,201900004181A01,,,
201900004186,2019-07-10,2019,juillet,mercredi,10:20,44,44110,"47,4378460"," -1,4998950",2,6,2,1,1,3, -1,1,1,3,,,1,5,1,3,2,79,5,2,,0,0,4,9,201900004186B01,7,9,1
201900004201,2019-07-05,2019,juillet,vendredi,18:15,63,63113,"45,7715838","3,0832312",2,2,3,1,1,4,2,1,1,1,,,1,9,1,4,1,17,5,2,,0,2,8,19,201900004201B01,7,16,1
201900004222,2019-07-08,2019,juillet,lundi,06:55,69,69385,"45,7568400","4,8160300",2,1,6,1,1,4,2,2,1,1,,,1,6,1,1,1,60,1,2,,0,1,0,1,201900004222A01,,,
201900004229,2019-07-06,2019,juillet,samedi,15:35,80,80702,"49,8418100","2,3117800",2,1,3,1,1,4,2,2,2,1,,,1,0,1,4,1,44,0,1,2,0,2,0,15,201900004229B01,7,1,1
201900004231,2019-07-07,2019,juillet,dimanche,12:40,76,76540,"49,4528600","1,0935000",2,3,3,1,1,4,2,2,1,1,,,1,0,1,3,1,20,5,2,,0,2,1,0,201900004231A01,7,1,1
201900004235,2019-07-06,2019,juillet,samedi,13:30,76,76305,"49,5034900","0,2140200",2,3,6,1,1,4,2,2,2,1,,,1,0,1,4,1,18,5,1,2,6,0,1,13,201900004235A01,,,
201900004235,2019-07-06,2019,juillet,samedi,13:30,76,76305,"49,5034900","0,2140200",2,3,6,1,1,4,2,2,2,1,,,1,0,1,4,1,17,5,1,2,6,0,1,13,201900004235A01,,,
201900004236,2019-07-05,2019,juillet,vendredi,11:50,67,67482,"48,5694610","7,7630970",2,3,3,1,1,4,1,2,1,1,,,1,0,1,4,2,51,0,2,,0,2,7,1,201900004236B01,7,16,1
201900004260,2019-02-08,2019,février,vendredi,21:45,91,91326,"48,6907640","2,3802340",2,2,3,5,8,3,2,2,1,1,,,1,5,1,4,1,49,9,2,,0,2,3,19,201900004260B01,7,19,1
201900004295,2019-02-11,2019,février,lundi,09:56,71,71270,"46,3018561","4,8315016",2,1,6,1,1,3,3,5,1,1,,,1,0,1,3,2,78,9,2,,0,2,0,2,201900004295C01,17/ 16,2,2
201900004312,2019-02-08,2019,février,vendredi,08:05,64,64445,"43,3233900"," -0,3602700",2,3,3,1,1,4,2,2,1,1,,,1,0,1,4,1,17,2,2,,0,2,7,1,201900004312B01,7,16,1