Num_Acc,date,an,mois,jour,hrmn,dep,com,lat,long,agg,int,col,lum,atm,catr,circ,nbv,prof,plan,lartpc,larrout,surf,infra,situ,grav,sexe,age,trajet,secuexist,equipement,obs,obsm,choc,manv,vehiculeid,typevehicules,manoeuvehicules,numVehicules
201900004440,2019-04-09,2019,avril,mardi,21:35,62,62498,"50,4303700","2,8135100",2,3,3,5,2,4,2, -1,1,1,,,2,0,1,3,1,25,1,2,,0,2,8,15,201900004440B01,7,1,1
201900004511,2019-04-23,2019,avril,mardi,13:05,69,69386,"45,7636300","4,8438600",2,2,3,1,1,4,1,1,1,1,,,2,0,1,4,1,22,4,2,,0,2,1,1,201900004511A01,7,19,1
201900004534,2019-04-28,2019,avril,dimanche,18:45,69,69389,"45,7756700","4,8027700",2,3,3,1,2,4,2,2,1,1,,,2,0,1,4,1,26,1,2,,0,2,1,1,201900004534B01,7,16,1
201900004558,2019-04-19,2019,avril,vendredi,21:15,91,91377,"48,7373800","2,2696800",2,3,3,5,1,4,2,2,1,1,,,1,0,1,4,1,19,5,1,5,0,2,1,1,201900004558B01,7,15,1
201900004597,2019-03-21,2019,mars,jeudi,09:50,69,69388,"45,7392400","4,8830400",2,1,6,1,1,4,2,1,1,1,,,1,0,1,1,1,48,1,2,,0,1,1,2,201900004597A01,,,
201900004612,2019-03-22,2019,mars,vendredi,15:00,69,69381,"45,7677200","4,8378800",2,2,3,1,1,7,1,4,1,1,,,1,0,1,4,1,56,1,2,,0,2,1,2,201900004612B01,7,12,1
201900004616,2019-03-21,2019,mars,jeudi,17:30,69,69389,"45,7898500","4,8124400",2,3,3,1,1,4,2,2,1,1,,,1,0,1,4,2,52,1,2,,0,2,1,21,201900004616B01,7,9,1
201900004671,2019-03-20,2019,mars,mercredi,16:20,82,82121,"44,0127280","1,3462140",2,2,3,1,1,4,1,3,1,1,,,1,0,1,3,2,28,9,2,,0,2,1,1,201900004671B01,14,16,1
201900004686,2019-03-24,2019,mars,dimanche,17:30,76,76351,"49,5185100","0,1169600",2,2,3,1,1,4,2,5,1,1,,,1,4,1,4,1,17,0,2,,0,2,8,15,201900004686A01,7,1,1
201900004706,2019-03-20,2019,mars,mercredi,14:00,69,69091,"45,6019400","4,7702300",2,2,3,1,1,3,2,2,1,1,,,1,5,1,3,1,60,5,1,2/6,0,2,1,18,201900004706B01,7,16,1
201900004722,2019-03-22,2019,mars,vendredi,07:45,64,64189,"43,3845300"," -1,6664500",2,1,3,2,1,4,1,1,1,2,,,1,0,1,4,1,50,0,1,2,0,2,1,1,201900004722B01,7,9,1
201900004728,2019-03-22,2019,mars,vendredi,09:50,64,64122,"43,4799185"," -1,5355393",2,1,6,1,1,4,2,2,2,2,,,1,0,1,3,1,29,1,2,,12,0,1,11,201900004728A01,,,
201900004729,2019-03-22,2019,mars,vendredi,10:20,64,64122,"43,4684589"," -1,5547749",2,1,6,1,1,4,2,2,1,1,,,1,0,1,4,2,56,5,1,2,1,0,1,1,201900004729B01,7,22,1
201900004760,2019-10-17,2019,octobre,jeudi,16:30,44,44047,"47,2347489"," -1,6644483",2,1,3,1,7,4,2,2,4,2,,,2,0,5,4,1,46,1,2,,0,2,1,1,201900004760B01,7,15,1
201900004780,2019-10-19,2019,octobre,samedi,12:00,63,63164,"45,8417909","3,1577969",2,6,3,1,8,3,2, -1,1,1,,,1,0,1,4,1,58,0,1,2,0,2,7,1,201900004780B01,7,9,1
201900004856,2019-10-18,2019,octobre,vendredi,16:30,8,08105,"49,7549620","4,7198910",2,3,3,1,1,4,1,2,2,1,,,1,0,1,3,1,46,1,2,,0,2,1,1,201900004856B01,7,16,1
201900004864,2019-10-21,2019,octobre,lundi,08:50,75,75115,"48,8453443","2,2785540",2,2,3,1,8,4,2,2,1,1,,,2,0,1,4,2,59,5,1,2,0,2,8,18,201900004864B01,14,1,1
201900004867,2019-10-21,2019,octobre,lundi,18:43,75,75110,"48,8837290","2,3512540",2,3,6,5,1,4,1,2,1,1,,,1,0,5,1,2,32,1,1,2,0,1,1,1,201900004867A01,,,
201900004893,2019-10-20,2019,octobre,dimanche,16:05,68,68253,"47,7772090","7,5055690",1,1,7,1,1,4, -1,1,2,1,,,1,0,8,2,1,64,5,1,2,0,0,0,1,201900004893A01,,,
201900004898,2019-10-21,2019,octobre,lundi,17:30,79,79179,"46,7249870"," -0,5882800",2,6,3,1,1,3,2,2,1,3,,80,1,0,1,3,1,86,5,1,2,0,2,8,1,201900004898B01,7,9,1
201900004914,2019-10-22,2019,octobre,mardi,19:15,67,67327,"48,9872030","8,1000130",1,1,2,3,1,3,2,2,1,2,,,1,0,1,2,1,31,5,2,,0,2,4,2,201900004914B01,37,2,1
201900004926,2019-10-12,2019,octobre,samedi,14:30,44,44047,"47,2459000"," -1,7289370",1,1,3,1,1,7,2,2,1,1,,,1,0,1,3,1,49,5,1,2,0,2,3,1,201900004926B01,7,15,1
201900004929,2019-10-22,2019,octobre,mardi,15:30,27,27343,"49,0642440","1,3745820",1,2,3,1,1,3,2,2,1,1,,,1,0,1,4,2,51,5,2,,0,2,1,1,201900004929B01,7,1,1
201900004944,2019-06-13,2019,juin,jeudi,16:25,32,32280,"43,3305260","0,5691020",1,9,3,1,1,3,2,2,1,1,,,1,0,1,3,2,79,5,1,2,0,2,8,13,201900004944A01,21,1,1
201900004991,2019-06-04,2019,juin,mardi,17:30,49,49377,"47,5492510"," -0,4901370",1,1,2,1,1,3,2,2,1,1,,,1,0,1,3,1,31,1,2,,1,0,1,2,201900004991A01,7,24,1
201900005020,2019-05-25,2019,mai,samedi,11:00,34,34292,"43,6333750","3,3223210",1,1,6,1,1,3, -1,2,1,1,,,1,0,1,3,1,40,4,1,2,0,5,2,1,201900005020A01,,,
201900005025,2019-06-07,2019,juin,vendredi,07:35,68,68290,"47,9430650","7,4467240",1,1,2,1,1,3,2,2,1,1,,,1,0,1,3,1,59,5,1,2/6,0,0,4,1,201900005025B01,7,1,1
201900005026,2019-06-05,2019,juin,mercredi,18:05,68,68140,"47,9147370","7,4453800",2,1,3,1,1,3,2,2,1,1,,,1,0,1,4,1,14,5,2,,0,2,3,13,201900005026A01,7,17,1
201900005033,2019-06-05,2019,juin,mercredi,10:40,68,68338,"48,0906130","7,2375190",1,1,2,1,1,3,2,2,2,1,,,1,0,1,4,1,85,5,1,2/6,0,0,4,1,201900005033B01,7,17,1
201900005034,2019-06-01,2019,juin,samedi,10:30,68,68374,"48,0739010","7,2608710",1,3,3,1,7,4,2,2,1,1,,,1,0,5,4,1,65,5,1,2,0,2,1,1,201900005034B01,33,26,1
201900005036,2019-05-31,2019,mai,vendredi,09:50,22,22247,"48,7315130"," -3,2424720",2,1,6,1,1,3,2,2,1,1,,,1,0,1,1,1,23,5,1,2,0,1,7,1,201900005036A01,,,
201900005046,2019-06-02,2019,juin,dimanche,11:30,39,39306,"46,6573040","5,5396870",2,1,3,1,1,3,2,2,2,1,,,1,0,1,3,1,66,5,1,2,0,2,3,10,201900005046A01,7,21,1
201900005047,2019-06-13,2019,juin,jeudi,20:00,25,25373,"47,1543140","6,6791680",2,1,6,2,1,4, -1,2,2,1,,,1,0,1,3,1,46,5,1,2,0,2,1,1,201900005047B01,7,4,1
201900005048,2019-06-14,2019,juin,vendredi,18:30,25,25114,"47,3479390","6,8413390",2,1,6,1,1,4,2,2,1,1,,,1,0,1,3,1,52,5,2,,0,2,1,1,201900005048A01,21,1,1
201900005051,2019-06-10,2019,juin,lundi,14:40,44,44189,"47,4376140"," -2,1648270",1,3,3,1,1,3,2,2,1,1,,,1,0,1,2,2,13,5,2,,0,2,8,15,201900005051B01,10,17,1
201900005053,2019-06-01,2019,juin,samedi,09:35,44,44098,"47,4618148"," -2,2080269",1,2,3,1,1,4,2,2,1,1,,,1,0,1,3,1,51,5,1,2,0,2,7,1,201900005053A01,7,16,1
201900005090,2019-06-12,2019,juin,mercredi,14:15,38,38354,"45,4926900","5,7061890",1,3,3,1,1,3,2,2,2,1,,,1,0,1,3,1,70,5,1,2,0,2,2,15,201900005090B01,7,15,1
201900005101,2019-06-12,2019,juin,mercredi,13:45,3,03254,"46,3134683","3,2871316",2,1,3,1,1,6, -1, -1,1,1,,,1,0,8,4,1,16,0,2,,0,0,1,1,201900005101A01,7,1,1
201900005118,2019-06-05,2019,juin,mercredi,17:45,70,70339,"47,7431960","6,5563010",1,2,3,1,1,3,2,2,1,1,,,1,0,1,3,2,63,5,1,2,0,0,8,1,201900005118B01,7,19,1
201900005134,2019-07-14,2019,juillet,dimanche,02:35,59,59452,"50,4706970","3,0459670",1,1,7,3,1,3, -1,2,1,1,,,1,0,8,2,1,82,5,2,,0,0,0,0,201900005134A01,,,
201900005236,2019-08-12,2019,août,lundi,18:57,17,17300,"46,1572400"," -1,1569100",2,3,3,1,1,4,1,1,1,1,,,1,0,1,4,2,19,5,2,,0,2,7,2,201900005236B01,7,15,1
201900005237,2019-08-12,2019,août,lundi,18:10,17,17300,"46,1599300"," -1,1676100",2,1,3,1,1,4,2,2,2,1,,,1,0,1,4,1,13,0,1,2,0,2,1,1,201900005237B01,7,15,1
201900005240,2019-08-08,2019,août,jeudi,09:15,14,14118,"49,1725400"," -0,3545200",2,2,3,1,1,4,3,3,2,1,,,1,0,1,4,1,41,5,2,,0,2,1,1,201900005240A01,7,15,1
201900005279,2019-08-13,2019,août,mardi,11:30,42,42322,"45,4130470","4,5364850",1,4,1,1,1,3,4,2,4,1,,,1,0,1,3,1,66,5,1,2/6,0,2,1,1,201900005279A01,7,9,1
201900005284,2019-08-13,2019,août,mardi,15:15,82,82013,"43,8796250","0,9910250",2,6,3,1,1,3,1,1,1,2,,,1,5,1,4,1,75,5,2,,0,2,7,15,201900005284B01,7,15,1
201900005289,2019-08-11,2019,août,dimanche,09:40,42,42017,"45,3687440","4,5160790",2,1,6,1,1,3,1,1,2,1,,,1,0,1,4,1,64,5,1,2,12,1,8,18,201900005289A01,,,
201900005292,2019-08-05,2019,août,lundi,10:15,35,35302,"48,1871850"," -2,1688620",1,4,3,1,1,2,1,1,2,1,,,1,3,1,3,1,75,9,2,,0,2,1,1,201900005292B01,13,15,1
201900005293,2019-08-13,2019,août,mardi,16:00,38,38074,"45,2331490","5,4436100",1,1,4,1,1,3,2,2,1,1,,,1,0,1,1,2,19,5,2,,0,2,4,1,201900005293C01,7,1,1
201900005293,2019-08-13,2019,août,mardi,16:00,38,38074,"45,2331490","5,4436100",1,1,4,1,1,3,2,2,1,1,,,1,0,1,4,1,19,5,2,,0,2,4,1,201900005293B01,7,1,1
201900005335,2019-11-26,2019,novembre,mardi,17:20,68,68195,"47,7584700","7,2864320",2,3,7,5,1,3,2,2,1,1,,,1,0,5,4,1,37,1,2,,0,0,9,1,201900005335A01,,,
201900005336,2019-11-26,2019,novembre,mardi,17:10,22,22251,"48,5617800"," -2,8103180",1,6,3,2,1,3,3,4,1,1,,,1,0,1,4,1,17,1,2,,0,2,7,12,201900005336B01,7,1,1
201900005340,2019-11-27,2019,novembre,mercredi,11:00,60,60509,"49,2903220","2,6053680",2,1,6,1,2,4,2,2,1,3,,,2,0,1,4,1,5,5,2,,0,2,0,0,201900005340B01,7,20,1
201900005362,2019-11-26,2019,novembre,mardi,20:30,80,80049,"49,6219320","2,5502830",2,1,2,5,2,3,2,2,1,1,,,2,0,1,2,1,62,0,2,,0,0,4,1,201900005362B01,7,1,1
201900005393,2019-11-23,2019,novembre,samedi,08:50,971,97113,"16,2210700"," -61,5210600",1,1,4,1,1,2,3,3,1,1,,,1,0,1,3,1,27,9,1,2,0,2,4,1,201900005393F01,7/ 99,2/0,5
201900005471,2019-11-25,2019,novembre,lundi,20:00,75,75119,"48,8930387","2,3776844",2,1,3,5,1,4,1,2,1,1,,,1, -1,6,4,1,31,9,1,2,0,2,1,7,201900005471B01,7,16,1
201900005520,2019-08-17,2019,août,samedi,20:30,75,75110,"48,8804013","2,3643155",2,3,3,2,3,4,2,2,1,1,,,2,0,1,1,1,20,4,1,2,0,2,7,15,201900005520B01,31,1,1
201900005528,2019-05-04,2019,mai,samedi,07:00,971,97125,"16,2514390"," -61,2099950",1,1,4,1,1,3,2,2,1,1,,,1,0,1,4,1,51,5,1,2,0,2,4,1,201900005528C01,7,2,1
201900005528,2019-05-04,2019,mai,samedi,07:00,971,97125,"16,2514390"," -61,2099950",1,1,4,1,1,3,2,2,1,1,,,1,0,1,3,1,57,5,1,2,0,2,4,1,201900005528B01,7,2,1
201900005534,2019-06-17,2019,juin,lundi,10:42,6,06029,"43,5462570","7,0462980",2,1,6,1,2,4,2,2,1,1,,,1,0,1,2,1,76,5,1,2,0,9,1,1,201900005534B01,31,1,1
201900005542,2019-07-14,2019,juillet,dimanche,10:30,73,73191,"45,5992209","5,7663530",1,1,2,1,1,3,2,2,2,1,,,1,0,1,3,1,80,5,2,,0,2,4,2,201900005542B01,7,17,1
201900005668,2019-11-28,2019,novembre,jeudi,09:32,63,63032,"45,7538100","3,0993600",2,1,2,1,2,4,2,2,1,1,,,2,0,1,4,1,21,0,1,2/6,0,2,1,1,201900005668A01,7,26,1
201900005676,2019-07-07,2019,juillet,dimanche,17:45,56,56121,"47,7486400"," -3,3653800",2,1,7,1,1,4, -1,0,1,1,,,1,0,1,4,2,42,0,2,,0,0,0,0,201900005676A01,,,
201900005698,2019-07-06,2019,juillet,samedi,20:30,45,45068,"48,0213930","2,7246810",2,1,7,1,1,4,2,2,1,2,,,1,0,1,4,1,28,0,2,,0,0,0,0,201900005698A01,,,
201900005712,2019-07-08,2019,juillet,lundi,13:59,34,34172,"43,6234300","3,8919900",2,3,1,1,1,4,1,1,1,3,,,1,0,1,4,1,77,0,2,,0,2,1,1,201900005712A01,7,1,1
201900005728,2019-07-07,2019,juillet,dimanche,14:00,12,12089,"44,5584000","2,2546700",2,1,2,1,1,6, -1, -1,1,1,,,1,0,1,3,1,14,5,1,2,0,2,1,2,201900005728A01,7,2,1
201900005732,2019-07-08,2019,juillet,lundi,14:50,6,06088,"43,6678350","7,2094040",2,1,2,1,1,4,1,1,1,1,,,1,0,1,1,1,62,5,1,2,0,2,0,13,201900005732A01,33,1,1
201900005746,2019-07-08,2019,juillet,lundi,09:40,75,75110,"48,8708420","2,3539360",2,1,2,1,1,4,1,1,1,1,,,1,0,1,1,2,35,1,1,2,0,2,6,14,201900005746B01,2,1,1
201900005747,2019-07-08,2019,juillet,lundi,20:15,75,75108,"48,8677560","2,3139680",2,7,5,1,1,4,2,6,1,1,,,1,0,1,4,1,49,9,1,2,0,2,3,23,201900005747C01,33/ 7,1/16,2
201900005750,2019-07-07,2019,juillet,dimanche,02:00,75,75101,"48,8601810","2,3332110",2,2,3,5,1,4,1,4,1,1,,,1,0,1,4,1,24,5,1,2,0,2,2,5,201900005750A01,7,2,1
201900005770,2019-07-09,2019,juillet,mardi,10:45,83,83136,"43,4541280","6,2989800",2,1,3,1,3,3,2,2,2,1,,,2,0,1,2,1,31,5,1,2,0,2,1,1,201900005770B01,7,15,1
201900005778,2019-07-07,2019,juillet,dimanche,17:00,56,56193,"47,7216230"," -3,3331300",2,6,3,1,1,3,2,2,1,4,,,1,0,1,3,1,23,5,1,2,0,9,3,2,201900005778B01,7,9,1
201900005790,2019-07-08,2019,juillet,lundi,15:45,68,68094,"47,5518730","7,4491510",2,4,3,1,1,3,2,2,2,2,,,1,0,1,3,1,23,5,1,2,0,2,6,0,201900005790B01,15,12,1
201900005795,2019-07-07,2019,juillet,dimanche,16:20,35,35361,"48,6028625"," -1,7748411",2,3,3,1,7,3,2,2,1,1,,,1,5,1,4,1,30,5,1,2,0,2,1,1,201900005795B01,7,15,1
201900005818,2019-07-05,2019,juillet,vendredi,09:30,77,77317,"48,5905700","2,8929700",1,1,3,1,1,3,2,2,1,1,,,1,0,1,4,1,63,5,1,2,0,2,4,13,201900005818B01,7,17,1
201900005821,2019-07-09,2019,juillet,mardi,10:15,38,38135,"45,7757290","5,3812220",2,1,6,1,1,4,2,2,2,1,,,1,0,3,3,1,61,5,1,2,6,0,1,1,201900005821A01,,,
201900005824,2019-07-09,2019,juillet,mardi,07:15,85,85226,"46,7402000"," -1,9533800",1,1,2,1,1,3,2,2,1,1,,,1,0,1,2,1,67,5,1,2,0,0,4,2,201900005824B01,7,2,1
201900005859,2019-07-07,2019,juillet,dimanche,16:20,91,91589,"48,6904500","2,3392900",2,6,3,1,1,4,1,1,1,1,,,1,0,3,4,1,29,5,2,,0,2,1,9,201900005859A01,7,9,1
201900005870,2019-09-14,2019,septembre,samedi,16:00,18,18216,"46,7656350","2,1125770",1,1,7,1,1,3,2,2,2,1,,,1,0,1,3,1,51,5,2,,0,0,0,0,201900005870A01,,,
201900005894,2019-09-19,2019,septembre,jeudi,15:45,60,60317,"49,3323610","2,3090870",1,3,3,1,1,3,2,2,1,1,,,1,9,1,2,1,64,5,1,2,0,2,7,15,201900005894A01,7,1,1
201900005945,2019-09-16,2019,septembre,lundi,10:30,71,71270,"46,3004300","4,8242600",2,3,3,1,1,4,1,1,2,1,,,1,0,1,4,1,19,0,2,,0,2,1,19,201900005945A01,7,11,1
201900005959,2019-09-17,2019,septembre,mardi,14:05,64,64445,"43,3038000"," -0,3509000",2,3,3,1,1,4,2,1,1,1,,,1,0,1,4,1,96,0,2,,0,2,1,1,201900005959B01,7,16,1
201900005986,2019-09-06,2019,septembre,vendredi,10:45,44,44132,"47,2490000"," -2,3080000",2,2,3,1,1,4,2,2,1,1,,,1,9,1,4,2,56,5,1,2,0,2,1,26,201900005986B01,7,15,1
201900006010,2019-09-17,2019,septembre,mardi,17:20,6,06069,"43,6438890","6,9473960",2,9,3,1,1,4,2,2,1,1,,,1,0,1,4,1,16,5,2,,0,2,8,19,201900006010B01,7,23,1
201900006014,2019-09-16,2019,septembre,lundi,19:30,5,05061,"44,6106100","6,1263800",1,1,7,2,1,3,2,2,2,3,,,9,0,1,3,1,60,5,1,2,0,0,1,1,201900006014A01,,,
201900006021,2019-09-17,2019,septembre,mardi,19:00,75,75106,"48,8520937","2,3393228",2,1,3,1,1,4,1,4,1,1,,,1,0,6,4,2,23,5,2,,0,2,0,13,201900006021B01,7,17,1
201900006022,2019-09-17,2019,septembre,mardi,08:15,75,75119,"48,8813270","2,3966890",2,5,3,1,1,4,2,2,2,1,,,1,0,1,4,1,13,2,2,,0,2,7,15,201900006022B01,10,1,1
201900006025,2019-09-16,2019,septembre,lundi,08:35,75,75115,"48,8491750","2,3012870",2,1,3,1,1,4,1,1,1,1,,,1,0,1,4,2,44,1,1,2,0,2,1,1,201900006025B01,10,22,1
201900006026,2019-09-17,2019,septembre,mardi,19:45,75,75114,"48,8312642","2,3090114",2,1,1,2,1,4,2,2,1,1,,,1,8,5,4,1,42,1,2,,0,2,1,1,201900006026B01,50,13,1
201900006028,2019-09-17,2019,septembre,mardi,16:35,75,75112,"48,8479050","2,3915380",2,1,7,1,1,4,2,2,1,1,,,1,0,5,3,1,70,5,2,,0,0,2,21,201900006028A01,,,
201900006030,2019-09-17,2019,septembre,mardi,06:31,75,75108,"48,8718810","2,3084110",2,1,3,2,1,4,1,1,1,1,,,1,0,1,4,1,36,0,2,,0,2,1,1,201900006030B01,7,22,1
201900006136,2019-02-10,2019,février,dimanche,06:26,75,75109,"48,8765350","2,3309540",2,7,1,5,2,4,1,1,2,1,,,2,0,1,4,1,22,5,1,2,0,2,1,5,201900006136A01,7,1,1
201900006146,2019-02-11,2019,février,lundi,09:42,75,75120,"48,8625850","2,4109080",2,3,1,1,1,4,2,2,2,1,,,1,0,1,4,1,34,4,1,2/6,0,2,1,1,201900006146B01,7,16,1
201900006158,2019-02-09,2019,février,samedi,18:30,75,75116,"48,8685010","2,2653320",2,7,3,2,1,4,2,2,1,1,,,1,0,1,4,2,63,5,1,2,0,2,1,1,201900006158B01,10,15,1
201900006159,2019-02-08,2019,février,vendredi,11:35,75,75116,"48,8636850","2,2977740",2,1,2,1,1,4,2,4,1,1,,,1,0,1,4,1,71,5,1,2,0,2,3,2,201900006159A01,10,23,1
201900006161,2019-02-12,2019,février,mardi,11:00,75,75115,"48,8408240","2,3163810",2,1,3,1,1,4,3,2,1,1,,,1,0,1,4,2,24,5,1,2,0,2,1,1,201900006161B01,10,22,1
201900006165,2019-02-06,2019,février,mercredi,12:15,75,75115,"48,8428270","2,2861850",2,3,6,1,1,4,1,1,1,1,,,1,0,1,4,2,65,5,1,2,0,2,2,1,201900006165A01,30,17,1
201900006166,2019-02-12,2019,février,mardi,19:30,75,75114,"48,8195120","2,3430980",2,1,6,5,1,4,3,2,1,1,,,1,0,5,4,1,59,1,1,2,0,1,1,1,201900006166A01,,,
201900006171,2019-02-12,2019,février,mardi,11:55,75,75113,"48,8269450","2,3803010",2,3,6,1,1,4,3,2,1,1,,,1,8,1,4,2,45,5,1,2,12,2,7,18,201900006171B01,7,22,1
201900006172,2019-02-11,2019,février,lundi,19:00,75,75113,"48,8329760","2,3787690",2,3,3,5,1,4,2,2,1,1,,,1,0,1,4,1,30,1,1,2,0,2,8,1,201900006172B01,7,15,1
201900006177,2019-02-08,2019,février,vendredi,08:40,75,75113,"48,8431400","2,3662210",2,1,3,1,1,4,2,4,1,1,,,2,0,5,4,1,34,1,1,2,0,2,7,1,201900006177B01,7,16,1
201900006185,2019-02-08,2019,février,vendredi,22:02,75,75111,"48,8707410","2,3781690",2,2,6,5,3,4,3,2,1,1,,,2,0,1,4,1,24,1,1,2,0,2,8,1,201900006185A01,7,1,1
201900006190,2019-02-12,2019,février,mardi,13:52,75,75109,"48,8765630","2,3465520",2,4,3,1,1,4,2,3,1,1,,,1,0,1,4,1,22,4,1,2/6,0,2,7,17,201900006190A01,30,1,1
201900006192,2019-02-11,2019,février,lundi,09:40,75,75109,"48,8726050","2,3358080",2,2,3,1,8,4,1,3,1,1,,,1,0,1,4,1,35,1,1,2,0,2,7,15,201900006192A01,33,1,1
201900006195,2019-02-08,2019,février,vendredi,21:35,75,75108,"48,8712360","2,3096440",2,1,3,5,2,4,1,1,1,1,,,2,0,1,4,1,56,9,1,2,0,2,0,18,201900006195B01,7,22,1
201900006199,2019-02-09,2019,février,samedi,19:57,75,75104,"48,8534690","2,3495920",2,1,6,5,1,4,1,1,1,1,,,1,0,1,1,1,20,5,2,,0,1,1,1,201900006199A01,,,
201900006236,2019-03-20,2019,mars,mercredi,09:10,56,56121,"47,7363500"," -3,3855100",2,2,3,1,1,4,2,2,1,1,,,1,0,1,4,1,14,5,1,2,0,2,1,1,201900006236B01,7,1,1
201900006326,2019-03-22,2019,mars,vendredi,09:25,29,29232,"47,9833400"," -4,0754400",2,1,3,1,1,4,1,1,1,2,,,1,0,1,4,1,65,5,1,2,0,2,4,0,201900006326B01,7,26,1
201900006337,2019-03-23,2019,mars,samedi,18:50,25,25056,"47,2503000","6,0049300",2,3,1,5,1,4,2,4,1,1,,,1,0,1,3,1,18,0,2,,0,2,1,19,201900006337B01,7,1,1
201900006338,2019-03-22,2019,mars,vendredi,23:50,22,22215,"48,4900098"," -2,8118166",2,1,2,3,5,3,2,2,1,1,,,1,0,1,3,1,17,5,2,,0,2,4,1,201900006338B01,7,1,1
201900006415,2019-04-21,2019,avril,dimanche,08:55,85,85191,"46,6843500"," -1,4399500",2,1,3,1,1,4, -1,2,1,2,,,1,0,1,3,2,61,5,1,2/4,0,2,8,19,201900006415B01,10,1,1
201900006438,2019-04-17,2019,avril,mercredi,20:05,80,80021,"49,8891900","2,3105300",2,1,3,1,1,4,2,2,1,2,,,1,0,1,4,1,25,0,1,2,0,2,0,17,201900006438B01,7,15,1
201900006490,2019-04-18,2019,avril,jeudi,13:45,72,72181,"48,0065800","0,2067300",2,3,2,1,1,4,2,2,1,1,,,1,0,1,4,1,29,5,2,,0,2,1,1,201900006490A01,7,1,1
201900006501,2019-04-16,2019,avril,mardi,09:10,69,69266,"45,7646200","4,8904600",2,3,3,1,2,4,1,2,1,1,,,2,0,1,4,2,47,1,1,4,0,2,7,1,201900006501B01,7,9,1
201900006506,2019-04-24,2019,avril,mercredi,12:00,69,69091,"45,5956100","4,7676300",2,1,3,1,2,4,2,2,1,1,,,2,0,1,4,1,10,5,1,2,0,2,8,19,201900006506B01,7,26,1
201900006524,2019-04-24,2019,avril,mercredi,10:00,64,64445,"43,3304047"," -0,3555918",2,9,3,1,1,3,1,2,1,2,,,1,5,1,4,1,24,1,2,,0,2,1,1,201900006524B01,7,9,1
201900006565,2019-04-25,2019,avril,jeudi,16:01,56,56121,"47,7393600"," -3,3802500",2,6,3,1,1,4,1,1,1,3,,,1,5,1,4,1,3,5,1,2,0,2,3,1,201900006565B01,7,16,1
201900006565,2019-04-25,2019,avril,jeudi,16:01,56,56121,"47,7393600"," -3,3802500",2,6,3,1,1,4,1,1,1,3,,,1,5,1,1,2,36,5,1,2,0,2,3,1,201900006565B01,7,16,1
201900006639,2019-10-20,2019,octobre,dimanche,11:30,75,75114,"48,8319750","2,3135625",2,3,7,1,2,4,2,3,1,1,,,8,0,1,4,1,40,5,1,2,0,0,7,1,201900006639A01,,,
201900006641,2019-10-20,2019,octobre,dimanche,03:14,75,75112,"48,8383652","2,3760779",2,3,1,5,1,4,1,2,1,2,,,2,0,1,4,1,25,0,1,2,0,2,1,5,201900006641A01,7,1,1
201900006645,2019-10-19,2019,octobre,samedi,21:10,75,75109,"48,8831798","2,3463485",2,1,3,5,2,4,3,2,1,1,,,2,0,5,4,1,39,1,1,2,0,2,7,1,201900006645B01,7,14,1
201900006664,2019-10-20,2019,octobre,dimanche,11:20,56,56222,"47,8450460"," -2,7282100",2,2,3,1,1,3,2,2,3,1,,,1,0,1,3,1,63,0,1,2/4,0,2,3,1,201900006664B01,7,19,1
201900006685,2019-10-20,2019,octobre,dimanche,16:30,973,97311,"5,4749580"," -54,0233660",2,3,3,1,1,4,2,2,3,1,,,1,0,1,4,1,11,0,2,,0,2,8,19,201900006685B01,7,1,1
201900006694,2019-10-16,2019,octobre,mercredi,10:30,21,21564,"47,1229470","5,0991390",1,2,3,1,1,3,2,2,1,1,,,1,5,1,3,1,61,5,1,2,0,2,1,1,201900006694B01,7,19,1
201900006704,2019-06-28,2019,juin,vendredi,11:20,44,44103,"47,3301670"," -2,1347060",2,6,3,1,1,4,2,2,1,1,,,1,0,1,3,2,71,5,2,,0,2,2,1,201900006704B01,7,26,1
201900006770,2019-06-09,2019,juin,dimanche,11:00,72,72277,"48,1498180","0,5066030",1,3,3,1,1,3,2,2,1,1,,,1,0,1,3,1,83,5,2,,0,2,8,1,201900006770A01,7,1,1
201900006781,2019-05-04,2019,mai,samedi,12:35,6,06112,"43,6739691","7,0047599",2,9,3,1,2,3, -1,4,1,1,,,1,0,1,3,1,47,5,1,2,0,2,1,5,201900006781B01,7,15,1
201900006799,2019-06-19,2019,juin,mercredi,17:30,90,90042,"47,6824810","6,8028770",2,8,1,1,1,3,2,2,1,1,,,1,4,8,2,1,71,5,2,,0,4,8,0,201900006799B01,39,26,1
201900006853,2019-06-06,2019,juin,jeudi,08:45,16,16282,"45,8115000","0,3139000",1,1,6,1,1,3,2,2,2,1,0,5.59999999999999964,1,0,1,3,1,67,5,1,2,13,0,7,14,201900006853A01,,,
201900006863,2019-06-12,2019,juin,mercredi,23:00,53,53103,"48,1118500"," -0,9077760",1,1,2,3,1,3,2,2,1,1,,,1,0,1,3,1,16,5,2,,0,2,4,1,201900006863B01,7,1,1