Num_Acc,date,an,mois,jour,hrmn,dep,com,lat,long,agg,int,col,lum,atm,catr,circ,nbv,prof,plan,lartpc,larrout,surf,infra,situ,grav,sexe,age,trajet,secuexist,equipement,obs,obsm,choc,manv,vehiculeid,typevehicules,manoeuvehicules,numVehicules
201900006904,2019-06-19,2019,juin,mercredi,11:00,85,85047,"46,8510400"," -1,8896800",2,6,3,1,1,4, -1,1,1,2,,,1,5,1,3,2,60,5,2,,0,2,8,1,201900006904B01,7,16,1
201900006922,2019-08-04,2019,août,dimanche,10:40,67,67526,"48,4029070","7,5662820",1,3,3,1,1,3,2,2,1,1,,,1,0,1,3,1,79,5,2,,0,2,8,15,201900006922B01,7,17,1
201900006935,2019-06-03,2019,juin,lundi,08:30,28,28227,"48,5862670","1,5870990",2,6,2,1,2,3,2,2,1,2,,,1,5,1,4,1,85,5,1,2,0,2,7,17,201900006935B01,7,11,1
201900006952,2019-06-16,2019,juin,dimanche,10:50,87,87154,"45,8849300","0,8264120",1,1,3,1,1,3,2,2,2,1,,,1,0,1,3,1,72,5,1,2,0,2,1,1,201900006952B01,7,26,1
201900006983,2019-08-11,2019,août,dimanche,16:15,75,75119,"48,8741190","2,3762940",2,1,3,1,1,4,1,3,2,1,,,1,0,1,4,1,6,5,1,2,0,2,1,19,201900006983B01,7,1,1
201900006987,2019-08-11,2019,août,dimanche,22:50,75,75101,"48,8623180","2,3455450",2,1,1,5,1,4,2,2,1,1,,,1,6,6,4,2,29,5,1,2,0,2,1,1,201900006987B01,50,13,1
201900007010,2019-08-10,2019,août,samedi,11:30,31,31470,"42,8066660","0,5484170",2,1,6,1,1,4,2,2,3,2,,,1,0,1,3,1,7,5,1,2,6,0,1,1,201900007010A01,,,
201900007020,2019-08-11,2019,août,dimanche,16:10,40,40282,"43,7536080"," -0,5707110",2,6,3,1,1,4,2,2,1,1,,,1,9,1,3,1,46,5,2,,0,2,8,16,201900007020B01,7,1,1
201900007021,2019-08-11,2019,août,dimanche,10:25,4,04132,"44,0102750","5,6163640",1,3,1,1,1,3,2,2,1,1,,,1,0,1,3,1,54,5,1,2,0,2,1,1,201900007021B01,7,15,1
201900007031,2019-08-11,2019,août,dimanche,16:05,38,38005,"45,2081000","6,0448700",1,1,7,1,1,3,2,2,2,2,,,1,0,1,3,1,19,5,1,2,14,0,0,1,201900007031A01,,,
201900007036,2019-08-10,2019,août,samedi,18:00,5,05134,"44,6508540","6,5796360",2,4,3,1,7,3,2,2,2,3,,,1,0,1,4,1,41,5,2,,0,2,1,0,201900007036A01,7,15,1
201900007043,2019-08-12,2019,août,lundi,10:10,17,17283,"45,5766810"," -0,5304990",1,1,2,1,1,3,2,2,2,1,,,1,0,1,2,1,60,5,1,2,0,2,4,2,201900007043B01,10,2,1
201900007045,2019-08-11,2019,août,dimanche,17:00,44,44176,"47,3529810"," -2,1836760",2,3,1,1,1,4,2,2,1,1,,,1,0,1,3,2,14,5,2,,0,2,1,16,201900007045B01,7,1,1
201900007046,2019-08-10,2019,août,samedi,14:00,22,22143,"48,6010585"," -2,2856938",2,1,7,1,1,9, -1,2,1,1,,,1,0,5,3,1,64,5,2,,13,0,0,0,201900007046A01,,,
201900007061,2019-06-18,2019,juin,mardi,07:40,72,72181,"48,0097200","0,2013400",2,1,3,1,1,4,3,5,2,1,,,1,4,2,4,1,33,0,2,,0,2,7,1,201900007061B01,7,22,1
201900007111,2019-08-08,2019,août,jeudi,17:10,69,69382,"45,7484300","4,8286800",2,2,3,1,1,4, -1,2,1,1,,,1,0,1,4,1,45,5,2,,0,2,8,26,201900007111B01,7,26,1
201900007146,2019-11-25,2019,novembre,lundi,19:30,974,97408," -20,9333640","55,3327960",2,9,1,2,1,4,2,2,1,1,,,1,0,1,4,1,15,5,2,,0,2,1,1,201900007146B01,7,15,1
201900007159,2019-11-25,2019,novembre,lundi,18:15,33,33273,"44,8450440"," -0,7949300",2,3,3,5,8,4,2,2,1,1,,,2,0,1,3,1,15,5,2,,0,2,1,1,201900007159A01,7,15,1
201900007205,2019-11-24,2019,novembre,dimanche,14:45,75,75116,"48,8517710","2,2329500",2,1,2,1,1,4,2,2,1,3,,,1,0,1,4,1,76,5,1,2,0,2,1,2,201900007205A01,1,2,1
201900007205,2019-11-24,2019,novembre,dimanche,14:45,75,75116,"48,8517710","2,2329500",2,1,2,1,1,4,2,2,1,3,,,1,0,1,1,1,58,5,1,2,0,2,4,2,201900007205B01,1,2,1
201900007213,2019-11-23,2019,novembre,samedi,21:15,75,75102,"48,8689464","2,3494693",2,3,3,5,1,4,2,2,3,1,,,1,0,5,4,1,25,4,1,2,0,2,1,1,201900007213A01,7,15,1
201900007250,2019-11-25,2019,novembre,lundi,05:35,77,77088,"48,3209741","2,5768902",2,1,2,5,1,3,2,2,1,1,,,2,9,1,3,1,19,1,1,4/9,0,0,4,0,201900007250A01,7,2,1
201900007269,2019-11-23,2019,novembre,samedi,12:35,50,50294,"49,5946600"," -1,6573350",2,1,3,1,1,3,2,2,1,1,,,1,0,1,4,1,18,5,2,,0,2,3,15,201900007269B01,7,17,1
201900007300,2019-07-07,2019,juillet,dimanche,13:31,17,17300,"46,1509900"," -1,1209300",2,1,1,1,1,4,2,2,2,1,,,1,0,1,3,2,6,5,2,,0,2,2,19,201900007300B01,7,1,1
201900007313,2019-07-07,2019,juillet,dimanche,01:05,75,75120,"48,8493270","2,4162210",2,2,3,5,1,4,2,2,1,1,,,1,8,5,4,1,52,9,1,2,0,2,7,19,201900007313A01,7,1,1
201900007317,2019-07-07,2019,juillet,dimanche,18:35,75,75112,"48,8322970","2,4417300",2,1,4,1,1,4,2,2,1,1,,,1,0,5,4,1,37,5,1,2,0,2,1,2,201900007317C01,1,2,2
201900007317,2019-07-07,2019,juillet,dimanche,18:35,75,75112,"48,8322970","2,4417300",2,1,4,1,1,4,2,2,1,1,,,1,0,5,4,1,27,5,1,2,0,2,1,2,201900007317B01,1,2,2
201900007317,2019-07-07,2019,juillet,dimanche,18:35,75,75112,"48,8322970","2,4417300",2,1,4,1,1,4,2,2,1,1,,,1,0,5,1,1,27,5,1,2,0,2,4,2,201900007317A01,1,2,2
201900007319,2019-07-07,2019,juillet,dimanche,19:55,75,75107,"48,8625740","2,3103960",2,2,3,1,1,4,2,4,1,1,,,1,8,5,4,2,33,5,1,2,0,2,7,19,201900007319A01,7,1,1
201900007367,2019-07-07,2019,juillet,dimanche,10:45,35,35360,"48,1205740"," -1,2064820",2,1,3,1,9,4,2,2,1,1,,,1,0,1,4,1,22,3,2,,0,2,1,9,201900007367B01,7,1,1
201900007383,2019-07-06,2019,juillet,samedi,18:10,52,52450,"47,8941810","5,0932920",2,2,1,1,1,3,2,2,1,1,,,1,0,1,2,2,8,5,2,,0,2,8,15,201900007383B01,7,1,1
201900007417,2019-07-04,2019,juillet,jeudi,18:00,71,71040,"46,6989800","4,3792600",2,1,7,1,1,4,2,2,1,1,,,1,0,1,4,1,42,5,1,2,13,0,1,14,201900007417A01,,,
201900007425,2019-07-04,2019,juillet,jeudi,17:20,45,45147,"47,9341000","1,9291000",2,1,3,1,1,4,2,2,1,1,,,1,0,1,4,1,20,5,2,,0,0,3,11,201900007425B01,7,1,1
201900007482,2019-11-27,2019,novembre,mercredi,18:57,87,87085,"45,8328400","1,2519200",2,2,6,5,2,4,3,4,2,1,,,2,5,1,1,1,43,1,1,2,0,1,1,7,201900007482A01,,,
201900007536,2019-12-03,2019,décembre,mardi,08:00,45,45234,"47,9084905","1,9382799",2,3,3,1,1,4,3,2,1,1,,,1, -1,1,4,1,58,1,2,,0,2,3,19,201900007536B01,7,16,1
201900007538,2019-11-28,2019,novembre,jeudi,17:48,45,45234,"47,8250000","1,9319000",2,1,3,3,2,4,2,2,1,1,,,2,0,1,4,1,42,5,2,,0,2,8,9,201900007538A01,7,1,1
201900007601,2019-12-01,2019,décembre,dimanche,16:35,76,76429,"49,4177000","1,1464400",2,1,3,1,1,3,2,2,1,1,,,1,0,1,4,1,70,0,2,,0,2,8,13,201900007601A01,7,1,1
201900007645,2019-09-08,2019,septembre,dimanche,10:15,12,12168,"44,0223650","3,3020440",2,9,3,1,1,3,2,2,1,2,,,1,0,3,3,1,34,9,1,2,0,2,1,17,201900007645B01,7,15,1
201900007663,2019-09-18,2019,septembre,mercredi,18:40,2,02215,"49,4617180","3,8189900",2,9,2,1,7,3,2,2,1,1,,,1,0,1,2,2,70,0,2,,0,2,4,2,201900007663B01,7,2,1
201900007684,2019-09-18,2019,septembre,mercredi,09:00,17,17421,"45,6788590"," -0,9309810",2,1,3,1,1,3,2,2,3,1,,,1,2,1,4,2,70,5,2,,0,2,8,2,201900007684A01,7,17,1
201900007751,2019-09-16,2019,septembre,lundi,20:15,54,54395,"48,6871470","6,2029030",2,1,6,5,1,4,2,2,1,1,,,1,0,1,3,2,52,0,2,,0,2,0,1,201900007751B01,7,1,1
201900007758,2019-09-16,2019,septembre,lundi,08:15,44,44109,"47,1940000"," -1,5313600",2,1,3,1,1,4,2,0,1,1,,,1,0,1,4,1,32,0,1,2,0,2,1,2,201900007758B01,10,16,1
201900007796,2019-09-16,2019,septembre,lundi,09:45,75,75115,"48,8428714","2,3123891",2,2,3,1,1,4,3,4,2,1,,,1,5,5,4,1,31,1,1,2,0,2,1,1,201900007796A01,10,16,1
201900007797,2019-09-16,2019,septembre,lundi,18:20,75,75111,"48,8640025","2,3706871",2,2,6,1,1,4,3,3,1,1,,,1,0,5,1,1,23,5,1,2,0,1,1,1,201900007797A01,,,
201900007948,2019-02-08,2019,février,vendredi,11:50,31,31455,"43,2533610","1,2005930",2,6,3,1,1,3,2,2,1,4,,,1,0,1,3,1,79,5,1,2,0,2,7,1,201900007948B01,7,9,1
201900007953,2019-02-08,2019,février,vendredi,19:45,2,02453,"49,3826632","3,7356379",1,1,3,3,1,3,2,2,1,3,,,1,0,1,4,1,16,2,1,4,0,2,8,1,201900007953B01,7,17,1
201900007964,2019-02-13,2019,février,mercredi,15:40,58,58095,"46,7930560","3,5085170",1,1,2,1,1,3,2,2,1,1,,,1,0,1,1,1,63,5,1,2,0,0,4,1,201900007964B01,1,1,1
201900007964,2019-02-13,2019,février,mercredi,15:40,58,58095,"46,7930560","3,5085170",1,1,2,1,1,3,2,2,1,1,,,1,0,1,3,1,62,5,1,2,0,2,1,1,201900007964A01,1,1,1
201900007967,2019-02-11,2019,février,lundi,07:40,72,72346,"47,8898480","0,0322540",2,1,3,1,2,9,2,2,1,1,,,2,5,1,3,1,38,1,2,,0,2,2,1,201900007967A01,7,15,1
201900007981,2019-02-09,2019,février,samedi,08:30,16,16044,"46,0264200","0,2522070",1,1,1,1,2,3,2,2,2,1,0,3.79999999999999982,2,0,1,3,1,67,5,1,2,0,2,1,1,201900007981B01,7,21,1
201900007984,2019-02-11,2019,février,lundi,08:36,53,53084,"47,8470260"," -0,9482380",2,6,3,1,1,3, -1,1,1,3,,,1,5,1,3,1,20,1,1,4,0,2,0,0,201900007984A01,7,9,1
201900007985,2019-02-08,2019,février,vendredi,11:50,40,40089,"43,6916100"," -0,6497180",2,1,2,1,1,3,2,2,2,1,,,1,0,1,3,1,36,5,1,2,0,2,5,18,201900007985B01,7,11,1
201900008020,2019-03-19,2019,mars,mardi,19:32,3,03023,"46,1091934","3,4105062",2,2,3,1,1,4,1,1,1,1,,,1,0,1,3,1,53,5,1,2,0,2,8,19,201900008020B01,7,1,1
201900008036,2019-03-23,2019,mars,samedi,17:55,75,75106,"48,8519100","2,3410500",2,1,3,2,1,4,1,3,1,1,,,1,0,6,4,1,22,5,2,,0,2,7,7,201900008036B01,31,18,1
201900008041,2019-03-25,2019,mars,lundi,20:40,75,75120,"48,8632890","2,3997040",2,2,3,5,1,4,2,2,2,1,,,1,0,1,4,1,32,5,1,2,0,2,0,1,201900008041A01,7,15,1
201900008049,2019-03-25,2019,mars,lundi,15:15,75,75119,"48,8755820","2,3818730",2,2,3,1,1,4,2,2,2,1,,,1,0,1,4,2,29,0,1,2,0,2,3,15,201900008049B01,43,21,1
201900008050,2019-03-25,2019,mars,lundi,09:50,75,75119,"48,8849880","2,3832710",2,2,3,1,1,4,1,2,1,1,,,1,0,5,4,1,25,1,1,2,0,2,1,1,201900008050B01,7,15,1
201900008062,2019-03-25,2019,mars,lundi,10:30,75,75116,"48,8452700","2,2604740",2,2,3,1,1,4,2,2,1,1,,,1,0,1,4,2,71,5,1,2,0,2,1,1,201900008062B01,7,9,1
201900008063,2019-03-24,2019,mars,dimanche,15:25,75,75116,"48,8606650","2,2373190",2,1,6,1,1,4, -1,1,1,1,,,1,0,5,1,1,17,0,1,2,0,1,1,1,201900008063A01,,,
201900008079,2019-03-20,2019,mars,mercredi,08:00,75,75114,"48,8325760","2,3389150",2,1,3,1,1,4,1,2,2,1,,,1,0,5,4,1,56,1,1,2,0,2,1,1,201900008079B01,7,16,1
201900008081,2019-03-24,2019,mars,dimanche,19:30,75,75113,"48,8267800","2,3647710",2,1,6,5,1,4,2,3,1,1,,,1,0,1,4,1,51,1,1,2,1,0,1,21,201900008081A01,,,
201900008083,2019-03-22,2019,mars,vendredi,10:40,75,75113,"48,8259890","2,3536510",2,8,3,1,1,4,2,3,1,1,,,1,0,1,4,1,48,0,1,2,0,2,7,17,201900008083A01,33,15,1
201900008095,2019-03-21,2019,mars,jeudi,08:00,75,75110,"48,8806250","2,3521530",2,3,6,1,1,4,2,4,2,1,,,1,0,1,4,1,60,0,1,2,0,0,0,21,201900008095A01,,,
201900008100,2019-03-21,2019,mars,jeudi,11:19,75,75109,"48,8763090","2,3334540",2,1,3,1,1,4,1,3,1,1,,,1,0,1,4,2,24,1,1,2,0,2,1,1,201900008100B01,7,22,1
201900008110,2019-03-22,2019,mars,vendredi,20:50,75,75101,"48,8621060","2,3414250",2,1,6,5,1,4,2,4,1,1,,,1,0,1,4,1,30,0,2,,0,1,1,1,201900008110A01,,,
201900008111,2019-03-20,2019,mars,mercredi,12:35,75,75104,"48,8557910","2,3638280",2,1,7,1,1,4,2,1,1,1,,,1,9,1,4,1,70,9,2,,0,0,0,21,201900008111B01,,,
201900008112,2019-03-20,2019,mars,mercredi,09:10,75,75104,"48,8535610","2,3565050",2,4,1,1,1,4,2,1,1,1,,,1,0,5,1,1,31,1,2,,0,2,1,1,201900008112A01,1,9,1
201900008112,2019-03-20,2019,mars,mercredi,09:10,75,75104,"48,8535610","2,3565050",2,4,1,1,1,4,2,1,1,1,,,1,0,5,4,2,29,1,2,,0,2,0,9,201900008112B01,1,1,1
201900008154,2019-03-21,2019,mars,jeudi,16:50,93,93051,"48,8413300","2,5596600",2,6,3,1,1,4,1,2,1,2,,,1,0,1,4,1,48,1,2,,0,2,1,1,201900008154B01,7,9,1
201900008238,2019-10-19,2019,octobre,samedi,17:15,75,75110,"48,8693256","2,3633875",2,2,6,1,1,4,2,2,1,1,,,1,0,5,1,2,34,5,1,2,0,1,1,1,201900008238A01,,,
201900008247,2019-10-19,2019,octobre,samedi,08:40,92,92072,"48,8256956","2,2196266",2,1,3,1,2,3,2,2,2,1,,,2,0,1,4,2,26,0,1,2,0,2,1,17,201900008247B01,10,15,1
201900008378,2019-04-16,2019,avril,mardi,10:50,56,56083,"47,8020600"," -3,2787700",2,6,3,1,1,3,2,1,2,1,,,1,5,1,3,2,23,4,1,2,0,2,9,16,201900008378B01,10,16,1
201900008416,2019-04-18,2019,avril,jeudi,18:12,45,45286,"47,8852813","1,9244270",2,3,3,1,1,4,3,5,1,1,,,1,0,1,4,2,62,1,2,,0,2,1,0,201900008416B01,7,16,1
201900008422,2019-04-24,2019,avril,mercredi,17:00,44,44184,"47,2767800"," -2,2111620",2,2,3,1,1,4,1,1,1,1,,,1,0,1,4,1,15,5,2,,0,2,6,1,201900008422A01,7,1,1
201900008436,2019-04-23,2019,avril,mardi,18:30,39,39198,"47,0845500","5,4754700",2,1,7,1,1,4,2,2,4,1,,,1,0,1,3,1,51, -1,2,,0,0,1,0,201900008436A01,,,
201900008440,2019-04-23,2019,avril,mardi,12:30,38,38185,"45,1886800","5,7150900",2,1,6,1,1,4, -1,1,1,1,,,1,6,1,1,1,31,0,2,,0,1,1,1,201900008440A01,,,
201900008478,2019-04-21,2019,avril,dimanche,20:15,34,34172,"43,5918900","3,8811500",2,9,3,2,1,4,1,2,1,1,,,1,0,1,4,1,12,5,2,,0,2,1,1,201900008478B01,7,1,1
201900008481,2019-04-19,2019,avril,vendredi,18:03,34,34172,"43,6146000","3,8357500",2,1,6,1,1,4,2,2,1,1,,,9,8,1,4,1,24,9,1,2,0,2,1,25,201900008481A01,7,16,1
201900008482,2019-04-18,2019,avril,jeudi,09:40,34,34172,"43,6237900","3,8620100",2,2,2,1,1,4,2,4,1,1,,,1,5,1,4,2,21,2,1,2,0,2,1,1,201900008482A01,7,23,1
201900008486,2019-04-19,2019,avril,vendredi,06:30,33,33063,"44,8328800"," -0,5818200",2,2,1,5,1,4,2,4,1,1,,,1,0,1,4,1,45,1,1,6,0,2,1,1,201900008486A01,7,1,1
201900008527,2019-04-23,2019,avril,mardi,08:45,29,29019,"48,4205423"," -4,4869022",2,1,1,1,1,4, -1,0,2,1,,,1,0,1,4,1,38,0,2,,0,2,0,0,201900008527B01,7,9,1
201900008546,2019-04-25,2019,avril,jeudi,04:50,21,21231,"47,3388800","5,0634600",2,1,3,5,2,4,1,2,1,2,,,2,0,1,4,1,60,0,1,2,0,2,2,1,201900008546B01,7,9,1
201900008559,2019-06-13,2019,juin,jeudi,19:30,87,87119,"45,6931260","1,3428460",1,1,3,1,1,3,2,2,4,3,,,1,5,1,3,1,30,5,1,2,0,2,1,1,201900008559B01,7,15,1
201900008584,2019-06-02,2019,juin,dimanche,14:40,8,08122,"50,1221160","4,7929370",1,2,3,1,1,3,2,2,2,1,,,1,0,1,3,1,14,5,2,,0,2,8,15,201900008584A01,33,17,1
201900008592,2019-04-20,2019,avril,samedi,19:30,95,95039,"49,0695540","2,1384710",2,1,2,2,1,3,2,2,1,1,,,1,0,1,4,1,11,5,2,,0,2,4,2,201900008592A01,7,1,1
201900008631,2019-06-17,2019,juin,lundi,16:56,31,31451,"43,4579150","2,0032970",2,6,3,1,1,3,2,2,1,3,,,1,0,1,3,1,61,3,2,,0,2,8,18,201900008631B01,13,16,1
201900008653,2019-06-01,2019,juin,samedi,17:00,38,38052,"45,0549930","6,0291200",1,1,7,1,1,3,2,2,2,1,,,1,0,1,4,1,34,5,1,2,0,0,0,1,201900008653A01,,,
201900008663,2019-06-02,2019,juin,dimanche,16:45,69,69043,"45,7079060","4,7474220",2,6,3,1,1,4,2,1,2,1,,,1,0,1,4,1,13,5,2,,0,0,9,2,201900008663B01,7,1,1
201900008678,2019-06-03,2019,juin,lundi,17:30,95,95250,"49,0975578","2,5084060",2,1,1,1,1,4,2,2,2,1,,,1,0,1,4,1,10,5,2,,0,2,1,16,201900008678B01,7,1,1
201900008715,2019-06-01,2019,juin,samedi,19:50,973,97305,"5,0127056"," -52,4749192",2,2,3,5,3,4,1,1,1,1,,,2,0,1,4,1,17,5,2,,0,2,1,5,201900008715B01,7,1,1
201900008729,2019-06-16,2019,juin,dimanche,09:00,45,45039,"47,7952241","2,3813604",2,1,3,1,1,3,2,2,1,1,,,1,9,5,4,1,73,5,1,2,0,2,1,1,201900008729B01,7,9,1
201900008732,2019-05-31,2019,mai,vendredi,08:50,45,45096,"47,7718160","2,6072210",1,2,1,1,1,3,2,2,1,1,,,1,5,1,3,1,77,5,2,,0,2,3,1,201900008732B01,7,19,1
201900008736,2019-06-09,2019,juin,dimanche,09:00,77,77437,"49,0357400","2,7959800",2,2,3,1,1,3,2,2,3,1,,,1,5,1,4,1,86,5,1,2,0,2,8,0,201900008736B01,7,19,1
201900008771,2019-08-08,2019,août,jeudi,10:10,74,74010,"45,8998000","6,1216000",2,1,6,1,1,4,2,2,1,1,,,1,0,1,1,2,61,5,1,2,0,1,1,25,201900008771A01,,,
201900008792,2019-08-09,2019,août,vendredi,11:00,64,64445,"43,3056600"," -0,3759100",2,1,3,1,1,4,2,2,1,1,,,1,9,1,3,1,31,5,2,,0,2,8,26,201900008792B01,7,18,1
201900008812,2019-08-09,2019,août,vendredi,08:14,57,57672,"49,3536500","6,1762830",2,1,6,1,1,4,2,2,1,3,,,1,0,1,3,1,52,1,2,,0,2,8,19,201900008812B01,14,1,1
201900008829,2019-08-07,2019,août,mercredi,08:45,44,44109,"47,2106200"," -1,5356900",2,1,1,1,1,4, -1,0,1,1,,,1,0,1,4,1,47,0,1,2,0,2,1,1,201900008829B01,50,1,1
201900008862,2019-08-09,2019,août,vendredi,17:50,29,29039,"47,8767000"," -3,9150300",2,9,3,1,1,6, -1, -1,1,1,,,1,9,1,4,2,47,0,2,,0,2,0,5,201900008862B01,7,15,1
201900008870,2019-08-02,2019,août,vendredi,11:45,22,22106,"48,4991800"," -2,6909000",2,3,3,1,1,4,2,2,1,1,,,1,0,1,4,1,48,5,1,2,0,2,1,1,201900008870B01,10,1,1
201900008872,2019-08-04,2019,août,dimanche,15:20,22,22113,"48,7333300"," -3,4659700",2,1,1,1,1,4,1,2,2,2,,,1,0,1,4,1,30,5,2,,8,2,1,5,201900008872B01,7,21,1
201900008914,2019-08-07,2019,août,mercredi,09:00,5,05023,"44,8941400","6,6353800",2,1,1,1,1,4,2,2,1,2,,,1,0,1,4,1,46,5,1,2,0,2,1,1,201900008914B01,7,15,1
201900008943,2019-11-23,2019,novembre,samedi,16:50,34,34172,"43,5751200","3,8597400",2,9,3,2,1,3, -1,2,1,3,,,1,0,1,4,1,45,0,2,,0,2,6,26,201900008943A01,7,16,1
201900009008,2019-11-23,2019,novembre,samedi,16:00,973,97309,"4,8931990"," -52,2873170",2,3,3,1,1,4,2,2,1,1,,,1,0,1,3,1,11,5,2,,0,2,3,5,201900009008B01,7,1,1
201900009104,2019-11-22,2019,novembre,vendredi,08:05,45,45234,"47,8905900","1,9099800",2,3,3,2,8,4,2,2,1,1,,,2,0,1,4,2,14,2,1,2,0,2,8,1,201900009104B01,7,15,1
201900009105,2019-11-22,2019,novembre,vendredi,07:55,45,45234,"47,9171656","1,9375136",2,1,1,5,1,4,2,2,1,1,,,2,0,1,4,1,12,2,2,,0,2,3,15,201900009105B01,7,1,1
201900009110,2019-07-04,2019,juillet,jeudi,20:11,87,87085,"45,8208800","1,2469000",2,1,3,1,1,4,3,4,2,1,,,1,0,1,3,1,43,1,1,2,0,2,5,1,201900009110B01,7,9,1
201900009140,2019-07-05,2019,juillet,vendredi,11:25,72,72181,"47,9763500","0,1672600",2,1,3,1,1,4,2,2,1,1,,,1,0,1,3,1,76,5,2,,0,2,1,15,201900009140A01,14,26,1
201900009170,2019-06-29,2019,juin,samedi,08:30,56,56260,"47,6670500"," -2,7448200",2,4,3,1,1,4,2,2,2,1,,,1,0,1,4,1,57,1,1,2,0,2,1,1,201900009170B01,7,15,1
201900009222,2019-07-04,2019,juillet,jeudi,19:35,34,34172,"43,5979310","3,8931390",2,9,3,1,1,4,2,2,1,1,,,1,0,1,4,1,32,0,1,2,0,2,8,0,201900009222B01,10,15,1
201900009263,2019-07-06,2019,juillet,samedi,07:40,17,17300,"46,1730300"," -1,2199700",2,1,3,1,1,4,2,2,1,3,,,1,0,1,4,1,53,0,1,2,0,2,8,11,201900009263B01,7,17,1
201900009273,2019-07-04,2019,juillet,jeudi,07:40,14,14118,"49,2028300"," -0,3919700",2,6,3,1,1,3,2, -1,1,1,,,1,5,1,4,1,49, -1,2,,0,0,7,1,201900009273B01,7,1,1
201900009328,2019-12-02,2019,décembre,lundi,18:00,6,06069,"43,6408320","6,9171780",2,3,3,5,1,4,2,2,2,1,,,1,0,1,4,1,17,0,2,,0,2,1,1,201900009328B01,7,15,1
201900009339,2019-11-28,2019,novembre,jeudi,18:00,37,37273,"47,3952050","0,7727950",2,2,3,3,8,4,2,2,1,1,,,1,0,1,4,1,46,9,1,2,0,2,1,19,201900009339B01,7,16,1
201900009354,2019-12-14,2019,décembre,samedi,11:15,45,45130,"47,7953237","1,7113202",2,1,3,1,1,4,2,2,1,1,,,1,0,1,4,1,66,5,1,2,0,2,3,0,201900009354B01,7,17,1
201900009366,2019-12-19,2019,décembre,jeudi,10:50,75,75119,"48,8786010","2,4005450",2,1,3,1,2,4,1,1,2,1,,,2,8,1,4,1,47,1,1,2,0,2,1,1,201900009366B01,7,9,1
201900009386,2019-09-12,2019,septembre,jeudi,17:25,42,42218,"45,4495730","4,4055000",2,1,6,1,1,4,2, -1, -1, -1,,,1, -1,5,2,2,9,5,2,,2,0,1, -1,201900009386A01,,,
201900009468,2019-09-17,2019,septembre,mardi,18:30,62,62869,"50,2461580","2,7213490",1,1,1,1,1,4,2,2,2,4,,,1,0,1,3,1,16,2,2,,0,0,1,13,201900009468A01,7,1,1
201900009471,2019-09-16,2019,septembre,lundi,09:30,82,82025,"43,9483650","1,3233410",1,1,3,1,1,4,2,2,1,1,,,1,0,1,2,1,68,5,2,,0,2,7,1,201900009471B01,10,19,1
201900009484,2019-09-17,2019,septembre,mardi,15:30,50,50486,"49,4078370"," -1,6246020",1,1,7,1,1,4,2,2,1,1,,,1,0,1,3,1,70,5,1,2,14,0,0,1,201900009484A01,,,
201900009486,2019-09-16,2019,septembre,lundi,13:30,36,36088,"46,9599830","1,9884280",2,2,3,1,1,4,2,2,2,1,,,1,0,1,3,1,11,2,2,,0,2,1,19,201900009486A01,7,21,1
201900009501,2019-09-10,2019,septembre,mardi,12:35,69,69074,"46,0084100","4,6368640",1,2,3,1,1,3,2,2,2,1,,,1,0,1,3,1,73,5,1,2,0,2,1,1,201900009501A01,7,1,1
201900009533,2019-09-13,2019,septembre,vendredi,19:55,81,81244,"44,0475440","2,1333200",2,2,3,2,1,4,2,0,2,1,,,1,0,1,3,1,12,5,2,,0,2,1,1,201900009533A01,7,1,1
201900009538,2019-09-15,2019,septembre,dimanche,15:35,64,64445,"43,3262800"," -0,3684300",2,1,3,1,1,4,2,2,1,1,,,1,0,1,4,1,46,5,2,,0,2,1,1,201900009538B01,7,15,1
201900009539,2019-09-15,2019,septembre,dimanche,08:57,64,64348,"43,3210100"," -0,3917600",2,6,3,1,1,3, -1,2,1,3,,,1,9,1,3,1,46,5,1,2,0,2,1,1,201900009539B01,7,9,1
201900009561,2019-09-15,2019,septembre,dimanche,14:30,75,75118,"48,8919584","2,3474028",2,1,3,1,1,4,2,2,1,1,,,1,0,1,4,1,39,5,1,2,0,2,1,1,201900009561B01,7,22,1
201900009593,2019-09-16,2019,septembre,lundi,16:00,76,76536,"49,4585800","1,1656270",1,1,6,1,1,3,2,2,2,1,,,1,0,3,2,1,72,5,1,2,2,0,0,1,201900009593A01,,,
201900009696,2019-03-20,2019,mars,mercredi,17:20,33,33138,"45,0384170"," -0,1032010",2,6,2,1,1,3,2,2,1,1,,,1,0,1,3,1,75,5,1,2/6/4,0,2,4,21,201900009696B01,7,9,1
201900009709,2019-03-13,2019,mars,mercredi,19:20,1,01354,"46,2393990","6,0342890",1,6,3,5,2,3,2,2,1,3,,,1,3,1,4,1,41,1,2,,0,2,8,19,201900009709A01,7,9,1
201900009743,2019-03-25,2019,mars,lundi,18:24,82,82019,"44,0920830","1,0090050",1,3,5,1,1,3,2,2,1,1,,,1,0,1,2,1,17,5,2,,13,2,4,2,201900009743B01,7/ 10,2,2
201900009745,2019-03-23,2019,mars,samedi,16:08,65,65080,"43,1520360","0,0243990",2,1,3,1,1,3,2,2,1,4,,,1,0,1,3,1,60,5,1,2,0,2,8,1,201900009745B01,21,1,1