Num_Acc,date,an,mois,jour,hrmn,dep,com,lat,long,agg,int,col,lum,atm,catr,circ,nbv,prof,plan,lartpc,larrout,surf,infra,situ,grav,sexe,age,trajet,secuexist,equipement,obs,obsm,choc,manv,vehiculeid,typevehicules,manoeuvehicules,numVehicules
201900009763,2019-03-22,2019,mars,vendredi,16:00,34,34036,"43,6849380","3,3637990",1,1,2,1,1,3,2,2,1,1,,,1,0,1,3,1,71,0,1,2,0,0,8,2,201900009763B01,7,2,1
201900009771,2019-03-15,2019,mars,vendredi,12:30,29,29260,"48,4278562"," -4,6287391",2,2,3,1,8,4,2,2,4,1,,,1,0,1,4,2,27,1,1,2,0,2,1,1,201900009771B01,7,15,1
201900009774,2019-03-25,2019,mars,lundi,17:07,2,02478,"49,5166540","3,5039720",2,3,3,1,1,3,2,2,1,1,,,1,0,1,3,1,8,5,1,2,0,2,1,19,201900009774A01,7,1,1
201900009784,2019-03-16,2019,mars,samedi,15:20,58,58057,"46,7438480","3,1211760",1,1,7,1,1,4,2,2,1,1,,,1,0,3,2,1,61,5,1,2,0,0,0,0,201900009784A01,,,
201900009785,2019-03-24,2019,mars,dimanche,15:30,54,54049,"49,4431620","5,7355890",1,1,2,1,1,4,2,2,1,2,,,1,0,1,4,1,15,5,1,2,0,0,4,1,201900009785A01,7,2,1
201900009809,2019-03-25,2019,mars,lundi,17:25,24,24286,"45,2655300","0,4910390",1,2,3,1,1,4,2,2,2,1,,,1,0,1,3,1,31,3,2,,0,2,1,1,201900009809A01,7,1,1
201900009820,2019-03-26,2019,mars,mardi,17:20,17,17256,"45,8586260"," -0,4619560",1,1,1,1,1,3,2,2,1,1,,,1,0,1,2,1,83,5,1,2,0,2,1,1,201900009820B01,10,17,1
201900009840,2019-03-22,2019,mars,vendredi,17:50,38,38052,"45,0692150","6,0408220",1,1,7,1,1,3,2,2,2,2,,,1,0,1,3,1,61,5,1,2/4/9,0,0,1,1,201900009840A01,,,
201900009879,2019-02-08,2019,février,vendredi,23:03,987,98714," -16,4988880"," -145,7382180",2,9,3,5,1,2,2,2,1,1,,,1,0,1,3,1,43,5,2,,0,2,6,26,201900009879B01,7,1,1
201900009881,2019-02-10,2019,février,dimanche,19:30,987,98722," -17,5668330"," -149,3290090",2,1,3,3,1,2,2,2,1,1,,,1,2,1,3,1,23,5,2,,0,2,0,13,201900009881A01,7,21,1
201900009889,2019-02-08,2019,février,vendredi,08:45,973,97312,"5,3462575"," -52,9347897",1,1,3,1,1,2,2,2,1,1,,,1,0,1,2,1,21,5,2,,0,2,9,13,201900009889B01,7,17,1
201900009890,2019-02-07,2019,février,jeudi,15:30,973,97304,"5,1497600"," -52,6715040",1,1,2,1,1,2,2,2,1,1,,,1,2,1,4,1,61,0,2,,0,2,4,13,201900009890B01,10,2,1
201900009960,2019-02-08,2019,février,vendredi,11:00,59,59363,"50,2129370","3,6412780",1,1,3,1,6,3,2,2,3,1,,,1,0,1,3,1,66,0,2,,0,2,8,2,201900009960B01,17,2,1
201900009962,2019-02-11,2019,février,lundi,18:55,59,59611,"50,6984610","3,0150710",1,1,2,3,1,3,2,2,1,1,,,1,0,1,3,1,20,5,2,,0,0,4,2,201900009962B01,7,2,1
201900010076,2019-10-18,2019,octobre,vendredi,08:25,75,75119,"48,8923245","2,3791355",2,2,3,1,2,4,1,2,1,1,,,2,5,1,4,1,37,1,2,,0,2,3,1,201900010076B01,2,1,1
201900010081,2019-10-18,2019,octobre,vendredi,18:30,75,75111,"48,8550120","2,3848330",2,1,3,2,1,4,2,2,1,1,,,1,0,5,4,1,23,9,2,,0,2,1,1,201900010081B01,7,10,1
201900010084,2019-10-18,2019,octobre,vendredi,21:00,75,75107,"48,8625492","2,3104058",2,2,3,5,1,4,2,4,1,1,,,1,0,5,4,1,27,0,1,2,0,2,2,1,201900010084A01,7,1,1
201900010087,2019-10-16,2019,octobre,mercredi,19:55,75,75104,"48,8612120","2,3497250",2,3,3,5,2,4,2,2,1,1,,,2,0,5,4,1,20,0,1,2,0,2,2,1,201900010087B01,7,15,1
201900010135,2019-10-09,2019,octobre,mercredi,11:10,22,22018,"48,6558630"," -3,2273610",1,1,7,1,1,4,2,2,1,1,,,1,0,3,2,1,70,5,1,2,0,0,0,13,201900010135A01,,,
201900010212,2019-10-15,2019,octobre,mardi,15:58,76,76402,"49,5283600","1,0416800",2,2,6,1,1,3,2,2,1,1,,,2,0,4,1,1,19,1,2,,0,1,1,25,201900010212A01,,,
201900010215,2019-10-17,2019,octobre,jeudi,19:37,74,74093,"45,8955490","6,1121450",2,1,3,5,2,4,2,2,1,1,,,2,0,1,4,1,72,0,1,2,0,2,2,0,201900010215B01,7,1,1
201900010216,2019-10-17,2019,octobre,jeudi,12:15,71,71153,"46,7990800","4,4400800",2,1,7,1,3,4,2,2,2,1,,,2,0,1,4,1,51,1,2,,0,0,0,26,201900010216A01,,,
201900010305,2019-06-19,2019,juin,mercredi,17:20,48,48198,"44,4392620","3,9216350",2,1,1,1,1,3,2,2,2,4,,,1,2,1,3,2,51,5,1,2,0,2,1,2,201900010305B01,2,2,1
201900010314,2019-06-05,2019,juin,mercredi,08:45,34,34143,"43,4568948","3,6105155",1,3,2,1,7,3,2,2,2,1,,,1,9,1,3,1,71,5,1,2,0,2,4,15,201900010314B01,33,1,1
201900010326,2019-06-14,2019,juin,vendredi,07:15,84,84019,"44,2852270","4,7509280",2,6,3,2,2,4,2,2,1,2,,,2,0,1,4,1,53,1,2,,0,2,1,15,201900010326B01,3,1,1
201900010327,2019-04-22,2019,avril,lundi,14:55,11,11262,"43,1894200","2,9851000",2,6,3,1,1,4,1,2,1,2,,,1,0,1,4,2,56,0,2,,0,2,7,1,201900010327B01,7,9,1
201900010333,2019-04-23,2019,avril,mardi,15:15,11,11069,"43,2148400","2,3473300",2,3,3,1,1,4,1,2,1,1,,,1,0,1,3,1,26,0,1,2,0,0,0,3,201900010333A01,7,0,1
201900010336,2019-06-19,2019,juin,mercredi,09:15,83,83035,"43,2028100","5,7757450",1,1,2,1,1,3,2,2,1,1,,,1,0,1,3,1,40,5,1,2,0,0,4,2,201900010336A01,7,2,1
201900010366,2019-06-01,2019,juin,samedi,15:30,83,83151,"43,4340570","6,1414650",1,1,3,1,1,3,2,2,1,3,,,1,0,1,4,1,22,5,2,,0,0,4,15,201900010366B01,33,1,1
201900010384,2019-04-19,2019,avril,vendredi,17:25,6,06027,"43,6545542","7,1453120",2,1,6,1,1,7,2,3,2,1,,,1,0,1,2,1,83,9,2,,0,2,8,3,201900010384B01,10,0,1
201900010389,2019-04-17,2019,avril,mercredi,18:30,5,05061,"44,5130000","6,0557000",1,2,3,1,1,3,2,2,2,1,,,1,5,1,4,1,37,0,1,2,0,2,1,1,201900010389B01,7,19,1
201900010398,2019-05-22,2019,mai,mercredi,15:40,13,13014,"43,4721480","5,1674710",2,9,3,1,1,5, -1,1,1,1,,,1,0,8,4,1,64,5,2,,0,2,2,1,201900010398B01,7,1,1
201900010403,2019-06-08,2019,juin,samedi,10:00,13,13073,"43,4017520","5,5648040",1,3,1,1,1,3,2,2,3,1,,,1,0,1,3,1,78,5,1,2/6/9,0,2,7,1,201900010403B01,99,15,1
201900010453,2019-04-28,2019,avril,dimanche,14:45,75,75120,"48,8518580","2,4013740",2,2,6,1,2,4,1,2,1,1,,,2,0,1,1,1,59,0,1,2,0,1,7,1,201900010453A01,,,
201900010474,2019-04-25,2019,avril,jeudi,19:40,75,75119,"48,8738250","2,3751100",2,2,6,1,1,4,1,2,1,1,,,1,0,5,1,1,30,0,1,2,0,1,1,1,201900010474A01,,,
201900010476,2019-04-22,2019,avril,lundi,17:20,75,75119,"48,8828500","2,3745430",2,3,3,1,1,4,1,1,1,3,,,1,0,1,1,1,18,5,1,2,0,2,8,5,201900010476A01,32,5,1
201900010489,2019-05-31,2019,mai,vendredi,20:30,67,67519,"48,6573360","7,8294660",2,3,3,1,1,3,2,2,1,1,,,1,0,1,4,1,56,5,2,,0,2,0,1,201900010489A01,7,15,1
201900010491,2019-05-28,2019,mai,mardi,06:25,67,67067,"48,7145820","7,6901590",1,1,3,2,1,3,2,2,3,1,,,1,0,1,4,1,29,1,1,2/4,0,0,8,2,201900010491A01,7,2,1
201900010501,2019-04-25,2019,avril,jeudi,19:25,75,75117,"48,8911240","2,2992230",2,1,3,1,1,4,1,1,1,1,,,1,0,1,4,2,27,5,1,2,0,2,8,19,201900010501A01,7,1,1
201900010502,2019-04-25,2019,avril,jeudi,11:45,75,75117,"48,8873060","2,2978350",2,7,2,1,1,4,2,2,1,1,,,1,0,1,4,1,25,4,1,2,0,2,0,1,201900010502B01,30,18,1
201900010503,2019-06-09,2019,juin,dimanche,18:45,55,55169,"49,5262500","5,4593090",2,3,3,1,1,4,1,1,2,1,,,1,0,1,3,1,10,5,2,,0,2,0,0,201900010503B01,7,15,1
201900010518,2019-04-26,2019,avril,vendredi,15:40,75,75116,"48,8585650","2,2448830",2,2,3,1,1,4,2,4,1,1,,,1,0,1,4,1,47,5,1,2,0,2,2,17,201900010518B01,10,15,1
201900010534,2019-04-18,2019,avril,jeudi,20:20,75,75116,"48,8610240","2,2299220",2,1,3,1,1,4,2,2,1,1,,,1,0,1,4,1,36,5,1,2,0,2,1,1,201900010534B01,7,10,1
201900010543,2019-06-03,2019,juin,lundi,16:30,74,74185,"46,1565665","6,2011052",1,1,6,1,1,3,2,2,2,3,,,1,0,1,2,1,18,5,2,,13,0,3,0,201900010543A01,,,
201900010569,2019-06-17,2019,juin,lundi,19:30,26,26315,"45,0210340","5,4444040",2,1,7,1,1,4,2,2,2,1,,,1,0,1,2,1,61,5,2,,0,0,7,1,201900010569A01,,,
201900010572,2019-06-19,2019,juin,mercredi,09:25,7,07264,"44,3215800","4,6258140",1,1,3,1,1,3,2,2,1,1,,,1,0,3,3,1,61,5,1,2,0,0,4,2,201900010572B01,10,2,1
201900010587,2019-05-07,2019,mai,mardi,16:20,69,69014,"45,6792500","4,4790100",2,2,3,1,1,3,2,2,2,1,,,1,0,1,3,1,65,0,1,2,0,2,1,1,201900010587B01,7,19,1
201900010592,2019-06-02,2019,juin,dimanche,11:10,1,01248,"45,8828390","4,8837350",1,6,3,1,1,3,4,2,1,2,,,1,5,1,4,1,43,0,2,,0,2,8,1,201900010592B01,7,17,1
201900010601,2019-06-15,2019,juin,samedi,08:50,79,79049,"46,8460040"," -0,4822410",2,6,3,1,1,3,2,2,1,1,,,1,0,1,4,1,56,1,2,,0,2,1,1,201900010601B01,7,9,1
201900010603,2019-08-07,2019,août,mercredi,21:00,75,75105,"48,8511324","2,3513039",2,2,6,2,1,4,2,4,1,1,,,1,0,1,1,1,31,1,1,2,0,1,4,1,201900010603A01,,,
201900010627,2019-08-10,2019,août,samedi,14:40,75,75112,"48,8373405","2,4081570",2,3,3,1,1,4,3,3,2,1,,,1,0,5,4,2,38,5,1,2,0,2,1,1,201900010627B01,7,1,1
201900010632,2019-08-07,2019,août,mercredi,17:10,75,75111,"48,8600775","2,3725909",2,3,6,1,1,4,3,2,1,1,,,1,0,1,4,1,31,1,1,2,1,0,1,13,201900010632A01,,,
201900010636,2019-08-10,2019,août,samedi,12:30,75,75109,"48,8742349","2,3352668",2,2,3,1,1,4,2,2,1,1,,,1,0,5,4,1,26,0,1,2,0,2,1,1,201900010636B01,7,1,1
201900010682,2019-08-07,2019,août,mercredi,14:30,92,92048,"48,7872600","2,2184600",2,1,6,1,1,4,2,2,1,1,,,1,0,1,1,1,58,1,2,,0,1,1,1,201900010682A01,,,
201900010744,2019-08-09,2019,août,vendredi,18:20,2A,2A362,"41,6990460","9,3512770",2,9,3,1,1,2,2,2,1,1,,,1,0,1,4,2,53,5,2,,0,2,1,1,201900010744B01,10,11,1
201900010750,2019-08-08,2019,août,jeudi,08:20,65,65442,"43,2954990","0,6244500",1,1,4,1,1,3,2,2,1,1,,,1,0,1,2,1,60,5,1,2,0,2,4,1,201900010750B01,7,1,1
201900010750,2019-08-08,2019,août,jeudi,08:20,65,65442,"43,2954990","0,6244500",1,1,4,1,1,3,2,2,1,1,,,1,0,1,3,1,57,5,1,2,0,2,4,1,201900010750C01,7,1,1
201900010750,2019-08-08,2019,août,jeudi,08:20,65,65442,"43,2954990","0,6244500",1,1,4,1,1,3,2,2,1,1,,,1,0,1,3,1,73,5,1,2,0,2,0,1,201900010750D01,7,1,1
201900010763,2019-08-10,2019,août,samedi,11:30,55,55537,"49,2094400","5,4857200",1,2,5,1,1,2,2,2,1,1,,,1,0,1,1,1,49,5,1,2,0,2,8,1,201900010763B01,7,19,1
201900010763,2019-08-10,2019,août,samedi,11:30,55,55537,"49,2094400","5,4857200",1,2,5,1,1,2,2,2,1,1,,,1,0,1,4,1,28,5,1,2,0,2,0,19,201900010763C01,7,19,1
201900010764,2019-08-08,2019,août,jeudi,17:25,55,55533,"48,6001750","5,6691100",1,1,3,1,1,3,2,2,1,1,,,1,0,1,2,1,14,5,2,,0,2,3,2,201900010764A01,7,17,1
201900010769,2019-08-03,2019,août,samedi,10:40,46,46089,"44,5158450","1,0785820",1,1,7,1,1,4,2,2,1,1,,,1,2,1,3,1,80,5,2,,0,0,9,1,201900010769A01,,,
201900010774,2019-07-15,2019,juillet,lundi,18:50,22,22055,"48,6442450"," -2,8338470",2,6,2,1,7,4,2,2,1,1,,,1,0,1,3,1,12,5,2,,0,2,8,1,201900010774B01,7,17,1
201900010782,2019-08-07,2019,août,mercredi,17:15,38,38249,"45,2234200","5,8146200",2,6,3,1,1,3,3,4,1,2,,,1,9,1,4,1,36,0,2,,0,2,3,2,201900010782B01,7,16,1
201900010790,2019-08-09,2019,août,vendredi,17:30,15,15122,"44,7103930","2,2003050",2,1,3,1,1,3,2,2,2,1,,,1,0,1,1,1,19,9,1,2,0,2,1,1,201900010790B01,7,1,1
201900010835,2019-07-05,2019,juillet,vendredi,10:55,75,75106,"48,8524780","2,3387390",2,7,6,1,1,4,1,3,1,1,,,1,0,6,1,1,71,5,1,2,0,1,1,7,201900010835A01,,,
201900010836,2019-07-05,2019,juillet,vendredi,09:05,75,75106,"48,8411350","2,3374030",2,1,4,1,1,4,2,3,1,1,,,1,0,6,4,2,30,5,1,2,0,2,3,7,201900010836C01,7,17,1
201900010836,2019-07-05,2019,juillet,vendredi,09:05,75,75106,"48,8411350","2,3374030",2,1,4,1,1,4,2,3,1,1,,,1,0,6,4,2,72,0,1,2,0,2,3,7,201900010836B01,7,17,1
201900010844,2019-07-04,2019,juillet,jeudi,14:23,75,75119,"48,8725340","2,3785450",2,3,2,1,1,4,2,2,2,1,,,1,0,1,4,1,13,0,1,2,0,2,7,2,201900010844A01,37,23,1
201900010845,2019-07-03,2019,juillet,mercredi,23:00,75,75119,"48,8944300","2,3814970",2,7,6,5,1,4,1,1,1,1,,,1,8,1,4,2,14,5,1,2,0,2,3,1,201900010845A01,10,1,1
201900010853,2019-07-06,2019,juillet,samedi,06:20,75,75116,"48,8454470","2,2540390",2,1,3,2,1,4,1,2,1,1,,,1,0,1,4,1,40,1,1,2,0,2,3,14,201900010853A01,7,1,1
201900010857,2019-07-05,2019,juillet,vendredi,02:00,75,75116,"48,8514770","2,2798320",2,1,1,4,1,4,2,2,1,1,,,1,0,5,4,1,24,4,1,2,0,2,1,1,201900010857B01,80,1,1
201900010864,2019-07-05,2019,juillet,vendredi,18:00,75,75114,"48,8195990","2,3419280",2,3,3,1,1,4,2,5,1,1,,,1,0,5,4,1,22,1,1,2,0,2,1,1,201900010864B01,7,16,1
201900010866,2019-07-05,2019,juillet,vendredi,23:45,75,75113,"48,8226700","2,3728430",2,4,3,5,1,4,2,6,2,1,,,1,0,1,4,1,22,5,1,2,0,2,1,1,201900010866B01,7,15,1
201900010867,2019-07-05,2019,juillet,vendredi,20:00,75,75113,"48,8350110","2,3450400",2,2,3,1,1,4,2,4,1,1,,,1,0,1,4,1,59,5,1,2,0,2,1,1,201900010867B01,7,15,1
201900010870,2019-07-05,2019,juillet,vendredi,12:45,75,75111,"48,8659980","2,3706800",2,2,3,1,1,4,2,2,2,1,,,1,0,1,4,2,32,4,1,2,0,2,3,16,201900010870B01,10,10,1
201900010872,2019-07-04,2019,juillet,jeudi,09:10,75,75104,"48,8540250","2,3689330",2,2,3,1,1,4,2,4,1,1,,,1,0,1,4,2,36,5,1,2,0,2,0,1,201900010872B01,14,14,1
201900010874,2019-07-06,2019,juillet,samedi,14:50,75,75110,"48,8785250","2,3540400",2,5,3,1,1,4,2,4,1,1,,,1,0,5,4,2,34,9,1,2,0,2,8,19,201900010874B01,7,1,1
201900010875,2019-07-02,2019,juillet,mardi,14:35,75,75109,"48,8732280","2,3338920",2,1,3,1,1,4,1,2,1,1,,,1,0,1,4,2,57,9,1,2,0,2,8,13,201900010875A01,7,1,1
201900011036,2019-11-21,2019,novembre,jeudi,20:40,75,75106,"48,8537523","2,3442794",2,7,6,5,1,4,2,4,1,1,,,1,0,6,1,1,37,0,1,2,0,1,8,7,201900011036A01,,,
201900011038,2019-11-22,2019,novembre,vendredi,17:00,75,75119,"48,8844620","2,3766360",2,1,3,5,1,4,2,4,1,1,,,1,0,5,4,1,24,0,1,2,0,2,1,1,201900011038B01,7,22,1
201900011049,2019-11-22,2019,novembre,vendredi,15:15,75,75109,"48,8765700","2,3461103",2,3,6,1,1,4,1,1,1,1,,,1,0,1,1,1,37,0,1,2,0,1,2,1,201900011049A01,,,
201900011099,2019-11-22,2019,novembre,vendredi,09:10,49,49018,"47,5525680"," -0,1850090",1,1,2,1,1,3,3,1,1,1,,,1,0,1,2,2,41,1,1,4,0,2,4,2,201900011099B01,7,2,1
201900011103,2019-11-21,2019,novembre,jeudi,17:35,31,31451,"43,4577570","2,0097610",2,2,3,5,1,4, -1,2,1,1,,,1,0,1,3,1,45,1,2,,1,2,9,15,201900011103B01,7,1,1
201900011110,2019-11-22,2019,novembre,vendredi,19:00,60,60348,"49,5743043","2,9661612",1,1,2,3,8,3,2,2,2,1,,,1,0,1,2,1,77,5,1,4/9,0,2,4,2,201900011110B01,7,2,1
201900011184,2019-12-31,2019,décembre,mardi,14:30,22,22098,"48,4273920"," -2,5388350",2,1,1,1,5,3,2,2,2,1,,,2,0,1,3,1,63,5,1,2,0,2,1,1,201900011184B01,7,1,1
201900011189,2019-07-20,2019,juillet,samedi,13:52,75,75105,"48,8502089","2,3452202",2,2,2,1,1,4,1,2,2,1,,,1,0,1,4,1,55,5,1,2,0,2,1,21,201900011189A01,7,23,1
201900011274,2019-12-17,2019,décembre,mardi,18:00,31,31555,"43,5996410","1,4405510",2,2,3,5,1,4,1,2,1,1,,,1,0,1,3,1,19,9,1,2,0,2,0,1,201900011274A01,10,15,1
201900011310,2019-12-16,2019,décembre,lundi,20:50,75,75117,"48,8848090","2,3077140",2,1,3,5,1,4,2,3,1,1,,,1,0,5,4,1,40,1,1,2,0,2,1,1,201900011310B01,7,22,1
201900011311,2019-12-17,2019,décembre,mardi,16:15,75,75116,"48,8696621","2,2823882",2,1,6,1,2,4,1,2,1,1,,,2,0,1,4,1,23,9,1,2,0,1,1,5,201900011311A01,,,
201900011319,2019-12-17,2019,décembre,mardi,23:40,75,75113,"48,8349060","2,3531770",2,3,6,5,1,4,2,4,2,1,,,1,0,1,4,2,27,0,1,2,0,2,6,15,201900011319A01,34,1,1
201900011320,2019-12-17,2019,décembre,mardi,09:03,75,75113,"48,8209896","2,3506273",2,3,3,1,1,4,3,2,2,1,,,1,0,1,4,1,28,1,1,2,0,2,1,16,201900011320B01,33,16,1
201900011321,2019-12-18,2019,décembre,mercredi,07:15,75,75112,"48,8393467","2,3753120",2,1,3,2,1,4,2,2,2,1,,,1,0,1,1,1,47,0,1,2,0,2,6,13,201900011321B01,1,17,1
201900011321,2019-12-18,2019,décembre,mercredi,07:15,75,75112,"48,8393467","2,3753120",2,1,3,2,1,4,2,2,2,1,,,1,0,1,4,1,47,1,1,2,0,2,1,17,201900011321A01,1,13,1
201900011322,2019-12-18,2019,décembre,mercredi,16:25,75,75111,"48,8597420","2,3768770",2,2,1,1,1,4,2,4,1,1,,,1,0,5,1,1,35,5,1,2,0,2,3,13,201900011322A01,1,1,1
201900011322,2019-12-18,2019,décembre,mercredi,16:25,75,75111,"48,8597420","2,3768770",2,2,1,1,1,4,2,4,1,1,,,1,0,5,4,1,71,5,1,2,0,2,1,1,201900011322B01,1,13,1
201900011323,2019-12-18,2019,décembre,mercredi,22:45,75,75110,"48,8785220","2,3540680",2,5,6,5,1,4,1,2,1,1,,,1,0,6,4,1,67,5,1,2,0,2,8,7,201900011323A01,7,1,1
201900011330,2019-12-18,2019,décembre,mercredi,13:50,75,75117,"48,8791530","2,3030841",2,5,3,1,1,4,2,4,1,1,,,1,0,1,4,1,63,0,1,2,0,2,3,1,201900011330A01,43,1,1
201900011335,2019-12-18,2019,décembre,mercredi,20:00,75,75107,"48,8588564","2,3129869",2,7,2,5,1,4,1,3,1,2,,,1,0,1,4,2,41,9,1,2,0,2,4,23,201900011335B01,7,2,1
201900011336,2019-12-18,2019,décembre,mercredi,17:10,75,75107,"48,8599960","2,3216880",2,2,3,5,1,4,1,3,1,1,,,1,0,1,1,1,34,0,1,2,0,2,1,12,201900011336A01,32,1,1
201900011339,2019-12-18,2019,décembre,mercredi,20:20,75,75104,"48,8523600","2,3604890",2,3,7,5,1,4,2,4,1,1,,,1,0,1,4,1,28,5,1,2,0,0,0,21,201900011339A01,,,
201900011355,2019-12-02,2019,décembre,lundi,05:18,93,93066,"48,9344353","2,3589878",2,5,3,5,1,4,1,3,1,1,,,1,0,1,4,1,30,1,2,,0,2,1,9,201900011355B01,14,9,1
201900011368,2019-07-21,2019,juillet,dimanche,10:30,62,62543,"50,6163720","2,3039590",1,2,6,1,1,3,2,2,2,1,,,1,0,1,3,1,51,5,1,2,0,2,7,19,201900011368B01,7,1,1
201900011400,2019-09-14,2019,septembre,samedi,15:40,50,50532,"48,8142000"," -1,5678000",2,1,1,1,1,4,1,1,1,1,,,1,0,1,4,1,52,5,2,,0,2,1,5,201900011400A01,10,1,1
201900011402,2019-09-14,2019,septembre,samedi,09:00,45,45075,"47,8930822","1,8478691",2,3,3,1,1,3,3,2,1,1,,,1,0,1,4,2,71,5,2,,0,2,8,25,201900011402B01,7,16,1
201900011406,2019-09-13,2019,septembre,vendredi,08:10,37,37214,"47,4198900","0,6638500",2,1,2,1,1,4,2,2,1,1,,,1,0,1,4,1,10,2,2,,0,2,1,25,201900011406B01,7,16,1
201900011413,2019-09-13,2019,septembre,vendredi,20:15,28,28404,"48,7273900","1,3399800",2,9,3,2,1,4,2,1,1,1,,,1,0,1,3,1,12,5,2,,0,2,1,1,201900011413B01,7,1,1
201900011423,2019-09-14,2019,septembre,samedi,22:30,6,06004,"43,6087180","7,1247430",2,1,5,5,1,3,2,2,1,1,,,1,0,6,1,1,15,5,2,,0,2,4,2,201900011423C01,34/ 7,18/1,2
201900011425,2019-09-14,2019,septembre,samedi,14:07,1,01053,"46,2112739","5,2326152",2,1,3,1,1,4,2,2,1,2,,,1,0,1,4,2,10,5,2,,0,2,1,19,201900011425A01,7,1,1
201900011431,2019-09-14,2019,septembre,samedi,20:30,75,75112,"48,8470710","2,4107510",2,1,6,5,1,4,2,4,1,1,,,1,0,5,4,2,15,5,1,2,0,2,0,19,201900011431A01,7,2,1
201900011433,2019-09-14,2019,septembre,samedi,16:40,75,75113,"48,8206610","2,3494500",2,3,2,1,1,4,2,4,2,1,,,1,0,1,4,1,35,1,1,2,0,2,1,1,201900011433A01,7,23,1
201900011456,2019-09-14,2019,septembre,samedi,10:25,71,71227,"46,6860910","3,9219070",1,1,2,1,1,3,2,2,3,2,,,1,0,1,3,1,48,5,1,2,0,0,4,2,201900011456B01,7,2,1
201900011457,2019-09-14,2019,septembre,samedi,17:52,33,33138,"45,0446370"," -0,1217240",2,3,3,1,1,3,2,2,1,1,,,1,0,1,3,1,13,5,2,,0,2,8,15,201900011457A01,7,1,1
201900011472,2019-09-14,2019,septembre,samedi,09:40,42,42206,"45,5333940","4,3199120",1,3,3,1,1,3,2,2,1,1,,,1,0,1,4,1,46,5,1,2,0,2,1,1,201900011472B01,7,15,1
201900011474,2019-09-14,2019,septembre,samedi,20:30,39,39478,"46,3781290","5,8103020",1,1,2,3,1,3,3,4,2,1,,,1,0,1,3,1,24,5,2,,0,2,4,1,201900011474B01,7,1,1
201900011487,2019-09-15,2019,septembre,dimanche,09:10,16,16086,"45,8505020","0,7604840",2,2,3,1,1,3,2,2,2,1,0,6,1,0,1,3,1,53,5,1,2,0,2,1,1,201900011487A01,7,1,1
201900011512,2019-09-15,2019,septembre,dimanche,10:20,55,55169,"49,5273070","5,4620860",2,1,7,1,1,3,2,2,1,3,,,1,0,1,3,1,82,5,1,2,0,0,0,0,201900011512A01,,,
201900011514,2019-09-15,2019,septembre,dimanche,11:30,42,42179,"45,6623970","4,0259830",2,1,6,1,1,4,2,2,4,3,,,1,0,3,3,2,64,5,1,2,15,0,1,1,201900011514A01,,,
201900011552,2019-03-21,2019,mars,jeudi,14:59,77,77217,"48,6940100","2,6942500",1,3,3,1,1,3,2,2,1,1,,,1,5,1,4,1,75,5,1,2,0,2,1,13,201900011552B01,7,17,1
201900011579,2019-03-24,2019,mars,dimanche,05:30,67,67118,"48,5845350","7,6781970",2,3,3,2,1,7,2,2,1,1,,,1,0,1,3,1,28,1,2,,0,2,1,1,201900011579B01,7,15,1
201900011586,2019-03-26,2019,mars,mardi,16:45,69,69009,"45,9284500","4,7042200",1,3,3,1,1,3,2,2,2,1,,,1,0,1,3,1,65,5,1,2,0,2,1,1,201900011586B01,10,15,1
201900011693,2019-03-19,2019,mars,mardi,15:30,69,69259,"45,7181900","4,8921500",2,1,3,1,1,6, -1, -1,1,1,,,1,0,1,4,1,67,5,1,2,0,2,1,1,201900011693A01,7,15,1
201900011712,2019-03-18,2019,mars,lundi,09:00,76,76481,"49,5664000","0,1372000",1,1,6,1,1,4,2,2,1,1,,,1,0,1,4,2,17,1,1,2,0,2,3,1,201900011712A01,7,17,1
201900011744,2019-02-06,2019,février,mercredi,17:35,69,69199,"45,6886400","4,8617100",2,2,3,2,1,3,2,2,1,1,,,1,0,1,4,1,44,9,2,,0,2,8,19,201900011744A01,7,1,1
201900011745,2019-02-06,2019,février,mercredi,16:00,69,69383,"45,7488400","4,8780300",2,1,3,1,1,4,2,3,1,1,,,1,0,1,4,1,47,1,2,,0,2,8,19,201900011745B01,7,1,1
201900011780,2019-02-05,2019,février,mardi,17:48,36,36044,"46,8140183","1,6847452",2,1,3,2,1,4,2,0,1,1,,,1,0,1,4,1,27,0,2,,0,2,8,2,201900011780A01,7,17,1
201900011811,2019-02-06,2019,février,mercredi,10:00,75,75110,"48,8779080","2,3516070",2,2,3,1,1,4,1,4,2,1,,,1,0,1,4,1,37,4,1,2,0,2,1,1,201900011811B01,10,1,1
201900011812,2019-02-05,2019,février,mardi,10:00,75,75109,"48,8764700","2,3461810",2,3,3,1,1,4,1,1,1,1,,,1,0,1,4,1,31,9,1,2,0,2,0,16,201900011812B01,7,16,1
201900011823,2019-02-06,2019,février,mercredi,17:30,31,31445,"43,5838060","1,5290060",2,1,6,1,1,4,3,1,1,1,,,1,0,1,1,1,42,5,1,2,0,1,1,1,201900011823A01,,,