Num_Acc,date,an,mois,jour,hrmn,dep,com,lat,long,agg,int,col,lum,atm,catr,circ,nbv,prof,plan,lartpc,larrout,surf,infra,situ,grav,sexe,age,trajet,secuexist,equipement,obs,obsm,choc,manv,vehiculeid,typevehicules,manoeuvehicules,numVehicules
201900011847,2019-02-07,2019,février,jeudi,15:45,77,77175,"48,6494200","2,6514200",1,1,7,1,1,3,2,2,1,1,,,2,0,1,3,1,44,5,2,,0,0,0,17,201900011847A01,,,
201900011872,2019-01-16,2019,janvier,mercredi,18:35,974,97407," -20,9378000","55,3021400",2,1,7,2,1,4,1,1,1,1,,,1,0,1,4,1,36,5,2,,0,0,1,1,201900011872A01,,,
201900011927,2019-10-16,2019,octobre,mercredi,09:30,50,50173,"49,6450000"," -1,6477800",2,3,2,2,2,4,2,2,1,1,,,2,0,1,4,1,76,5,2,,0,2,4,23,201900011927B01,7,1,1
201900011941,2019-10-17,2019,octobre,jeudi,07:50,34,34172,"43,6080300","3,8542700",2,1,1,5,1,4,2,2,1,1,,,1,0,2,4,1,13,2,2,,0,2,0,26,201900011941B01,7,0,1
201900011971,2019-10-17,2019,octobre,jeudi,18:00,75,75106,"48,8469218","2,3406054",2,4,6,1,8,4,2,4,1,1,,,1, -1,6,4,1,42,9,1,2,0,1,1,7,201900011971A01,,,
201900011972,2019-10-17,2019,octobre,jeudi,22:50,75,75111,"48,8689320","2,3804671",2,2,3,5,1,4,3,2,1,1,,,1,0,1,4,1,22,1,1,2,0,2,2,14,201900011972B01,37,9,1
201900011973,2019-10-17,2019,octobre,jeudi,18:30,75,75120,"48,8479425","2,4113542",2,3,3,1,1,4,3,4,1,1,,,1,0,1,3,1,29,0,1,2,0,2,1,18,201900011973B01,7,16,1
201900011983,2019-10-16,2019,octobre,mercredi,23:10,75,75113,"48,8383317","2,3727992",2,3,6,5,2,4,2,5,1,1,,,2,0,5,4,1,26,9,1,2,0,2,1,1,201900011983A01,7,16,1
201900011987,2019-10-16,2019,octobre,mercredi,10:05,75,75111,"48,8648771","2,3765928",2,1,3,1,2,4,2,2,1,1,,,2,0,1,4,1,25,1,1,2,0,2,0,18,201900011987B01,7,1,1
201900011990,2019-10-17,2019,octobre,jeudi,18:30,75,75102,"48,8641035","2,3501137",2,2,3,2,8,4,2,4,1,1,,,1,0,5,4,1,22,1,1,2,0,2,1,13,201900011990B01,80,1,1
201900012026,2019-10-16,2019,octobre,mercredi,15:00,26,26210,"45,1999560","5,1205620",1,1,2,2,7,3,2,2,1,1,,,1,0,1,4,1,72,5,1,2,0,2,6,1,201900012026B01,7,17,1
201900012034,2019-10-17,2019,octobre,jeudi,13:20,971,97125,"16,2770110"," -61,2851750",1,1,2,1,1,2,2,1,1,1,,,1,0,1,2,1,62,0,2,,0,2,0,0,201900012034B01,7,0,1
201900012039,2019-10-16,2019,octobre,mercredi,14:00,67,67080,"48,5619500","7,5300630",1,2,3,1,1,3,2,2,1,1,,,1,5,1,3,1,52,5,1,2,0,2,1,1,201900012039B01,7,15,1
201900012091,2019-04-18,2019,avril,jeudi,19:00,75,75115,"48,8329550","2,2919710",2,1,3,1,1,4,1,1,2,1,,,1,0,1,4,1,24,5,1,2,0,2,1,1,201900012091B01,7,22,1
201900012112,2019-04-18,2019,avril,jeudi,05:45,75,75113,"48,8291850","2,3433110",2,1,6,5,1,4,2,4,1,1,,,1,0,1,4,1,34,1,1,2,1,0,7,14,201900012112A01,,,
201900012113,2019-04-25,2019,avril,jeudi,19:50,75,75112,"48,8464450","2,3789420",2,2,3,1,1,4,1,1,1,1,,,1,0,5,4,1,26,5,1,2,0,2,1,1,201900012113B01,7,15,1
201900012122,2019-04-25,2019,avril,jeudi,08:00,75,75111,"48,8684020","2,3795520",2,3,2,1,2,4,1,2,2,1,,,2,0,1,4,2,32,1,1,2,0,2,4,1,201900012122B01,32,21,1
201900012123,2019-04-23,2019,avril,mardi,08:45,75,75111,"48,8686640","2,3670650",2,3,6,1,1,4,1,3,1,1,,,1,0,5,4,1,47,0,1,2,0,1,1,1,201900012123A01,,,
201900012124,2019-04-22,2019,avril,lundi,20:45,75,75111,"48,8598370","2,3887550",2,3,3,2,1,4,2,3,2,1,,,1,0,5,4,2,22,5,1,2,0,2,8,1,201900012124B01,7,15,1
201900012130,2019-04-18,2019,avril,jeudi,15:35,75,75111,"48,8579340","2,3769990",2,2,3,1,1,4,1,1,1,1,,,1,0,1,4,2,68,5,1,2,0,2,7,1,201900012130A01,7,1,1
201900012132,2019-04-23,2019,avril,mardi,12:10,75,75110,"48,8813340","2,3647550",2,2,3,1,1,4,2,3,1,1,,,1,0,1,4,2,58,5,1,2,0,2,5,13,201900012132B01,10,17,1
201900012136,2019-04-23,2019,avril,mardi,22:37,75,75109,"48,8730440","2,3430580",2,4,6,5,1,4,1,2,1,1,,,1,0,1,4,1,88,5,1,2,0,2,0,1,201900012136A01,30,16,1
201900012142,2019-04-21,2019,avril,dimanche,17:30,75,75108,"48,8677390","2,3139890",2,7,6,1,1,4, -1,6,1,1,,,1,0,1,4,1,76,5,2,,11,0,1,12,201900012142A01,,,
201900012155,2019-04-25,2019,avril,jeudi,16:05,75,75103,"48,8647010","2,3527090",2,1,3,1,1,4,3,3,1,1,,,1,0,1,1,1,69,3,1,2,0,2,0,11,201900012155A01,2,1,1
201900012164,2019-04-25,2019,avril,jeudi,08:25,75,75101,"48,8609130","2,3408490",2,2,3,1,1,4, -1,4,1,1,,,1,0,1,4,1,49,1,1,2,0,2,1,17,201900012164B01,10,1,1
201900012260,2019-04-18,2019,avril,jeudi,14:25,93,93050,"48,8567680","2,5301400",2,1,2,1,1,3,3,4,1,1,,,1,0,1,4,1,67,0,2,,0,2,0,0,201900012260Y01,10,1,1
201900012288,2019-08-11,2019,août,dimanche,11:00,6,06150,"43,7469790","7,4014240",2,1,3,1,1,3,2,2,2,1,,,1,0,1,4,1,67,5,1,2,0,2,1,17,201900012288B01,7,15,1
201900012291,2019-08-11,2019,août,dimanche,10:00,5,05029,"44,6426140","6,1660220",1,1,2,1,1,3,2,2,1,1,,,1,0,1,3,1,71,5,1,2,0,0,4,2,201900012291B01,7,2,1
201900012301,2019-08-09,2019,août,vendredi,09:10,64,64160,"43,3604473"," -1,3826789",2,1,2,1,1,3,2,2,2,1,,,1,0,1,3,1,62,5,1,2,0,2,4,1,201900012301B01,7,1,1
201900012305,2019-08-08,2019,août,jeudi,17:30,43,43159,"45,1717800","4,2851720",1,1,1,1,1,3,2,2,1,1,,,1,0,1,2,1,61,5,2,,0,2,1,0,201900012305B01,7,0,1
201900012354,2019-08-02,2019,août,vendredi,22:25,91,91659,"48,5919720","2,4567040",2,1,3,5,1,4,2,2,4,1,,,1,0,1,4,1,13,5,2,,0,2,8,13,201900012354B01,7,17,1
201900012358,2019-08-10,2019,août,samedi,07:50,66,66037,"42,7010100","3,0096800",2,6,3,1,1,3,1,2,1,2,,,1,5,1,3,1,45,5,1,2,0,0,5,1,201900012358B01,7,9,1
201900012360,2019-08-06,2019,août,mardi,11:10,66,66037,"42,7052000","3,0060950",2,1,3,1,1,4,1,1,1,1,,,1,5,5,3,1,85,5,2,,0,2,0,2,201900012360B01,7,2,1
201900012361,2019-08-09,2019,août,vendredi,10:35,34,34344,"43,5604980","4,0880440",2,1,3,1,1,4,2,3,1,1,,,1,6,1,3,2,53,5,2,,0,2,1,19,201900012361B01,7,1,1
201900012378,2019-08-10,2019,août,samedi,16:24,71,71440,"46,9190930","4,0903040",1,1,3,1,1,3,3,2,2,1,,,1,0,1,3,1,60,5,1,2,0,2,3,26,201900012378A01,7,1,1
201900012381,2019-08-09,2019,août,vendredi,19:25,68,68351,"48,0169470","7,5718520",1,6,7,2,1,3,4,1,2,2,,,1,9,1,2,1,57,1,2,,0,0,0,1,201900012381A01,,,
201900012401,2019-08-09,2019,août,vendredi,21:15,9,09194,"43,0895540","1,8761350",2,2,3,5,1,4,2,2,1,1,,,1,0,1,2,1,76,5,2,,0,2,7,1,201900012401A01,1,5,1
201900012401,2019-08-09,2019,août,vendredi,21:15,9,09194,"43,0895540","1,8761350",2,2,3,5,1,4,2,2,1,1,,,1,0,1,1,1,40,5,2,,0,2,1,5,201900012401B01,1,1,1
201900012406,2019-08-09,2019,août,vendredi,09:35,64,64067,"43,2543467"," -0,2973434",2,2,3,1,1,3,2,2,1,1,,,1,0,1,4,1,67,5,1,2,0,2,1,1,201900012406A01,7,15,1
201900012407,2019-08-08,2019,août,jeudi,19:20,40,40283,"43,7513100"," -0,9948710",2,1,1,1,1,4,2,2,2,3,,,1,0,1,3,2,53,5,2,,0,2,1,1,201900012407B01,7,13,1
201900012517,2019-06-15,2019,juin,samedi,12:01,57,57245,"49,4274260","6,2896130",1,1,2,1,1,3,2,2,1,3,,,1,0,1,3,1,18,5,1,2,1,0,1,2,201900012517B01,7,2,1
201900012521,2019-06-02,2019,juin,dimanche,16:00,62,62899,"50,8891590","1,6939590",1,1,3,1,1,3,2,2,2,1,,,1,0,1,3,2,54,5,2,,0,2,8,2,201900012521B01,7,17,1
201900012690,2019-07-05,2019,juillet,vendredi,18:20,68,68082,"47,8714290","7,3518330",2,4,3,1,1,3,2,2,1,1,,,1,5,8,4,1,49,0,2,,0,0,6,1,201900012690B01,7,1,1
201900012691,2019-07-05,2019,juillet,vendredi,08:20,68,68258,"47,8366830","7,3061100",2,1,7,1,1,3,2,2,1,1,,,1,0,5,4,1,21,1,1,2,12,0,0,1,201900012691A01,,,
201900012701,2019-07-04,2019,juillet,jeudi,14:30,35,35246,"48,5348200"," -1,7999470",1,1,3,1,7,3,2,2,2,3,,,1,0,3,4,1,49,5,1,2/6,0,2,3,2,201900012701B01,21,2,1
201900012704,2019-07-04,2019,juillet,jeudi,18:44,29,29260,"48,4218310"," -4,6233890",1,1,3,1,7,3,2,2,2,1,,,1,0,1,4,1,51,5,1,2,0,2,8,2,201900012704B01,10,2,1
201900012714,2019-07-05,2019,juillet,vendredi,10:50,15,15003,"45,1868030","2,3108130",1,1,2,1,1,3,2,2,1,1,,,1,0,1,4,1,78,5,1,2/6,0,0,0,1,201900012714A01,1,1,1
201900012714,2019-07-05,2019,juillet,vendredi,10:50,15,15003,"45,1868030","2,3108130",1,1,2,1,1,3,2,2,1,1,,,1,0,1,4,1,82,5,1,2/6,0,2,1,1,201900012714B01,1,1,1
201900012718,2019-07-06,2019,juillet,samedi,08:20,26,26113,"44,7543260","5,3709600",2,3,6,1,1,4,1, -1,1,1,,,1,0,1,3,1,19, -1,1,2,0,1,0,5,201900012718A01,,,
201900012753,2019-07-06,2019,juillet,samedi,11:30,30,30280,"43,9344440","3,6533280",1,1,3,1,1,3,2,2,2,3,,,1,0,1,3,1,48,5,1,2/6,0,2,8,1,201900012753A01,7,1,1
201900012778,2019-07-05,2019,juillet,vendredi,10:35,38,38550,"45,0883370","6,0355000",1,1,1,1,1,3,2,2,2,3,,,1,0,1,3,1,54,5,1,2,0,2,1,1,201900012778A01,10,1,1
201900012779,2019-06-01,2019,juin,samedi,12:15,38,38191,"45,0821210","6,0585710",1,1,7,1,1,4,2,2,2,1,,,1,0,1,4,1,42,5,1,2,0,0,0,1,201900012779A01,,,
201900012797,2019-07-04,2019,juillet,jeudi,09:00,77,77508,"48,8177800","2,8612200",1,1,3,1,1,3,2,2,1,1,,,1,0,1,3,1,63,5,1,2,0,2,4,0,201900012797B01,7,0,1
201900012800,2019-07-04,2019,juillet,jeudi,20:00,77,77470,"48,7402650","2,7586050",2,3,2,2,1,4,1,1,1,1,,,1,0,5,4,1,18,5,2,,0,0,4,0,201900012800B01,7,0,1
201900012814,2019-07-05,2019,juillet,vendredi,07:13,89,89037,"47,9704160","3,3437705",1,1,3,1,1,3,2,2,2,1,,,1,0,1,2,2,65,5,1,2,0,0,8,2,201900012814B01,15,2,1
201900012817,2019-07-06,2019,juillet,samedi,15:17,71,71512,"46,6388910","4,8739610",2,3,1,1,1,4,2,2,2,1,,,1,0,1,3,1,11,5,2,,0,0,4,15,201900012817B01,7,17,1
201900012879,2019-11-21,2019,novembre,jeudi,18:15,75,75119,"48,8909960","2,3763970",2,1,6,5,2,4,1,2,1,1,,,2,0,6,1,2,61,5,1,2,0,1,3,1,201900012879A01,,,
201900012883,2019-11-21,2019,novembre,jeudi,14:30,75,75116,"48,8549610","2,2287960",2,1,1,1,1,4,2,3,1,3,,,1,0,5,1,1,68,3,1,2,0,2,1,5,201900012883A01,1,1,1
201900012883,2019-11-21,2019,novembre,jeudi,14:30,75,75116,"48,8549610","2,2287960",2,1,1,1,1,4,2,3,1,3,,,1,0,5,4,1,64,5,1,2,0,2,1,1,201900012883B01,1,5,1
201900012889,2019-11-20,2019,novembre,mercredi,16:15,75,75115,"48,8296830","2,3017580",2,4,3,1,1,4,2,2,1,1,,,1,0,1,4,2,30,0,1,2,0,2,1,18,201900012889B01,14,1,1
201900012890,2019-11-19,2019,novembre,mardi,12:00,75,75115,"48,8487229","2,2852167",2,3,3,1,1,4,2,2,1,1,,,1,0,1,4,2,58,5,1,2,0,2,7,19,201900012890A01,7,15,1
201900012894,2019-11-21,2019,novembre,jeudi,10:23,75,75113,"48,8311050","2,3442410",2,2,3,1,1,4,2,4,1,1,,,1,0,1,1,1,36,0,1,2,0,2,8,16,201900012894A01,33,1,1
201900012936,2019-11-22,2019,novembre,vendredi,08:45,47,47165,"44,5002060","0,0016310",1,1,2,1,1,4,2,2,1,1,,,1,0,1,1,2,29,2,2,,0,0,4,2,201900012936B01,7,2,1
201900012936,2019-11-22,2019,novembre,vendredi,08:45,47,47165,"44,5002060","0,0016310",1,1,2,1,1,4,2,2,1,1,,,1,0,1,3,2,3,5,2,,0,0,4,2,201900012936B01,7,2,1
201900012936,2019-11-22,2019,novembre,vendredi,08:45,47,47165,"44,5002060","0,0016310",1,1,2,1,1,4,2,2,1,1,,,1,0,1,4,1,4,5,2,,0,0,4,2,201900012936B01,7,2,1
201900012958,2019-11-22,2019,novembre,vendredi,14:25,90,90041,"47,7190280","6,9315050",1,4,3,1,1,3,2,2,1,1,,,1,0,1,3,1,42,5,1,2,0,2,3,1,201900012958B01,10,15,1
201900012975,2019-11-22,2019,novembre,vendredi,17:40,45,45082,"47,8606840","2,1912740",2,1,3,3,1,3, -1,2,1,1,,,1,0,1,3,1,43,5,2,,0,0,8,0,201900012975A01,7,1,1
201900012988,2019-11-22,2019,novembre,vendredi,15:50,60,60317,"49,3330532","2,3066279",1,3,3,1,1,3,2,2,1,1,,,1,5,1,4,1,67,5,1,2,0,2,1,0,201900012988B01,7,15,1
201900013004,2019-07-15,2019,juillet,lundi,05:15,75,75107,"48,8623150","2,3019620",2,7,3,5,1,4,3,0,1,1,,,1,8,1,4,1,33,9,1,2,0,2,0,1,201900013004B01,7,1,1
201900013051,2019-12-17,2019,décembre,mardi,16:40,35,35206,"48,0398760"," -1,6837130",1,6,3,1,1,3,2,2,2,3,,,2,5,1,3,1,75,5,1,2/4,0,2,7,1,201900013051B01,7,9,1
201900013102,2019-12-31,2019,décembre,mardi,15:10,37,37122,"47,3524895","0,6883621",2,1,6,1,5,4,1,1,1,1,,,1,5,5,4,1,32,5,2,,0,2,2,15,201900013102A01,7,9,1
201900013231,2019-09-13,2019,septembre,vendredi,07:55,85,85191,"46,6647300"," -1,4237500",2,6,3,1,1,3, -1,2,1,3,,,1,5,1,3,1,47,1,1,2,0,2,7,1,201900013231B01,7,0,1
201900013244,2019-09-12,2019,septembre,jeudi,18:05,71,71153,"46,8097900","4,4312200",2,4,1,1,7,4,2,2,2,2,,,1,0,1,4,1,79,5,1,2,0,2,1,0,201900013244B01,10,15,1
201900013245,2019-09-12,2019,septembre,jeudi,15:33,71,71076,"46,7880800","4,8649800",2,1,2,1,1,4,1,2,1,2,,,1,0,1,3,1,69,5,2,,0,2,1,1,201900013245B01,7,0,1
201900013333,2019-09-13,2019,septembre,vendredi,08:30,75,75120,"48,8712234","2,4106896",2,4,3,1,1,4,2,4,1,1,,,1,9,1,4,2,47,0,1,2,0,2,6,19,201900013333B01,10,1,1
201900013334,2019-09-13,2019,septembre,vendredi,08:20,75,75120,"48,8642975","2,3930598",2,1,1,1,8,4,2,2,2,1,,,1,0,1,4,1,46,0,1,2,0,2,1,9,201900013334A01,7,1,1
201900013341,2019-09-13,2019,septembre,vendredi,16:00,75,75115,"48,8357470","2,2798870",2,1,6,1,1,4,1,3,1,1,,,1,8,5,4,2,28,5,1,2,12,0,8,14,201900013341A01,,,
201900013342,2019-09-13,2019,septembre,vendredi,09:35,75,75115,"48,8352060","2,2816935",2,1,6,1,1,4,3,2,1,1,,,1,0,5,4,2,64,1,1,2,12,0,1,14,201900013342A01,,,
201900013347,2019-09-13,2019,septembre,vendredi,20:00,75,75109,"48,8752590","2,3322910",2,2,2,5,1,4,1,2,1,1,,,1,0,1,4,2,28,1,1,2,0,2,4,1,201900013347A01,33,1,1
201900013353,2019-09-12,2019,septembre,jeudi,19:45,75,75104,"48,8609600","2,3495750",2,1,3,5,1,4,3,4,1,1,,,1,0,5,4,1,18,2,1,2,0,2,2,1,201900013353B01,7,15,1
201900013403,2019-03-18,2019,mars,lundi,11:35,75,75116,"48,8366580","2,2551040",2,4,3,1,1,4,2,4,1,1,,,1,0,1,4,1,24,5,1,2,0,2,2,13,201900013403A01,31,1,1
201900013412,2019-03-18,2019,mars,lundi,00:01,75,75101,"48,8572420","2,3471130",2,7,3,5,1,4,2,4,1,1,,,1,5,1,4,1,31,0,1,2,0,2,0,1,201900013412B01,7,1,1
201900013444,2019-03-16,2019,mars,samedi,18:05,1,01347,"45,9552530","4,7549460",1,6,3,2,1,3,1,2,1,2,,,1,0,1,3,1,48,5,2,,0,2,7,12,201900013444A01,7,18,1
201900013452,2019-03-19,2019,mars,mardi,13:00,42,42302,"45,4856350","4,4495170",2,3,3,1,1,3,2,2,2,1,,,1,0,1,3,1,54,5,1,2,0,2,1,1,201900013452B01,7,15,1
201900013460,2019-03-19,2019,mars,mardi,14:15,45,45175,"47,7495150","1,8122340",2,6,3,1,1,3,2,2,1,2,,,1,5,1,4,1,60,5,1,2,0,2,1,1,201900013460B01,7,9,1
201900013461,2019-03-19,2019,mars,mardi,14:30,18,18281,"47,1884620","2,1703850",1,1,7,1,1,3,4,2,2,1,,,9,8,1,3,1,73,5,1,2,0,0,0,26,201900013461A01,,,
201900013476,2019-03-19,2019,mars,mardi,12:05,62,62318,"50,5173080","1,6400020",2,1,2,1,1,3,2,2,1,1,,,1,0,1,3,1,18,5,1,2,0,2,1,2,201900013476B01,7,2,1
201900013515,2019-03-16,2019,mars,samedi,22:10,76,76351,"49,5230600","0,1097500",2,9,3,3,1,6, -1, -1,1,1,,,1,0,1,4,1,19,5,2,,0,2,3,1,201900013515A01,7,0,1
201900013516,2019-03-18,2019,mars,lundi,16:50,74,74012,"46,1941900","6,2400600",2,1,3,1,1,4,1,0,1,1,,,1,0,1,4,1,37,0,1,2,0,2,7,19,201900013516A01,7,1,1
201900013550,2019-02-04,2019,février,lundi,11:30,66,66136,"42,6901600","2,9021100",2,1,6,1,1,4,2,1,1,1,,,1,0,1,4,1,20,9,2,,0,2,1,1,201900013550B01,7,16,1
201900013565,2019-02-04,2019,février,lundi,08:40,56,56121,"47,7450300"," -3,3900500",2,3,3,2,2,4,2,2,1,1,,,2,0,1,4,1,21,0,1,2,0,2,8,19,201900013565B01,7,1,1
201900013634,2019-02-01,2019,février,vendredi,14:00,5,05061,"44,5559300","6,0758200",2,3,3,1,3,2,2,3,1,1,,,2,0,1,4,1,22,4,1,2,0,2,1,1,201900013634B01,7,16,1
201900013645,2019-02-04,2019,février,lundi,13:50,75,75119,"48,8990770","2,3867410",2,1,2,1,8,4,1,3,2,1,,,1,0,6,4,1,27,5,1,2,0,2,1,17,201900013645B01,10,4,1
201900013659,2019-02-05,2019,février,mardi,16:00,75,75111,"48,8513220","2,3909920",2,1,3,1,1,4,2,2,1,1,,,1,0,1,4,2,70,0,1,2,0,2,5,1,201900013659B01,7,9,1
201900013682,2019-02-04,2019,février,lundi,17:10,11,11203,"43,1903590","2,7547220",2,1,2,1,1,4,2,2,1,1,,,1,0,1,3,1,34,2,2,,0,2,4,1,201900013682B01,7,1,1
201900013685,2019-02-04,2019,février,lundi,18:30,62,62221,"50,3826000","2,4658548",1,1,2,3,9,3,2,2,1,1,,,2,0,1,3,1,48,5,2,,0,0,4,2,201900013685B01,7,0,1
201900013701,2019-02-04,2019,février,lundi,19:15,38,38130,"45,3531770","5,2648410",2,9,2,1,1,3,2,2,1,1,,,1,0,1,3,1,17,5,2,,0,2,4,1,201900013701A01,7,0,1
201900013735,2019-10-15,2019,octobre,mardi,15:50,62,62178,"50,4825350","2,5422030",2,6,3,1,1,4,1,1,1,2,,,1,0,1,4,1,34,3,2,,0,2,1,1,201900013735B01,7,9,1
201900013745,2019-10-16,2019,octobre,mercredi,18:40,44,44143,"47,1691500"," -1,5512400",2,6,3,1,8,4, -1,2,2,3,,,2,5,1,4,2,20,0,2,,0,2,1,1,201900013745B01,7,9,1
201900013772,2019-10-16,2019,octobre,mercredi,15:15,75,75110,"48,8836710","2,3503830",2,1,6,1,2,4,3,2,1,1,,,2,0,5,1,1,27,0,1,2,0,1,1,1,201900013772A01,,,
201900013796,2019-10-15,2019,octobre,mardi,10:15,22,22091,"48,6238810"," -3,1913530",1,3,1,1,3,3,2,2,2,1,,,2,9,1,4,1,67,5,1,2,0,2,1,1,201900013796B01,3,15,1
201900013802,2019-10-15,2019,octobre,mardi,18:08,38,38188,"45,1438650","5,8032310",1,4,3,2,2,4,2,2,2,3,,,2,0,1,4,1,11,5,1,2,0,2,1,16,201900013802B01,7,1,1
201900013825,2019-09-06,2019,septembre,vendredi,08:05,73,73065,"45,5687457","5,9286014",2,1,2,1,1,4,2,2,1,1,,,1,0,1,4,1,13,0,1,2,0,2,1,2,201900013825A01,7,2,1
201900013880,2019-10-15,2019,octobre,mardi,04:10,91,91103,"48,5788000","2,3008600",1,1,7,3,2,3,2,1,1,1,,,2,0,1,3,1,39,1,2,,8,0,1,1,201900013880A01,,,
201900013899,2019-04-21,2019,avril,dimanche,10:50,93,93008,"48,9090075","2,4729310",2,3,3,1,1,3,3,2,1,1,,,1,0,1,4,1,45,5,2,,0,2,8,15,201900013899B01,7,15,1
201900013964,2019-04-21,2019,avril,dimanche,13:00,2A,2A212,"42,2604757","8,6819382",1,1,5,1,1,3,2,2,2,2,,,1,0,1,3,1,29,5,1,2,0,2,1,13,201900013964B01,7,1,1
201900013964,2019-04-21,2019,avril,dimanche,13:00,2A,2A212,"42,2604757","8,6819382",1,1,5,1,1,3,2,2,2,2,,,1,0,1,3,1,37,5,1,2,0,2,1,13,201900013964A01,7,1,1
201900013975,2019-04-20,2019,avril,samedi,17:39,6,06060,"43,7620390","7,2606400",2,1,1,1,1,7,2,2,2,1,,,1,0,1,3,1,37,5,1,2,0,2,1,1,201900013975A01,34,1,1
201900014016,2019-04-19,2019,avril,vendredi,19:10,42,42199,"46,0315440","3,9295800",2,2,3,1,1,4,2,2,1,1,,,1,0,1,3,1,13,5,2,,0,2,1,19,201900014016B01,7,1,1
201900014082,2019-07-29,2019,juillet,lundi,17:30,63,63070,"45,7334900","3,0639600",2,2,6,1,1,7,2, -1,2,3,,,1,0,1,4,1,39,9,2,,0,0,0,26,201900014082B01,7,0,1
201900014117,2019-08-01,2019,août,jeudi,17:43,87,87085,"45,8943900","1,2888200",1,1,3,1,1,4,2,2,2,1,,,1,0,1,3,1,72,5,2,,0,2,8,25,201900014117A01,7,1,1
201900014140,2019-08-05,2019,août,lundi,17:37,64,64445,"43,3081300"," -0,3764800",2,3,3,1,1,4,2,2,1,1,,,1,0,1,4,1,66,5,1,2,0,2,3,2,201900014140B01,7,16,1
201900014166,2019-08-03,2019,août,samedi,09:00,41,41018,"47,6001900","1,3197000",2,2,3,1,1,4,4,3,1,1,,,1,5,1,2,2,72,0,2,,0,2,7,19,201900014166B01,7,15,1
201900014168,2019-08-03,2019,août,samedi,19:05,39,39300,"46,6800000","5,5554500",2,1,3,1,1,4,2,2,2,2,,,1,0,1,3,1,14,5,1,2,0,2,3,19,201900014168B01,7,1,1
201900014174,2019-08-06,2019,août,mardi,08:45,34,34172,"43,6243640","3,8365041",2,1,1,1,1,4,2, -1,1,1,,,1,0,1,4,1,46,5,1,2,0,2,1,1,201900014174B01,80,15,1
201900014188,2019-08-05,2019,août,lundi,23:00,27,27681,"49,0759800","1,5077380",2,1,6,5,1,4, -1,1,2,1,,,1,0,1,3,1,36,0,2,,6,0,2,26,201900014188A01,,,
201900014191,2019-08-04,2019,août,dimanche,10:35,26,26198,"44,5371410","4,7643370",2,6,3,1,1,3,1,1,1,2,,,1,9,1,3,1,85,5,2,,0,2,1,1,201900014191B01,7,1,1
201900014226,2019-08-04,2019,août,dimanche,13:15,5,05023,"44,8985000","6,6287000",2,1,3,1,1,2,2,2,1,3,,,1,2,1,4,1,17,5,1,2,0,2,1,2,201900014226B01,33,13,1
201900014232,2019-08-05,2019,août,lundi,20:44,75,75101,"48,8630797","2,3232082",2,1,7,2,1,4,1,3,1,1,,,1,0,1,3,2,20,5,1,2,0,0,7,1,201900014232A01,,,
201900014234,2019-08-06,2019,août,mardi,16:30,75,75119,"48,8777771","2,4081677",2,7,3,1,3,4,2,2,1,1,,,2,5,1,4,1,48,5,1,2,0,2,7,19,201900014234B01,10,16,1
201900014235,2019-08-05,2019,août,lundi,10:40,75,75120,"48,8513042","2,4118916",2,2,3,1,1,4,2,2,1,1,,,1,0,1,4,1,33,4,1,2,0,2,2,1,201900014235A01,7,15,1
201900014241,2019-08-04,2019,août,dimanche,16:10,75,75117,"48,8866000","2,3043730",2,1,3,1,1,4,2,4,1,1,,,1,0,1,4,1,18,0,1,2,0,2,1,1,201900014241B01,7,22,1
201900014245,2019-08-04,2019,août,dimanche,19:35,75,75114,"48,8239930","2,3223370",2,1,6,1,1,4,3,2,1,1,,,1,0,5,4,1,70,5,1,2,0,2,1,1,201900014245A01,1,5,1
201900014252,2019-08-06,2019,août,mardi,08:30,75,75111,"48,8557651","2,3913253",2,2,3,1,1,4,2,2,2,1,,,1,5,1,4,2,60,0,1,2,0,2,1,17,201900014252A01,31,15,1
201900014442,2019-07-05,2019,juillet,vendredi,10:25,33,33435,"44,5635750"," -0,2440830",1,6,3,1,7,3,2,4,1,1,,,1,0,1,3,1,45,5,2,,0,2,1,13,201900014442B01,7,1,1
201900014443,2019-07-06,2019,juillet,samedi,09:36,33,33227,"44,5439800"," -0,2577000",2,1,3,1,1,3,2,5,1,1,,,1,0,1,3,1,55,5,2,,0,2,2,19,201900014443B01,7,2,1
201900014502,2019-07-01,2019,juillet,lundi,08:42,41,41018,"47,5773500","1,3396400",2,1,3,1,1,4,2, -1,1,1,,,1,0,1,4,1,11,2,2,,0,2,1,9,201900014502B01,37,1,1
201900014526,2019-06-17,2019,juin,lundi,16:25,78,78092,"48,8676890","2,1415730",2,1,3,1,1,3,3,4,1,1,,,1,0,1,3,1,37,1,2,,0,2,6,3,201900014526U01,15,1,1
201900014532,2019-07-02,2019,juillet,mardi,15:15,72,72181,"47,9946600","0,2161800",2,6,1,1,1,4,2,2,1,1,,,1,0,1,4,1,44,0,2,,0,2,1,5,201900014532A01,7,16,1
201900014554,2019-07-03,2019,juillet,mercredi,15:00,45,45234,"47,8199983","1,9299131",2,1,6,1,1,4,3,4,1,1,,,1,0,1,4,1,85,5,2,,1,0,1,1,201900014554A01,,,