Num_Acc,date,an,mois,jour,hrmn,dep,com,lat,long,agg,int,col,lum,atm,catr,circ,nbv,prof,plan,lartpc,larrout,surf,infra,situ,grav,sexe,age,trajet,secuexist,equipement,obs,obsm,choc,manv,vehiculeid,typevehicules,manoeuvehicules,numVehicules
201900014556,2019-07-03,2019,juillet,mercredi,12:00,44,44162,"47,2233000"," -1,6126700",2,1,6,1,1,7,2,0,1,1,,,1,0,1,1,1,42,0,2,,0,0,0,0,201900014556B01,37,26,1
201900014558,2019-05-05,2019,mai,dimanche,17:10,44,44109,"47,2011800"," -1,5460100",2,1,6,1,1,4,2,0,1,1,,,1,0,1,3,1,37,5,1,2,1,0,0,1,201900014558B01,7,22,1
201900014574,2019-07-02,2019,juillet,mardi,08:38,14,14118,"49,1922400"," -0,3749500",2,1,7,1,1,4,2, -1,1,1,,,1,0,1,4,1,50, -1,2,,0,0,1,1,201900014574A01,,,
201900014660,2019-11-20,2019,novembre,mercredi,17:44,45,45286,"47,8910802","1,9210049",2,1,3,5,1,4,2,3,1,1,,,1,0,5,4,1,29,5,2,,0,2,1,1,201900014660B01,7,16,1
201900014666,2019-11-20,2019,novembre,mercredi,19:20,37,37261,"47,3837800","0,6728400",2,1,6,3,1,4,2,2,1,1,,,1,0,1,3,1,54,1,1,2,1,0,1,1,201900014666B01,7,24,1
201900014739,2019-11-20,2019,novembre,mercredi,17:55,88,88250,"48,1196580","6,5749690",1,1,2,3,5,3,2,2,1,1,,,1,0,1,3,1,49,0,1,9,0,0,4,2,201900014739B01,7,2,1
201900014756,2019-11-20,2019,novembre,mercredi,13:45,1,01376,"45,8365440","4,9828590",2,2,3,1,1,4, -1,2,1,1,,,1,0,1,4,1,12,5,2,,0,2,1,26,201900014756B01,33,1,1
201900014821,2019-12-31,2019,décembre,mardi,09:30,34,34164,"43,7491170","3,9587360",2,2,1,1,1,3,2,2,1,1,,,1,0,1,3,1,80,5,1,2/4,0,2,1,1,201900014821B01,7,1,1
201900014908,2019-12-30,2019,décembre,lundi,17:30,75,75119,"48,8726770","2,3764100",2,1,3,5,1,4,3,1,1,1,,,1,0,1,4,1,27,0,1,2,0,2,7,19,201900014908B01,33,1,1
201900014909,2019-12-30,2019,décembre,lundi,09:10,75,75115,"48,8326491","2,2814197",2,1,3,1,1,4,2,5,1,1,,,1,2,5,1,1,24,1,1,2,0,2,1,1,201900014909B01,31,15,1
201900014911,2019-12-30,2019,décembre,lundi,18:35,75,75111,"48,8557030","2,3787060",2,2,6,5,1,4,1,1,1,1,,,1,0,5,4,2,30,0,1,2,0,2,8,1,201900014911B01,7,16,1
201900014912,2019-12-30,2019,décembre,lundi,14:12,75,75108,"48,8677870","2,3138510",2,7,3,1,1,4,2,8,1,1,,,1,0,1,4,1,49,1,1,2,0,2,8,1,201900014912B01,7,15,1
201900014913,2019-12-30,2019,décembre,lundi,12:27,75,75108,"48,8794830","2,3218490",2,5,3,1,1,4,2,2,1,1,,,1,0,1,4,1,26,4,1,2,0,2,1,5,201900014913A01,30,1,1
201900014914,2019-12-30,2019,décembre,lundi,20:30,75,75110,"48,8696850","2,3526620",2,3,3,5,1,4,2,3,1,1,,,1,0,5,4,1,24,0,1,2,0,2,0,1,201900014914B01,7,14,1
201900014989,2019-03-18,2019,mars,lundi,20:10,75,75114,"48,8327400","2,3115370",2,2,3,5,1,4,2,2,1,1,,,1,0,5,4,1,28,2,1,2,0,2,2,1,201900014989B01,7,16,1
201900014991,2019-03-18,2019,mars,lundi,10:30,75,75111,"48,8669330","2,3745420",2,3,6,1,1,4,1,2,1,1,,,1,0,1,4,2,28,4,1,2,0,1,1,1,201900014991A01,,,
201900014992,2019-03-18,2019,mars,lundi,17:50,75,75110,"48,8685170","2,3630150",2,7,3,1,1,4,2,4,1,1,,,1,0,1,4,1,30,1,1,2,0,2,3,1,201900014992B01,30,5,1
201900015052,2019-03-19,2019,mars,mardi,10:45,67,67065,"48,5709538","7,5834201",1,3,3,1,1,7,2,2,3,2,,,1,5,1,2,1,70,5,1,2,0,2,0,15,201900015052B01,10,1,1
201900015098,2019-03-17,2019,mars,dimanche,18:15,45,45234,"47,9067135","1,8888915",2,1,3,1,1,4,2,2,1,1,,,1,0,1,4,1,13,0,2,,0,2,8,13,201900015098A01,7,2,1
201900015102,2019-03-15,2019,mars,vendredi,09:00,34,34172,"43,6189400","3,9135800",2,6,3,1,1,4,1,2,1,1,,,1,0,1,4,2,26,0,2,,0,2,8,19,201900015102A01,7,1,1
201900015115,2019-03-17,2019,mars,dimanche,21:15,75,75118,"48,8846780","2,3294200",2,3,6,5,1,4,1,3,1,1,,,1,0,1,4,1,48,9,2,,0,2,0,0,201900015115B01,7,0,1
201900015157,2019-03-08,2019,mars,vendredi,17:20,45,45224,"48,0892950","2,0403940",1,1,6,1,3,3,2,2,1,1,,,2,0,1,3,1,64,9,2,,0,2,0,1,201900015157B01,7,17,1
201900015195,2019-09-13,2019,septembre,vendredi,16:20,56,56186,"47,4751150"," -3,1022910",2,1,2,1,1,4,2,2,2,2,,,1,0,5,4,1,79,5,2,,0,2,1,1,201900015195B01,7,20,1
201900015234,2019-09-10,2019,septembre,mardi,18:10,38,38537,"45,6367570","5,1426490",2,1,3,1,1,3,2,2,1,1,,,1,0,1,3,1,50,1,2,,0,9,7,1,201900015234B01,7,22,1
201900015237,2019-09-07,2019,septembre,samedi,11:15,76,76610,"49,6184900","0,7876950",2,1,3,1,1,4,2,2,1,1,,,1,0,1,4,1,19,1,2,,0,2,1,9,201900015237A01,7,1,1
201900015293,2019-09-12,2019,septembre,jeudi,11:40,64,64132,"43,2913900"," -0,3578500",2,1,6,1,1,4,2,0,1,1,,,1,0,1,4,1,19,1,2,,1,0,0,13,201900015293B01,7,24,1
201900015308,2019-09-12,2019,septembre,jeudi,11:25,50,50129,"49,6381700"," -1,6252200",2,2,3,1,1,4,2,2,1,1,,,1,0,1,4,2,47,5,2,,0,2,1,1,201900015308A01,7,1,1
201900015442,2019-01-16,2019,janvier,mercredi,13:20,75,75112,"48,8425960","2,3850760",2,1,3,1,1,4,2,2,1,1,,,1,9,1,4,1,19,4,1,2,0,2,1,1,201900015442B01,7,16,1
201900015444,2019-01-16,2019,janvier,mercredi,11:50,75,75109,"48,8763090","2,3334650",2,1,2,1,1,4,2,3,1,1,,,1,0,1,4,2,45,0,1,2,0,2,4,1,201900015444A01,7,16,1
201900015455,2019-01-16,2019,janvier,mercredi,19:15,62,62649,"50,1466370","2,4752410",1,1,3,3,2,3,2,2,1,1,,,2,0,1,4,1,14,5,2,,0,2,8,1,201900015455A01,7,1,1
201900015496,2019-01-31,2019,janvier,jeudi,15:00,69,69386,"45,7745200","4,8462500",2,2,3,1,2,4,1,1,1,1,,,2,0,1,4,2,30,5,2,,0,2,8,19,201900015496B01,7,1,1
201900015560,2019-10-14,2019,octobre,lundi,12:20,69,69275,"45,7690300","4,9511700",2,8,3,1,1,4,2,2,1,1,,,1,4,6,4,1,12,2,2,,0,4,8,9,201900015560B01,40,1,1
201900015636,2019-10-09,2019,octobre,mercredi,13:05,50,50173,"49,6504500"," -1,6494000",2,1,6,1,2,4,2,2,1,1,,,2,0,1,4,1,17,5,2,,1,0,0,0,201900015636A01,,,
201900015648,2019-10-16,2019,octobre,mercredi,01:12,44,44109,"47,2289300"," -1,5622100",2,2,1,5,3,4,2,0,1,1,,,2,0,1,4,1,34,0,2,,0,2,1,1,201900015648A01,7,15,1
201900015650,2019-10-14,2019,octobre,lundi,21:15,44,44109,"47,2120800"," -1,5423700",2,1,1,5,1,4,2,0,1,1,,,2,0,1,4,1,22,0,2,,0,2,7,1,201900015650B01,7,9,1
201900015694,2019-10-31,2019,octobre,jeudi,17:50,26,26362,"44,9273800","4,8924800",2,3,6,5,1,4,2,2,1,1,,,2,0,1,4,1,15,5,2,,0,2,1,1,201900015694B01,7,15,1
201900015697,2019-10-10,2019,octobre,jeudi,19:00,22,22360,"48,4889280"," -2,7578800",2,1,2,3,1,4, -1,2,1,1,,,1,0,1,3,2,48,0,1,2,0,2,5,2,201900015697A01,7,0,1
201900015719,2019-04-23,2019,avril,mardi,10:00,76,76177,"49,5961460","1,1982420",1,1,2,1,1,3,2,2,1,1,,,1,0,1,2,1,67,5,2,,0,2,5,0,201900015719B01,7,17,1
201900015727,2019-04-19,2019,avril,vendredi,15:45,80,80680,"49,8312660","2,7238440",1,2,3,1,7,3,2,2,1,1,,,1,0,1,3,1,56,0,1,2/6,0,2,7,1,201900015727B01,10,19,1
201900015736,2019-04-19,2019,avril,vendredi,15:20,82,82134,"44,0745410","1,5296350",2,6,3,1,1,3,2,2,1,2,,,1,5,1,3,1,67,5,2,,0,2,8,0,201900015736B01,7,16,1
201900015741,2019-04-29,2019,avril,lundi,19:50,33,33459,"44,8558900"," -0,1198600",2,3,3,2,7,3,2,2,1,2,,,1,5,1,3,1,38,1,2,,0,2,3,1,201900015741B01,7,15,1
201900015760,2019-04-29,2019,avril,lundi,07:50,89,89034,"47,8233688","3,7550503",1,1,2,1,1,3,4,3,1,3,,,1,0,1,2,1,72,5,1,2/4,0,0,4,1,201900015760B01,10,1,1
201900015773,2019-04-28,2019,avril,dimanche,15:15,46,46268,"44,4885430","1,6318820",1,1,2,1,1,3,2,2,1,1,,,1,0,1,2,1,58,5,2,,0,0,4,1,201900015773B01,7,17,1
201900015800,2019-04-26,2019,avril,vendredi,16:30,44,44188,"47,0250930"," -1,6411150",1,1,3,1,1,4,2,2,1,3,,,1,0,1,3,1,16,3,2,,0,2,1,15,201900015800B01,7,1,1
201900015801,2019-04-25,2019,avril,jeudi,22:15,44,44169,"47,2526010"," -1,3766420",1,1,2,3,2,3,2,2,1,1,,,2,0,1,2,1,55,1,1,2/4,0,2,4,2,201900015801B01,7,2,1
201900015825,2019-04-20,2019,avril,samedi,18:00,2,02680,"49,5823610","3,4103410",1,2,3,1,1,3,2,2,1,1,,,1,0,1,4,1,33,5,2,,0,0,1,9,201900015825A01,7,1,1
201900015845,2019-04-21,2019,avril,dimanche,19:30,70,70427,"47,7492040","5,9990410",2,2,1,1,1,3,2,2,2,1,,,1,0,1,3,1,14,5,2,,0,2,8,5,201900015845A01,7,1,1
201900015847,2019-04-17,2019,avril,mercredi,17:15,26,26272,"44,4931810","4,8752170",1,1,1,1,1,3,2,2,2,3,,,1,0,1,3,1,49,5,1,2,0,2,1,1,201900015847B01,7,15,1
201900015853,2019-04-21,2019,avril,dimanche,17:40,66,66053,"42,5265430","3,0587340",1,1,7,1,1,4,2,2,2,1,,,1,0,1,3,1,29,5,1,2,16,0,0,1,201900015853A01,,,
201900015864,2019-04-23,2019,avril,mardi,16:08,6,06038,"43,6742650","6,9736800",2,1,2,1,3,3,3,2,1,1,,,2,0,1,4,1,39,5,1,2,0,2,4,1,201900015864A01,7,1,1
201900015881,2019-04-20,2019,avril,samedi,14:10,50,50484,"48,5359720"," -1,1711100",1,1,3,1,1,3,2,2,1,1,,,1,0,1,3,1,11,5,2,,0,2,3,9,201900015881B01,7,1,1
201900015885,2019-04-27,2019,avril,samedi,05:00,90,90023,"47,6996590","6,8349720",1,1,1,3,3,3,2,2,1,1,,,2,0,1,2,1,62,0,2,,0,2,1,1,201900015885C01,7,17,1
201900015893,2019-04-23,2019,avril,mardi,08:10,60,60155,"49,2589490","2,3325410",2,9,3,1,1,3,2,2,1,1,,,1,9,1,2,1,5,2,2,,0,2,2,19,201900015893B01,15,26,1
201900015898,2019-08-05,2019,août,lundi,11:15,75,75110,"48,8725499","2,3632908",2,3,2,1,1,4,2,2,1,1,,,1,0,1,4,1,18,9,1,2,0,2,1,2,201900015898B01,10,2,1
201900015941,2019-08-04,2019,août,dimanche,17:10,62,62550,"50,3714410","2,0292140",2,6,3,1,1,3,2,2,1,2,,,1,5,1,4,2,30,5,1,2,0,9,1,15,201900015941B01,7,6,1
201900015952,2019-08-05,2019,août,lundi,06:05,33,33221,"44,5642200","0,0434410",1,1,2,3,1,3,2,2,1,1,,,1,0,1,2,1,62,9,2,,0,2,4,1,201900015952B01,7,1,1
201900015985,2019-08-07,2019,août,mercredi,08:00,74,74267,"45,8434770","6,1511630",2,1,3,1,2,3,2,2,1,1,,,2,6,1,3,1,81,5,2,,0,0,8,19,201900015985B01,7,1,1
201900015995,2019-06-16,2019,juin,dimanche,17:10,65,65032,"42,9613080"," -0,2459580",1,1,5,1,1,3,2,2,2,1,,,1,0,1,4,2,47,5,1,2,0,2,1,5,201900015995B01,33,1,1
201900015995,2019-06-16,2019,juin,dimanche,17:10,65,65032,"42,9613080"," -0,2459580",1,1,5,1,1,3,2,2,2,1,,,1,0,1,3,1,52,5,1,2,0,2,1,5,201900015995A01,33,1,1
201900016019,2019-07-29,2019,juillet,lundi,15:40,29,29028,"48,0474590"," -4,6466270",1,1,7,1,1,3,2,2,4,3,,,1,0,1,3,1,14,5,1,2,0,0,8,1,201900016019A01,,,
201900016022,2019-08-07,2019,août,mercredi,09:25,84,84009,"43,7852190","5,6259150",1,6,2,1,1,3,2,2,1,2,,,1,0,1,3,1,71,5,1,2,0,2,4,1,201900016022B01,7,1,1
201900016024,2019-08-06,2019,août,mardi,10:35,1,01038,"46,3055440","5,2497830",1,1,2,1,1,4,2,2,1,1,,,1,0,1,3,2,72,5,1,2,0,2,4,1,201900016024B01,7,17,1
201900016027,2019-08-05,2019,août,lundi,04:50,26,26213,"45,2885340","4,9841680",1,1,3,3,1,3,2,2,2,1,,,1,0,1,4,1,32,1,2,,0,0,8,1,201900016027A01,7,0,1
201900016035,2019-08-07,2019,août,mercredi,16:13,50,50551,"49,3835410"," -1,5404420",2,1,2,1,7,3,2,2,2,1,,,1,0,1,2,1,59,5,1,2,0,0,4,2,201900016035B01,7,2,1
201900016047,2019-06-24,2019,juin,lundi,12:15,40,40150,"43,8717600"," -1,2998320",2,6,2,1,1,3,1,1,1,2,,,1,9,1,3,2,53,5,2,,0,2,5,12,201900016047B01,7,9,1
201900016053,2019-08-06,2019,août,mardi,05:35,37,37250,"47,2579890","0,6944580",1,1,3,3,1,4,2,2,1,1,,,1,0,1,4,1,37,1,2,,0,2,1,1,201900016053A01,7,15,1
201900016067,2019-08-05,2019,août,lundi,12:08,68,68278,"47,7514070","7,3902640",2,1,6,1,1,4,2,2,1,1,,,1,9,5,3,1,70,5,2,,0,0,0,26,201900016067A01,,,
201900016075,2019-08-07,2019,août,mercredi,08:45,77,77420,"49,0427700","2,6814200",1,1,2,1,1,3,2,2,2,1,,,1,0,1,3,1,60,5,2,,0,2,4,14,201900016075B01,7,17,1
201900016118,2019-07-02,2019,juillet,mardi,19:30,1,01419,"46,2264160","5,9701200",2,2,3,1,1,3,2,2,1,1,,,1,0,1,3,1,45,0,1,2,0,2,1,1,201900016118B01,7,15,1
201900016133,2019-07-03,2019,juillet,mercredi,10:00,68,68150,"48,0404670","7,2690410",1,1,7,1,1,4,2,2,2,3,,,1,0,1,4,1,18,5,1,2/6,0,0,2,1,201900016133A01,,,
201900016141,2019-07-02,2019,juillet,mardi,16:25,50,50219,"49,0653210"," -1,4673860",1,1,2,1,1,3,1,2,1,1,,,1,0,1,3,1,45,5,1,2,0,0,4,2,201900016141B01,7,2,1
201900016142,2019-07-04,2019,juillet,jeudi,08:30,83,83032,"43,4709010","6,2007590",1,1,1,1,1,3,2,2,1,3,,,1,0,1,3,1,68,5,1,2,0,2,1,1,201900016142B01,7,15,1
201900016149,2019-06-30,2019,juin,dimanche,17:30,973,97303,"5,4839991"," -53,2779408",1,1,2,1,1,2, -1,2,1,1,,,1,0,1,3,1,16,5,2,,0,2,4,0,201900016149B01,7,1,1
201900016158,2019-07-03,2019,juillet,mercredi,09:30,19,19098,"45,1832000","1,8142720",1,1,7,1,1,4,2,2,4,4,,,1,0,3,3,1,80,5,2,,0,0,1,0,201900016158A01,,,
201900016159,2019-05-31,2019,mai,vendredi,17:40,17,17225,"45,6941620"," -1,1736560",2,3,3,1,1,4,2,2,1,1,,,1,5,1,4,1,65,5,1,2/6/4,0,2,2,1,201900016159A01,7,15,1
201900016160,2019-07-03,2019,juillet,mercredi,22:15,17,17121,"46,1983340"," -1,4262600",2,9,3,2,1,3,3,2,1,1,,,1,9,1,3,2,18,5,2,,0,2,7,6,201900016160B01,7,1,1
201900016168,2019-07-03,2019,juillet,mercredi,11:15,91,91377,"48,7227000","2,2761200",1,1,2,1,1,3,1,3,2,1,,,1,0,3,4,1,67,0,2,,0,2,4,1,201900016168B01,7,9,1
201900016182,2019-07-01,2019,juillet,lundi,19:39,63,63113,"45,7771233","3,0815499",2,1,6,1,1,4, -1,2,1,1,,,1,9,1,4,1,37,0,2,,8,0,0,1,201900016182A01,,,
201900016195,2019-07-03,2019,juillet,mercredi,00:20,69,69387,"45,7478100","4,8330800",2,1,7,5,1,7, -1,0,1,1,,,1,6,1,4,1,36,5,2,,0,0,1,0,201900016195A01,,,
201900016224,2019-06-28,2019,juin,vendredi,22:40,67,67482,"48,5819600","7,7127700",2,1,6,5,1,4,2,2,1,1,,,1,0,1,4,2,5,5,2,,0,2,1,19,201900016224B01,7,16,1
201900016226,2019-07-01,2019,juillet,lundi,23:00,66,66136,"42,6968600","2,8820400",2,1,1,5,1,4,1,2,1,1,,,1,0,1,4,1,17,5,2,,0,2,1,1,201900016226B01,7,16,1
201900016232,2019-07-02,2019,juillet,mardi,08:45,61,61006,"48,7489440"," -0,0119120",2,3,3,1,1,3,2,4,1,1,,,1,0,5,4,1,24,1,1,2,0,2,1,1,201900016232B01,7,15,1
201900016289,2019-05-01,2019,mai,mercredi,08:40,50,50218,"48,8375670"," -1,5433140",1,1,7,1,1,3,2,2,1,1,,,1,0,1,4,1,65,5,1,2,0,0,1,1,201900016289A01,,,
201900016296,2019-05-09,2019,mai,jeudi,14:55,41,41295,"47,5816700","1,3665500",2,1,7,1,1,9, -1,1,1,1,,,1,0,1,3,1,20,5,1,2,0,0,1,1,201900016296A01,,,
201900016304,2019-05-13,2019,mai,lundi,08:55,22,22278,"48,5122720"," -2,7541940",2,1,3,1,1,4,2,3,1,1,,,1,2,1,4,2,37,1,1,2,1,0,1,1,201900016304B01,7,23,1
201900016369,2019-05-29,2019,mai,mercredi,16:35,988,98818," -22,2259000","166,4807500",1,1,3,1,1,4,2,2,2,1,,,1,0,1,4,2,41,0,1,2,0,2,8,1,201900016369B01,10,16,1
201900016385,2019-05-10,2019,mai,vendredi,13:30,988,98818," -22,2760600","166,4438900",2,1,7,1,1,4,2,2,4,1,,,1,0,1,3,1,39,0,2,,8,0,1,1,201900016385A01,,,
201900016388,2019-05-06,2019,mai,lundi,08:30,988,98818," -22,3017500","166,4358000",2,1,6,1,1,4,2,4,1,1,,,1,0,1,4,2,51,5,1,2,14,0,1,26,201900016388A01,,,
201900016391,2019-05-02,2019,mai,jeudi,04:45,988,98818," -22,2506100","166,4637000",1,1,6,5,1,4,2,2,4,1,,,1,0,1,4,1,33,1,2,,14,2,3,21,201900016391B01,,,
201900016428,2019-11-17,2019,novembre,dimanche,11:10,72,72181,"48,0099900","0,2015100",2,1,3,1,1,4,3,2,2,1,,,1,0,1,4,1,38,0,1,2,0,2,6,2,201900016428B01,7,2,1
201900016477,2019-11-19,2019,novembre,mardi,16:20,75,75118,"48,8958350","2,3458360",2,7,1,1,1,4,1,2,1,1,,,1,0,1,4,1,48,9,1,2,0,2,1,5,201900016477B01,10,1,1
201900016625,2019-12-29,2019,décembre,dimanche,06:20,75,75119,"48,8843830","2,3691950",2,2,6,5,1,4,3,2,1,2,,,1,0,5,4,1,19,0,1,2,0,2,3,1,201900016625A01,7,16,1
201900016631,2019-12-29,2019,décembre,dimanche,10:15,75,75115,"48,8414870","2,3079500",2,2,6,1,1,4,1,3,1,1,,,1,0,1,1,1,55,5,1,2,0,1,1,16,201900016631A01,,,
201900016634,2019-12-29,2019,décembre,dimanche,15:25,75,75112,"48,8463520","2,3780790",2,1,2,1,1,4,2,4,1,1,,,1,0,1,4,1,32,0,1,2,0,2,1,2,201900016634A01,7,23,1
201900016642,2019-12-29,2019,décembre,dimanche,20:50,93,93001,"48,9108900","2,3850800",2,1,3,5,1,3,2,2,1,1,,,1,0,1,4,1,31,5,2,,0,2,0,0,201900016642V01,7,2,1
201900016659,2019-12-30,2019,décembre,lundi,09:45,59,59074,"50,0927550","3,4395340",2,1,2,1,7,3,2,2,1,1,,,1,0,1,3,1,50,5,2,,0,2,4,2,201900016659B01,13,2,1
201900016664,2019-12-27,2019,décembre,vendredi,17:20,2B,2B050,"42,5636940","8,7420920",2,1,3,3,1,3,2,2,1,1,,,1,0,1,4,1,45,5,1,6/2,0,2,1,2,201900016664B01,2,18,1
201900016669,2019-12-28,2019,décembre,samedi,10:15,49,49323,"47,5206610"," -0,4664620",2,6,3,1,1,4, -1,2,1,4,,,2,0,1,3,1,74,5,2,,0,2,2,1,201900016669B01,7,16,1
201900016671,2019-12-30,2019,décembre,lundi,16:24,1,01034,"45,7580360","5,7059120",1,6,3,1,1,3,2,2,2,3,,,1,5,1,3,2,54,5,2,,0,2,0,18,201900016671B01,14,16,1
201900016725,2019-12-28,2019,décembre,samedi,14:35,34,34172,"43,6209980","3,8488250",2,3,3,1,1,4,2,2,1,1,,,1,0,1,4,1,29,5,2,,0,2,8,15,201900016725A01,7,1,1
201900016737,2019-12-28,2019,décembre,samedi,17:40,75,75113,"48,8234000","2,3750320",2,3,3,5,1,4,2,2,2,1,,,1,0,5,4,1,32,5,1,2,0,2,1,1,201900016737B01,7,16,1
201900016740,2019-12-28,2019,décembre,samedi,00:01,75,75110,"48,8728590","2,3591280",2,1,3,5,1,4,2,4,1,1,,,1,0,6,4,1,31,5,1,2,0,2,1,7,201900016740B01,7,14,1
201900016800,2019-03-18,2019,mars,lundi,08:40,38,38565,"45,2697360","5,6529310",1,1,3,1,1,3,2,2,1,1,,,1,0,5,4,2,55,1,2,,0,2,1,1,201900016800B01,7,1,1
201900016864,2019-03-16,2019,mars,samedi,08:20,69,69388,"45,7391000","4,8597700",2,3,3,1,1,4,3,6,1,1,,,1,9,1,4,1,45,0,2,,0,2,5,26,201900016864B01,7,16,1
201900016879,2019-03-14,2019,mars,jeudi,18:30,69,69152,"45,6974400","4,8212500",2,1,6,5,2,4, -1,2,1,1,,,2,0,1,4,1,28,1,2,,0,6,1,26,201900016879B01,7,22,1
201900016882,2019-03-14,2019,mars,jeudi,08:30,69,69385,"45,7570300","4,8210900",2,1,7,1,1,7,2,2,2,1,,,1,0,2,4,1,54,1,1,2/6,0,0,1,1,201900016882A01,,,
201900016921,2019-03-13,2019,mars,mercredi,17:45,67,67482,"48,5828880","7,7407980",2,1,6,1,2,4,2,3,1,1,,,2,8,1,4,1,26,5,1,2,0,1,1,1,201900016921A01,,,
201900016926,2019-03-15,2019,mars,vendredi,15:25,65,65440,"43,2210000","0,0612000",2,6,3,1,1,2,3,4,1,1,,,1,0,1,3,1,52,1,1,2,0,2,3,2,201900016926B01,10,15,1
201900017002,2019-01-31,2019,janvier,jeudi,08:45,42,42187,"46,0466700","4,0743600",2,1,6,1,1,4,2,2,1,1,,,1,0,1,4,2,61,1,2,,1,0,1,1,201900017002B01,7,24,1
201900017054,2019-01-10,2019,janvier,jeudi,13:47,22,22187,"48,5345899"," -2,7523733",2,1,2,1,1,4,4,2,1,1,,,1,0,1,4,1,62,5,2,,0,2,4,1,201900017054B01,7,1,1
201900017111,2019-09-12,2019,septembre,jeudi,19:45,75,75116,"48,8640370","2,2342370",2,1,3,1,1,4,1,2,1,3,,,1,0,5,4,1,35,5,1,2,0,2,8,1,201900017111B01,7,14,1
201900017118,2019-09-12,2019,septembre,jeudi,09:40,75,75107,"48,8598198","2,3028583",2,3,3,1,1,4,1,3,1,1,,,1,0,1,4,2,36,0,1,2,0,2,1,5,201900017118A01,7,20,1
201900017138,2019-09-11,2019,septembre,mercredi,15:40,86,86187,"46,5765650","0,7769200",2,9,3,1,1,3,1,1,1,3,,,1,0,1,4,2,26,5,1,2,0,2,1,26,201900017138B01,7,9,1
201900017141,2019-09-13,2019,septembre,vendredi,15:25,6,06161,"43,6345170","7,1351440",2,4,3,1,1,3,3,1,1,1,,,1,0,1,3,1,42,1,2,,0,2,1,5,201900017141B01,7,16,1
201900017145,2019-09-12,2019,septembre,jeudi,16:45,62,62491,"50,6290450","2,7706520",2,1,3,1,1,9,2,2,1,1,,,1,0,1,4,1,66,5,1,2,0,2,2,17,201900017145B01,7,19,1
201900017156,2019-09-13,2019,septembre,vendredi,08:00,71,71332,"46,6333950","4,9742760",1,1,2,1,1,3,2,2,1,1,,,1,0,1,2,1,67,5,1,2/4,0,2,4,1,201900017156B01,7,1,1
201900017159,2019-09-12,2019,septembre,jeudi,12:25,47,47325,"44,3619270","0,2716240",1,1,2,1,1,3,2,2,1,1,,,1,0,1,2,1,76,5,1,2,0,2,4,0,201900017159A01,7,1,1
201900017162,2019-09-12,2019,septembre,jeudi,17:15,68,68384,"47,6981600","7,3054760",2,2,3,1,7,3,2,2,1,1,,,1,0,5,4,1,10,2,1,2,0,0,8,19,201900017162B01,7,1,1
201900017163,2019-07-27,2019,juillet,samedi,11:50,29,29235,"48,3950874"," -4,4084914",2,6,3,1,1,3,2,2,1,1,,,1,5,1,3,1,58,5,1,2,0,0,5,1,201900017163B01,7,9,1
201900017180,2019-09-13,2019,septembre,vendredi,08:35,67,67471,"48,6348820","7,7395970",2,1,6,1,7,4,1,1,1,1,,,1,0,1,3,1,59,1,1,2,1,0,1,21,201900017180A01,7,24,1
201900017189,2019-09-12,2019,septembre,jeudi,18:00,973,97311,"5,4858373"," -54,0163141",2,3,3,1,1,4,2,2,1,1,,,1,0,1,3,2,31,1,2,,0,2,6,0,201900017189B01,7,1,1
201900017198,2019-09-13,2019,septembre,vendredi,06:15,74,74094,"46,1807680","6,2931430",2,1,1,3,1,3,2,2,2,4,,,1,0,1,3,1,57,1,1,2,0,2,1,1,201900017198B01,7,1,1
201900017265,2019-09-06,2019,septembre,vendredi,07:25,71,71270,"46,3006000","4,8187200",2,1,3,2,1,9, -1,0,1,1,,,1,0,1,4,2,58,0,2,,0,2,0,26,201900017265A01,7,2,1
201900017278,2019-09-10,2019,septembre,mardi,08:15,56,56083,"47,8076683"," -3,2713294",2,1,6,1,1,4,2,2,1,1,,,1,9,4,1,1,32,5,1,2,0,1,1,25,201900017278A01,,,
201900017315,2019-10-14,2019,octobre,lundi,11:25,75,75105,"48,8513930","2,3431720",2,2,6,1,1,4,2,4,2,1,,,1, -1,6,4,1,21,1,1,2,0,2,1,7,201900017315A01,7,16,1
201900017322,2019-10-14,2019,octobre,lundi,09:10,75,75110,"48,8821744","2,3507755",2,1,3,1,1,4,1,1,2,1,,,1,0,5,4,2,39,0,1,2,0,2,4,1,201900017322B01,10,22,1
201900017380,2019-10-16,2019,octobre,mercredi,14:10,69,69244,"45,7546000","4,7811000",2,1,3,1,1,9,4,3,2,1,,,1,9,6,3,1,73,5,1,2,0,2,8,1,201900017380A01,38,1,1
201900017384,2019-10-15,2019,octobre,mardi,18:00,77,77420,"49,0374290","2,6965330",2,2,3,1,1,3,2,2,1,1,,,1,0,1,4,1,37,5,1,2,0,2,1,1,201900017384B01,7,15,1
201900017389,2019-10-11,2019,octobre,vendredi,11:40,67,67263,"49,0028620","7,7937890",2,3,3,1,1,4,2,2,4,1,,,1,0,1,3,2,2,2,1,2,0,2,7,10,201900017389B01,7,16,1