Num_Acc,date,an,mois,jour,hrmn,dep,com,lat,long,agg,int,col,lum,atm,catr,circ,nbv,prof,plan,lartpc,larrout,surf,infra,situ,grav,sexe,age,trajet,secuexist,equipement,obs,obsm,choc,manv,vehiculeid,typevehicules,manoeuvehicules,numVehicules
201900017412,2019-10-14,2019,octobre,lundi,08:35,75,75117,"48,8946862","2,3147500",2,1,6,1,1,4,3,3,1,1,,,1,0,5,1,1,26,1,1,2,0,1,8,1,201900017412A01,,,
201900017450,2019-10-04,2019,octobre,vendredi,08:20,38,38249,"45,2248400","5,8082000",2,3,3,1,1,4,2,2,2,1,,,1,0,5,4,1,25,1,1,2,0,2,1,25,201900017450A01,7,1,1
201900017454,2019-10-15,2019,octobre,mardi,07:45,5,05017,"44,5647564","6,1984831",2,3,3,2,3,3,2,2,1,1,,,1,0,1,4,2,12,2,2,,0,2,8,1,201900017454B01,7,1,1
201900017479,2019-04-22,2019,avril,lundi,15:25,64,64148,"43,1266424"," -0,3041451",2,1,2,1,1,3,2,2,1,1,,,1,0,1,4,1,69,5,1,2,0,0,4,1,201900017479B01,7,17,1
201900017495,2019-04-27,2019,avril,samedi,13:30,16,16011,"45,7717140","0,2011880",1,1,2,1,1,3,2,2,2,1,0,6,1,0,1,3,1,67,5,1,2,0,0,4,13,201900017495B01,7,17,1
201900017504,2019-04-21,2019,avril,dimanche,10:45,21,21496,"47,3015010","5,4457780",1,1,5,1,1,3,2,2,1,1,,,1,0,1,3,1,18,5,1,2,0,2,3,17,201900017504A01,7/ 21,1,2
201900017508,2019-04-29,2019,avril,lundi,18:30,40,40312,"43,5370330"," -1,4609060",2,1,5,1,1,3,2,2,2,1,,,1,8,1,1,1,5,5,1,2,0,2,7,19,201900017508C01,7,1,1
201900017508,2019-04-29,2019,avril,lundi,18:30,40,40312,"43,5370330"," -1,4609060",2,1,5,1,1,3,2,2,2,1,,,1,8,1,4,1,31,5,2,,0,2,7,19,201900017508B01,7,1,1
201900017509,2019-04-26,2019,avril,vendredi,17:20,40,40312,"43,5523300"," -1,4650690",1,1,2,1,1,3,3,4,2,1,,,1,0,1,3,1,6,5,1,2,0,2,4,13,201900017509B01,7,1,1
201900017520,2019-04-21,2019,avril,dimanche,18:50,85,85221,"46,9430800"," -1,9589000",1,1,3,1,1,4,2,2,1,1,,,1,0,1,3,2,67,5,2,,0,2,1,1,201900017520A01,21,1,1
201900017535,2019-04-16,2019,avril,mardi,13:00,37,37113,"46,9136700","0,8060920",1,1,1,1,1,3,2,2,3,3,,,2,0,1,3,1,65,5,2,,6,2,1,1,201900017535B01,7,13,1
201900017550,2019-02-13,2019,février,mercredi,15:00,88,88144,"48,2495690","6,0742750",1,1,6,1,1,3,2,2,1,1,,,1,0,1,2,1,16,5,1,2,0,0,1,0,201900017550A01,,,
201900017570,2019-04-21,2019,avril,dimanche,14:25,42,42042,"45,4617710","4,2288030",1,1,3,1,1,3,2,2,2,3,,,1,0,1,3,1,48,5,1,2/6,0,0,4,0,201900017570B01,7,0,1
201900017627,2019-04-24,2019,avril,mercredi,12:45,45,45082,"47,8628814","2,2321586",2,1,2,1,1,4,2,2,1,1,,,1,0,1,3,1,14,2,2,,0,2,7,1,201900017627B01,7,4,1
201900017648,2019-04-25,2019,avril,jeudi,18:55,66,66065,"42,6000060","2,9707950",2,3,3,1,1,4,2,2,1,1,,,1,0,1,3,1,12,5,2,,0,2,8,1,201900017648B01,7,1,1
201900017660,2019-04-24,2019,avril,mercredi,13:40,84,84129,"44,0117440","4,8749410",2,1,2,1,1,9,1,1,1,1,,,1,9,1,3,1,17,5,1,2,0,2,1,2,201900017660B01,7,23,1
201900017669,2019-08-06,2019,août,mardi,11:30,71,71510,"46,2676820","4,0963640",2,2,3,1,1,3,2,2,1,1,,,1,0,1,3,2,76,5,1,2/6,0,2,1,1,201900017669A01,7,1,1
201900017673,2019-08-05,2019,août,lundi,10:20,68,68063,"47,8065340","7,2003630",1,1,1,1,1,9,2,2,2,3,,,1,0,5,3,1,78,5,1,2/6,0,0,3,1,201900017673B01,1,1,1
201900017673,2019-08-05,2019,août,lundi,10:20,68,68063,"47,8065340","7,2003630",1,1,1,1,1,9,2,2,2,3,,,1,0,5,1,1,43,1,1,2/6,0,2,2,1,201900017673A01,1,1,1
201900017674,2019-08-04,2019,août,dimanche,10:20,68,68296,"48,2590910","7,3004030",1,1,7,1,1,3,2,2,2,2,,,9,0,1,3,1,25,5,1,2,14,0,1,1,201900017674A01,,,
201900017686,2019-08-03,2019,août,samedi,11:15,14,14658,"48,8399150"," -1,0482470",2,9,1,1,1,3, -1,2,2,1,,,1,0,1,3,1,17,5,2,,0,2,1,0,201900017686B01,7,15,1
201900017778,2019-07-30,2019,juillet,mardi,15:30,76,76351,"49,5003300","0,1354000",2,1,6,1,1,3,2,2,1,1,,,1,0,1,1,1,34,0,2,,0,1,0,25,201900017778A01,,,
201900017783,2019-08-03,2019,août,samedi,11:25,72,72181,"48,0122200","0,1815600",2,1,3,1,1,7,3,2,1,1,,,1,4,1,4,2,35,5,2,,0,2,4,1,201900017783B01,7,1,1
201900017786,2019-08-01,2019,août,jeudi,18:35,71,71306,"46,6775200","4,3785000",2,3,3,1,1,4,2,2,1,1,,,1,0,1,4,1,62,0,1,2,0,2,7,1,201900017786B01,7,19,1
201900017792,2019-07-31,2019,juillet,mercredi,18:15,67,67482,"48,5695720","7,7131040",2,1,6,1,1,4,2,2,1,1,,,1,2,1,3,1,49,1,2,,10,0,0,0,201900017792A01,,,
201900017796,2019-08-03,2019,août,samedi,08:10,64,64348,"43,3259800"," -0,3871400",1,1,6,1,7,4,1,1,1,2,,,1,0,1,4,1,33,5,1,2,0,2,7,2,201900017796C01,7,9,1
201900017796,2019-08-03,2019,août,samedi,08:10,64,64348,"43,3259800"," -0,3871400",1,1,6,1,7,4,1,1,1,2,,,1,0,1,4,1,35,5,1,2,0,2,7,0,201900017796B01,7,9,1
201900017822,2019-07-31,2019,juillet,mercredi,19:45,45,45234,"47,8990454","1,9041713",2,2,3,1,1,4,1,2,1,1,,,1,0,1,4,1,21,5,2,,0,2,7,1,201900017822B01,7,1,1
201900017840,2019-08-02,2019,août,vendredi,09:55,34,34172,"43,6087721","3,8967407",2,1,3,1,1,4,2,2,2,1,,,1,0,1,4,1,39,0,1,2,0,2,8,19,201900017840B01,0,0,1
201900017866,2019-07-02,2019,juillet,mardi,14:10,75,75120,"48,8581300","2,4046450",2,2,3,1,1,4,1,1,1,1,,,1,0,1,4,1,19,5,1,2,0,2,0,1,201900017866A01,7,1,1
201900017867,2019-07-02,2019,juillet,mardi,06:15,75,75118,"48,8899000","2,3644220",2,1,1,1,1,4,1,1,1,1,,,1,2,1,4,1,29,1,2,,0,2,1,1,201900017867B01,1,1,1
201900017867,2019-07-02,2019,juillet,mardi,06:15,75,75118,"48,8899000","2,3644220",2,1,1,1,1,4,1,1,1,1,,,1,2,1,4,1,38,5,2,,0,2,1,1,201900017867A01,1,1,1
201900017873,2019-07-02,2019,juillet,mardi,12:30,75,75115,"48,8510700","2,2916640",2,1,3,1,1,4,1,2,1,1,,,1,0,1,4,1,50,5,2,,0,2,0,1,201900017873B01,10,22,1
201900017877,2019-07-02,2019,juillet,mardi,11:30,75,75110,"48,8823490","2,3686780",2,1,2,1,1,4,2,3,1,1,,,1,0,1,4,1,22,5,1,2,0,2,1,2,201900017877B01,7,23,1
201900017905,2019-07-02,2019,juillet,mardi,15:00,93,93001,"48,9095270","2,3821230",2,3,6,1,1,4,2,2,1,1,,,1,0,1,4,1,56,0,2,,0,1,8,11,201900017905A01,,,
201900017924,2019-07-02,2019,juillet,mardi,10:50,56,56184,"47,6625700"," -2,4407600",2,1,2,1,7,4,2,2,1,1,,,1,0,1,3,1,77,5,1,2,0,2,4,2,201900017924B01,7,2,1
201900017929,2019-07-03,2019,juillet,mercredi,09:42,80,80582,"49,8083400","2,1067620",1,1,3,1,1,3,2,2,1,1,,,1,2,1,4,1,17,5,1,2,1,0,1,2,201900017929B01,7,2,1
201900017934,2019-07-02,2019,juillet,mardi,10:40,68,68046,"47,8016740","7,0373080",1,1,7,1,7,3,2,2,2,1,,,1,0,1,2,1,72,5,1,2/6,0,0,0,1,201900017934A01,,,
201900017937,2019-05-24,2019,mai,vendredi,16:10,29,29146,"47,9225020"," -3,8147760",1,3,3,1,1,3,2,2,1,1,,,1,0,1,3,1,70,5,1,2,0,2,7,21,201900017937B01,7,15,1
201900017943,2019-07-02,2019,juillet,mardi,23:10,45,45095,"48,0706440","2,1215250",1,1,5,3,1,3,2,2,1,1,,,1,0,1,3,1,19,5,2,,0,0,4,1,201900017943C01,7/ 30,1,2
201900017951,2019-06-26,2019,juin,mercredi,13:50,37,37016,"47,2056897","0,9694791",2,3,3,1,1,3,2,2,2,1,,,1,0,1,4,1,17,5,2,,0,2,1,9,201900017951B01,7,1,1
201900017952,2019-07-03,2019,juillet,mercredi,08:30,48,48075,"44,3702550","3,5349140",2,1,1,1,1,3,2,2,1,1,,,1,0,1,4,1,79,5,2,,0,2,8,19,201900017952B01,13,1,1
201900017954,2019-07-02,2019,juillet,mardi,14:00,67,67212,"48,5590210","7,6366970",2,6,7,1,1,7, -1,2,1,2,,,8,9,1,4,1,66,5,1,2,0,0,0,1,201900017954A01,,,
201900017966,2019-07-02,2019,juillet,mardi,08:20,67,67348,"48,4634680","7,4316370",2,2,3,1,1,4,2,2,1,1,,,1,8,5,4,1,64,5,2,,0,2,3,1,201900017966B01,7,1,1
201900017997,2019-06-04,2019,juin,mardi,20:40,75,75115,"48,8367500","2,2995270",2,2,3,1,1,4,1,1,1,1,,,1,0,1,4,2,52,5,1,2,0,2,1,1,201900017997B01,34,1,1
201900018000,2019-06-04,2019,juin,mardi,09:10,75,75111,"48,8651810","2,3677300",2,2,6,1,2,4,2,2,1,1,,,1,0,5,1,2,76,0,1,2,0,1,1,21,201900018000A01,,,
201900018017,2019-06-30,2019,juin,dimanche,11:15,45,45284,"47,9081841","1,9782268",2,1,1,1,1,4,2,2,1,1,,,1,0,5,1,1,28,9,2,,0,2,1,1,201900018017B01,1,5,1
201900018017,2019-06-30,2019,juin,dimanche,11:15,45,45284,"47,9081841","1,9782268",2,1,1,1,1,4,2,2,1,1,,,1,0,5,4,2,73,0,2,,0,2,1,5,201900018017A01,1,1,1
201900018026,2019-07-01,2019,juillet,lundi,08:45,69,69149,"45,7104700","4,8134500",2,1,6,1,1,4,2,2,1,1,,,1,0,1,4,1,42,1,2,,1,0,1,1,201900018026B01,7,24,1
201900018038,2019-05-19,2019,mai,dimanche,16:35,974,97411," -20,9024300","55,5031900",2,1,3,1,1,2,1,2,1,1,,,1,0,1,4,1,14,5,2,,0,2,1,18,201900018038B01,7,16,1
201900018056,2019-05-25,2019,mai,samedi,04:00,974,97407," -20,9379800","55,2985400",2,1,6,5,1,4,2,2,2,1,,,1,0,1,3,1,30,0,2,,0,2,0,26,201900018056B01,30,1,1
201900018127,2019-05-14,2019,mai,mardi,21:45,69,69388,"45,7433200","4,8742600",2,2,1,5,1,4,1,3,1,1,,,1,0,1,4,1,20,4,2,,9,0,2,1,201900018127A01,7,1,1
201900018130,2019-05-13,2019,mai,lundi,23:55,69,69387,"45,7423613","4,8506751",2,2,3,5,1,7,1,2,1,1,,,1,0,1,4,1,28,0,2,,9,0,7,5,201900018130B01,7,1,1
201900018131,2019-05-10,2019,mai,vendredi,13:55,69,69386,"45,7658290","4,8425406",2,2,3,1,1,4,2,2,1,1,,,1,0,1,4,2,24,0,1,2,0,2,1,2,201900018131A01,7,2,1
201900018143,2019-05-07,2019,mai,mardi,18:30,69,69383,"45,7548500","4,8689900",2,1,3,1,1,4,2,2,1,1,,,1,0,1,4,1,28,1,2,,0,2,8,2,201900018143B01,10,26,1
201900018151,2019-05-02,2019,mai,jeudi,21:50,69,69386,"45,7669900","4,8463900",2,2,3,5,1,4,1,1,1,1,,,1,0,1,4,1,30,0,2,,0,2,4,1,201900018151B01,7,1,1
201900018155,2019-05-02,2019,mai,jeudi,07:45,69,69386,"45,7658739","4,8557049",2,1,3,1,1,4,1,3,1,1,,,1,0,1,4,1,42,1,1,2,1,0,7,3,201900018155B01,10,22,1
201900018166,2019-04-30,2019,avril,mardi,07:40,69,69383,"45,7435755","4,8769721",2,2,1,1,1,4,2,4,1,1,,,1,0,1,4,1,19,2,2,,0,2,1,1,201900018166B01,7,15,1
201900018226,2019-11-18,2019,novembre,lundi,17:20,91,91589,"48,6885280","2,3688830",2,3,3,5,2,4,2,2,1,1,,,2,0,1,4,1,52,0,1,2/4,0,2,1,1,201900018226B01,7,15,1
201900018287,2019-11-17,2019,novembre,dimanche,03:35,75,75110,"48,8748112","2,3573878",2,2,3,5,1,4,2,2,1,1,,,1,0,5,4,1,26,9,1,2/6,0,2,1,1,201900018287B01,7,16,1
201900018339,2019-11-17,2019,novembre,dimanche,00:45,61,61167,"48,8389720","0,4948910",1,1,2,3,1,3,2,2,1,1,,,2,0,1,3,1,64,5,2,,0,2,4,1,201900018339B01,7,2,1
201900018511,2019-03-14,2019,mars,jeudi,16:20,75,75118,"48,8926520","2,3523540",2,3,3,1,2,4, -1,2,1,1,,,2,0,1,4,2,44,1,1,2,0,2,1,1,201900018511B01,7,10,1
201900018519,2019-03-14,2019,mars,jeudi,09:00,75,75114,"48,8346060","2,3140320",2,1,3,1,2,4,1,1,1,1,,,2,0,5,4,1,44,1,1,2,0,2,1,1,201900018519B01,7,5,1
201900018521,2019-03-14,2019,mars,jeudi,14:00,75,75113,"48,8383300","2,3727990",2,3,3,2,2,4,1,1,1,1,,,2,0,5,4,2,43,5,1,2,0,2,8,5,201900018521B01,7,16,1
201900018523,2019-03-15,2019,mars,vendredi,17:50,75,75112,"48,8481000","2,3764310",2,1,6,1,8,4,2,2,1,1,,,1,0,1,1,1,28,0,1,2,0,1,1,1,201900018523A01,,,
201900018537,2019-03-13,2019,mars,mercredi,10:20,75,75107,"48,8534000","2,3263820",2,2,2,1,1,4,2,4,1,1,,,1,0,1,4,1,23,4,1,2,0,2,4,11,201900018537A01,7,1,1
201900018603,2019-11-05,2019,novembre,mardi,18:05,7,07107,"44,6361440","4,2547180",2,9,1,3,1,3,2,2,2,1,,,1,0,1,3,1,18,5,1,9,0,2,1,9,201900018603B01,7,1,1
201900018642,2019-12-25,2019,décembre,mercredi,11:45,64,64445,"43,3080900"," -0,3765100",2,2,3,1,1,4,2,3,1,1,,,1,0,1,4,1,16,0,2,,0,2,8,1,201900018642B01,7,15,1
201900018643,2019-12-27,2019,décembre,vendredi,05:30,64,64122,"43,4711702"," -1,5360582",2,1,7,5,1,3,2,2,1,1,,,1,0,1,4,1,55,1,1,2,0,0,0,5,201900018643A01,,,
201900018674,2019-12-26,2019,décembre,jeudi,07:10,75,75114,"48,8196464","2,3419298",2,1,3,5,1,4,3,2,2,1,,,1,0,5,1,1,27,1,1,2,0,2,0,9,201900018674A01,1,1,1
201900018674,2019-12-26,2019,décembre,jeudi,07:10,75,75114,"48,8196464","2,3419298",2,1,3,5,1,4,3,2,2,1,,,1,0,5,3,1,44,1,1,2,0,2,0,1,201900018674B01,1,9,1
201900018710,2019-12-28,2019,décembre,samedi,13:30,63,63066,"45,8642350","3,6399660",1,3,1,1,1,3,2,2,2,1,,,1,0,1,2,1,61,5,1,2,0,2,1,1,201900018710B01,7,15,1
201900018726,2019-12-28,2019,décembre,samedi,10:30,24,24547,"45,1099000","1,3087100",1,1,2,1,1,3,2,2,2,2,,,1,0,1,4,1,66,5,1,2/6,0,2,4,2,201900018726B01,7,2,1
201900018773,2019-02-02,2019,février,samedi,02:25,75,75120,"48,8475480","2,4063140",2,2,3,5,3,4,2,3,1,1,,,2,5,1,4,1,29,0,1,2,0,2,5,15,201900018773B01,7,1,1
201900018775,2019-01-31,2019,janvier,jeudi,08:15,75,75120,"48,8645910","2,3872770",2,3,2,5,1,4,1,1,1,1,,,1,0,1,4,2,35,1,1,2,0,2,1,1,201900018775B01,10,4,1
201900018797,2019-02-03,2019,février,dimanche,16:00,75,75115,"48,8431490","2,2935090",2,1,2,1,1,4,1,1,1,1,,,1,0,1,4,1,16,5,1,2,0,2,1,18,201900018797B01,14,22,1
201900018804,2019-02-01,2019,février,vendredi,19:10,75,75114,"48,8261800","2,3195830",2,2,6,5,2,4,1,1,1,1,,,2,5,1,4,1,71,5,2,,0,2,7,19,201900018804A01,7,1,1
201900018881,2019-02-03,2019,février,dimanche,12:30,80,80740,"49,7156340","2,3992660",1,2,3,1,1,3,2,2,1,1,,,1,0,1,3,1,50,5,1,2,0,2,1,1,201900018881A01,7,1,1
201900018987,2019-09-11,2019,septembre,mercredi,16:16,75,75119,"48,8855430","2,3658050",2,2,3,1,1,4,2,2,1,1,,,1,0,5,4,1,22,5,1,2,0,2,1,1,201900018987B01,7,16,1
201900018988,2019-09-11,2019,septembre,mercredi,19:50,75,75117,"48,8746070","2,2931130",2,2,3,5,1,4,2,8,2,1,,,1,5,1,4,2,33,5,1,2,0,2,1,5,201900018988B01,33,1,1
201900018991,2019-09-11,2019,septembre,mercredi,17:40,75,75112,"48,8335532","2,4147756",2,1,3,1,1,4,2,2,1,1,,,1,0,1,4,1,42,0,1,2,0,2,2,1,201900018991B01,7,22,1
201900018995,2019-09-11,2019,septembre,mercredi,09:00,75,75104,"48,8508089","2,3614436",2,2,6,1,8,4,1,2,1,1,,,1,0,5,4,1,41,0,1,2,0,2,1,2,201900018995A01,7,2,1
201900019016,2019-09-12,2019,septembre,jeudi,11:50,77,77069,"48,4768000","2,6370700",1,1,7,1,1,3,2,2,1,1,,,1,0,3,3,1,52,5,1,2/6,14,0,2,14,201900019016A01,,,
201900019021,2019-09-07,2019,septembre,samedi,16:50,32,32160,"43,6122660","1,0786850",2,1,2,1,1,4,2,2,2,1,,,1,0,1,3,1,54,5,1,2,0,2,4,2,201900019021B01,7,2,1
201900019025,2019-09-12,2019,septembre,jeudi,13:50,47,47310,"44,3875240","0,3172580",2,1,3,1,1,3,2,2,1,1,,,1,0,1,4,1,54,5,1,2,0,2,8,0,201900019025A01,15,2,1
201900019060,2019-09-04,2019,septembre,mercredi,08:35,38,38381,"45,5550100","5,4818630",1,4,3,1,1,3,2,2,3,1,,,1,0,1,3,1,44,1,1,2,0,2,1,1,201900019060B01,7,15,1
201900019062,2019-09-11,2019,septembre,mercredi,12:26,38,38474,"45,2078510","5,6625710",2,3,1,1,1,3,2,3,1,1,,,1,9,1,4,1,11,2,2,,0,2,3,25,201900019062A01,7,1,1
201900019082,2019-09-09,2019,septembre,lundi,07:50,45,45298,"47,8933233","1,8762337",2,1,4,1,1,4,2,4,1,1,,,1,5,1,4,1,53,1,2,,0,2,0,19,201900019082C01,7,2,2
201900019106,2019-09-04,2019,septembre,mercredi,09:50,83,83069,"43,0827022","6,1501063",2,6,3,1,1,3,1,2,1,2,,,1,0,1,4,1,80,5,1,2,0,2,1,1,201900019106B01,7,1,1
201900019122,2019-09-10,2019,septembre,mardi,13:55,56,56260,"47,6444300"," -2,7440600",2,6,2,1,1,4,1,1,1,1,,,1,5,1,4,1,41,5,1,2,0,2,5,9,201900019122B01,7,0,1
201900019125,2019-09-07,2019,septembre,samedi,02:40,56,56121,"47,7558800"," -3,3638700",2,3,3,5,1,4,2,5,1,1,,,1,0,1,3,1,56,5,1,2,0,2,8,1,201900019125B01,10,15,1
201900019134,2019-10-13,2019,octobre,dimanche,11:22,69,69093,"46,0448100","4,4572800",1,3,2,1,1,3,2,2,2,2,,,1,0,1,3,1,61,5,1,2,0,2,1,1,201900019134B01,7,16,1
201900019199,2019-10-13,2019,octobre,dimanche,18:05,75,75119,"48,8809430","2,3801500",2,1,1,1,1,4,2,2,1,1,,,1,0,1,4,1,43,0,1,2,0,2,9,15,201900019199B01,7,1,1
201900019207,2019-10-13,2019,octobre,dimanche,20:00,75,75109,"48,8757067","2,3277750",2,3,7,5,1,4,2,3,1,1,,,1,0,6,4,1,23,0,2,,0,0,0,7,201900019207A01,,,
201900019222,2019-10-13,2019,octobre,dimanche,15:49,68,68005,"48,1154020","7,2379910",1,1,7,1,1,3,2,2,2,2,,,1,0,1,3,1,48,5,1,2,5,0,9,1,201900019222A01,,,
201900019245,2019-10-13,2019,octobre,dimanche,18:54,3,03118,"46,1004560","3,2264977",1,1,3,1,1,3,2,2,1,1,,,1,0,1,3,1,48,5,1,2,0,2,8,1,201900019245A01,7,17,1
201900019268,2019-08-18,2019,août,dimanche,06:50,971,97103,"16,2542910"," -61,5515940",1,1,5,1,1,2,3,4,1,1,,,1,0,1,3,1,47,5,1,2,0,0,8,2,201900019268B01,7,2,1
201900019268,2019-08-18,2019,août,dimanche,06:50,971,97103,"16,2542910"," -61,5515940",1,1,5,1,1,2,3,4,1,1,,,1,0,1,4,1,20,5,1,2,0,0,8,2,201900019268A01,7,2,1
201900019281,2019-10-13,2019,octobre,dimanche,07:45,33,33498,"44,5522800"," -0,9211600",1,1,2,3,1,3,2,2,1,1,,,1,0,1,3,1,26,5,2,,0,0,4,2,201900019281B01,7,2,1
201900019321,2019-04-19,2019,avril,vendredi,11:35,6,06157,"43,7344240","7,1225430",1,9,7,1,9,7,2,2,1,1,,,1,0,1,2,1,86,5,1,2/6,1,0,0,1,201900019321A01,,,
201900019334,2019-04-25,2019,avril,jeudi,08:55,13,13111,"43,5605480","5,6225680",1,1,1,1,8,3,2,2,2,3,,,1,0,1,4,1,50,1,1,2,0,2,1,13,201900019334A01,7,16,1
201900019363,2019-04-26,2019,avril,vendredi,11:50,42,42324,"45,5552590","4,2312040",1,1,4,1,1,3,2,2,1,1,,,1,0,1,2,2,22,5,1,2,0,2,4,2,201900019363B01,21/ 7,2/26,2
201900019365,2019-04-22,2019,avril,lundi,16:30,38,38468,"45,3327100","4,8057800",1,1,2,1,1,2,2,2,1,1,,,1,0,3,2,1,62,5,1,2,0,2,4,2,201900019365B01,7,1,1
201900019387,2019-04-22,2019,avril,lundi,11:30,81,81039,"43,7660990","1,9093730",1,2,6,1,1,3,2,2,1,2,,,1,0,1,3,1,65,5,1,2,0,2,0,1,201900019387A01,7,15,1
201900019400,2019-04-19,2019,avril,vendredi,08:10,49,49193,"47,1562840"," -0,8943580",1,1,2,1,1,3,2,2,1,1,,,1,0,1,3,1,37,0,2,,13,2,4,1,201900019400B01,10,1,1
201900019401,2019-03-23,2019,mars,samedi,14:45,44,44210,"47,3066207"," -2,2172470",1,3,3,1,1,9,2,2,2,1,,,1,0,1,3,1,9,5,2,,0,0,8,1,201900019401B01,7,1,1
201900019412,2019-04-26,2019,avril,vendredi,13:45,22,22389,"48,4548142"," -2,7040701",1,1,3,1,2,3,2,2,2,4,,,2,0,1,4,2,65,5,1,2,0,2,3,1,201900019412B01,7,17,1
201900019413,2019-04-18,2019,avril,jeudi,14:45,35,35256,"48,6211570"," -2,1316760",2,3,3,1,1,4,2,2,2,1,,,1,9,5,1,2,14,5,2,,0,2,3,15,201900019413B01,1,1,1
201900019413,2019-04-18,2019,avril,jeudi,14:45,35,35256,"48,6211570"," -2,1316760",2,3,3,1,1,4,2,2,2,1,,,1,9,5,4,2,68,5,2,,0,2,1,1,201900019413A01,1,15,1
201900019428,2019-04-19,2019,avril,vendredi,08:15,2,02798,"48,8967766","3,4184142",1,1,2,1,1,3,2,2,1,1,,,1,0,1,2,1,61,5,2,,0,2,4,1,201900019428B01,10,17,1
201900019433,2019-04-28,2019,avril,dimanche,12:15,62,62861,"50,3730760","2,8327950",1,1,2,1,2,3,2,2,1,1,,,2,0,1,4,1,47,5,1,2/9,0,0,4,1,201900019433B01,7,1,1
201900019503,2019-07-01,2019,juillet,lundi,17:50,81,81004,"43,9292447","2,1992639",2,1,3,1,1,4,2,2,1,1,,,1,9,1,4,1,51,5,1,2,0,2,7,14,201900019503B01,7,9,1
201900019507,2019-06-28,2019,juin,vendredi,19:35,80,80021,"49,8923300","2,3076700",2,2,3,1,1,4,2,2,1,1,,,1,0,1,4,1,19,5,2,,0,2,1,1,201900019507B01,7,15,1
201900019539,2019-06-30,2019,juin,dimanche,17:15,33,33119,"44,8557700"," -0,5347800",2,3,3,1,1,4,3,8,1,1,,,1,0,1,4,1,42,0,2,,0,2,0,5,201900019539B01,7,1,1
201900019573,2019-06-29,2019,juin,samedi,21:20,75,75115,"48,8392570","2,2919850",2,2,3,5,1,4,2,2,1,1,,,1,0,1,4,1,23,1,1,2,0,2,8,19,201900019573A01,30,1,1
201900019582,2019-07-01,2019,juillet,lundi,09:00,75,75114,"48,8226160","2,3128630",2,1,3,1,1,4,1,1,1,1,,,1,8,4,4,2,62,9,1,2,0,2,1,25,201900019582A01,33,1,1
201900019586,2019-07-01,2019,juillet,lundi,19:35,75,75111,"48,8656640","2,3724290",2,2,3,1,1,4,2,2,1,1,,,1,0,1,4,2,22,1,1,2,0,2,7,1,201900019586B01,7,15,1
201900019604,2019-06-30,2019,juin,dimanche,09:45,68,68178,"47,9400800","7,1484900",1,1,7,1,1,3,2,2,2,1,,,1,0,1,4,1,48,5,1,2,0,0,0,2,201900019604A01,,,
201900019605,2019-07-01,2019,juillet,lundi,09:50,17,17015,"45,5572280"," -0,8794230",1,2,1,1,1,3,2,2,1,1,,,9,0,1,3,2,79,5,2,,0,2,1,5,201900019605A01,7,15,1
201900019619,2019-06-29,2019,juin,samedi,09:00,68,68384,"47,6705370","7,3181470",2,1,7,1,1,9, -1,1,2,1,,,1,0,8,3,1,18,5,1,2,0,0,0,1,201900019619A01,,,
201900019632,2019-06-30,2019,juin,dimanche,14:45,85,85307,"46,3405500"," -1,3392700",2,1,2,1,1,3,2,2,1,1,,,1,0,1,4,1,64,5,1,2,0,2,6,1,201900019632B01,7,17,1
201900019635,2019-07-01,2019,juillet,lundi,18:40,28,28280,"48,3021070","0,8145400",1,1,1,1,1,3,2,2,1,1,,,1,0,1,3,1,20,5,2,,0,2,1,5,201900019635B01,7,1,1
201900019641,2019-07-01,2019,juillet,lundi,15:35,17,17323,"46,0385280"," -1,3793840",2,1,1,1,1,4,2,2,1,1,,,1,0,1,3,2,71,5,2,,0,2,3,1,201900019641A01,14,1,1
201900019642,2019-07-02,2019,juillet,mardi,14:05,41,41136,"47,7040060","1,5067630",2,1,6,1,1,9,1,1,2,1,,,1,0,1,1,1,14,9,2,,0,1,1,1,201900019642A01,,,
201900019654,2019-07-01,2019,juillet,lundi,07:00,69,69131,"45,7031300","4,6960700",1,1,3,1,1,3,2,2,2,1,,,1,0,1,3,1,72,5,1,2,0,2,3,13,201900019654B01,10,17,1
201900019659,2019-07-01,2019,juillet,lundi,17:10,22,22277,"48,4013210"," -2,8923080",1,1,2,1,7,3,2,2,2,1,,,1,0,1,4,1,17,1,2,,0,2,4,2,201900019659B01,10,2,1
201900019690,2019-08-01,2019,août,jeudi,09:35,29,29039,"47,8698300"," -3,9061500",2,6,3,1,7,3,1,1,1,2,,,1,5,1,4,2,64,5,1,2,0,2,1,2,201900019690B01,7,9,1
201900019701,2019-08-02,2019,août,vendredi,08:45,17,17449,"45,9442150"," -0,8928960",2,6,3,1,1,4,2,2,2,1,,,1,5,1,4,1,54,5,2,,0,2,7,1,201900019701B01,7,9,1
201900019737,2019-08-03,2019,août,samedi,00:08,75,75119,"48,8721169","2,3770365",2,2,3,5,1,4,3,2,1,1,,,1,0,1,4,1,36,0,1,2,0,2,1,1,201900019737B01,7,15,1