Num_Acc,date,an,mois,jour,hrmn,dep,com,lat,long,agg,int,col,lum,atm,catr,circ,nbv,prof,plan,lartpc,larrout,surf,infra,situ,grav,sexe,age,trajet,secuexist,equipement,obs,obsm,choc,manv,vehiculeid,typevehicules,manoeuvehicules,numVehicules
201900019745,2019-08-01,2019,août,jeudi,19:00,75,75113,"48,8322420","2,3798030",2,2,2,1,1,4,2,5,1,1,,,1,2,1,4,1,15,5,1,2,0,2,1,2,201900019745A01,7,23,1
201900019746,2019-08-02,2019,août,vendredi,18:10,75,75112,"48,8242405","2,4199743",2,2,3,1,1,4,2,2,1,1,,,1,0,5,4,1,69,9,1,2,0,2,7,1,201900019746B01,31,15,1
201900019747,2019-08-01,2019,août,jeudi,18:15,75,75112,"48,8461110","2,3946230",2,1,3,1,1,4,2,2,1,1,,,1,0,1,4,2,27,1,1,2,0,2,1,1,201900019747B01,7,22,1
201900019825,2019-08-03,2019,août,samedi,09:30,36,36191,"47,0741120","1,7857070",1,1,2,1,7,3,2,2,2,1,,,1,0,1,3,1,65,5,1,9,0,2,4,2,201900019825B01,7,2,1
201900019836,2019-07-29,2019,juillet,lundi,10:00,84,84061,"44,2271280","4,8502920",2,3,3,1,1,3,2,2,2,1,,,1,0,1,4,1,74,5,1,2/6,0,0,8,15,201900019836B01,7,13,1
201900019850,2019-08-01,2019,août,jeudi,09:45,83,83097,"43,5273570","5,7356180",1,1,5,1,1,3,2,2,2,3,,,1,0,1,3,1,59,5,1,2,0,2,1,1,201900019850C01,7,1/0,2
201900019854,2019-08-04,2019,août,dimanche,12:40,74,74236,"45,8913900","6,7107130",1,1,3,1,1,3,2,2,2,1,,,1,0,1,3,1,49,5,1,2,0,2,1,1,201900019854B01,7,15,1
201900019856,2019-08-04,2019,août,dimanche,11:40,67,67276,"48,5226150","7,2905780",2,4,1,1,1,4,2,2,2,3,,,1,9,1,3,1,44,5,1,2/6/9,0,2,1,16,201900019856B01,7,1,1
201900019858,2019-05-14,2019,mai,mardi,10:18,69,69382,"45,7390800","4,8175200",2,9,3,1,1,4,1,2,1,1,,,1,0,1,4,2,44,5,2,,0,2,3,5,201900019858B01,7,16,1
201900019873,2019-05-04,2019,mai,samedi,23:35,69,69382,"45,7574200","4,8289100",2,2,3,5,8,4,1,4,1,1,,,1,0,1,4,1,27,4,2,,0,2,1,1,201900019873A01,7,1,1
201900019878,2019-05-02,2019,mai,jeudi,08:20,69,69384,"45,7725300","4,8198700",2,3,3,1,1,4,2,4,1,1,,,1,0,1,4,1,32,0,2,,0,2,1,1,201900019878B01,7,15,1
201900019914,2019-05-16,2019,mai,jeudi,17:20,2A,2A004,"41,9525900","8,7847000",2,1,2,1,1,2,2,2,1,1,,,1,0,1,3,1,33,0,1,2,0,2,1,2,201900019914B01,7,23,1
201900019953,2019-05-23,2019,mai,jeudi,16:45,91,91589,"48,6853300","2,3420500",2,3,3,1,1,4,2,2,1,1,,,1,0,1,4,1,10,2,1,2,0,2,8,1,201900019953B01,7,1,1
201900019959,2019-05-17,2019,mai,vendredi,17:30,91,91645,"48,7434190","2,2563950",2,3,3,1,1,4,2,1,1,1,,,1,0,1,4,1,27,2,1,2,0,2,7,1,201900019959A01,7,2,1
201900019960,2019-05-10,2019,mai,vendredi,10:30,91,91064,"48,7440700","2,1888500",1,9,3,1,1,4, -1,2,1,3,,,1,0,1,4,1,56,1,1,2,0,2,1,26,201900019960A01,7,1,1
201900019962,2019-05-05,2019,mai,dimanche,19:20,91,91477,"48,7129000","2,2412000",2,1,3,1,1,4,2,2,1,1,,,1,0,1,4,1,23,5,1,2,0,2,6,1,201900019962B01,7,9,1
201900019996,2019-05-27,2019,mai,lundi,18:00,91,91103,"48,6057200","2,3176800",2,6,3,1,1,4,1,2,1,3,,,1,0,1,4,2,23,0,2,,0,2,0,0,201900019996B01,7,0,1
201900020007,2019-05-10,2019,mai,vendredi,14:50,91,91021,"48,5900000","2,2550000",2,9,7,1,1,4, -1,0,1,1,,,1,9,1,4,1,73,5,2,,0,0,0,21,201900020007A01,,,
201900020112,2019-11-16,2019,novembre,samedi,16:50,91,91377,"48,7375400","2,2725500",2,6,2,1,1,7,1,2,1,2,,,1,5,1,4,1,52,0,1,2,0,2,4,12,201900020112B01,7,15,1
201900020223,2019-03-15,2019,mars,vendredi,18:52,92,92026,"48,9004200","2,2607900",2,2,3,5,1,3,2,5,1,1,,,1,0,1,4,1,38,1,2,,0,2,1,7,201900020223A01,10,16,1
201900020238,2019-02-27,2019,février,mercredi,06:11,68,68253,"47,7895800","7,5220270",1,3,3,5,1,3,2,2,1,1,,,1,0,1,3,1,65,5,1,2,0,2,1,1,201900020238B01,15,9,1
201900020242,2019-03-15,2019,mars,vendredi,18:45,978,97801,"17,8532900"," -63,3251960",2,1,1,3,1,4,2,2,1,1,,,1,0,1,3,1,13,5,2,,0,2,1,26,201900020242B01,10,1,1
201900020242,2019-03-15,2019,mars,vendredi,18:45,978,97801,"17,8532900"," -63,3251960",2,1,1,3,1,4,2,2,1,1,,,1,0,1,1,1,17,5,2,,0,2,1,26,201900020242B01,10,1,1
201900020294,2019-03-16,2019,mars,samedi,16:10,10,10013,"48,1840070","4,0546300",1,3,2,1,1,3,2,2,1,1,,,1,0,1,3,1,73,5,1,2,0,2,1,1,201900020294B01,7,15,1
201900020305,2019-03-12,2019,mars,mardi,11:00,30,30089,"43,8418290","4,6190720",1,3,3,1,1,3,2,2,1,1,,,1,9,1,3,1,71,5,1,2/6,0,2,8,15,201900020305B01,7,15,1
201900020308,2019-03-15,2019,mars,vendredi,18:30,13,13051,"43,5465150","5,1486760",1,2,1,2,1,3,2,2,1,1,,,1,0,1,4,1,50,0,1,2,0,2,8,21,201900020308B01,7,15,1
201900020309,2019-03-16,2019,mars,samedi,05:30,973,97309,"4,8788038"," -52,2956085",2,1,2,3,1,3,2,2,1,1,,,1,0,3,3,1,58,0,2,,0,2,6,0,201900020309B01,7,2,1
201900020313,2019-03-15,2019,mars,vendredi,06:15,971,97103,"16,2723500"," -61,5808810",2,1,6,2,1,4,2,2,2,2,,,1,0,1,4,1,55,5,1,2,0,2,1,1,201900020313B01,7,15,1
201900020349,2019-03-15,2019,mars,vendredi,19:35,22,22143,"48,5975095"," -2,2866486",2,1,7,5,1,3,2,2,1,1,,,1,0,1,4,1,47,5,2,,0,0,0,0,201900020349A01,,,
201900020453,2019-12-26,2019,décembre,jeudi,15:35,75,75120,"48,8618569","2,3880330",2,1,3,1,1,4,2,2,1,1,,,1,0,5,1,1,28,1,1,2,0,2,7,17,201900020453B01,1,14,1
201900020453,2019-12-26,2019,décembre,jeudi,15:35,75,75120,"48,8618569","2,3880330",2,1,3,1,1,4,2,2,1,1,,,1,0,5,4,2,52,0,1,2,0,2,8,14,201900020453A01,1,17,1
201900020456,2019-12-17,2019,décembre,mardi,09:45,75,75116,"48,8589064","2,2656566",2,1,3,1,1,4,2,2,1,1,,,1,0,1,4,2,30,1,1,2,0,2,1,1,201900020456B01,10,22,1
201900020458,2019-12-26,2019,décembre,jeudi,15:55,75,75115,"48,8496180","2,2914570",2,3,6,1,1,4,1,1,1,1,,,1,0,5,1,1,20,5,1,2,0,1,1,1,201900020458A01,,,
201900020479,2019-12-27,2019,décembre,vendredi,13:50,9,09061,"43,1104470","1,3708870",1,1,3,1,1,3,2,2,1,1,,,1,0,1,3,1,75,5,1,2/9,0,2,8,1,201900020479B01,7,17,1
201900020492,2019-12-10,2019,décembre,mardi,14:05,68,68320,"47,6800290","7,2174520",2,2,3,1,1,3,2,2,1,1,,,1,0,1,4,1,72,5,1,2,0,0,8,19,201900020492B01,33,1,1
201900020508,2019-12-27,2019,décembre,vendredi,13:15,974,97408," -20,9318210","55,3593070",2,4,2,1,1,4,1,1,2,1,,,1,0,1,3,1,15,5,2,,6,2,6,1,201900020508A01,7,1,1
201900020509,2019-12-26,2019,décembre,jeudi,20:30,973,97305,"4,9845960"," -52,4462650",1,1,1,3,1,2,2,2,1,1,,,1,0,1,2,1,45,9,2,,0,2,1,0,201900020509B01,7,1,1
201900020515,2019-12-27,2019,décembre,vendredi,20:10,34,34151,"43,6656780","4,1601170",1,1,2,3,1,3,2,2,1,1,,,1,0,1,3,1,15,5,2,,0,2,4,1,201900020515A01,7,1,1
201900020566,2019-12-25,2019,décembre,mercredi,18:00,31,31410,"43,7111720","1,4481070",1,1,6,2,1,4,2,2,1,1,,,1,0,1,1,1,32,5,1,2/6,0,1,1,2,201900020566A01,,,
201900020583,2019-12-26,2019,décembre,jeudi,17:30,55,55463,"48,8849710","5,5351690",1,1,4,3,2,3,2,3,2,1,,,2,0,1,4,1,18,5,1,2/4,0,2,0,2,201900020583A01,7,17/23/2,3
201900020630,2019-02-02,2019,février,samedi,05:30,32,32300,"43,5504120","0,6103010",1,1,2,3,2,3,2,2,1,1,,,2,0,1,2,1,34,4,1,4,0,2,4,2,201900020630B01,7,1,1
201900020713,2019-01-29,2019,janvier,mardi,08:20,71,71076,"46,7879900","4,8499200",2,1,6,1,1,4,2,2,1,1,,,1,0,1,4,1,40,0,1,2,0,2,1,1,201900020713B01,7,22,1
201900020738,2019-01-29,2019,janvier,mardi,09:00,69,69384,"45,7796200","4,8205300",2,2,3,1,1,4,2,2,2,1,,,1,0,1,3,2,39,0,1,2,0,2,0,0,201900020738B01,7,15,1
201900020764,2019-01-29,2019,janvier,mardi,09:05,76,76351,"49,5021100","0,1034900",2,2,1,1,2,3,2,2,4,1,,,2,0,1,4,1,16,0,1,2,0,2,0,1,201900020764A01,7,1,1
201900020774,2019-10-12,2019,octobre,samedi,19:30,34,34172,"43,6127800","3,8675100",2,2,3,5,1,4,1,2,2,1,,,1,0,1,4,2,27,5,2,,0,2,3,2,201900020774A01,7,16,1
201900020823,2019-08-23,2019,août,vendredi,09:50,91,91649,"48,5467130","2,3486720",1,6,2,1,1,3,2,2,1,3,,,1,0,1,3,1,51,0,1,2,0,2,4,1,201900020823B01,7,9,1
201900020864,2019-10-13,2019,octobre,dimanche,11:00,33,33199,"44,5449370"," -1,0836860",1,1,4,1,1,3,2,2,1,1,,,1,0,1,4,2,15,9,1,2,0,9,0,2,201900020864A01,7,2,1
201900020864,2019-10-13,2019,octobre,dimanche,11:00,33,33199,"44,5449370"," -1,0836860",1,1,4,1,1,3,2,2,1,1,,,1,0,1,4,1,15,5,1,2,0,2,1,1,201900020864B01,7,2,1
201900020864,2019-10-13,2019,octobre,dimanche,11:00,33,33199,"44,5449370"," -1,0836860",1,1,4,1,1,3,2,2,1,1,,,1,0,1,4,1,58,5,1,2,0,2,1,2,201900020864C01,7,2,1
201900020902,2019-10-10,2019,octobre,jeudi,21:00,75,75115,"48,8390700","2,2923560",2,4,3,5,1,4,2,2,1,1,,,1,0,1,4,1,22,4,1,2,0,2,1,15,201900020902A01,34,1,1
201900020906,2019-10-11,2019,octobre,vendredi,08:50,75,75108,"48,8722858","2,3093919",2,1,6,1,1,4,1,1,1,1,,,1,0,1,1,2,34,1,1,2,0,1,1,1,201900020906A01,,,
201900020948,2019-10-11,2019,octobre,vendredi,18:00,74,74043,"46,2667230","6,3757450",2,1,3,1,7,3,3,2,1,1,,,1,0,1,3,1,52,5,1,2,0,2,3,2,201900020948B01,7,2,1
201900020962,2019-10-02,2019,octobre,mercredi,09:45,29,29221,"48,4996257"," -4,7641466",2,4,3,1,1,3,2,2,2,3,,,1,0,1,4,1,52,5,1,2,0,2,1,1,201900020962B01,7,15,1
201900021005,2019-06-06,2019,juin,jeudi,12:10,3,03013,"46,5871671","3,3156939",2,6,3,1,1,3,2,1,1,3,,,1,0,1,3,1,60,1,2,,0,2,3,1,201900021005B01,7,16,1
201900021015,2019-09-10,2019,septembre,mardi,12:25,75,75112,"48,8453800","2,4041110",2,1,6,1,1,4,2,2,1,1,,,1,0,5,4,1,13,5,1,2,0,1,1,1,201900021015A01,,,
201900021017,2019-09-10,2019,septembre,mardi,20:40,75,75107,"48,8482960","2,3157790",2,3,3,5,1,4,2,2,1,1,,,1,0,1,4,1,22,0,1,2,0,2,8,15,201900021017B01,33,17,1
201900021046,2019-09-11,2019,septembre,mercredi,19:05,62,62115,"50,2683310","2,6692120",2,1,7,1,1,3,2,2,2,1,,,1,0,1,4,1,15,5,2,,0,0,0,0,201900021046A01,,,
201900021094,2019-09-05,2019,septembre,jeudi,13:10,45,45284,"47,9193587","1,9837126",1,3,3,1,1,4,2,2,1,1,,,1,0,1,4,1,20,5,2,,0,2,1,15,201900021094B01,10,16,1
201900021144,2019-09-06,2019,septembre,vendredi,17:35,56,56083,"47,8090800"," -3,2625000",2,1,3,1,1,3,3,2,2,1,,,1,0,1,4,1,16,2,1,2,0,2,1,1,201900021144B01,7,16,1
201900021223,2019-04-17,2019,avril,mercredi,18:45,69,69386,"45,7663600","4,8671500",2,2,3,1,1,4,1,1,1,1,,,1,0,1,4,1,9,5,2,,0,2,7,9,201900021223B01,7,1,1
201900021231,2019-04-16,2019,avril,mardi,07:37,87,87113,"45,8766700","1,3042200",2,6,3,2,2,3,1,2,1,2,,,2,0,1,3,1,33,1,2,,0,2,3,1,201900021231B01,7,17,1
201900021241,2019-04-16,2019,avril,mardi,19:00,59,59569,"50,3713400","3,1030400",2,1,6,1,1,4, -1,1,1,1,,,1,0,1,1,2,11,5,2,,0,1,1,1,201900021241A01,,,
201900021245,2019-04-17,2019,avril,mercredi,16:05,56,56260,"47,6552000"," -2,7639000",2,1,2,1,1,4,1,1,2,1,,,1,0,1,4,1,17,5,2,,0,2,1,2,201900021245A01,7,23,1
201900021281,2019-04-17,2019,avril,mercredi,12:30,75,75106,"48,8516760","2,3420380",2,2,3,1,1,4,1,4,1,1,,,1,0,6,4,1,56,1,1,2,0,2,0,7,201900021281B01,10,16,1
201900021282,2019-04-17,2019,avril,mercredi,10:55,75,75105,"48,8436620","2,3550050",2,3,2,1,1,4,2,2,1,1,,,1,0,1,4,2,30,1,1,2,0,0,1,1,201900021282B01,14,23,1
201900021321,2019-04-18,2019,avril,jeudi,19:50,60,60395,"49,2266250","2,1269780",2,3,1,1,1,4, -1,2,1,1,,,1,0,1,4,1,11,5,2,,0,2,1,1,201900021321B01,7,1,1
201900021325,2019-04-18,2019,avril,jeudi,10:25,80,80211,"49,7499200","2,1617630",1,1,2,1,1,3,2,1,1,1,,,1,0,1,4,1,65,5,1,2,0,0,4,1,201900021325B01,7,2,1
201900021345,2019-06-29,2019,juin,samedi,09:15,74,74133,"46,1799200","6,2153300",2,9,2,1,1,4,1,2,1,2,,,1,5,1,4,2,39,1,2,,0,2,0,0,201900021345B01,10,1,1
201900021349,2019-06-30,2019,juin,dimanche,18:00,64,64445,"43,3079000"," -0,3384800",2,6,3,1,7,4,2,2,1,1,,,1,0,1,4,1,76,0,1,2,0,2,7,1,201900021349B01,7,9,1
201900021353,2019-06-30,2019,juin,dimanche,21:10,50,50218,"48,8409760"," -1,5961387",2,1,7,1,1,9, -1,0,1,1,,,1,6,1,1,1,16,5,1,2,0,0,4,25,201900021353A01,,,
201900021353,2019-06-30,2019,juin,dimanche,21:10,50,50218,"48,8409760"," -1,5961387",2,1,7,1,1,9, -1,0,1,1,,,1,6,1,4,2,16,5,1,2,0,0,4,25,201900021353A01,,,
201900021369,2019-06-30,2019,juin,dimanche,20:00,75,75120,"48,8681760","2,3818350",2,1,3,1,1,4,1,3,1,1,,,1,0,1,4,1,48,1,2,,0,2,2,17,201900021369B01,7,22,1
201900021370,2019-06-30,2019,juin,dimanche,09:05,75,75120,"48,8699660","2,3944910",2,2,3,1,1,4,2,1,2,1,,,1,0,1,4,1,27,5,2,,0,2,1,1,201900021370A01,7,1,1
201900021374,2019-06-30,2019,juin,dimanche,11:50,75,75116,"48,8376170","2,2575220",2,7,3,1,1,4,1,3,1,2,,,1,0,1,4,1,32,5,1,2,0,2,8,9,201900021374A01,7,1,1
201900021384,2019-06-30,2019,juin,dimanche,14:40,1,01427,"45,9401290","4,7799860",2,9,3,1,1,3,2,2,1,1,,,1,0,1,4,1,11,5,2,,0,2,1,19,201900021384B01,7,1,1
201900021399,2019-06-30,2019,juin,dimanche,15:45,11,11088,"43,1707360","2,3503610",1,1,7,1,1,3,2,2,2,1,,,1,0,1,2,1,62,5,2,,0,0,1,1,201900021399A01,,,
201900021403,2019-06-30,2019,juin,dimanche,08:45,55,55066,"48,6339440","5,4920510",1,1,6,1,1,3,2,2,1,1,,,1,0,1,4,1,66,5,1,2/6,0,2,8,2,201900021403B01,7,17,1
201900021412,2019-07-01,2019,juillet,lundi,11:10,3,03082,"46,2881777","2,7554356",2,6,3,1,1,3,2,2,1,3,,,1,5,1,4,1,18,5,1,2/6,0,2,3,1,201900021412A01,7,9,1
201900021416,2019-07-01,2019,juillet,lundi,11:35,50,50403,"49,1521360"," -1,5856620",1,1,6,1,1,3,2,2,1,1,,,1,0,1,3,2,69,5,2,,0,2,0,2,201900021416B01,10,2,1
201900021447,2019-06-28,2019,juin,vendredi,22:00,57,57206,"49,3056770","6,1034570",2,1,1,2,1,4,2,2,1,1,,,1,0,1,3,1,10,5,2,,0,2,7,19,201900021447B01,7,1,1
201900021448,2019-07-01,2019,juillet,lundi,17:50,3,03102,"46,5201538","3,6835027",2,2,6,1,1,3,2,2,2,1,,,1,0,1,4,1,17,5,2,,0,2,8,1,201900021448B01,7,15/23,2
201900021498,2019-06-04,2019,juin,mardi,12:00,56,56121,"47,7537600"," -3,3622100",2,2,3,1,2,4,2,4,1,1,,,2,5,5,4,1,23,5,2,,0,2,3,8,201900021498B01,7,15,1
201900021508,2019-07-31,2019,juillet,mercredi,06:00,33,33394,"44,9104200"," -0,1941700",1,1,3,2,1,3,2,2,1,1,,,1,0,1,3,1,22,1,1,4,0,2,3,15,201900021508B01,7,17,1
201900021528,2019-08-02,2019,août,vendredi,15:00,29,29037,"47,8735800"," -4,1551040",1,1,2,1,1,4,2,2,1,1,,,1,0,3,4,1,53,5,2,,0,2,8,2,201900021528B01,7,17,1
201900021534,2019-08-01,2019,août,jeudi,18:10,2,02095,"49,9881280","3,4524190",2,2,3,1,1,3,2,2,2,1,,,1,0,1,1,1,42,5,1,2,0,9,1,1,201900021534B01,1,19,1
201900021534,2019-08-01,2019,août,jeudi,18:10,2,02095,"49,9881280","3,4524190",2,2,3,1,1,3,2,2,2,1,,,1,0,1,2,1,32,3,2,,0,2,8,19,201900021534A01,1,1,1
201900021538,2019-08-02,2019,août,vendredi,19:40,72,72039,"48,1777640","0,4245200",2,1,3,1,1,9,2,2,1,1,,,1,0,1,4,1,60,5,2,,0,2,8,15,201900021538A01,10,17,1
201900021542,2019-08-02,2019,août,vendredi,18:30,14,14752,"49,0830390"," -0,6540390",2,4,3,1,1,3,2,2,2,1,,,1,0,1,3,1,38,3,2,,0,2,8,19,201900021542A01,7,1,1
201900021557,2019-07-14,2019,juillet,dimanche,11:50,21,21060,"47,3577120","5,2367790",1,1,2,1,1,3,2,2,1,1,,,1,0,1,4,1,51,5,1,2,0,2,0,1,201900021557B01,7,2,1
201900021571,2019-08-02,2019,août,vendredi,20:00,37,37206,"47,4838875","0,6624535",2,3,3,1,1,3,2,2,2,1,,,1,0,1,3,1,37,5,1,2,0,2,1,1,201900021571B01,7,15,1
201900021601,2019-07-28,2019,juillet,dimanche,19:00,66,66171,"42,6183050","3,0177730",2,1,3,1,1,4,3,2,1,1,,,1,0,5,4,1,23,1,2,,0,2,1,26,201900021601B01,7,1,1
201900021608,2019-08-01,2019,août,jeudi,11:10,13,13007,"43,3529670","5,6594050",1,1,1,1,1,3,2,2,2,2,,,1,0,1,3,1,72,5,1,2,0,2,1,13,201900021608A01,7,1,1
201900021612,2019-08-01,2019,août,jeudi,18:15,67,67451,"48,9936160","8,0349100",2,4,3,1,1,4,2,2,1,2,,,1,0,1,3,2,80,5,1,2,0,9,2,26,201900021612B01,7,1,1
201900021615,2019-08-04,2019,août,dimanche,12:00,74,74003,"45,8932810","6,2256130",2,4,7,1,1,4,2, -1,1,1,,,1,0,1,2,2,63,5,1,2,0,0,0,1,201900021615A01,,,
201900021621,2019-08-03,2019,août,samedi,11:38,69,69141,"45,6255900","4,6616270",1,1,7,1,1,3,2,2,2,1,,,1,0,1,3,1,74,5,1,2,0,0,0,1,201900021621A01,,,
201900021622,2019-08-03,2019,août,samedi,09:05,69,69141,"45,6249440","4,6676080",2,6,2,1,1,3, -1,1,1,1,,,1,0,1,3,1,79,0,2,,0,2,4,0,201900021622B01,3,9,1
201900021633,2019-08-04,2019,août,dimanche,15:10,85,85222,"46,7016340"," -1,9337510",2,1,3,1,1,4,2,2,1,1,,,1,0,5,3,2,67,5,2,,0,2,5,26,201900021633A01,7,19,1
201900021638,2019-08-04,2019,août,dimanche,17:50,27,27465,"48,9924480","1,3430820",1,1,2,1,1,3,2,2,1,1,,,1,0,1,2,1,62,5,1,2,0,0,4,2,201900021638B01,7,2,1
201900021640,2019-08-01,2019,août,jeudi,08:30,60,60139,"49,1534380","2,2532600",2,1,3,1,1,4,2,2,1,1,,,1,0,1,3,1,16,1,2,,0,2,8,0,201900021640B01,7,1,1
201900021672,2019-06-24,2019,juin,lundi,10:20,76,76575,"49,4051100","1,0676300",2,1,1,1,1,3,2,2,1,1,,,1,0,1,4,1,24,0,2,,0,2,3,0,201900021672A01,21,0,1
201900021713,2019-05-02,2019,mai,jeudi,17:45,87,87085,"45,8240800","1,2453900",2,1,7,1,2,4,2,2,1,1,,,2,0,1,4,1,52,5,2,,0,0,0,1,201900021713A01,,,
201900021782,2019-05-23,2019,mai,jeudi,14:00,81,81004,"43,9191078","2,1505829",2,1,3,1,1,4, -1,2,1,1,,,1,0,1,4,2,22,0,1,2,0,2,4,13,201900021782B01,7,2,1
201900021786,2019-05-27,2019,mai,lundi,23:10,80,80021,"49,9025000","2,2999300",2,1,6,5,1,4,2,2,2,1,,,1,0,1,4,1,39,0,1,2,12,0,0,1,201900021786A01,,,
201900021793,2019-05-21,2019,mai,mardi,00:35,80,80021,"49,8743970","2,3065280",2,1,3,5,1,4,2,2,2,1,,,1,0,1,4,1,32,0,1,2,0,2,7,1,201900021793B01,7,1,1
201900021796,2019-05-15,2019,mai,mercredi,13:45,80,80021,"49,8709300","2,3143200",2,1,3,1,1,4,2,2,1,1,,,1,0,1,3,1,32,1,2,,0,2,8,1,201900021796B01,7,1,1
201900021804,2019-05-02,2019,mai,jeudi,13:20,80,80021,"49,8915300","2,3022200",2,1,3,1,3,4,1,1,1,1,,,2,0,1,4,1,14,0,1,2,0,2,1,1,201900021804B01,7,1,1
201900021887,2019-03-12,2019,mars,mardi,20:15,75,75114,"48,8338280","2,3146920",2,1,6,5,2,4,2,2,1,1,,,2,0,1,1,1,32,0,2,,0,1,1,1,201900021887A01,,,
201900021890,2019-03-13,2019,mars,mercredi,16:30,75,75112,"48,8337890","2,4451680",2,1,6,1,1,4, -1,0,1,3,,,1,0,1,4,1,62,5,1,2,14,0,1,1,201900021890A01,,,
201900021898,2019-03-12,2019,mars,mardi,15:50,75,75103,"48,8660780","2,3611240",2,4,6,1,1,4,1,3,1,1,,,1,0,1,4,2,62,5,2,,0,2,1,17,201900021898B01,10/ 7,1/7,2
201900021904,2019-03-13,2019,mars,mercredi,19:30,94,94038,"48,7600000","2,3320000",2,9,7,5,1,4,1,0,1,1,,,1,0,1,4,1,14,0,2,,1,0,0,23,201900021904A01,,,
201900022016,2019-03-11,2019,mars,lundi,18:00,62,62193,"50,9546400","1,8931300",2,1,3,1,7,7,1,2,1,1,,,1,9,2,3,1,28,1,2,,0,2,1,19,201900022016B01,7,19,1
201900022056,2019-11-12,2019,novembre,mardi,19:20,82,82121,"44,0244000","1,3641000",2,1,3,5,1,4,2,4,2,1,,,1,0,1,4,1,21,1,2,,0,2,1,1,201900022056B01,7,15,1
201900022080,2019-11-14,2019,novembre,jeudi,13:50,64,64445,"43,3100000"," -0,3773000",2,1,1,1,1,4,3,2,1,1,,,1,0,1,4,1,24,0,2,,0,2,1,13,201900022080A01,7,1,1
201900022097,2019-11-14,2019,novembre,jeudi,21:00,44,44162,"47,2285700"," -1,6056700",2,1,1,5,1,4, -1,0,1,1,,,1,0,1,3,2,25,0,1,2/4,0,1,1,26,201900022097B01,7,26,1
201900022139,2019-11-10,2019,novembre,dimanche,12:40,75,75120,"48,8715375","2,3775932",2,1,3,1,1,4,3,2,1,1,,,1,0,5,4,1,34,0,1,2,0,2,1,1,201900022139B01,7,22,1
201900022146,2019-11-15,2019,novembre,vendredi,06:00,75,75116,"48,8645060","2,2665030",2,4,3,5,2,4,2,2,1,1,,,2,0,1,1,1,52,0,1,2,0,2,4,13,201900022146A01,7,17,1
201900022150,2019-11-15,2019,novembre,vendredi,19:50,75,75114,"48,8309000","2,3367000",2,4,6,5,2,4,1,1,2,1,,,2,0,5,4,1,35,1,1,2,0,1,1,1,201900022150A01,,,
201900022223,2019-12-24,2019,décembre,mardi,13:25,13,13087,"43,4701640","5,6148410",2,3,3,1,1,3, -1,2,1,1,,,1,0,1,4,1,59,1,2,,0,2,1,21,201900022223B01,38,9,1
201900022234,2019-12-25,2019,décembre,mercredi,17:00,33,33449,"44,8567510"," -0,7416200",1,1,2,1,7,4,2,2,1,1,,,1,0,1,3,1,52,5,2,,0,0,6,2,201900022234B01,7,2,1
201900022238,2019-12-26,2019,décembre,jeudi,11:30,59,59411,"50,4805460","3,0981660",2,1,5,1,1,3,2,2,1,1,,,1,0,1,3,1,52,5,1,2,0,2,1,1,201900022238B01,7,22,1
201900022238,2019-12-26,2019,décembre,jeudi,11:30,59,59411,"50,4805460","3,0981660",2,1,5,1,1,3,2,2,1,1,,,1,0,1,4,1,27,5,1,2,1,2,1,1,201900022238C01,7,22,1
201900022301,2019-01-29,2019,janvier,mardi,18:05,45,45234,"47,8981040","1,9133900",2,1,3,5,2,4,2,2,1,1,,,2,0,1,4,1,47,0,2,,0,2,8,19,201900022301B01,7,1,1
201900022351,2019-01-30,2019,janvier,mercredi,17:55,17,17415,"45,7487900"," -0,6588400",2,6,6,2,2,4,1,1,1,1,,,2,5,1,4,1,54,5,2,,0,2,5,1,201900022351B01,7,11,1
201900022357,2019-01-29,2019,janvier,mardi,15:15,14,14383,"49,1606600"," -0,3950900",2,6,3,1,1,4, -1,2,1,1,,,1,0,1,3,2,65,0,1,2,0,2,1,2,201900022357B01,7,16,1
201900022372,2019-12-24,2019,décembre,mardi,17:00,75,75119,"48,8753900","2,3900570",2,1,6,5,1,4,2,2,1,1,,,1,0,1,1,1,30,0,1,2,0,1,8,17,201900022372A01,,,
201900022385,2019-01-28,2019,janvier,lundi,12:50,11,11262,"43,1849600","3,0005800",2,3,3,1,1,4,1,3,1,1,,,1,2,1,4,1,37,1,2,,0,2,7,19,201900022385B01,7,1,1
201900022426,2019-01-30,2019,janvier,mercredi,13:30,75,75113,"48,8204484","2,3643941",2,1,2,1,1,4,2,2,1,1,,,2,0,1,4,2,57,1,2,,0,2,0,21,201900022426B01,7,22,1
201900022467,2019-12-25,2019,décembre,mercredi,16:15,5,05168,"44,4731040","5,9931540",1,1,7,1,9,3,2,2,2,3,,,7,0,1,3,1,68,5,2,,0,0,0,1,201900022467A01,,,
201900022483,2019-12-24,2019,décembre,mardi,19:47,5,05122,"44,7571500","6,5739000",1,1,2,3,1,2,2,2,1,1,,,2,0,1,4,1,31,9,2,,0,2,4,2,201900022483B01,7,2,1
201900022546,2019-01-30,2019,janvier,mercredi,18:45,9,09332,"43,0740220","1,6453280",2,6,3,5,2,3, -1,2,1,2,,,2,9,1,3,1,23,1,2,,0,2,6,1,201900022546B01,7,1,1