Num_Acc,date,an,mois,jour,hrmn,dep,com,lat,long,agg,int,col,lum,atm,catr,circ,nbv,prof,plan,lartpc,larrout,surf,infra,situ,grav,sexe,age,trajet,secuexist,equipement,obs,obsm,choc,manv,vehiculeid,typevehicules,manoeuvehicules,numVehicules
201900022581,2019-07-09,2019,juillet,mardi,08:30,987,98734," -17,7233790"," -149,5057300",1,1,2,1,1,6,1,1,1,1,,,1,0,8,3,1,31,0,2,,1,0,1,26,201900022581A01,10,26,1
201900022582,2019-07-05,2019,juillet,vendredi,14:00,987,98734," -17,7233790"," -149,5057300",1,1,2,1,2,2,2,2,1,1,,,2,0,1,3,1,35,1,2,,0,2,4,14,201900022582B01,7,1,1
201900022597,2019-10-11,2019,octobre,vendredi,16:45,38,38382,"45,2367800","5,6598300",1,9,3,1,1,3,3,2,2,3,,,1,9,5,3,1,52,5,1,2,0,2,8,21,201900022597A01,80,13,1
201900022654,2019-10-10,2019,octobre,jeudi,07:35,74,74305,"46,2025000","6,2559000",2,9,3,2,1,3,2,3,2,2,,,2,9,2,4,1,56,1,1,2/6,0,2,1,1,201900022654B01,7,11,1
201900022674,2019-10-03,2019,octobre,jeudi,12:01,45,45208,"47,9992430","2,7289650",2,1,3,1,1,4,1,2,1,2,,,1,0,1,3,1,50,9,2,,3,2,8,1,201900022674B01,7,0,1
201900022707,2019-10-10,2019,octobre,jeudi,19:35,75,75118,"48,8929894","2,3410362",2,1,3,5,1,4,2,2,1,1,,,1,0,1,4,1,27,0,1,2,0,2,3,1,201900022707B01,7,22,1
201900022713,2019-10-08,2019,octobre,mardi,16:00,75,75116,"48,8480887","2,2580140",2,7,3,1,2,4,2,2,1,1,,,2,0,1,4,1,86,0,1,2,0,2,7,1,201900022713A01,7,1,1
201900022721,2019-10-10,2019,octobre,jeudi,18:20,75,75107,"48,8567220","2,3270456",2,4,3,1,1,4,2,2,1,1,,,1,0,5,4,1,24,0,1,2,0,2,3,1,201900022721B01,30,1,1
201900022751,2019-09-09,2019,septembre,lundi,09:05,45,45234,"47,9008770","1,9204680",2,6,3,1,1,4,2,6,1,1,,,1,5,1,4,1,40,1,2,,0,2,1,19,201900022751A01,7,16,1
201900022787,2019-09-09,2019,septembre,lundi,20:30,75,75120,"48,8515836","2,3998432",2,4,6,5,1,4,2,2,1,1,,,1,0,1,4,2,35,5,1,2,0,2,2,17,201900022787A01,7,22,1
201900022790,2019-09-09,2019,septembre,lundi,12:30,75,75117,"48,8902690","2,3207590",2,2,3,1,1,4,2,3,2,1,,,1,0,1,4,1,21,4,1,2,0,2,1,1,201900022790A01,7,1,1
201900022792,2019-09-09,2019,septembre,lundi,20:00,75,75116,"48,8749200","2,2711040",2,2,3,5,1,4,2,2,1,1,,,1,5,1,1,1,14,5,1,2,0,2,7,1,201900022792A01,34,1,1
201900022792,2019-09-09,2019,septembre,lundi,20:00,75,75116,"48,8749200","2,2711040",2,2,3,5,1,4,2,2,1,1,,,1,5,1,1,1,13,5,1,2,0,2,7,1,201900022792A01,34,1,1
201900022918,2019-09-08,2019,septembre,dimanche,20:15,75,75120,"48,8667610","2,3914870",2,1,3,2,1,4,1,1,2,1,,,1,8,1,1,1,39,0,1,2,0,2,7,1,201900022918B01,30,17,1
201900022937,2019-04-18,2019,avril,jeudi,10:40,29,29146,"47,8893040"," -3,7975240",1,2,3,1,1,3,2,2,1,1,,,1,0,1,4,1,66,5,1,2,0,2,8,1,201900022937B01,7,19,1
201900022938,2019-02-26,2019,février,mardi,18:05,29,29076,"48,4284810"," -4,5991420",2,6,3,1,1,3,2,2,1,3,,,1,5,1,4,1,36,1,1,2/6,0,2,6,18,201900022938B01,7,2,1
201900022942,2019-04-17,2019,avril,mercredi,17:25,18,18242,"46,8275950","2,9175860",2,1,6,1,1,3,2,2,1,1,,,1,0,1,3,2,64,0,2,,1,0,0,1,201900022942A01,,,
201900022945,2019-04-17,2019,avril,mercredi,12:50,24,24291,"45,0494140","1,1515090",1,3,3,1,1,3,2,2,1,1,,,1,0,1,3,1,22,1,2,,0,2,8,15,201900022945B01,7,17,1
201900022951,2019-04-18,2019,avril,jeudi,08:10,78,78356,"48,7383260","2,0368530",2,1,7,1,1,4,2,2,1,1,,,1,0,1,3,1,57,0,1,2,0,0,0,0,201900022951A01,,,
201900022967,2019-04-16,2019,avril,mardi,17:20,26,26071,"45,0522610","4,9275460",1,6,3,1,1,3,2,2,1,2,,,1,0,1,4,1,47,5,2,,0,2,7,0,201900022967A01,7,9,1
201900022970,2019-04-11,2019,avril,jeudi,11:50,33,33238,"44,7306400"," -0,5977700",2,3,3,1,1,4,2,2,1,2,,,1,0,1,4,2,15,5,2,,0,2,4,1,201900022970A01,7,9,1
201900023040,2019-04-15,2019,avril,lundi,15:00,42,42316,"45,4076600","4,2542700",2,6,3,1,1,3,2,2,1,1,,,1,0,1,1,2,47,5,1,2,0,2,0,15,201900023040B01,7,1,1
201900023063,2019-04-15,2019,avril,lundi,08:10,5,05061,"44,5622000","6,0958000",2,1,1,1,1,4,2,2,2,1,,,1,0,1,3,1,71,0,1,2,0,2,7,13,201900023063A01,7,1,1
201900023068,2019-04-16,2019,avril,mardi,15:40,75,75105,"48,8453060","2,3415520",2,1,6,1,1,4,2,3,2,1,,,1,0,6,4,1,38,1,1,2,0,2,1,17,201900023068B01,10,1,1
201900023072,2019-04-16,2019,avril,mardi,09:35,75,75117,"48,8856690","2,2914590",2,2,3,1,1,4,3,5,1,1,,,1,0,1,4,2,32,1,1,2,0,2,2,1,201900023072B01,7,15,1
201900023109,2019-04-17,2019,avril,mercredi,12:05,65,65025,"43,0033140"," -0,0990060",2,3,5,1,1,3,2,2,2,1,,,1,0,1,2,1,63,5,1,2,0,2,1,17,201900023109B01,7/ 31,1,2
201900023228,2019-06-24,2019,juin,lundi,13:50,67,67482,"48,5877860","7,7648160",2,3,5,1,1,4,3,4,1,1,,,1,0,1,2,1,61,4,2,,0,2,4,0,201900023228C01,7,15/1,2
201900023233,2019-06-28,2019,juin,vendredi,09:30,64,64445,"43,3024000"," -0,3793800",2,9,3,1,1,4,2,3,1,2,,,1,0,1,4,2,18,5,2,,0,2,3,15,201900023233B01,7,2,1
201900023234,2019-06-27,2019,juin,jeudi,09:35,64,64445,"43,2934000"," -0,3826500",2,1,2,1,7,4,2,2,1,1,,,1,0,1,4,2,47,0,1,2,0,2,4,1,201900023234B01,7,1,1
201900023245,2019-06-27,2019,juin,jeudi,09:35,56,56121,"47,7659000"," -3,4006300",2,6,3,1,1,4,2,2,1,1,,,1,5,1,4,1,62,0,1,2,0,2,1,1,201900023245B01,7,19,1
201900023246,2019-06-27,2019,juin,jeudi,08:40,56,56098,"47,7569300"," -3,3448500",2,1,4,1,1,4,1,1,1,1,,,1,0,1,4,1,24,1,1,2,0,2,1,2,201900023246C01,7,20,1
201900023246,2019-06-27,2019,juin,jeudi,08:40,56,56098,"47,7569300"," -3,3448500",2,1,4,1,1,4,1,1,1,1,,,1,0,1,4,1,56,1,1,2,0,2,1,2,201900023246A01,7,20,1
201900023247,2019-06-26,2019,juin,mercredi,15:40,56,56162,"47,7350400"," -3,4282000",2,1,3,1,1,6, -1, -1,1,1,,,1,0,1,4,1,18,5,2,,0,2,1,1,201900023247A01,7,1,1
201900023255,2019-06-29,2019,juin,samedi,16:10,45,45234,"47,8898023","1,9056968",2,3,3,1,1,4,2,2,1,1,,,1,4,1,4,1,16,5,2,,0,2,1,1,201900023255A01,7,1,1
201900023263,2019-05-06,2019,mai,lundi,07:50,44,44162,"47,2270400"," -1,6514300",2,6,3,1,1,7,2,2,1,1,,,1,5,1,4,2,53,1,2,,0,2,7,1,201900023263B01,7,9,1
201900023266,2019-06-22,2019,juin,samedi,18:45,41,41295,"47,5829600","1,3794400",2,3,3,1,1,4,2,2,1,1,,,1,0,1,4,1,20,5,2,,0,2,1,9,201900023266A01,7,1,1
201900023268,2019-06-29,2019,juin,samedi,12:50,38,38421,"45,1855700","5,7690500",2,1,6,1,1,4,2,2,1,1,,,1,0,1,3,1,63,0,2,,0,2,8,1,201900023268B01,7,0,1
201900023282,2019-07-30,2019,juillet,mardi,21:20,80,80021,"49,8938200","2,3089000",2,1,3,1,1,4,1,1,1,1,,,1,0,1,4,2,16,0,1,2,0,2,0,1,201900023282B01,2,1,1
201900023298,2019-07-18,2019,juillet,jeudi,14:53,44,44135,"47,2779000"," -2,4383500",1,6,3,1,1,4,2,2,1,1,,,1,9,1,3,1,23,0,2,,0,2,0,1,201900023298B01,7,1,1
201900023317,2019-07-31,2019,juillet,mercredi,15:23,75,75106,"48,8514710","2,3370410",2,2,3,1,1,4,2,2,1,1,,,1,0,1,3,2,47,1,1,2,0,2,1,1,201900023317B01,7,1,1
201900023371,2019-07-30,2019,juillet,mardi,17:10,67,67309,"48,6471370","7,7249100",1,1,2,1,1,7,3,4,1,1,,,1,3,1,3,1,77,5,2,,0,0,4,3,201900023371B01,7,3,1
201900023374,2019-07-31,2019,juillet,mercredi,14:40,972,97228,"14,7558550"," -60,9959620",1,1,2,1,1,3,2,2,2,1,,,1,0,1,2,1,17,5,2,,0,2,4,13,201900023374B01,7,13,1
201900023378,2019-07-31,2019,juillet,mercredi,19:02,74,74128,"46,1599970","6,3183930",1,3,1,1,1,4,2,2,1,1,,,1,0,1,3,1,8,5,1,2,0,2,2,19,201900023378B01,37,1,1
201900023500,2019-05-03,2019,mai,vendredi,11:10,76,76351,"49,4896900","0,0977300",2,3,7,1,1,4,2,2,1,1,,,1,0,1,4,1,63,5,1,2,0,0,0,0,201900023500A01,,,
201900023525,2019-05-10,2019,mai,vendredi,15:20,74,74010,"45,9037000","6,1245000",2,1,6,1,1,4,2,2,1,3,,,1,6,1,1,1,16,0,2,,0,1,1,26,201900023525A01,,,
201900023529,2019-05-28,2019,mai,mardi,13:00,72,72181,"48,0039200","0,1993300",2,1,6,1,3,4,2,3,1,1,,,2,0,1,4,1,22,4,2,,0,1,1,1,201900023529A01,7,23,1
201900023613,2019-03-12,2019,mars,mardi,17:30,75,75116,"48,8697260","2,2850510",2,7,3,1,8,4,2,2,2,1,,,1,0,1,4,1,12,5,2,,0,2,8,19,201900023613B01,32,1,1
201900023661,2019-03-13,2019,mars,mercredi,13:07,6,06059,"43,7297970","7,3597640",1,1,3,1,1,3,2,4,1,3,,,1,0,1,4,1,51,5,1,2,0,2,0,1,201900023661B01,7,1,1
201900023683,2019-03-12,2019,mars,mardi,06:00,59,59357,"50,2858950","3,8746640",1,1,2,3,6,2,2,2,4,3,,,1,0,1,3,1,21,0,2,,0,2,4,2,201900023683A01,10,2,1
201900023723,2019-03-11,2019,mars,lundi,07:50,64,64445,"43,3044735"," -0,3675141",2,6,1,2,2,4,2,2,1,1,,,2,9,1,4,1,21,9,2,,0,2,1,15,201900023723B01,7,1,1
201900023730,2019-03-09,2019,mars,samedi,14:55,56,56162,"47,7301200"," -3,4960000",2,1,2,1,1,3,2,2,1,1,,,1,0,1,4,1,43,5,2,,0,2,4,1,201900023730B01,7,2,1
201900023739,2019-03-11,2019,mars,lundi,14:30,45,45208,"47,9919400","2,7322800",2,3,6,1,6,4, -1,1,1,1,,,1,0,4,4,1,22, -1,2,,12,0,1,21,201900023739A01,,,
201900023790,2019-11-15,2019,novembre,vendredi,16:15,971,97114,"16,1525210"," -61,5847030",1,1,5,1,1,2,1,2,1,1,,,1,0,2,4,1,56,5,1,2/6,0,2,6,2,201900023790C01,7,14,1
201900023790,2019-11-15,2019,novembre,vendredi,16:15,971,97114,"16,1525210"," -61,5847030",1,1,5,1,1,2,1,2,1,1,,,1,0,2,2,1,50,5,1,2/6,0,2,6,26,201900023790B01,7,14,1
201900023897,2019-11-14,2019,novembre,jeudi,09:55,75,75118,"48,8838370","2,3494780",2,2,3,1,1,4,3,2,1,1,,,1,0,1,4,2,24,0,1,2,0,2,1,1,201900023897B01,7,15,1
201900023898,2019-11-13,2019,novembre,mercredi,19:55,75,75116,"48,8749121","2,2711113",2,2,5,3,1,4,2,4,1,1,,,1,0,1,4,2,30,5,1,2,0,2,3,15,201900023898A01,7/ 34,1,2
201900023905,2019-11-13,2019,novembre,mercredi,11:35,75,75110,"48,8824474","2,3640507",2,1,3,1,2,4,2,2,1,1,,,2,0,1,4,2,30,1,1,2,0,2,1,1,201900023905B01,10,22,1
201900023942,2019-11-15,2019,novembre,vendredi,14:30,63,63021,"45,6558000","3,1949210",1,4,1,1,1,3,2,2,1,1,,,1,0,1,3,1,75,5,1,2,0,2,1,1,201900023942B01,7,15,1
201900023949,2019-11-01,2019,novembre,vendredi,13:45,38,38224,"44,8735620","5,7160060",2,1,3,2,8,3,2,2,2,3,,,2,0,1,3,1,57,5,1,2,0,2,1,0,201900023949B01,10,15,1
201900023951,2019-01-29,2019,janvier,mardi,15:50,68,68154,"47,7637760","7,3475790",2,6,3,1,1,9,2,2,1,1,,,1,5,1,4,2,79,5,2,,0,2,7,0,201900023951B01,7,0,1
201900023952,2019-01-26,2019,janvier,samedi,12:00,67,67055,"48,3282240","7,6910690",2,3,4,1,2,3,2,2,1,1,,,2,0,1,4,1,64,5,2,,0,2,3,1,201900023952C01,2/ 7,1/15,2
201900023961,2019-01-24,2019,janvier,jeudi,15:00,72,72154,"47,6884280"," -0,0193370",1,1,3,1,1,3,2,2,1,3,,,1,0,1,3,1,66,5,2,,0,2,8,19,201900023961B01,7,0,1
201900023999,2019-01-28,2019,janvier,lundi,11:00,69,69383,"45,7592100","4,8523300",2,2,3,1,2,4,1,1,1,1,,,2,0,1,4,1,39,0,2,,0,2,1,19,201900023999B01,10,16,1
201900024040,2019-01-28,2019,janvier,lundi,16:50,34,34172,"43,6052900","3,8753100",2,1,2,1,1,4,2,3,1,1,,,1,0,1,1,1,35,0,2,,0,2,8,19,201900024040A01,33,1,1
201900024060,2019-01-28,2019,janvier,lundi,17:00,75,75115,"48,8438930","2,2864470",2,1,3,1,1,4,1,1,1,1,,,1,0,5,4,2,49,1,2,,0,2,5,5,201900024060B01,7,9,1
201900024098,2019-01-29,2019,janvier,mardi,10:50,17,17396,"46,2216690"," -0,8775680",1,1,2,1,2,3,2,2,2,1,,,2,0,1,3,2,69,5,2,,0,2,4,2,201900024098A01,7,2,1
201900024110,2019-01-28,2019,janvier,lundi,19:15,49,49021,"47,4337140"," -0,2258870",1,1,2,3,1,3,2,2,1,1,,,1,0,1,3,2,62,5,1,4,0,2,4,2,201900024110B01,3,2,1
201900024131,2019-10-10,2019,octobre,jeudi,17:30,63,63074,"45,4648250","3,2089700",2,3,3,1,1,3,2,2,2,3,,,1,0,1,4,1,11,5,1,2,0,2,1,1,201900024131B01,7,1,1
201900024147,2019-10-11,2019,octobre,vendredi,17:00,64,64417,"43,1795250"," -0,2588340",2,6,3,1,1,9, -1,1,1,1,,,1,0,1,4,1,28,5,2,,0,2,1,2,201900024147B01,10,2,1
201900024174,2019-10-11,2019,octobre,vendredi,16:45,69,69255,"45,7357000","4,6611400",2,1,1,1,1,3,2,2,1,1,,,1,0,1,4,1,9,2,1,2,0,2,2,15,201900024174B01,7,1,1
201900024205,2019-10-08,2019,octobre,mardi,20:21,45,45302,"47,9432525","1,9073716",2,9,3,5,8,4, -1,0,1,1,,,1,2,1,3,1,48,9,1,2,0,2,1,1,201900024205A01,7,9,1
201900024206,2019-07-06,2019,juillet,samedi,11:20,41,41018,"47,5802500","1,3004300",2,1,3,1,1,4,2,2,1,1,,,1,0,1,4,1,12,5,2,,0,2,1,25,201900024206B01,7,9,1
201900024249,2019-10-08,2019,octobre,mardi,09:25,64,64102,"43,4809100"," -1,4635100",2,1,3,1,1,4,2,3,1,1,,,1,0,1,4,1,41,5,1,2/6,0,2,8,1,201900024249B01,7,14,1
201900024296,2019-10-09,2019,octobre,mercredi,10:50,75,75115,"48,8409000","2,3132700",2,1,7,1,2,4,2,2,1,1,,,2,0,5,4,2,62,5,1,2,0,0,1,21,201900024296A01,,,
201900024300,2019-10-09,2019,octobre,mercredi,09:30,75,75114,"48,8257434","2,3145081",2,3,3,1,2,4,3,2,1,1,,,2,0,5,4,1,32,4,1,2,0,2,1,1,201900024300B01,10,16,1
201900024301,2019-10-09,2019,octobre,mercredi,20:30,75,75113,"48,8383304","2,3728006",2,3,3,5,1,4,2,4,1,1,,,1,0,5,4,2,30,5,1,2,0,2,1,1,201900024301B01,7,16,1
201900024306,2019-10-08,2019,octobre,mardi,21:55,75,75111,"48,8551290","2,3871040",2,2,3,5,2,4,2,2,1,1,,,2,0,1,4,1,27,0,1,2,0,2,7,1,201900024306B01,7,1,1
201900024379,2019-12-16,2019,décembre,lundi,09:50,45,45234,"47,8456900","1,9405800",2,2,3,1,2,4,2,2,1,1,,,2,0,5,4,2,21,2,2,,0,2,1,1,201900024379B01,10,19,1
201900024403,2019-12-18,2019,décembre,mercredi,17:45,13,13001,"43,5128180","5,4373390",2,6,3,5,1,4,1,1,2,2,,,1,0,1,4,1,16,0,2,,12,0,8,2,201900024403B01,7,2,1
201900024411,2019-12-23,2019,décembre,lundi,17:45,75,75105,"48,8403300","2,3620230",2,4,6,5,1,4,2,6,4,1,,,1,0,6,1,1,15,5,1,2,0,1,1,7,201900024411A01,,,
201900024413,2019-12-23,2019,décembre,lundi,15:50,75,75112,"48,8465920","2,4138948",2,7,3,1,1,4,1,4,1,2,,,1,0,5,4,1,29,0,1,2,0,2,8,19,201900024413B01,7,16,1
201900024453,2019-12-23,2019,décembre,lundi,17:35,62,62407,"50,5880440","2,4475750",1,1,2,3,1,3,2,2,1,1,,,1,0,1,3,1,34,5,1,4,0,0,4,2,201900024453B01,10,2,1
201900024481,2019-12-23,2019,décembre,lundi,16:30,66,66227,"42,6323210","2,9198760",2,3,3,1,1,4,2,2,1,1,,,1,0,1,3,1,14,5,2,,0,2,1,15,201900024481B01,7,1,1
201900024492,2019-12-24,2019,décembre,mardi,12:55,60,60446,"49,1387502","2,8084599",2,3,1,1,7,4,2,2,2,1,,,2,0,1,4,1,32,0,2,,0,0,1,1,201900024492B01,7,15,1
201900024506,2019-09-06,2019,septembre,vendredi,14:40,15,15258,"44,9657600","2,6187120",2,1,6,1,1,3,2,2,4,3,,,9,0,1,3,1,62,5,1,2,12,0,9,1,201900024506A01,,,
201900024524,2019-09-08,2019,septembre,dimanche,17:45,973,97312,"5,3731172"," -52,9548526",2,3,3,1,1,4,2,2,1,1,,,1,0,1,3,2,8,5,2,,0,2,1,26,201900024524B01,10,1,1
201900024529,2019-09-09,2019,septembre,lundi,15:20,34,34276,"43,7743510","3,8702910",2,6,2,1,1,3,1,2,1,2,,,1,0,1,4,1,21,5,1,2,0,2,4,1,201900024529B01,7,9,1
201900024532,2019-09-08,2019,septembre,dimanche,09:15,57,57474,"49,2595130","6,1586840",2,6,3,1,1,3,1,1,1,3,,,1,0,1,4,1,40,3,2,,0,2,3,1,201900024532A01,7,16,1
201900024536,2019-09-08,2019,septembre,dimanche,09:50,62,62201,"50,5751730","1,5834740",2,6,3,1,1,4,1,1,1,3,,,1,0,1,3,1,54,5,2,,0,2,4,9,201900024536B01,7,9,1
201900024550,2019-09-04,2019,septembre,mercredi,16:00,45,45285,"47,9131000","1,8738000",2,1,6,1,1,4,2,2,1,1,,,1,0,4,4,1,34,0,1,2,15,0,1,25,201900024550A01,,,
201900024604,2019-09-05,2019,septembre,jeudi,09:15,74,74012,"46,1913600","6,2422200",2,2,3,1,1,4,2,3,1,1,,,1,0,1,4,1,38,0,2,,0,2,8,1,201900024604B01,7,16,1
201900024609,2019-09-06,2019,septembre,vendredi,09:13,71,71306,"46,6760400","4,3760800",2,1,3,1,1,4,1,2,1,2,,,1,9,1,3,1,77,5,1,2,0,2,4,1,201900024609B01,7,16,1
201900024627,2019-09-05,2019,septembre,jeudi,21:44,64,64445,"43,3131100"," -0,3685200",2,6,2,5,1,4,1,1,1,2,,,1,0,1,4,1,48,5,2,,0,2,4,15,201900024627B01,7,16,1
201900024629,2019-09-05,2019,septembre,jeudi,23:16,63,63113,"45,7718400","3,0898900",2,1,3,5,1,4,1,2,1,1,,,1,0,1,4,1,18,0,1,2,0,2,1,1,201900024629B01,7,1,1
201900024661,2019-01-06,2019,janvier,dimanche,08:55,54,54395,"48,6957400","6,1710600",2,3,1,1,1,4, -1,2,1,1,,,1,0,1,4,1,73,0,2,,0,2,0,0,201900024661B01,7,15,1
201900024671,2019-04-12,2019,avril,vendredi,17:45,29,29190,"48,3444490"," -4,7187130",2,2,3,1,1,4,2,2,1,1,,,1,0,1,4,2,16,5,2,,0,0,8,15,201900024671A01,7,17,1
201900024672,2019-04-17,2019,avril,mercredi,18:10,31,31118,"43,8137670","1,3731490",1,3,3,1,1,3,2,2,1,1,,,1,0,1,3,1,22,5,1,2,0,2,1,1,201900024672B01,7,1,1
201900024716,2019-04-15,2019,avril,lundi,16:10,974,97411," -20,8890900","55,4476900",2,9,1,1,1,4,1,1,2,1,,,1,0,1,3,2,46,0,2,,0,2,1,5,201900024716B01,7,26,1
201900024752,2019-04-13,2019,avril,samedi,23:00,74,74093,"45,9088000","6,0977000",2,3,6,5,1,4,2,2,4,1,,,1,0,1,3,1,15,5,2,,0,2,1,15,201900024752A01,7,1,2
201900024752,2019-04-13,2019,avril,samedi,23:00,74,74093,"45,9088000","6,0977000",2,3,6,5,1,4,2,2,4,1,,,1,0,1,4,1,17,5,2,,0,2,1,15,201900024752A01,7,1,2
201900024817,2019-04-15,2019,avril,lundi,13:40,75,75118,"48,8915640","2,3495940",2,2,3,1,1,4,2,6,1,1,,,1,0,6,4,1,25,0,1,2,0,2,2,7,201900024817B01,7,14,1
201900024820,2019-04-15,2019,avril,lundi,11:15,75,75117,"48,8757150","2,2889390",2,3,3,1,1,4,2,8,2,1,,,1,0,5,4,1,39,1,1,2,0,2,1,1,201900024820B01,7,22,1
201900024825,2019-04-15,2019,avril,lundi,17:25,75,75113,"48,8259410","2,3452150",2,2,2,1,1,4,2,4,1,1,,,1,0,1,4,1,52,5,1,2,0,2,4,1,201900024825B01,50,18,1
201900024863,2019-06-28,2019,juin,vendredi,08:30,32,32013,"43,6335300","0,5883100",2,3,3,1,1,4,2,2,1,1,,,1,0,1,4,1,17,1,2,,0,2,1,9,201900024863A01,7,1,1
201900024883,2019-06-26,2019,juin,mercredi,21:55,19,19272,"45,2678400","1,7723300",2,1,3,2,1,4,1,2,1,1,,,1,0,1,4,1,30,0,2,,0,2,7,2,201900024883B01,7,11,1
201900024913,2019-06-27,2019,juin,jeudi,12:19,1,01053,"46,2072300","5,2385300",2,9,3,1,1,3, -1,4,1,1,,,1,0,1,4,2,56,1,1,2,0,2,1,25,201900024913A01,7,26,1
201900024936,2019-06-27,2019,juin,jeudi,16:50,75,75118,"48,8883520","2,3495770",2,2,6,1,1,4,2,4,1,1,,,1,0,6,1,1,31,9,2,,0,1,8,7,201900024936A01,,,
201900024941,2019-06-26,2019,juin,mercredi,12:40,75,75116,"48,8619740","2,2303910",2,3,2,1,1,4,1,1,1,1,,,1,0,5,4,1,27,5,1,2,0,2,1,1,201900024941B01,7,23,1
201900024942,2019-06-29,2019,juin,samedi,13:05,75,75115,"48,8386390","2,3052600",2,2,3,1,1,4,2,2,1,1,,,1,0,1,4,2,33,5,1,2,0,2,8,1,201900024942B01,10,1,1
201900024950,2019-06-26,2019,juin,mercredi,20:30,75,75113,"48,8192150","2,3620540",2,3,3,1,1,4,3,6,1,4,,,1,4,1,3,1,33,9,1,2,0,4,1,19,201900024950A01,40,1,1
201900024951,2019-06-29,2019,juin,samedi,15:18,75,75112,"48,8466130","2,4001820",2,3,3,1,1,4, -1,1,1,1,,,1,0,1,4,1,12,5,1,2,0,2,7,15,201900024951A01,33,1,1
201900024965,2019-06-27,2019,juin,jeudi,06:40,75,75107,"48,8585880","2,3285970",2,1,6,2,1,4,1,1,1,1,,,1,0,1,1,1,27,0,2,,0,1,1,1,201900024965A01,,,
201900024966,2019-06-26,2019,juin,mercredi,18:50,75,75107,"48,8542760","2,3054430",2,5,2,1,1,4, -1,1,1,1,,,1,0,1,4,1,44,9,2,,0,2,4,1,201900024966B01,10,1,1
201900024971,2019-06-26,2019,juin,mercredi,19:50,75,75104,"48,8521830","2,3678880",2,1,3,1,1,4,1,0,1,1,,,1,9,1,4,2,23,5,2,,0,2,1,1,201900024971B01,7,22,1
201900025047,2019-07-29,2019,juillet,lundi,11:25,56,56121,"47,7494400"," -3,3574600",2,3,3,1,2,4,2,1,2,1,,,2,0,1,4,1,31,5,2,,0,2,0,1,201900025047B01,7,1,1
201900025110,2019-07-28,2019,juillet,dimanche,20:15,11,11262,"43,1816600","2,9812000",2,3,6,1,1,4,2,2,2,1,,,1,0,1,4,1,18,5,1,2,0,0,8,9,201900025110B01,7,9,1
201900025114,2019-07-29,2019,juillet,lundi,08:40,6,06088,"43,6957200","7,2697900",2,1,3,1,1,4,1,1,1,1,,,1,0,1,4,1,24,0,2,,0,2,1,17,201900025114A01,10,1,1
201900025128,2019-07-29,2019,juillet,lundi,09:45,75,75119,"48,9009250","2,3702980",2,4,3,1,1,4,1,2,1,1,,,1,0,5,4,1,36,0,1,2,0,2,9,1,201900025128B01,14,16,1
201900025136,2019-07-30,2019,juillet,mardi,18:20,75,75112,"48,8438842","2,4103087",2,1,1,1,1,4,2,1,2,1,,,1,0,5,1,1,44,1,1,2,0,2,1,5,201900025136A01,1,1,1
201900025136,2019-07-30,2019,juillet,mardi,18:20,75,75112,"48,8438842","2,4103087",2,1,1,1,1,4,2,1,2,1,,,1,0,5,4,2,27,5,1,2,0,2,1,1,201900025136B01,1,5,1
201900025140,2019-07-29,2019,juillet,lundi,18:10,75,75111,"48,8540433","2,3689348",2,4,3,1,1,4,3,2,1,1,,,1,0,1,4,1,26,1,1,2,0,2,3,18,201900025140A01,7,23,1
201900025147,2019-07-30,2019,juillet,mardi,18:20,75,75106,"48,8511078","2,3262762",2,1,2,1,1,4,2,2,1,1,,,1,0,1,4,2,33,5,1,2,0,2,4,2,201900025147B01,7,2,1
201900025149,2019-07-28,2019,juillet,dimanche,20:30,75,75102,"48,8709583","2,3341594",2,2,3,2,1,4,2,3,1,1,,,1,0,1,4,1,40,0,1,2,0,2,1,18,201900025149B01,7,22,1
201900025194,2019-07-30,2019,juillet,mardi,10:15,49,49334,"47,5268990"," -0,2241900",1,2,4,1,1,4,2,2,1,1,,,1,0,1,4,1,72,5,1,2,0,2,0,21,201900025194C01,36,15,1
201900025194,2019-07-30,2019,juillet,mardi,10:15,49,49334,"47,5268990"," -0,2241900",1,2,4,1,1,4,2,2,1,1,,,1,0,1,3,1,70,5,1,2,0,2,7,21,201900025194B01,36,15,1
201900025213,2019-03-11,2019,mars,lundi,08:30,75,75106,"48,8537540","2,3442790",2,7,3,1,8,4,1,5,1,1,,,1,0,1,4,1,27,1,1,2,0,2,7,5,201900025213B01,32,1,1
201900025254,2019-03-12,2019,mars,mardi,12:05,70,70096,"47,5834330","6,7939170",2,1,1,1,1,4,2,2,1,3,,,1,0,1,4,2,11,5,1,2,0,2,1,13,201900025254A01,7,1,1
201900025262,2019-03-07,2019,mars,jeudi,11:00,66,66012,"42,7043810","2,8323230",1,6,3,1,8,3,1,2,1,2,,,1,0,1,3,1,70,5,1,2,0,2,1,1,201900025262A01,7,9,1
201900025340,2019-03-11,2019,mars,lundi,10:00,56,56089,"47,9510090"," -3,2420050",1,1,2,1,1,3,2,2,2,1,,,1,0,1,2,1,63,5,1,2,0,2,4,1,201900025340B01,7,1,1