Num_Acc,date,an,mois,jour,hrmn,dep,com,lat,long,agg,int,col,lum,atm,catr,circ,nbv,prof,plan,lartpc,larrout,surf,infra,situ,grav,sexe,age,trajet,secuexist,equipement,obs,obsm,choc,manv,vehiculeid,typevehicules,manoeuvehicules,numVehicules
201900025399,2019-04-26,2019,avril,vendredi,19:25,68,68066,"48,0813410","7,3317610",2,1,3,1,1,9,2,2,1,1,,,1,0,1,4,1,10,5,2,,0,2,1,25,201900025399B01,7,25,1
201900025438,2019-05-15,2019,mai,mercredi,22:00,66,66136,"42,6886600","2,8947200",2,1,6,5,1,4, -1,1,1,1,,,1,0,1,4,1,16,5,1,2,0,2,1,1,201900025438B01,7,9,1
201900025443,2019-04-30,2019,avril,mardi,08:45,66,66136,"42,6770000","2,9130000",2,1,3,1,1,4, -1,2,1,2,,,1,0,1,4,1,83,5,2,,0,2,3,9,201900025443A01,7,9,1
201900025445,2019-04-26,2019,avril,vendredi,19:20,66,66136,"42,6871736","2,9018003",2,2,3,1,1,4,2,0,1,1,,,1,0,1,4,1,50,5,2,,0,2,2,0,201900025445A01,7,1,1
201900025451,2019-05-14,2019,mai,mardi,11:00,64,64483,"43,3969625"," -1,6450471",2,1,2,1,1,3,2,2,1,1,,,1,0,1,4,1,64,0,2,,0,2,4,2,201900025451B01,7,2,1
201900025464,2019-05-15,2019,mai,mercredi,17:20,64,64445,"43,3012037"," -0,3710348",2,9,3,1,1,4,2,2,1,1,,,1,0,1,4,1,24,5,2,,0,2,1,19,201900025464B01,10,1,1
201900025485,2019-05-07,2019,mai,mardi,10:40,64,64122,"43,4812300"," -1,5624300",2,9,7,1,8,4,1,1,1,1,,,1,0,1,3,1,75,5,1,2,0,0,0,26,201900025485A01,,,
201900025508,2019-05-14,2019,mai,mardi,17:10,63,63113,"45,7731000","3,0957000",2,1,2,1,1,4,2,2,1,1,,,1,0,1,4,1,18,0,2,,0,2,1,2,201900025508A01,7,2,1
201900025612,2019-11-13,2019,novembre,mercredi,10:20,988,98818," -22,3074400","166,4482800",2,1,6,1,1,4,2,2,4,3,,,1,9,1,4,1,33,5,1,2,0,1,1,1,201900025612A01,,,
201900025659,2019-11-09,2019,novembre,samedi,09:00,47,47032,"44,1885700","0,6602700",2,1,3,2,1,4,2,2,1,1,,,1,0,1,4,2,64,5,1,2,0,2,8,1,201900025659B01,7,17,1
201900025702,2019-11-13,2019,novembre,mercredi,09:50,75,75118,"48,8917229","2,3487301",2,2,3,1,8,4,2,2,1,1,,,1,0,1,4,1,27,0,1,2,0,2,2,17,201900025702B01,7,10,1
201900025703,2019-11-13,2019,novembre,mercredi,09:45,75,75117,"48,8955646","2,3282861",2,2,3,1,1,4,2,3,1,1,,,1,0,1,4,1,17,2,1,2,0,2,2,1,201900025703B01,7,1,1
201900025703,2019-11-13,2019,novembre,mercredi,09:45,75,75117,"48,8955646","2,3282861",2,2,3,1,1,4,2,3,1,1,,,1,0,1,4,1,17,1,1,2,0,2,2,1,201900025703B01,7,1,1
201900025706,2019-11-13,2019,novembre,mercredi,16:00,75,75116,"48,8541540","2,2373660",2,1,3,1,1,4,2,2,1,1,,,1,0,1,3,1,77,5,1,2,12,2,7,1,201900025706B01,7,10,1
201900025709,2019-11-13,2019,novembre,mercredi,19:15,75,75110,"48,8815740","2,3657000",2,2,3,5,1,4,2,2,1,1,,,1,0,1,4,2,29,1,1,2,0,2,3,1,201900025709B01,7,14,1
201900025739,2019-11-13,2019,novembre,mercredi,18:30,56,56005,"47,5465580"," -2,9014790",2,9,1,5,3,9, -1,2,2,1,,,2,9,5,4,1,40,5,2,,0,9,1,0,201900025739B01,50,0,1
201900025796,2019-12-21,2019,décembre,samedi,19:50,75,75120,"48,8714530","2,4041710",2,1,3,5,2,4,2,2,2,1,,,2,0,1,4,1,41,1,1,2,0,2,6,13,201900025796A01,30,17,1
201900025809,2019-12-21,2019,décembre,samedi,07:35,75,75107,"48,8547300","2,3259960",2,4,3,5,1,4,1,1,1,1,,,1,0,5,4,2,23,0,1,2,0,2,1,1,201900025809B01,7,16,1
201900025810,2019-12-21,2019,décembre,samedi,11:35,75,75104,"48,8510483","2,3611412",2,4,6,1,1,4,2,1,1,1,,,1,6,1,4,1,59,5,1,2,12,0,7,16,201900025810A01,,,
201900025811,2019-12-20,2019,décembre,vendredi,17:45,75,75101,"48,8643902","2,3301115",2,3,2,5,1,4,2,5,1,1,,,1,0,5,4,1,34,9,1,2,0,2,1,2,201900025811A01,1,2,1
201900025811,2019-12-20,2019,décembre,vendredi,17:45,75,75101,"48,8643902","2,3301115",2,3,2,5,1,4,2,5,1,1,,,1,0,5,1,1,39,9,1,2,0,2,4,2,201900025811B01,1,2,1
201900025848,2019-12-21,2019,décembre,samedi,15:30,1,01151,"46,0808076","5,2614802",1,1,6,1,2,3,2,2,1,4,,,2,0,1,4,1,55,5,1,2,0,2,1,2,201900025848A01,1,2,1
201900025848,2019-12-21,2019,décembre,samedi,15:30,1,01151,"46,0808076","5,2614802",1,1,6,1,2,3,2,2,1,4,,,2,0,1,4,1,38,5,1,2,0,5,1,2,201900025848B01,1,2,1
201900026040,2019-10-07,2019,octobre,lundi,07:50,67,67482,"48,5912500","7,7231800",2,1,6,1,8,7,3,4,1,3,,,1,9,1,1,1,19,0,2,,0,1,1,14,201900026040Z01,,,
201900026045,2019-10-08,2019,octobre,mardi,08:45,64,64129,"43,2995110"," -0,3914410",2,1,3,1,1,4,2,1,1,1,,,1,0,1,4,1,26,5,2,,0,2,1,1,201900026045B01,7,16,1
201900026066,2019-10-08,2019,octobre,mardi,07:30,44,44162,"47,2173800"," -1,6436600",2,1,3,5,2,4, -1,0,1,1,,,2,0,1,4,2,54,1,2,,0,2,7,1,201900026066B01,7,1,1
201900026129,2019-01-27,2019,janvier,dimanche,16:05,75,75119,"48,8851020","2,3837680",2,2,3,1,2,4,1,1,1,1,,,2,0,1,4,1,39,5,1,2,0,2,1,1,201900026129A01,7,1,1
201900026165,2019-01-27,2019,janvier,dimanche,20:25,987,98734," -17,7212520"," -149,4966380",2,1,1,5,1,2,2,2,1,1,,,1,0,1,2,1,14,5,2,,0,2,2,0,201900026165B01,10,1,1
201900026191,2019-01-19,2019,janvier,samedi,15:28,22,22106,"48,5062300"," -2,7032600",1,1,2,1,2,4,2,2,2,1,,,2,0,1,4,1,51,5,1,2,0,2,4,1,201900026191B01,7,2,1
201900026239,2019-01-24,2019,janvier,jeudi,07:05,91,91182,"48,6252500","2,4068200",2,1,3,5,1,3,4,3,1,1,,,1,0,1,3,1,45,4,2,,0,2,5,1,201900026239B01,7,1,1
201900026280,2019-09-17,2019,septembre,mardi,13:20,44,44184,"47,2703000"," -2,2254000",2,1,6,1,1,4,3,2,1,1,,,1,0,1,4,1,57,5,2,,0,2,1,1,201900026280B01,3,26,1
201900026305,2019-09-06,2019,septembre,vendredi,21:25,34,34172,"43,6001832","3,8441908",2,3,3,5,1,4,2,2,1,1,,,1,0,1,4,1,25,5,2,,0,2,8,11,201900026305B01,7,1,1
201900026315,2019-09-06,2019,septembre,vendredi,15:20,32,32013,"43,6558600","0,5552200",1,1,2,1,1,3,2,2,2,3,,,1,0,1,3,1,81,5,1,2,0,2,8,1,201900026315B01,7,1,1
201900026366,2019-09-05,2019,septembre,jeudi,18:50,5,05061,"44,5653756","6,0927504",2,6,3,1,1,2,2,2,1,1,,,1,5,1,4,1,47,5,2,,0,2,8,19,201900026366B01,7,1,1
201900026380,2019-09-03,2019,septembre,mardi,20:15,75,75113,"48,8206261","2,3494568",2,3,3,5,1,4,1,1,1,1,,,1,0,1,4,1,14,0,1,2,0,2,1,19,201900026380B01,7,16,1
201900026382,2019-09-04,2019,septembre,mercredi,13:20,75,75120,"48,8767100","2,4049620",2,1,3,1,1,4,2,2,1,1,,,1,0,1,4,1,33,0,1,2,0,2,4,2,201900026382B01,7,2,1
201900026386,2019-09-05,2019,septembre,jeudi,08:45,75,75117,"48,8864680","2,2957700",2,5,3,1,1,4,3,2,1,1,,,1,0,1,4,2,22,2,1,2,0,2,1,1,201900026386B01,7,10,1
201900026391,2019-09-06,2019,septembre,vendredi,17:30,75,75116,"48,8484932","2,2421175",2,7,3,1,1,4,1,2,1,2,,,1,0,1,4,1,60,5,1,2,0,2,3,14,201900026391A01,7,1,1
201900026397,2019-09-06,2019,septembre,vendredi,07:00,75,75115,"48,8406120","2,3149750",2,7,7,2,1,4,3,2,2,1,,,1,5,1,4,2,61,1,1,2,0,0,0,1,201900026397A01,,,
201900026400,2019-09-04,2019,septembre,mercredi,09:45,75,75114,"48,8292990","2,3226560",2,2,3,1,1,4,1,2,1,1,,,1,0,1,4,2,30,1,1,2,0,2,3,13,201900026400A01,37,1,1
201900026405,2019-09-05,2019,septembre,jeudi,21:00,75,75113,"48,8398467","2,3616955",2,4,6,5,1,4,2,4,2,1,,,1,0,6,4,1,29,5,1,2,0,1,1,7,201900026405A01,,,
201900026409,2019-09-06,2019,septembre,vendredi,09:35,75,75111,"48,8667400","2,3651600",2,7,6,1,1,4,2,2,1,1,,,1,0,5,4,2,68,1,1,2,0,2,6,15,201900026409A01,1,2,1
201900026416,2019-09-04,2019,septembre,mercredi,13:15,75,75109,"48,8723620","2,3374260",2,2,4,1,1,4,1,2,1,1,,,1,0,1,4,1,48,1,1,2,0,2,1,3,201900026416A01,7/ 14,1,2
201900026496,2019-06-28,2019,juin,vendredi,14:45,63,63163,"45,7675828","2,7444470",1,1,1,1,1,3,2,2,1,1,,,1,0,1,3,1,74,0,1,2,0,2,4,13,201900026496A01,7,1,1
201900026498,2019-06-30,2019,juin,dimanche,10:50,1,01021,"45,9976780","4,8323010",1,1,3,1,1,3,2,2,4,1,,,1,0,1,4,1,50,5,1,2/6,0,0,8,1,201900026498A01,15,17,1
201900026565,2019-06-28,2019,juin,vendredi,04:30,34,34154,"43,5523370","3,9952140",1,1,3,3,1,3,3,4,1,1,,,1,0,1,2,1,29,5,2,,0,2,7,1,201900026565A01,7,1,1
201900026579,2019-06-29,2019,juin,samedi,11:05,15,15113,"45,0855350","2,6738260",1,1,1,1,1,3,2,2,2,4,,,1,0,1,3,1,51,5,2,,0,2,1,0,201900026579B01,7,0,1
201900026599,2019-06-28,2019,juin,vendredi,17:45,14,14738,"49,1533570"," -0,4665820",2,1,3,1,1,4,2,2,2,2,,,1,0,1,3,1,12,5,2,,0,2,1,1,201900026599A01,7,1,1
201900026609,2019-06-27,2019,juin,jeudi,09:00,73,73059,"45,7275489","5,8884361",2,3,3,1,1,4,2,2,1,1,,,1,0,1,4,1,61,5,1,2,0,2,2,15,201900026609B01,7,1,1
201900026619,2019-06-28,2019,juin,vendredi,18:40,21,21007,"47,3891440","4,3010720",2,3,3,1,7,3,2,3,2,1,,,1,5,1,3,1,59,5,2,,0,2,0,1,201900026619B01,7,16,1
201900026620,2019-06-29,2019,juin,samedi,09:45,40,40284,"43,6655620"," -1,2889550",2,3,3,1,1,3,2,2,1,1,,,1,5,5,3,1,43,5,2,,0,2,1,1,201900026620B01,14,16,1
201900026621,2019-06-30,2019,juin,dimanche,08:45,24,24325,"44,8861900","1,4075410",2,1,4,1,1,3,2,2,1,1,,,1,0,1,3,1,63,5,1,2,16,0,4,1,201900026621B01,7,1,1
201900026621,2019-06-30,2019,juin,dimanche,08:45,24,24325,"44,8861900","1,4075410",2,1,4,1,1,3,2,2,1,1,,,1,0,1,4,1,16,5,1,2,16,0,4,1,201900026621C01,7,1,1
201900026625,2019-06-29,2019,juin,samedi,11:45,4,04045,"43,8530570","5,5618870",1,1,3,1,1,4,2,2,1,1,,,1,0,1,4,1,54,5,1,2,0,2,8,1,201900026625B01,21,17,1
201900026626,2019-06-29,2019,juin,samedi,09:25,4,04031,"43,9237890","6,1400750",1,1,4,1,1,3,2,2,3,1,,,1,0,1,4,1,51,5,1,2,0,2,4,1,201900026626B01,7,17,1
201900026626,2019-06-29,2019,juin,samedi,09:25,4,04031,"43,9237890","6,1400750",1,1,4,1,1,3,2,2,3,1,,,1,0,1,4,1,53,5,1,2,0,2,4,1,201900026626C01,7,17,1
201900026648,2019-04-08,2019,avril,lundi,22:32,35,35210,"48,1450950"," -1,7835480",1,1,2,3,1,2,3,4,1,1,,,1,0,2,3,1,31,1,2,,0,0,6,2,201900026648A01,10,2,1
201900026649,2019-06-26,2019,juin,mercredi,18:15,74,74081,"46,0599810","6,5777990",2,1,3,1,7,9,2,2,1,1,,,1,0,5,4,1,77,3,2,,0,2,8,26,201900026649B01,7,26,1
201900026676,2019-04-10,2019,avril,mercredi,18:30,33,33478,"45,0111800","0,0146400",1,1,3,1,1,3,2,2,1,1,,,1,0,1,3,1,24,5,1,2,0,2,8,2,201900026676B01,7,17,1
201900026677,2019-04-06,2019,avril,samedi,16:45,36,36026,"46,9523367","1,7518821",1,1,2,1,1,3,2,2,2,1,,,1,0,1,4,1,22,5,1,2,0,2,4,1,201900026677B01,7,2,1
201900026698,2019-04-11,2019,avril,jeudi,16:07,44,44049,"47,2879520"," -2,5096100",2,6,3,1,1,4,2,2,1,3,,,1,0,1,3,1,73,5,2,,0,2,8,16,201900026698B01,7,1,1
201900026781,2019-04-10,2019,avril,mercredi,08:15,63,63014,"45,7492441","3,1117590",2,1,6,1,2,7,2,2,1,1,,,2,0,3,4,1,13,1,1,2,0,2,1,5,201900026781C01,7,0,1
201900026808,2019-04-12,2019,avril,vendredi,15:15,69,69387,"45,7509700","4,8482500",2,2,3,1,1,4,1,1,1,1,,,1,0,1,3,1,23,0,2,,0,2,8,1,201900026808B01,14,16,1
201900026812,2019-04-11,2019,avril,jeudi,07:50,69,69386,"45,7681900","4,8589200",2,2,1,2,1,4,2,4,1,1,,,1,0,1,2,1,51,0,2,,0,2,7,1,201900026812B01,38,1,1
201900026817,2019-04-13,2019,avril,samedi,04:40,69,69382,"45,7580300","4,8337900",2,3,1,5,1,7,1,3,1,1,,,1,0,1,4,1,33,5,2,,0,2,1,5,201900026817B01,7,1,1
201900026860,2019-07-24,2019,juillet,mercredi,13:00,49,49307,"47,4148360"," -0,3166950",2,1,2,1,1,4,2,2,1,1,,,1,0,1,3,1,61,1,2,,0,2,4,2,201900026860B01,7,2,1
201900026869,2019-07-28,2019,juillet,dimanche,17:10,44,44046,"47,2765830"," -2,0599200",2,2,3,1,1,3,2,2,1,1,,,1,5,1,3,1,68,5,1,2/4/6,0,2,1,1,201900026869B01,7,1,1
201900026877,2019-07-30,2019,juillet,mardi,10:15,38,38218,"45,3481400","5,1813600",2,2,1,1,1,3,2,2,2,4,,,1,0,1,3,1,82,5,1,2,0,2,1,26,201900026877A01,7,26,1
201900026878,2019-07-30,2019,juillet,mardi,07:45,2,02243,"49,3955110","3,3619540",2,1,3,1,1,3,2,2,1,1,,,1,0,1,2,1,70,5,2,,0,2,8,2,201900026878B01,15,1,1
201900026892,2019-07-24,2019,juillet,mercredi,09:30,58,58144,"46,7753440","3,0744840",2,1,6,1,1,3,2,2,1,1,,,1,0,5,3,1,78,5,1,2,0,2,1,21,201900026892C01,7,9,1
201900026892,2019-07-24,2019,juillet,mercredi,09:30,58,58144,"46,7753440","3,0744840",2,1,6,1,1,3,2,2,1,1,,,1,0,5,1,1,71,5,1,2,0,9,4,21,201900026892B01,7,9,1
201900026896,2019-07-31,2019,juillet,mercredi,14:50,50,50349,"48,9923860"," -1,5072900",1,1,2,1,1,4,2,2,2,1,,,1,0,1,4,1,54,5,1,2,0,2,1,1,201900026896A01,7,4,1
201900026909,2019-07-30,2019,juillet,mardi,11:00,21,21501,"47,2615050","4,5570980",2,1,2,1,1,3,2,2,1,1,,,1,0,5,4,1,15,5,1,2,0,2,1,1,201900026909A01,7,1,1
201900026910,2019-07-29,2019,juillet,lundi,06:10,40,40181,"43,8531860"," -1,3920910",1,1,2,2,1,3,2,2,1,1,,,1,0,1,4,2,18,5,2,,0,2,4,2,201900026910B01,7,2,1
201900026920,2019-07-31,2019,juillet,mercredi,15:15,52,52405,"47,6541340","5,2822810",1,4,7,1,1,3,2,2,2,2,,,1,0,1,2,1,17,5,2,,0,0,1,1,201900026920A01,,,
201900026939,2019-07-30,2019,juillet,mardi,10:40,13,13104,"43,3386050","5,1074290",2,3,1,1,1,4,2,2,2,1,,,1,0,1,2,1,82,5,1,2,0,2,3,25,201900026939B01,7,15,1
201900026942,2019-07-28,2019,juillet,dimanche,11:20,77,77415,"48,9509930","3,0191000",2,1,7,1,1,4,2,2,2,3,,,1,0,8,3,1,54,5,1,2,6,0,1,1,201900026942A01,,,
201900026943,2019-07-30,2019,juillet,mardi,10:05,78,78601,"48,5691040","1,8954250",1,1,5,1,1,3,2,2,1,1,,,1,0,1,1,1,72,5,1,2,0,0,4,2,201900026943B01,7,2,1
201900026943,2019-07-30,2019,juillet,mardi,10:05,78,78601,"48,5691040","1,8954250",1,1,5,1,1,3,2,2,1,1,,,1,0,1,1,1,64,5,1,2,0,0,4,2,201900026943C01,7,2,1
201900026943,2019-07-30,2019,juillet,mardi,10:05,78,78601,"48,5691040","1,8954250",1,1,5,1,1,3,2,2,1,1,,,1,0,1,3,1,72,5,1,2,0,0,4,2,201900026943D01,7,2,1
201900026943,2019-07-30,2019,juillet,mardi,10:05,78,78601,"48,5691040","1,8954250",1,1,5,1,1,3,2,2,1,1,,,1,0,1,3,1,65,5,1,2,0,0,4,2,201900026943E01,7,2,1
201900026951,2019-07-27,2019,juillet,samedi,10:20,6,06122,"43,7462260","7,1385190",2,1,2,1,1,4, -1,2,2,1,,,1,0,1,3,1,66,5,1,2/6,0,2,1,1,201900026951A01,7,9,1
201900026975,2019-07-24,2019,juillet,mercredi,07:30,27,27097,"49,2008120","1,3787230",1,1,2,1,1,3,2,2,1,1,,,1,0,1,3,1,40,5,1,2,0,2,1,2,201900026975A01,7,2,1
201900027046,2019-03-06,2019,mars,mercredi,14:45,974,97409," -20,9570500","55,6496500",2,3,3,1,3,4,2,2,2,1,,,2,0,2,4,1,18,2,2,,0,2,1,17,201900027046A01,7,16,1
201900027051,2019-03-08,2019,mars,vendredi,11:30,69,69386,"45,7696400","4,8616600",2,2,3,1,1,4,1,4,1,1,,,1,0,1,4,2,21,5,1,2,0,2,0,1,201900027051B01,7,1,1
201900027056,2019-03-06,2019,mars,mercredi,20:00,69,69388,"45,7350200","4,8631900",2,1,3,5,1,9,2,0,1,1,,,1,4,1,4,1,22,5,2,,0,4,7,19,201900027056B01,40,1,1
201900027058,2019-03-05,2019,mars,mardi,19:40,69,69383,"45,7566200","4,8683000",2,2,3,5,1,4, -1,1,1,1,,,1,0,1,3,1,24,1,2,,0,2,7,1,201900027058B01,7,1,1
201900027059,2019-03-05,2019,mars,mardi,17:00,69,69383,"45,7597400","4,8409800",2,1,6,1,1,4,2,0,1,1,,,1,0,1,4,1,36,0,2,,0,0,1,26,201900027059B01,,,
201900027071,2019-03-08,2019,mars,vendredi,16:30,69,69389,"45,7623000","4,8026000",2,7,3,1,1,7,2,2,1,1,,,1,9,1,4,1,87,5,1,2,0,2,8,25,201900027071B01,7,9,1
201900027096,2019-03-06,2019,mars,mercredi,10:40,91,91691,"48,7109600","2,4912900",2,6,3,1,2,4,3,0,1,2,,,9,0,1,4,2,22,4,1,2,0,2,2,1,201900027096B01,7,1,1
201900027117,2019-03-08,2019,mars,vendredi,23:20,81,81004,"43,9388200","2,1710100",2,1,5,4,1,2,1,4,3,1,,,1,0,1,2,1,37,5,2,,0,0,4,0,201900027117B01,10/ 7,2/0,2
201900027171,2019-03-07,2019,mars,jeudi,15:15,62,62643,"50,7043000","1,5978700",2,1,1,1,1,4,1,1,1,1,,,1,0,2,3,1,64,1,1,2,1,2,1,0,201900027171B01,7,22,1
201900027251,2019-05-13,2019,mai,lundi,08:30,56,56260,"47,6660660"," -2,7700650",2,6,3,2,1,4,1,2,1,3,,,1,5,5,4,1,34,1,1,2,0,2,6,1,201900027251B01,7,9,1
201900027258,2019-05-23,2019,mai,jeudi,17:30,56,56121,"47,7337600"," -3,3851000",2,1,3,1,1,4,2,3,1,1,,,1,0,1,4,1,12,0,1,2,0,2,1,19,201900027258B01,7,1,1
201900027266,2019-05-14,2019,mai,mardi,17:25,56,56121,"47,7452200"," -3,3585300",2,2,3,1,1,4,2,2,1,1,,,1,0,1,3,2,33,1,1,2,0,2,7,1,201900027266B01,7,16,1
201900027276,2019-04-26,2019,avril,vendredi,12:50,56,56121,"47,7505200"," -3,3629900",2,2,3,1,1,4,2,2,1,1,,,1,0,1,4,1,34,5,1,2,0,2,1,1,201900027276A01,7,1,1
201900027331,2019-05-02,2019,mai,jeudi,09:40,50,50218,"48,8375670"," -1,5433140",1,1,7,1,1,3,2,2,2,1,,,1,0,1,4,2,61,1,1,2,0,0,0,1,201900027331A01,,,
201900027388,2019-11-07,2019,novembre,jeudi,07:35,42,42147,"45,6065050","4,0686550",2,6,2,2,8,4,2,2,1,2,,,2,5,1,4,1,37,1,1,2,0,2,5,1,201900027388B01,7,9,1
201900027441,2019-11-08,2019,novembre,vendredi,15:50,91,91103,"48,5877000","2,3006000",2,9,3,1,1,4, -1,2,1,1,,,1,0,1,3,2,50,0,1,2,0,2,1,21,201900027441B01,7,21,1
201900027447,2019-11-11,2019,novembre,lundi,18:12,77,77083,"48,8404175","2,5862647",2,2,3,5,8,4,2,2,1,1,,,2,5,1,4,1,57,5,2,,0,2,1,19,201900027447B01,7,1,1
201900027448,2019-11-10,2019,novembre,dimanche,14:32,76,76498,"49,4222600","1,0568900",2,1,3,1,1,4,1,1,2,1,,,1,0,1,4,1,15,5,2,,0,2,1,5,201900027448A01,7,16,1
201900027605,2019-12-20,2019,décembre,vendredi,12:35,44,44109,"47,1846000"," -1,5246000",2,1,3,1,1,4,2,0,1,1,,,2,0,1,4,2,56,1,1,2,0,2,7,1,201900027605B01,7,1,1
201900027663,2019-12-17,2019,décembre,mardi,08:15,75,75117,"48,8850200","2,2966470",2,7,3,1,1,4,2,4,1,1,,,1,0,5,4,2,25,0,1,2,0,2,7,1,201900027663B01,10,14,1
201900027669,2019-12-19,2019,décembre,jeudi,22:15,75,75119,"48,8982870","2,3704890",2,1,3,5,2,4,2,2,2,1,,,2,0,5,3,1,28,9,1,2,0,2,1,1,201900027669B01,7,16,1
201900027676,2019-12-19,2019,décembre,jeudi,10:25,75,75112,"48,8384490","2,3986830",2,3,3,1,2,4,2,2,2,1,,,2,0,1,4,2,48,1,1,2,0,2,1,13,201900027676B01,10,1,1
201900027680,2019-12-20,2019,décembre,vendredi,09:25,75,75108,"48,8644080","2,3217900",2,7,6,1,2,4,1,6,1,1,,,2,0,1,4,1,51,1,1,2,0,2,1,13,201900027680A01,1,1,1
201900027683,2019-12-20,2019,décembre,vendredi,10:45,75,75107,"48,8588441","2,3314485",2,1,3,1,8,4,1,3,1,1,,,2,0,5,4,1,52,0,1,2,0,2,0,17,201900027683B01,1,13,1
201900027683,2019-12-20,2019,décembre,vendredi,10:45,75,75107,"48,8588441","2,3314485",2,1,3,1,8,4,1,3,1,1,,,2,0,5,1,1,25,0,1,2,0,2,8,13,201900027683A01,1,17,1
201900027686,2019-12-20,2019,décembre,vendredi,07:55,75,75102,"48,8708478","2,3369398",2,1,3,2,2,4,2,1,1,1,,,2,0,1,4,1,41,0,1,2,0,2,0,1,201900027686B01,7,15,1
201900027725,2019-10-08,2019,octobre,mardi,12:50,75,75119,"48,8857674","2,3943731",2,3,3,1,2,4,2,4,2,1,,,2,0,1,4,1,24,0,1,2,0,2,1,1,201900027725B01,7,16,1
201900027804,2019-10-08,2019,octobre,mardi,17:45,973,97309,"4,9196080"," -52,2790670",2,6,3,1,1,3,2,1,1,2,,,1,0,1,4,2,45,1,2,,0,2,8,1,201900027804B01,33,16,1
201900027808,2019-10-09,2019,octobre,mercredi,12:10,34,34276,"43,7615430","3,8634640",2,6,3,1,1,3,1,2,1,2,,,1,0,1,4,2,54,3,2,,0,0,2,1,201900027808A01,7,9,1
201900027812,2019-10-08,2019,octobre,mardi,17:15,7,07323,"44,9047510","4,8223110",2,3,3,1,1,3,2,2,1,1,,,1,0,1,3,1,78,5,1,2/6,0,2,5,17,201900027812B01,7,15,1
201900027871,2019-10-07,2019,octobre,lundi,12:00,81,81065,"43,6051700","2,2372300",2,1,2,1,1,3,1,3,1,1,,,1,0,1,4,2,86,3,2,,0,2,8,1,201900027871B01,14,16,1
201900027910,2019-01-25,2019,janvier,vendredi,07:55,66,66136,"42,6960000","2,9056000",2,1,3,1,1,4,2,2,1,1,,,1,0,1,4,1,17,5,2,,0,2,2,15,201900027910A01,7,1,1
201900027913,2019-01-23,2019,janvier,mercredi,16:23,66,66136,"42,7276000","2,9045500",2,1,6,1,1,4,1,2,1,2,,,1,5,1,4,1,61,5,2,,0,2,1,1,201900027913B01,7,9,1
201900027918,2019-01-25,2019,janvier,vendredi,20:25,64,64445,"43,3043747"," -0,3675705",2,6,3,1,1,4,1,1,1,2,,,2,0,1,4,1,25,4,2,,0,2,1,1,201900027918B01,7,9,1
201900027931,2019-01-26,2019,janvier,samedi,14:00,56,56260,"47,6561100"," -2,7644600",2,6,3,1,8,4,1,1,1,2,,,2,9,1,4,2,59,1,1,2,0,2,7,0,201900027931B01,7,1,1
201900027941,2019-01-24,2019,janvier,jeudi,12:00,50,50173,"49,6489900"," -1,6439700",2,3,3,1,1,3,3,4,1,1,,,1,5,1,4,1,64,5,1,2,0,2,1,19,201900027941A01,7,16,1
201900028039,2019-01-23,2019,janvier,mercredi,14:10,75,75106,"48,8437220","2,3335070",2,1,2,1,2,4,2,2,2,1,,,2,0,1,1,2,19,2,1,2,0,2,4,14,201900028039A01,2,1,1
201900028048,2019-01-26,2019,janvier,samedi,13:26,75,75119,"48,9004120","2,3715020",2,7,6,1,8,4, -1,6,1,2,,,1,5,5,4,1,27,1,1,2,0,2,8,1,201900028048B01,7,16,1
201900028049,2019-01-25,2019,janvier,vendredi,07:55,75,75119,"48,8751100","2,3824570",2,1,3,2,2,4,2,2,1,1,,,2,0,1,4,2,55,1,2,,0,2,3,1,201900028049B01,7,17,1
201900028064,2019-01-26,2019,janvier,samedi,17:00,75,75115,"48,8499430","2,2991500",2,3,3,5,2,4,2,1,1,1,,,2,0,1,4,1,41,0,1,2,0,2,1,1,201900028064B01,7,22,1
201900028082,2019-01-26,2019,janvier,samedi,18:25,75,75110,"48,8778620","2,3516630",2,2,3,5,2,4,1,3,2,1,,,2,0,1,4,2,61,9,1,2,0,2,7,19,201900028082A01,32,1,1
201900028083,2019-01-25,2019,janvier,vendredi,17:55,75,75110,"48,8683720","2,3628550",2,3,3,5,2,4,2,4,1,1,,,2,0,1,4,1,55,3,2,,0,2,5,15,201900028083B01,7,1,1
201900028112,2019-09-04,2019,septembre,mercredi,15:15,95,95313,"49,1126900","2,2141300",2,1,3,1,1,3,1,1,1,1,,,1,0,1,4,1,21,5,2,,1,0,1,1,201900028112B01,7,22,1
201900028115,2019-09-07,2019,septembre,samedi,09:15,31,31497,"43,6973070","1,4795350",2,4,2,1,7,3,2,2,2,3,,,1,5,8,3,1,52,5,1,2/6,0,2,4,1,201900028115B01,7,2,1
201900028133,2019-09-07,2019,septembre,samedi,16:03,58,58086,"47,3933420","2,9227570",2,1,3,1,1,3,2,2,2,1,,,1,0,3,4,1,18,5,2,,0,2,1,26,201900028133A01,7,15,1
201900028176,2019-09-06,2019,septembre,vendredi,09:30,35,35015,"48,1750798"," -1,2109084",1,2,3,1,7,3,2,2,1,1,,,1,0,1,3,1,25,5,1,2,0,2,8,19,201900028176B01,7,1,1