Num_Acc,date,an,mois,jour,hrmn,dep,com,lat,long,agg,int,col,lum,atm,catr,circ,nbv,prof,plan,lartpc,larrout,surf,infra,situ,grav,sexe,age,trajet,secuexist,equipement,obs,obsm,choc,manv,vehiculeid,typevehicules,manoeuvehicules,numVehicules
201900028177,2019-09-07,2019,septembre,samedi,02:05,29,29155,"48,4616710"," -5,0617330",1,4,1,3,8,3,2,2,2,3,,,2,0,1,3,2,55,5,1,9,0,2,1,1,201900028177B01,7,13,1
201900028186,2019-09-04,2019,septembre,mercredi,09:00,38,38422,"45,1535100","5,8411010",2,1,2,1,1,3,2,2,2,1,,,1,0,1,4,1,44,5,1,2,0,0,4,0,201900028186B01,7,15,1
201900028188,2019-09-07,2019,septembre,samedi,08:50,3,03126,"46,0763185","3,4414674",1,6,3,1,1,3,2,2,1,2,,,1,0,1,4,1,54,5,1,2,0,0,3,1,201900028188B01,7,16,1
201900028195,2019-09-06,2019,septembre,vendredi,13:45,14,14726,"48,8089340"," -0,7184050",1,1,1,1,1,4,2,2,2,3,,,1,0,1,3,1,50,5,1,2/9,0,2,1,13,201900028195A01,10,1,1
201900028202,2019-09-08,2019,septembre,dimanche,13:15,60,60553,"49,4416030","2,6248380",1,1,5,1,1,3,2,2,1,1,,,1,0,1,4,1,67,5,1,2,0,2,1,1,201900028202D01,33,13,1
201900028202,2019-09-08,2019,septembre,dimanche,13:15,60,60553,"49,4416030","2,6248380",1,1,5,1,1,3,2,2,1,1,,,1,0,1,3,1,64,5,1,2,0,2,1,1,201900028202C01,33,13,1
201900028202,2019-09-08,2019,septembre,dimanche,13:15,60,60553,"49,4416030","2,6248380",1,1,5,1,1,3,2,2,1,1,,,1,0,1,2,1,56,5,1,2,0,2,1,1,201900028202B01,33,13,1
201900028204,2019-09-08,2019,septembre,dimanche,11:45,64,64320,"42,9789089"," -0,4188858",1,4,3,1,1,3,2,2,2,2,,,1,9,1,3,1,46,5,1,2/4/6,0,2,1,1,201900028204B01,7,15,1
201900028259,2019-09-05,2019,septembre,jeudi,13:40,4,04096,"44,3791590","6,7819290",1,1,7,1,1,4,2,2,2,1,,,1,0,1,3,1,63,5,1,2,0,0,0,1,201900028259A01,,,
201900028260,2019-09-03,2019,septembre,mardi,17:00,13,13094,"43,7910740","4,7288750",1,1,3,1,1,3,2,2,1,1,,,1,0,1,3,1,80,5,1,2,0,2,3,13,201900028260A01,15,1,1
201900028300,2019-06-27,2019,juin,jeudi,20:30,83,83115,"43,3101630","6,6314850",2,3,1,2,1,4,2,2,1,1,,,1,0,1,3,1,16,5,2,,0,2,1,15,201900028300B01,7,1,1
201900028314,2019-06-25,2019,juin,mardi,21:30,67,67309,"48,6420270","7,7168120",2,9,1,2,1,3,4,2,1,1,,,1,1,5,4,1,39,5,1,2,0,2,1,1,201900028314A01,2,5,1
201900028316,2019-06-27,2019,juin,jeudi,16:45,67,67282,"48,6222580","7,4920200",2,6,3,1,7,3,1,1,1,1,,,1,5,8,3,1,17,0,2,,0,0,7,26,201900028316B01,7,1,1
201900028317,2019-06-28,2019,juin,vendredi,17:10,67,67348,"48,4631260","7,4943060",2,1,3,1,1,4,1,1,1,1,,,1,0,1,4,1,81,5,2,,0,2,3,19,201900028317A01,10,1,1
201900028323,2019-06-29,2019,juin,samedi,17:25,74,74037,"46,2128490","6,3983930",1,3,3,1,7,3,2,2,2,1,,,1,0,1,3,1,23,5,1,2,0,2,1,1,201900028323B01,7,15,1
201900028325,2019-06-29,2019,juin,samedi,10:20,73,73135,"45,2913907","6,3548136",1,1,2,1,1,3,2,2,1,1,,,1,0,1,3,1,63,5,1,2,0,2,6,2,201900028325B01,10,2,1
201900028332,2019-06-29,2019,juin,samedi,07:30,26,26196,"44,8554690","4,9213790",1,2,3,1,1,3,2, -1,1,1,,,1,0,1,4,2,62,5,1,2,0,2,4,1,201900028332A01,7,15,1
201900028340,2019-06-28,2019,juin,vendredi,11:30,69,69040,"45,7982940","4,7821910",2,1,3,1,1,9,2,2,1,1,,,1,0,4,3,1,40,0,2,,0,2,1,0,201900028340B01,7,1,1
201900028347,2019-06-24,2019,juin,lundi,08:30,49,49278,"47,4202710"," -0,5822600",1,6,2,2,1,3,2,2,1,2,,,1,0,1,3,1,68,5,1,2,0,2,2,1,201900028347B01,10,9,1
201900028411,2019-06-26,2019,juin,mercredi,12:00,69,69383,"45,7618000","4,8482100",2,1,6,1,1,4,1,3,1,1,,,1,0,1,1,1,20,0,2,,0,2,1,25,201900028411A01,,,
201900028439,2019-06-25,2019,juin,mardi,08:40,64,64445,"43,3170507"," -0,3442029",2,3,3,1,1,4,2,3,1,1,,,1,0,1,4,1,40,0,2,,0,2,1,15,201900028439A01,7,16,1
201900028455,2019-06-26,2019,juin,mercredi,17:00,34,34172,"43,6010600","3,8847100",2,2,3,1,1,4,2,4,2,1,,,1,9,1,4,1,40,1,2,,0,2,1,1,201900028455A01,7,1,1
201900028498,2019-04-10,2019,avril,mercredi,13:00,64,64348,"43,3361200"," -0,3863500",2,3,3,1,1,4, -1,2,1,1,,,1,0,1,4,1,68,5,2,,0,2,7,1,201900028498B01,7,16,1
201900028499,2019-04-09,2019,avril,mardi,14:25,64,64122,"43,4586000"," -1,5473900",2,6,2,1,1,4,1,1,1,2,,,1,0,1,4,1,82,5,2,,0,2,4,2,201900028499B01,7,2,1
201900028540,2019-04-12,2019,avril,vendredi,08:10,34,34003,"43,2904200","3,5140600",2,6,3,1,1,4,3,4,1,1,,,1,0,1,2,1,71,5,2,,0,2,8,19,201900028540B01,7,1,1
201900028598,2019-04-13,2019,avril,samedi,14:00,1,01451,"46,2476600","5,2301100",1,3,3,1,1,3,2,2,4,1,,,1,0,1,4,1,17,5,2,,0,2,1,15,201900028598B01,7,15,1
201900028629,2019-04-11,2019,avril,jeudi,21:50,75,75117,"48,8954110","2,3116660",2,3,3,5,1,4,2,3,1,1,,,1,0,1,4,1,23,5,1,2,0,2,3,1,201900028629B01,7,16,1
201900028637,2019-04-11,2019,avril,jeudi,20:10,75,75115,"48,8437670","2,2863650",2,2,3,2,1,4,2,1,1,1,,,1,5,1,4,1,60,5,1,2,0,2,8,1,201900028637B01,7,15,1
201900028642,2019-07-26,2019,juillet,vendredi,06:00,988,98818," -22,2671400","166,4635600",2,6,3,1,1,4,2,2,1,2,,,1,0,3,3,2,35,1,2,,0,2,1,15,201900028642B01,10,9,1
201900028691,2019-07-25,2019,juillet,jeudi,18:30,71,71153,"46,8074200","4,4325200",2,6,3,1,1,9, -1,2,1,3,,,1,0,1,4,1,15,9,2,,0,2,8,0,201900028691B01,7,9,1
201900028701,2019-07-25,2019,juillet,jeudi,17:00,67,67482,"48,5782100","7,7330600",2,3,3,1,1,4,1,1,1,1,,,1,5,1,1,1,35,0,2,,0,2,1,1,201900028701A01,1,19,1
201900028701,2019-07-25,2019,juillet,jeudi,17:00,67,67482,"48,5782100","7,7330600",2,3,3,1,1,4,1,1,1,1,,,1,5,1,4,2,47,0,2,,0,2,2,19,201900028701B01,1,1,1
201900028758,2019-07-27,2019,juillet,samedi,02:00,44,44109,"47,2132500"," -1,5447300",2,2,3,3,8,4,2,0,1,1,,,1,9,1,4,1,25,0,2,,0,0,0,1,201900028758B01,7,15,1
201900028775,2019-03-09,2019,mars,samedi,15:50,45,45234,"47,9144130","1,8972620",2,1,6,1,1,4,2,2,1,1,,,1,0,5,4,1,15,5,2,,0,1,1,1,201900028775B01,,,
201900028807,2019-07-26,2019,juillet,vendredi,07:30,26,26362,"44,8926040","4,8806840",2,3,3,1,1,3,2,2,1,1,,,1,0,5,3,1,75,5,1,2,0,2,7,19,201900028807A01,13,15,1
201900028858,2019-03-05,2019,mars,mardi,20:45,34,34172,"43,6200500","3,8512000",2,2,5,5,1,4,2,4,2,1,,,1,0,1,3,1,46,0,2,,0,2,7,19,201900028858A01,7,1,2
201900028985,2019-03-09,2019,mars,samedi,19:00,75,75120,"48,8580410","2,4098960",2,1,7,5,1,4,2,2,2,1,,,1,0,1,4,2,31,0,1,2,0,0,8,21,201900028985A01,,,
201900028986,2019-03-07,2019,mars,jeudi,21:05,75,75120,"48,8686660","2,3896560",2,3,6,5,1,4,2,2,1,1,,,1,0,1,4,1,30,4,1,2,0,1,1,1,201900028986A01,,,
201900029017,2019-05-26,2019,mai,dimanche,11:25,45,45147,"47,9273500","1,9199500",1,3,1,1,1,4,3,2,1,1,,,1,0,1,4,1,89,0,2,,0,2,8,15,201900029017B01,7,15,1
201900029020,2019-05-23,2019,mai,jeudi,09:30,45,45234,"47,9085640","1,8985540",2,1,7,1,1,4,1,1,1,1,,,1,0,1,4,2,23,1,2,,0,0,1,14,201900029020A01,,,
201900029030,2019-05-16,2019,mai,jeudi,12:10,45,45232,"47,8589700","1,9125700",2,1,2,1,1,4,2,2,1,1,,,1,2,1,3,1,20,0,1,2,0,2,1,2,201900029030A01,7,23,1
201900029031,2019-05-15,2019,mai,mercredi,20:20,45,45285,"47,9068933","1,8816138",2,2,3,1,1,4,1,1,1,1,,,1,0,1,4,1,12,5,1,2,0,2,8,1,201900029031A01,7,1,1
201900029034,2019-05-15,2019,mai,mercredi,06:40,45,45075,"47,8916925","1,8426896",2,6,3,2,7,4,2,2,1,1,,,1,0,1,4,1,61,1,1,2/6,0,2,4,1,201900029034B01,10,9,1
201900029039,2019-05-13,2019,mai,lundi,16:45,45,45075,"47,8993820","1,8556980",2,1,1,1,1,4,2,2,1,1,,,1,0,5,1,1,49,1,1,2,0,2,1,1,201900029039B01,1,1,1
201900029039,2019-05-13,2019,mai,lundi,16:45,45,45075,"47,8993820","1,8556980",2,1,1,1,1,4,2,2,1,1,,,1,0,5,4,1,27,2,2,,9,2,1,1,201900029039A01,1,1,1
201900029043,2019-05-10,2019,mai,vendredi,17:05,45,45234,"47,9035500","1,9079200",2,2,3,1,2,4,1,1,1,1,,,2,0,1,4,2,32,0,2,,0,2,1,1,201900029043A01,7,1,1
201900029044,2019-05-10,2019,mai,vendredi,13:15,45,45234,"47,8992700","1,9093800",2,1,6,1,1,4,1,1,2,1,,,1,6,1,4,1,23,0,2,,0,1,1,2,201900029044A01,,,
201900029049,2019-05-06,2019,mai,lundi,09:10,45,45075,"47,8929100","1,8472500",2,1,7,1,1,2,3,4,1,1,,,1,0,1,4,2,17,1,2,,12,0,7,14,201900029049A01,,,
201900029070,2019-04-29,2019,avril,lundi,09:40,44,44184,"47,2700000"," -2,2391300",2,6,3,1,1,4,3,2,1,3,,,1,0,1,4,1,67,5,1,2,0,2,7,1,201900029070B01,7,9,1
201900029078,2019-05-22,2019,mai,mercredi,20:10,44,44109,"47,2302640"," -1,5239220",2,1,3,1,1,4,2,0,1,2,,,1,5,1,4,1,32,0,2,,0,2,7,1,201900029078B01,7,15,1
201900029141,2019-05-05,2019,mai,dimanche,17:10,38,38185,"45,1733200","5,7421000",2,1,3,1,1,4, -1,2,1,1,,,1,0,1,4,1,9,5,2,,0,0,8,19,201900029141A01,7,1,1
201900029264,2019-11-11,2019,novembre,lundi,01:10,75,75117,"48,8930040","2,3274290",2,5,6,5,1,4,2,4,2,1,,,1,0,1,4,1,38,0,1,2,0,2,8,15,201900029264A01,7,1,1
201900029267,2019-11-11,2019,novembre,lundi,17:50,75,75111,"48,8706120","2,3783540",2,1,3,2,1,4,3,1,1,1,,,1,0,5,4,2,25,9,1,2,0,2,1,17,201900029267B01,7,22,1
201900029309,2019-11-12,2019,novembre,mardi,07:40,34,34299,"43,2859200","3,2738370",2,1,1,1,1,4,2,2,1,1,,,1,0,1,4,1,12,2,1,2,0,2,1,17,201900029309B01,7,1,1
201900029376,2019-12-20,2019,décembre,vendredi,13:20,35,35263,"48,6765000"," -1,8950000",1,1,3,1,1,3,2,2,1,2,,,1,0,1,3,1,73,5,1,2/4/6,0,2,7,1,201900029376B01,7,17,1
201900029384,2019-07-13,2019,juillet,samedi,10:30,14,14294,"49,0980740"," -0,2562910",2,3,1,1,1,3,2,2,1,1,,,1,5,1,3,1,75,5,1,2,0,2,1,1,201900029384B01,7,15,1
201900029411,2019-12-20,2019,décembre,vendredi,20:50,74,74220,"46,1522570","6,2522340",1,1,2,5,2,3,2,2,1,1,,,2,0,1,3,2,47,1,1,2/4,0,2,4,1,201900029411B01,7,14,1
201900029491,2019-12-19,2019,décembre,jeudi,18:45,44,44109,"47,2420700"," -1,5235200",2,1,1,5,3,4, -1,0,1,1,,,2,0,1,3,1,55,0,2,,0,2,1,1,201900029491B01,7,15,1
201900029520,2019-12-18,2019,décembre,mercredi,07:50,75,75113,"48,8356830","2,3753800",2,3,3,1,8,4,2,2,1,1,,,1,0,5,4,1,30,1,1,2,0,2,2,1,201900029520B01,7,15,1
201900029521,2019-12-19,2019,décembre,jeudi,09:20,75,75112,"48,8342670","2,4047240",2,3,3,1,8,4,2,2,2,1,,,1,0,5,4,1,26,1,1,2,0,2,1,19,201900029521B01,7,16,1
201900029527,2019-12-19,2019,décembre,jeudi,19:10,75,75107,"48,8523620","2,3236245",2,1,7,5,1,4,1,1,1,1,,,1,0,5,4,2,59,5,1,2,0,0,0,1,201900029527A01,,,
201900029529,2019-12-19,2019,décembre,jeudi,11:30,75,75104,"48,8510270","2,3611270",2,4,7,1,8,4,2,2,2,1,,,3,6,6,4,1,72,9,1,2,0,0,7,16,201900029529A01,,,
201900029559,2019-10-07,2019,octobre,lundi,20:10,75,75106,"48,8568023","2,3392779",2,1,1,5,1,4,1,4,1,1,,,1,0,6,4,1,43,0,1,2,0,2,1,8,201900029559B01,33,14,1
201900029567,2019-10-07,2019,octobre,lundi,10:00,75,75117,"48,8832241","2,3253237",2,3,3,1,1,4,3,2,1,1,,,1,0,5,4,2,25,1,1,2,0,2,8,1,201900029567B01,7,15,1
201900029574,2019-10-07,2019,octobre,lundi,15:00,75,75112,"48,8339963","2,4455832",2,7,6,1,1,4,1,2,1,2,,,1,0,1,4,2,81,5,1,2,0,2,4,2,201900029574A01,10,2,1
201900029580,2019-10-07,2019,octobre,lundi,15:30,75,75104,"48,8554569","2,3600888",2,3,6,1,1,4,1,2,1,1,,,1,0,5,1,2,55,0,1,2,0,1,8,1,201900029580A01,,,
201900029607,2019-10-07,2019,octobre,lundi,15:20,76,76408,"49,6168230","0,3507050",1,1,3,1,1,3,2,2,1,1,,,1,0,1,4,1,58,5,1,2,0,2,3,1,201900029607B01,21,17,1
201900029641,2019-10-03,2019,octobre,jeudi,11:55,29,29161,"47,9021690"," -4,0282800",2,6,3,1,1,3,2,2,2,1,,,1,6,1,3,2,73,5,2,,0,2,5,19,201900029641A01,7,9,1
201900029704,2019-10-05,2019,octobre,samedi,23:20,75,75103,"48,8670271","2,3544618",2,1,3,5,1,4,1,2,1,1,,,1,0,6,4,1,42,5,1,2,0,2,3,13,201900029704B01,7,7,1
201900029720,2019-10-07,2019,octobre,lundi,15:30,31,31065,"43,3916800","1,1519150",1,1,7,1,1,3,2,2,2,1,,,9,8,1,2,1,78,5,1,2,0,0,1,0,201900029720A01,,,
201900029724,2019-01-25,2019,janvier,vendredi,15:20,75,75110,"48,8724800","2,3553820",2,1,6,1,8,4,1,1,1,1,,,1,9,5,1,1,30,9,1,2,0,1,2,1,201900029724B01,,,
201900029857,2019-01-25,2019,janvier,vendredi,14:45,37,37139,"47,4261434","0,4947010",1,1,3,1,1,3,2,2,1,1,,,2,0,1,3,1,63,5,1,2,13,0,8,1,201900029857B01,7,17,1
201900029883,2019-01-23,2019,janvier,mercredi,14:25,971,97116,"16,3519260"," -61,4505150",1,1,1,1,1,4,2,2,1,3,,,1,0,1,4,1,19,0,2,,0,2,1,13,201900029883B01,7,1,1
201900029885,2019-01-25,2019,janvier,vendredi,11:50,44,44020,"47,1766854"," -1,6192442",2,1,3,1,1,7,3,2,2,2,,,1,0,5,4,1,50,5,2,,0,2,8,1,201900029885B01,10,2,1
201900029887,2019-01-24,2019,janvier,jeudi,15:30,78,78616,"48,8713550","1,8035980",2,1,2,1,1,3,2,2,1,1,,,2,0,1,3,1,69,5,1,2,0,2,0,2,201900029887B01,7,2,1
201900029905,2019-01-14,2019,janvier,lundi,14:26,69,69050,"45,8728400","4,6363080",1,1,1,1,1,9, -1,1,1,2,,,6,0,8,4,1,37,5,1,2,0,2,1,1,201900029905B01,33,21,1
201900029927,2019-09-07,2019,septembre,samedi,19:50,62,62001,"50,3900910","2,7209250",2,1,3,2,2,3,2,2,1,1,,,2,0,1,3,1,17,5,2,,0,0,8,10,201900029927B01,7,1,1
201900029928,2019-06-17,2019,juin,lundi,13:00,59,59634,"50,7297710","2,4761530",2,6,3,1,1,3,2,2,1,1,,,1,0,1,3,1,53,1,2,,0,2,2,1,201900029928B01,7,1,1
201900030012,2019-09-04,2019,septembre,mercredi,08:08,72,72181,"48,0166200","0,1581200",2,3,3,1,1,4,2,2,1,1,,,1,0,2,4,2,55,1,2,,0,2,4,1,201900030012B01,7,15,1
201900030013,2019-09-03,2019,septembre,mardi,12:10,71,71076,"46,7737600","4,8413900",2,1,3,1,1,4,2,2,2,2,,,1,0,1,3,1,50,1,2,,0,2,1,1,201900030013B01,7,17,1
201900030018,2019-08-24,2019,août,samedi,14:35,62,62516,"50,5474510","2,4915360",2,2,3,1,1,4,3,2,1,1,,,1,0,1,3,1,58,5,1,2,0,2,2,0,201900030018A01,7,0,1
201900030065,2019-09-04,2019,septembre,mercredi,16:15,75,75118,"48,8838520","2,3494760",2,2,6,1,1,4,2,4,1,1,,,1,0,6,1,1,48,5,1,2,0,1,1,7,201900030065A01,,,
201900030069,2019-09-04,2019,septembre,mercredi,17:05,75,75115,"48,8477752","2,3015701",2,7,3,1,1,4,1,2,1,2,,,1,5,1,4,1,55,1,1,2,0,2,4,1,201900030069B01,7,1,1
201900030071,2019-09-03,2019,septembre,mardi,18:35,75,75114,"48,8265130","2,3110400",2,1,3,1,1,4,3,2,1,1,,,1,0,1,1,1,56,5,1,2,0,2,8,19,201900030071A01,32,1,1
201900030072,2019-09-04,2019,septembre,mercredi,17:00,75,75113,"48,8284661","2,3729348",2,2,3,1,1,4,2,3,2,1,,,1,0,1,1,1,21,1,1,2,0,2,6,13,201900030072A01,33,17,1
201900030073,2019-09-04,2019,septembre,mercredi,07:47,75,75113,"48,8267561","2,3570893",2,3,3,1,1,4,2,4,1,1,,,1,0,5,4,1,25,0,1,2,0,2,7,1,201900030073A01,7,16,1
201900030074,2019-09-04,2019,septembre,mercredi,14:30,75,75111,"48,8504600","2,3929370",2,3,3,1,1,4,2,2,2,1,,,1,1,1,4,1,38,9,1,2,0,2,1,18,201900030074B01,7,22,1
201900030078,2019-09-04,2019,septembre,mercredi,15:45,75,75107,"48,8578840","2,3158900",2,1,3,1,1,4,1,1,1,1,,,1,0,1,4,2,21,2,1,2,0,2,7,1,201900030078B01,10,22,1
201900030118,2019-06-26,2019,juin,mercredi,12:45,75,75111,"48,8614040","2,3740930",2,1,1,1,2,4,2,2,1,1,,,1,0,1,4,1,26,4,2,,0,2,1,17,201900030118A01,7,1,1
201900030119,2019-06-26,2019,juin,mercredi,08:55,75,75111,"48,8542810","2,3699450",2,1,2,1,1,4,1,1,1,1,,,1,0,1,4,2,40,5,1,2,0,2,7,17,201900030119B01,7,22,1
201900030122,2019-06-26,2019,juin,mercredi,19:40,75,75108,"48,8782790","2,2990690",2,1,3,1,1,4,2,4,1,1,,,1,0,1,4,2,60,1,2,,0,2,4,17,201900030122B01,7,1,1
201900030123,2019-06-25,2019,juin,mardi,23:30,75,75107,"48,8625900","2,3104280",2,2,3,5,1,4,3,2,1,1,,,1,0,1,4,1,22,5,2,,0,2,1,19,201900030123A01,7,1,1
201900030150,2019-06-26,2019,juin,mercredi,08:40,1,01030,"46,0021610","4,7533740",2,3,1,1,1,3,2,2,1,1,,,1,0,1,3,2,62,5,2,,0,2,1,23,201900030150B01,7,13,1
201900030159,2019-06-27,2019,juin,jeudi,07:20,61,61145,"48,5872254"," -0,6280341",2,3,3,1,7,4,2,2,2,1,,,1,0,1,3,1,17,5,1,2,0,2,3,1,201900030159B01,7,15,1
201900030159,2019-06-27,2019,juin,jeudi,07:20,61,61145,"48,5872254"," -0,6280341",2,3,3,1,7,4,2,2,2,1,,,1,0,1,3,1,16,5,1,2,0,2,3,1,201900030159B01,7,15,1
201900030160,2019-06-27,2019,juin,jeudi,19:45,42,42107,"45,5330480","3,9950420",1,3,3,2,1,3,2,2,2,1,,,1,0,1,3,1,18,5,1,2,0,2,1,1,201900030160B01,7,15,1
201900030177,2019-06-27,2019,juin,jeudi,16:40,13,13051,"43,6134850","5,1386960",1,2,2,1,1,3,2,2,1,1,,,1,0,1,3,1,16,2,2,,0,2,4,15,201900030177B01,7,17,1
201900030193,2019-06-27,2019,juin,jeudi,07:00,16,16232,"45,6799230","0,2708910",1,1,6,1,1,3,2,2,1,1,0,6.40000000000000036,1,0,1,3,1,59,5,1,2,0,6,1,1,201900030193A01,,,
201900030194,2019-06-26,2019,juin,mercredi,18:20,33,33413,"44,8641600"," -0,3105200",1,3,3,1,1,4,2,2,1,1,,,1,0,1,3,1,42,5,1,2,0,2,1,1,201900030194B01,7,1,1
201900030244,2019-06-21,2019,juin,vendredi,09:40,73,73065,"45,5607640","5,9308855",1,3,1,1,1,3,2,2,2,1,,,1,0,1,4,1,45,5,1,2,0,2,1,5,201900030244A01,7,1,1
201900030250,2019-06-24,2019,juin,lundi,17:25,65,65440,"43,2288430","0,0883780",2,6,2,1,1,2,2,2,1,1,,,1,0,1,3,1,69,5,1,2,0,2,1,2,201900030250A01,7,1,1
201900030262,2019-04-11,2019,avril,jeudi,11:10,75,75115,"48,8382400","2,3083550",2,2,3,1,1,4,1,1,1,1,,,1,0,1,3,2,47,4,1,2,12,2,5,18,201900030262A01,15,1,1
201900030275,2019-04-10,2019,avril,mercredi,23:00,75,75111,"48,8525200","2,3832460",2,2,3,5,1,4,1,1,1,1,,,1,0,1,4,1,45,0,2,,0,2,1,1,201900030275B01,30,5,1
201900030276,2019-04-13,2019,avril,samedi,09:19,75,75110,"48,8729030","2,3637390",2,2,3,1,1,4,1,3,2,1,,,1,0,1,4,2,26,0,1,6,0,2,1,1,201900030276B01,10,1,1
201900030287,2019-04-12,2019,avril,vendredi,14:50,75,75101,"48,8603900","2,3405810",2,7,1,1,1,4,2,3,1,1,,,1,0,1,4,1,31,1,1,2,0,2,1,17,201900030287B01,43,1,1
201900030304,2019-04-12,2019,avril,vendredi,13:25,94,94059,"48,8158800","2,5623600",2,1,3,1,1,3,2,2,1,2,,,1,0,1,4,2,81,5,2,,0,2,2,1,201900030304B01,7,17,1
201900030369,2019-04-04,2019,avril,jeudi,09:45,62,62706,"50,5926594","2,7426445",2,2,3,1,1,3,2,2,1,1,,,1,0,1,4,2,67,5,2,,0,2,1,1,201900030369B01,10,19,1
201900030380,2019-04-08,2019,avril,lundi,22:00,59,59445,"50,0486070","4,1161710",1,1,2,3,2,3,2,2,1,1,,,2,0,1,3,1,18,5,1,9,0,2,4,1,201900030380B01,0,0,1
201900030395,2019-04-14,2019,avril,dimanche,15:45,12,12165,"44,4938930","2,5718800",1,1,1,1,1,3,2,2,2,3,,,1,0,1,4,1,50,5,1,2/6,0,2,1,13,201900030395A01,7,1,1
201900030412,2019-04-14,2019,avril,dimanche,10:30,1,01432,"46,3377380","5,3373840",1,1,1,1,1,3,2,2,1,1,,,1,0,1,3,1,75,5,1,2,0,2,3,15,201900030412B01,7,17,1
201900030417,2019-04-12,2019,avril,vendredi,18:55,72,72217,"48,0738900","0,2253176",2,3,6,1,7,3,2,2,1,1,,,1,0,1,3,1,52,5,1,2,0,2,8,1,201900030417B01,7,17,1
201900030454,2019-03-05,2019,mars,mardi,14:20,75,75117,"48,8826460","2,2925900",2,3,3,1,1,4,2,2,1,1,,,1,0,1,4,1,28,1,1,2,0,2,1,16,201900030454A01,7,1,1
201900030466,2019-03-07,2019,mars,jeudi,09:35,75,75115,"48,8453510","2,2785790",2,2,7,1,1,4,2,2,1,1,,,1,0,1,4,2,42,1,1,2,0,0,0,21,201900030466A01,,,
201900030472,2019-03-07,2019,mars,jeudi,16:30,75,75114,"48,8374870","2,3202070",2,3,3,1,2,4,1,1,1,1,,,2,0,1,4,1,27,0,1,2,0,2,2,1,201900030472A01,7,15,1
201900030474,2019-03-04,2019,mars,lundi,09:55,75,75115,"48,8403580","2,3148970",2,7,3,1,2,4,3,2,3,1,,,2,0,1,4,1,40,0,1,2,0,2,1,1,201900030474B01,7,1,1
201900030476,2019-03-07,2019,mars,jeudi,18:30,75,75112,"48,8456820","2,3726780",2,3,6,2,2,4,2,4,1,1,,,2,0,1,1,2,39,1,1,2,0,1,1,1,201900030476A01,,,
201900030481,2019-03-06,2019,mars,mercredi,13:40,75,75111,"48,8594760","2,3676050",2,3,3,1,8,4,2,3,1,1,,,2,0,6,4,1,28,1,1,2,0,2,1,7,201900030481A01,7,16,1
201900030482,2019-03-05,2019,mars,mardi,09:30,75,75111,"48,8688410","2,3763080",2,2,6,1,1,4,1,2,1,1,,,2,0,1,4,1,50,4,1,4,0,2,6,1,201900030482B01,10,1,1
201900030483,2019-03-09,2019,mars,samedi,14:40,75,75110,"48,8742750","2,3626250",2,2,3,1,1,4,1,1,1,1,,,1,0,1,4,2,33,9,1,2,0,2,3,1,201900030483B01,32,1,1
201900030489,2019-03-06,2019,mars,mercredi,18:20,75,75109,"48,8762010","2,3451430",2,1,6,3,2,4,1,3,1,1,,,2,0,6,4,2,28,1,1,2,0,2,0,7,201900030489B01,7,22,1
201900030490,2019-03-06,2019,mars,mercredi,17:11,75,75102,"48,8706920","2,3325260",2,7,6,1,8,4,1,2,1,1,,,1,0,1,1,1,27,0,1,2,0,1,1,1,201900030490A01,,,
201900030496,2019-03-06,2019,mars,mercredi,09:30,75,75107,"48,8605930","2,3259540",2,1,3,1,1,4,1,2,1,1,,,1,0,1,4,1,24,4,1,2,4,2,7,17,201900030496B01,15,1,1
201900030498,2019-03-04,2019,mars,lundi,14:10,75,75107,"48,8503510","2,3068590",2,7,3,1,8,4,1,2,1,3,,,1,0,1,4,1,15,0,1,2,0,2,2,19,201900030498B01,7,16,1
201900030581,2019-03-08,2019,mars,vendredi,08:15,37,37178,"47,1501700","0,3967830",2,1,7,1,1,4,2,2,2,1,,,1,0,1,2,2,70,3,2,,0,0,0,1,201900030581A01,,,
201900030600,2019-03-04,2019,mars,lundi,20:00,67,67448,"48,4823130","7,2049250",2,1,2,5,1,3,2,2,1,1,,,1,0,1,3,1,32,5,1,9,0,0,4,1,201900030600B01,3,1,1
201900030614,2019-03-06,2019,mars,mercredi,13:20,89,89419,"47,7320380","3,3030050",2,1,3,1,8,3,3,2,2,1,,,2,0,1,3,1,23,5,1,2,0,2,1,1,201900030614B01,7,20,1
201900030636,2019-03-07,2019,mars,jeudi,11:30,29,29153,"47,8155520"," -3,7881250",2,2,3,1,7,4,2,2,1,1,,,2,0,1,3,1,67,5,2,,0,2,1,1,201900030636B01,7,15,1
201900030656,2019-07-26,2019,juillet,vendredi,08:35,75,75120,"48,8769855","2,4064654",2,2,2,1,1,4,2,2,2,1,,,1,0,1,4,2,59,1,1,2,0,2,4,2,201900030656B01,32,2,1
201900030657,2019-07-25,2019,juillet,jeudi,00:05,75,75120,"48,8527070","2,4061290",2,2,3,5,1,4,2,2,1,1,,,1,6,1,1,1,44,5,1,2,0,2,6,1,201900030657B01,30,17,1