Num_Acc,date,an,mois,jour,hrmn,dep,com,lat,long,agg,int,col,lum,atm,catr,circ,nbv,prof,plan,lartpc,larrout,surf,infra,situ,grav,sexe,age,trajet,secuexist,equipement,obs,obsm,choc,manv,vehiculeid,typevehicules,manoeuvehicules,numVehicules
201900030661,2019-07-27,2019,juillet,samedi,00:20,75,75118,"48,8924080","2,3449990",2,2,3,5,3,4,2,2,1,1,,,2,0,1,4,1,21,0,1,2,0,2,1,1,201900030661A01,7,15,1
201900030676,2019-07-27,2019,juillet,samedi,13:59,75,75108,"48,8705200","2,3052860",2,2,3,1,1,4,2,2,1,1,,,1,6,1,4,2,41,5,1,2,0,2,7,1,201900030676B01,30,13,1
201900030679,2019-07-24,2019,juillet,mercredi,09:15,75,75108,"48,8646860","2,3136570",2,2,6,1,1,4,2,2,1,1,,,1,2,1,4,1,34,9,1,2,8,0,1,21,201900030679A01,,,
201900030682,2019-07-26,2019,juillet,vendredi,18:30,75,75102,"48,8689211","2,3400825",2,2,3,1,1,4,1,3,1,1,,,1,0,1,4,2,24,0,1,2,0,2,6,1,201900030682B01,7,16,1
201900030716,2019-07-26,2019,juillet,vendredi,21:15,92,92075,"48,8122100","2,2802100",2,1,6,2,1,4,2,2,2,1,,,1,0,1,1,1,27,1,1,2,0,1,1,2,201900030716A01,,,
201900030733,2019-07-27,2019,juillet,samedi,08:20,51,51262,"48,6964677","4,5938604",2,1,1,1,2,3, -1,2,1,1,,,2,0,1,3,2,39,5,2,,0,2,1,1,201900030733A01,7,13,1
201900030756,2019-07-21,2019,juillet,dimanche,09:45,974,97413," -21,2322550","55,2973790",1,3,3,1,1,2,2,2,1,1,,,1,0,5,3,1,67,5,1,2,0,2,1,2,201900030756B01,7,16,1
201900030762,2019-07-28,2019,juillet,dimanche,11:20,62,62799,"50,4589280","1,7217400",1,1,2,1,1,3,2,2,2,1,,,1,0,1,1,1,29,5,1,2/6,0,0,4,2,201900030762B01,1,2,1
201900030762,2019-07-28,2019,juillet,dimanche,11:20,62,62799,"50,4589280","1,7217400",1,1,2,1,1,3,2,2,2,1,,,1,0,1,3,2,33,5,1,2/6,0,9,4,2,201900030762A01,1,2,1
201900030772,2019-07-28,2019,juillet,dimanche,09:15,56,56193,"47,7341190"," -3,3109910",1,1,3,1,1,3,2,2,1,2,,,1,0,1,3,1,55,5,1,2,0,2,8,1,201900030772B01,7,14,1
201900030774,2019-07-26,2019,juillet,vendredi,17:10,56,56186,"47,4749280"," -3,1015280",2,1,3,1,1,4,2,2,2,3,,,1,0,3,3,1,47,5,2,,0,2,8,1,201900030774A01,7,16,1
201900030798,2019-07-26,2019,juillet,vendredi,09:10,29,29206,"48,6501570"," -4,2073020",1,1,3,1,1,3,2,2,1,1,,,1,0,1,4,1,53,5,1,2,0,2,8,1,201900030798B01,7,17,1
201900030819,2019-07-27,2019,juillet,samedi,19:50,64,64386,"43,1892419"," -0,2503662",2,2,3,1,2,3,2,2,1,1,,,2,0,1,3,1,49,5,1,2,0,2,1,1,201900030819B01,7,15,1
201900030823,2019-05-03,2019,mai,vendredi,12:14,36,36202,"46,8136816","1,6106451",1,1,3,1,1,3, -1,2,1,1,,,1,0,1,4,2,72,5,1,2,0,0,8,1,201900030823B01,7,17,1
201900030859,2019-05-02,2019,mai,jeudi,18:35,35,35238,"48,1010240"," -1,6851510",2,3,3,1,1,4,3,3,2,1,,,1,0,1,4,2,38,1,2,,0,2,4,1,201900030859B01,7,16,1
201900030869,2019-05-27,2019,mai,lundi,12:00,34,34172,"43,5852900","3,8599600",2,1,3,1,1,4,2,5,1,1,,,1,0,1,4,1,60,0,2,,0,2,1,19,201900030869A01,7,15,1
201900030872,2019-05-23,2019,mai,jeudi,18:00,34,34172,"43,6064600","3,8370900",2,2,2,1,1,4,2,2,2,1,,,1,5,1,4,1,15,5,2,,0,2,4,1,201900030872B01,10,16,1
201900030875,2019-05-23,2019,mai,jeudi,18:50,34,34172,"43,6065300","3,8721900",2,2,3,1,1,4,1,2,1,1,,,1,4,1,4,1,24,5,2,,0,2,1,1,201900030875B01,10,1,1
201900030885,2019-05-10,2019,mai,vendredi,18:25,34,34172,"43,6108300","3,8666400",2,1,6,1,1,4,1,1,1,1,,,1,0,1,1,1,26,0,2,,0,1,2,1,201900030885A01,,,
201900030916,2019-05-15,2019,mai,mercredi,07:50,33,33039,"44,8045840"," -0,5721500",2,3,2,1,1,4,2,2,1,1,,,1,0,1,4,2,25,1,2,,0,2,3,1,201900030916B01,7,16,1
201900030918,2019-05-24,2019,mai,vendredi,19:48,33,33550,"44,7782290"," -0,5706800",2,6,3,1,1,4,3,0,1,3,,,1,0,1,4,1,18,0,2,,0,2,4,9,201900030918B01,7,9,1
201900030926,2019-05-22,2019,mai,mercredi,12:45,33,33069,"44,8660340"," -0,5952460",2,2,3,1,1,4,2,2,1,1,,,1,0,1,4,2,22,4,2,,0,2,4,1,201900030926B01,32,1,1
201900030966,2019-05-22,2019,mai,mercredi,17:25,32,32013,"43,6556700","0,5923600",2,1,7,1,1,5,2,1,1,1,,,9,9,1,4,2,50,9,2,,15,0,1,16,201900030966A01,,,
201900031032,2019-11-09,2019,novembre,samedi,12:00,75,75109,"48,8766588","2,3394497",2,4,6,1,1,4,1,2,2,2,,,1,0,1,1,1,20,0,1,2,0,1,1,1,201900031032A01,,,
201900031039,2019-10-27,2019,octobre,dimanche,09:15,17,17442,"45,6280960"," -0,7782450",1,1,3,1,1,3,2,2,1,1,,,1,0,1,3,1,64,5,1,2,0,2,8,1,201900031039B01,7,1,1
201900031053,2019-11-11,2019,novembre,lundi,16:45,42,42325,"45,9370950","4,1352690",1,1,6,1,1,3,2,2,2,2,,,9,0,1,3,1,50,5,1,2/4,0,1,1,2,201900031053A01,,,
201900031077,2019-11-11,2019,novembre,lundi,14:50,22,22198,"48,7733877"," -3,5203692",2,6,3,1,8,3,2,2,1,1,,,1,0,1,2,1,16,5,1,2,0,2,4,1,201900031077B01,7,9,1
201900031155,2019-11-09,2019,novembre,samedi,17:00,68,68162,"48,1347431","7,2903820",1,2,3,2,1,3,2,2,1,1,,,1,0,1,4,2,56,1,2,,0,2,2,1,201900031155A01,7,9,1
201900031165,2019-11-09,2019,novembre,samedi,14:45,68,68088,"47,8480560","7,2788890",1,6,3,1,1,3,2,2,1,1,,,1,0,1,3,1,65,0,2,,0,2,1,1,201900031165B01,7,16,1
201900031167,2019-10-11,2019,octobre,vendredi,09:00,44,44116,"47,2866490"," -2,0256950",2,1,2,1,7,4,2,2,1,1,,,1,0,1,2,2,74,3,2,,0,2,4,2,201900031167B01,3,2,1
201900031217,2019-12-18,2019,décembre,mercredi,18:15,33,33088,"45,0152200"," -0,0438200",2,1,3,5,1,3,2,2,1,1,,,2,0,5,3,2,20,5,2,,0,2,1,5,201900031217B01,7,9,1
201900031219,2019-12-19,2019,décembre,jeudi,07:45,76,76238,"49,5588577","0,2341140",1,1,2,3,1,3,2,2,2,3,,,1,0,1,3,1,25,1,2,,0,2,4,1,201900031219B01,16,1,1
201900031227,2019-12-19,2019,décembre,jeudi,20:15,79,79079,"46,9308100"," -0,8222440",1,1,6,3,3,3,2,2,1,1,,73,2,0,1,4,1,31,5,2,,0,0,0,1,201900031227A01,,,
201900031255,2019-12-16,2019,décembre,lundi,07:00,74,74268,"45,8843850","6,1087250",2,4,1,5,1,3,3,2,2,1,,,1,0,5,4,1,31,1,2,,0,2,1,1,201900031255B01,7,16,1
201900031271,2019-12-19,2019,décembre,jeudi,08:40,29,29046,"48,0757690"," -4,3117580",1,6,3,2,2,3,1,1,1,2,,,2,0,1,4,2,24,0,2,,0,0,7,2,201900031271B01,7,2,1
201900031295,2019-12-16,2019,décembre,lundi,07:20,75,75120,"48,8611790","2,4093470",2,1,6,5,3,4,2,4,2,1,,,2,0,5,4,1,56,1,1,2,8,0,1,1,201900031295A01,,,
201900031296,2019-12-16,2019,décembre,lundi,07:30,75,75117,"48,8873230","2,2978860",2,7,3,5,3,4,1,2,1,1,,,2,0,6,4,2,31,1,1,2,0,2,7,7,201900031296B01,7,16,1
201900031336,2019-07-21,2019,juillet,dimanche,11:10,47,47256,"44,6375720","0,7984210",1,3,5,1,1,4,2,2,1,1,,,1,0,1,4,1,68,5,1,2,0,0,0,1,201900031336C01,7,15,1
201900031336,2019-07-21,2019,juillet,dimanche,11:10,47,47256,"44,6375720","0,7984210",1,3,5,1,1,4,2,2,1,1,,,1,0,1,3,1,73,5,1,2,0,2,1,1,201900031336B01,7,15,1
201900031357,2019-12-16,2019,décembre,lundi,11:45,3,03138,"46,2536056","3,6261443",2,1,7,1,1,4,2,2,1,1,,,1,0,4,3,1,75,3,2,,0,0,1,14,201900031357A01,,,
201900031368,2019-11-24,2019,novembre,dimanche,11:15,18,18041,"46,6418080","2,4933880",1,1,3,1,1,3,2,2,2,1,,,1,2,1,3,2,46,5,1,2,0,2,8,1,201900031368B01,1,14,1
201900031368,2019-11-24,2019,novembre,dimanche,11:15,18,18041,"46,6418080","2,4933880",1,1,3,1,1,3,2,2,2,1,,,1,2,1,4,1,63,5,1,2,0,2,7,14,201900031368A01,1,1,1
201900031373,2019-12-17,2019,décembre,mardi,17:35,17,17385,"45,9366690"," -1,3037690",2,3,3,3,2,4,2,2,1,1,,,2,0,1,3,1,9,5,1,2,0,2,7,15,201900031373B01,7,1,1
201900031419,2019-08-28,2019,août,mercredi,16:00,74,74010,"45,8565060","6,0890800",2,1,1,1,1,3,2,2,2,2,,,1,0,1,3,1,57,5,1,2,0,2,1,1,201900031419B01,7,15,1
201900031467,2019-10-05,2019,octobre,samedi,17:10,74,74012,"46,1982300","6,2644300",2,1,3,1,1,4,2,2,2,1,,,1,0,1,4,1,18,9,2,,0,2,3,15,201900031467B01,7,1,1
201900031496,2019-10-05,2019,octobre,samedi,18:00,6,06069,"43,6501290","6,9198990",2,1,2,1,1,4,2,2,2,1,,,1,0,1,4,1,16,5,2,,0,2,1,1,201900031496A01,10,1,1
201900031498,2019-10-05,2019,octobre,samedi,03:30,75,75118,"48,8857448","2,3649831",2,3,3,5,1,4,1,1,1,1,,,1,0,1,4,1,32,0,1,2,0,2,1,5,201900031498A01,7,1,1
201900031539,2019-10-02,2019,octobre,mercredi,18:00,74,74010,"45,9467840","6,1210580",2,1,1,2,1,3,2,2,1,2,,,2,0,5,4,1,45,0,1,2,0,9,1,1,201900031539B01,1,1,1
201900031539,2019-10-02,2019,octobre,mercredi,18:00,74,74010,"45,9467840","6,1210580",2,1,1,2,1,3,2,2,1,2,,,2,0,5,1,1,18,0,2,,0,9,1,1,201900031539A01,1,1,1
201900031553,2019-10-02,2019,octobre,mercredi,19:30,32,32160,"43,6116830","1,0758050",2,1,1,1,1,4,1,1,1,3,,,1,0,1,4,2,7,5,2,,0,2,1,5,201900031553B01,7,1,1
201900031559,2019-09-13,2019,septembre,vendredi,11:45,47,47054,"44,3975670","0,4950290",2,6,3,1,7,3,2,2,1,1,,,1,5,1,3,1,60,5,1,2/6,0,0,5,15,201900031559A01,7,9,1
201900031560,2019-10-05,2019,octobre,samedi,14:35,47,47051,"44,1729970","0,6912390",1,2,3,1,8,3,2,2,3,1,,,1,0,1,3,1,16,5,2,,0,2,8,13,201900031560A01,7,17,1
201900031624,2019-01-22,2019,janvier,mardi,08:30,69,69386,"45,7663600","4,8671400",2,2,3,1,1,4,1,1,1,1,,,1,0,1,3,2,29,1,2,,0,2,6,2,201900031624B01,7,19,1
201900031637,2019-01-22,2019,janvier,mardi,13:40,66,66136,"42,6812000","2,9105900",2,1,3,1,1,4,2,2,1,2,,,1,5,1,4,2,28,0,2,,0,2,1,1,201900031637B01,7,9,1
201900031639,2019-01-20,2019,janvier,dimanche,20:30,62,62270,"50,4792200","2,4795300",2,1,3,4,8,4,2,2,2,1,,,1,0,1,3,1,18,0,2,,0,2,1,1,201900031639B01,7,15,1
201900031722,2019-01-15,2019,janvier,mardi,15:30,33,33093,"44,7270700"," -0,3308700",1,1,7,1,1,3,2,2,2,1,,,1,0,8,2,1,48,5,1,2,0,0,0,0,201900031722A01,,,
201900031754,2019-06-25,2019,juin,mardi,21:10,44,44162,"47,2272400"," -1,6510200",2,1,3,2,1,4,2,0,1,1,,,1,0,1,3,1,83,9,2,,0,2,1,1,201900031754B01,7,26,1
201900031789,2019-06-25,2019,juin,mardi,19:00,75,75118,"48,8899830","2,3264570",2,1,4,1,1,4,2,4,2,1,,,1,0,5,4,2,38,1,2,,0,2,1,1,201900031789C01,7,24/22,2
201900031800,2019-06-25,2019,juin,mardi,09:10,75,75108,"48,8761970","2,2968940",2,1,7,1,1,4,2,8,2,1,,,1,0,6,4,2,56,9,1,2,0,0,7,13,201900031800A01,,,
201900031801,2019-06-25,2019,juin,mardi,16:20,75,75107,"48,8589660","2,2960430",2,1,6,1,1,4, -1,0,1,1,,,1,6,8,4,1,12,5,2,,0,1,1,1,201900031801A01,,,
201900031815,2019-09-03,2019,septembre,mardi,18:30,31,31418,"43,6270489","1,5305128",2,1,3,1,7,3,2,2,2,1,,,1,0,1,3,2,51,1,1,2,0,2,1,1,201900031815A01,7,15,1
201900031825,2019-09-04,2019,septembre,mercredi,17:45,74,74019,"45,9399000","6,1442430",2,6,3,1,7,4,2,2,1,1,,,1,0,6,4,1,85,0,2,,0,0,7,19,201900031825B01,2,9,1
201900031850,2019-06-24,2019,juin,lundi,18:00,83,83072,"43,4931970","6,3611460",2,6,3,1,1,3, -1,2,1,1,,,1,5,1,4,1,56,5,2,,0,0,6,1,201900031850A01,7,16,1
201900031864,2019-09-04,2019,septembre,mercredi,18:45,5,05010,"44,5253160","5,7723640",2,1,3,1,1,4,2,2,3,4,,,1,0,1,3,1,14,5,1,2,0,2,3,1,201900031864B01,7,1,1
201900031866,2019-06-25,2019,juin,mardi,15:00,76,76238,"49,5630690","0,2339620",2,3,3,1,1,3,2,2,1,1,,,1,0,1,4,1,13,2,1,2,0,2,8,15,201900031866B01,7,1,1
201900031875,2019-08-27,2019,août,mardi,10:00,87,87027,"45,6135870","1,0003590",1,1,7,1,2,3,2,2,2,3,,,2,0,1,3,1,43,5,1,2,0,0,1,2,201900031875A01,,,
201900031906,2019-09-04,2019,septembre,mercredi,17:25,84,84138,"44,3734680","4,9369510",1,1,2,1,1,3,2,2,1,1,,,1,0,1,3,1,60,5,1,2,0,2,4,1,201900031906B01,7,1,1
201900031912,2019-09-05,2019,septembre,jeudi,11:10,67,67544,"49,0267760","7,9461820",2,9,1,1,1,6,1,1,1,1,,,1,0,1,3,2,49,3,2,,0,0,1,19,201900031912B01,7,1,1
201900031913,2019-09-02,2019,septembre,lundi,08:00,54,54509,"48,6313470","6,3723440",2,4,3,1,1,3,2,2,1,1,,,1,0,1,3,1,37,2,1,2,0,2,8,0,201900031913B01,33,1,1
201900031934,2019-06-18,2019,juin,mardi,10:40,28,28051,"48,1827190","1,3898390",2,2,7,1,1,3,2, -1,1,1,,,1,0,1,2,1,71,5,2,,0,0,0,1,201900031934A01,,,
201900031955,2019-09-03,2019,septembre,mardi,14:30,69,69264,"45,9840900","4,7389100",2,6,3,1,1,3, -1,2,1,2,,,1,5,1,4,1,64,5,2,,0,2,3,11,201900031955A01,10,1,1
201900031976,2019-06-25,2019,juin,mardi,10:50,42,42041,"45,6966850","4,1754930",1,1,2,1,1,3,2,2,1,1,,,1,0,1,4,1,65,5,1,2/6,1,0,1,2,201900031976B01,7,24,1
201900032037,2019-04-05,2019,avril,vendredi,18:00,44,44109,"47,2061200"," -1,6014000",2,1,3,1,2,7, -1,0,1,1,,,1,0,1,4,1,23,4,2,,0, -1,0,0,201900032037A01,40,0,1
201900032086,2019-09-03,2019,septembre,mardi,15:35,75,75114,"48,8284772","2,3274158",2,1,3,1,1,4,2,5,1,1,,,1,0,1,4,1,39,4,1,2,0,2,8,19,201900032086A01,33,1,1
201900032118,2019-03-06,2019,mars,mercredi,17:55,3,03072,"46,4831668","2,5258305",2,1,3,2,8,3,2,2,1,1,,,2,0,1,4,1,5,5,2,,0,0,0,19,201900032118B01,7,17,1
201900032169,2019-03-09,2019,mars,samedi,12:25,973,97309,"4,8856356"," -52,2965774",2,3,3,1,1,3,2,2,1,1,,,1,0,1,3,1,16,5,2,,0,2,8,19,201900032169A01,7,21,1
201900032178,2019-03-07,2019,mars,jeudi,18:00,69,69033,"45,8622500","4,8935800",1,1,2,2,1,3,2,2,1,1,,,1,0,5,4,1,81,5,1,2,0,2,4,1,201900032178B01,14,1,1
201900032193,2019-02-27,2019,février,mercredi,16:30,974,97408," -20,9444770","55,3386170",2,3,3,1,1,4,1,1,2,4,,,1,0,1,3,1,46,5,1,2,0,2,7,5,201900032193B01,7,15,1
201900032209,2019-04-13,2019,avril,samedi,16:50,67,67130,"48,4227840","7,6978310",1,1,5,1,2,9,2,1,1,4,,,2,9,5,4,1,31,5,1,2,0,2,1,1,201900032209C01,1,1,2
201900032209,2019-04-13,2019,avril,samedi,16:50,67,67130,"48,4227840","7,6978310",1,1,5,1,2,9,2,1,1,4,,,2,9,5,4,1,42,5,1,2,0,2,1,1,201900032209B01,1,1,2
201900032209,2019-04-13,2019,avril,samedi,16:50,67,67130,"48,4227840","7,6978310",1,1,5,1,2,9,2,1,1,4,,,2,9,5,4,1,41,5,1,2,0,2,1,1,201900032209A01,1,1,2
201900032215,2019-04-12,2019,avril,vendredi,16:30,74,74042,"46,0784436","6,4007643",2,2,1,1,1,4,2,2,1,1,,,1,0,1,3,1,61,5,1,2,0,2,7,15,201900032215B01,7,1,1
201900032221,2019-03-07,2019,mars,jeudi,08:00,13,13015,"43,4543150","5,3953950",2,3,1,1,1,3,2,2,2,1,,,1,0,1,4,1,60,1,2,,0,2,1,1,201900032221B01,7,15,1
201900032234,2019-04-13,2019,avril,samedi,11:30,29,29022,"48,2723490"," -4,5956590",2,6,3,1,1,3,2,2,1,2,,,1,0,1,4,1,52,5,1,2,0,2,7,1,201900032234B01,7,9,1
201900032382,2019-04-10,2019,avril,mercredi,12:50,69,69383,"45,7570400","4,8585900",2,2,3,1,1,4,2,3,1,1,,,1,0,1,4,1,31,0,2,,0,2,8,0,201900032382B01,7,1,1
201900032399,2019-04-10,2019,avril,mercredi,14:15,65,65440,"43,2213000","0,0582500",2,6,3,1,1,2,1,1,1,3,,,1,9,1,3,2,69,3,2,,0,2,1,1,201900032399B01,7,9,1
201900032403,2019-04-09,2019,avril,mardi,21:55,64,64102,"43,4857826"," -1,4734707",2,1,1,5,1,3,3,4,4,1,,,1,0,1,4,1,35,5,2,,0,2,1,5,201900032403A01,7,21,1
201900032414,2019-04-10,2019,avril,mercredi,13:00,45,45235,"47,9509852","1,8431068",2,1,3,1,1,4,2,2,1,1,,,1,0,1,4,1,47,1,1,2,0,2,8,26,201900032414A01,7,1,1
201900032441,2019-04-10,2019,avril,mercredi,22:15,75,75119,"48,8843410","2,3668690",2,3,3,5,1,4,1,2,1,1,,,1,5,1,4,1,28,4,2,,0,2,1,1,201900032441B01,7,16,1
201900032442,2019-04-10,2019,avril,mercredi,16:40,75,75119,"48,8960320","2,3741710",2,1,3,1,2,4,2,2,1,1,,,2,0,1,4,1,36,1,2,,0,2,3,19,201900032442B01,30,17,1
201900032460,2019-04-08,2019,avril,lundi,21:36,75,75101,"48,8665490","2,3340750",2,3,3,5,1,4, -1,6,1,1,,,1,0,6,4,1,30,0,1,2,0,2,2,7,201900032460B01,7,16,1
201900032482,2019-07-25,2019,juillet,jeudi,07:49,43,43038,"45,3486160","3,3419870",1,3,3,1,7,2,2,2,1,1,,,1,0,1,3,1,59,0,2,,0,2,1,1,201900032482B01,7,16,1
201900032515,2019-07-26,2019,juillet,vendredi,09:10,38,38289,"45,1438700","6,0581800",1,1,3,1,1,3,2,2,2,2,,,1,0,1,3,1,43,5,1,2,0,2,1,5,201900032515A01,7,1,1
201900032526,2019-07-28,2019,juillet,dimanche,04:10,988,98814," -20,7778900","167,1284600",1,1,6,3,8,4,2,2,2,3,,,1,0,1,4,1,23,5,2,,0,1,1,1,201900032526A01,,,
201900032532,2019-07-28,2019,juillet,dimanche,11:10,84,84004,"44,0997250","5,0614700",1,2,3,1,1,3,2,2,1,1,,,1,0,1,3,1,52,5,2,,0,2,1,1,201900032532B01,7,15,1
201900032533,2019-07-24,2019,juillet,mercredi,12:17,13,13081,"43,5043580","5,2207080",1,6,2,1,1,3,1,1,1,2,,,1,0,1,4,1,60,5,1,2,0,2,4,1,201900032533B01,7,9,1
201900032542,2019-07-26,2019,juillet,vendredi,09:30,3,03298,"46,3170801","3,3953399",2,1,3,1,1,2,2,2,1,1,,,1,5,1,4,1,74,3,2,,0,2,1,23,201900032542B01,17,1,1
201900032544,2019-07-27,2019,juillet,samedi,14:20,63,63077,"45,5740651","2,8861494",1,1,1,1,2,3,2,2,2,3,,,2,0,1,3,1,39,5,1,2,0,2,1,1,201900032544B01,7,13,1
201900032557,2019-07-26,2019,juillet,vendredi,18:20,69,69153,"45,8523992","4,7960784",2,3,3,1,1,3,2,2,2,1,,,1,0,1,4,1,32,5,1,2,0,2,1,17,201900032557A01,7,15,1
201900032571,2019-07-28,2019,juillet,dimanche,19:10,76,76130,"49,7071088","1,4918661",1,1,7,1,1,3,2,2,2,1,,,1,8,1,4,1,43,5,1,2/9,0,0,0,1,201900032571A01,,,
201900032627,2019-07-23,2019,juillet,mardi,17:30,72,72181,"47,9790200","0,2255200",1,1,3,1,1,4,2,2,1,1,,,1,0,1,4,1,30,0,2,,0,2,8,1,201900032627B01,7,17,1
201900032649,2019-07-24,2019,juillet,mercredi,07:40,34,34003,"43,3106600","3,5185200",1,1,3,1,1,4,3,0,1,1,,,1,0,1,3,1,72,5,2,,0,2,7,19,201900032649A01,33,1,1
201900032699,2019-05-25,2019,mai,samedi,19:05,27,27229,"49,0066600","1,1576600",2,1,3,1,1,4,1,2,1,1,,,1,0,1,4,1,7,0,2,,0,2,1,1,201900032699B01,7,1,1
201900032700,2019-05-16,2019,mai,jeudi,12:25,26,26058,"44,9500600","4,8920600",2,1,2,1,1,4,2, -1,1,1,,,1,0,1,3,1,40,1,1,2,0,2,4,1,201900032700B01,7,1,1
201900032714,2019-05-23,2019,mai,jeudi,14:00,25,25056,"47,2251700","6,0318800",2,1,3,1,1,5,2,2,1,2,,,1,0,1,4,1,54,0,1,2,0,6,8,2,201900032714B01,1,1,1
201900032714,2019-05-23,2019,mai,jeudi,14:00,25,25056,"47,2251700","6,0318800",2,1,3,1,1,5,2,2,1,2,,,1,0,1,3,1,68,0,2,,0,6,7,1,201900032714A01,1,2,1
201900032728,2019-05-15,2019,mai,mercredi,19:55,22,22278,"48,5181100"," -2,8099300",1,1,7,1,1,4, -1,2,1,1,,,1,0,1,3,1,35,5,1,2,0,0,0,0,201900032728A01,,,
201900032734,2019-05-14,2019,mai,mardi,10:50,22,22113,"48,7630090"," -3,4726179",2,1,3,1,1,3,2,2,1,3,,,1,0,1,3,2,69,5,1,2,0,2,8,1,201900032734B01,15,17,1
201900032799,2019-05-27,2019,mai,lundi,18:35,14,14118,"49,1830300"," -0,3557900",2,1,3,1,1,4,2, -1,1,1,,,1,0,1,3,1,19, -1,2,,0,2,9,1,201900032799D01,7,1,1
201900032889,2019-12-14,2019,décembre,samedi,17:40,4,04197,"43,8028210","5,7784700",1,4,2,3,1,3,2,2,1,1,,,1,0,1,4,1,23,5,2,,0,2,4,15,201900032889A01,7,1,1
201900032901,2019-11-07,2019,novembre,jeudi,07:40,76,76540,"49,4487700","1,0995200",2,2,3,2,1,3,2,4,1,1,,,2,0,1,4,1,20,5,2,,0,2,1,1,201900032901B01,7,16,1
201900032941,2019-12-15,2019,décembre,dimanche,08:30,972,97209,"14,6114800"," -61,0785300",2,6,3,1,1,3,4,2,1,3,,,1,5,1,3,1,43,5,2,,0,2,7,0,201900032941B01,10,9,1
201900033018,2019-12-15,2019,décembre,dimanche,16:10,75,75116,"48,8578254","2,2288065",2,1,6,1,1,4,1,1,1,1,,,1,0,5,4,1,42,5,1,2,0,1,1,1,201900033018A01,,,
201900033034,2019-11-08,2019,novembre,vendredi,16:30,75,75106,"48,8502790","2,3299380",2,4,3,1,1,4,2,2,1,1,,,1,0,1,4,1,46,0,1,2,0,2,3,18,201900033034B01,7,20,1
201900033036,2019-11-07,2019,novembre,jeudi,10:30,75,75106,"48,8418703","2,3322345",2,4,2,1,1,4,2,2,1,1,,,2,0,1,4,2,46,2,1,2,0,2,1,1,201900033036B01,10,4,1
201900033037,2019-11-08,2019,novembre,vendredi,13:40,75,75120,"48,8591510","2,4064600",2,1,6,1,1,4,2,2,2,1,,,1,0,4,4,1,40,3,1,2,0,1,1,25,201900033037A01,,,
201900033046,2019-11-08,2019,novembre,vendredi,16:10,75,75116,"48,8579035","2,2807574",2,3,6,1,1,4,1,2,1,1,,,1,0,1,1,1,16,1,1,2,0,1,1,5,201900033046A01,,,
201900033051,2019-11-08,2019,novembre,vendredi,12:02,75,75115,"48,8496240","2,2861540",2,2,3,1,1,4,3,1,1,1,,,1,0,1,4,1,58,0,1,2,0,2,8,18,201900033051B01,7,22,1
201900033053,2019-11-07,2019,novembre,jeudi,09:15,75,75115,"48,8322300","2,2896000",2,1,7,1,1,4,2,2,1,1,,,2,0,5,4,2,36,1,1,2,0,0,1,21,201900033053A01,,,
201900033058,2019-11-08,2019,novembre,vendredi,10:56,75,75109,"48,8814238","2,3356149",2,1,3,1,1,4,1,1,1,1,,,1,0,1,4,2,30,0,1,2,0,2,1,5,201900033058B01,30,15,1
201900033096,2019-12-15,2019,décembre,dimanche,11:40,59,59641,"50,9880970","2,5282030",1,2,1,1,1,3,2,2,1,1,,,2,0,1,3,1,71,5,1,2,0,2,8,19,201900033096B01,7,1,1
201900033098,2019-12-15,2019,décembre,dimanche,17:19,30,30226,"44,2368020","4,6380070",1,9,2,3,1,3,2,2,2,1,,,1,0,1,3,2,42,5,1,2,0,2,4,14,201900033098A01,7,18,1
201900033104,2019-12-03,2019,décembre,mardi,15:25,49,49307,"47,4253220"," -0,3434963",1,8,7,1,1,3,2,2,1,1,,,1,4,6,3,1,64,5,1,2/6,14,0,1,1,201900033104A01,,,
201900033112,2019-12-16,2019,décembre,lundi,14:30,16,16103,"45,5181950","0,4295410",1,4,7,1,1,3,2,2,2,1,0,5.09999999999999964,1,0,1,3,1,73,5,1,2,0,0,1,1,201900033112A01,,,
201900033116,2019-12-11,2019,décembre,mercredi,16:40,67,67291,"48,8649590","7,6814930",2,6,2,5,3,4, -1,2,1,2,,,2,9,1,3,1,57,0,1,2,0,0,4,2,201900033116B01,7,9,1
201900033126,2019-12-15,2019,décembre,dimanche,05:40,973,97303,"5,4786300"," -53,1949470",1,1,3,3,1,2,2,2,1,1,,,2,0,1,3,1,39,0,2,,0,0,0,2,201900033126B01,10,2,1
201900033138,2019-12-13,2019,décembre,vendredi,10:45,85,85178,"46,7704100"," -1,5056670",2,6,3,1,1,3,2,2,1,1,,,1,5,1,3,1,66,3,2,,0,2,8,1,201900033138B01,7,1,1
201900033184,2019-10-05,2019,octobre,samedi,17:20,34,34192,"43,5229610","3,9190620",2,3,5,1,1,4,2,2,1,1,,,1,9,1,3,1,58,5,2,,0,2,1,1,201900033184A01,7,23/15,2
201900033188,2019-10-05,2019,octobre,samedi,15:22,3,03062,"46,1885011","3,1852195",1,2,2,1,8,3,2,2,1,1,,,1,0,1,3,1,44,5,1,2,0,0,1,2,201900033188A01,1,2,1