Num_Acc,date,an,mois,jour,hrmn,dep,com,lat,long,agg,int,col,lum,atm,catr,circ,nbv,prof,plan,lartpc,larrout,surf,infra,situ,grav,sexe,age,trajet,secuexist,equipement,obs,obsm,choc,manv,vehiculeid,typevehicules,manoeuvehicules,numVehicules
201900033188,2019-10-05,2019,octobre,samedi,15:22,3,03062,"46,1885011","3,1852195",1,2,2,1,8,3,2,2,1,1,,,1,0,1,1,1,38,5,1,2/6,0,0,4,2,201900033188B01,1,2,1
201900033216,2019-10-05,2019,octobre,samedi,17:15,22,22173,"48,5453150"," -2,5957200",1,3,3,1,1,4,2,2,2,1,,,1,0,1,3,1,71,5,1,2,0,2,1,1,201900033216B01,7,15,1
201900033332,2019-10-04,2019,octobre,vendredi,12:15,75,75120,"48,8690599","2,4088319",2,4,3,1,8,4,1,1,4,1,,,1,0,5,4,1,23,1,1,2,0,2,3,1,201900033332B01,10,16,1
201900033339,2019-10-04,2019,octobre,vendredi,18:45,75,75115,"48,8383398","2,2707986",2,3,3,1,1,4,1,3,2,1,,,1,0,5,1,1,19,0,1,2,0,2,8,13,201900033339A01,1,17,1
201900033339,2019-10-04,2019,octobre,vendredi,18:45,75,75115,"48,8383398","2,2707986",2,3,3,1,1,4,1,3,2,1,,,1,0,5,4,1,49,5,1,2,0,2,7,17,201900033339B01,1,13,1
201900033341,2019-10-04,2019,octobre,vendredi,16:15,75,75113,"48,8208509","2,3555582",2,1,6,1,1,4,3,4,2,1,,,1,5,5,4,2,33,9,1,2,0,1,2,1,201900033341A01,,,
201900033441,2019-06-24,2019,juin,lundi,19:30,75,75111,"48,8642280","2,3693370",2,1,6,1,1,4,2,4,1,1,,,1,0,5,1,1,59,5,2,,0,1,1,1,201900033441A01,,,
201900033445,2019-06-24,2019,juin,lundi,14:07,75,75104,"48,8500150","2,3668720",2,1,3,1,1,4,2,0,1,1,,,1,0,5,4,1,52,9,1,2,0,2,2,1,201900033445B01,7,22,1
201900033476,2019-06-19,2019,juin,mercredi,18:30,67,67362,"48,2470180","7,3336930",1,1,7,1,1,3,2,2,2,2,,,1,0,3,3,2,53,5,1,2,2,0,4,1,201900033476A01,,,
201900033481,2019-06-25,2019,juin,mardi,07:50,62,62043,"50,9009210","1,9423960",2,1,2,1,1,9,2,2,1,1,,,1,0,1,2,1,66,5,1,2,0,0,4,2,201900033481B01,7,1,1
201900033486,2019-06-24,2019,juin,lundi,11:45,71,71580,"46,6629590","5,2192910",1,1,3,1,1,3,2,2,1,1,,,1,0,1,4,1,19,1,2,,0,0,3,1,201900033486B01,7,17,1
201900033487,2019-06-25,2019,juin,mardi,13:15,89,89201,"47,9234030","3,6524320",2,2,3,1,1,3,2,2,2,1,,,1,0,1,3,1,47,5,1,2/6,0,2,1,1,201900033487B01,7,1,1
201900033493,2019-06-24,2019,juin,lundi,08:30,39,39149,"47,0208570","5,7174310",2,1,1,1,1,3,2,2,1,3,,,1,0,1,3,1,61,5,1,2,0,2,1,13,201900033493A01,7,1,1
201900033495,2019-06-23,2019,juin,dimanche,10:40,31,31396,"43,3556730","1,6228400",1,6,2,1,1,3,2,2,1,1,,,1,0,1,1,1,32,5,2,,0,2,4,1,201900033495B01,1,1,1
201900033495,2019-06-23,2019,juin,dimanche,10:40,31,31396,"43,3556730","1,6228400",1,6,2,1,1,3,2,2,1,1,,,1,0,1,3,1,71,5,2,,0,2,1,1,201900033495A01,1,1,1
201900033497,2019-06-19,2019,juin,mercredi,10:15,66,66106,"42,4902658","2,8026526",2,6,3,1,1,3, -1,2,1,1,,,1,5,1,3,1,43,5,2,,0,2,7,1,201900033497B01,7,1,1
201900033511,2019-06-24,2019,juin,lundi,17:15,91,91200,"48,5426770","1,9943760",1,9,3,1,1,3,2,2,1,1,,,1,0,1,3,1,60,5,1,2/6,0,0,8,9,201900033511A01,10,1,1
201900033512,2019-06-17,2019,juin,lundi,14:20,78,78128,"48,6795080","1,9452570",1,1,3,1,1,3,2,2,1,1,,,1,0,1,4,1,57,5,1,2/4,0,2,8,1,201900033512B01,10,17,1
201900033522,2019-06-25,2019,juin,mardi,10:00,63,63417,"45,8468282","3,0231500",1,1,5,1,1,3,2,2,2,3,,,1,0,1,4,1,64,5,1,2,0,2,0,1,201900033522C01,7,13,1
201900033522,2019-06-25,2019,juin,mardi,10:00,63,63417,"45,8468282","3,0231500",1,1,5,1,1,3,2,2,2,3,,,1,0,1,2,1,62,5,1,2,0,2,8,13,201900033522B01,7,13,1
201900033524,2019-06-24,2019,juin,lundi,09:49,38,38200,"45,0996620","5,7417870",2,3,3,1,1,4,2,2,2,1,,,1,0,1,3,1,22,1,2,,0,2,7,26,201900033524B01,7,15,1
201900033570,2019-01-21,2019,janvier,lundi,08:45,91,91345,"48,6883310","2,3227500",2,1,2,1,9,4,2,1,2,2,,,1,0,1,4,1,38,1,2,,0,2,4,14,201900033570B01,7,0,1
201900033601,2019-01-20,2019,janvier,dimanche,08:45,56,56121,"47,7597000"," -3,3943600",2,1,7,1,1,4,2,2,1,1,,,7,0,1,4,1,66,0,2,,16,0,0,1,201900033601A01,,,
201900033644,2019-01-21,2019,janvier,lundi,20:45,75,75113,"48,8312710","2,3562640",2,7,2,5,1,4,1,0,1,2,,,1,0,1,4,1,33,1,1,2/4,0,2,5,1,201900033644B01,7,1,1
201900033645,2019-01-21,2019,janvier,lundi,14:20,75,75113,"48,8185890","2,3524930",2,1,3,1,1,4,2,2,1,1,,,1,0,1,4,1,15,2,2,,0,2,1,9,201900033645A01,7,1,1
201900033722,2019-08-30,2019,août,vendredi,18:45,30,30060,"43,7957080","4,3778180",2,1,1,1,1,4,2,2,1,1,,,1,0,1,4,1,70,5,2,,1,0,1,1,201900033722B01,7,24,1
201900033724,2019-09-02,2019,septembre,lundi,23:20,30,30356,"43,8328850","4,4301250",1,1,2,3,1,3,3,2,1,1,,,1,0,1,3,1,26,1,2,,0,2,4,1,201900033724A01,0,0,1
201900033731,2019-09-03,2019,septembre,mardi,15:12,2,02810,"49,2655030","3,0999760",1,3,3,1,1,2,1,1,3,1,,,1,0,1,3,2,68,5,2,,0,0,1,1,201900033731B01,15,16,1
201900033732,2019-09-04,2019,septembre,mercredi,08:50,26,26108,"44,7352780","5,0099190",2,3,3,1,1,3,2,2,1,1,,,1,0,1,3,1,65,5,1,2,0,2,1,1,201900033732B01,7,16,1
201900033739,2019-08-31,2019,août,samedi,18:03,85,85234,"46,7845500"," -2,0707900",2,1,6,1,1,4,2,2,1,1,,,1,0,1,3,2,61,5,2,,1,0,0,26,201900033739B01,7,24,1
201900033753,2019-09-03,2019,septembre,mardi,19:15,91,91017,"48,5919140","2,0671080",2,1,1,2,1,3,2,2,1,1,,,1,0,1,4,1,50,5,2,,0,2,3,1,201900033753B01,7,1,1
201900033759,2019-09-03,2019,septembre,mardi,20:50,67,67046,"48,7524190","7,8476050",2,6,3,3,1,3,1,1,1,1,,,1,0,1,4,1,19,1,2,,0,2,3,2,201900033759B01,7,2,1
201900033763,2019-09-04,2019,septembre,mercredi,14:15,64,64230,"43,2369120"," -0,3911960",2,1,2,1,1,4,2,2,2,1,,,1,0,1,4,2,58,5,1,2,0,2,2,1,201900033763B01,1,15,1
201900033763,2019-09-04,2019,septembre,mercredi,14:15,64,64230,"43,2369120"," -0,3911960",2,1,2,1,1,4,2,2,2,1,,,1,0,1,1,1,32,4,2,,0,0,0,15,201900033763A01,1,1,1
201900033764,2019-02-20,2019,février,mercredi,04:56,44,44026,"47,2877340"," -1,4640390",1,1,2,3,1,7,2,2,1,1,,,1,0,1,3,1,21,1,2,,0,0,4,2,201900033764B01,10,2,1
201900033805,2019-08-30,2019,août,vendredi,14:05,76,76351,"49,4919900","0,1326800",1,6,6,1,1,4,3,6,2,1,,,1,0,1,4,1,22,4,1,2,0,2,1,13,201900033805A01,7,1,1
201900033807,2019-08-31,2019,août,samedi,17:30,76,76351,"49,5242800","0,0968600",2,2,3,1,1,3,2,2,1,1,,,1,0,1,4,1,12,5,1,2,0,2,1,19,201900033807A01,7,1,1
201900033815,2019-08-31,2019,août,samedi,11:45,64,64024,"43,4804000"," -1,5281000",2,1,7,1,8,4,2,4,1,1,,,1,0,3,3,1,55,9,2,,12,0,1,14,201900033815A01,,,
201900033823,2019-08-28,2019,août,mercredi,03:05,44,44055,"47,2723100"," -2,3480320",2,2,3,5,1,4, -1,0,1,1,,,1,0,1,3,1,21,5,2,,0,2,0,1,201900033823B01,7,1,1
201900033828,2019-09-02,2019,septembre,lundi,15:50,34,34198,"43,5825593","3,9256348",2,1,3,1,1,4,1, -1,1,1,,,1,0,1,4,1,35,0,1,2,0,2,1,25,201900033828A01,10,1,1
201900033883,2019-09-02,2019,septembre,lundi,13:30,62,62271,"50,6368300","2,1889370",2,1,4,1,1,3,2,2,1,2,,,1,0,1,3,1,17,5,2,,0,2,4,1,201900033883C01,7,1/17,2
201900033886,2019-09-02,2019,septembre,lundi,14:10,62,62748,"50,9442360","2,1267170",2,3,2,1,7,3,2,2,1,1,,,1,0,1,3,1,13,5,2,,0,2,8,2,201900033886B01,7,2,1
201900033930,2019-03-03,2019,mars,dimanche,12:05,29,29232,"47,9808333"," -4,1212528",2,1,3,1,3,4,2,2,1,1,,,2,0,1,4,1,42,5,1,2,0,2,3,1,201900033930B01,7,15,1
201900033943,2019-03-04,2019,mars,lundi,09:20,75,75118,"48,8936630","2,3479490",2,4,6,1,8,4, -1,4,1,1,,,2,9,5,4,2,42,1,1,2,0,2,4,1,201900033943A01,30,13,1
201900033945,2019-03-03,2019,mars,dimanche,18:05,75,75114,"48,8254580","2,3023080",2,2,3,2,1,4,2,4,1,1,,,1,0,1,4,1,21,4,1,2,0,2,2,17,201900033945A01,7,15,1
201900033990,2019-03-05,2019,mars,mardi,12:30,16,16032,"45,6569780"," -0,0936850",1,1,3,1,1,3,2,2,1,1,0,5.20000000000000018,1,0,1,4,1,56,5,1,2,0,2,1,1,201900033990B01,7,4,1
201900033993,2019-03-03,2019,mars,dimanche,11:10,17,17018,"46,0569060"," -0,8788250",1,1,7,1,1,3,2,2,1,1,,,1,0,1,3,1,56,5,1,2,16,0,1,1,201900033993A01,,,
201900034009,2019-03-05,2019,mars,mardi,14:20,22,22093,"48,4554195"," -2,5363441",1,1,6,1,6,3,2,2,2,4,,,1,0,1,3,1,58,5,1,2,0,0,1,21,201900034009A01,7,21,1
201900034075,2019-03-01,2019,mars,vendredi,09:30,974,97407," -20,9375000","55,3158000",1,1,3,1,1,4,2,2,1,1,,,1,0,3,4,2,19,0,2,,0,2,0,19,201900034075B01,7,1,1
201900034079,2019-04-02,2019,avril,mardi,14:50,2A,2A212,"42,2556376","8,6697597",1,1,6,1,1,3,2,2,2,3,,,1,0,1,3,1,54,5,2,,6,0,0,13,201900034079A01,,,
201900034095,2019-04-11,2019,avril,jeudi,11:00,84,84030,"44,1301780","5,1009730",1,1,7,1,1,3,2,2,1,4,,,8,0,1,3,1,69,5,1,2,0,0,0,1,201900034095A01,,,
201900034108,2019-04-08,2019,avril,lundi,09:30,31,31263,"43,4080260","1,3856430",2,2,3,1,1,3,2,2,1,1,,,1,5,1,3,2,58,5,1,2,0,2,1,1,201900034108B01,7,19,1
201900034121,2019-04-07,2019,avril,dimanche,19:00,95,95060,"49,0165500","2,2001700",2,1,1,1,1,4,2,1,1,1,,,1,0,1,4,1,12,5,1,2,0,2,1,1,201900034121B01,7,1,1
201900034151,2019-04-07,2019,avril,dimanche,18:20,974,97407," -20,9497900","55,2971800",2,1,3,5,1,4, -1,2,1,1,,,1,9,1,4,1,12,5,2,,0,2,1,16,201900034151B01,7,1,1
201900034154,2019-04-09,2019,avril,mardi,07:22,69,69387,"45,7316000","4,8239200",2,2,3,1,1,4,2,5,1,1,,,1,4,1,4,1,38,0,2,,0,2,8,26,201900034154B01,7,19,1
201900034162,2019-04-08,2019,avril,lundi,09:40,69,69384,"45,7756500","4,8105800",2,5,3,1,1,3,3,5,1,1,,,1,9,1,4,1,24,0,1,2,0,2,1,1,201900034162B01,7,16,1
201900034196,2019-04-06,2019,avril,samedi,17:00,64,64102,"43,4881900"," -1,4916700",2,6,3,1,1,4,4,2,1,2,,,1,5,1,3,1,76,5,1,2,0,2,7,1,201900034196B01,7,9,1
201900034206,2019-04-06,2019,avril,samedi,01:25,56,56107,"47,7194000"," -3,3745000",2,1,6,3,1,4,2,2,1,1,,,1,0,1,1,1,26,5,1,2,0,1,1,1,201900034206A01,,,
201900034261,2019-07-24,2019,juillet,mercredi,03:45,11,11069,"43,2117260","2,3873660",1,1,2,3,1,3,3,2,2,2,1,8,2,9,1,2,1,41,5,2,,0,2,4,1,201900034261B01,10,1,1
201900034274,2019-07-23,2019,juillet,mardi,10:00,75,75115,"48,8536990","2,2876780",2,3,7,1,1,4,2, -1,1,1,,,1,0,5,4,1,34,1,1,2,0,0,0,1,201900034274A01,,,
201900034276,2019-07-24,2019,juillet,mercredi,10:20,75,75109,"48,8760420","2,3402080",2,7,3,1,1,4,1,2,1,1,,,1,0,1,4,1,51,9,1,2,0,2,1,1,201900034276A01,10,1,1
201900034300,2019-07-25,2019,juillet,jeudi,17:00,63,63163,"45,7856654","2,7485565",2,1,3,1,1,4,2,2,2,1,,,1,0,1,3,1,16,5,2,,0,2,1,26,201900034300A01,7,1,1
201900034306,2019-07-25,2019,juillet,jeudi,05:20,57,57082,"49,0572810","6,7788273",1,1,2,2,1,3,2,2,1,1,,,1,0,1,4,1,49,1,1,6/4,0,2,8,2,201900034306A01,7,2,1
201900034308,2019-07-25,2019,juillet,jeudi,10:05,56,56078,"47,7995420"," -3,4769310",1,6,2,1,1,3,2,2,1,3,,,1,5,1,3,1,69,5,1,2,0,2,4,2,201900034308A01,7,2,1
201900034343,2019-07-25,2019,juillet,jeudi,00:00,34,34327,"43,6581100","3,9631450",1,2,3,3,1,3,4,3,1,1,,,1,5,1,4,1,17,5,2,,0,2,1,11,201900034343B01,7,1,1
201900034403,2019-07-22,2019,juillet,lundi,11:00,56,56162,"47,7354600"," -3,5003400",2,1,6,1,1,3,2,2,1,1,,,2,0,1,1,2,31,5,1,2,0,0,8,1,201900034403C01,10,23,1
201900034403,2019-07-22,2019,juillet,lundi,11:00,56,56162,"47,7354600"," -3,5003400",2,1,6,1,1,3,2,2,1,1,,,2,0,1,4,1,52,5,1,2,16,0,0,1,201900034403B01,10,23,1
201900034411,2019-07-23,2019,juillet,mardi,12:20,45,45234,"47,9005000","1,9135000",2,3,3,1,1,4,1,1,1,1,,,1,0,1,4,1,73,5,1,2,0,2,7,1,201900034411B01,7,1,1
201900034477,2019-05-21,2019,mai,mardi,17:20,13,13002,"43,3352300","5,4777600",2,4,7,1,1,3,2, -1,1,1,,,1,0,1,4,1,57,5,1,2,0,6,0,0,201900034477A01,,,
201900034500,2019-05-16,2019,mai,jeudi,21:00,13,13215,"43,3312000","5,3649400",2,1,2,1,1,4,2,2,1,1,,,1,0,1,4,1,10,0,2,,0,2,4,19,201900034500B01,7,17,1
201900034514,2019-05-12,2019,mai,dimanche,09:00,13,13212,"43,3019720","5,4226850",2,3,3,1,1,4,2,2,2,1,,,1,0,1,3,1,51,5,2,,0,2,1,1,201900034514B01,7,16,1
201900034635,2019-12-13,2019,décembre,vendredi,20:35,29,29039,"47,8711700"," -3,9218800",2,1,6,5,2,4,1,1,1,1,,,2,0,1,1,1,51,5,2,,0,1,8,26,201900034635A01,,,
201900034688,2019-12-14,2019,décembre,samedi,15:18,32,32171,"43,5255260","0,9854010",1,1,2,1,1,3,2,2,3,1,,,1,0,1,3,1,60,5,1,2,0,2,5,1,201900034688B01,7,17,1
201900034691,2019-12-15,2019,décembre,dimanche,12:45,12,12253,"44,1757750","2,7302380",1,1,2,1,1,3,2,2,2,2,,,1,0,1,3,1,71,5,2,,0,0,4,2,201900034691A01,7,2,1
201900034761,2019-12-13,2019,décembre,vendredi,07:30,78,78440,"48,9934800","1,9112800",2,2,3,5,3,4,2,2,1,1,,,2,0,1,4,1,27,1,2,,0,2,0,1,201900034761C01,10,26,1
201900034762,2019-12-12,2019,décembre,jeudi,18:22,77,77445,"48,5872000","2,5951000",2,6,1,5,3,3,2,2,1,1,,,2,5,5,4,1,57,5,2,,0,2,7,19,201900034762B01,7,26,1
201900034773,2019-12-13,2019,décembre,vendredi,16:45,64,64445,"43,3245100"," -0,3255800",2,3,3,2,3,4,2,1,1,1,,,2,0,1,4,2,28,0,1,2,0,2,1,1,201900034773B01,7,9,1
201900034786,2019-12-01,2019,décembre,dimanche,08:40,44,44184,"47,2704080"," -2,2247520",2,1,1,1,1,4,2,2,1,1,,,1,0,1,3,1,26,5,1,2,0,2,1,1,201900034786B01,7,5,1
201900034801,2019-11-09,2019,novembre,samedi,11:30,12,12106,"44,4731300","2,8014240",1,1,6,1,1,4,2,2,2,1,,,1,0,1,3,1,59,5,2,,14,0,1,1,201900034801A01,,,
201900034816,2019-11-07,2019,novembre,jeudi,18:35,72,72056,"48,3970900","0,1362780",1,1,4,3,1,3,2,2,1,1,,,1,0,1,4,1,15,2,2,,0,0,8,1,201900034816A01,7,1,2
201900034887,2019-06-16,2019,juin,dimanche,11:50,5,05046,"44,5646340","6,4941160",2,1,7,1,1,3,2,2,2,1,,,1,0,1,2,1,60,5,1,2/6,9,0,0,1,201900034887A01,,,
201900034955,2019-11-06,2019,novembre,mercredi,13:44,75,75118,"48,8902718","2,3599148",2,2,3,1,1,4,2,4,2,1,,,1,0,5,4,1,34,4,1,2,0,2,3,1,201900034955B01,32,1,1
201900035012,2019-06-23,2019,juin,dimanche,08:10,75,75112,"48,8443430","2,4416650",2,1,5,1,1,4,2,2,1,1,,,1,0,1,4,1,40,5,1,2,0,2,1,9,201900035012A01,38/ 7,24/21,2
201900035052,2019-06-24,2019,juin,lundi,08:20,15,15154,"44,9446360","2,5562550",1,1,3,1,1,2,2,4,3,2,,,1,0,1,3,1,77,5,1,2,0,2,8,1,201900035052B01,10,13,1
201900035055,2019-06-24,2019,juin,lundi,07:00,5,05046,"44,5565823","6,4722480",1,1,1,1,1,3,2,2,2,3,,,1,0,1,3,1,58,1,1,2,0,2,1,13,201900035055B01,38,1,1
201900035074,2019-06-23,2019,juin,dimanche,16:10,95,95371,"49,0906769","2,5007503",2,1,3,1,1,4,2,2,2,3,,,1,0,4,3,1,47,5,2,,1,0,8,13,201900035074B01,7,1,1
201900035078,2019-06-22,2019,juin,samedi,16:00,77,77029,"48,6434519","2,8765214",1,1,1,1,1,3,2,2,1,1,,,1,0,1,3,1,52,5,1,2,0,2,8,1,201900035078A01,7,13,1
201900035082,2019-06-19,2019,juin,mercredi,11:30,84,84078,"44,2383800","4,7116490",1,1,6,1,1,9,2,1,1,2,,,1,9,5,2,1,69,5,1,2,8,0,1,26,201900035082A01,,,
201900035109,2019-06-18,2019,juin,mardi,18:25,45,45284,"47,9163245","1,9660526",2,1,3,1,1,4,2,2,1,1,,,1,0,1,4,1,10,9,2,,0,2,1,19,201900035109A01,7,2,1
201900035127,2019-06-20,2019,juin,jeudi,10:35,69,69387,"45,7550600","4,8428100",2,9,6,1,1,9, -1,0,1,1,,,1,6,1,1,1,50,0,2,,0,0,0,25,201900035127A01,,,
201900035169,2019-09-26,2019,septembre,jeudi,08:15,35,35120,"48,2086230"," -1,7555480",1,6,3,1,8,3,1,2,1,2,,,1,5,1,4,1,44,1,1,2,0,0,7,26,201900035169A01,7,9,1
201900035177,2019-10-02,2019,octobre,mercredi,18:40,62,62337,"50,3082930","2,2170120",1,1,6,1,1,3,2,2,1,1,,,1,0,1,4,1,12,5,2,,0,0,0,1,201900035177B01,2,2,1
201900035185,2019-10-05,2019,octobre,samedi,11:40,65,65025,"43,0032230"," -0,1060740",2,4,3,1,1,3,2,2,2,1,,,1,0,1,3,1,60,5,1,2,0,2,1,5,201900035185A01,7,1,1
201900035203,2019-09-08,2019,septembre,dimanche,05:40,987,98745," -16,6308330"," -151,5040280",1,1,2,2,1,3,2,2,1,1,,,1,0,1,2,2,67,5,2,,0,0,4,13,201900035203B01,7,1,1
201900035220,2019-10-05,2019,octobre,samedi,11:15,59,59449,"50,4725550","3,2477090",2,1,1,1,1,3,1,1,1,1,,,1,0,1,4,1,49,5,2,,0,2,1,5,201900035220B01,7,9,1
201900035296,2019-10-03,2019,octobre,jeudi,18:25,14,14167,"49,2000100"," -0,2957900",1,1,1,1,1,4, -1,1,1,1,,,1,0,1,4,1,32,1,2,,0,2,1,1,201900035296B01,7,0,1
201900035318,2019-10-02,2019,octobre,mercredi,12:35,75,75114,"48,8293008","2,3226650",2,2,3,1,1,4,1,3,1,1,,,1, -1,6,4,2,30,5,1,2,0,2,1,1,201900035318B01,10,22,1
201900035320,2019-10-03,2019,octobre,jeudi,08:55,75,75108,"48,8790604","2,3232349",2,7,6,1,1,4,1,1,1,1,,,1,0,1,1,1,29,1,1,2,0,1,1,16,201900035320A01,,,
201900035321,2019-10-03,2019,octobre,jeudi,00:01,75,75107,"48,8575470","2,3240402",2,1,3,5,1,4,1,4,1,1,,,1, -1,6,4,1,23,0,1,2,0,2,2,25,201900035321B01,37,8,1
201900035326,2019-10-03,2019,octobre,jeudi,17:40,94,94003,"48,8099000","2,3274700",2,3,3,1,1,3,2,1,1,1,,,1,0,6,4,1,19,9,2,,0,2,1,1,201900035326B01,7,15,1
201900035352,2019-01-20,2019,janvier,dimanche,14:25,69,69387,"45,7458200","4,8346900",2,9,3,1,1,4,1,3,1,1,,,1,0,1,4,1,20,0,2,,0,2,1,15,201900035352B01,7,26,1
201900035384,2019-01-19,2019,janvier,samedi,17:25,91,91114,"48,7075000","2,5169000",2,1,3,5,2,4,2,2,1,1,,,2,0,1,3,1,42,9,2,,0,2,1,19,201900035384B01,10,1,1
201900035442,2019-01-16,2019,janvier,mercredi,12:15,52,52121,"48,0846600","5,1458800",2,1,2,1,1,3,2,2,1,1,,,1,0,4,4,1,21,2,2,,1,0, -1, -1,201900035442C01,7,24,1
201900035453,2019-01-18,2019,janvier,vendredi,00:06,49,49007,"47,4763700"," -0,5410900",2,1,7,5,1,4,1,1,1,1,,,1,0,1,4,1,32,0,1,2,1,0,1,1,201900035453A01,,,
201900035462,2019-01-17,2019,janvier,jeudi,15:45,44,44114,"47,2528900"," -1,6247700",1,1,3,1,1,7,2,2,1,1,,,1,0,1,3,1,61,5,1,2,0,2,3,2,201900035462B01,14,1,1
201900035463,2019-01-17,2019,janvier,jeudi,15:30,44,44109,"47,2528900"," -1,6247700",1,1,3,1,1,4,2, -1,1,1,,,1,0,1,4,1,72,5,2,,0,2,1,1,201900035463B01,7,1,1
201900035508,2019-09-03,2019,septembre,mardi,07:30,52,52242,"47,8405460","5,4661250",1,1,6,1,1,2,2,2,2,2,,,1,0,3,3,1,76,5,2,,0,0,0,1,201900035508B01,17,17,1
201900035509,2019-09-01,2019,septembre,dimanche,16:00,88,88372,"48,4073610","6,8428580",2,3,1,1,8,3,2,3,1,1,,,1,5,1,3,1,40,5,1,2,0,2,1,1,201900035509B01,7,15,1
201900035515,2019-09-02,2019,septembre,lundi,14:15,971,97116,"16,3145980"," -61,4843670",2,4,3,1,1,2,2,2,1,1,,,1,0,1,4,1,43,5,1,2,0,2,8,1,201900035515B01,7,16,1
201900035521,2019-09-01,2019,septembre,dimanche,18:10,74,74143,"45,9055347","6,7624150",1,1,6,1,1,3,2,2,2,3,,,1,0,1,3,1,70,5,2,,0,2,3,13,201900035521B01,10,1,1
201900035581,2019-09-01,2019,septembre,dimanche,19:00,62,62094,"50,4628771","1,7750913",1,1,3,1,1,3,2,2,1,1,,,1,0,1,3,1,41,0,2,,0,2,8,0,201900035581B01,7,13,1
201900035582,2019-08-31,2019,août,samedi,14:30,74,74278,"46,0775630","6,5251010",2,1,7,1,1,4,2,2,1,3,,,9,8,1,3,1,65,5,1,2,0,0,0,1,201900035582A01,,,
201900035591,2019-09-01,2019,septembre,dimanche,16:19,53,53226,"48,2245060"," -0,9320710",2,1,3,1,1,4,2,2,1,1,,,1,0,1,4,2,12,5,1,2,0,2,1,1,201900035591A01,7,1,1
201900035600,2019-09-01,2019,septembre,dimanche,12:00,77,77270,"48,8685220","2,9951390",1,2,3,1,1,3,2,2,1,1,,,1,0,1,3,1,50,5,1,2,0,2,3,19,201900035600B01,7,0,1
201900035601,2019-09-01,2019,septembre,dimanche,11:55,95,95409,"49,0421840","2,3387580",2,1,3,1,1,9,1,1,1,1,,,1,0,1,4,1,57,5,1,2,0,2,1,25,201900035601B01,7,1,1
201900035610,2019-09-02,2019,septembre,lundi,08:40,57,57013,"49,1793340","6,9983730",2,9,3,1,1,3,2,2,1,1,,,1,0,1,3,1,59,5,1,2,0,2,1,9,201900035610A01,7,2,1
201900035671,2019-03-02,2019,mars,samedi,10:45,69,69387,"45,7479100","4,8561800",2,2,3,1,2,4,1,5,1,1,,,2,0,1,4,1,61,0,2,,0,2,1,19,201900035671B01,7,19,1
201900035676,2019-02-28,2019,février,jeudi,17:00,69,69383,"45,7605700","4,8411100",2,1,6,1,7,4,2,1,1,1,,,1,0,1,3,1,4,5,2,,0,1,1,1,201900035676A01,,,
201900035676,2019-02-28,2019,février,jeudi,17:00,69,69383,"45,7605700","4,8411100",2,1,6,1,7,4,2,1,1,1,,,1,0,1,1,1,18,0,1,2,0,1,1,1,201900035676A01,,,
201900035717,2019-02-27,2019,février,mercredi,16:50,91,91657,"48,7037300","2,4255000",2,3,6,1,1,4,2,2,1,1,,,1,6,1,4,2,65,5,2,,0,2,1,16,201900035717P01,10,15,1
201900035739,2019-02-27,2019,février,mercredi,13:45,85,85191,"46,6679100"," -1,4377900",2,1,2,1,1,3,2,2,1,1,,,1,0,3,4,1,30,1,1,2,0,2,2,2,201900035739B01,7,17,1
201900035748,2019-02-27,2019,février,mercredi,18:10,80,80021,"49,8792300","2,3062500",2,3,3,1,1,4,2,2,1,1,,,1,0,1,1,1,54,0,1,2,0,2,0,15,201900035748A01,1,16,1
201900035748,2019-02-27,2019,février,mercredi,18:10,80,80021,"49,8792300","2,3062500",2,3,3,1,1,4,2,2,1,1,,,1,0,1,4,1,19,0,1,2,0,2,0,16,201900035748B01,1,15,1
201900035766,2019-02-23,2019,février,samedi,11:20,74,74118,"46,1751500","6,2218700",2,1,7,1,1,3,2,2,2,1,,,1,0,1,3,1,84,0,2,,0,0,0,26,201900035766A01,,,
201900035768,2019-02-28,2019,février,jeudi,17:45,72,72095,"48,0242000","0,2033600",2,1,3,1,1,4,2,2,2,1,,,1,0,1,4,1,18,5,2,,0,2,1,2,201900035768A01,7,9,1
201900035768,2019-02-28,2019,février,jeudi,17:45,72,72095,"48,0242000","0,2033600",2,1,3,1,1,4,2,2,2,1,,,1,0,1,1,1,15,5,2,,0,2,1,2,201900035768A01,7,9,1
201900035778,2019-02-27,2019,février,mercredi,09:00,69,69266,"45,7722500","4,8660400",2,6,3,1,1,4,2,2,1,1,,,1,0,1,4,2,33,0,2,,0,2,1,0,201900035778B01,7,9,1
201900035790,2019-02-25,2019,février,lundi,08:20,67,67482,"48,5734000","7,7521100",2,1,6,1,1,4,2,3,1,1,,,1,0,1,1,1,28,0,2,,0,1,1,1,201900035790A01,,,
201900035798,2019-03-01,2019,mars,vendredi,13:25,64,64445,"43,3231500"," -0,3489100",2,1,2,1,1,4,2,3,1,1,,,1,0,1,4,1,23,2,2,,0,2,1,2,201900035798A01,7,1,1