Num_Acc,date,an,mois,jour,hrmn,dep,com,lat,long,agg,int,col,lum,atm,catr,circ,nbv,prof,plan,lartpc,larrout,surf,infra,situ,grav,sexe,age,trajet,secuexist,equipement,obs,obsm,choc,manv,vehiculeid,typevehicules,manoeuvehicules,numVehicules
201900035858,2019-04-09,2019,avril,mardi,08:30,75,75117,"48,8945030","2,3198180",2,3,3,1,1,4,1,2,1,1,,,1,0,1,4,1,30,0,2,,0,2,0,1,201900035858A01,10,1,1
201900035872,2019-04-08,2019,avril,lundi,15:15,75,75111,"48,8529370","2,3771030",2,1,2,1,1,4,2,2,1,1,,,1,0,1,4,1,50,1,2,,0,2,1,1,201900035872A01,7,23,1
201900035873,2019-04-09,2019,avril,mardi,11:50,75,75109,"48,8730780","2,3277040",2,3,6,1,1,4,1,1,1,1,,,1,0,1,4,1,38,1,2,,0,2,1,1,201900035873B01,10,22,1
201900035926,2019-04-08,2019,avril,lundi,16:00,83,83073,"43,3949030","6,3142540",2,1,2,1,1,3,2,2,1,1,,,1,0,1,3,1,53,5,1,2,0,2,4,2,201900035926B01,7,2,1
201900035928,2019-04-09,2019,avril,mardi,16:30,56,56179,"47,8365420"," -3,3941620",1,1,6,1,1,3,2,2,2,2,,,1,0,1,3,1,81,5,1,2,6,0,0,1,201900035928A01,,,
201900035933,2019-04-10,2019,avril,mercredi,13:26,89,89237,"47,5994310","3,6808000",2,4,3,1,1,3,2,2,1,1,,,1,0,1,4,1,54,5,2,,0,2,1,1,201900035933B01,7,15,1
201900035941,2019-04-09,2019,avril,mardi,14:10,44,44185,"47,6234450"," -2,0450650",1,1,3,1,1,3,2,2,1,1,,,1,0,1,2,1,61,5,2,,0,2,3,1,201900035941B01,7,17,1
201900035970,2019-04-08,2019,avril,lundi,15:25,45,45317,"47,7626820","1,6014060",2,1,1,1,1,4,2,2,4,3,,,1,0,1,3,1,70,5,1,2,0,2,0,5,201900035970A01,7,1,1
201900035982,2019-04-07,2019,avril,dimanche,09:20,69,69179,"45,5867180","4,6957440",2,1,7,1,1,3,2,2,1,1,,,1,9,1,3,1,67,5,1,2,14,0,0,1,201900035982A01,,,
201900035985,2019-04-09,2019,avril,mardi,07:45,81,81054,"43,5691150","2,1324900",1,1,3,1,2,2,2,2,1,1,,,2,9,1,2,1,71,5,2,,0,2,6,19,201900035985A01,7,1,1
201900036027,2019-07-23,2019,juillet,mardi,21:10,75,75101,"48,8650670","2,3280100",2,1,3,1,1,4,1,5,1,1,,,1,0,1,4,2,31,5,1,2,0,2,0,13,201900036027A01,7,1,1
201900036067,2019-07-24,2019,juillet,mercredi,12:35,29,29228,"48,0302406"," -4,6166718",1,1,3,1,1,3,2,2,1,1,,,1,0,1,3,1,75,5,2,,0,0,8,2,201900036067B01,7,2,1
201900036078,2019-07-24,2019,juillet,mercredi,09:05,73,73186,"45,8062090","6,5172303",2,1,1,1,1,3,2,2,2,2,,,1,0,1,4,1,34,5,1,2,0,2,1,5,201900036078B01,7,1,1
201900036096,2019-06-02,2019,juin,dimanche,15:00,13,13072,"43,4461610","5,6380120",2,1,5,1,1,3,2,2,2,2,,,1,0,1,3,1,18,9,1,2,0,2,1,5,201900036096D01,7,1,1
201900036096,2019-06-02,2019,juin,dimanche,15:00,13,13072,"43,4461610","5,6380120",2,1,5,1,1,3,2,2,2,2,,,1,0,1,4,1,17,9,1,2,0,2,1,5,201900036096C01,7,1,1
201900036096,2019-06-02,2019,juin,dimanche,15:00,13,13072,"43,4461610","5,6380120",2,1,5,1,1,3,2,2,2,2,,,1,0,1,3,1,18,9,1,2,0,2,1,5,201900036096B01,7,1,1
201900036104,2019-07-24,2019,juillet,mercredi,10:30,35,35228,"48,6067590"," -2,0676660",1,1,3,1,1,3,2,2,1,1,,,1,0,1,2,2,76,5,2,,0,2,8,1,201900036104B01,7,1,1
201900036119,2019-03-11,2019,mars,lundi,19:30,86,86001,"46,2331580","0,7571790",1,1,2,3,1,2,2,2,1,2,,,1,0,1,3,1,27,3,1,2,0,2,4,1,201900036119A01,10,2,1
201900036131,2019-07-20,2019,juillet,samedi,13:30,91,91103,"48,6134100","2,2780000",2,1,3,1,1,4,2,2,1,1,,,1,0,3,4,2,38,1,1,2,0,2,8,1,201900036131B01,7,21,1
201900036160,2019-07-20,2019,juillet,samedi,13:10,56,56121,"47,7451800"," -3,3740200",2,1,3,1,1,4,2,2,1,1,,,1,0,1,4,1,18,9,2,,0,2,0,19,201900036160A01,7,1,1
201900036182,2019-07-22,2019,juillet,lundi,08:15,75,75119,"48,8970680","2,3847470",2,1,6,1,1,4,2,3,1,1,,,1,6,5,4,1,52,9,1,2,8,2,1,21,201900036182A01,7,16,1
201900036185,2019-07-21,2019,juillet,dimanche,20:30,75,75116,"48,8585740","2,2448590",2,2,6,1,1,4,2,4,1,1,,,1,0,1,4,1,55,5,1,2,0,2,1,1,201900036185B01,7,22,1
201900036188,2019-07-22,2019,juillet,lundi,07:40,75,75104,"48,8569240","2,3539020",2,2,3,1,1,4,1,2,1,1,,,1,0,5,4,1,59,1,1,2,0,2,2,1,201900036188B01,7,15,1
201900036232,2019-12-11,2019,décembre,mercredi,21:25,75,75114,"48,8241117","2,3212317",2,4,3,5,2,4,3,3,1,1,,,2,0,5,4,1,51,0,1,2,0,2,1,1,201900036232B01,7,22,1
201900036233,2019-12-13,2019,décembre,vendredi,19:20,75,75104,"48,8569590","2,3537140",2,3,3,5,2,4,2,2,1,1,,,2,0,5,4,2,27,0,1,2,0,2,1,1,201900036233A01,7,1,1
201900036237,2019-12-13,2019,décembre,vendredi,09:45,75,75113,"48,8386560","2,3723710",2,3,3,1,2,4,2,3,1,1,,,2,0,5,4,2,22,9,1,2,0,2,2,1,201900036237B01,7,15,1
201900036239,2019-12-13,2019,décembre,vendredi,17:00,75,75108,"48,8810950","2,3210010",2,1,3,1,1,4,2,3,1,1,,,1,0,5,4,2,30,1,1,2,0,2,1,1,201900036239B01,7,22,1
201900036242,2019-12-13,2019,décembre,vendredi,10:30,75,75108,"48,8755240","2,2992270",2,1,3,1,1,4,2,2,1,1,,,2,0,1,4,2,55,0,1,2,0,2,3,10,201900036242B01,33,5,1
201900036244,2019-12-13,2019,décembre,vendredi,08:15,75,75107,"48,8586350","2,3198240",2,3,6,1,2,4,1,1,1,1,,,2,0,1,4,1,46,1,1,2,15,0,1,1,201900036244A01,,,
201900036353,2019-07-29,2019,juillet,lundi,17:30,49,49278,"47,4278590"," -0,5574720",1,1,3,1,1,3,2,2,1,1,,,1,0,1,3,1,73,5,2,,0,2,8,9,201900036353A01,7,1,1
201900036383,2019-05-07,2019,mai,mardi,17:00,10,10081,"48,3080700","4,0433300",2,9,3,1,1,4, -1,2,1,1,,,1,5,1,4,1,8,5,2,,0,2,1,26,201900036383B01,10,1,1
201900036440,2019-05-06,2019,mai,lundi,11:05,6,06069,"43,6415470","6,9369800",2,1,2,1,1,3,2,3,2,1,,,1,3,1,4,1,81,5,1,2,0,2,4,1,201900036440B01,7,12,1
201900036442,2019-05-01,2019,mai,mercredi,11:15,6,06069,"43,6638579","6,9230765",2,1,1,1,1,4,2,2,2,1,,,1,0,1,4,1,7,5,1,2,0,2,3,9,201900036442B01,7,1,1
201900036525,2019-05-28,2019,mai,mardi,05:20,75,75116,"48,8375100","2,2568140",2,7,3,2,1,4,1,3,1,1,,,1,0,1,2,1,39,0,1,2,0,2,3,18,201900036525B01,37,16,1
201900036546,2019-05-28,2019,mai,mardi,15:30,75,75105,"48,8401460","2,3587790",2,1,2,1,1,4,1,2,1,1,,,1,0,1,4,1,76,5,2,,0,2,1,5,201900036546A01,7,23,1
201900036551,2019-05-24,2019,mai,vendredi,01:15,75,75106,"48,8529590","2,3427990",2,4,3,5,1,4,1,2,1,1,,,1,0,1,4,1,27,5,2,,0,2,2,1,201900036551B01,7,9,1
201900036556,2019-05-15,2019,mai,mercredi,08:45,75,75106,"48,8461750","2,3178730",2,3,3,1,1,4,1,2,1,1,,,1,9,1,4,1,53,1,1,2,0,2,7,13,201900036556A01,1,13,1
201900036556,2019-05-15,2019,mai,mercredi,08:45,75,75106,"48,8461750","2,3178730",2,3,3,1,1,4,1,2,1,1,,,1,9,1,4,2,61,0,1,2,0,2,8,13,201900036556B01,1,13,1
201900036561,2019-04-30,2019,avril,mardi,22:15,75,75106,"48,8479150","2,3277680",2,2,3,5,1,4,3,2,1,1,,,1,0,1,4,1,25,4,2,,0,2,8,19,201900036561A01,33,1,1
201900036562,2019-05-29,2019,mai,mercredi,18:10,75,75120,"48,8615210","2,4002590",2,1,6,1,1,4,2,2,2,1,,,1,0,1,4,2,27,1,2,,0,2,7,1,201900036562A01,7,13,1
201900036590,2019-11-06,2019,novembre,mercredi,16:00,91,91573,"48,6106690","2,5107650",2,1,2,1,2,4,2,2,1,1,,,2,0,1,3,1,65,9,1,2,14,0,1,2,201900036590B01,10,2,1
201900036597,2019-11-08,2019,novembre,vendredi,14:25,89,89384,"47,9047850","3,3338920",1,2,3,2,1,3,2,2,1,1,,,1,0,1,4,1,70,5,1,2,0,2,1,1,201900036597B01,7,1,1
201900036630,2019-11-04,2019,novembre,lundi,08:35,69,69236,"45,5659900","4,7030510",1,3,3,2,2,3,2,2,1,1,,,2,0,1,3,1,60,5,1,2,0,2,7,1,201900036630B01,7,19,1
201900036632,2019-11-04,2019,novembre,lundi,11:20,31,31395,"43,4361530","1,3223060",2,6,3,1,1,2,1,2,1,1,,,1,9,1,3,1,66,5,1,2,0,2,3,1,201900036632B01,7,16,1
201900036746,2019-06-20,2019,juin,jeudi,17:30,91,91687,"48,6558700","2,3696000",2,1,1,1,1,4,2,2,1,1,,,1,0,2,4,1,11,0,2,,0,2,1,19,201900036746B01,7,1,1
201900036793,2019-06-22,2019,juin,samedi,08:20,65,65286,"43,1068748"," -0,0397503",2,6,3,1,1,2,1,2,1,2,,,1,0,1,3,1,68,5,2,,0,2,1,15,201900036793B01,7,1,1
201900036795,2019-06-21,2019,juin,vendredi,22:25,64,64445,"43,3041337"," -0,3668135",2,6,2,5,1,4,1,2,1,2,,,1,0,1,4,1,33,5,2,,0,2,4,26,201900036795A01,7,0,1
201900036796,2019-06-21,2019,juin,vendredi,18:45,64,64445,"43,3042300"," -0,3674200",2,6,2,1,2,4,1,1,1,1,,,2,5,1,4,2,23,1,2,,0,2,5,1,201900036796B01,7,1,1
201900036833,2019-06-21,2019,juin,vendredi,13:30,45,45234,"47,9123187","1,8942288",2,3,3,1,1,4, -1,2,1,1,,,1,0,5,4,2,57,1,1,2,0,2,1,1,201900036833B01,80,9,1
201900036837,2019-06-22,2019,juin,samedi,10:15,41,41269,"47,8005900","1,0474000",2,9,3,1,1,9,4,1,1,3,,,1,0,1,4,2,76,5,2,,0,2,0,1,201900036837B01,7,9,1
201900036865,2019-06-12,2019,juin,mercredi,17:30,33,33063,"44,8405580"," -0,5590690",2,3,2,1,1,4,1,3,2,1,,,1,0,1,1,1,17,5,2,,0,2,1,1,201900036865A01,50,1,1
201900036950,2019-10-03,2019,octobre,jeudi,20:30,68,68082,"47,8424610","7,3442920",1,1,2,3,1,3,2,2,1,1,,,1,0,1,3,1,33,0,2,,0,2,4,2,201900036950B01,7,2,1
201900036966,2019-10-03,2019,octobre,jeudi,15:17,4,04088,"43,9683680","5,7687430",2,1,3,1,1,4,2,2,1,4,,,1,0,1,4,1,60,5,1,2,0,2,8,1,201900036966B01,7,13,1
201900036983,2019-06-24,2019,juin,lundi,16:00,987,98714," -16,4954170"," -151,7388890",1,1,7,1,1,2,2,2,1,1,,,1,0,1,3,1,51,5,1,2,14,0,1,1,201900036983A01,,,
201900036987,2019-04-09,2019,avril,mardi,20:00,987,98714," -16,4399380"," -151,7573780",1,1,7,5,1,4,2,2,2,4,,,1,0,8,2,1,17,5,2,,13,0,0,14,201900036987A01,,,
201900036990,2019-05-10,2019,mai,vendredi,05:45,987,98758," -16,7398040"," -151,4570020",2,1,1,2,1,4,2,2,1,1,,,1,0,1,3,1,22,1,2,,0,2,1,26,201900036990B01,7,15,1
201900036992,2019-05-11,2019,mai,samedi,18:00,987,98747," -17,7456570"," -149,2420810",1,1,1,4,1,2,2,2,1,1,,,1,0,1,2,1,14,5,2,,0,2,7,19,201900036992B01,7,2,1
201900036997,2019-06-02,2019,juin,dimanche,03:00,987,98733," -17,6793140"," -149,5877070",2,1,1,5,1,2,2,2,1,1,,,1,0,1,2,1,18,5,2,,0,2,1,1,201900036997B01,10,1,1
201900036997,2019-06-02,2019,juin,dimanche,03:00,987,98733," -17,6793140"," -149,5877070",2,1,1,5,1,2,2,2,1,1,,,1,0,1,3,1,17,5,2,,0,2,1,1,201900036997B01,10,1,1
201900037050,2019-10-02,2019,octobre,mercredi,20:30,69,69382,"45,7592500","4,8294100",2,2,1,5,1,4,1,5,1,1,,,1,5,1,4,2,32,0,2,,0,2,1,1,201900037050B01,7,15,1
201900037080,2019-10-02,2019,octobre,mercredi,08:30,44,44114,"47,2695800"," -1,6142300",2,1,3,1,1,4,2,0,2,1,,,1,0,1,4,1,73,5,1,2,0,1,7,9,201900037080B01,7,9,1
201900037085,2019-10-02,2019,octobre,mercredi,13:20,34,34172,"43,5748900","3,8599300",2,6,3,1,1,4,1,2,1,2,,,1,5,1,4,2,47,1,2,,0,2,7,1,201900037085B01,7,9,1
201900037184,2019-01-17,2019,janvier,jeudi,10:50,75,75105,"48,8473400","2,3408440",2,3,2,1,1,4,2,2,2,1,,,1,0,1,4,2,80,0,2,,0,2,4,1,201900037184B01,7,21,1
201900037193,2019-01-17,2019,janvier,jeudi,14:15,75,75118,"48,8985950","2,3633050",2,1,7,1,1,4,1,1,1,1,,,1,0,1,4,2,22,1,2,,0,0,0,21,201900037193A01,,,
201900037194,2019-01-16,2019,janvier,mercredi,18:30,75,75118,"48,8904060","2,3558280",2,2,3,5,1,4,2,2,1,1,,,1,0,1,4,2,30,1,1,2,0,2,7,15,201900037194A01,7,1,1
201900037215,2019-01-20,2019,janvier,dimanche,14:25,75,75112,"48,8473410","2,3867790",2,2,2,1,1,4,2,4,1,1,,,1,5,1,1,1,14,5,2,,0,2,6,15,201900037215A01,32,17,1
201900037220,2019-01-16,2019,janvier,mercredi,20:55,75,75112,"48,8479830","2,3766280",2,3,3,5,1,4,1,1,1,1,,,1,0,1,4,2,29,5,1,2,0,2,6,15,201900037220B01,30,17,1
201900037225,2019-01-17,2019,janvier,jeudi,21:00,75,75110,"48,8768480","2,3646880",2,1,3,5,1,4,1,2,2,1,,,1,0,5,4,1,28,4,1,2/6,0,2,1,1,201900037225B01,7,22,1
201900037236,2019-01-19,2019,janvier,samedi,10:00,75,75107,"48,8628970","2,3169590",2,1,6,1,1,4,2,3,1,1,,,1,0,5,4,1,60,0,1,2,0,2,0,1,201900037236B01,7,22,1
201900037237,2019-01-18,2019,janvier,vendredi,16:58,75,75107,"48,8593740","2,3195560",2,3,7,2,1,4,1,2,1,1,,,1,0,1,4,1,65,0,1,2,0,0,0,1,201900037237A01,,,
201900037243,2019-01-17,2019,janvier,jeudi,12:40,75,75111,"48,8659070","2,3650430",2,1,3,1,8,4,2,2,1,1,,,2,0,1,4,1,69,1,1,2/6,0,2,2,1,201900037243B01,7,14,1
201900037251,2019-01-17,2019,janvier,jeudi,09:30,94,94076,"48,8043400","2,3644600",2,1,7,1,1,3,1,0,2,1,,,3,0,1,1,1,35,0,1,2,0,1,7,25,201900037251A01,,,
201900037326,2019-08-24,2019,août,samedi,19:01,87,87050,"45,8758500","1,1914800",1,1,6,1,1,3,2,2,1,1,,,1,0,1,4,2,9,5,1,2,0,2,4,0,201900037326A01,7,0,1
201900037332,2019-08-26,2019,août,lundi,13:20,85,85194,"46,4996500"," -1,7564500",2,6,3,1,1,4,1,2,1,2,,,1,0,1,4,1,56,1,2,,0,2,0,1,201900037332B01,7,16,1
201900037337,2019-08-28,2019,août,mercredi,17:15,80,80021,"49,8753100","2,2799600",2,1,3,1,1,4,2,2,1,1,,,1,0,3,4,1,35,5,2,,0,2,1,1,201900037337B01,7,9,1
201900037375,2019-08-29,2019,août,jeudi,10:04,66,66136,"42,6871200","2,8704000",2,1,1,1,1,4,3,2,1,1,,,1,0,1,4,1,81,5,1,2,0,2,1,1,201900037375B01,10,16,1
201900037381,2019-08-27,2019,août,mardi,12:00,64,64483,"43,3835900"," -1,6598900",2,9,3,1,1,4,2,3,1,1,,,1,0,3,4,1,28,0,2,,0,2,1,15,201900037381A01,7,15,1
201900037383,2019-08-31,2019,août,samedi,17:20,64,64445,"43,3087200"," -0,3548200",2,1,6,1,1,4,2,2,1,1,,,1,0,1,4,2,24,0,2,,0,2,1,1,201900037383B01,7,24,1
201900037386,2019-08-30,2019,août,vendredi,10:00,63,63300,"45,9066900","3,1252800",2,6,3,1,1,3,3,2,1,1,,,1,5,1,3,1,55,5,1,2,0,2,6,1,201900037386B01,7,1,1
201900037403,2019-08-30,2019,août,vendredi,09:25,56,56121,"47,7515200"," -3,3694000",2,6,6,2,1,4,2,2,1,3,,,1,5,1,4,1,35,5,1,2,12,0,1,16,201900037403A01,,,
201900037416,2019-08-28,2019,août,mercredi,11:10,54,54549,"48,6342210","6,3210050",2,1,1,1,7,3,2,2,1,1,,,1,0,1,3,1,49,5,2,,0,2,1,1,201900037416B01,7,15,1
201900037418,2019-08-24,2019,août,samedi,11:26,52,52121,"48,1262000","5,1360000",2,3,3,1,1,3,2,2,1,2,,,1,0,1,3,1,69,5,2,,0,2,1,1,201900037418B01,7,19,1
201900037442,2019-03-01,2019,mars,vendredi,09:55,56,56098,"47,7833500"," -3,3382600",2,6,3,1,1,3,2,2,1,1,,,1,5,1,4,1,58,1,2,,0,2,1,9,201900037442A01,7,1,1
201900037497,2019-02-14,2019,février,jeudi,15:50,41,41018,"47,5862000","1,3293900",2,1,3,1,1,4, -1,3,1,1,,,1,0,1,4,1,24,5,2,,0,2,1,7,201900037497B01,7,23,1
201900037554,2019-02-16,2019,février,samedi,13:07,29,29232,"47,9942800"," -4,0962500",2,1,7,1,1,4,2,2,1,1,,,1,0,1,4,1,17,5,1,5,1,0,1,14,201900037554A01,,,
201900037576,2019-02-15,2019,février,vendredi,19:00,22,22187,"48,5533700"," -2,7187562",2,1,1,2,1,3,2,0,1,3,,,1,0,1,4,2,27,5,2,,0,2,1,1,201900037576B01,33,13,1
201900037643,2019-04-06,2019,avril,samedi,11:50,91,91114,"48,6989200","2,5112700",2,1,6,1,1,4,1,1,1,1,,,1,9,1,4,1,54,9,2,,0,1,1,1,201900037643A01,,,
201900037681,2019-04-08,2019,avril,lundi,12:26,973,97353,"3,6414425"," -54,0305582",2,1,2,1,8,4,2,2,2,3,,,2,0,1,3,1,14,1,2,,0,2,1,1,201900037681A01,1,1,1
201900037681,2019-04-08,2019,avril,lundi,12:26,973,97353,"3,6414425"," -54,0305582",2,1,2,1,8,4,2,2,2,3,,,2,0,1,1,1,12,2,2,,0,2,4,1,201900037681B01,1,1,1
201900037690,2019-04-06,2019,avril,samedi,15:00,76,76396,"49,5511280","1,2842770",1,1,6,1,1,3,2,2,2,3,,,1,0,1,4,1,63,5,1,2,0,2,8,2,201900037690B01,7,2,1
201900037690,2019-04-06,2019,avril,samedi,15:00,76,76396,"49,5511280","1,2842770",1,1,6,1,1,3,2,2,2,3,,,1,0,1,3,1,54,5,1,2,0,2,8,2,201900037690C01,7,2,1
201900037699,2019-04-07,2019,avril,dimanche,10:00,49,49307,"47,4460890"," -0,4108620",2,1,3,1,1,3,2,2,1,1,,,1,0,1,3,1,60,5,2,,1,0,2,22,201900037699B01,7,24,1
201900037700,2019-03-29,2019,mars,vendredi,12:40,41,41198,"47,2609170","1,3620360",2,9,1,1,7,5, -1,2,2,1,,,1,0,1,3,1,34,3,2,,0,2,8,15,201900037700B01,7,16,1
201900037717,2019-04-08,2019,avril,lundi,12:45,83,83107,"43,3737150","6,6732670",1,1,2,1,1,3,2,2,1,1,,,1,0,1,3,1,65,5,1,2,0,2,4,2,201900037717B01,14,17,1
201900037727,2019-04-08,2019,avril,lundi,16:25,60,60041,"49,3847362","2,2201033",1,1,2,1,1,3,2,2,1,1,,,1,0,1,4,1,18,9,2,,0,0,4,2,201900037727B01,7,2,1
201900037756,2019-04-03,2019,avril,mercredi,07:20,974,97411," -20,8962940","55,4471600",2,1,2,1,1,4,2,2,2,1,,,1,0,1,3,1,31,1,1,2,0,2,1,1,201900037756A01,7,1,1
201900037771,2019-04-04,2019,avril,jeudi,07:10,69,69383,"45,7620800","4,8515800",2,1,3,1,2,9, -1,0,1,1,,,2,6,1,4,1,33,0,2,,0,2,0,0,201900037771B01,10,9,1
201900037792,2019-04-06,2019,avril,samedi,10:30,91,91326,"48,6970700","2,3719200",2,9,6,1,1,9, -1,0,1,1,,,1,9,1,1,2,23,4,1,2,0,1,0,25,201900037792A01,,,
201900037794,2019-04-03,2019,avril,mercredi,18:08,91,91223,"48,4350200","2,1681600",2,3,3,1,1,2,1,1,2,1,,,2,0,1,4,2,69,9,2,,0,2,1,1,201900037794B01,7,16,1
201900037819,2019-07-22,2019,juillet,lundi,19:30,57,57467,"49,1299280","6,2431580",1,3,3,1,1,3,2,2,1,1,,,1,0,8,3,2,59,5,2,,0,2,8,1,201900037819B01,7,26,1
201900037829,2019-07-14,2019,juillet,dimanche,13:20,49,49050,"47,3545884"," -0,4491704",2,1,7,1,1,3,2,2,1,3,,,1,0,1,3,1,76,5,1,2/9,0,1,0,1,201900037829A01,,,
201900037858,2019-07-22,2019,juillet,lundi,10:00,83,83064,"43,3227830","6,0282050",1,1,2,1,1,3,2,2,1,1,,,1,0,1,3,1,70,5,1,2,0,2,4,2,201900037858B01,7,2,1
201900037860,2019-07-23,2019,juillet,mardi,08:45,13,13111,"43,5539240","5,6924770",1,1,7,1,7,3,2,2,2,1,,,1,0,3,3,1,75,5,2,,0,0,7,1,201900037860A01,,,
201900037861,2019-07-21,2019,juillet,dimanche,11:30,68,68142,"48,0745680","7,1351080",1,1,1,1,1,3,2,2,2,3,,,1,0,1,1,1,41,5,2,,0,2,1,13,201900037861B01,33,1,1
201900037916,2019-07-21,2019,juillet,dimanche,13:45,75,75119,"48,8766110","2,3812580",2,1,7,1,1,4,2, -1,2,2,,,1,0,1,4,1,58,5,1,2,0,0,0,1,201900037916A01,,,
201900037922,2019-07-21,2019,juillet,dimanche,11:30,75,75115,"48,8335620","2,3092180",2,2,3,1,1,4,2,3,1,1,,,1,0,1,4,2,71,5,1,2,0,2,2,12,201900037922A01,7,1,1
201900037928,2019-07-22,2019,juillet,lundi,14:00,9,09149,"42,9445070","1,1714790",1,1,3,1,1,3,2,2,1,1,,,1,0,1,4,1,83,5,1,2,0,2,8,2,201900037928B01,7,17,1
201900037933,2019-07-21,2019,juillet,dimanche,08:15,31,31113,"43,5142590","1,4851140",2,1,1,1,1,3,2,2,2,2,,,1,0,1,2,1,53,5,1,2,0,2,1,1,201900037933A01,7,13,1
201900037938,2019-06-29,2019,juin,samedi,20:00,974,97410," -21,0885780","55,6378390",1,1,2,3,2,2,2,2,1,1,,,1,0,5,3,1,38,5,2,,0,0,8,2,201900037938A01,7,2,1
201900037943,2019-07-20,2019,juillet,samedi,05:40,83,83047,"43,1260230","6,0737380",2,1,6,5,1,3,2,2,1,1,,,1,9,1,3,1,17,1,1,2/4/9,0,2,8,1,201900037943B01,7,1,1
201900037957,2019-07-20,2019,juillet,samedi,16:30,22,22147,"48,1906340"," -2,4081900",2,1,7,1,1,3,2,2,2,1,,,1,0,4,3,1,79,5,1,4,0,0,0,0,201900037957A01,,,
201900037975,2019-07-18,2019,juillet,jeudi,07:34,85,85012,"46,8636200"," -2,1155400",1,3,3,1,1,3,2,2,1,1,,,1,0,1,3,2,82,5,2,,0,2,0,15,201900037975B01,10,17,1
201900038055,2019-12-12,2019,décembre,jeudi,09:05,51,51454,"49,2243907","4,0309509",2,6,3,1,1,4,2,1,1,3,,,1,5,1,4,2,24,0,1,2,0,2,7,1,201900038055B01,10,9,1
201900038077,2019-12-12,2019,décembre,jeudi,13:25,27,27229,"49,0232500","1,1692900",2,6,3,1,2,4,2,2,1,3,,,2,0,1,4,1,42,0,2,,0,2,0,0,201900038077B01,7,0,1
201900038080,2019-12-02,2019,décembre,lundi,13:25,27,27229,"49,0195500","1,1390100",2,2,3,1,1,4,2,2,1,1,,,1,0,1,4,1,19,0,2,,0,2,1,1,201900038080B01,7,15,1
201900038089,2019-05-20,2019,mai,lundi,19:15,75,75120,"48,8653870","2,3981040",2,1,2,1,1,4,2,2,2,1,,,1,0,1,4,1,65,1,2,,0,2,4,23,201900038089B01,7,2,1
201900038098,2019-05-10,2019,mai,vendredi,13:00,75,75120,"48,8649660","2,3967570",2,1,3,1,1,4,2,2,1,1,,,1,0,1,1,1,24,5,1,2,0,2,3,19,201900038098B01,32,17,1
201900038110,2019-12-11,2019,décembre,mercredi,07:45,8,08105,"49,7444940","4,7153980",2,3,3,5,3,4,1,2,1,1,,,2,0,1,3,1,41,1,1,4,0,2,1,1,201900038110B01,7,12,1
201900038122,2019-12-12,2019,décembre,jeudi,17:25,75,75105,"48,8426350","2,3616230",2,1,6,5,2,4,2,2,1,1,,,2,0,5,1,2,36,9,1,2,0,1,1,1,201900038122A01,,,
201900038127,2019-12-12,2019,décembre,jeudi,18:15,75,75119,"48,8806739","2,3882413",2,4,6,5,3,4,1,2,2,1,,,2,0,1,4,1,30,5,1,2,0,2,4,2,201900038127A01,30,2,1
201900038141,2019-05-17,2019,mai,vendredi,12:00,75,75119,"48,8847390","2,3776530",2,1,3,1,1,4,2,1,1,1,,,1,0,5,4,1,66,0,1,2,0,2,1,1,201900038141B01,10,16,1
201900038145,2019-05-13,2019,mai,lundi,18:00,75,75119,"48,8907200","2,3766990",2,2,3,1,1,4,1,2,1,1,,,1,0,6,4,1,34,0,1,2,0,2,3,7,201900038145B01,7,16,1
201900038160,2019-12-12,2019,décembre,jeudi,06:05,75,75113,"48,8193297","2,3445776",2,2,3,5,1,4,3,2,1,1,,,1,0,5,4,1,37,0,1,2,0,2,6,1,201900038160B01,7,12,1
201900038176,2019-05-20,2019,mai,lundi,17:20,75,75118,"48,8977790","2,3397880",2,1,6,1,1,4,1,2,1,1,,,1,0,1,4,1,29,1,2,,0,2,4,23,201900038176A01,2,2,1
201900038184,2019-12-12,2019,décembre,jeudi,19:30,75,75108,"48,8768570","2,3216650",2,5,7,5,2,4,1,2,2,1,,,2,5,1,4,1,33,1,1,2,0,0,0,18,201900038184A01,,,
201900038196,2019-05-09,2019,mai,jeudi,19:00,75,75118,"48,8966080","2,3437490",2,2,3,1,1,4,1,1,1,1,,,1,0,1,1,2,1,0,1,2,0,2,8,1,201900038196B01,7,22,1
201900038196,2019-05-09,2019,mai,jeudi,19:00,75,75118,"48,8966080","2,3437490",2,2,3,1,1,4,1,1,1,1,,,1,0,1,4,1,30,0,1,2,0,2,8,1,201900038196B01,7,22,1
201900038239,2019-05-13,2019,mai,lundi,22:20,75,75117,"48,8912530","2,3190650",2,4,3,5,1,4,2,3,1,1,,,1,0,1,4,1,29,9,1,2,0,2,1,15,201900038239B01,30,5,1
201900038250,2019-05-08,2019,mai,mercredi,04:30,75,75117,"48,8897100","2,3217210",2,2,3,5,2,4,2,3,2,1,,,2,0,1,4,1,31,0,1,2,0,2,7,13,201900038250A01,7,1,1
201900038256,2019-04-29,2019,avril,lundi,10:00,75,75117,"48,8807060","2,2852830",2,2,3,1,1,4,3,4,1,1,,,1,0,1,3,1,39,1,1,2,0,2,3,18,201900038256A01,38,16,1