Num_Acc,date,an,mois,jour,hrmn,dep,com,lat,long,agg,int,col,lum,atm,catr,circ,nbv,prof,plan,lartpc,larrout,surf,infra,situ,grav,sexe,age,trajet,secuexist,equipement,obs,obsm,choc,manv,vehiculeid,typevehicules,manoeuvehicules,numVehicules
201900038264,2019-05-26,2019,mai,dimanche,12:10,75,75116,"48,8773750","2,2813650",2,7,3,1,1,4,1,1,1,2,,,1,5,1,4,2,42,5,2,,0,2,7,1,201900038264B01,7,1,1
201900038272,2019-12-12,2019,décembre,jeudi,12:15,34,34310,"43,4031400","3,1661300",1,1,1,1,1,3,2,2,1,3,,,1,0,3,4,1,53,5,1,2,0,2,4,1,201900038272B01,7,1,1
201900038278,2019-05-23,2019,mai,jeudi,11:25,75,75116,"48,8750930","2,2839670",2,2,3,1,1,4,2,1,1,1,,,1,0,1,4,2,36,5,2,,0,2,7,1,201900038278B01,7,1,1
201900038325,2019-05-10,2019,mai,vendredi,08:40,75,75115,"48,8472760","2,2838410",2,2,3,1,1,4,1,1,1,1,,,1,0,1,4,1,14,0,1,2,0,2,2,19,201900038325B01,33,1,1
201900038332,2019-04-30,2019,avril,mardi,14:35,75,75115,"48,8325180","2,2813690",2,1,3,1,1,4,1,2,1,1,,,1,0,4,4,1,32,5,2,,0,2,1,1,201900038332A01,10,9,1
201900038335,2019-05-27,2019,mai,lundi,16:25,75,75114,"48,8254570","2,3023100",2,2,3,1,1,4,2,4,1,1,,,1,0,5,4,2,65,0,1,2,0,2,1,1,201900038335A01,32,16,1
201900038346,2019-05-15,2019,mai,mercredi,07:42,75,75114,"48,8313680","2,3299280",2,3,7,1,1,4,2,5,1,1,,,1,0,6,4,1,36,0,2,,0,0,0,15,201900038346A01,,,
201900038353,2019-05-06,2019,mai,lundi,08:50,75,75114,"48,8364800","2,3262630",2,1,3,1,1,4,2,4,1,1,,,1,9,5,4,1,63,1,1,2,0,2,8,1,201900038353B01,1,12,1
201900038353,2019-05-06,2019,mai,lundi,08:50,75,75114,"48,8364800","2,3262630",2,1,3,1,1,4,2,4,1,1,,,1,9,5,1,1,24,1,1,2,0,2,7,12,201900038353A01,1,1,1
201900038354,2019-05-04,2019,mai,samedi,16:25,75,75115,"48,8447640","2,2839030",2,2,7,1,2,4,1,1,1,1,,,2,0,1,4,1,30,0,1,2,0,0,8,21,201900038354A01,,,
201900038357,2019-05-02,2019,mai,jeudi,09:20,75,75115,"48,8412820","2,3173240",2,1,2,1,2,4,1,2,1,1,,,2,8,1,4,1,60,1,1,2,0,2,4,1,201900038357B01,7,2,1
201900038361,2019-05-28,2019,mai,mardi,10:20,75,75113,"48,8401340","2,3703640",2,1,3,1,1,4,2,2,1,1,,,1,0,5,4,1,45,1,2,,0,2,1,1,201900038361B01,10,16,1
201900038362,2019-05-25,2019,mai,samedi,15:00,75,75105,"48,8402820","2,3460390",2,2,3,1,2,4,2,4,1,1,,,2,0,1,4,2,44,5,2,,0,2,7,15,201900038362A01,30,1,1
201900038373,2019-06-21,2019,juin,vendredi,18:30,7,07102,"44,9330200","4,8594500",2,6,3,1,1,4,2,2,1,1,,,1,0,1,4,2,72,0,2,,0,2,1,1,201900038373B01,7,16,1
201900038413,2019-06-20,2019,juin,jeudi,08:10,75,75117,"48,8783410","2,2942930",2,4,6,1,2,4,2,2,2,1,,,2,0,6,4,2,31,1,1,2,0,2,1,7,201900038413A01,7,15,1
201900038426,2019-06-21,2019,juin,vendredi,19:30,75,75113,"48,8303660","2,3545660",2,3,2,1,1,4,1,3,1,1,,,1,0,1,4,1,65,1,1,2,0,2,4,1,201900038426A01,7,1,1
201900038428,2019-06-21,2019,juin,vendredi,17:40,75,75105,"48,8371110","2,3490080",2,2,3,1,1,4,2,0,2,1,,,1,9,6,4,2,18,9,1,2,0,2,3,7,201900038428B01,7,10,1
201900038430,2019-06-20,2019,juin,jeudi,11:30,75,75113,"48,8306920","2,3698950",2,1,6,1,1,4,1,1,1,1,,,1,0,5,1,1,43,1,2,,0,1,1,1,201900038430A01,,,
201900038439,2019-06-21,2019,juin,vendredi,16:17,75,75111,"48,8601800","2,3864320",2,3,3,1,1,4,1,0,2,1,,,1,0,1,4,2,68,9,2,,0,2,1,1,201900038439A01,50,1,1
201900038445,2019-06-21,2019,juin,vendredi,18:39,75,75108,"48,8741980","2,2997260",2,3,3,1,1,4,2,3,1,1,,,1,0,1,4,1,29,4,1,2,0,2,1,1,201900038445A01,7,16,1
201900038453,2019-06-20,2019,juin,jeudi,09:30,75,75103,"48,8610440","2,3558540",2,1,3,1,1,4,2,2,1,1,,,2,0,1,4,2,27,1,1,2,0,2,1,1,201900038453B01,10,22,1
201900038455,2019-06-22,2019,juin,samedi,18:30,75,75103,"48,8634030","2,3509510",2,2,6,1,1,4,1,4,1,1,,,1,0,5,4,1,24,5,1,2,0,1,2,1,201900038455A01,,,
201900038456,2019-06-21,2019,juin,vendredi,13:30,75,75102,"48,8714850","2,3430440",2,2,3,1,1,4,2,3,1,1,,,1,0,5,4,1,29,0,2,,0,2,1,1,201900038456B01,7,22,1
201900038534,2019-06-21,2019,juin,vendredi,21:30,1,01450,"45,9166840","5,2363320",2,3,3,5,1,4,2,2,1,1,,,1,0,1,3,1,11,5,2,,0,2,0,15,201900038534A01,7,0,1
201900038544,2019-06-16,2019,juin,dimanche,00:30,10,10037,"48,2087800","3,8925180",2,1,7,3,1,3,2,2,3,1,,,1,0,1,3,1,66,5,1,2,14,0,0,1,201900038544A01,,,
201900038606,2019-10-30,2019,octobre,mercredi,16:15,45,45234,"47,9027540","1,9046853",2,9,6,1,8,4,1,1,1,4,,,1,0,4,4,1,48,0,2,,8,0,1,1,201900038606A01,,,
201900038698,2019-10-30,2019,octobre,mercredi,11:35,75,75103,"48,8634000","2,3509450",2,2,3,1,1,4,2,2,1,1,,,1,0,5,3,2,31,1,1,2,0,2,7,1,201900038698B01,7,7,1
201900038705,2019-10-30,2019,octobre,mercredi,08:30,75,75120,"48,8733868","2,3826038",2,3,3,1,8,4,1,1,2,1,,,2,0,1,4,1,46,4,1,2,0,2,7,5,201900038705B01,7,15,1
201900038707,2019-11-01,2019,novembre,vendredi,13:10,75,75119,"48,8797822","2,3704239",2,1,3,1,8,4,3,2,2,1,,,2,0,5,4,1,29,0,1,2,0,2,1,1,201900038707B01,7,16,1
201900038710,2019-10-30,2019,octobre,mercredi,15:30,75,75118,"48,8965729","2,3592420",2,1,6,1,1,4,2,4,1,1,,,1,0,1,1,1,22,0,2,,0,1,7,1,201900038710A01,,,
201900038711,2019-10-31,2019,octobre,jeudi,09:30,75,75117,"48,8903790","2,3243691",2,1,6,1,1,4,1,1,1,1,,,1,0,5,4,2,40,1,1,2,0,2,1,1,201900038711A01,1,9,1
201900038738,2019-11-02,2019,novembre,samedi,16:55,75,75101,"48,8590890","2,3464450",2,2,6,1,1,4,1,3,1,1,,,1,0,5,1,1,29,4,1,2,0,1,1,1,201900038738A01,,,
201900038756,2019-10-02,2019,octobre,mercredi,21:10,75,75119,"48,8824769","2,3703847",2,4,3,5,1,4,2,2,2,1,,,1,0,1,1,2,22,9,1,2,0,2,2,19,201900038756A01,32,1,1
201900038809,2019-09-25,2019,septembre,mercredi,10:50,17,17299,"45,9449210"," -0,9633380",2,1,1,1,3,4,2,2,1,1,,,2,0,1,4,1,16,2,1,2,1,0,1,1,201900038809B01,7,22,1
201900038816,2019-10-03,2019,octobre,jeudi,10:00,34,34327,"43,6477470","3,9544170",1,3,3,1,1,2,2,2,1,1,,,1,0,1,3,1,74,5,2,,0,2,8,16,201900038816B01,15,16,1
201900038884,2019-09-30,2019,septembre,lundi,18:25,56,56121,"47,7548500"," -3,3633200",2,3,3,1,2,4,2,4,1,1,,,2,5,1,4,2,57,5,1,2,0,2,1,1,201900038884B01,15,16,1
201900038885,2019-09-30,2019,septembre,lundi,07:15,56,56098,"47,7503600"," -3,3384200",2,1,2,5,1,4,2,2,1,1,,,1,0,1,4,1,37,4,1,2,0,2,7,1,201900038885B01,7,20,1
201900038902,2019-09-27,2019,septembre,vendredi,07:45,33,33529,"44,6267000"," -1,1415000",2,6,3,2,1,3,1,1,1,2,,,1,5,1,4,2,59,1,2,,0,2,5,1,201900038902B01,10,1,1
201900038907,2019-10-01,2019,octobre,mardi,07:35,29,29019,"48,3772900"," -4,5266100",2,1,3,5,2,4,2,2,2,1,,,2,0,1,4,1,34,1,1,2,0,2,7,1,201900038907B01,7,20,1
201900038944,2019-01-17,2019,janvier,jeudi,16:30,84,84142,"43,9574820","5,0284790",1,6,3,1,1,3,2,2,1,1,,,1,5,1,3,1,64,5,2,,0,0,7,16,201900038944A01,7,1,1
201900038953,2019-01-19,2019,janvier,samedi,16:00,972,97216,"14,8053270"," -61,0353930",1,1,1,1,1,3,2,2,2,4,,,1,0,1,3,1,15,5,2,,0,2,1,1,201900038953A01,7,1,1
201900038955,2019-01-20,2019,janvier,dimanche,10:05,62,62621,"50,8885970","2,0435320",2,1,3,1,1,4,2,1,1,1,,,1,0,1,4,1,53,5,2,,0,2,3,1,201900038955B01,7,1,1
201900038961,2019-01-18,2019,janvier,vendredi,08:30,1,01354,"46,2494670","6,0376740",2,3,7,1,9,4,2, -1,1,1,,,7,0,1,3,1,63,1,2,,0,0,0,1,201900038961A01,,,
201900038974,2019-01-19,2019,janvier,samedi,11:15,22,22193,"48,3884610"," -2,4470690",1,3,3,1,7,3,2,2,1,1,,,2,0,1,3,1,51,5,1,2,0,2,0,1,201900038974B01,7,15,1
201900038994,2019-01-18,2019,janvier,vendredi,10:00,89,89074,"48,3093880","3,1620120",1,1,3,1,1,3,2,3,1,1,,,1,0,1,4,1,46,0,1,4,0,2,8,1,201900038994B01,7,1,1
201900039005,2019-01-17,2019,janvier,jeudi,14:05,46,46029,"44,9319130","1,8487310",2,2,3,1,2,3,2,2,1,1,,,2,5,1,3,1,88,5,2,,0,2,8,16,201900039005B01,7,1,1
201900039016,2019-01-19,2019,janvier,samedi,11:30,29,29061,"48,4545310"," -4,4648590",2,3,3,1,1,4,2,2,1,1,,,1,0,1,3,1,72,3,2,,0,2,1,1,201900039016B01,7,16,1
201900039042,2019-01-17,2019,janvier,jeudi,16:55,85,85179,"46,4787500"," -1,5385600",1,1,4,1,1,3,2,2,1,1,,,1,0,8,2,1,80,5,1,2,0,0,0,21,201900039042C01,1,21,2
201900039042,2019-01-17,2019,janvier,jeudi,16:55,85,85179,"46,4787500"," -1,5385600",1,1,4,1,1,3,2,2,1,1,,,1,0,8,4,1,81,5,1,2,0,0,0,21,201900039042B01,1,21,2
201900039042,2019-01-17,2019,janvier,jeudi,16:55,85,85179,"46,4787500"," -1,5385600",1,1,4,1,1,3,2,2,1,1,,,1,0,8,4,1,64,5,1,2,0,0,0,21,201900039042A01,1,21,2
201900039086,2019-01-19,2019,janvier,samedi,09:13,77,77508,"48,8188110","2,8180220",1,6,3,1,1,3,2,2,1,1,,,1,5,1,3,1,56,5,1,2,0,2,2,1,201900039086B01,7,9,1
201900039093,2019-01-18,2019,janvier,vendredi,16:30,2B,2B205,"42,6991670","9,3538890",2,3,3,1,1,4,2,2,1,1,,,1,0,1,4,1,15,0,2,,0,2,1,9,201900039093B01,7,1,1
201900039108,2019-08-28,2019,août,mercredi,21:55,45,45234,"47,8868262","1,9068950",2,1,3,5,1,4,2,2,1,1,,,1,4,6,3,1,22,4,1,2,0,4,8,15,201900039108A01,40,1,1
201900039141,2019-06-15,2019,juin,samedi,16:00,34,34003,"43,3080400","3,4733600",2,2,3,1,1,4, -1,1,1,3,,,1,0,1,4,1,43,1,1,2,0,2,1,19,201900039141A01,10,23,1
201900039150,2019-08-28,2019,août,mercredi,00:30,33,33192,"44,7664600"," -0,6196000",2,3,3,5,1,4,2,1,2,1,,,1,0,5,4,1,18,0,1,2,0,2,1,1,201900039150A01,7,1,1
201900039195,2019-08-25,2019,août,dimanche,13:00,14,14117,"49,2837000","0,1338600",2,1,3,1,1,3,2,2,1,1,,,1,0,1,4,1,50,5,1,2,0,2,0,0,201900039195B01,7,15,1
201900039226,2019-08-27,2019,août,mardi,11:05,13,13005,"43,2878100","5,5279000",1,1,6,1,1,3,2,2,1,1,,,1,0,1,3,2,73,5,1,2,0,2,8,13,201900039226B01,7,17,1
201900039233,2019-08-31,2019,août,samedi,10:10,10,10343,"48,2756000","4,0890000",2,6,3,1,1,4,1,1,1,3,,,1,0,1,4,1,49,0,2,,0,2,1,15,201900039233B01,7,9,1
201900039256,2019-08-28,2019,août,mercredi,08:40,5,05023,"44,8994300","6,6311500",2,1,1,1,8,2,2,2,2,3,,,1,0,1,3,1,70,5,1,2,0,2,1,13,201900039256B01,7,1,1
201900039265,2019-08-31,2019,août,samedi,17:37,75,75105,"48,8513880","2,3431830",2,2,6,1,1,4,1,4,1,1,,,1,0,1,1,1,18,0,1,2,0,1,0,7,201900039265A01,,,
201900039266,2019-08-28,2019,août,mercredi,12:30,75,75106,"48,8536680","2,3383981",2,5,6,1,1,4,2,2,1,1,,,1,0,1,1,1,35,4,1,2,0,1,1,1,201900039266A01,,,
201900039270,2019-08-27,2019,août,mardi,15:15,75,75120,"48,8687640","2,3900460",2,3,7,1,1,4,1,2,2,1,,,1,0,1,4,1,15,5,1,2,0,0,1,1,201900039270A01,,,
201900039274,2019-08-28,2019,août,mercredi,08:00,75,75120,"48,8743999","2,3862904",2,3,3,1,1,4,2,2,1,1,,,1,0,1,4,1,57,0,1,2,0,2,6,18,201900039274B01,17,16,1
201900039285,2019-08-26,2019,août,lundi,12:20,75,75115,"48,8351880","2,2815510",2,1,6,1,1,4,3,2,1,1,,,1,0,5,4,2,32,0,1,2,12,0,0,14,201900039285A01,,,
201900039319,2019-02-27,2019,février,mercredi,16:25,10,10343,"48,2701000","4,0892000",2,9,3,1,1,4,2,2,4,1,,,1,0,1,4,1,70,5,2,,0,2,3,9,201900039319B01,7,9,1
201900039321,2019-02-28,2019,février,jeudi,11:57,8,08105,"49,7606340","4,7184440",2,3,3,1,1,4,1,1,1,1,,,1,0,1,3,1,35,0,2,,0,2,7,15,201900039321B01,7,15,1
201900039349,2019-02-26,2019,février,mardi,13:10,75,75117,"48,8886430","2,3034070",2,1,2,1,1,4,1,1,1,1,,,1,0,1,2,1,62,9,1,2,0,2,4,5,201900039349B01,7,4,1
201900039366,2019-02-28,2019,février,jeudi,12:05,75,75119,"48,8987720","2,3741050",2,3,3,1,1,4, -1,0,1,1,,,1,9,1,4,1,11,5,1,2,0,2,1,19,201900039366B01,10,1,1
201900039368,2019-02-26,2019,février,mardi,08:35,75,75119,"48,8914650","2,3779860",2,1,3,1,1,4,3,2,1,1,,,1,0,5,4,1,43,1,1,2,0,2,1,1,201900039368A01,14,22,1
201900039369,2019-02-25,2019,février,lundi,14:00,75,75119,"48,8988740","2,3795620",2,1,3,1,1,4, -1,1,1,1,,,1,0,1,4,1,20,5,1,2,0,2,1,19,201900039369A01,7,1,1
201900039374,2019-02-27,2019,février,mercredi,15:30,75,75118,"48,8927090","2,3597290",2,3,3,1,1,4,2,4,1,1,,,1,0,1,4,2,33,0,2,,0,2,3,1,201900039374A01,14,14,1
201900039380,2019-02-26,2019,février,mardi,10:50,75,75117,"48,8872280","2,2979680",2,7,2,1,1,4,1,2,1,2,,,1,0,1,4,1,54,4,1,2,0,2,4,2,201900039380B01,7,2,1
201900039383,2019-03-01,2019,mars,vendredi,12:35,75,75116,"48,8499390","2,2722040",2,2,3,1,1,4,1,1,2,1,,,1,0,1,4,1,25,5,1,2,0,2,3,1,201900039383B01,10,15,1
201900039388,2019-02-26,2019,février,mardi,18:45,75,75116,"48,8611680","2,2398320",2,1,3,2,1,4,2,2,1,1,,,1,0,1,4,1,39,0,1,2,0,2,5,19,201900039388B01,7,1,1
201900039389,2019-02-25,2019,février,lundi,12:30,75,75116,"48,8629420","2,2387900",2,1,6,1,1,4,1,2,1,1,,,1,0,1,4,1,70,5,1,2,1,0,2,14,201900039389A01,,,
201900039405,2019-02-26,2019,février,mardi,12:20,75,75105,"48,8382160","2,3429080",2,1,3,1,1,4,3,5,2,1,,,1,0,6,4,1,28,5,1,2,0,2,1,7,201900039405B01,14,15,1
201900039406,2019-02-25,2019,février,lundi,21:10,75,75113,"48,8309770","2,3555580",2,7,6,5,1,4,1,4,1,2,,,1,0,1,4,1,52,1,1,2,0,2,4,2,201900039406A01,7,2,1
201900039409,2019-02-28,2019,février,jeudi,01:50,75,75111,"48,8513010","2,3761410",2,2,2,5,1,4,1,1,1,1,,,1,0,1,4,1,29,0,1,2,0,2,1,1,201900039409A01,7,15,1
201900039411,2019-02-27,2019,février,mercredi,16:25,75,75112,"48,8440240","2,4100760",2,1,3,1,1,4,1,2,1,1,,,1,0,1,4,1,81,5,2,,0,2,8,19,201900039411A01,2,1,1
201900039412,2019-02-26,2019,février,mardi,15:40,75,75112,"48,8411750","2,4123390",2,1,3,1,1,4,2,2,2,1,,,1,0,1,4,1,68,5,1,2,1,2,4,1,201900039412B01,7,17,1
201900039420,2019-02-26,2019,février,mardi,09:00,75,75111,"48,8612400","2,3677150",2,3,3,1,1,4,1,2,1,1,,,1,0,5,4,1,33,5,1,2,0,2,1,1,201900039420B01,7,15,1
201900039421,2019-02-25,2019,février,lundi,19:20,75,75111,"48,8640090","2,3811940",2,2,3,5,1,4,2,2,1,1,,,1,0,1,4,2,31,5,1,2,0,2,2,1,201900039421B01,10,22,1
201900039438,2019-02-25,2019,février,lundi,22:35,75,75104,"48,8508240","2,3614290",2,2,6,5,1,4,1,2,1,1,,,1,0,1,4,1,27,0,1,2,0,2,4,1,201900039438A01,2,1,1
201900039458,2019-02-28,2019,février,jeudi,07:00,94,94041,"48,8136300","2,3888300",2,1,3,2,1,3,3,0,1,1,,,1,0,1,4,1,47,1,2,,0,2,1,7,201900039458B01,10,16,1
201900039510,2019-04-06,2019,avril,samedi,01:15,64,64445,"43,2964500"," -0,3742700",2,1,1,5,2,4,2,2,2,1,,,2,0,1,4,2,28,5,2,,0,2,1,1,201900039510B01,7,15,1
201900039510,2019-04-06,2019,avril,samedi,01:15,64,64445,"43,2964500"," -0,3742700",2,1,1,5,2,4,2,2,2,1,,,2,0,1,4,2,29,5,2,,0,2,1,1,201900039510B01,7,15,1
201900039511,2019-04-04,2019,avril,jeudi,23:00,64,64129,"43,3050194"," -0,4018754",2,6,3,5,1,4,1,2,1,2,,,1,0,1,4,2,56,5,2,,0,2,1,16,201900039511A01,7,9,1
201900039521,2019-04-04,2019,avril,jeudi,13:45,56,56121,"47,7484600"," -3,3655200",2,1,3,1,1,4,2,2,1,1,,,1,0,1,4,1,44,5,1,2,0,2,8,1,201900039521B01,10,16,1
201900039536,2019-03-30,2019,mars,samedi,17:05,42,42207,"45,4565600","4,5046200",2,1,3,1,1,4,2,2,2,1,,,1,0,1,3,1,13,5,2,,0,2,0,13,201900039536B01,33,21,1
201900039607,2019-04-04,2019,avril,jeudi,12:20,11,11262,"43,1821100","3,0041400",2,1,7,1,8,4,1,1,1,1,,,2,0,1,4,2,45,4,2,,0,0,0,15,201900039607A01,,,
201900039657,2019-04-05,2019,avril,vendredi,18:20,75,75117,"48,8801010","2,2878810",2,2,3,1,1,4,1,4,1,1,,,1,0,1,4,1,39,1,1,2,0,2,3,2,201900039657B01,7,16,1
201900039662,2019-04-04,2019,avril,jeudi,12:00,75,75116,"48,8566030","2,2375100",2,1,3,1,1,4,2,2,1,3,,,1,6,5,4,1,70,9,1,2,0,2,7,17,201900039662A01,1,1,1
201900039662,2019-04-04,2019,avril,jeudi,12:00,75,75116,"48,8566030","2,2375100",2,1,3,1,1,4,2,2,1,3,,,1,6,5,4,2,87,9,1,2,0,2,8,1,201900039662B01,1,17,1
201900039683,2019-07-16,2019,juillet,mardi,13:20,69,69264,"45,9952621","4,7207288",2,6,3,1,1,4,1,1,1,1,,,1,0,1,4,1,71,5,1,2,0,2,5,9,201900039683B01,7,9,1
201900039684,2019-07-16,2019,juillet,mardi,15:48,63,63113,"45,7924100","3,1188500",2,3,3,1,1,7,2,6,1,1,,,1,9,1,4,1,31,1,1,2,0,2,1,1,201900039684B01,7,19,1
201900039703,2019-07-20,2019,juillet,samedi,03:30,69,69387,"45,7317115","4,8240828",2,2,3,5,1,7,1,4,1,2,,,1,0,1,4,1,21,1,2,,0,2,8,1,201900039703B01,7,1,1
201900039755,2019-07-19,2019,juillet,vendredi,09:40,76,76540,"49,4416900","1,0834800",2,2,3,1,1,3,2,6,1,1,,,1,0,1,3,1,28,1,2,,0,2,1,19,201900039755B01,7,16,1
201900039766,2019-07-18,2019,juillet,jeudi,19:08,67,67447,"48,6069800","7,7453200",2,3,1,1,1,4,2,2,1,1,,,1,0,1,4,2,55,0,2,,0,2,5,1,201900039766B01,7,0,1
201900039802,2019-06-12,2019,juin,mercredi,19:55,38,38053,"45,6079200","5,2539300",2,1,3,1,7,3,1,2,1,2,,,1,9,1,3,1,64,5,2,,0,2,7,12,201900039802B01,7,1,1
201900039811,2019-07-20,2019,juillet,samedi,19:35,34,34172,"43,5972700","3,8400600",2,9,6,1,1,4,1,2,1,3,,,1,5,1,4,2,62,5,1,2,0,2,7,15,201900039811B01,7,19,1
201900039838,2019-12-08,2019,décembre,dimanche,14:45,27,27438,"48,7703580","1,1993600",2,3,3,1,1,4,2,2,2,1,,,1,9,1,4,1,12,5,2,,0,2,1,19,201900039838B01,7,1,1
201900039880,2019-12-10,2019,décembre,mardi,15:10,71,71306,"46,6742900","4,3620000",2,1,1,1,1,4,1,2,1,1,,,1,0,1,3,1,39,5,2,,0,2,1,5,201900039880A01,7,1,1
201900039971,2019-12-11,2019,décembre,mercredi,21:57,75,75113,"48,8341680","2,3448540",2,2,3,3,8,4,1,2,1,1,,,2,0,1,4,1,26,5,1,2,0,2,8,1,201900039971A01,37,1,1
201900039976,2019-12-11,2019,décembre,mercredi,10:40,75,75108,"48,8782390","2,3198370",2,5,3,1,8,4,1,1,1,1,,,2,0,1,4,1,37,4,1,2,0,2,1,1,201900039976B01,7,22,1
201900039980,2019-12-11,2019,décembre,mercredi,19:00,75,75107,"48,8546780","2,3148470",2,1,6,5,1,4,2,2,1,1,,,1,0,1,4,2,67,0,2,,0,1,8,1,201900039980A01,,,
201900039980,2019-12-11,2019,décembre,mercredi,19:00,75,75107,"48,8546780","2,3148470",2,1,6,5,1,4,2,2,1,1,,,1,0,1,1,1,26,1,1,2,0,1,8,1,201900039980A01,,,
201900039981,2019-12-08,2019,décembre,dimanche,14:50,75,75101,"48,8640970","2,3323620",2,1,3,1,1,4,1,2,1,1,,,1,0,1,2,1,55,5,1,2,0,2,0,1,201900039981B01,7,22,1
201900040022,2019-05-17,2019,mai,vendredi,12:35,75,75105,"48,8399900","2,3617400",2,4,3,1,1,4,2,3,1,1,,,1,0,1,4,1,17,2,2,,0,2,1,17,201900040022B01,37,19,1
201900040035,2019-05-29,2019,mai,mercredi,09:45,75,75112,"48,8382430","2,3926890",2,1,3,1,1,4,2,2,2,1,,,1,0,1,4,1,40,1,1,2,0,2,3,17,201900040035B01,7,20,1
201900040037,2019-05-25,2019,mai,samedi,19:05,75,75112,"48,8299210","2,4006720",2,1,3,1,1,4,2,4,1,1,,,1,0,1,4,1,55,5,1,6,0,2,1,1,201900040037B01,10,10,1
201900040057,2019-05-09,2019,mai,jeudi,15:45,75,75112,"48,8470030","2,3837740",2,2,6,1,8,4,2,2,2,1,,,1,0,5,4,2,47,3,1,2,0,2,8,1,201900040057A01,7,13,1
201900040058,2019-05-07,2019,mai,mardi,16:00,75,75112,"48,8458910","2,3937750",2,1,6,1,1,4,2,2,1,1,,,1,0,1,1,1,32,1,1,2,0,1,1,1,201900040058A01,,,
201900040062,2019-05-07,2019,mai,mardi,09:45,75,75112,"48,8489210","2,3719910",2,3,3,1,1,4,1,1,1,1,,,1,0,1,4,2,25,0,1,2,0,2,1,19,201900040062B01,33,16,1
201900040063,2019-05-28,2019,mai,mardi,09:50,75,75111,"48,8595910","2,3791610",2,1,3,1,8,4,2,2,1,1,,,1,0,1,4,2,57,0,1,2,0,2,1,22,201900040063A01,7,22,1
201900040066,2019-05-26,2019,mai,dimanche,15:35,75,75111,"48,8546980","2,3853150",2,2,3,1,1,4,2,4,1,1,,,1,0,5,4,2,28,1,1,2,0,2,1,17,201900040066A01,50,15,1
201900040074,2019-05-14,2019,mai,mardi,08:55,75,75111,"48,8534260","2,3795950",2,1,6,1,1,4,2,2,1,1,,,1,0,1,1,2,27,1,1,2,0,1,7,1,201900040074A01,,,
201900040086,2019-05-27,2019,mai,lundi,20:30,75,75110,"48,8760390","2,3562880",2,3,3,1,1,4,2,4,1,1,,,1,0,5,4,1,40,1,1,2,0,2,1,1,201900040086B01,10,16,1
201900040087,2019-05-27,2019,mai,lundi,09:30,75,75110,"48,8689380","2,3587890",2,3,7,1,1,4,1,1,1,1,,,1,0,1,4,2,54,1,2,,0,0,1,21,201900040087A01,,,
201900040088,2019-05-23,2019,mai,jeudi,18:00,75,75110,"48,8843080","2,3593620",2,5,3,1,1,4,2,3,1,1,,,1,0,1,4,1,29,1,2,,0,2,1,1,201900040088B01,32,15,1
201900040091,2019-05-14,2019,mai,mardi,19:05,75,75102,"48,8699140","2,3516050",2,1,3,1,1,4,1,3,1,1,,,1,0,1,4,1,27,0,1,2,0,2,4,13,201900040091B01,33,1,1
201900040097,2019-04-30,2019,avril,mardi,08:35,75,75110,"48,8781170","2,3544220",2,1,6,1,1,4,2,6,2,1,,,1,0,5,4,2,32,1,2,,1,0,8,17,201900040097A01,,,
201900040098,2019-05-26,2019,mai,dimanche,17:00,75,75109,"48,8734060","2,3378110",2,3,3,1,8,4,1,1,1,1,,,1,0,1,4,1,51,0,2,,0,2,1,1,201900040098B01,7,22,1
201900040102,2019-05-19,2019,mai,dimanche,19:58,75,75109,"48,8721650","2,3431960",2,1,6,2,2,4,1,2,2,2,,,2,0,1,4,1,37,4,1,2,0,2,1,7,201900040102A01,7,4,1
201900040109,2019-05-10,2019,mai,vendredi,10:20,75,75118,"48,8836780","2,3275630",2,7,2,1,1,4,1,4,1,1,,,1,0,1,4,1,45,0,1,2,0,2,4,23,201900040109B01,7,2,1
201900040110,2019-04-29,2019,avril,lundi,16:30,75,75109,"48,8722190","2,3328190",2,7,6,1,1,4,1,0,1,1,,,1,0,1,1,1,52,4,1,2,0,1,1,1,201900040110A01,,,
201900040137,2019-05-24,2019,mai,vendredi,10:45,75,75107,"48,8521850","2,3091660",2,1,3,1,1,4,2,2,1,1,,,1,0,1,4,2,45,9,2,,0,2,7,1,201900040137B01,7,22,1
201900040160,2019-05-04,2019,mai,samedi,11:25,75,75104,"48,8535010","2,3520410",2,1,1,1,2,4,1,2,1,2,,,2,0,1,4,1,31,4,1,2,0,2,1,5,201900040160A01,7,9,1
201900040161,2019-05-02,2019,mai,jeudi,13:55,75,75104,"48,8541190","2,3641910",2,1,3,1,2,4,2,4,1,1,,,2,9,1,4,2,72,0,1,2,0,2,5,19,201900040161A01,33,1,1
201900040162,2019-04-30,2019,avril,mardi,19:20,75,75104,"48,8539210","2,3648420",2,2,3,1,1,4,2,3,1,1,,,1,0,1,4,1,24,5,2,,0,2,1,1,201900040162A01,50,1,1
201900040163,2019-05-28,2019,mai,mardi,10:20,75,75103,"48,8608180","2,3613400",2,3,3,1,1,4,1,1,1,1,,,1,0,1,4,1,28,1,2,,0,2,1,5,201900040163B01,7,1,1