Num_Acc,date,an,mois,jour,hrmn,dep,com,lat,long,agg,int,col,lum,atm,catr,circ,nbv,prof,plan,lartpc,larrout,surf,infra,situ,grav,sexe,age,trajet,secuexist,equipement,obs,obsm,choc,manv,vehiculeid,typevehicules,manoeuvehicules,numVehicules
201900040169,2019-05-28,2019,mai,mardi,08:20,75,75101,"48,8622180","2,3391840",2,3,7,1,2,4,1,2,1,1,,,2,0,1,4,1,30,1,1,2,0,0,3,21,201900040169A01,,,
201900040171,2019-05-21,2019,mai,mardi,13:45,75,75102,"48,8707840","2,3411090",2,1,6,1,1,4,1,1,1,1,,,2,0,1,4,2,25,9,1,2,1,2,5,18,201900040171A01,7,22,1
201900040172,2019-05-15,2019,mai,mercredi,19:45,75,75104,"48,8546070","2,3551760",2,2,3,1,1,4,1,2,1,1,,,1,0,1,4,2,25,0,2,,0,2,2,1,201900040172A01,7,1,1
201900040174,2019-05-13,2019,mai,lundi,16:45,75,75102,"48,8705320","2,3486890",2,3,3,1,1,4,2,5,1,1,,,1,0,1,4,1,30,0,1,2,0,2,2,1,201900040174A01,7,16,1
201900040187,2019-05-03,2019,mai,vendredi,10:30,75,75101,"48,8594950","2,3451880",2,3,3,1,1,4,1,0,1,1,,,1,0,5,4,1,32,0,1,2,0,2,1,1,201900040187B01,7,15,1
201900040213,2019-06-21,2019,juin,vendredi,12:15,95,95026,"49,1500870","2,3800480",1,1,2,1,1,3,2,2,1,1,,,1,0,1,3,1,74,5,2,,0,0,6,15,201900040213B01,10,17,1
201900040232,2019-06-19,2019,juin,mercredi,17:30,11,11206,"43,0544150","2,2129270",2,6,3,1,1,3,1,2,1,2,,,1,0,1,3,1,72,0,2,,0,2,0,1,201900040232B01,7,1,1
201900040235,2019-06-20,2019,juin,jeudi,14:40,63,63322,"45,8531516","3,1765103",1,6,3,1,1,3,1,2,1,1,,,1,5,1,3,1,71,5,1,2,0,2,7,16,201900040235B01,7,9,1
201900040241,2019-06-22,2019,juin,samedi,10:20,49,49014,"47,7162830"," -0,7991040",1,3,6,1,1,3,2,2,1,1,,,1,0,1,3,1,15,3,2,,0,2,0,9,201900040241A01,7,1,1
201900040245,2019-06-22,2019,juin,samedi,15:15,47,47315,"44,4534193","0,8942080",1,1,3,1,1,3,2,2,1,1,,,1,0,1,3,1,84,5,1,2,0,2,0,2,201900040245B01,7,2,1
201900040253,2019-06-21,2019,juin,vendredi,21:00,35,35106,"47,8255355"," -1,5140460",1,3,3,2,7,3,2,2,1,1,,,1,0,1,4,1,14,5,2,,0,2,2,16,201900040253A01,7,1,1
201900040256,2019-06-20,2019,juin,jeudi,17:56,2,02361,"49,9006230","3,6303000",2,6,2,1,1,3,1,1,1,2,,,1,0,1,4,2,67,3,2,,0,0,7,1,201900040256A01,7,2,1
201900040263,2019-06-20,2019,juin,jeudi,15:00,70,70284,"47,8366140","6,2974780",2,3,3,1,1,3,2,2,1,2,,,1,0,1,3,1,65,5,1,2,0,2,1,2,201900040263B01,7,9,1
201900040266,2019-06-21,2019,juin,vendredi,15:30,58,58295,"47,3183860","2,9060080",1,1,3,1,1,3,2,2,2,4,,,1,0,1,3,1,71,5,1,2,0,0,4,1,201900040266B01,7,17,1
201900040267,2019-06-23,2019,juin,dimanche,10:00,72,72386,"48,0169470","0,2587590",1,1,7,1,1,3,2,2,2,1,,,1,0,1,3,1,52,5,1,2,0,0,0,0,201900040267A01,,,
201900040283,2019-06-22,2019,juin,samedi,12:40,7,07192,"45,0807940","4,4591510",1,1,2,1,1,3,2,2,2,3,,,1,0,1,4,1,49,5,1,2,0,0,4,1,201900040283A01,2,1,1
201900040289,2019-06-20,2019,juin,jeudi,09:30,24,24211,"45,0147590","0,4506420",2,1,3,1,1,3,2,2,2,1,,,1,0,1,3,1,68,5,2,,0,2,1,1,201900040289B01,7,9,1
201900040296,2019-06-21,2019,juin,vendredi,17:05,28,28359,"48,7627912","1,2294761",2,4,1,1,1,3,2,2,1,2,,,1,0,1,4,2,65,5,2,,0,2,1,1,201900040296B01,7,15,1
201900040302,2019-06-20,2019,juin,jeudi,15:50,48,48016,"44,4635710","3,4551870",1,1,7,1,1,3,2,2,2,1,,,1,0,1,3,1,62,5,2,,0,0,0,1,201900040302A01,,,
201900040363,2019-06-03,2019,juin,lundi,11:45,17,17155,"45,7278010"," -1,0896760",2,1,7,1,1,4,2,2,1,1,,,1,0,3,3,1,37,5,1,2,8,0,1,0,201900040363A01,,,
201900040452,2019-10-31,2019,octobre,jeudi,16:15,60,60559,"49,4100040","2,2937370",2,1,3,1,1,4,2,2,1,1,,,1,0,1,4,1,11,5,2,,0,2,1,9,201900040452B01,7,1,1
201900040483,2019-10-28,2019,octobre,lundi,17:50,79,79174,"46,1756260"," -0,1691050",2,1,3,2,8,3,2,2,2,1,,46,1,0,1,3,1,15,5,2,,0,2,3,0,201900040483A01,7,1,1
201900040487,2019-10-30,2019,octobre,mercredi,13:20,32,32304,"43,3784720","0,5754100",1,1,1,1,1,3,2,2,2,4,,,1,0,1,3,1,77,5,1,2,0,2,1,13,201900040487A01,15,1,1
201900040531,2019-10-30,2019,octobre,mercredi,08:20,37,37104,"47,3031560","0,7712660",1,1,3,1,2,4,2,2,1,1,,,2,0,1,3,1,52,1,1,4,0,2,3,1,201900040531A01,7,1,1
201900040534,2019-09-17,2019,septembre,mardi,16:20,987,98734," -17,7233790"," -149,5057300",2,3,3,1,1,2,2,2,1,1,,,1,0,3,3,1,43,1,2,,0,2,8,1,201900040534B01,7,15,1
201900040559,2019-10-31,2019,octobre,jeudi,11:00,34,34199,"43,4606750","3,4105524",2,6,3,1,1,3, -1,1,1,2,,,2,0,1,4,1,76,5,2,,0,2,1,9,201900040559A01,7,9,1
201900040587,2019-10-22,2019,octobre,mardi,17:00,80,80625,"49,7270970","2,5323120",2,1,2,1,1,3,2,2,1,1,,,2,0,1,4,1,28,5,1,2/6,0,2,2,2,201900040587A01,7,2,1
201900040596,2019-01-19,2019,janvier,samedi,14:00,64,64139,"43,2155370"," -0,3365200",1,1,3,1,1,3,2,2,2,3,,,1,0,1,4,1,57,5,1,2,0,2,8,13,201900040596A01,7,1,1
201900040598,2019-01-17,2019,janvier,jeudi,14:30,33,33376,"44,9070300"," -0,7448900",1,6,3,1,7,4,2,2,1,1,,,2,5,1,4,1,75,5,1,2,0,2,7,1,201900040598B01,7,9,1
201900040605,2019-01-17,2019,janvier,jeudi,11:50,56,56176,"47,6743440"," -2,9586100",2,1,2,1,1,3,2,2,2,1,,,1,0,1,3,1,62,5,1,2,0,2,1,2,201900040605A01,7,1,1
201900040606,2019-01-18,2019,janvier,vendredi,21:10,29,29055,"48,5663218"," -4,3536751",2,1,3,3,2,3,2,2,1,1,,,2,0,1,3,2,63,0,2,,0,0,6,1,201900040606A01,10,17,1
201900040657,2019-01-14,2019,janvier,lundi,12:15,76,76351,"49,4912300","0,1247300",2,3,3,1,1,4,2,2,1,1,,,1,0,1,4,1,64,0,1,2,0,2,5,1,201900040657A01,7,16,1
201900040708,2019-01-15,2019,janvier,mardi,07:45,37,37261,"47,4183800","0,7044600",2,1,3,1,1,4,3,2,1,1,,,1,0,1,1,1,13,2,2,,0,2,4,19,201900040708B01,32,1,1
201900040733,2019-01-15,2019,janvier,mardi,14:20,75,75106,"48,8482290","2,3310160",2,2,6,1,1,4,2,2,1,1,,,1,0,4,4,1,75,5,1,2,0,1,3,25,201900040733A01,,,
201900040736,2019-01-15,2019,janvier,mardi,21:00,75,75118,"48,8915610","2,3496000",2,2,6,5,1,4,2,4,1,1,,,1,0,1,1,1,44,3,1,2,0,1,1,1,201900040736A01,,,
201900040739,2019-01-15,2019,janvier,mardi,18:50,75,75117,"48,8923300","2,3242930",2,1,3,5,1,4,2,3,1,1,,,1,0,1,4,1,15,5,1,2,0,2,1,1,201900040739B01,7,22,1
201900040770,2019-10-01,2019,octobre,mardi,12:45,75,75116,"48,8537189","2,2774148",2,2,2,1,1,4,2,2,2,1,,,2,0,1,3,1,26,0,1,2,0,2,4,2,201900040770B01,7,2,1
201900040782,2019-09-30,2019,septembre,lundi,07:00,75,75114,"48,8217542","2,3325128",2,1,6,2,1,4,3,4,1,1,,,1,0,5,4,1,33,1,1,2,9,0,1,1,201900040782A01,,,
201900040783,2019-10-01,2019,octobre,mardi,09:30,75,75112,"48,8292648","2,4199601",2,1,6,1,2,4,2,2,1,1,,,2,6,1,4,1,55,1,1,2,0,1,1,1,201900040783A01,,,
201900040789,2019-10-01,2019,octobre,mardi,07:20,75,75104,"48,8585260","2,3481940",2,2,2,2,1,4,1,4,1,1,,,1, -1,6,4,1,38,1,1,2,0,2,1,18,201900040789A01,7,23,1
201900040823,2019-10-02,2019,octobre,mercredi,08:50,44,44133,"47,1172730"," -1,7388840",2,8,2,1,1,3,2,2,1,1,,,1,4,6,3,2,20,1,2,,0,4,6,26,201900040823B01,39,1,1
201900040843,2019-10-01,2019,octobre,mardi,20:45,68,68036,"48,0505940","7,5561020",1,1,6,3,1,3,2,2,3,1,,,1,0,1,4,1,49,1,1,2/4/9,0,0,8,1,201900040843B01,7,17,1
201900040848,2019-09-30,2019,septembre,lundi,16:45,22,22070,"48,5608390"," -3,1492810",2,1,7,1,2,4,1,1,2,1,,,2,6,1,3,1,14,2,2,,0,0,1,1,201900040848A01,,,
201900040870,2019-09-19,2019,septembre,jeudi,19:43,36,36044,"46,8116785","1,6943303",2,1,3,1,1,4,1,1,1,1,,,1,0,1,4,1,15,9,1,2,0,2,1,2,201900040870A01,7,20,1
201900041076,2019-03-03,2019,mars,dimanche,15:50,65,65290,"43,1494850","0,1787400",2,1,3,1,1,4,2,2,1,1,,,1,0,1,4,1,11,5,2,,0,2,1,26,201900041076B01,7,1,1
201900041080,2019-02-25,2019,février,lundi,13:45,22,22020,"48,3149530"," -2,2473110",2,1,3,1,1,4,2,2,1,1,,,1,0,1,4,1,27,1,2,,10,2,3,15,201900041080A01,7,17,1
201900041117,2019-02-26,2019,février,mardi,07:35,41,41016,"47,3207314","1,4966780",1,6,3,2,1,3,1,1,1,1,,,1,3,1,2,1,38,1,1,6,0,2,8,0,201900041117C01,17,16,1
201900041118,2019-03-03,2019,mars,dimanche,16:00,65,65371,"42,9933910"," -0,0702550",2,9,3,1,1,3,2,2,1,1,,,1,9,1,3,1,68,5,1,2,0,2,1,1,201900041118B01,21,9,1
201900041137,2019-08-28,2019,août,mercredi,00:30,75,75113,"48,8409524","2,3692435",2,1,1,5,1,4,2,2,1,1,,,1,0,5,4,1,18,5,1,2,0,2,1,13,201900041137B01,1,1,1
201900041137,2019-08-28,2019,août,mercredi,00:30,75,75113,"48,8409524","2,3692435",2,1,1,5,1,4,2,2,1,1,,,1,0,5,4,2,39,1,1,2,0,2,1,1,201900041137A01,1,13,1
201900041138,2019-08-30,2019,août,vendredi,18:30,75,75112,"48,8394720","2,4506595",2,1,3,1,1,4,3,4,1,1,,,1,0,1,4,1,58,0,1,2,0,2,1,19,201900041138B01,7,1,1
201900041142,2019-08-26,2019,août,lundi,19:20,75,75112,"48,8396140","2,4373930",2,1,3,1,1,4,2,2,1,1,,,1,0,1,4,1,16,4,1,2,0,2,8,19,201900041142B01,10,1,1
201900041143,2019-08-26,2019,août,lundi,09:40,75,75112,"48,8420442","2,4491497",2,4,3,1,1,4,2,4,1,1,,,1,0,1,4,1,61,9,1,2,0,2,3,15,201900041143A01,7,1,1
201900041152,2019-08-31,2019,août,samedi,05:35,75,75109,"48,8804522","2,3350702",2,5,3,5,1,4,1,1,2,1,,,1,0,1,4,2,31,5,1,2,0,2,8,5,201900041152B01,7,1,1
201900041247,2019-08-28,2019,août,mercredi,16:15,92,92026,"48,8921890","2,2458860",2,9,1,1,7,3,2,1,2,2,,,1,9,3,4,1,66,0,1,2,0,6,1,0,201900041247B01,1,25,1
201900041291,2019-08-31,2019,août,samedi,10:30,81,81295,"43,8360770","2,3292230",1,1,2,1,1,3,2,2,1,1,,,1,0,1,3,1,66,5,1,2,0,2,4,1,201900041291B01,7,17,1
201900041294,2019-08-27,2019,août,mardi,19:00,68,68295,"48,0156990","7,3535090",1,1,6,2,1,3,2,2,1,3,,,1,0,1,4,1,47,5,1,2,2,0,1,1,201900041294A01,,,
201900041298,2019-08-29,2019,août,jeudi,12:45,5,05027,"44,8775835","6,6818279",1,1,3,1,1,3,2,2,1,1,,,1,0,1,3,1,49,5,1,2,0,2,0,2,201900041298B01,7,2,1
201900041322,2019-04-06,2019,avril,samedi,08:10,75,75115,"48,8436310","2,3061160",2,1,6,1,1,4,1,1,1,1,,,1,8,1,4,1,40,5,2,,0,2,8,1,201900041322A01,7,5,1
201900041324,2019-04-04,2019,avril,jeudi,12:35,75,75115,"48,8341530","2,2772350",2,2,2,1,1,4,1,4,1,1,,,1,0,1,4,1,29,4,1,2,0,2,1,1,201900041324A01,7,23,1
201900041328,2019-04-04,2019,avril,jeudi,08:35,75,75115,"48,8373520","2,3059950",2,2,6,1,1,4,2,2,1,1,,,1,0,1,1,1,39,1,1,2,0,1,8,1,201900041328A01,,,
201900041332,2019-04-05,2019,avril,vendredi,13:15,75,75112,"48,8359070","2,3864750",2,3,6,1,1,4,2,2,1,1,,,1,0,1,1,1,28,1,2,,0,1,1,15,201900041332A01,,,
201900041333,2019-04-05,2019,avril,vendredi,08:05,75,75112,"48,8446690","2,4057320",2,2,3,1,1,4,2,2,1,1,,,1,0,1,4,2,23,1,2,,0,2,0,15,201900041333B01,7,1,1
201900041334,2019-04-04,2019,avril,jeudi,20:00,75,75112,"48,8400850","2,4367170",2,4,3,1,1,4,2,2,1,1,,,1,0,1,4,2,64,5,1,2,0,2,7,19,201900041334B01,7,1,1
201900041341,2019-04-06,2019,avril,samedi,00:25,75,75110,"48,8826700","2,3698750",2,5,6,5,1,4,2,2,1,1,,,1,0,1,4,2,27,0,2,,0,2,8,1,201900041341A01,7,14,1
201900041342,2019-04-04,2019,avril,jeudi,17:10,75,75110,"48,8763750","2,3687410",2,1,2,1,1,4,1,1,1,1,,,1,8,1,4,1,18,5,1,2,0,2,0,18,201900041342B01,37,1,1
201900041343,2019-04-06,2019,avril,samedi,16:23,75,75102,"48,8638670","2,3490260",2,5,3,1,1,4,2,1,1,1,,,1,0,1,4,1,73,5,1,2,0,2,8,1,201900041343B01,7,10,1
201900041345,2019-04-04,2019,avril,jeudi,09:50,75,75109,"48,8740360","2,3424240",2,2,7,1,1,4,2,2,1,1,,,1,0,5,4,1,41,0,1,2,0,0,1,1,201900041345A01,,,
201900041349,2019-04-03,2019,avril,mercredi,11:55,75,75117,"48,8806410","2,3107960",2,1,6,1,1,4,2,2,1,1,,,1,0,1,4,2,43,9,1,2,0,2,8,19,201900041349A01,30,1,1
201900041352,2019-04-04,2019,avril,jeudi,19:40,75,75102,"48,8636500","2,3500030",2,2,3,1,1,4,2,4,1,1,,,1,0,5,4,1,33,5,2,,0,2,1,1,201900041352B01,10,1,1
201900041427,2019-04-04,2019,avril,jeudi,14:45,33,33250,"44,6136800"," -0,0275300",1,3,6,1,2,3,2,2,1,1,,,2,0,1,3,1,64,5,1,2,0,2,2,15,201900041427B01,10,23,1
201900041427,2019-04-04,2019,avril,jeudi,14:45,33,33250,"44,6136800"," -0,0275300",1,3,6,1,2,3,2,2,1,1,,,2,0,1,4,1,64,5,1,2,0,2,2,15,201900041427C01,10,23,1
201900041444,2019-04-04,2019,avril,jeudi,16:20,66,66141,"42,7447600","2,9174300",2,1,3,1,1,4,1,1,1,1,,,1,0,1,3,1,14,2,2,,0,2,8,19,201900041444B01,7,0,1
201900041468,2019-04-05,2019,avril,vendredi,23:30,63,63338,"46,1678150","2,8323610",2,3,3,5,1,3,2,2,2,1,,,1,0,1,4,1,16,5,2,,0,2,1,1,201900041468A01,7,15,1
201900041471,2019-04-07,2019,avril,dimanche,15:55,42,42267,"46,1541000","4,1230700",2,1,6,1,1,4,2,2,2,1,,,1,0,1,3,1,13,5,2,,1,0,7,1,201900041471A01,,,
201900041485,2019-04-06,2019,avril,samedi,14:35,38,38027,"45,4287400","5,9780400",2,3,1,1,1,3,2,2,1,1,,,1,0,1,3,1,82,5,2,,0,2,1,1,201900041485B01,7,15,1
201900041498,2019-04-07,2019,avril,dimanche,12:30,6,06068,"43,7205797","6,9746067",1,1,7,1,2,3,2,2,2,1,,,2,8,1,3,1,48,5,1,2,0,0,0,0,201900041498A01,,,
201900041501,2019-04-05,2019,avril,vendredi,09:45,50,50031,"49,3786240"," -1,7422820",1,2,3,1,2,3,2,2,3,1,,,2,5,1,4,1,31,5,1,2/6,0,2,1,1,201900041501A01,7,19,1
201900041511,2019-07-19,2019,juillet,vendredi,17:08,17,17300,"46,1676430"," -1,1239830",2,2,3,1,1,4,1,0,1,1,,,1,5,1,3,2,88,0,1,2,0,2,7,1,201900041511B01,7,19,1
201900041515,2019-07-18,2019,juillet,jeudi,12:05,14,14118,"49,1831500"," -0,3845400",2,2,3,1,8,4,2, -1,2,1,,,1,0,1,4,1,29,0,2,,0,0,8,1,201900041515B01,20,1,1
201900041548,2019-07-17,2019,juillet,mercredi,10:25,5,05023,"44,9055400","6,6303100",2,1,3,1,1,2,2,2,2,1,,,1,9,1,4,2,31,5,1,2,0,2,3,18,201900041548B01,7,16,1
201900041569,2019-07-18,2019,juillet,jeudi,10:00,75,75120,"48,8702710","2,3851910",2,1,2,1,1,4,2,2,2,1,,,1,0,1,4,2,24,1,1,2,0,2,1,2,201900041569B01,10,4,1
201900041571,2019-07-19,2019,juillet,vendredi,16:00,75,75119,"48,8963370","2,3757800",2,1,3,1,1,4,2,2,1,2,,,1,0,1,4,1,16,5,2,,0,2,3,9,201900041571B01,7,1,1
201900041575,2019-07-18,2019,juillet,jeudi,09:20,75,75118,"48,8917210","2,3487230",2,5,3,1,1,4,2,3,1,1,,,1,0,6,4,1,33,9,2,,0,2,1,7,201900041575B01,33,15,1
201900041576,2019-07-18,2019,juillet,jeudi,02:40,75,75118,"48,8960090","2,3460000",2,7,3,5,1,4,4,6,1,1,,,1,0,1,3,1,40,9,1,2,0,2,1,15,201900041576A01,7,1,1
201900041579,2019-07-19,2019,juillet,vendredi,08:40,75,75117,"48,8901150","2,3037800",2,2,3,1,1,4,2,1,1,1,,,1,0,1,4,2,26,1,2,,0,2,8,13,201900041579B01,33,1,1
201900041592,2019-07-18,2019,juillet,jeudi,06:50,75,75114,"48,8159300","2,3439220",2,7,6,1,1,4,2,2,1,2,,,1,0,1,4,1,24,4,1,2,0,2,7,1,201900041592B01,15,13,1
201900041595,2019-07-18,2019,juillet,jeudi,12:45,75,75111,"48,8564420","2,3735060",2,2,6,1,1,4,1,1,1,1,,,1,0,1,1,1,30,4,2,,0,1,1,1,201900041595A01,,,
201900041597,2019-07-20,2019,juillet,samedi,15:20,75,75110,"48,8715880","2,3713360",2,1,3,1,1,4,1,1,2,1,,,1,0,1,4,2,27,0,1,2,0,2,1,1,201900041597B01,7,22,1
201900041607,2019-07-19,2019,juillet,vendredi,09:15,75,75104,"48,8541150","2,3558000",2,3,3,1,1,4,2,2,1,1,,,1,0,5,4,1,46,9,1,2,0,2,3,1,201900041607B01,7,16,1
201900041669,2019-07-18,2019,juillet,jeudi,02:45,22,22259,"48,4736250"," -2,0878150",1,1,1,3,1,4,2,2,2,1,,,1,0,1,3,1,21,5,2,,0,2,1,1,201900041669B01,7,13,1
201900041688,2019-07-19,2019,juillet,vendredi,18:50,41,41010,"47,8489620","0,9954200",2,1,3,1,1,3,2,2,1,1,,,1,0,1,3,1,16,3,2,,0,2,7,13,201900041688A01,7,1,1
201900041690,2019-07-18,2019,juillet,jeudi,13:15,31,31157,"43,5390390","1,3394990",2,6,3,1,1,3,2,2,1,1,,,1,0,1,3,1,75,5,1,2,0,2,7,1,201900041690A01,7,0,1
201900041724,2019-12-12,2019,décembre,jeudi,13:35,37,37109,"47,4036904","0,6031199",2,1,3,1,2,4,2,2,1,1,,,2,0,1,3,1,6,5,1,2,0,2,0,26,201900041724B01,99,1,1
201900041865,2019-12-10,2019,décembre,mardi,09:30,6,06069,"43,6797930","6,9482970",2,1,3,1,1,3,2,2,1,2,,,1,0,1,4,1,72,5,1,2,0,2,1,13,201900041865A01,7,1,1
201900041921,2019-05-16,2019,mai,jeudi,15:40,94,94037,"48,8142800","2,3469300",2,1,6,1,1,3,1,1,1,1,,,1,0,2,4,2,56,0,2,,1,0,1,1,201900041921B01,7,22,1
201900041997,2019-05-10,2019,mai,vendredi,09:00,94,94018,"48,8214429","2,4138524",2,3,3,1,1,3,1,2,1,1,,,1,0,1,4,1,32,1,2,,0,2,7,15,201900041997B01,7,1,1
201900042012,2019-05-17,2019,mai,vendredi,16:37,94,94044,"48,7423500","2,4912500",2,9,3,1,1,3,1,1,1,1,,,1,0,1,4,1,73,9,2,,0,2,3,0,201900042012B01,7,26,1
201900042098,2019-06-14,2019,juin,vendredi,10:45,63,63113,"45,7857140","3,1195180",2,3,6,1,1,7,3, -1,1,1,,,1,0,4,4,2,65, -1,1,2,0,2,1,5,201900042098C01,10,1,1
201900042119,2019-06-12,2019,juin,mercredi,18:00,21,21231,"47,3118100","5,0808500",2,1,3,1,1,4,2,2,1,1,,,1,0,1,3,2,60,5,2,,0,2,7,1,201900042119B01,7,26,1
201900042137,2019-05-30,2019,mai,jeudi,19:00,13,13206,"43,2864300","5,3858900",2,1,6,1,1,4,1,1,4,1,,,1,0,1,1,1,61,0,2,,0,1,1,26,201900042137A01,,,
201900042205,2019-06-02,2019,juin,dimanche,20:10,974,97409," -20,8945700","55,4597600",2,1,3,1,1,4, -1,2,2,1,,,1,0,1,4,1,30,0,2,,0,2,1,0,201900042205B01,7,1,1
201900042206,2019-05-29,2019,mai,mercredi,12:15,974,97409," -20,9634200","55,6437000",2,1,3,1,1,4,2,1,1,1,,,1,0,1,4,1,13,5,2,,0,2,1,16,201900042206A01,7,15,1
201900042210,2019-06-03,2019,juin,lundi,16:30,974,97407," -20,9394700","55,3028000",2,1,3,1,1,4,3,2,1,1,,,1,0,1,4,1,57,1,2,,1,0,1,1,201900042210B01,7,22,1
201900042213,2019-05-28,2019,mai,mardi,18:10,974,97407," -20,9395600","55,3026700",2,3,6,5,1,4,1,1,1,1,,,1,0,1,3,1,17,0,2,,0,2,3,0,201900042213B01,,,
201900042344,2019-11-05,2019,novembre,mardi,08:50,34,34172,"43,5936200","3,9059400",2,1,3,1,1,4,3,4,1,1,,,1,0,1,4,1,47,1,1,2,0,2,8,1,201900042344B01,10,0,1
201900042380,2019-11-05,2019,novembre,mardi,17:40,75,75118,"48,8854128","2,3495246",2,1,3,5,1,4,2,4,2,1,,,1,0,5,3,1,56,4,1,2,0,2,0,1,201900042380B01,10,22,1
201900042383,2019-11-06,2019,novembre,mercredi,15:10,75,75120,"48,8722710","2,3893560",2,1,6,1,1,4,2,2,3,1,,,1,0,1,1,1,22,5,1,2,0,1,1,1,201900042383A01,,,
201900042393,2019-11-05,2019,novembre,mardi,15:00,75,75114,"48,8364510","2,3219300",2,1,3,1,1,4,1,1,1,1,,,1,0,5,4,1,29,5,1,2,0,2,2,1,201900042393B01,10,22,1
201900042394,2019-11-06,2019,novembre,mercredi,18:05,75,75111,"48,8610043","2,3748363",2,3,6,5,2,4,2,4,1,1,,,2,0,5,1,1,22,5,1,2,0,1,0,1,201900042394A01,,,
201900042413,2019-03-02,2019,mars,samedi,12:20,68,68222,"47,5278970","7,4135820",1,1,3,1,1,3,2,2,2,2,,,1,0,1,4,1,43,5,1,2,0,0,7,1,201900042413B01,1,13,1
201900042413,2019-03-02,2019,mars,samedi,12:20,68,68222,"47,5278970","7,4135820",1,1,3,1,1,3,2,2,2,2,,,1,0,1,3,1,51,5,1,2,0,2,8,13,201900042413A01,1,1,1
201900042463,2019-02-27,2019,février,mercredi,16:50,50,50639,"48,8419330"," -1,2192580",2,3,3,1,1,3,2,2,2,1,,,1,0,1,4,1,21,5,1,2,0,2,1,9,201900042463B01,7,1,1
201900042469,2019-02-25,2019,février,lundi,17:35,64,64493,"43,3158207"," -1,0199473",2,1,3,1,7,3,2,2,1,1,,,1,0,1,4,1,55,1,2,,0,2,8,1,201900042469B01,7,17,1
201900042476,2019-02-26,2019,février,mardi,16:20,53,53147,"48,3010870"," -0,6237010",2,6,2,1,1,3, -1,1,1,1,,,1,0,1,4,1,65,5,1,2,0,2,4,1,201900042476B01,7,1,1
201900042499,2019-02-24,2019,février,dimanche,11:50,78,78406,"48,7305000","2,0399430",1,1,7,1,1,4,2,2,2,1,,,1,0,8,2,1,64,5,1,2,0,0,0,0,201900042499A01,,,
201900042511,2019-03-01,2019,mars,vendredi,15:40,973,97309,"4,8909047"," -52,2882485",2,1,3,1,1,3,2,2,1,1,,,1,0,1,4,1,28,4,2,,0,2,8,1,201900042511B01,7,17,1
201900042514,2019-02-14,2019,février,jeudi,17:00,33,33192,"44,7648900"," -0,6175500",2,3,6,1,1,4,2,2,1,1,,,1,0,1,3,1,44,5,2,,0,0,0,1,201900042514B01,7,15,1
201900042565,2019-01-08,2019,janvier,mardi,08:19,83,83112,"43,1804080","5,7103270",2,1,1,1,1,4,2,2,2,1,,,1,0,8,4,1,8,2,1,2,0,2,2,19,201900042565B01,7,1,1
201900042571,2019-02-24,2019,février,dimanche,11:20,13,13030,"43,2755120","5,7156730",2,2,3,1,1,3,2,2,2,2,,,1,5,1,4,1,44,5,1,2,0,2,1,1,201900042571A01,33,19,1
201900042572,2019-02-26,2019,février,mardi,12:05,13,13072,"43,4336300","5,6270000",2,1,2,1,1,3,2,2,2,1,,,1,0,5,4,1,62,5,1,2,0,0,6,1,201900042572A01,14,17,1
201900042579,2019-02-25,2019,février,lundi,17:40,57,57303,"49,2197780","6,1874850",1,1,3,1,1,3,2,2,1,1,,,1,0,1,4,1,65,5,2,,0,0,8,1,201900042579B01,7,1,1
201900042585,2019-02-27,2019,février,mercredi,04:30,73,73228,"45,5445960","5,8819426",1,1,2,3,1,3,2,2,1,1,,,1,0,1,3,1,20,1,2,,0,2,4,1,201900042585B01,38,1,1
201900042586,2019-02-25,2019,février,lundi,14:50,42,42319,"45,7125630","4,2980250",1,1,3,1,1,3,2,2,1,1,,,1,0,1,4,1,62,5,2,,0,2,8,1,201900042586B01,7,13,1
201900042590,2019-02-22,2019,février,vendredi,16:50,38,38474,"45,2130800","5,6615600",2,6,3,1,1,3,1,3,1,1,,,1,0,1,4,2,58,1,1,2,0,2,8,2,201900042590B01,7,2,1
201900042611,2019-01-16,2019,janvier,mercredi,04:00,63,63453,"45,7919650","3,2985820",1,1,7,3,1,3,2,2,2,1,,,1,0,1,3,1,38,1,1,2,0,2,0,2,201900042611A01,,,
201900042637,2019-09-30,2019,septembre,lundi,11:15,75,75111,"48,8684390","2,3749350",2,2,6,1,1,4,1,1,1,1,,,1,0,5,4,2,36,1,1,2,0,2,1,1,201900042637A01,30,9,1
201900042769,2019-09-30,2019,septembre,lundi,10:15,83,83107,"43,4216190","6,6808740",1,1,3,1,7,3,2,2,1,1,,,1,0,1,3,1,77,5,1,2/6,0,2,8,1,201900042769B01,7,15,1
201900042774,2019-01-14,2019,janvier,lundi,13:40,37,37261,"47,4015800","0,6683800",2,2,3,1,1,4,1,1,1,1,,,1,5,1,4,1,43,5,2,,0,2,1,25,201900042774A01,7,1,1
201900042776,2019-10-01,2019,octobre,mardi,09:20,64,64230,"43,2370466"," -0,3899496",1,6,3,1,1,2,1,1,1,2,,,1,0,1,4,1,68,5,1,2,0,2,7,15,201900042776A01,7,1,1