Num_Acc,date,an,mois,jour,hrmn,dep,com,lat,long,agg,int,col,lum,atm,catr,circ,nbv,prof,plan,lartpc,larrout,surf,infra,situ,grav,sexe,age,trajet,secuexist,equipement,obs,obsm,choc,manv,vehiculeid,typevehicules,manoeuvehicules,numVehicules
201900042832,2019-01-14,2019,janvier,lundi,17:05,75,75113,"48,8261820","2,3572730",2,2,6,5,1,4,2,7,1,1,,,1,0,1,4,2,42,1,1,2,0,1,2,1,201900042832A01,,,
201900042879,2019-09-28,2019,septembre,samedi,10:07,50,50165,"48,8524700"," -1,5624000",2,1,2,1,1,3,2,2,2,1,,,1,5,1,3,2,26,0,2,,0,2,4,1,201900042879B01,3,2,1
201900042888,2019-01-15,2019,janvier,mardi,14:20,89,89459,"48,1538510","3,1687530",1,3,3,1,1,3,2,2,1,3,,,1,0,1,3,1,71,5,1,2,0,2,7,15,201900042888A01,7,1,1
201900042913,2019-01-15,2019,janvier,mardi,15:28,13,13029,"43,5720910","5,0753450",1,3,1,1,1,3,2,2,2,1,,,1,0,1,2,1,55,5,1,2,0,2,8,15,201900042913B01,7,21,1
201900042975,2019-09-01,2019,septembre,dimanche,18:30,69,69046,"45,6518500","4,7963200",2,2,3,1,1,4,2,2,1,1,,,1,5,1,4,1,14,5,2,,0,2,1,0,201900042975A01,7,1,1
201900042975,2019-09-01,2019,septembre,dimanche,18:30,69,69046,"45,6518500","4,7963200",2,2,3,1,1,4,2,2,1,1,,,1,5,1,4,1,13,5,2,,0,2,1,0,201900042975A01,7,1,1
201900042997,2019-08-27,2019,août,mardi,10:25,77,77051,"48,4099940","3,2344814",2,3,3,1,1,4,2,2,1,1,,,1,0,1,4,1,22,5,2,,0,2,4,1,201900042997A01,10,15,1
201900042998,2019-08-28,2019,août,mercredi,20:10,67,67414,"48,4578330","7,2082850",2,6,3,2,1,3,2,2,1,3,,,1,5,1,4,1,49,5,1,2,0,2,2,1,201900042998B01,7,9,1
201900043007,2019-08-30,2019,août,vendredi,16:00,80,80010,"49,7568400","2,3629760",2,3,1,1,1,3,2,2,2,1,,,1,0,1,4,1,41,5,1,2,0,2,2,15,201900043007B01,7,15,1
201900043016,2019-08-26,2019,août,lundi,08:20,11,11170,"43,1116300","3,0948600",2,4,6,1,8,7,2, -1, -1, -1,,, -1, -1, -1,3,1,42,5,1,2,0,0,0,15,201900043016A01,7,1,1
201900043023,2019-08-23,2019,août,vendredi,09:00,63,63350,"45,7247870","3,2784400",1,2,1,1,1,3,2,2,1,1,,,1,0,1,3,1,72,5,1,2,0,2,6,19,201900043023B01,7,1,1
201900043039,2019-08-25,2019,août,dimanche,11:00,39,39261,"46,4636070","5,4487560",1,1,3,1,1,3,2,2,1,1,,,1,2,1,4,1,51,5,1,2,0,2,7,14,201900043039B01,1,13,1
201900043039,2019-08-25,2019,août,dimanche,11:00,39,39261,"46,4636070","5,4487560",1,1,3,1,1,3,2,2,1,1,,,1,2,1,4,1,53,5,1,2,10,2,8,13,201900043039A01,1,14,1
201900043047,2019-08-27,2019,août,mardi,17:15,29,29249,"48,1629140"," -3,7885760",2,1,6,1,1,4,2,2,2,1,,,1,0,3,3,1,7,5,2,,13,0,1,26,201900043047A01,,,
201900043049,2019-08-25,2019,août,dimanche,10:11,29,29135,"47,8338018"," -4,1706952",2,3,2,1,1,3,2,2,1,1,,,1,0,5,3,2,69,5,2,,0,0,6,19,201900043049B01,7,1,1
201900043054,2019-08-28,2019,août,mercredi,13:15,38,38229,"45,2117700","5,7898800",2,3,3,1,1,4,2,2,1,1,,,1,6,5,3,2,62,1,1,2,0,2,1,1,201900043054B01,7,1,1
201900043062,2019-08-27,2019,août,mardi,18:45,1,01231,"46,3489590","4,9001610",1,3,3,1,1,3,2,2,1,1,,,1,2,1,3,1,67,5,1,2,0,2,5,1,201900043062A01,7,15,1
201900043094,2019-08-31,2019,août,samedi,10:45,45,45182,"47,6786350","1,7811590",1,1,3,1,1,3,2,2,2,3,,,1,0,1,3,1,52,5,1,2,16,0,4,2,201900043094A01,1,2,1
201900043094,2019-08-31,2019,août,samedi,10:45,45,45182,"47,6786350","1,7811590",1,1,3,1,1,3,2,2,2,3,,,1,0,1,3,1,58,5,1,2,16,0,1,2,201900043094B01,1,2,1
201900043128,2019-08-29,2019,août,jeudi,17:30,27,27056,"49,0802540","0,5966290",2,9,3,1,1,4,2,2,2,2,,,1,0,1,4,1,14,5,2,,0,2,8,1,201900043128B01,7,15,1
201900043132,2019-08-31,2019,août,samedi,08:00,17,17392,"45,4398830"," -0,7560420",1,1,2,1,1,3, -1,2,1,1,,,1,0,1,3,2,76,5,1,4,0,2,4,1,201900043132B01,7,1,1
201900043167,2019-04-07,2019,avril,dimanche,15:30,13,13051,"43,5343110","5,1126460",1,1,2,1,1,3,2,2,1,1,,,1,0,1,2,1,77,5,1,2,0,2,4,1,201900043167B01,7,17,1
201900043185,2019-04-05,2019,avril,vendredi,11:12,91,91386,"48,5671870","2,4262040",2,6,6,1,1,3, -1,2,1,3,,,1,9,1,2,1,77,5,2,,0,0,0,17,201900043185B01,7,16,1
201900043197,2019-04-05,2019,avril,vendredi,13:40,58,58117,"47,0123800","3,0785610",2,6,3,1,1,3,2,2,1,2,,,1,0,1,4,1,26,5,1,2/4,0,2,7,26,201900043197B01,7,9,1
201900043198,2019-03-27,2019,mars,mercredi,13:50,67,67223,"48,5027080","7,5669380",1,1,3,1,1,3,2,2,1,2,,,1,0,1,3,1,38,5,1,2,0,2,6,1,201900043198B01,10,1,1
201900043337,2019-07-19,2019,juillet,vendredi,18:30,76,76605,"49,9098310","0,9579206",2,3,1,1,1,4, -1,2,1,1,,,1,0,1,4,1,31,5,2,,0,2,0,0,201900043337B01,7,15,1
201900043376,2019-07-19,2019,juillet,vendredi,15:20,6,06038,"43,6730950","6,9914920",1,3,1,1,1,3,2,2,2,1,,,1,0,1,3,2,28,5,1,2,0,2,1,1,201900043376A01,7,9,1
201900043388,2019-07-21,2019,juillet,dimanche,14:50,36,36001,"46,4466160","1,8078530",1,1,2,1,1,3,2,2,1,2,,,1,0,1,3,1,52,5,1,2,0,0,4,2,201900043388A01,7,17,1
201900043393,2019-07-18,2019,juillet,jeudi,12:15,40,40128,"43,6828380"," -0,5981560",1,1,3,1,1,3,2,2,1,1,,,1,0,1,3,2,72,0,2,,0,9,0,1,201900043393A01,21,17,1
201900043409,2019-07-18,2019,juillet,jeudi,11:00,30,30006,"43,6843310","4,2077280",1,6,3,1,1,3,3,2,1,2,,,1,0,1,3,1,73,5,1,2,0,2,1,16,201900043409B01,7,9,1
201900043435,2019-06-27,2019,juin,jeudi,08:13,18,18285,"47,0257070","2,2103390",1,2,3,1,1,3,2,2,4,1,,,1,5,1,3,1,79,5,1,2,0,2,8,1,201900043435B01,7,1,1
201900043460,2019-07-18,2019,juillet,jeudi,10:50,73,73329,"45,6176261","5,8821021",1,1,3,1,1,3,2,2,1,1,,,1,0,1,3,1,70,5,2,,0,2,8,13,201900043460B01,33,17,1
201900043464,2019-07-20,2019,juillet,samedi,05:50,38,38348,"45,5834410","5,3213330",1,1,3,2,1,3,3,4,1,1,,,1,0,1,3,1,64,5,1,2/9,0,2,9,1,201900043464A01,7,12,1
201900043471,2019-07-17,2019,juillet,mercredi,11:00,17,17161,"46,1796120"," -1,3334400",1,6,3,1,1,3,2,2,1,1,,,1,0,1,4,1,10,5,1,2,0,0,1,1,201900043471B01,7,5,1
201900043481,2019-07-20,2019,juillet,samedi,19:05,59,59466,"50,5209940","3,1173860",2,1,1,1,7,4,2,2,1,2,,,1,0,1,3,2,58,5,2,,0,0,1,1,201900043481B01,7,1,1
201900043531,2019-12-10,2019,décembre,mardi,09:20,75,75115,"48,8355172","2,2801791",2,1,2,1,1,4,3,2,1,1,,,1,0,5,4,2,46,1,1,2,0,2,4,2,201900043531B01,1,2,1
201900043531,2019-12-10,2019,décembre,mardi,09:20,75,75115,"48,8355172","2,2801791",2,1,2,1,1,4,3,2,1,1,,,1,0,5,1,1,20,1,1,2,0,2,1,2,201900043531A01,1,2,1
201900043534,2019-12-10,2019,décembre,mardi,13:01,75,75109,"48,8758670","2,3291830",2,1,6,1,1,4,2,3,1,1,,,1,0,6,1,1,53,5,1,2,0,1,1,7,201900043534A01,,,
201900043536,2019-12-10,2019,décembre,mardi,19:15,75,75108,"48,8649441","2,3193693",2,7,3,5,2,4,1,4,1,1,,,2,0,1,4,2,22,1,1,2,0,2,4,14,201900043536B01,33,1,1
201900043540,2019-12-10,2019,décembre,mardi,08:50,75,75104,"48,8536450","2,3569073",2,1,3,1,1,4,2,4,1,1,,,1,0,1,4,1,61,0,1,2,0,2,6,15,201900043540B01,33,1,1
201900043577,2019-12-02,2019,décembre,lundi,17:55,38,38229,"45,2089400","5,7754170",2,1,3,5,1,4,2,2,1,1,,,1,0,5,3,1,61,1,1,2/4/9,0,2,1,1,201900043577B01,7,16,1
201900043694,2019-12-04,2019,décembre,mercredi,18:50,27,27229,"49,0303200","1,1792500",2,1,3,5,5,4,2,2,1,1,,,2,0,1,4,1,16,9,2,,0,2,0,19,201900043694B01,7,1,1
201900043811,2019-05-27,2019,mai,lundi,12:35,93,93057,"48,9130370","2,5063150",2,9,7,1,1,3, -1,1,1,1,,,1,0,1,4,1,24,9,2,,12,2,0,1,201900043811Y01,,,
201900043886,2019-05-14,2019,mai,mardi,09:25,92,92075,"48,8143000","2,2874000",2,6,3,1,1,4,1,0,1,2,,,1,0,1,4,2,51,0,2,,0,2,2,15,201900043886B01,3,26,1
201900044012,2019-06-14,2019,juin,vendredi,20:20,91,91589,"48,6911300","2,3503100",2,2,3,1,1,4,2,2,1,1,,,1,0,1,4,1,12,5,1,2,0,2,1,1,201900044012A01,7,1,1
201900044020,2019-06-17,2019,juin,lundi,07:00,91,91161,"48,7094400","2,2974600",2,9,3,1,1,3, -1,2,1,1,,,1,0,1,4,1,60,1,2,,0,2,0,0,201900044020B01,7,9,1
201900044047,2019-06-14,2019,juin,vendredi,17:57,87,87085,"45,8316100","1,2535100",2,1,2,1,3,4,2,4,2,1,,,2,0,1,4,1,26,5,1,2,0,2,1,2,201900044047A01,7,23,1
201900044059,2019-06-04,2019,juin,mardi,18:43,87,87085,"45,8391900","1,2118500",2,1,3,1,1,4,2,2,1,1,,,1,0,1,4,1,53,5,2,,0,2,1,1,201900044059B01,7,15,1
201900044088,2019-02-25,2019,février,lundi,16:15,60,60671,"49,1619448","2,7724110",1,1,7,1,1,4,2,2,3,1,,,1,0,1,2,1,64,5,1,2,0,0,0,1,201900044088A01,,,
201900044090,2019-02-26,2019,février,mardi,18:00,62,62014,"50,6360530","2,3936170",2,1,2,1,7,4,2,2,1,1,,,1,0,1,2,1,74,5,2,,0,2,4,1,201900044090B01,7,1,1
201900044240,2019-10-31,2019,octobre,jeudi,16:15,81,81105,"43,7642010","1,9832570",2,1,3,1,1,4,2,2,1,1,,,1,0,1,4,2,11,5,2,,0,2,1,13,201900044240B01,7,1,1
201900044249,2019-10-29,2019,octobre,mardi,15:10,22,22272,"48,5669880"," -3,1315890",1,2,3,1,3,3,2,2,2,1,,,2,5,1,4,1,21,1,2,,0,2,1,1,201900044249B01,10,19,1
201900044257,2019-11-07,2019,novembre,jeudi,18:35,27,27448,"48,9973300","1,3455870",1,1,2,3,2,3,2,2,1,1,,,2,0,1,3,1,52,0,1,2/4/9,0,0,4,2,201900044257B01,7,2,1
201900044292,2019-02-23,2019,février,samedi,09:00,64,64545,"43,3460849"," -1,7522329",1,1,3,1,1,3,2,2,1,1,,,1,0,1,4,1,63,0,1,2,0,2,8,2,201900044292B01,10,17,1
201900044324,2019-11-02,2019,novembre,samedi,05:00,971,97101,"16,2538400"," -61,5410300",1,1,2,5,2,9,1,2,1,2,,,1,5,1,4,1,56,1,1,2/4,0,2,4,1,201900044324B01,7,0,1
201900044347,2019-02-17,2019,février,dimanche,13:22,22,22187,"48,5325003"," -2,7308621",2,1,7,1,1,4,2,2,2,1,,,1,0,1,2,1,51,5,1,2,0,0,0,1,201900044347A01,,,
201900044389,2019-02-23,2019,février,samedi,17:50,75,75115,"48,8367550","2,2980600",2,2,3,1,1,4,2,2,1,1,,,1,0,1,4,1,51,9,1,2,0,2,2,1,201900044389B01,7,22,1
201900044438,2019-01-13,2019,janvier,dimanche,18:50,17,17300,"46,1669000"," -1,1923700",2,1,6,5,1,4,4,2,1,1,,,1,2,4,4,1,47,5,2,,0,1,1,1,201900044438A01,,,
201900044451,2019-01-13,2019,janvier,dimanche,14:55,75,75118,"48,8893040","2,3335550",2,3,6,1,1,4,1,1,1,1,,,1,0,1,3,1,47,5,1,2,12,2,1,17,201900044451B01,7,22,1
201900044471,2019-01-13,2019,janvier,dimanche,13:10,33,33381,"44,7486700"," -0,4323800",2,6,3,1,2,3,2,2,1,1,,,2,0,1,4,1,35,5,1,2,0,2,7,15,201900044471B01,7,9,1
201900044484,2019-01-12,2019,janvier,samedi,16:15,24,24532,"44,6691000","0,4653300",1,2,3,1,2,3,2,2,2,1,,,2,5,1,3,1,74,5,2,,0,2,1,9,201900044484A01,10,1,1
201900044492,2019-01-13,2019,janvier,dimanche,19:30,974,97415," -21,0148224","55,2707248",2,1,1,5,1,2,3,2,1,3,,,1,0,1,2,1,34,5,2,,0,2,1,6,201900044492A01,7,1,1
201900044494,2019-01-14,2019,janvier,lundi,07:30,973,97304,"5,1663751"," -52,6398857",2,3,2,1,7,4,2,2,1,1,,,1,0,1,4,1,15,2,1,2,0,2,5,1,201900044494B01,7,15,1
201900044531,2019-01-07,2019,janvier,lundi,17:45,974,97407," -20,9306320","55,3080820",1,6,3,1,8,2,2,2,1,1,,,1,5,1,4,1,52,5,1,2,0,2,8,19,201900044531B01,10,1,1
201900044541,2019-01-10,2019,janvier,jeudi,17:30,69,69388,"45,7361000","4,8620900",2,1,6,5,1,4,3,3,1,1,,,1,0,2,4,1,47,0,2,,1,0,0,0,201900044541B01,7,24,1
201900044546,2019-01-08,2019,janvier,mardi,08:25,69,69383,"45,7555600","4,8751900",2,1,3,1,2,4,2,3,1,1,,,2,0,1,4,2,35,0,1,2,1,0,1,1,201900044546B01,7,22,1
201900044546,2019-01-08,2019,janvier,mardi,08:25,69,69383,"45,7555600","4,8751900",2,1,3,1,2,4,2,3,1,1,,,2,0,1,4,1,2,0,1,3,1,0,1,1,201900044546B01,7,22,1
201900044612,2019-01-09,2019,janvier,mercredi,17:24,87,87085,"45,8364800","1,2652000",2,3,3,2,1,4,3,4,2,1,,,1,0,1,4,1,59,1,1,2,0,2,1,7,201900044612A01,7,15,1
201900044619,2019-01-08,2019,janvier,mardi,18:35,85,85194,"46,5058380"," -1,7853170",2,2,3,5,1,4,2,2,1,1,,,1,5,1,3,2,28,9,2,,0,2,1,15,201900044619A01,7,1,1
201900044621,2019-09-28,2019,septembre,samedi,12:25,70,70489,"47,8366858","6,7139078",1,1,2,1,1,3,2,2,2,1,,,1,0,1,3,2,44,5,1,2,0,0,4,2,201900044621B01,7,2,1
201900044646,2019-09-30,2019,septembre,lundi,13:30,4,04106,"43,9574330","5,8669230",1,3,6,1,1,3,2,2,2,1,,,1,0,8,3,1,51,5,1,2,16,0,0,16,201900044646A01,,,
201900044648,2019-08-13,2019,août,mardi,08:05,13,13004,"43,6686890","4,7405910",1,1,1,1,1,3,2,2,1,1,,,1,0,1,3,1,75,5,1,2,1,2,1,1,201900044648B01,36,23,1
201900044698,2019-09-28,2019,septembre,samedi,10:08,32,32013,"43,6628100","0,5994000",2,6,3,1,1,2,2,2,1,1,,,1,0,1,4,1,62,5,2,,0,2,7,1,201900044698B01,7,9,1
201900044714,2019-09-28,2019,septembre,samedi,18:30,75,75116,"48,8492730","2,2767820",2,1,2,1,1,4,1,4,1,1,,,1,0,1,4,1,40,0,1,2,0,2,2,2,201900044714B01,7,2,1
201900044716,2019-09-28,2019,septembre,samedi,12:57,75,75116,"48,8638660","2,2366033",2,4,2,1,1,4,1,2,1,3,,,1,0,5,4,1,49,5,1,2,0,2,1,2,201900044716B01,1,2,1
201900044716,2019-09-28,2019,septembre,samedi,12:57,75,75116,"48,8638660","2,2366033",2,4,2,1,1,4,1,2,1,3,,,1,0,5,4,1,56,5,1,2,0,2,4,2,201900044716A01,1,2,1
201900044744,2019-09-28,2019,septembre,samedi,20:15,74,74070,"46,2853950","6,2632740",1,1,5,3,1,3,2,2,1,1,,,1,0,1,2,1,52,5,1,2,0,0,4,2,201900044744B01,7,2,1
201900044744,2019-09-28,2019,septembre,samedi,20:15,74,74070,"46,2853950","6,2632740",1,1,5,3,1,3,2,2,1,1,,,1,0,1,2,1,50,5,1,2,0,0,4,2,201900044744C01,7,2,1
201900044749,2019-09-29,2019,septembre,dimanche,09:10,81,81325,"43,5529964","2,1872413",1,1,5,1,1,3,2,2,1,1,,,1,0,1,3,1,73,5,1,2,0,2,8,1,201900044749B01,7,17,1
201900044749,2019-09-29,2019,septembre,dimanche,09:10,81,81325,"43,5529964","2,1872413",1,1,5,1,1,3,2,2,1,1,,,1,0,1,4,1,71,5,1,2,0,2,8,1,201900044749C01,7,17,1
201900044756,2019-09-28,2019,septembre,samedi,18:10,38,38065,"45,4435420","5,4295320",1,3,3,2,7,3,2,2,1,3,,,1,5,1,3,2,63,5,1,2,0,2,8,1,201900044756B01,10,15,1
201900044760,2019-09-29,2019,septembre,dimanche,11:50,64,64559,"43,2578560"," -0,8791870",1,1,6,1,7,3,2,2,1,3,,,1,0,1,4,1,57,5,1,2,0,2,9,2,201900044760A01,1,2,1
201900044760,2019-09-29,2019,septembre,dimanche,11:50,64,64559,"43,2578560"," -0,8791870",1,1,6,1,7,3,2,2,1,3,,,1,0,1,1,1,49,5,1,2,0,0,4,2,201900044760B01,1,2,1
201900044764,2019-09-28,2019,septembre,samedi,21:45,40,40046,"44,3790710"," -1,1380480",2,1,3,3,1,3, -1,2,1,1,,,1,0,1,3,1,17,5,2,,0,2,0,2,201900044764B01,7,17,1
201900044768,2019-09-29,2019,septembre,dimanche,19:15,30,30006,"43,6988860","4,2031820",2,6,2,1,1,4,2,2,1,1,,,1,0,1,4,1,18,5,2,,0,2,1,19,201900044768B01,7,1,1
201900044823,2019-08-30,2019,août,vendredi,15:18,974,97420," -20,9072380","55,5828050",2,1,6,1,8,9,2,2,1,1,,,1,0,8,3,1,64,5,2,,0,2,8,10,201900044823A01,2,1,1
201900044840,2019-08-25,2019,août,dimanche,11:00,95,95690,"49,1035520","1,8344430",1,1,6,1,1,3,2,2,1,1,,,1,0,1,3,1,44,5,1,2,13,9,1,1,201900044840A01,,,
201900044843,2019-08-28,2019,août,mercredi,16:54,78,78655,"48,6822200","1,8869070",1,2,3,1,1,3,2,2,1,1,,,1,0,1,3,1,15,5,1,2,0,2,7,19,201900044843B01,7,1,1
201900044850,2019-08-27,2019,août,mardi,06:36,84,84019,"44,2882460","4,7520450",2,6,3,1,1,4, -1,1,1,2,,,1,0,1,3,1,80,5,2,,0,2,1,1,201900044850B01,7,9,1
201900044865,2019-08-31,2019,août,samedi,10:40,68,68344,"47,8819770","6,9216720",1,1,1,1,1,2,2,2,2,3,,,1,0,1,4,1,58,5,1,2,0,0,3,1,201900044865B01,33,17,1
201900044866,2019-08-29,2019,août,jeudi,17:55,68,68063,"47,8005750","7,1823630",2,1,2,1,1,3,2,2,1,1,,,1,0,1,3,1,13,5,2,,0,0,6,13,201900044866A01,7,1,1
201900044868,2019-08-18,2019,août,dimanche,10:35,67,67100,"48,7170530","7,6513080",2,1,7,1,1,9,2,2,1,1,,,1,0,5,2,1,40,5,1,2,0,0,0,1,201900044868A01,,,
201900044896,2019-06-29,2019,juin,samedi,16:00,9,09302,"42,8064610","1,4205660",1,1,7,1,1,3,1,1,2,3,,,1,0,3,3,1,58,9,1,2,1,0,0,1,201900044896A01,,,
201900044898,2019-08-25,2019,août,dimanche,18:55,17,17121,"46,1984450"," -1,4261660",1,9,3,1,1,3,3,2,1,1,,,1,0,1,3,2,26,5,2,,0,2,1,1,201900044898A01,7,1,1
201900044899,2019-08-31,2019,août,samedi,18:55,33,33268,"45,0408240"," -0,6742550",2,3,3,1,7,3,2,2,2,3,,,1,0,1,4,2,69,3,2,,0,2,1,15,201900044899A01,7,15,1
201900044902,2019-08-29,2019,août,jeudi,13:00,33,33519,"44,9054400"," -0,6863200",2,1,3,1,7,4,2,2,1,1,,,1,0,1,3,1,7,5,2,,0,2,1,9,201900044902B01,7,1,1
201900044910,2019-08-25,2019,août,dimanche,19:30,22,22201,"48,6589170"," -2,3263820",1,3,7,1,1,3,2,2,1,1,,,1,0,3,3,1,12,5,1,2,0,0,0,0,201900044910A01,,,
201900044913,2019-08-21,2019,août,mercredi,19:00,27,27168,"49,2555670","1,2704580",2,1,3,1,1,3,2,2,1,3,,,1,0,1,4,1,33,5,1,2,0,2,8,2,201900044913A01,7,17,1
201900044922,2019-08-28,2019,août,mercredi,15:20,60,60628,"49,4251660","2,1347410",2,2,6,1,1,4,2,2,3,1,,,1,5,8,4,1,25,0,2,,0,0,7,11,201900044922B01,7,0,1
201900044970,2019-04-02,2019,avril,mardi,12:21,75,75115,"48,8321370","2,3029730",2,2,6,1,1,4,1,1,1,1,,,1,0,1,4,1,26,4,1,2,0,2,0,1,201900044970A01,2,1,1
201900044972,2019-04-03,2019,avril,mercredi,09:00,75,75119,"48,8759730","2,3726610",2,1,3,1,1,4,1,2,1,1,,,1,8,5,4,1,27,2,2,,0,2,1,1,201900044972B01,7,16,1
201900044976,2019-04-03,2019,avril,mercredi,18:20,75,75113,"48,8277820","2,3852720",2,1,1,1,1,4,2,1,1,2,,,1,1,5,4,1,30,1,1,2,0,2,1,13,201900044976A01,50,13,1
201900044979,2019-04-02,2019,avril,mardi,13:40,75,75112,"48,8440780","2,3728270",2,1,4,1,1,4,2,4,1,1,,,2,0,1,4,1,34,1,1,2,0,2,1,1,201900044979B01,7,1/22,2
201900045021,2019-04-03,2019,avril,mercredi,07:05,44,44087,"46,9915710"," -1,8087580",2,1,2,3,2,4,2,2,1,1,,,1,0,1,3,1,31,1,2,,0,0,4,1,201900045021A01,7,1,1
201900045028,2019-03-28,2019,mars,jeudi,20:15,88,88160,"48,1306580","6,4328550",1,1,3,3,1,3,2,2,2,1,,,1,0,1,3,1,56,3,2,,0,2,9,1,201900045028A01,7,1,1
201900045069,2019-04-02,2019,avril,mardi,17:00,972,97209,"14,6386900"," -61,0822600",1,1,3,1,1,3,2,2,2,1,,,1,0,1,4,1,15,5,2,,0,2,3,26,201900045069B01,7,17,1
201900045081,2019-04-02,2019,avril,mardi,16:15,91,91174,"48,6088700","2,4471600",2,1,3,1,1,4,2,2,1,1,,,1,0,1,4,1,23,5,1,2,0,2,1,11,201900045081A01,7,1,1
201900045107,2019-04-01,2019,avril,lundi,14:20,56,56121,"47,7370300"," -3,3826300",2,1,7,1,1,4,2,2,2,1,,,1,0,1,4,2,60,5,1,2,16,0,0,14,201900045107A01,,,
201900045114,2019-04-02,2019,avril,mardi,18:10,45,45234,"47,9041480","1,9043520",2,1,7,1,2,4,2,2,1,1,,,2,6,1,3,2,32,5,2,,0,0,8,1,201900045114A01,,,
201900045174,2019-07-17,2019,juillet,mercredi,08:03,91,91692,"48,6755600","2,1923400",1,6,3,1,1,3,1,2,1,2,,,1,3,3,4,1,55,5,1,2,0,2,5,1,201900045174B01,7,9,1
201900045176,2019-07-16,2019,juillet,mardi,09:46,87,87050,"45,8877100","1,2213800",1,2,3,1,1,4,2,2,1,1,,,1,0,1,4,1,60,5,2,,0,2,1,1,201900045176B01,7,9,1
201900045212,2019-07-16,2019,juillet,mardi,21:30,33,33069,"44,8636500"," -0,5945500",2,6,3,1,1,4,2,2,1,2,,,1,0,1,4,2,51,0,2,,0,0,6,1,201900045212B01,30,1,1
201900045250,2019-07-16,2019,juillet,mardi,18:55,75,75115,"48,8406410","2,3149820",2,2,6,1,1,4,2,6,2,1,,,1,0,1,4,1,61,5,1,2,0,1,1,1,201900045250A01,,,
201900045286,2019-07-18,2019,juillet,jeudi,09:45,68,68030,"47,9274630","7,2326480",1,9,1,1,1,4,2,2,2,2,,,1,0,1,2,1,80,0,2,,0,2,1,1,201900045286B01,7,1,1
201900045289,2019-07-17,2019,juillet,mercredi,18:30,23,23245,"46,2004040","1,8276230",1,6,2,1,1,3,1,1,1,2,,,1,9,1,4,2,40,5,2,,0,2,8,26,201900045289B01,7,26,1
201900045290,2019-07-16,2019,juillet,mardi,11:45,67,67539,"48,7212780","7,6353440",1,9,2,1,1,3,2,2,2,1,,,1,2,6,3,1,54,5,1,2,0,2,8,23,201900045290A01,7,26,1
201900045301,2019-07-16,2019,juillet,mardi,15:20,76,76618,"49,9520000","1,2211000",1,1,3,1,1,3,2,2,1,1,,,1,0,1,4,1,80,5,1,2,0,2,8,1,201900045301B01,7,1,1
201900045303,2019-07-17,2019,juillet,mercredi,14:30,86,86207,"46,7887190","0,8076780",2,3,1,1,1,3, -1,2,4,1,,,1,0,1,3,1,52,4,2,,0,2,1,1,201900045303B01,7,15,1
201900045305,2019-07-17,2019,juillet,mercredi,08:45,29,29061,"48,4492120"," -4,4763849",2,6,3,1,1,3,2,2,1,1,,,1,0,1,3,2,33,1,1,2,0,0,7,1,201900045305B01,7,9,1
201900045307,2019-07-13,2019,juillet,samedi,10:40,15,15198,"44,8720130","2,8644060",1,1,7,1,1,3,2,2,2,1,,,1,0,1,3,2,33,5,1,2,0,0,0,1,201900045307A01,,,
201900045309,2019-07-16,2019,juillet,mardi,12:15,66,66003,"42,4765650","2,6655260",2,9,6,1,1,4,2,2,1,1,,,1,0,1,1,1,52,5,1,2,0,1,1,1,201900045309A01,,,
201900045317,2019-07-18,2019,juillet,jeudi,09:35,85,85018,"46,9110100"," -2,0470600",2,6,3,1,1,3,1,1,1,2,,,1,0,1,4,1,13,5,2,,0,2,1,1,201900045317B01,7,9,1
201900045342,2019-12-09,2019,décembre,lundi,14:20,75,75119,"48,8761248","2,3937154",2,1,3,1,2,4,2,2,2,1,,,2,0,5,4,2,51,0,1,2,0,2,1,1,201900045342B01,7,9,1
201900045350,2019-12-09,2019,décembre,lundi,14:10,75,75114,"48,8281134","2,3197944",2,1,3,1,1,4,1,1,1,1,,,2,0,4,4,1,18,1,1,2,0,2,1,25,201900045350A01,7,9,1
201900045351,2019-12-09,2019,décembre,lundi,08:10,75,75114,"48,8241050","2,3277600",2,4,3,2,3,4,2,3,1,1,,,2,0,5,4,1,16,2,1,2,0,2,1,1,201900045351B01,7,15,1
201900045356,2019-12-09,2019,décembre,lundi,12:50,75,75109,"48,8834490","2,3333313",2,1,6,1,1,4,3,2,1,1,,,2,0,1,4,2,23,2,1,2,0,2,2,2,201900045356A01,7,2,1
201900045359,2019-12-09,2019,décembre,lundi,17:05,75,75104,"48,8582340","2,3490770",2,3,6,5,1,4,1,3,1,1,,,1,0,5,1,1,24,5,1,2,0,1,7,1,201900045359A01,,,
201900045383,2019-12-10,2019,décembre,mardi,16:11,25,25410,"47,2203500","6,0818420",1,1,3,1,7,2,3,4,2,1,,,1,0,1,3,1,63,5,1,2,0,2,8,2,201900045383A01,14,2,1
201900045394,2019-12-07,2019,décembre,samedi,16:15,61,61145,"48,5870900"," -0,6145870",1,1,1,1,1,4,2,2,1,4,,,6,0,1,3,1,70,5,1,2,0,2,1,1,201900045394B01,10,13,1