Num_Acc,date,an,mois,jour,hrmn,dep,com,lat,long,agg,int,col,lum,atm,catr,circ,nbv,prof,plan,lartpc,larrout,surf,infra,situ,grav,sexe,age,trajet,secuexist,equipement,obs,obsm,choc,manv,vehiculeid,typevehicules,manoeuvehicules,numVehicules
201900045488,2019-12-07,2019,décembre,samedi,23:55,75,75119,"48,8906240","2,3768500",2,2,3,5,1,4,1,2,1,1,,,1,0,6,4,1,25,0,1,2,0,2,8,1,201900045488B01,7,16,1
201900045497,2019-12-07,2019,décembre,samedi,12:44,75,75108,"48,8677213","2,3076868",2,4,3,1,1,4,2,3,1,1,,,1,0,6,4,1,29,5,1,2,0,2,1,7,201900045497B01,10,15,1
201900045499,2019-12-08,2019,décembre,dimanche,19:45,75,75107,"48,8527256","2,3031753",2,1,2,5,1,4,2,4,1,1,,,1,0,1,4,2,18,1,1,2,0,2,4,2,201900045499B01,30,2,1
201900045501,2019-12-08,2019,décembre,dimanche,21:45,75,75103,"48,8560580","2,3666150",2,7,7,5,2,4,1,2,1,1,,,2,0,1,4,1,29,5,1,2,0,0,0,1,201900045501A01,,,
201900045511,2019-12-07,2019,décembre,samedi,10:30,51,51608,"48,8421184","4,8529512",1,1,7,1,1,3,2,2,1,1,,,2,0,1,3,1,51,5,1,2,0,0,0,0,201900045511A01,,,
201900045680,2019-05-05,2019,mai,dimanche,11:42,35,35276,"48,2653830"," -1,8401500",1,2,3,1,1,3,2,2,1,1,,,1,0,1,3,1,77,5,1,2,0,2,1,1,201900045680B01,7,19,1
201900045711,2019-06-16,2019,juin,dimanche,09:25,85,85194,"46,4921100"," -1,7719100",2,1,6,1,1,4,1,1,2,1,,,1,0,1,3,2,69,5,2,,0,2,0,0,201900045711B01,7,24,1
201900045748,2019-06-17,2019,juin,lundi,13:22,80,80021,"49,8749200","2,2815700",2,1,3,1,1,4,2,4,1,1,,,1,0,1,4,1,53,1,2,,0,2,1,1,201900045748B01,10,16,1
201900045750,2019-06-14,2019,juin,vendredi,07:15,80,80021,"49,9058680","2,2896630",2,1,3,1,2,4,2,2,2,1,,,2,0,1,4,1,54,1,2,,0,2,1,1,201900045750B01,7,20,1
201900045755,2019-06-11,2019,juin,mardi,09:15,80,80021,"49,8962600","2,2963400",2,3,3,1,1,4,1,2,1,1,,,1,0,1,4,1,21,0,1,2,0,2,4,1,201900045755B01,7,1,1
201900045763,2019-06-14,2019,juin,vendredi,10:28,79,79329,"46,9797100"," -0,2165900",2,1,6,1,1,3,2,3,1,1,,110,1,5,1,1,1,62,5,2,,0,1,1,26,201900045763A01,,,
201900045793,2019-06-13,2019,juin,jeudi,15:35,77,77058,"48,8335000","2,7059000",2,1,6,1,1,3,3,3,1,1,,,1,0,1,4,2,25,5,2,,0,0,7,19,201900045793B01,7,1,1
201900045826,2019-06-03,2019,juin,lundi,17:05,74,74012,"46,1945000","6,2515000",2,6,2,1,1,4,2,2,4,1,,,1,5,2,4,1,13,9,1,2,0,2,1,21,201900045826A01,10,2,1
201900045832,2019-06-17,2019,juin,lundi,09:14,72,72095,"48,0278300","0,2023500",2,1,3,1,1,3,2,2,1,1,,,1,0,1,4,1,15,2,2,,0,2,1,1,201900045832B01,7,16,1
201900045847,2019-06-13,2019,juin,jeudi,21:55,71,71270,"46,3041900","4,8297100",2,1,3,1,1,9,1,1,4,1,,,1,0,1,4,1,18,9,2,,0,2,1,26,201900045847A01,7,1,1
201900045901,2019-02-24,2019,février,dimanche,12:15,95,95039,"49,0845810","2,1740280",1,1,3,1,1,4,2,2,2,1,,,1,9,1,4,1,52,5,1,2/6,0,2,3,2,201900045901B01,7,2,1
201900045923,2019-02-21,2019,février,jeudi,18:30,71,71445,"46,7745300","4,8901500",2,1,3,2,1,4,2, -1,1,1,,,1,0,1,4,1,5,5,2,,0,2,1,2,201900045923A01,7,2,1
201900045959,2019-02-23,2019,février,samedi,17:55,69,69383,"45,7572700","4,8407600",2,3,5,2,1,4,1,2,1,1,,,1,0,1,4,2,11,5,2,,0,2,8,19,201900045959C01,7,15,1
201900045960,2019-02-23,2019,février,samedi,15:30,69,69383,"45,7539500","4,8467400",2,1,1,1,1,4,1,4,1,1,,,1,0,1,4,1,17,0,2,,0,0,1,5,201900045960B01,7,1,1
201900045963,2019-02-22,2019,février,vendredi,21:00,69,69387,"45,7338800","4,8427000",2,3,3,5,1,4,2,2,1,1,,,1,5,1,4,1,26,1,2,,0,2,1,1,201900045963B01,7,15,1
201900046008,2019-02-22,2019,février,vendredi,09:35,62,62193,"50,9562100","1,8498200",2,7,3,1,8,4,3,4,1,1,,,2,0,1,4,1,31,1,2,,0,2,1,3,201900046008B01,7,10,1
201900046010,2019-02-21,2019,février,jeudi,12:15,62,62041,"50,2954899","2,7711859",2,3,3,1,1,4,2,3,1,1,,,1,5,1,3,2,57,5,2,,0,2,1,15,201900046010B01,7,26,1
201900046025,2019-02-23,2019,février,samedi,17:05,45,45298,"47,8871000","1,8768800",2,3,3,1,1,4,2,2,1,1,,,1,0,1,4,1,56,5,1,2,0,2,2,23,201900046025B01,7,15,1
201900046094,2019-11-05,2019,novembre,mardi,19:50,6,06079,"43,5322460","6,9490360",2,1,2,5,1,3,2,2,1,1,,,1,0,1,3,1,36,1,1,9,0,0,4,1,201900046094B01,7,26,1
201900046113,2019-11-03,2019,novembre,dimanche,15:25,2B,2B134,"42,6347130","8,9386720",2,6,7,1,6,4,2,2,4,1,,,2,0,3,2,1,70,0,2,,10,0,0,5,201900046113A01,,,
201900046115,2019-11-05,2019,novembre,mardi,15:42,84,84132,"43,9194570","4,9817540",1,3,6,1,1,3,2,2,1,3,,,1,0,3,3,1,77,5,2,,0,0,7,1,201900046115A01,,,
201900046168,2019-11-04,2019,novembre,lundi,10:00,75,75106,"48,8527125","2,3377536",2,2,7,1,1,4,1,4,1,1,,,1,0,6,4,1,28,0,1,2,0,0,7,21,201900046168A01,,,
201900046175,2019-10-31,2019,octobre,jeudi,16:15,75,75115,"48,8411159","2,2878709",2,2,3,1,7,4,2,3,1,1,,,1,0,5,4,1,21,5,1,2/6,0,2,8,1,201900046175B01,10,16,1
201900046176,2019-11-04,2019,novembre,lundi,12:10,75,75114,"48,8344667","2,3338390",2,1,3,1,1,4,2,4,2,1,,,2,0,1,4,1,28,5,1,2,0,2,1,15,201900046176A01,7,1,1
201900046258,2019-01-07,2019,janvier,lundi,14:45,67,67482,"48,5845000","7,7408200",2,3,3,1,8,4,1,1,1,1,,,1,2,1,3,1,20,5,2,,0,2,1,19,201900046258A01,7,1,1
201900046295,2019-01-08,2019,janvier,mardi,08:29,51,51454,"49,2367500","4,0135500",2,2,3,1,1,4, -1,2,1,1,,,2,0,1,4,2,28,1,1,2,0,2,1,26,201900046295B01,7,15,1
201900046312,2019-01-09,2019,janvier,mercredi,20:23,44,44162,"47,2161000"," -1,6369000",2,9,3,5,1,4,2,0,1,1,,,1,0,1,4,1,55,0,2,,0,2,8,15,201900046312B01,7,17,1
201900046314,2019-01-09,2019,janvier,mercredi,12:15,44,44109,"47,2158400"," -1,5316400",2,1,5,1,1,4,3,0,1,1,,,1,0,1,4,1,30,1,2,,0,2,8,1,201900046314B01,20/ 10,16/24,2
201900046384,2019-09-27,2019,septembre,vendredi,14:30,91,91044,"48,6751750","2,2951070",1,4,5,1,1,2,2,1,1,3,,,1,3,5,3,1,54,5,1,2/6,0,2,3,19,201900046384B01,33/ 7,9/1,2
201900046391,2019-09-29,2019,septembre,dimanche,19:25,67,67348,"48,4643910","7,4948260",2,2,1,5,1,4,1,1,1,1,,,1,5,1,4,1,12,5,2,,0,2,7,19,201900046391B01,7,1,1
201900046408,2019-09-25,2019,septembre,mercredi,12:20,63,63113,"45,7832041","3,1343382",2,1,3,1,1,7,1,1,1,1,,,1,9,1,4,1,42,0,2,,0,2,1,25,201900046408A01,7,9,1
201900046445,2019-09-24,2019,septembre,mardi,17:10,77,77243,"48,8792500","2,7061800",2,9,6,1,1,4,1,1,1,1,,,1,0,2,1,1,36,5,2,,0,1,1,1,201900046445A01,,,
201900046453,2019-09-27,2019,septembre,vendredi,17:00,72,72181,"48,0109300","0,1816400",2,2,3,1,1,7,3,4,1,1,,,1,0,1,4,1,19,9,2,,0,2,1,1,201900046453A01,7,1,1
201900046475,2019-09-26,2019,septembre,jeudi,13:35,50,50602,"49,6468200"," -1,5805100",2,9,3,1,1,4,1,1,1,1,,,1,0,2,4,1,12,2,1,2,0,2,2,1,201900046475B01,2,1,1
201900046480,2019-09-27,2019,septembre,vendredi,11:45,34,34172,"43,6017100","3,9002500",2,1,3,1,1,4,1,3,1,1,,,1,0,1,4,2,68,5,1,2,0,2,7,19,201900046480A01,7,1,1
201900046514,2019-09-27,2019,septembre,vendredi,13:00,75,75116,"48,8625224","2,2872586",2,7,3,1,2,4,1,2,1,1,,,2,0,1,4,2,16,2,1,2,0,2,4,1,201900046514B01,7,1,1
201900046516,2019-09-26,2019,septembre,jeudi,09:15,75,75114,"48,8387025","2,3308370",2,3,3,1,8,4,2,4,1,1,,,1,0,6,4,1,38,1,1,2,0,2,8,7,201900046516B01,7,14,1
201900046519,2019-09-27,2019,septembre,vendredi,12:35,75,75112,"48,8325640","2,4001330",2,3,6,1,1,4,2,8,2,1,,,1,0,5,1,1,28,1,1,2,0,1,1,1,201900046519A01,,,
201900046526,2019-09-26,2019,septembre,jeudi,12:35,75,75103,"48,8640351","2,3639198",2,3,6,1,8,4,2,2,1,1,,,3,0,1,4,1,40,0,1,2,0,2,0,1,201900046526A01,1,16,1
201900046636,2019-08-25,2019,août,dimanche,06:29,75,75108,"48,8665992","2,3220152",2,7,3,2,1,4,1,6,1,1,,,1,0,1,4,2,25,5,1,2,0,2,1,1,201900046636A01,7,1,1
201900046638,2019-08-25,2019,août,dimanche,06:10,75,75107,"48,8624350","2,3016010",2,7,3,2,1,4,2,4,1,1,,,1,8,1,4,1,26,0,1,2,0,2,0,1,201900046638A01,7,1,1
201900046656,2019-08-26,2019,août,lundi,09:00,77,77421,"48,7347470","3,3067730",2,1,3,1,1,3,2,2,1,1,,,1,0,1,3,1,70,5,1,2/9,0,2,1,1,201900046656B01,7,1,1
201900046659,2019-08-26,2019,août,lundi,07:25,56,56013,"47,6679660"," -3,1812270",2,1,3,2,1,3, -1,2,1,1,,,1,0,1,4,1,57,1,1,2/9,12,2,8,2,201900046659A01,7,2,1
201900046662,2019-08-26,2019,août,lundi,19:15,76,76317,"49,6511080","0,4017740",1,2,3,1,1,3,2,2,1,2,,,1,0,1,4,1,16,5,2,,0,2,1,19,201900046662B01,7,1,1
201900046709,2019-08-26,2019,août,lundi,13:30,57,57256,"49,1176444","6,0384705",1,1,7,1,1,3,2,3,2,1,,,1,0,1,3,2,22,5,2,,0,0,0,0,201900046709A01,,,
201900046713,2019-08-25,2019,août,dimanche,14:45,65,65145,"42,9129155"," -0,0371969",1,1,3,1,1,3,2,2,2,2,,,1,0,1,3,1,47,5,1,2/4,0,2,8,1,201900046713B01,7,17,1
201900046731,2019-08-22,2019,août,jeudi,08:52,91,91027,"48,7244200","2,4072000",2,1,6,1,1,4,2,3,1,3,,,1,0,1,4,1,32,1,2,,0,2,0,25,201900046731B01,7,17,1
201900046734,2019-08-22,2019,août,jeudi,22:20,34,34172,"43,6230800","3,8327300",2,1,3,5,1,3,2,4,1,1,,,1,0,1,4,1,27,0,2,,0,2,8,19,201900046734B01,33,1,1
201900046752,2019-04-01,2019,avril,lundi,16:40,94,94060,"48,7940000","2,5941000",2,9,3,1,1,4,2,2,1,1,,,1,9,1,4,1,64,5,2,,0,2,1,1,201900046752Y01,10,1,1
201900046793,2019-04-03,2019,avril,mercredi,16:29,2,02128,"49,5239430","3,6648830",2,9,7,1,1,4,2,2,1,1,,,1,0,1,3,1,13,5,2,,0,0,8,15,201900046793A01,,,
201900046795,2019-04-02,2019,avril,mardi,09:40,70,70258,"47,8250750","6,4119550",2,6,3,1,1,3,2,2,1,1,,,1,9,1,3,1,64,5,1,2,0,2,1,1,201900046795B01,7,1,1
201900046798,2019-04-03,2019,avril,mercredi,16:05,58,58303,"47,0093360","3,1504070",2,1,3,1,2,3,3,2,1,1,,,2,0,5,3,1,51,5,2,,0,0,1,1,201900046798B01,7,15,1
201900046806,2019-03-22,2019,mars,vendredi,20:08,28,28227,"48,5958900","1,5976350",1,1,3,3,1,3,2,2,1,1,,,1,0,1,3,1,60,5,2,,0,2,8,11,201900046806B01,7,1,1
201900046814,2019-04-02,2019,avril,mardi,20:00,973,97305,"5,0527570"," -52,5825780",1,1,1,3,2,4,2,2,1,1,,,1,0,1,2,1,42,5,2,,0,2,1,1,201900046814B01,7,1,1
201900046847,2019-04-01,2019,avril,lundi,15:40,69,69382,"45,7649400","4,8362700",2,1,2,1,1,4,1,1,1,1,,,1,0,1,4,2,60,0,2,,0,2,4,15,201900046847B01,7,1,1
201900046864,2019-03-31,2019,mars,dimanche,12:10,72,72181,"47,9968700","0,2049200",2,1,6,1,1,4,1,1,1,1,,,1,0,2,4,1,35,5,2,,0,2,1,1,201900046864B01,7,22,1
201900046927,2019-07-17,2019,juillet,mercredi,18:30,37,37129,"47,1082121","0,2694023",1,3,1,1,1,3,2,2,1,1,,,1,0,1,3,1,16,5,2,,0,2,7,19,201900046927B01,7,1,1
201900046938,2019-07-17,2019,juillet,mercredi,18:15,17,17161,"46,1900170"," -1,3282170",2,1,2,1,1,4,2,2,1,1,,,1,0,1,4,1,14,9,2,,0,2,1,2,201900046938B01,2,23,1
201900046941,2019-07-17,2019,juillet,mercredi,11:40,44,44215,"47,1788660"," -1,4463790",2,8,3,1,1,7,2,2,1,2,,,1,4,1,3,1,62,5,1,2/6,9,4,1,1,201900046941A01,39,1,1
201900046943,2019-07-17,2019,juillet,mercredi,12:27,14,14724,"49,2560520"," -0,1339840",1,2,3,1,1,3,2,2,1,1,,,1,0,1,3,2,68,5,2,,0,2,8,19,201900046943B01,7,1,1
201900046944,2019-07-18,2019,juillet,jeudi,13:10,14,14488,"49,2787260"," -0,2502450",2,1,3,1,1,4,1,1,1,1,,,1,0,1,4,1,19,1,2,,0,2,8,19,201900046944B01,7,26,1
201900046959,2019-07-15,2019,juillet,lundi,14:00,63,63113,"45,7874900","3,0984500",2,1,3,1,1,4,2,4,1,1,,,1,9,1,4,2,41,1,1,2,0,2,8,2,201900046959B01,7,2,1
201900046975,2019-07-16,2019,juillet,mardi,18:50,91,91421,"48,7012000","2,4659700",2,9,3,1,7,4,2,2,2,3,,,1,0,1,4,1,52,0,2,,0,2,0,0,201900046975B01,7,16,1
201900046988,2019-07-15,2019,juillet,lundi,10:10,67,67482,"48,5650000","7,7386200",2,1,3,1,1,4,2,2,1,1,,,1,0,1,4,1,52,1,2,,0,2,1,1,201900046988B01,10,16,1
201900046994,2019-07-15,2019,juillet,lundi,14:55,56,56121,"47,7617200"," -3,3758800",2,6,3,1,1,4,1,0,1,3,,,1,5,1,4,1,15,0,2,,0,2,1,9,201900046994A01,7,1,1
201900047036,2019-07-16,2019,juillet,mardi,12:10,75,75115,"48,8385980","2,2894310",2,2,6,1,1,4,2,2,1,1,,,1,0,1,4,1,27,5,1,2,0,2,1,1,201900047036B01,7,22,1
201900047037,2019-07-16,2019,juillet,mardi,16:00,75,75113,"48,8369980","2,3596060",2,1,6,1,1,4,2,4,2,1,,,1,0,1,4,1,44,3,1,2,0,2,2,1,201900047037B01,7,22,1
201900047069,2019-07-17,2019,juillet,mercredi,10:45,49,49244,"47,3606370"," -1,0373240",2,1,1,1,2,9,2,2,1,1,,,1,0,5,3,1,70,5,1,9,0,9,1,1,201900047069A01,1,1,1
201900047072,2019-07-17,2019,juillet,mercredi,18:00,83,83048,"43,1943530","6,5810950",2,1,3,1,1,4,2,2,1,1,,,1,0,1,3,1,25,1,2,,0,2,1,26,201900047072B01,7,15,1
201900047084,2019-07-17,2019,juillet,mercredi,16:00,49,49362,"47,2170720"," -0,0619910",2,2,3,1,1,4,2,2,1,1,,,1,0,1,4,1,27,5,2,,0,2,7,1,201900047084B01,7,19,1
201900047094,2019-07-15,2019,juillet,lundi,09:30,30,30133,"43,5529440","4,1434490",1,1,2,1,1,3,3,4,1,1,,,1,0,1,3,1,66,5,2,,0,0,4,1,201900047094B01,14,1,1
201900047105,2019-07-16,2019,juillet,mardi,21:40,973,97311,"5,5037349"," -53,9687920",1,1,1,3,1,3,2,2,1,1,,,1,0,1,3,1,62,0,2,,0,2,1,0,201900047105B01,7,0,1
201900047128,2019-12-09,2019,décembre,lundi,17:00,55,55079,"48,7076550","5,0914560",1,1,7,3,2,3,2,2,1,2,,,2,0,1,4,1,46,5,2,,0,0,0,1,201900047128A01,,,
201900047159,2019-12-09,2019,décembre,lundi,15:30,34,34145,"43,6729690","4,1247810",2,9,3,1,1,9,3,1,1,2,,,1,6,1,4,1,11,2,2,,0,2,8,19,201900047159B01,7,1,1
201900047185,2019-12-07,2019,décembre,samedi,22:20,69,69381,"45,7676700","4,8378900",2,1,6,5,1,4,1,4,1,1,,,1,0,1,1,1,31,5,2,,0,1,1,1,201900047185A01,,,
201900047235,2019-12-07,2019,décembre,samedi,04:25,75,75120,"48,8679300","2,3866160",2,3,3,5,1,4,2,2,2,1,,,2,0,6,4,1,35,5,1,2,0,2,1,7,201900047235B01,7,15,1
201900047236,2019-12-07,2019,décembre,samedi,16:15,75,75116,"48,8625540","2,2938990",2,1,6,1,1,4,2,2,1,1,,,1,0,5,4,1,29,0,1,2,0,1,2,1,201900047236A01,,,
201900047242,2019-12-07,2019,décembre,samedi,15:10,75,75112,"48,8394780","2,4375490",2,1,6,1,1,4, -1,0,1,1,,,1,0,1,4,1,26,9,1,2,0,2,0,1,201900047242A01,7,17,1
201900047242,2019-12-07,2019,décembre,samedi,15:10,75,75112,"48,8394780","2,4375490",2,1,6,1,1,4, -1,0,1,1,,,1,0,1,1,2,25,9,1,2,0,2,0,1,201900047242B01,7,17,1
201900047243,2019-12-07,2019,décembre,samedi,16:30,75,75111,"48,8498750","2,3860610",2,1,2,1,8,4,2,2,1,1,,,1,0,1,4,1,16,0,1,2,0,2,6,2,201900047243B01,30,2,1
201900047246,2019-12-07,2019,décembre,samedi,09:35,75,75104,"48,8590210","2,3537190",2,2,7,1,2,4,2,2,1,1,,,2,0,5,4,2,38,5,1,2,0,0,0,16,201900047246A01,,,
201900047314,2019-05-28,2019,mai,mardi,12:30,84,84142,"43,9743290","5,0388100",1,3,3,1,1,3,2,2,1,2,,,1,0,1,3,1,82,1,2,,0,2,8,15,201900047314B01,7,1,1
201900047323,2019-05-16,2019,mai,jeudi,17:45,33,33352,"44,5796200"," -0,0297000",2,1,3,1,1,3,2,2,1,1,,,1,0,1,4,1,16,9,2,,0,2,3,19,201900047323A01,7,1,1
201900047325,2019-05-24,2019,mai,vendredi,13:40,17,17230,"45,5773065"," -0,9838423",1,1,3,1,1,3,2,2,4,3,,,1,0,1,3,1,65,5,1,2,0,2,3,1,201900047325B01,7,19,1
201900047328,2019-05-10,2019,mai,vendredi,19:00,6,06044,"43,6829280","7,0911240",2,4,3,2,1,3,2,2,1,3,,,1,0,1,4,1,59,5,1,2,0,2,8,1,201900047328B01,7,15,1
201900047330,2019-05-29,2019,mai,mercredi,14:15,36,36230,"47,0713770","1,8096850",2,1,2,1,1,3,2,2,1,1,,,1,0,1,3,1,77,5,1,2,0,2,0,17,201900047330B01,10,15,1
201900047338,2019-05-07,2019,mai,mardi,17:00,31,31282,"43,6710670","1,4509200",2,7,1,1,1,4,1,1,2,1,,,1,0,1,3,2,64,5,2,,0,2,1,5,201900047338B01,7,15,1
201900047352,2019-05-22,2019,mai,mercredi,15:30,81,81026,"43,9197160","2,3028860",1,1,1,1,1,3,2,2,2,2,,,1,0,1,3,1,66,5,1,2,0,2,1,13,201900047352A01,10,1,1
201900047367,2019-05-22,2019,mai,mercredi,11:45,28,28088,"48,0712160","1,3373900",2,2,3,1,1,3,2,2,1,1,,,1,5,1,4,2,48,1,1,2,0,2,3,26,201900047367A01,7,16,1
201900047371,2019-05-22,2019,mai,mercredi,16:00,69,69277,"45,7279304","5,0212294",2,6,3,1,1,3,2,2,1,3,,,1,5,5,4,1,77,5,1,2,0,0,8,2,201900047371A01,10,2,1
201900047402,2019-05-28,2019,mai,mardi,11:30,1,01285,"45,9208300","4,8150830",2,9,3,1,1,4,2,2,1,4,,,1,0,1,3,1,73,5,1,2,0,2,7,1,201900047402B01,7,9,1
201900047404,2019-05-24,2019,mai,vendredi,15:00,1,01194,"45,9959490","4,7529720",2,6,3,1,1,3,1,1,1,1,,,1,0,1,4,1,63,3,2,,0,9,4,1,201900047404A01,7,1,1
201900047411,2019-05-01,2019,mai,mercredi,11:30,62,62338,"50,6449260","2,8486190",1,1,6,1,1,3,2,2,1,1,,,1,0,1,3,1,45,5,1,2,0,1,1,2,201900047411A01,,,
201900047423,2019-05-20,2019,mai,lundi,06:10,974,97414," -21,2772360","55,4366340",2,1,3,2,1,2,2,2,2,1,,,1,0,1,3,1,36,5,2,,0,2,1,1,201900047423A01,10,26,1
201900047428,2019-05-17,2019,mai,vendredi,12:10,51,51031,"49,1520560","4,3486084",1,1,2,1,1,3,2,2,1,1,,,1,0,1,4,1,61,1,2,,0,2,8,2,201900047428B01,7,17,1
201900047446,2019-05-18,2019,mai,samedi,09:30,72,72058,"47,9872590","0,2808740",2,1,3,1,2,9,2,2,1,3,,,2,0,1,3,1,26,5,2,,0,2,8,1,201900047446B01,7,15,1
201900047546,2019-05-29,2019,mai,mercredi,12:05,67,67447,"48,6094600","7,7652550",2,1,1,1,1,4,2, -1,1,1,,,1,5,1,4,1,13,2,2,,0,2,8,19,201900047546B01,7,1,1
201900047583,2019-06-13,2019,juin,jeudi,08:45,64,64132,"43,3034500"," -0,3222000",2,1,1,1,1,4,3,2,1,1,,,1,0,1,4,1,54,0,2,,0,2,1,5,201900047583A01,7,1,1
201900047584,2019-06-13,2019,juin,jeudi,08:00,64,64445,"43,2909500"," -0,3788500",2,1,3,1,1,4,2,2,1,1,,,1,0,1,1,1,42,1,1,2,0,2,1,13,201900047584A01,32,1,1
201900047586,2019-06-11,2019,juin,mardi,07:55,64,64284,"43,2835000"," -0,3864000",2,2,3,1,1,4,2,4,1,3,,,2,0,1,4,1,15,0,2,,0,2,4,16,201900047586B01,7,17,1
201900047591,2019-06-06,2019,juin,jeudi,15:45,64,64348,"43,3209611"," -0,3920649",2,6,3,1,1,3,1,2,1,2,,,1,0,1,4,1,60,0,2,,0,2,1,1,201900047591B01,7,16,1
201900047634,2019-06-14,2019,juin,vendredi,18:16,61,61169,"48,7470500"," -0,5471900",2,1,3,1,1,4,2,2,1,3,,,1,0,1,3,1,10,5,2,,0,2,1,19,201900047634B01,7,1,1
201900047714,2019-02-22,2019,février,vendredi,00:50,75,75118,"48,8943340","2,3453790",2,2,6,5,1,4,1,1,1,1,,,1,0,1,4,2,26,0,2,,0,2,4,1,201900047714A01,32,1,1
201900047727,2019-02-22,2019,février,vendredi,10:50,75,75115,"48,8332790","2,2703520",2,1,3,1,1,4,2,2,1,1,,,1,0,1,4,1,25,9,2,,0,2,8,9,201900047727A01,10,1,1
201900047729,2019-02-21,2019,février,jeudi,15:50,75,75115,"48,8366100","2,2813200",2,4,3,1,1,4,1,2,1,2,,,1,9,1,4,1,14,0,1,2,0,2,7,19,201900047729A01,7,1,1
201900047731,2019-02-19,2019,février,mardi,00:12,75,75114,"48,8317320","2,3239870",2,4,7,5,1,4,1,1,1,1,,,1,0,1,4,1,49,0,2,,0,0,0,1,201900047731A01,,,
201900047736,2019-02-23,2019,février,samedi,16:25,75,75111,"48,8551220","2,3871390",2,2,3,1,1,4,2,2,1,1,,,1,0,1,4,1,40,0,1,2,0,2,3,18,201900047736B01,7,22,1
201900047738,2019-02-21,2019,février,jeudi,16:50,75,75111,"48,8615830","2,3825830",2,2,3,1,1,4,1,1,2,1,,,1,0,1,4,2,53,5,1,2,0,2,7,1,201900047738B01,7,22,1
201900047739,2019-02-23,2019,février,samedi,19:05,75,75110,"48,8757790","2,3565200",2,3,6,5,1,4,2,4,1,1,,,1,6,1,1,1,20,5,1,2,0,1,0,1,201900047739A01,,,
201900047742,2019-02-20,2019,février,mercredi,10:10,75,75108,"48,8807990","2,3270600",2,3,5,1,1,4,1,2,2,1,,,1,0,1,4,2,39,1,1,2,1,2,2,13,201900047742B01,10,23/22,2
201900047753,2019-02-20,2019,février,mercredi,11:30,94,94037,"48,8149700","2,3522700",2,1,6,1,1,3,1,1,1,1,,,1,0,1,4,2,38,0,2,,1,0,1,2,201900047753B01,7,22,1
201900047833,2019-02-24,2019,février,dimanche,09:15,72,72260,"47,9336790","0,2777720",1,1,2,1,7,3,2,2,2,1,,,1,0,1,4,1,58,5,1,2,0,0,4,2,201900047833A01,7,2,1
201900047838,2019-02-24,2019,février,dimanche,11:10,77,77435,"48,5051100","2,5342100",2,1,3,1,1,3,2,2,1,1,,,1,0,1,3,2,53,5,1,2,0,2,1,1,201900047838B01,7,1,1
201900047841,2019-02-22,2019,février,vendredi,20:25,51,51232,"49,2831270","4,2098794",1,1,2,3,1,3,2,2,1,1,,,1,0,1,2,1,21,5,2,,0,0,4,1,201900047841B01,7,1,1
201900047888,2019-11-05,2019,novembre,mardi,08:55,68,68296,"48,2258930","7,3869930",1,2,3,1,1,3,2,2,1,1,,,1,0,1,3,2,67,5,1,2,0,2,8,19,201900047888A01,7,1,1
201900047891,2019-10-30,2019,octobre,mercredi,10:45,65,65328,"43,0764170","0,0694790",2,9,3,1,1,3,2,2,2,2,,,1,0,1,3,1,70,5,1,2,0,2,1,15,201900047891B01,7,1,1
201900047963,2019-11-02,2019,novembre,samedi,15:00,75,75115,"48,8383300","2,2939400",2,3,3,1,8,4,2,2,1,1,,,1,0,1,4,1,4,5,1,2,0,2,8,19,201900047963B01,30,1,1
201900047970,2019-11-02,2019,novembre,samedi,10:30,75,75109,"48,8820100","2,3465948",2,5,6,1,1,4,1,1,2,1,,,1,0,1,1,1,39,0,1,2,0,1,1,1,201900047970A01,,,
201900047981,2019-02-22,2019,février,vendredi,17:45,84,84069,"44,1839470","5,1243250",1,3,1,1,1,3,2,2,1,1,,,1,0,1,3,1,32,3,2,,0,2,0,15,201900047981A01,7,1,1
201900047992,2019-11-03,2019,novembre,dimanche,16:30,59,59094,"50,9423090","2,1953450",2,3,3,1,1,3,2,2,1,1,,,1,0,1,3,1,12,0,2,,0,2,8,26,201900047992B01,7,1,1
201900048014,2019-10-30,2019,octobre,mercredi,17:55,70,70428,"47,6473930","6,1378050",2,6,3,5,1,3, -1,1,1,3,,,2,0,1,4,1,49,5,1,2/4/9,0,2,7,16,201900048014B01,7,9,1
201900048025,2019-10-31,2019,octobre,jeudi,00:30,27,27044,"48,9404810","1,1149330",1,1,3,3,2,3,2,2,1,1,,,2,0,1,4,1,21,1,1,4/9,0,2,8,1,201900048025A01,0,17,1
201900048072,2019-01-08,2019,janvier,mardi,15:15,6,06088,"43,7123400","7,2617400",2,3,3,1,8,4,1,1,1,1,,,1,0,1,3,2,58,0,2,,0,2,1,1,201900048072A01,7,1,1
201900048098,2019-01-10,2019,janvier,jeudi,10:45,75,75105,"48,8437820","2,3523010",2,2,3,1,1,4,1,1,2,1,,,1,0,1,4,1,30,1,1,2,0,2,2,1,201900048098B01,10,1,1
201900048112,2019-01-12,2019,janvier,samedi,11:15,75,75117,"48,8854480","2,3164400",2,1,2,1,1,4,1,2,1,1,,,1,0,1,4,1,64,0,2,,0,2,1,1,201900048112A01,7,22,1