Num_Acc,date,an,mois,jour,hrmn,dep,com,lat,long,agg,int,col,lum,atm,catr,circ,nbv,prof,plan,lartpc,larrout,surf,infra,situ,grav,sexe,age,trajet,secuexist,equipement,obs,obsm,choc,manv,vehiculeid,typevehicules,manoeuvehicules,numVehicules
201900048118,2019-01-09,2019,janvier,mercredi,09:35,75,75117,"48,8954920","2,3112800",2,1,3,1,1,4,3,4,1,1,,,1,0,1,4,1,45,4,1,2,0,2,3,1,201900048118A01,7,1,1
201900048144,2019-01-10,2019,janvier,jeudi,16:00,75,75113,"48,8215540","2,3693840",2,2,3,1,1,4,1,1,1,1,,,1,0,1,4,1,57,1,1,2,0,2,1,1,201900048144A01,7,15,1
201900048161,2019-01-09,2019,janvier,mercredi,20:15,75,75110,"48,8701340","2,3665880",2,1,6,3,1,4,1,1,1,1,,,1,0,5,1,1,25,0,2,,0,1,1,1,201900048161A01,,,
201900048165,2019-01-09,2019,janvier,mercredi,00:23,75,75108,"48,8739300","2,3158920",2,2,3,5,1,4,1,1,2,1,,,1,0,1,3,1,44,0,1,2,0,2,0,1,201900048165A01,34,1,1
201900048181,2019-01-08,2019,janvier,mardi,14:00,75,75101,"48,8653120","2,3272570",2,3,3,1,8,4,1,0,1,1,,,1,0,5,4,1,57,5,1,2,0,2,1,1,201900048181B01,14,16,1
201900048228,2019-09-27,2019,septembre,vendredi,17:45,64,64492,"43,1242133"," -1,2450004",1,1,7,1,1,3, -1,2,2,1,,,1,0,3,2,1,62,5,1,2,13,0,1,1,201900048228A01,,,
201900048229,2019-09-23,2019,septembre,lundi,13:20,73,73096,"45,5288753","6,0894319",2,1,1,1,1,3,2,2,2,1,,,1,0,1,3,1,41,5,1,2,0,2,1,1,201900048229B01,7,15,1
201900048241,2019-09-28,2019,septembre,samedi,17:10,1,01281,"46,2636851","6,1025363",2,1,3,1,1,3,2,2,2,1,,,1,0,1,3,1,28,0,1,2,0,2,1,2,201900048241B01,7,15,1
201900048245,2019-09-28,2019,septembre,samedi,17:00,31,31486,"43,4211370","1,2815180",2,1,1,1,1,3,2,2,1,1,,,1,0,1,3,1,60,5,1,2,0,2,3,1,201900048245B01,7,1,1
201900048282,2019-09-26,2019,septembre,jeudi,12:45,69,69387,"45,7538200","4,8472200",2,1,6,1,1,4,2,4,1,1,,,1,0,1,1,1,26,0,2,,0,1,1,1,201900048282A01,,,
201900048300,2019-09-26,2019,septembre,jeudi,16:30,64,64445,"43,3179846"," -0,3183738",2,3,1,1,1,4,2,2,1,1,,,1,0,1,4,1,32,1,1,2,0,2,1,1,201900048300B01,7,19,1
201900048301,2019-09-22,2019,septembre,dimanche,03:50,62,62758,"50,7163380","1,6380570",2,1,7,3,3,4,2,2,4,1,,,2,9,1,3,1,42,0,1,2,0,0,0,26,201900048301A01,,,
201900048326,2019-09-26,2019,septembre,jeudi,10:30,32,32013,"43,6494900","0,5971700",2,1,2,1,1,3,2,6,2,1,,,1,0,1,4,1,70,5,2,,0,2,1,1,201900048326A01,99,1,1
201900048341,2019-09-26,2019,septembre,jeudi,10:10,75,75105,"48,8494060","2,3567876",2,4,3,1,1,4,1,2,1,1,,,1,8,1,4,2,64,0,1,2,0,2,8,16,201900048341B01,15,14,1
201900048344,2019-09-26,2019,septembre,jeudi,15:50,75,75119,"48,8846720","2,3798370",2,2,3,1,8,4,1,4,2,1,,,1,0,1,4,1,15,0,1,2,0,2,3,16,201900048344A01,7,1,1
201900048354,2019-09-24,2019,septembre,mardi,12:45,75,75102,"48,8689520","2,3494730",2,3,6,1,2,4,1,2,1,1,,,2,0,5,4,1,26,1,1,2,0,2,1,1,201900048354A01,7,15,1
201900048383,2019-09-12,2019,septembre,jeudi,14:00,68,68026,"48,1309900","7,3563950",2,1,6,1,1,3,2,2,4,1,,,1,0,4,4,1,67,5,2,,12,0,1,1,201900048383A01,,,
201900048416,2019-08-20,2019,août,mardi,15:09,87,87085,"45,8367500","1,2247200",2,1,7,1,1,4,2,2,1,2,,,1,0,1,4,1,15,5,2,,0,0,0,1,201900048416A01,,,
201900048424,2019-08-20,2019,août,mardi,14:55,80,80021,"49,8709400","2,2807800",2,1,3,1,1,4,2,4,3,1,,,1,0,1,4,1,22,1,2,,0,2,1,19,201900048424B01,7,1,1
201900048436,2019-08-22,2019,août,jeudi,08:30,67,67204,"48,6244500","7,7413900",1,1,6,1,1,7,2,2,1,1,,,1,9,1,1,1,25,1,2,,0,1,1,1,201900048436A01,,,
201900048439,2019-08-22,2019,août,jeudi,09:20,64,64129,"43,3010188"," -0,3942833",2,9,6,1,1,4,1,1,1,2,,,1,0,3,4,1,58,5,2,,0,2,1,1,201900048439B01,31,16,1
201900048450,2019-08-22,2019,août,jeudi,14:00,56,56098,"47,7667600"," -3,3421400",2,1,3,1,1,4,1,1,1,1,,,1,9,1,4,1,17,5,1,2,0,2,1,25,201900048450B01,20,26,1
201900048464,2019-08-20,2019,août,mardi,17:25,50,50416,"49,6556900"," -1,6994300",1,1,1,1,1,3,2,2,4,1,,,1,0,1,4,1,17,1,2,,0,2,1,1,201900048464A01,7,1,1
201900048472,2019-08-22,2019,août,jeudi,11:30,44,44184,"47,2565000"," -2,2588000",2,1,6,1,1,4,1,2,1,1,,,1,0,4,4,1,51,5,2,,0,1,1,25,201900048472A01,,,
201900048473,2019-08-24,2019,août,samedi,14:00,44,44114,"47,2434719"," -1,5977798",2,1,3,1,1,4,3,0,1,1,,,1,0,1,4,2,49,5,2,,0,2,8,1,201900048473A01,7,1,1
201900048543,2019-08-23,2019,août,vendredi,09:37,75,75119,"48,8827862","2,3702819",2,7,6,1,1,4,3,3,1,1,,,1,0,1,4,1,17,0,1,2,12,0,1,14,201900048543A01,,,
201900048547,2019-08-24,2019,août,samedi,18:35,75,75114,"48,8230617","2,3254943",2,7,6,1,1,4,2,8,1,1,,,1,0,1,3,1,24,0,1,2,14,0,1,14,201900048547A01,,,
201900048554,2019-08-22,2019,août,jeudi,08:20,75,75113,"48,8216993","2,3693634",2,2,3,1,1,4,1,1,1,1,,,1,0,1,4,1,38,0,1,2,0,2,8,1,201900048554A01,7,1,1
201900048555,2019-08-24,2019,août,samedi,08:50,75,75112,"48,8206080","2,4453540",2,3,3,1,1,4,2,2,1,1,,,1,0,1,4,1,82,5,1,2,0,2,1,1,201900048555B01,7,1,1
201900048558,2019-08-22,2019,août,jeudi,16:05,75,75110,"48,8806240","2,3620100",2,2,3,1,1,4,1,1,2,1,,,1,0,1,4,1,30,0,1,2,0,2,6,1,201900048558A01,33,1,1
201900048569,2019-07-17,2019,juillet,mercredi,10:45,5,05079,"45,0289810","6,4463510",1,1,3,1,1,3,2,2,2,1,,,1,0,1,4,1,71,5,1,2,0,2,8,2,201900048569B01,33,2,1
201900048578,2019-07-16,2019,juillet,mardi,07:50,33,33274,"44,7181900"," -0,5395800",2,6,3,1,1,3,2,2,1,2,,,1,5,1,1,2,1,0,1,2/3,0,2,8,9,201900048578B01,7,1,1
201900048578,2019-07-16,2019,juillet,mardi,07:50,33,33274,"44,7181900"," -0,5395800",2,6,3,1,1,3,2,2,1,2,,,1,5,1,3,2,29,1,2,,0,2,8,9,201900048578B01,7,1,1
201900048581,2019-07-15,2019,juillet,lundi,21:45,22,22162,"48,7654750"," -3,0583050",1,1,1,1,1,4,2,2,1,1,,,1,0,1,3,1,12,5,2,,0,2,1,17,201900048581B01,7,1,1
201900048582,2019-07-10,2019,juillet,mercredi,17:34,22,22093,"48,4667625"," -2,5081245",2,6,3,1,1,3,1,1,1,3,,,1,5,1,3,2,44,5,2,,0,2,1,15,201900048582B01,7,9,1
201900048583,2019-07-16,2019,juillet,mardi,22:00,35,35236,"47,6532070"," -2,0979910",2,1,2,2,1,3,2,2,2,1,,,1,0,1,4,1,46,5,2,,0,2,4,2,201900048583A01,33,17,1
201900048619,2019-07-15,2019,juillet,lundi,09:50,91,91201,"48,6818100","2,4051300",2,3,1,1,1,4,2,2,3,1,,,1,8,3,4,1,56,1,2,,0,2,1,2,201900048619B01,7,15,1
201900048637,2019-07-14,2019,juillet,dimanche,19:09,74,74013,"46,3553500","6,4473700",1,1,6,1,1,4,2,2,1,1,,,1,0,1,3,1,15,5,1,2,12,0,0,25,201900048637B01,7,13,1
201900048641,2019-07-12,2019,juillet,vendredi,14:15,67,67482,"48,5849230","7,7404760",2,1,6,1,1,4,3,2,1,1,,,1,0,1,4,2,27,0,2,,0,1,1,1,201900048641A01,,,
201900048685,2019-04-01,2019,avril,lundi,05:18,92,92050,"48,9056610","2,2102510",2,1,3,5,1,3,2,2,1,1,,,1,0,1,4,1,79,0,2,,0,2,1,25,201900048685A01,7,9,1
201900048703,2019-03-31,2019,mars,dimanche,12:15,31,31053,"43,6560190","1,5548000",1,1,3,1,1,3,2,2,2,2,,,1,0,1,3,1,54,5,1,2,0,2,8,2,201900048703B01,7,17,1
201900048707,2019-04-02,2019,avril,mardi,06:50,10,10263,"48,2703750","3,7816670",1,1,2,3,2,3,2,2,2,1,,,2,0,1,2,1,25,1,2,,0,0,4,1,201900048707B01,7,1,1
201900048709,2019-03-22,2019,mars,vendredi,09:38,10,10349,"48,3163370","3,9706660",1,1,2,1,1,3,2,2,2,1,,,1,0,1,2,1,46,5,1,2,0,0,4,2,201900048709B01,7,2,1
201900048714,2019-03-21,2019,mars,jeudi,17:20,974,97404," -21,2675010","55,3346900",2,3,3,1,1,2,2,2,1,2,,,1,0,5,4,2,69,5,1,2,0,2,1,26,201900048714A01,7,26,1
201900048718,2019-04-02,2019,avril,mardi,05:30,83,83004,"43,4574670","6,4882800",1,1,1,3,1,4,2,2,1,1,,,1,0,1,4,1,41,1,2,,0,2,1,1,201900048718B01,1,1,1
201900048718,2019-04-02,2019,avril,mardi,05:30,83,83004,"43,4574670","6,4882800",1,1,1,3,1,4,2,2,1,1,,,1,0,1,4,1,25,1,2,,0,9,1,1,201900048718A01,1,1,1
201900048749,2019-03-21,2019,mars,jeudi,17:45,19,19289,"45,2042490","1,3910830",1,1,1,1,1,4,3,2,1,1,,,1,0,1,4,1,25,5,1,2,0,2,1,5,201900048749A01,7,5,1
201900048755,2019-04-01,2019,avril,lundi,18:15,82,82096,"44,0276380","1,2059530",1,2,3,1,1,3,2,2,1,1,,,1,0,1,3,2,79,5,2,,0,2,3,19,201900048755B01,7,21,1
201900048795,2019-03-30,2019,mars,samedi,11:50,38,38130,"45,3932170","5,2653400",2,3,3,1,1,3,2,2,1,1,,,1,0,1,4,1,52,5,1,2,0,2,1,9,201900048795B01,7,2,1
201900048812,2019-03-31,2019,mars,dimanche,18:40,72,72020,"48,2345796","0,6522596",1,9,7,1,1,3,2,2,2,2,,,1,0,1,3,1,15,5,1,2,0,0,7,1,201900048812A01,,,
201900048831,2019-06-23,2019,juin,dimanche,09:00,6,06095,"43,6401270","6,8935020",2,3,6,1,7,4,3,2,2,3,,,1,0,1,4,1,80,5,2,,0,1,1,16,201900048831A01,,,
201900048850,2019-07-16,2019,juillet,mardi,08:30,62,62297,"50,8047130","2,1473820",2,3,2,1,1,3,2,2,2,2,,,1,0,1,3,1,75,5,1,2,0,0,4,2,201900048850B01,7,9,1
201900048861,2019-04-01,2019,avril,lundi,14:10,13,13032,"43,5683470","5,3539110",1,1,2,1,1,3,2,2,1,1,,,1,0,1,4,1,70,5,1,2,0,0,4,2,201900048861B01,10,2,1
201900048862,2019-07-16,2019,juillet,mardi,09:10,56,56123,"47,6912313"," -2,3429310",1,4,3,1,7,3,2,2,4,4,,,1,0,1,2,1,68,5,1,2,0,2,1,1,201900048862B01,7,15,1
201900048895,2019-04-01,2019,avril,lundi,10:30,25,25097,"47,5290150","6,8564840",1,1,2,1,1,3,2,2,2,1,,,1,0,1,3,1,58,5,1,2,0,2,8,1,201900048895B01,7,17,1
201900048906,2019-04-01,2019,avril,lundi,16:25,17,17064,"45,7126370"," -1,0492400",1,1,7,1,1,4,2,2,1,1,,,1,0,3,2,1,70,5,1,2,0,0,0,1,201900048906A01,,,
201900048909,2019-03-20,2019,mars,mercredi,11:00,49,49301,"47,1195450"," -0,9951230",2,1,6,1,1,3,2,2,1,1,,,1,0,5,3,1,69,5,1,2/4/6,0,6,1,1,201900048909A01,,,
201900048939,2019-05-31,2019,mai,vendredi,09:30,83,83120,"43,3827140","5,7065750",2,1,2,1,1,3,2,2,1,2,,,1,5,1,3,2,55,5,2,,0,2,8,15,201900048939B01,7,4,1
201900048945,2019-05-12,2019,mai,dimanche,12:20,31,31588,"43,5255750","1,3449760",2,3,3,1,1,3,2,2,1,1,,,1,0,1,3,1,69,5,1,2,0,2,8,15,201900048945B01,7,9,1
201900048947,2019-05-26,2019,mai,dimanche,10:00,57,57260,"49,1828620","7,0334780",1,1,6,1,1,9,2,2,1,1,,,1,0,5,4,1,60,5,1,2/6,0,1,1,2,201900048947A01,,,
201900048947,2019-05-26,2019,mai,dimanche,10:00,57,57260,"49,1828620","7,0334780",1,1,6,1,1,9,2,2,1,1,,,1,0,5,1,1,51,5,2,,0,1,1,2,201900048947A01,,,
201900048966,2019-05-03,2019,mai,vendredi,14:25,51,51362,"49,2952990","3,9455876",2,3,1,1,8,3,2,2,2,3,,,1,0,1,4,1,59,5,1,2,0,2,1,16,201900048966A01,7,1,1
201900048969,2019-05-20,2019,mai,lundi,11:00,19,19252,"45,4171490","2,4588690",1,1,3,1,2,3,2,2,1,1,,,2,0,1,4,1,71,5,1,2,0,2,8,2,201900048969B01,7,2,1
201900048981,2019-05-29,2019,mai,mercredi,16:10,56,56169,"47,6979460"," -3,2528740",2,1,3,1,1,3,2,2,1,1,,,1,0,1,4,1,16,5,1,2/9,0,2,7,1,201900048981B01,7,22,1
201900048982,2019-05-26,2019,mai,dimanche,10:45,56,56169,"47,6817000"," -3,2102000",2,6,3,1,1,3,1,1,1,2,,,1,5,1,4,1,59,5,1,2,0,2,7,13,201900048982B01,7,2,1
201900048984,2019-05-15,2019,mai,mercredi,15:15,56,56177,"47,7827750"," -3,0127720",2,3,6,1,1,4,2,2,1,3,,,1,1,1,2,1,36,5,2,,0,1,1,16,201900048984A01,,,
201900048990,2019-05-20,2019,mai,lundi,08:30,56,56240,"47,5193210"," -2,6614450",1,1,2,2,1,3,2,2,1,3,,,1,9,1,3,1,66,5,1,2,0,0,4,2,201900048990B01,7,2,1
201900048993,2019-05-20,2019,mai,lundi,09:20,56,56184,"47,6220500"," -2,4063120",1,2,2,1,1,3,4,2,1,1,,,1,5,1,3,1,76,5,1,2,0,2,4,15,201900048993B01,7,1,1
201900049009,2019-05-20,2019,mai,lundi,12:00,67,67281,"48,1579480","7,5491750",2,3,3,1,1,4,2,2,1,1,,,1,0,1,4,1,10,2,2,,0,2,1,19,201900049009B01,7,1,1
201900049013,2019-05-05,2019,mai,dimanche,09:30,76,76015,"49,8304580","0,7941340",2,9,6,1,1,3,2,2,1,1,,,1,0,1,3,1,44,5,1,2,0,9,1,1,201900049013B01,1,26,1
201900049013,2019-05-05,2019,mai,dimanche,09:30,76,76015,"49,8304580","0,7941340",2,9,6,1,1,3,2,2,1,1,,,1,0,1,1,1,35,5,1,2,0,0,0,26,201900049013A01,1,1,1
201900049066,2019-05-21,2019,mai,mardi,17:35,65,65401,"43,1822137","0,1020803",2,1,2,1,1,3,2,2,1,1,,,1,0,1,3,1,72,5,1,2,0,0,0,2,201900049066B01,1,2,1
201900049066,2019-05-21,2019,mai,mardi,17:35,65,65401,"43,1822137","0,1020803",2,1,2,1,1,3,2,2,1,1,,,1,0,1,3,1,67,5,1,2,0,2,0,2,201900049066A01,1,2,1
201900049162,2019-05-18,2019,mai,samedi,10:30,63,63089,"45,8606980","3,2371130",1,1,6,1,2,3,2,2,2,1,,,2,0,1,1,1,56,5,1,2,0,0,0,1,201900049162B01,1,1,1
201900049162,2019-05-18,2019,mai,samedi,10:30,63,63089,"45,8606980","3,2371130",1,1,6,1,2,3,2,2,2,1,,,2,0,1,3,1,46,5,1,2,0,9,8,1,201900049162A01,1,1,1
201900049227,2019-12-05,2019,décembre,jeudi,11:50,45,45234,"47,9083400","1,9068300",2,3,3,1,1,4,4,4,1,1,,,1,0,1,4,2,49,0,2,,0,2,2,19,201900049227B01,7,14,1
201900049270,2019-12-06,2019,décembre,vendredi,13:05,75,75120,"48,8539820","2,4026210",2,2,3,1,2,4,1,1,1,1,,,2,0,1,4,2,62,5,1,2,0,2,1,1,201900049270B01,7,1,1
201900049278,2019-12-06,2019,décembre,vendredi,07:35,75,75114,"48,8204050","2,3388110",2,1,7,2,8,4,3,2,2,1,,,2,0,5,3,1,39,1,1,2,0,0,0,1,201900049278A01,,,
201900049281,2019-12-06,2019,décembre,vendredi,06:20,75,75111,"48,8685290","2,3671670",2,1,3,5,1,4,3,2,1,1,,,1,0,1,4,1,31,1,1,2,0,2,8,13,201900049281A01,30,1,1
201900049283,2019-12-06,2019,décembre,vendredi,10:10,75,75110,"48,8765210","2,3558590",2,4,6,1,2,4,2,4,2,1,,,2,0,5,4,1,31,0,1,2,1,0,3,13,201900049283A01,,,
201900049314,2019-06-05,2019,juin,mercredi,08:00,56,56121,"47,7557400"," -3,3638200",2,8,3,1,1,4,2,4,1,1,,,1,4,1,4,1,54,5,1,2,0,2,7,1,201900049314B01,30,10,1
201900049333,2019-06-16,2019,juin,dimanche,10:55,54,54469,"49,1756900","5,9982200",1,4,3,1,7,3,2,2,1,1,,,1,0,1,3,1,49,5,1,2,0,2,1,1,201900049333B01,7,15,1
201900049410,2019-06-14,2019,juin,vendredi,15:45,45,45147,"47,9347298","1,9090564",2,2,3,1,1,4,2,2,1,1,,,1,0,1,4,2,66,9,2,,0,2,1,0,201900049410B01,7,16,1
201900049433,2019-06-01,2019,juin,samedi,19:30,45,45208,"47,9994800","2,7210800",2,2,3,1,1,4,2,2,1,1,,,1,0,1,4,1,19,0,2,,0,2,8,13,201900049433A01,7,1,1
201900049438,2019-06-02,2019,juin,dimanche,10:35,44,44184,"47,2564600"," -2,2629400",2,1,3,1,1,4,2,2,1,1,,,1,0,1,4,1,65,5,1,2,0,2,1,1,201900049438B01,7,20,1
201900049440,2019-06-16,2019,juin,dimanche,03:05,44,44109,"47,2040100"," -1,5662300",2,1,7,5,1,4,2,0,1,1,,,1,0,1,4,2,25,5,2,,0,0,0,0,201900049440A01,,,
201900049443,2019-06-13,2019,juin,jeudi,19:00,44,44162,"47,2208100"," -1,6299800",2,1,3,1,1,4,1,0,1,1,,,1,0,1,4,1,42,1,1,2,0,2,8,1,201900049443B01,7,16,1
201900049444,2019-06-13,2019,juin,jeudi,17:20,44,44143,"47,1771100"," -1,5441500",2,1,2,1,1,4,2,0,1,1,,,1,0,1,4,1,35,5,1,2,0,2,1,1,201900049444A01,10,23,1
201900049445,2019-06-13,2019,juin,jeudi,12:10,44,44109,"47,2519700"," -1,5512800",2,1,2,1,1,4,2,0,1,1,,,1,0,1,3,1,20,1,2,,0,2,1,1,201900049445A01,7,26,1
201900049447,2019-06-03,2019,juin,lundi,14:05,44,44109,"47,2175100"," -1,6042400",2,1,7,1,1,4, -1,0,1,1,,,1,0,1,4,1,61,0,2,,0,0,0,1,201900049447A01,,,
201900049484,2019-02-22,2019,février,vendredi,11:30,80,80443,"49,8427290","1,9132120",1,1,3,1,1,3,2,2,1,1,,,1,0,1,3,1,71,5,1,2,0,2,8,2,201900049484B01,7,2,1
201900049492,2019-02-21,2019,février,jeudi,16:45,71,71514,"46,7318480","5,2777420",1,1,3,1,1,3,2,2,2,2,,,1,0,1,3,1,80,5,1,4,0,2,8,10,201900049492A01,33,1,1
201900049515,2019-02-23,2019,février,samedi,14:15,26,26144,"44,7567880","4,8497190",1,1,1,1,1,3,2,2,1,1,,,1,0,1,2,2,55,5,2,,0,2,1,1,201900049515B01,7,5,1
201900049531,2019-02-23,2019,février,samedi,15:10,73,73270,"45,5616819","6,1542868",2,2,3,1,1,3,2,2,2,1,,,1,5,1,3,1,46,5,1,2,0,2,2,1,201900049531B01,7,15,1
201900049535,2019-02-23,2019,février,samedi,10:05,7,07260,"44,6930400","4,7109170",1,1,2,1,1,3,2,2,1,3,,,1,0,1,3,2,37,5,2,,0,0,6,2,201900049535B01,7,2,1
201900049561,2019-02-20,2019,février,mercredi,16:50,971,97103,"16,2419030"," -61,6218470",1,3,3,1,1,4,2,2,4,3,,,1,0,1,3,1,15,5,2,,0,2,3,15,201900049561A01,7,1,1
201900049565,2019-02-22,2019,février,vendredi,17:30,974,97403," -21,2495630","55,4707640",2,1,6,1,1,9,2,2,1,2,,,2,0,1,1,1,17,5,2,,0,1,1,1,201900049565A01,,,
201900049597,2019-02-22,2019,février,vendredi,15:30,44,44103,"47,3328250"," -2,1780870",2,2,6,1,1,4,2,2,1,1,,,1,5,5,4,2,62,5,2,,0,2,7,1,201900049597B01,,,
201900049657,2019-02-20,2019,février,mercredi,07:00,69,69388,"45,7446500","4,8679000",2,1,6,2,1,4,2,3,1,1,,,1,0,1,4,2,29,1,1,2,1,0,0,0,201900049657B01,7,24,1
201900049670,2019-11-03,2019,novembre,dimanche,08:40,34,34202,"43,5801140","3,7675690",2,9,3,1,2,4,2,2,1,3,,,2,5,1,4,1,77,5,1,2,0,2,8,19,201900049670B01,7,1,1
201900049741,2019-10-28,2019,octobre,lundi,05:40,64,64122,"43,4780300"," -1,5666300",2,1,7,3,1,5, -1,1,1,1,,,1,6,4,2,1,74,5,1,2,11,0,1,1,201900049741A01,,,
201900049750,2019-10-29,2019,octobre,mardi,19:00,44,44109,"47,1988200"," -1,5840700",2,1,2,5,2,4,2,0,1,1,,,2,0,1,3,2,35,0,2,,0,2,8,19,201900049750B01,7,1,1
201900049772,2019-10-28,2019,octobre,lundi,20:10,75,75120,"48,8739368","2,3853622",2,5,6,5,1,4,2,2,2,1,,,1,0,1,4,1,28,5,1,2,0,2,7,1,201900049772A01,7,15,1
201900049773,2019-10-29,2019,octobre,mardi,09:05,75,75118,"48,8868708","2,3596372",2,3,3,1,2,4,2,4,1,1,,,2,5,1,4,1,14,5,2,,0,2,8,9,201900049773B01,37,1,1
201900049782,2019-10-29,2019,octobre,mardi,08:00,75,75108,"48,8640686","2,3201196",2,7,3,1,2,4,2,6,1,1,,,2,8,1,4,1,51,5,1,2,0,2,8,1,201900049782A01,7,1,1
201900049783,2019-10-28,2019,octobre,lundi,21:20,75,75108,"48,8715057","2,3231129",2,2,6,5,1,4,1,1,1,1,,,1,0,1,1,1,27,5,1,2,0,1,1,1,201900049783A01,,,
201900049802,2019-10-25,2019,octobre,vendredi,15:35,86,86224,"46,9007110","0,4087210",2,1,3,1,1,4,2,2,1,2,,,1,0,1,3,1,11,5,2,,0,2,3,0,201900049802B01,7,2,1
201900049807,2019-10-30,2019,octobre,mercredi,16:00,59,59478,"50,9594650","2,4336500",2,1,3,1,1,3,2,2,1,1,,,1,9,1,3,1,12,5,2,,0,2,8,25,201900049807A01,14,1,1
201900049811,2019-10-29,2019,octobre,mardi,14:20,87,87202,"45,8927680","1,1116120",1,1,3,1,1,4,2,2,2,1,,,1,0,1,2,1,73,5,1,2,0,0,8,1,201900049811B01,1,21,1
201900049811,2019-10-29,2019,octobre,mardi,14:20,87,87202,"45,8927680","1,1116120",1,1,3,1,1,4,2,2,2,1,,,1,0,1,4,1,69,5,1,2,0,9,1,21,201900049811A01,1,1,1
201900049849,2019-10-28,2019,octobre,lundi,11:15,35,35352,"48,0453090"," -1,6016740",2,3,2,1,3,4,2,2,2,1,,,2,0,1,4,2,54,3,2,,0,2,4,15,201900049849A01,2,17,1
201900049869,2019-01-10,2019,janvier,jeudi,10:41,6,06161,"43,6429260","7,1435270",2,1,6,1,1,4,2,2,2,1,,,1,9,1,4,1,48,9,2,,0,0,3,1,201900049869A01,,,
201900049918,2019-01-13,2019,janvier,dimanche,11:40,82,82184,"44,0075350","1,5212240",1,1,2,1,2,3,2,2,1,1,,,2,0,1,3,1,42,5,1,2/4/6,0,2,4,13,201900049918B01,7,17,1
201900049932,2019-01-07,2019,janvier,lundi,18:45,49,49045,"47,3605330","0,0282450",1,1,2,3,8,3,2,2,1,1,,,2,0,1,4,1,28,1,1,4,0,0,4,0,201900049932B01,7,1,1
201900049981,2019-01-12,2019,janvier,samedi,14:40,4,04166,"43,8185980","6,0905560",2,3,3,1,1,3,2,2,1,3,,,1,0,1,4,1,23,5,2,,0,2,1,9,201900049981A01,7,15,1
201900050038,2019-09-22,2019,septembre,dimanche,15:55,14,14370,"49,2425760"," -0,8725360",2,1,6,1,1,3,2, -1,1,1,,,1,0,1,1,1,45, -1,1,2,0,1,1,1,201900050038A01,,,
201900050110,2019-09-19,2019,septembre,jeudi,09:10,91,91228,"48,6403000","2,4290600",1,9,3,1,1,2,1,1,1,1,,,1,0,1,4,1,29,1,1,2,0,2,2,19,201900050110B01,7,14,1
201900050177,2019-09-25,2019,septembre,mercredi,14:25,75,75119,"48,9008494","2,3889440",2,4,6,1,1,4,1,3,1,1,,,1,0,5,1,1,20,4,1,2,0,1,8,1,201900050177A01,,,
201900050184,2019-09-24,2019,septembre,mardi,12:18,75,75112,"48,8416730","2,3933990",2,1,6,1,2,4,2,2,1,1,,,2,0,1,4,2,21,0,1,2,0,2,0,1,201900050184A01,10,13,1
201900050191,2019-09-24,2019,septembre,mardi,08:50,75,75109,"48,8721277","2,3391918",2,3,3,1,8,4,1,2,1,1,,,1,0,1,1,1,49,0,1,2,0,2,6,1,201900050191B01,30,17,1
201900050213,2019-09-25,2019,septembre,mercredi,20:05,86,86165,"46,4196280","0,8764400",1,1,2,3,2,3,2,2,1,1,,,2,0,1,3,1,42,1,2,,0,0,8,2,201900050213B01,7,17,1
201900050214,2019-09-26,2019,septembre,jeudi,16:00,54,54090,"48,7471630","6,1663280",1,2,4,1,8,3,2,2,1,1,,,2,5,1,4,1,44,5,1,2,0,2,8,18,201900050214C01,99/ 14,16,2
201900050216,2019-08-22,2019,août,jeudi,13:50,94,94073,"48,7665100","2,3934200",2,2,6,1,1,4,2,2,1,1,,,1,0,3,3,1,29,1,1,2,0,2,8,15,201900050216B01,,,
201900050243,2019-08-21,2019,août,mercredi,07:05,92,92072,"48,8287045","2,2241014",2,1,2,1,8,3,2,6,1,1,,,1,9,1,4,1,36,1,1,2/6,0,2,1,1,201900050243B01,7,23,1
201900050268,2019-08-23,2019,août,vendredi,17:05,17,17425,"45,6044370"," -0,9114830",1,1,3,1,1,4,2,4,1,1,,,1,6,1,3,1,68,5,2,,0,2,8,19,201900050268A01,7,1,1
201900050280,2019-08-22,2019,août,jeudi,21:15,63,63061,"45,9924310","3,2473480",1,1,2,3,1,3,2,2,1,1,,,1,0,1,2,1,19,5,2,,0,2,8,0,201900050280A01,0,0,1
201900050282,2019-08-22,2019,août,jeudi,17:00,83,83048,"43,2062180","6,5664660",2,1,3,1,1,4,2,2,1,1,,,1,0,1,3,1,50,1,2,,0,2,1,1,201900050282B01,7,15,1
201900050294,2019-08-23,2019,août,vendredi,16:10,57,57097,"49,1845870","6,4930330",2,2,6,1,1,4,2,2,1,1,,,1,0,1,3,1,16,5,2,,0,2,8,19,201900050294B01,7,1,1
201900050326,2019-08-22,2019,août,jeudi,10:25,49,49238,"47,5252580"," -0,4349700",2,1,4,1,1,3,2,2,1,1,,,1,9,1,1,1,53,5,1,2,0,9,7,2,201900050326C01,1,2,2
201900050326,2019-08-22,2019,août,jeudi,10:25,49,49238,"47,5252580"," -0,4349700",2,1,4,1,1,3,2,2,1,1,,,1,9,1,3,1,74,5,1,2,0,9,7,2,201900050326B01,1,2,2