Num_Acc,date,an,mois,jour,hrmn,dep,com,lat,long,agg,int,col,lum,atm,catr,circ,nbv,prof,plan,lartpc,larrout,surf,infra,situ,grav,sexe,age,trajet,secuexist,equipement,obs,obsm,choc,manv,vehiculeid,typevehicules,manoeuvehicules,numVehicules
201900050326,2019-08-22,2019,août,jeudi,10:25,49,49238,"47,5252580"," -0,4349700",2,1,4,1,1,3,2,2,1,1,,,1,9,1,3,1,70,5,1,2,14,0,1,2,201900050326A01,1,2,2
201900050330,2019-08-24,2019,août,samedi,11:50,68,68126,"47,5656520","7,5342300",1,3,3,1,1,3,2,2,1,1,,,1,0,1,3,2,74,5,2,,0,2,2,1,201900050330B01,7,16,1
201900050336,2019-08-24,2019,août,samedi,18:42,25,25111,"47,2715200","6,0847840",1,6,3,1,7,3,1,1,1,2,,,1,5,1,3,2,50,5,1,4,0,0,4,2,201900050336B01,7,9,1
201900050398,2019-08-23,2019,août,vendredi,18:05,68,68118,"47,7300350","7,4165110",2,1,3,1,1,3,2,2,1,1,,,1,0,1,4,1,70,3,2,,0,0,3,1,201900050398B01,10,17,1
201900050405,2019-08-24,2019,août,samedi,12:10,95,95409,"49,0436990","2,3390210",2,1,3,1,1,3,2,2,1,2,,,1,2,1,4,1,25,1,2,,0,2,1,1,201900050405B01,7,15,1
201900050434,2019-03-30,2019,mars,samedi,18:09,75,75116,"48,8619740","2,2304020",2,3,7,1,1,4,1,1,1,3,,,1,9,1,3,1,36,5,2,,0,0,0,1,201900050434A01,,,
201900050436,2019-07-13,2019,juillet,samedi,08:55,31,31451,"43,4583220","2,0102670",2,2,3,1,1,4,2,2,1,1,,,1,0,1,4,2,82,3,2,,0,2,8,1,201900050436B01,7,1,1
201900050447,2019-03-31,2019,mars,dimanche,14:40,75,75112,"48,8279850","2,4438910",2,2,3,1,1,4,1,1,1,1,,,1,0,5,4,1,56,5,1,2,0,2,7,1,201900050447A01,1,1,1
201900050447,2019-03-31,2019,mars,dimanche,14:40,75,75112,"48,8279850","2,4438910",2,2,3,1,1,4,1,1,1,1,,,1,0,5,1,1,38,5,2,,0,2,0,1,201900050447B01,1,1,1
201900050452,2019-03-31,2019,mars,dimanche,13:35,75,75108,"48,8767690","2,3268970",2,1,3,1,1,4,1,2,2,1,,,1,0,1,4,2,20,5,2,,1,2,8,1,201900050452B01,7,22,1
201900050453,2019-03-31,2019,mars,dimanche,18:25,75,75107,"48,8517100","2,3235220",2,2,3,1,1,4,1,1,1,1,,,1,0,1,4,1,76,5,1,2,0,2,8,1,201900050453B01,7,9,1
201900050455,2019-03-30,2019,mars,samedi,08:45,75,75101,"48,8632830","2,3463230",2,3,3,1,1,4,1,1,1,1,,,1,0,5,4,2,26,1,1,2,0,2,0,1,201900050455B01,30,9,1
201900050456,2019-07-03,2019,juillet,mercredi,16:30,60,60636,"49,4743294","2,8832737",2,3,3,1,1,3,2,2,1,1,,,1,0,1,4,1,51,5,1,2,0,2,1,18,201900050456B01,7,15,1
201900050467,2019-07-16,2019,juillet,mardi,11:45,48,48003,"44,5395790","3,6582630",2,3,1,1,1,4,2,2,2,1,,,1,0,1,4,1,14,5,1,2,0,2,1,16,201900050467A01,7,1,1
201900050492,2019-07-16,2019,juillet,mardi,10:10,71,71510,"46,2624560","4,0906060",1,1,6,1,1,3,2,2,2,2,,,1,0,1,3,1,70,5,1,2/6,0,0,0,1,201900050492A01,1,1,1
201900050492,2019-07-16,2019,juillet,mardi,10:10,71,71510,"46,2624560","4,0906060",1,1,6,1,1,3,2,2,2,2,,,1,0,1,4,1,66,5,1,2/6,0,2,1,1,201900050492B01,1,1,1
201900050529,2019-03-29,2019,mars,vendredi,08:35,988,98818," -22,2726200","166,4403000",2,2,6,1,1,4,1,1,1,1,,,1,0,1,1,1,51,0,2,,0,1,8,5,201900050529A01,,,
201900050562,2019-07-14,2019,juillet,dimanche,08:50,77,77407,"48,5361700","2,5341800",2,1,2,1,1,4,2,2,2,1,,,1,0,1,2,1,62,5,1,2,0,2,1,2,201900050562A01,1,2,1
201900050562,2019-07-14,2019,juillet,dimanche,08:50,77,77407,"48,5361700","2,5341800",2,1,2,1,1,4,2,2,2,1,,,1,0,1,1,1,46,5,1,2,0,2,4,2,201900050562B01,1,2,1
201900050626,2019-07-14,2019,juillet,dimanche,12:10,22,22021,"48,3925740"," -2,1266970",1,1,2,1,1,3,2,2,1,1,,,1,0,1,3,1,51,5,1,2,0,0,4,2,201900050626B01,7,2,1
201900050630,2019-06-17,2019,juin,lundi,13:16,84,84069,"44,1607070","5,1468720",1,1,3,1,1,3,2,2,2,3,,,1,0,1,3,1,46,0,1,2,0,2,3,13,201900050630A01,7,1,1
201900050650,2019-07-13,2019,juillet,samedi,11:25,11,11020,"42,9559440","2,4941390",1,1,1,1,1,3,2,2,2,3,,,1,0,1,4,1,58,5,1,2,0,0,1,1,201900050650B01,33,13,1
201900050663,2019-07-15,2019,juillet,lundi,15:25,68,68082,"47,8650320","7,3453160",2,3,3,1,1,3,2,2,1,1,,,1,5,1,4,1,59,0,2,,0,0,3,19,201900050663A01,7,1,1
201900050678,2019-03-29,2019,mars,vendredi,11:10,69,69282,"45,7684300","4,9911600",2,6,3,1,1,4,3,4,1,1,,,1,0,1,4,2,78,5,2,,0,2,4,6,201900050678B01,7,16,1
201900050721,2019-03-29,2019,mars,vendredi,06:15,64,64445,"43,3035400"," -0,3604100",2,1,1,2,1,4,2,2,1,1,,,1,0,1,4,2,23,1,2,,0,2,1,1,201900050721B01,7,26,1
201900050723,2019-07-13,2019,juillet,samedi,21:40,973,97305,"4,9421281"," -52,4138832",1,1,1,3,1,2,2,2,1,1,,,1,0,6,3,1,43,0,2,,0,2,7,15,201900050723B01,7,1,1
201900050727,2019-07-14,2019,juillet,dimanche,09:15,37,37089,"47,1606310","0,3299500",2,1,3,1,1,3,2,2,2,3,,,1,0,1,3,1,32,5,1,2,0,2,1,1,201900050727B01,7,15,1
201900050746,2019-07-09,2019,juillet,mardi,14:30,59,59268,"50,6399540","2,7201910",2,1,6,1,1,3,2,2,1,1,,,1,0,1,3,2,21,5,2,,1,0,1,1,201900050746B01,7,22,1
201900050784,2019-05-24,2019,mai,vendredi,17:20,61,61072,"48,9644150","0,2684750",1,1,2,1,1,3,2,2,4,1,,,1,0,1,4,1,64,5,1,2/9,0,2,1,2,201900050784B01,1,1,1
201900050784,2019-05-24,2019,mai,vendredi,17:20,61,61072,"48,9644150","0,2684750",1,1,2,1,1,3,2,2,4,1,,,1,0,1,3,1,62,5,1,2/9,0,0,4,1,201900050784A01,1,2,1
201900050794,2019-05-03,2019,mai,vendredi,17:40,49,49176,"47,6280020"," -0,7235060",2,9,6,1,1,4,2,2,1,1,,,1,0,1,3,1,13,9,1,2,0,2,1,1,201900050794A01,7,4,1
201900050819,2019-05-06,2019,mai,lundi,15:00,46,46203,"44,7397750","2,0170500",2,1,6,1,1,3,2,2,1,1,,,1,0,1,3,1,79,5,2,,0,0,7,1,201900050819A01,,,
201900050860,2019-04-11,2019,avril,jeudi,15:55,68,68374,"48,0882170","7,3161910",2,3,3,1,1,4,2,2,1,1,,,1,0,1,4,1,40,5,2,,0,2,1,21,201900050860B01,7,26,1
201900050869,2019-05-25,2019,mai,samedi,13:27,39,39286,"46,3860330","5,7782430",1,1,4,1,1,3,2,2,2,1,,,1,0,1,4,1,24,5,1,2,0,2,4,1,201900050869C01,7,1,1
201900050869,2019-05-25,2019,mai,samedi,13:27,39,39286,"46,3860330","5,7782430",1,1,4,1,1,3,2,2,2,1,,,1,0,1,3,1,23,5,1,2,0,2,4,1,201900050869B01,7,1,1
201900050877,2019-05-19,2019,mai,dimanche,16:40,25,25084,"47,1444230","5,8899810",1,2,3,1,2,3,2,2,1,1,,,2,0,1,2,1,82,0,1,2,0,0,8,19,201900050877B01,7,19,1
201900050881,2019-05-21,2019,mai,mardi,16:20,44,44010,"47,2784450"," -2,4644340",2,1,2,1,1,3,2,2,1,1,,,1,0,5,3,1,72,5,1,2,0,2,1,1,201900050881B01,10,16,1
201900050893,2019-05-29,2019,mai,mercredi,07:45,44,44003,"47,3732555"," -1,1790481",2,6,3,1,1,3,1,1,1,2,,,1,5,1,3,2,51,1,2,,0,2,1,1,201900050893B01,7,9,1
201900050914,2019-05-27,2019,mai,lundi,13:25,29,29212,"48,3819780"," -4,6094470",2,6,2,1,1,4,2,2,1,1,,,1,9,1,3,1,31,1,1,2,0,0,4,15,201900050914B01,7,9,1
201900050916,2019-05-15,2019,mai,mercredi,11:00,29,29069,"48,4188620"," -4,5597450",1,6,2,1,1,3,1,1,2,2,,,1,0,1,4,1,60,5,1,2,0,2,4,1,201900050916B01,7,9,1
201900050927,2019-05-27,2019,mai,lundi,17:45,31,31107,"43,2845580","1,1884700",2,1,7,1,1,4,2,2,1,1,,,1,4,1,4,1,14,5,1,2,0,0,0,0,201900050927A01,,,
201900050941,2019-05-02,2019,mai,jeudi,08:00,38,38140,"45,2660660","5,8982140",1,3,3,1,1,3,2,2,3,1,,,1,0,1,4,1,56,1,1,4,0,0,3,1,201900050941B01,7,9,1
201900050958,2019-05-25,2019,mai,samedi,12:10,84,84066,"43,9457820","5,3009520",1,1,1,1,1,3,2,2,2,3,,,1,0,1,3,1,63,5,1,2,0,2,1,13,201900050958A01,7,1,1
201900050959,2019-05-25,2019,mai,samedi,12:25,84,84085,"43,9688700","5,2413070",1,1,3,1,1,3,2,2,2,1,,,1,0,1,4,1,54,5,1,2,0,2,8,1,201900050959A01,7,17,1
201900050986,2019-12-07,2019,décembre,samedi,09:51,62,62043,"50,9064010","1,9327240",2,2,3,1,1,3,2,2,1,1,,,1,0,1,4,1,64,5,1,2,0,2,1,1,201900050986B01,7,1,1
201900051011,2019-12-07,2019,décembre,samedi,07:30,973,97309,"4,9239690"," -52,2838730",2,1,2,1,1,3,2,2,1,1,,,2,0,1,3,1,51,5,1,2,0,2,1,1,201900051011A01,7,2,1
201900051080,2019-12-02,2019,décembre,lundi,08:30,76,76165,"49,2839027","1,0123730",2,3,6,1,1,4,2,1,1,1,,,1,0,1,4,1,28,1,2,,0,2,2,1,201900051080B01,7,1,1
201900051096,2019-12-01,2019,décembre,dimanche,17:00,56,56121,"47,7394900"," -3,3938800",2,1,3,1,1,4,2,2,1,2,,,1,0,1,3,1,12,5,1,2,0,2,7,19,201900051096B01,7,1,1
201900051102,2019-12-04,2019,décembre,mercredi,07:40,44,44143,"47,1858300"," -1,5560800",2,1,2,5,1,4,1,0,1,1,,,7,0,1,4,1,53,0,2,,0,2,4,1,201900051102B01,7,9,1
201900051126,2019-12-05,2019,décembre,jeudi,20:15,75,75105,"48,8534210","2,3441820",2,3,6,5,1,4,2,3,2,1,,,1,0,1,4,1,29,1,1,2,0,2,1,2,201900051126A01,7,2,1
201900051131,2019-12-05,2019,décembre,jeudi,22:30,75,75116,"48,8724919","2,2919798",2,3,6,5,5,4,2,4,1,1,,,1,0,1,4,1,38,1,1,2,0,2,4,3,201900051131A01,2,2,1
201900051135,2019-12-05,2019,décembre,jeudi,06:50,75,75115,"48,8310141","2,2923485",2,3,3,5,8,4,1,2,2,1,,,1,0,1,4,1,41,0,1,2,0,2,1,1,201900051135B01,7,1,1
201900051190,2019-06-13,2019,juin,jeudi,09:30,34,34129,"43,5724800","3,8936500",2,1,3,1,1,3,3,3,1,1,,,1,0,1,3,2,67,5,1,2/6,0,2,1,0,201900051190B01,7,16,1
201900051199,2019-05-28,2019,mai,mardi,16:00,34,34172,"43,6097600","3,8955100",2,3,3,1,1,4,1,1,1,1,,,1,5,1,4,2,37,0,2,,0,2,0,19,201900051199A01,7,1,1
201900051200,2019-05-31,2019,mai,vendredi,18:00,34,34172,"43,5997200","3,8755900",2,3,6,1,1,4,2,3,1,1,,,1,0,1,4,2,60,0,1,2,0,2,2,1,201900051200A01,31,1,1
201900051210,2019-06-15,2019,juin,samedi,19:45,33,33281,"44,8147900"," -0,6347900",2,3,3,1,1,4,3,4,1,1,,,1,0,1,3,2,48,0,2,,0,2,1,1,201900051210B01,7,1,1
201900051211,2019-06-14,2019,juin,vendredi,16:55,33,33063,"44,8131800"," -0,5733100",2,3,3,1,1,4,2,2,1,1,,,1,0,1,4,1,42,5,2,,0,0,8,15,201900051211B01,33,17,1
201900051214,2019-05-22,2019,mai,mercredi,11:30,33,33063,"44,8699180"," -0,5507130",2,2,6,1,1,4,1,0,1,1,,,1,0,1,4,1,58,1,2,,0,2,1,1,201900051214B01,7,1,1
201900051215,2019-06-12,2019,juin,mercredi,13:00,33,33063,"44,8382400"," -0,6093040",2,3,2,1,3,4,1,1,1,1,,,2,0,1,4,1,13,2,2,,1,0,1,1,201900051215B01,10,24,1
201900051218,2019-05-17,2019,mai,vendredi,08:30,33,33063,"44,8365990"," -0,5988884",2,2,6,1,2,4,3,7,1,1,,,2,0,1,1,2,32,0,2,,0,2,0,1,201900051218A01,7,1,1
201900051221,2019-05-13,2019,mai,lundi,09:30,33,33063,"44,8345100"," -0,5884500",2,2,6,1,1,4,3,6,1,1,,,1,0,1,1,1,42,0,2,,0,1,1,1,201900051221A01,,,
201900051223,2019-06-09,2019,juin,dimanche,01:05,33,33063,"44,8379900"," -0,5677200",2,4,3,5,1,4,2,3,1,1,,,1,0,1,4,2,30,0,2,,0,2,8,19,201900051223B01,7,1,1
201900051249,2019-05-10,2019,mai,vendredi,02:00,33,33063,"44,8599767"," -0,5645395",2,3,6,5,1,4,1,2,1,1,,,1,0,1,4,1,36,0,2,,0,2,0,1,201900051249B01,7,0,1
201900051331,2019-02-19,2019,février,mardi,15:20,80,80021,"49,8863600","2,2771400",2,1,3,1,1,4,2,2,2,1,,,1,0,1,4,1,18,0,1,2,0,2,0,1,201900051331B01,7,15,1
201900051343,2019-02-20,2019,février,mercredi,17:36,45,45285,"47,9225200","1,8822200",2,3,3,1,1,4,2,2,1,1,,,1,0,1,4,2,14,0,2,,0,2,7,16,201900051343A01,37,1,1
201900051347,2019-02-20,2019,février,mercredi,17:54,37,37233,"47,3949086","0,7221094",2,3,3,1,1,4,2,2,1,1,,,1,0,1,4,1,40,0,2,,0,2,7,19,201900051347B01,7,15,1
201900051390,2019-02-19,2019,février,mardi,23:40,75,75104,"48,8540550","2,3584460",2,1,6,5,1,4,1,2,1,1,,,1,0,1,4,1,56,5,2,,0,2,7,23,201900051390A01,30,15,1
201900051444,2019-02-20,2019,février,mercredi,15:10,85,85232,"46,6843900"," -1,1299700",2,9,7,1,1,3,2,2,2,1,,,1,9,1,4,1,62,5,1,2,14,0,1,1,201900051444A01,,,
201900051475,2019-02-18,2019,février,lundi,11:20,91,91471,"48,6963990","2,1965700",2,6,3,1,1,4,1,2,1,2,,,1,0,1,4,2,71,0,2,,0,0,0,0,201900051475B01,32,0,1
201900051487,2019-02-19,2019,février,mardi,17:05,69,69266,"45,7549100","4,8903000",2,1,6,1,1,4,1,1,1,1,,,1,0,1,4,2,20,1,2,,0,1,1,1,201900051487A01,,,
201900051583,2019-10-28,2019,octobre,lundi,08:35,75,75120,"48,8635600","2,3900320",2,1,3,1,1,4,2,2,2,1,,,1,0,1,4,1,20,0,1,2,0,2,1,1,201900051583B01,7,22,1
201900051645,2019-09-25,2019,septembre,mercredi,14:15,49,49018,"47,6252520"," -0,0950730",1,1,1,1,2,4, -1,2,1,3,,,2,0,1,3,1,14,5,1,2,0,2,1,13,201900051645A01,7,1,1
201900051666,2019-10-28,2019,octobre,lundi,08:20,40,40175,"43,8344290"," -0,3669700",1,3,3,1,1,3,2,2,1,1,,,1,5,1,3,1,67,5,2,,0,2,8,15,201900051666B01,7,15,1
201900051669,2019-10-28,2019,octobre,lundi,16:40,973,97307,"4,8924030"," -52,3484560",1,3,3,1,7,2,2,2,1,1,,,1,5,1,3,1,75,9,2,,0,2,3,15,201900051669B01,7,1,1
201900051785,2019-01-04,2019,janvier,vendredi,16:40,64,64125,"43,4364800"," -1,5651000",2,1,6,1,1,4,2,2,1,1,,,1,0,1,4,1,16,5,1,2,12,0,0,14,201900051785A01,,,
201900051820,2019-01-07,2019,janvier,lundi,19:55,75,75120,"48,8685620","2,3976060",2,1,3,5,1,4,1,1,2,1,,,1,0,5,4,1,33,0,1,2/4,0,2,1,1,201900051820B01,30,9,1
201900051827,2019-01-07,2019,janvier,lundi,07:25,75,75109,"48,8760870","2,3371220",2,2,3,5,1,4,2,2,1,1,,,1,0,6,4,2,26,1,1,2,0,2,1,8,201900051827A01,10,15,1
201900051835,2019-01-06,2019,janvier,dimanche,10:45,972,97221,"14,5224170"," -60,9664110",1,1,7,1,1,3,2,2,3,1,,,1,0,1,3,1,17,5,2,,0,0,0,21,201900051835A01,,,
201900051838,2019-01-06,2019,janvier,dimanche,10:30,62,62750,"50,5749420","2,4111240",2,1,3,1,1,3,2,2,1,1,,,1,9,1,3,1,70,5,1,2,0,2,1,1,201900051838B01,21,1,1
201900051859,2019-01-07,2019,janvier,lundi,12:12,973,97309,"4,9048380"," -52,2750440",2,1,1,1,1,4,2,2,1,1,,,1,0,1,3,1,14,2,2,,0,2,7,15,201900051859B01,7,1,1
201900051892,2019-09-15,2019,septembre,dimanche,17:50,26,26243,"44,5302720","5,0142200",1,1,3,1,1,3,2,2,1,1,,,1,0,1,1,1,28,9,2,,0,2,8,13,201900051892B01,33,17,1
201900051902,2019-09-25,2019,septembre,mercredi,11:30,13,13080,"43,6306190","5,4561420",1,1,2,1,1,3,2,2,2,1,,,1,0,5,3,2,48,5,1,2/4,0,0,4,1,201900051902B01,7,1,1
201900051905,2019-09-26,2019,septembre,jeudi,07:10,973,97309,"4,9100820"," -52,2838290",2,2,7,1,1,4,2,2,1,1,,,1,0,1,4,2,12,2,2,,16,0,7,21,201900051905A01,,,
201900051957,2019-09-23,2019,septembre,lundi,09:39,87,87085,"45,8372300","1,2518400",2,1,7,1,1,4,2,2,2,1,,,1,0,1,4,2,30,5,2,,0,0,1,1,201900051957A01,,,
201900051979,2019-09-21,2019,septembre,samedi,16:00,56,56121,"47,7472118"," -3,3764740",2,6,3,1,1,4,2,2,4,1,,,1,5,1,4,1,73,5,1,2,0,2,1,1,201900051979B01,7,9,1
201900052028,2019-09-23,2019,septembre,lundi,14:05,5,05061,"44,5370600","6,0627000",2,1,7,1,1,3,2, -1,1,1,,,9,0,4,4,1,14,5,1,2,0,0,0,1,201900052028A01,,,
201900052038,2019-09-24,2019,septembre,mardi,11:00,75,75120,"48,8675450","2,3850910",2,3,1,1,2,4,2,2,2,1,,,2,0,1,4,1,24,9,1,2,0,2,8,13,201900052038B01,37,1,1
201900052042,2019-09-24,2019,septembre,mardi,07:30,75,75118,"48,8993669","2,3441495",2,2,6,1,1,4,2,6,1,1,,,1,0,5,4,1,65,1,1,2,0,2,8,1,201900052042A01,7,14,1
201900052046,2019-09-24,2019,septembre,mardi,17:50,75,75115,"48,8469740","2,3002030",2,1,3,1,2,4,2,2,1,1,,,2,0,1,4,1,40,5,1,2,0,2,2,1,201900052046B01,7,22,1
201900052065,2019-08-21,2019,août,mercredi,18:00,67,67118,"48,5747120","7,6868550",2,2,3,1,1,7,3,2,1,1,,,1,0,1,3,1,53,5,1,2,0,2,8,1,201900052065B01,7,1,1
201900052072,2019-08-23,2019,août,vendredi,07:45,26,26313,"44,9642570","4,9411780",2,2,3,1,1,4,2,2,1,1,,,1,0,1,3,1,54,1,1,2,0,2,1,1,201900052072B01,7,15,1
201900052082,2019-08-23,2019,août,vendredi,17:20,22,22170,"48,4477880"," -2,8576110",2,2,3,1,1,4,2,2,2,1,,,1,0,1,3,2,60,3,2,,0,2,2,1,201900052082A01,7,16,1
201900052090,2019-08-25,2019,août,dimanche,11:15,62,62054,"50,8389662","1,5981820",1,3,3,1,1,3,2,2,2,1,,,1,0,1,3,1,55,5,1,2,0,2,1,1,201900052090B01,7,15,1
201900052130,2019-08-20,2019,août,mardi,11:50,85,85194,"46,4984800"," -1,7766500",2,1,6,1,1,4,1,1,1,1,,,1,0,1,4,2,19,1,2,,0,1,1,5,201900052130A01,,,
201900052147,2019-08-08,2019,août,jeudi,15:20,34,34003,"43,2800800","3,4809500",2,1,3,1,1,4,2,1,1,1,,,1,0,1,3,1,43,1,1,2,0,2,8,1,201900052147B01,7,16,1
201900052155,2019-08-18,2019,août,dimanche,08:55,22,22106,"48,4924230"," -2,7092230",2,9,1,1,1,4, -1,2,1,1,,,1,0,1,4,1,52,3,1,2,0,2,3,21,201900052155B01,7,15,1
201900052167,2019-08-21,2019,août,mercredi,08:45,75,75112,"48,8242006","2,4226909",2,1,2,1,1,4,2,2,1,1,,,1,0,5,4,2,47,1,1,2,0,2,4,2,201900052167B01,80,2,1
201900052168,2019-08-21,2019,août,mercredi,19:35,75,75104,"48,8555180","2,3577480",2,2,3,1,1,4,2,2,1,1,,,1,0,5,4,2,24,5,1,2,0,2,1,5,201900052168B01,7,15,1
201900052181,2019-08-06,2019,août,mardi,19:45,86,86165,"46,4218900","0,8662360",2,1,1,1,1,3,2,2,2,3,,,1,0,1,3,1,16,5,2,,0,2,7,13,201900052181A01,7,13,1
201900052197,2019-08-22,2019,août,jeudi,10:15,15,15153,"45,1395010","2,2302690",2,1,1,1,1,3,2,2,1,1,,,1,0,1,4,2,54,5,1,2/6,0,2,1,1,201900052197B01,7,15,1
201900052221,2019-08-22,2019,août,jeudi,15:00,95,95483,"49,1072020","1,9269680",1,2,3,1,1,3,2,2,1,1,,,1,0,1,3,1,67,5,1,2,0,2,8,2,201900052221B01,10,1,1
201900052245,2019-03-29,2019,mars,vendredi,07:35,44,44109,"47,2070200"," -1,5723000",2,1,5,1,1,7,3,0,1,1,,,1,0,1,3,1,30,1,1,2,0,2,0,19,201900052245B01,7,23/1,2
201900052287,2019-07-11,2019,juillet,jeudi,07:45,69,69387,"45,7543600","4,8456500",2,1,2,1,1,4,2,4,1,1,,,1,0,1,4,1,25,0,2,,0,2,1,2,201900052287A01,7,2,1
201900052317,2019-07-12,2019,juillet,vendredi,20:10,91,91657,"48,7041100","2,4287400",2,3,6,1,7,4,2,2,1,1,,,1,0,3,4,2,65,0,2,,0,2,1,1,201900052317B01,7,15,1
201900052320,2019-03-28,2019,mars,jeudi,16:45,29,29232,"47,9942300"," -4,1060000",2,4,3,1,1,4,1,2,1,3,,,1,0,1,4,1,13,2,2,,0,2,2,19,201900052320B01,7,1,1
201900052323,2019-07-11,2019,juillet,jeudi,16:58,87,87085,"45,8247700","1,2288200",2,1,6,1,1,4,2,2,1,1,,,1,0,1,4,1,20,5,1,2,1,0,1,1,201900052323B01,7,22,1
201900052326,2019-07-10,2019,juillet,mercredi,21:45,87,87085,"45,8341400","1,2598700",2,5,3,1,1,4,1,1,2,1,,,1,5,1,4,1,48,5,1,2,0,2,1,1,201900052326B01,7,19,1
201900052369,2019-03-28,2019,mars,jeudi,10:45,6,06004,"43,5553345","7,1336321",2,9,3,1,1,4,2,2,2,1,,,1,0,1,3,1,63,5,1,2,0,2,1,1,201900052369B01,1,1,1
201900052369,2019-03-28,2019,mars,jeudi,10:45,6,06004,"43,5553345","7,1336321",2,9,3,1,1,4,2,2,2,1,,,1,0,1,3,2,63,5,1,2,0,2,3,1,201900052369A01,1,1,1
201900052383,2019-03-29,2019,mars,vendredi,11:35,75,75105,"48,8416200","2,3630250",2,1,3,1,1,4,2,2,1,1,,,1,0,6,3,1,55,0,2,,0,2,1,7,201900052383B01,7,22,1
201900052387,2019-03-30,2019,mars,samedi,16:10,75,75105,"48,8511370","2,3513000",2,2,6,1,1,4,2,4,1,1,,,1,8,5,4,1,31,5,1,2,0,1,1,1,201900052387A01,,,
201900052391,2019-03-28,2019,mars,jeudi,14:40,75,75106,"48,8484150","2,3316640",2,2,3,1,1,4,2,2,1,1,,,1,0,1,4,1,58,5,1,2,0,2,1,18,201900052391B01,13,22,1
201900052393,2019-03-28,2019,mars,jeudi,11:00,75,75105,"48,8494090","2,3567870",2,2,3,1,1,4,1,2,1,1,,,1,2,5,4,1,21,2,1,2,0,2,1,1,201900052393B01,14,16,1
201900052395,2019-03-29,2019,mars,vendredi,08:45,75,75120,"48,8525230","2,4066970",2,3,3,1,1,4,2,2,1,1,,,1,0,1,4,1,14,2,2,,0,2,1,9,201900052395B01,7,1,1
201900052398,2019-07-10,2019,juillet,mercredi,16:20,66,66136,"42,6996700","2,9283000",2,1,7,1,1,4,2,2,2,1,,,1,0,1,3,1,31,0,2,,0,2,0,2,201900052398A01,,,
201900052402,2019-03-29,2019,mars,vendredi,08:25,75,75119,"48,8764590","2,3780370",2,1,6,1,1,4,2,2,2,2,,,1,6,1,1,2,31,1,2,,11,1,1,13,201900052402A01,,,
201900052441,2019-07-11,2019,juillet,jeudi,18:00,56,56121,"47,7467200"," -3,3663200",2,6,3,1,1,4,2,4,2,1,,,1,0,1,4,1,36,9,2,,0,2,1,1,201900052441B01,7,9,1
201900052443,2019-07-11,2019,juillet,jeudi,15:58,56,56121,"47,7572900"," -3,3876500",2,6,3,1,1,4,1,2,1,1,,,1,5,1,3,1,61,0,2,,0,2,0,1,201900052443B01,7,9,1
201900052446,2019-07-10,2019,juillet,mercredi,18:00,56,56162,"47,7120400"," -3,4702600",2,1,7,1,1,4,2,2,1,1,,,1,0,1,4,2,39,0,2,,12,0,0,0,201900052446A01,,,
201900052447,2019-03-30,2019,mars,samedi,16:50,75,75101,"48,8608460","2,3301320",2,3,3,1,1,4,2,4,1,1,,,1,1,1,4,2,59,5,1,2,0,2,1,1,201900052447B01,1,19,1
201900052447,2019-03-30,2019,mars,samedi,16:50,75,75101,"48,8608460","2,3301320",2,3,3,1,1,4,2,4,1,1,,,1,1,1,1,1,17,5,1,2,0,2,4,19,201900052447A01,1,1,1
201900052469,2019-03-28,2019,mars,jeudi,14:30,94,94060,"48,7861100","2,5775800",2,3,3,1,1,4,1,1,1,1,,,1,0,1,4,1,32,1,2,,0,2,8,23,201900052469B01,7,1,1
201900052500,2019-07-11,2019,juillet,jeudi,18:30,44,44109,"47,2595170"," -1,5111900",2,2,3,1,1,4,2,0,1,1,,,1,0,1,4,1,42,0,1,2,0,2,1,0,201900052500B01,7,16,1
201900052511,2019-06-19,2019,juin,mercredi,12:10,40,40088,"43,7159000"," -1,0525200",2,1,3,1,1,4,2,3,1,1,,,1,0,1,3,1,42,5,2,,0,2,3,2,201900052511B01,2,2,1
201900052513,2019-03-29,2019,mars,vendredi,18:50,93,93001,"48,9038380","2,3918180",2,3,3,2,1,3, -1,2,1,1,,,1,5,1,4,2,41,1,1,2,0,2,3,9,201900052513B01,7,10,1
201900052540,2019-07-07,2019,juillet,dimanche,17:00,33,33039,"44,8013500"," -0,5400300",2,1,6,1,7,4,2,2,1,4,,,1,0,1,4,1,16,5,2,,0,2,1,19,201900052540B01,7,1,1
201900052564,2019-07-08,2019,juillet,lundi,11:55,14,14069,"49,1302600","0,2475950",2,3,3,1,1,3,2,2,1,1,,,1,0,1,4,1,64,5,1,2,0,2,1,1,201900052564A01,7,16,1
201900052588,2019-10-15,2019,octobre,mardi,19:00,84,84037,"44,0584980","4,8345110",2,3,3,2,1,3,2,2,2,1,,,1,0,1,4,1,58,5,1,2,0,2,1,1,201900052588B01,7,1,1
201900052607,2019-12-05,2019,décembre,jeudi,14:10,29,29135,"47,8329096"," -4,1750976",2,1,1,1,1,3,2,2,1,1,,,1,0,1,4,1,42,5,1,6,0,2,3,1,201900052607B01,7,15,1