Num_Acc,date,an,mois,jour,hrmn,dep,com,lat,long,agg,int,col,lum,atm,catr,circ,nbv,prof,plan,lartpc,larrout,surf,infra,situ,grav,sexe,age,trajet,secuexist,equipement,obs,obsm,choc,manv,vehiculeid,typevehicules,manoeuvehicules,numVehicules
201900052611,2019-12-05,2019,décembre,jeudi,19:00,83,83025,"43,5327780","5,9818990",1,1,3,3,1,3,3,2,1,1,,,2,0,1,4,1,32,5,1,4/9,0,9,0,1,201900052611B01,3,0,1
201900052614,2019-12-04,2019,décembre,mercredi,17:15,7,07236,"45,0927210","4,6337520",1,1,6,2,1,3,2,2,2,2,,,1,0,1,3,1,63,5,1,2,0,0,0,5,201900052614B01,7,1,1
201900052696,2019-12-04,2019,décembre,mercredi,18:05,91,91421,"48,6956500","2,4635000",2,3,2,5,1,4,2,1,1,1,,,1,0,1,4,1,15,0,2,,0,2,4,19,201900052696A01,7,1,1
201900052725,2019-11-27,2019,novembre,mercredi,07:45,67,67462,"48,2643369","7,4589385",2,6,3,2,8,3,1,1,1,2,,,2,5,1,4,2,50,1,1,4,0,2,8,2,201900052725B01,15,2,1
201900052780,2019-05-23,2019,mai,jeudi,16:10,70,70413,"47,7049920","6,7216970",1,1,3,1,1,3,2,2,1,4,,,1,0,1,3,1,61,5,1,2,0,9,8,1,201900052780B01,17,17,1
201900052787,2019-05-07,2019,mai,mardi,15:15,26,26011,"44,7148890","5,0685190",1,1,3,1,1,3,2,2,1,1,,,1,0,1,3,2,59,5,2,,0,2,8,5,201900052787A01,7,1,1
201900052800,2019-04-09,2019,avril,mardi,15:25,54,54055,"49,0156880","6,0005890",1,1,3,1,1,3,2,2,1,1,,,1,0,1,3,1,72,5,1,2,0,2,7,1,201900052800B01,7,4,1
201900052821,2019-05-25,2019,mai,samedi,15:20,6,06068,"43,7175910","6,9717460",1,1,7,1,1,3,2,2,1,1,,,1,0,8,3,1,62,5,2,,10,0,1,1,201900052821A01,,,
201900052823,2019-05-11,2019,mai,samedi,08:20,6,06112,"43,6731230","7,0065780",2,1,3,1,1,4,2,1,2,3,,,1,0,1,4,1,8,5,2,,0,2,2,5,201900052823B01,10,1,1
201900052834,2019-05-26,2019,mai,dimanche,10:00,14,14055,"49,2622330","0,1071330",1,1,2,1,1,3,2,2,2,3,,,1,0,1,1,1,56,5,1,2,0,9,4,1,201900052834B01,1,1,1
201900052834,2019-05-26,2019,mai,dimanche,10:00,14,14055,"49,2622330","0,1071330",1,1,2,1,1,3,2,2,2,3,,,1,0,1,3,1,53,5,1,2,0,9,1,1,201900052834A01,1,1,1
201900052839,2019-05-31,2019,mai,vendredi,19:00,14,14026,"49,2107860"," -0,5933060",2,3,3,1,1,3,2,2,1,1,,,1,0,1,4,2,17,5,2,,0,2,3,15,201900052839B01,7,1,1
201900052866,2019-05-15,2019,mai,mercredi,17:40,60,60513,"49,2101106","2,3782787",2,2,1,1,1,4,2,2,1,1,,,1,5,1,4,1,11,5,1,2,0,2,7,1,201900052866B01,7,1,1
201900052879,2019-05-14,2019,mai,mardi,11:00,64,64495,"43,3561790"," -1,5668780",2,3,3,1,1,3,2,2,2,1,,,1,8,1,4,1,58,5,1,2,0,2,1,1,201900052879B01,7,19,1
201900052893,2019-04-14,2019,avril,dimanche,11:10,73,73151,"45,5073092","6,0236289",1,2,3,1,1,3,2,2,1,1,,,1,0,1,3,1,69,5,1,2,0,2,7,19,201900052893B01,7,1,1
201900052895,2019-05-31,2019,mai,vendredi,12:00,18,18037,"47,5550590","2,1833880",1,1,2,1,7,3,2,2,1,1,,,1,0,1,3,1,32,5,1,2,0,2,4,1,201900052895B01,7,17,1
201900052912,2019-05-02,2019,mai,jeudi,10:20,43,43154,"44,7694320","3,8821810",1,1,5,1,1,2,2,2,2,1,,,1,0,1,4,1,77,5,1,2/4,0,2,5,1,201900052912C01,7,17,1
201900052912,2019-05-02,2019,mai,jeudi,10:20,43,43154,"44,7694320","3,8821810",1,1,5,1,1,2,2,2,2,1,,,1,0,1,3,1,67,5,1,2/4,0,2,5,1,201900052912B01,7,17,1
201900052954,2019-06-04,2019,juin,mardi,16:05,19,19275,"45,5458990","2,3051700",2,3,3,1,1,3,4,3,1,1,,,1,5,1,4,1,15,5,2,,0,2,3,9,201900052954B01,7,15,1
201900052984,2019-06-08,2019,juin,samedi,17:45,14,14220,"49,3617800","0,0797700",2,1,1,1,1,4,2,4,1,1,,,1,0,1,4,1,12,5,2,,0,2,2,19,201900052984B01,7,1,1
201900052990,2019-06-01,2019,juin,samedi,19:30,14,14536,"49,4116200","0,2594500",1,6,3,1,7,3,1,2,1,2,,,1,0,1,4,1,40,5,1,2,0,2,3,1,201900052990B01,7,9,1
201900053092,2019-05-31,2019,mai,vendredi,12:10,13,13004,"43,6748800","4,6333800",2,1,5,1,7,4,2,1,1,1,,,1,0,1,4,1,48,0,2,,0,2,7,19,201900053092B01,13/ 7,23/1,2
201900053145,2019-02-18,2019,février,lundi,19:20,75,75116,"48,8584680","2,2580040",2,1,3,5,1,4,2,4,1,1,,,1,0,1,4,1,48,5,1,2,0,2,8,19,201900053145B01,33,1,1
201900053148,2019-02-19,2019,février,mardi,19:25,75,75108,"48,8714600","2,3152080",2,1,3,5,1,4,1,2,1,1,,,1,0,1,4,1,57,4,2,,0,2,3,1,201900053148B01,7,22,1
201900053163,2019-02-18,2019,février,lundi,13:50,77,77227,"48,4817900","3,3183300",1,1,3,1,1,3,2,2,1,1,,,1,0,1,4,1,58,5,1,2/6/4,0,2,7,2,201900053163B01,7,17,1
201900053165,2019-02-20,2019,février,mercredi,17:20,32,32213,"43,4486550","0,8849860",1,1,1,1,7,3,2,2,1,1,,,1,0,1,3,1,58,5,1,2,0,2,1,1,201900053165B01,7,1,1
201900053182,2019-02-18,2019,février,lundi,17:45,973,97309,"4,8901090"," -52,2875950",1,3,1,1,1,3,2,2,1,1,,,1,0,1,3,1,68,5,2,,0,2,5,5,201900053182B01,7,0,1
201900053208,2019-02-18,2019,février,lundi,09:25,69,69386,"45,7639100","4,8530400",2,1,6,1,1,4,1,1,1,1,,,1,0,1,1,1,39,0,2,,0,1,1,1,201900053208A01,,,
201900053221,2019-02-02,2019,février,samedi,09:05,73,73065,"45,5816887","5,8873070",2,6,3,1,8,3,2,2,1,1,,,2,9,5,4,1,16,0,2,,0,2,1,1,201900053221A01,3,1,1
201900053236,2019-02-17,2019,février,dimanche,05:25,56,56121,"47,7435510"," -3,3682800",2,3,1,5,8,4,2,2,1,1,,,2,0,1,4,2,21,5,2,,0,2,1,1,201900053236A01,7,1,1
201900053269,2019-02-18,2019,février,lundi,11:25,6,06123,"43,6666400","7,1960800",2,9,3,1,1,4,1,1,1,2,,,1,9,1,4,1,67,5,2,,0,2,2,15,201900053269B01,7,15,1
201900053280,2019-02-18,2019,février,lundi,12:15,75,75110,"48,8728600","2,3591240",2,1,3,1,1,4,2,6,1,1,,,1,0,1,4,1,17,1,1,2,0,2,3,10,201900053280A01,32,1,1
201900053330,2019-01-06,2019,janvier,dimanche,18:15,75,75104,"48,8487580","2,3646200",2,1,1,5,8,4,1,3,1,1,,,2,0,5,1,1,6,5,1,2,0,2,0,13,201900053330A01,50,1,1
201900053361,2019-01-06,2019,janvier,dimanche,00:35,987,98722," -17,5940310"," -149,3962270",2,1,5,5,3,2,2,2,2,1,,,2,0,1,4,1,55,5,2,,0,2,7,5,201900053361C01,7,1/13,2
201900053367,2019-01-07,2019,janvier,lundi,07:45,67,67526,"48,3947980","7,5829800",2,1,2,2,1,3,2,2,1,1,,,2,0,3,2,1,80,5,2,,0,2,4,1,201900053367A01,7,2,1
201900053381,2019-09-24,2019,septembre,mardi,20:35,75,75111,"48,8656390","2,3773600",2,2,6,5,1,4,1,1,1,1,,,2,0,1,4,1,26,0,1,2,0,2,1,2,201900053381A01,7,2,1
201900053463,2019-09-22,2019,septembre,dimanche,16:30,976,97610," -12,7461810","45,1878380",2,1,1,1,1,4,1,1,4,2,,,1,0,1,3,1,15,5,2,,0,2,1,5,201900053463B01,7,1,1
201900053477,2019-09-24,2019,septembre,mardi,17:40,83,83036,"43,1697570","6,5332930",2,7,3,1,1,4,2,2,1,1,,,1,9,1,3,1,72,5,2,,0,2,7,1,201900053477B01,38,15,1
201900053498,2019-01-03,2019,janvier,jeudi,13:25,76,76351,"49,5095100","0,1522600",2,1,3,1,1,4,3,2,1,1,,,1,0,1,4,1,23,5,2,,0,2,7,1,201900053498B01,7,26,1
201900053540,2019-10-27,2019,octobre,dimanche,15:30,75,75111,"48,8591370","2,3794960",2,3,6,1,2,4, -1,4,1,1,,,2,0,1,4,1,26,0,2,,0,2,3,18,201900053540A01,7,22,1
201900053551,2019-10-27,2019,octobre,dimanche,01:20,75,75104,"48,8553251","2,3527582",2,3,3,5,1,4,2,2,1,1,,,1,0,1,4,1,32,9,2,,0,2,1,15,201900053551A01,7,1,1
201900053563,2019-09-25,2019,septembre,mercredi,11:30,38,38239,"45,3269800","5,5557800",2,1,2,1,1,3,2,2,1,1,,,1,0,1,3,1,71,5,2,,1,2,8,2,201900053563A01,37,17,1
201900053572,2019-09-25,2019,septembre,mercredi,10:00,79,79049,"46,8860990"," -0,4769620",1,1,2,1,2,3,2,2,1,1,,54,2,0,1,3,1,76,5,1,9,13,2,4,2,201900053572B01,15,2,1
201900053610,2019-09-22,2019,septembre,dimanche,14:30,71,71040,"46,6782840","4,3876000",2,1,1,1,1,4,2,2,1,1,,,1,0,1,4,1,15,5,2,,0,2,8,19,201900053610A01,7,1,1
201900053621,2019-10-28,2019,octobre,lundi,14:20,50,50058,"49,0649460"," -1,5827610",2,4,3,1,2,4,2,2,2,1,,,2,0,1,4,1,33,3,2,,0,2,1,1,201900053621B01,7,1,1
201900053644,2019-10-27,2019,octobre,dimanche,18:45,987,98747," -17,7515450"," -149,2403540",1,1,1,5,1,2,2,2,1,1,,,1,0,1,3,1,55,5,2,,0,2,1,5,201900053644B01,32,1,1
201900053658,2019-10-27,2019,octobre,dimanche,18:40,11,11198,"43,2990742","2,5412170",1,1,2,3,1,3,2,2,1,1,,,1,0,1,2,1,31,5,2,,0,0,7,2,201900053658B01,7,2,1
201900053664,2019-10-28,2019,octobre,lundi,15:45,89,89156,"47,9892880","3,5943410",1,1,2,1,1,3,2,2,1,1,,,1,0,1,4,1,19,5,2,,0,2,6,1,201900053664B01,14,14,1
201900053667,2019-09-21,2019,septembre,samedi,11:33,87,87114,"45,8370200","1,2939400",2,1,6,1,1,3,2,2,1,1,,,1,0,1,4,2,58,5,2,,0,2,8,1,201900053667B01,7,17,1
201900053668,2019-10-28,2019,octobre,lundi,14:40,38,38565,"45,2994550","5,6281250",2,1,3,1,1,3,3,4,2,1,,,1,0,1,4,1,34,1,2,,0,2,1,1,201900053668B01,7,16,1
201900053673,2019-10-26,2019,octobre,samedi,17:00,40,40125,"43,6499840"," -1,0981840",1,1,3,1,1,3,2,2,2,1,,,1,0,1,3,2,62,5,1,2,0,2,8,2,201900053673B01,7,17,1
201900053704,2019-09-20,2019,septembre,vendredi,18:08,66,66136,"42,6970300","2,9003600",2,3,3,1,1,4,1,1,1,1,,,1,0,1,4,1,36,9,2,,0,2,1,5,201900053704A01,7,1,1
201900053705,2019-09-23,2019,septembre,lundi,15:40,64,64445,"43,3098600"," -0,3770400",2,1,6,1,1,4,2,2,1,1,,,1,0,1,4,1,26,9,2,,1,0,1,1,201900053705A01,7,22,1
201900053768,2019-10-26,2019,octobre,samedi,12:55,64,64445,"43,3019700"," -0,3741500",2,1,3,1,1,4,1,1,1,1,,,1,0,1,4,1,11,5,2,,1,2,1,5,201900053768A01,7,20,1
201900053810,2019-10-26,2019,octobre,samedi,16:20,75,75116,"48,8625333","2,2868256",2,7,6,1,1,4,1,3,1,2,,,1,0,1,4,1,62,5,1,2,0,2,8,1,201900053810A01,7,16,1
201900053854,2019-07-11,2019,juillet,jeudi,19:00,6,06027,"43,6585189","7,1696198",2,1,6,1,1,7,2,2,1,1,,,1,0,1,4,1,51,5,2,,1,0,1,0,201900053854B01,7,22,1
201900053866,2019-07-13,2019,juillet,samedi,01:05,75,75105,"48,8406600","2,3539770",2,3,6,5,1,4,1,1,2,3,,,1,0,1,4,2,25,5,1,2,1,0,1,16,201900053866A01,,,
201900053881,2019-07-11,2019,juillet,jeudi,08:30,75,75116,"48,8414330","2,2691570",2,4,3,1,1,4,2,3,1,1,,,1,0,1,4,1,26,1,1,2,0,2,3,15,201900053881B01,33,1,1
201900053893,2019-07-13,2019,juillet,samedi,18:10,75,75113,"48,8222670","2,3678270",2,1,6,1,1,4,1,2,1,1,,,1,0,1,4,2,27,5,1,2,0,2,2,1,201900053893B01,7,22,1
201900053903,2019-07-13,2019,juillet,samedi,18:30,75,75109,"48,8836050","2,3495340",2,2,6,1,1,4,1,2,1,1,,,1,0,5,4,1,56,5,1,2,12,0,1,2,201900053903A01,,,
201900053905,2019-07-12,2019,juillet,vendredi,08:35,75,75110,"48,8773250","2,3551450",2,2,3,1,1,4,1,1,2,1,,,1,9,5,4,2,56,9,2,,0,2,0,1,201900053905B01,32,16,1
201900053931,2019-03-30,2019,mars,samedi,15:54,62,62233,"50,3693060","1,6804830",1,1,7,1,1,3,2,2,1,1,,,1,0,3,3,1,68,5,1,2,16,0,0,1,201900053931A01,,,
201900053932,2019-07-12,2019,juillet,vendredi,16:30,75,75107,"48,8624010","2,3104010",2,2,3,1,1,4,2,2,1,1,,,1,0,1,4,2,18,9,2,,0,2,8,19,201900053932B01,34,1,1
201900054000,2019-03-31,2019,mars,dimanche,08:30,61,61324,"48,4774230"," -0,7824350",1,1,2,1,7,3,2,2,2,1,,,1,0,1,3,1,69,5,2,,0,2,6,1,201900054000B01,7,1,1
201900054002,2019-03-28,2019,mars,jeudi,16:45,42,42081,"45,6004370","4,2647660",1,3,3,1,1,3,2,2,2,1,,,1,0,1,3,1,17,5,2,,0,2,3,9,201900054002B01,7,1,1
201900054022,2019-03-29,2019,mars,vendredi,17:05,22,22310,"48,6150180"," -3,2362470",2,2,3,1,1,4,2,2,1,1,,,1,0,1,3,1,13,5,2,,0,0,1,26,201900054022A01,7,1,1
201900054059,2019-07-11,2019,juillet,jeudi,08:30,62,62550,"50,3715200","2,0292250",2,6,5,1,1,3,4,1,1,1,,,1,5,1,4,1,34,5,1,2,0,2,7,19,201900054059C01,7,1,1
201900054059,2019-07-11,2019,juillet,jeudi,08:30,62,62550,"50,3715200","2,0292250",2,6,5,1,1,3,4,1,1,1,,,1,5,1,4,1,39,5,1,2,0,2,7,15,201900054059B01,7,1,1
201900054080,2019-07-14,2019,juillet,dimanche,09:20,9,09181,"43,0680490","1,3543330",1,1,1,3,1,3,2,2,2,3,,,2,1,1,3,1,28,5,1,2/6,0,2,1,1,201900054080B01,7,1,1
201900054111,2019-07-12,2019,juillet,vendredi,08:40,35,35085,"48,4149890"," -1,7340390",2,1,6,1,2,4,2,2,1,1,,,1,0,5,1,1,17,5,2,,0,1,0,1,201900054111A01,,,
201900054136,2019-07-12,2019,juillet,vendredi,00:05,74,74112,"45,9275110","6,0846750",2,1,2,5,1,3,2,2,1,1,,,1,2,1,2,1,23,5,2,,0,2,4,2,201900054136B01,7,2,1
201900054164,2019-08-19,2019,août,lundi,13:10,56,56121,"47,7397100"," -3,3781200",2,1,2,1,1,4,2,2,1,1,,,1,0,1,4,2,53,1,1,2,0,2,6,1,201900054164B01,7,2,1
201900054208,2019-03-23,2019,mars,samedi,17:30,33,33245,"44,8048700"," -0,4409900",1,3,3,1,1,3,2,2,1,1,,,1,0,1,3,1,46,5,1,2,0,2,1,2,201900054208B01,10,16,1
201900054209,2019-03-29,2019,mars,vendredi,10:35,77,77270,"48,8672900","2,9966000",1,1,3,1,1,3,2,2,1,1,,,1,0,1,4,1,19,5,1,2,0,2,3,1,201900054209A01,7,17,1
201900054252,2019-08-20,2019,août,mardi,20:00,75,75112,"48,8497800","2,3770110",2,2,3,1,1,4,1,2,1,1,,,1,5,5,3,1,29,1,1,2,0,2,6,1,201900054252B01,33,1,1
201900054257,2019-03-30,2019,mars,samedi,13:30,74,74265,"45,8021190","6,3379260",1,1,7,1,1,3,2,2,2,2,,,1,0,3,2,1,24,5,2,,3,0,2,15,201900054257A01,,,
201900054258,2019-08-20,2019,août,mardi,07:55,75,75119,"48,8986303","2,3704988",2,2,3,1,1,4,2,4,1,1,,,1,0,1,4,1,42,9,1,2,0,2,1,19,201900054258B01,43,1,1
201900054265,2019-03-31,2019,mars,dimanche,14:35,1,01160,"46,2496315","6,1016653",2,4,3,1,1,3,2,2,1,2,,,1,0,1,4,1,54,5,1,2,0,2,5,2,201900054265B01,7,16,1
201900054268,2019-08-20,2019,août,mardi,14:10,75,75107,"48,8624421","2,3015982",2,2,3,1,1,4,2,6,1,1,,,1,8,1,4,1,26,0,1,2,0,2,0,1,201900054268A01,32,1,1
201900054274,2019-03-26,2019,mars,mardi,13:15,79,79024,"46,4148000"," -0,2467000",1,1,3,1,1,4,2,2,1,1,,40,1,0,1,4,2,24,5,2,,0,2,8,9,201900054274A01,7,1,1
201900054286,2019-03-30,2019,mars,samedi,14:35,59,59611,"50,6786020","2,9766600",1,1,3,1,1,4,2,2,1,2,,,1,0,1,3,1,54,5,2,,0,2,8,1,201900054286B01,7,1,1
201900054298,2019-08-19,2019,août,lundi,15:25,94,94054,"48,7414210","2,4050060",2,1,6,1,1,4,1,0,2,1,,,1,0,1,4,1,43,0,2,,0,1,0,0,201900054298A01,,,
201900054312,2019-08-19,2019,août,lundi,12:30,9,09109,"43,2038900","1,4640160",1,3,3,1,1,3,2,2,1,1,,,1,0,1,3,1,38,5,2,,0,2,8,1,201900054312B01,10,15,1
201900054321,2019-08-19,2019,août,lundi,17:45,56,56186,"47,4884420"," -3,1189260",2,1,6,1,1,4,2,2,1,3,,,1,0,5,4,2,31,5,2,,0,1,2,1,201900054321A01,,,
201900054330,2019-08-20,2019,août,mardi,14:55,41,41043,"47,2762320","1,4932530",2,2,3,1,1,4,2,2,1,1,,,1,0,1,4,1,14,5,2,,0,2,3,15,201900054330A01,7,17,1
201900054347,2019-08-16,2019,août,vendredi,17:35,66,66065,"42,5970040","2,9748650",2,1,1,1,1,4,2,2,1,1,,,1,0,1,3,2,63,3,2,,0,2,8,1,201900054347B01,7,19,1
201900054372,2019-08-14,2019,août,mercredi,19:45,63,63014,"45,7553700","3,1459800",2,6,2,1,1,7,1,2,1,1,,,1,0,1,4,1,31,0,1,2,0,2,1,2,201900054372A01,7,2,1
201900054391,2019-05-17,2019,mai,vendredi,14:30,36,36139,"46,7912780","1,4862050",1,3,3,1,1,3,2,2,1,2,,,1,5,1,4,1,20,5,2,,0,2,3,16,201900054391A01,7,1,1
201900054420,2019-05-18,2019,mai,samedi,11:55,53,53161,"48,1292260"," -0,5760100",1,1,2,1,1,3,2,2,1,1,,,1,0,1,3,1,17,5,1,2,0,2,1,2,201900054420A01,7,23,1
201900054434,2019-05-27,2019,mai,lundi,13:30,40,40333,"43,9754310"," -0,7376510",1,1,2,1,2,3,2,2,1,1,,,2,0,1,3,1,71,5,1,2,1,0,1,1,201900054434B01,7,24,1
201900054452,2019-05-24,2019,mai,vendredi,15:00,4,04138,"43,9350620","5,8532810",1,3,3,1,1,3,2,2,1,1,,,1,0,1,4,1,67,5,1,2,0,2,3,15,201900054452B01,7,17,1
201900054462,2019-05-19,2019,mai,dimanche,05:20,85,85234,"46,7996100"," -2,0596100",2,1,2,3,1,3,2,2,1,1,,,1,0,1,2,1,31,5,2,,0,0,4,1,201900054462A01,7,2,1
201900054467,2019-05-14,2019,mai,mardi,11:30,85,85146,"46,9704100"," -1,3075100",2,6,3,1,1,4, -1,2,1,2,,,1,5,1,4,1,13,0,2,,0,2,1,19,201900054467B01,7,26,1
201900054483,2019-05-29,2019,mai,mercredi,15:40,17,17385,"45,9274150"," -1,2842960",1,2,3,1,1,3,2,2,1,1,,,1,5,1,3,2,67,5,1,2,0,2,3,19,201900054483A01,13,1,1
201900054511,2019-05-29,2019,mai,mercredi,13:50,30,30325,"43,9749400","3,7165260",2,1,3,1,1,3,2,2,1,1,,,1,0,4,3,1,9,5,1,2,0,2,1,5,201900054511B01,7,5,1
201900054524,2019-05-31,2019,mai,vendredi,15:30,48,48013,"44,5331560","3,5457600",2,3,3,1,1,4,2,2,2,1,,,1,0,1,3,1,71,5,1,2/6,0,2,1,1,201900054524B01,7,15,1
201900054575,2019-05-06,2019,mai,lundi,12:40,35,35210,"48,1484710"," -1,7628330",2,6,3,1,1,4,2,2,1,1,,,1,0,1,4,1,25,5,1,2,0,2,1,1,201900054575B01,7,9,1
201900054584,2019-05-02,2019,mai,jeudi,17:15,973,97309,"4,9069697"," -52,2776076",2,1,3,1,1,4,2,2,1,1,,,1,9,1,4,1,14,9,2,,0,2,3,19,201900054584B01,7,1,1
201900054625,2019-11-30,2019,novembre,samedi,13:00,75,75116,"48,8505080","2,2670711",2,1,6,1,1,4,1,2,1,1,,,1,0,1,3,1,50,5,1,2,1,0,1,14,201900054625A01,,,
201900054628,2019-12-04,2019,décembre,mercredi,16:50,75,75115,"48,8411020","2,2878920",2,2,3,1,1,4,2,3,1,1,,,1,5,1,4,1,31,1,1,2,0,2,8,1,201900054628B01,7,15,1
201900054634,2019-12-04,2019,décembre,mercredi,20:40,75,75111,"48,8559100","2,3691800",2,2,3,5,1,4,1,2,1,1,,,1,0,1,4,1,47,0,1,2,0,2,8,19,201900054634B01,7,1,1
201900054648,2019-12-04,2019,décembre,mercredi,19:05,93,93053,"48,8994066","2,4587288",2,9,2,5,1,3,1,3,1,3,,,1,9,1,4,1,54,1,1,2,0,1,4,16,201900054648A01,7,16,1
201900054674,2019-11-29,2019,novembre,vendredi,10:10,44,44102,"47,0420093"," -1,4739259",1,1,3,1,7,3,2,2,1,1,,,1,0,1,4,1,73,5,1,2,0,2,8,2,201900054674B01,7,2,1
201900054724,2019-12-03,2019,décembre,mardi,18:00,75,75116,"48,8717439","2,2953808",2,4,3,2,1,4,2,2,1,1,,,1,0,1,4,1,38,4,2,,0,2,8,17,201900054724A01,7,23,1
201900054727,2019-12-03,2019,décembre,mardi,08:30,75,75112,"48,8419090","2,3759540",2,1,6,1,1,4,2,2,1,1,,,1,0,1,4,2,50,1,1,2,0,2,8,1,201900054727A01,7,17,1
201900054766,2019-12-03,2019,décembre,mardi,16:25,3,03076,"46,5912077","3,4012275",1,1,2,2,7,3,2,2,1,1,,,1,0,1,3,1,63,5,1,2,0,0,4,1,201900054766B01,7,1,1
201900054774,2019-12-04,2019,décembre,mercredi,11:00,85,85277,"46,5022800"," -1,3478900",1,2,3,1,1,3,2,2,2,3,,,1,0,1,3,1,53,5,2,,0,2,1,1,201900054774A01,7,15,1
201900054776,2019-02-19,2019,février,mardi,09:50,76,76669,"49,6849082","0,3172731",1,2,1,1,1,3,2,2,2,1,,,2,5,1,4,1,41,5,1,2/6,0,2,1,2,201900054776B01,7,2,1
201900054782,2019-02-18,2019,février,lundi,13:10,39,39132,"46,8275900","5,4673570",1,2,3,1,1,3,2,2,1,1,,,1,0,1,3,2,16,5,1,2,0,2,3,19,201900054782A01,7,1,1
201900054809,2019-02-19,2019,février,mardi,17:35,55,55120,"48,7530390","5,1267830",1,1,2,1,1,3,2,2,1,1,,,1,0,1,3,2,54,1,1,2/4/6,0,0,4,2,201900054809B01,7,2,1
201900054810,2019-02-17,2019,février,dimanche,16:33,69,69255,"45,7367500","4,6836600",2,2,3,2,7,3,2,2,2,1,,,1,0,1,4,1,47,5,1,2,0,2,1,1,201900054810B01,7,15,1
201900054812,2019-02-18,2019,février,lundi,14:50,69,69072,"45,8060720","4,7365250",1,1,2,1,1,3,2,2,1,1,,,1,0,1,4,1,67,5,1,2,0,2,6,2,201900054812B01,33,2,1
201900054821,2019-02-19,2019,février,mardi,16:00,80,80421,"49,7824050","2,7908980",1,1,3,1,1,3,2,2,1,1,,,1,0,1,3,1,47,5,2,,0,0,8,2,201900054821A01,7,17,1
201900054877,2019-06-14,2019,juin,vendredi,11:15,6,06123,"43,6764000","7,1909000",2,1,1,1,1,7,2,2,1,1,,,1,0,1,4,2,32,5,1,2,0,2,8,26,201900054877A01,7,1,1
201900054900,2019-06-08,2019,juin,samedi,08:39,6,06004,"43,5999000","7,1254900",2,1,6,1,1,3,2,4,1,1,,,1,0,1,3,1,60,5,2,,0,2,4,1,201900054900C01,7,14,1
201900054900,2019-06-08,2019,juin,samedi,08:39,6,06004,"43,5999000","7,1254900",2,1,6,1,1,3,2,4,1,1,,,1,0,1,3,1,66,5,2,,0,2,4,2,201900054900B01,7,14,1
201900054905,2019-06-08,2019,juin,samedi,17:45,5,05061,"44,5534500","6,0787300",2,1,2,1,1,3,2,2,2,1,,,1,0,1,4,1,69,5,1,2,0,2,1,2,201900054905A01,1,2,1
201900054905,2019-06-08,2019,juin,samedi,17:45,5,05061,"44,5534500","6,0787300",2,1,2,1,1,3,2,2,2,1,,,1,0,1,1,2,63,5,1,2,0,2,4,2,201900054905B01,1,2,1
201900054911,2019-02-16,2019,février,samedi,09:20,69,69259,"45,7220400","4,8796000",2,1,3,1,7,4,1,1,1,1,,,1,0,1,4,1,78,9,1,2,0,2,7,15,201900054911B01,10,1,1
201900054914,2019-06-14,2019,juin,vendredi,07:50,5,05023,"44,9015300","6,6443000",2,1,1,1,8,2,2,2,1,1,,,1,0,1,3,1,53,5,1,2,0,2,1,1,201900054914B01,7,15,1
201900054921,2019-02-14,2019,février,jeudi,19:05,69,69388,"45,7228200","4,8774600",2,3,3,5,1,4,2,2,1,1,,,1,0,1,4,1,20,4,2,,0,2,8,19,201900054921B01,7,15,1
201900054925,2019-06-18,2019,juin,mardi,15:59,3,03185,"46,3480127","2,6022499",2,6,3,1,1,4,1,2,1,2,,,1,9,1,3,1,51,3,2,,0,2,4,1,201900054925B01,7,16,1
201900054952,2019-02-15,2019,février,vendredi,14:05,69,69384,"45,7799100","4,8397800",2,1,3,1,1,4,2,2,4,3,,,1,0,1,4,1,20,4,2,,0,2,1,1,201900054952B01,7,1,1
201900055008,2019-06-19,2019,juin,mercredi,13:02,75,75104,"48,8507810","2,3614280",2,2,3,1,1,4,1,1,1,1,,,1,0,5,3,2,58,9,2,,0,2,1,1,201900055008B01,7,16,1
201900055039,2019-05-29,2019,mai,mercredi,14:10,75,75118,"48,9003880","2,3590750",2,1,3,1,1,4,1,2,2,1,,,1,0,1,4,1,40,5,2,,0,2,1,5,201900055039B01,33,1,1
201900055048,2019-06-11,2019,juin,mardi,15:39,75,75106,"48,8453100","2,3252750",2,1,3,1,1,4,2,2,1,1,,,1,0,5,4,1,21,5,1,2,0,2,5,1,201900055048B01,7,9,1
201900055059,2019-06-18,2019,juin,mardi,16:45,75,75120,"48,8683050","2,3881710",2,2,3,1,1,4,2,5,2,1,,,1,0,1,4,1,23,5,2,,0,2,1,14,201900055059A01,7,23,1
201900055084,2019-06-19,2019,juin,mercredi,17:45,75,75119,"48,8981780","2,3859910",2,2,3,1,1,4,1,4,1,1,,,1,0,5,4,1,47,1,2,,0,2,1,1,201900055084B01,7,22,1
201900055093,2019-06-08,2019,juin,samedi,16:10,75,75119,"48,8896460","2,3826050",2,4,6,1,1,4,2,2,1,1,,,1,0,5,4,1,24,1,1,2,0,1,1,1,201900055093A01,,,
201900055103,2019-06-07,2019,juin,vendredi,09:01,75,75119,"48,8854190","2,3705560",2,1,6,1,8,4,1,3,1,1,,,1,0,6,4,2,52,0,1,2,0,2,1,7,201900055103A01,7,14,1