Num_Acc,date,an,mois,jour,hrmn,dep,com,lat,long,agg,int,col,lum,atm,catr,circ,nbv,prof,plan,lartpc,larrout,surf,infra,situ,grav,sexe,age,trajet,secuexist,equipement,obs,obsm,choc,manv,vehiculeid,typevehicules,manoeuvehicules,numVehicules
201900055107,2019-06-01,2019,juin,samedi,09:48,75,75119,"48,8901300","2,3835660",2,3,6,1,1,4,2,2,1,1,,,1,0,5,1,1,28,1,2,,0,1,3,1,201900055107A01,,,
201900055127,2019-01-02,2019,janvier,mercredi,16:05,42,42187,"46,0548400","4,0807800",2,8,3,1,1,4,3,2,1,1,,,1,4,1,3,1,35,5,1,2,0,2,7,26,201900055127A01,7,1,1
201900055155,2019-01-02,2019,janvier,mercredi,18:35,26,26058,"44,9485300","4,8927900",2,6,3,2,1,4,2,2,1,1,,,1,0,1,3,1,57,0,1,2,0,2,0,0,201900055155B01,7,9,1
201900055200,2019-10-26,2019,octobre,samedi,15:15,65,65185,"43,2733090"," -0,1155070",1,1,3,1,1,3,2,2,2,1,,,1,0,1,3,1,82,5,1,2/9,0,2,8,1,201900055200B01,0,13,1
201900055247,2019-01-05,2019,janvier,samedi,09:05,75,75120,"48,8696550","2,3821760",2,2,7,1,1,4,2,2,2,1,,,1,0,1,4,1,61,5,1,2,0,0,0,1,201900055247A01,,,
201900055251,2019-01-03,2019,janvier,jeudi,19:43,75,75120,"48,8626650","2,4109820",2,2,6,5,1,4,2,5,2,1,,,1,0,1,4,1,23,5,1,2,0,2,1,1,201900055251A01,7,1,1
201900055277,2019-10-27,2019,octobre,dimanche,13:15,38,38059,"45,1310800","5,7766500",2,3,3,1,1,3,2,2,2,1,,,1,0,1,2,1,48,5,1,2,0,2,1,1,201900055277B01,21,15,1
201900055297,2019-01-03,2019,janvier,jeudi,13:35,75,75114,"48,8314320","2,3380120",2,3,3,1,1,4,2,2,1,1,,,1,0,1,4,2,29,1,1,2,0,2,1,1,201900055297A01,7,15,1
201900055343,2019-09-23,2019,septembre,lundi,19:45,75,75117,"48,8838196","2,3047593",2,2,3,2,1,4,2,2,1,1,,,1,0,1,4,1,22,1,1,2,0,2,1,1,201900055343B01,7,15,1
201900055367,2019-09-23,2019,septembre,lundi,16:10,75,75113,"48,8294431","2,3562697",2,1,3,1,1,4,2,4,2,1,,,1,0,5,4,1,27,5,1,2,0,2,1,1,201900055367B01,7,22,1
201900055373,2019-09-23,2019,septembre,lundi,13:30,75,75111,"48,8540016","2,3689672",2,4,2,1,1,4,3,3,1,1,,,1,5,1,4,2,47,5,1,2,0,2,5,14,201900055373A01,10,1,1
201900055400,2019-10-25,2019,octobre,vendredi,07:15,91,91201,"48,6877800","2,4239100",2,2,3,2,1,4,1,1,1,1,,,1,0, -1,4,1,19,0,2,,0,2,1,26,201900055400B01,3,26,1
201900055406,2019-10-24,2019,octobre,jeudi,15:40,85,85194,"46,5022900"," -1,7408400",2,6,3,1,8,4,2,2,1,1,,,2,5,1,4,2,55,5,2,,0,2,7,2,201900055406B01,7,0,1
201900055432,2019-09-19,2019,septembre,jeudi,16:50,38,38425,"45,4001370","4,7721610",2,1,6,1,1,4,2,2,2,1,,,1,0,4,3,1,13,5,2,,12,0,1,5,201900055432A01,,,
201900055440,2019-09-11,2019,septembre,mercredi,14:00,49,49355,"47,1349760"," -0,8118960",1,1,7,1,1,3,2,2,1,1,,,1,0,1,2,1,72,5,1,2,0,0,0,1,201900055440A01,,,
201900055458,2019-09-18,2019,septembre,mercredi,17:30,63,63180,"45,8636300","3,3020870",2,1,1,1,1,3,2,2,1,1,,,1,0,1,4,1,31,5,1,2,0,2,3,1,201900055458B01,7,15,1
201900055480,2019-09-14,2019,septembre,samedi,11:00,43,43062,"45,0679540","3,7733630",2,1,6,1,1,4,2,2,2,1,,,1,0,1,3,1,71,5,1,2,0,5,1,1,201900055480A01,,,
201900055483,2019-09-23,2019,septembre,lundi,15:00,53,53097,"48,1505730"," -0,3959250",2,6,3,1,1,4,1,1,1,2,,,1,5,1,4,1,55,5,2,,0,2,7,1,201900055483A01,7,1,1
201900055500,2019-10-25,2019,octobre,vendredi,19:25,59,59426,"50,7561350","3,1636290",1,1,2,3,1,7,2,0,1,1,,,1,9,1,4,1,19,0,1,2,0,0,0,0,201900055500B01,7,17,1
201900055510,2019-09-23,2019,septembre,lundi,16:50,974,97415," -21,0751600","55,2273690",2,6,3,2,1,4,2,2,1,1,,,1,0,1,3,1,57,5,1,2,0,2,5,1,201900055510B01,7,9,1
201900055528,2019-09-23,2019,septembre,lundi,19:40,38,38317,"45,1298670","5,6955180",2,1,3,2,1,7,2,2,1,1,,,1,0,1,4,2,12,5,2,,0,2,8,1,201900055528A01,7,1,1
201900055548,2019-01-01,2019,janvier,mardi,10:45,974,97413," -21,1439980","55,2723660",1,1,4,1,1,2,2,2,1,1,,,1,0,5,3,1,50,5,1,2,0,2,4,0,201900055548C01,7,0,1
201900055548,2019-01-01,2019,janvier,mardi,10:45,974,97413," -21,1439980","55,2723660",1,1,4,1,1,2,2,2,1,1,,,1,0,5,3,1,48,5,1,2,0,2,4,0,201900055548B01,7,0,1
201900055613,2019-10-25,2019,octobre,vendredi,15:45,29,29019,"48,3988400"," -4,4944900",2,1,3,1,1,4,2,0,1,1,,,1,0,1,4,1,28,0,2,,0,2,1,19,201900055613B01,37,1,1
201900055644,2019-09-19,2019,septembre,jeudi,08:30,75,75116,"48,8622868","2,2383142",2,2,3,1,1,4, -1,2,1,1,,,1,0,5,4,1,41,5,1,2,0,2,1,17,201900055644B01,1,13,1
201900055644,2019-09-19,2019,septembre,jeudi,08:30,75,75116,"48,8622868","2,2383142",2,2,3,1,1,4, -1,2,1,1,,,1,0,5,1,2,18,2,1,2,0,2,8,13,201900055644A01,1,17,1
201900055647,2019-09-21,2019,septembre,samedi,11:25,75,75115,"48,8332625","2,2993017",2,1,6,1,1,4,2,2,1,1,,,1,0,1,1,1,46,5,1,2,0,1,1,1,201900055647A01,,,
201900055648,2019-09-21,2019,septembre,samedi,08:15,75,75115,"48,8399731","2,2903582",2,2,7,1,1,4,2,3,1,1,,,1,5,1,4,2,59,5,1,2,0,0,8,21,201900055648A01,,,
201900055649,2019-09-22,2019,septembre,dimanche,10:16,75,75113,"48,8419153","2,3678797",2,2,3,1,8,4,2,4,3,1,,,1,0,6,4,1,35,5,1,2,0,2,1,7,201900055649B01,7,15,1
201900055670,2019-09-23,2019,septembre,lundi,14:15,68,68315,"47,8854170","7,2275460",2,1,1,1,1,4,1,1,4,1,,,1,0,1,4,1,15,5,2,,0,2,1,1,201900055670B01,7,1,1
201900055684,2019-07-10,2019,juillet,mercredi,18:25,86,86209,"46,4707660","0,3967100",1,2,3,2,7,3,2,2,2,1,,,1,0,1,4,2,59,5,1,6/2,0,2,1,1,201900055684B01,7,19,1
201900055686,2019-07-12,2019,juillet,vendredi,17:50,68,68115,"47,7490960","7,0925410",2,3,1,1,1,3,2,2,1,1,,,1,0,1,4,1,73,5,1,2,0,2,1,1,201900055686B01,7,15,1
201900055691,2019-07-05,2019,juillet,vendredi,16:30,44,44063,"47,0762890"," -1,2485010",2,3,3,1,1,4,2,2,2,1,,,1,0,1,4,1,12,5,2,,0,2,7,26,201900055691B01,7,1,1
201900055698,2019-06-21,2019,juin,vendredi,14:20,38,38039,"45,2718960","5,8687950",2,1,2,1,1,3,2,2,2,1,,,1,0,1,4,1,60,5,1,2,0,2,1,1,201900055698B01,7,15,1
201900055715,2019-07-13,2019,juillet,samedi,05:10,14,14738,"49,1553370"," -0,4602840",1,3,2,2,1,3,2,2,4,1,,,1,0,1,4,1,58,1,1,2/4/9,0,0,4,1,201900055715A01,7,0,1
201900055722,2019-07-12,2019,juillet,vendredi,09:55,73,73159,"45,4710523","6,0785374",1,2,3,1,1,3,2,2,3,1,,,1,0,1,4,1,49,5,1,2,0,2,1,19,201900055722B01,7,1,1
201900055736,2019-07-12,2019,juillet,vendredi,11:10,4,04166,"43,8184070","6,1010750",2,1,7,1,1,3,2,2,2,1,,,1,0,1,4,1,15,5,1,2,0,0,8,1,201900055736A01,,,
201900055775,2019-07-05,2019,juillet,vendredi,17:00,77,77183,"48,9450520","3,1294350",2,1,3,1,1,4,2,2,1,1,,,1,0,1,4,1,41,3,2,,0,9,5,15,201900055775A01,1,1,1
201900055777,2019-07-12,2019,juillet,vendredi,13:00,95,95301,"49,0765290","1,6798510",2,1,1,1,1,3,2,2,1,1,,,1,0,1,3,1,69,5,1,6,0,2,1,1,201900055777B01,7,13,1
201900055785,2019-06-16,2019,juin,dimanche,11:00,83,83071,"43,1767240","6,2123300",1,1,7,1,1,3,2,2,1,1,,,1,0,1,3,1,66,5,1,2,0,0,0,0,201900055785A01,,,
201900055788,2019-07-12,2019,juillet,vendredi,10:30,83,83059,"43,3333660","6,0748000",1,1,2,1,1,3,2,2,1,1,,,1,0,1,3,1,85,5,1,2,0,2,4,1,201900055788B01,7,1,1
201900055789,2019-07-13,2019,juillet,samedi,07:40,6,06075,"43,8298630","7,2391290",1,1,1,1,7,7,2,2,2,2,,,1,0,1,3,1,73,5,1,2,0,2,1,13,201900055789A01,2,1,1
201900055801,2019-07-10,2019,juillet,mercredi,19:30,68,68223,"48,0267340","7,0867590",2,3,1,1,1,4,2,2,4,1,,,1,0,1,4,1,9,5,1,2,0,2,7,1,201900055801B01,7,15,1
201900055812,2019-07-12,2019,juillet,vendredi,09:40,33,33243,"44,9068320"," -0,2350480",2,1,3,1,7,4,2,2,1,1,,,1,0,1,4,1,86,0,2,,0,2,7,0,201900055812B01,7,0,1
201900055833,2019-07-13,2019,juillet,samedi,10:30,91,91377,"48,7274000","2,2882000",1,1,3,1,1,3,3,3,1,1,,,1,0,3,4,1,72,0,1,2,0,2,4,2,201900055833B01,10,2,1
201900055917,2019-03-27,2019,mars,mercredi,18:45,974,97416," -20,9443200","55,6493300",1,1,6,3,2,3,2,2,2,1,,,1,0,1,3,1,34,0,2,,0,2,1,1,201900055917B01,7,15,1
201900055946,2019-03-26,2019,mars,mardi,17:15,64,64445,"43,3231400"," -0,3458900",2,3,3,1,1,4,2,2,1,1,,,1,0,1,4,2,73,5,2,,0,2,1,1,201900055946B01,7,15,1
201900055951,2019-03-26,2019,mars,mardi,09:05,56,56107,"47,7095800"," -3,3844000",2,6,3,1,1,4,2,2,1,1,,,1,5,1,4,2,41,0,1,2,0,2,7,0,201900055951B01,7,9,1
201900056003,2019-03-27,2019,mars,mercredi,09:15,75,75106,"48,8529170","2,3369820",2,2,3,1,1,4,1,3,1,1,,,1,0,6,4,2,61,5,2,,0,2,4,7,201900056003B01,10,16,1
201900056015,2019-03-27,2019,mars,mercredi,10:10,75,75107,"48,8539570","2,3095310",2,2,3,1,1,4,2,3,1,1,,,1,0,1,4,1,85,5,2,,0,2,1,1,201900056015A01,33,1,1
201900056067,2019-08-16,2019,août,vendredi,16:10,56,56107,"47,7178600"," -3,3700100",2,1,6,1,2,6, -1, -1,1,1,,,2,0,1,4,2,59,5,1,2,12,0,7,14,201900056067A01,,,
201900056094,2019-08-19,2019,août,lundi,19:15,14,14338,"49,3000000","0,0760000",2,3,1,1,1,4,1,1,1,1,,,1,0,1,4,1,16,5,2,,0,2,1,0,201900056094B01,7,19,1
201900056103,2019-08-18,2019,août,dimanche,16:10,75,75117,"48,8818519","2,2855592",2,3,3,1,1,4,2,5,1,1,,,1,0,1,4,1,67,5,1,2,0,2,1,5,201900056103A01,7,1,1
201900056132,2019-08-20,2019,août,mardi,14:30,83,83070,"43,1590790","6,4323960",2,1,2,1,7,4,2,2,2,3,,,1,0,1,4,2,66,5,1,2,12,0,4,1,201900056132B01,2,1,1
201900056137,2019-08-20,2019,août,mardi,17:55,80,80410,"49,7622470","3,0798920",1,1,3,1,1,3,2,2,1,1,,,1,0,5,3,1,18,0,2,,0,2,9,15,201900056137B01,14,17,1
201900056147,2019-08-20,2019,août,mardi,05:30,26,26178,"44,6666270","5,4284380",1,1,3,3,1,3,2,2,1,1,,,2,0,1,3,1,29,3,1,9,0,2,2,1,201900056147A01,7,0,1
201900056171,2019-08-20,2019,août,mardi,14:05,974,97418," -20,8977800","55,5335250",2,4,3,1,1,4,2,2,2,1,,,1,0,1,3,1,18,5,2,,0,2,1,1,201900056171B01,17,15,1
201900056181,2019-08-18,2019,août,dimanche,10:05,74,74155,"46,2824890","6,5204660",2,2,3,1,1,3,2,2,2,1,,,1,0,1,4,1,67,5,1,2,0,2,1,1,201900056181B01,7,9,1
201900056187,2019-08-18,2019,août,dimanche,10:45,29,29198,"48,5841950"," -4,2818030",1,1,2,1,1,3,2,2,1,1,,,1,0,1,3,1,72,5,1,2,0,2,1,2,201900056187A01,1,2,1
201900056187,2019-08-18,2019,août,dimanche,10:45,29,29198,"48,5841950"," -4,2818030",1,1,2,1,1,3,2,2,1,1,,,1,0,1,1,1,74,5,1,2,0,2,4,2,201900056187B01,1,2,1
201900056203,2019-06-19,2019,juin,mercredi,08:55,91,91657,"48,6993900","2,4170800",2,1,2,1,1,4,1,2,2,1,,,1,0,1,4,2,60,0,1,2,0,2,1,1,201900056203B01,7,23,1
201900056210,2019-08-17,2019,août,samedi,11:00,74,74281,"46,3521349","6,4396622",1,1,5,1,1,3,2,2,2,2,,,1,2,1,4,1,83,5,1,2,0,0,0,0,201900056210C01,7,17/0,2
201900056213,2019-08-18,2019,août,dimanche,11:50,64,64189,"43,3833900"," -1,6674900",2,1,2,1,1,4,2,2,1,1,,,1,0,1,4,1,67,0,2,,0,2,1,2,201900056213A01,7,1,1
201900056231,2019-08-17,2019,août,samedi,13:45,3,03185,"46,3527198","2,5878609",2,1,6,1,1,4,2,4,1,1,,,1,0,1,3,2,64,5,2,,1,0,1,21,201900056231B01,7,22,1
201900056240,2019-05-13,2019,mai,lundi,12:30,6,06152,"43,6444471","7,0492435",1,6,3,1,1,3, -1,2,1,2,,,1,0,1,3,1,52,5,1,2,0,2,7,1,201900056240B01,7,26,1
201900056302,2019-05-13,2019,mai,lundi,16:40,86,86096,"46,8137500","0,3168450",1,2,3,1,1,3,2,2,1,1,,,1,5,1,3,1,71,0,2,,0,2,8,19,201900056302A01,17,1,1
201900056353,2019-02-13,2019,février,mercredi,08:35,64,64284,"43,2857279"," -0,3995755",2,6,2,1,1,3,2,2,1,1,,,1,0,1,4,1,41,9,1,2,0,2,6,0,201900056353B01,7,9,1
201900056362,2019-12-02,2019,décembre,lundi,11:30,75,75116,"48,8582110","2,2550270",2,1,3,1,1,4,2,2,1,1,,,1,0,5,4,1,44,1,1,2,0,2,7,5,201900056362B01,7,16,1
201900056394,2019-12-02,2019,décembre,lundi,18:00,75,75111,"48,8640320","2,3707510",2,2,3,5,1,4,1,3,1,1,,,1,0,5,4,1,35,0,1,2,0,2,3,1,201900056394B01,7,15,1
201900056415,2019-02-13,2019,février,mercredi,19:55,56,56121,"47,7358600"," -3,3747300",2,6,3,4,1,3,2,2,1,1,,,1,0,1,4,1,26,5,2,,0,2,7,19,201900056415B01,7,16,1
201900056440,2019-02-12,2019,février,mardi,19:35,50,50129,"49,6350100"," -1,6009500",2,2,3,5,1,3,3,4,1,1,,,1,5,1,3,1,35,0,2,,0,2,1,19,201900056440A01,7,1,1
201900056442,2019-02-15,2019,février,vendredi,17:40,47,47323,"44,4148000","0,7617900",1,3,3,1,7,4,2,2,1,1,,,1,0,1,3,1,48,5,1,2,0,2,7,1,201900056442B01,7,16,1
201900056452,2019-05-25,2019,mai,samedi,12:50,973,97305,"5,0011941"," -52,4583119",1,1,3,1,1,2,2,2,1,1,,,1,0,1,3,1,17,5,2,,0,2,8,1,201900056452B01,7,17,1
201900056564,2019-05-22,2019,mai,mercredi,19:30,95,95351,"49,0480440","2,5064500",2,3,3,1,1,3,2,2,2,1,,,1,0,1,3,1,46,5,1,2/6/9,14,2,1,1,201900056564A01,13,15,1
201900056580,2019-06-18,2019,juin,mardi,20:40,75,75117,"48,8921010","2,3256410",2,1,1,1,1,4,1,2,1,1,,,1,0,5,4,1,37,1,1,2,0,2,1,1,201900056580B01,32,13,1
201900056585,2019-06-17,2019,juin,lundi,15:55,75,75117,"48,8853910","2,2913030",2,7,6,1,1,4,3,2,1,1,,,1,0,1,4,1,47,5,2,,12,0,1,15,201900056585A01,,,
201900056600,2019-05-12,2019,mai,dimanche,10:35,78,78062,"48,8506510","1,8949420",1,3,3,1,1,3,2,2,2,1,,,1,5,1,3,1,30,5,1,2,0,2,1,1,201900056600B01,7,15,1
201900056602,2019-12-02,2019,décembre,lundi,15:29,88,88196,"48,0759050","6,8763990",2,2,3,1,1,3,2,2,1,1,,,1,0,5,4,1,39,0,2,,0,2,1,1,201900056602B01,7,15,1
201900056610,2019-05-12,2019,mai,dimanche,12:00,78,78590,"48,6863980","1,9811360",1,1,6,1,1,3,2,2,1,2,,,1,0,1,4,1,42,5,1,2,0,2,1,0,201900056610B01,33,13,1
201900056613,2019-06-11,2019,juin,mardi,11:05,75,75117,"48,8849100","2,3250340",2,3,6,1,1,4,1,1,1,1,,,1,0,1,1,1,26,1,1,2,0,1,1,15,201900056613A01,,,
201900056635,2019-06-02,2019,juin,dimanche,23:47,75,75117,"48,8911090","2,3180520",2,3,3,5,1,4,2,2,1,1,,,1,0,1,4,1,28,5,2,,0,2,3,13,201900056635A01,7,1,1
201900056663,2019-05-09,2019,mai,jeudi,08:50,66,66037,"42,6970490","3,0298580",2,6,3,1,1,4,2,2,1,2,,,1,0,1,4,1,64,5,1,2,0,0,8,1,201900056663B01,7,1,1
201900056666,2019-06-13,2019,juin,jeudi,13:30,75,75116,"48,8720810","2,2755300",2,7,3,1,1,4,1,1,1,1,,,1,0,1,4,2,77,5,2,,0,2,4,1,201900056666B01,7,14,1
201900056714,2019-06-05,2019,juin,mercredi,17:00,75,75116,"48,8541480","2,2780790",2,1,6,1,2,4,1,2,2,1,,,2,0,1,4,1,45,4,2,,1,0,2,14,201900056714A01,,,
201900056743,2019-05-29,2019,mai,mercredi,20:30,75,75116,"48,8768540","2,2826470",2,7,3,1,1,4,1,3,1,1,,,1,0,1,4,1,49,5,1,2,0,2,1,1,201900056743B01,7,9,1
201900056748,2019-06-19,2019,juin,mercredi,07:15,75,75106,"48,8461780","2,3178660",2,3,3,1,1,4,2,2,1,1,,,1,0,6,4,1,57,1,2,,0,2,8,1,201900056748B01,7,14,1
201900056753,2019-06-18,2019,juin,mardi,19:30,75,75115,"48,8335020","2,2865560",2,3,3,1,1,4,1,2,1,1,,,1,0,5,4,1,33,1,2,,0,2,1,1,201900056753B01,10,16,1
201900056768,2019-06-14,2019,juin,vendredi,08:45,75,75115,"48,8289320","2,2941560",2,2,3,1,1,4,2,4,1,1,,,1,0,6,4,1,61,4,1,2,0,2,1,7,201900056768B01,10,16,1
201900056769,2019-06-13,2019,juin,jeudi,00:30,75,75115,"48,8477960","2,3014130",2,7,3,5,1,4,2,3,1,1,,,1,0,1,4,1,43,5,2,,0,2,1,18,201900056769B01,7,22,1
201900056806,2019-06-12,2019,juin,mercredi,20:35,75,75114,"48,8405670","2,3269640",2,1,6,1,8,4,1,1,1,1,,,2,0,1,4,1,29,9,1,2,1,2,1,2,201900056806A01,1,2,1
201900056806,2019-06-12,2019,juin,mercredi,20:35,75,75114,"48,8405670","2,3269640",2,1,6,1,8,4,1,1,1,1,,,2,0,1,4,1,28,9,1,2,0,2,1,2,201900056806B01,1,2,1
201900056818,2019-02-16,2019,février,samedi,17:49,75,75110,"48,8681540","2,3654170",2,4,6,1,1,4,2,2,1,1,,,1,0,1,3,2,52,0,2,,0,1,1,1,201900056818A01,,,
201900056819,2019-06-07,2019,juin,vendredi,10:35,75,75114,"48,8337030","2,3319260",2,7,6,1,2,4,2,4,1,1,,,2,0,1,4,1,28,4,1,2,0,2,0,1,201900056819B01,10,14,1
201900056827,2019-06-01,2019,juin,samedi,13:00,75,75114,"48,8291150","2,3064220",2,3,6,1,1,4,1,2,1,1,,,1,9,5,4,1,68,0,1,2,0,2,1,19,201900056827A01,10,1,1
201900056835,2019-06-18,2019,juin,mardi,20:00,75,75113,"48,8235910","2,3773870",2,1,3,1,1,4,2,3,1,1,,,1,0,5,4,1,49,0,1,2,0,2,1,1,201900056835B01,10,16,1
201900056855,2019-02-13,2019,février,mercredi,22:55,75,75119,"48,8894930","2,3751240",2,1,3,5,1,4,1,1,1,1,,,1,0,1,3,1,21,0,1,2,0,2,2,19,201900056855B01,43,1,1
201900056863,2019-06-13,2019,juin,jeudi,09:40,75,75113,"48,8285330","2,3843870",2,1,6,1,2,4,2,6,1,1,,,1,0,5,4,1,48,4,1,2,0,1,2,1,201900056863A01,,,
201900056866,2019-06-12,2019,juin,mercredi,09:40,75,75113,"48,8430700","2,3663340",2,3,3,1,1,4,2,4,1,1,,,1,0,5,4,2,24,1,1,2,0,2,1,1,201900056866B01,10,16,1
201900056871,2019-02-14,2019,février,jeudi,14:40,75,75117,"48,8811390","2,3150520",2,1,6,1,1,4,2,5,1,1,,,1,0,5,1,1,28,9,1,2,0,1,7,1,201900056871A01,,,
201900056875,2019-06-04,2019,juin,mardi,19:00,75,75113,"48,8365600","2,3592870",2,2,2,1,1,4,3,2,1,1,,,2,0,1,4,1,37,1,1,2,0,2,1,14,201900056875A01,10,23,1
201900056888,2019-11-30,2019,novembre,samedi,15:20,75,75109,"48,8742940","2,3332561",2,1,6,1,1,4,1,1,1,1,,,1,0,5,4,1,20,4,1,2,0,1,1,1,201900056888A01,,,
201900056890,2019-12-01,2019,décembre,dimanche,01:55,94,94067,"48,8459300","2,4236800",2,1,2,5,1,3,2,4,1,1,,,1,0,1,4,1,27,9,1,2,0,2,4,0,201900056890B01,10,0,1
201900056891,2019-02-15,2019,février,vendredi,20:34,75,75106,"48,8459300","2,3183400",2,1,3,5,1,4,2,6,1,1,,,1,0,1,4,2,41,5,1,2,0,2,5,19,201900056891B01,32,1,1
201900056893,2019-02-15,2019,février,vendredi,19:50,75,75115,"48,8352390","2,3004690",2,2,3,5,1,4,1,2,1,1,,,1,0,1,4,2,31,4,1,2,0,2,1,1,201900056893B01,7,9,1
201900056911,2019-06-14,2019,juin,vendredi,20:00,75,75112,"48,8211800","2,4527760",2,3,3,1,1,4,2,2,1,1,,,1,0,1,4,1,32,5,1,2,0,2,7,19,201900056911B01,7,14,1
201900056912,2019-06-13,2019,juin,jeudi,17:45,75,75112,"48,8428180","2,4099970",2,1,6,1,3,4,1,2,1,1,,,2,0,5,4,1,24,1,2,,0,2,8,1,201900056912A01,1,17,1
201900056919,2019-05-31,2019,mai,vendredi,20:45,75,75112,"48,8392070","2,3919280",2,1,4,1,1,4,2,2,1,1,,,1,0,1,4,1,38,5,1,2,0,2,7,1,201900056919B01,7/ 50,22/1,2
201900056923,2019-05-30,2019,mai,jeudi,15:50,75,75112,"48,8498450","2,3740130",2,1,6,1,1,4,1,1,1,1,,,1,0,1,1,1,25,5,1,2,0,1,1,1,201900056923A01,,,
201900056927,2019-06-15,2019,juin,samedi,16:05,75,75111,"48,8713200","2,3775230",2,1,3,1,1,4,3,1,1,1,,,1,0,1,4,2,39,5,1,2,0,2,3,9,201900056927B01,7,1,1
201900056929,2019-06-06,2019,juin,jeudi,10:30,75,75111,"48,8581350","2,3719830",2,3,3,1,1,4,1,1,1,1,,,1,0,1,4,1,30,0,2,,0,2,2,17,201900056929B01,7,15,1
201900056932,2019-05-31,2019,mai,vendredi,17:20,75,75111,"48,8534210","2,3694840",2,7,3,1,1,4,1,2,1,1,,,1,8,1,4,1,50,0,1,2,0,2,3,11,201900056932B01,7,1,1
201900056934,2019-06-15,2019,juin,samedi,01:34,75,75110,"48,8769700","2,3488660",2,1,6,5,2,4,2,1,2,1,,,2,9,5,1,2,27,5,1,2/4,0,1,1,1,201900056934A01,,,
201900056938,2019-06-06,2019,juin,jeudi,10:35,75,75110,"48,8842000","2,3594070",2,5,3,1,1,4,2,2,1,1,,,1,2,1,4,2,32,1,1,2,0,2,6,1,201900056938B01,10,14,1
201900056951,2019-06-19,2019,juin,mercredi,09:15,75,75108,"48,8687600","2,3110620",2,7,3,1,1,4,4,4,1,1,,,1,5,1,4,2,26,9,2,,0,2,6,13,201900056951A01,31,1,1
201900056980,2019-06-17,2019,juin,lundi,13:25,75,75102,"48,8695420","2,3367880",2,2,3,1,1,4,1,3,1,1,,,1,0,6,4,1,28,4,2,,0,2,1,1,201900056980B01,10,22,1
201900056981,2019-06-17,2019,juin,lundi,09:53,75,75104,"48,8539470","2,3647480",2,3,3,1,1,4,2,4,1,1,,,1,9,5,4,2,63,1,1,2,0,2,1,1,201900056981B01,7,4,1
201900056987,2019-06-04,2019,juin,mardi,19:30,75,75103,"48,8643840","2,3618140",2,2,3,1,1,4, -1,1,1,1,,,1,0,1,1,1,21,0,1,2,0,2,0,1,201900056987B01,50,1,1
201900056990,2019-06-01,2019,juin,samedi,11:20,75,75101,"48,8577120","2,3477530",2,7,2,1,1,4,1,4,1,1,,,1,0,1,4,1,69,1,2,,0,2,4,23,201900056990B01,7,1,1
201900057002,2019-07-10,2019,juillet,mercredi,17:15,69,69383,"45,7589883","4,8491802",2,2,3,1,1,4,1,1,1,1,,,1,0,1,3,1,30,0,2,,0,2,1,9,201900057002A01,7,1,1
201900057005,2019-07-09,2019,juillet,mardi,19:42,69,69386,"45,7637379","4,8637665",2,2,1,1,1,4,1,1,1,1,,,1,0,1,4,1,43,1,2,,0,2,1,1,201900057005A01,7,15,1
201900057017,2019-07-09,2019,juillet,mardi,11:12,87,87085,"45,8240800","1,2259500",2,2,6,1,1,4,1,2,1,2,,,1,5,1,4,2,35,5,2,,0,2,7,1,201900057017B01,7,16,1
201900057022,2019-06-26,2019,juin,mercredi,13:10,85,85191,"46,6573800"," -1,4238800",2,1,3,1,7,4, -1,2,1,1,,,1,0,1,4,2,21,5,1,2,0,2,7,1,201900057022B01,7,9,1
201900057038,2019-07-09,2019,juillet,mardi,10:35,72,72181,"47,9901100","0,2063800",2,1,3,1,1,4,3,2,1,1,,,1,0,1,4,1,42,0,2,,1,0,3,1,201900057038B01,7,22,1
201900057047,2019-07-08,2019,juillet,lundi,19:00,69,69275,"45,7722816","4,9599023",2,1,1,1,1,4,2,2,2,1,,,1,0,1,3,1,11,5,1,2,0,2,3,19,201900057047B01,7,1,1
201900057049,2019-07-09,2019,juillet,mardi,18:00,67,67482,"48,5757800","7,7782700",2,1,3,1,1,4,3,4,1,1,,,1,0,1,3,1,19,0,2,,0,2,1,1,201900057049B01,7,16,1
201900057058,2019-01-04,2019,janvier,vendredi,13:45,44,44151,"47,3339010"," -2,3310010",1,3,2,1,1,3,2,2,1,1,,,1,0,1,3,1,70,5,1,2,1,0,1,1,201900057058B01,7,23,1
201900057059,2019-01-05,2019,janvier,samedi,16:00,31,31462,"43,6705510","1,5179410",2,1,2,1,7,3,2,2,2,1,,,1,0,1,3,1,68,5,1,2,0,0,6,3,201900057059A01,7,2,1
201900057085,2019-07-10,2019,juillet,mercredi,16:25,34,34172,"43,6161900","3,8360500",2,1,7,1,1,4,2,2,1,1,,,1,0,1,1,1,33,5,2,,0,1,1,1,201900057085A01,,,
201900057133,2019-07-10,2019,juillet,mercredi,19:45,75,75118,"48,8946400","2,3471300",2,2,6,1,1,4,1,2,1,1,,,1,0,5,4,1,37,9,2,,0,2,1,1,201900057133A01,30,16,1