Num_Acc,date,an,mois,jour,hrmn,dep,com,lat,long,agg,int,col,lum,atm,catr,circ,nbv,prof,plan,lartpc,larrout,surf,infra,situ,grav,sexe,age,trajet,secuexist,equipement,obs,obsm,choc,manv,vehiculeid,typevehicules,manoeuvehicules,numVehicules
202000000481,2020-10-16,2020,octobre,vendredi,19:40,63,63113,"45,7981400","3,1467600",1,6, -1,5,8,7,4,0,1,2,, -1,2,0,1,4,1,28,1,1,4,0,2,2,9,202000000481B01,7,9,1
202000000523,2020-10-19,2020,octobre,lundi,13:00,75,75114,"48,8198200","2,3407250",2,1,3,1,1,4,1,4,2,1,, -1,1, -1,5,4,2,47,5,2,,0,2,3,1,202000000523B01,80,17,1
202000000526,2020-10-19,2020,octobre,lundi,19:35,75,75111,"48,8637650","2,3701090",2,2,3,5,1,4,2,2,1,1,, -1,1, -1,5,1,1,18,9,2,,0,2,4,1,202000000526B01,32,1,1
202000000528,2020-10-19,2020,octobre,lundi,09:55,75,75109,"48,8831930","2,3498770",2,4,3,1,1,4,1,1,1,1,, -1,1, -1,5,4,2,26,1,2,,0,2,1,1,202000000528A01,10,1,1
202000000553,2020-10-19,2020,octobre,lundi,15:32,68,68300,"47,7849820","7,3677360",2,6,3,1,1,3,2,2,1,3,, -1,1,5,1,4,1,42,5,2,,0,2,8,1,202000000553B01,7,16,1
202000000563,2020-10-16,2020,octobre,vendredi,17:30,34,34036,"43,6793870","3,3959770",1,1,3,1,1,3,2,2,1,1,, -1,1,0,1,3,1,72,5,1,2,0,0,4,2,202000000563A01,7,2,1
202000000569,2020-09-15,2020,septembre,mardi,08:00,60,60067,"49,2949960","2,8149870",2,1,3,2,7,3,2,2,1,1,, -1,1,0,1,4,1,48,9,2,,0,2,2,2,202000000569B01,7,2,1
202000000607,2020-08-26,2020,août,mercredi,08:30,13,13069,"43,6262130","5,1505060",1,6,3,1,1,3,2,2,1,2,, -1,1,0,1,3,1,66,5,2,,0,2,2,1,202000000607B01,7,9,1
202000000622,2020-08-05,2020,août,mercredi,08:05,38,38317,"45,1319440","5,6999350",2,1,6,1,1,3,1,1,1,1,, -1,1,0,5,3,2,44,5,1,2,0,1,1,21,202000000622A01,,,
202000000623,2020-08-13,2020,août,jeudi,00:30,17,17019,"46,2100340"," -1,5128250",2,1,1,3,1,4,2,2,1,3,, -1,2,0,5,1,1,19,5,2,,0,2,3,1,202000000623B01,1,1,1
202000000623,2020-08-13,2020,août,jeudi,00:30,17,17019,"46,2100340"," -1,5128250",2,1,1,3,1,4,2,2,1,3,, -1,2,0,5,3,1,53,5,2,,0,9,3,1,202000000623A01,1,1,1
202000000624,2020-08-24,2020,août,lundi,10:30,40,40184,"44,2070890"," -1,2952760",2,2,3,1,1,4,2,2,1,1,, -1,1,0,1,3,1,14,5,1,2,0,2,1,19,202000000624B01,7,1,1
202000000672,2020-08-22,2020,août,samedi,19:40,54,54339,"48,7090950","6,1809909",2,1,6,1,1,4,2,2,1,1,, -1,1,0,1,3,2,55,0,2,,16,0,1,15,202000000672A01,,,
202000000706,2020-08-23,2020,août,dimanche,23:20,75,75116,"48,8579240","2,2879310",2,3,3,5,1,4,2,4,1,1,, -1,1, -1,5,4,1,27,5,1,2,0,2,4,19,202000000706B01,33,1,1
202000000712,2020-08-24,2020,août,lundi,18:30,75,75101,"48,8637250","2,3320440",2,7,1,1,1,4,2,2,1,1,, -1,1, -1,5,4,2,29,1,1,2,0,2,1,1,202000000712A01,50,13,1
202000000746,2020-08-25,2020,août,mardi,08:25,65,65439,"43,3174660"," -0,0095380",2,1,6,1,1,3,2,2,2,1,, -1,1,0,1,3,1,72,5,1,2/6,16,6,7,1,202000000746A01,,,
202000000765,2020-12-17,2020,décembre,jeudi,17:25,93,93055,"48,9013125","2,4022089",2,1,3,2,1,4,2,2,1,1,, -1,1,0,4,2,2,3,9,2,,0,2,0,26,202000000765Y01,38,9,1
202000000859,2020-06-28,2020,juin,dimanche,09:00,85,85074,"46,5249500"," -1,2626200",2,1, -1,1,1,3,2, -1,1,1,, -1,1,0,1,4,1,56,5,1,2,0,5,0,1,202000000859A01,1,1,1
202000000859,2020-06-28,2020,juin,dimanche,09:00,85,85074,"46,5249500"," -1,2626200",2,1, -1,1,1,3,2, -1,1,1,, -1,1,0,1,4,1,20,5,1,2,0,5,0,1,202000000859B01,1,1,1
202000000883,2020-07-01,2020,juillet,mercredi,00:05,75,75110,"48,8696440","2,3544300",2,1,3,5,1,4,1,2,1,1,, -1,1, -1,5,4,1,60,9,2,,0,2,1,1,202000000883A01,7,22,1
202000000916,2020-12-01,2020,décembre,mardi,14:50,75,75120,"48,8581180","2,4033760",2,3,2,1,1,4,2,2,1,1,, -1,1,0,1,4,1,36,9,1,2,0,2,4,2,202000000916A01,7,2,1
202000000918,2020-12-01,2020,décembre,mardi,17:15,75,75119,"48,8821460","2,4005040",2,1,7,5,8,4,2,4,2,2,, -1,2, -1,5,4,1,38,9,1,2,0,0,0,1,202000000918A01,,,
202000000920,2020-12-01,2020,décembre,mardi,06:55,75,75119,"48,8745550","2,3850850",2,1,3,5,1,4,1,1,1,1,, -1,2,0,1,4,2,32,1,1,2,0,2,2,1,202000000920B01,7,22,1
202000000926,2020-12-01,2020,décembre,mardi,11:19,75,75107,"48,8610440","2,3132520",2,2,3,1,1,4,2,6,1,1,, -1,1,0,1,4,2,48,9,1,2,0,2,7,13,202000000926B01,7,1,1
202000000951,2020-10-23,2020,octobre,vendredi,07:45,80,80521,"49,9829630","2,8509670",1,1,4,3,5,3,2,2,1,3,, -1,2,0,1,3,1,38,1,2,,0,2,4,2,202000000951B01,10,2,1
202000000951,2020-10-23,2020,octobre,vendredi,07:45,80,80521,"49,9829630","2,8509670",1,1,4,3,5,3,2,2,1,3,, -1,2,0,1,3,1,25,1,2,,0,2,4,2,202000000951C01,10,2,1
202000000954,2020-11-28,2020,novembre,samedi,10:45,25,25527,"47,1885060","5,8543070",2,1,1,1,1,4,2,2,4,3,, -1,1,0,1,3,2,14,5,2,,0,2,0,0,202000000954B01,7,21,1
202000000998,2020-11-30,2020,novembre,lundi,17:15,75,75116,"48,8629840","2,2879010",2,7,3,2,1,4,1,4,1,1,, -1,1,0,1,4,2,54,1,1,2,0,2,3,1,202000000998B01,7,1,1
202000001004,2020-11-30,2020,novembre,lundi,18:38,75,75108,"48,8754160","2,3254150",2,1,3,5,1,4,2,5,1,1,, -1,1, -1,5,4,2,17,5,1,2,0,2,1,1,202000001004B01,7,22,1
202000001024,2020-11-28,2020,novembre,samedi,16:15,89,89419,"47,7342250","3,2978100",2,1,2,1,1,3,2,2,1,1,, -1,1,9,1,3,1,65,5,1,2/6,0,2,4,1,202000001024B01,7,1,1
202000001030,2020-11-28,2020,novembre,samedi,10:20,72,72172,"48,0694380","0,5876180",2,1,3,1,7,3,2,2,4,1,, -1,1,0,1,3,2,64,5,2,,0,0,6,2,202000001030B01,7,2,1
202000001072,2020-03-06,2020,mars,vendredi,07:30,45,45234,"47,9277000","1,9377300",2,6,3,2,7,4,2,2,1,2,, -1,1,0,1,4,1,50,0,2,,0,2,7,1,202000001072B01,7,9,1
202000001097,2020-03-06,2020,mars,vendredi,09:22,14,14167,"49,2059600"," -0,2991400",2,1,2,1,1,4, -1,0,1,1,, -1,1,0,1,4,2,44,4,2,,0,2,1,1,202000001097B01,10,20,1
202000001109,2020-03-05,2020,mars,jeudi,20:45,75,75106,"48,8540310","2,3301890",2,1,3,5,2,4,1,1,1,1,, -1,2,0,1,4,2,27,1,1,2,0,2,8,13,202000001109B01,32,17,1
202000001112,2020-03-05,2020,mars,jeudi,13:45,75,75120,"48,8747390","2,4030730",2,1,3,1,8,4,2,2,1,1,, -1,2,0,1,4,1,66,5,1,2,0,2,1,1,202000001112B01,7,17,1
202000001124,2020-03-06,2020,mars,vendredi,09:00,75,75110,"48,8733964","2,3526469",2,3, -1,1,1,4,1,1,1,1,, -1,2,0,1,4,1,44,1,2,,0,2,1,16,202000001124B01,10,22,1
202000001135,2020-03-03,2020,mars,mardi,11:35,94,94058,"48,8500000","2,5000000",2,1,5,1,1,3,1,2,1,1,, -1,1,0,1,4,2,16,2,2,,0,2,8,19,202000001135Y01,7,1,2
202000001161,2020-03-03,2020,mars,mardi,13:30,74,74256,"45,9372710","6,6271090",2,2,3,1,1,4,1,1,1,1,, -1,1,0,1,3,1,14,5,1,2,0,2,1,1,202000001161A01,7,1,1
202000001192,2020-03-06,2020,mars,vendredi,10:00,24,24194,"44,8370170","0,3328730",2,9,3,1,1,3,2,2,1,1,, -1,2,0,1,3,2,48,0,2,,0,0,3,1,202000001192B01,15,2,1
202000001212,2020-03-07,2020,mars,samedi,15:30,69,69094,"45,7411380","4,6909890",2,6,2,1,1,3,2,2,1,3,, -1,2,0,1,4,1,44,5,2,,0,0,4,18,202000001212A01,7,2,1
202000001216,2020-03-06,2020,mars,vendredi,16:00,14,14762,"48,8696480"," -0,8687350",2,3,3,1,1,3,2,2,1,1,, -1,1,0,1,3,1,63,5,1,6,0,2,2,1,202000001216B01,7,16,1
202000001280,2020-05-22,2020,mai,vendredi,11:30,05,05004,"44,6317760","6,2054780",1,1,7,1,1,3,2,2,2,1,, -1,1,0,1,4,1,63,5,1,2,0,0,0,1,202000001280A01,,,
202000001284,2020-05-22,2020,mai,vendredi,10:00,85,85127,"46,4342400"," -1,5044900",1,1,7,1,1,3,2,2,1,1,,4,1,0,1,3,1,82,5,1,2,0,0,0,1,202000001284A01,,,
202000001285,2020-05-21,2020,mai,jeudi,19:15,87,87154,"45,9129480","0,8998810",1,2,3,1,7,4,2,2,1,1,, -1,1,0,1,3,1,15,5,2,,0,0,6,1,202000001285A01,7,13,1
202000001300,2020-05-20,2020,mai,mercredi,10:10,56,56176,"47,6805660"," -2,9353780",1,1,7,1,1,3,2,2,1,1,, -1,1,0,1,2,1,70,5,1,2,0,0,0,1,202000001300A01,,,
202000001358,2020-05-19,2020,mai,mardi,19:30,54,54395,"48,7058300","6,1734000",2,3,3,1,1,4,1,1,1,1,, -1,1,0,1,4,1,30,0,2,,0,2,0,19,202000001358A01,1,16,1
202000001358,2020-05-19,2020,mai,mardi,19:30,54,54395,"48,7058300","6,1734000",2,3,3,1,1,4,1,1,1,1,, -1,1,0,1,1,1,14,0,2,,0,2,0,16,202000001358B01,1,19,1
202000001407,2020-05-20,2020,mai,mercredi,16:45,75,75119,"48,8894960","2,3811310",2,1,3,1,1,4,1,1,1,1,, -1,1, -1,5,4,2,44,5,1,2,0,2,7,1,202000001407A01,60,19,1
202000001408,2020-05-20,2020,mai,mercredi,17:05,75,75119,"48,8988720","2,3793240",2,1,6,1,1,4,1,1,1,1,, -1,1, -1,5,1,2,24,1,2,,0,1,7,1,202000001408A01,,,
202000001410,2020-05-20,2020,mai,mercredi,14:50,75,75117,"48,8842550","2,3026880",2,2,3,1,1,4,2,2,1,1,, -1,1, -1,5,4,2,22,1,2,,0,2,1,1,202000001410B01,7,15,1
202000001429,2020-09-11,2020,septembre,vendredi,08:15,83,83129,"43,0951750","5,8447600",2,9,3,1,1,4,2,2,1,1,, -1,1,0,1,4,1,11,2,2,,0,2,1,9,202000001429A01,7,16,1
202000001440,2020-09-19,2020,septembre,samedi,13:00,51,51454,"49,2576050","4,0277438",2,1,3,1,1,4,1,1,1,1,, -1,1,0,1,4,1,45,0,2,,0,2,3,21,202000001440B01,7,1,1
202000001454,2020-09-18,2020,septembre,vendredi,23:55,75,75105,"48,8431860","2,3641580",2,4,3,5,1,4,1,1,1,3,, -1,1,0,1,3,2,62,5,2,,0,2,8,19,202000001454A01,2,16,1
202000001503,2020-09-19,2020,septembre,samedi,13:50,57,57617,"48,9291360","6,2413390",2,3,3,1,1,3,2,2,2,1,, -1,1,0,1,3,1,8,5,2,,0,2,1,1,202000001503B01,7,1,1
202000001547,2020-09-20,2020,septembre,dimanche,10:45,77,77257,"49,0438180","3,0209180",1,3, -1,1,1,3,2,2,1,2,, -1,1,0,1,3,1,74,5,1,2,0,2,3,15,202000001547B01,7,1,1
202000001549,2020-09-19,2020,septembre,samedi,20:30,34,34311,"43,4437900","3,3986590",1,1,6,3,3,2,2,2,1,1,, -1,2,0,1,4,1,66,0,2,,0,9,4,1,202000001549A01,,,
202000001611,2020-06-23,2020,juin,mardi,10:40,45,45234,"47,9141193","1,8957877",2,2,1,1,1,4,2,3,1,1,,9,1,0,1,4,2,18,2,1,2,0,2,7,1,202000001611B01,7,15,1
202000001640,2020-06-23,2020,juin,mardi,11:45,75,75120,"48,8502660","2,4120930",2,1,3,1,1,4,2,2,1,1,, -1,1, -1,5,4,1,69,9,1,2,0,2,1,1,202000001640B01,7,9,1
202000001646,2020-06-23,2020,juin,mardi,15:05,75,75115,"48,8321270","2,3029810",2,2,3,1,1,4,2,2,2,1,, -1,1,0,1,4,2,71,5,1,2,0,2,1,1,202000001646A01,7,1,1
202000001648,2020-06-22,2020,juin,lundi,18:48,75,75115,"48,8441840","2,3229010",2,2,3,1,1,4,2,2,1,1,, -1,1,0,1,4,2,49,1,1,2,0,2,2,1,202000001648B01,7,15,1
202000001652,2020-06-23,2020,juin,mardi,20:20,75,75111,"48,8663430","2,3688530",2,2,3,1,1,4,2,4,1,1,, -1,1,0,1,1,1,40,9,1,2,0,2,0,13,202000001652A01,30,1,1
202000001655,2020-06-22,2020,juin,lundi,10:15,75,75104,"48,8543440","2,3449120",2,2,3,1,1,4, -1,2,1,1,, -1,1, -1,5,4,1,36,1,2,,0,2,1,1,202000001655A01,7,16,1
202000001656,2020-06-23,2020,juin,mardi,21:30,75,75108,"48,8736920","2,3144690",2,2,3,1,1,4,1,2,2,1,, -1,1,0,1,3,1,28,5,1,2,0,2,7,1,202000001656A01,31,1,1
202000001686,2020-06-24,2020,juin,mercredi,07:45,974,97404," -21,2766430","55,3375610",1,1,1,1,1,2, -1,2,1,1,, -1,1,9,5,4,1,44,5,1,2,0,9,1,1,202000001686B01,1,17,1
202000001686,2020-06-24,2020,juin,mercredi,07:45,974,97404," -21,2766430","55,3375610",1,1,1,1,1,2, -1,2,1,1,, -1,1,9,5,2,1,61,5,1,2,0,0,1,17,202000001686A01,1,1,1
202000001690,2020-06-24,2020,juin,mercredi,09:05,56,56017,"47,8737960"," -2,7678730",1,2,6,1,1,3,2,2,4,1,, -1,1,0,3,2,1,69,5,2,,13,0,1,21,202000001690A01,,,
202000001701,2020-06-23,2020,juin,mardi,13:00,14,14230,"49,2513390","0,1040560",1,1,2,1,1,3,2,2,2,1,,"5,5",1,0,1,3,1,71,5,1,2,0,2,8,2,202000001701B01,7,17,1
202000001718,2020-06-24,2020,juin,mercredi,06:15,67,67295,"48,3926240","7,4541700",1,1,2,1,7,3,2,2,2,1,, -1,1,0,1,3,1,54,1,2,,0,2,8,1,202000001718B01,10,1,1
202000001720,2020-06-23,2020,juin,mardi,17:30,42,42147,"45,6091250","4,0548670",2,6,3,1,1,3,2,2,1,1,,"5,5",1,0,1,4,1,12,5,2,,0,2,0,1,202000001720B01,7,1,1
202000001724,2020-06-23,2020,juin,mardi,14:10,09,09268,"43,0051920","1,1269570",1,6,3,1,7,3,1,1,1,2,, -1,1,9,1,4,2,61,1,1,2,0,2,7,1,202000001724B01,7,9,1
202000001763,2020-05-06,2020,mai,mercredi,13:55,78,78545,"48,7997980","2,0674120",2,3,3,1,1,3,2,2,4,1,, -1,1,0,1,3,1,15,5,2,,0,2,1,25,202000001763C01,7,16,1
202000001783,2020-06-22,2020,juin,lundi,08:30,45,45234,"47,8979140","1,9071380",2,3,3,1,1,4,2,2,1,1,, -1,1,0,1,4,1,43,1,2,,0,2,2,19,202000001783B01,32,1,1
202000001816,2020-10-18,2020,octobre,dimanche,17:15,75,75114,"48,8343560","2,3136420",2,2,3,1,1,4,2,3,1,3,, -1,1, -1,5,4,2,26,5,1,2,0,2,1,1,202000001816B01,7,16,1
202000001934,2020-08-25,2020,août,mardi,08:00,13,13109,"43,5110320","5,4869570",2,2,3,1,1,3,2,2,1,1,, -1,1,0,1,3,1,37,1,1,2,0,2,1,1,202000001934B01,7,15,1
202000001935,2020-08-24,2020,août,lundi,09:20,70,70310,"47,6750220","6,5188840",2,1,3,1,1,3,2,2,1,1,, -1,1,0,1,3,1,68,5,2,,0,2,8,13,202000001935A01,7,1,1
202000001938,2020-10-17,2020,octobre,samedi,11:50,75,75112,"48,8317040","2,3978960",2,2,3,1,1,4,2,3,1,1,, -1,1,0,1,4,1,24,5,2,,0,2,8,15,202000001938A01,10,1,1
202000001941,2020-10-16,2020,octobre,vendredi,21:30,75,75108,"48,8794360","2,3142650",2,2,7,5,1,4,2,6,1,1,, -1,1, -1,5,4,1,16,5,2,,0,0,1,1,202000001941A01,,,
202000001945,2020-06-24,2020,juin,mercredi,15:30,73,73179,"45,5975712","5,8753155",2,3,3,1,1,5,2,2,1,1,, -1,1,0,1,3,1,31,3,2,,0,2,1,1,202000001945B01,7,1,1
202000001998,2020-10-18,2020,octobre,dimanche,11:27,54,54109,"48,5173932","6,1556321",1,1,3,1,1,3,2,2,2,1,, -1,1,0,1,3,1,77,5,1,2,0,2,8,15,202000001998B01,7,13,1
202000001999,2020-10-17,2020,octobre,samedi,10:15,51,51649,"48,7286085","4,5870305",2,6,2,1,1,2,2,2,1,3,, -1,1,0,1,4,1,38,0,2,,0,0,4,23,202000001999B01,7,2,1
202000002001,2020-10-18,2020,octobre,dimanche,12:00,17,17010,"46,1010900"," -1,0986396",2,6,3,1,1,3,1,1,1,2,, -1,1,0,1,3,1,56,5,1,2,0,2,7,1,202000002001A01,7,9,1
202000002028,2020-10-18,2020,octobre,dimanche,11:17,80,80722,"49,9584260","2,2259760",1,1,2,1,1,3,2,2,4,1,, -1,2,0,1,3,1,46,5,1,2,0,0,6,1,202000002028A01,7,1,1
202000002064,2020-10-17,2020,octobre,samedi,14:05,14,14743,"49,1597130"," -0,0106220",1,1,7,1,1,3,2,2,1,1,, -1,1,0,1,4,1,60,5,1,2/4/6,0,0,0,1,202000002064A01,,,
202000002065,2020-02-02,2020,février,dimanche,19:20,75,75117,"48,8889940","2,2933610",2,1,2,5,2,4,2,4,1,1,, -1,2,0,1,4,1,33,5,1,2/4,0,2,4,1,202000002065B01,7,17,1
202000002075,2020-08-23,2020,août,dimanche,11:55,75,75120,"48,8540530","2,3999330",2,2,3,1,1,4,2,2,1,1,, -1,1,0,1,4,1,36,9,1,2,0,2,7,1,202000002075B01,7,1,1
202000002078,2020-08-23,2020,août,dimanche,15:35,75,75119,"48,8886440","2,3925520",2,1,6,1,1,4,2,4,1,1,, -1,1, -1,5,4,1,51,5,1,2,14,0,0,14,202000002078A01,,,
202000002081,2020-02-03,2020,février,lundi,10:05,75,75113,"48,8270300","2,3854700",2,1,3,1,1,4,1,5,1,1,, -1,1, -1,5,4,2,46,1,2,,0,2,4,19,202000002081A01,33,1,1
202000002086,2020-02-03,2020,février,lundi,22:30,75,75111,"48,8635920","2,3864560",2,1,3,5,3,4,1,1,1,1,, -1,2, -1,5,4,1,34,5,2,,0,2,1,1,202000002086B01,7,16,1
202000002087,2020-08-23,2020,août,dimanche,15:40,75,75112,"48,8442300","2,3816910",2,3,3,1,1,4,2,4,1,1,, -1,1, -1,5,4,1,40,5,1,2,0,2,8,1,202000002087B01,10,16,1
202000002092,2020-10-15,2020,octobre,jeudi,16:30,83,83071,"43,1360910","6,2289420",2,1,6,1,1,3,2,2,1,1,, -1,1,0,5,4,1,79,5,1,2,0,1,1,2,202000002092A01,,,
202000002093,2020-02-03,2020,février,lundi,09:30,75,75111,"48,8569690","2,3730050",2,1,3,1,8,4,1,2,1,1,, -1,2,0,1,4,2,30,4,1,2,0,2,1,1,202000002093B01,10,22,1
202000002107,2020-10-17,2020,octobre,samedi,18:05,01,01313,"46,2545410","6,0806540",2,6,3,1,1,3,2,2,1,1,, -1,1,5,1,4,1,12,5,1,2,0,2,1,1,202000002107B01,7,9,1
202000002135,2020-08-22,2020,août,samedi,15:05,68,68315,"47,8914560","7,1127890",1,1,3,1,1,3,2,2,2,2,, -1,1,0,1,4,1,51,5,1,2,0,0,8,1,202000002135B01,33,17,1
202000002156,2020-02-04,2020,février,mardi,13:10,56,56078,"47,8070260"," -3,4640350",1,6,3,1,8,3, -1,1,1,2,, -1,1,0,1,3,2,51,5,1,2,0,2,5,1,202000002156B01,7,1,1
202000002161,2020-02-02,2020,février,dimanche,11:55,31,31351,"43,6771990","1,3064070",1,1,3,1,1,3,2,2,1,2,,4,1,0,1,4,1,55,5,1,2,0,2,3,2,202000002161B01,10,17,1
202000002162,2020-08-23,2020,août,dimanche,16:53,22,22194,"48,6517540"," -3,6319620",2,1,3,1,1,6, -1, -1,1,1,, -1,1,9,8,4,1,14,5,2,,0,0,6,26,202000002162B01,3,20,1
202000002175,2020-02-03,2020,février,lundi,18:15,02,02173,"49,6278920","3,2363100",2,6,3,5,3,3,2,2,1,1,, -1,2,5,1,2,1,60,1,2,,0,2,0,1,202000002175B01,7,9,1
202000002203,2020-08-23,2020,août,dimanche,09:17,987,98725," -17,5625910"," -149,4760510",1,1,5,1,1,4,2,2,1,3,, -1,1,0,1,3,2,24,5,1,2,0,2,1,1,202000002203B01,7,13/21,2
202000002237,2020-08-23,2020,août,dimanche,17:20,38,38061,"45,3356650","5,6220070",1,1,6,1,1,4,2,2,2,2,, -1,1,9,1,4,1,61,5,2,,0,0,0,0,202000002237A01,,,
202000002242,2020-08-14,2020,août,vendredi,15:00,69,69163,"45,9210800","4,7557280",2,1,3,1,1,3,2,2,1,1,, -1,1,5,1,4,1,16,5,1,2,0,2,8,1,202000002242B01,7,9,1
202000002337,2020-08-22,2020,août,samedi,17:45,75,75120,"48,8633070","2,3890160",2,1,3,1,1,4,2,4,2,1,, -1,1,0,1,4,1,53,5,2,,0,2,1,1,202000002337B01,7,12,1
202000002400,2020-07-22,2020,juillet,mercredi,18:45,75,75112,"48,8495980","2,3750900",2,1,2,1,1,4,1,1,1,1,, -1,1,0,1,3,1,18,5,2,,0,2,1,1,202000002400B01,10,4,1
202000002407,2020-07-22,2020,juillet,mercredi,21:45,75,75111,"48,8572180","2,3928600",2,1,3,5,1,4,1,2,1,1,, -1,1,0,1,4,1,44,9,2,,0,2,3,1,202000002407B01,7,22,1
202000002408,2020-07-23,2020,juillet,jeudi,16:30,75,75109,"48,8834810","2,3483250",2,1,3,1,1,4,1,3,1,1,, -1,1, -1,6,4,2,8,5,1,2,0,2,1,13,202000002408A01,7,7,1
202000002414,2020-07-23,2020,juillet,jeudi,17:00,75,75103,"48,8662330","2,3525340",2,2,3,1,1,4,1,5,1,1,, -1,1, -1,5,4,1,54,1,1,2,0,2,1,1,202000002414B01,50,19,1
202000002441,2020-07-23,2020,juillet,jeudi,18:10,56,56178,"48,0659310"," -2,9683850",2,3,3,1,1,4,2,3,1,1,, -1,1,0,1,4,1,46,5,1,2,0,2,8,1,202000002441A01,7,16,1
202000002447,2020-07-23,2020,juillet,jeudi,11:37,22,22232,"48,6414520"," -2,8911420",1,6,3,1,1,3,1,1,1,2,, -1,1,9,1,3,2,63,5,1,2/6,0,2,0,26,202000002447B01,10,0,1
202000002451,2020-07-23,2020,juillet,jeudi,09:15,02,02543,"49,1697550","3,2619520",2,1,3,1,1,3, -1,2,2,1,, -1,1,0,1,3,1,63,5,1,2,0,2,1,1,202000002451B01,7,9,1
202000002462,2020-07-24,2020,juillet,vendredi,11:45,48,48089,"44,8444820","3,3632330",1,3,3,1,1,3,2,2,2,1,, -1,1,0,1,3,1,69,5,1,2,0,2,1,1,202000002462B01,7,15,1
202000002467,2020-07-24,2020,juillet,vendredi,18:30,69,69143,"45,8863968","4,8315037",2,1,3,1,1,3,2,2,1,1,, -1,1,0,5,3,2,61,5,1,4/2,0,2,0,1,202000002467B01,14,16,1
202000002481,2020-07-23,2020,juillet,jeudi,10:30,74,74160,"45,8600700","6,3528870",1,1,3,1,7,3,2,2,2,1,, -1,1,0,1,4,1,41,5,1,2,0,2,1,1,202000002481B01,10,11,1
202000002546,2020-06-19,2020,juin,vendredi,20:45,59,59616,"50,4721370","3,5657541",2,9,3,1,1,4,2,1,1,1,, -1,1,0,8,3,1,19,5,2,,0,2,7,19,202000002546B01,7,1,1
202000002565,2020-02-08,2020,février,samedi,16:53,72,72050,"47,9770100"," -0,2412540",1,1,7,1,2,3,2,2,3,1,, -1,2,0,3,2,1,67,0,2,,0,0,0,0,202000002565A01,,,
202000002574,2020-11-26,2020,novembre,jeudi,16:15,38,38054,"45,7808300","5,4488800",1,2,1,2,1,3,2,2,2,1,, -1,1,5,1,2,1,80,5,2,,0,2,7,15,202000002574B01,7,1,1
202000002586,2020-11-18,2020,novembre,mercredi,06:00,972,97213,"14,6215700"," -61,0064800",2,1,3,3,1,3,1,2,1,2,, -1,2,5,1,3,1,54,1,2,,0,2,1,1,202000002586B01,7,9,1
202000002627,2020-07-10,2020,juillet,vendredi,19:50,26,26362,"44,9309700","4,9030400",2,1,2,1,1,4,1,2,1,1,, -1,1,0,1,4,1,19,0,1,2,0,2,0,1,202000002627B01,7,4,1
202000002660,2020-06-26,2020,juin,vendredi,17:00,45,45234,"47,9175508","1,8987048",2,1,1,1,1,4,2,2,1,1,, -1,1,0,1,4,1,53,0,1,2,0,9,3,13,202000002660B01,30,1,1
202000002663,2020-11-23,2020,novembre,lundi,16:50,64,64102,"43,4983000"," -1,4935600",2,6,3,1,1,4,1,2,1,2,, -1,1,9,1,4,1,63,9,2,,0,2,2,1,202000002663B01,7,9,1
202000002706,2020-11-29,2020,novembre,dimanche,21:45,75,75112,"48,8458490","2,3676300",2,2,3,5,1,4,1,2,1,1,, -1,1,2,1,3,1,22,9,2,,0,2,8,11,202000002706A01,7,1,1
202000002731,2020-11-27,2020,novembre,vendredi,10:15,86,86145,"46,4971260","0,2505510",1,1,6,1,1,4,2,2,1,1,, -1,1,0,1,3,1,42,5,1,2,1,0,1,2,202000002731A01,,,
202000002753,2020-11-29,2020,novembre,dimanche,10:05,44,44074,"47,1994230"," -1,6705120",2,2,3,1,1,7,3,2,1,1,, -1,1,0,1,4,1,32,5,1,2,0,0,0,26,202000002753B01,7,9,1
202000002793,2020-11-27,2020,novembre,vendredi,17:30,25,25056,"47,2464800","5,9979400",2,2,3,5,1,4,3,4,2,1,, -1,1,5,1,4,2,18,0,2,,0,2,1,1,202000002793B01,7,15,1
202000002802,2020-11-28,2020,novembre,samedi,12:05,75,75105,"48,8399890","2,3564070",2,7,6,1,1,4,2,2,1,1,, -1,1,0,1,1,1,17,5,2,,0,1,1,5,202000002802A01,,,
202000002810,2020-11-28,2020,novembre,samedi,22:05,75,75110,"48,8789390","2,3623630",2,4,3,5,1,4,2,2,1,1,, -1,1,0,1,3,1,30,4,2,,0,2,1,1,202000002810B01,2,1,1
202000002836,2020-11-29,2020,novembre,dimanche,15:15,12,12133,"44,3173700","2,5496650",1,1,7,2,1,4,2,2,2,4,, -1,1,0,8,3,1,75,0,2,,0,0,0,1,202000002836A01,,,
202000002839,2020-11-29,2020,novembre,dimanche,10:50,72,72062,"48,2202910","0,5935840",2,9,3,2,1,3,2,2,1,1,, -1,1,0,1,4,1,60,5,1,2,0,0,8,15,202000002839B01,7,1,1
202000002843,2020-11-28,2020,novembre,samedi,16:35,37,37136,"47,1479303","0,7849588",1,2,7,1,1,3,2,2,1,2,, -1,1,0,1,3,1,65,5,1,2,0,0,9,16,202000002843A01,,,