Num_Acc,date,an,mois,jour,hrmn,dep,com,lat,long,agg,int,col,lum,atm,catr,circ,nbv,prof,plan,lartpc,larrout,surf,infra,situ,grav,sexe,age,trajet,secuexist,equipement,obs,obsm,choc,manv,vehiculeid,typevehicules,manoeuvehicules,numVehicules
202000002864,2020-05-06,2020,mai,mercredi,17:25,14,14333,"49,4045100","0,2315000",1,3,1,1,1,4,2,2,1,3,, -1,1,0,1,4,2,6,5,1,2,0,2,1,1,202000002864B01,7,16,1
202000002875,2020-05-20,2020,mai,mercredi,07:55,75,75115,"48,8340050","2,3045510",2,1,7,1,1,4,1,1,2,1,, -1,1,0,1,4,1,36,1,2,,0,0,0,1,202000002875A01,,,
202000002878,2020-05-20,2020,mai,mercredi,07:20,75,75112,"48,8389920","2,3892360",2,2,3,1,1,4,2,3,1,1,, -1,1, -1,5,4,2,53,1,1,2,0,2,1,1,202000002878B01,7,15,1
202000002880,2020-05-20,2020,mai,mercredi,14:00,75,75110,"48,8838610","2,3685840",2,2,3,1,1,4, -1,2,1,1,, -1,1,5,1,4,2,34,1,2,,0,2,7,1,202000002880A01,43,1,1
202000002904,2020-05-21,2020,mai,jeudi,17:30,95,95313,"49,1038751","2,2494528",1,1,3,1,1,3,2,2,1,1,,5,1,0,8,4,1,45,5,1,2/6,0,0,1,1,202000002904B01,7,16,1
202000002905,2020-05-20,2020,mai,mercredi,22:45,06,06161,"43,6255550","7,1327940",1,1,2,5,1,3,2,2,1,1,, -1,1,0,1,3,1,18,5,2,,0,0,8,15,202000002905B01,7,1,1
202000002908,2020-05-21,2020,mai,jeudi,09:00,28,28024,"48,4009660","1,4850960",2,1,7,1,1,3,2,2,1,1,, -1,1,0,1,2,1,73,5,1,2,0,0,0,0,202000002908A01,,,
202000002915,2020-05-20,2020,mai,mercredi,15:00,61,61362,"48,7028310"," -0,5292820",1,4,2,1,1,3,2,2,1,1,,7,1,0,1,3,1,71,5,1,2,0,2,4,1,202000002915A01,7,1,1
202000002919,2020-05-20,2020,mai,mercredi,16:35,29,29259,"48,6783590"," -3,9812670",2,3,1,1,7,3,2,2,2,2,,7,1,5,1,3,1,17,5,1,2/6,0,2,1,1,202000002919B01,7,15,1
202000002926,2020-05-16,2020,mai,samedi,16:20,14,14254,"49,1444080"," -0,4179310",1,1,2,1,1,3,2,2,1,1,,7,1,0,1,3,1,53,5,1,2,0,2,4,1,202000002926A01,10,2,1
202000002929,2020-05-21,2020,mai,jeudi,16:35,73,73297,"45,6471527","6,3179832",2,1,7,1,7,3,2,2,2,1,,"5,5",1,0,1,3,2,49,5,1,2,0,0,9,1,202000002929A01,,,
202000002932,2020-05-20,2020,mai,mercredi,19:50,16,16134,"45,8911930","0,6687140",2,1,7,1,1,3,2,2,2,1,0,"5,8",1,9,1,4,1,35,5,2,,16,0,9,1,202000002932A01,,,
202000002934,2020-05-21,2020,mai,jeudi,12:00,04,04163,"44,0958760","5,5127550",1,1,2,1,1,3,2,2,2,1,, -1,1,0,1,4,1,50,5,1,2,0,2,1,1,202000002934A01,21,2,1
202000002936,2020-05-21,2020,mai,jeudi,11:50,85,85101,"46,4953120"," -1,3903610",1,1,3,1,1,3, -1,2,1,1,, -1,1,0,1,3,1,19,5,1,2,0,2,0,1,202000002936B01,7,1,1
202000002969,2020-05-18,2020,mai,lundi,16:15,81,81163,"43,4910300","2,3756500",2,1,3,1,1,4,1,2,1,1,, -1,1,0,1,4,1,60,5,1,2,1,0,0,0,202000002969B01,7,24,1
202000003032,2020-05-17,2020,mai,dimanche,16:55,05,05061,"44,5638300","6,0956100",2,6,7,1,1,4,2,2,1,1,, -1,1,0,1,3,2,41,5,2,,12,0,1,1,202000003032A01,,,
202000003038,2020-05-19,2020,mai,mardi,01:10,75,75120,"48,8688210","2,3832850",2,1,6,5,1,4,1,1,1,1,, -1,1,0,1,4,1,54,9,1,2,1,0,0,14,202000003038A01,,,
202000003041,2020-03-05,2020,mars,jeudi,15:00,45,45234,"47,8861340","1,9074210",2,3,1,1,3,4,2,2,1,1,, -1,2, -1,6,4,1,16,0,2,,0,2,1,1,202000003041B01,7,15,1
202000003113,2020-05-07,2020,mai,jeudi,15:00,67,67191,"49,0275989","7,0802123",1,1,2,1,1,3,2,2,2,1,, -1,1,0,1,4,1,14,5,2,,0,2,6,13,202000003113B01,7,21,1
202000003114,2020-03-05,2020,mars,jeudi,17:50,75,75117,"48,8820600","2,3196340",2,3,3,2,3,4,3,2,1,1,, -1,2,0,1,4,1,27,9,1,2,0,2,7,1,202000003114A01,1,5,1
202000003114,2020-03-05,2020,mars,jeudi,17:50,75,75117,"48,8820600","2,3196340",2,3,3,2,3,4,3,2,1,1,, -1,2,0,1,1,1,20,9,1,2,0,2,1,5,202000003114B01,1,1,1
202000003115,2020-05-20,2020,mai,mercredi,09:00,82,82161,"44,0425820","1,4572390",1,6,3,1,1,3,2,2,1,2,, -1,1,5,1,3,1,64,5,1,2,0,2,5,1,202000003115B01,7,16,1
202000003116,2020-03-04,2020,mars,mercredi,00:19,75,75116,"48,8722860","2,2952960",2,5,3,5,1,4,2,2,1,1,, -1,1,5,1,4,1,21,1,2,,0,2,8,15,202000003116B01,7,1,1
202000003118,2020-03-05,2020,mars,jeudi,08:50,75,75114,"48,8289320","2,3311580",2,2,3,1,2,4,2,2,1,1,, -1,2,0,1,4,2,24,1,1,2,0,2,2,1,202000003118B01,7,1,1
202000003120,2020-05-20,2020,mai,mercredi,19:40,61,61005,"48,3441530","0,5568860",2,4,1,1,1,3,2,2,1,1,, -1,1,0,1,3,1,13,5,2,,0,2,3,13,202000003120A01,7,1,1
202000003123,2020-03-05,2020,mars,jeudi,19:35,75,75111,"48,8668710","2,3733610",2,2,3,5,2,4,2,2,1,1,, -1,2,0,1,4,2,32,5,1,2,0,2,8,18,202000003123B01,7,16,1
202000003130,2020-03-05,2020,mars,jeudi,10:10,75,75109,"48,8714600","2,3369990",2,3,3,1,2,4,2,4,1,1,, -1,2,0,1,1,2,26,1,1,2,0,2,4,15,202000003130B01,30,1,1
202000003131,2020-03-04,2020,mars,mercredi,14:40,75,75101,"48,8609500","2,3300090",2,2,1,1,2,4,2,3,1,1,, -1,2,6,1,1,1,30,4,2,,0,2,1,1,202000003131A01,1,5,1
202000003131,2020-03-04,2020,mars,mercredi,14:40,75,75101,"48,8609500","2,3300090",2,2,1,1,2,4,2,3,1,1,, -1,2,6,1,4,1,30,9,2,,0,2,1,5,202000003131B01,1,1,1
202000003182,2020-03-03,2020,mars,mardi,19:05,01,01262,"45,8481830","5,0470879",2,6,1,5,1,3,2,2,1,1,, -1,1,5,1,3,2,16,5,2,,0,2,7,1,202000003182B01,7,1,1
202000003225,2020-03-02,2020,mars,lundi,15:38,63,63113,"45,7820300","3,1181700",2,1,2,1,1,7,2,4,1,1,, -1,2,0,1,4,2,54,0,2,,0,2,4,2,202000003225B01,7,2,1
202000003229,2020-03-04,2020,mars,mercredi,11:30,59,59131,"50,9919000","2,3533200",1,6,3,1,1,4, -1,1,1,1,, -1,1,9,1,3,1,77,5,1,2,0,2,0,0,202000003229B01,7,9,1
202000003238,2020-03-04,2020,mars,mercredi,19:00,44,44162,"47,2294577"," -1,6337736",2,6,3,3,2,4,1,2,1,1,, -1,2,0,1,4,2,25,1,1,2,0,2,1,15,202000003238B01,7,1,1
202000003252,2020-03-02,2020,mars,lundi,17:10,22,22278,"48,5129100"," -2,7659500",2,1,6,1,1,4,1,1,2,1,, -1,1,0,1,4,1,16,0,1,2,0,1,1,1,202000003252A01,,,
202000003332,2020-09-18,2020,septembre,vendredi,19:00,75,75108,"48,8637680","2,3016220",2,1,3,2,1,4,1,3,1,1,, -1,1, -1,6,3,1,29,9,2,,0,2,7,12,202000003332B01,7,11,1
202000003333,2020-09-18,2020,septembre,vendredi,16:00,75,75117,"48,8788550","2,3017640",2,4,6,1,1,4,2,4,1,1,, -1,1,0,4,4,2,16,1,2,,8,0,1,25,202000003333A01,,,
202000003335,2020-09-18,2020,septembre,vendredi,09:40,75,75117,"48,8791520","2,3031510",2,5, -1,1,1,4,2,4,1,1,, -1,1, -1,5,4,2,35,9,2,,0,2,1,1,202000003335A01,7,22,1
202000003336,2020-09-17,2020,septembre,jeudi,22:40,75,75117,"48,8902630","2,3207510",2,2,3,5,1,4,2,2,2,1,, -1,1, -1,6,4,2,27,9,1,2,0,2,2,7,202000003336B01,30,10,1
202000003341,2020-09-17,2020,septembre,jeudi,18:15,75,75116,"48,8575780","2,2373260",2,1,3,1,1,4,2,2,1,1,, -1,1,0,1,4,1,47,5,1,2,0,2,1,1,202000003341B01,1,13,1
202000003341,2020-09-17,2020,septembre,jeudi,18:15,75,75116,"48,8575780","2,2373260",2,1,3,1,1,4,2,2,1,1,, -1,1,0,1,1,1,27,5,1,2,0,2,4,13,202000003341A01,1,1,1
202000003342,2020-09-18,2020,septembre,vendredi,20:15,75,75113,"48,8314000","2,3758800",2,2,3,5,1,4,2,5,1,1,, -1,1, -1,5,4,1,60,1,2,,0,2,8,1,202000003342A01,7,15,1
202000003344,2020-09-17,2020,septembre,jeudi,23:20,75,75113,"48,8410350","2,3691160",2,1,3,5,1,4,2,5,1,1,, -1,1, -1,5,4,1,21,5,1,2,0,2,8,1,202000003344B01,7,12,1
202000003348,2020-09-18,2020,septembre,vendredi,09:00,75,75116,"48,8584740","2,2577370",2,1,3,1,1,4,3,1,1,1,, -1,1,0,1,4,2,41,5,2,,0,2,6,19,202000003348B01,43,18,1
202000003350,2020-09-18,2020,septembre,vendredi,12:50,75,75104,"48,8529110","2,3589710",2,3,7,1,1,4, -1,2,1,1,, -1,1,0,1,4,1,59,4,2,,0,0,1,1,202000003350A01,,,
202000003401,2020-09-19,2020,septembre,samedi,16:00,34,34114,"43,6537570","3,5521620",2,3,2,1,1,3,2,2,1,1,, -1,1,0,1,3,1,13,5,2,,0,0,8,19,202000003401B01,7,1,1
202000003401,2020-09-19,2020,septembre,samedi,16:00,34,34114,"43,6537570","3,5521620",2,3,2,1,1,3,2,2,1,1,, -1,1,0,1,3,1,13,5,2,,0,0,8,19,202000003401B01,7,1,1
202000003415,2020-09-19,2020,septembre,samedi,08:55,07,07349,"44,7975200","4,7629170",1,1,4,1,1,3,2,2,2,1,, -1,1,0,1,3,1,47,5,1,2,0,2,1,13,202000003415A01,7,1,1
202000003415,2020-09-19,2020,septembre,samedi,08:55,07,07349,"44,7975200","4,7629170",1,1,4,1,1,3,2,2,2,1,, -1,1,0,1,1,1,40,5,1,2,0,0,4,1,202000003415B01,7,1,1
202000003421,2020-09-16,2020,septembre,mercredi,10:30,13,13051,"43,5976220","5,0918930",1,6,3,1,1,3,2,2,1,1,, -1,1,0,1,3,1,31,5,2,,0,0,5,0,202000003421A01,7,19,1
202000003455,2020-06-20,2020,juin,samedi,15:50,14,14366,"49,1417900","0,2439670",2,3,3,1,1,4,2,2,1,1,, -1,1,0,1,4,1,29,5,1,2,0,2,1,13,202000003455B01,7,15,1
202000003477,2020-06-22,2020,juin,lundi,20:30,75,75118,"48,8883510","2,3495850",2,2,6,2,1,4,3,6,4,1,, -1,1, -1,5,1,2,33,1,1,2,0,1,1,1,202000003477A01,,,
202000003478,2020-06-22,2020,juin,lundi,20:10,75,75117,"48,8923240","2,3171940",2,3,6,1,1,4,2,3,1,1,, -1,1, -1,5,1,1,28,5,2,,0,1,1,1,202000003478A01,,,
202000003481,2020-06-22,2020,juin,lundi,09:30,75,75115,"48,8353850","2,3075750",2,1,7,1,1,4,2,2,1,1,, -1,1,0,1,4,2,25,1,2,,0,0,1,1,202000003481A01,,,
202000003483,2020-06-22,2020,juin,lundi,07:40,75,75112,"48,8337800","2,4451650",2,5,3,1,1,4,1,1,1,2,, -1,1, -1,5,4,1,38,9,1,2,0,2,1,1,202000003483B01,10,15,1
202000003487,2020-06-22,2020,juin,lundi,19:55,75,75101,"48,8595320","2,3479280",2,3,1,1,1,4,1,1,1,1,, -1,1,6,1,4,2,20,9,2,,0,2,1,1,202000003487A01,1,1,1
202000003488,2020-06-22,2020,juin,lundi,12:20,75,75103,"48,8572430","2,3617600",2,2,7,1,1,4,1,1,1,1,, -1,1,0,1,4,1,33,3,2,,0,0,0,1,202000003488A01,,,
202000003509,2020-06-20,2020,juin,samedi,13:45,01,01054,"45,8887500","5,1507530",2,1,3,1,1,4,2,2,2,1,, -1,1,0,1,3,1,77,5,1,2/6,0,2,1,26,202000003509B01,7,15,1
202000003513,2020-06-23,2020,juin,mardi,13:00,38,38188,"45,1491840","5,7831590",1,1,1,1,1,3,2,2,2,4,, -1,1,0,1,3,1,45,5,1,2,0,2,1,1,202000003513B01,14,1,1
202000003517,2020-06-23,2020,juin,mardi,11:35,56,56097,"47,7629910"," -3,1103110",2,3,5,1,1,3,2,2,2,1,, -1,1,0,1,4,1,60,5,1,2,0,2,1,1,202000003517B01,7,15/23,2
202000003546,2020-06-20,2020,juin,samedi,13:30,67,67130,"48,4168970","7,6960460",2,1,1,1,2,9,2,2,2,2,, -1,2,2,5,1,1,53,1,2,,0,0,1,0,202000003546A01,1,0,1
202000003546,2020-06-20,2020,juin,samedi,13:30,67,67130,"48,4168970","7,6960460",2,1,1,1,2,9,2,2,2,2,, -1,2,2,5,4,1,54,5,1,2,0,0,1,0,202000003546B01,1,0,1
202000003600,2020-06-20,2020,juin,samedi,23:40,75,75117,"48,8822120","2,3203450",2,2,3,5,1,4,1,4,1,1,, -1,1,0,1,4,1,25,9,2,,0,2,5,19,202000003600A01,33,1,1
202000003602,2020-06-20,2020,juin,samedi,13:45,75,75111,"48,8486120","2,3943570",2,7,7,1,1,4,2,2,1,1,, -1,1,5,1,3,1,36,9,2,,12,0,1,14,202000003602A01,,,
202000003634,2020-06-22,2020,juin,lundi,10:15,14,14239,"49,3878130"," -0,9489230",1,3, -1,1,1,3,2,2,2,2,, -1,1,0,1,4,1,17,5,1,2,0,2,1,2,202000003634C01,10,15,1
202000003634,2020-06-22,2020,juin,lundi,10:15,14,14239,"49,3878130"," -0,9489230",1,3, -1,1,1,3,2,2,2,2,, -1,1,0,1,1,1,48,5,1,2,0,0,4,21,202000003634B01,10,15,1
202000003638,2020-06-19,2020,juin,vendredi,13:10,36,36018,"46,6307630","1,0580890",2,1,3,2,1,3,2,2,2,2,, -1,1,0,1,4,1,69,1,2,,0,2,8,1,202000003638B01,31,17,1
202000003648,2020-02-01,2020,février,samedi,13:20,75,75115,"48,8450910","2,2791530",2,1,3,1,2,4,2,2,1,1,, -1,2,0,1,4,1,71,5,2,,0,2,1,1,202000003648B01,7,10,1
202000003667,2020-02-01,2020,février,samedi,19:52,74,74011,"45,9232030","6,1365620",2,6,3,5,2,4,1,2,2,3,, -1,2,5,1,4,1,31,9,1,4,0,2,1,1,202000003667A01,7,9,1
202000003670,2020-02-03,2020,février,lundi,11:20,89,89167,"47,8709350","3,4361460",1,2,3,1,2,3,2,2,2,1,, -1,2,0,1,4,1,30,5,1,9/2,0,2,1,1,202000003670B01,7,1,1
202000003671,2020-02-03,2020,février,lundi,13:20,63,63109,"45,5648300","3,1605430",1,2,2,1,1,3,2,2,1,1,, -1,1,0,1,4,1,70,5,1,2,0,2,1,0,202000003671B01,7,19,1
202000003698,2020-02-02,2020,février,dimanche,12:00,33,33234,"44,8040600"," -0,5005400",2,3,6,1,1,3,2,2,2,1,, -1,1,0,3,3,1,17,5,1,2/6,6,0,1,1,202000003698A01,,,
202000003701,2020-02-02,2020,février,dimanche,10:33,68,68063,"47,8090510","7,1723790",2,2,3,1,2,4,2,2,1,1,, -1,2,0,1,4,1,52,5,2,,0,0,7,1,202000003701B01,7,1,1
202000003764,2020-02-01,2020,février,samedi,14:05,75,75119,"48,8866820","2,3745420",2,3,6,1,1,4,2,1,1,1,,3,1, -1,5,4,2,32,5,2,,0,1,1,1,202000003764A01,,,
202000003772,2020-02-01,2020,février,samedi,01:40,75,75109,"48,8827080","2,3357530",2,1,6,5,1,4,1,1,1,1,, -1,1,0,1,4,1,34,5,2,,1,0,1,14,202000003772B01,,,
202000003774,2020-01-30,2020,janvier,jeudi,12:45,75,75108,"48,8748506","2,3198769",2,7,3,1,2,4,3,8,1,1,,24,2, -1,6,4,1,23,4,1,2,0,2,4,7,202000003774B01,10,7,1
202000003826,2020-01-23,2020,janvier,jeudi,13:15,59,59310,"50,3250430","3,8266750",2,3,1,1,1,3,2,2,1,1,, -1,1,0,1,3,1,75,5,1,2,0,2,0,0,202000003826B01,7,13,1
202000003856,2020-07-20,2020,juillet,lundi,10:16,971,97101,"16,2515600"," -61,5132500",1,2,3,1,1,3,2, -1,1,1,, -1,1,0,1,4,1,16,5,2,,0,2,2,26,202000003856B01,7,15,1
202000003925,2020-07-21,2020,juillet,mardi,20:20,75,75112,"48,8506400","2,3788050",2,4,3,1,1,4,1,3,1,1,, -1,1, -1,5,4,1,30,5,1,2,0,2,8,1,202000003925B01,30,16,1
202000003927,2020-07-22,2020,juillet,mercredi,09:20,75,75109,"48,8710460","2,3319070",2,7,3,1,1,4, -1,4,1,1,, -1,1, -1,6,4,2,35,1,2,,0,2,1,7,202000003927B01,14,22,1
202000003952,2020-07-22,2020,juillet,mercredi,19:15,83,83072,"43,4947680","6,3545070",2,1,1,2,1,4,2,2,2,1,, -1,1,0,1,3,1,11,5,2,,0,2,4,2,202000003952B01,10,2,1
202000003954,2020-07-23,2020,juillet,jeudi,11:30,22,22368,"48,5682020"," -2,0597330",1,1,3,1,1,3,2,2,1,1,, -1,1,0,1,2,1,62,5,1,2,0,2,0,1,202000003954A01,21,1,1
202000003965,2020-07-19,2020,juillet,dimanche,09:00,41,41106,"47,5959920","2,0227450",2,3,3,1,1,3,2, -1,1,1,, -1,1,0,1,3,1,31,5,2,,0,2,1,19,202000003965B01,7,1,1
202000003968,2020-07-23,2020,juillet,jeudi,09:33,44,44194,"47,2600500"," -1,6579500",2,3,3,1,1,7,2,2,1,1,, -1,1,0,1,3,1,59,3,2,,0,2,1,1,202000003968B01,7,15,1
202000003970,2020-07-23,2020,juillet,jeudi,08:55,26,26324,"44,3458490","4,7550150",2,6,3,1,1,3,1,1,1,1,, -1,1,0,1,2,1,65,5,2,,0,2,1,1,202000003970B01,7,9,1
202000003991,2020-07-23,2020,juillet,jeudi,12:30,69,69007,"45,5012790","4,8023210",1,3, -1,1,1,3,2,2,2,1,, -1,1,0,1,3,1,59,5,1,2/6,0,2,1,1,202000003991B01,7,15,1
202000004091,2020-08-22,2020,août,samedi,22:30,75,75107,"48,8469070","2,3168140",2,2,2,5,1,4,2,3,1,3,, -1,1, -1,5,4,1,44,9,2,,0,2,1,1,202000004091B01,7,4,1
202000004136,2020-08-22,2020,août,samedi,17:10,35,35094,"48,3362330"," -1,7169410",1,1,3,1,1,3,2,2,1,1,, -1,1,0,1,3,1,76,5,1,2,0,2,0,10,202000004136A01,7,17,1
202000004167,2020-10-16,2020,octobre,vendredi,17:40,75,75115,"48,8357680","2,2792320",2,1,6,1,1,4,3,2,1,1,, -1,1, -1,5,4,2,17,9,2,,9,0,1,1,202000004167A01,,,
202000004176,2020-10-16,2020,octobre,vendredi,17:50,75,75104,"48,8508840","2,3611110",2,1,7,1,1,4,2,2,1,1,, -1,1, -1,5,4,2,73,5,1,2,0,0,7,1,202000004176A01,,,
202000004179,2020-10-15,2020,octobre,jeudi,09:20,75,75104,"48,8539120","2,3553410",2,1,6,1,1,4,2,2,1,1,, -1,1, -1,5,4,2,44,1,1,2,0,1,1,1,202000004179A01,,,
202000004198,2020-08-23,2020,août,dimanche,18:00,95,95678,"49,0759180","2,2482920",1,1,1,1,1,3,2,2,2,2,, -1,1,0,1,2,2,60,5,1,2,0,2,1,1,202000004198B01,7,13,1
202000004231,2020-10-16,2020,octobre,vendredi,08:00,92,92071,"48,7835209","2,3057234",2,1,3,2,1,3,2,2,2,1,, -1,1,0,1,4,1,18,0,2,,1,0,1,2,202000004231B01,7,24,1
202000004238,2020-08-23,2020,août,dimanche,10:36,22,22389,"48,4631470"," -2,6509560",1,1,7,1,1,3,2,2,1,1,, -1,1,0,1,4,1,65,5,1,2,0,0,1,1,202000004238A01,,,
202000004355,2020-10-17,2020,octobre,samedi,16:07,09,09293,"42,9720380","1,5208130",1,1,6,1,1,3,2,2,2,1,, -1,1,0,1,4,1,35,5,1,2,0,1,1,17,202000004355A01,,,
202000004362,2020-08-21,2020,août,vendredi,07:45,14,14118,"49,2059900"," -0,3593500",2,2, -1,1,1,4,2,2,1,1,, -1,1,0,1,4,1,47,1,2,,0,2,4,23,202000004362B01,37,1,1
202000004380,2020-08-21,2020,août,vendredi,19:20,75,75118,"48,8977660","2,3340530",2,3,3,1,1,4,1,3,1,1,, -1,1,0,1,4,1,71,5,2,,0,2,1,13,202000004380B01,33,1,1
202000004383,2020-08-21,2020,août,vendredi,21:30,75,75115,"48,8424200","2,2776140",2,2, -1,5,1,4,1,1,1,1,, -1,1,0,1,4,2,83,5,2,,0,2,1,19,202000004383A01,30,1,1
202000004392,2020-08-21,2020,août,vendredi,18:30,75,75109,"48,8737530","2,3426750",2,1,3,1,1,4,1,2,1,1,, -1,1,0,1,4,2,27,9,2,,0,2,7,17,202000004392B01,7,22,1
202000004424,2020-11-29,2020,novembre,dimanche,11:35,38,38298,"45,3784940","4,8043460",2,6,1,1,1,4,2,2,3,1,, -1,1,0,1,4,1,15,5,2,,0,2,1,5,202000004424B01,7,16,1
202000004433,2020-12-16,2020,décembre,mercredi,18:00,17,17010,"46,1131030"," -1,1168070",1,1,1,3,2,4,2,2,1,3,, -1,2,0,1,3,1,42,3,2,,0,2,1,1,202000004433B01,7,1,1
202000004439,2020-10-08,2020,octobre,jeudi,08:35,73,73065,"45,5702750","5,9167170",2,3,3,1,1,4,2,2,1,1,, -1,1,0,5,4,2,48,0,2,,0,2,8,1,202000004439B01,7,16,1
202000004535,2020-06-17,2020,juin,mercredi,18:45,73,73213,"45,5552470","5,9513820",1,9,3,1,1,3,2,2,1,3,, -1,1,6,5,4,2,28,5,1,2,0,2,0,19,202000004535B01,17,1,1
202000004543,2020-11-24,2020,novembre,mardi,10:15,11,11262,"43,1816000","3,0075900",2,1,7,1,1,4,2,2,1,1,, -1,1,0,1,1,1,39,9,1,2,0,1,0,0,202000004543A01,,,
202000004588,2020-06-09,2020,juin,mardi,09:05,27,27229,"49,0339300","1,1834900",2,2,2,1,1,4, -1,1,1,1,, -1,1,0,1,4,1,26,5,1,2/6,0,2,4,1,202000004588B01,7,9,1
202000004593,2020-12-15,2020,décembre,mardi,17:57,05,05061,"44,5512300","6,0674600",2,1,6,4,2,4,2,2,1,1,, -1,2,0,1,1,1,43,5,2,,0,1,1,1,202000004593A01,,,
202000004663,2020-11-27,2020,novembre,vendredi,10:20,75,75113,"48,8431590","2,3662320",2,1,6,1,1,4,2,4,1,1,, -1,1, -1,5,4,1,54,1,1,2,0,1,1,1,202000004663A01,,,
202000004665,2020-11-27,2020,novembre,vendredi,20:08,75,75102,"48,8688870","2,3385600",2,2,3,5,1,4,1,2,1,1,, -1,1,0,1,4,1,59,1,1,2,0,2,0,1,202000004665B01,7,1,1
202000004701,2020-11-25,2020,novembre,mercredi,14:30,26,26005,"44,4992260","4,7863810",2,3,1,1,1,3,2,2,1,1,, -1,1,0,1,4,1,12,5,2,,0,2,1,11,202000004701B01,7,1,1
202000004710,2020-11-28,2020,novembre,samedi,16:40,24,24067,"44,9070080","0,9435150",1,1,2,1,1,3,2,2,1,1,, -1,1,0,1,2,2,55,3,2,,0,0,4,1,202000004710B01,33,2,1
202000004713,2020-11-28,2020,novembre,samedi,10:45,67,67152,"48,5167390","7,6543330",2,6,3,1,8,7,2,2,1,3,, -1,1,5,1,3,1,56,9,2,,0,2,5,14,202000004713B01,7,1,1
202000004721,2020-11-28,2020,novembre,samedi,11:50,01,01043,"45,8332730","4,9932860",2,6,3,1,1,3,1,1,1,2,, -1,1,0,5,2,1,80,0,2,,0,2,8,26,202000004721B01,7,16,1
202000004796,2020-11-24,2020,novembre,mardi,16:35,12,12202,"44,3567600","2,5809200",2,6,2,1,1,4,2,2,1,1,, -1,1,5,1,4,1,20,5,2,,0,2,1,2,202000004796A01,7,1,1
202000004799,2020-05-19,2020,mai,mardi,19:00,26,26099,"44,3841820","4,8968300",1,9,3,1,6,3,2,2,2,1,, -1,1,0,1,4,1,22,5,1,2,0,2,0,21,202000004799B01,7,17,1
202000004800,2020-05-19,2020,mai,mardi,16:15,58,58095,"46,8181530","3,4506940",2,1,3,1,1,3,2,2,4,1,, -1,1,0,1,3,2,63,3,1,2/6,0,2,7,1,202000004800B01,7,16,1
202000004828,2020-05-20,2020,mai,mercredi,15:50,81,81225,"43,9100940","1,9834020",2,1,3,1,1,3,2,2,1,1,, -1,1,0,1,3,1,75,5,1,2,0,2,1,1,202000004828B01,7,15,1
202000004859,2020-05-15,2020,mai,vendredi,15:38,95,95018,"48,9406650","2,2344840",2,1,6,1,1,4,2,0,1,1,, -1,1,0,1,2,1,35,9,1,2,12,0,0,26,202000004859A01,,,
202000004868,2020-05-18,2020,mai,lundi,19:34,81,81004,"43,9548300","2,1154000",2,1,1,1,1,3,2,2,2,1,, -1,1,0,1,2,1,23,5,1,2,0,2,1,0,202000004868B01,7,0,1
202000004901,2020-05-17,2020,mai,dimanche,23:25,75,75120,"48,8684220","2,3886240",2,1,3,5,1,4,2,2,2,1,, -1,1,0,1,4,1,34,4,2,,0,2,1,17,202000004901B01,7,10,1
202000004905,2020-05-18,2020,mai,lundi,17:55,75,75109,"48,8723780","2,3374130",2,2,3,1,1,4,1,3,1,1,, -1,1,0,1,4,2,52,1,1,2,0,2,2,15,202000004905B01,34,1,1
202000004907,2020-05-18,2020,mai,lundi,09:15,75,75102,"48,8689220","2,3540410",2,2,1,1,1,4,2,4,1,1,, -1,1, -1,5,4,1,50,1,1,2,0,2,1,5,202000004907A01,1,1,1
202000004907,2020-05-18,2020,mai,lundi,09:15,75,75102,"48,8689220","2,3540410",2,2,1,1,1,4,2,4,1,1,, -1,1, -1,5,4,2,46,1,2,,0,2,1,1,202000004907B01,1,5,1
202000004926,2020-05-19,2020,mai,mardi,13:56,67,67173,"48,6346070","7,6756990",1,3,1,1,1,3,2,2,2,1,,"5,5",1,5,1,2,1,69,5,2,,0,2,1,1,202000004926B01,7,15,1
202000004928,2020-05-07,2020,mai,jeudi,19:30,50,50363,"48,9618770"," -1,1236100",1,1,1,1,1,3,2,2,2,3,, -1,9,0,1,3,1,18,5,2,,0,2,1,13,202000004928A01,7,1,1
202000004934,2020-05-19,2020,mai,mardi,10:30,12,12102,"44,3125180","2,6889900",1,1,7,1,1,4,2,2,4,3,, -1,9,0,3,3,1,64,5,1,2,0,0,0,13,202000004934A01,,,
202000004936,2020-05-18,2020,mai,lundi,18:30,41,41106,"47,6080190","2,0262180",2,1,3,1,1,3,2,2,1,1,,"5,5",1,0,1,3,2,47,5,1,2,0,2,3,2,202000004936B01,7,17,1
202000004938,2020-05-17,2020,mai,dimanche,11:10,29,29135,"47,8330330"," -4,1686250",2,1,3,1,1,4,2,2,1,1,,5,1,0,1,4,2,52,5,2,,1,0,1,1,202000004938B01,7,22,1
202000004940,2020-05-18,2020,mai,lundi,18:20,84,84002,"43,7424140","5,5108670",1,1,1,1,1,4,2,2,2,3,, -1,1,0,1,3,1,14,5,2,,0,2,8,1,202000004940B01,7,16,1
202000004948,2020-05-19,2020,mai,mardi,09:20,60,60655,"49,5605497","3,0919430",1,1,3,1,1,3,2,2,1,1,, -1,1,0,1,3,1,28,0,1,2,13,2,8,23,202000004948B01,10,1,1