Num_Acc,date,an,mois,jour,hrmn,dep,com,lat,long,agg,int,col,lum,atm,catr,circ,nbv,prof,plan,lartpc,larrout,surf,infra,situ,grav,sexe,age,trajet,secuexist,equipement,obs,obsm,choc,manv,vehiculeid,typevehicules,manoeuvehicules,numVehicules
202000004950,2020-05-19,2020,mai,mardi,12:00,73,73043,"45,7496697","5,9262892",1,1,2,1,1,3,2,3,2,1,,"10,5",1,0,1,3,1,57,5,2,,0,2,4,2,202000004950B01,7,2,1
202000004969,2020-05-16,2020,mai,samedi,19:15,69,69272,"45,6059840","4,8285560",2,1,3,1,1,4,1,1,1,1,,5,1,0,1,3,1,10,5,2,,0,0,0,26,202000004969B01,7,1,1
202000005007,2020-03-04,2020,mars,mercredi,09:00,75,75116,"48,8573510","2,2646690",2,2,3,1,1,4,2,6,1,1,, -1,1,0,5,4,2,57,9,2,,0,2,6,13,202000005007A01,1,17,1
202000005007,2020-03-04,2020,mars,mercredi,09:00,75,75116,"48,8573510","2,2646690",2,2,3,1,1,4,2,6,1,1,, -1,1,0,5,1,1,38,9,2,,0,2,2,17,202000005007B01,1,13,1
202000005010,2020-03-04,2020,mars,mercredi,09:50,75,75115,"48,8336510","2,2764530",2,2,3,1,1,4,1,2,1,1,, -1,1,5,1,4,2,29,1,1,2,0,2,1,1,202000005010B01,7,1,1
202000005013,2020-03-04,2020,mars,mercredi,19:00,75,75111,"48,8606830","2,3753000",2,3,3,5,2,4,2,2,1,1,, -1,2,0,5,4,1,24,9,2,,0,2,1,1,202000005013A01,30,15,1
202000005046,2020-03-04,2020,mars,mercredi,07:00,31,31341,"43,7182310","1,3058760",1,1,2,3,2,3,2,2,1,1,,5,2,0,1,3,1,49,1,2,,0,0,4,2,202000005046B01,7,2,1
202000005055,2020-03-05,2020,mars,jeudi,06:20,08,08067,"49,6256470","5,1783520",2,1,2,5,2,3,2,2,1,1,, -1,2,0,1,3,1,60,4,2,,0,0,4,2,202000005055A01,14,2,1
202000005059,2020-03-05,2020,mars,jeudi,00:30,971,97103,"16,2541790"," -61,5661920",2,1,2,3,1,2,3,4,1,1,, -1,1,0,1,2,1,22,9,2,,0,2,4,2,202000005059A01,7,2,1
202000005128,2020-02-28,2020,février,vendredi,08:56,80,80021,"49,8870600","2,3161600",2,1,3,1,1,4,1,1,2,1,, -1,1,0,1,4,1,28,0,2,,0,2,1,19,202000005128A01,7,1,1
202000005164,2020-03-02,2020,mars,lundi,07:35,50,50129,"49,6129600"," -1,6505100",1,1,3,2,2,3,2,2,1,1,, -1,2,0,1,4,1,29,1,1,4,0,2,8,1,202000005164B01,7,17,1
202000005230,2020-09-16,2020,septembre,mercredi,17:10,28,28134,"48,7423800","1,3466500",2,1,2,1,1,7,2,2,2,1,, -1,1,0,5,4,1,7,5,2,,0,2,0,1,202000005230B01,7,4,1
202000005231,2020-09-16,2020,septembre,mercredi,20:45,27,27375,"49,2097000","1,1631000",2,1, -1,3,1,3,2,2,1,1,, -1,1,0,1,4,1,37,0,2,,0,2,7,19,202000005231B01,7,1,1
202000005244,2020-09-17,2020,septembre,jeudi,13:45,12,12145,"44,1163200","3,0670200",2,6,3,1,1,4,2,2,2,1,, -1,1,0,1,4,1,44,1,1,2,0,2,1,17,202000005244A01,7,1,1
202000005256,2020-09-16,2020,septembre,mercredi,22:32,75,75119,"48,8988210","2,3868110",2,1,1,5,1,4, -1,5,1,1,, -1,1, -1,6,4,1,54,9,2,,0,2,1,5,202000005256A01,30,7,1
202000005260,2020-09-15,2020,septembre,mardi,22:40,75,75116,"48,8588160","2,2890030",2,3,2,3,1,4,2,8,1,1,, -1,1,0,1,4,1,22,9,1,2,0,2,1,2,202000005260B01,7,20,1
202000005267,2020-09-17,2020,septembre,jeudi,16:15,75,75111,"48,8663480","2,3688550",2,2,3,1,1,4,2,4,1,1,, -1,1,0,1,4,1,15,9,1,2,0,2,1,1,202000005267A01,33,1,1
202000005268,2020-09-16,2020,septembre,mercredi,23:10,75,75109,"48,8770950","2,3393250",2,1,3,5,1,4,1,2,2,1,, -1,1,0,1,4,2,19,5,2,,0,2,3,11,202000005268B01,7,17,1
202000005271,2020-09-17,2020,septembre,jeudi,09:50,75,75108,"48,8716090","2,3120970",2,1,2,1,1,4,1,1,1,1,, -1,1,0,1,4,1,28,1,1,2,0,2,4,2,202000005271A01,7,2,1
202000005273,2020-09-17,2020,septembre,jeudi,11:45,75,75107,"48,8628280","2,3134610",2,2,3,1,1,4,2,4,1,1,, -1,1,0,1,4,1,18,5,1,2,0,2,3,1,202000005273B01,10,15,1
202000005274,2020-09-17,2020,septembre,jeudi,18:20,75,75104,"48,8587330","2,3483470",2,3,3,1,1,4,1,5,1,1,, -1,1, -1,6,4,2,37,9,1,2,0,2,3,7,202000005274B01,7,17,1
202000005285,2020-09-16,2020,septembre,mercredi,10:25,94,94019,"48,8028000","2,5524000",2,1,3,1,1,4,2,2,1,1,, -1,1,0,1,4,2,61,5,2,,0,2,5,0,202000005285Y01,7,17,1
202000005306,2020-09-15,2020,septembre,mardi,11:55,67,67061,"48,8244357","7,4802247",2,1,6,1,1,4,2,2,2,1,, -1,1,0,1,1,1,9,2,2,,0,1,1,0,202000005306A01,,,
202000005306,2020-09-15,2020,septembre,mardi,11:55,67,67061,"48,8244357","7,4802247",2,1,6,1,1,4,2,2,2,1,, -1,1,0,1,1,2,44,5,2,,0,1,1,0,202000005306A01,,,
202000005317,2020-09-18,2020,septembre,vendredi,13:50,81,81063,"43,9389141","2,0779455",2,6,3,1,1,3,2,2,2,1,, -1,1,0,1,3,1,68,5,1,2,0,2,1,5,202000005317A01,7,21,1
202000005319,2020-09-12,2020,septembre,samedi,09:50,44,44154,"47,2447930"," -2,1621820",2,6,3,1,1,3,1,1,1,2,, -1,1,5,1,3,1,30,5,2,,0,0,7,1,202000005319B01,7,9,1
202000005322,2020-09-18,2020,septembre,vendredi,18:35,38,38384,"45,3553720","5,3359060",1,6,3,1,1,3,1,2,1,2,, -1,1,5,1,4,1,56,5,2,,0,2,7,9,202000005322B01,10,9,1
202000005347,2020-09-18,2020,septembre,vendredi,08:00,78,78120,"48,6234880","1,9884500",2,1,5,1,1,3,2,2,1,1,, -1,1,0,1,3,1,49,5,1,2,0,0,3,1,202000005347B01,7,2,1
202000005347,2020-09-18,2020,septembre,vendredi,08:00,78,78120,"48,6234880","1,9884500",2,1,5,1,1,3,2,2,1,1,, -1,1,0,1,3,2,55,5,1,2,0,0,3,1,202000005347C01,7,2,1
202000005351,2020-09-18,2020,septembre,vendredi,17:00,39,39210,"46,7596820","5,9531570",1,1,7,1,1,4,2,2,2,3,, -1,1,0,1,3,1,66,5,1,2,0,0,7,1,202000005351A01,,,
202000005360,2020-09-18,2020,septembre,vendredi,10:55,22,22173,"48,5453500"," -2,5957670",1,2,6,1,1,4,2,2,2,1,, -1,1,0,1,3,1,23,4,1,2,0,2,1,1,202000005360A01,,,
202000005363,2020-08-16,2020,août,dimanche,11:30,60,60041,"49,3927519","2,2073582",2,8,7,1,3,3,2,2,1,1,, -1,2,4,1,3,1,67,5,1,2,0,0,0,1,202000005363A01,,,
202000005379,2020-06-21,2020,juin,dimanche,00:00,987,98739," -23,8689980"," -147,6752720",1,1,1,3,1,4,2,2,2,1,, -1,1,0,1,2,1,44,0,2,,0,2,0,0,202000005379B01,7,1,1
202000005385,2020-06-22,2020,juin,lundi,17:29,34,34157,"43,4368650","3,5899170",2,9,3,1,1,4,2,2,1,1,, -1,1,0,1,3,1,23,1,2,,0,2,1,16,202000005385A01,7,1,1
202000005390,2020-06-19,2020,juin,vendredi,18:25,21,21370,"47,2764792","5,1723965",2,1,3,1,1,4,2,2,1,1,, -1,1,0,1,3,1,18,5,2,,0,2,1,19,202000005390B01,7,1,1
202000005458,2020-06-20,2020,juin,samedi,16:14,75,75119,"48,8812600","2,3732460",2,2,3,1,1,4,2,2,4,1,, -1,1,0,1,4,2,47,9,2,,0,2,8,1,202000005458B01,30,1,1
202000005462,2020-06-20,2020,juin,samedi,06:45,75,75111,"48,8647130","2,3701210",2,3,3,2,1,4,1,2,1,1,, -1,1, -1,5,4,1,59,5,2,,0,2,7,1,202000005462B01,10,22,1
202000005464,2020-06-20,2020,juin,samedi,10:20,75,75110,"48,8761820","2,3560470",2,3,6,1,1,4,1,1,1,1,, -1,1, -1,5,1,1,32,1,1,2,0,1,1,1,202000005464A01,,,
202000005525,2020-06-21,2020,juin,dimanche,19:23,55,55433,"48,6207580","5,7031110",2,4,7,1,1,3,2,2,1,1,, -1,9,0,1,4,2,40,5,2,,0,0,0,0,202000005525A01,,,
202000005545,2020-01-31,2020,janvier,vendredi,19:30,65,65440,"43,2306920","0,0815020",2,1,6,2,1,4,1,2,1,1,, -1,1,0,1,4,2,6,5,1,2,1,0,6,14,202000005545A01,,,
202000005545,2020-01-31,2020,janvier,vendredi,19:30,65,65440,"43,2306920","0,0815020",2,1,6,2,1,4,1,2,1,1,, -1,1,0,1,4,1,35,5,1,2,1,0,6,14,202000005545A01,,,
202000005558,2020-06-21,2020,juin,dimanche,09:15,64,64259,"43,2933880"," -1,2417340",1,1,3,1,1,3,2,2,2,4,, -1,1,0,1,4,1,59,5,1,2,0,2,3,2,202000005558A01,99,17,1
202000005578,2020-06-21,2020,juin,dimanche,17:00,77,77078,"48,9679880","3,1388180",2,9,1,1,1,9, -1,2,2,3,,4,1,0,1,4,1,12,5,2,,0,2,0,0,202000005578B01,10,0,1
202000005596,2020-06-21,2020,juin,dimanche,15:30,01,01187,"46,0344460","5,6742190",2,3,3,1,1,3,2,1,4,2,, -1,1,0,1,3,1,11,5,2,,0,2,1,5,202000005596B01,14,1,1
202000005596,2020-06-21,2020,juin,dimanche,15:30,01,01187,"46,0344460","5,6742190",2,3,3,1,1,3,2,1,4,2,, -1,1,0,1,4,1,9,5,2,,0,2,1,5,202000005596B01,14,1,1
202000005609,2020-06-18,2020,juin,jeudi,15:30,59,59250,"50,5830320","2,9030940",1,1, -1,1,1,4,2,2,1,1,,4,1,0,1,3,1,18,5,2,,0,2,6,19,202000005609A01,33,21,1
202000005643,2020-01-30,2020,janvier,jeudi,17:15,75,75112,"48,8382369","2,3764302",2,1, -1,1,1,4,2,2,1,1,, -1,1, -1,5,4,1,43,1,1,2,0,2,1,13,202000005643A01,1,1,1
202000005709,2020-02-01,2020,février,samedi,18:10,67,67463,"48,8959250","8,1081110",2,3,1,5,2,3,2,2,1,1,,4,2,0,1,3,2,16,5,2,,0,2,1,26,202000005709B01,7,1,1
202000005740,2020-02-01,2020,février,samedi,11:00,17,17444,"45,6544730"," -0,6527640",1,1,2,1,2,3,2,2,3,1,,7,2,0,1,4,1,46,5,1,2,0,0,4,13,202000005740A01,7,17,1
202000005833,2020-07-21,2020,juillet,mardi,20:15,75,75119,"48,8832870","2,3693530",2,7,3,1,1,4,2,4,1,1,, -1,1, -1,5,4,1,48,5,1,2,0,2,8,1,202000005833A01,30,14,1
202000005837,2020-07-20,2020,juillet,lundi,22:25,75,75111,"48,8504010","2,3925060",2,5,3,5,1,4,2,2,1,1,, -1,1,0,1,4,1,32,9,1,2,0,2,8,1,202000005837B01,7,1,1
202000005838,2020-10-07,2020,octobre,mercredi,19:15,75,75110,"48,8709430","2,3660480",2,1,3,2,1,4,1,2,1,1,, -1,1, -1,5,4,2,41,1,1,2,0,2,1,17,202000005838A01,7,22,1
202000005842,2020-07-15,2020,juillet,mercredi,18:25,75,75104,"48,8550060","2,3613510",2,1,3,2,1,4,1,1,1,1,, -1,1, -1,5,4,1,18,9,1,2,0,2,1,9,202000005842A01,1,1,1
202000005842,2020-07-15,2020,juillet,mercredi,18:25,75,75104,"48,8550060","2,3613510",2,1,3,2,1,4,1,1,1,1,, -1,1, -1,5,1,2,26,9,1,2,0,2,1,1,202000005842B01,1,9,1
202000005843,2020-07-21,2020,juillet,mardi,11:26,75,75104,"48,8534200","2,3671910",2,3,7,1,1,4,2,4,1,1,, -1,1,0,1,4,1,43,1,1,2,0,0,1,16,202000005843A01,,,
202000005868,2020-07-21,2020,juillet,mardi,09:10,17,17245,"46,1556120"," -1,0120140",2,1, -1,1,7,3,2,2,1,1,,5,1,0,1,4,1,65,5,1,2,14,0,1,1,202000005868C01,7,1,1
202000005868,2020-07-21,2020,juillet,mardi,09:10,17,17245,"46,1556120"," -1,0120140",2,1, -1,1,7,3,2,2,1,1,,5,1,0,1,4,1,76,5,1,2,14,0,1,1,202000005868B01,7,1,1
202000005868,2020-07-21,2020,juillet,mardi,09:10,17,17245,"46,1556120"," -1,0120140",2,1, -1,1,7,3,2,2,1,1,,5,1,0,1,1,1,60,5,1,2,0,9,1,1,202000005868D01,7,1,1
202000005870,2020-07-22,2020,juillet,mercredi,08:50,71,71047,"46,6216670","3,7675298",2,2,3,1,1,3,2,2,4,1,, -1,1,0,1,4,1,11,5,1,2,0,2,1,1,202000005870B01,7,19,1
202000005875,2020-07-19,2020,juillet,dimanche,11:16,01,01194,"45,9855900","4,7543980",2,3,3,1,1,3,2,2,1,1,, -1,1,0,1,3,1,52,5,1,2,0,2,1,1,202000005875A01,7,6,1
202000005878,2020-07-21,2020,juillet,mardi,07:00,59,59016,"50,9653530","2,3464230",2,2,3,1,1,3,2,2,1,1,, -1,1,0,1,3,1,51,1,1,2,0,0,1,26,202000005878B01,7,15,1
202000005888,2020-07-18,2020,juillet,samedi,18:35,80,80649,"50,3440230","1,6450520",1,1,7,1,1,3,2,2,1,1,, -1,1,0,3,4,1,43,5,1,2,0,0,0,1,202000005888A01,,,
202000005892,2020-07-21,2020,juillet,mardi,18:00,49,49135,"47,5624970"," -0,5854080",1,2,3,1,7,3,2,2,1,1,, -1,1,5,1,3,1,57,5,1,2/6,0,2,1,1,202000005892B01,10,19,1
202000005896,2020-07-21,2020,juillet,mardi,09:44,84,84020,"43,8145720","5,3285620",1,1,6,1,1,3,2,2,2,4,, -1,1,0,1,3,1,66,5,1,2,0,9,1,1,202000005896A01,,,
202000005899,2020-07-22,2020,juillet,mercredi,09:40,83,83095,"43,5558650","6,1167560",1,1,7,1,1,3,2,2,2,1,, -1,1,0,1,4,1,79,5,1,2,0,0,1,0,202000005899A01,,,
202000006019,2020-10-13,2020,octobre,mardi,17:27,49,49007,"47,4764200"," -0,5475470",2,1,3,2,1,4, -1,2,1,1,, -1,1,0,1,4,1,22,0,1,2,0,2,1,0,202000006019B01,7,1,1
202000006052,2020-10-14,2020,octobre,mercredi,09:10,75,75120,"48,8686470","2,3895750",2,2,3,1,8,4,2,2,2,1,, -1,2,0,1,4,2,48,3,1,2,0,2,1,1,202000006052B01,7,15,1
202000006056,2020-10-14,2020,octobre,mercredi,22:36,75,75116,"48,8537260","2,2774340",2,2,7,5,1,4,2,2,2,1,, -1,1,0,1,4,1,26,5,1,2,0,0,1,1,202000006056A01,,,
202000006073,2020-10-14,2020,octobre,mercredi,08:50,75,75101,"48,8595270","2,3487970",2,2,7,1,2,4,1,5,1,1,, -1,2, -1,5,4,2,38,1,1,2,0,0,8,1,202000006073A01,,,
202000006074,2020-10-14,2020,octobre,mercredi,09:00,75,75101,"48,8606310","2,3417740",2,1,2,1,2,4,2,4,1,1,, -1,2, -1,5,1,2,30,1,1,2,0,2,1,23,202000006074B01,1,1,1
202000006074,2020-10-14,2020,octobre,mercredi,09:00,75,75101,"48,8606310","2,3417740",2,1,2,1,2,4,2,4,1,1,, -1,2, -1,5,4,1,31,1,1,2,0,2,1,1,202000006074A01,1,23,1
202000006111,2020-10-15,2020,octobre,jeudi,15:10,44,44069,"47,2873810"," -2,4107270",1,1,2,1,1,3,2,2,1,3,, -1,1,0,1,3,1,70,5,1,2,1,0,1,1,202000006111A01,7,23,1
202000006142,2020-09-21,2020,septembre,lundi,19:40,59,59581,"50,6792610","2,7644720",1,4,3,1,1,4,2,2,1,1,, -1,1,0,1,4,2,14,5,2,,0,2,2,1,202000006142A01,31,13,1
202000006163,2020-08-22,2020,août,samedi,10:05,55,55344,"48,5261713","5,6902541",1,1,3,1,1,3,2,2,2,1,, -1,1,0,1,4,2,30,5,2,,0,9,0,1,202000006163A01,1,2,1
202000006163,2020-08-22,2020,août,samedi,10:05,55,55344,"48,5261713","5,6902541",1,1,3,1,1,3,2,2,2,1,, -1,1,0,1,1,1,36,5,2,,0,9,6,2,202000006163B01,1,1,1
202000006165,2020-08-18,2020,août,mardi,11:00,12,12241,"44,3213300","2,6463750",1,2,3,1,1,3,2,2,2,2,, -1,1,0,1,3,1,70,5,1,2,0,2,2,1,202000006165A01,21,19,1
202000006265,2020-08-19,2020,août,mercredi,19:45,75,75116,"48,8564710","2,2375390",2,1,3,1,1,4,2,2,3,1,, -1,1, -1,5,4,2,56,5,1,2,0,2,3,1,202000006265B01,1,1,1
202000006265,2020-08-19,2020,août,mercredi,19:45,75,75116,"48,8564710","2,2375390",2,1,3,1,1,4,2,2,3,1,, -1,1, -1,5,4,1,50,5,1,2,0,2,2,1,202000006265A01,1,1,1
202000006271,2020-08-20,2020,août,jeudi,18:25,75,75104,"48,8539320","2,3648560",2,3,7,1,1,4,2,4,1,1,, -1,1, -1,5,4,1,40,1,1,2,0,0,8,1,202000006271A01,,,
202000006290,2020-08-20,2020,août,jeudi,16:25,06,06161,"43,6580480","7,1239000",2,1, -1,5,1,3,2,1,1,1,, -1,1,0,1,4,2,72,5,1,2,0,2,3,1,202000006290A01,7,15,1
202000006296,2020-08-19,2020,août,mercredi,18:15,51,51605,"49,0783060","3,8494610",1,1,7,1,1,3,2,2,2,3,, -1,1,0,1,2,2,28,5,2,,0,0,8,1,202000006296A01,,,
202000006297,2020-08-20,2020,août,jeudi,08:10,51,51434,"49,0137683","4,0713728",1,1,2,1,1,3,2,2,1,2,, -1,1,0,1,4,1,52,5,1,2,0,0,6,2,202000006297B01,10,2,1
202000006313,2020-08-20,2020,août,jeudi,13:00,29,29183,"48,5725820"," -3,6100250",2,1,7,1,1,4,2,2,1,1,, -1,1,0,1,2,1,56,5,1,2,0,0,0,1,202000006313A01,,,
202000006329,2020-08-21,2020,août,vendredi,10:00,01,01427,"45,9385640","4,7799220",2,6,2,1,1,3,3,1,1,1,, -1,1,5,1,4,1,36,3,2,,0,2,4,15,202000006329B01,15,1,1
202000006344,2020-08-21,2020,août,vendredi,14:40,69,69086,"45,8471570","4,6705410",1,6,3,1,1,3,2,2,2,2,, -1,1,5,1,2,1,85,5,2,,0,2,2,1,202000006344B01,7,9,1
202000006366,2020-07-14,2020,juillet,mardi,19:08,85,85019,"46,7826800"," -1,3775800",1,1,7,1,1,4,2, -1,1,1,, -1,1,0,1,2,1,64,1,2,,0,0,8,1,202000006366A01,,,
202000006367,2020-11-11,2020,novembre,mercredi,12:10,19,19272,"45,2730900","1,7838800",2,1,7,1,1,3,2,2,2,4,, -1,2,0,1,3,1,49,5,1,2,0,0,0,0,202000006367A01,,,
202000006416,2020-12-22,2020,décembre,mardi,10:00,44,44131,"47,1248520"," -2,1271690",2,6,3,1,1,4,1,1,1,3,, -1,1,5,1,3,2,57,1,2,,0,2,8,1,202000006416B01,7,16,1
202000006421,2020-07-24,2020,juillet,vendredi,21:25,26,26281,"45,0453000","5,0340200",2,1,1,2,1,4, -1,1,1,1,, -1,1,0,8,4,1,9,5,2,,0,2,8,19,202000006421B01,10,1,1
202000006428,2020-12-21,2020,décembre,lundi,15:45,2A,2A004,"41,9270334","8,7393716",2,9, -1,1,1,2,2,3,1,1,, -1,2,0,1,4,1,16,1,2,,0,2,8,19,202000006428B01,32,1,1
202000006435,2020-12-28,2020,décembre,lundi,16:32,69,69244,"45,7662690","4,7841540",2,1,3,1,1,3,2,2,2,1,, -1,1,0,1,4,1,23,5,1,2,0,2,4,1,202000006435B01,7,15,1
202000006510,2020-06-07,2020,juin,dimanche,09:10,49,49092,"47,1735170"," -0,6688460",1,1,7,1,1,3,2,2,1,2,, -1,1,0,1,2,1,70,5,1,2,0,0,0,0,202000006510A01,,,
202000006536,2020-12-30,2020,décembre,mercredi,16:00,54,54581,"49,1118640","5,8807160",1,3,3,1,1,3,2,2,1,1,, -1,1,0,1,4,1,70,5,1,2,0,2,7,1,202000006536B01,7,16,1
202000006551,2020-11-26,2020,novembre,jeudi,06:47,75,75117,"48,8943150","2,3137680",2,2,2,5,1,4,3,2,1,1,, -1,1,0,1,4,2,35,1,1,2,0,2,4,23,202000006551B01,14,15,1
202000006553,2020-11-26,2020,novembre,jeudi,20:05,75,75113,"48,8287830","2,3701420",2,1,6,5,1,4,2,2,2,1,, -1,1, -1,5,4,1,26,4,1,2,0,1,1,1,202000006553A01,,,
202000006566,2020-11-25,2020,novembre,mercredi,17:30,93,93032,"48,8765163","2,5614912",2,1,1,2,1,4,2,2,2,1,, -1,1,0,1,4,1,14,5,2,,0,2,1,10,202000006566B01,7,1,1
202000006597,2020-11-26,2020,novembre,jeudi,13:30,973,97311,"5,4956830"," -54,0302790",2,1,2,1,1,3,2,2,1,1,, -1,1,0,1,3,1,20,0,1,2,0,2,1,18,202000006597B01,3,15,1
202000006598,2020-11-24,2020,novembre,mardi,19:00,971,97122,"16,4166350"," -61,5286360",2,2,1,4,1,4,2,2,1,1,, -1,1,5,1,3,1,50,5,2,,0,2,1,13,202000006598B01,7,26,1
202000006666,2020-11-25,2020,novembre,mercredi,15:15,75,75105,"48,8501020","2,3506650",2,1,3,1,1,4,1,2,1,1,, -1,1,0,1,4,2,26,5,2,,0,2,1,18,202000006666B01,10,22,1
202000006667,2020-11-24,2020,novembre,mardi,20:47,75,75105,"48,8503440","2,3426360",2,5,3,5,1,4,2,3,1,1,, -1,1, -1,5,4,1,35,2,1,2,0,2,1,1,202000006667B01,7,16,1
202000006671,2020-11-25,2020,novembre,mercredi,15:30,75,75116,"48,8643320","2,2729670",2,5,2,1,1,4, -1,2,1,1,, -1,1,0,1,4,2,35,9,2,,0,2,0,1,202000006671B01,7,13,1
202000006673,2020-11-25,2020,novembre,mercredi,13:00,75,75112,"48,8457310","2,3934250",2,3,3,1,8,4,2,2,1,1,, -1,1,0,1,4,2,66,3,2,,0,2,7,1,202000006673A01,7,22,1
202000006674,2020-11-25,2020,novembre,mercredi,08:00,75,75111,"48,8642160","2,3711980",2,2,6,1,1,4,1,1,1,1,, -1,1, -1,5,1,1,34,9,2,,0,1,1,1,202000006674A01,,,
202000006690,2020-11-25,2020,novembre,mercredi,11:50,26,26133,"45,2131110","4,9055740",1,1,7,1,1,4,2,2,2,1,, -1,1,0,1,3,1,41,5,1,2,0,0,0,0,202000006690A01,,,
202000006691,2020-11-26,2020,novembre,jeudi,15:30,83,83070,"43,1353799","6,3513166",2,1,1,1,1,3,3,2,1,1,, -1,1,5,1,3,2,88,3,2,,0,2,1,9,202000006691B01,10,1,1
202000006706,2020-11-14,2020,novembre,samedi,14:00,53,53062,"47,8281840"," -0,6895560",2,9,6,1,1,4, -1,1,2,1,, -1,1,0,8,4,1,16,3,2,,0,1,1,2,202000006706A01,,,
202000006708,2020-11-26,2020,novembre,jeudi,07:20,67,67343,"48,6036940","7,6909180",2,2,3,5,5,7,2,2,1,1,, -1,1,5,5,4,1,52,1,1,9,0,2,4,1,202000006708B01,7,16,1
202000006713,2020-11-26,2020,novembre,jeudi,12:30,83,83099,"43,4565330","6,6835770",2,1,1,1,1,4,2,2,1,1,, -1,1,0,1,3,1,12,2,2,,0,2,1,9,202000006713A01,7,1,1
202000006717,2020-11-25,2020,novembre,mercredi,15:55,26,26084,"44,9921120","4,9173400",1,1,7,1,1,4, -1,2,2,1,, -1,1,0,1,2,1,82,5,1,2,0,0,0,1,202000006717A01,,,
202000006760,2020-05-17,2020,mai,dimanche,12:10,75,75115,"48,8347140","2,3051840",2,2,3,1,1,4,2,1,1,1,, -1,1, -1,6,4,2,48,5,1,2,0,2,3,15,202000006760B01,7,17,1
202000006761,2020-05-17,2020,mai,dimanche,15:00,75,75112,"48,8271500","2,4646300",2,7,3,1,1,4,2,8,1,1,, -1,1,0,1,4,1,50,5,1,2,0,2,3,1,202000006761A01,7,1,1
202000006784,2020-05-16,2020,mai,samedi,15:15,82,82176,"43,9655310","1,5455530",1,1,7,1,1,3,2,2,1,1,,7,1,0,1,3,1,22,5,2,,0,0,0,2,202000006784A01,,,
202000006794,2020-05-16,2020,mai,samedi,18:20,49,49329,"47,3818430"," -0,6539490",1,1,3,1,1,3,2,2,1,1,,5,1,0,1,3,1,54,5,2,,0,2,8,10,202000006794B01,7,17,1
202000006796,2020-05-15,2020,mai,vendredi,15:45,42,42043,"45,5764940","4,3166830",2,1,7,1,1,3,2,2,1,1,,4,1,0,3,3,1,54,5,1,2,0,0,1,1,202000006796A01,,,
202000006820,2020-05-15,2020,mai,vendredi,15:45,95,95042,"49,0683130","2,2826240",1,1,7,1,1,3,2,2,1,2,,5,1,0,1,3,1,73,5,1,2,0,0,7,1,202000006820A01,,,
202000006824,2020-05-17,2020,mai,dimanche,10:30,68,68252,"48,1642250","7,3666870",1,3,3,1,1,3,2,1,1,1,, -1,1,0,1,3,1,50,5,1,2,0,2,1,1,202000006824B01,7,15,1
202000006826,2020-05-16,2020,mai,samedi,17:25,67,67464,"48,3241537","7,5716773",1,2,3,1,7,3,2,2,1,1,,4,1,0,1,4,1,58,5,1,2,0,2,1,1,202000006826B01,7,1,1
202000006878,2020-05-16,2020,mai,samedi,04:38,75,75105,"48,8369810","2,3522960",2,1,3,5,1,4,2,3,1,1,, -1,1,0,1,4,1,57,9,1,2,0,2,8,1,202000006878B01,7,1,1
202000006880,2020-05-16,2020,mai,samedi,17:50,75,75119,"48,8943030","2,3817260",2,2,3,1,1,4,1,0,1,1,, -1,1, -1,5,4,1,77,5,2,,0,2,1,19,202000006880A01,7,1,1
202000006881,2020-05-16,2020,mai,samedi,16:30,75,75118,"48,8841970","2,3543150",2,1,3,1,1,4,1,1,1,1,, -1,1, -1,5,4,1,59,9,2,,0,2,1,5,202000006881B01,7,22,1
202000006883,2020-05-16,2020,mai,samedi,18:00,75,75116,"48,8577420","2,2372610",2,1,3,1,1,4,1,2,2,1,, -1,1, -1,5,4,1,44,5,1,2/6,0,2,1,1,202000006883B01,7,10,1
202000006884,2020-05-16,2020,mai,samedi,11:30,75,75115,"48,8539200","2,2873610",2,1,6,1,1,4,1,1,2,1,, -1,1,9,1,4,1,25,4,2,,12,0,1,1,202000006884A01,,,
202000006885,2020-05-16,2020,mai,samedi,15:40,75,75114,"48,8344700","2,3338510",2,1,6,1,1,4, -1,0,2,1,, -1,1,0,4,1,2,9,5,1,2,0,1,1,25,202000006885A01,,,
202000006887,2020-05-16,2020,mai,samedi,17:50,75,75112,"48,8371460","2,3904787",2,1,2,1,1,4,2,2,1,1,, -1,1, -1,5,4,2,34,5,1,2,0,2,2,1,202000006887B01,10,22,1
202000006890,2020-05-16,2020,mai,samedi,11:15,75,75101,"48,8590870","2,3464500",2,2,3,1,1,4, -1,2,1,1,, -1,1, -1,5,4,1,36,9,2,,0,2,1,1,202000006890B01,10,10,1
202000006922,2020-05-16,2020,mai,samedi,16:20,29,29130,"48,3559210"," -4,6593830",2,1,7,1,1,4,2,2,2,1,, -1,1,0,1,3,1,17,5,1,2,0,0,0,1,202000006922A01,,,
202000006925,2020-05-16,2020,mai,samedi,12:00,84,84020,"43,8567200","5,2881430",1,2,3,1,1,4,2,2,1,1,, -1,1,0,1,3,1,78,5,1,2,0,2,1,1,202000006925B01,7,1,1