Num_Acc,date,an,mois,jour,hrmn,dep,com,lat,long,agg,int,col,lum,atm,catr,circ,nbv,prof,plan,lartpc,larrout,surf,infra,situ,grav,sexe,age,trajet,secuexist,equipement,obs,obsm,choc,manv,vehiculeid,typevehicules,manoeuvehicules,numVehicules
202000006961,2020-03-03,2020,mars,mardi,17:00,29,29019,"48,4335359"," -4,4994485",2,6,3,1,1,4,2,0,1,1,, -1,1,5,1,4,1,20,2,1,2,0,0,8,2,202000006961B01,7,17,1
202000007059,2020-02-25,2020,février,mardi,20:00,80,80021,"49,8715300","2,2844700",2,3,3,5,1,4,2,2,1,1,, -1,1,0,1,4,2,36,0,2,,0,2,1,16,202000007059B01,7,1,1
202000007139,2020-09-15,2020,septembre,mardi,09:00,971,97101,"16,2572696"," -61,5120398",1,1,1,1,1,2,1,4,1,1,, -1,1,6,6,4,1,23,1,2,,0,2,0,0,202000007139B01,10,0,1
202000007182,2020-09-16,2020,septembre,mercredi,07:45,27,27701,"49,2753700","1,2095800",2,3,1,1,1,4,2,2,1,1,, -1,1,0,1,3,1,14,2,2,,0,2,8,19,202000007182A01,7,1,1
202000007183,2020-09-16,2020,septembre,mercredi,20:45,27,27229,"49,0345600","1,1560800",2,6,1,5,1,3, -1,2,1,4,, -1,1,9,1,4,1,24,0,1,2,0,0,0,0,202000007183B01,7,1,1
202000007211,2020-09-16,2020,septembre,mercredi,19:05,75,75117,"48,8752240","2,2909130",2,4, -1,1,1,4,2,8,2,1,, -1,1, -1,5,4,1,27,1,2,,0,2,1,1,202000007211A01,7,16,1
202000007214,2020-09-16,2020,septembre,mercredi,10:00,75,75117,"48,8820430","2,3131650",2,1,3,1,1,4,2,0,1,1,, -1,1,0,1,4,1,39,1,1,2,0,2,2,1,202000007214A01,7,22,1
202000007217,2020-09-16,2020,septembre,mercredi,08:05,75,75114,"48,8212110","2,3343120",2,3,6,1,1,4,1, -1,1,1,, -1,1, -1,5,4,1,50,9,2,,0,2,0,21,202000007217A01,,,
202000007218,2020-09-16,2020,septembre,mercredi,08:40,75,75112,"48,8331250","2,4011960",2,1,3,1,1,4, -1,2,1,1,, -1,1, -1,5,4,2,34,9,1,2,0,2,1,1,202000007218B01,7,9,1
202000007219,2020-09-16,2020,septembre,mercredi,18:10,75,75111,"48,8677580","2,3643920",2,3,3,1,1,4,2,3,1,1,, -1,1,0,1,4,2,13,2,2,,0,2,1,1,202000007219B01,1,15,1
202000007219,2020-09-16,2020,septembre,mercredi,18:10,75,75111,"48,8677580","2,3643920",2,3,3,1,1,4,2,3,1,1,, -1,1,0,1,1,1,70,5,1,2,0,2,8,15,202000007219A01,1,1,1
202000007220,2020-09-16,2020,septembre,mercredi,18:00,75,75111,"48,8630630","2,3712730",2,3,6,1,1,4,1,1,1,1,, -1,1, -1,5,4,1,46,1,1,2,0,1,1,1,202000007220A01,,,
202000007221,2020-09-16,2020,septembre,mercredi,14:55,75,75111,"48,8567020","2,3819590",2,3,3,1,1,4,2,4,1,1,, -1,1, -1,5,4,1,44,9,1,2,0,2,1,1,202000007221B01,10,16,1
202000007223,2020-09-16,2020,septembre,mercredi,20:25,75,75107,"48,8460040","2,3138630",2,3,3,5,1,4,1,3,1,1,, -1,1, -1,5,4,2,20,9,1,2,0,2,1,1,202000007223B01,7,16,1
202000007250,2020-09-16,2020,septembre,mercredi,11:45,91,91363,"48,6536360","2,2120550",1,1,3,1,1,3,2,2,2,3,, -1,1,0,1,4,1,64,5,1,2/6,0,2,8,1,202000007250B01,15,17,1
202000007251,2020-09-16,2020,septembre,mercredi,14:17,25,25370,"47,4372410","6,7798630",2,3,3,1,1,4,2,2,1,1,, -1,1,0,1,3,1,12,5,2,,0,2,3,15,202000007251B01,14,17,1
202000007261,2020-09-16,2020,septembre,mercredi,13:53,71,71321,"46,8032929","4,5726405",1,1,3,1,1,3,2,2,1,1,, -1,1,0,1,4,1,45,1,1,2/6,0,2,8,2,202000007261B01,7,2,1
202000007262,2020-09-17,2020,septembre,jeudi,08:55,89,89418,"47,8583030","3,9735160",2,2,1,1,1,3,2,2,1,1,, -1,1,0,1,4,1,68,5,1,2,0,2,1,1,202000007262B01,7,15,1
202000007265,2020-09-17,2020,septembre,jeudi,11:30,42,42228,"45,5633730","4,0938230",1,1,2,1,1,3,2,2,1,1,, -1,1,0,1,3,1,75,5,1,2/6,0,2,4,1,202000007265B01,7,17,1
202000007270,2020-09-17,2020,septembre,jeudi,11:00,02,02420,"49,8979220","3,3199610",2,9,3,1,7,3,2,2,4,1,, -1,1,0,1,4,1,67,5,1,2,0,0,7,2,202000007270B01,7,2,1
202000007278,2020-09-17,2020,septembre,jeudi,09:15,17,17292,"45,9651120"," -0,7271580",1,1,3,1,1,3,2,2,1,1,, -1,1,0,1,2,1,74,5,1,2,0,0,4,13,202000007278A01,7,17,1
202000007285,2020-09-02,2020,septembre,mercredi,12:20,74,74010,"45,8852730","6,0885560",2,3, -1,1,1,4, -1,1,1,3,, -1,1,0,4,4,1,13,2,2,,0,2,1,25,202000007285B01,7,1,1
202000007286,2020-09-15,2020,septembre,mardi,20:15,33,33122,"44,7382300"," -0,6564900",2,3,3,5,1,3,2,4,1,1,, -1,1,0,1,4,1,56,5,1,2,0,2,1,1,202000007286B01,7,15,1
202000007288,2020-09-16,2020,septembre,mercredi,17:22,21,21540,"47,3483240","5,0989120",1,1,1,1,1,4,2,2,1,3,, -1,1,0,1,3,1,61,5,1,2,0,2,8,1,202000007288B01,7,1,1
202000007303,2020-09-17,2020,septembre,jeudi,17:30,60,60088,"49,1978100","2,2098930",2,2,3,1,1,3,2,2,1,1,, -1,1,0,1,3,1,13,2,2,,0,0,1,19,202000007303B01,2,1,1
202000007335,2020-01-29,2020,janvier,mercredi,07:55,56,56121,"47,7541200"," -3,3669500",2,7,5,5,1,4,2, -1,1,1,, -1,1,9,1,4,1,21,2,1,2,0,2,8,19,202000007335B01,7,23/15,2
202000007359,2020-01-29,2020,janvier,mercredi,07:56,26,26198,"44,5663650","4,7351430",2,6,3,1,1,2,1,2,1,2,, -1,1,5,1,4,2,50,0,1,2,0,2,1,0,202000007359B01,7,9,1
202000007382,2020-01-30,2020,janvier,jeudi,07:30,75,75116,"48,8741501","2,2553821",2,7, -1,5,1,4,4,3,1,1,,9,1,0,1,4,2,26,1,1,2,0,2,3,15,202000007382A01,10,0,1
202000007392,2020-01-30,2020,janvier,jeudi,14:30,75,75110,"48,8779022","2,3516094",2,7,3,1,2,4,1,2,1,1,,5,2, -1,5,4,2,31,9,1,2,0,2,2,1,202000007392B01,10,1,1
202000007394,2020-01-30,2020,janvier,jeudi,08:25,75,75109,"48,8731075","2,3320250",2,1,2,1,2,4,1,3,1,1,, -1,2,0,1,4,2,31,1,1,2,0,2,4,2,202000007394B01,30,2,1
202000007431,2020-01-26,2020,janvier,dimanche,16:05,51,51569,"49,2500367","3,9445119",1,1,5,1,1,4,2,2,1,3,, -1,9,0,1,4,1,70,5,1,2,0,2,8,1,202000007431D01,7,26,1
202000007431,2020-01-26,2020,janvier,dimanche,16:05,51,51569,"49,2500367","3,9445119",1,1,5,1,1,4,2,2,1,3,, -1,9,0,1,4,1,69,5,1,2,0,2,8,1,202000007431C01,7,26,1
202000007431,2020-01-26,2020,janvier,dimanche,16:05,51,51569,"49,2500367","3,9445119",1,1,5,1,1,4,2,2,1,3,, -1,9,0,1,2,1,73,5,1,2,0,2,1,1,202000007431B01,7,26,1
202000007453,2020-01-30,2020,janvier,jeudi,08:50,38,38486,"45,1669700","5,6943100",2,2,1,1,1,4,2,2,1,1,, -1,1,5,1,3,2,77,5,1,2/4,0,2,1,13,202000007453A01,7,13,1
202000007581,2020-06-19,2020,juin,vendredi,12:30,75,75119,"48,8769180","2,3743490",2,1,3,1,1,4,2,2,2,3,, -1,1,0,1,4,1,22,4,1,2,0,2,1,1,202000007581B01,7,22,1
202000007587,2020-06-19,2020,juin,vendredi,19:40,75,75117,"48,8879180","2,2887890",2,7,3,1,1,4,2,4,1,1,, -1,1,0,1,4,2,24,1,1,2,0,2,5,1,202000007587B01,7,1,1
202000007591,2020-06-19,2020,juin,vendredi,00:25,75,75116,"48,8644370","2,2418700",2,1,2,5,1,4,2,2,1,1,, -1,1,0,1,4,2,36,4,1,2,0,2,0,2,202000007591A01,7,2,1
202000007601,2020-07-20,2020,juillet,lundi,14:55,75,75109,"48,8712760","2,3359300",2,2,3,1,1,4,2,4,1,1,, -1,1,0,1,4,2,31,9,1,2,0,2,8,15,202000007601A01,33,1,1
202000007605,2020-07-20,2020,juillet,lundi,20:30,75,75101,"48,8670860","2,3290430",2,7,6,1,1,4,1,1,1,1,, -1,1,0,1,4,2,44,1,1,2,8,0,3,1,202000007605A01,,,
202000007607,2020-07-20,2020,juillet,lundi,17:40,75,75104,"48,8554560","2,3600900",2,3,6,1,1,4,2,5,1,1,, -1,1, -1,5,1,1,16,5,1,2,0,1,2,1,202000007607A01,,,
202000007608,2020-06-19,2020,juin,vendredi,14:25,75,75108,"48,8699890","2,3252480",2,7,7,1,1,4,1,2,1,1,, -1,1,0,1,4,1,22,4,1,2,0,0,0,21,202000007608A01,,,
202000007610,2020-06-19,2020,juin,vendredi,00:15,75,75104,"48,8514130","2,3632610",2,1,7,5,1,4,2,3,1,1,, -1,1,0,4,4,1,52,9,1,2,0,0,0,25,202000007610A01,,,
202000007657,2020-06-20,2020,juin,samedi,10:45,74,74071,"46,0274740","5,8903560",2,3,3,1,1,3,2,2,4,3,, -1,1,5,1,3,1,55,5,1,2,0,2,8,14,202000007657B01,7,15,1
202000007661,2020-07-18,2020,juillet,samedi,12:55,95,95229,"49,0341805","2,3419283",2,6,7,1,1,3,2,2,1,3,, -1,1,0,4,4,1,77,3,2,,12,0,7,1,202000007661A01,,,
202000007684,2020-06-28,2020,juin,dimanche,10:26,76,76191,"49,7226286","1,1453594",1,2,3,1,1,3,2,2,1,1,, -1,1,0,1,3,1,56,5,1,2/4/6,0,2,3,1,202000007684B01,7,9,1
202000007716,2020-07-21,2020,juillet,mardi,07:40,973,97309,"4,8923640"," -52,2853460",2,1,2,1,1,4,2,2,1,1,, -1,2,0,1,3,1,21,0,2,,0,2,1,2,202000007716B01,7,4,1
202000007756,2020-06-19,2020,juin,vendredi,18:15,74,74003,"45,8922410","6,2578300",1,1,2,1,1,3, -1,2,1,1,, -1,1,0,5,3,1,57,5,1,2,0,0,3,1,202000007756A01,7,14,1
202000007830,2020-07-19,2020,juillet,dimanche,14:10,75,75106,"48,8583010","2,3335440",2,1,3,1,1,4,2,6,1,1,, -1,1, -1,5,4,2,36,5,2,,0,2,1,15,202000007830A01,1,1,1
202000007830,2020-07-19,2020,juillet,dimanche,14:10,75,75106,"48,8583010","2,3335440",2,1,3,1,1,4,2,6,1,1,, -1,1, -1,5,4,1,22,5,1,2,0,2,1,1,202000007830B01,1,15,1
202000007833,2020-07-19,2020,juillet,dimanche,01:00,75,75120,"48,8727540","2,3908330",2,1,3,5,1,4,2,2,1,1,, -1,1,0,1,4,1,31,9,2,,0,2,7,1,202000007833B01,32,17,1
202000007859,2020-06-18,2020,juin,jeudi,19:05,45,45147,"47,9365767","1,9122121",1,7,1,1,1,6, -1,0,1,1,, -1,2,0,1,4,1,10,5,2,,0,2,1,3,202000007859B01,7,20,1
202000007887,2020-07-12,2020,juillet,dimanche,20:00,62,62633,"50,3535770","2,2192420",1,1,3,1,1,3,2,2,1,1,,5,1,0,1,4,1,57,5,2,,0,0,8,1,202000007887B01,36,17,1
202000007895,2020-07-20,2020,juillet,lundi,11:55,81,81171,"43,8399360","1,8412990",1,1,5,1,1,4,2,2,1,1,, -1,1,0,1,1,1,55,5,1,2/6,0,9,4,2,202000007895C01,7,17,1
202000007895,2020-07-20,2020,juillet,lundi,11:55,81,81171,"43,8399360","1,8412990",1,1,5,1,1,4,2,2,1,1,, -1,1,0,1,2,2,45,5,1,2/6,0,2,0,26,202000007895B01,7,17,1
202000007978,2020-10-14,2020,octobre,mercredi,20:08,75,75118,"48,8898720","2,3599330",2,1,3,5,1,4,2,4,1,1,, -1,1,0,1,3,2,26,1,1,2,0,2,0,1,202000007978A01,31,5,1
202000007979,2020-10-14,2020,octobre,mercredi,19:35,75,75118,"48,8855600","2,3495340",2,2,3,5,1,4,2,6,2,1,, -1,1, -1,5,4,1,23,5,1,2,0,2,1,1,202000007979B01,7,22,1
202000007984,2020-10-14,2020,octobre,mercredi,19:45,75,75115,"48,8450970","2,3201170",2,5,3,3,1,4,2,6,1,1,, -1,1,0,1,4,1,55,1,1,2,0,2,1,1,202000007984B01,7,17,1
202000007986,2020-10-14,2020,octobre,mercredi,15:00,75,75113,"48,8330850","2,3446340",2,1,3,1,1,4,2,2,1,1,, -1,1,0,1,4,2,45,9,1,2,0,2,1,1,202000007986B01,7,22,1
202000007987,2020-10-13,2020,octobre,mardi,08:15,75,75113,"48,8231440","2,3743030",2,1,6,1,2,4,1,2,2,1,, -1,2,0,1,4,1,61,1,2,,12,0,0,14,202000007987A01,,,
202000007989,2020-10-14,2020,octobre,mercredi,08:55,75,75111,"48,8536430","2,3871100",2,1,3,1,2,4,2,6,1,1,, -1,2, -1,5,4,2,31,2,1,2,0,2,1,1,202000007989B01,7,15,1
202000007991,2020-10-14,2020,octobre,mercredi,09:45,75,75110,"48,8693340","2,3633780",2,2,3,1,2,4,1,2,1,1,, -1,2, -1,5,4,1,35,1,1,2,0,2,0,1,202000007991A01,7,1,1
202000007992,2020-10-14,2020,octobre,mercredi,14:05,75,75107,"48,8569710","2,3246050",2,3,3,1,1,4,2,4,1,1,, -1,1, -1,6,4,1,17,2,1,2,0,2,1,7,202000007992A01,7,16,1
202000007994,2020-10-14,2020,octobre,mercredi,09:40,75,75101,"48,8578860","2,3439190",2,4,3,1,2,4,2,2,1,1,, -1,2,6,1,4,2,39,5,1,2,0,2,7,9,202000007994A01,1,1,1
202000007994,2020-10-14,2020,octobre,mercredi,09:40,75,75101,"48,8578860","2,3439190",2,4,3,1,2,4,2,2,1,1,, -1,2,6,1,4,1,46,1,1,2,0,2,8,1,202000007994B01,1,9,1
202000007996,2020-10-14,2020,octobre,mercredi,00:30,75,75101,"48,8577260","2,3477870",2,2,6,5,1,4,1,4,1,1,, -1,2, -1,5,4,1,24,4,1,2,15,0,8,21,202000007996A01,,,
202000008030,2020-10-15,2020,octobre,jeudi,03:30,69,69063,"45,8139910","4,8451580",2,1,6,5,1,3,2,2,2,1,, -1,1,0,5,3,1,34,5,1,9,0,0,6,1,202000008030A01,,,
202000008035,2020-10-14,2020,octobre,mercredi,19:45,29,29191,"48,5336580"," -3,7556930",1,1,7,3,2,4,2,2,4,1,, -1,2,0,1,4,1,29,5,2,,0,0,9,0,202000008035A01,,,
202000008059,2020-08-27,2020,août,jeudi,07:00,11,11076,"43,3026720","1,9745400",1,6,3,2,1,3,2,2,1,1,, -1,1,5,1,4,1,43,1,1,2/4/9,0,2,1,1,202000008059B01,7,1,1
202000008065,2020-10-13,2020,octobre,mardi,12:15,73,73097,"45,5518680","6,0143600",2,1,1,1,1,3,2,2,2,1,, -1,1,0,1,3,1,52,5,1,2,0,2,1,1,202000008065B01,7,15,1
202000008163,2020-08-19,2020,août,mercredi,14:00,75,75119,"48,8819960","2,4025000",2,2,3,1,1,4,2,2,1,3,, -1,1, -1,5,4,1,41,9,2,,0,2,1,1,202000008163B01,7,16,1
202000008169,2020-08-19,2020,août,mercredi,16:45,75,75110,"48,8810990","2,3651540",2,2,6,1,8,4,1,2,1,1,, -1,1,0,1,1,1,26,1,2,,0,1,1,5,202000008169A01,,,
202000008171,2020-08-19,2020,août,mercredi,13:20,75,75103,"48,8623640","2,3503820",2,1,7,1,1,4,1,4,1,1,, -1,1, -1,5,4,1,36,5,2,,0,0,0,1,202000008171A01,,,
202000008172,2020-08-18,2020,août,mardi,17:00,75,75103,"48,8632320","2,3516650",2,3,7,1,1,4,2,2,1,1,, -1,1,0,1,4,1,29,5,2,,0,0,0,1,202000008172A01,,,
202000008189,2020-08-20,2020,août,jeudi,09:45,95,95052,"49,1379972","2,2721469",2,6,2,1,1,3,1,2,1,2,, -1,1,0,1,4,1,80,5,1,2,0,2,5,1,202000008189B01,7,1,1
202000008211,2020-08-11,2020,août,mardi,15:30,51,51507,"49,1033334","4,9021969",1,1,3,1,7,3,2,2,2,1,, -1,1,0,1,4,1,48,5,1,2,0,2,3,2,202000008211B01,7,21,1
202000008222,2020-08-19,2020,août,mercredi,10:10,11,11262,"43,1692640","3,0369790",1,4,5,1,1,3,2,2,1,3,, -1,1,0,1,3,2,79,5,2,,0,2,2,1,202000008222A01,7,1,3
202000008232,2020-08-18,2020,août,mardi,17:55,29,29140,"48,3793794"," -4,3106913",1,2,3,1,1,4,2,2,1,2,, -1,1,0,1,4,2,59,5,1,2/4,0,2,2,1,202000008232B01,7,19,1
202000008236,2020-08-15,2020,août,samedi,20:17,22,22135,"48,5793150"," -3,3284870",2,1,7,1,1,3, -1,2,1,1,, -1,1,0,4,3,1,14,5,2,,0,0,1,0,202000008236A01,,,
202000008241,2020-08-16,2020,août,dimanche,09:45,38,38310,"45,2587270","5,4764810",2,3, -1,1,1,3,2,2,1,1,, -1,1,0,1,4,1,42,5,1,2,0,2,1,1,202000008241B01,7,15,1
202000008241,2020-08-16,2020,août,dimanche,09:45,38,38310,"45,2587270","5,4764810",2,3, -1,1,1,3,2,2,1,1,, -1,1,0,1,4,1,41,5,1,2,0,2,1,1,202000008241C01,7,15,1
202000008250,2020-08-20,2020,août,jeudi,12:00,05,05145,"44,6678480","6,2305190",2,1, -1,1,1,3,2,2,1,1,, -1,1,0,1,4,1,19,5,1,2,12,2,1,1,202000008250A01,10,17,1
202000008253,2020-08-20,2020,août,jeudi,18:45,45,45182,"47,6830430","1,7830410",2,1,2,1,1,3,2,2,1,1,, -1,1,0,1,4,1,12,5,2,,0,0,6,2,202000008253B01,7,1,1
202000008273,2020-08-18,2020,août,mardi,13:50,13,13011,"43,7418170","4,7908120",2,4,2,1,1,3,2,2,2,2,, -1,1,0,1,3,1,18,5,2,,0,2,2,1,202000008273B01,14,15,1
202000008347,2020-12-31,2020,décembre,jeudi,13:30,75,75108,"48,8644570","2,3044480",2,1,7,1,8,4,2,4,1,1,, -1,1, -1,5,4,1,23,4,1,2,0,0,1,1,202000008347A01,,,
202000008467,2020-12-30,2020,décembre,mercredi,18:45,973,97304,"5,1656600"," -52,6415650",2,1,1,4,1,4,2,2,1,1,, -1,1,0,1,3,1,61,0,2,,0,0,1,1,202000008467B01,7,13,1
202000008513,2020-11-24,2020,novembre,mardi,06:25,75,75120,"48,8739460","2,3853490",2,2,3,3,1,4,2,2,3,1,, -1,1,0,1,4,1,31,1,1,2,0,2,3,1,202000008513B01,7,15,1
202000008514,2020-11-24,2020,novembre,mardi,18:15,75,75119,"48,8987960","2,3758360",2,1,6,5,1,4,2,2,1,1,, -1,1, -1,5,1,2,30,9,1,2,0,1,1,1,202000008514A01,,,
202000008515,2020-11-24,2020,novembre,mardi,09:43,75,75119,"48,8875640","2,3803340",2,3,3,1,8,4,2,2,1,1,, -1,1, -1,5,4,1,36,1,1,2,0,2,1,1,202000008515B01,7,15,1
202000008517,2020-11-23,2020,novembre,lundi,08:20,75,75116,"48,8583020","2,2726410",2,5,3,1,2,4,2,4,1,2,, -1,2,0,1,1,1,18,2,1,2,0,2,2,15,202000008517A01,32,1,1
202000008521,2020-11-24,2020,novembre,mardi,19:05,75,75110,"48,8703510","2,3495640",2,3,6,5,1,4,2,6,1,1,, -1,1, -1,5,4,1,18,5,1,2,14,0,1,13,202000008521A01,,,
202000008537,2020-11-24,2020,novembre,mardi,17:45,10,10245,"48,2523800","4,1700630",1,1,2,3,1,3,2,2,1,1,, -1,1,0,1,2,1,45,1,1,2/9,0,2,4,1,202000008537B01,7,1,1
202000008554,2020-11-24,2020,novembre,mardi,13:50,31,31499,"43,5150690","1,1778160",2,1,3,1,1,3,2,2,2,1,, -1,1,0,1,3,1,33,5,2,,0,2,1,1,202000008554B01,7,15,1
202000008562,2020-11-25,2020,novembre,mercredi,08:10,18,18197,"46,7181460","2,5059520",2,1,6,1,1,3,2,2,2,1,, -1,1,0,4,3,1,13,2,2,,1,0,8,14,202000008562A01,,,
202000008585,2020-11-24,2020,novembre,mardi,20:30,29,29247,"47,9385350"," -4,0246980",2,1,7,3,2,4,2,2,2,3,, -1,2,0,1,4,1,58,5,2,,0,0,0,1,202000008585A01,,,
202000008596,2020-11-23,2020,novembre,lundi,08:00,69,69142,"45,7257300","4,8116000",2,2,3,2,1,4,3,1,2,1,, -1,1,5,1,4,1,52,1,1,2,0,2,1,1,202000008596A01,7,1,1
202000008645,2020-11-23,2020,novembre,lundi,16:15,75,75112,"48,8380070","2,3998980",2,1,3,1,1,4,2,3,2,1,, -1,1, -1,5,4,1,59,9,1,2,0,2,0,1,202000008645A01,7,10,1
202000008648,2020-11-23,2020,novembre,lundi,18:10,75,75104,"48,8549330","2,3535280",2,3,3,5,1,4,2,6,1,1,, -1,1, -1,5,4,2,27,9,1,2,0,2,8,1,202000008648B01,10,5,1
202000008668,2020-05-17,2020,mai,dimanche,10:15,54,54045,"48,5685920","6,3573930",1,3, -1,1,1,3,2,2,1,1,, -1,1,0,1,3,1,40,5,1,2,0,2,1,1,202000008668D01,7,9,1
202000008668,2020-05-17,2020,mai,dimanche,10:15,54,54045,"48,5685920","6,3573930",1,3, -1,1,1,3,2,2,1,1,, -1,1,0,1,4,1,45,5,1,2,0,2,1,2,202000008668F01,7,9,1
202000008673,2020-05-16,2020,mai,samedi,09:35,83,83149,"43,5581903","6,2757192",1,1,2,1,1,3,2,2,1,1,, -1,1,0,1,3,1,72,5,2,,0,2,4,0,202000008673B01,7,1,1
202000008683,2020-05-17,2020,mai,dimanche,17:00,42,42279,"45,4983310","4,2274640",2,2,1,1,7,3,2,2,1,1,,"5,5",1,0,1,3,1,28,5,1,2,0,2,1,1,202000008683B01,7,11,1
202000008685,2020-05-16,2020,mai,samedi,18:00,95,95604,"49,0985730","2,5312570",2,6,1,1,1,3,1,1,1,2,, -1,1,5,1,4,1,55,5,1,2,0,2,2,1,202000008685A01,7,9,1
202000008697,2020-05-16,2020,mai,samedi,12:15,73,73253,"45,5058790","6,5677747",1,2,1,1,1,3,2,2,2,2,,4,1,0,1,4,1,65,5,2,,0,2,8,1,202000008697B01,7,1,1
202000008765,2020-05-15,2020,mai,vendredi,08:15,75,75116,"48,8385930","2,2522660",2,4,3,1,1,4,2,6,1,1,, -1,1,0,1,4,1,62,1,1,2,0,2,3,1,202000008765B01,7,16,1
202000008767,2020-05-15,2020,mai,vendredi,12:08,75,75113,"48,8261620","2,3599880",2,5,3,1,1,4,2,3,1,2,, -1,1, -1,5,4,2,54,9,1,2,0,2,4,1,202000008767A01,7,1,1
202000008792,2020-05-16,2020,mai,samedi,15:55,41,41194,"47,3421450","1,7492080",2,6,3,1,1,3, -1,2,1,2,, -1,1,5,1,4,1,55,5,2,,0,2,7,12,202000008792B01,7,9,1
202000008800,2020-05-15,2020,mai,vendredi,18:10,56,56131,"48,0096415"," -3,4359950",2,3,3,1,1,3,2,2,1,3,, -1,1,0,1,3,1,35,5,1,2,12,2,1,1,202000008800B01,7,15,1
202000008804,2020-05-16,2020,mai,samedi,15:35,47,47179,"44,4912780","0,9391350",2,7,1,1,1,3,2,2,1,1,, -1,1,0,1,3,1,66,5,1,2,0,2,1,1,202000008804B01,7,15,1
202000008807,2020-05-16,2020,mai,samedi,15:45,35,35291,"48,5911618"," -1,6337816",1,2,3,1,1,3, -1,2,1,1,,7,1,0,1,2,2,81,0,1,2,0,2,8,19,202000008807B01,7,1,1
202000008808,2020-05-16,2020,mai,samedi,12:05,35,35112,"48,3516860"," -1,1257550",1,3,3,1,1,3,2,2,2,1,,4,1,0,1,3,1,13,5,1,2,0,2,3,15,202000008808A01,7,1,1
202000008811,2020-05-16,2020,mai,samedi,12:00,15,15088,"44,9239898","2,2740488",1,3,7,1,1,4,2,2,2,3,, -1,1,0,1,3,1,72,5,2,,0,0,1,1,202000008811A01,,,
202000008823,2020-05-15,2020,mai,vendredi,08:00,87,87168,"45,6937410","0,7453270",1,1,7,1,1,4,2,2,2,2,, -1,1,0,1,3,1,73,5,1,2,0,0,0,1,202000008823A01,,,
202000008922,2020-02-06,2020,février,jeudi,08:25,27,27681,"49,0887000","1,4670000",2,2,3,1,5,3,2,2,1,1,, -1,2,0,8,4,1,16,1,2,,0,2,7,19,202000008922B01,7,16,1
202000008967,2020-02-25,2020,février,mardi,14:20,05,05023,"44,9034400","6,6301400",2,3,3,1,1,2,2,2,4,2,, -1,1,0,1,4,1,45,1,1,2,0,2,5,1,202000008967B01,7,15,1
202000008989,2020-02-28,2020,février,vendredi,07:30,75,75106,"48,8580190","2,3343240",2,1,3,1,1,4,1,3,1,1,, -1,1,0,1,4,1,33,9,1,2,0,2,4,11,202000008989A01,7,1,1
202000008992,2020-03-02,2020,mars,lundi,19:00,75,75120,"48,8677330","2,3858280",2,1,6,5,8,4,2,2,2,1,, -1,2,0,1,3,2,25,1,2,,0,1,1,1,202000008992A01,,,
202000008999,2020-02-28,2020,février,vendredi,08:00,75,75119,"48,8786370","2,4022230",2,1,3,1,1,4,2,2,2,1,, -1,1, -1,5,4,1,17,5,2,,0,2,1,1,202000008999B01,7,16,1
202000009000,2020-02-27,2020,février,jeudi,19:14,75,75119,"48,8848630","2,3674060",2,3,3,5,8,4,2,2,1,1,,4,1,0,1,4,2,47,5,2,,0,2,1,1,202000009000B01,7,15,1
202000009001,2020-02-26,2020,février,mercredi,16:55,75,75119,"48,8772500","2,4067980",2,2,3,1,7,4,3,4,2,1,, -1,2, -1,5,4,1,23,1,1,2,0,2,6,5,202000009001A01,7,2,1
202000009005,2020-02-29,2020,février,samedi,12:45,75,75118,"48,8838800","2,3328180",2,7,6,1,2,4,1,1,1,1,, -1,2,0,1,1,2,37,9,2,,0,1,7,1,202000009005A01,,,
202000009019,2020-02-28,2020,février,vendredi,15:00,75,75116,"48,8690620","2,2862880",2,1,6,1,2,4,1,1,1,1,, -1,2,0,1,1,1,37,1,1,2,0,1,1,5,202000009019A01,,,
202000009029,2020-02-25,2020,février,mardi,20:45,75,75115,"48,8421600","2,2855810",2,2,5,5,1,4,2,3,1,1,,9,1,0,1,4,1,35,1,1,2/4,0,2,2,1,202000009029B01,7,22/1,2
202000009036,2020-02-27,2020,février,jeudi,23:20,75,75114,"48,8405840","2,3301140",2,3,3,5,1,4,2,4,1,1,,12,1,0,1,4,2,48,9,2,,0,2,6,15,202000009036B01,7,17,1
202000009037,2020-03-03,2020,mars,mardi,23:20,75,75113,"48,8345722","2,3673847",2,2,7,5,1,4,1,2,2,1,, -1,1,0,5,4,1,50,9,2,,0,0,1,1,202000009037A01,,,
202000009040,2020-02-27,2020,février,jeudi,18:30,75,75113,"48,8233650","2,3750370",2,3,3,2,1,4,3,2,4,1,,5,1, -1,5,4,1,27,5,1,2,0,2,7,1,202000009040B01,7,16,1
202000009045,2020-03-02,2020,mars,lundi,09:55,75,75111,"48,8558330","2,3815920",2,3,3,1,3,4,1,2,1,1,, -1,2,0,1,4,2,29,9,2,,0,2,1,1,202000009045B01,7,15,1