Num_Acc,date,an,mois,jour,hrmn,dep,com,lat,long,agg,int,col,lum,atm,catr,circ,nbv,prof,plan,lartpc,larrout,surf,infra,situ,grav,sexe,age,trajet,secuexist,equipement,obs,obsm,choc,manv,vehiculeid,typevehicules,manoeuvehicules,numVehicules
202000011039,2020-01-17,2020,janvier,vendredi,18:40,973,97307,"4,8756216"," -52,3248031",2,1,1,4,1,4,2,2,1,1,, -1,1,0,1,3,1,18,5,2,,0,2,1,21,202000011039B01,32,21,1
202000011056,2020-01-29,2020,janvier,mercredi,15:00,62,62380,"50,3945520","2,6477410",1,1,4,1,1,3,2,2,2,1,, -1,1,0,1,3,1,26,5,2,,0,2,4,2,202000011056B01,7,2,1
202000011056,2020-01-29,2020,janvier,mercredi,15:00,62,62380,"50,3945520","2,6477410",1,1,4,1,1,3,2,2,2,1,, -1,1,0,1,4,1,52,5,2,,0,2,4,2,202000011056D01,7,2,1
202000011056,2020-01-29,2020,janvier,mercredi,15:00,62,62380,"50,3945520","2,6477410",1,1,4,1,1,3,2,2,2,1,, -1,1,0,1,4,1,46,5,2,,0,2,4,2,202000011056C01,7,2,1
202000011121,2020-01-27,2020,janvier,lundi,20:10,33,33522,"44,7988200"," -0,5827000",2,6,3,5,2,4,2,3,1,1,, -1,2,0,1,4,1,28,0,2,,0,2,1,1,202000011121B01,7,1,1
202000011153,2020-01-27,2020,janvier,lundi,19:36,75,75113,"48,8261600","2,3599760",2,5,3,5,2,4,2,3,1,1,,9,2, -1,5,4,2,44,1,1,2,0,2,1,1,202000011153B01,7,16,1
202000011223,2020-09-11,2020,septembre,vendredi,14:15,80,80021,"49,8962000","2,2939700",2,1,3,1,1,4,2,2,1,1,, -1,1,0,1,4,1,30,5,2,,0,2,1,1,202000011223B01,7,15,1
202000011240,2020-09-12,2020,septembre,samedi,09:42,66,66136,"42,6985800","2,8897800",2,3,3,1,1,4,1,1,1,1,, -1,1,0,1,4,2,73,0,2,,0,2,2,1,202000011240B01,7,9,1
202000011286,2020-09-14,2020,septembre,lundi,15:45,27,27229,"49,0193000","1,1520000",2,9,3,1,1,4,2,4,2,1,, -1,1,0,1,4,1,18,0,1,2,0,0,0,0,202000011286Y01,7,1,1
202000011328,2020-09-13,2020,septembre,dimanche,07:25,75,75119,"48,8859710","2,3686310",2,1,1,1,1,4,2,3,1,1,, -1,1,0,1,2,2,23,5,1,2,0,2,1,13,202000011328B01,10,1,1
202000011329,2020-09-12,2020,septembre,samedi,17:37,75,75107,"48,8617830","2,3218620",2,1,1,1,1,4,2,4,1,1,, -1,1,0,1,2,1,49,9,2,,14,2,0,18,202000011329A01,7,1,1
202000011330,2020-09-14,2020,septembre,lundi,20:50,75,75118,"48,8979920","2,3424000",2,3,3,5,1,4,3,7,1,1,, -1,1,0,1,4,1,46,9,1,2,0,2,7,19,202000011330A01,50,1,1
202000011339,2020-09-14,2020,septembre,lundi,16:05,75,75112,"48,8401430","2,4088280",2,1,3,1,1,4,2,6,1,1,, -1,1,0,1,4,2,20,9,1,2,0,2,8,19,202000011339B01,30,1,1
202000011389,2020-09-15,2020,septembre,mardi,09:40,2B,2B049,"42,4621570","8,7512110",1,1, -1,1,1,3,2,2,2,1,, -1,1,0,1,3,1,73,5,1,2,0,2,0,0,202000011389B01,1,2,1
202000011389,2020-09-15,2020,septembre,mardi,09:40,2B,2B049,"42,4621570","8,7512110",1,1, -1,1,1,3,2,2,2,1,, -1,1,0,1,3,1,65,5,1,2,0,2,0,2,202000011389A01,1,0,1
202000011420,2020-07-17,2020,juillet,vendredi,20:20,75,75118,"48,8841240","2,3494830",2,3,2,1,1,4,2,4,1,1,, -1,1,0,1,4,2,29,9,1,2,0,2,1,2,202000011420A01,7,2,1
202000011423,2020-07-17,2020,juillet,vendredi,20:05,75,75117,"48,8859950","2,2891000",2,4,3,1,1,4,2,4,1,1,, -1,1,0,1,4,1,17,5,1,2,0,2,1,1,202000011423B01,7,1,1
202000011447,2020-07-17,2020,juillet,vendredi,11:15,75,75109,"48,8727600","2,3264760",2,4,1,1,1,4,2,4,2,1,, -1,1, -1,5,4,2,37,1,1,2,0,2,1,1,202000011447B01,50,14,1
202000011451,2020-07-16,2020,juillet,jeudi,23:15,75,75109,"48,8729460","2,3332950",2,5,2,5,1,4,1,3,1,1,, -1,1,0,1,4,2,41,5,2,,0,2,6,1,202000011451A01,30,2,1
202000011457,2020-07-16,2020,juillet,jeudi,09:30,75,75115,"48,8548260","2,2885480",2,2,6,1,1,4,3,2,1,1,, -1,1,0,1,4,2,31,9,1,2,9,0,3,15,202000011457A01,,,
202000011458,2020-07-17,2020,juillet,vendredi,04:00,75,75101,"48,8574920","2,3453040",2,1,7,5,1,4,4,10,2,1,, -1,1,0,1,4,1,29,5,1,2,0,0,1,1,202000011458A01,,,
202000011460,2020-07-17,2020,juillet,vendredi,13:00,75,75104,"48,8575180","2,3514540",2,2,3,1,1,4,1,3,1,3,, -1,1, -1,5,4,2,28,5,1,2,0,2,8,1,202000011460B01,32,1,1
202000011469,2020-09-14,2020,septembre,lundi,08:45,87,87185,"45,8840460","1,0736310",1,1,1,1,7,3,2,2,1,1,, -1,1,0,3,3,1,77,5,1,2,0,2,8,1,202000011469B01,7,17,1
202000011471,2020-08-15,2020,août,samedi,09:50,30,30021,"43,9922180","4,3340750",1,2,3,1,1,3,2,2,1,1,, -1,2,0,1,3,1,77,5,1,2,0,2,1,1,202000011471B01,3,9,1
202000011478,2020-09-12,2020,septembre,samedi,10:20,35,35210,"48,1804950"," -1,7785190",1,3,3,1,7,3,2,2,2,1,, -1,1,0,1,4,1,48,5,1,2/6,0,2,2,1,202000011478B01,7,16,1
202000011488,2020-09-12,2020,septembre,samedi,09:50,78,78120,"48,6469170","1,9874950",1,1, -1,1,1,3,2,2,1,1,, -1,1,0,1,3,1,37,5,1,2,0,2,1,1,202000011488A01,1,1,1
202000011488,2020-09-12,2020,septembre,samedi,09:50,78,78120,"48,6469170","1,9874950",1,1, -1,1,1,3,2,2,1,1,, -1,1,0,1,1,1,42,5,1,2,0,9,4,1,202000011488B01,1,1,1
202000011508,2020-07-18,2020,juillet,samedi,14:30,71,71054,"46,9119690","5,0283570",2,1, -1,1,1,3,2,2,1,1,, -1,1,0,1,3,1,13,5,1,2,0,2,8,9,202000011508A01,7,1,1
202000011511,2020-07-18,2020,juillet,samedi,16:15,74,74242,"45,8238030","6,1727080",2,3,3,1,1,3,2,2,2,2,, -1,1,0,1,3,1,54,5,1,2,0,2,1,1,202000011511B01,7,15,1
202000011528,2020-07-18,2020,juillet,samedi,12:20,52,52519,"47,7080790","5,1770230",1,2,3,1,1,3,2,2,1,1,, -1,1,5,1,3,1,57,5,1,2,0,2,2,1,202000011528B01,7,1,1
202000011550,2020-07-16,2020,juillet,jeudi,10:15,33,33238,"44,7082090"," -0,6070590",2,3,5,1,1,3,2,2,1,1,, -1,1,5,1,3,1,67,5,2,,0,2,8,23,202000011550C01,7,1,2
202000011567,2020-06-16,2020,juin,mardi,18:40,75,75108,"48,8670490","2,3206720",2,7,2,1,1,4,1,4,1,2,, -1,1,0,1,4,1,35,5,2,,0,2,6,15,202000011567B01,7,1,1
202000011568,2020-06-17,2020,juin,mercredi,14:53,75,75104,"48,8578740","2,3502130",2,2,7,1,1,4, -1,0,1,1,, -1,1, -1,5,4,2,57,9,2,,0,2,1,21,202000011568A01,,,
202000011590,2020-06-18,2020,juin,jeudi,17:20,38,38536,"45,4244460","4,9181920",1,1, -1,1,1,3,2,2,1,1,, -1,1,0,8,1,1,21,0,2,,0,0,0,2,202000011590C01,7,17,2
202000011608,2020-06-12,2020,juin,vendredi,10:20,40,40328,"43,7885460"," -1,3964870",2,6,2,1,1,3, -1,1,1,3,, -1,1,0,1,4,2,65,5,2,,0,2,4,16,202000011608B01,7,16,1
202000011610,2020-05-24,2020,mai,dimanche,22:00,27,27226,"49,3194680","1,6354550",1,1,5,2,1,3,2,2,1,1,, -1,1,0,1,1,1,16,5,2,,0,0,4,1,202000011610D01,7,1,1
202000011610,2020-05-24,2020,mai,dimanche,22:00,27,27226,"49,3194680","1,6354550",1,1,5,2,1,3,2,2,1,1,, -1,1,0,1,4,2,15,5,2,,0,0,4,1,202000011610C01,7,1,1
202000011610,2020-05-24,2020,mai,dimanche,22:00,27,27226,"49,3194680","1,6354550",1,1,5,2,1,3,2,2,1,1,, -1,1,0,1,3,1,16,5,2,,0,0,4,1,202000011610B01,7,1,1
202000011690,2020-06-15,2020,juin,lundi,18:10,05,05061,"44,5576800","6,0553800",1,6,2,1,1,3,1,1,1,2,, -1,1,0,1,4,2,53,5,2,,0,2,0,14,202000011690B01,7,2,1
202000011699,2020-06-16,2020,juin,mardi,16:30,75,75117,"48,8886230","2,3156640",2,7,3,1,1,4,3,2,1,1,, -1,1,0,1,4,1,18,9,2,,0,2,1,1,202000011699B01,43,1,1
202000011700,2020-06-16,2020,juin,mardi,13:00,75,75117,"48,8893650","2,3223400",2,3,7,1,1,4,2,2,2,1,, -1,1,0,1,4,1,54,1,2,,0,0,0,1,202000011700A01,,,
202000011702,2020-06-15,2020,juin,lundi,08:55,75,75114,"48,8345450","2,3326150",2,7,3,1,1,4,1,4,1,3,, -1,1, -1,6,4,2,51,1,1,2,0,2,1,7,202000011702B01,10,16,1
202000011704,2020-06-16,2020,juin,mardi,14:00,75,75110,"48,8836130","2,3494900",2,2,6,1,1,4,1,2,1,1,, -1,1,0,1,1,1,50,9,2,,0,1,1,1,202000011704A01,,,
202000011705,2020-06-16,2020,juin,mardi,14:10,75,75109,"48,8734190","2,3296980",2,3,3,1,1,4,1,3,1,1,, -1,1, -1,6,4,1,31,9,1,2,0,2,1,7,202000011705A01,10,16,1
202000011707,2020-06-13,2020,juin,samedi,12:00,75,75107,"48,8629140","2,3188070",2,1,6,1,1,4,2,2,1,1,, -1,1,6,1,1,1,11,5,1,2,0,1,1,1,202000011707A01,,,
202000011709,2020-06-16,2020,juin,mardi,15:45,75,75104,"48,8523540","2,3604900",2,3,6,1,1,4,2,6,1,1,, -1,1, -1,5,4,1,62,1,2,,12,0,7,14,202000011709A01,,,
202000011737,2020-06-17,2020,juin,mercredi,15:50,2B,2B207,"42,4633280","9,4607310",1,1,1,1,1,3,2,2,2,2,, -1,1,0,1,4,1,49,5,1,2/6,0,2,1,1,202000011737B01,10,13,1
202000011760,2020-10-05,2020,octobre,lundi,07:30,85,85194,"46,5142500"," -1,7684800",2,6,3,5,1,3,3,2,1,1,, -1,1,5,1,4,1,28,0,1,2,0,2,7,1,202000011760B01,10,9,1
202000011844,2020-10-12,2020,octobre,lundi,19:25,75,75119,"48,8887040","2,3927920",2,1,6,5,1,4,2,4,1,1,, -1,1, -1,5,1,1,29,1,1,2,1,1,1,1,202000011844A01,,,
202000011849,2020-10-12,2020,octobre,lundi,09:10,75,75115,"48,8378300","2,3139530",2,1,6,1,1,4,1,1,1,1,, -1,1, -1,5,1,1,38,1,1,2,0,1,8,1,202000011849A01,,,
202000011850,2020-08-13,2020,août,jeudi,20:25,05,05023,"44,9097300","6,6638300",1,1,2,3,3,2,2,2,1,1,, -1,2,0,1,4,1,49,5,1,2,0,2,1,1,202000011850A01,7,15,1
202000011852,2020-08-17,2020,août,lundi,17:45,75,75113,"48,8309850","2,3569580",2,1,3,1,1,4,3,2,2,1,, -1,1,0,1,4,1,31,5,1,2,0,2,1,1,202000011852B01,7,9,1
202000011853,2020-10-12,2020,octobre,lundi,13:20,75,75113,"48,8367570","2,3743670",2,3,3,1,8,4,2,2,1,1,, -1,1, -1,5,4,1,34,9,1,2,0,2,1,1,202000011853B01,7,16,1
202000011855,2020-08-17,2020,août,lundi,09:30,75,75113,"48,8192230","2,3620740",2,2,3,1,1,4,3,2,1,1,, -1,1,0,1,4,1,65,5,1,2,0,2,8,1,202000011855B01,1,13,1
202000011855,2020-08-17,2020,août,lundi,09:30,75,75113,"48,8192230","2,3620740",2,2,3,1,1,4,3,2,1,1,, -1,1,0,1,1,1,33,9,1,2,0,2,7,13,202000011855A01,1,1,1
202000011857,2020-08-17,2020,août,lundi,12:55,75,75112,"48,8300260","2,3866980",2,1,1,1,2,4,2,4,2,3,, -1,2, -1,5,4,1,20,9,1,2,0,2,1,1,202000011857B01,1,13,1
202000011857,2020-08-17,2020,août,lundi,12:55,75,75112,"48,8300260","2,3866980",2,1,1,1,2,4,2,4,2,3,, -1,2, -1,5,4,2,54,5,1,2,0,2,1,13,202000011857A01,1,1,1
202000011859,2020-08-16,2020,août,dimanche,17:30,75,75112,"48,8294770","2,4156080",2,1,6,1,1,4, -1,0,1,1,, -1,1,0,1,1,1,39,5,2,,0,1,2,13,202000011859A01,,,
202000011860,2020-10-12,2020,octobre,lundi,16:00,75,75112,"48,8410220","2,3941110",2,3,3,1,1,4,2,2,1,1,, -1,1,8,1,4,1,14,2,1,2,0,2,2,15,202000011860A01,30,1,1
202000011861,2020-08-17,2020,août,lundi,10:35,75,75111,"48,8651780","2,3689600",2,1,6,1,1,4,2,2,1,1,, -1,1,0,1,1,1,40,5,1,2,0,1,1,1,202000011861A01,,,
202000011865,2020-08-16,2020,août,dimanche,16:20,75,75110,"48,8817180","2,3583910",2,1, -1,1,1,4,2,3,1,1,, -1,1,0,1,4,1,36,9,2,,0,2,1,2,202000011865B01,7,22,1
202000011868,2020-10-12,2020,octobre,lundi,20:15,75,75111,"48,8670660","2,3750290",2,1,1,5,1,4,1,2,2,1,, -1,1, -1,5,4,1,34,1,1,2/4,0,2,1,1,202000011868A01,1,13,1
202000011869,2020-10-11,2020,octobre,dimanche,21:50,75,75111,"48,8561760","2,3761780",2,1, -1,5,1,4,1,1,1,1,, -1,1,0,1,4,1,26,5,2,,0,2,1,18,202000011869B01,7,22,1
202000011870,2020-07-30,2020,juillet,jeudi,17:55,75,75103,"48,8677040","2,3548690",2,3,3,1,1,4,1,2,1,1,, -1,1,0,1,4,1,46,1,2,,0,2,1,1,202000011870A01,30,13,1
202000011929,2020-09-04,2020,septembre,vendredi,10:20,44,44126,"47,1524640"," -2,2168830",2,3,1,1,1,4,1,1,1,3,, -1,1,0,1,3,1,54,5,1,2,0,2,2,1,202000011929B01,7,15,1
202000011932,2020-10-08,2020,octobre,jeudi,15:50,58,58225,"46,9215490","3,0838380",1,1,7,1,1,4,2,2,2,3,, -1,1,0,1,3,1,52,5,1,2,0,0,8,1,202000011932A01,,,
202000011936,2020-08-18,2020,août,mardi,10:55,72,72223,"47,8750080"," -0,1065160",2,1, -1,1,1,3,2,2,3,3,, -1,8,2,1,4,2,77,5,1,2,0,0,0,1,202000011936A01,21,1,1
202000011949,2020-10-12,2020,octobre,lundi,17:40,06,06152,"43,6431350","7,0118760",2,3,3,1,1,3,2,2,1,1,, -1,1,5,1,3,2,77,0,2,,0,2,7,1,202000011949B01,7,9,1
202000011962,2020-10-09,2020,octobre,vendredi,16:15,29,29147,"47,8972400"," -3,5765220",1,1,7,1,1,3,2,2,1,1,, -1,1,0,1,4,1,45,5,1,2/6,0,0,9,1,202000011962A01,,,
202000011972,2020-10-12,2020,octobre,lundi,17:10,67,67046,"48,7644640","7,8586000",2,1,3,1,2,3,2,2,1,1,, -1,2,0,1,3,1,10,9,1,2,0,2,3,19,202000011972A01,7,1,1
202000012015,2020-08-16,2020,août,dimanche,00:07,75,75115,"48,8447080","2,3097650",2,1,7,5,1,4,2,3,1,1,, -1,1, -1,5,3,1,22,5,2,,0,9,1,21,202000012015A01,,,
202000012020,2020-08-16,2020,août,dimanche,17:16,75,75119,"48,8784320","2,3704480",2,7,4,1,1,4,1,2,2,2,, -1,1,0,1,4,2,38,9,2,,0,2,4,23,202000012020B01,7,1/23,2
202000012031,2020-08-16,2020,août,dimanche,13:40,75,75101,"48,8594960","2,3451880",2,3,3,1,1,4,2,3,1,1,, -1,1,0,1,4,2,41,5,1,2,0,2,0,1,202000012031B01,7,15,1
202000012053,2020-10-11,2020,octobre,dimanche,12:30,75,75105,"48,8394210","2,3375400",2,2,3,1,1,4,2,4,1,1,, -1,1, -1,6,4,1,56,9,2,,0,2,1,7,202000012053B01,7,10,1
202000012066,2020-08-15,2020,août,samedi,11:35,76,76188,"49,6511890","1,2408440",1,9,7,1,1,3,2,2,2,3,, -1,1,0,1,3,1,58,5,1,2/6/4,0,0,9,0,202000012066A01,,,
202000012068,2020-07-23,2020,juillet,jeudi,18:00,2A,2A362,"41,7004340","9,3487970",2,1,3,1,1,2,2,2,1,1,, -1,1,0,4,4,1,13,5,2,,0,2,2,14,202000012068A01,15,1,1
202000012104,2020-08-15,2020,août,samedi,11:00,38,38285,"45,0513400","5,9872000",2,1,2,1,1,3,2,2,2,1,, -1,1,9,1,3,1,22,5,1,2,0,2,1,1,202000012104B01,7,1,1
202000012278,2020-12-26,2020,décembre,samedi,11:46,75,75111,"48,8559340","2,3923500",2,3,2,1,1,4,2,2,1,1,, -1,1,0,1,3,1,76,5,1,2,0,2,1,23,202000012278B01,7,4,1
202000012279,2020-12-26,2020,décembre,samedi,18:10,75,75101,"48,8641350","2,3454700",2,3,2,5,1,4,1,1,1,1,, -1,2,0,1,4,1,51,5,2,,0,2,1,1,202000012279B01,7,24,1
202000012279,2020-12-26,2020,décembre,samedi,18:10,75,75101,"48,8641350","2,3454700",2,3,2,5,1,4,1,1,1,1,, -1,2,0,1,1,2,4,5,1,2,0,2,1,1,202000012279B01,7,24,1
202000012428,2020-11-20,2020,novembre,vendredi,17:30,75,75111,"48,8597470","2,3768450",2,2,3,2,1,4,1,1,2,1,, -1,1,0,1,4,1,31,9,1,2,0,2,2,16,202000012428A01,33,1,1
202000012461,2020-11-17,2020,novembre,mardi,14:30,44,44036,"47,7091050"," -1,3816810",2,1,1,1,1,3,2,2,2,1,, -1,1,0,1,3,1,73,3,2,,0,2,1,5,202000012461B01,7,1,1
202000012471,2020-11-20,2020,novembre,vendredi,16:15,85,85224,"46,9965290"," -1,3278870",2,6,3,1,1,3,2,2,3,1,, -1,1,5,1,3,1,55,5,1,2,0,2,7,1,202000012471B01,7,1,1
202000012547,2020-05-12,2020,mai,mardi,11:00,75,75110,"48,8732440","2,3747740",2,3,2,1,1,4,1,1,1,1,, -1,1, -1,5,4,1,40,9,2,,0,2,8,1,202000012547B01,7,4,1
202000012568,2020-05-12,2020,mai,mardi,16:55,77,77141,"48,8508990","2,8391440",1,1,3,1,1,3,2,2,1,2,,7,1,5,1,4,1,71,5,1,2,0,0,8,1,202000012568B01,7,17,1
202000012577,2020-05-13,2020,mai,mercredi,16:10,70,70154,"47,4386180","6,1445390",1,4,1,1,2,3,2,2,1,3,,"5,5",2,0,1,4,1,49,5,1,2,0,2,1,1,202000012577B01,7,15,1
202000012585,2020-05-13,2020,mai,mercredi,17:15,64,64498,"43,1620162"," -0,1556495",1,1,7,1,2,3,2,2,2,3,, -1,2,0,1,4,1,54,5,1,2,0,0,0,1,202000012585A01,,,
202000012634,2020-05-11,2020,mai,lundi,08:35,75,75119,"48,8897260","2,3966710",2,7,3,1,2,4,3,3,1,3,, -1,2,0,1,4,1,31,1,1,2,0,2,8,1,202000012634B01,10,1,1
202000012639,2020-05-11,2020,mai,lundi,08:50,75,75107,"48,8526830","2,3085840",2,2,7,1,6,4,2,2,1,1,, -1,1,0,1,4,2,43,1,1,2,0,0,8,1,202000012639A01,,,
202000012679,2020-05-12,2020,mai,mardi,07:53,38,38133,"45,3451880","5,6323390",1,1,7,1,1,3,2,2,2,3,, -1,2,0,1,3,1,33,5,1,2,0,0,2,0,202000012679A01,,,
202000012680,2020-05-12,2020,mai,mardi,17:10,69,69122,"45,9076710","4,7079080",1,4, -1,1,1,4,2,2,1,1,, -1,1,0,1,3,1,11,5,1,2,0,2,1,15,202000012680B01,10,1,1
202000012680,2020-05-12,2020,mai,mardi,17:10,69,69122,"45,9076710","4,7079080",1,4, -1,1,1,4,2,2,1,1,, -1,1,0,1,4,1,11,5,1,2,0,2,1,14,202000012680A01,10,1,1
202000012703,2020-05-10,2020,mai,dimanche,14:40,75,75110,"48,8690900","2,3674580",2,1,3,1,8,4,1,3,2,1,, -1,1, -1,5,4,1,39,5,2,,0,2,3,1,202000012703B01,10,23,1
202000012707,2020-05-10,2020,mai,dimanche,17:40,972,97232,"14,5457960"," -60,8581500",2,1,1,1,1,4,2,2,2,2,, -1,1,0,1,4,2,13,5,2,,0,2,1,13,202000012707B01,7,1,1
202000012716,2020-05-05,2020,mai,mardi,18:45,53,53096,"48,3001000"," -0,9201210",2,2,3,1,1,4,2,2,2,1,,7,1,0,1,3,2,83,5,2,,0,2,7,1,202000012716B01,3,19,1
202000012797,2020-02-26,2020,février,mercredi,10:20,29,29137,"48,3341640"," -4,2882640",1,1,3,1,1,3,2,2,1,1,, -1,1,0,1,2,2,64,5,1,2,0,2,4,1,202000012797B01,7,17,1
202000012799,2020-01-27,2020,janvier,lundi,08:40,49,49021,"47,4357150"," -0,2233150",1,6,3,1,2,3,2,2,1,2,, -1,2,5,1,3,1,69,5,2,,0,2,7,26,202000012799B01,7,26,1
202000012804,2020-03-01,2020,mars,dimanche,11:00,34,34319,"43,5542400","3,3002700",2,2,1,1,1,3,2,2,2,3,, -1,1,0,1,3,1,48,5,1,2,0,2,8,1,202000012804B01,7,15,1
202000012816,2020-03-02,2020,mars,lundi,15:36,44,44043,"47,1091130"," -1,2432560",2,1,1,1,1,4,2,1,1,1,, -1,1,0,1,4,1,72,5,1,2,0,0,1,13,202000012816B01,7,13,1
202000012861,2020-02-29,2020,février,samedi,09:45,02,02694,"49,7439540","3,1928910",1,1,3,1,1,3,2,2,1,1,, -1,1,0,1,3,1,45,5,1,2/6,0,0,8,1,202000012861B01,3,17,1
202000012866,2020-02-19,2020,février,mercredi,16:30,03,03160,"46,2274646","3,4007654",1,1,2,1,1,3,2,2,1,1,, -1,1,0,1,1,1,71,5,1,2,0,2,4,1,202000012866B01,1,17,1
202000012866,2020-02-19,2020,février,mercredi,16:30,03,03160,"46,2274646","3,4007654",1,1,2,1,1,3,2,2,1,1,, -1,1,0,1,3,1,68,5,1,2,0,2,1,17,202000012866A01,1,1,1
202000012908,2020-03-01,2020,mars,dimanche,12:15,60,60536,"49,3086252","2,7053755",1,1,3,1,2,3,2,2,1,1,, -1,2,0,1,4,1,58,5,1,2,0,0,8,15,202000012908A01,7,1,1
202000012914,2020-01-21,2020,janvier,mardi,08:40,75,75107,"48,8628473","2,3057476",2,1,6,1,4,4, -1,4,2,1,,12,7,6,1,4,2,43,9,1,2,12,0,0,1,202000012914A01,,,
202000012966,2020-01-26,2020,janvier,dimanche,18:40,76,76255,"50,0538670","1,3950170",2,1,1,5,2,3,2,2,1,1,, -1,2,0,1,3,1,14,5,2,,0,2,1,25,202000012966A01,7,1,1
202000012984,2020-02-28,2020,février,vendredi,14:00,34,34337,"43,5351310","3,8620160",2,3,3,1,1,4,2,2,1,1,, -1,1,0,1,4,1,14,2,2,,0,2,3,16,202000012984A01,7,1,1
202000012988,2020-02-29,2020,février,samedi,14:10,95,95151,"49,0582646","2,2773966",1,1,2,1,6,3,2,2,2,1,, -1,1,0,1,3,2,39,5,1,2,0,2,4,1,202000012988B01,10,1,1
202000012991,2020-01-26,2020,janvier,dimanche,12:30,40,40282,"43,7713300"," -0,5696900",2,1,2,1,1,6, -1,2,1,1,, -1,1,0,8,3,2,52,5,2,,0,2,6,20,202000012991B01,7,20,1
202000013031,2020-02-28,2020,février,vendredi,19:20,974,97408," -20,9656137","55,3325753",2,4,3,2,2,4,2,1,2,3,, -1,2,0,1,3,1,15,5,2,,0,2,7,1,202000013031B01,7,15,1
202000013096,2020-07-16,2020,juillet,jeudi,07:35,974,97407," -20,9453500","55,3244800",1,9,3,1,1,2, -1,2,1,1,, -1,1,2,5,4,1,71,1,1,2,0,2,8,26,202000013096B01,14,14,1
202000013153,2020-07-15,2020,juillet,mercredi,18:00,75,75113,"48,8347220","2,3669800",2,3,3,1,1,4,3,2,1,1,, -1,1, -1,5,4,1,30,4,1,2,0,2,1,1,202000013153B01,7,16,1
202000013156,2020-07-16,2020,juillet,jeudi,18:30,75,75109,"48,8830580","2,3294130",2,7,6,1,1,4,2,2,1,1,, -1,1, -1,5,1,2,35,5,1,2,0,1,1,1,202000013156A01,,,
202000013161,2020-07-16,2020,juillet,jeudi,18:05,94,94046,"48,8006640","2,4306930",2,4,3,1,1,3,2,2,2,3,, -1,1,0,1,4,1,41,5,2,,12,2,0,12,202000013161B01,7,16,1
202000013195,2020-07-16,2020,juillet,jeudi,12:00,42,42092,"45,4857930","4,3795060",2,2,3,1,1,3,2,2,1,1,, -1,1,0,1,3,1,41,5,1,2,0,2,1,1,202000013195B01,7,15,1
202000013197,2020-07-15,2020,juillet,mercredi,20:40,44,44056,"47,4092200"," -1,7946450",2,3,3,1,1,4,2,2,1,1,, -1,1,0,1,4,1,17,0,2,,0,2,6,9,202000013197B01,7,1,1
202000013200,2020-07-12,2020,juillet,dimanche,15:10,26,26243,"44,5338810","5,0115140",2,4,6,1,1,4,2,2,2,3,, -1,1,0,8,3,1,20,5,2,,6,0,3,1,202000013200A01,,,
202000013203,2020-07-16,2020,juillet,jeudi,18:30,14,14406,"49,2527610"," -0,5609090",2,3,3,1,7,3,2,2,1,1,, -1,1,0,1,4,1,62,5,1,2,0,2,1,15,202000013203B01,7,19,1
202000013212,2020-07-17,2020,juillet,vendredi,11:45,85,85023,"46,5379500"," -1,1987700",1,1,2,1,1,3,2,2,1,1,, -1,1,0,1,3,1,74,5,1,2/4,0,0,4,2,202000013212B01,7,2,1
202000013229,2020-09-14,2020,septembre,lundi,09:20,44,44209,"47,3298100"," -1,6571840",1,1,2,1,7,3,2,2,2,1,, -1,1,0,1,3,1,61,5,1,2,0,0,4,1,202000013229B01,7,1,1
202000013231,2020-09-15,2020,septembre,mardi,15:55,38,38442,"45,3488650","5,7805900",1,1,6,1,1,3,2,2,2,4,, -1,1,0,1,4,1,24,5,1,2/6,0,0,0,26,202000013231A01,,,
202000013232,2020-09-15,2020,septembre,mardi,16:05,38,38442,"45,3232040","5,7947090",1,1,6,1,1,3,2,2,2,2,, -1,1,0,3,4,2,60,5,1,2,0,0,9,1,202000013232A01,,,
202000013234,2020-09-13,2020,septembre,dimanche,02:00,40,40182,"44,0704280"," -1,1726400",1,1,2,3,1,3,2,2,2,1,, -1,1,0,1,4,1,23,5,2,,0,2,0,1,202000013234A01,7,2,1
202000013239,2020-09-11,2020,septembre,vendredi,12:00,14,14365,"49,3014200"," -0,3295940",2,2,3,1,1,3,2,2,2,1,, -1,1,0,1,3,1,71,5,1,2,0,2,1,1,202000013239A01,7,19,1
202000013242,2020-07-16,2020,juillet,jeudi,17:51,69,69179,"45,5908140","4,7273540",1,1,2,1,1,3,2,2,1,1,, -1,1,0,1,4,1,51,5,1,2,0,0,4,1,202000013242B01,7,1,1
202000013254,2020-07-17,2020,juillet,vendredi,01:40,02,02282,"49,5559810","3,7085290",1,1,2,4,1,3,2,2,1,1,, -1,1,0,1,3,1,64,1,1,4/9,0,2,4,2,202000013254B01,7,2,1
202000013290,2020-05-13,2020,mai,mercredi,15:45,59,59588,"51,0226300","2,4196900",1,4,3,1,1,4,2,2,1,1,, -1,1,0,1,3,1,66,5,2,,0,0,0,0,202000013290B01,7,2,1
202000013346,2020-09-12,2020,septembre,samedi,11:00,75,75120,"48,8490620","2,4115360",2,2,6,1,1,4,1,1,1,1,, -1,1, -1,5,1,2,33,5,1,2,0,1,1,1,202000013346A01,,,