Num_Acc,date,an,mois,jour,hrmn,dep,com,lat,long,agg,int,col,lum,atm,catr,circ,nbv,prof,plan,lartpc,larrout,surf,infra,situ,grav,sexe,age,trajet,secuexist,equipement,obs,obsm,choc,manv,vehiculeid,typevehicules,manoeuvehicules,numVehicules
202000013348,2020-09-13,2020,septembre,dimanche,16:10,75,75119,"48,8825950","2,3904320",2,3,2,1,1,4,2,2,2,1,, -1,1,0,1,4,2,39,9,1,2,0,2,1,2,202000013348B01,7,2,1
202000013350,2020-09-12,2020,septembre,samedi,21:10,75,75118,"48,8926950","2,3488260",2,3,3,5,1,4,1,6,1,1,, -1,1,0,1,4,1,29,9,1,2,0,2,0,11,202000013350B01,7,1,1
202000013352,2020-09-13,2020,septembre,dimanche,10:45,75,75113,"48,8402580","2,3702100",2,1,3,1,1,4,2,4,1,1,, -1,1, -1,5,1,1,73,5,1,2,0,2,1,18,202000013352B01,1,14,1
202000013352,2020-09-13,2020,septembre,dimanche,10:45,75,75113,"48,8402580","2,3702100",2,1,3,1,1,4,2,4,1,1,, -1,1, -1,5,4,1,75,5,1,2,0,2,4,14,202000013352A01,1,18,1
202000013353,2020-09-13,2020,septembre,dimanche,17:00,75,75112,"48,8240850","2,4267540",2,1,3,1,1,4,2,2,1,1,, -1,1,0,4,4,1,71,5,1,2,0,2,2,25,202000013353B01,7,22,1
202000013356,2020-09-13,2020,septembre,dimanche,15:20,75,75101,"48,8629180","2,3506940",2,3,3,1,1,4,2,5,1,1,, -1,1, -1,5,4,1,29,9,1,2,0,2,1,1,202000013356B01,7,15,1
202000013358,2020-09-13,2020,septembre,dimanche,08:15,75,75101,"48,8609300","2,3408600",2,2,3,1,1,4,2,5,1,1,, -1,1, -1,5,4,1,58,5,1,2,0,2,1,1,202000013358B01,37,16,1
202000013379,2020-09-14,2020,septembre,lundi,09:10,65,65272,"43,1999480","0,1951900",1,1,2,1,1,3,2,3,2,1,, -1,1,0,1,4,1,72,5,1,2,0,0,6,1,202000013379B01,10,1,1
202000013386,2020-09-14,2020,septembre,lundi,11:30,80,80533,"50,0599730","1,4089750",2,6,3,1,1,3,1,1,1,2,, -1,1,0,1,3,2,62,5,2,,0,2,3,1,202000013386B01,7,16,1
202000013409,2020-09-13,2020,septembre,dimanche,16:40,21,21256,"47,3236503","5,3081775",1,1,2,1,1,3,2,2,1,1,, -1,1,0,1,3,1,23,5,1,2,0,2,4,2,202000013409B01,7,17,1
202000013413,2020-09-13,2020,septembre,dimanche,16:30,87,87046,"45,8251810","1,0453370",1,4,3,1,7,3,2,2,2,2,, -1,1,0,1,2,2,29,5,1,2,0,2,8,1,202000013413B01,7,15,1
202000013415,2020-09-13,2020,septembre,dimanche,19:00,52,52470,"47,9917450","5,7380660",2,3,3,1,1,4,2,2,2,1,, -1,1,0,1,3,1,11,5,2,,0,2,1,1,202000013415A01,7,1,1
202000013416,2020-09-14,2020,septembre,lundi,08:40,88,88468,"47,8835820","6,7578420",2,3,3,1,7,2,2,2,1,1,, -1,1,0,1,3,1,72,5,1,2/4,0,2,1,1,202000013416B01,7,15,1
202000013425,2020-09-13,2020,septembre,dimanche,09:30,29,29233,"47,8434970"," -3,5789900",1,1,2,1,1,3,3,2,2,1,, -1,1,0,1,3,1,50,5,1,2,0,2,4,1,202000013425A01,7,0,1
202000013433,2020-09-10,2020,septembre,jeudi,11:30,71,71453,"46,2476645","4,0527548",1,9,7,1,1,9, -1,2,1,1,, -1,1,0,5,3,1,58,5,1,2,14,9,1,1,202000013433A01,,,
202000013483,2020-06-14,2020,juin,dimanche,14:20,73,73178,"45,6944970","6,1272810",1,1,3,1,1,3,2,2,2,1,, -1,1,0,1,4,2,22,5,1,2/9,0,2,6,10,202000013483A01,7,17,1
202000013540,2020-06-14,2020,juin,dimanche,12:10,54,54328,"48,6189122","6,1768306",2,6,3,1,1,3,1,1,1,3,, -1,1,0,1,4,1,56,0,2,,0,2,7,0,202000013540B01,7,9,1
202000013571,2020-06-15,2020,juin,lundi,16:10,75,75119,"48,8761180","2,3807590",2,1,3,1,1,4,2,2,1,1,, -1,1,0,1,4,1,19,5,1,2,0,2,0,18,202000013571B01,7,12,1
202000013574,2020-06-15,2020,juin,lundi,16:45,75,75113,"48,8350710","2,3604140",2,1,3,1,1,4,1,1,2,1,, -1,1,0,1,4,2,51,1,1,2,0,2,1,1,202000013574B01,7,22,1
202000013577,2020-06-15,2020,juin,lundi,18:50,75,75104,"48,8550770","2,3610320",2,1,6,1,1,4,1,2,1,1,, -1,1,9,1,4,2,55,9,1,2,14,0,0,11,202000013577A01,,,
202000013601,2020-06-16,2020,juin,mardi,09:50,12,12197,"44,0351860","2,5289690",2,1,3,1,1,3,2,2,1,1,, -1,1,0,1,4,1,13,3,2,,0,2,3,13,202000013601A01,7,17,1
202000013615,2020-06-16,2020,juin,mardi,16:45,38,38124,"45,6034840","5,5488750",1,1, -1,1,1,3,2,2,1,1,, -1,1,0,1,3,2,15,5,2,,0,2,7,19,202000013615B01,7,1,1
202000013617,2020-06-16,2020,juin,mardi,15:15,70,70137,"47,5162590","6,3577370",1,1,2,1,1,3,2,2,1,1,,"5,5",1,0,1,2,1,73,5,1,2,0,2,1,1,202000013617A01,1,1,1
202000013632,2020-06-16,2020,juin,mardi,09:00,34,34157,"43,4641960","3,5521250",1,2,3,1,1,9,2,1,2,1,,3,9,0,1,3,1,61,5,1,2,0,2,1,1,202000013632B01,7,1,1
202000013633,2020-06-16,2020,juin,mardi,11:15,83,83077,"43,3031790","5,9870980",1,1,2,1,1,3,2,2,1,1,, -1,1,0,1,4,1,68,5,1,9,0,2,4,1,202000013633B01,7,17,1
202000013788,2020-08-14,2020,août,vendredi,19:50,75,75106,"48,8450960","2,3201150",2,5,3,1,1,4,1,1,1,1,, -1,1,0,1,4,2,25,9,1,2,0,2,7,1,202000013788A01,10,9,1
202000013797,2020-08-13,2020,août,jeudi,13:20,75,75110,"48,8788610","2,3623020",2,4,3,1,1,4,2,3,1,1,, -1,1,0,1,4,2,20,9,1,2,0,2,3,1,202000013797B01,37,12,1
202000013799,2020-08-14,2020,août,vendredi,13:10,75,75104,"48,8533840","2,3676490",2,3,7,1,1,4,2,4,2,1,, -1,1, -1,5,4,2,38,9,1,2,0,0,0,15,202000013799A01,,,
202000013831,2020-08-14,2020,août,vendredi,17:20,32,32391,"43,9955310","0,5683170",1,1,7,1,1,4, -1,2,3,1,, -1,1,0,1,3,1,55,5,2,,0,0,9,1,202000013831A01,,,
202000013839,2020-08-15,2020,août,samedi,16:30,31,31390,"43,0843460","0,5741970",2,1,6,1,1,3,2,2,4,1,, -1,2,0,4,3,1,73,5,1,6,12,0,0,1,202000013839A01,,,
202000013852,2020-08-14,2020,août,vendredi,19:30,38,38530,"45,6112640","5,2023700",1,1,2,1,7,4,2,2,1,1,, -1,1,0,1,4,1,42,0,2,,0,0,4,1,202000013852B01,7,1,1
202000013854,2020-08-10,2020,août,lundi,11:20,33,33005,"44,7328060"," -1,0792380",2,2,3,1,1,3,2,2,1,1,, -1,1,0,8,4,1,75,5,2,,0,2,8,9,202000013854A01,43,1,1
202000013860,2020-10-11,2020,octobre,dimanche,07:04,75,75119,"48,8828410","2,3894320",2,3,1,5,1,4,1,2,1,2,, -1,2,0,1,4,1,50,9,2,,0,2,1,1,202000013860A01,7,15,1
202000013863,2020-10-10,2020,octobre,samedi,11:20,75,75119,"48,8923630","2,3854380",2,3,5,1,1,4,2,3,1,1,, -1,1, -1,5,4,1,14,9,1,2,0,2,2,1,202000013863C01,33,14,1
202000013863,2020-10-10,2020,octobre,samedi,11:20,75,75119,"48,8923630","2,3854380",2,3,5,1,1,4,2,3,1,1,, -1,1, -1,5,4,1,34,9,1,2,0,2,3,1,202000013863B01,33,14,1
202000013865,2020-10-11,2020,octobre,dimanche,13:20,75,75117,"48,8943440","2,3136480",2,2,3,1,1,4,2,2,1,1,, -1,1,0,1,4,1,63,5,2,,0,2,1,1,202000013865A01,7,1,1
202000013870,2020-10-11,2020,octobre,dimanche,02:50,75,75109,"48,8829920","2,3348720",2,3,7,5,2,4,1,1,1,1,, -1,2, -1,6,4,1,17,5,2,,0,0,1,7,202000013870A01,,,
202000013985,2020-10-10,2020,octobre,samedi,20:40,75,75118,"48,8889120","2,3582230",2,3,3,5,1,4,2,2,1,1,, -1,1,0,1,1,1,36,4,1,2,0,2,0,15,202000013985B01,30,17,1
202000013986,2020-10-10,2020,octobre,samedi,19:40,75,75117,"48,8850400","2,3267320",2,3,1,5,1,4,2,4,1,1,, -1,1, -1,5,4,1,26,9,1,2,0,2,1,1,202000013986A01,7,5,1
202000013990,2020-10-10,2020,octobre,samedi,14:40,75,75116,"48,8640350","2,2670390",2,4,3,1,1,4,2,2,1,2,, -1,1,0,1,4,1,31,5,1,2/6,0,2,1,1,202000013990B01,7,22,1
202000013994,2020-10-10,2020,octobre,samedi,17:30,75,75113,"48,8367400","2,3743560",2,3,3,1,1,4,2,4,1,1,, -1,1, -1,5,4,1,19,1,1,2,0,2,1,1,202000013994B01,7,15,1
202000013998,2020-10-10,2020,octobre,samedi,17:40,75,75107,"48,8628230","2,3134590",2,2,3,1,1,4,2,6,1,3,, -1,1, -1,5,4,2,75,5,1,2,0,2,0,1,202000013998B01,7,16,1
202000013999,2020-10-10,2020,octobre,samedi,17:20,75,75104,"48,8552320","2,3611160",2,3,6,1,1,4,2,4,1,1,, -1,1, -1,5,4,2,52,5,1,2,14,0,1,13,202000013999A01,,,
202000014039,2020-10-11,2020,octobre,dimanche,08:50,02,02820,"49,6336460","3,2655570",1,6,3,2,1,3,2,1,1,1,, -1,2,0,1,4,1,59,5,1,2,0,2,1,1,202000014039B01,7,1,1
202000014050,2020-10-09,2020,octobre,vendredi,16:15,68,68375,"47,8047360","7,2376000",2,1,3,1,1,3,2,2,1,1,, -1,1,0,1,4,1,82,5,1,2/6,0,2,6,1,202000014050B01,7,10,1
202000014073,2020-12-18,2020,décembre,vendredi,22:30,75,75117,"48,8868090","2,2936490",2,1,7,5,1,4,1,2,1,1,, -1,1,0,1,4,2,52,9,2,,0,0,1,14,202000014073A01,,,
202000014094,2020-12-23,2020,décembre,mercredi,13:55,12,12086,"44,1776720","3,1258030",1,1,2,1,1,3,2,2,1,1,, -1,1,2,1,4,1,50,5,1,2,0,2,4,1,202000014094B01,7,17,1
202000014106,2020-12-26,2020,décembre,samedi,14:00,37,37050,"47,3468560","0,7071738",2,2,1,1,1,3,1,1,1,1,, -1,1,0,1,3,1,27,1,2,,0,2,1,5,202000014106B01,7,1,1
202000014114,2020-11-20,2020,novembre,vendredi,17:15,971,97117,"16,3279230"," -61,3961510",1,9,2,2,1,3,2,2,1,4,, -1,1,0,1,4,1,56,5,1,2,0,0,4,2,202000014114A01,7,2,1
202000014224,2020-12-16,2020,décembre,mercredi,13:00,31,31377,"43,4319170","1,7256640",1,1,6,1,6,3,4,2,2,1,, -1,1,8,6,3,1,62,5,1,2/9,14,0,1,11,202000014224A01,,,
202000014227,2020-12-24,2020,décembre,jeudi,18:10,50,50077,"49,6603290"," -1,5103730",1,1,3,3,6,3,2,2,1,1,, -1,1,0,1,3,1,47,1,1,9,0,2,8,2,202000014227A01,10,2,1
202000014232,2020-12-25,2020,décembre,vendredi,19:45,988,98805," -22,2054790","166,4766780",2,1,3,5,1,4,2,2,1,3,, -1,1,0,1,3,1,7,5,2,,0,2,7,19,202000014232B01,10,25,1
202000014271,2020-11-18,2020,novembre,mercredi,21:40,75,75115,"48,8545800","2,2888500",2,2,3,5,1,4,2,6,1,1,, -1,1, -1,5,4,1,19,9,1,2,0,2,6,15,202000014271A01,7,1,1
202000014274,2020-11-19,2020,novembre,jeudi,18:40,75,75110,"48,8837840","2,3592180",2,1,2,1,2,4, -1,2,1,1,, -1,2, -1,6,4,2,40,9,2,,0,2,1,8,202000014274B01,7,8,1
202000014277,2020-11-19,2020,novembre,jeudi,10:00,75,75101,"48,8572200","2,3470980",2,2,3,1,1,4,1,0,1,1,, -1,1, -1,5,4,1,42,1,1,2,0,2,6,1,202000014277B01,10,16,1
202000014332,2020-11-19,2020,novembre,jeudi,14:10,987,98729," -17,4819310"," -149,8007995",1,1,2,1,2,2,2,2,1,1,, -1,2,0,1,3,1,49,5,2,,0,2,4,19,202000014332B01,7,17,1
202000014408,2020-11-18,2020,novembre,mercredi,16:15,75,75112,"48,8484420","2,3741800",2,1,6,1,1,4,2,2,1,1,, -1,1,0,1,1,1,42,5,1,2,0,1,1,1,202000014408A01,,,
202000014412,2020-11-18,2020,novembre,mercredi,16:15,75,75116,"48,8635710","2,2689830",2,1,2,1,1,4,2,2,1,1,, -1,1,0,1,4,1,15,5,1,2,0,2,1,2,202000014412A01,7,23,1
202000014413,2020-11-18,2020,novembre,mercredi,16:20,75,75116,"48,8650430","2,2887110",2,2,3,1,1,4,2,4,1,1,, -1,1,0,1,4,2,43,1,1,2/6,0,2,1,2,202000014413B01,7,22,1
202000014416,2020-11-18,2020,novembre,mercredi,10:52,75,75117,"48,8825080","2,3105270",2,7,3,1,1,4,2,4,1,2,, -1,1,0,1,3,1,42,9,1,2,0,2,8,15,202000014416A01,7,17,1
202000014454,2020-05-11,2020,mai,lundi,16:55,70,70310,"47,6780660","6,5065400",2,9,3,1,3,4,2,2,1,1,,6,2,0,1,3,1,25,5,2,,0,2,1,15,202000014454A01,7,1,1
202000014457,2020-05-11,2020,mai,lundi,12:20,69,69278,"45,8967000","4,8197000",2,6,3,1,1,3,4,2,1,2,,"5,5",1,0,1,4,1,63,5,1,2,0,2,7,12,202000014457B01,7,16,1
202000014474,2020-05-09,2020,mai,samedi,19:30,75,75120,"48,8569920","2,3937260",2,1,3,1,1,4,1,1,1,1,, -1,2,0,1,4,2,54,5,2,,0,2,7,1,202000014474A01,7,1,1
202000014485,2020-05-09,2020,mai,samedi,13:50,35,35024,"48,1794262"," -1,6618252",2,1,1,1,1,4,2,2,1,2,,5,1,0,1,4,1,10,5,1,2,0,2,1,5,202000014485B01,7,1,1
202000014487,2020-05-10,2020,mai,dimanche,08:40,71,71158,"46,5596106","4,9970774",2,1,3,1,1,4,2,2,2,2,, -1,1,0,1,4,1,59,3,2,,0,2,8,2,202000014487B01,7,26,1
202000014489,2020-05-08,2020,mai,vendredi,18:57,12,12148,"44,4804630","2,2248440",2,3,3,1,7,4,2,2,2,3,, -1,1,0,1,4,1,12,5,1,2,0,2,8,16,202000014489B01,7,1,1
202000014490,2020-05-10,2020,mai,dimanche,15:45,68,68208,"47,5647570","7,4411070",2,1,7,1,1,3,2,2,2,1,, -1,1,0,1,3,2,40,5,2,,0,0,9,1,202000014490A01,,,
202000014495,2020-05-09,2020,mai,samedi,14:20,73,73262,"45,8136210","6,5080444",1,3,3,1,1,3,2,2,2,1,,"5,5",1,0,1,3,2,31,1,1,2/9,0,2,1,26,202000014495B01,7,15,1
202000014520,2020-05-08,2020,mai,vendredi,16:40,75,75119,"48,8805130","2,3884150",2,1,7,1,1,4,2,2,2,1,, -1,1, -1,6,4,1,16,9,1,2,0,0,1,1,202000014520A01,,,
202000014522,2020-05-07,2020,mai,jeudi,17:55,75,75117,"48,8929930","2,3100280",2,1, -1,1,1,4,1,1,1,1,, -1,1, -1,5,4,1,40,4,2,,0,2,4,21,202000014522A01,1,1,1
202000014573,2020-05-06,2020,mai,mercredi,15:45,54,54580,"49,4610700","5,9194500",2,1,2,1,1,4,1,2,1,2,, -1,1,0,1,3,1,5,5,1,2,0,2,5,0,202000014573B01,7,15,1
202000014587,2020-05-07,2020,mai,jeudi,16:00,75,75116,"48,8737220","2,2940680",2,7,3,1,1,4,1,5,1,2,, -1,1,9,1,4,1,69,9,2,,0,2,7,16,202000014587A01,7,1,1
202000014588,2020-05-07,2020,mai,jeudi,19:10,75,75112,"48,8461370","2,3760540",2,2,6,1,1,4,1,1,1,1,, -1,1,0,1,4,1,60,9,2,,0,0,3,21,202000014588A01,,,
202000014593,2020-05-06,2020,mai,mercredi,16:10,94,94021,"48,7677000","2,3662400",2,1,3,1,1,5,1,1,1,1,, -1,1,0,1,4,1,9,5,2,,0,2,1,1,202000014593B01,7,4,1
202000014658,2020-01-25,2020,janvier,samedi,20:55,75,75119,"48,8752305","2,3786499",2,4,3,5,1,4,2,2,4,1,, -1,1,0,1,4,2,32,9,1,2,0,2,3,15,202000014658B01,7,15,1
202000014660,2020-01-25,2020,janvier,samedi,10:50,75,75116,"48,8414290","2,2637880",2,2, -1,1,5,4,1,3,1,1,,9,1,0,1,1,1,26,9,1,2,0,2,0,1,202000014660A01,7,1,1
202000014692,2020-01-25,2020,janvier,samedi,10:00,31,31517,"43,3323211","1,3774222",1,1, -1,1,1,3,2,2,3,1,,"5,5",1,0,1,3,1,37,5,1,2,0,0,4,2,202000014692B01,0,2,1
202000014703,2020-01-25,2020,janvier,samedi,11:15,69,69117,"45,8711914","4,7459811",2,1,3,1,1,3,2,2,1,1,,"5,5",1,0,1,4,1,50,5,1,2,0,2,1,1,202000014703B01,7,15,1
202000014810,2020-01-24,2020,janvier,vendredi,15:35,75,75102,"48,8709323","2,3459297",2,3,3,1,1,4,2,2,1,1,,5,1,0,1,4,1,59,5,1,2,0,2,3,1,202000014810B01,10,15,1
202000014811,2020-01-22,2020,janvier,mercredi,21:50,75,75102,"48,8706888","2,3479119",2,2,3,4,1,4,2,4,1,1,,12,1,0,1,1,1,28,9,1,2,0,2,1,15,202000014811A01,32,1,1
202000014844,2020-07-15,2020,juillet,mercredi,08:50,35,35238,"48,0876554"," -1,6510570",2,6,3,1,1,4,1,2,1,1,, -1,1,0,1,4,2,47,1,1,2,0,2,7,0,202000014844B01,7,16,1
202000014863,2020-02-23,2020,février,dimanche,13:30,42,42094,"45,7437600","4,2250910",2,1,3,1,1,3,2,2,1,1,,"5,5",1,0,1,4,1,16,0,1,2,0,2,1,1,202000014863B01,7,15,1
202000014892,2020-07-15,2020,juillet,mercredi,09:07,75,75106,"48,8512590","2,3337920",2,3,3,1,1,4,1,2,1,1,, -1,1, -1,5,4,1,39,1,1,2,0,2,6,1,202000014892B01,7,16,1
202000014900,2020-02-28,2020,février,vendredi,18:00,29,29124,"48,5774700"," -4,3122410",2,1,1,1,8,4,2,2,1,3,, -1,2,0,5,3,1,13,5,2,,0,2,1,5,202000014900B01,7,1,1
202000014908,2020-07-15,2020,juillet,mercredi,14:10,75,75116,"48,8458440","2,2685450",2,1,1,1,1,4,2,2,1,1,, -1,1,0,1,4,1,22,4,1,2,0,2,1,13,202000014908A01,7,1,1
202000014921,2020-07-15,2020,juillet,mercredi,11:18,75,75109,"48,8719610","2,3400390",2,5,2,1,1,4,2,5,1,1,, -1,1,0,1,4,2,27,9,1,2,0,2,5,11,202000014921A01,7,1,1
202000014998,2020-07-15,2020,juillet,mercredi,17:35,72,72031,"48,0686140","0,4892190",1,9,2,1,1,3,2,2,1,2,, -1,1,0,1,3,1,60,5,1,2,0,2,4,2,202000014998B01,7,2,1
202000015029,2020-07-10,2020,juillet,vendredi,11:15,73,73116,"45,2313117","6,3054520",1,1,6,1,1,3,2,2,2,2,, -1,1,0,3,3,1,77,5,1,2,13,0,1,1,202000015029A01,,,
202000015116,2020-07-14,2020,juillet,mardi,15:25,75,75102,"48,8633980","2,3509560",2,2,3,1,8,4,1,4,1,1,, -1,1, -1,5,4,1,43,9,2,,0,2,0,19,202000015116B01,7,15,1
202000015153,2020-07-05,2020,juillet,dimanche,10:50,19,19177,"45,2851840","1,2932110",1,1,7,1,1,3,2,2,2,1,, -1,1,0,1,2,1,71,5,1,2/6,0,0,3,1,202000015153A01,,,
202000015154,2020-07-15,2020,juillet,mercredi,12:30,79,79014,"47,0487650"," -0,2461400",1,1,7,1,1,3,2,2,1,1,,6,1,0,1,2,1,74,5,1,2,0,0,0,1,202000015154A01,,,
202000015176,2020-07-14,2020,juillet,mardi,20:15,73,73312,"45,6530220","6,3153680",2,2,3,1,1,4,2,2,2,1,, -1,1,0,1,3,1,11,5,1,2,0,2,1,19,202000015176B01,7,1,1
202000015183,2020-07-15,2020,juillet,mercredi,09:50,85,85008,"46,5660530"," -1,4705050",1,1,3,1,1,3,2,2,1,1,, -1,1,0,1,4,1,68,5,1,2,0,0,3,1,202000015183B01,7,1,1
202000015223,2020-09-12,2020,septembre,samedi,12:20,54,54357,"48,7129568","6,1597493",2,1,3,1,1,4,2,2,1,1,, -1,1,0,1,4,1,47,0,2,,0,2,1,1,202000015223B01,7,15,1
202000015256,2020-09-11,2020,septembre,vendredi,23:30,75,75117,"48,8779150","2,2943390",2,4,3,5,1,4,2,2,2,1,, -1,1,0,1,4,1,33,9,2,,0,2,1,1,202000015256B01,7,9,1
202000015257,2020-09-12,2020,septembre,samedi,08:40,75,75115,"48,8311830","2,2918470",2,3,3,1,1,4,3,2,2,1,, -1,1, -1,5,4,1,34,1,2,,0,2,1,1,202000015257B01,7,16,1
202000015258,2020-09-12,2020,septembre,samedi,21:20,75,75112,"48,8459030","2,3743470",2,5,6,5,1,4,1,3,1,1,, -1,1, -1,5,4,1,34,5,1,2,0,1,1,1,202000015258A01,,,
202000015259,2020-09-12,2020,septembre,samedi,14:30,75,75112,"48,8361270","2,4050560",2,1,4,1,1,4,2,3,1,1,, -1,1,0,1,4,1,20,4,2,,0,2,3,1,202000015259C01,34/ 7,17/13,2
202000015264,2020-09-12,2020,septembre,samedi,15:35,75,75108,"48,8648890","2,3071520",2,1,6,1,1,4,2,2,1,1,, -1,1, -1,5,4,2,32,5,2,,0,1,1,1,202000015264A01,,,
202000015293,2020-09-09,2020,septembre,mercredi,14:40,01,01399,"46,2960690","6,0757940",2,1, -1,1,1,3,2,2,1,1,, -1,1,0,1,4,1,5,5,2,,0,2,0,25,202000015293A01,7,21,1
202000015301,2020-09-13,2020,septembre,dimanche,11:45,57,57226,"49,3567300","5,9974560",2,1,1,1,1,3,2,2,2,1,, -1,1,0,1,3,1,59,5,1,2/9,0,2,1,1,202000015301B01,7,1,1
202000015303,2020-09-13,2020,septembre,dimanche,09:15,74,74225,"45,8668390","5,9388240",2,3,3,1,1,3,2,2,1,1,, -1,1,0,5,4,1,71,5,1,2,0,2,7,1,202000015303B01,10,16,1
202000015304,2020-09-12,2020,septembre,samedi,20:30,77,77509,"48,4788390","3,0517960",1,1,2,3,1,3,2,2,1,1,, -1,1,0,1,3,1,64,3,2,,0,2,4,1,202000015304A01,7,2,1
202000015315,2020-09-12,2020,septembre,samedi,08:29,38,38070,"45,2802620","5,9307290",2,6,3,2,1,3,2,2,1,1,, -1,1,0,1,4,2,61,0,1,2,0,2,7,1,202000015315B01,7,26,1
202000015318,2020-09-13,2020,septembre,dimanche,09:00,84,84114,"43,8790300","5,2161780",2,1,7,1,1,3,2,2,2,1,, -1,1,9,1,2,1,60,5,2,,0,0,3,1,202000015318A01,,,
202000015319,2020-09-11,2020,septembre,vendredi,18:30,03,03214,"46,4236424","3,0332613",2,1,7,1,1,4,2,2,2,3,, -1,1,0,1,2,1,45,5,2,,0,0,7,1,202000015319A01,,,
202000015351,2020-09-12,2020,septembre,samedi,13:55,13,13062,"43,4235000","5,4850790",1,1,3,1,1,3,2,2,2,1,, -1,1,0,1,3,1,48,5,1,2/9,0,0,3,1,202000015351A01,7,1,1
202000015353,2020-09-12,2020,septembre,samedi,09:50,68,68135,"47,5727760","7,5005940",1,6,3,1,1,3,2,2,2,1,, -1,1,0,1,1,1,61,5,1,2,0,0,4,1,202000015353B01,33,1,1
202000015378,2020-02-26,2020,février,mercredi,09:00,75,75111,"48,8585700","2,3765130",2,4,3,1,1,4,1,2,1,1,,4,1,0,1,4,2,41,1,2,,0,2,2,1,202000015378A01,7,15,1
202000015451,2020-06-14,2020,juin,dimanche,09:15,56,56055,"47,6555440"," -3,2028200",2,1,3,1,1,4,2,2,1,1,, -1,1,0,6,1,1,54,5,2,,0,9,0,1,202000015451A01,1,19,1
202000015451,2020-06-14,2020,juin,dimanche,09:15,56,56055,"47,6555440"," -3,2028200",2,1,3,1,1,4,2,2,1,1,, -1,1,0,6,4,1,73,5,2,,0,0,0,19,202000015451B01,1,1,1
202000015454,2020-06-15,2020,juin,lundi,09:40,82,82134,"44,0720510","1,5234670",2,6,2,1,1,3, -1,1,1,3,, -1,1,0,1,4,2,66,5,2,,0,0,5,2,202000015454B01,7,0,1
202000015461,2020-06-15,2020,juin,lundi,08:50,03,03036,"46,5850252","3,0579949",2,3,3,1,1,4,1,1,1,1,, -1,1,0,1,4,1,59,1,2,,0,2,1,0,202000015461B01,7,15,1
202000015476,2020-06-15,2020,juin,lundi,09:55,69,69244,"45,7640593","4,7816672",2,6,3,1,1,9,2,2,2,3,,"5,5",1,0,1,3,2,66,5,2,,0,2,1,1,202000015476B01,14,16,1
202000015483,2020-06-14,2020,juin,dimanche,10:45,34,34276,"43,7748490","3,8676010",1,1,3,1,1,3,2,2,1,1,,"5,5",1,0,1,4,1,63,5,1,2,0,2,8,2,202000015483A01,7,17,1
202000015487,2020-06-14,2020,juin,dimanche,11:00,71,71062,"46,9267620","4,2516450",1,1,3,1,1,3,2,2,1,1,, -1,1,0,1,3,1,60,5,1,2,0,2,8,1,202000015487B01,7,20,1
202000015489,2020-06-14,2020,juin,dimanche,13:30,50,50611,"49,6642040"," -1,7524590",1,1,1,1,1,4,2,2,2,2,, -1,1,0,1,3,1,37,5,1,2,0,2,1,1,202000015489B01,7,1,1
202000015492,2020-06-15,2020,juin,lundi,06:45,27,27412,"49,2366437","1,0884856",2,1,2,1,1,3,2,2,1,1,,5,1,0,1,3,1,51,1,2,,6,0,4,2,202000015492B01,7,0,1
202000015535,2020-06-13,2020,juin,samedi,02:20,75,75119,"48,8775590","2,3947940",2,1,2,5,1,4,2,3,1,1,, -1,1, -1,5,3,2,39,9,1,2,0,2,8,2,202000015535A01,50,2,1
202000015536,2020-06-13,2020,juin,samedi,02:38,75,75119,"48,8792400","2,3704330",2,1,6,5,1,4,3,2,1,1,, -1,1, -1,5,4,1,30,9,1,2,1,0,1,13,202000015536A01,,,
202000015542,2020-06-13,2020,juin,samedi,09:20,75,75114,"48,8228810","2,3274320",2,1,3,1,8,4,3,2,1,1,, -1,1, -1,5,4,2,38,1,1,2,0,2,1,1,202000015542B01,7,22,1
202000015545,2020-06-13,2020,juin,samedi,02:55,75,75110,"48,8721770","2,3628500",2,1,2,5,1,4,2,2,1,1,, -1,1,0,1,4,2,27,5,1,2,0,2,4,2,202000015545A01,7,2,1
202000015550,2020-06-13,2020,juin,samedi,16:15,75,75101,"48,8588110","2,3400540",2,1,6,1,1,4,2,1,1,1,, -1,1,6,1,1,1,27,9,1,2,0,1,4,1,202000015550A01,,,
202000015562,2020-06-13,2020,juin,samedi,14:20,92,92050,"48,8868398","2,2033060",2,1,2,1,8,3,1,2,2,1,, -1,1,0,5,4,2,58,5,2,,1,0,2,21,202000015562B01,7,22,1
202000015572,2020-06-13,2020,juin,samedi,20:00,91,91573,"48,6158110","2,5090560",2,9,3,2,8,7,2,2,1,1,, -1,1,0,1,4,1,53,5,2,,0,2,8,19,202000015572B01,7,1,1
202000015577,2020-06-13,2020,juin,samedi,19:45,80,80415,"49,7548420","2,6038300",2,2,1,1,1,3,1,1,1,1,, -1,1,0,1,3,2,13,5,2,,0,2,8,19,202000015577A01,7,1,1