Num_Acc,date,an,mois,jour,hrmn,dep,com,lat,long,agg,int,col,lum,atm,catr,circ,nbv,prof,plan,lartpc,larrout,surf,infra,situ,grav,sexe,age,trajet,secuexist,equipement,obs,obsm,choc,manv,vehiculeid,typevehicules,manoeuvehicules,numVehicules
202000015583,2020-06-14,2020,juin,dimanche,14:30,42,42138,"45,6461330","4,3527960",1,3,3,1,1,3,2,2,1,1,,"5,5",1,0,1,3,1,57,5,1,2,0,2,1,1,202000015583A01,7,15,1
202000015675,2020-08-12,2020,août,mercredi,18:33,75,75106,"48,8420790","2,3295440",2,2,3,1,1,4,2,4,1,1,, -1,1,0,1,2,1,59,1,1,2,0,2,8,19,202000015675A01,7,1,1
202000015676,2020-08-12,2020,août,mercredi,16:45,75,75116,"48,8784410","2,2798310",2,2,3,1,1,4,3,3,1,3,, -1,1, -1,5,4,1,41,9,1,2,0,2,1,1,202000015676B01,13,16,1
202000015677,2020-08-12,2020,août,mercredi,10:11,75,75116,"48,8587060","2,2759250",2,1,6,1,1,4,2,4,1,1,, -1,1,0,4,1,1,15,3,1,2,0,1,1,25,202000015677A01,,,
202000015695,2020-08-13,2020,août,jeudi,08:56,40,40296,"43,6874260"," -1,4255620",1,1,2,1,1,3,2,2,1,1,, -1,1,0,1,3,1,78,5,2,,0,2,4,11,202000015695B01,7,1,1
202000015699,2020-08-12,2020,août,mercredi,12:35,62,62044,"50,4843600","1,7447105",2,9,1,1,1,4,2,2,1,1,, -1,1,0,1,3,1,62,5,1,6,0,2,1,1,202000015699B01,21,19,1
202000015711,2020-08-14,2020,août,vendredi,09:30,34,34175,"43,6062510","3,3540060",1,1,2,1,1,3,2,2,1,2,, -1,1,0,1,2,1,71,5,1,2,0,9,0,0,202000015711B01,33,0,1
202000015718,2020-08-08,2020,août,samedi,14:45,29,29015,"48,4859510"," -4,4689460",1,1,7,1,1,3,2,2,1,4,, -1,1,0,1,3,1,47,5,1,2,0,0,9,1,202000015718B01,,,
202000015721,2020-08-13,2020,août,jeudi,20:00,15,15044,"45,1389460","2,8265760",1,1,7,1,1,3,2,2,2,1,, -1,1,0,1,3,1,38,5,1,2,0,0,2,1,202000015721A01,,,
202000015741,2020-08-12,2020,août,mercredi,08:25,971,97128,"16,2266810"," -61,3911560",1,1,1,1,1,3,2,2,4,3,, -1,1,0,1,3,1,27,5,1,2,0,2,1,0,202000015741B01,7,1,1
202000015754,2020-08-14,2020,août,vendredi,08:38,59,59535,"50,7801090","2,7379560",2,4,1,1,5,3,2,2,2,1,, -1,1,0,1,3,1,32,5,1,2,0,2,1,1,202000015754B01,7,15,1
202000015905,2020-10-08,2020,octobre,jeudi,16:12,75,75119,"48,8784100","2,3742540",2,2,3,1,1,4,1,2,1,1,, -1,1,0,1,4,2,41,1,2,,0,2,2,1,202000015905B01,32,9,1
202000015909,2020-10-08,2020,octobre,jeudi,22:40,75,75115,"48,8456550","2,2879850",2,2,3,5,1,4,2,2,1,1,, -1,1,0,1,4,1,26,9,2,,0,2,4,1,202000015909A01,7,1,1
202000015913,2020-10-09,2020,octobre,vendredi,15:30,75,75111,"48,8610920","2,3811490",2,2,1,1,1,4,2,2,1,1,, -1,1,0,1,4,1,45,5,2,,0,2,1,1,202000015913B01,30,15,1
202000015914,2020-10-09,2020,octobre,vendredi,10:45,75,75117,"48,8975040","2,3243100",2,5,3,1,8,4,1,6,1,1,, -1,2, -1,6,4,1,15,5,2,,0,4,1,19,202000015914A01,40,1,1
202000015946,2020-10-09,2020,octobre,vendredi,18:00,56,56032,"47,9568850"," -2,2978110",2,3,3,1,1,4,2,2,1,1,, -1,1,0,1,3,1,9,5,1,2,0,2,8,19,202000015946A01,7,1,1
202000015958,2020-10-10,2020,octobre,samedi,12:10,83,83028,"43,5740210","6,5637140",1,1, -1,1,1,3,2,2,1,1,, -1,1,0,1,1,1,48,5,1,2,0,2,1,1,202000015958C01,33,2,1
202000015958,2020-10-10,2020,octobre,samedi,12:10,83,83028,"43,5740210","6,5637140",1,1, -1,1,1,3,2,2,1,1,, -1,1,0,1,3,1,40,5,1,2,0,2,8,10,202000015958B01,33,2,1
202000015975,2020-09-03,2020,septembre,jeudi,18:50,33,33056,"44,9091740"," -0,6385320",2,2,3,1,1,4,2,4,1,1,, -1,1,0,1,3,1,66,5,1,2,0,2,8,16,202000015975B01,7,15,1
202000016091,2020-12-15,2020,décembre,mardi,14:05,22,22362,"48,7908780"," -3,2304150",2,6,3,1,1,3,2,2,1,1,, -1,1,5,1,3,1,66,5,1,2/4/6,0,2,1,9,202000016091B01,7,26,1
202000016099,2020-12-23,2020,décembre,mercredi,12:50,52,52058,"48,1994640","5,1366930",2,3,3,1,1,4,2,2,1,1,, -1,1,0,1,3,1,67,5,1,2,0,2,1,1,202000016099B01,7,15,1
202000016100,2020-12-16,2020,décembre,mercredi,19:15,06,06152,"43,6254290","6,9972830",1,1,2,5,1,3,2,2,1,1,, -1,1,0,1,3,1,60,1,1,2,0,2,4,1,202000016100A01,10,0,1
202000016106,2020-12-23,2020,décembre,mercredi,19:30,973,97304,"5,1551460"," -52,6767830",1,1,2,3,1,2,2,2,1,1,, -1,1,0,1,2,1,29,5,2,,0,2,4,2,202000016106B01,7,2,1
202000016109,2020-12-23,2020,décembre,mercredi,17:00,06,06128,"43,6914560","7,1300410",1,1,1,1,1,3,3,4,2,2,, -1,1,0,3,2,1,63,5,1,2/6,0,2,0,0,202000016109B01,7,14,1
202000016215,2020-11-17,2020,novembre,mardi,07:45,65,65433,"43,2112810","0,1003280",2,3,3,2,1,4,2,2,1,1,, -1,1,0,1,4,1,53,1,2,,0,2,8,15,202000016215B01,10,15,1
202000016236,2020-11-16,2020,novembre,lundi,10:15,05,05061,"44,5548390","6,0751510",2,6,3,1,1,2,1,2,1,2,, -1,2,0,1,3,1,72,5,1,2,0,2,5,1,202000016236B01,7,9,1
202000016238,2020-11-17,2020,novembre,mardi,10:00,75,75116,"48,8641000","2,3009540",2,7,6,1,1,4,1,0,2,1,, -1,1,0,4,1,1,33,5,2,,0,1,1,25,202000016238A01,,,
202000016240,2020-11-17,2020,novembre,mardi,17:50,75,75101,"48,8663950","2,3234670",2,2,1,5,1,4, -1,0,1,1,, -1,1, -1,5,1,1,21,1,2,,0,2,1,1,202000016240B01,2,1,1
202000016262,2020-11-18,2020,novembre,mercredi,09:35,31,31157,"43,5399000","1,3374250",2,1,3,1,1,3,2,2,1,1,, -1,1,0,1,3,1,71,5,1,2/6,0,2,8,2,202000016262B01,10,17,1
202000016273,2020-11-17,2020,novembre,mardi,09:20,40,40266,"44,0685040"," -1,2293010",2,3, -1,2,1,3, -1,2,1,1,, -1,1,0,1,3,2,82,3,2,,0,2,3,23,202000016273B01,10,19,1
202000016276,2020-11-17,2020,novembre,mardi,15:30,74,74067,"45,8819800","6,0621680",2,3,3,1,1,4,2,2,2,3,, -1,1,0,1,3,1,38,5,1,2,0,2,1,13,202000016276B01,21,1,1
202000016321,2020-11-13,2020,novembre,vendredi,13:20,63,63113,"45,7801523","3,0738951",2,1,2,1,1,4,2,2,1,1,, -1,1,0,1,3,1,52,1,1,2,0,2,1,2,202000016321B01,7,20,1
202000016353,2020-11-16,2020,novembre,lundi,17:55,75,75113,"48,8209860","2,3506300",2,3,3,5,1,4,2,4,2,1,, -1,1, -1,5,4,2,29,9,1,2,0,2,1,1,202000016353B01,10,16,1
202000016355,2020-11-16,2020,novembre,lundi,13:25,75,75108,"48,8750350","2,3092030",2,2,7,1,1,4,2,3,2,1,, -1,1,0,1,4,1,38,9,1,2,0,2,7,14,202000016355A01,,,
202000016378,2020-05-06,2020,mai,mercredi,13:50,75,75115,"48,8372300","2,2964360",2,2,3,1,1,4,2,3,1,1,, -1,1,0,1,4,2,38,1,1,2,0,2,3,1,202000016378A01,2,15,1
202000016396,2020-05-05,2020,mai,mardi,16:00,63,63003,"45,5223300","3,7412420",1,1,7,1,1,3,2,2,2,1,,4,1,0,1,2,2,66,3,2,,0,0,0,1,202000016396A01,,,
202000016400,2020-05-07,2020,mai,jeudi,16:40,73,73265,"45,7509942","5,9760932",1,3,5,1,1,4,2,2,4,3,,4,1,0,1,4,1,55,5,1,2/6,0,2,1,1,202000016400C01,7,15,1
202000016400,2020-05-07,2020,mai,jeudi,16:40,73,73265,"45,7509942","5,9760932",1,3,5,1,1,4,2,2,4,3,,4,1,0,1,3,1,55,5,1,2/6,0,2,1,1,202000016400B01,7,15,1
202000016408,2020-04-30,2020,avril,jeudi,07:30,72,72154,"47,7048630"," -0,0807880",2,1,1,1,1,4,2,2,1,2,,5,1,0,1,3,1,56,1,2,,0,2,2,1,202000016408B01,10,15,1
202000016437,2020-05-05,2020,mai,mardi,09:10,75,75107,"48,8628190","2,3134610",2,3,3,1,2,4,2,4,1,1,, -1,2,0,1,4,1,26,5,1,2,0,2,1,15,202000016437A01,7,1,1
202000016438,2020-05-05,2020,mai,mardi,16:55,75,75101,"48,8624420","2,3251900",2,3,6,1,8,4,1,5,1,1,, -1,1,0,4,4,1,53,1,1,2,15,0,7,16,202000016438A01,,,
202000016444,2020-05-06,2020,mai,mercredi,15:00,02,02131,"49,3909910","3,3818950",2,9,3,1,1,4,2,2,1,1,, -1,1,0,1,3,1,13,5,2,,0,2,0,26,202000016444A01,7,1,1
202000016467,2020-05-06,2020,mai,mercredi,11:40,21,21435,"47,8826200","4,5640790",1,1,2,1,1,3,2,2,2,1,0,"7,2",1,0,1,3,1,29,3,2,,0,2,7,15,202000016467B01,7,0,1
202000016470,2020-05-05,2020,mai,mardi,18:50,973,97307,"4,8262710"," -52,3617840",1,1,2,2,8,3,2,2,1,1,, -1,1,0,1,3,2,38,5,2,,0,0,4,2,202000016470B01,7,2,1
202000016487,2020-02-25,2020,février,mardi,17:45,66,66136,"42,6913200","2,8962600",2,1, -1,1,1,4,2,1,1,1,, -1,1,0,1,4,1,45,9,2,,0,2,7,19,202000016487B01,7,1,1
202000016512,2020-05-02,2020,mai,samedi,19:02,13,13206,"43,2911600","5,3806700",2,2,3,1,1,4,1,2,1,1,, -1,1,0,1,3,1,60,0,2,,0,2,7,19,202000016512A01,7,1,1
202000016528,2020-04-03,2020,avril,vendredi,20:15,971,97129,"16,3053255"," -61,6564513",2,1,7,3,1,3,3,2,3,1,, -1,1,0,3,3,1,58,1,1,2,13,0,0,0,202000016528A01,,,
202000016554,2020-05-04,2020,mai,lundi,18:20,74,74131,"46,0225840","5,9252540",2,1,1,1,7,4,2,2,2,3,, -1,1,0,1,4,1,10,5,2,,0,2,1,1,202000016554B01,7,1,1
202000016580,2020-01-22,2020,janvier,mercredi,08:00,44,44183,"47,3875930"," -2,4355850",1,2,3,2,8,3,2,2,1,1,, -1,1,5,1,4,1,68,5,1,2,0,2,8,1,202000016580A01,7,19,1
202000016581,2020-01-23,2020,janvier,jeudi,15:30,29,29097,"48,4939314"," -4,0468605",2,6,3,1,7,3, -1,1,1,2,, -1,1,0,1,4,2,73,5,1,2,0,2,2,12,202000016581B01,7,1,1
202000016656,2020-01-09,2020,janvier,jeudi,23:25,36,36044,"46,8126548","1,6848028",2,2,3,5,1,4,2,2,2,1,, -1,1,2,1,3,2,31,1,2,,0,2,1,1,202000016656B01,7,16,1
202000016689,2020-01-23,2020,janvier,jeudi,12:15,75,75119,"48,8814228","2,3728171",2,1,2,1,8,4,2,3,2,1,, -1,1,0,1,4,2,34,9,1,2,0,2,4,2,202000016689B01,7,2,1
202000016694,2020-01-21,2020,janvier,mardi,22:30,75,75115,"48,8406112","2,3049795",2,3,2,5,1,4,1,2,1,1,,7,1, -1,6,4,1,16,5,1,2,0,2,1,2,202000016694A01,7,23,1
202000016698,2020-01-22,2020,janvier,mercredi,11:05,75,75114,"48,8375770","2,3229271",2,5,3,1,1,4,2,5,2,1,, -1,1,0,1,3,2,55,9,1,2,0,2,5,1,202000016698A01,7,1,1
202000016699,2020-01-23,2020,janvier,jeudi,15:30,75,75113,"48,8229732","2,3778056",2,3,6,1,1,4,3,2,1,1,,5,1, -1,5,1,1,54,1,1,2,0,1,1,1,202000016699A01,,,
202000016701,2020-01-22,2020,janvier,mercredi,10:10,75,75112,"48,8431837","2,4145192",2,3,2,1,1,4,2,2,1,1,,5,1,0,1,4,2,58,1,1,2,0,2,1,1,202000016701B01,10,4,1
202000016760,2020-07-14,2020,juillet,mardi,11:20,13,13034,"43,7339570","4,9436760",1,1,4,1,1,3,2,2,2,1,, -1,1,0,1,3,1,59,5,1,2,0,2,4,11,202000016760B01,33,21,1
202000016760,2020-07-14,2020,juillet,mardi,11:20,13,13034,"43,7339570","4,9436760",1,1,4,1,1,3,2,2,2,1,, -1,1,0,1,3,1,58,5,1,2,0,2,1,11,202000016760C01,33,21,1
202000016776,2020-07-13,2020,juillet,lundi,08:30,988,98818," -22,3018600","166,4352500",2,1,6,1,1,4,2,2,1,3,, -1,1,0,5,3,2,49,5,1,2,0,9,1,26,202000016776A01,,,
202000016794,2020-07-11,2020,juillet,samedi,12:05,87,87085,"45,9238700","1,3024100",1,1, -1,1,1,3,2,2,1,1,, -1,1,0,1,3,1,53,5,1,2,0,2,0,1,202000016794A01,7,1,1
202000016861,2020-07-13,2020,juillet,lundi,10:00,75,75120,"48,8518580","2,4013710",2,2,2,1,1,4,2,2,1,1,, -1,1,0,1,4,1,22,9,2,,0,2,1,1,202000016861B01,10,23,1
202000016864,2020-07-12,2020,juillet,dimanche,12:30,75,75115,"48,8400890","2,3154620",2,1,3,1,1,4,2,3,2,1,, -1,1, -1,5,4,2,22,5,1,2,0,2,8,1,202000016864A01,7,9,1
202000016867,2020-07-13,2020,juillet,lundi,16:00,75,75112,"48,8397940","2,3956060",2,7,3,1,1,4, -1,3,1,3,, -1,1,0,1,4,1,48,5,2,,0,2,1,1,202000016867A01,7,9,1
202000016871,2020-07-13,2020,juillet,lundi,20:00,75,75104,"48,8533190","2,3578170",2,2,3,1,1,4,2,5,2,1,, -1,1,0,1,4,1,20,9,2,,0,2,3,15,202000016871B01,33,1,1
202000016903,2020-07-13,2020,juillet,lundi,09:20,74,74256,"45,9364210","6,6467380",2,1,3,1,1,3,2,2,1,1,, -1,1,0,1,4,2,61,3,1,2,0,2,3,11,202000016903B01,7,11,1
202000016906,2020-07-14,2020,juillet,mardi,11:32,76,76655,"49,8702760","0,7084790",2,1,7,1,2,4,2,2,2,1,, -1,2,0,1,4,1,55,5,2,,0,0,7,1,202000016906A01,,,
202000016907,2020-07-14,2020,juillet,mardi,07:10,2B,2B346,"42,5004410","9,4658960",2,9,3,1,1,2,3,2,1,1,, -1,1,0,3,4,1,45,5,1,2,0,2,2,1,202000016907B01,7,9,1
202000016921,2020-07-13,2020,juillet,lundi,19:00,02,02681,"49,8134980","3,8443570",1,1,3,1,1,4,2,2,1,1,, -1,1,0,1,3,1,12,5,1,6,0,2,8,2,202000016921B01,33,17,1
202000016926,2020-07-11,2020,juillet,samedi,15:05,06,06077,"43,9317420","7,3179320",1,1,6,1,7,3,2,2,2,3,, -1,1,0,1,4,2,62,5,1,2/6,3,0,3,13,202000016926A01,,,
202000016976,2020-02-23,2020,février,dimanche,20:20,54,54395,"48,6988141","6,1877865",2,3,3,5,2,4,1,5,1,1,, -1,2,0,1,4,1,30,0,2,,0,2,1,1,202000016976B01,7,16,1
202000017018,2020-02-24,2020,février,lundi,10:55,75,75116,"48,8646920","2,2941430",2,7,3,1,1,4,1,4,1,2,, -1,1,0,1,4,1,23,1,2,,0,2,8,13,202000017018A01,32,2,1
202000017069,2020-02-21,2020,février,vendredi,21:37,25,25043,"47,4845980","6,7713760",1,1,2,3,1,3,2,2,1,1,, -1,1,0,1,3,1,71,5,1,4/9,0,2,4,1,202000017069B01,7,1,1
202000017096,2020-02-22,2020,février,samedi,11:28,45,45208,"47,9921030","2,7321740",2,2,3,1,1,3,2,2,1,1,, -1,1,0,1,4,2,24,0,2,,0,2,7,15,202000017096B01,7,1,1
202000017116,2020-02-22,2020,février,samedi,23:35,75,75113,"48,8188860","2,3595650",2,2,3,5,1,4,2,0,1,1,,0,1, -1,6,4,1,31,3,2,,0,2,8,13,202000017116A01,7,7,1
202000017118,2020-02-23,2020,février,dimanche,18:02,75,75110,"48,8708150","2,3660850",2,1,6,5,1,4,1,1,1,1,, -1,1, -1,5,4,1,30,5,2,,1,1,1,21,202000017118A01,,,
202000017119,2020-02-23,2020,février,dimanche,07:17,75,75110,"48,8737720","2,3583130",2,2,2,2,1,4,2,4,1,1,,12,1,0,1,4,1,75,5,2,,0,2,4,23,202000017119B01,10,1,1
202000017120,2020-02-21,2020,février,vendredi,21:50,75,75109,"48,8761240","2,3439670",2,1,3,5,1,4,1,1,1,1,, -1,1,0,1,4,1,29,9,2,,0,2,3,18,202000017120B01,7,23,1
202000017121,2020-02-23,2020,février,dimanche,02:30,75,75103,"48,8619750","2,3501580",2,2,3,5,1,4,1,4,1,3,,12,1, -1,5,4,1,34,5,2,,0,2,1,19,202000017121A01,50,1,1
202000017189,2020-09-11,2020,septembre,vendredi,20:15,75,75107,"48,8560570","2,3081670",2,4, -1,2,1,4,2,2,1,1,, -1,1,0,1,4,1,64,5,1,2,0,2,1,1,202000017189A01,7,22,1
202000017191,2020-09-11,2020,septembre,vendredi,17:15,75,75106,"48,8467430","2,3283360",2,2,2,1,1,4,1,2,2,1,, -1,1,0,1,4,1,18,5,2,,0,2,6,2,202000017191A01,7,23,1
202000017194,2020-09-11,2020,septembre,vendredi,13:45,75,75111,"48,8686220","2,3720550",2,3,6,1,1,4,2,2,1,1,, -1,1,0,1,1,1,25,2,2,,0,1,1,1,202000017194A01,,,
202000017236,2020-09-10,2020,septembre,jeudi,17:40,57,57661,"49,0513490","7,6008330",1,3,3,1,7,3,2,2,1,1,, -1,1,0,1,4,1,49,5,1,2,0,2,8,1,202000017236B01,7,15,1
202000017264,2020-09-12,2020,septembre,samedi,10:56,06,06068,"43,7205520","6,9730620",1,1,1,1,1,3,2,2,3,4,, -1,1,0,1,3,1,48,5,1,2,0,2,3,13,202000017264B01,33,21,1
202000017275,2020-09-11,2020,septembre,vendredi,17:00,35,35210,"48,1764690"," -1,7607360",1,3,3,1,1,3,2,2,1,1,, -1,1,0,1,2,1,47,5,1,2/6,0,2,8,15,202000017275B01,7,1,1
202000017279,2020-09-07,2020,septembre,lundi,11:30,33,33527,"44,6232930"," -1,0244860",2,6,3,1,1,3,2,2,1,1,, -1,1,5,8,3,1,72,5,1,2,0,2,7,1,202000017279B01,7,9,1
202000017281,2020-09-12,2020,septembre,samedi,13:45,84,84144,"43,9268550","5,5534600",1,4,1,1,1,3,2,2,2,2,, -1,1,0,1,3,1,25,0,1,2/6/9,0,2,2,0,202000017281B01,7,1,1
202000017288,2020-09-11,2020,septembre,vendredi,18:00,32,32200,"43,6215610","0,5030860",1,1,5,1,1,3,2,2,1,1,, -1,1,0,1,2,1,16,5,1,2,0,2,1,1,202000017288B01,7,21,1
202000017288,2020-09-11,2020,septembre,vendredi,18:00,32,32200,"43,6215610","0,5030860",1,1,5,1,1,3,2,2,1,1,, -1,1,0,1,2,1,46,5,2,,0,2,1,1,202000017288C01,7,21,1
202000017415,2020-06-12,2020,juin,vendredi,07:30,75,75117,"48,8829160","2,3090400",2,7,7,1,2,4,2,4,1,1,, -1,2,0,1,4,1,52,1,1,4,0,0,0,1,202000017415A01,,,
202000017420,2020-06-12,2020,juin,vendredi,16:10,75,75112,"48,8349770","2,4198160",2,2,3,1,1,4,2,2,1,1,, -1,1,5,1,4,1,34,9,2,,0,2,1,1,202000017420B01,7,15,1
202000017421,2020-06-11,2020,juin,jeudi,18:55,75,75112,"48,8357980","2,4221390",2,1,3,1,1,4,2,2,1,1,, -1,1,0,1,4,2,8,5,1,2,0,2,1,19,202000017421B01,7,1,1
202000017453,2020-06-13,2020,juin,samedi,02:15,65,65083,"43,1754360","0,1027930",1,1,4,3,1,3,2,2,1,1,,"5,5",1,0,1,2,1,16,5,2,,0,2,4,2,202000017453B01,7,2,1
202000017453,2020-06-13,2020,juin,samedi,02:15,65,65083,"43,1754360","0,1027930",1,1,4,3,1,3,2,2,1,1,,"5,5",1,0,1,3,1,16,5,2,,0,2,4,2,202000017453C01,7,2,1
202000017462,2020-06-13,2020,juin,samedi,10:30,72,72319,"48,1250840","0,1012590",1,3,3,1,8,4,2,2,1,3,, -1,1,0,1,3,1,48,5,1,2,0,2,8,16,202000017462B01,7,1,1
202000017464,2020-06-13,2020,juin,samedi,10:15,60,60641,"49,4708400","3,0082640",2,3,1,1,1,3,2,2,1,1,, -1,1,0,1,4,1,45,5,1,2,0,2,1,1,202000017464B01,7,15,1
202000017465,2020-06-13,2020,juin,samedi,12:20,64,64040,"43,0363680"," -0,7468560",1,1, -1,1,1,3,2,2,2,2,, -1,1,0,1,4,1,26,5,1,2/6,0,2,1,1,202000017465C01,7,13,1
202000017465,2020-06-13,2020,juin,samedi,12:20,64,64040,"43,0363680"," -0,7468560",1,1, -1,1,1,3,2,2,2,2,, -1,1,0,1,3,1,30,5,1,2/6,0,2,1,1,202000017465B01,7,13,1
202000017483,2020-06-12,2020,juin,vendredi,19:30,68,68040,"47,8212770","7,0749000",1,1,7,1,1,3,2,2,2,1,, -1,1,0,1,2,1,72,5,1,2,0,0,0,1,202000017483A01,,,
202000017534,2020-08-12,2020,août,mercredi,09:45,75,75115,"48,8408000","2,2993820",2,1,6,1,1,4,2,2,2,1,, -1,1,0,1,4,1,32,1,1,2,12,0,1,14,202000017534A01,,,
202000017540,2020-08-11,2020,août,mardi,17:40,75,75104,"48,8553940","2,3603700",2,1,6,2,2,4,2,4,1,1,, -1,2, -1,5,4,2,33,1,1,2,14,0,1,13,202000017540A01,,,
202000017577,2020-08-13,2020,août,jeudi,05:00,25,25512,"47,1513770","6,6972400",1,1,1,2,1,4,2,2,1,1,, -1,1,0,1,3,2,37,5,2,,0,2,1,1,202000017577B01,7,1,1
202000017581,2020-08-12,2020,août,mercredi,13:00,38,38006,"45,3917300","6,1013900",1,1,6,1,1,3,2,2,2,3,, -1,1,0,3,2,1,26,5,1,2,3,0,3,1,202000017581A01,,,
202000017601,2020-10-09,2020,octobre,vendredi,20:45,59,59139,"50,1058130","3,4050970",1,1,3,3,1,3,2,2,1,1,, -1,1,0,1,3,1,50,1,1,2/4,0,2,4,2,202000017601B01,7,2,1
202000017610,2020-08-12,2020,août,mercredi,18:12,68,68012,"47,7868790","7,1312210",1,1,3,1,1,3,2,2,1,1,, -1,1,0,1,4,1,44,5,1,2,0,0,8,1,202000017610A01,7,2,1
202000017618,2020-08-11,2020,août,mardi,19:10,38,38205,"45,1433900","5,6099200",1,1, -1,1,1,3,2,2,2,3,, -1,1,0,1,4,1,32,5,1,2,0,2,1,1,202000017618B01,7,10,1
202000017618,2020-08-11,2020,août,mardi,19:10,38,38205,"45,1433900","5,6099200",1,1, -1,1,1,3,2,2,2,3,, -1,1,0,1,4,1,25,5,1,2,0,2,1,1,202000017618A01,7,10,1
202000017755,2020-10-08,2020,octobre,jeudi,15:29,75,75118,"48,8883640","2,3495970",2,2,6,1,8,4,3,4,1,1,, -1,1, -1,5,4,1,21,9,2,,0,1,0,21,202000017755A01,,,
202000017757,2020-10-08,2020,octobre,jeudi,09:20,75,75118,"48,8884140","2,3480270",2,5,3,1,1,4,2,2,1,1,, -1,1,0,1,4,1,26,1,2,,0,2,8,1,202000017757B01,7,10,1
202000017760,2020-10-08,2020,octobre,jeudi,17:30,75,75114,"48,8289360","2,3332450",2,3,2,1,1,4,2,3,4,1,, -1,1,0,1,1,1,19,5,2,,0,2,1,1,202000017760A01,1,1,1
202000017760,2020-10-08,2020,octobre,jeudi,17:30,75,75114,"48,8289360","2,3332450",2,3,2,1,1,4,2,3,4,1,, -1,1,0,1,4,1,23,5,2,,0,2,6,1,202000017760B01,1,1,1
202000017766,2020-10-08,2020,octobre,jeudi,15:05,75,75113,"48,8277800","2,3567680",2,3,7,1,1,4, -1,6,1,1,, -1,1, -1,5,4,1,29,1,2,,0,0,0,1,202000017766A01,,,
202000017781,2020-08-11,2020,août,mardi,13:40,75,75109,"48,8789890","2,3368380",2,4,7,1,7,4,2,2,2,1,, -1,1,0,1,4,2,64,5,1,2,0,0,0,15,202000017781A01,,,
202000017782,2020-08-11,2020,août,mardi,17:05,75,75102,"48,8653730","2,3469500",2,1,7,1,2,4,1,1,1,1,, -1,2,6,1,4,2,56,5,1,2,0,0,1,1,202000017782A01,,,
202000017785,2020-10-08,2020,octobre,jeudi,09:25,75,75103,"48,8599810","2,3645570",2,3,3,1,1,4,2,2,1,1,, -1,2,0,1,4,2,28,9,1,2,0,2,1,1,202000017785B01,10,22,1
202000017818,2020-10-08,2020,octobre,jeudi,17:00,971,97133,"15,9584560"," -61,7088800",1,1,1,1,1,3,2,2,1,2,, -1,1,0,1,2,1,54,5,1,2,0,2,1,1,202000017818B01,7,17,1
202000017829,2020-10-09,2020,octobre,vendredi,16:45,68,68259,"47,4672440","7,3473740",1,3,3,1,1,3,2,2,2,2,, -1,1,0,1,4,1,55,5,2,,0,2,1,1,202000017829B01,7,15,1
202000017845,2020-10-09,2020,octobre,vendredi,15:40,95,95678,"49,0753420","2,2435710",1,1,3,1,1,3,2,2,1,1,, -1,1,0,1,4,1,28,5,1,2,0,2,6,2,202000017845B01,0,17,1
202000017849,2020-10-09,2020,octobre,vendredi,16:25,07,07010,"45,2392960","4,6907010",2,6,2,1,1,3,1,1,2,3,, -1,1,0,1,2,1,75,5,1,2/9,0,2,8,2,202000017849B01,14,2,1
202000017857,2020-10-09,2020,octobre,vendredi,10:05,57,57209,"49,0337320","6,5962280",1,6,3,1,2,3,2,2,1,1,, -1,2,5,1,3,1,53,5,1,4,0,2,5,1,202000017857B01,7,9,1
202000017866,2020-10-09,2020,octobre,vendredi,17:25,59,59012,"49,9939561","4,1246194",2,3,1,1,1,3,2,2,1,3,, -1,1,0,1,3,1,13,5,2,,0,2,1,26,202000017866B01,10,1,1
202000017925,2020-12-22,2020,décembre,mardi,19:35,94,94080,"48,8480000","2,4403600",2,1,3,5,2,3,2,2,1,1,, -1,2,0,1,4,2,32,0,2,,1,0,1,1,202000017925B01,7,24,1
202000017955,2020-12-23,2020,décembre,mercredi,11:15,31,31225,"43,2016450","1,1739760",1,3,3,1,1,3,2,2,1,1,, -1,1,0,1,3,1,74,5,2,,0,2,1,15,202000017955B01,7,1,1
202000017964,2020-12-21,2020,décembre,lundi,09:00,973,97307,"4,8957040"," -52,3296400",1,1,5,1,1,2,3,4,1,1,, -1,1,0,2,4,1,35,1,1,2,0,2,6,1,202000017964A01,7,12/21,2
202000018073,2020-12-19,2020,décembre,samedi,11:55,05,05061,"44,5549600","6,0746100",2,3,3,1,2,2,2,1,1,1,, -1,2,0,1,4,1,32,5,1,2,0,2,1,19,202000018073B01,7,9,1
202000018083,2020-12-21,2020,décembre,lundi,08:50,75,75111,"48,8575350","2,3869470",2,2,3,1,3,4,2,2,1,1,, -1,2, -1,5,4,1,44,1,1,2,0,2,1,1,202000018083A01,7,1,1
202000018101,2020-11-16,2020,novembre,lundi,19:00,65,65044,"43,2723700","0,2388600",2,1,1,5,1,3,2,2,1,1,, -1,1,0,1,3,1,77,5,1,2,0,2,1,1,202000018101B01,7,1,1
202000018180,2020-11-16,2020,novembre,lundi,06:52,49,49101,"47,6485060"," -0,0724410",1,1,3,3,1,3,2,2,1,1,, -1,1,0,1,4,1,40,5,2,,0,0,8,2,202000018180B01,17,13,1