Num_Acc,date,an,mois,jour,hrmn,dep,com,lat,long,agg,int,col,lum,atm,catr,circ,nbv,prof,plan,lartpc,larrout,surf,infra,situ,grav,sexe,age,trajet,secuexist,equipement,obs,obsm,choc,manv,vehiculeid,typevehicules,manoeuvehicules,numVehicules
202000018184,2020-11-15,2020,novembre,dimanche,13:30,976,97608," -12,7858290","45,2792720",2,1, -1,1,1,3,2,2,1,1,, -1,1,0,4,3,1,13,5,2,,3,0,0,2,202000018184B01,7,2,1
202000018193,2020-11-14,2020,novembre,samedi,14:30,68,68370,"47,9822680","6,9579210",1,1,7,1,1,3,2,2,2,2,, -1,1,0,1,3,1,53,5,2,,0,0,9,1,202000018193A01,,,
202000018195,2020-11-16,2020,novembre,lundi,07:42,38,38565,"45,3027300","5,6263700",2,1,3,1,1,3,3,4,1,1,, -1,1,0,1,3,1,51,1,1,2/4/9,0,0,7,19,202000018195B01,7,1,1
202000018196,2020-11-15,2020,novembre,dimanche,12:30,64,64430,"43,4721380"," -0,8091850",2,1,2,1,1,4,2,2,2,1,, -1,1,0,3,3,1,53,5,1,2,0,2,1,1,202000018196B01,10,4,1
202000018240,2020-11-14,2020,novembre,samedi,19:00,75,75105,"48,8414960","2,3553170",2,1,3,5,1,4,2,2,1,1,, -1,1,0,1,1,1,19,9,2,,0,2,8,1,202000018240B01,30,13,1
202000018242,2020-11-13,2020,novembre,vendredi,07:20,75,75115,"48,8510870","2,2857070",2,1,1,5,1,9,2,0,1,1,, -1,1,6,8,4,1,49,1,1,2,0,2,0,1,202000018242A01,50,13,1
202000018287,2020-05-03,2020,mai,dimanche,19:15,13,13038,"43,7257550","4,7043070",2,1,1,1,1,4,2,2,1,1,, -1,1,0,1,3,1,29,5,2,,0,1,6,1,202000018287B01,7,1,1
202000018287,2020-05-03,2020,mai,dimanche,19:15,13,13038,"43,7257550","4,7043070",2,1,1,1,1,4,2,2,1,1,, -1,1,0,1,4,1,3,5,2,,0,1,6,1,202000018287B01,7,1,1
202000018379,2020-04-30,2020,avril,jeudi,12:20,75,75119,"48,9008490","2,3889510",2,7,3,1,1,4,1,2,1,1,, -1,1,0,1,4,1,30,4,1,2/6,0,2,8,19,202000018379B01,7,1,1
202000018380,2020-04-29,2020,avril,mercredi,15:45,75,75113,"48,8283050","2,3726080",2,1,3,1,2,4,2,3,2,1,, -1,2,0,1,4,1,38,3,2,,0,2,1,1,202000018380A01,7,10,1
202000018415,2020-04-30,2020,avril,jeudi,06:30,988,98818," -22,2420200","166,4574400",2,4,3,1,1,4,2,2,3,1,, -1,1,5,1,4,1,42,1,1,2,0,2,5,1,202000018415B01,7,15,1
202000018419,2020-04-29,2020,avril,mercredi,09:00,81,81004,"43,9240868","2,1892512",2,6,3,1,1,4,2,2,1,1,, -1,1,0,1,3,1,69,3,2,,0,2,1,26,202000018419B01,10,26,1
202000018452,2020-04-30,2020,avril,jeudi,12:50,60,60139,"49,1690073","2,2446866",2,2,1,1,1,3,2,2,1,1,, -1,1,0,1,4,1,61,3,2,,0,2,1,0,202000018452B01,7,15,1
202000018459,2020-01-12,2020,janvier,dimanche,09:00,95,95509,"49,0685670","2,4852960",1,1,3,1,7,3,2,2,1,1,, -1,1,0,1,3,1,61,5,1,2,0,2,8,1,202000018459B01,7,1,1
202000018576,2020-01-21,2020,janvier,mardi,22:35,75,75117,"48,8815630","2,3007080",2,2,3,5,1,4,2,4,1,1,,12,1,0,1,4,1,30,5,1,2,0,2,8,19,202000018576A01,43,1,1
202000018579,2020-01-22,2020,janvier,mercredi,18:05,75,75113,"48,8296885","2,3494247",2,3,6,5,1,4,3,2,2,1,, -1,1, -1,5,1,1,30,1,1,2,0,1,1,1,202000018579A01,,,
202000018583,2020-01-22,2020,janvier,mercredi,10:30,75,75111,"48,8652864","2,3745435",2,5,7,1,1,4,2,3,1,1,,9,1,0,1,4,1,28,4,1,2,0,0,2,21,202000018583A01,,,
202000018586,2020-01-22,2020,janvier,mercredi,09:30,75,75107,"48,8626609","2,3190755",2,3,1,1,1,4,2,6,1,1,,18,1, -1,5,1,1,32,1,1,2,0,2,0,17,202000018586A01,50,1,1
202000018587,2020-01-22,2020,janvier,mercredi,14:20,75,75103,"48,8609702","2,3578944",2,1,7,1,1,4,1,1,1,1,, -1,1,0,1,4,2,34,5,1,2,0,0,8,1,202000018587A01,,,
202000018588,2020-01-21,2020,janvier,mardi,18:15,75,75101,"48,8660294","2,3250475",2,3,4,5,1,4,2,1,1,1,,3,1, -1,6,4,1,52,1,1,2,0,2,8,7,202000018588B01,32/ 7,2,2
202000018615,2020-01-22,2020,janvier,mercredi,17:50,29,29106,"48,0861820"," -4,0647750",2,1,6,5,1,4,2,2,2,1,, -1,1,0,8,3,1,51,0,2,,13,0,9,1,202000018615A01,,,
202000018678,2020-07-12,2020,juillet,dimanche,05:50,78,78048,"48,8056700","1,6759450",2,1,7,1,1,4,2,2,2,1,, -1,1,0,1,3,2,30,5,2,,0,0,9,0,202000018678A01,,,
202000018685,2020-07-13,2020,juillet,lundi,15:45,85,85226,"46,7232100"," -1,9485520",2,1,3,1,7,4,2,2,1,1,, -1,1,6,8,4,1,49,5,2,,0,2,8,19,202000018685B01,31,1,1
202000018739,2020-07-11,2020,juillet,samedi,00:02,75,75103,"48,8624720","2,3668890",2,2, -1,5,1,4,2,4,1,1,, -1,1, -1,6,3,1,18,9,1,2,0,2,4,12,202000018739A01,31,18,1
202000018741,2020-07-12,2020,juillet,dimanche,14:00,75,75119,"48,8954520","2,3942900",2,1,1,1,1,4,2,2,1,1,, -1,1,0,1,1,1,21,5,1,2,0,2,1,14,202000018741A01,1,1,1
202000018741,2020-07-12,2020,juillet,dimanche,14:00,75,75119,"48,8954520","2,3942900",2,1,1,1,1,4,2,2,1,1,, -1,1,0,1,4,2,31,9,1,2,0,2,0,1,202000018741B01,1,14,1
202000018743,2020-07-12,2020,juillet,dimanche,09:30,75,75119,"48,8988520","2,3798490",2,2,1,1,1,4,1,4,1,1,, -1,1, -1,5,1,1,41,9,1,2,0,2,1,1,202000018743B01,50,5,1
202000018745,2020-07-12,2020,juillet,dimanche,01:55,75,75113,"48,8352440","2,3529370",2,1,3,5,1,4,2,4,2,1,, -1,1,0,1,4,1,18,5,1,2,0,2,8,9,202000018745B01,43,1,1
202000018750,2020-07-12,2020,juillet,dimanche,13:15,75,75107,"48,8468460","2,3166980",2,2,3,1,1,4,2,4,1,3,, -1,1, -1,5,4,1,29,9,1,2,0,2,1,1,202000018750A01,50,15,1
202000018775,2020-07-12,2020,juillet,dimanche,11:20,83,83031,"43,3796320","6,3619210",1,1,3,1,1,3,2,2,1,1,, -1,1,0,1,3,1,59,5,1,2/4,0,2,3,21,202000018775B01,7,17,1
202000018791,2020-07-12,2020,juillet,dimanche,19:25,29,29225,"47,9383950"," -4,3998370",1,1,6,1,1,3,2,2,1,1,, -1,1, -1,1,3,1,61,5,1,2,0,1,7,1,202000018791A01,,,
202000018794,2020-07-13,2020,juillet,lundi,11:37,64,64504,"43,3246170"," -1,6008320",1,1,6,1,1,3,2,2,1,1,, -1,1,0,1,1,1,60,0,1,2,0,1,1,1,202000018794A01,,,
202000018796,2020-07-12,2020,juillet,dimanche,08:30,18,18231,"46,7312790","2,6244130",1,1,5,1,7,3,2,2,1,1,, -1,1,0,1,4,1,81,5,1,2,0,2,0,2,202000018796C01,7,2,1
202000018796,2020-07-12,2020,juillet,dimanche,08:30,18,18231,"46,7312790","2,6244130",1,1,5,1,7,3,2,2,1,1,, -1,1,0,1,2,1,81,5,1,2,0,2,4,2,202000018796B01,7,2,1
202000018798,2020-07-12,2020,juillet,dimanche,17:30,53,53136,"47,8650110"," -0,7305910",1,1,3,1,1,4,2,2,1,1,, -1,1,0,1,2,1,60,5,2,,0,2,0,1,202000018798A01,21,1,1
202000018802,2020-07-13,2020,juillet,lundi,15:15,04,04159,"44,0580142","5,6210729",1,1,1,1,1,3, -1,2,2,2,, -1,1,0,1,3,1,40,5,1,2,0,2,1,1,202000018802B01,7,13,1
202000018822,2020-07-12,2020,juillet,dimanche,14:20,05,05079,"45,0605480","6,4112090",1,1,7,1,1,3,2,2,4,4,, -1,1,0,8,4,1,30,5,2,,0,0,1,0,202000018822A01,,,
202000018829,2020-07-13,2020,juillet,lundi,01:25,56,56069,"47,6408080"," -3,4365430",1,1,6,3,1,4,2,2,2,1,, -1,1,0,1,4,1,33,5,2,,0,1,1,1,202000018829A01,,,
202000018855,2020-02-04,2020,février,mardi,16:00,95,95313,"49,1108160","2,2121660",2,9,7,1,1,4, -1,2,1,1,, -1,1,0,1,4,1,74,5,1,2,0,0,1,26,202000018855A01,,,
202000018858,2020-02-24,2020,février,lundi,14:40,42,42085,"45,4178230","4,5635530",1,1,7,1,9,3,2,2,2,2,,4,2,0,1,3,1,44,5,1,2,0,0,0,1,202000018858A01,,,
202000018859,2020-02-22,2020,février,samedi,10:45,51,51079,"49,0782370","4,1537230",2,1,7,1,1,3,2,2,1,1,, -1,1,0,1,3,1,46,5,1,2,0,9,1,2,202000018859A01,,,
202000018909,2020-02-22,2020,février,samedi,20:05,91,91161,"48,7153200","2,2982200",2,9,6,5,1,2,2,5,1,1,, -1,1,0,1,3,1,25,1,2,,0,2,0,19,202000018909Y01,,,
202000018950,2020-02-22,2020,février,samedi,17:45,75,75106,"48,8513880","2,3431670",2,2,6,1,1,4,2,4,2,1,,12,1,0,1,1,2,29,9,2,,0,1,8,16,202000018950A01,,,
202000018951,2020-02-22,2020,février,samedi,17:40,75,75120,"48,8776830","2,4082650",2,7, -1,5,1,4,2,6,1,1,,18,1,0,1,4,2,32,5,1,2,0,2,8,1,202000018951A01,7,16,1
202000018952,2020-02-22,2020,février,samedi,01:15,75,75119,"48,8728530","2,3798520",2,2,6,5,1,4,2,2,2,1,,5,1,0,1,4,1,44,9,2,,1,0,1,1,202000018952A01,,,
202000018982,2020-02-22,2020,février,samedi,15:00,71,71377,"46,5552596","4,8288903",1,1,6,1,1,3,2,2,2,2,, -1,1,0,1,3,1,71,5,1,2,0,0,1,1,202000018982A01,,,
202000018992,2020-02-22,2020,février,samedi,18:50,02,02650,"50,0182901","3,9650361",1,1,3,3,1,3,2,2,1,1,,"5,5",1,0,1,4,1,22,5,1,9,0,2,3,1,202000018992B01,0,0,1
202000019039,2020-02-20,2020,février,jeudi,13:40,66,66136,"42,6881492","2,9091807",2,1, -1,1,1,4,1,2,1,1,, -1,1,0,1,4,1,18,9,1,2,0,2,2,1,202000019039B01,7,1,1
202000019045,2020-02-21,2020,février,vendredi,12:55,63,63113,"45,7848744","3,0996595",2,1, -1,1,1,4,1,1,1,2,, -1,1,9,8,1,1,51,0,1,2,0,2,1,1,202000019045A01,2,1,1
202000019121,2020-09-09,2020,septembre,mercredi,19:30,75,75115,"48,8297370","2,2956470",2,5,3,2,1,4,1,2,1,1,, -1,1,0,1,4,2,27,5,1,2,0,2,8,19,202000019121B01,7,1,1
202000019128,2020-09-10,2020,septembre,jeudi,16:15,75,75111,"48,8626720","2,3698740",2,1,6,1,1,4,1,2,2,1,, -1,1, -1,5,1,1,32,9,2,,0,1,1,1,202000019128A01,,,
202000019132,2020-09-10,2020,septembre,jeudi,23:40,75,75101,"48,8593390","2,3456800",2,3,1,5,1,4,2,3,1,1,, -1,1, -1,5,4,1,27,5,2,,0,2,1,5,202000019132A01,1,1,1
202000019132,2020-09-10,2020,septembre,jeudi,23:40,75,75101,"48,8593390","2,3456800",2,3,1,5,1,4,2,3,1,1,, -1,1, -1,5,4,2,27,5,2,,0,2,1,1,202000019132B01,1,5,1
202000019163,2020-08-13,2020,août,jeudi,08:30,2A,2A308,"41,6830358","9,0408018",1,1,3,1,1,3,2,2,2,3,, -1,1,0,1,3,1,19,5,1,2,0,2,3,13,202000019163B01,14,1,1
202000019165,2020-09-09,2020,septembre,mercredi,16:20,68,68162,"48,1290130","7,3142709",1,3,1,1,1,3,2,2,1,1,, -1,1,0,8,4,1,44,5,1,2/9,0,0,1,1,202000019165B01,17,15,1
202000019166,2020-09-10,2020,septembre,jeudi,18:00,67,67173,"48,6273070","7,6843200",1,1,4,1,1,3,4,2,2,1,, -1,1,9,5,3,1,54,5,1,2/9,0,2,4,1,202000019166B01,7,1/14,2
202000019175,2020-09-04,2020,septembre,vendredi,17:50,74,74051,"46,0232060","6,0359360",1,1,7,1,1,3,2,2,1,1,, -1,1,0,8,2,1,52,5,1,2,0,0,0,13,202000019175A01,,,
202000019182,2020-09-10,2020,septembre,jeudi,18:10,81,81064,"43,9572790","1,8581590",1,1,2,2,1,3,2,2,3,1,, -1,1,0,1,3,1,56,5,1,2,0,2,4,1,202000019182B01,10,1,1
202000019188,2020-09-11,2020,septembre,vendredi,14:20,42,42011,"45,8176603","4,1851057",2,2,3,1,1,3,2,2,1,1,, -1,1,5,1,3,1,31,5,2,,0,2,8,15,202000019188B01,10,1,1
202000019194,2020-09-11,2020,septembre,vendredi,21:45,31,31232,"43,7703110","1,2837160",2,1,2,3,1,3,2,2,1,1,, -1,1,0,1,4,1,18,5,2,,0,0,4,2,202000019194A01,10,2,1
202000019200,2020-09-10,2020,septembre,jeudi,11:30,31,31112,"43,0420060","0,9915320",1,1,2,1,1,3,2,2,1,1,, -1,1,0,1,4,1,44,5,1,2,1,0,1,1,202000019200A01,7,24,1
202000019201,2020-09-11,2020,septembre,vendredi,11:30,64,64436,"43,2330100"," -1,2987710",2,1,3,1,1,3,2,2,1,1,, -1,1,0,1,3,1,61,5,1,2,0,2,8,1,202000019201B01,7,1,1
202000019204,2020-09-11,2020,septembre,vendredi,12:00,73,73151,"45,4956275","5,9903439",2,2,2,1,1,4,2,2,1,1,, -1,1,0,1,4,1,42,5,1,2,0,2,1,1,202000019204B01,10,4,1
202000019228,2020-09-10,2020,septembre,jeudi,17:05,03,03286,"46,4874818","3,3454280",1,1,7,1,1,3,2,2,1,1,, -1,1,0,1,3,1,76,5,1,2/6,0,0,8,14,202000019228A01,,,
202000019231,2020-09-11,2020,septembre,vendredi,16:30,38,38170,"45,2485310","5,6665740",2,1,1,1,1,3,3,1,1,1,, -1,1,0,5,4,1,16,5,1,2,1,0,1,1,202000019231A01,7,23,1
202000019294,2020-06-11,2020,juin,jeudi,17:00,75,75120,"48,8737850","2,3883180",2,3,3,1,1,4,2,2,2,1,, -1,2,0,1,4,1,84,5,1,2,0,2,8,1,202000019294A01,7,15,1
202000019298,2020-06-10,2020,juin,mercredi,21:45,75,75110,"48,8692740","2,3665730",2,1,3,2,1,4,1,2,1,1,, -1,1, -1,5,4,1,61,5,1,2,0,2,6,1,202000019298A01,7,14,1
202000019299,2020-06-11,2020,juin,jeudi,20:05,75,75108,"48,8796540","2,3270120",2,2,3,1,1,4,1,2,2,1,, -1,1, -1,6,4,1,27,1,1,2,0,2,7,7,202000019299B01,80,16,1
202000019342,2020-05-24,2020,mai,dimanche,10:15,91,91338,"48,6616740","2,0926390",1,2,3,1,1,3,2,2,1,1,, -1,1,5,1,3,2,52,5,1,2,0,2,8,19,202000019342B01,7,1,1
202000019369,2020-06-11,2020,juin,jeudi,08:05,988,98818," -22,2420200","166,4573000",2,3,3,1,1,4,2,2,1,1,, -1,1,5,1,3,1,50,1,2,,0,2,1,1,202000019369B01,10,16,1
202000019442,2020-08-11,2020,août,mardi,15:45,62,62297,"50,8108200","2,1385680",2,1,3,1,1,4,2,2,1,1,, -1,1,0,1,3,1,15,5,2,,0,2,1,19,202000019442A01,7,1,1
202000019447,2020-08-12,2020,août,mercredi,08:40,76,76618,"49,9403600","1,1423420",2,1,3,1,1,3,2,2,1,1,, -1,1,0,1,4,1,70,5,1,2,0,2,1,1,202000019447B01,7,19,1
202000019449,2020-08-12,2020,août,mercredi,15:30,68,68307,"47,8160510","6,8659510",1,1,1,1,1,3,2,2,2,4,, -1,1,0,1,3,1,59,5,1,2,0,2,1,1,202000019449B01,14,1,1
202000019452,2020-08-12,2020,août,mercredi,09:40,29,29272,"47,9596977"," -3,9493138",1,3,3,1,1,4,2,2,1,1,, -1,1,0,1,3,1,77,5,1,2,0,2,1,1,202000019452B01,7,19,1
202000019472,2020-08-06,2020,août,jeudi,08:50,27,27129,"49,0787010","0,5600450",1,1,5,1,1,3,2,2,1,1,, -1,1,0,1,3,1,31,5,1,2,0,2,6,2,202000019472D01,7,2,1
202000019472,2020-08-06,2020,août,jeudi,08:50,27,27129,"49,0787010","0,5600450",1,1,5,1,1,3,2,2,1,1,, -1,1,0,1,4,1,29,5,1,2,0,2,6,2,202000019472C01,7,2,1
202000019472,2020-08-06,2020,août,jeudi,08:50,27,27129,"49,0787010","0,5600450",1,1,5,1,1,3,2,2,1,1,, -1,1,0,1,1,1,34,5,1,2,0,0,0,2,202000019472B01,7,2,1
202000019521,2020-08-11,2020,août,mardi,19:36,71,71090,"46,2084181","4,7714515",2,1,6,1,1,3,2,2,1,1,, -1,1,0,4,4,1,25,5,2,,12,0,1,1,202000019521A01,,,
202000019581,2020-10-07,2020,octobre,mercredi,13:00,75,75120,"48,8705650","2,3882410",2,4,2,1,1,4,1,1,2,2,, -1,1,0,1,4,2,36,9,2,,0,2,1,1,202000019581B01,7,4,1
202000019584,2020-10-07,2020,octobre,mercredi,21:30,75,75116,"48,8496840","2,2760040",2,3,3,5,1,4,2,4,1,1,, -1,1,0,1,4,1,18,9,2,,0,2,8,15,202000019584B01,30,1,1
202000019590,2020-10-07,2020,octobre,mercredi,07:27,75,75113,"48,8210500","2,3506290",2,3,1,5,2,4,2,4,1,3,, -1,2,0,1,4,1,26,9,2,,0,2,1,1,202000019590B01,7,15,1
202000019593,2020-10-07,2020,octobre,mercredi,07:35,75,75112,"48,8240790","2,4208970",2,1,4,2,2,4,2,2,1,1,, -1,2,0,1,4,1,48,1,1,2/4,0,2,2,17,202000019593A01,7,23/20,2
202000019597,2020-10-07,2020,octobre,mercredi,16:50,75,75110,"48,8837690","2,3516930",2,1,7,1,1,4,1,2,1,1,, -1,1, -1,5,4,1,39,1,2,,0,0,0,21,202000019597B01,,,
202000019599,2020-10-07,2020,octobre,mercredi,18:20,75,75109,"48,8721950","2,3467190",2,3,6,1,1,4,1,0,1,1,, -1,1, -1,5,4,2,40,9,2,,0,1,1,1,202000019599A01,,,
202000019607,2020-10-07,2020,octobre,mercredi,13:10,75,75101,"48,8631280","2,3234630",2,1,7,1,1,4,2,3,1,1,, -1,1, -1,5,4,2,37,1,1,2,0,0,1,21,202000019607A01,,,
202000019728,2020-08-06,2020,août,jeudi,18:45,19,19057,"45,0575160","1,6638330",1,1,7,1,1,3,2,2,4,2,, -1,1,0,1,3,1,71,5,2,,0,0,0,1,202000019728A01,,,
202000019729,2020-08-11,2020,août,mardi,11:35,74,74011,"45,9222650","6,1758800",2,1,5,1,1,3,2,2,1,1,, -1,1,0,5,4,2,68,5,1,2,0,2,1,1,202000019729B01,7,16,1
202000019729,2020-08-11,2020,août,mardi,11:35,74,74011,"45,9222650","6,1758800",2,1,5,1,1,3,2,2,1,1,, -1,1,0,5,4,1,71,5,1,2,0,2,1,1,202000019729C01,7,16,1
202000019729,2020-08-11,2020,août,mardi,11:35,74,74011,"45,9222650","6,1758800",2,1,5,1,1,3,2,2,1,1,, -1,1,0,5,4,1,61,5,1,2,0,2,1,1,202000019729D01,7,16,1
202000019738,2020-08-10,2020,août,lundi,10:00,15,15026,"45,0132620","2,7802280",1,1,7,1,1,3,2,2,2,4,, -1,1,0,1,3,1,52,5,1,2,0,0,0,2,202000019738A01,,,
202000019749,2020-09-11,2020,septembre,vendredi,18:15,29,29247,"47,9486650"," -3,9971630",1,1,3,1,1,4,2,2,1,1,, -1,1,0,1,3,1,13,5,1,2/9,0,2,8,15,202000019749B01,2,17,1
202000019832,2020-12-17,2020,décembre,jeudi,16:40,65,65272,"43,2004680","0,1958760",1,1,3,1,1,3,2,2,1,1,, -1,1,9,1,4,1,77,5,1,2,0,0,0,1,202000019832B01,7,17,1
202000019856,2020-12-22,2020,décembre,mardi,14:15,40,40228,"43,6291400"," -0,8207880",1,3,1,1,1,3,2,2,1,3,, -1,1,0,1,2,1,60,5,1,2,0,2,1,1,202000019856B01,7,15,1
202000019891,2020-12-19,2020,décembre,samedi,10:40,971,97120,"16,2360300"," -61,5338400",2,9,2,1,1,4,1,1,1,1,, -1,1,0,4,4,1,14,0,1,2,0,2,0,0,202000019891B01,7,4,1
202000019929,2020-12-17,2020,décembre,jeudi,15:53,29,29232,"47,9777258"," -4,1234325",2,3,3,1,1,3,2,2,2,1,, -1,1, -1,5,3,1,45,0,2,,0,2,3,2,202000019929B01,7,15,1
202000019954,2020-12-20,2020,décembre,dimanche,08:50,75,75112,"48,8450900","2,4048310",2,1,6,1,1,4,2,2,1,1,, -1,1, -1,5,1,1,48,5,1,2,0,1,1,1,202000019954A01,,,
202000019957,2020-12-19,2020,décembre,samedi,17:15,94,94033,"48,8443500","2,4507000",2,9,1,5,1,4,1,1,1,1,, -1,1,0,1,4,1,9,5,2,,0,2,8,19,202000019957B01,7,1,1
202000019991,2020-12-20,2020,décembre,dimanche,15:20,59,59432,"50,1468480","3,2549670",2,1,1,1,1,4,2,2,1,1,, -1,1,0,1,3,1,21,5,2,,0,0,1,1,202000019991A01,2,1,1
202000020065,2020-11-13,2020,novembre,vendredi,15:40,75,75118,"48,8936620","2,3479490",2,4,3,1,1,4,2,4,1,1,, -1,1,0,1,4,1,21,9,1,2,0,2,3,19,202000020065A01,7,1,1
202000020066,2020-11-13,2020,novembre,vendredi,14:50,75,75118,"48,8972340","2,3526840",2,1,3,1,1,4,2,2,1,1,, -1,1,0,1,4,1,38,3,1,2,0,2,7,1,202000020066B01,7,22,1
202000020068,2020-11-13,2020,novembre,vendredi,15:00,75,75117,"48,8952970","2,3163800",2,3,3,1,1,4,3,2,1,1,, -1,1, -1,5,4,1,33,3,1,2,0,2,3,1,202000020068A01,10,16,1
202000020070,2020-11-13,2020,novembre,vendredi,09:00,75,75116,"48,8735730","2,2879710",2,3,3,1,8,4,3,1,1,1,, -1,1,0,1,4,2,27,9,1,2,0,2,7,12,202000020070B01,33,1,1
202000020071,2020-11-13,2020,novembre,vendredi,07:30,75,75116,"48,8627510","2,2670840",2,7,7,2,1,4,1,4,1,1,, -1,1,0,1,4,1,36,1,1,2,0,0,0,1,202000020071A01,,,
202000020072,2020-11-12,2020,novembre,jeudi,15:10,75,75116,"48,8770830","2,2834640",2,4,3,1,1,4,2,2,1,1,, -1,1,0,1,4,1,41,9,1,2,0,2,1,19,202000020072B01,7,16,1
202000020074,2020-11-13,2020,novembre,vendredi,21:00,75,75113,"48,8339710","2,3647430",2,2,3,3,1,4,3,1,2,1,, -1,1, -1,5,4,2,35,9,1,2,0,2,7,5,202000020074A01,7,1,1
202000020092,2020-11-13,2020,novembre,vendredi,07:50,93,93057,"48,9094682","2,5112177",2,2,3,1,1,4,1,1,1,1,, -1,1,0,1,4,1,47,1,2,,0,2,0,0,202000020092B01,10,0,1
202000020110,2020-11-11,2020,novembre,mercredi,14:45,86,86271,"46,7674590","0,2415650",2,2,3,1,1,3,2,2,1,2,, -1,1,0,1,4,1,39,5,2,,0,2,8,5,202000020110A01,10,1,1
202000020120,2020-11-14,2020,novembre,samedi,07:40,37,37159,"47,2775061","0,6377993",2,3,3,2,1,3,2,2,1,1,, -1,1,0,1,3,1,34,9,2,,0,0,1,23,202000020120B01,7,15,1
202000020122,2020-11-10,2020,novembre,mardi,14:00,973,97309,"4,9046410"," -52,2733090",2,3,3,1,1,3,2,2,1,2,, -1,1,0,1,4,2,57,5,2,,0,2,1,11,202000020122B01,7,11,1
202000020123,2020-11-13,2020,novembre,vendredi,19:30,987,98724," -16,7273840"," -151,0112500",1,1,1,3,1,9,2,2,2,1,, -1,1,0,1,4,1,28,0,2,,0,2,1,1,202000020123B01,1,13,1
202000020123,2020-11-13,2020,novembre,vendredi,19:30,987,98724," -16,7273840"," -151,0112500",1,1,1,3,1,9,2,2,2,1,, -1,1,0,1,2,1,64,9,2,,0,2,1,13,202000020123A01,1,1,1
202000020186,2020-11-12,2020,novembre,jeudi,09:02,75,75106,"48,8520930","2,3403100",2,4,3,1,1,4,1,3,1,1,, -1,1, -1,6,4,2,24,4,1,2,0,2,8,7,202000020186A01,7,1,1
202000020189,2020-11-12,2020,novembre,jeudi,10:25,75,75115,"48,8460740","2,2984090",2,1,6,1,1,4,2,2,1,1,, -1,1,0,4,1,1,78,5,1,2,0,1,7,25,202000020189A01,,,
202000020208,2020-04-28,2020,avril,mardi,05:10,26,26252,"44,8885500","4,8636070",2,2,2,5,2,4,2,2,1,1,, -1,2,0,1,3,2,44,0,2,,0,2,0,0,202000020208B01,15,0,1
202000020209,2020-04-24,2020,avril,vendredi,08:25,11,11262,"43,1879747","3,0087633",2,1, -1,1,1,4,2,2,1,1,, -1,1,0,1,3,2,49,9,1,2,0,2,0,19,202000020209B01,7,1,1
202000020213,2020-04-28,2020,avril,mardi,19:10,75,75119,"48,8890200","2,3722260",2,1,1,1,1,4,2,2,1,1,, -1,1,0,1,4,1,43,5,2,,0,2,2,5,202000020213A01,7,1,1
202000020214,2020-04-28,2020,avril,mardi,15:00,75,75119,"48,8785460","2,4001150",2,2,3,1,1,4,1,1,2,1,, -1,1,0,1,4,1,28,9,2,,0,2,6,1,202000020214A01,10,1,1
202000020215,2020-04-27,2020,avril,lundi,09:30,75,75116,"48,8555360","2,2661190",2,3,6,1,1,4,1,1,1,1,, -1,1,0,1,4,1,40,1,1,2,0,1,1,16,202000020215A01,,,
202000020218,2020-04-28,2020,avril,mardi,11:38,75,75109,"48,8770280","2,3389310",2,1,6,1,1,4, -1,2,2,1,, -1,1, -1,5,4,2,49,4,2,,12,0,3,13,202000020218A01,,,
202000020255,2020-04-27,2020,avril,lundi,12:40,2B,2B033,"42,6889200","9,4323700",2,3,3,1,1,3,2,2,2,3,, -1,1,0,1,3,1,49,0,1,2,0,2,0,0,202000020255B01,7,15,1
202000020270,2020-04-27,2020,avril,lundi,13:00,45,45169,"47,9022400","1,8592000",2,1,1,1,1,4,3,4,1,1,, -1,1,0,4,4,1,46,0,2,,0,2,3,25,202000020270B01,7,16,1
202000020347,2020-04-25,2020,avril,samedi,19:00,29,29039,"47,8742600"," -3,9052300",2,2,1,1,1,3,2,2,1,1,, -1,1,5,1,4,1,51,5,1,2,0,2,1,1,202000020347B01,10,11,1
202000020363,2020-04-24,2020,avril,vendredi,17:15,04,04088,"43,9627290","5,7902020",2,1,2,1,3,3,2,2,1,1,, -1,2,0,1,3,1,84,3,1,2,0,2,7,1,202000020363B01,7,4,1
202000020375,2020-04-16,2020,avril,jeudi,18:15,35,35333,"47,9228130"," -1,4361940",1,1,6,1,1,4,2,2,3,1,,5,1,0,1,3,1,34,1,1,2/6,13,0,1,1,202000020375A01,,,
202000020426,2020-01-21,2020,janvier,mardi,08:50,45,45286,"47,8903500","1,9412100",2,3,3,1,1,4,2,2,1,1,, -1,7,0,1,4,1,12,2,1,2,0,2,3,19,202000020426A01,7,1,1
202000020463,2020-01-21,2020,janvier,mardi,10:40,75,75106,"48,8440360","2,3233680",2,7,2,1,1,4,2,6,1,1,, -1,1,0,1,4,1,72,5,1,2,0,2,4,2,202000020463B01,7,2,1