Num_Acc,date,an,mois,jour,hrmn,dep,com,lat,long,agg,int,col,lum,atm,catr,circ,nbv,prof,plan,lartpc,larrout,surf,infra,situ,grav,sexe,age,trajet,secuexist,equipement,obs,obsm,choc,manv,vehiculeid,typevehicules,manoeuvehicules,numVehicules
202000020471,2020-01-21,2020,janvier,mardi,15:15,75,75114,"48,8372487","2,3187624",2,7,3,1,1,4,1,4,1,2,,12,1, -1,5,4,1,24,1,1,2,0,2,5,1,202000020471B01,10,1,1
202000020505,2020-01-21,2020,janvier,mardi,15:50,51,51486,"49,1550016","4,4055134",1,1,2,2,7,3,2,2,1,1,, -1,2,0,1,3,1,27,5,1,2/4/6,0,0,4,1,202000020505B01,7,2,1
202000020515,2020-01-20,2020,janvier,lundi,07:30,35,35040,"48,1336730"," -1,9395640",1,1,2,2,1,3,2,2,1,1,, -1,1,0,1,4,1,61,1,1,4,0,2,4,1,202000020515B01,7,1,1
202000020519,2020-01-21,2020,janvier,mardi,07:45,40,40046,"44,3891650"," -1,1650580",2,2,3,2,1,4,2,2,1,1,, -1,1,0,1,3,1,12,2,2,,0,2,8,19,202000020519B01,7,1,1
202000020528,2020-01-16,2020,janvier,jeudi,12:05,74,74081,"46,0714090","6,5567870",2,6,1,1,1,4,2,2,1,1,, -1,1,0,1,3,1,16,5,2,,0,2,8,26,202000020528B01,7,1,1
202000020539,2020-01-21,2020,janvier,mardi,10:30,38,38382,"45,2387790","5,6676040",2,4,3,1,1,3,1,2,1,1,, -1,1,0,5,3,1,61,0,2,,0,0,1,1,202000020539B01,7,15,1
202000020616,2020-07-10,2020,juillet,vendredi,11:22,75,75105,"48,8494070","2,3567860",2,2,3,1,8,4,2,4,1,1,, -1,1, -1,5,4,1,21,9,1,2,0,2,3,1,202000020616A01,32,1,1
202000020651,2020-07-12,2020,juillet,dimanche,09:30,28,28088,"48,0684620","1,3136230",2,4,1,1,1,3,2,2,2,1,, -1,1,0,1,4,1,69,5,1,2/9,0,2,1,1,202000020651B01,7,15,1
202000020658,2020-07-12,2020,juillet,dimanche,10:01,22,22185,"48,3833620"," -2,4750670",1,1, -1,1,1,3,2,2,2,1,, -1,1,0,3,1,1,48,5,1,2,0,9,0,1,202000020658B01,1,13,1
202000020658,2020-07-12,2020,juillet,dimanche,10:01,22,22185,"48,3833620"," -2,4750670",1,1, -1,1,1,3,2,2,2,1,, -1,1,0,3,4,1,55,5,1,2,0,0,8,13,202000020658A01,1,1,1
202000020660,2020-07-12,2020,juillet,dimanche,11:35,74,74282,"46,0603210","6,2262940",2,2,3,1,1,3,2, -1,1,2,, -1,1,0,1,1,1,48,5,2,,0,2,6,15,202000020660B01,1,1,1
202000020660,2020-07-12,2020,juillet,dimanche,11:35,74,74282,"46,0603210","6,2262940",2,2,3,1,1,3,2, -1,1,2,, -1,1,0,1,3,2,51,5,2,,0,9,1,1,202000020660A01,1,15,1
202000020667,2020-07-11,2020,juillet,samedi,16:45,29,29155,"48,4658549"," -5,0778150",1,1,7,1,1,3,2,2,2,1,, -1,1,0,1,3,1,26,5,2,,0,0,0,1,202000020667A01,,,
202000020673,2020-07-11,2020,juillet,samedi,19:40,90,90009,"47,4848490","6,9246610",2,3,3,1,1,3,2,2,1,1,, -1,1,0,1,3,1,12,5,2,,0,2,1,19,202000020673B01,7,1,1
202000020680,2020-07-12,2020,juillet,dimanche,10:00,17,17337,"45,9845210"," -1,3738890",2,2,3,1,1,4,2,2,1,1,,4,1,9,1,3,1,53,4,1,2/6,0,2,1,1,202000020680B01,7,1,1
202000020681,2020-07-11,2020,juillet,samedi,11:30,30,30339,"44,0804340","3,6412880",2,1,1,1,1,3,2,2,1,1,, -1,1,0,1,3,1,54,5,1,2,0,2,1,1,202000020681B01,7,15,1
202000020683,2020-07-07,2020,juillet,mardi,12:30,35,35275,"48,1483360"," -1,8300710",2,3,1,1,1,3,2,2,1,3,, -1,1,0,1,3,1,61,5,1,2,0,2,1,1,202000020683B01,7,15,1
202000020689,2020-07-12,2020,juillet,dimanche,11:45,77,77104,"48,7029131","2,8117179",1,1, -1,1,7,3,2,2,1,1,, -1,1,0,1,3,1,68,5,2,,0,2,8,1,202000020689B01,7,1,1
202000020838,2020-02-21,2020,février,vendredi,07:35,75,75119,"48,8880790","2,3673570",2,1, -1,1,1,4,3,2,1,1,,4,1, -1,5,4,1,48,1,1,4,0,2,2,1,202000020838A01,7,16,1
202000020839,2020-02-21,2020,février,vendredi,01:19,75,75118,"48,8968450","2,3453090",2,1,3,5,1,4,2,2,1,1,, -1,1, -1,6,4,1,33,5,2,,16,2,6,13,202000020839A01,37,11,1
202000020840,2020-02-20,2020,février,jeudi,22:35,75,75116,"48,8535590","2,2822240",2,1,3,5,8,4,3,4,1,1,,12,2,0,1,1,1,24,1,2,,0,2,8,19,202000020840B01,33,1,1
202000020842,2020-02-20,2020,février,jeudi,10:10,75,75116,"48,8740890","2,2941950",2,7,3,1,1,4,1,8,1,1,,24,1,0,1,4,1,40,1,2,,0,2,5,1,202000020842B01,7,9,1
202000020849,2020-02-21,2020,février,vendredi,17:20,75,75108,"48,8667590","2,3220700",2,7,3,1,1,4,2,4,1,1,,18,1,0,1,4,2,49,9,2,,0,2,2,1,202000020849A01,33,1,1
202000020878,2020-02-22,2020,février,samedi,08:55,972,97232,"14,5425660"," -60,8596870",1,1,5,1,1,3,2,2,1,4,,5,1,0,1,4,1,43,5,2,,0,1,8,1,202000020878C01,33/ 7,13/1,2
202000020888,2020-02-19,2020,février,mercredi,11:05,56,56034,"47,5795080"," -3,0815150",2,6,3,1,1,4,2,2,1,1,, -1,2,5,1,3,2,60,5,2,,0,2,5,1,202000020888B01,7,9,1
202000020921,2020-02-22,2020,février,samedi,13:10,14,14530,"49,2159640"," -0,2770940",1,6,7,1,6,3,2,2,1,1,, -1,1,0,1,4,1,32,5,1,2,0,0,0,0,202000020921A01,,,
202000020961,2020-02-19,2020,février,mercredi,11:35,85,85194,"46,4995900"," -1,7564300",2,6,3,1,2,4,1,2,1,2,, -1,2,5,5,4,2,41,5,1,2,0,2,7,1,202000020961B01,7,9,1
202000021034,2020-09-09,2020,septembre,mercredi,10:15,59,59350,"50,6206351","3,0343961",2,2, -1,1,1,7,3,3,1,1,, -1,1,6,1,4,1,12, -1,2,,0,2,8,1,202000021034Y01,7,26,1
202000021084,2020-09-09,2020,septembre,mercredi,09:30,75,75115,"48,8344150","2,2899420",2,4,3,1,1,4,2,2,2,1,, -1,1,0,1,4,2,27,9,1,2,0,2,1,1,202000021084B01,7,16,1
202000021085,2020-09-08,2020,septembre,mardi,18:35,75,75115,"48,8406080","2,3049920",2,3,3,1,1,4,1,3,1,1,, -1,1,0,1,4,1,57,9,1,2,0,2,8,16,202000021085B01,7,1,1
202000021086,2020-09-09,2020,septembre,mercredi,17:25,75,75114,"48,8239710","2,3257030",2,3,6,1,1,4,2,5,1,1,, -1,1, -1,5,1,1,16,9,2,,0,1,1,1,202000021086A01,,,
202000021091,2020-09-08,2020,septembre,mardi,13:45,75,75112,"48,8436490","2,3966950",2,1,2,1,1,4,2,2,1,1,, -1,1,0,1,4,1,20,1,1,2,0,2,1,2,202000021091A01,30,23,1
202000021093,2020-09-09,2020,septembre,mercredi,17:45,75,75111,"48,8664750","2,3682030",2,2,3,1,1,4,1,1,1,1,, -1,1, -1,5,4,1,17,2,2,,0,2,1,18,202000021093A01,50,16,1
202000021097,2020-09-09,2020,septembre,mercredi,22:10,75,75102,"48,8656840","2,3522240",2,1,3,5,1,4,2,2,1,1,, -1,1, -1,5,4,1,50,9,1,2,0,2,1,1,202000021097B01,60,19,1
202000021112,2020-09-09,2020,septembre,mercredi,16:00,93,93048,"48,8590974","2,4379793",2,1,2,1,1,3, -1,2,1,1,, -1,1,0,1,4,2,8,5,2,,0,9,4,26,202000021112B01,7,26,1
202000021140,2020-09-09,2020,septembre,mercredi,14:00,64,64410,"43,3831870"," -0,6111570",2,6,3,1,1,3,2,2,1,3,, -1,1,5,5,3,1,78,5,1,2,0,0,8,1,202000021140B01,7,16,1
202000021146,2020-09-10,2020,septembre,jeudi,18:50,19,19117,"45,0955239","1,4721304",1,1,1,1,1,3,2,2,2,2,, -1,1,0,1,2,1,25,5,2,,0,2,1,9,202000021146B01,7,1,1
202000021151,2020-09-10,2020,septembre,jeudi,17:00,65,65171,"42,8210760","0,4172550",1,2,3,1,1,3,2,2,2,1,, -1,1,0,1,3,1,69,5,1,2,0,2,1,14,202000021151A01,7,23,1
202000021154,2020-09-09,2020,septembre,mercredi,15:50,49,49339,"47,5777960"," -0,5467740",2,3,3,1,1,4,1,1,2,2,, -1,1,0,1,3,1,8,5,2,,0,2,7,19,202000021154A01,7,1,1
202000021159,2020-09-09,2020,septembre,mercredi,17:55,29,29185,"48,6584096"," -4,1683251",2,2,3,1,1,3,2,2,1,2,, -1,1,5,1,3,1,75,5,1,2,0,2,1,1,202000021159B01,7,19,1
202000021172,2020-06-10,2020,juin,mercredi,10:28,75,75119,"48,8851710","2,3793630",2,3,3,1,1,4,1,1,1,1,, -1,1,0,1,4,2,23,5,2,,0,2,7,13,202000021172A01,34,1,1
202000021177,2020-06-10,2020,juin,mercredi,17:45,75,75101,"48,8595310","2,3487850",2,3,6,1,1,4,1,4,1,1,, -1,1, -1,5,4,1,39,9,2,,1,0,1,1,202000021177A01,,,
202000021179,2020-06-09,2020,juin,mardi,15:55,75,75104,"48,8546360","2,3627680",2,3,1,1,1,4,2,4,1,1,, -1,1, -1,5,4,1,61,5,1,2,0,2,1,1,202000021179B01,1,13,1
202000021179,2020-06-09,2020,juin,mardi,15:55,75,75104,"48,8546360","2,3627680",2,3,1,1,1,4,2,4,1,1,, -1,1, -1,5,1,1,18,5,1,2,0,2,1,13,202000021179A01,1,1,1
202000021200,2020-06-10,2020,juin,mercredi,13:35,24,24139,"45,1215630","0,6442830",1,2,3,1,1,3,2,2,1,2,, -1,1,5,1,4,1,64,5,1,2,0,2,2,21,202000021200B01,7,19,1
202000021201,2020-06-11,2020,juin,jeudi,16:10,06,06161,"43,6195940","7,1302720",1,1,3,1,1,3,2,2,1,1,, -1,1,0,1,4,1,22,5,2,,0,2,8,13,202000021201C01,33,1,1
202000021220,2020-06-10,2020,juin,mercredi,18:55,08,08222,"50,0001400","4,6982220",2,2,3,1,1,3,2,2,1,1,, -1,2,0,1,3,1,10,5,2,,0,2,1,1,202000021220B01,10,1,1
202000021288,2020-06-09,2020,juin,mardi,19:25,14,14181,"49,1500400"," -0,3233000",2,1,2,1,1,4,1,1,1,1,, -1,1,5,1,4,1,46,1,2,,0,2,1,1,202000021288A01,10,1,1
202000021299,2020-06-09,2020,juin,mardi,10:21,75,75114,"48,8327500","2,3115200",2,2,3,1,1,4,2,4,1,1,, -1,1, -1,5,3,1,68,4,1,2,0,2,3,1,202000021299A01,14,16,1
202000021305,2020-06-09,2020,juin,mardi,13:50,75,75117,"48,8905550","2,3202580",2,3,7,1,1,4,2,2,1,1,, -1,1, -1,5,4,1,61,1,1,2,0,0,1,1,202000021305A01,,,
202000021307,2020-06-08,2020,juin,lundi,14:00,75,75116,"48,8631480","2,2751420",2,3,6,1,1,4,1,1,1,1,, -1,1,0,1,1,2,44,3,2,,0,1,1,5,202000021307A01,,,
202000021309,2020-06-09,2020,juin,mardi,08:40,75,75115,"48,8453790","2,3020670",2,3,3,1,1,4,2,2,1,1,, -1,1,0,1,4,2,49,1,2,,0,2,2,1,202000021309B01,10,22,1
202000021311,2020-06-08,2020,juin,lundi,19:55,75,75107,"48,8600360","2,3245890",2,2,3,1,1,4,1,1,1,1,, -1,1,0,1,4,2,27,9,1,2,0,2,7,1,202000021311B01,7,1,1
202000021312,2020-06-09,2020,juin,mardi,06:45,75,75113,"48,8234070","2,3750230",2,3,3,1,1,4,2,0,1,1,, -1,1, -1,5,4,1,44,1,2,,0,2,8,1,202000021312B01,7,16,1
202000021354,2020-08-10,2020,août,lundi,10:20,33,33165,"44,8049770"," -0,4413150",1,3,3,1,1,3,2,2,4,1,, -1,1,5,1,3,1,22,0,1,2/6,0,2,1,1,202000021354B01,7,15,1
202000021359,2020-06-09,2020,juin,mardi,22:05,38,38190,"45,8030580","5,2862640",1,1,2,3,2,3,2,2,1,1,, -1,2,0,1,3,1,49,1,2,,0,0,4,1,202000021359B01,7,2,1
202000021372,2020-08-10,2020,août,lundi,23:00,38,38344,"45,4056000","4,8109100",1,1,2,3,8,2,2,2,1,1,, -1,1,0,1,3,1,55,0,1,2/6,0,2,4,2,202000021372B01,7,2,1
202000021466,2020-08-09,2020,août,dimanche,12:10,63,63178,"45,5387670","3,2440570",2,2,3,1,1,3,2,2,1,1,, -1,1,5,5,3,2,40,5,1,2,0,2,1,1,202000021466B01,7,1,1
202000021467,2020-07-13,2020,juillet,lundi,10:00,61,61442,"48,5375720"," -0,3014370",1,1,6,1,1,3,2,2,2,4,, -1,1,0,3,3,1,68,5,1,2,8,0,2,21,202000021467A01,,,
202000021474,2020-08-10,2020,août,lundi,10:05,25,25070,"46,9972170","6,1185690",1,1,6,1,1,4,2,2,2,3,, -1,1,0,1,4,1,47,5,1,2,0,1,1,2,202000021474A01,,,
202000021484,2020-07-25,2020,juillet,samedi,20:05,10,10114,"48,5101510","3,6325850",2,1,3,1,1,4,2,2,1,1,, -1,1,0,3,3,1,11,5,1,2,0,2,6,16,202000021484B01,7,1,1
202000021501,2020-08-10,2020,août,lundi,11:30,68,68001,"48,0027230","7,5512770",1,2,3,1,7,4,2,2,1,1,, -1,1,0,1,3,1,76,5,1,2,0,2,1,1,202000021501A01,7,1,1
202000021522,2020-10-02,2020,octobre,vendredi,16:25,49,49007,"47,4709300"," -0,5647300",2,1,6,1,1,4, -1,0,1,1,, -1,1,0,8,1,1,15,0,2,,0,1,1,1,202000021522A01,,,
202000021577,2020-10-06,2020,octobre,mardi,14:35,75,75112,"48,8415740","2,4048810",2,3,3,1,2,4,2,3,1,1,, -1,2,0,1,4,1,56,1,1,2,0,2,1,1,202000021577B01,10,22,1
202000021624,2020-10-07,2020,octobre,mercredi,13:00,22,22180,"48,4190620"," -2,2174790",1,1,7,1,8,3,2,2,1,1,, -1,1,0,3,4,2,16,1,2,,13,0,2,1,202000021624A01,,,
202000021642,2020-10-06,2020,octobre,mardi,08:45,44,44069,"47,3323770"," -2,4220880",2,1,3,1,1,3,2,1,1,1,, -1,2,0,1,4,1,13,2,2,,0,2,5,19,202000021642B01,7,1,1
202000021658,2020-10-06,2020,octobre,mardi,15:20,35,35210,"48,1490370"," -1,7883410",2,1,1,1,1,4,4,1,1,2,, -1,1,2,1,3,1,76,5,1,2/6,0,2,1,1,202000021658B01,7,1,1
202000021666,2020-09-10,2020,septembre,jeudi,06:00,987,98733," -17,6884280"," -149,5781490",1,9,1,1,1,4,2,2,1,1,, -1,1,0,1,3,1,29,1,2,,0,2,1,1,202000021666B01,31,5,1
202000021669,2020-10-07,2020,octobre,mercredi,16:15,77,77091,"48,7424848","2,8307337",1,4,3,1,1,3,2,2,1,1,, -1,1,0,1,3,1,77,5,1,2,0,2,1,9,202000021669B01,7,1,1
202000021761,2020-11-11,2020,novembre,mercredi,13:15,85,85282,"46,7056120"," -0,9970410",2,1,6,1,1,4,2,2,4,2,, -1,1,0,8,2,1,47,5,2,,6,0,1,1,202000021761A01,,,
202000021776,2020-11-13,2020,novembre,vendredi,10:45,60,60395,"49,2147340","2,1476820",2,6,7,1,2,3,4,1,1,2,, -1,2,0,1,3,1,71,5,2,,0,0,0,1,202000021776A01,,,
202000021814,2020-11-11,2020,novembre,mercredi,10:40,75,75117,"48,8822880","2,2999690",2,1,3,1,1,4,2,2,1,1,, -1,1,0,1,4,1,21,4,2,,0,2,1,1,202000021814B01,7,22,1
202000021818,2020-11-11,2020,novembre,mercredi,11:20,75,75101,"48,8637950","2,3319550",2,7,6,1,1,4,1,3,1,1,, -1,1, -1,5,4,1,49,1,2,,14,0,1,14,202000021818A01,,,
202000021827,2020-11-12,2020,novembre,jeudi,15:00,38,38383,"45,3787060","5,6289110",2,1,6,1,8,4,2,2,2,1,, -1,1,0,1,3,1,74,5,1,2/6,0,1,1,0,202000021827A01,,,
202000021832,2020-11-10,2020,novembre,mardi,15:00,74,74104,"45,7774680","6,2131330",1,2,3,1,1,4,2,2,1,1,, -1,1,5,1,3,1,74,5,1,2,0,2,7,1,202000021832B01,7,19,1
202000021838,2020-11-12,2020,novembre,jeudi,07:55,06,06038,"43,6738700","6,9895690",1,1,3,1,1,3,2,2,2,1,, -1,1,0,1,3,1,14,2,2,,0,2,8,15,202000021838B01,38,2,1
202000021841,2020-11-10,2020,novembre,mardi,08:05,24,24553,"45,2542370","0,4884520",2,6,3,2,5,3,2,2,1,2,, -1,1,0,1,4,1,21,1,2,,0,2,2,1,202000021841B01,7,9,1
202000021893,2020-11-08,2020,novembre,dimanche,13:40,22,22278,"48,5252800"," -2,7363300",2,1,7,1,1,4,1,1,4,2,, -1,1,0,1,3,1,54,5,2,,0,0,0,1,202000021893A01,,,
202000021904,2020-11-10,2020,novembre,mardi,07:15,75,75120,"48,8651130","2,3983320",2,7,3,5,2,4,2,2,1,1,, -1,2,0,1,4,2,31,9,1,2/4,0,2,8,1,202000021904B01,32,16,1
202000021910,2020-11-10,2020,novembre,mardi,09:40,75,75113,"48,8237530","2,3772690",2,1,3,1,8,4,2,0,1,1,, -1,2,0,1,4,1,61,9,2,,0,2,7,1,202000021910A01,10,22,1
202000021911,2020-11-10,2020,novembre,mardi,13:00,75,75110,"48,8757540","2,3563620",2,3,3,1,2,4,1,4,1,1,, -1,2, -1,5,4,1,16,9,2,,0,2,1,1,202000021911B01,10,16,1
202000021913,2020-11-10,2020,novembre,mardi,15:15,75,75101,"48,8666840","2,3255720",2,2,3,1,2,4,1,1,1,1,, -1,2,0,1,4,2,53,9,2,,0,2,5,1,202000021913A01,7,1,1
202000021914,2020-11-10,2020,novembre,mardi,15:55,75,75102,"48,8662400","2,3525360",2,2,5,1,2,4,1,3,1,1,, -1,2, -1,5,4,1,15,9,2,,0,2,0,1,202000021914A01,7,1,2
202000021945,2020-12-20,2020,décembre,dimanche,16:27,17,17355,"45,5306730"," -0,3664760",2,3,1,1,1,4,2,2,2,2,, -1,1,0,1,3,1,75,0,1,2,0,2,1,5,202000021945B01,7,15,1
202000021946,2020-12-16,2020,décembre,mercredi,10:30,30,30133,"43,5347590","4,1464000",1,1,2,1,8,3,3,4,1,1,, -1,1,0,1,3,1,57,5,2,,0,0,4,1,202000021946B01,7,14,1
202000021955,2020-12-18,2020,décembre,vendredi,07:06,77,77273,"49,0513538","2,7319908",1,1,2,3,1,3,2,2,2,1,, -1,2,0,1,2,1,47,0,2,,0,0,4,0,202000021955A01,99,2,1
202000021958,2020-12-19,2020,décembre,samedi,15:30,13,13046,"43,4320810","5,5470550",2,1,2,1,2,4,2,2,2,1,, -1,2,0,1,3,1,51,5,1,2,0,2,1,2,202000021958B01,10,20,1
202000021959,2020-12-19,2020,décembre,samedi,14:55,67,67118,"48,5804860","7,6870390",2,2,3,1,2,7,2, -1,1,1,, -1,2,0,5,3,2,72,5,2,,0,2,1,1,202000021959B01,7,16,1
202000021960,2020-12-19,2020,décembre,samedi,15:55,54,54459,"48,5904613","6,1703467",2,1,3,1,1,3,2,2,1,1,, -1,1,0,1,2,1,71,5,1,2,0,2,0,1,202000021960A01,7,1,1
202000022101,2020-12-18,2020,décembre,vendredi,13:10,75,75105,"48,8447940","2,3394530",2,1,2,1,1,4,2,3,2,1,, -1,1, -1,6,4,2,58,5,2,,0,2,1,18,202000022101B01,7,22,1
202000022102,2020-12-18,2020,décembre,vendredi,09:16,75,75106,"48,8560530","2,3404860",2,2,3,1,1,4,2,3,1,1,, -1,1, -1,5,4,2,47,1,2,,0,2,0,1,202000022102B01,1,1,1
202000022102,2020-12-18,2020,décembre,vendredi,09:16,75,75106,"48,8560530","2,3404860",2,2,3,1,1,4,2,3,1,1,, -1,1, -1,5,1,1,30,1,2,,0,2,0,1,202000022102A01,1,1,1
202000022106,2020-12-18,2020,décembre,vendredi,11:30,75,75116,"48,8360990","2,2634620",2,1,3,1,1,4,1,4,1,1,, -1,1, -1,5,4,2,33,1,1,2,0,2,3,1,202000022106B01,10,16,1
202000022109,2020-12-17,2020,décembre,jeudi,21:00,75,75116,"48,8580930","2,2620920",2,4,3,5,1,4,1,1,1,3,, -1,2, -1,5,4,1,28,1,2,,0,2,1,19,202000022109A01,7,1,1
202000022111,2020-12-18,2020,décembre,vendredi,15:15,75,75113,"48,8188800","2,3595400",2,2,2,1,1,4,2,6,1,1,, -1,1, -1,6,4,2,26,1,1,2,0,2,3,18,202000022111B01,7,22,1
202000022118,2020-12-18,2020,décembre,vendredi,00:50,75,75103,"48,8641690","2,3513720",2,2,7,5,1,4,2,5,1,1,, -1,1, -1,5,4,1,27,5,2,,0,0,1,1,202000022118A01,,,
202000022135,2020-04-23,2020,avril,jeudi,08:30,75,75115,"48,8367550","2,2980580",2,2,3,1,1,4,2,2,1,1,, -1,1,0,1,4,2,31,5,2,,0,2,1,1,202000022135B01,7,22,1
202000022141,2020-04-24,2020,avril,vendredi,18:30,31,31269,"43,4853474","1,2687066",1,1, -1,1,1,3,2,2,1,2,, -1,1,0,1,2,1,51,5,2,,0,0,4,2,202000022141B01,10,2,1
202000022150,2020-04-25,2020,avril,samedi,13:10,12,12253,"44,1677910","2,7650300",1,1,3,1,1,4,2,2,2,3,, -1,1,0,1,4,1,56,5,2,,0,2,3,13,202000022150A01,14,1,1
202000022153,2020-04-25,2020,avril,samedi,16:55,01,01412,"46,1655540","4,9469970",1,3,3,1,1,3,2,2,1,1,, -1,1,0,1,3,1,17,5,2,,0,0,8,15,202000022153B01,33,1,1
202000022216,2020-04-22,2020,avril,mercredi,09:20,75,75105,"48,8494290","2,3544070",2,2,3,1,1,4,1,3,1,1,, -1,1,0,1,4,1,48,5,2,,0,2,1,1,202000022216A01,7,1,1
202000022218,2020-04-22,2020,avril,mercredi,14:25,75,75120,"48,8680280","2,3870290",2,3,7,1,1,4,2,2,2,1,, -1,1,0,1,4,1,7,5,1,2,0,0,0,1,202000022218A01,,,
202000022218,2020-04-22,2020,avril,mercredi,14:25,75,75120,"48,8680280","2,3870290",2,3,7,1,1,4,2,2,2,1,, -1,1,0,1,4,1,40,5,1,2,0,0,0,1,202000022218A01,,,
202000022224,2020-04-22,2020,avril,mercredi,20:00,75,75101,"48,8590930","2,3464330",2,2,3,1,1,4,2,5,1,1,, -1,1, -1,5,4,1,41,9,1,2,0,2,1,1,202000022224B01,30,15,1
202000022274,2020-04-21,2020,avril,mardi,13:15,75,75114,"48,8399780","2,3216820",2,3,3,1,1,4,2,2,1,1,, -1,1,0,1,4,1,27,1,2,,0,2,6,1,202000022274A01,2,15,1
202000022310,2020-04-20,2020,avril,lundi,11:02,66,66136,"42,6947900","2,8890900",2,3,3,1,2,4,2,4,1,1,, -1,1,0,1,4,1,35,9,2,,0,2,1,19,202000022310A01,7,15,1
202000022331,2020-01-20,2020,janvier,lundi,09:00,45,45284,"47,9223100","1,9718700",2,3,7,2,1,4,2,2,1,1,, -1,7,0,1,4,1,60,1,2,,0,0,7,16,202000022331A01,,,
202000022372,2020-01-20,2020,janvier,lundi,19:30,75,75110,"48,8711531","2,3552950",2,1,6,5,1,4,1,4,2,1,, -1,1, -1,5,1,2,35,1,1,2,0,1,1,1,202000022372A01,,,
202000022374,2020-01-20,2020,janvier,lundi,18:40,75,75109,"48,8750980","2,3409640",2,5,6,5,1,4,1,3,1,1,,9,1,0,1,1,1,26,1,1,2,0,1,8,5,202000022374A01,,,
202000022375,2020-01-20,2020,janvier,lundi,16:55,75,75101,"48,8598842","2,3439942",2,2,6,1,1,4,2,3,1,1,,9,1, -1,5,1,1,19,9,1,2,0,1,5,1,202000022375A01,,,
202000022376,2020-01-20,2020,janvier,lundi,15:20,75,75103,"48,8668059","2,3620082",2,2,3,1,1,4,2,2,1,1,,4,1, -1,5,4,1,55,9,1,2,0,2,3,1,202000022376B01,7,15,1
202000022414,2020-01-13,2020,janvier,lundi,22:15,31,31239,"43,3804950","0,8390240",2,1,1,3,1,6, -1, -1,1,1,,3,1,0,8,4,1,19,5,2,,0,2,1,1,202000022414B01,7,1,1
202000022464,2020-01-16,2020,janvier,jeudi,14:00,29,29232,"47,9838900"," -4,0730400",2,6,3,1,2,4,2,2,1,2,, -1,2,5,1,4,1,42,1,1,2,0,2,1,1,202000022464A01,7,1,1
202000022469,2020-01-19,2020,janvier,dimanche,11:00,06,06027,"43,6566500","7,1637200",2,1,6,1,1,9,1,0,1,1,, -1,1,0,5,2,1,76,5,2,,0,1,1,1,202000022469A01,,,
202000022477,2020-01-19,2020,janvier,dimanche,06:55,75,75112,"48,8333956","2,4019134",2,1,3,2,1,4,3,2,1,1,, -1,1, -1,5,1,1,32,1,1,2,0,2,8,13,202000022477A01,1,17,1
202000022477,2020-01-19,2020,janvier,dimanche,06:55,75,75112,"48,8333956","2,4019134",2,1,3,2,1,4,3,2,1,1,, -1,1, -1,5,4,1,36,1,1,2,0,2,7,17,202000022477B01,1,13,1
202000022491,2020-01-11,2020,janvier,samedi,11:10,47,47169,"44,1560227","0,6273555",1,1,2,1,7,2,2,2,4,1,, -1,1,0,1,3,1,48,5,1,2,0,0,4,2,202000022491B01,7,2,1
202000022525,2020-07-09,2020,juillet,jeudi,09:08,75,75116,"48,8622790","2,2383040",2,2,3,1,1,4,2,2,1,1,, -1,1,0,1,4,1,52,9,1,2,0,2,4,15,202000022525A01,7,16,1
202000022527,2020-07-10,2020,juillet,vendredi,16:38,75,75115,"48,8365560","2,2679390",2,4,6,1,1,4,3,2,2,3,, -1,1,0,1,4,2,71,9,1,2,12,0,1,16,202000022527A01,,,
202000022528,2020-07-10,2020,juillet,vendredi,12:20,75,75115,"48,8537980","2,2941660",2,2,3,1,1,4,1,1,1,1,, -1,1,0,1,4,1,49,1,1,2,0,2,1,1,202000022528A01,7,1,1
202000022529,2020-07-09,2020,juillet,jeudi,21:40,75,75115,"48,8438580","2,2751360",2,1,3,5,1,4,2,4,1,1,, -1,1,0,1,4,2,47,5,1,2,0,2,8,1,202000022529B01,37,17,1
202000022531,2020-07-09,2020,juillet,jeudi,19:00,75,75113,"48,8222070","2,3585230",2,2,3,1,1,4,2,4,1,1,, -1,1,0,1,4,1,54,5,1,2,0,2,1,1,202000022531A01,10,15,1
202000022532,2020-07-09,2020,juillet,jeudi,12:25,75,75112,"48,8447450","2,4048820",2,1,3,1,1,4,2,2,2,1,, -1,1, -1,5,4,2,36,5,1,2,0,2,8,1,202000022532B01,7,15,1
202000022533,2020-07-10,2020,juillet,vendredi,13:15,75,75111,"48,8552050","2,3819720",2,1,3,1,1,4,2,2,1,1,, -1,1, -1,5,4,1,55,9,1,2,0,2,1,1,202000022533A01,30,15,1
202000022537,2020-07-10,2020,juillet,vendredi,14:35,75,75104,"48,8563000","2,3649390",2,7,3,1,1,4,1,1,1,1,, -1,1,0,1,4,1,74,5,1,2,0,2,1,9,202000022537A01,37,1,1
202000022554,2020-07-09,2020,juillet,jeudi,19:40,92,92050,"48,8908159","2,2157970",2,3,3,1,1,4,2,2,1,1,, -1,1,9,1,4,2,56,9,2,,0,2,1,19,202000022554B01,7,15,1