Num_Acc,date,an,mois,jour,hrmn,dep,com,lat,long,agg,int,col,lum,atm,catr,circ,nbv,prof,plan,lartpc,larrout,surf,infra,situ,grav,sexe,age,trajet,secuexist,equipement,obs,obsm,choc,manv,vehiculeid,typevehicules,manoeuvehicules,numVehicules
202000022557,2020-07-10,2020,juillet,vendredi,15:10,86,86182,"46,8646020","0,3214730",1,1,7,1,1,3,2,2,2,1,, -1,1,0,1,2,1,68,5,2,,0,0,0,1,202000022557A01,,,
202000022558,2020-07-11,2020,juillet,samedi,03:50,67,67426,"48,3510050","7,2846650",1,1,7,3,8,3,2,2,2,1,, -1,1,0,1,3,1,18,5,2,,0,0,0,1,202000022558A01,,,
202000022561,2020-07-10,2020,juillet,vendredi,21:00,56,56033,"47,8190630"," -2,1211710",1,1,2,1,1,4,2,2,1,1,, -1,1,0,1,3,2,71,5,1,2,0,2,4,1,202000022561B01,7,2,1
202000022565,2020-07-11,2020,juillet,samedi,11:55,76,76152,"49,5909030","1,2108190",1,1,2,1,1,3,2,2,1,1,, -1,1,0,1,4,1,31,5,1,2,0,2,8,2,202000022565B01,7,2,1
202000022573,2020-07-10,2020,juillet,vendredi,21:50,49,49205,"47,7583280"," -0,4913490",2,3,3,2,1,3,2,2,1,1,, -1,1,0,1,3,2,57,1,2,,0,2,1,1,202000022573B01,7,16,1
202000022574,2020-07-04,2020,juillet,samedi,15:00,49,49088,"47,7770915"," -1,0973027",1,1,3,1,1,3,2,2,2,1,, -1,1,0,1,4,1,61,5,1,2,0,2,8,1,202000022574B01,10,17,1
202000022582,2020-07-11,2020,juillet,samedi,10:45,29,29004,"47,9325440"," -3,7002150",2,1,3,1,1,4,1,1,1,1,, -1,1,0,1,3,1,14,5,2,,0,2,3,9,202000022582A01,7,1,1
202000022617,2020-07-09,2020,juillet,jeudi,16:20,38,38507,"45,7338870","5,1730590",2,2,3,1,7,4,2,2,1,1,, -1,9,0,1,3,1,39,5,2,,0,2,7,1,202000022617A01,7,15,1
202000022651,2020-07-09,2020,juillet,jeudi,12:30,69,69383,"45,7553032","4,8430689",2,2,3,1,1,4,2,4,1,1,, -1,1,0,1,4,2,24,0,2,,0,2,1,1,202000022651B01,7,16,1
202000022709,2020-02-20,2020,février,jeudi,21:40,34,34172,"43,5889795","3,8896474",2,6,3,5,1,4,1,2,1,1,, -1,1,5,1,4,1,22,4,2,,0,2,1,1,202000022709B01,7,9,1
202000022741,2020-02-05,2020,février,mercredi,20:50,75,75101,"48,8601190","2,3333470",2,2,3,5,1,4,3,2,1,1,,7,1,2,1,4,1,34,9,2,,12,2,1,19,202000022741A01,7,16,1
202000022761,2020-02-16,2020,février,dimanche,08:00,974,97413," -21,1694600","55,2880630",2,1,7,1,1,4,2,2,1,1,, -1,1,9,1,3,1,63,5,1,2,0,0,0,1,202000022761A01,,,
202000022780,2020-02-17,2020,février,lundi,15:30,35,35297,"48,1872840"," -2,1909840",2,4,2,1,1,3,2,2,2,3,, -1,1,5,1,4,2,22,1,2,,0,2,6,16,202000022780B01,7,17,1
202000022784,2020-02-20,2020,février,jeudi,16:30,70,70119,"47,3365250","5,9074260",2,2,3,1,7,3,2,2,2,1,,"5,5",1,0,1,4,1,48,5,2,,0,2,1,1,202000022784B01,7,19,1
202000022785,2020-02-21,2020,février,vendredi,16:45,72,72090,"48,0540890","0,4808020",1,1,2,1,1,3,2,2,1,1,, -1,1,0,3,3,2,55,5,2,,0,2,4,2,202000022785B01,7,2,1
202000022790,2020-02-21,2020,février,vendredi,14:20,18,18138,"47,1074970","2,2481470",1,3,3,1,1,3,2,2,4,2,, -1,1,0,1,3,1,71,5,1,2,0,2,8,19,202000022790B01,7,1,1
202000022812,2020-02-20,2020,février,jeudi,16:40,62,62003,"50,3828870","2,8842310",2,1,3,1,2,3,2,2,1,1,, -1,2,0,4,4,1,73,5,2,,0,2,2,1,202000022812A01,7,1,1
202000022850,2020-02-19,2020,février,mercredi,14:50,54,54395,"48,6840777","6,1765949",2,2,3,1,1,4,1,2,1,1,, -1,1,0,1,4,1,22,0,2,,0,2,1,1,202000022850A01,7,1,1
202000022857,2020-02-19,2020,février,mercredi,20:15,35,35238,"48,1083000"," -1,6778000",2,1,6,5,1,4,2,2,1,1,, -1,1,0,4,1,1,18,4,1,2,0,1,1,0,202000022857A01,,,
202000022887,2020-02-19,2020,février,mercredi,11:30,75,75105,"48,8418790","2,3475740",2,1,6,1,1,4,2,2,1,1,, -1,1,0,1,4,1,53,5,1,2,1,0,1,21,202000022887A01,,,
202000022889,2020-02-18,2020,février,mardi,09:00,75,75116,"48,8524430","2,2811810",2,1,1,1,1,4,1,1,1,1,,3,1, -1,5,1,1,42,1,1,2,0,2,1,13,202000022889A01,50,2,1
202000022892,2020-02-19,2020,février,mercredi,17:10,75,75112,"48,8446580","2,4057290",2,5, -1,1,2,4,2,3,4,1,,9,2, -1,5,4,1,79,5,2,,0,2,0,1,202000022892A01,7,0,1
202000022893,2020-02-19,2020,février,mercredi,18:00,75,75111,"48,8647130","2,3701440",2,2,6,3,2,4,1,4,1,1,,12,2,0,1,1,1,39,1,1,2,0,1,1,15,202000022893A01,,,
202000022894,2020-02-19,2020,février,mercredi,09:50,75,75110,"48,8723950","2,3501190",2,1,3,1,1,4,1,1,1,1,, -1,1,0,1,4,2,29,9,2,,0,2,1,18,202000022894B01,7,22,1
202000022902,2020-09-09,2020,septembre,mercredi,11:05,67,67326,"48,6238180","7,7205510",2,1,1,1,1,4,2,2,1,1,, -1,1,9,1,2,1,70,0,1,2,0,0,8,19,202000022902B01,10,1,1
202000022914,2020-09-07,2020,septembre,lundi,07:00,44,44204,"47,2823550"," -1,4537790",1,6,3,1,1,7,3,2,1,2,, -1,1,0,1,4,1,20,1,1,4,0,2,8,1,202000022914B01,7,1,1
202000023012,2020-09-08,2020,septembre,mardi,13:30,14,14118,"49,1875600"," -0,3934400",2,2,3,1,1,4, -1,2,4,3,, -1,1,0,1,4,1,68,5,2,,0,2,1,5,202000023012A01,10,1,1
202000023032,2020-09-08,2020,septembre,mardi,17:55,75,75120,"48,8702100","2,3844500",2,2,1,2,1,4,2,2,2,1,, -1,1,0,1,4,1,18,9,1,2,0,2,1,13,202000023032A01,10,23,1
202000023037,2020-09-08,2020,septembre,mardi,16:40,75,75117,"48,8862870","2,3261660",2,4,3,1,1,4,2,3,1,1,, -1,1, -1,5,4,2,16,9,1,2,0,2,5,1,202000023037A01,30,13,1
202000023042,2020-09-07,2020,septembre,lundi,16:40,75,75114,"48,8408610","2,3216690",2,1,3,1,1,4,2,4,1,1,, -1,1, -1,6,4,1,47,1,2,,0,2,8,7,202000023042B01,7,12,1
202000023045,2020-09-08,2020,septembre,mardi,09:55,75,75103,"48,8657710","2,3574720",2,2,7,1,1,4,2,4,1,1,, -1,1, -1,5,4,2,28,9,1,2,0,0,1,21,202000023045A01,,,
202000023067,2020-09-09,2020,septembre,mercredi,17:17,68,68058,"47,9236620","7,1972680",1,9,3,1,1,3,2,2,1,1,, -1,1,0,1,4,1,13,2,1,2,0,0,7,19,202000023067B01,7,16,1
202000023070,2020-09-09,2020,septembre,mercredi,12:10,86,86058,"46,6553245","0,5728337",2,4,3,1,1,4,2,2,2,1,, -1,1,0,8,3,2,6,5,1,2,0,2,8,9,202000023070A01,7,1,1
202000023078,2020-09-08,2020,septembre,mardi,19:30,74,74180,"46,3521750","6,2994310",2,6,3,1,1,3,1,1,1,1,, -1,1,0,1,3,2,70,9,2,,0,2,7,2,202000023078B01,7,2,1
202000023079,2020-09-08,2020,septembre,mardi,18:40,56,56078,"47,7882780"," -3,4806382",1,6,2,1,1,4,2,2,1,2,, -1,1,5,1,3,1,56,5,2,,0,2,4,1,202000023079B01,7,1,1
202000023113,2020-08-09,2020,août,dimanche,11:45,60,60590,"49,5407380","1,9956450",1,1,1,1,1,3,2,2,1,2,, -1,1,0,1,4,1,18,5,1,2,0,2,1,5,202000023113B01,7,1,1
202000023128,2020-08-09,2020,août,dimanche,12:00,65,65116,"42,8980220","0,3131850",1,1,6,1,1,3,2,2,2,4,, -1,1,0,3,3,1,14,5,1,2,13,0,0,21,202000023128A01,,,
202000023138,2020-08-09,2020,août,dimanche,09:05,29,29027,"48,1802310"," -3,8591190",1,1,7,1,1,4,2,2,2,1,, -1,1,0,1,3,1,65,5,1,6/2,0,0,0,0,202000023138A01,,,
202000023150,2020-08-07,2020,août,vendredi,15:20,50,50151,"49,2131900"," -1,5722900",1,3,3,1,1,3,2,2,1,1,, -1,1,5,1,4,2,68,0,2,,0,2,8,1,202000023150B01,15,17,1
202000023157,2020-08-08,2020,août,samedi,11:50,28,28240,"48,4737390","1,0030820",1,3,3,1,7,3,2,2,1,1,, -1,1,0,1,3,1,77,5,1,2,0,2,8,1,202000023157B01,7,16,1
202000023181,2020-08-08,2020,août,samedi,08:35,81,81225,"43,9179890","1,9633880",2,1, -1,1,1,3,2,2,1,1,, -1,1,0,1,4,1,43,5,2,,1,0,1,1,202000023181B01,10,23,1
202000023184,2020-08-09,2020,août,dimanche,11:45,85,85092,"46,4660120"," -0,8057140",2,1,3,1,1,4,2,2,1,1,, -1,1,0,3,3,2,77,3,2,,0,2,3,2,202000023184B01,7,2,1
202000023259,2020-08-06,2020,août,jeudi,12:40,54,54395,"48,6900250","6,1717636",2,1,6,1,1,4,1,2,1,1,, -1,1,0,1,1,1,28,0,2,,0,1,1,1,202000023259A01,,,
202000023313,2020-06-07,2020,juin,dimanche,01:55,13,13201,"43,2977000","5,3813000",2,1, -1,5,1,4,1,2,1,1,,5,1,0,1,4,1,50,0,2,,0,2,4,0,202000023313C01,7,0/1,2
202000023329,2020-06-07,2020,juin,dimanche,23:10,75,75118,"48,8838490","2,3494760",2,2,3,5,1,4,2,6,1,1,, -1,1, -1,5,4,1,29,9,1,2,0,2,0,1,202000023329B01,7,16,1
202000023333,2020-06-08,2020,juin,lundi,16:20,75,75113,"48,8204240","2,3590650",2,3,2,1,1,4,2,3,1,1,, -1,1,0,1,4,1,33,5,2,,0,2,1,1,202000023333A01,7,23,1
202000023339,2020-06-08,2020,juin,lundi,09:40,75,75111,"48,8594350","2,3827550",2,4,1,1,8,4,1,1,1,1,, -1,1, -1,5,4,2,27,1,1,2,0,2,1,1,202000023339B01,7,15,1
202000023344,2020-06-08,2020,juin,lundi,15:15,75,75104,"48,8550650","2,3616770",2,3,7,1,1,4,1,4,1,1,, -1,1,0,1,4,1,55,1,2,,14,0,0,12,202000023344A01,,,
202000023346,2020-06-08,2020,juin,lundi,12:20,75,75103,"48,8668000","2,3620020",2,4,3,1,1,4,1,2,1,1,, -1,1, -1,5,4,2,40,1,1,2,0,2,3,1,202000023346B01,7,15,1
202000023347,2020-08-07,2020,août,vendredi,08:28,75,75106,"48,8576870","2,3371730",2,1,1,1,1,4,2,5,1,1,, -1,1, -1,5,4,1,47,1,1,2,0,2,3,1,202000023347B01,50,13,1
202000023383,2020-06-08,2020,juin,lundi,20:05,56,56078,"47,7769790"," -3,5160340",2,1,6,1,1,4,2,2,1,1,, -1,1,0,1,1,1,53,5,1,2/6/9,0,1,0,0,202000023383A01,,,
202000023390,2020-05-15,2020,mai,vendredi,16:40,44,44152,"47,4564270"," -2,0051820",1,4,3,1,1,4,2,2,1,1,, -1,1,0,1,4,1,15,5,2,,0,0,1,5,202000023390A01,2,1,1
202000023402,2020-06-08,2020,juin,lundi,10:30,07,07304,"44,3924880","4,3780520",1,1,7,1,1,3,2,2,2,3,, -1,1,0,1,3,1,67,5,1,2,0,0,0,1,202000023402A01,,,
202000023403,2020-06-07,2020,juin,dimanche,18:55,07,07280,"44,3402100","4,1518500",2,3, -1,1,1,4,2,2,1,1,, -1,1,0,1,3,1,12,5,1,2,0,2,1,16,202000023403B01,7,1,1
202000023412,2020-06-03,2020,juin,mercredi,15:40,34,34056,"43,4313100","3,4440100",1,1,1,1,1,3,2,2,1,1,,5,1,0,1,4,1,47,5,1,2,0,2,8,1,202000023412B01,7,26,1
202000023462,2020-06-07,2020,juin,dimanche,17:00,75,75119,"48,8932780","2,3800010",2,1,6,1,1,4,1,2,1,1,, -1,1, -1,5,4,1,32,5,1,2,12,1,1,1,202000023462A01,,,
202000023463,2020-06-07,2020,juin,dimanche,19:30,75,75118,"48,8896840","2,3397950",2,4,3,1,1,4,2,2,2,3,, -1,1,5,1,4,1,12,5,1,2,0,2,8,19,202000023463A01,7,16,1
202000023493,2020-10-05,2020,octobre,lundi,12:25,06,06088,"43,7100000","7,2563000",1,3,3,1,1,4, -1,0,1,1,, -1,1,0,1,3,1,53,0,1,2,0,2,0,0,202000023493B01,14,16,1
202000023509,2020-10-05,2020,octobre,lundi,20:00,75,75110,"48,8704950","2,3595370",2,2,3,5,2,4,1,1,1,1,, -1,2, -1,5,4,2,27,5,2,,0,2,1,1,202000023509B01,7,16,1
202000023522,2020-10-04,2020,octobre,dimanche,21:00,75,75108,"48,8770320","2,3172050",2,1,2,5,2,4,3,4,1,1,, -1,2, -1,5,4,1,21,1,2,,0,2,1,1,202000023522A01,7,24,1
202000023525,2020-10-05,2020,octobre,lundi,21:10,75,75102,"48,8684090","2,3536170",2,1,6,5,2,4,1,4,1,1,, -1,2, -1,5,4,1,49,4,2,,0,1,1,1,202000023525Z01,,,
202000023583,2020-10-05,2020,octobre,lundi,15:30,83,83048,"43,2084760","6,5692610",2,1,3,1,1,3,2,2,2,1,, -1,1,0,1,3,1,89,5,2,,0,2,8,13,202000023583B01,37,17,1
202000023600,2020-11-06,2020,novembre,vendredi,19:30,26,26198,"44,5308940","4,7455910",2,6,3,5,1,2,1,2,1,3,, -1,1,5,1,4,1,26,0,1,4,0,2,4,2,202000023600B01,7,9,1
202000023631,2020-11-09,2020,novembre,lundi,08:45,75,75105,"48,8421990","2,3599300",2,1,3,1,1,4,2,2,1,1,, -1,1, -1,5,4,1,45,1,1,2,0,2,1,1,202000023631B01,10,22,1
202000023636,2020-09-27,2020,septembre,dimanche,11:20,974,97421," -21,0582650","55,5247820",1,1,6,1,1,3,2,2,2,4,, -1,1,0,1,3,1,45,5,1,2,4,0,1,1,202000023636A01,,,
202000023640,2020-11-09,2020,novembre,lundi,07:50,75,75112,"48,8480400","2,3928590",2,2,3,1,1,4,1,1,2,1,, -1,1, -1,5,4,2,47,9,1,2,0,2,2,1,202000023640B01,10,1,1
202000023641,2020-11-09,2020,novembre,lundi,08:40,75,75110,"48,8705460","2,3611960",2,2,6,1,1,4,2,6,1,1,, -1,1,0,4,1,1,16,2,2,,0,1,1,25,202000023641A01,,,
202000023700,2020-11-09,2020,novembre,lundi,07:33,29,29024,"48,2770880"," -3,5593830",2,6,3,2,1,4,2,2,1,1,, -1,1,5,1,3,1,13,2,1,2,0,2,7,1,202000023700B01,7,9,1
202000023712,2020-11-03,2020,novembre,mardi,06:35,53,53097,"48,1478060"," -0,4127490",2,6,3,5,9,3,2,2,1,1,, -1,2,0,1,3,2,20,1,1,9,0,2,7,1,202000023712B01,7,1,1
202000023715,2020-10-03,2020,octobre,samedi,18:40,80,80001,"50,1159400","1,8276500",2,3,7,1,1,4,1,1,2,1,, -1,1,0,1,3,1,35,3,2,,0,0,0,1,202000023715A01,,,
202000023721,2020-10-24,2020,octobre,samedi,16:10,67,67049,"48,5044444","7,6027826",2,1, -1,1,1,7,2,2,1,1,, -1,1,0,4,3,1,55,5,1,2,1,0,3,25,202000023721B01,7,22,1
202000023792,2020-11-08,2020,novembre,dimanche,19:35,75,75115,"48,8546650","2,2889190",2,2,1,5,1,4,2,2,1,1,, -1,1, -1,5,4,2,27,9,1,2,0,2,1,1,202000023792A01,7,1,1
202000023794,2020-11-08,2020,novembre,dimanche,09:10,75,75110,"48,8814080","2,3514160",2,4,7,1,1,4,3,4,2,1,, -1,1, -1,5,4,2,60,9,2,,0,0,0,1,202000023794A01,,,
202000023807,2020-09-29,2020,septembre,mardi,14:30,76,76562,"49,8683220","1,1980460",1,1, -1,1,1,3,2,2,4,3,, -1,1,0,1,3,1,65,5,2,,0,0,0,2,202000023807A01,1,2,1
202000023807,2020-09-29,2020,septembre,mardi,14:30,76,76562,"49,8683220","1,1980460",1,1, -1,1,1,3,2,2,4,3,, -1,1,0,1,1,1,64,5,1,2,0,0,0,2,202000023807B01,1,2,1
202000023816,2020-11-06,2020,novembre,vendredi,18:50,29,29165,"47,8109210"," -4,2387060",1,1,6,3,1,4,2,2,1,1,, -1,1,0,1,4,1,61,5,1,2/4/9,0,1,1,1,202000023816A01,,,
202000023823,2020-11-09,2020,novembre,lundi,07:50,17,17337,"45,9910730"," -1,3611670",1,1,2,1,1,3,2,2,1,1,, -1,1,0,1,2,1,66,3,2,,0,2,4,2,202000023823B01,7,17,1
202000023828,2020-11-09,2020,novembre,lundi,07:50,973,97309,"4,9131500"," -52,2730990",2,1,3,1,1,3,2,2,1,1,, -1,1,9,8,3,1,15,2,2,,0,2,2,19,202000023828B01,7,1,1
202000023860,2020-12-18,2020,décembre,vendredi,12:50,92,92025,"48,9247600","2,2527250",2,4,1,1,1,3,2,4,1,1,, -1,1,0,1,3,1,16,2,2,,0,2,1,1,202000023860B01,10,15,1
202000023877,2020-12-18,2020,décembre,vendredi,16:45,61,61230,"48,5706440","0,7587430",1,1,7,1,8,3,2,2,2,3,, -1,2,0,1,2,2,65,1,2,,0,0,0,1,202000023877A01,,,
202000023899,2020-12-19,2020,décembre,samedi,14:55,77,77196,"48,9481540","2,7428050",1,1,2,1,1,2,3,4,1,1,, -1,2,0,1,3,1,39,0,2,,0,2,0,0,202000023899A01,0,0,1
202000023900,2020-12-16,2020,décembre,mercredi,07:30,30,30211,"43,8311900","4,4970860",2,3,3,2,1,3,2,2,1,1,, -1,2,0,1,3,1,12,2,2,,0,2,2,0,202000023900B01,7,1,1
202000023994,2020-12-17,2020,décembre,jeudi,15:00,75,75115,"48,8351830","2,2777080",2,1,3,1,1,4,3,4,1,1,, -1,1,0,1,4,1,37,9,2,,0,2,1,1,202000023994B01,7,12,1
202000023996,2020-12-17,2020,décembre,jeudi,17:40,75,75114,"48,8317090","2,3302340",2,1,6,5,1,4,2,7,1,1,, -1,1,0,4,1,1,45,9,1,2,0,1,1,25,202000023996A01,,,
202000023999,2020-12-17,2020,décembre,jeudi,15:30,75,75109,"48,8729480","2,3332470",2,5,3,1,1,4,1,3,1,1,, -1,1,0,1,4,2,45,3,1,2,0,2,1,1,202000023999B01,7,14,1
202000024000,2020-12-17,2020,décembre,jeudi,14:33,75,75108,"48,8640760","2,3201270",2,7,3,1,1,4,2,4,1,1,, -1,1,0,1,4,2,33,9,2,,0,2,7,19,202000024000A01,14,1,1
202000024001,2020-12-17,2020,décembre,jeudi,12:45,75,75108,"48,8668320","2,3102550",2,2,7,1,1,4,2,4,1,1,, -1,2,0,1,4,2,27,4,2,,0,0,0,1,202000024001A01,,,
202000024041,2020-12-17,2020,décembre,jeudi,07:20,71,71310,"46,7486337","4,4932413",1,6,1,3,1,2,3,4,1,2,, -1,1,9,1,4,1,51,1,1,2/4/9,0,2,2,1,202000024041B01,7,9,1
202000024050,2020-04-20,2020,avril,lundi,10:45,75,75110,"48,8808810","2,3630040",2,1,2,1,1,4, -1,1,1,1,, -1,1,0,1,4,1,26,4,2,,0,2,1,1,202000024050A01,7,23,1
202000024129,2020-04-17,2020,avril,vendredi,18:35,75,75106,"48,8455220","2,3191450",2,2,3,1,1,4,4,2,1,1,, -1,1,0,1,4,1,43,1,2,,0,2,1,5,202000024129A01,7,15,1
202000024130,2020-04-17,2020,avril,vendredi,20:50,75,75108,"48,8646450","2,3118960",2,1,7,2,1,4,2,2,1,1,, -1,1,0,1,4,2,52,4,1,2,0,0,1,1,202000024130A01,,,
202000024174,2020-04-17,2020,avril,vendredi,18:15,22,22190,"48,5391070"," -2,0481670",2,1,2,1,1,3,2,2,1,3,,4,1,0,1,3,2,17,5,2,,0,0,1,0,202000024174B01,0,0,1
202000024176,2020-04-17,2020,avril,vendredi,14:50,79,79083,"46,1108160"," -0,0682700",2,1,1,1,1,3,2,2,4,2,,"5,2",1,0,1,3,2,68,5,2,,0,2,1,13,202000024176A01,7,1,1
202000024208,2020-04-16,2020,avril,jeudi,18:20,75,75104,"48,8552180","2,3611220",2,3,6,1,1,4,2,4,1,1,, -1,1, -1,5,4,2,58,3,2,,12,0,1,13,202000024208A01,,,
202000024228,2020-01-29,2020,janvier,mercredi,09:25,14,14258,"48,8982070"," -0,2001520",2,3, -1,1,1,3,2,2,2,1,, -1,1,9,1,3,1,19,1,2,,0,2,7,19,202000024228B01,7,16,1
202000024242,2020-01-19,2020,janvier,dimanche,10:45,50,50182,"49,1729060"," -1,4911190",1,1, -1,1,9,3,2,2,2,1,, -1,7,0,1,4,1,63,5,1,2/4,0,0,1,1,202000024242C01,1,1,2
202000024242,2020-01-19,2020,janvier,dimanche,10:45,50,50182,"49,1729060"," -1,4911190",1,1, -1,1,9,3,2,2,2,1,, -1,7,0,1,3,1,63,5,1,2/4,0,0,1,1,202000024242B01,1,1,2
202000024242,2020-01-19,2020,janvier,dimanche,10:45,50,50182,"49,1729060"," -1,4911190",1,1, -1,1,9,3,2,2,2,1,, -1,7,0,1,4,1,71,5,1,2/4,0,0,1,1,202000024242A01,1,1,2
202000024274,2020-01-18,2020,janvier,samedi,14:15,72,72154,"47,6935470"," -0,0650730",2,6,3,1,1,3, -1,1,1,2,, -1,1,0,1,4,1,72,0,2,,0,2,7,0,202000024274B01,7,0,1
202000024335,2020-01-18,2020,janvier,samedi,19:30,75,75120,"48,8695724","2,3799790",2,3,3,5,1,4,3,2,1,1,, -1,1, -1,5,4,1,34,5,1,2,0,2,4,1,202000024335B01,7,16,1
202000024336,2020-01-18,2020,janvier,samedi,00:30,75,75120,"48,8671073","2,3832808",2,2,3,5,1,4,3,4,1,1,,12,1,0,1,4,2,31,5,1,2,0,2,1,19,202000024336B01,7,15,1
202000024341,2020-01-18,2020,janvier,samedi,18:30,75,75117,"48,8891101","2,3227340",2,2,6,5,1,4,2,2,2,1,,4,1,0,1,1,1,29,1,1,2,0,1,1,1,202000024341A01,,,
202000024346,2020-01-18,2020,janvier,samedi,14:30,75,75111,"48,8629138","2,3715180",2,2,3,1,1,4,3,2,1,1,, -1,1,0,1,4,1,34,9,1,2,0,2,8,11,202000024346B01,30,1,1
202000024348,2020-01-18,2020,janvier,samedi,20:00,75,75108,"48,8658780","2,3220300",2,7,3,5,1,4,3,8,1,1,,24,1,0,1,4,1,49,1,1,2,0,2,3,1,202000024348B01,7,12,1
202000024384,2020-01-19,2020,janvier,dimanche,10:50,36,36200,"46,6188730","1,5264600",1,1,5,1,1,3,2,2,1,3,,"3,5",1,0,1,3,1,48,5,1,2,0,2,1,1,202000024384B01,7,1,1
202000024384,2020-01-19,2020,janvier,dimanche,10:50,36,36200,"46,6188730","1,5264600",1,1,5,1,1,3,2,2,1,3,,"3,5",1,0,1,4,1,48,5,1,2,0,2,1,1,202000024384C01,7,1,1
202000024384,2020-01-19,2020,janvier,dimanche,10:50,36,36200,"46,6188730","1,5264600",1,1,5,1,1,3,2,2,1,3,,"3,5",1,0,1,4,1,47,5,1,2,0,2,1,1,202000024384D01,7,1,1
202000024384,2020-01-19,2020,janvier,dimanche,10:50,36,36200,"46,6188730","1,5264600",1,1,5,1,1,3,2,2,1,3,,"3,5",1,0,1,4,1,54,5,1,2,0,2,1,1,202000024384E01,7,1,1
202000024384,2020-01-19,2020,janvier,dimanche,10:50,36,36200,"46,6188730","1,5264600",1,1,5,1,1,3,2,2,1,3,,"3,5",1,0,1,4,1,53,5,1,2,0,2,1,1,202000024384F01,7,1,1
202000024454,2020-07-09,2020,juillet,jeudi,21:30,75,75118,"48,8904030","2,3558270",2,3,3,2,1,4,2,2,1,1,, -1,1,0,1,4,1,15,5,1,2,0,2,1,9,202000024454B01,7,1,1
202000024458,2020-07-09,2020,juillet,jeudi,14:25,75,75115,"48,8488850","2,2962150",2,1,1,1,1,4,2,2,1,1,, -1,1,0,1,4,1,46,5,1,2,0,2,1,1,202000024458B01,30,13,1
202000024460,2020-07-09,2020,juillet,jeudi,16:15,75,75114,"48,8288870","2,3300630",2,2,3,1,1,4,2,2,1,1,, -1,1,0,1,4,2,26,1,1,2,0,2,7,16,202000024460B01,7,22,1
202000024463,2020-07-09,2020,juillet,jeudi,13:57,75,75112,"48,8464450","2,3789470",2,2,3,1,1,4,2,4,1,1,, -1,1,0,1,4,2,45,5,1,2,0,2,4,1,202000024463B01,30,13,1
202000024464,2020-07-09,2020,juillet,jeudi,07:22,75,75111,"48,8546850","2,3853300",2,2,3,1,7,4,2,3,1,1,, -1,1, -1,5,4,2,62,1,1,2,0,2,8,1,202000024464B01,7,15,1
202000024467,2020-07-09,2020,juillet,jeudi,10:15,75,75110,"48,8792070","2,3700960",2,1,3,1,1,4,3,2,1,1,, -1,1, -1,5,4,2,34,4,1,2,0,2,6,1,202000024467B01,10,16,1
202000024495,2020-07-09,2020,juillet,jeudi,19:20,26,26031,"44,5477110","4,8468800",1,1,3,1,1,3,2,2,1,1,, -1,1,0,1,3,1,40,1,2,,0,2,8,19,202000024495A01,7,13,1
202000024508,2020-07-09,2020,juillet,jeudi,18:30,56,56185,"47,7895670"," -3,4213130",2,6,3,1,1,3,1,1,1,2,, -1,1,5,1,4,2,47,3,1,2,0,2,1,1,202000024508B01,7,9,1
202000024512,2020-07-09,2020,juillet,jeudi,09:50,81,81130,"43,5804165","2,2767451",2,3,3,1,1,3,2,2,1,1,, -1,1,5,1,3,1,74,5,1,2,0,2,8,15,202000024512A01,7,17,1
202000024547,2020-07-10,2020,juillet,vendredi,12:50,55,55170,"49,3626130","5,3463400",2,1,3,1,1,3,2,2,1,1,, -1,1,0,1,3,2,17,5,2,,0,2,1,1,202000024547B01,7,1,1
202000024584,2020-07-07,2020,juillet,mardi,12:50,69,69387,"45,7519300","4,8368800",2,2,5,1,1,4,1,4,1,1,, -1,1,0,5,4,2,52,0,2,,0,2,7,19,202000024584C01,7,16,2
202000024639,2020-02-20,2020,février,jeudi,10:30,43,43110,"45,3225520","3,4101820",1,1,3,1,1,3,2,2,1,1,, -1,1,0,1,3,1,78,5,1,2,15,2,8,2,202000024639B01,21,17,1
202000024680,2020-02-18,2020,février,mardi,17:10,974,97411," -20,8877970","55,4822930",2,1,1,1,1,4,1,1,1,1,, -1,1,0,4,4,1,57,5,2,,0,2,1,25,202000024680B01,7,15,1
202000024690,2020-02-18,2020,février,mardi,20:15,69,69387,"45,7388000","4,8251000",2,1,6,3,1,9, -1,0,1,1,, -1,1,9,8,4,1,35,5,2,,0,1,1,0,202000024690B01,,,
202000024786,2020-02-14,2020,février,vendredi,18:18,63,63014,"45,7522800","3,1079300",2,2, -1,1,1,7,2,2,1,1,,4,1,0,1,3,2,15,0,2,,0,2,1,1,202000024786A01,7,1,1
202000024810,2020-08-05,2020,août,mercredi,19:00,44,44068,"47,5214540"," -2,0042820",1,1,3,1,7,3,2,2,1,1,, -1,1,0,1,3,2,49,5,1,2,0,2,8,13,202000024810B01,7,17,1
202000024814,2020-09-09,2020,septembre,mercredi,12:20,60,60440,"49,4915940","2,6297340",2,2,3,1,1,3,2,2,1,1,, -1,1,0,1,3,1,73,5,1,2,0,2,1,1,202000024814B01,7,15,1