Num_Acc,date,an,mois,jour,hrmn,dep,com,lat,long,agg,int,col,lum,atm,catr,circ,nbv,prof,plan,lartpc,larrout,surf,infra,situ,grav,sexe,age,trajet,secuexist,equipement,obs,obsm,choc,manv,vehiculeid,typevehicules,manoeuvehicules,numVehicules
202000024817,2020-08-20,2020,août,jeudi,17:30,18,18145,"47,2280570","2,4860860",2,1,6,1,1,4,2,2,4,3,, -1,1,0,3,3,1,15,5,2,,2,0,1,13,202000024817A01,,,
202000024819,2020-09-09,2020,septembre,mercredi,14:30,53,53144,"48,3111260"," -0,4984430",1,3,1,1,1,9, -1,2,2,1,, -1,1,0,1,3,1,12,5,2,,0,2,1,15,202000024819A01,7,1,1
202000024823,2020-09-09,2020,septembre,mercredi,15:00,08,08486,"50,0877240","4,7165850",2,1,7,1,1,4,2,2,3,1,, -1,1,0,1,2,1,74,5,2,,0,0,0,1,202000024823A01,,,
202000024828,2020-09-07,2020,septembre,lundi,17:45,68,68118,"47,7315590","7,4168280",2,3,3,1,1,3,2,2,1,1,, -1,1,0,1,4,1,58,1,1,2,0,2,1,19,202000024828B01,7,16,1
202000024832,2020-09-05,2020,septembre,samedi,13:45,974,97406," -21,1478580","55,6159550",2,3,3,1,1,2,2,2,2,1,, -1,1,0,1,3,1,19,1,2,,0,2,1,1,202000024832A01,7,1,1
202000024840,2020-09-09,2020,septembre,mercredi,07:10,88,88388,"48,1369240","6,3899980",1,1,5,2,7,3,2,2,1,2,, -1,1,0,1,3,1,46,5,1,2/6/9,0,2,8,1,202000024840B01,7/ 33,1/17,2
202000024933,2020-09-07,2020,septembre,lundi,17:00,27,27375,"49,2009600","1,1857900",2,3,1,1,1,3,2,2,1,1,, -1,1,0,1,3,1,18,5,1,2,0,2,0,0,202000024933B01,7,15,1
202000024935,2020-09-07,2020,septembre,lundi,17:25,25,25056,"47,2274500","6,0081500",2,1,3,1,1,4,2,2,2,1,, -1,1,0,1,4,2,17,5,2,,0,2,7,19,202000024935B01,7,2,1
202000024955,2020-09-07,2020,septembre,lundi,18:30,75,75118,"48,8826420","2,3369070",2,3,6,1,8,4,1,3,1,1,, -1,1, -1,5,1,2,34,1,1,2,0,1,1,1,202000024955A01,,,
202000024956,2020-09-07,2020,septembre,lundi,17:15,75,75118,"48,8958060","2,3294090",2,1, -1,1,1,4,1,1,1,1,, -1,1,0,1,4,1,56,1,1,2,0,2,3,18,202000024956B01,7,22,1
202000024960,2020-09-07,2020,septembre,lundi,17:55,75,75113,"48,8331740","2,3566790",2,2,3,1,1,4,2,4,2,1,, -1,1, -1,6,4,1,28,1,1,2,0,2,1,8,202000024960A01,7,15,1
202000024962,2020-09-07,2020,septembre,lundi,09:30,75,75112,"48,8447800","2,4045080",2,1,3,1,1,4,2,4,2,1,, -1,1, -1,5,4,1,40,1,1,2,0,2,1,1,202000024962B01,7,15,1
202000024963,2020-09-07,2020,septembre,lundi,21:00,75,75110,"48,8761990","2,3578880",2,5, -1,5,1,4,2,2,1,1,, -1,1,0,1,4,2,46,1,1,2/4,0,2,1,1,202000024963B01,7,22,1
202000024964,2020-09-07,2020,septembre,lundi,18:25,75,75110,"48,8705280","2,3611960",2,2,3,1,1,4,2,6,1,1,, -1,1, -1,5,4,1,21,5,1,2,0,2,1,1,202000024964B01,7,15,1
202000024965,2020-09-07,2020,septembre,lundi,03:27,75,75109,"48,8755810","2,3265970",2,7,3,5,1,4,1,6,1,1,, -1,1,0,1,4,1,20,5,2,,0,2,1,1,202000024965B01,7,1,1
202000024966,2020-09-07,2020,septembre,lundi,19:20,75,75102,"48,8708650","2,3467230",2,3,3,1,1,4,2,2,1,1,, -1,1,0,1,4,1,30,1,2,,0,2,0,1,202000024966B01,7,14,1
202000024989,2020-09-07,2020,septembre,lundi,07:30,22,22050,"48,4555980"," -2,0492400",2,1,7,1,1,3,2,2,1,1,, -1,1,0,1,2,1,54,1,2,,0,0,0,0,202000024989A01,,,
202000024990,2020-09-08,2020,septembre,mardi,09:10,37,37074,"47,2462871","0,1625377",2,2,2,1,7,3,2,2,1,1,, -1,1,0,1,3,1,72,5,1,2,0,2,4,16,202000024990B01,7,1,1
202000025022,2020-08-08,2020,août,samedi,10:15,71,71178,"46,3608140","4,4822849",2,1,6,1,1,3,2,2,1,1,, -1,1,0,1,1,1,33,5,1,2,0,1,1,1,202000025022A01,,,
202000025031,2020-08-06,2020,août,jeudi,21:15,44,44014,"47,1240490"," -1,4966780",1,1,2,2,7,3,2,2,1,1,, -1,1,0,1,2,1,72,5,2,,13,0,4,2,202000025031B01,7,2,1
202000025049,2020-07-27,2020,juillet,lundi,15:45,27,27470,"49,3342010","1,2735930",2,3,3,1,1,3,2,2,1,1,, -1,1,0,1,3,2,19,3,2,,0,2,1,1,202000025049B01,7,16,1
202000025065,2020-08-08,2020,août,samedi,11:20,38,38412,"45,3578600","5,7565360",1,1,6,1,1,3,2,2,2,2,, -1,1,0,8,3,1,66,5,1,2/6,5,9,2,0,202000025065A01,,,
202000025066,2020-08-06,2020,août,jeudi,09:00,26,26037,"44,8984780","4,9407420",1,3,5,1,1,3,2,3,1,3,, -1,1,5,1,4,1,69,5,1,2,0,2,1,1,202000025066C01,7,14,1
202000025066,2020-08-06,2020,août,jeudi,09:00,26,26037,"44,8984780","4,9407420",1,3,5,1,1,3,2,3,1,3,, -1,1,5,1,4,1,68,5,2,,0,2,1,1,202000025066B01,7,14,1
202000025072,2020-08-08,2020,août,samedi,12:30,29,29181,"48,4707620"," -4,2788480",1,1,1,1,1,3,2,2,1,2,, -1,1, -1,5,3,1,58,5,1,2/4/6,0,2,3,1,202000025072B01,2,1,1
202000025129,2020-06-07,2020,juin,dimanche,10:20,31,31022,"43,6711270","1,4272890",2,1,3,1,1,3,2,2,1,1,, -1,1,0,1,3,1,86,3,2,,0,2,1,11,202000025129B01,7,1,1
202000025141,2020-06-07,2020,juin,dimanche,09:50,972,97227,"14,4705600"," -60,9468320",1,1,2,1,1,2,2,3,1,1,, -1,1,0,1,3,1,54,5,1,2,0,2,4,1,202000025141B01,7,14,1
202000025191,2020-11-06,2020,novembre,vendredi,19:10,75,75109,"48,8723780","2,3374290",2,2,3,5,1,4,1,2,1,1,, -1,1,0,1,4,1,40,5,1,2,0,2,1,1,202000025191A01,30,1,1
202000025198,2020-06-03,2020,juin,mercredi,12:10,31,31045,"43,0281340","0,6110070",1,6,3,1,2,2,2,2,1,3,, -1,2,5,1,4,1,63,5,1,2/6,0,2,7,1,202000025198B01,7,9,1
202000025202,2020-06-08,2020,juin,lundi,17:15,72,72248,"47,8376170","0,4313290",2,1, -1,1,1,3,2,1,1,1,,3,1,0,1,4,1,9,5,1,2/9,0,2,7,5,202000025202B01,7,1,1
202000025210,2020-11-06,2020,novembre,vendredi,13:40,35,35120,"48,2123680"," -1,7669180",1,1,3,1,1,3,2,2,2,1,, -1,1,0,1,3,1,50,5,2,,0,2,8,2,202000025210B01,7,17,1
202000025211,2020-06-07,2020,juin,dimanche,17:30,43,43132,"45,1077340","3,5205710",1,1,1,1,1,4,2,1,2,2,,3,1,0,1,4,1,5,5,2,,0,2,1,5,202000025211B01,7,1,1
202000025229,2020-08-05,2020,août,mercredi,12:55,12,12202,"44,3614900","2,5803600",2,1,1,1,1,4,1,1,2,3,, -1,1,0,1,3,1,34,5,2,,0,2,1,5,202000025229A01,10,1,1
202000025238,2020-06-07,2020,juin,dimanche,10:45,17,17101,"45,9845280"," -0,3410050",1,1,4,1,1,3,2,2,2,1,,7,1,0,1,3,1,17,5,1,2,13,0,4,1,202000025238A01,7,1,1
202000025238,2020-06-07,2020,juin,dimanche,10:45,17,17101,"45,9845280"," -0,3410050",1,1,4,1,1,3,2,2,2,1,,7,1,0,1,3,1,45,5,1,2,0,0,0,1,202000025238B01,7,1,1
202000025254,2020-08-05,2020,août,mercredi,23:35,75,75113,"48,8240390","2,3770070",2,2,3,5,1,4,1,2,2,1,, -1,1, -1,5,4,1,25,9,2,,0,2,1,1,202000025254B01,10,16,1
202000025261,2020-08-06,2020,août,jeudi,08:10,75,75107,"48,8631350","2,3143150",2,1,6,1,1,4,1,1,1,1,, -1,1,6,1,1,1,25,9,1,2,0,1,1,1,202000025261A01,,,
202000025262,2020-08-06,2020,août,jeudi,11:40,75,75104,"48,8572370","2,3471100",2,2,7,1,1,4,2,4,1,1,, -1,1,8,1,4,1,40,1,1,2,0,0,1,1,202000025262A01,,,
202000025295,2020-08-06,2020,août,jeudi,19:11,05,05093,"45,0175620","6,6321270",2,1,3,1,1,4,2,2,2,3,, -1,1,0,1,3,1,18,1,2,,15,2,0,5,202000025295A01,7,1,1
202000025386,2020-06-06,2020,juin,samedi,10:25,14,14242,"49,2202400"," -0,3711000",2,3,3,1,8,4,2, -1,1,1,, -1,1,0,1,4,1,12,5,2,,0,2,1,2,202000025386A01,7,1,1
202000025423,2020-06-06,2020,juin,samedi,20:10,75,75118,"48,8853050","2,3266070",2,3,3,1,1,4,2,4,1,1,, -1,1,0,1,4,2,18,5,2,,0,2,1,5,202000025423A01,7,15,1
202000025439,2020-06-06,2020,juin,samedi,15:05,75,75111,"48,8513450","2,3940950",2,1,3,1,1,4,2,2,1,1,, -1,1,0,1,4,1,36,5,1,2,0,2,2,1,202000025439B01,7,22,1
202000025440,2020-06-06,2020,juin,samedi,17:00,75,75104,"48,8552230","2,3611070",2,3,6,1,1,4,2,2,1,1,, -1,1, -1,5,4,2,58,5,1,2,14,0,7,12,202000025440A01,,,
202000025441,2020-10-04,2020,octobre,dimanche,13:15,04,04122,"44,0410980","6,0707620",1,1,3,1,1,2,2,2,1,1,, -1,1,0,5,3,1,47,5,1,2,0,2,6,2,202000025441B01,7,14,1
202000025455,2020-11-06,2020,novembre,vendredi,13:40,75,75110,"48,8792400","2,3667440",2,3,3,1,1,4,1,2,2,1,, -1,1, -1,5,4,2,29,4,1,2,0,2,2,1,202000025455A01,10,16,1
202000025458,2020-11-06,2020,novembre,vendredi,10:35,75,75103,"48,8668030","2,3619930",2,4,7,1,1,4,2,4,1,1,, -1,1, -1,5,4,1,61,5,1,2,0,0,0,1,202000025458A01,,,
202000025462,2020-09-21,2020,septembre,lundi,17:40,973,97309,"4,8939830"," -52,2581760",2,1,3,1,1,3,2,2,1,1,, -1,1,9,8,4,1,64,0,2,,0,2,1,21,202000025462B01,10,16,1
202000025499,2020-10-03,2020,octobre,samedi,11:25,60,60103,"49,4091060","2,2510760",2,1,3,1,1,4,1,1,1,1,, -1,1,0,1,4,1,13,5,2,,0,2,8,19,202000025499A01,7,1,1
202000025511,2020-06-07,2020,juin,dimanche,11:15,49,49279,"47,3650340"," -0,2969420",1,1,7,1,1,4, -1,1,1,1,, -1,1,0,8,3,1,69,5,1,2/6,0,0,1,0,202000025511A01,,,
202000025562,2020-11-06,2020,novembre,vendredi,17:45,978,97801,"18,0594560"," -63,1005930",2,1,2,3,1,4,2,1,1,1,, -1,1,0,1,3,1,12,5,2,,0,2,0,0,202000025562B01,0,0,1
202000025567,2020-06-06,2020,juin,samedi,18:50,74,74159,"45,9915320","6,6233930",2,3,1,1,2,4, -1,2,2,1,, -1,2,0,1,3,2,31,5,2,,0,2,1,26,202000025567B01,7,16,1
202000025586,2020-11-07,2020,novembre,samedi,06:30,60,60542,"49,4136944","2,1872675",1,1,3,3,5,2,2,4,1,1,, -1,1,0,1,4,1,18,5,2,,0,2,8,2,202000025586B01,7,2,1
202000025670,2020-10-03,2020,octobre,samedi,00:56,75,75111,"48,8585370","2,3837020",2,2, -1,5,2,4,2,4,2,1,, -1,2,0,1,4,2,27,9,2,,0,2,7,1,202000025670A01,7,1,1
202000025673,2020-10-03,2020,octobre,samedi,15:45,75,75103,"48,8583350","2,3638540",2,3,6,1,1,4,1,1,1,1,, -1,1,0,1,4,1,67,9,2,,0,1,1,1,202000025673A01,,,
202000025710,2020-10-01,2020,octobre,jeudi,15:20,974,97414," -21,2764030","55,4157580",2,2,3,1,1,4,2,2,1,1,, -1,1,5,1,3,1,16,0,2,,0,2,7,15,202000025710A01,7,1,1
202000025743,2020-10-04,2020,octobre,dimanche,14:50,66,66230,"42,6457180","2,5115400",1,1,2,1,1,2,2,2,1,1,, -1,1,0,1,4,1,27,5,1,2,0,2,4,1,202000025743B01,7,17,1
202000025749,2020-10-02,2020,octobre,vendredi,15:30,02,02684,"49,9194400","4,1231880",2,9,3,1,2,4,2,2,2,1,, -1,2,5,1,3,1,21,5,2,,0,2,1,16,202000025749A01,10,1,1
202000025773,2020-04-15,2020,avril,mercredi,13:30,75,75109,"48,8752050","2,3481120",2,1,6,1,1,4,1,1,1,1,, -1,1,0,1,1,1,28,4,2,,0,1,8,5,202000025773A01,,,
202000025780,2020-04-09,2020,avril,jeudi,12:15,02,02765,"49,5188410","3,5540470",2,9,3,1,1,3,2,2,1,1,, -1,1,5,1,3,1,53,5,2,,0,0,8,2,202000025780B01,7,15,1
202000025817,2020-04-12,2020,avril,dimanche,10:30,56,56098,"47,7595200"," -3,3254400",2,1,7,1,1,4,2,2,4,1,, -1,1,0,1,4,1,27,5,2,,0,0,0,26,202000025817A01,,,
202000025827,2020-04-14,2020,avril,mardi,19:00,75,75115,"48,8410980","2,2879040",2,2,2,1,1,4,2,2,1,1,,5,1,0,1,4,1,43,5,1,4,0,2,4,1,202000025827A01,7,1,1
202000025861,2020-04-14,2020,avril,mardi,07:50,67,67445,"48,2879181","7,4276447",2,3,1,1,7,3,2,2,2,1,,"5,5",1,5,1,2,1,86,3,1,4,0,2,1,15,202000025861A01,7,1,1
202000025870,2020-04-14,2020,avril,mardi,16:10,03,03084,"46,4741217","2,8234217",2,9,7,1,1,3,2,2,2,1,, -1,1,0,1,4,1,37,1,2,,0,0,1,0,202000025870A01,,,
202000025873,2020-04-09,2020,avril,jeudi,00:10,973,97312,"5,3795824"," -52,9578495",2,1,3,5,1,4,2,2,1,1,,5,1,0,1,4,1,36,0,2,,0,2,8,1,202000025873A01,7,15,1
202000025876,2020-04-13,2020,avril,lundi,15:35,33,33498,"44,5869650"," -0,7757970",1,1,6,1,7,3,2,2,1,1,,7,1,0,3,2,1,57,5,2,,13,0,0,14,202000025876A01,,,
202000025890,2020-04-11,2020,avril,samedi,09:50,29,29039,"47,8883900"," -3,9188700",2,6,3,1,1,4, -1,3,1,1,, -1,1,0,5,4,2,76,3,1,2,0,2,4,9,202000025890B01,7,9,1
202000025898,2020-04-12,2020,avril,dimanche,16:15,62,62859,"50,2289310","2,2092390",2,2,3,1,1,3,2,2,1,1,, -1,1,0,1,3,1,13,5,2,,0,2,1,19,202000025898A01,7,1,1
202000025928,2020-04-12,2020,avril,dimanche,03:10,38,38412,"45,3830300","5,7095300",1,1,1,3,1,3,2,2,1,2,, -1,1,0,1,3,1,60,9,1,9,0,2,1,5,202000025928B01,7,1,1
202000025955,2020-12-18,2020,décembre,vendredi,11:00,72,72054,"48,0076110","0,3381730",1,6,3,1,1,3,1,1,1,1,, -1,1,0,1,3,1,45,5,1,2/9,0,2,7,1,202000025955B01,7,9,1
202000025960,2020-12-17,2020,décembre,jeudi,17:50,18,18124,"47,0957500","2,0920800",1,1,2,3,1,3,2,2,1,1,, -1,1,0,1,4,1,61,5,1,2/4/9,13,2,6,1,202000025960B01,7,17,1
202000025983,2020-12-17,2020,décembre,jeudi,11:30,66,66210,"42,6280810","2,7567530",2,6,3,1,8,3,2,2,1,2,, -1,1,0,1,3,1,43,5,2,,0,2,5,1,202000025983A01,7,9,1
202000026009,2020-12-16,2020,décembre,mercredi,16:15,974,97411," -20,9076500","55,5004700",2,1,3,1,1,4,2,0,1,1,, -1,1,0,1,4,1,16,9,2,,0,2,1,1,202000026009B01,10,1,1
202000026029,2020-12-16,2020,décembre,mercredi,18:30,73,73065,"45,5818800","5,8874100",2,6,1,5,1,3, -1, -1,1,1,, -1,1,5,8,4,1,120,0,2,,0,2,7,0,202000026029B01,7,9,1
202000026074,2020-10-16,2020,octobre,vendredi,13:45,75,75119,"48,8911350","2,3775560",2,3,6,1,1,4,1,3,1,1,, -1,1, -1,5,1,1,36,1,2,,0,1,0,1,202000026074A01,,,
202000026077,2020-12-16,2020,décembre,mercredi,19:12,75,75115,"48,8359660","2,2936890",2,3,3,5,1,4,1,1,1,1,, -1,1, -1,5,4,1,29,5,2,,0,2,1,1,202000026077B01,7,15,1
202000026079,2020-12-14,2020,décembre,lundi,18:00,75,75115,"48,8366220","2,2985590",2,1,6,5,8,4,2,2,2,1,, -1,2, -1,5,1,1,39,9,1,2,0,1,1,1,202000026079A01,,,
202000026082,2020-12-16,2020,décembre,mercredi,14:50,75,75111,"48,8548080","2,3955300",2,1,3,1,1,4,1,2,1,1,, -1,1, -1,5,4,2,63,9,1,2,0,2,8,1,202000026082B01,7,17,1
202000026085,2020-12-16,2020,décembre,mercredi,11:40,75,75103,"48,8615930","2,3626910",2,1,7,1,1,4,1,2,1,1,, -1,1,0,1,4,1,15,5,2,,0,0,0,5,202000026085A01,,,
202000026086,2020-12-15,2020,décembre,mardi,17:55,75,75104,"48,8552200","2,3611480",2,3,6,5,1,4,2,4,1,1,, -1,1, -1,5,4,1,70,3,1,2,14,0,0,14,202000026086A01,,,
202000026087,2020-12-15,2020,décembre,mardi,16:00,75,75102,"48,8706110","2,3320550",2,7,3,1,1,4,2,6,1,1,, -1,1, -1,6,4,2,37,4,1,2,0,2,7,7,202000026087B01,14,16,1
202000026122,2020-12-16,2020,décembre,mercredi,14:30,80,80620,"49,9317930","2,9413260",2,1, -1,1,1,4,2,2,1,2,, -1,1,0,1,3,2,51,1,2,,1,0,2,1,202000026122B01,7,22,1
202000026131,2020-12-17,2020,décembre,jeudi,15:40,01,01304,"46,0461650","5,3378160",2,3,3,1,2,4,2,2,1,1,, -1,2,0,1,3,1,13,5,2,,0,2,4,16,202000026131B01,7,1,1
202000026136,2020-12-17,2020,décembre,jeudi,15:45,53,53266,"48,2954140"," -0,2867600",1,1,2,2,1,3,2,2,2,1,, -1,1,0,1,2,1,63,5,1,2/4,0,0,4,2,202000026136B01,7,2,1
202000026152,2020-01-17,2020,janvier,vendredi,08:49,77,77487,"48,5342100","2,6839000",2,6,3,1,2,3,2,2,1,1,, -1,2,0,1,3,1,40,1,2,,0,2,7,2,202000026152B01,7,9,1
202000026216,2020-01-16,2020,janvier,jeudi,07:04,75,75117,"48,8966753","2,3095669",2,2,3,5,1,4,3,2,1,1,, -1,1,0,1,2,1,35,1,1,2,0,2,7,14,202000026216B01,14,1,1
202000026225,2020-01-17,2020,janvier,vendredi,15:40,75,75113,"48,8360490","2,3495330",2,3,3,1,8,4,2,1,1,1,,3,1, -1,5,4,2,25,9,1,2,0,2,1,1,202000026225B01,10,16,1
202000026227,2020-01-17,2020,janvier,vendredi,01:45,75,75111,"48,8668760","2,3733620",2,2,2,5,1,4,2,4,1,1,,12,1,0,1,4,1,21,5,1,2,0,2,1,2,202000026227A01,7,23,1
202000026229,2020-01-17,2020,janvier,vendredi,11:19,75,75108,"48,8646740","2,3136520",2,2,3,1,1,4,2,6,1,1,,18,2, -1,5,4,1,39,1,1,2,0,2,2,19,202000026229B01,2,16,1
202000026230,2020-01-17,2020,janvier,vendredi,09:26,75,75108,"48,8688020","2,3011147",2,1,7,1,1,4,2,2,2,1,, -1,2,0,1,4,1,62,1,1,2,0,0,0,1,202000026230A01,,,
202000026231,2020-01-16,2020,janvier,jeudi,20:55,75,75101,"48,8590450","2,3378750",2,1,7,5,1,4, -1,4,1,1,,12,1,6,4,4,2,23,5,1,2,0,0,1,25,202000026231A01,,,
202000026340,2020-01-10,2020,janvier,vendredi,12:10,76,76351,"49,4912200","0,1033600",2,2,3,1,1,4,1,2,1,1,, -1,1,0,1,4,1,14,2,2,,0,2,2,1,202000026340B01,7,1,1
202000026382,2020-07-07,2020,juillet,mardi,18:40,75,75117,"48,8804510","2,2964520",2,2,1,1,1,4,1,1,1,1,, -1,1, -1,5,4,1,52,1,1,2,0,2,1,1,202000026382B01,2,17,1
202000026384,2020-07-08,2020,juillet,mercredi,16:15,75,75116,"48,8569240","2,2872810",2,1,3,1,1,4,1,1,1,1,, -1,1, -1,5,4,1,35,9,2,,0,2,1,1,202000026384B01,7,16,1
202000026386,2020-07-08,2020,juillet,mercredi,18:10,75,75116,"48,8737550","2,2941040",2,7,3,1,1,4,2,1,1,1,, -1,1,0,1,4,1,18,1,2,,0,2,5,19,202000026386A01,33,1,1
202000026388,2020-07-08,2020,juillet,mercredi,14:30,75,75115,"48,8426170","2,3027060",2,2, -1,1,1,4,2,2,2,1,, -1,1,0,1,4,1,38,5,2,,0,2,4,1,202000026388A01,1,1,1
202000026391,2020-07-07,2020,juillet,mardi,21:15,75,75115,"48,8491440","2,2980440",2,2,3,1,1,4,1,1,1,1,, -1,1,0,1,3,1,51,9,2,,0,2,8,1,202000026391B01,7,14,1
202000026397,2020-07-08,2020,juillet,mercredi,19:10,75,75107,"48,8631690","2,3017380",2,1,3,1,1,4,1,4,1,1,, -1,1, -1,5,4,1,59,9,1,2,0,2,1,1,202000026397B01,7,22,1
202000026430,2020-07-08,2020,juillet,mercredi,10:35,77,77101,"48,4023357","3,0967444",1,1,3,1,1,3,2,2,1,1,, -1,1,0,1,3,1,68,5,1,2,0,2,8,1,202000026430B01,7,1,1
202000026441,2020-07-08,2020,juillet,mercredi,18:10,38,38150,"45,2101960","5,8318040",1,6,3,1,1,3,1,2,1,1,, -1,1,0,5,4,1,29,1,2,,0,2,8,1,202000026441B01,7,16,1
202000026459,2020-07-09,2020,juillet,jeudi,16:15,38,38289,"45,1279860","6,0453990",1,4,3,1,1,3,2,2,1,3,, -1,1,5,1,3,1,36,5,1,2,0,2,1,1,202000026459B01,7,15,1
202000026464,2020-07-08,2020,juillet,mercredi,16:00,971,97116,"16,3205200"," -61,4605670",1,4,1,1,1,3,2,2,1,1,, -1,1,0,1,3,1,13,5,2,,0,2,1,9,202000026464B01,10,1,1
202000026472,2020-07-08,2020,juillet,mercredi,17:50,42,42299,"45,6124090","4,0798490",2,1,1,1,1,3,2,2,1,1,, -1,1,0,1,4,1,18,0,2,,0,2,8,19,202000026472A01,7,1,1
202000026478,2020-07-07,2020,juillet,mardi,10:30,85,85035,"46,6311100"," -1,8425170",1,1,2,1,1,3,2,2,1,1,, -1,1,0,5,3,2,73,3,2,,0,0,2,1,202000026478B01,21,4,1
202000026551,2020-02-11,2020,février,mardi,08:45,45,45147,"47,9449300","1,9210000",1,1,3,1,8,3,2,2,1,1,,"5,5",1,0,5,4,2,49,1,1,2,0,2,8,1,202000026551B01,10,16,1
202000026569,2020-01-05,2020,janvier,dimanche,20:00,34,34172,"43,6216200","3,8686600",2,2,3,5,1,4,1,2,1,1,, -1,1,5,1,4,1,28,4,2,,0,2,1,5,202000026569A01,7,1,1
202000026649,2020-02-18,2020,février,mardi,10:45,75,75107,"48,8553130","2,3149120",2,1,6,1,1,4,2,4,1,1,,12,1,0,1,4,2,27,9,2,,1,0,4,1,202000026649A01,,,
202000026676,2020-02-14,2020,février,vendredi,12:00,60,60157,"49,3829490","2,4026850",2,2,3,1,1,4,2,2,1,1,,4,1,0,1,4,1,59,5,1,2,0,2,0,1,202000026676B01,7,11,1
202000026677,2020-02-19,2020,février,mercredi,15:55,22,22014,"48,4453720"," -2,2823240",1,2,3,1,1,3,2,2,4,1,, -1,1,0,1,3,1,74,5,1,2,0,2,1,2,202000026677B01,7,9,1
202000026707,2020-02-19,2020,février,mercredi,11:45,06,06105,"43,6875380","7,0703310",1,1,3,1,1,3,2,2,2,4,, -1,1,0,1,3,1,68,5,1,2/6,0,2,8,2,202000026707B01,10,17,1
202000026742,2020-09-08,2020,septembre,mardi,08:50,38,38410,"45,0850660","5,1996120",1,1,2,1,1,3,2,2,1,1,, -1,1,0,1,3,1,75,0,1,2,0,0,4,1,202000026742B01,10,1,1
202000026749,2020-09-08,2020,septembre,mardi,16:30,72,72050,"47,9602580"," -0,2292380",2,1,6,1,1,4, -1, -1,3,1,, -1,1,0,8,1,1,18,5,2,,0,1,2,0,202000026749A01,,,
202000026758,2020-09-08,2020,septembre,mardi,10:15,17,17241,"45,2066900"," -0,1577650",1,2,1,1,1,3,2,2,1,1,, -1,1,5,1,3,1,57,5,1,2,0,0,0,16,202000026758B01,17,23,1
202000026759,2020-09-08,2020,septembre,mardi,09:25,48,48009,"44,7417340","3,2876910",1,3,3,1,1,3,2,2,2,1,, -1,1,5,1,3,1,62,5,1,2,0,2,1,1,202000026759B01,7,15,1
202000026769,2020-09-07,2020,septembre,lundi,18:00,38,38052,"45,0729700","6,0129000",1,1,7,1,1,3,2,2,1,1,, -1,1,0,1,3,1,67,5,1,2,0,0,0,1,202000026769A01,,,
202000026783,2020-09-08,2020,septembre,mardi,10:12,09,09282,"43,2404550","1,5721070",2,1,3,1,1,3,2,2,1,1,, -1,1,0,1,3,1,73,5,1,2,0,2,8,1,202000026783B01,15,17,1
202000026834,2020-09-06,2020,septembre,dimanche,10:20,03,03321,"46,5535121","3,3639192",2,6,2,1,1,3,1,1,1,2,, -1,1,5,1,3,2,59,0,2,,0,2,4,1,202000026834B01,7,9,1
202000026841,2020-09-06,2020,septembre,dimanche,13:40,75,75113,"48,8222070","2,3585300",2,2,3,1,8,4,3,2,1,1,, -1,2,0,1,4,1,35,5,2,,0,2,1,1,202000026841A01,7,15,1
202000026842,2020-09-06,2020,septembre,dimanche,13:15,75,75113,"48,8338520","2,3651340",2,2,7,1,2,4,1,2,1,1,, -1,2, -1,5,4,2,48,5,2,,0,0,0,1,202000026842A01,,,
202000026845,2020-09-06,2020,septembre,dimanche,16:25,75,75107,"48,8607770","2,3253290",2,7,1,1,1,4,2,2,1,1,, -1,1, -1,5,1,1,17,5,2,,0,2,1,1,202000026845B01,1,13,1
202000026845,2020-09-06,2020,septembre,dimanche,16:25,75,75107,"48,8607770","2,3253290",2,7,1,1,1,4,2,2,1,1,, -1,1, -1,5,4,1,44,5,2,,0,2,1,13,202000026845A01,1,1,1
202000026847,2020-09-06,2020,septembre,dimanche,17:05,75,75101,"48,8604840","2,3421380",2,4,3,1,1,4,2,3,1,1,, -1,1, -1,5,4,2,28,5,2,,0,2,3,1,202000026847B01,1,11,1
202000026847,2020-09-06,2020,septembre,dimanche,17:05,75,75101,"48,8604840","2,3421380",2,4,3,1,1,4,2,3,1,1,, -1,1, -1,5,1,1,21,9,2,,0,2,3,11,202000026847A01,1,1,1
202000026848,2020-09-06,2020,septembre,dimanche,16:15,75,75103,"48,8637460","2,3548890",2,2,3,1,8,4,1,3,1,1,, -1,1,0,1,1,1,20,9,1,2,0,2,8,15,202000026848B01,32,1,1
202000026857,2020-08-05,2020,août,mercredi,20:15,22,22050,"48,4639800"," -2,0427380",2,1,1,1,1,4,2,2,1,1,, -1,1,0,1,3,1,62,5,1,2,0,2,8,1,202000026857B01,7,1,1
202000026862,2020-09-06,2020,septembre,dimanche,16:50,74,74034,"46,2830430","6,6166660",1,4,3,1,1,3,2,2,1,1,, -1,1,0,1,4,1,55,5,1,2,0,2,8,2,202000026862B01,7,2,1
202000026873,2020-09-07,2020,septembre,lundi,09:30,57,57317,"48,7753960","7,1598300",1,1,2,1,1,3,2,2,1,1,, -1,1,0,1,3,1,45,5,1,2,0,0,8,1,202000026873A01,7,17,1