Num_Acc,date,an,mois,jour,hrmn,dep,com,lat,long,agg,int,col,lum,atm,catr,circ,nbv,prof,plan,lartpc,larrout,surf,infra,situ,grav,sexe,age,trajet,secuexist,equipement,obs,obsm,choc,manv,vehiculeid,typevehicules,manoeuvehicules,numVehicules
202000026915,2020-09-06,2020,septembre,dimanche,10:50,974,97418," -20,8975960","55,5175260",1,1,2,1,1,9, -1,2,1,1,, -1,9,9,5,1,1,52,5,2,,0,9,0,17,202000026915B01,1,13,1
202000026915,2020-09-06,2020,septembre,dimanche,10:50,974,97418," -20,8975960","55,5175260",1,1,2,1,1,9, -1,2,1,1,, -1,9,9,5,3,1,67,5,1,2,0,9,0,13,202000026915A01,1,17,1
202000026924,2020-09-06,2020,septembre,dimanche,15:30,73,73256,"45,1979377","6,4642718",1,1,1,1,1,3,2,2,2,4,, -1,1,8,1,3,1,37,5,1,2,0,2,1,17,202000026924B01,7,21,1
202000026943,2020-08-06,2020,août,jeudi,10:25,85,85302,"46,9676110"," -1,0056060",1,1,3,1,1,3,2,2,2,4,, -1,1,0,1,3,1,60,5,1,2,0,2,8,1,202000026943B01,15,17,1
202000026964,2020-08-02,2020,août,dimanche,07:22,971,97116,"16,3152790"," -61,4827970",1,1,4,1,7,2,2,2,1,3,, -1,1,0,2,4,1,56,5,1,2/6/9,0,0,4,1,202000026964B01,7,14,1
202000026964,2020-08-02,2020,août,dimanche,07:22,971,97116,"16,3152790"," -61,4827970",1,1,4,1,7,2,2,2,1,3,, -1,1,0,2,4,1,57,5,1,2/6/9,0,0,4,1,202000026964C01,7,14,1
202000026969,2020-08-05,2020,août,mercredi,08:05,83,83107,"43,4631680","6,6357930",1,6,3,1,7,3,2,4,1,2,, -1,1,0,1,3,2,62,5,1,2,0,0,4,1,202000026969B01,7,1,1
202000026974,2020-08-06,2020,août,jeudi,22:30,57,57206,"49,2926730","6,1042790",2,1,7,5,1,4,2,2,2,1,, -1,1,0,1,3,1,10,5,2,,0,0,1,0,202000026974A01,,,
202000026977,2020-08-05,2020,août,mercredi,18:21,38,38344,"45,3730500","4,8128700",2,1,3,1,1,3,2,2,2,1,, -1,1,0,4,4,1,13,5,1,2,0,2,8,1,202000026977B01,7,1,1
202000026978,2020-08-07,2020,août,vendredi,07:00,38,38565,"45,3082600","5,6123700",1,1,1,1,1,4,2,2,1,3,, -1,1,0,5,4,1,57,1,1,2,0,9,1,0,202000026978B01,1,0,1
202000026978,2020-08-07,2020,août,vendredi,07:00,38,38565,"45,3082600","5,6123700",1,1,1,1,1,4,2,2,1,3,, -1,1,0,5,4,1,50,1,1,2,0,9,1,0,202000026978A01,1,0,1
202000026980,2020-08-06,2020,août,jeudi,10:00,26,26064,"44,8910560","5,0167040",1,1,2,1,1,3,2,2,1,1,, -1,1,0,1,4,1,77,5,1,2/6,0,2,3,1,202000026980B01,7,1,1
202000027068,2020-04-11,2020,avril,samedi,16:40,14,14384,"49,3139880"," -0,3524960",2,1,7,1,1,3,2,2,1,1,, -1,1,0,1,2,1,62,5,2,,0,0,9,1,202000027068A01,,,
202000027124,2020-04-08,2020,avril,mercredi,22:23,75,75115,"48,8335040","2,2986920",2,2,6,5,1,4, -1,2,2,1,,5,1,0,1,3,1,52,9,2,,1,0,1,14,202000027124A01,,,
202000027135,2020-03-10,2020,mars,mardi,09:14,974,97415," -21,0661550","55,2803650",2,1,1,1,1,9,2,2,2,1,, -1,1,0,1,3,1,18,4,2,,0,2,1,0,202000027135B01,10,0,1
202000027142,2020-08-05,2020,août,mercredi,15:45,27,27229,"49,0221000","1,1520000",2,1,2,1,1,4,1,1,1,4,, -1,1,0,1,4,1,18,0,1,2/6,0,2,1,1,202000027142A01,7,1,1
202000027184,2020-11-05,2020,novembre,jeudi,12:40,75,75115,"48,8491900","2,2904340",2,1,3,1,1,4,1,2,1,1,, -1,1,0,1,4,2,44,9,1,2,0,2,1,1,202000027184B01,7,22,1
202000027185,2020-11-05,2020,novembre,jeudi,09:00,75,75113,"48,8261740","2,3579200",2,1,3,1,1,4,2,3,2,1,, -1,1,0,1,4,1,56,1,1,2,0,2,3,1,202000027185B01,33,17,1
202000027213,2020-08-04,2020,août,mardi,23:10,75,75116,"48,8638670","2,2719780",2,2,6,5,1,4,1,2,1,1,, -1,1,0,1,3,1,27,9,2,,1,0,2,14,202000027213A01,,,
202000027222,2020-08-05,2020,août,mercredi,19:30,75,75118,"48,8987070","2,3593610",2,2,3,1,1,4,1,3,1,1,, -1,1, -1,5,1,1,49,3,1,2,0,2,6,19,202000027222A01,43,1,1
202000027240,2020-08-05,2020,août,mercredi,10:40,75,75113,"48,8388540","2,3610010",2,2,3,1,1,4,2,2,2,1,, -1,1,0,1,4,1,20,1,2,,0,2,6,1,202000027240A01,10,9,1
202000027255,2020-08-05,2020,août,mercredi,20:50,75,75107,"48,8619250","2,2988400",2,1,3,1,1,4,2,4,1,1,, -1,1, -1,5,4,2,49,5,2,,0,2,8,10,202000027255A01,50,1,1
202000027273,2020-11-04,2020,novembre,mercredi,12:06,11,11203,"43,1822030","2,7479980",2,1,3,1,1,3,2,2,1,1,, -1,1,0,1,3,1,31,1,2,,0,2,0,13,202000027273B01,7,17,1
202000027305,2020-04-08,2020,avril,mercredi,18:30,76,76452,"49,5435800","1,1042010",2,6,7,1,1,3,2,2,1,1,, -1,1,0,1,3,2,58,5,2,,0,0,8,1,202000027305A01,,,
202000027324,2020-10-01,2020,octobre,jeudi,11:30,83,83069,"43,1288856","6,1551195",2,1,2,1,1,4,1,2,1,2,, -1,1,0,1,4,1,83,5,2,,0,2,4,1,202000027324Y01,7,9,1
202000027326,2020-11-05,2020,novembre,jeudi,14:45,07,07132,"44,5364780","4,2944740",1,1,1,1,8,3,2,2,1,2,, -1,1,0,1,4,1,68,5,1,2,0,2,1,1,202000027326B01,7,13,1
202000027379,2020-11-05,2020,novembre,jeudi,17:02,01,01160,"46,2595110","6,1110590",2,6,3,2,8,3,4,4,1,1,, -1,1,8,1,4,2,27,1,2,,0,2,2,1,202000027379B01,7,1,1
202000027505,2020-02-14,2020,février,vendredi,13:00,75,75108,"48,8710840","2,3035260",2,3,2,1,1,4,2,6,1,1,,18,1, -1,5,4,1,29,9,1,2,0,2,6,1,202000027505B01,10,16,1
202000027536,2020-06-04,2020,juin,jeudi,10:05,63,63164,"45,8271374","3,1508780",2,6,3,1,1,4,2,2,1,1,, -1,1,0,1,3,1,70,5,1,2,0,2,2,1,202000027536B01,7,9,1
202000027563,2020-11-04,2020,novembre,mercredi,18:25,75,75119,"48,9003050","2,3870570",2,7,3,3,1,4,1,4,1,2,, -1,1,0,1,4,2,22,9,2,,0,2,7,19,202000027563B01,34,1,1
202000027574,2020-11-04,2020,novembre,mercredi,17:15,75,75113,"48,8222050","2,3585250",2,2,3,5,1,4,2,2,1,1,, -1,1,0,1,4,1,60,1,2,,0,2,3,1,202000027574B01,7,15,1
202000027577,2020-11-04,2020,novembre,mercredi,08:15,75,75111,"48,8527840","2,3769980",2,1,3,1,1,4,2,2,1,1,, -1,1, -1,6,4,2,30,9,1,2,0,2,1,1,202000027577B01,10,22,1
202000027581,2020-04-07,2020,avril,mardi,10:05,75,75120,"48,8646680","2,3945160",2,3,3,1,1,4,2,2,2,1,,7,1,0,1,4,1,32,9,1,2,0,2,7,1,202000027581B01,99,15,1
202000027582,2020-06-04,2020,juin,jeudi,09:54,45,45068,"48,0180825","2,7151919",2,1,7,1,3,3,2,2,1,1,,4,3,0,1,4,1,21,1,2,,0,0,8,1,202000027582A01,,,
202000027604,2020-10-02,2020,octobre,vendredi,08:10,75,75116,"48,8721380","2,2795710",2,2,6,1,3,4,2,4,1,1,, -1,2, -1,5,1,1,32,1,1,2,0,1,1,1,202000027604A01,,,
202000027627,2020-10-02,2020,octobre,vendredi,08:00,75,75110,"48,8719470","2,3688960",2,1,2,1,2,4,2,2,2,1,, -1,2,0,1,4,1,17,2,2,,0,2,5,1,202000027627B01,10,20,1
202000027636,2020-05-29,2020,mai,vendredi,16:08,29,29019,"48,4226187"," -4,4759439",2,6,3,1,1,4,2,0,1,3,, -1,1,5,1,4,1,47,0,1,2,0,0,0,0,202000027636B01,7,6,1
202000027667,2020-06-03,2020,juin,mercredi,15:00,05,05061,"44,5665700","6,0874600",2,1,7,1,1,4,2,2,2,1,, -1,1,0,1,3,1,25,9,2,,0,0,0,1,202000027667A01,,,
202000027669,2020-06-05,2020,juin,vendredi,20:35,75,75120,"48,8649100","2,4107770",2,1,7,1,2,4,2,4,2,1,, -1,2, -1,6,4,1,28,5,2,,0,0,1,7,202000027669A01,,,
202000027671,2020-06-05,2020,juin,vendredi,19:10,75,75120,"48,8576380","2,4039030",2,2,3,2,1,4,2,3,1,1,, -1,1,0,1,4,2,27,5,2,,0,2,8,17,202000027671A01,10,15,1
202000027678,2020-06-05,2020,juin,vendredi,12:50,75,75116,"48,8608120","2,2752160",2,3,6,1,8,4,2,2,1,1,, -1,1,0,1,4,1,31,9,2,,0,1,7,1,202000027678A01,,,
202000027689,2020-06-05,2020,juin,vendredi,17:50,75,75114,"48,8278390","2,3289510",2,3,2,1,8,4,2,3,1,1,, -1,1,0,1,4,1,18,5,2,,0,2,1,1,202000027689A01,7,23,1
202000027691,2020-06-05,2020,juin,vendredi,09:19,75,75113,"48,8430730","2,3663220",2,4,3,1,1,4,1,1,1,1,, -1,1, -1,5,4,1,42,1,2,,0,2,1,1,202000027691B01,7,16,1
202000027700,2020-06-04,2020,juin,jeudi,13:30,75,75108,"48,8710890","2,3034860",2,3,3,1,2,4,2,8,1,1,, -1,2, -1,5,4,1,32,4,1,2,0,2,1,1,202000027700B01,7,16,1
202000027702,2020-06-05,2020,juin,vendredi,11:00,75,75103,"48,8568210","2,3660330",2,2,3,1,1,4,1,1,1,1,, -1,1,0,1,4,2,24,9,2,,0,2,3,1,202000027702B01,7,1,1
202000027748,2020-10-01,2020,octobre,jeudi,12:40,66,66149,"42,6235980","2,4421670",1,1,3,1,1,2,2,2,1,1,, -1,1,0,1,3,1,64,5,1,2,0,2,3,2,202000027748B01,7,17,1
202000027767,2020-06-06,2020,juin,samedi,15:45,45,45247,"48,0041179","2,6748758",1,3,3,1,1,4,2,2,1,1,,7,1,0,1,3,1,57,5,1,2,0,0,1,1,202000027767B01,7,15,1
202000027778,2020-10-02,2020,octobre,vendredi,07:40,91,91661,"48,6985160","2,2302670",2,1,1,2,3,4,2,2,2,1,, -1,2,0,1,3,2,59,1,2,,0,2,1,1,202000027778B01,7,11,1
202000027783,2020-06-06,2020,juin,samedi,10:20,49,49125,"47,1929930"," -0,2895280",2,6,2,1,1,4, -1,2,1,2,,7,1,0,1,4,1,68,5,2,,0,0,4,26,202000027783B01,7,26,1
202000027786,2020-06-04,2020,juin,jeudi,15:56,31,31095,"43,0329020","0,7437120",1,1,7,1,1,3,2,2,2,3,, -1,1,0,1,3,1,77,5,2,,0,0,0,0,202000027786A01,,,
202000027794,2020-06-03,2020,juin,mercredi,10:30,64,64499,"43,4718940"," -0,9241540",2,7,1,1,1,3,2,2,1,1,, -1,1,0,1,3,1,52,3,1,2,0,2,1,1,202000027794B01,7,1,1
202000027818,2020-06-06,2020,juin,samedi,11:30,34,34226,"43,3529490","2,9868010",1,2,3,1,1,3,2,1,1,3,,"3,5",1,0,1,3,1,24,5,1,2/6,0,2,6,9,202000027818B01,7,1,1
202000027820,2020-06-06,2020,juin,samedi,10:20,13,13022,"43,2292970","5,5502200",2,3, -1,1,1,3,2,2,1,1,,7,1,5,1,4,1,50,5,2,,0,2,1,1,202000027820C01,1,1/19,2
202000027820,2020-06-06,2020,juin,samedi,10:20,13,13022,"43,2292970","5,5502200",2,3, -1,1,1,3,2,2,1,1,,7,1,5,1,3,1,46,5,2,,0,2,1,1,202000027820B01,1,1/19,2
202000027820,2020-06-06,2020,juin,samedi,10:20,13,13022,"43,2292970","5,5502200",2,3, -1,1,1,3,2,2,1,1,,7,1,5,1,4,2,16,5,2,,0,2,3,19,202000027820A01,1,1,2
202000027822,2020-06-02,2020,juin,mardi,19:20,57,57207,"49,1150080","6,8604950",2,4,4,1,1,4,2,2,2,3,, -1,1,0,1,3,1,37,5,1,2,0,2,1,1,202000027822B01,7,15,1
202000027822,2020-06-02,2020,juin,mardi,19:20,57,57207,"49,1150080","6,8604950",2,4,4,1,1,4,2,2,2,3,, -1,1,0,1,4,2,30,5,1,2,0,2,1,1,202000027822C01,7,15,1
202000027884,2020-06-04,2020,juin,jeudi,10:55,27,27562,"49,1042800","1,4599900",2,9,3,1,1,4, -1,2,1,1,, -1,1,0,1,4,1,67,3,2,,0,2,8,0,202000027884B01,7,16,1
202000027999,2020-12-15,2020,décembre,mardi,17:17,75,75105,"48,8501720","2,3481260",2,3,1,2,2,4,1,3,1,1,, -1,2, -1,6,1,1,22,1,1,2,0,2,1,1,202000027999B01,50,5,1
202000028008,2020-12-15,2020,décembre,mardi,17:15,75,75112,"48,8380890","2,3997150",2,3,7,5,2,4,2,2,2,1,, -1,2, -1,5,4,2,25,1,1,2,0,0,2,1,202000028008A01,,,
202000028042,2020-12-16,2020,décembre,mercredi,10:40,31,31157,"43,5446420","1,3455310",2,3,3,1,1,4,2,2,1,1,, -1,1,9,5,4,1,13,2,2,,0,2,1,1,202000028042B01,10,16,1
202000028092,2020-01-16,2020,janvier,jeudi,10:27,57,57463,"49,1146000","6,1800900",2,1,3,1,1,9,1,1,1,1,, -1,1,0,1,4,2,77,0,2,,0,2,1,1,202000028092B01,7,1,1
202000028137,2020-01-15,2020,janvier,mercredi,10:55,75,75105,"48,8485980","2,3415980",2,1,6,1,1,4,2,4,2,1,, -1,1, -1,6,4,1,51,9,1,2,0,1,1,7,202000028137A01,,,
202000028151,2020-01-16,2020,janvier,jeudi,22:20,75,75111,"48,8658116","2,3715333",2,4,3,5,1,4,2,2,1,1,,4,1,0,1,4,1,32,5,1,2,0,2,2,1,202000028151B01,7,22,1
202000028153,2020-01-16,2020,janvier,jeudi,18:00,75,75110,"48,8769024","2,3610298",2,1,1,5,1,4,2,4,2,1,, -1,1, -1,5,4,1,19,2,1,2,0,2,0,1,202000028153B01,50,12,1
202000028154,2020-01-15,2020,janvier,mercredi,12:50,75,75110,"48,8745766","2,3507117",2,1,3,1,1,4,1,1,2,1,, -1,1,0,1,4,1,31,4,1,2,0,2,0,17,202000028154B01,7,22,1
202000028158,2020-01-16,2020,janvier,jeudi,09:30,75,75101,"48,8605592","2,3493534",2,2,6,1,1,4,1,4,1,1,,12,1, -1,5,1,1,27,1,1,2,0,1,1,1,202000028158A01,,,
202000028199,2020-01-16,2020,janvier,jeudi,18:35,973,97305,"4,9321293"," -52,3999712",1,1,2,2,1,2,2,2,1,1,, -1,2,0,1,3,1,10,5,2,,0,0,4,1,202000028199B01,7,1,1
202000028232,2020-01-14,2020,janvier,mardi,19:00,85,85191,"46,6734400"," -1,4281400",2,1,3,5,1,4,2,2,1,1,, -1,1,0,1,4,1,21,2,2,,1,0,2,0,202000028232B01,7,22,1
202000028297,2020-07-07,2020,juillet,mardi,12:20,75,75116,"48,8650110","2,2886910",2,5,5,1,1,4,2,2,1,1,, -1,1,0,1,1,1,34,5,1,2,0,2,1,1,202000028297C01,30/ 7,1/15,2
202000028298,2020-07-07,2020,juillet,mardi,07:50,75,75108,"48,8737610","2,3177160",2,1,3,1,1,4,1,1,1,1,, -1,1,0,1,4,2,49,9,1,2/4,0,2,4,1,202000028298B01,7,18,1
202000028302,2020-07-07,2020,juillet,mardi,16:05,75,75113,"48,8241720","2,3768070",2,2,6,1,1,4,1,2,2,1,, -1,1, -1,5,1,1,27,1,2,,0,1,1,1,202000028302A01,,,
202000028306,2020-07-05,2020,juillet,dimanche,11:00,75,75112,"48,8358920","2,4056360",2,4,3,1,1,4,2,4,1,1,, -1,1,0,1,4,1,56,5,1,2,0,2,8,1,202000028306B01,7,15,1
202000028381,2020-07-07,2020,juillet,mardi,13:52,85,85128,"46,4562700"," -1,1556800",2,1, -1,1,1,3,2,2,1,1,, -1,1,0,1,4,1,40,0,2,,0,0,8,2,202000028381A01,2,2,1
202000028392,2020-07-06,2020,juillet,lundi,10:40,83,83035,"43,2526580","5,7752900",1,6,2,1,1,3,2,2,1,3,, -1,1,9,1,3,1,80,5,1,2,0,2,1,2,202000028392B01,33,2,1
202000028437,2020-07-06,2020,juillet,lundi,15:50,77,77482,"48,3610619","2,9180472",2,1,2,1,1,3,3,4,1,1,, -1,1,5,1,2,1,77,5,1,2,0,2,8,1,202000028437B01,10,17,1
202000028480,2020-02-15,2020,février,samedi,12:25,75,75116,"48,8471890","2,2584790",2,1,3,1,1,4,2,4,1,1,, -1,1,0,1,4,2,50,5,1,2,0,2,1,1,202000028480B01,7,22,1
202000028483,2020-02-17,2020,février,lundi,16:30,75,75112,"48,8475540","2,4018890",2,1,3,1,1,4,1,1,1,1,, -1,1,0,1,4,1,35,1,1,2,0,2,1,1,202000028483B01,7,22,1
202000028485,2020-02-16,2020,février,dimanche,23:15,75,75111,"48,8551170","2,3871370",2,2,3,5,2,4,2,2,2,1,,4,2,0,1,4,2,30,9,1,2,0,2,7,1,202000028485B01,7,1,1
202000028539,2020-02-16,2020,février,dimanche,06:18,988,98818," -22,2595900","166,4748800",2,1,7,1,1,4,2,2,1,1,, -1,9,0,1,4,1,53,5,1,2,0,0,0,1,202000028539A01,,,
202000028575,2020-02-16,2020,février,dimanche,20:20,75,75118,"48,8980110","2,3424400",2,3, -1,5,2,4,3,2,1,1,,4,2, -1,5,4,1,13,9,2,,0,2,1,15,202000028575A01,7,16,1
202000028577,2020-02-16,2020,février,dimanche,15:30,75,75107,"48,8599500","2,3131100",2,2,3,1,1,4,1,3,1,1,,"10,5",1, -1,5,4,1,30,1,1,2/6,0,2,1,1,202000028577B01,7,15,1
202000028598,2020-02-17,2020,février,lundi,07:20,35,35009,"48,5079540"," -1,7408100",1,1,2,3,1,3,2,2,2,1,, -1,1,0,1,3,2,23,1,1,4/9,0,2,4,1,202000028598B01,7,1,1
202000028600,2020-02-17,2020,février,lundi,06:00,70,70339,"47,7372450","6,5503410",1,1,3,3,1,3,2,2,3,1,,7,1,0,1,4,1,61,1,1,4,0,0,8,1,202000028600B01,7,2,1
202000028614,2020-02-14,2020,février,vendredi,15:30,77,77168,"48,1758840","2,8717610",1,9, -1,2,8,6, -1, -1,1,1,, -1,1,0,8,3,1,71,5,1,2,0,2,6,1,202000028614B01,10,4,1
202000028620,2020-02-17,2020,février,lundi,18:20,07,07324,"45,0722360","4,8223440",2,1,3,5,2,3,2,2,1,3,, -1,2,0,1,4,2,17,1,2,,0,2,7,19,202000028620A01,7,1,1
202000028660,2020-02-15,2020,février,samedi,14:45,13,13204,"43,3062360","5,3939880",2,1, -1,1,1,4,2,2,2,1,, -1,1,0,1,3,1,50,5,1,2,1,2,3,1,202000028660B01,7,22,1
202000028660,2020-02-15,2020,février,samedi,14:45,13,13204,"43,3062360","5,3939880",2,1, -1,1,1,4,2,2,2,1,, -1,1,0,1,1,1,5,5,1,2,1,2,3,1,202000028660B01,7,22,1
202000028723,2020-09-05,2020,septembre,samedi,10:15,33,33063,"44,8657400"," -0,5763400",2,7,3,1,1,4,1,5,1,2,, -1,1,0,8,4,2,38,0,2,,0,2,1,19,202000028723B01,7,16,1
202000028723,2020-09-05,2020,septembre,samedi,10:15,33,33063,"44,8657400"," -0,5763400",2,7,3,1,1,4,1,5,1,2,, -1,1,0,8,4,2,3,0,2,,0,2,1,19,202000028723B01,7,16,1
202000028745,2020-09-05,2020,septembre,samedi,10:35,75,75112,"48,8473440","2,3753230",2,3,7,1,1,4,2,1,1,1,, -1,1, -1,5,4,2,32,5,2,,0,0,0,21,202000028745A01,,,
202000028746,2020-09-05,2020,septembre,samedi,10:45,75,75110,"48,8726200","2,3740030",2,1,3,1,1,4,1,1,2,1,, -1,1,0,1,4,1,31,1,2,,0,2,2,1,202000028746B01,7,9,1
202000028793,2020-09-06,2020,septembre,dimanche,11:05,18,18001,"47,2908880","2,4511960",1,1,2,1,1,4,2,2,1,1,, -1,1,0,1,4,2,55,5,1,2,0,2,1,2,202000028793B01,1,2,1
202000028793,2020-09-06,2020,septembre,dimanche,11:05,18,18001,"47,2908880","2,4511960",1,1,2,1,1,4,2,2,1,1,, -1,1,0,1,3,1,62,5,1,2,0,2,1,2,202000028793A01,1,2,1
202000028949,2020-04-04,2020,avril,samedi,19:00,972,97213,"14,6334800"," -61,0084100",1,1, -1,4,1,3,2,2,1,1,,5,1,0,1,3,1,67,0,2,,0,2,4,1,202000028949B01,7,1,1
202000028957,2020-04-04,2020,avril,samedi,11:23,75,75103,"48,8684190","2,3552740",2,2,3,1,1,4,1,3,1,1,,9,1,0,1,4,2,42,1,2,,0,2,2,1,202000028957A01,7,22,1
202000028969,2020-04-05,2020,avril,dimanche,12:10,60,60029,"49,3638460","1,9732050",1,6,3,1,1,3,1,2,1,2,, -1,1,0,1,3,1,49,3,2,,0,2,1,1,202000028969B01,7,1,1
202000029112,2020-08-03,2020,août,lundi,23:45,75,75116,"48,8586790","2,2846370",2,7,3,5,1,4,1,2,1,2,, -1,1,0,1,4,1,29,9,1,2,0,2,7,1,202000029112A01,7,1,1
202000029115,2020-08-03,2020,août,lundi,09:00,75,75112,"48,8446710","2,4057360",2,5,3,1,1,4,2,4,1,1,, -1,1,0,1,4,1,63,9,1,2,0,2,7,9,202000029115B01,7,16,1
202000029118,2020-08-04,2020,août,mardi,15:20,75,75108,"48,8643700","2,3203640",2,7,6,1,1,4,4,6,1,1,, -1,1, -1,5,4,2,70,5,2,,12,0,8,13,202000029118A01,,,
202000029141,2020-08-04,2020,août,mardi,14:00,974,97422," -21,2769980","55,5018940",1,3,3,1,1,4,2,2,4,1,, -1,1,0,1,3,1,11,5,2,,0,2,1,1,202000029141A01,13,1,1
202000029145,2020-08-04,2020,août,mardi,17:35,74,74025,"46,2832280","6,3468250",1,2,3,1,1,3,2,2,2,1,, -1,1,5,1,3,1,37,1,1,2,0,2,1,1,202000029145B01,10,19,1
202000029155,2020-08-05,2020,août,mercredi,10:40,42,42204,"45,4213920","4,0631600",2,6,3,1,1,3,1,2,1,2,, -1,1,0,1,4,1,41,5,1,2,0,2,7,2,202000029155B01,7,2,1
202000029159,2020-08-02,2020,août,dimanche,10:00,34,34279,"43,5063790","3,1019850",1,1,1,1,1,3,2,2,2,3,, -1,1,0,1,3,1,51,5,1,2,0,2,3,1,202000029159A01,7,1,1
202000029161,2020-08-05,2020,août,mercredi,17:30,29,29292,"47,8893546"," -4,3412894",1,3,3,1,1,3,2,2,1,1,, -1,1,5,1,3,1,65,5,1,2,0,2,8,15,202000029161A01,2,1,1
202000029165,2020-08-04,2020,août,mardi,08:30,72,72381,"47,9385800","0,1115910",1,6,3,1,1,3,2,2,1,2,, -1,1,5,1,4,1,47,5,1,2,0,2,8,1,202000029165B01,7,16,1
202000029170,2020-08-05,2020,août,mercredi,10:40,16,16213,"45,7365900","0,5258310",1,1,2,1,7,3,2,2,2,1,0,"6,4",1,0,1,2,1,75,5,1,2/6/9,0,2,4,1,202000029170B01,7,1,1
202000029177,2020-08-04,2020,août,mardi,10:20,85,85128,"46,4508020"," -1,1623780",2,6,3,1,1,3,2,2,1,1,, -1,1,5,1,3,1,78,3,2,,0,2,8,26,202000029177B01,7,0,1
202000029188,2020-08-01,2020,août,samedi,08:15,32,32117,"43,6658930","0,5579420",1,3,7,1,1,2,2,2,3,1,, -1,1,0,1,3,1,82,5,1,2,0,0,9,1,202000029188A01,,,
202000029295,2020-11-03,2020,novembre,mardi,13:25,75,75113,"48,8222060","2,3585200",2,2,3,1,1,4,2,4,1,1,, -1,1,0,1,4,2,30,9,2,,0,2,1,19,202000029295B01,7,1,1
202000029297,2020-11-03,2020,novembre,mardi,09:05,75,75111,"48,8652930","2,3744900",2,2, -1,1,1,4,2,1,2,1,, -1,1,0,1,4,2,50,9,2,,0,2,4,21,202000029297A01,10,17,1
202000029302,2020-11-03,2020,novembre,mardi,19:10,94,94046,"48,8156180","2,4409180",2,1,2,5,1,4,2,2,1,1,, -1,1,0,1,4,2,16,0,2,,0,2,3,1,202000029302B01,7,1,1
202000029363,2020-10-27,2020,octobre,mardi,13:58,47,47032,"44,1873660","0,6637580",2,3,3,1,1,4,2,2,1,1,, -1,1,0,1,4,1,73,5,1,2/6,0,2,1,17,202000029363B01,7,15,1
202000029385,2020-11-02,2020,novembre,lundi,16:55,75,75118,"48,8852540","2,3495180",2,3,6,3,2,4,2,4,1,1,, -1,2, -1,5,1,1,32,9,1,2,0,1,1,1,202000029385A01,,,
202000029434,2020-06-01,2020,juin,lundi,18:25,75,75105,"48,8483330","2,3545920",2,1,6,1,1,4,2,2,1,1,, -1,1,0,1,1,1,21,1,2,,0,1,1,1,202000029434A01,,,
202000029496,2020-06-03,2020,juin,mercredi,15:40,22,22222,"48,6877360"," -2,9310830",2,3,3,1,1,3,2,2,1,1,, -1,1,0,1,4,1,71,5,1,2,0,2,1,1,202000029496B01,7,15,1
202000029503,2020-06-03,2020,juin,mercredi,12:00,01,01321,"46,1609840","5,3455000",1,2,3,1,1,3,2,2,1,1,, -1,1,0,1,3,1,76,5,1,2,0,2,6,1,202000029503B01,7,1,1
202000029525,2020-06-05,2020,juin,vendredi,16:20,85,85084,"46,7779630"," -1,2378130",2,2,3,1,1,3,2,2,1,1,,5,1,0,1,4,1,15,5,2,,0,2,1,1,202000029525A01,7,1,1
202000029606,2020-10-01,2020,octobre,jeudi,07:05,75,75117,"48,8839740","2,2908790",2,2,3,2,2,4,1,1,1,1,, -1,2,0,1,4,1,44,9,1,2,0,2,8,1,202000029606B01,7,1,1
202000029615,2020-10-01,2020,octobre,jeudi,17:05,75,75113,"48,8240410","2,3770110",2,2,6,1,2,4,2,4,2,1,, -1,2,0,1,4,1,21,1,1,2,0,1,1,1,202000029615A01,,,
202000029621,2020-10-01,2020,octobre,jeudi,17:35,75,75119,"48,8997170","2,3711280",2,2,3,1,8,4,3,3,1,1,, -1,1, -1,6,4,1,31,4,1,2,0,2,7,5,202000029621A01,37,7,1
202000029637,2020-10-01,2020,octobre,jeudi,21:20,75,75107,"48,8628280","2,3134660",2,2,3,5,8,4,2,5,1,1,, -1,1, -1,5,4,1,58,1,1,2,0,2,7,1,202000029637B01,7,16,1
202000029678,2020-06-03,2020,juin,mercredi,13:25,45,45232,"47,8443271","1,9201453",2,3,4,1,1,4,2,1,1,1,,3,1,0,1,4,2,51,1,2,,0,2,8,1,202000029678A01,7,16,2
202000029681,2020-06-04,2020,juin,jeudi,00:10,34,34172,"43,5952200","3,8618800",2,3,3,5,2,4,2,4,2,1,, -1,2,5,5,3,1,28,4,2,,0,2,1,1,202000029681B01,7,15,1
202000029692,2020-06-02,2020,juin,mardi,19:00,22,22278,"48,5168345"," -2,7773738",2,1,3,1,1,4,2,2,1,1,, -1,1,0,1,4,1,20,5,1,2,0,2,1,1,202000029692B01,7,26,1
202000029700,2020-10-01,2020,octobre,jeudi,05:20,51,51030,"49,0511352","4,0147916",2,1,7,5,1,4,2,2,1,1,, -1,1,0,1,4,1,35,1,2,,15,0,3,1,202000029700A01,,,
202000029742,2020-06-03,2020,juin,mercredi,12:45,75,75119,"48,8982350","2,3862060",2,2,3,1,1,4,2,2,1,1,, -1,1,0,5,4,1,23,4,2,,0,2,3,1,202000029742Y01,33,15,1