Num_Acc,date,an,mois,jour,hrmn,dep,com,lat,long,agg,int,col,lum,atm,catr,circ,nbv,prof,plan,lartpc,larrout,surf,infra,situ,grav,sexe,age,trajet,secuexist,equipement,obs,obsm,choc,manv,vehiculeid,typevehicules,manoeuvehicules,numVehicules
202000029756,2020-08-18,2020,août,mardi,14:00,10,10021,"48,4471860","4,2507990",2,9,3,1,1,3,2,2,1,1,, -1,1,0,1,4,1,48,5,1,2,0,2,3,1,202000029756B01,7,15,1
202000029761,2020-06-03,2020,juin,mercredi,12:40,75,75104,"48,8539180","2,3648450",2,2,6,1,1,4,2,4,1,1,, -1,1,0,5,1,1,59,5,2,,0,1,8,7,202000029761A01,,,
202000029764,2020-10-01,2020,octobre,jeudi,15:45,33,33042,"44,4404750"," -0,8125810",1,1,1,1,1,3,2,2,1,1,, -1,1,0,1,3,1,67,5,1,2/4/6,0,2,1,1,202000029764B01,7,13,1
202000029767,2020-09-30,2020,septembre,mercredi,11:15,14,14228,"49,2946350"," -0,3777350",2,6,3,1,1,3,2,2,1,1,, -1,1,0,1,3,2,70,5,2,,0,0,7,1,202000029767B01,7,9,1
202000029886,2020-12-13,2020,décembre,dimanche,22:18,75,75115,"48,8338820","2,3081130",2,2,3,5,2,4,2,2,1,1,, -1,2,0,1,4,1,38,4,1,2,0,2,2,1,202000029886A01,7,15,1
202000029889,2020-12-14,2020,décembre,lundi,15:45,75,75112,"48,8508650","2,3701670",2,1,3,1,1,4,1,4,1,1,, -1,2, -1,6,1,1,42,9,1,2,0,2,8,13,202000029889A01,50,17,1
202000029890,2020-12-13,2020,décembre,dimanche,15:05,75,75112,"48,8473440","2,3867850",2,2,2,1,2,4,2,2,1,1,, -1,2,0,1,4,2,26,3,2,,0,2,1,15,202000029890A01,7,23,1
202000029892,2020-12-14,2020,décembre,lundi,13:30,75,75111,"48,8675220","2,3686380",2,1,6,1,8,4,2,2,1,1,, -1,2, -1,5,1,1,21,5,1,2,0,1,1,1,202000029892A01,,,
202000029920,2020-12-15,2020,décembre,mardi,16:00,62,62100,"50,4231850","1,8941970",2,1,2,1,1,3,2,2,1,1,, -1,1,0,1,3,1,75,5,2,,0,2,4,2,202000029920B01,7,2,1
202000029936,2020-12-15,2020,décembre,mardi,19:00,02,02173,"49,6150480","3,2158990",2,6,3,5,1,3,2,1,1,1,, -1,2,0,1,4,1,37,3,2,,0,2,0,1,202000029936B01,7,1,1
202000029938,2020-12-15,2020,décembre,mardi,14:00,14,14578,"49,3670320","0,1426080",1,1,2,1,1,3,2,2,1,1,, -1,1,0,1,4,1,70,5,1,2,1,0,1,2,202000029938B01,15,24,1
202000029956,2020-12-11,2020,décembre,vendredi,18:40,69,69072,"45,8108600","4,7304300",1,1,2,2,2,4,2,2,1,1,, -1,2,0,1,4,1,27,1,2,,0,2,4,14,202000029956A01,7,2,1
202000030031,2020-01-13,2020,janvier,lundi,08:54,05,05061,"44,5610600","6,0772300",2,1,3,1,1,4,1,2,1,2,, -1,1,0,1,4,1,12,9,2,,0,2,2,19,202000030031B01,7,1,1
202000030037,2020-01-14,2020,janvier,mardi,09:40,75,75119,"48,8781380","2,3717810",2,1,3,1,8,4,2,2,2,1,, -1,1,0,1,4,1,28,1,1,2,0,2,1,1,202000030037B01,7,22,1
202000030038,2020-01-14,2020,janvier,mardi,19:00,75,75118,"48,8866059","2,3260100",2,3,3,5,1,4,2,3,1,1,,"10,5",1,0,1,1,1,21,9,1,2,0,2,8,23,202000030038B01,33,17,1
202000030043,2020-01-13,2020,janvier,lundi,18:15,75,75116,"48,8585640","2,2448870",2,2,5,2,2,4,2,3,1,1,,9,2,0,1,4,2,38,9,1,2,0,2,8,25,202000030043C01,7,15/1,2
202000030045,2020-01-14,2020,janvier,mardi,20:50,75,75110,"48,8767130","2,3542020",2,1,3,5,1,4,2,2,1,1,, -1,1, -1,5,4,2,37,9,1,2,0,2,1,1,202000030045B01,7,22,1
202000030047,2020-01-14,2020,janvier,mardi,18:00,75,75109,"48,8717602","2,3413842",2,1,6,5,1,4,2,3,1,1,, -1,1, -1,6,1,1,35,9,1,2,0,1,0,7,202000030047A01,,,
202000030048,2020-01-14,2020,janvier,mardi,13:30,75,75108,"48,8641413","2,3203214",2,7,6,1,1,4,2,4,1,1,,9,1, -1,5,4,1,77,5,1,2,12,0,8,1,202000030048A01,,,
202000030092,2020-01-14,2020,janvier,mardi,17:25,973,97309,"4,8865662"," -52,2759832",2,2,3,1,1,4,2,2,2,1,, -1,1,0,1,3,1,17,9,2,,0,2,3,26,202000030092B01,10,1,1
202000030196,2020-01-14,2020,janvier,mardi,23:50,75,75105,"48,8456902","2,3459051",2,7,3,5,1,4,1,2,1,1,,7,1,0,1,4,2,26,5,1,2,0,2,1,19,202000030196B01,7,1,1
202000030207,2020-07-06,2020,juillet,lundi,12:45,75,75117,"48,8829150","2,3090440",2,7,7,1,1,4,2,2,1,1,, -1,1,0,1,4,1,18,9,2,,0,0,1,1,202000030207A01,,,
202000030209,2020-07-06,2020,juillet,lundi,18:30,75,75116,"48,8649850","2,2903320",2,3,2,1,1,4,1,1,2,1,, -1,1,0,1,4,1,38,9,1,2,0,2,1,1,202000030209A01,7,23,1
202000030212,2020-07-06,2020,juillet,lundi,17:50,75,75118,"48,8850580","2,3513160",2,3,1,1,1,4,1,1,2,1,, -1,1,0,1,4,1,42,9,2,,0,2,1,5,202000030212B01,7,5,1
202000030214,2020-07-06,2020,juillet,lundi,00:20,75,75109,"48,8838640","2,3285790",2,4,3,5,1,4,1,2,1,1,, -1,1, -1,6,4,2,41,5,2,,0,2,1,19,202000030214B01,7,7,1
202000030217,2020-07-06,2020,juillet,lundi,19:15,75,75107,"48,8628280","2,3134560",2,2,3,1,1,4,2,6,1,1,, -1,1, -1,5,1,2,28,5,2,,0,2,5,15,202000030217B01,50,1,1
202000030219,2020-07-05,2020,juillet,dimanche,02:35,75,75101,"48,8590930","2,3464340",2,2,1,5,1,4,2,3,1,1,, -1,1, -1,5,1,1,26,5,2,,0,2,7,1,202000030219B01,50,13,1
202000030220,2020-07-06,2020,juillet,lundi,18:05,75,75102,"48,8650500","2,3440560",2,3,3,1,1,4,2,2,1,1,, -1,1,0,1,4,1,33,5,1,2,0,2,2,17,202000030220B01,30,17,1
202000030260,2020-07-07,2020,juillet,mardi,12:00,47,47195,"44,1348330","0,3390740",2,4,3,1,1,3,2,2,1,1,, -1,1,0,1,3,1,11,5,2,,0,2,8,19,202000030260B01,15,1,1
202000030281,2020-07-07,2020,juillet,mardi,09:15,67,67506,"48,6656080","7,7156230",2,2,3,1,1,4,1,2,1,1,, -1,1,0,1,4,2,51,1,2,,0,2,1,1,202000030281B01,7,12,1
202000030285,2020-06-27,2020,juin,samedi,21:10,987,98715," -17,5582230"," -149,5978780",2,9,6,5,1,4,2,2,2,2,, -1,1,0,3,2,1,40,5,1,4,15,0,1,26,202000030285A01,,,
202000030290,2020-07-07,2020,juillet,mardi,16:55,45,45244,"47,7675670","2,4782590",2,1,3,1,1,3,2,2,1,1,, -1,1,0,1,4,1,17,5,2,,0,0,3,0,202000030290B01,7,0,1
202000030292,2020-07-02,2020,juillet,jeudi,05:00,25,25632,"47,4764270","6,7706730",2,1,6,2,2,9, -1,1,2,1,, -1,2,2,1,2,1,42,5,2,,5,0,1,1,202000030292A01,,,
202000030295,2020-07-06,2020,juillet,lundi,15:30,01,01160,"46,2577890","6,1141320",2,2,3,1,1,3,2,2,1,1,, -1,1,5,1,3,1,79,5,2,,0,2,8,1,202000030295A01,2,1,1
202000030297,2020-07-05,2020,juillet,dimanche,11:00,69,69254,"45,9604510","4,4155170",1,1,3,1,1,3,2,2,2,2,,7,1,0,1,3,1,80,5,1,2,0,0,8,1,202000030297B01,7,17,1
202000030373,2020-07-05,2020,juillet,dimanche,12:50,75,75107,"48,8611250","2,3241890",2,3,7,1,1,4,1,1,1,1,, -1,1, -1,5,4,1,25,5,2,,0,0,0,1,202000030373A01,,,
202000030402,2020-02-15,2020,février,samedi,04:15,75,75107,"48,8516530","2,3125440",2,2, -1,5,1,4,1,2,1,1,,5,1,0,1,4,1,29,1,1,2,0,2,3,16,202000030402A01,7,1,1
202000030508,2020-02-12,2020,février,mercredi,09:49,63,63113,"45,7852800","3,1417800",2,1, -1,1,1,7,2,3,1,1,, -1,1,0,1,4,2,28,0,2,,0,2,4,1,202000030508B01,7,12,1
202000030566,2020-02-14,2020,février,vendredi,08:50,75,75117,"48,8924420","2,3247890",2,2,3,1,1,4,2,2,1,1,,7,1, -1,5,4,1,32,1,2,,0,2,0,15,202000030566A01,34,1,1
202000030571,2020-02-14,2020,février,vendredi,08:07,75,75108,"48,8746050","2,3268550",2,1,3,1,1,4,1,3,2,1,, -1,1,0,1,4,1,49,9,1,2,0,2,8,13,202000030571A01,32,1,1
202000030572,2020-02-14,2020,février,vendredi,21:30,75,75101,"48,8667310","2,3282780",2,1,6,5,1,4,1,1,1,1,, -1,1,0,1,4,1,56,9,2,,1,0,1,14,202000030572A01,,,
202000030608,2020-04-01,2020,avril,mercredi,18:00,973,97307,"4,8747120"," -52,3317030",2,9,2,1,9,4,2,2,1,1,, -1,2,5,1,3,1,22,3,2,,0,9,4,1,202000030608B01,7,1,1
202000030618,2020-03-28,2020,mars,samedi,20:39,63,63113,"45,7755100","3,0820900",2,2,3,5,1,4,1,1,1,1,, -1,1,9,1,4,1,20,0,2,,0,2,0,1,202000030618B01,7,1,1
202000030618,2020-03-28,2020,mars,samedi,20:39,63,63113,"45,7755100","3,0820900",2,2,3,5,1,4,1,1,1,1,, -1,1,9,1,3,2,17,5,2,,0,2,0,1,202000030618B01,7,1,1
202000030630,2020-02-12,2020,février,mercredi,14:20,95,95352,"49,1215580","2,4029370",1,1,2,1,1,3,2,2,1,3,, -1,1,0,1,3,1,76,5,1,2/9,0,2,1,1,202000030630A01,1,1,1
202000030630,2020-02-12,2020,février,mercredi,14:20,95,95352,"49,1215580","2,4029370",1,1,2,1,1,3,2,2,1,3,, -1,1,0,1,4,1,69,5,1,2/9,0,2,4,1,202000030630B01,1,1,1
202000030706,2020-03-25,2020,mars,mercredi,20:30,75,75106,"48,8561060","2,3404140",2,2,3,5,1,4,2,5,1,1,, -1,1, -1,5,4,2,69,9,1,2,0,2,7,1,202000030706B01,7,16,1
202000030709,2020-03-26,2020,mars,jeudi,21:25,75,75111,"48,8688370","2,3762990",2,2,3,5,1,4,2,2,1,1,, -1,1, -1,5,4,1,26,1,1,2,0,2,1,1,202000030709B01,10,1,1
202000030801,2020-09-03,2020,septembre,jeudi,12:35,63,63113,"45,7737600","3,0753700",2,5, -1,1,1,4,1,2,1,2,, -1,1,9,1,4,2,25,1,1,2,0,2,4,1,202000030801B01,7,2,1
202000030806,2020-09-04,2020,septembre,vendredi,17:45,54,54395,"48,6891300","6,2012300",2,3,3,1,1,4,2,4,1,1,, -1,1,0,1,4,1,16,0,1,2,0,2,1,19,202000030806B01,7,16,1
202000030864,2020-09-04,2020,septembre,vendredi,19:00,75,75120,"48,8490390","2,4114670",2,2,6,1,1,4,1,1,1,1,, -1,1,0,1,1,1,27,9,1,2,0,1,1,1,202000030864A01,,,
202000030866,2020-09-04,2020,septembre,vendredi,20:00,75,75117,"48,8919570","2,3224710",2,3,6,2,1,4, -1,1,1,1,, -1,1, -1,6,4,1,18,5,2,,14,0,1,7,202000030866A01,,,
202000030871,2020-09-04,2020,septembre,vendredi,14:05,75,75115,"48,8395830","2,3012910",2,7,3,1,1,4,4,3,1,1,, -1,1, -1,5,4,1,34,1,2,,0,2,1,1,202000030871B01,7,15,1
202000030872,2020-09-04,2020,septembre,vendredi,13:59,75,75113,"48,8357180","2,3586350",2,3,3,1,1,4,2,4,2,1,, -1,1,0,1,4,2,43,1,1,2,0,2,2,1,202000030872B01,10,22,1
202000030876,2020-09-04,2020,septembre,vendredi,15:15,75,75102,"48,8687740","2,3331310",2,2,6,1,1,4,2,4,1,1,, -1,1, -1,5,1,2,18,9,2,,0,1,7,1,202000030876A01,,,
202000030877,2020-09-04,2020,septembre,vendredi,09:15,75,75101,"48,8624080","2,3362630",2,7,7,1,7,4,2,4,1,1,, -1,1, -1,5,4,1,31,1,2,,0,0,0,1,202000030877A01,,,
202000030928,2020-09-05,2020,septembre,samedi,09:00,68,68201,"47,7498820","7,0010110",1,3,3,1,1,3,2,2,2,1,, -1,1,5,8,4,1,43,5,1,2,0,0,7,1,202000030928B01,7,16,1
202000030932,2020-09-05,2020,septembre,samedi,11:43,01,01373,"46,1390770","5,5530520",2,3,3,1,1,3,2,2,1,1,, -1,1,0,1,3,1,69,5,1,2,0,2,7,1,202000030932A01,7,23,1
202000030940,2020-09-05,2020,septembre,samedi,10:00,40,40142,"43,8580260"," -1,0037740",1,1,2,1,1,3,2,2,1,1,, -1,1,0,1,3,1,67,5,1,2,0,2,4,1,202000030940B01,7,17,1
202000030966,2020-09-05,2020,septembre,samedi,16:10,50,50041,"49,6459440"," -1,8504670",2,1,3,1,1,3,2,2,2,1,, -1,1,0,1,3,1,58,5,1,2,0,2,8,1,202000030966B01,7,17,1
202000030967,2020-09-02,2020,septembre,mercredi,09:05,22,22343,"48,7689335"," -3,5635727",2,6,3,1,1,3,2,2,1,2,, -1,1,5,1,3,1,71,5,1,2,0,2,7,1,202000030967B01,7,15,1
202000031027,2020-11-02,2020,novembre,lundi,16:00,68,68163,"47,6728290","7,4984480",2,1,7,1,1,3,2,2,1,1,, -1,1,0,1,4,1,67,5,1,2,1,0,1,1,202000031027B01,,,
202000031057,2020-10-29,2020,octobre,jeudi,10:40,75,75102,"48,8694690","2,3422960",2,7,3,1,1,4,1,4,1,1,, -1,1, -1,6,4,2,33,1,1,2,0,2,1,7,202000031057A01,10,16,1
202000031063,2020-10-31,2020,octobre,samedi,18:45,92,92049,"48,8184496","2,3256717",2,1,3,5,2,3,3,4,1,1,, -1,2,0,1,3,1,73,0,2,,0,2,7,19,202000031063A01,2,1,1
202000031068,2020-11-01,2020,novembre,dimanche,11:45,65,65436,"43,2409210","0,1744460",1,1,3,1,1,3,2,2,1,1,, -1,1,0,1,4,1,52,5,1,2,0,2,1,21,202000031068A01,7,26,1
202000031120,2020-10-29,2020,octobre,jeudi,12:50,54,54304,"48,6851685","6,1558487",2,2,3,1,1,4,2,2,1,1,, -1,1,0,1,4,2,54,0,2,,0,2,1,1,202000031120B01,7,1,1
202000031140,2020-10-28,2020,octobre,mercredi,11:37,14,14118,"49,1784840"," -0,3614370",2,2,3,1,8,4,2,0,1,1,, -1,1,0,1,4,1,23,0,2,,0,2,1,19,202000031140B01,7,15,1
202000031155,2020-10-30,2020,octobre,vendredi,15:30,75,75118,"48,8911220","2,3293980",2,2,6,1,8,4,1,0,2,3,, -1,1,0,1,4,1,49,1,1,2,0,1,7,1,202000031155A01,,,
202000031171,2020-10-27,2020,octobre,mardi,12:20,75,75103,"48,8619360","2,3645990",2,5,7,1,1,4,1,1,1,1,, -1,2,0,1,3,1,46,9,1,2,0,0,7,16,202000031171A01,,,
202000031172,2020-07-25,2020,juillet,samedi,17:30,75,75117,"48,8818700","2,3187180",2,3,7,1,8,4,3,2,1,1,, -1,1, -1,5,4,1,6,5,1,2,0,0,0,1,202000031172A01,,,
202000031173,2020-07-26,2020,juillet,dimanche,19:20,75,75101,"48,8632120","2,3338010",2,3,7,1,1,4,2,5,1,1,, -1,1, -1,5,4,1,47,5,1,2,0,0,0,21,202000031173A01,,,
202000031174,2020-08-02,2020,août,dimanche,18:08,75,75116,"48,8403010","2,2680420",2,1,1,1,1,4,2,2,1,1,, -1,1, -1,5,4,1,73,5,1,2,0,2,1,1,202000031174B01,50,5,1
202000031178,2020-08-02,2020,août,dimanche,22:30,75,75111,"48,8664040","2,3804860",2,3,2,5,1,4,2,2,1,1,, -1,1, -1,6,4,1,21,5,2,,0,2,1,7,202000031178A01,7,23,1
202000031204,2020-07-26,2020,juillet,dimanche,12:30,84,84069,"44,1559730","5,1474060",1,1,3,1,1,3,2,2,2,3,, -1,1,0,1,3,1,29,5,1,2,0,2,1,1,202000031204B01,7,1,1
202000031207,2020-08-02,2020,août,dimanche,10:20,62,62233,"50,3517076","1,6483892",1,9,3,1,1,3,2,2,1,1,, -1,1,0,5,4,1,73,5,1,2,0,2,1,1,202000031207B01,7,19,1
202000031220,2020-05-26,2020,mai,mardi,17:25,01,01173,"46,3340470","6,0597860",2,6, -1,1,1,3, -1,1,2,2,, -1,1,5,1,4,1,48,5,1,2,0,0,1,9,202000031220A01,7,9,1
202000031263,2020-08-01,2020,août,samedi,16:30,08,08200,"49,4165940","4,6290020",2,1,1,1,1,3,2,2,1,1,, -1,1,0,1,3,1,10,5,2,,0,2,5,19,202000031263B01,7,5,1
202000031289,2020-08-03,2020,août,lundi,16:40,30,30132,"44,2098380","4,0297440",2,6,3,1,1,4,4,5,1,1,, -1,1,5,1,4,1,48,3,2,,0,2,7,16,202000031289A01,7,9,1
202000031298,2020-06-03,2020,juin,mercredi,08:20,67,67300,"48,5328280","7,5131920",1,6,3,1,1,3,2,2,1,3,,4,1,0,1,4,1,56,1,2,,0,0,3,2,202000031298B01,7,2,1
202000031300,2020-08-03,2020,août,lundi,12:15,67,67131,"48,4871630","7,7292630",2,9,3,1,1,9,2,2,1,1,, -1,1,9,5,3,1,65,5,2,,0,2,7,1,202000031300B01,7,1,1
202000031312,2020-07-30,2020,juillet,jeudi,11:35,69,69116,"45,8412080","4,7776470",1,1,3,1,1,3,2,2,2,3,, -1,1,0,1,3,1,72,5,1,2/6,0,2,8,13,202000031312A01,7,1,1
202000031380,2020-08-02,2020,août,dimanche,18:40,26,26198,"44,5601390","4,7479240",2,1,1,1,8,4,1,1,1,1,, -1,1,0,8,4,1,17,9,1,2,0,2,8,19,202000031380B01,7,1,1
202000031400,2020-06-02,2020,juin,mardi,17:45,45,45234,"47,8358953","1,9343571",2,1,3,1,1,4,3,4,1,1,, -1,1,0,1,4,2,36,1,2,,0,2,1,1,202000031400B01,7,22,1
202000031408,2020-08-01,2020,août,samedi,07:45,75,75117,"48,8901060","2,3037850",2,2,2,1,1,4,2,6,2,1,, -1,1,0,1,4,1,50,5,2,,0,2,1,13,202000031408A01,7,23,1
202000031413,2020-08-02,2020,août,dimanche,15:00,75,75113,"48,8237040","2,3580420",2,1,1,1,1,4,2,0,1,1,, -1,1, -1,5,1,1,38,9,2,,0,2,1,1,202000031413B01,50,5,1
202000031416,2020-08-02,2020,août,dimanche,21:15,75,75101,"48,8632910","2,3225420",2,1,7,4,1,4, -1,0,1,1,, -1,1, -1,5,4,1,35,9,2,,0,0,0,1,202000031416A01,,,
202000031447,2020-08-01,2020,août,samedi,11:40,71,71147,"46,5392900","4,6399538",1,2,3,1,7,3,2,2,2,1,, -1,1,0,1,3,1,65,5,2,,0,2,8,1,202000031447B01,7,1,1
202000031473,2020-07-31,2020,juillet,vendredi,13:30,42,42115,"45,3174970","4,3571730",1,4,5,1,1,3,2,2,2,3,, -1,1,0,1,3,1,58,5,1,2,8,0,1,1,202000031473C01,10,11,1
202000031473,2020-07-31,2020,juillet,vendredi,13:30,42,42115,"45,3174970","4,3571730",1,4,5,1,1,3,2,2,2,3,, -1,1,0,1,3,1,59,5,1,2,0,2,1,1,202000031473B01,10,11,1
202000031524,2020-06-02,2020,juin,mardi,20:45,68,68253,"47,7748600","7,5170300",1,1,2,2,1,3,2,2,1,1,, -1,1,0,1,4,1,61,5,1,2,1,0,1,1,202000031524B01,7,23,1
202000031529,2020-05-29,2020,mai,vendredi,16:30,74,74208,"45,9032740","6,7135350",1,1,2,1,1,3, -1,2,2,2,, -1,1,0,1,3,1,55,5,1,2,0,2,1,2,202000031529A01,10,1,1
202000031536,2020-06-03,2020,juin,mercredi,17:40,84,84072,"44,0603290","5,1034500",1,1,3,1,1,3,2,2,1,1,, -1,1,0,1,3,1,39,5,2,,0,2,8,1,202000031536B01,7,5,1
202000031541,2020-06-02,2020,juin,mardi,11:20,64,64495,"43,3656760"," -1,5980440",1,1,2,1,1,3,2,2,1,3,, -1,1,0,1,3,1,61,5,1,2/9,0,2,6,13,202000031541A01,7,17,1
202000031545,2020-06-02,2020,juin,mardi,16:55,10,10268,"48,4929190","3,5020370",2,6,2,1,1,4, -1,1,1,2,, -1,1,5,1,4,2,73,3,2,,0,2,5,1,202000031545B01,7,15,1
202000031580,2020-09-29,2020,septembre,mardi,07:50,63,63113,"45,8058800","3,1066900",2,2,3,1,1,7,2, -1,1,1,, -1,1, -1,5,4,1,20,0,2,,0,2,7,1,202000031580B01,7,1,1
202000031624,2020-09-30,2020,septembre,mercredi,17:25,75,75119,"48,8846840","2,3988380",2,3,6,1,1,4,2,4,2,1,, -1,1, -1,5,4,2,50,1,1,2,0,9,1,1,202000031624A01,,,
202000031632,2020-09-30,2020,septembre,mercredi,14:45,75,75111,"48,8568260","2,3704930",2,4,6,1,1,4,1,3,1,1,, -1,1, -1,5,1,1,20,5,2,,0,1,1,1,202000031632A01,,,
202000031634,2020-09-30,2020,septembre,mercredi,13:40,75,75107,"48,8624720","2,3104050",2,2,3,1,8,4,2,5,1,3,, -1,1, -1,5,4,1,22,9,2,,9,2,1,1,202000031634B01,7,16,1
202000031635,2020-09-29,2020,septembre,mardi,21:15,75,75103,"48,8679150","2,3550190",2,2,1,5,1,4,1,2,1,1,, -1,1, -1,6,4,1,24,5,2,,0,2,1,8,202000031635B01,7,7,1
202000031636,2020-09-30,2020,septembre,mercredi,08:20,75,75104,"48,8489270","2,3645210",2,3,3,1,8,4,2,3,1,1,, -1,2, -1,5,4,1,63,1,1,2,0,2,1,1,202000031636A01,10,16,1
202000031668,2020-09-30,2020,septembre,mercredi,15:50,77,77101,"48,4132940","3,1004410",2,1,3,1,8,3,2,2,1,3,, -1,1,2,1,4,2,40,5,1,2,0,2,1,1,202000031668B01,7,5,1
202000031677,2020-09-29,2020,septembre,mardi,18:30,29,29191,"48,5240460"," -3,7175550",2,2,3,1,1,3,2, -1,1,1,, -1,1,5,1,4,1,10,5,1,2,0,2,8,19,202000031677A01,7,1,1
202000031678,2020-09-30,2020,septembre,mercredi,08:20,31,31011,"43,0017032","0,9049584",1,1,1,1,1,3,2,2,1,1,, -1,1,0,1,3,1,78,5,2,,0,2,3,15,202000031678B01,31,17,1
202000031698,2020-09-30,2020,septembre,mercredi,19:00,69,69009,"45,9263080","4,7083930",1,6,3,1,1,3, -1,2,1,2,, -1,1,5,1,4,2,35,2,1,2,0,2,5,2,202000031698A01,7,1,1
202000031727,2020-09-28,2020,septembre,lundi,07:30,80,80021,"49,8782700","2,2909900",2,2,3,2,1,4,2,2,1,1,, -1,1,0,1,4,1,13,0,1,2,0,2,1,1,202000031727A01,7,1,1
202000031765,2020-11-18,2020,novembre,mercredi,15:30,57,57269,"49,2967860","6,2029730",2,3,1,1,1,4,2,2,2,1,, -1,1,0,1,3,1,82,5,2,,0,2,1,5,202000031765A01,7,16,1
202000031796,2020-12-09,2020,décembre,mercredi,07:30,38,38565,"45,2880000","5,6409100",2,1,2,5,1,4,2,2,1,1,, -1,1,0,1,4,1,13,2,2,,0,0,4,1,202000031796B01,7,2,1
202000031856,2020-12-11,2020,décembre,vendredi,20:19,75,75116,"48,8658750","2,2709810",2,1,3,5,2,4,2,4,1,1,, -1,2,0,1,4,2,24,9,1,2,0,2,1,1,202000031856B01,7,22,1
202000031859,2020-12-12,2020,décembre,samedi,18:45,75,75113,"48,8271000","2,3569850",2,1,6,5,1,4,2,4,1,1,, -1,2, -1,5,4,1,45,1,2,,0,1,1,1,202000031859A01,,,
202000031863,2020-12-12,2020,décembre,samedi,12:20,75,75104,"48,8587890","2,3499800",2,1,6,1,1,4,2,0,1,1,, -1,1, -1,6,1,1,28,4,2,,0,1,1,1,202000031863A01,,,
202000031878,2020-12-12,2020,décembre,samedi,12:29,68,68253,"47,8040160","7,5328580",1,1,7,1,1,3,2,2,1,1,, -1,2,0,5,3,1,61,5,1,2,0,0,9,1,202000031878A01,,,
202000031886,2020-08-02,2020,août,dimanche,10:30,34,34025,"43,4108620","3,2558210",2,2,1,1,1,4,1,2,1,1,, -1,1,0,1,4,1,56,5,1,2,0,2,1,1,202000031886B01,7,15,1
202000031946,2020-01-14,2020,janvier,mardi,16:40,75,75106,"48,8499663","2,3235971",2,1,3,1,1,4,2,4,1,1,, -1,1, -1,6,4,1,36,4,1,2,0,2,1,1,202000031946B01,10,22,1
202000031951,2020-01-15,2020,janvier,mercredi,10:20,75,75119,"48,8811921","2,3876247",2,1,3,1,1,4,2,2,2,1,, -1,1, -1,6,1,1,23,5,1,2,0,2,8,9,202000031951A01,50,7,1
202000031956,2020-01-15,2020,janvier,mercredi,09:45,75,75116,"48,8411230","2,2687950",2,1,2,1,1,4,1,1,2,1,,3,1, -1,5,4,1,28,9,1,2,0,2,4,2,202000031956B01,33,2,1
202000031964,2020-01-15,2020,janvier,mercredi,14:30,75,75111,"48,8683071","2,3673311",2,1,4,1,8,4,1,2,1,1,, -1,1,0,1,4,1,24,5,1,2,0,2,1,1,202000031964B01,7,22/1,2
202000031965,2020-01-15,2020,janvier,mercredi,14:00,75,75109,"48,8750817","2,3284645",2,1,6,1,1,4,1,1,1,1,, -1,1,6,1,1,1,28,4,1,2,0,1,1,1,202000031965A01,,,
202000031968,2020-01-13,2020,janvier,lundi,18:15,75,75103,"48,8634150","2,3560410",2,1,7,5,1,4,1,1,1,1,, -1,1,8,1,4,1,56,1,1,2,0,0,2,1,202000031968A01,,,
202000032012,2020-01-12,2020,janvier,dimanche,10:00,29,29184,"48,6312210"," -3,9884170",2,6,3,1,2,4,1,1,1,2,, -1,2,0,1,4,1,45,5,1,2,0,0,5,1,202000032012B01,7,9,1
202000032031,2020-01-15,2020,janvier,mercredi,16:50,971,97125,"16,2573140"," -61,2706480",2,1,5,1,1,3,2,2,1,1,, -1,1,0,1,4,1,15,5,2,,0,2,1,5,202000032031A01,7,1,2
202000032036,2020-01-15,2020,janvier,mercredi,21:10,38,38348,"45,5884380","5,2974260",1,1,3,3,1,3,2,2,1,1,, -1,1,0,1,4,1,21,5,2,,0,2,0,13,202000032036A01,7,1,1
202000032064,2020-01-13,2020,janvier,lundi,08:55,91,91122,"48,6976630","2,1556640",2,2,3,1,1,4,2,2,1,2,, -1,1,0,1,4,1,41,0,1,2,0,2,8,1,202000032064B01,7,1,1
202000032080,2020-01-11,2020,janvier,samedi,07:45,73,73065,"45,5680400","5,9209700",2,3,3,5,1,4,1,3,1,1,, -1,1,5,1,4,1,19,1,2,,0,2,7,19,202000032080B01,7,1,1
202000032144,2020-07-06,2020,juillet,lundi,09:40,77,77385,"48,8513701","3,2497438",1,1,2,1,1,3,2,2,1,1,, -1,1,0,1,2,1,59,5,1,2/6,0,0,4,1,202000032144A01,7,17,1
202000032157,2020-07-04,2020,juillet,samedi,17:16,70,70103,"47,8099190","6,4568550",2,1,6,1,1,4,2,2,2,1,, -1,9,0,1,2,1,66,5,1,6,14,0,1,2,202000032157A01,,,
202000032165,2020-07-02,2020,juillet,jeudi,16:18,85,85234,"46,7910200"," -2,0561550",2,6,3,1,1,4,2,2,1,1,, -1,1,0,1,3,2,82,3,2,,0,2,0,0,202000032165B01,7,0,1