Num_Acc,date,an,mois,jour,hrmn,dep,com,lat,long,agg,int,col,lum,atm,catr,circ,nbv,prof,plan,lartpc,larrout,surf,infra,situ,grav,sexe,age,trajet,secuexist,equipement,obs,obsm,choc,manv,vehiculeid,typevehicules,manoeuvehicules,numVehicules
202000032181,2020-06-30,2020,juin,mardi,13:50,09,09160,"42,9304780","1,8373510",2,1, -1,1,1,4,2,2,1,1,, -1,1,0,1,3,1,10,5,2,,0,2,1,16,202000032181A01,7,1,1
202000032183,2020-07-06,2020,juillet,lundi,16:35,64,64422,"43,1887740"," -0,6098650",2,1,7,1,8,3,2,2,2,2,, -1,1,0,4,3,1,21,5,2,,6,0,1,0,202000032183A01,,,
202000032245,2020-07-04,2020,juillet,samedi,17:20,75,75118,"48,8848870","2,3593450",2,7,3,1,1,4,2,6,1,1,, -1,1, -1,5,4,1,26,9,1,2,0,2,1,1,202000032245B01,7,1,1
202000032254,2020-07-04,2020,juillet,samedi,16:50,75,75107,"48,8624290","2,3016050",2,2,2,1,1,4,2,5,1,1,, -1,1, -1,5,4,2,66,5,1,2,0,2,2,2,202000032254A01,50,2,1
202000032257,2020-07-04,2020,juillet,samedi,11:20,75,75101,"48,8649600","2,3283670",2,1,7,1,8,4,2,4,1,1,, -1,1, -1,5,4,1,57,9,1,2,14,0,1,14,202000032257A01,,,
202000032287,2020-07-05,2020,juillet,dimanche,12:00,68,68343,"47,8697550","7,3023140",1,1,1,1,1,9, -1,2,1,1,, -1,1,0,5,3,1,66,5,1,2,0,2,1,1,202000032287B01,1,13,1
202000032287,2020-07-05,2020,juillet,dimanche,12:00,68,68343,"47,8697550","7,3023140",1,1,1,1,1,9, -1,2,1,1,, -1,1,0,5,1,1,6,5,1,2,0,0,4,13,202000032287A01,1,1,1
202000032292,2020-07-05,2020,juillet,dimanche,11:34,51,51576,"49,0501610","4,1420600",1,1,1,1,1,3,2,2,1,1,, -1,1,0,1,4,1,11,5,1,2,0,2,1,13,202000032292A01,7,21,1
202000032302,2020-07-01,2020,juillet,mercredi,11:15,12,12001,"44,3575250","2,6802780",2,7,3,1,1,3,2,2,2,1,, -1,1,0,1,3,1,65,5,1,2,0,2,1,1,202000032302B01,7,15,1
202000032309,2020-07-05,2020,juillet,dimanche,16:05,38,38564,"45,4851130","5,7060560",1,1,6,1,1,3,2,2,2,1,, -1,1,0,1,4,1,44,5,1,6,0,0,0,1,202000032309A01,,,
202000032316,2020-07-04,2020,juillet,samedi,13:15,06,06086,"43,9225140","7,4084060",1,1,6,1,1,3, -1,2,2,3,, -1,1,0,1,2,1,42,5,1,2,4,0,1,1,202000032316A01,,,
202000032317,2020-07-05,2020,juillet,dimanche,13:13,14,14257,"49,1004032"," -0,4998631",2,1,1,1,1,3,2,2,3,1,, -1,1,0,1,3,1,26,5,1,2,0,2,1,13,202000032317A01,7,1,1
202000032372,2020-02-26,2020,février,mercredi,09:50,44,44109,"47,1990700"," -1,5830400",2,1,3,1,1,4,2,0,1,1,, -1,1,0,1,3,2,23,0,2,,0,2,8,19,202000032372B01,7,1,1
202000032382,2020-03-18,2020,mars,mercredi,09:00,68,68023,"48,1611120","7,3411520",1,3,3,1,1,3,2,2,1,2,, -1,1,0,1,3,1,32,5,2,,0,2,8,1,202000032382B01,7,1,1
202000032419,2020-03-24,2020,mars,mardi,17:15,42,42294,"46,0076780","4,1174380",2,1,1,1,1,4,2,1,2,3,,4,1,0,1,4,1,9,5,1,2,0,2,1,1,202000032419B01,7,1,1
202000032428,2020-03-23,2020,mars,lundi,19:00,35,35091,"48,2058640"," -2,1456490",1,1,3,1,7,3,2,2,1,2,, -1,1,0,1,4,1,26,1,2,,0,0,0,23,202000032428B01,10,2,1
202000032431,2020-02-15,2020,février,samedi,15:15,74,74011,"45,9284380","6,1774920",1,1,3,1,1,3,2,2,2,4,, -1,2,0,1,3,1,48,5,1,2/6,0,2,8,16,202000032431B01,38,15,1
202000032437,2020-02-26,2020,février,mercredi,18:39,67,67152,"48,5239060","7,6909100",2,9,3,5,1,7,2,2,1,1,, -1,1,6,8,3,1,31,3,2,,0,2,7,19,202000032437B01,7,1,1
202000032458,2020-02-15,2020,février,samedi,16:40,60,60151,"49,4495236","2,8775340",1,1,6,1,1,3,2,2,1,3,, -1,1,0,1,4,1,56,5,1,2,12,0,7,1,202000032458A01,,,
202000032475,2020-03-23,2020,mars,lundi,08:10,69,69244,"45,7661270","4,7649990",2,1,2,1,1,3,2,2,2,1,,6,1,0,1,3,1,25,1,1,2/9,12,2,8,1,202000032475B01,7,2,1
202000032480,2020-02-22,2020,février,samedi,12:58,974,97415," -21,0379770","55,2187216",2,6,2,1,1,4,1,1,1,2,, -1,1,0,1,4,2,39,1,1,2,0,2,6,1,202000032480A01,7,9,1
202000032482,2020-02-15,2020,février,samedi,10:25,974,97415," -21,0990818","55,2426606",1,3,3,1,2,2,2,2,1,1,, -1,1,0,1,4,1,14,5,1,9,0,2,8,25,202000032482A01,7,23,1
202000032563,2020-03-20,2020,mars,vendredi,14:40,72,72181,"47,9707000","0,2137000",2,1,3,1,1,4,2,2,1,1,, -1,1,0,1,4,1,7,5,1,2,0,2,2,26,202000032563A01,7,1,1
202000032600,2020-02-13,2020,février,jeudi,14:15,54,54274,"48,6682050","6,2086620",2,6, -1,1,3,3,2,2,2,2,, -1,2,0,1,4,2,52,1,2,,0,2,2,9,202000032600B01,7,9,1
202000032603,2020-02-13,2020,février,jeudi,10:20,54,54323,"49,5235430","5,7644530",2,3,2,1,1,3,2,2,1,1,, -1,1,0,1,4,1,34,5,2,,0,2,6,26,202000032603B01,7,9,1
202000032673,2020-02-13,2020,février,jeudi,20:15,75,75118,"48,8839960","2,3515320",2,1,6,5,2,4,1,2,1,1,, -1,2, -1,5,1,1,31,1,2,,0,1,1,1,202000032673A01,,,
202000032680,2020-02-13,2020,février,jeudi,16:05,75,75107,"48,8606410","2,2954590",2,2,3,1,1,4,2,4,1,1,, -1,1, -1,5,4,1,54,9,2,,0,2,0,1,202000032680A01,7,1,1
202000032682,2020-02-13,2020,février,jeudi,15:25,75,75101,"48,8552190","2,3458030",2,1,6,1,2,4,2,4,1,1,, -1,2,0,1,1,1,19,9,2,,0,1,1,1,202000032682A01,,,
202000032711,2020-02-13,2020,février,jeudi,19:35,11,11203,"43,1622740","2,7301240",1,1,1,3,1,3,2,2,1,1,, -1,1,0,1,2,1,43,0,2,,0,2,4,5,202000032711B01,7,1,1
202000032715,2020-02-14,2020,février,vendredi,11:30,80,80627,"49,8012837","2,2165149",1,1,2,1,1,3,2,2,3,1,, -1,1,0,1,2,1,76,5,2,,0,2,4,2,202000032715B01,33,2,1
202000032716,2020-02-14,2020,février,vendredi,06:50,49,49347,"47,6146040"," -0,4650520",2,2,3,5,1,4,1,1,1,1,, -1,1,0,1,3,1,13,2,2,,0,2,8,1,202000032716A01,10,1,1
202000032802,2020-09-03,2020,septembre,jeudi,08:30,75,75105,"48,8447520","2,3394440",2,1, -1,1,1,4,2,4,1,1,, -1,1, -1,5,4,2,34,1,1,2,0,2,8,1,202000032802B01,10,22,1
202000032803,2020-09-03,2020,septembre,jeudi,18:10,75,75120,"48,8634540","2,4108630",2,2, -1,1,1,4,2,2,1,1,, -1,1, -1,5,4,1,57,1,1,2,0,2,1,1,202000032803A01,7,16,1
202000032811,2020-09-03,2020,septembre,jeudi,16:50,75,75111,"48,8539830","2,3823330",2,3,3,1,1,4,2,2,1,1,, -1,1,0,1,3,2,40,9,1,2,0,2,5,15,202000032811B01,10,13,1
202000032812,2020-09-03,2020,septembre,jeudi,13:20,75,75108,"48,8806790","2,3182390",2,3, -1,1,1,4,1,0,1,1,, -1,1,0,1,4,1,8,9,1,2,0,2,1,1,202000032812B01,10,22,1
202000032812,2020-09-03,2020,septembre,jeudi,13:20,75,75108,"48,8806790","2,3182390",2,3, -1,1,1,4,1,0,1,1,, -1,1,0,1,4,2,45,9,1,2,0,2,1,1,202000032812B01,10,22,1
202000032817,2020-09-03,2020,septembre,jeudi,19:30,75,75104,"48,8532210","2,3686090",2,7,2,1,1,4,2,4,1,1,, -1,1, -1,5,4,2,43,9,1,2,0,2,4,1,202000032817B01,1,13,1
202000032817,2020-09-03,2020,septembre,jeudi,19:30,75,75104,"48,8532210","2,3686090",2,7,2,1,1,4,2,4,1,1,, -1,1, -1,5,1,1,27,9,1,2,0,2,1,13,202000032817A01,1,1,1
202000032819,2020-09-03,2020,septembre,jeudi,08:50,75,75104,"48,8554750","2,3600970",2,3,6,1,1,4,2,4,1,1,, -1,1,0,1,4,2,64,1,1,2,14,0,0,11,202000032819A01,,,
202000032842,2020-09-04,2020,septembre,vendredi,09:30,2A,2A348,"42,1518407","8,7554132",1,1,2,1,1,3,2,2,3,4,, -1,1,0,1,3,1,69,5,1,2,0,2,4,2,202000032842B01,7,1,1
202000032861,2020-09-03,2020,septembre,jeudi,08:55,74,74289,"45,9333340","5,8747670",1,1,7,1,1,3,2,2,3,1,, -1,1,0,1,2,1,75,5,1,2,0,0,0,0,202000032861A01,,,
202000032867,2020-09-03,2020,septembre,jeudi,16:20,65,65479,"43,1395030","0,0626320",2,3,7,1,1,3,2,2,2,1,, -1,1,0,1,3,1,69,5,1,2,0,0,0,16,202000032867A01,,,
202000032889,2020-09-04,2020,septembre,vendredi,10:50,40,40328,"43,7861840"," -1,3943200",2,3,5,1,1,4,2,2,1,1,, -1,1,0,1,3,2,54,5,1,2,0,2,1,1,202000032889B01,10,21,1
202000032889,2020-09-04,2020,septembre,vendredi,10:50,40,40328,"43,7861840"," -1,3943200",2,3,5,1,1,4,2,2,1,1,, -1,1,0,1,4,1,73,5,1,2,0,2,1,1,202000032889C01,10,21,1
202000032939,2020-10-30,2020,octobre,vendredi,20:30,987,98748," -17,8016630"," -149,2958040",2,1,1,3,1,2,2,2,1,1,, -1,1,0,1,3,1,16,5,2,,0,2,0,1,202000032939A01,2,1,1
202000033026,2020-08-02,2020,août,dimanche,11:45,38,38317,"45,1320320","5,7110020",2,3,3,1,7,4,2,2,1,3,, -1,1,0,1,3,1,77,5,1,2,0,2,3,26,202000033026B01,7,15,1
202000033082,2020-10-29,2020,octobre,jeudi,18:35,75,75120,"48,8624210","2,4091590",2,3,3,5,2,4,2,2,1,1,, -1,2, -1,5,4,2,18,9,2,,0,2,7,16,202000033082A01,7,1,1
202000033099,2020-07-31,2020,juillet,vendredi,20:45,25,25031,"47,4855450","6,8413170",2,1,3,1,1,3,2,2,1,1,, -1,1,0,8,3,1,4,0,2,,0,2,0,0,202000033099B01,7,17,1
202000033107,2020-10-29,2020,octobre,jeudi,20:50,75,75101,"48,8591070","2,3464340",2,3,6,5,1,4,3,3,1,1,, -1,1, -1,5,1,1,24,5,2,,0,1,1,1,202000033107A01,,,
202000033107,2020-10-29,2020,octobre,jeudi,20:50,75,75101,"48,8591070","2,3464340",2,3,6,5,1,4,3,3,1,1,, -1,1, -1,5,1,2,24,5,2,,0,1,1,1,202000033107A01,,,
202000033108,2020-10-29,2020,octobre,jeudi,17:40,75,75101,"48,8616410","2,3386980",2,1,6,2,8,4,4,3,1,1,, -1,1, -1,5,4,2,57,5,1,2,11,0,1,13,202000033108A01,,,
202000033112,2020-10-29,2020,octobre,jeudi,08:50,75,75104,"48,8547730","2,3624230",2,3,1,1,1,4,2,3,1,1,, -1,1, -1,5,4,1,23,1,2,,0,2,0,1,202000033112B01,50,13,1
202000033131,2020-08-01,2020,août,samedi,20:00,75,75118,"48,8846850","2,3536200",2,1,3,1,1,4,1,1,1,1,, -1,1,0,1,4,1,32,9,2,,0,2,1,14,202000033131A01,7,1,1
202000033137,2020-08-01,2020,août,samedi,14:15,75,75116,"48,8667940","2,2485250",2,1,2,1,1,4,2,4,1,1,, -1,1,0,1,4,1,29,5,1,2,0,2,1,1,202000033137A01,7,23,1
202000033141,2020-08-01,2020,août,samedi,14:30,75,75114,"48,8327430","2,3115570",2,2,3,1,1,4,1,3,1,1,, -1,1, -1,5,4,1,30,9,2,,0,2,4,1,202000033141B01,10,16,1
202000033149,2020-07-29,2020,juillet,mercredi,21:15,75,75101,"48,8600710","2,3490950",2,2,4,2,1,4,2,5,1,1,, -1,1, -1,6,4,1,32,1,1,2,0,2,3,17,202000033149B01,7/ 10,1/22,2
202000033156,2020-10-29,2020,octobre,jeudi,21:45,17,17373,"46,1385710"," -1,0090580",2,1,1,3,1,3,2,2,1,1,, -1,1,0,1,3,1,16,5,1,2/4/9,0,2,1,1,202000033156B01,7,1,1
202000033164,2020-10-28,2020,octobre,mercredi,19:40,972,97225,"14,7547350"," -61,1827750",1,1, -1,3,1,3,2,2,1,1,, -1,2,2,1,4,1,16,5,2,,0,2,4,2,202000033164B01,7,2,1
202000033164,2020-10-28,2020,octobre,mercredi,19:40,972,97225,"14,7547350"," -61,1827750",1,1, -1,3,1,3,2,2,1,1,, -1,2,2,1,4,1,13,5,2,,0,2,4,2,202000033164B01,7,2,1
202000033167,2020-10-30,2020,octobre,vendredi,10:30,58,58193,"47,5268950","2,8796410",1,1,3,1,1,4,2,2,1,1,, -1,1,0,1,3,1,83,5,1,2/6/4,0,2,4,15,202000033167B01,7,17,1
202000033190,2020-10-29,2020,octobre,jeudi,17:25,58,58151,"46,8700500","3,4597060",1,1, -1,2,1,3,2,2,1,1,, -1,2,0,1,4,1,17,5,1,2/6,0,2,1,2,202000033190B01,7,2,1
202000033194,2020-10-29,2020,octobre,jeudi,15:30,05,05124,"44,5808700","6,1257790",1,1,3,1,1,3,2,2,2,3,, -1,1,0,1,3,1,19,5,1,2,0,2,1,13,202000033194A01,7,1,1
202000033236,2020-08-02,2020,août,dimanche,16:30,39,39397,"46,5234290","5,6163640",2,3,3,1,8,3,2,2,2,3,, -1,1,0,1,3,1,59,5,2,,0,2,1,16,202000033236A01,7,1,1
202000033274,2020-09-28,2020,septembre,lundi,13:55,75,75118,"48,8985240","2,3368150",2,1,3,1,2,4,2,2,1,1,, -1,2,0,1,4,1,35,9,2,,0,2,1,19,202000033274A01,33,1,1
202000033277,2020-08-01,2020,août,samedi,14:20,18,18289,"46,9721090","2,5880430",2,3,3,1,1,3,2,2,1,1,, -1,1,0,1,3,1,9,5,1,2,0,2,6,19,202000033277A01,7,1,1
202000033290,2020-09-29,2020,septembre,mardi,19:30,75,75116,"48,8671320","2,2805460",2,1,2,5,1,4,2,2,1,1,, -1,1,0,1,4,1,31,4,2,,0,2,3,1,202000033290A01,7,23,1
202000033300,2020-09-29,2020,septembre,mardi,09:00,75,75115,"48,8283630","2,3030460",2,3,3,2,2,4,3,4,1,1,, -1,2, -1,5,4,2,31,1,2,,0,2,8,1,202000033300B01,10,16,1
202000033310,2020-09-29,2020,septembre,mardi,08:50,75,75112,"48,8404040","2,3789420",2,7,7,1,2,4,1,1,1,1,, -1,2, -1,5,4,2,56,9,1,2,4,0,1,14,202000033310A01,,,
202000033311,2020-06-01,2020,juin,lundi,11:35,06,06088,"43,7064900","7,2560800",2,3, -1,1,1,4,2,2,1,1,, -1,1,0,1,3,2,67,5,1,2,0,2,0,1,202000033311B01,7,16,1
202000033319,2020-09-29,2020,septembre,mardi,07:55,75,75111,"48,8503280","2,3947380",2,1,3,1,2,4,2,2,1,1,, -1,2,0,1,4,1,16,2,2,,0,2,3,1,202000033319B01,7,9,1
202000033334,2020-05-31,2020,mai,dimanche,20:45,75,75119,"48,8782234","2,4033518",2,1,3,1,1,4,2,4,2,1,, -1,1, -1,5,4,2,27,5,1,2,0,2,3,1,202000033334B01,7,15,1
202000033365,2020-07-31,2020,juillet,vendredi,19:15,06,06091,"43,8033100","7,4004020",2,1, -1,1,1,3,2,2,2,1,, -1,1,0,1,3,1,70,5,1,2,1,0,1,0,202000033365B01,7,24,1
202000033423,2020-05-31,2020,mai,dimanche,10:25,51,51555,"48,7418706","4,3089799",1,1,7,1,1,3,2,2,3,1,, -1,1,0,8,2,1,62,5,1,2,0,0,0,1,202000033423A01,,,
202000033438,2020-06-01,2020,juin,lundi,11:15,82,82134,"44,0787760","1,5801220",1,2,5,1,7,3,2,2,1,1,, -1,1,0,1,3,1,36,5,1,2,0,2,1,1,202000033438A01,7,19,1
202000033438,2020-06-01,2020,juin,lundi,11:15,82,82134,"44,0787760","1,5801220",1,2,5,1,7,3,2,2,1,1,, -1,1,0,1,4,1,33,5,1,2,0,2,1,1,202000033438B01,7,19,1
202000033454,2020-06-01,2020,juin,lundi,11:10,35,35163,"48,3021340"," -1,1576360",1,1,3,1,1,3,2,2,1,1,, -1,1,0,1,3,1,59,3,2,,0,2,0,1,202000033454B01,10,17,1
202000033456,2020-09-30,2020,septembre,mercredi,17:35,60,60686,"49,2090050","2,3948160",2,1, -1,1,1,3,2,2,1,1,, -1,1,0,1,3,1,10,5,1,2,0,2,1,19,202000033456B01,7,1,1
202000033505,2020-09-30,2020,septembre,mercredi,17:20,74,74243,"46,1306110","6,0790420",1,1,1,1,1,3,2,2,2,3,, -1,1,0,1,3,1,46,0,1,2/6,0,2,1,13,202000033505B01,7,1,1
202000033525,2020-05-31,2020,mai,dimanche,09:15,31,31433,"43,5184200","1,3957250",2,9,3,1,7,4,2,2,1,1,, -1,1,0,1,3,2,43,3,2,,0,2,8,1,202000033525B01,7,15,1
202000033575,2020-05-31,2020,mai,dimanche,11:20,73,73029,"45,5642000","5,9439660",2,6,3,1,1,3,2,2,1,2,,7,1,5,1,3,1,62,5,2,,0,2,4,26,202000033575Y01,7,9,1
202000033676,2020-05-31,2020,mai,dimanche,18:15,75,75120,"48,8671020","2,3832880",2,2,3,1,1,4,3,1,1,1,, -1,1, -1,6,4,1,57,5,1,2,0,2,1,18,202000033676B01,37,7,1
202000033679,2020-05-30,2020,mai,samedi,00:45,75,75120,"48,8482340","2,4009590",2,1,6,3,1,4,1,1,1,1,, -1,1,0,1,3,1,24,9,1,2,15,0,1,1,202000033679A01,,,
202000033686,2020-05-31,2020,mai,dimanche,19:40,75,75118,"48,8860680","2,3566150",2,2,3,1,1,4,1,1,1,1,, -1,1,0,1,4,2,26,9,1,2,0,2,0,1,202000033686B01,7,1,1
202000033699,2020-05-31,2020,mai,dimanche,19:10,75,75104,"48,8552240","2,3611120",2,3,1,1,1,4,2,4,1,1,, -1,1, -1,5,1,1,26,9,1,2,0,2,1,1,202000033699A01,1,13,1
202000033699,2020-05-31,2020,mai,dimanche,19:10,75,75104,"48,8552240","2,3611120",2,3,1,1,1,4,2,4,1,1,, -1,1, -1,5,4,1,48,9,1,2,0,2,1,13,202000033699B01,1,1,1
202000033733,2020-12-11,2020,décembre,vendredi,15:48,75,75115,"48,8509100","2,2926070",2,2,3,1,3,4,1,1,1,1,, -1,2,0,1,4,1,25,9,1,2,0,2,1,1,202000033733B01,10,16,1
202000033741,2020-12-11,2020,décembre,vendredi,09:30,75,75113,"48,8240180","2,3770060",2,3,6,1,1,4, -1,6,4,1,, -1,2,0,1,1,1,39,1,1,2,0,1,1,1,202000033741A01,,,
202000033744,2020-12-11,2020,décembre,vendredi,15:20,75,75111,"48,8646120","2,3780280",2,2,3,1,2,4,2,4,2,1,, -1,2,0,1,4,1,58,9,1,2,0,2,1,1,202000033744B01,7,15,1
202000033746,2020-12-11,2020,décembre,vendredi,09:00,75,75110,"48,8729120","2,3637360",2,3,7,1,2,4,1,2,2,1,, -1,2, -1,5,4,2,30,1,2,,0,0,8,1,202000033746A01,,,
202000033749,2020-12-11,2020,décembre,vendredi,14:10,75,75109,"48,8771840","2,3489890",2,2,6,1,2,4,1,3,1,1,, -1,2,0,1,1,2,26,9,2,,0,1,1,1,202000033749A01,,,
202000033755,2020-12-10,2020,décembre,jeudi,12:45,75,75104,"48,8539510","2,3647260",2,2,3,1,1,4,2,3,1,1,, -1,1,0,1,4,1,32,5,2,,0,2,0,1,202000033755B01,7,16,1
202000033781,2020-12-11,2020,décembre,vendredi,17:46,44,44043,"47,0969740"," -1,2720480",1,6,3,4,2,3,2,2,1,1,, -1,2,5,1,3,1,13,5,2,,0,0,7,1,202000033781B01,38,9,1
202000033796,2020-12-12,2020,décembre,samedi,15:00,02,02463,"49,8040470","3,7704780",2,1,7,1,8,3,2,2,2,1,, -1,2,0,1,3,1,18,5,2,,0,0,0,1,202000033796A01,,,
202000033875,2020-01-13,2020,janvier,lundi,18:05,75,75106,"48,8445601","2,3245389",2,4,6,5,2,4,2,3,1,1,,9,2,0,1,1,1,18,2,1,2,0,1,1,1,202000033875A01,,,
202000033876,2020-01-13,2020,janvier,lundi,07:45,75,75105,"48,8495920","2,3448760",2,2,3,5,8,4,2,4,1,1,,12,1,0,1,4,1,19,2,1,2,0,2,1,13,202000033876A01,7,1,1
202000033882,2020-01-13,2020,janvier,lundi,09:55,75,75119,"48,8759986","2,3813281",2,5,3,1,1,4,2,2,1,1,,7,1,0,1,4,1,70,9,1,2,0,2,7,15,202000033882B01,33,1,1
202000033884,2020-01-13,2020,janvier,lundi,13:05,75,75118,"48,8894850","2,3496000",2,2,3,1,2,4,1,4,2,1,,12,2, -1,5,4,2,60,9,1,2,0,2,1,1,202000033884B01,7,1,1
202000033886,2020-01-13,2020,janvier,lundi,10:50,75,75117,"48,8817361","2,3145892",2,4,3,1,1,4,2,2,1,1,,4,1,0,1,4,2,36,9,1,2,0,2,0,1,202000033886A01,7,22,1
202000033888,2020-01-13,2020,janvier,lundi,09:00,75,75115,"48,8325711","2,2792272",2,3,3,1,1,4,2,1,1,1,,3,1,0,1,4,2,35,1,1,2,0,2,1,15,202000033888B01,31,17,1
202000033893,2020-01-13,2020,janvier,lundi,08:00,75,75111,"48,8504630","2,3899580",2,3,3,1,1,4,2,1,1,1,,3,1, -1,5,4,1,38,1,1,2,0,2,7,14,202000033893A01,7,1,1
202000033895,2020-01-13,2020,janvier,lundi,10:00,75,75110,"48,8809645","2,3579477",2,1,6,1,1,4,2,2,1,1,, -1,1, -1,6,1,1,33,9,1,2,0,1,1,7,202000033895A01,,,
202000033896,2020-01-13,2020,janvier,lundi,13:12,75,75109,"48,8770751","2,3485009",2,1, -1,1,8,4,2,4,1,1,, -1,2, -1,5,4,1,31,4,1,2,0,2,3,1,202000033896A01,7,1,1
202000033918,2020-01-14,2020,janvier,mardi,07:40,59,59107,"51,0640070","2,5204350",2,1,2,5,2,4,2,2,1,1,, -1,2,0,1,2,2,54,9,1,2,0,2,4,2,202000033918B01,7,2,1
202000033953,2020-01-11,2020,janvier,samedi,07:35,971,97125,"16,2557640"," -61,2468940",1,1,2,1,1,3,2,1,1,1,, -1,1,0,1,2,1,78,5,2,,0,2,4,0,202000033953B01,7,1,1
202000033997,2020-01-10,2020,janvier,vendredi,18:35,71,71270,"46,3091286","4,8333775",2,1,3,5,1,3,2,2,3,1,, -1,1,0,1,4,1,28,1,1,2,0,2,1,1,202000033997B01,7,15,1
202000034017,2020-01-10,2020,janvier,vendredi,08:00,56,56121,"47,7438700"," -3,3810800",2,2,3,5,1,4,2,4,1,1,, -1,1,5,1,4,2,20,2,1,2,0,2,1,1,202000034017B01,7,15,1
202000034023,2020-01-10,2020,janvier,vendredi,18:15,45,45338,"47,9899300","2,7246200",2,1,1,3,1,3,2,2,4,2,, -1,1,0,1,4,1,19,4,2,,0,2,1,1,202000034023B01,10,13,1
202000034045,2020-01-07,2020,janvier,mardi,17:20,22,22113,"48,7469300"," -3,4599500",2,1,1,5,8,4,2,2,1,1,, -1,1,0,5,4,1,14,9,1,2,0,2,1,0,202000034045B01,7,26,1
202000034071,2020-07-04,2020,juillet,samedi,11:45,37,37166,"47,5110572","0,9092855",2,3,3,1,1,3,2,2,2,1,, -1,1,0,1,4,1,13,5,2,,0,2,8,15,202000034071B01,7,1,1
202000034084,2020-07-05,2020,juillet,dimanche,10:06,69,69228,"45,5954230","4,6506770",1,2,3,1,1,4,2,1,1,1,,3,1,0,1,4,1,55,5,1,2,0,2,8,1,202000034084B01,7,1,1
202000034088,2020-07-05,2020,juillet,dimanche,11:15,14,14047,"49,2705450"," -0,7072770",2,6,3,1,2,3,2,2,1,1,, -1,2,0,1,3,1,45,5,1,2,0,2,7,1,202000034088B01,7,9,1
202000034188,2020-07-02,2020,juillet,jeudi,22:50,75,75104,"48,8529260","2,3684220",2,2,6,5,1,4,1,3,1,1,, -1,1, -1,6,3,2,43,5,1,2,14,0,1,13,202000034188A01,,,
202000034189,2020-07-03,2020,juillet,vendredi,18:01,75,75105,"48,8489290","2,3498280",2,5, -1,1,1,4,1,2,2,1,, -1,1,0,1,4,2,22,5,2,,0,2,3,1,202000034189A01,7,16,1
202000034195,2020-07-02,2020,juillet,jeudi,18:40,75,75116,"48,8616620","2,2378960",2,1,3,1,1,4,2,2,1,3,, -1,1, -1,5,1,1,45,5,1,2,0,2,4,14,202000034195A01,1,1,1
202000034195,2020-07-02,2020,juillet,jeudi,18:40,75,75116,"48,8616620","2,2378960",2,1,3,1,1,4,2,2,1,3,, -1,1, -1,5,4,1,34,5,1,2,0,2,1,1,202000034195B01,1,14,1
202000034199,2020-07-03,2020,juillet,vendredi,16:55,75,75115,"48,8434010","2,2997730",2,1,6,1,1,4,1,1,1,1,, -1,1,0,1,1,1,24,5,2,,0,1,1,5,202000034199A01,,,
202000034200,2020-07-02,2020,juillet,jeudi,09:20,75,75114,"48,8361360","2,3307490",2,1, -1,1,1,4,1,1,1,1,, -1,1,0,1,4,2,25,1,1,2,1,2,8,1,202000034200B01,7,17,1
202000034203,2020-07-03,2020,juillet,vendredi,02:35,75,75111,"48,8639990","2,3706780",2,2, -1,5,1,4,1,3,1,1,, -1,1, -1,5,4,1,29,9,2,,0,2,1,1,202000034203A01,7,1,1
202000034238,2020-07-04,2020,juillet,samedi,10:50,60,60088,"49,2247170","2,2050120",2,1,7,1,1,3,2,2,1,3,, -1,1,0,1,4,1,61,5,1,2/4,0,0,0,0,202000034238A01,,,
202000034248,2020-07-04,2020,juillet,samedi,01:10,74,74103,"45,9166350","6,6482900",1,1,2,3,1,3,2,2,1,1,, -1,1,0,1,2,1,44,5,2,,0,0,4,2,202000034248B01,7,1,1
202000034255,2020-07-04,2020,juillet,samedi,08:05,12,12069,"43,8762110","2,6746770",1,1,3,1,1,3,2,2,2,1,, -1,1,0,1,3,1,72,5,1,2,0,2,8,1,202000034255B01,10,2,1
202000034305,2020-03-18,2020,mars,mercredi,17:00,60,60481,"49,2927140","2,8585960",2,1,3,1,1,3,2,2,1,1,,4,1,0,1,3,1,15,5,2,,0,2,1,26,202000034305B01,7,1,1
202000034332,2020-03-15,2020,mars,dimanche,09:36,63,63113,"45,7927900","3,0916600",2,3, -1,1,1,4,2,2,1,1,, -1,1,0,1,4,2,13,0,1,2/6,0,2,8,15,202000034332B01,7,4,1
202000034338,2020-03-15,2020,mars,dimanche,18:30,37,37122,"47,3465104","0,6548812",2,1, -1,1,1,7,2,3,1,1,, -1,1,0,5,4,2,79,5,2,,0,2,0,0,202000034338B01,7,0,1
202000034366,2020-02-14,2020,février,vendredi,16:00,02,02475,"49,4216030","3,9977150",1,1,3,1,1,3,3,2,1,3,, -1,1,9,1,3,1,15,2,2,,0,2,8,25,202000034366B01,17,1,1
202000034452,2020-09-03,2020,septembre,jeudi,10:45,44,44195,"47,3608010"," -1,9557430",2,6,3,1,1,3,2,2,1,4,, -1,1,9,1,3,2,67,3,1,2,0,0,4,26,202000034452B01,7,16,1