Num_Acc,date,an,mois,jour,hrmn,dep,com,lat,long,agg,int,col,lum,atm,catr,circ,nbv,prof,plan,lartpc,larrout,surf,infra,situ,grav,sexe,age,trajet,secuexist,equipement,obs,obsm,choc,manv,vehiculeid,typevehicules,manoeuvehicules,numVehicules
202000034495,2020-09-01,2020,septembre,mardi,11:30,59,59350,"50,6271000","3,0392100",2,2,5,1,1,4,2,4,1,1,, -1,1,0,1,4,1,15,0,2,,0,2,7,15,202000034495B01,7,1,1
202000034495,2020-09-01,2020,septembre,mardi,11:30,59,59350,"50,6271000","3,0392100",2,2,5,1,1,4,2,4,1,1,, -1,1,0,1,1,1,16,0,2,,0,2,2,15,202000034495C01,7,1,1
202000034499,2020-09-01,2020,septembre,mardi,15:35,52,52121,"48,1063000","5,1358200",2,1,3,1,1,4,1, -1, -1, -1,, -1, -1, -1, -1,4,1,81,5,2,,0,2,2,1,202000034499B01,7,20,1
202000034513,2020-09-02,2020,septembre,mercredi,14:15,26,26362,"44,9345000","4,9064000",2,1,3,1,1,4,2,2,1,1,, -1,1,0,1,4,1,17,9,2,,0,2,1,1,202000034513B01,7,16,1
202000034560,2020-09-03,2020,septembre,jeudi,09:20,11,11156,"43,3204295","2,2770989",1,1,7,1,1,3,2,2,1,1,, -1,1,0,3,3,1,47,5,1,2,0,0,0,1,202000034560A01,,,
202000034583,2020-01-22,2020,janvier,mercredi,16:20,28,28136,"48,7081530","1,4167860",1,1,2,2,7,3,2,2,2,1,, -1,1,0,1,3,1,72,5,1,2,0,2,8,1,202000034583B01,7,17,1
202000034596,2020-02-09,2020,février,dimanche,10:24,06,06152,"43,6427060","7,0252260",1,1, -1,1,1,3,2,2,3,1,, -1,1,0,1,4,1,39,5,1,2,12,0,0,1,202000034596A01,7,17,1
202000034604,2020-09-02,2020,septembre,mercredi,16:45,15,15248,"45,0541970","2,9211400",1,1,3,1,1,3,2,2,1,1,, -1,1,0,1,3,2,62,5,1,2,0,2,8,2,202000034604B01,15,17,1
202000034605,2020-02-14,2020,février,vendredi,07:35,33,33203,"45,2014500"," -1,0734800",1,1,3,3,5,3,2,2,1,1,, -1,1,0,1,3,1,69,5,2,,0,0,6,2,202000034605B01,10,2,1
202000034618,2020-09-03,2020,septembre,jeudi,12:00,04,04217,"44,1362570","6,1325760",2,3,3,1,1,3,2,2,1,1,, -1,1,0,1,4,1,58,5,1,2,0,0,1,21,202000034618B01,7,15,1
202000034624,2020-09-03,2020,septembre,jeudi,18:20,38,38173,"45,0407300","6,1244900",1,1,6,2,1,3,2,2,2,3,, -1,1,0,3,4,1,32,5,1,2,3,0,1,1,202000034624A01,,,
202000034638,2020-09-02,2020,septembre,mercredi,18:00,21,21021,"47,3459944","5,1865618",2,4,2,1,1,3,2,2,1,2,, -1,1,0,1,4,1,57,5,1,2/6,0,2,1,1,202000034638A01,7,1,1
202000034715,2020-02-12,2020,février,mercredi,16:10,45,45234,"47,9021900","1,9312500",2,1,3,1,1,4,2,2,2,1,, -1,1,0,5,4,1,18,0,2,,0,2,1,1,202000034715B01,7,20,1
202000034737,2020-02-12,2020,février,mercredi,12:30,14,14118,"49,1717900"," -0,3485700",2,2,3,1,1,4,2,0,1,1,, -1,1,0,1,4,1,12,5,2,,0,2,8,12,202000034737B01,7,16,1
202000034758,2020-02-12,2020,février,mercredi,15:40,75,75117,"48,8794900","2,2905720",2,1,3,1,1,4,2,4,1,1,, -1,1,0,1,4,2,50,9,1,6,0,2,1,1,202000034758B01,7,22,1
202000034761,2020-02-11,2020,février,mardi,22:28,75,75115,"48,8334880","2,2865880",2,3, -1,5,8,4,3,2,2,1,, -1,2,0,1,4,1,42,9,1,2,0,2,4,19,202000034761A01,30,0,1
202000034790,2020-02-13,2020,février,jeudi,18:50,974,97414," -21,2790470","55,4133220",1,1,3,2,1,4,2,2,2,1,, -1,1,6,1,3,1,16,5,2,,0,2,8,19,202000034790B01,7,1,1
202000034801,2020-01-31,2020,janvier,vendredi,16:30,31,31522,"43,2962540","0,8231270",1,1,6,1,1,3,2,2,1,3,, -1,1,0,1,3,1,71,5,1,2,0,5,1,1,202000034801A01,,,
202000034884,2020-07-31,2020,juillet,vendredi,00:01,75,75117,"48,8866080","2,3260020",2,3,1,5,1,4,2,3,1,1,, -1,1, -1,5,4,1,31,9,2,,0,2,1,1,202000034884B01,7,13,1
202000034885,2020-07-31,2020,juillet,vendredi,17:30,75,75116,"48,8491420","2,2420510",2,1,3,1,1,4,2,2,1,1,, -1,1,0,1,4,2,46,1,1,2,0,2,7,1,202000034885B01,7,22,1
202000034889,2020-07-31,2020,juillet,vendredi,08:05,75,75115,"48,8450040","2,3106510",2,2,3,1,1,4,1,2,1,1,, -1,1, -1,5,4,2,50,1,2,,0,2,6,19,202000034889B01,32,1,1
202000034891,2020-07-30,2020,juillet,jeudi,11:27,75,75113,"48,8430290","2,3663690",2,1,3,1,1,4,2,4,1,1,, -1,1, -1,5,1,1,20,9,2,,0,2,1,13,202000034891A01,50,1,1
202000034892,2020-07-31,2020,juillet,vendredi,18:55,75,75112,"48,8514600","2,3692250",2,3,2,1,1,4,1,3,1,1,, -1,1, -1,5,4,2,54,1,1,2,0,2,2,23,202000034892A01,1,1,1
202000034894,2020-07-30,2020,juillet,jeudi,20:20,75,75107,"48,8585100","2,2927350",2,1,3,1,1,4,2,2,4,1,, -1,1, -1,5,1,1,33,9,2,,0,2,0,1,202000034894B01,1,17,1
202000034894,2020-07-30,2020,juillet,jeudi,20:20,75,75107,"48,8585100","2,2927350",2,1,3,1,1,4,2,2,4,1,, -1,1, -1,5,4,1,60,9,1,2,0,2,0,17,202000034894A01,1,1,1
202000034931,2020-08-01,2020,août,samedi,15:45,56,56251,"47,6290840"," -2,6674710",2,3,3,1,1,4,2,2,1,1,, -1,1,0,1,4,1,15,3,2,,0,2,1,16,202000034931B01,7,1,1
202000034942,2020-07-31,2020,juillet,vendredi,07:30,39,39470,"46,4675610","6,0685300",1,4,3,1,7,3,2,2,1,1,, -1,1,5,1,3,2,51,5,1,2,0,2,1,1,202000034942B01,7,15,1
202000034945,2020-08-01,2020,août,samedi,10:20,35,35297,"48,1833030"," -2,1850400",2,1,3,1,1,3,2,2,1,1,, -1,1,0,1,2,1,84,5,2,,0,2,8,15,202000034945B01,7,17,1
202000034972,2020-09-28,2020,septembre,lundi,07:50,26,26362,"44,9280800","4,9062500",2,1,2,1,2,4,1,1,1,1,, -1,2,0,5,3,2,14,2,1,2,0,0,0,0,202000034972B01,37,1,1
202000034993,2020-07-31,2020,juillet,vendredi,11:10,44,44195,"47,3705050"," -1,9518700",2,6,3,1,1,3,2,2,1,1,, -1,1,0,1,3,1,46,5,1,2,0,2,1,1,202000034993B01,7,1,1
202000035003,2020-09-27,2020,septembre,dimanche,23:57,75,75106,"48,8520950","2,3403020",2,2,3,5,2,4,1,3,1,1,, -1,2,0,1,4,2,41,9,2,,0,2,8,1,202000035003A01,7,16,1
202000035014,2020-09-28,2020,septembre,lundi,10:00,75,75113,"48,8358400","2,3525020",2,2,2,1,2,4,2,6,2,1,, -1,2,0,1,4,1,23,1,1,2/4,0,2,3,1,202000035014A01,10,1,1
202000035016,2020-09-27,2020,septembre,dimanche,23:45,75,75113,"48,8222860","2,3716430",2,2,3,5,2,4,3,3,2,1,, -1,2,0,1,4,2,21,5,2,,0,2,1,1,202000035016B01,7,1,1
202000035020,2020-09-28,2020,septembre,lundi,08:15,75,75111,"48,8666450","2,3672900",2,3,3,1,2,4,2,4,1,1,, -1,2, -1,5,4,1,56,9,2,,0,2,1,1,202000035020B01,7,15,1
202000035022,2020-09-28,2020,septembre,lundi,16:30,75,75110,"48,8731590","2,3755690",2,1,2,1,1,4,1,2,1,1,, -1,1, -1,5,4,1,55,9,2,,0,2,3,1,202000035022B01,10,22,1
202000035023,2020-09-28,2020,septembre,lundi,18:20,75,75108,"48,8817670","2,3239830",2,1,2,1,1,4,1,1,2,1,, -1,1,0,1,4,1,63,5,2,,0,2,1,1,202000035023A01,1,10,1
202000035148,2020-09-28,2020,septembre,lundi,16:40,50,50210,"49,2547780"," -1,3861980",1,1,3,1,1,3,2,2,1,1,, -1,1,0,1,2,1,64,5,1,2/6,0,9,3,1,202000035148A01,21,1,1
202000035160,2020-09-29,2020,septembre,mardi,10:27,66,66213,"42,6612670","2,8229280",1,1,2,1,1,3,2,2,1,1,, -1,1,0,2,2,1,44,5,2,,0,0,4,1,202000035160A01,7,14,1
202000035216,2020-06-01,2020,juin,lundi,13:55,72,72127,"47,9564540","0,0910500",2,1,1,1,1,4,2,2,1,1,,5,1,0,1,3,1,19,0,2,,0,2,8,15,202000035216B01,7,1,1
202000035227,2020-06-01,2020,juin,lundi,10:25,16,16287,"45,5775230","0,0339250",1,6,3,1,1,3,1,1,1,2,"8,8","7,8",1,5,1,2,1,66,5,1,2,0,2,5,16,202000035227B01,7,16,1
202000035242,2020-05-31,2020,mai,dimanche,16:00,87,87045,"45,9906410","1,0477780",2,1,2,1,1,3,2,2,2,1,, -1,1,0,1,4,2,40,5,1,2,0,2,1,23,202000035242B01,7,23,1
202000035282,2020-05-30,2020,mai,samedi,14:05,78,78548,"48,7108720","2,0017330",1,1,1,1,1,3,2,2,1,1,,7,1,0,1,3,1,63,5,1,2,0,2,1,13,202000035282B01,33,1,1
202000035290,2020-01-11,2020,janvier,samedi,13:05,75,75120,"48,8725996","2,3961092",2,2,3,1,1,4,2,2,1,1,,4,1, -1,5,4,1,36,5,1,2,0,2,2,1,202000035290A01,30,9,1
202000035291,2020-01-12,2020,janvier,dimanche,10:05,75,75116,"48,8685964","2,2775696",2,1,7,1,1,4,1,1,1,1,, -1,1,0,1,4,1,52,5,1,2,0,0,0,1,202000035291A01,,,
202000035299,2020-01-12,2020,janvier,dimanche,18:50,75,75112,"48,8496123","2,3742761",2,2,6,5,1,4,2,1,1,1,,3,1,0,1,1,1,17,5,1,2,0,1,1,1,202000035299A01,,,
202000035302,2020-06-01,2020,juin,lundi,14:45,08,08328,"49,7978600","4,7593760",1,1,7,1,7,9,2,2,1,1,, -1,1,0,1,3,1,58,5,1,6,0,0,1,1,202000035302A01,,,
202000035305,2020-01-11,2020,janvier,samedi,23:35,75,75109,"48,8710783","2,3347968",2,2,6,5,1,4,2,5,1,1,,15,1,0,1,4,1,24,1,1,2,0,1,1,1,202000035305A01,,,
202000035310,2020-01-12,2020,janvier,dimanche,12:12,75,75108,"48,8666666","2,3220178",2,7,3,1,1,4,1,4,1,1,,18,1,0,1,3,2,27,9,1,2,0,2,1,1,202000035310A01,7,1,1
202000035365,2020-01-13,2020,janvier,lundi,09:00,56,56078,"47,7928668"," -3,4915522",2,6,3,1,2,4, -1,2,1,1,,5,2,0,1,3,2,62,0,2,,0,2,8,1,202000035365B01,7,9,1
202000035378,2020-09-27,2020,septembre,dimanche,19:45,75,75115,"48,8494150","2,3037930",2,2,3,4,2,4,2,2,1,1,, -1,2,0,1,1,1,19,5,2,,0,2,8,15,202000035378A01,2,17,1
202000035394,2020-10-28,2020,octobre,mercredi,14:00,75,75108,"48,8660650","2,3209740",2,7,3,1,8,4,4,8,1,2,, -1,1,0,1,4,2,58,1,2,,0,2,8,1,202000035394B01,37,17,1
202000035403,2020-09-27,2020,septembre,dimanche,02:20,75,75103,"48,8644300","2,3515170",2,2,3,5,2,4,1,4,1,1,, -1,2, -1,5,4,1,27,5,2,,0,2,1,1,202000035403B01,7,15,1
202000035413,2020-10-25,2020,octobre,dimanche,14:50,75,75107,"48,8586120","2,2928780",2,1,7,1,2,4, -1,2,1,1,, -1,2, -1,5,4,1,21,5,2,,0,0,8,1,202000035413A01,,,
202000035419,2020-10-28,2020,octobre,mercredi,18:45,75,75101,"48,8604340","2,3423240",2,2,6,3,1,4,1,1,1,1,, -1,1, -1,5,4,2,55,9,2,,14,0,0,17,202000035419A01,,,
202000035424,2020-06-01,2020,juin,lundi,09:00,60,60346,"49,1533590","2,4291910",2,6,1,1,1,4,1,1,1,2,, -1,1,0,1,4,1,71,3,2,,0,2,7,1,202000035424B01,7,9,1
202000035465,2020-12-10,2020,décembre,jeudi,12:50,75,75112,"48,8458730","2,3676710",2,2,3,1,1,4,1,3,2,1,, -1,1, -1,5,4,1,68,1,2,,0,2,1,1,202000035465B01,80,1,1
202000035479,2020-12-10,2020,décembre,jeudi,07:55,75,75111,"48,8663450","2,3688560",2,2,3,2,1,4,2,4,1,1,, -1,1,0,1,4,1,62,9,1,2,0,2,3,1,202000035479A01,30,1,1
202000035485,2020-01-11,2020,janvier,samedi,17:55,78,78398,"48,7634740","1,8258650",1,1,2,3,1,3,2,2,2,1,, -1,1,0,1,3,1,72,5,1,2/4,0,0,4,1,202000035485B01,7,0,1
202000035497,2020-12-10,2020,décembre,jeudi,08:45,75,75109,"48,8836110","2,3495140",2,2,3,2,1,4,4,1,1,1,, -1,1,0,1,4,1,44,1,1,2,0,2,1,1,202000035497B01,10,1,1
202000035499,2020-12-09,2020,décembre,mercredi,09:20,75,75109,"48,8759400","2,3455480",2,2,3,1,1,4,1,2,1,1,, -1,1,0,1,1,2,42,9,2,,0,2,1,1,202000035499B01,1,1,1
202000035499,2020-12-09,2020,décembre,mercredi,09:20,75,75109,"48,8759400","2,3455480",2,2,3,1,1,4,1,2,1,1,, -1,1,0,1,4,1,54,9,2,,0,2,8,1,202000035499A01,1,1,1
202000035546,2020-10-28,2020,octobre,mercredi,19:05,74,74026,"45,9605550","6,0349920",1,1,3,3,2,3,2,2,1,1,, -1,2,0,1,3,2,23,0,2,,0,0,0,2,202000035546A01,0,2,1
202000035598,2020-10-29,2020,octobre,jeudi,17:50,03,03166,"46,1287166","3,1671713",1,1,2,3,1,3,2,2,2,1,, -1,1,0,1,3,1,50,5,1,2,0,2,4,1,202000035598B01,7,1,1
202000035614,2020-10-29,2020,octobre,jeudi,08:25,64,64145,"43,1940740"," -0,2717720",2,9,3,1,1,3,2,2,1,1,, -1,1,9,1,4,1,49,5,1,2/9,0,2,8,1,202000035614B01,13,17,1
202000035621,2020-01-11,2020,janvier,samedi,15:30,75,75116,"48,8632061","2,2961761",2,3,4,1,1,4,2,4,1,1,, -1,1, -1,6,4,1,49,5,1,2,0,2,1,7,202000035621C01,7/ 33,16/18,2
202000035623,2020-01-10,2020,janvier,vendredi,08:10,75,75116,"48,8769984","2,2769237",2,4,3,1,8,4,2,2,1,1,,7,2, -1,5,4,1,69,1,2,,0,2,7,19,202000035623B01,7,1,1
202000035641,2020-01-11,2020,janvier,samedi,02:25,75,75112,"48,8500131","2,3705201",2,1,3,5,1,4,2,3,1,1,, -1,1,0,1,4,1,29,5,1,2,0,2,1,13,202000035641A01,7,1,1
202000035677,2020-12-07,2020,décembre,lundi,08:00,974,97422," -21,2484670","55,5252750",1,9,6,1,1,2,3,2,1,1,, -1,1,6,1,3,1,13,2,2,,0,2,1,2,202000035677A01,,,
202000035680,2020-05-30,2020,mai,samedi,14:50,75,75114,"48,8236447","2,3256404",2,1,3,1,1,4,2,5,1,1,, -1,1, -1,5,4,1,57,9,1,2,0,2,1,1,202000035680B01,7,16,1
202000035683,2020-01-11,2020,janvier,samedi,17:35,75,75104,"48,8602203","2,3491686",2,1,7,2,1,4,2,4,1,1,, -1,1,0,1,4,2,30,9,1,2,0,0,0,1,202000035683A01,,,
202000035685,2020-05-30,2020,mai,samedi,13:00,75,75114,"48,8223779","2,3291271",2,3,3,1,1,4,3,2,1,1,, -1,1,0,1,4,2,22,5,1,2,0,2,1,1,202000035685B01,7,22,1
202000035693,2020-05-30,2020,mai,samedi,14:35,75,75110,"48,8710682","2,3611258",2,7,6,1,1,4,2,2,1,1,, -1,1, -1,5,1,2,18,5,1,2,0,1,2,1,202000035693A01,,,
202000035703,2020-05-30,2020,mai,samedi,09:10,75,75110,"48,8736396","2,3750159",2,2,3,1,1,4,3,3,1,1,, -1,1, -1,5,4,2,39,4,1,2,0,2,0,1,202000035703B01,10,16,1
202000035729,2020-05-30,2020,mai,samedi,20:30,75,75101,"48,8601128","2,3333437",2,2,3,1,1,4,1,4,1,1,, -1,1,0,1,4,1,74,5,1,2,0,2,1,1,202000035729B01,30,1,1
202000035732,2020-05-27,2020,mai,mercredi,21:00,75,75104,"48,8536186","2,3690504",2,7,3,2,1,4,2,6,1,1,, -1,1, -1,5,4,1,36,5,1,2,0,2,1,1,202000035732B01,7,22,1
202000035752,2020-01-12,2020,janvier,dimanche,11:30,83,83085,"43,4960530","6,5215220",1,1, -1,1,1,3,2,2,2,3,,4,1,0,1,3,1,77,5,1,2,0,2,1,1,202000035752B01,7,26,1
202000035776,2020-12-07,2020,décembre,lundi,08:45,78,78196,"48,8607730","1,9689670",1,1,2,1,1,3,2,2,1,1,, -1,1,0,1,3,2,51,1,1,2/6,0,0,4,26,202000035776B01,7,21,1
202000035787,2020-11-04,2020,novembre,mercredi,14:55,21,21515,"47,3205983","5,1243902",1,3,3,1,8,3,2,2,1,2,,"6,9",1,0,1,4,1,71,5,1,2,0,2,8,0,202000035787B01,7,1,1
202000035794,2020-05-31,2020,mai,dimanche,11:25,01,01105,"45,9047100","4,8772850",1,1,2,1,1,3,2,2,1,1,, -1,1,0,1,4,1,33,5,1,2,0,2,4,2,202000035794B01,7,1,1
202000035802,2020-05-29,2020,mai,vendredi,09:58,31,31389,"43,6328990","1,5201070",1,9,1,1,1,3,2,2,1,3,, -1,1,5,1,3,1,54,5,1,2,0,2,1,1,202000035802B01,7,15,1
202000035821,2020-05-31,2020,mai,dimanche,11:40,19,19107,"45,1020001","1,3873061",1,1,3,1,1,3,2,2,2,3,,5,1,0,1,3,1,68,5,1,2,13,0,8,2,202000035821B01,15,17,1
202000035827,2020-01-10,2020,janvier,vendredi,16:10,974,97415," -21,0520726","55,2277440",2,3,3,1,1,2,2,2,2,1,, -1,1,0,1,3,1,56,0,2,,1,0,0,21,202000035827B01,7,19,1
202000035839,2020-01-12,2020,janvier,dimanche,18:45,83,83115,"43,3137742","6,6636780",1,1,2,2,1,3,2,2,2,1,, -1,1,0,1,2,1,61,1,2,,0,0,4,2,202000035839B01,7,2,1
202000035842,2020-01-11,2020,janvier,samedi,10:20,13,13042,"43,2974110","5,6236030",2,6,3,1,1,3,2,2,1,1,, -1,1,0,1,3,1,58,5,1,2/6,0,2,7,1,202000035842B01,7,1,1
202000035856,2020-01-11,2020,janvier,samedi,16:15,31,31420,"43,4920610","1,4037430",1,6,3,1,7,3, -1,1,1,1,,3,1,0,1,3,1,83,5,1,2,0,0,5,15,202000035856B01,7,9,1
202000035884,2020-05-30,2020,mai,samedi,19:30,45,45062,"47,9887639","1,8823745",2,1,6,1,1,3,2,2,1,1,, -1,1,0,1,3,1,13,5,2,,8,0,1,0,202000035884A01,,,
202000035886,2020-05-31,2020,mai,dimanche,19:30,48,48034,"44,3825890","3,2809480",1,1,7,1,1,3,3,2,1,1,, -1,1,0,1,4,1,17,5,1,2,0,0,9,1,202000035886A01,,,
202000035916,2020-01-10,2020,janvier,vendredi,17:55,75,75106,"48,8455844","2,3286460",2,2,3,5,2,4,3,2,1,1,, -1,2,0,1,4,2,34,9,1,2,0,2,1,1,202000035916A01,7,15,1
202000035935,2020-01-10,2020,janvier,vendredi,11:00,75,75115,"48,8347270","2,2827659",2,1,7,1,8,4,3,2,1,1,, -1,2, -1,5,4,1,34,5,1,2,0,0,1,12,202000035935A01,,,
202000035943,2020-01-09,2020,janvier,jeudi,17:40,75,75112,"48,8334763","2,4021119",2,2,3,2,2,4,3,2,1,1,, -1,2,0,1,4,2,47,9,1,2,0,2,7,19,202000035943B01,30,1,1
202000035980,2020-12-09,2020,décembre,mercredi,08:45,75,75112,"48,8479980","2,3714330",2,2,3,1,1,4,2,3,1,1,, -1,1, -1,6,4,2,28,1,2,,0,2,8,19,202000035980B01,7,8,1
202000035981,2020-12-09,2020,décembre,mercredi,09:20,75,75107,"48,8581120","2,3268450",2,1,3,1,1,4,2,2,1,1,, -1,1,8,1,4,1,55,1,2,,0,2,1,1,202000035981B01,7,22,1
202000035982,2020-12-09,2020,décembre,mercredi,20:00,75,75104,"48,8489360","2,3645210",2,2,3,5,1,4,1,2,1,1,, -1,1, -1,5,4,1,58,1,2,,0,2,1,19,202000035982A01,7,15,1
202000035988,2020-07-03,2020,juillet,vendredi,21:00,02,02238,"49,6109850","3,5101290",2,3,3,1,1,3,2,2,1,1,, -1,1,0,1,3,1,11,5,2,,0,2,8,15,202000035988A01,7,1,1
202000036007,2020-07-03,2020,juillet,vendredi,19:40,70,70528,"47,4199720","5,7032230",2,1,2,1,1,4,2,1,1,1,, -1,1,0,1,4,1,12,5,1,2,0,2,4,2,202000036007B01,7,2,1
202000036018,2020-07-04,2020,juillet,samedi,13:00,60,60065,"49,3399340","2,2099630",1,1,3,1,2,4, -1,2,1,2,, -1,2,0,1,3,1,58,5,1,2/9,0,2,0,13,202000036018B01,7,13,1
202000036103,2020-07-02,2020,juillet,jeudi,12:35,75,75105,"48,8411200","2,3526300",2,2,3,1,1,4,2,2,1,1,, -1,1,0,1,4,2,61,3,1,2,0,2,4,1,202000036103A01,30,1,1
202000036104,2020-07-01,2020,juillet,mercredi,09:10,75,75105,"48,8390430","2,3561390",2,1,1,1,1,4,2,2,2,1,, -1,1, -1,5,4,1,41,1,1,2,0,2,1,1,202000036104B01,1,5,1
202000036104,2020-07-01,2020,juillet,mercredi,09:10,75,75105,"48,8390430","2,3561390",2,1,1,1,1,4,2,2,2,1,, -1,1, -1,5,4,2,24,1,2,,0,2,1,5,202000036104A01,1,1,1
202000036105,2020-07-02,2020,juillet,jeudi,19:10,75,75118,"48,8901370","2,3606310",2,1,6,1,1,4,2,2,1,1,, -1,1, -1,5,1,1,35,9,1,2,0,1,8,1,202000036105A01,,,
202000036109,2020-07-01,2020,juillet,mercredi,17:45,75,75114,"48,8316570","2,3301990",2,1,7,1,3,4,2,5,1,1,, -1,2, -1,5,4,1,50,5,1,2,0,0,0,1,202000036109A01,,,
202000036110,2020-07-02,2020,juillet,jeudi,17:40,75,75113,"48,8283160","2,3566150",2,3,2,1,1,4,2,4,1,1,, -1,1, -1,5,4,1,42,1,1,2,0,2,1,1,202000036110B01,7,4,1
202000036143,2020-07-02,2020,juillet,jeudi,15:30,47,47191,"44,4759460","0,1076640",1,2,3,1,1,3,2,2,1,1,, -1,1,0,1,4,1,56,5,1,2,0,2,8,1,202000036143B01,7,1,1
202000036150,2020-07-03,2020,juillet,vendredi,10:15,42,42097,"45,4886590","4,3295410",1,3,3,1,1,3,2,2,1,1,,"10,5",1,0,1,3,1,58,5,1,2,0,2,3,1,202000036150B01,7,15,1
202000036156,2020-07-03,2020,juillet,vendredi,11:00,64,64037,"43,3378070"," -0,5188550",1,1,7,1,1,3,2,2,3,1,,4,1,0,1,2,1,67,5,1,2,0,0,0,1,202000036156A01,,,
202000036174,2020-07-01,2020,juillet,mercredi,14:30,13,13027,"43,8828000","4,8625070",2,6,1,1,1,3,1,2,1,1,, -1,1,0,6,4,1,14,5,2,,0,0,8,19,202000036174B01,10,16,1
202000036175,2020-07-02,2020,juillet,jeudi,17:40,67,67127,"48,5732465","7,5390101",1,1,2,1,1,3,2,2,3,3,, -1,1,0,1,4,1,45,5,1,2,0,2,6,2,202000036175B01,7,2,1
202000036179,2020-07-03,2020,juillet,vendredi,08:15,38,38540,"45,2734300","5,6151900",2,1,1,1,1,4,2,2,2,3,, -1,1,0,1,3,1,14,0,1,2,0,2,1,1,202000036179B01,7,1,1
202000036214,2020-03-15,2020,mars,dimanche,17:10,27,27375,"49,2231000","1,1730000",2,2,3,1,1,4,2,0,1,1,, -1,1,5,1,3,2,41,5,1,2,0,2,0,0,202000036214B01,7,1,1
202000036219,2020-03-15,2020,mars,dimanche,01:12,75,75105,"48,8513851","2,3431960",2,2,3,5,1,4,1,4,2,1,, -1,1, -1,6,4,1,21,5,1,2,0,2,8,7,202000036219B01,7,16,1
202000036222,2020-03-15,2020,mars,dimanche,21:00,75,75119,"48,8851730","2,3793700",2,3,3,5,1,4,2,6,1,1,, -1,1,0,1,4,1,22,9,1,2,0,2,3,15,202000036222A01,7,1,1
202000036327,2020-03-13,2020,mars,vendredi,04:10,75,75119,"48,8763970","2,3788830",2,1,6,5,1,4,2,2,2,1,, -1,1,0,1,3,1,31,5,2,,1,0,1,14,202000036327A01,,,
202000036328,2020-03-14,2020,mars,samedi,15:05,75,75114,"48,8405240","2,3242770",2,4,2,1,8,4,2,2,1,1,, -1,2,0,1,4,1,20,9,1,2,0,2,1,2,202000036328B01,7,23,1
202000036362,2020-03-13,2020,mars,vendredi,16:40,15,15215,"44,9587550","2,4771810",1,1,2,1,7,3,2,2,2,1,,5,1,0,5,3,1,79,5,1,2,1,0,1,26,202000036362B01,7,24,1
202000036364,2020-03-15,2020,mars,dimanche,10:15,01,01001,"46,1500520","4,9227820",2,1,3,1,1,4,2,2,1,1,,4,1,0,1,4,1,11,5,1,2,0,2,1,19,202000036364B01,7,1,1
202000036414,2020-09-01,2020,septembre,mardi,21:30,13,13117,"43,4463580","5,2398310",1,1,2,3,1,3,2,3,2,1,, -1,1,0,1,4,1,20,1,2,,0,2,4,2,202000036414B01,7,2,1
202000036428,2020-08-31,2020,août,lundi,16:35,75,75117,"48,8794330","2,2908380",2,7,2,1,1,4,2,4,1,1,, -1,1,0,1,4,1,16,2,1,2,0,2,1,2,202000036428A01,13,23,1
202000036469,2020-09-02,2020,septembre,mercredi,10:40,47,47138,"44,2930150","0,7523700",1,3,3,1,1,4,2,2,1,1,, -1,1,0,1,4,1,11,5,1,2,0,2,1,13,202000036469A01,10,1,1
202000036483,2020-09-01,2020,septembre,mardi,08:15,21,21633,"47,3262100","4,4573650",1,1,2,1,7,3,2,2,1,1,, -1,1,0,1,4,2,48,1,2,,0,0,4,2,202000036483B01,7,2,1
202000036503,2020-08-30,2020,août,dimanche,09:30,33,33498,"44,5670700"," -0,7955400",1,1,3,1,1,3,2,2,1,1,, -1,1,0,1,3,1,39,5,1,2,0,2,8,1,202000036503B01,7,14,1
202000036551,2020-02-24,2020,février,lundi,13:15,75,75117,"48,8962470","2,3186710",2,1,6,1,1,4, -1,2,1,1,, -1,1,6,4,1,1,23,1,1,2,0,1,2,25,202000036551A01,,,
202000036604,2020-02-06,2020,février,jeudi,16:00,56,56177,"47,7644950"," -3,0000240",1,1,2,1,1,3,2,2,1,1,, -1,1,0,1,3,1,74,5,1,2,0,2,4,2,202000036604B01,7,2,1
202000036605,2020-02-08,2020,février,samedi,18:30,59,59282,"50,8154630","2,4819520",1,1,3,5,1,3,2,2,2,1,, -1,1,0,1,3,1,60,5,1,2/4/9,0,0,8,2,202000036605B01,7,2,1
202000036641,2020-02-12,2020,février,mercredi,04:30,987,98734," -17,7233790"," -149,5057300",2,1,1,5,1,2,2,2,1,1,, -1,2,0,1,2,1,51,1,2,,0,2,4,13,202000036641B01,7,2,1
202000036646,2020-02-12,2020,février,mercredi,06:40,973,97309,"4,9177360"," -52,2772190",2,3,1,1,1,3,2,2,1,1,, -1,1,0,5,3,1,24,0,2,,0,2,1,5,202000036646B01,7,16,1
202000036662,2020-02-08,2020,février,samedi,09:30,83,83115,"43,3005870","6,6254850",2,6,3,1,1,3,2,2,1,1,,"5,5",1,5,1,3,1,80,5,1,2,0,2,7,1,202000036662B01,7,9,1