Num_Acc,date,an,mois,jour,hrmn,dep,com,lat,long,agg,int,col,lum,atm,catr,circ,nbv,prof,plan,lartpc,larrout,surf,infra,situ,grav,sexe,age,trajet,secuexist,equipement,obs,obsm,choc,manv,vehiculeid,typevehicules,manoeuvehicules,numVehicules
202000036676,2020-02-12,2020,février,mercredi,16:00,01,01342,"45,8940250","5,0501770",2,1,5,1,1,3,2,2,2,1,, -1,1,0,1,4,1,17,5,1,2,0,2,2,1,202000036676C01,7,20,1
202000036676,2020-02-12,2020,février,mercredi,16:00,01,01342,"45,8940250","5,0501770",2,1,5,1,1,3,2,2,2,1,, -1,1,0,1,4,1,16,5,1,2,0,2,2,1,202000036676B01,7,20,1
202000036726,2020-02-10,2020,février,lundi,07:20,66,66136,"42,6928600","2,8859000",2,3,3,5,1,4,2,2,1,1,, -1,1,0,1,4,1,62,1,1,2,0,2,1,16,202000036726B01,7,1,1
202000036755,2020-01-10,2020,janvier,vendredi,02:30,75,75109,"48,8796730","2,3495310",2,5,2,5,2,4,2,2,4,1,,5,2,5,1,4,1,32,9,1,2,0,2,1,2,202000036755A01,7,23,1
202000036758,2020-01-10,2020,janvier,vendredi,02:40,75,75104,"48,8595129","2,3487702",2,2,2,5,2,4,1,4,1,1,,12,2, -1,6,4,1,30,5,1,2,0,2,1,2,202000036758A01,7,23,1
202000036813,2020-01-11,2020,janvier,samedi,11:50,04,04166,"43,8154557","6,0947581",2,3,3,1,1,3,2,2,4,1,, -1,1,0,1,4,1,24,5,1,2,0,2,8,1,202000036813B01,7,15,1
202000036826,2020-01-10,2020,janvier,vendredi,18:20,29,29042,"48,2822930"," -4,5063690",1,1,2,3,1,3,2,2,1,1,, -1,1,0,1,3,1,20,5,2,,0,0,4,2,202000036826B01,7,2,1
202000036887,2020-05-29,2020,mai,vendredi,15:00,35,35047,"48,0620644"," -1,7553678",1,6,2,1,1,3,2,2,1,1,, -1,1,0,1,4,1,56,5,1,2,0,0,4,2,202000036887B01,7,2,1
202000036907,2020-01-09,2020,janvier,jeudi,08:00,34,34172,"43,5874600","3,8720600",2,4,3,1,1,4,2,3,1,2,, -1,1,5,5,4,1,43,1,2,,0,2,4,1,202000036907B01,10,15,1
202000036912,2020-01-08,2020,janvier,mercredi,07:20,29,29019,"48,4019632"," -4,5025700",2,6,3,5,2,3, -1,4,1,1,, -1,2,0,1,4,1,36,1,1,2,0,2,7,1,202000036912B01,7,0,1
202000036952,2020-01-09,2020,janvier,jeudi,19:30,75,75105,"48,8523546","2,3482643",2,2,6,5,2,4,2,3,1,1,,"10,5",2, -1,5,1,1,53,1,1,2,0,1,4,1,202000036952A01,,,
202000036965,2020-01-08,2020,janvier,mercredi,18:55,75,75115,"48,8485800","2,2905600",2,1,5,5,1,4,2,2,1,1,,5,1, -1,5,4,1,55,1,1,2,0,2,7,1,202000036965B01,7,23/9,2
202000036967,2020-01-08,2020,janvier,mercredi,09:40,75,75115,"48,8487210","2,2852180",2,3,3,1,1,4,2,1,1,1,,3,1,0,1,4,1,37,1,1,2,0,2,7,1,202000036967A01,7,15,1
202000036972,2020-01-09,2020,janvier,jeudi,08:00,75,75113,"48,8333963","2,3542124",2,2,6,5,8,4,2,4,2,1,,12,2, -1,6,1,1,25,1,1,2,0,1,1,7,202000036972A01,,,
202000036981,2020-01-09,2020,janvier,jeudi,20:00,75,75101,"48,8643920","2,3301088",2,3,6,5,1,4,2,1,1,1,,3,1, -1,5,1,2,50,9,1,2,0,1,1,1,202000036981A01,,,
202000037046,2020-05-29,2020,mai,vendredi,08:55,75,75118,"48,8987158","2,3703678",2,2,3,1,1,4,2,2,1,1,, -1,1,0,1,4,1,47,1,1,2,0,4,6,1,202000037046B01,40,1,1
202000037054,2020-05-28,2020,mai,jeudi,14:05,75,75112,"48,8466300","2,3805480",2,1,2,1,1,4,2,3,1,1,, -1,1,0,1,4,1,31,5,2,,0,2,1,1,202000037054A01,7,23,1
202000037055,2020-05-29,2020,mai,vendredi,20:15,75,75110,"48,8815943","2,3657459",2,2,3,1,1,4,2,3,1,1,, -1,1,0,1,4,1,43,1,1,2,0,2,1,1,202000037055B01,10,15,1
202000037056,2020-05-29,2020,mai,vendredi,13:40,75,75110,"48,8754819","2,3578143",2,2,3,1,1,4,2,6,1,1,, -1,1, -1,5,4,1,35,9,1,2,0,2,8,1,202000037056B01,7,1,1
202000037058,2020-05-17,2020,mai,dimanche,17:20,75,75107,"48,8596570","2,3013390",2,5,3,1,1,4, -1,2,1,1,, -1,1,0,1,1,2,54,9,2,,0,2,1,1,202000037058A01,1,1,1
202000037058,2020-05-17,2020,mai,dimanche,17:20,75,75107,"48,8596570","2,3013390",2,5,3,1,1,4, -1,2,1,1,, -1,1,0,1,4,2,60,9,2,,0,2,4,1,202000037058B01,1,1,1
202000037060,2020-05-29,2020,mai,vendredi,13:17,75,75103,"48,8659130","2,3581180",2,2,6,1,1,4,2,4,1,1,, -1,1, -1,5,1,1,28,1,1,2,0,1,1,1,202000037060A01,,,
202000037061,2020-05-29,2020,mai,vendredi,15:35,75,75104,"48,8536300","2,3670502",2,1,6,1,1,4,2,4,1,1,, -1,1, -1,5,4,1,58,5,1,2,15,0,1,13,202000037061A01,,,
202000037108,2020-05-30,2020,mai,samedi,18:20,31,31224,"43,0609870","0,5922320",1,5,3,1,1,4,2,2,1,1,, -1,1,0,1,3,1,52,5,1,2/6/4,0,2,8,1,202000037108B01,7,19,1
202000037123,2020-05-30,2020,mai,samedi,15:15,88,88302,"47,9176870","6,7928820",1,1,2,1,1,3,2,2,2,1,, -1,1,0,3,2,1,67,5,1,2,0,0,4,2,202000037123B01,7,2,1
202000037126,2020-05-27,2020,mai,mercredi,09:55,78,78356,"48,7232170","2,0896610",2,2,3,1,1,3,2,2,1,1,, -1,1,0,1,3,2,61,0,2,,0,0,1,1,202000037126B01,7,15,1
202000037172,2020-07-29,2020,juillet,mercredi,09:55,75,75116,"48,8490990","2,2765500",2,4,3,1,1,4,1,1,1,1,, -1,1,0,1,4,1,27,1,1,2,0,2,6,11,202000037172A01,33,1,1
202000037175,2020-07-30,2020,juillet,jeudi,18:30,75,75106,"48,8436240","2,3246420",2,3,3,1,1,4,3,6,1,1,, -1,1,0,1,4,2,56,9,2,,0,2,6,11,202000037175B01,33,1,1
202000037182,2020-07-30,2020,juillet,jeudi,17:00,75,75111,"48,8488210","2,3929940",2,4,3,1,1,4,2,4,1,1,, -1,1, -1,5,4,1,19,1,2,,0,2,0,1,202000037182B01,7,15,1
202000037216,2020-07-30,2020,juillet,jeudi,18:47,68,68112,"47,9019730","7,2323080",2,1,3,1,1,3,2,2,1,1,, -1,1,0,1,4,1,14,5,2,,0,2,7,15,202000037216A01,33,26,1
202000037239,2020-07-31,2020,juillet,vendredi,10:00,80,80758,"49,7262550","2,4169920",1,2,3,1,1,3,2,2,1,1,, -1,1,0,1,4,1,45,5,1,2/6,0,2,1,1,202000037239B01,7,19,1
202000037249,2020-07-30,2020,juillet,jeudi,18:05,11,11272,"43,1733382","2,3886440",2,4,3,1,1,3,3,2,1,1,, -1,1,0,1,3,1,46,0,1,2,0,2,8,1,202000037249B01,7,15,1
202000037284,2020-07-31,2020,juillet,vendredi,09:10,07,07185,"45,1378560","4,6452000",1,1,3,1,1,3, -1,2,1,1,, -1,1,0,1,3,1,61,5,1,2,0,2,3,0,202000037284A01,7,2,1
202000037316,2020-07-31,2020,juillet,vendredi,16:20,976,97608," -12,7891080","45,2798470",2,1,1,1,1,3,2,2,2,1,, -1,1,0,1,4,1,22,0,2,,0,2,0,26,202000037316B01,7,1,1
202000037316,2020-07-31,2020,juillet,vendredi,16:20,976,97608," -12,7891080","45,2798470",2,1,1,1,1,3,2,2,2,1,, -1,1,0,1,4,1,17,0,2,,0,2,0,26,202000037316B01,7,1,1
202000037321,2020-07-26,2020,juillet,dimanche,07:00,28,28371,"48,8451890","1,3947920",1,1,2,1,7,3,2,2,1,1,, -1,1,0,1,3,2,20,1,2,,0,2,4,1,202000037321A01,7,1,1
202000037324,2020-09-25,2020,septembre,vendredi,11:00,41,41214,"47,9257540","1,2071870",2,3,3,1,8,3,2,2,1,1,, -1,1,0,1,4,1,64,5,1,2,0,2,8,1,202000037324B01,7,15,1
202000037367,2020-09-26,2020,septembre,samedi,17:50,36,36192,"46,6333995","1,4276193",2,6,3,1,1,3,2,2,2,3,, -1,1,0,1,2,1,71,5,2,,0,2,5,0,202000037367B01,7,1,1
202000037368,2020-09-27,2020,septembre,dimanche,15:30,40,40312,"43,5467740"," -1,4608200",2,1,3,1,1,3,3,2,4,1,, -1,1,0,6,4,2,14,5,2,,0,2,7,6,202000037368B01,7,1,1
202000037373,2020-09-26,2020,septembre,samedi,14:15,17,17187,"45,4405010"," -0,5135200",2,3,3,1,8,3,2,2,1,1,, -1,2,0,1,4,1,16,5,2,,0,2,1,1,202000037373B01,7,1,1
202000037489,2020-10-26,2020,octobre,lundi,18:52,63,63113,"45,7762300","3,0971100",2,1,3,1,1,4, -1,2,1,1,, -1,1,0,1,4,1,27,1,2,,0,2,0,26,202000037489A01,7,1,1
202000037542,2020-10-27,2020,octobre,mardi,23:34,29,29232,"47,9880347"," -4,1066001",2,1,7,5,1,4,2,2,2,1,, -1,2,0,1,3,1,17,1,2,,12,0,0,1,202000037542A01,,,
202000037628,2020-09-23,2020,septembre,mercredi,08:26,29,29019,"48,4007433"," -4,4997479",2,6,3,1,1,4,2, -1,1,1,, -1,1,0,1,4,2,19,0,1,2,0,2,2,1,202000037628B01,7,9,1
202000037710,2020-10-27,2020,octobre,mardi,12:00,75,75110,"48,8690970","2,3683420",2,1,3,1,2,4,1,2,2,1,, -1,2, -1,6,4,1,33,1,1,2,0,2,3,7,202000037710B01,10,10,1
202000037712,2020-12-08,2020,décembre,mardi,17:40,75,75111,"48,8650340","2,3757770",2,1,6,5,1,4,1,2,1,1,, -1,1, -1,5,1,1,26,5,1,2,0,1,1,1,202000037712A01,,,
202000037727,2020-10-27,2020,octobre,mardi,12:20,75,75109,"48,8780420","2,3289120",2,1,6,1,2,4,1,2,1,1,, -1,2,0,1,1,1,24,9,1,2,0,1,1,5,202000037727A01,,,
202000037729,2020-12-08,2020,décembre,mardi,16:30,75,75104,"48,8547870","2,3624410",2,3,1,1,1,4,2,4,1,1,, -1,1, -1,5,4,2,29,1,2,,0,2,1,1,202000037729B01,1,13,1
202000037729,2020-12-08,2020,décembre,mardi,16:30,75,75104,"48,8547870","2,3624410",2,3,1,1,1,4,2,4,1,1,, -1,1, -1,5,1,2,29,3,2,,0,2,1,13,202000037729A01,1,1,1
202000037730,2020-09-26,2020,septembre,samedi,20:55,75,75116,"48,8514710","2,2782470",2,2,3,5,2,4,2,2,1,1,, -1,2,0,1,4,1,25,1,2,,0,2,7,1,202000037730B01,7,22,1
202000037731,2020-10-26,2020,octobre,lundi,15:13,75,75108,"48,8658430","2,3198850",2,7,3,1,1,4,1,4,1,1,, -1,1,0,1,4,2,47,5,1,2,0,2,2,1,202000037731A01,7,16,1
202000037820,2020-09-26,2020,septembre,samedi,20:15,01,01419,"46,2376100","6,0051440",1,1,2,3,2,3,2,2,2,1,, -1,2,0,1,4,1,51,5,1,2,0,2,6,1,202000037820A01,7,1,1
202000037847,2020-07-01,2020,juillet,mercredi,10:00,75,75119,"48,8838700","2,3743830",2,1, -1,1,1,4,2,4,1,1,, -1,1, -1,5,4,2,37,9,2,,0,2,7,1,202000037847B01,7,22,1
202000037854,2020-07-01,2020,juillet,mercredi,09:35,75,75117,"48,8835300","2,3268610",2,3,2,1,1,4,1,3,1,1,, -1,1,0,1,4,1,27,1,2,,0,2,7,1,202000037854A01,1,19,1
202000037854,2020-07-01,2020,juillet,mercredi,09:35,75,75117,"48,8835300","2,3268610",2,3,2,1,1,4,1,3,1,1,, -1,1,0,1,4,2,52,9,1,2,0,2,8,19,202000037854B01,1,1,1
202000037855,2020-08-05,2020,août,mercredi,17:50,61,61168,"48,5890740"," -0,3657510",2,2,3,1,1,3,3,2,4,1,, -1,1,5,5,3,1,18,5,1,2,0,2,1,1,202000037855B01,7,15,1
202000037861,2020-06-30,2020,juin,mardi,00:20,75,75114,"48,8325240","2,3329330",2,1, -1,5,1,4,1,1,1,1,, -1,1,0,1,4,2,23,5,2,,0,2,1,14,202000037861A01,31,1,1
202000037874,2020-09-27,2020,septembre,dimanche,09:38,29,29126,"48,5569243"," -4,4014374",1,1,6,1,1,4, -1,1,2,4,, -1,1,0,8,4,1,50,5,1,2,13,0,9,0,202000037874A01,,,
202000037882,2020-10-26,2020,octobre,lundi,08:40,45,45315,"47,7624140","2,3337260",1,2,3,1,1,3,2,2,1,1,, -1,1,0,1,3,1,68,5,1,2,0,2,1,1,202000037882A01,7,19,1
202000037883,2020-06-30,2020,juin,mardi,19:37,75,75103,"48,8619850","2,3501890",2,3,2,1,1,4,1,3,1,1,, -1,1, -1,6,4,1,47,1,2,,0,2,4,7,202000037883A01,1,7,1
202000037889,2020-09-27,2020,septembre,dimanche,09:15,50,50403,"49,1578040"," -1,5677080",1,1,6,1,1,3,2,2,1,3,, -1,1,0,1,3,1,88,5,1,2/6,0,5,2,1,202000037889A01,,,
202000037939,2020-06-30,2020,juin,mardi,18:20,74,74263,"46,3332780","6,3877860",2,1,3,1,1,3,2,2,1,1,, -1,1,0,8,3,1,71,5,2,,0,2,8,15,202000037939B01,7,1,1
202000037942,2020-07-01,2020,juillet,mercredi,12:00,57,57193,"49,2236620","6,2142220",2,1,1,1,1,4,2,2,1,1,, -1,1,6,1,4,1,6,5,1,2,0,2,7,19,202000037942B01,7,19,1
202000037959,2020-07-02,2020,juillet,jeudi,07:45,42,42134,"45,6823370","4,0368370",1,1,2,1,1,3,2,2,1,1,,7,1,0,1,3,1,63,5,1,2,0,2,4,1,202000037959B01,7,17,1
202000037971,2020-07-01,2020,juillet,mercredi,18:25,68,68207,"47,5928120","7,4652420",2,1, -1,1,1,4,2,2,1,1,, -1,1,0,1,3,1,4,5,2,,0,2,3,26,202000037971B01,7,1,1
202000038029,2020-07-01,2020,juillet,mercredi,11:45,67,67154,"48,3756940","7,7060670",2,1,7,1,1,4,2,2,1,1,, -1,1,0,1,3,1,13,2,2,,0,0,1,1,202000038029A01,,,
202000038036,2020-07-01,2020,juillet,mercredi,13:45,74,74080,"45,8950150","6,4267500",2,1,3,1,1,4,2,2,2,2,, -1,1,0,3,3,2,13,5,2,,0,2,2,5,202000038036A01,7,1,1
202000038043,2020-07-02,2020,juillet,jeudi,19:30,81,81105,"43,7615974","2,0136646",2,3,3,1,1,4,1,1,1,1,, -1,1,0,1,3,1,11,5,2,,0,2,1,9,202000038043B01,7,1,1
202000038045,2020-10-24,2020,octobre,samedi,19:10,74,74012,"46,1911600","6,2506600",2,1,3,5,1,3,1,1,3,1,, -1,1,0,1,4,1,8,5,2,,0,2,0,0,202000038045B01,7,1,1
202000038125,2020-03-15,2020,mars,dimanche,16:20,64,64067,"43,2634210"," -0,2938040",1,1,6,1,1,9,2,2,1,1,, -1,1,0,1,3,1,52,0,2,,0,9,0,0,202000038125A01,,,
202000038126,2020-03-15,2020,mars,dimanche,09:10,49,49258,"47,1374830"," -1,0456110",1,2,3,1,1,3,2,2,1,1,, -1,1,0,1,3,1,58,5,2,,0,2,1,1,202000038126B01,7,1,1
202000038128,2020-03-15,2020,mars,dimanche,15:15,59,59482,"50,7089464","3,0095853",2,1,7,1,1,7,2,2,1,1,, -1,1,0,5,3,1,59,5,1,2,0,0,0,1,202000038128A01,,,
202000038229,2020-03-12,2020,mars,jeudi,00:21,75,75117,"48,8906880","2,3266520",2,4,1,5,1,4,2,3,2,1,, -1,1, -1,6,3,1,40,5,1,2,0,2,1,13,202000038229A01,7,5,1
202000038233,2020-03-12,2020,mars,jeudi,20:15,75,75118,"48,8895060","2,3496490",2,2,3,5,1,4,2,6,1,1,, -1,1, -1,5,4,1,28,9,2,,0,2,1,1,202000038233B01,7,16,1
202000038239,2020-03-13,2020,mars,vendredi,08:59,75,75107,"48,8599440","2,3131020",2,2,3,1,1,4,2,4,1,1,, -1,1,0,5,4,1,33,5,1,2,0,2,1,1,202000038239B01,32,15,1
202000038240,2020-03-13,2020,mars,vendredi,15:50,75,75104,"48,8539490","2,3647560",2,3,3,1,1,4,2,4,1,1,, -1,1,0,5,4,2,43,9,1,2,0,2,1,1,202000038240B01,7,16,1
202000038327,2020-08-31,2020,août,lundi,16:45,75,75115,"48,8404760","2,2957250",2,2,3,1,1,4,2,3,1,1,, -1,1, -1,5,4,2,26,1,1,2,0,2,1,1,202000038327B01,7,15,1
202000038328,2020-08-31,2020,août,lundi,10:35,75,75115,"48,8386730","2,3145740",2,2,3,1,1,4,1,1,1,1,, -1,1,0,1,4,2,60,5,1,2,0,2,1,1,202000038328A01,10,15,1
202000038355,2020-08-25,2020,août,mardi,11:17,06,06130,"43,7090900","6,8643520",1,1,2,1,1,3,2,2,2,3,, -1,1,0,1,3,1,65,5,1,2,0,9,1,2,202000038355B01,1,2,1
202000038355,2020-08-25,2020,août,mardi,11:17,06,06130,"43,7090900","6,8643520",1,1,2,1,1,3,2,2,2,3,, -1,1,0,1,3,1,68,5,1,2,0,9,1,2,202000038355A01,1,2,1
202000038360,2020-08-31,2020,août,lundi,18:50,74,74164,"46,1044150","6,4832210",1,1,7,1,1,3,2,2,2,3,, -1,2,0,3,2,1,40,5,1,2,16,0,0,21,202000038360A01,,,
202000038361,2020-08-01,2020,août,samedi,15:35,74,74275,"45,8515400","6,2161110",1,3,3,1,1,3,2,2,2,1,, -1,1,0,1,4,1,23,5,1,2,0,2,3,1,202000038361B01,7,15,1
202000038373,2020-09-01,2020,septembre,mardi,10:50,06,06007,"43,6077740","6,9155130",2,1,3,1,1,3,2,2,1,1,, -1,1,0,1,4,2,45,5,1,2,0,2,8,2,202000038373B01,7,17,1
202000038376,2020-08-31,2020,août,lundi,15:00,18,18015,"47,4863810","2,4437920",2,1, -1,1,1,3,2,2,1,1,, -1,1,0,3,3,1,14,5,2,,1,0,1,25,202000038376B01,7,24,1
202000038379,2020-08-30,2020,août,dimanche,06:30,17,17353,"45,9864370"," -1,0112570",1,1,1,3,1,4,2,2,2,1,, -1,1,0,1,3,2,54,5,1,9,0,2,1,0,202000038379B01,7,13,1
202000038399,2020-08-31,2020,août,lundi,08:55,44,44172,"47,2750470"," -1,4685820",2,6,3,1,1,7,3,2,1,2,, -1,1,5,1,3,1,29,1,2,,0,2,2,1,202000038399B01,7,9,1
202000038454,2020-08-29,2020,août,samedi,16:50,92,92025,"48,9343200","2,2558790",2,2,1,1,2,3,2,4,1,1,, -1,2,0,1,4,1,15,5,2,,0,2,2,19,202000038454Y01,7,1,1
202000038458,2020-08-05,2020,août,mercredi,10:30,24,24442,"45,1222100","0,4957530",2,6,1,1,1,3,1,1,2,2,, -1,1,5,1,4,1,59,5,1,2,0,2,3,23,202000038458A01,7,11,1
202000038468,2020-08-30,2020,août,dimanche,11:55,63,63040,"45,7353958","3,3358100",2,1,3,1,1,3,2,2,4,1,, -1,1,0,1,4,1,67,5,1,2,0,2,8,2,202000038468B01,7,2,1
202000038475,2020-08-29,2020,août,samedi,14:40,29,29168,"48,0373539"," -4,7141109",1,3,3,1,1,3,1,1,2,1,, -1,1,0,1,4,1,58,5,1,2,0,2,1,5,202000038475A01,7,1,1
202000038510,2020-02-08,2020,février,samedi,15:35,05,05061,"44,5407100","6,0571500",2,4,3,1,1,2,2,2,2,1,, -1,1,0,1,4,1,26,5,1,2,0,2,7,1,202000038510B01,7,16,1
202000038517,2020-02-10,2020,février,lundi,14:15,75,75116,"48,8513440","2,2784890",2,7,7,1,2,4,2,2,1,1,,5,2,0,1,4,1,16,5,2,,0,0,0,1,202000038517A01,,,
202000038577,2020-02-07,2020,février,vendredi,17:00,25,25056,"47,2445600","5,9930300",2,2,3,2,1,3,3,2,1,1,, -1,1,0,1,4,2,21,0,2,,0,2,1,19,202000038577A01,7,1,1
202000038641,2020-01-09,2020,janvier,jeudi,22:30,38,38133,"45,3653200","5,6214500",1,1, -1,3,2,3,2,2,3,2,, -1,2,0,3,3,1,25,1,1,9/9/9,0,2,0,0,202000038641B01,7,1,1
202000038652,2020-01-07,2020,janvier,mardi,15:45,32,32163,"43,5853606","0,0288275",1,1,2,1,7,3,2,2,1,1,, -1,1,0,1,3,2,66,0,2,,0,0,0,1,202000038652B01,7,17,1
202000038662,2020-01-27,2020,janvier,lundi,10:30,68,68166,"47,7892000","7,3151700",2,6,3,1,1,4,2,2,1,1,, -1,1,0,1,4,2,41,5,2,,0,2,1,0,202000038662B01,7,1,1
202000038678,2020-02-08,2020,février,samedi,05:30,39,39198,"47,0919670","5,4906330",2,1,1,5,1,4,1,2,1,1,, -1,1,0,1,3,1,40,1,2,,0,0,0,1,202000038678B01,7,13,1
202000038685,2020-01-10,2020,janvier,vendredi,07:35,66,66217,"42,6131300","2,8103700",2,1, -1,1,1,3,2,2,2,1,, -1,2,0,1,3,2,50,1,1,4,0,2,1,1,202000038685B01,7,13,1
202000038702,2020-02-08,2020,février,samedi,07:30,75,75105,"48,8530900","2,3468430",2,2,3,2,1,4,1,3,1,1,,"10,5",1, -1,5,4,1,30,1,2,,0,2,1,1,202000038702A01,7,1,1
202000038722,2020-02-08,2020,février,samedi,17:50,75,75108,"48,8770410","2,3027620",2,1,3,2,2,4,2,2,2,1,, -1,2,0,1,4,2,39,1,2,,0,2,1,1,202000038722B01,7,10,1
202000038724,2020-02-08,2020,février,samedi,06:50,75,75108,"48,8648840","2,3211890",2,7, -1,5,8,4,1,8,1,1,,24,1, -1,5,4,1,23,1,2,,0,2,0,1,202000038724A01,7,22,1
202000038732,2020-01-08,2020,janvier,mercredi,11:55,974,97407," -20,9396950","55,3031430",1,3, -1,1,1,4,1,1,1,1,, -1,1,9,1,4,1,13,5,2,,0,2,1,9,202000038732B01,7,26,1
202000038783,2020-01-08,2020,janvier,mercredi,13:50,45,45286,"47,8832000","1,9225800",2,2,3,1,2,4,2,2,1,1,, -1,2,0,1,4,1,55,9,1,2,0,2,1,16,202000038783B01,7,15,1
202000038785,2020-01-08,2020,janvier,mercredi,11:45,45,45285,"47,9062658","1,8746642",2,1,6,1,2,4, -1,0,2,1,, -1,2,0,4,1,1,14,3,2,,0,1,7,25,202000038785A01,,,
202000038790,2020-01-08,2020,janvier,mercredi,15:05,34,34172,"43,6310254","3,8851427",2,3,3,1,1,4,2,2,2,1,, -1,1,0,1,3,2,32,0,1,2,0,2,1,26,202000038790A01,7,15,1
202000038816,2020-01-08,2020,janvier,mercredi,10:30,75,75113,"48,8386640","2,3723550",2,3,3,1,8,4,2,3,1,1,,"10,5",2, -1,5,4,1,39,5,1,2,0,2,1,1,202000038816A01,7,15,1
202000038818,2020-01-08,2020,janvier,mercredi,08:22,75,75113,"48,8368020","2,3518740",2,5,3,1,1,4,2,4,1,1,,12,1,0,1,1,2,54,1,1,2,0,2,1,19,202000038818A01,30,1,1
202000038822,2020-01-08,2020,janvier,mercredi,08:35,75,75104,"48,8543610","2,3549370",2,5,3,2,8,4,2,3,1,1,,9,2,0,1,4,1,56,9,1,2,0,2,8,19,202000038822A01,33,1,1
202000038848,2020-01-08,2020,janvier,mercredi,18:10,85,85109,"46,8837670"," -1,0267950",1,3,2,3,2,3,2,2,1,1,,"5,5",2,0,1,4,1,58,1,1,2,0,0,4,15,202000038848B01,7,1,1
202000038887,2020-05-22,2020,mai,vendredi,08:45,988,98818," -22,3029200","166,4451400",2,3,2,1,1,4,3,2,1,1,, -1,1,5,1,4,1,74,5,1,2/2,0,2,1,1,202000038887A01,1,1,1
202000038887,2020-05-22,2020,mai,vendredi,08:45,988,98818," -22,3029200","166,4451400",2,3,2,1,1,4,3,2,1,1,, -1,1,5,1,1,1,66,5,1,2/2,0,2,4,1,202000038887B01,1,1,1
202000038904,2020-05-28,2020,mai,jeudi,16:45,69,69266,"45,7849000","4,8675000",1,1,3,1,7,4,1,3,1,1,, -1,1,6,1,3,1,65,0,2,,0,2,5,19,202000038904B01,33,1,1
202000038911,2020-05-27,2020,mai,mercredi,12:00,63,63164,"45,8242089","3,1332788",1,1,3,1,1,7,2,2,1,1,,7,1,0,1,2,1,71,5,1,2,0,2,8,13,202000038911B01,10,1,1
202000038926,2020-05-27,2020,mai,mercredi,08:10,34,34172,"43,5748900","3,8599300",2,6,2,1,1,4,1,2,1,2,, -1,1,5,1,4,2,39,5,1,2,0,2,4,1,202000038926B01,7,1,1
202000038933,2020-05-28,2020,mai,jeudi,20:15,27,27681,"49,0856400","1,4733400",2,1,6,1,1,6, -1, -1,1,1,, -1,1,0,1,1,1,9,5,2,,0,1,0,1,202000038933A01,,,
202000038936,2020-05-18,2020,mai,lundi,18:45,14,14118,"49,1882200"," -0,3595200",2,2,3,1,1,4,2,0,1,1,, -1,1,0,1,3,1,48,5,2,,0,2,1,1,202000038936B01,7,15,1
202000038954,2020-05-28,2020,mai,jeudi,17:20,75,75120,"48,8504930","2,4064030",2,3,3,1,1,4,2,2,2,1,, -1,1,0,1,4,1,27,5,2,,0,2,1,1,202000038954B01,7,13,1
202000038961,2020-05-27,2020,mai,mercredi,20:30,75,75114,"48,8405743","2,3301140",2,4,2,1,1,4,2,4,1,1,, -1,1, -1,6,4,1,18,9,1,2,0,2,1,7,202000038961B01,7,23,1
202000038962,2020-05-28,2020,mai,jeudi,07:30,75,75112,"48,8337210","2,3824850",2,2,3,1,1,4,1,3,1,1,, -1,1, -1,5,4,1,57,1,2,,0,2,2,1,202000038962B01,7,1,1
202000038964,2020-05-27,2020,mai,mercredi,19:00,75,75109,"48,8770100","2,3482630",2,1,3,1,1,4,2,4,1,1,, -1,1,0,1,4,1,25,5,1,2,0,2,3,13,202000038964B01,7,1,1
202000038965,2020-05-28,2020,mai,jeudi,17:30,75,75108,"48,8778490","2,3269650",2,5,3,1,1,4,1,1,2,1,, -1,1,0,1,4,1,27,1,2,,0,2,1,5,202000038965A01,43,1,1
202000038966,2020-05-28,2020,mai,jeudi,23:00,75,75107,"48,8625650","2,3104160",2,2,1,5,1,4,2,12,1,1,, -1,1, -1,5,1,1,22,5,2,,0,2,1,13,202000038966A01,1,1,1
202000038966,2020-05-28,2020,mai,jeudi,23:00,75,75107,"48,8625650","2,3104160",2,2,1,5,1,4,2,12,1,1,, -1,1, -1,5,4,1,58,1,2,,0,2,1,1,202000038966B01,1,13,1
202000038967,2020-05-28,2020,mai,jeudi,13:35,75,75101,"48,8626980","2,3353930",2,7,3,1,1,4,2,2,1,1,, -1,1, -1,5,4,2,33,1,2,,0,2,7,1,202000038967A01,33,15,1
202000039003,2020-05-27,2020,mai,mercredi,11:15,39,39114,"46,7756190","5,6583340",1,1,1,1,1,4,2,2,2,2,, -1,1,0,1,3,1,64,5,1,2,0,2,1,1,202000039003B01,7,1,1
202000039053,2020-12-08,2020,décembre,mardi,16:48,22,22037,"48,4606460"," -3,4225630",2,1,2,2,1,3,2,2,2,1,, -1,1,0,1,3,1,64,5,2,,0,2,4,1,202000039053B01,7,1,1
202000039059,2020-05-27,2020,mai,mercredi,12:25,78,78551,"48,8998300","2,0883500",2,4,3,1,1,3, -1,0,1,1,, -1,1,0,1,3,2,71,5,2,,0,2,0,17,202000039059B01,14,15,1
202000039074,2020-12-08,2020,décembre,mardi,17:00,67,67108,"48,5342050","7,5942720",2,3,1,2,1,4,2,2,1,1,, -1,1,0,1,3,1,82,5,2,,0,2,2,16,202000039074A01,10,15,1