Num_Acc,date,an,mois,jour,hrmn,dep,com,lat,long,agg,int,col,lum,atm,catr,circ,nbv,prof,plan,lartpc,larrout,surf,infra,situ,grav,sexe,age,trajet,secuexist,equipement,obs,obsm,choc,manv,vehiculeid,typevehicules,manoeuvehicules,numVehicules
202000039151,2020-07-29,2020,juillet,mercredi,10:00,75,75119,"48,8974120","2,3888370",2,1,3,1,1,4,1,4,1,1,, -1,1, -1,5,4,1,44,9,1,2,0,2,7,1,202000039151B01,37,9,1
202000039157,2020-07-29,2020,juillet,mercredi,17:55,75,75113,"48,8342050","2,3536560",2,1,3,1,1,4,2,4,2,1,, -1,1, -1,6,4,1,15,5,1,2,0,2,3,10,202000039157A01,37,17,1
202000039178,2020-07-29,2020,juillet,mercredi,15:30,93,93066,"48,9441454","2,3868495",2,9,1,1,1,3,1,0,1,1,, -1,1,0,1,4,1,12,0,2,,14,2,1,19,202000039178B01,7,19,1
202000039237,2020-07-30,2020,juillet,jeudi,10:40,14,14494,"49,2714630"," -0,1036140",1,1,2,1,1,3,2,2,1,1,, -1,1,0,1,4,1,55,5,1,2,0,0,4,1,202000039237B01,14,2,1
202000039257,2020-12-07,2020,décembre,lundi,19:20,75,75117,"48,8877650","2,3063100",2,3,3,5,1,4,1,1,1,1,, -1,1,0,1,4,1,37,5,2,,0,2,2,1,202000039257B01,7,22,1
202000039261,2020-07-25,2020,juillet,samedi,10:10,21,21519,"47,7832920","4,8518170",1,4,2,1,1,3,2,2,4,2,, -1,1,0,1,4,1,73,5,1,2,0,2,4,15,202000039261B01,21,16,1
202000039270,2020-12-07,2020,décembre,lundi,17:50,75,75110,"48,8733630","2,3565190",2,3,3,5,1,4,2,4,1,1,, -1,1, -1,5,4,2,63,9,2,,0,2,3,1,202000039270A01,1,17,1
202000039270,2020-12-07,2020,décembre,lundi,17:50,75,75110,"48,8733630","2,3565190",2,3,3,5,1,4,2,4,1,1,, -1,1, -1,5,1,1,45,5,2,,0,2,2,17,202000039270B01,1,1,1
202000039272,2020-07-30,2020,juillet,jeudi,09:45,27,27207,"49,1312120","0,4671340",1,1,2,1,1,3,1,1,1,1,, -1,1,0,1,4,1,67,5,2,,0,2,6,1,202000039272B01,7,1,1
202000039305,2020-12-04,2020,décembre,vendredi,15:45,49,49355,"47,1002780"," -0,7738490",1,1,3,1,1,3,3,2,1,1,, -1,1,0,1,3,1,38,5,1,2,0,2,4,2,202000039305B01,99,2,1
202000039312,2020-07-29,2020,juillet,mercredi,19:20,03,03102,"46,5236275","3,6862916",2,3,3,1,1,3,2,2,1,1,, -1,1,0,1,4,1,24,5,2,,0,2,3,16,202000039312A01,7,1,1
202000039318,2020-12-07,2020,décembre,lundi,15:15,2B,2B281,"42,8015020","9,4904870",1,1,3,1,8,3,2,2,1,1,, -1,1,0,1,4,1,54,5,1,2,0,2,8,2,202000039318B01,10,2,1
202000039325,2020-07-29,2020,juillet,mercredi,14:30,22,22054,"48,6312530"," -2,4518720",2,9,7,1,1,4,2,2,1,1,, -1,1,0,1,3,1,15,5,2,,0,0,0,1,202000039325A01,,,
202000039349,2020-12-07,2020,décembre,lundi,07:30,36,36064,"46,8290468","1,7980400",1,1,2,2,8,3,2,2,1,1,, -1,2,0,1,3,1,52,1,1,2/4/9,0,0,4,2,202000039349B01,7,2,1
202000039431,2020-12-06,2020,décembre,dimanche,10:52,29,29039,"47,8863248"," -3,9196921",2,3,1,1,1,4,2,3,2,1,, -1,1,5,1,4,1,15,5,2,,0,2,1,1,202000039431B01,7,15,1
202000039450,2020-07-28,2020,juillet,mardi,12:05,27,27681,"49,0935900","1,4618700",2,2,2,1,1,4,2,4,1,3,, -1,1,0,1,1,1,52,5,1,2/6,0,9,4,1,202000039450B01,1,1,1
202000039450,2020-07-28,2020,juillet,mardi,12:05,27,27681,"49,0935900","1,4618700",2,2,2,1,1,4,2,4,1,3,, -1,1,0,1,3,1,64,5,1,2/6,0,9,1,1,202000039450A01,1,1,1
202000039572,2020-06-30,2020,juin,mardi,19:45,75,75112,"48,8399490","2,4321400",2,3,3,1,1,4, -1,2,1,1,, -1,1,0,1,4,2,26,1,1,2,0,2,1,1,202000039572A01,80,19,1
202000039575,2020-06-30,2020,juin,mardi,13:50,75,75111,"48,8512160","2,3978550",2,1,3,1,8,4,3,2,1,1,, -1,1,0,1,4,1,25,9,2,,0,2,1,1,202000039575B01,7,22,1
202000039580,2020-06-30,2020,juin,mardi,14:55,75,75108,"48,8806980","2,3247830",2,5,7,1,8,4,2,2,2,1,, -1,1,8,1,4,1,16,5,2,,0,0,8,17,202000039580A01,,,
202000039654,2020-09-25,2020,septembre,vendredi,10:42,75,75113,"48,8160370","2,3601140",2,2,3,1,8,4,1,5,1,1,, -1,2, -1,5,2,2,33,9,2,,0,2,1,19,202000039654A01,17,16,1
202000039659,2020-06-30,2020,juin,mardi,18:05,15,15138,"45,1140420","2,8605600",1,1,3,1,1,3,2,3,2,1,, -1,1,0,1,4,1,45,5,1,2,13,2,8,2,202000039659B01,10,17,1
202000039660,2020-09-25,2020,septembre,vendredi,06:25,75,75119,"48,8975910","2,3862260",2,1,6,5,1,4,2,1,2,1,, -1,2,0,4,1,1,47,1,1,2,0,1,1,25,202000039660A01,,,
202000039666,2020-09-25,2020,septembre,vendredi,11:20,75,75116,"48,8546840","2,2693870",2,2,2,1,2,4, -1,3,1,1,, -1,2,0,1,4,2,66,5,2,,0,2,3,1,202000039666B01,14,16,1
202000039668,2020-09-25,2020,septembre,vendredi,19:00,75,75115,"48,8431870","2,3046170",2,3,6,1,1,4,1,2,1,1,, -1,2, -1,5,1,1,30,1,1,2,0,1,1,1,202000039668A01,,,
202000039670,2020-09-25,2020,septembre,vendredi,12:05,75,75115,"48,8497100","2,2963360",2,1,6,1,3,4,1,2,1,1,, -1,2, -1,5,4,1,15,2,2,,0,1,1,1,202000039670A01,,,
202000039683,2020-07-01,2020,juillet,mercredi,06:00,37,37001,"46,9623654","0,7054625",1,1,3,3,1,3,2,2,1,1,, -1,1,0,1,3,1,58,5,1,4,0,2,6,2,202000039683B01,7,2,1
202000039693,2020-09-24,2020,septembre,jeudi,18:25,75,75101,"48,8609090","2,3408520",2,2,7,1,3,4,2,3,1,1,, -1,2,0,1,4,2,57,1,1,2,0,0,0,1,202000039693A01,,,
202000039712,2020-06-30,2020,juin,mardi,18:50,09,09199,"43,2133626","1,6312649",1,1,3,1,1,3,2,2,1,1,, -1,1,0,1,3,1,16,5,1,2,0,2,1,1,202000039712B01,7,15,1
202000039739,2020-09-25,2020,septembre,vendredi,09:05,92,92051,"48,8802589","2,2737944",2,9,3,1,9,4,1,1,1,1,, -1,2,0,5,4,1,34,1,2,,0,2,3,9,202000039739Y01,7,1,1
202000039862,2020-10-25,2020,octobre,dimanche,20:45,31,31555,"43,6087400","1,4455200",2,1,3,5,1,4,3,1,1,1,, -1,1,0,1,4,2,56,0,2,,0,2,2,13,202000039862A01,10,1,1
202000039882,2020-10-26,2020,octobre,lundi,08:45,75,75112,"48,8431240","2,3839860",2,1,3,1,1,4,2,4,1,1,, -1,1,0,1,4,1,37,1,1,2,0,2,1,1,202000039882A01,10,22,1
202000039883,2020-10-26,2020,octobre,lundi,19:15,75,75107,"48,8628780","2,3017120",2,2,3,5,1,4,2,10,1,1,, -1,1, -1,5,4,1,62,1,1,2,0,2,0,13,202000039883A01,1,17,1
202000039883,2020-10-26,2020,octobre,lundi,19:15,75,75107,"48,8628780","2,3017120",2,2,3,5,1,4,2,10,1,1,, -1,1, -1,5,4,1,38,1,1,2,0,2,7,17,202000039883B01,1,13,1
202000039886,2020-10-26,2020,octobre,lundi,09:40,75,75104,"48,8545260","2,3626360",2,1,3,1,1,4,2,2,1,1,, -1,1,0,1,4,1,34,1,1,2,0,2,1,9,202000039886A01,10,23,1
202000039930,2020-10-26,2020,octobre,lundi,15:00,29,29006,"47,8768126"," -4,1129694",2,6,7,1,1,4,1,1,1,2,, -1,1,5,1,3,1,51,5,2,,0,0,0,1,202000039930A01,,,
202000039956,2020-10-25,2020,octobre,dimanche,18:00,75,75120,"48,8727620","2,3908230",2,1,6,5,3,4,2,2,1,1,, -1,2, -1,6,1,1,35,9,1,2/4,0,1,7,1,202000039956A01,,,
202000039961,2020-10-25,2020,octobre,dimanche,20:30,75,75111,"48,8713230","2,3775290",2,1,3,5,8,4,1,2,1,1,, -1,2,0,1,4,1,31,5,2,,0,2,3,9,202000039961A01,7,1,1
202000039982,2020-10-26,2020,octobre,lundi,09:40,17,17183,"45,5868040"," -0,8535000",1,1,2,1,2,3,2,2,1,1,, -1,2,0,1,2,1,80,5,1,2/4,0,0,4,1,202000039982B01,7,1,1
202000040000,2020-10-23,2020,octobre,vendredi,14:00,14,14654,"48,9640210"," -0,0022620",1,1,7,1,1,3,2,2,1,3,, -1,9,0,1,3,1,75,5,1,2/6,0,0,0,16,202000040000A01,,,
202000040006,2020-10-25,2020,octobre,dimanche,12:40,13,13069,"43,6262980","5,1509790",1,6,3,1,1,3,2,2,1,2,, -1,1,0,1,4,1,54,5,1,2/6,0,2,2,1,202000040006B01,7,1,1
202000040080,2020-03-11,2020,mars,mercredi,13:35,80,80021,"49,8967200","2,2943300",2,3,3,1,2,4,2,3,1,1,, -1,2,0,1,4,1,25,0,2,,0,2,0,25,202000040080A01,7,1,1
202000040130,2020-03-12,2020,mars,jeudi,18:45,75,75116,"48,8661530","2,2996000",2,7,3,5,1,4,2,4,2,1,, -1,1,0,1,4,2,33,9,2,,0,2,3,15,202000040130A01,33,1,1
202000040135,2020-03-12,2020,mars,jeudi,07:15,75,75113,"48,8363920","2,3713510",2,2,3,1,2,4,3,3,1,1,, -1,2,0,1,4,1,53,9,1,2/6,0,2,1,1,202000040135B01,43,1,1
202000040142,2020-03-10,2020,mars,mardi,08:30,75,75108,"48,8670290","2,3063010",2,2,6,1,2,4,3,2,1,1,, -1,2,0,1,4,1,38,9,2,,0,1,1,5,202000040142A01,,,
202000040145,2020-03-11,2020,mars,mercredi,23:20,75,75101,"48,8588008","2,3474576",2,5,6,5,1,4,2,3,1,1,, -1,1,0,5,4,1,31,5,2,,12,0,2,14,202000040145A01,,,
202000040172,2020-03-13,2020,mars,vendredi,12:10,56,56125,"48,0729750"," -3,0760860",1,1,6,1,1,4,2,2,4,2,,4,1,0,3,3,1,67,5,2,,16,0,0,0,202000040172A01,,,
202000040175,2020-03-13,2020,mars,vendredi,12:30,2B,2B049,"42,5156390","8,6905290",1,1,3,1,1,3,2,2,2,1,, -1,1,0,1,3,1,61,5,1,2,0,2,3,2,202000040175B01,7,17,1
202000040177,2020-03-13,2020,mars,vendredi,14:40,80,80761,"49,7628606","2,1663237",1,1,4,1,1,3,2,2,1,2,, -1,1,0,1,3,1,75,5,1,2,0,0,4,1,202000040177B01,7,1,1
202000040177,2020-03-13,2020,mars,vendredi,14:40,80,80761,"49,7628606","2,1663237",1,1,4,1,1,3,2,2,1,2,, -1,1,0,1,4,1,80,5,1,2,0,0,4,1,202000040177C01,7,1,1
202000040312,2020-08-27,2020,août,jeudi,14:30,75,75115,"48,8480410","2,2836050",2,1,3,1,1,4,2,4,1,1,, -1,1, -1,5,4,1,33,9,1,2,0,2,1,1,202000040312B01,7,16,1
202000040314,2020-08-29,2020,août,samedi,19:08,75,75113,"48,8399860","2,3617690",2,4,3,1,1,4,2,4,1,1,, -1,1,0,1,4,1,40,9,2,,0,2,1,16,202000040314A01,7,1,1
202000040315,2020-08-29,2020,août,samedi,14:20,75,75110,"48,8831020","2,3676440",2,1,2,1,3,4,2,3,1,1,, -1,2,0,1,4,1,39,9,2,,0,2,4,2,202000040315B01,7,2,1
202000040319,2020-08-29,2020,août,samedi,07:10,75,75101,"48,8601110","2,3333320",2,3,1,1,1,4,1,3,1,1,, -1,1, -1,5,4,1,46,5,1,2,0,2,3,1,202000040319B01,50,5,1
202000040379,2020-08-29,2020,août,samedi,17:00,17,17336,"45,7692740"," -0,7181350",2,2,3,1,1,4,2,2,1,1,, -1,1,0,1,3,1,47,5,1,2,0,0,8,19,202000040379B01,7,1,1
202000040382,2020-08-28,2020,août,vendredi,12:35,29,29058,"47,8828880"," -4,0053270",1,1,3,1,1,3,2,2,1,1,, -1,1,0,5,3,1,66,5,2,,0,2,1,1,202000040382B01,7,19,1
202000040409,2020-08-28,2020,août,vendredi,12:30,83,83069,"43,1163900","6,1467400",2,6,3,1,1,4,2,2,1,2,, -1,1,5,1,3,1,54,0,2,,0,0,1,9,202000040409Y01,7,9,1
202000040430,2020-02-08,2020,février,samedi,15:00,74,74011,"45,9070510","6,1588080",2,1,2,1,1,4,2,2,1,1,, -1,1,0,1,4,1,44,5,1,2,0,2,1,1,202000040430B01,7,23,1
202000040449,2020-01-29,2020,janvier,mercredi,18:50,33,33122,"44,7811760"," -0,6877810",1,1,1,5,1,3, -1,6,2,3,, -1,1, -1,5,4,1,60,0,2,,0,2,1,9,202000040449B01,1,1,1
202000040449,2020-01-29,2020,janvier,mercredi,18:50,33,33122,"44,7811760"," -0,6877810",1,1,1,5,1,3, -1,6,2,3,, -1,1, -1,5,4,1,63,5,2,,0,2,1,1,202000040449A01,1,9,1
202000040475,2020-02-07,2020,février,vendredi,07:50,974,97409," -20,9581480","55,6497990",2,3,3,1,1,4,2,2,1,3,, -1,1,0,1,4,1,72,0,2,,0,2,3,1,202000040475B01,7,16,1
202000040506,2020-02-07,2020,février,vendredi,07:47,63,63063,"45,8382118","3,1224706",1,3,3,2,1,7,2,2,1,1,, -1,1,0,1,3,1,41,1,2,,0,2,8,1,202000040506B01,7,15,1
202000040526,2020-12-06,2020,décembre,dimanche,09:39,75,75120,"48,8647830","2,4101700",2,3,3,1,1,4,4,6,1,1,, -1,2,0,1,4,1,55,1,2,,0,2,1,17,202000040526B01,7,15,1
202000040537,2020-12-06,2020,décembre,dimanche,11:40,75,75111,"48,8589540","2,3852800",2,3,2,1,1,4,2,2,1,1,, -1,1,0,1,4,2,28,3,2,,0,2,4,1,202000040537A01,7,2,1
202000040586,2020-02-07,2020,février,vendredi,10:00,75,75119,"48,8883670","2,3793960",2,1,3,1,1,4,1,1,1,1,, -1,1,2,1,4,1,48,1,1,2,0,2,0,15,202000040586B01,7,17,1
202000040592,2020-02-06,2020,février,jeudi,23:25,75,75117,"48,8821530","2,2916930",2,2,3,5,1,4,1,1,1,1,,3,1,0,1,4,1,43,9,2,,0,2,8,5,202000040592A01,43,1,1
202000040602,2020-12-06,2020,décembre,dimanche,17:35,974,97422," -21,2206920","55,5599550",2,3,3,1,1,2,2,2,1,1,, -1,1,0,1,3,1,10,5,2,,0,2,4,1,202000040602B01,2,1,1
202000040604,2020-02-07,2020,février,vendredi,09:00,75,75108,"48,8646140","2,3103230",2,2,3,1,1,4,3,3,1,1,,9,1, -1,5,4,1,34,4,2,,0,2,1,19,202000040604A01,34,1,1
202000040609,2020-02-07,2020,février,vendredi,19:20,75,75104,"48,8522310","2,3659700",2,4,3,5,1,4,2,4,1,1,,12,1, -1,6,4,1,49,1,2,,0,2,8,15,202000040609A01,34,5,1
202000040613,2020-02-07,2020,février,vendredi,19:20,75,75101,"48,8621520","2,3502420",2,1,3,5,1,4,1,4,1,1,, -1,1, -1,5,4,1,32,9,1,2,1,2,8,1,202000040613A01,7,22,1
202000040625,2020-12-06,2020,décembre,dimanche,09:10,29,29103,"48,4436040"," -4,2580120",2,1,6,1,1,4,2,2,2,1,, -1,2,0,1,4,1,57,5,1,2/6,0,5,1,1,202000040625A01,,,
202000040627,2020-12-07,2020,décembre,lundi,07:40,76,76678,"49,6362730","1,4476100",1,1,3,3,5,3,2,2,1,1,, -1,2,0,1,4,2,62,1,1,4,0,0,8,1,202000040627B01,7,0,1
202000040675,2020-09-19,2020,septembre,samedi,15:20,27,27448,"49,0183500","1,3745730",2,1, -1,1,1,4,2,2,1,1,, -1,1,0,1,4,2,4,0,1,2,0,2,7,19,202000040675B01,7,2,1
202000040723,2020-02-08,2020,février,samedi,15:40,29,29115,"48,2940870"," -3,9122270",1,2,1,1,1,3,2,2,1,1,, -1,1,5,1,2,1,14,5,1,2,0,2,8,1,202000040723B01,21,1,1
202000040744,2020-11-30,2020,novembre,lundi,12:30,29,29019,"48,4161100"," -4,4680600",2,5,3,1,1,4,2,3,1,1,, -1,1,0,1,4,2,38,1,1,2,0,2,3,1,202000040744B01,30,1,1
202000040865,2020-09-24,2020,septembre,jeudi,19:05,75,75117,"48,8897130","2,3217140",2,2,7,2,2,4,2,2,2,1,, -1,2,0,1,4,1,46,1,1,2,0,0,1,1,202000040865A01,,,
202000040876,2020-09-22,2020,septembre,mardi,22:35,75,75115,"48,8491640","2,2817880",2,7, -1,5,1,4,2,2,1,1,, -1,1, -1,5,4,1,22,9,2,,0,2,8,1,202000040876A01,7,17,1
202000040893,2020-09-24,2020,septembre,jeudi,19:50,75,75111,"48,8637670","2,3701110",2,2,6,5,3,4,2,4,1,1,, -1,2, -1,5,4,1,40,5,1,2,0,1,1,1,202000040893A01,,,
202000040900,2020-01-02,2020,janvier,jeudi,11:35,62,62444,"50,8910350","1,7358720",2,2,3,1,1,4,2,1,1,1,,3,2,0,1,4,1,66,5,1,2,0,2,8,1,202000040900B01,7,1,1
202000040905,2020-09-24,2020,septembre,jeudi,08:35,75,75110,"48,8710190","2,3552190",2,2,6,1,1,4,2,4,2,1,, -1,1, -1,5,1,1,44,1,1,2,0,1,8,1,202000040905A01,,,
202000040927,2020-07-28,2020,juillet,mardi,20:00,75,75116,"48,8581550","2,2726240",2,5,3,1,8,4,2,4,1,1,, -1,1,0,1,4,1,57,1,2,,0,2,8,19,202000040927A01,33,1,1
202000040932,2020-07-28,2020,juillet,mardi,17:20,75,75115,"48,8380710","2,2945930",2,4,2,1,1,4,2,2,1,1,, -1,1,0,1,4,1,23,5,2,,0,2,1,3,202000040932A01,7,1,1
202000040941,2020-07-28,2020,juillet,mardi,18:40,75,75110,"48,8731820","2,3588430",2,4, -1,1,1,4,1,1,1,1,, -1,1, -1,5,4,2,27,1,2,,0,2,1,1,202000040941A01,7,22,1
202000041026,2020-09-24,2020,septembre,jeudi,18:50,75,75116,"48,8761650","2,2462800",2,2,3,5,3,4,3,2,1,1,, -1,2,0,1,3,1,50,1,1,2,0,2,7,17,202000041026B01,7,22,1
202000041070,2020-07-28,2020,juillet,mardi,14:35,74,74256,"45,9508440","6,6348300",2,6,3,1,1,3,1,2,1,2,, -1,1,5,1,3,2,52,0,2,,0,2,7,2,202000041070B01,10,2,1
202000041106,2020-07-28,2020,juillet,mardi,14:15,14,14726,"48,8530610"," -0,6769790",2,3,7,1,1,3,2,2,2,2,, -1,1,0,1,4,1,56,9,2,,0,0,0,15,202000041106A01,,,
202000041116,2020-08-15,2020,août,samedi,11:38,31,31092,"42,8991460","0,6309950",1,1,7,1,1,3,2,2,2,1,, -1,1,0,1,3,1,58,5,2,,0,0,0,1,202000041116A01,,,
202000041123,2020-07-28,2020,juillet,mardi,16:00,27,27219,"49,1786110","0,8664660",2,1,1,1,1,4,2,2,1,1,, -1,1,0,1,3,1,12,5,2,,0,2,8,16,202000041123B01,7,1,1
202000041125,2020-09-24,2020,septembre,jeudi,15:15,70,70232,"47,6543460","5,9960890",1,1,2,1,2,3,2,2,1,1,, -1,1,0,1,3,1,81,5,1,2,0,2,1,1,202000041125A01,10,23,1
202000041129,2020-07-29,2020,juillet,mercredi,10:50,30,30346,"43,9600620","4,5184030",1,3,3,1,1,3,2,2,1,1,, -1,9,5,1,4,1,17,5,1,2,0,2,3,1,202000041129B01,7,16,1
202000041145,2020-01-07,2020,janvier,mardi,13:50,75,75105,"48,8406080","2,3622780",2,1,3,1,1,4,2,5,2,1,, -1,1,0,1,4,1,21,1,1,2,0,2,8,18,202000041145B01,7,22,1
202000041151,2020-07-29,2020,juillet,mercredi,15:25,60,60172,"49,1433132","2,4681473",2,1,7,1,1,3,2,2,1,1,, -1,1,0,1,4,1,51,5,2,,0,0,0,1,202000041151A01,,,
202000041161,2020-01-07,2020,janvier,mardi,15:50,75,75113,"48,8240310","2,3770195",2,2,3,1,1,4,3,2,1,1,,7,1,0,5,4,1,24,1,1,2,0,2,1,1,202000041161B01,7,15,1
202000041170,2020-01-07,2020,janvier,mardi,08:53,75,75108,"48,8646018","2,3103341",2,7,2,1,1,4,2,3,1,1,,9,2,5,1,4,1,53,1,1,2,0,2,1,2,202000041170A01,7,23,1
202000041174,2020-01-07,2020,janvier,mardi,10:00,75,75110,"48,8679509","2,3623805",2,7,3,1,1,4,2,6,1,1,,18,1,0,1,1,1,25,9,1,2,0,2,0,9,202000041174A01,2,1,1
202000041177,2020-01-06,2020,janvier,lundi,18:20,75,75102,"48,8662310","2,3525315",2,2,6,5,1,4,2,4,1,1,,12,1,5,5,4,1,49,1,1,2,0,1,1,1,202000041177A01,,,
202000041198,2020-07-29,2020,juillet,mercredi,00:49,17,17064,"45,6755228"," -1,0566818",2,1,2,3,1,3,2,2,1,1,, -1,1,0,1,3,1,19,5,2,,0,2,4,2,202000041198A01,7,2,1
202000041232,2020-01-06,2020,janvier,lundi,18:15,63,63001,"46,0151037","3,2110146",1,3,3,3,1,3,2,2,3,1,,"5,5",2,5,1,4,2,27,1,2,,0,2,7,1,202000041232B01,7,15,1
202000041295,2020-01-08,2020,janvier,mercredi,07:00,34,34183,"43,2909450","3,1188380",1,3,3,3,1,3,2,2,1,1,, -1,1,0,1,3,1,56,1,1,2,0,2,1,1,202000041295A01,7,15,1
202000041387,2020-05-27,2020,mai,mercredi,19:25,34,34172,"43,6190000","3,9128100",2,9,3,1,1,4,4,2,1,2,, -1,1,0,1,4,1,37,0,1,2/6,0,2,7,1,202000041387B01,7,1,1
202000041388,2020-05-27,2020,mai,mercredi,15:52,34,34172,"43,6091400","3,8802700",2,1,3,1,1,9, -1,0,1,1,, -1,1,6,4,4,1,29,5,1,2,0,2,7,0,202000041388B01,30,26,1
202000041415,2020-05-26,2020,mai,mardi,22:00,75,75114,"48,8293090","2,3226490",2,2,3,2,1,4,2,4,1,1,, -1,1,5,1,4,2,21,9,2,,0,2,8,15,202000041415B01,32,17,1
202000041421,2020-05-27,2020,mai,mercredi,09:20,75,75104,"48,8504566","2,3611394",2,1,6,1,1,4,2,2,1,1,, -1,1, -1,5,1,1,20,9,1,2,0,1,4,1,202000041421A01,,,
202000041463,2020-05-28,2020,mai,jeudi,10:20,44,44069,"47,3134130"," -2,4054050",1,6,7,1,1,4,2,2,2,2,, -1,1,5,1,3,1,72,5,2,,0,0,0,1,202000041463A01,,,
202000041468,2020-05-28,2020,mai,jeudi,17:30,05,05132,"44,6838700","6,0773570",2,3,7,1,1,3,2,2,1,2,, -1,1,0,1,4,2,59,5,2,,0,0,0,0,202000041468A01,,,
202000041470,2020-05-28,2020,mai,jeudi,19:00,60,60064,"49,4162220","3,0086980",2,3,3,1,1,3,2,2,2,1,, -1,1,0,1,3,1,58,5,1,2,0,2,1,1,202000041470B01,7,15,1
202000041485,2020-05-27,2020,mai,mercredi,19:55,25,25377,"47,4309580","6,3777570",1,1,7,1,1,3,2,2,1,1,, -1,1,0,1,2,1,47,5,1,2/6,0,0,1,1,202000041485A01,,,
202000041489,2020-05-14,2020,mai,jeudi,09:55,64,64496,"43,4761470"," -1,4566060",2,1,6,1,1,3,2,2,2,1,, -1,1,0,1,1,1,48,5,1,2,0,1,1,1,202000041489A01,,,
202000041490,2020-05-28,2020,mai,jeudi,08:15,40,40283,"43,7632300"," -1,0023630",1,3,3,1,1,3,2,2,1,1,, -1,1,0,1,4,1,73,5,1,2,0,2,8,15,202000041490B01,7,17,1
202000041552,2020-05-26,2020,mai,mardi,17:45,14,14167,"49,2012500"," -0,3009400",2,2,3,1,1,3,2,3,1,1,, -1,1,0,1,4,1,32,5,2,,0,2,1,1,202000041552B01,7,15,1
202000041566,2020-05-26,2020,mai,mardi,18:55,75,75120,"48,8578860","2,4036360",2,1,7,1,1,4,2,3,2,1,, -1,1,0,1,4,2,28,9,2,,0,0,8,1,202000041566A01,,,
202000041569,2020-05-26,2020,mai,mardi,10:05,75,75117,"48,8942870","2,3137800",2,2,2,1,1,4,3,1,1,1,, -1,1,0,1,4,1,26,4,2,,0,2,1,13,202000041569A01,7,23,1
202000041570,2020-05-26,2020,mai,mardi,17:40,75,75116,"48,8535320","2,2821600",2,1,3,1,1,4,2,2,1,1,, -1,1,0,1,4,1,27,5,1,2,0,2,6,7,202000041570B01,7,14,1
202000041573,2020-05-26,2020,mai,mardi,19:11,75,75114,"48,8265910","2,3106570",2,1,3,1,7,4,3,2,1,1,, -1,1,0,1,4,1,55,1,1,2,0,2,3,1,202000041573B01,7,12,1
202000041575,2020-05-26,2020,mai,mardi,20:10,75,75108,"48,8707380","2,3213730",2,2,3,2,1,4,1,1,1,1,, -1,1,0,1,4,1,22,1,2,,0,2,2,5,202000041575B01,10,1,1
202000041583,2020-06-29,2020,juin,lundi,20:50,21,21054,"47,0395290","4,8456600",2,2,3,1,1,4,2,2,1,1,, -1,1,5,1,4,1,80,3,2,,0,2,1,1,202000041583B01,7,15,1
202000041598,2020-06-29,2020,juin,lundi,08:20,75,75119,"48,8863250","2,3824640",2,1,7,1,1,4,1,1,1,1,, -1,1,0,1,4,2,54,9,2,,0,0,0,1,202000041598A01,,,
202000041607,2020-06-28,2020,juin,dimanche,12:27,75,75107,"48,8611530","2,3061750",2,1,6,1,1,4,2,2,1,1,, -1,1,0,1,1,1,61,9,1,2/6,0,1,1,1,202000041607A01,,,
202000041609,2020-06-29,2020,juin,lundi,12:05,75,75103,"48,8622250","2,3663900",2,1,3,1,1,4,1,1,1,1,, -1,1,0,1,4,2,53,9,2,,0,0,1,1,202000041609B01,7,22,1
202000041642,2020-06-30,2020,juin,mardi,10:00,89,89309,"48,2937458","3,1952874",2,9,3,1,1,4,2,2,2,1,, -1,1,0,5,4,1,51,5,2,,0,2,1,1,202000041642B01,7,1,1
202000041652,2020-06-30,2020,juin,mardi,16:05,02,02719,"49,5958800","3,2464300",2,3,3,1,1,4,2,2,1,1,, -1,1,0,1,4,1,16,5,2,,0,2,2,26,202000041652A01,7,1,1
202000041657,2020-06-27,2020,juin,samedi,08:32,66,66148,"42,4975020","3,1194840",1,3, -1,1,1,3,2,2,2,1,, -1,1,0,1,4,1,43,5,1,2,0,2,1,17,202000041657B01,7,15,1
202000041657,2020-06-27,2020,juin,samedi,08:32,66,66148,"42,4975020","3,1194840",1,3, -1,1,1,3,2,2,2,1,, -1,1,0,1,4,1,41,5,1,2,0,2,1,17,202000041657C01,7,15,1
202000041661,2020-06-30,2020,juin,mardi,08:55,45,45272,"47,8440222","1,9459506",2,6,3,1,1,3,2,2,1,3,, -1,1,0,5,3,1,55,0,1,2,0,2,2,1,202000041661B01,7,9,1
202000041667,2020-06-28,2020,juin,dimanche,11:30,88,88377,"47,9867330","5,9739550",2,2,1,1,1,3,2,2,1,2,, -1,1,0,1,4,1,44,5,1,2,0,2,1,1,202000041667B01,7,15,1
202000041671,2020-06-30,2020,juin,mardi,11:45,38,38375,"44,9528600","6,1826100",1,1,3,1,1,3,2,2,2,2,,5,1,0,1,3,1,18,5,1,2,0,2,1,1,202000041671B01,7,1,1
202000041681,2020-06-25,2020,juin,jeudi,14:45,45,45324,"47,7404879","2,1625960",1,3,7,1,1,3,2,2,1,1,, -1,1,0,3,3,1,58,5,2,,0,0,7,0,202000041681A01,,,