Num_Acc,date,an,mois,jour,hrmn,dep,com,lat,long,agg,int,col,lum,atm,catr,circ,nbv,prof,plan,lartpc,larrout,surf,infra,situ,grav,sexe,age,trajet,secuexist,equipement,obs,obsm,choc,manv,vehiculeid,typevehicules,manoeuvehicules,numVehicules
202000041693,2020-06-25,2020,juin,jeudi,17:35,74,74056,"45,9155570","6,8491660",1,1, -1,1,2,3,2,2,1,3,, -1,2,0,1,4,1,67,5,1,2,0,9,1,17,202000041693A01,7,26,1
202000041739,2020-06-27,2020,juin,samedi,22:00,75,75104,"48,8598700","2,3489750",2,1, -1,2,1,4,1,3,1,1,, -1,1, -1,5,4,2,36,9,2,,0,2,1,1,202000041739D01,7,5,1
202000041739,2020-06-27,2020,juin,samedi,22:00,75,75104,"48,8598700","2,3489750",2,1, -1,2,1,4,1,3,1,1,, -1,1, -1,5,4,2,19,9,1,2,0,2,1,1,202000041739C01,7,5,1
202000041739,2020-06-27,2020,juin,samedi,22:00,75,75104,"48,8598700","2,3489750",2,1, -1,2,1,4,1,3,1,1,, -1,1, -1,5,4,2,19,9,1,2,0,2,1,1,202000041739B01,7,5,1
202000041740,2020-06-28,2020,juin,dimanche,12:55,75,75113,"48,8427070","2,3639970",2,3,3,1,1,4,2,6,1,1,, -1,1, -1,6,4,2,46,9,1,2,0,2,1,7,202000041740B01,7,16,1
202000041748,2020-06-28,2020,juin,dimanche,01:35,75,75103,"48,8617630","2,3642320",2,1,1,5,1,4,1,1,1,1,, -1,1,0,1,4,2,25,9,1,2,0,2,1,5,202000041748B01,30,1,1
202000041767,2020-06-29,2020,juin,lundi,17:35,79,79066,"46,4865450"," -0,4072420",2,1,6,1,1,4,2,2,1,1,,4,1,0,1,1,1,15,5,2,,0,1,1,26,202000041767A01,,,
202000041790,2020-10-22,2020,octobre,jeudi,19:02,25,25388,"47,5008190","6,7913590",2,1,1,5,2,4,2,4,4,3,, -1,2,0,5,3,1,44,0,2,,12,2,1,9,202000041790B01,7,9,1
202000041811,2020-10-24,2020,octobre,samedi,09:30,75,75111,"48,8683150","2,3673330",2,1, -1,1,1,4,2,2,1,1,, -1,1,0,1,4,1,22,9,2,,0,2,4,11,202000041811A01,33,1,1
202000041816,2020-10-24,2020,octobre,samedi,19:10,75,75104,"48,8542650","2,3637630",2,3,1,5,2,4,2,4,1,1,, -1,2, -1,5,4,1,25,9,2,,0,2,1,9,202000041816A01,1,1,1
202000041817,2020-10-24,2020,octobre,samedi,16:05,75,75103,"48,8652560","2,3552800",2,1,7,1,1,4, -1,1,1,1,, -1,1, -1,5,4,2,35,1,1,2,0,0,0,21,202000041817A01,,,
202000041832,2020-10-24,2020,octobre,samedi,11:30,62,62015,"50,4365200","1,6512100",2,1,1,1,1,4,2,2,2,3,, -1,1,0,1,4,1,56,5,1,2,0,2,1,13,202000041832A01,7,1,1
202000041852,2020-10-23,2020,octobre,vendredi,14:45,14,14389,"49,0696630"," -0,6756230",1,1,3,1,1,4,2,2,1,1,, -1,1,0,1,3,1,69,5,2,,0,2,8,1,202000041852B01,7,15,1
202000041868,2020-10-07,2020,octobre,mercredi,17:00,07,07324,"45,0724300","4,8221340",2,6,1,1,1,3,1,2,1,2,, -1,1,5,1,3,1,81,5,1,2,0,2,7,1,202000041868B01,7,9,1
202000041872,2020-10-24,2020,octobre,samedi,18:30,27,27598,"49,2313100","1,2220100",2,1,1,2,1,3,2,2,1,1,, -1,1,0,1,3,1,14,5,2,,0,2,0,5,202000041872A01,7,1,1
202000041976,2020-08-28,2020,août,vendredi,04:45,29,29019,"48,4000608"," -4,4688461",2,1,6,3,1,4,2,2,2,1,, -1,1,0,1,3,1,44,5,1,2,1,0,7,1,202000041976A01,,,
202000041995,2020-08-28,2020,août,vendredi,20:50,75,75118,"48,8904300","2,3484570",2,5,3,5,1,4,1,1,1,1,, -1,2,0,1,4,1,56,9,2,,0,2,0,1,202000041995B01,7,9,1
202000042002,2020-08-27,2020,août,jeudi,16:40,75,75108,"48,8732910","2,2955510",2,7,3,1,8,4,1,6,1,2,, -1,1,0,1,4,1,66,5,1,2,0,2,7,1,202000042002B01,7,1,1
202000042003,2020-08-28,2020,août,vendredi,06:15,75,75102,"48,8648180","2,3450920",2,5,6,2,1,4, -1,0,1,2,, -1,1,0,4,4,1,65,1,2,,8,0,1,25,202000042003A01,,,
202000042030,2020-08-28,2020,août,vendredi,05:00,72,72008,"47,9521960","0,1806740",2,1,2,5,3,3,3,4,1,1,, -1,2,0,1,2,1,22,1,2,,0,0,4,1,202000042030B01,7,0,1
202000042035,2020-08-29,2020,août,samedi,10:39,82,82134,"44,0753570","1,5211210",2,2,1,1,1,4,1,1,1,1,, -1,1,0,1,3,1,77,5,2,,0,2,7,17,202000042035B01,7,9,1
202000042036,2020-08-28,2020,août,vendredi,09:55,89,89246,"47,6258060","3,9732530",2,3,3,1,1,3,2,2,2,1,, -1,1,0,1,3,1,88,5,2,,0,2,3,16,202000042036A01,7,1,1
202000042037,2020-08-28,2020,août,vendredi,19:00,89,89155,"47,7035380","3,6136870",1,4,1,1,1,3,2,2,1,1,, -1,1,0,1,3,1,30,5,1,2,0,2,8,1,202000042037B01,7,15,1
202000042042,2020-08-28,2020,août,vendredi,21:00,38,38343,"45,5462300","5,6516650",1,1,2,3,3,3,2,2,1,1,, -1,2,0,1,3,1,14,9,2,,0,0,4,2,202000042042B01,7,2,1
202000042055,2020-08-28,2020,août,vendredi,21:10,16,16104,"46,0437900","0,2211410",1,1,5,2,1,3,2,2,2,1,0,"5,9",1,0,1,4,1,18,5,2,,0,2,4,1,202000042055B01,7,2,1
202000042055,2020-08-28,2020,août,vendredi,21:10,16,16104,"46,0437900","0,2211410",1,1,5,2,1,3,2,2,2,1,0,"5,9",1,0,1,2,1,29,5,2,,0,2,4,2,202000042055A01,7,2,1
202000042061,2020-08-28,2020,août,vendredi,09:00,04,04031,"43,9261870","6,1235740",2,1,7,1,1,3,2,1,2,3,, -1,9,0,3,3,1,46,5,1,2,2,0,3,1,202000042061A01,,,
202000042062,2020-08-29,2020,août,samedi,09:15,17,17293,"46,1343390"," -0,7873470",1,1,1,1,1,3,2,2,1,1,, -1,2,0,1,3,1,66,5,1,2,0,2,3,1,202000042062B01,7,1,1
202000042063,2020-08-28,2020,août,vendredi,07:30,30,30059,"43,6870840","4,2334270",1,1,2,1,1,3,2,2,1,1,, -1,1,0,1,4,2,65,5,2,,0,2,4,2,202000042063B01,2,2,1
202000042067,2020-08-28,2020,août,vendredi,12:30,976,97602," -12,7309920","45,1306990",1,1,5,1,1,2,2,2,1,3,, -1,1,2,1,3,1,16,0,2,,0,2,8,1,202000042067C01,7/ 15,13/1,2
202000042067,2020-08-28,2020,août,vendredi,12:30,976,97602," -12,7309920","45,1306990",1,1,5,1,1,2,2,2,1,3,, -1,1,2,1,4,1,16,0,2,,0,2,0,1,202000042067B01,7/ 15,13/1,2
202000042079,2020-07-25,2020,juillet,samedi,21:00,84,84053,"44,3973330","4,9200300",1,4,3,2,1,3,3,1,2,2,, -1,1,0,1,3,1,38,5,1,2,0,2,8,1,202000042079B01,7,15,1
202000042088,2020-08-05,2020,août,mercredi,16:25,22,22162,"48,7846570"," -3,0487010",2,1,3,1,1,3,2,2,3,1,, -1,1,0,1,4,2,64,0,1,2,0,2,8,1,202000042088B01,7,17,1
202000042103,2020-06-20,2020,juin,samedi,11:40,74,74010,"45,8766920","6,0894340",2,1,6,1,1,4,2,2,2,3,, -1,1,0,1,1,1,34,5,1,2,0,1,8,1,202000042103A01,,,
202000042112,2020-08-26,2020,août,mercredi,08:10,69,69381,"45,7685600","4,8368600",2,1,6,1,1,9, -1,0,2,1,, -1,1,6,8,4,1,20,5,2,,0,1,1,26,202000042112A01,,,
202000042124,2020-08-27,2020,août,jeudi,16:40,60,60057,"49,4411690","2,0904107",2,1,3,1,8,4, -1,5,2,1,, -1,1,0,1,4,1,32,0,1,2,0,2,2,0,202000042124B01,13,26,1
202000042145,2020-08-26,2020,août,mercredi,17:45,26,26362,"44,9122510","4,8816630",2,9,3,2,1,4,2,2,1,1,, -1,1,0,1,4,1,54,5,2,,0,2,2,26,202000042145B01,7,1,1
202000042195,2020-03-03,2020,mars,mardi,15:00,22,22278,"48,5102170"," -2,7569490",2,6,3,1,2,4,2,2,1,2,, -1,2,0,1,4,2,56,1,1,2/4,0,2,4,1,202000042195B01,7,9,1
202000042208,2020-03-10,2020,mars,mardi,17:00,05,05061,"44,5566818","6,0769548",2,6,3,1,1,2,1,1,1,1,, -1,1,0,1,4,1,25,9,2,,0,2,5,1,202000042208B01,7,1,1
202000042214,2020-03-11,2020,mars,mercredi,09:05,75,75113,"48,8401130","2,3703100",2,1,3,1,1,4,2,2,1,1,, -1,1,0,5,4,2,25,1,2,,0,2,2,1,202000042214B01,10,9,1
202000042218,2020-03-11,2020,mars,mercredi,21:05,75,75110,"48,8843110","2,3593660",2,2,3,5,1,4,2,2,1,2,, -1,1,0,1,4,2,38,5,2,,0,2,7,1,202000042218B01,7,1,1
202000042220,2020-03-11,2020,mars,mercredi,09:59,75,75107,"48,8572650","2,3099360",2,2,3,1,1,4,1,2,1,1,, -1,1,0,1,4,2,43,1,2,,0,2,8,15,202000042220A01,32,2,1
202000042255,2020-03-12,2020,mars,jeudi,14:15,79,79061,"46,2556650"," -0,2077600",1,1,2,1,1,6, -1, -1,1,2,, -1,1,0,1,3,1,80,0,2,,0,2,1,25,202000042255B01,21,26,1
202000042330,2020-03-08,2020,mars,dimanche,14:15,45,45208,"48,0003442","2,7304727",2,6,3,1,8,4,1,1,1,2,, -1,1,0,1,4,2,35,0,2,,0,2,7,1,202000042330B01,7,9,1
202000042332,2020-03-10,2020,mars,mardi,13:00,41,41018,"47,5989400","1,3184300",2,1,6,1,2,4,2,4,1,1,, -1,2,0,1,4,1,28,5,1,2,0,1,1,1,202000042332A01,,,
202000042338,2020-03-09,2020,mars,lundi,08:15,34,34172,"43,6145400","3,8831700",2,1, -1,1,1,4,1,2,1,1,, -1,1,0,1,4,1,49,0,2,,0,2,7,19,202000042338B01,7,1,1
202000042338,2020-03-09,2020,mars,lundi,08:15,34,34172,"43,6145400","3,8831700",2,1, -1,1,1,4,1,2,1,1,, -1,1,0,1,4,2,46,0,2,,0,2,7,19,202000042338C01,7,1,1
202000042339,2020-03-09,2020,mars,lundi,08:00,34,34172,"43,6288359","3,8610533",2,2,3,1,1,4,2,2,1,1,, -1,1,0,1,4,2,19,0,2,,0,4,6,19,202000042339A01,40,1,1
202000042344,2020-03-09,2020,mars,lundi,10:30,27,27528,"49,2632600","1,2115400",2,6,3,1,1,4,2,2,1,1,, -1,1,9,1,3,1,70,0,2,,0,2,4,1,202000042344B01,14,9,1
202000042345,2020-02-22,2020,février,samedi,16:30,22,22278,"48,5132300"," -2,7382300",2,6,3,1,1,4,1,2,1,4,, -1,1,5,1,3,2,70,5,1,2,0,2,8,16,202000042345B01,7,16,1
202000042376,2020-01-06,2020,janvier,lundi,11:05,91,91114,"48,7126519","2,4422282",2,9,3,1,1,2, -1,0,1,1,,0,1,0,1,4,1,86,0,2,,0,0,0,0,202000042376B01,7,15,1
202000042408,2020-07-27,2020,juillet,lundi,13:10,75,75113,"48,8256890","2,3479990",2,4,5,1,1,4,2,3,1,1,, -1,1,0,1,4,2,21,9,1,2,0,2,1,2,202000042408B01,7,24/13,2
202000042414,2020-07-27,2020,juillet,lundi,20:20,75,75111,"48,8616530","2,3773230",2,2,3,2,1,4,2,2,1,1,, -1,1,0,1,4,1,22,9,1,2,0,2,2,1,202000042414A01,7,15,1
202000042419,2020-07-23,2020,juillet,jeudi,09:55,75,75107,"48,8587020","2,2929960",2,1,3,1,1,4,2,6,1,1,, -1,1,0,1,4,2,50,9,1,2,12,2,0,14,202000042419A01,13,17,1
202000042463,2020-01-06,2020,janvier,lundi,13:45,14,14215,"49,1898000"," -0,2656000",2,2,3,1,1,4,2,2,1,1,, -1,1,0,1,4,1,61,5,2,,0,2,1,1,202000042463B01,7,1,1
202000042481,2020-07-25,2020,juillet,samedi,21:45,18,18272,"47,2580250","2,7550420",2,1,1,2,1,3,2,2,1,1,, -1,1,0,1,1,1,21,5,2,,0,2,3,13,202000042481B01,2,21,1
202000042511,2020-07-27,2020,juillet,lundi,18:00,74,74164,"46,0891970","6,5073290",2,1,3,1,1,3,2,2,1,1,, -1,1,0,1,2,1,66,5,2,,0,2,0,0,202000042511B01,7,1,1
202000042542,2020-01-06,2020,janvier,lundi,16:30,75,75112,"48,8351730","2,3987762",2,2,6,1,1,4,2,1,1,1,,3,1,0,1,1,1,30,9,1,2,0,1,2,1,202000042542A01,,,
202000042546,2020-09-23,2020,septembre,mercredi,09:30,14,14118,"49,1848700"," -0,3803300",2,1,6,1,1,4,2,2,1,1,, -1,1,0,1,4,1,15,2,2,,1,0,1,1,202000042546A01,,,
202000042557,2020-01-05,2020,janvier,dimanche,18:00,75,75107,"48,8625910","2,3190250",2,2,3,5,1,4,2,4,1,1,,12,1, -1,5,4,2,2,9,1,2/3,0,2,7,1,202000042557A01,7,15,1
202000042557,2020-01-05,2020,janvier,dimanche,18:00,75,75107,"48,8625910","2,3190250",2,2,3,5,1,4,2,4,1,1,,12,1, -1,5,1,1,35,9,1,2,0,2,7,1,202000042557A01,7,15,1
202000042568,2020-09-23,2020,septembre,mercredi,12:10,07,07281,"44,9451000","4,8555000",2,1,3,1,1,3, -1,2,1,1,, -1,1,0,1,4,1,83,5,2,,0,2,1,0,202000042568B01,10,0,1
202000042592,2020-07-26,2020,juillet,dimanche,11:15,67,67324,"48,9362870","7,6269150",1,9,7,1,1,9, -1,2,1,3,, -1,1,0,3,3,1,58,5,1,2,0,0,0,0,202000042592A01,,,
202000042605,2020-09-23,2020,septembre,mercredi,07:50,75,75119,"48,8845440","2,3769120",2,3,3,1,1,4,2,4,1,1,, -1,1, -1,5,4,2,36,1,1,2,0,2,1,1,202000042605B01,7,16,1
202000042614,2020-09-23,2020,septembre,mercredi,08:40,75,75114,"48,8313380","2,3198060",2,2,7,1,1,4,1,1,1,1,, -1,1,0,1,4,1,52,1,1,2,0,0,7,1,202000042614A01,,,
202000042631,2020-07-28,2020,juillet,mardi,14:15,85,85222,"46,6746370"," -1,9139280",1,2,3,1,1,4,2,2,1,1,, -1,1,0,1,3,1,41,0,2,,0,2,2,19,202000042631A01,7,1,1
202000042632,2020-09-22,2020,septembre,mardi,17:10,75,75112,"48,8463360","2,3780790",2,1,7,1,1,4,2,2,1,1,, -1,1, -1,6,4,2,33,5,2,,0,2,1,1,202000042632A01,,,
202000042652,2020-01-05,2020,janvier,dimanche,11:40,80,80192,"49,9157060","2,6591920",1,1,7,1,1,4,2,2,3,1,, -1,1,0,1,3,1,65,5,1,2,0,0,7,26,202000042652A01,,,
202000042715,2020-01-05,2020,janvier,dimanche,08:17,05,05073,"44,3200450","5,8280690",2,1,7,4,1,3,2,2,2,1,, -1,1,0,8,2,1,39,5,2,,0,0,0,0,202000042715A01,,,
202000042727,2020-01-06,2020,janvier,lundi,15:45,01,01160,"46,2601250","6,1149320",2,1,3,1,1,4,2,2,1,1,, -1,1,0,1,2,1,83,5,2,,0,2,1,0,202000042727A01,80,1,1
202000042742,2020-07-26,2020,juillet,dimanche,00:30,75,75105,"48,8418470","2,3631780",2,3,3,5,2,4,2,6,3,1,, -1,2,0,1,4,1,19,5,1,2,0,2,2,1,202000042742B01,7,22,1
202000042760,2020-07-26,2020,juillet,dimanche,22:15,75,75108,"48,8652190","2,3218820",2,7,2,3,1,4,1,8,1,1,, -1,1,0,1,4,1,24,5,1,2,0,2,1,2,202000042760A01,7,23,1
202000042763,2020-07-26,2020,juillet,dimanche,16:43,75,75107,"48,8605480","2,2956180",2,3,2,1,1,4,2,4,1,1,, -1,1,0,1,4,2,21,5,1,2,0,2,4,2,202000042763B01,7,2,1
202000042766,2020-09-23,2020,septembre,mercredi,10:00,46,46176,"44,6481890","1,8462880",2,1,6,1,2,3,2,2,1,1,, -1,2,0,1,3,1,73,0,1,2/4,12,0,0,0,202000042766A01,,,
202000042773,2020-09-23,2020,septembre,mercredi,18:50,68,68082,"47,8591740","7,3410400",2,9,3,2,1,3,2,2,1,1,, -1,1,5,5,4,1,33,5,2,,0,0,7,1,202000042773B01,7,16,1
202000042806,2020-09-01,2020,septembre,mardi,14:00,45,45175,"47,7526260","1,8218850",2,1,7,1,1,4,2,2,1,1,, -1,1,0,1,3,1,66,5,2,,0,0,1,0,202000042806A01,,,
202000042820,2020-09-23,2020,septembre,mercredi,14:25,28,28304,"48,2833050","1,7278170",1,1,2,1,1,2,2,2,1,1,, -1,1,0,1,3,2,32,0,2,,0,2,4,18,202000042820A01,17,2,1
202000042830,2020-02-07,2020,février,vendredi,17:40,77,77388,"48,9606720","3,1456920",2,1,3,1,1,3,2,2,1,1,, -1,1,0,4,4,1,15,5,1,2,0,2,1,25,202000042830A01,7,26,1
202000042844,2020-02-07,2020,février,vendredi,21:00,57,57082,"49,0584650","6,7943840",1,1,2,3,1,3,2,2,1,1,, -1,1,0,1,3,1,75,5,1,9/4,0,2,4,2,202000042844A01,7,2,1
202000042868,2020-07-11,2020,juillet,samedi,09:45,22,22347,"48,7840770"," -3,2115970",1,9,3,1,1,3,2,2,2,1,, -1,1,0,1,4,2,34,5,2,,0,2,3,15,202000042868B01,7,17,1
202000042878,2020-09-24,2020,septembre,jeudi,11:45,13,13073,"43,3853780","5,5594520",2,4,3,1,1,3,3,2,3,1,, -1,1,5,5,4,1,70,5,1,2,0,0,3,1,202000042878A01,7,19,1
202000042882,2020-07-24,2020,juillet,vendredi,21:45,70,70561,"47,5527550","6,4320870",2,1,6,5,1,4,1,1,2,3,, -1,1,0,3,3,1,9,5,2,,6,0,1,5,202000042882A01,,,
202000042883,2020-01-05,2020,janvier,dimanche,19:15,75,75113,"48,8294530","2,3747105",2,1,3,5,1,4,2,3,1,1,,9,1,0,1,4,1,20,1,1,2,0,2,1,1,202000042883B01,7,22,1
202000042892,2020-07-26,2020,juillet,dimanche,09:40,85,85143,"46,5115200"," -0,7405800",1,1,7,1,1,3,2,2,2,3,, -1,1,0,1,3,1,64,5,1,2/6,0,0,0,1,202000042892A01,,,
202000042893,2020-09-23,2020,septembre,mercredi,19:15,22,22093,"48,4729840"," -2,5035700",2,6,3,1,1,4,1,1,4,2,, -1,1,0,1,3,1,51,5,1,2,0,2,5,1,202000042893B01,7,9,1
202000042894,2020-07-23,2020,juillet,jeudi,19:30,27,27251,"49,0923705","0,6795796",1,1,2,1,1,3,2,2,1,1,, -1,1,0,1,3,1,21,5,1,2,0,0,4,1,202000042894B01,10,1,1
202000042956,2020-01-06,2020,janvier,lundi,07:35,14,14138,"49,2311312"," -1,0015590",1,1,1,3,1,3,2,2,1,1,,"5,5",1,0,1,3,1,46,5,1,2/4,0,2,0,21,202000042956A01,7,17,1
202000043003,2020-02-04,2020,février,mardi,19:29,63,63113,"45,7766000","3,0764600",2,1, -1,5,1,4,2,2,1,1,, -1,1,0,1,4,1,56,0,1,2,1,0,1,1,202000043003B01,7,24,1
202000043008,2020-02-06,2020,février,jeudi,09:00,54,54395,"48,6803411","6,1916314",2,1,3,1,1,9,1,2,1,3,, -1,1,0,1,4,1,45,0,1,2,0,2,8,1,202000043008B01,10,1,1
202000043012,2020-02-06,2020,février,jeudi,08:15,45,45234,"47,9060663","1,9358110",2,2,3,1,1,4,2,2,1,1,, -1,1,0,1,4,2,19,2,2,,0,2,7,5,202000043012B01,7,15,1
202000043045,2020-02-06,2020,février,jeudi,15:38,75,75119,"48,8849310","2,3695220",2,1,6,1,1,4,1,3,1,1,, -1,1, -1,5,1,1,25,9,1,2,0,1,1,1,202000043045A01,,,
202000043058,2020-02-06,2020,février,jeudi,12:10,75,75107,"48,8577070","2,3279780",2,2,6,1,1,4,1,1,1,1,,3,1,0,1,1,1,23,4,2,,0,1,1,16,202000043058A01,,,
202000043088,2020-02-07,2020,février,vendredi,16:10,74,74299,"45,8875510","6,1731950",2,4,1,1,1,4,1,1,3,1,, -1,1,0,1,4,1,48,5,1,2,0,0,1,1,202000043088A01,7,26,1
202000043096,2020-02-05,2020,février,mercredi,14:00,29,29119,"48,4671466"," -4,6406052",1,6,3,1,1,3,2,2,1,4,, -1,1,0,1,4,1,32,9,1,2,0,2,5,1,202000043096B01,7,9,1
202000043102,2020-02-06,2020,février,jeudi,17:45,64,64371,"43,2282410"," -0,8860950",2,1,2,1,7,3,2,2,1,1,, -1,1,0,1,3,1,24,5,2,,0,0,4,2,202000043102B01,10,2,1
202000043116,2020-05-30,2020,mai,samedi,14:45,72,72289,"48,1491380","0,1547530",1,1,3,1,1,3,2,2,3,2,,5,1,0,1,1,1,57,5,1,2,0,2,7,1,202000043116B01,33,14,1
202000043148,2020-06-26,2020,juin,vendredi,16:10,65,65411,"42,8854180"," -0,0163900",1,3,1,1,1,3,2,2,1,1,, -1,1,0,1,3,1,34,5,1,2,0,2,1,1,202000043148B01,7,15,1
202000043153,2020-06-26,2020,juin,vendredi,16:50,76,76647,"49,5235860","0,3673230",2,1,7,1,1,3,2,2,2,1,, -1,1,0,1,2,1,65,5,1,2,0,0,0,1,202000043153A01,,,
202000043179,2020-06-23,2020,juin,mardi,18:30,54,54431,"48,9169000","6,0653800",2,3,3,1,1,3,2,3,2,1,, -1,1,5,6,4,1,24,0,1,2,0,2,7,17,202000043179B01,7,9,1
202000043192,2020-06-27,2020,juin,samedi,02:10,75,75120,"48,8524770","2,4048700",2,1,3,5,2,4,2,2,1,1,, -1,2,0,1,3,1,24,9,2,,0,2,7,10,202000043192A01,34,1,1
202000043194,2020-06-27,2020,juin,samedi,00:15,75,75117,"48,8921950","2,3235800",2,4,3,5,2,4,2,2,1,1,, -1,2,0,1,4,1,31,5,2,,0,2,1,1,202000043194B01,7,22,1
202000043199,2020-06-27,2020,juin,samedi,09:00,75,75110,"48,8681323","2,3637276",2,1,3,1,1,4,2,2,1,1,, -1,1, -1,6,4,1,32,1,2,,0,2,0,13,202000043199B01,37,17,1
202000043200,2020-06-26,2020,juin,vendredi,21:15,75,75107,"48,8482650","2,3157070",2,3,3,2,1,4,2,4,1,1,, -1,1,0,1,4,2,28,9,2,,0,2,4,19,202000043200A01,34,1,1
202000043201,2020-06-27,2020,juin,samedi,19:45,75,75104,"48,8510330","2,3611270",2,4,7,1,2,4,2,1,1,2,, -1,2,6,1,4,1,60,9,1,2,12,0,7,14,202000043201A01,,,
202000043223,2020-06-28,2020,juin,dimanche,10:50,35,35120,"48,2201120"," -1,8099760",1,1,4,1,1,3,2,2,1,1,, -1,1,0,1,3,1,64,5,1,2,0,2,4,1,202000043223B01,7,0,1
202000043223,2020-06-28,2020,juin,dimanche,10:50,35,35120,"48,2201120"," -1,8099760",1,1,4,1,1,3,2,2,1,1,, -1,1,0,1,4,1,65,5,1,2,0,2,4,1,202000043223C01,7,0,1
202000043233,2020-06-23,2020,juin,mardi,16:25,21,21485,"47,3371720","4,9554620",1,1,1,1,1,4,2,2,2,2,, -1,1,0,1,4,1,47,5,1,2,0,2,1,1,202000043233B01,32,5,1
202000043237,2020-06-28,2020,juin,dimanche,09:20,56,56017,"47,8561800"," -2,8039800",1,3,3,1,1,4,2,2,1,1,, -1,1,0,1,3,1,53,5,1,2,0,2,1,1,202000043237B01,7,26,1
202000043265,2020-06-28,2020,juin,dimanche,13:50,78,78143,"48,7351420","2,0874020",2,3,7,1,1,4, -1,2,4,1,, -1,1,0,1,3,1,29,5,1,2,14,0,1,1,202000043265A01,,,
202000043267,2020-06-28,2020,juin,dimanche,11:45,95,95250,"49,0991871","2,5045801",1,1,1,1,1,4,2,2,2,3,, -1,1,0,6,4,1,34,5,1,2/6/9,0,2,3,1,202000043267B01,33,1,1
202000043268,2020-06-28,2020,juin,dimanche,16:00,988,98817," -22,2775310","166,5740630",2,3,3,1,1,3,2,2,1,1,, -1,1,5,1,4,1,56,5,1,2,0,2,3,0,202000043268B01,7,15,1
202000043272,2020-06-28,2020,juin,dimanche,10:15,83,83107,"43,4450950","6,6380870",2,1,3,1,1,4,2,2,2,1,, -1,1,0,1,3,1,50,5,1,2,0,2,1,1,202000043272B01,7,15,1
202000043280,2020-06-27,2020,juin,samedi,15:05,74,74185,"46,1496210","6,2210140",2,3,3,1,1,4,2,2,1,1,, -1,1,0,1,3,1,15,5,2,,0,2,1,15,202000043280B01,7,1,1
202000043287,2020-06-28,2020,juin,dimanche,15:30,60,60282,"49,1870120","2,4378650",2,1,7,1,1,4,2,2,1,1,, -1,1,0,4,3,1,13,5,2,,0,0,0,1,202000043287A01,,,
202000043314,2020-05-26,2020,mai,mardi,08:35,68,68020,"47,8138460","7,5059370",2,6,3,1,1,3,1,1,1,1,, -1,1,0,1,3,1,68,5,2,,0,2,1,1,202000043314B01,7,9,1
202000043321,2020-05-27,2020,mai,mercredi,11:15,74,74165,"45,8278870","5,9747010",1,4,3,1,7,3, -1,2,1,3,, -1,1,0,1,3,1,47,5,1,2/6,0,0,1,1,202000043321B01,7,15,1
202000043325,2020-05-25,2020,mai,lundi,08:10,38,38140,"45,2712400","5,8902500",2,3,3,1,1,4,1,2,1,1,,4,1,0,5,3,1,70,3,2,,0,2,2,1,202000043325B01,7,16,1
202000043330,2020-05-24,2020,mai,dimanche,08:55,28,28078,"48,1124040","0,8896710",1,1,2,1,7,3,2,2,1,1,, -1,1,0,1,3,1,62,5,1,2,0,2,4,2,202000043330B01,7,2,1
202000043338,2020-05-27,2020,mai,mercredi,08:05,29,29147,"47,8962472"," -3,5749812",1,6,3,1,7,3,1,2,1,2,,7,1,5,1,3,1,30,0,2,,0,2,1,1,202000043338B01,10,9,1
202000043341,2020-05-27,2020,mai,mercredi,16:35,71,71291,"46,2200682","4,0221643",1,3,3,1,1,3,2,2,1,1,, -1,1,0,1,3,1,14,5,2,,0,2,8,15,202000043341A01,10,1,1
202000043343,2020-05-27,2020,mai,mercredi,17:10,38,38442,"45,3359710","5,8072680",1,1, -1,1,1,3,2,2,2,1,, -1,1,0,1,4,1,60,5,1,2/6,0,0,4,1,202000043343B01,7,17,1
202000043385,2020-05-24,2020,mai,dimanche,17:35,63,63019,"45,8012700","3,1753600",1,1,7,1,1,3,2,2,1,1,,"5,5",1,0,1,3,1,20,5,1,2,0,0,0,1,202000043385A01,,,
202000043420,2020-05-25,2020,mai,lundi,09:00,75,75108,"48,8742070","2,3175330",2,2,3,1,1,4,1,3,1,1,, -1,1, -1,6,4,2,26,1,1,2,0,2,3,7,202000043420B01,10,16,1
202000043423,2020-05-25,2020,mai,lundi,09:48,75,75109,"48,8765550","2,3412990",2,2,3,1,1,4,1,2,2,1,, -1,1, -1,6,4,2,26,9,1,2,0,2,8,7,202000043423B01,7,16,1
202000043424,2020-05-25,2020,mai,lundi,09:00,75,75108,"48,8677260","2,3139960",2,5,2,1,1,4,2,4,1,1,, -1,1,0,1,4,1,51,1,1,2,0,2,1,18,202000043424B01,7,22,1
202000043425,2020-05-25,2020,mai,lundi,21:55,75,75107,"48,8624300","2,3015980",2,2,3,5,1,4,2,3,1,1,, -1,1, -1,5,4,1,34,5,2,,0,2,8,19,202000043425A01,7,1,1
202000043449,2020-05-25,2020,mai,lundi,11:55,44,44069,"47,3625270"," -2,4575360",1,1,7,1,1,4,2,2,2,4,, -1,1,0,1,3,1,67,5,2,,0,0,0,1,202000043449A01,,,