Num_Acc,date,an,mois,jour,hrmn,dep,com,lat,long,agg,int,col,lum,atm,catr,circ,nbv,prof,plan,lartpc,larrout,surf,infra,situ,grav,sexe,age,trajet,secuexist,equipement,obs,obsm,choc,manv,vehiculeid,typevehicules,manoeuvehicules,numVehicules
202000043453,2020-05-26,2020,mai,mardi,09:20,29,29173,"48,0117810"," -4,1976030",1,6,3,1,1,3,1,1,1,1,,3,1,5,1,3,2,57,5,1,2,0,2,1,1,202000043453B01,7,9,1
202000043466,2020-05-26,2020,mai,mardi,19:55,50,50272,"48,9414170"," -1,5376140",1,2,3,2,1,4,2,2,1,1,, -1,1,0,1,3,1,55,5,2,,0,2,3,1,202000043466A01,7,1,1
202000043468,2020-10-23,2020,octobre,vendredi,12:40,75,75118,"48,8983690","2,3634470",2,1,7,1,1,4,2,4,1,1,, -1,1, -1,5,4,2,31,5,1,2,0,0,0,1,202000043468A01,,,
202000043473,2020-10-22,2020,octobre,jeudi,17:30,75,75115,"48,8524010","2,2862530",2,1,1,1,1,4,2,6,1,1,, -1,1, -1,5,4,2,37,9,1,2,0,2,1,17,202000043473B01,1,13,1
202000043473,2020-10-22,2020,octobre,jeudi,17:30,75,75115,"48,8524010","2,2862530",2,1,1,1,1,4,2,6,1,1,, -1,1, -1,5,1,1,32,5,1,2,0,2,1,13,202000043473A01,1,17,1
202000043475,2020-10-20,2020,octobre,mardi,12:25,75,75115,"48,8457170","2,2947810",2,1,3,1,2,4,1,1,1,1,, -1,2,0,1,4,2,62,9,2,,0,2,7,1,202000043475A01,10,22,1
202000043480,2020-10-23,2020,octobre,vendredi,13:50,75,75111,"48,8513030","2,3761490",2,5,3,1,1,4,2,3,1,1,, -1,1, -1,6,4,1,37,1,1,2,0,2,1,7,202000043480B01,10,15,1
202000043488,2020-05-25,2020,mai,lundi,11:37,77,77248,"48,9093118","2,7809468",2,3,3,1,1,3,2,2,1,1,,5,1,0,1,4,1,67,5,1,2/6,0,2,1,1,202000043488B01,7,15,1
202000043506,2020-05-26,2020,mai,mardi,19:15,69,69163,"45,9168720","4,7749270",2,6,3,1,1,3, -1,2,1,2,,8,1,0,1,4,1,40,5,1,2/6,0,2,1,1,202000043506B01,7,9,1
202000043508,2020-05-26,2020,mai,mardi,13:00,64,64421,"43,1486930"," -0,5060750",2,3,1,1,1,4,2,2,1,1,, -1,1,0,1,4,2,70,5,2,,0,2,1,1,202000043508B01,7,15,1
202000043513,2020-05-25,2020,mai,lundi,11:00,60,60674,"49,3923810","2,9181790",1,1,1,1,1,9,2,2,2,1,, -1,1,0,5,3,1,78,5,2,,0,2,3,1,202000043513B01,1,1,1
202000043513,2020-05-25,2020,mai,lundi,11:00,60,60674,"49,3923810","2,9181790",1,1,1,1,1,9,2,2,2,1,, -1,1,0,5,1,1,42,5,2,,0,2,3,1,202000043513A01,1,1,1
202000043542,2020-10-23,2020,octobre,vendredi,12:35,56,56185,"47,7772450"," -3,4064910",1,1,7,1,1,3,2,2,1,3,, -1,1,0,5,3,1,18,1,2,,0,0,0,1,202000043542A01,,,
202000043549,2020-10-23,2020,octobre,vendredi,10:15,29,29056,"48,4412730"," -4,2845390",1,1,6,1,1,3,2,2,2,3,, -1,2,0,3,3,1,15,2,1,2,13,0,1,1,202000043549A01,,,
202000043550,2020-10-24,2020,octobre,samedi,16:45,05,05130,"44,5562430","6,3633370",1,1,1,1,1,3,2,2,1,4,, -1,1,0,3,4,2,31,5,2,,0,9,0,1,202000043550B01,33,13,1
202000043572,2020-10-24,2020,octobre,samedi,16:20,38,38205,"45,1237900","5,5569500",1,1,1,1,1,5,2,2,2,3,, -1,9,0,1,2,1,13,5,1,2,0,2,1,13,202000043572B01,7,1,1
202000043577,2020-10-23,2020,octobre,vendredi,10:00,59,59440,"50,2853840","3,3928760",2,3,3,1,1,4,2,2,2,1,, -1,1,0,1,4,2,71,5,2,,0,2,8,15,202000043577B01,7,1,1
202000043641,2020-10-22,2020,octobre,jeudi,08:15,75,75113,"48,8410540","2,3682680",2,1,3,1,8,4,2,4,1,1,, -1,2,0,1,4,1,45,1,2,,0,2,0,17,202000043641B01,10,11,1
202000043647,2020-10-22,2020,octobre,jeudi,07:20,75,75110,"48,8785840","2,3540430",2,2,6,1,1,4,3,2,1,1,, -1,2, -1,5,1,2,27,1,2,,0,1,3,1,202000043647A01,,,
202000043710,2020-12-03,2020,décembre,jeudi,12:54,63,63113,"45,7675713","3,0732892",2,1,2,1,1,4,2,2,1,1,, -1,1,0,1,4,1,29,0,2,,0,2,1,2,202000043710A01,7,2,1
202000043724,2020-12-01,2020,décembre,mardi,10:24,44,44109,"47,2271900"," -1,5456400",2,3,3,1,8,4,2,2,2,1,, -1,2,0,1,3,2,82,3,1,2,0,2,1,1,202000043724B01,7,15,1
202000043759,2020-12-04,2020,décembre,vendredi,16:15,75,75105,"48,8468460","2,3609800",2,3,6,2,2,4,2,5,1,1,, -1,2, -1,5,4,1,69,5,1,2,0,1,4,1,202000043759A01,,,
202000043760,2020-12-04,2020,décembre,vendredi,12:25,75,75106,"48,8460040","2,3183410",2,1,2,1,1,4,2,4,1,1,, -1,1,0,1,4,1,39,4,1,2,0,2,1,2,202000043760A01,10,2,1
202000043770,2020-12-04,2020,décembre,vendredi,10:15,75,75112,"48,8484180","2,3678450",2,1,2,1,1,4,1,2,1,1,, -1,1,0,1,4,2,62,9,1,2,0,2,4,17,202000043770B01,7,17,1
202000043772,2020-12-04,2020,décembre,vendredi,11:00,75,75111,"48,8606650","2,3753210",2,3,3,1,1,4,2,3,1,1,, -1,1, -1,5,4,2,43,9,1,2,0,2,1,1,202000043772A01,7,22,1
202000043811,2020-12-04,2020,décembre,vendredi,15:32,76,76550,"49,3840280","0,9698010",1,1,2,2,1,3,2,2,4,1,, -1,1,0,1,3,1,66,5,1,2,0,2,4,0,202000043811B01,7,1,1
202000043817,2020-12-03,2020,décembre,jeudi,15:40,34,34084,"43,3978140","3,2066020",1,1,7,1,1,4,2,1,2,2,, -1,1,0,3,3,1,65,5,1,2/6,17,0,0,1,202000043817A01,,,
202000043826,2020-12-04,2020,décembre,vendredi,18:45,973,97309,"4,8876280"," -52,2848310",1,6,1,5,1,3,1,1,1,3,, -1,1,0,1,4,2,15,0,2,,0,0,8,0,202000043826B01,7,0,1
202000043831,2020-12-05,2020,décembre,samedi,13:30,38,38487,"45,5686230","4,8373530",1,1,1,1,1,4,2,2,2,3,, -1,2,0,1,3,1,52,5,1,2,0,2,1,1,202000043831A01,32,0,1
202000043839,2020-12-04,2020,décembre,vendredi,17:35,59,59449,"50,4800870","3,2474630",2,1,3,5,1,3,2,2,2,1,, -1,1,2,1,3,1,21,0,2,,0,2,1,5,202000043839B01,7,16,1
202000043967,2020-09-22,2020,septembre,mardi,17:45,75,75105,"48,8511510","2,3513080",2,2,1,1,1,4,2,3,1,1,, -1,1, -1,5,4,2,19,9,2,,0,2,1,15,202000043967B01,50,1,1
202000043974,2020-09-22,2020,septembre,mardi,09:10,75,75117,"48,8779380","2,2943390",2,3,3,1,1,4,2,3,2,1,, -1,1,0,1,4,1,27,1,1,2,0,2,1,13,202000043974B01,7,1,1
202000043977,2020-09-21,2020,septembre,lundi,19:10,75,75115,"48,8453460","2,2785690",2,2,5,2,1,4,2,4,1,1,, -1,1,0,1,4,2,17,9,2,,0,2,1,1,202000043977A01,7,1/16,2
202000043978,2020-09-22,2020,septembre,mardi,17:40,75,75114,"48,8240890","2,3212840",2,4,3,1,1,4,1,1,1,1,, -1,1, -1,5,4,2,59,9,2,,0,2,3,1,202000043978B01,7,16,1
202000043979,2020-09-22,2020,septembre,mardi,09:05,75,75114,"48,8214530","2,3216520",2,1,1,1,1,4,2,1,1,1,, -1,1, -1,5,4,2,43,1,2,,0,2,1,1,202000043979B01,50,5,1
202000043981,2020-09-22,2020,septembre,mardi,17:10,75,75113,"48,8271310","2,3671260",2,3,7,1,1,4,2,3,4,1,, -1,1, -1,6,3,2,62,1,1,2,0,0,1,21,202000043981A01,,,
202000043982,2020-09-22,2020,septembre,mardi,09:40,75,75113,"48,8284810","2,3581020",2,3,3,1,1,4, -1,2,1,1,, -1,1,0,1,4,2,30,1,2,,0,2,3,1,202000043982A01,7,16,1
202000043983,2020-09-22,2020,septembre,mardi,18:40,75,75112,"48,8245270","2,4322790",2,1,6,1,1,4, -1,1,1,1,, -1,1, -1,5,4,1,75,5,2,,0,5,7,1,202000043983A01,,,
202000043989,2020-09-22,2020,septembre,mardi,15:30,75,75108,"48,8683870","2,3232500",2,2,7,1,1,4,2,2,1,1,, -1,1,0,1,4,2,85,5,2,,0,0,7,1,202000043989A01,,,
202000043991,2020-09-22,2020,septembre,mardi,09:42,75,75107,"48,8595630","2,3292760",2,2,2,1,1,4,1,3,2,1,, -1,1,0,1,4,2,64,1,1,2,0,2,6,1,202000043991B01,7,15,1
202000043993,2020-09-22,2020,septembre,mardi,08:30,75,75103,"48,8622890","2,3637340",2,2,3,1,1,4,1,1,1,1,, -1,1,0,1,4,2,54,9,1,2,0,2,2,1,202000043993A01,33,1,1
202000044021,2020-09-23,2020,septembre,mercredi,07:45,33,33478,"45,0081800","0,0108110",2,4,1,2,5,4,2,2,2,3,, -1,1,0,1,2,1,57,5,2,,0,2,1,1,202000044021B01,7,15,1
202000044056,2020-09-22,2020,septembre,mardi,19:00,78,78162,"48,6856910","2,0085240",1,1,3,2,1,3,2,2,2,1,, -1,1,0,1,3,1,46,5,1,2/9,0,2,6,2,202000044056B01,7,17,1
202000044063,2020-09-22,2020,septembre,mardi,14:50,68,68106,"47,8899820","7,1133900",1,1,7,1,1,3,2,2,2,3,, -1,1,0,1,2,1,62,5,1,2,0,0,9,1,202000044063A01,,,
202000044069,2020-09-23,2020,septembre,mercredi,15:40,31,31458,"43,5040290","1,3471450",2,1,3,1,1,4,2,2,1,1,, -1,1,0,1,3,2,5,5,2,,0,2,8,1,202000044069B01,15,20,1
202000044094,2020-03-10,2020,mars,mardi,19:05,75,75112,"48,8421130","2,3764220",2,2,2,2,1,4,1,3,1,1,, -1,1,0,1,4,2,24,5,2,,0,2,4,15,202000044094A01,7,1,1
202000044095,2020-03-10,2020,mars,mardi,18:55,75,75109,"48,8772060","2,3489930",2,2,6,5,1,4,1,2,2,1,, -1,1,0,5,4,1,41,1,2,,0,1,2,2,202000044095A01,,,
202000044137,2020-03-11,2020,mars,mercredi,16:30,38,38049,"45,4058500","5,1877200",1,2,3,1,1,4,2,2,1,1,,4,1,0,1,3,1,77,5,1,2,0,2,1,1,202000044137B01,7,16,1
202000044143,2020-03-10,2020,mars,mardi,14:45,04,04230,"43,8318140","5,9514840",1,1,2,1,1,3,2,2,2,1,, -1,1,0,1,3,1,76,5,2,,1,0,1,1,202000044143A01,7,23,1
202000044153,2020-02-25,2020,février,mardi,11:30,83,83001,"43,5294040","6,8210400",2,6,3,1,1,3,2,2,1,3,,4,1,0,1,4,1,68,5,1,2,0,2,1,15,202000044153B01,7,9,1
202000044244,2020-02-20,2020,février,jeudi,19:40,59,59009,"50,6155500","3,1290800",2,6,3,2,1,4,2,2,1,1,, -1,1,6,1,4,1,20,5,1,2,14,0,8,2,202000044244B01,7,26,1
202000044346,2020-06-26,2020,juin,vendredi,10:30,75,75118,"48,8924040","2,3450000",2,2,3,1,2,4,2,2,1,1,, -1,2,0,1,4,2,38,1,2,,0,2,3,1,202000044346B01,10,16,1
202000044350,2020-06-26,2020,juin,vendredi,07:00,75,75118,"48,8953740","2,3466270",2,4,3,1,1,4,2,6,1,1,, -1,1, -1,5,4,1,31,9,1,2,0,2,4,1,202000044350A01,7,16,1
202000044355,2020-08-26,2020,août,mercredi,22:20,75,75113,"48,8233930","2,3750250",2,3,3,5,1,4,2,2,2,3,, -1,1,0,1,4,1,26,9,1,2,0,2,1,9,202000044355B01,7,16,1
202000044360,2020-06-26,2020,juin,vendredi,06:00,75,75115,"48,8379940","2,2716500",2,1,7,2,1,4,2,6,2,1,, -1,1, -1,5,4,1,30,4,2,,0,0,0,1,202000044360A01,,,
202000044362,2020-06-25,2020,juin,jeudi,00:00,75,75112,"48,8498110","2,3706090",2,4,6,5,7,4,2,3,1,1,, -1,1, -1,5,3,2,60,5,2,,12,0,1,13,202000044362A01,,,
202000044363,2020-08-26,2020,août,mercredi,23:35,75,75109,"48,8723730","2,3374310",2,2,3,5,1,4,1,3,1,1,, -1,1,0,1,4,2,57,9,1,2,0,2,5,1,202000044363B01,30,1,1
202000044369,2020-06-26,2020,juin,vendredi,12:20,75,75101,"48,8629130","2,3506900",2,3,3,1,1,4,1,3,1,1,, -1,1, -1,5,4,1,38,1,2,,0,2,1,1,202000044369B01,7,15,1
202000044371,2020-06-26,2020,juin,vendredi,09:30,75,75102,"48,8673070","2,3346260",2,2,6,1,1,4,2,2,1,1,, -1,1, -1,5,1,1,34,9,2,,0,1,1,1,202000044371A01,,,
202000044398,2020-08-27,2020,août,jeudi,17:45,92,92072,"48,8258536","2,2175699",2,1,6,1,1,3,1,4,1,1,, -1,1,0,5,4,2,48,1,1,2,0,1,1,2,202000044398A01,,,
202000044422,2020-08-28,2020,août,vendredi,02:10,31,31418,"43,6236950","1,5266720",2,1,6,5,1,3,2,2,2,1,, -1,1,5,1,3,1,17,5,2,,14,0,1,1,202000044422A01,,,
202000044423,2020-06-23,2020,juin,mardi,07:15,83,83019,"43,1494170","6,2981310",2,1,3,1,1,3,2,2,1,1,, -1,1,0,5,4,1,59,5,1,2,0,2,6,1,202000044423B01,7,9,1
202000044429,2020-06-24,2020,juin,mercredi,16:55,71,71565,"46,6223390","4,0679120",1,1,6,1,7,3,2,2,1,2,, -1,1,0,1,4,1,14,5,1,2,14,0,1,1,202000044429A01,,,
202000044431,2020-06-02,2020,juin,mardi,21:20,49,49214,"47,5512140"," -0,6041880",1,1,3,2,1,3,2,2,1,1,,7,1,0,1,3,1,12,5,2,,0,2,1,1,202000044431B01,7,21,1
202000044461,2020-06-24,2020,juin,mercredi,13:10,24,24054,"44,7562950","0,5363670",1,1,7,1,1,4,2,2,2,1,, -1,1,0,1,2,1,74,5,1,2,0,0,0,1,202000044461A01,,,
202000044466,2020-08-17,2020,août,lundi,18:30,50,50615,"49,5015820"," -1,4519870",2,3,3,1,1,4,2,2,2,1,, -1,1,0,1,4,1,12,5,2,,0,2,0,1,202000044466B01,7,1,1
202000044469,2020-06-25,2020,juin,jeudi,17:19,974,97420," -20,9271450","55,6318180",2,6,3,1,1,2,2,2,1,1,, -1,1,0,1,4,1,49,1,1,2,0,2,1,1,202000044469A01,7,9,1
202000044475,2020-06-24,2020,juin,mercredi,11:45,67,67210,"48,4037580","7,3280150",2,1,7,1,1,3,2,2,2,1,, -1,1,0,1,3,1,60,0,2,,0,0,0,1,202000044475A01,,,
202000044480,2020-08-05,2020,août,mercredi,12:30,43,43011,"45,1229520","3,4484520",1,1,1,1,7,3,2,2,1,1,, -1,1,0,1,2,1,61,5,1,2,0,2,1,0,202000044480B01,7,13,1
202000044488,2020-08-27,2020,août,jeudi,18:00,08,08363,"49,9400400","4,6367910",2,1,2,1,1,3,2,2,2,1,, -1,1,0,1,4,2,64,5,2,,0,2,4,2,202000044488B01,10,2,1
202000044490,2020-08-22,2020,août,samedi,15:00,78,78356,"48,7475870","2,0254760",1,6,2,1,1,3, -1,1,1,1,, -1,1,0,8,3,1,56,5,1,2,0,2,5,1,202000044490B01,7,9,1
202000044495,2020-07-28,2020,juillet,mardi,10:55,74,74010,"45,8768220","6,0895910",2,2,3,1,1,4,2,2,4,2,, -1,1,0,1,3,1,32,9,2,,0,0,8,1,202000044495B01,7,15,1
202000044519,2020-08-28,2020,août,vendredi,06:15,83,83029,"43,6064680","6,7506800",1,1,3,3,1,3,2,2,1,1,, -1,1,0,1,3,1,36,1,2,,0,2,8,1,202000044519B01,7,19,1
202000044533,2020-08-26,2020,août,mercredi,14:30,21,21714,"47,1530150","4,9641360",1,1,1,1,1,3,2,2,1,3,, -1,1,0,1,4,1,66,5,1,2,0,2,3,1,202000044533B01,7,13,1
202000044538,2020-08-24,2020,août,lundi,15:00,08,08081,"49,8612020","4,7611620",2,1,3,1,1,4,2,2,2,1,, -1,1,0,1,3,2,9,5,2,,0,2,1,13,202000044538B01,7,1,1
202000044550,2020-08-25,2020,août,mardi,13:08,67,67046,"48,7674508","7,8600098",2,3,1,1,1,3,4,1,1,4,, -1,1,0,5,4,2,70,3,2,,0,2,1,1,202000044550B01,7,15,1
202000044618,2020-02-04,2020,février,mardi,13:40,85,85194,"46,5051400"," -1,7898500",2,6,3,1,1,4,1,2,1,2,, -1,1,0,1,4,2,61,5,1,2,0,2,7,1,202000044618B01,7,9,1
202000044652,2020-05-24,2020,mai,dimanche,13:00,75,75116,"48,8498260","2,2683550",2,1,2,1,7,4,1,1,1,1,, -1,1,0,1,1,1,16,2,1,2,0,2,4,15,202000044652B01,30,17,1
202000044658,2020-05-24,2020,mai,dimanche,09:55,75,75112,"48,8468960","2,4128560",2,1,3,1,1,4, -1,0,1,1,, -1,1, -1,5,4,1,39,5,2,,0,2,7,1,202000044658A01,7,4,1
202000044661,2020-05-23,2020,mai,samedi,20:30,75,75104,"48,8482710","2,3648790",2,4,3,2,1,4,1,2,1,1,, -1,2, -1,5,1,1,37,9,2,,0,2,2,1,202000044661B01,30,14,1
202000044692,2020-05-23,2020,mai,samedi,13:15,38,38035,"45,5268800","5,0620400",1,1,7,1,3,4, -1,1,2,2,, -1,6,0,1,2,1,55,5,2,,0,0,0,1,202000044692A01,,,
202000044775,2020-05-21,2020,mai,jeudi,10:50,29,29212,"48,3735420"," -4,5948920",1,1,3,1,1,4,3,2,1,3,, -1,1,0,1,3,1,43,5,1,2,0,2,3,2,202000044775C01,7,17,1
202000044777,2020-01-04,2020,janvier,samedi,18:12,54,54395,"48,6927000","6,1959200",2,6,3,5,1,4,2,2,1,1,, -1,1,0,1,4,2,20,0,2,,0,2,1,1,202000044777B01,7,1,1
202000044791,2020-01-04,2020,janvier,samedi,09:10,45,45274,"47,8807000","1,9568000",2,6,1,2,1,4, -1,4,1,1,, -1,1,0,1,4,2,30,0,2,,0,2,1,5,202000044791B01,7,9,1
202000044796,2020-05-23,2020,mai,samedi,18:45,18,18057,"46,5608630","2,1854160",2,1,7,1,1,3,2,2,2,1,, -1,1,0,1,3,1,15,5,2,,0,0,0,0,202000044796A01,,,
202000044800,2020-02-05,2020,février,mercredi,15:40,75,75101,"48,8570310","2,3469180",2,1,3,1,1,4,3,5,1,1,,15,1, -1,6,4,1,49,5,2,,0,2,8,7,202000044800B01,37,17,1
202000044857,2020-05-17,2020,mai,dimanche,11:30,91,91041,"48,5731150","2,2472190",1,1,3,1,1,9,2,2,2,1,, -1,1,9,5,3,1,59,5,2,,0,0,1,26,202000044857B01,1,26,1
202000044857,2020-05-17,2020,mai,dimanche,11:30,91,91041,"48,5731150","2,2472190",1,1,3,1,1,9,2,2,2,1,, -1,1,9,5,1,1,54,5,2,,0,0,4,26,202000044857A01,1,26,1
202000044871,2020-01-04,2020,janvier,samedi,19:50,75,75111,"48,8549040","2,3861660",2,3,3,3,1,4,2,2,2,1,,4,1,0,1,4,1,21,4,1,2,0,2,1,1,202000044871B01,2,9,1
202000044875,2020-05-18,2020,mai,lundi,16:30,83,83071,"43,1374140","6,2696740",1,1,2,1,1,4,2,2,1,1,, -1,1,0,1,3,1,70,5,1,2,0,2,4,1,202000044875B01,7,1,1
202000044878,2020-02-04,2020,février,mardi,19:00,74,74010,"45,9210650","6,1452200",2,4,3,5,2,4,2,2,2,2,, -1,2,0,1,4,1,28,1,1,2,0,2,1,1,202000044878B01,7,15,1
202000044886,2020-01-04,2020,janvier,samedi,00:20,75,75104,"48,8571252","2,3616649",2,1,6,5,1,4,2,2,1,1,, -1,1,0,1,4,2,22,5,1,2,8,0,2,14,202000044886A01,,,
202000044889,2020-08-26,2020,août,mercredi,19:37,75,75119,"48,8746800","2,3811340",2,4,6,1,1,4,2,2,4,1,, -1,1, -1,5,1,1,28,9,1,2,0,1,1,1,202000044889A01,,,
202000044896,2020-05-24,2020,mai,dimanche,10:15,13,13086,"43,3519770","5,6050780",2,1,1,1,1,3,2,2,1,3,, -1,1,0,1,3,1,74,5,1,2,0,2,1,5,202000044896A01,7,1,1
202000044898,2020-08-26,2020,août,mercredi,12:45,75,75115,"48,8387050","2,2821180",2,2,2,1,1,4,2,4,1,1,, -1,1,0,1,4,2,37,9,1,2,0,2,1,2,202000044898A01,7,23,1
202000044905,2020-08-26,2020,août,mercredi,17:20,75,75114,"48,8271190","2,3372290",2,1,4,1,1,4,2,3,2,1,, -1,1, -1,5,4,2,25,9,1,2,0,2,1,1,202000044905C01,10,22,1
202000044905,2020-08-26,2020,août,mercredi,17:20,75,75114,"48,8271190","2,3372290",2,1,4,1,1,4,2,3,2,1,, -1,1, -1,5,4,2,25,9,1,2,0,2,1,1,202000044905B01,10,22,1
202000044908,2020-08-26,2020,août,mercredi,09:25,75,75113,"48,8419180","2,3678720",2,2,1,1,1,4,2,5,1,1,, -1,1,2,1,1,1,25,1,1,2,0,2,0,5,202000044908A01,31,1,1
202000044910,2020-05-21,2020,mai,jeudi,13:05,74,74224,"46,0695690","6,3026870",2,1,7,1,1,4,2,2,2,1,, -1,1,0,1,3,1,48,5,1,2,0,0,7,0,202000044910A01,,,
202000044918,2020-08-26,2020,août,mercredi,00:30,75,75108,"48,8710880","2,3034860",2,3,3,5,1,4,2,6,1,1,, -1,1, -1,5,4,1,26,9,1,2,0,2,8,1,202000044918B01,7,16,1
202000044920,2020-02-05,2020,février,mercredi,08:07,06,06105,"43,6650160","7,0526490",2,6,3,1,1,3,1,2,1,2,, -1,1,5,1,3,1,50,5,1,2,0,2,7,12,202000044920B01,7,9,1
202000044927,2020-02-05,2020,février,mercredi,15:40,90,90052,"47,7415450","6,8265270",2,1,2,1,1,3,2,2,2,1,, -1,1,0,1,3,1,19,5,2,,0,2,1,1,202000044927A01,7,23,1
202000044953,2020-07-27,2020,juillet,lundi,18:40,05,05110,"44,8233420","6,5101880",1,1,1,1,1,3,2,2,2,4,, -1,1,0,1,3,1,28,5,1,2,0,2,1,13,202000044953B01,7,1,1
202000044978,2020-01-04,2020,janvier,samedi,07:55,86,86082,"46,3616650","0,1997450",2,6, -1,2,2,3,2,2,2,3,,5,2,2,1,3,1,42,0,2,,0,2,1,16,202000044978B01,15,16,1
202000044980,2020-07-27,2020,juillet,lundi,09:30,33,33227,"44,5496800"," -0,2521500",2,3,1,1,7,3,2,2,1,1,, -1,1,0,1,3,1,68,5,1,2,0,2,8,1,202000044980A01,7,15,1
202000044995,2020-02-05,2020,février,mercredi,15:50,11,11076,"43,3012119","1,9559044",2,6,1,1,1,3,1,1,1,2,,3,1,0,1,3,1,61,5,2,,0,2,7,2,202000044995B01,7,9,1
202000045001,2020-10-22,2020,octobre,jeudi,16:40,29,29076,"48,4664500"," -4,5667659",2,3,3,1,1,3,2,2,1,1,, -1,1,0,1,4,2,59,5,1,2,0,2,1,1,202000045001A01,10,1,1
202000045061,2020-01-05,2020,janvier,dimanche,11:25,60,60131,"49,6542225","2,1176535",2,3,7,1,1,4,2,2,2,2,, -1,2,0,1,3,1,68,5,1,2,0,0,0,1,202000045061A01,,,
202000045068,2020-05-23,2020,mai,samedi,22:10,45,45147,"47,9367857","1,8943611",2,1, -1,5,1,4,2,2,1,1,,4,1,0,1,4,2,54,5,2,,1,0,1,1,202000045068B01,7,22,1
202000045073,2020-10-23,2020,octobre,vendredi,07:00,08,08457,"49,7941730","4,6328020",1,1,2,2,2,2,1,4,1,1,, -1,2,0,1,4,1,59,1,1,2,0,0,4,2,202000045073B01,7,2,1
202000045083,2020-01-05,2020,janvier,dimanche,11:00,85,85280,"46,8737400"," -1,9138800",1,3,3,1,1,4,2,2,1,3,, -1,1,0,1,3,1,72,5,1,2,0,2,2,15,202000045083A01,7,1,1
202000045152,2020-07-25,2020,juillet,samedi,18:20,54,54395,"48,6884600","6,1842100",2,2,3,1,1,4,1,1,1,1,, -1,1,0,1,4,1,18,0,2,,0,2,7,1,202000045152Y01,7,1,1
202000045261,2020-07-23,2020,juillet,jeudi,14:15,75,75112,"48,8464450","2,3789540",2,2,3,1,1,4,2,2,1,1,, -1,1, -1,5,4,2,37,9,1,2,0,2,7,1,202000045261A01,7,15,1
202000045275,2020-07-25,2020,juillet,samedi,16:35,75,75104,"48,8550650","2,3616820",2,3,6,1,1,4,2,4,1,1,, -1,1, -1,5,4,2,30,5,1,2,14,0,7,14,202000045275A01,,,
202000045306,2020-05-24,2020,mai,dimanche,17:45,42,42153,"45,9518694","4,1856452",1,1,7,1,1,4,2,1,2,1,,4,1,0,1,3,2,67,5,2,,0,0,0,1,202000045306A01,,,
202000045313,2020-05-24,2020,mai,dimanche,16:30,02,02619,"49,5300831","3,4103107",1,9,3,1,1,3,2,2,1,1,,5,1,0,1,4,1,16,5,2,,0,2,1,9,202000045313A01,7,1,1
202000045349,2020-01-02,2020,janvier,jeudi,13:20,75,75106,"48,8416210","2,3325820",2,3,3,1,1,4,2,2,1,1,,5,1,0,1,4,2,31,1,1,2,0,2,1,1,202000045349B01,10,22,1
202000045370,2020-07-25,2020,juillet,samedi,08:20,83,83036,"43,1804510","6,5367040",2,9,3,1,1,3,2,2,1,1,, -1,1,9,5,1,2,22,5,2,,0,2,1,9,202000045370B01,1,1,1
202000045370,2020-07-25,2020,juillet,samedi,08:20,83,83036,"43,1804510","6,5367040",2,9,3,1,1,3,2,2,1,1,, -1,1,9,5,4,1,73,5,1,2,0,2,7,1,202000045370A01,1,9,1
202000045374,2020-01-02,2020,janvier,jeudi,15:35,75,75116,"48,8737392","2,2940947",2,7,3,1,2,4,2,5,1,1,,15,2,0,1,4,1,30,1,1,2,0,2,8,16,202000045374B01,10,16,1
202000045408,2020-07-25,2020,juillet,samedi,11:40,17,17391,"46,1505179"," -1,0564739",1,1,3,1,1,3,2,2,1,1,, -1,1,0,1,4,2,33,5,2,,0,2,8,15,202000045408B01,7,17,1
202000045477,2020-07-25,2020,juillet,samedi,16:25,22,22207,"48,6185130"," -3,4623780",2,2,3,1,1,4,2,2,1,1,, -1,2,0,1,4,1,14,5,1,2,0,2,1,1,202000045477B01,7,1,1
202000045478,2020-10-21,2020,octobre,mercredi,11:20,75,75117,"48,8752740","2,2954430",2,1,1,1,1,4,2,2,1,1,, -1,1, -1,5,1,1,29,1,1,2,12,2,1,13,202000045478A01,1,1,1
202000045478,2020-10-21,2020,octobre,mercredi,11:20,75,75117,"48,8752740","2,2954430",2,1,1,1,1,4,2,2,1,1,, -1,1, -1,5,4,2,19,1,1,2,0,2,1,1,202000045478B01,1,13,1
202000045492,2020-07-26,2020,juillet,dimanche,10:45,44,44015,"47,4621900"," -1,8795420",1,5,3,1,1,3,2,2,4,1,, -1,1,5,1,3,1,51,5,1,2,0,2,2,1,202000045492B01,7,17,1
202000045504,2020-10-19,2020,octobre,lundi,20:30,75,75112,"48,8473470","2,3867860",2,2,3,5,1,4,2,2,1,1,, -1,1,0,1,4,1,49,9,2,,0,2,1,1,202000045504A01,7,15,1
202000045531,2020-07-23,2020,juillet,jeudi,09:40,83,83007,"43,6175340","6,2203970",2,6,3,1,1,3,1,1,1,2,, -1,1,0,1,3,1,68,5,1,2,0,2,4,1,202000045531B01,15,1,1