Num_Acc,date,an,mois,jour,hrmn,dep,com,lat,long,agg,int,col,lum,atm,catr,circ,nbv,prof,plan,lartpc,larrout,surf,infra,situ,grav,sexe,age,trajet,secuexist,equipement,obs,obsm,choc,manv,vehiculeid,typevehicules,manoeuvehicules,numVehicules
202000045545,2020-07-23,2020,juillet,jeudi,11:45,36,36055,"46,9296674","1,2154053",1,1,3,1,7,3,2,2,1,1,, -1,1,0,1,3,1,61,5,1,2,0,2,8,2,202000045545B01,7,14,1
202000045582,2020-10-21,2020,octobre,mercredi,14:35,81,81113,"43,8558680","2,1943470",1,1,7,1,1,3, -1,2,1,2,, -1,1,0,1,3,1,18,5,1,2,13,0,1,13,202000045582A01,,,
202000045584,2020-10-22,2020,octobre,jeudi,16:00,974,97412," -21,3624620","55,6063190",1,1,3,1,1,3,2,2,2,3,, -1,1,0,1,3,1,14,5,1,2,0,2,8,2,202000045584A01,7,2,1
202000045592,2020-12-03,2020,décembre,jeudi,07:48,04,04112,"43,8332670","5,7690100",1,6,3,1,1,3,2,2,1,1,, -1,1,5,1,3,2,12,2,1,2/4,0,2,6,9,202000045592C01,10,1,1
202000045604,2020-07-26,2020,juillet,dimanche,14:50,05,05063,"45,0424270","6,2714680",1,1,3,1,1,3,2,2,1,3,, -1,1,0,1,4,1,53,5,1,2,0,2,8,2,202000045604B01,7,17,1
202000045614,2020-07-25,2020,juillet,samedi,07:40,67,67351,"48,9515000","7,9981110",2,1, -1,1,7,3,2,2,1,1,, -1,1,0,1,3,1,49,5,2,,0,2,3,1,202000045614B01,7,15,1
202000045627,2020-07-25,2020,juillet,samedi,10:45,33,33297,"45,0463440"," -0,7734280",2,1,3,1,1,3,2,2,1,1,, -1,1,0,1,3,1,83,5,1,2,0,2,3,13,202000045627B01,10,17,1
202000045647,2020-10-21,2020,octobre,mercredi,17:15,70,70311,"47,8122540","6,3642950",2,1,3,1,1,4,2,2,1,1,, -1,1,0,1,3,1,12,5,2,,0,2,8,19,202000045647A01,7,1,1
202000045650,2020-12-02,2020,décembre,mercredi,20:45,75,75112,"48,8521810","2,3727010",2,1,6,4,1,4,2,2,1,1,, -1,1, -1,5,4,2,31,1,1,2,0,9,1,1,202000045650A01,,,
202000045711,2020-12-02,2020,décembre,mercredi,15:10,22,22312,"48,3261900"," -2,0673660",1,1,6,1,1,3,2,2,1,1,, -1,1,2,1,4,1,54,5,1,2,0,5,1,1,202000045711A01,,,
202000045713,2020-12-04,2020,décembre,vendredi,11:00,56,56036,"47,7937200"," -3,3102000",1,1,3,1,1,2,1,1,2,1,, -1,1,3,1,2,1,70,5,2,,0,2,4,19,202000045713B01,7,1,1
202000045751,2020-11-28,2020,novembre,samedi,12:00,29,29066,"48,0432452"," -4,1880534",1,1,2,1,1,9,2,1,1,1,, -1,1,9,6,1,2,68,5,1,2/4,0,0,4,2,202000045751B01,1,2,1
202000045751,2020-11-28,2020,novembre,samedi,12:00,29,29066,"48,0432452"," -4,1880534",1,1,2,1,1,9,2,1,1,1,, -1,1,9,6,3,2,77,5,1,2,0,2,1,2,202000045751A01,1,2,1
202000045807,2020-11-13,2020,novembre,vendredi,16:18,54,54174,"48,6798800","5,8716700",2,3, -1,1,1,3,2,3,1,1,, -1,1,0,1,4,2,68,3,2,,0,2,1,15,202000045807C01,7,15,1
202000045863,2020-09-19,2020,septembre,samedi,11:47,90,90010,"47,6472980","6,8509130",2,1,1,1,1,4,2,2,1,1,, -1,1,0,1,4,1,20,0,2,,0,2,1,25,202000045863A01,7,1,1
202000045869,2020-09-19,2020,septembre,samedi,18:20,80,80021,"49,8883500","2,2895600",2,1,2,1,1,4,2,2,1,1,, -1,1,0,1,3,1,23,5,2,,0,2,1,1,202000045869A01,7,1,1
202000045876,2020-09-14,2020,septembre,lundi,21:30,73,73008,"45,6899756","5,9190551",2,6,6,5,1,3,2,2,2,2,, -1,1,0,1,3,1,32,5,2,,12,0,1,14,202000045876A01,,,
202000045883,2020-08-06,2020,août,jeudi,13:50,64,64483,"43,3825600"," -1,6579400",2,9,6,1,1,9,2,2,1,1,, -1,1,9,5,4,2,21,0,2,,0,1,1,13,202000045883B01,,,
202000045918,2020-09-20,2020,septembre,dimanche,10:40,14,14437,"49,1728000"," -0,3215000",2,3,1,1,1,3, -1,3,1,1,, -1,1,0,1,4,1,37,5,2,,0,2,1,1,202000045918B01,7,15,1
202000045939,2020-09-21,2020,septembre,lundi,16:10,75,75117,"48,8861130","2,2948140",2,3,3,1,1,4,2,2,1,1,, -1,1,0,1,4,1,30,5,1,2,0,2,1,17,202000045939B01,7,15,1
202000045942,2020-09-21,2020,septembre,lundi,13:00,75,75116,"48,8448460","2,2722040",2,1,2,1,1,4,1,1,1,1,, -1,1,0,1,4,1,52,9,1,2,0,2,1,1,202000045942B01,7,22,1
202000045943,2020-09-21,2020,septembre,lundi,19:20,75,75112,"48,8386620","2,3757410",2,2,7,1,1,4,2,2,2,1,, -1,1,0,1,4,2,60,1,1,2,0,0,1,1,202000045943A01,,,
202000045944,2020-09-21,2020,septembre,lundi,17:10,75,75110,"48,8802370","2,3622310",2,4,3,1,1,4,2,2,2,3,, -1,1, -1,5,4,1,20,1,2,,0,2,2,16,202000045944A01,1,1,1
202000045944,2020-09-21,2020,septembre,lundi,17:10,75,75110,"48,8802370","2,3622310",2,4,3,1,1,4,2,2,2,3,, -1,1, -1,5,4,1,36,1,1,2,0,2,1,1,202000045944B01,1,16,1
202000045946,2020-09-20,2020,septembre,dimanche,18:55,75,75107,"48,8628440","2,3134400",2,2,2,1,1,4,2,4,1,1,, -1,1, -1,5,1,1,45,5,2,,0,2,4,1,202000045946B01,1,2,1
202000045946,2020-09-20,2020,septembre,dimanche,18:55,75,75107,"48,8628440","2,3134400",2,2,2,1,1,4,2,4,1,1,, -1,1, -1,5,4,2,25,5,2,,0,2,3,2,202000045946A01,1,1,1
202000045947,2020-09-21,2020,septembre,lundi,08:10,75,75104,"48,8535050","2,3665300",2,3,7,1,1,4,2,3,1,1,, -1,1, -1,5,4,2,38,9,1,2,0,0,2,21,202000045947A01,,,
202000045979,2020-09-22,2020,septembre,mardi,07:30,49,49167,"47,3935410"," -0,4506220",1,3,3,1,8,3,3,2,1,3,, -1,1,0,1,2,1,63,1,2,,0,0,8,19,202000045979A01,7,1,1
202000045981,2020-08-06,2020,août,jeudi,11:00,44,44036,"47,7186380"," -1,3739390",2,9,3,1,1,4,3,2,2,1,, -1,1,0,1,3,1,74,5,2,,0,2,8,1,202000045981B01,7,16,1
202000045982,2020-09-21,2020,septembre,lundi,13:10,38,38334,"45,1824270","5,8802390",1,1,7,1,1,3,2,2,2,1,, -1,1,3,1,3,2,50,5,2,,0,0,1,1,202000045982A01,,,
202000045983,2020-09-22,2020,septembre,mardi,13:40,38,38269,"44,9009900","5,7891400",2,2,3,1,8,4,2,2,2,1,, -1,2,0,1,3,1,13,2,2,,0,2,1,1,202000045983B01,7,1,1
202000045989,2020-09-22,2020,septembre,mardi,09:45,60,60044,"49,2923860","2,3391370",2,1,3,1,1,3,2,2,1,3,, -1,1,0,1,4,1,79,5,2,,0,0,3,1,202000045989A01,7,17,1
202000045999,2020-09-20,2020,septembre,dimanche,17:15,987,98745," -16,6308330"," -151,5040280",1,1,5,5,1,4,2,2,2,2,, -1,1,0,8,3,1,22,5,2,,0,2,2,26,202000045999A01,7/ 2,1,2
202000046053,2020-03-09,2020,mars,lundi,11:15,68,68104,"47,9927650","7,6053180",1,1,3,1,1,3,2,2,1,1,, -1,1,0,3,3,1,85,5,2,,0,0,6,1,202000046053A01,7,17,1
202000046103,2020-03-08,2020,mars,dimanche,14:30,75,75111,"48,8557060","2,3787170",2,2, -1,1,1,4,2,2,1,1,, -1,2,0,1,4,2,48,9,2,,0,2,7,1,202000046103B01,7,22,1
202000046105,2020-03-07,2020,mars,samedi,13:45,75,75107,"48,8561270","2,3067390",2,3,6,1,1,4,2,3,1,1,, -1,1,0,1,1,1,37,5,2,,0,1,1,1,202000046105A01,,,
202000046106,2020-03-08,2020,mars,dimanche,13:55,75,75103,"48,8653450","2,3566330",2,3,3,1,2,4,1,2,1,1,, -1,2,0,1,4,2,53,5,1,2,0,2,8,13,202000046106A01,31,1,1
202000046158,2020-03-06,2020,mars,vendredi,08:30,67,67067,"48,7317063","7,7055344",2,1, -1,1,1,3,2,2,1,1,, -1,1,0,1,3,1,84,3,1,2,1,0,2,1,202000046158A01,7,22,1
202000046202,2020-06-24,2020,juin,mercredi,20:10,54,54482,"48,7025670","6,1965043",2,1, -1,1,1,4,2,1,1,2,, -1,1,0,1,4,1,4,5,2,,0,2,1,19,202000046202B01,7,1,1
202000046242,2020-06-22,2020,juin,lundi,01:34,75,75106,"48,8573260","2,3383290",2,1,1,5,1,4,1,2,1,2,, -1,1, -1,5,4,1,21,9,2,,0,2,1,1,202000046242B01,30,13,1
202000046243,2020-06-25,2020,juin,jeudi,18:36,75,75120,"48,8521340","2,4157000",2,1,3,1,1,4,2,2,1,1,, -1,1,0,1,3,2,25,9,2,,0,2,8,19,202000046243B01,33,1,1
202000046247,2020-06-25,2020,juin,jeudi,02:25,75,75111,"48,8598310","2,3887610",2,3,3,5,1,4,2,2,1,1,, -1,1, -1,5,4,1,33,9,2,,0,2,7,1,202000046247B01,10,1,1
202000046248,2020-06-25,2020,juin,jeudi,18:40,75,75110,"48,8807990","2,3512030",2,2,3,1,1,4,1,2,1,1,, -1,1,0,1,4,2,56,1,2,,0,2,1,5,202000046248A01,7,1,1
202000046250,2020-06-23,2020,juin,mardi,12:05,75,75108,"48,8677820","2,3099920",2,1,3,1,1,4,2,4,1,1,, -1,1, -1,6,4,2,40,5,1,2,0,2,2,7,202000046250A01,43,9,1
202000046252,2020-06-25,2020,juin,jeudi,17:00,75,75107,"48,8526720","2,3030800",2,7,3,1,1,4,2,2,1,1,, -1,1,0,1,4,2,17,5,2,,0,2,8,9,202000046252B01,7,1,1
202000046254,2020-06-24,2020,juin,mercredi,19:30,75,75104,"48,8558570","2,3584120",2,1,1,1,1,4,2,4,1,1,, -1,1, -1,5,1,1,42,9,1,2,0,2,3,17,202000046254B01,1,1,1
202000046254,2020-06-24,2020,juin,mercredi,19:30,75,75104,"48,8558570","2,3584120",2,1,1,1,1,4,2,4,1,1,, -1,1, -1,5,4,2,27,9,2,,0,2,3,1,202000046254A01,1,17,1
202000046255,2020-06-24,2020,juin,mercredi,20:00,75,75102,"48,8662510","2,3524920",2,2,6,1,1,4,2,3,1,1,, -1,1, -1,5,1,1,27,1,2,,0,1,1,1,202000046255A01,,,
202000046287,2020-06-26,2020,juin,vendredi,04:45,74,74309,"46,1135570","6,0082660",1,1, -1,2,1,3,2,2,1,1,, -1,1,0,1,3,1,50,1,1,2/4,0,0,0,2,202000046287A01,7,0,1
202000046295,2020-06-24,2020,juin,mercredi,11:25,44,44125,"47,3676190"," -2,5377850",1,4,3,1,1,3,2,2,1,3,, -1,1,0,1,4,1,71,5,1,2,0,2,8,1,202000046295B01,10,9,1
202000046296,2020-06-25,2020,juin,jeudi,15:45,44,44117,"47,1379940"," -1,3416520",2,3,3,5,1,4,2,2,2,1,, -1,1,5,1,4,1,17,5,1,2/6,0,2,1,1,202000046296A01,7,15,1
202000046299,2020-06-25,2020,juin,jeudi,17:10,35,35133,"48,1024160"," -2,0397660",1,3,3,1,1,3,2,2,1,1,, -1,1,0,1,3,1,16,5,2,,0,0,3,15,202000046299A01,10,17,1
202000046302,2020-06-26,2020,juin,vendredi,08:05,26,26086,"44,6938570","5,4830470",2,1,2,1,1,3,2,2,1,1,, -1,1,0,1,4,1,21,1,2,,0,2,1,2,202000046302A01,10,2,1
202000046313,2020-06-25,2020,juin,jeudi,08:50,85,85128,"46,4511420"," -1,1598840",2,2,3,1,1,3,2,2,1,1,, -1,1,0,1,3,1,73,5,1,2,0,2,1,1,202000046313A01,10,15,1
202000046322,2020-06-24,2020,juin,mercredi,07:05,971,97112,"15,8702150"," -61,2813740",2,2,1,1,7,3,2,2,1,1,, -1,1,0,1,3,1,62,5,1,2,0,2,1,1,202000046322B01,7,15,1
202000046391,2020-01-04,2020,janvier,samedi,11:50,06,06074,"43,9587100","7,3007000",1,1,7,1,1,7,2,2,2,1,, -1,1,0,1,4,1,76,5,1,2/6,13,0,0,0,202000046391A01,,,
202000046392,2020-01-03,2020,janvier,vendredi,13:27,06,06059,"43,7224740","7,3340900",1,1,6,1,1,7,2,2,2,2,, -1,1,0,3,3,1,35,5,1,2,13,0,1,15,202000046392A01,,,
202000046395,2020-01-04,2020,janvier,samedi,10:20,28,28378,"48,2822750","0,8730290",1,1,3,1,1,3,2,2,2,1,, -1,1,0,1,3,1,58,5,1,2,0,2,8,2,202000046395B01,7,2,1
202000046426,2020-01-09,2020,janvier,jeudi,19:25,63,63113,"45,7735405","3,0901385",2,2,3,5,1,4,1,4,1,1,, -1,1,5,1,4,1,25,9,1,2,0,2,3,2,202000046426B01,7,2,1
202000046501,2020-05-22,2020,mai,vendredi,11:00,63,63063,"45,8289515","3,1144950",1,6,3,1,1,7,1,0,1,1,,0,1,3,1,3,1,61,3,2,,0,2,8,9,202000046501B01,7,9,1
202000046528,2020-08-27,2020,août,jeudi,10:57,22,22200,"48,4861210"," -2,3336510",1,1,3,1,1,3,2,2,2,3,, -1,1,0,1,2,1,73,5,1,2,0,2,1,13,202000046528A01,14,1,1
202000046535,2020-01-02,2020,janvier,jeudi,06:45,44,44162,"47,2561700"," -1,6364500",2,1,6,2,1,7,1,0,1,1,, -1,1,0,1,4,1,60,0,2,,0,5,7,1,202000046535A01,,,
202000046582,2020-02-04,2020,février,mardi,17:50,75,75118,"48,8982940","2,3704920",2,1,3,5,8,4,3,4,1,1,, -1,2, -1,5,4,1,33,1,1,6,0,2,1,1,202000046582B01,7,16,1
202000046603,2020-08-27,2020,août,jeudi,20:12,14,14286,"49,3554700","0,2329940",1,3,3,1,2,3,2,2,2,1,, -1,2,0,1,3,1,18,1,2,,0,2,8,19,202000046603A01,7,1,1
202000046612,2020-05-22,2020,mai,vendredi,08:33,05,05061,"44,5574700","6,0815500",2,9,3,1,1,4, -1,3,1,1,, -1,1,0,4,4,1,14,9,2,,0,2,8,0,202000046612B01,7,9,1
202000046613,2020-08-26,2020,août,mercredi,11:38,04,04176,"43,7551960","6,1405610",1,1,1,1,1,3,2,2,2,2,, -1,1,0,1,4,1,68,5,1,2,0,2,1,13,202000046613A01,7,1,1
202000046623,2020-05-20,2020,mai,mercredi,11:30,05,05061,"44,5653353","6,0927502",1,9,3,1,1,2,2,2,1,1,, -1,1,0,1,4,2,16,9,1,2,0,2,8,1,202000046623B01,10,16,1
202000046631,2020-01-01,2020,janvier,mercredi,03:15,75,75120,"48,8691163","2,3914520",2,3,3,5,1,4,2,2,2,1,,5,1,0,1,4,2,27,5,1,2,0,2,3,1,202000046631B01,7,17,1
202000046633,2020-02-04,2020,février,mardi,18:20,75,75102,"48,8710840","2,3348190",2,2,3,5,1,4,2,5,2,1,,15,1,0,1,4,1,47,1,2,,0,2,7,12,202000046633B01,33,1,1
202000046637,2020-08-27,2020,août,jeudi,02:50,68,68154,"47,7796760","7,3475690",2,1,6,5,1,3,2,2,1,1,, -1,1,0,1,3,1,53,1,1,4,12,0,1,12,202000046637A01,,,
202000046655,2020-01-02,2020,janvier,jeudi,16:00,75,75107,"48,8535870","2,3263320",2,1,7,1,1,4,3,2,1,1,, -1,1, -1,6,4,1,42,9,1,2,0,0,0,21,202000046655A01,,,
202000046658,2020-01-02,2020,janvier,jeudi,12:15,75,75103,"48,8662960","2,3597890",2,4, -1,1,2,4,1,2,1,1,,4,2, -1,5,4,2,5,9,1,2,0,2,2,1,202000046658A01,7,13,1
202000046658,2020-01-02,2020,janvier,jeudi,12:15,75,75103,"48,8662960","2,3597890",2,4, -1,1,2,4,1,2,1,1,,4,2, -1,5,4,2,40,5,1,2,0,2,2,1,202000046658A01,7,13,1
202000046687,2020-10-22,2020,octobre,jeudi,19:30,60,60116,"49,3131630","2,3353240",1,6,2,3,1,3,2,2,1,1,, -1,1,5,1,4,1,23,5,2,,0,2,4,1,202000046687B01,7,1,1
202000046690,2020-10-22,2020,octobre,jeudi,16:00,02,02163,"48,9740900","3,2822570",2,3,3,1,8,4,2,2,1,1,, -1,1,0,1,3,1,12,5,2,,0,2,3,19,202000046690A01,7,1,1
202000046694,2020-05-22,2020,mai,vendredi,15:35,75,75113,"48,8321640","2,3677300",2,2,3,1,1,4,1,2,1,1,, -1,1,0,1,4,2,37,9,1,2,0,2,1,1,202000046694A01,10,1,1
202000046698,2020-01-24,2020,janvier,vendredi,13:25,61,61168,"48,6003220"," -0,3586590",2,1,7,1,1,3,2,2,1,1,,"5,5",1,0,1,2,2,66,5,2,,0,0,0,1,202000046698A01,,,
202000046705,2020-05-22,2020,mai,vendredi,18:45,75,75108,"48,8683770","2,3232670",2,2,7,1,2,4,2,6,1,1,, -1,2,0,1,4,1,32,5,1,2,0,0,0,1,202000046705A01,,,
202000046784,2020-01-02,2020,janvier,jeudi,11:15,56,56078,"47,7768480"," -3,4680190",1,1,7,1,1,4,2,2,2,1,, -1,1,0,1,2,1,64,5,2,,0,0,0,1,202000046784A01,,,
202000046824,2020-01-03,2020,janvier,vendredi,11:35,42,42222,"45,6100280","4,3069900",2,2,1,1,8,4,2,1,1,1,,3,1,0,1,3,1,63,5,2,,0,2,8,1,202000046824B01,7,13,1
202000046836,2020-02-05,2020,février,mercredi,10:55,49,49331,"47,6932650"," -0,8759850",2,6,1,1,1,4, -1,1,2,1,, -1,1,5,1,3,1,74,3,2,,0,2,2,6,202000046836A01,7,15,1
202000046881,2020-08-23,2020,août,dimanche,17:50,63,63113,"45,7650400","3,1230100",2,2,4,1,1,7,2,3,2,1,, -1,1,9,1,4,1,42,5,1,2/6,14,0,1,21,202000046881B01,7,1/23,2
202000046904,2020-01-02,2020,janvier,jeudi,07:45,67,67130,"48,4183030","7,6601400",2,3,1,2,8,4,2,2,1,1,,4,1,0,1,4,1,52,1,1,9,0,2,1,1,202000046904B01,7,16,1
202000046929,2020-05-21,2020,mai,jeudi,21:10,74,74215,"45,8411080","6,5833690",2,1,7,2,1,3,2,2,1,1,, -1,1,0,4,4,1,45,5,1,2,0,0,7,1,202000046929A01,,,
202000046945,2020-05-23,2020,mai,samedi,10:25,2B,2B207,"42,4603320","9,5012430",2,1,7,1,1,9,2,2,1,2,, -1,1,0,4,4,1,86,0,2,,12,0,0,14,202000046945A01,,,
202000046950,2020-10-19,2020,octobre,lundi,18:05,63,63113,"45,7894700","3,0958000",2,1,2,1,1,4, -1,2,1,1,, -1,1,0,1,4,1,58,1,1,2,0,0,0,26,202000046950A01,0,1,1
202000046953,2020-10-15,2020,octobre,jeudi,09:38,63,63113,"45,7736900","3,0829900",2,1, -1,1,1,4, -1,2,1,1,, -1,1,0,1,4,2,30,0,2,,1,2,2,21,202000046953B01,7,22,1
202000046963,2020-05-23,2020,mai,samedi,14:50,22,22248,"48,6227150"," -3,1171450",1,1,7,1,7,3,2,2,1,1,,4,1,0,1,4,1,83,5,1,2,0,9,0,1,202000046963A01,,,
202000046993,2020-05-23,2020,mai,samedi,14:45,14,14500,"49,2679014","0,2020267",1,1,2,1,1,3,2,2,1,2,,"5,5",1,0,1,3,1,64,5,1,2,0,0,4,1,202000046993B01,7,17,1
202000047028,2020-08-25,2020,août,mardi,17:23,25,25056,"47,2423690","6,0087280",2,6,5,1,1,3,1,2,1,2,, -1,1,5,5,4,1,43,0,2,,0,2,4,1,202000047028B01,7,0/9,2
202000047031,2020-12-01,2020,décembre,mardi,12:05,75,75108,"48,8771990","2,3230610",2,3,4,1,1,4,2,4,2,1,, -1,1, -1,6,3,2,16,9,1,2,0,2,9,13,202000047031B01,13/ 37,1/23,2
202000047031,2020-12-01,2020,décembre,mardi,12:05,75,75108,"48,8771990","2,3230610",2,3,4,1,1,4,2,4,2,1,, -1,1, -1,6,3,2,16,9,1,2,0,2,9,13,202000047031B01,13/ 37,1/23,2
202000047048,2020-12-02,2020,décembre,mercredi,13:30,75,75120,"48,8512810","2,4110190",2,3,3,1,1,4,3,2,2,1,, -1,1,0,1,4,1,22,9,1,2,0,2,8,1,202000047048A01,7,1,1
202000047057,2020-12-02,2020,décembre,mercredi,11:20,75,75118,"48,8841850","2,3541480",2,1,3,1,1,4,3,1,1,1,, -1,1, -1,5,4,1,31,9,1,2,0,2,0,1,202000047057A01,14,22,1
202000047101,2020-06-08,2020,juin,lundi,16:20,05,05061,"44,5539300","6,0733300",2,1,6,1,1,4,2,3,1,1,, -1,1,6,5,1,1,45,1,1,2,0,1,7,1,202000047101A01,,,
202000047115,2020-12-02,2020,décembre,mercredi,16:20,75,75113,"48,8257070","2,3869720",2,4,1,1,8,4,2,2,1,1,, -1,1, -1,5,4,1,59,9,1,2,0,2,1,13,202000047115A01,1,1,1
202000047115,2020-12-02,2020,décembre,mercredi,16:20,75,75113,"48,8257070","2,3869720",2,4,1,1,8,4,2,2,1,1,, -1,1, -1,5,1,1,26,9,1,2,0,2,1,1,202000047115B01,1,13,1
202000047124,2020-12-02,2020,décembre,mercredi,18:35,75,75107,"48,8599430","2,3217690",2,2,3,2,1,4,1,4,1,1,, -1,2, -1,6,4,1,71,1,1,2,0,2,3,13,202000047124A01,37,17,1
202000047128,2020-05-21,2020,mai,jeudi,10:30,29,29060,"47,9267130"," -4,0956100",2,1,3,1,1,4,2,2,1,1,,4,1,0,1,3,2,65,5,1,2,0,2,8,2,202000047128B01,7,2,1
202000047132,2020-08-25,2020,août,mardi,18:00,75,75107,"48,8584370","2,3125310",2,7,3,1,1,4, -1,3,1,1,, -1,1,0,1,4,2,30,9,1,2,0,0,4,1,202000047132B01,7,1,1
202000047159,2020-08-25,2020,août,mardi,14:35,75,75118,"48,8979140","2,3389860",2,1, -1,1,1,4,1,4,1,1,, -1,1, -1,5,4,1,31,1,2,,0,2,0,17,202000047159B01,7,22,1
202000047179,2020-07-21,2020,juillet,mardi,08:30,27,27229,"49,0227000","1,1407000",2,3,3,1,1,3,2,2,1,1,, -1,1,0,1,4,1,64,0,1,2/4,0,2,3,1,202000047179B01,7,9,1
202000047184,2020-07-24,2020,juillet,vendredi,07:40,17,17300,"46,1651880"," -1,1927400",2,3,3,1,7,4,1,1,1,2,, -1,1,9,1,4,1,18,1,2,,0,2,3,1,202000047184Y01,7,15,1
202000047193,2020-02-01,2020,février,samedi,22:10,85,85194,"46,4833800"," -1,7241500",2,1,2,5,2,3,2,2,2,1,, -1,2,0,1,4,1,44,5,2,,0,2,4,1,202000047193B01,7,1,1
202000047202,2020-08-25,2020,août,mardi,15:45,75,75112,"48,8373080","2,3912080",2,2,3,1,1,4,2,2,1,1,, -1,1,0,1,4,1,18,5,2,,0,2,7,1,202000047202B01,7,1,1
202000047204,2020-08-25,2020,août,mardi,16:20,75,75110,"48,8723080","2,3559010",2,2,6,1,1,4,2,5,2,1,, -1,1, -1,5,1,1,40,9,1,2,0,1,1,1,202000047204A01,,,
202000047229,2020-12-02,2020,décembre,mercredi,07:45,41,41194,"47,3614140","1,7428340",2,1,3,5,2,3,2,2,1,1,, -1,2,0,1,4,1,13,2,1,9,1,0,2,1,202000047229B01,7,22,1
202000047248,2020-10-20,2020,octobre,mardi,08:49,13,13206,"43,2891060","5,3841140",2,2,2,1,1,4,1,1,1,1,, -1,1,0,1,4,2,30,1,2,,0,2,1,9,202000047248Y01,32,9,1
202000047259,2020-01-01,2020,janvier,mercredi,16:30,42,42332,"46,0159200","4,0535680",1,1,3,1,7,3,2,2,1,1,,"5,5",1,0,1,3,1,40,5,1,2,0,2,8,2,202000047259B01,7,2,1
202000047306,2020-10-20,2020,octobre,mardi,09:00,75,75119,"48,8797920","2,3704420",2,1,3,1,2,4,1,2,1,1,, -1,2, -1,5,4,2,23,1,1,2,0,2,1,1,202000047306B01,7,16,1
202000047330,2020-10-20,2020,octobre,mardi,16:40,75,75114,"48,8378840","2,3357990",2,1,3,1,2,4,1,3,1,1,, -1,2, -1,5,4,2,56,9,2,,0,2,1,1,202000047330B01,7,16,1
202000047335,2020-10-19,2020,octobre,lundi,17:00,75,75112,"48,8377470","2,3825730",2,1,6,1,1,4,1,1,1,1,, -1,1,0,1,4,1,44,5,2,,0,5,7,1,202000047335A01,,,
202000047342,2020-08-23,2020,août,dimanche,19:35,41,41161,"47,5443950","2,0740340",1,4,3,1,1,3,2,2,1,2,, -1,1,0,1,3,1,6,5,2,,0,2,1,26,202000047342B01,7,1,1
202000047343,2020-10-20,2020,octobre,mardi,11:30,75,75108,"48,8786540","2,3152410",2,1,7,1,8,4,2,4,1,1,, -1,1,0,1,4,1,35,5,2,,0,0,0,21,202000047343A01,,,
202000047371,2020-07-24,2020,juillet,vendredi,19:40,75,75120,"48,8469180","2,4150830",2,7,3,1,1,4,1,1,1,1,, -1,1, -1,5,1,1,24,5,1,2,0,2,7,5,202000047371A01,33,16,1
202000047374,2020-08-26,2020,août,mercredi,13:20,15,15092,"45,4170250","2,5026510",1,1,7,1,1,3,2,2,2,3,, -1,1,0,1,4,1,25,5,2,,0,0,0,1,202000047374A01,,,
202000047380,2020-07-24,2020,juillet,vendredi,10:00,75,75119,"48,8887670","2,3930680",2,3,3,1,1,4,2,3,1,1,, -1,1, -1,5,4,2,31,1,1,2,0,2,1,1,202000047380B01,7,16,1
202000047383,2020-07-24,2020,juillet,vendredi,16:39,75,75118,"48,8883850","2,3526410",2,1,6,1,1,4,2,2,1,1,, -1,1,0,1,1,1,31,5,1,2,0,1,8,1,202000047383A01,,,
202000047387,2020-07-24,2020,juillet,vendredi,11:20,75,75117,"48,8750890","2,2908990",2,1,3,1,1,4,2,8,1,1,, -1,1, -1,5,4,1,59,4,1,2,0,2,0,1,202000047387B01,10,16,1
202000047397,2020-07-24,2020,juillet,vendredi,22:10,75,75112,"48,8514360","2,3699140",2,3,3,5,1,4,2,6,1,1,, -1,1, -1,6,4,1,21,1,1,2,0,2,1,14,202000047397B01,7,17,1
202000047399,2020-07-24,2020,juillet,vendredi,15:05,75,75112,"48,8272550","2,4643800",2,7,3,1,1,4,2,4,1,1,, -1,1,0,1,4,2,16,9,1,2,0,2,8,9,202000047399B01,7,1,1
202000047401,2020-07-23,2020,juillet,jeudi,14:30,75,75112,"48,8221830","2,4545110",2,1,3,1,1,4,2,2,2,1,, -1,1,0,1,4,2,77,5,1,2,0,2,1,1,202000047401B01,7,22,1
202000047410,2020-12-03,2020,décembre,jeudi,14:30,01,01027,"45,8331950","5,1150370",1,3,3,1,1,3,2,2,1,2,, -1,1,9,1,2,1,77,5,1,2,0,2,8,19,202000047410B01,17,1,1
202000047412,2020-07-24,2020,juillet,vendredi,14:30,75,75104,"48,8552380","2,3611240",2,3,7,1,8,4,2,4,1,1,, -1,1, -1,5,4,2,46,1,1,2,0,0,0,21,202000047412A01,,,
202000047422,2020-08-26,2020,août,mercredi,15:50,53,53161,"48,1404360"," -0,5556840",2,3, -1,1,1,3,2,2,2,1,, -1,1,0,1,3,1,17,5,1,2/9,0,2,1,1,202000047422B01,7,15,1
202000047425,2020-10-17,2020,octobre,samedi,15:30,47,47015,"44,0653620","0,6497170",2,3,1,1,1,2,2,2,2,1,, -1,1,0,1,4,1,14,5,1,2/6/9,0,2,1,1,202000047425B01,7,15,1
202000047441,2020-12-03,2020,décembre,jeudi,08:30,45,45315,"47,7604130","2,3740450",2,2,3,1,8,3,2,2,1,1,, -1,2,0,1,4,1,8,2,1,2,0,2,7,15,202000047441A01,7,1,1