Num_Acc,date,an,mois,jour,hrmn,dep,com,lat,long,agg,int,col,lum,atm,catr,circ,nbv,prof,plan,lartpc,larrout,surf,infra,situ,grav,sexe,age,trajet,secuexist,equipement,obs,obsm,choc,manv,vehiculeid,typevehicules,manoeuvehicules,numVehicules
202000047453,2020-10-20,2020,octobre,mardi,15:45,67,67106,"48,7573830","7,9580610",2,1, -1,1,1,3,2,2,1,1,, -1,1,0,1,4,1,65,3,2,,1,0,1,1,202000047453B01,7,24,1
202000047475,2020-05-21,2020,mai,jeudi,13:00,75,75119,"48,8814030","2,3807010",2,4,3,1,1,4,2,2,1,1,, -1,1,0,1,4,1,59,9,2,,0,2,1,17,202000047475B01,7,10,1
202000047513,2020-10-20,2020,octobre,mardi,14:00,47,47325,"44,3837780","0,2982620",1,2,3,1,1,3,2,2,1,1,, -1,1,0,1,2,1,80,5,2,,0,2,8,15,202000047513B01,15,17,1
202000047531,2020-10-17,2020,octobre,samedi,12:45,06,06079,"43,5461690","6,9430430",2,1,3,1,1,4,2,2,1,1,, -1,1,0,1,3,1,62,0,1,2,0,2,3,1,202000047531A01,7,15,1
202000047532,2020-10-20,2020,octobre,mardi,17:00,14,14614,"49,2082663"," -1,0259610",2,1,3,1,1,3,2,2,1,1,, -1,1,0,1,4,2,13,5,2,,0,2,3,15,202000047532B01,7,17,1
202000047542,2020-07-24,2020,juillet,vendredi,17:55,59,59653,"50,5743320","2,9417720",2,3,3,1,1,4,2,2,1,1,,4,1,0,1,3,2,56,5,2,,0,2,1,16,202000047542A01,21,1,1
202000047547,2020-09-23,2020,septembre,mercredi,17:35,971,97117,"16,3311360"," -61,3439120",2,3,3,1,1,4,1,1,1,1,, -1,1,0,5,3,1,59,5,2,,0,2,1,5,202000047547B01,7,15,1
202000047569,2020-10-20,2020,octobre,mardi,14:55,74,74003,"45,8991350","6,2136780",1,1,3,1,1,3,3,2,1,3,, -1,1,0,1,3,1,68,5,1,2,0,2,8,15,202000047569B01,7,1,1
202000047590,2020-05-19,2020,mai,mardi,18:50,56,56190,"47,9717536"," -2,7402900",2,3,3,1,7,3,3,2,2,1,, -1,1,0,1,3,1,9,5,1,2,0,2,1,19,202000047590B01,7,21,1
202000047602,2020-07-25,2020,juillet,samedi,02:30,31,31182,"43,6714544","1,4004210",1,1,1,5,1,3,2,2,1,2,, -1,1,0,1,2,1,53,5,2,,0,2,1,1,202000047602B01,33,5,1
202000047617,2020-07-25,2020,juillet,samedi,10:30,70,70115,"47,6040510","6,3134690",1,1,7,1,1,3,2,2,2,1,, -1,1,0,1,3,2,25,5,1,2,0,0,0,0,202000047617A01,,,
202100000001,2021-11-30,2021,novembre,mardi,07:32,30,30319,"44,0389580000","4,3480220000",1,1,1,2,1,3,2,2,1,1,, -1,1,0,1,3,1,21,1,1,9,0,2,1,1,202100000001B01,7,17,1
202100000006,2021-11-23,2021,novembre,mardi,11:10,68,68004,"47,6142390000","7,2343360000",2,3,2,1,1,4,2,2,1,1,,4,1,0,1,4,1,12,2,2,,0,0,5,1,202100000006B01,7,1,1
202100000038,2021-09-02,2021,septembre,jeudi,11:00,71,71540,"46,7668890000","4,4566240000",2,1,2,1,1,4,2,2,1,1,, -1,1,0,1,3,1,20,5,2,,0,2,1,1,202100000038B01,0,17,1
202100000101,2021-10-21,2021,octobre,jeudi,16:00,90,90071,"47,6010200000","7,0063270000",1,1,6,1,7,4, -1,1,1,1,, -1,9,6,5,2,1,83,5,1,2,14,0,1,1,202100000101A01,1,1,1
202100000101,2021-10-21,2021,octobre,jeudi,16:00,90,90071,"47,6010200000","7,0063270000",1,1,6,1,7,4, -1,1,1,1,, -1,9,6,5,4,1,71,5,1,2,14,0,1,1,202100000101B01,1,1,1
202100000175,2021-06-30,2021,juin,mercredi,08:30,11,11294,"43,0585800000","2,0439080000",1,1,7,1,1,3,2,2,2,2,, -1,1,0,1,2,1,67,5,1,2,0,0,8,1,202100000175A01,,,
202100000181,2021-10-29,2021,octobre,vendredi,18:00,73,73241,"45,6149750000","6,3191020000",2,3,1,2,7,3,2,2,1,1,, -1,1,2,1,3,2,69,5,2,,0,2,1,1,202100000181B01,7,15,1
202100000195,2021-12-20,2021,décembre,lundi,07:01,74,74229,"46,2248290000","6,3017860000",2,8,3,2,1,3,2,2,1,1,, -1,1,4,6,3,1,24,1,1,2,0,4,0,26,202100000195A01,39,1,1
202100000203,2021-10-18,2021,octobre,lundi,15:37,88,88213,"48,3397780000","7,0583940000",1,1,7,1,1,3,2,2,2,1,, -1,1,0,1,3,2,77,5,1,2,0,0,8,1,202100000203A01,,,
202100000226,2021-06-04,2021,juin,vendredi,11:30,73,73065,"45,5703281257","5,9167166719",2,3,3,1,8,4,2,2,1,1,, -1,1, -1,5,4,1,61,0,1,2,0,2,1,1,202100000226B01,7,16,1
202100000349,2021-10-27,2021,octobre,mercredi,11:15,75,75108,"48,8804910000","2,3129920000",2,3,3,1,1,4,3,6,2,1,, -1,1, -1,5,4,2,28,1,2,,0,2,1,1,202100000349B01,10,22,1
202100000371,2021-10-25,2021,octobre,lundi,14:34,65,65417,"43,2237680000","0,0941080000",2,6,3,1,1,3,1,2,1,2,, -1,1, -1,1,4,1,69,5,1,2,1,2,7,1,202100000371B01,7,9,1
202100000442,2021-09-28,2021,septembre,mardi,12:00,38,38511,"45,3528241000","5,9611990000",1,1,1,1,1,3,2,2,1,1,, -1,1,0,1,3,1,20,1,2,,0,2,1,5,202100000442A01,10,1,1
202100000451,2021-10-05,2021,octobre,mardi,16:30,973,97309,"4,8770930000"," -52,2978560000",1,1,2,1,1,3,2,2,1,1,, -1,1,0,1,3,1,67,1,2,,0,0,4,0,202100000451A01,7,2,1
202100000559,2021-11-09,2021,novembre,mardi,12:40,65,65440,"43,2377220000","0,0418490000",1,6,3,1,1,3,1,2,1,2,, -1,1,0,1,3,1,55,3,1,2,0,2,1,1,202100000559B01,7,16,1
202100000586,2021-12-04,2021,décembre,samedi,09:35,78,78466,"48,9239440000","1,9954720000",1,6,3,1,1,3,1,2,1,1,, -1,1,0,1,3,1,43,5,1,2,0,2,1,1,202100000586B01,7,9,1
202100000593,2021-11-08,2021,novembre,lundi,15:27,54,54395,"48,6822242291","6,1779042612",2,2,3,1,1,4,2,2,1,1,, -1,1,0,1,4,2,53,0,1,2,0,2,1,1,202100000593B01,7,15,1
202100000625,2021-12-28,2021,décembre,mardi,16:45,38,38193,"45,6157670000","5,2257160000",2,6,3,2,2,3,3,0,1,1,,0,2,5,1,4,2,12,5,2,,0,2,8,19,202100000625B01,7,1,1
202100000660,2021-12-31,2021,décembre,vendredi,15:00,91,91458,"48,6645930000","2,2136810000",1,1,2,1,1,3,2,2,1,1,, -1,1,0,1,4,1,39,1,1,2,0,0,4,1,202100000660B01,7,1,1
202100000669,2021-12-31,2021,décembre,vendredi,11:50,68,68007,"48,0589940000","7,4290320000",1,1,2,1,1,3,2,2,1,1,, -1,1,0,1,3,1,67,5,2,,0,0,4,1,202100000669B01,7,1,1
202100000706,2021-12-29,2021,décembre,mercredi,18:14,09,09181,"43,0870180000","1,3721710000",1,1,2,1,1,3,2,2,1,1,, -1,1,0,1,4,1,68,3,1,9,0,0,4,0,202100000706A01,0,0,1
202100000780,2021-12-31,2021,décembre,vendredi,10:07,75,75119,"48,8981940000","2,3860090000",2,2,3,1,1,4,1,3,1,1,, -1,1,0,1,4,1,46,9,2,,0,2,1,1,202100000780A01,13,22,1
202100000868,2021-12-30,2021,décembre,jeudi,12:15,27,27306,"49,0038240000","1,1769340000",2,6,3,1,1,4,1,1,1,2,, -1,1,5,1,4,1,56,5,1,2/4,0,2,2,1,202100000868B01,7,9,1
202100000888,2021-12-30,2021,décembre,jeudi,07:05,75,75120,"48,8696120000","2,3947990000",2,1,6,5,1,4,2,2,2,1,, -1,2,0,1,4,2,29,1,2,,0,2,2,1,202100000888B01,10,22,1
202100000940,2021-12-30,2021,décembre,jeudi,17:00,71,71512,"46,6358876566","4,8710922884",2,1,3,1,1,3,2,2,1,1,, -1,1,0,1,3,1,61,3,2,,0,2,8,19,202100000940B01,7,21,1
202100000945,2021-12-30,2021,décembre,jeudi,16:45,22,22173,"48,5431608637"," -2,6066163174",1,1,1,2,1,4,2,2,2,1,,"3,5",1,0,1,3,1,51,5,1,2,0,2,1,1,202100000945B01,7,15,1
202100000962,2021-09-21,2021,septembre,mardi,14:25,29,29232,"47,9783870000"," -4,1289730000",1,1,7,1,1,3,3,4,1,1,, -1,1,0,2,2,1,58,5,1,2,0,0,0,1,202100000962A01,,,
202100000979,2021-12-27,2021,décembre,lundi,16:10,80,80724,"49,8609200000","2,2398800000",2,1,3,1,1,4,2,2,1,1,, -1,2,0,1,4,1,46,0,1,2,0,2,1,1,202100000979B01,7,15,1
202100001019,2021-12-28,2021,décembre,mardi,12:24,35,35238,"48,1032700000"," -1,7113000000",2,1,3,1,1,4,2,2,1,1,, -1,1,0,1,4,1,22,1,2,,0,2,4,9,202100001019B01,7,1,1
202100001063,2021-12-28,2021,décembre,mardi,19:52,75,75110,"48,8813300000","2,3647220000",2,2,3,5,1,4,2,2,1,1,, -1,2,0,1,4,2,39,9,2,,0,2,7,1,202100001063B01,7,1,1
202100001100,2021-12-29,2021,décembre,mercredi,11:00,80,80368,"50,0885560000","1,5471790000",2,1,7,1,3,3,1,2,1,1,,4,2,0,1,4,2,71,5,2,,0,0,1,21,202100001100A01,,,
202100001107,2021-12-30,2021,décembre,jeudi,10:25,50,50619,"49,6211820000"," -1,3606580000",2,3,6,1,2,3,2,2,2,1,, -1,2,5,3,4,1,20,1,2,,6,0,1,1,202100001107A01,,,
202100001122,2021-12-30,2021,décembre,jeudi,16:40,16,16232,"45,6772440000","0,2658710000",1,1,2,1,1,3,2,2,1,1,, -1,1,0,1,1,1,45,5,2,,0,0,4,1,202100001122B01,1,1,1
202100001122,2021-12-30,2021,décembre,jeudi,16:40,16,16232,"45,6772440000","0,2658710000",1,1,2,1,1,3,2,2,1,1,, -1,1,0,1,3,1,10,5,1,2,0,2,1,1,202100001122A01,1,1,1
202100001241,2021-12-27,2021,décembre,lundi,17:45,91,91156,"48,5505780000","2,2774480000",2,1,3,5,1,3,2,2,1,1,, -1,1,0,8,4,1,12,5,2,,0,2,2,1,202100001241B01,7,15,1
202100001242,2021-12-29,2021,décembre,mercredi,14:30,13,13014,"43,4812510000","5,1761360000",2,3,3,1,1,7,3,2,1,1,, -1,1,5,1,4,1,17,9,2,,0,2,1,19,202100001242B01,7,1,1
202100001293,2021-12-26,2021,décembre,dimanche,20:40,75,75115,"48,8467590000","2,2856470000",2,2,3,5,2,4,2,2,1,1,, -1,2,0,1,4,1,23,1,2,,0,2,1,1,202100001293A01,7,1,1
202100001330,2021-12-27,2021,décembre,lundi,11:30,987,98729," -17,4782950000"," -149,7790520000",2,1,3,1,1,2,2,2,1,1,, -1,1,0,1,3,2,27,5,2,,0,2,3,0,202100001330A01,10,0,1
202100001331,2021-12-27,2021,décembre,lundi,10:45,987,98729," -17,4949440000"," -149,7632750000",2,3,3,1,1,2,2,2,4,2,, -1,1,0,5,3,2,23,5,2,,0,2,1,1,202100001331A01,7,23,1
202100001366,2021-12-23,2021,décembre,jeudi,19:40,91,91103,"48,6033200000","2,3064800000",2,9,3,5,1,4,2,2,1,1,, -1,1,0,5,4,1,58,0,2,,0,2,3,1,202100001366Y01,7,15,1
202100001379,2021-12-25,2021,décembre,samedi,15:40,75,75120,"48,8631620000","2,3885830000",2,1,3,1,2,4,2,3,2,1,, -1,2, -1,5,4,2,49,5,2,,0,2,8,19,202100001379B01,32,1,1
202100001414,2021-12-27,2021,décembre,lundi,08:03,49,49323,"47,4974300000"," -0,4929900000",1,6,2,2,1,3,3,4,1,1,, -1,2,5,1,4,1,19,1,2,,0,0,4,1,202100001414B01,15,2,1
202100001495,2021-12-24,2021,décembre,vendredi,18:40,75,75115,"48,8356130000","2,3027780000",2,4,7,5,2,4,1,1,2,1,, -1,2, -1,5,4,1,84,5,2,,0,0,0,5,202100001495A01,,,
202100001503,2021-12-19,2021,décembre,dimanche,16:10,75,75102,"48,8717220000","2,3416200000",2,4,3,1,1,4,2,5,1,1,, -1,1, -1,5,4,2,29,5,2,,0,2,8,1,202100001503B01,7,22,1
202100001521,2021-12-26,2021,décembre,dimanche,10:00,65,65278,"43,0452290000","0,3006430000",1,1,6,1,1,3,2,2,2,3,, -1,1,0,1,3,1,40,5,1,2,0,5,1,1,202100001521A01,,,
202100001607,2021-12-23,2021,décembre,jeudi,19:35,27,27229,"49,0217166232","1,1816073151",2,3,3,5,1,4,2,2,1,1,, -1,1,0,1,4,1,39,5,2,,0,2,1,1,202100001607B01,7,1,1
202100001746,2021-12-22,2021,décembre,mercredi,12:20,75,75112,"48,8442760000","2,3815810000",2,2,3,1,1,4,2,4,1,1,, -1,1, -1,5,4,1,44,9,1,2,0,2,2,1,202100001746B01,7,15,1
202100001749,2021-12-22,2021,décembre,mercredi,18:15,75,75108,"48,8709430000","2,3039810000",2,1,6,5,1,4,2,8,1,1,, -1,1, -1,5,4,2,19,4,2,,0,1,1,1,202100001749A01,,,
202100001777,2021-12-23,2021,décembre,jeudi,15:50,12,12177,"44,3953390000","2,8348700000",1,1,3,1,1,3,2,2,1,1,, -1,1,0,1,3,1,76,5,1,2,0,2,8,10,202100001777A01,7,17,1
202100001784,2021-12-24,2021,décembre,vendredi,13:50,29,29195,"48,6195700000"," -4,5543690000",2,3,3,1,1,4,2,2,2,3,,4,1,0,1,3,1,8,5,1,2,0,2,8,1,202100001784A01,10,1,1
202100001817,2021-12-22,2021,décembre,mercredi,14:10,60,60367,"49,2609850000","1,9090460000",1,1,3,1,9,3,2,2,1,3,, -1,7,0,1,4,1,72,5,1,2,0,2,4,1,202100001817B01,7,17,1
202100001868,2021-12-21,2021,décembre,mardi,09:00,54,54482,"48,7008100000","6,2019600000",2,3,3,1,1,4,2,2,1,1,, -1,1,0,1,4,2,59,0,1,2,0,2,8,15,202100001868B01,7,1,1
202100001887,2021-12-21,2021,décembre,mardi,08:50,27,27229,"49,0219300000","1,1706900000",2,9,3,1,1,4,2,1,1,1,, -1,1,0,1,4,1,20,5,1,2/6,0,2,1,1,202100001887B01,7,1,1
202100001984,2021-12-21,2021,décembre,mardi,11:40,988,98818," -22,2240200000","166,4810400000",2,3,3,1,1,1,1,1,2,3,, -1,1,3,1,3,2,23,4,1,2/4,0,2,9,1,202100001984B01,7,16,1
202100002046,2021-12-20,2021,décembre,lundi,13:45,75,75111,"48,8623830000","2,3725280000",2,4,3,1,1,4,4,4,1,2,, -1,1, -1,5,4,1,64,9,2,,0,2,1,1,202100002046A01,50,1,1
202100002048,2021-12-20,2021,décembre,lundi,09:56,75,75107,"48,8563380000","2,3098190000",2,4,6,1,1,4, -1,0,1,1,, -1,1,0,4,1,1,58,1,2,,0,1,1,25,202100002048A01,,,
202100002062,2021-12-22,2021,décembre,mercredi,15:30,71,71498,"46,6197110000","4,6818490000",1,1,2,1,1,3,2,2,2,4,, -1,1,0,1,3,1,35,5,1,2,1,0,1,1,202100002062A01,10,23,1
202100002070,2021-12-21,2021,décembre,mardi,16:07,32,32107,"43,9594050000","0,3677680000",2,1,6,1,1,3,2,2,1,1,, -1,1,0,1,3,1,81,5,2,,0,9,1,2,202100002070B01,10,0,1
202100002094,2021-12-21,2021,décembre,mardi,17:30,49,49292,"47,3328680000"," -0,6534130000",1,2,1,2,1,3,2,2,2,1,, -1,1,0,1,3,1,11,5,2,,0,2,8,19,202100002094A01,14,1,1
202100002177,2021-12-21,2021,décembre,mardi,14:10,80,80205,"50,0019820000","2,0349250000",1,1,2,1,1,3,2,2,2,1,, -1,1,0,1,3,1,60,5,1,2,0,0,4,2,202100002177B01,10,2,1
202100002192,2021-12-21,2021,décembre,mardi,07:55,64,64213,"43,3407780000"," -1,4433610000",2,2,1,2,1,3,2,1,2,1,, -1,1,0,1,3,1,55,5,1,2/6/4,0,2,1,1,202100002192B01,10,15,1
202100002197,2021-12-20,2021,décembre,lundi,12:35,24,24189,"44,8692950000","0,1862900000",1,2,3,1,1,3,2,2,2,1,, -1,1,0,1,3,1,13,5,2,,0,2,0,15,202100002197B01,7,17,1
202100002265,2021-12-18,2021,décembre,samedi,12:45,75,75119,"48,8743820000","2,3745010000",2,3,3,1,1,4,3,2,1,1,, -1,1, -1,5,4,1,53,9,2,,0,2,3,1,202100002265A01,7,16,1
202100002317,2021-12-17,2021,décembre,vendredi,15:45,60,60129,"49,5153860000","3,0201880000",2,2,2,1,1,3,2,2,1,1,, -1,1,0,1,3,1,60,5,1,2,0,2,2,1,202100002317B01,7,0,1
202100002328,2021-12-19,2021,décembre,dimanche,09:50,66,66088,"42,6777555974","2,6329207420",2,6,2,1,1,3,1,1,1,2,, -1,1,9,1,3,2,35,5,1,2,0,0,0,1,202100002328A01,0,0,1
202100002419,2021-12-17,2021,décembre,vendredi,19:00,35,35238,"48,0925254567"," -1,6509854794",2,3,1,5,1,4,2,2,1,1,, -1,1,0,5,3,1,21,9,2,,0,2,1,1,202100002419B01,7,15,1
202100002454,2021-12-17,2021,décembre,vendredi,16:30,75,75109,"48,8829760000","2,3348600000",2,3,3,5,1,4,1,1,1,1,, -1,1, -1,5,1,2,19,9,2,,0,2,8,15,202100002454B01,50,17,1
202100002455,2021-12-17,2021,décembre,vendredi,09:30,75,75117,"48,8832750000","2,3072510000",2,2,3,1,8,4,2,4,1,1,, -1,1, -1,5,1,1,31,1,1,2,0,2,1,1,202100002455B01,1,1,1
202100002455,2021-12-17,2021,décembre,vendredi,09:30,75,75117,"48,8832750000","2,3072510000",2,2,3,1,8,4,2,4,1,1,, -1,1, -1,5,4,2,51,9,1,2,0,2,7,1,202100002455A01,1,1,1
202100002461,2021-12-17,2021,décembre,vendredi,09:02,75,75114,"48,8212090000","2,3342990000",2,2,6,1,1,4,2,2,1,1,, -1,1, -1,5,4,1,43,1,2,,0,2,1,1,202100002461A01,7,22,1
202100002463,2021-12-17,2021,décembre,vendredi,11:23,75,75113,"48,8318870000","2,3558490000",2,7,2,1,1,4,2,2,1,1,, -1,1,0,1,4,2,50,1,2,,0,2,6,11,202100002463B01,7,1,1
202100002467,2021-12-17,2021,décembre,vendredi,16:10,75,75111,"48,8630580000","2,3793030000",2,2,3,1,1,4,1,1,1,1,, -1,1, -1,5,4,1,18,4,2,,0,2,1,1,202100002467B01,2,9,1
202100002486,2021-12-19,2021,décembre,dimanche,12:05,54,54108,"48,5812066815","6,2672710420",1,2,3,1,5,3,2,2,1,1,, -1,1,0,1,3,1,51,5,1,2,0,2,1,15,202100002486B01,7,1,1
202100002510,2021-12-18,2021,décembre,samedi,17:05,29,29206,"48,6188982102"," -4,1994300485",2,3,1,2,1,4,2,2,1,1,,6,1,5,1,3,1,53,5,1,2,0,2,1,5,202100002510B01,7,9,1
202100002517,2021-12-18,2021,décembre,samedi,16:35,72,72054,"48,0025830000","0,3315640000",1,1,2,1,1,3,2,2,1,1,, -1,1,0,1,4,1,61,5,1,2/4,0,2,4,2,202100002517B01,7,2,1
202100002519,2021-12-19,2021,décembre,dimanche,14:00,45,45195,"48,1048160000","2,1931460000",2,1,1,1,8,3,2,2,1,1,, -1,2,0,5,4,2,57,5,2,,0,2,1,13,202100002519B01,2,1,1
202100002524,2021-12-18,2021,décembre,samedi,16:35,85,85160,"46,5922580000"," -1,3975920000",2,1,2,1,1,4,2,2,2,1,,4,1,0,1,4,2,40,5,2,,0,0,6,1,202100002524A01,7,1,1
202100002549,2021-12-19,2021,décembre,dimanche,02:30,80,80576,"49,7279470000","2,9589270000",1,1,2,3,5,3,2,2,1,1,, -1,2,0,1,2,1,44,5,1,4/9,0,0,4,1,202100002549B01,7,1,1
202100002646,2021-12-16,2021,décembre,jeudi,11:25,75,75114,"48,8331980000","2,3193320000",2,3,7,1,1,4,1,1,1,1,, -1,1,0,1,4,1,41,1,1,2,0,0,1,21,202100002646A01,,,
202100002649,2021-12-16,2021,décembre,jeudi,00:10,75,75111,"48,8513100000","2,3910150000",2,1,3,5,1,4,2,4,1,1,, -1,1, -1,5,4,2,27,5,2,,0,2,8,1,202100002649B01,7,14,1
202100002683,2021-12-18,2021,décembre,samedi,15:15,70,70433,"47,6153380000","6,1679490000",2,6,3,2,1,3,2,2,1,1,,6,1,0,1,4,1,76,5,2,,0,2,2,9,202100002683B01,7,9,1
202100002757,2021-12-13,2021,décembre,lundi,14:57,47,47001,"44,1975650000","0,6269390000",2,1,3,1,1,3,2,2,1,1,, -1,1,0,1,4,1,53,0,2,,0,2,8,19,202100002757B01,7,1,1
202100002785,2021-12-15,2021,décembre,mercredi,10:00,06,06029,"43,5515900000","7,0164200000",2,1,3,1,1,4,3,2,1,1,, -1,1,0,1,3,1,68,5,1,2,0,2,1,1,202100002785B01,7,11,1
202100002788,2021-12-15,2021,décembre,mercredi,20:40,75,75118,"48,8941710000","2,3327090000",2,5,3,2,1,4,2,2,1,1,, -1,1,0,1,4,1,28,9,2,,0,2,2,1,202100002788B01,10,22,1
202100002795,2021-12-15,2021,décembre,mercredi,19:40,75,75113,"48,8360710000","2,3466940000",2,2,1,5,1,4,1,1,1,1,, -1,1, -1,5,4,1,20,1,2,,0,2,1,1,202100002795B01,50,13,1
202100002841,2021-12-17,2021,décembre,vendredi,15:55,02,02232,"49,2075570000","3,0530570000",1,1,3,2,1,3,2,2,3,1,, -1,1,0,1,2,1,61,5,2,,16,2,8,2,202100002841B01,7,17,1
202100002847,2021-12-15,2021,décembre,mercredi,17:45,45,45193,"47,7624910000","1,9909950000",1,1,3,3,1,3,2,2,1,3,, -1,1,0,1,3,1,55,5,2,,0,2,3,2,202100002847B01,7,13,1
202100002861,2021-12-16,2021,décembre,jeudi,16:45,68,68278,"47,7483850000","7,4046190000",2,3,6,2,8,3,2,2,1,1,, -1,1,0,5,3,1,14,2,1,2,15,0,1,21,202100002861A01,,,
202100002879,2021-07-27,2021,juillet,mardi,18:02,2A,2A004,"41,9333600000","8,7431700000",2,1,5,1,1,2,1,4,1,1,, -1,1,9,6,4,1,16,0,2,,0,2,4,19,202100002879A01,31/ 7,26,2
202100002966,2021-12-11,2021,décembre,samedi,15:20,75,75116,"48,8572230000","2,2373620000",2,1,7,1,1,4,2,2,1,3,, -1,1, -1,5,4,1,33,5,1,2,0,0,0,1,202100002966A01,,,
202100002967,2021-12-14,2021,décembre,mardi,09:15,75,75114,"48,8273030000","2,3255610000",2,1,6,1,1,4,1,2,1,1,, -1,1,0,1,4,1,30,1,1,2,0,1,1,1,202100002967A01,,,
202100002969,2021-12-14,2021,décembre,mardi,21:05,75,75110,"48,8842800000","2,3646410000",2,2,2,5,1,4,1,3,1,1,, -1,1,0,1,1,1,24,5,2,,0,2,4,1,202100002969B01,32,1,1
202100003154,2021-12-11,2021,décembre,samedi,20:43,75,75113,"48,8260900000","2,3601180000",2,5,6,5,2,4,1,4,1,1,, -1,2,0,5,2,1,43,5,1,2,0,2,0,1,202100003154B01,7/ 10,13/23/1,3
202100003159,2021-12-13,2021,décembre,lundi,17:04,75,75115,"48,8281210000","2,3037310000",2,1,3,5,1,4,2,4,2,1,, -1,1, -1,5,4,2,48,1,2,,0,2,8,1,202100003159B01,1,5,1
202100003159,2021-12-13,2021,décembre,lundi,17:04,75,75115,"48,8281210000","2,3037310000",2,1,3,5,1,4,2,4,2,1,, -1,1, -1,5,1,1,30,9,2,,0,2,8,5,202100003159A01,1,1,1
202100003160,2021-12-13,2021,décembre,lundi,08:20,75,75115,"48,8365460000","2,2950000000",2,1,6,1,1,4,1,2,1,1,, -1,1,0,1,4,1,46,1,1,2,0,1,0,21,202100003160A01,,,
202100003199,2021-12-14,2021,décembre,mardi,07:45,74,74081,"46,0670130000","6,5735330000",2,1,3,2,5,4,3,1,1,4,,5,1,0,1,4,1,12,2,2,,0,2,8,26,202100003199B01,7,1,1
202100003308,2021-12-13,2021,décembre,lundi,11:45,01,01064,"45,7858790000","5,4531780000",2,1,3,1,1,3,2,2,1,1,, -1,1,0,1,3,1,11,2,2,,0,0,8,19,202100003308B01,7,1,1
202100003315,2021-12-13,2021,décembre,lundi,09:00,35,35047,"48,0620770000"," -1,7551950000",1,6,3,1,1,7,2,2,1,2,, -1,2,0,1,3,1,84,5,1,2,0,0,7,1,202100003315B01,10,26,1
202100003341,2021-12-11,2021,décembre,samedi,16:15,79,79100,"46,3351270000"," -0,5911300000",1,1,1,1,1,4,2,2,1,1,,3,1,0,1,3,2,45,0,1,2,0,2,1,1,202100003341B01,7,1,1
202100003355,2021-12-12,2021,décembre,dimanche,10:39,64,64213,"43,3393910000"," -1,4529900000",2,2,3,1,7,3,2,2,1,1,, -1,2,0,5,3,1,64,5,1,2/6,0,2,1,1,202100003355B01,7,9,1
202100003365,2021-12-06,2021,décembre,lundi,13:45,77,77103,"48,5433760000","2,8012560000",1,1,3,1,1,3,2,2,1,1,, -1,1,0,1,4,1,58,5,1,2,0,2,8,2,202100003365B01,38,2,1
202100003441,2021-12-11,2021,décembre,samedi,15:10,75,75113,"48,8348660000","2,3430790000",2,1,3,1,1,4,2,4,2,1,, -1,1, -1,5,4,1,48,5,1,2,0,2,1,1,202100003441B01,7,10,1
202100003459,2021-12-11,2021,décembre,samedi,18:20,972,97206,"14,5050990000"," -61,0455190000",1,1,1,5,2,5,2,1,4,2,,3,2,0,1,4,1,16,5,2,,0,2,1,1,202100003459B01,7,1,1
202100003554,2021-12-09,2021,décembre,jeudi,13:30,69,69386,"45,7661900000","4,8611200000",2,3,2,1,1,4,2,2,1,1,, -1,1,0,1,4,2,64,0,2,,15,2,3,24,202100003554B01,10,26,1
202100003634,2021-12-08,2021,décembre,mercredi,08:20,54,54395,"48,6845835686","6,1691286787",2,3,3,1,1,4,1,2,1,1,, -1,1, -1,1,4,1,19,0,2,,0,2,7,1,202100003634A01,7,1,1
202100003693,2021-12-09,2021,décembre,jeudi,08:00,14,14118,"49,2042000000"," -0,3520200000",2,3,3,2,8,3, -1,0,1,1,, -1,1,0,1,4,2,52,0,1,2/6,0,2,1,1,202100003693B01,7,9,1
202100003723,2021-12-10,2021,décembre,vendredi,10:20,75,75108,"48,8642700000","2,3015300000",2,7,3,1,2,4,2,1,1,1,, -1,2,0,1,4,1,56,9,2,,0,2,1,1,202100003723A01,7,1,1
202100003728,2021-12-10,2021,décembre,vendredi,13:40,75,75114,"48,8326500000","2,3374060000",2,1,7,1,1,4,1,1,2,1,, -1,2, -1,5,4,1,18,2,2,,0,0,0,1,202100003728A01,,,
202100003732,2021-12-10,2021,décembre,vendredi,12:00,75,75108,"48,8767080000","2,3086070000",2,3,3,1,8,4,1,1,1,1,, -1,2,0,1,4,2,36,4,2,,0,2,6,19,202100003732B01,7,15,1