Num_Acc,date,an,mois,jour,hrmn,dep,com,lat,long,agg,int,col,lum,atm,catr,circ,nbv,prof,plan,lartpc,larrout,surf,infra,situ,grav,sexe,age,trajet,secuexist,equipement,obs,obsm,choc,manv,vehiculeid,typevehicules,manoeuvehicules,numVehicules
202100003734,2021-12-10,2021,décembre,vendredi,14:45,75,75103,"48,8644280000","2,3515110000",2,2,6,1,6,4,2,4,1,1,, -1,1, -1,5,1,1,27,1,2,,0,1,1,21,202100003734A01,,,
202100003789,2021-12-01,2021,décembre,mercredi,17:00,987,98733," -17,7008788078"," -149,5838749409",2,1,1,1,1,2,2,2,1,2,, -1,9,0,3,3,1,62,5,2,,0,9,1,1,202100003789B01,80,5,1
202100003793,2021-12-11,2021,décembre,samedi,13:10,26,26347,"45,0687580000","4,8434690000",2,3,3,1,1,2,2,2,1,1,, -1,1,0,1,3,1,72,0,2,,0,2,0,16,202100003793A01,1,19,1
202100003793,2021-12-11,2021,décembre,samedi,13:10,26,26347,"45,0687580000","4,8434690000",2,3,3,1,1,2,2,2,1,1,, -1,1,0,1,1,1,39,0,2,,0,2,0,19,202100003793B01,1,16,1
202100003828,2021-12-09,2021,décembre,jeudi,21:44,75,75119,"48,8827830000","2,3702720000",2,7,3,5,1,4,2,5,1,1,, -1,1,0,1,4,1,43,9,1,2,0,2,3,19,202100003828A01,43,1,1
202100003840,2021-12-09,2021,décembre,jeudi,18:05,75,75108,"48,8790440000","2,3026530000",2,1,2,5,1,4,2,4,1,1,, -1,1, -1,5,4,1,19,9,2,,0,2,2,1,202100003840B01,7,22,1
202100003888,2021-12-05,2021,décembre,dimanche,11:40,49,49377,"47,5920190000"," -0,4529390000",1,1,2,1,1,3,2,2,1,1,, -1,2,9,1,4,1,23,9,1,2,0,2,1,2,202100003888A01,7,23,1
202100003920,2021-12-09,2021,décembre,jeudi,18:55,79,79270,"46,4133190000"," -0,2056720000",2,2,3,5,2,3,2,2,2,1,,"12,7",2,5,1,3,1,16,5,1,2,0,2,1,0,202100003920B01,7,10,1
202100003956,2021-09-23,2021,septembre,jeudi,08:20,75,75101,"48,8666130000","2,3285740000",2,2,3,1,1,4,1,1,1,1,, -1,1,0,1,4,1,46,2,1,2,0,2,8,1,202100003956B01,14,16,1
202100003956,2021-09-23,2021,septembre,jeudi,08:20,75,75101,"48,8666130000","2,3285740000",2,2,3,1,1,4,1,1,1,1,, -1,1,0,1,2,1,2,2,1,3/2,0,2,8,1,202100003956B01,14,16,1
202100003956,2021-09-23,2021,septembre,jeudi,08:20,75,75101,"48,8666130000","2,3285740000",2,2,3,1,1,4,1,1,1,1,, -1,1,0,1,4,1,6,2,1,3/2,0,2,8,1,202100003956B01,14,16,1
202100003994,2021-12-07,2021,décembre,mardi,12:05,80,80021,"49,8967000000","2,2978600000",2,2,3,1,1,4,1,1,1,1,, -1,1,0,1,4,1,47,0,1,2,0,2,1,1,202100003994B01,7,15,1
202100004020,2021-12-07,2021,décembre,mardi,08:20,59,59205,"50,3262300000","3,3432600000",2,1,2,2,8,3,2,2,1,1,, -1,7,0,1,2,2,60,1,2,,0,2,4,1,202100004020Y01,7,2,1
202100004033,2021-12-07,2021,décembre,mardi,17:20,54,54395,"48,6848500000","6,1591900000",2,3,3,5,1,7,1,1,1,1,, -1,1,0,1,4,1,18,0,1,2,0,2,8,1,202100004033B01,7,16,1
202100004109,2021-12-08,2021,décembre,mercredi,13:20,75,75105,"48,8485530000","2,3421580000",2,1,7,1,1,4,2,0,1,1,, -1,1,6,4,4,1,15,5,2,,0,0,0,1,202100004109A01,,,
202100004115,2021-12-08,2021,décembre,mercredi,13:38,75,75115,"48,8456900000","2,3020110000",2,3,2,1,1,4,2,2,1,1,, -1,1,0,1,4,1,23,1,2,,0,2,4,1,202100004115A01,7,15,1
202100004121,2021-12-08,2021,décembre,mercredi,13:12,75,75110,"48,8785310000","2,3540530000",2,5,3,1,1,4,2,6,2,1,, -1,1,5,5,1,2,36,9,2,,0,2,8,19,202100004121B01,43,18,1
202100004122,2021-12-08,2021,décembre,mercredi,09:40,75,75109,"48,8703680000","2,3267110000",2,2,3,1,1,4,1,1,1,1,, -1,1,0,1,4,2,56,9,2,,0,2,8,1,202100004122B01,13,14,1
202100004123,2021-12-08,2021,décembre,mercredi,12:50,75,75107,"48,8585020000","2,3231150000",2,2,3,1,1,4,2,4,1,1,, -1,1,0,6,4,2,15,5,2,,0,2,2,1,202100004123A01,7,7,1
202100004124,2021-12-07,2021,décembre,mardi,09:50,75,75104,"48,8482620000","2,3649800000",2,4,3,1,8,4,2,4,1,1,, -1,1, -1,5,4,1,23,1,2,,0,2,8,1,202100004124B01,10,16,1
202100004167,2021-12-03,2021,décembre,vendredi,18:45,60,60233,"49,6494080000","1,8405540000",2,1,2,3,5,3,2,2,1,3,, -1,9,0,1,2,1,60,3,1,6,0,2,4,1,202100004167B01,0,1,1
202100004182,2021-12-09,2021,décembre,jeudi,12:25,83,83008,"43,5252460000","6,7142340000",1,1,1,1,1,3,2,2,2,4,, -1,1,0,1,3,1,52,5,1,2,0,2,1,5,202100004182B01,7,1,1
202100004186,2021-12-09,2021,décembre,jeudi,11:55,26,26220,"44,3602450000","5,1356210000",2,1,3,1,1,4,2,2,1,1,,"5,5",1,0,1,3,1,17,1,2,,0,2,2,15,202100004186A01,7,1,1
202100004292,2021-12-07,2021,décembre,mardi,15:30,75,75115,"48,8539640000","2,2890990000",2,3,7,1,1,4,1,1,2,1,, -1,2, -1,5,4,1,19,9,2,,0,0,0,21,202100004292A01,,,
202100004296,2021-12-07,2021,décembre,mardi,18:35,75,75110,"48,8804959756","2,3523160815",2,7,3,5,2,4,1,1,1,1,, -1,2,0,1,4,1,31,9,2,,0,2,1,1,202100004296B01,7,22,1
202100004297,2021-12-06,2021,décembre,lundi,14:16,75,75108,"48,8699820000","2,3252500000",2,7,1,1,1,4,1,3,1,2,, -1,1,0,1,4,1,34,9,1,2,0,2,1,5,202100004297A01,30,1,1
202100004298,2021-12-07,2021,décembre,mardi,18:50,75,75105,"48,8537240000","2,3442910000",2,7,7,5,2,4,1,3,1,1,, -1,2,0,1,4,2,47,5,1,2/4,0,0,0,1,202100004298A01,,,
202100004333,2021-12-07,2021,décembre,mardi,17:00,18,18197,"46,7272970000","2,5079670000",2,2,3,2,3,3,2,2,1,1,,5,2,0,1,3,2,52,1,1,9,0,2,3,1,202100004333B01,7,19,1
202100004334,2021-12-06,2021,décembre,lundi,13:30,36,36226,"46,6231370000","1,8587710000",1,1,7,1,1,3,2,2,1,1,, -1,2,0,1,3,1,76,5,1,2,0,0,0,1,202100004334A01,,,
202100004351,2021-12-02,2021,décembre,jeudi,17:50,71,71176,"46,4858280000","3,9987550000",2,3,7,3,2,9, -1,2,1,1,, -1,2,0,5,4,1,87,3,2,,0,0,7,1,202100004351A01,7,15,1
202100004392,2021-08-12,2021,août,jeudi,18:00,14,14191,"49,3347256100"," -0,4633960000",2,1,7,1,1,3,2,2,1,1,, -1,1,0,1,4,1,56,5,2,,2,0,0,21,202100004392A01,,,
202100004397,2021-12-06,2021,décembre,lundi,08:40,75,75116,"48,8567710000","2,2871000000",2,1,3,1,1,4,2,3,1,1,, -1,3, -1,5,4,1,57,1,1,2,0,2,7,17,202100004397A01,1,13,1
202100004397,2021-12-06,2021,décembre,lundi,08:40,75,75116,"48,8567710000","2,2871000000",2,1,3,1,1,4,2,3,1,1,, -1,3, -1,5,1,1,37,1,1,2,0,2,8,13,202100004397B01,1,17,1
202100004406,2021-12-06,2021,décembre,lundi,07:30,75,75110,"48,8792700000","2,3629330000",2,3,3,5,1,4,2,2,1,1,, -1,2,0,1,4,1,53,1,1,2,0,2,1,1,202100004406B01,7,22,1
202100004442,2021-12-07,2021,décembre,mardi,13:55,39,39189,"47,0671840000","5,4145750000",2,6,3,1,1,3,2,2,1,2,, -1,1,5,1,3,1,70,5,2,,0,2,1,16,202100004442B01,7,16,1
202100004458,2021-11-13,2021,novembre,samedi,11:15,34,34123,"43,6138557423","3,8108941434",2,6,7,1,1,4,2,2,2,1,,5,1,0,1,3,1,77,5,1,2,0,2,1,1,202100004458B01,7,2,1
202100004498,2021-08-11,2021,août,mercredi,18:15,74,74258,"46,0823550000","6,7241100000",2,6,3,1,1,3,1,1,1,2,, -1,1,0,1,4,2,77,5,2,,0,2,7,12,202100004498B01,7,9,1
202100004500,2021-12-05,2021,décembre,dimanche,15:25,69,69382,"45,7638200000","4,8342200000",2,3,6,1,1,4,1,1,1,1,, -1,1,0,1,3,2,79,0,2,,0,1,1,15,202100004500A01,,,
202100004525,2021-12-05,2021,décembre,dimanche,21:55,14,14118,"49,1795900000"," -0,3546000000",2,1,2,5,1,4,2,0,1,1,, -1,1,0,1,3,1,28,4,2,,0,2,4,1,202100004525B01,7,1,1
202100004532,2021-12-05,2021,décembre,dimanche,16:00,75,75118,"48,8980250000","2,3444620000",2,2,3,1,2,4,1,1,1,1,, -1,2,0,1,4,1,26,9,2,,0,2,1,19,202100004532A01,7,1,1
202100004533,2021-12-05,2021,décembre,dimanche,06:00,75,75118,"48,8839240000","2,3445840000",2,2,3,4,1,4,1,1,1,1,, -1,1,0,1,4,1,28,9,2,,0,2,3,1,202100004533B01,7,1,1
202100004534,2021-12-04,2021,décembre,samedi,19:40,75,75117,"48,8815870000","2,2912900000",2,2,6,3,2,4,1,1,1,1,, -1,2,0,1,4,1,46,9,1,2,0,2,1,18,202100004534A01,7,22,1
202100004566,2021-12-06,2021,décembre,lundi,16:10,974,97422," -21,2597710000","55,5161580000",2,1,7,1,1,4,2,2,2,2,,4,1,0,1,3,1,35,3,2,,5,0,1,1,202100004566A01,,,
202100004577,2021-12-05,2021,décembre,dimanche,10:20,29,29037,"47,8843120000"," -4,1561850000",2,6,3,1,2,3,1,1,1,2,, -1,2,0,1,4,1,29,5,1,2,0,2,2,15,202100004577B01,7,2,1
202100004603,2021-12-03,2021,décembre,vendredi,07:10,38,38565,"45,2776870000","5,6482980000",2,3,3,2,1,3,2,2,1,1,,4,1,5,5,3,1,60,1,1,9,0,2,1,1,202100004603B01,7,16,1
202100004714,2021-11-21,2021,novembre,dimanche,17:00,78,78172,"49,0019110000","2,1038180000",2,9,3,5,2,4, -1,1,1,1,, -1,2,0,5,4,1,45,9,2,,0,2,0,1,202100004714B01,7,16,1
202100004815,2021-12-04,2021,décembre,samedi,15:23,75,75112,"48,8399510000","2,4321490000",2,3,3,1,1,4,2,2,1,1,, -1,2,0,1,3,2,58,9,2,,0,2,8,15,202100004815B01,7,17,1
202100004916,2021-12-02,2021,décembre,jeudi,00:55,75,75116,"48,8622860000","2,2383030000",2,2,3,5,1,4,2,2,2,1,, -1,1, -1,5,4,1,37,5,1,2,0,2,7,1,202100004916A01,7,1,1
202100004922,2021-12-03,2021,décembre,vendredi,22:30,75,75110,"48,8811020000","2,3651540000",2,2,3,5,3,4,2,2,1,1,, -1,2,0,1,4,1,32,5,2,,0,0,7,5,202100004922A01,7,1,1
202100004925,2021-12-03,2021,décembre,vendredi,10:45,75,75110,"48,8718400000","2,3600260000",2,3,2,1,3,4,1,4,1,1,, -1,2,0,5,4,1,62,1,2,,1,0,1,1,202100004925B01,10,22,1
202100004954,2021-11-11,2021,novembre,jeudi,17:40,84,84062,"43,8717560000","5,1137070000",1,1,3,3,2,3,2,2,1,1,, -1,2,0,1,3,1,72,5,1,6,0,2,4,15,202100004954A01,7,1,1
202100004963,2021-12-04,2021,décembre,samedi,12:35,34,34204,"43,5549030057","3,5287190605",2,3,3,1,1,3,2,2,1,1,, -1,1,0,1,3,1,54,5,1,2,0,2,3,1,202100004963B01,7,19,1
202100004996,2021-11-30,2021,novembre,mardi,16:00,29,29224,"48,0385320000"," -4,3297290000",1,6,3,1,2,3,1,1,1,2,, -1,2,0,1,3,1,61,5,1,2,0,2,7,1,202100004996B01,7,2,1
202100005042,2021-11-29,2021,novembre,lundi,16:10,80,80021,"49,8877100000","2,2969100000",2,1,3,1,1,4,2,2,1,1,, -1,1,0,1,4,1,37,0,1,2,0,2,7,1,202100005042B01,7,15,1
202100005099,2021-12-02,2021,décembre,jeudi,18:15,75,75115,"48,8451720000","2,2842730000",2,1,6,5,1,4,1,1,1,1,, -1,1,0,1,4,1,18,9,2,,0,2,1,1,202100005099B01,10,22,1
202100005101,2021-12-02,2021,décembre,jeudi,09:50,75,75114,"48,8345330000","2,3354170000",2,1,6,1,1,4,2,4,2,1,, -1,1, -1,5,4,2,23,2,1,2,0,2,0,1,202100005101B01,10,22,1
202100005280,2021-11-30,2021,novembre,mardi,19:15,63,63113,"45,7673100000","3,1046700000",2,1,3,5,1,4,2,2,1,1,, -1,1,0,1,4,1,20,0,1,2,0,2,1,1,202100005280B01,7,11,1
202100005335,2021-11-26,2021,novembre,vendredi,14:25,27,27229,"49,0230640000","1,1406300000",2,1,7,1,1,4,2,2,1,1,, -1,2,0,4,4,2,17,5,1,2/6,12,0,1,1,202100005335A01,,,
202100005373,2021-12-01,2021,décembre,mercredi,11:00,75,75105,"48,8511310000","2,3513150000",2,2,3,1,3,4,2,4,1,1,, -1,2,0,5,4,1,63,9,1,2,0,2,8,1,202100005373A01,32,1,1
202100005383,2021-12-01,2021,décembre,mercredi,07:55,75,75110,"48,8705000000","2,3530570000",2,1,3,2,2,4,2,2,1,1,, -1,2,0,5,4,2,30,1,1,2,0,2,1,17,202100005383A01,80,1,1
202100005458,2021-12-02,2021,décembre,jeudi,13:30,60,60338,"49,3564360000","2,7956640000",2,1,3,1,1,4,2,2,1,1,,5,1,0,1,4,1,10,2,2,,0,2,1,25,202100005458A01,10,1,1
202100005516,2021-11-28,2021,novembre,dimanche,16:45,14,14167,"49,2022300000"," -0,3054500000",2,3,3,1,1,3,2,2,1,3,, -1,1,0,1,4,1,82,5,1,4,0,2,1,1,202100005516B01,10,9,1
202100005531,2021-11-30,2021,novembre,mardi,12:00,75,75106,"48,8527050000","2,3339380000",2,4,6,1,1,4,2,2,1,1,, -1,1,0,1,1,1,27,9,1,2,0,1,7,17,202100005531A01,,,
202100005545,2021-11-30,2021,novembre,mardi,10:30,75,75107,"48,8603600000","2,3248890000",2,1,6,1,8,4,1,1,2,1,, -1,2,6,1,4,2,60,9,1,2,0,0,0,1,202100005545A01,,,
202100005573,2021-11-30,2021,novembre,mardi,18:00,65,65304,"43,4690270000","0,0346540000",2,1,1,5,1,3,2,2,1,1,, -1,1,0,1,4,1,13,5,1,2,0,2,7,15,202100005573A01,7,1,1
202100005578,2021-12-01,2021,décembre,mercredi,04:15,67,67302,"48,7430170000","7,4051500000",1,1,1,3,1,3,2,2,1,1,, -1,2,0,1,2,1,34,1,2,,0,2,7,1,202100005578B01,7,17,1
202100005585,2021-11-29,2021,novembre,lundi,15:15,56,56110,"48,0356230000"," -3,2508320000",1,1,7,1,1,3,2,2,1,1,, -1,1,0,1,2,1,68,5,1,2,0,0,0,1,202100005585A01,,,
202100005599,2021-12-01,2021,décembre,mercredi,11:28,52,52250,"48,4418350000","5,1518690000",2,2,3,1,3,4,2,2,2,1,,4,2,0,8,2,1,13,2,2,,0,2,3,19,202100005599B01,21,1,1
202100005635,2021-11-29,2021,novembre,lundi,09:10,75,75105,"48,8433800000","2,3425050000",2,1,3,1,1,4,2,2,1,1,, -1,1,0,1,4,1,29,9,1,2,0,2,3,18,202100005635B01,10,16,1
202100005638,2021-11-29,2021,novembre,lundi,12:15,75,75118,"48,8842980000","2,3554830000",2,4,3,1,1,4,1,3,2,1,, -1,1,0,1,4,2,25,9,2,,0,2,3,9,202100005638B01,33,1,1
202100005639,2021-11-29,2021,novembre,lundi,11:45,75,75118,"48,8912750000","2,3473680000",2,4,6,1,1,4,1,1,1,1,, -1,1,0,5,1,1,23,1,2,,0,1,2,1,202100005639A01,,,
202100005642,2021-11-29,2021,novembre,lundi,19:35,75,75115,"48,8460770000","2,2769220000",2,2,3,5,1,4,2,3,1,1,, -1,1,0,5,4,1,37,1,1,2,0,2,8,19,202100005642B01,30,1,1
202100005648,2021-11-29,2021,novembre,lundi,15:00,75,75109,"48,8842020000","2,3304230000",2,1,3,1,1,4,1,2,1,1,, -1,1,0,6,4,2,19,5,1,2,0,2,8,19,202100005648B01,30,7,1
202100005651,2021-11-29,2021,novembre,lundi,08:10,75,75107,"48,8599650000","2,3148380000",2,2,3,1,1,4,1,1,1,1,, -1,1,0,5,1,1,21,2,2,,0,2,0,1,202100005651A01,32,1,1
202100005684,2021-11-24,2021,novembre,mercredi,16:45,57,57505,"48,7021810000","7,1199350000",1,1,2,3,1,3,2,2,1,1,, -1,1,0,1,3,2,32,1,1,2,0,0,4,1,202100005684B01,10,1,1
202100005692,2021-11-30,2021,novembre,mardi,12:00,05,05087,"44,5517780000","5,8645910000",1,3,2,1,1,3,2,2,1,1,, -1,1,5,1,3,2,52,0,2,,0,2,2,15,202100005692A01,7,1,1
202100005803,2021-11-29,2021,novembre,lundi,12:00,59,59601,"50,0566841238","4,1022158676",2,2,3,1,7,4,2,2,1,1,,5,1,9,1,3,2,43,0,2,,0,2,1,1,202100005803B01,7,15,1
202100005916,2021-11-25,2021,novembre,jeudi,20:00,63,63075,"45,7803900000","3,0629500000",2,1,3,5,1,7,2,2,1,1,, -1,1,0,1,4,1,32,0,2,,0,2,1,1,202100005916A01,7,15,1
202100005935,2021-11-24,2021,novembre,mercredi,16:35,54,54197,"48,6262020297","6,2181188076",1,1,3,2,1,7,2,2,3,1,, -1,1,0,1,4,1,75,5,1,2,0,2,1,26,202100005935A01,7,1,1
202100005967,2021-11-27,2021,novembre,samedi,13:45,27,27229,"49,0215500000","1,1408300000",2,1,3,1,2,4,2,2,1,1,, -1,2,0,1,4,1,15,5,1,2/6,0,2,3,1,202100005967B01,0,1,1
202100005993,2021-11-27,2021,novembre,samedi,21:30,75,75115,"48,8399780000","2,2903630000",2,2,2,5,2,4,2,2,1,1,, -1,2,0,1,4,1,20,4,2,,0,2,1,2,202100005993A01,7,23,1
202100005996,2021-11-27,2021,novembre,samedi,11:45,75,75111,"48,8660150000","2,3663290000",2,2,3,1,2,4,2,2,1,1,, -1,2,0,5,4,2,62,9,1,2,0,2,3,1,202100005996A01,7,22,1
202100005997,2021-11-26,2021,novembre,vendredi,22:25,75,75110,"48,8838750000","2,3685860000",2,2,3,5,2,4,2,4,1,1,, -1,2,0,1,4,2,29,9,2,,0,2,9,18,202100005997A01,38,16,1
202100006031,2021-11-28,2021,novembre,dimanche,00:10,74,74010,"45,9065278762","6,1465799510",2,4,3,3,2,4,2,1,1,2,, -1,2,6,1,3,1,23,5,2,,0,2,1,1,202100006031A01,7,9,1
202100006065,2021-11-27,2021,novembre,samedi,18:30,49,49035,"47,4339410000"," -0,6140570000",1,3,2,3,2,3,2,2,1,2,, -1,2,5,1,3,1,42,5,1,4,0,2,6,2,202100006065B01,7,2,1
202100006094,2021-11-26,2021,novembre,vendredi,13:40,75,75119,"48,9006190000","2,3869620000",2,7,3,1,2,4,2,4,1,2,, -1,2,0,1,4,1,33,4,2,,0,2,8,1,202100006094B01,7,16,1
202100006096,2021-11-26,2021,novembre,vendredi,12:55,75,75119,"48,8841790000","2,3685950000",2,2,3,1,2,4,1,0,1,3,, -1,2,0,1,4,1,27,4,2,,0,2,6,18,202100006096A01,31,1,1
202100006099,2021-11-26,2021,novembre,vendredi,14:30,75,75115,"48,8480210000","2,3017230000",2,7,7,1,2,4,1,0,1,1,, -1,2,0,1,4,1,15,2,2,,0,0,1,1,202100006099A01,,,
202100006105,2021-11-25,2021,novembre,jeudi,09:50,75,75104,"48,8560740000","2,3506880000",2,2,3,1,1,4,2,4,1,1,, -1,1,0,1,4,2,67,1,2,,0,2,8,5,202100006105B01,7,1,1
202100006146,2021-11-25,2021,novembre,jeudi,15:40,35,35070,"48,5569440000"," -1,9301390000",2,4,3,1,7,3,2,2,2,1,,4,1,0,1,3,1,69,5,1,2,0,0,6,1,202100006146B01,7,15,1
202100006162,2021-11-27,2021,novembre,samedi,15:20,44,44184,"47,2678370000"," -2,2220170000",2,2,1,1,7,4,2,2,1,1,, -1,2,5,1,4,1,18,5,2,,0,2,1,1,202100006162B01,7,15,1
202100006285,2021-11-25,2021,novembre,jeudi,17:50,75,75119,"48,8804220000","2,3796280000",2,3,2,5,8,4,2,2,1,1,, -1,2,0,1,4,2,35,1,1,2,0,2,4,1,202100006285A01,7,1,1
202100006291,2021-11-25,2021,novembre,jeudi,18:40,75,75113,"48,8368030000","2,3518670000",2,5,2,5,2,4,2,2,1,1,, -1,2, -1,6,4,1,55,1,2,,0,2,4,7,202100006291A01,7,7,1
202100006292,2021-11-25,2021,novembre,jeudi,07:54,75,75113,"48,8266870000","2,3640980000",2,1,3,1,1,4,2,3,1,1,, -1,1,0,1,4,1,38,5,2,,0,2,1,19,202100006292A01,7,1,1
202100006296,2021-11-24,2021,novembre,mercredi,17:10,75,75109,"48,8832770000","2,3469330000",2,5,6,5,1,4,1,2,1,1,, -1,1, -1,5,1,1,26,4,2,,0,1,1,1,202100006296A01,,,
202100006297,2021-11-25,2021,novembre,jeudi,09:12,75,75108,"48,8794300000","2,3142820000",2,2,6,1,1,4,1,2,1,1,, -1,1,0,1,4,1,39,1,2,,0,1,1,1,202100006297A01,,,
202100006298,2021-11-25,2021,novembre,jeudi,06:45,75,75108,"48,8751090000","2,3110880000",2,1,3,5,1,4,2,4,1,1,, -1,1, -1,6,4,2,36,5,1,2,0,2,4,7,202100006298A01,7,16,1
202100006301,2021-11-25,2021,novembre,jeudi,17:25,75,75107,"48,8575660000","2,3175330000",2,2,2,2,2,4,1,1,1,1,, -1,2,0,1,4,2,51,9,2,,0,2,3,1,202100006301B01,7,1,1
202100006303,2021-11-25,2021,novembre,jeudi,00:38,75,75107,"48,8609750000","2,3149630000",2,2,3,5,1,4,2,4,1,1,, -1,1, -1,5,4,2,30,9,2,,0,2,1,1,202100006303B01,7,16,1
202100006361,2021-10-27,2021,octobre,mercredi,15:50,22,22168,"48,8010090000"," -3,4733860000",2,2,3,1,1,4,2,2,1,1,,"5,5",1,0,1,4,2,36,5,2,,0,2,8,1,202100006361B01,7,15,1
202100006431,2021-11-23,2021,novembre,mardi,07:05,29,29019,"48,4132800000"," -4,4913800000",2,2,3,5,1,4,2,3,2,2,, -1,1,5,1,3,2,28,1,1,2,0,2,8,23,202100006431B01,7,15,1
202100006439,2021-11-24,2021,novembre,mercredi,07:45,14,14118,"49,1750000000"," -0,3792600000",2,3,3,2,1,4, -1,2,1,1,, -1,1,0,1,4,1,14,2,2,,0,2,2,26,202100006439A01,7,0,1
202100006458,2021-11-24,2021,novembre,mercredi,22:15,75,75106,"48,8424130000","2,3295550000",2,4,6,5,1,4,1,2,1,1,, -1,1,0,1,4,1,41,9,2,,12,0,3,13,202100006458A01,,,
202100006459,2021-11-24,2021,novembre,mercredi,15:40,75,75105,"48,8511147922","2,3512780666",2,2,2,1,1,4,2,3,1,1,, -1,1, -1,5,4,2,50,9,2,,0,2,4,23,202100006459B01,1,2,1
202100006459,2021-11-24,2021,novembre,mercredi,15:40,75,75105,"48,8511147922","2,3512780666",2,2,2,1,1,4,2,3,1,1,, -1,1, -1,5,1,2,26,9,2,,0,2,1,2,202100006459A01,1,23,1
202100006462,2021-11-24,2021,novembre,mercredi,12:20,75,75115,"48,8335060000","2,2865270000",2,2,6,1,1,4,1,1,1,1,, -1,1, -1,5,1,1,45,1,1,2/4,0,1,7,1,202100006462A01,,,
202100006463,2021-11-24,2021,novembre,mercredi,09:28,75,75115,"48,8323480000","2,2876780000",2,3,3,1,1,4,1,2,1,1,, -1,1, -1,5,4,1,47,1,1,2,0,2,5,1,202100006463B01,7,22,1
202100006471,2021-11-24,2021,novembre,mercredi,11:24,75,75107,"48,8517410000","2,3267680000",2,2,3,1,1,4,2,4,1,1,, -1,1, -1,5,4,2,60,9,1,2,0,2,4,1,202100006471B01,14,16,1
202100006480,2021-11-24,2021,novembre,mercredi,16:15,93,93071,"48,9298212021","2,5147832086",1,1,2,1,1,4, -1,2,1,1,, -1,1,0,1,4,1,49,1,2,,0,2,4,2,202100006480B01,7,2,1
202100006507,2021-11-23,2021,novembre,mardi,16:10,72,72334,"48,1731840000"," -0,1224800000",1,1,4,2,7,3,2,2,2,1,, -1,1,0,1,3,1,61,5,1,2,0,2,8,1,202100006507A01,7,1/2,2
202100006525,2021-11-24,2021,novembre,mercredi,17:15,77,77453,"48,5463949976","2,7833057843",1,3,3,2,1,3,2,2,1,1,, -1,1,2,1,2,1,55,5,2,,0,0,8,15,202100006525B01,7,17,1
202100006626,2021-11-22,2021,novembre,lundi,13:50,65,65440,"43,2212800000","0,0610140000",2,6,3,1,1,2,1,2,1,2,, -1,1,5,1,4,1,79,5,1,2,0,2,3,1,202100006626B01,7,14,1
202100006718,2021-11-23,2021,novembre,mardi,11:49,75,75104,"48,8508170000","2,3614360000",2,2,3,1,1,4,2,3,1,1,, -1,1, -1,5,3,1,57,5,2,,0,2,4,1,202100006718B01,14,16,1
202100006723,2021-11-23,2021,novembre,mardi,19:50,75,75114,"48,8358200000","2,3281250000",2,1,6,5,1,4,2,4,2,1,, -1,1, -1,5,1,2,34,9,1,2,0,1,1,1,202100006723A01,,,
202100006746,2021-11-24,2021,novembre,mercredi,21:00,974,97422," -21,2648100000","55,5046840000",2,1,1,5,1,4,2,2,2,2,, -1,1,0,1,3,1,16,5,2,,0,2,1,5,202100006746A01,7,1,1
202100006773,2021-11-24,2021,novembre,mercredi,11:30,13,13069,"43,6347750000","5,1520570000",2,1,7,1,1,7,2,2,1,1,, -1,1,0,1,4,1,32,5,1,2,0,0,3,2,202100006773B01,7,2,1
202100006785,2021-11-23,2021,novembre,mardi,11:00,29,29181,"48,4782604370"," -4,2864918708",1,6,6,1,1,3,1,2,1,1,, -1,1,5,1,3,1,69,5,1,2,0,2,7,1,202100006785B01,7,9,1
202100006817,2021-11-22,2021,novembre,lundi,10:50,75,75113,"48,8258030000","2,3573820000",2,3,1,1,1,4,1,1,2,2,, -1,1, -1,5,4,1,30,4,2,,0,2,1,1,202100006817B01,14,16,1
202100006844,2021-11-22,2021,novembre,lundi,19:10,76,76238,"49,5632840000","0,2237180000",2,2,1,5,1,3,2,2,1,1,, -1,1,0,1,3,1,37,1,2,,0,2,1,1,202100006844B01,7,15,1
202100006864,2021-11-23,2021,novembre,mardi,13:15,50,50567,"49,5747440000"," -1,4963400000",1,1,7,1,1,3,2,2,2,3,, -1,1,0,1,2,1,61,3,2,,0,0,0,0,202100006864A01,,,
202100006925,2021-11-21,2021,novembre,dimanche,16:00,29,29019,"48,3929600000"," -4,4792800000",2,6,2,1,7,4, -1,1,2,1,, -1,1,5,1,4,2,30,1,1,2,0,2,1,9,202100006925B01,10,9,1