Num_Acc,date,an,mois,jour,hrmn,dep,com,lat,long,agg,int,col,lum,atm,catr,circ,nbv,prof,plan,lartpc,larrout,surf,infra,situ,grav,sexe,age,trajet,secuexist,equipement,obs,obsm,choc,manv,vehiculeid,typevehicules,manoeuvehicules,numVehicules
202100006959,2021-11-22,2021,novembre,lundi,08:10,01,01069,"46,1166250000","5,2775630000",1,2,3,2,5,3,2,2,1,1,,4,1,0,1,4,1,52,1,2,,0,2,6,15,202100006959A01,7,1,1
202100006976,2021-11-16,2021,novembre,mardi,16:25,06,06065,"43,7217930000","7,1672110000",2,3,3,1,7,7,2,2,1,3,, -1,1,0,1,3,1,68,5,1,2/6,0,2,3,1,202100006976B01,99,15,1
202100007044,2021-11-20,2021,novembre,samedi,11:35,75,75120,"48,8705390000","2,3882470000",2,4,7,1,8,4,1,1,2,1,, -1,1, -1,5,4,1,29,9,2,,0,0,0,1,202100007044A01,,,
202100007046,2021-11-20,2021,novembre,samedi,11:10,75,75116,"48,8415070000","2,2665430000",2,3,3,1,1,4, -1,2,1,1,, -1,1,0,1,4,1,48,9,2,,0,2,8,15,202100007046A01,30,1,1
202100007212,2021-11-18,2021,novembre,jeudi,08:07,63,63113,"45,7763000000","3,0900600000",2,2,3,5,1,4,3,4,2,1,, -1,1,0,1,4,1,53,0,2,,0,2,1,1,202100007212B01,7,1,1
202100007283,2021-11-18,2021,novembre,jeudi,18:00,29,29019,"48,3887000000"," -4,5046600000",2,1,6,1,1,4, -1,0,1,1,, -1,1,0,1,4,1,15,2,2,,0,4,1,19,202100007283A01,40,1,1
202100007317,2021-11-19,2021,novembre,vendredi,18:05,06,06088,"43,6951650000","7,2731220000",2,1,3,5,1,4,1,1,1,1,, -1,1,6,1,4,2,55,9,1,2,0,2,0,19,202100007317B01,50,1,1
202100007334,2021-11-19,2021,novembre,vendredi,19:45,75,75119,"48,8780210000","2,3706900000",2,7,2,5,1,4,2,2,2,1,, -1,1,0,1,4,1,30,9,2,,0,2,1,1,202100007334B01,30,17,1
202100007339,2021-11-19,2021,novembre,vendredi,16:05,75,75114,"48,8291352692","2,3084324598",2,3,7,1,1,4,1,1,1,1,, -1,1,0,1,1,1,73,5,2,,0,2,0,15,202100007339A01,33,1,1
202100007342,2021-11-16,2021,novembre,mardi,18:55,75,75109,"48,8737620000","2,3406730000",2,1,3,5,1,4,1,1,1,1,, -1,1,0,1,4,1,33,5,1,2,0,2,5,18,202100007342B01,7,22,1
202100007343,2021-11-19,2021,novembre,vendredi,16:30,75,75107,"48,8580670000","2,3100070000",2,2,6,1,1,4,1,2,1,1,, -1,1,0,1,4,1,72,5,2,,0,2,1,1,202100007343B01,7,22,1
202100007346,2021-11-18,2021,novembre,jeudi,10:50,75,75107,"48,8498200000","2,3232900000",2,3,3,1,1,4,2,2,1,1,, -1,1,0,1,4,1,32,9,1,2,0,2,8,1,202100007346B01,10,2,1
202100007380,2021-11-19,2021,novembre,vendredi,13:10,38,38373,"45,3588330000","5,5581720000",2,1,3,1,1,3,2,2,1,1,, -1,1,0,1,3,1,61,5,1,2,0,2,8,1,202100007380B01,10,17,1
202100007405,2021-11-13,2021,novembre,samedi,18:10,973,97303,"5,4801846230"," -53,2111483812",1,1,3,3,1,2,2,2,1,1,,7,1,0,1,3,1,62,5,2,,0,2,1,13,202100007405B01,7,17,1
202100007433,2021-11-09,2021,novembre,mardi,21:10,75,75106,"48,8471650000","2,3280170000",2,1,1,5,1,4, -1,1,1,1,, -1,1,0,1,1,1,24,9,1,2,0,2,1,13,202100007433A01,1,1,1
202100007433,2021-11-09,2021,novembre,mardi,21:10,75,75106,"48,8471650000","2,3280170000",2,1,1,5,1,4, -1,1,1,1,, -1,1,0,1,4,1,51,9,1,2,0,2,1,1,202100007433B01,1,13,1
202100007437,2021-11-17,2021,novembre,mercredi,14:15,75,75120,"48,8634349223","2,3896336555",2,1,1,1,1,4,2,4,2,1,, -1,1, -1,5,1,2,25,9,1,2,0,2,1,13,202100007437A01,1,1,1
202100007440,2021-11-18,2021,novembre,jeudi,09:43,75,75113,"48,8322690000","2,3627940000",2,1,6,1,1,4,2,3,1,1,, -1,1, -1,5,1,1,46,5,1,2,0,1,7,1,202100007440A01,,,
202100007442,2021-11-18,2021,novembre,jeudi,09:00,75,75111,"48,8570560000","2,3712030000",2,3,2,1,1,4,1,2,1,1,, -1,1,8,1,4,2,24,9,2,,0,2,1,1,202100007442A01,10,23,1
202100007447,2021-11-18,2021,novembre,jeudi,09:50,75,75107,"48,8603650000","2,3249700000",2,1,6,1,1,4, -1,1,2,1,, -1,1,6,1,1,1,73,9,2,,0,1,1,1,202100007447A01,,,
202100007493,2021-11-18,2021,novembre,jeudi,13:45,44,44030,"47,4450110000"," -2,2454380000",2,6,1,1,1,3,2,2,1,1,, -1,1,5,1,4,2,61,3,2,,0,2,0,1,202100007493B01,7,9,1
202100007515,2021-11-16,2021,novembre,mardi,15:30,971,97112,"15,8870250000"," -61,3153650000",2,4,3,1,1,2,2,2,2,1,, -1,1,0,1,3,1,62,1,2,,0,2,0,1,202100007515A01,7,15,1
202100007527,2021-11-19,2021,novembre,vendredi,13:15,14,14488,"49,2801590000"," -0,2517580000",2,3,3,1,1,3,2,2,1,1,,4,1,0,1,3,1,15,5,2,,0,2,3,16,202100007527B01,7,1,1
202100007529,2021-11-18,2021,novembre,jeudi,16:00,22,22081,"48,4851970000"," -2,6402000000",2,1,7,1,1,4, -1,2,1,1,,4,1,0,1,3,1,74,5,1,2,6,0,1,1,202100007529A01,,,
202100007657,2021-11-16,2021,novembre,mardi,10:05,75,75115,"48,8330830000","2,2874270000",2,1,7,1,1,4,3,3,1,1,, -1,1, -1,5,4,1,73,5,1,2,0,2,7,21,202100007657A01,,,
202100007665,2021-11-17,2021,novembre,mercredi,14:00,75,75111,"48,8630930000","2,3684950000",2,1,1,1,1,4,1,1,1,1,, -1,1,0,1,1,2,33,9,1,2,0,2,1,5,202100007665A01,34,17,1
202100007665,2021-11-17,2021,novembre,mercredi,14:00,75,75111,"48,8630930000","2,3684950000",2,1,1,1,1,4,1,1,1,1,, -1,1,0,1,4,1,4,9,1,3,0,2,1,5,202100007665A01,34,17,1
202100007714,2021-10-11,2021,octobre,lundi,14:40,88,88516,"48,1925730000","5,9268500000",1,1,7,1,1,3,3,4,4,1,, -1,1,0,3,2,1,71,5,1,2,0,0,0,1,202100007714A01,,,
202100007728,2021-11-17,2021,novembre,mercredi,14:40,81,81225,"43,9192720000","1,9646220000",1,1,3,1,1,3, -1,2,1,1,, -1,1,0,1,4,2,21,9,2,,0,2,1,11,202100007728B01,13,17,1
202100007776,2021-11-15,2021,novembre,lundi,09:50,78,78029,"48,9614550000","1,8579590000",2,6,3,1,8,3,1,2,1,1,, -1,1,0,1,4,2,81,0,2,,0,2,0,5,202100007776B01,7,9,1
202100007801,2021-11-11,2021,novembre,jeudi,01:12,54,54395,"48,6798900000","6,2008000000",2,1,7,3,1,4,2,1,1,1,, -1,1,0,5,2,1,42,0,2,,0,0,0,0,202100007801A01,,,
202100007839,2021-11-15,2021,novembre,lundi,12:40,10,10362,"48,3024800000","4,0282600000",1,9,3,1,2,3,1,2,1,3,, -1,2,5,1,4,1,31,4,1,2,0,2,0,0,202100007839B01,7,0,1
202100007885,2021-10-27,2021,octobre,mercredi,17:00,68,68269,"48,1918540000","7,3363410000",2,1,3,1,1,3,2,2,1,1,, -1,1,0,1,4,2,33,1,2,,0,2,7,0,202100007885B01,7,19,1
202100007925,2021-11-17,2021,novembre,mercredi,15:30,50,50298,"49,2743080000"," -1,2784160000",1,3,6,1,7,3,2,2,1,1,, -1,1,0,1,1,1,23,5,1,2,0,2,1,1,202100007925B01,7,15,1
202100007925,2021-11-17,2021,novembre,mercredi,15:30,50,50298,"49,2743080000"," -1,2784160000",1,3,6,1,7,3,2,2,1,1,, -1,1,0,1,4,1,58,5,1,2,0,2,1,1,202100007925E01,7,15,1
202100007925,2021-11-17,2021,novembre,mercredi,15:30,50,50298,"49,2743080000"," -1,2784160000",1,3,6,1,7,3,2,2,1,1,, -1,1,0,1,3,1,71,9,1,2,0,2,1,1,202100007925D01,7,15,1
202100007925,2021-11-17,2021,novembre,mercredi,15:30,50,50298,"49,2743080000"," -1,2784160000",1,3,6,1,7,3,2,2,1,1,, -1,1,0,1,4,1,61,5,1,2,0,2,1,1,202100007925C01,7,15,1
202100008006,2021-11-12,2021,novembre,vendredi,14:12,63,63164,"45,8282500000","3,1433000000",2,1,2,1,1,4,1,2,1,1,, -1,1,0,1,4,1,65,0,1,2,0,2,1,26,202100008006A01,7,1,1
202100008008,2021-11-15,2021,novembre,lundi,20:12,54,54395,"48,6873000000","6,1836500000",2,1,3,5,1,4,2,3,1,1,, -1,1,0,1,4,1,31,0,2,,0,2,8,13,202100008008A01,7,1,1
202100008016,2021-11-13,2021,novembre,samedi,16:58,47,47001,"44,2044200000","0,6141800000",2,1,6,1,1,4,4,2,1,1,, -1,1,0,1,1,1,14,5,2,,0,1,3,1,202100008016A01,,,
202100008046,2021-11-15,2021,novembre,lundi,18:00,75,75119,"48,8873190000","2,3947400000",2,3,6,5,1,4,2,3,1,1,, -1,1,0,1,4,1,40,9,2,,0,2,1,1,202100008046B01,7,22,1
202100008050,2021-10-22,2021,octobre,vendredi,08:40,75,75114,"48,8401580000","2,3218850000",2,4,3,1,1,4,1,1,1,1,, -1,1,0,1,3,1,34,9,2,,0,2,1,1,202100008050B01,7,22,1
202100008054,2021-11-15,2021,novembre,lundi,17:50,75,75108,"48,8766470000","2,3177000000",2,2,3,5,2,4,1,2,1,1,, -1,2, -1,5,4,2,31,9,2,,0,2,1,1,202100008054B01,7,16,1
202100008055,2021-11-15,2021,novembre,lundi,14:45,75,75107,"48,8547470000","2,3259310000",2,4,3,1,8,4,1,0,1,1,, -1,1, -1,6,4,1,55,5,2,,0,2,8,13,202100008055B01,37,7,1
202100008074,2021-11-14,2021,novembre,dimanche,19:00,51,51346,"49,0828610000","3,7348370000",1,1,3,3,1,3,2,2,2,1,, -1,1,0,1,3,1,20,5,2,,0,2,3,1,202100008074B01,10,17,1
202100008145,2021-11-14,2021,novembre,dimanche,20:00,75,75109,"48,8783070000","2,3375480000",2,7,2,5,1,4,1,1,1,2,, -1,1,0,1,4,1,35,4,2,,0,2,4,1,202100008145B01,7,1,1
202100008173,2021-11-15,2021,novembre,lundi,12:30,76,76595,"49,6356720000","0,1905070000",1,4,6,1,1,3,2,2,1,2,,4,1,0,1,3,1,60,5,1,2,0,2,8,15,202100008173B01,7,1,1
202100008361,2021-11-12,2021,novembre,vendredi,07:45,75,75119,"48,8892210000","2,3938780000",2,1,3,2,1,4,1,2,1,1,, -1,1, -1,5,4,1,29,9,2,,0,2,1,1,202100008361B01,7,16,1
202100008363,2021-11-12,2021,novembre,vendredi,17:55,75,75116,"48,8724820000","2,2939580000",2,2,6,5,1,4,1,1,1,1,, -1,1, -1,5,1,1,30,2,1,2/6,0,1,1,1,202100008363A01,,,
202100008369,2021-11-12,2021,novembre,vendredi,19:45,75,75109,"48,8760090000","2,3445220000",2,3,2,5,1,4,1,3,1,1,, -1,1,0,1,4,2,21,5,2,,0,2,4,13,202100008369A01,30,17,1
202100008386,2021-10-28,2021,octobre,jeudi,15:30,84,84069,"44,1755520000","5,1316450000",2,1,3,1,1,3,2,2,1,1,, -1,1,0,1,3,1,71,5,1,2,0,2,6,1,202100008386B01,10,11,1
202100008394,2021-11-12,2021,novembre,vendredi,14:30,55,55083,"49,5168450000","5,2607310000",2,1,7,1,1,4,2,2,1,1,,4,1,0,1,3,1,67,5,1,2,0,0,9,1,202100008394A01,,,
202100008427,2021-11-09,2021,novembre,mardi,16:00,62,62865,"50,3332800000","2,9847380000",2,6,3,1,7,3, -1,1,1,2,, -1,1,0,1,3,1,68,5,2,,0,2,1,1,202100008427B01,7,1,1
202100008464,2021-11-11,2021,novembre,jeudi,11:25,54,54304,"48,6851600000","6,1558100000",2,2,1,1,1,4,1,1,1,1,, -1,1,0,1,4,1,48,0,1,2,0,2,1,1,202100008464B01,7,1,1
202100008466,2021-11-10,2021,novembre,mercredi,18:35,54,54395,"48,6985000000","6,1668000000",2,2,3,5,1,4,2,2,1,1,, -1,1,0,1,4,1,20,5,1,2,0,2,8,1,202100008466B01,7,17,1
202100008501,2021-11-11,2021,novembre,jeudi,02:30,75,75113,"48,8345580000","2,3578000000",2,2,6,5,1,4,2,4,2,1,, -1,1, -1,5,4,1,26,9,2,,12,0,0,14,202100008501A01,,,
202100008502,2021-11-11,2021,novembre,jeudi,08:14,75,75109,"48,8719990000","2,3400430000",2,5,3,1,1,4,1,2,1,1,, -1,1,0,1,4,1,46,9,2,,0,2,7,1,202100008502B01,7,1,1
202100008570,2021-11-11,2021,novembre,jeudi,10:30,29,29058,"47,8980310000"," -4,0144730000",2,6,2,1,1,3,1,2,1,1,, -1,1,5,1,3,1,68,5,1,2,0,2,4,15,202100008570B01,7,15,1
202100008597,2021-11-09,2021,novembre,mardi,08:35,75,75115,"48,8372340000","2,2964420000",2,2,7,1,1,4,2,2,2,1,, -1,1,0,1,4,2,27,1,2,,0,0,1,1,202100008597A01,,,
202100008599,2021-11-10,2021,novembre,mercredi,17:30,75,75113,"48,8314590000","2,3760030000",2,2,6,2,1,4, -1,1,3,1,, -1,1,0,4,4,2,54,1,1,2,0,1,1,25,202100008599A01,,,
202100008605,2021-11-10,2021,novembre,mercredi,10:00,75,75116,"48,8363940000","2,2637730000",2,4,3,1,1,4,1,2,1,1,, -1,1, -1,5,4,2,33,9,1,2,0,2,5,19,202100008605B01,32,1,1
202100008631,2021-11-11,2021,novembre,jeudi,11:45,62,62105,"50,7461930000","1,7587790000",2,1,7,1,1,3,2,2,1,1,, -1,2,0,1,3,1,58,5,1,2,0,0,0,1,202100008631A01,,,
202100008734,2021-11-08,2021,novembre,lundi,14:30,14,14327,"49,2074600000"," -0,3172400000",2,3,3,1,1,3,3,2,4,3,, -1,1,0,1,3,1,61,0,2,,0,2,1,1,202100008734B01,21,15,1
202100008749,2021-11-09,2021,novembre,mardi,19:45,75,75117,"48,8812010000","2,3155550000",2,3,3,5,1,4,2,4,1,1,, -1,1,0,1,4,2,65,1,2,,0,2,4,15,202100008749B01,32,14,1
202100008757,2021-11-09,2021,novembre,mardi,17:15,75,75112,"48,8433300000","2,4053840000",2,3,3,2,1,4,2,2,1,1,, -1,1,0,1,4,2,65,5,1,2/4,0,2,8,13,202100008757A01,7,17,1
202100008758,2021-11-09,2021,novembre,mardi,16:50,75,75112,"48,8473450000","2,3867350000",2,2,6,1,1,4,2,2,1,1,, -1,1, -1,5,1,1,41,1,1,2,0,1,5,1,202100008758A01,,,
202100008761,2021-11-09,2021,novembre,mardi,09:10,75,75107,"48,8580680000","2,3100070000",2,2,3,1,1,4,2,2,1,1,, -1,1, -1,6,4,1,23,1,2,,0,2,7,5,202100008761A01,7,15,1
202100008843,2021-11-08,2021,novembre,lundi,10:00,75,75116,"48,8587670000","2,2750330000",2,1,2,1,1,4,2,2,1,1,, -1,1,0,1,4,1,23,5,2,,0,2,1,2,202100008843A01,7,23,1
202100008845,2021-11-07,2021,novembre,dimanche,02:25,75,75115,"48,8286230000","2,3014220000",2,2,3,5,1,4,1,3,1,1,, -1,2, -1,5,4,1,18,9,2,,0,2,1,1,202100008845A01,7,1,1
202100008845,2021-11-07,2021,novembre,dimanche,02:25,75,75115,"48,8286230000","2,3014220000",2,2,3,5,1,4,1,3,1,1,, -1,2, -1,5,1,1,19,9,2,,0,2,1,1,202100008845A01,7,1,1
202100008849,2021-11-08,2021,novembre,lundi,09:30,75,75108,"48,8746760000","2,3200480000",2,2,4,1,1,4,1,4,1,1,, -1,1,5,1,4,1,48,5,2,,0,2,8,23,202100008849B01,37/ 7,16/23,2
202100008850,2021-11-08,2021,novembre,lundi,08:00,75,75107,"48,8526990000","2,3085580000",2,2,3,1,1,4,2,2,1,1,, -1,1,0,1,4,1,16,2,2,,1,0,2,1,202100008850B01,7,22,1
202100008883,2021-11-08,2021,novembre,lundi,15:00,14,14100,"49,0504473312"," -0,3198950000",2,1,2,1,1,3,2,2,1,1,, -1,1,0,1,4,1,51,0,2,,0,2,1,2,202100008883A01,7,2,1
202100008885,2021-10-27,2021,octobre,mercredi,15:15,45,45193,"47,7811400000","2,0185980000",1,1,3,1,7,3,2,2,1,1,, -1,1,0,1,4,2,73,5,1,4,0,2,3,2,202100008885B01,7,2,1
202100008963,2021-11-07,2021,novembre,dimanche,15:45,75,75119,"48,8830180000","2,3695880000",2,7,2,1,1,4,1,1,1,3,, -1,1, -1,5,4,1,47,3,2,,0,2,4,11,202100008963A01,7,1,1
202100008966,2021-11-07,2021,novembre,dimanche,11:32,75,75116,"48,8416890000","2,2668650000",2,3,3,1,1,4,3,3,1,1,, -1,1,0,1,4,1,34,5,1,2/4,0,2,1,1,202100008966A01,7,10,1
202100008968,2021-11-07,2021,novembre,dimanche,16:50,75,75112,"48,8281230000","2,4096820000",2,1,3,2,1,4,2,1,1,1,, -1,1,0,1,1,2,28,5,2,,0,2,1,17,202100008968A01,50,10,1
202100008969,2021-11-07,2021,novembre,dimanche,01:30,75,75112,"48,8291900000","2,3902620000",2,3,3,5,1,4,2,2,1,1,, -1,1,0,1,4,2,25,9,2,,0,2,1,19,202100008969A01,7,16,1
202100008971,2021-11-07,2021,novembre,dimanche,22:45,75,75103,"48,8652420000","2,3519780000",2,2,3,5,1,4,1,3,1,1,, -1,1,0,1,4,1,40,9,2,,0,2,1,16,202100008971B01,30,15,1
202100008989,2021-11-08,2021,novembre,lundi,16:00,51,51146,"48,8936820000","4,2363510000",1,2,3,1,1,3,2,2,1,1,, -1,1,0,1,4,1,73,5,1,4/2,0,2,2,1,202100008989B01,7,1,1
202100009000,2021-10-13,2021,octobre,mercredi,17:00,14,14740,"49,0050730000","0,3965690000",1,1,1,1,1,3,2,2,1,1,, -1,1,0,1,4,1,46,5,1,2,0,2,1,1,202100009000B01,16,19,1
202100009011,2021-11-05,2021,novembre,vendredi,16:50,40,40317,"43,6868840000"," -1,3347990000",2,4,1,2,1,3,2,2,1,3,, -1,1,5,1,4,1,64,5,2,,0,2,0,1,202100009011B01,7,15,1
202100009016,2021-11-08,2021,novembre,lundi,13:45,69,69244,"45,7657890000","4,7516750000",2,6,3,1,1,7,1,1,1,2,,4,1,9,1,3,1,67,5,1,2/6,0,2,1,1,202100009016B01,10,9,1
202100009118,2021-11-06,2021,novembre,samedi,01:50,75,75116,"48,8732940000","2,2955390000",2,7,3,5,1,4,1,5,1,2,, -1,1,0,1,4,1,24,9,2,,0,2,1,1,202100009118B01,7,16,1
202100009120,2021-11-06,2021,novembre,samedi,00:55,75,75113,"48,8402500000","2,3702150000",2,1,7,5,1,4,2,4,2,1,, -1,1, -1,5,4,1,29,5,2,,0,0,0,1,202100009120A01,,,
202100009179,2021-10-10,2021,octobre,dimanche,09:00,57,57124,"49,4019780000","6,2484470000",1,9,3,1,7,3,2,2,1,2,, -1,1,0,1,3,1,66,5,1,2,0,2,3,1,202100009179B01,7,17,1
202100009233,2021-11-05,2021,novembre,vendredi,13:07,65,65440,"43,2323360000","0,0712930000",2,9,6,1,3,9, -1,0,1,1,, -1,2,0,4,1,1,28,1,2,,0,1,0,25,202100009233A01,,,
202100009282,2021-11-04,2021,novembre,jeudi,09:00,75,75103,"48,8664660000","2,3647780000",2,7,3,1,8,4,2,4,1,3,, -1,2, -1,5,2,1,31,9,1,2,0,2,4,1,202100009282B01,14,16,1
202100009284,2021-11-05,2021,novembre,vendredi,13:30,75,75119,"48,8988990000","2,3809590000",2,1,6,1,1,4,1,1,1,1,, -1,1, -1,5,1,1,46,1,1,2/6,0,1,2,1,202100009284A01,,,
202100009286,2021-11-05,2021,novembre,vendredi,08:20,75,75118,"48,8999160000","2,3358180000",2,1,2,1,8,4,2,4,2,1,, -1,1,0,1,4,2,55,1,2,,0,2,4,13,202100009286B01,7,1,1
202100009293,2021-11-05,2021,novembre,vendredi,10:00,75,75111,"48,8666400000","2,3673120000",2,4,3,1,8,4,2,4,1,1,, -1,1, -1,5,4,1,29,9,1,2,0,2,1,1,202100009293B01,7,15,1
202100009294,2021-11-03,2021,novembre,mercredi,19:00,75,75104,"48,8582290000","2,3491020000",2,3,1,5,1,4,2,4,1,1,, -1,1, -1,5,4,2,43,5,1,2,0,2,1,1,202100009294B01,80,13,1
202100009336,2021-11-05,2021,novembre,vendredi,14:10,49,49030,"47,3622070000"," -0,0407940000",1,1,2,1,1,3,2,2,1,1,, -1,1,0,1,3,1,18,5,1,2,0,2,5,1,202100009336B01,7,1,1
202100009368,2021-11-05,2021,novembre,vendredi,07:30,68,68287,"47,9603730000","7,3057560000",2,3,3,2,2,4,2,2,1,1,,6,2,0,1,3,2,58,1,2,,0,0,7,1,202100009368B01,7,15,1
202100009372,2021-11-05,2021,novembre,vendredi,17:25,22,22008,"48,4139030000"," -2,0963230000",1,1,3,1,7,4,2,2,1,1,,5,1,0,1,3,1,76,5,2,,0,0,8,1,202100009372B01,7,2,1
202100009393,2021-08-10,2021,août,mardi,14:55,75,75116,"48,8502330000","2,2669750000",2,1,6,1,1,4,1,2,4,1,, -1,1,0,1,1,2,49,3,1,2,0,1,1,1,202100009393A01,,,
202100009443,2021-11-04,2021,novembre,jeudi,17:30,26,26198,"44,5312890000","4,7445910000",2,1,1,5,1,2,2,2,1,1,, -1,1,0,1,4,1,35,1,1,2/6,0,2,0,1,202100009443B01,7,15,1
202100009459,2021-11-04,2021,novembre,jeudi,17:23,75,75105,"48,8376940000","2,3455070000",2,2,3,3,2,4,2,4,1,1,, -1,2,0,1,1,1,63,1,2,,0,2,0,19,202100009459B01,32,1,1
202100009461,2021-11-04,2021,novembre,jeudi,17:00,75,75115,"48,8326990000","2,2883630000",2,3,7,2,3,4,1,1,1,1,, -1,2, -1,5,4,1,49,1,2,,0,0,0,1,202100009461A01,,,
202100009462,2021-11-04,2021,novembre,jeudi,08:45,75,75114,"48,8228390000","2,3275960000",2,1,6,1,8,4,2,8,1,1,, -1,2, -1,5,4,1,60,1,2,,9,0,1,1,202100009462A01,,,
202100009465,2021-11-04,2021,novembre,jeudi,14:05,75,75111,"48,8577990000","2,3709400000",2,2,6,1,8,4,1,2,1,1,, -1,1, -1,5,4,1,36,9,2,,0,0,0,21,202100009465A01,,,
202100009504,2021-11-04,2021,novembre,jeudi,21:45,62,62502,"50,6145150000","2,6888930000",2,1,2,5,3,3,2,2,1,1,, -1,2,0,5,4,1,21,5,1,9,0,0,4,2,202100009504A01,7,2,1
202100009515,2021-11-04,2021,novembre,jeudi,10:37,44,44154,"47,2214092436"," -2,1612864733",2,2,3,1,1,4,2,2,1,1,,5,2,0,1,3,2,76,0,2,,0,2,1,2,202100009515B01,7,19,1
202100009613,2021-11-03,2021,novembre,mercredi,16:15,75,75120,"48,8575990000","2,3993380000",2,2,3,1,8,4,2,2,1,1,, -1,2,0,1,4,1,23,4,1,2,0,2,8,13,202100009613A01,32,17,1
202100009624,2021-11-03,2021,novembre,mercredi,11:40,75,75110,"48,8725640000","2,3762320000",2,4,7,1,1,4,2,2,1,1,, -1,1, -1,5,4,1,17,9,1,2,0,0,1,21,202100009624A01,,,
202100009626,2021-11-02,2021,novembre,mardi,19:00,75,75109,"48,8734170000","2,3296950000",2,3,3,5,1,4,1,4,1,1,, -1,1, -1,6,4,1,22,9,1,2,0,2,8,7,202100009626B01,32,16,1
202100009654,2021-10-28,2021,octobre,jeudi,17:15,31,31022,"43,6748996570","1,4324254293",2,4,3,1,1,4,2,2,1,1,,4,1,0,1,3,2,39,1,2,,0,0,7,11,202100009654B01,7,17,1
202100009658,2021-11-02,2021,novembre,mardi,16:00,66,66021,"42,7266030000","2,9466100000",1,6,3,1,7,3,1,1,1,3,, -1,1,0,1,3,1,71,5,1,2,0,2,7,1,202100009658B01,7,1,1
202100009695,2021-11-03,2021,novembre,mercredi,22:35,79,79049,"46,8349120000"," -0,4815050000",2,6,3,5,1,3, -1,2,1,1,, -1,1,5,1,4,1,36,5,1,4,0,2,7,1,202100009695B01,7,1,1
202100009697,2021-11-03,2021,novembre,mercredi,11:00,22,22388,"48,4365180000"," -2,1446410000",1,4,3,1,7,2,3,4,1,1,, -1,1,3,1,4,1,67,0,1,2,0,2,7,1,202100009697B01,7,15,1
202100009825,2021-10-21,2021,octobre,jeudi,15:35,31,31035,"43,5354130000","1,4839050000",2,1,2,1,1,3,2,2,1,1,,4,1,0,6,3,1,21,5,1,2,0,2,3,1,202100009825B01,37,17,1
202100009845,2021-11-02,2021,novembre,mardi,14:50,53,53155,"48,2825290000"," -0,8771570000",1,1,7,1,1,4,2,2,2,1,, -1,1,0,3,2,1,62,5,1,2/4,13,0,0,13,202100009845A01,,,
202100009948,2021-10-07,2021,octobre,jeudi,06:45,74,74165,"45,8278050000","5,9885250000",1,1,6,3,1,3,2,2,1,2,, -1,1,0,1,3,1,18,1,1,2,0,2,0,2,202100009948B01,13,2,1
202100010042,2021-10-31,2021,octobre,dimanche,14:30,75,75112,"48,8437000000","2,4100970000",2,3,3,1,2,4,1,2,1,1,, -1,2,0,5,4,1,20,9,2,,0,2,1,1,202100010042B01,7,9,1
202100010074,2021-10-31,2021,octobre,dimanche,16:25,39,39434,"46,8358490000","5,7085640000",2,1,7,1,1,4,1,1,2,1,,"1,4",1,0,4,3,1,41,5,2,,0,0,0,26,202100010074A01,,,
202100010095,2021-11-01,2021,novembre,lundi,11:10,95,95042,"49,0571220000","2,2970870000",1,1,5,1,7,3,2,2,1,3,, -1,1,0,1,4,1,45,5,1,2/6,0,2,1,13,202100010095A01,7,1,1
202100010095,2021-11-01,2021,novembre,lundi,11:10,95,95042,"49,0571220000","2,2970870000",1,1,5,1,7,3,2,2,1,3,, -1,1,0,1,4,1,43,5,1,2/6,0,2,3,13,202100010095B01,7,1,1
202100010167,2021-10-29,2021,octobre,vendredi,23:57,75,75119,"48,8947710000","2,3823290000",2,3,3,5,2,4,3,5,1,1,, -1,2,0,1,4,1,41,9,2,,0,2,1,17,202100010167A01,30,16,1
202100010209,2021-10-09,2021,octobre,samedi,10:55,44,44195,"47,3410070000"," -1,8960640000",1,1,1,1,1,4,2,2,1,2,,4,1,0,3,4,1,41,5,1,2,0,2,7,23,202100010209B01,7,1,1
202100010305,2021-10-29,2021,octobre,vendredi,19:00,54,54159,"48,6290900000","6,3634400000",1,1,6,2,1,3,2,2,1,1,, -1,1,0,1,4,1,15,5,2,,0,2,4,1,202100010305C01,10,26,1
202100010305,2021-10-29,2021,octobre,vendredi,19:00,54,54159,"48,6290900000","6,3634400000",1,1,6,2,1,3,2,2,1,1,, -1,1,0,1,4,1,14,5,2,,0,2,4,1,202100010305B01,10,26,1