Num_Acc,date,an,mois,jour,hrmn,dep,com,lat,long,agg,int,col,lum,atm,catr,circ,nbv,prof,plan,lartpc,larrout,surf,infra,situ,grav,sexe,age,trajet,secuexist,equipement,obs,obsm,choc,manv,vehiculeid,typevehicules,manoeuvehicules,numVehicules
202100010344,2021-10-29,2021,octobre,vendredi,01:05,75,75120,"48,8644210000","2,3980710000",2,2,3,5,1,4,2,2,1,1,, -1,1,0,1,1,1,26,9,2,,0,2,2,1,202100010344B01,30,1,1
202100010347,2021-10-29,2021,octobre,vendredi,09:50,75,75116,"48,8579300000","2,2879140000",2,3,2,1,1,4,1,3,1,1,, -1,1,0,1,1,1,17,9,1,2,0,2,4,19,202100010347A01,33,1,1
202100010349,2021-10-29,2021,octobre,vendredi,13:00,75,75114,"48,8375420000","2,3230240000",2,2,3,1,2,4,1,1,1,1,, -1,2,0,5,4,1,24,5,2,,0,2,1,1,202100010349B01,43,9,1
202100010372,2021-10-27,2021,octobre,mercredi,16:10,93,93066,"48,9181622246","2,3571313876",2,3,3,1,1,3,1,2,1,1,, -1,1,0,1,3,1,51,1,2,,0,2,1,1,202100010372B01,37,16,1
202100010399,2021-09-02,2021,septembre,jeudi,15:30,51,51287,"49,0933360557","3,9403481312",1,1,7,1,1,3,2,2,1,1,, -1,1,0,3,4,1,28,5,1,2,0,0,0,1,202100010399A01,,,
202100010408,2021-10-28,2021,octobre,jeudi,12:20,44,44029,"47,2674330000"," -1,3420270000",2,6,3,1,1,3,1,1,1,1,, -1,1,5,1,3,1,65,5,2,,0,2,3,16,202100010408B01,7,16,1
202100010443,2021-10-29,2021,octobre,vendredi,17:20,69,69069,"45,7459180000","4,7323940000",2,3,3,1,1,4,2,2,1,1,, -1,1,0,1,3,1,56,3,1,2/4,0,2,5,1,202100010443B01,7,9,1
202100010509,2021-10-27,2021,octobre,mercredi,07:56,63,63113,"45,7879300000","3,1225200000",2,5,1,4,1,7,2,3,1,1,,4,1,5,1,2,1,44,1,2,,0,2,1,1,202100010509B01,7,15,1
202100010559,2021-10-27,2021,octobre,mercredi,16:40,75,75117,"48,8942620000","2,3136100000",2,2,6,1,1,4,2,6,1,1,, -1,1, -1,5,1,2,53,1,2,,0,1,1,1,202100010559A01,,,
202100010563,2021-10-27,2021,octobre,mercredi,20:30,75,75114,"48,8246990000","2,3259710000",2,3,3,5,1,4,2,3,1,1,, -1,1, -1,5,4,2,26,5,2,,0,2,8,1,202100010563A01,2,16,1
202100010570,2021-10-27,2021,octobre,mercredi,20:45,75,75102,"48,8702960000","2,3326900000",2,7,3,5,1,4,1,2,1,1,, -1,1, -1,6,4,2,26,9,1,2,0,2,8,1,202100010570A01,1,1,1
202100010570,2021-10-27,2021,octobre,mercredi,20:45,75,75102,"48,8702960000","2,3326900000",2,7,3,5,1,4,1,2,1,1,, -1,1, -1,6,1,1,23,5,2,,0,2,1,1,202100010570B01,1,1,1
202100010597,2021-10-28,2021,octobre,jeudi,14:00,12,12208,"43,9558660000","2,8597230000",1,2,3,1,1,3,2,1,1,1,,"3,5",1,0,1,4,1,14,5,2,,0,2,7,19,202100010597B01,7,1,1
202100010601,2021-10-27,2021,octobre,mercredi,16:55,28,28022,"48,4738170000","1,4109490000",1,1,2,1,1,3,2,2,1,1,, -1,1,0,1,3,1,43,5,2,,0,0,4,1,202100010601B01,7,1,1
202100010602,2021-10-28,2021,octobre,jeudi,13:58,85,85215,"46,8484430000"," -1,1696160000",2,1,3,1,1,4,1,2,1,1,,4,1,0,1,4,1,10,5,2,,0,2,1,19,202100010602B01,7,1,1
202100010616,2021-10-28,2021,octobre,jeudi,16:45,38,38416,"45,1473300000","5,3072120000",2,6,2,1,1,3,2,2,1,1,, -1,1,0,5,4,2,54,0,2,,0,0,6,1,202100010616B01,7,12,1
202100010623,2021-10-28,2021,octobre,jeudi,14:40,90,90044,"47,7092330000","6,9656860000",1,3,3,1,7,3,2,2,2,1,, -1,1,0,1,3,1,96,5,1,2/4,0,2,1,1,202100010623B01,7,15,1
202100010631,2021-10-28,2021,octobre,jeudi,12:25,95,95394,"49,0693150000","2,1793750000",2,1,6,1,1,3,2,2,1,1,, -1,1,0,5,4,1,72,5,1,2/6,0,0,8,1,202100010631A01,,,
202100010641,2021-10-29,2021,octobre,vendredi,12:45,74,74079,"45,8574470000","6,3293110000",1,4,3,1,1,3,2,2,2,1,, -1,1,0,1,3,1,55,0,1,2,0,2,1,1,202100010641B01,7,15,1
202100010656,2021-10-28,2021,octobre,jeudi,12:00,59,59133,"50,5218430600","2,9629505200",2,6,3,1,1,7,2,2,1,2,, -1,1,0,1,4,1,43,5,1,2/6,0,2,1,2,202100010656B01,10,2,1
202100010701,2021-10-19,2021,octobre,mardi,14:41,63,63113,"45,7954500000","3,1043600000",1,1,2,1,1,7,3,5,1,1,, -1,1,0,1,2,1,77,5,2,,0,2,4,0,202100010701B01,7,1,1
202100010738,2021-10-27,2021,octobre,mercredi,19:35,75,75116,"48,8639210000","2,2905000000",2,2,2,5,1,4,3,6,2,1,, -1,1, -1,6,4,1,60,9,1,2,0,2,4,2,202100010738B01,7,2,1
202100010742,2021-10-27,2021,octobre,mercredi,12:40,75,75101,"48,8605520000","2,3493540000",2,2,6,1,1,4,2,4,1,1,, -1,1, -1,5,1,1,34,4,2,,0,1,1,1,202100010742A01,,,
202100010761,2021-10-27,2021,octobre,mercredi,16:40,86,86183,"46,9519790000","0,6466357000",1,1,2,1,1,3,2,2,1,1,, -1,1,0,1,3,1,72,5,1,2,0,2,4,2,202100010761B01,7,2,1
202100010790,2021-10-27,2021,octobre,mercredi,17:02,45,45146,"47,7199940000","1,9309920000",1,1,3,1,7,4,2,2,1,1,,4,1,0,1,4,2,41,5,2,,0,2,0,1,202100010790B01,7,1,1
202100010807,2021-10-26,2021,octobre,mardi,11:40,67,67329,"48,4512680000","7,5212250000",1,2,1,1,1,3,2,2,1,1,, -1,1,0,1,4,1,13,5,2,,0,2,3,19,202100010807B01,7,1,1
202100010810,2021-10-28,2021,octobre,jeudi,17:15,54,54196,"48,5599440000","6,1852812762",1,2,6,2,1,3,2,1,2,1,, -1,1,0,1,4,1,46,5,1,2,0,2,1,1,202100010810C01,7,15,1
202100010810,2021-10-28,2021,octobre,jeudi,17:15,54,54196,"48,5599440000","6,1852812762",1,2,6,2,1,3,2,1,2,1,, -1,1,0,1,4,1,17,5,1,2,0,2,1,1,202100010810B01,7,15,1
202100010817,2021-10-28,2021,octobre,jeudi,09:08,44,44215,"47,1773750000"," -1,4634130000",2,6,3,1,1,7, -1,1,1,1,, -1,1,5,1,3,1,59,5,1,9,0,2,8,12,202100010817B01,7,11,1
202100010918,2021-10-25,2021,octobre,lundi,19:40,14,14137,"49,1895800000"," -0,4418200000",2,1,6,3,1,3, -1,1,1,1,, -1,2,0,1,3,1,21,1,2,,0,2,0,2,202100010918B01,7,0,1
202100010923,2021-10-25,2021,octobre,lundi,20:45,12,12176,"44,3966600000","2,5071000000",1,1,2,3,1,3,2,2,1,1,, -1,1,0,1,3,1,21,5,2,,0,2,4,1,202100010923B01,7,2,1
202100010938,2021-10-26,2021,octobre,mardi,09:25,75,75110,"48,8739690000","2,3485760000",2,1,1,1,1,4,2,2,1,1,, -1,1, -1,5,4,1,37,1,1,2,0,2,1,1,202100010938B01,7,13,1
202100010960,2021-10-26,2021,octobre,mardi,15:55,01,01075,"46,0235430000","4,7938930000",1,2,3,1,1,4,3,2,1,1,,4,1,0,1,3,1,21,0,1,2,0,2,1,1,202100010960B01,7,1,1
202100010964,2021-10-27,2021,octobre,mercredi,13:30,83,83057,"43,3793200000","6,2089490000",1,1,2,1,1,3,2,2,1,1,, -1,1,0,1,3,1,89,5,1,2/4,0,0,4,1,202100010964B01,13,17,1
202100010978,2021-10-26,2021,octobre,mardi,18:50,38,38140,"45,2768950000","5,8726300000",2,6,3,5,9,3,1,2,1,2,, -1,1,0,1,4,1,25,1,1,1,0,2,7,1,202100010978B01,7,2,1
202100010979,2021-10-25,2021,octobre,lundi,10:45,38,38140,"45,2839660000","5,8827830000",2,1,3,1,7,3, -1,2,1,1,, -1,1,0,1,4,1,54,5,1,2,0,2,1,9,202100010979B01,10,20,1
202100010984,2021-10-26,2021,octobre,mardi,15:10,14,14172,"49,3369520000"," -0,7326940000",1,1,7,1,1,3,2,2,3,1,, -1,1,0,3,3,1,68,5,1,2,0,0,8,1,202100010984A01,,,
202100010996,2021-10-26,2021,octobre,mardi,19:45,973,97304,"5,1755634617"," -52,6497318596",2,1,1,3,1,4,2,2,1,1,,4,1,5,8,2,1,72,5,2,,0,2,1,9,202100010996B01,7,0,1
202100011000,2021-10-26,2021,octobre,mardi,20:00,13,13096,"43,4638530000","4,3961190000",1,1,2,3,1,3,2,2,1,1,, -1,1,0,1,3,2,57,5,2,,0,0,4,2,202100011000B01,10,2,1
202100011000,2021-10-26,2021,octobre,mardi,20:00,13,13096,"43,4638530000","4,3961190000",1,1,2,3,1,3,2,2,1,1,, -1,1,0,1,3,2,52,5,2,,0,0,4,2,202100011000C01,10,2,1
202100011040,2021-10-25,2021,octobre,lundi,17:50,06,06123,"43,6675430000","7,1923880000",2,1,3,1,1,7,2,2,1,1,, -1,1,6,4,4,1,16,5,2,,0,2,6,20,202100011040A01,7,0,1
202100011110,2021-10-24,2021,octobre,dimanche,03:00,75,75106,"48,8541030000","2,3435850000",2,1,1,5,1,4,2,4,1,1,, -1,1, -1,5,4,1,26,5,1,2,0,2,1,1,202100011110A01,1,13,1
202100011149,2021-10-16,2021,octobre,samedi,17:18,49,49307,"47,4479750000"," -0,4094770000",2,3,3,2,1,3,2,2,1,1,, -1,1,0,1,4,1,13,5,2,,0,2,1,0,202100011149B01,7,1,1
202100011153,2021-10-25,2021,octobre,lundi,17:40,68,68192,"47,6313080000","7,0593170000",2,3,3,2,7,3,2,2,1,1,, -1,1,2,1,4,1,58,0,1,2,0,0,8,16,202100011153B01,7,15,1
202100011160,2021-10-24,2021,octobre,dimanche,13:55,43,43216,"45,1341320000","3,8121160000",2,3,1,1,1,3,2,2,1,1,, -1,1,0,1,3,2,72,5,1,2,0,2,1,1,202100011160B01,3,15,1
202100011168,2021-10-26,2021,octobre,mardi,06:55,987,98724," -16,6992370000"," -150,9948710000",1,1,1,1,1,2,2,2,1,3,, -1,1,0,1,3,1,47,5,2,,0,2,1,1,202100011168B01,2,13,1
202100011173,2021-10-26,2021,octobre,mardi,09:50,38,38236,"45,4242010000","5,7050910000",1,4,3,1,1,3,2,2,1,1,, -1,1,0,1,3,1,46,5,1,2/6,0,2,8,1,202100011173B01,7,15,1
202100011233,2021-10-24,2021,octobre,dimanche,00:55,75,75118,"48,8883510000","2,3496040000",2,3,3,5,1,4,2,4,1,1,, -1,1, -1,5,1,1,28,5,1,2,0,2,1,1,202100011233B01,32,1,1
202100011240,2021-10-24,2021,octobre,dimanche,18:30,75,75111,"48,8623050000","2,3725720000",2,2,3,1,1,4,3,2,1,2,, -1,1, -1,5,4,1,31,9,1,2,0,2,6,1,202100011240A01,7,15,1
202100011243,2021-10-24,2021,octobre,dimanche,06:15,75,75110,"48,8693190000","2,3542990000",2,2,3,5,1,4,2,5,1,1,, -1,1, -1,5,4,1,26,5,1,2,0,2,1,1,202100011243B01,7,15,1
202100011244,2021-10-23,2021,octobre,samedi,17:15,75,75104,"48,8471200000","2,3649740000",2,4,1,1,1,4,2,0,1,1,, -1,1,0,5,4,2,49,9,1,2,0,2,1,1,202100011244A01,1,13,1
202100011277,2021-10-16,2021,octobre,samedi,15:25,39,39261,"46,4615910000","5,4386770000",1,1,7,1,1,3,2,2,2,1,, -1,1,0,1,3,1,71,5,1,2,0,0,0,1,202100011277A01,,,
202100011284,2021-10-24,2021,octobre,dimanche,16:15,70,70356,"47,3798710000","5,9334540000",1,1,3,1,1,3,2,2,1,1,, -1,1,0,1,2,1,83,5,1,2,0,2,0,0,202100011284A01,7,2,1
202100011305,2021-10-25,2021,octobre,lundi,04:00,2A,2A247,"41,5991090000","9,2779330000",2,1,1,3,1,3,2,2,1,1,, -1,1,0,1,3,1,13,5,2,,0,2,4,2,202100011305B01,32,2,1
202100011415,2021-10-22,2021,octobre,vendredi,18:35,75,75105,"48,8488990000","2,3474630000",2,2,7,1,1,4,1,2,1,1,, -1,1,0,1,4,2,21,1,2,,0,0,0,1,202100011415A01,,,
202100011416,2021-10-23,2021,octobre,samedi,14:40,75,75119,"48,8739440000","2,3854040000",2,2,6,1,1,4,2,2,2,1,, -1,1,5,1,1,1,61,5,1,2,0,2,8,19,202100011416B01,30,1,1
202100011427,2021-10-23,2021,octobre,samedi,05:50,75,75104,"48,8510400000","2,3622460000",2,3,7,5,1,4,2,3,1,1,, -1,1,0,5,4,1,39,9,1,2,0,0,1,1,202100011427A01,,,
202100011428,2021-10-22,2021,octobre,vendredi,22:14,75,75104,"48,8564720000","2,3643540000",2,2,3,5,1,4,1,1,1,1,, -1,1,5,1,4,1,29,9,2,,0,2,7,1,202100011428B01,7,1,1
202100011440,2021-10-23,2021,octobre,samedi,18:46,92,92062,"48,8781257887","2,2427693009",2,9,3,2,1,3,3,6,1,1,, -1,1,2,1,4,1,55,0,2,,0,2,0,0,202100011440B01,7,18,1
202100011460,2021-10-24,2021,octobre,dimanche,12:30,61,61345,"48,4322790000","0,7754110000",2,1,7,1,1,3,2,2,2,1,, -1,1,0,1,2,1,68,5,2,,0,2,1,1,202100011460A01,1,1,1
202100011471,2021-10-24,2021,octobre,dimanche,16:00,70,70427,"47,7496350000","6,0009700000",2,1,7,1,1,3,2,2,2,1,, -1,1,0,1,2,1,70,5,1,2/9,0,0,0,1,202100011471A01,,,
202100011476,2021-10-23,2021,octobre,samedi,14:10,10,10063,"48,3636200000","4,5325470000",1,1,3,1,1,3,2,2,1,1,, -1,1,0,3,3,1,72,3,2,,0,2,8,2,202100011476B01,7,2,1
202100011486,2021-10-21,2021,octobre,jeudi,15:50,88,88075,"48,0141750000","6,8854240000",1,3,3,1,1,3,2,2,2,1,, -1,1,0,1,3,1,23,5,1,2,0,2,1,1,202100011486B01,7,15,1
202100011491,2021-10-20,2021,octobre,mercredi,08:00,33,33199,"44,6337570000"," -1,0596330000",2,6,3,2,1,4,2,2,1,3,,4,1,0,1,4,1,15,2,2,,0,2,7,1,202100011491A01,7,1,1
202100011627,2021-10-22,2021,octobre,vendredi,05:25,10,10357,"48,3004170000","4,1087460000",2,6,3,5,8,3, -1,2,1,1,, -1,2,5,1,4,1,35,0,1,2,0,2,0,0,202100011627B01,7,9,1
202100011628,2021-10-22,2021,octobre,vendredi,17:15,06,06088,"43,7039460000","7,2678510000",2,2,3,1,1,4,2,2,1,1,, -1,1,0,1,3,1,57,0,1,2,0,2,8,1,202100011628B01,7,15,1
202100011635,2021-10-22,2021,octobre,vendredi,14:45,75,75119,"48,8801410000","2,3756820000",2,5,3,1,1,4,1,1,2,1,, -1,1,0,1,4,2,28,1,1,2,0,2,1,18,202100011635B01,7,16,1
202100011641,2021-10-22,2021,octobre,vendredi,08:00,75,75114,"48,8345260000","2,3326550000",2,7,3,1,1,4,2,2,1,1,, -1,1,6,5,4,2,16,2,1,2,8,2,6,1,202100011641B01,37,14,1
202100011645,2021-10-22,2021,octobre,vendredi,09:07,75,75114,"48,8419560000","2,3295930000",2,2,6,1,1,4,1,1,1,1,, -1,1,0,1,4,1,25,9,2,,12,0,7,14,202100011645A01,,,
202100011705,2021-10-23,2021,octobre,samedi,09:15,06,06038,"43,6835110000","6,9732230000",1,1,3,1,1,3,2,2,2,4,, -1,1,0,1,3,1,46,5,1,2/6,0,2,1,1,202100011705B01,10,10,1
202100011716,2021-10-23,2021,octobre,samedi,17:30,48,48072,"44,5042490000","3,3404020000",1,1,7,1,1,3,2,2,2,1,, -1,1,0,3,3,2,59,5,1,2,0,0,0,1,202100011716A01,,,
202100011727,2021-10-23,2021,octobre,samedi,17:00,55,55069,"48,8438300000","4,9907760000",1,1,3,1,7,3,2,2,1,3,, -1,1,0,3,4,1,42,0,2,,0,0,8,1,202100011727B01,7,1,1
202100011836,2021-10-20,2021,octobre,mercredi,12:15,10,10362,"48,2937100000","4,0535700000",2,1,3,1,1,4,2,2,1,1,, -1,1,0,4,4,1,11,0,1,2,0,2,1,25,202100011836B01,7,26,1
202100011844,2021-10-20,2021,octobre,mercredi,08:30,75,75120,"48,8647780000","2,3957450000",2,2,3,1,2,4,2,1,2,1,, -1,2, -1,5,4,2,34,9,2,,0,2,1,1,202100011844B01,7,16,1
202100011849,2021-10-21,2021,octobre,jeudi,18:25,75,75115,"48,8339030000","2,2901310000",2,4,6,1,1,4,1,3,1,1,, -1,2, -1,5,1,2,46,1,1,2,0,1,1,1,202100011849A01,,,
202100011850,2021-10-21,2021,octobre,jeudi,00:01,75,75114,"48,8221670000","2,3303680000",2,2,7,5,6,4,2,2,1,1,, -1,2,0,1,4,2,21,5,2,,0,0,0,1,202100011850A01,,,
202100011851,2021-10-20,2021,octobre,mercredi,22:00,75,75114,"48,8360170000","2,3276420000",2,2,6,5,1,4,2,0,2,1,, -1,1, -1,5,1,1,41,9,2,,0,1,1,21,202100011851A01,,,
202100011852,2021-10-21,2021,octobre,jeudi,15:00,75,75113,"48,8228720000","2,3777550000",2,3,3,1,3,4,2,4,1,1,, -1,2, -1,5,4,1,35,1,1,2,0,2,8,1,202100011852B01,14,15,1
202100011857,2021-10-21,2021,octobre,jeudi,14:15,75,75103,"48,8659030000","2,3581330000",2,2,3,1,3,4,2,2,1,1,, -1,2, -1,5,4,1,16,5,2,,0,2,7,1,202100011857A01,10,1,1
202100011893,2021-10-19,2021,octobre,mardi,07:25,59,59371,"50,6186170000","2,8802210000",2,1,3,3,2,4,2,2,1,2,,4,2,0,1,4,1,52,0,1,2,0,2,8,1,202100011893A01,10,1,1
202100011897,2021-10-22,2021,octobre,vendredi,05:45,56,56226,"47,9617810000"," -2,1490770000",1,1,1,3,2,3,2,2,2,1,, -1,2,0,1,4,1,31,1,2,,0,2,1,1,202100011897B01,7,1,1
202100011917,2021-10-18,2021,octobre,lundi,12:50,14,14691,"49,1110040000"," -0,3059270000",2,6,1,1,1,3,2,2,1,1,, -1,1,5,1,4,1,56,5,2,,0,2,1,15,202100011917B01,7,6,1
202100011959,2021-10-19,2021,octobre,mardi,16:45,47,47201,"44,1910500000","0,5989000000",2,1,2,1,1,4,2,2,2,1,, -1,1,0,1,3,1,78,5,2,,0,2,4,1,202100011959B01,7,1,1
202100011963,2021-07-29,2021,juillet,jeudi,11:10,74,74080,"45,8751870000","6,4541780000",1,1,5,1,1,3,2,2,2,3,, -1,1,0,1,2,1,67,5,1,2,0,2,1,1,202100011963C01,7/ 33,1/17,2
202100012043,2021-10-20,2021,octobre,mercredi,14:00,75,75120,"48,8644820000","2,4083970000",2,7,3,1,1,4,1,1,1,1,, -1,1, -1,5,4,2,31,4,1,2,0,2,3,1,202100012043B01,14,14,1
202100012048,2021-10-20,2021,octobre,mercredi,12:40,75,75112,"48,8465200000","2,4002000000",2,3,2,1,8,4,1,2,1,1,, -1,1,0,1,4,2,44,1,2,,0,2,7,9,202100012048B01,7,4,1
202100012053,2021-10-20,2021,octobre,mercredi,14:20,75,75101,"48,8641890000","2,3334810000",2,1,3,1,1,4,1,1,1,1,, -1,1,0,1,4,1,42,1,2,,0,2,1,1,202100012053B01,10,22,1
202100012096,2021-10-21,2021,octobre,jeudi,13:35,44,44063,"47,0671070000"," -1,2007930000",1,1,2,1,1,3,2,2,1,1,, -1,1,0,1,2,1,69,5,2,,0,2,4,1,202100012096B01,10,1,1
202100012118,2021-10-20,2021,octobre,mercredi,13:10,89,89085,"47,9544410000","3,4935740000",1,2,3,1,1,3,2,2,1,1,, -1,1,0,1,4,1,62,5,1,2,0,2,1,2,202100012118B01,7,19,1
202100012123,2021-10-21,2021,octobre,jeudi,13:55,26,26313,"44,9769800000","4,9617490000",1,3,2,1,1,3,2,2,1,1,, -1,1,0,1,4,2,50,1,1,2,0,2,6,15,202100012123B01,31,17,1
202100012126,2021-10-19,2021,octobre,mardi,15:45,85,85092,"46,4654060000"," -0,8225050000",2,3,1,1,1,6, -1, -1, -1, -1,, -1,1,0, -1,4,1,64,5,1,4,0,0,8,1,202100012126B01,7,15,1
202100012132,2021-10-21,2021,octobre,jeudi,14:10,59,59523,"50,5857640000","3,1672810000",2,6,3,1,8,7, -1,1,1,3,, -1,2,9,1,4,2,25,0,2,,0,2,8,26,202100012132B01,7,17,1
202100012219,2021-10-19,2021,octobre,mardi,08:55,27,27229,"49,0300000000","1,1360000000",2,1,3,1,1,4,2,2,3,1,, -1,2,0,1,4,2,40,5,1,2/6,0,2,2,1,202100012219B01,7,13,1
202100012220,2021-10-19,2021,octobre,mardi,07:15,27,27229,"49,0242700000","1,1497900000",2,1,7,2,2,4,1,1,1,1,, -1,2,0,4,4,2,58,1,1,2/4,0,0,0,1,202100012220A01,,,
202100012242,2021-10-19,2021,octobre,mardi,17:25,75,75105,"48,8535070000","2,3452260000",2,1,6,1,1,4,2,5,1,1,, -1,1,0,5,1,1,23,1,1,2,0,1,6,1,202100012242A01,,,
202100012247,2021-10-19,2021,octobre,mardi,18:10,75,75118,"48,8834150000","2,3343120000",2,3,3,2,1,4,3,2,1,1,, -1,1,0,6,4,1,27,9,1,2,0,2,6,11,202100012247B01,33,7,1
202100012248,2021-10-19,2021,octobre,mardi,17:30,75,75116,"48,8414330000","2,2634540000",2,1,6,1,1,4,3,2,1,1,, -1,1,0,5,4,2,48,1,1,2,0,1,1,1,202100012248A01,,,
202100012251,2021-10-18,2021,octobre,lundi,20:20,75,75114,"48,8367620000","2,3207500000",2,2,3,5,2,4,2,2,1,1,, -1,2,0,1,4,1,23,1,1,2,0,2,1,1,202100012251A01,7,1,1
202100012252,2021-10-19,2021,octobre,mardi,16:45,75,75113,"48,8365670000","2,3511750000",2,3,3,1,1,4,1,3,2,3,, -1,1,0,6,4,2,80,5,1,2,0,2,8,13,202100012252A01,37,15,1
202100012286,2021-10-18,2021,octobre,lundi,10:45,33,33138,"45,0392070000"," -0,1055610000",2,1,3,1,1,3,2,2,1,1,, -1,1,0,1,4,2,47,5,2,,0,2,3,1,202100012286A01,2,17,1
202100012294,2021-10-19,2021,octobre,mardi,16:00,42,42210,"45,4892580000","4,6341010000",1,1,1,1,1,7,2,2,2,2,, -1,1,0,1,4,1,60,5,1,2,0,2,1,11,202100012294A01,7,1,1
202100012307,2021-10-18,2021,octobre,lundi,13:10,29,29061,"48,4259600000"," -4,4574160000",2,6,2,1,3,4,2,1,1,2,,"3,5",2,5,1,3,1,35,1,2,,0,2,4,1,202100012307B01,7,9,1
202100012310,2021-10-20,2021,octobre,mercredi,13:35,38,38006,"45,3947770000","6,0721830000",2,2,3,1,7,3,2,2,3,1,, -1,1,0,1,4,1,73,5,1,2,0,2,1,1,202100012310B01,7,15,1
202100012318,2021-10-19,2021,octobre,mardi,07:50,37,37179,"47,4486482994","0,7275679921",1,6,3,2,1,7,2,2,1,2,, -1,1,5,1,3,1,56,1,1,2/4/6,0,2,2,1,202100012318A01,7,9,1
202100012329,2021-10-19,2021,octobre,mardi,13:15,13,13014,"43,4748360000","5,1686650000",2,1,1,1,1,4,1,2,1,1,,4,1,0,1,1,1,48,1,2,,0,1,1,1,202100012329A01,,,
202100012335,2021-10-20,2021,octobre,mercredi,07:40,33,33442,"45,0386115357"," -0,2091508951",1,1,2,2,1,3,2,2,2,1,, -1,1,0,1,2,1,59,1,2,,0,0,4,0,202100012335B01,10,1,1
202100012456,2021-10-17,2021,octobre,dimanche,08:50,29,29019,"48,4490200000"," -4,5113700000",1,6,3,1,1,7,1,2,1,2,, -1,1,5,1,4,1,58,5,1,2,0,2,0,1,202100012456B01,10,9,1
202100012477,2021-10-18,2021,octobre,lundi,20:40,75,75119,"48,8952710000","2,3719270000",2,2,3,5,3,4,2,2,1,3,, -1,2,0,5,4,1,33,5,1,2,0,2,8,1,202100012477A01,7,16,1
202100012479,2021-10-18,2021,octobre,lundi,20:00,75,75118,"48,8949420000","2,3682710000",2,1,2,5,2,4,1,1,1,1,, -1,2,0,1,4,1,32,9,2,,0,2,1,2,202100012479B01,7,23,1
202100012510,2021-10-18,2021,octobre,lundi,15:30,52,52538,"47,9861920000","5,1913020000",1,1,2,1,1,3,2,2,1,1,, -1,1,0,1,2,1,75,5,1,2,0,2,1,1,202100012510B01,1,1,1
202100012510,2021-10-18,2021,octobre,lundi,15:30,52,52538,"47,9861920000","5,1913020000",1,1,2,1,1,3,2,2,1,1,, -1,1,0,1,1,1,68,5,1,2,0,0,4,1,202100012510A01,1,1,1
202100012539,2021-10-19,2021,octobre,mardi,06:15,26,26252,"44,8578869000","4,8718650000",1,6,3,5,1,3,1,2,1,2,, -1,1,0,1,3,1,64,1,1,4,0,2,7,1,202100012539B01,7,1,1
202100012575,2021-10-17,2021,octobre,dimanche,14:40,74,74056,"45,9360120000","6,8771960000",1,1,2,1,7,4,2,2,1,1,,"5,5",1,0,1,3,1,65,5,2,,0,2,3,1,202100012575B01,7,1,1
202100012582,2021-10-17,2021,octobre,dimanche,11:05,85,85009,"46,4364230000"," -0,8664820000",1,1,7,1,1,4,2,2,2,1,,4,1,0,1,2,1,76,5,1,2,0,0,0,0,202100012582A01,,,
202100012588,2021-10-18,2021,octobre,lundi,18:40,60,60141,"49,1776394589","2,4552766979",2,3,3,5,1,3, -1,1,1,1,,4,1,0,1,4,2,16,0,2,,0,2,1,19,202100012588B01,7,15,1
202100012614,2021-06-03,2021,juin,jeudi,11:20,69,69003,"45,8702040000","4,8322040000",2,9,1,1,1,4,2,2,2,3,,4,1,0,1,4,1,46,5,1,2,0,2,1,1,202100012614B01,7,13,1
202100012678,2021-10-17,2021,octobre,dimanche,12:00,75,75110,"48,8753140000","2,3509210000",2,2,1,1,1,4,1,2,1,1,, -1,1,0,1,3,2,18,5,2,,0,2,2,5,202100012678B01,30,1,1
202100012684,2021-10-17,2021,octobre,dimanche,12:55,75,75107,"48,8628760000","2,3151900000",2,3,1,1,1,4,2,2,1,1,, -1,1, -1,5,4,2,42,5,1,2,0,2,1,1,202100012684B01,1,17,1
202100012684,2021-10-17,2021,octobre,dimanche,12:55,75,75107,"48,8628760000","2,3151900000",2,3,1,1,1,4,2,2,1,1,, -1,1, -1,5,1,2,26,5,2,,0,2,1,17,202100012684A01,1,1,1
202100012699,2021-10-16,2021,octobre,samedi,10:55,68,68173,"48,1021190000","7,1936290000",2,4,6,1,1,3,2,1,2,2,,"5,5",1,0,3,3,1,47,5,1,2,6,0,7,1,202100012699A01,,,
202100012736,2021-10-17,2021,octobre,dimanche,09:50,07,07188,"45,1906570000","4,6869130000",2,6,3,1,1,3,1,1,1,2,, -1,1,0,1,4,1,73,5,1,2,0,0,0,0,202100012736B01,7,0,1
202100012737,2021-10-16,2021,octobre,samedi,16:10,85,85090,"46,8577110000"," -0,8222580000",1,4,5,1,1,4,2,2,2,3,,4,1,0,1,4,1,38,5,2,,0,2,1,13,202100012737B01,7,26/1,2