Num_Acc,date,an,mois,jour,hrmn,dep,com,lat,long,agg,int,col,lum,atm,catr,circ,nbv,prof,plan,lartpc,larrout,surf,infra,situ,grav,sexe,age,trajet,secuexist,equipement,obs,obsm,choc,manv,vehiculeid,typevehicules,manoeuvehicules,numVehicules
202100012765,2021-10-17,2021,octobre,dimanche,15:30,63,63204,"45,8267920000","3,1990170000",1,4,3,1,1,3,2,2,1,2,,4,1,0,1,2,1,54,5,1,2,0,2,8,9,202100012765A01,7,1,1
202100012769,2021-10-12,2021,octobre,mardi,20:15,38,38087,"45,5725960000","4,8115720000",1,1,1,3,1,3,2,2,1,1,, -1,1,0,1,3,1,49,0,2,,0,2,3,3,202100012769B01,7,1,1
202100012773,2021-10-17,2021,octobre,dimanche,11:30,17,17051,"46,1910500000"," -1,3698070000",2,2,3,1,1,4, -1,2,1,1,,4,1,0,1,3,1,60,0,2,,0,2,1,0,202100012773B01,7,19,1
202100012832,2021-10-16,2021,octobre,samedi,14:50,54,54578,"48,6721200000","6,1442400000",2,3,3,1,1,7,1,1,2,1,, -1,1, -1,1,4,1,52,0,1,2,0,2,4,1,202100012832B01,7,1,1
202100012860,2021-10-16,2021,octobre,samedi,09:47,10,10387,"48,2941468325","4,0778331086",2,2,6,1,5,4,1,2,1,1,, -1,1,0,5,4,1,27,0,2,,0,0,0,0,202100012860B01,7,19,1
202100012866,2021-10-16,2021,octobre,samedi,16:15,75,75118,"48,8993370000","2,3440590000",2,3,2,1,1,4,2,5,1,1,, -1,1,0,1,4,1,40,9,2,,0,2,7,15,202100012866A01,30,1,1
202100012875,2021-10-16,2021,octobre,samedi,13:00,75,75112,"48,8270570000","2,4645480000",2,2,2,1,1,4,3,2,1,1,, -1,1,0,1,4,1,65,9,1,2,0,2,1,1,202100012875B01,7,16,1
202100012879,2021-10-16,2021,octobre,samedi,08:36,75,75102,"48,8690410000","2,3329540000",2,3,3,1,1,4,2,4,1,1,, -1,1, -1,6,4,2,27,9,2,,0,2,6,15,202100012879B01,7,1,1
202100012917,2021-10-05,2021,octobre,mardi,14:00,56,56140,"47,9617450000"," -2,8269620000",1,1,2,1,1,3,2,2,3,2,, -1,1,0,1,4,1,52,5,1,2/4/6,0,2,6,1,202100012917B01,7,2,1
202100012949,2021-10-16,2021,octobre,samedi,11:30,58,58050,"47,3202510000","3,5926420000",1,1,7,1,1,3,2,2,2,1,, -1,1,0,1,2,1,76,5,1,2/6,0,0,0,0,202100012949A01,,,
202100012971,2021-10-15,2021,octobre,vendredi,19:30,78,78246,"49,0355660000","1,7429930000",1,1,2,2,1,3,2,2,1,1,, -1,1,0,1,4,1,26,5,1,2/6,0,0,0,0,202100012971A01,7,0,1
202100012972,2021-10-16,2021,octobre,samedi,11:30,2A,2A041,"41,4011980000","9,1674900000",2,1,7,1,1,2, -1,2,1,1,,7,1,0,1,3,1,49,5,1,2,0,0,1,0,202100012972A01,,,
202100012976,2021-10-02,2021,octobre,samedi,11:15,13,13020,"43,3927310000","5,5481600000",2,1,3,1,1,7, -1,2,1,1,, -1,1,0,5,4,1,50,5,1,2,0,2,3,1,202100012976B01,7,2,1
202100012994,2021-10-15,2021,octobre,vendredi,09:05,14,14758,"49,2400980000"," -0,4008400000",1,1,1,1,7,4,2,2,1,1,,5,1,0,3,3,2,23,1,2,,0,2,1,23,202100012994B01,7,1,1
202100013056,2021-10-15,2021,octobre,vendredi,13:30,63,63300,"45,8913065486","3,1102305651",2,4,3,1,1,3,3,2,1,1,, -1,1,0,1,3,1,54,5,2,,0,2,8,19,202100013056B01,7,1,1
202100013107,2021-10-15,2021,octobre,vendredi,10:45,75,75119,"48,8732870000","2,3819150000",2,3,6,1,1,4,2,2,2,1,, -1,1,0,1,4,1,18,2,2,,0,1,1,1,202100013107A01,,,
202100013108,2021-10-14,2021,octobre,jeudi,19:30,75,75116,"48,8721510000","2,2633860000",2,1,1,5,1,4,2,2,1,1,, -1,1, -1,5,4,1,55,1,1,4,0,2,1,1,202100013108B01,50,13,1
202100013109,2021-10-14,2021,octobre,jeudi,09:40,75,75116,"48,8578310000","2,2502690000",2,2,2,1,1,4,2,2,1,1,, -1,1,0,1,3,1,28,9,1,2,0,2,4,13,202100013109B01,34,1,1
202100013111,2021-10-15,2021,octobre,vendredi,08:55,75,75114,"48,8259480000","2,3317030000",2,2,3,1,1,4,2,2,2,1,, -1,1, -1,5,4,1,26,2,2,,0,2,1,1,202100013111B01,7,15,1
202100013115,2021-10-15,2021,octobre,vendredi,08:50,75,75109,"48,8729580000","2,3332910000",2,5,3,1,1,4,1,3,1,1,, -1,1,0,1,4,1,62,1,1,2,0,2,3,1,202100013115B01,30,1,1
202100013156,2021-10-13,2021,octobre,mercredi,16:15,32,32155,"43,7602290000"," -0,1940790000",1,1,3,1,1,3,2,2,2,2,, -1,1,0,1,4,1,79,5,1,2,0,2,9,2,202100013156C01,7,17,1
202100013156,2021-10-13,2021,octobre,mercredi,16:15,32,32155,"43,7602290000"," -0,1940790000",1,1,3,1,1,3,2,2,2,2,, -1,1,0,1,4,2,74,5,1,2,0,2,9,2,202100013156B01,7,17,1
202100013168,2021-10-15,2021,octobre,vendredi,16:45,53,53150,"47,7880970000"," -0,6802460000",1,1,6,1,1,3,2,2,1,1,, -1,1,0,1,2,1,72,5,1,2,0,2,2,13,202100013168A01,7,0,1
202100013170,2021-10-15,2021,octobre,vendredi,08:00,85,85047,"46,8396230000"," -1,8654450000",2,6,1,2,1,3,1,2,1,2,,4,1,5,1,3,1,13,2,2,,0,2,7,19,202100013170B01,10,9,1
202100013176,2021-10-15,2021,octobre,vendredi,17:15,95,95371,"49,0956886788","2,5136429071",2,1,7,1,1,3,3,2,1,1,, -1,1,0,1,4,1,53,5,1,2/6,0,0,0,1,202100013176A01,,,
202100013182,2021-10-15,2021,octobre,vendredi,15:50,38,38061,"45,3163170000","5,6220500000",1,9,1,1,1,3,2,2,1,1,, -1,1,0,1,4,1,55,5,1,2/6,0,2,7,1,202100013182B01,7,19,1
202100013253,2021-10-13,2021,octobre,mercredi,18:20,54,54547,"48,6603709737","6,1596169498",2,1,3,1,1,4,2,2,1,1,, -1,1,0,1,4,1,22,0,1,2,0,2,1,1,202100013253B01,7,15,1
202100013299,2021-10-14,2021,octobre,jeudi,09:51,06,06004,"43,5809050000","7,1128650000",2,1,3,1,1,4,2,2,2,1,, -1,1,0,1,4,1,46,1,2,,0,2,8,21,202100013299B01,7,15,1
202100013304,2021-10-14,2021,octobre,jeudi,21:05,75,75116,"48,8622940000","2,2293390000",2,3,6,5,1,4,2,2,1,1,, -1,1,0,1,4,1,34,5,1,2,0,0,1,1,202100013304A01,,,
202100013305,2021-10-14,2021,octobre,jeudi,11:30,75,75116,"48,8372020000","2,2596010000",2,3,3,1,1,4,1,1,1,1,, -1,1, -1,5,4,1,47,9,2,,0,2,7,1,202100013305A01,7,15,1
202100013309,2021-10-14,2021,octobre,jeudi,03:05,75,75112,"48,8378160000","2,3905980000",2,1,6,5,1,4, -1,2,1,1,, -1,1,0,1,4,1,41,9,2,,1,0,2,13,202100013309A01,,,
202100013316,2021-10-14,2021,octobre,jeudi,08:20,75,75104,"48,8553470000","2,3528380000",2,2,3,1,1,4,2,4,1,1,, -1,1, -1,5,3,1,45,9,1,2/6,0,2,8,19,202100013316B01,32,1,1
202100013339,2021-10-14,2021,octobre,jeudi,18:40,92,92020,"48,8090900000","2,2983900000",2,1,3,2,1,3,2,2,1,1,, -1,1,0,1,4,1,75,9,2,,1,0,1,1,202100013339B01,7,22,1
202100013354,2021-10-12,2021,octobre,mardi,17:45,26,26235,"44,3705640000","4,6958990000",2,6,3,1,1,4,2,2,1,1,,4,1,0,1,4,1,41,3,2,,0,2,7,1,202100013354B01,7,9,1
202100013356,2021-10-13,2021,octobre,mercredi,17:25,33,33238,"44,7349970000"," -0,5985400000",2,1,3,1,1,3,2,2,1,1,, -1,1,0,1,3,1,26,5,1,2,0,2,1,1,202100013356B01,7,19,1
202100013386,2021-10-12,2021,octobre,mardi,09:30,75,75112,"48,8480310000","2,3928910000",2,2,3,1,1,4,2,2,1,1,, -1,1,0,1,4,1,29,9,2,,0,2,3,18,202100013386B01,10,22,1
202100013387,2021-10-13,2021,octobre,mercredi,19:50,75,75111,"48,8609890000","2,3748410000",2,3,6,5,1,4,2,4,1,1,, -1,1,0,1,4,1,29,9,1,2,0,1,1,1,202100013387A01,,,
202100013390,2021-10-13,2021,octobre,mercredi,09:43,75,75108,"48,8662790000","2,3138420000",2,1,3,1,1,4,2,5,1,1,, -1,1, -1,5,4,2,55,9,2,,0,2,1,1,202100013390B01,10,20,1
202100013430,2021-09-30,2021,septembre,jeudi,15:45,28,28158,"48,4092800000","1,4204000000",1,1,1,1,1,9,2,2,1,3,, -1,1,0,5,4,1,18,1,1,2,0,2,1,1,202100013430B01,1,1,1
202100013430,2021-09-30,2021,septembre,jeudi,15:45,28,28158,"48,4092800000","1,4204000000",1,1,1,1,1,9,2,2,1,3,, -1,1,0,5,3,1,69,5,1,2,0,2,1,1,202100013430A01,1,1,1
202100013452,2021-10-13,2021,octobre,mercredi,19:40,60,60029,"49,3578690000","1,9836370000",1,1,2,3,1,3,2,2,1,3,, -1,1,0,1,4,1,48,5,2,,0,0,4,1,202100013452A01,20,1,1
202100013475,2021-10-14,2021,octobre,jeudi,17:39,59,59602,"50,6093920000","3,1801770000",2,2,3,2,1,7,2,2,1,1,, -1,1,5,1,3,1,65,0,1,2,0,2,1,0,202100013475B01,7,16,1
202100013476,2021-10-13,2021,octobre,mercredi,14:55,59,59581,"50,6805745001","2,7584983899",1,1,5,1,1,3,2,2,1,1,, -1,1,0,1,4,1,17,5,1,2,0,2,8,15,202100013476B01,10,1,1
202100013476,2021-10-13,2021,octobre,mercredi,14:55,59,59581,"50,6805745001","2,7584983899",1,1,5,1,1,3,2,2,1,1,, -1,1,0,1,4,1,33,5,1,2,0,2,8,15,202100013476C01,10,1,1
202100013515,2021-10-12,2021,octobre,mardi,18:44,63,63113,"45,7712900000","3,1274600000",2,1,3,2,1,4,2,2,1,1,, -1,1,0,5,4,1,24,0,1,2,0,2,8,1,202100013515B01,7,26,1
202100013553,2021-10-12,2021,octobre,mardi,14:15,05,05061,"44,5177000000","6,0644000000",1,1,7,1,1,3,2,2,1,1,, -1,9,0,1,4,1,72,5,1,2,0,0,0,9,202100013553A01,,,
202100013554,2021-10-12,2021,octobre,mardi,12:45,05,05061,"44,5673900000","6,0833700000",2,3,3,1,1,2,2,2,2,1,, -1,1,0,1,4,1,20,5,2,,0,2,1,17,202100013554A01,7,15,1
202100013572,2021-05-23,2021,mai,dimanche,09:00,80,80021,"49,8776153679","2,2828602791",2,2,3,1,1,4, -1,2,1,1,, -1,1,0,1,4,1,19,0,2,,0,2,2,15,202100013572A01,7,1,1
202100013629,2021-10-09,2021,octobre,samedi,12:57,63,63113,"45,7774200000","3,0845100000",2,1,6,1,1,4,2,2,2,1,, -1,1,0,1,4,1,26,0,1,2,1,0,1,1,202100013629A01,,,
202100013640,2021-10-12,2021,octobre,mardi,17:30,54,54395,"48,6696200000","6,1698100000",2,3,3,1,1,4,1,3,1,1,, -1,1,0,1,4,1,23,0,1,2/4,0,2,1,1,202100013640A01,7,15,1
202100013680,2021-10-12,2021,octobre,mardi,08:00,75,75120,"48,8646590000","2,4056550000",2,5,3,1,1,4,1,2,1,1,, -1,1, -1,5,1,1,32,1,2,,0,2,1,1,202100013680B01,31,15,1
202100013692,2021-10-12,2021,octobre,mardi,08:40,75,75110,"48,8768230000","2,3610070000",2,1,6,1,8,4,2,4,2,1,, -1,1, -1,5,1,1,23,2,2,,0,1,1,1,202100013692A01,,,
202100013693,2021-10-12,2021,octobre,mardi,18:40,75,75109,"48,8730720000","2,3468400000",2,3,3,1,1,4,1,1,1,1,, -1,1, -1,5,4,2,25,9,1,2,0,2,1,16,202100013693B01,10,1,1
202100013694,2021-10-12,2021,octobre,mardi,08:30,75,75109,"48,8758450000","2,3438690000",2,2,3,1,1,4,1,2,1,1,, -1,1,0,1,4,2,33,9,2,,0,2,7,1,202100013694B01,43,1,1
202100013702,2021-10-12,2021,octobre,mardi,09:20,94,94034,"48,7538100000","2,3336100000",2,6,3,1,1,4,2,2,1,1,, -1,1,5,1,4,1,63,0,2,,15,0,0,0,202100013702A01,37,0,1
202100013733,2021-10-12,2021,octobre,mardi,18:30,31,31448,"43,4885330000","1,4650010000",1,1,7,2,1,3,2,2,2,3,, -1,9,0,1,3,1,40,1,1,2,0,0,0,5,202100013733A01,,,
202100013750,2021-10-12,2021,octobre,mardi,17:45,29,29037,"47,8845100000"," -4,1691510000",1,6,3,1,1,3,2,2,1,1,, -1,1,9,1,3,1,68,5,1,2,0,2,1,1,202100013750B01,7,9,1
202100013752,2021-10-05,2021,octobre,mardi,17:00,54,54205,"48,6765190000","5,8022390000",1,1,7,3,2,9,2,2,1,1,, -1,2,9,8,2,1,74,3,2,,0,0,1,0,202100013752A01,,,
202100013762,2021-08-02,2021,août,lundi,16:30,30,30212,"43,9344950000","4,5571110000",2,1,2,1,1,3,2,2,1,1,, -1,1,5,1,3,1,59,5,2,,0,2,4,1,202100013762B01,7,16,1
202100013771,2021-10-12,2021,octobre,mardi,13:50,973,97304,"5,1747100000"," -52,6534690000",2,1,7,1,1,3,2,2,1,1,, -1,1,0,1,4,1,14,2,2,,0,2,0,10,202100013771A01,32,21,1
202100013782,2021-10-13,2021,octobre,mercredi,09:30,29,29057,"47,8964710000"," -3,9706990000",1,3,3,1,1,4,2,2,1,1,,4,1,0,1,4,2,55,1,2,,0,2,7,1,202100013782B01,7,1,1
202100013841,2021-10-05,2021,octobre,mardi,18:44,63,63113,"45,7756500000","3,0965100000",2,1,3,2,1,4,3,4,1,1,, -1,1,0,1,4,1,20,0,1,2,0,2,8,19,202100013841B01,7,1,1
202100013842,2021-10-05,2021,octobre,mardi,18:08,63,63113,"45,7834600000","3,0944100000",2,2,3,2,1,4,1,1,1,1,, -1,1,0,1,4,1,19,0,1,2,0,2,1,0,202100013842A01,7,1,1
202100013872,2021-10-11,2021,octobre,lundi,09:05,27,27229,"49,0204400000","1,1820100000",2,1,3,2,1,4,1,1,1,1,, -1,1,0,1,4,1,59,0,1,2/6,0,2,1,1,202100013872B01,7,9,1
202100013877,2021-10-11,2021,octobre,lundi,18:40,13,13210,"43,2804800000","5,4083600000",2,1,2,1,1,4, -1,2,1,1,, -1,1,0,1,4,1,13,0,1,2,0,2,1,15,202100013877B01,7,1,1
202100013890,2021-10-11,2021,octobre,lundi,09:27,75,75119,"48,8883820000","2,3741570000",2,2,3,1,1,4,2,6,1,1,, -1,1, -1,5,4,2,27,1,1,2,0,2,8,21,202100013890B01,30,1,1
202100013892,2021-10-11,2021,octobre,lundi,14:30,75,75115,"48,8420150000","2,3006280000",2,2,6,1,1,4,1,0,1,1,, -1,1,0,1,4,2,15,2,2,,12,0,1,1,202100013892A01,,,
202100013935,2021-10-12,2021,octobre,mardi,14:30,29,29220,"47,8664130000"," -4,2293040000",2,6,3,1,1,4,2,1,1,3,,5,1,0,1,4,1,28,0,2,,0,2,1,1,202100013935B01,7,9,1
202100013939,2021-10-12,2021,octobre,mardi,14:19,60,60509,"49,3010211509","2,6044335364",2,3,3,1,1,3,2,2,1,1,, -1,1,0,1,4,1,67,5,2,,0,2,8,2,202100013939A01,7,2,1
202100014004,2021-10-09,2021,octobre,samedi,17:20,14,14118,"49,1794200000"," -0,3490500000",2,1,3,1,1,4,1,4,1,1,, -1,1,2,8,4,1,13,5,1,2,0,2,1,0,202100014004B01,7,19,1
202100014013,2021-10-10,2021,octobre,dimanche,13:30,75,75120,"48,8562840000","2,4099860000",2,4,3,1,1,4,3,2,1,1,, -1,1,0,1,4,1,31,9,1,2,0,2,1,1,202100014013B01,7,12,1
202100014019,2021-10-09,2021,octobre,samedi,10:45,75,75113,"48,8192850000","2,3620200000",2,2,3,1,1,4,2,4,1,1,, -1,1,0,1,4,2,50,5,2,,0,2,4,19,202100014019B01,7,1,1
202100014042,2021-10-10,2021,octobre,dimanche,14:30,67,67261,"48,9651786714","8,1847715378",1,6,3,1,1,3,2,2,1,2,, -1,1,0,1,4,1,71,5,1,2,0,0,0,0,202100014042B01,7,16,1
202100014050,2021-10-10,2021,octobre,dimanche,15:37,14,14149,"49,0967270000"," -0,1200600000",1,1,7,1,1,4, -1,1,2,1,,3,1,0,1,4,2,9,5,2,,0,0,0,0,202100014050A01,,,
202100014054,2021-10-10,2021,octobre,dimanche,18:15,07,07160,"45,2008940000","4,5073880000",1,1,1,1,1,4,2,2,2,3,, -1,1,0,1,4,1,39,5,1,2,0,2,8,1,202100014054A01,7,1,1
202100014070,2021-10-10,2021,octobre,dimanche,19:30,45,45191,"48,2847920000","2,4165630000",1,1,7,2,1,3,2,2,2,3,, -1,1,0,3,2,1,62,5,2,,0,0,0,1,202100014070A01,,,
202100014071,2021-10-10,2021,octobre,dimanche,10:25,45,45346,"47,9444460000","2,2781130000",2,1,6,1,1,9,2,2,1,1,, -1,1,0,1,4,1,54,5,1,2,0,0,0,1,202100014071C01,7,17,1
202100014071,2021-10-10,2021,octobre,dimanche,10:25,45,45346,"47,9444460000","2,2781130000",2,1,6,1,1,9,2,2,1,1,, -1,1,0,1,3,1,65,5,1,2,0,0,8,1,202100014071B01,7,17,1
202100014086,2021-10-10,2021,octobre,dimanche,10:15,29,29006,"47,8793220000"," -4,1066070000",2,6,3,1,1,3,1,2,1,1,, -1,1,5,1,4,1,73,5,1,2,0,2,4,1,202100014086B01,3,16,1
202100014198,2021-10-09,2021,octobre,samedi,18:20,75,75106,"48,8451700000","2,3285400000",2,2,3,1,1,4,2,4,2,1,, -1,1,0,1,4,2,49,5,2,,0,2,8,15,202100014198A01,33,1,1
202100014204,2021-10-09,2021,octobre,samedi,19:30,75,75115,"48,8284940000","2,3013860000",2,2,3,5,1,4,2,1,4,1,, -1,1,0,1,4,1,32,9,1,2,0,2,1,1,202100014204B01,7,15,1
202100014237,2021-10-06,2021,octobre,mercredi,13:20,41,41194,"47,3422120000","1,7490120000",2,6,3,1,1,3,1,1,1,2,, -1,1,0,1,4,1,25,1,2,,0,2,1,1,202100014237B01,7,9,1
202100014304,2021-10-06,2021,octobre,mercredi,21:35,971,97101,"16,2516600000"," -61,5207500000",2,6,6,3,1,3,3,2,1,1,, -1,1,0,1,4,1,65,9,2,,0,2,0,26,202100014304B01,7,26,1
202100014387,2021-10-08,2021,octobre,vendredi,09:00,26,26198,"44,5537500000","4,7444300000",2,1,1,1,1,3, -1,2,1,1,, -1,1,0,8,4,1,40,9,1,2,0,2,1,19,202100014387A01,7,15,1
202100014403,2021-10-07,2021,octobre,jeudi,08:30,75,75105,"48,8519150000","2,3461450000",2,1,6,1,1,4,1,3,1,1,, -1,1,0,5,4,1,29,9,1,2,14,0,8,17,202100014403A01,,,
202100014407,2021-10-07,2021,octobre,jeudi,19:30,75,75115,"48,8390530000","2,2828260000",2,1,3,5,1,4,2,2,1,1,, -1,1,0,1,4,1,73,5,2,,0,2,1,1,202100014407B01,7,22,1
202100014408,2021-10-07,2021,octobre,jeudi,18:10,75,75115,"48,8411000000","2,2879430000",2,2,3,1,1,4,2,3,1,1,, -1,1,0,5,4,2,22,1,1,2,0,2,1,1,202100014408B01,7,16,1
202100014415,2021-10-08,2021,octobre,vendredi,16:45,75,75104,"48,8559560000","2,3579830000",2,2,3,1,1,4,2,4,1,1,, -1,1, -1,5,1,1,39,9,1,2,0,2,4,18,202100014415A01,50,1,1
202100014456,2021-10-08,2021,octobre,vendredi,07:50,51,51122,"48,7734701904","4,6787756681",1,3,1,1,1,3,2,2,2,1,, -1,1,0,1,3,1,41,1,1,2/9,0,2,1,1,202100014456B01,7,15,1
202100014463,2021-10-09,2021,octobre,samedi,10:55,69,69046,"45,6644714561","4,7933861947",2,1,3,1,1,7,2,2,1,1,, -1,1,0,4,4,2,51,5,2,,0,2,0,2,202100014463B01,7,15,1
202100014472,2021-10-09,2021,octobre,samedi,15:10,61,61422,"48,6969940000","0,6361560000",1,1,3,1,1,3,2,2,1,1,, -1,1,0,3,4,2,56,5,1,2,0,2,6,26,202100014472B01,10,14,1
202100014492,2021-10-09,2021,octobre,samedi,17:15,50,50252,"48,8870160000"," -1,4598410000",1,1,3,1,7,3,2,2,4,3,, -1,1,0,1,3,1,79,5,1,2,0,2,1,1,202100014492B01,7,1,1
202100014513,2021-10-09,2021,octobre,samedi,10:45,67,67492,"48,5941580000","7,4709500000",1,3,1,1,1,3,2,2,2,1,, -1,1,0,1,3,1,47,5,1,2,0,2,1,1,202100014513B01,7,15,1
202100014630,2021-10-07,2021,octobre,jeudi,08:40,75,75119,"48,8886560000","2,3925590000",2,1,3,1,1,4,2,5,1,1,, -1,1,0,5,4,2,40,9,1,2,0,2,1,1,202100014630B01,10,22,1
202100014635,2021-10-07,2021,octobre,jeudi,15:55,75,75113,"48,8290280000","2,3577020000",2,3,3,1,1,4,2,3,1,1,, -1,1,0,1,4,2,16,9,1,2,0,2,1,1,202100014635B01,7,22,1
202100014638,2021-10-07,2021,octobre,jeudi,22:15,75,75111,"48,8693190000","2,3715680000",2,3,3,5,1,4,2,2,1,1,, -1,1,0,1,1,1,25,5,1,2,0,2,4,1,202100014638B01,30,17,1
202100014640,2021-10-07,2021,octobre,jeudi,12:55,75,75101,"48,8660240000","2,3250250000",2,3,3,1,1,4,2,6,1,1,, -1,1,0,5,4,2,33,9,1,2,0,2,1,1,202100014640A01,50,13,1
202100014641,2021-10-07,2021,octobre,jeudi,10:15,75,75104,"48,8548070000","2,3687430000",2,3,3,1,1,4,2,4,1,1,, -1,1,0,6,4,2,61,9,1,2,0,2,3,7,202100014641B01,7,15,1
202100014674,2021-10-08,2021,octobre,vendredi,07:30,83,83148,"43,4296500000","6,4365020000",2,1,3,1,1,4,2,2,1,1,,4,1,0,1,4,1,10,1,1,2/4,0,2,1,19,202100014674B01,7,1,1
202100014682,2021-10-07,2021,octobre,jeudi,19:00,57,57102,"49,2776890000","6,2159170000",2,1,3,2,1,3,2,1,2,1,, -1,1,0,1,3,2,52,5,1,2,0,2,0,1,202100014682B01,10,21,1
202100014710,2021-09-30,2021,septembre,jeudi,11:40,69,69234,"45,8657100000","4,5093890000",1,1,2,1,1,3,2,2,1,1,, -1,1,0,1,3,1,73,5,2,,0,2,4,1,202100014710B01,7,1,1
202100014812,2021-10-05,2021,octobre,mardi,13:50,14,14118,"49,1706400000"," -0,3330000000",2,1,3,1,2,4,2,2,1,1,, -1,2,0,5,4,1,16,0,2,,0,2,1,2,202100014812B01,7,15,1
202100014831,2021-10-06,2021,octobre,mercredi,17:05,75,75120,"48,8690370000","2,3806750000",2,2,3,1,1,4,1,2,1,1,, -1,1,0,6,4,1,26,9,2,,0,2,0,19,202100014831B01,32,7,1
202100014833,2021-10-06,2021,octobre,mercredi,14:10,75,75119,"48,8768220000","2,3853080000",2,3,7,1,1,4,2,2,1,1,, -1,1,0,5,4,2,26,5,2,,0,2,1,21,202100014833A01,7,13,1
202100014843,2021-10-06,2021,octobre,mercredi,09:05,75,75114,"48,8213700000","2,3343530000",2,2,3,1,1,4,3,2,1,1,, -1,1, -1,6,4,2,52,1,1,2,0,4,1,19,202100014843A01,40,1,1
202100014844,2021-10-05,2021,octobre,mardi,21:15,75,75112,"48,8358930000","2,4056370000",2,3,2,5,2,4,3,1,1,1,, -1,2,0,5,4,1,19,9,2,,0,2,8,1,202100014844B01,7,15,1
202100014845,2021-10-06,2021,octobre,mercredi,12:15,75,75111,"48,8621220000","2,3728730000",2,5,3,1,1,4,2,4,1,1,, -1,1,0,5,4,2,26,1,2,,0,2,1,1,202100014845B01,10,16,1
202100014877,2021-08-25,2021,août,mercredi,18:00,974,97410," -21,0247000000","55,7044230000",1,1,2,2,1,2,3,2,4,1,, -1,1,0,1,1,1,49,5,2,,0,2,8,15,202100014877B01,33,21,1
202100014882,2021-10-06,2021,octobre,mercredi,15:50,32,32208,"43,9498290000","0,6542120000",1,1,2,1,1,2,2,2,1,1,, -1,1,0,1,3,1,60,5,1,2,0,0,4,2,202100014882B01,7,2,1
202100014893,2021-10-06,2021,octobre,mercredi,21:00,17,17385,"45,9549690000"," -1,3354830000",1,1,1,3,1,3,2,2,1,1,, -1,1,0,1,4,1,23,5,2,,0,2,3,1,202100014893A01,7,17,1
202100014912,2021-10-06,2021,octobre,mercredi,19:00,63,63213,"45,8341410000","3,2693430000",1,1,3,1,1,3,2,2,2,1,, -1,1,0,1,4,1,58,5,1,2,0,0,8,1,202100014912B01,7,1,1
202100014914,2021-10-02,2021,octobre,samedi,11:25,65,65320,"43,1204110000","0,1186290000",1,1,2,1,1,3,2,2,1,1,, -1,1,0,5,3,1,43,5,1,2,0,0,6,1,202100014914B01,7,1,1
202100015022,2021-09-30,2021,septembre,jeudi,18:25,63,63113,"45,7840500000","3,0802100000",2,3,1,2,1,4,2,2,1,1,, -1,1,0,1,4,1,28,0,1,2,0,2,1,1,202100015022B01,7,15,1
202100015066,2021-09-14,2021,septembre,mardi,15:15,35,35115,"48,3509720000"," -1,1912280000",2,2,6,1,1,4,2,2,1,1,, -1,1,0,1,4,2,76,5,2,,0,2,1,1,202100015066B01,7,19,1
202100015095,2021-10-05,2021,octobre,mardi,15:10,06,06027,"43,6533820000","7,1541070000",2,1,3,1,1,4,1,1,1,1,, -1,1,0,1,4,1,75,0,1,2,0,2,3,21,202100015095A01,10,21,1
202100015096,2021-10-01,2021,octobre,vendredi,13:25,05,05061,"44,5732500000","6,1088800000",2,1,3,1,1,2,2,2,1,1,, -1,1,0,1,3,1,37,5,1,2,0,2,1,1,202100015096B01,7,15,1
202100015112,2021-10-05,2021,octobre,mardi,07:10,75,75113,"48,8322350000","2,3797780000",2,2,3,2,1,4,2,4,1,1,, -1,1,5,5,4,2,58,1,2,,0,2,7,16,202100015112B01,1,1,1
202100015112,2021-10-05,2021,octobre,mardi,07:10,75,75113,"48,8322350000","2,3797780000",2,2,3,2,1,4,2,4,1,1,, -1,1,5,5,1,1,21,9,2,,0,2,7,1,202100015112A01,1,16,1
202100015114,2021-10-05,2021,octobre,mardi,09:15,75,75111,"48,8504120000","2,3919220000",2,3,3,1,3,4,1,0,2,1,, -1,2,0,1,4,2,33,9,2,,0,2,2,1,202100015114B01,7,22,1
202100015115,2021-10-05,2021,octobre,mardi,11:20,75,75108,"48,8772060000","2,2975320000",2,1,6,1,3,4,1,2,2,1,, -1,2,0,5,4,1,16,2,2,,0,1,7,1,202100015115A01,,,
202100015119,2021-10-05,2021,octobre,mardi,18:50,75,75104,"48,8584490000","2,3584850000",2,3,7,2,2,4,1,0,1,1,, -1,2,0,1,4,2,40,9,2,,0,0,0,1,202100015119A01,,,