Num_Acc,date,an,mois,jour,hrmn,dep,com,lat,long,agg,int,col,lum,atm,catr,circ,nbv,prof,plan,lartpc,larrout,surf,infra,situ,grav,sexe,age,trajet,secuexist,equipement,obs,obsm,choc,manv,vehiculeid,typevehicules,manoeuvehicules,numVehicules
202100015183,2021-10-05,2021,octobre,mardi,20:10,77,77327,"48,5715530000","2,9996320000",1,1,7,3,2,3,2,2,1,1,, -1,2,0,1,3,1,54,0,2,,0,0,0,2,202100015183A01,,,
202100015187,2021-10-04,2021,octobre,lundi,11:45,81,81187,"43,7031490000","2,0041090000",1,1,2,1,1,3,2,2,2,3,, -1,1,0,1,3,1,74,5,1,2,0,0,4,0,202100015187B01,13,0,1
202100015224,2021-10-03,2021,octobre,dimanche,19:35,75,75113,"48,8240950000","2,3722490000",2,1,2,5,1,4,1,1,1,1,, -1,1,0,1,4,1,46,1,2,,0,2,1,17,202100015224B01,1,13,1
202100015224,2021-10-03,2021,octobre,dimanche,19:35,75,75113,"48,8240950000","2,3722490000",2,1,2,5,1,4,1,1,1,1,, -1,1,0,1,1,2,46,5,2,,0,2,4,13,202100015224A01,1,17,1
202100015226,2021-10-04,2021,octobre,lundi,13:45,75,75110,"48,8812790000","2,3581310000",2,3,6,1,1,4,2,2,1,1,, -1,1,0,1,1,1,16,9,2,,0,1,1,1,202100015226A01,,,
202100015227,2021-10-04,2021,octobre,lundi,16:30,75,75107,"48,8625740000","2,3190080000",2,3,7,1,1,4,2,4,1,1,, -1,1,2,5,4,1,49,9,2,,0,0,1,16,202100015227A01,,,
202100015231,2021-10-04,2021,octobre,lundi,19:00,75,75101,"48,8609140000","2,3408020000",2,2,7,1,1,4,2,2,1,1,, -1,1,0,1,4,1,28,5,2,,0,0,0,1,202100015231A01,,,
202100015263,2021-10-03,2021,octobre,dimanche,14:30,33,33540,"45,3552820000"," -1,0607060000",2,1,6,1,8,4,1,1,1,1,,4,1,0,1,2,1,73,5,1,2,1,0,1,2,202100015263A01,,,
202100015288,2021-08-25,2021,août,mercredi,09:00,84,84068,"43,7651200000","5,3654480000",2,6,2,1,7,3,2,2,1,2,, -1,1,0,1,3,1,78,5,1,2/6,0,0,4,2,202100015288A01,7,2,1
202100015289,2021-10-02,2021,octobre,samedi,15:35,04,04019,"44,3866230000","6,6544750000",2,1,2,1,1,4,1,1,1,1,,"5,5",1,0,1,4,1,61,5,1,2,0,2,4,1,202100015289B01,31,1,1
202100015356,2021-10-03,2021,octobre,dimanche,12:30,75,75117,"48,8826210000","2,2932420000",2,1,2,1,2,4,1,1,1,1,, -1,2,0,1,4,1,29,4,1,2,0,2,1,1,202100015356A01,7,23,1
202100015390,2021-09-23,2021,septembre,jeudi,17:50,49,49283,"47,4134960000"," -0,7517480000",1,1,2,1,7,3,2,2,1,1,, -1,1,0,1,3,1,42,5,2,,0,2,4,1,202100015390B01,7,1,1
202100015395,2021-10-02,2021,octobre,samedi,12:33,70,70210,"47,7965190000","6,5677210000",2,1,7,1,1,4,2,2,2,1,, -1,1,0,1,2,1,76,5,1,2,0,0,0,0,202100015395A01,,,
202100015397,2021-09-26,2021,septembre,dimanche,16:15,14,14200,"49,2830830000"," -0,5379470000",2,1,3,1,1,4,2,2,1,3,,4,1,0,1,3,2,59,5,2,,0,2,3,1,202100015397B01,2,13,1
202100015430,2021-10-04,2021,octobre,lundi,11:00,29,29021,"48,6706760000"," -4,3389670000",1,2,7,1,1,4,2,2,1,1,, -1,9,0,1,3,1,64,5,1,2,0,0,0,17,202100015430A01,,,
202100015431,2021-10-04,2021,octobre,lundi,12:05,60,60450,"49,2239250000","2,2908850000",2,3,1,1,1,3,2,2,1,1,,5,1,0,1,4,1,56,1,2,,0,2,7,1,202100015431B01,7,15,1
202100015557,2021-09-30,2021,septembre,jeudi,12:30,54,54395,"48,6806500000","6,1789000000",2,2,1,1,1,4,1,2,1,1,, -1,1,0,1,4,1,72,0,1,2,0,2,1,1,202100015557A01,7,1,1
202100015601,2021-10-01,2021,octobre,vendredi,08:05,29,29019,"48,3888100000"," -4,4839500000",2,6,3,1,2,4,2,2,1,1,, -1,2,0,1,4,2,43,1,1,2,0,2,1,1,202100015601B01,7,9,1
202100015604,2021-10-02,2021,octobre,samedi,12:30,26,26281,"45,0457600000","5,0554370000",2,6,3,1,1,4,1,1,1,1,, -1,1,5,1,4,1,22,0,2,,0,2,7,1,202100015604B01,37,16,1
202100015630,2021-10-01,2021,octobre,vendredi,12:20,06,06027,"43,6669400000","7,1526780000",1,1,6,1,1,7,2,2,2,4,, -1,1,0,1,3,1,70,0,1,2,0,1,9,13,202100015630A01,,,
202100015671,2021-10-02,2021,octobre,samedi,15:48,57,57097,"49,1949700000","6,4803890000",1,1,3,1,1,3,2,2,1,1,, -1,1,0,1,3,1,76,5,1,2,0,2,8,2,202100015671B01,7,17,1
202100015676,2021-10-02,2021,octobre,samedi,11:40,65,65360,"43,1048570000"," -0,1178880000",2,1,7,1,1,3,2,2,2,2,, -1,1,0,3,3,1,44,5,1,2,13,0,1,26,202100015676A01,,,
202100015687,2021-10-03,2021,octobre,dimanche,19:45,85,85172,"46,8377970000"," -1,9897420000",1,3,1,2,1,3,2,2,1,1,, -1,1,0,1,3,1,18,5,2,,0,2,8,19,202100015687B01,7,1,1
202100015704,2021-10-01,2021,octobre,vendredi,12:40,74,74280,"45,8849020000","6,3189630000",2,9,5,1,1,3,2,2,1,1,, -1,1,9,8,3,1,52,1,2,,0,2,8,19,202100015704B01,7/ 33,23/17,2
202100015744,2021-10-01,2021,octobre,vendredi,18:15,75,75114,"48,8336900000","2,3319470000",2,7,7,2,3,4,2,4,1,1,, -1,2, -1,6,4,2,22,1,1,2,0,0,3,1,202100015744A01,,,
202100015746,2021-10-01,2021,octobre,vendredi,19:35,75,75112,"48,8335240000","2,3821090000",2,2,3,2,2,4,2,3,1,1,, -1,2, -1,5,4,1,46,1,1,2,0,2,8,1,202100015746A01,30,1,1
202100015749,2021-10-01,2021,octobre,vendredi,14:20,75,75110,"48,8748040000","2,3573920000",2,5,6,1,1,4,2,6,1,1,, -1,1,0,4,1,1,17,2,1,2,2,1,4,25,202100015749A01,,,
202100015794,2021-10-01,2021,octobre,vendredi,15:45,66,66050,"42,7771650000","2,9296800000",1,1,2,1,1,4,2,2,1,1,,5,1,0,1,2,1,81,3,2,,0,2,4,2,202100015794A01,7,17,1
202100015822,2021-10-01,2021,octobre,vendredi,10:55,34,34337,"43,5379400000","3,8643980000",1,3,3,1,1,7, -1,2,1,1,, -1,1,0,5,3,1,75,5,1,2,0,2,1,0,202100015822B01,7,16,1
202100015835,2021-10-01,2021,octobre,vendredi,12:30,69,69154,"45,7889530000","4,6692320000",1,2,3,1,1,3,2,2,2,2,, -1,1,0,1,3,1,61,5,1,2,0,2,1,1,202100015835B01,7,15,1
202100015936,2021-09-30,2021,septembre,jeudi,13:55,05,05023,"44,8954300000","6,6330400000",2,1,6,1,1,3,2,2,1,1,, -1,1,0,1,3,2,54,0,2,,1,0,1,1,202100015936B01,7,22,1
202100015942,2021-09-30,2021,septembre,jeudi,14:10,75,75118,"48,8889820000","2,3590100000",2,1,3,1,1,4,1,1,1,1,, -1,1,0,1,4,1,40,9,2,,1,0,8,1,202100015942B01,7,22,1
202100015950,2021-09-30,2021,septembre,jeudi,08:45,75,75114,"48,8236860000","2,3231730000",2,2,7,1,1,4,2,3,1,1,, -1,1,0,1,4,2,33,1,1,2,0,0,1,1,202100015950A01,,,
202100015983,2021-09-30,2021,septembre,jeudi,10:40,83,83018,"43,3448600052","6,1724656668",1,6,3,1,7,3,1,2,1,2,, -1,1,0,1,3,1,68,5,1,2,0,2,2,1,202100015983B01,7,9,1
202100015984,2021-09-30,2021,septembre,jeudi,19:30,44,44071,"47,1983370000"," -1,4213780000",2,1,2,2,1,3,2,2,1,1,, -1,1,0,1,3,1,55,5,1,2,12,2,4,2,202100015984B01,7,2,1
202100016013,2021-09-30,2021,septembre,jeudi,15:30,27,27185,"49,2110300000","0,9770860000",1,2,3,1,1,3,2,2,1,1,, -1,1,0,1,3,1,58,5,1,2,0,2,3,1,202100016013B01,7,1,1
202100016025,2021-10-01,2021,octobre,vendredi,16:10,01,01249,"45,8613620000","4,9113660000",2,1,2,1,1,3,2,2,1,1,, -1,1,0,1,4,1,33,5,1,2,0,0,4,0,202100016025B01,7,1,1
202100016138,2021-09-29,2021,septembre,mercredi,09:08,63,63113,"45,7685200000","3,0896600000",2,1,3,1,1,4,1,3,1,1,, -1,1,0,1,4,1,41,0,1,2,0,2,8,1,202100016138B01,7,16,1
202100016226,2021-09-28,2021,septembre,mardi,12:17,05,05061,"44,5641000000","6,0934900000",2,6,3,1,7,4,1,1,1,2,, -1,1,0,1,4,1,49,9,1,2,0,2,5,1,202100016226B01,7,1,1
202100016228,2021-09-27,2021,septembre,lundi,17:05,05,05061,"44,5101400000","6,0680500000",1,1,7,1,1,3,2,2,1,1,, -1,1,0,1,4,1,69,5,1,2,0,0,1,1,202100016228A01,,,
202100016239,2021-09-29,2021,septembre,mercredi,08:30,75,75120,"48,8679340000","2,4090040000",2,2,3,1,1,4,3,2,1,1,, -1,1,0,5,4,2,26,9,1,2,0,2,1,1,202100016239B01,10,16,1
202100016242,2021-09-29,2021,septembre,mercredi,14:55,75,75118,"48,8958836125","2,3284120508",2,3,6,1,8,4,2,5,2,1,, -1,2,0,5,4,1,33,1,1,2,0,1,1,1,202100016242A01,,,
202100016243,2021-09-29,2021,septembre,mercredi,22:15,75,75114,"48,8304372775","2,3291287231",2,1,3,5,1,4,2,2,1,1,, -1,1,0,6,4,1,32,9,1,2,0,2,2,1,202100016243B01,7,22,1
202100016245,2021-09-29,2021,septembre,mercredi,17:44,75,75113,"48,8270260000","2,3854190000",2,1,3,1,1,4,3,5,1,1,, -1,1,0,1,4,1,22,5,1,2,0,2,1,1,202100016245B01,50,19,1
202100016246,2021-09-29,2021,septembre,mercredi,12:53,75,75113,"48,8239523259","2,3535811549",2,7,3,1,1,4,1,1,2,1,, -1,1,0,1,4,1,16,5,1,2,0,2,7,1,202100016246A01,7,1,1
202100016247,2021-09-28,2021,septembre,mardi,19:05,75,75113,"48,8356792795","2,3753664827",2,3,3,2,1,4,2,4,1,1,, -1,1,0,5,4,2,28,1,1,2,0,2,1,1,202100016247A01,10,22,1
202100016271,2021-09-29,2021,septembre,mercredi,14:05,92,92007,"48,8026269035","2,3189802468",2,1,3,1,1,4,2,2,1,1,, -1,1,0,1,1,1,17,0,2,,0,2,2,14,202100016271DA01,32,1,1
202100016288,2021-09-11,2021,septembre,samedi,11:20,44,44097,"47,4076910000"," -2,4808130000",2,3,3,1,1,3,2,2,1,1,,5,1,0,1,3,1,71,5,1,2,0,2,1,15,202100016288B01,7,15,1
202100016294,2021-09-29,2021,septembre,mercredi,15:50,50,50593,"49,5915430000"," -1,4134650000",1,1,3,1,1,3,2,2,1,1,, -1,1,0,1,3,1,12,5,1,2,0,2,1,19,202100016294A01,7,1,1
202100016311,2021-09-28,2021,septembre,mardi,12:20,95,95253,"49,0588370000","1,8690810000",1,1,6,1,1,3,2,2,3,2,, -1,1,0,3,4,1,83,5,1,2/4,5,0,1,2,202100016311A01,,,
202100016333,2021-08-25,2021,août,mercredi,18:50,59,59263,"50,3259090000","3,1097320000",1,6,3,2,7,3,1,2,1,3,,4,1,0,1,4,1,30,1,1,2,0,2,5,1,202100016333B01,7,9,1
202100016347,2021-09-28,2021,septembre,mardi,09:15,75,75120,"48,8569630000","2,4044670000",2,1,2,1,1,4,2,3,1,1,, -1,1,0,1,4,1,31,1,1,2,0,2,1,2,202100016347A01,10,11,1
202100016352,2021-09-28,2021,septembre,mardi,21:18,75,75114,"48,8246719168","2,3135641370",2,3,2,5,1,4,2,2,1,1,, -1,1,0,1,4,1,17,2,1,2,0,2,1,9,202100016352A01,7,4,1
202100016357,2021-09-28,2021,septembre,mardi,16:50,75,75112,"48,8395000000","2,3848970000",2,1,6,1,1,4,2,4,1,1,, -1,1,0,5,4,2,34,9,1,2,6,0,8,13,202100016357A01,,,
202100016359,2021-09-27,2021,septembre,lundi,07:13,75,75112,"48,8440504325","2,4130949950",2,5,3,5,1,4,2,6,1,1,, -1,2,0,1,4,2,31,1,1,2,0,2,4,19,202100016359B01,10,1,1
202100016360,2021-09-28,2021,septembre,mardi,19:00,75,75111,"48,8657780000","2,3699900000",2,2,3,1,1,4,3,2,1,1,, -1,1,0,1,4,1,55,9,1,2,0,2,8,14,202100016360A01,7,23,1
202100016362,2021-09-28,2021,septembre,mardi,15:00,75,75108,"48,8771467944","2,3003201187",2,5,3,1,1,4,2,3,1,1,, -1,1,0,6,4,1,39,9,1,2,0,2,1,1,202100016362B01,10,22,1
202100016391,2021-09-07,2021,septembre,mardi,17:26,80,80766,"50,0545763118","2,4858283997",1,1,7,1,1,3,2,2,1,1,, -1,1,0,1,2,1,53,5,2,,0,0,0,1,202100016391A01,,,
202100016418,2021-09-28,2021,septembre,mardi,17:20,63,63092,"45,9015970000","2,9939150000",1,1,3,1,1,3,2,2,1,1,, -1,1,0,1,3,1,52,5,1,2/6,0,2,0,11,202100016418B01,21,26,1
202100016421,2021-09-20,2021,septembre,lundi,11:20,33,33415,"45,0128370000"," -0,4517150000",1,3,1,1,1,3,2,2,1,1,,4,1,0,1,3,1,21,5,1,2,0,2,4,9,202100016421B01,7,1,1
202100016457,2021-09-27,2021,septembre,lundi,17:00,78,78551,"48,9630670000","2,1145540000",1,3,1,1,1,4,2,2,1,1,, -1,2,0,1,4,2,76,0,2,,0,2,8,0,202100016457B01,7,16,1
202100016538,2021-09-27,2021,septembre,lundi,00:15,75,75113,"48,8442337908","2,3647702631",2,7,3,5,1,4,2,3,1,2,, -1,1,0,1,4,1,29,1,1,2,0,2,1,1,202100016538B01,7,15,1
202100016540,2021-09-27,2021,septembre,lundi,18:05,75,75111,"48,8503980000","2,3925170000",2,5,3,1,1,4,2,4,1,1,, -1,1,0,5,4,2,16,9,1,2,0,2,1,1,202100016540B01,7,15,1
202100016572,2021-09-28,2021,septembre,mardi,15:18,65,65031,"42,9055390000","0,3573290000",2,1,7,1,1,3,2,2,2,1,, -1,1,0,1,2,1,74,5,1,2,0,0,0,1,202100016572A01,,,
202100016580,2021-09-27,2021,septembre,lundi,07:00,38,38229,"45,2086840000","5,7911470000",2,1,3,2,1,7,2,2,1,1,,4,1,0,5,3,1,26,1,2,,0,2,1,1,202100016580B01,10,16,1
202100016620,2021-09-03,2021,septembre,vendredi,14:10,59,59350,"50,6346700000","3,0610800000",2,9,6,1,1,4,1,0,1,2,, -1,1,0,1,4,2,23,9,2,,0,2,1,2,202100016620B01,7,22,1
202100016642,2021-09-26,2021,septembre,dimanche,17:55,65,65440,"43,2316100000","0,0615000000",2,6,3,1,1,4,2,2,1,1,, -1,1,0,1,4,2,65,5,2,,0,2,1,9,202100016642B01,7,9,1
202100016676,2021-09-26,2021,septembre,dimanche,15:00,75,75115,"48,8485290000","2,2828870000",2,3,6,1,3,4,2,5,2,1,, -1,2,0,5,4,1,28,5,1,2,0,1,2,1,202100016676A01,,,
202100016700,2021-09-20,2021,septembre,lundi,15:15,30,30356,"43,8250610000","4,4196150000",1,6,3,1,1,3,2,2,1,3,, -1,1,5,1,4,2,62,5,1,2,0,2,7,15,202100016700A01,7,9,1
202100016723,2021-09-27,2021,septembre,lundi,07:10,09,09103,"43,0275840000","1,5752080000",1,1,3,3,1,3,2,2,2,1,, -1,1,0,1,3,2,33,1,1,4,0,0,3,2,202100016723B01,7,2,1
202100016725,2021-09-25,2021,septembre,samedi,11:15,07,07130,"44,7240250000","4,0049670000",1,1,1,1,1,2,2,2,2,3,, -1,1,0,1,3,1,51,0,1,2/6,0,2,1,1,202100016725A01,7,1,1
202100016729,2021-09-19,2021,septembre,dimanche,11:50,35,35131,"48,1305680000"," -1,8171990000",1,2,3,1,1,7,2,2,1,1,, -1,1,0,1,3,1,45,5,1,2,0,2,1,1,202100016729B01,7,19,1
202100016743,2021-09-27,2021,septembre,lundi,17:35,42,42155,"45,8064570000","4,1405150000",1,2,1,1,8,3,2,1,1,1,,3,1,0,1,4,1,55,0,1,2,0,2,7,1,202100016743B01,7,19,1
202100016747,2021-09-27,2021,septembre,lundi,09:20,26,26064,"44,9030600000","5,0086930000",1,6,3,1,1,3,2,3,1,3,, -1,1,0,1,4,1,72,5,1,2,0,2,8,26,202100016747B01,10,16,1
202100016876,2021-09-23,2021,septembre,jeudi,11:25,65,65440,"43,2319410000","0,0803480000",2,1,3,1,1,4,1,1,1,1,, -1,1,0,1,4,2,48,5,1,2,0,2,0,18,202100016876B01,7,14,1
202100016915,2021-09-25,2021,septembre,samedi,14:44,45,45208,"47,9949900000","2,7324400000",2,6,3,1,1,4,1,1,1,1,, -1,1,0,1,4,1,65,0,2,,0,2,0,19,202100016915B01,10,1,1
202100016962,2021-09-23,2021,septembre,jeudi,14:38,26,26198,"44,5455040000","4,7406690000",2,3,3,1,1,4,2,1,1,1,, -1,1,0,1,4,1,11,2,2,,0,2,8,26,202100016962A01,7,26,1
202100016966,2021-09-22,2021,septembre,mercredi,16:30,14,14487,"49,1924700000","0,2224900000",2,1,6,1,1,4,2,2,1,1,, -1,1,0,1,4,1,66,5,1,2,0,2,8,1,202100016966B01,7,17,1
202100016968,2021-09-24,2021,septembre,vendredi,18:10,14,14118,"49,1767400000"," -0,3544800000",2,1,3,1,1,4,2,3,1,1,, -1,1,9,8,4,1,24,0,2,,0,2,7,25,202100016968B01,7,19,1
202100016972,2021-09-22,2021,septembre,mercredi,17:50,14,14118,"49,1907200000"," -0,3759000000",2,9,3,1,1,4,1,2,1,1,, -1,1,0,5,4,1,16,0,2,,0,2,1,5,202100016972B01,7,16,1
202100017016,2021-09-22,2021,septembre,mercredi,09:14,75,75107,"48,8534018494","2,3095683656",2,4,3,1,1,4,2,2,1,1,, -1,1,0,1,3,1,47,1,1,2,0,2,1,1,202100017016B01,31,15,1
202100017020,2021-09-23,2021,septembre,jeudi,10:39,75,75113,"48,8234010000","2,3750320000",2,3,7,1,1,4,3,2,2,1,, -1,1,0,5,3,1,42,5,1,2,0,0,1,1,202100017020A01,,,
202100017021,2021-09-25,2021,septembre,samedi,19:55,75,75119,"48,8987210000","2,3710410000",2,2,3,5,1,4,3,3,2,1,, -1,1,0,5,4,1,40,5,1,2,0,2,6,1,202100017021A01,33,1,1
202100017038,2021-09-23,2021,septembre,jeudi,10:35,75,75115,"48,8408930000","2,3058730000",2,3,6,1,1,4,2,4,1,1,, -1,1,0,5,1,1,27,9,1,2,0,1,1,1,202100017038A01,,,
202100017044,2021-09-24,2021,septembre,vendredi,20:15,75,75114,"48,8410390000","2,3215540000",2,4,6,5,1,4,3,3,2,3,, -1,1,0,1,1,1,51,1,1,2,0,1,1,1,202100017044A01,,,
202100017047,2021-09-23,2021,septembre,jeudi,21:05,75,75114,"48,8323754823","2,3109386134",2,1,1,5,1,4,1,3,1,1,, -1,1,0,5,4,1,35,5,1,2,0,2,1,13,202100017047A01,50,1,1
202100017058,2021-09-24,2021,septembre,vendredi,17:30,75,75115,"48,8412870000","2,2982140000",2,3,3,1,1,4,2,3,1,1,, -1,1,0,1,4,1,36,9,1,2,0,2,1,5,202100017058B01,7,15,1
202100017059,2021-09-24,2021,septembre,vendredi,13:15,75,75111,"48,8615760000","2,3825880000",2,2,3,1,1,4,1,1,1,1,, -1,1,0,1,4,1,52,9,1,2,0,2,1,1,202100017059B01,7,5,1
202100017060,2021-09-24,2021,septembre,vendredi,11:05,75,75120,"48,8710702175","2,3930613193",2,4,3,1,1,4,2,3,2,1,, -1,1,0,1,4,1,38,1,1,2,0,2,1,1,202100017060B01,10,22,1
202100017067,2021-09-24,2021,septembre,vendredi,08:51,75,75109,"48,8741790000","2,3269620000",2,2,6,1,1,4,2,5,1,1,, -1,1,0,5,1,1,51,1,1,2,0,1,1,1,202100017067A01,,,
202100017067,2021-09-24,2021,septembre,vendredi,08:51,75,75109,"48,8741790000","2,3269620000",2,2,6,1,1,4,2,5,1,1,, -1,1,0,5,4,2,54,1,2,,0,1,1,1,202100017067A01,,,
202100017069,2021-09-23,2021,septembre,jeudi,06:45,75,75109,"48,8817220000","2,3476130000",2,1,3,2,1,4,2,2,1,1,, -1,1,0,5,4,1,29,1,1,2,0,2,1,1,202100017069B01,10,22,1
202100017076,2021-09-23,2021,septembre,jeudi,09:10,75,75114,"48,8274472158","2,3050528765",2,4,3,1,1,4,2,3,2,1,, -1,1,0,5,1,1,40,1,1,2,0,2,7,9,202100017076A01,80,1,1
202100017077,2021-09-22,2021,septembre,mercredi,08:38,75,75107,"48,8523510000","2,3126230000",2,1,3,1,1,4,3,1,1,1,, -1,1,0,1,4,1,42,1,1,2,0,2,0,1,202100017077A01,7,14,1
202100017164,2021-09-26,2021,septembre,dimanche,17:25,31,31573,"43,6855640000","1,6704800000",1,1,3,1,1,3,2,2,2,1,, -1,1,0,1,4,1,52,5,1,2/6,0,2,8,1,202100017164B01,7,21,1
202100017168,2021-09-25,2021,septembre,samedi,09:30,88,88106,"48,1834710000","6,9760500000",1,1,5,1,1,3,2,2,1,3,, -1,1,0,1,3,1,37,5,1,2/6,0,2,1,1,202100017168B01,7,17/1,2
202100017168,2021-09-25,2021,septembre,samedi,09:30,88,88106,"48,1834710000","6,9760500000",1,1,5,1,1,3,2,2,1,3,, -1,1,0,1,4,1,49,5,1,2/6,0,0,0,1,202100017168C01,7,17/1,2
202100017168,2021-09-25,2021,septembre,samedi,09:30,88,88106,"48,1834710000","6,9760500000",1,1,5,1,1,3,2,2,1,3,, -1,1,0,1,4,1,46,5,1,2/6,0,0,0,1,202100017168D01,7,17/1,2
202100017168,2021-09-25,2021,septembre,samedi,09:30,88,88106,"48,1834710000","6,9760500000",1,1,5,1,1,3,2,2,1,3,, -1,1,0,1,3,1,44,5,1,2/6,0,2,1,1,202100017168E01,7,17/1,2
202100017168,2021-09-25,2021,septembre,samedi,09:30,88,88106,"48,1834710000","6,9760500000",1,1,5,1,1,3,2,2,1,3,, -1,1,0,1,1,1,42,5,1,2/6,0,0,0,1,202100017168F01,7,17/1,2
202100017168,2021-09-25,2021,septembre,samedi,09:30,88,88106,"48,1834710000","6,9760500000",1,1,5,1,1,3,2,2,1,3,, -1,1,0,1,1,1,38,5,1,6/2,0,0,0,1,202100017168G01,7,17/1,2
202100017168,2021-09-25,2021,septembre,samedi,09:30,88,88106,"48,1834710000","6,9760500000",1,1,5,1,1,3,2,2,1,3,, -1,1,0,1,1,1,58,5,1,2/6,0,0,0,1,202100017168H01,7,17/1,2
202100017192,2021-08-23,2021,août,lundi,17:35,74,74088,"46,0542630000","6,0865440000",1,3,3,1,1,3,2,2,1,1,, -1,1,0,1,3,1,39,5,1,2,0,2,8,1,202100017192B01,7,1,1
202100017227,2021-09-03,2021,septembre,vendredi,13:25,31,31182,"43,6675030000","1,4102890000",1,2,3,1,1,7,4,2,3,1,,4,1,9,1,3,1,65,5,1,2,0,2,7,1,202100017227A01,7,1,1
202100017247,2021-09-24,2021,septembre,vendredi,18:20,50,50273,"49,3254790000"," -1,4369560000",2,1,7,1,1,3,2,2,2,1,, -1,1,0,1,3,1,13,5,1,6,0,0,0,0,202100017247A01,,,
202100017257,2021-09-25,2021,septembre,samedi,16:00,10,10209,"48,2757100000","4,3025640000",1,1,6,1,1,3,2,2,1,4,,"5,5",1,0,1,4,1,42,5,1,2,0,9,1,2,202100017257C01,99,2,1
202100017257,2021-09-25,2021,septembre,samedi,16:00,10,10209,"48,2757100000","4,3025640000",1,1,6,1,1,3,2,2,1,4,,"5,5",1,0,1,4,1,57,5,1,2,0,2,8,2,202100017257B01,99,2,1
202100017261,2021-09-23,2021,septembre,jeudi,16:40,21,21180,"47,2891710000","5,4882500000",1,1,2,1,1,3,2,2,1,1,, -1,1,9,1,3,1,69,5,1,2,0,2,4,1,202100017261B01,0,2,1
202100017319,2021-09-25,2021,septembre,samedi,09:20,44,44066,"47,3737060000"," -1,6049700000",1,2,3,1,1,3,2,2,1,1,, -1,1,5,1,3,2,69,5,2,,0,2,7,1,202100017319B01,7,15,1
202100017325,2021-09-23,2021,septembre,jeudi,14:15,79,79048,"46,3485420000"," -0,3091510000",2,4,3,1,1,3,2, -1,1,3,,"8,4",1,0,1,3,1,22,0,2,,0,2,1,19,202100017325B01,7,1,1
202100017337,2021-09-26,2021,septembre,dimanche,10:00,60,60446,"49,1371930000","2,7776960000",1,1,7,1,1,3,2,2,1,1,, -1,1,0,1,4,1,59,5,1,2,0,0,0,1,202100017337C01,1,1,3
202100017337,2021-09-26,2021,septembre,dimanche,10:00,60,60446,"49,1371930000","2,7776960000",1,1,7,1,1,3,2,2,1,1,, -1,1,0,1,4,1,75,5,1,2,0,9,0,1,202100017337A01,1,1,3
202100017337,2021-09-26,2021,septembre,dimanche,10:00,60,60446,"49,1371930000","2,7776960000",1,1,7,1,1,3,2,2,1,1,, -1,1,0,1,4,1,47,5,1,2,0,0,0,1,202100017337B01,1,1,3
202100017337,2021-09-26,2021,septembre,dimanche,10:00,60,60446,"49,1371930000","2,7776960000",1,1,7,1,1,3,2,2,1,1,, -1,1,0,1,3,1,66,5,1,2,0,0,0,1,202100017337D01,1,1,3
202100017341,2021-09-23,2021,septembre,jeudi,18:00,59,59051,"50,5277040000","2,8036270000",2,6,3,1,1,4,1,2,1,1,,5,1,0,1,4,1,30,0,2,,0,2,1,16,202100017341B01,7,1,1
202100017489,2021-09-22,2021,septembre,mercredi,21:09,75,75118,"48,8883510000","2,3495800000",2,2,3,5,1,4,2,4,2,1,, -1,1,5,1,4,2,31,9,1,2,0,2,1,1,202100017489B01,10,1,1
202100017501,2021-09-22,2021,septembre,mercredi,11:15,75,75112,"48,8467740000","2,3817490000",2,2,3,1,7,4,2,3,1,1,, -1,1,0,1,4,2,45,1,1,2,0,2,8,1,202100017501B01,10,15,1
202100017503,2021-09-22,2021,septembre,mercredi,01:05,75,75120,"48,8570399390","2,3981469870",2,3,1,5,1,4,2,2,1,1,, -1,1,0,5,4,1,50,9,1,2,0,2,4,1,202100017503B01,30,5,1
202100017547,2021-09-23,2021,septembre,jeudi,08:20,47,47073,"44,3193940000","0,5761370000",1,1,2,2,5,3,3,2,1,1,, -1,1,0,1,2,2,66,0,2,,0,0,4,2,202100017547B01,10,2,1
202100017569,2021-09-22,2021,septembre,mercredi,14:45,95,95592,"49,0380750000","1,8719300000",1,1,7,1,1,4,2,2,1,1,, -1,1,0,5,3,1,62,5,1,2,0,0,0,26,202100017569A01,,,
202100017570,2021-09-21,2021,septembre,mardi,08:05,78,78615,"48,8532830000","1,9095450000",1,3,1,2,7,3,2,2,2,1,, -1,1,5,1,3,1,54,5,1,2/9,0,2,1,1,202100017570B01,7,15,1