Num_Acc,date,an,mois,jour,hrmn,dep,com,lat,long,agg,int,col,lum,atm,catr,circ,nbv,prof,plan,lartpc,larrout,surf,infra,situ,grav,sexe,age,trajet,secuexist,equipement,obs,obsm,choc,manv,vehiculeid,typevehicules,manoeuvehicules,numVehicules
202100017578,2021-09-23,2021,septembre,jeudi,15:00,74,74056,"45,9014030000","6,8291510000",1,1,7,1,1,3,2,2,2,2,, -1,1,0,1,2,1,60,5,1,2,0,0,1,1,202100017578A01,,,
202100017583,2021-09-22,2021,septembre,mercredi,09:00,44,44026,"47,2932170000"," -1,4934970000",2,6,1,1,7,7,1,1,1,3,, -1,1,0,1,3,1,73,0,1,9,0,0,6,9,202100017583A01,7,1,1
202100017585,2021-05-20,2021,mai,jeudi,10:42,59,59146,"50,6110770000","3,2030510000",2,1,3,1,1,7,2,2,1,2,, -1,1,0,1,4,1,49,0,1,2,0,2,8,1,202100017585B01,7,17,1
202100017600,2021-09-21,2021,septembre,mardi,08:10,94,94068,"48,7909100000","2,4989900000",2,1,3,1,1,4,2,2,1,1,, -1,1,0,1,4,2,61,5,1,2,0,2,0,2,202100017600B01,10,2,1
202100017632,2021-09-21,2021,septembre,mardi,19:16,60,60175,"49,2463790000","2,4707890000",2,6,6,1,1,3,1,1,2,3,, -1,1,5,1,4,1,31,3,2,,0,0,7,19,202100017632B01,7,16,1
202100017671,2021-09-21,2021,septembre,mardi,17:35,75,75119,"48,8763140000","2,3876200000",2,2,3,1,1,4,2,2,1,1,, -1,1,0,5,4,1,29,9,1,2,0,2,1,1,202100017671B01,30,15,1
202100017672,2021-09-21,2021,septembre,mardi,10:20,75,75119,"48,8820620000","2,3742770000",2,1,3,1,1,4,1,1,1,1,, -1,1,0,1,4,1,17,9,1,2,0,2,2,1,202100017672B01,10,22,1
202100017673,2021-09-21,2021,septembre,mardi,09:21,75,75119,"48,8898824096","2,3966277761",2,2,3,1,1,4,2,5,1,1,, -1,1,0,5,4,1,32,1,1,2,0,2,8,1,202100017673B01,43,16,1
202100017675,2021-09-21,2021,septembre,mardi,15:40,75,75113,"48,8388500000","2,3609860000",2,4,3,1,1,4,2,5,1,1,, -1,1,0,1,4,1,24,5,1,2,0,2,3,12,202100017675A01,33,1,1
202100017676,2021-09-21,2021,septembre,mardi,10:15,75,75113,"48,8383220000","2,3727830000",2,3,3,1,1,4,2,5,1,1,, -1,1,0,5,4,2,25,5,1,2,0,2,1,1,202100017676B01,10,16,1
202100017682,2021-09-21,2021,septembre,mardi,13:00,75,75104,"48,8521626430","2,3608944705",2,1,3,1,1,4,2,4,1,1,, -1,1,0,5,1,1,27,1,1,2,0,2,1,9,202100017682A01,80,1,1
202100017722,2021-09-22,2021,septembre,mercredi,17:15,71,71029,"46,8558070000","5,3633990000",1,1,2,1,1,3,2,2,1,3,, -1,1,0,1,3,1,12,5,2,,0,2,8,13,202100017722B01,7,17,1
202100017734,2021-09-21,2021,septembre,mardi,10:00,85,85127,"46,4245110000"," -1,4941100000",2,6,3,1,1,3,2,2,1,2,, -1,1,0,1,4,1,69,5,1,2,0,2,8,1,202100017734B01,7,1,1
202100017754,2021-09-07,2021,septembre,mardi,18:00,38,38317,"45,1385110000","5,7025750000",2,1,3,1,1,7,3,4,1,1,, -1,1,0,5,3,2,52,1,2,,0,2,3,1,202100017754B01,7,19,1
202100017756,2021-09-21,2021,septembre,mardi,17:15,01,01249,"45,8259400000","4,9479940000",2,2,3,1,1,3,2,2,2,2,,4,1,5,1,4,1,19,5,1,2,0,2,1,1,202100017756B01,7,15,1
202100017757,2021-08-31,2021,août,mardi,12:35,24,24405,"44,9127450000","0,6677840000",1,1,2,1,1,3,2,2,1,1,, -1,1,0,1,4,1,21,5,1,2,0,2,4,2,202100017757C01,10,2,1
202100017757,2021-08-31,2021,août,mardi,12:35,24,24405,"44,9127450000","0,6677840000",1,1,2,1,1,3,2,2,1,1,, -1,1,0,1,4,1,58,5,2,,0,2,4,2,202100017757B01,10,2,1
202100017807,2021-09-11,2021,septembre,samedi,10:00,80,80021,"49,8792258371","2,3352421757",2,3,3,1,1,4,2,2,1,1,, -1,1,0,1,4,2,54,5,2,,0,2,1,1,202100017807B01,7,0,1
202100017811,2021-09-14,2021,septembre,mardi,07:40,80,80021,"49,8779700000","2,2809000000",2,1,3,1,2,4,2,2,1,1,, -1,2,0,1,4,1,16,2,2,,0,2,1,1,202100017811B01,7,16,1
202100017826,2021-09-20,2021,septembre,lundi,14:17,63,63075,"45,7759100000","3,0680100000",2,5,3,1,1,7,1,2,1,1,, -1,1,0,1,4,1,61,1,1,2,0,2,7,1,202100017826B01,7,15,1
202100017878,2021-09-20,2021,septembre,lundi,13:45,75,75113,"48,8345736359","2,3673703775",2,3,6,1,8,4,3,3,1,1,, -1,1,0,5,1,2,25,2,1,2,0,1,1,1,202100017878A01,,,
202100017939,2021-09-16,2021,septembre,jeudi,10:50,37,37139,"47,3901996306","0,5469410894",2,2,1,1,1,7,2,2,2,1,,4,1,0,1,3,1,13,2,2,,0,2,1,19,202100017939A01,7,1,1
202100017940,2021-09-21,2021,septembre,mardi,15:45,973,97307,"4,8813646562"," -52,3446563333",2,3,3,1,1,4,2,2,2,1,,4,1,0,1,3,1,18,5,2,,0,2,1,1,202100017940A01,99,1,1
202100017948,2021-09-21,2021,septembre,mardi,11:50,84,84067,"44,0881010000","5,0072010000",1,1,6,1,1,9,2,1,1,1,,3,1,0,1,3,1,62,5,1,2,0,0,0,0,202100017948A01,,,
202100018028,2021-09-19,2021,septembre,dimanche,12:35,75,75111,"48,8652000000","2,3676810000",2,2,6,1,1,4,2,4,1,1,, -1,1,0,5,4,1,47,9,1,2,0,1,1,1,202100018028A01,,,
202100018030,2021-09-19,2021,septembre,dimanche,18:40,75,75101,"48,8605034015","2,3421397805",2,3,1,2,1,4,2,4,1,1,, -1,1,0,5,4,1,36,5,1,2,0,2,1,13,202100018030A01,50,1,1
202100018075,2021-09-11,2021,septembre,samedi,11:30,13,13081,"43,4948060000","5,2167890000",1,9,3,1,1,7,2,4,1,1,, -1,1,3,1,3,1,59,5,1,2,0,2,2,12,202100018075B01,7,9,1
202100018081,2021-09-13,2021,septembre,lundi,08:15,38,38562,"45,0826570000","5,7661490000",2,6,3,1,1,4,2,2,1,3,, -1,1,0,6,3,1,43,1,2,,0,2,8,19,202100018081B01,7,16,1
202100018170,2021-09-18,2021,septembre,samedi,16:25,75,75120,"48,8482520000","2,4008000000",2,1,6,1,1,4,1,1,1,1,, -1,1,0,1,1,1,58,9,1,2,1,1,1,1,202100018170A01,,,
202100018174,2021-09-18,2021,septembre,samedi,19:40,75,75113,"48,8328610000","2,3555400000",2,3,3,2,1,4,2,2,1,1,, -1,1,0,5,4,2,41,5,1,2,0,2,3,1,202100018174A01,30,15,1
202100018181,2021-09-17,2021,septembre,vendredi,20:45,75,75109,"48,8760090000","2,3445160000",2,3,3,5,1,4,1,2,1,1,, -1,1,0,1,4,1,29,9,2,,0,2,2,1,202100018181B01,7,16,1
202100018198,2021-09-18,2021,septembre,samedi,16:55,92,92026,"48,8934401631","2,2521248460",2,6,3,1,1,4,2,2,1,1,, -1,1,5,1,3,1,55,5,2,,0,2,1,9,202100018198A01,7,0,1
202100018237,2021-09-18,2021,septembre,samedi,09:45,56,56140,"47,9367590000"," -2,8090050000",1,1,4,1,5,3,2,2,4,3,, -1,2,0,1,4,2,60,5,1,2,0,2,1,2,202100018237C01,1,2/1,2
202100018237,2021-09-18,2021,septembre,samedi,09:45,56,56140,"47,9367590000"," -2,8090050000",1,1,4,1,5,3,2,2,4,3,, -1,2,0,1,4,1,77,5,1,2,0,2,1,2,202100018237B01,1,2/1,2
202100018237,2021-09-18,2021,septembre,samedi,09:45,56,56140,"47,9367590000"," -2,8090050000",1,1,4,1,5,3,2,2,4,3,, -1,2,0,1,3,2,63,5,1,2,0,2,4,1,202100018237A01,1,2,2
202100018246,2021-09-19,2021,septembre,dimanche,11:15,44,44028,"47,3180150000"," -1,3469530000",2,1,7,1,1,3,2,2,2,1,, -1,1,0,1,2,1,52,5,1,2,12,0,1,1,202100018246A01,,,
202100018259,2021-09-19,2021,septembre,dimanche,14:40,06,06018,"43,6266750000","7,0955030000",2,9,3,1,1,3,2,2,2,2,, -1,1,0,1,3,1,50,5,1,2,0,2,1,1,202100018259B01,7,26,1
202100018275,2021-09-18,2021,septembre,samedi,10:20,26,26220,"44,3623880000","5,1291680000",2,1,6,1,1,3,2,2,2,1,, -1,1,0,1,1,1,78,5,1,2,0,1,1,1,202100018275A01,,,
202100018317,2021-09-17,2021,septembre,vendredi,06:30,71,71118,"46,7961016400","4,8114015321",2,1,7,2,1,3, -1,2,1,1,, -1,1,0,1,4,1,43,0,2,,9,0,1,1,202100018317A01,,,
202100018370,2021-09-17,2021,septembre,vendredi,13:50,27,27229,"49,0251410000","1,1804320000",2,1,6,1,1,4,2,2,1,1,, -1,1,0,1,4,1,25,5,2,,0,2,1,1,202100018370A01,7,0,1
202100018378,2021-09-16,2021,septembre,jeudi,21:15,14,14118,"49,1822500000"," -0,3596600000",2,1,3,5,1,4,2,2,1,1,, -1,1,0,1,4,1,34,0,2,,1,0,1,26,202100018378A01,7,22,1
202100018397,2021-09-17,2021,septembre,vendredi,20:45,75,75119,"48,8831040000","2,3880620000",2,4,1,5,1,4,1,1,2,1,, -1,1,0,1,4,1,32,9,2,,0,2,1,5,202100018397B01,33,1,1
202100018399,2021-09-17,2021,septembre,vendredi,20:30,75,75117,"48,8845370000","2,3269830000",2,3,3,5,1,4,2,2,1,1,, -1,1,0,5,4,1,26,5,2,,0,0,5,1,202100018399B01,7,13,1
202100018400,2021-09-17,2021,septembre,vendredi,19:45,75,75117,"48,8865050000","2,2928610000",2,3,1,1,1,4,2,0,1,1,, -1,1,0,4,4,1,45,5,2,,0,2,1,25,202100018400A01,2,25,1
202100018404,2021-09-16,2021,septembre,jeudi,13:00,75,75116,"48,8395749791","2,2626918162",2,4,1,1,1,4,1,3,1,1,, -1,1,0,6,4,1,16,5,1,2,0,2,7,5,202100018404A01,33,1,1
202100018408,2021-09-17,2021,septembre,vendredi,15:18,75,75111,"48,8506690000","2,3944930000",2,2,3,1,1,4,2,0,1,1,, -1,1,0,5,1,1,21,9,2,,0,2,1,1,202100018408A01,2,1,1
202100018454,2021-09-16,2021,septembre,jeudi,11:30,56,56091,"47,9553290000"," -2,5664450000",2,1,3,1,1,3,2,2,1,1,, -1,1,0,1,3,1,75,5,1,2,0,2,8,2,202100018454B01,15,16,1
202100018456,2021-09-18,2021,septembre,samedi,09:15,2B,2B299,"42,4269007220","9,4297109799",1,1,7,1,1,3,2,2,2,3,, -1,1,0,1,2,1,71,5,1,2,0,0,0,0,202100018456A01,,,
202100018459,2021-09-18,2021,septembre,samedi,01:20,86,86277,"46,7730840000","0,1908020000",1,3,2,3,1,3,2,2,1,1,, -1,1,0,1,2,1,14,5,2,,0,0,4,2,202100018459B01,7,1,1
202100018462,2021-09-18,2021,septembre,samedi,09:15,68,68349,"47,5996090000","7,5769940000",2,6,3,1,1,3,1,1,1,2,, -1,1,0,1,4,1,57,0,2,,0,0,3,2,202100018462B01,7,2,1
202100018494,2021-09-12,2021,septembre,dimanche,14:50,68,68334,"47,8157770000","7,1061800000",2,1,3,1,1,4,2,2,2,1,,4,1,0,1,3,1,17,5,2,,0,2,1,1,202100018494B01,7,19,1
202100018582,2021-09-16,2021,septembre,jeudi,07:50,29,29019,"48,4005400000"," -4,4546270000",2,1,3,1,1,4, -1,2,1,1,, -1,1,0,1,4,1,60,0,1,2,0,2,8,1,202100018582B01,7,9,1
202100018583,2021-09-16,2021,septembre,jeudi,15:56,27,27229,"49,0292500000","1,1520500000",2,1,7,1,1,4,2,2,1,1,, -1,1,0,1,4,1,18,5,1,2,0,0,0,1,202100018583A01,,,
202100018584,2021-09-14,2021,septembre,mardi,18:50,27,27229,"49,0194800000","1,1577300000",2,1,7,1,8,4,1,3,2,3,, -1,1,0,1,4,1,65,5,1,2/6,12,0,1,9,202100018584A01,,,
202100018590,2021-09-16,2021,septembre,jeudi,11:45,17,17291,"46,1803000000"," -1,1242400000",2,1,6,1,1,4,2,2,1,1,, -1,1, -1,5,4,2,65,0,2,,0,1,4,26,202100018590A01,,,
202100018604,2021-09-15,2021,septembre,mercredi,16:00,75,75117,"48,8779630000","2,2878850000",2,7,7,1,2,4,1,2,1,1,, -1,2,0,1,4,2,61,5,1,2,0,0,0,1,202100018604A01,,,
202100018607,2021-09-15,2021,septembre,mercredi,20:40,75,75114,"48,8336970000","2,3319360000",2,7,3,5,8,4,1,4,1,1,, -1,2,0,1,4,2,37,5,1,2,0,2,1,1,202100018607B01,10,16,1
202100018608,2021-09-16,2021,septembre,jeudi,21:05,75,75112,"48,8480921572","2,3991871743",2,2,5,5,1,4,3,3,1,1,, -1,1,0,1,4,1,33,1,1,2,0,2,1,2,202100018608C01,30/ 7,1/2,2
202100018616,2021-09-16,2021,septembre,jeudi,09:25,75,75101,"48,8630011016","2,3237649410",2,1,1,1,1,4,2,2,1,1,, -1,1,1,1,4,1,43,1,1,2,0,2,0,1,202100018616A01,1,13,1
202100018616,2021-09-16,2021,septembre,jeudi,09:25,75,75101,"48,8630011016","2,3237649410",2,1,1,1,1,4,2,2,1,1,, -1,1,1,1,4,1,36,1,1,2,0,2,0,13,202100018616B01,1,1,1
202100018632,2021-08-15,2021,août,dimanche,17:20,974,97415," -21,0703890000","55,2866350000",1,1,1,1,1,4,2,1,2,1,, -1,1,0,1,3,1,30,5,2,,0,2,2,13,202100018632A01,2,1,1
202100018641,2021-08-13,2021,août,vendredi,14:50,57,57527,"49,0296560000","6,2406150000",1,1,6,1,1,3,2,2,1,1,, -1,1,0,1,3,1,49,5,1,2,0,0,4,2,202100018641B01,7,2,1
202100018645,2021-09-15,2021,septembre,mercredi,11:00,56,56119,"47,6869870000"," -3,1240220000",1,3,2,1,1,3,2,2,1,1,, -1,1,0,1,4,1,65,5,2,,0,2,1,2,202100018645A01,7,16,1
202100018646,2021-09-16,2021,septembre,jeudi,11:30,2B,2B283,"41,9057110000","9,3892870000",1,2,1,1,1,2,2,2,1,1,,7,1,0,1,3,1,71,5,2,,0,2,8,13,202100018646B01,7,1,1
202100018655,2021-09-17,2021,septembre,vendredi,09:15,64,64094,"43,4785380000"," -1,1888190000",2,1,7,1,1,3,2,2,1,1,, -1,1,0,1,3,2,75,5,1,2,0,0,0,1,202100018655A01,,,
202100018681,2021-09-17,2021,septembre,vendredi,16:25,81,81283,"43,9335230000","1,9560650000",1,1,2,1,1,3, -1,2,1,1,, -1,1,0,1,1,1,66,5,1,2,0,9,4,26,202100018681B01,1,2,1
202100018681,2021-09-17,2021,septembre,vendredi,16:25,81,81283,"43,9335230000","1,9560650000",1,1,2,1,1,3, -1,2,1,1,, -1,1,0,1,4,1,54,5,1,2,0,2,1,2,202100018681A01,1,26,1
202100018685,2021-09-14,2021,septembre,mardi,06:50,33,33056,"44,9271010000"," -0,6349620000",2,9,3,5,1,4,2,2,1,1,,"3,5",1,0,1,3,1,50,0,1,2,0,2,8,19,202100018685B01,7,16,1
202100018804,2021-09-15,2021,septembre,mercredi,08:50,75,75111,"48,8651680000","2,3677590000",2,2,3,1,2,4,2,4,1,1,, -1,2,0,1,4,2,37,1,1,2,0,2,8,15,202100018804A01,33,1,1
202100018840,2021-09-11,2021,septembre,samedi,10:15,71,71340,"46,5589780000","4,1902920000",1,2,6,1,1,3,2,1,2,1,,3,1,0,1,3,1,70,5,1,2,0,5,1,1,202100018840A01,,,
202100018843,2021-08-02,2021,août,lundi,11:25,49,49218,"47,2810790000"," -1,1189520000",2,1,3,1,1,3,2,2,2,1,, -1,1,0,1,4,1,69,5,1,2,0,2,1,1,202100018843B01,7,15,1
202100018844,2021-09-16,2021,septembre,jeudi,18:20,68,68290,"47,9441010000","7,4560960000",2,1,1,1,1,4,2,1,1,1,,"3,5",1,0,1,3,1,7,5,1,2,0,2,1,15,202100018844B01,10,1,1
202100018862,2021-09-11,2021,septembre,samedi,15:15,35,35353,"48,1188222508"," -1,7597611848",2,1,3,1,1,4,2,2,1,1,, -1,1,0,1,3,1,55,5,1,2/9,0,2,7,17,202100018862B01,7,20,1
202100018871,2021-09-12,2021,septembre,dimanche,18:40,83,83101,"43,2204310000","6,6483910000",1,1,7,1,1,3,2,2,2,1,, -1,1,0,5,3,1,67,3,2,,13,0,0,2,202100018871B01,7,2,1
202100018876,2021-09-08,2021,septembre,mercredi,18:30,57,57212,"49,0312840000","6,1129050000",2,6,3,2,1,2,2,2,1,1,, -1,1,0,1,3,1,60,5,2,,0,2,2,1,202100018876B01,7,1,1
202100018880,2021-09-12,2021,septembre,dimanche,10:45,59,59558,"50,2407854627","3,4422455431",2,3,1,1,1,3,2,2,1,2,, -1,1,0,1,3,1,36,5,1,2,0,2,1,1,202100018880B01,7,15,1
202100018903,2021-07-02,2021,juillet,vendredi,10:32,75,75120,"48,8545860000","2,4134380000",2,7,3,1,1,4,1,5,1,2,, -1,1,2,1,2,2,32,9,1,2,0,2,7,1,202100018903A01,7,1,1
202100018937,2021-09-14,2021,septembre,mardi,07:00,63,63113,"45,7803900000","3,0836700000",2,4,3,5,1,4,2,2,1,1,, -1,1,0,1,4,2,23,0,1,2,0,2,4,2,202100018937B01,7,15,1
202100018938,2021-09-09,2021,septembre,jeudi,08:23,63,63113,"45,7712400000","3,0833900000",2,2,3,1,1,4,3,4,1,1,, -1,1,0,1,4,2,48,0,1,2,0,2,8,18,202100018938B01,14,9,1
202100018939,2021-09-10,2021,septembre,vendredi,17:16,63,63113,"45,7716295903","3,0832176589",2,2,3,1,1,4,3,2,1,1,, -1,1,0,1,4,2,22,0,1,2,0,2,8,19,202100018939B01,7,2,1
202100018942,2021-09-11,2021,septembre,samedi,11:34,63,63113,"45,7932000000","3,0867400000",2,2,3,1,1,4,2,2,1,1,, -1,1,0,1,4,1,65,0,1,2,0,2,1,9,202100018942B01,7,15,1
202100018983,2021-09-14,2021,septembre,mardi,14:20,75,75106,"48,8441340000","2,3230370000",2,3,6,1,1,4,2,4,1,1,, -1,1,0,1,1,1,25,4,1,2,0,1,8,1,202100018983A01,,,
202100018986,2021-09-14,2021,septembre,mardi,05:55,75,75118,"48,9007309355","2,3440280557",2,2,3,5,3,4,2,6,1,1,, -1,2,0,5,4,1,56,1,1,2,0,2,1,1,202100018986B01,7,15,1
202100018996,2021-09-14,2021,septembre,mardi,12:10,75,75114,"48,8196530000","2,3419250000",2,1,3,1,1,4,3,2,1,1,, -1,1,0,5,4,1,29,9,1,2,0,2,0,1,202100018996B01,10,16,1
202100018998,2021-09-14,2021,septembre,mardi,17:20,75,75113,"48,8430738815","2,3663305414",2,1,3,1,1,4,2,5,1,1,, -1,1,0,5,4,2,30,9,1,2,0,2,1,16,202100018998B01,1,1,1
202100018998,2021-09-14,2021,septembre,mardi,17:20,75,75113,"48,8430738815","2,3663305414",2,1,3,1,1,4,2,5,1,1,, -1,1,0,5,4,1,36,9,1,2,0,2,1,1,202100018998A01,1,16,1
202100019003,2021-09-14,2021,septembre,mardi,19:10,75,75110,"48,8831830000","2,3498370000",2,4,3,2,2,4,2,2,2,3,, -1,2,0,5,4,2,27,9,1,2,0,2,7,1,202100019003B01,7,15,1
202100019005,2021-09-14,2021,septembre,mardi,08:55,75,75109,"48,8769580000","2,3481130000",2,1,3,1,3,4,2,4,2,1,, -1,2,0,5,4,2,48,1,1,2,0,2,8,13,202100019005A01,10,1,1
202100019011,2021-09-14,2021,septembre,mardi,12:30,75,75104,"48,8550626965","2,3616790376",2,3,6,1,8,4,2,4,1,1,, -1,2,0,5,4,1,70,3,1,2,14,0,7,13,202100019011A01,,,
202100019012,2021-09-14,2021,septembre,mardi,12:20,75,75103,"48,8668750000","2,3620030000",2,3,3,1,1,4,1,2,1,1,, -1,1,0,5,1,1,34,9,1,2,0,2,1,1,202100019012B01,1,15,1
202100019012,2021-09-14,2021,septembre,mardi,12:20,75,75103,"48,8668750000","2,3620030000",2,3,3,1,1,4,1,2,1,1,, -1,1,0,5,4,2,58,5,1,2,0,2,1,15,202100019012A01,1,1,1
202100019040,2021-09-14,2021,septembre,mardi,15:45,42,42213,"45,9001780000","4,3137110000",1,1,6,1,1,3,2,2,2,1,, -1,1,0,1,2,1,87,5,1,2,0,2,4,14,202100019040B01,7,18,1
202100019045,2021-09-14,2021,septembre,mardi,18:15,32,32426,"43,4975930000","0,5839490000",1,1,7,1,1,3,2,2,2,1,, -1,1,0,1,3,1,53,1,2,,0,0,9,0,202100019045A01,,,
202100019059,2021-09-15,2021,septembre,mercredi,16:15,50,50236,"49,2650670000"," -1,5684380000",1,2,3,1,1,3,2,2,1,1,, -1,1,0,1,4,1,72,5,1,2,0,2,2,1,202100019059A01,7,1,1
202100019064,2021-09-14,2021,septembre,mardi,09:06,85,85282,"46,7037370000"," -0,9789880000",2,1,6,1,1,3,2,2,2,1,, -1,1,0,1,1,1,85,5,2,,0,1,1,1,202100019064A01,,,
202100019071,2021-09-14,2021,septembre,mardi,11:25,38,38486,"45,1588650000","5,6963290000",2,1,2,1,1,7,2,2,1,1,,4,1,0,5,4,1,56,5,2,,0,2,1,1,202100019071B01,10,23,1
202100019090,2021-09-15,2021,septembre,mercredi,10:05,01,01249,"45,8268440000","4,9529510000",2,2,3,1,1,3,2,2,2,1,,4,2,0,1,4,1,23,5,2,,0,2,1,1,202100019090B01,7,15,1
202100019093,2021-09-15,2021,septembre,mercredi,10:55,29,29295,"48,5150390000"," -4,2426320000",1,1,5,1,1,3,2,2,1,2,, -1,1,5,1,4,1,78,5,1,2/4/6,0,2,8,2,202100019093C01,7/ 10,17/1,2
202100019200,2021-09-13,2021,septembre,lundi,10:10,75,75119,"48,8843430000","2,3668810000",2,2,3,1,1,4,3,2,1,1,, -1,1,0,5,4,1,31,1,1,2,0,2,1,1,202100019200B01,13,16,1
202100019203,2021-09-13,2021,septembre,lundi,09:30,75,75116,"48,8491030000","2,2420440000",2,1,3,1,1,4,2,2,1,1,, -1,1,0,5,4,2,35,1,1,2,0,2,1,19,202100019203B01,30,1,1
202100019207,2021-09-13,2021,septembre,lundi,09:00,75,75115,"48,8444410000","2,3177070000",2,2,6,1,1,4,2,3,1,1,, -1,1,0,5,1,1,19,2,1,2,0,1,8,1,202100019207A01,,,
202100019240,2021-09-14,2021,septembre,mardi,09:10,25,25116,"47,2815320000","6,2628550000",1,1,1,1,1,3,2,2,1,1,, -1,1,0,1,3,1,22,0,2,,0,2,1,13,202100019240B01,13,1,1
202100019242,2021-09-13,2021,septembre,lundi,14:20,67,67073,"48,2793950000","7,4020550000",2,3,1,1,1,3,2,2,2,4,, -1,9,8,4,3,1,47,5,1,2,0,2,1,5,202100019242A01,10,11,1
202100019274,2021-09-04,2021,septembre,samedi,19:00,87,87154,"45,9041500000","0,9315040000",2,1,1,2,1,3,2,2,1,1,, -1,1,0,1,3,1,84,0,1,2,0,2,0,0,202100019274A01,7,1,1
202100019324,2021-09-12,2021,septembre,dimanche,16:50,91,91161,"48,6995800000","2,3160600000",2,2,6,1,1,3,2,2,1,1,, -1,1,0,8,4,1,14,5,2,,0,1,2,0,202100019324B01,7,0,2
202100019335,2021-09-11,2021,septembre,samedi,17:02,61,61397,"48,4240000000","0,0613000000",2,1,2,1,1,3,2,2,1,1,, -1,1,2,1,4,1,37,5,1,2,0,2,1,2,202100019335A01,7,2,1
202100019362,2021-09-12,2021,septembre,dimanche,10:20,06,06069,"43,6414630000","6,9112820000",2,6,3,1,1,3,1,1,2,1,, -1,1,0,1,4,2,44,5,1,2,0,2,7,26,202100019362B01,7,9,1
202100019363,2021-09-12,2021,septembre,dimanche,12:05,06,06069,"43,6316920000","6,9575850000",2,6,3,1,1,3,2,2,1,1,, -1,1,0,1,4,1,43,5,1,2,0,2,1,1,202100019363B01,7,9,1
202100019367,2021-09-11,2021,septembre,samedi,12:50,75,75116,"48,8519410000","2,2645450000",2,1,6,1,1,4,1,1,4,1,, -1,1,0,1,1,1,39,5,1,2,0,1,1,1,202100019367A01,,,
202100019375,2021-09-11,2021,septembre,samedi,13:30,75,75107,"48,8626370000","2,3190600000",2,3,6,1,1,4,1,3,1,1,, -1,1,5,5,4,1,22,5,1,2,12,0,7,14,202100019375A01,,,
202100019400,2021-09-13,2021,septembre,lundi,16:45,79,79235,"46,8712340000"," -0,7573220000",1,9,6,1,1,4,2,2,4,3,,4,1,0,1,4,1,61,5,2,,0,9,3,21,202100019400B01,37,1,1
202100019420,2021-09-13,2021,septembre,lundi,07:50,16,16104,"46,0374900000","0,2148340000",1,1,2,1,7,3,2,2,2,1,0,"5,2",1,0,1,2,1,28,1,2,,0,2,4,2,202100019420B01,7,2,1
202100019436,2021-09-13,2021,septembre,lundi,17:30,69,69249,"45,6728933360","4,6453928947",1,9,3,1,1,3,2,2,1,1,, -1,1,0,1,3,1,43,5,1,2,0,2,1,1,202100019436B01,7,15,1
202100019504,2021-09-11,2021,septembre,samedi,01:30,10,10387,"48,2956000000","4,0815800000",2,7,3,5,1,4,1,1,1,1,, -1,1,0,1,3,1,22,5,1,2,0,2,7,19,202100019504A01,7,0,1
202100019512,2021-09-10,2021,septembre,vendredi,23:50,75,75114,"48,8284150000","2,3267040000",2,1,3,5,1,4,2,5,1,1,, -1,1,0,1,4,1,43,9,1,2,0,2,8,9,202100019512A01,31,1,1
202100019515,2021-09-11,2021,septembre,samedi,09:25,75,75112,"48,8377150000","2,4256380000",2,1,6,1,1,4,2,2,1,1,, -1,1,0,1,4,1,29,5,1,2,0,1,1,1,202100019515A01,,,
202100019536,2021-09-11,2021,septembre,samedi,19:05,51,51649,"48,7169210000","4,5901130000",2,1,3,1,1,4,2,2,1,1,,4,1,9,5,3,1,11,5,2,,0,2,7,1,202100019536B01,31,1,1
202100019539,2021-09-11,2021,septembre,samedi,16:45,52,52076,"48,0874970000","5,0085850000",1,1,3,1,1,3,2,2,1,1,, -1,1,0,1,3,1,90,5,1,2,0,2,8,2,202100019539B01,7,17,1
202100019542,2021-09-12,2021,septembre,dimanche,10:40,67,67548,"48,6411150000","7,6064600000",2,3,1,1,1,3,2,2,1,1,, -1,1,0,1,4,1,66,5,1,2,0,2,8,1,202100019542B01,7,15,1
202100019555,2021-09-12,2021,septembre,dimanche,16:05,39,39434,"46,8532430000","5,6854680000",1,1,2,1,1,5,2,2,1,1,,3,1,0,1,4,1,77,5,1,2,0,2,4,1,202100019555B01,2,17,1