Num_Acc,date,an,mois,jour,hrmn,dep,com,lat,long,agg,int,col,lum,atm,catr,circ,nbv,prof,plan,lartpc,larrout,surf,infra,situ,grav,sexe,age,trajet,secuexist,equipement,obs,obsm,choc,manv,vehiculeid,typevehicules,manoeuvehicules,numVehicules
202100019557,2021-09-12,2021,septembre,dimanche,17:30,44,44145,"47,1781070000"," -1,8664510000",2,1,7,1,1,3,2,2,2,1,, -1,1,0,1,3,1,64,5,2,,0,0,0,0,202100019557A01,,,
202100019562,2021-09-11,2021,septembre,samedi,17:30,03,03053,"46,2334400000","3,1468300000",1,1,2,1,1,3,2,2,1,1,, -1,1,0,1,4,1,16,5,2,,0,0,6,1,202100019562B01,7,2,1
202100019569,2021-09-12,2021,septembre,dimanche,10:50,90,90097,"47,5670720000","6,8605650000",2,1,3,1,1,3,2,2,1,1,, -1,1,6,1,4,2,32,5,1,2,0,0,5,19,202100019569B01,2,1,1
202100019575,2021-09-11,2021,septembre,samedi,15:09,08,08190,"50,1335850000","4,8519110000",2,6,3,1,1,3,1,1,1,2,, -1,1,0,1,4,1,72,5,2,,0,2,1,0,202100019575B01,7,0,1
202100019595,2021-09-02,2021,septembre,jeudi,22:00,26,26220,"44,3726440000","5,1246500000",1,1,6,3,1,4,2,1,2,1,,"3,5",1,0,3,3,1,53,5,2,,13,0,1,1,202100019595A01,,,
202100019637,2021-09-07,2021,septembre,mardi,08:00,80,80489,"49,8641720205","2,3491147198",1,1,6,1,1,3,2,2,1,1,, -1,9,0,5,4,1,38,9,2,,0,1,1,1,202100019637A01,,,
202100019715,2021-09-10,2021,septembre,vendredi,11:02,06,06123,"43,6829650000","7,1887160000",2,6,3,1,1,7,2,2,1,2,, -1,1,0,1,3,1,53,5,1,2,0,2,3,1,202100019715B01,7,9,1
202100019718,2021-09-08,2021,septembre,mercredi,22:49,75,75106,"48,8440440000","2,3234310000",2,7,3,5,2,4,1,3,1,1,, -1,2,0,1,4,2,42,5,1,2/6,0,2,6,1,202100019718A01,33,15,1
202100019725,2021-09-10,2021,septembre,vendredi,17:45,75,75113,"48,8233870000","2,3750280000",2,3,3,1,2,4,2,2,1,1,, -1,2,0,5,4,1,13,2,1,2,0,2,1,1,202100019725B01,10,16,1
202100019760,2021-09-11,2021,septembre,samedi,09:50,34,34217,"43,7006420000","3,8625180000",2,6,3,1,1,7,2,2,1,1,, -1,1,0,1,3,1,56,5,1,2,0,0,8,2,202100019760B01,7,2,1
202100019768,2021-08-11,2021,août,mercredi,12:30,65,65017,"42,8218737417","0,1755069437",1,1,2,1,1,3,2,2,2,1,, -1,1,0,1,4,2,29,5,1,2,0,2,4,2,202100019768B01,10,17,1
202100019769,2021-09-10,2021,septembre,vendredi,16:20,11,11305,"42,9627430000","2,7063380000",1,1,6,1,1,3,2,2,2,3,, -1,1,0,1,3,1,57,5,1,2,0,9,3,13,202100019769B01,7,1,1
202100019787,2021-09-09,2021,septembre,jeudi,19:30,973,97307,"4,8360960000"," -52,3266470000",2,1,1,5,1,4,2,2,1,1,,4,1,0,1,3,1,22,0,2,,0,2,1,1,202100019787B01,10,13,1
202100019801,2021-09-09,2021,septembre,jeudi,11:00,33,33042,"44,5516090000"," -0,7863040000",1,1,6,1,1,3,2,2,1,1,,7,1,0,1,3,1,34,9,1,2,0,0,0,1,202100019801A01,33,1,1
202100019885,2021-09-08,2021,septembre,mercredi,15:20,14,14118,"49,2096700000"," -0,3722400000",2,9,3,1,1,3,2,6,1,1,, -1,1,9,1,4,1,34,5,1,2/6,0,2,1,1,202100019885B01,37,16,1
202100019899,2021-09-09,2021,septembre,jeudi,00:01,75,75116,"48,8718485623","2,2770264745",2,1,2,5,2,4,2,4,1,1,, -1,2,0,1,4,1,26,9,1,2,0,2,4,2,202100019899A01,7,2,1
202100019903,2021-09-09,2021,septembre,jeudi,08:50,75,75114,"48,8249010000","2,3184050000",2,2,3,1,1,4,3,2,1,1,, -1,1,0,1,4,1,34,9,1,2,0,2,0,1,202100019903B01,13,13,1
202100019941,2021-09-09,2021,septembre,jeudi,15:30,84,84111,"44,2317350000","5,1002820000",1,1,1,1,8,3,2,2,2,1,, -1,1,0,1,3,1,42,5,1,2,0,2,1,1,202100019941B01,10,13,1
202100019950,2021-09-05,2021,septembre,dimanche,08:40,74,74208,"45,9187330000","6,7042250000",2,1,3,1,1,6, -1, -1,1,3,,4,1,0,1,3,2,88,3,2,,0,2,1,0,202100019950B01,7,1,1
202100019964,2021-09-10,2021,septembre,vendredi,08:25,14,14256,"49,3218560000"," -0,7971850000",2,1,6,1,2,4, -1,1,1,1,, -1,2,0,1,2,1,71,5,1,2,9,0,1,1,202100019964A01,,,
202100020100,2021-09-08,2021,septembre,mercredi,22:00,75,75120,"48,8510290000","2,4126880000",2,3,1,5,8,4,1,1,1,1,, -1,2,0,1,4,1,29,9,2,,0,2,1,13,202100020100B01,7,1,1
202100020104,2021-09-08,2021,septembre,mercredi,14:15,75,75116,"48,8617890000","2,2857280000",2,4,6,1,1,4,2,2,1,1,, -1,1,0,1,1,1,19,9,2,,0,1,2,5,202100020104A01,,,
202100020105,2021-09-08,2021,septembre,mercredi,07:50,75,75114,"48,8222490000","2,3303080000",2,2,3,1,1,4,2,8,1,1,, -1,1,0,5,4,2,24,1,2,,0,2,3,1,202100020105A01,7,1,1
202100020108,2021-09-08,2021,septembre,mercredi,10:05,75,75112,"48,8486290000","2,3725420000",2,2,3,1,1,4,1,2,1,1,, -1,1,0,5,4,2,29,1,1,2,0,2,8,1,202100020108A01,30,1,1
202100020179,2021-09-08,2021,septembre,mercredi,08:30,13,13097,"43,6459820000","4,8048660000",2,6,3,1,1,3,1,1,1,3,, -1,1,0,1,3,1,44,5,1,2,0,2,7,2,202100020179B01,7,9,1
202100020182,2021-09-07,2021,septembre,mardi,09:30,67,67205,"48,6948880000","7,7863790000",2,1,2,1,1,3,3,2,1,3,, -1,1,0,4,3,2,86,5,2,,0,2,8,25,202100020182B01,7,4,1
202100020191,2021-09-08,2021,septembre,mercredi,16:40,62,62318,"50,5065900000","1,6686020000",1,1,2,1,1,3,2,2,1,1,, -1,1,0,1,3,1,17,5,1,2,0,2,1,1,202100020191B01,3,26,1
202100020244,2021-09-03,2021,septembre,vendredi,13:50,80,80489,"49,8694700000","2,3598600000",2,1,6,1,1,4, -1,0,1,1,, -1,1,0,5,1,1,23,9,2,,0,1,1,1,202100020244A01,,,
202100020267,2021-09-04,2021,septembre,samedi,21:17,63,63113,"45,7694400000","3,0909700000",2,2,3,5,1,4,1,2,1,1,, -1,1,0,1,4,1,18,4,2,,0,2,4,19,202100020267B01,7,1,1
202100020272,2021-09-01,2021,septembre,mercredi,10:37,63,63113,"45,7777100000","3,0808900000",2,1,6,1,1,4,1,2,1,1,, -1,1,0,1,4,1,72,0,1,2,1,0,1,2,202100020272B01,10,24,1
202100020302,2021-09-07,2021,septembre,mardi,14:55,27,27229,"49,0163000000","1,1622800000",2,1,7,1,1,4,2,2,2,3,, -1,1,0,4,4,1,28,5,1,2/6,9,0,1,1,202100020302A01,,,
202100020327,2021-09-07,2021,septembre,mardi,19:40,75,75114,"48,8312060000","2,3297900000",2,3,3,1,1,4,2,4,1,1,, -1,1,8,1,4,1,46,1,1,2,0,2,3,1,202100020327B01,7,12,1
202100020328,2021-09-06,2021,septembre,lundi,11:50,75,75107,"48,8517710000","2,3138620000",2,2,3,1,1,4,2,4,1,1,, -1,1,0,1,4,1,16,5,1,2,0,2,7,1,202100020328A01,7,1,1
202100020328,2021-09-06,2021,septembre,lundi,11:50,75,75107,"48,8517710000","2,3138620000",2,2,3,1,1,4,2,4,1,1,, -1,1,0,1,4,2,16,5,1,2,0,2,7,1,202100020328A01,7,1,1
202100020330,2021-09-07,2021,septembre,mardi,15:00,75,75112,"48,8300750000","2,3925330000",2,1,6,1,1,4,2,4,1,1,, -1,1,0,4,1,1,60,5,2,,0,1,1,25,202100020330A01,,,
202100020331,2021-09-07,2021,septembre,mardi,11:15,75,75112,"48,8288201013","2,4196848823",2,4,3,1,1,4,1,2,1,1,, -1,1,0,5,4,2,54,9,2,,0,2,2,19,202100020331A01,7,1,1
202100020347,2021-09-07,2021,septembre,mardi,10:40,93,93072,"48,9717600000","2,3791600000",2,1,3,1,1,4,3,2,1,1,, -1,1,0,1,3,1,68,0,2,,1,0,1,26,202100020347B01,10,22,1
202100020385,2021-09-08,2021,septembre,mercredi,09:30,25,25222,"47,1483120000","6,2412640000",1,1,2,1,1,3,2,2,1,1,, -1,1,0,3,3,2,73,5,2,,0,2,4,2,202100020385A01,7,0,1
202100020389,2021-09-08,2021,septembre,mercredi,13:40,29,29269,"47,9604560000"," -3,6271050000",2,1,2,1,1,3,2,2,1,1,, -1,1,0,1,3,1,77,5,1,2/6,0,2,1,1,202100020389B01,7,4,1
202100020412,2021-08-31,2021,août,mardi,13:40,30,30139,"44,1388870000","3,4052040000",1,1,6,1,1,3,2,2,2,3,, -1,1,0,1,3,1,60,5,1,2,0,0,0,1,202100020412A01,,,
202100020562,2021-09-06,2021,septembre,lundi,08:40,75,75107,"48,8518900000","2,2997610000",2,1,6,1,1,4,2,2,1,1,, -1,1,0,1,4,2,33,1,1,2,14,0,1,1,202100020562A01,,,
202100020563,2021-09-05,2021,septembre,dimanche,11:25,75,75115,"48,8546170000","2,2888520000",2,2,3,1,1,4,2,4,1,1,, -1,1,0,1,4,2,9,5,1,2,0,2,7,19,202100020563B01,7,1,1
202100020566,2021-09-06,2021,septembre,lundi,15:30,75,75113,"48,8258690000","2,3515480000",2,1,7,1,1,4,3,4,1,1,, -1,1,0,1,4,1,68,1,2,,0,0,1,21,202100020566B01,7,22,1
202100020606,2021-09-07,2021,septembre,mardi,08:15,71,71443,"46,9389490000","4,9048160000",2,1,6,1,7,4,2,2,1,2,,4,1,0,1,1,2,39,2,2,,0,2,4,1,202100020606B01,7,1,1
202100020606,2021-09-07,2021,septembre,mardi,08:15,71,71443,"46,9389490000","4,9048160000",2,1,6,1,7,4,2,2,1,2,,4,1,0,1,4,2,7,2,2,,0,2,4,1,202100020606C01,7,1,1
202100020611,2021-09-06,2021,septembre,lundi,17:50,76,76304,"49,6514770000","0,4358210000",2,3,3,1,7,3,2,2,1,1,, -1,1,0,1,3,1,10,5,2,,0,2,7,0,202100020611B01,10,1,1
202100020614,2021-08-31,2021,août,mardi,10:55,33,33394,"44,8967640000"," -0,1526180000",2,3,3,1,1,3,2,2,1,1,, -1,1,0,1,3,1,63,5,1,2,0,2,1,15,202100020614B01,7,1,1
202100020621,2021-09-07,2021,septembre,mardi,15:00,61,61484,"48,2543130000","0,6998850000",1,1,2,1,7,3,2,3,2,1,, -1,1,0,1,3,1,53,5,1,2,0,2,4,1,202100020621A01,7,1,1
202100020622,2021-09-07,2021,septembre,mardi,09:48,46,46273,"44,8690020000","1,8751240000",2,1,2,1,1,3,2,3,1,1,, -1,1,5,1,3,1,87,5,2,,0,0,4,13,202100020622B01,7,1,1
202100020650,2021-09-05,2021,septembre,dimanche,10:10,57,57535,"49,0538560000","7,3388300000",1,1,7,1,1,3,3,2,1,2,, -1,1,5,1,3,1,47,5,1,2/9,0,0,9,1,202100020650B01,0,19,1
202100020655,2021-09-01,2021,septembre,mercredi,17:50,33,33483,"44,8954280000"," -0,3624160000",2,1,3,1,1,4,2,2,1,2,,4,1,0,1,4,1,42,1,2,,0,2,1,1,202100020655A01,7,13,1
202100020658,2021-09-07,2021,septembre,mardi,08:45,35,35191,"48,4538830000"," -1,3122980000",1,1,1,1,1,3,2,2,1,1,, -1,1,0,1,2,1,59,5,1,2,0,2,0,13,202100020658B01,10,1,1
202100020687,2021-09-04,2021,septembre,samedi,16:53,65,65417,"43,2323000000","0,1054000000",2,3,3,1,1,4,2,1,1,1,, -1,1,0,1,4,1,21,5,1,2,0,2,8,1,202100020687B01,7,1,1
202100020722,2021-09-04,2021,septembre,samedi,23:00,75,75110,"48,8824420000","2,3691840000",2,4,4,5,1,4,2,3,1,1,, -1,1,0,6,1,1,29,5,1,2,0,2,1,7,202100020722C01,7,10,1
202100020722,2021-09-04,2021,septembre,samedi,23:00,75,75110,"48,8824420000","2,3691840000",2,4,4,5,1,4,2,3,1,1,, -1,1,0,6,4,1,27,5,1,2,0,2,0,7,202100020722B01,7,10,1
202100020738,2021-09-05,2021,septembre,dimanche,18:40,49,49017,"47,6416800000"," -0,3468830000",1,1,5,1,1,3, -1,2,1,1,, -1,1,0,1,4,1,47,5,1,2/4,0,2,8,1,202100020738C01,7/ 10,1/17,2
202100020745,2021-09-05,2021,septembre,dimanche,14:45,26,26002,"45,2414450000","4,8201980000",1,6,3,1,1,2,2,2,1,3,, -1,1,5,1,3,2,69,5,2,,0,2,3,2,202100020745B01,7,21,1
202100020761,2021-09-04,2021,septembre,samedi,18:10,63,63302,"45,7110980000","3,1558660000",2,6,7,1,1,3,2,2,1,1,, -1,1,0,1,3,1,70,5,1,2,12,0,0,2,202100020761B01,15,2,1
202100020767,2021-09-03,2021,septembre,vendredi,13:15,39,39354,"46,8988020000","5,6473540000",2,1,1,1,7,4,2,2,2,2,,3,1,0,1,3,1,10,2,1,2,0,2,1,13,202100020767A01,7,1,1
202100020776,2021-09-06,2021,septembre,lundi,10:45,14,14371,"49,0138200000","0,2534960000",1,1,7,1,1,3,2,1,1,1,, -1,1,2,1,3,1,52,5,1,2,0,0,0,1,202100020776A01,,,
202100020786,2021-08-29,2021,août,dimanche,11:25,29,29233,"47,8751680000"," -3,5471040000",2,1,1,1,1,4,2,2,2,1,, -1,1,0,1,4,1,59,5,1,2,0,2,1,1,202100020786B01,7,20,1
202100020792,2021-09-04,2021,septembre,samedi,11:15,13,13015,"43,4475840000","5,4329060000",2,3,3,1,1,7,2,2,1,1,, -1,1,5,1,4,1,51,5,1,2,0,9,1,1,202100020792C01,7,15,1
202100020792,2021-09-04,2021,septembre,samedi,11:15,13,13015,"43,4475840000","5,4329060000",2,3,3,1,1,7,2,2,1,1,, -1,1,5,1,3,1,55,5,1,2,0,2,1,1,202100020792B01,7,15,1
202100020877,2021-09-04,2021,septembre,samedi,22:38,06,06088,"43,6852760000","7,2361740000",2,1,3,5,1,7,3,6,1,1,, -1,1,0,1,4,1,39,0,2,,0,0,0,0,202100020877B01,32,1,1
202100020884,2021-09-04,2021,septembre,samedi,13:05,75,75110,"48,8757910000","2,3637560000",2,1,7,1,1,4,1,2,2,1,, -1,9,0,1,4,1,38,9,1,2,0,0,0,1,202100020884A01,,,
202100020923,2021-09-04,2021,septembre,samedi,19:30,29,29146,"47,9064610000"," -3,8382960000",2,1,3,1,1,4,2,2,1,1,, -1,1,0,1,3,1,50,5,1,2,0,2,1,1,202100020923B01,7,1,1
202100020933,2021-09-05,2021,septembre,dimanche,13:15,14,14339,"49,1283846000"," -0,3148470000",2,1,7,1,1,3, -1,1,1,1,,3,1,0,5,4,1,74,0,2,,0,0,1,0,202100020933A01,,,
202100020942,2021-09-01,2021,septembre,mercredi,18:20,30,30133,"43,5196840000","4,1318710000",2,6,1,1,1,4,2,2,1,1,,4,1,0,1,3,1,61,0,2,,0,2,0,1,202100020942B01,7,1,1
202100020951,2021-08-30,2021,août,lundi,20:45,91,91292,"48,5736260000","2,2593640000",1,6,1,2,1,3,4,2,1,3,, -1,1,0,1,4,1,31,5,1,2,0,2,7,19,202100020951B01,7,21,1
202100020959,2021-09-04,2021,septembre,samedi,18:30,74,74082,"46,1250100000","6,1659260000",1,1,7,2,1,3,2,2,2,4,, -1,1,0,1,3,1,25,5,1,2,13,0,0,1,202100020959A01,,,
202100021046,2021-09-02,2021,septembre,jeudi,21:25,47,47032,"44,1928900000","0,6465500000",2,1,2,5,1,3,3,4,3,1,, -1,1,2,1,3,1,36,1,2,,9,0,4,1,202100021046B01,7,2,1
202100021049,2021-08-27,2021,août,vendredi,17:50,41,41018,"47,5846600000","1,3174300000",1,1,3,1,1,3,2,2,1,1,, -1,1,5,1,4,2,53,0,2,,0,2,1,9,202100021049B01,7,1,1
202100021064,2021-09-03,2021,septembre,vendredi,08:20,27,27684,"49,0152900000","1,1870900000",2,6,3,1,1,4, -1,2,1,1,, -1,1,0,1,4,1,41,5,1,2/4,0, -1, -1,1,202100021064B01,7,1,1
202100021085,2021-09-03,2021,septembre,vendredi,07:45,75,75118,"48,8865360000","2,3495550000",2,2,2,1,1,4,2,4,1,1,, -1,1,0,6,4,1,21,5,1,2,0,2,1,2,202100021085A01,7,23,1
202100021087,2021-09-03,2021,septembre,vendredi,01:00,75,75117,"48,8845780000","2,3002190000",2,1,3,5,1,4,2,2,1,1,, -1,1,0,1,4,2,24,5,1,2,0,2,2,1,202100021087B01,7,22,1
202100021090,2021-09-03,2021,septembre,vendredi,14:00,75,75116,"48,8761310000","2,2463590000",2,2,3,1,1,4,3,1,1,3,, -1,1,0,5,4,2,54,9,1,2,0,2,1,1,202100021090B01,10,16,1
202100021091,2021-09-03,2021,septembre,vendredi,11:15,75,75116,"48,8641920000","2,3015550000",2,2,6,1,1,4,2,3,2,1,, -1,1,0,5,1,1,32,9,1,2,0,1,1,16,202100021091A01,,,
202100021091,2021-09-03,2021,septembre,vendredi,11:15,75,75116,"48,8641920000","2,3015550000",2,2,6,1,1,4,2,3,2,1,, -1,1,0,5,4,2,50,5,2,,0,1,1,16,202100021091A01,,,
202100021092,2021-09-03,2021,septembre,vendredi,12:51,75,75115,"48,8481850000","2,2833950000",2,1,3,1,1,4,2,5,1,1,, -1,1,0,1,4,2,45,9,1,2,0,2,7,1,202100021092A01,7,22,1
202100021095,2021-09-03,2021,septembre,vendredi,17:10,75,75112,"48,8466560000","2,3720520000",2,5,3,1,1,4,2,3,1,1,, -1,1,0,6,4,2,33,1,1,2,0,2,5,1,202100021095A01,7,7,1
202100021096,2021-09-03,2021,septembre,vendredi,18:15,75,75110,"48,8690190000","2,3625290000",2,4,6,1,1,4,2,4,1,1,, -1,1,0,6,1,1,27,1,1,2,0,1,1,7,202100021096A01,,,
202100021100,2021-09-03,2021,septembre,vendredi,18:45,75,75102,"48,8678930000","2,3534570000",2,2,3,1,1,4,1,5,1,1,, -1,1,0,5,4,1,57,1,1,2,0,2,0,1,202100021100B01,7,15,1
202100021129,2021-09-04,2021,septembre,samedi,16:30,51,51326,"49,1123240000","4,3095370000",2,2,3,1,1,3,2,1,1,1,, -1,1,0,1,4,1,12,5,2,,0,2,8,19,202100021129A01,7,1,1
202100021249,2021-09-01,2021,septembre,mercredi,08:06,54,54328,"48,6184600000","6,1772500000",2,6,3,1,7,4,2,2,1,1,, -1,1,0,1,4,1,32,1,1,2,0,2,1,1,202100021249B01,7,1,1
202100021280,2021-09-01,2021,septembre,mercredi,19:20,06,06088,"43,6980750000","7,2727900000",2,2,1,1,1,4,2,2,1,1,, -1,1,0,5,1, -1,2021, -1,1,8,0,2,1,1,202100021280B01,1,1,1
202100021280,2021-09-01,2021,septembre,mercredi,19:20,06,06088,"43,6980750000","7,2727900000",2,2,1,1,1,4,2,2,1,1,, -1,1,0,5,4,2,75,5,1,8,0,2,1,1,202100021280A01,1,1,1
202100021295,2021-09-02,2021,septembre,jeudi,08:45,75,75112,"48,8184090000","2,4515840000",2,3,3,1,7,4,2,2,1,1,, -1,1,0,5,4,2,40,1,1,2,0,2,6,1,202100021295B01,7,15,1
202100021298,2021-09-02,2021,septembre,jeudi,15:21,75,75107,"48,8517750000","2,3138490000",2,2,3,1,1,4,1,2,1,1,, -1,1,0,1,1,1,18,1,1,2,0,2,7,15,202100021298A01,31,1,1
202100021299,2021-09-02,2021,septembre,jeudi,10:15,75,75113,"48,8193400865","2,3619745459",2,2,3,1,1,4,3,2,1,1,, -1,1,0,5,4,2,26,1,1,2,0,2,1,17,202100021299B01,7,22,1
202100021331,2021-09-02,2021,septembre,jeudi,10:00,79,79205,"46,2093640000","0,0667800000",1,2,3,1,1,3,2,2,1,1,,6,1,0,1,2,1,71,5,1,9,0,2,1,19,202100021331A01,7,1,1
202100021340,2021-09-01,2021,septembre,mercredi,18:45,71,71305,"46,4597080000","4,8806120000",1,3,2,1,1,3,2,1,1,1,,3,1,0,1,4,1,17,5,2,,0,2,8,2,202100021340A01,7,2,1
202100021346,2021-08-31,2021,août,mardi,17:00,86,86177,"46,7038420000","0,2636080000",1,3,3,1,1,4,2,2,1,1,,4,1,0,1,3,1,13,5,2,,0,2,1,1,202100021346A01,7,15,1
202100021350,2021-09-02,2021,septembre,jeudi,14:40,38,38345,"45,2005120000","5,4546130000",1,1,2,1,1,3,3,2,1,1,, -1,1,0,1,3,1,84,5,1,2,0,0,4,1,202100021350A01,10,1,1
202100021364,2021-09-03,2021,septembre,vendredi,10:14,40,40046,"44,3904410000"," -1,1662140000",2,6,3,1,1,4, -1,2,1,2,,4,1,0,1,3,1,95,3,2,,0,2,0,1,202100021364B01,7,9,1
202100021366,2021-09-03,2021,septembre,vendredi,14:45,17,17447,"46,0929060000"," -0,9152980000",1,1,3,1,1,3,2,2,2,1,, -1,1,2,1,3,1,66,5,1,2,0,2,3,1,202100021366B01,7,2,1
202100021378,2021-09-03,2021,septembre,vendredi,05:50,78,78263,"48,7982600000","1,7169080000",1,1,5,3,8,3,2,2,1,1,, -1,2,0,1,2,1,17,5,2,,0,2,4,2,202100021378B01,7,2,1
202100021378,2021-09-03,2021,septembre,vendredi,05:50,78,78263,"48,7982600000","1,7169080000",1,1,5,3,8,3,2,2,1,1,, -1,2,0,1,1,1,17,5,2,,0,0,0,2,202100021378C01,7,2,1
202100021386,2021-09-02,2021,septembre,jeudi,16:30,33,33548,"44,9720620000"," -0,3406620000",1,3,3,1,1,3,2,2,1,1,, -1,1,0,1,3,1,48,5,1,2,0,0,3,1,202100021386B01,7,1,1
202100021443,2021-08-31,2021,août,mardi,13:40,59,59508,"50,7230510000","3,1109040000",2,1,6,1,1,7, -1,2,2,1,, -1,1,0,1,4,1,35,0,1,2,0,1,1,26,202100021443BA01,,,
202100021463,2021-09-01,2021,septembre,mercredi,18:15,14,14118,"49,1810100000"," -0,3700700000",2,6,3,1,1,4,1,2,1,2,, -1,1,0,1,3,2,66,0,2,,0,2,0,0,202100021463A01,7,9,1
202100021477,2021-09-01,2021,septembre,mercredi,11:45,75,75118,"48,8967001160","2,3706087470",2,1,3,1,1,4,2,5,2,1,, -1,1,0,5,4,1,37,9,1,2,0,2,1,1,202100021477A01,10,15,1
202100021479,2021-09-01,2021,septembre,mercredi,08:40,75,75116,"48,8499030000","2,2771530000",2,4,1,1,1,4,2,3,2,1,, -1,1,0,5,1,1,48,1,1,2,0,2,8,17,202100021479A01,80,1,1
202100021481,2021-09-01,2021,septembre,mercredi,08:40,75,75113,"48,8232660000","2,3776300000",2,1,7,1,1,4,2,4,1,1,, -1,1,0,5,4,2,38,1,1,2,0,0,1,1,202100021481A01,,,
202100021507,2021-08-27,2021,août,vendredi,16:45,22,22182,"48,5429210000"," -2,9609660000",1,1,2,1,1,3,2,2,2,1,, -1,1,0,1,3,1,72,5,1,2,0,2,4,1,202100021507B01,7,17,1
202100021522,2021-09-01,2021,septembre,mercredi,14:30,25,25320,"46,7879320000","6,2777420000",1,2,3,1,1,3,2,2,1,1,, -1,1,5,1,4,1,76,5,1,2,0,2,1,1,202100021522B01,7,15,1
202100021524,2021-08-30,2021,août,lundi,16:00,29,29260,"48,4264490000"," -4,6033470000",2,3,3,1,1,4,2,2,1,1,, -1,1,0,1,4,1,16,5,1,2,0,2,2,19,202100021524A01,7,1,1
202100021572,2021-05-27,2021,mai,jeudi,11:15,73,73002,"45,5320900000","6,3067320000",1,1,1,1,1,3,2,2,2,4,, -1,1,8,1,3,1,45,5,1,2,4,2,1,1,202100021572A01,7,1,1
202100021573,2021-05-23,2021,mai,dimanche,11:40,73,73053,"45,5515280000","6,2086160000",1,6,3,1,7,3, -1,2,1,2,,4,1,5,1,4,1,70,5,1,2,0,2,1,15,202100021573B01,7,9,1
202100021685,2021-08-14,2021,août,samedi,12:55,59,59083,"50,9019200000","2,4159370000",1,1,7,1,1,4,2,1,1,1,,3,1,0,8,2,1,64,5,1,2,0,0,0,0,202100021685A01,,,
202100021801,2021-08-30,2021,août,lundi,13:15,75,75106,"48,8482380000","2,3310400000",2,2,3,1,1,4,2,2,1,1,, -1,1,0,1,4,2,72,5,2,,0,2,1,1,202100021801B01,7,22,1
202100021866,2021-08-30,2021,août,lundi,19:15,18,18226,"47,1286950000","2,4638130000",1,1,3,1,1,3,2,2,1,1,, -1,1,0,1,3,1,17,5,1,2,0,2,1,15,202100021866A01,7,17,1
202100021876,2021-08-29,2021,août,dimanche,18:00,971,97103,"16,2362770000"," -61,6048590000",2,1,3,1,1,4,2,2,1,1,,5,1,0,1,4,1,16,5,2,,0,0,3,2,202100021876B01,31,17,1
202100021909,2021-06-29,2021,juin,mardi,10:45,83,83016,"43,2182460000","5,8109630000",1,1,3,1,1,3,2,2,2,1,, -1,1,0,1,3,1,61,5,1,2,0,2,0,1,202100021909B01,15,17,1
202100021923,2021-08-27,2021,août,vendredi,15:10,65,65226,"43,2409654402","0,0185206532",1,1,1,1,1,3,2,2,1,1,, -1,1,0,1,4,2,21,3,2,,0,2,1,15,202100021923B01,7,11,1
202100021964,2021-08-29,2021,août,dimanche,15:30,05,05027,"44,8776160000","6,7392110000",1,1,3,1,1,3,2,2,2,3,, -1,1,0,1,3,1,39,5,1,2,0,2,3,13,202100021964A01,7,1,1
202100021970,2021-08-28,2021,août,samedi,19:50,74,74299,"45,8956920000","6,1660030000",2,9,3,2,1,3, -1,2,3,1,, -1,1,0,5,4,1,56,5,1,2,0,2,1,1,202100021970B01,7,15,1
202100021980,2021-08-29,2021,août,dimanche,15:20,49,49235,"47,2251010000","0,0104560000",2,1,7,1,1,4,2,1,3,1,,3,1,0,1,2,1,71,5,2,,0,0,0,1,202100021980A01,,,
202100021997,2021-08-29,2021,août,dimanche,10:55,10,10251,"48,1082050000","3,9515380000",1,1,7,1,1,3,2,2,3,3,,4,1,0,3,2,1,69,5,1,2,0,0,0,0,202100021997A01,,,
202100022002,2021-08-25,2021,août,mercredi,04:30,85,85012,"46,8888900000"," -2,1116040000",2,6,6,5,1,3,2,2,1,1,, -1,1,0,1,3,1,20,1,1,4/9,0,0,4,1,202100022002B01,0,0,1
202100022011,2021-08-28,2021,août,samedi,14:00,74,74010,"45,8780180000","6,0935500000",2,6,1,1,1,4,1,2,1,1,,6,1,5,6,4,1,50,5,1,2,0,2,1,1,202100022011B01,7,15,1
202100022015,2021-08-29,2021,août,dimanche,22:16,77,77327,"48,5715670000","2,9995890000",1,1,1,3,1,3,2,2,1,1,, -1,1,0,1,3,1,44,5,2,,0,2,1,14,202100022015B01,7,13,1