Num_Acc,date,an,mois,jour,hrmn,dep,com,lat,long,agg,int,col,lum,atm,catr,circ,nbv,prof,plan,lartpc,larrout,surf,infra,situ,grav,sexe,age,trajet,secuexist,equipement,obs,obsm,choc,manv,vehiculeid,typevehicules,manoeuvehicules,numVehicules
202100022025,2021-08-26,2021,août,jeudi,12:05,44,44026,"47,3082920000"," -1,4805190000",2,6,2,1,7,7,2,2,1,3,, -1,1,0,1,4,1,59,5,1,2,0,2,4,1,202100022025B01,7,2,1
202100022106,2021-08-27,2021,août,vendredi,01:35,75,75105,"48,8468000000","2,3433470000",2,2,1,5,1,4,2,2,1,1,, -1,1,0,5,3,1,54,9,1,2,0,2,0,1,202100022106B01,7,16,1
202100022156,2021-08-29,2021,août,dimanche,10:20,29,29041,"48,0646800000"," -3,8361060000",1,1,2,1,1,3,2,2,1,1,, -1,1,0,1,3,1,69,5,1,2,0,2,8,1,202100022156B01,7,13,1
202100022165,2021-08-28,2021,août,samedi,19:30,60,60471,"49,5751835058","3,0053971083",2,3,3,1,1,4,2,2,1,1,, -1,1,0,1,3,1,13,0,2,,0,2,1,15,202100022165B01,7,1,1
202100022191,2021-08-27,2021,août,vendredi,16:45,69,69036,"46,1191240000","4,6611160000",1,3,1,1,1,3,2,3,1,1,, -1,1,0,1,4,1,48,5,1,2,0,2,3,19,202100022191B01,7,15,1
202100022195,2021-08-29,2021,août,dimanche,12:40,50,50612,"48,6752020000"," -1,4528220000",1,2,3,1,1,3,2,1,1,1,,3,1,0,1,3,1,42,0,2,,7,0,8,1,202100022195B01,7,1,1
202100022197,2021-08-29,2021,août,dimanche,15:20,60,60141,"49,1895750000","2,4627550000",2,1,3,1,2,3,2,2,1,1,, -1,2,0,1,4,1,36,5,1,9,0,0,3,1,202100022197B01,7,17,1
202100022251,2021-08-27,2021,août,vendredi,07:25,54,54395,"48,6852490599","6,1665079157",2,4,3,1,1,4,1,1,4,1,, -1,1, -1,1,3,1,27,0,1,2,0,2,8,1,202100022251B01,7,16,1
202100022299,2021-08-27,2021,août,vendredi,22:20,75,75113,"48,8251310000","2,3575760000",2,3,3,5,1,4,2,4,1,1,, -1,1,0,5,4,2,21,5,2,,0,2,1,1,202100022299B01,7,22,1
202100022303,2021-08-27,2021,août,vendredi,16:30,75,75101,"48,8614960000","2,3391430000",2,2,1,1,1,4,2,3,1,1,, -1,1,0,5,4,1,47,5,2,,0,9,8,1,202100022303A01,1,5,1
202100022317,2021-08-25,2021,août,mercredi,09:45,35,35002,"48,0003030000"," -1,4958890000",1,1,3,1,1,3,2,2,2,1,, -1,1,0,1,3,2,12,5,1,2,0,2,8,19,202100022317B01,7,1,1
202100022321,2021-08-28,2021,août,samedi,14:25,54,54067,"49,4354270000","5,6595039368",1,1,3,1,1,3,2,2,2,1,, -1,1,0,1,3,1,72,5,1,2,0,2,8,13,202100022321B01,7,17,1
202100022323,2021-08-27,2021,août,vendredi,16:40,67,67194,"48,7310760000","7,9075490000",2,6,3,1,1,3,2,2,1,3,, -1,1,5,1,3,1,65,0,2,,0,0,2,26,202100022323B01,7,9,1
202100022330,2021-08-26,2021,août,jeudi,07:45,65,65057,"43,1953570000"," -0,0006440000",1,1,3,2,7,3,2,2,1,1,, -1,1,0,1,3,1,27,1,2,,0,2,8,1,202100022330B01,7,2,1
202100022334,2021-08-26,2021,août,jeudi,15:00,63,63195,"45,8231810000","3,3792350000",2,6,3,1,1,3,2,2,1,2,, -1,1,5,1,3,1,71,5,1,2,0,0,7,2,202100022334B01,7,9,1
202100022350,2021-08-28,2021,août,samedi,19:09,05,05092,"44,4840150000","6,0278680000",1,1,1,1,1,3,2,2,2,1,, -1,1,0,1,2,1,30,5,1,2,0,2,1,1,202100022350B01,7,17,1
202100022371,2021-08-27,2021,août,vendredi,19:20,973,97305,"4,9823070000"," -52,4691050000",1,1,5,3,1,3,2,2,1,1,, -1,1,0,1,4,1,54,1,2,,0,0,4,2,202100022371C01,10,1,1
202100022371,2021-08-27,2021,août,vendredi,19:20,973,97305,"4,9823070000"," -52,4691050000",1,1,5,3,1,3,2,2,1,1,, -1,1,0,1,3,1,46,1,2,,0,0,4,2,202100022371B01,10,1,1
202100022420,2021-08-26,2021,août,jeudi,12:25,65,65440,"43,2343100000","0,0725800000",2,4,3,1,1,4,2,2,1,1,, -1,1,0,1,4,2,43,5,2,,0,2,7,1,202100022420B01,7,15,1
202100022473,2021-08-26,2021,août,jeudi,17:40,75,75111,"48,8679380000","2,3818070000",2,1,6,1,1,4,1,1,1,1,, -1,1,0,5,1,1,34,5,2,,0,1,3,1,202100022473A01,,,
202100022497,2021-08-27,2021,août,vendredi,08:50,62,62571,"50,4583610000","1,6014450000",2,1,5,1,1,3,2,2,1,1,, -1,2,0,1,3,1,15,5,1,2,0,2,3,1,202100022497B01,7,26/15,2
202100022517,2021-08-25,2021,août,mercredi,09:05,34,34178,"43,4395760000","3,1371760000",2,1,1,1,1,3,2,2,2,1,, -1,1,0,1,1,2,67,5,1,2,0,0,4,2,202100022517A01,1,2,1
202100022517,2021-08-25,2021,août,mercredi,09:05,34,34178,"43,4395760000","3,1371760000",2,1,1,1,1,3,2,2,2,1,, -1,1,0,1,3,1,71,5,1,2,0,2,1,2,202100022517B01,1,2,1
202100022524,2021-08-26,2021,août,jeudi,11:40,03,03029,"46,2404440000","3,4401910000",1,1,3,1,1,3,2,2,1,1,, -1,1,0,1,3,1,84,5,1,2,0,2,3,1,202100022524B01,13,17,1
202100022527,2021-08-27,2021,août,vendredi,06:40,54,54157,"48,8391150000","6,0578690000",2,1,3,2,1,4,2,2,1,1,,6,1,0,1,3,1,58,5,2,,0,2,8,15,202100022527B01,14,1,1
202100022528,2021-08-26,2021,août,jeudi,18:40,14,14193,"49,1314360000","0,3317250000",1,1,5,1,1,4,2,2,1,1,, -1,1,0,1,4,1,16,5,2,,0,2,1,1,202100022528C01,50/ 2,1,2
202100022532,2021-08-26,2021,août,jeudi,17:50,73,73308,"45,6898113281","6,4114165425",1,1,3,1,1,3,2,2,2,4,, -1,1,0,1,2,1,52,5,1,2,0,2,3,13,202100022532A01,99,1,1
202100022535,2021-08-27,2021,août,vendredi,08:20,40,40255,"43,8791460000"," -0,3450180000",1,2,3,1,5,3,2,2,1,1,, -1,1,0,1,3,1,73,5,1,2,0,2,1,19,202100022535A01,10,1,1
202100022547,2021-08-26,2021,août,jeudi,10:38,05,05079,"45,0427450762","6,4164431651",1,1,5,1,1,3,2,2,2,4,, -1,1,0,1,3,1,49,5,1,2,0,2,1,5,202100022547C01,7,1,1
202100022547,2021-08-26,2021,août,jeudi,10:38,05,05079,"45,0427450762","6,4164431651",1,1,5,1,1,3,2,2,2,4,, -1,1,0,1,3,1,36,5,1,2,0,2,1,13,202100022547A01,7,1,1
202100022547,2021-08-26,2021,août,jeudi,10:38,05,05079,"45,0427450762","6,4164431651",1,1,5,1,1,3,2,2,2,4,, -1,1,0,1,3,1,39,5,1,2,0,2,1,13,202100022547B01,7,1,1
202100022548,2021-08-26,2021,août,jeudi,22:10,04,04143,"43,9229510000","5,9115240000",2,6,3,5,1,3,2,2,1,1,, -1,1,0,1,4,1,30,5,1,2/4,0,2,1,9,202100022548B01,7,9,1
202100022556,2021-08-27,2021,août,vendredi,07:00,07,07324,"45,0712760000","4,8254093000",2,1,7,2,1,3,2,2,1,1,,4,1,0,5,3,1,19,0,2,,0,0,0,0,202100022556A01,,,
202100022559,2021-08-26,2021,août,jeudi,09:15,85,85198,"46,9913000000"," -1,0423650000",2,3,3,1,1,3,2,2,1,1,, -1,1,5,1,4,1,64,9,2,,0,2,0,2,202100022559B01,7,15,1
202100022659,2021-08-24,2021,août,mardi,15:00,75,75116,"48,8633470000","2,2374650000",2,1,1,1,1,4,1,1,1,1,, -1,1,0,5,4,1,50,5,1,2,0,2,1,1,202100022659B01,50,5,1
202100022719,2021-08-23,2021,août,lundi,18:40,34,34172,"43,6444700000","3,8415400000",2,1,3,1,1,4,1,1,1,1,, -1,1,0,1,4,1,19,0,2,,0,2,7,19,202100022719B01,7,1,1
202100022749,2021-08-24,2021,août,mardi,08:40,75,75116,"48,8513748078","2,2738601267",2,1,2,1,1,4,1,1,1,1,, -1,1,0,1,4,2,43,3,2,,0,2,1,1,202100022749B01,10,4,1
202100022751,2021-08-24,2021,août,mardi,08:10,75,75109,"48,8774250000","2,3373040000",2,1,3,1,1,4,2,1,2,1,, -1,1,0,1,4,1,54,9,2,,0,2,2,17,202100022751B01,10,13,1
202100022793,2021-08-20,2021,août,vendredi,18:15,80,80021,"49,9310495701","2,2780133666",1,1,3,1,1,6, -1, -1,1,1,, -1,1,0,5,4,1,26,0,1,2,0,2,1,1,202100022793A01,7,26,1
202100022851,2021-08-23,2021,août,lundi,12:30,64,64256,"43,3821200000"," -1,3133440000",2,1,2,1,1,3,2,2,1,1,, -1,1,0,1,3,1,65,5,1,2,0,0,4,1,202100022851B01,7,1,1
202100022857,2021-08-24,2021,août,mardi,11:00,48,48194,"44,3349460000","3,8740750000",1,1,6,1,1,3,2,2,2,3,, -1,1,2,1,3,1,65,5,1,2/6,6,0,1,2,202100022857A01,,,
202100022866,2021-08-19,2021,août,jeudi,17:25,45,45210,"47,8570760000","2,8246280000",2,3,3,1,1,3,2,2,2,3,,3,1,0,1,4,1,69,5,1,2,0,2,6,1,202100022866A01,7,15,1
202100022874,2021-08-24,2021,août,mardi,06:25,33,33517,"45,0492440000"," -0,6923320000",1,1,1,3,1,3,2,2,1,1,, -1,1,0,1,3,1,33,1,2,,0,2,1,0,202100022874A01,13,13,1
202100022879,2021-08-24,2021,août,mardi,14:45,60,60170,"49,1972854420","2,5452930292",1,1,3,1,1,4,2,2,1,4,,5,1,0,1,4,1,18,5,1,2,0,2,3,5,202100022879A01,7,1,1
202100022928,2021-08-22,2021,août,dimanche,18:50,75,75104,"48,8547580000","2,3624180000",2,3,3,1,1,4,2,5,1,2,, -1,1,0,5,4,1,20,9,1,2,0,2,1,1,202100022928B01,7,11,1
202100022936,2021-08-23,2021,août,lundi,14:55,86,86276,"46,2538970000","0,5235310000",1,1,2,1,1,3,2,2,3,1,, -1,1,0,1,2,1,25,3,2,,0,0,4,0,202100022936B01,10,2,1
202100022957,2021-08-23,2021,août,lundi,11:36,03,03024,"46,3334800000","3,7116570000",1,1,6,1,1,3,2,2,2,1,, -1,1,0,1,3,2,69,5,1,2,0,9,1,1,202100022957A01,,,
202100022960,2021-08-20,2021,août,vendredi,11:30,14,14191,"49,3318172693"," -0,4630093576",2,1,3,1,1,3,2,3,1,1,,7,1,0,1,4,1,48,5,2,,0,2,7,17,202100022960A01,7,2,1
202100022988,2021-08-23,2021,août,lundi,03:15,14,14384,"49,3072700000"," -0,3593840000",2,1,2,5,1,3,2,2,1,1,, -1,1,0,1,1,1,18,5,2,,0,0,4,1,202100022988B01,1,2,1
202100022988,2021-08-23,2021,août,lundi,03:15,14,14384,"49,3072700000"," -0,3593840000",2,1,2,5,1,3,2,2,1,1,, -1,1,0,1,4,1,19,5,2,,0,2,1,2,202100022988A01,1,1,1
202100023006,2021-08-02,2021,août,lundi,16:05,988,98818," -22,3036200000","166,4464200000",2,1,2,1,1,4,3,4,1,1,, -1,1,0,1,3,1,59,5,1,2/2,0,2,1,21,202100023006B01,7,20,1
202100023145,2021-08-21,2021,août,samedi,19:45,93,93010,"48,9038580000","2,4752720000",2,1,3,1,1,4,2,2,1,1,, -1,1,0,1,1,1,35,0,2,,0,1,1,1,202100023145A01,,,
202100023159,2021-08-22,2021,août,dimanche,08:30,56,56178,"48,0690970000"," -2,9685560000",2,1,7,1,8,4,2,2,2,2,, -1,1,0,1,3,1,48,5,1,2,14,0,0,1,202100023159A01,,,
202100023160,2021-08-22,2021,août,dimanche,09:30,56,56147,"47,5510280000"," -2,2540860000",1,1,5,1,1,3,2,2,2,1,, -1,1,0,1,4,1,54,5,1,2,0,2,1,1,202100023160D01,7,13,1
202100023160,2021-08-22,2021,août,dimanche,09:30,56,56147,"47,5510280000"," -2,2540860000",1,1,5,1,1,3,2,2,2,1,, -1,1,0,1,4,1,56,5,1,2,0,2,1,1,202100023160C01,7,13,1
202100023160,2021-08-22,2021,août,dimanche,09:30,56,56147,"47,5510280000"," -2,2540860000",1,1,5,1,1,3,2,2,2,1,, -1,1,0,1,4,1,37,5,1,2,0,2,1,1,202100023160E01,7,13,1
202100023160,2021-08-22,2021,août,dimanche,09:30,56,56147,"47,5510280000"," -2,2540860000",1,1,5,1,1,3,2,2,2,1,, -1,1,0,1,4,1,53,5,1,2,0,2,1,1,202100023160B01,7,13,1
202100023161,2021-08-22,2021,août,dimanche,02:15,79,79195,"46,9446830000"," -0,5930580000",2,1,7,5,1,3,2,2,2,1,,6,1,0,4,4,1,33,5,2,,0,0,1,0,202100023161A01,,,
202100023162,2021-08-21,2021,août,samedi,16:45,79,79009,"46,2632280000"," -0,5830370000",1,4,3,1,1,3,2,2,1,1,,5,1,0,1,3,2,14,5,2,,0,2,1,15,202100023162A01,7,1,1
202100023176,2021-08-21,2021,août,samedi,15:35,70,70421,"47,6891610000","6,0424430000",2,3,3,1,1,3,2,1,2,1,,"3,5",1,0,1,3,2,62,5,1,2,0,2,3,15,202100023176B01,7,26,1
202100023241,2021-08-20,2021,août,vendredi,15:25,14,14118,"49,1806900000"," -0,3582200000",2,1,6,1,1,4,1,1,1,1,, -1,1,0,1,1,1,53,5,2,,0,1,1,1,202100023241A01,,,
202100023309,2021-08-20,2021,août,vendredi,15:25,05,05023,"44,8831200000","6,6285800000",2,9,3,1,1,4,2,2,1,1,, -1,1,0,1,4,1,10,5,2,,0,2,1,16,202100023309A01,99,1,1
202100023317,2021-08-20,2021,août,vendredi,12:20,75,75111,"48,8637640000","2,3701160000",2,2,3,1,1,4,2,4,1,1,, -1,1,0,1,4,1,24,5,1,2,0,2,3,15,202100023317B01,30,2,1
202100023348,2021-08-20,2021,août,vendredi,11:50,44,44182,"47,1794090000"," -2,1538780000",2,6,3,1,1,4, -1,1,1,1,,3,1,5,1,3,1,49,5,1,2,0,0,7,1,202100023348B01,7,1,1
202100023349,2021-08-20,2021,août,vendredi,15:45,29,29037,"47,8760186832"," -4,1318826377",2,1,5,1,1,4,2,2,1,1,, -1,1,0,1,3,1,82,5,1,2,0,2,1,1,202100023349C01,2/ 7,1/15,2
202100023361,2021-08-18,2021,août,mercredi,18:45,07,07329,"44,5982290000","4,0780740000",2,1,2,2,1,3,2,2,2,2,, -1,1,0,1,3,1,55,5,1,2,0,0,4,2,202100023361B01,7,2,1
202100023364,2021-08-16,2021,août,lundi,15:00,30,30059,"43,6731020000","4,2368010000",2,2,6,1,1,3,2,2,1,1,, -1,1,5,1,4,1,10,5,2,,0,2,8,5,202100023364B01,7,1,1
202100023379,2021-08-21,2021,août,samedi,10:00,38,38565,"45,2966450000","5,6166150000",1,1,4,1,1,9,2,2,1,1,, -1,1,0,5,3,1,74,5,1,2,0,2,1,2,202100023379D01,1,2/15,3
202100023379,2021-08-21,2021,août,samedi,10:00,38,38565,"45,2966450000","5,6166150000",1,1,4,1,1,9,2,2,1,1,, -1,1,0,5,4,1,48,5,1,2,0,2,1,2,202100023379C01,1,2/15,3
202100023379,2021-08-21,2021,août,samedi,10:00,38,38565,"45,2966450000","5,6166150000",1,1,4,1,1,9,2,2,1,1,, -1,1,0,5,4,1,61,5,1,2,0,2,1,2,202100023379B01,1,2/15,3
202100023379,2021-08-21,2021,août,samedi,10:00,38,38565,"45,2966450000","5,6166150000",1,1,4,1,1,9,2,2,1,1,, -1,1,0,5,4,1,53,5,1,2,0,0,4,15,202100023379A01,1,2,3
202100023386,2021-08-20,2021,août,vendredi,18:30,59,59659,"50,0181290000","4,0239040000",2,9,1,1,1,3,2,2,4,3,, -1,1,0,1,3,1,17,5,1,2,0,2,1,5,202100023386A01,7,21,1
202100023452,2021-08-18,2021,août,mercredi,13:20,75,75105,"48,8402750000","2,3460330000",2,2,3,1,1,4,2,2,2,1,, -1,1,0,1,4,2,69,5,1,2,0,2,0,15,202100023452A01,30,1,1
202100023460,2021-08-19,2021,août,jeudi,19:50,75,75107,"48,8588050000","2,3315770000",2,1,1,1,1,4,2,5,1,1,, -1,1,0,5,1,1,32,5,1,2,0,2,0,13,202100023460B01,1,1,1
202100023460,2021-08-19,2021,août,jeudi,19:50,75,75107,"48,8588050000","2,3315770000",2,1,1,1,1,4,2,5,1,1,, -1,1,0,5,4,1,49,5,1,2,0,2,1,1,202100023460A01,1,13,1
202100023475,2021-08-15,2021,août,dimanche,11:40,86,86174,"46,7732900000","0,4826080000",2,2,3,1,1,3,2,2,1,1,, -1,1,0,1,3,1,47,5,1,2,0,2,1,1,202100023475A01,10,1,1
202100023481,2021-08-19,2021,août,jeudi,12:00,63,63116,"45,9779200000","3,0948740000",1,1,7,1,1,3,2,2,4,1,, -1,1,0,1,4,1,67,0,1,2,0,0,0,2,202100023481A01,,,
202100023493,2021-08-19,2021,août,jeudi,18:00,49,49218,"47,2705810000"," -0,9856150000",1,2,1,1,1,3,2,2,2,1,, -1,1,0,1,3,1,18,5,1,2,0,2,8,15,202100023493A01,7,1,1
202100023500,2021-08-20,2021,août,vendredi,11:20,26,26183,"44,7084840000","5,0934590000",1,3,1,1,1,3,2,2,1,1,, -1,1,0,1,2,2,83,5,2,,0,2,7,15,202100023500B01,7,1,1
202100023514,2021-08-20,2021,août,vendredi,15:40,85,85018,"46,8888600000"," -2,0724790000",1,1,2,1,1,3,2,2,1,1,, -1,1,0,1,3,1,71,5,1,2,0,2,6,2,202100023514B01,10,2,1
202100023516,2021-08-11,2021,août,mercredi,08:10,87,87030,"45,8743460000","0,8530070000",1,1,3,1,1,3,2,2,2,1,, -1,1,0,1,3,1,71,5,1,2,0,2,1,0,202100023516B01,10,17,1
202100023519,2021-08-19,2021,août,jeudi,09:47,88,88426,"47,8582130000","6,8286250000",2,3,3,1,1,3,2,2,1,1,,4,1,0,1,3,1,71,5,2,,0,2,2,19,202100023519B01,7,1,1
202100023607,2021-08-17,2021,août,mardi,10:11,05,05061,"44,5665500000","6,1016700000",2,1,2,1,1,4,2,2,1,1,, -1,1,0,1,4,1,30,5,1,2,0,2,1,1,202100023607A01,7,1,1
202100023609,2021-08-16,2021,août,lundi,07:35,05,05061,"44,5568700000","6,0771700000",2,1,3,1,1,4,1,1,1,1,, -1,1,0,1,4,1,43,0,1,2,0,2,8,19,202100023609B01,7,1,1
202100023612,2021-08-18,2021,août,mercredi,11:25,75,75118,"48,8964241853","2,3592988802",2,3,3,1,1,4,2,4,1,1,, -1,1,0,6,4,1,49,9,1,2,0,2,0,1,202100023612B01,10,16,1
202100023613,2021-08-17,2021,août,mardi,14:00,75,75116,"48,8584690000","2,2886440000",2,1,3,1,1,4,2,4,1,1,, -1,1,0,6,1,1,31,4,1,2,0,2,2,9,202100023613A01,1,1,1
202100023613,2021-08-17,2021,août,mardi,14:00,75,75116,"48,8584690000","2,2886440000",2,1,3,1,1,4,2,4,1,1,, -1,1,0,6,4,1,37,4,1,2,0,2,1,1,202100023613B01,1,9,1
202100023614,2021-08-17,2021,août,mardi,18:35,75,75112,"48,8415540000","2,3912780000",2,1,3,1,8,4,1,1,1,1,, -1,1,0,1,4,2,32,5,1,2,0,2,7,1,202100023614B01,7,22,1
202100023615,2021-08-17,2021,août,mardi,16:50,75,75112,"48,8450190000","2,4058140000",2,1,3,1,1,4,2,3,2,1,, -1,1,0,1,4,1,18,9,1,2,0,2,1,1,202100023615B01,7,22,1
202100023627,2021-08-13,2021,août,vendredi,17:20,31,31044,"43,6083560000","1,4881380000",2,1,3,1,7,7,3,4,1,3,, -1,1,6,1,4,1,61,1,1,2,0,2,7,19,202100023627A01,7,16,1
202100023634,2021-08-19,2021,août,jeudi,15:00,89,89420,"47,5667830000","3,2011200000",1,1,1,1,1,3,2,2,1,1,,4,1,0,1,2,1,63,5,1,2,0,2,0,5,202100023634A01,14,1,1
202100023638,2021-08-18,2021,août,mercredi,16:24,38,38427,"45,2849800000","5,3678300000",1,1,1,1,1,4, -1,2,2,3,, -1,1,0,1,3,1,61,5,1,2,0,2,1,1,202100023638A01,21,1,1
202100023704,2021-08-17,2021,août,mardi,19:24,54,54197,"48,6261800000","6,2182800000",1,9,3,2,1,7,4,1,2,1,, -1,1,2,1,4,1,37,0,1,2,0,2,1,1,202100023704A01,7,1,1
202100023705,2021-08-17,2021,août,mardi,13:45,54,54578,"48,6682023228","6,1474279805",2,1,2,1,1,4,2,2,2,1,, -1,1,0,1,4,2,19,1,1,2,0,2,1,2,202100023705A01,7,2,1
202100023718,2021-08-17,2021,août,mardi,17:00,26,26362,"44,9193200000","4,9012600000",2,1,3,1,1,4,2,2,1,1,, -1,1,0,1,4,2,45,1,1,2,1,0,1,1,202100023718B01,7,24,1
202100023757,2021-08-15,2021,août,dimanche,16:00,14,14764,"48,8855030000"," -0,4151840000",1,1,7,1,1,3,2,2,2,1,, -1,1,0,1,4,1,41,5,2,,0,0,0,1,202100023757A01,,,
202100023760,2021-08-17,2021,août,mardi,10:00,01,01092,"45,9639820000","5,2582720000",1,1,5,1,1,3,2,2,1,1,, -1,1,0,1,2,1,72,5,2,,0,2,1,1,202100023760B01,7,17,1
202100023760,2021-08-17,2021,août,mardi,10:00,01,01092,"45,9639820000","5,2582720000",1,1,5,1,1,3,2,2,1,1,, -1,1,0,1,2,1,72,5,2,,0,2,1,1,202100023760C01,7,17,1
202100023761,2021-08-17,2021,août,mardi,17:00,69,69279,"45,7997676594","5,0597459078",2,6,3,1,1,7,2,2,1,2,, -1,1,5,1,3,1,60,5,1,2,0,2,7,1,202100023761A01,7,9,1
202100023764,2021-08-18,2021,août,mercredi,08:10,74,74213,"45,9148630000","6,0538330000",2,1,1,1,1,3,2,2,1,3,,4,1,0,5,3,1,21,5,2,,0,9,1,5,202100023764A01,1,1,1
202100023764,2021-08-18,2021,août,mercredi,08:10,74,74213,"45,9148630000","6,0538330000",2,1,1,1,1,3,2,2,1,3,,4,1,0,5,1,1,63,5,1,2,0,9,1,1,202100023764B01,1,5,1
202100023770,2021-08-15,2021,août,dimanche,09:40,71,71318,"46,5499592732","5,1706275317",1,4,7,1,1,3,2,2,1,1,,4,1,0,1,3,1,52,5,1,2,0,0,2,16,202100023770A01,,,
202100023772,2021-08-17,2021,août,mardi,13:45,61,61168,"48,5750950000"," -0,3726390000",1,1,2,1,1,3,2,2,1,3,, -1,1,0,1,4,1,61,5,1,2,0,2,4,2,202100023772B01,7,2,1
202100023777,2021-08-16,2021,août,lundi,19:00,44,44005,"47,1320990000"," -1,8816380000",1,3,2,1,1,3,2,2,1,1,, -1,1,0,1,3,1,18,1,2,,0,0,9,9,202100023777A01,7,1,1
202100023785,2021-08-17,2021,août,mardi,13:45,06,06038,"43,6834840000","6,9731210000",1,1,7,1,1,3,2,2,2,4,, -1,1,0,1,4,1,21,5,1,2,6,0,3,2,202100023785A01,17,26,1
202100023791,2021-08-15,2021,août,dimanche,10:10,45,45061,"48,0378932619","2,7475909169",1,3,3,1,7,3,2,2,2,1,, -1,1,0,1,3,1,67,5,1,2,0,2,3,1,202100023791B01,7,9,1
202100023792,2021-08-12,2021,août,jeudi,12:57,64,64065,"43,3598610000"," -1,6343340000",2,9,2,1,1,3,2,2,1,1,, -1,1,0,1,3,2,75,5,2,,0,0,0,17,202100023792B01,38,1,1
202100023797,2021-08-17,2021,août,mardi,10:00,30,30133,"43,5259310000","4,1494420000",2,6,6,1,1,3,2,4,1,1,, -1,1,9,1,3,2,69,5,2,,0,2,8,19,202100023797C01,7,1/23,2
202100023810,2021-08-18,2021,août,mercredi,13:00,83,83016,"43,1925890000","5,8195810000",1,1,1,1,1,4,2,1,1,3,,3,1,0,1,4,2,16,0,2,,0,2,1,0,202100023810B01,7,1,1
202100023819,2021-08-17,2021,août,mardi,21:25,47,47094,"44,4541490000","0,2337930000",2,1,2,2,1,3,3,2,1,1,, -1,1,0,1,2,1,44,5,2,,0,0,4,1,202100023819B01,7,1,1
202100023821,2021-08-17,2021,août,mardi,18:15,62,62793,"50,4061560000","2,6416120000",2,1,3,1,2,4,2,2,1,1,, -1,2,0,1,2,2,71,5,2,,0,2,8,26,202100023821B01,10,17,1
202100023868,2021-08-15,2021,août,dimanche,13:50,71,71118,"46,7934300000","4,8236770000",2,3,3,1,1,4,2,2,1,1,, -1,1,5,5,3,1,66,0,1,2,0,2,0,1,202100023868B01,7,15,1
202100023944,2021-08-14,2021,août,samedi,12:40,44,44126,"47,1449440000"," -2,1826500000",2,1,3,1,1,4,2,1,1,1,,3,1,0,1,3,1,51,5,2,,0,2,3,13,202100023944A01,7,1,1
202100023947,2021-08-10,2021,août,mardi,15:10,29,29165,"47,7986740000"," -4,2144160000",2,1,3,1,1,4,2,2,1,1,,4,1,0,1,4,2,74,5,1,2,0,2,7,17,202100023947B01,1,13,1
202100023947,2021-08-10,2021,août,mardi,15:10,29,29165,"47,7986740000"," -4,2144160000",2,1,3,1,1,4,2,2,1,1,,4,1,0,1,1,2,44,5,2,,0,2,8,13,202100023947A01,1,17,1
202100023949,2021-08-16,2021,août,lundi,13:22,38,38150,"45,2080910000","5,8503380000",2,1,7,1,1,7,2,2,1,1,, -1,1,0,1,4,2,18,1,2,,12,0,0,1,202100023949A01,38,17,1
202100023950,2021-08-17,2021,août,mardi,18:30,01,01036,"45,8757060000","5,6648040000",2,1,1,1,1,3,2,2,2,1,, -1,1,0,1,2,2,37,5,1,2,6,2,1,0,202100023950A01,10,1,1
202100023973,2021-08-13,2021,août,vendredi,07:00,01,01043,"45,8333440000","4,9935870000",2,6,3,1,1,3, -1,2,1,3,, -1,1,0,5,4,1,49,1,1,4,0,2,7,1,202100023973A01,7,2,1
202100024024,2021-08-14,2021,août,samedi,12:00,75,75120,"48,8562025326","2,4049311175",2,5,3,1,1,4,2,2,2,1,, -1,1,0,1,4,1,59,5,1,2,0,2,1,1,202100024024B01,7,15,1
202100024025,2021-08-15,2021,août,dimanche,22:00,75,75118,"48,8946160000","2,3291040000",2,3,3,5,1,4,1,1,1,1,, -1,1,0,1,4,1,41,5,1,2,0,2,1,5,202100024025B01,7,15,1
202100024039,2021-08-15,2021,août,dimanche,11:15,54,54411,"48,4834620000","6,1869660000",1,1,7,1,1,3,2,2,2,1,, -1,1,0,1,3,1,21,5,2,,0,0,0,1,202100024039A01,,,
202100024041,2021-08-15,2021,août,dimanche,12:46,84,84008,"44,1435410000","5,1053300000",1,3,3,1,1,3,2,2,1,4,, -1,1,0,1,3,1,52,5,1,2,0,0,8,1,202100024041B01,7,15,1
202100024042,2021-08-14,2021,août,samedi,17:50,62,62439,"50,7990050000","1,8722520000",1,9,3,1,1,3,2,2,2,1,, -1,1,0,1,3,1,37,5,2,,0,2,1,0,202100024042B01,7,0,1
202100024044,2021-08-16,2021,août,lundi,04:30,62,62205,"50,7243260000","2,3312690000",1,1,2,3,1,3,2,2,1,1,, -1,1,2,1,3,1,50,1,1,9,0,2,4,1,202100024044B01,7,1,1