Num_Acc,date,an,mois,jour,hrmn,dep,com,lat,long,agg,int,col,lum,atm,catr,circ,nbv,prof,plan,lartpc,larrout,surf,infra,situ,grav,sexe,age,trajet,secuexist,equipement,obs,obsm,choc,manv,vehiculeid,typevehicules,manoeuvehicules,numVehicules
202100024054,2021-06-21,2021,juin,lundi,19:15,29,29018,"48,3513701228"," -3,8490495667",1,1,6,1,1,3,2,2,4,3,,3,1,0,1,4,1,40,5,1,2,0,5,2,1,202100024054A01,,,
202100024088,2021-08-16,2021,août,lundi,14:15,38,38449,"45,6406920000","5,1101230000",1,1,3,1,1,3,1,4,1,1,, -1,1,0,6,4,2,47,0,2,,0,2,0,26,202100024088B01,7,1,1
202100024090,2021-08-15,2021,août,dimanche,10:30,65,65123,"42,9454560000","0,2206060000",1,1,2,1,1,3,2,2,2,1,, -1,1,0,1,3,1,55,5,1,2,0,2,1,2,202100024090A01,7,1,1
202100024150,2021-08-13,2021,août,vendredi,22:30,75,75102,"48,8693660000","2,3542570000",2,2,3,5,1,4,2,4,1,1,, -1,1,0,5,4,2,59,5,2,,0,2,2,1,202100024150A01,7,1,1
202100024177,2021-08-13,2021,août,vendredi,20:20,25,25058,"47,2049080000","5,9950540000",2,3,3,1,1,4,2,2,1,1,,4,1,0,1,3,1,39,0,1,6,0,2,1,1,202100024177B01,7,15,1
202100024201,2021-08-14,2021,août,samedi,19:40,33,33214,"45,0013910000"," -1,1802750000",1,1,3,1,7,4,2,2,2,1,,4,1,0,1,2,2,13,4,2,,7,2,8,19,202100024201B01,7,1,1
202100024211,2021-08-15,2021,août,dimanche,08:26,73,73114,"45,8214780000","6,5314050000",1,1,1,1,1,3,2,2,2,2,, -1,1,2,1,3,1,26,5,1,2,0,2,1,1,202100024211B01,7,13,1
202100024217,2021-08-13,2021,août,vendredi,22:35,56,56114,"47,2949490000"," -3,1063630000",1,1,3,3,1,3,2,2,1,1,, -1,1,0,1,3,1,75,3,2,,0,2,1,1,202100024217A01,7,1,1
202100024309,2021-08-12,2021,août,jeudi,23:40,75,75105,"48,8469160000","2,3428400000",2,2,6,5,1,4,2,2,2,1,, -1,1,0,1,4,1,30,5,1,2,1,0,1,1,202100024309A01,,,
202100024318,2021-08-13,2021,août,vendredi,19:18,75,75101,"48,8600520000","2,3490610000",2,2,6,1,1,4,2,5,1,1,, -1,1,0,5,1,1,31,5,2,,0,1,1,1,202100024318A01,,,
202100024349,2021-08-12,2021,août,jeudi,17:30,38,38115,"44,9651320000","5,6378320000",1,1,3,1,1,3,2,2,1,1,, -1,1,0,1,4,1,68,5,2,,0,2,8,10,202100024349A01,7,21,1
202100024359,2021-08-14,2021,août,samedi,12:00,33,33046,"44,3718610000"," -0,2436680000",2,3,3,1,1,2,2,2,1,1,, -1,1,0,1,3,1,45,5,2,,0,0,2,15,202100024359B01,7,18,1
202100024359,2021-08-14,2021,août,samedi,12:00,33,33046,"44,3718610000"," -0,2436680000",2,3,3,1,1,2,2,2,1,1,, -1,1,0,1,4,2,14,5,1,2,0,0,2,15,202100024359B01,7,18,1
202100024365,2021-08-14,2021,août,samedi,09:00,63,63037,"45,6356020000","3,6800870000",1,1,3,1,1,4,2,2,1,2,, -1,1,0,1,3,1,71,5,1,2/6,0,2,8,1,202100024365A01,7,13,1
202100024369,2021-08-12,2021,août,jeudi,09:30,47,47054,"44,4010970000","0,4977380000",1,1,7,1,9,3,2,2,2,1,, -1,1,0,8,2,1,74,9,1,2,0,0,0,0,202100024369A01,,,
202100024398,2021-08-12,2021,août,jeudi,17:30,72,72349,"48,2040760000","0,2013050000",1,9,3,1,1,4,2,2,1,1,,5,1,0,1,4,1,40,5,1,2,0,2,1,1,202100024398B01,7,1,1
202100024401,2021-08-06,2021,août,vendredi,17:36,05,05164,"44,5137430000","6,3722070000",1,3,3,1,7,3,2,2,2,1,, -1,1,0,1,3,1,72,5,1,2,0,2,8,15,202100024401B01,7,9,1
202100024403,2021-08-04,2021,août,mercredi,08:00,83,83083,"43,4738350000","6,1303930000",1,4,3,1,1,3,2,1,1,1,,3,1,0,1,3,1,71,5,1,2,0,2,7,1,202100024403B01,10,9,1
202100024423,2021-08-13,2021,août,vendredi,15:30,08,08291,"49,6822290000","5,2860650000",1,1,2,1,1,3,2,2,2,3,, -1,1,0,1,3,1,56,5,1,2,0,0,4,1,202100024423B01,7,1,1
202100024454,2021-08-12,2021,août,jeudi,15:40,68,68106,"47,8914850000","7,1076390000",1,1,7,1,1,3,2,2,2,1,, -1,1,0,3,3,2,64,5,1,2,0,0,0,1,202100024454A01,,,
202100024455,2021-08-14,2021,août,samedi,10:50,68,68145,"48,0809740000","7,3941240000",2,2,3,1,1,3,2,2,1,1,,4,1,5,5,3,1,83,3,2,,0,2,2,1,202100024455A01,7,15,1
202100024456,2021-08-11,2021,août,mercredi,17:55,67,67263,"49,0315160000","7,7593300000",1,1,6,1,1,3,2,2,1,1,, -1,1,0,1,3,1,70,5,1,2/6,0,2,2,1,202100024456A01,1,1,1
202100024456,2021-08-11,2021,août,mercredi,17:55,67,67263,"49,0315160000","7,7593300000",1,1,6,1,1,3,2,2,1,1,, -1,1,0,1,1,1,38,5,1,2/6,0,2,4,1,202100024456B01,1,1,1
202100024464,2021-08-13,2021,août,vendredi,09:45,09,09334,"42,7729120000","1,4898710000",1,1,3,1,1,3,2,2,2,1,, -1,1,0,1,4,1,37,5,1,2,0,2,8,13,202100024464B01,7,17,1
202100024552,2021-08-12,2021,août,jeudi,19:00,75,75112,"48,8228110000","2,4421250000",2,1,2,1,1,4,2,2,1,1,, -1,1,0,5,4,1,49,5,1,2,0,2,1,2,202100024552B01,1,2,1
202100024552,2021-08-12,2021,août,jeudi,19:00,75,75112,"48,8228110000","2,4421250000",2,1,2,1,1,4,2,2,1,1,, -1,1,0,5,4,1,20,5,1,2,0,2,4,2,202100024552A01,1,2,1
202100024553,2021-08-11,2021,août,mercredi,19:20,75,75112,"48,8446750000","2,3691440000",2,3,1,1,1,4,2,2,1,1,, -1,1,0,5,4,1,63,1,2,,0,2,1,1,202100024553B01,50,13,1
202100024628,2021-08-11,2021,août,mercredi,09:01,75,75114,"48,8346540000","2,3382210000",2,3,3,1,1,4,2,4,1,1,, -1,1,0,5,4,2,49,9,1,2,0,2,1,1,202100024628B01,7,15,1
202100024630,2021-08-10,2021,août,mardi,23:15,75,75109,"48,8781360000","2,3301160000",2,3,3,5,1,4,1,2,2,1,, -1,1,0,6,4,2,19,5,1,2,0,2,8,13,202100024630B01,37,17,1
202100024658,2021-08-12,2021,août,jeudi,11:05,34,34169,"43,6685240000","3,8682820000",1,1,2,1,1,7,2,2,1,1,, -1,1,0,5,2,1,70,5,1,2,1,0,1,1,202100024658B01,7,23,1
202100024666,2021-08-09,2021,août,lundi,13:05,45,45234,"47,8196713444","1,9467618513",2,3,1,1,1,7,2,2,2,1,, -1,1,8,1,4,1,18,0,2,,0,2,1,0,202100024666B01,7,16,1
202100024668,2021-08-11,2021,août,mercredi,10:30,16,16003,"45,7846700000","0,3421480000",2,1,2,1,1,3,2,2,1,1,0,6,1,0,1,3,1,64,5,1,2,0,2,4,1,202100024668A01,7,2,1
202100024685,2021-08-11,2021,août,mercredi,11:00,13,13096,"43,5461060000","4,3505000000",1,1,2,1,1,3,2,2,2,1,, -1,1,2,1,4,1,44,5,2,,12,0,4,2,202100024685A01,7,17,1
202100024685,2021-08-11,2021,août,mercredi,11:00,13,13096,"43,5461060000","4,3505000000",1,1,2,1,1,3,2,2,2,1,, -1,1,2,1,4,1,46,5,2,,12,0,4,2,202100024685B01,7,17,1
202100024694,2021-08-11,2021,août,mercredi,17:35,33,33449,"44,8937110000"," -0,7177300000",2,1,3,1,1,4,1,0,1,1,,0,1,0,6,4,2,29,5,1,2,0,2,1,1,202100024694B01,7,1,1
202100024729,2021-08-10,2021,août,mardi,17:20,65,65100,"43,2582800000","0,0395700000",2,6,3,1,1,3,2,2,1,1,, -1,1,5,1,4,2,30,1,2,,0,2,7,26,202100024729B01,7,9,1
202100024772,2021-08-10,2021,août,mardi,19:25,75,75104,"48,8518420000","2,3614850000",2,1,3,1,1,4,2,6,1,1,, -1,1,0,5,1,1,44,5,1,2,0,2,7,14,202100024772A01,50,1,1
202100024794,2021-08-10,2021,août,mardi,15:30,42,42302,"45,5041400000","4,4350920000",2,1,3,1,1,7,2,2,2,3,, -1,1,0,1,4,1,65,5,1,2,0,2,8,1,202100024794B01,7,15,1
202100024804,2021-08-11,2021,août,mercredi,10:25,90,90063,"47,4896440000","6,9760070000",2,1,3,1,1,3,2,2,1,1,, -1,1,0,1,2,1,25,5,1,2,0,2,8,2,202100024804B01,21,2,1
202100024811,2021-08-09,2021,août,lundi,12:30,74,74221,"45,9915690000","6,4734100000",1,1,3,1,1,3,2,2,2,1,, -1,1,0,1,3,1,32,5,1,2,13,2,1,17,202100024811B01,7,15,1
202100024818,2021-08-11,2021,août,mercredi,14:45,55,55435,"48,7437170000","5,0223080000",1,1,7,1,1,3,2,2,2,1,, -1,9,0,1,3,1,76,5,1,2,0,0,1,1,202100024818A01,,,
202100024822,2021-08-10,2021,août,mardi,09:30,38,38382,"45,2282580000","5,6840890000",2,2,3,1,1,7,2,2,1,1,, -1,1,0,1,3,1,67,5,2,,0,2,1,1,202100024822B01,7,16,1
202100024893,2021-07-14,2021,juillet,mercredi,20:00,75,75116,"48,8636290000","2,2369690000",2,1,6,1,1,4,2,1,1,1,, -1,1,0,5,1,1,26,5,1,2/4,0,1,1,1,202100024893A01,,,
202100024897,2021-08-08,2021,août,dimanche,14:50,75,75112,"48,8292070000","2,3902660000",2,3,3,1,1,4,2,5,1,1,, -1,1,5,1,4,1,34,9,2,,0,2,0,19,202100024897B01,7,15,1
202100024898,2021-08-09,2021,août,lundi,08:55,75,75111,"48,8629310000","2,3875170000",2,2,6,1,2,4,3,4,2,1,, -1,2,0,1,1,1,34,1,2,,0,1,1,1,202100024898A01,,,
202100024899,2021-08-09,2021,août,lundi,12:50,75,75110,"48,8810740000","2,3700930000",2,1,7,1,1,4, -1,1,1,1,, -1,2,0,5,4,2,34,1,2,,0,0,0,1,202100024899A01,,,
202100024901,2021-08-09,2021,août,lundi,16:20,75,75107,"48,8615660000","2,2977130000",2,1,3,1,1,4,2,5,1,1,, -1,1,0,5,4,2,52,9,2,,0,2,1,1,202100024901A01,50,11,1
202100024924,2021-08-08,2021,août,dimanche,12:30,63,63219,"45,7943250000","2,9004340000",1,1,7,1,8,3,2,2,2,3,, -1,9,0,1,4,1,29,5,1,2,0,0,0,1,202100024924A01,1,1,1
202100024924,2021-08-08,2021,août,dimanche,12:30,63,63219,"45,7943250000","2,9004340000",1,1,7,1,8,3,2,2,2,3,, -1,9,0,1,4,1,51,5,1,2,0,0,0,1,202100024924B01,1,1,1
202100024931,2021-08-09,2021,août,lundi,18:20,82,82187,"44,1474060000","1,8556330000",1,3,3,1,1,3,2,2,2,1,,4,1,0,1,3,1,8,5,2,,0,2,1,15,202100024931B01,7,1,1
202100024939,2021-08-10,2021,août,mardi,07:50,39,39255,"46,5344190000","5,4274330000",1,3,3,1,1,3,2,2,1,1,, -1,1,0,1,3,1,18,5,2,,0,2,1,16,202100024939A01,7,1,1
202100024940,2021-08-08,2021,août,dimanche,11:30,31,31317,"43,3068800000","1,1084070000",2,1,7,1,1,3,2,2,2,3,, -1,1,0,3,2,1,65,5,1,2/6,0,0,0,1,202100024940A01,,,
202100024942,2021-08-09,2021,août,lundi,18:15,38,38547,"45,2642270000","5,9004520000",2,6,3,1,1,3,2,2,1,2,,4,1,5,1,4,1,13,5,1,2,0,2,1,15,202100024942B01,7,16,1
202100024953,2021-08-08,2021,août,dimanche,12:15,43,43039,"44,9349560000","3,8799690000",2,3,7,1,1,3,2,2,2,1,, -1,1,0,1,3,1,65,5,2,,0,0,0,16,202100024953A01,,,
202100024957,2021-08-08,2021,août,dimanche,11:10,85,85204,"46,8230500000"," -1,7596800000",2,4,3,1,1,3,2,2,4,1,, -1,1,0,1,3,1,62,5,1,2,0,2,1,1,202100024957B01,7,15,1
202100024963,2021-08-03,2021,août,mardi,10:15,84,84129,"43,9930920000","4,8646470000",1,1,7,1,1,3,3,2,1,1,, -1,1,0,1,4,1,73,5,2,,0,2,0,25,202100024963B01,15,1,1
202100024965,2021-08-07,2021,août,samedi,08:15,83,83064,"43,3308130000","6,0465630000",2,6,3,1,1,3, -1,2,1,1,, -1,1,5,1,3,2,67,5,2,,0,0,4,1,202100024965B01,7,1,1
202100025013,2021-08-02,2021,août,lundi,17:00,05,05023,"44,8975500000","6,6372600000",2,1,6,1,1,3,2,2,2,1,, -1,1,9,1,1,1,20,5,1,2,0,1,1,17,202100025013A01,,,
202100025015,2021-08-08,2021,août,dimanche,11:52,75,75105,"48,8508160000","2,3455290000",2,2,3,1,1,4,1,2,1,1,, -1,1,0,6,4,1,29,9,1,2,0,2,1,7,202100025015B01,7,16,1
202100025017,2021-08-08,2021,août,dimanche,18:45,75,75119,"48,8890610000","2,3939420000",2,1,3,1,1,4,2,5,1,1,, -1,1,0,5,4,1,38,5,1,2,0,2,0,1,202100025017B01,50,5,1
202100025026,2021-08-09,2021,août,lundi,18:35,71,71145,"46,5292250000","4,6859600000",1,2,3,1,1,3,3,2,1,1,, -1,1,0,1,3,1,91,5,1,2,0,2,1,19,202100025026A01,17,1,1
202100025037,2021-08-09,2021,août,lundi,10:40,81,81192,"43,7000671000","2,9222729000",1,1,1,1,1,3,2,2,2,2,, -1,1,9,1,3,1,41,5,1,2,0,2,1,1,202100025037B01,7,1,1
202100025046,2021-08-09,2021,août,lundi,12:43,03,03044,"46,0698330000","3,3805970000",1,2,3,1,2,3,2,2,1,1,, -1,2,5,1,3,1,63,5,2,,0,2,1,1,202100025046B01,10,1,1
202100025054,2021-08-08,2021,août,dimanche,09:10,43,43130,"45,0610010000","4,2422490000",1,2,6,1,1,3,2,1,2,3,, -1,1,0,1,3,1,65,5,1,2,0,5,2,0,202100025054A01,,,
202100025055,2021-08-02,2021,août,lundi,15:55,43,43016,"45,3909015000","3,3530340000",1,1,5,1,1,3,2,2,1,3,, -1,1,0,1,1,1,65,5,1,2,0,2,0,1,202100025055C01,21,17,1
202100025055,2021-08-02,2021,août,lundi,15:55,43,43016,"45,3909015000","3,3530340000",1,1,5,1,1,3,2,2,1,3,, -1,1,0,1,3,2,63,5,1,2,0,2,8,1,202100025055B01,21,17,1
202100025059,2021-08-08,2021,août,dimanche,10:00,42,42279,"45,4943710000","4,2370480000",2,1,3,1,1,4,2,2,1,1,,4,1,0,1,3,1,46,5,1,2,0,0,3,1,202100025059B01,7,19,1
202100025083,2021-08-08,2021,août,dimanche,15:30,49,49023,"47,1984100000"," -0,9945520000",2,3,3,1,1,4,2,2,4,1,,7,1,0,1,3,1,11,5,2,,0,2,5,1,202100025083A01,7,1,1
202100025126,2021-08-03,2021,août,mardi,17:35,27,27229,"49,0255994415","1,1625931248",2,3,6,1,8,4,2,2,4,3,, -1,1,0,1,4,2,8,5,2,,1,0,1,16,202100025126A01,,,
202100025141,2021-08-07,2021,août,samedi,15:20,75,75105,"48,8397080000","2,3565960000",2,2,3,1,1,4,1,2,1,1,, -1,1,0,1,1,1,37,9,2,,0,2,7,1,202100025141B01,30,1,1
202100025143,2021-08-07,2021,août,samedi,14:20,75,75106,"48,8471390000","2,3272360000",2,1,6,1,1,4,2,2,1,1,, -1,1,0,1,4,1,29,5,2,,0,1,1,1,202100025143A01,,,
202100025166,2021-08-08,2021,août,dimanche,16:15,05,05027,"44,8225620000","6,7359280000",1,1,3,1,1,3,2,2,2,4,, -1,1,0,1,3,1,46,5,1,2,0,2,8,1,202100025166B01,33,1,1
202100025185,2021-08-07,2021,août,samedi,15:30,46,46059,"44,7180632000","1,6084300000",2,2,3,1,1,3,2,2,1,3,, -1,1,0,1,4,1,11,5,2,,0,2,1,1,202100025185B01,7,1,1
202100025188,2021-08-06,2021,août,vendredi,14:40,29,29273,"48,7068180000"," -4,0153260000",1,1,5,1,1,4,2,1,2,4,,3,1,0,1,1,2,13,5,2,,0,0,0,1,202100025188C01,7,1,1
202100025188,2021-08-06,2021,août,vendredi,14:40,29,29273,"48,7068180000"," -4,0153260000",1,1,5,1,1,4,2,1,2,4,,3,1,0,1,4,1,13,5,2,,0,2,1,17,202100025188B01,7,1,1
202100025196,2021-08-06,2021,août,vendredi,18:30,50,50267,"49,2176500000"," -1,5315250000",2,6,3,1,1,3,4,2,1,1,, -1,1,0,1,4,1,49,0,2,,0,2,1,1,202100025196B01,7,9,1
202100025197,2021-08-08,2021,août,dimanche,13:00,50,50260,"48,6764820000"," -0,9852500000",1,1,2,1,1,3,2,2,1,1,, -1,1,0,1,4,1,65,5,1,2/9,0,2,4,1,202100025197B01,7,1,1
202100025204,2021-08-05,2021,août,jeudi,23:45,40,40266,"44,0474100000"," -1,2352320000",1,1,2,3,1,3,2,2,1,1,, -1,1,0,1,2,1,76,5,2,,0,2,4,2,202100025204A01,7,2,2
202100025218,2021-08-08,2021,août,dimanche,08:30,13,13073,"43,3868830000","5,5557350000",2,1,1,1,1,7,2,2,1,1,, -1,1,0,1,4,1,56,5,2,,0,2,1,1,202100025218B01,7,15,1
202100025220,2021-08-08,2021,août,dimanche,15:25,81,81271,"43,7697240000","1,7046210000",2,1,2,1,1,4,2,2,1,1,, -1,1,0,1,3,2,65,5,1,2,12,2,4,1,202100025220A01,7,0,1
202100025269,2021-08-06,2021,août,vendredi,19:25,69,69266,"45,7645900000","4,8912900000",2,1,3,1,1,4,1,0,2,1,, -1,1,0,1,3,2,48,5,2,,0,2,0,1,202100025269B01,7,1,1
202100025319,2021-08-06,2021,août,vendredi,19:35,06,06088,"43,7018630000","7,2733030000",2,2,3,1,1,4,1,1,1,1,, -1,1,0,1,3,1,45,1,2,,0,2,1,1,202100025319A01,33,1,1
202100025321,2021-08-05,2021,août,jeudi,12:20,06,06027,"43,6627000000","7,1529980000",2,6,3,1,1,4,2,2,1,4,, -1,1,5,1,4,1,52,9,2,,0,2,1,19,202100025321Y01,7,16,1
202100025331,2021-08-06,2021,août,vendredi,01:04,75,75118,"48,8911850000","2,3516180000",2,2,3,5,1,4,2,2,1,1,, -1,1,5,1,4,1,33,9,2,,0,2,1,1,202100025331B01,7,1,1
202100025335,2021-08-05,2021,août,jeudi,10:05,75,75115,"48,8524720000","2,2906020000",2,2,3,1,1,4,2,2,1,1,, -1,1,0,5,4,1,30,1,1,2,0,2,1,1,202100025335B01,7,16,1
202100025338,2021-08-06,2021,août,vendredi,19:51,75,75101,"48,8609180000","2,3408050000",2,2,6,1,1,4,2,3,1,1,, -1,1,0,1,4,2,26,9,2,,0,1,1,21,202100025338A01,,,
202100025361,2021-08-06,2021,août,vendredi,08:45,46,46157,"44,5215860000","1,9434540000",2,1,2,1,1,3,2,2,1,1,, -1,1,0,1,1,1,54,5,1,2,0,2,4,1,202100025361B01,1,2,1
202100025361,2021-08-06,2021,août,vendredi,08:45,46,46157,"44,5215860000","1,9434540000",2,1,2,1,1,3,2,2,1,1,, -1,1,0,1,3,1,50,5,1,2,0,2,1,2,202100025361A01,1,1,1
202100025391,2021-08-07,2021,août,samedi,12:00,26,26235,"44,3754930000","4,6986540000",2,6,3,1,8,4,1,2,1,2,,4,1,9,1,3,2,18,0,2,,0,2,0,1,202100025391B01,7,9,1
202100025436,2021-08-05,2021,août,jeudi,12:35,65,65440,"43,2335074730","0,0731760263",2,1,6,1,1,9,1,2,1,1,, -1,1,0,1,4,2,60,0,2,,0,1,0,26,202100025436B01,,,
202100025475,2021-08-05,2021,août,jeudi,14:06,06,06088,"43,6686870000","7,2039120000",2,1,2,1,7,7,1,3,1,1,, -1,1,0,1,3,1,51,0,1,2,0,2,4,1,202100025475B01,7,14,1
202100025484,2021-08-05,2021,août,jeudi,20:20,75,75111,"48,8635539958","2,3788929702",2,3,6,1,1,4,1,1,1,1,, -1,1,0,1,4,2,26,9,2,,0,2,8,1,202100025484B01,10,22,1
202100025506,2021-08-05,2021,août,jeudi,18:50,31,31113,"43,5217920000","1,5193750000",1,1,7,1,1,4, -1,2,1,1,,4,1,0,5,2,1,71,5,2,,0,0,0,1,202100025506A01,,,
202100025532,2021-08-06,2021,août,vendredi,08:45,45,45272,"47,8299819650","1,9700758159",2,6,7,1,1,4,1,1,1,1,,"5,5",1,0,1,3,1,74,5,1,2/4,0,0,0,1,202100025532A01,,,
202100025539,2021-08-05,2021,août,jeudi,18:10,17,17208,"46,2242950000"," -0,9941120000",2,2,2,1,1,3,2,2,1,1,,3,2,0,1,3,1,14,5,2,,8,0,4,19,202100025539B01,7,0,1
202100025546,2021-08-06,2021,août,vendredi,07:15,971,97102,"16,4768100000"," -61,5017650000",1,4,5,1,7,3,2,2,3,3,, -1,1,0,1,2,1,66,5,1,2,0,2,1,0,202100025546B01,10,15,1
202100025546,2021-08-06,2021,août,vendredi,07:15,971,97102,"16,4768100000"," -61,5017650000",1,4,5,1,7,3,2,2,3,3,, -1,1,0,1,4,1,49,5,1,2,0,2,1,1,202100025546C01,10,15,1
202100025551,2021-08-05,2021,août,jeudi,17:00,67,67118,"48,5837260000","7,6891910000",2,1,7,1,1,4,2,2,1,1,, -1,2,0,5,3,2,36,1,2,,0,0,0,17,202100025551A01,,,
202100025558,2021-08-06,2021,août,vendredi,19:40,59,59477,"50,5122740000","2,9137100000",2,3,3,1,2,7,2,2,1,1,,4,2,0,1,3,1,39,0,2,,0,0,1,19,202100025558B01,7,1,1
202100025658,2021-08-04,2021,août,mercredi,10:55,19,19001,"45,5030160000","1,7123650000",1,1,7,1,8,3,2,2,2,2,, -1,2,0,1,3,1,49,5,2,,0,0,0,1,202100025658A01,,,
202100025659,2021-08-04,2021,août,mercredi,19:00,56,56166,"47,9100430000"," -3,2900620000",1,3,2,1,2,3,2,2,2,1,, -1,2,0,1,3,1,20,5,2,,0,2,0,1,202100025659A01,7,18,1
202100025666,2021-06-29,2021,juin,mardi,19:15,29,29020,"48,1031550000"," -4,0005620000",2,3,1,1,1,4,2,2,1,1,,4,1,0,1,4,2,14,5,1,2,0,2,7,1,202100025666B01,10,15,1
202100025683,2021-08-02,2021,août,lundi,11:40,77,77493,"48,6437450000","2,8299750000",2,3,7,1,1,3,2,2,2,3,, -1,1,0,3,3,1,24,5,1,2,0,0,0,1,202100025683A01,10,15,1
202100025764,2021-08-03,2021,août,mardi,07:30,75,75118,"48,9007230000","2,3442830000",2,2,3,1,2,4,2,2,1,1,, -1,2,0,1,4,1,60,1,1,2,0,2,1,1,202100025764A01,7,16,1
202100025765,2021-08-02,2021,août,lundi,18:30,75,75116,"48,8640090000","2,2360620000",2,4,2,1,1,4,1,2,1,1,, -1,1,0,1,4,2,46,5,1,2,0,2,1,2,202100025765A01,7,23,1
202100025770,2021-08-03,2021,août,mardi,18:20,75,75112,"48,8356870000","2,4021950000",2,1,3,1,1,4,2,2,1,1,, -1,1,0,1,4,1,34,5,2,,0,2,1,1,202100025770B01,10,22,1
202100025773,2021-08-03,2021,août,mardi,11:40,75,75108,"48,8661100000","2,3138280000",2,1,3,1,1,4,2,4,1,1,, -1,1,0,1,4,2,72,5,1,2,0,2,2,1,202100025773A01,7,22,1
202100025809,2021-08-03,2021,août,mardi,10:00,03,03018,"46,2478730000","3,2656750000",2,2,3,1,8,3,2,2,1,1,, -1,1,0,1,3,1,76,5,1,2/4,0,2,3,15,202100025809B01,10,1,1
202100025861,2021-03-30,2021,mars,mardi,17:45,38,38463,"45,1798510000","5,3590780000",1,1,1,1,7,4,2,2,1,1,, -1,1,0,1,3,1,7,5,2,,0,2,0,26,202100025861B01,7,1,1
202100025866,2021-03-09,2021,mars,mardi,15:15,38,38158,"45,1453900000","5,7427920000",2,1,3,1,1,4, -1,2,2,1,, -1,1,9,1,3,2,75,5,2,,0,2,1,19,202100025866A01,7,1,1
202100025875,2021-08-01,2021,août,dimanche,16:45,75,75101,"48,8627320000","2,3352450000",2,3,3,1,1,4,2,3,1,1,, -1,1,0,1,4,2,30,1,2,,0,2,1,1,202100025875B01,7,15,1
202100025914,2021-07-29,2021,juillet,jeudi,09:35,72,72381,"47,9284230391","0,1017340421",1,6,3,1,1,3,2,2,1,1,, -1,1,5,1,4,1,26,5,1,2,0,0,5,0,202100025914B01,10,1,1
202100025940,2021-07-27,2021,juillet,mardi,21:00,67,67084,"48,3235290000","7,4296760000",2,1,7,5,3,3,2,2,1,1,, -1,2,6,4,3,1,39,5,2,,12,0,0,1,202100025940A01,,,
202100025942,2021-08-02,2021,août,lundi,18:15,38,38156,"45,5369330000","5,2935460000",1,2,3,1,1,3,2,2,2,1,, -1,1,5,1,3,1,69,0,2,,0,2,8,9,202100025942B01,7,9,1
202100026003,2021-08-01,2021,août,dimanche,12:15,06,06004,"43,6119100000","7,1271800000",1,1,3,1,1,3,2,4,1,1,, -1,1,0,5,4,1,25,0,2,,0,2,1,1,202100026003B01,7,16,1
202100026010,2021-08-01,2021,août,dimanche,17:50,75,75101,"48,8610190000","2,3340230000",2,1,7,1,1,4, -1,0,1,1,, -1,1,6,4,4,1,66,9,2,,15,0,1,1,202100026010A01,,,
202100026011,2021-08-01,2021,août,dimanche,02:45,75,75101,"48,8609430000","2,3300590000",2,3,3,5,1,4,1,2,1,1,, -1,1,0,1,4,1,19,9,1,2,0,2,1,1,202100026011A01,7,1,1
202100026021,2021-08-01,2021,août,dimanche,12:25,84,84069,"44,1758410000","5,1292900000",2,9,2,1,7,3,2,2,1,1,, -1,1,0,1,3,1,47,5,1,2,0,2,1,1,202100026021A01,7,1,1
202100026025,2021-08-01,2021,août,dimanche,10:00,974,97405," -21,3501320000","55,5622390000",2,9,7,1,1,4,1,1,2,3,,3,1,0,4,3,1,12,3,2,,12,0,1,26,202100026025A01,,,
202100026064,2021-08-02,2021,août,lundi,09:30,17,17224,"45,8632230000"," -0,3173380000",2,3,3,1,1,4,2,2,2,4,, -1,1,0,1,4,2,18,1,2,,0,2,7,1,202100026064A01,7,16,1
202100026066,2021-07-31,2021,juillet,samedi,11:00,30,30291,"44,1503120000","4,0033150000",1,1,3,1,1,3,2,2,3,2,, -1,1,0,1,3,1,70,5,1,2/6,0,2,1,1,202100026066B01,7,13,1
202100026085,2021-07-31,2021,juillet,samedi,17:00,69,69101,"45,9798374927","4,6294417977",2,1,7,1,2,4,2,2,2,3,, -1,8,0,1,2,1,69,5,2,,0,0,0,1,202100026085A01,,,
202100026088,2021-08-01,2021,août,dimanche,10:05,14,14488,"49,2886310000"," -0,2645030000",2,2,3,1,1,3,2,2,2,1,, -1,1,0,1,3,1,51,5,2,,0,2,1,19,202100026088A01,7,1,1
202100026090,2021-08-02,2021,août,lundi,16:30,59,59105,"50,4362800000","3,2449530000",2,1,1,1,1,4,2,2,1,2,, -1,1,9,1,4,1,16,5,1,2,0,2,1,5,202100026090B01,38,1,1