Num_Acc,date,an,mois,jour,hrmn,dep,com,lat,long,agg,int,col,lum,atm,catr,circ,nbv,prof,plan,lartpc,larrout,surf,infra,situ,grav,sexe,age,trajet,secuexist,equipement,obs,obsm,choc,manv,vehiculeid,typevehicules,manoeuvehicules,numVehicules
202100026152,2021-07-31,2021,juillet,samedi,16:45,75,75117,"48,8829300000","2,2963800000",2,2,3,1,1,4,2,2,1,1,, -1,1,0,1,4,1,32,1,1,2,0,2,4,17,202100026152B01,7,13,1
202100026157,2021-07-31,2021,juillet,samedi,16:35,75,75111,"48,8644560000","2,3788320000",2,1,3,1,1,4,2,0,1,1,, -1,1,0,5,4,1,19,9,2,,1,0,3,1,202100026157B01,7,22,1
202100026182,2021-08-01,2021,août,dimanche,09:55,95,95652,"49,1129070000","2,3652900000",1,1,6,1,1,3,2,2,2,1,, -1,1,0,1,4,1,46,5,1,2,0,9,1,1,202100026182A01,,,
202100026189,2021-08-01,2021,août,dimanche,17:50,82,82059,"43,8477670000","0,9529190000",1,1,1,1,1,4,2,2,1,1,, -1,1,0,1,4,1,65,5,2,,0,2,2,1,202100026189B01,10,1,1
202100026193,2021-08-01,2021,août,dimanche,13:50,68,68201,"47,7762160000","7,0000340000",2,1,6,1,1,3,2,2,2,1,, -1,2,0,4,2,1,49,5,1,2,8,0,1,1,202100026193A01,,,
202100026196,2021-07-31,2021,juillet,samedi,20:05,38,38195,"45,1522000000","5,3697860000",1,1,1,2,2,4,2,2,1,1,, -1,2,0,1,3,1,9,5,2,,0,2,2,19,202100026196B01,7,1,1
202100026202,2021-08-01,2021,août,dimanche,08:20,05,05184,"44,4108000000","5,9543860000",1,1,7,1,1,3,2,2,2,1,, -1,1,0,1,3,1,43,5,1,2,0,0,0,26,202100026202A01,,,
202100026208,2021-07-31,2021,juillet,samedi,10:30,85,85234,"46,7957700000"," -2,0483280000",2,6,2,1,1,3,2,2,1,3,,5,1,0,1,3,1,89,3,2,,0,2,0,2,202100026208B01,7,2,1
202100026229,2021-08-01,2021,août,dimanche,15:14,71,71123,"46,2300920000","3,9503090000",1,1,3,1,1,4,2,2,1,3,, -1,1,0,1,3,2,10,5,2,,0,2,3,13,202100026229A01,10,21,1
202100026331,2021-07-29,2021,juillet,jeudi,14:00,75,75115,"48,8413360000","2,2873940000",2,1,3,1,1,4,2,3,1,1,, -1,1,0,1,4,1,35,9,1,2,0,2,1,1,202100026331B01,10,22,1
202100026334,2021-07-30,2021,juillet,vendredi,09:35,75,75110,"48,8692700000","2,3567980000",2,4,3,1,1,4,1,1,1,1,, -1,1,0,5,4,2,54,1,1,2,0,2,0,1,202100026334A01,10,22,1
202100026359,2021-07-29,2021,juillet,jeudi,16:30,65,65193,"42,9868459475","0,5739980937",1,1,7,1,8,3,2,2,1,1,, -1,1,0,1,4,1,67,5,1,2,0,0,2,21,202100026359B01,17,17,1
202100026374,2021-07-30,2021,juillet,vendredi,21:30,39,39299,"46,9463400000","5,3556850000",1,1,2,3,1,3,2,2,1,1,, -1,1,0,1,3,2,17,5,2,,0,2,5,1,202100026374B01,7,1,1
202100026382,2021-07-30,2021,juillet,vendredi,16:40,85,85128,"46,4601850000"," -1,1692660000",2,6,3,1,8,4,2,2,1,1,,4,1,5,1,3,1,21,5,2,,0,2,8,9,202100026382A01,7,1,1
202100026383,2021-07-29,2021,juillet,jeudi,17:00,28,28405,"48,7604040000","1,3096310000",1,1,2,1,1,3,2,2,1,1,, -1,1,0,1,4,1,23,1,2,,0,2,4,1,202100026383B01,7,1,1
202100026395,2021-07-30,2021,juillet,vendredi,12:20,67,67416,"49,0301380000","7,9166040000",1,1,3,1,1,3,2,2,2,1,, -1,1,0,1,3,1,56,5,1,2,0,0,8,1,202100026395A01,7,2,1
202100026437,2021-07-27,2021,juillet,mardi,14:00,80,80021,"49,8924200000","2,2997500000",2,1,1,1,1,4,2,1,1,1,, -1,1,0,1,1,1,20,5,1,2,0,2,1,1,202100026437A01,50,1,1
202100026456,2021-07-26,2021,juillet,lundi,15:50,54,54395,"48,6951000000","6,1883700000",2,1,3,1,1,4,1,2,1,1,, -1,1,0,1,4,1,49,0,1,2,0,2,1,1,202100026456B01,7,24,1
202100026471,2021-07-29,2021,juillet,jeudi,16:25,29,29232,"47,9913700000"," -4,0734300000",2,6,3,1,1,4,4,2,1,2,, -1,1,5,1,4,2,33,0,2,,0,2,2,1,202100026471B01,10,9,1
202100026502,2021-07-29,2021,juillet,jeudi,17:05,75,75109,"48,8751200000","2,3267000000",2,1,3,1,1,4,2,4,1,1,, -1,1,0,1,4,2,35,5,1,2,0,2,3,13,202100026502B01,10,1,1
202100026503,2021-07-28,2021,juillet,mercredi,18:15,75,75102,"48,8701510000","2,3504810000",2,3,3,1,1,4,2,5,1,1,, -1,1,0,1,4,2,26,1,2,,0,2,1,1,202100026503B01,7,22,1
202100026522,2021-07-29,2021,juillet,jeudi,17:00,41,41104,"47,5923180000","1,4531350000",2,3,1,1,1,3,2,1,2,1,, -1,1,0,1,3,1,60,5,1,2,0,2,2,15,202100026522B01,7,1,1
202100026533,2021-07-29,2021,juillet,jeudi,22:27,56,56034,"47,5915160000"," -3,0834850000",2,1,6,3,1,3,2,2,1,1,, -1,1,0,1,3,2,38,5,1,9,0,2,4,2,202100026533C01,7,2,1
202100026533,2021-07-29,2021,juillet,jeudi,22:27,56,56034,"47,5915160000"," -3,0834850000",2,1,6,3,1,3,2,2,1,1,, -1,1,0,1,2,1,13,5,1,9,0,2,4,2,202100026533B01,7,2,1
202100026535,2021-07-11,2021,juillet,dimanche,19:40,67,67029,"48,8824410000","7,1498680000",1,6,3,1,1,3,2,2,1,1,, -1,1,0,1,4,1,54,0,1,2,0,2,6,16,202100026535B01,7,9,1
202100026549,2021-07-30,2021,juillet,vendredi,12:50,84,84123,"44,1119760000","5,3931000000",1,1,6,1,1,3,2,2,2,3,, -1,1,0,3,3,1,61,5,2,,13,0,1,0,202100026549A01,,,
202100026550,2021-07-30,2021,juillet,vendredi,16:00,03,03304,"46,1670150000","3,3362280000",1,1,2,1,1,3,2,2,1,1,, -1,1,0,1,3,2,38,5,1,2,0,2,3,1,202100026550A01,14,17,1
202100026579,2021-07-30,2021,juillet,vendredi,10:45,06,06091,"43,7782510000","7,3980780000",2,1,3,1,1,3,2,2,1,3,, -1,1,0,1,3,1,17,5,1,2,0,2,3,1,202100026579B01,31,17,1
202100026588,2021-07-29,2021,juillet,jeudi,17:55,22,22384,"48,2819720000"," -2,8330940000",2,3,1,1,1,4,2,2,2,2,, -1,1,0,1,4,1,16,5,2,,0,2,1,5,202100026588A01,1,16,1
202100026588,2021-07-29,2021,juillet,jeudi,17:55,22,22384,"48,2819720000"," -2,8330940000",2,3,1,1,1,4,2,2,2,2,, -1,1,0,1,3,1,48,1,2,,0,2,1,16,202100026588B01,1,5,1
202100026684,2021-07-28,2021,juillet,mercredi,11:10,75,75112,"48,8292660000","2,3903710000",2,3,3,1,1,4,2,6,1,1,, -1,2,0,1,4,1,59,5,1,2,0,2,1,1,202100026684B01,10,15,1
202100026685,2021-07-28,2021,juillet,mercredi,19:15,75,75111,"48,8533060000","2,3773200000",2,2,3,1,1,4,2,2,1,1,, -1,1,0,1,4,1,37,1,2,,0,2,1,1,202100026685B01,10,22,1
202100026686,2021-07-28,2021,juillet,mercredi,18:15,75,75110,"48,8806670000","2,3520780000",2,7,6,1,1,4,1,1,2,1,, -1,1,0,5,1,1,29,5,2,,0,1,1,1,202100026686A01,,,
202100026723,2021-07-29,2021,juillet,jeudi,16:20,58,58202,"47,0746120000","3,7089800000",1,2,6,1,1,3,2,2,1,1,, -1,1,0,1,3,1,15,5,1,2/9,0,2,8,19,202100026723B01,7,21,1
202100026751,2021-07-29,2021,juillet,jeudi,09:15,34,34027,"43,7214231332","4,0225614369",2,6,3,1,1,7, -1,2,1,1,,4,1,0,1,3,1,64,5,1,2,0,2,1,1,202100026751B01,7,9,1
202100026753,2021-07-28,2021,juillet,mercredi,17:10,38,38474,"45,2049570000","5,6675610000",2,2,3,1,1,4,2,2,1,1,,4,1,5,5,1,1,54,1,1,2/4,0,2,1,1,202100026753B01,1,0,1
202100026753,2021-07-28,2021,juillet,mercredi,17:10,38,38474,"45,2049570000","5,6675610000",2,2,3,1,1,4,2,2,1,1,,4,1,5,5,3,1,67,5,2,,0,2,2,0,202100026753A01,1,1,1
202100026858,2021-07-26,2021,juillet,lundi,20:10,75,75104,"48,8489390000","2,3646160000",2,3,7,1,1,4,1,2,1,1,, -1,1,0,5,4,2,17,5,2,,0,0,1,1,202100026858A01,,,
202100026861,2021-07-23,2021,juillet,vendredi,09:15,94,94080,"48,8491050000","2,4230520000",2,2,1,1,1,3,1,1,1,1,, -1,1,0,5,4,2,37,1,2,,0,2,1,1,202100026861Y01,7,19,1
202100026875,2021-07-27,2021,juillet,mardi,15:40,60,60225,"49,4198483226","2,3615262508",2,3,3,1,2,3,2,2,2,3,, -1,2,0,1,4,1,15,5,2,,0,2,1,26,202100026875B01,14,1,1
202100026903,2021-07-28,2021,juillet,mercredi,12:30,27,27198,"48,8432540000","1,0119220000",2,1,6,1,1,4,2,2,2,1,, -1,6,0,3,2,2,14,5,2,,2,0,1,1,202100026903A01,,,
202100026917,2021-07-27,2021,juillet,mardi,18:45,67,67137,"48,4870240000","7,6971140000",2,1,2,1,1,6, -1, -1,1,1,,4,1,9,8,4,1,4,5,2,,0,2,0,0,202100026917B01,7,4,1
202100026941,2021-03-06,2021,mars,samedi,11:10,73,73085,"45,7918260000","5,8628370000",1,1,2,1,1,3,2,2,2,4,, -1,1,0,1,3,1,30,5,1,2,0,2,1,1,202100026941A01,10,23,1
202100026947,2021-07-26,2021,juillet,lundi,19:50,75,75111,"48,8503940000","2,3925220000",2,2,3,1,8,4,2, -1,1,1,, -1,1,0,1,1,2,28,1,2,,0,2,8,15,202100026947B01,31,17,1
202100026948,2021-07-26,2021,juillet,lundi,15:20,75,75111,"48,8619420000","2,3727700000",2,3,1,1,8,4,1,2,1,1,, -1,2,0,5,4,1,47,1,1,2,0,2,1,15,202100026948A01,1,5,1
202100026976,2021-07-10,2021,juillet,samedi,11:30,88,88505,"48,1750040000","6,8459740000",1,1,7,1,1,4, -1,2,2,1,, -1,1,0,1,2,1,51,5,2,,0,0,0,1,202100026976A01,,,
202100027004,2021-07-27,2021,juillet,mardi,13:30,07,07198,"44,7995050000","4,7239710000",1,1,7,1,1,3,2,2,2,4,, -1,1,0,1,3,1,52,5,2,,16,0,1,1,202100027004A01,,,
202100027014,2021-07-26,2021,juillet,lundi,21:00,11,11145,"43,2311340000","3,2004550000",1,1,2,2,1,3,2,2,1,1,, -1,1,0,1,3,1,39,5,1,2,0,2,4,1,202100027014B01,7,1,1
202100027023,2021-07-27,2021,juillet,mardi,09:40,74,74136,"45,9664540000","6,4238150000",1,1,7,1,1,4,2,2,2,1,, -1,1,0,1,2,1,69,5,1,2,0,0,0,1,202100027023A01,,,
202100027044,2021-03-07,2021,mars,dimanche,11:45,90,90091,"47,6899770000","6,9597530000",1,6,3,1,1,3, -1,1,1,1,, -1,1,5,1,3,2,73,5,1,2,0,2,8,15,202100027044B01,7,16,1
202100027060,2021-07-12,2021,juillet,lundi,00:27,73,73008,"45,6840000000","5,9125900000",2,1,3,5,1,4,2,2,1,1,, -1,1,0,1,4,1,18,5,2,,1,0,1,1,202100027060B01,7,22,1
202100027061,2021-07-25,2021,juillet,dimanche,11:42,65,65331,"43,1995040000","0,0600510000",2,3,1,1,1,4,2,2,1,2,, -1,1,0,1,4,1,45,5,2,,0,2,1,1,202100027061A01,7,9,1
202100027090,2021-07-25,2021,juillet,dimanche,14:00,75,75111,"48,8571940000","2,3728110000",2,2,7,1,2,4,1,2,1,1,, -1,2,0,5,4,1,28,5,2,,0,2,0,9,202100027090B01,7,15,1
202100027091,2021-07-22,2021,juillet,jeudi,12:43,75,75108,"48,8667960000","2,3220820000",2,7,3,1,1,4,2,6,1,1,, -1,1,0,1,4,2,25,9,2,,0,2,1,1,202100027091B01,10,15,1
202100027120,2021-07-20,2021,juillet,mardi,14:00,38,38345,"45,1790950000","5,4963830000",1,1,7,3,2,3,2,2,2,1,, -1,2,1,1,3,1,80,5,1,2/9,0,0,1,1,202100027120A01,,,
202100027124,2021-07-26,2021,juillet,lundi,10:15,54,54130,"48,4684510000","6,4083450000",1,3,3,1,1,3,2,2,2,1,, -1,1,0,1,3,2,76,5,1,2,0,0,1,1,202100027124B01,7,9,1
202100027137,2021-07-24,2021,juillet,samedi,09:15,73,73298,"45,6610760000","6,4332350000",2,1,3,1,1,3,2,2,1,1,, -1,1,0,1,3,1,71,5,1,2,0,2,4,2,202100027137B01,7,2,1
202100027244,2021-07-14,2021,juillet,mercredi,18:45,44,44144,"47,5170280000"," -1,2937460000",2,3,3,1,1,3,2,2,1,1,, -1,1,5,1,4,1,30,5,1,2,0,2,3,6,202100027244B01,7,1,1
202100027249,2021-07-24,2021,juillet,samedi,09:20,83,83148,"43,4034420000","6,3929700000",1,6,6,1,1,3,2,2,1,3,, -1,9,5,3,3,1,45,5,1,2,8,0,0,1,202100027249A01,,,
202100027302,2021-07-23,2021,juillet,vendredi,17:10,22,22143,"48,5987740000"," -2,2867010000",2,1,3,1,1,6, -1,0,1,1,,0,1,0,8,4,1,44,5,1,2,0,2,1,1,202100027302A01,7,1,1
202100027354,2021-07-22,2021,juillet,jeudi,18:35,54,54395,"48,6938500000","6,1918600000",2,2,3,1,1,4,1,3,1,1,, -1,1,0,1,3,1,38,0,2,,0,2,7,19,202100027354A01,7,19,1
202100027381,2021-07-23,2021,juillet,vendredi,22:00,75,75119,"48,8879990000","2,3953550000",2,1,3,5,1,4,3,5,2,1,, -1,1,0,5,4,1,24,9,2,,0,2,1,1,202100027381B01,1,9,1
202100027381,2021-07-23,2021,juillet,vendredi,22:00,75,75119,"48,8879990000","2,3953550000",2,1,3,5,1,4,3,5,2,1,, -1,1,0,5,1,1,31,9,2,,0,2,1,9,202100027381A01,1,1,1
202100027382,2021-07-23,2021,juillet,vendredi,22:42,75,75118,"48,8911910000","2,3516320000",2,2,3,5,1,4,2,2,1,1,, -1,1,0,1,4,1,66,1,1,2/6,0,2,3,1,202100027382B01,7,15,1
202100027387,2021-07-23,2021,juillet,vendredi,20:00,75,75116,"48,8649150000","2,2490970000",2,3,3,1,1,4,2,6,1,1,, -1,1,0,1,4,1,44,5,1,2,0,2,7,1,202100027387A01,7,15,1
202100027389,2021-07-21,2021,juillet,mercredi,20:45,75,75116,"48,8618870000","2,2304200000",2,1,2,1,1,4,2,2,1,3,, -1,1,0,5,4,2,32,5,1,2,0,9,4,17,202100027389A01,1,13,1
202100027416,2021-07-24,2021,juillet,samedi,12:50,56,56204,"47,8931560000"," -2,7528560000",1,1,1,1,2,3,2,2,2,3,, -1,2,0,1,4,1,33,0,2,,0,2,1,1,202100027416B01,7,1,1
202100027431,2021-07-24,2021,juillet,samedi,12:10,29,29003,"48,0239170000"," -4,5590900000",2,1,1,1,8,4,2,2,1,1,,4,2,0,1,4,1,15,5,1,2,0,2,1,1,202100027431B01,7,15,1
202100027439,2021-07-23,2021,juillet,vendredi,20:40,64,64490,"43,2373600000"," -1,3108170000",2,1,1,1,1,3,2,2,2,2,, -1,1,0,1,4,1,12,5,2,,0,2,1,13,202100027439A01,7,1,1
202100027446,2021-07-24,2021,juillet,samedi,12:35,04,04135,"43,8562740000","6,1979680000",1,1,7,1,1,3,2,2,4,3,, -1,1,0,3,4,1,65,5,1,2,0,0,1,1,202100027446A01,,,
202100027488,2021-07-22,2021,juillet,jeudi,12:40,75,75112,"48,8453090000","2,3889560000",2,3,3,1,1,4,2,2,4,1,, -1,1,0,1,4,1,30,1,2,,0,2,2,1,202100027488A01,10,14,1
202100027534,2021-07-22,2021,juillet,jeudi,20:25,47,47323,"44,4044000000","0,6911000000",2,1,3,1,1,3,1,1,1,2,, -1,1,0,1,3,2,23,1,2,,0,2,7,21,202100027534Y01,7,18,1
202100027565,2021-07-22,2021,juillet,jeudi,15:43,75,75119,"48,8833080000","2,3719980000",2,1,3,1,1,4,1,1,1,1,, -1,1,0,5,4,2,37,9,2,,0,2,7,17,202100027565A01,1,13,1
202100027565,2021-07-22,2021,juillet,jeudi,15:43,75,75119,"48,8833080000","2,3719980000",2,1,3,1,1,4,1,1,1,1,, -1,1,0,5,1,1,33,9,2,,0,2,8,13,202100027565B01,1,17,1
202100027566,2021-07-21,2021,juillet,mercredi,21:35,75,75119,"48,8774590000","2,3709890000",2,1,3,2,1,4,1,1,1,1,, -1,1,0,1,4,2,41,1,2,,0,2,0,1,202100027566B01,7,22,1
202100027567,2021-07-22,2021,juillet,jeudi,01:30,75,75119,"48,8923180000","2,3791510000",2,2,3,5,1,4,4,4,1,1,, -1,1,0,1,4,1,33,9,2,,0,2,7,1,202100027567A01,7,15,1
202100027571,2021-07-21,2021,juillet,mercredi,23:15,75,75111,"48,8688960000","2,3804310000",2,2,3,5,1,4,2,2,1,1,, -1,1,0,1,4,1,30,5,2,,0,2,3,1,202100027571B01,10,16,1
202100027573,2021-07-22,2021,juillet,jeudi,14:05,75,75108,"48,8747600000","2,2957700000",2,1,3,1,1,4,2,2,1,1,, -1,1,0,1,4,2,30,5,2,,0,2,7,19,202100027573B01,7,1,1
202100027574,2021-07-22,2021,juillet,jeudi,13:55,75,75102,"48,8700900000","2,3290510000",2,4,3,1,1,4,2,4,1,1,, -1,1,0,6,4,2,47,9,2,,0,2,1,1,202100027574B01,10,22,1
202100027575,2021-07-22,2021,juillet,jeudi,12:00,75,75104,"48,8526520000","2,3521870000",2,2,7,1,1,4, -1,1,1,1,, -1,1,0,1,4,2,20,9,2,,0,0,2,26,202100027575A01,,,
202100027598,2021-07-23,2021,juillet,vendredi,11:30,52,52365,"48,0639920000","4,9468520000",1,2,2,1,1,3,2,2,1,1,, -1,1,0,1,3,2,72,3,1,2,0,2,4,15,202100027598B01,15,2,1
202100027602,2021-07-22,2021,juillet,jeudi,15:30,67,67374,"48,6582370000","7,6509530000",1,3,3,1,1,3,2,2,1,1,, -1,1,0,5,4,1,50,5,1,2,0,2,1,1,202100027602A01,21,15,1
202100027620,2021-07-22,2021,juillet,jeudi,19:45,42,42243,"45,8482150000","3,9964540000",2,1,1,2,7,4,2,2,1,1,,4,1,0,1,4,1,17,5,2,,0,2,1,13,202100027620B01,10,1,1
202100027627,2021-07-22,2021,juillet,jeudi,10:00,02,02191,"49,5278480000","3,5845850000",2,1,7,1,1,3,2,2,1,1,, -1,1,0,1,2,1,66,5,2,,0,0,0,1,202100027627A01,,,
202100027651,2021-07-22,2021,juillet,jeudi,17:50,05,05079,"45,0606240000","6,4114770000",1,1,2,1,1,3,2,2,2,2,, -1,1,0,1,3,1,67,5,1,2,0,2,1,17,202100027651A01,7,0,1
202100027655,2021-07-23,2021,juillet,vendredi,07:20,26,26235,"44,3685170000","4,6941660000",2,6,2,2,1,2,2,3,1,1,, -1,1,5,1,3,1,29,1,1,2,0,0,5,26,202100027655B01,10,9,1
202100027658,2021-06-25,2021,juin,vendredi,18:50,59,59069,"50,2545590000","3,5443780000",1,1,3,1,1,3,2,2,1,1,, -1,1,0,1,4,1,33,5,1,2,0,2,8,1,202100027658A01,7,14,1
202100027758,2021-07-21,2021,juillet,mercredi,15:45,75,75120,"48,8683310000","2,4014260000",2,5,6,1,1,4,2,2,2,1,, -1,1,0,5,3,2,31,9,2,,4,0,1,13,202100027758A01,,,
202100027762,2021-07-12,2021,juillet,lundi,14:10,75,75114,"48,8226260000","2,3351370000",2,3,7,1,2,4,1,1,2,1,, -1,2,0,5,4,1,48,1,2,,0,0,0,21,202100027762A01,,,
202100027765,2021-07-21,2021,juillet,mercredi,14:45,75,75111,"48,8506360000","2,3788240000",2,4,3,1,1,4,2,2,1,1,, -1,1,0,6,4,2,48,9,2,,0,2,0,7,202100027765B01,7,13,1
202100027766,2021-07-20,2021,juillet,mardi,22:34,75,75111,"48,8503860000","2,3925210000",2,5,3,5,1,4,2,4,1,1,, -1,1,0,5,4,1,38,9,1,2,0,2,8,1,202100027766A01,43,1,1
202100027771,2021-07-20,2021,juillet,mardi,20:40,75,75101,"48,8641780000","2,3476330000",2,2,7,2,1,4,2,3,1,1,, -1,1,0,1,4,2,27,9,1,2,0,0,0,1,202100027771A01,,,
202100027803,2021-07-04,2021,juillet,dimanche,14:40,51,51030,"49,0429860000","4,0412870000",1,1,7,1,1,4,2,2,2,1,,"5,5",2,0,5,3,1,59,5,2,,0,0,0,1,202100027803A01,,,
202100027812,2021-07-20,2021,juillet,mardi,18:00,89,89255,"48,3132340000","3,2205180000",1,2,1,1,1,3,2,2,1,1,, -1,1,5,1,4,1,65,5,2,,0,2,9,1,202100027812B01,7,15,1
202100027814,2021-07-09,2021,juillet,vendredi,08:00,61,61044,"48,8473950000"," -0,4893479000",1,1,6,1,8,3,2,2,2,1,, -1,1,0,1,4,1,37,1,1,2,0,6,6,1,202100027814A01,,,
202100027819,2021-07-21,2021,juillet,mercredi,14:55,46,46225,"44,5159780000","1,1896560000",1,1,7,1,1,3,2,2,1,1,, -1,1,0,1,3,2,61,5,1,2,14,0,0,1,202100027819A01,,,
202100027821,2021-07-21,2021,juillet,mercredi,19:15,29,29140,"48,3531620000"," -4,3202230000",1,1,7,1,1,4,2,2,2,1,,4,1,0,1,4,2,61,5,2,,0,0,0,1,202100027821A01,,,
202100027828,2021-07-22,2021,juillet,jeudi,10:05,58,58215,"47,2833410000","2,9562020000",2,1,7,1,1,3,2,2,1,1,, -1,1,0,1,3,2,58,3,2,,0,0,0,0,202100027828B01,15,17,1
202100027901,2021-07-20,2021,juillet,mardi,09:00,71,71270,"46,3083600000","4,8320100000",2,6,3,1,1,3,2,2,1,3,, -1,1,5,5,4,2,53,0,2,,0,2,8,1,202100027901B01,7,16,1
202100027916,2021-07-19,2021,juillet,lundi,18:11,49,49007,"47,4779400000"," -0,5434300000",2,1,3,1,1,4,2,2,1,1,, -1,1,0,1,4,2,19,5,2,,0,2,3,19,202100027916B01,7,19,1
202100027933,2021-07-20,2021,juillet,mardi,10:18,26,26362,"44,9222830000","4,8907130000",2,6,3,1,1,4,2,2,1,1,, -1,1,2,1,2,1,75,3,2,,0,2,7,1,202100027933B01,7,9,1
202100027952,2021-07-20,2021,juillet,mardi,11:45,75,75106,"48,8542900000","2,3431740000",2,3,2,1,1,4,2,4,1,1,, -1,1,0,5,4,1,15,5,1,2,0,2,1,2,202100027952A01,50,23,1
202100027956,2021-07-20,2021,juillet,mardi,21:00,75,75117,"48,8808570000","2,3125450000",2,2,3,1,1,4,2,4,1,1,, -1,1,0,1,3,2,33,5,1,2,0,2,2,13,202100027956A01,37,17,1
202100027966,2021-07-20,2021,juillet,mardi,19:10,75,75110,"48,8777450000","2,3701350000",2,7,4,1,1,4,1,3,1,1,, -1,1,0,1,4,1,38,1,1,2,0,2,4,2,202100027966A01,7,2,2
202100027969,2021-07-20,2021,juillet,mardi,13:00,75,75109,"48,8793700000","2,3314300000",2,1,7,1,1,4,1,1,2,1,, -1,1,0,1,4,2,22,9,1,2,0,0,1,5,202100027969A01,,,
202100027971,2021-07-19,2021,juillet,lundi,20:10,75,75107,"48,8595390000","2,3292910000",2,3,2,1,1,4,1,1,1,1,, -1,1,2,1,4,1,39,9,2,,0,2,4,2,202100027971A01,7,2,1
202100027972,2021-07-20,2021,juillet,mardi,17:30,75,75103,"48,8581530000","2,3644690000",2,2,6,1,1,4,2,2,1,1,, -1,1,0,1,4,2,54,9,1,2,0,1,1,1,202100027972A01,,,
202100027999,2021-07-21,2021,juillet,mercredi,17:40,04,04126,"44,4120030000","6,3469860000",1,1,7,1,1,3,2,2,2,1,, -1,1,0,3,3,1,16,5,2,,0,0,0,1,202100027999A01,,,
202100028001,2021-07-04,2021,juillet,dimanche,10:15,56,56214,"47,5226820000"," -2,8302620000",1,1,5,1,1,4,2,2,1,3,,5,1,0,1,1,1,60,5,1,2,0,2,1,1,202100028001B01,31,1,1
202100028001,2021-07-04,2021,juillet,dimanche,10:15,56,56214,"47,5226820000"," -2,8302620000",1,1,5,1,1,4,2,2,1,3,,5,1,0,1,1,1,66,5,1,2,0,2,1,1,202100028001C01,31,1,1
202100028001,2021-07-04,2021,juillet,dimanche,10:15,56,56214,"47,5226820000"," -2,8302620000",1,1,5,1,1,4,2,2,1,3,,5,1,0,1,3,1,73,5,1,2,0,2,1,1,202100028001D01,31,1,1
202100028001,2021-07-04,2021,juillet,dimanche,10:15,56,56214,"47,5226820000"," -2,8302620000",1,1,5,1,1,4,2,2,1,3,,5,1,0,1,4,1,61,5,1,2,0,2,1,1,202100028001E01,31,1,1
202100028003,2021-07-20,2021,juillet,mardi,21:30,76,76189,"49,8071530000","0,7224150000",2,1,1,2,1,4,2,1,2,2,,3,1,0,1,3,1,15,5,2,,0,2,1,1,202100028003B01,10,1,1
202100028015,2021-07-20,2021,juillet,mardi,07:30,34,34215,"43,6142400000","3,5169500000",2,1,1,2,1,4,2,1,2,2,,3,1,0,1,3,1,72,5,1,2,0,2,1,1,202100028015B01,7,1,1
202100028055,2021-07-21,2021,juillet,mercredi,08:00,73,73290,"45,2936070000","6,9224170000",1,1,3,1,7,3,2,2,2,3,, -1,1,0,1,4,1,46,5,2,,0,2,3,1,202100028055B01,33,17,1
202100028060,2021-07-21,2021,juillet,mercredi,16:45,40,40184,"44,2082960000"," -1,2959790000",2,2,3,1,1,3,2,2,1,1,, -1,1,0,1,3,1,16,5,2,,0,2,2,5,202100028060A01,7,1,1
202100028063,2021-07-20,2021,juillet,mardi,18:45,22,22353,"48,8253160000"," -3,4926330000",2,1,1,1,1,3,2,2,1,1,, -1,1,0,3,3,1,66,5,2,,0,2,1,1,202100028063B01,7,13,1
202100028064,2021-07-21,2021,juillet,mercredi,11:05,27,27114,"48,9622220000","1,4270670000",2,2,1,1,1,3,2,2,1,1,, -1,1,0,1,3,1,72,5,1,2,0,2,8,15,202100028064B01,7,16,1
202100028160,2021-07-19,2021,juillet,lundi,22:25,75,75106,"48,8575170000","2,3381210000",2,1,2,5,1,4,2,3,1,2,, -1,1,0,5,4,1,25,5,2,,0,2,1,17,202100028160A01,1,15,1
202100028160,2021-07-19,2021,juillet,lundi,22:25,75,75106,"48,8575170000","2,3381210000",2,1,2,5,1,4,2,3,1,2,, -1,1,0,5,1,1,32,5,2,,0,2,6,15,202100028160B01,1,17,1
202100028161,2021-07-19,2021,juillet,lundi,12:10,75,75105,"48,8495930000","2,3448730000",2,2,3,1,1,4,1,4,2,1,, -1,1,0,5,4,2,27,5,2,,0,2,1,16,202100028161B01,7,16,1
202100028167,2021-07-18,2021,juillet,dimanche,16:00,75,75115,"48,8493750000","2,2815510000",2,2,3,1,1,4,2,5,1,1,, -1,1,0,1,4,2,50,9,1,2,0,2,8,19,202100028167B01,7,16,1
202100028191,2021-07-20,2021,juillet,mardi,07:30,09,09124,"43,1740740000","1,4244890000",1,1,3,1,7,3,2,2,2,1,, -1,1,0,1,3,1,62,5,1,2/6,0,0,6,2,202100028191B01,10,1,1