Num_Acc,date,an,mois,jour,hrmn,dep,com,lat,long,agg,int,col,lum,atm,catr,circ,nbv,prof,plan,lartpc,larrout,surf,infra,situ,grav,sexe,age,trajet,secuexist,equipement,obs,obsm,choc,manv,vehiculeid,typevehicules,manoeuvehicules,numVehicules
202100028215,2021-07-19,2021,juillet,lundi,12:45,01,01334,"46,2208207689","4,9234011769",1,2,3,1,1,3,2,2,2,1,, -1,1,0,1,3,1,71,5,1,2,0,2,4,19,202100028215B01,7,1,1
202100028225,2021-07-20,2021,juillet,mardi,10:15,24,24392,"44,9568420000","1,2732980000",2,3,3,1,1,3,2,2,1,1,,3,1,0,1,3,2,57,5,1,2,0,2,1,1,202100028225B01,7,15,1
202100028238,2021-07-18,2021,juillet,dimanche,10:20,13,13032,"43,5419540000","5,3683560000",1,6,2,1,1,7,2,2,1,2,,7,1,0,1,4,1,42,5,1,2,0,2,4,1,202100028238B01,7,1,1
202100028266,2021-03-26,2021,mars,vendredi,10:10,74,74236,"45,8947175751","6,6981625557",1,3,3,1,1,3,2,2,2,1,, -1,1,0,1,3,2,48,5,1,2/9,0,0,8,1,202100028266B01,7,15,1
202100028279,2021-07-17,2021,juillet,samedi,19:13,95,95323,"49,0108500000","2,0461800000",2,1,3,1,7,4,2,2,2,1,, -1,1,0,1,3,1,3,5,1,2,0,2,8,1,202100028279B01,7,26,1
202100028313,2021-07-18,2021,juillet,dimanche,00:04,75,75105,"48,8493930000","2,3568070000",2,2,3,5,1,4,2,5,1,1,, -1,1,0,1,4,1,31,5,1,2,0,2,1,19,202100028313A01,34,16,1
202100028322,2021-07-18,2021,juillet,dimanche,01:10,75,75105,"48,8468550000","2,3609670000",2,3,1,5,1,4,2,4,1,1,, -1,1,0,6,4,1,20,5,1,2,0,2,1,5,202100028322A01,7,1,1
202100028351,2021-07-14,2021,juillet,mercredi,11:00,06,06025,"43,8304250000","7,1774730000",1,1,2,1,1,7,2,2,1,1,, -1,1,0,1,3,1,65,5,1,2,0,2,4,13,202100028351B01,7,17,1
202100028373,2021-07-19,2021,juillet,lundi,15:15,12,12248,"43,8808510000","2,6015870000",2,1,6,1,1,3,2,2,4,3,, -1,1,2,1,3,1,40,0,2,,12,0,7,13,202100028373A01,,,
202100028374,2021-07-17,2021,juillet,samedi,06:05,42,42323,"45,5612020000","4,2771580000",2,1,3,2,8,3,2,2,1,1,, -1,1,0,1,3,1,13,3,2,,0,0,6,15,202100028374B01,10,13,1
202100028389,2021-07-19,2021,juillet,lundi,19:10,45,45160,"48,1822840000","2,1116170000",2,2,3,1,1,3,2,2,1,1,,4,1,0,1,4,1,13,5,2,,0,0,2,19,202100028389A01,17,1,1
202100028394,2021-07-18,2021,juillet,dimanche,09:45,28,28116,"48,4485570000","1,2515290000",2,3,3,1,1,3,2,2,1,1,, -1,1,0,1,3,1,56,5,1,2,0,2,1,1,202100028394B01,7,9,1
202100028415,2021-07-18,2021,juillet,dimanche,12:30,67,67052,"48,4485040000","7,3151560000",1,1,1,1,1,3,2,2,2,4,, -1,1,0,1,3,1,50,5,1,2/9,0,2,1,0,202100028415A01,7,1,1
202100028419,2021-07-15,2021,juillet,jeudi,12:15,65,65173,"42,8764830000","0,0085780000",1,1,5,1,1,3,2,2,2,1,, -1,1,0,1,3,1,47,5,1,2,0,2,1,1,202100028419C01,1,1/19,2
202100028419,2021-07-15,2021,juillet,jeudi,12:15,65,65173,"42,8764830000","0,0085780000",1,1,5,1,1,3,2,2,2,1,, -1,1,0,1,4,1,47,5,1,2,0,2,1,1,202100028419B01,1,1/19,2
202100028419,2021-07-15,2021,juillet,jeudi,12:15,65,65173,"42,8764830000","0,0085780000",1,1,5,1,1,3,2,2,2,1,, -1,1,0,1,4,1,38,5,1,2,0,2,0,19,202100028419A01,1,1,2
202100028421,2021-07-18,2021,juillet,dimanche,18:37,49,49301,"47,0382560000"," -1,1195330000",2,3,3,1,1,3,2,2,2,1,,5,1,0,1,3,1,5,5,1,2,0,2,0,0,202100028421A01,7,1,1
202100028423,2021-07-19,2021,juillet,lundi,08:45,22,22306,"48,3637160000"," -1,9704370000",1,2,3,1,1,3,2,2,1,1,,"3,5",1,0,1,3,2,64,0,2,,0,2,3,9,202100028423A01,7,1,1
202100028497,2021-07-16,2021,juillet,vendredi,23:30,75,75116,"48,8365380000","2,2559820000",2,2,3,5,1,4,1,3,1,1,, -1,1,0,1,4,1,35,9,2,,0,2,1,15,202100028497A01,7,1,1
202100028537,2021-07-18,2021,juillet,dimanche,09:40,35,35227,"48,1759740000"," -1,9259330000",1,6,2,1,1,3,1,1,3,1,, -1,1,5,1,3,1,36,5,1,2,0,2,4,1,202100028537B01,7,1,1
202100028539,2021-07-18,2021,juillet,dimanche,12:10,84,84017,"44,1201950000","5,2333660000",1,1,1,1,1,3,2,2,2,2,, -1,1,0,1,3,1,24,5,1,2,0,2,1,13,202100028539A01,7,1,1
202100028554,2021-07-18,2021,juillet,dimanche,20:06,27,27313,"49,2301110000","0,9933420000",2,2,3,1,1,4,2,2,1,1,, -1,1,0,1,4,1,55,5,2,,0,2,8,1,202100028554B01,7,1,1
202100028557,2021-07-12,2021,juillet,lundi,18:20,67,67471,"48,6323130000","7,7485160000",2,2,3,1,1,4,2,2,1,1,,4,1,0,5,3,1,69,5,2,,0,2,2,1,202100028557B01,7,1,1
202100028571,2021-07-18,2021,juillet,dimanche,15:45,38,38548,"45,0684710000","5,5350490000",1,1,1,1,1,3,2,2,2,3,, -1,1,0,1,3,1,9,5,1,2,0,2,1,1,202100028571A01,7,1,1
202100028576,2021-07-17,2021,juillet,samedi,19:10,33,33366,"45,0012620000"," -0,4299450000",2,9,3,1,1,3,2,2,1,1,, -1,1,0,1,3,2,7,5,2,,0,2,8,26,202100028576B01,7,1,1
202100028598,2021-07-16,2021,juillet,vendredi,04:20,75,75112,"48,8215162124","2,4620640278",1,1,3,3,2,1,3,4,1,2,, -1,2,0,1,4,1,28,5,1,2,0,2,1,5,202100028598A01,10,1,1
202100028659,2021-07-12,2021,juillet,lundi,10:30,26,26198,"44,5457600000","4,7555500000",2,6,2,1,1,4,1,1,1,4,, -1,1,0,1,3,1,73,5,1,2,0,2,5,1,202100028659B01,7,9,1
202100028677,2021-07-16,2021,juillet,vendredi,14:50,75,75106,"48,8452460000","2,3252120000",2,1,3,1,1,4, -1,2,1,1,, -1,1,0,5,4,1,26,5,2,,0,2,3,1,202100028677B01,7,15,1
202100028681,2021-07-16,2021,juillet,vendredi,13:50,75,75117,"48,8829270000","2,2963830000",2,2,3,1,1,4, -1,0,1,1,, -1,1,0,1,4,1,27,4,1,2,0,2,1,1,202100028681A01,10,22,1
202100028683,2021-07-16,2021,juillet,vendredi,19:55,75,75115,"48,8426200000","2,3027050000",2,2,5,1,1,4,2,3,1,1,, -1,1,0,1,4,1,25,5,2,,0,2,4,9,202100028683B01,7,1,2
202100028691,2021-07-16,2021,juillet,vendredi,18:00,75,75108,"48,8660060000","2,3191690000",2,4,2,1,1,4,2,8,1,1,, -1,1,0,1,4,2,25,9,2,,0,2,5,2,202100028691A01,7,23,1
202100028740,2021-07-17,2021,juillet,samedi,09:15,18,18025,"47,1030020000","3,0091170000",1,9,3,1,1,3,2,2,1,1,, -1,1,0,1,3,1,69,5,1,2,0,2,6,2,202100028740B01,7,17,1
202100028745,2021-07-17,2021,juillet,samedi,11:45,85,85288,"46,4640160000"," -1,6908340000",2,1,5,1,1,4,2,2,1,1,,4,1,0,1,1,1,52,5,1,2,0,9,9,2,202100028745A01,1,2,2
202100028745,2021-07-17,2021,juillet,samedi,11:45,85,85288,"46,4640160000"," -1,6908340000",2,1,5,1,1,4,2,2,1,1,,4,1,0,1,4,1,53,5,1,2,0,9,8,2,202100028745B01,1,2,2
202100028745,2021-07-17,2021,juillet,samedi,11:45,85,85288,"46,4640160000"," -1,6908340000",2,1,5,1,1,4,2,2,1,1,,4,1,0,1,3,1,55,5,1,2,0,9,7,2,202100028745C01,1,2,2
202100028762,2021-07-17,2021,juillet,samedi,12:20,91,91330,"48,5270570000","2,2930460000",2,6,1,1,1,3,2,2,1,1,, -1,1,5,8,2,1,82,5,2,,0,0,1,16,202100028762B01,7,0,1
202100028770,2021-07-16,2021,juillet,vendredi,13:15,17,17228,"45,6245580000"," -0,9654020000",2,2,3,1,1,3,2,2,2,1,,4,1,0,1,3,1,62,5,1,2,0,0,8,1,202100028770A01,7,1,1
202100028773,2021-07-16,2021,juillet,vendredi,17:32,50,50616,"48,6637430000"," -1,3536890000",1,1,2,1,1,3,1,2,4,1,, -1,1,0,1,2,1,67,5,2,,0,2,6,2,202100028773B01,7,2,1
202100028851,2021-07-14,2021,juillet,mercredi,22:04,75,75111,"48,8535600000","2,3927130000",2,2,3,5,1,4,2,2,2,1,, -1,1,5,1,3,1,32,9,2,,0,2,3,19,202100028851B01,33,1,1
202100028856,2021-07-15,2021,juillet,jeudi,16:00,75,75115,"48,8339440000","2,2853610000",2,3,3,1,1,4,3,3,2,1,, -1,1,0,5,4,2,53,1,1,2,0,2,8,1,202100028856B01,7,16,1
202100028861,2021-07-15,2021,juillet,jeudi,01:30,75,75111,"48,8651310000","2,3752650000",2,2,1,5,1,4,1,1,1,1,, -1,1,0,1,4,1,21,9,1,2,0,2,1,5,202100028861A01,30,1,1
202100028863,2021-07-15,2021,juillet,jeudi,02:10,75,75103,"48,8637210000","2,3611020000",2,2,3,5,1,4,1,2,1,1,, -1,1,0,1,4,1,20,9,1,2,0,2,2,1,202100028863A01,7,1,1
202100028915,2021-07-15,2021,juillet,jeudi,10:52,38,38350,"45,2420650000","5,9092070000",1,1,1,1,2,3,2,2,2,1,, -1,2,0,1,3,2,15,5,1,2,0,2,1,5,202100028915B01,7,1,1
202100028929,2021-07-06,2021,juillet,mardi,13:20,78,78380,"48,9077030000","1,8497960000",2,1,1,1,1,3,2,2,2,1,, -1,1,0,1,3,1,34,9,2,,0,2,1,13,202100028929A01,7,1,1
202100028931,2021-07-10,2021,juillet,samedi,19:30,84,84049,"44,1637700000","4,9744140000",1,1,3,1,1,3,2,2,2,1,, -1,1,0,1,3,1,26,5,1,2,0,2,7,15,202100028931A01,7,1,1
202100028974,2021-07-14,2021,juillet,mercredi,19:42,14,14118,"49,1852900000"," -0,3450500000",2,2,3,1,1,4,2,2,4,1,, -1,1,0,1,4,1,32,5,2,,0,0,0,0,202100028974B01,7,1,1
202100028985,2021-07-14,2021,juillet,mercredi,17:25,75,75118,"48,8907060000","2,3455180000",2,4,3,1,1,4,1,1,1,1,, -1,1,0,1,4,2,29,9,2,,0,2,1,1,202100028985B01,7,22,1
202100028990,2021-07-14,2021,juillet,mercredi,18:10,75,75109,"48,8758170000","2,3437160000",2,2,1,1,1,4,2,1,1,1,, -1,1,0,5,4,1,56,9,2,,0,2,1,1,202100028990B01,1,15,1
202100028990,2021-07-14,2021,juillet,mercredi,18:10,75,75109,"48,8758170000","2,3437160000",2,2,1,1,1,4,2,1,1,1,, -1,1,0,5,1,1,21,5,2,,0,2,1,15,202100028990A01,1,1,1
202100029009,2021-07-14,2021,juillet,mercredi,23:00,58,58086,"47,4324420000","2,9333280000",2,1,2,3,1,3,2,2,1,1,, -1,1,0,1,4,1,52,5,2,,0,2,4,0,202100029009A01,0,0,1
202100029014,2021-07-15,2021,juillet,jeudi,11:30,56,56239,"47,6842060000"," -2,1379830000",1,3,3,1,1,3,2,2,1,3,, -1,1,5,1,4,1,45,5,1,2,0,2,1,1,202100029014B01,10,15,1
202100029023,2021-07-14,2021,juillet,mercredi,10:45,61,61179,"48,7247180000"," -0,2610110000",1,1,2,1,1,3,2,2,1,1,, -1,1,0,1,2,1,73,5,1,2,0,2,9,2,202100029023B01,7,2,1
202100029024,2021-07-14,2021,juillet,mercredi,21:20,68,68082,"47,8602970000","7,3437700000",2,1,7,5,3,3,2,2,1,1,, -1,3,0,1,4,1,18,5,2,,0,0,9,1,202100029024A01,,,
202100029025,2021-07-14,2021,juillet,mercredi,16:29,44,44069,"47,3700110000"," -2,3843120000",2,1,1,1,1,3,2,2,1,3,, -1,1,0,1,3,1,49,5,1,2,0,2,1,2,202100029025A01,21,1,1
202100029026,2021-07-14,2021,juillet,mercredi,21:30,29,29030,"48,6844855527"," -4,0965834260",1,2,3,1,1,4,2,1,1,1,,3,1,0,1,3,1,51,5,2,,0,2,1,16,202100029026B01,10,1,1
202100029028,2021-07-11,2021,juillet,dimanche,01:45,29,29197,"48,0240550000"," -4,5340790000",2,1,2,4,1,4,2,2,1,1,, -1,1,0,1,4,2,15,5,2,,0,2,4,2,202100029028B01,7,2,1
202100029038,2021-07-15,2021,juillet,jeudi,19:30,17,17323,"46,0348110000"," -1,3748360000",2,2,3,1,1,4,1,1,1,1,, -1,1,0,1,4,1,23,0,1,2,0,2,8,1,202100029038A01,7,19,1
202100029069,2021-01-29,2021,janvier,vendredi,10:28,06,06029,"43,5515990000","6,9761610000",2,1,7,1,1,4,1, -1,1,1,, -1,1,0,1,2,1,86,5,2,, -1,0,0,1,202100029069A01,,,
202100029081,2021-07-03,2021,juillet,samedi,10:10,88,88415,"48,0487600000","6,5975300000",1,1,3,1,1,3,2,2,1,1,, -1,1,0,1,4,2,52,0,1,2,0,2,2,1,202100029081B01,7,9,1
202100029112,2021-07-08,2021,juillet,jeudi,19:15,63,63113,"45,7818800000","3,0951100000",2,1,5,1,1,4,1,2,2,1,, -1,1, -1,4,4,1,31,0,2,,0,9,1,1,202100029112B01,1,1,2
202100029112,2021-07-08,2021,juillet,jeudi,19:15,63,63113,"45,7818800000","3,0951100000",2,1,5,1,1,4,1,2,2,1,, -1,1, -1,4,4,1,29,5,2,,0,9,1,1,202100029112A01,1,1,2
202100029161,2021-07-13,2021,juillet,mardi,17:35,75,75111,"48,8482450000","2,3975120000",2,7,6,1,3,4,3,3,1,1,, -1,2,0,5,1,1,22,9,1,2,0,1,1,1,202100029161A01,,,
202100029298,2021-07-12,2021,juillet,lundi,10:10,49,49007,"47,4833100000"," -0,5275600000",2,1,3,1,8,4,2,2,1,1,, -1,2,0,1,4,2,88,5,2,,0,2,0,0,202100029298B01,7,9,1
202100029328,2021-07-12,2021,juillet,lundi,19:50,75,75108,"48,8720670000","2,3004840000",2,3,3,1,2,4,2,7,1,1,, -1,2,0,1,1,1,16,5,2,,0,2,7,1,202100029328A01,2,5,1
202100029328,2021-07-12,2021,juillet,lundi,19:50,75,75108,"48,8720670000","2,3004840000",2,3,3,1,2,4,2,7,1,1,, -1,2,0,1,4,1,15,9,2,,0,2,7,1,202100029328A01,2,5,1
202100029333,2021-07-12,2021,juillet,lundi,15:20,75,75103,"48,8673310000","2,3633460000",2,7,7,1,1,4,2,7,1,1,, -1,2,0,1,4,1,57,9,2,,0,0,8,21,202100029333A01,,,
202100029334,2021-07-12,2021,juillet,lundi,13:40,75,75104,"48,8552090000","2,3611280000",2,3,6,1,1,4,2,3,1,1,, -1,1,0,5,4,1,71,5,2,,12,0,1,11,202100029334A01,,,
202100029335,2021-07-11,2021,juillet,dimanche,14:00,75,75101,"48,8605500000","2,3493520000",2,2,3,1,1,4,2,5,1,1,, -1,1,0,5,4,2,30,5,2,,0,2,2,17,202100029335A01,50,15,1
202100029366,2021-07-11,2021,juillet,dimanche,10:45,89,89286,"47,7565580000","3,3424620000",1,1,2,1,1,3,2,2,1,3,, -1,1,0,1,3,1,74,5,2,,0,0,4,2,202100029366B01,7,2,1
202100029440,2021-07-11,2021,juillet,dimanche,16:20,75,75114,"48,8288010000","2,3277070000",2,4,6,1,1,4,2,5,1,1,, -1,1,0,5,1,1,29,5,1,2,0,1,1,1,202100029440A01,,,
202100029446,2021-07-11,2021,juillet,dimanche,02:40,75,75108,"48,8640870000","2,3201120000",2,7,3,5,1,4,2,8,1,1,, -1,1,0,1,4,1,29,9,1,2,0,2,0,1,202100029446B01,7,1,1
202100029481,2021-07-09,2021,juillet,vendredi,14:25,49,49050,"47,3258070000"," -0,3942200000",1,2,3,1,8,3,2,2,1,1,, -1,1,0,1,4,1,17,5,2,,0,2,4,19,202100029481B01,33,0,1
202100029497,2021-07-11,2021,juillet,dimanche,12:15,38,38561,"45,3110730000","5,2121380000",2,1,6,1,1,3,2,1,2,1,,"3,5",1,0,1,3,2,22,0,2,,0,0,0,0,202100029497A01,,,
202100029507,2021-07-12,2021,juillet,lundi,11:50,73,73312,"45,6633470000","6,3111260000",1,2,1,1,1,3,2,2,2,3,, -1,1,0,1,3,1,64,5,1,2,0,2,2,15,202100029507A01,31,1,1
202100029535,2021-06-29,2021,juin,mardi,18:40,38,38478,"45,0536210000","5,8015320000",1,1,3,1,1,7,3,4,1,1,, -1,1,0,1,3,1,62,0,1,2/6,0,2,8,2,202100029535B01,7,1,1
202100029538,2021-07-11,2021,juillet,dimanche,20:00,72,72154,"47,7149240000"," -0,0598450000",2,9,2,1,1,4,2,2,1,1,,5,1,0,1,3,1,11,5,2,,6,2,4,0,202100029538B01,7,2,1
202100029615,2021-07-09,2021,juillet,vendredi,11:55,75,75120,"48,8660430000","2,3840200000",2,3,3,1,1,4,3,2,1,1,, -1,1,0,5,3,2,40,9,1,2,0,2,8,1,202100029615B01,10,16,1
202100029625,2021-07-10,2021,juillet,samedi,17:20,75,75101,"48,8643820000","2,3301240000",2,3,7,1,1,4,2,4,1,1,, -1,1,0,5,4,2,64,3,1,2,14,0,0,16,202100029625A01,,,
202100029646,2021-07-11,2021,juillet,dimanche,11:00,68,68178,"47,9375360000","7,0981440000",1,1,5,1,1,3,2,2,2,3,, -1,2,0,1,4,1,27,5,1,2,0,0,8,1,202100029646C01,33,1,1
202100029646,2021-07-11,2021,juillet,dimanche,11:00,68,68178,"47,9375360000","7,0981440000",1,1,5,1,1,3,2,2,2,3,, -1,2,0,1,4,1,28,5,1,2,0,0,8,1,202100029646B01,33,1,1
202100029672,2021-07-10,2021,juillet,samedi,18:11,29,29199,"48,5696570000"," -3,7050800000",2,1,6,1,1,4,2,2,1,1,, -1,1,0,4,1,1,22,5,1,2,0,1,1,1,202100029672A01,,,
202100029681,2021-07-11,2021,juillet,dimanche,11:35,14,14335,"49,1886810000"," -0,0781860000",1,1,7,1,1,3, -1,2,1,2,, -1,1,0,1,4,1,30,5,1,2,0,0,7,21,202100029681A01,7,11,1
202100029691,2021-07-11,2021,juillet,dimanche,08:30,76,76660,"49,4526208982","0,2713590860",1,1,3,1,1,2,3,4,2,1,, -1,1,2,5,4,1,68,5,1,2/4,0,2,3,2,202100029691B01,7,2,1
202100029694,2021-07-10,2021,juillet,samedi,11:15,38,38534,"44,9846000000","6,1290600000",1,1,2,1,1,3,2,2,2,4,, -1,1,0,1,2,1,56,5,1,2/6,0,9,0,13,202100029694B01,33,21,1
202100029791,2021-06-01,2021,juin,mardi,09:40,36,36202,"46,7790000000","1,6749300000",1,1,2,1,1,4,2,2,1,1,, -1,1,0,1,3,1,55,5,1,2,0,2,3,2,202100029791B01,7,20,1
202100029818,2021-07-08,2021,juillet,jeudi,23:23,75,75106,"48,8578620000","2,3362310000",2,3,2,5,1,4,2,5,1,1,, -1,1,0,5,4,1,29,5,2,,0,2,1,2,202100029818A01,1,2,1
202100029818,2021-07-08,2021,juillet,jeudi,23:23,75,75106,"48,8578620000","2,3362310000",2,3,2,5,1,4,2,5,1,1,, -1,1,0,5,4,2,30,9,2,,0,2,4,2,202100029818B01,1,2,1
202100029823,2021-07-08,2021,juillet,jeudi,08:50,75,75115,"48,8367460000","2,2995550000",2,2,3,1,1,4,1,1,1,1,, -1,1,0,1,4,2,29,1,1,2,0,2,1,1,202100029823A01,7,1,1
202100029825,2021-07-09,2021,juillet,vendredi,02:15,75,75113,"48,8264620000","2,3417750000",2,5,3,5,1,4,2,4,2,1,, -1,1,0,1,4,1,36,5,1,2,0,2,1,1,202100029825A01,33,1,1
202100029832,2021-07-09,2021,juillet,vendredi,00:45,75,75101,"48,8618060000","2,3272050000",2,1,1,5,1,4,1,3,1,1,, -1,1,0,1,4,1,32,9,1,2,0,2,1,5,202100029832A01,7,1,1
202100029833,2021-07-09,2021,juillet,vendredi,17:55,75,75107,"48,8527020000","2,3095650000",2,2,6,1,1,4,2,2,1,1,, -1,1,0,1,4,2,25,9,1,2,0,1,1,1,202100029833A01,,,
202100029834,2021-07-09,2021,juillet,vendredi,14:05,75,75107,"48,8593590000","2,3057730000",2,1,3,1,1,4,1,1,1,1,, -1,1,0,1,4,2,27,9,1,2,0,2,1,1,202100029834B01,7,22,1
202100029835,2021-07-09,2021,juillet,vendredi,16:30,75,75108,"48,8641030000","2,3201100000",2,7,6,1,1,4,3,4,1,1,, -1,1,0,1,4,1,48,9,1,2,14,0,2,14,202100029835A01,,,
202100029914,2021-07-09,2021,juillet,vendredi,07:00,69,69296,"45,6424200000","4,8268300000",1,6,2,1,7,7,1,1,1,3,, -1,1,0,1,3,1,47,1,1,2/9,0,2,4,1,202100029914B01,7,1,1
202100029920,2021-07-09,2021,juillet,vendredi,12:45,60,60402,"49,3562909381","2,7583375013",2,2,3,1,1,3,2,2,1,1,, -1,1,0,1,3,1,66,5,1,2,0,2,2,1,202100029920B01,7,9,1
202100029970,2021-07-07,2021,juillet,mercredi,23:08,63,63113,"45,7648941468","3,1238318793",2,1,2,5,1,7,2,3,1,1,, -1,1,0,1,4,1,42,0,1,2,0,2,7,1,202100029970B01,7,26,1
202100030007,2021-07-08,2021,juillet,jeudi,00:20,75,75106,"48,8486990000","2,3328020000",2,2,3,5,1,4,2,2,1,1,, -1,1,0,1,4,1,30,9,1,2,0,2,1,18,202100030007A01,7,22,1
202100030008,2021-07-08,2021,juillet,jeudi,11:40,75,75120,"48,8558730000","2,4103070000",2,2,1,1,1,4,2,2,2,1,, -1,1,0,5,4,1,23,5,1,2,0,2,1,13,202100030008A01,50,1,1
202100030009,2021-07-07,2021,juillet,mercredi,13:40,75,75118,"48,8908850000","2,3532540000",2,3,3,1,1,4,2,2,1,1,, -1,1,0,1,4,1,26,1,1,2,0,2,2,1,202100030009B01,7,22,1
202100030015,2021-07-07,2021,juillet,mercredi,12:05,75,75114,"48,8233140000","2,3243840000",2,3,3,1,1,4,3,3,1,1,, -1,1,0,1,4,1,65,5,1,2,0,2,3,1,202100030015B01,10,12,1
202100030016,2021-07-08,2021,juillet,jeudi,18:55,75,75113,"48,8217770000","2,3786840000",2,1,3,1,1,4,2,4,1,1,, -1,1,0,1,4,1,47,1,2,,0,2,2,1,202100030016B01,10,22,1
202100030017,2021-07-08,2021,juillet,jeudi,15:40,75,75112,"48,8515960000","2,3748410000",2,3,3,1,1,4,2,2,1,1,, -1,1,0,5,4,2,30,1,1,2,0,2,1,1,202100030017B01,7,16,1
202100030018,2021-07-08,2021,juillet,jeudi,10:45,75,75111,"48,8597580000","2,3768420000",2,2,3,1,1,4,2, -1,1,1,, -1,1,0,5,4,1,30,9,2,,0,2,8,1,202100030018B01,10,16,1
202100030019,2021-07-08,2021,juillet,jeudi,07:35,75,75111,"48,8587800000","2,3737850000",2,3,3,1,1,4,1, -1,2,1,, -1,1,0,1,4,2,36,1,2,,0,2,1,1,202100030019B01,10,22,1
202100030020,2021-07-07,2021,juillet,mercredi,22:15,75,75111,"48,8661910000","2,3696750000",2,2,3,5,1,4,3,2,1,1,, -1,1,0,1,4,2,28,9,1,2,0,2,8,19,202100030020A01,7,1,1
202100030021,2021-07-08,2021,juillet,jeudi,16:20,75,75110,"48,8748570000","2,3572880000",2,5,3,1,1,4,3,2,2,1,, -1,1,5,5,4,1,25,9,1,2,0,2,1,1,202100030021B01,7,16,1
202100030024,2021-07-08,2021,juillet,jeudi,15:15,75,75108,"48,8690320000","2,3147600000",2,2,3,1,1,4,2,2,1,1,, -1,1,0,1,4,1,31,9,2,,0,2,3,1,202100030024A01,7,15,1
202100030029,2021-07-08,2021,juillet,jeudi,20:20,75,75101,"48,8612210000","2,3497270000",2,3,3,1,1,4,2,4,1,1,, -1,1,0,5,4,2,38,5,2,,0,2,7,15,202100030029A01,50,1,1
202100030056,2021-07-08,2021,juillet,jeudi,10:20,83,83072,"43,4757190000","6,3750690000",1,1,5,1,1,3,2,2,1,1,,7,1,0,1,2,1,64,5,1,2,0,2,8,1,202100030056C01,7,13,1
202100030056,2021-07-08,2021,juillet,jeudi,10:20,83,83072,"43,4757190000","6,3750690000",1,1,5,1,1,3,2,2,1,1,,7,1,0,1,2,1,66,5,1,2,0,2,8,1,202100030056B01,7,13,1
202100030062,2021-07-08,2021,juillet,jeudi,12:00,28,28104,"48,4849510000","1,5913920000",2,1,6,1,1,3,2,2,1,1,, -1,1,0,1,4,1,61,5,1,2,0,5,1,0,202100030062A01,,,
202100030065,2021-07-08,2021,juillet,jeudi,15:30,35,35024,"48,1598940000"," -1,6250860000",1,1,3,1,1,3,2,2,1,1,, -1,1,0,1,3,1,66,5,1,2,0,2,8,1,202100030065B01,10,17,1
202100030069,2021-07-09,2021,juillet,vendredi,14:00,80,80186,"49,8123460000","2,8232720000",1,1,7,1,1,3,2,2,2,1,, -1,1,0,1,3,1,56,0,2,,0,0,0,1,202100030069A01,,,
202100030078,2021-07-08,2021,juillet,jeudi,19:45,31,31358,"43,7169790000","1,6093030000",1,1,2,1,1,3,2,2,1,1,, -1,1,0,1,3,1,43,5,1,2,0,2,4,1,202100030078B01,7,17,1
202100030079,2021-07-08,2021,juillet,jeudi,09:25,84,84017,"44,1354150000","5,1666310000",1,1,6,1,1,3,2,2,2,2,, -1,1,0,1,4,1,51,5,2,,0,2,3,1,202100030079B01,7,1,1
202100030079,2021-07-08,2021,juillet,jeudi,09:25,84,84017,"44,1354150000","5,1666310000",1,1,6,1,1,3,2,2,2,2,, -1,1,0,1,4,1,26,5,2,,0,9,1,1,202100030079C01,7,1,1
202100030087,2021-07-07,2021,juillet,mercredi,12:00,07,07204,"45,0169250000","4,4027920000",2,3,1,1,8,3,2,2,2,2,, -1,1,5,1,3,2,58,5,1,2,0,2,1,0,202100030087B01,7,15,1
202100030090,2021-07-08,2021,juillet,jeudi,09:10,04,04006,"44,2911220000","6,5693870000",2,1,3,1,1,3,2,2,1,2,, -1,1,0,1,3,1,64,5,1,2,0,0,8,1,202100030090B01,10,15,1
202100030103,2021-06-27,2021,juin,dimanche,11:15,28,28279,"48,6351420000","1,5026920000",1,6,3,1,3,3, -1,1,1,2,, -1,2,9,1,3,1,82,5,1,2,0,2,7,12,202100030103A01,7,0,1
202100030149,2021-07-07,2021,juillet,mercredi,10:45,69,69386,"45,7718900000","4,8487400000",2,1,3,1,1,4,1,1,1,1,, -1,1,0,1,4,2,31,5,2,,0,2,8,1,202100030149B01,3,1,1
202100030157,2021-07-05,2021,juillet,lundi,16:50,80,80021,"49,8986400000","2,3119800000",2,1,3,1,1,4,2,2,4,1,, -1,1,0,1,4,1,43,0,1,2,0,2,1,1,202100030157B01,7,16,1