Num_Acc,date,an,mois,jour,hrmn,dep,com,lat,long,agg,int,col,lum,atm,catr,circ,nbv,prof,plan,lartpc,larrout,surf,infra,situ,grav,sexe,age,trajet,secuexist,equipement,obs,obsm,choc,manv,vehiculeid,typevehicules,manoeuvehicules,numVehicules
202100030230,2021-07-06,2021,juillet,mardi,16:44,75,75113,"48,8343640000","2,3535560000",2,3,6,1,1,4,1,4,2,1,, -1,1,0,1,4,1,25,5,2,,0,1,1,5,202100030230A01,,,
202100030233,2021-07-07,2021,juillet,mercredi,20:35,75,75111,"48,8669650000","2,3683800000",2,1,3,2,1,4,3,2,1,1,, -1,1,0,1,4,1,20,5,1,2,0,2,1,1,202100030233A01,7,9,1
202100030234,2021-07-07,2021,juillet,mercredi,10:00,75,75111,"48,8567900000","2,3810230000",2,1,3,1,1,4,2,2,1,1,, -1,1,0,5,4,2,69,5,1,2,0,2,1,13,202100030234B01,10,22,1
202100030235,2021-07-07,2021,juillet,mercredi,19:15,75,75109,"48,8787610000","2,3453200000",2,2,2,1,1,4,2,2,1,1,, -1,1,0,1,4,2,33,9,1,2,0,2,4,23,202100030235B01,7,2,1
202100030239,2021-07-07,2021,juillet,mercredi,19:45,75,75104,"48,8583640000","2,3519370000",2,2,7,1,1,4,1,3,1,1,, -1,1,0,6,4,1,39,1,1,2,0,0,7,7,202100030239A01,,,
202100030240,2021-07-06,2021,juillet,mardi,15:00,75,75102,"48,8701180000","2,3290780000",2,3,3,1,1,4,2,0,1,1,, -1,1,0,6,4,1,37,9,2,,0,2,2,7,202100030240B01,10,22,1
202100030259,2021-07-07,2021,juillet,mercredi,19:50,974,97422," -21,2658670000","55,5247680000",2,1,1,5,1,2,2,2,2,1,, -1,1,0,1,3,1,47,0,2,,0,2,1,1,202100030259B01,7,13,1
202100030300,2021-07-07,2021,juillet,mercredi,17:15,55,55517,"48,9778790000","5,0592360000",2,1,3,1,7,3,2,2,1,1,, -1,1,0,1,3,1,8,0,2,,0,2,1,19,202100030300B01,10,1,1
202100030304,2021-06-29,2021,juin,mardi,20:10,31,31291,"43,5993050000","1,2304690000",2,1,2,1,1,3,2,2,1,1,, -1,1,0,1,4,1,38,5,1,2/9,0,2,4,1,202100030304B01,7,17,1
202100030386,2021-06-21,2021,juin,lundi,09:37,22,22278,"48,5120083122"," -2,7574465809",2,6,3,1,1,4,2,2,1,1,, -1,1,0,5,4,2,2,2,1,2,0,2,7,1,202100030386B01,7,1,1
202100030395,2021-07-05,2021,juillet,lundi,14:15,12,12305,"44,5487700000","2,2177400000",1,1,7,1,1,3,2,2,1,1,, -1,1,0,3,3,1,60,5,2,,0,0,8,1,202100030395A01,,,
202100030406,2021-07-06,2021,juillet,mardi,20:00,75,75119,"48,8885520000","2,3792260000",2,3,2,1,1,4,1,1,1,1,, -1,1,2,5,4,2,34,9,2,,0,2,4,15,202100030406A01,7,1,1
202100030411,2021-07-06,2021,juillet,mardi,19:30,75,75115,"48,8352940000","2,2809570000",2,3,6,1,1,4,1,1,1,1,, -1,1,0,5,4,1,52,9,1,2,12,0,0,12,202100030411A01,,,
202100030412,2021-07-06,2021,juillet,mardi,17:50,75,75114,"48,8232730000","2,3254480000",2,2,3,1,1,4,1,2,1,1,, -1,1,0,6,4,2,56,9,2,,0,2,8,1,202100030412A01,14,14,1
202100030413,2021-07-06,2021,juillet,mardi,17:50,75,75113,"48,8349600000","2,3449920000",2,2,3,1,1,4,3,2,1,1,, -1,1,0,5,4,1,32,9,2,,0,2,5,1,202100030413B01,7,15,1
202100030415,2021-07-06,2021,juillet,mardi,08:50,75,75113,"48,8387580000","2,3609230000",2,4,7,1,1,4,3,5,2,1,, -1,1,0,1,4,1,21,9,2,,0,2,0,1,202100030415A01,10,15,1
202100030460,2021-07-06,2021,juillet,mardi,18:50,32,32083,"43,8105460000","0,4272970000",1,1,3,1,1,3,2,2,1,1,, -1,1,0,1,3,1,43,5,1,2/6/9,0,9,0,0,202100030460A01,1,0,1
202100030460,2021-07-06,2021,juillet,mardi,18:50,32,32083,"43,8105460000","0,4272970000",1,1,3,1,1,3,2,2,1,1,, -1,1,0,1,1,1,47,9,1,2/6/9,0,9,0,0,202100030460B01,1,0,1
202100030468,2021-06-27,2021,juin,dimanche,23:25,72,72143,"47,8700900000","0,4511500000",1,1,2,3,1,3,2,1,1,1,, -1,1,0,1,3,1,36,5,2,,0,0,4,2,202100030468B01,7,2,1
202100030490,2021-07-05,2021,juillet,lundi,15:00,73,73290,"45,2946340000","6,9264290000",1,1,7,1,1,3,2,2,2,2,, -1,1,0,1,3,1,56,5,1,2/9,0,0,9,15,202100030490A01,,,
202100030491,2021-07-06,2021,juillet,mardi,16:50,44,44209,"47,3317550000"," -1,6178330000",2,6,6,1,8,3,2,2,1,3,, -1,3,5,1,3,1,14,5,2,,0,0,0,1,202100030491B01,7,1,1
202100030493,2021-07-07,2021,juillet,mercredi,12:00,69,69047,"45,9057140000","4,6608260000",1,2,3,1,1,4,2,2,2,1,,3,1,0,1,3,1,13,0,1,2,0,2,1,1,202100030493A01,7,1,1
202100030495,2021-07-07,2021,juillet,mercredi,17:00,49,49301,"47,1145690000"," -0,9931040000",2,6,3,1,1,3, -1,1,1,2,,"3,5",1,9,5,3,1,15,5,2,,0,2,3,2,202100030495B01,7,2,1
202100030497,2021-07-07,2021,juillet,mercredi,14:40,76,76647,"49,5258070000","0,3828800000",1,1,3,1,1,3,2,2,1,1,, -1,1,0,1,3,1,62,5,1,2,0,2,8,10,202100030497B01,7,17,1
202100030559,2021-06-16,2021,juin,mercredi,17:00,54,54342,"49,2826400000","5,8966300000",2,3,6,1,1,3,2,2,1,3,, -1,1,0,1,4,1,44,5,2,,0,2,2,1,202100030559B01,7,15,1
202100030598,2021-07-05,2021,juillet,lundi,15:10,75,75116,"48,8533500000","2,2264240000",2,3,3,1,1,4,2,2,1,1,, -1,1,0,5,4,1,40,4,1,2,0,2,1,1,202100030598B01,10,16,1
202100030599,2021-07-05,2021,juillet,lundi,14:45,75,75111,"48,8648360000","2,3683120000",2,1,3,1,1,4,2,4,1,1,, -1,1,0,5,4,1,64,9,2,,0,2,3,1,202100030599A01,30,15,1
202100030600,2021-07-05,2021,juillet,lundi,14:05,75,75103,"48,8649900000","2,3582640000",2,3,3,1,1,4,1,3,1,1,, -1,1,0,1,4,1,26,4,2,,0,2,1,1,202100030600B01,7,9,1
202100030619,2021-07-05,2021,juillet,lundi,09:50,01,01446,"46,0303720000","4,8863200000",1,2,5,1,1,4,2,1,1,1,,3,1,0,1,3,1,79,5,1,2,0,2,1,0,202100030619B01,7,1,1
202100030619,2021-07-05,2021,juillet,lundi,09:50,01,01446,"46,0303720000","4,8863200000",1,2,5,1,1,4,2,1,1,1,,3,1,0,1,3,2,64,5,1,2,0,2,7,0,202100030619D01,7,1,1
202100030622,2021-06-15,2021,juin,mardi,22:15,62,62736,"50,6585440000","2,7708630000",2,1,3,5,1,3,2,2,1,1,, -1,1,0,4,3,2,52,5,2,,1,0,7,14,202100030622A01,10,26,1
202100030642,2021-07-01,2021,juillet,jeudi,12:15,70,70421,"47,6904030000","6,0432420000",2,1,7,1,1,3,2,2,1,1,, -1,1,0,1,2,1,71,5,1,2,0,0,0,0,202100030642A01,,,
202100030663,2021-07-06,2021,juillet,mardi,11:00,71,71283,"46,7108430000","4,9315500000",1,1,3,1,2,3,2,2,2,1,, -1,2,2,1,2,1,56,3,2,,0,2,8,2,202100030663A01,17,17,1
202100030668,2021-07-06,2021,juillet,mardi,14:58,33,33341,"45,0724830000"," -0,5116140000",1,1,3,1,1,3,2,2,1,1,, -1,1,0,1,3,2,61,5,2,,0,2,4,2,202100030668B01,7,17,1
202100030700,2021-03-27,2021,mars,samedi,14:10,81,81306,"44,0429870000","2,2460550000",1,1,1,1,1,3,2,2,2,3,, -1,1,0,1,3,1,21,5,2,,0,2,1,13,202100030700A01,10,18,1
202100030854,2021-07-04,2021,juillet,dimanche,15:55,75,75116,"48,8734930000","2,2671180000",2,1,3,1,1,4,2,4,1,1,, -1,1,0,1,3,1,58,5,1,2,0,2,2,19,202100030854B01,7,1,1
202100030856,2021-07-04,2021,juillet,dimanche,14:30,75,75116,"48,8631820000","2,2479330000",2,1,3,1,2,4,2,2,1,1,, -1,2,0,1,4,1,74,5,1,2,0,2,6,10,202100030856A01,30,17,1
202100030859,2021-07-04,2021,juillet,dimanche,01:40,75,75112,"48,8397200000","2,4021200000",2,1,2,5,1,4,2,2,2,1,, -1,1,0,1,4,1,26,9,1,2,0,2,1,2,202100030859A01,7,20,1
202100030874,2021-06-19,2021,juin,samedi,19:20,40,40304,"43,6562530000"," -1,4332280000",2,2,3,1,1,4,1,2,1,1,,4,1,0,5,4,1,22,5,2,,0,2,5,1,202100030874B01,7,1,1
202100030880,2021-07-03,2021,juillet,samedi,08:50,974,97410," -21,0406270000","55,7126360000",2,1,7,1,1,2,2,2,1,1,, -1,1,0,5,3,1,61,5,1,2,0,0,0,1,202100030880A01,,,
202100030884,2021-07-02,2021,juillet,vendredi,18:30,19,19274,"45,1924165796","1,4868854932",1,3,3,1,2,3,2,2,1,1,, -1,2,0,1,3,1,41,5,1,2,0,2,7,15,202100030884B01,7,1,1
202100030898,2021-07-05,2021,juillet,lundi,12:00,44,44069,"47,2901390000"," -2,4050940000",1,1,6,1,1,3,2,2,1,2,, -1,1,0,5,4,1,65,5,1,2,0,1,3,1,202100030898A01,,,
202100030904,2021-06-30,2021,juin,mercredi,18:30,31,31066,"43,7879030000","1,5738670000",1,3,3,1,1,3,2,2,2,2,,4,1,0,1,3,1,13,5,2,,0,2,3,19,202100030904B01,7,1,1
202100030908,2021-06-28,2021,juin,lundi,12:30,02,02712,"49,2017614438","3,5834821902",1,1,2,1,1,3,2,2,1,1,, -1,1,0,1,2,1,14,5,2,,0,0,4,0,202100030908B01,7,0,1
202100030932,2021-07-05,2021,juillet,lundi,12:53,11,11301,"43,2225850000","2,6190720000",2,3,6,1,1,3,2,1,1,1,, -1,1,0,1,3,1,74,5,2,,0,2,8,15,202100030932B01,7,17,1
202100030939,2021-07-05,2021,juillet,lundi,13:15,38,38407,"45,3278470000","5,6569080000",1,1,3,1,1,3,2,2,2,2,, -1,1,0,1,1,1,74,5,1,2/6,0,2,0,1,202100030939D01,1,2/1,3
202100030939,2021-07-05,2021,juillet,lundi,13:15,38,38407,"45,3278470000","5,6569080000",1,1,3,1,1,3,2,2,2,2,, -1,1,0,1,4,2,26,5,1,2/6,0,0,0,2,202100030939C01,1,1/2,3
202100030939,2021-07-05,2021,juillet,lundi,13:15,38,38407,"45,3278470000","5,6569080000",1,1,3,1,1,3,2,2,2,2,, -1,1,0,1,4,2,58,5,1,2/6,0,0,0,2,202100030939B01,1,1/2,3
202100030939,2021-07-05,2021,juillet,lundi,13:15,38,38407,"45,3278470000","5,6569080000",1,1,3,1,1,3,2,2,2,2,, -1,1,0,1,4,2,42,5,1,2/6,0,2,3,1,202100030939A01,1,1/2,3
202100030940,2021-07-05,2021,juillet,lundi,11:25,26,26313,"44,9612000000","4,9402960000",2,6,3,1,1,3,2,2,1,1,, -1,1,9,1,3,1,79,5,1,2,0,2,8,2,202100030940B01,7,2,1
202100030944,2021-07-02,2021,juillet,vendredi,13:50,85,85226,"46,7097730000"," -1,9611610000",2,6,3,1,1,4,2,2,1,3,,4,1,0,1,3,1,88,5,2,,0,2,2,15,202100030944B01,7,9,1
202100031116,2021-07-02,2021,juillet,vendredi,16:10,33,33063,"44,8244130000"," -0,5661570000",2,1,6,1,1,4,2,2,1,1,, -1,1,0,1,4,2,49,0,2,,0,1,1,1,202100031116A01,,,
202100031185,2021-07-03,2021,juillet,samedi,20:40,06,06155,"43,5740550000","7,0491060000",2,6,3,1,1,3,2,2,1,2,, -1,1,5,1,4,1,28,0,2,,0,2,3,9,202100031185B01,7,15,1
202100031192,2021-07-03,2021,juillet,samedi,12:00,75,75118,"48,8912140000","2,3347170000",2,1,6,1,8,4,1,1,2,1,, -1,1,0,5,1,1,20,5,1,2,0,1,7,1,202100031192A01,,,
202100031193,2021-07-02,2021,juillet,vendredi,14:40,75,75118,"48,8859970000","2,3495440000",2,1,6,1,1,4,2,6,2,1,, -1,1,0,5,4,2,58,9,1,2,1,0,0,21,202100031193A01,,,
202100031198,2021-07-03,2021,juillet,samedi,17:50,75,75109,"48,8758690000","2,3403360000",2,2,3,1,1,4,1,3,1,1,, -1,1,0,1,4,1,25,9,1,2,0,2,1,9,202100031198B01,7,1,1
202100031214,2021-07-03,2021,juillet,samedi,08:20,93,93001,"48,9127580000","2,3675750000",2,1,3,1,1,4,3,2,1,1,, -1,1,0,1,4,2,50,1,2,,0,2,3,0,202100031214B01,7,23,1
202100031240,2021-06-29,2021,juin,mardi,19:30,38,38389,"45,5623360000","5,0722070000",1,1,1,2,9,3,2,2,2,1,, -1,2,0,3,3,2,39,1,1,2,0,2,1,1,202100031240B01,7,26,1
202100031254,2021-07-04,2021,juillet,dimanche,00:30,30,30223,"44,2105590000","4,1456410000",1,1,3,3,1,3,2,3,2,1,, -1,1,0,1,3,1,28,5,2,,0,2,4,0,202100031254A01,7,2,1
202100031272,2021-07-04,2021,juillet,dimanche,11:30,73,73034,"45,6854128764","6,5766920301",1,1,7,1,2,4,2,2,2,1,,4,1,0,1,3,1,62,5,1,2,0,0,9,1,202100031272A01,,,
202100031278,2021-07-03,2021,juillet,samedi,19:15,60,60589,"49,2207930000","2,4669240000",1,6,3,1,1,3,4,2,1,3,, -1,1,0,8,4,1,22,0,1,2/9,0,0,1,0,202100031278B01,33,26,1
202100031292,2021-07-02,2021,juillet,vendredi,17:15,75,75120,"48,8527240000","2,4107930000",2,3,3,1,1,4,3,4,2,1,, -1,1,0,5,4,1,47,9,1,2,0,2,7,1,202100031292A01,1,16,1
202100031292,2021-07-02,2021,juillet,vendredi,17:15,75,75120,"48,8527240000","2,4107930000",2,3,3,1,1,4,3,4,2,1,, -1,1,0,5,4,1,19,5,1,2,0,2,1,16,202100031292B01,1,1,1
202100031299,2021-06-29,2021,juin,mardi,23:00,75,75115,"48,8398490000","2,3021270000",2,4,3,5,1,4,1,3,1,1,, -1,1,0,5,4,1,59,1,1,2,0,2,1,1,202100031299B01,7,15,1
202100031303,2021-07-02,2021,juillet,vendredi,16:00,75,75111,"48,8533380000","2,3703370000",2,5,6,1,1,4,2,3,1,1,, -1,1,0,5,1,1,61,9,1,2,0,1,1,1,202100031303A01,,,
202100031307,2021-07-02,2021,juillet,vendredi,02:50,75,75107,"48,8613870000","2,3232180000",2,1,1,5,1,4,2,4,1,1,, -1,1,0,5,4,1,19,9,1,2,0,2,2,13,202100031307A01,50,1,1
202100031355,2021-07-03,2021,juillet,samedi,11:30,55,55245,"48,9379838696","5,7247942686",1,1,6,1,1,9,2,2,1,1,, -1,1,0,5,3,1,54,5,2,,0,0,0,1,202100031355A01,,,
202100031357,2021-07-03,2021,juillet,samedi,03:00,42,42139,"45,2849650000","4,3897620000",2,1,7,3,1,4,2,2,2,1,, -1,1,0,8,3,1,15,9,2,,0,0,0,0,202100031357A01,,,
202100031367,2021-07-02,2021,juillet,vendredi,15:45,03,03138,"46,2462500000","3,6297580000",2,3,3,1,1,3,2,1,1,1,,3,1,0,1,4,2,31,1,2,,0,2,3,2,202100031367B01,7,2,1
202100031388,2021-06-30,2021,juin,mercredi,07:50,13,13041,"43,4494920000","5,4498250000",2,1,2,1,1,7,2,2,1,1,, -1,1,0,1,4,1,52,1,2,,0,2,4,2,202100031388B01,7,2,1
202100031391,2021-07-02,2021,juillet,vendredi,18:25,38,38382,"45,2224770000","5,6825680000",2,1,3,1,1,4,2,2,1,1,,4,1,0,1,4,1,57,5,2,,0,2,1,1,202100031391B01,7,1,1
202100031420,2021-07-01,2021,juillet,jeudi,20:40,75,75120,"48,8726660000","2,3909960000",2,1,3,1,1,4,2,3,4,1,, -1,1,0,6,4,1,74,5,2,,0,2,8,13,202100031420B01,37,17,1
202100031421,2021-07-01,2021,juillet,jeudi,18:45,75,75117,"48,8956390000","2,3113900000",2,1,2,1,1,4,2,2,1,1,, -1,1,0,6,4,1,31,1,1,2,0,2,1,7,202100031421B01,7,13,1
202100031422,2021-07-01,2021,juillet,jeudi,22:05,75,75117,"48,8898740000","2,3033610000",2,2,3,5,1,4,2,4,1,1,, -1,1,0,1,4,2,30,5,1,2,0,2,0,19,202100031422A01,7,1,1
202100031423,2021-06-30,2021,juin,mercredi,12:20,75,75117,"48,8863900000","2,3223720000",2,2,3,1,1,4,1,2,1,1,, -1,2,0,1,4,1,84,5,2,,0,2,8,1,202100031423A01,7,1,1
202100031425,2021-07-01,2021,juillet,jeudi,08:45,75,75112,"48,8420430000","2,4491360000",2,4,3,1,1,4,2,6,1,1,, -1,1,0,5,4,1,24,5,1,2,0,2,1,1,202100031425A01,1,1,1
202100031425,2021-07-01,2021,juillet,jeudi,08:45,75,75112,"48,8420430000","2,4491360000",2,4,3,1,1,4,2,6,1,1,, -1,1,0,5,4,2,28,9,2,,0,2,8,1,202100031425B01,1,1,1
202100031445,2021-07-02,2021,juillet,vendredi,06:40,39,39126,"46,5890360000","5,9471230000",1,3,3,1,7,3,2,2,1,1,, -1,1,0,1,3,1,39,1,1,2,0,2,1,1,202100031445B01,21,15,1
202100031450,2021-07-02,2021,juillet,vendredi,14:45,73,73085,"45,7907411158","5,8627933997",1,1,6,1,7,3,2,2,2,3,, -1,1,9,1,2,1,58,5,1,2,0,0,9,1,202100031450A01,10,1,1
202100031452,2021-07-02,2021,juillet,vendredi,18:40,67,67320,"48,3351217830","7,3184287548",1,1,1,1,1,3,2,2,2,2,, -1,1,0,1,3,1,44,5,1,2,0,2,1,1,202100031452B01,2,5,1
202100031458,2021-07-02,2021,juillet,vendredi,10:30,62,62878,"50,2784800000","2,6668780000",2,3,3,1,1,3,2,2,1,1,, -1,1,0,1,4,1,52,5,1,2,0,2,1,9,202100031458B01,7,1,1
202100031464,2021-07-02,2021,juillet,vendredi,17:05,71,71171,"46,8681760000","4,6509560000",2,1,3,1,1,3,2,2,1,1,, -1,1,0,1,3,1,20,5,2,,0,2,8,1,202100031464A01,7,1,1
202100031465,2021-07-02,2021,juillet,vendredi,13:30,89,89068,"47,8032160000","3,7981930000",1,3,1,1,1,3,2,2,1,1,, -1,1,0,1,3,2,52,5,1,2,0,2,1,1,202100031465B01,7,15,1
202100031466,2021-07-01,2021,juillet,jeudi,15:00,61,61095,"48,7190410000"," -0,6285380000",1,1,7,1,1,3,2,2,2,1,, -1,1,0,1,4,1,16,5,2,,0,0,0,1,202100031466A01,,,
202100031467,2021-07-02,2021,juillet,vendredi,16:55,12,12056,"44,2771010000","2,4332360000",2,3,3,1,1,2,2,2,1,1,, -1,1,0,1,4,1,45,5,1,2,0,2,1,1,202100031467B01,7,15,1
202100031471,2021-07-01,2021,juillet,jeudi,17:49,31,31033,"43,3489590000","1,4717010000",2,1,3,1,1,3,2,1,2,1,, -1,1,0,1,3,1,14,5,2,,0,2,1,25,202100031471B01,37,1,1
202100031474,2021-07-02,2021,juillet,vendredi,18:45,03,03031,"46,4088810000","2,7344690000",1,1,1,1,1,3,2,2,2,2,, -1,1,0,1,3,1,14,5,2,,0,2,1,5,202100031474A01,7,1,1
202100031484,2021-07-01,2021,juillet,jeudi,19:30,04,04209,"44,2179160000","5,9395000000",2,4,3,2,7,3,2,2,2,1,,4,1,0,1,3,1,28,5,1,2,5,2,1,1,202100031484B01,21,15,1
202100031485,2021-07-01,2021,juillet,jeudi,08:25,27,27013,"49,3114990000","1,2486170000",1,1,3,1,1,3,2,2,1,1,, -1,1,0,1,3,1,73,5,2,,0,2,8,2,202100031485B01,7,2,1
202100031498,2021-07-02,2021,juillet,vendredi,14:45,21,21171,"47,3035870000","5,1191730000",2,6,3,1,1,7,1,2,1,2,, -1,1,5,1,2,1,59,5,2,,0,2,7,1,202100031498B01,7,9,1
202100031512,2021-06-30,2021,juin,mercredi,15:00,73,73179,"45,5885490000","5,8825460000",2,4,3,1,1,3,2,2,1,1,, -1,1, -1,5,4,1,46,5,1,2,0,2,8,19,202100031512A01,7,16,1
202100031522,2021-07-01,2021,juillet,jeudi,18:50,33,33268,"45,0286080000"," -0,6542140000",2,3,5,1,1,3,2,2,1,1,, -1,1,0,1,3,2,46,5,1,2,0,2,1,1,202100031522C01,7,15,1
202100031522,2021-07-01,2021,juillet,jeudi,18:50,33,33268,"45,0286080000"," -0,6542140000",2,3,5,1,1,3,2,2,1,1,, -1,1,0,1,4,1,57,5,1,2,0,2,1,1,202100031522B01,7,15,1
202100031523,2021-06-25,2021,juin,vendredi,18:00,33,33238,"44,7419000000"," -0,5984620000",2,1,1,1,1,4,2,2,1,1,,4,1,0,1,4,1,39,3,2,,0,2,1,13,202100031523B01,7,21,1
202100031638,2021-06-30,2021,juin,mercredi,14:00,974,97414," -21,2607060000","55,4386790000",2,1,2,1,1,2,2,2,2,1,, -1,1,0,1,4,1,17,0,2,,0,2,6,1,202100031638B01,7,13,1
202100031639,2021-06-29,2021,juin,mardi,20:50,84,84062,"43,8897420000","5,0956820000",1,1,3,1,1,3,2,2,1,1,, -1,1,0,1,2,2,52,5,2,,0,2,1,19,202100031639A01,10,1,1
202100031643,2021-06-30,2021,juin,mercredi,05:40,79,79174,"46,2368970000"," -0,1568450000",1,2,3,2,1,3,2,2,1,1,, -1,1,5,1,3,1,16,5,2,,0,2,6,15,202100031643B01,7,1,1
202100031644,2021-06-28,2021,juin,lundi,17:29,11,11304,"42,8762584577","2,1879351366",2,4,6,1,1,4,2,2,2,3,,6,1,0,1,3,2,57,0,2,,0,2,1,1,202100031644B01,7,1,1
202100031655,2021-06-25,2021,juin,vendredi,20:00,06,06079,"43,5179450000","6,9382900000",1,1,3,1,1,3,2,2,2,1,, -1,1,0,1,3,1,58,5,1,2/6,0,2,1,17,202100031655B01,7,15,1
202100031661,2021-06-24,2021,juin,jeudi,17:50,27,27017,"48,9924680000","1,1560750000",1,1,1,1,1,3,2,2,2,1,, -1,1,0,1,4,1,13,5,2,,0,2,7,19,202100031661B01,7,1,1
202100031665,2021-06-30,2021,juin,mercredi,09:09,52,52093,"47,8057220000","5,4308940000",2,2,3,1,2,4,2,2,2,1,,4,2,0,1,4,1,14,2,1,2,0,2,1,1,202100031665A01,10,1,1
202100031684,2021-06-28,2021,juin,lundi,18:00,42,42022,"45,5250640000","4,2110390000",2,2,1,1,1,3,2,2,1,1,,4,1,0,1,4,1,11,5,2,,0,2,1,19,202100031684B01,7,1,1
202100031733,2021-06-29,2021,juin,mardi,18:35,75,75111,"48,8635560000","2,3835560000",2,1,3,1,1,4,1,4,1,1,, -1,2,0,1,4,2,38,9,1,2,0,2,4,13,202100031733B01,32,17,1
202100031734,2021-06-29,2021,juin,mardi,23:30,75,75108,"48,8755770000","2,3183750000",2,3,3,5,1,4,1,1,1,1,, -1,1,0,1,4,1,54,5,1,2,0,2,7,18,202100031734B01,7,22,1
202100031737,2021-06-29,2021,juin,mardi,08:40,75,75107,"48,8482810000","2,3157760000",2,3,3,1,2,4,2,6,1,1,, -1,2,0,5,1,2,31,9,1,2,0,2,3,10,202100031737A01,1,17,1
202100031737,2021-06-29,2021,juin,mardi,08:40,75,75107,"48,8482810000","2,3157760000",2,3,3,1,2,4,2,6,1,1,, -1,2,0,5,4,1,53,1,1,2,0,2,1,17,202100031737B01,1,10,1
202100031738,2021-06-29,2021,juin,mardi,07:45,75,75107,"48,8628600000","2,3134470000",2,2,3,1,2,4,2,8,1,1,, -1,2,2,1,4,1,23,1,1,2,0,2,7,19,202100031738A01,7,16,1
202100031741,2021-06-28,2021,juin,lundi,21:33,75,75103,"48,8624700000","2,3668940000",2,2,3,5,1,4,2,4,1,1,, -1,1,0,5,4,1,20,5,2,,0,2,8,1,202100031741A01,7,14,1
202100031761,2021-06-29,2021,juin,mardi,09:15,92,92040,"48,8214070000","2,2502910000",2,6,7,1,2,3,1,2,1,3,, -1,2,0,5,4,1,29,0,2,,0,0,0,25,202100031761Y01,,,
202100031771,2021-06-28,2021,juin,lundi,13:30,87,87038,"45,9173180000","1,2336280000",1,1,3,1,1,3,2,2,2,1,, -1,1,0,1,1,1,14,5,2,,0,2,6,2,202100031771A01,1,2,1
202100031771,2021-06-28,2021,juin,lundi,13:30,87,87038,"45,9173180000","1,2336280000",1,1,3,1,1,3,2,2,2,1,, -1,1,0,1,3,1,14,5,2,,0,2,2,2,202100031771B01,1,2,1
202100031774,2021-06-30,2021,juin,mercredi,18:50,77,77242,"48,4986030000","3,2342080000",2,3,3,1,1,4,2,2,1,1,,4,1,0,1,4,1,10,5,2,,0,2,3,1,202100031774B01,7,1,1
202100031825,2021-06-27,2021,juin,dimanche,12:02,2B,2B120,"42,6380600000","9,4339900000",2,2,3,1,1,3, -1,2,1,1,, -1,1,0,1,4,1,48,5,1,2,0,2,8,26,202100031825B01,7,15,1
202100031893,2021-06-25,2021,juin,vendredi,16:38,05,05061,"44,5671100000","6,0908100000",2,1,7,1,1,4,2,2,1,1,, -1,1, -1,1,3,1,61,1,1,2,0,0,7,1,202100031893A01,,,
202100031907,2021-06-28,2021,juin,lundi,14:47,75,75108,"48,8666150000","2,3219610000",2,7,3,1,1,4,2,4,1,1,, -1,1,0,1,4,2,32,9,1,2,0,2,8,1,202100031907A01,7,1,1
202100031918,2021-06-28,2021,juin,lundi,17:00,93,93048,"48,8507600000","2,4182700000",2,2,3,1,1,4,2,2,1,1,, -1,1,0,1,3,1,28,0,2,,0,2,7,9,202100031918B01,99,9,1
202100031952,2021-06-27,2021,juin,dimanche,21:10,75,75111,"48,8661880000","2,3712290000",2,3,2,1,1,4,1,1,2,1,, -1,1,0,1,4,1,60,9,1,2,0,2,5,2,202100031952A01,31,2,1
202100031979,2021-06-27,2021,juin,dimanche,16:30,25,25056,"47,2156318120","5,9685319662",2,1,2,1,1,6, -1,0,1,1,, -1,1,0,8,4,1,12,5,2,,0,2,2,0,202100031979A01,7,20,1
202100031982,2021-06-27,2021,juin,dimanche,15:25,14,14118,"49,1758300000"," -0,3493200000",2,1,6,1,1,4, -1,0,1,1,, -1,1,0,4,1,1,19,5,2,,0,1,1,1,202100031982A01,,,
202100032029,2021-06-28,2021,juin,lundi,17:45,14,14399,"49,2612080000","0,2444700000",1,1,7,1,1,3,2,2,2,1,, -1,1,0,3,3,1,23,5,1,2,0,0,0,1,202100032029A01,,,
202100032033,2021-06-15,2021,juin,mardi,08:10,24,24255,"44,9387770000","1,1212520000",1,1,1,1,7,3, -1,2,2,4,, -1,1,0,1,3,1,61,5,1,2,0,2,1,1,202100032033B01,7,1,1
202100032047,2021-06-24,2021,juin,jeudi,18:00,04,04019,"44,3867220000","6,6499040000",2,2,3,1,1,3,1,1,1,1,, -1,1,5,1,4,1,14,5,2,,0,2,3,19,202100032047B01,7,1,1
202100032133,2021-06-25,2021,juin,vendredi,12:00,75,75116,"48,8597160000","2,2790270000",2,5,3,1,1,4,2,2,1,1,, -1,1,0,1,4,1,70,5,1,2,0,2,1,1,202100032133B01,7,15,1