Num_Acc,date,an,mois,jour,hrmn,dep,com,lat,long,agg,int,col,lum,atm,catr,circ,nbv,prof,plan,lartpc,larrout,surf,infra,situ,grav,sexe,age,trajet,secuexist,equipement,obs,obsm,choc,manv,vehiculeid,typevehicules,manoeuvehicules,numVehicules
202100032140,2021-06-25,2021,juin,vendredi,18:35,75,75111,"48,8594910000","2,3676130000",2,3,5,1,1,4,2,4,1,1,, -1,1,0,1,1,2,56,9,1,2,0,2,3,23,202100032140C01,33/ 7,1/15,2
202100032188,2021-06-26,2021,juin,samedi,13:40,18,18141,"47,1159560000","2,2093840000",2,1,1,1,8,4,2,1,1,2,,3,1,0,1,3,2,65,5,1,2,0,2,1,1,202100032188B01,7,1,1
202100032205,2021-06-27,2021,juin,dimanche,07:00,971,97106,"16,1828440000"," -61,7821370000",1,1,3,1,1,2,2,2,3,4,, -1,1,0,1,2,1,59,5,1,2,0,0,8,2,202100032205B01,7,17,1
202100032215,2021-06-26,2021,juin,samedi,16:30,26,26206,"44,8536020000","5,0072660000",1,1,2,1,1,3,2,2,1,1,, -1,1,0,1,3,2,29,5,1,2,0,2,4,2,202100032215B01,7,2,1
202100032289,2021-06-15,2021,juin,mardi,17:55,29,29019,"48,3909027428"," -4,5061773969",2,3,3,1,1,4,2,2,1,1,, -1,1,0,1,4,1,15,5,2,,0,2,1,25,202100032289A01,7,1,1
202100032291,2021-06-24,2021,juin,jeudi,13:14,27,27229,"49,0342700000","1,1480200000",1,1,3,1,1,4, -1,2,2,3,, -1,1,0,1,4,1,80,5,1,2/6,0,0,0,0,202100032291B01,7,17,1
202100032302,2021-06-22,2021,juin,mardi,13:41,06,06004,"43,5957750000","7,1254200000",1,1,2,1,1,3,2,2,1,1,, -1,1,0,5,3,1,57,1,1,2,0,2,4,2,202100032302B01,7,2,1
202100032311,2021-06-25,2021,juin,vendredi,19:20,75,75105,"48,8389200000","2,3532380000",2,3,6,1,8,4,2,2,1,1,, -1,1,0,1,4,1,48,1,1,2,1,0,1,14,202100032311A01,,,
202100032317,2021-06-25,2021,juin,vendredi,20:37,75,75109,"48,8837590000","2,3322820000",2,2,3,1,1,4,3,2,1,1,, -1,1,0,6,4,2,48,9,1,2,0,2,3,13,202100032317B01,37,7,1
202100032322,2021-06-25,2021,juin,vendredi,17:40,75,75113,"48,8257090000","2,3484060000",2,2,6,1,1,4,2,3,1,1,, -1,1,0,1,1,1,34,5,1,2,0,1,1,1,202100032322A01,,,
202100032326,2021-06-25,2021,juin,vendredi,15:45,75,75110,"48,8713700000","2,3554330000",2,1,3,1,2,4,1,3,1,1,, -1,2,0,5,4,2,51,9,1,2,0,2,2,1,202100032326B01,7,22,1
202100032367,2021-06-23,2021,juin,mercredi,13:30,67,67383,"48,6655460000","7,4763840000",2,3,3,1,1,3,2,2,2,1,, -1,1,0,1,3,2,10,5,1,2,0,2,8,16,202100032367A01,10,1,1
202100032382,2021-06-25,2021,juin,vendredi,15:40,65,65192,"42,7363990000"," -0,0270690000",1,1,6,1,1,3,2,2,2,4,, -1,1,0,1,4,1,45,5,2,,0,5,0,21,202100032382A01,,,
202100032385,2021-06-26,2021,juin,samedi,09:50,42,42192,"45,3840140000","4,1287140000",1,1,2,1,1,7,2,2,1,1,, -1,1,0,1,3,1,71,5,1,2,0,0,4,1,202100032385B01,7,17,1
202100032387,2021-06-02,2021,juin,mercredi,16:30,22,22248,"48,6192150000"," -3,0871210000",2,9,7,1,1,3,2,2,1,1,, -1,1,0,1,4,2,12,5,1,2,0,0,7,1,202100032387A01,,,
202100032393,2021-06-26,2021,juin,samedi,11:25,15,15076,"44,8620710000","2,1758510000",1,1,7,1,1,3,2,2,2,2,, -1,1,0,1,3,1,74,5,1,2,0,0,0,1,202100032393A01,,,
202100032399,2021-06-26,2021,juin,samedi,11:00,37,37130,"47,0164326224","0,8417402208",1,2,3,1,1,3,2,1,1,1,,3,1,0,1,4,1,10,5,1,2/4,0,2,4,15,202100032399B01,7,17,1
202100032407,2021-06-25,2021,juin,vendredi,18:30,973,97311,"5,4701752597"," -54,0339730807",2,1,3,1,1,4,2,2,1,1,,"5,5",1,0,1,4,1,11,5,2,,0,2,1,16,202100032407B01,7,1,1
202100032409,2021-06-25,2021,juin,vendredi,16:36,84,84141,"43,9677570000","4,9214950000",1,1,2,1,1,3,2,1,1,1,, -1,1,0,1,3,1,46,5,1,2,0,2,4,26,202100032409A01,7,21,1
202100032415,2021-06-25,2021,juin,vendredi,13:45,42,42174,"45,7377150000","4,1635310000",1,3,3,1,1,3,2,2,1,1,, -1,1,0,1,4,1,15,5,2,,0,2,8,15,202100032415B01,7,17,1
202100032416,2021-06-26,2021,juin,samedi,17:15,38,38382,"45,2357680000","5,6755010000",2,1,2,1,1,7,1,1,1,1,, -1,1,0,1,4,1,61,5,1,2,0,2,2,1,202100032416C01,7,1/23,2
202100032480,2021-06-22,2021,juin,mardi,16:19,54,54483,"48,6323100000","6,3069400000",2,1,6,1,1,3,1,1,2,1,, -1,1,9,4,1,1,58,0,2,,0,1,2,25,202100032480A01,,,
202100032481,2021-06-23,2021,juin,mercredi,09:57,47,47001,"44,1940200000","0,6409000000",2,2,3,1,1,4,1,1,1,1,, -1,1,0,1,4,1,74,0,2,,0,2,8,9,202100032481B01,7,1,1
202100032497,2021-06-04,2021,juin,vendredi,16:55,22,22278,"48,5114587550"," -2,7856349945",2,1,2,1,1,3,2,2,1,1,, -1,1,0,1,4,1,31,5,1,2,0,2,6,19,202100032497B01,7,1,1
202100032508,2021-06-24,2021,juin,jeudi,16:50,75,75119,"48,8756700000","2,3730170000",2,1,7,1,1,4,1,1,1,1,, -1,1,0,5,4,1,42,9,2,,0,0,0,21,202100032508A01,,,
202100032511,2021-06-23,2021,juin,mercredi,20:10,75,75116,"48,8752220000","2,2795170000",2,2,3,1,1,4,2,4,1,3,, -1,1,0,6,4,1,48,9,1,2,0,2,6,7,202100032511B01,7,16,1
202100032517,2021-06-23,2021,juin,mercredi,08:15,75,75113,"48,8191470000","2,3594910000",2,2,3,1,2,4,3,2,2,3,, -1,2,0,5,4,2,27,1,1,2,0,2,2,17,202100032517A01,1,13,1
202100032517,2021-06-23,2021,juin,mercredi,08:15,75,75113,"48,8191470000","2,3594910000",2,2,3,1,2,4,3,2,2,3,, -1,2,0,5,1,1,61,5,1,2,0,2,3,13,202100032517B01,1,17,1
202100032519,2021-06-23,2021,juin,mercredi,23:30,75,75111,"48,8629650000","2,3871930000",2,2,3,5,1,4,2,4,2,1,, -1,1,0,5,4,2,56,9,1,2,0,2,1,1,202100032519B01,1,10,1
202100032519,2021-06-23,2021,juin,mercredi,23:30,75,75111,"48,8629650000","2,3871930000",2,2,3,5,1,4,2,4,2,1,, -1,1,0,5,1,1,18,9,1,2,0,2,0,10,202100032519A01,1,1,1
202100032520,2021-06-24,2021,juin,jeudi,19:13,75,75104,"48,8570190000","2,3479110000",2,1,2,1,8,4,1,3,1,1,, -1,1,2,1,4,1,57,1,1,2,0,2,4,1,202100032520A01,43,1,1
202100032546,2021-06-24,2021,juin,jeudi,13:50,26,26301,"45,1196520000","4,9972720000",1,3,3,1,2,3,2,2,4,1,, -1,2,0,1,2,1,62,5,1,2/6,3,0,0,1,202100032546B01,15,1,1
202100032567,2021-06-23,2021,juin,mercredi,10:15,01,01457,"46,2293200000","4,9928410000",2,2,3,1,1,4, -1,2,1,1,,6,1,0,1,4,1,13,2,2,,0,2,2,9,202100032567B01,7,1,1
202100032570,2021-06-22,2021,juin,mardi,07:35,06,06079,"43,5345250000","6,9455240000",2,6,3,1,1,3,2,2,1,1,, -1,1,0,1,3,2,53,5,1,2,0,2,1,26,202100032570B01,7,9,1
202100032599,2021-06-24,2021,juin,jeudi,18:40,987,98722," -17,5653610000"," -149,3274590000",1,1,3,3,2,2,2,2,2,1,, -1,2,2,1,3,1,42,5,2,,0,2,8,19,202100032599A01,7,1,1
202100032611,2021-06-24,2021,juin,jeudi,13:45,14,14258,"48,9063040000"," -0,2083070000",2,1,2,1,1,3,3,2,1,3,, -1,1,0,1,3,1,73,5,1,2,0,0,4,1,202100032611B01,7,2,1
202100032676,2021-06-23,2021,juin,mercredi,08:50,26,26362,"44,9300300000","4,9083500000",2,1,3,1,1,4,1,1,1,1,, -1,1,0,1,4,2,43,1,2,,0,2,0,1,202100032676B01,7,1,1
202100032698,2021-06-23,2021,juin,mercredi,12:56,75,75118,"48,8828620000","2,3361830000",2,3,2,1,8,4,1,1,2,1,, -1,1,0,1,4,1,25,4,1,2,0,2,1,2,202100032698B01,10,23,1
202100032701,2021-06-22,2021,juin,mardi,09:35,75,75115,"48,8327120000","2,2883910000",2,2,3,1,1,4,1,2,1,1,, -1,1,0,1,4,2,25,9,2,,0,2,1,1,202100032701B01,14,16,1
202100032703,2021-06-22,2021,juin,mardi,10:50,75,75113,"48,8221810000","2,3486920000",2,1,2,1,1,4,2,2,1,1,, -1,1,0,1,4,1,24,1,2,,0,2,1,1,202100032703A01,7,23,1
202100032706,2021-06-23,2021,juin,mercredi,08:25,75,75110,"48,8803960000","2,3643050000",2,3,3,1,2,4,2,2,1,1,, -1,2,0,1,4,2,28,1,1,2,0,2,2,15,202100032706B01,33,1,1
202100032749,2021-06-23,2021,juin,mercredi,11:00,63,63229,"45,7771620000","3,3504220000",1,2,3,1,1,3,2,2,1,1,,4,1,0,1,3,1,55,5,1,2,0,2,1,0,202100032749B01,7,15,1
202100032750,2021-06-15,2021,juin,mardi,14:05,61,61328,"48,7438810000","0,1204850000",1,1,7,1,1,4,2,2,1,1,, -1,1,0,1,3,2,77,5,1,2,0,0,0,2,202100032750B01,,,
202100032756,2021-06-23,2021,juin,mercredi,10:00,25,25015,"47,0356630000","6,0750100000",1,1,2,1,1,3,2,2,1,1,, -1,1,0,1,3,1,68,5,1,2,0,2,4,1,202100032756B01,10,17,1
202100032788,2021-06-23,2021,juin,mercredi,17:20,38,38057,"45,1420790000","5,7411340000",2,4,3,1,1,7,2,2,2,1,,4,1,5,1,3,1,53,5,1,2/6,0,2,1,1,202100032788B01,7,15,1
202100032790,2021-06-20,2021,juin,dimanche,09:30,31,31291,"43,5993750000","1,2546700000",2,1,7,1,2,4,2,2,1,1,,4,2,0,8,2,1,57,5,1,2,0,0,0,0,202100032790A01,,,
202100032791,2021-06-23,2021,juin,mercredi,16:35,64,64430,"43,4774460000"," -0,7619220000",2,6,3,1,1,3,2,2,1,2,, -1,1,5,1,3,2,76,3,2,,0,2,8,2,202100032791B01,7,2,1
202100032861,2021-06-21,2021,juin,lundi,21:46,63,63113,"45,7883500000","3,0955100000",2,2,3,1,1,4,2,2,1,1,, -1,1,0,1,4,1,48,9,1,2,0,2,8,9,202100032861B01,7,16,1
202100032868,2021-06-21,2021,juin,lundi,14:22,54,54526,"48,6815000000","6,2160000000",2,2,3,1,1,7,2,5,1,1,, -1,1,0,1,3,2,23,0,1,2,0,2,8,1,202100032868A01,10,1,1
202100032870,2021-06-21,2021,juin,lundi,08:45,54,54395,"48,6789398145","6,1971477047",2,1,3,1,1,7,2,5,1,1,, -1,1, -1,1,4,1,33,1,1,2,0,2,2,1,202100032870B01,7,22,1
202100032887,2021-06-22,2021,juin,mardi,07:35,27,27375,"49,2117000000","1,1548100000",2,3,3,2,2,4,2,2,2,1,, -1,2,0,1,4,1,15,2,2,,0,2,1,1,202100032887B01,7,15,1
202100032912,2021-06-16,2021,juin,mercredi,12:10,75,75104,"48,8511640000","2,3625070000",2,3,3,1,1,4,2,3,1,1,, -1,1,0,5,4,1,19,9,1,2,0,2,2,1,202100032912A01,33,1,1
202100032972,2021-06-22,2021,juin,mardi,11:00,971,97103,"16,2389040000"," -61,6217140000",2,1,3,1,1,4,2,1,2,1,,3,1,0,1,3,1,19,5,2,,0,2,8,11,202100032972B01,7,1,1
202100033073,2021-06-21,2021,juin,lundi,15:54,75,75105,"48,8469910000","2,3538360000",2,1,3,1,1,4,2,3,1,1,, -1,1,0,1,4,1,29,9,1,2,0,2,4,10,202100033073B01,33,17,1
202100033075,2021-06-21,2021,juin,lundi,17:31,75,75120,"48,8716840000","2,4043770000",2,5,3,1,1,4,2,2,2,1,, -1,1,0,1,4,1,57,5,1,2,0,2,8,1,202100033075A01,7,17,1
202100033079,2021-06-20,2021,juin,dimanche,21:15,75,75119,"48,8924890000","2,3855530000",2,3,1,1,1,4,1,1,1,2,, -1,2,0,1,4,2,28,5,1,2,0,2,1,5,202100033079A01,10,1,1
202100033119,2021-06-22,2021,juin,mardi,11:45,49,49030,"47,3823040000"," -0,0854770000",1,1,2,1,1,3,2,2,4,2,, -1,1,2,1,3,1,71,5,1,2/9,0,2,4,2,202100033119B01,10,2,1
202100033195,2021-06-18,2021,juin,vendredi,21:00,34,34032,"43,3637100000","3,2390100000",2,1,6,1,1,4,2,2,1,1,, -1,1,0,1,3,1,35,5,2,,0,2,7,1,202100033195B01,7,17,1
202100033209,2021-06-20,2021,juin,dimanche,14:30,75,75118,"48,8984840000","2,3536140000",2,1,1,1,1,4,1, -1,2,1,, -1,1,0,5,4,1,78,5,2,,0,2,1,1,202100033209A01,1,13,1
202100033211,2021-06-20,2021,juin,dimanche,09:50,75,75116,"48,8645510000","2,2338330000",2,1,1,1,1,4,1,2,1,1,, -1,1,0,1,4,1,51,5,1,2/6,0,2,1,1,202100033211B01,7,5,1
202100033212,2021-06-19,2021,juin,samedi,12:35,75,75116,"48,8489920000","2,2662610000",2,5,6,1,1,4,2,2,1,1,, -1,2,8,1,4,1,22,4,1,2,0,1,1,5,202100033212A01,,,
202100033213,2021-06-19,2021,juin,samedi,21:00,75,75113,"48,8318810000","2,3558590000",2,7,3,1,8,4,2,4,1,3,, -1,2,0,1,1,1,19,4,1,2,0,2,2,1,202100033213B01,32,1,1
202100033216,2021-06-20,2021,juin,dimanche,12:00,75,75116,"48,8546380000","2,2738260000",2,1,3,1,1,4,1,1,1,1,, -1,1,0,1,4,1,49,5,2,,0,2,7,1,202100033216B01,7,22,1
202100033217,2021-06-15,2021,juin,mardi,12:11,75,75108,"48,8641430000","2,3204000000",2,7,6,1,1,4,2,8,1,1,, -1,1,0,5,3,2,75,5,1,2,12,0,2,14,202100033217A01,,,
202100033218,2021-06-20,2021,juin,dimanche,13:30,75,75101,"48,8624770000","2,3362520000",2,3,3,1,1,4,3,3,1,1,, -1,1,0,5,4,1,23,4,2,,0,2,2,1,202100033218A01,50,19,1
202100033236,2021-06-21,2021,juin,lundi,10:50,38,38337,"45,3517400000","5,5005400000",2,1,7,1,1,3,2,2,2,3,, -1,1,0,1,2,1,45,0,2,,0,0,9,13,202100033236A01,,,
202100033253,2021-06-20,2021,juin,dimanche,13:35,70,70037,"47,5328060000","5,6957350000",2,4,3,1,1,3,2,2,1,3,, -1,1,9,1,3,1,76,5,1,2,0,2,8,1,202100033253B01,7,15,1
202100033277,2021-06-16,2021,juin,mercredi,10:23,38,38540,"45,2682180000","5,6203570000",2,1,3,1,1,7,4,3,1,1,, -1,1,5,1,4,1,69,5,1,2,0,2,3,19,202100033277B01,10,19,1
202100033297,2021-06-19,2021,juin,samedi,20:30,75,75111,"48,8629980000","2,3672300000",2,1,6,1,2,4,2,2,1,1,, -1,2,0,5,4,2,25,5,1,2,0,1,1,1,202100033297B01,,,
202100033423,2021-06-18,2021,juin,vendredi,12:40,75,75118,"48,8908490000","2,3599210000",2,4,3,1,1,4,2,4,1,1,, -1,1,0,6,4,2,16,9,1,2,0,2,8,8,202100033423A01,34,1,1
202100033425,2021-06-19,2021,juin,samedi,12:00,75,75117,"48,8910530000","2,3025280000",2,3,3,1,1,4,2,6,1,1,, -1,1,0,6,4,1,47,9,1,2,0,2,3,7,202100033425B01,7,17,1
202100033429,2021-06-19,2021,juin,samedi,17:30,75,75115,"48,8446820000","2,2905410000",2,3,2,1,3,4,2,2,1,1,, -1,2,0,1,4,1,49,1,1,2,0,2,1,2,202100033429A01,7,2,1
202100033467,2021-06-19,2021,juin,samedi,12:10,25,25434,"47,1049120000","6,1584220000",2,3,3,1,1,3,2,2,1,2,, -1,1,0,1,3,2,65,5,1,2,0,2,7,1,202100033467B01,7,9,1
202100033469,2021-06-20,2021,juin,dimanche,09:30,29,29150,"47,8046880000"," -3,6772120000",1,3,3,1,2,3,2,2,1,1,,4,2,5,1,3,1,69,5,2,,0,2,3,15,202100033469A01,7,1,1
202100033493,2021-06-17,2021,juin,jeudi,06:20,987,98722," -17,5667792268"," -149,3269264698",1,3,3,2,1,2, -1,1,4,1,, -1,1,0,1,3,1,52,0,2,,0,2,1,19,202100033493A01,7,1,1
202100033503,2021-06-18,2021,juin,vendredi,17:25,31,31291,"43,6063130000","1,2311550000",2,1,6,1,1,4,2,1,1,1,,3,1,0,1,1,1,63,5,2,,0,1,1,1,202100033503A01,,,
202100033599,2021-06-14,2021,juin,lundi,14:45,34,34032,"43,3533917661","3,2250532508",2,6,3,1,1,4,1,2,1,2,, -1,1,0,1,3,1,22,3,2,,0,2,2,1,202100033599B01,7,9,1
202100033629,2021-06-18,2021,juin,vendredi,10:20,75,75119,"48,8917340000","2,3745570000",2,1,1,1,1,4,1,1,1,1,, -1,1,0,1,4,2,56,9,1,2,0,2,8,9,202100033629B01,1,5,1
202100033629,2021-06-18,2021,juin,vendredi,10:20,75,75119,"48,8917340000","2,3745570000",2,1,1,1,1,4,1,1,1,1,, -1,1,0,1,1,1,39,9,1,2,0,2,1,5,202100033629A01,1,9,1
202100033635,2021-06-18,2021,juin,vendredi,10:15,75,75115,"48,8479670000","2,3018500000",2,7,7,1,1,4,3,3,1,1,, -1,1,0,5,4,2,64,5,1,2,0,0,0,1,202100033635A01,,,
202100033638,2021-06-18,2021,juin,vendredi,12:50,75,75113,"48,8310760000","2,3431720000",2,1,3,1,1,4,3,1,2,1,, -1,1,0,5,4,2,35,1,1,2,0,2,1,1,202100033638B01,30,9,1
202100033642,2021-06-18,2021,juin,vendredi,08:45,75,75111,"48,8699950000","2,3710480000",2,2,6,1,1,4,2,2,1,1,, -1,1,0,1,1,1,28,1,1,2,0,1,8,15,202100033642A01,,,
202100033644,2021-06-18,2021,juin,vendredi,14:15,75,75110,"48,8706080000","2,3549910000",2,3,3,1,1,4,2,5,1,1,, -1,1,0,5,4,1,34,4,1,2,0,2,1,1,202100033644B01,7,15,1
202100033648,2021-06-18,2021,juin,vendredi,15:50,75,75107,"48,8536770000","2,3147460000",2,3,7,1,1,4,2,4,1,1,, -1,1,0,1,4,2,38,9,1,2,0,0,0,1,202100033648A01,,,
202100033649,2021-06-18,2021,juin,vendredi,18:15,75,75103,"48,8662380000","2,3525350000",2,2,6,1,1,4,2,5,1,1,, -1,2,0,6,1,1,20,4,1,2,0,1,2,7,202100033649A01,,,
202100033651,2021-06-16,2021,juin,mercredi,20:10,75,75101,"48,8571780000","2,3465870000",2,1,1,2,1,4,2,2,1,1,, -1,1,6,1,1,1,28,5,1,2,0,2,1,1,202100033651B01,1,13,1
202100033651,2021-06-16,2021,juin,mercredi,20:10,75,75101,"48,8571780000","2,3465870000",2,1,1,2,1,4,2,2,1,1,, -1,1,6,1,4,2,27,9,1,2,0,2,1,13,202100033651A01,1,1,1
202100033692,2021-06-19,2021,juin,samedi,15:50,976,97610," -12,7516120000","45,2304150000",2,6,3,1,1,2,2,2,1,2,, -1,1,5,1,4,1,22,5,2,,0,2,4,1,202100033692B01,2,2,1
202100033696,2021-06-18,2021,juin,vendredi,18:25,88,88349,"48,1195260000","7,0418450000",1,3,3,1,1,3,2,2,2,3,, -1,1,0,1,3,1,47,5,1,2,0,2,1,1,202100033696B01,7,15,1
202100033707,2021-06-18,2021,juin,vendredi,21:15,81,81227,"43,6443750000","2,2750490000",1,1,3,1,1,3,2,2,2,1,, -1,1,0,1,2,1,23,5,2,,0,2,3,11,202100033707B01,7,17,1
202100033721,2021-06-19,2021,juin,samedi,11:45,73,73124,"45,6574280000","6,3501830000",2,1,6,1,7,3,2,2,1,1,, -1,1, -1,5,3,1,70,5,1,2,0,0,9,1,202100033721A01,,,
202100033724,2021-06-19,2021,juin,samedi,08:00,07,07129,"44,9985380000","4,5661890000",1,1,1,1,1,3,2,2,2,4,, -1,1,0,3,2,1,64,5,1,2,0,2,1,13,202100033724B01,7,1,1
202100033733,2021-06-17,2021,juin,jeudi,19:05,06,06152,"43,6179800000","7,0571920000",1,3,7,1,1,3,2,2,2,1,,4,1,0,5,3,2,25,0,1,2,12,0,1,1,202100033733A01,,,
202100033740,2021-06-18,2021,juin,vendredi,09:15,84,84054,"43,9119070000","5,0679160000",2,3,3,1,1,4,2,2,1,1,, -1,1,0,1,3,2,68,3,2,,0,2,1,1,202100033740B01,7,15,1
202100033741,2021-06-19,2021,juin,samedi,10:25,83,83146,"43,6363450000","5,9363480000",2,9,6,1,1,3,2,2,1,1,, -1,1,0,1,1,1,36,5,1,2,0,1,2,1,202100033741A01,,,
202100033803,2021-06-16,2021,juin,mercredi,07:30,71,71153,"46,8072300000","4,4347160000",2,9,1,1,1,4, -1,2,1,1,, -1,1,0,1,4,1,12,2,2,,0,2,1,25,202100033803B01,7,26,1
202100033864,2021-06-12,2021,juin,samedi,15:20,12,12202,"44,3653800000","2,5510300000",2,4,3,1,1,3,2,2,2,1,, -1,1,0,1,3,1,66,5,2,,0,2,1,1,202100033864B01,33,16,1
202100033875,2021-06-17,2021,juin,jeudi,18:15,75,75119,"48,8822200000","2,3882390000",2,1,3,1,1,4,1,1,2,1,, -1,1,0,1,4,1,36,5,1,2,0,2,1,5,202100033875B01,7,9,1
202100033876,2021-06-15,2021,juin,mardi,23:30,75,75115,"48,8412730000","2,3072060000",2,3,3,5,1,4,1,2,1,1,, -1,1,0,5,4,2,30,9,1,2,0,2,1,1,202100033876B01,7,15,1
202100033881,2021-06-17,2021,juin,jeudi,08:25,75,75108,"48,8692860000","2,3091760000",2,3,3,1,1,4,2,8,1,3,, -1,1,0,1,4,2,41,1,2,,0,2,1,1,202100033881B01,10,16,1
202100033924,2021-06-17,2021,juin,jeudi,17:40,56,56186,"47,4823430000"," -3,1061050000",2,6,3,1,1,4,2,2,1,3,,4,1,5,1,3,2,72,5,2,,0,2,3,2,202100033924B01,7,16,1
202100033934,2021-06-01,2021,juin,mardi,16:00,01,01193,"45,6405680000","5,6440870000",1,3,3,1,1,3,2,2,1,2,, -1,1,0,1,4,2,68,5,2,,0,2,3,2,202100033934B01,10,2,1
202100033936,2021-06-17,2021,juin,jeudi,11:45,72,72176,"47,6475056811","0,1529760363",2,9,3,1,1,3,2,2,1,1,, -1,1,0,1,4,2,38,5,2,,0,2,8,1,202100033936B01,15,16,1
202100033937,2021-06-06,2021,juin,dimanche,11:00,14,14303,"49,1218850000","0,2830540000",2,2,3,1,1,3,2,2,1,1,, -1,1,0,1,4,1,48,5,2,,0,2,1,19,202100033937A01,7,1,1
202100033961,2021-06-14,2021,juin,lundi,17:25,67,67194,"48,7343400000","7,9107030000",2,3,3,1,7,3,2,2,1,4,, -1,1,0,5,3,2,74,5,2,,0,2,1,1,202100033961B01,7,9,1
202100033962,2021-06-16,2021,juin,mercredi,07:03,67,67378,"48,4715520000","7,7231100000",2,3,3,1,1,4,2,2,1,1,,4,1,0,1,3,1,82,5,2,,0,2,1,15,202100033962A01,7,15,1
202100033997,2021-06-14,2021,juin,lundi,12:30,75,75116,"48,8604940000","2,2297510000",2,1,2,1,1,4,2,3,1,3,, -1,1,0,1,2,1,58,5,1,2,0,2,1,1,202100033997B01,10,24,1
202100033998,2021-06-14,2021,juin,lundi,13:30,75,75120,"48,8713940000","2,4000870000",2,1,6,1,1,4,1,0,2,1,, -1,1,0,5,1,1,22,4,1,2,0,1,1,1,202100033998A01,,,
202100034002,2021-06-16,2021,juin,mercredi,19:35,75,75113,"48,8271430000","2,3671620000",2,3,6,1,1,4,2,3,2,1,, -1,1,0,1,4,1,51,5,1,2,0,1,8,1,202100034002A01,,,
202100034076,2021-06-15,2021,juin,mardi,09:13,17,17300,"46,1587900000"," -1,1594900000",2,2,3,1,7,4,2,2,1,1,, -1,1,5,1,4,2,24,1,1,2,0,2,1,19,202100034076B01,7,1,1
202100034077,2021-06-16,2021,juin,mercredi,15:15,14,14437,"49,1709500000"," -0,3090140000",2,6,3,1,1,3, -1,2,1,2,, -1,1,5,1,4,2,24,5,2,,0,2,1,1,202100034077A01,7,1,1
202100034091,2021-06-16,2021,juin,mercredi,17:50,75,75117,"48,8775270000","2,2943860000",2,1,6,1,1,4,2,3,2,1,, -1,1,0,1,4,1,25,4,1,2,0,1,1,1,202100034091A01,,,
202100034092,2021-06-16,2021,juin,mercredi,17:40,75,75117,"48,8800100000","2,3071520000",2,1,3,1,1,4,1,1,1,1,, -1,1,0,1,4,1,35,9,1,2,0,2,1,18,202100034092A01,10,20,1
202100034093,2021-06-16,2021,juin,mercredi,12:20,75,75116,"48,8680240000","2,2758580000",2,1,3,1,1,4,2,2,1,1,, -1,1,0,1,4,1,64,5,1,2,0,2,8,1,202100034093A01,7,17,1
202100034095,2021-06-16,2021,juin,mercredi,09:45,75,75115,"48,8321340000","2,3029950000",2,2,2,1,1,4,2,2,1,1,, -1,1,0,1,4,2,20,2,1,2,0,2,4,2,202100034095B01,7,2,1
202100034097,2021-06-15,2021,juin,mardi,18:05,75,75113,"48,8356320000","2,3482870000",2,2,3,1,1,4,2,4,2,1,, -1,1,0,5,4,1,36,1,1,2,0,2,1,1,202100034097A01,7,15,1
202100034100,2021-06-16,2021,juin,mercredi,19:30,75,75110,"48,8742230000","2,3628630000",2,3,7,1,1,4,1,2,2,1,, -1,1,0,5,4,2,46,5,1,2,0,0,0,21,202100034100A01,,,
202100034101,2021-06-16,2021,juin,mercredi,17:45,75,75110,"48,8811000000","2,3651660000",2,2,3,1,1,4,2,2,1,1,, -1,1,0,1,4,1,33,9,1,2,0,2,7,1,202100034101B01,7,1,1
202100034103,2021-06-16,2021,juin,mercredi,09:46,75,75110,"48,8758860000","2,3638480000",2,1,3,1,1,4,1,1,2,1,, -1,1,0,1,4,1,66,9,1,2,0,2,8,1,202100034103B01,1,17,1
202100034103,2021-06-16,2021,juin,mercredi,09:46,75,75110,"48,8758860000","2,3638480000",2,1,3,1,1,4,1,1,2,1,, -1,1,0,1,4,1,42,9,1,2,0,2,0,17,202100034103A01,1,1,1
202100034108,2021-06-16,2021,juin,mercredi,12:00,75,75107,"48,8575580000","2,3066730000",2,1,3,1,1,4,2,2,1,1,, -1,1,0,1,4,1,22,9,1,2,0,2,7,1,202100034108B01,30,9,1
202100034143,2021-06-15,2021,juin,mardi,09:30,01,01143,"46,3477740000","6,1281260000",2,1,3,1,1,4,2,2,1,1,,"5,5",1,8,1,3,1,71,5,1,2,0,2,1,1,202100034143B01,7,1,1
202100034144,2021-06-16,2021,juin,mercredi,14:45,22,22032,"48,2906350000"," -2,2063370000",1,2,3,1,1,3,2,2,1,1,, -1,1,0,1,3,2,60,5,1,2,0,2,1,1,202100034144B01,7,19,1
202100034150,2021-06-15,2021,juin,mardi,14:15,61,61232,"48,6272180000"," -0,6628810000",1,4,7,1,7,3,2,2,2,2,,4,1,0,3,3,1,80,5,1,2,16,0,9,1,202100034150A01,,,