Num_Acc,date,an,mois,jour,hrmn,dep,com,lat,long,agg,int,col,lum,atm,catr,circ,nbv,prof,plan,lartpc,larrout,surf,infra,situ,grav,sexe,age,trajet,secuexist,equipement,obs,obsm,choc,manv,vehiculeid,typevehicules,manoeuvehicules,numVehicules
202100034177,2021-06-14,2021,juin,lundi,09:35,84,84026,"43,7225851687","5,3928709030",1,3,1,1,1,3,2,2,1,1,, -1,1,5,1,4,1,62,5,1,9,0,2,3,1,202100034177B01,7,26,1
202100034186,2021-06-16,2021,juin,mercredi,16:15,44,44205,"47,4362810000"," -1,4597260000",1,1,1,1,1,3,2,2,1,1,, -1,1,0,1,3,1,78,3,2,,0,2,1,0,202100034186B01,10,9,1
202100034272,2021-06-15,2021,juin,mardi,18:25,35,35238,"48,1116700000"," -1,6561200000",2,3,3,1,1,4,2,2,2,1,, -1,1,0,1,4,1,53,0,2,,0,2,1,1,202100034272B01,7,15,1
202100034283,2021-05-29,2021,mai,samedi,18:30,22,22278,"48,5188200000"," -2,7807400000",2,1,2,1,1,4,2,0,1,1,, -1,1,0,1,4,1,17,0,2,,15,2,4,1,202100034283B01,7,1,1
202100034309,2021-06-15,2021,juin,mardi,14:50,75,75117,"48,8829860000","2,3241070000",2,2,3,1,1,4,3,2,1,1,, -1,1,0,6,4,2,58,5,1,2,0,2,7,19,202100034309A01,1,7,1
202100034312,2021-06-15,2021,juin,mardi,08:10,75,75112,"48,8458710000","2,3742940000",2,5,3,1,1,4,2,2,1,1,, -1,1,0,5,4,2,24,9,1,2,0,2,2,1,202100034312A01,7,15,1
202100034313,2021-06-14,2021,juin,lundi,22:15,75,75104,"48,8522540000","2,3607310000",2,1,1,1,1,4,2,2,1,1,, -1,1,0,5,4,1,42,9,2,,0,2,1,1,202100034313A01,1,15,1
202100034339,2021-06-16,2021,juin,mercredi,15:45,52,52331,"48,4964280000","4,7726370000",1,1,2,1,1,4,2,1,1,2,,3,1,0,1,3,1,76,5,1,2,0,2,1,2,202100034339B01,1,2,1
202100034339,2021-06-16,2021,juin,mercredi,15:45,52,52331,"48,4964280000","4,7726370000",1,1,2,1,1,4,2,1,1,2,,3,1,0,1,4,2,14,5,1,2,0,0,0,2,202100034339A01,1,2,1
202100034346,2021-06-16,2021,juin,mercredi,09:10,56,56204,"47,9185140000"," -2,7272920000",2,1,1,2,7,3,2,2,1,1,, -1,1,0,1,3,1,73,5,1,2,0,0,4,23,202100034346A01,7,2,1
202100034360,2021-06-15,2021,juin,mardi,09:00,29,29158,"47,7969530000"," -4,3563580000",2,1,2,1,1,4,2,2,1,1,,5,1,0,1,3,1,65,5,1,2/6,0,2,4,2,202100034360B01,7,2,1
202100034381,2021-06-15,2021,juin,mardi,16:30,44,44213,"47,3699100000"," -1,0158760000",1,9,3,1,1,3,2,2,1,1,, -1,1,2,1,3,1,63,5,2,,0,2,8,2,202100034381B01,15,1,1
202100034427,2021-06-14,2021,juin,lundi,12:00,75,75120,"48,8692010000","2,3919170000",2,3,3,1,1,4,2,2,2,1,, -1,1,0,1,4,2,31,5,2,,0,2,1,1,202100034427A01,7,9,1
202100034430,2021-06-14,2021,juin,lundi,20:00,75,75117,"48,8935420000","2,3245570000",2,1,6,1,1,4,1,1,1,1,, -1,1,0,1,4,1,41,9,2,,1,0,1,14,202100034430A01,,,
202100034433,2021-06-14,2021,juin,lundi,15:15,75,75107,"48,8588180000","2,3315040000",2,1,6,1,1,4,1,2,1,1,, -1,1,0,5,4,1,28,9,1,2/6,12,0,1,21,202100034433A01,,,
202100034438,2021-06-14,2021,juin,lundi,12:35,75,75111,"48,8659950000","2,3707120000",2,4,3,1,1,4,2, -1,1,1,, -1,1,0,1,4,1,43,9,2,,0,2,6,15,202100034438B01,34,1,1
202100034457,2021-06-13,2021,juin,dimanche,11:00,29,29277,"48,3736247958"," -4,0208406937",2,1,6,1,1,4,2,2,1,1,, -1,1,0,1,3,1,45,5,1,2,0,5,1,1,202100034457A01,,,
202100034458,2021-06-15,2021,juin,mardi,08:00,37,37193,"47,2809403228","0,2008770884",1,1,3,1,7,3,2,2,1,1,, -1,1,0,1,4,1,53,1,2,,0,0,8,1,202100034458B01,7,17,1
202100034465,2021-06-15,2021,juin,mardi,04:20,10,10276,"48,2342100000","3,7215490000",2,9,2,4,1,3,2,2,2,1,, -1,1,0,1,4,1,29,1,2,,0,2,4,15,202100034465B01,7,2,1
202100034472,2021-06-15,2021,juin,mardi,08:00,89,89373,"48,2131520000","3,3485070000",2,3,1,1,7,3,2,2,1,1,, -1,1,9,1,3,1,74,5,1,2,0,2,1,1,202100034472B01,7,15,1
202100034473,2021-06-13,2021,juin,dimanche,08:45,56,56078,"47,7954850000"," -3,4652850000",1,3,7,1,7,3,2,2,4,1,, -1,1,5,1,4,1,48,5,1,2,0,0,0,21,202100034473B01,7,23,1
202100034474,2021-06-15,2021,juin,mardi,19:15,76,76035,"49,7675300000","1,7527300000",2,5,1,1,1,3,2,2,1,1,, -1,1,0,1,3,2,65,0,2,,0,2,1,26,202100034474B01,7,26,1
202100034475,2021-06-15,2021,juin,mardi,14:30,65,65470,"43,0625257868"," -0,0429609418",1,3,3,1,1,3,2,2,4,1,, -1,1,0,1,2,1,66,5,1,2,0,2,1,1,202100034475B01,7,15,1
202100034477,2021-06-15,2021,juin,mardi,10:45,71,71414,"47,0096588416","4,2952944362",1,1,2,1,1,3,2,2,1,1,, -1,1,0,1,4,1,83,5,1,2,0,2,6,1,202100034477B01,7,1,1
202100034498,2021-06-15,2021,juin,mardi,08:10,64,64317,"43,3840060000"," -1,4444230000",1,1,4,1,1,3,2,3,1,1,, -1,1,0,1,1,1,62,5,1,2/6,0,9,4,2,202100034498A01,1,2,3
202100034498,2021-06-15,2021,juin,mardi,08:10,64,64317,"43,3840060000"," -1,4444230000",1,1,4,1,1,3,2,3,1,1,, -1,1,0,1,1,1,57,5,1,2/6,0,9,1,2,202100034498B01,1,2,3
202100034498,2021-06-15,2021,juin,mardi,08:10,64,64317,"43,3840060000"," -1,4444230000",1,1,4,1,1,3,2,3,1,1,, -1,1,0,1,4,1,62,5,1,2/6,0,9,1,2,202100034498C01,1,2,3
202100034498,2021-06-15,2021,juin,mardi,08:10,64,64317,"43,3840060000"," -1,4444230000",1,1,4,1,1,3,2,3,1,1,, -1,1,0,1,3,1,62,5,1,2/6,0,9,1,2,202100034498D01,1,2,3
202100034501,2021-06-14,2021,juin,lundi,08:55,16,16106,"46,0146120000","0,6755490000",2,3,1,1,7,3,2,2,2,1,0,6,1,0,1,4,1,64,5,1,4,0,2,1,1,202100034501B01,7,15,1
202100034505,2021-06-14,2021,juin,lundi,13:30,27,27284,"49,2762260512","1,7545284071",2,6,3,1,1,3,2,2,1,1,, -1,1,5,1,3,1,75,5,1,2,0,2,1,1,202100034505B01,7,9,1
202100034514,2021-06-15,2021,juin,mardi,06:15,45,45049,"47,8567390000","2,3522560000",1,1,4,2,1,3,2,2,1,1,, -1,1,0,1,3,1,39,5,2,,0,2,4,2,202100034514C01,7,2,1
202100034514,2021-06-15,2021,juin,mardi,06:15,45,45049,"47,8567390000","2,3522560000",1,1,4,2,1,3,2,2,1,1,, -1,1,0,1,3,1,47,5,1,2/4,0,2,4,2,202100034514B01,7,2,1
202100034520,2021-06-15,2021,juin,mardi,13:00,68,68359,"47,8401800000","7,1663050000",1,1,7,1,1,3,2,2,2,3,, -1,1,0,1,3,1,63,5,1,2/6,0,0,0,0,202100034520A01,,,
202100034521,2021-06-15,2021,juin,mardi,11:00,68,68287,"47,9639650000","7,2935490000",2,4,7,1,7,4,2,2,2,1,,4,1,0,1,3,2,67,5,1,2,0,0,0,1,202100034521A01,,,
202100034524,2021-06-14,2021,juin,lundi,20:15,69,69211,"46,1207808147","4,7376072407",2,9,3,1,1,3, -1,2,1,1,, -1,1,5,5,3,1,66,5,2,,0,2,8,19,202100034524B01,7,1,1
202100034525,2021-06-11,2021,juin,vendredi,15:50,69,69227,"45,6279940000","4,5308090000",1,1,2,1,1,3,2,2,1,2,, -1,1,0,1,4,1,62,5,1,2,0,2,4,2,202100034525B01,7,2,1
202100034567,2021-06-13,2021,juin,dimanche,17:35,69,69029,"45,7386600000","4,9171600000",2,3,2,1,1,4,1,1,1,3,, -1,1,9,1,4,1,51,5,2,,0,2,4,1,202100034567B01,32,1,1
202100034567,2021-06-13,2021,juin,dimanche,17:35,69,69029,"45,7386600000","4,9171600000",2,3,2,1,1,4,1,1,1,3,, -1,1,9,1,4,2,1,5,1,3,0,2,4,1,202100034567B01,32,1,1
202100034567,2021-06-13,2021,juin,dimanche,17:35,69,69029,"45,7386600000","4,9171600000",2,3,2,1,1,4,1,1,1,3,, -1,1,9,1,4,2,1,5,1,3,0,2,4,1,202100034567B01,32,1,1
202100034588,2021-06-13,2021,juin,dimanche,11:00,27,27554,"49,1042200000","1,4331800000",1,1,3,1,1,3, -1,2,2,3,, -1,1,0,1,4,2,58,5,1,2,0,2,1,1,202100034588B01,7,15,1
202100034609,2021-06-13,2021,juin,dimanche,14:15,75,75119,"48,8892510000","2,3712750000",2,2,6,1,1,4,1,2,1,1,, -1,1,0,5,1,1,20,4,1,2,0,2,1,1,202100034609A01,,,
202100034614,2021-06-12,2021,juin,samedi,21:00,75,75114,"48,8279100000","2,3268670000",2,7,3,1,1,4,2,4,1,1,, -1,1,5,6,4,2,28,9,1,2,0,2,2,1,202100034614A01,30,1,1
202100034636,2021-06-13,2021,juin,dimanche,06:40,26,26140,"45,1173740000","5,1014910000",1,1,2,2,1,3,2,2,1,1,, -1,1,0,1,3,1,77,5,1,2,0,0,4,2,202100034636B01,7,2,1
202100034638,2021-06-13,2021,juin,dimanche,10:35,73,73091,"45,7951620000","5,8181620000",2,9,3,1,1,3,2,2,2,2,, -1,1,9,1,3,1,53,5,1,2,0,2,1,1,202100034638B01,7,15,1
202100034639,2021-06-10,2021,juin,jeudi,16:30,71,71047,"46,5956040000","3,7930110000",1,1,2,1,1,3,2,2,1,1,, -1,1,0,1,4,2,55,5,1,2/4,0,2,4,2,202100034639B01,7,17,1
202100034649,2021-06-13,2021,juin,dimanche,22:30,71,71398,"46,7558825327","4,9558815832",1,1,1,3,1,3,2,2,1,1,, -1,1,0,1,3,1,29,5,2,,0,2,0,1,202100034649B01,7,1,1
202100034654,2021-06-13,2021,juin,dimanche,09:05,79,79226,"46,5602190000"," -0,4432510000",1,1,7,1,1,4,2,2,1,1,,0,1,0,1,3,1,41,5,1,9,0,2,0,1,202100034654B01,7,1,1
202100034656,2021-06-12,2021,juin,samedi,18:15,80,80686,"50,0264870000","2,3902990000",1,3,3,1,1,3,2,2,1,3,,5,1,0,1,3,1,18,5,2,,0,2,1,9,202100034656A01,7,1,1
202100034663,2021-06-09,2021,juin,mercredi,16:36,44,44036,"47,7182590000"," -1,3698400000",2,1,1,1,1,4,2,2,2,1,, -1,1,0,1,3,1,13,5,2,,0,2,1,13,202100034663A01,7,1,1
202100034665,2021-06-13,2021,juin,dimanche,18:40,29,29175,"48,2659550000"," -3,8102070000",1,1,7,1,1,3,2,2,2,1,, -1,1,0,1,4,1,60,5,2,,0,0,1,1,202100034665A01,,,
202100034667,2021-06-14,2021,juin,lundi,10:30,31,31085,"42,9176210000","0,7575850000",1,1,1,1,1,3,2,2,2,3,, -1,1,0,1,3,1,57,5,1,2,0,2,1,1,202100034667B01,7,5,1
202100034669,2021-06-12,2021,juin,samedi,09:45,84,84084,"43,7583286313","5,5068111427",1,1,6,1,1,3,2,2,1,1,, -1,1,0,1,3,1,67,5,1,2,0,5,1,1,202100034669A01,,,
202100034677,2021-06-14,2021,juin,lundi,14:40,50,50591,"48,5255901218"," -0,9197777511",1,1,3,1,1,3,2,2,1,1,, -1,1,0,1,3,1,73,5,1,2,0,2,8,0,202100034677A01,10,17,1
202100034678,2021-06-13,2021,juin,dimanche,10:15,07,07292,"45,1657000000","4,6557350000",1,1,3,1,1,3,2,2,2,1,, -1,1,0,1,3,1,64,5,1,2,0,2,3,1,202100034678B01,7,17,1
202100034691,2021-06-14,2021,juin,lundi,15:45,69,69027,"45,6744440000","4,7604260000",2,6,3,1,1,4,2,2,1,3,, -1,1,0,1,4,2,51,0,1,2,0,2,1,1,202100034691A01,7,9,1
202100034702,2021-06-14,2021,juin,lundi,11:15,81,81105,"43,7657670000","1,9797170000",2,9,3,1,7,4, -1,2,1,1,,"6,5",1,0,1,4,1,33,1,2,,0,0,7,1,202100034702B01,7,9,1
202100034703,2021-06-13,2021,juin,dimanche,09:30,81,81039,"43,7547560000","1,9309760000",1,1,3,1,1,3,2,2,1,1,, -1,1,0,1,4,1,72,5,1,2,0,2,8,1,202100034703B01,7,1,1
202100034748,2021-06-12,2021,juin,samedi,09:30,64,64545,"43,3784640000"," -1,6708229000",2,3,3,1,1,3,2,2,4,1,, -1,1,0,1,2,1,58,5,1,2,0,2,1,1,202100034748B01,10,15,1
202100034783,2021-06-12,2021,juin,samedi,12:00,75,75113,"48,8189940000","2,3595320000",2,2,3,1,1,4,3,2,1,1,, -1,1,5,1,4,1,46,5,1,2,0,2,7,15,202100034783A01,7,1,1
202100034786,2021-06-12,2021,juin,samedi,15:00,75,75111,"48,8504690000","2,3905940000",2,2,3,1,1,4,2,2,2,1,, -1,1,0,5,4,2,29,9,1,2,0,2,1,1,202100034786A01,34,1,1
202100034789,2021-06-12,2021,juin,samedi,00:55,75,75109,"48,8769760000","2,3481110000",2,1,1,5,1,4,2,4,2,1,, -1,1,0,5,4,1,39,5,1,2,0,2,1,1,202100034789B01,50,5,1
202100034791,2021-06-12,2021,juin,samedi,08:29,75,75107,"48,8609650000","2,3149640000",2,2,3,1,1,4,2,4,1,1,, -1,1,0,5,4,1,27,9,1,2,0,2,1,1,202100034791A01,10,1,1
202100034792,2021-06-10,2021,juin,jeudi,12:50,75,75103,"48,8686630000","2,3538900000",2,2,3,1,1,4,2,5,1,1,, -1,1,0,1,4,1,30,4,1,2,0,2,1,1,202100034792A01,7,15,1
202100034856,2021-06-12,2021,juin,samedi,17:10,53,53096,"48,2987050000"," -0,9334090000",2,2,5,1,7,4,2,2,1,1,,4,1,0,1,3,1,18,9,1,2,0,2,1,17,202100034856B01,7,15,1
202100034856,2021-06-12,2021,juin,samedi,17:10,53,53096,"48,2987050000"," -0,9334090000",2,2,5,1,7,4,2,2,1,1,,4,1,0,1,4,1,18,9,1,2,0,2,1,17,202100034856C01,7,15,1
202100034856,2021-06-12,2021,juin,samedi,17:10,53,53096,"48,2987050000"," -0,9334090000",2,2,5,1,7,4,2,2,1,1,,4,1,0,1,4,1,18,9,1,2,0,2,1,17,202100034856D01,7,15,1
202100034856,2021-06-12,2021,juin,samedi,17:10,53,53096,"48,2987050000"," -0,9334090000",2,2,5,1,7,4,2,2,1,1,,4,1,0,1,4,1,18,9,1,2,0,2,1,17,202100034856E01,7,15,1
202100034861,2021-06-12,2021,juin,samedi,16:30,27,27318,"49,1914330000","0,7804480000",2,4,6,1,1,3,2,2,1,3,, -1,1,0,1,4,1,69,5,1,2,0,2,8,1,202100034861B01,7,15,1
202100034890,2021-06-12,2021,juin,samedi,16:05,68,68171,"47,9423940000","6,9709430000",1,1,7,1,1,3,2,2,4,2,, -1,1,0,3,4,1,67,5,1,2,0,0,1,1,202100034890A01,,,
202100034971,2021-06-11,2021,juin,vendredi,07:57,65,65440,"43,2395940000","0,0738250000",2,9,3,1,1,3,2,2,1,1,, -1,1,5,1,4,1,16,5,2,,0,2,0,1,202100034971B01,7,1,1
202100035022,2021-06-09,2021,juin,mercredi,14:00,29,29019,"48,4125000000"," -4,4756000000",2,6,3,1,1,4,1,1,1,3,, -1,1,5,1,4,2,29,5,1,2/4,0,2,0,1,202100035022B01,7,9,1
202100035045,2021-06-11,2021,juin,vendredi,08:43,06,06069,"43,6316580000","6,9574960000",1,6,2,1,1,3,1,2,1,2,, -1,1,5,1,4,2,50,0,2,,0,2,4,16,202100035045B01,7,16,1
202100035052,2021-06-10,2021,juin,jeudi,15:01,75,75115,"48,8309150000","2,2923260000",2,2,3,1,1,4,3,3,2,1,, -1,1,5,1,2,1,26,9,1,2,0,2,8,18,202100035052B01,14,16,1
202100035054,2021-06-11,2021,juin,vendredi,09:37,75,75105,"48,8416580000","2,3377920000",2,2,3,1,1,4,1,0,2,1,, -1,1,0,6,4,1,37,1,1,2,0,2,8,7,202100035054B01,32,15,1
202100035057,2021-06-11,2021,juin,vendredi,09:00,75,75119,"48,8935550000","2,3760220000",2,4,1,1,1,4,1,2,1,1,, -1,1,0,6,1,1,27,9,2,,0,2,1,9,202100035057A01,1,1,1
202100035057,2021-06-11,2021,juin,vendredi,09:00,75,75119,"48,8935550000","2,3760220000",2,4,1,1,1,4,1,2,1,1,, -1,1,0,6,4,2,29,9,2,,0,2,1,1,202100035057B01,1,9,1
202100035062,2021-06-10,2021,juin,jeudi,11:55,75,75116,"48,8625470000","2,2643320000",2,2,3,1,1,4,2,6,1,1,, -1,1,0,5,4,1,68,5,1,2,0,2,1,1,202100035062B01,7,14,1
202100035063,2021-06-11,2021,juin,vendredi,08:30,75,75115,"48,8337920000","2,2978440000",2,3,6,1,1,4,1,2,2,1,, -1,1,0,1,1,1,19,5,2,,0,1,1,1,202100035063A01,,,
202100035067,2021-06-11,2021,juin,vendredi,15:00,75,75109,"48,8790600000","2,3455470000",2,1,6,1,1,4,1,2,2,1,, -1,1,0,5,1,1,48,1,2,,0,1,1,1,202100035067A01,,,
202100035070,2021-06-11,2021,juin,vendredi,19:05,75,75107,"48,8623870000","2,3092410000",2,3,7,1,1,4,2,1,1,1,, -1,1,0,1,4,2,36,5,2,,0,0,1,1,202100035070A01,,,
202100035101,2021-06-09,2021,juin,mercredi,20:00,14,14207,"48,9971350000"," -0,4476820000",2,1,1,2,1,4,2,2,1,1,,4,1,0,1,4,1,12,5,2,,0,2,1,13,202100035101B01,7,21,1
202100035154,2021-06-11,2021,juin,vendredi,20:20,971,97116,"16,3103270000"," -61,4876510000",2,3,1,5,1,2,2,2,1,1,, -1,1,0,1,2,1,66,0,2,,0,2,1,13,202100035154A01,7,1,1
202100035173,2021-06-10,2021,juin,jeudi,17:15,33,33080,"44,7248870000"," -0,5268450000",2,3,3,1,1,1,1,1,3,1,, -1,1,3,1,3,1,57,0,2,,0,2,0,1,202100035173B01,15,16,1
202100035209,2021-06-09,2021,juin,mercredi,12:15,988,98818," -22,2874800000","166,4575700000",2,1,2,1,1,4,2,2,1,1,, -1,1,0,5,1,1,60,5,1,2/2,0,2,1,1,202100035209A01,1,1,1
202100035209,2021-06-09,2021,juin,mercredi,12:15,988,98818," -22,2874800000","166,4575700000",2,1,2,1,1,4,2,2,1,1,, -1,1,0,5,4,1,72,5,2,,0,2,4,1,202100035209B01,1,1,1
202100035275,2021-06-08,2021,juin,mardi,07:08,29,29019,"48,3908700000"," -4,4446600000",2,1,3,1,1,4,2,2,1,1,, -1,1,0,5,4,1,58,0,2,,0,2,1,1,202100035275B01,7,15,1
202100035300,2021-06-10,2021,juin,jeudi,19:20,75,75120,"48,8519920000","2,4021340000",2,1,3,1,1,4,2,2,1,1,, -1,1,0,1,3,1,20,9,1,2,0,2,1,1,202100035300B01,7,15,1
202100035304,2021-06-10,2021,juin,jeudi,09:14,75,75119,"48,8812590000","2,3732510000",2,2,3,1,1,4,1,2,1,1,, -1,1,0,1,4,2,32,1,1,2,0,2,7,1,202100035304A01,10,1,1
202100035310,2021-06-09,2021,juin,mercredi,11:00,75,75116,"48,8575930000","2,2286510000",2,1,2,1,1,4,2,4,1,1,, -1,1,0,5,4,1,65,5,1,2,0,2,1,2,202100035310A01,14,23,1
202100035320,2021-06-10,2021,juin,jeudi,20:28,75,75110,"48,8773590000","2,3496320000",2,2,3,2,1,4,2,2,2,1,, -1,1,0,1,4,1,29,9,1,2,0,2,7,1,202100035320B01,7,1,1
202100035325,2021-06-10,2021,juin,jeudi,09:49,75,75108,"48,8642670000","2,3030350000",2,1,3,1,1,4,3,3,1,1,, -1,1,0,1,4,2,25,1,1,2,0,2,5,12,202100035325B01,7,2,1
202100035327,2021-06-09,2021,juin,mercredi,23:40,75,75108,"48,8667950000","2,3220740000",2,7,3,5,1,4,1,8,1,1,, -1,1,0,1,4,1,69,5,1,2,0,2,1,1,202100035327B01,10,1,1
202100035328,2021-06-09,2021,juin,mercredi,23:33,75,75108,"48,8822200000","2,3203890000",2,2,3,5,1,4,3,3,1,1,, -1,1,5,1,3,2,22,9,1,2,0,2,0,19,202100035328B01,33,1,1
202100035330,2021-06-10,2021,juin,jeudi,10:50,75,75102,"48,8673480000","2,3440040000",2,5,1,1,1,4,2,2,1,1,, -1,1,0,5,4,2,24,1,1,2,0,2,1,1,202100035330A01,7,1,1
202100035331,2021-06-09,2021,juin,mercredi,18:00,75,75104,"48,8558170000","2,3563600000",2,2,3,1,1,4,2,2,1,1,, -1,1,0,1,1,2,26,5,1,2,0,2,8,13,202100035331B01,1,1,1
202100035331,2021-06-09,2021,juin,mercredi,18:00,75,75104,"48,8558170000","2,3563600000",2,2,3,1,1,4,2,2,1,1,, -1,1,0,1,4,2,26,5,1,2,0,2,7,1,202100035331A01,1,13,1
202100035364,2021-06-09,2021,juin,mercredi,17:00,71,71490,"46,5436020000","4,1113970000",1,1,7,1,2,3,2,2,1,1,, -1,2,0,3,3,1,72,5,1,2,0,0,0,2,202100035364A01,,,
202100035368,2021-06-10,2021,juin,jeudi,16:15,46,46021,"44,5813280000","1,9577340000",1,1,5,1,1,3,2,2,2,1,, -1,1,0,1,1,1,76,5,1,2,0,0,0,26,202100035368H01,7,17/21,2
202100035368,2021-06-10,2021,juin,jeudi,16:15,46,46021,"44,5813280000","1,9577340000",1,1,5,1,1,3,2,2,2,1,, -1,1,0,1,1,1,71,5,1,2,0,0,0,26,202100035368G01,7,17/21,2
202100035368,2021-06-10,2021,juin,jeudi,16:15,46,46021,"44,5813280000","1,9577340000",1,1,5,1,1,3,2,2,2,1,, -1,1,0,1,1,1,70,5,1,2,0,0,0,26,202100035368F01,7,17/21,2
202100035368,2021-06-10,2021,juin,jeudi,16:15,46,46021,"44,5813280000","1,9577340000",1,1,5,1,1,3,2,2,2,1,, -1,1,0,1,1,2,68,5,1,2,0,0,0,26,202100035368E01,7,17/21,2
202100035368,2021-06-10,2021,juin,jeudi,16:15,46,46021,"44,5813280000","1,9577340000",1,1,5,1,1,3,2,2,2,1,, -1,1,0,1,1,1,64,5,1,2,0,0,0,14,202100035368D01,7,17/21,2
202100035368,2021-06-10,2021,juin,jeudi,16:15,46,46021,"44,5813280000","1,9577340000",1,1,5,1,1,3,2,2,2,1,, -1,1,0,1,2,1,80,5,1,2,0,2,1,13,202100035368A01,7,17/21,2
202100035375,2021-06-11,2021,juin,vendredi,14:30,29,29228,"48,0297680000"," -4,5978860000",1,1,3,1,1,3,2,2,1,1,, -1,1,0,1,3,1,68,5,1,2,0,2,8,2,202100035375B01,7,17,1
202100035382,2021-05-31,2021,mai,lundi,09:30,45,45175,"47,7555480000","1,8266940000",1,1,2,1,1,3,2,2,1,1,, -1,1,0,1,3,1,73,5,1,2,0,2,4,15,202100035382B01,2,17,1
202100035389,2021-06-11,2021,juin,vendredi,10:00,28,28071,"48,4106340000","1,0659600000",1,1,7,1,1,3,2,2,1,1,, -1,1,0,1,3,1,45,5,1,2,0,0,7,1,202100035389A01,,,
202100035407,2021-06-11,2021,juin,vendredi,20:00,84,84119,"43,9598350000","4,9411650000",1,1,2,1,1,3,2,2,1,1,, -1,1,0,3,2,1,55,5,1,2,0,2,4,1,202100035407B01,7,18,1
202100035447,2021-06-09,2021,juin,mercredi,17:30,988,98818," -22,3075600000","166,4501700000",2,1,3,2,1,4,2,2,2,1,, -1,1,0,1,4,1,34,5,1,2/2,0,2,1,1,202100035447B01,3,16,1
202100035485,2021-06-09,2021,juin,mercredi,07:49,63,63113,"45,7775300000","3,0952600000",2,3,3,1,1,4,2,2,1,1,, -1,1,0,1,4,1,27,0,2,,0,2,1,1,202100035485B01,7,15,1
202100035506,2021-06-01,2021,juin,mardi,17:20,34,34108,"43,4257718675","3,7311324477",2,1,3,1,1,4,3,3,1,1,, -1,1,0,1,3,2,25,5,1,2,0,2,8,19,202100035506A01,10,1,1
202100035538,2021-06-08,2021,juin,mardi,21:45,75,75117,"48,8820500000","2,3010600000",2,3,2,5,1,4,1,1,1,1,, -1,1,0,1,4,2,54,4,1,2,0,2,4,23,202100035538B01,7,1,1
202100035543,2021-06-09,2021,juin,mercredi,18:30,75,75111,"48,8658500000","2,3715750000",2,4,3,1,1,4,2,5,1,1,, -1,1,0,5,4,1,29,4,1,2,0,2,1,1,202100035543B01,32,1,1
202100035549,2021-06-09,2021,juin,mercredi,19:30,75,75107,"48,8574350000","2,2911050000",2,3,3,1,1,4,2,4,1,1,, -1,1,0,5,1,2,34,5,1,2,0,2,0,14,202100035549A01,1,1,1
202100035549,2021-06-09,2021,juin,mercredi,19:30,75,75107,"48,8574350000","2,2911050000",2,3,3,1,1,4,2,4,1,1,, -1,1,0,5,4,1,29,5,1,2,0,2,0,1,202100035549B01,1,14,1
202100035550,2021-06-09,2021,juin,mercredi,17:30,75,75107,"48,8628520000","2,3128410000",2,1,7,1,1,4,2,6,1,1,, -1,1,0,5,4,2,43,9,1,2,0,0,0,1,202100035550A01,,,
202100035552,2021-06-09,2021,juin,mercredi,16:38,75,75104,"48,8552680000","2,3608850000",2,1,6,1,7,4,2,4,1,1,, -1,1,0,5,4,1,62,5,1,2,14,0,1,14,202100035552A01,,,
202100035553,2021-06-09,2021,juin,mercredi,14:00,75,75104,"48,8552680000","2,3608850000",2,1,6,1,1,4,2,4,1,1,, -1,1,0,5,4,2,64,5,1,2,14,0,1,14,202100035553A01,,,
202100035554,2021-06-08,2021,juin,mardi,09:55,75,75103,"48,8654590000","2,3561170000",2,2,3,1,1,4,1,4,1,1,, -1,1,0,1,4,1,33,5,2,,0,2,7,1,202100035554B01,10,15,1
202100035597,2021-06-09,2021,juin,mercredi,10:45,51,51582,"49,2978240716","3,8950003128",2,1,7,1,1,3,2,2,2,3,, -1,1,0,1,3,1,68,5,1,2,0,5,0,1,202100035597A01,,,
202100035600,2021-06-09,2021,juin,mercredi,17:15,80,80811,"49,7714980000","2,9839200000",2,1,1,1,1,3,2,2,1,1,, -1,1,0,1,4,1,45,5,1,2,0,2,1,1,202100035600B01,7,26,1
202100035609,2021-06-10,2021,juin,jeudi,16:11,02,02820,"49,6246540000","3,2713080000",1,2,3,1,7,3,2,2,1,1,, -1,1,0,1,3,1,69,5,2,,0,2,1,1,202100035609A01,37,1,1
202100035615,2021-06-08,2021,juin,mardi,14:25,45,45008,"48,0578570000","1,8760980000",1,1,3,1,1,3,2,2,1,1,, -1,1,0,1,3,1,18,5,2,,0,2,8,1,202100035615B01,10,17,1
202100035619,2021-06-10,2021,juin,jeudi,16:48,53,53062,"47,8282180000"," -0,7233270000",2,3,3,1,1,4,2,1,2,1,,3,1,0,1,3,1,15,5,2,,0,2,1,15,202100035619A01,7,1,1