Num_Acc,date,an,mois,jour,hrmn,dep,com,lat,long,agg,int,col,lum,atm,catr,circ,nbv,prof,plan,lartpc,larrout,surf,infra,situ,grav,sexe,age,trajet,secuexist,equipement,obs,obsm,choc,manv,vehiculeid,typevehicules,manoeuvehicules,numVehicules
202100035620,2021-06-08,2021,juin,mardi,18:57,24,24009,"45,3199950000","1,1209100000",1,1,7,1,1,4,2,2,2,2,, -1,1,0,1,3,1,58,0,2,,0,0,0,1,202100035620A01,,,
202100035621,2021-06-08,2021,juin,mardi,14:45,27,27693,"48,8947580000","1,0765640000",2,3,3,1,1,4, -1,1,2,1,,3,1,0,1,3,1,61,5,1,2,0,2,1,2,202100035621A01,7,16,1
202100035638,2021-06-10,2021,juin,jeudi,00:05,85,85083,"46,9842800000"," -2,2724100000",2,1,6,3,1,9,2,2,1,1,, -1,1,0,5,1,1,28,1,2,,0,1,2,0,202100035638A01,,,
202100035697,2021-06-08,2021,juin,mardi,08:40,65,65440,"43,2411720000","0,0782780000",2,1,6,1,1,3, -1,2,1,1,, -1,1,0,1,1,1,31,1,2,,0,1,1,1,202100035697A01,,,
202100035746,2021-06-08,2021,juin,mardi,17:55,75,75120,"48,8718310000","2,3920470000",2,1,3,1,1,4,2,2,2,1,, -1,1,0,1,4,1,44,1,2,,0,2,8,1,202100035746A01,7,17,1
202100035749,2021-06-08,2021,juin,mardi,10:20,75,75120,"48,8649640000","2,3955370000",2,2,3,1,1,4,2,4,2,1,, -1,1,0,1,4,1,27,1,2,,0,2,1,1,202100035749B01,7,15,1
202100035751,2021-06-08,2021,juin,mardi,13:40,75,75118,"48,8924230000","2,3336070000",2,3,6,1,1,4, -1,0,1,1,, -1,1,0,1,1,1,39,9,2,,0,1,1,1,202100035751A01,,,
202100035758,2021-06-08,2021,juin,mardi,10:00,75,75112,"48,8454980000","2,3712610000",2,2,3,1,1,4,1,2,1,1,, -1,1,0,5,4,1,24,1,2,,0,2,1,1,202100035758B01,7,16,1
202100035759,2021-06-08,2021,juin,mardi,17:40,75,75111,"48,8607563284","2,3842786252",2,1,3,1,1,4,1,1,1,1,, -1,1,0,5,4,1,33,1,1,2,0,2,3,18,202100035759B01,7,22,1
202100035760,2021-06-08,2021,juin,mardi,12:34,75,75110,"48,8715730000","2,3536250000",2,3,3,1,1,4,1,1,1,1,, -1,1,0,1,4,2,47,9,2,,0,2,1,1,202100035760B01,10,15,1
202100035763,2021-06-07,2021,juin,lundi,18:50,75,75103,"48,8680850000","2,3614530000",2,1,1,1,1,4,2,5,2,1,, -1,1,0,1,4,2,59,1,1,2,0,2,1,1,202100035763B01,32,13,1
202100035772,2021-06-07,2021,juin,lundi,16:05,93,93050,"48,8564000000","2,5263100000",2,1,3,1,1,3,2,2,1,1,, -1,1,0,1,4,1,43,5,2,,0,2,1,19,202100035772Y01,7,1,1
202100035805,2021-06-08,2021,juin,mardi,17:00,67,67066,"48,4783398570","7,2149464488",2,3,3,1,1,3,2,1,1,3,,3,1,0,6,4,1,10,0,2,,0,2,1,0,202100035805B01,7,0,1
202100035806,2021-06-07,2021,juin,lundi,17:00,79,79202,"46,6390800000"," -0,2409320000",2,1,3,1,1,3,2,2,1,1,,7,1,0,1,3,1,21,1,2,,0,2,0,9,202100035806A01,15,2,1
202100035811,2021-06-09,2021,juin,mercredi,08:00,42,42313,"45,7266305789","4,0198681486",2,4,2,1,1,4,2,1,1,2,,4,1,0,1,4,1,70,5,2,,0,0,4,9,202100035811A01,10,1,1
202100035813,2021-06-08,2021,juin,mardi,14:11,22,22365,"48,3376810026"," -3,2685184479",1,1,3,1,1,3,2,2,2,1,, -1,1,8,1,3,1,68,5,1,6/2,0,2,3,1,202100035813A01,20,26,1
202100035834,2021-06-09,2021,juin,mercredi,09:00,83,83042,"43,2452460000","6,5341030000",1,1,1,1,1,3,2,2,1,1,, -1,1,0,1,3,1,65,5,1,2,0,2,1,1,202100035834B01,37,15,1
202100035835,2021-06-09,2021,juin,mercredi,08:15,83,83068,"43,2696870000","6,5415000000",1,1,2,1,1,3,2,2,2,3,, -1,1,0,1,3,1,84,5,1,2,0,0,4,9,202100035835A01,7,1,1
202100035837,2021-06-08,2021,juin,mardi,16:20,67,67131,"48,4815880000","7,7245260000",2,3,3,1,1,4,2,2,1,1,,4,1,0,1,4,2,87,0,2,,0,2,1,19,202100035837A01,7,16,1
202100035838,2021-06-08,2021,juin,mardi,17:00,63,63263,"45,8068051489","3,0133575544",2,1,7,1,1,7,2,2,2,1,, -1,1,0,1,3,1,70,5,1,2,0,9,0,1,202100035838A01,,,
202100035839,2021-06-08,2021,juin,mardi,18:00,69,69204,"45,6980120000","4,7946310000",2,2,3,1,1,7,2,3,1,1,,9,1,0,1,4,2,13,5,1,2,0,0,8,19,202100035839B01,7,15,1
202100035840,2021-06-08,2021,juin,mardi,17:45,81,81140,"43,6916920000","1,8003420000",2,6,3,1,1,3,2,1,1,1,,4,1,5,1,3,1,60,5,2,,0,0,1,9,202100035840B01,7,9,1
202100035863,2021-06-07,2021,juin,lundi,19:00,79,79191,"46,3244300000"," -0,4616900000",2,1,7,1,1,4,1,1,1,1,, -1,1,6,1,1,1,18,5,2,,0,1,1,19,202100035863A01,,,
202100035892,2021-04-19,2021,avril,lundi,07:50,65,65440,"43,2284500000","0,0758300000",2,6,3,1,1,4,2,2,1,1,, -1,1,0,1,4,1,53,0,2,,0,2,1,1,202100035892B01,7,9,1
202100035895,2021-06-05,2021,juin,samedi,14:57,63,63113,"45,7841300000","3,1429600000",2,1,2,1,1,7,3,4,1,1,, -1,1,0,1,4,1,43,0,1,2,0,2,4,2,202100035895B01,7,26,1
202100035940,2021-06-07,2021,juin,lundi,20:50,75,75105,"48,8431830000","2,3642690000",2,4,1,1,1,4,2,6,1,1,, -1,1,0,6,3,1,28,9,1,2,0,2,2,1,202100035940B01,30,5,1
202100035941,2021-06-07,2021,juin,lundi,18:40,75,75120,"48,8518510000","2,4013820000",2,2,6,1,1,4,2,2,1,1,, -1,1,0,1,1,1,34,4,1,2,0,1,2,1,202100035941A01,,,
202100035943,2021-06-07,2021,juin,lundi,14:30,75,75118,"48,8991510000","2,3362640000",2,2,2,1,1,4,2,4,1,1,, -1,1,0,1,4,1,42,4,1,2,0,2,4,1,202100035943B01,30,17,1
202100035947,2021-06-07,2021,juin,lundi,13:20,75,75111,"48,8583180000","2,3678980000",2,1,3,1,1,4,2,2,1,1,, -1,1,0,6,4,1,25,9,1,2,0,2,8,17,202100035947B01,7,13,1
202100035949,2021-06-07,2021,juin,lundi,18:55,75,75114,"48,8279950000","2,3262710000",2,1,3,1,1,4,2,3,1,1,, -1,1,0,1,4,2,27,9,1,2,0,2,1,17,202100035949B01,7,22,1
202100035975,2021-06-07,2021,juin,lundi,14:10,22,22234,"48,5059220000"," -2,8952940000",1,1,7,1,1,4,2,2,1,2,,4,1,0,1,2,1,64,5,1,2,0,0,0,1,202100035975A01,,,
202100035978,2021-05-31,2021,mai,lundi,18:30,974,97414," -21,2878500000","55,4128400000",2,2,3,4,1,4,1,1,1,1,,4,1,0,1,3,1,16,3,2,,0,2,8,9,202100035978A01,10,1,1
202100035985,2021-06-08,2021,juin,mardi,09:30,51,51030,"49,0466340000","4,0899240000",2,3,1,1,1,3,2,2,1,1,,"5,5",1,0,8,3,1,69,5,2,,0,2,5,1,202100035985B01,7,1,1
202100035987,2021-06-05,2021,juin,samedi,16:45,76,76195,"49,7925700000","0,5567500000",1,1,7,1,1,3,2,2,2,4,, -1,1,0,1,3,1,63,5,2,,0,0,0,1,202100035987A01,,,
202100036009,2021-06-06,2021,juin,dimanche,11:20,53,53007,"48,0876440000"," -0,6363430000",2,1,2,1,1,3,2,2,4,1,, -1,1,0,1,3,1,38,5,1,2,0,2,1,2,202100036009A01,1,1,1
202100036009,2021-06-06,2021,juin,dimanche,11:20,53,53007,"48,0876440000"," -0,6363430000",2,1,2,1,1,3,2,2,4,1,, -1,1,0,1,1,1,68,5,1,2,0,2,4,1,202100036009B01,1,2,1
202100036027,2021-05-29,2021,mai,samedi,10:30,67,67442,"48,5940200000","7,4965020000",2,1,3,1,1,4,2,2,2,1,,4,1,0,1,3,2,77,5,2,,0,2,7,1,202100036027B01,7,26,1
202100036029,2021-06-07,2021,juin,lundi,18:45,64,64422,"43,1989660000"," -0,6120690000",2,1,6,1,1,3,2,2,1,1,, -1,1,0,5,3,1,62,0,2,,0,2,8,1,202100036029B01,7,17,1
202100036034,2021-06-07,2021,juin,lundi,16:30,35,35287,"48,6312990000"," -2,0997730000",2,1,3,1,1,3,2,2,2,1,, -1,1,0,1,3,1,82,5,1,2,0,2,8,2,202100036034A01,7,2,1
202100036037,2021-06-07,2021,juin,lundi,13:00,59,59181,"50,1751040000","3,9548550000",1,3,3,1,1,3,2,2,1,1,,5,1,0,1,2,1,19,5,1,2,0,2,8,15,202100036037B01,7,1,1
202100036093,2021-06-06,2021,juin,dimanche,10:28,75,75116,"48,8606090000","2,2298510000",2,1,4,1,1,4,2,2,1,1,, -1,1, -1,5,4,1,48,5,1,2,0,2,4,2,202100036093C01,1,2,2
202100036093,2021-06-06,2021,juin,dimanche,10:28,75,75116,"48,8606090000","2,2298510000",2,1,4,1,1,4,2,2,1,1,, -1,1, -1,5,4,1,47,5,1,2,0,2,4,2,202100036093B01,1,2,2
202100036093,2021-06-06,2021,juin,dimanche,10:28,75,75116,"48,8606090000","2,2298510000",2,1,4,1,1,4,2,2,1,1,, -1,1, -1,5,3,1,58,5,1,2,0,2,1,2,202100036093A01,1,2,2
202100036097,2021-06-05,2021,juin,samedi,21:49,75,75113,"48,8261730000","2,3572750000",2,2,3,5,1,4,2,5,1,1,, -1,1,0,1,4,1,28,4,1,2,1,2,8,19,202100036097A01,7,1,1
202100036098,2021-06-06,2021,juin,dimanche,17:45,75,75111,"48,8583290000","2,3897000000",2,4,3,1,1,4,3,4,1,1,, -1,1,0,1,4,1,30,9,2,,0,2,1,1,202100036098A01,7,16,1
202100036103,2021-06-06,2021,juin,dimanche,19:10,75,75102,"48,8686680000","2,3538930000",2,2,3,1,1,4,1,4,1,1,, -1,1,0,1,4,1,25,5,2,,0,2,2,1,202100036103B01,7,22,1
202100036119,2021-06-07,2021,juin,lundi,10:20,26,26031,"44,5551960000","4,8515260000",1,6,3,1,1,3, -1,1,1,2,, -1,1,5,1,3,1,46,5,1,2,0,2,2,1,202100036119B01,7,9,1
202100036127,2021-06-06,2021,juin,dimanche,11:45,59,59326,"50,9474806525","2,5896546000",1,1,6,1,1,3,2,2,1,1,, -1,1,0,1,4,1,30,5,1,2,0,5,4,0,202100036127A01,,,
202100036134,2021-06-06,2021,juin,dimanche,11:50,82,82031,"44,0286097031","1,0405482352",2,2,3,1,1,4,2,2,1,1,,4,1,0,1,4,1,10,5,2,,0,2,2,19,202100036134B01,7,1,1
202100036136,2021-06-05,2021,juin,samedi,14:30,61,61075,"48,4640040000"," -0,6416860000",1,1,7,1,1,3,2,2,1,1,, -1,1,0,1,2,1,61,5,1,2,0,0,0,1,202100036136A01,,,
202100036139,2021-06-06,2021,juin,dimanche,10:50,44,44129,"47,4378010000"," -2,0881370000",2,3,3,1,1,3,2,2,1,1,, -1,1,0,1,3,1,54,5,1,2,0,2,1,18,202100036139B01,7,15,1
202100036142,2021-06-06,2021,juin,dimanche,10:00,29,29218,"48,0460740000"," -4,5229880000",1,1,4,1,1,4,2,2,2,2,, -1,1,0,1,4,1,51,5,1,2,0,2,0,2,202100036142C01,1,1/17,2
202100036142,2021-06-06,2021,juin,dimanche,10:00,29,29218,"48,0460740000"," -4,5229880000",1,1,4,1,1,4,2,2,2,2,, -1,1,0,1,4,1,21,5,1,2,0,2,0,1,202100036142B01,1,2/17,2
202100036142,2021-06-06,2021,juin,dimanche,10:00,29,29218,"48,0460740000"," -4,5229880000",1,1,4,1,1,4,2,2,2,2,, -1,1,0,1,3,1,70,5,1,2,0,2,4,17,202100036142A01,1,2/1,2
202100036145,2021-06-06,2021,juin,dimanche,17:40,03,03021,"46,1183320000","3,1201390000",2,1,7,1,8,3,2,2,1,1,, -1,1,0,1,3,1,12,5,2,,0,0,0,26,202100036145A01,,,
202100036163,2021-05-31,2021,mai,lundi,12:35,24,24150,"44,7426400000","1,1877190000",1,1,1,1,1,4,2,2,1,3,, -1,1,0,1,3,1,20,5,1,2,0,2,0,1,202100036163A01,7,1,1
202100036177,2021-06-05,2021,juin,samedi,21:30,68,68342,"47,8194800000","7,1772370000",2,9,3,2,1,4,2,1,2,3,,3,1,0,1,3,1,50,5,2,,0,2,1,0,202100036177B01,7,0,1
202100036239,2021-06-04,2021,juin,vendredi,14:20,54,54329,"48,5807400000","6,5101200000",2,1,2,1,1,4,2,4,1,1,, -1,1,0,1,3,1,64,5,1,2,0,2,4,1,202100036239B01,7,2,1
202100036264,2021-06-05,2021,juin,samedi,19:00,75,75119,"48,8988210000","2,3729390000",2,1,3,1,1,4,2,2,1,1,, -1,1,0,1,4,1,19,9,2,,0,2,2,9,202100036264A01,7,1,1
202100036266,2021-06-05,2021,juin,samedi,20:30,75,75115,"48,8454800000","2,3095780000",2,4,3,1,1,4,3,3,1,1,, -1,1,0,5,4,1,41,9,1,2,0,2,2,5,202100036266A01,50,1,1
202100036268,2021-06-05,2021,juin,samedi,17:50,75,75111,"48,8528280000","2,3931640000",2,1,3,1,1,4,2,2,1,1,, -1,1,0,1,4,2,26,9,1,2,0,2,1,1,202100036268A01,10,22,1
202100036300,2021-06-05,2021,juin,samedi,15:21,79,79163,"46,1535900000","0,0822420000",2,3,3,1,1,3,2,2,1,3,,"6,6",1,5,1,1,1,16,5,2,,0,0,0,16,202100036300A01,2,21,1
202100036306,2021-05-13,2021,mai,jeudi,09:25,56,56027,"47,9231510000"," -2,6760186000",1,2,5,1,1,3,2,2,1,1,, -1,1,0,1,4,1,83,5,1,2,0,0,8,1,202100036306B01,7,19,1
202100036306,2021-05-13,2021,mai,jeudi,09:25,56,56027,"47,9231510000"," -2,6760186000",1,2,5,1,1,3,2,2,1,1,, -1,1,0,1,4,1,83,5,1,2,0,2,3,1,202100036306C01,7,19,1
202100036325,2021-06-06,2021,juin,dimanche,10:00,06,06041,"43,7700710000","6,9720270000",1,1,6,1,1,3,2,2,2,1,, -1,1,0,1,3,1,30,9,1,2,13,0,2,1,202100036325A01,,,
202100036469,2021-06-04,2021,juin,vendredi,14:15,75,75115,"48,8495320000","2,2985400000",2,3,3,1,8,4,2,2,1,1,, -1,2,0,1,4,1,25,4,2,,0,2,3,15,202100036469B01,32,1,1
202100036497,2021-06-05,2021,juin,samedi,09:30,95,95313,"49,1114577856","2,2217327356",2,1,3,1,1,3,2,2,1,1,, -1,1,0,1,3,1,61,1,2,,1,2,6,19,202100036497B01,7,1,1
202100036505,2021-06-04,2021,juin,vendredi,13:20,06,06033,"43,7841780000","7,1772290000",1,1,1,1,1,7,2,2,2,4,, -1,1,0,1,2,1,27,5,1,2,0,2,1,1,202100036505B01,7,1,1
202100036506,2021-06-01,2021,juin,mardi,14:45,74,74180,"46,3520450000","6,2985780000",2,1,6,1,1,3,2,2,1,1,, -1,1,0,1,3,1,14,5,2,,0,2,0,13,202100036506B01,7,1,1
202100036513,2021-06-04,2021,juin,vendredi,16:50,38,38167,"45,4677860000","5,3213630000",2,1,1,1,1,4,2,2,1,1,, -1,1,0,1,4,1,41,5,1,2,0,2,1,0,202100036513B01,7,15,1
202100036539,2021-06-04,2021,juin,vendredi,08:15,2B,2B042,"42,5577000000","9,4414720000",2,1,3,1,1,2,2,2,2,1,, -1,1,9,5,3,1,68,5,2,,0,0,8,1,202100036539B01,7,15,1
202100036542,2021-06-04,2021,juin,vendredi,14:10,89,89257,"47,9583370000","3,5040650000",1,4,1,1,1,3,2,2,1,3,, -1,1,5,1,4,1,15,5,2,,0,2,7,15,202100036542A01,7,1,1
202100036679,2021-06-03,2021,juin,jeudi,13:00,2A,2A024,"41,7751840000","9,0893840000",1,1,6,1,1,3, -1,2,1,3,, -1,1,0,1,3,1,78,5,1,2,0,6,8,1,202100036679A01,,,
202100036685,2021-06-04,2021,juin,vendredi,10:00,04,04102,"44,4635790000","6,3621700000",1,1,6,1,1,3,2,2,1,1,, -1,1,0,1,4,1,63,5,1,2,0,5,8,1,202100036685A01,,,
202100036686,2021-05-29,2021,mai,samedi,14:35,51,51009,"48,5824520000","3,8118050000",2,1,7,1,1,4, -1,1,1,1,,3,1,0,8,2,1,14,5,2,,0,0,0,26,202100036686A01,,,
202100036688,2021-05-31,2021,mai,lundi,14:15,56,56204,"47,9190530000"," -2,7206400000",2,2,3,1,1,3,2,2,3,1,,"5,5",1,0,1,3,1,74,5,1,2,0,2,1,1,202100036688B01,7,9,1
202100036697,2021-06-03,2021,juin,jeudi,19:00,03,03293,"46,6267770000","2,5895170000",2,2,3,1,1,3,2,2,1,1,, -1,1,0,1,3,2,10,5,2,,0,2,1,1,202100036697B01,7,1,1
202100036711,2021-06-04,2021,juin,vendredi,15:00,91,91461,"48,5859570000","2,2211210000",2,2,3,1,1,4,2,2,2,1,,5,1,0,1,3,1,28,1,2,,0,2,1,0,202100036711B01,7,26,1
202100036718,2021-06-02,2021,juin,mercredi,18:00,67,67028,"48,3662650000","7,5905120000",2,1,3,1,1,4,2,2,1,1,,4,1,9,1,3,1,12,5,1,2,0,0,8,19,202100036718B01,7,1,1
202100036770,2021-06-01,2021,juin,mardi,18:55,83,83126,"43,1054200000","5,8565040000",2,9,6,1,2,7,3,4,1,1,, -1,2,0,5,4,1,51,1,2,,0,2,0,19,202100036770B01,7,1,1
202100036793,2021-06-02,2021,juin,mercredi,09:50,54,54395,"48,6839200714","6,1808502674",2,1,3,1,1,4,1,1,1,1,, -1,1, -1,1,4,1,82,5,1,2,0,2,7,1,202100036793B01,7,26,1
202100036831,2021-06-02,2021,juin,mercredi,14:15,75,75106,"48,8431110000","2,3384690000",2,1,2,1,1,4,2,4,1,1,, -1,1,0,5,4,1,17,5,2,,0,2,1,1,202100036831B01,10,20,1
202100036835,2021-06-02,2021,juin,mercredi,19:00,75,75117,"48,8902390000","2,3172200000",2,3,3,1,1,4, -1,2,1,1,, -1,1,0,1,4,2,19,4,1,2,0,2,3,1,202100036835B01,7,14,1
202100036836,2021-05-31,2021,mai,lundi,18:08,75,75116,"48,8772650000","2,2785770000",2,3,3,1,1,4,2,4,1,1,, -1,1,0,1,4,2,69,5,2,,0,2,3,1,202100036836B01,7,12,1
202100036837,2021-06-02,2021,juin,mercredi,14:30,75,75115,"48,8473860000","2,3007960000",2,1,3,1,1,4,2,3,1,1,, -1,1,0,1,4,1,22,5,2,,0,2,8,19,202100036837A01,2,1,1
202100036838,2021-06-02,2021,juin,mercredi,09:10,75,75115,"48,8338860000","2,3016180000",2,1,3,1,1,4,2,2,2,1,, -1,1,0,1,4,2,32,1,2,,0,2,7,17,202100036838B01,10,22,1
202100036843,2021-06-02,2021,juin,mercredi,18:40,75,75107,"48,8577230000","2,2915550000",2,1,2,1,1,4,2,2,1,1,, -1,1,0,1,4,1,17,5,1,2,0,2,3,2,202100036843A01,1,1,1
202100036843,2021-06-02,2021,juin,mercredi,18:40,75,75107,"48,8577230000","2,2915550000",2,1,2,1,1,4,2,2,1,1,, -1,1,0,1,1,1,36,1,1,2,0,2,4,1,202100036843B01,1,2,1
202100036863,2021-05-31,2021,mai,lundi,08:20,93,93029,"48,9200500000","2,4513900000",2,1,3,1,1,3,2,2,1,1,, -1,1,0,1,4,1,18,2,2,,0,2,2,20,202100036863B01,7,23,1
202100036868,2021-06-02,2021,juin,mercredi,10:50,92,92046,"48,8216368732","2,2976419330",2,1,6,1,1,3,2,0,2,1,, -1,1,9,5,4,2,38,9,2,,0,1,1,26,202100036868A01,,,
202100036880,2021-06-03,2021,juin,jeudi,12:00,31,31382,"43,4508240000","1,0742250000",1,2,3,1,1,4, -1,2,1,1,, -1,1,0,1,3,1,77,5,1,2,0,2,8,1,202100036880B01,7,1,1
202100036887,2021-06-02,2021,juin,mercredi,18:50,51,51389,"49,1330250000","4,3371860000",1,2,3,1,1,3,2,2,1,1,, -1,1,0,1,4,1,39,5,1,2,0,2,8,1,202100036887B01,7,19,1
202100036899,2021-06-02,2021,juin,mercredi,10:00,25,25559,"47,2597840000","6,8557910000",1,1,6,1,1,4,2,2,1,1,, -1,1,0,1,2,1,89,5,1,2,14,0,0,1,202100036899A01,,,
202100036924,2021-06-02,2021,juin,mercredi,18:40,57,57260,"49,1619510000","7,0315930000",2,1,6,1,1,4, -1,2,1,1,, -1,1,0,8,1,1,30,5,1,2,0,1,1,17,202100036924A01,,,
202100036924,2021-06-02,2021,juin,mercredi,18:40,57,57260,"49,1619510000","7,0315930000",2,1,6,1,1,4, -1,2,1,1,, -1,1,0,8,3,2,67,5,2,,0,1,1,17,202100036924A01,,,
202100037025,2021-05-30,2021,mai,dimanche,17:40,14,14341,"49,1524500000"," -0,3510200000",2,1,2,1,1,4,2,2,1,1,, -1,1,0,1,3,1,44,5,2,,0,2,6,1,202100037025B01,2,1,1
202100037044,2021-06-01,2021,juin,mardi,09:20,75,75116,"48,8649420000","2,2912190000",2,1,3,1,1,4, -1,0,2,1,, -1,1,0,1,4,1,29,1,2,,0,2,1,18,202100037044A01,7,22,1
202100037054,2021-06-01,2021,juin,mardi,18:20,75,75108,"48,8640780000","2,3201430000",2,7,7,1,1,4,1,4,1,1,, -1,1,0,5,4,2,58,1,2,,12,0,7,14,202100037054A01,,,
202100037056,2021-05-31,2021,mai,lundi,21:35,75,75103,"48,8671490000","2,3637250000",2,7,3,5,1,4,2,4,1,1,, -1,1,0,1,4,2,28,9,2,,0,2,7,19,202100037056B01,32,17,1
202100037104,2021-06-01,2021,juin,mardi,08:00,43,43135,"44,9407100000","3,9934770000",2,3,3,1,1,4,1,1,1,1,,"3,5",1,0,1,3,1,12,2,1,2/6,0,2,1,9,202100037104A01,7,1,1
202100037111,2021-05-22,2021,mai,samedi,17:35,35,35131,"48,1300970000"," -1,8051430000",1,2,3,1,1,7,2,2,2,3,, -1,1,5,1,4,1,69,5,1,2,0,2,1,1,202100037111A01,10,19,1
202100037122,2021-05-31,2021,mai,lundi,14:50,88,88196,"48,0808080000","6,8964450000",2,3,3,1,1,3,2,2,1,1,, -1,1,0,5,3,1,42,5,1,2/6,0,2,1,1,202100037122B01,10,16,1
202100037128,2021-06-02,2021,juin,mercredi,07:55,62,62861,"50,3682950000","2,7998940000",2,4,3,1,1,3,2,2,2,1,, -1,1,0,1,4,1,38,1,1,2,0,2,1,1,202100037128B01,7,1,1
202100037203,2021-05-03,2021,mai,lundi,18:30,71,71105,"46,3127900000","4,7857600000",2,6,3,1,1,3,1,2,1,2,, -1,1,5,1,4,1,62,1,1,2,0,2,7,2,202100037203B01,7,9,1
202100037261,2021-05-04,2021,mai,mardi,13:55,27,27554,"49,0937997661","1,3860303868",2,2,3,1,1,4,2,2,1,3,, -1,1,0,1,4,1,10,2,2,,0,2,2,13,202100037261B01,7,16,1
202100037283,2021-05-30,2021,mai,dimanche,20:09,75,75116,"48,8598620000","2,2787580000",2,1,1,1,1,4,1,1,1,1,, -1,1,0,5,4,1,33,4,2,,0,2,3,1,202100037283B01,30,5,1
202100037285,2021-05-30,2021,mai,dimanche,18:50,75,75115,"48,8372240000","2,2963300000",2,2,3,1,1,4,2,2,1,1,, -1,1,0,1,4,1,27,5,1,2,0,2,1,1,202100037285B01,7,15,1
202100037290,2021-05-31,2021,mai,lundi,18:40,75,75112,"48,8471780000","2,3956960000",2,1,2,1,1,4,2,2,1,1,, -1,1,0,1,4,1,28,5,2,,0,2,1,2,202100037290A01,7,2,1
202100037292,2021-05-31,2021,mai,lundi,12:00,75,75112,"48,8274630000","2,4193850000",2,3,5,1,1,4,2,4,1,1,, -1,1,0,1,4,2,39,5,2,,0,2,7,19,202100037292A01,7/ 15,1,2
202100037295,2021-05-31,2021,mai,lundi,17:40,75,75107,"48,8516400000","2,3125240000",2,2,7,1,1,4,1,2,1,1,, -1,1,6,5,4,1,21,5,2,,0,0,0,21,202100037295A01,,,
202100037296,2021-05-31,2021,mai,lundi,08:11,75,75107,"48,8549210000","2,3199620000",2,2,6,1,1,4,1,1,1,1,, -1,1,6,1,1,2,45,1,1,2,0,1,3,16,202100037296A01,,,
202100037298,2021-05-30,2021,mai,dimanche,21:22,75,75103,"48,8599660000","2,3645470000",2,3,3,2,1,4,2,2,1,1,, -1,1,0,1,4,2,43,5,2,,0,2,3,1,202100037298B01,7,15,1
202100037329,2021-06-01,2021,juin,mardi,14:25,73,73218,"45,8476130000","5,8074120000",1,1,7,1,1,3,2,2,1,1,, -1,1,0,3,3,1,82,5,1,2,0,0,9,26,202100037329B01,7,1,1
202100037336,2021-05-31,2021,mai,lundi,17:05,33,33140,"44,7719425679"," -0,3510586223",2,1,5,1,1,3,2,2,1,1,, -1,1,0,1,2,1,62,5,2,,0,2,7,3,202100037336A01,15/ 14,1,2
202100037346,2021-05-30,2021,mai,dimanche,19:00,26,26353,"44,6641810000","4,7911230000",2,1,1,1,1,2,2,2,1,1,, -1,1,0,1,3,1,32,5,2,,0,2,7,6,202100037346B01,10,1,1
202100037354,2021-06-01,2021,juin,mardi,10:55,53,53128,"47,9418480000"," -1,0844600000",2,6,3,1,1,3,2,2,1,1,, -1,1,5,1,3,1,60,5,1,2,0,2,1,9,202100037354B01,7,9,1
202100037366,2021-06-01,2021,juin,mardi,07:55,91,91461,"48,6000410000","2,2364150000",2,1,6,1,1,3,3,1,1,1,,3,1,0,1,4,1,13,2,1,2,0,2,0,0,202100037366B01,7,0,1
202100037367,2021-05-30,2021,mai,dimanche,10:00,78,78193,"48,7082950000","1,9779250000",1,1,3,1,1,4,2,2,2,1,,5,1,0,1,3,1,71,5,1,2,0,2,8,2,202100037367B01,7,2,1
202100037373,2021-05-31,2021,mai,lundi,14:00,68,68178,"47,9056990000","7,0896150000",1,1,7,1,1,3,2,2,2,3,, -1,1,0,1,3,1,63,5,1,2,0,0,9,1,202100037373A01,,,
202100037427,2021-05-30,2021,mai,dimanche,18:25,42,42207,"45,4573755716","4,5047198832",2,3,3,1,1,7,2,2,1,1,, -1,1,0,1,4,1,12,5,1,2,0,2,8,25,202100037427A01,7,16,1
202100037446,2021-05-30,2021,mai,dimanche,12:30,75,75116,"48,8603890000","2,2912580000",2,7,3,1,1,4,2,8,1,1,, -1,1,2,1,4,1,29,5,1,2,0,2,1,2,202100037446A01,50,19,1
202100037451,2021-05-30,2021,mai,dimanche,11:15,75,75108,"48,8761960000","2,2968010000",2,1,3,1,1,4,2,2,2,1,, -1,1,0,5,4,1,47,5,1,2,0,2,1,1,202100037451B01,7,16,1
202100037454,2021-05-30,2021,mai,dimanche,07:50,75,75101,"48,8587990000","2,3474580000",2,2,7,1,1,4,2,1,1,1,, -1,1,6,1,4,2,26,5,2,,0,0,1,13,202100037454A01,,,
202100037478,2021-05-31,2021,mai,lundi,07:55,74,74234,"45,7569690000","6,3175250000",1,2,1,1,1,4,2,2,1,1,,4,1,0,5,3,1,17,1,1,2,0,2,8,1,202100037478B01,7,1,1
202100037480,2021-05-30,2021,mai,dimanche,18:30,80,80334,"49,7953150000","2,1889990000",1,1,1,1,1,4,2,2,1,1,, -1,1,0,1,2,1,31,5,1,2/9,0,2,1,1,202100037480B01,7,3,1