Num_Acc,date,an,mois,jour,hrmn,dep,com,lat,long,agg,int,col,lum,atm,catr,circ,nbv,prof,plan,lartpc,larrout,surf,infra,situ,grav,sexe,age,trajet,secuexist,equipement,obs,obsm,choc,manv,vehiculeid,typevehicules,manoeuvehicules,numVehicules
202100037493,2021-05-31,2021,mai,lundi,15:47,58,58151,"46,8906600000","3,4669160000",2,1,3,1,1,3,2,2,2,1,, -1,1,0,1,4,1,12,2,2,,0,2,8,19,202100037493A01,7,1,1
202100037494,2021-05-31,2021,mai,lundi,14:00,66,66124,"42,5061480000","2,0312850000",2,1,3,1,1,3,2,2,2,1,, -1,1,0,1,3,1,22,4,1,2,0,2,1,0,202100037494B01,10,15,1
202100037532,2021-05-30,2021,mai,dimanche,08:40,22,22376,"48,2202760000"," -2,7677000000",1,1,2,1,1,4,2,2,2,1,, -1,1,0,1,1,1,71,5,1,2,0,9,1,1,202100037532B01,1,0,1
202100037532,2021-05-30,2021,mai,dimanche,08:40,22,22376,"48,2202760000"," -2,7677000000",1,1,2,1,1,4,2,2,2,1,, -1,1,0,1,3,1,66,5,1,2,0,9,4,0,202100037532A01,1,1,1
202100037607,2021-05-29,2021,mai,samedi,11:45,75,75119,"48,8896960000","2,3681290000",2,2,3,1,1,4,1,3,1,1,, -1,1,0,1,4,1,20,9,2,,0,2,7,9,202100037607B01,31,1,1
202100037612,2021-05-28,2021,mai,vendredi,16:50,75,75116,"48,8645180000","2,2665120000",2,4,1,1,1,4,1,1,1,2,, -1,1,0,1,4,1,51,5,2,,0,2,1,5,202100037612A01,10,15,1
202100037617,2021-05-29,2021,mai,samedi,17:45,75,75110,"48,8712770000","2,3605500000",2,7,5,1,1,4,1,2,1,1,, -1,1,0,4,4,2,57,1,1,2,0,2,0,23,202100037617C01,33,21,1
202100037617,2021-05-29,2021,mai,samedi,17:45,75,75110,"48,8712770000","2,3605500000",2,7,5,1,1,4,1,2,1,1,, -1,1,0,4,4,2,55,1,1,2,0,2,0,23,202100037617D01,33,21,1
202100037617,2021-05-29,2021,mai,samedi,17:45,75,75110,"48,8712770000","2,3605500000",2,7,5,1,1,4,1,2,1,1,, -1,1,0,4,4,2,61,1,1,2,0,2,0,23,202100037617B01,33,21,1
202100037619,2021-05-28,2021,mai,vendredi,19:35,75,75108,"48,8702130000","2,3110500000",2,2,3,1,1,4,1,1,1,1,, -1,1,0,1,4,1,20,9,2,,0,2,1,1,202100037619A01,7,1,1
202100037621,2021-05-29,2021,mai,samedi,21:20,75,75104,"48,8580390000","2,3517520000",2,1,2,4,1,4,1,3,1,1,, -1,1,0,6,4,1,31,5,1,2,0,2,1,2,202100037621A01,1,2,1
202100037621,2021-05-29,2021,mai,samedi,21:20,75,75104,"48,8580390000","2,3517520000",2,1,2,4,1,4,1,3,1,1,, -1,1,0,6,1,2,28,9,1,2,0,2,4,2,202100037621B01,1,2,1
202100037622,2021-05-29,2021,mai,samedi,18:00,75,75101,"48,8624710000","2,3504410000",2,3,7,1,1,4,2,5,1,1,, -1,1,0,5,4,2,31,9,2,,0,0,0,1,202100037622A01,,,
202100037623,2021-05-29,2021,mai,samedi,15:30,75,75102,"48,8670320000","2,3529740000",2,2,7,1,1,4,2,4,1,1,, -1,1,0,5,4,1,50,5,2,,0,0,0,21,202100037623A01,,,
202100037646,2021-05-28,2021,mai,vendredi,17:55,59,59462,"50,5169950000","3,0178980000",2,6,2,1,1,3,1,1,1,2,, -1,1,0,1,3,1,53,5,2,,0,0,4,2,202100037646A01,7,15,1
202100037693,2021-05-30,2021,mai,dimanche,15:30,77,77005,"48,9223550000","2,7242020000",1,1,1,1,1,3,2,2,1,1,, -1,1,0,1,4,1,44,5,1,2,0,2,1,1,202100037693B01,7,16,1
202100037701,2021-05-29,2021,mai,samedi,15:00,68,68171,"47,9434620000","6,9800920000",1,1,3,1,1,3,2,2,2,1,, -1,1,0,1,1,1,33,5,1,2,0,2,5,1,202100037701B01,1,1,1
202100037701,2021-05-29,2021,mai,samedi,15:00,68,68171,"47,9434620000","6,9800920000",1,1,3,1,1,3,2,2,2,1,, -1,1,0,1,3,1,43,5,1,2,0,2,3,1,202100037701A01,1,1,1
202100037708,2021-05-30,2021,mai,dimanche,09:26,22,22168,"48,8047220000"," -3,4746190000",2,1,7,1,1,4,2,2,1,1,, -1,1,0,8,2,1,58,5,1,2,0,0,0,1,202100037708A01,,,
202100037807,2021-05-26,2021,mai,mercredi,16:15,14,14118,"49,2060100000"," -0,3616280000",2,3,3,1,1,3,2,4,1,1,, -1,1,0,1,3,1,73,5,2,,0,2,1,1,202100037807B01,7,1,1
202100037808,2021-05-27,2021,mai,jeudi,10:20,14,14181,"49,1536000000"," -0,3283000000",2,1,3,1,1,4,1,2,1,1,, -1,1,0,1,4,2,22,5,2,,0,2,1,1,202100037808B01,7,1,1
202100037830,2021-05-28,2021,mai,vendredi,08:50,75,75118,"48,8978120000","2,3334890000",2,3,3,1,1,4,1,2,1,1,, -1,1,0,5,1,1,16,2,2,,0,2,1,2,202100037830B01,1,10,1
202100037830,2021-05-28,2021,mai,vendredi,08:50,75,75118,"48,8978120000","2,3334890000",2,3,3,1,1,4,1,2,1,1,, -1,1,0,5,4,1,54,1,2,,0,2,3,10,202100037830A01,1,2,1
202100037840,2021-05-28,2021,mai,vendredi,21:45,75,75111,"48,8582080000","2,3775520000",2,1,3,5,1,4,1,1,2,1,, -1,1,0,1,4,1,40,5,2,,0,2,1,1,202100037840B01,7,22,1
202100037841,2021-05-28,2021,mai,vendredi,12:45,75,75109,"48,8772330000","2,3451900000",2,1,3,1,1,4, -1,2,1,1,, -1,1,0,1,4,1,29,9,2,,0,2,1,1,202100037841B01,10,4,1
202100037888,2021-05-29,2021,mai,samedi,12:25,2B,2B207,"42,4460630000","9,4730470000",1,1,1,1,1,3,2,2,1,2,, -1,9,2,1,3,1,56,5,1,2,0,2,1,13,202100037888B01,7,1,1
202100037890,2021-05-27,2021,mai,jeudi,12:40,65,65473,"42,9539060000"," -0,0649950000",1,1,2,1,1,3,2,2,1,2,, -1,1,0,1,1,1,34,5,1,2,0,2,4,1,202100037890B01,1,2,1
202100037890,2021-05-27,2021,mai,jeudi,12:40,65,65473,"42,9539060000"," -0,0649950000",1,1,2,1,1,3,2,2,1,2,, -1,1,0,1,3,2,32,5,1,2,0,2,1,2,202100037890A01,1,1,1
202100037894,2021-05-26,2021,mai,mercredi,18:57,12,12145,"44,0207110000","3,1477870000",1,1,6,1,8,3,2,2,1,2,, -1,1,0,3,3,1,42,5,1,2,1,0,1,14,202100037894A01,,,
202100037897,2021-05-28,2021,mai,vendredi,17:30,34,34101,"43,3613750000","3,4876580000",1,6,3,1,1,3,2,2,1,1,, -1,1,5,1,3,1,67,5,1,2,0,2,1,9,202100037897B01,7,9,1
202100037903,2021-05-29,2021,mai,samedi,16:30,15,15215,"44,9768100000","2,5192490000",1,1,2,1,1,3,2,2,1,1,, -1,1,0,5,1,1,51,5,1,2/6,0,9,1,2,202100037903B01,1,2,1
202100037903,2021-05-29,2021,mai,samedi,16:30,15,15215,"44,9768100000","2,5192490000",1,1,2,1,1,3,2,2,1,1,, -1,1,0,5,3,1,68,5,1,2/6,0,9,1,2,202100037903A01,1,2,1
202100037916,2021-05-29,2021,mai,samedi,11:00,48,48176,"44,1915590000","3,2361600000",1,1,6,1,1,3,2,2,2,2,, -1,1,0,3,2,1,80,5,1,2,13,0,2,1,202100037916A01,,,
202100037919,2021-05-28,2021,mai,vendredi,19:39,973,97307,"4,8157730000"," -52,3500250000",1,1,2,3,1,2,2,2,1,1,, -1,1,0,1,2,1,57,0,1,2,0,0,4,1,202100037919A01,0,1,1
202100037924,2021-05-29,2021,mai,samedi,12:00,34,34238,"43,8479300000","3,6463450000",1,1,7,1,1,3,2,2,1,1,, -1,1,0,1,3,1,69,5,2,,0,0,0,1,202100037924A01,,,
202100037925,2021-05-29,2021,mai,samedi,09:30,84,84138,"44,3719070000","4,9661800000",2,3,6,1,1,3,2,2,1,1,, -1,1,0,1,4,1,49,5,1,2,0,9,1,1,202100037925A01,14,15,1
202100037925,2021-05-29,2021,mai,samedi,09:30,84,84138,"44,3719070000","4,9661800000",2,3,6,1,1,3,2,2,1,1,, -1,1,0,1,4,1,57,5,1,2,0,9,1,1,202100037925B01,14,15,1
202100037931,2021-05-29,2021,mai,samedi,18:30,63,63470,"45,8705290000","3,0257250000",1,1,2,1,1,3,3,4,2,2,, -1,1,0,1,3,1,44,5,1,2,0,2,4,2,202100037931B01,7,2,1
202100037938,2021-04-22,2021,avril,jeudi,11:40,22,22093,"48,4849620000"," -2,4605030000",1,3,3,1,1,3,2,2,1,2,,4,1,0,1,3,1,73,5,1,2/6,0,2,2,1,202100037938B01,7,16,1
202100038021,2021-05-26,2021,mai,mercredi,14:50,26,26198,"44,5552650000","4,7520380000",2,1,3,1,1,4,1,1,2,1,, -1,1,0,1,4,1,51,5,1,2,0,2,0,1,202100038021B01,7,0,1
202100038040,2021-05-27,2021,mai,jeudi,15:21,75,75111,"48,8579150000","2,3679920000",2,1,3,1,1,4,2,2,1,1,, -1,1,0,1,4,1,25,1,2,,0,2,8,1,202100038040B01,7,9,1
202100038044,2021-05-27,2021,mai,jeudi,22:30,75,75105,"48,8523560000","2,3482280000",2,2,7,5,1,4,1,3,1,1,, -1,1,2,5,4,2,65,5,2,,0,0,0,21,202100038044A01,,,
202100038046,2021-05-27,2021,mai,jeudi,08:00,75,75103,"48,8654610000","2,3561130000",2,2,3,1,1,4,1,2,1,1,, -1,1,0,1,4,1,14,9,2,,0,2,7,19,202100038046B01,7,1,1
202100038047,2021-05-26,2021,mai,mercredi,15:20,94,94068,"48,8018800000","2,4933600000",2,1,3,1,2,3,2,1,1,1,, -1,2,0,1,4,1,12,5,2,,0,2,5,19,202100038047A01,7,1,1
202100038073,2021-05-27,2021,mai,jeudi,16:53,86,86132,"46,5163420000","1,0222290000",1,1,2,1,1,3,2,2,1,1,, -1,1,0,1,2,1,78,5,1,4/2,0,2,4,2,202100038073B01,10,2,1
202100038077,2021-05-28,2021,mai,vendredi,15:15,56,56078,"47,8055870000"," -3,4706500000",1,1,2,1,1,3,2,2,1,1,, -1,1,0,1,2,1,70,5,1,2,1,0,1,1,202100038077A01,13,24,1
202100038090,2021-05-27,2021,mai,jeudi,17:20,38,38058,"45,3520400000","5,3157700000",1,3,1,1,1,4,2,2,1,1,, -1,1,5,1,4,1,17,1,2,,0,2,1,15,202100038090B01,7,16,1
202100038096,2021-05-27,2021,mai,jeudi,13:50,70,70085,"47,3766740000","6,0096930000",1,1,2,1,1,3,2,2,2,1,, -1,1,0,1,4,1,57,5,1,2/9,0,2,4,13,202100038096B01,1,1,1
202100038096,2021-05-27,2021,mai,jeudi,13:50,70,70085,"47,3766740000","6,0096930000",1,1,2,1,1,3,2,2,2,1,, -1,1,0,1,4,1,73,5,1,2/9,0,2,1,1,202100038096A01,1,13,1
202100038097,2021-05-27,2021,mai,jeudi,11:20,26,26183,"44,7157170000","5,0978490000",2,3,3,1,1,4,2,2,1,3,, -1,1,0,1,3,1,68,5,1,9,0,2,6,1,202100038097B01,7,15,1
202100038221,2021-05-25,2021,mai,mardi,10:12,75,75114,"48,8359980000","2,3153190000",2,4,1,1,8,4,3,3,1,2,, -1,1,0,5,4,2,39,1,2,,0,2,1,1,202100038221B01,50,13,1
202100038228,2021-05-25,2021,mai,mardi,22:00,75,75101,"48,8600730000","2,3490870000",2,2,2,5,2,4,1,4,1,1,, -1,2,5,5,4,1,32,4,2,,0,2,1,2,202100038228B01,7,15,1
202100038260,2021-05-26,2021,mai,mercredi,10:45,65,65447,"43,1843510000","0,2427770000",2,3,3,1,1,3,2,2,1,1,, -1,1,0,1,4,2,70,5,1,2,0,2,3,1,202100038260B01,7,16,1
202100038268,2021-05-23,2021,mai,dimanche,14:50,72,72199,"48,2485100000","0,0681600000",1,1,3,1,1,3,2,2,1,1,, -1,1,0,1,3,1,26,5,1,2,0,2,4,0,202100038268B01,33,2,1
202100038281,2021-05-25,2021,mai,mardi,14:40,987,98714," -16,5219810000"," -151,7253760000",1,3,3,1,1,2,2,2,1,1,, -1,1,0,1,3,1,45,5,2,,0,2,1,1,202100038281A01,7,1,1
202100038291,2021-05-27,2021,mai,jeudi,10:25,55,55122,"48,7570858650","5,5879479647",2,2,1,1,1,3,2,2,2,1,, -1,1,0,1,4,1,40,5,2,,0,2,1,1,202100038291A01,7,1,1
202100038298,2021-05-19,2021,mai,mercredi,10:30,22,22161,"48,5655960000"," -3,1450400000",2,1,3,1,1,3,2,2,2,1,, -1,1,0,1,3,1,70,5,1,2,12,2,3,1,202100038298B01,7,17,1
202100038299,2021-05-27,2021,mai,jeudi,09:00,59,59449,"50,4706750000","3,2481930000",2,1,3,1,1,4,2,2,1,1,, -1,1,0,1,4,1,26,1,2,,0,2,1,15,202100038299B01,10,17,1
202100038345,2021-05-21,2021,mai,vendredi,13:05,63,63113,"45,7642030717","3,0920617278",2,1,3,1,1,4,2,2,1,1,, -1,1, -1,1,4,2,22,0,1,2,0,2,1,1,202100038345B01,7,9,1
202100038386,2021-05-24,2021,mai,lundi,19:29,06,06088,"43,6672800000","7,2162400000",2,1,5,1,1,4,2,7,1,1,, -1,1,9,1,2,1,23,0,2,,0,2,1,19,202100038386A01,7/ 33,1,2
202100038392,2021-05-25,2021,mai,mardi,13:30,75,75120,"48,8646850000","2,4041470000",2,2,6,1,1,4,1,2,2,1,, -1,1,0,1,4,1,41,1,2,,0,1,1,1,202100038392A01,,,
202100038401,2021-05-25,2021,mai,mardi,20:15,75,75109,"48,8822030000","2,3377020000",2,7,6,2,1,4,1,3,1,1,, -1,1,0,1,1,1,31,9,2,,0,1,1,1,202100038401A01,,,
202100038428,2021-05-25,2021,mai,mardi,14:45,40,40296,"43,7085550000"," -1,4174510000",1,1,1,1,1,3,2,2,1,4,, -1,1,9,5,4,1,62,5,2,,0,2,1,1,202100038428C01,7,14,1
202100038428,2021-05-25,2021,mai,mardi,14:45,40,40296,"43,7085550000"," -1,4174510000",1,1,1,1,1,3,2,2,1,4,, -1,1,9,5,3,2,63,5,2,,0,2,1,1,202100038428B01,7,14,1
202100038442,2021-05-26,2021,mai,mercredi,13:45,38,38384,"45,3427430000","5,3334060000",1,2,3,1,1,3,2,2,1,1,, -1,1,5,1,3,1,15,5,2,,0,2,1,1,202100038442B01,7,1,1
202100038446,2021-05-25,2021,mai,mardi,16:30,06,06148,"43,7111420000","6,9976850000",1,1,7,1,1,3,2,1,3,4,, -1,1,0,1,3,1,57,5,1,2,0,0,0,0,202100038446A01,,,
202100038451,2021-05-25,2021,mai,mardi,18:30,07,07007,"44,9230510000","4,7263100000",1,1,1,1,1,3,2,2,1,2,, -1,1,0,1,4,1,22,0,1,2/6,0,0,1,13,202100038451B01,7,1,1
202100038454,2021-05-24,2021,mai,lundi,07:40,28,28280,"48,3222490000","0,8170120000",2,1,1,2,2,6, -1,2,1,3,,0,2,0,1,4,1,19,1,2,,0,2,1,9,202100038454B01,7,16,1
202100038470,2021-05-23,2021,mai,dimanche,18:20,69,69013,"46,0312774389","4,7175848889",1,1,2,1,1,3,2,2,1,1,, -1,1,0,3,3,1,56,5,1,2,0,2,6,0,202100038470B01,7,1,1
202100038530,2021-05-24,2021,mai,lundi,17:00,75,75111,"48,8651550000","2,3749220000",2,5,3,1,8,4,1,1,2,1,, -1,2,0,5,4,2,24,5,2,,0,2,1,1,202100038530B01,7,15,1
202100038531,2021-05-24,2021,mai,lundi,11:40,75,75110,"48,8766540000","2,3672050000",2,1,3,1,1,4,1,1,1,1,, -1,1,0,1,4,1,47,5,2,,0,2,7,1,202100038531B01,7,22,1
202100038564,2021-05-24,2021,mai,lundi,12:20,61,61153,"48,7179510000"," -0,1243530000",2,1,6,1,2,4,2,2,1,1,, -1,2,0,1,1,1,45,0,2,,0,1,1,0,202100038564A01,,,
202100038647,2021-05-23,2021,mai,dimanche,13:08,75,75119,"48,8871800000","2,3961170000",2,3,3,1,1,4,1,2,1,1,, -1,1,0,5,4,1,34,9,2,,0,2,1,1,202100038647B01,33,20,1
202100038688,2021-05-22,2021,mai,samedi,16:30,06,06148,"43,7143600000","7,0653570000",2,1,7,1,1,4, -1,2,1,1,,4,1,0,1,4,2,42,5,2,,0,0,0,1,202100038688A01,,,
202100038700,2021-05-22,2021,mai,samedi,18:10,33,33090,"44,7660960000"," -0,6534500000",2,1,6,1,1,4,2,2,1,1,, -1,1,0,1,1,1,15,3,2,,0,1,1,1,202100038700A01,,,
202100038711,2021-05-23,2021,mai,dimanche,10:30,69,69163,"45,9209610000","4,7557180000",1,2,2,1,1,7,2,2,1,1,, -1,1,0,1,4,1,52,5,1,2,0,0,4,2,202100038711B01,7,2,1
202100038713,2021-05-23,2021,mai,dimanche,18:35,79,79049,"46,8532360000"," -0,4561260000",2,6,3,1,1,3,2,2,1,1,, -1,1,5,1,4,1,17,5,2,,0,2,5,1,202100038713B01,7,1,1
202100038715,2021-05-23,2021,mai,dimanche,14:50,85,85002,"46,6565500000"," -1,8508300000",1,1,3,1,1,5,2,2,1,3,, -1,1,0,1,3,1,40,5,1,2/6,0,2,1,16,202100038715A01,7,15,1
202100038760,2021-05-21,2021,mai,vendredi,18:00,27,27554,"49,0958590000","1,3784840000",2,1,1,1,2,3,1,1,2,1,, -1,2,0,1,3,1,52,5,1,2,0,2,1,5,202100038760B01,7,1,1
202100038762,2021-05-21,2021,mai,vendredi,12:05,27,27375,"49,2154500000","1,1721600000",2,6,1,1,1,4,1,0,1,1,, -1,1,0,1,4,2,70,0,2,,0,2,1,16,202100038762B01,7,16,1
202100038779,2021-05-22,2021,mai,samedi,11:40,75,75111,"48,8511820000","2,3840480000",2,4,3,1,1,4,2,2,1,1,, -1,1,0,1,4,2,42,5,1,2,0,2,1,1,202100038779B01,10,22,1
202100038811,2021-05-23,2021,mai,dimanche,10:25,51,51571,"49,1911485098","4,1964184870",1,1,2,1,1,3,2,1,1,1,, -1,1,0,1,3,1,73,5,1,2,0,0,4,1,202100038811B01,7,1,1
202100038825,2021-05-23,2021,mai,dimanche,13:15,06,06079,"43,5188590000","6,9397220000",1,1,3,1,1,3,2,1,2,2,,3,1,0,1,3,2,53,5,1,2/8,0,2,8,1,202100038825B01,7,17,1
202100038831,2021-05-23,2021,mai,dimanche,10:00,37,37041,"47,6278811168","0,5492552518",1,1,6,1,1,4,2,1,2,4,,3,1,0,3,2,1,66,5,2,,6,0,0,1,202100038831A01,7,1,1
202100038851,2021-05-23,2021,mai,dimanche,18:30,74,74185,"46,1583430000","6,2010310000",1,1,7,1,1,3,2,2,2,1,, -1,1,0,3,3,1,17,5,1,2/9/6,0,0,0,19,202100038851A01,,,
202100038856,2021-05-21,2021,mai,vendredi,09:10,86,86095,"46,7028740000","0,4354130000",2,3,3,1,1,3,2,2,2,1,, -1,1,0,1,3,1,29,5,1,2,0,2,1,1,202100038856B01,7,15,1
202100038880,2021-05-21,2021,mai,vendredi,15:36,972,97213,"14,5980600000"," -60,9972400000",1,1,3,1,1,4,1,2,1,1,, -1,1,0,1,4,1,25,0,1,2,0,2,7,1,202100038880Y01,7,9,1
202100038909,2021-05-20,2021,mai,jeudi,15:25,63,63113,"45,7875600000","3,1057500000",2,2,3,1,1,4,3,2,1,1,, -1,1, -1,1,4,1,19,0,1,2,0,2,1,1,202100038909B01,7,15,1
202100038909,2021-05-20,2021,mai,jeudi,15:25,63,63113,"45,7875600000","3,1057500000",2,2,3,1,1,4,3,2,1,1,, -1,1, -1,1,4,2,18,0,1,2,0,2,1,1,202100038909B01,7,15,1
202100038918,2021-05-19,2021,mai,mercredi,13:00,47,47323,"44,4092991878","0,7023951709",2,2,3,1,1,4,1,1,2,1,, -1,1,0,1,3,1,56,0,2,,0,2,1,1,202100038918Y01,7,1,1
202100038958,2021-05-20,2021,mai,jeudi,13:05,75,75119,"48,8988460000","2,3781150000",2,3,3,1,8,4,2,4,1,1,, -1,2,0,5,4,1,50,5,1,2,0,2,5,1,202100038958B01,10,16,1
202100038966,2021-05-21,2021,mai,vendredi,16:20,75,75112,"48,8341890000","2,4427960000",2,1,7,1,1,4, -1,0,1,1,, -1,1,0,5,4,1,61,5,2,,0,0,0,1,202100038966A01,,,
202100038970,2021-05-21,2021,mai,vendredi,15:18,75,75109,"48,8732690000","2,3405510000",2,3,3,1,1,4,1,1,1,1,, -1,1,0,1,4,1,25,5,2,,0,2,7,5,202100038970A01,1,1,1
202100038973,2021-05-21,2021,mai,vendredi,19:30,75,75104,"48,8473670000","2,3647630000",2,1,7,1,1,4, -1,1,1,1,, -1,1,1,1,4,1,31,9,1,2,0,0,1,26,202100038973A01,,,
202100039022,2021-05-21,2021,mai,vendredi,19:30,58,58083,"47,2539510000","3,6783330000",2,1,2,1,1,3,2,2,1,1,, -1,1,0,1,4,1,23,5,2,,0,2,4,16,202100039022A01,7,15,1
202100039028,2021-05-21,2021,mai,vendredi,19:30,987,98734," -17,7233790000"," -149,5057300000",2,1,3,5,1,2,2,2,1,1,, -1,1,0,1,2,1,50,0,2,,0,2,7,12,202100039028A01,7,1,1
202100039031,2021-05-21,2021,mai,vendredi,11:50,91,91661,"48,7009670000","2,2524650000",2,2,3,1,1,3,2,2,2,1,, -1,1,0,1,4,1,32,5,1,2,0,2,1,0,202100039031B01,7,0,1
202100039119,2021-04-24,2021,avril,samedi,15:45,22,22187,"48,5402790000"," -2,7711200000",2,2,3,1,1,4,2,2,1,1,, -1,1,0,1,4,1,21,1,2,,0,2,1,15,202100039119A01,7,1,1
202100039125,2021-05-19,2021,mai,mercredi,17:10,15,15014,"44,9301000000","2,4499100000",2,1,3,1,1,4,2,2,1,1,, -1,1,0,1,4,1,18,0,1,2,0,2,3,1,202100039125B01,7,15,1
202100039140,2021-05-20,2021,mai,jeudi,21:15,75,75120,"48,8527030000","2,4061090000",2,2,2,2,1,4,2,2,1,1,, -1,1,0,1,4,2,43,9,2,,0,2,6,15,202100039140A01,2,17,1
202100039141,2021-05-20,2021,mai,jeudi,20:00,75,75116,"48,8499380000","2,2722440000",2,2,3,2,1,4,2,2,1,1,, -1,1,5,1,1,1,25,4,1,2/6,0,2,5,15,202100039141A01,2,1,1
202100039145,2021-05-20,2021,mai,jeudi,18:00,75,75111,"48,8579910000","2,3815800000",2,3,2,1,1,4,2,2,2,1,, -1,1,0,1,4,1,25,9,2,,0,2,1,2,202100039145A01,10,2,1
202100039147,2021-05-20,2021,mai,jeudi,14:30,75,75107,"48,8600450000","2,3245750000",2,2,1,1,1,4,1,1,1,1,, -1,1,0,1,4,1,32,4,2,,0,2,0,13,202100039147A01,10,1,1
202100039148,2021-05-18,2021,mai,mardi,15:40,75,75104,"48,8585040000","2,3482150000",2,2,6,1,2,4,2,4,1,1,, -1,2,0,5,4,1,20,2,1,2,0,1,8,1,202100039148A01,,,
202100039173,2021-05-18,2021,mai,mardi,16:30,91,91665,"48,6586190000","2,2705650000",2,1,7,1,1,4,1,1,1,1,, -1,1,0,1,3,1,15,2,2,,0,0,8,2,202100039173A01,,,
202100039175,2021-05-16,2021,mai,dimanche,14:30,62,62580,"50,3989800000","2,4325330000",2,1,1,1,1,3,2,2,1,1,, -1,1,0,1,3,1,12,5,2,,0,2,8,19,202100039175A01,10,1,1
202100039189,2021-05-12,2021,mai,mercredi,16:26,31,31553,"43,7154030000","1,1683060000",1,2,1,1,1,3,2,2,1,1,, -1,1,0,1,4,1,14,5,2,,0,2,1,1,202100039189B01,7,15,1
202100039267,2021-05-17,2021,mai,lundi,14:50,80,80021,"49,8810100000","2,3308000000",2,1,2,1,1,4,2,2,2,1,, -1,1,0,1,4,1,21,4,1,2,0,2,1,2,202100039267A01,7,23,1
202100039339,2021-05-18,2021,mai,mardi,17:05,972,97210,"14,5858210000"," -60,9145810000",1,1,3,2,1,4,2,2,2,1,, -1,1,0,1,3,1,11,5,2,,0,2,2,1,202100039339A01,7,1,1
202100039375,2021-05-20,2021,mai,jeudi,08:00,91,91461,"48,5955040000","2,2274350000",2,1,6,1,1,3,2,1,1,3,,4,1,0,5,4,1,13,2,2,,0,2,1,0,202100039375B01,7,0,1
202100039382,2021-05-20,2021,mai,jeudi,07:30,33,33060,"44,5626610000"," -0,3426630000",1,4,1,1,1,3,2,2,1,3,, -1,1,0,1,2,1,41,5,1,2/6/9,0,2,1,1,202100039382B01,7,15,1
202100039474,2021-05-18,2021,mai,mardi,18:30,75,75119,"48,8881940000","2,3739110000",2,1,3,1,2,4,3,3,1,1,, -1,2,0,6,4,1,48,1,1,2,0,2,2,7,202100039474B01,7,16,1
202100039476,2021-05-18,2021,mai,mardi,06:40,75,75117,"48,8875250000","2,2947350000",2,5,3,1,1,4,2,6,1,1,, -1,1,0,5,4,2,62,5,1,2,0,2,3,1,202100039476B01,14,16,1
202100039495,2021-05-18,2021,mai,mardi,18:55,67,67078,"48,6589270000","7,4278690000",2,1,3,1,1,4, -1,2,1,1,, -1,1,0,4,4,2,11,5,2,,0,2,2,25,202100039495B01,7,26,1
202100039499,2021-05-14,2021,mai,vendredi,17:40,69,69088,"45,8330350000","4,8467140000",2,1,1,1,1,7,2,2,1,1,, -1,1,0,1,4,2,20,5,2,,0,2,8,19,202100039499B01,7,1,1
202100039502,2021-05-18,2021,mai,mardi,15:10,49,49029,"47,3986720000"," -0,4205440000",2,1,3,1,1,4,2,2,2,3,, -1,1,0,1,3,1,72,5,1,2/6,0,2,3,13,202100039502A01,7,1,1
202100039508,2021-05-10,2021,mai,lundi,09:30,84,84148,"44,0768110000","5,2630520000",1,1,7,1,6,3,2,2,2,2,, -1,1,0,1,2,2,57,5,2,,5,0,2,1,202100039508A01,,,
202100039509,2021-05-11,2021,mai,mardi,16:50,03,03082,"46,2881960000","2,7554230000",2,6,2,1,2,3,1,1,1,2,, -1,2,0,1,3,1,14,2,1,2,0,2,4,16,202100039509B01,7,1,1
202100039528,2021-05-19,2021,mai,mercredi,19:40,66,66065,"42,6048850000","2,9687690000",2,9,1,2,1,3,2,2,1,1,, -1,1,5,1,3,1,12,5,2,,0,2,7,19,202100039528B01,7,1,1
202100039532,2021-03-23,2021,mars,mardi,15:35,73,73285,"45,6241570000","6,7968590000",2,1,3,1,1,3,2,2,2,1,, -1,1,0,1,3,1,65,5,1,2,0,2,1,1,202100039532B01,7,15,1
202100039579,2021-04-07,2021,avril,mercredi,08:00,36,36044,"46,8049500000","1,6882500000",2,3,3,1,1,4,3,4,1,1,, -1,1,0,1,4,2,25,1,2,,0,2,7,16,202100039579B01,7,0,1
202100039607,2021-05-17,2021,mai,lundi,14:30,75,75115,"48,8429960000","2,3127970000",2,2,3,1,8,4,2,3,1,1,, -1,2,5,5,4,2,21,5,2,,0,2,7,1,202100039607B01,7,15,1
202100039610,2021-05-17,2021,mai,lundi,17:15,75,75111,"48,8543430000","2,3714640000",2,2,6,1,1,4,1,1,1,1,, -1,2,0,1,1,1,18,5,2,,0,1,1,1,202100039610A01,,,
202100039610,2021-05-17,2021,mai,lundi,17:15,75,75111,"48,8543430000","2,3714640000",2,2,6,1,1,4,1,1,1,1,, -1,2,0,1,4,2,22,5,2,,0,1,1,1,202100039610A01,,,
202100039651,2021-04-28,2021,avril,mercredi,17:45,17,17347,"45,9461770000"," -0,5221910000",2,1,1,1,1,4, -1,2,1,1,, -1,1,0,1,3,1,58,5,2,,0,2,1,1,202100039651B01,7,4,1