Num_Acc,date,an,mois,jour,hrmn,dep,com,lat,long,agg,int,col,lum,atm,catr,circ,nbv,prof,plan,lartpc,larrout,surf,infra,situ,grav,sexe,age,trajet,secuexist,equipement,obs,obsm,choc,manv,vehiculeid,typevehicules,manoeuvehicules,numVehicules
202100039691,2021-05-16,2021,mai,dimanche,14:39,54,54395,"48,6970700000","6,1949000000",2,2,6,1,1,4,1,2,1,1,, -1,1,0,1,3,2,37,0,1,2,0,2,1,25,202100039691A01,7/ 3,1,2
202100039692,2021-05-16,2021,mai,dimanche,09:50,54,54395,"48,6893473664","6,1761865765",2,1,3,1,1,4,1,2,1,1,, -1,2,0,1,4,1,52,0,1,2,0,2,1,1,202100039692B01,7,16,1
202100039706,2021-05-16,2021,mai,dimanche,21:05,75,75120,"48,8690540000","2,3807010000",2,2,3,2,2,4,3,2,1,1,, -1,2,0,6,4,1,28,1,1,2,0,2,3,7,202100039706B01,7,16,1
202100039713,2021-05-16,2021,mai,dimanche,16:20,75,75115,"48,8453230000","2,3101440000",2,1,6,1,8,4,1,3,1,1,, -1,1,0,1,4,1,67,5,1,2,14,0,7,12,202100039713A01,,,
202100039719,2021-05-16,2021,mai,dimanche,14:05,75,75108,"48,8753700000","2,3250300000",2,1,3,1,2,4,2,4,1,1,, -1,2,0,1,4,1,33,4,1,2,0,2,1,9,202100039719A01,7,1,1
202100039739,2021-05-14,2021,mai,vendredi,14:40,30,30014,"44,0011040000","4,3855190000",1,1,7,1,1,3,2,2,1,1,, -1,1,0,1,3,1,21,5,1,2/6,0,0,0,2,202100039739A01,,,
202100039742,2021-05-11,2021,mai,mardi,16:25,79,79204,"46,1803580000"," -0,2410660000",2,2,3,1,1,4,2,2,1,1,,4,1,0,1,3,1,76,0,1,2,13,2,1,19,202100039742B01,7,26,1
202100039757,2021-05-14,2021,mai,vendredi,10:15,68,68375,"47,8084640000","7,2397430000",2,3,3,1,1,3,2,2,1,1,,4,1,0,1,4,1,30,5,1,9,0,2,2,17,202100039757A01,7,2,1
202100039762,2021-05-13,2021,mai,jeudi,21:30,988,98821," -22,0218300000","166,2292440000",1,1,1,3,1,2,2,2,1,1,, -1,1,0,1,4,1,47,5,2,,0,2,9,5,202100039762B01,7,1,1
202100039766,2021-05-17,2021,mai,lundi,17:40,78,78263,"48,7742260000","1,6711290000",2,1,3,1,2,3,2,2,1,1,, -1,2,0,1,3,1,14,0,2,,0,2,3,13,202100039766B01,38,2,1
202100039768,2021-05-13,2021,mai,jeudi,16:30,66,66008,"42,5811470000","3,0326340000",1,1,2,1,1,3,2,2,1,1,, -1,1,0,3,3,1,68,5,1,2,1,0,1,1,202100039768A01,7,23,1
202100039774,2021-04-08,2021,avril,jeudi,11:00,38,38111,"45,1202610000","5,6956820000",2,1,7,1,1,7,3,1,4,1,, -1,1,2,5,4,1,74,0,2,,0,0,0,2,202100039774B01,37,2,1
202100039873,2021-05-15,2021,mai,samedi,17:55,54,54256,"48,5312560000","6,3291980000",1,1,7,1,3,3,2,2,2,3,, -1,2,0,1,3,1,73,5,2,,0,0,0,0,202100039873A01,,,
202100039888,2021-05-16,2021,mai,dimanche,11:10,71,71060,"46,3059640000","4,1469180000",1,3,3,1,3,3,2,1,1,1,, -1,2,0,1,4,1,15,5,1,2/6/9,0,2,2,15,202100039888A01,7,1,1
202100039931,2021-05-12,2021,mai,mercredi,18:35,63,63113,"45,7916504591","3,1153103167",2,1,6,1,1,4, -1,2,1,1,, -1,1,4,6,4,2,19,0,2,,0,4,0,2,202100039931A01,40,24,1
202100039948,2021-05-14,2021,mai,vendredi,17:35,29,29039,"47,8857200000"," -3,9133300000",1,6,3,1,8,3,4,2,2,1,, -1,1,0,1,4,1,18,5,1,2,0,2,1,1,202100039948B01,7,9,1
202100039959,2021-05-13,2021,mai,jeudi,12:22,05,05061,"44,5481600000","6,0382200000",1,1,7,1,1,3,2,2,2,2,, -1,1,0,1,3,1,80,5,1,2,4,0,1,1,202100039959A01,,,
202100039992,2021-05-15,2021,mai,samedi,16:00,63,63385,"45,8106970000","2,8425190000",1,4,1,1,3,3,2,2,1,1,, -1,2,0,1,3,1,51,5,1,2/6,0,2,1,1,202100039992B01,7,15,1
202100039996,2021-05-15,2021,mai,samedi,10:10,84,84017,"44,1204350000","5,2287200000",1,1,2,1,2,3,2,2,2,1,, -1,2,0,1,4,1,29,5,1,2,0,2,1,2,202100039996A01,10,2,1
202100040002,2021-04-07,2021,avril,mercredi,15:15,52,52093,"47,8036610000","5,4398360000",2,1,3,1,1,4,2,2,1,1,, -1,1,0,1,4,2,85,3,2,,0,2,8,2,202100040002B01,7,17,1
202100040056,2021-05-13,2021,mai,jeudi,17:20,26,26198,"44,5747700000","4,7334900000",1,1,3,1,1,3,2,2,1,1,, -1,1,0,1,4,1,44,0,2,,0,2,8,26,202100040056A01,7,1,1
202100040088,2021-05-14,2021,mai,vendredi,18:05,65,65447,"43,1873740000","0,2448320000",2,1,1,1,1,4,2,2,2,1,, -1,1,0,1,3,1,14,5,2,,0,2,1,1,202100040088A01,7,13,1
202100040094,2021-05-13,2021,mai,jeudi,18:45,22,22251,"48,5564720000"," -2,8516980000",1,1,7,1,1,4,2,2,2,3,, -1,1,0,1,3,2,56,5,2,,0,0,2,1,202100040094A01,,,
202100040104,2021-05-12,2021,mai,mercredi,16:10,45,45014,"48,1959810000","2,3830570000",2,3,3,1,1,3,2,2,1,1,,4,1,0,1,3,2,13,5,2,,0,2,1,1,202100040104B01,7,0,1
202100040118,2021-05-13,2021,mai,jeudi,10:30,29,29233,"47,8718420000"," -3,5767040000",2,1,2,1,8,4,2,2,1,1,, -1,2,0,1,4,2,43,5,1,2/6,0,2,4,1,202100040118B01,7,1,1
202100040122,2021-05-12,2021,mai,mercredi,11:48,38,38068,"45,0980790000","5,7187270000",1,1,6,1,1,9,2,2,1,1,, -1,1,0,5,3,1,49,5,1,2,14,0,0,1,202100040122A01,,,
202100040128,2021-05-14,2021,mai,vendredi,10:00,27,27213,"49,1833650000","1,6638390000",2,3,6,1,8,4,2, -1,1,1,, -1,6,9,1,2,1,75,5,1,2,8,0,1,0,202100040128A01,,,
202100040136,2021-05-13,2021,mai,jeudi,09:00,988,98818," -22,2709100000","166,4698200000",1,6,3,1,1,4,2,2,1,1,, -1,1,5,5,3,1,73,5,2,,0,2,2,1,202100040136A01,1,1,1
202100040198,2021-05-12,2021,mai,mercredi,16:05,27,27229,"49,0330100000","1,1389000000",2,3,1,1,2,4,2,2,2,1,, -1,2,0,1,4,1,15,5,2,,0,2,3,1,202100040198B01,37,1,1
202100040202,2021-05-12,2021,mai,mercredi,18:30,14,14167,"49,2022210000"," -0,3065700000",2,1,3,1,1,3,3,2,1,1,, -1,1,0,1,3,1,57,5,2,,0,2,7,3,202100040202A01,7,1,1
202100040224,2021-05-12,2021,mai,mercredi,15:20,75,75109,"48,8731390000","2,3315190000",2,7,2,1,8,4,1,1,1,1,, -1,1,0,1,4,1,26,4,2,,0,2,1,2,202100040224B01,7,2,1
202100040226,2021-05-12,2021,mai,mercredi,06:42,75,75104,"48,8561950000","2,3464820000",2,2,3,1,1,4,2,4,1,1,, -1,1,0,6,4,1,26,1,2,,0,2,7,7,202100040226A01,7,1,1
202100040244,2021-05-12,2021,mai,mercredi,18:37,68,68300,"47,7924690000","7,3800870000",2,7,1,1,1,4,2,2,1,3,,4,1,0,1,3,1,15,5,2,,0,2,1,15,202100040244B01,7,16,1
202100040253,2021-05-12,2021,mai,mercredi,08:55,63,63180,"45,8604171087","3,3184200928",1,3,2,1,1,3,2,2,1,1,, -1,1,0,1,3,1,70,5,2,,0,9,4,15,202100040253A01,7,17,1
202100040262,2021-05-12,2021,mai,mercredi,22:45,01,01145,"46,0685560000","5,2043220000",2,1,1,3,1,4,2,2,1,1,, -1,1,0,1,4,1,16,5,2,,0,2,1,1,202100040262B01,2,1,1
202100040331,2021-05-08,2021,mai,samedi,15:25,63,63113,"45,8123800000","3,1281100000",2,1,6,1,1,4,2,2,1,1,, -1,1,0,1,4,1,79,0,2,,0,2,7,1,202100040331B01,7,24,1
202100040348,2021-05-11,2021,mai,mardi,08:45,29,29019,"48,3895100000"," -4,5202200000",2,6,3,1,1,4,2,2,3,2,, -1,1,5,1,4,1,29,4,2,,0,2,1,15,202100040348A01,7,1,1
202100040349,2021-05-11,2021,mai,mardi,08:40,26,26198,"44,5279000000","4,7345000000",2,6,3,1,2,3,1,2,1,4,, -1,2,0,1,4,1,29,1,1,4,0,2,1,1,202100040349B01,7,9,1
202100040364,2021-05-10,2021,mai,lundi,12:00,75,75106,"48,8443090000","2,3225430000",2,1,6,1,1,4,2,6,1,1,, -1,1,0,6,4,1,22,4,1,2,1,0,7,18,202100040364A01,,,
202100040366,2021-05-09,2021,mai,dimanche,13:10,75,75120,"48,8531810000","2,4088120000",2,3,3,1,1,4,2,2,1,1,, -1,1,0,1,4,2,23,5,2,,0,2,8,17,202100040366B01,7,17,1
202100040371,2021-05-11,2021,mai,mardi,17:40,75,75109,"48,8812670000","2,3270840000",2,3,6,1,1,4,2,2,2,1,, -1,1,0,5,1,1,17,5,1,2,0,1,1,1,202100040371A01,,,
202100040373,2021-05-11,2021,mai,mardi,09:00,75,75108,"48,8677930000","2,3139130000",2,2,3,1,1,4,2,8,1,1,, -1,1,5,5,4,1,34,4,1,2,0,2,1,1,202100040373B01,43,15,1
202100040396,2021-05-11,2021,mai,mardi,19:00,56,56118,"47,7243480000"," -3,3397740000",2,1,7,1,1,4,2,2,2,1,, -1,1,0,1,4,1,14,5,2,,0,0,0,16,202100040396A01,,,
202100040414,2021-05-11,2021,mai,mardi,14:45,30,30179,"43,8741100000","4,5924990000",2,1,6,1,1,9,2,2,1,1,, -1,1,0,1,3,1,83,0,1,2,0,2,4,1,202100040414B01,7,1,1
202100040422,2021-05-12,2021,mai,mercredi,12:30,38,38558,"45,6032480000","4,9197240000",1,1,1,1,1,3,2,2,2,1,, -1,1,0,1,3,1,58,5,1,2,0,2,1,17,202100040422B01,7,1,1
202100040441,2021-05-10,2021,mai,lundi,14:15,974,97411," -20,8972800000","55,4914000000",2,1,3,1,1,4,2,2,2,1,, -1,1,0,1,4,1,18,0,2,,0,2,1,2,202100040441B01,7,2,1
202100040477,2021-05-09,2021,mai,dimanche,09:55,54,54395,"48,6867299549","6,2011174389",2,2,3,1,1,4,2,3,1,1,, -1,1,0,1,4,1,19,0,1,2,0,2,1,1,202100040477A01,7,1,1
202100040489,2021-05-09,2021,mai,dimanche,08:39,29,29232,"47,9811700000"," -4,1212000000",2,1,3,1,1,4,2,2,1,1,, -1,1,0,1,4,1,74,5,1,2,1,2,7,1,202100040489B01,7,22,1
202100040497,2021-05-07,2021,mai,vendredi,17:00,05,05061,"44,5559300000","6,0758100000",2,3,3,1,1,2,2,3,1,1,, -1,1,0,5,3,1,67,5,1,2/6,0,2,1,1,202100040497B01,7,15,1
202100040501,2021-05-10,2021,mai,lundi,14:26,75,75112,"48,8372920000","2,3912270000",2,2,3,1,7,4,2,3,1,1,, -1,1,0,1,2,1,81,5,1,2,0,2,0,15,202100040501A01,7,1,1
202100040503,2021-05-10,2021,mai,lundi,11:00,75,75120,"48,8551680000","2,4152260000",2,1,3,1,1,4,2,2,1,1,, -1,1,0,1,4,1,49,9,1,2,0,2,8,1,202100040503B01,30,13,1
202100040504,2021-05-10,2021,mai,lundi,15:15,75,75119,"48,9007550000","2,3870180000",2,7,3,1,8,4,1,5,1,2,, -1,1,0,1,4,1,54,9,2,,0,2,4,1,202100040504B01,10,1,1
202100040506,2021-05-10,2021,mai,lundi,12:55,75,75119,"48,8872310000","2,3699890000",2,1,3,1,1,4,2,3,1,1,, -1,1,0,5,4,1,26,9,1,2,0,2,2,1,202100040506B01,7,22,1
202100040513,2021-05-10,2021,mai,lundi,11:45,75,75101,"48,8638440000","2,3490820000",2,4,3,1,1,4,2,3,1,1,, -1,1,0,5,4,1,35,9,1,2,0,2,2,1,202100040513B01,7,22,1
202100040514,2021-05-10,2021,mai,lundi,12:20,75,75101,"48,8612070000","2,3497180000",2,3,1,1,1,4,2,5,1,1,, -1,1,0,5,4,2,24,9,1,2,0,2,1,5,202100040514A01,1,1,1
202100040539,2021-05-08,2021,mai,samedi,10:50,73,73085,"45,8068099831","5,8463194319",1,1,7,1,1,3,2,2,1,3,, -1,1,0,1,3,1,79,5,1,2,0,0,9,2,202100040539A01,,,
202100040546,2021-05-11,2021,mai,mardi,17:19,38,38373,"45,3662450000","5,5530100000",2,2,3,1,3,3,2,2,1,2,, -1,2,0,1,3,1,73,5,1,2,0,2,7,15,202100040546A01,7,1,1
202100040565,2021-05-10,2021,mai,lundi,13:25,33,33005,"44,7320060000"," -1,0776420000",2,9,3,1,1,4,2,2,1,1,,4,1,9,1,3,1,73,5,1,2,0,2,7,19,202100040565B01,7,1,1
202100040570,2021-05-11,2021,mai,mardi,18:15,88,88219,"48,4500480000","5,6791380000",2,9,3,1,2,3,2,2,1,1,, -1,2,0,1,3,1,15,5,2,,0,2,8,19,202100040570B01,7,1,1
202100040626,2021-05-09,2021,mai,dimanche,11:20,75,75119,"48,8754630000","2,3990100000",2,2,3,1,1,4,2,4,1,1,, -1,1,0,1,4,1,38,9,2,,0,2,1,1,202100040626B01,7,15,1
202100040633,2021-05-09,2021,mai,dimanche,15:00,93,93031,"48,9607340000","2,2973650000",2,1,3,1,1,3,3,5,1,1,, -1,1,0,1,4,1,29,4,1,2,0,2,8,1,202100040633A01,7,17,1
202100040648,2021-05-08,2021,mai,samedi,17:30,58,58213,"47,4177360000","3,0253170000",1,1,7,1,1,3,2,2,2,1,, -1,1,0,1,2,1,41,5,1,2,0,0,0,0,202100040648A01,,,
202100040663,2021-05-09,2021,mai,dimanche,12:00,25,25104,"47,0073870000","5,9036280000",1,1,7,1,1,3,2,2,2,3,, -1,1,0,1,3,1,62,5,1,2,0,0,8,1,202100040663A01,,,
202100040669,2021-05-10,2021,mai,lundi,09:50,50,50032,"49,1149780000"," -1,0022370000",1,2,5,1,1,3,2,2,1,3,, -1,1,5,1,4,1,16,5,1,2,0,2,1,1,202100040669B01,7,1,1
202100040669,2021-05-10,2021,mai,lundi,09:50,50,50032,"49,1149780000"," -1,0022370000",1,2,5,1,1,3,2,2,1,3,, -1,1,5,1,4,1,17,5,1,2,0,2,1,1,202100040669A01,7,1,1
202100040673,2021-05-09,2021,mai,dimanche,10:25,73,73010,"45,7520030000","5,9420180000",1,1,6,1,1,3,2,2,2,1,, -1,1,0,1,3,1,24,5,1,2,0,2,9,1,202100040673B01,1,1,1
202100040673,2021-05-09,2021,mai,dimanche,10:25,73,73010,"45,7520030000","5,9420180000",1,1,6,1,1,3,2,2,2,1,, -1,1,0,1,3,2,70,5,1,2,0,2,1,1,202100040673A01,1,1,1
202100040683,2021-05-08,2021,mai,samedi,15:50,37,37052,"47,4482299544","0,9000688027",2,1,3,1,1,3,2,2,1,2,, -1,1,0,1,4,1,58,5,2,,0,2,8,1,202100040683B01,7,1,1
202100040695,2021-05-08,2021,mai,samedi,09:45,68,68223,"48,0273470000","7,0793260000",2,3,3,1,1,3,2,2,2,1,,4,1,0,1,3,1,69,5,1,2,0,0,2,1,202100040695B01,7,15,1
202100040700,2021-04-08,2021,avril,jeudi,15:00,31,31421,"43,4837950000","1,3911310000",1,1,2,1,1,4,3,4,1,1,, -1,1,9,8,3,1,18,2,2,,0,2,5,19,202100040700B01,7,1,1
202100040768,2021-05-08,2021,mai,samedi,18:15,75,75115,"48,8392810000","2,3003880000",2,3,3,1,1,4,1,2,1,1,, -1,1,0,5,4,2,24,9,1,2,0,2,7,1,202100040768B01,10,15,1
202100040772,2021-05-08,2021,mai,samedi,18:50,75,75104,"48,8548190000","2,3624390000",2,3,7,1,1,4,1,3,1,1,, -1,1,0,5,4,2,46,5,2,,0,0,0,21,202100040772A01,,,
202100040773,2021-05-08,2021,mai,samedi,18:15,75,75101,"48,8629350000","2,3507150000",2,3,3,1,1,4,1,4,1,1,, -1,1,0,5,4,1,48,9,2,,0,2,1,1,202100040773B01,7,15,1
202100040786,2021-05-08,2021,mai,samedi,15:15,51,51559,"49,1213900000","4,5424820000",2,1,1,1,1,4, -1,2,1,1,,7,1,9,3,1,1,17,5,2,,0,2,1,26,202100040786B01,2,26,1
202100040793,2021-05-09,2021,mai,dimanche,16:45,74,74236,"45,9024390000","6,7116080000",1,1,1,1,1,3,2,2,2,4,, -1,1,0,1,4,1,47,5,1,2,0,2,1,5,202100040793B01,7,1,1
202100040813,2021-05-08,2021,mai,samedi,17:40,64,64316,"43,0209330000"," -0,9934690000",1,1,7,1,1,3,2,2,2,2,, -1,1,0,1,4,1,31,5,1,2,0,0,8,0,202100040813A01,,,
202100040817,2021-05-08,2021,mai,samedi,17:30,43,43163,"45,2335278597","4,4326829910",1,1,7,1,1,3,2,2,2,1,, -1,1,0,1,2,1,69,5,1,2,0,0,0,1,202100040817A01,,,
202100040822,2021-05-08,2021,mai,samedi,10:55,85,85114,"46,4151760000"," -1,5670380000",2,3,3,1,1,4,2,2,1,1,,4,1,0,1,3,2,79,5,2,,0,2,1,1,202100040822B01,7,16,1
202100040824,2021-05-09,2021,mai,dimanche,10:30,30,30236,"44,0464230000","3,8705400000",1,1,7,1,1,3,2,2,2,2,, -1,1,0,1,3,1,42,5,1,2,0,0,0,21,202100040824A01,,,
202100040835,2021-05-09,2021,mai,dimanche,09:35,95,95039,"49,0696085427","2,1406134646",2,1,6,1,1,3,2,2,1,1,, -1,1,0,1,3,1,35,5,1,2/6,1,0,1,26,202100040835A01,,,
202100040847,2021-05-08,2021,mai,samedi,18:55,01,01249,"45,8253380000","4,9421200000",2,2,3,1,1,3,2,2,2,3,, -1,1,0,1,4,1,49,5,1,2,0,2,8,1,202100040847B01,2,14,1
202100040849,2021-05-08,2021,mai,samedi,15:30,69,69054,"46,1686640000","4,4907370000",2,1,2,1,1,3,2,2,1,3,, -1,1,0,1,3,1,42,5,1,2,0,0,4,0,202100040849B01,33,0,1
202100040865,2021-02-21,2021,février,dimanche,10:45,75,75116,"48,8515540000","2,2379880000",2,1,1,1,1,4,2,1,1,1,, -1,1, -1,5,4,1,48,5,1,2,0,2,1,1,202100040865B01,1,13,1
202100040865,2021-02-21,2021,février,dimanche,10:45,75,75116,"48,8515540000","2,2379880000",2,1,1,1,1,4,2,1,1,1,, -1,1, -1,5,4,1,4,5,1,3/2,0,2,1,1,202100040865B01,1,13,1
202100040865,2021-02-21,2021,février,dimanche,10:45,75,75116,"48,8515540000","2,2379880000",2,1,1,1,1,4,2,1,1,1,, -1,1, -1,5,4,1,25,5,1,2,0,2,1,13,202100040865A01,1,1,1
202100040902,2021-05-03,2021,mai,lundi,14:20,54,54167,"48,6645580000","5,9557270000",1,1,6,1,1,3,2,2,1,1,, -1,1,0,1,3,1,78,5,2,,0,2,8,2,202100040902B01,7,17,1
202100040912,2021-05-07,2021,mai,vendredi,15:55,47,47031,"44,1800686559","0,6254972745",2,6,3,1,1,3,2,2,1,1,, -1,1,0,1,2,1,71,5,2,,0,2,9,18,202100040912B01,14,16,1
202100040944,2021-05-07,2021,mai,vendredi,16:30,06,06069,"43,6408000000","6,9171700000",2,1,3,1,1,4,3,2,1,1,, -1,1,0,1,4,1,12,5,2,,0,2,8,2,202100040944B01,7,2,1
202100040954,2021-02-22,2021,février,lundi,09:16,75,75110,"48,8677450000","2,3643570000",2,7,3,1,1,4,2,2,1,1,, -1,1,0,1,4,1,34,9,2,,0,2,8,13,202100040954A01,7,1,1
202100040956,2021-05-07,2021,mai,vendredi,16:55,75,75107,"48,8624160000","2,3198510000",2,3,7,1,1,4,2,5,1,1,, -1,1,0,5,4,1,49,9,2,,0,0,1,1,202100040956A01,,,
202100040981,2021-05-08,2021,mai,samedi,15:20,39,39183,"46,7529420000","5,7953090000",1,1,3,1,1,3,2,2,2,3,, -1,1,0,1,4,2,53,5,1,2,0,2,0,17,202100040981A01,1,21,1
202100040981,2021-05-08,2021,mai,samedi,15:20,39,39183,"46,7529420000","5,7953090000",1,1,3,1,1,3,2,2,2,3,, -1,1,0,1,3,1,56,5,1,2,0,2,0,21,202100040981B01,1,17,1
202100040984,2021-05-08,2021,mai,samedi,17:00,14,14027,"48,9852370000"," -0,6404790000",1,1,1,1,1,3,2,2,1,2,, -1,1,0,3,3,1,47,5,1,2,0,2,1,1,202100040984B01,7,21,1
202100040988,2021-05-07,2021,mai,vendredi,16:45,80,80186,"49,8190360000","2,7933760000",2,1,2,1,7,3,2,2,1,1,, -1,1,0,1,3,1,16,2,2,,15,2,4,2,202100040988B01,7,1,1
202100040990,2021-05-08,2021,mai,samedi,15:10,89,89464,"48,0861599348","3,2982874877",2,4,2,1,1,3,2,2,1,3,,4,1,0,1,4,1,13,5,2,,0,2,4,1,202100040990B01,7,15,1
202100040999,2021-05-07,2021,mai,vendredi,14:18,05,05017,"44,5739000000","6,1713120000",1,1,3,1,1,2,2,2,1,1,, -1,1,0,3,3,1,51,5,1,2,0,9,3,1,202100040999B01,15,1,1
202100041014,2021-05-07,2021,mai,vendredi,09:35,974,97415," -21,0611740000","55,2235400000",1,6,3,1,1,2,1,1,1,2,,"3,5",1,0,1,4,2,43,5,2,,0,0,0,2,202100041014A01,7,1,1
202100041023,2021-05-07,2021,mai,vendredi,18:45,67,67529,"48,7178110000","7,7977960000",2,3,3,1,1,3,2,2,1,1,,4,1,9,1,4,1,8,5,2,,0,2,5,19,202100041023B01,2,1,1
202100041025,2021-04-26,2021,avril,lundi,14:30,57,57550,"49,1505981173","6,6671778701",1,1,3,1,1,3,2,2,4,3,, -1,1,0,1,4,1,86,5,1,2,0,2,8,0,202100041025C01,7,17,1
202100041106,2021-04-20,2021,avril,mardi,17:00,42,42044,"45,3966800000","4,3244900000",2,1,1,1,1,4,2,2,1,1,, -1,1,0,1,4,1,45,5,1,2,0,2,1,21,202100041106B01,7,17,1
202100041114,2021-04-30,2021,avril,vendredi,19:05,29,29019,"48,3790897328"," -4,4859745176",2,1,3,1,1,4,1,1,1,1,, -1,1,0,1,1,1,60,5,1,2,0,2,1,1,202100041114B01,10,26,1
202100041115,2021-05-04,2021,mai,mardi,06:28,29,29019,"48,3826968393"," -4,4921513647",2,6,2,2,2,4,1,1,1,1,, -1,2,5,1,4,1,21,1,1,2,0,2,7,1,202100041115B01,7,9,1
202100041138,2021-05-06,2021,mai,jeudi,20:15,75,75116,"48,8725270000","2,2644360000",2,2,3,5,2,4,2,3,1,1,, -1,2,0,6,4,1,17,5,2,,0,2,7,19,202100041138A01,7,1,1
202100041145,2021-05-06,2021,mai,jeudi,10:15,75,75112,"48,8513280000","2,3723060000",2,1,3,1,2,4,1,1,1,1,, -1,2,0,1,4,1,32,4,2,,0,2,1,18,202100041145B01,7,22,1
202100041147,2021-05-06,2021,mai,jeudi,13:10,75,75108,"48,8732340000","2,3179260000",2,2,3,1,2,4,1,1,1,1,, -1,2,0,1,4,1,35,4,1,2,0,2,8,1,202100041147B01,7,1,1
202100041172,2021-05-07,2021,mai,vendredi,16:20,95,95487,"49,1534900000","2,2712170000",2,1,3,1,1,3,2,2,1,1,, -1,1,0,1,4,1,80,5,1,2,1,0,2,1,202100041172B01,7,1,1
202100041173,2021-05-06,2021,mai,jeudi,14:23,06,06161,"43,6401790000","7,1402440000",2,1,1,1,1,3,2,2,1,1,,4,1,0,5,1,1,54,5,2,,0,9,1,15,202100041173A01,1,1,1
202100041173,2021-05-06,2021,mai,jeudi,14:23,06,06161,"43,6401790000","7,1402440000",2,1,1,1,1,3,2,2,1,1,,4,1,0,5,4,2,51,5,1,2,0,9,1,1,202100041173B01,1,15,1
202100041198,2021-05-07,2021,mai,vendredi,08:45,60,60029,"49,3635460000","1,9729040000",1,6,3,1,1,3,2,2,1,1,, -1,1,0,1,4,2,41,5,1,2,0,2,1,26,202100041198B01,7,9,1
202100041210,2021-05-07,2021,mai,vendredi,19:00,57,57160,"49,2147900000","6,6940320000",2,2,1,1,1,3,2,2,1,1,, -1,1,0,1,4,1,55,5,1,2,0,2,8,1,202100041210B01,7,19,1
202100041217,2021-05-07,2021,mai,vendredi,12:00,22,22070,"48,5604980000"," -3,1513600000",2,1,7,1,1,4,2,2,2,1,, -1,1,0,8,3,2,69,0,2,,6,0,3,0,202100041217A01,,,
202100041241,2021-05-04,2021,mai,mardi,21:30,60,60665,"49,4140000000","2,8000000000",2,3,3,5,1,3,2,2,1,1,, -1,1,0,1,3,1,30,5,2,,0,0,8,13,202100041241B01,7,17,1
202100041267,2021-05-05,2021,mai,mercredi,08:34,65,65440,"43,2283801177","0,0758276618",2,6,3,1,2,4, -1,1,1,2,, -1,2,5,1,4,2,21,1,2,,0,2,1,9,202100041267A01,7,23,1
202100041319,2021-05-05,2021,mai,mercredi,07:40,75,75113,"48,8399790000","2,3617640000",2,4,2,1,1,4,2,1,2,1,, -1,1,0,1,4,1,52,1,2,,0,2,4,2,202100041319B01,7,2,1
202100041351,2021-05-05,2021,mai,mercredi,09:40,51,51052,"49,2737160000","4,1590550000",1,1,7,1,2,3,2,2,2,1,, -1,2,0,1,3,1,70,5,1,2,14,9,1,1,202100041351A01,,,
202100041358,2021-04-27,2021,avril,mardi,10:00,44,44158,"47,2319400000"," -1,7869520000",1,2,3,1,1,9,2,2,1,1,, -1,1,0,1,3,1,68,5,1,2,0,2,1,1,202100041358B01,7,19,1
202100041410,2021-05-04,2021,mai,mardi,19:41,75,75108,"48,8677470000","2,3139770000",2,2,3,1,1,4,2,6,1,1,, -1,1,0,1,4,1,53,9,1,2,0,2,0,18,202100041410B01,7,14,1
202100041456,2021-04-02,2021,avril,vendredi,13:15,07,07201,"44,4289530000","4,3318960000",1,1,3,1,1,3,2,2,1,1,, -1,1,0,1,3,1,63,5,2,,0,2,4,15,202100041456B01,7,1,1
202100041459,2021-05-04,2021,mai,mardi,12:35,52,52058,"48,2042730000","5,1488170000",1,2,3,1,2,3,2,2,1,1,,4,2,0,1,4,2,31,5,1,2,0,2,7,19,202100041459B01,7,1,1
202100041516,2021-05-03,2021,mai,lundi,19:50,71,71153,"46,8008000000","4,4116000000",2,1,3,1,1,3,2,2,1,2,, -1,1,0,1,3,1,27,5,1,2/6,0,2,1,1,202100041516B01,10,13,1
202100041559,2021-05-03,2021,mai,lundi,09:00,75,75108,"48,8649210000","2,3103220000",2,7,1,1,1,4,2,2,1,1,, -1,1,0,5,4,2,53,1,1,2,0,2,1,1,202100041559B01,1,17,1
202100041559,2021-05-03,2021,mai,lundi,09:00,75,75108,"48,8649210000","2,3103220000",2,7,1,1,1,4,2,2,1,1,, -1,1,0,5,1,1,51,9,1,2,0,2,1,17,202100041559A01,1,1,1
202100041561,2021-05-02,2021,mai,dimanche,10:35,75,75101,"48,8637300000","2,3322340000",2,2,6,1,7,4,2,5,1,1,, -1,1,0,5,4,1,53,5,2,,14,0,7,13,202100041561A01,,,
202100041585,2021-05-03,2021,mai,lundi,10:30,62,62030,"50,1390090000","2,3950360000",2,1,7,1,1,4,2,2,1,1,, -1,1,0,1,4,1,32,5,1,6,0,0,0,1,202100041585A01,,,