Num_Acc,date,an,mois,jour,hrmn,dep,com,lat,long,agg,int,col,lum,atm,catr,circ,nbv,prof,plan,lartpc,larrout,surf,infra,situ,grav,sexe,age,trajet,secuexist,equipement,obs,obsm,choc,manv,vehiculeid,typevehicules,manoeuvehicules,numVehicules
202100041589,2021-05-03,2021,mai,lundi,16:50,89,89096,"47,8989880000","3,5618450000",2,2,3,1,1,3,2,2,1,1,, -1,1,0,1,4,2,69,5,1,2,0,2,1,1,202100041589B01,10,1,1
202100041590,2021-05-03,2021,mai,lundi,15:00,61,61214,"48,7560370000","0,6269770000",2,1,6,1,1,4,2,2,2,3,, -1,1,9,4,3,2,21,3,2,,8,0,1,1,202100041590A01,,,
202100041591,2021-05-03,2021,mai,lundi,08:55,42,42097,"45,4982520000","4,3174660000",2,2,1,2,1,7,2,2,2,1,,"10,5",1,5,1,3,1,77,5,1,2,0,2,1,1,202100041591B01,7,11,1
202100041610,2021-05-01,2021,mai,samedi,11:45,84,84054,"43,9266290000","5,0631740000",2,6,3,1,3,3,3,2,1,1,, -1,2,0,1,3,2,78,0,2,,0,2,1,0,202100041610B01,7,0,1
202100041615,2021-03-26,2021,mars,vendredi,13:25,73,73261,"45,2199380000","6,4647840000",2,6,3,1,1,3,1,1,1,2,, -1,1,5,1,3,1,52,5,1,2,0,2,1,1,202100041615B01,7,9,1
202100041683,2021-05-02,2021,mai,dimanche,11:15,75,75116,"48,8604010000","2,2298640000",2,1,3,1,1,4,2,2,1,1,, -1,1,0,5,4,1,63,9,1,2,0,2,7,1,202100041683B01,7,9,1
202100041711,2021-04-13,2021,avril,mardi,18:45,35,35099,"48,0865870000"," -1,5521940000",2,4,1,1,1,3, -1,2,2,2,, -1,1,0,1,4,1,55,5,1,2,0,2,1,16,202100041711B01,7,23,1
202100041714,2021-04-30,2021,avril,vendredi,15:30,72,72051,"47,8237740000","0,0862810000",2,1,3,1,1,9,2,2,1,1,,5,1,0,1,4,1,13,5,2,,0,0,8,19,202100041714A01,33,1,1
202100041716,2021-05-03,2021,mai,lundi,08:00,14,14020,"49,1210890000"," -0,1741440000",2,6,3,1,7,3,2,2,1,2,, -1,1,5,1,4,1,14,2,2,,0,2,3,25,202100041716A01,37,9,1
202100041732,2021-05-02,2021,mai,dimanche,10:45,95,95355,"49,1469234618","1,7879419768",2,6,3,1,1,3,2,2,1,1,, -1,1,0,1,4,1,41,5,2,,0,2,8,1,202100041732B01,7,9,1
202100041738,2021-05-02,2021,mai,dimanche,12:30,53,53175,"48,0325990000"," -0,6714110000",1,1,3,1,1,3,2,2,1,1,, -1,1,0,1,3,1,74,5,1,2,0,2,8,1,202100041738A01,7,1,1
202100041790,2021-04-30,2021,avril,vendredi,17:11,65,65440,"43,2302760000","0,0878420000",2,1,2,1,2,3,3,4,1,1,, -1,2,0,1,4,1,82,3,2,,0,2,4,1,202100041790B01,7,1,1
202100041810,2021-05-01,2021,mai,samedi,14:15,75,75118,"48,8861150000","2,3594790000",2,3,3,1,8,4,3,3,1,1,, -1,1,0,5,4,2,24,5,1,2,0,2,2,1,202100041810B01,7,10,1
202100041811,2021-05-01,2021,mai,samedi,09:00,75,75118,"48,8912130000","2,3436410000",2,2,3,1,8,4,1,2,2,1,, -1,1,0,1,4,1,21,5,2,,0,2,1,1,202100041811B01,10,1,1
202100041815,2021-05-01,2021,mai,samedi,17:30,75,75112,"48,8223100000","2,4422400000",2,6,1,1,1,4, -1,1,1,2,, -1,1,6,1,1,1,25,5,2,,0,2,1,1,202100041815B01,1,5,1
202100041815,2021-05-01,2021,mai,samedi,17:30,75,75112,"48,8223100000","2,4422400000",2,6,1,1,1,4, -1,1,1,2,, -1,1,6,1,4,1,28,5,2,,0,2,1,5,202100041815A01,1,1,1
202100041817,2021-05-01,2021,mai,samedi,01:40,75,75111,"48,8605330000","2,3793690000",2,1,6,5,1,4,1,1,2,1,, -1,1,0,1,4,1,27,9,1,2,1,0,8,14,202100041817A01,,,
202100041818,2021-05-01,2021,mai,samedi,17:05,75,75110,"48,8728160000","2,3561890000",2,1,6,1,2,4,1,3,1,1,, -1,2,0,5,1,1,35,5,1,2,0,0,0,1,202100041818A01,,,
202100041855,2021-04-30,2021,avril,vendredi,12:20,67,67112,"48,5223020000","7,5685690000",2,1,3,1,2,3,2,2,1,1,, -1,2,0,4,4,2,59,1,2,,0,0,1,25,202100041855A01,7,26,1
202100041902,2021-04-03,2021,avril,samedi,10:27,36,36044,"46,8101000000","1,6877300000",2,6,3,1,1,4,2,2,1,1,, -1,1,0,1,4,2,59,3,2,,0,2,1,9,202100041902B01,7,9,1
202100041925,2021-04-30,2021,avril,vendredi,09:05,75,75118,"48,8845050000","2,3642120000",2,4,3,1,1,4,1,3,1,3,, -1,1,0,5,4,1,68,5,1,2,0,2,4,1,202100041925B01,10,16,1
202100041927,2021-04-30,2021,avril,vendredi,11:08,75,75115,"48,8464790000","2,2973780000",2,1,3,1,1,4,1,1,1,1,, -1,1,0,5,4,2,31,5,1,2,0,2,1,1,202100041927B01,2,9,1
202100041928,2021-04-30,2021,avril,vendredi,15:30,75,75114,"48,8244710000","2,3383490000",2,3,6,1,1,4,2,2,2,1,, -1,1,0,4,4,1,23,9,2,,0,1,1,25,202100041928A01,,,
202100041929,2021-04-30,2021,avril,vendredi,16:45,75,75112,"48,8459690000","2,4007860000",2,1,3,1,1,4,2,2,1,1,, -1,1,0,5,4,1,40,9,1,2,0,2,8,1,202100041929B01,7,16,1
202100041930,2021-04-30,2021,avril,vendredi,09:30,75,75110,"48,8776320000","2,3703910000",2,7,3,1,1,4,1,1,1,2,, -1,1,0,1,4,1,37,9,1,2/6,0,2,7,16,202100041930B01,7,1,1
202100041981,2021-03-26,2021,mars,vendredi,18:15,81,81099,"43,9049450000","1,8942720000",2,1,2,2,2,3,2,2,1,1,, -1,2,0,1,4,1,14,5,1,2,0,2,1,1,202100041981A01,7,1,1
202100041982,2021-05-01,2021,mai,samedi,11:30,33,33077,"44,6022560000"," -0,5555490000",2,1,2,1,8,3,2,2,1,1,, -1,1,0,1,4,2,8,5,2,,0,2,6,13,202100041982B01,7,1,1
202100042052,2021-04-29,2021,avril,jeudi,13:15,75,75119,"48,8853350000","2,3718210000",2,3,3,1,1,4,1,2,1,1,, -1,1,0,5,4,1,14,5,2,,0,2,1,19,202100042052A01,1,1,1
202100042052,2021-04-29,2021,avril,jeudi,13:15,75,75119,"48,8853350000","2,3718210000",2,3,3,1,1,4,1,2,1,1,, -1,1,0,5,1,1,38,5,2,,0,2,1,1,202100042052B01,1,19,1
202100042057,2021-04-29,2021,avril,jeudi,18:30,75,75111,"48,8540400000","2,3737650000",2,1,3,1,1,4,1,1,1,1,, -1,1,0,5,4,1,31,1,2,,0,2,2,1,202100042057B01,30,9,1
202100042060,2021-04-29,2021,avril,jeudi,11:20,75,75107,"48,8585960000","2,3216660000",2,1,3,1,1,4,1,1,1,1,, -1,1,0,1,4,1,27,4,2,,0,2,3,1,202100042060B01,7,17,1
202100042099,2021-04-28,2021,avril,mercredi,15:45,44,44213,"47,3848500000"," -1,0291530000",2,2,2,1,1,3,2,2,1,1,, -1,1,0,1,3,1,80,5,2,,0,2,1,1,202100042099B01,2,15,1
202100042103,2021-04-30,2021,avril,vendredi,15:30,50,50582,"48,7020290000"," -0,9273950000",1,1,1,1,1,3, -1,1,2,2,, -1,9,1,8,3,1,84,5,2,,6,0,1,15,202100042103A01,,,
202100042108,2021-04-30,2021,avril,vendredi,12:30,27,27511,"49,1449660000","0,9953030000",2,3,3,1,1,3,2,2,1,1,, -1,1,0,1,3,1,14,5,2,,0,2,1,19,202100042108B01,7,1,1
202100042109,2021-04-29,2021,avril,jeudi,10:00,27,27576,"49,1649670000","0,8473630000",2,1,3,1,1,4,2,2,4,2,, -1,1,0,1,1,1,64,5,1,2,0,2,8,2,202100042109B01,1,2,1
202100042109,2021-04-29,2021,avril,jeudi,10:00,27,27576,"49,1649670000","0,8473630000",2,1,3,1,1,4,2,2,4,2,, -1,1,0,1,3,1,70,5,1,2,0,2,8,2,202100042109A01,1,2,1
202100042125,2021-04-29,2021,avril,jeudi,18:05,89,89289,"47,9539100000","3,3681130000",2,1,3,1,1,3,2,2,2,1,, -1,1,0,1,4,2,29,5,1,2,0,2,1,1,202100042125A01,2,10,1
202100042133,2021-04-29,2021,avril,jeudi,17:45,44,44047,"47,2345590000"," -1,6724700000",2,1,2,1,1,4,2,2,1,1,,7,1,0,1,3,2,72,5,2,,0,0,4,9,202100042133A01,7,1,1
202100042151,2021-04-27,2021,avril,mardi,07:12,974,97411," -20,8974500000","55,4757400000",2,9,1,2,3,2,2,2,1,3,, -1,2,9,5,1,2,19,2,2,,0,2,1,25,202100042151A01,60,0,1
202100042172,2021-04-28,2021,avril,mercredi,01:31,63,63113,"45,7837000000","3,0766900000",2,2,3,5,1,7,1,2,1,1,, -1,1,0,1,3,1,27,0,2,,0,2,0,19,202100042172A01,10,19,1
202100042186,2021-04-28,2021,avril,mercredi,18:55,35,35238,"48,0974400000"," -1,6420300000",2,3,6,1,1,4,2,2,1,1,, -1,1,5,1,4,1,41,1,2,,0,2,1,15,202100042186B01,7,15,1
202100042210,2021-04-28,2021,avril,mercredi,20:20,75,75118,"48,8855610000","2,3495300000",2,2,3,1,1,4,1,4,2,1,, -1,1,0,5,4,1,31,9,2,,0,2,2,1,202100042210B01,7,22,1
202100042212,2021-04-28,2021,avril,mercredi,13:50,75,75115,"48,8448320000","2,2939800000",2,7,6,1,1,4,2,2,1,1,, -1,1,0,5,1,1,40,4,2,,0,1,1,1,202100042212A01,,,
202100042215,2021-04-27,2021,avril,mardi,12:45,75,75104,"48,8532510000","2,3686120000",2,7,1,1,1,4,1,4,1,3,, -1,1,0,5,4,1,28,9,1,2,0,2,1,5,202100042215A01,1,1,1
202100042215,2021-04-27,2021,avril,mardi,12:45,75,75104,"48,8532510000","2,3686120000",2,7,1,1,1,4,1,4,1,3,, -1,1,0,5,1,1,36,9,1,2,0,2,1,1,202100042215B01,1,5,1
202100042216,2021-04-27,2021,avril,mardi,09:00,75,75103,"48,8654590000","2,3561230000",2,2,3,1,1,4,1,2,1,1,, -1,1,0,1,4,2,34,9,1,2,0,2,7,19,202100042216B01,32,21,1
202100042264,2021-04-29,2021,avril,jeudi,08:45,81,81099,"43,8999180000","1,8985530000",2,7,3,1,2,3,2,2,1,1,, -1,2,9,8,4,1,18,1,2,,0,2,2,26,202100042264B01,7,1,1
202100042323,2021-04-27,2021,avril,mardi,13:45,29,29232,"47,9935900000"," -4,0958900000",2,3,3,1,1,4,2,2,1,1,, -1,1,5,1,4,1,47,0,1,2,0,2,7,17,202100042323B01,7,15,1
202100042344,2021-04-27,2021,avril,mardi,17:20,75,75119,"48,8807040000","2,3739630000",2,1,2,1,1,4,2,2,2,3,, -1,1,0,1,4,1,38,9,2,,0,2,4,17,202100042344B01,7,1,1
202100042347,2021-04-27,2021,avril,mardi,15:35,75,75117,"48,8832680000","2,3127450000",2,5,3,1,1,4,1,2,1,1,, -1,1,0,5,4,1,36,9,2,,0,2,8,1,202100042347B01,33,1,1
202100042352,2021-04-27,2021,avril,mardi,17:15,75,75115,"48,8468790000","2,2924140000",2,2,3,1,1,4,2,2,1,1,, -1,1,0,1,4,1,38,5,2,,0,2,7,1,202100042352A01,7,1,1
202100042355,2021-04-27,2021,avril,mardi,10:20,75,75111,"48,8630510000","2,3713020000",2,3,3,1,1,4,2,4,1,1,, -1,1,0,1,4,2,32,9,1,2,0,2,1,15,202100042355A01,43,17,1
202100042359,2021-04-15,2021,avril,jeudi,17:00,75,75107,"48,8627790000","2,3116580000",2,3,7,1,1,4,2,4,1,1,, -1,1,0,1,4,2,28,1,1,2,0,0,0,1,202100042359A01,,,
202100042457,2021-03-04,2021,mars,jeudi,13:20,65,65047,"43,2474453298","0,0869691802",2,3,3,1,1,3,2,2,1,1,, -1,1,0,1,4,1,22,1,2,,0,2,0,1,202100042457B01,7,9,1
202100042478,2021-04-26,2021,avril,lundi,18:20,27,27701,"49,2727360000","1,2208500000",2,1,3,1,1,4,2,2,1,1,, -1,1,0,1,3,1,15,0,2,,0,2,8,0,202100042478B01,7,1,1
202100042494,2021-04-26,2021,avril,lundi,19:25,75,75119,"48,8898630000","2,3800430000",2,1,2,1,1,4,1,1,1,1,, -1,1,0,1,4,2,32,9,1,2,0,2,3,1,202100042494B01,10,4,1
202100042494,2021-04-26,2021,avril,lundi,19:25,75,75119,"48,8898630000","2,3800430000",2,1,2,1,1,4,1,1,1,1,, -1,1,0,1,1,2,3,9,1,3/2,0,2,3,1,202100042494B01,10,4,1
202100042507,2021-04-26,2021,avril,lundi,08:00,75,75102,"48,8685870000","2,3497300000",2,2,7,1,1,4,1,1,1,1,, -1,1,0,1,4,1,47,1,2,,0,0,0,1,202100042507A01,,,
202100042508,2021-04-25,2021,avril,dimanche,13:10,75,75104,"48,8543930000","2,3549860000",2,2,3,1,1,4,2,4,1,1,, -1,1,0,5,4,1,25,9,2,,0,2,1,1,202100042508B01,7,16,1
202100042523,2021-04-27,2021,avril,mardi,11:00,80,80835,"49,9743850000","2,1124490000",1,1,1,1,1,3,2,2,2,1,, -1,1,0,1,2,1,20,5,1,2,0,0,1,1,202100042523B01,21,1,1
202100042527,2021-04-24,2021,avril,samedi,17:50,61,61446,"48,7566950000","0,4789600000",1,1,7,1,1,3,2,2,2,4,, -1,1,0,3,4,1,10,5,1,2,13,0,1,19,202100042527A01,,,
202100042528,2021-04-24,2021,avril,samedi,19:00,49,49180,"47,3757290000"," -0,1107830000",2,2,3,1,1,4,3, -1,1,1,, -1,1,0,1,3,1,17,5,2,,0,2,1,19,202100042528B01,7,1,1
202100042531,2021-04-26,2021,avril,lundi,17:30,68,68349,"47,6055950000","7,5711790000",2,2,3,1,1,3,2,2,1,1,, -1,1,0,1,3,1,54,5,1,2,0,2,1,1,202100042531B01,7,15,1
202100042537,2021-04-27,2021,avril,mardi,11:55,05,05127,"44,4861760000","6,2734350000",1,1,7,1,1,3,2,2,2,2,, -1,1,0,1,4,1,63,5,1,2,0,0,7,2,202100042537A01,,,
202100042544,2021-04-26,2021,avril,lundi,18:10,28,28057,"48,2591840000","1,3754260000",2,1,3,1,1,9,2,0,1,1,,0,1,0,1,4,2,5,5,2,,0,2,1,0,202100042544B01,10,20,1
202100042551,2021-04-23,2021,avril,vendredi,18:00,84,84065,"43,7456150000","5,3072660000",1,6,3,1,1,3,1,1,1,2,, -1,1,5,1,4,1,74,5,2,,0,2,7,1,202100042551B01,7,9,1
202100042555,2021-04-26,2021,avril,lundi,12:50,88,88173,"48,3594710000","6,2435390000",1,1,7,1,1,3,2,2,1,1,, -1,1,8,1,3,1,57,5,1,2,0,0,1,18,202100042555A01,,,
202100042557,2021-04-26,2021,avril,lundi,15:00,49,49301,"47,1564910000"," -1,1638700000",1,1,6,1,1,3,2,2,2,1,, -1,1,0,1,3,1,69,0,2,,0,2,0,9,202100042557B01,7,1,1
202100042560,2021-04-27,2021,avril,mardi,17:00,22,22364,"48,4372020000"," -2,1121220000",2,1,3,1,7,3,2,2,1,3,, -1,1,0,1,4,2,72,5,1,2/4/9,0,2,3,1,202100042560B01,7,17,1
202100042595,2021-04-23,2021,avril,vendredi,13:40,29,29232,"47,9925300000"," -4,0824700000",2,1,1,1,1,4,2,2,1,1,, -1,1,8,1,4,1,33,1,2,,0,2,1,13,202100042595B01,7,1,1
202100042597,2021-04-25,2021,avril,dimanche,17:55,27,27229,"49,0193100000","1,1189500000",2,1,2,1,1,3,2,0,1,1,, -1,1,0,1,4,1,44,2,1,2,0,0,4,15,202100042597B01,31,2,1
202100042601,2021-04-25,2021,avril,dimanche,02:40,75,75120,"48,8683070000","2,3881800000",2,2,3,5,1,4,2,2,2,1,, -1,1,0,1,4,1,19,5,2,,0,2,1,1,202100042601B01,7,1,1
202100042603,2021-04-25,2021,avril,dimanche,10:45,75,75112,"48,8358910000","2,4056710000",2,2,3,1,1,4,2,2,1,1,, -1,1,0,5,4,2,30,5,2,,0,2,1,1,202100042603B01,7,16,1
202100042626,2021-04-24,2021,avril,samedi,18:30,57,57706,"48,8250230000","6,7697940000",1,1,2,1,1,3,2,2,4,1,, -1,1,0,1,3,1,56,5,1,2,0,0,3,1,202100042626B01,7,1,1
202100042630,2021-04-26,2021,avril,lundi,12:15,69,69133,"45,6336652610","4,7907040791",1,1,1,1,8,4,2,2,2,3,, -1,1,0,1,4,2,50,5,1,2,0,2,1,15,202100042630B01,7,1,1
202100042640,2021-04-25,2021,avril,dimanche,10:06,64,64495,"43,3512950000"," -1,5494800000",2,6,3,1,8,3, -1,1,1,2,, -1,1,5,1,3,1,69,5,1,2,0,2,3,1,202100042640B01,7,16,1
202100042643,2021-04-21,2021,avril,mercredi,11:49,974,97410," -21,0488710000","55,7135800000",2,6,3,1,1,4,1,2,1,2,,4,1,5,1,4,1,16,5,1,9,11,2,8,17,202100042643A01,37,1,1
202100042684,2021-04-24,2021,avril,samedi,22:15,54,54395,"48,7011791434","6,1768108606",2,4,3,5,1,4,1,2,1,1,, -1,1,0,1,4,1,48,0,1,2,0,2,7,1,202100042684A01,7,1,1
202100042699,2021-04-22,2021,avril,jeudi,13:10,75,75116,"48,8636420000","2,2370930000",2,1,4,1,1,4,1,1,1,3,, -1,1, -1,5,4,1,23,5,1,2,0,2,5,2,202100042699B01,1,2,2
202100042699,2021-04-22,2021,avril,jeudi,13:10,75,75116,"48,8636420000","2,2370930000",2,1,4,1,1,4,1,1,1,3,, -1,1, -1,5,4,1,35,5,1,2,0,2,1,2,202100042699A01,1,2,2
202100042699,2021-04-22,2021,avril,jeudi,13:10,75,75116,"48,8636420000","2,2370930000",2,1,4,1,1,4,1,1,1,3,, -1,1, -1,5,1,1,36,5,1,2,0,2,1,2,202100042699C01,1,2,2
202100042700,2021-04-22,2021,avril,jeudi,11:15,75,75116,"48,8783322045","2,2810739279",2,7,3,1,1,4,2,4,1,3,, -1,1,0,1,4,1,39,5,2,,0,2,8,18,202100042700B01,14,1,1
202100042703,2021-04-24,2021,avril,samedi,12:20,75,75112,"48,8444030000","2,4402000000",2,1,3,1,1,4,2,4,1,1,, -1,1, -1,5,4,2,50,5,1,2,0,2,2,1,202100042703B01,7,9,1
202100042704,2021-04-24,2021,avril,samedi,10:45,75,75112,"48,8342390000","2,4424640000",2,1,3,1,1,4,3,1,1,1,, -1,1, -1,5,1,1,32,5,1,2,0,2,8,19,202100042704B01,1,1,1
202100042704,2021-04-24,2021,avril,samedi,10:45,75,75112,"48,8342390000","2,4424640000",2,1,3,1,1,4,3,1,1,1,, -1,1, -1,5,4,1,43,5,1,2,0,2,1,1,202100042704A01,1,19,1
202100042705,2021-04-24,2021,avril,samedi,19:00,75,75111,"48,8528225019","2,3884873746",2,4,3,1,1,4,2,2,1,1,, -1,1, -1,5,4,1,25,9,1,2,0,2,1,1,202100042705B01,7,15,1
202100042708,2021-04-24,2021,avril,samedi,15:45,75,75101,"48,8631640000","2,3355330000",2,5,2,1,1,4, -1,0,1,3,, -1,1,0,1,4,2,37,9,2,,0,2,4,12,202100042708B01,7,1,1
202100042729,2021-04-24,2021,avril,samedi,12:01,01,01353,"45,9832160000","4,7901250000",1,1,2,1,1,3,2,2,1,2,, -1,1,0,1,3,1,61,5,1,2,0,0,4,2,202100042729B01,7,2,1
202100042734,2021-04-23,2021,avril,vendredi,18:00,74,74256,"45,9372580000","6,6283180000",2,1,1,1,1,4,1,1,1,1,,3,1,0,1,3,1,14,5,2,,0,2,1,0,202100042734B01,7,1,1
202100042783,2021-04-24,2021,avril,samedi,16:00,01,01313,"46,2597720000","6,0808030000",2,2,3,1,1,4,2,2,1,1,, -1,1,0,1,4,1,33,0,2,,0,2,1,9,202100042783B01,7,1,1
202100042791,2021-04-24,2021,avril,samedi,14:50,62,62089,"50,8298710000","1,6555710000",1,1,2,1,1,3,2,2,1,1,, -1,1,0,1,3,1,22,5,2,,0,0,4,1,202100042791B01,7,17,1
202100042907,2021-04-23,2021,avril,vendredi,09:40,75,75105,"48,8468580000","2,3540440000",2,1,2,1,1,4,2,1,2,1,, -1,1,0,1,4,1,26,2,1,2,0,2,1,1,202100042907A01,10,22,1
202100042914,2021-04-23,2021,avril,vendredi,09:45,75,75108,"48,8748490000","2,3018010000",2,2,2,1,1,4,2,2,2,1,, -1,1,0,1,4,1,60,5,2,,0,2,1,1,202100042914A01,7,22,1
202100042915,2021-04-22,2021,avril,jeudi,22:10,75,75107,"48,8473890000","2,3182050000",2,3,2,5,1,4,2,3,1,1,, -1,1, -1,5,4,1,32,9,2,,0,2,1,2,202100042915A01,7,23,1
202100042942,2021-04-23,2021,avril,vendredi,17:51,31,31418,"43,6221120000","1,5236230000",2,1,1,1,1,7,2,2,2,1,, -1,1,0,1,3,1,45,5,1,2,0,2,1,1,202100042942A01,7,15,1
202100042943,2021-04-16,2021,avril,vendredi,18:30,68,68038,"48,0963010000","7,4368720000",2,1,1,1,1,3,2,2,1,1,, -1,1,0,1,4,1,16,5,2,,0,0,1,1,202100042943B01,7,17,1
202100042952,2021-04-24,2021,avril,samedi,12:00,51,51149,"48,9002000000","4,4406120000",2,2,3,1,1,3,2,2,1,1,, -1,1,5,1,4,1,65,5,1,2,0,2,7,1,202100042952B01,7,1,1
202100042964,2021-04-22,2021,avril,jeudi,15:25,35,35071,"48,4451660000"," -1,2458860000",1,1,6,1,1,3,2,2,1,1,, -1,1,0,1,4,1,72,5,1,2,0,9,1,0,202100042964A01,,,
202100042976,2021-04-24,2021,avril,samedi,07:45,13,13032,"43,5779040000","5,3365450000",1,1,4,1,1,7,2,2,1,1,, -1,1,0,1,2,1,45,1,1,2,0,2,1,1,202100042976B01,7,17,1
202100042976,2021-04-24,2021,avril,samedi,07:45,13,13032,"43,5779040000","5,3365450000",1,1,4,1,1,7,2,2,1,1,, -1,1,0,1,4,1,24,1,1,2,0,2,0,1,202100042976C01,7,17,1
202100042981,2021-04-22,2021,avril,jeudi,14:30,06,06128,"43,6917820000","7,1182660000",1,1,3,1,7,4,2,2,2,4,, -1,1,0,1,3,1,54,5,1,2,0,2,2,0,202100042981B01,13,0,1
202100042986,2021-04-24,2021,avril,samedi,15:37,64,64230,"43,2090680000"," -0,3954240000",2,1,7,1,1,4,2,2,2,3,, -1,1,0,1,4,1,15,5,2,,0,0,0,1,202100042986A01,,,
202100042987,2021-04-23,2021,avril,vendredi,11:20,33,33554,"44,8864350000"," -0,4693440000",1,3,3,1,1,3,2,2,4,3,, -1,1,0,1,3,1,46,5,1,2,0,2,1,1,202100042987B01,7,15,1
202100043055,2021-04-22,2021,avril,jeudi,08:50,75,75120,"48,8529480000","2,4007790000",2,2,6,1,1,4,1,1,1,1,, -1,1,0,1,4,1,48,9,2,,0,1,1,21,202100043055A01,,,
202100043062,2021-04-21,2021,avril,mercredi,13:55,75,75110,"48,8696270000","2,3620340000",2,1,6,1,1,4,2,6,1,1,, -1,1, -1,5,4,1,30,5,2,,0,1,8,1,202100043062A01,,,
202100043063,2021-04-22,2021,avril,jeudi,18:00,75,75101,"48,8589890000","2,3398790000",2,3,7,1,1,4,2,3,1,1,, -1,1,0,1,4,1,28,9,2,,0,2,0,21,202100043063A01,10,14,1
202100043087,2021-04-22,2021,avril,jeudi,15:20,74,74208,"45,9212590000","6,7136500000",2,6,3,1,1,3,2,2,1,1,, -1,1,0,1,3,1,68,5,2,,0,2,2,1,202100043087A01,10,9,1
202100043090,2021-04-22,2021,avril,jeudi,14:15,32,32160,"43,6026540000","1,1543370000",1,1,2,1,1,3,2,2,1,1,, -1,1,0,1,3,1,67,5,1,2,0,2,1,1,202100043090A01,1,1,1
202100043090,2021-04-22,2021,avril,jeudi,14:15,32,32160,"43,6026540000","1,1543370000",1,1,2,1,1,3,2,2,1,1,, -1,1,0,1,1,1,71,5,1,2,0,2,4,1,202100043090B01,1,1,1
202100043091,2021-04-22,2021,avril,jeudi,17:20,47,47195,"44,1347518763","0,3400436145",2,1,2,1,1,3,3,2,2,1,, -1,1,0,1,3,1,39,5,1,2,14,0,1,1,202100043091A01,7,15,1
202100043098,2021-04-23,2021,avril,vendredi,17:24,05,05132,"44,6842850000","6,0751930000",2,3,1,1,1,3,2,2,1,3,, -1,1,0,1,4,1,36,5,1,2,0,2,1,1,202100043098B01,7,15,1
202100043106,2021-04-23,2021,avril,vendredi,15:50,41,41008,"47,7412170000","1,5432680000",1,1,3,1,1,3,2,2,1,1,, -1,1,0,1,2,1,49,5,2,,0,2,1,1,202100043106B01,7,1,1
202100043107,2021-04-15,2021,avril,jeudi,16:10,66,66008,"42,5506140000","2,9996430000",1,1,3,1,1,4,2,2,1,1,, -1,1,0,1,3,2,74,5,2,,0,2,8,1,202100043107B01,7,17,1
202100043110,2021-04-22,2021,avril,jeudi,13:20,33,33519,"44,8959360000"," -0,6692220000",1,1,1,1,1,4,2,2,1,1,, -1,1,2,5,1,1,21,0,2,,0,2,0,1,202100043110B01,1,1,1
202100043110,2021-04-22,2021,avril,jeudi,13:20,33,33519,"44,8959360000"," -0,6692220000",1,1,1,1,1,4,2,2,1,1,, -1,1,2,5,3,1,74,5,1,2,0,2,0,1,202100043110A01,1,1,1
202100043113,2021-04-18,2021,avril,dimanche,10:00,29,29103,"48,4385680000"," -4,2683550000",2,6,3,1,1,3,1,2,2,1,, -1,1,5,1,4,1,54,5,1,2,0,2,1,1,202100043113A01,7,15,1
202100043132,2021-04-21,2021,avril,mercredi,14:44,69,69382,"45,7456016201","4,8248311242",2,1,6,1,8,4,1,1,1,1,, -1,1,0,5,1,2,24,1,2,,0,1,1,1,202100043132A01,,,
202100043190,2021-04-21,2021,avril,mercredi,16:53,06,06088,"43,6677800000","7,2042700000",2,9,3,1,1,7,1,3,1,1,, -1,1,0,1,3,1,46,5,2,,0,2,6,1,202100043190B01,7,13,1
202100043200,2021-04-21,2021,avril,mercredi,16:10,75,75111,"48,8628690000","2,3872830000",2,5,3,1,1,4,2,2,2,1,, -1,1,0,1,4,1,19,5,2,,0,2,3,10,202100043200A01,33,1,1
202100043201,2021-04-21,2021,avril,mercredi,14:10,75,75111,"48,8559010000","2,3833060000",2,4,3,1,1,4,2,4,1,1,, -1,1, -1,5,4,1,49,5,1,2,0,2,3,1,202100043201B01,33,10,1
202100043203,2021-04-21,2021,avril,mercredi,13:00,75,75109,"48,8818770000","2,3300910000",2,1,3,1,1,4,2,2,1,1,, -1,1, -1,5,4,2,31,9,1,2,0,2,1,1,202100043203B01,7,9,1
202100043205,2021-04-21,2021,avril,mercredi,12:30,75,75108,"48,8824470000","2,3271310000",2,1,6,1,1,4,2,2,2,1,, -1,1,0,1,1,2,20,5,1,2,0,1,1,1,202100043205A01,,,
202100043225,2021-04-21,2021,avril,mercredi,18:55,17,17425,"45,6101570000"," -0,9238230000",2,1,3,1,1,4,2,2,2,1,, -1,1,0,1,3,2,19,5,2,,0,2,7,12,202100043225A01,10,1,1
202100043233,2021-04-21,2021,avril,mercredi,13:00,41,41190,"47,8094800000","1,1576310000",1,1,2,1,1,3,2,2,1,1,, -1,1,0,1,3,1,52,5,1,2,0,0,4,2,202100043233B01,7,2,1