Num_Acc,date,an,mois,jour,hrmn,dep,com,lat,long,agg,int,col,lum,atm,catr,circ,nbv,prof,plan,lartpc,larrout,surf,infra,situ,grav,sexe,age,trajet,secuexist,equipement,obs,obsm,choc,manv,vehiculeid,typevehicules,manoeuvehicules,numVehicules
202100043247,2021-04-20,2021,avril,mardi,17:20,29,29108,"48,0010540000"," -4,3356410000",2,2,3,1,1,4,2,2,1,1,,5,1,9,1,4,1,15,5,2,,0,2,1,9,202100043247A01,10,1,1
202100043252,2021-04-22,2021,avril,jeudi,15:50,54,54238,"48,4081878552","6,2547826776",2,1,7,1,1,3,4,2,1,1,, -1,1,0,1,2,1,83,5,1,2,0,0,1,3,202100043252A01,,,
202100043255,2021-04-21,2021,avril,mercredi,14:00,45,45196,"47,8465979978","1,7914614036",2,3,3,1,1,4,2,2,1,1,,5,1,0,1,3,1,11,5,2,,0,2,8,15,202100043255B01,7,1,1
202100043256,2021-04-22,2021,avril,jeudi,18:15,18,18013,"46,7607010000","2,5562200000",1,1,7,1,1,3,2,2,1,1,, -1,1,0,3,2,1,76,5,2,,16,0,1,13,202100043256A01,,,
202100043259,2021-04-19,2021,avril,lundi,10:20,07,07319,"44,5537990000","4,6883160000",2,6,3,1,1,2,2,2,1,2,, -1,1,5,1,3,1,86,5,1,2,0,2,7,1,202100043259B01,7,1,1
202100043261,2021-04-21,2021,avril,mercredi,10:20,04,04004,"43,8068680000","6,0065070000",1,1,7,1,1,3,2,2,2,1,, -1,1,0,1,3,1,60,5,2,,0,0,7,1,202100043261A01,,,
202100043282,2021-04-20,2021,avril,mardi,16:00,26,26250,"45,0326520000","4,8929930000",1,1,3,1,1,3,2,2,1,1,, -1,1,0,1,3,1,61,5,1,2/6,0,9,0,1,202100043282A01,21,26,1
202100043289,2021-04-22,2021,avril,jeudi,19:30,59,59534,"50,1227910000","3,8935240000",1,2,3,1,1,3,2,2,4,1,, -1,1,0,1,3,1,16,5,2,,0,2,1,1,202100043289B01,7,1,1
202100043351,2021-04-20,2021,avril,mardi,09:20,75,75115,"48,8403870000","2,3151320000",2,2,3,1,1,4,1,1,1,1,, -1,1, -1,5,4,2,33,9,1,2/6,0,2,3,1,202100043351B01,7,15,1
202100043381,2021-04-20,2021,avril,mardi,15:45,49,49050,"47,3542340000"," -0,4502840000",2,1,6,1,1,4,2,2,4,2,, -1,1,0,8,3,1,13,5,2,,6,0,1,1,202100043381A01,,,
202100043462,2021-04-18,2021,avril,dimanche,17:10,75,75104,"48,8504640000","2,3602480000",2,1,2,1,8,4,1,2,1,1,, -1,1,2,1,4,1,54,3,2,,0,2,1,1,202100043462A01,7,23,1
202100043503,2021-04-20,2021,avril,mardi,16:00,46,46231,"44,5009080000","1,1094640000",1,2,3,1,1,4,2,2,1,1,, -1,1,0,1,2,1,69,3,2,,0,2,1,1,202100043503B01,7,1,1
202100043506,2021-04-20,2021,avril,mardi,11:00,50,50256,"48,6164910000"," -1,2128310000",2,3,3,1,1,3,2,2,1,1,, -1,1,0,1,3,1,12,5,2,,0,2,0,15,202100043506B01,7,21,1
202100043556,2021-04-18,2021,avril,dimanche,14:30,75,75119,"48,8776990000","2,3812870000",2,3,3,1,1,4,2,2,1,2,, -1,1,0,1,4,1,35,9,1,2,0,2,1,1,202100043556B01,7,22,1
202100043557,2021-04-17,2021,avril,samedi,20:00,75,75117,"48,8949980000","2,3176610000",2,4,3,1,1,4,1,1,1,1,, -1,1, -1,5,4,1,21,4,2,,0,2,1,1,202100043557B01,30,9,1
202100043572,2021-04-18,2021,avril,dimanche,15:55,88,88115,"48,1687400000","6,8800590000",2,1,3,1,1,4,2,2,2,2,, -1,1,0,1,3,1,15,5,1,2,0,2,1,19,202100043572B01,10,21,1
202100043577,2021-04-18,2021,avril,dimanche,15:00,56,56041,"48,1169870000"," -3,0361000000",1,1,7,1,1,4,2,2,2,1,, -1,1,0,1,3,2,72,5,2,,0,0,0,1,202100043577A01,,,
202100043584,2021-04-19,2021,avril,lundi,14:55,38,38082,"45,4277130000","5,5152240000",2,1,3,1,1,3,2,2,1,1,, -1,1,0,1,3,1,12,5,1,2,0,2,1,13,202100043584B01,7,0,1
202100043592,2021-04-14,2021,avril,mercredi,15:00,27,27074,"49,1535770000","0,6523130000",2,1,1,1,1,4,2,2,1,1,, -1,1,0,1,3,1,10,5,1,2,0,2,8,19,202100043592B01,10,1,1
202100043596,2021-03-14,2021,mars,dimanche,10:50,84,84122,"44,0970480000","4,9453820000",1,1,1,1,6,3,2,2,1,2,, -1,1,0,1,3,1,53,5,2,,0,2,3,1,202100043596B01,2,1,1
202100043596,2021-03-14,2021,mars,dimanche,10:50,84,84122,"44,0970480000","4,9453820000",1,1,1,1,6,3,2,2,1,2,, -1,1,0,1,1,1,50,5,1,2,0,2,3,1,202100043596C01,2,1,1
202100043600,2021-04-17,2021,avril,samedi,11:50,14,14106,"49,2400240000"," -0,2259170000",2,1,2,1,1,3,2,2,1,1,, -1,1,0,1,3,1,66,5,1,2,0,2,1,1,202100043600A01,1,2,1
202100043600,2021-04-17,2021,avril,samedi,11:50,14,14106,"49,2400240000"," -0,2259170000",2,1,2,1,1,3,2,2,1,1,, -1,1,0,1,1,1,72,5,1,2,0,2,4,2,202100043600B01,1,1,1
202100043646,2021-04-15,2021,avril,jeudi,10:00,75,75105,"48,8445754175","2,3642498445",2,7,3,1,1,4,2,3,1,3,, -1,1,0,1,4,2,45,5,1,2,0,2,4,13,202100043646B01,14,1,1
202100043651,2021-04-17,2021,avril,samedi,16:40,75,75113,"48,8316990236","2,3443740606",2,4,2,1,1,4,2,2,1,1,, -1,1,0,1,4,2,31,9,2,,0,2,6,15,202100043651B01,32,2,1
202100043652,2021-04-17,2021,avril,samedi,16:20,75,75110,"48,8706920000","2,3565400000",2,3,2,1,1,4,1,2,1,1,, -1,1,0,1,4,2,34,9,1,2,0,2,1,1,202100043652B01,7,22,1
202100043674,2021-03-24,2021,mars,mercredi,15:50,83,83031,"43,3944170000","6,3314670000",2,6,2,1,1,3,2,2,1,1,, -1,1,0,1,3,1,49,0,2,,0,0,5,1,202100043674B01,7,9,1
202100043678,2021-04-18,2021,avril,dimanche,14:53,32,32458,"43,7350080000"," -0,0135920000",1,2,3,1,1,3,2,2,1,1,, -1,1,4,1,3,1,70,5,1,2,0,2,3,1,202100043678B01,7,15,1
202100043688,2021-04-17,2021,avril,samedi,15:20,50,50272,"48,9414170000"," -1,5375070000",1,2,3,1,1,4,2,2,1,1,, -1,1,9,1,3,2,60,5,1,2/6,0,2,3,1,202100043688B01,7,1,1
202100043698,2021-04-14,2021,avril,mercredi,14:40,88,88332,"48,2243690000","5,9269310000",1,1,2,1,1,3,2,2,1,1,, -1,1,0,1,3,2,85,5,1,2,0,2,4,2,202100043698B01,7,2,1
202100043708,2021-04-17,2021,avril,samedi,14:50,21,21565,"47,2061040000","5,0116490000",2,4,3,1,1,3,2,2,3,2,, -1,1,0,1,3,1,59,5,1,2,0,2,1,1,202100043708A01,7,1,1
202100043710,2021-04-18,2021,avril,dimanche,11:45,38,38442,"45,3173800000","5,7991900000",1,1,6,1,1,3,2,2,2,2,, -1,1,0,1,4,1,17,5,2,,0,0,0,1,202100043710A01,,,
202100043714,2021-04-17,2021,avril,samedi,17:30,53,53094,"48,0019330000"," -0,7122870000",2,1,3,1,1,3,2,2,2,1,, -1,1,6,1,4,1,13,5,2,,0,2,7,19,202100043714B01,10,1,1
202100043716,2021-04-18,2021,avril,dimanche,17:30,76,76522,"49,5279500000","0,4085900000",1,1,1,1,1,3,2,2,1,1,, -1,1,0,1,3,1,13,5,2,,0,2,6,9,202100043716A01,7,1,1
202100043792,2021-04-15,2021,avril,jeudi,08:40,75,75120,"48,8658720000","2,3993340000",2,4,3,1,1,4,2,3,2,1,, -1,1, -1,5,3,2,55,9,1,2,0,2,3,1,202100043792B01,37,16,1
202100043819,2021-04-17,2021,avril,samedi,15:20,36,36034,"47,2579960000","1,6536890000",2,1,6,1,8,4,2,2,2,1,, -1,1,0,1,3,1,14,5,2,,0,9,1,0,202100043819A01,,,
202100043839,2021-03-25,2021,mars,jeudi,10:00,971,97117,"16,3269200000"," -61,3662440000",1,2,3,1,1,3,2,2,1,1,, -1,1,0,1,3,1,56,5,1,2,0,2,1,19,202100043839B01,7,1,1
202100043892,2021-04-15,2021,avril,jeudi,16:10,27,27229,"49,0231500000","1,1244600000",2,1,2,1,1,3,2,2,1,1,, -1,1,0,1,4,1,44,5,1,2,0,2,4,15,202100043892B01,2,17,1
202100043892,2021-04-15,2021,avril,jeudi,16:10,27,27229,"49,0231500000","1,1244600000",2,1,2,1,1,3,2,2,1,1,, -1,1,0,1,4,1,1,5,1,3,0,2,4,15,202100043892B01,2,17,1
202100043907,2021-04-15,2021,avril,jeudi,09:30,75,75114,"48,8332530000","2,3315360000",2,3,3,1,1,4,2,4,1,1,, -1,1,0,1,4,1,43,1,1,2,0,2,4,21,202100043907B01,32,1,1
202100043908,2021-04-14,2021,avril,mercredi,09:30,75,75114,"48,8324990000","2,3121660000",2,1,2,1,1,4,2,2,1,1,, -1,1,0,1,4,2,58,5,1,2,0,2,4,17,202100043908B01,7,17,1
202100043914,2021-04-15,2021,avril,jeudi,13:30,75,75110,"48,8702740000","2,3498950000",2,1,3,1,1,4,2,3,1,1,, -1,1, -1,5,4,1,27,4,1,2,0,2,1,1,202100043914B01,10,16,1
202100043950,2021-04-15,2021,avril,jeudi,05:50,68,68161,"48,1113680000","7,2938010000",1,1,2,3,1,3,2,3,1,1,, -1,1,0,1,3,1,24,0,2,,0,0,4,1,202100043950A01,7,1,1
202100043984,2021-04-15,2021,avril,jeudi,11:15,17,17225,"45,7139670000"," -1,1423690000",2,2,3,1,1,3,2,2,1,1,, -1,1,5,1,3,2,63,5,2,,0,2,1,1,202100043984B01,7,16,1
202100044044,2021-04-14,2021,avril,mercredi,15:00,75,75119,"48,8901380000","2,3716920000",2,1,3,1,1,4,1,2,1,1,, -1,1, -1,5,4,2,24,1,2,,0,2,1,5,202100044044A01,2,19,1
202100044047,2021-04-13,2021,avril,mardi,17:00,75,75115,"48,8471700000","2,2893210000",2,3,7,1,1,4,1,1,1,1,, -1,1,0,1,4,2,76,9,2,,0,2,1,21,202100044047A01,,,
202100044049,2021-04-14,2021,avril,mercredi,14:25,75,75110,"48,8747997902","2,3572348779",2,5,1,1,1,4,1,0,1,1,, -1,1, -1,5,4,1,33,9,2,,0,2,1,1,202100044049B01,50,5,1
202100044050,2021-04-14,2021,avril,mercredi,11:20,75,75109,"48,8820490000","2,3375250000",2,7,6,1,1,4,1,2,1,3,, -1,1,0,1,1,1,24,1,2,,0,1,8,5,202100044050A01,,,
202100044052,2021-04-14,2021,avril,mercredi,12:00,75,75104,"48,8550676030","2,3616632115",2,4,6,1,1,4,2,4,1,1,, -1,1, -1,5,4,1,30,1,1,2,12,0,1,14,202100044052A01,,,
202100044053,2021-04-14,2021,avril,mercredi,10:00,75,75103,"48,8662420000","2,3525330000",2,2,3,1,1,4,1,4,1,1,, -1,1, -1,6,4,1,31,1,2,,0,2,8,7,202100044053B01,10,16,1
202100044072,2021-04-15,2021,avril,jeudi,14:50,68,68005,"48,1288690000","7,2980920000",2,3,3,1,1,4,2,2,1,1,, -1,1,0,1,3,1,63,5,2,,0,0,8,15,202100044072B01,10,1,1
202100044100,2021-04-13,2021,avril,mardi,11:20,69,69040,"45,8018980000","4,7924370000",2,1,1,1,1,4,1,1,2,3,, -1,1,0,1,4,1,48,4,1,2/4,0,2,1,5,202100044100A01,7,1,1
202100044103,2021-04-15,2021,avril,jeudi,08:55,59,59011,"50,5397810000","2,9210330000",1,1,3,1,1,7,2,2,1,1,, -1,1,0,1,4,1,19,0,2,,0,2,8,9,202100044103A01,13,1,1
202100044160,2021-04-13,2021,avril,mardi,08:40,75,75120,"48,8711650000","2,3965430000",2,1,6,1,1,4,2,2,2,1,, -1,1, -1,5,1,1,31,1,2,,0,1,1,1,202100044160A01,,,
202100044169,2021-04-13,2021,avril,mardi,09:20,75,75110,"48,8752240000","2,3703180000",2,2,3,1,1,4,2,0,2,1,, -1,1,0,1,4,2,24,3,2,,0,2,8,9,202100044169B01,32,1,1
202100044171,2021-04-13,2021,avril,mardi,13:50,75,75101,"48,8633990000","2,3509490000",2,2,3,1,1,4,2,4,1,1,, -1,1, -1,5,4,1,42,5,2,,0,2,1,15,202100044171A01,7,1,1
202100044186,2021-04-13,2021,avril,mardi,14:00,92,92025,"48,9230844966","2,2540450577",2,3,3,1,1,3,2,4,1,1,, -1,1,0,1,4,1,15,5,2,,0,2,1,19,202100044186B01,10,16,1
202100044192,2021-04-14,2021,avril,mercredi,17:30,2B,2B286,"42,4858020000","9,4843070000",2,1,1,1,1,4,2,2,1,1,, -1,1,0,1,4,1,50,5,2,,0,2,3,1,202100044192B01,7,1,1
202100044209,2021-04-13,2021,avril,mardi,12:40,78,78683,"48,8131870000","1,8818160000",2,3,1,1,1,4,2,2,2,1,, -1,1,0,1,4,1,41,5,1,2,0,2,1,1,202100044209A01,10,15,1
202100044259,2021-02-19,2021,février,vendredi,15:36,63,63113,"45,7672700000","3,1063200000",2,1,3,1,1,4,2,4,1,1,, -1,1,0,1,4,1,29,0,2,,0,2,1,19,202100044259B01,7,1,1
202100044260,2021-02-19,2021,février,vendredi,12:20,63,63113,"45,7670400000","3,1066900000",2,1,6,1,1,4,2,3,1,1,, -1,1,0,1,4,2,52,4,2,,1,0,1,1,202100044260B01,10,22,1
202100044267,2021-04-12,2021,avril,lundi,16:40,54,54304,"48,6947121108","6,1379329115",2,6,3,1,1,4,4,3,2,1,, -1,1,5,1,3,1,27,0,1,2,0,2,8,1,202100044267B01,7,1,1
202100044293,2021-04-12,2021,avril,lundi,18:35,75,75120,"48,8650743630","2,3983442728",2,7,3,1,8,4,2,2,2,1,, -1,1,0,1,4,1,58,1,2,,0,2,3,1,202100044293A01,33,1,1
202100044294,2021-04-12,2021,avril,lundi,08:50,75,75119,"48,8885520000","2,3792240000",2,3,3,1,1,4,1,1,1,1,, -1,1,0,1,4,1,33,9,2,,0,2,8,19,202100044294B01,7,15,1
202100044296,2021-04-12,2021,avril,lundi,10:50,75,75117,"48,8869560000","2,3030360000",2,1,3,1,1,4,1,1,1,1,, -1,1,0,1,4,2,20,9,2,,0,2,1,1,202100044296A01,7,22,1
202100044303,2021-04-12,2021,avril,lundi,10:45,75,75104,"48,8512060000","2,3626860000",2,3,6,1,1,4,2,3,1,1,, -1,1,0,1,1,1,29,1,2,,0,1,1,1,202100044303A01,,,
202100044320,2021-04-12,2021,avril,lundi,18:10,37,37074,"47,2476339248","0,1610974968",2,3,2,1,1,3,2,2,2,1,, -1,1,0,1,3,1,13,5,2,,0,2,4,15,202100044320B01,3,1,1
202100044328,2021-04-12,2021,avril,lundi,10:30,14,14191,"49,3223279825"," -0,4558146000",2,6,2,1,1,3,1,1,1,3,, -1,1,0,1,2,2,61,0,2,,0,0,4,1,202100044328B01,0,0,1
202100044335,2021-04-12,2021,avril,lundi,18:20,40,40046,"44,3861560000"," -1,1675820000",2,3,2,1,7,4,2,2,1,1,, -1,1,0,1,3,2,67,3,2,,0,0,4,1,202100044335B01,7,2,1
202100044393,2021-04-10,2021,avril,samedi,15:35,32,32180,"43,8778040000","0,2160790000",1,1,7,1,1,3,2,2,4,3,, -1,1,0,1,3,1,70,5,1,2,0,0,9,1,202100044393A01,,,
202100044457,2021-04-10,2021,avril,samedi,11:35,54,54547,"48,6552500000","6,1629000000",2,4,3,1,1,4,2,2,3,1,, -1,1,0,1,4,1,44,0,1,2,0,2,1,16,202100044457A01,7,1,1
202100044482,2021-04-10,2021,avril,samedi,21:35,75,75114,"48,8385553098","2,3226102324",2,4,6,5,3,4,2,4,1,1,, -1,2,0,1,4,1,18,4,1,2,0,2,1,1,202100044482B01,7,9,1
202100044483,2021-04-10,2021,avril,samedi,10:15,75,75114,"48,8253250000","2,3163800000",2,1,3,1,2,4,3,3,1,1,, -1,2, -1,5,4,1,31,5,1,2,0,2,1,1,202100044483B01,7,16,1
202100044487,2021-04-10,2021,avril,samedi,02:30,75,75109,"48,8745000000","2,3408100000",2,1,7,5,2,4,1,1,1,1,, -1,2,0,1,4,2,28,9,1,2,0,0,0,1,202100044487A01,,,
202100044506,2021-04-10,2021,avril,samedi,17:20,12,12052,"44,5805260000","2,0772260000",2,4,3,1,1,4,2,2,1,1,, -1,1,0,1,4,1,15,5,2,,0,2,7,2,202100044506A01,1,2,1
202100044506,2021-04-10,2021,avril,samedi,17:20,12,12052,"44,5805260000","2,0772260000",2,4,3,1,1,4,2,2,1,1,, -1,1,0,1,1,1,15,5,2,,0,2,1,2,202100044506B01,1,2,1
202100044566,2021-04-09,2021,avril,vendredi,17:40,53,53130,"48,0647950000"," -0,7902020000",2,1,3,1,8,4, -1,0,1,1,, -1,1,5,5,3,2,89,5,1,2,0,2,3,19,202100044566B01,0,18,1
202100044592,2021-04-09,2021,avril,vendredi,11:00,75,75117,"48,8915610000","2,3184860000",2,2,4,1,1,4,2,5,1,1,, -1,1,0,1,4,2,21,5,2,,0,2,8,16,202100044592B01,60/ 14,16,2
202100044594,2021-04-09,2021,avril,vendredi,13:15,75,75113,"48,8276770000","2,3568080000",2,1,3,1,1,4,2,6,1,1,, -1,1, -1,5,4,1,43,5,2,,0,2,1,1,202100044594B01,2,9,1
202100044621,2021-03-09,2021,mars,mardi,07:55,71,71230,"46,6008210000","4,0504570000",2,1,7,1,1,4,2,2,1,1,, -1,1,0,1,4,1,18,1,2,,0,0,0,0,202100044621A01,,,
202100044623,2021-04-10,2021,avril,samedi,11:00,39,39498,"47,1661540000","5,7951330000",2,2,3,1,1,4,2,2,1,1,, -1,1,0,1,4,1,54,5,1,2,0,2,3,1,202100044623A01,7,19,1
202100044627,2021-04-09,2021,avril,vendredi,17:30,84,84009,"43,7865790000","5,6452240000",1,3,3,1,1,3,2,2,1,1,, -1,1,0,1,3,1,58,5,1,2,0,0,8,15,202100044627A01,2,15,1
202100044640,2021-04-10,2021,avril,samedi,14:05,64,64478,"43,2883100000"," -0,4381710000",1,3,3,1,1,3,2,2,1,2,, -1,1,2,1,4,1,73,5,1,2,0,2,3,1,202100044640B01,7,1,1
202100044703,2021-04-07,2021,avril,mercredi,17:35,10,10321,"48,2911718501","4,0295737982",2,3,3,1,1,3,2,2,1,1,, -1,1,0,1,4,1,40,1,2,,0,2,1,1,202100044703A01,7,23,1
202100044714,2021-04-08,2021,avril,jeudi,15:30,75,75114,"48,8197130000","2,3413560000",2,1,6,1,1,4,2,6,2,1,, -1,1, -1,5,1,1,26,9,2,,0,1,7,1,202100044714A01,,,
202100044717,2021-04-08,2021,avril,jeudi,13:20,75,75105,"48,8447860000","2,3659390000",2,1,3,1,1,4,1,4,1,1,, -1,1,2,1,4,2,27,9,1,2,0,2,5,19,202100044717B01,43,1,1
202100044732,2021-04-08,2021,avril,jeudi,13:45,62,62473,"50,6279320000","2,4362610000",1,1,3,1,1,3,2,1,4,1,, -1,1,0,5,4,2,67,5,2,,0,2,8,1,202100044732A01,7,1,1
202100044747,2021-04-08,2021,avril,jeudi,17:00,03,03195,"46,2873530000","2,6617380000",2,1,7,1,1,3,2,2,1,1,, -1,9,8,1,3,1,79,5,1,2,0,0,1,0,202100044747A01,,,
202100044753,2021-04-08,2021,avril,jeudi,15:15,07,07289,"44,6288020000","4,4129690000",2,3,3,1,1,3,2,2,2,1,, -1,1,0,1,3,1,8,5,2,,0,2,8,1,202100044753A01,7,1,1
202100044766,2021-04-08,2021,avril,jeudi,16:20,06,06075,"43,8497050000","7,2235180000",2,1,1,1,1,7,2,2,1,1,, -1,1,0,1,3,1,17,1,2,,0,2,1,19,202100044766A01,38,1,1
202100044813,2021-04-06,2021,avril,mardi,16:01,63,63113,"45,7736700000","3,0753900000",2,6,3,1,1,4,1,2,1,1,, -1,1,0,1,4,1,32,0,2,,0,2,7,0,202100044813B01,7,9,1
202100044838,2021-04-07,2021,avril,mercredi,19:15,75,75101,"48,8644300946","2,3466914892",2,2,2,1,1,4, -1,3,1,1,, -1,1,0,1,4,1,22,9,2,,0,2,0,9,202100044838B01,7,1,1
202100044839,2021-04-07,2021,avril,mercredi,08:45,75,75103,"48,8673377785","2,3633641762",2,3,3,1,1,4,2,6,1,1,, -1,1,0,1,4,2,40,9,2,,0,2,8,18,202100044839B01,13,15,1
202100044863,2021-04-08,2021,avril,jeudi,12:00,56,56033,"47,8093900000"," -2,1250340000",1,2,3,1,1,3,2,2,1,3,, -1,1,5,1,2,1,70,5,1,2,0,2,1,19,202100044863B01,7,1,1
202100044866,2021-04-07,2021,avril,mercredi,16:00,82,82112,"44,1258190000","1,0704050000",1,3,3,1,1,3,2,2,1,1,, -1,1,0,1,3,1,13,5,2,,0,2,8,15,202100044866B01,7,17,1
202100044868,2021-04-07,2021,avril,mercredi,16:47,61,61097,"48,4851970000","0,6521040000",2,3,3,1,1,4,2,2,1,3,, -1,1,0,1,3,1,10,5,2,,0,2,1,19,202100044868A01,7,1,1
202100044871,2021-04-07,2021,avril,mercredi,11:30,47,47203,"44,3873390000","0,8036700000",1,3,3,1,1,3,2,2,1,1,, -1,1,0,1,4,1,26,3,2,,0,2,3,9,202100044871A01,10,1,1
202100044881,2021-04-07,2021,avril,mercredi,18:05,03,03118,"46,0961130000","3,1958250000",2,3,3,1,1,4,2,2,2,1,, -1,1,0,1,3,1,13,5,2,,0,2,1,19,202100044881A01,7,1,1
202100044896,2021-04-07,2021,avril,mercredi,09:40,978,97801,"18,0660610000"," -63,0739470000",2,1,1,1,1,9,2,2,2,1,, -1,1,0,1,4,1,15,5,2,,0,2,1,2,202100044896B01,2,1,1
202100044899,2021-04-08,2021,avril,jeudi,08:00,50,50531,"48,6835090000"," -1,2593510000",1,1,2,1,1,3,2,2,1,1,, -1,1,0,1,3,1,70,5,1,2/6,0,0,4,2,202100044899B01,10,1,1
202100044909,2021-04-06,2021,avril,mardi,18:50,69,69382,"45,7527100000","4,8281100000",2,2,3,1,1,4,1,1,1,1,, -1,1,0,1,4,1,17,5,2,,0,2,7,1,202100044909Y01,7,1,1
202100044954,2021-04-06,2021,avril,mardi,09:30,29,29232,"47,9872744275"," -4,1273725033",2,6,3,1,9,4, -1,1,1,3,, -1,1,0,1,4,1,80,5,1,2,0,2,1,1,202100044954B01,7,0,1
202100044965,2021-04-02,2021,avril,vendredi,17:21,11,11262,"43,1882100000","3,0035900000",2,1,1,1,1,4,2,2,1,1,, -1,1,9,6,4,2,27,9,2,,0,2,1,1,202100044965B01,38,26,1
202100044971,2021-04-02,2021,avril,vendredi,14:24,05,05061,"44,5623200000","6,0774200000",2,1,7,1,1,4,1,2,1,1,, -1,1,0,4,4,2,52,4,1,2,12,0,0,15,202100044971A01,,,
202100044975,2021-04-05,2021,avril,lundi,21:35,75,75109,"48,8838520000","2,3286050000",2,4,3,5,1,4,3,3,1,1,, -1,1,0,1,4,1,24,4,2,,0,2,3,19,202100044975B01,34,1,1
202100044976,2021-04-05,2021,avril,lundi,16:20,75,75109,"48,8821210000","2,3280890000",2,1,2,1,2,4,1,2,3,1,, -1,2,0,1,4,1,23,1,2,,0,2,4,2,202100044976B01,7,2,1
202100044977,2021-04-06,2021,avril,mardi,08:45,75,75101,"48,8585240000","2,3482280000",2,2,3,1,1,4,1,3,1,1,, -1,1, -1,5,4,2,20,2,1,2,0,2,1,1,202100044977B01,10,15,1
202100044996,2021-04-06,2021,avril,mardi,07:10,974,97414," -21,2705140000","55,4433900000",2,2,3,2,1,2,2,2,2,1,, -1,1,0,1,3,1,17,2,1,2,0,2,1,1,202100044996B01,7,15,1
202100045027,2021-04-05,2021,avril,lundi,13:10,29,29019,"48,4016354766"," -4,4671051204",2,6,3,1,1,4,2,2,1,3,, -1,1,5,1,4,1,21,5,2,,0,2,0,1,202100045027B01,7,9,1
202100045065,2021-04-02,2021,avril,vendredi,16:50,31,31424,"43,5920870000","1,2852980000",1,6,7,1,1,3,3,2,1,3,, -1,1,0,1,2,1,44,5,1,2,0,0,0,0,202100045065A01,,,
202100045067,2021-04-04,2021,avril,dimanche,09:50,70,70058,"47,5004160000","5,6675610000",1,1,4,1,1,3,2,2,1,1,, -1,1,0,1,4,1,67,5,1,2,0,2,1,2,202100045067A01,1,2,2
202100045067,2021-04-04,2021,avril,dimanche,09:50,70,70058,"47,5004160000","5,6675610000",1,1,4,1,1,3,2,2,1,1,, -1,1,0,1,1,1,67,5,1,2,0,0,4,2,202100045067B01,1,2,2
202100045067,2021-04-04,2021,avril,dimanche,09:50,70,70058,"47,5004160000","5,6675610000",1,1,4,1,1,3,2,2,1,1,, -1,1,0,1,4,1,76,5,1,2,0,2,1,2,202100045067C01,1,2,2
202100045075,2021-04-06,2021,avril,mardi,09:58,95,95394,"49,0617650695","2,1758744631",2,1,3,1,1,4,1,1,1,1,, -1,1,0,1,4,1,79,5,1,2,0,2,1,16,202100045075B01,7,1,1
202100045085,2021-04-06,2021,avril,mardi,13:50,04,04086,"44,4048910000","6,7107150000",1,1,7,1,1,3,2,2,1,1,, -1,1,0,1,4,2,16,5,2,,0,0,0,1,202100045085A01,,,
202100045089,2021-04-03,2021,avril,samedi,12:15,65,65401,"43,1858530000","0,1017090000",2,9,2,1,8,3,2,2,1,1,, -1,1,0,1,3,1,54,5,1,2,0,0,1,1,202100045089A01,1,1,1
202100045089,2021-04-03,2021,avril,samedi,12:15,65,65401,"43,1858530000","0,1017090000",2,9,2,1,8,3,2,2,1,1,, -1,1,0,1,1,1,58,5,1,2,0,9,4,1,202100045089B01,1,1,1
202100045090,2021-04-03,2021,avril,samedi,17:00,17,17036,"45,8760570000"," -0,9962150000",2,6,3,1,1,3,2,2,1,1,, -1,1,5,1,3,1,75,5,2,,0,2,3,15,202100045090B01,2,1,1
202100045131,2021-04-04,2021,avril,dimanche,16:39,25,25056,"47,2393000000","6,0055100000",2,4,3,1,1,4,2,2,1,3,, -1,1,0,1,3,2,12,0,2,,0,2,1,1,202100045131B01,7,1,1
202100045142,2021-04-04,2021,avril,dimanche,18:25,75,75115,"48,8289750000","2,2997290000",2,1,6,1,1,4,2,0,1,1,, -1,1, -1,5,1,2,36,5,2,,0,1,1,21,202100045142A01,,,
202100045144,2021-04-04,2021,avril,dimanche,16:06,75,75107,"48,8536740000","2,3147360000",2,3,6,1,1,4,2,5,1,1,, -1,1, -1,5,4,1,54,9,1,2,8,0,1,21,202100045144A01,,,
202100045184,2021-04-05,2021,avril,lundi,08:30,978,97801,"18,0802840000"," -63,0706640000",2,1,1,1,1,2,2,2,2,3,, -1,1,0,1,3,1,65,5,1,2,0,2,1,1,202100045184B01,7,1,1
202100045188,2021-04-04,2021,avril,dimanche,10:15,987,98747," -17,7463241945"," -149,2020235062",1,1,1,1,1,2,2,2,1,1,, -1,1,0,1,3,1,49,5,2,,0,2,1,13,202100045188A01,7,1,1