Num_Acc,date,an,mois,jour,hrmn,dep,com,lat,long,agg,int,col,lum,atm,catr,circ,nbv,prof,plan,lartpc,larrout,surf,infra,situ,grav,sexe,age,trajet,secuexist,equipement,obs,obsm,choc,manv,vehiculeid,typevehicules,manoeuvehicules,numVehicules
202100045191,2021-04-05,2021,avril,lundi,12:30,11,11192,"43,2991190000","2,0515250000",1,1,1,1,1,3,2,2,1,1,, -1,1,0,1,3,1,59,0,1,2/4,0,2,1,5,202100045191B01,7,1,1
202100045192,2021-04-02,2021,avril,vendredi,10:10,34,34299,"43,2646130000","3,2842250000",1,1,3,1,7,3,2,2,1,1,, -1,1,0,1,4,2,72,5,1,2,0,2,3,2,202100045192B01,7,17,1
202100045239,2021-04-02,2021,avril,vendredi,20:00,75,75119,"48,8788830000","2,4018750000",2,2,3,5,1,4,3,3,2,1,, -1,1,0,1,4,1,18,5,2,,0,2,1,9,202100045239B01,7,1,1
202100045244,2021-04-03,2021,avril,samedi,19:20,75,75114,"48,8295913276","2,3284519812",2,2,6,1,1,4,2,4,1,1,, -1,1,0,1,4,1,43,1,2,,8,2,8,21,202100045244A01,10,16,1
202100045249,2021-04-03,2021,avril,samedi,12:55,75,75103,"48,8618980000","2,3569200000",2,2,3,1,1,4,1,1,1,1,, -1,1,0,1,4,2,66,3,2,,0,2,0,16,202100045249B01,7,22,1
202100045266,2021-04-04,2021,avril,dimanche,10:30,83,83043,"43,2063180000","6,2950160000",1,1,5,1,1,3,2,2,2,2,, -1,1,0,1,3,1,56,5,1,2,0,2,1,5,202100045266C01,33,13,1
202100045266,2021-04-04,2021,avril,dimanche,10:30,83,83043,"43,2063180000","6,2950160000",1,1,5,1,1,3,2,2,2,2,, -1,1,0,1,3,1,54,5,1,2,0,2,1,5,202100045266B01,33,13,1
202100045275,2021-04-04,2021,avril,dimanche,18:20,42,42271,"45,4875990000","4,5717370000",2,1,3,1,1,7,2,2,1,1,, -1,1,0,1,4,2,14,5,1,2,0,2,3,15,202100045275B01,7,2,1
202100045278,2021-03-11,2021,mars,jeudi,12:45,56,56015,"47,6320670000"," -2,5588600000",1,1,3,1,1,4,2,2,1,1,, -1,1,0,1,3,1,53,5,1,2,0,2,1,1,202100045278B01,7,1,1
202100045280,2021-04-04,2021,avril,dimanche,11:55,74,74011,"45,9242000000","6,1722620000",2,1,2,1,1,3,2,2,2,2,, -1,1,0,1,4,1,18,5,2,,0,2,1,1,202100045280B01,7,17,1
202100045300,2021-04-03,2021,avril,samedi,18:15,14,14589,"49,0031390000"," -0,3004500000",2,1,7,1,1,3,2,2,1,1,, -1,1,0,1,4,1,16,5,2,,0,0,0,1,202100045300A01,,,
202100045311,2021-04-04,2021,avril,dimanche,15:50,17,17140,"45,9173630000"," -1,2270360000",1,1,5,1,1,4,2,2,1,1,, -1,1,0,1,1,1,35,5,2,,0,2,4,13,202100045311C01,7,21,1
202100045311,2021-04-04,2021,avril,dimanche,15:50,17,17140,"45,9173630000"," -1,2270360000",1,1,5,1,1,4,2,2,1,1,, -1,1,0,1,3,1,17,5,2,,0,2,1,13,202100045311B01,7,21,1
202100045368,2021-04-02,2021,avril,vendredi,18:55,71,71306,"46,6736100000","4,3742300000",2,1,3,1,1,4,2,2,1,1,, -1,1,0,1,4,1,20,5,2,,0,2,1,19,202100045368A01,7,1,1
202100045428,2021-04-02,2021,avril,vendredi,15:00,75,75111,"48,8584220000","2,3800150000",2,2,6,1,1,4,2,2,1,1,, -1,1,0,4,1,1,29,5,1,2,0,1,4,25,202100045428A01,,,
202100045434,2021-03-31,2021,mars,mercredi,17:45,75,75104,"48,8533800000","2,3676590000",2,3,7,1,1,4,2,2,1,1,, -1,1, -1,5,4,1,36,4,2,,0,0,0,21,202100045434A01,,,
202100045463,2021-04-02,2021,avril,vendredi,19:00,974,97415," -21,0779480000","55,2680970000",2,1,1,3,1,3,2,2,2,3,, -1,1,0,1,4,1,43,5,2,,0,2,1,13,202100045463A01,7,1,1
202100045502,2021-04-02,2021,avril,vendredi,12:25,13,13015,"43,4573580000","5,4130790000",2,2,1,1,1,7,2,2,2,4,, -1,1,0,1,3,1,34,5,1,2,0,2,1,1,202100045502B01,7,15,1
202100045629,2021-04-01,2021,avril,jeudi,22:40,75,75113,"48,8331720000","2,3567680000",2,2,6,5,1,4,1,2,3,1,, -1,1,0,1,4,1,30,1,2,,12,0,1,1,202100045629A01,,,
202100045631,2021-03-31,2021,mars,mercredi,19:40,75,75113,"48,8371170000","2,3530790000",2,3,3,1,1,4,2,4,1,1,, -1,1, -1,6,4,2,26,1,2,,0,2,8,13,202100045631A01,7,7,1
202100045634,2021-04-01,2021,avril,jeudi,12:10,75,75111,"48,8659280000","2,3785540000",2,3,6,1,1,4,1,1,2,1,, -1,1,0,1,1,1,33,1,2,,0,1,2,5,202100045634A01,,,
202100045636,2021-04-01,2021,avril,jeudi,09:00,75,75110,"48,8824970000","2,3692310000",2,4,6,1,1,4,1,5,1,1,, -1,1,0,1,4,1,38,1,2,,0,0,1,16,202100045636A01,,,
202100045637,2021-04-01,2021,avril,jeudi,18:35,75,75109,"48,8734210000","2,3296980000",2,3,3,1,1,4,1,3,1,1,, -1,1, -1,6,4,2,59,1,2,,0,2,0,13,202100045637B01,7,17,1
202100045638,2021-04-01,2021,avril,jeudi,14:05,75,75108,"48,8701120000","2,3065780000",2,2,2,1,1,4,1,2,1,1,, -1,1,0,1,4,2,42,3,2,,0,2,8,23,202100045638B01,7,1,1
202100045640,2021-03-31,2021,mars,mercredi,14:35,75,75101,"48,8644130000","2,3301240000",2,3,2,1,1,4,2,3,1,1,, -1,1, -1,5,4,1,14,5,2,,0,2,0,2,202100045640A01,1,2,1
202100045640,2021-03-31,2021,mars,mercredi,14:35,75,75101,"48,8644130000","2,3301240000",2,3,2,1,1,4,2,3,1,1,, -1,1, -1,5,1,1,20,5,2,,0,2,4,2,202100045640B01,1,2,1
202100045668,2021-04-02,2021,avril,vendredi,07:00,974,97415," -21,0066980000","55,2762830000",2,1,3,1,1,4,2,2,1,1,, -1,1,0,1,1,1,15,2,2,,0,0,0,1,202100045668C01,10/ 33,1/17,2
202100045671,2021-04-01,2021,avril,jeudi,16:00,34,34111,"43,9614070000","3,7060830000",1,1,7,1,1,3, -1,1,1,1,, -1,1,0,6,3,1,53,5,1,2,0,0,0,13,202100045671A01,,,
202100045687,2021-04-01,2021,avril,jeudi,16:15,64,64198,"43,3671500000"," -0,5214750000",1,1,6,1,1,4, -1,2,1,1,, -1,1,0,1,4,1,61,5,2,,0,1,1,2,202100045687A01,,,
202100045693,2021-04-01,2021,avril,jeudi,15:30,68,68118,"47,7392740000","7,4165270000",2,3,3,1,1,3,2,2,1,1,, -1,1,0,8,4,2,13,5,2,,0,2,1,25,202100045693B01,7,15,1
202100045695,2021-03-23,2021,mars,mardi,14:30,91,91579,"48,5405630000","2,3519330000",1,6,2,1,7,3,1,2,1,2,, -1,1,0,1,3,1,79,5,1,2,0,0,4,2,202100045695A01,7,2,1
202100045699,2021-03-24,2021,mars,mercredi,14:15,73,73065,"45,5945220000","5,9053230000",2,6,2,1,1,4,1,1,1,2,, -1,1,5,1,4,1,48,4,1,2,0,2,5,1,202100045699B01,7,9,1
202100045709,2021-03-29,2021,mars,lundi,07:40,27,27188,"49,2971220000","1,0696810000",1,1,2,1,7,3,2,2,1,1,, -1,1,0,1,3,1,55,1,1,4,0,0,4,1,202100045709B01,10,1,1
202100045729,2021-03-31,2021,mars,mercredi,09:55,972,97213,"14,6174576623"," -60,9595459700",1,9,1,1,1,2,2,2,1,4,, -1,1,0,1,3,1,64,5,1,2/6,0,2,2,15,202100045729B01,7,15,1
202100045737,2021-03-29,2021,mars,lundi,11:55,80,80021,"49,8898090199","2,2818701871",2,1,6,1,1,4,2,2,1,1,, -1,1,0,1,1,1,19,0,1,2,0,1,1,1,202100045737A01,,,
202100045773,2021-03-30,2021,mars,mardi,13:50,14,14327,"49,2070000000"," -0,3404100000",2,2,3,1,1,4,2,2,1,1,, -1,1,0,1,4,2,21,5,2,,0,2,1,1,202100045773B01,7,1,1
202100045787,2021-03-31,2021,mars,mercredi,18:10,75,75119,"48,8850790000","2,3700780000",2,1,3,1,1,4,1,3,1,1,, -1,1, -1,6,4,1,50,9,2,,0,2,1,7,202100045787B01,7,22,1
202100045790,2021-03-31,2021,mars,mercredi,17:50,75,75116,"48,8629680000","2,2691690000",2,7,7,1,1,4,1,1,1,1,, -1,1, -1,5,4,2,53,5,1,2,0,0,0,1,202100045790A01,,,
202100045792,2021-03-29,2021,mars,lundi,14:45,75,75116,"48,8584130000","2,2588920000",2,3,6,1,1,4,2,2,1,1,, -1,1, -1,5,1,1,82,5,1,2,0,1,1,1,202100045792A01,,,
202100045797,2021-03-31,2021,mars,mercredi,14:10,75,75106,"48,8564310000","2,3399110000",2,3,3,1,1,4,2,2,1,1,, -1,1, -1,5,1,1,53,5,1,2,0,2,8,18,202100045797A01,50,16,1
202100045798,2021-03-31,2021,mars,mercredi,19:15,75,75101,"48,8640070000","2,3313450000",2,3,2,1,1,4,2,5,1,1,, -1,1, -1,5,1,1,55,1,1,2,0,2,4,23,202100045798B01,1,1,1
202100045798,2021-03-31,2021,mars,mercredi,19:15,75,75101,"48,8640070000","2,3313450000",2,3,2,1,1,4,2,5,1,1,, -1,1, -1,5,4,1,37,1,2,,0,2,1,1,202100045798A01,1,23,1
202100045799,2021-03-30,2021,mars,mardi,19:50,75,75102,"48,8706830000","2,3386920000",2,1,7,1,1,4,2,2,1,1,, -1,1, -1,5,4,1,52,9,1,2,0,0,0,21,202100045799A01,,,
202100045802,2021-03-31,2021,mars,mercredi,21:35,94,94041,"48,8217300000","2,3934600000",2,9,1,5,1,3,2,7,1,1,, -1,1,0,5,4,1,23,0,2,,0,2,1,1,202100045802A01,60,13,1
202100045808,2021-03-31,2021,mars,mercredi,18:36,93,93072,"48,9539331418","2,3904931849",2,1,3,1,1,4, -1,2,1,1,, -1,1,0,1,4,1,9,5,2,,0,0,0,0,202100045808B01,7,2,1
202100045828,2021-03-29,2021,mars,lundi,08:26,95,95313,"49,1105297744","2,2252072624",2,1,3,1,1,3, -1,2,1,1,, -1,1,0,4,4,1,13,2,2,,0,2,1,25,202100045828B01,10,16,1
202100045829,2021-03-31,2021,mars,mercredi,20:00,42,42162,"46,0190560000","4,0003540000",1,3,3,2,1,3, -1,2,1,1,, -1,1,0,1,4,1,43,1,1,2,0,2,8,2,202100045829B01,7,2,1
202100045830,2021-03-31,2021,mars,mercredi,19:25,31,31113,"43,5172100000","1,5018170000",2,1,1,1,1,4,1,1,1,3,, -1,1,0,1,4,1,10,5,2,,0,2,1,5,202100045830B01,7,1,1
202100045845,2021-04-01,2021,avril,jeudi,18:05,55,55132,"48,6116980000","5,0849110000",2,1,1,1,1,4,2,2,1,3,, -1,1,0,1,3,1,46,1,2,,0,2,1,1,202100045845B01,7,5,1
202100045852,2021-03-31,2021,mars,mercredi,12:05,31,31347,"43,3982670000","0,7941540000",1,2,3,1,1,3,2,2,1,1,, -1,1,0,1,4,1,43,5,1,2/9,0,2,1,1,202100045852B01,7,19,1
202100045856,2021-04-01,2021,avril,jeudi,09:45,90,90052,"47,7373860000","6,8355940000",2,6,2,1,1,3,1,1,1,2,, -1,1,5,1,4,1,45,5,1,6,0,2,4,2,202100045856B01,7,2,1
202100045858,2021-03-31,2021,mars,mercredi,18:00,43,43152,"45,0662591493","3,8507992029",1,6,3,1,7,2,2,2,1,2,, -1,1,0,1,3,1,26,5,1,2,0,2,2,26,202100045858B01,7,9,1
202100045862,2021-03-31,2021,mars,mercredi,17:40,08,08039,"49,4588190000","4,0902430000",2,1,2,1,1,3,2,2,1,2,, -1,1,0,1,4,2,43,3,2,,0,2,4,2,202100045862B01,7,2,1
202100045870,2021-03-31,2021,mars,mercredi,08:50,67,67118,"48,5746620000","7,6923720000",2,1,3,1,1,9,2,1,1,3,, -1,1,0,1,1,1,23,1,1,2,0,2,8,13,202100045870A01,80,17,1
202100045876,2021-03-31,2021,mars,mercredi,17:45,69,69117,"45,8565923895","4,7381329536",1,3,3,1,1,7,2,2,2,1,, -1,1,0,1,4,1,18,5,1,2,0,0,1,1,202100045876B01,7,15,1
202100045879,2021-03-29,2021,mars,lundi,18:55,35,35363,"48,0133500000"," -1,7079400000",2,1,7,1,1,4, -1,2,1,1,, -1,1,0,1,2,1,58,5,2,,0,0,0,1,202100045879A01,,,
202100045900,2021-03-27,2021,mars,samedi,19:10,75,75116,"48,8579870000","2,2650830000",2,1,6,3,1,4, -1,2,1,1,, -1,1,0,4,1,1,21,9,2,,0,1,1,25,202100045900A01,,,
202100045954,2021-03-30,2021,mars,mardi,17:27,27,27229,"49,0224500000","1,1509200000",2,2,1,1,7,4,2,2,1,1,, -1,1,0,1,3,1,18,0,2,,0,2,0,15,202100045954B01,7,1,1
202100045970,2021-03-29,2021,mars,lundi,17:01,75,75101,"48,8662930000","2,3241810000",2,3,3,1,1,4,3,3,1,1,, -1,1, -1,6,4,1,30,9,2,,0,2,7,16,202100045970B01,33,7,1
202100045978,2021-03-29,2021,mars,lundi,17:50,75,75114,"48,8335720000","2,3363210000",2,7,3,1,1,4,2,5,1,1,, -1,1,0,1,4,1,59,1,2,,0,2,3,15,202100045978A01,7,1,1
202100045979,2021-03-30,2021,mars,mardi,16:45,75,75113,"48,8349740000","2,3449930000",2,2,3,1,1,4,2,2,1,1,, -1,1,0,1,4,2,47,5,2,,0,2,3,15,202100045979B01,37,13,1
202100045981,2021-03-30,2021,mars,mardi,08:40,75,75110,"48,8776700000","2,3548360000",2,1,3,1,1,4,1,1,1,1,, -1,1, -1,5,4,2,38,9,2,,0,2,7,1,202100045981B01,1,18,1
202100045981,2021-03-30,2021,mars,mardi,08:40,75,75110,"48,8776700000","2,3548360000",2,1,3,1,1,4,1,1,1,1,, -1,1, -1,5,4,1,18,9,2,,0,2,8,18,202100045981A01,1,1,1
202100045983,2021-03-29,2021,mars,lundi,21:15,75,75108,"48,8643348130","2,3204702139",2,7,6,5,1,4,2,4,1,1,, -1,1, -1,5,4,2,53,1,1,2,12,0,0,14,202100045983A01,,,
202100045985,2021-03-30,2021,mars,mardi,14:50,75,75101,"48,8629510000","2,3506450000",2,3,7,1,1,4,2,5,1,1,, -1,1, -1,5,4,2,24,1,2,,0,0,0,1,202100045985A01,,,
202100046009,2021-03-31,2021,mars,mercredi,15:00,84,84135,"44,2329580000","4,7967610000",1,1,7,1,1,4,2,2,2,1,, -1,1,0,1,3,1,64,5,1,2/6,14,0,0,1,202100046009A01,,,
202100046017,2021-03-31,2021,mars,mercredi,10:09,25,25623,"47,2260090000","6,4417970000",2,9,3,1,7,3,2,2,2,1,, -1,1,0,1,3,1,70,5,1,2,0,2,8,1,202100046017B01,7,15,1
202100046018,2021-03-14,2021,mars,dimanche,12:00,44,44069,"47,2968230000"," -2,3938750000",2,1,3,1,6,3,2,2,1,3,, -1,1,0,1,3,1,72,5,2,,0,2,8,13,202100046018B01,7,17,1
202100046035,2021-03-30,2021,mars,mardi,15:30,55,55258,"48,7742670000","5,6937200000",1,1,2,1,1,3,2,2,1,1,, -1,1,0,1,3,1,53,5,1,2,0,0,2,1,202100046035A01,1,1,1
202100046035,2021-03-30,2021,mars,mardi,15:30,55,55258,"48,7742670000","5,6937200000",1,1,2,1,1,3,2,2,1,1,, -1,1,0,1,1,1,32,5,1,2,0,0,4,1,202100046035B01,1,1,1
202100046038,2021-03-30,2021,mars,mardi,15:45,31,31568,"43,4800790000","1,6911650000",1,2,3,1,1,3,2,2,2,1,, -1,1,5,1,3,1,86,5,1,2,0,2,8,19,202100046038A01,10,21,1
202100046043,2021-03-30,2021,mars,mardi,17:30,60,60439,"49,3159310000","2,3155940000",2,9,1,1,1,5,1,1,1,1,, -1,1,9,8,4,1,8,0,2,,0,0,1,2,202100046043A01,7,4,1
202100046046,2021-03-27,2021,mars,samedi,08:15,59,59497,"50,7191590000","2,3605520000",1,1,7,1,1,4,2,2,1,1,, -1,1,0,3,2,1,71,5,2,,0,0,0,0,202100046046A01,,,
202100046136,2021-03-29,2021,mars,lundi,17:20,75,75105,"48,8427320000","2,3619500000",2,1,3,1,1,4, -1,2,1,1,, -1,1, -1,5,4,2,34,5,2,,0,2,7,9,202100046136B01,1,1,1
202100046136,2021-03-29,2021,mars,lundi,17:20,75,75105,"48,8427320000","2,3619500000",2,1,3,1,1,4, -1,2,1,1,, -1,1, -1,5,1,1,41,9,2,,0,2,1,1,202100046136A01,1,9,1
202100046138,2021-03-28,2021,mars,dimanche,19:15,75,75118,"48,8977990000","2,3374340000",2,2,3,1,1,4,1,1,1,1,, -1,1,0,1,3,2,7,9,2,,0,2,1,19,202100046138B01,7,1,1
202100046142,2021-03-29,2021,mars,lundi,19:50,75,75110,"48,8817120000","2,3640820000",2,1,3,1,1,4,1,2,2,1,, -1,1,0,1,4,1,37,1,1,2,0,2,1,1,202100046142A01,7,22,1
202100046161,2021-03-30,2021,mars,mardi,08:25,17,17171,"45,8574490000"," -0,7594760000",1,2,3,1,7,3,2,2,1,1,, -1,1,0,1,3,1,27,5,2,,0,2,8,19,202100046161A01,10,1,1
202100046180,2021-03-29,2021,mars,lundi,15:00,53,53243,"48,1551410000"," -0,8776080000",1,2,3,1,1,4,2,2,1,1,, -1,1,0,1,3,1,53,5,1,2,0,2,0,2,202100046180B01,14,17,1
202100046191,2021-03-26,2021,mars,vendredi,11:00,67,67067,"48,7286600000","7,7168820000",2,1,3,1,1,3,2,2,1,1,, -1,1,0,4,3,1,77,5,2,,0,0,7,1,202100046191A01,7,19,1
202100046199,2021-03-30,2021,mars,mardi,17:55,59,59011,"50,5313460000","2,9384890000",2,4,7,1,1,4,2,2,1,1,, -1,1,5,1,3,1,54,5,2,,0,0,0,14,202100046199B01,7,21,1
202100046244,2021-03-28,2021,mars,dimanche,17:30,75,75115,"48,8353990000","2,2810220000",2,3,7,1,1,4,1,3,1,1,, -1,1,0,1,4,2,32,5,2,,12,0,1,14,202100046244A01,,,
202100046277,2021-03-28,2021,mars,dimanche,16:40,15,15108,"44,8986410000","3,2268960000",1,3,2,1,7,3,2,2,1,3,, -1,1,0,1,4,1,52,5,1,2,0,2,4,15,202100046277B01,33,17,1
202100046279,2021-03-27,2021,mars,samedi,10:30,50,50260,"48,6872140000"," -0,9803960000",1,1,2,1,7,3,2,2,2,1,, -1,1,0,1,3,1,51,5,1,2,0,0,4,1,202100046279B01,7,2,1
202100046309,2021-03-28,2021,mars,dimanche,17:05,68,68211,"47,8719600000","7,0064260000",2,1,3,1,1,3,2,2,2,1,, -1,1,0,1,4,1,8,5,2,,0,2,1,19,202100046309A01,7,1,1
202100046312,2021-03-28,2021,mars,dimanche,17:00,65,65320,"43,1209730000","0,1061300000",2,2,1,1,1,4,2,2,1,1,, -1,1,0,1,3,1,61,5,1,2,0,2,1,15,202100046312B01,7,1,1
202100046365,2021-03-25,2021,mars,jeudi,20:30,75,75111,"48,8579192999","2,3679874976",2,1,2,5,1,4,2,4,1,1,, -1,1, -1,5,3,1,18,9,1,2,0,2,4,2,202100046365A01,30,2,1
202100046371,2021-03-26,2021,mars,vendredi,22:30,75,75119,"48,8832179531","2,3716319802",2,1,6,5,2,4,1,2,1,1,, -1,2,0,1,4,1,38,1,1,2,0,2,8,1,202100046371A01,7,22,1
202100046375,2021-03-27,2021,mars,samedi,10:05,75,75115,"48,8529060000","2,2865710000",2,3,1,1,1,4,2,1,1,1,, -1,1, -1,5,4,1,37,5,2,,0,2,1,1,202100046375B01,1,14,1
202100046375,2021-03-27,2021,mars,samedi,10:05,75,75115,"48,8529060000","2,2865710000",2,3,1,1,1,4,2,1,1,1,, -1,1, -1,5,4,2,20,4,2,,0,2,1,14,202100046375A01,1,1,1
202100046379,2021-03-27,2021,mars,samedi,15:30,75,75113,"48,8279520000","2,3424400000",2,1,3,1,1,4,1,2,1,1,, -1,1,0,1,4,2,18,9,2,,0,2,7,1,202100046379B01,10,22,1
202100046383,2021-03-26,2021,mars,vendredi,09:20,75,75108,"48,8726600560","2,3081980147",2,4,3,1,1,4,1,1,1,1,, -1,1,0,1,4,2,51,4,2,,0,2,1,1,202100046383B01,7,22,1
202100046387,2021-03-25,2021,mars,jeudi,11:15,75,75102,"48,8693530000","2,3403310000",2,3,6,1,8,4,2,2,1,1,, -1,1, -1,5,1,1,32,5,1,2,0,1,1,1,202100046387A01,,,
202100046424,2021-03-27,2021,mars,samedi,16:15,67,67183,"48,9358670000","7,0211520000",1,1,1,1,1,3,2,2,1,1,, -1,1,0,1,3,2,64,0,1,2,0,2,4,2,202100046424B01,7,2,1
202100046432,2021-03-27,2021,mars,samedi,16:30,63,63368,"45,6998727392","3,3351786732",1,1,3,1,1,3,2,2,1,1,, -1,1,0,1,3,1,51,5,1,2,0,2,8,2,202100046432B01,7,2,1
202100046438,2021-03-27,2021,mars,samedi,17:00,39,39572,"46,9327630000","5,7501630000",1,1,7,1,1,3,2,2,1,1,, -1,1,0,1,3,1,55,5,1,2,0,2,1,1,202100046438A01,,,
202100046448,2021-03-27,2021,mars,samedi,12:40,45,45272,"47,8118470000","1,9526430000",2,1,4,1,1,4,2,2,1,1,, -1,1,0,1,3,1,51,5,1,2,0,2,7,1,202100046448C01,10,4,1
202100046448,2021-03-27,2021,mars,samedi,12:40,45,45272,"47,8118470000","1,9526430000",2,1,4,1,1,4,2,2,1,1,, -1,1,0,1,4,1,62,5,1,2,0,2,2,1,202100046448B01,10,4,1
202100046449,2021-03-28,2021,mars,dimanche,09:10,45,45193,"47,7645520000","2,0210710000",2,2,3,1,1,3,2,2,1,1,, -1,1,0,1,3,1,71,5,2,,0,2,1,1,202100046449B01,7,15,1
202100046462,2021-03-28,2021,mars,dimanche,10:45,66,66099,"42,5483540000","2,7530840000",1,1,1,1,1,3,2,2,2,1,, -1,1,0,1,2,1,78,5,1,2,0,2,1,17,202100046462B01,33,0,1
202100046466,2021-03-28,2021,mars,dimanche,17:40,57,57499,"49,0766700000","7,0609470000",2,1,7,1,1,3,2,2,2,1,, -1,1,0,1,3,1,35,5,2,,0,0,0,1,202100046466A01,,,
202100046472,2021-03-27,2021,mars,samedi,17:00,16,16415,"45,7281580000","0,1103140000",1,1,6,1,1,3,2,2,2,3,0,"3,6",1,0,3,2,1,62,5,1,2,13,0,1,1,202100046472A01,,,
202100046512,2021-03-25,2021,mars,jeudi,16:31,63,63113,"45,7823100000","3,0728800000",2,2,3,1,1,7,1,2,1,1,, -1,1,0,1,4,2,19,9,1,2,0,2,7,26,202100046512A01,7,0,1
202100046513,2021-03-25,2021,mars,jeudi,16:18,63,63113,"45,7701200000","3,0761900000",2,3,3,1,1,4,1,2,1,1,, -1,1,0,1,4,1,24,0,2,,0,2,7,1,202100046513B01,7,26,1
202100046580,2021-03-23,2021,mars,mardi,09:30,80,80021,"49,8871500000","2,2834100000",2,1,3,1,1,4,2,4,1,1,, -1,1,0,1,4,1,24,0,1,2,0,0,0,0,202100046580B01,7,22,1
202100046586,2021-03-24,2021,mars,mercredi,13:00,73,73065,"45,5663850000","5,9379980000",2,3,3,1,1,3,2,3,1,1,, -1,1, -1,1,3,1,69,5,2,,0,2,1,15,202100046586C01,7,16,1
202100046590,2021-03-25,2021,mars,jeudi,17:16,65,65440,"43,2256690000","0,0822630000",2,3,3,1,1,4,2,2,1,1,, -1,1,0,1,4,1,33,1,2,,0,2,1,1,202100046590B01,7,9,1
202100046616,2021-03-24,2021,mars,mercredi,09:05,27,27299,"49,0504000000","1,1646000000",2,3,3,1,1,3,2,2,1,1,, -1,1,0,1,4,1,51,5,1,2/4,0,2,2,1,202100046616B01,10,15,1
202100046644,2021-03-25,2021,mars,jeudi,18:00,75,75110,"48,8788100000","2,3637980000",2,1,6,1,1,4,2,2,1,1,, -1,1, -1,5,1,1,36,1,1,2,0,1,2,1,202100046644A01,,,
202100046645,2021-03-25,2021,mars,jeudi,09:00,75,75110,"48,8731560000","2,3621900000",2,1,3,1,2,4,2,2,1,1,, -1,2,0,1,4,1,54,1,1,2,0,2,0,1,202100046645B01,10,22,1
202100046646,2021-03-25,2021,mars,jeudi,08:45,75,75110,"48,8717970000","2,3762470000",2,1,3,1,2,4,1,2,1,1,, -1,2,0,1,4,1,34,1,1,2,0,2,8,18,202100046646B01,15,1,1
202100046647,2021-03-25,2021,mars,jeudi,16:00,75,75109,"48,8797250000","2,3328060000",2,3,3,1,1,4,1,1,1,1,, -1,1,0,1,4,1,14,9,1,2,0,2,1,15,202100046647A01,34,17,1
202100046648,2021-03-25,2021,mars,jeudi,16:00,75,75104,"48,8539480000","2,3647290000",2,3,3,1,1,4,2,4,1,1,, -1,1, -1,5,4,1,30,5,1,2,0,2,4,1,202100046648B01,7,16,1
202100046673,2021-03-25,2021,mars,jeudi,17:40,44,44024,"47,1691570000"," -1,7201920000",2,4,3,1,1,7,2,2,1,1,, -1,1,0,1,3,1,47,1,1,2,0,0,8,23,202100046673B01,15,17,1
202100046684,2021-03-26,2021,mars,vendredi,12:30,32,32053,"43,3890200000","0,6070380000",1,1,7,1,1,3,2,2,1,1,, -1,1,0,1,3,1,87,5,2,,0,0,8,1,202100046684A01,,,
202100046687,2021-03-26,2021,mars,vendredi,11:15,39,39408,"46,5894460000","5,7119070000",1,1,3,1,1,3,2,2,1,1,, -1,1,0,1,4,1,77,5,1,2,0,2,8,1,202100046687B01,7,17,1
202100046697,2021-03-25,2021,mars,jeudi,14:15,34,34199,"43,4671350000","3,4296980000",2,1,3,1,1,3,2,2,1,1,, -1,1,0,1,3,1,75,5,1,2,0,2,3,13,202100046697B01,7,1,1
202100046699,2021-03-25,2021,mars,jeudi,16:56,52,52449,"47,8357950000","5,3223290000",1,1,6,1,1,4, -1,1,4,1,, -1,1,9,3,3,1,21,5,1,2,8,0,0,1,202100046699A01,,,
202100046765,2021-03-23,2021,mars,mardi,08:05,14,14030,"49,2036600000"," -0,4220700000",2,1,3,1,1,3,2,2,1,1,, -1,1,0,1,4,2,44,0,2,,0,2,4,23,202100046765B01,10,1,1
202100046777,2021-03-24,2021,mars,mercredi,20:00,75,75120,"48,8733870000","2,4102650000",2,3,1,5,1,4,1,1,2,1,, -1,1, -1,5,4,1,49,1,1,4,0,2,1,9,202100046777B01,32,5,1
202100046783,2021-03-24,2021,mars,mercredi,10:55,75,75115,"48,8415180000","2,3140180000",2,2,6,1,1,4,1,1,2,1,, -1,1, -1,5,4,2,67,9,1,2,12,0,0,1,202100046783A01,,,
202100046788,2021-03-24,2021,mars,mercredi,19:15,75,75112,"48,8448310000","2,3804470000",2,4,3,5,1,4,2,2,1,1,, -1,1, -1,5,4,2,57,9,1,2,0,2,1,1,202100046788A01,2,15,1
202100046791,2021-03-24,2021,mars,mercredi,18:05,75,75104,"48,8547760000","2,3624180000",2,3,1,1,1,4,2,4,1,3,, -1,1, -1,5,4,1,45,5,2,,0,2,1,17,202100046791A01,1,1,1