Num_Acc,date,an,mois,jour,hrmn,dep,com,lat,long,agg,int,col,lum,atm,catr,circ,nbv,prof,plan,lartpc,larrout,surf,infra,situ,grav,sexe,age,trajet,secuexist,equipement,obs,obsm,choc,manv,vehiculeid,typevehicules,manoeuvehicules,numVehicules
202100046791,2021-03-24,2021,mars,mercredi,18:05,75,75104,"48,8547760000","2,3624180000",2,3,1,1,1,4,2,4,1,3,, -1,1, -1,5,4,2,45,5,2,,0,2,1,1,202100046791B01,1,17,1
202100046792,2021-03-24,2021,mars,mercredi,16:56,75,75103,"48,8651440000","2,3622450000",2,3,1,1,1,4,1,1,1,1,, -1,1, -1,5,4,1,33,5,2,,0,2,1,16,202100046792A01,1,1,1
202100046792,2021-03-24,2021,mars,mercredi,16:56,75,75103,"48,8651440000","2,3622450000",2,3,1,1,1,4,1,1,1,1,, -1,1, -1,5,1,1,38,1,2,,0,2,1,1,202100046792B01,1,16,1
202100046794,2021-03-03,2021,mars,mercredi,20:40,94,94080,"48,8450050000","2,4342860000",2,1,3,5,1,3,2,4,1,1,, -1,1,0,1,4,1,30,0,2,,0,2,3,1,202100046794B01,2,19,1
202100046834,2021-03-24,2021,mars,mercredi,18:35,02,02361,"49,9061370000","3,5990420000",1,1,3,1,1,3,2,2,1,1,, -1,1,0,1,4,2,18,9,2,,0,0,3,1,202100046834B01,7,1,1
202100046841,2021-03-24,2021,mars,mercredi,17:50,37,37097,"47,1634876241","0,8905484510",2,2,2,1,1,3,2,2,1,1,, -1,1,0,1,3,1,13,0,2,,0,2,8,19,202100046841B01,7,1,1
202100046842,2021-03-24,2021,mars,mercredi,15:07,973,97309,"4,8934860000"," -52,2738080000",2,3,1,1,1,3,2,2,1,1,, -1,1,0,1,3,1,14,2,2,,0,2,4,2,202100046842B01,7,2,1
202100046844,2021-03-24,2021,mars,mercredi,12:42,34,34329,"43,2506110000","3,2571890000",1,1,2,1,1,3,2,2,1,1,, -1,1,0,1,3,1,52,5,1,2,0,2,8,1,202100046844B01,7,2,1
202100046850,2021-03-24,2021,mars,mercredi,15:30,33,33449,"44,8811710000"," -0,6971960000",2,6,3,1,1,4,2,2,1,2,, -1,1,9,1,3,1,15,3,2,,0,2,2,15,202100046850B01,7,9,1
202100046852,2021-03-10,2021,mars,mercredi,07:50,85,85092,"46,4674160000"," -0,8250800000",2,6,3,2,8,3,2,2,1,2,, -1,1,0,1,3,1,58,1,1,2/4/6,0,2,3,21,202100046852B01,7,17,1
202100046904,2021-03-22,2021,mars,lundi,18:20,63,63113,"45,7762306730","3,0957567147",2,1,3,1,1,4,1,4,2,1,, -1,1,0,1,4,1,13,2,2,,0,2,7,19,202100046904B01,7,26,1
202100046905,2021-03-22,2021,mars,lundi,17:37,63,63113,"45,8083600000","3,1069400000",2,3,3,1,1,4,2,3,1,1,, -1,1,0,5,4,1,45,1,1,2,0,2,7,2,202100046905B01,7,15,1
202100046908,2021-03-22,2021,mars,lundi,16:55,54,54329,"48,5880800000","6,4952400000",2,3,3,1,1,3,2,2,1,1,, -1,1, -1,1,4,1,14,2,1,2,0,2,1,5,202100046908B01,7,9,1
202100046942,2021-03-23,2021,mars,mardi,14:55,06,06004,"43,5649300000","7,1374600000",2,1,3,1,1,4,2,2,1,1,, -1,1,0,1,4,1,17,5,2,,0,2,1,14,202100046942B01,3,2,1
202100046946,2021-03-23,2021,mars,mardi,16:07,75,75105,"48,8384730000","2,3570280000",2,2,6,1,1,4,1,2,1,1,, -1,1,0,1,1,2,34,9,1,2,0,1,3,1,202100046946A01,,,
202100046948,2021-03-23,2021,mars,mardi,11:30,75,75119,"48,8830950000","2,3714740000",2,3,3,1,1,4,2,3,1,1,, -1,1,0,1,4,2,25,9,1,2,0,2,8,19,202100046948B01,32,5,1
202100046949,2021-03-23,2021,mars,mardi,08:00,75,75119,"48,8788510000","2,4018860000",2,2,7,1,8,4,1,2,2,3,, -1,1,0,1,4,1,17,9,2,,0,0,0,21,202100046949A01,,,
202100046952,2021-03-23,2021,mars,mardi,10:50,75,75112,"48,8465030000","2,4000210000",2,4,6,1,1,4,2,4,1,1,, -1,1, -1,5,4,2,25,9,2,,0,1,3,1,202100046952A01,,,
202100046971,2021-03-23,2021,mars,mardi,16:00,46,46063,"44,2782690000","1,3546550000",1,1,3,1,1,3,2,2,1,1,, -1,1,0,1,2,1,97,5,2,,0,2,8,1,202100046971B01,7,17,1
202100046973,2021-03-23,2021,mars,mardi,09:30,83,83019,"43,1395019700","6,3576006400",2,9,3,1,1,4, -1,2,1,1,, -1,1,6,6,4,1,64,5,1,2,0,2,1,23,202100046973B01,7,16,1
202100046989,2021-03-24,2021,mars,mercredi,14:10,28,28116,"48,4496990000","1,2497700000",2,3,3,1,1,4,2,2,1,1,, -1,1,0,1,3,1,9,5,2,,0,2,1,19,202100046989A01,7,1,1
202100047029,2021-03-19,2021,mars,vendredi,14:10,80,80021,"49,8973780000","2,2951560000",2,2,3,1,1,4,1,1,1,1,, -1,1,0,1,4,1,22,0,2,,0,2,1,25,202100047029A01,7,5,1
202100047054,2021-03-22,2021,mars,lundi,18:08,75,75105,"48,8507010000","2,3525930000",2,3,3,1,1,4,2,1,1,1,, -1,1, -1,5,4,1,53,5,1,2,0,2,1,1,202100047054A01,1,15,1
202100047054,2021-03-22,2021,mars,lundi,18:08,75,75105,"48,8507010000","2,3525930000",2,3,3,1,1,4,2,1,1,1,, -1,1, -1,5,4,1,13,5,1,2,0,2,2,15,202100047054B01,1,1,1
202100047059,2021-03-22,2021,mars,lundi,14:25,75,75111,"48,8553240000","2,3842800000",2,2,3,1,1,4,2,2,1,1,, -1,1, -1,5,4,1,67,5,1,2,0,2,2,1,202100047059B01,10,15,1
202100047060,2021-03-22,2021,mars,lundi,16:45,75,75110,"48,8698640000","2,3607150000",2,2,6,1,1,4,4,1,1,1,, -1,1,0,1,4,1,32,1,1,2,0,1,1,1,202100047060A01,,,
202100047072,2021-03-22,2021,mars,lundi,13:30,06,06149,"43,7299330000","7,3095770000",1,1,6,1,1,4,2,2,2,4,, -1,1,0,1,3,1,38,5,1,2,0,0,1,0,202100047072A01,,,
202100047081,2021-03-22,2021,mars,lundi,16:55,62,62261,"50,4816110000","1,6146890000",2,1,2,1,7,4,2,2,1,1,, -1,1,0,1,3,1,70,3,2,,0,2,4,2,202100047081B01,7,2,1
202100047087,2021-03-23,2021,mars,mardi,15:30,38,38229,"45,2033660000","5,7692490000",2,1,7,1,1,4,1,1,2,2,, -1,1,0,1,3,1,23,0,2,,0,0,0,0,202100047087A01,,,
202100047120,2021-03-20,2021,mars,samedi,07:45,73,73011,"45,6599218141","6,3681608197",2,6,3,1,1,4,2,2,1,2,, -1,1,5,1,4,2,24,5,1,2,0,2,7,26,202100047120A01,7,9,1
202100047138,2021-03-21,2021,mars,dimanche,16:30,75,75119,"48,8787960000","2,3743480000",2,1,3,1,1,4,2,3,1,1,, -1,1,0,4,4,1,19,5,1,2,0,2,0,25,202100047138A01,7,9,1
202100047139,2021-03-21,2021,mars,dimanche,19:10,75,75114,"48,8221670000","2,3303630000",2,2,3,5,1,4,3,2,2,1,, -1,1, -1,5,4,1,27,5,1,2,0,2,1,1,202100047139B01,7,22,1
202100047141,2021-03-18,2021,mars,jeudi,19:50,75,75112,"48,8241180000","2,4220380000",2,1,7,5,1,4,2,2,1,1,, -1,1,0,1,4,1,24,1,1,2,0,0,0,1,202100047141A01,,,
202100047151,2021-03-20,2021,mars,samedi,16:20,91,91363,"48,6456060000","2,2096250000",2,1,3,1,1,3,2,2,1,3,, -1,1,0,1,4,1,56,5,1,2,0,2,3,1,202100047151B01,33,1,1
202100047153,2021-03-18,2021,mars,jeudi,14:30,56,56094,"47,7968330000"," -3,2442550000",1,1,7,1,1,4,2,2,1,1,, -1,1,0,1,2,1,58,5,1,2,0,0,0,1,202100047153A01,,,
202100047159,2021-03-20,2021,mars,samedi,13:05,71,71014,"46,9606530000","4,2828330000",1,1,3,1,6,3,2,2,1,1,, -1,1,0,1,2,1,67,5,1,2,2,2,8,1,202100047159B01,10,17,1
202100047165,2021-03-21,2021,mars,dimanche,18:00,73,73082,"45,4953380000","6,0735940000",2,1,1,2,1,3,2,2,2,3,, -1,1,0,1,3,1,49,5,2,,0,2,1,5,202100047165B01,7,1,1
202100047245,2021-03-20,2021,mars,samedi,17:15,75,75117,"48,8863060000","2,2864820000",2,2,3,1,1,4,2,5,1,1,, -1,1,0,1,4,1,24,4,2,,0,2,8,19,202100047245B01,50,1,1
202100047246,2021-03-02,2021,mars,mardi,17:30,75,75116,"48,8515080000","2,2341800000",2,1,6,1,1,4,1,1,1,3,, -1,1, -1,5,4,1,40,5,1,2/6,0,1,1,1,202100047246A01,,,
202100047249,2021-03-20,2021,mars,samedi,15:00,75,75111,"48,8666150000","2,3813010000",2,3,1,1,1,4,1,1,2,1,, -1,1, -1,6,1,1,44,9,1,2,0,2,1,5,202100047249A01,32,7,1
202100047251,2021-03-20,2021,mars,samedi,17:58,75,75107,"48,8609840000","2,3149580000",2,2,3,1,1,4,2,3,1,1,, -1,1,0,1,4,1,28,5,2,,0,2,1,1,202100047251A01,7,1,1
202100047254,2021-03-20,2021,mars,samedi,13:00,75,75101,"48,8592720000","2,3459460000",2,1,6,1,1,4,2,0,1,1,, -1,1, -1,5,4,2,49,5,2,,0,9,1,1,202100047254A01,,,
202100047285,2021-03-21,2021,mars,dimanche,16:00,32,32033,"43,6749490000","0,3095700000",1,1,7,1,1,3,2,2,2,2,, -1,1,0,1,3,1,71,0,1,2/9,0,0,9,1,202100047285A01,,,
202100047290,2021-03-21,2021,mars,dimanche,12:10,02,02779,"49,9817230000","3,6396240000",2,3,3,1,1,4,2,2,2,1,, -1,1,0,1,4,2,15,5,2,,0,2,8,16,202100047290B01,7,1,1
202100047343,2021-03-18,2021,mars,jeudi,08:25,54,54395,"48,6967728706","6,1939193308",2,1,3,1,1,4,1,2,1,1,, -1,1, -1,1,4,2,21,0,1,2,0,2,8,19,202100047343B01,7,1,1
202100047363,2021-03-19,2021,mars,vendredi,13:45,29,29039,"47,8692000000"," -3,8945600000",1,4,3,1,1,3,1,1,4,3,, -1,1,3,8,4,1,61,5,1,4/9,0,2,1,1,202100047363B01,7,16,1
202100047364,2021-03-19,2021,mars,vendredi,16:13,27,27229,"49,0114100000","1,1715600000",2,1,3,1,1,4,2,2,1,1,, -1,1,0,1,4,1,17,5,1,2/6,0,0,0,0,202100047364B01,7,2,1
202100047365,2021-03-19,2021,mars,vendredi,09:15,26,26198,"44,5579630000","4,7337880000",2,6,2,1,1,4,2,2,1,2,, -1,1,5,1,4,1,88,0,2,,0,2,4,16,202100047365B01,7,16,1
202100047396,2021-03-19,2021,mars,vendredi,14:10,75,75104,"48,8552829614","2,3458742304",2,3,7,1,1,4,2,4,1,1,, -1,1, -1,6,3,1,57,9,2,,0,0,0,21,202100047396A01,,,
202100047428,2021-03-19,2021,mars,vendredi,16:20,34,34239,"43,6504230000","3,5021070000",2,4,3,1,1,3,2,2,1,1,, -1,1,0,1,3,1,51,5,1,2,0,0,0,0,202100047428B01,7,1,1
202100047434,2021-03-19,2021,mars,vendredi,13:45,85,85114,"46,4189100000"," -1,5828900000",2,6,1,1,1,4,3,2,1,1,, -1,1,0,1,3,1,79,5,2,,0,2,6,9,202100047434B01,7,16,1
202100047493,2021-03-17,2021,mars,mercredi,13:57,63,63113,"45,8101800000","3,1141500000",2,2,3,1,1,4,2,2,1,1,, -1,1,0,1,4,1,53,0,2,,0,2,2,1,202100047493B01,7,15,1
202100047525,2021-03-18,2021,mars,jeudi,16:15,75,75117,"48,8798221238","2,2947910762",2,4,3,1,2,4,2,3,1,1,, -1,2,0,1,4,1,32,1,2,,0,2,1,1,202100047525B01,7,22,1
202100047530,2021-03-18,2021,mars,jeudi,21:05,75,75110,"48,8757849495","2,3564869165",2,3,3,5,2,4,4,0,1,1,, -1,2, -1,5,4,1,26,9,2,,0,2,1,1,202100047530B01,7,16,1
202100047531,2021-03-18,2021,mars,jeudi,08:21,75,75110,"48,8780710000","2,3513170000",2,7,3,1,1,4,1,4,1,1,, -1,1, -1,5,4,1,37,1,2,,0,2,3,1,202100047531B01,33,15,1
202100047652,2021-03-17,2021,mars,mercredi,09:15,75,75115,"48,8414640000","2,3185980000",2,1,7,1,2,4,1,2,1,1,, -1,2,0,1,4,2,54,9,1,2,0,0,3,15,202100047652A01,,,
202100047653,2021-03-17,2021,mars,mercredi,16:30,75,75111,"48,8561900000","2,3932640000",2,1,3,1,3,4,2,2,2,1,, -1,2,0,1,4,1,48,1,1,2,0,2,5,1,202100047653B01,7,14,1
202100047690,2021-03-17,2021,mars,mercredi,11:00,14,14562,"49,3296860000"," -0,3927100000",2,1,3,1,1,3,1,1,1,1,, -1,1,0,1,1,1,14,5,2,,0,2,0,26,202100047690B01,1,1,1
202100047690,2021-03-17,2021,mars,mercredi,11:00,14,14562,"49,3296860000"," -0,3927100000",2,1,3,1,1,3,1,1,1,1,, -1,1,0,1,4,1,69,5,1,2,0,2,0,1,202100047690A01,1,26,1
202100047719,2021-03-05,2021,mars,vendredi,14:20,80,80021,"49,8776900000","2,2864100000",2,1,1,1,1,4,2,2,1,1,, -1,1,0,1,4,1,31,0,1,2,0,2,1,15,202100047719A01,7,1,1
202100047869,2021-03-17,2021,mars,mercredi,10:45,85,85204,"46,7889100000"," -1,7780300000",1,1,7,1,1,3,2,2,1,1,, -1,1,0,1,2,1,72,5,1,2,0,2,1,1,202100047869B01,1,1,1
202100047869,2021-03-17,2021,mars,mercredi,10:45,85,85204,"46,7889100000"," -1,7780300000",1,1,7,1,1,3,2,2,1,1,, -1,1,0,1,4,1,67,5,1,2,0,2,4,1,202100047869A01,1,1,1
202100047870,2021-03-16,2021,mars,mardi,09:00,30,30036,"43,7653910000","4,2985890000",1,3,3,1,7,3,2,2,1,3,, -1,1,0,1,3,1,56,5,1,2,0,2,1,1,202100047870A01,7,15,1
202100047872,2021-03-17,2021,mars,mercredi,15:45,42,42279,"45,5114610000","4,2384580000",1,1,5,1,2,3,2,2,3,1,, -1,2,2,1,4,1,15,5,1,2,0,2,0,1,202100047872K01,7,17/13,2
202100047872,2021-03-17,2021,mars,mercredi,15:45,42,42279,"45,5114610000","4,2384580000",1,1,5,1,2,3,2,2,3,1,, -1,2,2,1,4,1,26,5,1,2,0,9,0,1,202100047872L01,7,17/13,2
202100047872,2021-03-17,2021,mars,mercredi,15:45,42,42279,"45,5114610000","4,2384580000",1,1,5,1,2,3,2,2,3,1,, -1,2,2,1,4,1,17,5,1,2,0,9,0,1,202100047872M01,7,17/13,2
202100047872,2021-03-17,2021,mars,mercredi,15:45,42,42279,"45,5114610000","4,2384580000",1,1,5,1,2,3,2,2,3,1,, -1,2,2,1,4,1,15,5,1,2,0,9,0,1,202100047872O01,7,17/13,2
202100047872,2021-03-17,2021,mars,mercredi,15:45,42,42279,"45,5114610000","4,2384580000",1,1,5,1,2,3,2,2,3,1,, -1,2,2,1,4,1,17,5,1,2,0,0,0,1,202100047872P01,7,17/13,2
202100047872,2021-03-17,2021,mars,mercredi,15:45,42,42279,"45,5114610000","4,2384580000",1,1,5,1,2,3,2,2,3,1,, -1,2,2,1,4,1,17,5,1,2,0,9,0,1,202100047872Q01,7,17/13,2
202100047872,2021-03-17,2021,mars,mercredi,15:45,42,42279,"45,5114610000","4,2384580000",1,1,5,1,2,3,2,2,3,1,, -1,2,2,1,1,1,16,5,1,2,0,0,0,1,202100047872R01,7,17/13,2
202100047872,2021-03-17,2021,mars,mercredi,15:45,42,42279,"45,5114610000","4,2384580000",1,1,5,1,2,3,2,2,3,1,, -1,2,2,1,4,1,15,5,1,2,0,0,0,1,202100047872S01,7,17/13,2
202100047872,2021-03-17,2021,mars,mercredi,15:45,42,42279,"45,5114610000","4,2384580000",1,1,5,1,2,3,2,2,3,1,, -1,2,2,1,1,1,38,5,1,2,0,0,0,1,202100047872T01,7,17/13,2
202100047872,2021-03-17,2021,mars,mercredi,15:45,42,42279,"45,5114610000","4,2384580000",1,1,5,1,2,3,2,2,3,1,, -1,2,2,1,1,1,62,5,1,2,0,0,0,1,202100047872C01,7,17/13,2
202100047872,2021-03-17,2021,mars,mercredi,15:45,42,42279,"45,5114610000","4,2384580000",1,1,5,1,2,3,2,2,3,1,, -1,2,2,1,4,1,15,5,1,2,0,2,0,1,202100047872D01,7,17/13,2
202100047872,2021-03-17,2021,mars,mercredi,15:45,42,42279,"45,5114610000","4,2384580000",1,1,5,1,2,3,2,2,3,1,, -1,2,2,1,4,1,16,5,1,2,0,2,0,1,202100047872E01,7,17/13,2
202100047872,2021-03-17,2021,mars,mercredi,15:45,42,42279,"45,5114610000","4,2384580000",1,1,5,1,2,3,2,2,3,1,, -1,2,2,1,3,1,15,5,1,2,0,2,0,1,202100047872F01,7,17/13,2
202100047872,2021-03-17,2021,mars,mercredi,15:45,42,42279,"45,5114610000","4,2384580000",1,1,5,1,2,3,2,2,3,1,, -1,2,2,1,4,1,14,5,1,2,0,2,0,1,202100047872G01,7,17/13,2
202100047872,2021-03-17,2021,mars,mercredi,15:45,42,42279,"45,5114610000","4,2384580000",1,1,5,1,2,3,2,2,3,1,, -1,2,2,1,4,1,14,5,1,2,0,2,1,1,202100047872H01,7,17/13,2
202100047872,2021-03-17,2021,mars,mercredi,15:45,42,42279,"45,5114610000","4,2384580000",1,1,5,1,2,3,2,2,3,1,, -1,2,2,1,4,1,16,5,1,2,0,2,1,0,202100047872I01,7,17/13,2
202100047872,2021-03-17,2021,mars,mercredi,15:45,42,42279,"45,5114610000","4,2384580000",1,1,5,1,2,3,2,2,3,1,, -1,2,2,1,4,1,51,5,1,2,0,2,1,0,202100047872J01,7,17/13,2
202100047872,2021-03-17,2021,mars,mercredi,15:45,42,42279,"45,5114610000","4,2384580000",1,1,5,1,2,3,2,2,3,1,, -1,2,2,1,4,1,16,5,1,2,0,9,0,1,202100047872N01,7,17/13,2
202100047957,2021-03-15,2021,mars,lundi,01:45,75,75112,"48,8448520000","2,3689150000",2,1,1,5,1,4,1,3,2,1,, -1,2,0,1,3,2,24,9,2,,0,2,1,5,202100047957A01,7,1,1
202100047959,2021-03-15,2021,mars,lundi,09:10,75,75104,"48,8559310000","2,3673150000",2,2,3,1,8,4,1,1,1,1,, -1,2,0,1,4,1,32,1,1,2,0,2,5,1,202100047959A01,7,1,1
202100047979,2021-03-15,2021,mars,lundi,16:30,62,62038,"50,8534980000","1,9849020000",2,2,3,1,1,3,2,2,1,1,, -1,1,5,1,3,1,39,5,1,2,0,2,7,1,202100047979B01,7,1,1
202100047980,2021-03-13,2021,mars,samedi,17:50,11,11203,"43,1905400460","2,7692144032",2,1,1,1,1,4, -1,2,1,1,, -1,1,0,1,4,2,43,5,1,2,15,2,1,1,202100047980A01,7,1,1
202100047987,2021-03-16,2021,mars,mardi,17:00,14,14431,"49,0755250000"," -0,0778620000",2,2,5,1,1,4,2,2,1,1,, -1,1,0,1,4,1,15,2,2,,0,2,8,18,202100047987A01,7,1/15,2
202100047990,2021-03-15,2021,mars,lundi,09:30,14,14098,"49,1770490000"," -0,5132960000",1,2,3,1,1,3,2,2,1,1,, -1,1,0,1,3,1,81,5,1,2,0,2,8,19,202100047990B01,14,1,1
202100047994,2021-03-13,2021,mars,samedi,10:20,84,84141,"43,9538300000","4,8941990000",1,6,3,1,1,3, -1,2,1,2,, -1,1,0,1,3,1,79,5,1,2,0,2,8,16,202100047994B01,7,1,1
202100048076,2021-03-15,2021,mars,lundi,15:00,27,27679,"48,7381810000","0,9201640000",2,6,2,1,1,3,2,1,1,2,, -1,1,5,1,3,2,51,1,2,,0,0,4,1,202100048076B01,7,1,1
202100048088,2021-03-15,2021,mars,lundi,08:50,13,13100,"43,7922950000","4,8394720000",2,6,3,1,1,3,2,2,1,1,, -1,1,5,1,4,2,50,9,2,,0,0,4,19,202100048088B01,7,1,1
202100048146,2021-03-13,2021,mars,samedi,09:50,06,06027,"43,6602400000","7,1441500000",2,9,3,1,1,4,1,2,1,2,, -1,1,9,1,4,1,48,5,1,2,0,2,1,1,202100048146B01,7,9,1
202100048148,2021-03-12,2021,mars,vendredi,19:50,75,75120,"48,8547790000","2,4089710000",2,2,3,2,2,4,1,1,1,1,, -1,2,0,1,4,1,21,9,2,,0,2,8,1,202100048148B01,7,15,1
202100048150,2021-03-13,2021,mars,samedi,10:30,75,75115,"48,8311120000","2,2924450000",2,2,3,1,1,4,3,2,1,1,, -1,1,0,1,4,2,29,9,2,,0,2,1,1,202100048150A01,7,1,1
202100048155,2021-03-13,2021,mars,samedi,14:05,75,75110,"48,8685190000","2,3630150000",2,7,3,1,2,4,1,2,1,1,, -1,2, -1,5,4,2,42,5,2,,0,2,8,10,202100048155B01,33,1,1
202100048196,2021-01-07,2021,janvier,jeudi,17:30,88,88481,"48,0990175406","6,3899713755",2,3,3,2,9,3,2,2,1,1,, -1,2,0,1,3,1,15,5,2,,0,2,1,26,202100048196B01,7,1,1
202100048220,2021-03-08,2021,mars,lundi,11:00,988,98818," -22,3028000000","166,4432200000",2,1,2,1,1,4,3,4,1,1,, -1,1,8,1,4,1,16,5,1,2/2,0,2,1,2,202100048220A01,7,2,1
202100048283,2021-03-12,2021,mars,vendredi,21:30,06,06088,"43,7174300000","7,2568980000",2,1,6,5,1,9,2,0,2,1,, -1,1,9,6,1,1,26,9,2,,0,1,0,1,202100048283A01,,,
202100048285,2021-02-26,2021,février,vendredi,17:05,01,01014,"46,2849200000","5,6617600000",2,6,3,1,1,1,3,0,1,1,, -1,1,3,1,3,1,70,5,1,2,0,2,8,14,202100048285B01,7,16,1
202100048294,2021-03-05,2021,mars,vendredi,17:10,75,75112,"48,8408630358","2,3738380618",2,3,7,1,1,4,1,1,1,1,, -1,1,0,1,4,2,19,9,2,,0,0,0,1,202100048294A01,,,
202100048296,2021-03-12,2021,mars,vendredi,07:47,75,75110,"48,8692660000","2,3557200000",2,7,3,1,1,4,1,3,1,1,, -1,1, -1,6,4,1,57,9,2,,0,2,1,15,202100048296B01,7,7,1
202100048326,2021-03-13,2021,mars,samedi,10:48,71,71135,"46,4335260000","4,8307520000",2,2,3,1,1,3,2,2,1,1,, -1,1,0,3,3,2,59,5,1,2,0,0,8,23,202100048326B01,2,13,1
202100048342,2021-03-13,2021,mars,samedi,11:00,74,74158,"46,2471820000","6,3311880000",1,1,2,1,6,3,2,2,2,1,, -1,1,0,1,4,1,39,5,1,2,0,0,4,13,202100048342A01,7,17,1
202100048382,2021-03-10,2021,mars,mercredi,07:45,83,83123,"43,1451200000","5,8102300000",1,1,1,2,1,4,2,1,2,4,, -1,1,0,1,3,1,56,5,2,,0,2,1,1,202100048382B01,14,16,1
202100048383,2021-03-10,2021,mars,mercredi,11:10,80,80021,"49,8998800000","2,2686300000",2,1,3,1,1,4,2,2,1,1,, -1,1,0,1,4,1,12,2,2,,0,2,1,25,202100048383B01,7,15,1
202100048435,2021-03-11,2021,mars,jeudi,08:50,75,75114,"48,8344870000","2,3325860000",2,7,3,1,2,4,2,4,1,1,, -1,2,0,1,4,2,46,1,1,2,0,2,0,1,202100048435A01,1,1,1
202100048438,2021-03-11,2021,mars,jeudi,07:05,75,75112,"48,8434290000","2,4098950000",2,1,3,2,2,4,2,4,2,1,, -1,2, -1,5,4,2,46,1,1,2,0,2,7,1,202100048438A01,10,22,1
202100048439,2021-03-11,2021,mars,jeudi,14:25,75,75108,"48,8650250000","2,3180530000",2,1,3,1,2,4,3,4,1,1,, -1,2,0,1,4,1,31,5,1,2,0,2,2,2,202100048439B01,7,22,1
202100048442,2021-03-09,2021,mars,mardi,13:00,75,75107,"48,8609770000","2,3149650000",2,2,7,1,1,4,2,2,1,1,, -1,1, -1,5,4,2,77,5,2,,0,0,0,21,202100048442A01,,,
202100048443,2021-03-11,2021,mars,jeudi,16:00,75,75101,"48,8621540000","2,3370180000",2,7,1,1,2,4,2,4,1,1,, -1,2, -1,5,4,2,27,3,1,2,0,2,1,1,202100048443B01,1,17,1
202100048443,2021-03-11,2021,mars,jeudi,16:00,75,75101,"48,8621540000","2,3370180000",2,7,1,1,2,4,2,4,1,1,, -1,2, -1,5,1,1,43,1,1,2,0,2,1,17,202100048443A01,1,1,1
202100048462,2021-03-11,2021,mars,jeudi,18:22,35,35226,"48,4283530000"," -1,9136380000",1,1,2,1,1,3,2,2,1,1,, -1,1,2,1,3,1,69,0,2,,0,2,6,1,202100048462B01,10,2,1
202100048478,2021-03-12,2021,mars,vendredi,11:00,06,06010,"43,6849470000","6,9748540000",1,1,5,1,1,3,2,2,2,3,, -1,1,0,1,3,1,45,0,1,2,0,2,3,21,202100048478A01,15,1,2
202100048535,2021-03-09,2021,mars,mardi,11:48,63,63113,"45,7924900000","3,1467500000",2,1,3,1,1,7,3,4,1,1,, -1,1,0,1,4,1,23,0,2,,0,2,8,0,202100048535B01,7,12,1
202100048563,2021-03-09,2021,mars,mardi,16:25,75,75118,"48,8825500000","2,3419280000",2,3,6,1,1,4, -1,0,1,1,, -1,1, -1,5,4,1,26,4,2,,12,0,1,9,202100048563A01,,,
202100048568,2021-03-10,2021,mars,mercredi,08:35,75,75114,"48,8292940000","2,3226490000",2,2,7,1,1,4,1,1,1,1,, -1,1,0,1,4,1,39,9,1,2,0,0,0,1,202100048568A01,,,
202100048591,2021-03-07,2021,mars,dimanche,12:40,93,93029,"48,9224400000","2,4336400000",2,2,3,1,1,4, -1,1,1,1,, -1,1,5,1,4,2,70,0,2,,0,2,1,26,202100048591Y01,7,9,1
202100048607,2021-03-11,2021,mars,jeudi,11:30,74,74256,"45,9329160000","6,6327490000",2,1,2,1,1,3,2,2,1,1,, -1,1,0,1,3,1,20,5,2,,1,0,1,2,202100048607B01,14,0,1
202100048622,2021-03-08,2021,mars,lundi,13:45,06,06152,"43,6133350000","7,0449560000",1,1,2,1,1,3,1,2,1,1,, -1,1,0,1,4,2,47,1,1,2,0,2,4,14,202100048622B01,7,1,1
202100048659,2021-03-07,2021,mars,dimanche,10:00,83,83050,"43,5315100000","6,4737900000",2,6,3,1,1,3, -1,0,1,1,, -1,1,5,1,3,1,79,5,1,2/6,0,2,1,26,202100048659B01,7,26,1
202100048666,2021-03-09,2021,mars,mardi,13:00,65,65440,"43,2280800000","0,0565000000",2,2,3,1,1,3,2,3,1,1,, -1,1,0,1,4,2,17,2,2,,0,2,1,15,202100048666A01,7,1,1
202100048700,2021-03-09,2021,mars,mardi,15:50,75,75109,"48,8800510000","2,3306560000",2,3,6,1,1,4,1,1,1,1,, -1,1,0,1,4,2,32,1,2,,0,1,1,21,202100048700A01,,,
202100048701,2021-03-08,2021,mars,lundi,22:30,75,75103,"48,8627250000","2,3543040000",2,2,3,3,1,4,1,2,1,1,, -1,1,0,1,4,2,26,5,1,2,0,2,1,19,202100048701A01,7,15,1
202100048702,2021-03-09,2021,mars,mardi,20:25,75,75107,"48,8564710000","2,3211210000",2,2,3,5,1,4,1,2,1,1,, -1,1, -1,5,4,1,54,9,2,,0,2,1,1,202100048702B01,7,22,1
202100048726,2021-03-09,2021,mars,mardi,17:50,42,42338,"46,0901760000","4,1203450000",1,1,3,1,7,3,2,2,1,1,, -1,1,0,1,4,2,73,5,2,,0,2,8,2,202100048726B01,7,2,1