Num_Acc,date,an,mois,jour,hrmn,dep,com,lat,long,agg,int,col,lum,atm,catr,circ,nbv,prof,plan,lartpc,larrout,surf,infra,situ,grav,sexe,age,trajet,secuexist,equipement,obs,obsm,choc,manv,vehiculeid,typevehicules,manoeuvehicules,numVehicules
202100048729,2021-03-09,2021,mars,mardi,16:30,972,97210,"14,6185200000"," -60,9282880000",1,1,3,1,1,3,2,2,1,1,, -1,1,0,1,4,1,41,9,1,2,0,2,8,1,202100048729B01,7,15,1
202100048747,2021-03-09,2021,mars,mardi,21:13,971,97116,"16,3238670000"," -61,4581150000",2,1,3,3,9,3,2,2,4,3,, -1,9,0,1,4,1,21,5,2,,0,2,3,2,202100048747A01,7,0,1
202100048750,2021-03-10,2021,mars,mercredi,14:25,01,01262,"45,8533260000","5,0530850000",2,1,7,1,1,4,2,1,2,1,, -1,1,0,6,3,1,16,5,2,,0,0,0,0,202100048750A01,,,
202100048780,2021-03-08,2021,mars,lundi,08:45,75,75110,"48,8814320000","2,3514430000",2,4,2,1,1,4,2,4,2,1,, -1,1, -1,5,1,1,29,1,1,2,0,2,4,23,202100048780B01,1,1,1
202100048780,2021-03-08,2021,mars,lundi,08:45,75,75110,"48,8814320000","2,3514430000",2,4,2,1,1,4,2,4,2,1,, -1,1, -1,5,4,2,34,1,2,,0,2,1,1,202100048780A01,1,23,1
202100048781,2021-03-08,2021,mars,lundi,19:45,75,75108,"48,8794860000","2,3218560000",2,5,3,5,1,4,2,2,2,1,, -1,1,0,1,4,1,26,1,2,,0,2,6,1,202100048781A01,7,14,1
202100048786,2021-03-07,2021,mars,dimanche,10:40,75,75104,"48,8559310000","2,3506050000",2,1,1,1,1,4,2,2,1,1,, -1,1,6,1,4,2,14,5,1,2,0,2,1,1,202100048786B01,50,13,1
202100048804,2021-03-06,2021,mars,samedi,16:20,91,91553,"48,6239850000","2,4917570000",2,3,3,1,7,3,2,2,1,1,, -1,1,0,1,4,1,47,5,1,2,0,2,7,1,202100048804B01,7,26,1
202100048812,2021-03-08,2021,mars,lundi,17:30,46,46144,"44,8401800000","1,5512570000",1,1,6,1,1,3,2,2,2,3,, -1,1,0,3,3,1,42,5,2,,3,9,1,16,202100048812A01,,,
202100048828,2021-03-09,2021,mars,mardi,13:50,68,68154,"47,7708230000","7,3469620000",2,2,3,1,1,3,2,2,1,1,, -1,1,0,5,3,2,51,1,2,,0,0,7,1,202100048828B01,7,15,1
202100048829,2021-03-06,2021,mars,samedi,16:30,69,69059,"45,8649008210","4,7186493874",1,1,5,1,1,3,2,2,1,1,, -1,1,0,1,3,1,49,5,1,2/6,0,2,8,1,202100048829A01,7,17,1
202100048829,2021-03-06,2021,mars,samedi,16:30,69,69059,"45,8649008210","4,7186493874",1,1,5,1,1,3,2,2,1,1,, -1,1,0,1,4,1,43,5,1,2/6,0,2,8,1,202100048829B01,7,17,1
202100048899,2021-03-07,2021,mars,dimanche,16:00,13,13011,"43,7347820000","4,8211690000",1,3,3,1,1,3,2,2,2,1,, -1,1,0,1,4,1,65,5,2,,0,2,1,1,202100048899B01,7,15,1
202100048951,2021-03-05,2021,mars,vendredi,11:10,12,12089,"44,5752400000","2,2636300000",2,2,3,1,1,3,2,2,2,1,, -1,1,0,1,4,1,39,0,2,,0,2,8,1,202100048951B01,7,17,1
202100048956,2021-03-06,2021,mars,samedi,09:00,75,75120,"48,8719810000","2,3918730000",2,3,3,1,1,4,2,2,2,1,, -1,1,0,1,4,1,26,5,2,,0,2,1,1,202100048956A01,37,9,1
202100048995,2021-03-06,2021,mars,samedi,10:45,2B,2B201,"42,1997840000","9,4000050000",1,1,7,1,1,3,2,2,2,3,, -1,1,0,3,4,1,43,5,1,2,0,0,1,13,202100048995A01,,,
202100048998,2021-03-07,2021,mars,dimanche,16:30,61,61422,"48,6802790000","0,6196330000",1,2,2,1,1,3,2, -1,1,1,, -1,1,0,1,4,2,57,5,2,,0,2,4,11,202100048998B01,10,1,1
202100049000,2021-03-07,2021,mars,dimanche,10:40,49,49307,"47,4086430000"," -0,3133460000",2,3,3,1,7,3,2,2,1,1,, -1,1,5,1,3,1,70,5,1,2,0,2,1,1,202100049000B01,7,15,1
202100049013,2021-03-06,2021,mars,samedi,13:30,21,21673,"47,1708107561","4,7218036652",1,1,7,1,1,4,2,2,2,1,, -1,1,0,1,4,1,65,5,1,2,0,0,1,1,202100049013A01,,,
202100049086,2021-03-05,2021,mars,vendredi,12:00,51,51454,"49,2350880000","4,0419330000",2,3,3,1,1,1,2,4,1,1,, -1,1,0,1,4,1,22,0,2,,0,2,7,1,202100049086A01,7,1,1
202100049113,2021-03-04,2021,mars,jeudi,17:35,25,25056,"47,2313600000","6,0265000000",2,9,3,1,1,4,1,1,1,1,, -1,1,0,5,4,2,39,1,1,2,0,2,1,1,202100049113B01,10,15,1
202100049128,2021-03-05,2021,mars,vendredi,12:40,75,75120,"48,8525280000","2,4067060000",2,2,6,1,1,4,1,2,1,1,, -1,1, -1,5,4,1,31,4,1,2,0,1,1,1,202100049128A01,,,
202100049130,2021-03-05,2021,mars,vendredi,16:00,75,75118,"48,8962130000","2,3593020000",2,1,7,1,1,4,2,5,1,1,, -1,1, -1,5,4,1,43,9,1,2,0,0,0,21,202100049130A01,,,
202100049135,2021-03-05,2021,mars,vendredi,01:20,75,75111,"48,8671510000","2,3682290000",2,1,6,5,1,4,1,1,1,1,, -1,2,0,1,4,1,25,1,2,,1,0,1,14,202100049135A01,,,
202100049141,2021-03-03,2021,mars,mercredi,14:20,75,75101,"48,8621690000","2,3493740000",2,2,7,1,1,4, -1,1,1,1,, -1,1,6,1,4,1,25,5,2,,0,0,0,1,202100049141A01,,,
202100049167,2021-03-06,2021,mars,samedi,14:00,74,74171,"46,3259160000","6,2925000000",1,2,3,1,1,3,2,2,1,1,, -1,1,0,1,2,1,76,5,1,2/6,0,2,7,19,202100049167B01,7,1,1
202100049180,2021-03-06,2021,mars,samedi,14:55,53,53202,"48,4127880000"," -0,9276260000",1,1,6,1,1,3,2,2,1,1,, -1,1,0,1,1,1,75,5,1,2,0,9,4,0,202100049180A01,1,0,1
202100049180,2021-03-06,2021,mars,samedi,14:55,53,53202,"48,4127880000"," -0,9276260000",1,1,6,1,1,3,2,2,1,1,, -1,1,0,1,2,1,75,5,1,2,0,2,1,0,202100049180B01,1,0,1
202100049273,2021-03-03,2021,mars,mercredi,09:33,75,75120,"48,8645590000","2,4073410000",2,2,3,1,1,4,2,2,4,1,, -1,1, -1,5,4,1,48,1,1,2/6,0,2,8,1,202100049273B01,7,1,1
202100049274,2021-03-04,2021,mars,jeudi,15:25,75,75119,"48,8843790000","2,3691930000",2,2,7,1,2,4,1,1,1,1,, -1,2, -1,5,4,2,26,1,1,2,2,0,1,1,202100049274A01,,,
202100049276,2021-03-04,2021,mars,jeudi,18:50,75,75118,"48,8934480000","2,3376620000",2,1,2,5,1,4,2,2,1,1,, -1,1, -1,5,3,2,31,9,2,,0,2,4,1,202100049276A01,7,1,1
202100049278,2021-03-04,2021,mars,jeudi,15:30,75,75116,"48,8720661479","2,2837346792",2,1,2,1,2,4,1,1,1,1,, -1,2,0,1,4,2,59,5,2,,0,2,1,1,202100049278B01,10,22,1
202100049283,2021-03-03,2021,mars,mercredi,13:05,75,75109,"48,8757820000","2,3371240000",2,1,6,1,1,4,1,1,1,1,, -1,1,0,1,1,1,23,4,2,,0,1,4,1,202100049283A01,,,
202100049286,2021-03-03,2021,mars,mercredi,09:15,75,75108,"48,8656750000","2,3218060000",2,7,7,1,1,4, -1,0,1,1,, -1,1,0,1,4,2,58,2,1,2/6,0,0,0,1,202100049286A01,,,
202100049287,2021-03-03,2021,mars,mercredi,19:30,75,75104,"48,8558280000","2,3541460000",2,7,1,5,1,4,1,1,1,2,, -1,1,0,1,4,1,31,9,2,,0,2,1,5,202100049287A01,2,1,1
202100049310,2021-02-01,2021,février,lundi,11:45,41,41059,"47,4234620000","1,4391840000",2,9,3,1,1,6, -1, -1,1,1,, -1,1,0,6,3,2,57,1,2,,0,2,1,0,202100049310A01,7,1,1
202100049311,2021-03-04,2021,mars,jeudi,09:45,41,41043,"47,2726810000","1,4826930000",1,1,1,1,1,4,2,2,2,3,, -1,1,0,1,3,1,19,5,2,,0,0,1,1,202100049311A01,21,1,1
202100049318,2021-03-02,2021,mars,mardi,17:20,24,24479,"45,4927470000","0,7465020000",2,1,6,1,1,3,1,1,1,1,, -1,1,0,1,4,1,45,5,2,,0,1,1,1,202100049318A01,,,
202100049368,2021-03-03,2021,mars,mercredi,17:00,83,83069,"43,1165000000","6,1467000000",1,9,1,1,1,4, -1,1,1,2,, -1,1,9,1,4,1,50,9,2,,0,2,7,9,202100049368Y01,7,9,1
202100049396,2021-03-01,2021,mars,lundi,17:30,25,25056,"47,2437550000","5,9993990000",2,3,3,1,1,4,2,2,1,1,, -1,1,0,1,4,1,72,0,2,,0,2,1,19,202100049396A01,7,0,1
202100049412,2021-03-01,2021,mars,lundi,22:41,75,75113,"48,8204120000","2,3590950000",2,3,2,5,1,4,2,4,1,1,, -1,1,0,1,4,1,48,9,2,,0,2,4,13,202100049412B01,10,1,1
202100049414,2021-03-03,2021,mars,mercredi,12:50,75,75110,"48,8712980000","2,3515670000",2,1,6,1,1,4,1,1,1,1,, -1,1,0,1,1,1,35,1,2,,0,1,1,1,202100049414A01,,,
202100049433,2021-02-23,2021,février,mardi,19:45,973,97353,"3,6452030000"," -54,0276770000",2,1,1,3,2,4,2,2,4,2,, -1,2,0,1,1,1,14,5,2,,0,2,0,1,202100049433B01,2,0,1
202100049434,2021-03-04,2021,mars,jeudi,13:55,76,76238,"49,5652880000","0,2218880000",2,2,3,1,1,4,1,1,1,1,, -1,1,0,1,4,1,17,5,2,,0,2,1,15,202100049434A01,7,1,1
202100049437,2021-03-04,2021,mars,jeudi,09:00,19,19274,"45,1685630000","1,4648400000",1,3,3,1,1,3,2,2,1,1,, -1,1,5,1,3,1,85,3,2,,0,2,8,16,202100049437A01,7,1,1
202100049453,2021-02-25,2021,février,jeudi,16:15,07,07182,"44,6345550000","4,2960190000",2,3,1,1,7,3,2,2,4,1,, -1,1,0,1,3,1,44,1,1,2,0,2,1,1,202100049453B01,10,15,1
202100049487,2021-03-02,2021,mars,mardi,12:25,65,65440,"43,2283520000","0,0754210000",2,6,2,1,1,4,1,1,1,3,, -1,1,5,1,4,1,42,5,2,,0,2,1,2,202100049487A01,10,23,1
202100049494,2021-03-01,2021,mars,lundi,12:45,54,54304,"48,6847842280","6,1558547616",2,4,3,1,1,7,1,1,1,1,, -1,1,0,1,4,2,56,1,1,2,0,2,1,1,202100049494B01,7,24,1
202100049506,2021-03-01,2021,mars,lundi,15:15,22,22113,"48,7242990000"," -3,4354970000",2,1,2,1,1,3,2,2,1,1,, -1,1,0,1,4,1,80,5,1,2,0,2,6,1,202100049506B01,7,2,1
202100049521,2021-03-02,2021,mars,mardi,10:23,75,75119,"48,8878010000","2,3892980000",2,2,3,1,1,4,2,3,1,1,, -1,1, -1,5,3,2,27,9,2,,0,2,8,1,202100049521B01,13,16,1
202100049529,2021-03-02,2021,mars,mardi,16:30,75,75112,"48,8478010000","2,3990900000",2,2,3,1,1,4,1,1,1,1,, -1,1,0,1,4,1,57,5,2,,0,2,1,1,202100049529B01,7,22,1
202100049530,2021-03-01,2021,mars,lundi,17:45,75,75112,"48,8464610000","2,3668990000",2,3,3,1,1,4,2,2,1,1,, -1,1, -1,5,4,1,28,5,2,,0,2,1,1,202100049530B01,1,15,1
202100049530,2021-03-01,2021,mars,lundi,17:45,75,75112,"48,8464610000","2,3668990000",2,3,3,1,1,4,2,2,1,1,, -1,1, -1,5,1,1,58,5,2,,0,2,2,15,202100049530A01,1,1,1
202100049531,2021-03-02,2021,mars,mardi,10:45,75,75111,"48,8609840000","2,3747980000",2,4,6,1,1,4,2,2,1,1,, -1,1, -1,5,4,1,62,1,2,,0,1,3,1,202100049531A01,,,
202100049554,2021-03-02,2021,mars,mardi,16:55,77,77357,"48,6562270000","3,0788060000",2,2,3,1,1,3,2,2,1,1,, -1,1,0,1,3,1,38,1,1,2,0,2,1,17,202100049554B01,7,15,1
202100049555,2021-03-01,2021,mars,lundi,15:50,61,61167,"48,8227590000","0,5072380000",1,1,3,1,1,3,2,2,1,1,, -1,1,0,1,3,2,33,5,2,,0,2,8,1,202100049555B01,7,1,1
202100049569,2021-03-02,2021,mars,mardi,13:15,61,61234,"48,4502940000","0,0466030000",1,1,3,1,1,3,2,2,1,1,, -1,1,0,1,4,1,55,5,2,,0,2,3,2,202100049569A01,33,17,1
202100049570,2021-02-28,2021,février,dimanche,16:30,22,22327,"48,4928120000"," -2,0417780000",1,2,1,1,1,4,2,2,1,1,, -1,1,0,1,3,1,18,5,2,,0,2,2,9,202100049570B01,7,1,1
202100049665,2021-03-01,2021,mars,lundi,16:30,75,75102,"48,8670620000","2,3529610000",2,2,7,1,1,4,2,5,1,1,, -1,1, -1,5,4,1,63,5,2,,0,2,1,21,202100049665A01,,,
202100049722,2021-03-01,2021,mars,lundi,17:30,56,56152,"47,3321330000"," -3,1647380000",1,1,1,1,1,3,2,2,1,1,, -1,1,0,1,2,2,62,5,2,,0,2,1,1,202100049722B01,7,5,1
202100049725,2021-02-28,2021,février,dimanche,11:45,60,60666,"49,1034730000","2,6889900000",1,9,3,1,1,3,2,2,2,2,, -1,1,5,1,3,1,41,5,1,2/9,0,2,1,1,202100049725B01,7,15,1
202100049746,2021-02-20,2021,février,samedi,16:40,78,78624,"48,9550600000","2,0156000000",1,1,7,1,1,4, -1,2,1,1,, -1,1,0,1,3,1,11,5,2,,0,2,0,0,202100049746Y01,31,1,1
202100049755,2021-02-27,2021,février,samedi,19:50,59,59350,"50,6381276311","3,0792802200",2,9,3,5,1,4,2,2,1,2,, -1,1,0,5,4,2,30,0,2,,16,9,3,2,202100049755P01,7,2,1
202100049770,2021-02-28,2021,février,dimanche,12:50,75,75113,"48,8368050000","2,3518570000",2,5,2,1,1,4,2,4,1,1,, -1,1, -1,6,4,1,40,5,1,2,0,2,4,7,202100049770B01,37,7,1
202100049773,2021-02-28,2021,février,dimanche,13:10,75,75107,"48,8624630000","2,3054220000",2,3,7,1,1,4,2,6,1,1,, -1,1, -1,5,4,2,22,9,2,,0,0,0,1,202100049773A01,,,
202100049776,2021-02-28,2021,février,dimanche,08:40,75,75108,"48,8640680000","2,3201250000",2,2,6,1,1,4,2,2,1,1,, -1,1, -1,5,4,1,46,9,2,,11,0,1,1,202100049776A01,,,
202100049777,2021-02-27,2021,février,samedi,17:40,75,75104,"48,8555280000","2,3577610000",2,2,6,1,1,4,1,1,1,1,, -1,1, -1,5,1,1,21,5,2,,0,1,5,1,202100049777A01,,,
202100049777,2021-02-27,2021,février,samedi,17:40,75,75104,"48,8555280000","2,3577610000",2,2,6,1,1,4,1,1,1,1,, -1,1, -1,5,1,2,20,5,2,,0,1,5,1,202100049777A01,,,
202100049789,2021-01-31,2021,janvier,dimanche,13:18,31,31082,"43,5991017090","1,7123354245",2,9,3,1,8,3,2,2,2,1,, -1,2,0,1,3,1,15,5,2,,0,2,1,15,202100049789A01,10,1,1
202100049803,2021-02-28,2021,février,dimanche,15:45,68,68374,"48,0610980000","7,2348990000",1,1,3,1,7,3,2,2,1,1,, -1,1,0,1,4,1,56,5,2,,0,0,8,1,202100049803B01,10,17,1
202100049806,2021-02-28,2021,février,dimanche,15:45,29,29259,"48,6826840000"," -3,9858970000",2,1,2,1,1,3,2,2,1,1,, -1,1,0,1,3,1,16,5,1,2,0,2,1,2,202100049806B01,7,2,1
202100049809,2021-02-25,2021,février,jeudi,17:30,31,31587,"43,7823260000","1,4356240000",1,1,3,1,1,3,2,2,1,1,, -1,1,0,1,4,1,54,5,1,2,0,2,8,15,202100049809B01,7,17,1
202100049878,2021-02-27,2021,février,samedi,17:22,47,47201,"44,1939700000","0,5992000000",2,1,2,1,1,3,2,4,1,1,, -1,1,0,1,4,1,18,5,1,2,0,2,1,2,202100049878A01,10,2,1
202100049921,2021-02-27,2021,février,samedi,09:20,51,51171,"49,3780024577","3,8749670519",1,1,2,1,1,3,2,2,3,1,, -1,1,0,1,2,1,68,5,1,2,0,0,4,1,202100049921B01,7,1,1
202100049928,2021-02-28,2021,février,dimanche,15:55,69,69267,"46,1713257360","4,6855291148",1,4,3,1,1,3,2,2,4,3,, -1,1,0,1,3,1,58,5,2,,0,2,8,1,202100049928B01,2,15,1
202100049966,2021-02-28,2021,février,dimanche,16:45,38,38155,"45,4305700000","5,7486600000",2,3,3,1,1,3,2,2,1,1,, -1,1,0,1,4,2,17,5,2,,0,2,3,15,202100049966A01,1,1,1
202100049966,2021-02-28,2021,février,dimanche,16:45,38,38155,"45,4305700000","5,7486600000",2,3,3,1,1,3,2,2,1,1,, -1,1,0,1,1,1,60,5,1,2/6,0,2,1,1,202100049966B01,1,15,1
202100049968,2021-02-27,2021,février,samedi,16:25,40,40278,"44,2329620000"," -1,1813740000",1,1,6,1,1,4,2,2,1,2,, -1,1,0,1,2,1,86,5,2,,0,2,3,17,202100049968B01,7,1,1
202100050050,2021-02-26,2021,février,vendredi,13:15,06,06027,"43,6568300000","7,1647000000",2,1,2,1,1,7,2,4,1,1,, -1,1,0,1,4,1,47,5,2,,0,2,4,14,202100050050A01,7,26,1
202100050057,2021-02-26,2021,février,vendredi,08:50,75,75116,"48,8580870000","2,2883520000",2,5,3,1,1,4,2,2,1,1,, -1,1, -1,5,1,1,26,1,1,2,0,2,8,13,202100050057B01,50,17,1
202100050058,2021-02-25,2021,février,jeudi,09:12,75,75116,"48,8732030000","2,2951270000",2,7,2,1,1,4,1,1,1,2,, -1,1,0,1,4,1,36,9,1,2,0,2,1,1,202100050058A01,7,23,1
202100050060,2021-02-25,2021,février,jeudi,13:20,75,75115,"48,8424620000","2,3110800000",2,3,3,1,1,4,1,3,1,1,, -1,1, -1,5,4,1,40,5,2,,0,0,0,1,202100050060B01,7,15,1
202100050065,2021-02-26,2021,février,vendredi,08:25,75,75102,"48,8709700000","2,3341500000",2,2,2,1,1,4,2,2,1,1,, -1,1,0,1,4,2,31,1,1,2,0,2,7,1,202100050065B01,10,22,1
202100050108,2021-02-26,2021,février,vendredi,18:10,60,60513,"49,2099427328","2,3709797501",2,1,1,1,1,3,2,2,1,1,, -1,1,0,1,4,1,12,5,1,2,0,2,2,19,202100050108B01,7,1,1
202100050216,2021-02-22,2021,février,lundi,13:30,75,75116,"48,8749250000","2,2711040000",2,2,3,1,8,4,2,4,1,1,, -1,1,0,1,4,1,83,9,2,,0,2,8,1,202100050216B01,10,1,1
202100050217,2021-02-25,2021,février,jeudi,08:40,75,75115,"48,8372350000","2,2964330000",2,2,7,1,1,4,2,3,1,1,, -1,1,0,1,4,2,29,1,2,,0,0,0,1,202100050217A01,,,
202100050222,2021-02-25,2021,février,jeudi,15:40,75,75101,"48,8634020000","2,3509510000",2,2,3,1,1,4,1,4,1,1,, -1,1, -1,5,4,1,54,9,1,2,0,2,2,1,202100050222A01,7,1,1
202100050248,2021-02-26,2021,février,vendredi,12:00,56,56224,"47,7940610000"," -2,3145480000",1,1,7,1,1,3,2,2,3,1,, -1,1,0,1,2,1,75,5,2,,0,0,0,1,202100050248A01,,,
202100050250,2021-02-25,2021,février,jeudi,16:05,74,74299,"45,8742120000","6,1823310000",2,1,6,1,1,3,2,2,1,1,, -1,1,0,4,3,1,60,5,1,2,9,0,1,1,202100050250A01,,,
202100050254,2021-02-25,2021,février,jeudi,15:05,55,55359,"48,5763990000","5,2469020000",2,9,6,1,1,4,2,2,2,3,, -1,1,0,4,3,1,13,5,2,,6,0,8,16,202100050254A01,,,
202100050278,2021-02-24,2021,février,mercredi,17:20,63,63200,"45,8392960000","3,2154460000",2,6,3,1,1,3,2,2,1,1,, -1,1,5,1,3,1,57,5,1,2/6,0,2,1,1,202100050278B01,7,1,1
202100050314,2021-02-20,2021,février,samedi,09:05,80,80131,"49,8639600000","2,3497800000",1,1,4,1,1,3,2,2,1,1,, -1,1,0,1,4,1,66,5,1,2,0,2,8,0,202100050314C01,7,1,2
202100050328,2021-02-24,2021,février,mercredi,17:50,54,54339,"48,7252448522","6,1811533570",1,1,1,1,1,4,2, -1,1,1,, -1,1,0,8,4,1,13,0,2,,0,2,1,26,202100050328B01,7,26,1
202100050359,2021-02-24,2021,février,mercredi,08:40,75,75118,"48,8896730000","2,3314960000",2,1,2,1,1,4,2,2,2,1,, -1,1,0,1,4,2,32,9,1,2,0,2,4,23,202100050359B01,7,1,1
202100050360,2021-02-24,2021,février,mercredi,17:30,75,75117,"48,8821916483","2,3011690378",2,4,3,2,1,4,2,2,1,1,, -1,1,0,1,4,2,52,1,1,2,0,2,2,1,202100050360B01,7,22,1
202100050361,2021-02-24,2021,février,mercredi,14:25,75,75115,"48,8354950000","2,2927660000",2,3,3,1,1,4,1,4,1,1,, -1,1, -1,5,4,2,20,1,2,,0,2,1,1,202100050361B01,7,15,1
202100050363,2021-02-23,2021,février,mardi,20:55,75,75111,"48,8609720000","2,3882120000",2,3,3,5,1,4,1,1,1,1,, -1,1, -1,5,4,2,53,1,2,,0,2,1,1,202100050363B01,7,22,1
202100050394,2021-02-24,2021,février,mercredi,14:15,46,46089,"44,5055730000","1,0804260000",1,2,3,1,7,3,2,2,1,1,, -1,1,0,1,4,1,77,5,2,,0,2,3,1,202100050394B01,10,1,1
202100050396,2021-02-10,2021,février,mercredi,16:50,34,34192,"43,5303129008","3,9367987780",2,4,3,1,1,4, -1,2,1,1,, -1,1,8,1,3,2,67,5,2,,0,2,0,26,202100050396B01,7,16,1
202100050397,2021-02-24,2021,février,mercredi,15:45,38,38511,"45,3554930000","5,9531210000",1,2,2,1,1,3,3,2,1,1,, -1,1,5,1,4,1,53,5,1,2,0,0,4,11,202100050397B01,32,1,1
202100050401,2021-02-24,2021,février,mercredi,17:10,43,43224,"45,2206220000","4,2074630000",1,9,1,1,1,3,2,2,4,2,, -1,1,0,1,4,1,17,5,1,2,0,2,8,1,202100050401B01,3,1,1
202100050414,2021-02-25,2021,février,jeudi,17:00,71,71342,"46,4442670000","4,1248730000",2,1,3,1,1,9,2,2,1,1,, -1,1,0,5,3,1,44,5,1,2,0,2,7,1,202100050414B01,1,13,1
202100050414,2021-02-25,2021,février,jeudi,17:00,71,71342,"46,4442670000","4,1248730000",2,1,3,1,1,9,2,2,1,1,, -1,1,0,5,1,1,64,5,1,2,0,2,8,13,202100050414A01,1,1,1
202100050415,2021-02-25,2021,février,jeudi,14:30,52,52366,"47,9171400000","5,1895060000",1,3,1,1,1,3,2,2,2,1,, -1,1,0,1,2,1,65,5,1,2,0,2,3,15,202100050415B01,7,1,1
202100050452,2021-02-23,2021,février,mardi,09:15,65,65417,"43,2271270000","0,1043130000",2,1,7,1,1,4, -1,2,1,1,, -1,1,0,1,4,1,55,5,1,2,0,0,0,26,202100050452A01,,,
202100050481,2021-02-23,2021,février,mardi,14:10,75,75114,"48,8310510000","2,3175100000",2,4,3,1,1,4,2,2,1,1,, -1,1, -1,6,4,2,57,5,2,,0,2,8,7,202100050481B01,7,15,1
202100050483,2021-02-23,2021,février,mardi,17:35,75,75112,"48,8458510000","2,3676370000",2,2,6,2,1,4, -1,2,1,1,, -1,1, -1,5,4,1,40,5,1,2,0,1,3,1,202100050483A01,,,
202100050508,2021-02-23,2021,février,mardi,21:30,38,38115,"44,9847290000","5,6475090000",1,1,3,3,1,3,2,2,2,1,, -1,1,0,1,4,1,25,5,2,,0,2,1,5,202100050508B01,7,1,1
202100050513,2021-02-23,2021,février,mardi,13:50,68,68073,"47,8054090000","6,9359830000",2,3,1,1,1,4,2,2,2,1,, -1,1,0,1,3,1,12,5,1,2,0,2,1,1,202100050513A01,7,15,1
202100050516,2021-02-23,2021,février,mardi,15:10,44,44211,"47,3765000000"," -2,4597790000",1,2,3,1,1,3,2,2,1,1,, -1,1,5,1,3,1,70,5,1,2/6,0,2,1,1,202100050516B01,7,1,1
202100050518,2021-02-24,2021,février,mercredi,15:15,14,14103,"49,2561320000"," -0,8692700000",1,1,7,1,1,3,2,2,1,1,, -1,1,0,1,3,1,69,5,1,2/6/4,0,0,0,16,202100050518A01,,,
202100050524,2021-02-24,2021,février,mercredi,17:23,53,53109,"48,2942510000"," -0,4806630000",1,1,7,1,1,3,2,2,1,1,, -1,1,0,1,3,1,29,5,2,,0,0,0,1,202100050524A01,,,
202100050531,2021-02-23,2021,février,mardi,15:25,06,06157,"43,7231030000","7,0827380000",2,6,3,1,1,7,4,5,1,1,, -1,1,0,1,3,1,72,5,1,2,0,2,7,26,202100050531B01,7,9,1
202100050616,2021-02-23,2021,février,mardi,09:00,42,42320,"45,5513530000","4,5178480000",1,1,7,1,1,7,2,2,2,3,, -1,8,0,1,4,1,67,5,1,2,0,0,0,16,202100050616A01,,,
202100050621,2021-02-21,2021,février,dimanche,15:35,89,89404,"48,1717670000","3,2167200000",1,1,2,1,7,3,2,2,2,1,, -1,1,0,1,4,1,52,5,1,2,0,0,4,1,202100050621B01,7,1,1
202100050631,2021-02-21,2021,février,dimanche,16:25,07,07055,"44,8546440000","4,8382120000",2,9,3,1,7,3,2,2,1,1,, -1,1,0,1,4,2,38,5,2,,0,2,0,19,202100050631B01,7,16,1
202100050632,2021-02-21,2021,février,dimanche,11:05,21,21505,"47,3967480000","4,3049990000",1,1,3,1,1,3,2,2,1,1,, -1,1,0,1,4,1,65,5,2,,0,2,8,1,202100050632B01,7,17,1
202100050640,2021-02-20,2021,février,samedi,17:45,67,67230,"48,7911836909","7,8289377391",2,2,3,5,1,4,2,2,1,1,, -1,1,0,1,4,1,18,0,2,,0,2,1,1,202100050640B01,7,1,1
202100050643,2021-02-21,2021,février,dimanche,16:35,69,69208,"45,8743520000","4,6038270000",1,2,3,1,1,3,2,2,1,2,, -1,1,0,1,3,1,10,5,2,,0,2,7,26,202100050643B01,7,1,1
202100050645,2021-02-22,2021,février,lundi,12:00,29,29058,"47,8979779797"," -4,0144985187",2,6,3,1,1,3,1,2,4,2,, -1,1,5,1,4,1,22,0,2,,0,2,3,9,202100050645A01,7,1,1
202100050658,2021-02-21,2021,février,dimanche,13:00,75,75110,"48,8784290000","2,3700950000",2,7,3,1,1,4,1,3,1,1,, -1,1, -1,5,4,2,29,5,1,2,0,2,3,1,202100050658B01,7,16,1
202100050667,2021-02-22,2021,février,lundi,10:08,01,01419,"46,2361100000","6,0090280000",1,1,2,1,1,4,2,2,1,1,, -1,1,0,1,3,1,64,1,2,,0,2,4,2,202100050667B01,7,2,1