Num_Acc,date,an,mois,jour,hrmn,dep,com,lat,long,agg,int,col,lum,atm,catr,circ,nbv,prof,plan,lartpc,larrout,surf,infra,situ,grav,sexe,age,trajet,secuexist,equipement,obs,obsm,choc,manv,vehiculeid,typevehicules,manoeuvehicules,numVehicules
202100050674,2021-02-20,2021,février,samedi,14:15,56,56122,"47,9986070000"," -2,3838020000",1,1,7,1,1,3,2,2,1,3,, -1,1,0,1,3,1,52,5,2,,0,0,1,2,202100050674B01,7,1,1
202100050680,2021-02-21,2021,février,dimanche,17:20,89,89351,"47,4484540000","4,0800150000",2,1,6,1,1,4,2,2,1,3,, -1,1,0,3,3,1,45,0,2,,15,0,0,21,202100050680A01,,,
202100050765,2021-02-20,2021,février,samedi,17:10,75,75118,"48,8984530000","2,3368740000",2,1,7,1,1,4,2,2,1,1,, -1,1,0,1,4,1,60,5,1,2,0,0,0,21,202100050765A01,,,
202100050768,2021-02-20,2021,février,samedi,11:25,75,75112,"48,8349860000","2,4198020000",2,2,3,1,1,4,2,2,1,1,, -1,1,0,1,4,1,46,5,2,,0,2,8,1,202100050768B01,7,15,1
202100050770,2021-02-20,2021,février,samedi,17:30,75,75111,"48,8561790000","2,3828300000",2,2,6,1,1,4,2,4,1,1,, -1,1, -1,5,1,1,44,5,1,2,0,1,0,1,202100050770A01,,,
202100050795,2021-02-21,2021,février,dimanche,11:45,74,74150,"46,2728170000","6,3132870000",2,1,1,1,1,3,2,2,2,1,, -1,1,0,1,4,1,67,5,1,2,0,2,1,1,202100050795B01,7,1,1
202100050797,2021-02-20,2021,février,samedi,13:00,95,95594,"49,1254065456","2,3975953962",1,1,2,1,1,3,2,2,3,2,, -1,1,0,3,4,1,24,5,1,2,0,2,4,2,202100050797B01,7,1,1
202100050802,2021-02-21,2021,février,dimanche,10:30,11,11390,"43,1103590000","2,7574290000",1,3,3,1,1,3,2,2,1,2,, -1,1,0,1,4,1,28,5,1,2/6,0,2,8,1,202100050802B01,7,15,1
202100050809,2021-02-19,2021,février,vendredi,10:00,31,31232,"43,7703270000","1,2864950000",2,6,3,1,1,3,2,2,1,1,, -1,1,0,1,3,1,59,5,1,2/6,0,2,7,1,202100050809B01,7,9,1
202100050814,2021-02-20,2021,février,samedi,14:28,14,14506,"49,1565950000"," -0,8391330000",1,1,2,1,1,4, -1,2,1,1,, -1,1,0,1,3,1,72,5,1,2,0,0,0,2,202100050814B01,1,1,1
202100050814,2021-02-20,2021,février,samedi,14:28,14,14506,"49,1565950000"," -0,8391330000",1,1,2,1,1,4, -1,2,1,1,, -1,1,0,1,3,2,57,5,1,2,0,0,0,1,202100050814A01,1,2,1
202100050821,2021-02-21,2021,février,dimanche,09:00,53,53229,"48,1302200000"," -0,7510320000",2,6,3,1,1,3,1,1,1,2,, -1,1,5,1,4,1,35,5,1,2/6,12,2,7,2,202100050821A01,1,2,1
202100050821,2021-02-21,2021,février,dimanche,09:00,53,53229,"48,1302200000"," -0,7510320000",2,6,3,1,1,3,1,1,1,2,, -1,1,5,1,3,1,49,5,1,2/6,12,2,8,2,202100050821B01,1,2,1
202100050822,2021-02-20,2021,février,samedi,07:15,40,40046,"44,3907660000"," -1,1608490000",2,1,3,2,1,3,2,2,1,1,, -1,1,0,1,3,1,46,1,1,2/9,0,2,8,1,202100050822B01,7,15,1
202100050831,2021-02-20,2021,février,samedi,21:10,973,97305,"4,9406024639"," -52,4118833543",1,1,2,3,1,2,2,2,1,1,, -1,1,0,1,2,1,54,0,2,,0,2,4,2,202100050831B01,7,1,1
202100050836,2021-02-19,2021,février,vendredi,15:15,73,73303,"45,7462900000","6,4166110000",2,1,6,1,1,9,2, -1,1,1,, -1,1, -1,5,1,1,22,5,1,2,0,1,1,1,202100050836A01,,,
202100050887,2021-02-18,2021,février,jeudi,19:45,54,54395,"48,6989300000","6,1679500000",2,2,3,5,1,4,1,1,1,1,, -1,1,0,1,4,1,32,0,1,2,0,2,7,1,202100050887B01,7,0,1
202100050909,2021-02-18,2021,février,jeudi,08:55,25,25056,"47,2280930000","5,9764980000",2,1,3,1,1,4,2,2,1,1,, -1,1,0,1,4,2,45,0,1,2,0,2,8,1,202100050909B01,7,15,1
202100050923,2021-02-19,2021,février,vendredi,12:50,75,75105,"48,8383900000","2,3570270000",2,2,3,1,1,4,4,4,1,1,, -1,1, -1,6,3,1,47,9,2,,0,2,1,16,202100050923A01,37,7,1
202100050929,2021-02-19,2021,février,vendredi,14:50,75,75117,"48,8844740000","2,3195020000",2,2,2,1,1,4,1,1,1,1,, -1,1,0,1,4,2,28,4,1,2,0,2,2,17,202100050929A01,10,4,1
202100050933,2021-02-19,2021,février,vendredi,19:05,75,75113,"48,8293520000","2,3759060000",2,1,3,5,1,4,1,1,1,1,, -1,1,0,1,4,1,49,9,2,,0,2,0,1,202100050933B01,7,22,1
202100050938,2021-02-19,2021,février,vendredi,18:05,75,75111,"48,8548270000","2,3695780000",2,4,6,2,1,4,1,2,1,1,, -1,1, -1,5,4,2,32,1,1,2,0,1,1,1,202100050938A01,,,
202100050940,2021-02-19,2021,février,vendredi,17:25,75,75104,"48,8580520000","2,3496460000",2,3,7,1,1,4,2,5,1,1,, -1,1, -1,5,4,1,30,9,2,,0,2,1,1,202100050940A01,,,
202100050961,2021-02-20,2021,février,samedi,10:24,57,57708,"49,0221950000","6,1987780000",1,1,2,1,7,3,2,3,3,1,, -1,1,0,1,4,1,41,5,1,2,0,2,4,2,202100050961B01,7,2,1
202100050973,2021-02-19,2021,février,vendredi,15:40,25,25074,"47,2005310000","6,7116920000",1,1,6,1,1,4,2,2,2,1,, -1,1,0,1,3,1,83,5,2,,0,1,1,1,202100050973A01,,,
202100050979,2021-02-19,2021,février,vendredi,17:30,21,21127,"47,4788920000","5,0769170000",1,1,3,1,7,3,2,2,1,1,, -1,1,0,3,4,1,55,5,2,,0,2,8,1,202100050979B01,7,1,1
202100050993,2021-02-20,2021,février,samedi,17:56,74,74040,"46,1735450000","6,3096610000",1,1,1,2,1,3,1,2,1,1,, -1,1,2,1,3,1,68,0,1,4,0,2,4,12,202100050993B01,7,1,1
202100050997,2021-02-20,2021,février,samedi,12:21,38,38236,"45,4089200000","5,6983800000",1,1,7,1,1,4,2,2,2,1,, -1,1,0,1,4,1,60,5,2,,0,0,0,1,202100050997A01,7,15,1
202100051065,2021-02-18,2021,février,jeudi,11:15,26,26198,"44,5429100000","4,7731000000",1,9,6,1,1,3,2,2,1,1,, -1,1,0,1,4,1,76,5,1,2,0,2,7,1,202100051065B01,7,1,1
202100051087,2021-02-17,2021,février,mercredi,12:30,75,75103,"48,8668096515","2,3620036436",2,4,1,1,1,4,1,3,1,3,, -1,1,0,1,4,1,38,1,2,,8,2,3,15,202100051087A01,7,1,1
202100051109,2021-02-18,2021,février,jeudi,09:00,10,10115,"48,3186550000","4,1290520000",1,1,2,1,1,3,2,2,1,1,, -1,1,0,1,3,1,68,5,1,2,0,2,4,2,202100051109B01,0,21,1
202100051165,2021-02-16,2021,février,mardi,10:50,63,63113,"45,7793900000","3,1224400000",2,1,3,1,1,7,3,6,1,1,, -1,1,0,1,4,1,66,0,1,2,0,2,4,1,202100051165B01,7,16,1
202100051181,2021-02-17,2021,février,mercredi,17:55,75,75120,"48,8677970000","2,3843070000",2,1,6,2,1,4,1,1,1,1,, -1,1, -1,5,1,1,22,4,2,,0,1,7,1,202100051181A01,,,
202100051187,2021-02-17,2021,février,mercredi,08:48,75,75113,"48,8270420000","2,3854530000",2,1,3,1,1,4,2,4,1,1,, -1,2, -1,5,1,2,29,1,1,2,0,2,3,19,202100051187A01,1,1,1
202100051187,2021-02-17,2021,février,mercredi,08:48,75,75113,"48,8270420000","2,3854530000",2,1,3,1,1,4,2,4,1,1,, -1,2, -1,5,4,1,33,1,1,2,0,2,1,1,202100051187B01,1,19,1
202100051191,2021-02-17,2021,février,mercredi,10:57,75,75107,"48,8628990000","2,3152160000",2,3,3,1,1,4,2,3,1,1,, -1,1,0,1,4,1,38,1,1,2,0,2,7,15,202100051191A01,32,1,1
202100051228,2021-02-18,2021,février,jeudi,08:30,06,06079,"43,5316600000","6,9481270000",2,1,5,1,1,3,2,2,1,1,, -1,1,2,1,3,1,70,5,1,2,0,2,4,1,202100051228B01,7,16,1
202100051242,2021-02-17,2021,février,mercredi,10:55,83,83035,"43,2495870000","5,7862810000",1,1,3,1,1,3,2,2,1,1,, -1,1,5,1,3,1,73,5,1,2,0,2,0,1,202100051242B01,7,26,1
202100051248,2021-02-18,2021,février,jeudi,15:35,14,14488,"49,2716760000"," -0,2647980000",2,6,3,1,7,3,2,2,1,1,, -1,1,5,1,4,1,73,5,2,,0,2,5,1,202100051248B01,10,9,1
202100051306,2021-02-16,2021,février,mardi,15:45,06,06069,"43,6541400000","6,9367800000",2,1,2,1,1,3,2,2,4,2,, -1,1,0,1,4,1,50,5,1,2,0,2,1,1,202100051306A01,7,1,1
202100051317,2021-02-16,2021,février,mardi,17:50,75,75118,"48,8844770000","2,3648000000",2,2,3,5,2,4,1,2,1,1,, -1,2,0,1,4,1,36,1,2,,0,2,7,1,202100051317B01,32,1,1
202100051352,2021-02-17,2021,février,mercredi,14:15,14,14198,"49,2280590000","0,0254810000",1,1,6,1,1,3,2,2,2,3,, -1,1,0,1,1,1,65,5,1,2,0,1,1,1,202100051352A01,,,
202100051428,2021-02-15,2021,février,lundi,10:40,54,54304,"48,6803382887","6,1535785389",2,2,3,1,2,4,2, -1,1,1,, -1,2,0,1,3,1,37,0,1,2,0,2,7,1,202100051428A01,7,1,1
202100051451,2021-02-15,2021,février,lundi,11:40,75,75115,"48,8412880000","2,3071890000",2,3,7,1,1,4,1,2,1,1,, -1,2, -1,5,4,2,54,9,1,2,0,2,0,21,202100051451B01,7,15,1
202100051473,2021-02-16,2021,février,mardi,11:25,05,05162,"44,4272830000","6,0222240000",1,1,7,1,1,3,2,2,2,1,, -1,1,0,1,2,1,61,5,1,2,0,0,0,0,202100051473A01,,,
202100051480,2021-02-16,2021,février,mardi,12:15,971,97103,"16,2463100000"," -61,5937450000",1,1,2,1,1,2,3,2,1,1,, -1,1,0,1,2,1,18,5,1,2,0,2,4,2,202100051480B01,7,1,1
202100051494,2021-02-15,2021,février,lundi,15:10,09,09185,"43,2538010000","1,6809320000",2,2,6,1,1,3,2,2,2,1,, -1,1,0,3,3,1,17,5,2,,2,0,1,11,202100051494A01,,,
202100051517,2021-02-14,2021,février,dimanche,11:30,06,06088,"43,6847650000","7,2094460000",1,3,5,1,1,4,2, -1,1,1,, -1,1,0,1,4,1,14,5,1,2/6,0,2,1,1,202100051517C01,7,15/1,2
202100051519,2021-02-14,2021,février,dimanche,21:23,75,75120,"48,8675420000","2,3850940000",2,3,3,5,1,4,2,2,2,1,, -1,1,0,1,4,1,33,1,2,,0,2,1,15,202100051519A01,30,1,1
202100051521,2021-02-13,2021,février,samedi,13:45,75,75108,"48,8711620000","2,3216420000",2,2,3,1,1,4,1,1,1,1,, -1,1,0,1,4,1,34,1,2,,0,2,1,5,202100051521B01,7,1,1
202100051556,2021-02-13,2021,février,samedi,15:10,65,65335,"43,1141220000","0,1211340000",1,1,3,1,1,3,2,2,1,2,, -1,1,0,3,4,1,66,5,1,2,0,2,6,1,202100051556B01,7,1,1
202100051594,2021-02-13,2021,février,samedi,15:20,75,75112,"48,8416040000","2,3869480000",2,3,3,1,1,4,2,2,1,1,, -1,1,0,1,4,1,14,5,2,,0,2,1,1,202100051594A01,7,22,1
202100051598,2021-02-13,2021,février,samedi,12:20,75,75103,"48,8684260000","2,3552810000",2,3,3,1,1,4,1,3,1,1,, -1,1,0,1,4,1,39,4,2,,0,2,2,1,202100051598A01,7,1,1
202100051611,2021-02-14,2021,février,dimanche,15:14,54,54089,"48,7592442681","6,2541818620",1,1,2,1,7,3,2,2,1,1,, -1,1,0,1,4,1,33,5,1,2/4/9,0,2,4,1,202100051611B01,3,17,1
202100051706,2021-02-12,2021,février,vendredi,12:56,75,75119,"48,8840520000","2,3688460000",2,2,2,1,1,4,1,0,1,2,, -1,1, -1,5,4,2,39,9,1,2,0,2,1,1,202100051706B01,7,14,1
202100051711,2021-02-11,2021,février,jeudi,21:42,75,75103,"48,8564670000","2,3643080000",2,2,3,5,1,4,1,1,2,1,, -1,1,0,1,4,1,26,4,2,,0,2,1,1,202100051711B01,7,1,1
202100051843,2021-02-11,2021,février,jeudi,12:00,33,33108,"44,8529940000"," -0,0476120000",2,2,3,1,1,4,2,2,1,1,, -1,1,0,1,3,1,19,5,2,,0,2,1,1,202100051843B01,7,1,1
202100051859,2021-02-12,2021,février,vendredi,08:10,66,66108,"42,6912040000","2,6997760000",2,1,3,2,2,3,1,1,1,1,, -1,2,0,1,3,1,13,2,2,,0,2,7,19,202100051859B01,7,1,1
202100051860,2021-02-05,2021,février,vendredi,15:15,83,83127,"43,2909590000","5,8714740000",2,1,1,1,1,4,2,2,1,1,, -1,1,0,1,4,2,50,5,2,,0,2,2,14,202100051860A01,10,15,1
202100051865,2021-02-12,2021,février,vendredi,07:00,07,07323,"44,8977940000","4,8192160000",2,3,3,5,1,3,2,2,2,1,, -1,1,5,1,3,1,48,1,1,2/9,0,2,8,1,202100051865B01,7,15,1
202100051895,2021-02-06,2021,février,samedi,20:30,63,63113,"45,7695300000","3,0866000000",2,1,7,5,1,4,1,1,1,1,, -1,2,0,1,4,1,27,4,2,,0,0,7,1,202100051895A01,,,
202100051896,2021-02-03,2021,février,mercredi,10:50,63,63113,"45,8171111341","3,1112966542",2,1,3,1,1,4,2,2,1,1,, -1,2,0,1,4,1,82,5,2,,0,2,1,13,202100051896A01,7,1,1
202100051919,2021-02-09,2021,février,mardi,14:30,05,05061,"44,5578940000","6,0687140000",2,6,3,1,1,3,2,3,2,1,, -1,1,5,1,4,1,63,5,1,2,0,2,1,9,202100051919B01,7,9,1
202100051924,2021-02-09,2021,février,mardi,20:05,75,75115,"48,8328030000","2,3004950000",2,4,1,4,1,4,2,2,1,1,, -1,1,0,1,3,2,62,1,2,,0,2,1,1,202100051924A01,7,13,1
202100052067,2021-02-10,2021,février,mercredi,14:28,29,29174,"47,9051270000"," -4,2781930000",2,1,7,1,1,3,2,2,1,1,, -1,1,0,4,3,1,12,5,2,,0,0,0,25,202100052067A01,,,
202100052071,2021-02-10,2021,février,mercredi,10:45,06,06023,"43,9474430000","7,5187680000",1,1,2,1,1,3,2,2,1,1,, -1,1,0,1,4,1,67,5,1,2/6/9,0,0,4,2,202100052071B01,7,2,1
202100052089,2021-02-08,2021,février,lundi,06:45,33,33256,"44,9668510000"," -0,6261720000",1,1,2,5,2,3,2,2,1,1,, -1,2,5,1,3,1,19,1,1,4,0,2,4,1,202100052089B01,7,1,1
202100052139,2021-02-08,2021,février,lundi,10:35,75,75119,"48,8853260000","2,3718300000",2,3,3,1,8,4,2,2,1,1,, -1,1, -1,5,1,1,53,1,1,2,0,2,8,19,202100052139B01,1,1,1
202100052139,2021-02-08,2021,février,lundi,10:35,75,75119,"48,8853260000","2,3718300000",2,3,3,1,8,4,2,2,1,1,, -1,1, -1,5,4,1,54,1,1,2,0,2,1,1,202100052139A01,1,19,1
202100052143,2021-02-08,2021,février,lundi,20:05,75,75111,"48,8611060000","2,3811580000",2,2,3,5,1,4,1,1,1,1,, -1,1,0,1,4,2,53,1,2,,0,2,3,1,202100052143B01,30,1,1
202100052144,2021-02-08,2021,février,lundi,12:15,75,75110,"48,8799490000","2,3637450000",2,1,6,1,2,4,2,2,1,1,, -1,2,0,1,4,2,47,5,1,2,0,1,1,1,202100052144A01,,,
202100052164,2021-02-06,2021,février,samedi,11:47,62,62566,"50,6694800000","1,8528940000",2,3,3,1,1,3,2,2,1,1,, -1,1,5,1,3,1,36,5,1,2,0,2,7,1,202100052164A01,7,16,1
202100052179,2021-02-08,2021,février,lundi,15:45,30,30012,"43,8896740000","4,6825040000",2,1,3,1,2,4,2,2,1,1,, -1,2,0,5,3,1,77,5,1,2,0,2,1,26,202100052179B01,13,16,1
202100052232,2021-02-07,2021,février,dimanche,13:35,75,75107,"48,8625720000","2,3104100000",2,2,7,1,2,4,2,2,1,1,, -1,2, -1,5,4,2,27,5,2,,0,0,0,1,202100052232A01,,,
202100052265,2021-02-08,2021,février,lundi,11:30,26,26277,"44,6886100000","4,9445440000",1,3,3,1,8,3,2,2,2,1,, -1,1,0,1,3,1,75,5,2,,0,2,1,15,202100052265B01,10,1,1
202100052322,2021-02-06,2021,février,samedi,16:00,75,75116,"48,8380209788","2,2563705654",2,7,3,1,3,4,3,1,1,3,, -1,2, -1,5,4,1,35,9,2,,0,2,7,1,202100052322B01,7,9,1
202100052345,2021-02-06,2021,février,samedi,16:15,29,29260,"48,4379639720"," -4,6152134668",2,6,3,1,1,4,1,2,2,1,, -1,1,5,1,4,1,81,5,1,2,0,2,7,1,202100052345B01,7,9,1
202100052424,2021-02-04,2021,février,jeudi,18:00,54,54025,"48,6598500000","6,2506100000",1,1,2,4,1,7,2,2,1,1,, -1,1,0,1,4,2,52,0,1,2,0,2,4,1,202100052424B01,7,1,1
202100052462,2021-02-05,2021,février,vendredi,09:40,75,75107,"48,8577130000","2,3279900000",2,2,3,1,1,4,2,2,1,1,, -1,1,0,1,4,2,46,5,1,2,0,2,7,15,202100052462B01,31,1,1
202100052463,2021-02-05,2021,février,vendredi,12:20,75,75102,"48,8676810000","2,3379270000",2,3,3,1,1,4,1,1,1,1,, -1,1,0,1,4,1,21,4,2,,0,2,7,10,202100052463B01,30,0,1
202100052494,2021-02-05,2021,février,vendredi,15:40,42,42208,"45,5340429132","4,4399573877",1,1,2,1,1,7,2,2,1,1,, -1,1,0,1,4,1,17,5,1,2,0,0,4,2,202100052494B01,7,17,1
202100052539,2021-02-03,2021,février,mercredi,08:19,54,54395,"48,7023200000","6,1854700000",2,1,2,2,2,4,2,2,1,1,, -1,2,9,1,4,1,47,0,1,2,0,2,1,26,202100052539A01,7,1,1
202100052569,2021-02-04,2021,février,jeudi,16:20,75,75112,"48,8345720000","2,4402550000",2,1,6,1,1,4,1,2,1,1,, -1,1, -1,5,1,1,21,5,1,2/6,0,1,1,1,202100052569A01,,,
202100052570,2021-02-04,2021,février,jeudi,12:12,75,75111,"48,8680420000","2,3685610000",2,1,1,1,1,4,1,1,1,1,, -1,1,0,1,4,1,57,4,1,2,0,2,1,13,202100052570B01,2,1,1
202100052571,2021-02-04,2021,février,jeudi,13:40,75,75110,"48,8797980000","2,3655270000",2,3,6,1,8,4,1,1,1,1,, -1,1,0,1,1,1,40,5,1,2,0,1,7,1,202100052571A01,,,
202100052574,2021-02-04,2021,février,jeudi,08:30,75,75106,"48,8489170000","2,3214990000",2,1,2,1,1,4,2,3,1,1,, -1,1,0,1,4,2,53,1,2,,0,2,6,15,202100052574B01,33,1,1
202100052576,2021-02-04,2021,février,jeudi,21:00,75,75102,"48,8712380000","2,3445430000",2,1,6,5,1,4,2,5,1,1,, -1,1, -1,5,1,1,23,4,2,,0,1,2,1,202100052576A01,,,
202100052579,2021-02-02,2021,février,mardi,14:40,75,75104,"48,8534240000","2,3671570000",2,2,3,1,1,4,2,2,1,1,, -1,1,0,1,4,1,51,1,2,,0,2,1,1,202100052579B01,7,16,1
202100052605,2021-02-05,2021,février,vendredi,15:15,83,83152,"43,1659050000","6,4728780000",1,1,3,1,1,3, -1,2,2,4,, -1,1,0,1,3,1,60,5,1,2,0,2,1,1,202100052605A01,10,1,1
202100052608,2021-02-05,2021,février,vendredi,12:15,56,56094,"47,7643700000"," -3,3003210000",1,1,3,1,1,3,2,2,1,1,, -1,1,0,5,3,1,79,5,1,2,0,2,8,2,202100052608B01,3,2,1
202100052618,2021-02-01,2021,février,lundi,16:25,21,21663,"47,5429170000","4,4602940000",2,7,3,1,1,3,2,2,1,1,, -1,1,0,1,4,1,34,4,2,,0,2,1,1,202100052618B01,7,15,1
202100052619,2021-02-05,2021,février,vendredi,13:40,04,04049,"44,0869530000","6,0101440000",1,1,2,1,1,2,2,2,1,1,, -1,1,0,1,3,1,39,5,2,,0,0,4,1,202100052619B01,7,1,1
202100052622,2021-02-04,2021,février,jeudi,16:00,06,06085,"43,5961180000","7,0017340000",2,1,1,1,1,3,2,2,1,1,, -1,1,0,1,3,1,56,5,1,2,0,2,8,9,202100052622A01,7,1,1
202100052634,2021-02-03,2021,février,mercredi,10:35,76,76055,"49,6361600000","0,7354900000",1,2,3,1,1,3,2,2,1,1,, -1,1,0,1,3,1,47,5,1,2,0,2,1,1,202100052634A01,10,1,1
202100052681,2021-02-02,2021,février,mardi,13:22,27,27229,"49,0292429000","1,1428976000",2,3,6,1,2,4,2,2,2,2,, -1,2,0,1,3,1,68,0,1,2/6,6,0,1,17,202100052681A01,,,
202100052692,2021-02-02,2021,février,mardi,16:20,75,75113,"48,8375740000","2,3736480000",2,2,3,1,1,4,1,2,4,1,, -1,2, -1,5,4,1,27,9,2,,0,2,7,1,202100052692B01,7,1,1
202100052718,2021-01-29,2021,janvier,vendredi,16:30,42,42315,"45,6002250000","4,2263760000",1,1,1,1,1,3,2,2,1,1,, -1,1,0,1,4,1,74,5,1,2,0,2,1,1,202100052718B01,7,17,1
202100052718,2021-01-29,2021,janvier,vendredi,16:30,42,42315,"45,6002250000","4,2263760000",1,1,1,1,1,3,2,2,1,1,, -1,1,0,1,4,1,72,5,1,2,0,2,1,1,202100052718C01,7,17,1
202100052799,2021-02-02,2021,février,mardi,15:55,06,06123,"43,6565990000","7,1797800000",2,9,3,1,1,4,1,1,1,1,, -1,1,0,1,4,1,72,0,1,2,0,2,3,19,202100052799A01,7,1,1
202100052805,2021-02-02,2021,février,mardi,16:10,75,75110,"48,8824340000","2,3691670000",2,4,3,1,1,4,2,2,1,1,, -1,1,0,1,4,1,64,9,2,,0,2,3,15,202100052805B01,33,2,1
202100052806,2021-02-02,2021,février,mardi,07:45,75,75104,"48,8537020000","2,3656510000",2,3,3,5,2,4,3,4,1,1,, -1,2,0,1,4,1,33,1,2,,0,2,8,15,202100052806B01,1,17,1
202100052806,2021-02-02,2021,février,mardi,07:45,75,75104,"48,8537020000","2,3656510000",2,3,3,5,2,4,3,4,1,1,, -1,2,0,1,1,1,27,1,1,2,0,2,7,17,202100052806A01,1,15,1
202100052842,2021-01-10,2021,janvier,dimanche,10:00,67,67473,"48,5777290000","7,4832880000",1,3,3,1,7,4,2,2,1,3,, -1,1,0,1,3,1,59,5,1,2,0,2,8,1,202100052842B01,7,15,1
202100052915,2021-02-01,2021,février,lundi,12:10,75,75111,"48,8606600000","2,3783450000",2,3,3,1,1,4,2,2,1,1,, -1,1,0,1,4,2,21,3,2,,0,2,1,1,202100052915B01,7,22,1
202100052928,2021-02-02,2021,février,mardi,14:35,49,49063,"47,3491790000"," -0,7475530000",2,1,1,1,1,4,2,2,1,1,, -1,1,0,1,3,1,16,5,2,,0,2,1,15,202100052928A01,7,1,1
202100052949,2021-02-01,2021,février,lundi,18:15,987,98753," -23,3717310000"," -149,4813160000",2,1,2,1,1,4,2,2,1,1,, -1,1,0,1,4,1,29,3,2,,0,2,6,1,202100052949B01,7,1,1
202100052952,2021-01-31,2021,janvier,dimanche,11:00,34,34027,"43,7325770000","4,0089370000",1,1,6,1,1,7,2,2,1,1,, -1,1,0,3,1,1,73,5,1,2,0,0,4,2,202100052952B01,1,2,1
202100052952,2021-01-31,2021,janvier,dimanche,11:00,34,34027,"43,7325770000","4,0089370000",1,1,6,1,1,7,2,2,1,1,, -1,1,0,3,3,1,63,5,1,2,0,9,1,2,202100052952A01,1,2,1
202100052990,2021-01-31,2021,janvier,dimanche,17:30,75,75107,"48,8469440000","2,3168710000",2,2,7,2,2,4,2,2,1,1,, -1,2,0,1,4,2,48,9,2,,0,2,4,1,202100052990A01,,,
202100053041,2021-01-29,2021,janvier,vendredi,21:30,988,98818," -22,2704400000","166,4639200000",2,3,2,5,1,4,2,2,2,1,, -1,1,5,1,3,1,54,5,2,,0,2,4,1,202100053041B01,7,1,1
202100053064,2021-01-29,2021,janvier,vendredi,14:16,26,26198,"44,5422500000","4,7535900000",2,1,3,1,1,4,2,2,1,3,, -1,1,0,5,4,1,71,9,2,,0,2,1,2,202100053064B01,14,1,1
202100053082,2021-01-29,2021,janvier,vendredi,12:00,75,75115,"48,8382360000","2,3083550000",2,2,6,1,1,4,2,2,1,1,, -1,1, -1,5,1,1,32,9,1,2,0,1,0,1,202100053082A01,,,
202100053124,2021-01-30,2021,janvier,samedi,10:30,987,98758," -16,7274390000"," -151,4755600000",2,1,3,1,1,3,2,2,1,1,, -1,1,0,1,4,1,63,5,2,,0,2,8,1,202100053124B01,32,17,1
202100053127,2021-01-31,2021,janvier,dimanche,16:00,11,11178,"43,3489468205","1,8451023104",2,3,6,1,1,3,2,2,1,1,, -1,1,0,1,3,1,26,5,1,2,0,2,7,19,202100053127B01,7,19,1
202100053175,2021-01-27,2021,janvier,mercredi,07:50,80,80021,"49,8968500000","2,2827900000",2,2,1,5,2,4, -1,2,1,1,, -1,2,0,1,4,1,49,0,2,,0,2,1,1,202100053175B01,7,15,1
202100053218,2021-01-28,2021,janvier,jeudi,16:30,28,28085,"48,4474600000","1,4767900000",2,6,3,1,2,4, -1,2,2,1,, -1,2,0,1,2,1,66,5,2,,0,2,0,1,202100053218B01,15,16,1
202100053239,2021-01-29,2021,janvier,vendredi,17:00,75,75119,"48,8819910000","2,4025260000",2,2,3,1,2,4,2,2,2,1,, -1,2,0,1,4,1,34,9,1,2,0,2,1,1,202100053239A01,7,1,1
202100053243,2021-01-29,2021,janvier,vendredi,09:10,75,75117,"48,8765350000","2,2888010000",2,1,3,1,1,4,1,1,2,1,, -1,1,0,1,4,1,48,2,1,2,1,2,7,18,202100053243A01,7,22,1
202100053244,2021-01-29,2021,janvier,vendredi,08:13,75,75117,"48,8751270000","2,2960210000",2,2,3,1,1,4,2,6,2,1,, -1,1, -1,5,4,2,36,1,1,2,0,2,8,1,202100053244B01,32,1,1
202100053251,2021-01-29,2021,janvier,vendredi,14:35,75,75107,"48,8625825338","2,3190491784",2,2,3,1,2,4,2,6,1,1,, -1,2, -1,5,4,1,40,9,1,2/6,0,2,1,1,202100053251B01,10,16,1
202100053277,2021-01-27,2021,janvier,mercredi,16:10,33,33327,"44,6568940000"," -0,3663900000",2,6,3,1,3,3,2,2,1,2,, -1,2,0,1,4,1,22,5,2,,0,2,2,1,202100053277B01,7,9,1
202100053294,2021-01-30,2021,janvier,samedi,19:00,91,91338,"48,6343410000","2,0639280000",1,1,3,3,2,3,2,2,1,1,, -1,2,0,1,4,1,17,5,2,,0,0,4,2,202100053294B01,10,2,1