Num_Acc,date,an,mois,jour,hrmn,dep,com,lat,long,agg,int,col,lum,atm,catr,circ,nbv,prof,plan,lartpc,larrout,surf,infra,situ,grav,sexe,age,trajet,secuexist,equipement,obs,obsm,choc,manv,vehiculeid,typevehicules,manoeuvehicules,numVehicules
202100053297,2021-01-28,2021,janvier,jeudi,12:45,33,33268,"45,0189120000"," -0,6801760000",1,4,1,1,1,3,2,2,1,2,, -1,1,0,1,4,1,69,5,1,2/4/6,0,2,1,0,202100053297A01,7,15,1
202100053351,2021-01-27,2021,janvier,mercredi,21:00,75,75115,"48,8499660000","2,2884250000",2,5,3,5,2,4,1,1,1,1,, -1,2,0,1,4,1,19,4,2,,0,2,1,5,202100053351A01,7,1,1
202100053354,2021-01-28,2021,janvier,jeudi,10:40,75,75112,"48,8444210000","2,4411050000",2,1,3,1,8,4,2,4,1,1,, -1,2, -1,5,4,1,67,5,1,2,0,2,8,1,202100053354B01,7,15,1
202100053466,2021-01-27,2021,janvier,mercredi,14:44,26,26281,"45,0538090000","5,0461350000",2,1,3,1,1,4,2,1,1,1,, -1,1,0,1,3,2,62,0,2,,0,2,8,1,202100053466B01,10,16,1
202100053521,2021-01-28,2021,janvier,jeudi,15:20,47,47217,"44,2083110000","0,7999960000",1,1,6,1,1,3,2,2,2,1,, -1,1,0,1,3,2,73,5,1,2,0,2,0,1,202100053521B01,1,1,1
202100053521,2021-01-28,2021,janvier,jeudi,15:20,47,47217,"44,2083110000","0,7999960000",1,1,6,1,1,3,2,2,2,1,, -1,1,0,1,3,1,69,5,1,2,0,2,0,1,202100053521A01,1,1,1
202100053533,2021-01-22,2021,janvier,vendredi,13:45,974,97422," -21,2219660000","55,5527010000",2,1,7,1,3,2,2,2,2,4,, -1,2,0,1,3,1,33,5,1,2,0,2,0,0,202100053533A01,10,0,1
202100053541,2021-01-28,2021,janvier,jeudi,08:05,59,59258,"50,5401970000","3,2204750000",1,1,1,2,3,3,2,2,1,4,, -1,2,0,1,4,1,23,1,1,9,0,2,1,16,202100053541B01,7,15,1
202100053628,2021-01-26,2021,janvier,mardi,08:10,75,75111,"48,8621320000","2,3728560000",2,2,3,2,1,4,2,2,1,1,, -1,1, -1,5,4,1,17,2,2,,0,2,8,1,202100053628B01,7,16,1
202100053629,2021-01-26,2021,janvier,mardi,16:45,75,75101,"48,8577280000","2,3477920000",2,2,7,1,1,4,1,2,1,1,, -1,1, -1,5,4,1,64,9,1,2,0,2,0,21,202100053629A01,,,
202100053630,2021-01-26,2021,janvier,mardi,15:45,75,75104,"48,8552290000","2,3611070000",2,3,6,1,8,4,1,3,1,1,, -1,1, -1,5,4,2,63,1,2,,12,0,8,12,202100053630A01,,,
202100053631,2021-01-26,2021,janvier,mardi,16:00,75,75101,"48,8606180000","2,3493880000",2,2,6,1,1,4,1,4,1,1,, -1,1, -1,5,4,1,58,9,2,,0,1,1,1,202100053631A01,,,
202100053750,2021-01-25,2021,janvier,lundi,09:50,75,75107,"48,8628600000","2,3134500000",2,2,3,1,1,4,2,4,1,1,, -1,1, -1,5,4,1,51,1,1,2,0,2,4,1,202100053750B01,7,16,1
202100053751,2021-01-25,2021,janvier,lundi,05:50,75,75107,"48,8503840000","2,3068380000",2,7,3,4,1,4,1,1,1,1,, -1,2,0,1,4,1,34,1,1,2,0,2,7,1,202100053751A01,10,1,1
202100053774,2021-01-26,2021,janvier,mardi,12:45,974,97404," -21,2653050000","55,3534980000",2,1,3,1,1,9,2,2,2,1,, -1,1,0,1,3,1,38,5,1,2,0,2,1,1,202100053774B01,7,15,1
202100053803,2021-01-26,2021,janvier,mardi,16:55,60,60172,"49,1425240000","2,4737580000",2,2,2,2,8,3,2,2,1,1,, -1,1,0,1,4,1,18,5,1,2,0,2,2,1,202100053803A01,7,15,1
202100053856,2021-01-24,2021,janvier,dimanche,09:00,75,75112,"48,8358390000","2,4531670000",2,2,7,1,1,4,2,2,1,1,, -1,7,0,1,4,1,55,5,2,,0,0,0,16,202100053856A01,,,
202100053876,2021-01-25,2021,janvier,lundi,15:20,80,80264,"49,9594480000","2,7902860000",1,1,7,1,1,4,2,2,1,1,, -1,6,0,3,2,1,64,5,1,2,16,0,0,0,202100053876A01,,,
202100053882,2021-01-19,2021,janvier,mardi,16:30,01,01266,"46,3360470000","5,1267580000",2,6,2,1,1,3,1,1,1,3,, -1,1,0,1,3,1,80,5,2,,0,0,4,1,202100053882B01,7,15,1
202100053883,2021-01-25,2021,janvier,lundi,11:55,06,06038,"43,6785490000","6,9738290000",2,1,2,1,1,3,2,2,1,2,, -1,1,0,1,3,2,46,5,1,2,0,2,1,1,202100053883B01,7,17,1
202100053906,2021-01-23,2021,janvier,samedi,15:20,42,42214,"45,6741970000","4,2736010000",1,3,1,1,8,4,2,2,1,1,, -1,1,0,1,4,1,79,5,2,,0,2,1,1,202100053906A01,7,15,1
202100053960,2021-01-22,2021,janvier,vendredi,18:45,75,75116,"48,8371651035","2,2567087412",2,1,3,5,1,4,2,1,1,1,, -1,1,0,1,4,1,49,5,1,2,0,2,1,17,202100053960A01,7,10,1
202100053988,2021-01-24,2021,janvier,dimanche,17:35,46,46200,"44,6298140000","1,2193320000",1,3,1,2,2,3,2,2,1,1,, -1,2,0,1,3,1,46,5,2,,0,2,1,15,202100053988A01,7,1,1
202100053990,2021-01-24,2021,janvier,dimanche,10:45,29,29129,"48,3601130000"," -3,6984870000",1,1,2,1,2,3,2,2,1,1,, -1,2,0,1,2,1,54,5,1,4/2/6,0,2,4,2,202100053990B01,7,2,1
202100054062,2021-01-22,2021,janvier,vendredi,07:20,54,54547,"48,6651600000","6,1649500000",2,3,1,2,1,4,2, -1,3,1,, -1,2,0,1,4,1,34,0,1,2,0,2,1,1,202100054062B01,7,15,1
202100054097,2021-01-22,2021,janvier,vendredi,13:05,75,75106,"48,8475170000","2,3316080000",2,1,2,1,1,4,1,2,1,1,, -1,1,0,1,4,2,65,1,1,2,0,2,0,1,202100054097B01,7,22,1
202100054153,2021-01-23,2021,janvier,samedi,14:05,85,85280,"46,8721400000"," -1,9417940000",1,1,3,1,1,3,2,2,1,1,, -1,1,0,1,2,1,73,5,1,2,0,2,1,1,202100054153B01,10,1,1
202100054179,2021-01-15,2021,janvier,vendredi,18:26,974,97407," -20,9365200000","55,3038800000",2,1,2,2,1,4,1,1,1,1,, -1,1,0,4,1,1,19,5,2,,0,1,4,25,202100054179A01,,,
202100054245,2021-01-21,2021,janvier,jeudi,11:20,75,75111,"48,8587090000","2,3843380000",2,3,3,1,1,4,1,1,1,1,, -1,1,8,1,4,2,37,9,2,,0,2,1,17,202100054245A01,7,15,1
202100054254,2021-01-20,2021,janvier,mercredi,18:10,94,94042,"48,8244900000","2,4732900000",2,1,1,5,1,4,2,2,1,1,, -1,1,0,6,4,2,38,0,2,,0,2,4,26,202100054254B01,7,1,1
202100054254,2021-01-20,2021,janvier,mercredi,18:10,94,94042,"48,8244900000","2,4732900000",2,1,1,5,1,4,2,2,1,1,, -1,1,0,6,4,1,9,0,2,,0,2,4,26,202100054254B01,7,1,1
202100054264,2021-01-22,2021,janvier,vendredi,09:10,35,35245,"48,2080020000"," -1,8856890000",1,1,2,1,7,7,2,2,2,2,, -1,2,0,1,2,2,70,5,1,2,0,2,4,2,202100054264B01,10,2,1
202100054277,2021-01-21,2021,janvier,jeudi,18:20,72,72328,"48,0227720000","0,2309650000",1,6,3,5,2,4,2,2,1,1,, -1,2,5,1,4,2,20,1,1,4,0,2,2,1,202100054277B01,7,16,1
202100054297,2021-01-22,2021,janvier,vendredi,16:25,59,59258,"50,5269190000","3,2396790000",1,1,2,1,1,3,2,2,1,3,, -1,1,0,1,4,1,55,5,1,2,0,0,4,2,202100054297B01,7,2,1
202100054320,2021-01-14,2021,janvier,jeudi,07:13,63,63063,"45,8312700000","3,0866600000",2,6,3,5,1,7, -1,2,1,1,, -1,1,0,1,4,1,20,1,2,,0,2,0,1,202100054320B01,7,26,1
202100054338,2021-01-19,2021,janvier,mardi,15:40,31,31555,"43,6428400000","1,4675600000",2,1,6,1,1,7,3,4,1,1,, -1,1,0,1,2,1,64,5,2,,0,2,1,19,202100054338B01,10,1,1
202100054361,2021-01-20,2021,janvier,mercredi,08:15,75,75104,"48,8524720000","2,3602090000",2,1,6,2,1,4,2,4,1,1,, -1,1, -1,5,4,1,13,2,1,2,8,0,1,1,202100054361A01,,,
202100054396,2021-01-20,2021,janvier,mercredi,16:17,971,97114,"16,1480710000"," -61,5835730000",1,1,3,1,1,2,2,3,1,1,, -1,1,0,1,2,1,65,5,1,2,0,2,0,13,202100054396A01,7,17,1
202100054398,2021-01-08,2021,janvier,vendredi,13:10,67,67028,"48,3720810000","7,5927870000",2,6,3,1,1,3,2,2,1,2,, -1,1,0,1,4,1,36,1,1,6,0,2,1,1,202100054398B01,7,16,1
202100054431,2021-01-18,2021,janvier,lundi,14:20,55,55029,"48,7763600000","5,1567800000",2,6,6,1,1,4,1,1,1,3,, -1,1,0,1,1,1,28,5,2,,0,1,1,16,202100054431B01,,,
202100054454,2021-01-18,2021,janvier,lundi,08:10,27,27229,"49,0143000000","1,1608800000",2,1,2,2,1,4,2,2,1,1,, -1,1,0,1,4,1,46,0,2,,0,2,4,15,202100054454B01,10,1,1
202100054470,2021-01-19,2021,janvier,mardi,21:40,75,75112,"48,8333540000","2,4022690000",2,2,3,4,1,4,2,2,1,1,, -1,1, -1,5,3,1,39,5,2,,0,2,2,1,202100054470B01,7,16,1
202100054500,2021-01-20,2021,janvier,mercredi,17:35,88,88181,"48,1831780000","7,0032260000",2,3,3,5,8,3,2,2,1,1,, -1,2,9,1,3,1,71,3,2,,0,2,7,19,202100054500A01,7,1,1
202100054565,2021-01-14,2021,janvier,jeudi,19:35,80,80021,"49,8913100000","2,2965900000",2,1,1,5,2,4,1,1,3,1,, -1,2,0,1,4,1,28,0,1,2,0,2,1,5,202100054565B01,7,1,1
202100054602,2021-01-18,2021,janvier,lundi,17:30,75,75120,"48,8663660000","2,3836670000",2,1,6,2,1,4,1,1,1,1,, -1,1, -1,5,4,1,19,2,2,,0,1,1,1,202100054602A01,,,
202100054606,2021-01-17,2021,janvier,dimanche,20:15,75,75111,"48,8646170000","2,3780380000",2,2,3,5,8,4,2,2,1,1,, -1,2,0,1,4,1,32,9,2,,0,2,2,19,202100054606A01,34,1,1
202100054651,2021-01-18,2021,janvier,lundi,17:20,44,44047,"47,2285890000"," -1,7107880000",1,3,3,2,1,7,2,2,1,1,, -1,1,0,1,4,2,59,5,2,,0,2,8,15,202100054651B01,7,17,1
202100054707,2021-01-17,2021,janvier,dimanche,17:10,35,35359,"47,9389770000"," -1,2886670000",1,1,2,1,1,4,2,2,1,1,, -1,1,0,1,3,1,82,5,2,,0,2,4,2,202100054707B01,7,2,1
202100054716,2021-01-15,2021,janvier,vendredi,06:50,61,61272,"48,7473990000","0,2967970000",1,1,7,3,2,4,2,2,2,1,, -1,2,0,1,3,1,59,1,2,,0,0,0,1,202100054716A01,,,
202100054773,2021-01-16,2021,janvier,samedi,18:00,26,26198,"44,5551800000","4,7593300000",2,6,3,3,1,3,2,2,1,4,, -1,1,0,1,4,1,52,9,2,,0,2,1,1,202100054773B01,7,9,1
202100054782,2021-01-16,2021,janvier,samedi,12:10,75,75116,"48,8555580000","2,2750510000",2,4,6,1,4,4,1,1,2,1,, -1,5,0,1,1,1,22,1,1,6,0,1,1,1,202100054782A01,,,
202100054784,2021-01-16,2021,janvier,samedi,17:50,75,75115,"48,8452930000","2,2760370000",2,1,6,5,2,4,1,2,1,1,, -1,2, -1,5,4,1,18,5,2,,12,0,1,1,202100054784A01,,,
202100054787,2021-01-16,2021,janvier,samedi,14:50,75,75111,"48,8542990000","2,3778770000",2,1,3,1,4,4,2,2,1,1,, -1,5,0,1,4,1,29,4,1,2,0,2,3,1,202100054787B01,7,22,1
202100054806,2021-01-15,2021,janvier,vendredi,15:00,51,51662,"49,2947566128","4,1249895544",2,3,3,1,1,4,2,2,2,1,, -1,1,0,1,4,1,24,5,1,2/9,0,2,1,1,202100054806B01,7,15,1
202100054918,2021-01-14,2021,janvier,jeudi,17:00,75,75105,"48,8468450000","2,3609710000",2,3,3,5,2,4,2,4,1,1,, -1,2, -1,5,4,1,58,5,2,,0,2,8,13,202100054918B01,1,17,1
202100054918,2021-01-14,2021,janvier,jeudi,17:00,75,75105,"48,8468450000","2,3609710000",2,3,3,5,2,4,2,4,1,1,, -1,2, -1,5,1,1,57,9,2,,0,2,7,17,202100054918A01,1,13,1
202100054919,2021-01-14,2021,janvier,jeudi,13:40,75,75105,"48,8474056904","2,3528152528",2,2,3,1,8,4,2,5,1,1,, -1,2,0,1,4,2,63,9,1,2,0,2,1,1,202100054919B01,7,22,1
202100054924,2021-01-15,2021,janvier,vendredi,21:01,75,75110,"48,8712360000","2,3701450000",2,2,3,5,1,4,2,3,2,1,, -1,1,0,1,4,1,30,4,1,2,0,2,3,18,202100054924B01,7,16,1
202100054925,2021-01-14,2021,janvier,jeudi,19:16,75,75108,"48,8752520000","2,3242730000",2,7,6,5,2,4,2,4,1,1,, -1,2,0,1,1,1,38,1,1,2,0,1,1,1,202100054925A01,,,
202100054926,2021-01-15,2021,janvier,vendredi,14:25,75,75101,"48,8624040000","2,3415950000",2,3,3,1,1,4,2,4,1,1,, -1,1,0,1,4,2,50,1,1,2,0,2,3,15,202100054926A01,31,1,1
202100054927,2021-01-15,2021,janvier,vendredi,17:13,75,75104,"48,8522220000","2,3660280000",2,4,7,1,1,4,2,4,1,1,, -1,1, -1,6,4,1,36,5,1,2,0,0,1,7,202100054927A01,,,
202100054928,2021-01-15,2021,janvier,vendredi,12:50,75,75102,"48,8706687871","2,3479188617",2,3,3,1,1,4,2,4,1,1,, -1,1, -1,5,4,2,26,9,1,2,0,2,1,17,202100054928B01,10,22,1
202100054930,2021-01-15,2021,janvier,vendredi,13:10,94,94046,"48,8065430000","2,4433120000",2,3,6,1,1,3,2,2,1,1,, -1,1,0,1,1,1,62,0,1,2,0,1,8,1,202100054930A01,,,
202100055063,2021-01-13,2021,janvier,mercredi,09:10,06,06030,"43,5672000000","6,9701900000",2,1,2,1,1,3,2,2,1,1,, -1,2,0,1,3,1,68,5,1,2,0,2,1,2,202100055063B01,13,1,1
202100055066,2021-01-13,2021,janvier,mercredi,22:45,75,75120,"48,8664900000","2,4126720000",2,4,5,5,2,4,1,2,1,1,, -1,2,0,1,4,2,61,1,1,2,0,2,8,19,202100055066B01,60/ 7,19/1,2
202100055070,2021-01-14,2021,janvier,jeudi,09:40,75,75114,"48,8249070000","2,3306670000",2,1,3,1,1,4,2,2,2,1,, -1,1,0,1,4,1,55,4,2,,0,2,1,1,202100055070B01,10,22,1
202100055097,2021-01-14,2021,janvier,jeudi,14:55,972,97221,"14,5071920000"," -60,9814170000",1,1,2,1,1,2,2,4,1,1,, -1,1,0,1,3,1,70,5,1,2,0,2,4,2,202100055097B01,10,2,1
202100055108,2021-01-13,2021,janvier,mercredi,16:40,22,22220,"48,2092420000"," -3,2644040000",1,1,7,1,2,3,2,2,1,1,, -1,2,0,8,2,1,73,5,1,2/6,0,0,0,0,202100055108A01,,,
202100055110,2021-01-13,2021,janvier,mercredi,15:25,44,44158,"47,2700500000"," -1,7625010000",2,6,2,1,1,4,2,1,1,1,, -1,1,0,1,3,1,66,5,1,2/6,0,2,5,1,202100055110B01,7,1,1
202100055203,2021-01-13,2021,janvier,mercredi,21:04,75,75105,"48,8468450000","2,3609770000",2,3,3,5,2,4,2,3,1,1,, -1,2,0,1,4,1,50,9,2,,0,2,1,11,202100055203A01,7,1,1
202100055206,2021-01-13,2021,janvier,mercredi,20:10,75,75120,"48,8489370000","2,4054690000",2,2,3,5,1,4,1,2,1,1,, -1,2, -1,5,4,2,32,9,2,,0,2,1,1,202100055206B01,30,5,1
202100055212,2021-01-13,2021,janvier,mercredi,09:30,75,75112,"48,8442870000","2,3815660000",2,2,3,1,2,4,2,2,1,1,, -1,2, -1,5,4,2,39,1,2,,0,2,8,1,202100055212B01,7,15,1
202100055215,2021-01-13,2021,janvier,mercredi,09:00,75,75108,"48,8771100000","2,3269130000",2,3,3,1,2,4,2,2,2,1,, -1,2,0,1,4,1,18,5,2,,0,2,0,1,202100055215B01,7,15,1
202100055239,2021-01-14,2021,janvier,jeudi,08:25,56,56120,"47,7602500000"," -2,7676000000",2,1,3,2,2,3,2,2,1,1,, -1,2,0,1,4,1,11,2,1,2,0,2,1,19,202100055239A01,7,1,1
202100055240,2021-01-13,2021,janvier,mercredi,14:15,11,11102,"43,1328850000","2,3078210000",1,1,1,1,1,3,2,2,1,2,, -1,1,0,1,4,1,51,5,1,2,0,0,1,1,202100055240B01,7,1,1
202100055333,2021-01-11,2021,janvier,lundi,14:00,27,27229,"49,0213200000","1,1364500000",2,1,2,1,8,3,2,2,1,1,, -1,1,0,1,4,1,32,5,1,2/6,0,0,0,0,202100055333B01,7,4,1
202100055363,2021-01-11,2021,janvier,lundi,19:45,75,75104,"48,8592600000","2,3508320000",2,1,7,5,1,4,2,0,1,1,, -1,1,6,1,4,1,25,4,2,,0,0,0,1,202100055363A01,,,
202100055529,2021-01-10,2021,janvier,dimanche,19:50,75,75111,"48,8545127779","2,3780304193",2,4,6,5,1,4,2,2,1,1,, -1,1,0,1,4,1,22,4,2,,0,1,1,1,202100055529A01,,,
202100055530,2021-01-11,2021,janvier,lundi,10:20,75,75110,"48,8793280000","2,3570940000",2,2,3,1,8,4,2,4,2,1,, -1,1, -1,5,4,2,36,5,2,,0,2,3,1,202100055530B01,7,16,1
202100055532,2021-01-11,2021,janvier,lundi,12:00,75,75108,"48,8643610000","2,3203380000",2,7,7,1,1,4,1,4,1,1,, -1,1, -1,5,4,1,83,3,1,2,14,0,0,1,202100055532A01,,,
202100055533,2021-01-11,2021,janvier,lundi,11:25,75,75117,"48,8820390000","2,3010560000",2,4,3,1,8,4,2,2,1,1,, -1,1,0,1,4,1,36,4,2,,0,2,8,1,202100055533B01,14,2,1
202100055534,2021-01-11,2021,janvier,lundi,08:20,75,75108,"48,8747930000","2,2999320000",2,1,6,2,1,4,1,1,1,1,, -1,1,0,1,4,1,48,1,2,,9,0,1,19,202100055534A01,,,
202100055535,2021-01-11,2021,janvier,lundi,17:42,75,75107,"48,8628320000","2,3134550000",2,2,7,2,1,4,2,2,1,1,, -1,1, -1,5,4,1,52,1,1,2,0,0,0,21,202100055535B01,,,
202100055536,2021-01-10,2021,janvier,dimanche,15:15,75,75101,"48,8595394521","2,3487913769",2,2,6,1,1,4,1,5,1,1,, -1,1,0,1,1,1,48,9,2,,0,1,1,1,202100055536A01,,,
202100055594,2021-01-11,2021,janvier,lundi,06:00,53,53097,"48,1495810000"," -0,4087900000",2,1,2,5,2,4,2,2,1,1,, -1,2,0,1,3,1,17,1,1,2/4/9,0,0,4,0,202100055594A01,7,0,1
202100055637,2021-01-08,2021,janvier,vendredi,15:35,77,77470,"48,7468340000","2,7882370000",2,1,1,1,8,4,2,2,1,1,, -1,1,0,1,3,1,71,5,1,2,0,2,1,5,202100055637A01,7,1,1
202100055669,2021-01-08,2021,janvier,vendredi,16:50,26,26198,"44,5326000000","4,7392000000",2,1,3,1,1,2,2,3,1,1,, -1,1,0,1,4,1,17,9,1,2,0,2,1,5,202100055669B01,7,9,1
202100055683,2021-01-09,2021,janvier,samedi,11:20,75,75110,"48,8838690000","2,3685920000",2,2,2,1,1,4,1,3,1,1,, -1,1,0,1,4,1,29,5,1,2/6,0,2,1,1,202100055683A01,7,14,1
202100055684,2021-01-08,2021,janvier,vendredi,17:45,75,75108,"48,8750220000","2,3212860000",2,1,3,5,1,4,1,3,1,1,, -1,1, -1,6,4,1,36,1,1,2,0,2,4,13,202100055684B01,33,17,1
202100055685,2021-01-09,2021,janvier,samedi,14:25,75,75103,"48,8668010000","2,3620030000",2,4,3,1,1,4,2,6,1,2,, -1,1, -1,5,4,2,55,1,1,2,0,2,1,1,202100055685B01,7,15,1
202100055697,2021-01-09,2021,janvier,samedi,19:20,92,92073,"48,8827467088","2,2236063555",2,2,3,5,1,3,2,0,1,1,, -1,1,0,1,4,1,16,0,2,,0,2,8,19,202100055697B01,7,19,1
202100055703,2021-01-10,2021,janvier,dimanche,15:00,33,33205,"44,6121260000"," -0,3722070000",1,3,3,1,1,3,2,2,1,1,, -1,1,0,1,3,1,51,5,1,2,0,2,7,1,202100055703B01,7,15,1
202100055708,2021-01-09,2021,janvier,samedi,15:00,29,29174,"47,8778176242"," -4,2468126814",1,1,3,1,1,3,2,2,1,1,, -1,1,0,1,3,1,62,5,2,,0,2,8,15,202100055708B01,10,17,1
202100055723,2021-01-08,2021,janvier,vendredi,13:53,67,67120,"48,3756850000","7,4384800000",1,2,1,1,7,3,2,2,2,3,, -1,1,5,1,3,1,67,0,2,,0,2,1,1,202100055723B01,7,15,1
202100055731,2021-01-09,2021,janvier,samedi,16:40,22,22174,"48,6142540000"," -2,3368690000",1,3,3,1,1,3,2,2,3,3,, -1,1,5,1,4,1,16,5,2,,0,2,8,9,202100055731B01,7,1,1
202100055762,2021-01-07,2021,janvier,jeudi,17:59,80,80021,"49,9100700000","2,3004900000",2,3,3,5,2,4,2,2,1,1,, -1,2,0,1,4,1,29,0,1,2,0,2,7,1,202100055762A01,7,15,1
202100055767,2021-01-08,2021,janvier,vendredi,19:10,69,69256,"45,7637700000","4,9333700000",2,2,3,5,1,4,2,4,1,1,, -1,1,0,1,2,1,35,1,1,2,0,2,7,19,202100055767B01,7,1,1
202100055830,2021-01-07,2021,janvier,jeudi,20:15,75,75108,"48,8640890000","2,3201100000",2,7,7,5,2,4,3,2,1,1,, -1,2, -1,5,4,2,29,5,1,2,0,0,1,1,202100055830A01,,,
202100055872,2021-01-08,2021,janvier,vendredi,19:25,973,97309,"4,8870640000"," -52,2768010000",2,9,1,5,3,4,2,2,1,1,, -1,2,0,1,4,1,55,0,2,,0,2,2,11,202100055872A01,7,1,1
202100055876,2021-01-09,2021,janvier,samedi,10:30,95,95409,"49,0430577885","2,3387010399",2,1,3,1,1,3,1,1,3,3,, -1,1,0,1,4,1,64,5,1,2,0,2,8,19,202100055876B01,7,19,1
202100055943,2021-01-07,2021,janvier,jeudi,18:00,75,75112,"48,8489260000","2,3800250000",2,1,3,5,2,4,2,2,1,1,, -1,2,0,1,4,1,24,1,1,2,0,2,1,1,202100055943B01,7,9,1
202100055944,2021-01-07,2021,janvier,jeudi,08:05,75,75112,"48,8352020000","2,4070150000",2,7,1,2,2,4,1,3,1,1,, -1,2, -1,5,4,1,71,5,1,2,0,2,1,1,202100055944B01,1,5,1
202100055944,2021-01-07,2021,janvier,jeudi,08:05,75,75112,"48,8352020000","2,4070150000",2,7,1,2,2,4,1,3,1,1,, -1,2, -1,5,1,1,45,1,1,2,0,2,1,5,202100055944A01,1,1,1
202100055977,2021-01-08,2021,janvier,vendredi,07:55,89,89460,"48,3352420000","3,0641560000",2,2,1,2,2,3,2,2,2,1,, -1,2,5,1,3,1,14,2,2,,0,2,8,0,202100055977B01,7,1,1
202100055978,2021-01-06,2021,janvier,mercredi,12:10,76,76711,"50,0604450000","1,3726960000",2,1,1,1,1,3,2,2,2,1,, -1,1,0,1,4,1,22,1,2,,0,2,1,1,202100055978B01,7,13,1
202100055998,2021-01-04,2021,janvier,lundi,17:15,06,06019,"43,7812660000","7,3378620000",2,6,2,5,8,3,1,1,1,1,, -1,2,0,1,3,1,40,1,1,2/9,0,0,4,16,202100055998B01,7,9,1
202100056066,2021-01-06,2021,janvier,mercredi,16:00,75,75116,"48,8622800000","2,2383210000",2,5,2,1,1,4, -1,2,1,1,, -1,1, -1,5,4,1,16,5,1,2,0,2,1,1,202100056066A01,7,23,1
202100056069,2021-01-06,2021,janvier,mercredi,16:15,75,75112,"48,8446739656","2,4057128628",2,5,3,2,8,4,2,2,1,1,, -1,1, -1,5,3,2,50,5,2,,0,2,8,1,202100056069B01,7,14,1
202100056088,2021-01-06,2021,janvier,mercredi,16:51,64,64410,"43,3726210000"," -0,6287100000",2,3,7,1,1,3,2,2,2,1,, -1,1,0,1,4,1,68,5,1,2,12,0,0,1,202100056088B01,7,15,1
202100056184,2021-01-04,2021,janvier,lundi,17:35,75,75103,"48,8623960000","2,3555220000",2,1,7,5,1,4,1,1,1,1,, -1,9,0,1,4,1,58,9,1,2,0,0,1,21,202100056184A01,,,
202100056215,2021-01-05,2021,janvier,mardi,15:25,95,95446,"49,1163880000","2,1809090000",1,1,7,1,8,3,2,2,1,1,, -1,1,0,1,3,1,37,5,2,,0,0,3,1,202100056215A01,,,
202100056276,2021-01-04,2021,janvier,lundi,18:25,75,75119,"48,8816830000","2,3810550000",2,3,3,5,2,4,2,2,1,1,, -1,2,0,1,4,2,51,9,1,2/6,0,2,3,1,202100056276B01,7,17,1
202100056283,2021-01-04,2021,janvier,lundi,19:40,75,75101,"48,8649640000","2,3347680000",2,4,6,5,1,4,2,4,1,1,, -1,1,0,1,1,1,27,5,2,,0,1,1,1,202100056283A01,,,
202100056300,2021-01-04,2021,janvier,lundi,17:05,34,34111,"43,9322540000","3,7112870000",2,6,3,2,1,3,4,2,1,1,, -1,1,5,1,4,1,13,2,2,,0,2,1,25,202100056300A01,7,9,1
202100056307,2021-01-04,2021,janvier,lundi,14:50,47,47283,"44,4731980000","0,9397440000",2,1,2,1,1,3,2,2,1,1,, -1,1,9,1,4,1,68,5,1,2,9,0,4,1,202100056307B01,7,1,1
202100056312,2021-01-04,2021,janvier,lundi,16:40,24,24520,"44,8750500000","1,2246860000",2,1,3,1,1,3,2,2,1,1,, -1,1,0,1,3,2,16,5,2,,0,2,3,25,202100056312A01,17,1,1
202100056317,2021-01-02,2021,janvier,samedi,18:30,44,44168,"47,3777890000"," -2,1976410000",2,1,3,5,1,3,2,2,1,2,, -1,1,0,1,4,1,35,5,2,,0,0,8,1,202100056317B01,7,14,1
202100056362,2021-01-04,2021,janvier,lundi,08:20,64,64138,"43,2309460000"," -0,2765840000",2,3,1,1,1,3,2,2,1,1,, -1,1,0,1,4,1,53,1,1,2,0,2,0,1,202100056362B01,7,15,1
202100056404,2021-01-01,2021,janvier,vendredi,16:55,54,54395,"48,6849869839","6,1760189384",2,2,3,5,1,4,1,2,1,1,, -1,1, -1,1,4,1,12,5,1,2,0,2,1,25,202100056404A01,7,1,1
202100056424,2021-01-02,2021,janvier,samedi,15:40,75,75110,"48,8769050000","2,3665940000",2,1,3,1,8,4,1,1,2,1,, -1,1, -1,5,4,2,43,5,2,,0,2,1,1,202100056424A01,7,9,1
202100056508,2021-01-01,2021,janvier,vendredi,12:20,64,64400,"43,1465730000"," -0,1955440000",1,1,7,1,1,4,2,2,2,2,, -1,2,0,1,3,1,46,5,1,2/6,0,0,8,1,202100056508A01,,,